Latitude,Longitude,Mean Correlation
-10.75,142.25,0.02924034154957647
-10.75,142.5,0.02065273998420988
-11.0,130.5,0.06463620323915148
-11.0,131.25,0.06276412669161299
-11.0,142.0,0.047699531095962436
-11.0,142.25,0.03933479526871951
-11.0,142.5,0.025102076588026448
-11.0,142.75,0.008629848308271446
-11.25,130.25,0.07738995996368583
-11.25,130.5,0.07316643824585768
-11.25,130.75,0.07365118143308733
-11.25,131.0,0.07364326430893324
-11.25,131.25,0.0699858872226832
-11.25,131.5,0.06359458454426392
-11.25,132.75,0.03118986008247729
-11.25,133.0,0.028739066868187498
-11.25,141.75,0.04878316167889062
-11.25,142.0,0.0520069238210973
-11.25,142.25,0.041203560240825714
-11.25,142.5,0.02164210897972813
-11.25,142.75,0.003679054740345056
-11.25,143.0,0.0005559760121442691
-11.5,130.0,0.0906693627288222
-11.5,130.25,0.0824821981364781
-11.5,130.5,0.07402154551239076
-11.5,130.75,0.07230529312974056
-11.5,131.0,0.07395299020406133
-11.5,131.25,0.07057760242527468
-11.5,131.5,0.06876902865761472
-11.5,131.75,0.06873926394534523
-11.5,132.5,0.05293893560716157
-11.5,132.75,0.034982641269286664
-11.5,133.0,0.03167655067301905
-11.5,133.25,0.028245254084414043
-11.5,133.5,0.02868606795568498
-11.5,133.75,0.02963278565924702
-11.5,141.75,0.04716593623416091
-11.5,142.0,0.04741824703806112
-11.5,142.25,0.03541743072834808
-11.5,142.5,0.016905169787075944
-11.5,142.75,0.003070854012909553
-11.5,143.0,-0.000692606296022224
-11.75,130.25,0.08967402817073382
-11.75,130.5,0.08382218201275105
-11.75,130.75,0.08385056082465538
-11.75,131.0,0.08435085881200532
-11.75,131.25,0.08161365292474816
-11.75,131.5,0.07806363601262363
-11.75,132.25,0.07299025802207985
-11.75,132.5,0.07358210256372037
-11.75,132.75,0.05164635426758912
-11.75,133.0,0.03358493461700129
-11.75,133.25,0.03239621083331451
-11.75,133.5,0.03383881909988903
-11.75,133.75,0.03886181971365094
-11.75,134.0,0.03845894966547092
-11.75,134.25,0.03630944210695889
-11.75,134.5,0.035934447464327446
-11.75,134.75,0.036006468400946394
-11.75,135.5,0.03884249729662793
-11.75,141.75,0.04462791377419535
-11.75,142.0,0.038515132390789394
-11.75,142.25,0.026190972857204436
-11.75,142.5,0.02182305148945545
-11.75,142.75,0.0076161532397221055
-11.75,143.0,-0.002691928307939171
-12.0,130.5,0.09461470917158343
-12.0,131.0,0.09547450073471246
-12.0,131.25,0.09378532853736443
-12.0,131.5,0.09257999427050997
-12.0,131.75,0.08931891435709839
-12.0,132.0,0.0871581809664435
-12.0,132.25,0.08669597000904222
-12.0,132.5,0.08303464979681117
-12.0,132.75,0.06393519175478835
-12.0,133.0,0.04380374706886427
-12.0,133.25,0.03630256441065537
-12.0,133.5,0.0364332488230206
-12.0,133.75,0.042261865572599706
-12.0,134.0,0.04676708001511754
-12.0,134.25,0.04702228599613945
-12.0,134.5,0.04904163824047205
-12.0,134.75,0.0495564527280146
-12.0,135.0,0.04939470387407593
-12.0,135.25,0.05129521630035753
-12.0,135.5,0.0530237838857885
-12.0,135.75,0.05474322200741929
-12.0,136.0,0.05935834168583935
-12.0,136.25,0.06627011558358539
-12.0,136.5,0.06900451251044834
-12.0,141.75,0.048340389146398335
-12.0,142.0,0.03714228830522099
-12.0,142.25,0.028116649132160217
-12.0,142.5,0.02538841236710935
-12.0,142.75,0.015628775750550234
-12.0,143.0,0.0015770379328746713
-12.0,143.25,-0.004204673105516979
-12.25,130.5,0.09722340309357998
-12.25,130.75,0.09945586731758363
-12.25,131.0,0.09820578248012309
-12.25,131.25,0.09838717787733248
-12.25,131.5,0.10064747067547934
-12.25,131.75,0.10117355213197742
-12.25,132.0,0.10106809879990344
-12.25,132.25,0.09886528948869257
-12.25,132.5,0.0870267901209955
-12.25,132.75,0.06303406797980511
-12.25,133.0,0.046290948690114894
-12.25,133.25,0.035984054533332185
-12.25,133.5,0.03925194883033512
-12.25,133.75,0.04558659256879997
-12.25,134.0,0.049618592470753356
-12.25,134.25,0.04835315506987114
-12.25,134.5,0.0445356483101695
-12.25,134.75,0.04208014715624259
-12.25,135.0,0.040455047514788386
-12.25,135.25,0.04019613452452008
-12.25,135.5,0.040582473573812713
-12.25,135.75,0.05073521304556646
-12.25,136.0,0.060966028921991496
-12.25,136.25,0.06502304858797356
-12.25,136.5,0.06364664555289132
-12.25,136.75,0.05945496553167554
-12.25,141.5,0.050564732699187626
-12.25,141.75,0.049103871498143145
-12.25,142.0,0.032325961194994146
-12.25,142.25,0.029076114197628514
-12.25,142.5,0.025054781862183243
-12.25,142.75,0.017364805589092865
-12.25,143.0,0.00671613628644045
-12.25,143.25,-0.0033490920599676373
-12.5,130.25,0.10028467989530936
-12.5,130.5,0.10070974895867114
-12.5,130.75,0.0972903750713494
-12.5,131.0,0.09024668856990739
-12.5,131.25,0.09020508304930117
-12.5,131.5,0.09169405282674603
-12.5,131.75,0.0896577077014141
-12.5,132.0,0.08659999100072037
-12.5,132.25,0.08042983467282956
-12.5,132.5,0.06464341077580502
-12.5,132.75,0.04391476173036669
-12.5,133.0,0.028782827693909233
-12.5,133.25,0.023841529603705315
-12.5,133.5,0.03257287360003544
-12.5,133.75,0.04225071257933838
-12.5,134.0,0.04372915621820273
-12.5,134.25,0.038233286090118966
-12.5,134.5,0.03312137026428976
-12.5,134.75,0.03160087722604672
-12.5,135.0,0.027834229387429122
-12.5,135.25,0.025839577584846812
-12.5,135.5,0.030002027229068202
-12.5,135.75,0.040451750499286405
-12.5,136.0,0.05100550784809386
-12.5,136.25,0.057418503165667996
-12.5,136.5,0.06050218085151893
-12.5,136.75,0.057127565905040104
-12.5,137.0,0.04746367494312344
-12.5,141.5,0.04379864533260744
-12.5,141.75,0.04367983610676072
-12.5,142.0,0.03030413344271132
-12.5,142.25,0.02601808012683533
-12.5,142.5,0.023052471310849053
-12.5,142.75,0.017980629590084354
-12.5,143.0,0.009800886889491753
-12.5,143.25,-0.002559761907712874
-12.5,143.5,-0.010014122889563888
-12.75,130.0,0.1026191908030272
-12.75,130.25,0.10114918556905216
-12.75,130.5,0.0970317328934625
-12.75,130.75,0.08564244563220567
-12.75,131.0,0.08341964108466421
-12.75,131.25,0.0816174118887519
-12.75,131.5,0.07860726925790118
-12.75,131.75,0.07204774828796205
-12.75,132.0,0.06550962971334685
-12.75,132.25,0.05224736926276952
-12.75,132.5,0.036140736990829155
-12.75,132.75,0.015678752948889492
-12.75,133.0,0.009021477902130972
-12.75,133.25,0.014911414514357435
-12.75,133.5,0.02649129065385338
-12.75,133.75,0.04297613724575233
-12.75,134.0,0.04616664944020088
-12.75,134.25,0.040369056688342675
-12.75,134.5,0.03432438183780539
-12.75,134.75,0.03181935639524837
-12.75,135.0,0.02266172614837026
-12.75,135.25,0.018994515175090123
-12.75,135.5,0.03453302732710284
-12.75,135.75,0.04657276371617233
-12.75,136.0,0.052757834999864806
-12.75,136.25,0.05747980773952268
-12.75,136.5,0.055576255672162955
-12.75,136.75,0.047071322723084556
-12.75,141.5,0.04094094003270135
-12.75,141.75,0.04388783791641199
-12.75,142.0,0.030092329617637536
-12.75,142.25,0.0210393855269454
-12.75,142.5,0.019572323315902383
-12.75,142.75,0.014763325897777733
-12.75,143.0,0.009608693497650131
-12.75,143.25,0.0019086095568718803
-12.75,143.5,-0.007832920282767069
-13.0,130.0,0.10391981327040996
-13.0,130.25,0.09765739706374381
-13.0,130.5,0.07745653746750827
-13.0,130.75,0.07461556221305246
-13.0,131.0,0.06852815765709387
-13.0,131.25,0.06377336070144268
-13.0,131.5,0.05459671636403555
-13.0,131.75,0.0486745391415436
-13.0,132.0,0.039740490314857005
-13.0,132.25,0.03051077852336493
-13.0,132.5,0.010743389535831321
-13.0,132.75,-0.0029067551598059025
-13.0,133.0,-0.0004085876058078042
-13.0,133.25,0.009472540160379166
-13.0,133.5,0.02983781594725632
-13.0,133.75,0.04876148416357615
-13.0,134.0,0.06249261007068623
-13.0,134.25,0.05887869332744458
-13.0,134.5,0.04902589421935568
-13.0,134.75,0.03831693453098769
-13.0,135.0,0.021351045157432556
-13.0,135.25,0.023560165837667964
-13.0,135.5,0.043071016326825466
-13.0,135.75,0.0584573980508303
-13.0,136.0,0.0637303059950953
-13.0,136.25,0.06049419169386534
-13.0,136.5,0.05471795378329835
-13.0,136.75,0.04719150301117584
-13.0,141.25,0.044184390299996955
-13.0,141.5,0.04869721632548503
-13.0,141.75,0.04202796487175461
-13.0,142.0,0.023399521517049958
-13.0,142.25,0.014228018762154057
-13.0,142.5,0.01387118382632242
-13.0,142.75,0.010787819881788249
-13.0,143.0,0.01178264820349278
-13.0,143.25,0.008127173557423756
-13.0,143.5,-0.006398000596021432
-13.0,143.75,-0.018425704878251122
-13.25,130.0,0.10340530116261513
-13.25,130.25,0.09522195550628178
-13.25,130.5,0.07032665968959788
-13.25,130.75,0.06092542693843778
-13.25,131.0,0.05765236653814432
-13.25,131.25,0.04324461474471021
-13.25,131.5,0.03415838107373339
-13.25,131.75,0.024632542091512225
-13.25,132.0,0.019143120002635444
-13.25,132.25,0.00761531973690064
-13.25,132.5,-0.00010911165542303676
-13.25,132.75,-0.005613425415726975
-13.25,133.0,-0.0008384187523218583
-13.25,133.25,0.017075553527196755
-13.25,133.5,0.03953912429804749
-13.25,133.75,0.06463966056322944
-13.25,134.0,0.07956739053782405
-13.25,134.25,0.07590270489250533
-13.25,134.5,0.0655874530656941
-13.25,134.75,0.04243197035907696
-13.25,135.0,0.02672431865687957
-13.25,135.25,0.03847716586537771
-13.25,135.5,0.0607610625978585
-13.25,135.75,0.06993656050162562
-13.25,136.0,0.060495942891663115
-13.25,136.25,0.056615125505268
-13.25,136.5,0.05905889517224113
-13.25,141.25,0.0471206359343309
-13.25,141.5,0.05277429140962737
-13.25,141.75,0.03758892039837702
-13.25,142.0,0.02007733272911325
-13.25,142.25,0.013617115050910929
-13.25,142.5,0.01147225932649485
-13.25,142.75,0.01168264979569787
-13.25,143.0,0.013113380218629105
-13.25,143.25,0.011016174372827255
-13.25,143.5,-0.0028630640879302983
-13.25,143.75,-0.024413425822454513
-13.5,129.75,0.11011843664398571
-13.5,130.0,0.09671919479709387
-13.5,130.25,0.0784622413638263
-13.5,130.5,0.05775122089854105
-13.5,130.75,0.050106592245966794
-13.5,131.0,0.04238992105295268
-13.5,131.25,0.03225154465363114
-13.5,131.5,0.019966414515205127
-13.5,131.75,0.01876245770851297
-13.5,132.0,0.011607232055429182
-13.5,132.25,0.005336645492820024
-13.5,132.5,0.0014363296708832063
-13.5,132.75,0.004048891196686285
-13.5,133.0,0.008136316089144814
-13.5,133.25,0.03001717363892043
-13.5,133.5,0.0580249946600572
-13.5,133.75,0.08554474290717781
-13.5,134.0,0.08975444080046152
-13.5,134.25,0.08673339708321698
-13.5,134.5,0.06664672983681673
-13.5,134.75,0.04641480451818181
-13.5,135.0,0.041962921601048746
-13.5,135.25,0.06061243410268427
-13.5,135.5,0.07864434218589549
-13.5,135.75,0.07424917017669971
-13.5,136.0,0.06430645133447643
-13.5,136.25,0.06246667134189794
-13.5,141.25,0.047759725546041625
-13.5,141.5,0.05473414202687861
-13.5,141.75,0.03735142037506047
-13.5,142.0,0.02114898219394626
-13.5,142.25,0.015358912137459685
-13.5,142.5,0.015251780163439576
-13.5,142.75,0.013639682081854034
-13.5,143.0,0.015401792102266536
-13.5,143.25,0.013263076084489771
-13.5,143.5,-0.0006494795995341377
-13.5,143.75,-0.023647683918044806
-13.75,126.75,0.11065855348362022
-13.75,127.0,0.11482915299654296
-13.75,127.25,0.11853574435926467
-13.75,127.5,0.12279711116683885
-13.75,129.5,0.11724602476017203
-13.75,129.75,0.10668797611497899
-13.75,130.0,0.07791066952986883
-13.75,130.25,0.05264269061293944
-13.75,130.5,0.039298561896338624
-13.75,130.75,0.039246534609949195
-13.75,131.0,0.0395511102496033
-13.75,131.25,0.028766281688838633
-13.75,131.5,0.02481711939831044
-13.75,131.75,0.023071182806584187
-13.75,132.0,0.016830950287061695
-13.75,132.25,0.008106133149764834
-13.75,132.5,0.01142087424977406
-13.75,132.75,0.020066044052041276
-13.75,133.0,0.02192509157585972
-13.75,133.25,0.046619777794930616
-13.75,133.5,0.07759028230433825
-13.75,133.75,0.0883232193181408
-13.75,134.0,0.09352158635436335
-13.75,134.25,0.07967807327205013
-13.75,134.5,0.05911636328769843
-13.75,134.75,0.053527978283603804
-13.75,135.0,0.06278911194550951
-13.75,135.25,0.07920068895429225
-13.75,135.5,0.08558648594619367
-13.75,135.75,0.08074808998725798
-13.75,136.0,0.07252889408743556
-13.75,141.25,0.04661091646786377
-13.75,141.5,0.05464270851507224
-13.75,141.75,0.039605215000876014
-13.75,142.0,0.023395635630154794
-13.75,142.25,0.0181392819165743
-13.75,142.5,0.017775677218344218
-13.75,142.75,0.01959775641527388
-13.75,143.0,0.019375988829591354
-13.75,143.25,0.022834492940336983
-13.75,143.5,0.009218378957804405
-13.75,143.75,-0.01702099954265843
-14.0,126.25,0.10090218392796338
-14.0,126.5,0.10625858096633113
-14.0,126.75,0.10490374687638021
-14.0,127.0,0.10950805067140768
-14.0,127.25,0.11851153996246419
-14.0,127.5,0.12615562872897462
-14.0,127.75,0.13073562658191845
-14.0,129.5,0.11172401717347999
-14.0,129.75,0.09452709587760895
-14.0,130.0,0.0662467188057633
-14.0,130.25,0.03708409131508774
-14.0,130.5,0.03445360961325237
-14.0,130.75,0.04164971381955529
-14.0,131.0,0.04147819034072922
-14.0,131.25,0.03865881448898418
-14.0,131.5,0.037184443489278525
-14.0,131.75,0.03027290989063888
-14.0,132.0,0.023360325525385042
-14.0,132.25,0.018853328484133514
-14.0,132.5,0.025867064306362483
-14.0,132.75,0.03808541043974427
-14.0,133.0,0.03834464824695182
-14.0,133.25,0.06372361428237454
-14.0,133.5,0.08394089996864325
-14.0,133.75,0.0911984889130581
-14.0,134.0,0.08382890844372674
-14.0,134.25,0.07192152013252173
-14.0,134.5,0.060586800477294325
-14.0,134.75,0.06109449397306777
-14.0,135.0,0.0822646720631241
-14.0,135.25,0.08896119504258543
-14.0,135.5,0.08915933047277551
-14.0,135.75,0.07346137230455325
-14.0,136.0,0.07033484053364197
-14.0,136.25,0.07394414811622982
-14.0,141.25,0.044217962881163614
-14.0,141.5,0.05334575212267191
-14.0,141.75,0.04102863851561192
-14.0,142.0,0.026010113896053153
-14.0,142.25,0.020995292854874795
-14.0,142.5,0.018839380853004687
-14.0,142.75,0.020078808712214135
-14.0,143.0,0.0227320630452207
-14.0,143.25,0.026291146751778027
-14.0,143.5,0.024229731848541693
-14.0,143.75,-0.002350661571052954
-14.0,144.0,-0.014422408756328702
-14.0,144.25,-0.018364730687454225
-14.0,144.5,-0.020901867962177387
-14.25,125.5,0.09750082928358617
-14.25,125.75,0.09969711482106115
-14.25,126.0,0.1029643600252173
-14.25,126.25,0.1024963420239765
-14.25,126.5,0.10041775047599791
-14.25,126.75,0.09511705655454529
-14.25,127.0,0.09408212230807543
-14.25,127.25,0.1092627651196449
-14.25,127.5,0.12540867680806295
-14.25,127.75,0.133861837028235
-14.25,128.0,0.13448220098020763
-14.25,129.25,0.1160518464690739
-14.25,129.5,0.10132704841162617
-14.25,129.75,0.07078641498586215
-14.25,130.0,0.044007859608452604
-14.25,130.25,0.040315223588878964
-14.25,130.5,0.04046630973669265
-14.25,130.75,0.046488231104685106
-14.25,131.0,0.04280637701283699
-14.25,131.25,0.04510714443124491
-14.25,131.5,0.048722445377115946
-14.25,131.75,0.04532663715550046
-14.25,132.0,0.03748231700575347
-14.25,132.25,0.036091689965346195
-14.25,132.5,0.04104051260317802
-14.25,132.75,0.052377490708794765
-14.25,133.0,0.05665342197867109
-14.25,133.25,0.07735470900339843
-14.25,133.5,0.09141504613950333
-14.25,133.75,0.08445873967255049
-14.25,134.0,0.07511455147001878
-14.25,134.25,0.06772513394783566
-14.25,134.5,0.06297572152454327
-14.25,134.75,0.07401483311266978
-14.25,135.0,0.09477607648727622
-14.25,135.25,0.0939734158009651
-14.25,135.5,0.0802928282415859
-14.25,135.75,0.06757134331982896
-14.25,136.0,0.06571821321668384
-14.25,141.25,0.04371518991249867
-14.25,141.5,0.05038884499214107
-14.25,141.75,0.04046272831691677
-14.25,142.0,0.028812399864331737
-14.25,142.25,0.023415887139171813
-14.25,142.5,0.019188224325676947
-14.25,142.75,0.016547139045427345
-14.25,143.0,0.01837459775887506
-14.25,143.25,0.02537209645590787
-14.25,143.5,0.028081090019280747
-14.25,143.75,0.015298502600958143
-14.25,144.0,0.0037601243828561544
-14.25,144.25,-0.005351581119457035
-14.25,144.5,-0.015506544913028698
-14.25,144.75,-0.02236170190786403
-14.5,125.25,0.10161474583822906
-14.5,125.5,0.10590036391071855
-14.5,125.75,0.10655707465970923
-14.5,126.0,0.10188107082397625
-14.5,126.25,0.09776367536481934
-14.5,126.5,0.09960721244000315
-14.5,126.75,0.09840349681155337
-14.5,127.0,0.09815912935759413
-14.5,127.25,0.10934996819601904
-14.5,127.5,0.12608828434114766
-14.5,127.75,0.13215099180091405
-14.5,128.0,0.13134109167480476
-14.5,128.25,0.13230787996545731
-14.5,129.5,0.09746760705896397
-14.5,129.75,0.06467722497769687
-14.5,130.0,0.04032799951168065
-14.5,130.25,0.042786771398110005
-14.5,130.5,0.046288862742824816
-14.5,130.75,0.0489078665358139
-14.5,131.0,0.04466857214590929
-14.5,131.25,0.048817249588632844
-14.5,131.5,0.05581626170621569
-14.5,131.75,0.0532447496906823
-14.5,132.0,0.04731595229131563
-14.5,132.25,0.047008959392052296
-14.5,132.5,0.04936695968580377
-14.5,132.75,0.061097215623521516
-14.5,133.0,0.07501896842434926
-14.5,133.25,0.08796161486362175
-14.5,133.5,0.08885485245435541
-14.5,133.75,0.08060022147927133
-14.5,134.0,0.06863104260367717
-14.5,134.25,0.06328392827827989
-14.5,134.5,0.06748807878469054
-14.5,134.75,0.08403428292392269
-14.5,135.0,0.09698506810863249
-14.5,135.25,0.08837265382673042
-14.5,135.5,0.07673625130641712
-14.5,135.75,0.06896312106266611
-14.5,141.25,0.04157287056451657
-14.5,141.5,0.0502109870447173
-14.5,141.75,0.041735884847482085
-14.5,142.0,0.033065525223599596
-14.5,142.25,0.02834882137702232
-14.5,142.5,0.023025754156413104
-14.5,142.75,0.020628933986678307
-14.5,143.0,0.021806940381163462
-14.5,143.25,0.028849483552968975
-14.5,143.5,0.03506039797180258
-14.5,143.75,0.032362928068900516
-14.5,144.0,0.021160895698891898
-14.5,144.25,0.0017437251328579746
-14.5,144.5,-0.008485764352396246
-14.5,144.75,-0.017155767265988317
-14.5,145.0,-0.026871474281595007
-14.75,125.0,0.10120218115368043
-14.75,125.25,0.10420888556899495
-14.75,125.5,0.10504193864902658
-14.75,125.75,0.09982461393747515
-14.75,126.0,0.09295874032495247
-14.75,126.25,0.09668462982195582
-14.75,126.5,0.10638498019994082
-14.75,126.75,0.10543298642796403
-14.75,127.0,0.1039782397545688
-14.75,127.25,0.1152855007248829
-14.75,127.5,0.12816059419117268
-14.75,127.75,0.13112422659293405
-14.75,128.0,0.13178722198365664
-14.75,128.25,0.13250919132643507
-14.75,128.5,0.12647257483479565
-14.75,128.75,0.12033794195108888
-14.75,129.0,0.11623911832472296
-14.75,129.25,0.11011322167805845
-14.75,129.5,0.09749405218080479
-14.75,129.75,0.0770907286811145
-14.75,130.0,0.05302069417097437
-14.75,130.25,0.04954238563511118
-14.75,130.5,0.06353185420552623
-14.75,130.75,0.06095937362418503
-14.75,131.0,0.04863111985745276
-14.75,131.25,0.05193113766842501
-14.75,131.5,0.053700033715738706
-14.75,131.75,0.048631871874492395
-14.75,132.0,0.043209551096274605
-14.75,132.25,0.04874673321494975
-14.75,132.5,0.058012622237194576
-14.75,132.75,0.06913747337677505
-14.75,133.0,0.08101984172944296
-14.75,133.25,0.08724190116016667
-14.75,133.5,0.08477599221114948
-14.75,133.75,0.07950681010238189
-14.75,134.0,0.07274385344072803
-14.75,134.25,0.07110433501822103
-14.75,134.5,0.07464967358622895
-14.75,134.75,0.08402856910234109
-14.75,135.0,0.08911208989614036
-14.75,135.25,0.08047873310510957
-14.75,135.5,0.07192170597941965
-14.75,135.75,0.06973899428840467
-14.75,141.25,0.04068375568168161
-14.75,141.5,0.04875744405613244
-14.75,141.75,0.041914596777571055
-14.75,142.0,0.03487682168246126
-14.75,142.25,0.030053132499551393
-14.75,142.5,0.02608210055281858
-14.75,142.75,0.023695948081858587
-14.75,143.0,0.025134937542628855
-14.75,143.25,0.03184414385663956
-14.75,143.5,0.036933340623900725
-14.75,143.75,0.02929914765589976
-14.75,144.0,0.011725313496238957
-14.75,144.25,-0.005189123493916038
-14.75,144.5,-0.010646294341212082
-14.75,144.75,-0.013633662736222562
-14.75,145.0,-0.023409467833067226
-14.75,145.25,-0.03199371258507593
-15.0,125.0,0.10182592774445277
-15.0,125.25,0.10175645910328837
-15.0,125.5,0.0967896325893272
-15.0,125.75,0.09619977819646353
-15.0,126.0,0.09568928158991649
-15.0,126.25,0.10515508224073271
-15.0,126.5,0.11214284980124103
-15.0,126.75,0.10905602909883279
-15.0,127.0,0.10971954406117668
-15.0,127.25,0.12228337004665506
-15.0,127.5,0.13254027489659523
-15.0,127.75,0.13598928681342
-15.0,128.0,0.1355441066701866
-15.0,128.25,0.13039586897489422
-15.0,128.5,0.10864046271336252
-15.0,128.75,0.10145312911102751
-15.0,129.0,0.10130994216972322
-15.0,129.25,0.09382358889488132
-15.0,129.5,0.08372634482098652
-15.0,129.75,0.08066945904501503
-15.0,130.0,0.07261287444360573
-15.0,130.25,0.07770004143841516
-15.0,130.5,0.09107091626694333
-15.0,130.75,0.07698443937450344
-15.0,131.0,0.04904056711302266
-15.0,131.25,0.04881300367945713
-15.0,131.5,0.048574463275241626
-15.0,131.75,0.043702655660849334
-15.0,132.0,0.0419692148978215
-15.0,132.25,0.05240538603224858
-15.0,132.5,0.06334392696871083
-15.0,132.75,0.0699382165295601
-15.0,133.0,0.07716434154459459
-15.0,133.25,0.08145496124551425
-15.0,133.5,0.08105114014486346
-15.0,133.75,0.08115294516067806
-15.0,134.0,0.08046213058502345
-15.0,134.25,0.07899834327180523
-15.0,134.5,0.07933434126572894
-15.0,134.75,0.08215204953288113
-15.0,135.0,0.08390925252333832
-15.0,135.25,0.07871724443119013
-15.0,135.5,0.07116186353638712
-15.0,135.75,0.06889999796587606
-15.0,136.0,0.06815262349715615
-15.0,141.25,0.04202131693787783
-15.0,141.5,0.049524035605420895
-15.0,141.75,0.045181953782857276
-15.0,142.0,0.038887015423574596
-15.0,142.25,0.031766211201495864
-15.0,142.5,0.028361398031721864
-15.0,142.75,0.026011510849765582
-15.0,143.0,0.025971907146952987
-15.0,143.25,0.028345491524436252
-15.0,143.5,0.03072241574381178
-15.0,143.75,0.02090695102191663
-15.0,144.0,0.004737992689123038
-15.0,144.25,-0.006626303090839212
-15.0,144.5,-0.01721566343162353
-15.0,144.75,-0.020554100794355656
-15.0,145.0,-0.0226316286590975
-15.0,145.25,-0.03307463579264412
-15.0,145.5,-0.038393891060713246
-15.25,124.75,0.09100555968777868
-15.25,125.0,0.09188304916678515
-15.25,125.25,0.0883472702409503
-15.25,125.5,0.09320234522592702
-15.25,125.75,0.09474684150612468
-15.25,126.0,0.09904311755079928
-15.25,126.25,0.11458757751954439
-15.25,126.5,0.11766741802959446
-15.25,126.75,0.11153352817949055
-15.25,127.0,0.11375950203773745
-15.25,127.25,0.1276789282845659
-15.25,127.5,0.13401234593345424
-15.25,127.75,0.13608364891103927
-15.25,128.0,0.13518904286198222
-15.25,128.25,0.1226852121124154
-15.25,128.5,0.09860571659931493
-15.25,128.75,0.08891957099044474
-15.25,129.0,0.08010747325338914
-15.25,129.25,0.07064168944592332
-15.25,129.5,0.07360869910253072
-15.25,129.75,0.08048906961868978
-15.25,130.0,0.09819154206193995
-15.25,130.25,0.1019459017242808
-15.25,130.5,0.09458330690867765
-15.25,130.75,0.07339093996585233
-15.25,131.0,0.05247586706052213
-15.25,131.25,0.050060375417319475
-15.25,131.5,0.04918943557313755
-15.25,131.75,0.047147301903349495
-15.25,132.0,0.04910617426597571
-15.25,132.25,0.05826087916125508
-15.25,132.5,0.06449559907668054
-15.25,132.75,0.068424285074439
-15.25,133.0,0.07420501875277741
-15.25,133.25,0.07956753008366615
-15.25,133.5,0.07703695381572025
-15.25,133.75,0.08010463380719861
-15.25,134.0,0.08250741102221688
-15.25,134.25,0.08388097423744047
-15.25,134.5,0.08090106125743518
-15.25,134.75,0.0852624188645929
-15.25,135.0,0.08585683931593147
-15.25,135.25,0.0775810440741805
-15.25,135.5,0.07030102547711083
-15.25,135.75,0.06572552874232192
-15.25,136.0,0.06648783366282336
-15.25,136.25,0.0659367308379575
-15.25,141.25,0.04651629820323958
-15.25,141.5,0.05380740687956949
-15.25,141.75,0.0508617934458236
-15.25,142.0,0.04759793191909994
-15.25,142.25,0.040378002823813756
-15.25,142.5,0.03636961088539679
-15.25,142.75,0.03296137590411186
-15.25,143.0,0.030682773332012664
-15.25,143.25,0.031814293010999056
-15.25,143.5,0.03002737167119129
-15.25,143.75,0.02462596650313285
-15.25,144.0,0.013257261680869855
-15.25,144.25,-0.0005950094654259468
-15.25,144.5,-0.01728661007943812
-15.25,144.75,-0.02294996204486781
-15.25,145.0,-0.02381074765639458
-15.25,145.25,-0.036687508949381525
-15.25,145.5,-0.0438146362186565
-15.5,124.5,0.07899333563224836
-15.5,124.75,0.07924061158226049
-15.5,125.0,0.0779722024181861
-15.5,125.25,0.08411853913609874
-15.5,125.5,0.08821654623784993
-15.5,125.75,0.0978444190832927
-15.5,126.0,0.10432634735413557
-15.5,126.25,0.11655899197604191
-15.5,126.5,0.11772239371975864
-15.5,126.75,0.11493015216033452
-15.5,127.0,0.1217393772993758
-15.5,127.25,0.1300665393286993
-15.5,127.5,0.13434802597028037
-15.5,127.75,0.138026267759893
-15.5,128.0,0.13227660976345273
-15.5,128.25,0.11442013067577378
-15.5,128.5,0.09929181322955802
-15.5,128.75,0.08651347959210802
-15.5,129.0,0.07475933196848322
-15.5,129.25,0.07197282396157605
-15.5,129.5,0.07550302727649398
-15.5,129.75,0.09453058781375356
-15.5,130.0,0.10431060158174985
-15.5,130.25,0.08851659178315666
-15.5,130.5,0.07925865809270295
-15.5,130.75,0.0722503458784907
-15.5,131.0,0.07555649566311633
-15.5,131.25,0.0680265076402755
-15.5,131.5,0.04784135638439179
-15.5,131.75,0.04550969532943784
-15.5,132.0,0.05113374811086613
-15.5,132.25,0.05980077903425639
-15.5,132.5,0.060461296137229434
-15.5,132.75,0.0667985133488968
-15.5,133.0,0.0747571291907616
-15.5,133.25,0.07633417352697147
-15.5,133.5,0.07613186437337764
-15.5,133.75,0.07672982450744015
-15.5,134.0,0.08448654277268662
-15.5,134.25,0.084196180495068
-15.5,134.5,0.08473505725364577
-15.5,134.75,0.09273510872133664
-15.5,135.0,0.0939384187134457
-15.5,135.25,0.08240357668819588
-15.5,135.5,0.06862046355030631
-15.5,135.75,0.0659562034001853
-15.5,136.0,0.0645250012864783
-15.5,136.25,0.06554403257995454
-15.5,136.5,0.06268165511958959
-15.5,141.25,0.05281157487300652
-15.5,141.5,0.054114112880000766
-15.5,141.75,0.05489633492050803
-15.5,142.0,0.059609927883831675
-15.5,142.25,0.05725942351557949
-15.5,142.5,0.05297927934429424
-15.5,142.75,0.04892172011145221
-15.5,143.0,0.04595675589391565
-15.5,143.25,0.042925390827280446
-15.5,143.5,0.042689616950529426
-15.5,143.75,0.04152823102893353
-15.5,144.0,0.03296520925819402
-15.5,144.25,0.011534181791852444
-15.5,144.5,-0.011455172333128268
-15.5,144.75,-0.01728150910761942
-15.5,145.0,-0.018758440714153356
-15.5,145.25,-0.03236786494882332
-15.5,145.5,-0.04406812287638411
-15.75,124.25,0.08019223902384998
-15.75,124.5,0.07383715225300828
-15.75,124.75,0.07137741768720855
-15.75,125.0,0.07652106412508954
-15.75,125.25,0.08252267563738726
-15.75,125.5,0.08801711765924432
-15.75,125.75,0.0974248447171773
-15.75,126.0,0.1094152088127209
-15.75,126.25,0.11745114724500347
-15.75,126.5,0.11836061765190711
-15.75,126.75,0.11838492851468022
-15.75,127.0,0.12152735566480322
-15.75,127.25,0.12688215095619132
-15.75,127.5,0.13400279317408895
-15.75,127.75,0.13480895389624853
-15.75,128.0,0.12231156395440733
-15.75,128.25,0.11062305870715869
-15.75,128.5,0.10464020258337832
-15.75,128.75,0.09241250616472327
-15.75,129.0,0.08149506443311685
-15.75,129.25,0.07662203349870876
-15.75,129.5,0.08417118926073898
-15.75,129.75,0.09891237130516281
-15.75,130.0,0.07771356659610254
-15.75,130.25,0.05906454664698809
-15.75,130.5,0.06708105947199083
-15.75,130.75,0.08524387824608981
-15.75,131.0,0.09376882465217222
-15.75,131.25,0.07287665832076196
-15.75,131.5,0.05377122888120022
-15.75,131.75,0.04234127368365015
-15.75,132.0,0.04931205899937567
-15.75,132.25,0.055494397782573375
-15.75,132.5,0.058781750937204766
-15.75,132.75,0.06630169470669653
-15.75,133.0,0.07385108915406756
-15.75,133.25,0.07509345907714249
-15.75,133.5,0.07049876913913866
-15.75,133.75,0.07515538012803384
-15.75,134.0,0.07910836769206013
-15.75,134.25,0.08458812050777548
-15.75,134.5,0.08900211403586045
-15.75,134.75,0.0995983090823658
-15.75,135.0,0.09853063977672705
-15.75,135.25,0.08326608528813774
-15.75,135.5,0.07380891241301701
-15.75,135.75,0.07182250470531014
-15.75,136.0,0.07201898375889704
-15.75,136.25,0.06317210393172298
-15.75,136.5,0.06148183535867807
-15.75,136.75,0.05719695087038963
-15.75,137.0,0.05358557888829642
-15.75,137.25,0.04972756211390732
-15.75,141.25,0.05224528733794056
-15.75,141.5,0.052832596240777754
-15.75,141.75,0.05792740411075976
-15.75,142.0,0.07055165958882854
-15.75,142.25,0.07216342990189165
-15.75,142.5,0.07240762801457055
-15.75,142.75,0.06846343235421584
-15.75,143.0,0.06527439843237087
-15.75,143.25,0.06253473833120213
-15.75,143.5,0.061337480030397316
-15.75,143.75,0.062044710702982765
-15.75,144.0,0.05414432459574984
-15.75,144.25,0.026535163921722026
-15.75,144.5,0.004060552660972547
-15.75,144.75,-0.003290929398922674
-15.75,145.0,-0.005725406762943249
-15.75,145.25,-0.019457961357764567
-15.75,145.5,-0.036211741902814995
-16.0,123.75,0.08291539447450914
-16.0,124.0,0.08372143355497151
-16.0,124.25,0.08065562609110234
-16.0,124.5,0.07509710750670394
-16.0,124.75,0.07520033349531909
-16.0,125.0,0.0798484319851018
-16.0,125.25,0.08418825272888139
-16.0,125.5,0.08984283258285795
-16.0,125.75,0.09678603647377099
-16.0,126.0,0.11219456103019167
-16.0,126.25,0.11942173693488296
-16.0,126.5,0.11880717564506556
-16.0,126.75,0.11818018392501645
-16.0,127.0,0.1132065271378273
-16.0,127.25,0.11868009802955723
-16.0,127.5,0.12470267722010744
-16.0,127.75,0.12247406013117741
-16.0,128.0,0.12131122348605107
-16.0,128.25,0.1173117398258791
-16.0,128.5,0.11243110927818752
-16.0,128.75,0.09936264308374458
-16.0,129.0,0.08662126646199315
-16.0,129.25,0.07830784140317887
-16.0,129.5,0.0841266269599999
-16.0,129.75,0.06824589643340286
-16.0,130.0,0.0424936417928873
-16.0,130.25,0.046349979022340615
-16.0,130.5,0.07483003340991091
-16.0,130.75,0.10072246054381033
-16.0,131.0,0.10054209384579145
-16.0,131.25,0.07960633101316664
-16.0,131.5,0.048459869795988625
-16.0,131.75,0.0394068568819188
-16.0,132.0,0.043089694721551816
-16.0,132.25,0.05094190759502207
-16.0,132.5,0.05729134479563935
-16.0,132.75,0.06511069623519225
-16.0,133.0,0.07138131601513881
-16.0,133.25,0.06959533067880132
-16.0,133.5,0.06859145507993746
-16.0,133.75,0.06875143565672145
-16.0,134.0,0.0754581248724743
-16.0,134.25,0.07975229237042028
-16.0,134.5,0.08935832249562506
-16.0,134.75,0.09690893858949423
-16.0,135.0,0.09733749434303544
-16.0,135.25,0.08775371241100917
-16.0,135.5,0.08214976707063897
-16.0,135.75,0.0828551630882651
-16.0,136.0,0.07580080485821478
-16.0,136.25,0.07029684841233458
-16.0,136.5,0.056847921823301825
-16.0,136.75,0.0541572356755656
-16.0,137.0,0.04714456113333754
-16.0,137.25,0.04380640275105979
-16.0,137.5,0.04278176083005651
-16.0,137.75,0.042392079248567326
-16.0,141.0,0.04841184366127354
-16.0,141.25,0.053492165721598796
-16.0,141.5,0.05218174543265433
-16.0,141.75,0.05905960949328869
-16.0,142.0,0.07363448783231556
-16.0,142.25,0.07675174135111994
-16.0,142.5,0.07956100512054047
-16.0,142.75,0.07993631297519972
-16.0,143.0,0.07690057554151462
-16.0,143.25,0.07406536884744289
-16.0,143.5,0.0737131283130489
-16.0,143.75,0.07317669821070656
-16.0,144.0,0.0644450411888769
-16.0,144.25,0.03832008627889801
-16.0,144.5,0.023063465187060074
-16.0,144.75,0.013185763767594595
-16.0,145.0,0.007224949579190319
-16.0,145.25,-0.00831516390132091
-16.0,145.5,-0.026561959528082164
-16.25,123.5,0.08446886179775301
-16.25,123.75,0.0787126757244326
-16.25,124.0,0.07703864942788044
-16.25,124.25,0.07446327765322619
-16.25,124.5,0.07659773237158209
-16.25,124.75,0.07975245806977833
-16.25,125.0,0.08401898475225916
-16.25,125.25,0.08723766698469894
-16.25,125.5,0.0883491634902822
-16.25,125.75,0.09737559119490988
-16.25,126.0,0.11231350754197746
-16.25,126.25,0.1176846495576364
-16.25,126.5,0.11848967747989221
-16.25,126.75,0.11610961035966325
-16.25,127.0,0.11045792245903549
-16.25,127.25,0.10429109336390166
-16.25,127.5,0.10698659409725136
-16.25,127.75,0.12218612240828053
-16.25,128.0,0.1261495710459907
-16.25,128.25,0.1270479560303011
-16.25,128.5,0.12125397919740158
-16.25,128.75,0.10497759427074602
-16.25,129.0,0.07825773126631817
-16.25,129.25,0.06679423297405405
-16.25,129.5,0.05861647914769092
-16.25,129.75,0.04018650023685003
-16.25,130.0,0.03209768006033783
-16.25,130.25,0.0502713226449777
-16.25,130.5,0.09353606890057732
-16.25,130.75,0.10669852063060511
-16.25,131.0,0.09874443463362928
-16.25,131.25,0.0687267548187321
-16.25,131.5,0.04175141375634942
-16.25,131.75,0.03535172144294315
-16.25,132.0,0.039603106987038776
-16.25,132.25,0.0480044970578922
-16.25,132.5,0.05614148827965738
-16.25,132.75,0.06463473796152577
-16.25,133.0,0.06709356983361821
-16.25,133.25,0.06676554406425865
-16.25,133.5,0.06661225876130006
-16.25,133.75,0.06873149850324135
-16.25,134.0,0.07108275946913968
-16.25,134.25,0.07712375963211121
-16.25,134.5,0.08233716534177611
-16.25,134.75,0.09043155162182363
-16.25,135.0,0.09203792556840179
-16.25,135.25,0.08985867003188767
-16.25,135.5,0.09016693477450238
-16.25,135.75,0.08595495879152071
-16.25,136.0,0.08290261520918064
-16.25,136.25,0.07229904002847982
-16.25,136.5,0.06116760488306781
-16.25,136.75,0.048693033220359234
-16.25,137.0,0.03943562286429205
-16.25,137.25,0.03730167783288027
-16.25,137.5,0.04044502570440433
-16.25,137.75,0.042462168968589176
-16.25,138.0,0.043510511432906476
-16.25,141.0,0.04933925171512105
-16.25,141.25,0.05203417297842216
-16.25,141.5,0.05132911547577554
-16.25,141.75,0.05697212812264207
-16.25,142.0,0.06875381749384057
-16.25,142.25,0.07234975287803098
-16.25,142.5,0.07374939786481606
-16.25,142.75,0.07305275144227769
-16.25,143.0,0.0719101420793198
-16.25,143.25,0.06772185384649464
-16.25,143.5,0.06515297242458827
-16.25,143.75,0.061343473280122886
-16.25,144.0,0.05177596339029076
-16.25,144.25,0.03367971188680873
-16.25,144.5,0.02225900314880073
-16.25,144.75,0.017312967450880668
-16.25,145.0,0.01291829449461248
-16.25,145.25,0.015115933843644508
-16.25,145.5,-0.002581227571198261
-16.25,145.75,-0.025269681991815167
-16.5,122.75,0.08719110668673874
-16.5,123.0,0.09041400826061163
-16.5,123.25,0.09125805649545991
-16.5,123.5,0.08736529792358844
-16.5,123.75,0.07477342608887684
-16.5,124.0,0.06798757573949502
-16.5,124.25,0.06250210831591865
-16.5,124.5,0.06918376056157777
-16.5,124.75,0.07956164593571273
-16.5,125.0,0.08579767520634624
-16.5,125.25,0.0883709660765174
-16.5,125.5,0.0903716234619203
-16.5,125.75,0.0985757859289733
-16.5,126.0,0.1108690607259507
-16.5,126.25,0.11494626039993071
-16.5,126.5,0.1159374957600827
-16.5,126.75,0.11527252885713682
-16.5,127.0,0.10652942509904961
-16.5,127.25,0.09737545946120242
-16.5,127.5,0.10926373522768594
-16.5,127.75,0.1252447087438052
-16.5,128.0,0.12788277529633127
-16.5,128.25,0.1267304264193954
-16.5,128.5,0.12007696060507994
-16.5,128.75,0.09661105482485083
-16.5,129.0,0.06616804194238268
-16.5,129.25,0.054346726880622594
-16.5,129.5,0.04400500424615948
-16.5,129.75,0.03487816781760299
-16.5,130.0,0.03258565568195176
-16.5,130.25,0.06636414808712449
-16.5,130.5,0.10220651186482677
-16.5,130.75,0.10184678677312452
-16.5,131.0,0.08274621309245704
-16.5,131.25,0.05547698600549233
-16.5,131.5,0.038311786179531494
-16.5,131.75,0.033514385064382396
-16.5,132.0,0.038868161432220265
-16.5,132.25,0.04717102279968062
-16.5,132.5,0.05671947752511977
-16.5,132.75,0.06609092220733585
-16.5,133.0,0.06508735438123167
-16.5,133.25,0.06382651318367644
-16.5,133.5,0.06648248541243745
-16.5,133.75,0.06984926639854797
-16.5,134.0,0.07423619673507502
-16.5,134.25,0.07755651082437892
-16.5,134.5,0.0828838017450727
-16.5,134.75,0.08378087594473181
-16.5,135.0,0.08457476875491651
-16.5,135.25,0.0856251745818368
-16.5,135.5,0.08524061420828537
-16.5,135.75,0.08530897615112618
-16.5,136.0,0.08093377110253565
-16.5,136.25,0.0756672730434909
-16.5,136.5,0.06436436673765712
-16.5,136.75,0.053064963867577475
-16.5,137.0,0.04181827123361559
-16.5,137.25,0.0393301919975897
-16.5,137.5,0.04145074634136131
-16.5,137.75,0.042005836642454074
-16.5,138.0,0.04528843016500412
-16.5,138.25,0.047842552525136944
-16.5,138.5,0.04943299265236243
-16.5,138.75,0.04982350408906434
-16.5,141.0,0.046767110677997326
-16.5,141.25,0.04908856131700347
-16.5,141.5,0.04697388842190543
-16.5,141.75,0.05202811292094738
-16.5,142.0,0.06115046685147203
-16.5,142.25,0.06614099210378983
-16.5,142.5,0.0662297983623632
-16.5,142.75,0.06576142110224688
-16.5,143.0,0.06285385207580592
-16.5,143.25,0.05797176443165425
-16.5,143.5,0.0510667361576006
-16.5,143.75,0.04464751909114485
-16.5,144.0,0.03132304810645437
-16.5,144.25,0.016645301749679067
-16.5,144.5,0.007925041188177825
-16.5,144.75,0.00785992705881034
-16.5,145.0,0.017299571516263688
-16.5,145.25,0.027369446472523744
-16.5,145.5,0.020645831000180796
-16.5,145.75,-0.011653194504995098
-16.75,122.5,0.08765084599133194
-16.75,122.75,0.08770193766542185
-16.75,123.0,0.08977850366323431
-16.75,123.25,0.09581710859724835
-16.75,123.5,0.09796854773536773
-16.75,123.75,0.09243174300543601
-16.75,124.0,0.07858711355762914
-16.75,124.25,0.06574434134346628
-16.75,124.5,0.06571039074061623
-16.75,124.75,0.07542751379514244
-16.75,125.0,0.08522859631244782
-16.75,125.25,0.09438422358767048
-16.75,125.5,0.10334727650499029
-16.75,125.75,0.11015769495729977
-16.75,126.0,0.11154318212474452
-16.75,126.25,0.11201867521468438
-16.75,126.5,0.1120407357330804
-16.75,126.75,0.11087778786049386
-16.75,127.0,0.10509681340287799
-16.75,127.25,0.10691873683510825
-16.75,127.5,0.11959048292097667
-16.75,127.75,0.12896372689292582
-16.75,128.0,0.12807376313966237
-16.75,128.25,0.1239320321247363
-16.75,128.5,0.11038832822096933
-16.75,128.75,0.08459891870508163
-16.75,129.0,0.06382367021257049
-16.75,129.25,0.05058132317355983
-16.75,129.5,0.04079248963047552
-16.75,129.75,0.03469010160901338
-16.75,130.0,0.04580819801289042
-16.75,130.25,0.08137933856793302
-16.75,130.5,0.09706404616710994
-16.75,130.75,0.08973422763278031
-16.75,131.0,0.07399741318055622
-16.75,131.25,0.054274268098039334
-16.75,131.5,0.038192743535065486
-16.75,131.75,0.03363212436280698
-16.75,132.0,0.039121425272449765
-16.75,132.25,0.04916697592969223
-16.75,132.5,0.060264150267268946
-16.75,132.75,0.06654701337869635
-16.75,133.0,0.06476578531346662
-16.75,133.25,0.065564086517787
-16.75,133.5,0.06675825721434185
-16.75,133.75,0.07162375365295436
-16.75,134.0,0.07698826798483759
-16.75,134.25,0.08128033695123173
-16.75,134.5,0.08232943532326459
-16.75,134.75,0.08086757177513779
-16.75,135.0,0.07698021454530835
-16.75,135.25,0.07680459247319979
-16.75,135.5,0.07673513476104642
-16.75,135.75,0.07509065986321434
-16.75,136.0,0.0756788700808128
-16.75,136.25,0.07274817288893182
-16.75,136.5,0.06662952678708145
-16.75,136.75,0.0563324081772111
-16.75,137.0,0.04934326629586036
-16.75,137.25,0.04673382821645534
-16.75,137.5,0.045913033394730164
-16.75,137.75,0.04540285303819901
-16.75,138.0,0.04857713068581711
-16.75,138.25,0.052580442920122095
-16.75,138.5,0.053640044441961104
-16.75,138.75,0.053578320334454
-16.75,139.0,0.05264925494434026
-16.75,141.0,0.04338758564163302
-16.75,141.25,0.04074783265837856
-16.75,141.5,0.04016160799132579
-16.75,141.75,0.04827884486328688
-16.75,142.0,0.055397207753833756
-16.75,142.25,0.062114324048846335
-16.75,142.5,0.06387100590202266
-16.75,142.75,0.06409411201934787
-16.75,143.0,0.06169592486172267
-16.75,143.25,0.055590899404943474
-16.75,143.5,0.04993354432221425
-16.75,143.75,0.04335346211684844
-16.75,144.0,0.030987081015303366
-16.75,144.25,0.01660750032933206
-16.75,144.5,0.00713838758392465
-16.75,144.75,0.008418615384537203
-16.75,145.0,0.02054313158466042
-16.75,145.25,0.03560912757816462
-16.75,145.5,0.03487003225251735
-16.75,145.75,0.007755077709872498
-17.0,122.25,0.0850738262653307
-17.0,122.5,0.08339382560148996
-17.0,122.75,0.08396181149944314
-17.0,123.0,0.08752042618288888
-17.0,123.25,0.0949810858290751
-17.0,123.5,0.10557806422101441
-17.0,123.75,0.10843506580019804
-17.0,124.0,0.0931637611254615
-17.0,124.25,0.07809498519269886
-17.0,124.5,0.08187211017835576
-17.0,124.75,0.09097019776510626
-17.0,125.0,0.0971125924914569
-17.0,125.25,0.10567549453900504
-17.0,125.5,0.12107986506492245
-17.0,125.75,0.1302786264353035
-17.0,126.0,0.12797199278527055
-17.0,126.25,0.11486581993264679
-17.0,126.5,0.10436402992265685
-17.0,126.75,0.10408229162877394
-17.0,127.0,0.10895653758536124
-17.0,127.25,0.11594355540822356
-17.0,127.5,0.12311487159002182
-17.0,127.75,0.1255040895938581
-17.0,128.0,0.12473442364407218
-17.0,128.25,0.12218806272916811
-17.0,128.5,0.10862697465157509
-17.0,128.75,0.09182769674313344
-17.0,129.0,0.06890347349927829
-17.0,129.25,0.04759488977955931
-17.0,129.5,0.03807343243654362
-17.0,129.75,0.041527031073600645
-17.0,130.0,0.0567745747855409
-17.0,130.25,0.07957453153089496
-17.0,130.5,0.08856497543610667
-17.0,130.75,0.08513369886413985
-17.0,131.0,0.07631545423704249
-17.0,131.25,0.060302329304317115
-17.0,131.5,0.04462710244022592
-17.0,131.75,0.03924682292340487
-17.0,132.0,0.04591394115634216
-17.0,132.25,0.05654263305404485
-17.0,132.5,0.06373966680339191
-17.0,132.75,0.06633185246532929
-17.0,133.0,0.06547656991780958
-17.0,133.25,0.06692252471253916
-17.0,133.5,0.06719861303323202
-17.0,133.75,0.07008095992001913
-17.0,134.0,0.0749455908943602
-17.0,134.25,0.07852704492542346
-17.0,134.5,0.07954335453736047
-17.0,134.75,0.07862125157632441
-17.0,135.0,0.07322370357582299
-17.0,135.25,0.06875232509995166
-17.0,135.5,0.06706447521328916
-17.0,135.75,0.066046834876643
-17.0,136.0,0.06662428798203095
-17.0,136.25,0.06619331505588713
-17.0,136.5,0.06214017554137209
-17.0,136.75,0.05690431271859307
-17.0,137.0,0.05265928994793166
-17.0,137.25,0.05141954912184262
-17.0,137.5,0.053340707836815326
-17.0,137.75,0.05698717691346019
-17.0,138.0,0.05832984261845757
-17.0,138.25,0.05632793605111654
-17.0,138.5,0.05350502401358179
-17.0,138.75,0.05364966683145314
-17.0,139.0,0.05608081481580939
-17.0,139.25,0.05643162112565271
-17.0,140.75,0.04474424691243645
-17.0,141.0,0.0422269117701322
-17.0,141.25,0.03815296196428234
-17.0,141.5,0.037890052413791106
-17.0,141.75,0.04563172883425921
-17.0,142.0,0.05279830993349224
-17.0,142.25,0.059174699656601375
-17.0,142.5,0.06101731151917307
-17.0,142.75,0.062313084700669444
-17.0,143.0,0.061006783784779334
-17.0,143.25,0.05662498435003884
-17.0,143.5,0.0525832350314644
-17.0,143.75,0.05057328158339294
-17.0,144.0,0.04615947456609351
-17.0,144.25,0.0329064340300549
-17.0,144.5,0.022223825059688108
-17.0,144.75,0.024955267766779886
-17.0,145.0,0.031476502158465834
-17.0,145.25,0.03664337064508246
-17.0,145.5,0.03714825660388805
-17.0,145.75,0.026065347591121824
-17.0,146.0,0.0021548784355014667
-17.25,122.0,0.08252669676382877
-17.25,122.25,0.07808457074842613
-17.25,122.5,0.08015261402338046
-17.25,122.75,0.08655193148920656
-17.25,123.0,0.08988004265131273
-17.25,123.25,0.09164043794879859
-17.25,123.5,0.09671075845989303
-17.25,123.75,0.10056293811991596
-17.25,124.0,0.09544153872442718
-17.25,124.25,0.09342817227653527
-17.25,124.5,0.09577509096032004
-17.25,124.75,0.09793194210110193
-17.25,125.0,0.09809056017616961
-17.25,125.25,0.10258982291518592
-17.25,125.5,0.12336372648508719
-17.25,125.75,0.13826443219071843
-17.25,126.0,0.136745888373371
-17.25,126.25,0.11754759844158712
-17.25,126.5,0.10081764373805285
-17.25,126.75,0.10055602922425819
-17.25,127.0,0.10722981122037112
-17.25,127.25,0.11625533134350277
-17.25,127.5,0.12452009379569064
-17.25,127.75,0.12578637572801152
-17.25,128.0,0.12568025884847825
-17.25,128.25,0.12397436675056793
-17.25,128.5,0.10943456887930253
-17.25,128.75,0.09054971778767922
-17.25,129.0,0.06278684760550875
-17.25,129.25,0.042993070507386495
-17.25,129.5,0.03866579051458998
-17.25,129.75,0.049649635620737084
-17.25,130.0,0.06590384584847886
-17.25,130.25,0.08384257594448963
-17.25,130.5,0.09520446223131247
-17.25,130.75,0.09159092178716202
-17.25,131.0,0.07774112583120908
-17.25,131.25,0.06283638831484717
-17.25,131.5,0.05115621175547341
-17.25,131.75,0.045956333778619476
-17.25,132.0,0.049582442147170426
-17.25,132.25,0.05700282193827615
-17.25,132.5,0.06116294342676201
-17.25,132.75,0.06479904356055598
-17.25,133.0,0.06314986093427306
-17.25,133.25,0.06181075260012196
-17.25,133.5,0.06317571524386481
-17.25,133.75,0.06506035627647663
-17.25,134.0,0.0694772514415858
-17.25,134.25,0.07369640024962808
-17.25,134.5,0.07676149575335665
-17.25,134.75,0.0773862509180171
-17.25,135.0,0.07622807967794988
-17.25,135.25,0.07300370516559986
-17.25,135.5,0.07081126073980423
-17.25,135.75,0.06969076961867615
-17.25,136.0,0.06763216802241223
-17.25,136.25,0.0664501924075621
-17.25,136.5,0.061925112646565
-17.25,136.75,0.059139892489692515
-17.25,137.0,0.05678715747621306
-17.25,137.25,0.05660330150344541
-17.25,137.5,0.06077460171845985
-17.25,137.75,0.06725348057416546
-17.25,138.0,0.06780023584447448
-17.25,138.25,0.06284744327830342
-17.25,138.5,0.058092503631380195
-17.25,138.75,0.05799883889059031
-17.25,139.0,0.06100582745611787
-17.25,139.25,0.060903485049614244
-17.25,139.5,0.058425003793705736
-17.25,140.75,0.046931956989321365
-17.25,141.0,0.04254047964220071
-17.25,141.25,0.03854265059058393
-17.25,141.5,0.038824058598061165
-17.25,141.75,0.04440916095243699
-17.25,142.0,0.051535795360070906
-17.25,142.25,0.05526793870569529
-17.25,142.5,0.05430261060800118
-17.25,142.75,0.05380402464056533
-17.25,143.0,0.052852633719110184
-17.25,143.25,0.0506556899210471
-17.25,143.5,0.04611733197549862
-17.25,143.75,0.04156749437412031
-17.25,144.0,0.03639273995360763
-17.25,144.25,0.027966397237788234
-17.25,144.5,0.025310767140018148
-17.25,144.75,0.03229818594151028
-17.25,145.0,0.032657298343681355
-17.25,145.25,0.02480537993400634
-17.25,145.5,0.022417058322710764
-17.25,145.75,0.02789217265635192
-17.25,146.0,0.025366191223487267
-17.25,146.25,0.0029479962596969545
-17.5,122.0,0.08241047241524432
-17.5,122.25,0.08040181820600466
-17.5,122.5,0.08522436425002784
-17.5,122.75,0.09500205438611005
-17.5,123.0,0.09671169206649795
-17.5,123.25,0.08960524979558948
-17.5,123.5,0.08935518973844474
-17.5,123.75,0.09120371674162457
-17.5,124.0,0.09769264316370092
-17.5,124.25,0.10225599785378027
-17.5,124.5,0.10300418420619875
-17.5,124.75,0.10113333405189744
-17.5,125.0,0.09842296402650105
-17.5,125.25,0.10583854158874163
-17.5,125.5,0.1255855603864322
-17.5,125.75,0.13841351740373578
-17.5,126.0,0.1349614542253023
-17.5,126.25,0.11708620762190299
-17.5,126.5,0.10527875914379785
-17.5,126.75,0.10203524744763312
-17.5,127.0,0.10560017397556543
-17.5,127.25,0.11353862046405352
-17.5,127.5,0.12554274652506098
-17.5,127.75,0.13268641715195756
-17.5,128.0,0.13164362264115279
-17.5,128.25,0.1253192983484837
-17.5,128.5,0.10155568734832088
-17.5,128.75,0.07438609199014878
-17.5,129.0,0.054959415037764844
-17.5,129.25,0.039095155667000905
-17.5,129.5,0.04572950203282998
-17.5,129.75,0.057739821245935616
-17.5,130.0,0.075028610484309
-17.5,130.25,0.09480382817867918
-17.5,130.5,0.10549306278366245
-17.5,130.75,0.09664292251959784
-17.5,131.0,0.0808511452948139
-17.5,131.25,0.0678941012981427
-17.5,131.5,0.05670592600261005
-17.5,131.75,0.05116366243947616
-17.5,132.0,0.052623040644807224
-17.5,132.25,0.05792903059805291
-17.5,132.5,0.060749719972606496
-17.5,132.75,0.060958661056229366
-17.5,133.0,0.06017289131972535
-17.5,133.25,0.05916600540578996
-17.5,133.5,0.059155077469045456
-17.5,133.75,0.06097441976673191
-17.5,134.0,0.06305312804711107
-17.5,134.25,0.06854963931104285
-17.5,134.5,0.07254908793966663
-17.5,134.75,0.07612678261614958
-17.5,135.0,0.07949434783716641
-17.5,135.25,0.08074179628013017
-17.5,135.5,0.08087002598891828
-17.5,135.75,0.0788133006407188
-17.5,136.0,0.07684959706132233
-17.5,136.25,0.0725539470269782
-17.5,136.5,0.06877453765227375
-17.5,136.75,0.06678764088997168
-17.5,137.0,0.06680219065307835
-17.5,137.25,0.06583408642136461
-17.5,137.5,0.06959480786010852
-17.5,137.75,0.07732602708093719
-17.5,138.0,0.07863294137204487
-17.5,138.25,0.07425406066340995
-17.5,138.5,0.06795687685213411
-17.5,138.75,0.06561474084769042
-17.5,139.0,0.062453564305585775
-17.5,139.25,0.0602556794180372
-17.5,139.5,0.05759605298194345
-17.5,139.75,0.05617200300521587
-17.5,140.0,0.05356350978203682
-17.5,140.25,0.05084826029291579
-17.5,140.5,0.04804693759346304
-17.5,140.75,0.04443178075543761
-17.5,141.0,0.03927606090291686
-17.5,141.25,0.037078411996980976
-17.5,141.5,0.03918729629245629
-17.5,141.75,0.0440167641731713
-17.5,142.0,0.048509754578556843
-17.5,142.25,0.049315214040982436
-17.5,142.5,0.04737338614713091
-17.5,142.75,0.04594374025651522
-17.5,143.0,0.045179757359150446
-17.5,143.25,0.042912288081719735
-17.5,143.5,0.037306696985017485
-17.5,143.75,0.03015939336885604
-17.5,144.0,0.023945983985100516
-17.5,144.25,0.018949916068682758
-17.5,144.5,0.015705032397002494
-17.5,144.75,0.018328352746478267
-17.5,145.0,0.020914383516805475
-17.5,145.25,0.02275689420900742
-17.5,145.5,0.028234580020991412
-17.5,145.75,0.04222804181829727
-17.5,146.0,0.03611744068193422
-17.5,146.25,0.012775111351288096
-17.5,146.5,0.003021492662223955
-17.75,122.0,0.08585229837546213
-17.75,122.25,0.08511828890385043
-17.75,122.5,0.08720604836762122
-17.75,122.75,0.09725163239087618
-17.75,123.0,0.09964411913971798
-17.75,123.25,0.09427672891359934
-17.75,123.5,0.09383201633521426
-17.75,123.75,0.09463850213776044
-17.75,124.0,0.1024962893295741
-17.75,124.25,0.108467775592935
-17.75,124.5,0.10678916226393706
-17.75,124.75,0.10105094174826659
-17.75,125.0,0.09934132126691994
-17.75,125.25,0.11015200793497383
-17.75,125.5,0.1276668041096886
-17.75,125.75,0.13115221359117724
-17.75,126.0,0.12210608365353108
-17.75,126.25,0.10702185536572772
-17.75,126.5,0.10928924541964305
-17.75,126.75,0.10674408250778583
-17.75,127.0,0.10294131954155585
-17.75,127.25,0.11055053096818059
-17.75,127.5,0.1238943301171176
-17.75,127.75,0.13300167093632898
-17.75,128.0,0.13083812137661643
-17.75,128.25,0.11591040991188062
-17.75,128.5,0.08603549945662418
-17.75,128.75,0.06460916391274292
-17.75,129.0,0.04738336230499458
-17.75,129.25,0.057118084889911665
-17.75,129.5,0.06201748761987592
-17.75,129.75,0.06926207831181073
-17.75,130.0,0.08485457277432339
-17.75,130.25,0.0980072816274122
-17.75,130.5,0.10523755126329729
-17.75,130.75,0.09672431322480708
-17.75,131.0,0.0855891999890163
-17.75,131.25,0.07313513517138208
-17.75,131.5,0.06308832667849133
-17.75,131.75,0.05681557829391984
-17.75,132.0,0.05700777013299867
-17.75,132.25,0.06268267255892772
-17.75,132.5,0.06511078784635875
-17.75,132.75,0.06286369377573771
-17.75,133.0,0.06165354034311781
-17.75,133.25,0.06022035789569113
-17.75,133.5,0.05862652727087007
-17.75,133.75,0.058660202878848704
-17.75,134.0,0.06258156085419862
-17.75,134.25,0.06994162133971601
-17.75,134.5,0.07596631683148099
-17.75,134.75,0.08064613777761238
-17.75,135.0,0.0826369439345861
-17.75,135.25,0.08217027698867567
-17.75,135.5,0.07979457827760623
-17.75,135.75,0.07803197747137017
-17.75,136.0,0.07670025206819775
-17.75,136.25,0.07504344984086855
-17.75,136.5,0.07597505120068093
-17.75,136.75,0.07514486424323846
-17.75,137.0,0.07637126437591024
-17.75,137.25,0.07695329697019694
-17.75,137.5,0.08119602421242378
-17.75,137.75,0.08508665599840626
-17.75,138.0,0.08483403334693505
-17.75,138.25,0.08002616623276379
-17.75,138.5,0.07524241959719286
-17.75,138.75,0.0687896683208093
-17.75,139.0,0.0633551125369674
-17.75,139.25,0.058602625303284694
-17.75,139.5,0.05471110250795401
-17.75,139.75,0.05153863782804436
-17.75,140.0,0.04879403739085301
-17.75,140.25,0.04521043098929599
-17.75,140.5,0.04314177901829524
-17.75,140.75,0.03798134730892615
-17.75,141.0,0.03808121215035431
-17.75,141.25,0.03763488302828236
-17.75,141.5,0.03994074041947248
-17.75,141.75,0.04329125895270441
-17.75,142.0,0.045938830826307585
-17.75,142.25,0.044665287140013096
-17.75,142.5,0.04178672730718586
-17.75,142.75,0.043180631308848055
-17.75,143.0,0.041139041456191086
-17.75,143.25,0.03787201186540878
-17.75,143.5,0.03045925020845541
-17.75,143.75,0.02396812830258011
-17.75,144.0,0.02160669974182383
-17.75,144.25,0.019697098502166954
-17.75,144.5,0.012318837638881404
-17.75,144.75,0.013445478617147172
-17.75,145.0,0.02176248783923252
-17.75,145.25,0.02593993884190707
-17.75,145.5,0.0377790519192177
-17.75,145.75,0.04743052778548723
-17.75,146.0,0.040015626664813425
-17.75,146.25,0.018501809695419386
-17.75,146.5,0.007961222533304033
-18.0,122.25,0.08362589578455289
-18.0,122.5,0.08581748681622231
-18.0,122.75,0.09347389002907021
-18.0,123.0,0.09587590571106087
-18.0,123.25,0.10062134772356429
-18.0,123.5,0.10140632007085758
-18.0,123.75,0.10507698573910605
-18.0,124.0,0.11065479864218195
-18.0,124.25,0.11222617077959637
-18.0,124.5,0.10982240305130532
-18.0,124.75,0.10529938730291453
-18.0,125.0,0.1082748272369736
-18.0,125.25,0.11973543470353852
-18.0,125.5,0.12302528926145954
-18.0,125.75,0.12276002932221386
-18.0,126.0,0.10569421621767659
-18.0,126.25,0.09813337187727919
-18.0,126.5,0.10508214853413919
-18.0,126.75,0.11063331915732949
-18.0,127.0,0.10736389220307244
-18.0,127.25,0.10437159008179175
-18.0,127.5,0.1160897718958873
-18.0,127.75,0.12550081962417323
-18.0,128.0,0.1247469425268657
-18.0,128.25,0.1042118041769874
-18.0,128.5,0.07713772740889119
-18.0,128.75,0.0609323401190357
-18.0,129.0,0.06791900669259344
-18.0,129.25,0.07400125450683305
-18.0,129.5,0.07610719461700714
-18.0,129.75,0.08046357836412225
-18.0,130.0,0.08610471256731866
-18.0,130.25,0.09573619749061511
-18.0,130.5,0.1003879758260383
-18.0,130.75,0.09674836998394148
-18.0,131.0,0.08777472782898778
-18.0,131.25,0.07858244147659268
-18.0,131.5,0.06846623056806887
-18.0,131.75,0.06113655658945049
-18.0,132.0,0.061261333812664846
-18.0,132.25,0.06502210587568208
-18.0,132.5,0.06812341890037779
-18.0,132.75,0.0662636468840192
-18.0,133.0,0.06414925818427945
-18.0,133.25,0.06075139265984283
-18.0,133.5,0.056105689659821954
-18.0,133.75,0.056595247072228114
-18.0,134.0,0.06608065021799082
-18.0,134.25,0.0746659341684813
-18.0,134.5,0.08082517748802974
-18.0,134.75,0.08442894512532252
-18.0,135.0,0.0816794854373384
-18.0,135.25,0.07720087553970843
-18.0,135.5,0.07410640551099135
-18.0,135.75,0.07164722321693937
-18.0,136.0,0.07052674991840055
-18.0,136.25,0.07012726923046568
-18.0,136.5,0.07204801561369151
-18.0,136.75,0.07210502925248573
-18.0,137.0,0.07413466274389809
-18.0,137.25,0.07844887914130812
-18.0,137.5,0.0819907637459591
-18.0,137.75,0.08330913956478941
-18.0,138.0,0.07896773869579447
-18.0,138.25,0.07523801028220627
-18.0,138.5,0.07418845524704863
-18.0,138.75,0.06868937440612247
-18.0,139.0,0.058501245210062634
-18.0,139.25,0.053667129900752085
-18.0,139.5,0.04930961142693172
-18.0,139.75,0.045671207392907386
-18.0,140.0,0.041288118047361655
-18.0,140.25,0.037950240435586875
-18.0,140.5,0.0334912332980458
-18.0,140.75,0.0370427966016062
-18.0,141.0,0.03574334734024124
-18.0,141.25,0.039081890554558935
-18.0,141.5,0.0419491373454001
-18.0,141.75,0.04390973030957746
-18.0,142.0,0.0446978653164386
-18.0,142.25,0.04229240972215165
-18.0,142.5,0.04082525853732935
-18.0,142.75,0.04134679145181404
-18.0,143.0,0.04202618158752794
-18.0,143.25,0.0362328119938097
-18.0,143.5,0.02650283056813779
-18.0,143.75,0.019752407962625958
-18.0,144.0,0.028754427206716365
-18.0,144.25,0.029217535340232064
-18.0,144.5,0.019104279487531167
-18.0,144.75,0.021609480126463566
-18.0,145.0,0.030165123995677296
-18.0,145.25,0.04024572104954806
-18.0,145.5,0.05086693385211154
-18.0,145.75,0.04882870439720305
-18.0,146.0,0.04332766554915317
-18.0,146.25,0.02655628613283262
-18.25,122.0,0.07177271732879319
-18.25,122.25,0.07137306545225175
-18.25,122.5,0.07881899061557794
-18.25,122.75,0.08499569055391196
-18.25,123.0,0.09716005012721966
-18.25,123.25,0.10305685013689683
-18.25,123.5,0.10694927753556047
-18.25,123.75,0.10928972862559434
-18.25,124.0,0.11117058812527479
-18.25,124.25,0.11152775409620876
-18.25,124.5,0.11113851710644705
-18.25,124.75,0.11338025075974179
-18.25,125.0,0.11803953629828591
-18.25,125.25,0.11751780201503124
-18.25,125.5,0.12059299903063556
-18.25,125.75,0.11081928195701213
-18.25,126.0,0.0961422765884919
-18.25,126.25,0.0953120095969858
-18.25,126.5,0.10700321582963036
-18.25,126.75,0.11262246335716473
-18.25,127.0,0.10628935823967992
-18.25,127.25,0.10462097776032413
-18.25,127.5,0.10805269740235979
-18.25,127.75,0.11810160264735105
-18.25,128.0,0.11826205782587425
-18.25,128.25,0.10055403643680945
-18.25,128.5,0.07974763204579254
-18.25,128.75,0.07658554357192733
-18.25,129.0,0.08108119149597293
-18.25,129.25,0.08291722014629223
-18.25,129.5,0.0823776907795154
-18.25,129.75,0.08103502433599162
-18.25,130.0,0.08349295173224267
-18.25,130.25,0.09231194102482085
-18.25,130.5,0.09663118223086276
-18.25,130.75,0.09502631203557022
-18.25,131.0,0.08939813115443782
-18.25,131.25,0.0813248899777513
-18.25,131.5,0.07669786777837675
-18.25,131.75,0.06930489134895525
-18.25,132.0,0.06416960053689784
-18.25,132.25,0.06667524936144334
-18.25,132.5,0.06928038883336798
-18.25,132.75,0.0672732686170701
-18.25,133.0,0.06365099040986562
-18.25,133.25,0.05777831809994495
-18.25,133.5,0.05219311054955506
-18.25,133.75,0.053778826602484314
-18.25,134.0,0.06288641124837548
-18.25,134.25,0.07462005277869543
-18.25,134.5,0.08060081148050328
-18.25,134.75,0.08058188945077142
-18.25,135.0,0.0763692459850886
-18.25,135.25,0.07124062062342314
-18.25,135.5,0.06862946751012959
-18.25,135.75,0.06601507481160136
-18.25,136.0,0.06335116114071535
-18.25,136.25,0.06293101807743337
-18.25,136.5,0.06186796966793464
-18.25,136.75,0.061791277954805046
-18.25,137.0,0.06427752541908846
-18.25,137.25,0.06903122519729757
-18.25,137.5,0.07063663769482122
-18.25,137.75,0.07202759072297336
-18.25,138.0,0.07115519220204577
-18.25,138.25,0.07385413971278619
-18.25,138.5,0.07462293917384195
-18.25,138.75,0.0639294367808911
-18.25,139.0,0.052546405478746935
-18.25,139.25,0.04611723679529434
-18.25,139.5,0.04255802700310303
-18.25,139.75,0.0392428535289238
-18.25,140.0,0.03488763114692341
-18.25,140.25,0.0297666746112337
-18.25,140.5,0.030982569805185645
-18.25,140.75,0.032410290573301845
-18.25,141.0,0.03555894651940926
-18.25,141.25,0.038612237841921096
-18.25,141.5,0.043124545965951264
-18.25,141.75,0.044699000834309964
-18.25,142.0,0.04452872409375998
-18.25,142.25,0.04065827932968138
-18.25,142.5,0.03881946389663331
-18.25,142.75,0.04151425320957095
-18.25,143.0,0.041569343488846104
-18.25,143.25,0.03471157421455239
-18.25,143.5,0.022524718748930375
-18.25,143.75,0.023648135323305508
-18.25,144.0,0.040362927999527086
-18.25,144.25,0.04085370411636604
-18.25,144.5,0.031021224093396447
-18.25,144.75,0.03470535259724228
-18.25,145.0,0.05048616592407654
-18.25,145.25,0.059622392297018
-18.25,145.5,0.05226627167462693
-18.25,145.75,0.04970541920739362
-18.25,146.0,0.04505003196807745
-18.25,146.25,0.03637761622894756
-18.25,146.5,0.018306722385771683
-18.5,121.75,0.06888951778422402
-18.5,122.0,0.062138512022010296
-18.5,122.25,0.06545196710064241
-18.5,122.5,0.07216743080293411
-18.5,122.75,0.08490786540372593
-18.5,123.0,0.09757360919183843
-18.5,123.25,0.10549269140481456
-18.5,123.5,0.11045533792188886
-18.5,123.75,0.10960932222499567
-18.5,124.0,0.10822236773166699
-18.5,124.25,0.10979840709346779
-18.5,124.5,0.11224038396059706
-18.5,124.75,0.1153001109722371
-18.5,125.0,0.11520389185376591
-18.5,125.25,0.11520820400489759
-18.5,125.5,0.10991076008238927
-18.5,125.75,0.09775643363696267
-18.5,126.0,0.09030953832885955
-18.5,126.25,0.09668430328184868
-18.5,126.5,0.10842607072518896
-18.5,126.75,0.10818913492742852
-18.5,127.0,0.10249841807239055
-18.5,127.25,0.09919889654756985
-18.5,127.5,0.10571608822624015
-18.5,127.75,0.11669167659086942
-18.5,128.0,0.1182224680465305
-18.5,128.25,0.10399344769346772
-18.5,128.5,0.08939733074784913
-18.5,128.75,0.08771277412852378
-18.5,129.0,0.08764346639806492
-18.5,129.25,0.08581853441595164
-18.5,129.5,0.08179407741331693
-18.5,129.75,0.07723707431803618
-18.5,130.0,0.08235380630036916
-18.5,130.25,0.09120693270481675
-18.5,130.5,0.09533991991944357
-18.5,130.75,0.0921071334340567
-18.5,131.0,0.08653243612123797
-18.5,131.25,0.08263115743900093
-18.5,131.5,0.07937758256123133
-18.5,131.75,0.07598655480719793
-18.5,132.0,0.07084440077504679
-18.5,132.25,0.06850873923961114
-18.5,132.5,0.06962255656704772
-18.5,132.75,0.067535576704309
-18.5,133.0,0.06284927198303
-18.5,133.25,0.05555706292328118
-18.5,133.5,0.04948641338366604
-18.5,133.75,0.049645166730987865
-18.5,134.0,0.06081351215684865
-18.5,134.25,0.0716591620196584
-18.5,134.5,0.07635746297283781
-18.5,134.75,0.07447612818098175
-18.5,135.0,0.07041591871468898
-18.5,135.25,0.06736766921913721
-18.5,135.5,0.06584131136931713
-18.5,135.75,0.06389897200857111
-18.5,136.0,0.06046063336422199
-18.5,136.25,0.058944544984159214
-18.5,136.5,0.05623198269730531
-18.5,136.75,0.05822131799479025
-18.5,137.0,0.05961569165013338
-18.5,137.25,0.0626087347608849
-18.5,137.5,0.06131947177726895
-18.5,137.75,0.06572507464047823
-18.5,138.0,0.07334474586842563
-18.5,138.25,0.08110711882165483
-18.5,138.5,0.07753638337701005
-18.5,138.75,0.06817244631342011
-18.5,139.0,0.05039608012066295
-18.5,139.25,0.04120216425273525
-18.5,139.5,0.03868530742594114
-18.5,139.75,0.03746705572926577
-18.5,140.0,0.032757890309213826
-18.5,140.25,0.03058859991956548
-18.5,140.5,0.03004541258587544
-18.5,140.75,0.03167687700869086
-18.5,141.0,0.03424852907037654
-18.5,141.25,0.03688640567553205
-18.5,141.5,0.04191364186733057
-18.5,141.75,0.04318031684176718
-18.5,142.0,0.043830140224972676
-18.5,142.25,0.040698545673347665
-18.5,142.5,0.036359210426080105
-18.5,142.75,0.03986491130741233
-18.5,143.0,0.039732959375558166
-18.5,143.25,0.03213817988554848
-18.5,143.5,0.019521816542053403
-18.5,143.75,0.023232800172229028
-18.5,144.0,0.04588658131655572
-18.5,144.25,0.04668375298226885
-18.5,144.5,0.040549223650100455
-18.5,144.75,0.053969426242978645
-18.5,145.0,0.06898982391017375
-18.5,145.25,0.07388864675206792
-18.5,145.5,0.06484001722535553
-18.5,145.75,0.05295342901179651
-18.5,146.0,0.048732476338503514
-18.5,146.25,0.040765230147099756
-18.5,146.5,0.024383181928508708
-18.75,121.5,0.07385858525490217
-18.75,121.75,0.06540415381366449
-18.75,122.0,0.063684618589639
-18.75,122.25,0.06812190095782758
-18.75,122.5,0.08001089439643234
-18.75,122.75,0.09185860352326505
-18.75,123.0,0.09974854958349588
-18.75,123.25,0.11002986363291516
-18.75,123.5,0.11186645659446712
-18.75,123.75,0.11008991747443389
-18.75,124.0,0.10961046401685871
-18.75,124.25,0.1098163728336618
-18.75,124.5,0.11247444536486392
-18.75,124.75,0.10971066248394097
-18.75,125.0,0.10908954554803901
-18.75,125.25,0.10794315208386096
-18.75,125.5,0.10291665887880214
-18.75,125.75,0.09484816734878149
-18.75,126.0,0.08906869960380291
-18.75,126.25,0.09413673180777808
-18.75,126.5,0.09863983101588701
-18.75,126.75,0.09921221604112622
-18.75,127.0,0.09599150710623819
-18.75,127.25,0.09631839398074067
-18.75,127.5,0.10771407426353873
-18.75,127.75,0.12190726402055288
-18.75,128.0,0.12150600369489409
-18.75,128.25,0.10939640614877377
-18.75,128.5,0.09516248763988071
-18.75,128.75,0.08956368266231717
-18.75,129.0,0.08895288379571534
-18.75,129.25,0.08861413965812752
-18.75,129.5,0.08265306218769657
-18.75,129.75,0.07910696942661384
-18.75,130.0,0.08339279378742688
-18.75,130.25,0.0939642336083719
-18.75,130.5,0.09805134312160599
-18.75,130.75,0.09176232958498354
-18.75,131.0,0.08524422638080752
-18.75,131.25,0.08091156104419649
-18.75,131.5,0.07867900251150992
-18.75,131.75,0.07516243136795644
-18.75,132.0,0.07243201261219852
-18.75,132.25,0.06947476216012972
-18.75,132.5,0.06984647074890116
-18.75,132.75,0.07019786837390445
-18.75,133.0,0.06435189198702153
-18.75,133.25,0.055906383853089645
-18.75,133.5,0.04796461060325408
-18.75,133.75,0.04970280171278476
-18.75,134.0,0.05970813415012012
-18.75,134.25,0.07081670657009319
-18.75,134.5,0.0744632304071729
-18.75,134.75,0.07285661123172077
-18.75,135.0,0.06830075091155854
-18.75,135.25,0.06667983705759034
-18.75,135.5,0.06632291832217989
-18.75,135.75,0.06164907423389492
-18.75,136.0,0.05822654909179777
-18.75,136.25,0.055624606283465675
-18.75,136.5,0.05794660268057384
-18.75,136.75,0.0592323687939602
-18.75,137.0,0.0648278866849292
-18.75,137.25,0.06906686924804437
-18.75,137.5,0.0691180278199895
-18.75,137.75,0.07293373331698118
-18.75,138.0,0.08112658902183047
-18.75,138.25,0.08400934808142192
-18.75,138.5,0.0828272050029823
-18.75,138.75,0.07193836210926874
-18.75,139.0,0.05397076998493856
-18.75,139.25,0.041907294079132414
-18.75,139.5,0.04217007301729117
-18.75,139.75,0.043742812618030535
-18.75,140.0,0.04039051759125916
-18.75,140.25,0.03638637325060237
-18.75,140.5,0.034376102192096754
-18.75,140.75,0.03336444975054957
-18.75,141.0,0.032850266741276654
-18.75,141.25,0.034972859076912034
-18.75,141.5,0.03793288629811906
-18.75,141.75,0.03949678993096088
-18.75,142.0,0.04327250950895615
-18.75,142.25,0.042341017389287895
-18.75,142.5,0.03832710369123539
-18.75,142.75,0.034946305004575594
-18.75,143.0,0.035078814084588614
-18.75,143.25,0.02809643478830487
-18.75,143.5,0.015163800106286365
-18.75,143.75,0.019012555871574598
-18.75,144.0,0.04458219183564427
-18.75,144.25,0.049531117631443626
-18.75,144.5,0.054357181042146735
-18.75,144.75,0.06805209127804465
-18.75,145.0,0.07609953586357364
-18.75,145.25,0.08220755403080547
-18.75,145.5,0.08339884618751127
-18.75,145.75,0.07568971233513866
-18.75,146.0,0.057336125095309956
-18.75,146.25,0.04258750812914652
-18.75,146.5,0.031223297879059184
-19.0,121.25,0.0780269693037631
-19.0,121.5,0.07186163186708039
-19.0,121.75,0.06720661469573344
-19.0,122.0,0.07008152245165486
-19.0,122.25,0.08253812565858545
-19.0,122.5,0.09413519882153074
-19.0,122.75,0.10116010229272995
-19.0,123.0,0.1075716567056159
-19.0,123.25,0.1106660380161565
-19.0,123.5,0.11206383641619191
-19.0,123.75,0.11228756522910738
-19.0,124.0,0.11394194946412996
-19.0,124.25,0.11555842947349992
-19.0,124.5,0.11255935097963202
-19.0,124.75,0.1084694500476029
-19.0,125.0,0.10550124686666205
-19.0,125.25,0.10486944928267111
-19.0,125.5,0.10274786509587351
-19.0,125.75,0.0992603904056225
-19.0,126.0,0.09506709679237431
-19.0,126.25,0.09315619939845762
-19.0,126.5,0.09403742777302038
-19.0,126.75,0.09292673843713643
-19.0,127.0,0.09544568166705904
-19.0,127.25,0.10580966709966036
-19.0,127.5,0.11845600874365682
-19.0,127.75,0.12453619830846327
-19.0,128.0,0.12327086188399479
-19.0,128.25,0.11044525814823897
-19.0,128.5,0.09467085754063516
-19.0,128.75,0.08852404371097243
-19.0,129.0,0.09171095032058235
-19.0,129.25,0.0944030620898156
-19.0,129.5,0.09110987903926485
-19.0,129.75,0.08727788070432997
-19.0,130.0,0.09172447346880708
-19.0,130.25,0.1014958315526211
-19.0,130.5,0.10607132423455609
-19.0,130.75,0.09855830918823051
-19.0,131.0,0.0897636595505923
-19.0,131.25,0.08379108613932337
-19.0,131.5,0.07979661694792578
-19.0,131.75,0.07726662162407115
-19.0,132.0,0.0749015402794157
-19.0,132.25,0.07348797603229125
-19.0,132.5,0.07444597670694321
-19.0,132.75,0.07536555090658376
-19.0,133.0,0.0672714224123673
-19.0,133.25,0.05795370748345416
-19.0,133.5,0.052257541250413764
-19.0,133.75,0.0521660232889248
-19.0,134.0,0.05973944688295735
-19.0,134.25,0.06979593865348484
-19.0,134.5,0.07341599142571455
-19.0,134.75,0.07077267897186319
-19.0,135.0,0.06834681247331251
-19.0,135.25,0.06833471902279897
-19.0,135.5,0.06656496812537205
-19.0,135.75,0.06176381762747324
-19.0,136.0,0.057216748706038836
-19.0,136.25,0.0561712762545472
-19.0,136.5,0.058301298455217816
-19.0,136.75,0.06520665597238921
-19.0,137.0,0.07227255634247877
-19.0,137.25,0.07689191885528085
-19.0,137.5,0.07867854844189306
-19.0,137.75,0.07873275471716902
-19.0,138.0,0.07863852980356051
-19.0,138.25,0.07977603429090095
-19.0,138.5,0.07884593656843451
-19.0,138.75,0.07066815789978698
-19.0,139.0,0.053244549438427505
-19.0,139.25,0.04084780848293142
-19.0,139.5,0.04491412969071767
-19.0,139.75,0.049882228401848694
-19.0,140.0,0.04752858319725987
-19.0,140.25,0.040035413796342526
-19.0,140.5,0.036804916375793285
-19.0,140.75,0.03629120656369583
-19.0,141.0,0.03560894787880827
-19.0,141.25,0.03545593244323866
-19.0,141.5,0.03690679970863191
-19.0,141.75,0.039091430286003925
-19.0,142.0,0.04146923933744141
-19.0,142.25,0.04080923092010507
-19.0,142.5,0.03949934987081354
-19.0,142.75,0.035663526413934964
-19.0,143.0,0.030438077569044604
-19.0,143.25,0.02506016087979195
-19.0,143.5,0.018630992021880087
-19.0,143.75,0.022311171578095045
-19.0,144.0,0.04517564871578912
-19.0,144.25,0.060878196339851115
-19.0,144.5,0.07133286805671127
-19.0,144.75,0.08309662826131609
-19.0,145.0,0.08936603817835527
-19.0,145.25,0.09370838145050951
-19.0,145.5,0.09767659663590507
-19.0,145.75,0.09430251820574528
-19.0,146.0,0.07344287542406377
-19.0,146.25,0.05385896063166042
-19.0,146.5,0.05220655117949738
-19.0,146.75,0.04248520909618803
-19.0,147.0,0.027607021267501843
-19.0,147.25,0.016815471997838616
-19.25,121.0,0.08005504778277014
-19.25,121.25,0.07377489547667115
-19.25,121.5,0.06805669830472191
-19.25,121.75,0.07016658338213305
-19.25,122.0,0.07933995101262613
-19.25,122.25,0.09213832963755916
-19.25,122.5,0.10150780577712411
-19.25,122.75,0.10650642708732189
-19.25,123.0,0.10944950014461213
-19.25,123.25,0.11256406069717043
-19.25,123.5,0.11705810552570459
-19.25,123.75,0.12048589198904733
-19.25,124.0,0.11855177188478817
-19.25,124.25,0.11709930436518404
-19.25,124.5,0.11497456220595008
-19.25,124.75,0.11166902693025824
-19.25,125.0,0.10905260110105595
-19.25,125.25,0.10725308812313492
-19.25,125.5,0.10551652291152355
-19.25,125.75,0.10403072874836111
-19.25,126.0,0.10085800059636015
-19.25,126.25,0.0981451355686952
-19.25,126.5,0.09711040683508876
-19.25,126.75,0.09621493295822627
-19.25,127.0,0.10168642458039501
-19.25,127.25,0.11378321610173182
-19.25,127.5,0.12373860749258199
-19.25,127.75,0.12608524495515158
-19.25,128.0,0.11949407646671645
-19.25,128.25,0.10779209814897742
-19.25,128.5,0.09700929196375849
-19.25,128.75,0.09495222873636434
-19.25,129.0,0.10018284526430044
-19.25,129.25,0.10465255453877731
-19.25,129.5,0.10324587733050304
-19.25,129.75,0.10178130909780647
-19.25,130.0,0.10562016385354883
-19.25,130.25,0.11260810708009839
-19.25,130.5,0.11481546999679229
-19.25,130.75,0.10864739625022289
-19.25,131.0,0.09920482994450637
-19.25,131.25,0.09084667946344505
-19.25,131.5,0.08557332452800025
-19.25,131.75,0.0814227702184215
-19.25,132.0,0.0782802779379565
-19.25,132.25,0.07843575585974699
-19.25,132.5,0.08395575163382173
-19.25,132.75,0.08506812599099443
-19.25,133.0,0.075837524457276
-19.25,133.25,0.0685726157778659
-19.25,133.5,0.06327271349218089
-19.25,133.75,0.06131121723275645
-19.25,134.0,0.06432914333857222
-19.25,134.25,0.069452834684116
-19.25,134.5,0.07207787874949806
-19.25,134.75,0.0711765072314631
-19.25,135.0,0.0721607938492207
-19.25,135.25,0.0721334679464798
-19.25,135.5,0.06972452089285705
-19.25,135.75,0.06572166655142545
-19.25,136.0,0.06173161568007129
-19.25,136.25,0.06051093734788331
-19.25,136.5,0.06249050413881888
-19.25,136.75,0.0678574306104674
-19.25,137.0,0.07315959510269279
-19.25,137.25,0.07514918598667283
-19.25,137.5,0.07455349239523781
-19.25,137.75,0.07417649226743656
-19.25,138.0,0.07359786572515703
-19.25,138.25,0.07271071092397467
-19.25,138.5,0.07024021435027897
-19.25,138.75,0.06277771698536018
-19.25,139.0,0.05132980995149053
-19.25,139.25,0.04774803261832118
-19.25,139.5,0.058437970695911355
-19.25,139.75,0.05925977892707582
-19.25,140.0,0.05278129912287232
-19.25,140.25,0.044448676286939756
-19.25,140.5,0.039758929538086664
-19.25,140.75,0.039718773819046746
-19.25,141.0,0.03979903293824768
-19.25,141.25,0.03928896863690826
-19.25,141.5,0.04033075393342103
-19.25,141.75,0.04241835661229265
-19.25,142.0,0.04314922140090508
-19.25,142.25,0.04154542227805682
-19.25,142.5,0.04153600289348661
-19.25,142.75,0.03951673649847532
-19.25,143.0,0.0341269892418353
-19.25,143.25,0.029973356185805194
-19.25,143.5,0.02933864931372689
-19.25,143.75,0.03541940211915682
-19.25,144.0,0.051027813921384904
-19.25,144.25,0.07031968890929159
-19.25,144.5,0.08626636020215979
-19.25,144.75,0.09693775320464725
-19.25,145.0,0.10083280389194667
-19.25,145.25,0.0998739742619218
-19.25,145.5,0.09999016018239079
-19.25,145.75,0.09765735775197508
-19.25,146.0,0.09404604599162374
-19.25,146.25,0.09656050445578661
-19.25,146.5,0.08449044160833871
-19.25,146.75,0.07262093821965322
-19.25,147.0,0.051354711028766015
-19.25,147.25,0.032533679080716534
-19.25,147.5,0.02023318560607528
-19.5,120.5,0.08026707189063777
-19.5,120.75,0.07802186460525065
-19.5,121.0,0.07418547444929552
-19.5,121.25,0.06998053744404897
-19.5,121.5,0.06794394577189274
-19.5,121.75,0.0753328374843387
-19.5,122.0,0.08435947996411322
-19.5,122.25,0.09240735488026212
-19.5,122.5,0.09713414119433483
-19.5,122.75,0.10236620471609606
-19.5,123.0,0.10795859783399317
-19.5,123.25,0.11477899193440963
-19.5,123.5,0.1165137788765347
-19.5,123.75,0.11645453135460637
-19.5,124.0,0.11417061673432227
-19.5,124.25,0.11567676027849298
-19.5,124.5,0.11736681621323257
-19.5,124.75,0.11820891168396754
-19.5,125.0,0.1185111862966395
-19.5,125.25,0.11538324307588099
-19.5,125.5,0.1121269824622398
-19.5,125.75,0.10786026141578713
-19.5,126.0,0.10333324749879565
-19.5,126.25,0.10147422128537664
-19.5,126.5,0.10037785319955825
-19.5,126.75,0.1008472477645748
-19.5,127.0,0.10831663453269917
-19.5,127.25,0.11778194554452337
-19.5,127.5,0.12109915103911845
-19.5,127.75,0.1196673937565334
-19.5,128.0,0.1136568639867745
-19.5,128.25,0.1079371563575396
-19.5,128.5,0.10401161053411452
-19.5,128.75,0.10748912588129698
-19.5,129.0,0.11120478094017741
-19.5,129.25,0.11186848417178064
-19.5,129.5,0.11121835247168338
-19.5,129.75,0.11102773800459269
-19.5,130.0,0.11443785636884508
-19.5,130.25,0.11789275594909158
-19.5,130.5,0.11604686513390873
-19.5,130.75,0.11156094614133286
-19.5,131.0,0.10728778334823455
-19.5,131.25,0.09893336826872588
-19.5,131.5,0.0901320768579513
-19.5,131.75,0.08375121680780631
-19.5,132.0,0.08133484782120194
-19.5,132.25,0.0830935052237302
-19.5,132.5,0.08948421528803735
-19.5,132.75,0.08998723843484067
-19.5,133.0,0.0831957577994246
-19.5,133.25,0.07874968803114506
-19.5,133.5,0.07265639578971617
-19.5,133.75,0.06781850136196572
-19.5,134.0,0.06729114187996248
-19.5,134.25,0.06910430938238651
-19.5,134.5,0.07186715414048557
-19.5,134.75,0.07576838043133785
-19.5,135.0,0.0780510191970192
-19.5,135.25,0.07601146472313094
-19.5,135.5,0.07191516813149643
-19.5,135.75,0.06835564259362428
-19.5,136.0,0.06621102381624026
-19.5,136.25,0.06518747464620975
-19.5,136.5,0.06574835959997717
-19.5,136.75,0.06730015469158732
-19.5,137.0,0.06907521053957849
-19.5,137.25,0.07088416501049377
-19.5,137.5,0.07015889338541882
-19.5,137.75,0.07041641255283536
-19.5,138.0,0.06930527944791585
-19.5,138.25,0.06522953337283983
-19.5,138.5,0.0604816375430179
-19.5,138.75,0.057086313482142464
-19.5,139.0,0.05571884248544345
-19.5,139.25,0.06114333898244353
-19.5,139.5,0.07030393935955315
-19.5,139.75,0.06188413626805374
-19.5,140.0,0.05185161520489643
-19.5,140.25,0.046517823461393985
-19.5,140.5,0.04497692563684604
-19.5,140.75,0.04496286035777559
-19.5,141.0,0.0443031188889222
-19.5,141.25,0.04368811896110819
-19.5,141.5,0.043689135681517464
-19.5,141.75,0.04529621926815647
-19.5,142.0,0.0468027612322427
-19.5,142.25,0.04763092435939605
-19.5,142.5,0.04871320263275098
-19.5,142.75,0.050645643533259704
-19.5,143.0,0.05117300261005956
-19.5,143.25,0.04713091617970449
-19.5,143.5,0.04664441825223064
-19.5,143.75,0.052021321447629866
-19.5,144.0,0.06351091347890944
-19.5,144.25,0.08193251610478121
-19.5,144.5,0.09654262285195626
-19.5,144.75,0.10221977605296333
-19.5,145.0,0.10185910431025794
-19.5,145.25,0.10199088622698886
-19.5,145.5,0.10101796503777406
-19.5,145.75,0.09873967138273639
-19.5,146.0,0.101928248539612
-19.5,146.25,0.10831204427391902
-19.5,146.5,0.10638684473642507
-19.5,146.75,0.09345977051003214
-19.5,147.0,0.07580065584969593
-19.5,147.25,0.058203194047456455
-19.5,147.5,0.036400473919619605
-19.5,147.75,0.022045589999249313
-19.75,119.25,0.07838438992681276
-19.75,119.5,0.07731438879364842
-19.75,119.75,0.07636254493525567
-19.75,120.0,0.07429898871750652
-19.75,120.25,0.07343771326726997
-19.75,120.5,0.07019086640729973
-19.75,120.75,0.06757151466851208
-19.75,121.0,0.06726193483328474
-19.75,121.25,0.06542930375042862
-19.75,121.5,0.06838539964104183
-19.75,121.75,0.0763811895612643
-19.75,122.0,0.08411079810397613
-19.75,122.25,0.09048642741830183
-19.75,122.5,0.09644205020733856
-19.75,122.75,0.1005419376226931
-19.75,123.0,0.10776797743582693
-19.75,123.25,0.10807492791935298
-19.75,123.5,0.10981186827923783
-19.75,123.75,0.1105562481944179
-19.75,124.0,0.11099101425814323
-19.75,124.25,0.11487048978834116
-19.75,124.5,0.1180931049056477
-19.75,124.75,0.1217211528012995
-19.75,125.0,0.12262547496117199
-19.75,125.25,0.12018324341541323
-19.75,125.5,0.11384995674550398
-19.75,125.75,0.10954095581930029
-19.75,126.0,0.10613746506487418
-19.75,126.25,0.10570996715263352
-19.75,126.5,0.10505156764658893
-19.75,126.75,0.11024045669784327
-19.75,127.0,0.11781320043149218
-19.75,127.25,0.11932181398018797
-19.75,127.5,0.11878059257313443
-19.75,127.75,0.10960984634490797
-19.75,128.0,0.10568206552656359
-19.75,128.25,0.1060491957726734
-19.75,128.5,0.10718341757740958
-19.75,128.75,0.11252378686899492
-19.75,129.0,0.11687112944787732
-19.75,129.25,0.1178946411949603
-19.75,129.5,0.11736049455967994
-19.75,129.75,0.1187641973861565
-19.75,130.0,0.11974450807923663
-19.75,130.25,0.1211550078283365
-19.75,130.5,0.11436794283174179
-19.75,130.75,0.10933306326375067
-19.75,131.0,0.10931897168470756
-19.75,131.25,0.10689908326955824
-19.75,131.5,0.0966942619911619
-19.75,131.75,0.08863949098221198
-19.75,132.0,0.0855698779140148
-19.75,132.25,0.08813482213292141
-19.75,132.5,0.09132274576654566
-19.75,132.75,0.0908799535790499
-19.75,133.0,0.08593478438185323
-19.75,133.25,0.08161760590569525
-19.75,133.5,0.07904486778211815
-19.75,133.75,0.07266822430746006
-19.75,134.0,0.06761662113930432
-19.75,134.25,0.0680830457320739
-19.75,134.5,0.07425721177420345
-19.75,134.75,0.08047228120424084
-19.75,135.0,0.08289318885298919
-19.75,135.25,0.07834198335586381
-19.75,135.5,0.07414054629692493
-19.75,135.75,0.07357300012529432
-19.75,136.0,0.07078742707074649
-19.75,136.25,0.06802744252916108
-19.75,136.5,0.06692456006318966
-19.75,136.75,0.06757131940332986
-19.75,137.0,0.069211195857489
-19.75,137.25,0.0706512785031647
-19.75,137.5,0.07085624923120433
-19.75,137.75,0.07064170541772358
-19.75,138.0,0.069301818414588
-19.75,138.25,0.06450847748962793
-19.75,138.5,0.058783046236493545
-19.75,138.75,0.05649348976602099
-19.75,139.0,0.05913895744871062
-19.75,139.25,0.0642139681215539
-19.75,139.5,0.06792552890803497
-19.75,139.75,0.0650972569520708
-19.75,140.0,0.05853170869789683
-19.75,140.25,0.055002036058557566
-19.75,140.5,0.053467311512905964
-19.75,140.75,0.052335604384383096
-19.75,141.0,0.052058749763898196
-19.75,141.25,0.05033305613253499
-19.75,141.5,0.04981780718776236
-19.75,141.75,0.05042875647408597
-19.75,142.0,0.05202189404340566
-19.75,142.25,0.053441463973768845
-19.75,142.5,0.05483133571791988
-19.75,142.75,0.06040945299529077
-19.75,143.0,0.06653950787225953
-19.75,143.25,0.06716033807901686
-19.75,143.5,0.05972677275471346
-19.75,143.75,0.05892627676318981
-19.75,144.0,0.06394576580857343
-19.75,144.25,0.08370256790780682
-19.75,144.5,0.10362783818368744
-19.75,144.75,0.10854172278593335
-19.75,145.0,0.10821221297196308
-19.75,145.25,0.11136376930281143
-19.75,145.5,0.11393559707639292
-19.75,145.75,0.10855976845743416
-19.75,146.0,0.10725342444692082
-19.75,146.25,0.10726075290451621
-19.75,146.5,0.11172341793149547
-19.75,146.75,0.10621016465608367
-19.75,147.0,0.09094896847688283
-19.75,147.25,0.07530186757476538
-19.75,147.5,0.056855577002222664
-19.75,147.75,0.03574704808946868
-19.75,148.0,0.022478950898406975
-19.75,148.25,0.017464076401492324
-20.0,118.75,0.07653694099725857
-20.0,119.0,0.07540165424369899
-20.0,119.25,0.0732844063203013
-20.0,119.5,0.07071186195501444
-20.0,119.75,0.06757316038224213
-20.0,120.0,0.06537066347099557
-20.0,120.25,0.06521193877817116
-20.0,120.5,0.06276998365371725
-20.0,120.75,0.06403043305304199
-20.0,121.0,0.06400896564824664
-20.0,121.25,0.06516914883201246
-20.0,121.5,0.067827218351179
-20.0,121.75,0.07379691034243079
-20.0,122.0,0.07950891993267117
-20.0,122.25,0.08713665506894096
-20.0,122.5,0.09211935814668569
-20.0,122.75,0.09998173019462227
-20.0,123.0,0.10238867374573032
-20.0,123.25,0.10615450948909125
-20.0,123.5,0.1099945057533176
-20.0,123.75,0.1136295169565071
-20.0,124.0,0.11445371133604643
-20.0,124.25,0.11574719128975237
-20.0,124.5,0.12012525418336488
-20.0,124.75,0.11979758952687644
-20.0,125.0,0.12227918336754105
-20.0,125.25,0.11884177281042084
-20.0,125.5,0.11560220890081838
-20.0,125.75,0.11241199956736443
-20.0,126.0,0.11105058089660967
-20.0,126.25,0.11027199499011457
-20.0,126.5,0.11064430855682614
-20.0,126.75,0.11791238061742934
-20.0,127.0,0.12382501811375476
-20.0,127.25,0.12541361144143306
-20.0,127.5,0.11414998368835141
-20.0,127.75,0.10551741231422095
-20.0,128.0,0.10594543383183484
-20.0,128.25,0.1116254057070409
-20.0,128.5,0.11310573473210662
-20.0,128.75,0.11529312698843906
-20.0,129.0,0.12029895642917095
-20.0,129.25,0.12435888719169008
-20.0,129.5,0.12623619423494037
-20.0,129.75,0.12614468506280166
-20.0,130.0,0.12633929235182806
-20.0,130.25,0.1222512837390536
-20.0,130.5,0.11395962198842619
-20.0,130.75,0.10917488340991949
-20.0,131.0,0.11055564245661183
-20.0,131.25,0.10930576460452913
-20.0,131.5,0.10593437270728735
-20.0,131.75,0.0960919973489932
-20.0,132.0,0.09127691283762764
-20.0,132.25,0.091780888176649
-20.0,132.5,0.09194321325214147
-20.0,132.75,0.09084115751478108
-20.0,133.0,0.085989227704716
-20.0,133.25,0.08277501415011718
-20.0,133.5,0.08062766300247329
-20.0,133.75,0.07923944656709754
-20.0,134.0,0.07249923343006733
-20.0,134.25,0.0711014284469772
-20.0,134.5,0.07717955190661911
-20.0,134.75,0.08428337171032436
-20.0,135.0,0.08437708414579201
-20.0,135.25,0.07882439273048722
-20.0,135.5,0.0768412389933623
-20.0,135.75,0.07643225055994843
-20.0,136.0,0.07714262639629235
-20.0,136.25,0.07363753679471559
-20.0,136.5,0.07168105195675593
-20.0,136.75,0.07239406977213188
-20.0,137.0,0.0763636779109057
-20.0,137.25,0.07694581427863255
-20.0,137.5,0.07557657616583295
-20.0,137.75,0.07325034235402446
-20.0,138.0,0.07128271494412905
-20.0,138.25,0.06957702846009117
-20.0,138.5,0.06443265999203972
-20.0,138.75,0.062350726082027824
-20.0,139.0,0.06347126782452178
-20.0,139.25,0.06166135322498814
-20.0,139.5,0.06629369319784074
-20.0,139.75,0.07037656435414094
-20.0,140.0,0.06780940909976459
-20.0,140.25,0.06419577617694147
-20.0,140.5,0.061114359925895735
-20.0,140.75,0.060769531409093504
-20.0,141.0,0.05939548867624101
-20.0,141.25,0.058113883342918504
-20.0,141.5,0.05690266258425995
-20.0,141.75,0.05753642340451934
-20.0,142.0,0.059456696070211416
-20.0,142.25,0.06079951415974185
-20.0,142.5,0.06046464376812895
-20.0,142.75,0.06266330687722953
-20.0,143.0,0.07022302832993355
-20.0,143.25,0.07467437190106728
-20.0,143.5,0.07049871662154625
-20.0,143.75,0.05805476188740318
-20.0,144.0,0.05819004110705011
-20.0,144.25,0.07571740305499985
-20.0,144.5,0.10223821360957595
-20.0,144.75,0.11658589162522057
-20.0,145.0,0.12302655878489595
-20.0,145.25,0.12619566226407877
-20.0,145.5,0.12957287866155182
-20.0,145.75,0.12509652314652736
-20.0,146.0,0.11700928051772429
-20.0,146.25,0.1120100996329181
-20.0,146.5,0.11330666644995092
-20.0,146.75,0.11451027014226252
-20.0,147.0,0.10777252268576795
-20.0,147.25,0.09483282064117592
-20.0,147.5,0.07458114200244208
-20.0,147.75,0.050703360873947036
-20.0,148.0,0.033320384865195514
-20.0,148.25,0.02440964185065946
-20.0,148.5,0.021290018414774226
-20.25,118.0,0.07589250983662962
-20.25,118.25,0.07417362321163072
-20.25,118.5,0.07285463210610495
-20.25,118.75,0.07213754176808714
-20.25,119.0,0.07194442552777472
-20.25,119.25,0.06936922553890923
-20.25,119.5,0.06699642697974116
-20.25,119.75,0.06368286926849707
-20.25,120.0,0.06527039306914043
-20.25,120.25,0.06590492410521125
-20.25,120.5,0.06836953456536472
-20.25,120.75,0.06995416354763352
-20.25,121.0,0.06956376244080688
-20.25,121.25,0.06992492769507123
-20.25,121.5,0.07126551845458552
-20.25,121.75,0.07566165629076813
-20.25,122.0,0.08230278445947327
-20.25,122.25,0.08772729128375877
-20.25,122.5,0.09547546513307845
-20.25,122.75,0.09816435602569352
-20.25,123.0,0.10464259606929673
-20.25,123.25,0.11026074290172318
-20.25,123.5,0.11717565646545795
-20.25,123.75,0.12091474069362267
-20.25,124.0,0.1192478017978984
-20.25,124.25,0.11936676664642241
-20.25,124.5,0.11869475118322316
-20.25,124.75,0.12092831464621828
-20.25,125.0,0.12041814248583604
-20.25,125.25,0.12039335660512711
-20.25,125.5,0.11753136237763187
-20.25,125.75,0.11689668199017372
-20.25,126.0,0.1167401082474122
-20.25,126.25,0.11498172271825796
-20.25,126.5,0.11557017713500639
-20.25,126.75,0.1206986780600944
-20.25,127.0,0.12715299935969848
-20.25,127.25,0.12324856295506592
-20.25,127.5,0.11564246858447053
-20.25,127.75,0.11022167626821668
-20.25,128.0,0.11420747944936299
-20.25,128.25,0.12227721770188055
-20.25,128.5,0.12170019505513295
-20.25,128.75,0.12360862731564312
-20.25,129.0,0.1247340304649756
-20.25,129.25,0.12902908899156396
-20.25,129.5,0.13203431950011657
-20.25,129.75,0.1330527708972771
-20.25,130.0,0.13028515365853877
-20.25,130.25,0.12602095634681915
-20.25,130.5,0.11931024752335471
-20.25,130.75,0.11381634451788145
-20.25,131.0,0.11265957301799752
-20.25,131.25,0.111527665523909
-20.25,131.5,0.10817034463838249
-20.25,131.75,0.10535244543513346
-20.25,132.0,0.09850831456818843
-20.25,132.25,0.09295649538838405
-20.25,132.5,0.09211595870447914
-20.25,132.75,0.09202012461598294
-20.25,133.0,0.08887551706767094
-20.25,133.25,0.0850379145507229
-20.25,133.5,0.08630832739758805
-20.25,133.75,0.08371361266628088
-20.25,134.0,0.08104811779518019
-20.25,134.25,0.07756873037951785
-20.25,134.5,0.08131289138314902
-20.25,134.75,0.08794282924378252
-20.25,135.0,0.08758611846262412
-20.25,135.25,0.08083969050840746
-20.25,135.5,0.07857818848306868
-20.25,135.75,0.0821695867699953
-20.25,136.0,0.08141839315465048
-20.25,136.25,0.08131192959624518
-20.25,136.5,0.07882194482929215
-20.25,136.75,0.08339256565223219
-20.25,137.0,0.08779741383727897
-20.25,137.25,0.08614669990196203
-20.25,137.5,0.08148676040622407
-20.25,137.75,0.07817007113360068
-20.25,138.0,0.07478339341001322
-20.25,138.25,0.07260776119068668
-20.25,138.5,0.07485302025782894
-20.25,138.75,0.07394264459583473
-20.25,139.0,0.06757023354013214
-20.25,139.25,0.06424902165885206
-20.25,139.5,0.06995601577713367
-20.25,139.75,0.07259180448482175
-20.25,140.0,0.06997212200307455
-20.25,140.25,0.06874928825412945
-20.25,140.5,0.066774498880451
-20.25,140.75,0.06553725056519137
-20.25,141.0,0.06398804655638221
-20.25,141.25,0.06377264815037938
-20.25,141.5,0.06360932697628788
-20.25,141.75,0.06226947828531304
-20.25,142.0,0.06284294550678302
-20.25,142.25,0.06362259367718043
-20.25,142.5,0.06302263687318378
-20.25,142.75,0.06254998375854301
-20.25,143.0,0.06665814249456593
-20.25,143.25,0.07335153068505748
-20.25,143.5,0.07658406369120235
-20.25,143.75,0.0696565567031593
-20.25,144.0,0.06393296272349502
-20.25,144.25,0.06953165273173453
-20.25,144.5,0.09207718569057692
-20.25,144.75,0.11548574356353236
-20.25,145.0,0.12656139754995918
-20.25,145.25,0.13679827723518861
-20.25,145.5,0.13728199677697905
-20.25,145.75,0.13736369724119915
-20.25,146.0,0.1305830391508573
-20.25,146.25,0.12188831510541039
-20.25,146.5,0.11991618105057344
-20.25,146.75,0.12191296376255531
-20.25,147.0,0.12497554125356956
-20.25,147.25,0.11796161471651546
-20.25,147.5,0.0938064648230502
-20.25,147.75,0.06682920988041563
-20.25,148.0,0.04684796890349791
-20.25,148.25,0.03718408405854292
-20.25,148.5,0.03251340506120987
-20.25,148.75,0.02934816138539601
-20.5,116.5,0.08499679837901782
-20.5,116.75,0.08525832015313053
-20.5,117.0,0.08409414464754966
-20.5,117.25,0.08091575786643951
-20.5,117.5,0.0783288627612265
-20.5,117.75,0.07569710860086391
-20.5,118.0,0.0733418351405816
-20.5,118.25,0.07158399769206708
-20.5,118.5,0.07049458508201226
-20.5,118.75,0.06893766396663152
-20.5,119.0,0.06787725368565502
-20.5,119.25,0.06676131143438481
-20.5,119.5,0.06693961093510951
-20.5,119.75,0.06867718719153999
-20.5,120.0,0.07164785629319641
-20.5,120.25,0.07531982510849736
-20.5,120.5,0.07878609350484837
-20.5,120.75,0.07975153253319985
-20.5,121.0,0.08013261034616548
-20.5,121.25,0.07954074694227585
-20.5,121.5,0.0814337069088246
-20.5,121.75,0.08723502996970278
-20.5,122.0,0.09289920583419703
-20.5,122.25,0.10030989754791098
-20.5,122.5,0.10165609789875289
-20.5,122.75,0.1066298730683279
-20.5,123.0,0.10976641974808093
-20.5,123.25,0.11718134075328007
-20.5,123.5,0.12244140086391447
-20.5,123.75,0.12512244699579575
-20.5,124.0,0.12176341701518283
-20.5,124.25,0.11881396791160255
-20.5,124.5,0.11972787921937024
-20.5,124.75,0.12192933656023468
-20.5,125.0,0.12465744090268509
-20.5,125.25,0.12225900551336093
-20.5,125.5,0.12130269058212324
-20.5,125.75,0.11873232892049106
-20.5,126.0,0.11989251596663746
-20.5,126.25,0.11946288055769196
-20.5,126.5,0.11788260348725033
-20.5,126.75,0.12327579661747778
-20.5,127.0,0.12261365630924823
-20.5,127.25,0.12124904935573512
-20.5,127.5,0.11874433449736
-20.5,127.75,0.11626236452537674
-20.5,128.0,0.11914651749303942
-20.5,128.25,0.12637626933646595
-20.5,128.5,0.12958137431146938
-20.5,128.75,0.13211497933682043
-20.5,129.0,0.13308968734034266
-20.5,129.25,0.13310187621664704
-20.5,129.5,0.1364977910405131
-20.5,129.75,0.1354162222318436
-20.5,130.0,0.1338482314432566
-20.5,130.25,0.13166767789287473
-20.5,130.5,0.12840226750628292
-20.5,130.75,0.12242909201602212
-20.5,131.0,0.11628942347129008
-20.5,131.25,0.11346950803537771
-20.5,131.5,0.11274743413652975
-20.5,131.75,0.10975687515765294
-20.5,132.0,0.10663000604756814
-20.5,132.25,0.09873250097059455
-20.5,132.5,0.09525505418300172
-20.5,132.75,0.09506458244006634
-20.5,133.0,0.09292859723211441
-20.5,133.25,0.0907406164429876
-20.5,133.5,0.09004986376580736
-20.5,133.75,0.09005294699825601
-20.5,134.0,0.08666818434442482
-20.5,134.25,0.08651807221935709
-20.5,134.5,0.08849214536144703
-20.5,134.75,0.0935503274098533
-20.5,135.0,0.0918983857105581
-20.5,135.25,0.08401780987907988
-20.5,135.5,0.08459587187905779
-20.5,135.75,0.08664767505956765
-20.5,136.0,0.09036143750177204
-20.5,136.25,0.08774654018397421
-20.5,136.5,0.08921549365354843
-20.5,136.75,0.09334324898878
-20.5,137.0,0.09701797159364206
-20.5,137.25,0.09390875590698611
-20.5,137.5,0.08741658704784924
-20.5,137.75,0.08263074374435773
-20.5,138.0,0.07955468002674881
-20.5,138.25,0.07997712879344719
-20.5,138.5,0.08193321344886924
-20.5,138.75,0.08088799727020089
-20.5,139.0,0.07343173320777975
-20.5,139.25,0.06944268620599338
-20.5,139.5,0.07211288634160834
-20.5,139.75,0.07143579354898556
-20.5,140.0,0.07289830036726755
-20.5,140.25,0.07166811434791664
-20.5,140.5,0.06963391746242775
-20.5,140.75,0.06881769091993212
-20.5,141.0,0.06798890642972709
-20.5,141.25,0.06793632078917812
-20.5,141.5,0.06832999737518992
-20.5,141.75,0.06561738567911315
-20.5,142.0,0.0639810011934541
-20.5,142.25,0.0634833303653144
-20.5,142.5,0.06300549744571562
-20.5,142.75,0.0637125369825755
-20.5,143.0,0.06512139650571544
-20.5,143.25,0.07048975944916945
-20.5,143.5,0.0788380804321342
-20.5,143.75,0.08213396932386502
-20.5,144.0,0.07944458158962284
-20.5,144.25,0.07813043646241007
-20.5,144.5,0.08635091576942207
-20.5,144.75,0.1066442290633081
-20.5,145.0,0.12265889078882443
-20.5,145.25,0.13201959538785582
-20.5,145.5,0.14091046424324363
-20.5,145.75,0.14044363715273542
-20.5,146.0,0.13760519090693776
-20.5,146.25,0.1305035193954529
-20.5,146.5,0.12744189745114565
-20.5,146.75,0.12660286953553831
-20.5,147.0,0.13029261688291782
-20.5,147.25,0.12717062828894926
-20.5,147.5,0.10853705735001117
-20.5,147.75,0.0880167245695219
-20.5,148.0,0.0695774323551264
-20.5,148.25,0.05018358329882196
-20.5,148.5,0.04362049905800763
-20.5,148.75,0.03915456041907745
-20.5,149.0,0.03380667689970861
-20.75,116.0,0.0845248398129291
-20.75,116.25,0.0848155424112016
-20.75,116.5,0.08525893926220182
-20.75,116.75,0.08622177485254148
-20.75,117.0,0.08462963735527741
-20.75,117.25,0.0813540112417686
-20.75,117.5,0.0790655046329405
-20.75,117.75,0.07592950332470207
-20.75,118.0,0.07232998518033867
-20.75,118.25,0.06896762787847925
-20.75,118.5,0.06844473908616104
-20.75,118.75,0.0674298479113521
-20.75,119.0,0.06526824707851378
-20.75,119.25,0.06590920174518793
-20.75,119.5,0.06942956469021945
-20.75,119.75,0.074906108365518
-20.75,120.0,0.0778309220876833
-20.75,120.25,0.08034116793012198
-20.75,120.5,0.08442223860057868
-20.75,120.75,0.08732160571375396
-20.75,121.0,0.08862911670119358
-20.75,121.25,0.0917891175344344
-20.75,121.5,0.09597410578562293
-20.75,121.75,0.10189693844344686
-20.75,122.0,0.10643232618339128
-20.75,122.25,0.1092395553841735
-20.75,122.5,0.10941033414895004
-20.75,122.75,0.11102858979177832
-20.75,123.0,0.11579035242691935
-20.75,123.25,0.12102072964484852
-20.75,123.5,0.12435218821081712
-20.75,123.75,0.12496583326558751
-20.75,124.0,0.12176365727997071
-20.75,124.25,0.1214034006719939
-20.75,124.5,0.12419405264112203
-20.75,124.75,0.12636922893041977
-20.75,125.0,0.12737723198511816
-20.75,125.25,0.12695717353747385
-20.75,125.5,0.12447846302350389
-20.75,125.75,0.12211318444195199
-20.75,126.0,0.12397579550865946
-20.75,126.25,0.12480301054768092
-20.75,126.5,0.12084555897370618
-20.75,126.75,0.12066430126648077
-20.75,127.0,0.12251546318858032
-20.75,127.25,0.12202927008321553
-20.75,127.5,0.12093638219847577
-20.75,127.75,0.11807473428509921
-20.75,128.0,0.11891672732710055
-20.75,128.25,0.1260565635436993
-20.75,128.5,0.13447133505491182
-20.75,128.75,0.13873946773636686
-20.75,129.0,0.13866453594356673
-20.75,129.25,0.13847080566243278
-20.75,129.5,0.13918609091314596
-20.75,129.75,0.14007917493437982
-20.75,130.0,0.13920601808462607
-20.75,130.25,0.13814096917304855
-20.75,130.5,0.13594085871405842
-20.75,130.75,0.13051959474410102
-20.75,131.0,0.12185421878017032
-20.75,131.25,0.11489773627374913
-20.75,131.5,0.1142531851751816
-20.75,131.75,0.11580299806776202
-20.75,132.0,0.11524249428401225
-20.75,132.25,0.10855405115473131
-20.75,132.5,0.10270949729575327
-20.75,132.75,0.10063946465243465
-20.75,133.0,0.09904408441037396
-20.75,133.25,0.09642044385592087
-20.75,133.5,0.09471649310164344
-20.75,133.75,0.09092283450216765
-20.75,134.0,0.09085025676172914
-20.75,134.25,0.09463851622965481
-20.75,134.5,0.09645344108050402
-20.75,134.75,0.09963658307211683
-20.75,135.0,0.09812869394603901
-20.75,135.25,0.09184398843799993
-20.75,135.5,0.09427505886865083
-20.75,135.75,0.09963153738633464
-20.75,136.0,0.0994628870526043
-20.75,136.25,0.09703441833066659
-20.75,136.5,0.0982160596362332
-20.75,136.75,0.10259689498953825
-20.75,137.0,0.10405895928379065
-20.75,137.25,0.1003042328711481
-20.75,137.5,0.09370336220908243
-20.75,137.75,0.0876896493086759
-20.75,138.0,0.0854412132871583
-20.75,138.25,0.08584406467604419
-20.75,138.5,0.08794673490785436
-20.75,138.75,0.08586212315407225
-20.75,139.0,0.08061047783074171
-20.75,139.25,0.07498821773256235
-20.75,139.5,0.07242247533643226
-20.75,139.75,0.07256785027161917
-20.75,140.0,0.07960718432655331
-20.75,140.25,0.08369358500093484
-20.75,140.5,0.07698876599569929
-20.75,140.75,0.07062223263228452
-20.75,141.0,0.0722347570959028
-20.75,141.25,0.07448596256999461
-20.75,141.5,0.07290793531025569
-20.75,141.75,0.06778257609342565
-20.75,142.0,0.06416897170977373
-20.75,142.25,0.06386066146148127
-20.75,142.5,0.06465020218827713
-20.75,142.75,0.06403441508555947
-20.75,143.0,0.06411887733758899
-20.75,143.25,0.06871907562722367
-20.75,143.5,0.0763151117614802
-20.75,143.75,0.08464327957134064
-20.75,144.0,0.09094667740264985
-20.75,144.25,0.09100709380096153
-20.75,144.5,0.09524270899563482
-20.75,144.75,0.10672897908628308
-20.75,145.0,0.11867893948996931
-20.75,145.25,0.12923313932604644
-20.75,145.5,0.13776374209590783
-20.75,145.75,0.14215975514586618
-20.75,146.0,0.14171396347693893
-20.75,146.25,0.13660770635480174
-20.75,146.5,0.13239041687558448
-20.75,146.75,0.13072378627693926
-20.75,147.0,0.13037036979790176
-20.75,147.25,0.12934648081918895
-20.75,147.5,0.11978193194652217
-20.75,147.75,0.10389186515985774
-20.75,148.0,0.08459008305787229
-20.75,148.25,0.06243726682765212
-20.75,148.5,0.05186942769032556
-20.75,148.75,0.04770702276113479
-20.75,149.0,0.04232657132427968
-21.0,115.75,0.08455398794995761
-21.0,116.0,0.0835500317108071
-21.0,116.25,0.08380388465727955
-21.0,116.5,0.08532018481433348
-21.0,116.75,0.086691538214606
-21.0,117.0,0.08592648583672315
-21.0,117.25,0.08313560319246556
-21.0,117.5,0.08080266731551754
-21.0,117.75,0.07642554497614955
-21.0,118.0,0.07146621727188814
-21.0,118.25,0.06759160528685211
-21.0,118.5,0.06780868731999937
-21.0,118.75,0.06853043088364283
-21.0,119.0,0.06767843428483467
-21.0,119.25,0.07175909437032094
-21.0,119.5,0.07478535301557224
-21.0,119.75,0.08058698713885042
-21.0,120.0,0.08026872866069987
-21.0,120.25,0.08120244061827843
-21.0,120.5,0.08816036724841547
-21.0,120.75,0.09146456613839124
-21.0,121.0,0.0954001604509845
-21.0,121.25,0.09849416481416162
-21.0,121.5,0.10504119973619672
-21.0,121.75,0.11069424212022762
-21.0,122.0,0.11095204123449688
-21.0,122.25,0.11087933443054193
-21.0,122.5,0.11014054530638909
-21.0,122.75,0.11317504687710407
-21.0,123.0,0.1181358948492171
-21.0,123.25,0.12304133594732845
-21.0,123.5,0.12506697538211872
-21.0,123.75,0.12456319391288648
-21.0,124.0,0.12443367262638073
-21.0,124.25,0.12675960210353562
-21.0,124.5,0.1299691652608304
-21.0,124.75,0.13107393997744832
-21.0,125.0,0.13145161931783805
-21.0,125.25,0.1313460278769279
-21.0,125.5,0.12743395813529673
-21.0,125.75,0.12557764360645046
-21.0,126.0,0.12362548249242421
-21.0,126.25,0.12530648657329654
-21.0,126.5,0.1217018707641278
-21.0,126.75,0.12167119857301721
-21.0,127.0,0.1247475931834533
-21.0,127.25,0.1260256342322676
-21.0,127.5,0.12349417888704911
-21.0,127.75,0.12074377088694709
-21.0,128.0,0.12149132953753833
-21.0,128.25,0.1315548582382721
-21.0,128.5,0.1383817569897238
-21.0,128.75,0.14047759475628113
-21.0,129.0,0.137703732586528
-21.0,129.25,0.13667158783453248
-21.0,129.5,0.13730414119960535
-21.0,129.75,0.14143399433584036
-21.0,130.0,0.14308317048281408
-21.0,130.25,0.14208168068053653
-21.0,130.5,0.13941774793214418
-21.0,130.75,0.1360881255024193
-21.0,131.0,0.129813338486477
-21.0,131.25,0.12310865176358174
-21.0,131.5,0.11836501811775306
-21.0,131.75,0.11814234568706442
-21.0,132.0,0.11825826496590217
-21.0,132.25,0.11603411440450255
-21.0,132.5,0.11399093681858664
-21.0,132.75,0.11048857642642192
-21.0,133.0,0.10981522350203775
-21.0,133.25,0.10840319773754947
-21.0,133.5,0.10061404816596377
-21.0,133.75,0.0941181856306529
-21.0,134.0,0.09523228195367953
-21.0,134.25,0.10119230893016129
-21.0,134.5,0.10199756265715357
-21.0,134.75,0.10216697764736887
-21.0,135.0,0.1077417366442265
-21.0,135.25,0.11050974928310205
-21.0,135.5,0.11247968689276731
-21.0,135.75,0.11351696074176675
-21.0,136.0,0.10861840825811614
-21.0,136.25,0.10475888237355999
-21.0,136.5,0.10591870380335364
-21.0,136.75,0.10886194309137896
-21.0,137.0,0.10799125176884695
-21.0,137.25,0.10563663935715177
-21.0,137.5,0.0999447988685844
-21.0,137.75,0.09365566415152443
-21.0,138.0,0.09156395546658157
-21.0,138.25,0.09249268366687809
-21.0,138.5,0.09213662386801116
-21.0,138.75,0.09116066083528002
-21.0,139.0,0.08844813531857215
-21.0,139.25,0.08135298519183752
-21.0,139.5,0.07886242031346227
-21.0,139.75,0.09037889321624143
-21.0,140.0,0.09789418684667375
-21.0,140.25,0.09341816055524155
-21.0,140.5,0.08317549087957833
-21.0,140.75,0.07520795922241634
-21.0,141.0,0.07969571145918442
-21.0,141.25,0.08290933994054756
-21.0,141.5,0.07873348951979231
-21.0,141.75,0.07161672202828631
-21.0,142.0,0.06760610966201966
-21.0,142.25,0.06606394302574208
-21.0,142.5,0.06594960957053173
-21.0,142.75,0.06445990467469531
-21.0,143.0,0.06423804555784454
-21.0,143.25,0.06881111051811922
-21.0,143.5,0.07663307365863731
-21.0,143.75,0.08604720232840596
-21.0,144.0,0.09421454719578135
-21.0,144.25,0.09662888400245398
-21.0,144.5,0.10167167296490807
-21.0,144.75,0.10972309972393536
-21.0,145.0,0.11729256822477312
-21.0,145.25,0.12404030680845596
-21.0,145.5,0.13121895633110328
-21.0,145.75,0.1371091749748863
-21.0,146.0,0.13646996043693405
-21.0,146.25,0.13684918694036066
-21.0,146.5,0.13501786355501583
-21.0,146.75,0.1341464284011987
-21.0,147.0,0.13072150256127252
-21.0,147.25,0.12809999598181537
-21.0,147.5,0.12624068946017372
-21.0,147.75,0.11419204805201917
-21.0,148.0,0.09457393068252004
-21.0,148.25,0.07128446577098227
-21.0,148.5,0.061751315822293866
-21.0,148.75,0.059833411015614964
-21.0,149.0,0.05934375790508731
-21.0,149.25,0.051285943765325755
-21.25,115.25,0.08100918971002911
-21.25,115.5,0.08277763041508025
-21.25,115.75,0.08384618794159497
-21.25,116.0,0.08266211139089524
-21.25,116.25,0.08368817467534556
-21.25,116.5,0.08784032435079296
-21.25,116.75,0.09102509034641783
-21.25,117.0,0.09050286983319705
-21.25,117.25,0.08699466661324559
-21.25,117.5,0.08151177642992045
-21.25,117.75,0.07607102763940646
-21.25,118.0,0.07127607343423306
-21.25,118.25,0.06927568320734875
-21.25,118.5,0.07259466077202259
-21.25,118.75,0.0729048120324922
-21.25,119.0,0.07666673833913762
-21.25,119.25,0.08184459022996096
-21.25,119.5,0.08806969243942761
-21.25,119.75,0.08727990802196271
-21.25,120.0,0.08421357790438341
-21.25,120.25,0.08727612346664043
-21.25,120.5,0.09143288356309731
-21.25,120.75,0.09675443924038911
-21.25,121.0,0.10084091876862356
-21.25,121.25,0.10562088689028663
-21.25,121.5,0.1110875738525468
-21.25,121.75,0.1149341789862502
-21.25,122.0,0.11503161428648218
-21.25,122.25,0.1145674230857063
-21.25,122.5,0.11587250643870953
-21.25,122.75,0.11902968154035103
-21.25,123.0,0.12305714901828262
-21.25,123.25,0.12606773373734798
-21.25,123.5,0.12662069332221468
-21.25,123.75,0.12689100610470894
-21.25,124.0,0.12769273476114437
-21.25,124.25,0.1313957627036912
-21.25,124.5,0.13344318815724251
-21.25,124.75,0.13444213851152906
-21.25,125.0,0.1361149666241006
-21.25,125.25,0.13544171008804887
-21.25,125.5,0.1325879131240724
-21.25,125.75,0.12781624470165648
-21.25,126.0,0.12535173703998065
-21.25,126.25,0.12398206751440415
-21.25,126.5,0.12185110657269432
-21.25,126.75,0.12366291941629706
-21.25,127.0,0.12970034265941893
-21.25,127.25,0.13143625815835225
-21.25,127.5,0.12888642474283477
-21.25,127.75,0.12629095143431554
-21.25,128.0,0.13319405528787587
-21.25,128.25,0.14225193816916523
-21.25,128.5,0.14282316816603685
-21.25,128.75,0.1393031019667873
-21.25,129.0,0.13470988817759133
-21.25,129.25,0.1313268022318522
-21.25,129.5,0.1325410387401618
-21.25,129.75,0.13753699045591306
-21.25,130.0,0.13907890200574027
-21.25,130.25,0.1395083983478089
-21.25,130.5,0.13923719148118024
-21.25,130.75,0.13831997822128664
-21.25,131.0,0.1364472428022449
-21.25,131.25,0.13219068229565786
-21.25,131.5,0.1250618167109516
-21.25,131.75,0.11990046511638987
-21.25,132.0,0.11990324597772022
-21.25,132.25,0.1215775628130409
-21.25,132.5,0.12199952632135423
-21.25,132.75,0.12161851602619086
-21.25,133.0,0.12550830930809206
-21.25,133.25,0.12399649764837169
-21.25,133.5,0.11301867651754832
-21.25,133.75,0.10403638870258904
-21.25,134.0,0.10429733957452514
-21.25,134.25,0.10807693628542257
-21.25,134.5,0.10548105919467402
-21.25,134.75,0.1087291366284762
-21.25,135.0,0.11808220218611942
-21.25,135.25,0.12580824776867394
-21.25,135.5,0.1269476116915208
-21.25,135.75,0.12186024843650935
-21.25,136.0,0.11355716512216314
-21.25,136.25,0.10961207086393934
-21.25,136.5,0.11032508197035137
-21.25,136.75,0.11151743867238416
-21.25,137.0,0.11175727894702511
-21.25,137.25,0.10920412161898169
-21.25,137.5,0.1060783373517525
-21.25,137.75,0.10196787618749259
-21.25,138.0,0.09843477553913624
-21.25,138.25,0.09649239579302489
-21.25,138.5,0.09571097895086714
-21.25,138.75,0.09608560333100619
-21.25,139.0,0.09463980857134928
-21.25,139.25,0.09033346560730919
-21.25,139.5,0.09899707728300192
-21.25,139.75,0.11318507217118541
-21.25,140.0,0.11516644102562075
-21.25,140.25,0.10528905603709467
-21.25,140.5,0.09196498985110435
-21.25,140.75,0.08742295727724254
-21.25,141.0,0.09094016568301339
-21.25,141.25,0.0876621976976452
-21.25,141.5,0.08196516656468238
-21.25,141.75,0.07756142514355316
-21.25,142.0,0.07411130671232742
-21.25,142.25,0.07310993639864799
-21.25,142.5,0.07191381859973617
-21.25,142.75,0.06960633325942436
-21.25,143.0,0.07052139399978355
-21.25,143.25,0.07430603073926531
-21.25,143.5,0.08278025099259557
-21.25,143.75,0.09279535377986065
-21.25,144.0,0.10007744497244772
-21.25,144.25,0.10136364517826434
-21.25,144.5,0.10478067956543868
-21.25,144.75,0.11161582516950498
-21.25,145.0,0.11713282573095452
-21.25,145.25,0.12086812191923345
-21.25,145.5,0.12489992843696505
-21.25,145.75,0.12999891622328236
-21.25,146.0,0.13001152817634817
-21.25,146.25,0.12965553563457016
-21.25,146.5,0.13196293179137863
-21.25,146.75,0.13258675522912902
-21.25,147.0,0.12931424752815646
-21.25,147.25,0.1223294233431614
-21.25,147.5,0.12153159937166123
-21.25,147.75,0.11191837895676147
-21.25,148.0,0.09259611156263631
-21.25,148.25,0.082792730972081
-21.25,148.5,0.0796560871614732
-21.25,148.75,0.06604120489298036
-21.25,149.0,0.07117895999235822
-21.25,149.25,0.06183709587774959
-21.25,149.5,0.05179375589914266
-21.5,114.75,0.07622733812071623
-21.5,115.0,0.07675910152859575
-21.5,115.25,0.07820867188232779
-21.5,115.5,0.0791999238541614
-21.5,115.75,0.08128920835839083
-21.5,116.0,0.08379827403591811
-21.5,116.25,0.08782578372835682
-21.5,116.5,0.0940835342924105
-21.5,116.75,0.09676948255021466
-21.5,117.0,0.09554759410936363
-21.5,117.25,0.0897918201611399
-21.5,117.5,0.08239500501569762
-21.5,117.75,0.07680287243348602
-21.5,118.0,0.07485420789833278
-21.5,118.25,0.0757919055348542
-21.5,118.5,0.0792083112477008
-21.5,118.75,0.07873796573164678
-21.5,119.0,0.08375920261685231
-21.5,119.25,0.08985491022404717
-21.5,119.5,0.09409465424077937
-21.5,119.75,0.09217027437282314
-21.5,120.0,0.09291567262824879
-21.5,120.25,0.09744788570376098
-21.5,120.5,0.09984629462719984
-21.5,120.75,0.1041231117534327
-21.5,121.0,0.10875764811743734
-21.5,121.25,0.11280130486649108
-21.5,121.5,0.11515521247865712
-21.5,121.75,0.11626581139546299
-21.5,122.0,0.11539712294209617
-21.5,122.25,0.11755348582737
-21.5,122.5,0.12267094816108748
-21.5,122.75,0.12846230986176452
-21.5,123.0,0.13193414461123548
-21.5,123.25,0.13320444648767915
-21.5,123.5,0.1337788577071777
-21.5,123.75,0.13356181389429087
-21.5,124.0,0.13414937706516195
-21.5,124.25,0.13494728990623434
-21.5,124.5,0.13554032639557595
-21.5,124.75,0.1362953670519759
-21.5,125.0,0.13809434706496104
-21.5,125.25,0.1387897807327191
-21.5,125.5,0.1385759402614532
-21.5,125.75,0.13621615824120453
-21.5,126.0,0.1317811975876849
-21.5,126.25,0.1278121821283942
-21.5,126.5,0.12659597335382522
-21.5,126.75,0.1295634273687834
-21.5,127.0,0.13538383661145445
-21.5,127.25,0.13580620373225183
-21.5,127.5,0.13407596504719727
-21.5,127.75,0.1334743689660468
-21.5,128.0,0.14172769704688662
-21.5,128.25,0.14703715243201262
-21.5,128.5,0.14336538669555182
-21.5,128.75,0.13786187581359333
-21.5,129.0,0.1335499580312021
-21.5,129.25,0.13251052291305435
-21.5,129.5,0.13521520807778586
-21.5,129.75,0.13693493488915118
-21.5,130.0,0.13617850643054993
-21.5,130.25,0.13561241720376688
-21.5,130.5,0.13718642792711883
-21.5,130.75,0.1399520756770719
-21.5,131.0,0.14057206876996925
-21.5,131.25,0.13752102516453116
-21.5,131.5,0.13092714235832117
-21.5,131.75,0.12442450710564402
-21.5,132.0,0.1229833969509788
-21.5,132.25,0.12519367958578667
-21.5,132.5,0.12773005707162668
-21.5,132.75,0.13011332283214783
-21.5,133.0,0.13412255982450538
-21.5,133.25,0.1330240278021327
-21.5,133.5,0.12390569538333661
-21.5,133.75,0.11505684068970706
-21.5,134.0,0.11414429815160963
-21.5,134.25,0.11664259930974538
-21.5,134.5,0.11458956499068783
-21.5,134.75,0.11943640807004534
-21.5,135.0,0.1272420039199167
-21.5,135.25,0.1303100296770902
-21.5,135.5,0.12862205049272787
-21.5,135.75,0.12396064188302246
-21.5,136.0,0.11865838137520382
-21.5,136.25,0.11511453518260695
-21.5,136.5,0.11482724952565013
-21.5,136.75,0.11565389261507163
-21.5,137.0,0.11549435512755085
-21.5,137.25,0.1143511968200843
-21.5,137.5,0.11189971833569232
-21.5,137.75,0.10881945656446035
-21.5,138.0,0.10520957725938858
-21.5,138.25,0.10177012980791901
-21.5,138.5,0.09850764778930352
-21.5,138.75,0.09930693903856279
-21.5,139.0,0.10059728105503482
-21.5,139.25,0.10199742074694043
-21.5,139.5,0.11530279188324061
-21.5,139.75,0.1273040992408591
-21.5,140.0,0.1249810959684011
-21.5,140.25,0.11493651481001572
-21.5,140.5,0.10620269159994243
-21.5,140.75,0.10812767539894974
-21.5,141.0,0.10229790653628425
-21.5,141.25,0.0920899406205466
-21.5,141.5,0.08532033306566593
-21.5,141.75,0.084376009942422
-21.5,142.0,0.0872236398438327
-21.5,142.25,0.08781083630532255
-21.5,142.5,0.0854203997169295
-21.5,142.75,0.08126121419109486
-21.5,143.0,0.08081270393128884
-21.5,143.25,0.08334178878080595
-21.5,143.5,0.08995175523458739
-21.5,143.75,0.10035787108220444
-21.5,144.0,0.10926444694227569
-21.5,144.25,0.10915676590160119
-21.5,144.5,0.10901807134468436
-21.5,144.75,0.11354039950817173
-21.5,145.0,0.11805838534995464
-21.5,145.25,0.12007912416041157
-21.5,145.5,0.12129696954847402
-21.5,145.75,0.1252954293399715
-21.5,146.0,0.12785792816414251
-21.5,146.25,0.13011276455161494
-21.5,146.5,0.13001314018565896
-21.5,146.75,0.1275384812150161
-21.5,147.0,0.12325200799222298
-21.5,147.25,0.11589189415258765
-21.5,147.5,0.11232477757573832
-21.5,147.75,0.10452226840065743
-21.5,148.0,0.0971646535301589
-21.5,148.25,0.09677874578658083
-21.5,148.5,0.09827881533926051
-21.5,148.75,0.0896345680030983
-21.5,149.0,0.0810945412196431
-21.5,149.25,0.07393831782850861
-21.5,149.5,0.05803777738621638
-21.75,114.5,0.07401210362513944
-21.75,114.75,0.07445572561734734
-21.75,115.0,0.07554164637567493
-21.75,115.25,0.07438257875126351
-21.75,115.5,0.07146087123431483
-21.75,115.75,0.07675347757063418
-21.75,116.0,0.08398499196692245
-21.75,116.25,0.08986698356906696
-21.75,116.5,0.0934788110141239
-21.75,116.75,0.09578068738975738
-21.75,117.0,0.0965395886665715
-21.75,117.25,0.09247080455056723
-21.75,117.5,0.08783929289253821
-21.75,117.75,0.0850853102129247
-21.75,118.0,0.08595400593745788
-21.75,118.25,0.08517065310200884
-21.75,118.5,0.08284448187846667
-21.75,118.75,0.08083296577223804
-21.75,119.0,0.08537863736051547
-21.75,119.25,0.09276242486663386
-21.75,119.5,0.09797037943116942
-21.75,119.75,0.0983175320177953
-21.75,120.0,0.10193826933793991
-21.75,120.25,0.10492240541626761
-21.75,120.5,0.10710180056471984
-21.75,120.75,0.11027838813414169
-21.75,121.0,0.1142817866964736
-21.75,121.25,0.11587284694518743
-21.75,121.5,0.11652259050779844
-21.75,121.75,0.11759064181007892
-21.75,122.0,0.11853452517891985
-21.75,122.25,0.1224929559354345
-21.75,122.5,0.12878054658601634
-21.75,122.75,0.13517210718568862
-21.75,123.0,0.13916429316815257
-21.75,123.25,0.13934203165573192
-21.75,123.5,0.13891802264262887
-21.75,123.75,0.13805591819427165
-21.75,124.0,0.13890327200430466
-21.75,124.25,0.13793034589586947
-21.75,124.5,0.1378195578403331
-21.75,124.75,0.13838008152179843
-21.75,125.0,0.1390462748602651
-21.75,125.25,0.14093316208977194
-21.75,125.5,0.14341550595684394
-21.75,125.75,0.14352516438931814
-21.75,126.0,0.14037441902714562
-21.75,126.25,0.13744326144853683
-21.75,126.5,0.13601854244472567
-21.75,126.75,0.13651985440314673
-21.75,127.0,0.14026505453205834
-21.75,127.25,0.14187982624380097
-21.75,127.5,0.14213399193189785
-21.75,127.75,0.1417840937423579
-21.75,128.0,0.14617457267912057
-21.75,128.25,0.14791558937189048
-21.75,128.5,0.14371727165192857
-21.75,128.75,0.1397197951824854
-21.75,129.0,0.13887029250673044
-21.75,129.25,0.13932858972695156
-21.75,129.5,0.1370359247745282
-21.75,129.75,0.13353799594507476
-21.75,130.0,0.13223904209560747
-21.75,130.25,0.1323555949044937
-21.75,130.5,0.1355771279933583
-21.75,130.75,0.14077601276912416
-21.75,131.0,0.14259502072509392
-21.75,131.25,0.1409331698100328
-21.75,131.5,0.13731366157429836
-21.75,131.75,0.13227195723624063
-21.75,132.0,0.13002772396198375
-21.75,132.25,0.13122166044377828
-21.75,132.5,0.13186526863528342
-21.75,132.75,0.13437383852579549
-21.75,133.0,0.13982337863401492
-21.75,133.25,0.1387045668309767
-21.75,133.5,0.13187189985774708
-21.75,133.75,0.12608753528523403
-21.75,134.0,0.12359689794561561
-21.75,134.25,0.12530206237683467
-21.75,134.5,0.12897125260571757
-21.75,134.75,0.13159435793290927
-21.75,135.0,0.13184671721751098
-21.75,135.25,0.1316707383170013
-21.75,135.5,0.13155836186008846
-21.75,135.75,0.12966576930589283
-21.75,136.0,0.12785162271262623
-21.75,136.25,0.12527303821034425
-21.75,136.5,0.12471763212265237
-21.75,136.75,0.12614655913044318
-21.75,137.0,0.12655480678195602
-21.75,137.25,0.12500604567667295
-21.75,137.5,0.12106290650870005
-21.75,137.75,0.11830405436954253
-21.75,138.0,0.11443152950438264
-21.75,138.25,0.10892048025987766
-21.75,138.5,0.10313687333987939
-21.75,138.75,0.10341244878597579
-21.75,139.0,0.10590299239202937
-21.75,139.25,0.11102097633135714
-21.75,139.5,0.12353405032945705
-21.75,139.75,0.13161476170220882
-21.75,140.0,0.1294371097333373
-21.75,140.25,0.12460630370276
-21.75,140.5,0.12196180964754384
-21.75,140.75,0.1246452909808512
-21.75,141.0,0.11543072490860143
-21.75,141.25,0.1032918953586318
-21.75,141.5,0.09852605926876011
-21.75,141.75,0.09931865893821515
-21.75,142.0,0.10304329673742546
-21.75,142.25,0.1040973066890836
-21.75,142.5,0.10274551910297657
-21.75,142.75,0.09663988921808873
-21.75,143.0,0.0929214451066644
-21.75,143.25,0.09181878682789126
-21.75,143.5,0.0933257029451794
-21.75,143.75,0.10023595523629769
-21.75,144.0,0.11030891602835263
-21.75,144.25,0.11409645399460008
-21.75,144.5,0.11580705646450949
-21.75,144.75,0.11796987275095186
-21.75,145.0,0.12038046699490992
-21.75,145.25,0.12145742034290768
-21.75,145.5,0.12127357889011467
-21.75,145.75,0.12610247483637743
-21.75,146.0,0.12953076242398331
-21.75,146.25,0.13050922270699694
-21.75,146.5,0.12733141676908127
-21.75,146.75,0.12277753174937492
-21.75,147.0,0.11716797860436005
-21.75,147.25,0.10860746042267269
-21.75,147.5,0.10335212806224799
-21.75,147.75,0.09862770628802149
-21.75,148.0,0.09905944769586446
-21.75,148.25,0.10197024759836731
-21.75,148.5,0.1034655067191207
-21.75,148.75,0.10277698209077281
-21.75,149.0,0.09862763223033977
-21.75,149.25,0.08272219297411083
-21.75,149.5,0.06484798319283365
-21.75,149.75,0.05447597969143041
-22.0,114.0,0.08270072835362892
-22.0,114.25,0.07729411890280968
-22.0,114.5,0.07376201406494448
-22.0,114.75,0.07337912764288676
-22.0,115.0,0.07374538143297515
-22.0,115.25,0.07365791042532248
-22.0,115.5,0.07005374019111581
-22.0,115.75,0.07628919737215914
-22.0,116.0,0.08556143861954602
-22.0,116.25,0.09120388749180786
-22.0,116.5,0.09489945069762781
-22.0,116.75,0.09766764797884427
-22.0,117.0,0.09640392131453418
-22.0,117.25,0.09481933405926095
-22.0,117.5,0.09230917429970309
-22.0,117.75,0.09475068902188255
-22.0,118.0,0.09818980690137091
-22.0,118.25,0.09981856749008489
-22.0,118.5,0.09861499371742326
-22.0,118.75,0.09409725962942161
-22.0,119.0,0.09653349239490422
-22.0,119.25,0.10054383528956412
-22.0,119.5,0.10692433181536903
-22.0,119.75,0.10695103341563302
-22.0,120.0,0.11039451046252736
-22.0,120.25,0.11272876145194068
-22.0,120.5,0.11432600247116553
-22.0,120.75,0.11819655393139858
-22.0,121.0,0.12019476108093637
-22.0,121.25,0.12058716825488879
-22.0,121.5,0.11935876637817276
-22.0,121.75,0.12069815701746567
-22.0,122.0,0.12291801086194061
-22.0,122.25,0.12654768557110813
-22.0,122.5,0.13188914551046715
-22.0,122.75,0.13720866336449228
-22.0,123.0,0.1419729397145911
-22.0,123.25,0.1415562740701479
-22.0,123.5,0.14209980830668562
-22.0,123.75,0.14385778109191072
-22.0,124.0,0.14430804156481403
-22.0,124.25,0.14376568507696644
-22.0,124.5,0.14282510338936566
-22.0,124.75,0.1442950108175865
-22.0,125.0,0.14492807645417377
-22.0,125.25,0.14479480165162104
-22.0,125.5,0.14765427106996246
-22.0,125.75,0.14644895558519766
-22.0,126.0,0.14580099393917892
-22.0,126.25,0.1442359073829956
-22.0,126.5,0.1448606680512084
-22.0,126.75,0.14590699049498607
-22.0,127.0,0.14710487046824733
-22.0,127.25,0.1508433452318738
-22.0,127.5,0.15303983420865738
-22.0,127.75,0.15259975494423142
-22.0,128.0,0.15226918231753322
-22.0,128.25,0.15109524393177298
-22.0,128.5,0.14875641893952787
-22.0,128.75,0.14631687733367849
-22.0,129.0,0.14514990144644513
-22.0,129.25,0.14112306809888994
-22.0,129.5,0.13723042655661102
-22.0,129.75,0.1314307596055578
-22.0,130.0,0.12851208248288482
-22.0,130.25,0.1288283135041777
-22.0,130.5,0.13328166102963265
-22.0,130.75,0.13915977587498077
-22.0,131.0,0.1419959961113492
-22.0,131.25,0.14106110059346572
-22.0,131.5,0.14014483874722627
-22.0,131.75,0.13990968871249176
-22.0,132.0,0.13878402820306468
-22.0,132.25,0.13777765443669765
-22.0,132.5,0.13652993085442242
-22.0,132.75,0.13742577800523553
-22.0,133.0,0.1452125356337716
-22.0,133.25,0.1462021261184016
-22.0,133.5,0.14179182955731384
-22.0,133.75,0.13533966570139286
-22.0,134.0,0.13291835688031467
-22.0,134.25,0.13519638440606893
-22.0,134.5,0.13849120452517089
-22.0,134.75,0.13726811211674259
-22.0,135.0,0.13477543605341938
-22.0,135.25,0.13188253576828696
-22.0,135.5,0.13071968704884887
-22.0,135.75,0.13217924169436598
-22.0,136.0,0.133381975534225
-22.0,136.25,0.1341549870347971
-22.0,136.5,0.1347219257602578
-22.0,136.75,0.13623904404771264
-22.0,137.0,0.1381308822317243
-22.0,137.25,0.13639245339711906
-22.0,137.5,0.13143396272453758
-22.0,137.75,0.12637498675895592
-22.0,138.0,0.12226145073447273
-22.0,138.25,0.11701178128018208
-22.0,138.5,0.1115570974305435
-22.0,138.75,0.11175618464573413
-22.0,139.0,0.1154322179681314
-22.0,139.25,0.12085609457397614
-22.0,139.5,0.12751775529058126
-22.0,139.75,0.1324851923097949
-22.0,140.0,0.132077170089323
-22.0,140.25,0.12689773831648282
-22.0,140.5,0.12535369851752007
-22.0,140.75,0.12559478528647192
-22.0,141.0,0.12163390260699673
-22.0,141.25,0.12008131708433799
-22.0,141.5,0.1156322411316147
-22.0,141.75,0.11622012601263795
-22.0,142.0,0.11642171998394871
-22.0,142.25,0.11484160845914644
-22.0,142.5,0.11244397118392815
-22.0,142.75,0.10537742009756532
-22.0,143.0,0.10054259533002538
-22.0,143.25,0.09741843415564791
-22.0,143.5,0.09629793109929133
-22.0,143.75,0.1008174205788486
-22.0,144.0,0.11110624555049728
-22.0,144.25,0.11732884441252728
-22.0,144.5,0.12091022304914881
-22.0,144.75,0.1234381749845809
-22.0,145.0,0.12433551845193058
-22.0,145.25,0.12378492076588775
-22.0,145.5,0.12255910608262181
-22.0,145.75,0.1255159102464247
-22.0,146.0,0.12884574859558032
-22.0,146.25,0.12752080113707875
-22.0,146.5,0.12494120653181352
-22.0,146.75,0.11793979444575309
-22.0,147.0,0.11237247081773816
-22.0,147.25,0.10502232298143777
-22.0,147.5,0.09926539976244123
-22.0,147.75,0.0963023380085085
-22.0,148.0,0.0986151902125619
-22.0,148.25,0.10312617115503156
-22.0,148.5,0.10571346701866577
-22.0,148.75,0.1057824177084376
-22.0,149.0,0.10285966869478878
-22.0,149.25,0.08914627354671098
-22.0,149.5,0.07862043524347825
-22.0,149.75,0.06626265903416384
-22.25,113.75,0.08090546132284272
-22.25,114.0,0.08510880569702593
-22.25,114.25,0.0809733998802561
-22.25,114.5,0.07763893489862658
-22.25,114.75,0.07459454848926884
-22.25,115.0,0.07460126160300987
-22.25,115.25,0.07666804687754199
-22.25,115.5,0.07516066167174922
-22.25,115.75,0.08041378973269586
-22.25,116.0,0.0900816999049265
-22.25,116.25,0.09673004696677952
-22.25,116.5,0.09921676339241306
-22.25,116.75,0.10262892494179972
-22.25,117.0,0.10162085330087006
-22.25,117.25,0.10099841933774796
-22.25,117.5,0.10052436222697478
-22.25,117.75,0.10073735537743143
-22.25,118.0,0.10761962967203766
-22.25,118.25,0.11320595834602888
-22.25,118.5,0.11272739035603245
-22.25,118.75,0.10969518628352129
-22.25,119.0,0.10878276444786734
-22.25,119.25,0.11303863959546216
-22.25,119.5,0.1162004849304917
-22.25,119.75,0.11899181342457031
-22.25,120.0,0.12034076266234364
-22.25,120.25,0.1205828038627567
-22.25,120.5,0.12247336260320857
-22.25,120.75,0.12284007091976919
-22.25,121.0,0.12425489738047066
-22.25,121.25,0.1233969559972211
-22.25,121.5,0.1232290467733481
-22.25,121.75,0.12626977451883584
-22.25,122.0,0.12801692086162436
-22.25,122.25,0.13039483999785678
-22.25,122.5,0.13086130847125688
-22.25,122.75,0.1346883423704573
-22.25,123.0,0.13810702688779053
-22.25,123.25,0.14143462092067
-22.25,123.5,0.1443865637783815
-22.25,123.75,0.14508291021851438
-22.25,124.0,0.14749003935173738
-22.25,124.25,0.14609009520626523
-22.25,124.5,0.1466751189932713
-22.25,124.75,0.14791689057815846
-22.25,125.0,0.14799068034479154
-22.25,125.25,0.1487568543998362
-22.25,125.5,0.14668308485548634
-22.25,125.75,0.14687148983907608
-22.25,126.0,0.14444846827389232
-22.25,126.25,0.14568642273349566
-22.25,126.5,0.14836527051692255
-22.25,126.75,0.15115500908579754
-22.25,127.0,0.15503610523350708
-22.25,127.25,0.15831552742737157
-22.25,127.5,0.16195380500769857
-22.25,127.75,0.16104890022184287
-22.25,128.0,0.1596395893649862
-22.25,128.25,0.1575863797908634
-22.25,128.5,0.15540242704540808
-22.25,128.75,0.15240312774432097
-22.25,129.0,0.14681579050131255
-22.25,129.25,0.14339997378942737
-22.25,129.5,0.13829448075923506
-22.25,129.75,0.13274279597451888
-22.25,130.0,0.12959734433496786
-22.25,130.25,0.1280934345302262
-22.25,130.5,0.13281006730461595
-22.25,130.75,0.1385408435530025
-22.25,131.0,0.14211601234450869
-22.25,131.25,0.14174755903963163
-22.25,131.5,0.1427167250680265
-22.25,131.75,0.14274293634331764
-22.25,132.0,0.14271466864044838
-22.25,132.25,0.14169463565568072
-22.25,132.5,0.13762477590376015
-22.25,132.75,0.13759545380846652
-22.25,133.0,0.14654523605128467
-22.25,133.25,0.1505892354850143
-22.25,133.5,0.14570598709280266
-22.25,133.75,0.14033034341594838
-22.25,134.0,0.13697219148389553
-22.25,134.25,0.1407215453491357
-22.25,134.5,0.14364792999411524
-22.25,134.75,0.14094578109732764
-22.25,135.0,0.13806296302534
-22.25,135.25,0.13472785630431272
-22.25,135.5,0.13696169863284716
-22.25,135.75,0.13832567353488598
-22.25,136.0,0.14112498509354235
-22.25,136.25,0.14247520025812777
-22.25,136.5,0.14041061742004635
-22.25,136.75,0.13789582976007292
-22.25,137.0,0.13822443605365928
-22.25,137.25,0.1378264288816371
-22.25,137.5,0.13427758213589283
-22.25,137.75,0.12887571566614286
-22.25,138.0,0.1250903822147282
-22.25,138.25,0.12142638957760148
-22.25,138.5,0.12002803371164457
-22.25,138.75,0.11983650790107857
-22.25,139.0,0.12169627451737142
-22.25,139.25,0.12704693994505437
-22.25,139.5,0.13156883031293226
-22.25,139.75,0.1328700741540351
-22.25,140.0,0.13124513012131653
-22.25,140.25,0.13133869390554895
-22.25,140.5,0.12891265891821202
-22.25,140.75,0.12753183989703978
-22.25,141.0,0.12762284799316947
-22.25,141.25,0.1272238462826157
-22.25,141.5,0.12817059433126968
-22.25,141.75,0.12594752245687993
-22.25,142.0,0.12289155384972303
-22.25,142.25,0.1180694934393326
-22.25,142.5,0.11298012621173327
-22.25,142.75,0.10738809081057686
-22.25,143.0,0.10244636439724651
-22.25,143.25,0.10232706237089913
-22.25,143.5,0.1013582255339228
-22.25,143.75,0.10465798505720235
-22.25,144.0,0.11358765653961239
-22.25,144.25,0.11962406083749688
-22.25,144.5,0.12231023975202093
-22.25,144.75,0.12488524150818647
-22.25,145.0,0.1270123291487981
-22.25,145.25,0.12432251041641876
-22.25,145.5,0.12212790842129566
-22.25,145.75,0.1247513453304248
-22.25,146.0,0.12523961304812892
-22.25,146.25,0.126929110602106
-22.25,146.5,0.12167737158599032
-22.25,146.75,0.11828390376427611
-22.25,147.0,0.11101852050293626
-22.25,147.25,0.10438719344219569
-22.25,147.5,0.10066841013188299
-22.25,147.75,0.0982598491482904
-22.25,148.0,0.10162547455429646
-22.25,148.25,0.10599769484817236
-22.25,148.5,0.10810675643818189
-22.25,148.75,0.1107911249779214
-22.25,149.0,0.10612865467746767
-22.25,149.25,0.09880021981081993
-22.25,149.5,0.09092079508736496
-22.25,149.75,0.08328232032972684
-22.25,150.0,0.0708098240978305
-22.25,150.25,0.05473443974035674
-22.25,150.5,0.04623656178719014
-22.5,113.5,0.07486820047682001
-22.5,113.75,0.08098532313406609
-22.5,114.0,0.08565833876278514
-22.5,114.25,0.0827299661255231
-22.5,114.5,0.08115786204327129
-22.5,114.75,0.07907143217714949
-22.5,115.0,0.07757936147338113
-22.5,115.25,0.08067100329995038
-22.5,115.5,0.083745772216904
-22.5,115.75,0.08375953344922349
-22.5,116.0,0.09355738367352975
-22.5,116.25,0.09741673927806624
-22.5,116.5,0.10308490384712292
-22.5,116.75,0.10693502230324174
-22.5,117.0,0.10812574071798235
-22.5,117.25,0.11098156208289561
-22.5,117.5,0.10887548560532335
-22.5,117.75,0.11112169959793597
-22.5,118.0,0.11658580213536711
-22.5,118.25,0.12340415819052752
-22.5,118.5,0.12268333204052984
-22.5,118.75,0.11838002409472917
-22.5,119.0,0.11931524916694651
-22.5,119.25,0.11906455268856542
-22.5,119.5,0.12286468204829745
-22.5,119.75,0.12649888044869148
-22.5,120.0,0.1279070313837208
-22.5,120.25,0.12850310429206394
-22.5,120.5,0.1269360083827324
-22.5,120.75,0.12701919780926435
-22.5,121.0,0.1268700187852915
-22.5,121.25,0.1265479301844629
-22.5,121.5,0.12899538979052835
-22.5,121.75,0.13257226032419717
-22.5,122.0,0.13262635148745844
-22.5,122.25,0.13215919236735835
-22.5,122.5,0.1328480943222639
-22.5,122.75,0.1294536455665362
-22.5,123.0,0.13259508894973504
-22.5,123.25,0.13934091750302408
-22.5,123.5,0.1424119394075389
-22.5,123.75,0.14396945521408805
-22.5,124.0,0.14293301790875274
-22.5,124.25,0.14483091513408683
-22.5,124.5,0.14613846198220826
-22.5,124.75,0.14831635437901936
-22.5,125.0,0.1492714385188652
-22.5,125.25,0.14949718750544708
-22.5,125.5,0.14879024954301517
-22.5,125.75,0.14475583610297263
-22.5,126.0,0.14422756468478712
-22.5,126.25,0.14693814010933962
-22.5,126.5,0.15049871450390126
-22.5,126.75,0.1552586918536554
-22.5,127.0,0.15774854600383487
-22.5,127.25,0.16406465888688493
-22.5,127.5,0.16545081136095308
-22.5,127.75,0.16499828126080973
-22.5,128.0,0.16344894895305728
-22.5,128.25,0.1608338065478647
-22.5,128.5,0.15825411048554286
-22.5,128.75,0.1544910840012587
-22.5,129.0,0.15053392557589393
-22.5,129.25,0.14590217436076827
-22.5,129.5,0.14230021830219555
-22.5,129.75,0.13844793983515075
-22.5,130.0,0.13550672594462157
-22.5,130.25,0.13485270788000092
-22.5,130.5,0.1350772526451903
-22.5,130.75,0.14035560584049364
-22.5,131.0,0.1432037636809626
-22.5,131.25,0.14382178766441328
-22.5,131.5,0.14407187998085924
-22.5,131.75,0.1427459042301858
-22.5,132.0,0.14231416527633708
-22.5,132.25,0.14054928868044003
-22.5,132.5,0.13729830938124984
-22.5,132.75,0.13245196252652006
-22.5,133.0,0.1380289441597738
-22.5,133.25,0.14371078222253914
-22.5,133.5,0.14653343337598068
-22.5,133.75,0.13958126517186273
-22.5,134.0,0.1405414339548353
-22.5,134.25,0.1433548883050815
-22.5,134.5,0.1452272141242333
-22.5,134.75,0.14258132132603527
-22.5,135.0,0.13976110533837804
-22.5,135.25,0.14266096184434496
-22.5,135.5,0.14350122450428357
-22.5,135.75,0.14996029673338918
-22.5,136.0,0.1525802572261072
-22.5,136.25,0.15110418949396784
-22.5,136.5,0.1433831140270912
-22.5,136.75,0.13989008552387663
-22.5,137.0,0.13718060932177148
-22.5,137.25,0.13450051271842203
-22.5,137.5,0.1346759960306047
-22.5,137.75,0.13264729389303367
-22.5,138.0,0.12890406144087374
-22.5,138.25,0.12764229194791427
-22.5,138.5,0.12589675464778052
-22.5,138.75,0.12882049480040764
-22.5,139.0,0.12977385827983673
-22.5,139.25,0.13226906225646368
-22.5,139.5,0.1340726672092536
-22.5,139.75,0.13481233020892067
-22.5,140.0,0.13522855453003194
-22.5,140.25,0.1346799242588915
-22.5,140.5,0.13326873362593722
-22.5,140.75,0.12982402444513377
-22.5,141.0,0.12977647093743994
-22.5,141.25,0.13255446118204423
-22.5,141.5,0.13171495779989642
-22.5,141.75,0.12985849369687166
-22.5,142.0,0.12422232126509407
-22.5,142.25,0.11670219131541615
-22.5,142.5,0.10993329074622149
-22.5,142.75,0.10434487808503258
-22.5,143.0,0.10540142007982059
-22.5,143.25,0.10502625399375985
-22.5,143.5,0.11067503785735414
-22.5,143.75,0.11317891513131649
-22.5,144.0,0.11707384777693969
-22.5,144.25,0.12159703320279334
-22.5,144.5,0.1234572828179729
-22.5,144.75,0.12505090990706136
-22.5,145.0,0.12569638718585138
-22.5,145.25,0.12370492664044236
-22.5,145.5,0.11912182450971981
-22.5,145.75,0.1203679387231073
-22.5,146.0,0.12303695995777852
-22.5,146.25,0.1221455875217002
-22.5,146.5,0.1260657517297511
-22.5,146.75,0.1213881243621098
-22.5,147.0,0.11395656864512793
-22.5,147.25,0.1077416388114703
-22.5,147.5,0.1073462119254638
-22.5,147.75,0.11018335326705475
-22.5,148.0,0.11187891238626539
-22.5,148.25,0.11069226859735914
-22.5,148.5,0.11198041477928934
-22.5,148.75,0.11202499411005408
-22.5,149.0,0.1061967105625898
-22.5,149.25,0.10089426539770374
-22.5,149.5,0.1011423263918473
-22.5,149.75,0.09499487740958966
-22.5,150.0,0.08401630339886292
-22.5,150.25,0.06748483571688513
-22.5,150.5,0.05618472238466533
-22.5,150.75,0.04229265464129119
-22.75,113.5,0.0746626503382165
-22.75,113.75,0.07927842542184008
-22.75,114.0,0.08479654425963562
-22.75,114.25,0.08487449628774979
-22.75,114.5,0.08352288872225916
-22.75,114.75,0.08377292128935343
-22.75,115.0,0.08351802583851553
-22.75,115.25,0.0848385569971354
-22.75,115.5,0.08954134263760968
-22.75,115.75,0.08712694121872581
-22.75,116.0,0.0874489184741649
-22.75,116.25,0.09237998465411106
-22.75,116.5,0.10044385465477444
-22.75,116.75,0.11002956434243735
-22.75,117.0,0.11604746976591472
-22.75,117.25,0.11717181293353196
-22.75,117.5,0.11770519180220376
-22.75,117.75,0.12132432518062046
-22.75,118.0,0.12639062918031477
-22.75,118.25,0.13239819169934733
-22.75,118.5,0.13232851149694344
-22.75,118.75,0.12557889827877664
-22.75,119.0,0.1193056716456666
-22.75,119.25,0.1179011729626855
-22.75,119.5,0.12261486300786456
-22.75,119.75,0.1294669289594604
-22.75,120.0,0.13189135053229578
-22.75,120.25,0.13217699064966218
-22.75,120.5,0.13043213183407792
-22.75,120.75,0.12989871100698838
-22.75,121.0,0.12980950885152043
-22.75,121.25,0.13153318884014475
-22.75,121.5,0.13417633746165702
-22.75,121.75,0.1367339441075126
-22.75,122.0,0.1359276333257439
-22.75,122.25,0.13552496785065862
-22.75,122.5,0.13346851136704962
-22.75,122.75,0.13194066834627416
-22.75,123.0,0.13306815711956707
-22.75,123.25,0.13764510593703055
-22.75,123.5,0.13898934487108955
-22.75,123.75,0.13884129396552758
-22.75,124.0,0.14025112049084434
-22.75,124.25,0.1430631274861396
-22.75,124.5,0.14701669414584811
-22.75,124.75,0.1496777075939148
-22.75,125.0,0.1509730020505103
-22.75,125.25,0.15220207825647486
-22.75,125.5,0.1499952812805867
-22.75,125.75,0.1466419958590548
-22.75,126.0,0.14602677882372142
-22.75,126.25,0.15012085707755038
-22.75,126.5,0.15378081854133932
-22.75,126.75,0.1569724487311447
-22.75,127.0,0.16000060982675576
-22.75,127.25,0.16232042765153934
-22.75,127.5,0.1648724636536826
-22.75,127.75,0.16441758632075926
-22.75,128.0,0.16267997758809358
-22.75,128.25,0.16108457896297093
-22.75,128.5,0.15907010973599056
-22.75,128.75,0.1568466253409065
-22.75,129.0,0.15473414557303425
-22.75,129.25,0.15086228608538166
-22.75,129.5,0.14655523403070803
-22.75,129.75,0.14378352967601424
-22.75,130.0,0.14215664450217133
-22.75,130.25,0.14116339014482765
-22.75,130.5,0.14062870345483047
-22.75,130.75,0.14261085834658596
-22.75,131.0,0.14437948506272694
-22.75,131.25,0.1439481378805747
-22.75,131.5,0.14260687368334343
-22.75,131.75,0.14211483960298119
-22.75,132.0,0.1410591309037795
-22.75,132.25,0.1397165854050311
-22.75,132.5,0.1366995607625001
-22.75,132.75,0.13124918875860814
-22.75,133.0,0.1309789671323491
-22.75,133.25,0.13446668983576862
-22.75,133.5,0.13822878682605697
-22.75,133.75,0.14159916770003192
-22.75,134.0,0.1440579739460539
-22.75,134.25,0.14662353718741553
-22.75,134.5,0.14762728344688453
-22.75,134.75,0.14675638564705928
-22.75,135.0,0.14823387064113916
-22.75,135.25,0.15213343803269763
-22.75,135.5,0.15954427039176455
-22.75,135.75,0.16498872366939557
-22.75,136.0,0.16488431934192055
-22.75,136.25,0.1590321542609789
-22.75,136.5,0.15042113193146678
-22.75,136.75,0.14598492797191442
-22.75,137.0,0.14424635831098
-22.75,137.25,0.14206201922093337
-22.75,137.5,0.140841235869591
-22.75,137.75,0.140679767756447
-22.75,138.0,0.13892999122048674
-22.75,138.25,0.13641443214785914
-22.75,138.5,0.134624317772758
-22.75,138.75,0.13782487666614082
-22.75,139.0,0.13934439505504526
-22.75,139.25,0.14013684473900495
-22.75,139.5,0.1390108866794514
-22.75,139.75,0.1396196582699567
-22.75,140.0,0.13923167664576763
-22.75,140.25,0.13779399624192543
-22.75,140.5,0.13618977198913074
-22.75,140.75,0.13259359504840826
-22.75,141.0,0.13276923446652267
-22.75,141.25,0.13587503274122822
-22.75,141.5,0.13614743433481802
-22.75,141.75,0.13183959309942336
-22.75,142.0,0.12355242284352251
-22.75,142.25,0.11417427444946834
-22.75,142.5,0.10979453384476225
-22.75,142.75,0.10961661046717665
-22.75,143.0,0.1094883832817659
-22.75,143.25,0.11283970980273193
-22.75,143.5,0.11750955448224853
-22.75,143.75,0.12019578516292566
-22.75,144.0,0.12069359160196742
-22.75,144.25,0.1224916871571532
-22.75,144.5,0.1236907381745648
-22.75,144.75,0.12515578682982278
-22.75,145.0,0.12487551770918524
-22.75,145.25,0.12210909116784968
-22.75,145.5,0.11613303961165121
-22.75,145.75,0.11654944707436646
-22.75,146.0,0.11922720886453234
-22.75,146.25,0.12477759809857988
-22.75,146.5,0.12828932433808485
-22.75,146.75,0.12581549658080693
-22.75,147.0,0.11579866357450633
-22.75,147.25,0.11172748044832348
-22.75,147.5,0.11578896701050888
-22.75,147.75,0.1193642358886683
-22.75,148.0,0.12170631659001492
-22.75,148.25,0.12052585788280089
-22.75,148.5,0.1166020631121621
-22.75,148.75,0.11357432951179902
-22.75,149.0,0.10752453927381567
-22.75,149.25,0.10493520727989578
-22.75,149.5,0.1067692989421251
-22.75,149.75,0.09776207359541333
-22.75,150.0,0.08722210551905793
-22.75,150.25,0.0789616993365279
-22.75,150.5,0.06887210789972081
-22.75,150.75,0.04891821103745369
-22.75,151.0,0.040695857417885284
-23.0,113.5,0.07605567494011349
-23.0,113.75,0.07819684594764216
-23.0,114.0,0.08411718562881623
-23.0,114.25,0.08737633407407241
-23.0,114.5,0.08759052174401094
-23.0,114.75,0.08700784131216523
-23.0,115.0,0.08883111057100876
-23.0,115.25,0.08959113074406834
-23.0,115.5,0.09397345156690687
-23.0,115.75,0.09153919857408936
-23.0,116.0,0.08624446836586264
-23.0,116.25,0.0905697881594003
-23.0,116.5,0.09421921229689974
-23.0,116.75,0.10703625516821767
-23.0,117.0,0.11641956668828465
-23.0,117.25,0.11954512576162686
-23.0,117.5,0.12145652654223502
-23.0,117.75,0.1260550195613245
-23.0,118.0,0.1339635503752058
-23.0,118.25,0.1383205345003686
-23.0,118.5,0.1379810132615753
-23.0,118.75,0.13730095048928326
-23.0,119.0,0.12918366780046509
-23.0,119.25,0.12359728921200126
-23.0,119.5,0.1183531102619156
-23.0,119.75,0.12740077334430389
-23.0,120.0,0.13291354013953774
-23.0,120.25,0.13284603015236757
-23.0,120.5,0.1320185860955541
-23.0,120.75,0.13169322230160696
-23.0,121.0,0.13286244733396071
-23.0,121.25,0.13473823337064883
-23.0,121.5,0.13665221742755576
-23.0,121.75,0.13772030364888263
-23.0,122.0,0.13610969709440632
-23.0,122.25,0.13488446832127968
-23.0,122.5,0.13590296617534028
-23.0,122.75,0.13551579082445087
-23.0,123.0,0.13647653272776056
-23.0,123.25,0.13615998164391285
-23.0,123.5,0.13626191335921634
-23.0,123.75,0.13691708020512525
-23.0,124.0,0.13999788672272917
-23.0,124.25,0.14451078288367744
-23.0,124.5,0.15106110724266492
-23.0,124.75,0.15410788752916135
-23.0,125.0,0.15405414399393344
-23.0,125.25,0.15461993300167706
-23.0,125.5,0.15191920389223063
-23.0,125.75,0.14945493723243514
-23.0,126.0,0.14852712897627443
-23.0,126.25,0.15225694672155607
-23.0,126.5,0.15555806540113137
-23.0,126.75,0.15394062862038377
-23.0,127.0,0.15655799912563517
-23.0,127.25,0.15722900875640367
-23.0,127.5,0.15985219704211256
-23.0,127.75,0.16048424737946862
-23.0,128.0,0.16022287551827757
-23.0,128.25,0.16091108914960434
-23.0,128.5,0.16139339943418107
-23.0,128.75,0.16088139911920682
-23.0,129.0,0.1594313276667678
-23.0,129.25,0.15481540928052237
-23.0,129.5,0.14993374073010277
-23.0,129.75,0.1459595689409853
-23.0,130.0,0.1450677180718409
-23.0,130.25,0.14492408300613585
-23.0,130.5,0.14386508597226536
-23.0,130.75,0.14340763696999198
-23.0,131.0,0.1426859287925855
-23.0,131.25,0.1420483189229375
-23.0,131.5,0.1439556142369221
-23.0,131.75,0.14410794342283337
-23.0,132.0,0.14269175052147198
-23.0,132.25,0.14075484999477134
-23.0,132.5,0.13768734168044777
-23.0,132.75,0.13582616455836682
-23.0,133.0,0.13260942418950922
-23.0,133.25,0.13144715198762508
-23.0,133.5,0.13527607031054936
-23.0,133.75,0.1406478082551585
-23.0,134.0,0.14829239128536037
-23.0,134.25,0.1504013618537248
-23.0,134.5,0.1598490354990528
-23.0,134.75,0.1617192941302795
-23.0,135.0,0.16749282926186088
-23.0,135.25,0.17082014437797755
-23.0,135.5,0.1762054418621054
-23.0,135.75,0.1725235015704741
-23.0,136.0,0.17050871868863524
-23.0,136.25,0.16482793159062756
-23.0,136.5,0.15789081811163128
-23.0,136.75,0.15466142487454654
-23.0,137.0,0.15493504820104675
-23.0,137.25,0.15363382960497074
-23.0,137.5,0.15240733627782962
-23.0,137.75,0.1507417449477897
-23.0,138.0,0.14991784066542688
-23.0,138.25,0.14771850719856314
-23.0,138.5,0.1452731034634765
-23.0,138.75,0.14563932966581583
-23.0,139.0,0.1468841630237364
-23.0,139.25,0.14625343721348458
-23.0,139.5,0.1446041268947744
-23.0,139.75,0.1442876684252614
-23.0,140.0,0.14325317317271302
-23.0,140.25,0.13959705159843724
-23.0,140.5,0.14000358761351897
-23.0,140.75,0.13793661077598865
-23.0,141.0,0.13932932010206325
-23.0,141.25,0.1410983824677848
-23.0,141.5,0.1398878682696093
-23.0,141.75,0.13253361404008013
-23.0,142.0,0.11993483781936663
-23.0,142.25,0.11513820410732943
-23.0,142.5,0.1157365156216249
-23.0,142.75,0.11718845252675454
-23.0,143.0,0.11931478857032381
-23.0,143.25,0.12049751101928997
-23.0,143.5,0.12138573067229042
-23.0,143.75,0.12243457856013397
-23.0,144.0,0.12318427250275786
-23.0,144.25,0.12320072385598368
-23.0,144.5,0.12355548110727257
-23.0,144.75,0.12695049525392196
-23.0,145.0,0.12556514926983983
-23.0,145.25,0.1226907868666247
-23.0,145.5,0.11549607004521167
-23.0,145.75,0.1155965819234597
-23.0,146.0,0.12173588629246253
-23.0,146.25,0.12720546083597223
-23.0,146.5,0.1319769069428304
-23.0,146.75,0.12844177198906676
-23.0,147.0,0.11746029392209499
-23.0,147.25,0.11419877896238126
-23.0,147.5,0.1197222080424535
-23.0,147.75,0.1267700229224451
-23.0,148.0,0.12764876340490913
-23.0,148.25,0.12682473281909
-23.0,148.5,0.1232798288723167
-23.0,148.75,0.11732873419690587
-23.0,149.0,0.10988517581115075
-23.0,149.25,0.10947148021343468
-23.0,149.5,0.10927892949053972
-23.0,149.75,0.10112239958008527
-23.0,150.0,0.09061926665692473
-23.0,150.25,0.0819045761310564
-23.0,150.5,0.07181704868018993
-23.0,150.75,0.05575121018488384
-23.0,151.0,0.04343397293338298
-23.25,113.5,0.0778920443531305
-23.25,113.75,0.07921132809667529
-23.25,114.0,0.08461036727569678
-23.25,114.25,0.08909898578599476
-23.25,114.5,0.08788863829923742
-23.25,114.75,0.08874834899225134
-23.25,115.0,0.09188331450713767
-23.25,115.25,0.09652900957076938
-23.25,115.5,0.10071744123674517
-23.25,115.75,0.0999305925191758
-23.25,116.0,0.09535622731786084
-23.25,116.25,0.09335813866527673
-23.25,116.5,0.09767370359320036
-23.25,116.75,0.10289795086173448
-23.25,117.0,0.11535765309818172
-23.25,117.25,0.12353456706120693
-23.25,117.5,0.1263237017612322
-23.25,117.75,0.1322779338728541
-23.25,118.0,0.135744775113996
-23.25,118.25,0.1392398443735509
-23.25,118.5,0.13794970330535733
-23.25,118.75,0.14239283863564317
-23.25,119.0,0.1411325040524854
-23.25,119.25,0.1348884954032449
-23.25,119.5,0.1300539009235418
-23.25,119.75,0.12872249233545424
-23.25,120.0,0.13389669000249632
-23.25,120.25,0.13421742875148626
-23.25,120.5,0.1331512073065436
-23.25,120.75,0.1326478335232589
-23.25,121.0,0.13463798188261603
-23.25,121.25,0.1373176570443824
-23.25,121.5,0.13881934728128256
-23.25,121.75,0.13689685072826274
-23.25,122.0,0.13577084249202745
-23.25,122.25,0.13360766920054779
-23.25,122.5,0.1340505857136065
-23.25,122.75,0.13474590150092494
-23.25,123.0,0.13649051070855714
-23.25,123.25,0.1349127378039259
-23.25,123.5,0.13459607059820705
-23.25,123.75,0.13842772381917692
-23.25,124.0,0.14166926583200426
-23.25,124.25,0.14703629215963931
-23.25,124.5,0.15302490926765497
-23.25,124.75,0.15670055104724318
-23.25,125.0,0.15734594891724432
-23.25,125.25,0.15670750001998654
-23.25,125.5,0.15534107011384893
-23.25,125.75,0.15318370943098863
-23.25,126.0,0.15243419290748092
-23.25,126.25,0.15450681074183956
-23.25,126.5,0.1528850761077191
-23.25,126.75,0.152641578851164
-23.25,127.0,0.15209126420424263
-23.25,127.25,0.15374455232059545
-23.25,127.5,0.1555401640503728
-23.25,127.75,0.15667294250644112
-23.25,128.0,0.15972292985147213
-23.25,128.25,0.162534472630008
-23.25,128.5,0.1654628951522709
-23.25,128.75,0.1646393992718039
-23.25,129.0,0.16316782971516555
-23.25,129.25,0.15772432859955787
-23.25,129.5,0.1518715477711489
-23.25,129.75,0.1490446985946451
-23.25,130.0,0.1490410124300209
-23.25,130.25,0.14899983027401592
-23.25,130.5,0.14679862560163928
-23.25,130.75,0.1425668345804198
-23.25,131.0,0.1425617248962144
-23.25,131.25,0.1442793653527273
-23.25,131.5,0.14810710862355142
-23.25,131.75,0.15266070340246463
-23.25,132.0,0.15067785946172377
-23.25,132.25,0.14858012535710377
-23.25,132.5,0.1489982134465924
-23.25,132.75,0.14587651027248072
-23.25,133.0,0.1421245612196693
-23.25,133.25,0.13897881707606582
-23.25,133.5,0.14109266673325685
-23.25,133.75,0.1442780798127189
-23.25,134.0,0.1529968793122412
-23.25,134.25,0.16656070545714802
-23.25,134.5,0.17527122849815982
-23.25,134.75,0.17908155189525823
-23.25,135.0,0.1846776728892748
-23.25,135.25,0.18395539002175357
-23.25,135.5,0.17905366783561272
-23.25,135.75,0.1748044797855269
-23.25,136.0,0.17011434023385277
-23.25,136.25,0.16462734108959728
-23.25,136.5,0.16109967922877358
-23.25,136.75,0.15994653231869316
-23.25,137.0,0.16098639966956893
-23.25,137.25,0.16071074335653598
-23.25,137.5,0.158358839885134
-23.25,137.75,0.15695385490523375
-23.25,138.0,0.15610287654174296
-23.25,138.25,0.15577114183844865
-23.25,138.5,0.15271972579811768
-23.25,138.75,0.15147269458274665
-23.25,139.0,0.14955204586122062
-23.25,139.25,0.1474577146695667
-23.25,139.5,0.14725907066914487
-23.25,139.75,0.14710813449555102
-23.25,140.0,0.1441383270177625
-23.25,140.25,0.14299890086078035
-23.25,140.5,0.1418817164986785
-23.25,140.75,0.14572535333086714
-23.25,141.0,0.1481187082031715
-23.25,141.25,0.14598236606243642
-23.25,141.5,0.13919406102348247
-23.25,141.75,0.12977168546277307
-23.25,142.0,0.12399553064611282
-23.25,142.25,0.11959471232700769
-23.25,142.5,0.1241513022707659
-23.25,142.75,0.1273915627519625
-23.25,143.0,0.1283150599887987
-23.25,143.25,0.12795467999212937
-23.25,143.5,0.1255014421731385
-23.25,143.75,0.12442175080019179
-23.25,144.0,0.12421534858680687
-23.25,144.25,0.12216784892918775
-23.25,144.5,0.12318873359468484
-23.25,144.75,0.12520037823705618
-23.25,145.0,0.12828343613366483
-23.25,145.25,0.12482368038257033
-23.25,145.5,0.11861629689853176
-23.25,145.75,0.11676842021923003
-23.25,146.0,0.12090167332621962
-23.25,146.25,0.1273426105672229
-23.25,146.5,0.13030259300371078
-23.25,146.75,0.13039749778927245
-23.25,147.0,0.12039709946802057
-23.25,147.25,0.11633524155261535
-23.25,147.5,0.12340785297224151
-23.25,147.75,0.1296311513785612
-23.25,148.0,0.13178697955021879
-23.25,148.25,0.12972966946297784
-23.25,148.5,0.1284422868348768
-23.25,148.75,0.11921693666407782
-23.25,149.0,0.1116243518592661
-23.25,149.25,0.10796657520348621
-23.25,149.5,0.10881433739103359
-23.25,149.75,0.10747136831604084
-23.25,150.0,0.09687052913322043
-23.25,150.25,0.08275908338452492
-23.25,150.5,0.06771179209759833
-23.25,150.75,0.05491450621327299
-23.25,151.0,0.04752104107742554
-23.5,113.5,0.0811823396974995
-23.5,113.75,0.08293817024939192
-23.5,114.0,0.08553019968460007
-23.5,114.25,0.08718691013335227
-23.5,114.5,0.08788255063854716
-23.5,114.75,0.0898147854291622
-23.5,115.0,0.09480758778258677
-23.5,115.25,0.10150627854062641
-23.5,115.5,0.10743426211023209
-23.5,115.75,0.10971694688505797
-23.5,116.0,0.10906980374033734
-23.5,116.25,0.10735403746472272
-23.5,116.5,0.10507049038834367
-23.5,116.75,0.10894636117646785
-23.5,117.0,0.1180516344551621
-23.5,117.25,0.1260119012043325
-23.5,117.5,0.13368995069702347
-23.5,117.75,0.13875411816598704
-23.5,118.0,0.14145237323573903
-23.5,118.25,0.13996784647362098
-23.5,118.5,0.1401989045461692
-23.5,118.75,0.14258325005652447
-23.5,119.0,0.143414354692581
-23.5,119.25,0.14156056178884519
-23.5,119.5,0.1388375297860213
-23.5,119.75,0.13595827671146143
-23.5,120.0,0.13511641130590887
-23.5,120.25,0.1351445137851113
-23.5,120.5,0.13581848777453076
-23.5,120.75,0.13743543501325714
-23.5,121.0,0.14000607163406548
-23.5,121.25,0.14155730978699363
-23.5,121.5,0.14161202065328993
-23.5,121.75,0.13921721924682048
-23.5,122.0,0.1365839906640406
-23.5,122.25,0.13398922489621806
-23.5,122.5,0.13151604004639886
-23.5,122.75,0.13177242322865632
-23.5,123.0,0.1348553905523766
-23.5,123.25,0.13538710120960973
-23.5,123.5,0.13642247112242553
-23.5,123.75,0.1390298684981586
-23.5,124.0,0.14358626162853058
-23.5,124.25,0.14594466167503617
-23.5,124.5,0.1505789679538505
-23.5,124.75,0.1554459191738439
-23.5,125.0,0.15841562662674
-23.5,125.25,0.15890482565083558
-23.5,125.5,0.1573339397160038
-23.5,125.75,0.15744081061891513
-23.5,126.0,0.15542121267524078
-23.5,126.25,0.1540273696606106
-23.5,126.5,0.15190843449191735
-23.5,126.75,0.1491457449326788
-23.5,127.0,0.14917736918232993
-23.5,127.25,0.15107304839903204
-23.5,127.5,0.15443420287371062
-23.5,127.75,0.15811327243380088
-23.5,128.0,0.16223288124471955
-23.5,128.25,0.16651080699494197
-23.5,128.5,0.16699814796074447
-23.5,128.75,0.1666816720400356
-23.5,129.0,0.16319076176607397
-23.5,129.25,0.15788332744678793
-23.5,129.5,0.15511280899200275
-23.5,129.75,0.15518919575394766
-23.5,130.0,0.15605334847239757
-23.5,130.25,0.15460908400101428
-23.5,130.5,0.151011732405663
-23.5,130.75,0.14711017024013204
-23.5,131.0,0.1466842532627041
-23.5,131.25,0.14856765983207307
-23.5,131.5,0.15341232648288772
-23.5,131.75,0.15853553998471376
-23.5,132.0,0.16237133315069988
-23.5,132.25,0.16511570648401824
-23.5,132.5,0.16547213989070664
-23.5,132.75,0.164614715253644
-23.5,133.0,0.1591404243673197
-23.5,133.25,0.15510730844911216
-23.5,133.5,0.15468378138822136
-23.5,133.75,0.1553412234624445
-23.5,134.0,0.16033017026710888
-23.5,134.25,0.16681285632291254
-23.5,134.5,0.1705875879419595
-23.5,134.75,0.17093427032120928
-23.5,135.0,0.16987318599990867
-23.5,135.25,0.17206326416362372
-23.5,135.5,0.17225230442523662
-23.5,135.75,0.17022899163721011
-23.5,136.0,0.1660579736068197
-23.5,136.25,0.16252857898932552
-23.5,136.5,0.16059396796397057
-23.5,136.75,0.15963455141918464
-23.5,137.0,0.16006996662610182
-23.5,137.25,0.16072275243465955
-23.5,137.5,0.16000004283399533
-23.5,137.75,0.1590499264723509
-23.5,138.0,0.15826860988411942
-23.5,138.25,0.15853057612252
-23.5,138.5,0.15580698899840362
-23.5,138.75,0.1518847461223897
-23.5,139.0,0.1482442624982904
-23.5,139.25,0.14901747309013746
-23.5,139.5,0.15076392034459635
-23.5,139.75,0.14945268560198355
-23.5,140.0,0.14757224444300074
-23.5,140.25,0.14661690376278866
-23.5,140.5,0.14906191096085797
-23.5,140.75,0.1526934750171445
-23.5,141.0,0.1518035517773314
-23.5,141.25,0.14581373638557318
-23.5,141.5,0.13575785815677818
-23.5,141.75,0.12936684105974372
-23.5,142.0,0.12534073306794877
-23.5,142.25,0.12682355738175613
-23.5,142.5,0.12970912579357444
-23.5,142.75,0.13184431055280266
-23.5,143.0,0.13244900749596908
-23.5,143.25,0.13119018009858852
-23.5,143.5,0.1289384183039614
-23.5,143.75,0.12605441505723225
-23.5,144.0,0.12267444878436211
-23.5,144.25,0.12001176370613859
-23.5,144.5,0.1202526449340935
-23.5,144.75,0.12515224658277627
-23.5,145.0,0.1279085477828559
-23.5,145.25,0.1277204190594344
-23.5,145.5,0.12210163280295253
-23.5,145.75,0.11849173359212964
-23.5,146.0,0.12165308648419944
-23.5,146.25,0.12664323988472348
-23.5,146.5,0.12926143273685073
-23.5,146.75,0.1287651973624909
-23.5,147.0,0.12638576304107696
-23.5,147.25,0.12516895498864028
-23.5,147.5,0.12955073997247907
-23.5,147.75,0.13155010878175988
-23.5,148.0,0.13191467880522495
-23.5,148.25,0.1318378165780573
-23.5,148.5,0.1299882103660842
-23.5,148.75,0.12216597446144811
-23.5,149.0,0.10711553387111562
-23.5,149.25,0.1006355072313277
-23.5,149.5,0.106676187281166
-23.5,149.75,0.11347638181956239
-23.5,150.0,0.10379182563405841
-23.5,150.25,0.08215566080062833
-23.5,150.5,0.06757013169828842
-23.5,150.75,0.05912671893624847
-23.5,151.0,0.053141530535041
-23.5,151.25,0.0477794608982878
-23.75,113.25,0.08284527435892103
-23.75,113.5,0.08316388663987094
-23.75,113.75,0.08415983932600042
-23.75,114.0,0.08450144065588241
-23.75,114.25,0.08686040636834616
-23.75,114.5,0.08956485536419491
-23.75,114.75,0.09296669144400257
-23.75,115.0,0.09834678946649243
-23.75,115.25,0.10505427114528221
-23.75,115.5,0.11090305884641383
-23.75,115.75,0.11673313412176516
-23.75,116.0,0.11809850724339903
-23.75,116.25,0.11748963975451972
-23.75,116.5,0.1179808336371493
-23.75,116.75,0.12101489235903538
-23.75,117.0,0.12395209293940836
-23.75,117.25,0.12676345886243004
-23.75,117.5,0.13305060363689933
-23.75,117.75,0.13964103239460698
-23.75,118.0,0.14623266783601932
-23.75,118.25,0.14637037748602882
-23.75,118.5,0.1465240905096674
-23.75,118.75,0.14481668060641908
-23.75,119.0,0.14347379110184125
-23.75,119.25,0.14106970888533307
-23.75,119.5,0.1404580954439745
-23.75,119.75,0.1396687573481724
-23.75,120.0,0.13907986571182776
-23.75,120.25,0.13809877743340798
-23.75,120.5,0.13951528627972384
-23.75,120.75,0.14374253051904337
-23.75,121.0,0.14665206863098906
-23.75,121.25,0.14661187514870916
-23.75,121.5,0.14367734335828783
-23.75,121.75,0.13946222046994391
-23.75,122.0,0.13609698645332008
-23.75,122.25,0.13261024343436648
-23.75,122.5,0.13042601851536104
-23.75,122.75,0.13007924659513867
-23.75,123.0,0.13348217589783792
-23.75,123.25,0.13521082819622884
-23.75,123.5,0.13663778108168562
-23.75,123.75,0.13923324657936317
-23.75,124.0,0.1418113136164254
-23.75,124.25,0.14318829898407393
-23.75,124.5,0.14597621642673658
-23.75,124.75,0.14994810195271546
-23.75,125.0,0.1538653858308939
-23.75,125.25,0.1556261132264751
-23.75,125.5,0.15559098255112452
-23.75,125.75,0.15455340262742828
-23.75,126.0,0.15274465078902102
-23.75,126.25,0.15220298892967393
-23.75,126.5,0.15055605256642554
-23.75,126.75,0.14946599910897487
-23.75,127.0,0.15163442636620508
-23.75,127.25,0.15430861286740746
-23.75,127.5,0.1562476820969156
-23.75,127.75,0.159729920288507
-23.75,128.0,0.16402042638144473
-23.75,128.25,0.16715040861240674
-23.75,128.5,0.16655731720287634
-23.75,128.75,0.16502525250557448
-23.75,129.0,0.16358177032448842
-23.75,129.25,0.16266138940928057
-23.75,129.5,0.16328620592509133
-23.75,129.75,0.16268263498576743
-23.75,130.0,0.16085341848633375
-23.75,130.25,0.15863249311323693
-23.75,130.5,0.15521379187523957
-23.75,130.75,0.15290388108639086
-23.75,131.0,0.1515724026462756
-23.75,131.25,0.15185726536228475
-23.75,131.5,0.15475101034121286
-23.75,131.75,0.16004949664242396
-23.75,132.0,0.1645747689733933
-23.75,132.25,0.16802363640648832
-23.75,132.5,0.17073905456522626
-23.75,132.75,0.17184246570038564
-23.75,133.0,0.17014519902394767
-23.75,133.25,0.1659305074121631
-23.75,133.5,0.16451507477848348
-23.75,133.75,0.15976995498244656
-23.75,134.0,0.1523290775260252
-23.75,134.25,0.14964101583559183
-23.75,134.5,0.15041279854653164
-23.75,134.75,0.14978596720463438
-23.75,135.0,0.1498048063946746
-23.75,135.25,0.15880694498856018
-23.75,135.5,0.1627295736433592
-23.75,135.75,0.16331008415193715
-23.75,136.0,0.1621782118443448
-23.75,136.25,0.16031823599390607
-23.75,136.5,0.15963550294756526
-23.75,136.75,0.15889428424934432
-23.75,137.0,0.15840012785426588
-23.75,137.25,0.15778428056743485
-23.75,137.5,0.1572079453167943
-23.75,137.75,0.1563385263725811
-23.75,138.0,0.1564370059119932
-23.75,138.25,0.15637355134730316
-23.75,138.5,0.15412206045791563
-23.75,138.75,0.15088236643832342
-23.75,139.0,0.1491543197516892
-23.75,139.25,0.1512395364205291
-23.75,139.5,0.154679501913287
-23.75,139.75,0.15207507762407355
-23.75,140.0,0.14973842562954542
-23.75,140.25,0.1505670296848842
-23.75,140.5,0.1529809030485916
-23.75,140.75,0.15455921886721638
-23.75,141.0,0.15187914088135854
-23.75,141.25,0.14376329595399212
-23.75,141.5,0.13466965607004613
-23.75,141.75,0.13008719088973264
-23.75,142.0,0.12917210177282792
-23.75,142.25,0.13099191230262078
-23.75,142.5,0.13297676627451727
-23.75,142.75,0.1355534489452603
-23.75,143.0,0.13357974889069338
-23.75,143.25,0.13084245866085892
-23.75,143.5,0.12847202133436944
-23.75,143.75,0.12578822850261737
-23.75,144.0,0.12132933875274042
-23.75,144.25,0.12053425994025012
-23.75,144.5,0.12391019198222446
-23.75,144.75,0.12761878631328108
-23.75,145.0,0.12941560898614282
-23.75,145.25,0.12837044796432032
-23.75,145.5,0.1239221931111048
-23.75,145.75,0.1199105781075109
-23.75,146.0,0.12161775037858838
-23.75,146.25,0.12419571828562183
-23.75,146.5,0.12513338282624942
-23.75,146.75,0.12502822578285244
-23.75,147.0,0.12648090706493426
-23.75,147.25,0.1274666555604637
-23.75,147.5,0.12705816042380047
-23.75,147.75,0.12712969796227686
-23.75,148.0,0.1271142183286953
-23.75,148.25,0.12648140559015067
-23.75,148.5,0.12547647191294053
-23.75,148.75,0.12303672955043389
-23.75,149.0,0.11140962974410587
-23.75,149.25,0.10535282417005563
-23.75,149.5,0.10414973687510812
-23.75,149.75,0.10893503203429884
-23.75,150.0,0.10781865775368159
-23.75,150.25,0.09284664619104013
-23.75,150.5,0.07361262699052687
-23.75,150.75,0.06138593670791336
-23.75,151.0,0.056002729594251725
-23.75,151.25,0.05447771204315976
-23.75,151.5,0.04679997953184063
-23.75,151.75,0.043914611801729904
-24.0,113.25,0.08427524464354316
-24.0,113.5,0.0849114387482536
-24.0,113.75,0.08526365222286536
-24.0,114.0,0.08499010815893661
-24.0,114.25,0.08730750677861772
-24.0,114.5,0.09048965273280905
-24.0,114.75,0.09583232539137099
-24.0,115.0,0.10236393221995531
-24.0,115.25,0.10941660136768444
-24.0,115.5,0.11257625510194734
-24.0,115.75,0.11762541718719687
-24.0,116.0,0.12007545431903376
-24.0,116.25,0.11976703807521222
-24.0,116.5,0.12241226300521492
-24.0,116.75,0.1279369116756689
-24.0,117.0,0.1320379421638663
-24.0,117.25,0.1335114601584177
-24.0,117.5,0.13378576351668198
-24.0,117.75,0.13928070803448792
-24.0,118.0,0.1437826374809859
-24.0,118.25,0.14852161075808631
-24.0,118.5,0.15097617186509907
-24.0,118.75,0.1480873615404092
-24.0,119.0,0.14655730321915628
-24.0,119.25,0.14283376795215544
-24.0,119.5,0.14073164641458144
-24.0,119.75,0.14150366384473317
-24.0,120.0,0.1425444277870476
-24.0,120.25,0.1414234873066632
-24.0,120.5,0.14304202427092336
-24.0,120.75,0.145045687705572
-24.0,121.0,0.14746320408986135
-24.0,121.25,0.14911628283708458
-24.0,121.5,0.14787865681554904
-24.0,121.75,0.14324818509401305
-24.0,122.0,0.1378903435418155
-24.0,122.25,0.132719402100732
-24.0,122.5,0.130621710249663
-24.0,122.75,0.13074119179015797
-24.0,123.0,0.1328431882639966
-24.0,123.25,0.1339147403485755
-24.0,123.5,0.13514656662811192
-24.0,123.75,0.1378767366724645
-24.0,124.0,0.14064326781591277
-24.0,124.25,0.1432358930701713
-24.0,124.5,0.14552779291215542
-24.0,124.75,0.14677487276778328
-24.0,125.0,0.14814713018189388
-24.0,125.25,0.14898445946350247
-24.0,125.5,0.15008185626273007
-24.0,125.75,0.15073872564404964
-24.0,126.0,0.15008441867921826
-24.0,126.25,0.14926128738768546
-24.0,126.5,0.15114787061959495
-24.0,126.75,0.1537478114171568
-24.0,127.0,0.15575725572657195
-24.0,127.25,0.15781102899951202
-24.0,127.5,0.1596986661606284
-24.0,127.75,0.16284636344634548
-24.0,128.0,0.16531706182797168
-24.0,128.25,0.1666779446705008
-24.0,128.5,0.16892407303772794
-24.0,128.75,0.170649433913493
-24.0,129.0,0.17060057356340275
-24.0,129.25,0.1708107939705432
-24.0,129.5,0.17074954718810598
-24.0,129.75,0.16898941567738096
-24.0,130.0,0.16539524818292506
-24.0,130.25,0.16318962216055438
-24.0,130.5,0.1593986819480386
-24.0,130.75,0.15826511698518733
-24.0,131.0,0.157425798842674
-24.0,131.25,0.156665919359513
-24.0,131.5,0.15663380012045894
-24.0,131.75,0.15996714439797705
-24.0,132.0,0.1639236116815937
-24.0,132.25,0.16646098521475788
-24.0,132.5,0.16886585356343173
-24.0,132.75,0.1661808958307041
-24.0,133.0,0.15786703852321665
-24.0,133.25,0.14604005665992972
-24.0,133.5,0.14420068539979033
-24.0,133.75,0.15100838098835528
-24.0,134.0,0.15005657337714717
-24.0,134.25,0.15237626474635138
-24.0,134.5,0.15293116276683758
-24.0,134.75,0.15036996691820023
-24.0,135.0,0.14650367016793367
-24.0,135.25,0.14893065232633973
-24.0,135.5,0.15255166374189105
-24.0,135.75,0.15544962460715817
-24.0,136.0,0.1563618080453976
-24.0,136.25,0.15639436434889095
-24.0,136.5,0.1566498005448086
-24.0,136.75,0.15655791804702415
-24.0,137.0,0.1555631165090312
-24.0,137.25,0.1544628929779656
-24.0,137.5,0.1540291642097168
-24.0,137.75,0.153320310959625
-24.0,138.0,0.152075765562775
-24.0,138.25,0.15143475811240817
-24.0,138.5,0.14905511074790376
-24.0,138.75,0.14660707757441915
-24.0,139.0,0.1470115063678344
-24.0,139.25,0.14970227679184017
-24.0,139.5,0.15076237205741666
-24.0,139.75,0.1492430197789746
-24.0,140.0,0.14804415564510456
-24.0,140.25,0.14973258561265548
-24.0,140.5,0.15175237792871968
-24.0,140.75,0.1524122251582098
-24.0,141.0,0.1488509452281464
-24.0,141.25,0.14071022928872462
-24.0,141.5,0.13500767207963632
-24.0,141.75,0.13350755070191828
-24.0,142.0,0.1355491551757107
-24.0,142.25,0.13604755509128
-24.0,142.5,0.13630225453943592
-24.0,142.75,0.13837873190112923
-24.0,143.0,0.13551658905365566
-24.0,143.25,0.13037837759180426
-24.0,143.5,0.1268497719275593
-24.0,143.75,0.12448149462862061
-24.0,144.0,0.12364252672370663
-24.0,144.25,0.12392633468251724
-24.0,144.5,0.12500094825872243
-24.0,144.75,0.12767610805905216
-24.0,145.0,0.1299765255212084
-24.0,145.25,0.13089401894864888
-24.0,145.5,0.1280761210812199
-24.0,145.75,0.1219497668454206
-24.0,146.0,0.12348826931380474
-24.0,146.25,0.12528243695880373
-24.0,146.5,0.12516196066183954
-24.0,146.75,0.121849215693478
-24.0,147.0,0.12120943212679054
-24.0,147.25,0.12179460727024342
-24.0,147.5,0.12043154583194154
-24.0,147.75,0.11943603186964098
-24.0,148.0,0.11536151992610302
-24.0,148.25,0.11390094557772926
-24.0,148.5,0.11769311616544992
-24.0,148.75,0.12113125461553191
-24.0,149.0,0.12068927371708284
-24.0,149.25,0.12620287447012216
-24.0,149.5,0.11929506382839124
-24.0,149.75,0.11220072131880786
-24.0,150.0,0.11178914216147001
-24.0,150.25,0.10248613102351252
-24.0,150.5,0.08195682529466006
-24.0,150.75,0.06313975233613096
-24.0,151.0,0.04796813360504875
-24.0,151.25,0.04567847303878496
-24.0,151.5,0.050064674875424084
-24.0,151.75,0.048094725642924815
-24.0,152.0,0.0489501981110296
-24.25,113.25,0.08473331846317707
-24.25,113.5,0.0849861868519064
-24.25,113.75,0.08566969875495219
-24.25,114.0,0.08501837902192562
-24.25,114.25,0.08735949150951669
-24.25,114.5,0.09171862945317626
-24.25,114.75,0.09624609525830208
-24.25,115.0,0.10363033432277188
-24.25,115.25,0.10901592084507217
-24.25,115.5,0.11249813702939525
-24.25,115.75,0.1183826160374392
-24.25,116.0,0.12056598185360812
-24.25,116.25,0.12028213692518384
-24.25,116.5,0.12129504691510258
-24.25,116.75,0.12758622378261258
-24.25,117.0,0.1340514551737678
-24.25,117.25,0.13733604974471583
-24.25,117.5,0.13756447529726853
-24.25,117.75,0.13656319058065464
-24.25,118.0,0.14018562617885455
-24.25,118.25,0.14349259182871815
-24.25,118.5,0.147094224635716
-24.25,118.75,0.14429552475345486
-24.25,119.0,0.14315867928178594
-24.25,119.25,0.1417309216576418
-24.25,119.5,0.14226972571844948
-24.25,119.75,0.14306878658445352
-24.25,120.0,0.14336002999743747
-24.25,120.25,0.14255911866950943
-24.25,120.5,0.14305156781104766
-24.25,120.75,0.14416643271508287
-24.25,121.0,0.14552354593205036
-24.25,121.25,0.14638580875474985
-24.25,121.5,0.14789957676380325
-24.25,121.75,0.1464641608753255
-24.25,122.0,0.14083179265798482
-24.25,122.25,0.1363634733054819
-24.25,122.5,0.13330310323185945
-24.25,122.75,0.1345150069688355
-24.25,123.0,0.13524107096328367
-24.25,123.25,0.13470315866430238
-24.25,123.5,0.13566398488997108
-24.25,123.75,0.13729829828415024
-24.25,124.0,0.14055576283135568
-24.25,124.25,0.14306779817721363
-24.25,124.5,0.14569869781019953
-24.25,124.75,0.14606261300778103
-24.25,125.0,0.14620475030492208
-24.25,125.25,0.1467286596372505
-24.25,125.5,0.14789856159411094
-24.25,125.75,0.15024781536433596
-24.25,126.0,0.1504649174886219
-24.25,126.25,0.15019504459558694
-24.25,126.5,0.15347458996856125
-24.25,126.75,0.15538656958298974
-24.25,127.0,0.15842809210186076
-24.25,127.25,0.15857813081485123
-24.25,127.5,0.16321644186877238
-24.25,127.75,0.16671139568532697
-24.25,128.0,0.16742572856293164
-24.25,128.25,0.17067214060562544
-24.25,128.5,0.17378144631682022
-24.25,128.75,0.17645085206646435
-24.25,129.0,0.17519664766339763
-24.25,129.25,0.17471875576863008
-24.25,129.5,0.17535540348432552
-24.25,129.75,0.17418721104149051
-24.25,130.0,0.17266730960271873
-24.25,130.25,0.16962264692930595
-24.25,130.5,0.16604687860844491
-24.25,130.75,0.16403047789984082
-24.25,131.0,0.15938784596383218
-24.25,131.25,0.15574661090902475
-24.25,131.5,0.15289986139992892
-24.25,131.75,0.15453218656641465
-24.25,132.0,0.1572435963520228
-24.25,132.25,0.15988082173539164
-24.25,132.5,0.15868856468333634
-24.25,132.75,0.15455994096663941
-24.25,133.0,0.14433552112762896
-24.25,133.25,0.13741327409312712
-24.25,133.5,0.13512712980262873
-24.25,133.75,0.13891259610407938
-24.25,134.0,0.14301528704907115
-24.25,134.25,0.14683062723512205
-24.25,134.5,0.1502859384459364
-24.25,134.75,0.14882907689600183
-24.25,135.0,0.1426677660133274
-24.25,135.25,0.14191944685544217
-24.25,135.5,0.1454302459545476
-24.25,135.75,0.14915669293690337
-24.25,136.0,0.1509863419659557
-24.25,136.25,0.1510664414599855
-24.25,136.5,0.15134315054734349
-24.25,136.75,0.1517166907716444
-24.25,137.0,0.15084753547915733
-24.25,137.25,0.15052129133169195
-24.25,137.5,0.15010286788781635
-24.25,137.75,0.1512572214265541
-24.25,138.0,0.15148165773260394
-24.25,138.25,0.15020464455231836
-24.25,138.5,0.14788895044190722
-24.25,138.75,0.14568644224431718
-24.25,139.0,0.1459900312738201
-24.25,139.25,0.1465819837567527
-24.25,139.5,0.14616119049178108
-24.25,139.75,0.14462199709915635
-24.25,140.0,0.1460788675963837
-24.25,140.25,0.14803045921156477
-24.25,140.5,0.14935755449883123
-24.25,140.75,0.14774484323798154
-24.25,141.0,0.14309641879213328
-24.25,141.25,0.13884234177999344
-24.25,141.5,0.1366617728058184
-24.25,141.75,0.13911110187781678
-24.25,142.0,0.13959151033446243
-24.25,142.25,0.137894359143972
-24.25,142.5,0.13786419649963264
-24.25,142.75,0.140121018934016
-24.25,143.0,0.13643824271536392
-24.25,143.25,0.13054598724183053
-24.25,143.5,0.12684483306212357
-24.25,143.75,0.12635850460553172
-24.25,144.0,0.1280982069987517
-24.25,144.25,0.12495502238468144
-24.25,144.5,0.12257935856984097
-24.25,144.75,0.12396565929200778
-24.25,145.0,0.12715313330620465
-24.25,145.25,0.1316040390080042
-24.25,145.5,0.13126900212938064
-24.25,145.75,0.12588933109511632
-24.25,146.0,0.12396860600806514
-24.25,146.25,0.1268300854322995
-24.25,146.5,0.12714724073958725
-24.25,146.75,0.12502415300652298
-24.25,147.0,0.12673057633828713
-24.25,147.25,0.12070403464719678
-24.25,147.5,0.11725501631209524
-24.25,147.75,0.10905599394882026
-24.25,148.0,0.10108737576460229
-24.25,148.25,0.10518840428849718
-24.25,148.5,0.10892581032046664
-24.25,148.75,0.11597147240091796
-24.25,149.0,0.12411695285506097
-24.25,149.25,0.12904565590404116
-24.25,149.5,0.12232013876465993
-24.25,149.75,0.115300914279281
-24.25,150.0,0.11041523692138565
-24.25,150.25,0.1011666255064992
-24.25,150.5,0.08507964956717763
-24.25,150.75,0.0643681224489951
-24.25,151.0,0.04953733363848486
-24.25,151.25,0.041121156515421885
-24.25,151.5,0.04296709257530414
-24.25,151.75,0.05305512604892795
-24.25,152.0,0.05460697619087871
-24.25,152.25,0.05531212504399756
-24.5,113.25,0.08552176717422266
-24.5,113.5,0.08636271105375684
-24.5,113.75,0.08602869301450775
-24.5,114.0,0.08513635797469692
-24.5,114.25,0.0878122845834028
-24.5,114.5,0.0913494591383976
-24.5,114.75,0.09731792260994505
-24.5,115.0,0.10446524294000033
-24.5,115.25,0.10890622047437352
-24.5,115.5,0.11212346678569844
-24.5,115.75,0.11974907285647018
-24.5,116.0,0.12153686865443834
-24.5,116.25,0.11955059601623878
-24.5,116.5,0.12062930397343061
-24.5,116.75,0.12482677659545631
-24.5,117.0,0.13257127831916654
-24.5,117.25,0.13661480581566532
-24.5,117.5,0.13948110190461926
-24.5,117.75,0.1395358623780017
-24.5,118.0,0.14031106509741673
-24.5,118.25,0.14300988974515114
-24.5,118.5,0.14180178318641118
-24.5,118.75,0.13880275916771834
-24.5,119.0,0.13896855744430622
-24.5,119.25,0.14194578223757381
-24.5,119.5,0.14428275903582582
-24.5,119.75,0.14530127233235735
-24.5,120.0,0.14537952650271366
-24.5,120.25,0.14526522778552536
-24.5,120.5,0.14456995072108508
-24.5,120.75,0.1450230172136019
-24.5,121.0,0.14416207037161083
-24.5,121.25,0.14496247860275308
-24.5,121.5,0.14540019771861976
-24.5,121.75,0.14530643018555106
-24.5,122.0,0.1435276054789528
-24.5,122.25,0.14037720626571426
-24.5,122.5,0.13973815206587953
-24.5,122.75,0.13753963293921667
-24.5,123.0,0.13916719639628683
-24.5,123.25,0.1406489945175179
-24.5,123.5,0.14087173807991338
-24.5,123.75,0.14175992188727995
-24.5,124.0,0.14290643548138765
-24.5,124.25,0.14566903933445807
-24.5,124.5,0.1477933080828638
-24.5,124.75,0.14818287184917228
-24.5,125.0,0.14854186545345693
-24.5,125.25,0.14982591843121051
-24.5,125.5,0.15306528912592599
-24.5,125.75,0.15456428998689312
-24.5,126.0,0.15466439527499387
-24.5,126.25,0.1540309663879064
-24.5,126.5,0.15443133641291767
-24.5,126.75,0.15868963541970135
-24.5,127.0,0.15983309434077947
-24.5,127.25,0.16257340965483355
-24.5,127.5,0.1665725338541304
-24.5,127.75,0.16937056794834068
-24.5,128.0,0.17217726166313038
-24.5,128.25,0.17248729666059082
-24.5,128.5,0.1769637955708765
-24.5,128.75,0.17685772183465
-24.5,129.0,0.176376895497549
-24.5,129.25,0.17851526333098494
-24.5,129.5,0.17991477430491215
-24.5,129.75,0.1795630919473259
-24.5,130.0,0.17768201341721276
-24.5,130.25,0.17709026000241007
-24.5,130.5,0.17411757612107226
-24.5,130.75,0.17012862817517152
-24.5,131.0,0.16554628583664133
-24.5,131.25,0.15701838701050422
-24.5,131.5,0.15066867544642737
-24.5,131.75,0.14589943984599574
-24.5,132.0,0.14875057574806289
-24.5,132.25,0.15382104538049918
-24.5,132.5,0.15710776412042074
-24.5,132.75,0.15249325303762556
-24.5,133.0,0.14900559866793422
-24.5,133.25,0.14192135764973715
-24.5,133.5,0.13533384463063078
-24.5,133.75,0.13638763376216595
-24.5,134.0,0.13913646394710047
-24.5,134.25,0.1435268588915693
-24.5,134.5,0.14756828277807346
-24.5,134.75,0.1488744002159433
-24.5,135.0,0.14578677574746454
-24.5,135.25,0.14390350670852622
-24.5,135.5,0.14419449331182096
-24.5,135.75,0.14613487890786478
-24.5,136.0,0.14663958792805515
-24.5,136.25,0.14735219660337973
-24.5,136.5,0.14883545275243262
-24.5,136.75,0.14943582101078656
-24.5,137.0,0.1483987653294739
-24.5,137.25,0.14811117979771146
-24.5,137.5,0.14878964557277138
-24.5,137.75,0.1499341374769112
-24.5,138.0,0.15127370956095088
-24.5,138.25,0.15155720625041744
-24.5,138.5,0.1487354164623631
-24.5,138.75,0.1460835053179486
-24.5,139.0,0.1434280041455388
-24.5,139.25,0.14262634558008985
-24.5,139.5,0.14199291967266334
-24.5,139.75,0.14330456172843126
-24.5,140.0,0.14491113981660098
-24.5,140.25,0.14806481166835214
-24.5,140.5,0.1480161008100508
-24.5,140.75,0.1444609996120165
-24.5,141.0,0.13965422648205708
-24.5,141.25,0.13807777323256912
-24.5,141.5,0.13868034458846626
-24.5,141.75,0.13980030322628623
-24.5,142.0,0.13897775100237808
-24.5,142.25,0.13705464143682192
-24.5,142.5,0.13985085054900823
-24.5,142.75,0.1415749081325272
-24.5,143.0,0.1361604837247576
-24.5,143.25,0.13057537915257966
-24.5,143.5,0.12736140197578374
-24.5,143.75,0.12882825395810912
-24.5,144.0,0.1266362415905609
-24.5,144.25,0.11908555699507266
-24.5,144.5,0.11686592552677205
-24.5,144.75,0.116397986138435
-24.5,145.0,0.12356297124010279
-24.5,145.25,0.12872514796375598
-24.5,145.5,0.13049560253812634
-24.5,145.75,0.12994651591402268
-24.5,146.0,0.12807105487005438
-24.5,146.25,0.12569256753358043
-24.5,146.5,0.1268735476281491
-24.5,146.75,0.1293264811591433
-24.5,147.0,0.1296989026671323
-24.5,147.25,0.12178594453038644
-24.5,147.5,0.11822970823575675
-24.5,147.75,0.11033780585974534
-24.5,148.0,0.10886295153213645
-24.5,148.25,0.11288087098602975
-24.5,148.5,0.10617009114635331
-24.5,148.75,0.11391917415008573
-24.5,149.0,0.1205931980194988
-24.5,149.25,0.12568389263466487
-24.5,149.5,0.12048107630045267
-24.5,149.75,0.11253825757248573
-24.5,150.0,0.10692850918688405
-24.5,150.25,0.09644519248993215
-24.5,150.5,0.08689639256363749
-24.5,150.75,0.07071760739620092
-24.5,151.0,0.06554729499626755
-24.5,151.25,0.05744678371657105
-24.5,151.5,0.049104947196348475
-24.5,151.75,0.04425517087881945
-24.5,152.0,0.05794606621275679
-24.5,152.25,0.06003388500436127
-24.75,113.25,0.0866843195018948
-24.75,113.5,0.08663059417803612
-24.75,113.75,0.08735076791699137
-24.75,114.0,0.08673089793509516
-24.75,114.25,0.08847006682044191
-24.75,114.5,0.09311800091668691
-24.75,114.75,0.09779724946536426
-24.75,115.0,0.10601355290091792
-24.75,115.25,0.1114483498295838
-24.75,115.5,0.11499917987120194
-24.75,115.75,0.11983905729177666
-24.75,116.0,0.11768192159848223
-24.75,116.25,0.11727298760856573
-24.75,116.5,0.11940952027414402
-24.75,116.75,0.1256867190051638
-24.75,117.0,0.1325390490061553
-24.75,117.25,0.1357391070751555
-24.75,117.5,0.13908783255897975
-24.75,117.75,0.1412752924778234
-24.75,118.0,0.14251995212730934
-24.75,118.25,0.14234813362465082
-24.75,118.5,0.14043030573643192
-24.75,118.75,0.1391276859556111
-24.75,119.0,0.13998787929372622
-24.75,119.25,0.14337734453655016
-24.75,119.5,0.14546472106109515
-24.75,119.75,0.14749275123144995
-24.75,120.0,0.1469060680818518
-24.75,120.25,0.14676784343704982
-24.75,120.5,0.14783760544617663
-24.75,120.75,0.14724383031425214
-24.75,121.0,0.1468350857264364
-24.75,121.25,0.14456190438447453
-24.75,121.5,0.1445693948865779
-24.75,121.75,0.14498448887940993
-24.75,122.0,0.1451026035797775
-24.75,122.25,0.14567341770213824
-24.75,122.5,0.14466113552744514
-24.75,122.75,0.14388639236991116
-24.75,123.0,0.1442858150009381
-24.75,123.25,0.14711995003687292
-24.75,123.5,0.14832608351077578
-24.75,123.75,0.14664273349745333
-24.75,124.0,0.1479382583733938
-24.75,124.25,0.14940312124159824
-24.75,124.5,0.1511540825900354
-24.75,124.75,0.15190741805223862
-24.75,125.0,0.15382806047764624
-24.75,125.25,0.15555947822375799
-24.75,125.5,0.15775839358132848
-24.75,125.75,0.160920163937813
-24.75,126.0,0.1607237617183212
-24.75,126.25,0.1570753258564044
-24.75,126.5,0.1584813915367361
-24.75,126.75,0.160335196082949
-24.75,127.0,0.16424778300533932
-24.75,127.25,0.16179139614327942
-24.75,127.5,0.16443953373385412
-24.75,127.75,0.1682316827706006
-24.75,128.0,0.17051074978112046
-24.75,128.25,0.17314237380136388
-24.75,128.5,0.17293987110100376
-24.75,128.75,0.17527835361146993
-24.75,129.0,0.17830461529298008
-24.75,129.25,0.18290238686355037
-24.75,129.5,0.1855822985208979
-24.75,129.75,0.18548196256104857
-24.75,130.0,0.18535946727824254
-24.75,130.25,0.18337936225622542
-24.75,130.5,0.18098045135459812
-24.75,130.75,0.1773440890964655
-24.75,131.0,0.17081721737680558
-24.75,131.25,0.16353714904796088
-24.75,131.5,0.15469552928057764
-24.75,131.75,0.14698612328520205
-24.75,132.0,0.14470615811408757
-24.75,132.25,0.14921183875094488
-24.75,132.5,0.15240033839645195
-24.75,132.75,0.15782688480224435
-24.75,133.0,0.15572799437801793
-24.75,133.25,0.15154390423715294
-24.75,133.5,0.14575940345526
-24.75,133.75,0.14505239569623904
-24.75,134.0,0.14440823799081146
-24.75,134.25,0.14811923541667732
-24.75,134.5,0.15131041857152977
-24.75,134.75,0.15262749320961014
-24.75,135.0,0.15177365354727737
-24.75,135.25,0.14926516396612094
-24.75,135.5,0.147418263993699
-24.75,135.75,0.1461833497591071
-24.75,136.0,0.1462059316361079
-24.75,136.25,0.14746641515700037
-24.75,136.5,0.14953706752428084
-24.75,136.75,0.14989795174041023
-24.75,137.0,0.14887521293084727
-24.75,137.25,0.14793362179367747
-24.75,137.5,0.1483329806300333
-24.75,137.75,0.15006929849691436
-24.75,138.0,0.15183193289183497
-24.75,138.25,0.15206497461402352
-24.75,138.5,0.14991749145815927
-24.75,138.75,0.14591394416563833
-24.75,139.0,0.14284362261623398
-24.75,139.25,0.14164978653359614
-24.75,139.5,0.1405339072555011
-24.75,139.75,0.1419547623128843
-24.75,140.0,0.1452889231000967
-24.75,140.25,0.14791935424119923
-24.75,140.5,0.14733020829147628
-24.75,140.75,0.14247858295290544
-24.75,141.0,0.1391670163531404
-24.75,141.25,0.13813383737868945
-24.75,141.5,0.13666161811723945
-24.75,141.75,0.13655264423238878
-24.75,142.0,0.13521966203938884
-24.75,142.25,0.14070725341933707
-24.75,142.5,0.14502753148942624
-24.75,142.75,0.14453193061564426
-24.75,143.0,0.13758506515205543
-24.75,143.25,0.13171350200464796
-24.75,143.5,0.129144362687075
-24.75,143.75,0.1291167014339935
-24.75,144.0,0.12287887045103511
-24.75,144.25,0.11559880145788771
-24.75,144.5,0.11294314275620491
-24.75,144.75,0.11893774373753019
-24.75,145.0,0.12483542583557265
-24.75,145.25,0.12480395300694877
-24.75,145.5,0.12447345487853963
-24.75,145.75,0.12690878125238447
-24.75,146.0,0.13288156328145087
-24.75,146.25,0.13105747212736377
-24.75,146.5,0.12547520539176282
-24.75,146.75,0.12786659027932773
-24.75,147.0,0.12769548958715707
-24.75,147.25,0.1173887587777254
-24.75,147.5,0.11439339629822695
-24.75,147.75,0.12070599001675049
-24.75,148.0,0.12342366550042674
-24.75,148.25,0.1286484116371411
-24.75,148.5,0.1114626764499345
-24.75,148.75,0.11293609133954095
-24.75,149.0,0.11412780977446209
-24.75,149.25,0.11643637597664724
-24.75,149.5,0.11502204145676662
-24.75,149.75,0.10747585961506965
-24.75,150.0,0.10504891138430582
-24.75,150.25,0.09255511212121138
-24.75,150.5,0.08272354919786407
-24.75,150.75,0.08747485036879125
-24.75,151.0,0.08487511529976763
-24.75,151.25,0.07582127986376079
-24.75,151.5,0.0605246880818957
-24.75,151.75,0.04652923301287321
-24.75,152.0,0.04150347442102014
-24.75,152.25,0.057996479227108926
-24.75,152.5,0.06254480459833814
-25.0,113.5,0.08681944867019614
-25.0,113.75,0.08769547247163884
-25.0,114.0,0.08861832199813509
-25.0,114.25,0.0906683964308542
-25.0,114.5,0.09461952470777525
-25.0,114.75,0.10066991065959215
-25.0,115.0,0.10511538612187939
-25.0,115.25,0.11266980573693287
-25.0,115.5,0.1147993628652638
-25.0,115.75,0.11590255594716674
-25.0,116.0,0.11453148993081015
-25.0,116.25,0.11408458314044435
-25.0,116.5,0.11947655861753985
-25.0,116.75,0.12595313298445182
-25.0,117.0,0.13243858412533802
-25.0,117.25,0.13481443644425292
-25.0,117.5,0.13609360596645884
-25.0,117.75,0.13948506256585147
-25.0,118.0,0.14131979491801758
-25.0,118.25,0.14105973830037086
-25.0,118.5,0.13968772487447698
-25.0,118.75,0.14100819544897136
-25.0,119.0,0.14190508071980976
-25.0,119.25,0.14272839163491943
-25.0,119.5,0.1458636094491137
-25.0,119.75,0.14630230311494197
-25.0,120.0,0.14615111596848865
-25.0,120.25,0.14663296561306008
-25.0,120.5,0.14821202478974815
-25.0,120.75,0.14909389184670097
-25.0,121.0,0.14835321520774852
-25.0,121.25,0.14783342690036996
-25.0,121.5,0.1460155223287374
-25.0,121.75,0.14622039494836195
-25.0,122.0,0.14727938191920764
-25.0,122.25,0.1472973767984764
-25.0,122.5,0.1503544220326412
-25.0,122.75,0.14995602526411586
-25.0,123.0,0.1501551530561605
-25.0,123.25,0.15227257567644467
-25.0,123.5,0.1525092600924948
-25.0,123.75,0.15086855973158894
-25.0,124.0,0.149941024442684
-25.0,124.25,0.15242063984990048
-25.0,124.5,0.1544029832091897
-25.0,124.75,0.15641923172029118
-25.0,125.0,0.15914112729315316
-25.0,125.25,0.16147863321452455
-25.0,125.5,0.16385557237708057
-25.0,125.75,0.16328240643357605
-25.0,126.0,0.16266324530010376
-25.0,126.25,0.16020054482461132
-25.0,126.5,0.16008596958836271
-25.0,126.75,0.16332276953524016
-25.0,127.0,0.16214050519228212
-25.0,127.25,0.16066110629539798
-25.0,127.5,0.1607819785227667
-25.0,127.75,0.16465925705843604
-25.0,128.0,0.16939234267363942
-25.0,128.25,0.17018894833153467
-25.0,128.5,0.17299345648154318
-25.0,128.75,0.17601450658725878
-25.0,129.0,0.18162893138739047
-25.0,129.25,0.18683814297153203
-25.0,129.5,0.18925064825409543
-25.0,129.75,0.19101568881039446
-25.0,130.0,0.19086760264365898
-25.0,130.25,0.18942360064192146
-25.0,130.5,0.18685379095712834
-25.0,130.75,0.1829273605868268
-25.0,131.0,0.17699598414594447
-25.0,131.25,0.16945013007797696
-25.0,131.5,0.1607106204293628
-25.0,131.75,0.1529658180501952
-25.0,132.0,0.1469649344804931
-25.0,132.25,0.14646817632131884
-25.0,132.5,0.14974620279588005
-25.0,132.75,0.15500347252529914
-25.0,133.0,0.1582742525869752
-25.0,133.25,0.15628906813313068
-25.0,133.5,0.15362779904558876
-25.0,133.75,0.1529700063200238
-25.0,134.0,0.15364526727426153
-25.0,134.25,0.15363229513633123
-25.0,134.5,0.1555406051742204
-25.0,134.75,0.1583110775097039
-25.0,135.0,0.15818209456862986
-25.0,135.25,0.1546062821534571
-25.0,135.5,0.15064071273317264
-25.0,135.75,0.14853011918484535
-25.0,136.0,0.14963734847105
-25.0,136.25,0.15109206951871118
-25.0,136.5,0.1519056027897097
-25.0,136.75,0.15193058117407846
-25.0,137.0,0.15148875277135257
-25.0,137.25,0.15078122767487367
-25.0,137.5,0.15024783860786492
-25.0,137.75,0.15021379763344703
-25.0,138.0,0.15177103164937647
-25.0,138.25,0.15285930913553666
-25.0,138.5,0.15012887050338694
-25.0,138.75,0.1468347343692753
-25.0,139.0,0.1458206610172026
-25.0,139.25,0.14432097263754248
-25.0,139.5,0.14382907879052
-25.0,139.75,0.142225291863982
-25.0,140.0,0.14270070686567465
-25.0,140.25,0.14442481574272523
-25.0,140.5,0.14421329029794908
-25.0,140.75,0.14277125294566123
-25.0,141.0,0.13950619238392303
-25.0,141.25,0.13600742749358627
-25.0,141.5,0.13413214774272486
-25.0,141.75,0.13217176969233724
-25.0,142.0,0.14108014734984975
-25.0,142.25,0.14653417895289464
-25.0,142.5,0.14922344604977514
-25.0,142.75,0.147252019624779
-25.0,143.0,0.1398558329914346
-25.0,143.25,0.13247293962534362
-25.0,143.5,0.12938440426504466
-25.0,143.75,0.12663514710116666
-25.0,144.0,0.12048630837391908
-25.0,144.25,0.11742830292355225
-25.0,144.5,0.12381032954554559
-25.0,144.75,0.12854665049871705
-25.0,145.0,0.1276078778106939
-25.0,145.25,0.12435542852419998
-25.0,145.5,0.12078729191808901
-25.0,145.75,0.12760209376349035
-25.0,146.0,0.13349640114575115
-25.0,146.25,0.13323759997646908
-25.0,146.5,0.12724924993640477
-25.0,146.75,0.12537276424231206
-25.0,147.0,0.12597189983404194
-25.0,147.25,0.11770582785927372
-25.0,147.5,0.1229429871296567
-25.0,147.75,0.1314223914279314
-25.0,148.0,0.1371154699180628
-25.0,148.25,0.13936187517653828
-25.0,148.5,0.12584508482726323
-25.0,148.75,0.11350887964471738
-25.0,149.0,0.11282164142227069
-25.0,149.25,0.11920243667063792
-25.0,149.5,0.11433371827253562
-25.0,149.75,0.1116911671177262
-25.0,150.0,0.10931196696244415
-25.0,150.25,0.09445587974834645
-25.0,150.5,0.08586889863768542
-25.0,150.75,0.09006213584793292
-25.0,151.0,0.0942680207809735
-25.0,151.25,0.08752918887692819
-25.0,151.5,0.07230312190323257
-25.0,151.75,0.05187753305959509
-25.0,152.0,0.04219926317540119
-25.0,152.25,0.04250066233128107
-25.0,152.5,0.060657768831434915
-25.0,152.75,0.06712940344555697
-25.25,113.5,0.0864058645438072
-25.25,113.75,0.08822769118981952
-25.25,114.0,0.08983492535955122
-25.25,114.25,0.09258050610375039
-25.25,114.5,0.09749380206119808
-25.25,114.75,0.09932806286935247
-25.25,115.0,0.10563086908076877
-25.25,115.25,0.10892566377263019
-25.25,115.5,0.11123710206759128
-25.25,115.75,0.11302089737738516
-25.25,116.0,0.11143836201344745
-25.25,116.25,0.1152718385052008
-25.25,116.5,0.11978996440906269
-25.25,116.75,0.12687711733452503
-25.25,117.0,0.13052826760276456
-25.25,117.25,0.13192626157682474
-25.25,117.5,0.13422289729908538
-25.25,117.75,0.13805500312230726
-25.25,118.0,0.14062682747191435
-25.25,118.25,0.13937215592913496
-25.25,118.5,0.13934095525770462
-25.25,118.75,0.1409622836838508
-25.25,119.0,0.14048875268782118
-25.25,119.25,0.14189434947014773
-25.25,119.5,0.14273417877572533
-25.25,119.75,0.14383386348942756
-25.25,120.0,0.14327574293925716
-25.25,120.25,0.14440838254875055
-25.25,120.5,0.1477873172718335
-25.25,120.75,0.15034252668181183
-25.25,121.0,0.15129937366151341
-25.25,121.25,0.1500377871208459
-25.25,121.5,0.14914610956631355
-25.25,121.75,0.1483885034663604
-25.25,122.0,0.148026603650356
-25.25,122.25,0.1496901720880723
-25.25,122.5,0.15127476661147515
-25.25,122.75,0.15414408844849684
-25.25,123.0,0.1528808646701303
-25.25,123.25,0.15364540630753415
-25.25,123.5,0.15424804313169355
-25.25,123.75,0.15330125427429642
-25.25,124.0,0.15251959907206966
-25.25,124.25,0.15480227915719022
-25.25,124.5,0.15689296260675406
-25.25,124.75,0.16028667351350492
-25.25,125.0,0.1638665341358598
-25.25,125.25,0.16640968497421954
-25.25,125.5,0.1656150262317529
-25.25,125.75,0.16391201885473428
-25.25,126.0,0.1607685364056506
-25.25,126.25,0.16024120449555
-25.25,126.5,0.16054104487155776
-25.25,126.75,0.159739887462939
-25.25,127.0,0.15885440818189028
-25.25,127.25,0.16033704380451738
-25.25,127.5,0.16353835060461466
-25.25,127.75,0.167042829306329
-25.25,128.0,0.16708327601760548
-25.25,128.25,0.1689866773610232
-25.25,128.5,0.17058994210587586
-25.25,128.75,0.17644405534709823
-25.25,129.0,0.18178051446403862
-25.25,129.25,0.18642385971700112
-25.25,129.5,0.19077346816716803
-25.25,129.75,0.19239625896107912
-25.25,130.0,0.19264705301526766
-25.25,130.25,0.19120698924446414
-25.25,130.5,0.19014750128926297
-25.25,130.75,0.18755162194442787
-25.25,131.0,0.1816115509321264
-25.25,131.25,0.17393591159383942
-25.25,131.5,0.16723941216875124
-25.25,131.75,0.16058934767101937
-25.25,132.0,0.15413563617282885
-25.25,132.25,0.15005360491098874
-25.25,132.5,0.1520959260033628
-25.25,132.75,0.15409505265066822
-25.25,133.0,0.1573571926933071
-25.25,133.25,0.15866844567027194
-25.25,133.5,0.15839430293923018
-25.25,133.75,0.15888800345089632
-25.25,134.0,0.16034789420071813
-25.25,134.25,0.1619088970604254
-25.25,134.5,0.15968828264853027
-25.25,134.75,0.16303904668107846
-25.25,135.0,0.16427695610074028
-25.25,135.25,0.16053081320530496
-25.25,135.5,0.15462246757917086
-25.25,135.75,0.1528722555838439
-25.25,136.0,0.15391126410856168
-25.25,136.25,0.15621963058681143
-25.25,136.5,0.1564604861567964
-25.25,136.75,0.15565519795736646
-25.25,137.0,0.15488185753714956
-25.25,137.25,0.1543593473372202
-25.25,137.5,0.1537524869278827
-25.25,137.75,0.15268487266099504
-25.25,138.0,0.15281076037740438
-25.25,138.25,0.15303742543364424
-25.25,138.5,0.15068804290576202
-25.25,138.75,0.15046860676638849
-25.25,139.0,0.14944611796942855
-25.25,139.25,0.14941374563544912
-25.25,139.5,0.1478488576155396
-25.25,139.75,0.14389116431152157
-25.25,140.0,0.14006696587559134
-25.25,140.25,0.13882954972055286
-25.25,140.5,0.13949453470583134
-25.25,140.75,0.13851903888301198
-25.25,141.0,0.13710154993028661
-25.25,141.25,0.1326811194000716
-25.25,141.5,0.12922551234759538
-25.25,141.75,0.13866144185961835
-25.25,142.0,0.14644868344510042
-25.25,142.25,0.15111740337386884
-25.25,142.5,0.15133266832434072
-25.25,142.75,0.14730315455063706
-25.25,143.0,0.14007139595240023
-25.25,143.25,0.13162205109090014
-25.25,143.5,0.1292710307413174
-25.25,143.75,0.12479080164953524
-25.25,144.0,0.12459901190981748
-25.25,144.25,0.12878133524571733
-25.25,144.5,0.135534950118469
-25.25,144.75,0.13537753607807512
-25.25,145.0,0.13282631560503244
-25.25,145.25,0.12876975981538996
-25.25,145.5,0.12508566017259615
-25.25,145.75,0.13340515111794726
-25.25,146.0,0.13769060072864417
-25.25,146.25,0.1358340291736772
-25.25,146.5,0.13278613366766126
-25.25,146.75,0.12780792839765182
-25.25,147.0,0.12497694429225094
-25.25,147.25,0.12323684213321594
-25.25,147.5,0.12458477993829982
-25.25,147.75,0.12941913240717529
-25.25,148.0,0.13644122979586532
-25.25,148.25,0.14045636695091454
-25.25,148.5,0.13629696968372285
-25.25,148.75,0.12590044940467315
-25.25,149.0,0.12691811810383766
-25.25,149.25,0.12871314591128108
-25.25,149.5,0.1290217038252006
-25.25,149.75,0.12332229818697522
-25.25,150.0,0.11697128584703768
-25.25,150.25,0.10184691342592973
-25.25,150.5,0.09271305302895098
-25.25,150.75,0.09297941078707232
-25.25,151.0,0.09557176650990316
-25.25,151.25,0.09200703163424923
-25.25,151.5,0.08154969789427771
-25.25,151.75,0.06050645108010555
-25.25,152.0,0.04494337509636107
-25.25,152.25,0.04444131598248701
-25.25,152.5,0.04676161221859552
-25.25,152.75,0.06592700713559053
-25.25,153.0,0.06971161952462636
-25.5,113.75,0.0890167618410433
-25.5,114.0,0.09195650192482582
-25.5,114.25,0.09388463079728157
-25.5,114.5,0.09589637568438772
-25.5,114.75,0.09922369318315277
-25.5,115.0,0.10168026282271997
-25.5,115.25,0.10635164691358572
-25.5,115.5,0.10785891854388206
-25.5,115.75,0.10997458125598564
-25.5,116.0,0.11248316211696673
-25.5,116.25,0.11630983672553588
-25.5,116.5,0.1225491510793474
-25.5,116.75,0.12778544399227673
-25.5,117.0,0.1316889859651297
-25.5,117.25,0.13236635037991898
-25.5,117.5,0.1345071831359058
-25.5,117.75,0.13875677695285168
-25.5,118.0,0.14015749611408906
-25.5,118.25,0.1400163789914162
-25.5,118.5,0.14003764547443318
-25.5,118.75,0.1397698730251095
-25.5,119.0,0.1396087104635753
-25.5,119.25,0.13780622132224216
-25.5,119.5,0.13999571808022193
-25.5,119.75,0.14041374054821953
-25.5,120.0,0.1407559459507077
-25.5,120.25,0.14245646803531867
-25.5,120.5,0.1456162613397905
-25.5,120.75,0.14879702149755805
-25.5,121.0,0.15009981619113558
-25.5,121.25,0.15020821880393162
-25.5,121.5,0.14866941404061385
-25.5,121.75,0.1480254206873639
-25.5,122.0,0.14949378147618256
-25.5,122.25,0.15043685571765097
-25.5,122.5,0.15376361995642088
-25.5,122.75,0.15460992269818077
-25.5,123.0,0.15379371108564133
-25.5,123.25,0.15388485425114654
-25.5,123.5,0.1544727982507294
-25.5,123.75,0.15482791076890692
-25.5,124.0,0.15562177470472513
-25.5,124.25,0.15668838825669826
-25.5,124.5,0.15914218362715352
-25.5,124.75,0.16222909248641187
-25.5,125.0,0.16603309967100796
-25.5,125.25,0.16726387339699886
-25.5,125.5,0.16587020623990323
-25.5,125.75,0.16301089028614146
-25.5,126.0,0.1591070727870455
-25.5,126.25,0.15901669201820184
-25.5,126.5,0.1594877916051034
-25.5,126.75,0.1580259209949921
-25.5,127.0,0.15880488914680851
-25.5,127.25,0.16240425144059964
-25.5,127.5,0.16864670899839204
-25.5,127.75,0.16894901702356652
-25.5,128.0,0.16698607738350693
-25.5,128.25,0.16599907994084204
-25.5,128.5,0.1683872507156784
-25.5,128.75,0.1721112722137641
-25.5,129.0,0.17774872349938886
-25.5,129.25,0.18139584964939962
-25.5,129.5,0.18379756024613228
-25.5,129.75,0.1875936129584679
-25.5,130.0,0.19073776926491579
-25.5,130.25,0.19044520238658744
-25.5,130.5,0.19053411491414682
-25.5,130.75,0.1877379458284266
-25.5,131.0,0.18292922039902298
-25.5,131.25,0.17735327359295866
-25.5,131.5,0.17230738001508217
-25.5,131.75,0.1676854322561157
-25.5,132.0,0.16275297822574797
-25.5,132.25,0.15972052773573753
-25.5,132.5,0.16000558923871963
-25.5,132.75,0.15913106411554132
-25.5,133.0,0.15883035017010771
-25.5,133.25,0.1595265185229405
-25.5,133.5,0.16098488569037564
-25.5,133.75,0.16359342911721866
-25.5,134.0,0.16634173582227482
-25.5,134.25,0.1683247321563217
-25.5,134.5,0.167688583686581
-25.5,134.75,0.16617072849410516
-25.5,135.0,0.1677911639161781
-25.5,135.25,0.16633807252616062
-25.5,135.5,0.1615761748664591
-25.5,135.75,0.15865912115149441
-25.5,136.0,0.1591202128788656
-25.5,136.25,0.16006028653565274
-25.5,136.5,0.16047214915580868
-25.5,136.75,0.16019222387058976
-25.5,137.0,0.15838853773408354
-25.5,137.25,0.15764638846244766
-25.5,137.5,0.15654116343731025
-25.5,137.75,0.15590635539814288
-25.5,138.0,0.15552493664322528
-25.5,138.25,0.15435530777484438
-25.5,138.5,0.15294405546184575
-25.5,138.75,0.15272068097152253
-25.5,139.0,0.1539477925508388
-25.5,139.25,0.15409376648492923
-25.5,139.5,0.15038657348239148
-25.5,139.75,0.1453655848665976
-25.5,140.0,0.13984552900420869
-25.5,140.25,0.13673628618347258
-25.5,140.5,0.13404322769308394
-25.5,140.75,0.132289729924536
-25.5,141.0,0.13153907772125806
-25.5,141.25,0.12865044698907152
-25.5,141.5,0.13290819766206083
-25.5,141.75,0.1411161432858143
-25.5,142.0,0.14709061532032175
-25.5,142.25,0.1494136043883386
-25.5,142.5,0.14686303777812104
-25.5,142.75,0.14229322169749944
-25.5,143.0,0.13410626838463893
-25.5,143.25,0.1321953803244649
-25.5,143.5,0.12878291350105428
-25.5,143.75,0.13117331204895272
-25.5,144.0,0.13377912349780352
-25.5,144.25,0.13864800157768617
-25.5,144.5,0.14136871067653062
-25.5,144.75,0.13992734370535195
-25.5,145.0,0.13642015704059474
-25.5,145.25,0.13111185112734236
-25.5,145.5,0.13276898946672974
-25.5,145.75,0.1399270749883336
-25.5,146.0,0.14144061782355782
-25.5,146.25,0.14003069301508195
-25.5,146.5,0.13561214758212028
-25.5,146.75,0.132153636806891
-25.5,147.0,0.12700429865340576
-25.5,147.25,0.12688511387116955
-25.5,147.5,0.1312723745747331
-25.5,147.75,0.13258871236656805
-25.5,148.0,0.135365727915692
-25.5,148.25,0.13883603715904788
-25.5,148.5,0.1420750067837661
-25.5,148.75,0.14042903400005335
-25.5,149.0,0.13929123727190643
-25.5,149.25,0.13959727251651588
-25.5,149.5,0.13446300468967065
-25.5,149.75,0.1306784789147892
-25.5,150.0,0.1219797795338215
-25.5,150.25,0.10779060265365083
-25.5,150.5,0.1050182376633399
-25.5,150.75,0.10379517328618114
-25.5,151.0,0.09669859839937689
-25.5,151.25,0.09309697212866522
-25.5,151.5,0.08282289309933909
-25.5,151.75,0.06598962147218813
-25.5,152.0,0.05028785647976912
-25.5,152.25,0.04400226649357472
-25.5,152.5,0.0447725397481018
-25.5,152.75,0.049614486252762005
-25.5,153.0,0.06311415919614309
-25.5,153.25,0.06609672718899263
-25.75,113.75,0.09092854319461546
-25.75,114.0,0.09371114182735506
-25.75,114.25,0.09419621410800857
-25.75,114.5,0.09516045030474278
-25.75,114.75,0.09721104860727207
-25.75,115.0,0.10075080113743919
-25.75,115.25,0.10283007621670712
-25.75,115.5,0.10681474706210313
-25.75,115.75,0.11017687689801363
-25.75,116.0,0.11105880425007769
-25.75,116.25,0.11694811373632498
-25.75,116.5,0.123037604327548
-25.75,116.75,0.12887923119983552
-25.75,117.0,0.13246714318884936
-25.75,117.25,0.1329556323545042
-25.75,117.5,0.13423024707561684
-25.75,117.75,0.137462917276411
-25.75,118.0,0.14003905385624674
-25.75,118.25,0.1410185228597168
-25.75,118.5,0.14252937618462608
-25.75,118.75,0.14205294744947627
-25.75,119.0,0.13937503211790203
-25.75,119.25,0.13811068703303175
-25.75,119.5,0.13793324177077967
-25.75,119.75,0.13732290969640462
-25.75,120.0,0.13811616188506637
-25.75,120.25,0.14033779715289574
-25.75,120.5,0.14415849264124497
-25.75,120.75,0.14610386293214933
-25.75,121.0,0.14766717530074555
-25.75,121.25,0.14778309386074695
-25.75,121.5,0.1466007187995648
-25.75,121.75,0.14620111723194182
-25.75,122.0,0.14743977194697616
-25.75,122.25,0.14946424220706087
-25.75,122.5,0.1516746999921244
-25.75,122.75,0.1533154123441729
-25.75,123.0,0.1522307650592695
-25.75,123.25,0.152028098749794
-25.75,123.5,0.1540965105465317
-25.75,123.75,0.15546051053449347
-25.75,124.0,0.15619612161523774
-25.75,124.25,0.15728340874585223
-25.75,124.5,0.15943130367765096
-25.75,124.75,0.16213690975971903
-25.75,125.0,0.16435830165454032
-25.75,125.25,0.16521045327934322
-25.75,125.5,0.16304445394321262
-25.75,125.75,0.1599959854776498
-25.75,126.0,0.15871725339776574
-25.75,126.25,0.15865755879225663
-25.75,126.5,0.15915252087814044
-25.75,126.75,0.15895681987925464
-25.75,127.0,0.16061988140822778
-25.75,127.25,0.1637042201299409
-25.75,127.5,0.16818878430255266
-25.75,127.75,0.1676761830956479
-25.75,128.0,0.16603662914732484
-25.75,128.25,0.16485930330022217
-25.75,128.5,0.1652357307221711
-25.75,128.75,0.1682628738308658
-25.75,129.0,0.17146368226494205
-25.75,129.25,0.17444478002493877
-25.75,129.5,0.17634964561268357
-25.75,129.75,0.17986782207454244
-25.75,130.0,0.18445032390721153
-25.75,130.25,0.18730744795816232
-25.75,130.5,0.18633167296798303
-25.75,130.75,0.18347032079822478
-25.75,131.0,0.18054008774881783
-25.75,131.25,0.17700739666715323
-25.75,131.5,0.17334165172024302
-25.75,131.75,0.1696186228540885
-25.75,132.0,0.16763188910881302
-25.75,132.25,0.16629983035045792
-25.75,132.5,0.1652150530760324
-25.75,132.75,0.1628998019471591
-25.75,133.0,0.16183354123529423
-25.75,133.25,0.16172024080529684
-25.75,133.5,0.16196807372209296
-25.75,133.75,0.16646484582585475
-25.75,134.0,0.17132490642443407
-25.75,134.25,0.17257955656962176
-25.75,134.5,0.17128237971834495
-25.75,134.75,0.16955649407867604
-25.75,135.0,0.1709738085849307
-25.75,135.25,0.1713770307093903
-25.75,135.5,0.16707028395109408
-25.75,135.75,0.1630966426828741
-25.75,136.0,0.16187168051824416
-25.75,136.25,0.1628740021842618
-25.75,136.5,0.16399485095968047
-25.75,136.75,0.16376935744930096
-25.75,137.0,0.16253391834155345
-25.75,137.25,0.1608048491000283
-25.75,137.5,0.1607495845922076
-25.75,137.75,0.1596102677913967
-25.75,138.0,0.15869426268040226
-25.75,138.25,0.15644359797482327
-25.75,138.5,0.15486712635100072
-25.75,138.75,0.15438614516409288
-25.75,139.0,0.15517433224901514
-25.75,139.25,0.15538792788445485
-25.75,139.5,0.15127520403435182
-25.75,139.75,0.146589225256627
-25.75,140.0,0.14295200418612383
-25.75,140.25,0.1378598130055711
-25.75,140.5,0.13321334090797599
-25.75,140.75,0.12917744365484293
-25.75,141.0,0.12998572879444836
-25.75,141.25,0.13329182336899292
-25.75,141.5,0.13876135442574555
-25.75,141.75,0.14438587010924203
-25.75,142.0,0.14690987862238236
-25.75,142.25,0.14412836292160536
-25.75,142.5,0.1388270363919637
-25.75,142.75,0.13446480217608403
-25.75,143.0,0.13457959722740512
-25.75,143.25,0.13496766641215224
-25.75,143.5,0.13827904842409794
-25.75,143.75,0.139814241422098
-25.75,144.0,0.1407610663389568
-25.75,144.25,0.14186552145611458
-25.75,144.5,0.14247535500278533
-25.75,144.75,0.13963044100811164
-25.75,145.0,0.13503378520528558
-25.75,145.25,0.1352281900224551
-25.75,145.5,0.13799581417402476
-25.75,145.75,0.14219307597989853
-25.75,146.0,0.14289208018809096
-25.75,146.25,0.1403668776128869
-25.75,146.5,0.13727763007688762
-25.75,146.75,0.13218470909000904
-25.75,147.0,0.12626643404562982
-25.75,147.25,0.13231680605575175
-25.75,147.5,0.13881674321588766
-25.75,147.75,0.14028008552077553
-25.75,148.0,0.13815667300968817
-25.75,148.25,0.14139331424506324
-25.75,148.5,0.145783520754135
-25.75,148.75,0.1443779634437128
-25.75,149.0,0.1450915135547321
-25.75,149.25,0.14304990801086473
-25.75,149.5,0.13985406859001298
-25.75,149.75,0.13431080546559174
-25.75,150.0,0.12302790221717422
-25.75,150.25,0.11326170542490885
-25.75,150.5,0.11126587707389757
-25.75,150.75,0.10847585219218156
-25.75,151.0,0.10020567958110357
-25.75,151.25,0.08871781001773357
-25.75,151.5,0.07560485972541507
-25.75,151.75,0.06482837043320709
-25.75,152.0,0.057296486425292316
-25.75,152.25,0.05041601871778152
-25.75,152.5,0.04482106522247495
-25.75,152.75,0.04482328292729251
-25.75,153.0,0.0580020826973135
-25.75,153.25,0.06847999525132184
-26.0,114.0,0.09599907515934937
-26.0,114.25,0.09511664983973606
-26.0,114.5,0.09440717100688042
-26.0,114.75,0.09629436859806477
-26.0,115.0,0.09899738344192502
-26.0,115.25,0.10141000640899683
-26.0,115.5,0.10483685841957392
-26.0,115.75,0.10772788072915933
-26.0,116.0,0.11053889267075358
-26.0,116.25,0.1177812648734718
-26.0,116.5,0.12439946679431886
-26.0,116.75,0.12865936319986973
-26.0,117.0,0.1310837136062005
-26.0,117.25,0.13173894539545244
-26.0,117.5,0.13235135591581454
-26.0,117.75,0.13597016489862562
-26.0,118.0,0.14021045604559576
-26.0,118.25,0.14507569592961242
-26.0,118.5,0.14558561179293275
-26.0,118.75,0.14321298499814525
-26.0,119.0,0.14094662902387797
-26.0,119.25,0.13969902086175803
-26.0,119.5,0.13940704285385244
-26.0,119.75,0.13848476691919048
-26.0,120.0,0.13932394410810273
-26.0,120.25,0.13928590408480745
-26.0,120.5,0.14077205497664097
-26.0,120.75,0.1427699245858792
-26.0,121.0,0.14372648708654645
-26.0,121.25,0.14462772172488692
-26.0,121.5,0.14636689774922348
-26.0,121.75,0.1474083681785804
-26.0,122.0,0.14810668954118678
-26.0,122.25,0.1484254329039099
-26.0,122.5,0.14898822912234724
-26.0,122.75,0.15039739810030586
-26.0,123.0,0.1500317296799371
-26.0,123.25,0.1508627727569964
-26.0,123.5,0.1525265806313774
-26.0,123.75,0.1541029145922838
-26.0,124.0,0.15539315612442361
-26.0,124.25,0.15616263127379465
-26.0,124.5,0.15666116928534388
-26.0,124.75,0.1580517698298915
-26.0,125.0,0.15977921890086502
-26.0,125.25,0.1592282174396539
-26.0,125.5,0.158113019510251
-26.0,125.75,0.1578928090113688
-26.0,126.0,0.15989307779427225
-26.0,126.25,0.16096472648554355
-26.0,126.5,0.1608988782731164
-26.0,126.75,0.16162953994893367
-26.0,127.0,0.16352358634716996
-26.0,127.25,0.16529170014327477
-26.0,127.5,0.16702375037775266
-26.0,127.75,0.16609263668815943
-26.0,128.0,0.16386674106709562
-26.0,128.25,0.16181811946046074
-26.0,128.5,0.16139045634039903
-26.0,128.75,0.16230002836926666
-26.0,129.0,0.1645487778335221
-26.0,129.25,0.16757742326251301
-26.0,129.5,0.16951444127707693
-26.0,129.75,0.17448698738240312
-26.0,130.0,0.1801455461227632
-26.0,130.25,0.18028846472463797
-26.0,130.5,0.17145028702798856
-26.0,130.75,0.17009210256392757
-26.0,131.0,0.17285197438258462
-26.0,131.25,0.17355990302448274
-26.0,131.5,0.17325354181246627
-26.0,131.75,0.17366264487860356
-26.0,132.0,0.17425573770684855
-26.0,132.25,0.1729214626457897
-26.0,132.5,0.16981305585077555
-26.0,132.75,0.16571430012583357
-26.0,133.0,0.16233429680499603
-26.0,133.25,0.15855309510800056
-26.0,133.5,0.15503731102636747
-26.0,133.75,0.1586855446314335
-26.0,134.0,0.16488171301162766
-26.0,134.25,0.16827023175423075
-26.0,134.5,0.169417877819583
-26.0,134.75,0.1693089339030231
-26.0,135.0,0.17044284007173202
-26.0,135.25,0.1725641735410199
-26.0,135.5,0.17076180996131862
-26.0,135.75,0.16737871427817289
-26.0,136.0,0.1653366898643136
-26.0,136.25,0.1653660850948881
-26.0,136.5,0.16563740256079387
-26.0,136.75,0.1658600146601376
-26.0,137.0,0.16530733812508322
-26.0,137.25,0.16441718355793364
-26.0,137.5,0.16358100818955343
-26.0,137.75,0.1624811427625939
-26.0,138.0,0.16134249604361348
-26.0,138.25,0.15885912812493114
-26.0,138.5,0.15717478920380387
-26.0,138.75,0.15657886342673472
-26.0,139.0,0.15683047883924234
-26.0,139.25,0.15629757052646942
-26.0,139.5,0.15238971897484002
-26.0,139.75,0.14931663436582587
-26.0,140.0,0.1458381623068628
-26.0,140.25,0.14053037674041582
-26.0,140.5,0.1359169518734199
-26.0,140.75,0.1354845300191573
-26.0,141.0,0.13838728454543936
-26.0,141.25,0.14160988488312415
-26.0,141.5,0.1445330573376298
-26.0,141.75,0.14585593512200484
-26.0,142.0,0.1437272949069988
-26.0,142.25,0.13867278874929384
-26.0,142.5,0.13283587569833616
-26.0,142.75,0.13225553046220867
-26.0,143.0,0.13621383928403558
-26.0,143.25,0.14268824333139962
-26.0,143.5,0.1464924253573662
-26.0,143.75,0.14600026205981725
-26.0,144.0,0.14448697237626754
-26.0,144.25,0.14311055496073205
-26.0,144.5,0.13987100977872718
-26.0,144.75,0.1375198827521008
-26.0,145.0,0.13697924539533654
-26.0,145.25,0.13975235972666158
-26.0,145.5,0.14272893623205601
-26.0,145.75,0.14453486616432698
-26.0,146.0,0.14379134630443774
-26.0,146.25,0.1408207858839696
-26.0,146.5,0.1375198358138124
-26.0,146.75,0.13364026514122346
-26.0,147.0,0.12714475951744725
-26.0,147.25,0.13400525677512573
-26.0,147.5,0.1426568872900876
-26.0,147.75,0.14207042216225677
-26.0,148.0,0.1407480275505935
-26.0,148.25,0.1420465897192857
-26.0,148.5,0.14490096956912524
-26.0,148.75,0.14619068890872194
-26.0,149.0,0.1459547570990663
-26.0,149.25,0.14099128530813698
-26.0,149.5,0.13658263925974454
-26.0,149.75,0.1321757671980344
-26.0,150.0,0.12475714795464016
-26.0,150.25,0.11914587324462586
-26.0,150.5,0.11544119641020813
-26.0,150.75,0.11031279650994734
-26.0,151.0,0.1001552578441563
-26.0,151.25,0.08606490793987528
-26.0,151.5,0.07144612330130087
-26.0,151.75,0.0670308517451677
-26.0,152.0,0.060323968821212555
-26.0,152.25,0.05273954041365208
-26.0,152.5,0.04710510058797719
-26.0,152.75,0.04657172098729888
-26.0,153.0,0.057030814172888994
-26.0,153.25,0.06926490624382005
-26.0,153.5,0.06761953687687365
-26.25,113.75,0.09346654443485364
-26.25,114.0,0.09782039300444051
-26.25,114.25,0.0961103555086969
-26.25,114.5,0.09601754460165847
-26.25,114.75,0.09794038646747374
-26.25,115.0,0.09930348636149217
-26.25,115.25,0.10265380994649904
-26.25,115.5,0.10561608798889056
-26.25,115.75,0.10655452653869145
-26.25,116.0,0.11207039324520848
-26.25,116.25,0.12038826655884062
-26.25,116.5,0.12606322999977285
-26.25,116.75,0.12769697064227123
-26.25,117.0,0.12859707360345626
-26.25,117.25,0.1295738398555649
-26.25,117.5,0.13106594021351317
-26.25,117.75,0.13511675665090186
-26.25,118.0,0.14131409160567682
-26.25,118.25,0.14709909729265747
-26.25,118.5,0.14670771152839962
-26.25,118.75,0.14371049651048984
-26.25,119.0,0.14264043551194266
-26.25,119.25,0.14082422452202473
-26.25,119.5,0.13988764153994934
-26.25,119.75,0.1379737208138093
-26.25,120.0,0.1381592992943482
-26.25,120.25,0.13700122123883826
-26.25,120.5,0.13767910158423505
-26.25,120.75,0.1400842372125059
-26.25,121.0,0.14205444017708993
-26.25,121.25,0.14427574296828605
-26.25,121.5,0.14701869099666545
-26.25,121.75,0.1488075338263513
-26.25,122.0,0.14924756010956494
-26.25,122.25,0.14849062891764492
-26.25,122.5,0.14774263055070322
-26.25,122.75,0.14737328286525744
-26.25,123.0,0.1476686867822037
-26.25,123.25,0.1498964545357686
-26.25,123.5,0.15247559784821912
-26.25,123.75,0.15493487586357405
-26.25,124.0,0.15492446879381
-26.25,124.25,0.1544489878805238
-26.25,124.5,0.15266574243312372
-26.25,124.75,0.15287300182981145
-26.25,125.0,0.15406267042052843
-26.25,125.25,0.15459489969010765
-26.25,125.5,0.15557577099033
-26.25,125.75,0.1583636026070773
-26.25,126.0,0.1609713925492016
-26.25,126.25,0.16187678323694324
-26.25,126.5,0.16201581508554624
-26.25,126.75,0.1640768109234212
-26.25,127.0,0.16588832951069646
-26.25,127.25,0.16720078948751954
-26.25,127.5,0.1681141274581913
-26.25,127.75,0.16691297147441936
-26.25,128.0,0.164663990648649
-26.25,128.25,0.16301722163844234
-26.25,128.5,0.16147921191335932
-26.25,128.75,0.15723609814140974
-26.25,129.0,0.1571646507548805
-26.25,129.25,0.1588274313987337
-26.25,129.5,0.15983802165737668
-26.25,129.75,0.16407475433561436
-26.25,130.0,0.16763445828193113
-26.25,130.25,0.16634173462089488
-26.25,130.5,0.15789062685200697
-26.25,130.75,0.15606695483871252
-26.25,131.0,0.15806300618198255
-26.25,131.25,0.16198978578891443
-26.25,131.5,0.16708376374579254
-26.25,131.75,0.17129929610219097
-26.25,132.0,0.17001585915847606
-26.25,132.25,0.16857078274197052
-26.25,132.5,0.16545854839165863
-26.25,132.75,0.15991166455418593
-26.25,133.0,0.15576225605221727
-26.25,133.25,0.15373989822059397
-26.25,133.5,0.15117452239439993
-26.25,133.75,0.15087930395663846
-26.25,134.0,0.15462025562672166
-26.25,134.25,0.15980991630646582
-26.25,134.5,0.16537280523943135
-26.25,134.75,0.1688089449877704
-26.25,135.0,0.1691670850886066
-26.25,135.25,0.17190229464024565
-26.25,135.5,0.17250315595033175
-26.25,135.75,0.17035123085630632
-26.25,136.0,0.1688409015974179
-26.25,136.25,0.16829392835721516
-26.25,136.5,0.16805499266710114
-26.25,136.75,0.16861561981017656
-26.25,137.0,0.16731635398649836
-26.25,137.25,0.16671678704536733
-26.25,137.5,0.16629910044454096
-26.25,137.75,0.16493199971524797
-26.25,138.0,0.16366831589290265
-26.25,138.25,0.16173892451448066
-26.25,138.5,0.1606038043897929
-26.25,138.75,0.1596949012123596
-26.25,139.0,0.1590360695006026
-26.25,139.25,0.1581084871101448
-26.25,139.5,0.15520874693002934
-26.25,139.75,0.15274561975114664
-26.25,140.0,0.14925337518270496
-26.25,140.25,0.1456901435329854
-26.25,140.5,0.14303297392581968
-26.25,140.75,0.14663994694870747
-26.25,141.0,0.14987063347397503
-26.25,141.25,0.14810674077859684
-26.25,141.5,0.1452239841477813
-26.25,141.75,0.1434016994165349
-26.25,142.0,0.14055414918092904
-26.25,142.25,0.13644453833254153
-26.25,142.5,0.1332423935922331
-26.25,142.75,0.1370424101777227
-26.25,143.0,0.14082830862019083
-26.25,143.25,0.14378648688097861
-26.25,143.5,0.14492259457204967
-26.25,143.75,0.14331645216149533
-26.25,144.0,0.14498809125366818
-26.25,144.25,0.14338038214778584
-26.25,144.5,0.13950347407404934
-26.25,144.75,0.13719194762638293
-26.25,145.0,0.13859062843333872
-26.25,145.25,0.14192621000632175
-26.25,145.5,0.14679014648913077
-26.25,145.75,0.14805403308429482
-26.25,146.0,0.14664312882210337
-26.25,146.25,0.14234062523656554
-26.25,146.5,0.1388489193277729
-26.25,146.75,0.13618903812068456
-26.25,147.0,0.131138511786002
-26.25,147.25,0.13335033298823126
-26.25,147.5,0.13995429982875568
-26.25,147.75,0.13945615936295683
-26.25,148.0,0.13712046012523363
-26.25,148.25,0.136453119469334
-26.25,148.5,0.1395800415456303
-26.25,148.75,0.14226282484901348
-26.25,149.0,0.14143954535703746
-26.25,149.25,0.13922362595516635
-26.25,149.5,0.13515247919663848
-26.25,149.75,0.131827541037766
-26.25,150.0,0.12632965107298957
-26.25,150.25,0.12321915170199335
-26.25,150.5,0.12062713728232442
-26.25,150.75,0.1161624577706137
-26.25,151.0,0.10762423668494132
-26.25,151.25,0.09297948792823921
-26.25,151.5,0.07563795266980011
-26.25,151.75,0.0700718012821686
-26.25,152.0,0.06477299007040796
-26.25,152.25,0.059032266689511004
-26.25,152.5,0.054242433366273574
-26.25,152.75,0.05114956071956208
-26.25,153.0,0.057174565384045334
-26.25,153.25,0.0701877919332926
-26.5,113.5,0.0872963646917033
-26.5,113.75,0.09166896387586616
-26.5,114.0,0.09608997354484992
-26.5,114.25,0.09465535201470639
-26.5,114.5,0.09680068181031719
-26.5,114.75,0.09983502585907397
-26.5,115.0,0.10167490377482206
-26.5,115.25,0.10294715225611699
-26.5,115.5,0.10643116487678621
-26.5,115.75,0.10898764103274608
-26.5,116.0,0.11402865734300521
-26.5,116.25,0.12266989285036949
-26.5,116.5,0.12724398881233978
-26.5,116.75,0.12774147893906465
-26.5,117.0,0.12759693675171405
-26.5,117.25,0.12836048341693412
-26.5,117.5,0.12947721171732182
-26.5,117.75,0.1325340717566189
-26.5,118.0,0.13918535773635746
-26.5,118.25,0.14510438670218426
-26.5,118.5,0.1451588184803368
-26.5,118.75,0.14321477657690865
-26.5,119.0,0.14241206995601513
-26.5,119.25,0.14124691267156722
-26.5,119.5,0.13886746570559794
-26.5,119.75,0.13630050923923182
-26.5,120.0,0.13530634633341546
-26.5,120.25,0.1348040457671167
-26.5,120.5,0.13597543801655843
-26.5,120.75,0.13832678806119705
-26.5,121.0,0.14117632294657134
-26.5,121.25,0.14316259641623078
-26.5,121.5,0.14581507114348904
-26.5,121.75,0.14723677877534463
-26.5,122.0,0.14854930304503558
-26.5,122.25,0.14836826489259564
-26.5,122.5,0.14827887952563729
-26.5,122.75,0.14786838457646506
-26.5,123.0,0.1473187631293083
-26.5,123.25,0.1489162293163651
-26.5,123.5,0.1513173474004466
-26.5,123.75,0.15259655212046902
-26.5,124.0,0.1531365303938271
-26.5,124.25,0.15232734114519764
-26.5,124.5,0.15062674471813203
-26.5,124.75,0.15027734688109387
-26.5,125.0,0.15164734286731243
-26.5,125.25,0.1525692495642289
-26.5,125.5,0.15486469814274587
-26.5,125.75,0.15824652864385344
-26.5,126.0,0.15971932979236242
-26.5,126.25,0.16085356394634517
-26.5,126.5,0.16219699481853436
-26.5,126.75,0.16330728624272106
-26.5,127.0,0.16512412981681956
-26.5,127.25,0.16546025658494204
-26.5,127.5,0.16684018427103794
-26.5,127.75,0.16641622815013596
-26.5,128.0,0.1669799724969783
-26.5,128.25,0.1665353838920632
-26.5,128.5,0.1631032720656922
-26.5,128.75,0.1581599787418618
-26.5,129.0,0.15386748073067705
-26.5,129.25,0.155260471321658
-26.5,129.5,0.15662490620605102
-26.5,129.75,0.1580419678422167
-26.5,130.0,0.16072068875204545
-26.5,130.25,0.15924980919604334
-26.5,130.5,0.15243133329691605
-26.5,130.75,0.14962616114561011
-26.5,131.0,0.14509946976306173
-26.5,131.25,0.1489869600625688
-26.5,131.5,0.15197780675025757
-26.5,131.75,0.15263562197255434
-26.5,132.0,0.14344772000153883
-26.5,132.25,0.14692605057289732
-26.5,132.5,0.15000026000738448
-26.5,132.75,0.1536330679033441
-26.5,133.0,0.15318936749457895
-26.5,133.25,0.1559054650819614
-26.5,133.5,0.15467939517121426
-26.5,133.75,0.1523792483595183
-26.5,134.0,0.15199131346265396
-26.5,134.25,0.15705179834426414
-26.5,134.5,0.16120178214178593
-26.5,134.75,0.1650540131208939
-26.5,135.0,0.16597862143503034
-26.5,135.25,0.16926494406925316
-26.5,135.5,0.17284100962925295
-26.5,135.75,0.1722745213095706
-26.5,136.0,0.17085407801374247
-26.5,136.25,0.16927337108164725
-26.5,136.5,0.16935299229504155
-26.5,136.75,0.1699304209545703
-26.5,137.0,0.1692783372014231
-26.5,137.25,0.16767241225418617
-26.5,137.5,0.16690162826929933
-26.5,137.75,0.16588059677755274
-26.5,138.0,0.1662517321023604
-26.5,138.25,0.16571747547698396
-26.5,138.5,0.16356205101757376
-26.5,138.75,0.16264898065486352
-26.5,139.0,0.16165515925312424
-26.5,139.25,0.15999249478760733
-26.5,139.5,0.15779633367276788
-26.5,139.75,0.1568766893298097
-26.5,140.0,0.15608186134428484
-26.5,140.25,0.15222519251243696
-26.5,140.5,0.15022482762728712
-26.5,140.75,0.15315057111153024
-26.5,141.0,0.15349758252111373
-26.5,141.25,0.14889660346310163
-26.5,141.5,0.14538457518558814
-26.5,141.75,0.14247160094222058
-26.5,142.0,0.13938921387641257
-26.5,142.25,0.13665970770335226
-26.5,142.5,0.13443812931933702
-26.5,142.75,0.13986715413516412
-26.5,143.0,0.14465940289436824
-26.5,143.25,0.14400518815949942
-26.5,143.5,0.14059402526062548
-26.5,143.75,0.13911198886450615
-26.5,144.0,0.14446589109886707
-26.5,144.25,0.14475453484177084
-26.5,144.5,0.13984297978334276
-26.5,144.75,0.13916360928428026
-26.5,145.0,0.13947314209755585
-26.5,145.25,0.1428862620883979
-26.5,145.5,0.14893031182734884
-26.5,145.75,0.14953318255643697
-26.5,146.0,0.14708525672980893
-26.5,146.25,0.142492757272673
-26.5,146.5,0.13992671707885196
-26.5,146.75,0.1371489459623408
-26.5,147.0,0.1373054504355023
-26.5,147.25,0.13573529823844596
-26.5,147.5,0.13914340394769614
-26.5,147.75,0.13906794897560174
-26.5,148.0,0.13631164865562
-26.5,148.25,0.13503827069980043
-26.5,148.5,0.13722491571062279
-26.5,148.75,0.1399055591595636
-26.5,149.0,0.13902345209720623
-26.5,149.25,0.13775605313041284
-26.5,149.5,0.13764801036437216
-26.5,149.75,0.13525594437979058
-26.5,150.0,0.13119557437475704
-26.5,150.25,0.12719312719109657
-26.5,150.5,0.12351444912470538
-26.5,150.75,0.11860998154980074
-26.5,151.0,0.11214982849719356
-26.5,151.25,0.09711270791926932
-26.5,151.5,0.07846961526663593
-26.5,151.75,0.07082412656208763
-26.5,152.0,0.07037534060977577
-26.5,152.25,0.06966781306435373
-26.5,152.5,0.06651895477514337
-26.5,152.75,0.06168962824535396
-26.5,153.0,0.06059706705048067
-26.5,153.25,0.0711602973721003
-26.5,153.5,0.0711897899365736
-26.75,113.5,0.0856274757820811
-26.75,113.75,0.09022385867127587
-26.75,114.0,0.09483367550651493
-26.75,114.25,0.09388788210449668
-26.75,114.5,0.0950793050004969
-26.75,114.75,0.09992651268013766
-26.75,115.0,0.10139284156422264
-26.75,115.25,0.10354352236072711
-26.75,115.5,0.10660351899619942
-26.75,115.75,0.1103077832086854
-26.75,116.0,0.11519547434849635
-26.75,116.25,0.11998553560357836
-26.75,116.5,0.12466466816125191
-26.75,116.75,0.12656882131990957
-26.75,117.0,0.12835413348684768
-26.75,117.25,0.12902290641725328
-26.75,117.5,0.13149572703206433
-26.75,117.75,0.13347741975882807
-26.75,118.0,0.13666643900959374
-26.75,118.25,0.141514783129536
-26.75,118.5,0.14261208172934248
-26.75,118.75,0.1414123835027908
-26.75,119.0,0.1410938679929576
-26.75,119.25,0.14197220610581576
-26.75,119.5,0.1405960095922544
-26.75,119.75,0.13593921751708324
-26.75,120.0,0.1354850923290003
-26.75,120.25,0.13588600712230187
-26.75,120.5,0.1358205593335718
-26.75,120.75,0.13713797209845055
-26.75,121.0,0.13936883812157935
-26.75,121.25,0.14274676709129913
-26.75,121.5,0.14459175941942015
-26.75,121.75,0.14526088315671062
-26.75,122.0,0.1464200232168978
-26.75,122.25,0.14698045495393253
-26.75,122.5,0.14735909070021969
-26.75,122.75,0.14727459116516717
-26.75,123.0,0.14722808143982288
-26.75,123.25,0.14780826531804
-26.75,123.5,0.14834832285304034
-26.75,123.75,0.14965868300555765
-26.75,124.0,0.15010984645708902
-26.75,124.25,0.15030545611635035
-26.75,124.5,0.15049288894446294
-26.75,124.75,0.15062865029828174
-26.75,125.0,0.151793098457238
-26.75,125.25,0.153457206774949
-26.75,125.5,0.15559959947028745
-26.75,125.75,0.1573657655341346
-26.75,126.0,0.1573631309374883
-26.75,126.25,0.15863023853111569
-26.75,126.5,0.16067009546572222
-26.75,126.75,0.1622812667122256
-26.75,127.0,0.16362281784934565
-26.75,127.25,0.1649017007538127
-26.75,127.5,0.16577866442386804
-26.75,127.75,0.1647254065747845
-26.75,128.0,0.1655862983597888
-26.75,128.25,0.16684348060493895
-26.75,128.5,0.1651467422758156
-26.75,128.75,0.16041796960568297
-26.75,129.0,0.15619776096070018
-26.75,129.25,0.15513431058925947
-26.75,129.5,0.15491859904245692
-26.75,129.75,0.15628228328332727
-26.75,130.0,0.1556272071844727
-26.75,130.25,0.15448790752800773
-26.75,130.5,0.15102830367456987
-26.75,130.75,0.1488723027163143
-26.75,131.0,0.14426812690517613
-26.75,131.25,0.14173001379233324
-26.75,131.5,0.1443186070461247
-26.75,131.75,0.144450491664505
-26.75,132.0,0.13801414543552326
-26.75,132.25,0.14083381380539617
-26.75,132.5,0.1435683642394203
-26.75,132.75,0.1486280756837462
-26.75,133.0,0.1525973537771142
-26.75,133.25,0.1553169064744012
-26.75,133.5,0.15655748550659854
-26.75,133.75,0.1567175783454509
-26.75,134.0,0.15683597908852195
-26.75,134.25,0.15657785354325282
-26.75,134.5,0.1610487039089012
-26.75,134.75,0.16160109103213113
-26.75,135.0,0.16422768449019484
-26.75,135.25,0.1686033886997655
-26.75,135.5,0.17177317332577138
-26.75,135.75,0.1732188026419933
-26.75,136.0,0.17074662467453863
-26.75,136.25,0.16939097339118536
-26.75,136.5,0.1688374537664778
-26.75,136.75,0.17092985686165155
-26.75,137.0,0.17094089690222763
-26.75,137.25,0.17008275890832739
-26.75,137.5,0.1680849249558779
-26.75,137.75,0.16752070021605797
-26.75,138.0,0.1673025907347525
-26.75,138.25,0.16729543861943327
-26.75,138.5,0.16617526003655275
-26.75,138.75,0.16411534303517247
-26.75,139.0,0.1626059549787763
-26.75,139.25,0.16048602502741294
-26.75,139.5,0.16024505388495017
-26.75,139.75,0.16230902557080884
-26.75,140.0,0.16213625238894822
-26.75,140.25,0.16188054499406418
-26.75,140.5,0.15947935870915095
-26.75,140.75,0.15523878825045595
-26.75,141.0,0.15154152462554418
-26.75,141.25,0.14737352778920432
-26.75,141.5,0.14786606203305386
-26.75,141.75,0.14410039124918897
-26.75,142.0,0.1427114281925474
-26.75,142.25,0.13875861388729202
-26.75,142.5,0.13824086123928536
-26.75,142.75,0.1440723357781866
-26.75,143.0,0.14762917711393622
-26.75,143.25,0.14508367354778803
-26.75,143.5,0.1396599976703791
-26.75,143.75,0.14181380948617148
-26.75,144.0,0.14630750975423987
-26.75,144.25,0.14366879069829966
-26.75,144.5,0.14023565202470617
-26.75,144.75,0.1390912181439251
-26.75,145.0,0.14170709645276203
-26.75,145.25,0.14272496899070533
-26.75,145.5,0.14709993052392267
-26.75,145.75,0.14839664401380842
-26.75,146.0,0.14477875185948297
-26.75,146.25,0.14291189339301172
-26.75,146.5,0.13938984185329667
-26.75,146.75,0.13921111871334743
-26.75,147.0,0.13937478547997914
-26.75,147.25,0.13869865199090486
-26.75,147.5,0.13985906676393464
-26.75,147.75,0.13922857146657014
-26.75,148.0,0.13937917682031253
-26.75,148.25,0.1374928079115585
-26.75,148.5,0.13921855526120336
-26.75,148.75,0.1418915909369887
-26.75,149.0,0.14061804350061605
-26.75,149.25,0.13927323840599817
-26.75,149.5,0.1379307450468549
-26.75,149.75,0.13740977596232934
-26.75,150.0,0.134051467954058
-26.75,150.25,0.1309266443328983
-26.75,150.5,0.12742922706276635
-26.75,150.75,0.12228467818432139
-26.75,151.0,0.1161268405663382
-26.75,151.25,0.1077483004595391
-26.75,151.5,0.09594320931388144
-26.75,151.75,0.07694695271185989
-26.75,152.0,0.07408811646392328
-26.75,152.25,0.07603804607959859
-26.75,152.5,0.07437377949769713
-26.75,152.75,0.06472316379591157
-26.75,153.0,0.06230946369904591
-26.75,153.25,0.07247784295064126
-26.75,153.5,0.07209426569909108
-27.0,113.5,0.08323520277142249
-27.0,113.75,0.08780175349064287
-27.0,114.0,0.09522559597543495
-27.0,114.25,0.09542547558447641
-27.0,114.5,0.09582850784071537
-27.0,114.75,0.09657177411406598
-27.0,115.0,0.10073132307774887
-27.0,115.25,0.10395897829115491
-27.0,115.5,0.10825172558955876
-27.0,115.75,0.11207557614625245
-27.0,116.0,0.11488948685642532
-27.0,116.25,0.1194740918172706
-27.0,116.5,0.12121808067400501
-27.0,116.75,0.12525426806900658
-27.0,117.0,0.1292156732253331
-27.0,117.25,0.13024450756933267
-27.0,117.5,0.13190929207001417
-27.0,117.75,0.13492808217173138
-27.0,118.0,0.13677408314983672
-27.0,118.25,0.13892106964273146
-27.0,118.5,0.13983094075045419
-27.0,118.75,0.13915020238091239
-27.0,119.0,0.13894154142465662
-27.0,119.25,0.14029088559650396
-27.0,119.5,0.13893998977836597
-27.0,119.75,0.13637616034294156
-27.0,120.0,0.13744707255909455
-27.0,120.25,0.1381294064274638
-27.0,120.5,0.13797561036779282
-27.0,120.75,0.13656170317452665
-27.0,121.0,0.13830906372891566
-27.0,121.25,0.14034087929683356
-27.0,121.5,0.14229794074383056
-27.0,121.75,0.1430675058155495
-27.0,122.0,0.14319706507916152
-27.0,122.25,0.14361901489876217
-27.0,122.5,0.14500934459158046
-27.0,122.75,0.14594459550974584
-27.0,123.0,0.14641216530483908
-27.0,123.25,0.14688087839637537
-27.0,123.5,0.14813904408543946
-27.0,123.75,0.15013369694317913
-27.0,124.0,0.15075924047289754
-27.0,124.25,0.14958875625910742
-27.0,124.5,0.149259015509528
-27.0,124.75,0.1498002674543543
-27.0,125.0,0.1514038595869752
-27.0,125.25,0.15337020690704956
-27.0,125.5,0.15454008578709985
-27.0,125.75,0.1558129817076261
-27.0,126.0,0.1548918748967285
-27.0,126.25,0.15660607314858768
-27.0,126.5,0.159389902581938
-27.0,126.75,0.16046705822646598
-27.0,127.0,0.16267055912814843
-27.0,127.25,0.16437976043555602
-27.0,127.5,0.16567138911957976
-27.0,127.75,0.16461775827865666
-27.0,128.0,0.16381377684531928
-27.0,128.25,0.16520817482074168
-27.0,128.5,0.1638604870648473
-27.0,128.75,0.16120308067469946
-27.0,129.0,0.1578584564241642
-27.0,129.25,0.15507638579368116
-27.0,129.5,0.1537439836024713
-27.0,129.75,0.15353578488730119
-27.0,130.0,0.1530041572315639
-27.0,130.25,0.1522190070340373
-27.0,130.5,0.15170201754739263
-27.0,130.75,0.1512199071334909
-27.0,131.0,0.14589804292632974
-27.0,131.25,0.14293376873217056
-27.0,131.5,0.14149785666598907
-27.0,131.75,0.14255195050629835
-27.0,132.0,0.1386795172332185
-27.0,132.25,0.1373270429176818
-27.0,132.5,0.1390942632651452
-27.0,132.75,0.14120617991900986
-27.0,133.0,0.1471621269151754
-27.0,133.25,0.15167561667629428
-27.0,133.5,0.15462060229047275
-27.0,133.75,0.158053081671111
-27.0,134.0,0.16112965077377944
-27.0,134.25,0.1619821220048963
-27.0,134.5,0.16257786417838305
-27.0,134.75,0.16417341819854003
-27.0,135.0,0.16691818500477368
-27.0,135.25,0.16821902493339705
-27.0,135.5,0.1723253314228234
-27.0,135.75,0.17448298411487087
-27.0,136.0,0.17322446119527193
-27.0,136.25,0.1710873215620167
-27.0,136.5,0.17046308876964125
-27.0,136.75,0.172191304227255
-27.0,137.0,0.1728798721942181
-27.0,137.25,0.17224895803317072
-27.0,137.5,0.17131482069000883
-27.0,137.75,0.17009601749875686
-27.0,138.0,0.16907929668120292
-27.0,138.25,0.1687091622007595
-27.0,138.5,0.166879878367879
-27.0,138.75,0.1653305947389056
-27.0,139.0,0.16229466219951313
-27.0,139.25,0.16368479744283407
-27.0,139.5,0.16503841609275913
-27.0,139.75,0.1672816692877372
-27.0,140.0,0.1683146548445067
-27.0,140.25,0.16783224627969406
-27.0,140.5,0.16326726299887742
-27.0,140.75,0.1574380348761971
-27.0,141.0,0.1519309306489915
-27.0,141.25,0.1506248465603732
-27.0,141.5,0.15009513097536267
-27.0,141.75,0.15117665242562164
-27.0,142.0,0.14811591450125597
-27.0,142.25,0.14568415430366619
-27.0,142.5,0.14591505896980964
-27.0,142.75,0.1507067433489564
-27.0,143.0,0.15090361695774226
-27.0,143.25,0.148429042516336
-27.0,143.5,0.14825841437512452
-27.0,143.75,0.1489596454206537
-27.0,144.0,0.14987340576841987
-27.0,144.25,0.1437635571080486
-27.0,144.5,0.13947624302409045
-27.0,144.75,0.1401925951584431
-27.0,145.0,0.14082343631553432
-27.0,145.25,0.14205429009323828
-27.0,145.5,0.1433356065113199
-27.0,145.75,0.14368765366271155
-27.0,146.0,0.14421255989504542
-27.0,146.25,0.14087312205068755
-27.0,146.5,0.14004984103854184
-27.0,146.75,0.13837767959879863
-27.0,147.0,0.13846660189304613
-27.0,147.25,0.13921528363195315
-27.0,147.5,0.13962842331665234
-27.0,147.75,0.1406490548590456
-27.0,148.0,0.13964112003744078
-27.0,148.25,0.14071630667105456
-27.0,148.5,0.1410830775828543
-27.0,148.75,0.14182139459167595
-27.0,149.0,0.14286033274028406
-27.0,149.25,0.14017447554542317
-27.0,149.5,0.1397013197262552
-27.0,149.75,0.13731497530768796
-27.0,150.0,0.13376378213722828
-27.0,150.25,0.1315827253046147
-27.0,150.5,0.12755454689053566
-27.0,150.75,0.12349207741797602
-27.0,151.0,0.1160757380482427
-27.0,151.25,0.11198768374413955
-27.0,151.5,0.10624597015750299
-27.0,151.75,0.08983159240548373
-27.0,152.0,0.0674138877889444
-27.0,152.25,0.07170636450697994
-27.0,152.5,0.07484193959932083
-27.0,152.75,0.06802191861934648
-27.0,153.0,0.06398303459370702
-27.0,153.25,0.0731966896978652
-27.0,153.5,0.07312993429124603
-27.25,113.75,0.08628949811521865
-27.25,114.0,0.0944828912334185
-27.25,114.25,0.09619077034295201
-27.25,114.5,0.09404809780436335
-27.25,114.75,0.09574248060456134
-27.25,115.0,0.09904542092603805
-27.25,115.25,0.10506456855249593
-27.25,115.5,0.10954433768473253
-27.25,115.75,0.11142696177950888
-27.25,116.0,0.11488936480320092
-27.25,116.25,0.11652946291929538
-27.25,116.5,0.11952342440691115
-27.25,116.75,0.1228278068242111
-27.25,117.0,0.1266255103896084
-27.25,117.25,0.1281226889335939
-27.25,117.5,0.13182827823181764
-27.25,117.75,0.13371084348744186
-27.25,118.0,0.1370811584635175
-27.25,118.25,0.13800426923753265
-27.25,118.5,0.13885615446773325
-27.25,118.75,0.1369499770403126
-27.25,119.0,0.13739385162976092
-27.25,119.25,0.13628448915850344
-27.25,119.5,0.13563427986095528
-27.25,119.75,0.13602375599961264
-27.25,120.0,0.13839248708041182
-27.25,120.25,0.13938070123030688
-27.25,120.5,0.1390719628342501
-27.25,120.75,0.13783686903430495
-27.25,121.0,0.13630796857841335
-27.25,121.25,0.1382773761431265
-27.25,121.5,0.13889995413513154
-27.25,121.75,0.13882255674759283
-27.25,122.0,0.13879053675172337
-27.25,122.25,0.1394985096330347
-27.25,122.5,0.14087520541942417
-27.25,122.75,0.14206625600517755
-27.25,123.0,0.14332906630199946
-27.25,123.25,0.14513660350170882
-27.25,123.5,0.14763754531257747
-27.25,123.75,0.15080031839793906
-27.25,124.0,0.151228463789824
-27.25,124.25,0.15032567214510464
-27.25,124.5,0.14885547851099176
-27.25,124.75,0.14936884001090892
-27.25,125.0,0.15109199819698185
-27.25,125.25,0.15121387515547818
-27.25,125.5,0.15285361115732765
-27.25,125.75,0.15301157224898024
-27.25,126.0,0.15250080650539055
-27.25,126.25,0.15399845061457734
-27.25,126.5,0.15652153542740135
-27.25,126.75,0.15829121295984544
-27.25,127.0,0.15891745576038602
-27.25,127.25,0.16170466133736755
-27.25,127.5,0.16361920317523362
-27.25,127.75,0.1633166018319633
-27.25,128.0,0.16285340895147948
-27.25,128.25,0.16451696670566635
-27.25,128.5,0.16378470015577978
-27.25,128.75,0.16113726932973285
-27.25,129.0,0.1589594156173755
-27.25,129.25,0.15601616168150512
-27.25,129.5,0.15456999704061133
-27.25,129.75,0.15390717297976828
-27.25,130.0,0.15042219012571456
-27.25,130.25,0.14993275737845604
-27.25,130.5,0.15010477937099068
-27.25,130.75,0.15015179411144638
-27.25,131.0,0.14598006874836186
-27.25,131.25,0.14332452856698813
-27.25,131.5,0.14148591443064265
-27.25,131.75,0.14281783862003064
-27.25,132.0,0.13996810427116904
-27.25,132.25,0.1358161592027952
-27.25,132.5,0.13187172244503528
-27.25,132.75,0.1344033172059348
-27.25,133.0,0.14064253053552594
-27.25,133.25,0.14667009549971466
-27.25,133.5,0.14913806733644216
-27.25,133.75,0.1533860833099949
-27.25,134.0,0.1585067174893725
-27.25,134.25,0.16302419927870626
-27.25,134.5,0.1643148146600424
-27.25,134.75,0.16568908972599092
-27.25,135.0,0.167854548200548
-27.25,135.25,0.16838504831888224
-27.25,135.5,0.17043254769636404
-27.25,135.75,0.17418218443297218
-27.25,136.0,0.175896459342029
-27.25,136.25,0.17490271575249006
-27.25,136.5,0.17345089658128923
-27.25,136.75,0.1742142726631811
-27.25,137.0,0.17581439235271473
-27.25,137.25,0.17517547837231265
-27.25,137.5,0.17473848145239032
-27.25,137.75,0.1730495034560066
-27.25,138.0,0.17198555028430104
-27.25,138.25,0.1702242816819381
-27.25,138.5,0.1682687648863466
-27.25,138.75,0.1648548913936011
-27.25,139.0,0.16651062688981813
-27.25,139.25,0.16800025573162033
-27.25,139.5,0.17011325992620724
-27.25,139.75,0.17124262218353484
-27.25,140.0,0.17210951426234466
-27.25,140.25,0.17065761269009938
-27.25,140.5,0.16585321117895577
-27.25,140.75,0.16142574656311465
-27.25,141.0,0.15857912817249928
-27.25,141.25,0.15886963834236564
-27.25,141.5,0.15825730563029264
-27.25,141.75,0.15736468439744183
-27.25,142.0,0.15759813101568118
-27.25,142.25,0.1548141176012548
-27.25,142.5,0.15692124125468893
-27.25,142.75,0.15642368085182148
-27.25,143.0,0.15471884333006575
-27.25,143.25,0.15650915420572695
-27.25,143.5,0.1554180420734419
-27.25,143.75,0.15612192037975633
-27.25,144.0,0.15256634883942782
-27.25,144.25,0.14457526868965193
-27.25,144.5,0.14093074721289936
-27.25,144.75,0.1396076076110267
-27.25,145.0,0.14137671212056985
-27.25,145.25,0.1404524504232416
-27.25,145.5,0.1422174005325551
-27.25,145.75,0.1427940896200675
-27.25,146.0,0.14101342151360402
-27.25,146.25,0.1418951665095843
-27.25,146.5,0.13906640837893122
-27.25,146.75,0.13698304567745673
-27.25,147.0,0.13691972755966725
-27.25,147.25,0.1383162270955798
-27.25,147.5,0.1391794182000217
-27.25,147.75,0.13989538376818275
-27.25,148.0,0.1427315833088719
-27.25,148.25,0.14357605160587353
-27.25,148.5,0.14341511986141614
-27.25,148.75,0.14203411838132524
-27.25,149.0,0.1413570363186881
-27.25,149.25,0.14328131926069282
-27.25,149.5,0.1413204883546554
-27.25,149.75,0.137675987147678
-27.25,150.0,0.13285084286873633
-27.25,150.25,0.12922602823415952
-27.25,150.5,0.12597030474875942
-27.25,150.75,0.12161014185415013
-27.25,151.0,0.11741927653856843
-27.25,151.25,0.11314543163473394
-27.25,151.5,0.1081679464081536
-27.25,151.75,0.09724823711397962
-27.25,152.0,0.07498915147278883
-27.25,152.25,0.058855502352575924
-27.25,152.5,0.06483800558773553
-27.25,152.75,0.06822384365774836
-27.25,153.0,0.06525840310322319
-27.25,153.25,0.07464535701560147
-27.25,153.5,0.07308583503055205
-27.5,113.75,0.08481376402190495
-27.5,114.0,0.09273278447288283
-27.5,114.25,0.09521931461383223
-27.5,114.5,0.09394313770383637
-27.5,114.75,0.09383551060508404
-27.5,115.0,0.09713327965815524
-27.5,115.25,0.1029319112880511
-27.5,115.5,0.10788825815411479
-27.5,115.75,0.10907045061288215
-27.5,116.0,0.11133564620437147
-27.5,116.25,0.11508540869241644
-27.5,116.5,0.11776608579343023
-27.5,116.75,0.1207039666794225
-27.5,117.0,0.12286614787647483
-27.5,117.25,0.1252404376790408
-27.5,117.5,0.129646859557725
-27.5,117.75,0.1327617296350247
-27.5,118.0,0.1340835161676674
-27.5,118.25,0.13745682032926465
-27.5,118.5,0.1387187198916303
-27.5,118.75,0.13638707731211586
-27.5,119.0,0.1349409753088112
-27.5,119.25,0.1341800184102854
-27.5,119.5,0.1334650815223868
-27.5,119.75,0.13525659935808287
-27.5,120.0,0.13687185185273623
-27.5,120.25,0.1378059387638715
-27.5,120.5,0.13787186585463487
-27.5,120.75,0.1364001167047121
-27.5,121.0,0.13591611455504782
-27.5,121.25,0.13597132405141904
-27.5,121.5,0.13633323679652665
-27.5,121.75,0.13575734284279045
-27.5,122.0,0.13491328184322124
-27.5,122.25,0.13612349791552852
-27.5,122.5,0.13624932136303497
-27.5,122.75,0.13833919873640893
-27.5,123.0,0.1390442217405202
-27.5,123.25,0.14260226918696783
-27.5,123.5,0.14552537994062983
-27.5,123.75,0.14699512687640534
-27.5,124.0,0.14831835308448274
-27.5,124.25,0.14829629324157487
-27.5,124.5,0.14821970887468505
-27.5,124.75,0.14952241614105122
-27.5,125.0,0.1502338524631501
-27.5,125.25,0.15071593746727782
-27.5,125.5,0.14985519813219544
-27.5,125.75,0.1505981478360447
-27.5,126.0,0.15026271893889115
-27.5,126.25,0.15151123267790456
-27.5,126.5,0.15399762370685677
-27.5,126.75,0.15568742858948875
-27.5,127.0,0.1572803702263526
-27.5,127.25,0.15679321512358366
-27.5,127.5,0.158624913504094
-27.5,127.75,0.16041005735089056
-27.5,128.0,0.16162630389160768
-27.5,128.25,0.16320855431433282
-27.5,128.5,0.16307370753953843
-27.5,128.75,0.16165833671340799
-27.5,129.0,0.15890471029248732
-27.5,129.25,0.15742084243398077
-27.5,129.5,0.15681887320875357
-27.5,129.75,0.15531842478829916
-27.5,130.0,0.1522542706848158
-27.5,130.25,0.14805763417698986
-27.5,130.5,0.1478453332950897
-27.5,130.75,0.1481308352044526
-27.5,131.0,0.14598241035388462
-27.5,131.25,0.1441270428653706
-27.5,131.5,0.143998331992443
-27.5,131.75,0.14468799226095894
-27.5,132.0,0.14335656284629364
-27.5,132.25,0.1395100990225604
-27.5,132.5,0.13441814479543052
-27.5,132.75,0.13519818535394432
-27.5,133.0,0.1409852370161191
-27.5,133.25,0.14336940850717553
-27.5,133.5,0.14391969507902566
-27.5,133.75,0.1474941701821766
-27.5,134.0,0.15237737375839638
-27.5,134.25,0.15872127912307185
-27.5,134.5,0.16099940721449282
-27.5,134.75,0.16313298729931702
-27.5,135.0,0.16507765155013848
-27.5,135.25,0.16537251930530555
-27.5,135.5,0.16773935836116308
-27.5,135.75,0.1692927774614711
-27.5,136.0,0.17387125513961077
-27.5,136.25,0.1752174798639707
-27.5,136.5,0.17531133897784482
-27.5,136.75,0.17582716273226806
-27.5,137.0,0.17718139623934356
-27.5,137.25,0.17812617788337964
-27.5,137.5,0.1765513469526088
-27.5,137.75,0.17488245676995395
-27.5,138.0,0.17327985754313185
-27.5,138.25,0.1715727866988682
-27.5,138.5,0.16861254456587893
-27.5,138.75,0.16814429729954264
-27.5,139.0,0.1686143295770834
-27.5,139.25,0.17163366936836383
-27.5,139.5,0.17311654495178047
-27.5,139.75,0.17374064626404337
-27.5,140.0,0.1744650550522346
-27.5,140.25,0.17277620871864524
-27.5,140.5,0.17155444860480387
-27.5,140.75,0.16763903818108036
-27.5,141.0,0.16737298775788087
-27.5,141.25,0.16766568253226047
-27.5,141.5,0.16561302507454667
-27.5,141.75,0.16393731029468359
-27.5,142.0,0.16238647542264198
-27.5,142.25,0.16221476135012394
-27.5,142.5,0.16329556039941148
-27.5,142.75,0.15955836243752547
-27.5,143.0,0.15836665606785288
-27.5,143.25,0.15830338543646888
-27.5,143.5,0.16234623649458846
-27.5,143.75,0.1623729311590585
-27.5,144.0,0.15659722651415603
-27.5,144.25,0.1472460970309165
-27.5,144.5,0.14246565552404816
-27.5,144.75,0.14369493947121403
-27.5,145.0,0.14329364543470646
-27.5,145.25,0.14200539657392583
-27.5,145.5,0.1432963103809866
-27.5,145.75,0.14344750189343797
-27.5,146.0,0.14254145620815134
-27.5,146.25,0.14016839980554685
-27.5,146.5,0.13826166982432764
-27.5,146.75,0.13473541490506577
-27.5,147.0,0.1352543106231576
-27.5,147.25,0.13756960000144616
-27.5,147.5,0.1392276682572144
-27.5,147.75,0.14149509531213947
-27.5,148.0,0.14373740489505724
-27.5,148.25,0.14745981594326535
-27.5,148.5,0.14698306078244613
-27.5,148.75,0.1446868143790253
-27.5,149.0,0.14346602225426627
-27.5,149.25,0.14359557889843702
-27.5,149.5,0.1417802089488797
-27.5,149.75,0.1374036374941223
-27.5,150.0,0.1324289587164657
-27.5,150.25,0.12798493639324487
-27.5,150.5,0.1246334352226534
-27.5,150.75,0.11979541468652362
-27.5,151.0,0.11623817508937956
-27.5,151.25,0.11453970138394082
-27.5,151.5,0.1094061768077553
-27.5,151.75,0.0998279563595842
-27.5,152.0,0.07544431318953082
-27.5,152.25,0.058917922901056165
-27.5,152.5,0.057805817246517566
-27.5,152.75,0.06395872312985815
-27.5,153.0,0.06362334084011127
-27.5,153.25,0.07250197621688012
-27.5,153.5,0.07391066059085595
-27.75,113.75,0.08379108215016667
-27.75,114.0,0.09075259110573652
-27.75,114.25,0.09379363773913418
-27.75,114.5,0.0954869714792357
-27.75,114.75,0.09601021699830102
-27.75,115.0,0.09568167662970214
-27.75,115.25,0.10001752842030898
-27.75,115.5,0.1059748969751595
-27.75,115.75,0.10742665390139934
-27.75,116.0,0.11047185454836497
-27.75,116.25,0.11512858143295938
-27.75,116.5,0.11805387078175529
-27.75,116.75,0.12007076362235514
-27.75,117.0,0.12197869478386811
-27.75,117.25,0.12459024008015243
-27.75,117.5,0.12799490673449027
-27.75,117.75,0.12921192671461806
-27.75,118.0,0.12981676372244744
-27.75,118.25,0.13315337675556474
-27.75,118.5,0.1354811034644601
-27.75,118.75,0.1349796132583915
-27.75,119.0,0.1340933573937678
-27.75,119.25,0.1327517258784992
-27.75,119.5,0.13217621577974265
-27.75,119.75,0.13348344731088083
-27.75,120.0,0.1349965705300464
-27.75,120.25,0.13562246842244507
-27.75,120.5,0.13580851302595304
-27.75,120.75,0.13457332512245837
-27.75,121.0,0.13420441040855927
-27.75,121.25,0.13446138258177529
-27.75,121.5,0.1349739451823955
-27.75,121.75,0.13496759073173822
-27.75,122.0,0.13330514117509037
-27.75,122.25,0.13235132693586169
-27.75,122.5,0.133125092490177
-27.75,122.75,0.1343603398697514
-27.75,123.0,0.1349997805402758
-27.75,123.25,0.13837590587300402
-27.75,123.5,0.14196079216036356
-27.75,123.75,0.1439892707386053
-27.75,124.0,0.14366583378319095
-27.75,124.25,0.14320195267893499
-27.75,124.5,0.1457088647302375
-27.75,124.75,0.1475970644075712
-27.75,125.0,0.14837514987114714
-27.75,125.25,0.14804744148747148
-27.75,125.5,0.1481500981869417
-27.75,125.75,0.1490397302342694
-27.75,126.0,0.1498572311523303
-27.75,126.25,0.15082654069105364
-27.75,126.5,0.15191032353719616
-27.75,126.75,0.15329778727876545
-27.75,127.0,0.15545881667442013
-27.75,127.25,0.15508648818397924
-27.75,127.5,0.1553127128647638
-27.75,127.75,0.15823052077808492
-27.75,128.0,0.1597465898507854
-27.75,128.25,0.16091812578560627
-27.75,128.5,0.16116724924812875
-27.75,128.75,0.1603971015751311
-27.75,129.0,0.15791908817986858
-27.75,129.25,0.15772143790704388
-27.75,129.5,0.16020117899824196
-27.75,129.75,0.15924228169130095
-27.75,130.0,0.15482690779117994
-27.75,130.25,0.14911884031862938
-27.75,130.5,0.14829334051719337
-27.75,130.75,0.14946348693124986
-27.75,131.0,0.14926059898347135
-27.75,131.25,0.14747843620414988
-27.75,131.5,0.1456660163404862
-27.75,131.75,0.14652412775070503
-27.75,132.0,0.14656732116002225
-27.75,132.25,0.1457831130803471
-27.75,132.5,0.14446912123251177
-27.75,132.75,0.14268457343857432
-27.75,133.0,0.143543658686914
-27.75,133.25,0.14458900579854855
-27.75,133.5,0.14381427785799059
-27.75,133.75,0.1445006301728931
-27.75,134.0,0.14922111738033036
-27.75,134.25,0.15460276380262425
-27.75,134.5,0.15672517118827617
-27.75,134.75,0.15752493666245207
-27.75,135.0,0.1602372696137717
-27.75,135.25,0.16237175132323517
-27.75,135.5,0.16298113072611492
-27.75,135.75,0.1649516571642617
-27.75,136.0,0.16911448103217136
-27.75,136.25,0.17189936672915077
-27.75,136.5,0.17399379100102033
-27.75,136.75,0.17546185455797084
-27.75,137.0,0.1768042727065618
-27.75,137.25,0.17812002600463184
-27.75,137.5,0.1789409072461246
-27.75,137.75,0.17581649764793525
-27.75,138.0,0.17371458426245145
-27.75,138.25,0.17185246280187552
-27.75,138.5,0.17107059684567205
-27.75,138.75,0.17082942244386984
-27.75,139.0,0.17134446030699907
-27.75,139.25,0.1731417623724446
-27.75,139.5,0.17397922915382594
-27.75,139.75,0.17458563804912988
-27.75,140.0,0.17574236614291033
-27.75,140.25,0.1766790976449086
-27.75,140.5,0.17638516947494645
-27.75,140.75,0.17414875223415638
-27.75,141.0,0.1731697867594283
-27.75,141.25,0.17249881918525553
-27.75,141.5,0.16960326077198634
-27.75,141.75,0.1665197306071392
-27.75,142.0,0.16546813284556422
-27.75,142.25,0.16523543507010102
-27.75,142.5,0.1639660851917873
-27.75,142.75,0.1605407110213789
-27.75,143.0,0.1606454453731154
-27.75,143.25,0.16391888575997463
-27.75,143.5,0.1658737446704801
-27.75,143.75,0.1643013620215296
-27.75,144.0,0.159249636592161
-27.75,144.25,0.1502809488082699
-27.75,144.5,0.14725412458037895
-27.75,144.75,0.14777698265474917
-27.75,145.0,0.14764366533156
-27.75,145.25,0.14619172706311342
-27.75,145.5,0.14753068541897596
-27.75,145.75,0.14722679089112234
-27.75,146.0,0.14436140861555607
-27.75,146.25,0.1403998118140939
-27.75,146.5,0.13650737007045183
-27.75,146.75,0.1350173425663827
-27.75,147.0,0.13659430801327002
-27.75,147.25,0.13814057432920107
-27.75,147.5,0.1412135737896019
-27.75,147.75,0.1441016382243184
-27.75,148.0,0.1464811745233841
-27.75,148.25,0.14969131234404665
-27.75,148.5,0.15042973007718774
-27.75,148.75,0.14960890541606608
-27.75,149.0,0.1469391262970237
-27.75,149.25,0.1436096566070299
-27.75,149.5,0.14006976369502913
-27.75,149.75,0.1363878856737562
-27.75,150.0,0.1329537538430597
-27.75,150.25,0.13021020801740635
-27.75,150.5,0.12699228321764078
-27.75,150.75,0.12084967683951249
-27.75,151.0,0.11688293296196044
-27.75,151.25,0.11417856006962711
-27.75,151.5,0.10913497997724998
-27.75,151.75,0.101639436384508
-27.75,152.0,0.07718135120451132
-27.75,152.25,0.054080380568028705
-27.75,152.5,0.04951817615035655
-27.75,152.75,0.05884852657069381
-27.75,153.0,0.0606334163992287
-27.75,153.25,0.06912710260390274
-27.75,153.5,0.07497952909317769
-27.75,153.75,0.0714892548467487
-28.0,114.0,0.08813765981617348
-28.0,114.25,0.09312634179662645
-28.0,114.5,0.09900359174307494
-28.0,114.75,0.10112855067087423
-28.0,115.0,0.09918932891871568
-28.0,115.25,0.10113145751377793
-28.0,115.5,0.10511207163984614
-28.0,115.75,0.10725476271399875
-28.0,116.0,0.11021795410832666
-28.0,116.25,0.11374673970207362
-28.0,116.5,0.11717499260762634
-28.0,116.75,0.12055734814833617
-28.0,117.0,0.12252801834996085
-28.0,117.25,0.1249109750733965
-28.0,117.5,0.12874717577913478
-28.0,117.75,0.12756629891671445
-28.0,118.0,0.12522452972899636
-28.0,118.25,0.12617104111783156
-28.0,118.5,0.12840945323262548
-28.0,118.75,0.1298060844720399
-28.0,119.0,0.13084219389472423
-28.0,119.25,0.13131146941437394
-28.0,119.5,0.13105121199735664
-28.0,119.75,0.13089944456067795
-28.0,120.0,0.13171812138719455
-28.0,120.25,0.1336173033701184
-28.0,120.5,0.13358844744291523
-28.0,120.75,0.13339066450187456
-28.0,121.0,0.13440265306983415
-28.0,121.25,0.13458768293660778
-28.0,121.5,0.13408573206548927
-28.0,121.75,0.13347699500034316
-28.0,122.0,0.1309020835074208
-28.0,122.25,0.12877772985019414
-28.0,122.5,0.1286160754924213
-28.0,122.75,0.12930298014041536
-28.0,123.0,0.13123689297059513
-28.0,123.25,0.13452173351139654
-28.0,123.5,0.13830042302553203
-28.0,123.75,0.14148516795366892
-28.0,124.0,0.14081574732125848
-28.0,124.25,0.1405145045709856
-28.0,124.5,0.14018681725564783
-28.0,124.75,0.14211236217151682
-28.0,125.0,0.14248276411970806
-28.0,125.25,0.14345327878343295
-28.0,125.5,0.14571680386279964
-28.0,125.75,0.1480295614709645
-28.0,126.0,0.14895846080185488
-28.0,126.25,0.14989902411897812
-28.0,126.5,0.15056434901807966
-28.0,126.75,0.15156739386911297
-28.0,127.0,0.15218503558219063
-28.0,127.25,0.15469216596544735
-28.0,127.5,0.15485349925187825
-28.0,127.75,0.1548816277412028
-28.0,128.0,0.15644739969070495
-28.0,128.25,0.15717059213665371
-28.0,128.5,0.15765560610712082
-28.0,128.75,0.15803996881520346
-28.0,129.0,0.15577286771858048
-28.0,129.25,0.15571501732043747
-28.0,129.5,0.15772606703902725
-28.0,129.75,0.15846638397303486
-28.0,130.0,0.1541883379632137
-28.0,130.25,0.15007396174868426
-28.0,130.5,0.1509074363227496
-28.0,130.75,0.15230940734050538
-28.0,131.0,0.1523425081391496
-28.0,131.25,0.14932098583366482
-28.0,131.5,0.14585473229865378
-28.0,131.75,0.14528088069236747
-28.0,132.0,0.14740811953306837
-28.0,132.25,0.14953228960483853
-28.0,132.5,0.1504468840811456
-28.0,132.75,0.14809503019370546
-28.0,133.0,0.14724123721846977
-28.0,133.25,0.14641940307573378
-28.0,133.5,0.14553426545098294
-28.0,133.75,0.14431985872713005
-28.0,134.0,0.14945686635636488
-28.0,134.25,0.15504644780554708
-28.0,134.5,0.15835702967369425
-28.0,134.75,0.15814949645219178
-28.0,135.0,0.16043419953331184
-28.0,135.25,0.1640113373342872
-28.0,135.5,0.1663855264676855
-28.0,135.75,0.17026099002409148
-28.0,136.0,0.1734650618374528
-28.0,136.25,0.17286528113489738
-28.0,136.5,0.17253725433170786
-28.0,136.75,0.17441513892321764
-28.0,137.0,0.1761437546275539
-28.0,137.25,0.17667376197308945
-28.0,137.5,0.17940865032701173
-28.0,137.75,0.17856610848000373
-28.0,138.0,0.1753246489709223
-28.0,138.25,0.17405738756682257
-28.0,138.5,0.1745533277344804
-28.0,138.75,0.1756421753186534
-28.0,139.0,0.1748285485917478
-28.0,139.25,0.1744583797207502
-28.0,139.5,0.17483768908264682
-28.0,139.75,0.17543791758543503
-28.0,140.0,0.1769110327331745
-28.0,140.25,0.17874645328710975
-28.0,140.5,0.1797166984962769
-28.0,140.75,0.17875404058090433
-28.0,141.0,0.1775014530381458
-28.0,141.25,0.17757069579091103
-28.0,141.5,0.17498528250739534
-28.0,141.75,0.1703660339221438
-28.0,142.0,0.16781541682420928
-28.0,142.25,0.1661557809859729
-28.0,142.5,0.1668479160753301
-28.0,142.75,0.16696150232559204
-28.0,143.0,0.16828496641680155
-28.0,143.25,0.16812501707071345
-28.0,143.5,0.16599787649085432
-28.0,143.75,0.16216510389940567
-28.0,144.0,0.1586897404450535
-28.0,144.25,0.15538080338918728
-28.0,144.5,0.1532938491981017
-28.0,144.75,0.1516459182163593
-28.0,145.0,0.15144188000765585
-28.0,145.25,0.14974535468127761
-28.0,145.5,0.15008335213988924
-28.0,145.75,0.15024022212151503
-28.0,146.0,0.14764670605967897
-28.0,146.25,0.14319550132911957
-28.0,146.5,0.13883676533068112
-28.0,146.75,0.13845358145403566
-28.0,147.0,0.13990391148191592
-28.0,147.25,0.14103004499150845
-28.0,147.5,0.14341892476594242
-28.0,147.75,0.14674825611446418
-28.0,148.0,0.1494122894131419
-28.0,148.25,0.15108655242973668
-28.0,148.5,0.151849897188503
-28.0,148.75,0.15148947037776286
-28.0,149.0,0.14910442560882498
-28.0,149.25,0.14536642814827783
-28.0,149.5,0.14231910595235692
-28.0,149.75,0.13846076190400655
-28.0,150.0,0.13582523370873792
-28.0,150.25,0.13336986478476584
-28.0,150.5,0.12872942217621008
-28.0,150.75,0.12249575159152086
-28.0,151.0,0.11782754154378448
-28.0,151.25,0.11351720816974581
-28.0,151.5,0.10320975815270442
-28.0,151.75,0.09472118593514425
-28.0,152.0,0.08443590563781121
-28.0,152.25,0.06457152460999921
-28.0,152.5,0.0544744918332271
-28.0,152.75,0.05732484252373269
-28.0,153.0,0.060925643230912534
-28.0,153.25,0.06715502351976471
-28.0,153.5,0.07754056446021307
-28.0,153.75,0.07395887674168466
-28.25,114.25,0.09052302578225302
-28.25,114.5,0.09678036175989814
-28.25,114.75,0.10258173432727091
-28.25,115.0,0.10424839220599742
-28.25,115.25,0.10373034748626453
-28.25,115.5,0.1047050130314021
-28.25,115.75,0.10531020627804842
-28.25,116.0,0.10698886469149962
-28.25,116.25,0.11075116465693664
-28.25,116.5,0.11624851742755593
-28.25,116.75,0.1201775059473178
-28.25,117.0,0.12149676188744919
-28.25,117.25,0.12237732828509347
-28.25,117.5,0.12581774004920526
-28.25,117.75,0.12377312853115825
-28.25,118.0,0.12044603655251837
-28.25,118.25,0.11997024455884782
-28.25,118.5,0.12159085132875609
-28.25,118.75,0.12413416021765958
-28.25,119.0,0.1264433217067719
-28.25,119.25,0.12774002946767238
-28.25,119.5,0.12790345958542945
-28.25,119.75,0.12734281565547706
-28.25,120.0,0.12679447070578054
-28.25,120.25,0.12798320024519616
-28.25,120.5,0.12878101643075418
-28.25,120.75,0.13054944720954098
-28.25,121.0,0.13348019106726922
-28.25,121.25,0.1338928910424345
-28.25,121.5,0.13170857055837548
-28.25,121.75,0.13015673640149727
-28.25,122.0,0.12818689433255503
-28.25,122.25,0.12610306139403987
-28.25,122.5,0.12690282936072025
-28.25,122.75,0.12656237770094225
-28.25,123.0,0.1282483949576726
-28.25,123.25,0.13209102762443603
-28.25,123.5,0.13637960924541306
-28.25,123.75,0.13928969723053633
-28.25,124.0,0.13891530268616098
-28.25,124.25,0.13771803322175102
-28.25,124.5,0.1366657614135499
-28.25,124.75,0.13601177179149201
-28.25,125.0,0.13509258687496292
-28.25,125.25,0.13639018039033143
-28.25,125.5,0.13957877968692017
-28.25,125.75,0.14317966613937586
-28.25,126.0,0.14605701321281647
-28.25,126.25,0.14929974443154234
-28.25,126.5,0.15042729494324045
-28.25,126.75,0.15058496244140493
-28.25,127.0,0.150101262085268
-28.25,127.25,0.14929492299841357
-28.25,127.5,0.15065364063844286
-28.25,127.75,0.15098346126892212
-28.25,128.0,0.15164339844000727
-28.25,128.25,0.1519376552849173
-28.25,128.5,0.15187628333623568
-28.25,128.75,0.1529240819786303
-28.25,129.0,0.15120048527946944
-28.25,129.25,0.15025160011775868
-28.25,129.5,0.15173345458629986
-28.25,129.75,0.15416156581034127
-28.25,130.0,0.15205353260002383
-28.25,130.25,0.14783682503451645
-28.25,130.5,0.14737442851412147
-28.25,130.75,0.14819784788390525
-28.25,131.0,0.1494554324423104
-28.25,131.25,0.1491456079787057
-28.25,131.5,0.1451763808171496
-28.25,131.75,0.14389266021589905
-28.25,132.0,0.14588206832245934
-28.25,132.25,0.1492416231509463
-28.25,132.5,0.1527932910542162
-28.25,132.75,0.1537232308742324
-28.25,133.0,0.15195102017294781
-28.25,133.25,0.14942454337637084
-28.25,133.5,0.14643252416947417
-28.25,133.75,0.14374265113320467
-28.25,134.0,0.14823764581030333
-28.25,134.25,0.1550037333027648
-28.25,134.5,0.16020015733442325
-28.25,134.75,0.16243378320257612
-28.25,135.0,0.1656701968004612
-28.25,135.25,0.16901849709701214
-28.25,135.5,0.17228777972673828
-28.25,135.75,0.17716259791365274
-28.25,136.0,0.1804966976093987
-28.25,136.25,0.17684625148044075
-28.25,136.5,0.17315174351860863
-28.25,136.75,0.17349176761463675
-28.25,137.0,0.17534039397070206
-28.25,137.25,0.17552203971847796
-28.25,137.5,0.17703091553820866
-28.25,137.75,0.18061352838835631
-28.25,138.0,0.17898359943836448
-28.25,138.25,0.17694769188619783
-28.25,138.5,0.17751575025566815
-28.25,138.75,0.17950949219770976
-28.25,139.0,0.17740915272049343
-28.25,139.25,0.1762076943476304
-28.25,139.5,0.17633926770569736
-28.25,139.75,0.17711213226019656
-28.25,140.0,0.17830921338978814
-28.25,140.25,0.1798042907036204
-28.25,140.5,0.18101049567265495
-28.25,140.75,0.18038103929974178
-28.25,141.0,0.1800670741821031
-28.25,141.25,0.18174488174669887
-28.25,141.5,0.1805283019517901
-28.25,141.75,0.17555629729816832
-28.25,142.0,0.17299767310214612
-28.25,142.25,0.17554319524135503
-28.25,142.5,0.17967584443466195
-28.25,142.75,0.17725588802147624
-28.25,143.0,0.17382635239340438
-28.25,143.25,0.17081192982630275
-28.25,143.5,0.16733768903609958
-28.25,143.75,0.16338679946269927
-28.25,144.0,0.160656294748073
-28.25,144.25,0.15903017862069443
-28.25,144.5,0.1575316291295537
-28.25,144.75,0.1554515530297407
-28.25,145.0,0.15250544861664364
-28.25,145.25,0.14879286204254036
-28.25,145.5,0.14884310138895174
-28.25,145.75,0.14832119306989447
-28.25,146.0,0.14652770851807734
-28.25,146.25,0.14387874824268637
-28.25,146.5,0.14324067508749452
-28.25,146.75,0.1432927352893661
-28.25,147.0,0.14285962071263272
-28.25,147.25,0.144559432905407
-28.25,147.5,0.146985707377308
-28.25,147.75,0.14950978554975
-28.25,148.0,0.15171637996123688
-28.25,148.25,0.15158676367859175
-28.25,148.5,0.1509454911835922
-28.25,148.75,0.14985781253991712
-28.25,149.0,0.14798891777292236
-28.25,149.25,0.14579375596941496
-28.25,149.5,0.1435637631280018
-28.25,149.75,0.1417025129205794
-28.25,150.0,0.13932503672875318
-28.25,150.25,0.1336169457217753
-28.25,150.5,0.12780469517183984
-28.25,150.75,0.1225113269627659
-28.25,151.0,0.11623691665338887
-28.25,151.25,0.10905282646839712
-28.25,151.5,0.09210764120947708
-28.25,151.75,0.07814105023152206
-28.25,152.0,0.075571030839198
-28.25,152.25,0.07867699874012708
-28.25,152.5,0.07949221938567416
-28.25,152.75,0.07938511445790605
-28.25,153.0,0.07676167318851106
-28.25,153.25,0.07576292629789434
-28.25,153.5,0.07714510242635352
-28.25,153.75,0.07725604721389383
-28.5,114.25,0.08797946514956985
-28.5,114.5,0.09263020711849462
-28.5,114.75,0.09906394260867854
-28.5,115.0,0.1048264960665687
-28.5,115.25,0.10572073779773529
-28.5,115.5,0.10535198024791
-28.5,115.75,0.10525753328105486
-28.5,116.0,0.10614511160843222
-28.5,116.25,0.10972787010068641
-28.5,116.5,0.11372435128050493
-28.5,116.75,0.11587915368554526
-28.5,117.0,0.1171731068441416
-28.5,117.25,0.11871877454330834
-28.5,117.5,0.1226852399423989
-28.5,117.75,0.12027161979319059
-28.5,118.0,0.11652210050057721
-28.5,118.25,0.11593424575467003
-28.5,118.5,0.1177559267706879
-28.5,118.75,0.12027749764063575
-28.5,119.0,0.12200223049275678
-28.5,119.25,0.12397083854166702
-28.5,119.5,0.12578609064570814
-28.5,119.75,0.1270410801759766
-28.5,120.0,0.12672952190953346
-28.5,120.25,0.12530338565158497
-28.5,120.5,0.12525983102655408
-28.5,120.75,0.12711986232934325
-28.5,121.0,0.129903906008328
-28.5,121.25,0.1309345389420077
-28.5,121.5,0.1301569994583565
-28.5,121.75,0.12890144700232783
-28.5,122.0,0.12725159895061292
-28.5,122.25,0.12580055566413034
-28.5,122.5,0.12738338575265998
-28.5,122.75,0.12614995872776935
-28.5,123.0,0.12490553483855422
-28.5,123.25,0.12696450471495724
-28.5,123.5,0.12992141026508167
-28.5,123.75,0.13161712463817593
-28.5,124.0,0.1325174416399556
-28.5,124.25,0.13322339401092415
-28.5,124.5,0.13273754929226328
-28.5,124.75,0.13145674078876277
-28.5,125.0,0.13088401616659812
-28.5,125.25,0.13211460849579787
-28.5,125.5,0.13502277388191125
-28.5,125.75,0.13858736178937217
-28.5,126.0,0.14120013990847657
-28.5,126.25,0.14465822711308904
-28.5,126.5,0.14782871869804662
-28.5,126.75,0.14974971012351118
-28.5,127.0,0.1500252226964159
-28.5,127.25,0.14737665027749297
-28.5,127.5,0.14694582455940072
-28.5,127.75,0.14832324265037508
-28.5,128.0,0.1479550676344762
-28.5,128.25,0.1478702994609569
-28.5,128.5,0.1482121030181898
-28.5,128.75,0.14956255113358605
-28.5,129.0,0.14921720057870144
-28.5,129.25,0.14764685041072417
-28.5,129.5,0.14744727360345608
-28.5,129.75,0.14789967555793987
-28.5,130.0,0.14945029510200855
-28.5,130.25,0.147119438742364
-28.5,130.5,0.1438533848683341
-28.5,130.75,0.1429841646445029
-28.5,131.0,0.14350404068933878
-28.5,131.25,0.14480483906991667
-28.5,131.5,0.14417105291623614
-28.5,131.75,0.14465050237183147
-28.5,132.0,0.1473361993915592
-28.5,132.25,0.15032946509864992
-28.5,132.5,0.15314950693079984
-28.5,132.75,0.15331500853080812
-28.5,133.0,0.15221220789536194
-28.5,133.25,0.15009496101905095
-28.5,133.5,0.14707160776621844
-28.5,133.75,0.14426794502176576
-28.5,134.0,0.1455700851424578
-28.5,134.25,0.15209444873158653
-28.5,134.5,0.15932771654878872
-28.5,134.75,0.16469598777793445
-28.5,135.0,0.16790111494827203
-28.5,135.25,0.17027924605572983
-28.5,135.5,0.17121675103302147
-28.5,135.75,0.17516415099142502
-28.5,136.0,0.1782451819136431
-28.5,136.25,0.17465277069192306
-28.5,136.5,0.17288428521940233
-28.5,136.75,0.17331811603706654
-28.5,137.0,0.17437662387935982
-28.5,137.5,0.17593975757752
-28.5,137.75,0.18009335904053342
-28.5,138.0,0.18138210124887816
-28.5,138.25,0.18053033261445717
-28.5,138.5,0.18020065344731404
-28.5,138.75,0.18035923188590855
-28.5,139.0,0.17870561181393868
-28.5,139.25,0.1783103852145075
-28.5,139.5,0.17809114445198965
-28.5,139.75,0.1781187880913117
-28.5,140.0,0.1791072086034691
-28.5,140.25,0.17999549684967645
-28.5,140.5,0.18009416629605107
-28.5,140.75,0.18007030427620155
-28.5,141.0,0.18050253341640585
-28.5,141.25,0.1816094373344225
-28.5,141.5,0.180443727010684
-28.5,141.75,0.1791386440468389
-28.5,142.0,0.1796045566404263
-28.5,142.25,0.1842261236060403
-28.5,142.5,0.18770179412562554
-28.5,142.75,0.1828306923243526
-28.5,143.0,0.17658642223359552
-28.5,143.25,0.1714669521508738
-28.5,143.5,0.16799821808194684
-28.5,143.75,0.16677312505287958
-28.5,144.0,0.16745953986326395
-28.5,144.25,0.1653038700167221
-28.5,144.5,0.16245778023973892
-28.5,144.75,0.15826535736238903
-28.5,145.0,0.15220590055447594
-28.5,145.25,0.14922757616349203
-28.5,145.5,0.14799832263085627
-28.5,145.75,0.14620741643102989
-28.5,146.0,0.14497876940329485
-28.5,146.25,0.14512479919032556
-28.5,146.5,0.14522844009331026
-28.5,146.75,0.14551351055624653
-28.5,147.0,0.14576132617424084
-28.5,147.25,0.14767755100896557
-28.5,147.5,0.15112180365245848
-28.5,147.75,0.15079916527631312
-28.5,148.0,0.15038820039825898
-28.5,148.25,0.1493458886767292
-28.5,148.5,0.14830508805747758
-28.5,148.75,0.14794133329068573
-28.5,149.0,0.14712482291156498
-28.5,149.25,0.1448632695280316
-28.5,149.5,0.14257859843230483
-28.5,149.75,0.14209415959570915
-28.5,150.0,0.13995526317214071
-28.5,150.25,0.1338174207013144
-28.5,150.5,0.12814983745743444
-28.5,150.75,0.12257654376565127
-28.5,151.0,0.11585898011714965
-28.5,151.25,0.10687404633929568
-28.5,151.5,0.09202700853329211
-28.5,151.75,0.07565522943041196
-28.5,152.0,0.07299279812793025
-28.5,152.25,0.08232715086707813
-28.5,152.5,0.09653921824023586
-28.5,152.75,0.10323361568217317
-28.5,153.0,0.10067220362638535
-28.5,153.25,0.0953029388721431
-28.5,153.5,0.08561450777850448
-28.5,153.75,0.08124516406634888
-28.75,114.5,0.09091278446485705
-28.75,114.75,0.09693744270575252
-28.75,115.0,0.10255377091598249
-28.75,115.25,0.10535686845352266
-28.75,115.5,0.10514718027143666
-28.75,115.75,0.10561065269380389
-28.75,116.0,0.10738407545036711
-28.75,116.25,0.10975254158930364
-28.75,116.5,0.11017395782645335
-28.75,116.75,0.11308265377454446
-28.75,117.0,0.1145275332730073
-28.75,117.25,0.11667759138743747
-28.75,117.5,0.1198508508138955
-28.75,117.75,0.11819437360044807
-28.75,118.0,0.11495416251007684
-28.75,118.25,0.11482516120597593
-28.75,118.5,0.11683412936141996
-28.75,118.75,0.11971857074934665
-28.75,119.0,0.12161411108996269
-28.75,119.25,0.12407725755203697
-28.75,119.5,0.12633414158867518
-28.75,119.75,0.12758389234146278
-28.75,120.0,0.12632291361080486
-28.75,120.25,0.12315858606675119
-28.75,120.5,0.12326028714221852
-28.75,120.75,0.12379974318030572
-28.75,121.0,0.1260129736102616
-28.75,121.25,0.12739242261407757
-28.75,121.5,0.12754359571373447
-28.75,121.75,0.12738756005740867
-28.75,122.0,0.12645432376714305
-28.75,122.25,0.12518979197531874
-28.75,122.5,0.12503935507429378
-28.75,122.75,0.12326990498365376
-28.75,123.0,0.12166161194361544
-28.75,123.25,0.12110969303370818
-28.75,123.5,0.12270138658780866
-28.75,123.75,0.12368362098536846
-28.75,124.0,0.12459241876843316
-28.75,124.25,0.12616076156722839
-28.75,124.5,0.12593681992940864
-28.75,124.75,0.12505439001198718
-28.75,125.0,0.12409668838736523
-28.75,125.25,0.12636102317947923
-28.75,125.5,0.12973817051770978
-28.75,125.75,0.13248874706744443
-28.75,126.0,0.13591330504186624
-28.75,126.25,0.138690961160734
-28.75,126.5,0.14137878819798783
-28.75,126.75,0.1447305487630732
-28.75,127.0,0.1458744323803848
-28.75,127.25,0.14409878946986404
-28.75,127.5,0.1441268758022696
-28.75,127.75,0.14651556033132637
-28.75,128.0,0.14680209857077164
-28.75,128.25,0.14621436649792807
-28.75,128.5,0.1465837270003117
-28.75,128.75,0.14690267620766992
-28.75,129.0,0.1462925973218545
-28.75,129.25,0.1460707901951874
-28.75,129.5,0.14442668396878663
-28.75,129.75,0.14433869958875054
-28.75,130.0,0.14506350052808809
-28.75,130.25,0.1458105381031279
-28.75,130.5,0.14368308909840316
-28.75,130.75,0.1408140425587355
-28.75,131.0,0.14093537866859052
-28.75,131.25,0.14325958973728672
-28.75,131.5,0.14709327351899223
-28.75,131.75,0.14856789406311174
-28.75,132.0,0.15065840885675488
-28.75,132.25,0.15337870739770237
-28.75,132.5,0.1525448667013842
-28.75,132.75,0.15007556626329413
-28.75,133.0,0.14911652054652447
-28.75,133.25,0.14922049767686482
-28.75,133.5,0.14640863197122636
-28.75,133.75,0.1427358503024875
-28.75,134.0,0.14151212502848598
-28.75,134.25,0.14564882153668546
-28.75,134.5,0.1540863449090726
-28.75,134.75,0.1622388725850463
-28.75,135.0,0.16803741451233598
-28.75,135.25,0.17002282766216284
-28.75,135.5,0.16971288513976607
-28.75,135.75,0.167839850069857
-28.75,136.0,0.16914926577178305
-28.75,136.25,0.16841570308195583
-28.75,136.5,0.1699298874686665
-28.75,136.75,0.1721171608056451
-28.75,137.0,0.1734705301759962
-28.75,137.75,0.1788901848237581
-28.75,138.0,0.18083692954215622
-28.75,138.25,0.18167879093845496
-28.75,138.5,0.18112275547163986
-28.75,138.75,0.1799772762379506
-28.75,139.0,0.17876904144242386
-28.75,139.25,0.1782671375644736
-28.75,139.5,0.17910308784396498
-28.75,139.75,0.17969054883220129
-28.75,140.0,0.18044220193820487
-28.75,140.25,0.1810773263946837
-28.75,140.5,0.17992079354150067
-28.75,140.75,0.18003585022259094
-28.75,141.0,0.18107661161831629
-28.75,141.25,0.18132043935865141
-28.75,141.5,0.1793848918470102
-28.75,141.75,0.17942576614946282
-28.75,142.0,0.18199010338760455
-28.75,142.25,0.18461632854135182
-28.75,142.5,0.1859584511224821
-28.75,142.75,0.18332442022815382
-28.75,143.0,0.1779973009492954
-28.75,143.25,0.17364446980019954
-28.75,143.5,0.1700130604666425
-28.75,143.75,0.16919545390181007
-28.75,144.0,0.17210083767710335
-28.75,144.25,0.16971682533058904
-28.75,144.5,0.16689698403642875
-28.75,144.75,0.16128836950505052
-28.75,145.0,0.15490124710780448
-28.75,145.25,0.15124575300740659
-28.75,145.5,0.1477668926662311
-28.75,145.75,0.14619599290794333
-28.75,146.0,0.14442249010925334
-28.75,146.25,0.14693431289413142
-28.75,146.5,0.14788411175379088
-28.75,146.75,0.14658922093105647
-28.75,147.0,0.1470872267178875
-28.75,147.25,0.14831189918891907
-28.75,147.5,0.1512624566529702
-28.75,147.75,0.1510911071772783
-28.75,148.0,0.1488480002441982
-28.75,148.25,0.14821245561234347
-28.75,148.5,0.1466735349605175
-28.75,148.75,0.1470205851338276
-28.75,149.0,0.14665072136823684
-28.75,149.25,0.14426579637358092
-28.75,149.5,0.14211698709187295
-28.75,149.75,0.13981893280485136
-28.75,150.0,0.1355924371912815
-28.75,150.25,0.1308633901729253
-28.75,150.5,0.1266911728370988
-28.75,150.75,0.1262639933779057
-28.75,151.0,0.1214436855623131
-28.75,151.25,0.11536295966535907
-28.75,151.5,0.09761172230305401
-28.75,151.75,0.0828851166533121
-28.75,152.0,0.07325690216782753
-28.75,152.25,0.07360972034005638
-28.75,152.5,0.09372655648912598
-28.75,152.75,0.09819660403573627
-28.75,153.0,0.09170367322011895
-28.75,153.25,0.08724730512902923
-28.75,153.5,0.08651997336663553
-28.75,153.75,0.08316016001220129
-29.0,114.5,0.08905627109150245
-29.0,114.75,0.09494788998734129
-29.0,115.0,0.10051950435579349
-29.0,115.25,0.1028608860899018
-29.0,115.5,0.10365857683934364
-29.0,115.75,0.10439627715952135
-29.0,116.0,0.10614695617426756
-29.0,116.25,0.10881488924180094
-29.0,116.5,0.10885162702111416
-29.0,116.75,0.1114804044060958
-29.0,117.0,0.11459887022606469
-29.0,117.25,0.11567960752303444
-29.0,117.5,0.11763906545477124
-29.0,117.75,0.11615333500943012
-29.0,118.0,0.11578733105570431
-29.0,118.25,0.11494680053252165
-29.0,118.5,0.11803068903933989
-29.0,118.75,0.1195876324248271
-29.0,119.0,0.11949040459650018
-29.0,119.25,0.12257178270641327
-29.0,119.5,0.12502550518801767
-29.0,119.75,0.12521983196151348
-29.0,120.0,0.12393588611344043
-29.0,120.25,0.12187988350474173
-29.0,120.5,0.12220469027747881
-29.0,120.75,0.12323418449432426
-29.0,121.0,0.12371101710794884
-29.0,121.25,0.12462038645886278
-29.0,121.5,0.12429285052633032
-29.0,121.75,0.12405937740240713
-29.0,122.0,0.12284220527945278
-29.0,122.25,0.12143668497416209
-29.0,122.5,0.120746580995924
-29.0,122.75,0.11861697063548828
-29.0,123.0,0.11774980066007988
-29.0,123.25,0.11726626854445539
-29.0,123.5,0.11934203813982915
-29.0,123.75,0.12087005108800293
-29.0,124.0,0.12116289892532456
-29.0,124.25,0.1209570015266007
-29.0,124.5,0.12124368628343388
-29.0,124.75,0.11892773061928559
-29.0,125.0,0.11852996631541779
-29.0,125.25,0.12199811041186506
-29.0,125.5,0.1254961006032446
-29.0,125.75,0.12964288280567698
-29.0,126.0,0.1322226724461786
-29.0,126.25,0.13529266570314183
-29.0,126.5,0.13767147858947693
-29.0,126.75,0.13948096638123758
-29.0,127.0,0.14121736703644897
-29.0,127.25,0.14209948598399127
-29.0,127.5,0.14331487148140876
-29.0,127.75,0.1453752854544386
-29.0,128.0,0.14463350288115923
-29.0,128.25,0.14418970962613883
-29.0,128.5,0.14193991272628093
-29.0,128.75,0.14197795652318435
-29.0,129.0,0.14244493935558972
-29.0,129.25,0.1413209619186097
-29.0,129.5,0.14160650674982692
-29.0,129.75,0.1416513724659985
-29.0,130.0,0.14301199199525566
-29.0,130.25,0.14551115351749083
-29.0,130.5,0.14530805550872436
-29.0,130.75,0.14468038858153134
-29.0,131.0,0.14202925366589164
-29.0,131.25,0.14478091688370717
-29.0,131.5,0.14913242698592832
-29.0,131.75,0.15035827846341188
-29.0,132.0,0.15290845740011916
-29.0,132.25,0.15356798221375198
-29.0,132.5,0.15335239258635822
-29.0,132.75,0.15106909787284323
-29.0,133.0,0.15056387267272914
-29.0,133.25,0.1493029846297911
-29.0,133.5,0.14829322132093686
-29.0,133.75,0.14400906630904753
-29.0,134.0,0.14123523963621876
-29.0,134.25,0.14235038361429972
-29.0,134.5,0.14843190988422747
-29.0,134.75,0.15757674056093435
-29.0,135.0,0.1661227186316073
-29.0,135.25,0.17028345679273263
-29.0,135.5,0.17076633060387153
-29.0,135.75,0.16874052590228275
-29.0,136.0,0.16470734872620704
-29.0,136.25,0.16327796031834738
-29.0,136.5,0.16622866815556345
-29.0,136.75,0.16953738415957714
-29.0,137.0,0.1732938615647588
-29.0,137.25,0.17507926810896307
-29.0,137.5,0.17776318316951534
-29.0,137.75,0.17999949173116397
-29.0,138.0,0.18139996135904224
-29.0,138.25,0.18209964710725207
-29.0,138.5,0.18034081123718657
-29.0,138.75,0.1780098994578037
-29.0,139.0,0.1767042913801356
-29.0,139.25,0.1771671781903026
-29.0,139.5,0.17724980038641133
-29.0,139.75,0.178825882055623
-29.0,140.0,0.18030457324380728
-29.0,140.25,0.18112554040925838
-29.0,140.5,0.18089811937259465
-29.0,140.75,0.17972333277725636
-29.0,141.0,0.1807602725232973
-29.0,141.25,0.18089800456445942
-29.0,141.5,0.18013710845627492
-29.0,141.75,0.18109743831240596
-29.0,142.0,0.1828067987788687
-29.0,142.25,0.1815607153055311
-29.0,142.5,0.1813154659004352
-29.0,142.75,0.17972508158148828
-29.0,143.0,0.17774722756876055
-29.0,143.25,0.17348832306702222
-29.0,143.5,0.1712423231851652
-29.0,143.75,0.17058961100225306
-29.0,144.0,0.17354720062089946
-29.0,144.25,0.1736549981109433
-29.0,144.5,0.16991348028432038
-29.0,144.75,0.16484366790243923
-29.0,145.0,0.15808036118119134
-29.0,145.25,0.15291158801213495
-29.0,145.5,0.15146585575136856
-29.0,145.75,0.14847240772508746
-29.0,146.0,0.14959669721441435
-29.0,146.25,0.15050525257111932
-29.0,146.5,0.1500265475640351
-29.0,146.75,0.15054482129198174
-29.0,147.0,0.1489795682248984
-29.0,147.25,0.14917577796349996
-29.0,147.5,0.1506091303260311
-29.0,147.75,0.15033667759583078
-29.0,148.0,0.14953715413927038
-29.0,148.25,0.14724918957126676
-29.0,148.5,0.14699539779060228
-29.0,148.75,0.14610200348768143
-29.0,149.0,0.14342711305590758
-29.0,149.25,0.14390430992299025
-29.0,149.5,0.14243057541120696
-29.0,149.75,0.1394406336523502
-29.0,150.0,0.13327096514269315
-29.0,150.25,0.12799499080980778
-29.0,150.5,0.1267138143707264
-29.0,150.75,0.12460049421415963
-29.0,151.0,0.12079626172575003
-29.0,151.25,0.10907851204001005
-29.0,151.5,0.0882823491063102
-29.0,151.75,0.08286879826648563
-29.0,152.0,0.07622969926314492
-29.0,152.25,0.06894121025091006
-29.0,152.5,0.08897158668285336
-29.0,152.75,0.10221161209831074
-29.0,153.0,0.09279319668657661
-29.0,153.25,0.08755910745957295
-29.0,153.5,0.08784296550950879
-29.0,153.75,0.0837349342855049
-29.25,114.75,0.09236650462257799
-29.25,115.0,0.09834901216552348
-29.25,115.25,0.09919722910253916
-29.25,115.5,0.1009119159582287
-29.25,115.75,0.10189974767506449
-29.25,116.0,0.10407853406966054
-29.25,116.25,0.10702731453033526
-29.25,116.5,0.10741815468831646
-29.25,116.75,0.1099738805365919
-29.25,117.0,0.11167905852500737
-29.25,117.25,0.11393351729129926
-29.25,117.5,0.1153922816132803
-29.25,117.75,0.11512429682981751
-29.25,118.0,0.11485998167364561
-29.25,118.25,0.11516098373227342
-29.25,118.5,0.11697904991767917
-29.25,118.75,0.1187498676952748
-29.25,119.0,0.1164239187310565
-29.25,119.25,0.11860796680148475
-29.25,119.5,0.12150081017858747
-29.25,119.75,0.12201743859622939
-29.25,120.0,0.1217960160383711
-29.25,120.25,0.12010047666047548
-29.25,120.5,0.12013115526312532
-29.25,120.75,0.1205515038955812
-29.25,121.0,0.12111143634463382
-29.25,121.25,0.12105912109947034
-29.25,121.5,0.11903957135181523
-29.25,121.75,0.11856515058844805
-29.25,122.0,0.11729472347696548
-29.25,122.25,0.11674548985337253
-29.25,122.5,0.11663095541131244
-29.25,122.75,0.11538044480227219
-29.25,123.0,0.11405625485651323
-29.25,123.25,0.11381912275128231
-29.25,123.5,0.11555436640559748
-29.25,123.75,0.11724570478397432
-29.25,124.0,0.11677867789354844
-29.25,124.25,0.11696064320295162
-29.25,124.5,0.11520927482137884
-29.25,124.75,0.11382031908517369
-29.25,125.0,0.11386060724473121
-29.25,125.25,0.11820231247923214
-29.25,125.5,0.12279216140606879
-29.25,125.75,0.12636410506314663
-29.25,126.0,0.13012904587578705
-29.25,126.25,0.1332358149786113
-29.25,126.5,0.13640006515062178
-29.25,126.75,0.13850792375810705
-29.25,127.0,0.13874451603723922
-29.25,127.25,0.1401352175428243
-29.25,127.5,0.14137036423818586
-29.25,127.75,0.14209533380121606
-29.25,128.0,0.14238316467345657
-29.25,128.25,0.14061743210355018
-29.25,128.5,0.13920912691741724
-29.25,128.75,0.1380797589577865
-29.25,129.0,0.1380887768807946
-29.25,129.25,0.13845169650507727
-29.25,129.5,0.1380803501173716
-29.25,129.75,0.14045701722849932
-29.25,130.0,0.14202404292276438
-29.25,130.25,0.14345434956950975
-29.25,130.5,0.14450474382875908
-29.25,130.75,0.14365643426741428
-29.25,131.0,0.14318755486622348
-29.25,131.25,0.1437650435750126
-29.25,131.5,0.1469534082950863
-29.25,131.75,0.14936376826993789
-29.25,132.0,0.15124019655190257
-29.25,132.25,0.15287301728804792
-29.25,132.5,0.1538176079764439
-29.25,132.75,0.15349877539312717
-29.25,133.0,0.15179201117677665
-29.25,133.25,0.1506778694286894
-29.25,133.5,0.14933569234962962
-29.25,133.75,0.1471868740228647
-29.25,134.0,0.14585910472980193
-29.25,134.25,0.14524924906405734
-29.25,134.5,0.14544111945286867
-29.25,134.75,0.15187394059506562
-29.25,135.0,0.16102409418322244
-29.25,135.25,0.16800657765896268
-29.25,135.5,0.16971209587051792
-29.25,135.75,0.16935350305442712
-29.25,136.0,0.16611284680415775
-29.25,136.25,0.16311980188137754
-29.25,136.5,0.16504962204408732
-29.25,136.75,0.16951230874891013
-29.25,137.0,0.1720930962626307
-29.25,137.25,0.17480269405536603
-29.25,137.5,0.17834452406738627
-29.25,137.75,0.18089642330725844
-29.25,138.0,0.18117530714309182
-29.25,138.25,0.18028736499462394
-29.25,138.5,0.17881238217909126
-29.25,138.75,0.17586402489395317
-29.25,139.0,0.17490572273505425
-29.25,139.25,0.17510387411915762
-29.25,139.5,0.17517481638822455
-29.25,139.75,0.17581870171844133
-29.25,140.0,0.1797435695412426
-29.25,140.25,0.1820910283889475
-29.25,140.5,0.17968915575086522
-29.25,140.75,0.17887048448135096
-29.25,141.0,0.17884944368358138
-29.25,141.25,0.1803645672488783
-29.25,141.5,0.18152090382191682
-29.25,141.75,0.18313655465389925
-29.25,142.0,0.18182038230544917
-29.25,142.25,0.18037878166698768
-29.25,142.5,0.1777062913954364
-29.25,142.75,0.1764577113720259
-29.25,143.0,0.173713573752094
-29.25,143.25,0.1716606438100026
-29.25,143.5,0.16937539876764485
-29.25,143.75,0.17105806552576247
-29.25,144.0,0.17493108089446088
-29.25,144.25,0.1745255606618313
-29.25,144.5,0.1733620222526419
-29.25,144.75,0.1678499289319962
-29.25,145.0,0.16178625088178838
-29.25,145.25,0.15641606238195768
-29.25,145.5,0.1522831481089482
-29.25,145.75,0.15416159814735075
-29.25,146.0,0.1545964373639167
-29.25,146.25,0.1547658615303629
-29.25,146.5,0.15324004588050277
-29.25,146.75,0.1524131792384309
-29.25,147.0,0.15185407612836915
-29.25,147.25,0.15027506570036214
-29.25,147.5,0.15046638167070442
-29.25,147.75,0.15101462309268598
-29.25,148.0,0.14923439767612462
-29.25,148.25,0.14922613874014548
-29.25,148.5,0.14740695351612929
-29.25,148.75,0.14603592581374833
-29.25,149.0,0.14263052766543285
-29.25,149.25,0.14126048423276016
-29.25,149.5,0.14246715992373934
-29.25,149.75,0.139529904317052
-29.25,150.0,0.13410371916809713
-29.25,150.25,0.12852252456185356
-29.25,150.5,0.12630488341282936
-29.25,150.75,0.12209087222388482
-29.25,151.0,0.11537620572357221
-29.25,151.25,0.09664055546577223
-29.25,151.5,0.08004480223107001
-29.25,151.75,0.078307487338201
-29.25,152.0,0.07308799247767032
-29.25,152.25,0.061425242855533385
-29.25,152.5,0.07799159655766122
-29.25,152.75,0.10286603302336898
-29.25,153.0,0.09805005536987159
-29.25,153.25,0.09031724126409807
-29.25,153.5,0.08814365258087566
-29.5,114.75,0.09024679560514243
-29.5,115.0,0.09575341350513049
-29.5,115.25,0.0961784071523864
-29.5,115.5,0.09792781496656337
-29.5,115.75,0.09888024250950542
-29.5,116.0,0.1014785566326918
-29.5,116.25,0.10554208027255164
-29.5,116.5,0.10648115008008938
-29.5,116.75,0.10740244343192112
-29.5,117.0,0.10883283993949452
-29.5,117.25,0.11105888804345077
-29.5,117.5,0.11361524182369866
-29.5,117.75,0.11401418387966862
-29.5,118.0,0.11438607321194252
-29.5,118.25,0.11321504259008126
-29.5,118.5,0.11497161099381441
-29.5,118.75,0.1171706368582514
-29.5,119.0,0.11524855355938583
-29.5,119.25,0.11323380354107233
-29.5,119.5,0.11641175885488464
-29.5,119.75,0.11775769533476317
-29.5,120.0,0.1184772729640937
-29.5,120.25,0.11722090345593199
-29.5,120.5,0.11599121932521747
-29.5,120.75,0.1165123114967403
-29.5,121.0,0.11658593271043349
-29.5,121.25,0.1166682350127042
-29.5,121.5,0.11511466656679949
-29.5,121.75,0.11378739401287585
-29.5,122.0,0.11323945237752771
-29.5,122.25,0.11288134394538965
-29.5,122.5,0.11334037612175336
-29.5,122.75,0.11258747498486771
-29.5,123.0,0.11140444574842802
-29.5,123.25,0.11087026847515673
-29.5,123.5,0.10958121383239816
-29.5,123.75,0.11077614394879338
-29.5,124.0,0.11014420608267488
-29.5,124.25,0.10882899278531735
-29.5,124.5,0.1071712785432849
-29.5,124.75,0.10730550985423105
-29.5,125.0,0.11007151820806221
-29.5,125.25,0.11650122024977286
-29.5,125.5,0.12022577252520378
-29.5,125.75,0.12401652346777188
-29.5,126.0,0.12548575086471697
-29.5,126.25,0.12796211230574256
-29.5,126.5,0.13154487933167994
-29.5,126.75,0.13376560326333126
-29.5,127.0,0.1350052524632315
-29.5,127.25,0.1347215407619321
-29.5,127.5,0.13624857019370148
-29.5,127.75,0.1371025672265092
-29.5,128.0,0.1368345524071139
-29.5,128.25,0.1375678766336161
-29.5,128.5,0.1364730500754865
-29.5,128.75,0.1364067689016489
-29.5,129.0,0.1365144231911688
-29.5,129.25,0.13587307321439202
-29.5,129.5,0.1367827790139994
-29.5,129.75,0.13661707437572146
-29.5,130.0,0.13935883257866657
-29.5,130.25,0.14120441296340333
-29.5,130.5,0.14053150748929333
-29.5,130.75,0.14078813315561337
-29.5,131.0,0.14099455481671566
-29.5,131.25,0.14160370221356533
-29.5,131.5,0.14448002256843817
-29.5,131.75,0.14623613496241009
-29.5,132.0,0.1493145885883594
-29.5,132.25,0.1519066069371132
-29.5,132.5,0.15428011883633216
-29.5,132.75,0.15487085354951977
-29.5,133.0,0.1525856307903095
-29.5,133.25,0.15104534172015968
-29.5,133.5,0.15099629226565403
-29.5,133.75,0.14989622126542426
-29.5,134.0,0.14988218452725682
-29.5,134.25,0.14945623916054487
-29.5,134.5,0.14853268930539507
-29.5,134.75,0.1479430009835666
-29.5,135.0,0.15467574159057518
-29.5,135.25,0.1622322578812508
-29.5,135.5,0.16596406910884762
-29.5,135.75,0.16602374356864766
-29.5,136.0,0.16620993985226157
-29.5,136.25,0.16478286895140548
-29.5,136.5,0.16695618878393595
-29.5,136.75,0.1693914599638955
-29.5,137.0,0.1731618711600649
-29.5,137.25,0.17522682796359437
-29.5,137.5,0.1783720622768096
-29.5,137.75,0.18028543224714882
-29.5,138.0,0.1793345580348685
-29.5,138.25,0.17878888566284662
-29.5,138.5,0.17814579670360567
-29.5,138.75,0.17513079196321843
-29.5,139.0,0.17486069815729582
-29.5,139.25,0.1750647616861654
-29.5,139.5,0.17403936335770828
-29.5,139.75,0.17511657353135793
-29.5,140.0,0.17910137674822238
-29.5,140.25,0.1819531691770527
-29.5,140.5,0.1799752505211491
-29.5,140.75,0.1762644502274142
-29.5,141.0,0.17674318556003485
-29.5,141.25,0.17951216129685404
-29.5,141.5,0.18241016334725388
-29.5,141.75,0.18365139080122753
-29.5,142.0,0.18289717505833428
-29.5,142.25,0.1797604747050354
-29.5,142.5,0.17674622148363828
-29.5,142.75,0.17403274643256253
-29.5,143.0,0.17070822524228482
-29.5,143.25,0.1675526503551088
-29.5,143.5,0.17008994468655156
-29.5,143.75,0.17242088593565674
-29.5,144.0,0.17500793068438303
-29.5,144.25,0.1760426211874139
-29.5,144.5,0.1744117249726176
-29.5,144.75,0.17117239598419937
-29.5,145.0,0.16525650099732825
-29.5,145.25,0.1592017108715632
-29.5,145.5,0.1557815738085643
-29.5,145.75,0.15441285886697775
-29.5,146.0,0.15723058390476377
-29.5,146.25,0.15682351474236608
-29.5,146.5,0.15443170037584025
-29.5,146.75,0.15374548567412322
-29.5,147.0,0.15155297165345522
-29.5,147.25,0.15225432810133174
-29.5,147.5,0.1516907098455084
-29.5,147.75,0.15097985020609297
-29.5,148.0,0.15060816305883837
-29.5,148.25,0.14882119882651015
-29.5,148.5,0.14799980458858492
-29.5,148.75,0.1456572357989159
-29.5,149.0,0.14160640779064987
-29.5,149.25,0.1405416915576056
-29.5,149.5,0.13998939959190854
-29.5,149.75,0.13921606727416191
-29.5,150.0,0.13605924568168062
-29.5,150.25,0.1310514736638824
-29.5,150.5,0.12716227474817451
-29.5,150.75,0.1240106909493764
-29.5,151.0,0.11002480733895352
-29.5,151.25,0.09133348842416077
-29.5,151.5,0.07939753680110213
-29.5,151.75,0.07889708956631529
-29.5,152.0,0.06486760514340258
-29.5,152.25,0.05070384858351529
-29.5,152.5,0.06060102192116001
-29.5,152.75,0.09013275025327488
-29.5,153.0,0.09542981609181382
-29.5,153.25,0.08554126167674782
-29.5,153.5,0.0868797761166359
-29.75,114.75,0.08707365932391822
-29.75,115.0,0.09350908547971595
-29.75,115.25,0.09300441890135186
-29.75,115.5,0.0943206694446963
-29.75,115.75,0.09567578451460597
-29.75,116.0,0.09885485016675584
-29.75,116.25,0.10326855835609405
-29.75,116.5,0.10408793432274875
-29.75,116.75,0.10423069148539124
-29.75,117.0,0.10497737664766309
-29.75,117.25,0.10781943350638182
-29.75,117.5,0.11082530951537264
-29.75,117.75,0.11155784715950672
-29.75,118.0,0.11116068936711736
-29.75,118.25,0.11153341385727346
-29.75,118.5,0.11119724352802508
-29.75,118.75,0.11404051263158894
-29.75,119.0,0.1151235376378299
-29.75,119.25,0.11301094024841937
-29.75,119.5,0.1115989280703747
-29.75,119.75,0.11315610719770595
-29.75,120.0,0.11379951566197112
-29.75,120.25,0.11279556623939402
-29.75,120.5,0.1113701374410042
-29.75,120.75,0.1107044937858299
-29.75,121.0,0.11017296826816812
-29.75,121.25,0.11114613175557789
-29.75,121.5,0.1122202754094831
-29.75,121.75,0.11105377229773414
-29.75,122.0,0.10940533755027113
-29.75,122.25,0.10937318709244988
-29.75,122.5,0.10967954598031056
-29.75,122.75,0.11009476560423719
-29.75,123.0,0.10835974935056872
-29.75,123.25,0.10525285663025058
-29.75,123.5,0.10381332863202022
-29.75,123.75,0.10302070485689475
-29.75,124.0,0.10257074449637649
-29.75,124.25,0.10126333329328159
-29.75,124.5,0.09969843808367453
-29.75,124.75,0.1003861253123298
-29.75,125.0,0.10687401561049399
-29.75,125.25,0.11446960329442854
-29.75,125.5,0.1185226216730406
-29.75,125.75,0.11911275817697713
-29.75,126.0,0.12054209239566774
-29.75,126.25,0.12177488920330198
-29.75,126.5,0.12471296951462756
-29.75,126.75,0.1281254612261888
-29.75,127.0,0.12852901157075847
-29.75,127.25,0.1290750997328614
-29.75,127.5,0.12988994029015305
-29.75,127.75,0.1304421639390606
-29.75,128.0,0.1317726322816288
-29.75,128.25,0.13238196392152624
-29.75,128.5,0.13409099678881975
-29.75,128.75,0.13482533942110161
-29.75,129.0,0.13440049475377547
-29.75,129.25,0.13504963784444862
-29.75,129.5,0.13416885031459266
-29.75,129.75,0.1344328927421297
-29.75,130.0,0.1355453636091296
-29.75,130.25,0.1361798489498414
-29.75,130.5,0.13719786078750948
-29.75,130.75,0.13521096296877896
-29.75,131.0,0.13680366103087174
-29.75,131.25,0.1377474795869529
-29.75,131.5,0.14054398001099228
-29.75,131.75,0.1433105481279478
-29.75,132.0,0.14720256583268249
-29.75,132.25,0.15127823271815555
-29.75,132.5,0.15407209779500067
-29.75,132.75,0.1544842034260307
-29.75,133.0,0.15308138516425251
-29.75,133.25,0.15138986845309188
-29.75,133.5,0.15205786184668893
-29.75,133.75,0.15184408049788942
-29.75,134.0,0.15195407572656877
-29.75,134.25,0.15045239140911001
-29.75,134.5,0.15086143841134397
-29.75,134.75,0.14877457338049527
-29.75,135.0,0.1490240188327495
-29.75,135.25,0.15342380134476397
-29.75,135.5,0.15721735939013257
-29.75,135.75,0.1619644465864463
-29.75,136.0,0.16329838329037166
-29.75,136.25,0.16509155883555535
-29.75,136.5,0.16781592479423965
-29.75,136.75,0.17114809666693406
-29.75,137.0,0.17169479211915648
-29.75,137.25,0.17444217848738752
-29.75,137.5,0.17680182670697828
-29.75,137.75,0.17773183479833524
-29.75,138.0,0.1760809638173196
-29.75,138.25,0.17746276531465338
-29.75,138.5,0.1774337180670207
-29.75,138.75,0.17462240191411027
-29.75,139.0,0.17791494213432696
-29.75,139.25,0.17636836045746526
-29.75,139.5,0.1776023521592191
-29.75,139.75,0.17540477084960976
-29.75,140.0,0.17734446755572442
-29.75,140.25,0.18172122066461235
-29.75,140.5,0.1788514679381745
-29.75,140.75,0.17750392392637168
-29.75,141.0,0.1758445753635102
-29.75,141.25,0.17832087364591329
-29.75,141.5,0.1824848638091435
-29.75,141.75,0.18382070533103106
-29.75,142.0,0.1823867742957222
-29.75,142.25,0.17958358440282568
-29.75,142.5,0.17680659315445116
-29.75,142.75,0.17304689402316661
-29.75,143.0,0.1684087832340924
-29.75,143.25,0.17091772573353678
-29.75,143.5,0.17247780285575945
-29.75,143.75,0.17575220844553538
-29.75,144.0,0.17657720701137922
-29.75,144.25,0.17589510885907275
-29.75,144.5,0.17539825191288103
-29.75,144.75,0.1716882234786079
-29.75,145.0,0.16691746084820147
-29.75,145.25,0.1632807945637807
-29.75,145.5,0.15786649495261695
-29.75,145.75,0.15645633822932994
-29.75,146.0,0.15611001893180065
-29.75,146.25,0.1565335787260633
-29.75,146.5,0.15471472344453346
-29.75,146.75,0.15248291760059351
-29.75,147.0,0.15409988354963755
-29.75,147.25,0.1536086771793147
-29.75,147.5,0.1532003588031834
-29.75,147.75,0.1510633928488579
-29.75,148.0,0.14934318731527355
-29.75,148.25,0.14898986329022207
-29.75,148.5,0.14642715363466371
-29.75,148.75,0.14483713479606158
-29.75,149.0,0.14214052008319764
-29.75,149.25,0.13936068944539426
-29.75,149.5,0.13674631992945088
-29.75,149.75,0.1345918017206247
-29.75,150.0,0.1348281509710358
-29.75,150.25,0.13467860238947799
-29.75,150.5,0.13013630491288283
-29.75,150.75,0.12591031964360405
-29.75,151.0,0.11242377150124695
-29.75,151.25,0.09301951033648188
-29.75,151.5,0.0837863455442396
-29.75,151.75,0.07486453252663884
-29.75,152.0,0.05392988663934058
-29.75,152.25,0.0430534254806609
-29.75,152.5,0.04925016479253347
-29.75,152.75,0.06238227349169586
-29.75,153.0,0.07292279895135916
-29.75,153.25,0.08822168987075274
-29.75,153.5,0.08799392642639414
-30.0,114.75,0.0825955450313753
-30.0,115.0,0.09012103745559735
-30.0,115.25,0.09026235306590108
-30.0,115.5,0.09191077898605429
-30.0,115.75,0.09343743631621486
-30.0,116.0,0.09548756519082915
-30.0,116.25,0.09948405088884317
-30.0,116.5,0.10062083295482661
-30.0,116.75,0.10096369342160208
-30.0,117.0,0.10103069706854305
-30.0,117.25,0.10103555040465137
-30.0,117.5,0.10432506894921768
-30.0,117.75,0.10581957614126666
-30.0,118.0,0.10764978114211278
-30.0,118.25,0.10675522779452591
-30.0,118.5,0.10753510002602396
-30.0,118.75,0.10984730529354465
-30.0,119.0,0.11202356368895118
-30.0,119.25,0.11326224751319466
-30.0,119.5,0.11197310091557054
-30.0,119.75,0.11029911800137714
-30.0,120.0,0.10921252538976951
-30.0,120.25,0.10850594682791856
-30.0,120.5,0.1069896167116004
-30.0,120.75,0.1060361622722311
-30.0,121.0,0.10427573408681697
-30.0,121.25,0.10573675514266644
-30.0,121.5,0.10785365425033178
-30.0,121.75,0.1079645642574013
-30.0,122.0,0.1061537077086503
-30.0,122.25,0.10439354684294457
-30.0,122.5,0.10527718880070153
-30.0,122.75,0.10663252424851549
-30.0,123.0,0.10356669627479073
-30.0,123.25,0.09989086125028708
-30.0,123.5,0.09732832427375751
-30.0,123.75,0.09617526531296011
-30.0,124.0,0.09681224116005241
-30.0,124.25,0.09465605150069606
-30.0,124.5,0.09372778494551341
-30.0,124.75,0.09692991199523711
-30.0,125.0,0.10379769592044506
-30.0,125.25,0.11158482105158805
-30.0,125.5,0.11325816118760619
-30.0,125.75,0.11508736558070784
-30.0,126.0,0.11500219710022738
-30.0,126.25,0.1157304423304097
-30.0,126.5,0.11874396011094382
-30.0,126.75,0.12112775884234711
-30.0,127.0,0.12268194030234277
-30.0,127.25,0.12237715257337295
-30.0,127.5,0.12340795648538205
-30.0,127.75,0.12443100119834137
-30.0,128.0,0.12581179205272186
-30.0,128.25,0.12787087251754942
-30.0,128.5,0.12998375668632914
-30.0,128.75,0.13205194772089232
-30.0,129.0,0.13234341210537584
-30.0,129.25,0.13130627606829665
-30.0,129.5,0.13078654446255014
-30.0,129.75,0.13057709906493878
-30.0,130.0,0.13123991208799907
-30.0,130.25,0.1317386349191074
-30.0,130.5,0.13192562829913662
-30.0,130.75,0.13076745718057833
-30.0,131.0,0.12817351639302202
-30.0,131.25,0.12916344578214933
-30.0,131.5,0.13346675136829966
-30.0,131.75,0.13980434608040673
-30.0,132.0,0.1445602985877147
-30.0,132.25,0.14738834508109433
-30.0,132.5,0.15136671434221868
-30.0,132.75,0.15284322987373083
-30.0,133.0,0.1529687473323231
-30.0,133.25,0.15253577542701888
-30.0,133.5,0.15068293884387715
-30.0,133.75,0.15130928808504793
-30.0,134.0,0.15012304288117934
-30.0,134.25,0.1497241519185198
-30.0,134.5,0.14877245997551605
-30.0,134.75,0.14854326160040704
-30.0,135.0,0.14549845928245672
-30.0,135.25,0.1459705441538138
-30.0,135.5,0.15058489020713248
-30.0,135.75,0.1553980029064449
-30.0,136.0,0.15971504016664445
-30.0,136.25,0.1622936020239983
-30.0,136.5,0.16633837659734654
-30.0,136.75,0.16631700899201102
-30.0,137.0,0.16844627366806672
-30.0,137.25,0.16993989103562218
-30.0,137.5,0.1710658701563973
-30.0,137.75,0.17218179462319036
-30.0,138.0,0.17167083270208533
-30.0,138.25,0.1724026419705365
-30.0,138.5,0.18054341118868877
-30.0,138.75,0.1754500940562703
-30.0,139.0,0.18064341878581797
-30.0,139.25,0.18726255982094123
-30.0,139.5,0.18342993918274347
-30.0,139.75,0.17595441195200381
-30.0,140.0,0.1744516334024276
-30.0,140.25,0.17997130997828406
-30.0,140.5,0.1807841559155319
-30.0,140.75,0.17890162518562008
-30.0,141.0,0.17804170520748416
-30.0,141.25,0.17858408399476616
-30.0,141.5,0.18117254365013083
-30.0,141.75,0.18269432342791192
-30.0,142.0,0.1815703537680265
-30.0,142.25,0.18112861825426843
-30.0,142.5,0.17758679364453142
-30.0,142.75,0.17365747860755187
-30.0,143.0,0.17298785107745981
-30.0,143.25,0.1739312475769703
-30.0,143.5,0.17753534386825315
-30.0,143.75,0.17806449942975888
-30.0,144.0,0.17728206116344025
-30.0,144.25,0.1763348216143033
-30.0,144.5,0.17343357915064522
-30.0,144.75,0.1715541972018096
-30.0,145.0,0.16806938554324669
-30.0,145.25,0.16499337105728817
-30.0,145.5,0.1623533867274547
-30.0,145.75,0.15842973755708298
-30.0,146.0,0.15761718343137682
-30.0,146.25,0.15579280141846114
-30.0,146.5,0.1538206663911402
-30.0,146.75,0.15454955496373313
-30.0,147.0,0.15431497503481298
-30.0,147.25,0.15487882508413223
-30.0,147.5,0.15378315361812375
-30.0,147.75,0.15048299049670627
-30.0,148.0,0.148830573168877
-30.0,148.25,0.1470240407369536
-30.0,148.5,0.14604753205811352
-30.0,148.75,0.14450086194163717
-30.0,149.0,0.14136198719073367
-30.0,149.25,0.13856802055041167
-30.0,149.5,0.1349800260836574
-30.0,149.75,0.13224544320054793
-30.0,150.0,0.1330085892918293
-30.0,150.25,0.12838218278324004
-30.0,150.5,0.12769736667981296
-30.0,150.75,0.12614772927700427
-30.0,151.0,0.1172120995151863
-30.0,151.25,0.09924734342321756
-30.0,151.5,0.08977796001561844
-30.0,151.75,0.06404452420137947
-30.0,152.0,0.04291150171800112
-30.0,152.25,0.04540177394737804
-30.0,152.5,0.05531806345937231
-30.0,152.75,0.0654787674881705
-30.0,153.0,0.07884579689096916
-30.0,153.25,0.09149392306285108
-30.0,153.5,0.09117109619288721
-30.25,114.75,0.07821177869693702
-30.25,115.0,0.08479164350425522
-30.25,115.25,0.087780276170225
-30.25,115.5,0.0905134867553902
-30.25,115.75,0.09353820136309904
-30.25,116.0,0.09416449527540482
-30.25,116.25,0.09515069047135984
-30.25,116.5,0.0973336548780039
-30.25,116.75,0.09786529480478702
-30.25,117.0,0.0961870120001749
-30.25,117.25,0.09454500851485938
-30.25,117.5,0.09617520464587263
-30.25,117.75,0.0992102062951788
-30.25,118.0,0.10216326667084506
-30.25,118.25,0.10406096174337727
-30.25,118.5,0.10543741932827666
-30.25,118.75,0.10632969396607286
-30.25,119.0,0.10723212026428355
-30.25,119.25,0.10947600491468623
-30.25,119.5,0.11179947448672266
-30.25,119.75,0.11095436124087112
-30.25,120.0,0.10834991598849991
-30.25,120.25,0.10601870335126025
-30.25,120.5,0.10379734342827958
-30.25,120.75,0.10172061607994241
-30.25,121.0,0.10005955878391479
-30.25,121.25,0.10204084955882124
-30.25,121.5,0.1051405398489353
-30.25,121.75,0.10590250587574317
-30.25,122.0,0.10509046659698197
-30.25,122.25,0.10372974540953679
-30.25,122.5,0.10166856139243456
-30.25,122.75,0.10013394540317555
-30.25,123.0,0.09703822569518984
-30.25,123.25,0.09520662142986867
-30.25,123.5,0.09350494276941414
-30.25,123.75,0.09118463327783445
-30.25,124.0,0.09006343640841917
-30.25,124.25,0.08898077228637516
-30.25,124.5,0.09120488751042152
-30.25,124.75,0.0963855689423484
-30.25,125.0,0.10267494890951019
-30.25,125.25,0.10681364461028374
-30.25,125.5,0.10893104388670534
-30.25,125.75,0.10893381692718605
-30.25,126.0,0.1083986161433286
-30.25,126.25,0.10875152431964664
-30.25,126.5,0.11112556735479144
-30.25,126.75,0.11345799538529223
-30.25,127.0,0.11520690185151815
-30.25,127.25,0.11636391064594617
-30.25,127.5,0.1170077265384404
-30.25,127.75,0.11779248217862064
-30.25,128.0,0.11929314661621929
-30.25,128.25,0.12150736859325673
-30.25,128.5,0.12415795421109417
-30.25,128.75,0.12600982008111505
-30.25,129.0,0.12568174356765804
-30.25,129.25,0.1254024369456566
-30.25,129.5,0.12489437694011765
-30.25,129.75,0.1252721937736058
-30.25,130.0,0.12611640221479614
-30.25,130.25,0.12573167133676375
-30.25,130.5,0.12703632660446246
-30.25,130.75,0.125985578197
-30.25,131.0,0.12259537256799724
-30.25,131.25,0.12098518367302563
-30.25,131.5,0.12096788259716246
-30.25,131.75,0.12710683108562396
-30.25,132.0,0.134668968678156
-30.25,132.25,0.13954454252377976
-30.25,132.5,0.14452839245902255
-30.25,132.75,0.14917034454354927
-30.25,133.0,0.1510049690832756
-30.25,133.25,0.15053479497022496
-30.25,133.5,0.14814486809705205
-30.25,133.75,0.14652591335793227
-30.25,134.0,0.14492431508010892
-30.25,134.25,0.14489364054153397
-30.25,134.5,0.14510181761414276
-30.25,134.75,0.14478094435137925
-30.25,135.0,0.1437723393815684
-30.25,135.25,0.144285697730552
-30.25,135.5,0.1480621713697124
-30.25,135.75,0.1537626282195108
-30.25,136.0,0.15812444709712983
-30.25,136.25,0.15989794276673452
-30.25,136.5,0.16323229562513739
-30.25,136.75,0.16398886600216875
-30.25,137.0,0.16462556411425394
-30.25,137.25,0.16696716649583865
-30.25,137.5,0.1656281273289518
-30.25,137.75,0.16393844163165644
-30.25,138.0,0.16510073367501482
-30.25,138.25,0.17156998968291867
-30.25,138.5,0.18129333439535977
-30.25,138.75,0.18264636549598645
-30.25,139.0,0.1899453093023593
-30.25,139.25,0.18687693202822975
-30.25,139.5,0.18055644554524114
-30.25,139.75,0.1707603400629259
-30.25,140.0,0.17285689639760787
-30.25,140.25,0.18049829453907895
-30.25,140.5,0.18100970849734235
-30.25,140.75,0.17996750577530743
-30.25,141.0,0.17930961312265717
-30.25,141.25,0.1781089575330516
-30.25,141.5,0.17858700511111414
-30.25,141.75,0.18079246854813463
-30.25,142.0,0.18262154874947945
-30.25,142.25,0.18292893588010928
-30.25,142.5,0.18109103422687536
-30.25,142.75,0.1784679441109267
-30.25,143.0,0.17737584544785867
-30.25,143.25,0.17773173788578914
-30.25,143.5,0.17866077876411166
-30.25,143.75,0.17756621862181143
-30.25,144.0,0.17707694965408405
-30.25,144.25,0.17533852516462817
-30.25,144.5,0.1725293035967698
-30.25,144.75,0.16972972230702224
-30.25,145.0,0.16729744730525598
-30.25,145.25,0.16596863248300076
-30.25,145.5,0.16427200554116497
-30.25,145.75,0.1632995728625242
-30.25,146.0,0.16205507273363082
-30.25,146.25,0.15989872960447504
-30.25,146.5,0.15727985518724913
-30.25,146.75,0.1560798665596241
-30.25,147.0,0.1562244522281067
-30.25,147.25,0.15529183934352703
-30.25,147.5,0.15401339689517587
-30.25,147.75,0.1504816788624606
-30.25,148.0,0.1486275729298206
-30.25,148.25,0.14665281094697627
-30.25,148.5,0.14414585606403807
-30.25,148.75,0.1415563664483474
-30.25,149.0,0.1366245036664113
-30.25,149.25,0.13210838607669548
-30.25,149.5,0.12965580741519583
-30.25,149.75,0.1280769120408739
-30.25,150.0,0.12980085011355372
-30.25,150.25,0.12615506543416516
-30.25,150.5,0.12739216744667947
-30.25,150.75,0.12457113191947859
-30.25,151.0,0.11289098880505752
-30.25,151.25,0.10076049265336667
-30.25,151.5,0.09647392364492359
-30.25,151.75,0.07006122814483427
-30.25,152.0,0.053828954346276284
-30.25,152.25,0.05941588806921363
-30.25,152.5,0.07562724562385782
-30.25,152.75,0.08288782817996054
-30.25,153.0,0.0903739671988928
-30.25,153.25,0.09818877096726576
-30.5,114.75,0.07266743461349844
-30.5,115.0,0.07865273630887566
-30.5,115.25,0.08390538026641482
-30.5,115.5,0.08765744410894336
-30.5,115.75,0.09202265069652707
-30.5,116.0,0.09250056553810002
-30.5,116.25,0.09168979385403189
-30.5,116.5,0.09220248249204449
-30.5,116.75,0.09324787052550032
-30.5,117.0,0.09091086743905967
-30.5,117.25,0.08823553385513364
-30.5,117.5,0.08885321817513023
-30.5,117.75,0.09399264785597858
-30.5,118.0,0.09731830476634613
-30.5,118.25,0.0992542465521024
-30.5,118.5,0.10077587128108209
-30.5,118.75,0.1019764584845376
-30.5,119.0,0.10196899412973581
-30.5,119.25,0.10514281050412612
-30.5,119.5,0.10873938351681191
-30.5,119.75,0.11072154833294857
-30.5,120.0,0.10956835249149643
-30.5,120.25,0.10677329616875153
-30.5,120.5,0.10355543251308955
-30.5,120.75,0.10043360564419412
-30.5,121.0,0.09830799581617433
-30.5,121.25,0.09976017158468328
-30.5,121.5,0.10163321952232474
-30.5,121.75,0.10272317849052684
-30.5,122.0,0.10219339429826886
-30.5,122.25,0.10145982093379118
-30.5,122.5,0.09916917383441295
-30.5,122.75,0.09538701181064584
-30.5,123.0,0.09151929375339582
-30.5,123.25,0.08952247623528312
-30.5,123.5,0.08726660937304191
-30.5,123.75,0.08502036671120591
-30.5,124.0,0.08412224818525908
-30.5,124.25,0.08496156180103215
-30.5,124.5,0.08857050847334454
-30.5,124.75,0.09451398052493964
-30.5,125.0,0.09811329296961044
-30.5,125.25,0.10037468477364206
-30.5,125.5,0.10248884286109897
-30.5,125.75,0.10445738978304567
-30.5,126.0,0.10409363688041184
-30.5,126.25,0.10414482346328094
-30.5,126.5,0.10404675457545363
-30.5,126.75,0.10503281083421927
-30.5,127.0,0.10692874808909493
-30.5,127.25,0.10956582917356746
-30.5,127.5,0.11047891832623973
-30.5,127.75,0.11084184943530115
-30.5,128.0,0.11183016747806736
-30.5,128.25,0.11414047222854545
-30.5,128.5,0.1156691573720442
-30.5,128.75,0.11709796038271031
-30.5,129.0,0.11689003753387049
-30.5,129.25,0.11697932518412331
-30.5,129.5,0.1162099651536987
-30.5,129.75,0.11738297413328355
-30.5,130.0,0.11960353044035761
-30.5,130.25,0.12012043827006008
-30.5,130.5,0.12126338757416978
-30.5,130.75,0.12070123396332216
-30.5,131.0,0.11967792831426954
-30.5,131.25,0.11861336374042668
-30.5,131.5,0.11720680467623068
-30.5,131.75,0.11897259088441703
-30.5,132.0,0.12449068109173186
-30.5,132.25,0.13145124390157012
-30.5,132.5,0.13727847471598265
-30.5,132.75,0.14201887424656637
-30.5,133.0,0.14518815135501895
-30.5,133.25,0.14634390100168415
-30.5,133.5,0.14423355582329672
-30.5,133.75,0.14121171079104256
-30.5,134.0,0.1397724917340505
-30.5,134.25,0.13975663566491894
-30.5,134.5,0.14119196724833855
-30.5,134.75,0.143031889450783
-30.5,135.0,0.14455758252600454
-30.5,135.25,0.14504035581704483
-30.5,135.5,0.1480271352176265
-30.5,135.75,0.1530048947760143
-30.5,136.0,0.15780142640659878
-30.5,136.25,0.1616539695935715
-30.5,136.5,0.1641310123099326
-30.5,136.75,0.1642277772231327
-30.5,137.0,0.16269620249350789
-30.5,137.25,0.164309418057435
-30.5,137.5,0.16253554034843215
-30.5,137.75,0.16149585135181074
-30.5,138.0,0.16145461141881434
-30.5,138.25,0.16661110637530943
-30.5,138.5,0.18153630302800527
-30.5,138.75,0.18908418686032477
-30.5,139.0,0.18486709181608463
-30.5,139.25,0.1709366311378909
-30.5,139.5,0.1721249330662638
-30.5,139.75,0.1688258548623374
-30.5,140.0,0.17372705414821835
-30.5,140.25,0.17981406113621068
-30.5,140.5,0.1792189070183742
-30.5,140.75,0.17764906592183835
-30.5,141.0,0.17710844320028102
-30.5,141.25,0.17589416528860632
-30.5,141.5,0.17453481585901484
-30.5,141.75,0.17664390002821811
-30.5,142.0,0.18123942687033834
-30.5,142.25,0.18406985318163738
-30.5,142.5,0.18475437967532848
-30.5,142.75,0.18336814828433656
-30.5,143.0,0.1828968904441293
-30.5,143.25,0.18117693086380857
-30.5,143.5,0.17880709914402093
-30.5,143.75,0.17726760988687917
-30.5,144.0,0.17588382018990173
-30.5,144.25,0.173382005130243
-30.5,144.5,0.17031832202346822
-30.5,144.75,0.16764645689964536
-30.5,145.0,0.16547254685360024
-30.5,145.25,0.1641327667593306
-30.5,145.5,0.16343350073097135
-30.5,145.75,0.1639037569025226
-30.5,146.0,0.16432666529630074
-30.5,146.25,0.16330591055173116
-30.5,146.5,0.16076493498482872
-30.5,146.75,0.16045663709434052
-30.5,147.0,0.16014049929039623
-30.5,147.25,0.15862753759186562
-30.5,147.5,0.15869864138227402
-30.5,147.75,0.15555039244926053
-30.5,148.0,0.15133048868029586
-30.5,148.25,0.14689168082030277
-30.5,148.5,0.14207914902449537
-30.5,148.75,0.1366841070847159
-30.5,149.0,0.1270419754512583
-30.5,149.25,0.11836543781144593
-30.5,149.5,0.1142842014796794
-30.5,149.75,0.11911012861994069
-30.5,150.0,0.12140687764579497
-30.5,150.25,0.12368288919819183
-30.5,150.5,0.12278309742225173
-30.5,150.75,0.11776383414017867
-30.5,151.0,0.10359302152455177
-30.5,151.25,0.09610001781678652
-30.5,151.5,0.08994769158520162
-30.5,151.75,0.07145870647423523
-30.5,152.0,0.05891306965361927
-30.5,152.25,0.06115071949743293
-30.5,152.5,0.05946010436008733
-30.5,152.75,0.06438030560644163
-30.5,153.0,0.07990857742587053
-30.5,153.25,0.09834478798260443
-30.75,115.0,0.07154473346517665
-30.75,115.25,0.07852477172655033
-30.75,115.5,0.08405333309106323
-30.75,115.75,0.08730461760802671
-30.75,116.0,0.08853344161818591
-30.75,116.25,0.08758737370344298
-30.75,116.5,0.08658159325787984
-30.75,116.75,0.08697267606628885
-30.75,117.0,0.08543869779781466
-30.75,117.25,0.08383214491442621
-30.75,117.5,0.08486936526388475
-30.75,117.75,0.09065687931173216
-30.75,118.0,0.09495824874996439
-30.75,118.25,0.09758167882330343
-30.75,118.5,0.09848318306908116
-30.75,118.75,0.09909083937726917
-30.75,119.0,0.09852300104737505
-30.75,119.25,0.10071637643911152
-30.75,119.5,0.10355634617785174
-30.75,119.75,0.10568743721425237
-30.75,120.0,0.10679837037097849
-30.75,120.25,0.1075054411746877
-30.75,120.5,0.10555577313204528
-30.75,120.75,0.10175347852289074
-30.75,121.0,0.09788012655041707
-30.75,121.25,0.09789956945473943
-30.75,121.5,0.0998477209594776
-30.75,121.75,0.1007102315732025
-30.75,122.0,0.09943980823021001
-30.75,122.25,0.09725908483740114
-30.75,122.5,0.09436164910520005
-30.75,122.75,0.09090012595982294
-30.75,123.0,0.08736869149835853
-30.75,123.25,0.08439743196704971
-30.75,123.5,0.08090254120418358
-30.75,123.75,0.07996441313617673
-30.75,124.0,0.0802171741165759
-30.75,124.25,0.08284761915015941
-30.75,124.5,0.08888344639524808
-30.75,124.75,0.09374474505537671
-30.75,125.0,0.09583592492143728
-30.75,125.25,0.09606224648102261
-30.75,125.5,0.09615568672593275
-30.75,125.75,0.09597031751544226
-30.75,126.0,0.09661704320825575
-30.75,126.25,0.09759670045784319
-30.75,126.5,0.0985974369215941
-30.75,126.75,0.09942144161430806
-30.75,127.0,0.1015003732650307
-30.75,127.25,0.10424409039546517
-30.75,127.5,0.10544400699151663
-30.75,127.75,0.1051041875977374
-30.75,128.0,0.10563373124602564
-30.75,128.25,0.10672775832497675
-30.75,128.5,0.1076892984990169
-30.75,128.75,0.10801870725273859
-30.75,129.0,0.10773907520151045
-30.75,129.25,0.10796767373352367
-30.75,129.5,0.10741482718547708
-30.75,129.75,0.10829934816926885
-30.75,130.0,0.10998062800246466
-30.75,130.25,0.11097336554222251
-30.75,130.5,0.11171229659764531
-30.75,130.75,0.11225012049283856
-30.75,131.0,0.11329916148759137
-30.75,131.25,0.11443533455086112
-30.75,131.5,0.11539361740274791
-30.75,131.75,0.11625242494186779
-30.75,132.0,0.11784299038494597
-30.75,132.25,0.11993435147260106
-30.75,132.5,0.12464830401623819
-30.75,132.75,0.12921191546682184
-30.75,133.0,0.1333489537757274
-30.75,133.25,0.13735320990556701
-30.75,133.5,0.14163009080064895
-30.75,133.75,0.14366808211295928
-30.75,134.0,0.14412182136231186
-30.75,134.25,0.14295519314443098
-30.75,134.5,0.1432986158664455
-30.75,134.75,0.14607211382175295
-30.75,135.0,0.1484774830989313
-30.75,135.25,0.14913613290643654
-30.75,135.5,0.149881972079321
-30.75,135.75,0.1531790476263556
-30.75,136.0,0.15858160789209233
-30.75,136.25,0.16443380361524063
-30.75,136.5,0.16636438230647937
-30.75,136.75,0.16613872289780793
-30.75,137.0,0.1645974690808545
-30.75,137.25,0.16209744011362412
-30.75,137.5,0.15960559714366315
-30.75,137.75,0.15894295033697686
-30.75,138.0,0.15975147680428384
-30.75,138.25,0.16255447313565669
-30.75,138.5,0.17280675776216683
-30.75,138.75,0.17513569177115515
-30.75,139.0,0.15951199728877796
-30.75,139.25,0.15817148987404106
-30.75,139.5,0.16958294995077824
-30.75,139.75,0.17046901810078605
-30.75,140.0,0.1746001384932706
-30.75,140.25,0.17581166229667475
-30.75,140.5,0.17305249075285847
-30.75,140.75,0.17179871882406167
-30.75,141.0,0.17135408614002764
-30.75,141.25,0.17124747872573645
-30.75,141.5,0.17083856594752914
-30.75,141.75,0.17406707570045313
-30.75,142.0,0.17866592343611726
-30.75,142.25,0.18237755569087416
-30.75,142.5,0.18512420611228333
-30.75,142.75,0.18495793900525787
-30.75,143.0,0.18327824422696395
-30.75,143.25,0.18155388306292644
-30.75,143.5,0.17885134902735983
-30.75,143.75,0.17696265562667807
-30.75,144.0,0.17586991713029357
-30.75,144.25,0.1735411753830112
-30.75,144.5,0.17178364827248713
-30.75,144.75,0.16944074241328907
-30.75,145.0,0.1683826633521088
-30.75,145.25,0.16732414705670692
-30.75,145.5,0.16638614331711807
-30.75,145.75,0.16613120972431097
-30.75,146.0,0.16627424708733426
-30.75,146.25,0.1655268733930271
-30.75,146.5,0.16362578131049627
-30.75,146.75,0.16283205312153237
-30.75,147.0,0.1624106066392273
-30.75,147.25,0.1602703736170547
-30.75,147.5,0.1605988735584154
-30.75,147.75,0.15646823968653775
-30.75,148.0,0.15075601374837908
-30.75,148.25,0.14426359887593473
-30.75,148.5,0.13890540194633968
-30.75,148.75,0.12782905431960712
-30.75,149.0,0.11458254068762583
-30.75,149.25,0.10753636542866797
-30.75,149.5,0.1089114077183446
-30.75,149.75,0.11327386593618699
-30.75,150.0,0.11383136078636112
-30.75,150.25,0.11811294391602879
-30.75,150.5,0.11652681388906787
-30.75,150.75,0.1085303676525198
-30.75,151.0,0.09919617382002319
-30.75,151.25,0.08954259427904672
-30.75,151.5,0.07688056608118199
-30.75,151.75,0.058705918682822225
-30.75,152.0,0.055497262399971055
-30.75,152.25,0.04925639292104388
-30.75,152.5,0.038947855638830825
-30.75,152.75,0.04842812612694188
-30.75,153.0,0.08692564499408019
-30.75,153.25,0.09835582164075182
-31.0,115.0,0.06334668101800268
-31.0,115.25,0.06984731109352091
-31.0,115.5,0.07878107779548023
-31.0,115.75,0.08194766395534142
-31.0,116.0,0.0833288874989091
-31.0,116.25,0.08271828783019662
-31.0,116.5,0.08179000152638566
-31.0,116.75,0.08109900345679065
-31.0,117.0,0.08085519380875876
-31.0,117.25,0.08160778394589624
-31.0,117.5,0.08381835988174763
-31.0,117.75,0.08640503761850224
-31.0,118.0,0.09095742686883147
-31.0,118.25,0.09427665455542623
-31.0,118.5,0.09586956764496132
-31.0,118.75,0.09637233594763646
-31.0,119.0,0.09560893952992713
-31.0,119.25,0.09577754391511124
-31.0,119.5,0.09809227092338786
-31.0,119.75,0.09959732746552712
-31.0,120.0,0.10103731891415223
-31.0,120.25,0.10261555051412771
-31.0,120.5,0.10317853151192503
-31.0,120.75,0.10024086508156138
-31.0,121.0,0.0945569359335269
-31.0,121.25,0.09216624730274041
-31.0,121.5,0.09528881079055983
-31.0,121.75,0.09771187051510406
-31.0,122.0,0.0981897434231918
-31.0,122.25,0.09466163022290296
-31.0,122.5,0.0901466319542452
-31.0,122.75,0.08672591016720797
-31.0,123.0,0.08309892159463321
-31.0,123.25,0.07980162737816728
-31.0,123.5,0.07621028226544896
-31.0,123.75,0.07654138181792745
-31.0,124.0,0.07801170165908476
-31.0,124.25,0.08152933231279494
-31.0,124.5,0.08640682183713716
-31.0,124.75,0.08875541078696252
-31.0,125.0,0.08852529888250084
-31.0,125.25,0.08846255663885495
-31.0,125.5,0.08842632606447767
-31.0,125.75,0.08987859583194616
-31.0,126.0,0.09132628070891778
-31.0,126.25,0.09216060496004508
-31.0,126.5,0.09412290428692148
-31.0,126.75,0.09439033902456585
-31.0,127.0,0.09549992402912318
-31.0,127.25,0.0980969854882923
-31.0,127.5,0.09759028733911353
-31.0,127.75,0.09737761610185597
-31.0,128.0,0.09719961578951179
-31.0,128.25,0.09796687065214528
-31.0,128.5,0.09920384392251486
-31.0,128.75,0.0982644160074448
-31.0,129.0,0.09850766322317472
-31.0,129.25,0.09870759520549813
-31.0,129.5,0.09952015338152376
-31.0,129.75,0.10090040137025777
-31.0,130.0,0.10210545473281116
-31.0,130.25,0.10270794289492524
-31.0,130.5,0.10378937352667168
-31.0,130.75,0.10426438034799175
-31.0,131.0,0.10576519821743434
-31.0,131.25,0.10885296440315703
-31.0,131.5,0.11249478368881036
-31.0,131.75,0.11533075099824404
-31.0,132.0,0.11457997154827602
-31.0,132.25,0.11460446471740551
-31.0,132.5,0.11271698734788212
-31.0,132.75,0.11494214527233969
-31.0,133.0,0.12115020374277669
-31.0,133.25,0.1271332659184777
-31.0,133.5,0.13247314720619457
-31.0,133.75,0.13716364658825986
-31.0,134.0,0.14126401380921377
-31.0,134.25,0.14244027003155407
-31.0,134.5,0.14169382883794848
-31.0,134.75,0.14281311074112651
-31.0,135.0,0.14685390636824228
-31.0,135.25,0.14838867819614993
-31.0,135.5,0.1498949967373303
-31.0,135.75,0.15341138859785455
-31.0,136.0,0.15732056399460057
-31.0,136.25,0.16249227345926565
-31.0,136.5,0.16322104439064736
-31.0,136.75,0.1628523090170108
-31.0,137.0,0.16190063874905802
-31.0,137.25,0.15982182954152122
-31.0,137.5,0.15800005614498772
-31.0,137.75,0.1576775203826909
-31.0,138.0,0.15996316112536224
-31.0,138.25,0.15939552978658234
-31.0,138.5,0.15886942671884965
-31.0,138.75,0.15621974621731569
-31.0,139.0,0.14947794583490176
-31.0,139.25,0.1557033631855005
-31.0,139.5,0.16719341020651105
-31.0,139.75,0.17110917331869757
-31.0,140.0,0.17244679619917808
-31.0,140.25,0.1701604582863753
-31.0,140.5,0.1660480335966248
-31.0,140.75,0.165030661887668
-31.0,141.0,0.1658880390558496
-31.0,141.25,0.16687201183084388
-31.0,141.5,0.17138892481953744
-31.0,141.75,0.17475705998629137
-31.0,142.0,0.17719536195140606
-31.0,142.25,0.1789449530143866
-31.0,142.5,0.17995250239344343
-31.0,142.75,0.18031329866634752
-31.0,143.0,0.18077834765689116
-31.0,143.25,0.17956717858663418
-31.0,143.5,0.17825723233272214
-31.0,143.75,0.17576793745587577
-31.0,144.0,0.17475546917534376
-31.0,144.25,0.1744778969338448
-31.0,144.5,0.1733041459904213
-31.0,144.75,0.1728391319956855
-31.0,145.0,0.1710410843607164
-31.0,145.25,0.17206658101158795
-31.0,145.5,0.17292653332794594
-31.0,145.75,0.17151555023452272
-31.0,146.0,0.16948710144695134
-31.0,146.25,0.16795483495955052
-31.0,146.5,0.1663918023382062
-31.0,146.75,0.16650406476000632
-31.0,147.0,0.16451853129735206
-31.0,147.25,0.16259920744138387
-31.0,147.5,0.16068995752394993
-31.0,147.75,0.15560796496255214
-31.0,148.0,0.14916476260645833
-31.0,148.25,0.14151733586135973
-31.0,148.5,0.13247045262553728
-31.0,148.75,0.11832693296582275
-31.0,149.0,0.10738088879336878
-31.0,149.25,0.10640930370460053
-31.0,149.5,0.11140306901573309
-31.0,149.75,0.11110797332561242
-31.0,150.0,0.10648538866973131
-31.0,150.25,0.11057855502677194
-31.0,150.5,0.11131710649308268
-31.0,150.75,0.10594461504619346
-31.0,151.0,0.09482660250483002
-31.0,151.25,0.08663887227875702
-31.0,151.5,0.0739055181656333
-31.0,151.75,0.05642452125435389
-31.0,152.0,0.05800068033326743
-31.0,152.25,0.056108184784964744
-31.0,152.5,0.05215155693874718
-31.0,152.75,0.0655903230896779
-31.0,153.0,0.09690404569094486
-31.0,153.25,0.09663108250126767
-31.25,115.25,0.0620511293667973
-31.25,115.5,0.07170475775862566
-31.25,115.75,0.07813052282002089
-31.25,116.0,0.07827432158379163
-31.25,116.25,0.07770356084557035
-31.25,116.5,0.07642629910755191
-31.25,116.75,0.07560006381320687
-31.25,117.0,0.07666149050778544
-31.25,117.25,0.0789286730041917
-31.25,117.5,0.08015310583576722
-31.25,117.75,0.0820842527089192
-31.25,118.0,0.08668715264948211
-31.25,118.25,0.08976770615339284
-31.25,118.5,0.09217977570580291
-31.25,118.75,0.09401883149487687
-31.25,119.0,0.09361046612718135
-31.25,119.25,0.09311118901205227
-31.25,119.5,0.09349635253692491
-31.25,119.75,0.09419392973350839
-31.25,120.0,0.0955797778417989
-31.25,120.25,0.09568391074677773
-31.25,120.5,0.09632339325276307
-31.25,120.75,0.09501769796247837
-31.25,121.0,0.09059522534314512
-31.25,121.25,0.08665237588725373
-31.25,121.5,0.08764964512438976
-31.25,121.75,0.09206691000636096
-31.25,122.0,0.09473041912355674
-31.25,122.25,0.0926124267154635
-31.25,122.5,0.08850515705087544
-31.25,122.75,0.08407173561145481
-31.25,123.0,0.08100846833384953
-31.25,123.25,0.07537184397931825
-31.25,123.5,0.07170003941744034
-31.25,123.75,0.0728204373681597
-31.25,124.0,0.07561432382555483
-31.25,124.25,0.07972748653542273
-31.25,124.5,0.08095246952442581
-31.25,124.75,0.0814477026543874
-31.25,125.0,0.08119574112940606
-31.25,125.25,0.0798622905735654
-31.25,125.5,0.08024695188256549
-31.25,125.75,0.08147668446709593
-31.25,126.0,0.0828189627124884
-31.25,126.25,0.08452401858859085
-31.25,126.5,0.0851297999146858
-31.25,126.75,0.08647019888753084
-31.25,127.0,0.08780225709100144
-31.25,127.25,0.0875952566144065
-31.25,127.5,0.08806976092698603
-31.25,127.75,0.08747415818261554
-31.25,128.0,0.08694442546173681
-31.25,128.25,0.08836482135771145
-31.25,128.5,0.08873445539548815
-31.25,128.75,0.08876832888453946
-31.25,129.0,0.09047471273431368
-31.25,129.25,0.09118292628636152
-31.25,129.5,0.09262563237747191
-31.25,129.75,0.09557947537330697
-31.25,130.0,0.09764682034248148
-31.25,130.25,0.09806889737471396
-31.25,130.5,0.09964742604870569
-31.25,130.75,0.10020418091937355
-31.25,131.0,0.10245172454024634
-31.25,131.25,0.10673794782495633
-31.25,131.5,0.11178211319783785
-31.25,131.75,0.11449231403569891
-31.25,132.0,0.114959118548317
-31.25,132.25,0.11220380395939673
-31.25,132.5,0.10919481625634514
-31.25,132.75,0.11014737975098045
-31.25,133.0,0.1161640901932138
-31.25,133.25,0.12180087236811171
-31.25,133.5,0.12265808351685237
-31.25,133.75,0.12612646136039615
-31.25,134.0,0.13080569166716585
-31.25,134.25,0.13436138532273434
-31.25,134.5,0.13538527894624053
-31.25,134.75,0.13626712409190783
-31.25,135.0,0.14019938792354705
-31.25,135.25,0.14251526706606946
-31.25,135.5,0.14692438304406322
-31.25,135.75,0.14997724740176221
-31.25,136.0,0.15236808811178765
-31.25,136.25,0.15565622805821266
-31.25,136.5,0.15688196591379747
-31.25,136.75,0.156322043914554
-31.25,137.0,0.15609636925571282
-31.25,137.25,0.15715831042005599
-31.25,137.5,0.15519027445154843
-31.25,137.75,0.1569260890143138
-31.25,138.0,0.16108939091575855
-31.25,138.25,0.16156630898172916
-31.25,138.5,0.16023312231966186
-31.25,138.75,0.1586322553845935
-31.25,139.0,0.15177732164959573
-31.25,139.25,0.16024751814648136
-31.25,139.5,0.1658884712150374
-31.25,139.75,0.16841573642930552
-31.25,140.0,0.16761009995070808
-31.25,140.25,0.16453081332478878
-31.25,140.5,0.16084789590535956
-31.25,140.75,0.1608926059298774
-31.25,141.0,0.16127652473054357
-31.25,141.25,0.16490928922030312
-31.25,141.5,0.16864222818293856
-31.25,141.75,0.17092785458802337
-31.25,142.0,0.17392568103788275
-31.25,142.25,0.1738263125155435
-31.25,142.5,0.17403586972121504
-31.25,142.75,0.1727877618932667
-31.25,143.0,0.17588660633068212
-31.25,143.25,0.17737531336190074
-31.25,143.5,0.1757250419860165
-31.25,143.75,0.17428425696755484
-31.25,144.0,0.17278453695596205
-31.25,144.25,0.17275041966802676
-31.25,144.5,0.17579152355052763
-31.25,144.75,0.1736886430316544
-31.25,145.0,0.17358011745212307
-31.25,145.25,0.17465792688903506
-31.25,145.5,0.17465450063976345
-31.25,145.75,0.17355278581638456
-31.25,146.0,0.17073944153605894
-31.25,146.25,0.1692091635543116
-31.25,146.5,0.1699369269351354
-31.25,146.75,0.16861798057124303
-31.25,147.0,0.1679406631809173
-31.25,147.25,0.16466650600972638
-31.25,147.5,0.1598796318010158
-31.25,147.75,0.1552827348427948
-31.25,148.0,0.14836505255274804
-31.25,148.25,0.14075099676629707
-31.25,148.5,0.12990604255195606
-31.25,148.75,0.1172412226857347
-31.25,149.0,0.11556888507497938
-31.25,149.25,0.11515646601598006
-31.25,149.5,0.11659323166001542
-31.25,149.75,0.1089554903594834
-31.25,150.0,0.10152732288850827
-31.25,150.25,0.1007774347453749
-31.25,150.5,0.10490007294180245
-31.25,150.75,0.10464666756840289
-31.25,151.0,0.09630753366950695
-31.25,151.25,0.08859717376646982
-31.25,151.5,0.07173315649717849
-31.25,151.75,0.05190522432756656
-31.25,152.0,0.05387564332376725
-31.25,152.25,0.05668607433342461
-31.25,152.5,0.05889037973760632
-31.25,152.75,0.0804817844032699
-31.25,153.0,0.09926828392522993
-31.25,153.25,0.09452551480704188
-31.5,115.5,0.06332529216009412
-31.5,115.75,0.07108765637236913
-31.5,116.0,0.07235145408625082
-31.5,116.25,0.07157166525217526
-31.5,116.5,0.07062833842965836
-31.5,116.75,0.07040694032511098
-31.5,117.0,0.07267144770884887
-31.5,117.25,0.07461660960266009
-31.5,117.5,0.076313997813958
-31.5,117.75,0.07768797570131625
-31.5,118.0,0.0812648138255902
-31.5,118.25,0.084568700233425
-31.5,118.5,0.08923859638783209
-31.5,118.75,0.09209447582281613
-31.5,119.0,0.09174578055083968
-31.5,119.25,0.09025207760551777
-31.5,119.5,0.08999806111798105
-31.5,119.75,0.0896764240502954
-31.5,120.0,0.09116260523191386
-31.5,120.25,0.09042842520757016
-31.5,120.5,0.08901060343620773
-31.5,120.75,0.0876316539161119
-31.5,121.0,0.0879104573066076
-31.5,121.25,0.08487675290959548
-31.5,121.5,0.08465115863695577
-31.5,121.75,0.08641731034917853
-31.5,122.0,0.09040610977270541
-31.5,122.25,0.09090062455039424
-31.5,122.5,0.08687933696893244
-31.5,122.75,0.08247266270415733
-31.5,123.0,0.07505626110058385
-31.5,123.25,0.06935870184276105
-31.5,123.5,0.0668530996141765
-31.5,123.75,0.06986033334409904
-31.5,124.0,0.07352942080112314
-31.5,124.25,0.07423348305149263
-31.5,124.5,0.0749967367330551
-31.5,124.75,0.0744981787780025
-31.5,125.0,0.07280259811775969
-31.5,125.25,0.07236037644731787
-31.5,125.5,0.0722082898088383
-31.5,125.75,0.07258307020820402
-31.5,126.0,0.0735445935453849
-31.5,126.25,0.07437299533378247
-31.5,126.5,0.0754960556443968
-31.5,126.75,0.07555141408042564
-31.5,127.0,0.07666404167980471
-31.5,127.25,0.07656126353834826
-31.5,127.5,0.07646458530210107
-31.5,127.75,0.07550075690954688
-31.5,128.0,0.075673749209613
-31.5,128.25,0.07917330842047775
-31.5,128.5,0.08073889519343173
-31.5,128.75,0.08428402700436383
-31.5,129.0,0.08583704280864854
-31.5,129.25,0.08636164664485002
-31.5,129.5,0.08947082743463847
-31.5,129.75,0.0925381405546717
-31.5,130.0,0.09776301433314152
-31.5,130.25,0.09834502239900818
-31.5,130.5,0.10026758808590298
-31.5,130.75,0.10459272068953177
-31.5,131.0,0.10758438470416627
-31.5,131.25,0.11142111391367904
-31.5,131.5,0.11368294566917478
-31.5,131.75,0.11578488060275297
-31.5,132.0,0.11493236848558606
-31.5,132.25,0.11254055657362874
-31.5,132.5,0.11087536336887803
-31.5,132.75,0.10913282898548368
-31.5,133.0,0.1139030225919971
-31.5,133.25,0.11551644077902089
-31.5,133.5,0.11718708137895302
-31.5,133.75,0.12112605658428673
-31.5,134.0,0.1216321270066172
-31.5,134.25,0.12475391956443872
-31.5,134.5,0.12574190410103567
-31.5,134.75,0.12754619788727414
-31.5,135.0,0.13272884120127856
-31.5,135.25,0.13628946723643076
-31.5,135.5,0.14315282144237412
-31.5,135.75,0.14633057912670686
-31.5,136.0,0.14810562993913357
-31.5,136.25,0.151114521925859
-31.5,136.5,0.15285728356873982
-31.5,136.75,0.1522997134862874
-31.5,137.0,0.1538473930397106
-31.5,137.25,0.15493516283412911
-31.5,137.5,0.1550500689920399
-31.5,137.75,0.15775412911049
-31.5,138.0,0.16272067072242108
-31.5,138.25,0.1662611698000685
-31.5,138.5,0.16889858185947343
-31.5,138.75,0.15948476569044148
-31.5,139.0,0.1580851505397065
-31.5,139.25,0.16216777118693165
-31.5,139.5,0.16458419273782968
-31.5,139.75,0.16561325063202975
-31.5,140.0,0.16322664942618287
-31.5,140.25,0.1608913659835229
-31.5,140.5,0.1580878292491686
-31.5,140.75,0.15913332427359925
-31.5,141.0,0.15977011348501077
-31.5,141.25,0.16211217980763484
-31.5,141.5,0.16515405376142672
-31.5,141.75,0.16408386932846356
-31.5,142.0,0.16693674904696573
-31.5,142.25,0.16803591774717302
-31.5,142.5,0.1656707312037331
-31.5,142.75,0.1674196995598992
-31.5,143.0,0.17169443158487727
-31.5,143.25,0.17234524559293543
-31.5,143.5,0.17209374692653648
-31.5,143.75,0.17061814420317675
-31.5,144.0,0.17188377458695286
-31.5,144.25,0.17344779693574391
-31.5,144.5,0.17416628654096897
-31.5,144.75,0.17627612573074367
-31.5,145.0,0.17455977338278705
-31.5,145.25,0.17307965259457767
-31.5,145.5,0.17395751308652824
-31.5,145.75,0.17153152391527793
-31.5,146.0,0.1710886948239358
-31.5,146.25,0.169352129625242
-31.5,146.5,0.17027321324923275
-31.5,146.75,0.17112580183502546
-31.5,147.0,0.169180248167028
-31.5,147.25,0.16586712729499162
-31.5,147.5,0.15921180718331768
-31.5,147.75,0.15251584344307803
-31.5,148.0,0.14563210941351745
-31.5,148.25,0.1370641650439703
-31.5,148.5,0.12678966609097203
-31.5,148.75,0.11561358144465046
-31.5,149.0,0.11326092175260863
-31.5,149.25,0.11507355501976639
-31.5,149.5,0.1157171120940889
-31.5,149.75,0.1061144915351281
-31.5,150.0,0.09709980014790162
-31.5,150.25,0.09739760501243085
-31.5,150.5,0.10401376265359501
-31.5,150.75,0.10595557340433129
-31.5,151.0,0.10052980440740952
-31.5,151.25,0.08608449298562078
-31.5,151.5,0.06204832864709714
-31.5,151.75,0.047623486584222184
-31.5,152.0,0.055632006161431026
-31.5,152.25,0.062430239411216004
-31.5,152.5,0.07192730174145677
-31.5,152.75,0.09043060922212068
-31.5,153.0,0.09963833863107113
-31.75,115.5,0.05684473424244347
-31.75,115.75,0.0656257378491296
-31.75,116.0,0.06794482631878809
-31.75,116.25,0.06630933687767764
-31.75,116.5,0.06584197198024941
-31.75,116.75,0.066930715971274
-31.75,117.0,0.06915175143850393
-31.75,117.25,0.07142272951702466
-31.75,117.5,0.07259069918032658
-31.75,117.75,0.07384727944867062
-31.75,118.0,0.07646573133353744
-31.75,118.25,0.0798458953136046
-31.75,118.5,0.08380138525632935
-31.75,118.75,0.08950152887659103
-31.75,119.0,0.08990926648338066
-31.75,119.25,0.08824647911434126
-31.75,119.5,0.08547586687562635
-31.75,119.75,0.08469258984444834
-31.75,120.0,0.08534940886800234
-31.75,120.25,0.08592172060573006
-31.75,120.5,0.08464462080552772
-31.75,120.75,0.08618055971388977
-31.75,121.0,0.08667547921067924
-31.75,121.25,0.08394633543527062
-31.75,121.5,0.08109414687185419
-31.75,121.75,0.08348017594462241
-31.75,122.0,0.0862001971459713
-31.75,122.25,0.08799680730856989
-31.75,122.5,0.08383925672171047
-31.75,122.75,0.07781898901416355
-31.75,123.0,0.07056311360997243
-31.75,123.25,0.0637953384937655
-31.75,123.5,0.0626916615837322
-31.75,123.75,0.06693773786942753
-31.75,124.0,0.06853199271707451
-31.75,124.25,0.07050179892893021
-31.75,124.5,0.0680912371863088
-31.75,124.75,0.06636629292049782
-31.75,125.0,0.06541870285375007
-31.75,125.25,0.06364443562776974
-31.75,125.5,0.06413548772091762
-31.75,125.75,0.06421931497607669
-31.75,126.0,0.06426024640640207
-31.75,126.25,0.06488141130888962
-31.75,126.5,0.06472712449920819
-31.75,126.75,0.06493079015408491
-31.75,127.0,0.06606638800557622
-31.75,127.25,0.06685669554215479
-31.75,127.5,0.06656255199370749
-31.75,127.75,0.06935386380740714
-31.75,128.0,0.06986772000925225
-31.75,128.25,0.07468839272030188
-31.75,128.5,0.08102051524322623
-31.75,128.75,0.08277059562306584
-31.75,129.0,0.08467060853491401
-31.75,129.25,0.08606297534911317
-31.75,129.5,0.08836725838051393
-31.75,129.75,0.09088402298678386
-31.75,130.0,0.09511141855148224
-31.75,130.25,0.09658590924216483
-31.75,130.5,0.09923242687084428
-31.75,130.75,0.10356517917993303
-31.75,131.0,0.10745681962088724
-31.75,131.25,0.11118515221400564
-31.75,131.5,0.11274041920741325
-31.75,131.75,0.11385147577982974
-31.75,132.0,0.11402208505682708
-31.75,132.25,0.11620740753884842
-31.75,132.5,0.11716854489366504
-31.75,132.75,0.11419367389429409
-31.75,133.0,0.11266489004201806
-31.75,133.25,0.11423341849559918
-31.75,133.5,0.11395127655633452
-31.75,133.75,0.1163730956707875
-31.75,134.0,0.11642698724343988
-31.75,134.25,0.11587751522665282
-31.75,134.5,0.11621133619014098
-31.75,134.75,0.11882985519070054
-31.75,135.0,0.12725708394405758
-31.75,135.25,0.1326892574093362
-31.75,135.5,0.13414915457103743
-31.75,135.75,0.1425699412087802
-31.75,136.0,0.14324075399205585
-31.75,136.25,0.14810977352452454
-31.75,136.5,0.14924257481207426
-31.75,136.75,0.1558922835641849
-31.75,137.0,0.1570621422200215
-31.75,137.25,0.1557558122840739
-31.75,137.5,0.153908957131325
-31.75,137.75,0.15666135313612078
-31.75,138.0,0.16053086471368122
-31.75,138.25,0.16552543168349731
-31.75,138.5,0.16937395719071532
-31.75,138.75,0.16056549809904655
-31.75,139.0,0.1574373711929011
-31.75,139.25,0.16315863260500924
-31.75,139.5,0.165215780103469
-31.75,139.75,0.16437514301147577
-31.75,140.0,0.16110534992390635
-31.75,140.25,0.1582843468791764
-31.75,140.5,0.15704912670046686
-31.75,140.75,0.15857294172082426
-31.75,141.0,0.1600512641656873
-31.75,141.25,0.1594251853990242
-31.75,141.5,0.15723578729477158
-31.75,141.75,0.15366143911201047
-31.75,142.0,0.15858921272713483
-31.75,142.25,0.15835940265395493
-31.75,142.5,0.16059009719693554
-31.75,142.75,0.1622947994645485
-31.75,143.0,0.16647928601759096
-31.75,143.25,0.16921466822052889
-31.75,143.5,0.16776245330445774
-31.75,143.75,0.16890394942871573
-31.75,144.0,0.17114608329722678
-31.75,144.25,0.172391220795533
-31.75,144.5,0.17423266902575768
-31.75,144.75,0.17402295182019997
-31.75,145.0,0.17439811542237335
-31.75,145.25,0.17170765297484916
-31.75,145.5,0.1711559379410215
-31.75,145.75,0.1714034081580195
-31.75,146.0,0.1696296295546345
-31.75,146.25,0.169691670025086
-31.75,146.5,0.17240210089281194
-31.75,146.75,0.1723597591746804
-31.75,147.0,0.17159622105858202
-31.75,147.25,0.16740605752785492
-31.75,147.5,0.1588528693892664
-31.75,147.75,0.15114200038648976
-31.75,148.0,0.14190381531125987
-31.75,148.25,0.1331780581830082
-31.75,148.5,0.12194529556505887
-31.75,148.75,0.11093730585636086
-31.75,149.0,0.10668577886486445
-31.75,149.25,0.10853325011857252
-31.75,149.5,0.10738213848693602
-31.75,149.75,0.10211138103260259
-31.75,150.0,0.09549141478634636
-31.75,150.25,0.1014689997723501
-31.75,150.5,0.10691789304631277
-31.75,150.75,0.10738086688461403
-31.75,151.0,0.10300376493159186
-31.75,151.25,0.08627480868205262
-31.75,151.5,0.06442512638377748
-31.75,151.75,0.049991923957320446
-31.75,152.0,0.062363704235672564
-31.75,152.25,0.07419521593409015
-31.75,152.5,0.0859107777553285
-31.75,152.75,0.09686007177628665
-31.75,153.0,0.0976894150697472
-32.0,115.5,0.05213223497040324
-32.0,115.75,0.06108613271804798
-32.0,116.0,0.06329980599483488
-32.0,116.25,0.062032468763488786
-32.0,116.5,0.062152602481886296
-32.0,116.75,0.06325903113675217
-32.0,117.0,0.06612889449981121
-32.0,117.25,0.06825989473881655
-32.0,117.5,0.07031564586981183
-32.0,117.75,0.07065827653817715
-32.0,118.0,0.07173311768183581
-32.0,118.25,0.07513459958662191
-32.0,118.5,0.07900709502797039
-32.0,118.75,0.0841389460338567
-32.0,119.0,0.08577462653064878
-32.0,119.25,0.08564125859517621
-32.0,119.5,0.08249520273199097
-32.0,119.75,0.08030722953049531
-32.0,120.0,0.08021060517743306
-32.0,120.25,0.08068878635269247
-32.0,120.5,0.08318913133471371
-32.0,120.75,0.08445754127181193
-32.0,121.0,0.08439756388001542
-32.0,121.25,0.08111148026927535
-32.0,121.5,0.07844463525893253
-32.0,121.75,0.0793751211662512
-32.0,122.0,0.08256030688197738
-32.0,122.25,0.08459821937712678
-32.0,122.5,0.08042354837790412
-32.0,122.75,0.07457717066475923
-32.0,123.0,0.06830532627813715
-32.0,123.25,0.062038705284536096
-32.0,123.5,0.060801385220133904
-32.0,123.75,0.062137127389419386
-32.0,124.0,0.06487566084134418
-32.0,124.25,0.06279672833189216
-32.0,124.5,0.06107207381110787
-32.0,124.75,0.058914410671196384
-32.0,125.0,0.057048382918621916
-32.0,125.25,0.05660396222647606
-32.0,125.5,0.05649200870882611
-32.0,125.75,0.05740882123464542
-32.0,126.0,0.057820209525139776
-32.0,126.25,0.0586496264527757
-32.0,126.5,0.05830162222015041
-32.0,126.75,0.05881859868086577
-32.0,127.0,0.06065562028236128
-32.0,127.25,0.0618734714284463
-32.0,127.5,0.0690101950015344
-32.0,127.75,0.07205400459555629
-32.0,128.0,0.07269505262125
-32.0,128.25,0.07557635666592871
-32.0,128.5,0.07949448308328622
-32.0,128.75,0.08083793892968631
-32.0,129.0,0.08166663006978092
-32.0,129.25,0.08370064268321409
-32.0,131.75,0.11064170094220355
-32.0,132.0,0.11327821178089088
-32.0,132.25,0.11675953868723653
-32.0,132.5,0.12074796393823958
-32.0,132.75,0.12022832538679398
-32.0,133.0,0.11964527524429791
-32.0,133.25,0.11868357413201791
-32.0,133.5,0.11798838921926158
-32.0,133.75,0.11539780620169361
-32.0,134.0,0.11128414324654805
-32.0,134.25,0.11171734940955179
-32.0,134.5,0.10977657639769207
-32.0,134.75,0.11232161918019998
-32.0,135.0,0.12033711039816912
-32.0,135.25,0.128599804267768
-32.0,135.5,0.1323537541069617
-32.0,135.75,0.1345508401437555
-32.0,136.0,0.13754273276599552
-32.0,136.25,0.14429743534237213
-32.0,136.5,0.15161445493879702
-32.0,136.75,0.15659686446030688
-32.0,137.0,0.15742975708789655
-32.0,137.25,0.15531755603318487
-32.0,137.5,0.1517547708453301
-32.0,137.75,0.1494306360097331
-32.0,138.0,0.15335560902564177
-32.0,138.25,0.15822225410879073
-32.0,138.5,0.15908845333882196
-32.0,138.75,0.15187235307879773
-32.0,139.0,0.15569251163626271
-32.0,139.25,0.1651656865155906
-32.0,139.5,0.16791578256672507
-32.0,139.75,0.16534412767013995
-32.0,140.0,0.16155530752626987
-32.0,140.25,0.1588761169484571
-32.0,140.5,0.15656204671533425
-32.0,140.75,0.15734233348653393
-32.0,141.0,0.15676085630692096
-32.0,141.25,0.15169332423497348
-32.0,141.5,0.1451706529479583
-32.0,141.75,0.1414677625560229
-32.0,142.0,0.14734146705612616
-32.0,142.25,0.15196416773003732
-32.0,142.5,0.15350110134575887
-32.0,142.75,0.15786125120348876
-32.0,143.0,0.1619735865493096
-32.0,143.25,0.16347082619177622
-32.0,143.5,0.16536999865695598
-32.0,143.75,0.16569132858628446
-32.0,144.0,0.1691359829118172
-32.0,144.25,0.17075660011802338
-32.0,144.5,0.1709083793497353
-32.0,144.75,0.17257122637095443
-32.0,145.0,0.17291756496969096
-32.0,145.25,0.17095590101179348
-32.0,145.5,0.16946085084757567
-32.0,145.75,0.16801261308774243
-32.0,146.0,0.1685925809490109
-32.0,146.25,0.16916131693488137
-32.0,146.5,0.17329855270731692
-32.0,146.75,0.17566005753642713
-32.0,147.0,0.17396829970475852
-32.0,147.25,0.1695065313740138
-32.0,147.5,0.1598371440952342
-32.0,147.75,0.15043333718928154
-32.0,148.0,0.1413478391762351
-32.0,148.25,0.13029479969775426
-32.0,148.5,0.11905956987138525
-32.0,148.75,0.10921678356329752
-32.0,149.0,0.10298057158887297
-32.0,149.25,0.09792741771232043
-32.0,149.5,0.09700267293481206
-32.0,149.75,0.09456596532068004
-32.0,150.0,0.0900399841711822
-32.0,150.25,0.0964702750497777
-32.0,150.5,0.10186376188512651
-32.0,150.75,0.10324314039274349
-32.0,151.0,0.097313512597164
-32.0,151.25,0.08039285517440582
-32.0,151.5,0.05785980362971578
-32.0,151.75,0.05070177028421024
-32.0,152.0,0.06672512759771411
-32.0,152.25,0.07959427922557404
-32.0,152.5,0.09815509588493215
-32.0,152.75,0.09988372934444925
-32.25,115.5,0.04745416861893263
-32.25,115.75,0.05625374165826066
-32.25,116.0,0.05915087538291058
-32.25,116.25,0.059126598443299566
-32.25,116.5,0.059174439884699316
-32.25,116.75,0.06035890112977645
-32.25,117.0,0.06177952562562696
-32.25,117.25,0.06433175547507335
-32.25,117.5,0.06646707128298213
-32.25,117.75,0.06687500725845712
-32.25,118.0,0.0677164198402457
-32.25,118.25,0.07027756819220121
-32.25,118.5,0.07372540494371037
-32.25,118.75,0.07703099371829311
-32.25,119.0,0.07867293315151375
-32.25,119.25,0.07955357895912384
-32.25,119.5,0.0807870121292304
-32.25,119.75,0.07971123608034505
-32.25,120.0,0.07637320285664348
-32.25,120.25,0.07627576680362193
-32.25,120.5,0.07907250877370027
-32.25,120.75,0.08084822536827249
-32.25,121.0,0.08009859252300901
-32.25,121.25,0.07682641578330514
-32.25,121.5,0.07632945945337255
-32.25,121.75,0.07840304781834766
-32.25,122.0,0.08051665072298166
-32.25,122.25,0.08225905304055244
-32.25,122.5,0.07764071511700593
-32.25,122.75,0.07184050829245898
-32.25,123.0,0.06638301051813
-32.25,123.25,0.06090415141949409
-32.25,123.5,0.05898326829589312
-32.25,123.75,0.059389239427414975
-32.25,124.0,0.05751662530113649
-32.25,124.25,0.05614666610378037
-32.25,124.5,0.05337516616195792
-32.25,124.75,0.052059272721021406
-32.25,125.0,0.05119437388763647
-32.25,125.25,0.05278082408397207
-32.25,125.5,0.053145849255813185
-32.25,125.75,0.055527676780833236
-32.25,126.0,0.057245825119342
-32.25,126.25,0.05835845717129295
-32.25,126.5,0.059356284528534385
-32.25,126.75,0.06019875019161993
-32.25,127.0,0.06270622624004958
-32.25,127.25,0.0664227173510338
-32.25,127.5,0.07145261414218643
-32.25,127.75,0.07286575952799723
-32.25,128.0,0.0729097401457888
-32.25,128.25,0.07351416728048295
-32.25,132.25,0.11375159443603021
-32.25,132.5,0.11806587656128771
-32.25,132.75,0.11928908928962559
-32.25,133.0,0.12066808565699003
-32.25,133.25,0.12134349293936214
-32.25,133.5,0.12081620745211549
-32.25,133.75,0.11846936092336968
-32.25,134.0,0.11485553063867926
-32.25,134.25,0.11015591349160711
-32.25,134.5,0.10952286367323376
-32.25,134.75,0.10684630494964185
-32.25,135.0,0.10754114802322873
-32.25,135.25,0.11792007698507172
-32.25,135.5,0.12579385030512805
-32.25,135.75,0.13046746535278678
-32.25,136.0,0.1346070346969114
-32.25,136.25,0.1435917489951378
-32.25,136.5,0.14997321958220397
-32.25,136.75,0.15058091808933916
-32.25,137.0,0.15062960593177682
-32.25,137.25,0.14867621168645148
-32.25,137.5,0.14323933508560976
-32.25,137.75,0.13926424951533511
-32.25,138.0,0.1393987048252183
-32.25,138.25,0.14191620665313479
-32.25,138.5,0.14109153004038252
-32.25,138.75,0.14081225268828915
-32.25,139.0,0.14860621749061295
-32.25,139.25,0.163916238510097
-32.25,139.5,0.16733104682340671
-32.25,139.75,0.16512828130669513
-32.25,140.0,0.1614566670820935
-32.25,140.25,0.15499481160531814
-32.25,140.5,0.1513216099109347
-32.25,140.75,0.1502414094010007
-32.25,141.0,0.1443661707225485
-32.25,141.25,0.13965001170729066
-32.25,141.5,0.13125976688738508
-32.25,141.75,0.13388314734254544
-32.25,142.0,0.14119133052689037
-32.25,142.25,0.14548161837834148
-32.25,142.5,0.15037745571677977
-32.25,142.75,0.1551046366442195
-32.25,143.0,0.15929073256694065
-32.25,143.25,0.16077700261034336
-32.25,143.5,0.1617090228487331
-32.25,143.75,0.16404423632758963
-32.25,144.0,0.16705894820497844
-32.25,144.25,0.16793585712820344
-32.25,144.5,0.1687200179421562
-32.25,144.75,0.1693328470143781
-32.25,145.0,0.17127968906038124
-32.25,145.25,0.17039488895874252
-32.25,145.5,0.16748306599574886
-32.25,145.75,0.1659898265013481
-32.25,146.0,0.16575782025395075
-32.25,146.25,0.16614048592971153
-32.25,146.5,0.17181547531657615
-32.25,146.75,0.1753543443163209
-32.25,147.0,0.17588890648847216
-32.25,147.25,0.17124216614101245
-32.25,147.5,0.16259055035721892
-32.25,147.75,0.15411097740944296
-32.25,148.0,0.14290181796878518
-32.25,148.25,0.13155020352159316
-32.25,148.5,0.11856644910465902
-32.25,148.75,0.10896011527958072
-32.25,149.0,0.09960649171308977
-32.25,149.25,0.0943789720528243
-32.25,149.5,0.09261073925263183
-32.25,149.75,0.08894250863148387
-32.25,150.0,0.08239695337765693
-32.25,150.25,0.0815690991179106
-32.25,150.5,0.0859039289340822
-32.25,150.75,0.08383909764478845
-32.25,151.0,0.07597030918876743
-32.25,151.25,0.05292324221115974
-32.25,151.5,0.04031639453724972
-32.25,151.75,0.03942881653757674
-32.25,152.0,0.06333559529742612
-32.25,152.25,0.08145939876492798
-32.25,152.5,0.09807780243958375
-32.25,152.75,0.09649854492955369
-32.5,115.5,0.04206363173378329
-32.5,115.75,0.050762562476804725
-32.5,116.0,0.05274774335171264
-32.5,116.25,0.05348102751253035
-32.5,116.5,0.05686244673836987
-32.5,116.75,0.05955692146585215
-32.5,117.0,0.06038614538899903
-32.5,117.25,0.06118796306592384
-32.5,117.5,0.06220620171169005
-32.5,117.75,0.06244152110704942
-32.5,118.0,0.062215246461118645
-32.5,118.25,0.06488241860290307
-32.5,118.5,0.06844812244129199
-32.5,118.75,0.0718275302450106
-32.5,119.0,0.07086879919828193
-32.5,119.25,0.07167154424085621
-32.5,119.5,0.07411440243718229
-32.5,119.75,0.07582484089446745
-32.5,120.0,0.07222224300073463
-32.5,120.25,0.07282349543398241
-32.5,120.5,0.07557760124920172
-32.5,120.75,0.07688788474643349
-32.5,121.0,0.07608514552171262
-32.5,121.25,0.07418465308011195
-32.5,121.5,0.07624779366636707
-32.5,121.75,0.07897194657997667
-32.5,122.0,0.08129925191921797
-32.5,122.25,0.07993499195235769
-32.5,122.5,0.073268735572409
-32.5,122.75,0.06754868861798026
-32.5,123.0,0.06202502148343129
-32.5,123.25,0.05763311273347162
-32.5,123.5,0.05583632477867276
-32.5,123.75,0.05534392990977763
-32.5,124.0,0.05360238375187019
-32.5,124.25,0.051040685887838465
-32.5,124.5,0.04850378600611314
-32.5,124.75,0.04676017248163172
-32.5,125.0,0.05035389411532342
-32.5,125.25,0.05333932961936393
-32.5,125.5,0.055411174896470815
-32.5,125.75,0.05835486893422431
-32.5,126.0,0.05958441503241304
-32.5,126.25,0.06022368009368479
-32.5,126.5,0.061156829003700106
-32.5,126.75,0.06273651440247177
-32.5,127.0,0.06443764923055377
-32.5,127.25,0.06600951006012504
-32.5,133.75,0.11876813670992839
-32.5,134.0,0.11817608859623266
-32.5,134.25,0.11453786604261032
-32.5,134.5,0.10759118532267865
-32.5,134.75,0.1042488031050732
-32.5,135.0,0.09979426778506095
-32.5,135.25,0.10106637793802717
-32.5,135.5,0.10900283406956736
-32.5,135.75,0.11707925462890077
-32.5,136.0,0.12490712167885795
-32.5,136.25,0.1360612054960261
-32.5,136.5,0.14061870163339651
-32.5,136.75,0.1407252196399742
-32.5,137.0,0.13767937650392142
-32.5,137.25,0.13701764662056506
-32.5,137.5,0.13260071393497364
-32.5,137.75,0.12961111259887761
-32.5,138.0,0.12591690780909126
-32.5,138.25,0.1285795741037815
-32.5,138.5,0.13235682010521682
-32.5,138.75,0.13579262660469152
-32.5,139.0,0.1461261281111296
-32.5,139.25,0.15825876691714189
-32.5,139.5,0.155282659336693
-32.5,139.75,0.14973948252155198
-32.5,140.0,0.1415621256918252
-32.5,140.25,0.13782187030723225
-32.5,140.5,0.13584044579185986
-32.5,140.75,0.13473041740661315
-32.5,141.0,0.13281268990632542
-32.5,141.25,0.12855184177428008
-32.5,141.5,0.12799248903463128
-32.5,141.75,0.13450461532953095
-32.5,142.0,0.14265310073040394
-32.5,142.25,0.14841877368370732
-32.5,142.5,0.15297986756133938
-32.5,142.75,0.15738246498337566
-32.5,143.0,0.1600149712101189
-32.5,143.25,0.1597511282741012
-32.5,143.5,0.16071958565105957
-32.5,143.75,0.16325337417733998
-32.5,144.0,0.16613308706687605
-32.5,144.25,0.16834099778408163
-32.5,144.5,0.16842494887439394
-32.5,144.75,0.169197062193835
-32.5,145.0,0.1699344246665958
-32.5,145.25,0.1691107865751806
-32.5,145.5,0.16634946048262572
-32.5,145.75,0.16407210261435998
-32.5,146.0,0.16278374492381475
-32.5,146.25,0.1614411985313492
-32.5,146.5,0.1657193755655643
-32.5,146.75,0.17037338547791936
-32.5,147.0,0.17268124682693659
-32.5,147.25,0.17282867317688186
-32.5,147.5,0.16792649305299925
-32.5,147.75,0.15932957221609473
-32.5,148.0,0.14695557465142772
-32.5,148.25,0.13452578294240697
-32.5,148.5,0.12357871507337755
-32.5,148.75,0.11545130474093851
-32.5,149.0,0.10288091569947737
-32.5,149.25,0.09528289440405976
-32.5,149.5,0.09208513136008564
-32.5,149.75,0.0881674565088579
-32.5,150.0,0.0840053392461022
-32.5,150.25,0.08217577159811398
-32.5,150.5,0.08019094193130089
-32.5,150.75,0.07095707475994144
-32.5,151.0,0.05746929736567413
-32.5,151.25,0.03732596416176491
-32.5,151.5,0.029571360992737977
-32.5,151.75,0.03799802482023673
-32.5,152.0,0.0653619635449198
-32.5,152.25,0.08290153501523077
-32.5,152.5,0.0901357290101923
-32.75,115.5,0.03764023493017319
-32.75,115.75,0.045172091990424316
-32.75,116.0,0.04652385335376774
-32.75,116.25,0.04737950382249022
-32.75,116.5,0.051635506492647296
-32.75,116.75,0.057456155891834525
-32.75,117.0,0.05964570026939353
-32.75,117.25,0.06028566832737256
-32.75,117.5,0.06017173921600853
-32.75,117.75,0.060353157230619875
-32.75,118.0,0.05793231358601051
-32.75,118.25,0.05822185554711304
-32.75,118.5,0.06157243200874538
-32.75,118.75,0.06713635992489017
-32.75,119.0,0.06727006896989576
-32.75,119.25,0.06701217681729495
-32.75,119.5,0.06833306845952948
-32.75,119.75,0.06952781347173853
-32.75,120.0,0.0677442026726333
-32.75,120.25,0.06748240430418523
-32.75,120.5,0.07059903921280383
-32.75,120.75,0.07332673509352697
-32.75,121.0,0.07388492737784105
-32.75,121.25,0.07457346778612824
-32.75,121.5,0.07638997563762163
-32.75,121.75,0.07859842590295027
-32.75,122.0,0.07905562770768608
-32.75,122.25,0.07656194711494975
-32.75,122.5,0.06977792045198895
-32.75,122.75,0.06263701756398406
-32.75,123.0,0.05670093466061724
-32.75,123.25,0.05227176454525441
-32.75,123.5,0.05089837846315064
-32.75,123.75,0.049060285660657746
-32.75,124.0,0.046480051118882905
-32.75,124.25,0.044797660432781085
-32.75,124.5,0.04546552313438527
-32.75,124.75,0.04908746196151547
-32.75,125.0,0.05434388770655559
-32.75,125.25,0.05684952924016575
-32.75,125.5,0.0576198673526866
-32.75,125.75,0.05806725474077987
-32.75,134.0,0.11761486029005454
-32.75,134.25,0.1155758881285466
-32.75,134.5,0.10849442068530268
-32.75,134.75,0.1008814676109139
-32.75,135.0,0.09537036698949257
-32.75,135.25,0.09024385097005207
-32.75,135.5,0.09030848320138482
-32.75,135.75,0.09636839687830936
-32.75,136.0,0.10592433844304748
-32.75,136.25,0.11690194486576315
-32.75,136.5,0.12168290470495573
-32.75,136.75,0.12316234549972463
-32.75,137.0,0.12300931856142397
-32.75,137.25,0.11949969455570385
-32.75,137.5,0.11767271697206269
-32.75,137.75,0.11666761466946511
-32.75,138.0,0.11427449616861178
-32.75,138.25,0.117683896384622
-32.75,138.5,0.1278673648797959
-32.75,138.75,0.1370475232717323
-32.75,139.0,0.14365372343821162
-32.75,139.25,0.14333315400430965
-32.75,139.5,0.1303159301781205
-32.75,139.75,0.1182052157662332
-32.75,140.0,0.1143715079395569
-32.75,140.25,0.11669814454131971
-32.75,140.5,0.12527976273827793
-32.75,140.75,0.13112833819487654
-32.75,141.0,0.13302256937977833
-32.75,141.25,0.13348695279344125
-32.75,141.5,0.13488481432070756
-32.75,141.75,0.13948857261933362
-32.75,142.0,0.1463818272315897
-32.75,142.25,0.1516591434668965
-32.75,142.5,0.15483857811490606
-32.75,142.75,0.15808671529865367
-32.75,143.0,0.16007626605127392
-32.75,143.25,0.1596109764277919
-32.75,143.5,0.15967534143983642
-32.75,143.75,0.162229137831835
-32.75,144.0,0.16521496810776556
-32.75,144.25,0.16778114440993858
-32.75,144.5,0.16815248014534548
-32.75,144.75,0.16787894098102335
-32.75,145.0,0.1680770953589032
-32.75,145.25,0.1666437726840157
-32.75,145.5,0.1630635718713659
-32.75,145.75,0.1605669041182677
-32.75,146.0,0.15877866313025915
-32.75,146.25,0.1564097393919147
-32.75,146.5,0.15821158356896511
-32.75,146.75,0.16064251845657995
-32.75,147.0,0.16283337545461823
-32.75,147.25,0.16475761349698861
-32.75,147.5,0.1646879593895308
-32.75,147.75,0.1618255582499329
-32.75,148.0,0.15136758220582677
-32.75,148.25,0.1397588368978919
-32.75,148.5,0.13052655088982562
-32.75,148.75,0.12498371180112998
-32.75,149.0,0.11123198771658308
-32.75,149.25,0.09942087907807451
-32.75,149.5,0.09173420770802304
-32.75,149.75,0.08375192446134863
-32.75,150.0,0.08203641078020892
-32.75,150.25,0.07944995905609503
-32.75,150.5,0.07676609264846411
-32.75,150.75,0.07436620268788403
-32.75,151.0,0.07104361363259225
-32.75,151.25,0.05531631908244242
-32.75,151.5,0.04968233276605493
-32.75,151.75,0.06081578358779368
-32.75,152.0,0.07376859034932111
-32.75,152.25,0.07963172924308558
-33.0,115.5,0.031869644554402256
-33.0,115.75,0.03923247650085667
-33.0,116.0,0.04232199675928147
-33.0,116.25,0.04400903673530776
-33.0,116.5,0.04803895689528724
-33.0,116.75,0.05184197707851895
-33.0,117.0,0.05506983307367132
-33.0,117.25,0.05686797092447821
-33.0,117.5,0.05826939956371844
-33.0,117.75,0.05862893420990031
-33.0,118.0,0.05581847122784955
-33.0,118.25,0.054506076312326665
-33.0,118.5,0.05629758991551277
-33.0,118.75,0.06097425626107536
-33.0,119.0,0.06252627326194937
-33.0,119.25,0.06241188367404606
-33.0,119.5,0.06309925557346746
-33.0,119.75,0.06350070378344294
-33.0,120.0,0.062292334207325196
-33.0,120.25,0.06031341595245671
-33.0,120.5,0.06229578095701379
-33.0,120.75,0.06631984508278022
-33.0,121.0,0.06989144717187662
-33.0,121.25,0.07380091029131373
-33.0,121.5,0.07471928760333842
-33.0,121.75,0.07484131764492517
-33.0,122.0,0.07382196597201655
-33.0,122.25,0.07194558357797005
-33.0,122.5,0.06763959724044925
-33.0,122.75,0.060451980302935075
-33.0,123.0,0.05407446209563807
-33.0,123.25,0.04964607466276269
-33.0,123.5,0.047921415801376585
-33.0,123.75,0.04505499511752471
-33.0,124.0,0.04640440479985645
-33.0,124.25,0.049226540908504514
-33.0,124.5,0.05184144812103413
-33.0,124.75,0.05209473497074837
-33.0,125.0,0.05494221548057798
-33.0,125.25,0.055938961700852594
-33.0,134.0,0.1137074404524213
-33.0,134.25,0.1140974712717009
-33.0,134.5,0.11042347893860009
-33.0,134.75,0.10394675089974909
-33.0,135.0,0.09537931954203716
-33.0,135.25,0.0909037970660901
-33.0,135.5,0.0885751852615165
-33.0,135.75,0.08914302150499138
-33.0,136.0,0.09176766753553943
-33.0,136.25,0.10448443674781627
-33.0,136.5,0.11188487423143727
-33.0,136.75,0.11302218415965337
-33.0,137.0,0.10978082044036414
-33.0,137.25,0.10611450325441385
-33.0,137.5,0.11620553601792763
-33.0,137.75,0.11672696524201154
-33.0,138.0,0.10687107212372117
-33.0,138.25,0.09881423646169218
-33.0,138.5,0.1107496195576371
-33.0,138.75,0.11821513950667437
-33.0,139.0,0.11913365194440831
-33.0,139.25,0.11232993286846073
-33.0,139.5,0.11383992974959106
-33.0,139.75,0.11419215306044464
-33.0,140.0,0.11695397410296102
-33.0,140.25,0.12114883716444987
-33.0,140.5,0.13075666347190845
-33.0,140.75,0.13774008425288956
-33.0,141.0,0.13976847957015653
-33.0,141.25,0.14068122203384173
-33.0,141.5,0.14228262853120693
-33.0,141.75,0.1438590640577158
-33.0,142.0,0.14652422934519693
-33.0,142.25,0.15011054811861718
-33.0,142.5,0.15280263216362636
-33.0,142.75,0.15553735548079492
-33.0,143.0,0.15846301961912612
-33.0,143.25,0.15850166913477512
-33.0,143.5,0.15799602907422722
-33.0,143.75,0.16031048152209437
-33.0,144.0,0.16458461544827624
-33.0,144.25,0.16706856865933792
-33.0,144.5,0.1675026309412747
-33.0,144.75,0.1665148144820356
-33.0,145.0,0.16590296446426292
-33.0,145.25,0.16366333376587058
-33.0,145.5,0.1604421542180504
-33.0,145.75,0.15946732976895597
-33.0,146.0,0.15935879895250576
-33.0,146.25,0.1586315724228481
-33.0,146.5,0.1597425560071882
-33.0,146.75,0.15957537820118486
-33.0,147.0,0.15810090116309758
-33.0,147.25,0.15724002862932884
-33.0,147.5,0.15820898220772428
-33.0,147.75,0.15834129594075563
-33.0,148.0,0.15044146276454282
-33.0,148.25,0.13936848174026037
-33.0,148.5,0.13050766879986836
-33.0,148.75,0.12588594382766327
-33.0,149.0,0.11461351176811979
-33.0,149.25,0.10227165251180348
-33.0,149.5,0.09012834338069474
-33.0,149.75,0.0763247757552098
-33.0,150.0,0.0704113080773952
-33.0,150.25,0.06183882448957849
-33.0,150.5,0.05578764824052271
-33.0,150.75,0.061888100589014464
-33.0,151.0,0.07343951857162473
-33.0,151.25,0.06873158710280693
-33.0,151.5,0.07741973078037542
-33.0,151.75,0.08894813854729186
-33.0,152.0,0.08414338060889008
-33.25,115.5,0.02718879351312773
-33.25,115.75,0.03437282708460014
-33.25,116.0,0.03831869843486885
-33.25,116.25,0.0410664054021056
-33.25,116.5,0.04603820012650405
-33.25,116.75,0.04923416237577859
-33.25,117.0,0.05149556483759362
-33.25,117.25,0.05300081969647965
-33.25,117.5,0.05417941790690605
-33.25,117.75,0.0540705094528299
-33.25,118.0,0.05163305178896337
-33.25,118.25,0.0497213187337857
-33.25,118.5,0.04912010929915006
-33.25,118.75,0.051842780991586394
-33.25,119.0,0.05298764381930095
-33.25,119.25,0.0521323206064839
-33.25,119.5,0.05277470348459987
-33.25,119.75,0.05298081089472631
-33.25,120.0,0.05329339017165238
-33.25,120.25,0.05458098317824649
-33.25,120.5,0.05762395146741366
-33.25,120.75,0.06150363762734546
-33.25,121.0,0.0644988261334108
-33.25,121.25,0.06893684619847726
-33.25,121.5,0.07108272855326293
-33.25,121.75,0.07091665247669289
-33.25,122.0,0.06993653810364162
-33.25,122.25,0.06716871748462595
-33.25,122.5,0.06301737526208304
-33.25,122.75,0.058326082294403885
-33.25,123.0,0.05459483320844673
-33.25,123.25,0.05168471094915219
-33.25,123.5,0.04758294877581195
-33.25,123.75,0.04749878137816656
-33.25,124.0,0.05130191894927453
-33.25,124.25,0.05386096133232375
-33.25,124.5,0.05401558950911896
-33.25,124.75,0.05255515170057545
-33.25,134.25,0.11145929944351861
-33.25,134.5,0.113530736331551
-33.25,134.75,0.11194876904904517
-33.25,135.0,0.10165132728543476
-33.25,135.25,0.09558562523589911
-33.25,135.5,0.09327272851026626
-33.25,135.75,0.0896507621731258
-33.25,136.0,0.08630679029016657
-33.25,136.25,0.09947427762762906
-33.25,136.5,0.10570663896966785
-33.25,136.75,0.1033004470749572
-33.25,137.0,0.09822056869264217
-33.25,137.25,0.10960589800868006
-33.25,137.5,0.12102455457017401
-33.25,137.75,0.1197064933262204
-33.25,138.0,0.1061536795609712
-33.25,138.25,0.08573846648950216
-33.25,138.5,0.0930853637663643
-33.25,138.75,0.09730402091950441
-33.25,139.0,0.09329047671348194
-33.25,139.25,0.09226522274354865
-33.25,139.5,0.11072295239206813
-33.25,139.75,0.12257911422821774
-33.25,140.0,0.12576472647540554
-33.25,140.25,0.12956927043782523
-33.25,140.5,0.13513105224302893
-33.25,140.75,0.13846473853360677
-33.25,141.0,0.14058743242246124
-33.25,141.25,0.14226502990524909
-33.25,141.5,0.14461348793301781
-33.25,141.75,0.1454626385833445
-33.25,142.0,0.14569200529484624
-33.25,142.25,0.14721255583746096
-33.25,142.5,0.14983403620838978
-33.25,142.75,0.15339193188074854
-33.25,143.0,0.15652453195176938
-33.25,143.25,0.15682606786265302
-33.25,143.5,0.15850294271548687
-33.25,143.75,0.16024570777581634
-33.25,144.0,0.1636967493848631
-33.25,144.25,0.16550924525305136
-33.25,144.5,0.16520668686856776
-33.25,144.75,0.16391546631018103
-33.25,145.0,0.16308238410972223
-33.25,145.25,0.1616945851172266
-33.25,145.5,0.16049101061881652
-33.25,145.75,0.15958445248221492
-33.25,146.0,0.16089667219775056
-33.25,146.25,0.1613338942650067
-33.25,146.5,0.16253161017853202
-33.25,146.75,0.1618229298598674
-33.25,147.0,0.15901681509202217
-33.25,147.25,0.15656644419263885
-33.25,147.5,0.15566714667671147
-33.25,147.75,0.15525222498248287
-33.25,148.0,0.14745724425255857
-33.25,148.25,0.13663228197049887
-33.25,148.5,0.1202269345911057
-33.25,148.75,0.11520547963730109
-33.25,149.0,0.10966363387329439
-33.25,149.25,0.09877730660864548
-33.25,149.5,0.08444684371198216
-33.25,149.75,0.07457772850006986
-33.25,150.0,0.057873803810847786
-33.25,150.25,0.04758096187120677
-33.25,150.5,0.047411143076142685
-33.25,150.75,0.06272783554126436
-33.25,151.0,0.07529424684724341
-33.25,151.25,0.08561863026290371
-33.25,151.5,0.09596510815527196
-33.25,151.75,0.09903131675349348
-33.5,115.25,0.0199213091083469
-33.5,115.5,0.026159983613854174
-33.5,115.75,0.031737667826181024
-33.5,116.0,0.035998307612222065
-33.5,116.25,0.038387823302293074
-33.5,116.5,0.043104156021543695
-33.5,116.75,0.047460739970245844
-33.5,117.0,0.04876235174949076
-33.5,117.25,0.04951971361067974
-33.5,117.5,0.047417689862905975
-33.5,117.75,0.046575176806380354
-33.5,118.0,0.045111272407866436
-33.5,118.25,0.04350444305921382
-33.5,118.5,0.043625975110998715
-33.5,118.75,0.04361022827098444
-33.5,119.0,0.04348203909018874
-33.5,119.25,0.0425751169994479
-33.5,119.5,0.041676643312458225
-33.5,119.75,0.04132666489152574
-33.5,120.0,0.04428057868213801
-33.5,120.25,0.049883067790080234
-33.5,120.5,0.05426354619706843
-33.5,120.75,0.059038450722721125
-33.5,121.0,0.061717150837756335
-33.5,121.25,0.06566488363518057
-33.5,121.5,0.06761945433281163
-33.5,121.75,0.0680551232192688
-33.5,122.0,0.06724339827697977
-33.5,122.25,0.06485137602778995
-33.5,122.5,0.06139367884436092
-33.5,122.75,0.058953994261410944
-33.5,123.0,0.05646805173027572
-33.5,123.25,0.053177362536952724
-33.5,123.5,0.04904035335009371
-33.5,123.75,0.052043486034886254
-33.5,124.0,0.05607355924112923
-33.5,124.25,0.05717961196110775
-33.5,134.5,0.10805882409979312
-33.5,134.75,0.1098196267503608
-33.5,135.0,0.10442679984828644
-33.5,135.25,0.09779145015369349
-33.5,135.5,0.09152237247589393
-33.5,135.75,0.08902040798102039
-33.5,136.0,0.08390990341096212
-33.5,136.25,0.08145879667138321
-33.5,136.5,0.08629362463882197
-33.5,136.75,0.0928549438736925
-33.5,137.0,0.09980799106396551
-33.5,137.25,0.11761765228306241
-33.5,137.5,0.12124905427108781
-33.5,137.75,0.12030507630114676
-33.5,138.0,0.10538409696286753
-33.5,138.25,0.08633341318093236
-33.5,138.5,0.0877976071783362
-33.5,138.75,0.0898751809627997
-33.5,139.0,0.08449509295536456
-33.5,139.25,0.09891849358578896
-33.5,139.5,0.11967184372637811
-33.5,139.75,0.1272633188153278
-33.5,140.0,0.1301631121655329
-33.5,140.25,0.1318167041443747
-33.5,140.5,0.13300234793509058
-33.5,140.75,0.1357597938056581
-33.5,141.0,0.13784893093337824
-33.5,141.25,0.13919263696684434
-33.5,141.5,0.14142932678517237
-33.5,141.75,0.14336137058082776
-33.5,142.0,0.14461032630529172
-33.5,142.25,0.14539271631236098
-33.5,142.5,0.14756559384508122
-33.5,142.75,0.15088550562274688
-33.5,143.0,0.1537681142638946
-33.5,143.25,0.155994802804713
-33.5,143.5,0.15675844000984157
-33.5,143.75,0.15871888224260283
-33.5,144.0,0.1603791990517067
-33.5,144.25,0.16142666152879817
-33.5,144.5,0.16144627476847143
-33.5,144.75,0.16004319716567034
-33.5,145.0,0.16064932804088503
-33.5,145.25,0.16056807862283876
-33.5,145.5,0.1582809008010222
-33.5,145.75,0.15737262533404758
-33.5,146.0,0.15793677095747524
-33.5,146.25,0.1592467132302168
-33.5,146.5,0.16060976192431317
-33.5,146.75,0.1605246352431406
-33.5,147.0,0.15962206653984595
-33.5,147.25,0.15613070063008147
-33.5,147.5,0.15404792769770478
-33.5,147.75,0.1524931054523729
-33.5,148.0,0.1454477146023031
-33.5,148.25,0.13509735848249543
-33.5,148.5,0.12048818430723172
-33.5,148.75,0.10770896442744333
-33.5,149.0,0.09936330382685944
-33.5,149.25,0.09130547832378395
-33.5,149.5,0.07895080906935698
-33.5,149.75,0.06913271682495317
-33.5,150.0,0.05023940372515876
-33.5,150.25,0.04567147807554608
-33.5,150.5,0.05018220054166063
-33.5,150.75,0.07656426528362453
-33.5,151.0,0.08970276314491515
-33.5,151.25,0.10147306771824788
-33.5,151.5,0.10635134840714128
-33.75,115.0,0.011589986841649325
-33.75,115.25,0.020097483426445756
-33.75,115.5,0.027887093243191313
-33.75,115.75,0.032907338551241595
-33.75,116.0,0.03474975323260615
-33.75,116.25,0.03702867626609172
-33.75,116.5,0.040606197292115793
-33.75,116.75,0.04363832853891301
-33.75,117.0,0.04477332544331512
-33.75,117.25,0.043182795943361156
-33.75,117.5,0.04125859021936146
-33.75,117.75,0.03917982168937985
-33.75,118.0,0.038856878635872755
-33.75,118.25,0.03752157375192411
-33.75,118.5,0.03691847802209517
-33.75,118.75,0.03607622927016203
-33.75,119.0,0.03415350710233638
-33.75,119.25,0.033630271740172656
-33.75,119.5,0.03232269913285248
-33.75,119.75,0.03666167840099892
-33.75,120.0,0.04096837008995319
-33.75,120.25,0.04663250070117096
-33.75,120.5,0.05115316178925561
-33.75,120.75,0.055074499629122954
-33.75,121.0,0.058400641831155155
-33.75,121.25,0.06049815442356777
-33.75,121.5,0.061451352910892834
-33.75,121.75,0.0609527217601419
-33.75,122.0,0.06081017261370705
-33.75,122.25,0.06146547613765251
-33.75,122.5,0.0611249488798288
-33.75,122.75,0.0598905980754599
-33.75,123.0,0.05907210597163533
-33.75,123.25,0.056675491657698626
-33.75,123.5,0.054931246156286
-33.75,123.75,0.05649507239125753
-33.75,124.0,0.05841438046066331
-33.75,134.75,0.1030940563493902
-33.75,135.0,0.10315219815902708
-33.75,135.25,0.09771566682554587
-33.75,135.5,0.0939917326669171
-33.75,135.75,0.0895479284437526
-33.75,136.0,0.08573018482920507
-33.75,136.25,0.07766347053207691
-33.75,136.5,0.08833464245198247
-33.75,136.75,0.09458409415113044
-33.75,137.0,0.11407723639004114
-33.75,137.25,0.11987805020898464
-33.75,137.5,0.11926646242049413
-33.75,137.75,0.11491573577417766
-33.75,138.0,0.10052611401771377
-33.75,138.25,0.08621029273496668
-33.75,138.5,0.08097624979967454
-33.75,138.75,0.0852776220732932
-33.75,139.0,0.08751851098125613
-33.75,139.25,0.10131821992336768
-33.75,139.5,0.12332820214771126
-33.75,139.75,0.1275479821272949
-33.75,140.0,0.12878504895580462
-33.75,140.25,0.1275949233795851
-33.75,140.5,0.12745366568781985
-33.75,140.75,0.13100136898529086
-33.75,141.0,0.13347150417456258
-33.75,141.25,0.1349722242159387
-33.75,141.5,0.13459355889328126
-33.75,141.75,0.1371200924631289
-33.75,142.0,0.14030627646228397
-33.75,142.25,0.14315628081913423
-33.75,142.5,0.1451317368139042
-33.75,142.75,0.14735921137918526
-33.75,143.0,0.14955820490145116
-33.75,143.25,0.15106263594031333
-33.75,143.5,0.1534024080197667
-33.75,143.75,0.15392051909588997
-33.75,144.0,0.15562999730247737
-33.75,144.25,0.1575154010301197
-33.75,144.5,0.15669700846747978
-33.75,144.75,0.15735888984798024
-33.75,145.0,0.15767618627462324
-33.75,145.25,0.15791465291666887
-33.75,145.5,0.1547811651973584
-33.75,145.75,0.15286518179201528
-33.75,146.0,0.15230583956102
-33.75,146.25,0.15278991998038655
-33.75,146.5,0.15356339559454102
-33.75,146.75,0.154829595062318
-33.75,147.0,0.15462758190983392
-33.75,147.25,0.1547710010783503
-33.75,147.5,0.1521901824355168
-33.75,147.75,0.14754064241948237
-33.75,148.0,0.14209548835975563
-33.75,148.25,0.13166625304795612
-33.75,148.5,0.12236149253018473
-33.75,148.75,0.11023851038973122
-33.75,149.0,0.10036023829849106
-33.75,149.25,0.08810007674549433
-33.75,149.5,0.07698465425870933
-33.75,149.75,0.061789140936835615
-33.75,150.0,0.04415793388668869
-33.75,150.25,0.0425452925377002
-33.75,150.5,0.058798530168667075
-33.75,150.75,0.0819680183727116
-33.75,151.0,0.09760078072477528
-33.75,151.25,0.11017272965742823
-33.75,151.5,0.10921142616971159
-34.0,114.75,0.004630087342193529
-34.0,115.0,0.007779269528392328
-34.0,115.25,0.016390817407310635
-34.0,115.5,0.02802124097036033
-34.0,115.75,0.032936597061184
-34.0,116.0,0.034022026265250256
-34.0,116.25,0.03512461370342573
-34.0,116.5,0.0380617933649391
-34.0,116.75,0.04018446492581189
-34.0,117.0,0.039542243022327325
-34.0,117.25,0.03772249393418694
-34.0,117.5,0.03640572392759778
-34.0,117.75,0.03438042303768883
-34.0,118.0,0.03374655624136343
-34.0,118.25,0.029992634693405774
-34.0,118.5,0.02873551901771696
-34.0,118.75,0.02849081296475975
-34.0,119.0,0.028131607555400947
-34.0,119.25,0.028172479072010165
-34.0,119.5,0.033228377905874414
-34.0,119.75,0.036366701910889164
-34.0,120.0,0.03949228997035519
-34.0,120.25,0.042613569158445566
-34.0,120.5,0.04565895888542904
-34.0,120.75,0.048484426571908136
-34.0,121.0,0.05058064145955431
-34.0,121.25,0.05215787649519797
-34.0,121.5,0.052575490924720775
-34.0,121.75,0.05339461982692964
-34.0,122.0,0.05410883967482547
-34.0,122.25,0.055913165582320415
-34.0,122.5,0.05788277027867739
-34.0,122.75,0.05874359496857594
-34.0,123.0,0.05839038972990324
-34.0,123.25,0.0575392217373877
-34.0,123.5,0.05689975918514736
-34.0,123.75,0.05703935670541547
-34.0,135.0,0.09867465065343713
-34.0,135.25,0.09712297351137802
-34.0,135.5,0.09202394542104139
-34.0,135.75,0.08923813689269815
-34.0,136.0,0.08660212388149086
-34.0,136.25,0.08905328820066326
-34.0,136.5,0.09796773798500343
-34.0,136.75,0.11030387395875278
-34.0,137.0,0.1197166678013695
-34.0,137.25,0.11716624644367853
-34.0,137.5,0.11205984607678743
-34.0,137.75,0.10315014403784575
-34.0,138.0,0.09665742078360358
-34.0,138.25,0.08314531055992201
-34.0,138.5,0.07324081780719938
-34.0,138.75,0.08089756664538914
-34.0,139.0,0.08575161780167007
-34.0,139.25,0.10141617771881313
-34.0,139.5,0.12463680058174986
-34.0,139.75,0.12830541965482742
-34.0,140.0,0.12628902366065414
-34.0,140.25,0.12440095282118703
-34.0,140.5,0.1237614720020887
-34.0,140.75,0.12637459865677908
-34.0,141.0,0.1283917591754355
-34.0,141.25,0.13035131670778194
-34.0,141.5,0.13018422021944934
-34.0,141.75,0.13325958173664498
-34.0,142.0,0.13763502044325554
-34.0,142.25,0.14030881506002943
-34.0,142.5,0.14064891307576846
-34.0,142.75,0.1428076978727436
-34.0,143.0,0.14624867054147248
-34.0,143.25,0.14878541189715594
-34.0,143.5,0.14952496243033667
-34.0,143.75,0.151622870853999
-34.0,144.0,0.1531831015600434
-34.0,144.25,0.15475566759110068
-34.0,144.5,0.15616245875468518
-34.0,144.75,0.1554372015262172
-34.0,145.0,0.15584132476803536
-34.0,145.25,0.1554325125914009
-34.0,145.5,0.15223496008981968
-34.0,145.75,0.14840923066978784
-34.0,146.0,0.14676400976960732
-34.0,146.25,0.14554436676158763
-34.0,146.5,0.14527920580094325
-34.0,146.75,0.1465976902195739
-34.0,147.0,0.14868295111214255
-34.0,147.25,0.14988555435718598
-34.0,147.5,0.14846689716081682
-34.0,147.75,0.14018509746305582
-34.0,148.0,0.13336574926726186
-34.0,148.25,0.12839247071036475
-34.0,148.5,0.12173804714831815
-34.0,148.75,0.1123655228592897
-34.0,149.0,0.09853149361359785
-34.0,149.25,0.08813918835226892
-34.0,149.5,0.07203161007400057
-34.0,149.75,0.051888327478604446
-34.0,150.0,0.035656626752414745
-34.0,150.25,0.033667333148107166
-34.0,150.5,0.04987013721819262
-34.0,150.75,0.07305656052487676
-34.0,151.0,0.0953021609674184
-34.0,151.25,0.10905220694477681
-34.0,151.5,0.10874559451670995
-34.25,115.0,0.003197440625016031
-34.25,115.25,0.007642135133390279
-34.25,115.5,0.01811897864033935
-34.25,115.75,0.025177978434171654
-34.25,116.0,0.03209308206678922
-34.25,116.25,0.03363611982592408
-34.25,116.5,0.03489930564016914
-34.25,116.75,0.03685458854819655
-34.25,117.0,0.035337724053215135
-34.25,117.25,0.03364186839576393
-34.25,117.5,0.0319759013883599
-34.25,117.75,0.030238213944603638
-34.25,118.0,0.028012511362463365
-34.25,118.25,0.02352189475911932
-34.25,118.5,0.02243361391318717
-34.25,118.75,0.02351597088250373
-34.25,119.0,0.026987492139414856
-34.25,119.25,0.030987366577438794
-34.25,119.5,0.034582567199066175
-34.25,119.75,0.036178158169914106
-34.25,120.0,0.0367796652338514
-34.25,120.25,0.03731063114300309
-34.25,120.5,0.038415821837624514
-34.25,120.75,0.0401546756213938
-34.25,122.25,0.0503792224972116
-34.25,122.5,0.05219729567357786
-34.25,122.75,0.05302292236469263
-34.25,123.0,0.05354472067229307
-34.25,123.25,0.05336793306924737
-34.25,123.5,0.05337865217934828
-34.25,135.0,0.09170051159720262
-34.25,135.25,0.09389233653982608
-34.25,135.5,0.09181158529177047
-34.25,135.75,0.09069546168542682
-34.25,136.0,0.08979691053145544
-34.25,136.25,0.10236154411844817
-34.25,136.5,0.1175249220239112
-34.25,137.25,0.1105318467634219
-34.25,137.5,0.10375000769189606
-34.25,137.75,0.09813932480677907
-34.25,138.0,0.09933455183666878
-34.25,138.25,0.08906925637458431
-34.25,138.5,0.0736210828535973
-34.25,138.75,0.07575076760223232
-34.25,139.0,0.08512210062399826
-34.25,139.25,0.10166166589066922
-34.25,139.5,0.1239933560075886
-34.25,139.75,0.12728066279374212
-34.25,140.0,0.12494725254495048
-34.25,140.25,0.123534571447586
-34.25,140.5,0.12364684531034481
-34.25,140.75,0.12484768797704822
-34.25,141.0,0.12564161553542022
-34.25,141.25,0.12763482161292114
-34.25,141.5,0.1297387165072113
-34.25,141.75,0.13201480492010254
-34.25,142.0,0.13574906492625605
-34.25,142.25,0.13675197210915166
-34.25,142.5,0.13809346913301337
-34.25,142.75,0.14006890813397263
-34.25,143.0,0.1455707397926301
-34.25,143.25,0.1479714120418241
-34.25,143.5,0.14991435349154275
-34.25,143.75,0.1512503814479252
-34.25,144.0,0.15306655364058774
-34.25,144.25,0.154293961502236
-34.25,144.5,0.1557157059786046
-34.25,144.75,0.1558575696765987
-34.25,145.0,0.15542352123059214
-34.25,145.25,0.15344444363623072
-34.25,145.5,0.1501698649696052
-34.25,145.75,0.14716298538746475
-34.25,146.0,0.14475666719121036
-34.25,146.25,0.14311381951994212
-34.25,146.5,0.14196280729548943
-34.25,146.75,0.14021113382477357
-34.25,147.0,0.1404732560530975
-34.25,147.25,0.14370850003282915
-34.25,147.5,0.14335991927562863
-34.25,147.75,0.1354660040071227
-34.25,148.0,0.12661302386662032
-34.25,148.25,0.12135462263094261
-34.25,148.5,0.11784681641062526
-34.25,148.75,0.11099349717009865
-34.25,149.0,0.09736315532921404
-34.25,149.25,0.08367212364171475
-34.25,149.5,0.0664931276309655
-34.25,149.75,0.042412925000387784
-34.25,150.0,0.026554202304484322
-34.25,150.25,0.02129438083709762
-34.25,150.5,0.026099496123476805
-34.25,150.75,0.055128169796174964
-34.25,151.0,0.08993238134062223
-34.25,151.25,0.10731867246689449
-34.5,115.25,0.002896492475163177
-34.5,115.5,0.007456732323494627
-34.5,115.75,0.014210279237200219
-34.5,116.0,0.024368668285884406
-34.5,116.25,0.026560946339135572
-34.5,116.5,0.0321384342326245
-34.5,116.75,0.03269664916098841
-34.5,117.0,0.031513792458493076
-34.5,117.25,0.02920748552007988
-34.5,117.5,0.02709720023824635
-34.5,117.75,0.02598311746596142
-34.5,118.0,0.023715207017260008
-34.5,118.25,0.01922909683080463
-34.5,118.5,0.019855852673750778
-34.5,118.75,0.02234380093102255
-34.5,119.0,0.026609612386666075
-34.5,119.25,0.030750667140606616
-34.5,119.5,0.03343062682293291
-34.5,135.25,0.0867784634055522
-34.5,135.5,0.08636283651660137
-34.5,135.75,0.09178271346346664
-34.5,136.0,0.09963207413077278
-34.5,136.25,0.11385050557674994
-34.5,137.5,0.09991938991395866
-34.5,137.75,0.10110997916247615
-34.5,138.0,0.10728016161568822
-34.5,138.25,0.10141722203010643
-34.5,138.5,0.08819309703764211
-34.5,138.75,0.08223046748358241
-34.5,139.0,0.08591603357833266
-34.5,139.25,0.10339230714634481
-34.5,139.5,0.11947886633782823
-34.5,139.75,0.12315501966487785
-34.5,140.0,0.12046695799554566
-34.5,140.25,0.12125262518557589
-34.5,140.5,0.12398340102943947
-34.5,140.75,0.12482860799700936
-34.5,141.0,0.12494867520365045
-34.5,141.25,0.12587452080216283
-34.5,141.5,0.1282998382227889
-34.5,141.75,0.1312940453288245
-34.5,142.0,0.1336188570066158
-34.5,142.25,0.13425171716112444
-34.5,142.5,0.1369173386235374
-34.5,142.75,0.13987526000593298
-34.5,143.0,0.14485853269971657
-34.5,143.25,0.1471605699914346
-34.5,143.5,0.14872578200953912
-34.5,143.75,0.1503296535331236
-34.5,144.0,0.15213467771150485
-34.5,144.25,0.15333908068464755
-34.5,144.5,0.1547460325992835
-34.5,144.75,0.15537892620807517
-34.5,145.0,0.15490570193455627
-34.5,145.25,0.15267011028122293
-34.5,145.5,0.1490713970013229
-34.5,145.75,0.14740784223992368
-34.5,146.0,0.145355536183977
-34.5,146.25,0.14389494552972784
-34.5,146.5,0.1411565575703849
-34.5,146.75,0.1383708534963724
-34.5,147.0,0.13531085959928446
-34.5,147.25,0.1361910834454914
-34.5,147.5,0.13659020696959798
-34.5,147.75,0.1305045548378536
-34.5,148.0,0.12242257455112732
-34.5,148.25,0.11615796422437775
-34.5,148.5,0.10964231274247223
-34.5,148.75,0.10336391341488843
-34.5,149.0,0.09332722194093003
-34.5,149.25,0.0796302622535065
-34.5,149.5,0.059723494213161955
-34.5,149.75,0.038751423852185024
-34.5,150.0,0.02570699814020825
-34.5,150.25,0.019151629899864485
-34.5,150.5,0.02016012042201647
-34.5,150.75,0.04537679008757814
-34.5,151.0,0.09175982975976468
-34.75,115.75,0.004796863170776223
-34.75,116.0,0.011503686506347054
-34.75,116.25,0.0186232223520762
-34.75,116.5,0.023304162439939345
-34.75,116.75,0.027596141961602136
-34.75,117.0,0.026750215278223043
-34.75,117.25,0.025072315689671346
-34.75,117.5,0.024370392233271407
-34.75,117.75,0.023260252022574732
-34.75,118.0,0.02278910487360736
-34.75,118.25,0.022017923581356312
-34.75,118.5,0.02188798564921136
-34.75,118.75,0.021299620562138025
-34.75,119.0,0.022564841389592402
-34.75,119.25,0.02470745936386726
-34.75,135.5,0.08457445875119265
-34.75,135.75,0.09274608603211253
-34.75,136.0,0.10433360157098916
-34.75,137.75,0.09865548957983633
-34.75,138.25,0.10871827288384636
-34.75,138.5,0.09835850276381695
-34.75,138.75,0.08618966828525645
-34.75,139.0,0.08304114551034629
-34.75,139.25,0.09945639737122798
-34.75,139.5,0.11401199361546327
-34.75,139.75,0.11666384462399365
-34.75,140.0,0.11484334854194857
-34.75,140.25,0.11855646577255427
-34.75,140.5,0.12144042910455517
-34.75,140.75,0.12443435952534536
-34.75,141.0,0.12416249768022307
-34.75,141.25,0.1231818896467675
-34.75,141.5,0.12495593812114089
-34.75,141.75,0.12789057460375314
-34.75,142.0,0.13205080839907937
-34.75,142.25,0.13366197683074318
-34.75,142.5,0.13628047157935352
-34.75,142.75,0.13928953485381768
-34.75,143.0,0.1428766936048391
-34.75,143.25,0.14481053596282273
-34.75,143.5,0.14705362199410316
-34.75,143.75,0.14849552894057716
-34.75,144.0,0.15019348789355025
-34.75,144.25,0.15090712717170207
-34.75,144.5,0.15165054845773676
-34.75,144.75,0.15248797169340003
-34.75,145.0,0.15331366046287734
-34.75,145.25,0.1514345154868934
-34.75,145.5,0.14822395921071727
-34.75,145.75,0.14550557000740386
-34.75,146.0,0.14502776159551703
-34.75,146.25,0.14447368835622287
-34.75,146.5,0.1410748532879058
-34.75,146.75,0.137985977632159
-34.75,147.0,0.13365252290844465
-34.75,147.25,0.13104729203094265
-34.75,147.5,0.12707100361957618
-34.75,147.75,0.12302937330518074
-34.75,148.0,0.11369375964235315
-34.75,148.25,0.10706673331651026
-34.75,148.5,0.10099350589941458
-34.75,148.75,0.0912628834705747
-34.75,149.0,0.08053739100723453
-34.75,149.25,0.06861904968190496
-34.75,149.5,0.04912536160492002
-34.75,149.75,0.028519957789497414
-34.75,150.0,0.02229921475538265
-34.75,150.25,0.012417137231021365
-34.75,150.5,0.013067118274033163
-34.75,150.75,0.04243809197660669
-34.75,151.0,0.09062243310254722
-35.0,116.0,0.003352091863773499
-35.0,116.25,0.0071911580785551385
-35.0,116.5,0.011602948157443218
-35.0,116.75,0.016110477769373046
-35.0,117.0,0.018878510317663858
-35.0,117.25,0.019511291402556367
-35.0,117.5,0.02059155698718058
-35.0,117.75,0.021653052503008568
-35.0,118.0,0.021485280943940175
-35.0,118.25,0.0205000919640835
-35.0,118.5,0.01912824059701408
-35.0,138.25,0.10341883723010291
-35.0,138.5,0.09028208309484548
-35.0,138.75,0.07332374526781346
-35.0,139.0,0.0667940727426199
-35.0,139.25,0.09030026661076468
-35.0,139.5,0.1042436181963084
-35.0,139.75,0.10809688169051042
-35.0,140.0,0.1074058922989072
-35.0,140.25,0.11213399539416467
-35.0,140.5,0.11641111070209617
-35.0,140.75,0.11980844191865395
-35.0,141.0,0.12174466005737533
-35.0,141.25,0.12208127249347808
-35.0,141.5,0.124100124363789
-35.0,141.75,0.1266039961724017
-35.0,142.0,0.13133184226656314
-35.0,142.25,0.13283265992312104
-35.0,142.5,0.13456722234628862
-35.0,142.75,0.1369920458154887
-35.0,143.0,0.13994386783103865
-35.0,143.25,0.1421063414989641
-35.0,143.5,0.14392730470732323
-35.0,143.75,0.14566538519537423
-35.0,144.0,0.14752307610225543
-35.0,144.25,0.1481804351617061
-35.0,144.5,0.14892952124480538
-35.0,144.75,0.14912849309892795
-35.0,145.0,0.15047671589750813
-35.0,145.25,0.14926919616266665
-35.0,145.5,0.14622973110464932
-35.0,145.75,0.14368015722973607
-35.0,146.0,0.14315031228422967
-35.0,146.25,0.14351788409334582
-35.0,146.5,0.1425349674815768
-35.0,146.75,0.13992571797006664
-35.0,147.0,0.13551625165232925
-35.0,147.25,0.1287307392648283
-35.0,147.5,0.12161152527489774
-35.0,147.75,0.11290899120204025
-35.0,148.0,0.10183480496448871
-35.0,148.25,0.09337471126867454
-35.0,148.5,0.08522392166822161
-35.0,148.75,0.0749695213232721
-35.0,149.0,0.06406811686425183
-35.0,149.25,0.054579423553499845
-35.0,149.5,0.036574214202336836
-35.0,149.75,0.018311220653228853
-35.0,150.0,0.011466585664904468
-35.0,150.25,0.004846726929949296
-35.0,150.5,0.014098607037989886
-35.0,150.75,0.053314220518816374
-35.0,151.0,0.08265347917907434
-35.25,116.25,0.0055096816874838795
-35.25,116.5,0.007395172944355987
-35.25,116.75,0.008983187425001437
-35.25,117.0,0.010622306257804453
-35.25,117.25,0.011679800369677475
-35.25,117.5,0.013149188988180295
-35.25,117.75,0.014208164114021976
-35.25,118.0,0.014393545076861532
-35.25,118.25,0.013632017161695717
-35.25,138.25,0.09281732028102944
-35.25,138.5,0.07813962333089357
-35.25,138.75,0.06446677577645986
-35.25,139.0,0.07680459294293589
-35.25,139.25,0.09393107180654318
-35.25,139.5,0.0989038122894744
-35.25,139.75,0.09745589606487613
-35.25,140.0,0.09826020170394495
-35.25,140.25,0.10235721243831959
-35.25,140.5,0.10688466463288505
-35.25,140.75,0.11179244585874057
-35.25,141.0,0.11886738784778418
-35.25,141.25,0.12187798200920842
-35.25,141.5,0.12342639600503216
-35.25,141.75,0.12454537093762379
-35.25,142.0,0.1261330767986883
-35.25,142.25,0.1285545636553026
-35.25,142.5,0.13149214559568345
-35.25,142.75,0.13410975778323228
-35.25,143.0,0.1370732631178005
-35.25,143.25,0.13872870540458887
-35.25,143.5,0.1398046540296448
-35.25,143.75,0.14232536230404286
-35.25,144.0,0.1442292838467676
-35.25,144.25,0.14488101736732795
-35.25,144.5,0.1456330863582543
-35.25,144.75,0.14637173257491026
-35.25,145.0,0.1472078784478863
-35.25,145.25,0.1478816042171555
-35.25,145.5,0.14638787388671556
-35.25,145.75,0.14404375348659842
-35.25,146.0,0.14251017285088205
-35.25,146.25,0.1422300897983402
-35.25,146.5,0.14195401285901604
-35.25,146.75,0.1397468276836288
-35.25,147.0,0.13736441007958924
-35.25,147.25,0.13155165721524856
-35.25,147.5,0.12495509333177739
-35.25,147.75,0.11781282257405001
-35.25,148.0,0.10710660030781528
-35.25,148.25,0.09164211870877097
-35.25,148.5,0.07681902995752528
-35.25,148.75,0.06142307378607274
-35.25,149.0,0.052342221793997654
-35.25,149.25,0.04674795752795914
-35.25,149.5,0.03499472975706815
-35.25,149.75,0.021782155447925566
-35.25,150.0,0.013966290913181276
-35.25,150.25,0.018022880342253647
-35.25,150.5,0.05035273493527215
-35.25,150.75,0.0798327205694347
-35.5,138.5,0.07604815105638409
-35.5,138.75,0.08573237521077193
-35.5,139.0,0.10124022624126273
-35.5,139.25,0.10418426692920539
-35.5,139.5,0.09781370073336025
-35.5,139.75,0.0915443342754458
-35.5,140.0,0.09072587143449452
-35.5,140.25,0.09308028117628458
-35.5,140.5,0.09722308688598316
-35.5,140.75,0.10398648750487784
-35.5,141.0,0.1135894879644716
-35.5,141.25,0.11850584979349199
-35.5,141.5,0.12091851048391805
-35.5,141.75,0.12171700822802557
-35.5,142.0,0.12157437298123523
-35.5,142.25,0.12489347961639659
-35.5,142.5,0.12703374241253135
-35.5,142.75,0.12991833734147357
-35.5,143.0,0.13185429007667507
-35.5,143.25,0.13277053900064653
-35.5,143.5,0.13437743630986443
-35.5,143.75,0.13654286892131284
-35.5,144.0,0.1395585446412309
-35.5,144.25,0.14108729259541672
-35.5,144.5,0.14189378762489227
-35.5,144.75,0.1433017615966931
-35.5,145.0,0.1443789568726789
-35.5,145.25,0.14524148694857755
-35.5,145.5,0.14574436575659133
-35.5,145.75,0.14399610017365752
-35.5,146.0,0.14406245597895345
-35.5,146.25,0.14272204981830178
-35.5,146.5,0.14063915916881212
-35.5,146.75,0.1375657931111761
-35.5,147.0,0.1350695745772542
-35.5,147.25,0.13299650855592735
-35.5,147.5,0.13108175008892076
-35.5,147.75,0.12482285242994116
-35.5,148.0,0.11716568109444667
-35.5,148.25,0.09409555766280522
-35.5,148.5,0.07057311288657382
-35.5,148.75,0.054631716006763406
-35.5,149.0,0.05399479987227235
-35.5,149.25,0.05491546865264103
-35.5,149.5,0.0481283465198742
-35.5,149.75,0.03900710270003421
-35.5,150.0,0.02879645589102405
-35.5,150.25,0.045621549608494544
-35.5,150.5,0.07862094492365278
-35.75,138.75,0.0920301246408455
-35.75,139.0,0.0955503837950478
-35.75,139.25,0.0954112566998126
-35.75,139.5,0.09313623780185604
-35.75,139.75,0.09044830855088778
-35.75,140.0,0.08756957958199338
-35.75,140.25,0.08702828468205945
-35.75,140.5,0.08773375205432683
-35.75,140.75,0.09353294519137606
-35.75,141.0,0.10333660486481196
-35.75,141.25,0.11239647340723762
-35.75,141.5,0.1154644819542077
-35.75,141.75,0.11719356876796289
-35.75,142.0,0.11739347323109163
-35.75,142.25,0.11934076742479562
-35.75,142.5,0.12184639117675913
-35.75,142.75,0.12348916228898667
-35.75,143.0,0.12641946601177176
-35.75,143.25,0.12711535970326393
-35.75,143.5,0.12829837350552536
-35.75,143.75,0.1310143449507949
-35.75,144.0,0.13448069135156057
-35.75,144.25,0.135932836011651
-35.75,144.5,0.13752961442944375
-35.75,144.75,0.13827800116850741
-35.75,145.0,0.14087447377353923
-35.75,145.25,0.14249452065702997
-35.75,145.5,0.14233697731417938
-35.75,145.75,0.1439605425256307
-35.75,146.0,0.1439803998645018
-35.75,146.25,0.14188260349626944
-35.75,146.5,0.1379922321306831
-35.75,146.75,0.13375071804982072
-35.75,147.0,0.12846038002080445
-35.75,147.25,0.12794542638647569
-35.75,147.5,0.12110304043617891
-35.75,147.75,0.11105069245224916
-35.75,148.0,0.10496582310142269
-35.75,148.25,0.08630862984938396
-35.75,148.5,0.057235978594268835
-35.75,148.75,0.04267967662250057
-35.75,149.0,0.051793926831519566
-35.75,149.25,0.0620252414171198
-35.75,149.5,0.0578602161098066
-35.75,149.75,0.05356907468689102
-35.75,150.0,0.04927246105795519
-35.75,150.25,0.07958859922475417
-35.75,150.5,0.09321966765620583
-36.0,139.25,0.08347721511669913
-36.0,139.5,0.08863388666859327
-36.0,139.75,0.08921151916601684
-36.0,140.0,0.08625768706213476
-36.0,140.25,0.08356061422644886
-36.0,140.5,0.08318780086072022
-36.0,140.75,0.08495366368815785
-36.0,141.0,0.09302639823412792
-36.0,141.25,0.10174204741641392
-36.0,141.5,0.10962290868556443
-36.0,141.75,0.11200327847550146
-36.0,142.0,0.11378240336238578
-36.0,142.25,0.11428593048169328
-36.0,142.5,0.11563633483469911
-36.0,142.75,0.11830327654746146
-36.0,143.0,0.12092177724688782
-36.0,143.25,0.12228102034301642
-36.0,143.5,0.1248535925496653
-36.0,143.75,0.1264367804309804
-36.0,144.0,0.1277485381185102
-36.0,144.25,0.13062049753415236
-36.0,144.5,0.13144266545724717
-36.0,144.75,0.13386457861069256
-36.0,145.0,0.1355927723839479
-36.0,145.25,0.1376468727423224
-36.0,145.5,0.14064597717296637
-36.0,145.75,0.14148470728979426
-36.0,146.0,0.14266203089867296
-36.0,146.25,0.1410627690870635
-36.0,146.5,0.13552774519544994
-36.0,146.75,0.1278431615172446
-36.0,147.0,0.11884067251328194
-36.0,147.25,0.11622831920579395
-36.0,147.5,0.11248058790650681
-36.0,147.75,0.10144482269092008
-36.0,148.0,0.10095488904220451
-36.0,148.25,0.0814455503204793
-36.0,148.5,0.05386625526988973
-36.0,148.75,0.03972102568244114
-36.0,149.0,0.05183700730400672
-36.0,149.25,0.061423353070169336
-36.0,149.5,0.06132302033477953
-36.0,149.75,0.0578154454259338
-36.0,150.0,0.06947240594550545
-36.0,150.25,0.0977924155654737
-36.0,150.5,0.09535156108149062
-36.25,139.5,0.08135941119923619
-36.25,139.75,0.08552842472965412
-36.25,140.0,0.08508915052842872
-36.25,140.25,0.08212801643100293
-36.25,140.5,0.07879528185606949
-36.25,140.75,0.08002470420990651
-36.25,141.0,0.08500827691783266
-36.25,141.25,0.09222445055531102
-36.25,141.5,0.09967994104474602
-36.25,141.75,0.1063288416838775
-36.25,142.0,0.10848644255289615
-36.25,142.25,0.10802992171948374
-36.25,142.5,0.10951007929340703
-36.25,142.75,0.11135849173310482
-36.25,143.0,0.1160095640799104
-36.25,143.25,0.11951906634294358
-36.25,143.5,0.12106971381136834
-36.25,143.75,0.12309243643676358
-36.25,144.0,0.12386834659621154
-36.25,144.25,0.12556221383222768
-36.25,144.5,0.12544615055984215
-36.25,144.75,0.12731320094621168
-36.25,145.0,0.13038606625926114
-36.25,145.25,0.13435989960838007
-36.25,145.5,0.13628277157072785
-36.25,145.75,0.13994075927166805
-36.25,146.0,0.1403919318478884
-36.25,146.25,0.1371194497674685
-36.25,146.5,0.1300461925467926
-36.25,146.75,0.11732120675947118
-36.25,147.0,0.10485910890240208
-36.25,147.25,0.10119219019728848
-36.25,147.5,0.09905964541673265
-36.25,147.75,0.10026599526916012
-36.25,148.0,0.09889184633286498
-36.25,148.25,0.08316500401160054
-36.25,148.5,0.0645075983203107
-36.25,148.75,0.049858892931609035
-36.25,149.0,0.07058384495134043
-36.25,149.25,0.06660844194888998
-36.25,149.5,0.06770270763829635
-36.25,149.75,0.06342689700398281
-36.25,150.0,0.08535952197442107
-36.25,150.25,0.09976326433225068
-36.25,150.5,0.09754258824290618
-36.5,139.5,0.07476510181552189
-36.5,139.75,0.07898850022556654
-36.5,140.0,0.08008928052894394
-36.5,140.25,0.07778362049859465
-36.5,140.5,0.07419656633039852
-36.5,140.75,0.07439449899242492
-36.5,141.0,0.07790322760777224
-36.5,141.25,0.08365360786640437
-36.5,141.5,0.09126052755172007
-36.5,141.75,0.0977938969004684
-36.5,142.0,0.10242076131113241
-36.5,142.25,0.10199142222971892
-36.5,142.5,0.10292413196577486
-36.5,142.75,0.10511852534155498
-36.5,143.0,0.11013859857741481
-36.5,143.25,0.11306781021047993
-36.5,143.5,0.11590656117570067
-36.5,143.75,0.1170490823102808
-36.5,144.0,0.12171891011251036
-36.5,144.25,0.1218135979721054
-36.5,144.5,0.12071709152888133
-36.5,144.75,0.11975924574919208
-36.5,145.0,0.1222848285203284
-36.5,145.25,0.12659135123566675
-36.5,145.5,0.1311683500015452
-36.5,145.75,0.13366571231711488
-36.5,146.0,0.13479983676680457
-36.5,146.25,0.1296803474081949
-36.5,146.5,0.11788451332074261
-36.5,146.75,0.1076516007387071
-36.5,147.0,0.09687079952121415
-36.5,147.25,0.09067126892526194
-36.5,147.5,0.08444455312540966
-36.5,147.75,0.08709999204145341
-36.5,148.0,0.08428430127561481
-36.5,148.25,0.0659466552024857
-36.5,148.5,0.05461244516202629
-36.5,148.75,0.07395552262956966
-36.5,149.0,0.08914573644229068
-36.5,149.25,0.07823906540872494
-36.5,149.5,0.06551660446990298
-36.5,149.75,0.06018128614241211
-36.5,150.0,0.0943227205233553
-36.5,150.25,0.10108548531730717
-36.75,139.5,0.06924237820250474
-36.75,139.75,0.07336429541152358
-36.75,140.0,0.07324486263865009
-36.75,140.25,0.07115112833247866
-36.75,140.5,0.06829550368845479
-36.75,140.75,0.0681398570643969
-36.75,141.0,0.07029125712167324
-36.75,141.25,0.07546874009482615
-36.75,141.5,0.08146866266226276
-36.75,141.75,0.09133304545870473
-36.75,142.0,0.0977002458448259
-36.75,142.25,0.09743514653657616
-36.75,142.5,0.0977756690041465
-36.75,142.75,0.09840785435923312
-36.75,143.0,0.10269937507629971
-36.75,143.25,0.10470898026862951
-36.75,143.5,0.10623749972244932
-36.75,143.75,0.11226165024632719
-36.75,144.0,0.11793268869424717
-36.75,144.25,0.11699035443437
-36.75,144.5,0.11375868936740337
-36.75,144.75,0.11046295351750664
-36.75,145.0,0.10981528529954233
-36.75,145.25,0.11459015590309998
-36.75,145.5,0.11845937632720216
-36.75,145.75,0.12351983800316789
-36.75,146.0,0.12393360348433334
-36.75,146.25,0.11311802429739633
-36.75,146.5,0.10042535095169251
-36.75,146.75,0.08897034951596312
-36.75,147.0,0.08975723885377151
-36.75,147.25,0.08313794312079072
-36.75,147.5,0.07402236400876917
-36.75,147.75,0.06288652480883677
-36.75,148.0,0.05666289597733925
-36.75,148.25,0.04425201182828252
-36.75,148.5,0.05854541340747209
-36.75,148.75,0.08264846846983902
-36.75,149.0,0.0881833391775107
-36.75,149.25,0.07139544954658598
-36.75,149.5,0.05372608482649124
-36.75,149.75,0.06517131574568796
-36.75,150.0,0.09911947208318402
-36.75,150.25,0.09977916719312514
-37.0,139.5,0.06377874188045556
-37.0,139.75,0.0674817788740401
-37.0,140.0,0.06948632951996538
-37.0,140.25,0.0697959459117247
-37.0,140.5,0.06610219785456109
-37.0,140.75,0.062183297554199414
-37.0,141.0,0.06184498856650034
-37.0,141.25,0.06742491883594455
-37.0,141.5,0.07325427111534809
-37.0,141.75,0.08214650800573818
-37.0,142.0,0.09048800256345008
-37.0,142.25,0.0948409173339119
-37.0,142.5,0.09346367132193242
-37.0,142.75,0.09181681552239244
-37.0,143.0,0.09444968567412111
-37.0,143.25,0.09658416758018616
-37.0,143.5,0.10409794856007842
-37.0,143.75,0.10954457208047365
-37.0,144.0,0.11136037214611433
-37.0,144.25,0.11177270630983092
-37.0,144.5,0.10719916431837097
-37.0,144.75,0.10260459341953657
-37.0,145.0,0.09649411732365583
-37.0,145.25,0.09947304084827825
-37.0,145.5,0.10257295147363048
-37.0,145.75,0.10282315514309293
-37.0,146.0,0.10002024115767383
-37.0,146.25,0.09580291700722735
-37.0,146.5,0.08415171496531046
-37.0,146.75,0.07107482071426759
-37.0,147.0,0.06890276976785048
-37.0,147.25,0.058570880700226126
-37.0,147.5,0.053281577674848354
-37.0,147.75,0.04630939850484781
-37.0,148.0,0.04318323096501942
-37.0,148.25,0.04747838188862156
-37.0,148.5,0.06850983722920988
-37.0,148.75,0.08135605752779894
-37.0,149.0,0.07655215243329332
-37.0,149.25,0.06085211436209198
-37.0,149.5,0.05933859199860973
-37.0,149.75,0.07620943463529958
-37.0,150.0,0.09848568129531667
-37.0,150.25,0.09821468474449888
-37.25,139.5,0.05703709788823394
-37.25,139.75,0.06194180955341417
-37.25,140.0,0.06856602627125505
-37.25,140.25,0.06975965498167279
-37.25,140.5,0.06492680914105856
-37.25,140.75,0.05981323107004554
-37.25,141.0,0.05682305179538129
-37.25,141.25,0.0559545745408441
-37.25,141.5,0.059782226751253775
-37.25,141.75,0.06569037982733697
-37.25,142.0,0.070300128382861
-37.25,142.25,0.07718917935383657
-37.25,142.5,0.07827925140066354
-37.25,142.75,0.07688827467725455
-37.25,143.0,0.07529534634973685
-37.25,143.25,0.08560224545858162
-37.25,143.5,0.09763581466971502
-37.25,143.75,0.10472845410748781
-37.25,144.0,0.10015163871975868
-37.25,144.25,0.09548666311735073
-37.25,144.5,0.090346782041716
-37.25,144.75,0.0873495756423147
-37.25,145.0,0.08316607679527505
-37.25,145.25,0.08766114772773682
-37.25,145.5,0.09022557513865619
-37.25,145.75,0.09200169494487702
-37.25,146.0,0.08597761545434476
-37.25,146.25,0.07789477340293376
-37.25,146.5,0.06043357911207771
-37.25,146.75,0.039850886295437885
-37.25,147.0,0.02548539239380198
-37.25,147.25,0.023842395619244162
-37.25,147.5,0.02727311101628997
-37.25,147.75,0.032677601117830725
-37.25,148.0,0.03630827061935147
-37.25,148.25,0.04986612461377197
-37.25,148.5,0.06741015624411724
-37.25,148.75,0.07678331185909533
-37.25,149.0,0.07690356781426361
-37.25,149.25,0.07295765085535257
-37.25,149.5,0.07605602277639088
-37.25,149.75,0.08719322891171614
-37.25,150.0,0.0921714134049518
-37.25,150.25,0.09073355834205137
-37.5,139.75,0.0535269423107128
-37.5,140.0,0.05978787839129318
-37.5,140.25,0.0654109028382506
-37.5,140.5,0.06557969149610444
-37.5,140.75,0.058470379121850526
-37.5,141.0,0.05010634349527277
-37.5,141.25,0.04547819738423282
-37.5,141.5,0.04618295720361379
-37.5,141.75,0.04822556057167862
-37.5,142.0,0.04795372507372106
-37.5,142.25,0.05339034687029695
-37.5,142.5,0.05540770818918134
-37.5,142.75,0.05512784711625186
-37.5,143.0,0.05220119230204398
-37.5,143.25,0.058488709838040984
-37.5,143.5,0.06636653324689623
-37.5,143.75,0.06983346648018618
-37.5,144.0,0.06325838812509357
-37.5,144.25,0.050587232387414624
-37.5,144.5,0.04583434431154465
-37.5,144.75,0.04665588734043057
-37.5,145.0,0.04968105166355285
-37.5,145.25,0.055752748417183556
-37.5,145.5,0.06261143410585134
-37.5,145.75,0.07097149085932958
-37.5,146.0,0.0677198870961201
-37.5,146.25,0.041820653476403735
-37.5,146.5,0.021696301986496785
-37.5,146.75,0.00990127163410805
-37.5,147.0,0.008903968400157244
-37.5,147.25,0.013994849165800502
-37.5,147.5,0.020116372972823156
-37.5,147.75,0.028506495396938874
-37.5,148.0,0.03923415692476053
-37.5,148.25,0.050743878302697595
-37.5,148.5,0.05824099676090221
-37.5,148.75,0.06526247670298495
-37.5,149.0,0.0723415634750707
-37.5,149.25,0.07671348509927671
-37.5,149.5,0.08132361090580403
-37.5,149.75,0.08434952562498343
-37.5,150.0,0.0871459354580824
-37.75,140.0,0.049121541780982554
-37.75,140.25,0.052712783330198534
-37.75,140.5,0.05623176285407159
-37.75,140.75,0.05867791836586178
-37.75,141.0,0.056108641622923415
-37.75,141.25,0.04828092285965942
-37.75,141.5,0.039707063175859404
-37.75,141.75,0.03600539040478253
-37.75,142.0,0.035307072772696436
-37.75,142.25,0.04068261094045276
-37.75,142.5,0.04311406439091224
-37.75,142.75,0.04322145752081775
-37.75,143.0,0.03876028599486748
-37.75,143.25,0.03605372827202239
-37.75,143.5,0.033087552662935005
-37.75,143.75,0.031104412198674793
-37.75,144.0,0.030449275202900514
-37.75,144.25,0.03599648305727162
-37.75,144.5,0.038251075181418466
-37.75,144.75,0.04237545019618177
-37.75,145.0,0.03643804900886316
-37.75,145.25,0.029162292550085532
-37.75,145.5,0.029640925279118553
-37.75,145.75,0.03339955035540374
-37.75,146.0,0.03228326315663084
-37.75,146.25,0.021369674454493337
-37.75,146.5,0.012705854139666467
-37.75,146.75,0.016583521774530607
-37.75,147.0,0.02558078844150456
-37.75,147.25,0.03475696172627126
-37.75,147.5,0.041368807329727614
-37.75,147.75,0.048145745399548086
-37.75,148.0,0.05200940134781161
-37.75,148.25,0.05559763122336523
-37.75,148.5,0.059239549894181835
-37.75,148.75,0.06481534416276447
-37.75,149.0,0.06848589695583505
-37.75,149.25,0.07084391770973432
-37.75,149.5,0.07147425247000944
-37.75,149.75,0.07352960727999168
-38.0,140.25,0.04246621277626778
-38.0,140.5,0.04457100887593064
-38.0,140.75,0.04717636302795175
-38.0,141.0,0.051390355755506184
-38.0,141.25,0.05102700732446773
-38.0,141.5,0.043631004424093164
-38.0,141.75,0.036390548010958486
-38.0,142.0,0.03508788023545066
-38.0,142.25,0.037342172943846154
-38.0,142.5,0.037839104725945955
-38.0,142.75,0.03594926898222186
-38.0,143.0,0.03531908010782265
-38.0,143.25,0.033959429033678865
-38.0,143.5,0.030575711372993232
-38.0,143.75,0.030045326315794294
-38.0,144.0,0.028767476663518955
-38.0,144.25,0.038627931265355776
-38.0,144.5,0.05221535626163402
-38.0,144.75,0.057347045781624986
-38.0,145.0,0.04700903068489237
-38.0,145.25,0.02999851656657056
-38.0,145.5,0.027908559004264238
-38.0,145.75,0.029821623584634357
-38.0,146.0,0.03168735860447724
-38.0,146.25,0.03200717691101685
-38.0,146.5,0.041584004152084235
-38.0,146.75,0.050373872973708884
-38.0,147.0,0.05073069923851185
-38.0,147.25,0.05145629686273655
-38.0,147.5,0.05510566506385621
-38.0,147.75,0.05957631714993476
-38.0,148.0,0.06144256732940402
-38.0,148.25,0.061335621071374906
-38.0,148.5,0.06161271178414289
-38.0,148.75,0.0635645028817235
-38.0,149.0,0.06273753143899966
-38.0,149.25,0.06168129964111456
-38.0,149.5,0.06221980572561486
-38.25,140.75,0.03782282762749584
-38.25,141.0,0.04049456674527765
-38.25,141.25,0.04185310236291116
-38.25,141.5,0.04030077281614716
-38.25,141.75,0.04157219856521854
-38.25,142.0,0.041411790414969014
-38.25,142.25,0.04205574113855445
-38.25,142.5,0.04154632897650673
-38.25,142.75,0.041233909810189956
-38.25,143.0,0.041901647254730424
-38.25,143.25,0.04162346453402151
-38.25,143.5,0.041338900451817616
-38.25,143.75,0.035439171827683406
-38.25,144.0,0.03581899372628934
-38.25,144.25,0.04602747127250723
-38.25,144.5,0.058559291401457506
-38.25,144.75,0.057107377840346966
-38.25,145.0,0.04945773383666247
-38.25,145.25,0.03424980043866672
-38.25,145.5,0.031646718540665385
-38.25,145.75,0.031038397225695347
-38.25,146.0,0.03460684320663682
-38.25,146.25,0.04116034898311631
-38.25,146.5,0.04549608697611401
-38.25,146.75,0.05132482492880185
-38.25,147.0,0.05348795383239998
-38.25,147.25,0.057887268611898864
-38.25,147.5,0.059981276023404376
-38.25,147.75,0.06162814208586892
-38.25,148.0,0.062117857434109254
-38.5,141.25,0.03469480541144673
-38.5,141.5,0.0373117158212755
-38.5,141.75,0.03810105298410738
-38.5,142.0,0.03852207661962915
-38.5,142.25,0.03754132801333754
-38.5,142.5,0.0400031616539802
-38.5,142.75,0.04215556422807852
-38.5,143.0,0.044005337289835376
-38.5,143.25,0.04676930555390869
-38.5,143.5,0.04456272899340417
-38.5,143.75,0.04409016660326837
-38.5,144.0,0.055054068672487154
-38.5,144.25,0.06134620026362419
-38.5,145.25,0.046195059521399746
-38.5,145.5,0.04439147926147338
-38.5,145.75,0.04129095971326106
-38.5,146.0,0.03788284346528648
-38.5,146.25,0.039859689867088224
-38.5,146.5,0.04439403303137476
-38.5,146.75,0.05447650018161497
-38.5,147.0,0.058361156795310926
-38.5,147.25,0.06246965874838271
-38.75,142.75,0.03740501826492333
-38.75,143.0,0.03629380357932712
-38.75,143.25,0.036579467042454586
-38.75,143.5,0.04391690690038879
-38.75,143.75,0.05211579336113339
-38.75,144.0,0.061139914438189225
-38.75,145.5,0.048883136313296854
-38.75,145.75,0.047102982162674216
-38.75,146.0,0.0430234424511605
-38.75,146.25,0.04295679215677708
-38.75,146.5,0.046931660184821776
-38.75,146.75,0.0532977893857291
-38.75,147.0,0.05722246141940242
-39.0,143.25,0.03804677795376487
-39.0,143.5,0.04334231933128858
-39.0,143.75,0.050539437620786734
-39.0,146.0,0.04785269137322805
-39.0,146.25,0.048572520981536395
-39.0,146.5,0.0497274117128065
-40.5,145.0,0.0397455893064217
-40.5,148.0,0.01780115309381042
-40.75,144.75,0.042140744574940894
-40.75,145.0,0.04141601855344427
-40.75,145.25,0.040288370920931245
-40.75,145.5,0.03610550133755603
-40.75,145.75,0.03231281486679081
-40.75,146.0,0.02716402866046851
-40.75,146.75,0.01877449194704022
-40.75,147.0,0.01576080219404288
-40.75,147.25,0.0138293350233236
-40.75,147.5,0.013109634060106842
-40.75,147.75,0.012068912201468931
-40.75,148.0,0.011372564619691336
-40.75,148.25,0.016170969443501285
-41.0,144.5,0.04091850545311617
-41.0,144.75,0.046970919124024554
-41.0,145.0,0.051251809729462215
-41.0,145.25,0.048920025554735305
-41.0,145.5,0.04703822682589209
-41.0,145.75,0.03590001872978063
-41.0,146.0,0.025806363324306743
-41.0,146.25,0.017064971889819588
-41.0,146.5,0.013361070532063033
-41.0,146.75,0.010049403713420748
-41.0,147.0,0.01050346079672718
-41.0,147.25,0.009169168696373851
-41.0,147.5,0.006164501226865874
-41.0,147.75,0.0005558764288288359
-41.0,148.0,0.0005440728724643504
-41.0,148.25,0.010567060717253777
-41.0,148.5,0.02069394177669917
-41.25,144.5,0.03670160313497601
-41.25,144.75,0.04212625112812762
-41.25,145.0,0.04718755958739969
-41.25,145.25,0.052496678279672714
-41.25,145.5,0.053476447676288286
-41.25,145.75,0.04748707656308071
-41.25,146.0,0.038634421487489905
-41.25,146.25,0.023197337267588995
-41.25,146.5,0.007115819788256444
-41.25,146.75,-0.00010434409514504332
-41.25,147.0,0.0015358548070796077
-41.25,147.25,0.00806988126398591
-41.25,147.5,0.004764895820528492
-41.25,147.75,-0.0024274975881071375
-41.25,148.0,-0.00019810013974093016
-41.25,148.25,0.01428671869640699
-41.25,148.5,0.022850380147504852
-41.5,144.75,0.03259034210561565
-41.5,145.0,0.03289344768881451
-41.5,145.25,0.0377175528546214
-41.5,145.5,0.04530003672506951
-41.5,145.75,0.050464813128172095
-41.5,146.0,0.04588223398166189
-41.5,146.25,0.03352524699252399
-41.5,146.5,0.004786486841321979
-41.5,146.75,-0.007088100025399426
-41.5,147.0,-0.008258236146828867
-41.5,147.25,-0.0015175552120035272
-41.5,147.5,0.0030402192489154866
-41.5,147.75,0.006646564017906435
-41.5,148.0,0.01185175493012792
-41.5,148.25,0.02660334728995814
-41.5,148.5,0.0323661422680354
-41.75,144.75,0.02147093889895419
-41.75,145.0,0.020142857912532695
-41.75,145.25,0.026382998788347326
-41.75,145.5,0.03561302909023222
-41.75,145.75,0.04218720375071283
-41.75,146.0,0.03988347770677043
-41.75,146.25,0.029411472104351594
-41.75,146.5,0.010860511281409439
-41.75,146.75,0.0046993691851618365
-41.75,147.0,-0.001301620715178588
-41.75,147.25,-0.005030540726350786
-41.75,147.5,-0.0038908749401832103
-41.75,147.75,0.004996357149966954
-41.75,148.0,0.0229191758637035
-41.75,148.25,0.041481455267491696
-41.75,148.5,0.04248565051128009
-42.0,145.0,0.017511426753588872
-42.0,145.25,0.015970230056221956
-42.0,145.5,0.020711752841816478
-42.0,145.75,0.02043212420417933
-42.0,146.0,0.01656727789659696
-42.0,146.25,0.013817958136189147
-42.0,146.5,0.01649189228414464
-42.0,146.75,0.027644166904219048
-42.0,147.0,0.03354942629689774
-42.0,147.25,0.02599765747292828
-42.0,147.5,0.01071394985945595
-42.0,147.75,0.014133640608696338
-42.0,148.0,0.02855281730503726
-42.0,148.25,0.04433585415493704
-42.0,148.5,0.043344802686208626
-42.25,145.25,0.008966065839054663
-42.25,145.5,0.0016660653045508088
-42.25,145.75,0.004779742885006251
-42.25,146.0,0.008290457965776129
-42.25,146.25,0.012909870874102902
-42.25,146.5,0.015497953645081152
-42.25,146.75,0.020445443878508104
-42.25,147.0,0.02675053405116126
-42.25,147.25,0.02931312816232081
-42.25,147.5,0.028137308875840265
-42.25,147.75,0.02574077783262446
-42.25,148.0,0.03835875726723547
-42.25,148.25,0.041730754987623846
-42.5,145.0,0.009432375017293246
-42.5,145.25,0.004242750317124032
-42.5,145.5,-0.004453337315317516
-42.5,145.75,0.00036264263333526844
-42.5,146.0,0.005848128426807873
-42.5,146.25,0.012532472268598098
-42.5,146.5,0.01256280515991122
-42.5,146.75,0.01445523799251833
-42.5,147.0,0.014932118545855154
-42.5,147.25,0.01818249579028978
-42.5,147.5,0.019451031883247753
-42.5,147.75,0.030519362589293622
-42.5,148.0,0.04117354988645497
-42.5,148.25,0.03931970365467886
-42.75,145.25,0.004972541417336649
-42.75,145.5,-0.003156665287737484
-42.75,145.75,-0.0019544549701124175
-42.75,146.0,0.0037487760014327993
-42.75,146.25,0.01098453825434589
-42.75,146.5,0.010289460778462904
-42.75,146.75,0.008995312223125804
-42.75,147.0,0.009275896013811567
-42.75,147.25,0.019764802741098497
-42.75,147.5,0.02862743175046745
-42.75,147.75,0.03948710941272228
-42.75,148.0,0.040633966617499656
-43.0,145.5,0.003115111679688126
-43.0,145.75,0.0001311502120174762
-43.0,146.0,0.0021781601691650723
-43.0,146.25,0.008516117172184976
-43.0,146.5,0.007646580647435861
-43.0,146.75,0.011860697062245297
-43.0,147.0,0.015015129228503935
-43.0,147.25,0.029429578109890275
-43.0,147.5,0.03784263819436236
-43.0,147.75,0.04061776697542885
-43.25,145.75,0.007708772730544654
-43.25,146.0,0.005851593386034725
-43.25,146.25,0.004614438409303162
-43.25,146.5,0.008993638178606263
-43.25,146.75,0.013199423303523927
-43.25,147.0,0.02888954686981041
-43.25,147.25,0.034516718955342904
-43.5,146.0,0.013071362178493934
-43.5,146.25,0.009488016428255306
-43.5,146.5,0.014486745065058601
-43.5,146.75,0.02753716801668676
-43.5,147.0,0.03574911574843408
