Longitude,Latitude,avg_solar_radiation
142.25,-10.75,480.22794
142.5,-10.75,475.25894
130.5,-11.0,497.07712
131.25,-11.0,502.09763
142.0,-11.0,476.81665
142.25,-11.0,478.09567
142.5,-11.0,472.8029
142.75,-11.0,466.41663
130.25,-11.25,489.52432
130.5,-11.25,485.97366
130.75,-11.25,482.89288
131.0,-11.25,490.14908
131.25,-11.25,502.90063
131.5,-11.25,506.24347
132.75,-11.25,488.67767
133.0,-11.25,489.57892
141.75,-11.25,474.76187
142.0,-11.25,466.27344
142.25,-11.25,467.21436
142.5,-11.25,464.2548
142.75,-11.25,458.25482
143.0,-11.25,460.71536
130.0,-11.5,491.6306
130.25,-11.5,483.81622
130.5,-11.5,478.73813
130.75,-11.5,475.04236
131.0,-11.5,486.70135
131.25,-11.5,500.33658
131.5,-11.5,507.7128
131.75,-11.5,507.722
132.5,-11.5,490.95383
132.75,-11.5,484.7638
133.0,-11.5,486.49368
133.25,-11.5,493.0398
133.5,-11.5,500.365
133.75,-11.5,502.55826
141.75,-11.5,468.11734
142.0,-11.5,455.90634
142.25,-11.5,454.69913
142.5,-11.5,451.85965
142.75,-11.5,450.6931
143.0,-11.5,453.18875
130.25,-11.75,486.0655
130.5,-11.75,479.33423
130.75,-11.75,477.2397
131.0,-11.75,488.13184
131.25,-11.75,498.38586
131.5,-11.75,506.67374
132.25,-11.75,497.53625
132.5,-11.75,488.39697
132.75,-11.75,483.7285
133.0,-11.75,484.95145
133.25,-11.75,490.22888
133.5,-11.75,496.1216
133.75,-11.75,498.56027
134.0,-11.75,494.42044
134.25,-11.75,491.2265
134.5,-11.75,489.0778
134.75,-11.75,486.7462
135.5,-11.75,478.62552
141.75,-11.75,462.14987
142.0,-11.75,447.09692
142.25,-11.75,445.21802
142.5,-11.75,443.6092
142.75,-11.75,442.75223
143.0,-11.75,451.49332
130.5,-12.0,488.07687
131.0,-12.0,491.39737
131.25,-12.0,501.66934
131.5,-12.0,506.3883
131.75,-12.0,508.24646
132.0,-12.0,505.0241
132.25,-12.0,498.70456
132.5,-12.0,489.88025
132.75,-12.0,483.0351
133.0,-12.0,482.90634
133.25,-12.0,485.96964
133.5,-12.0,489.60107
133.75,-12.0,487.51578
134.0,-12.0,482.7426
134.25,-12.0,478.69104
134.5,-12.0,476.5223
134.75,-12.0,475.17462
135.0,-12.0,473.24103
135.25,-12.0,469.05905
135.5,-12.0,464.44647
135.75,-12.0,458.93408
136.0,-12.0,451.1111
136.25,-12.0,447.035
136.5,-12.0,450.93982
141.75,-12.0,458.13373
142.0,-12.0,442.77036
142.25,-12.0,438.7296
142.5,-12.0,438.30087
142.75,-12.0,443.3722
143.0,-12.0,452.54498
143.25,-12.0,465.4329
130.5,-12.25,498.5539
130.75,-12.25,495.71088
131.0,-12.25,499.71332
131.25,-12.25,503.26416
131.5,-12.25,506.19836
131.75,-12.25,507.08286
132.0,-12.25,504.7521
132.25,-12.25,500.30292
132.5,-12.25,493.22302
132.75,-12.25,484.90692
133.0,-12.25,480.73785
133.25,-12.25,479.66635
133.5,-12.25,479.20374
133.75,-12.25,476.92868
134.0,-12.25,472.953
134.25,-12.25,469.6846
134.5,-12.25,468.70517
134.75,-12.25,468.2803
135.0,-12.25,463.85635
135.25,-12.25,458.12198
135.5,-12.25,454.36398
135.75,-12.25,445.11307
136.0,-12.25,434.36047
136.25,-12.25,430.71567
136.5,-12.25,437.61777
136.75,-12.25,452.46436
141.5,-12.25,477.16733
141.75,-12.25,457.6087
142.0,-12.25,440.9858
142.25,-12.25,435.64066
142.5,-12.25,436.20715
142.75,-12.25,442.9869
143.0,-12.25,452.11646
143.25,-12.25,464.0681
130.25,-12.5,502.12518
130.5,-12.5,496.24936
130.75,-12.5,493.49905
131.0,-12.5,497.8793
131.25,-12.5,502.3395
131.5,-12.5,505.75204
131.75,-12.5,506.997
132.0,-12.5,505.70502
132.25,-12.5,502.1759
132.5,-12.5,496.0799
132.75,-12.5,489.64325
133.0,-12.5,484.01608
133.25,-12.5,481.1503
133.5,-12.5,479.11777
133.75,-12.5,476.15146
134.0,-12.5,472.38538
134.25,-12.5,469.57358
134.5,-12.5,467.71515
134.75,-12.5,466.45853
135.0,-12.5,463.74512
135.25,-12.5,458.0449
135.5,-12.5,451.35208
135.75,-12.5,444.04764
136.0,-12.5,434.7889
136.25,-12.5,431.22006
136.5,-12.5,439.13318
136.75,-12.5,455.42514
137.0,-12.5,471.89252
141.5,-12.5,478.59692
141.75,-12.5,458.60178
142.0,-12.5,441.92416
142.25,-12.5,437.1055
142.5,-12.5,437.89752
142.75,-12.5,442.40244
143.0,-12.5,449.44174
143.25,-12.5,456.5597
143.5,-12.5,461.38638
130.0,-12.75,501.44464
130.25,-12.75,496.21622
130.5,-12.75,491.77707
130.75,-12.75,486.9357
131.0,-12.75,488.5263
131.25,-12.75,494.1086
131.5,-12.75,498.93994
131.75,-12.75,501.09982
132.0,-12.75,500.6942
132.25,-12.75,498.42047
132.5,-12.75,496.71567
132.75,-12.75,493.62222
133.0,-12.75,489.72485
133.25,-12.75,487.36862
133.5,-12.75,485.57773
133.75,-12.75,482.43365
134.0,-12.75,479.07648
134.25,-12.75,475.88373
134.5,-12.75,473.08865
134.75,-12.75,469.5033
135.0,-12.75,466.44336
135.25,-12.75,460.50104
135.5,-12.75,454.314
135.75,-12.75,448.08594
136.0,-12.75,444.1168
136.25,-12.75,442.064
136.5,-12.75,446.93518
136.75,-12.75,460.76355
141.5,-12.75,481.05725
141.75,-12.75,461.21106
142.0,-12.75,446.18088
142.25,-12.75,442.56375
142.5,-12.75,442.8109
142.75,-12.75,443.1439
143.0,-12.75,444.62967
143.25,-12.75,443.67313
143.5,-12.75,444.53604
130.0,-13.0,495.65018
130.25,-13.0,491.2762
130.5,-13.0,486.29758
130.75,-13.0,480.93124
131.0,-13.0,483.12427
131.25,-13.0,488.7274
131.5,-13.0,493.66818
131.75,-13.0,496.41907
132.0,-13.0,496.70917
132.25,-13.0,497.6318
132.5,-13.0,497.50797
132.75,-13.0,497.97794
133.0,-13.0,494.9182
133.25,-13.0,493.52112
133.5,-13.0,491.48358
133.75,-13.0,488.2821
134.0,-13.0,485.58328
134.25,-13.0,482.528
134.5,-13.0,478.40125
134.75,-13.0,473.86426
135.0,-13.0,469.6843
135.25,-13.0,463.21207
135.5,-13.0,458.0771
135.75,-13.0,455.36316
136.0,-13.0,453.2368
136.25,-13.0,455.38864
136.5,-13.0,460.69434
136.75,-13.0,469.87543
141.25,-13.0,494.21573
141.5,-13.0,483.49872
141.75,-13.0,468.5207
142.0,-13.0,452.06552
142.25,-13.0,448.30762
142.5,-13.0,447.65344
142.75,-13.0,445.97153
143.0,-13.0,439.64694
143.25,-13.0,435.1837
143.5,-13.0,434.88077
143.75,-13.0,447.284
130.0,-13.25,488.6144
130.25,-13.25,483.21957
130.5,-13.25,483.05426
130.75,-13.25,480.55258
131.0,-13.25,483.4584
131.25,-13.25,488.31635
131.5,-13.25,492.5693
131.75,-13.25,495.03506
132.0,-13.25,496.7919
132.25,-13.25,497.4484
132.5,-13.25,499.36282
132.75,-13.25,500.20374
133.0,-13.25,498.74
133.25,-13.25,496.21744
133.5,-13.25,493.8128
133.75,-13.25,491.82635
134.0,-13.25,488.9823
134.25,-13.25,487.16757
134.5,-13.25,482.74954
134.75,-13.25,478.03357
135.0,-13.25,473.1998
135.25,-13.25,466.60263
135.5,-13.25,461.7329
135.75,-13.25,459.30917
136.0,-13.25,462.27087
136.25,-13.25,465.52463
136.5,-13.25,473.7979
141.25,-13.25,496.3104
141.5,-13.25,486.0849
141.75,-13.25,471.22388
142.0,-13.25,455.99692
142.25,-13.25,452.49222
142.5,-13.25,451.91394
142.75,-13.25,447.779
143.0,-13.25,440.82306
143.25,-13.25,430.70346
143.5,-13.25,430.05835
143.75,-13.25,446.23834
129.75,-13.5,493.10263
130.0,-13.5,484.22665
130.25,-13.5,479.58194
130.5,-13.5,481.8849
130.75,-13.5,484.60754
131.0,-13.5,487.60123
131.25,-13.5,490.2347
131.5,-13.5,494.29117
131.75,-13.5,496.42865
132.0,-13.5,498.0726
132.25,-13.5,499.2842
132.5,-13.5,500.85678
132.75,-13.5,501.98413
133.0,-13.5,500.93472
133.25,-13.5,498.04172
133.5,-13.5,495.053
133.75,-13.5,493.15222
134.0,-13.5,492.2882
134.25,-13.5,490.0486
134.5,-13.5,486.566
134.75,-13.5,482.0689
135.0,-13.5,476.70715
135.25,-13.5,470.31824
135.5,-13.5,465.72537
135.75,-13.5,465.9426
136.0,-13.5,469.57028
136.25,-13.5,480.87198
141.25,-13.5,497.6857
141.5,-13.5,487.66635
141.75,-13.5,474.4373
142.0,-13.5,459.17398
142.25,-13.5,456.61975
142.5,-13.5,456.22684
142.75,-13.5,451.9757
143.0,-13.5,441.39343
143.25,-13.5,431.3564
143.5,-13.5,430.1696
143.75,-13.5,446.98605
126.75,-13.75,513.51184
127.0,-13.75,516.6531
127.25,-13.75,517.9597
127.5,-13.75,521.2872
129.5,-13.75,504.9814
129.75,-13.75,491.20465
130.0,-13.75,482.2334
130.25,-13.75,478.5342
130.5,-13.75,481.71243
130.75,-13.75,487.2447
131.0,-13.75,490.81332
131.25,-13.75,493.43506
131.5,-13.75,496.45786
131.75,-13.75,498.2673
132.0,-13.75,500.5802
132.25,-13.75,502.24817
132.5,-13.75,502.39548
132.75,-13.75,503.31027
133.0,-13.75,502.77002
133.25,-13.75,500.80566
133.5,-13.75,496.70062
133.75,-13.75,495.12415
134.0,-13.75,494.32016
134.25,-13.75,492.49768
134.5,-13.75,489.12628
134.75,-13.75,484.8001
135.0,-13.75,480.0757
135.25,-13.75,475.3594
135.5,-13.75,473.71072
135.75,-13.75,474.73444
136.0,-13.75,480.5644
141.25,-13.75,499.04813
141.5,-13.75,490.25983
141.75,-13.75,478.81122
142.0,-13.75,462.97943
142.25,-13.75,460.5147
142.5,-13.75,460.2521
142.75,-13.75,455.70554
143.0,-13.75,445.6929
143.25,-13.75,434.43707
143.5,-13.75,433.37692
143.75,-13.75,449.62543
126.25,-14.0,506.6006
126.5,-14.0,503.64636
126.75,-14.0,503.88025
127.0,-14.0,507.1991
127.25,-14.0,511.8077
127.5,-14.0,515.0878
127.75,-14.0,521.72345
129.5,-14.0,506.3313
129.75,-14.0,492.63898
130.0,-14.0,481.3386
130.25,-14.0,476.88974
130.5,-14.0,481.51437
130.75,-14.0,488.69943
131.0,-14.0,492.16785
131.25,-14.0,496.73718
131.5,-14.0,499.25098
131.75,-14.0,501.9859
132.0,-14.0,504.08682
132.25,-14.0,505.1141
132.5,-14.0,503.96292
132.75,-14.0,504.17703
133.0,-14.0,504.0818
133.25,-14.0,502.07208
133.5,-14.0,499.33353
133.75,-14.0,497.77145
134.0,-14.0,495.9649
134.25,-14.0,494.27313
134.5,-14.0,490.95755
134.75,-14.0,486.35217
135.0,-14.0,483.37958
135.25,-14.0,482.6709
135.5,-14.0,483.14313
135.75,-14.0,486.05844
136.0,-14.0,491.18167
136.25,-14.0,494.824
141.25,-14.0,501.68472
141.5,-14.0,492.7999
141.75,-14.0,482.1683
142.0,-14.0,467.8432
142.25,-14.0,464.57147
142.5,-14.0,464.31177
142.75,-14.0,460.22717
143.0,-14.0,451.25748
143.25,-14.0,440.4026
143.5,-14.0,438.04178
143.75,-14.0,453.10962
144.0,-14.0,475.87512
144.25,-14.0,488.51788
144.5,-14.0,489.05304
125.5,-14.25,512.2488
125.75,-14.25,510.84055
126.0,-14.25,505.963
126.25,-14.25,500.22324
126.5,-14.25,493.84128
126.75,-14.25,494.55908
127.0,-14.25,497.47812
127.25,-14.25,503.11047
127.5,-14.25,512.58954
127.75,-14.25,519.6508
128.0,-14.25,526.829
129.25,-14.25,515.66736
129.5,-14.25,507.26013
129.75,-14.25,495.45673
130.0,-14.25,482.6929
130.25,-14.25,478.26248
130.5,-14.25,482.70615
130.75,-14.25,490.27667
131.0,-14.25,494.36432
131.25,-14.25,498.75565
131.5,-14.25,502.29425
131.75,-14.25,505.01022
132.0,-14.25,506.60712
132.25,-14.25,507.39346
132.5,-14.25,505.32584
132.75,-14.25,504.84897
133.0,-14.25,504.529
133.25,-14.25,503.97256
133.5,-14.25,502.46857
133.75,-14.25,500.3924
134.0,-14.25,498.05878
134.25,-14.25,494.98718
134.5,-14.25,491.71533
134.75,-14.25,488.28564
135.0,-14.25,486.80396
135.25,-14.25,489.44156
135.5,-14.25,493.9631
135.75,-14.25,494.78796
136.0,-14.25,496.60303
141.25,-14.25,503.41263
141.5,-14.25,495.89462
141.75,-14.25,485.68512
142.0,-14.25,472.03894
142.25,-14.25,469.35345
142.5,-14.25,468.44583
142.75,-14.25,464.92975
143.0,-14.25,456.48776
143.25,-14.25,447.54617
143.5,-14.25,445.7778
143.75,-14.25,455.48218
144.0,-14.25,474.66818
144.25,-14.25,487.13876
144.5,-14.25,489.98163
144.75,-14.25,488.82596
125.25,-14.5,510.70215
125.5,-14.5,509.2506
125.75,-14.5,507.67117
126.0,-14.5,500.1797
126.25,-14.5,497.00397
126.5,-14.5,490.14267
126.75,-14.5,488.00757
127.0,-14.5,490.23807
127.25,-14.5,497.11896
127.5,-14.5,508.78857
127.75,-14.5,520.4403
128.0,-14.5,525.4602
128.25,-14.5,525.67126
129.5,-14.5,506.56912
129.75,-14.5,495.5724
130.0,-14.5,486.36508
130.25,-14.5,481.67035
130.5,-14.5,485.18283
130.75,-14.5,491.87903
131.0,-14.5,496.40286
131.25,-14.5,501.0481
131.5,-14.5,504.947
131.75,-14.5,506.71375
132.0,-14.5,508.26495
132.25,-14.5,508.18347
132.5,-14.5,506.3075
132.75,-14.5,504.89877
133.0,-14.5,504.59717
133.25,-14.5,503.91486
133.5,-14.5,504.25235
133.75,-14.5,501.7239
134.0,-14.5,499.34418
134.25,-14.5,496.3172
134.5,-14.5,492.8963
134.75,-14.5,489.52045
135.0,-14.5,489.44974
135.25,-14.5,495.36285
135.5,-14.5,500.16315
135.75,-14.5,502.9244
141.25,-14.5,504.90826
141.5,-14.5,498.12653
141.75,-14.5,488.59286
142.0,-14.5,475.92883
142.25,-14.5,473.53036
142.5,-14.5,472.31924
142.75,-14.5,469.24606
143.0,-14.5,462.3097
143.25,-14.5,454.3364
143.5,-14.5,452.24683
143.75,-14.5,461.32208
144.0,-14.5,469.4489
144.25,-14.5,482.89792
144.5,-14.5,484.70987
144.75,-14.5,481.72913
145.0,-14.5,478.4533
125.0,-14.75,509.74146
125.25,-14.75,507.95325
125.5,-14.75,506.4905
125.75,-14.75,501.4231
126.0,-14.75,497.31827
126.25,-14.75,494.34085
126.5,-14.75,491.9797
126.75,-14.75,492.0442
127.0,-14.75,494.19467
127.25,-14.75,499.4306
127.5,-14.75,507.91678
127.75,-14.75,517.83154
128.0,-14.75,523.96735
128.25,-14.75,518.94415
128.5,-14.75,516.6534
128.75,-14.75,514.5539
129.0,-14.75,513.4304
129.25,-14.75,510.14258
129.5,-14.75,503.6487
129.75,-14.75,495.67023
130.0,-14.75,490.78
130.25,-14.75,488.8343
130.5,-14.75,491.73563
130.75,-14.75,496.83264
131.0,-14.75,500.48953
131.25,-14.75,503.5551
131.5,-14.75,505.8205
131.75,-14.75,506.82617
132.0,-14.75,507.30142
132.25,-14.75,506.03296
132.5,-14.75,505.12268
132.75,-14.75,505.40878
133.0,-14.75,504.60046
133.25,-14.75,503.8605
133.5,-14.75,503.6241
133.75,-14.75,501.38074
134.0,-14.75,498.91223
134.25,-14.75,497.2161
134.5,-14.75,494.46863
134.75,-14.75,491.51773
135.0,-14.75,490.93262
135.25,-14.75,497.13745
135.5,-14.75,502.4486
135.75,-14.75,506.6459
141.25,-14.75,505.75446
141.5,-14.75,499.15894
141.75,-14.75,490.9184
142.0,-14.75,478.4648
142.25,-14.75,475.67853
142.5,-14.75,475.39487
142.75,-14.75,473.04456
143.0,-14.75,466.91614
143.25,-14.75,460.74612
143.5,-14.75,457.38406
143.75,-14.75,460.86035
144.0,-14.75,465.668
144.25,-14.75,467.09143
144.5,-14.75,465.45447
144.75,-14.75,463.2242
145.0,-14.75,462.3087
145.25,-14.75,465.26535
125.0,-15.0,505.99298
125.25,-15.0,500.7929
125.5,-15.0,496.2473
125.75,-15.0,491.87952
126.0,-15.0,489.35922
126.25,-15.0,492.43442
126.5,-15.0,497.2152
126.75,-15.0,498.60135
127.0,-15.0,500.94562
127.25,-15.0,504.18292
127.5,-15.0,508.13638
127.75,-15.0,514.9329
128.0,-15.0,517.69495
128.25,-15.0,510.7922
128.5,-15.0,511.93015
128.75,-15.0,511.89377
129.0,-15.0,508.83105
129.25,-15.0,509.01877
129.5,-15.0,504.76575
129.75,-15.0,498.3971
130.0,-15.0,497.73297
130.25,-15.0,495.7965
130.5,-15.0,497.89822
130.75,-15.0,501.43964
131.0,-15.0,502.925
131.25,-15.0,505.44498
131.5,-15.0,506.61746
131.75,-15.0,506.66916
132.0,-15.0,505.43597
132.25,-15.0,503.53534
132.5,-15.0,504.2969
132.75,-15.0,504.81934
133.0,-15.0,504.92227
133.25,-15.0,503.15677
133.5,-15.0,502.85748
133.75,-15.0,501.28052
134.0,-15.0,498.66434
134.25,-15.0,497.60034
134.5,-15.0,495.20328
134.75,-15.0,492.49268
135.0,-15.0,492.22623
135.25,-15.0,498.96576
135.5,-15.0,503.0121
135.75,-15.0,506.99606
136.0,-15.0,507.7599
141.25,-15.0,505.4119
141.5,-15.0,499.07123
141.75,-15.0,491.3173
142.0,-15.0,479.79254
142.25,-15.0,477.9953
142.5,-15.0,478.13522
142.75,-15.0,476.71512
143.0,-15.0,471.97614
143.25,-15.0,466.05334
143.5,-15.0,461.92117
143.75,-15.0,457.78403
144.0,-15.0,456.1827
144.25,-15.0,451.5434
144.5,-15.0,444.49017
144.75,-15.0,441.52484
145.0,-15.0,448.8809
145.25,-15.0,458.2659
145.5,-15.0,466.94067
124.75,-15.25,503.54105
125.0,-15.25,499.48605
125.25,-15.25,495.33948
125.5,-15.25,492.0029
125.75,-15.25,488.32816
126.0,-15.25,488.4655
126.25,-15.25,493.33652
126.5,-15.25,499.12402
126.75,-15.25,502.67484
127.0,-15.25,504.93433
127.25,-15.25,507.69547
127.5,-15.25,510.791
127.75,-15.25,512.83545
128.0,-15.25,512.5572
128.25,-15.25,510.87936
128.5,-15.25,510.0711
128.75,-15.25,508.8732
129.0,-15.25,508.4583
129.25,-15.25,507.6025
129.5,-15.25,506.79254
129.75,-15.25,503.24966
130.0,-15.25,500.92548
130.25,-15.25,500.66434
130.5,-15.25,501.65073
130.75,-15.25,503.36594
131.0,-15.25,504.7297
131.25,-15.25,506.17865
131.5,-15.25,507.1634
131.75,-15.25,506.65103
132.0,-15.25,505.03485
132.25,-15.25,504.12576
132.5,-15.25,504.56076
132.75,-15.25,504.94696
133.0,-15.25,504.7838
133.25,-15.25,503.88312
133.5,-15.25,503.04233
133.75,-15.25,501.79828
134.0,-15.25,499.38898
134.25,-15.25,497.61884
134.5,-15.25,495.6087
134.75,-15.25,493.10837
135.0,-15.25,493.00296
135.25,-15.25,497.05194
135.5,-15.25,501.31888
135.75,-15.25,503.70798
136.0,-15.25,503.6607
136.25,-15.25,502.3959
141.25,-15.25,502.76303
141.5,-15.25,496.4407
141.75,-15.25,491.41705
142.0,-15.25,481.82413
142.25,-15.25,479.9499
142.5,-15.25,479.9484
142.75,-15.25,478.9407
143.0,-15.25,475.67545
143.25,-15.25,470.65408
143.5,-15.25,465.6478
143.75,-15.25,459.90924
144.0,-15.25,455.38794
144.25,-15.25,449.21777
144.5,-15.25,442.02103
144.75,-15.25,438.2673
145.0,-15.25,445.9001
145.25,-15.25,458.5855
145.5,-15.25,467.38995
124.5,-15.5,502.7547
124.75,-15.5,497.1612
125.0,-15.5,492.74283
125.25,-15.5,489.25662
125.5,-15.5,487.15762
125.75,-15.5,489.07187
126.0,-15.5,491.8811
126.25,-15.5,495.8176
126.5,-15.5,500.87894
126.75,-15.5,504.47705
127.0,-15.5,508.6842
127.25,-15.5,511.18976
127.5,-15.5,512.6623
127.75,-15.5,514.0256
128.0,-15.5,511.86447
128.25,-15.5,511.22086
128.5,-15.5,509.56348
128.75,-15.5,506.50162
129.0,-15.5,505.72577
129.25,-15.5,504.33594
129.5,-15.5,503.413
129.75,-15.5,504.49667
130.0,-15.5,504.317
130.25,-15.5,504.12085
130.5,-15.5,504.37683
130.75,-15.5,505.1725
131.0,-15.5,505.385
131.25,-15.5,506.76288
131.5,-15.5,507.83466
131.75,-15.5,507.34866
132.0,-15.5,505.94647
132.25,-15.5,504.98734
132.5,-15.5,505.19604
132.75,-15.5,505.75266
133.0,-15.5,505.20767
133.25,-15.5,504.7447
133.5,-15.5,503.98633
133.75,-15.5,502.28436
134.0,-15.5,500.92493
134.25,-15.5,497.7343
134.5,-15.5,495.4541
134.75,-15.5,494.20575
135.0,-15.5,494.29865
135.25,-15.5,494.51566
135.5,-15.5,494.3913
135.75,-15.5,496.5124
136.0,-15.5,498.65543
136.25,-15.5,498.003
136.5,-15.5,498.5507
141.25,-15.5,498.3686
141.5,-15.5,494.51495
141.75,-15.5,490.5599
142.0,-15.5,483.2034
142.25,-15.5,482.0833
142.5,-15.5,481.60556
142.75,-15.5,481.35666
143.0,-15.5,478.46686
143.25,-15.5,474.52145
143.5,-15.5,469.80014
143.75,-15.5,464.65552
144.0,-15.5,460.051
144.25,-15.5,454.325
144.5,-15.5,449.1583
144.75,-15.5,445.7907
145.0,-15.5,452.365
145.25,-15.5,464.02206
145.5,-15.5,469.4764
124.25,-15.75,502.72568
124.5,-15.75,496.93878
124.75,-15.75,491.71686
125.0,-15.75,486.64142
125.25,-15.75,482.95648
125.5,-15.75,486.72867
125.75,-15.75,490.5868
126.0,-15.75,495.48785
126.25,-15.75,498.6147
126.5,-15.75,503.25354
126.75,-15.75,506.75882
127.0,-15.75,510.6565
127.25,-15.75,513.30066
127.5,-15.75,514.8532
127.75,-15.75,514.8837
128.0,-15.75,512.7909
128.25,-15.75,511.96738
128.5,-15.75,509.56552
128.75,-15.75,506.63095
129.0,-15.75,504.87842
129.25,-15.75,503.6781
129.5,-15.75,503.5444
129.75,-15.75,504.62738
130.0,-15.75,506.33438
130.25,-15.75,507.12305
130.5,-15.75,506.4843
130.75,-15.75,506.10797
131.0,-15.75,505.84778
131.25,-15.75,507.43546
131.5,-15.75,508.70938
131.75,-15.75,508.6875
132.0,-15.75,506.77377
132.25,-15.75,505.9939
132.5,-15.75,506.21173
132.75,-15.75,506.18817
133.0,-15.75,505.83636
133.25,-15.75,505.84204
133.5,-15.75,504.71777
133.75,-15.75,502.78793
134.0,-15.75,501.10742
134.25,-15.75,498.55853
134.5,-15.75,495.8991
134.75,-15.75,495.09122
135.0,-15.75,495.5587
135.25,-15.75,491.81088
135.5,-15.75,489.78232
135.75,-15.75,488.90393
136.0,-15.75,491.1527
136.25,-15.75,495.22897
136.5,-15.75,496.35422
136.75,-15.75,498.95862
137.0,-15.75,501.53052
137.25,-15.75,502.18347
141.25,-15.75,495.16235
141.5,-15.75,492.06006
141.75,-15.75,489.2847
142.0,-15.75,485.16034
142.25,-15.75,483.8353
142.5,-15.75,483.98273
142.75,-15.75,483.48856
143.0,-15.75,482.25803
143.25,-15.75,478.0322
143.5,-15.75,475.50565
143.75,-15.75,471.01514
144.0,-15.75,466.8882
144.25,-15.75,462.3799
144.5,-15.75,458.0851
144.75,-15.75,458.10022
145.0,-15.75,463.79376
145.25,-15.75,466.32224
145.5,-15.75,471.9119
123.75,-16.0,507.3032
124.0,-16.0,503.16776
124.25,-16.0,498.929
124.5,-16.0,493.3883
124.75,-16.0,490.59387
125.0,-16.0,485.74243
125.25,-16.0,483.9892
125.5,-16.0,487.55228
125.75,-16.0,492.6172
126.0,-16.0,497.69266
126.25,-16.0,500.7132
126.5,-16.0,504.39438
126.75,-16.0,508.07974
127.0,-16.0,511.23303
127.25,-16.0,513.63605
127.5,-16.0,514.61554
127.75,-16.0,514.6508
128.0,-16.0,513.6369
128.25,-16.0,513.19214
128.5,-16.0,511.68768
128.75,-16.0,506.76746
129.0,-16.0,505.15616
129.25,-16.0,505.31326
129.5,-16.0,505.1374
129.75,-16.0,505.20413
130.0,-16.0,506.429
130.25,-16.0,507.68268
130.5,-16.0,507.8606
130.75,-16.0,507.63428
131.0,-16.0,508.13162
131.25,-16.0,509.2901
131.5,-16.0,509.55197
131.75,-16.0,509.13858
132.0,-16.0,506.82703
132.25,-16.0,506.08276
132.5,-16.0,505.9283
132.75,-16.0,505.93405
133.0,-16.0,505.94354
133.25,-16.0,505.70645
133.5,-16.0,504.21744
133.75,-16.0,502.60303
134.0,-16.0,500.97324
134.25,-16.0,499.13223
134.5,-16.0,496.33328
134.75,-16.0,496.61807
135.0,-16.0,495.9949
135.25,-16.0,491.5153
135.5,-16.0,487.93103
135.75,-16.0,486.7193
136.0,-16.0,487.41064
136.25,-16.0,491.53577
136.5,-16.0,493.0876
136.75,-16.0,494.8927
137.0,-16.0,496.7697
137.25,-16.0,497.1006
137.5,-16.0,495.06284
137.75,-16.0,494.88574
141.0,-16.0,497.05783
141.25,-16.0,492.38757
141.5,-16.0,489.81546
141.75,-16.0,487.4853
142.0,-16.0,485.0989
142.25,-16.0,485.85272
142.5,-16.0,486.24725
142.75,-16.0,486.8153
143.0,-16.0,485.6607
143.25,-16.0,483.3689
143.5,-16.0,481.0739
143.75,-16.0,477.6309
144.0,-16.0,473.9677
144.25,-16.0,469.8861
144.5,-16.0,466.7067
144.75,-16.0,466.598
145.0,-16.0,466.31262
145.25,-16.0,468.9779
145.5,-16.0,468.57404
123.5,-16.25,507.3125
123.75,-16.25,501.07574
124.0,-16.25,499.13162
124.25,-16.25,496.1293
124.5,-16.25,494.53778
124.75,-16.25,492.20517
125.0,-16.25,490.48593
125.25,-16.25,489.14813
125.5,-16.25,490.71335
125.75,-16.25,494.9434
126.0,-16.25,498.84885
126.25,-16.25,502.058
126.5,-16.25,505.55917
126.75,-16.25,508.4597
127.0,-16.25,511.22333
127.25,-16.25,511.93707
127.5,-16.25,512.70197
127.75,-16.25,513.73035
128.0,-16.25,513.6617
128.25,-16.25,515.07904
128.5,-16.25,514.81226
128.75,-16.25,509.18497
129.0,-16.25,509.44232
129.25,-16.25,509.14215
129.5,-16.25,506.47208
129.75,-16.25,506.53363
130.0,-16.25,505.35
130.25,-16.25,506.16705
130.5,-16.25,508.28467
130.75,-16.25,510.1406
131.0,-16.25,511.19803
131.25,-16.25,511.15894
131.5,-16.25,510.7659
131.75,-16.25,508.87268
132.0,-16.25,507.00223
132.25,-16.25,505.56897
132.5,-16.25,504.91083
132.75,-16.25,505.41833
133.0,-16.25,505.9392
133.25,-16.25,504.5054
133.5,-16.25,503.1775
133.75,-16.25,501.53378
134.0,-16.25,500.1363
134.25,-16.25,498.941
134.5,-16.25,497.69635
134.75,-16.25,497.7835
135.0,-16.25,496.22693
135.25,-16.25,493.57224
135.5,-16.25,490.2474
135.75,-16.25,488.7105
136.0,-16.25,488.82263
136.25,-16.25,488.22992
136.5,-16.25,489.8047
136.75,-16.25,488.8336
137.0,-16.25,489.22992
137.25,-16.25,488.74786
137.5,-16.25,488.0811
137.75,-16.25,488.92087
138.0,-16.25,493.08167
141.0,-16.25,497.00906
141.25,-16.25,491.5862
141.5,-16.25,489.27847
141.75,-16.25,486.5387
142.0,-16.25,485.43228
142.25,-16.25,486.6699
142.5,-16.25,488.7446
142.75,-16.25,489.2066
143.0,-16.25,489.87006
143.25,-16.25,488.04532
143.5,-16.25,486.4563
143.75,-16.25,483.60098
144.0,-16.25,480.94702
144.25,-16.25,477.22742
144.5,-16.25,473.65335
144.75,-16.25,471.16895
145.0,-16.25,470.2786
145.25,-16.25,465.11804
145.5,-16.25,464.51788
145.75,-16.25,465.49384
122.75,-16.5,519.8894
123.0,-16.5,518.33655
123.25,-16.5,511.79797
123.5,-16.5,504.33652
123.75,-16.5,499.30054
124.0,-16.5,498.9662
124.25,-16.5,497.16544
124.5,-16.5,496.47205
124.75,-16.5,496.05963
125.0,-16.5,495.0238
125.25,-16.5,494.3977
125.5,-16.5,495.39813
125.75,-16.5,497.67203
126.0,-16.5,500.9822
126.25,-16.5,503.72913
126.5,-16.5,506.69455
126.75,-16.5,508.84256
127.0,-16.5,509.7521
127.25,-16.5,510.43484
127.5,-16.5,511.0834
127.75,-16.5,512.1352
128.0,-16.5,513.5571
128.25,-16.5,516.38763
128.5,-16.5,516.22455
128.75,-16.5,514.3281
129.0,-16.5,514.4025
129.25,-16.5,511.7307
129.5,-16.5,508.70566
129.75,-16.5,506.47522
130.0,-16.5,504.30954
130.25,-16.5,505.72107
130.5,-16.5,508.9498
130.75,-16.5,512.4529
131.0,-16.5,513.0936
131.25,-16.5,512.9746
131.5,-16.5,511.62363
131.75,-16.5,508.71896
132.0,-16.5,507.03342
132.25,-16.5,504.8654
132.5,-16.5,504.24838
132.75,-16.5,504.9684
133.0,-16.5,505.8612
133.25,-16.5,503.88992
133.5,-16.5,502.4117
133.75,-16.5,501.18015
134.0,-16.5,499.72833
134.25,-16.5,499.19254
134.5,-16.5,498.3879
134.75,-16.5,497.5069
135.0,-16.5,496.69568
135.25,-16.5,495.01422
135.5,-16.5,493.3532
135.75,-16.5,491.4949
136.0,-16.5,489.7468
136.25,-16.5,488.5967
136.5,-16.5,487.04385
136.75,-16.5,483.60538
137.0,-16.5,481.48505
137.25,-16.5,481.39453
137.5,-16.5,483.915
137.75,-16.5,485.582
138.0,-16.5,490.30734
138.25,-16.5,495.13794
138.5,-16.5,500.0035
138.75,-16.5,502.9581
141.0,-16.5,496.77463
141.25,-16.5,490.4867
141.5,-16.5,489.77338
141.75,-16.5,487.0148
142.0,-16.5,486.78842
142.25,-16.5,488.5545
142.5,-16.5,490.54956
142.75,-16.5,491.53497
143.0,-16.5,492.48785
143.25,-16.5,491.91745
143.5,-16.5,490.58487
143.75,-16.5,488.5597
144.0,-16.5,486.00003
144.25,-16.5,482.47324
144.5,-16.5,478.70215
144.75,-16.5,475.6984
145.0,-16.5,469.62167
145.25,-16.5,462.82336
145.5,-16.5,456.7582
145.75,-16.5,457.79532
122.5,-16.75,514.29425
122.75,-16.75,515.59094
123.0,-16.75,515.3852
123.25,-16.75,508.91763
123.5,-16.75,503.76453
123.75,-16.75,502.07404
124.0,-16.75,502.44965
124.25,-16.75,502.15393
124.5,-16.75,500.53848
124.75,-16.75,499.27823
125.0,-16.75,497.95883
125.25,-16.75,498.163
125.5,-16.75,499.40237
125.75,-16.75,501.81967
126.0,-16.75,504.1072
126.25,-16.75,506.27292
126.5,-16.75,508.06473
126.75,-16.75,509.09293
127.0,-16.75,509.60022
127.25,-16.75,509.36966
127.5,-16.75,509.8715
127.75,-16.75,510.63168
128.0,-16.75,512.6192
128.25,-16.75,515.5296
128.5,-16.75,516.69916
128.75,-16.75,516.0158
129.0,-16.75,514.35724
129.25,-16.75,511.73944
129.5,-16.75,509.3141
129.75,-16.75,507.35742
130.0,-16.75,505.89523
130.25,-16.75,506.9581
130.5,-16.75,510.14087
130.75,-16.75,513.42413
131.0,-16.75,514.16113
131.25,-16.75,513.6673
131.5,-16.75,511.93408
131.75,-16.75,508.88953
132.0,-16.75,506.74875
132.25,-16.75,504.55322
132.5,-16.75,504.7835
132.75,-16.75,505.42413
133.0,-16.75,505.31467
133.25,-16.75,504.22824
133.5,-16.75,502.8017
133.75,-16.75,501.47577
134.0,-16.75,501.02026
134.25,-16.75,500.29898
134.5,-16.75,499.15543
134.75,-16.75,497.0796
135.0,-16.75,496.06882
135.25,-16.75,495.30597
135.5,-16.75,494.08514
135.75,-16.75,493.1539
136.0,-16.75,491.51324
136.25,-16.75,490.77158
136.5,-16.75,488.9416
136.75,-16.75,484.92755
137.0,-16.75,482.33417
137.25,-16.75,481.07068
137.5,-16.75,482.77145
137.75,-16.75,485.65564
138.0,-16.75,488.1069
138.25,-16.75,490.02615
138.5,-16.75,493.30887
138.75,-16.75,497.52344
139.0,-16.75,501.36005
141.0,-16.75,495.7792
141.25,-16.75,489.46243
141.5,-16.75,487.12692
141.75,-16.75,487.1811
142.0,-16.75,488.49402
142.25,-16.75,490.24286
142.5,-16.75,491.98727
142.75,-16.75,493.31046
143.0,-16.75,493.91458
143.25,-16.75,493.27094
143.5,-16.75,491.6304
143.75,-16.75,489.91125
144.0,-16.75,488.06647
144.25,-16.75,485.2547
144.5,-16.75,480.90195
144.75,-16.75,475.599
145.0,-16.75,468.13916
145.25,-16.75,459.40457
145.5,-16.75,452.5421
145.75,-16.75,450.53708
122.25,-17.0,508.6152
122.5,-17.0,508.9973
122.75,-17.0,510.43277
123.0,-17.0,509.5445
123.25,-17.0,506.63278
123.5,-17.0,504.8909
123.75,-17.0,504.3993
124.0,-17.0,506.18365
124.25,-17.0,503.56952
124.5,-17.0,501.83914
124.75,-17.0,500.8764
125.0,-17.0,500.50168
125.25,-17.0,501.48825
125.5,-17.0,503.52115
125.75,-17.0,505.95908
126.0,-17.0,507.72516
126.25,-17.0,508.06985
126.5,-17.0,509.3209
126.75,-17.0,509.19333
127.0,-17.0,509.3734
127.25,-17.0,508.7371
127.5,-17.0,508.87393
127.75,-17.0,509.11115
128.0,-17.0,510.23486
128.25,-17.0,512.2709
128.5,-17.0,513.52875
128.75,-17.0,513.11755
129.0,-17.0,511.74112
129.25,-17.0,509.86902
129.5,-17.0,508.5661
129.75,-17.0,507.83075
130.0,-17.0,507.40335
130.25,-17.0,507.93857
130.5,-17.0,511.9964
130.75,-17.0,514.20953
131.0,-17.0,515.06976
131.25,-17.0,514.3417
131.5,-17.0,511.7752
131.75,-17.0,508.73404
132.0,-17.0,506.91586
132.25,-17.0,506.1468
132.5,-17.0,506.3477
132.75,-17.0,506.38992
133.0,-17.0,506.01938
133.25,-17.0,506.1139
133.5,-17.0,503.35388
133.75,-17.0,502.1119
134.0,-17.0,501.8328
134.25,-17.0,501.5355
134.5,-17.0,500.61746
134.75,-17.0,498.55472
135.0,-17.0,495.25958
135.25,-17.0,495.14465
135.5,-17.0,495.33542
135.75,-17.0,494.38287
136.0,-17.0,493.8423
136.25,-17.0,494.2307
136.5,-17.0,492.97
136.75,-17.0,490.94873
137.0,-17.0,487.4196
137.25,-17.0,485.4555
137.5,-17.0,484.74484
137.75,-17.0,485.53476
138.0,-17.0,485.47586
138.25,-17.0,485.5554
138.5,-17.0,488.4053
138.75,-17.0,494.85828
139.0,-17.0,501.56537
139.25,-17.0,505.54703
140.75,-17.0,502.5252
141.0,-17.0,495.24167
141.25,-17.0,490.17426
141.5,-17.0,485.52536
141.75,-17.0,487.18027
142.0,-17.0,491.1841
142.25,-17.0,493.03806
142.5,-17.0,493.88107
142.75,-17.0,494.46927
143.0,-17.0,494.59015
143.25,-17.0,493.85974
143.5,-17.0,492.16672
143.75,-17.0,490.4954
144.0,-17.0,489.34058
144.25,-17.0,486.47543
144.5,-17.0,480.4631
144.75,-17.0,473.13248
145.0,-17.0,464.01245
145.25,-17.0,454.75565
145.5,-17.0,449.26428
145.75,-17.0,448.55203
146.0,-17.0,452.74915
122.0,-17.25,509.85443
122.25,-17.25,507.29407
122.5,-17.25,505.81833
122.75,-17.25,505.37213
123.0,-17.25,505.93506
123.25,-17.25,506.67126
123.5,-17.25,506.013
123.75,-17.25,512.58563
124.0,-17.25,510.9381
124.25,-17.25,506.40018
124.5,-17.25,503.64838
124.75,-17.25,502.6657
125.0,-17.25,503.0421
125.25,-17.25,504.32132
125.5,-17.25,506.64462
125.75,-17.25,509.14163
126.0,-17.25,510.85037
126.25,-17.25,510.497
126.5,-17.25,510.32083
126.75,-17.25,510.01544
127.0,-17.25,510.2158
127.25,-17.25,509.37903
127.5,-17.25,508.79788
127.75,-17.25,508.82672
128.0,-17.25,508.3683
128.25,-17.25,509.71683
128.5,-17.25,511.35834
128.75,-17.25,511.0046
129.0,-17.25,510.65985
129.25,-17.25,509.22708
129.5,-17.25,508.4217
129.75,-17.25,508.23456
130.0,-17.25,508.45743
130.25,-17.25,509.15497
130.5,-17.25,512.0679
130.75,-17.25,514.6479
131.0,-17.25,514.5616
131.25,-17.25,514.3682
131.5,-17.25,512.6191
131.75,-17.25,510.52017
132.0,-17.25,508.7762
132.25,-17.25,508.54034
132.5,-17.25,507.48303
132.75,-17.25,507.06665
133.0,-17.25,506.04962
133.25,-17.25,505.61136
133.5,-17.25,504.18256
133.75,-17.25,503.5821
134.0,-17.25,503.15955
134.25,-17.25,503.00275
134.5,-17.25,502.98663
134.75,-17.25,500.43677
135.0,-17.25,497.84943
135.25,-17.25,495.9596
135.5,-17.25,495.7968
135.75,-17.25,495.2838
136.0,-17.25,496.155
136.25,-17.25,496.62418
136.5,-17.25,496.3467
136.75,-17.25,495.04587
137.0,-17.25,492.79916
137.25,-17.25,490.89957
137.5,-17.25,488.8318
137.75,-17.25,486.96573
138.0,-17.25,484.83002
138.25,-17.25,481.7339
138.5,-17.25,483.17886
138.75,-17.25,489.89856
139.0,-17.25,498.39087
139.25,-17.25,503.02686
139.5,-17.25,504.7603
140.75,-17.25,500.11115
141.0,-17.25,492.37723
141.25,-17.25,487.36273
141.5,-17.25,484.64154
141.75,-17.25,488.1042
142.0,-17.25,492.9457
142.25,-17.25,494.28592
142.5,-17.25,495.15082
142.75,-17.25,495.4558
143.0,-17.25,495.30875
143.25,-17.25,494.2564
143.5,-17.25,492.26346
143.75,-17.25,491.56708
144.0,-17.25,490.16638
144.25,-17.25,487.46616
144.5,-17.25,481.16605
144.75,-17.25,472.64166
145.0,-17.25,460.60367
145.25,-17.25,449.0993
145.5,-17.25,442.37854
145.75,-17.25,443.6448
146.0,-17.25,450.99115
146.25,-17.25,462.18857
122.0,-17.5,509.70108
122.25,-17.5,506.59067
122.5,-17.5,504.87433
122.75,-17.5,504.18167
123.0,-17.5,504.99017
123.25,-17.5,507.57553
123.5,-17.5,509.65488
123.75,-17.5,511.6097
124.0,-17.5,510.10977
124.25,-17.5,508.16232
124.5,-17.5,506.5084
124.75,-17.5,505.81018
125.0,-17.5,506.66638
125.25,-17.5,507.8223
125.5,-17.5,510.0099
125.75,-17.5,512.1513
126.0,-17.5,512.8222
126.25,-17.5,511.93918
126.5,-17.5,511.17322
126.75,-17.5,510.63803
127.0,-17.5,510.86316
127.25,-17.5,510.5166
127.5,-17.5,510.03467
127.75,-17.5,509.83212
128.0,-17.5,508.78998
128.25,-17.5,509.18768
128.5,-17.5,510.88098
128.75,-17.5,510.32422
129.0,-17.5,508.81766
129.25,-17.5,507.8243
129.5,-17.5,507.5319
129.75,-17.5,507.2085
130.0,-17.5,508.3408
130.25,-17.5,509.47864
130.5,-17.5,511.06015
130.75,-17.5,513.3399
131.0,-17.5,514.1722
131.25,-17.5,514.107
131.5,-17.5,512.4989
131.75,-17.5,510.864
132.0,-17.5,509.1306
132.25,-17.5,508.32916
132.5,-17.5,507.14096
132.75,-17.5,506.63556
133.0,-17.5,505.90622
133.25,-17.5,506.57825
133.5,-17.5,506.3977
133.75,-17.5,505.63394
134.0,-17.5,506.4794
134.25,-17.5,505.98648
134.5,-17.5,503.43597
134.75,-17.5,502.57965
135.0,-17.5,500.54477
135.25,-17.5,497.905
135.5,-17.5,497.80154
135.75,-17.5,498.09058
136.0,-17.5,498.9187
136.25,-17.5,497.79056
136.5,-17.5,497.2329
136.75,-17.5,496.96094
137.0,-17.5,496.26874
137.25,-17.5,494.43246
137.5,-17.5,492.37988
137.75,-17.5,490.6956
138.0,-17.5,488.62347
138.25,-17.5,485.567
138.5,-17.5,485.06796
138.75,-17.5,489.73697
139.0,-17.5,494.9973
139.25,-17.5,499.54834
139.5,-17.5,500.80624
139.75,-17.5,499.0143
140.0,-17.5,499.83865
140.25,-17.5,500.53467
140.5,-17.5,500.1304
140.75,-17.5,499.03207
141.0,-17.5,493.70108
141.25,-17.5,487.82495
141.5,-17.5,485.3064
141.75,-17.5,487.85678
142.0,-17.5,492.57306
142.25,-17.5,495.15378
142.5,-17.5,496.28928
142.75,-17.5,496.77872
143.0,-17.5,496.66678
143.25,-17.5,495.86777
143.5,-17.5,494.4756
143.75,-17.5,493.431
144.0,-17.5,492.30618
144.25,-17.5,488.7657
144.5,-17.5,482.53336
144.75,-17.5,473.73752
145.0,-17.5,459.88803
145.25,-17.5,443.94724
145.5,-17.5,436.48987
145.75,-17.5,441.08157
146.0,-17.5,453.8827
146.25,-17.5,463.65506
146.5,-17.5,467.4401
122.0,-17.75,509.7514
122.25,-17.75,506.70636
122.5,-17.75,505.54095
122.75,-17.75,505.38278
123.0,-17.75,505.7574
123.25,-17.75,507.89056
123.5,-17.75,508.30728
123.75,-17.75,509.26492
124.0,-17.75,508.9262
124.25,-17.75,509.57596
124.5,-17.75,508.91165
124.75,-17.75,509.0221
125.0,-17.75,509.6223
125.25,-17.75,511.13107
125.5,-17.75,513.08954
125.75,-17.75,514.30176
126.0,-17.75,514.5941
126.25,-17.75,512.8019
126.5,-17.75,511.26962
126.75,-17.75,511.3343
127.0,-17.75,511.60666
127.25,-17.75,511.78284
127.5,-17.75,511.86188
127.75,-17.75,510.96747
128.0,-17.75,509.1424
128.25,-17.75,509.2319
128.5,-17.75,510.10675
128.75,-17.75,509.33594
129.0,-17.75,508.3769
129.25,-17.75,507.9967
129.5,-17.75,507.76822
129.75,-17.75,507.75098
130.0,-17.75,508.0738
130.25,-17.75,509.74796
130.5,-17.75,510.916
130.75,-17.75,512.5249
131.0,-17.75,513.0148
131.25,-17.75,512.64636
131.5,-17.75,511.87695
131.75,-17.75,510.3096
132.0,-17.75,509.60764
132.25,-17.75,509.1234
132.5,-17.75,508.5541
132.75,-17.75,508.09222
133.0,-17.75,507.56418
133.25,-17.75,507.7494
133.5,-17.75,507.5593
133.75,-17.75,506.94595
134.0,-17.75,507.4549
134.25,-17.75,507.0228
134.5,-17.75,505.27164
134.75,-17.75,504.32712
135.0,-17.75,502.5466
135.25,-17.75,500.8696
135.5,-17.75,500.49704
135.75,-17.75,501.25076
136.0,-17.75,501.15143
136.25,-17.75,500.18463
136.5,-17.75,499.4419
136.75,-17.75,499.37106
137.0,-17.75,499.61682
137.25,-17.75,498.4135
137.5,-17.75,497.1586
137.75,-17.75,496.5547
138.0,-17.75,493.8512
138.25,-17.75,492.1073
138.5,-17.75,491.43417
138.75,-17.75,489.7994
139.0,-17.75,492.34644
139.25,-17.75,493.42462
139.5,-17.75,496.20828
139.75,-17.75,497.09265
140.0,-17.75,497.52765
140.25,-17.75,496.15347
140.5,-17.75,498.30984
140.75,-17.75,497.56467
141.0,-17.75,494.01996
141.25,-17.75,489.34363
141.5,-17.75,487.86603
141.75,-17.75,489.6856
142.0,-17.75,493.25516
142.25,-17.75,495.14474
142.5,-17.75,496.69165
142.75,-17.75,497.71564
143.0,-17.75,497.73175
143.25,-17.75,496.94165
143.5,-17.75,495.84503
143.75,-17.75,495.72217
144.0,-17.75,494.03363
144.25,-17.75,489.888
144.5,-17.75,483.39484
144.75,-17.75,474.33295
145.0,-17.75,458.98047
145.25,-17.75,442.83722
145.5,-17.75,433.25375
145.75,-17.75,437.6446
146.0,-17.75,453.80106
146.25,-17.75,464.26074
146.5,-17.75,467.43924
122.25,-18.0,505.21115
122.5,-18.0,504.31155
122.75,-18.0,506.18387
123.0,-18.0,507.0357
123.25,-18.0,508.45724
123.5,-18.0,508.34033
123.75,-18.0,508.70648
124.0,-18.0,509.65036
124.25,-18.0,510.4855
124.5,-18.0,511.31738
124.75,-18.0,511.81113
125.0,-18.0,512.4545
125.25,-18.0,513.7949
125.5,-18.0,514.68585
125.75,-18.0,515.5132
126.0,-18.0,515.25977
126.25,-18.0,513.4987
126.5,-18.0,511.90784
126.75,-18.0,512.1629
127.0,-18.0,512.23065
127.25,-18.0,512.29877
127.5,-18.0,512.5957
127.75,-18.0,511.2543
128.0,-18.0,509.41074
128.25,-18.0,509.31323
128.5,-18.0,509.71094
128.75,-18.0,508.6921
129.0,-18.0,508.60794
129.25,-18.0,508.21823
129.5,-18.0,507.897
129.75,-18.0,508.04584
130.0,-18.0,508.55524
130.25,-18.0,510.02844
130.5,-18.0,510.649
130.75,-18.0,512.35297
131.0,-18.0,512.5677
131.25,-18.0,511.73126
131.5,-18.0,511.13525
131.75,-18.0,510.86057
132.0,-18.0,510.43164
132.25,-18.0,509.75937
132.5,-18.0,508.90155
132.75,-18.0,508.83615
133.0,-18.0,508.97055
133.25,-18.0,508.3945
133.5,-18.0,507.9019
133.75,-18.0,507.71567
134.0,-18.0,507.83994
134.25,-18.0,507.5838
134.5,-18.0,507.0365
134.75,-18.0,505.81686
135.0,-18.0,504.2996
135.25,-18.0,503.5347
135.5,-18.0,502.28647
135.75,-18.0,503.8812
136.0,-18.0,503.2217
136.25,-18.0,502.6719
136.5,-18.0,501.835
136.75,-18.0,501.60666
137.0,-18.0,502.0868
137.25,-18.0,502.39023
137.5,-18.0,501.08887
137.75,-18.0,499.9392
138.0,-18.0,499.01248
138.25,-18.0,497.5692
138.5,-18.0,495.75
138.75,-18.0,494.12305
139.0,-18.0,491.3761
139.25,-18.0,491.0275
139.5,-18.0,493.65125
139.75,-18.0,496.13773
140.0,-18.0,496.3986
140.25,-18.0,496.05304
140.5,-18.0,497.08658
140.75,-18.0,496.62274
141.0,-18.0,493.28036
141.25,-18.0,492.18875
141.5,-18.0,491.50238
141.75,-18.0,492.075
142.0,-18.0,494.49957
142.25,-18.0,496.26874
142.5,-18.0,497.34692
142.75,-18.0,498.54788
143.0,-18.0,499.09235
143.25,-18.0,498.34436
143.5,-18.0,497.77023
143.75,-18.0,497.0412
144.0,-18.0,494.2085
144.25,-18.0,488.8769
144.5,-18.0,482.28223
144.75,-18.0,473.1954
145.0,-18.0,457.9959
145.25,-18.0,443.7125
145.5,-18.0,434.6731
145.75,-18.0,433.93344
146.0,-18.0,446.17776
146.25,-18.0,457.09802
122.0,-18.25,510.39185
122.25,-18.25,505.52313
122.5,-18.25,504.39096
122.75,-18.25,506.43335
123.0,-18.25,508.75552
123.25,-18.25,510.04483
123.5,-18.25,509.81903
123.75,-18.25,510.47836
124.0,-18.25,511.41962
124.25,-18.25,512.2452
124.5,-18.25,513.32446
124.75,-18.25,514.02985
125.0,-18.25,514.6628
125.25,-18.25,515.032
125.5,-18.25,515.6873
125.75,-18.25,515.31104
126.0,-18.25,514.5088
126.25,-18.25,513.46185
126.5,-18.25,512.98773
126.75,-18.25,513.34753
127.0,-18.25,512.7612
127.25,-18.25,512.72046
127.5,-18.25,511.72345
127.75,-18.25,510.58188
128.0,-18.25,510.30823
128.25,-18.25,510.1111
128.5,-18.25,510.2509
128.75,-18.25,509.38403
129.0,-18.25,508.9267
129.25,-18.25,508.84888
129.5,-18.25,508.7149
129.75,-18.25,508.6453
130.0,-18.25,509.5646
130.25,-18.25,510.6793
130.5,-18.25,511.3704
130.75,-18.25,512.62524
131.0,-18.25,512.58655
131.25,-18.25,511.25574
131.5,-18.25,511.69424
131.75,-18.25,511.46255
132.0,-18.25,511.10187
132.25,-18.25,510.33337
132.5,-18.25,509.56973
132.75,-18.25,509.31232
133.0,-18.25,509.3112
133.25,-18.25,508.76175
133.5,-18.25,508.2808
133.75,-18.25,507.6269
134.0,-18.25,507.72952
134.25,-18.25,508.75052
134.5,-18.25,508.29193
134.75,-18.25,506.91586
135.0,-18.25,505.36127
135.25,-18.25,505.16156
135.5,-18.25,504.15155
135.75,-18.25,504.968
136.0,-18.25,505.34344
136.25,-18.25,504.301
136.5,-18.25,503.2582
136.75,-18.25,502.7592
137.0,-18.25,503.39172
137.25,-18.25,504.01697
137.5,-18.25,503.43814
137.75,-18.25,502.36636
138.0,-18.25,501.7668
138.25,-18.25,501.4008
138.5,-18.25,499.5111
138.75,-18.25,497.58594
139.0,-18.25,494.52002
139.25,-18.25,492.8567
139.5,-18.25,494.34393
139.75,-18.25,496.252
140.0,-18.25,495.5947
140.25,-18.25,496.3719
140.5,-18.25,496.42975
140.75,-18.25,495.73495
141.0,-18.25,495.5494
141.25,-18.25,494.7809
141.5,-18.25,494.48227
141.75,-18.25,495.34308
142.0,-18.25,496.85107
142.25,-18.25,497.61902
142.5,-18.25,498.45273
142.75,-18.25,499.87534
143.0,-18.25,499.95618
143.25,-18.25,500.17758
143.5,-18.25,499.50778
143.75,-18.25,496.36404
144.0,-18.25,492.67804
144.25,-18.25,487.0597
144.5,-18.25,479.76175
144.75,-18.25,470.61435
145.0,-18.25,460.19202
145.25,-18.25,446.1486
145.5,-18.25,435.89377
145.75,-18.25,434.57187
146.0,-18.25,436.61154
146.25,-18.25,444.5955
146.5,-18.25,454.71085
121.75,-18.5,514.43506
122.0,-18.5,510.64142
122.25,-18.5,507.80255
122.5,-18.5,506.57144
122.75,-18.5,507.76547
123.0,-18.5,509.86517
123.25,-18.5,511.6206
123.5,-18.5,511.6887
123.75,-18.5,512.7418
124.0,-18.5,513.81915
124.25,-18.5,514.4212
124.5,-18.5,514.53534
124.75,-18.5,515.4794
125.0,-18.5,515.6351
125.25,-18.5,515.9236
125.5,-18.5,515.5981
125.75,-18.5,515.0911
126.0,-18.5,513.8325
126.25,-18.5,513.38135
126.5,-18.5,513.07605
126.75,-18.5,513.6
127.0,-18.5,513.02496
127.25,-18.5,511.77686
127.5,-18.5,510.60754
127.75,-18.5,510.40488
128.0,-18.5,510.45236
128.25,-18.5,511.37106
128.5,-18.5,510.86475
128.75,-18.5,509.7468
129.0,-18.5,508.48828
129.25,-18.5,508.71088
129.5,-18.5,509.726
129.75,-18.5,509.77707
130.0,-18.5,510.5253
130.25,-18.5,511.65314
130.5,-18.5,512.2804
130.75,-18.5,512.98395
131.0,-18.5,512.3867
131.25,-18.5,511.76944
131.5,-18.5,511.8217
131.75,-18.5,511.62787
132.0,-18.5,511.48752
132.25,-18.5,511.4549
132.5,-18.5,510.79907
132.75,-18.5,510.32977
133.0,-18.5,509.57004
133.25,-18.5,509.17355
133.5,-18.5,508.56622
133.75,-18.5,507.7444
134.0,-18.5,507.4249
134.25,-18.5,508.31738
134.5,-18.5,509.3506
134.75,-18.5,507.8143
135.0,-18.5,506.2192
135.25,-18.5,506.2691
135.5,-18.5,506.59354
135.75,-18.5,505.95773
136.0,-18.5,506.42386
136.25,-18.5,506.49692
136.5,-18.5,505.01788
136.75,-18.5,504.14462
137.0,-18.5,504.8105
137.25,-18.5,505.22864
137.5,-18.5,504.76663
137.75,-18.5,504.22
138.0,-18.5,504.1504
138.25,-18.5,503.8029
138.5,-18.5,502.67972
138.75,-18.5,500.86868
139.0,-18.5,498.15756
139.25,-18.5,497.31995
139.5,-18.5,497.41656
139.75,-18.5,497.60345
140.0,-18.5,496.6666
140.25,-18.5,496.3338
140.5,-18.5,496.48846
140.75,-18.5,497.20203
141.0,-18.5,497.31424
141.25,-18.5,497.59357
141.5,-18.5,497.4358
141.75,-18.5,498.49872
142.0,-18.5,499.21594
142.25,-18.5,499.03534
142.5,-18.5,499.20087
142.75,-18.5,500.64096
143.0,-18.5,500.6179
143.25,-18.5,500.69006
143.5,-18.5,498.98648
143.75,-18.5,495.57858
144.0,-18.5,491.03107
144.25,-18.5,485.68442
144.5,-18.5,477.61957
144.75,-18.5,469.62823
145.0,-18.5,459.87225
145.25,-18.5,451.99533
145.5,-18.5,442.59802
145.75,-18.5,434.02698
146.0,-18.5,432.84204
146.25,-18.5,434.1489
146.5,-18.5,446.64548
121.5,-18.75,513.7431
121.75,-18.75,513.09094
122.0,-18.75,511.59222
122.25,-18.75,507.89185
122.5,-18.75,507.3513
122.75,-18.75,508.37823
123.0,-18.75,510.80664
123.25,-18.75,512.17255
123.5,-18.75,513.1758
123.75,-18.75,514.2352
124.0,-18.75,515.66016
124.25,-18.75,515.21436
124.5,-18.75,515.82355
124.75,-18.75,515.84863
125.0,-18.75,515.95374
125.25,-18.75,516.0455
125.5,-18.75,515.9306
125.75,-18.75,514.8852
126.0,-18.75,513.9515
126.25,-18.75,512.76495
126.5,-18.75,513.171
126.75,-18.75,513.6004
127.0,-18.75,512.83026
127.25,-18.75,511.3071
127.5,-18.75,510.54086
127.75,-18.75,511.05133
128.0,-18.75,510.46225
128.25,-18.75,511.37863
128.5,-18.75,510.87808
128.75,-18.75,509.7593
129.0,-18.75,508.02652
129.25,-18.75,508.29108
129.5,-18.75,509.29865
129.75,-18.75,510.58215
130.0,-18.75,511.21335
130.25,-18.75,512.1801
130.5,-18.75,513.29474
130.75,-18.75,513.3103
131.0,-18.75,512.7385
131.25,-18.75,511.89737
131.5,-18.75,511.84692
131.75,-18.75,511.50696
132.0,-18.75,511.49084
132.25,-18.75,511.31195
132.5,-18.75,511.5147
132.75,-18.75,510.7614
133.0,-18.75,509.4901
133.25,-18.75,509.00723
133.5,-18.75,509.0384
133.75,-18.75,508.17468
134.0,-18.75,507.78015
134.25,-18.75,507.2184
134.5,-18.75,508.5982
134.75,-18.75,508.97366
135.0,-18.75,507.36987
135.25,-18.75,507.76944
135.5,-18.75,507.53864
135.75,-18.75,507.05203
136.0,-18.75,507.73444
136.25,-18.75,507.84503
136.5,-18.75,507.22012
136.75,-18.75,505.70972
137.0,-18.75,506.36404
137.25,-18.75,507.03235
137.5,-18.75,506.53796
137.75,-18.75,505.55673
138.0,-18.75,506.27707
138.25,-18.75,505.73248
138.5,-18.75,504.4149
138.75,-18.75,502.9069
139.0,-18.75,500.88672
139.25,-18.75,501.0846
139.5,-18.75,500.1588
139.75,-18.75,499.17883
140.0,-18.75,498.43185
140.25,-18.75,497.97687
140.5,-18.75,498.2489
140.75,-18.75,498.97836
141.0,-18.75,499.56613
141.25,-18.75,500.1685
141.5,-18.75,500.38803
141.75,-18.75,501.03314
142.0,-18.75,501.37042
142.25,-18.75,500.55673
142.5,-18.75,500.85016
142.75,-18.75,500.96353
143.0,-18.75,500.80374
143.25,-18.75,500.183
143.5,-18.75,498.3335
143.75,-18.75,494.95688
144.0,-18.75,490.9112
144.25,-18.75,484.7409
144.5,-18.75,476.51355
144.75,-18.75,469.29498
145.0,-18.75,462.11285
145.25,-18.75,455.03308
145.5,-18.75,448.505
145.75,-18.75,438.9741
146.0,-18.75,432.8218
146.25,-18.75,431.4635
146.5,-18.75,441.7694
121.25,-19.0,514.00385
121.5,-19.0,509.96014
121.75,-19.0,511.5689
122.0,-19.0,509.52542
122.25,-19.0,508.85983
122.5,-19.0,508.87134
122.75,-19.0,510.23477
123.0,-19.0,511.8076
123.25,-19.0,513.1862
123.5,-19.0,514.18884
123.75,-19.0,514.6775
124.0,-19.0,515.3991
124.25,-19.0,515.8943
124.5,-19.0,516.1389
124.75,-19.0,515.9679
125.0,-19.0,516.0659
125.25,-19.0,515.7781
125.5,-19.0,515.55035
125.75,-19.0,515.03973
126.0,-19.0,513.8635
126.25,-19.0,513.3344
126.5,-19.0,512.4518
126.75,-19.0,512.53143
127.0,-19.0,511.4907
127.25,-19.0,511.2549
127.5,-19.0,511.1341
127.75,-19.0,511.61807
128.0,-19.0,511.48813
128.25,-19.0,511.9022
128.5,-19.0,510.86154
128.75,-19.0,510.0274
129.0,-19.0,508.88205
129.25,-19.0,508.81717
129.5,-19.0,509.26312
129.75,-19.0,510.66052
130.0,-19.0,512.1529
130.25,-19.0,513.3745
130.5,-19.0,514.44354
130.75,-19.0,513.90894
131.0,-19.0,512.7386
131.25,-19.0,512.13806
131.5,-19.0,511.81708
131.75,-19.0,511.93283
132.0,-19.0,511.53125
132.25,-19.0,510.78998
132.5,-19.0,511.7326
132.75,-19.0,510.66446
133.0,-19.0,509.168
133.25,-19.0,509.0255
133.5,-19.0,508.58322
133.75,-19.0,508.02707
134.0,-19.0,507.6722
134.25,-19.0,507.61392
134.5,-19.0,507.30475
134.75,-19.0,508.64334
135.0,-19.0,507.59015
135.25,-19.0,508.83884
135.5,-19.0,508.95468
135.75,-19.0,508.71927
136.0,-19.0,508.09763
136.25,-19.0,508.58755
136.5,-19.0,508.22934
136.75,-19.0,507.95245
137.0,-19.0,508.3186
137.25,-19.0,509.1388
137.5,-19.0,509.28513
137.75,-19.0,508.74158
138.0,-19.0,507.98526
138.25,-19.0,507.2983
138.5,-19.0,505.89154
138.75,-19.0,503.84525
139.0,-19.0,502.06165
139.25,-19.0,501.67044
139.5,-19.0,501.03607
139.75,-19.0,501.1909
140.0,-19.0,501.63474
140.25,-19.0,500.9966
140.5,-19.0,501.20993
140.75,-19.0,501.62256
141.0,-19.0,502.26654
141.25,-19.0,502.84427
141.5,-19.0,502.6978
141.75,-19.0,502.81488
142.0,-19.0,502.53015
142.25,-19.0,502.89978
142.5,-19.0,502.9793
142.75,-19.0,501.87756
143.0,-19.0,500.6318
143.25,-19.0,499.91714
143.5,-19.0,497.49252
143.75,-19.0,495.1156
144.0,-19.0,491.498
144.25,-19.0,484.03815
144.5,-19.0,477.15643
144.75,-19.0,469.55014
145.0,-19.0,462.96616
145.25,-19.0,459.16498
145.5,-19.0,454.09302
145.75,-19.0,446.9724
146.0,-19.0,439.05652
146.25,-19.0,435.2566
146.5,-19.0,439.00897
146.75,-19.0,448.6551
147.0,-19.0,456.17307
147.25,-19.0,463.2167
121.0,-19.25,516.43243
121.25,-19.25,511.6597
121.5,-19.25,510.19656
121.75,-19.25,508.29007
122.0,-19.25,508.40707
122.25,-19.25,509.93384
122.5,-19.25,511.27823
122.75,-19.25,512.83136
123.0,-19.25,513.86035
123.25,-19.25,514.584
123.5,-19.25,515.111
123.75,-19.25,516.2237
124.0,-19.25,516.29987
124.25,-19.25,516.34424
124.5,-19.25,516.1714
124.75,-19.25,515.7544
125.0,-19.25,515.2318
125.25,-19.25,514.6294
125.5,-19.25,514.0458
125.75,-19.25,513.73834
126.0,-19.25,513.7082
126.25,-19.25,513.0088
126.5,-19.25,512.4866
126.75,-19.25,512.9171
127.0,-19.25,512.60297
127.25,-19.25,512.13434
127.5,-19.25,511.96628
127.75,-19.25,511.75525
128.0,-19.25,512.3269
128.25,-19.25,511.94882
128.5,-19.25,510.96768
128.75,-19.25,510.1157
129.0,-19.25,509.22906
129.25,-19.25,508.8734
129.5,-19.25,509.7391
129.75,-19.25,510.90826
130.0,-19.25,512.7638
130.25,-19.25,514.0112
130.5,-19.25,514.7629
130.75,-19.25,513.794
131.0,-19.25,513.1499
131.25,-19.25,513.0334
131.5,-19.25,513.2172
131.75,-19.25,512.7893
132.0,-19.25,512.33923
132.25,-19.25,511.99805
132.5,-19.25,511.17023
132.75,-19.25,510.16077
133.0,-19.25,508.6769
133.25,-19.25,509.54565
133.5,-19.25,508.88937
133.75,-19.25,507.8394
134.0,-19.25,507.73392
134.25,-19.25,507.4475
134.5,-19.25,507.35165
134.75,-19.25,507.3217
135.0,-19.25,508.05185
135.25,-19.25,509.64172
135.5,-19.25,510.21542
135.75,-19.25,510.02744
136.0,-19.25,509.72235
136.25,-19.25,509.71448
136.5,-19.25,509.57648
136.75,-19.25,509.975
137.0,-19.25,509.83502
137.25,-19.25,509.82175
137.5,-19.25,509.6271
137.75,-19.25,508.85962
138.0,-19.25,507.8282
138.25,-19.25,507.3896
138.5,-19.25,506.78284
138.75,-19.25,505.21786
139.0,-19.25,503.04086
139.25,-19.25,501.0066
139.5,-19.25,501.1957
139.75,-19.25,502.42407
140.0,-19.25,504.0048
140.25,-19.25,503.5634
140.5,-19.25,503.4436
140.75,-19.25,503.9683
141.0,-19.25,504.8567
141.25,-19.25,505.55643
141.5,-19.25,504.56473
141.75,-19.25,504.78305
142.0,-19.25,504.39624
142.25,-19.25,504.76544
142.5,-19.25,504.97427
142.75,-19.25,504.42697
143.0,-19.25,502.5511
143.25,-19.25,500.28223
143.5,-19.25,497.30276
143.75,-19.25,496.11328
144.0,-19.25,493.14902
144.25,-19.25,485.37454
144.5,-19.25,477.45316
144.75,-19.25,470.54007
145.0,-19.25,464.71558
145.25,-19.25,461.76273
145.5,-19.25,458.53708
145.75,-19.25,454.37326
146.0,-19.25,450.02676
146.25,-19.25,445.3717
146.5,-19.25,443.90186
146.75,-19.25,442.9262
147.0,-19.25,448.37885
147.25,-19.25,458.59415
147.5,-19.25,469.22327
120.5,-19.5,517.19
120.75,-19.5,515.5063
121.0,-19.5,512.94324
121.25,-19.5,511.5929
121.5,-19.5,510.2922
121.75,-19.5,507.64252
122.0,-19.5,508.27325
122.25,-19.5,510.50418
122.5,-19.5,513.16376
122.75,-19.5,514.0964
123.0,-19.5,514.36444
123.25,-19.5,515.0776
123.5,-19.5,515.8606
123.75,-19.5,516.23395
124.0,-19.5,516.00854
124.25,-19.5,515.3445
124.5,-19.5,515.2045
124.75,-19.5,515.6579
125.0,-19.5,515.3644
125.25,-19.5,515.0558
125.5,-19.5,514.41144
125.75,-19.5,513.76404
126.0,-19.5,513.64905
126.25,-19.5,513.72565
126.5,-19.5,512.46594
126.75,-19.5,512.3992
127.0,-19.5,513.1335
127.25,-19.5,513.7463
127.5,-19.5,513.6129
127.75,-19.5,512.7117
128.0,-19.5,512.0555
128.25,-19.5,511.1677
128.5,-19.5,510.81296
128.75,-19.5,510.1278
129.0,-19.5,509.45764
129.25,-19.5,509.3618
129.5,-19.5,509.9614
129.75,-19.5,510.352
130.0,-19.5,511.49997
130.25,-19.5,513.0646
130.5,-19.5,513.7929
130.75,-19.5,513.7335
131.0,-19.5,512.9356
131.25,-19.5,512.73224
131.5,-19.5,513.45544
131.75,-19.5,513.0856
132.0,-19.5,513.2826
132.25,-19.5,512.4317
132.5,-19.5,510.88318
132.75,-19.5,509.62842
133.0,-19.5,508.7414
133.25,-19.5,508.83182
133.5,-19.5,508.26727
133.75,-19.5,507.73557
134.0,-19.5,508.02014
134.25,-19.5,508.58255
134.5,-19.5,508.54956
134.75,-19.5,509.2996
135.0,-19.5,510.01407
135.25,-19.5,509.09854
135.5,-19.5,509.33087
135.75,-19.5,508.81686
136.0,-19.5,509.0787
136.25,-19.5,509.17416
136.5,-19.5,510.67715
136.75,-19.5,510.61923
137.0,-19.5,511.36206
137.25,-19.5,511.22708
137.5,-19.5,510.41415
137.75,-19.5,509.85327
138.0,-19.5,508.64856
138.25,-19.5,507.8816
138.5,-19.5,506.9705
138.75,-19.5,505.45935
139.0,-19.5,504.1223
139.25,-19.5,502.34055
139.5,-19.5,502.78415
139.75,-19.5,504.4261
140.0,-19.5,505.11298
140.25,-19.5,505.3461
140.5,-19.5,505.4326
140.75,-19.5,505.83405
141.0,-19.5,507.12973
141.25,-19.5,507.1378
141.5,-19.5,506.89154
141.75,-19.5,507.6375
142.0,-19.5,506.78128
142.25,-19.5,507.7576
142.5,-19.5,507.95285
142.75,-19.5,506.77994
143.0,-19.5,504.14688
143.25,-19.5,502.086
143.5,-19.5,499.4379
143.75,-19.5,497.13873
144.0,-19.5,494.02838
144.25,-19.5,487.31183
144.5,-19.5,479.78415
144.75,-19.5,472.9637
145.0,-19.5,468.14398
145.25,-19.5,464.8746
145.5,-19.5,461.40497
145.75,-19.5,458.43826
146.0,-19.5,456.82608
146.25,-19.5,452.1854
146.5,-19.5,446.67926
146.75,-19.5,443.76047
147.0,-19.5,448.5592
147.25,-19.5,457.23593
147.5,-19.5,464.5525
147.75,-19.5,467.15347
119.25,-19.75,516.402
119.5,-19.75,514.9192
119.75,-19.75,514.41876
120.0,-19.75,513.7148
120.25,-19.75,513.0515
120.5,-19.75,513.0282
120.75,-19.75,512.8705
121.0,-19.75,513.49066
121.25,-19.75,511.0993
121.5,-19.75,510.2933
121.75,-19.75,509.31625
122.0,-19.75,509.50098
122.25,-19.75,511.38492
122.5,-19.75,513.1633
122.75,-19.75,513.9425
123.0,-19.75,514.6746
123.25,-19.75,514.99304
123.5,-19.75,515.5096
123.75,-19.75,515.6347
124.0,-19.75,516.07825
124.25,-19.75,516.0093
124.5,-19.75,515.6292
124.75,-19.75,515.2113
125.0,-19.75,514.70667
125.25,-19.75,514.5366
125.5,-19.75,514.16
125.75,-19.75,513.5242
126.0,-19.75,513.12506
126.25,-19.75,513.7222
126.5,-19.75,512.85297
126.75,-19.75,513.44794
127.0,-19.75,514.038
127.25,-19.75,514.7661
127.5,-19.75,514.6208
127.75,-19.75,513.24304
128.0,-19.75,511.78943
128.25,-19.75,510.27304
128.5,-19.75,509.93378
128.75,-19.75,509.62347
129.0,-19.75,509.5943
129.25,-19.75,509.55118
129.5,-19.75,510.45798
129.75,-19.75,511.43994
130.0,-19.75,512.34753
130.25,-19.75,513.2741
130.5,-19.75,513.42065
130.75,-19.75,514.2238
131.0,-19.75,513.8883
131.25,-19.75,513.0984
131.5,-19.75,513.7969
131.75,-19.75,512.81744
132.0,-19.75,512.7853
132.25,-19.75,512.3773
132.5,-19.75,511.1663
132.75,-19.75,510.06827
133.0,-19.75,510.39716
133.25,-19.75,509.57825
133.5,-19.75,508.9236
133.75,-19.75,508.4401
134.0,-19.75,508.9235
134.25,-19.75,509.3859
134.5,-19.75,509.41513
134.75,-19.75,510.41498
135.0,-19.75,511.38385
135.25,-19.75,510.35568
135.5,-19.75,509.53595
135.75,-19.75,508.9166
136.0,-19.75,509.55276
136.25,-19.75,508.9084
136.5,-19.75,509.5498
136.75,-19.75,511.0099
137.0,-19.75,511.80002
137.25,-19.75,511.84863
137.5,-19.75,511.73038
137.75,-19.75,510.93362
138.0,-19.75,509.16553
138.25,-19.75,507.81802
138.5,-19.75,505.58395
138.75,-19.75,504.32092
139.0,-19.75,504.06796
139.25,-19.75,502.9934
139.5,-19.75,503.59207
139.75,-19.75,504.745
140.0,-19.75,505.76535
140.25,-19.75,506.82104
140.5,-19.75,506.99182
140.75,-19.75,507.63254
141.0,-19.75,509.01703
141.25,-19.75,508.5875
141.5,-19.75,509.01184
141.75,-19.75,510.21216
142.0,-19.75,509.57083
142.25,-19.75,509.43582
142.5,-19.75,509.16998
142.75,-19.75,508.4411
143.0,-19.75,506.93918
143.25,-19.75,504.91083
143.5,-19.75,502.30533
143.75,-19.75,499.5115
144.0,-19.75,497.19925
144.25,-19.75,490.21915
144.5,-19.75,483.56723
144.75,-19.75,476.76013
145.0,-19.75,471.44974
145.25,-19.75,466.48984
145.5,-19.75,462.74225
145.75,-19.75,461.6993
146.0,-19.75,460.5163
146.25,-19.75,458.42245
146.5,-19.75,453.19785
146.75,-19.75,448.22324
147.0,-19.75,447.72397
147.25,-19.75,453.6232
147.5,-19.75,455.63617
147.75,-19.75,457.80536
148.0,-19.75,462.64185
148.25,-19.75,466.60962
118.75,-20.0,516.3408
119.0,-20.0,515.99023
119.25,-20.0,517.3492
119.5,-20.0,514.8344
119.75,-20.0,515.16754
120.0,-20.0,514.6731
120.25,-20.0,513.84937
120.5,-20.0,513.3794
120.75,-20.0,511.01526
121.0,-20.0,510.8358
121.25,-20.0,510.7809
121.5,-20.0,510.27145
121.75,-20.0,510.66513
122.0,-20.0,511.71756
122.25,-20.0,512.79346
122.5,-20.0,513.31165
122.75,-20.0,513.94653
123.0,-20.0,514.547
123.25,-20.0,514.737
123.5,-20.0,514.68445
123.75,-20.0,515.21405
124.0,-20.0,515.07294
124.25,-20.0,516.5222
124.5,-20.0,516.04517
124.75,-20.0,515.20795
125.0,-20.0,514.8455
125.25,-20.0,514.97284
125.5,-20.0,514.99255
125.75,-20.0,513.90076
126.0,-20.0,513.1119
126.25,-20.0,513.1065
126.5,-20.0,513.0808
126.75,-20.0,513.40497
127.0,-20.0,513.72974
127.25,-20.0,514.12177
127.5,-20.0,513.06683
127.75,-20.0,512.41
128.0,-20.0,511.2899
128.25,-20.0,510.0413
128.5,-20.0,509.90164
128.75,-20.0,510.10675
129.0,-20.0,509.86862
129.25,-20.0,509.94113
129.5,-20.0,510.83115
129.75,-20.0,511.26837
130.0,-20.0,512.078
130.25,-20.0,512.8171
130.5,-20.0,512.9581
130.75,-20.0,513.4052
131.0,-20.0,513.94446
131.25,-20.0,513.69586
131.5,-20.0,513.06396
131.75,-20.0,512.95215
132.0,-20.0,512.7586
132.25,-20.0,511.7414
132.5,-20.0,511.1619
132.75,-20.0,510.33737
133.0,-20.0,509.51654
133.25,-20.0,510.01974
133.5,-20.0,509.24136
133.75,-20.0,509.23056
134.0,-20.0,509.45895
134.25,-20.0,510.13046
134.5,-20.0,510.22177
134.75,-20.0,511.45724
135.0,-20.0,511.5998
135.25,-20.0,511.20367
135.5,-20.0,510.65134
135.75,-20.0,510.324
136.0,-20.0,509.48358
136.25,-20.0,509.60995
136.5,-20.0,509.39673
136.75,-20.0,510.68384
137.0,-20.0,511.1714
137.25,-20.0,511.79083
137.5,-20.0,512.0419
137.75,-20.0,511.6925
138.0,-20.0,510.12042
138.25,-20.0,507.8395
138.5,-20.0,505.5691
138.75,-20.0,505.0967
139.0,-20.0,505.0478
139.25,-20.0,504.1084
139.5,-20.0,504.50983
139.75,-20.0,504.82327
140.0,-20.0,506.07053
140.25,-20.0,507.2982
140.5,-20.0,508.1774
140.75,-20.0,509.1488
141.0,-20.0,509.4584
141.25,-20.0,509.14352
141.5,-20.0,510.4381
141.75,-20.0,511.5392
142.0,-20.0,511.50153
142.25,-20.0,511.54865
142.5,-20.0,511.5048
142.75,-20.0,510.8828
143.0,-20.0,509.26077
143.25,-20.0,508.96307
143.5,-20.0,506.4296
143.75,-20.0,503.17377
144.0,-20.0,499.57996
144.25,-20.0,493.66336
144.5,-20.0,487.64566
144.75,-20.0,481.30963
145.0,-20.0,474.9153
145.25,-20.0,469.60028
145.5,-20.0,466.72665
145.75,-20.0,466.2824
146.0,-20.0,465.8288
146.25,-20.0,464.40393
146.5,-20.0,458.65005
146.75,-20.0,453.81882
147.0,-20.0,451.4023
147.25,-20.0,449.72128
147.5,-20.0,451.5917
147.75,-20.0,455.115
148.0,-20.0,460.7462
148.25,-20.0,464.6941
148.5,-20.0,465.5849
118.0,-20.25,515.5907
118.25,-20.25,514.17114
118.5,-20.25,513.60297
118.75,-20.25,513.88666
119.0,-20.25,513.9683
119.25,-20.25,515.4817
119.5,-20.25,514.2342
119.75,-20.25,514.4687
120.0,-20.25,513.5151
120.25,-20.25,513.0283
120.5,-20.25,512.065
120.75,-20.25,510.6829
121.0,-20.25,509.77707
121.25,-20.25,510.6252
121.5,-20.25,510.77313
121.75,-20.25,511.18475
122.0,-20.25,512.34937
122.25,-20.25,512.51166
122.5,-20.25,513.0522
122.75,-20.25,513.3386
123.0,-20.25,513.85455
123.25,-20.25,514.2724
123.5,-20.25,515.1759
123.75,-20.25,515.17804
124.0,-20.25,515.5059
124.25,-20.25,516.2522
124.5,-20.25,516.06586
124.75,-20.25,515.50073
125.0,-20.25,515.4681
125.25,-20.25,515.7145
125.5,-20.25,514.92834
125.75,-20.25,513.90845
126.0,-20.25,512.8839
126.25,-20.25,512.1456
126.5,-20.25,512.86273
126.75,-20.25,513.0396
127.0,-20.25,513.36285
127.25,-20.25,513.66455
127.5,-20.25,512.6054
127.75,-20.25,512.3533
128.0,-20.25,511.14914
128.25,-20.25,510.9566
128.5,-20.25,511.00333
128.75,-20.25,510.9035
129.0,-20.25,510.8142
129.25,-20.25,510.7633
129.5,-20.25,510.89508
129.75,-20.25,511.385
130.0,-20.25,511.93967
130.25,-20.25,512.4327
130.5,-20.25,512.25073
130.75,-20.25,512.2472
131.0,-20.25,512.532
131.25,-20.25,512.2082
131.5,-20.25,511.87512
131.75,-20.25,512.3493
132.0,-20.25,512.10443
132.25,-20.25,512.4793
132.5,-20.25,511.6746
132.75,-20.25,510.75504
133.0,-20.25,509.63077
133.25,-20.25,509.54456
133.5,-20.25,509.32788
133.75,-20.25,509.1698
134.0,-20.25,509.33246
134.25,-20.25,510.0661
134.5,-20.25,510.55527
134.75,-20.25,511.32904
135.0,-20.25,511.70172
135.25,-20.25,512.0506
135.5,-20.25,511.3474
135.75,-20.25,510.8766
136.0,-20.25,510.31744
136.25,-20.25,510.1654
136.5,-20.25,509.86697
136.75,-20.25,510.4272
137.0,-20.25,510.4227
137.25,-20.25,511.2915
137.5,-20.25,512.32153
137.75,-20.25,510.9941
138.0,-20.25,510.50055
138.25,-20.25,508.24753
138.5,-20.25,506.9231
138.75,-20.25,506.73093
139.0,-20.25,505.9907
139.25,-20.25,505.14685
139.5,-20.25,505.3572
139.75,-20.25,505.05762
140.0,-20.25,506.00098
140.25,-20.25,507.38525
140.5,-20.25,508.36774
140.75,-20.25,509.07117
141.0,-20.25,509.49414
141.25,-20.25,510.2852
141.5,-20.25,511.02963
141.75,-20.25,511.5911
142.0,-20.25,512.2018
142.25,-20.25,512.27515
142.5,-20.25,512.861
142.75,-20.25,512.52704
143.0,-20.25,512.13776
143.25,-20.25,511.64304
143.5,-20.25,509.68536
143.75,-20.25,506.35483
144.0,-20.25,502.12427
144.25,-20.25,497.5624
144.5,-20.25,491.9852
144.75,-20.25,485.94345
145.0,-20.25,479.45264
145.25,-20.25,474.39087
145.5,-20.25,471.89304
145.75,-20.25,471.10568
146.0,-20.25,470.22037
146.25,-20.25,468.0771
146.5,-20.25,462.90552
146.75,-20.25,459.2131
147.0,-20.25,456.07648
147.25,-20.25,453.90714
147.5,-20.25,451.2883
147.75,-20.25,454.2881
148.0,-20.25,456.36917
148.25,-20.25,459.46756
148.5,-20.25,463.16232
148.75,-20.25,462.92975
116.5,-20.5,523.1078
116.75,-20.5,522.2639
117.0,-20.5,521.7742
117.25,-20.5,520.79816
117.5,-20.5,517.87494
117.75,-20.5,514.77905
118.0,-20.5,513.6102
118.25,-20.5,512.16046
118.5,-20.5,510.24203
118.75,-20.5,510.70828
119.0,-20.5,511.05176
119.25,-20.5,511.43246
119.5,-20.5,511.80777
119.75,-20.5,512.41144
120.0,-20.5,511.32468
120.25,-20.5,511.08093
120.5,-20.5,510.0173
120.75,-20.5,510.68176
121.0,-20.5,510.31357
121.25,-20.5,511.00043
121.5,-20.5,511.38257
121.75,-20.5,511.39932
122.0,-20.5,511.61304
122.25,-20.5,512.17847
122.5,-20.5,512.1997
122.75,-20.5,512.7988
123.0,-20.5,512.8763
123.25,-20.5,513.6635
123.5,-20.5,514.9416
123.75,-20.5,515.7777
124.0,-20.5,516.6412
124.25,-20.5,516.2558
124.5,-20.5,516.01575
124.75,-20.5,516.02655
125.0,-20.5,515.93286
125.25,-20.5,515.66113
125.5,-20.5,514.57227
125.75,-20.5,513.5668
126.0,-20.5,512.5411
126.25,-20.5,511.42447
126.5,-20.5,511.98093
126.75,-20.5,511.96216
127.0,-20.5,512.80505
127.25,-20.5,512.931
127.5,-20.5,513.4095
127.75,-20.5,512.98254
128.0,-20.5,512.3237
128.25,-20.5,512.3662
128.5,-20.5,512.2706
128.75,-20.5,511.21268
129.0,-20.5,511.2291
129.25,-20.5,511.70758
129.5,-20.5,511.66464
129.75,-20.5,511.88876
130.0,-20.5,511.96652
130.25,-20.5,511.59128
130.5,-20.5,511.13232
130.75,-20.5,510.62903
131.0,-20.5,510.5431
131.25,-20.5,510.39502
131.5,-20.5,510.1808
131.75,-20.5,510.60422
132.0,-20.5,510.50726
132.25,-20.5,511.39536
132.5,-20.5,511.11444
132.75,-20.5,510.32968
133.0,-20.5,509.755
133.25,-20.5,509.60217
133.5,-20.5,509.1776
133.75,-20.5,508.9552
134.0,-20.5,509.1462
134.25,-20.5,508.90582
134.5,-20.5,510.73026
134.75,-20.5,510.64423
135.0,-20.5,511.37338
135.25,-20.5,512.0916
135.5,-20.5,512.38605
135.75,-20.5,511.37616
136.0,-20.5,511.0511
136.25,-20.5,511.06445
136.5,-20.5,511.11713
136.75,-20.5,510.05664
137.0,-20.5,509.9376
137.25,-20.5,509.96396
137.5,-20.5,511.1038
137.75,-20.5,511.3776
138.0,-20.5,510.81027
138.25,-20.5,510.03915
138.5,-20.5,508.96716
138.75,-20.5,508.3906
139.0,-20.5,507.28848
139.25,-20.5,506.55154
139.5,-20.5,505.73627
139.75,-20.5,505.54797
140.0,-20.5,505.4373
140.25,-20.5,506.745
140.5,-20.5,507.74768
140.75,-20.5,508.36554
141.0,-20.5,510.14377
141.25,-20.5,511.6224
141.5,-20.5,510.95532
141.75,-20.5,511.29968
142.0,-20.5,511.947
142.25,-20.5,512.3135
142.5,-20.5,513.0826
142.75,-20.5,513.6888
143.0,-20.5,513.20264
143.25,-20.5,513.1968
143.5,-20.5,511.1327
143.75,-20.5,507.8814
144.0,-20.5,504.11462
144.25,-20.5,500.58182
144.5,-20.5,496.80432
144.75,-20.5,491.11334
145.0,-20.5,484.30057
145.25,-20.5,479.35263
145.5,-20.5,476.1502
145.75,-20.5,475.1537
146.0,-20.5,473.78296
146.25,-20.5,471.8223
146.5,-20.5,467.52783
146.75,-20.5,465.40628
147.0,-20.5,462.08344
147.25,-20.5,458.94354
147.5,-20.5,456.459
147.75,-20.5,451.8064
148.0,-20.5,452.4028
148.25,-20.5,451.81516
148.5,-20.5,457.20874
148.75,-20.5,458.39304
149.0,-20.5,463.86847
116.0,-20.75,521.7425
116.25,-20.75,522.5957
116.5,-20.75,521.7638
116.75,-20.75,521.3919
117.0,-20.75,520.1984
117.25,-20.75,519.7547
117.5,-20.75,517.0414
117.75,-20.75,514.27905
118.0,-20.75,512.43256
118.25,-20.75,510.03784
118.5,-20.75,508.41754
118.75,-20.75,508.15308
119.0,-20.75,508.22314
119.25,-20.75,508.56216
119.5,-20.75,508.58936
119.75,-20.75,509.75394
120.0,-20.75,510.2386
120.25,-20.75,509.0783
120.5,-20.75,509.3112
120.75,-20.75,510.61874
121.0,-20.75,510.95096
121.25,-20.75,511.2735
121.5,-20.75,511.40643
121.75,-20.75,511.67825
122.0,-20.75,511.60684
122.25,-20.75,512.06647
122.5,-20.75,511.99625
122.75,-20.75,511.62048
123.0,-20.75,511.5188
123.25,-20.75,512.4277
123.5,-20.75,513.8199
123.75,-20.75,515.7488
124.0,-20.75,516.7362
124.25,-20.75,516.31366
124.5,-20.75,516.2699
124.75,-20.75,516.67737
125.0,-20.75,516.7892
125.25,-20.75,515.79987
125.5,-20.75,514.26025
125.75,-20.75,513.0534
126.0,-20.75,512.3358
126.25,-20.75,510.42905
126.5,-20.75,510.50717
126.75,-20.75,511.2046
127.0,-20.75,512.01776
127.25,-20.75,512.7061
127.5,-20.75,513.1068
127.75,-20.75,513.4417
128.0,-20.75,513.3266
128.25,-20.75,513.35095
128.5,-20.75,512.4187
128.75,-20.75,511.6358
129.0,-20.75,511.71533
129.25,-20.75,512.59155
129.5,-20.75,513.1078
129.75,-20.75,513.3201
130.0,-20.75,511.87018
130.25,-20.75,510.86377
130.5,-20.75,510.4988
130.75,-20.75,510.00717
131.0,-20.75,510.0783
131.25,-20.75,508.9295
131.5,-20.75,508.973
131.75,-20.75,508.7795
132.0,-20.75,508.59512
132.25,-20.75,508.7486
132.5,-20.75,508.71417
132.75,-20.75,508.43076
133.0,-20.75,508.72092
133.25,-20.75,508.50668
133.5,-20.75,508.35193
133.75,-20.75,508.44943
134.0,-20.75,508.62988
134.25,-20.75,509.28085
134.5,-20.75,509.8629
134.75,-20.75,510.48898
135.0,-20.75,511.1428
135.25,-20.75,512.0474
135.5,-20.75,512.32764
135.75,-20.75,512.14307
136.0,-20.75,512.31726
136.25,-20.75,511.73328
136.5,-20.75,511.37915
136.75,-20.75,509.65536
137.0,-20.75,509.28198
137.25,-20.75,509.48892
137.5,-20.75,510.85236
137.75,-20.75,511.36868
138.0,-20.75,511.0233
138.25,-20.75,510.94824
138.5,-20.75,510.67468
138.75,-20.75,510.39783
139.0,-20.75,508.8353
139.25,-20.75,508.21085
139.5,-20.75,506.0961
139.75,-20.75,506.2215
140.0,-20.75,505.60464
140.25,-20.75,506.12482
140.5,-20.75,506.46417
140.75,-20.75,508.09406
141.0,-20.75,510.5162
141.25,-20.75,512.2414
141.5,-20.75,511.1326
141.75,-20.75,511.09827
142.0,-20.75,511.83554
142.25,-20.75,512.2315
142.5,-20.75,513.0553
142.75,-20.75,513.5348
143.0,-20.75,513.5304
143.25,-20.75,513.7836
143.5,-20.75,512.1356
143.75,-20.75,509.04745
144.0,-20.75,505.87946
144.25,-20.75,503.22803
144.5,-20.75,500.2196
144.75,-20.75,495.90216
145.0,-20.75,489.319
145.25,-20.75,483.98914
145.5,-20.75,480.06476
145.75,-20.75,478.33588
146.0,-20.75,476.79984
146.25,-20.75,475.5765
146.5,-20.75,472.57114
146.75,-20.75,469.87927
147.0,-20.75,467.43686
147.25,-20.75,464.5625
147.5,-20.75,460.974
147.75,-20.75,455.31494
148.0,-20.75,449.22156
148.25,-20.75,444.76617
148.5,-20.75,448.5363
148.75,-20.75,452.1839
149.0,-20.75,456.43185
115.75,-21.0,520.34424
116.0,-21.0,518.1012
116.25,-21.0,518.1206
116.5,-21.0,518.88806
116.75,-21.0,518.9153
117.0,-21.0,517.57715
117.25,-21.0,517.8888
117.5,-21.0,515.9028
117.75,-21.0,513.9561
118.0,-21.0,510.02975
118.25,-21.0,508.04074
118.5,-21.0,507.0468
118.75,-21.0,507.22165
119.0,-21.0,507.04523
119.25,-21.0,506.8126
119.5,-21.0,506.66983
119.75,-21.0,507.71707
120.0,-21.0,509.5272
120.25,-21.0,508.09985
120.5,-21.0,508.92386
120.75,-21.0,509.40445
121.0,-21.0,509.9138
121.25,-21.0,510.31226
121.5,-21.0,511.46307
121.75,-21.0,511.79654
122.0,-21.0,511.12552
122.25,-21.0,511.69824
122.5,-21.0,511.72897
122.75,-21.0,510.97623
123.0,-21.0,509.90356
123.25,-21.0,511.21143
123.5,-21.0,512.2345
123.75,-21.0,514.00665
124.0,-21.0,515.1297
124.25,-21.0,516.296
124.5,-21.0,517.11414
124.75,-21.0,517.63025
125.0,-21.0,517.5254
125.25,-21.0,516.1368
125.5,-21.0,514.6428
125.75,-21.0,513.38684
126.0,-21.0,512.80005
126.25,-21.0,511.0728
126.5,-21.0,510.789
126.75,-21.0,510.72794
127.0,-21.0,511.3891
127.25,-21.0,511.90253
127.5,-21.0,512.4267
127.75,-21.0,512.3805
128.0,-21.0,512.2
128.25,-21.0,512.7993
128.5,-21.0,512.60846
128.75,-21.0,512.3008
129.0,-21.0,512.99963
129.25,-21.0,513.3899
129.5,-21.0,513.264
129.75,-21.0,513.3645
130.0,-21.0,511.84857
130.25,-21.0,511.0176
130.5,-21.0,510.4637
130.75,-21.0,509.7223
131.0,-21.0,509.0701
131.25,-21.0,508.23135
131.5,-21.0,507.84494
131.75,-21.0,508.1241
132.0,-21.0,507.53934
132.25,-21.0,507.52313
132.5,-21.0,507.12576
132.75,-21.0,506.5278
133.0,-21.0,506.46835
133.25,-21.0,506.65686
133.5,-21.0,507.10516
133.75,-21.0,507.31418
134.0,-21.0,507.84686
134.25,-21.0,509.4997
134.5,-21.0,509.4936
134.75,-21.0,510.20123
135.0,-21.0,510.38107
135.25,-21.0,511.05087
135.5,-21.0,511.88297
135.75,-21.0,512.41296
136.0,-21.0,512.8709
136.25,-21.0,512.7486
136.5,-21.0,511.71777
136.75,-21.0,511.00867
137.0,-21.0,509.49805
137.25,-21.0,510.1379
137.5,-21.0,510.6925
137.75,-21.0,510.96683
138.0,-21.0,510.9165
138.25,-21.0,511.11798
138.5,-21.0,511.22833
138.75,-21.0,510.55545
139.0,-21.0,509.82178
139.25,-21.0,509.2897
139.5,-21.0,507.39993
139.75,-21.0,506.40134
140.0,-21.0,506.45682
140.25,-21.0,506.1107
140.5,-21.0,505.78085
140.75,-21.0,507.308
141.0,-21.0,510.20895
141.25,-21.0,511.65335
141.5,-21.0,511.15805
141.75,-21.0,511.4087
142.0,-21.0,511.51782
142.25,-21.0,511.47183
142.5,-21.0,512.11084
142.75,-21.0,512.58826
143.0,-21.0,512.67975
143.25,-21.0,512.98254
143.5,-21.0,512.1786
143.75,-21.0,510.62488
144.0,-21.0,507.5427
144.25,-21.0,504.45148
144.5,-21.0,502.4595
144.75,-21.0,498.0723
145.0,-21.0,493.4145
145.25,-21.0,488.30975
145.5,-21.0,483.69495
145.75,-21.0,481.58124
146.0,-21.0,479.57465
146.25,-21.0,477.77435
146.5,-21.0,475.61124
146.75,-21.0,473.68433
147.0,-21.0,471.52472
147.25,-21.0,468.3199
147.5,-21.0,463.70892
147.75,-21.0,457.61313
148.0,-21.0,450.9581
148.25,-21.0,445.83337
148.5,-21.0,440.8987
148.75,-21.0,445.18353
149.0,-21.0,445.13312
149.25,-21.0,449.38223
115.25,-21.25,524.628
115.5,-21.25,520.1405
115.75,-21.25,516.6165
116.0,-21.25,514.8038
116.25,-21.25,513.7521
116.5,-21.25,511.74777
116.75,-21.25,510.52094
117.0,-21.25,510.5627
117.25,-21.25,510.37967
117.5,-21.25,509.65018
117.75,-21.25,508.87543
118.0,-21.25,508.71564
118.25,-21.25,506.4705
118.5,-21.25,507.64246
118.75,-21.25,506.8798
119.0,-21.25,505.806
119.25,-21.25,506.03873
119.5,-21.25,506.42426
119.75,-21.25,506.80798
120.0,-21.25,509.35547
120.25,-21.25,509.03122
120.5,-21.25,508.2935
120.75,-21.25,508.51096
121.0,-21.25,509.31152
121.25,-21.25,509.8821
121.5,-21.25,511.27762
121.75,-21.25,511.4785
122.0,-21.25,510.07797
122.25,-21.25,510.45508
122.5,-21.25,510.67566
122.75,-21.25,510.1314
123.0,-21.25,509.07925
123.25,-21.25,508.9281
123.5,-21.25,509.86368
123.75,-21.25,511.6189
124.0,-21.25,513.6286
124.25,-21.25,515.65845
124.5,-21.25,517.29675
124.75,-21.25,517.4236
125.0,-21.25,517.616
125.25,-21.25,516.5037
125.5,-21.25,515.12854
125.75,-21.25,514.08636
126.0,-21.25,513.50714
126.25,-21.25,512.8711
126.5,-21.25,512.03345
126.75,-21.25,511.97528
127.0,-21.25,511.42078
127.25,-21.25,511.60037
127.5,-21.25,511.46207
127.75,-21.25,510.87222
128.0,-21.25,510.85812
128.25,-21.25,511.83472
128.5,-21.25,511.89078
128.75,-21.25,511.44476
129.0,-21.25,511.99817
129.25,-21.25,512.5336
129.5,-21.25,512.5023
129.75,-21.25,512.01105
130.0,-21.25,511.81396
130.25,-21.25,511.054
130.5,-21.25,510.5028
130.75,-21.25,510.04468
131.0,-21.25,508.47375
131.25,-21.25,507.48178
131.5,-21.25,507.71777
131.75,-21.25,507.38065
132.0,-21.25,506.88397
132.25,-21.25,506.5428
132.5,-21.25,506.8353
132.75,-21.25,506.92874
133.0,-21.25,505.73776
133.25,-21.25,506.27612
133.5,-21.25,505.8025
133.75,-21.25,505.3301
134.0,-21.25,506.7321
134.25,-21.25,508.59033
134.5,-21.25,509.52335
134.75,-21.25,509.63522
135.0,-21.25,509.84656
135.25,-21.25,510.03256
135.5,-21.25,510.8558
135.75,-21.25,512.25903
136.0,-21.25,512.9537
136.25,-21.25,513.277
136.5,-21.25,512.8401
136.75,-21.25,512.395
137.0,-21.25,510.87033
137.25,-21.25,511.098
137.5,-21.25,511.54297
137.75,-21.25,511.58554
138.0,-21.25,511.40186
138.25,-21.25,511.6537
138.5,-21.25,511.0818
138.75,-21.25,510.64838
139.0,-21.25,510.7202
139.25,-21.25,510.1759
139.5,-21.25,508.3543
139.75,-21.25,506.9051
140.0,-21.25,507.44345
140.25,-21.25,507.3702
140.5,-21.25,506.16275
140.75,-21.25,507.12585
141.0,-21.25,509.9727
141.25,-21.25,510.63416
141.5,-21.25,510.70523
141.75,-21.25,511.13577
142.0,-21.25,511.09555
142.25,-21.25,510.98956
142.5,-21.25,511.03107
142.75,-21.25,511.52856
143.0,-21.25,511.73306
143.25,-21.25,511.82913
143.5,-21.25,510.84045
143.75,-21.25,508.9074
144.0,-21.25,506.46555
144.25,-21.25,504.19476
144.5,-21.25,502.7517
144.75,-21.25,499.63608
145.0,-21.25,495.71225
145.25,-21.25,492.2848
145.5,-21.25,488.4904
145.75,-21.25,484.41138
146.0,-21.25,481.4996
146.25,-21.25,479.1807
146.5,-21.25,476.59656
146.75,-21.25,474.43173
147.0,-21.25,473.92847
147.25,-21.25,470.8689
147.5,-21.25,465.9266
147.75,-21.25,459.5355
148.0,-21.25,453.40005
148.25,-21.25,446.48166
148.5,-21.25,439.51846
148.75,-21.25,435.0401
149.0,-21.25,436.1359
149.25,-21.25,439.59827
149.5,-21.25,450.46182
114.75,-21.5,523.89154
115.0,-21.5,523.0889
115.25,-21.5,521.6573
115.5,-21.5,518.4622
115.75,-21.5,514.6723
116.0,-21.5,510.29288
116.25,-21.5,507.16992
116.5,-21.5,505.4998
116.75,-21.5,504.3296
117.0,-21.5,504.52753
117.25,-21.5,504.42023
117.5,-21.5,504.9033
117.75,-21.5,505.3506
118.0,-21.5,505.50568
118.25,-21.5,506.8089
118.5,-21.5,507.94717
118.75,-21.5,508.28714
119.0,-21.5,507.20508
119.25,-21.5,507.52167
119.5,-21.5,508.57977
119.75,-21.5,507.54916
120.0,-21.5,508.17618
120.25,-21.5,507.10056
120.5,-21.5,507.91843
120.75,-21.5,507.39764
121.0,-21.5,507.62277
121.25,-21.5,509.28125
121.5,-21.5,510.78745
121.75,-21.5,511.06824
122.0,-21.5,510.3161
122.25,-21.5,509.10397
122.5,-21.5,509.61362
122.75,-21.5,509.97427
123.0,-21.5,510.34357
123.25,-21.5,510.49393
123.5,-21.5,510.64008
123.75,-21.5,512.61206
124.0,-21.5,514.71185
124.25,-21.5,516.0343
124.5,-21.5,516.2666
124.75,-21.5,516.2168
125.0,-21.5,516.90045
125.25,-21.5,516.5209
125.5,-21.5,515.4467
125.75,-21.5,514.13403
126.0,-21.5,513.7019
126.25,-21.5,512.95087
126.5,-21.5,512.03503
126.75,-21.5,511.5836
127.0,-21.5,511.45294
127.25,-21.5,511.63013
127.5,-21.5,511.43326
127.75,-21.5,510.15253
128.0,-21.5,509.94336
128.25,-21.5,510.56332
128.5,-21.5,510.38248
128.75,-21.5,509.8876
129.0,-21.5,510.43463
129.25,-21.5,511.14108
129.5,-21.5,510.87283
129.75,-21.5,510.44196
130.0,-21.5,510.53265
130.25,-21.5,510.99454
130.5,-21.5,510.79605
130.75,-21.5,509.66013
131.0,-21.5,508.04092
131.25,-21.5,507.40878
131.5,-21.5,507.03848
131.75,-21.5,507.2214
132.0,-21.5,506.78934
132.25,-21.5,506.07254
132.5,-21.5,505.62967
132.75,-21.5,506.002
133.0,-21.5,506.17853
133.25,-21.5,505.55463
133.5,-21.5,504.56055
133.75,-21.5,504.80878
134.0,-21.5,506.651
134.25,-21.5,508.06866
134.5,-21.5,510.64035
134.75,-21.5,510.20566
135.0,-21.5,509.25754
135.25,-21.5,508.84308
135.5,-21.5,509.6358
135.75,-21.5,510.53262
136.0,-21.5,512.0698
136.25,-21.5,512.9514
136.5,-21.5,512.813
136.75,-21.5,511.95325
137.0,-21.5,511.64185
137.25,-21.5,510.50797
137.5,-21.5,510.63748
137.75,-21.5,510.96893
138.0,-21.5,510.71365
138.25,-21.5,511.07794
138.5,-21.5,511.04126
138.75,-21.5,510.83875
139.0,-21.5,511.18045
139.25,-21.5,510.5828
139.5,-21.5,508.9177
139.75,-21.5,508.22635
140.0,-21.5,508.12646
140.25,-21.5,507.1919
140.5,-21.5,506.17896
140.75,-21.5,505.6601
141.0,-21.5,508.5309
141.25,-21.5,508.96875
141.5,-21.5,509.43292
141.75,-21.5,510.15244
142.0,-21.5,510.51962
142.25,-21.5,510.15637
142.5,-21.5,510.18738
142.75,-21.5,510.27808
143.0,-21.5,510.26013
143.25,-21.5,510.32596
143.5,-21.5,509.23538
143.75,-21.5,507.3588
144.0,-21.5,505.68326
144.25,-21.5,504.18964
144.5,-21.5,502.91272
144.75,-21.5,500.10556
145.0,-21.5,498.01825
145.25,-21.5,495.2224
145.5,-21.5,490.86478
145.75,-21.5,487.4612
146.0,-21.5,483.2028
146.25,-21.5,479.8234
146.5,-21.5,477.78665
146.75,-21.5,476.1568
147.0,-21.5,474.37695
147.25,-21.5,472.82404
147.5,-21.5,469.122
147.75,-21.5,463.25818
148.0,-21.5,456.472
148.25,-21.5,448.69412
148.5,-21.5,439.61337
148.75,-21.5,429.0718
149.0,-21.5,426.59805
149.25,-21.5,436.2724
149.5,-21.5,449.54236
114.5,-21.75,522.22125
114.75,-21.75,521.0653
115.0,-21.75,521.7508
115.25,-21.75,520.0107
115.5,-21.75,515.98785
115.75,-21.75,511.7595
116.0,-21.75,507.40744
116.25,-21.75,503.9933
116.5,-21.75,502.3732
116.75,-21.75,501.0131
117.0,-21.75,500.68625
117.25,-21.75,501.2713
117.5,-21.75,502.4249
117.75,-21.75,503.77505
118.0,-21.75,504.88574
118.25,-21.75,504.98047
118.5,-21.75,504.69104
118.75,-21.75,506.91208
119.0,-21.75,507.5848
119.25,-21.75,508.24756
119.5,-21.75,508.11948
119.75,-21.75,506.36145
120.0,-21.75,506.53787
120.25,-21.75,507.34225
120.5,-21.75,507.1395
120.75,-21.75,505.7584
121.0,-21.75,506.0705
121.25,-21.75,508.04562
121.5,-21.75,509.99268
121.75,-21.75,510.45758
122.0,-21.75,510.35236
122.25,-21.75,509.2137
122.5,-21.75,509.42734
122.75,-21.75,510.62888
123.0,-21.75,511.7856
123.25,-21.75,512.14197
123.5,-21.75,512.75165
123.75,-21.75,513.2943
124.0,-21.75,513.6984
124.25,-21.75,514.8161
124.5,-21.75,515.461
124.75,-21.75,515.18054
125.0,-21.75,516.29956
125.25,-21.75,516.517
125.5,-21.75,515.56696
125.75,-21.75,514.09906
126.0,-21.75,513.5377
126.25,-21.75,512.40216
126.5,-21.75,512.48364
126.75,-21.75,512.1549
127.0,-21.75,511.87924
127.25,-21.75,511.41833
127.5,-21.75,510.7354
127.75,-21.75,509.55432
128.0,-21.75,510.58585
128.25,-21.75,510.18353
128.5,-21.75,508.97992
128.75,-21.75,508.9237
129.0,-21.75,509.657
129.25,-21.75,510.53693
129.5,-21.75,509.86752
129.75,-21.75,508.90558
130.0,-21.75,509.97858
130.25,-21.75,510.32117
130.5,-21.75,509.99283
130.75,-21.75,508.84985
131.0,-21.75,507.7149
131.25,-21.75,506.49548
131.5,-21.75,506.23303
131.75,-21.75,505.74307
132.0,-21.75,505.1219
132.25,-21.75,505.1453
132.5,-21.75,504.91296
132.75,-21.75,504.88727
133.0,-21.75,505.44116
133.25,-21.75,505.35303
133.5,-21.75,504.78198
133.75,-21.75,505.1699
134.0,-21.75,505.5559
134.25,-21.75,507.5752
134.5,-21.75,510.66095
134.75,-21.75,510.19452
135.0,-21.75,509.51056
135.25,-21.75,508.96213
135.5,-21.75,509.39673
135.75,-21.75,510.43506
136.0,-21.75,511.13538
136.25,-21.75,510.5541
136.5,-21.75,510.99548
136.75,-21.75,510.55612
137.0,-21.75,510.0227
137.25,-21.75,508.95453
137.5,-21.75,508.72247
137.75,-21.75,509.13794
138.0,-21.75,509.80246
138.25,-21.75,511.0622
138.5,-21.75,511.57422
138.75,-21.75,511.3993
139.0,-21.75,511.21265
139.25,-21.75,510.23404
139.5,-21.75,509.48892
139.75,-21.75,508.80536
140.0,-21.75,508.12076
140.25,-21.75,507.3744
140.5,-21.75,506.69156
140.75,-21.75,506.73526
141.0,-21.75,505.9283
141.25,-21.75,505.43924
141.5,-21.75,506.41507
141.75,-21.75,507.3954
142.0,-21.75,507.93475
142.25,-21.75,508.57132
142.5,-21.75,509.0799
142.75,-21.75,509.3744
143.0,-21.75,509.1535
143.25,-21.75,509.14716
143.5,-21.75,508.2548
143.75,-21.75,506.3268
144.0,-21.75,504.4163
144.25,-21.75,503.76248
144.5,-21.75,502.80154
144.75,-21.75,499.9454
145.0,-21.75,497.82263
145.25,-21.75,495.51645
145.5,-21.75,493.00757
145.75,-21.75,489.17587
146.0,-21.75,484.73697
146.25,-21.75,482.0333
146.5,-21.75,479.93677
146.75,-21.75,477.74808
147.0,-21.75,475.6776
147.25,-21.75,473.41064
147.5,-21.75,471.87192
147.75,-21.75,465.48337
148.0,-21.75,457.48804
148.25,-21.75,449.8207
148.5,-21.75,441.10953
148.75,-21.75,433.9211
149.0,-21.75,431.55603
149.25,-21.75,442.38254
149.5,-21.75,454.3395
149.75,-21.75,464.0477
114.0,-22.0,522.9688
114.25,-22.0,522.42816
114.5,-22.0,521.0206
114.75,-22.0,521.1885
115.0,-22.0,518.4041
115.25,-22.0,514.64264
115.5,-22.0,512.6344
115.75,-22.0,510.599
116.0,-22.0,506.60577
116.25,-22.0,503.09085
116.5,-22.0,500.43826
116.75,-22.0,499.2451
117.0,-22.0,499.20596
117.25,-22.0,499.6989
117.5,-22.0,501.092
117.75,-22.0,501.9071
118.0,-22.0,502.9918
118.25,-22.0,503.46204
118.5,-22.0,503.2312
118.75,-22.0,503.90826
119.0,-22.0,504.79318
119.25,-22.0,506.19803
119.5,-22.0,506.87723
119.75,-22.0,505.35474
120.0,-22.0,504.92535
120.25,-22.0,505.55667
120.5,-22.0,505.00107
120.75,-22.0,504.1907
121.0,-22.0,504.8442
121.25,-22.0,506.72067
121.5,-22.0,508.2546
121.75,-22.0,509.24487
122.0,-22.0,509.52292
122.25,-22.0,509.8721
122.5,-22.0,509.79257
122.75,-22.0,510.17212
123.0,-22.0,509.97165
123.25,-22.0,513.0842
123.5,-22.0,513.9607
123.75,-22.0,513.6756
124.0,-22.0,513.82654
124.25,-22.0,514.63306
124.5,-22.0,514.2184
124.75,-22.0,514.52014
125.0,-22.0,515.66406
125.25,-22.0,516.2072
125.5,-22.0,515.0319
125.75,-22.0,513.7503
126.0,-22.0,513.1418
126.25,-22.0,512.5372
126.5,-22.0,513.3724
126.75,-22.0,513.02045
127.0,-22.0,512.10815
127.25,-22.0,511.11346
127.5,-22.0,509.48462
127.75,-22.0,508.74146
128.0,-22.0,509.59793
128.25,-22.0,509.55524
128.5,-22.0,508.62692
128.75,-22.0,508.3025
129.0,-22.0,508.89566
129.25,-22.0,509.10272
129.5,-22.0,508.49158
129.75,-22.0,508.3489
130.0,-22.0,508.25052
130.25,-22.0,508.02243
130.5,-22.0,507.07275
130.75,-22.0,506.35516
131.0,-22.0,505.70367
131.25,-22.0,505.46515
131.5,-22.0,504.5067
131.75,-22.0,503.66028
132.0,-22.0,503.41113
132.25,-22.0,503.3627
132.5,-22.0,503.73825
132.75,-22.0,503.63312
133.0,-22.0,504.12445
133.25,-22.0,503.93018
133.5,-22.0,504.24893
133.75,-22.0,504.33948
134.0,-22.0,504.72324
134.25,-22.0,506.18323
134.5,-22.0,508.08426
134.75,-22.0,509.8426
135.0,-22.0,509.7848
135.25,-22.0,509.4533
135.5,-22.0,509.51077
135.75,-22.0,509.36926
136.0,-22.0,509.7033
136.25,-22.0,509.69888
136.5,-22.0,510.06647
136.75,-22.0,510.04263
137.0,-22.0,509.8179
137.25,-22.0,509.62582
137.5,-22.0,507.88782
137.75,-22.0,508.7289
138.0,-22.0,508.93954
138.25,-22.0,509.70367
138.5,-22.0,510.28326
138.75,-22.0,509.98718
139.0,-22.0,510.05417
139.25,-22.0,509.1749
139.5,-22.0,509.5766
139.75,-22.0,509.12817
140.0,-22.0,508.5975
140.25,-22.0,507.80554
140.5,-22.0,507.28293
140.75,-22.0,507.7544
141.0,-22.0,506.1025
141.25,-22.0,504.32135
141.5,-22.0,504.78656
141.75,-22.0,504.82007
142.0,-22.0,505.4455
142.25,-22.0,506.62033
142.5,-22.0,508.26834
142.75,-22.0,508.67184
143.0,-22.0,508.24704
143.25,-22.0,508.033
143.5,-22.0,506.88
143.75,-22.0,505.179
144.0,-22.0,503.284
144.25,-22.0,502.41714
144.5,-22.0,501.23764
144.75,-22.0,499.6009
145.0,-22.0,497.91507
145.25,-22.0,496.18732
145.5,-22.0,493.50418
145.75,-22.0,490.04712
146.0,-22.0,486.9265
146.25,-22.0,483.7788
146.5,-22.0,481.62625
146.75,-22.0,479.23877
147.0,-22.0,477.3607
147.25,-22.0,474.85815
147.5,-22.0,471.16455
147.75,-22.0,465.6599
148.0,-22.0,458.28723
148.25,-22.0,451.1509
148.5,-22.0,443.44873
148.75,-22.0,440.09116
149.0,-22.0,440.18326
149.25,-22.0,448.56943
149.5,-22.0,456.9988
149.75,-22.0,465.31686
113.75,-22.25,518.68774
114.0,-22.25,521.9661
114.25,-22.25,519.162
114.5,-22.25,517.6449
114.75,-22.25,517.83685
115.0,-22.25,514.85406
115.25,-22.25,512.2799
115.5,-22.25,511.23538
115.75,-22.25,509.68216
116.0,-22.25,506.9939
116.25,-22.25,502.9924
116.5,-22.25,500.19324
116.75,-22.25,498.8777
117.0,-22.25,499.19986
117.25,-22.25,498.6247
117.5,-22.25,499.90842
117.75,-22.25,500.61316
118.0,-22.25,500.99182
118.25,-22.25,500.6847
118.5,-22.25,500.8817
118.75,-22.25,501.56815
119.0,-22.25,502.70215
119.25,-22.25,503.4599
119.5,-22.25,503.99103
119.75,-22.25,503.33295
120.0,-22.25,502.87524
120.25,-22.25,503.15036
120.5,-22.25,502.68332
120.75,-22.25,502.4488
121.0,-22.25,503.3222
121.25,-22.25,504.995
121.5,-22.25,507.50967
121.75,-22.25,507.6235
122.0,-22.25,508.3594
122.25,-22.25,508.79053
122.5,-22.25,508.97418
122.75,-22.25,509.29633
123.0,-22.25,509.76193
123.25,-22.25,511.97513
123.5,-22.25,513.2714
123.75,-22.25,512.83624
124.0,-22.25,512.6194
124.25,-22.25,513.1719
124.5,-22.25,513.1748
124.75,-22.25,513.2677
125.0,-22.25,513.45154
125.25,-22.25,513.9362
125.5,-22.25,513.63745
125.75,-22.25,512.40826
126.0,-22.25,512.1197
126.25,-22.25,511.85312
126.5,-22.25,512.4006
126.75,-22.25,512.53455
127.0,-22.25,511.66092
127.25,-22.25,510.9481
127.5,-22.25,509.61798
127.75,-22.25,508.88324
128.0,-22.25,508.93945
128.25,-22.25,509.0835
128.5,-22.25,508.43195
128.75,-22.25,508.12915
129.0,-22.25,508.09174
129.25,-22.25,507.84247
129.5,-22.25,507.22705
129.75,-22.25,508.00473
130.0,-22.25,507.25192
130.25,-22.25,506.0987
130.5,-22.25,505.03735
130.75,-22.25,505.39932
131.0,-22.25,505.26465
131.25,-22.25,504.6282
131.5,-22.25,503.30798
131.75,-22.25,502.41876
132.0,-22.25,501.6993
132.25,-22.25,501.79764
132.5,-22.25,502.65906
132.75,-22.25,502.6986
133.0,-22.25,502.68378
133.25,-22.25,502.1455
133.5,-22.25,503.3311
133.75,-22.25,504.42825
134.0,-22.25,504.62726
134.25,-22.25,505.35803
134.5,-22.25,506.39536
134.75,-22.25,507.91013
135.0,-22.25,508.76163
135.25,-22.25,508.96768
135.5,-22.25,509.1967
135.75,-22.25,508.78754
136.0,-22.25,508.18625
136.25,-22.25,508.33148
136.5,-22.25,509.1025
136.75,-22.25,509.23276
137.0,-22.25,509.2786
137.25,-22.25,509.34897
137.5,-22.25,508.09183
137.75,-22.25,508.16263
138.0,-22.25,508.6009
138.25,-22.25,509.06924
138.5,-22.25,509.2871
138.75,-22.25,509.03647
139.0,-22.25,508.604
139.25,-22.25,507.54504
139.5,-22.25,507.61017
139.75,-22.25,508.27615
140.0,-22.25,507.93344
140.25,-22.25,507.93057
140.5,-22.25,507.99863
140.75,-22.25,506.73035
141.0,-22.25,504.7691
141.25,-22.25,503.7723
141.5,-22.25,504.68707
141.75,-22.25,504.66116
142.0,-22.25,504.08084
142.25,-22.25,504.55624
142.5,-22.25,506.74747
142.75,-22.25,508.26852
143.0,-22.25,507.87924
143.25,-22.25,507.45172
143.5,-22.25,506.49817
143.75,-22.25,504.63824
144.0,-22.25,502.8649
144.25,-22.25,501.5569
144.5,-22.25,500.15787
144.75,-22.25,499.0464
145.0,-22.25,497.923
145.25,-22.25,496.52542
145.5,-22.25,493.79462
145.75,-22.25,490.89154
146.0,-22.25,487.7655
146.25,-22.25,484.52066
146.5,-22.25,482.28934
146.75,-22.25,479.97815
147.0,-22.25,477.91583
147.25,-22.25,474.96478
147.5,-22.25,469.9844
147.75,-22.25,464.31677
148.0,-22.25,457.6763
148.25,-22.25,450.37445
148.5,-22.25,447.033
148.75,-22.25,444.30225
149.0,-22.25,444.5566
149.25,-22.25,448.1158
149.5,-22.25,454.77686
149.75,-22.25,456.78348
150.0,-22.25,459.42242
150.25,-22.25,457.91873
150.5,-22.25,456.31625
113.5,-22.5,516.0748
113.75,-22.5,520.2081
114.0,-22.5,521.83154
114.25,-22.5,518.85077
114.5,-22.5,514.832
114.75,-22.5,514.7123
115.0,-22.5,512.686
115.25,-22.5,511.33914
115.5,-22.5,510.5368
115.75,-22.5,509.571
116.0,-22.5,506.94354
116.25,-22.5,504.1585
116.5,-22.5,501.19168
116.75,-22.5,499.13126
117.0,-22.5,498.8423
117.25,-22.5,498.34506
117.5,-22.5,497.7361
117.75,-22.5,498.92783
118.0,-22.5,498.70074
118.25,-22.5,497.779
118.5,-22.5,497.9929
118.75,-22.5,498.9419
119.0,-22.5,499.87433
119.25,-22.5,501.45358
119.5,-22.5,501.52963
119.75,-22.5,502.30908
120.0,-22.5,501.9987
120.25,-22.5,501.74265
120.5,-22.5,501.82883
120.75,-22.5,501.40976
121.0,-22.5,502.06293
121.25,-22.5,504.11646
121.5,-22.5,506.78827
121.75,-22.5,507.07837
122.0,-22.5,507.23398
122.25,-22.5,507.37384
122.5,-22.5,507.85272
122.75,-22.5,507.91278
123.0,-22.5,508.6266
123.25,-22.5,509.97867
123.5,-22.5,511.43332
123.75,-22.5,510.93396
124.0,-22.5,511.37482
124.25,-22.5,511.46396
124.5,-22.5,512.2372
124.75,-22.5,511.9626
125.0,-22.5,511.5564
125.25,-22.5,511.93982
125.5,-22.5,511.6988
125.75,-22.5,512.07855
126.0,-22.5,511.52365
126.25,-22.5,511.79227
126.5,-22.5,511.2239
126.75,-22.5,511.3871
127.0,-22.5,511.59372
127.25,-22.5,510.96008
127.5,-22.5,510.15152
127.75,-22.5,509.4679
128.0,-22.5,508.41592
128.25,-22.5,508.77014
128.5,-22.5,507.92783
128.75,-22.5,507.7419
129.0,-22.5,507.60507
129.25,-22.5,506.83945
129.5,-22.5,506.5174
129.75,-22.5,506.46066
130.0,-22.5,506.07062
130.25,-22.5,505.2529
130.5,-22.5,504.94788
130.75,-22.5,505.48676
131.0,-22.5,505.39346
131.25,-22.5,504.4219
131.5,-22.5,503.2153
131.75,-22.5,502.59952
132.0,-22.5,501.6069
132.25,-22.5,501.2873
132.5,-22.5,501.91357
132.75,-22.5,501.27966
133.0,-22.5,500.7175
133.25,-22.5,500.58972
133.5,-22.5,501.76123
133.75,-22.5,503.20914
134.0,-22.5,504.17596
134.25,-22.5,504.84827
134.5,-22.5,505.81604
134.75,-22.5,507.6542
135.0,-22.5,508.3476
135.25,-22.5,508.85983
135.5,-22.5,508.88287
135.75,-22.5,508.31424
136.0,-22.5,507.8515
136.25,-22.5,507.8044
136.5,-22.5,508.4871
136.75,-22.5,508.59186
137.0,-22.5,508.19562
137.25,-22.5,508.23654
137.5,-22.5,508.66763
137.75,-22.5,507.36966
138.0,-22.5,507.82736
138.25,-22.5,508.66476
138.5,-22.5,508.6058
138.75,-22.5,508.60834
139.0,-22.5,508.09714
139.25,-22.5,506.80728
139.5,-22.5,507.06686
139.75,-22.5,507.4269
140.0,-22.5,507.2516
140.25,-22.5,507.49008
140.5,-22.5,507.74768
140.75,-22.5,505.78903
141.0,-22.5,503.87033
141.25,-22.5,503.7021
141.5,-22.5,504.55777
141.75,-22.5,505.1666
142.0,-22.5,504.9782
142.25,-22.5,503.98514
142.5,-22.5,505.12994
142.75,-22.5,506.84116
143.0,-22.5,506.46606
143.25,-22.5,505.93442
143.5,-22.5,505.89224
143.75,-22.5,504.38126
144.0,-22.5,502.51303
144.25,-22.5,500.70187
144.5,-22.5,499.16385
144.75,-22.5,497.17056
145.0,-22.5,496.2488
145.25,-22.5,495.61115
145.5,-22.5,493.14215
145.75,-22.5,490.35785
146.0,-22.5,488.18997
146.25,-22.5,484.97943
146.5,-22.5,482.5351
146.75,-22.5,480.89645
147.0,-22.5,477.75153
147.25,-22.5,473.8184
147.5,-22.5,468.73795
147.75,-22.5,462.81274
148.0,-22.5,456.00494
148.25,-22.5,451.38525
148.5,-22.5,448.55603
148.75,-22.5,447.3553
149.0,-22.5,446.45914
149.25,-22.5,447.61078
149.5,-22.5,447.74487
149.75,-22.5,449.50735
150.0,-22.5,445.4102
150.25,-22.5,442.51334
150.5,-22.5,440.51443
150.75,-22.5,446.57895
113.5,-22.75,514.9073
113.75,-22.75,519.4608
114.0,-22.75,520.86755
114.25,-22.75,517.78467
114.5,-22.75,514.6748
114.75,-22.75,513.0612
115.0,-22.75,511.39056
115.25,-22.75,510.74097
115.5,-22.75,510.31097
115.75,-22.75,509.4699
116.0,-22.75,507.49133
116.25,-22.75,505.42163
116.5,-22.75,502.33145
116.75,-22.75,499.86188
117.0,-22.75,499.3434
117.25,-22.75,498.7248
117.5,-22.75,497.17575
117.75,-22.75,496.94968
118.0,-22.75,496.77637
118.25,-22.75,495.85114
118.5,-22.75,495.8843
118.75,-22.75,496.78134
119.0,-22.75,498.03378
119.25,-22.75,499.18912
119.5,-22.75,500.26224
119.75,-22.75,501.15164
120.0,-22.75,501.36234
120.25,-22.75,501.07388
120.5,-22.75,500.929
120.75,-22.75,500.78137
121.0,-22.75,500.99124
121.25,-22.75,502.71298
121.5,-22.75,505.6826
121.75,-22.75,506.4844
122.0,-22.75,506.35635
122.25,-22.75,506.4413
122.5,-22.75,506.1269
122.75,-22.75,506.05792
123.0,-22.75,507.2297
123.25,-22.75,508.01266
123.5,-22.75,509.19196
123.75,-22.75,509.71222
124.0,-22.75,510.47192
124.25,-22.75,510.8835
124.5,-22.75,511.52676
124.75,-22.75,510.83694
125.0,-22.75,510.56848
125.25,-22.75,510.7663
125.5,-22.75,511.23505
125.75,-22.75,510.88254
126.0,-22.75,511.11356
126.25,-22.75,511.7848
126.5,-22.75,511.21725
126.75,-22.75,511.0109
127.0,-22.75,510.89612
127.25,-22.75,510.55862
127.5,-22.75,509.47043
127.75,-22.75,509.2296
128.0,-22.75,507.91754
128.25,-22.75,507.96002
128.5,-22.75,507.584
128.75,-22.75,508.19412
129.0,-22.75,507.6988
129.25,-22.75,506.74448
129.5,-22.75,505.88718
129.75,-22.75,505.31952
130.0,-22.75,504.81625
130.25,-22.75,504.5659
130.5,-22.75,504.745
130.75,-22.75,504.36313
131.0,-22.75,504.81613
131.25,-22.75,504.06824
131.5,-22.75,502.9164
131.75,-22.75,502.4854
132.0,-22.75,501.47516
132.25,-22.75,500.81924
132.5,-22.75,501.2053
132.75,-22.75,500.12454
133.0,-22.75,499.90582
133.25,-22.75,499.9042
133.5,-22.75,500.5126
133.75,-22.75,501.5062
134.0,-22.75,502.83182
134.25,-22.75,503.2963
134.5,-22.75,504.81702
134.75,-22.75,506.33365
135.0,-22.75,507.61978
135.25,-22.75,508.29712
135.5,-22.75,508.1528
135.75,-22.75,507.68112
136.0,-22.75,508.08606
136.25,-22.75,508.07742
136.5,-22.75,508.9395
136.75,-22.75,507.99417
137.0,-22.75,507.7608
137.25,-22.75,507.72028
137.5,-22.75,508.15622
137.75,-22.75,507.56528
138.0,-22.75,506.5317
138.25,-22.75,507.45172
138.5,-22.75,507.95425
138.75,-22.75,508.1701
139.0,-22.75,507.47888
139.25,-22.75,506.82797
139.5,-22.75,506.40527
139.75,-22.75,505.94482
140.0,-22.75,506.34238
140.25,-22.75,507.01718
140.5,-22.75,506.88547
140.75,-22.75,505.1362
141.0,-22.75,503.61148
141.25,-22.75,502.9871
141.5,-22.75,504.6269
141.75,-22.75,505.04385
142.0,-22.75,505.3528
142.25,-22.75,503.6536
142.5,-22.75,503.4778
142.75,-22.75,505.87317
143.0,-22.75,504.4626
143.25,-22.75,504.4764
143.5,-22.75,504.66165
143.75,-22.75,503.8672
144.0,-22.75,502.32825
144.25,-22.75,499.8636
144.5,-22.75,498.11276
144.75,-22.75,496.1374
145.0,-22.75,494.528
145.25,-22.75,493.97507
145.5,-22.75,492.24548
145.75,-22.75,489.63992
146.0,-22.75,487.49576
146.25,-22.75,484.40143
146.5,-22.75,482.18134
146.75,-22.75,480.9431
147.0,-22.75,477.1069
147.25,-22.75,472.84845
147.5,-22.75,467.10876
147.75,-22.75,461.60037
148.0,-22.75,456.3376
148.25,-22.75,452.7665
148.5,-22.75,450.9003
148.75,-22.75,449.89908
149.0,-22.75,447.5884
149.25,-22.75,445.40955
149.5,-22.75,443.97827
149.75,-22.75,439.5084
150.0,-22.75,433.4289
150.25,-22.75,429.69153
150.5,-22.75,429.83755
150.75,-22.75,438.35983
151.0,-22.75,450.4369
113.5,-23.0,513.5793
113.75,-23.0,514.97186
114.0,-23.0,517.9325
114.25,-23.0,514.82837
114.5,-23.0,512.0645
114.75,-23.0,511.1783
115.0,-23.0,510.68857
115.25,-23.0,510.61142
115.5,-23.0,509.86975
115.75,-23.0,509.3368
116.0,-23.0,506.35535
116.25,-23.0,504.2693
116.5,-23.0,503.4307
116.75,-23.0,501.28113
117.0,-23.0,500.41705
117.25,-23.0,499.7063
117.5,-23.0,497.5276
117.75,-23.0,495.55856
118.0,-23.0,495.41318
118.25,-23.0,494.98187
118.5,-23.0,494.72025
118.75,-23.0,495.43155
119.0,-23.0,496.2927
119.25,-23.0,497.34973
119.5,-23.0,498.06918
119.75,-23.0,498.78464
120.0,-23.0,500.25653
120.25,-23.0,500.37637
120.5,-23.0,499.666
120.75,-23.0,499.67096
121.0,-23.0,499.93747
121.25,-23.0,501.08813
121.5,-23.0,504.2372
121.75,-23.0,505.021
122.0,-23.0,505.38876
122.25,-23.0,505.61594
122.5,-23.0,506.0847
122.75,-23.0,506.09363
123.0,-23.0,506.72913
123.25,-23.0,506.95425
123.5,-23.0,508.27243
123.75,-23.0,508.55185
124.0,-23.0,509.46878
124.25,-23.0,509.83524
124.5,-23.0,510.22324
124.75,-23.0,509.72128
125.0,-23.0,509.05682
125.25,-23.0,509.44052
125.5,-23.0,509.89377
125.75,-23.0,509.70914
126.0,-23.0,509.73557
126.25,-23.0,511.43033
126.5,-23.0,511.3396
126.75,-23.0,511.16187
127.0,-23.0,510.41672
127.25,-23.0,510.07104
127.5,-23.0,508.92395
127.75,-23.0,508.82156
128.0,-23.0,507.79477
128.25,-23.0,507.63672
128.5,-23.0,507.88623
128.75,-23.0,508.38748
129.0,-23.0,507.5639
129.25,-23.0,506.60922
129.5,-23.0,505.99765
129.75,-23.0,504.69333
130.0,-23.0,503.57242
130.25,-23.0,502.48782
130.5,-23.0,502.89288
130.75,-23.0,502.6151
131.0,-23.0,503.14017
131.25,-23.0,502.72943
131.5,-23.0,502.4332
131.75,-23.0,501.5775
132.0,-23.0,500.84143
132.25,-23.0,500.0719
132.5,-23.0,499.67407
132.75,-23.0,498.9785
133.0,-23.0,498.84982
133.25,-23.0,498.93665
133.5,-23.0,499.21106
133.75,-23.0,499.5018
134.0,-23.0,500.16223
134.25,-23.0,500.9761
134.5,-23.0,502.29556
134.75,-23.0,503.89954
135.0,-23.0,504.93536
135.25,-23.0,506.41757
135.5,-23.0,506.73944
135.75,-23.0,507.59827
136.0,-23.0,507.77643
136.25,-23.0,508.34555
136.5,-23.0,509.29886
136.75,-23.0,508.1454
137.0,-23.0,507.1716
137.25,-23.0,507.29404
137.5,-23.0,507.47015
137.75,-23.0,507.6847
138.0,-23.0,505.74298
138.25,-23.0,506.18033
138.5,-23.0,506.4918
138.75,-23.0,507.22076
139.0,-23.0,506.80154
139.25,-23.0,505.9408
139.5,-23.0,505.317
139.75,-23.0,504.9897
140.0,-23.0,505.486
140.25,-23.0,506.05682
140.5,-23.0,505.09814
140.75,-23.0,504.07083
141.0,-23.0,503.00757
141.25,-23.0,502.87616
141.5,-23.0,504.4644
141.75,-23.0,503.83673
142.0,-23.0,503.79364
142.25,-23.0,502.47546
142.5,-23.0,501.17783
142.75,-23.0,503.54855
143.0,-23.0,502.6341
143.25,-23.0,502.1551
143.5,-23.0,503.04916
143.75,-23.0,502.43896
144.0,-23.0,501.15793
144.25,-23.0,499.27954
144.5,-23.0,497.3499
144.75,-23.0,495.00452
145.0,-23.0,493.54797
145.25,-23.0,492.79913
145.5,-23.0,491.5083
145.75,-23.0,488.60748
146.0,-23.0,486.18802
146.25,-23.0,483.67142
146.5,-23.0,481.91565
146.75,-23.0,480.70255
147.0,-23.0,477.04376
147.25,-23.0,471.43646
147.5,-23.0,466.96478
147.75,-23.0,463.07956
148.0,-23.0,458.112
148.25,-23.0,456.0782
148.5,-23.0,454.65787
148.75,-23.0,453.856
149.0,-23.0,450.0112
149.25,-23.0,446.23135
149.5,-23.0,440.59354
149.75,-23.0,434.79834
150.0,-23.0,428.47693
150.25,-23.0,425.5902
150.5,-23.0,429.5606
150.75,-23.0,439.69656
151.0,-23.0,452.92682
113.5,-23.25,513.0235
113.75,-23.25,513.2281
114.0,-23.25,515.7614
114.25,-23.25,512.6052
114.5,-23.25,511.27216
114.75,-23.25,510.60178
115.0,-23.25,510.41592
115.25,-23.25,509.9681
115.5,-23.25,510.16013
115.75,-23.25,507.856
116.0,-23.25,504.99774
116.25,-23.25,502.65125
116.5,-23.25,502.2469
116.75,-23.25,501.81677
117.0,-23.25,501.1844
117.25,-23.25,500.0622
117.5,-23.25,498.26108
117.75,-23.25,496.5432
118.0,-23.25,494.39645
118.25,-23.25,495.0063
118.5,-23.25,494.6747
118.75,-23.25,494.45822
119.0,-23.25,495.2706
119.25,-23.25,495.39438
119.5,-23.25,496.26587
119.75,-23.25,496.86633
120.0,-23.25,498.12137
120.25,-23.25,499.16165
120.5,-23.25,498.31503
120.75,-23.25,497.9304
121.0,-23.25,498.6871
121.25,-23.25,500.37253
121.5,-23.25,502.09964
121.75,-23.25,503.6692
122.0,-23.25,504.16318
122.25,-23.25,506.11478
122.5,-23.25,507.0543
122.75,-23.25,506.3813
123.0,-23.25,507.50238
123.25,-23.25,507.46066
123.5,-23.25,507.7295
123.75,-23.25,507.54382
124.0,-23.25,507.3137
124.25,-23.25,507.95798
124.5,-23.25,508.3412
124.75,-23.25,506.7641
125.0,-23.25,506.30313
125.25,-23.25,506.81976
125.5,-23.25,507.12604
125.75,-23.25,508.16876
126.0,-23.25,508.78394
126.25,-23.25,510.73328
126.5,-23.25,511.11142
126.75,-23.25,511.08322
127.0,-23.25,510.6477
127.25,-23.25,510.10214
127.5,-23.25,508.92673
127.75,-23.25,509.54617
128.0,-23.25,508.39188
128.25,-23.25,507.94418
128.5,-23.25,508.0679
128.75,-23.25,507.73047
129.0,-23.25,507.03586
129.25,-23.25,506.39075
129.5,-23.25,505.1483
129.75,-23.25,503.73877
130.0,-23.25,502.08148
130.25,-23.25,501.04343
130.5,-23.25,501.18497
130.75,-23.25,500.80014
131.0,-23.25,501.34546
131.25,-23.25,501.38107
131.5,-23.25,500.98337
131.75,-23.25,500.60837
132.0,-23.25,499.95892
132.25,-23.25,498.5324
132.5,-23.25,498.0059
132.75,-23.25,497.68088
133.0,-23.25,497.77844
133.25,-23.25,498.27826
133.5,-23.25,497.98712
133.75,-23.25,498.74347
134.0,-23.25,498.10867
134.25,-23.25,498.36035
134.5,-23.25,499.7839
134.75,-23.25,501.09164
135.0,-23.25,501.6909
135.25,-23.25,503.7035
135.5,-23.25,505.44922
135.75,-23.25,506.49945
136.0,-23.25,507.3331
136.25,-23.25,508.0916
136.5,-23.25,508.7195
136.75,-23.25,508.567
137.0,-23.25,507.426
137.25,-23.25,507.147
137.5,-23.25,507.15622
137.75,-23.25,506.89038
138.0,-23.25,506.4045
138.25,-23.25,505.1492
138.5,-23.25,505.70007
138.75,-23.25,506.3075
139.0,-23.25,506.18326
139.25,-23.25,505.13446
139.5,-23.25,504.42383
139.75,-23.25,504.77478
140.0,-23.25,505.17804
140.25,-23.25,504.54318
140.5,-23.25,502.79214
140.75,-23.25,502.85028
141.0,-23.25,503.0903
141.25,-23.25,503.2554
141.5,-23.25,503.5146
141.75,-23.25,502.40387
142.0,-23.25,500.54446
142.25,-23.25,499.42328
142.5,-23.25,499.45923
142.75,-23.25,499.51257
143.0,-23.25,499.25516
143.25,-23.25,500.18494
143.5,-23.25,501.23508
143.75,-23.25,501.23956
144.0,-23.25,499.93875
144.25,-23.25,498.51086
144.5,-23.25,496.90338
144.75,-23.25,494.55
145.0,-23.25,492.46863
145.25,-23.25,491.3228
145.5,-23.25,490.4717
145.75,-23.25,487.9586
146.0,-23.25,485.16028
146.25,-23.25,484.06482
146.5,-23.25,482.28113
146.75,-23.25,479.7887
147.0,-23.25,476.61786
147.25,-23.25,470.79535
147.5,-23.25,467.0855
147.75,-23.25,463.5674
148.0,-23.25,461.5869
148.25,-23.25,459.26675
148.5,-23.25,459.27026
148.75,-23.25,457.92984
149.0,-23.25,454.54355
149.25,-23.25,450.44113
149.5,-23.25,444.658
149.75,-23.25,439.3106
150.0,-23.25,434.35577
150.25,-23.25,431.9217
150.5,-23.25,438.3474
150.75,-23.25,447.4965
151.0,-23.25,456.82507
113.5,-23.5,512.76495
113.75,-23.5,511.20395
114.0,-23.5,513.70404
114.25,-23.5,511.23975
114.5,-23.5,510.46884
114.75,-23.5,510.32187
115.0,-23.5,509.79227
115.25,-23.5,509.20956
115.5,-23.5,509.39005
115.75,-23.5,507.10733
116.0,-23.5,503.8702
116.25,-23.5,501.04156
116.5,-23.5,500.17322
116.75,-23.5,500.19528
117.0,-23.5,500.37854
117.25,-23.5,500.3432
117.5,-23.5,499.40607
117.75,-23.5,497.27786
118.0,-23.5,495.72064
118.25,-23.5,495.23212
118.5,-23.5,495.22192
118.75,-23.5,494.9055
119.0,-23.5,494.67847
119.25,-23.5,494.80634
119.5,-23.5,495.4466
119.75,-23.5,496.12628
120.0,-23.5,497.5342
120.25,-23.5,497.1969
120.5,-23.5,496.86465
120.75,-23.5,497.14877
121.0,-23.5,497.64548
121.25,-23.5,498.53943
121.5,-23.5,499.25616
121.75,-23.5,500.9661
122.0,-23.5,502.4739
122.25,-23.5,505.17728
122.5,-23.5,505.67355
122.75,-23.5,501.6847
123.0,-23.5,506.81088
123.25,-23.5,507.28574
123.5,-23.5,507.38345
123.75,-23.5,507.02112
124.0,-23.5,506.27292
124.25,-23.5,506.08978
124.5,-23.5,506.54318
124.75,-23.5,504.4791
125.0,-23.5,504.51038
125.25,-23.5,504.8714
125.5,-23.5,505.5897
125.75,-23.5,506.9179
126.0,-23.5,507.7421
126.25,-23.5,510.13266
126.5,-23.5,510.75732
126.75,-23.5,510.82245
127.0,-23.5,510.25354
127.25,-23.5,509.01566
127.5,-23.5,507.7358
127.75,-23.5,508.8866
128.0,-23.5,507.6398
128.25,-23.5,507.093
128.5,-23.5,507.16956
128.75,-23.5,506.66678
129.0,-23.5,505.0833
129.25,-23.5,505.69623
129.5,-23.5,503.99713
129.75,-23.5,502.01782
130.0,-23.5,500.6413
130.25,-23.5,499.36014
130.5,-23.5,498.96878
130.75,-23.5,498.83344
131.0,-23.5,498.87778
131.25,-23.5,498.7037
131.5,-23.5,498.4251
131.75,-23.5,498.825
132.0,-23.5,498.1874
132.25,-23.5,497.45288
132.5,-23.5,496.6558
132.75,-23.5,496.57858
133.0,-23.5,496.8121
133.25,-23.5,497.98706
133.5,-23.5,497.44675
133.75,-23.5,497.28403
134.0,-23.5,497.68378
134.25,-23.5,497.76987
134.5,-23.5,498.37076
134.75,-23.5,499.51416
135.0,-23.5,500.06918
135.25,-23.5,501.89743
135.5,-23.5,503.36633
135.75,-23.5,504.7656
136.0,-23.5,506.43576
136.25,-23.5,506.97687
136.5,-23.5,507.39352
136.75,-23.5,507.5546
137.0,-23.5,508.13428
137.25,-23.5,507.98337
137.5,-23.5,507.70038
137.75,-23.5,507.2165
138.0,-23.5,506.7836
138.25,-23.5,505.49118
138.5,-23.5,505.73276
138.75,-23.5,506.15924
139.0,-23.5,506.52124
139.25,-23.5,505.94186
139.5,-23.5,504.74768
139.75,-23.5,504.29364
140.0,-23.5,504.8109
140.25,-23.5,503.29477
140.5,-23.5,502.02197
140.75,-23.5,503.88232
141.0,-23.5,504.1607
141.25,-23.5,503.19376
141.5,-23.5,502.73453
141.75,-23.5,500.7598
142.0,-23.5,498.3288
142.25,-23.5,497.0221
142.5,-23.5,498.17334
142.75,-23.5,497.2239
143.0,-23.5,498.07135
143.25,-23.5,499.1259
143.5,-23.5,500.42126
143.75,-23.5,500.63324
144.0,-23.5,498.44516
144.25,-23.5,497.36948
144.5,-23.5,495.75308
144.75,-23.5,493.9374
145.0,-23.5,492.08096
145.25,-23.5,490.0121
145.5,-23.5,489.46622
145.75,-23.5,487.11252
146.0,-23.5,485.90424
146.25,-23.5,484.7319
146.5,-23.5,482.5289
146.75,-23.5,479.86902
147.0,-23.5,476.17
147.25,-23.5,468.77536
147.5,-23.5,466.1553
147.75,-23.5,463.97675
148.0,-23.5,463.12305
148.25,-23.5,463.32382
148.5,-23.5,462.68634
148.75,-23.5,461.56033
149.0,-23.5,458.9116
149.25,-23.5,455.10184
149.5,-23.5,450.83542
149.75,-23.5,445.34097
150.0,-23.5,441.6938
150.25,-23.5,440.3888
150.5,-23.5,447.0236
150.75,-23.5,453.27222
151.0,-23.5,460.83423
151.25,-23.5,465.8638
113.25,-23.75,512.0286
113.5,-23.75,513.4928
113.75,-23.75,513.5936
114.0,-23.75,512.09937
114.25,-23.75,509.6604
114.5,-23.75,510.4501
114.75,-23.75,509.97012
115.0,-23.75,509.57584
115.25,-23.75,510.18164
115.5,-23.75,508.0557
115.75,-23.75,507.01923
116.0,-23.75,504.2362
116.25,-23.75,501.29227
116.5,-23.75,499.73145
116.75,-23.75,499.3995
117.0,-23.75,499.6076
117.25,-23.75,499.39417
117.5,-23.75,498.2609
117.75,-23.75,497.56537
118.0,-23.75,498.1375
118.25,-23.75,497.99734
118.5,-23.75,497.2597
118.75,-23.75,496.28043
119.0,-23.75,495.22055
119.25,-23.75,495.12183
119.5,-23.75,495.33295
119.75,-23.75,496.01886
120.0,-23.75,496.60153
120.25,-23.75,495.939
120.5,-23.75,495.69592
120.75,-23.75,496.29462
121.0,-23.75,496.90604
121.25,-23.75,497.03506
121.5,-23.75,498.65607
121.75,-23.75,499.73413
122.0,-23.75,501.1425
122.25,-23.75,502.54236
122.5,-23.75,504.49176
122.75,-23.75,505.60632
123.0,-23.75,506.70587
123.25,-23.75,506.15945
123.5,-23.75,505.71863
123.75,-23.75,504.95102
124.0,-23.75,504.6919
124.25,-23.75,504.7901
124.5,-23.75,504.2905
124.75,-23.75,503.19968
125.0,-23.75,503.08948
125.25,-23.75,503.20093
125.5,-23.75,504.2066
125.75,-23.75,505.29407
126.0,-23.75,506.84073
126.25,-23.75,508.88184
126.5,-23.75,509.11197
126.75,-23.75,508.52347
127.0,-23.75,507.49274
127.25,-23.75,506.28687
127.5,-23.75,505.821
127.75,-23.75,506.5509
128.0,-23.75,505.6572
128.25,-23.75,505.48047
128.5,-23.75,505.86832
128.75,-23.75,505.56326
129.0,-23.75,505.22333
129.25,-23.75,504.55756
129.5,-23.75,502.5686
129.75,-23.75,499.8443
130.0,-23.75,498.84683
130.25,-23.75,498.1638
130.5,-23.75,497.75333
130.75,-23.75,497.39334
131.0,-23.75,496.76932
131.25,-23.75,496.57837
131.5,-23.75,496.4151
131.75,-23.75,495.75897
132.0,-23.75,495.266
132.25,-23.75,495.10806
132.5,-23.75,494.91928
132.75,-23.75,494.69922
133.0,-23.75,495.18182
133.25,-23.75,495.28815
133.5,-23.75,495.2686
133.75,-23.75,495.3263
134.0,-23.75,496.11847
134.25,-23.75,496.446
134.5,-23.75,496.9725
134.75,-23.75,497.7984
135.0,-23.75,499.20496
135.25,-23.75,500.8543
135.5,-23.75,502.08566
135.75,-23.75,504.0796
136.0,-23.75,505.80182
136.25,-23.75,506.50168
136.5,-23.75,506.53708
136.75,-23.75,507.7353
137.0,-23.75,507.76202
137.25,-23.75,508.12817
137.5,-23.75,508.27136
137.75,-23.75,508.17917
138.0,-23.75,507.54044
138.25,-23.75,507.1697
138.5,-23.75,506.52454
138.75,-23.75,506.532
139.0,-23.75,505.9121
139.25,-23.75,505.1781
139.5,-23.75,505.3082
139.75,-23.75,504.5086
140.0,-23.75,505.12018
140.25,-23.75,503.6229
140.5,-23.75,502.9743
140.75,-23.75,504.82794
141.0,-23.75,504.1181
141.25,-23.75,503.1477
141.5,-23.75,500.8206
141.75,-23.75,499.28943
142.0,-23.75,498.14313
142.25,-23.75,497.02023
142.5,-23.75,496.97662
142.75,-23.75,496.166
143.0,-23.75,498.0019
143.25,-23.75,499.2263
143.5,-23.75,499.24115
143.75,-23.75,497.68405
144.0,-23.75,497.2345
144.25,-23.75,496.26694
144.5,-23.75,494.55292
144.75,-23.75,493.1443
145.0,-23.75,491.3619
145.25,-23.75,489.97778
145.5,-23.75,488.96857
145.75,-23.75,487.14206
146.0,-23.75,486.31122
146.25,-23.75,483.95636
146.5,-23.75,481.05005
146.75,-23.75,479.10364
147.0,-23.75,475.40543
147.25,-23.75,469.88937
147.5,-23.75,467.8412
147.75,-23.75,465.1968
148.0,-23.75,463.6638
148.25,-23.75,463.69153
148.5,-23.75,464.5843
148.75,-23.75,463.5927
149.0,-23.75,459.81296
149.25,-23.75,456.03082
149.5,-23.75,453.0
149.75,-23.75,449.2432
150.0,-23.75,446.90692
150.25,-23.75,446.15152
150.5,-23.75,449.27173
150.75,-23.75,453.43973
151.0,-23.75,455.4501
151.25,-23.75,454.58426
151.5,-23.75,453.40817
151.75,-23.75,452.8188
113.25,-24.0,511.70145
113.5,-24.0,512.836
113.75,-24.0,513.1882
114.0,-24.0,509.75735
114.25,-24.0,507.8831
114.5,-24.0,509.0575
114.75,-24.0,509.23965
115.0,-24.0,509.12704
115.25,-24.0,509.0065
115.5,-24.0,508.77847
115.75,-24.0,507.5981
116.0,-24.0,505.40436
116.25,-24.0,502.18857
116.5,-24.0,499.95734
116.75,-24.0,498.94968
117.0,-24.0,498.50775
117.25,-24.0,497.87103
117.5,-24.0,497.32724
117.75,-24.0,497.6395
118.0,-24.0,497.41693
118.25,-24.0,496.5764
118.5,-24.0,496.25253
118.75,-24.0,495.89737
119.0,-24.0,495.76822
119.25,-24.0,494.8206
119.5,-24.0,494.66928
119.75,-24.0,494.6477
120.0,-24.0,495.402
120.25,-24.0,495.7997
120.5,-24.0,496.45978
120.75,-24.0,497.0159
121.0,-24.0,497.5429
121.25,-24.0,497.90536
121.5,-24.0,498.37048
121.75,-24.0,498.4648
122.0,-24.0,499.1552
122.25,-24.0,499.94998
122.5,-24.0,502.07437
122.75,-24.0,503.3716
123.0,-24.0,503.91946
123.25,-24.0,503.2449
123.5,-24.0,502.45438
123.75,-24.0,502.8416
124.0,-24.0,502.6249
124.25,-24.0,502.29312
124.5,-24.0,501.53635
124.75,-24.0,501.32037
125.0,-24.0,501.67212
125.25,-24.0,501.711
125.5,-24.0,502.69412
125.75,-24.0,503.5731
126.0,-24.0,504.78693
126.25,-24.0,506.52924
126.5,-24.0,506.23975
126.75,-24.0,505.98663
127.0,-24.0,506.0526
127.25,-24.0,505.08914
127.5,-24.0,503.35184
127.75,-24.0,503.36005
128.0,-24.0,502.76202
128.25,-24.0,502.65665
128.5,-24.0,502.95993
128.75,-24.0,503.05438
129.0,-24.0,503.83722
129.25,-24.0,502.19418
129.5,-24.0,500.2013
129.75,-24.0,498.3049
130.0,-24.0,497.68024
130.25,-24.0,496.9711
130.5,-24.0,496.50916
130.75,-24.0,494.87808
131.0,-24.0,493.71652
131.25,-24.0,493.73773
131.5,-24.0,493.0967
131.75,-24.0,491.06754
132.0,-24.0,491.67398
132.25,-24.0,492.25278
132.5,-24.0,492.75067
132.75,-24.0,493.0547
133.0,-24.0,493.8993
133.25,-24.0,494.20242
133.5,-24.0,494.08487
133.75,-24.0,494.37073
134.0,-24.0,494.21085
134.25,-24.0,494.60944
134.5,-24.0,495.2229
134.75,-24.0,496.9247
135.0,-24.0,498.58234
135.25,-24.0,499.38425
135.5,-24.0,501.0753
135.75,-24.0,502.59863
136.0,-24.0,504.09528
136.25,-24.0,504.59747
136.5,-24.0,503.75812
136.75,-24.0,505.11987
137.0,-24.0,505.66245
137.25,-24.0,506.7048
137.5,-24.0,507.50003
137.75,-24.0,507.5977
138.0,-24.0,505.30975
138.25,-24.0,506.09738
138.5,-24.0,505.6507
138.75,-24.0,506.0094
139.0,-24.0,506.4373
139.25,-24.0,505.71387
139.5,-24.0,505.1286
139.75,-24.0,504.71066
140.0,-24.0,505.08902
140.25,-24.0,505.16135
140.5,-24.0,504.78342
140.75,-24.0,504.65665
141.0,-24.0,504.09076
141.25,-24.0,503.71823
141.5,-24.0,500.5228
141.75,-24.0,498.44632
142.0,-24.0,497.49332
142.25,-24.0,496.97205
142.5,-24.0,497.69788
142.75,-24.0,496.32532
143.0,-24.0,497.4971
143.25,-24.0,498.2347
143.5,-24.0,497.70966
143.75,-24.0,496.15366
144.0,-24.0,495.12155
144.25,-24.0,494.16455
144.5,-24.0,493.06143
144.75,-24.0,492.32007
145.0,-24.0,491.26688
145.25,-24.0,489.73157
145.5,-24.0,488.62375
145.75,-24.0,487.53555
146.0,-24.0,485.13004
146.25,-24.0,482.2883
146.5,-24.0,480.02243
146.75,-24.0,477.2128
147.0,-24.0,475.17706
147.25,-24.0,471.26917
147.5,-24.0,469.01538
147.75,-24.0,467.316
148.0,-24.0,465.7099
148.25,-24.0,465.35956
148.5,-24.0,464.60013
148.75,-24.0,464.89194
149.0,-24.0,461.16797
149.25,-24.0,457.1206
149.5,-24.0,454.27036
149.75,-24.0,452.622
150.0,-24.0,452.83902
150.25,-24.0,452.55322
150.5,-24.0,449.42587
150.75,-24.0,447.7791
151.0,-24.0,444.57254
151.25,-24.0,441.6847
151.5,-24.0,438.7345
151.75,-24.0,441.41574
152.0,-24.0,444.92014
113.25,-24.25,510.90094
113.5,-24.25,512.2714
113.75,-24.25,514.0074
114.0,-24.25,508.35406
114.25,-24.25,505.76227
114.5,-24.25,506.9451
114.75,-24.25,507.13907
115.0,-24.25,507.05032
115.25,-24.25,507.6568
115.5,-24.25,507.63312
115.75,-24.25,506.93646
116.0,-24.25,505.6418
116.25,-24.25,503.1194
116.5,-24.25,500.65137
116.75,-24.25,498.5269
117.0,-24.25,497.50626
117.25,-24.25,496.54065
117.5,-24.25,496.51736
117.75,-24.25,496.7132
118.0,-24.25,496.27707
118.25,-24.25,496.2004
118.5,-24.25,496.3647
118.75,-24.25,495.61295
119.0,-24.25,495.47263
119.25,-24.25,494.95425
119.5,-24.25,494.5743
119.75,-24.25,494.7772
120.0,-24.25,495.48035
120.25,-24.25,495.5868
120.5,-24.25,496.0084
120.75,-24.25,496.16736
121.0,-24.25,496.40967
121.25,-24.25,496.70474
121.5,-24.25,497.03006
121.75,-24.25,497.3835
122.0,-24.25,496.46405
122.25,-24.25,497.49756
122.5,-24.25,499.03528
122.75,-24.25,500.02457
123.0,-24.25,500.82758
123.25,-24.25,500.65228
123.5,-24.25,500.28522
123.75,-24.25,500.5115
124.0,-24.25,500.57394
124.25,-24.25,500.37894
124.5,-24.25,499.87967
124.75,-24.25,499.4132
125.0,-24.25,499.94574
125.25,-24.25,500.23965
125.5,-24.25,500.78735
125.75,-24.25,501.8302
126.0,-24.25,504.1749
126.25,-24.25,504.02844
126.5,-24.25,503.3143
126.75,-24.25,503.35333
127.0,-24.25,503.5528
127.25,-24.25,502.67062
127.5,-24.25,502.18817
127.75,-24.25,501.9997
128.0,-24.25,501.6922
128.25,-24.25,501.12436
128.5,-24.25,499.68195
128.75,-24.25,499.70267
129.0,-24.25,499.4957
129.25,-24.25,499.05225
129.5,-24.25,496.9522
129.75,-24.25,495.5176
130.0,-24.25,494.34308
130.25,-24.25,493.9125
130.5,-24.25,495.0412
130.75,-24.25,494.0717
131.0,-24.25,492.5012
131.25,-24.25,492.29022
131.5,-24.25,492.08395
131.75,-24.25,491.54886
132.0,-24.25,489.59384
132.25,-24.25,490.569
132.5,-24.25,491.35934
132.75,-24.25,491.83234
133.0,-24.25,491.8304
133.25,-24.25,492.36435
133.5,-24.25,492.8002
133.75,-24.25,493.47812
134.0,-24.25,493.26196
134.25,-24.25,493.7556
134.5,-24.25,494.4334
134.75,-24.25,495.9877
135.0,-24.25,497.8092
135.25,-24.25,499.90463
135.5,-24.25,500.28506
135.75,-24.25,500.647
136.0,-24.25,501.71268
136.25,-24.25,503.39014
136.5,-24.25,502.96835
136.75,-24.25,503.32416
137.0,-24.25,504.1468
137.25,-24.25,505.39163
137.5,-24.25,506.6336
137.75,-24.25,506.82062
138.0,-24.25,504.66855
138.25,-24.25,504.98804
138.5,-24.25,505.93118
138.75,-24.25,505.91287
139.0,-24.25,506.42435
139.25,-24.25,505.4311
139.5,-24.25,503.98782
139.75,-24.25,503.56973
140.0,-24.25,505.178
140.25,-24.25,505.72977
140.5,-24.25,506.01465
140.75,-24.25,505.724
141.0,-24.25,503.4055
141.25,-24.25,503.23563
141.5,-24.25,500.21594
141.75,-24.25,498.5599
142.0,-24.25,497.66043
142.25,-24.25,498.44354
142.5,-24.25,497.33563
142.75,-24.25,496.93707
143.0,-24.25,496.42285
143.25,-24.25,496.45816
143.5,-24.25,495.5532
143.75,-24.25,494.45715
144.0,-24.25,493.1282
144.25,-24.25,492.77664
144.5,-24.25,491.71768
144.75,-24.25,490.92758
145.0,-24.25,489.77957
145.25,-24.25,489.4225
145.5,-24.25,488.90146
145.75,-24.25,487.6216
146.0,-24.25,484.71063
146.25,-24.25,481.36017
146.5,-24.25,478.3768
146.75,-24.25,475.6863
147.0,-24.25,472.584
147.25,-24.25,470.7835
147.5,-24.25,469.6197
147.75,-24.25,468.53085
148.0,-24.25,466.18332
148.25,-24.25,465.2353
148.5,-24.25,464.8319
148.75,-24.25,466.0534
149.0,-24.25,462.4998
149.25,-24.25,459.04654
149.5,-24.25,456.50363
149.75,-24.25,455.00583
150.0,-24.25,456.2497
150.25,-24.25,456.404
150.5,-24.25,451.30704
150.75,-24.25,441.28094
151.0,-24.25,435.1471
151.25,-24.25,431.3707
151.5,-24.25,430.73657
151.75,-24.25,433.99597
152.0,-24.25,438.35495
152.25,-24.25,444.96906
113.25,-24.5,509.29364
113.5,-24.5,510.54968
113.75,-24.5,512.8293
114.0,-24.5,507.53766
114.25,-24.5,504.88043
114.5,-24.5,504.71542
114.75,-24.5,504.97906
115.0,-24.5,505.5848
115.25,-24.5,505.8651
115.5,-24.5,506.23514
115.75,-24.5,505.6199
116.0,-24.5,504.70895
116.25,-24.5,503.8594
116.5,-24.5,501.52957
116.75,-24.5,498.75403
117.0,-24.5,496.08405
117.25,-24.5,494.789
117.5,-24.5,495.76016
117.75,-24.5,495.97272
118.0,-24.5,495.47656
118.25,-24.5,494.94858
118.5,-24.5,494.8059
118.75,-24.5,494.7401
119.0,-24.5,493.99976
119.25,-24.5,493.5716
119.5,-24.5,493.16266
119.75,-24.5,493.3767
120.0,-24.5,493.5704
120.25,-24.5,493.70276
120.5,-24.5,494.7862
120.75,-24.5,494.9966
121.0,-24.5,495.55417
121.25,-24.5,495.11255
121.5,-24.5,495.39893
121.75,-24.5,495.90564
122.0,-24.5,494.8302
122.25,-24.5,494.97092
122.5,-24.5,496.1695
122.75,-24.5,496.5571
123.0,-24.5,497.50436
123.25,-24.5,497.9947
123.5,-24.5,498.02377
123.75,-24.5,497.5533
124.0,-24.5,498.22983
124.25,-24.5,498.1409
124.5,-24.5,497.06506
124.75,-24.5,497.14676
125.0,-24.5,497.23657
125.25,-24.5,498.14908
125.5,-24.5,498.91434
125.75,-24.5,499.54947
126.0,-24.5,502.1732
126.25,-24.5,501.513
126.5,-24.5,500.1424
126.75,-24.5,500.2805
127.0,-24.5,501.39102
127.25,-24.5,500.99872
127.5,-24.5,500.61636
127.75,-24.5,500.20267
128.0,-24.5,499.77536
128.25,-24.5,498.6005
128.5,-24.5,496.94305
128.75,-24.5,496.88318
129.0,-24.5,496.25363
129.25,-24.5,495.3114
129.5,-24.5,494.45438
129.75,-24.5,493.47778
130.0,-24.5,493.09503
130.25,-24.5,492.49255
130.5,-24.5,492.8366
130.75,-24.5,492.25494
131.0,-24.5,491.97162
131.25,-24.5,492.6047
131.5,-24.5,492.37256
131.75,-24.5,491.66656
132.0,-24.5,490.26846
132.25,-24.5,490.43823
132.5,-24.5,492.1199
132.75,-24.5,492.55405
133.0,-24.5,492.7384
133.25,-24.5,493.44003
133.5,-24.5,493.218
133.75,-24.5,493.53668
134.0,-24.5,493.67664
134.25,-24.5,494.34265
134.5,-24.5,495.10825
134.75,-24.5,495.80984
135.0,-24.5,497.9083
135.25,-24.5,499.24368
135.5,-24.5,499.41992
135.75,-24.5,499.49838
136.0,-24.5,499.56918
136.25,-24.5,500.35748
136.5,-24.5,501.2853
136.75,-24.5,502.7117
137.0,-24.5,503.50674
137.25,-24.5,503.84393
137.5,-24.5,505.02432
137.75,-24.5,505.6166
138.0,-24.5,505.06665
138.25,-24.5,504.75732
138.5,-24.5,506.60474
138.75,-24.5,506.67065
139.0,-24.5,507.01923
139.25,-24.5,506.60687
139.5,-24.5,504.65305
139.75,-24.5,504.12598
140.0,-24.5,504.66562
140.25,-24.5,503.6475
140.5,-24.5,503.44296
140.75,-24.5,504.0271
141.0,-24.5,503.74042
141.25,-24.5,503.03796
141.5,-24.5,501.3849
141.75,-24.5,499.53998
142.0,-24.5,498.0945
142.25,-24.5,497.36713
142.5,-24.5,497.16672
142.75,-24.5,496.7959
143.0,-24.5,496.60333
143.25,-24.5,494.98828
143.5,-24.5,493.68857
143.75,-24.5,492.92886
144.0,-24.5,492.0654
144.25,-24.5,490.88516
144.5,-24.5,490.72598
144.75,-24.5,489.60043
145.0,-24.5,488.56934
145.25,-24.5,487.77847
145.5,-24.5,487.51132
145.75,-24.5,486.95657
146.0,-24.5,484.50693
146.25,-24.5,480.46793
146.5,-24.5,477.37488
146.75,-24.5,474.40677
147.0,-24.5,473.09763
147.25,-24.5,471.91492
147.5,-24.5,469.997
147.75,-24.5,468.4645
148.0,-24.5,465.42896
148.25,-24.5,463.77908
148.5,-24.5,465.1568
148.75,-24.5,466.50073
149.0,-24.5,463.90005
149.25,-24.5,461.58966
149.5,-24.5,459.0581
149.75,-24.5,457.1695
150.0,-24.5,457.85422
150.25,-24.5,457.86594
150.5,-24.5,453.01617
150.75,-24.5,443.75885
151.0,-24.5,433.71445
151.25,-24.5,428.2257
151.5,-24.5,425.0298
151.75,-24.5,426.9067
152.0,-24.5,431.69382
152.25,-24.5,440.9513
113.25,-24.75,507.0324
113.5,-24.75,507.77975
113.75,-24.75,508.50726
114.0,-24.75,506.83023
114.25,-24.75,504.53107
114.5,-24.75,504.0067
114.75,-24.75,503.50754
115.0,-24.75,503.95724
115.25,-24.75,504.6373
115.5,-24.75,505.50162
115.75,-24.75,504.4653
116.0,-24.75,503.8768
116.25,-24.75,503.25388
116.5,-24.75,501.09055
116.75,-24.75,497.8495
117.0,-24.75,496.13928
117.25,-24.75,494.28488
117.5,-24.75,494.6058
117.75,-24.75,494.4918
118.0,-24.75,493.9023
118.25,-24.75,494.12866
118.5,-24.75,493.50024
118.75,-24.75,493.0238
119.0,-24.75,491.63623
119.25,-24.75,491.18018
119.5,-24.75,491.6778
119.75,-24.75,492.2257
120.0,-24.75,492.31882
120.25,-24.75,491.70566
120.5,-24.75,492.5367
120.75,-24.75,492.82224
121.0,-24.75,493.2043
121.25,-24.75,493.49466
121.5,-24.75,493.1406
121.75,-24.75,493.17117
122.0,-24.75,493.10654
122.25,-24.75,493.31836
122.5,-24.75,493.40027
122.75,-24.75,494.04596
123.0,-24.75,494.87085
123.25,-24.75,496.6528
123.5,-24.75,495.9746
123.75,-24.75,495.26065
124.0,-24.75,495.55002
124.25,-24.75,495.47964
124.5,-24.75,494.4499
124.75,-24.75,494.70038
125.0,-24.75,494.55313
125.25,-24.75,495.47397
125.5,-24.75,496.14038
125.75,-24.75,496.8777
126.0,-24.75,498.6574
126.25,-24.75,499.03317
126.5,-24.75,497.56696
126.75,-24.75,497.87027
127.0,-24.75,499.0834
127.25,-24.75,499.28278
127.5,-24.75,498.94485
127.75,-24.75,498.05276
128.0,-24.75,497.16028
128.25,-24.75,495.32523
128.5,-24.75,494.28513
128.75,-24.75,493.5772
129.0,-24.75,493.51923
129.25,-24.75,491.9098
129.5,-24.75,491.3652
129.75,-24.75,491.4884
130.0,-24.75,491.11334
130.25,-24.75,491.77283
130.5,-24.75,491.83566
130.75,-24.75,491.77158
131.0,-24.75,491.26697
131.25,-24.75,491.902
131.5,-24.75,492.0976
131.75,-24.75,490.9106
132.0,-24.75,490.3345
132.25,-24.75,490.44025
132.5,-24.75,491.8272
132.75,-24.75,492.65
133.0,-24.75,493.3511
133.25,-24.75,493.7848
133.5,-24.75,494.15143
133.75,-24.75,494.2647
134.0,-24.75,493.8704
134.25,-24.75,494.5487
134.5,-24.75,495.62872
134.75,-24.75,496.24805
135.0,-24.75,496.2881
135.25,-24.75,496.97656
135.5,-24.75,497.2768
135.75,-24.75,497.722
136.0,-24.75,497.98456
136.25,-24.75,499.17694
136.5,-24.75,500.56647
136.75,-24.75,501.73077
137.0,-24.75,502.78763
137.25,-24.75,503.01038
137.5,-24.75,503.4381
137.75,-24.75,505.0899
138.0,-24.75,505.70944
138.25,-24.75,504.22742
138.5,-24.75,506.016
138.75,-24.75,506.09204
139.0,-24.75,505.4693
139.25,-24.75,505.44904
139.5,-24.75,502.40842
139.75,-24.75,503.30875
140.0,-24.75,503.941
140.25,-24.75,502.84836
140.5,-24.75,502.77957
140.75,-24.75,503.2543
141.0,-24.75,503.03104
141.25,-24.75,502.2852
141.5,-24.75,501.0498
141.75,-24.75,499.71872
142.0,-24.75,498.23734
142.25,-24.75,496.54883
142.5,-24.75,497.1519
142.75,-24.75,496.64417
143.0,-24.75,496.87717
143.25,-24.75,495.00278
143.5,-24.75,492.48145
143.75,-24.75,492.24188
144.0,-24.75,491.4483
144.25,-24.75,488.93576
144.5,-24.75,487.984
144.75,-24.75,487.86853
145.0,-24.75,486.83224
145.25,-24.75,486.5607
145.5,-24.75,486.24982
145.75,-24.75,485.4124
146.0,-24.75,484.17737
146.25,-24.75,480.56583
146.5,-24.75,477.6924
146.75,-24.75,474.52026
147.0,-24.75,472.4871
147.25,-24.75,471.93185
147.5,-24.75,470.1056
147.75,-24.75,467.16467
148.0,-24.75,464.46832
148.25,-24.75,463.22437
148.5,-24.75,464.5961
148.75,-24.75,466.41055
149.0,-24.75,465.73126
149.25,-24.75,463.15393
149.5,-24.75,460.6176
149.75,-24.75,458.6014
150.0,-24.75,459.25516
150.25,-24.75,458.61026
150.5,-24.75,454.03186
150.75,-24.75,446.79297
151.0,-24.75,437.30496
151.25,-24.75,429.5493
151.5,-24.75,422.71896
151.75,-24.75,421.77515
152.0,-24.75,428.51288
152.25,-24.75,437.25757
152.5,-24.75,445.5307
113.5,-25.0,506.43332
113.75,-25.0,505.74368
114.0,-25.0,506.62888
114.25,-25.0,504.37405
114.5,-25.0,502.2791
114.75,-25.0,502.08575
115.0,-25.0,503.16086
115.25,-25.0,504.37
115.5,-25.0,504.42352
115.75,-25.0,503.96408
116.0,-25.0,503.09247
116.25,-25.0,502.327
116.5,-25.0,500.37903
116.75,-25.0,497.3472
117.0,-25.0,495.99213
117.25,-25.0,495.02625
117.5,-25.0,494.83002
117.75,-25.0,494.44397
118.0,-25.0,493.75388
118.25,-25.0,493.58865
118.5,-25.0,492.7529
118.75,-25.0,491.3363
119.0,-25.0,489.87204
119.25,-25.0,490.25394
119.5,-25.0,491.18332
119.75,-25.0,491.18973
120.0,-25.0,491.61426
120.25,-25.0,490.73923
120.5,-25.0,490.3131
120.75,-25.0,490.7681
121.0,-25.0,490.89545
121.25,-25.0,491.53308
121.5,-25.0,490.38397
121.75,-25.0,489.64856
122.0,-25.0,489.92642
122.25,-25.0,489.9343
122.5,-25.0,490.55865
122.75,-25.0,491.88254
123.0,-25.0,493.0974
123.25,-25.0,494.49658
123.5,-25.0,494.0327
123.75,-25.0,493.1172
124.0,-25.0,492.95358
124.25,-25.0,492.3659
124.5,-25.0,492.05646
124.75,-25.0,491.79968
125.0,-25.0,492.13986
125.25,-25.0,492.33862
125.5,-25.0,492.96365
125.75,-25.0,494.00867
126.0,-25.0,495.91202
126.25,-25.0,496.51428
126.5,-25.0,495.7079
126.75,-25.0,496.0866
127.0,-25.0,496.93903
127.25,-25.0,497.25308
127.5,-25.0,497.00714
127.75,-25.0,495.81445
128.0,-25.0,494.7842
128.25,-25.0,492.42075
128.5,-25.0,491.47888
128.75,-25.0,490.94803
129.0,-25.0,490.596
129.25,-25.0,488.82138
129.5,-25.0,488.75055
129.75,-25.0,488.98303
130.0,-25.0,489.29742
130.25,-25.0,489.8414
130.5,-25.0,490.09515
130.75,-25.0,490.27762
131.0,-25.0,490.3971
131.25,-25.0,491.20233
131.5,-25.0,491.3362
131.75,-25.0,489.96588
132.0,-25.0,489.94434
132.25,-25.0,490.2438
132.5,-25.0,490.7257
132.75,-25.0,491.7579
133.0,-25.0,492.8255
133.25,-25.0,493.51965
133.5,-25.0,494.60764
133.75,-25.0,494.81552
134.0,-25.0,494.43146
134.25,-25.0,494.10077
134.5,-25.0,494.87448
134.75,-25.0,494.57285
135.0,-25.0,493.93195
135.25,-25.0,494.8062
135.5,-25.0,495.9167
135.75,-25.0,496.20114
136.0,-25.0,496.96194
136.25,-25.0,498.06348
136.5,-25.0,499.47693
136.75,-25.0,500.74576
137.0,-25.0,501.5061
137.25,-25.0,502.54993
137.5,-25.0,502.9953
137.75,-25.0,504.15295
138.0,-25.0,505.23282
138.25,-25.0,503.9665
138.5,-25.0,505.4107
138.75,-25.0,505.37305
139.0,-25.0,504.45166
139.25,-25.0,503.77014
139.5,-25.0,502.6073
139.75,-25.0,503.83386
140.0,-25.0,504.42407
140.25,-25.0,502.63098
140.5,-25.0,502.61404
140.75,-25.0,502.31995
141.0,-25.0,501.48517
141.25,-25.0,500.89676
141.5,-25.0,500.81546
141.75,-25.0,499.58768
142.0,-25.0,498.30972
142.25,-25.0,496.95682
142.5,-25.0,497.18375
142.75,-25.0,497.3129
143.0,-25.0,497.2114
143.25,-25.0,495.47037
143.5,-25.0,493.3226
143.75,-25.0,491.63696
144.0,-25.0,489.65903
144.25,-25.0,487.49094
144.5,-25.0,485.5177
144.75,-25.0,485.37247
145.0,-25.0,485.57587
145.25,-25.0,485.4434
145.5,-25.0,484.897
145.75,-25.0,484.32047
146.0,-25.0,482.81506
146.25,-25.0,481.269
146.5,-25.0,478.4584
146.75,-25.0,475.83157
147.0,-25.0,473.83148
147.25,-25.0,472.6388
147.5,-25.0,470.06934
147.75,-25.0,467.16827
148.0,-25.0,464.9484
148.25,-25.0,464.1315
148.5,-25.0,465.31177
148.75,-25.0,466.84192
149.0,-25.0,465.91522
149.25,-25.0,463.32318
149.5,-25.0,460.30948
149.75,-25.0,459.58905
150.0,-25.0,460.24945
150.25,-25.0,459.334
150.5,-25.0,454.3667
150.75,-25.0,446.90237
151.0,-25.0,441.2087
151.25,-25.0,433.7932
151.5,-25.0,425.05972
151.75,-25.0,420.24658
152.0,-25.0,426.19223
152.25,-25.0,431.09436
152.5,-25.0,439.7217
152.75,-25.0,440.37167
113.5,-25.25,505.4085
113.75,-25.25,504.01343
114.0,-25.25,506.87247
114.25,-25.25,504.89667
114.5,-25.25,502.76227
114.75,-25.25,499.8761
115.0,-25.25,501.07605
115.25,-25.25,502.9227
115.5,-25.25,503.1477
115.75,-25.25,503.3126
116.0,-25.25,502.51096
116.25,-25.25,501.434
116.5,-25.25,500.11136
116.75,-25.25,497.7262
117.0,-25.25,496.00797
117.25,-25.25,495.85568
117.5,-25.25,495.658
117.75,-25.25,495.1201
118.0,-25.25,494.38095
118.25,-25.25,493.1821
118.5,-25.25,491.65283
118.75,-25.25,490.3331
119.0,-25.25,489.9039
119.25,-25.25,489.8567
119.5,-25.25,489.85663
119.75,-25.25,489.8847
120.0,-25.25,490.82443
120.25,-25.25,489.31912
120.5,-25.25,488.75903
120.75,-25.25,489.29712
121.0,-25.25,489.1552
121.25,-25.25,488.99927
121.5,-25.25,488.24658
121.75,-25.25,487.12582
122.0,-25.25,487.3239
122.25,-25.25,486.97763
122.5,-25.25,487.8556
122.75,-25.25,489.90894
123.0,-25.25,491.5466
123.25,-25.25,491.83914
123.5,-25.25,491.69424
123.75,-25.25,491.53165
124.0,-25.25,491.01547
124.25,-25.25,490.3686
124.5,-25.25,489.59448
124.75,-25.25,489.47482
125.0,-25.25,489.47217
125.25,-25.25,489.58258
125.5,-25.25,490.64706
125.75,-25.25,491.60666
126.0,-25.25,493.3116
126.25,-25.25,493.4152
126.5,-25.25,493.28964
126.75,-25.25,494.08743
127.0,-25.25,495.00128
127.25,-25.25,494.33118
127.5,-25.25,493.70346
127.75,-25.25,492.98166
128.0,-25.25,491.5283
128.25,-25.25,489.59555
128.5,-25.25,488.94687
128.75,-25.25,488.75632
129.0,-25.25,487.6398
129.25,-25.25,486.12854
129.5,-25.25,486.3413
129.75,-25.25,486.4339
130.0,-25.25,486.56354
130.25,-25.25,486.7111
130.5,-25.25,486.99432
130.75,-25.25,487.20087
131.0,-25.25,488.76
131.25,-25.25,489.62192
131.5,-25.25,490.22284
131.75,-25.25,489.53894
132.0,-25.25,489.29092
132.25,-25.25,489.12158
132.5,-25.25,489.8401
132.75,-25.25,490.67673
133.0,-25.25,491.5654
133.25,-25.25,492.63437
133.5,-25.25,493.8039
133.75,-25.25,494.43216
134.0,-25.25,494.8129
134.25,-25.25,494.3781
134.5,-25.25,493.11548
134.75,-25.25,492.6262
135.0,-25.25,492.56232
135.25,-25.25,493.5526
135.5,-25.25,494.4616
135.75,-25.25,494.6522
136.0,-25.25,495.5876
136.25,-25.25,497.21637
136.5,-25.25,498.0485
136.75,-25.25,499.80676
137.0,-25.25,500.46344
137.25,-25.25,501.32352
137.5,-25.25,501.71832
137.75,-25.25,502.3916
138.0,-25.25,503.0663
138.25,-25.25,503.88663
138.5,-25.25,505.5386
138.75,-25.25,505.47342
139.0,-25.25,504.88333
139.25,-25.25,503.288
139.5,-25.25,504.1084
139.75,-25.25,504.28928
140.0,-25.25,503.33362
140.25,-25.25,501.5013
140.5,-25.25,501.17648
140.75,-25.25,500.65784
141.0,-25.25,500.6295
141.25,-25.25,500.19202
141.5,-25.25,499.63184
141.75,-25.25,498.9578
142.0,-25.25,497.4274
142.25,-25.25,497.77173
142.5,-25.25,496.85965
142.75,-25.25,497.7038
143.0,-25.25,496.8113
143.25,-25.25,495.60538
143.5,-25.25,493.33823
143.75,-25.25,490.95456
144.0,-25.25,488.33127
144.25,-25.25,486.94525
144.5,-25.25,484.99628
144.75,-25.25,484.68005
145.0,-25.25,484.9267
145.25,-25.25,484.49533
145.5,-25.25,483.34366
145.75,-25.25,482.7922
146.0,-25.25,481.98813
146.25,-25.25,480.71228
146.5,-25.25,479.74948
146.75,-25.25,478.10764
147.0,-25.25,476.88205
147.25,-25.25,475.32745
147.5,-25.25,472.2694
147.75,-25.25,469.54138
148.0,-25.25,467.44336
148.25,-25.25,466.91913
148.5,-25.25,467.68463
148.75,-25.25,468.08588
149.0,-25.25,465.56326
149.25,-25.25,462.8604
149.5,-25.25,462.1104
149.75,-25.25,461.44507
150.0,-25.25,461.63885
150.25,-25.25,458.56317
150.5,-25.25,453.22522
150.75,-25.25,448.3211
151.0,-25.25,443.1421
151.25,-25.25,437.58096
151.5,-25.25,430.1442
151.75,-25.25,424.00452
152.0,-25.25,422.52103
152.25,-25.25,427.237
152.5,-25.25,425.91428
152.75,-25.25,424.85513
153.0,-25.25,423.51407
113.75,-25.5,503.97992
114.0,-25.5,505.969
114.25,-25.5,505.40805
114.5,-25.5,501.78488
114.75,-25.5,498.73712
115.0,-25.5,497.49396
115.25,-25.5,499.15292
115.5,-25.5,501.49957
115.75,-25.5,501.4431
116.0,-25.5,500.73645
116.25,-25.5,500.13724
116.5,-25.5,498.74374
116.75,-25.5,496.77942
117.0,-25.5,496.75323
117.25,-25.5,496.36404
117.5,-25.5,496.0238
117.75,-25.5,495.5916
118.0,-25.5,494.47302
118.25,-25.5,492.6839
118.5,-25.5,490.21725
118.75,-25.5,489.54532
119.0,-25.5,489.65216
119.25,-25.5,489.0384
119.5,-25.5,488.4272
119.75,-25.5,488.15698
120.0,-25.5,489.02176
120.25,-25.5,487.53427
120.5,-25.5,487.62476
120.75,-25.5,487.90933
121.0,-25.5,487.2049
121.25,-25.5,486.07553
121.5,-25.5,485.55164
121.75,-25.5,485.33704
122.0,-25.5,485.78156
122.25,-25.5,486.23953
122.5,-25.5,486.67758
122.75,-25.5,487.62372
123.0,-25.5,489.4728
123.25,-25.5,490.14578
123.5,-25.5,489.94446
123.75,-25.5,490.36945
124.0,-25.5,489.73572
124.25,-25.5,488.60678
124.5,-25.5,487.91736
124.75,-25.5,487.63446
125.0,-25.5,487.29477
125.25,-25.5,487.2564
125.5,-25.5,488.10953
125.75,-25.5,489.47794
126.0,-25.5,489.78357
126.25,-25.5,490.49713
126.5,-25.5,491.3146
126.75,-25.5,491.9923
127.0,-25.5,492.2735
127.25,-25.5,491.38116
127.5,-25.5,489.9225
127.75,-25.5,489.41702
128.0,-25.5,487.90115
128.25,-25.5,487.04327
128.5,-25.5,486.5766
128.75,-25.5,485.30783
129.0,-25.5,484.80014
129.25,-25.5,483.7527
129.5,-25.5,483.67798
129.75,-25.5,483.691
130.0,-25.5,483.46524
130.25,-25.5,483.24902
130.5,-25.5,483.66956
130.75,-25.5,484.86838
131.0,-25.5,486.0077
131.25,-25.5,487.075
131.5,-25.5,487.57938
131.75,-25.5,488.39203
132.0,-25.5,487.8211
132.25,-25.5,487.57657
132.5,-25.5,487.8017
132.75,-25.5,488.5957
133.0,-25.5,489.6605
133.25,-25.5,491.1414
133.5,-25.5,491.92404
133.75,-25.5,492.62268
134.0,-25.5,493.10867
134.25,-25.5,492.76575
134.5,-25.5,491.9163
134.75,-25.5,491.5843
135.0,-25.5,491.50693
135.25,-25.5,492.2683
135.5,-25.5,492.48795
135.75,-25.5,493.0301
136.0,-25.5,494.49115
136.25,-25.5,496.57626
136.5,-25.5,497.67242
136.75,-25.5,499.89008
137.0,-25.5,500.48795
137.25,-25.5,500.51315
137.5,-25.5,500.78433
137.75,-25.5,501.3139
138.0,-25.5,502.15518
138.25,-25.5,503.16785
138.5,-25.5,504.3431
138.75,-25.5,504.6572
139.0,-25.5,503.59824
139.25,-25.5,502.53378
139.5,-25.5,502.46002
139.75,-25.5,501.6455
140.0,-25.5,500.28583
140.25,-25.5,499.06076
140.5,-25.5,498.7001
140.75,-25.5,499.1862
141.0,-25.5,499.25467
141.25,-25.5,498.49124
141.5,-25.5,498.0599
141.75,-25.5,498.1375
142.0,-25.5,497.207
142.25,-25.5,497.5224
142.5,-25.5,495.71606
142.75,-25.5,496.2808
143.0,-25.5,495.03427
143.25,-25.5,494.09543
143.5,-25.5,491.69528
143.75,-25.5,489.4823
144.0,-25.5,488.34058
144.25,-25.5,486.78815
144.5,-25.5,486.65314
144.75,-25.5,486.04553
145.0,-25.5,484.70874
145.25,-25.5,483.88992
145.5,-25.5,481.86957
145.75,-25.5,481.92865
146.0,-25.5,481.11945
146.25,-25.5,480.81998
146.5,-25.5,479.8395
146.75,-25.5,479.9888
147.0,-25.5,479.20502
147.25,-25.5,477.32623
147.5,-25.5,474.27805
147.75,-25.5,471.83618
148.0,-25.5,470.6714
148.25,-25.5,471.11356
148.5,-25.5,470.41013
148.75,-25.5,468.74454
149.0,-25.5,466.3105
149.25,-25.5,464.803
149.5,-25.5,464.07114
149.75,-25.5,464.27985
150.0,-25.5,463.69678
150.25,-25.5,458.14536
150.5,-25.5,453.1654
150.75,-25.5,448.75684
151.0,-25.5,444.75504
151.25,-25.5,440.4346
151.5,-25.5,435.9037
151.75,-25.5,429.60556
152.0,-25.5,424.97897
152.25,-25.5,418.74796
152.5,-25.5,415.49988
152.75,-25.5,410.88403
153.0,-25.5,406.40848
153.25,-25.5,415.89267
113.75,-25.75,503.42844
114.0,-25.75,503.13278
114.25,-25.75,506.01575
114.5,-25.75,501.80023
114.75,-25.75,498.15262
115.0,-25.75,496.32904
115.25,-25.75,497.01437
115.5,-25.75,499.03604
115.75,-25.75,499.6377
116.0,-25.75,498.60876
116.25,-25.75,497.81647
116.5,-25.75,497.71887
116.75,-25.75,496.97388
117.0,-25.75,496.39294
117.25,-25.75,495.50043
117.5,-25.75,495.78757
117.75,-25.75,496.0392
118.0,-25.75,494.7835
118.25,-25.75,492.8557
118.5,-25.75,488.87128
118.75,-25.75,488.45615
119.0,-25.75,487.34485
119.25,-25.75,486.62393
119.5,-25.75,486.01422
119.75,-25.75,486.54578
120.0,-25.75,486.67398
120.25,-25.75,487.48315
120.5,-25.75,486.53598
120.75,-25.75,485.8883
121.0,-25.75,485.06503
121.25,-25.75,484.0463
121.5,-25.75,483.84515
121.75,-25.75,484.51752
122.0,-25.75,485.21243
122.25,-25.75,486.44046
122.5,-25.75,486.78772
122.75,-25.75,487.36078
123.0,-25.75,487.97336
123.25,-25.75,488.28992
123.5,-25.75,488.2184
123.75,-25.75,488.48505
124.0,-25.75,488.3304
124.25,-25.75,487.0356
124.5,-25.75,485.69592
124.75,-25.75,486.23196
125.0,-25.75,485.48334
125.25,-25.75,485.43097
125.5,-25.75,485.9856
125.75,-25.75,487.2465
126.0,-25.75,486.6819
126.25,-25.75,487.8812
126.5,-25.75,489.1588
126.75,-25.75,489.47708
127.0,-25.75,489.36478
127.25,-25.75,488.8191
127.5,-25.75,487.77826
127.75,-25.75,486.46042
128.0,-25.75,485.50034
128.25,-25.75,484.34097
128.5,-25.75,483.32382
128.75,-25.75,482.42468
129.0,-25.75,481.7424
129.25,-25.75,481.16013
129.5,-25.75,480.62744
129.75,-25.75,480.8381
130.0,-25.75,480.7088
130.25,-25.75,480.76038
130.5,-25.75,481.54398
130.75,-25.75,482.63525
131.0,-25.75,483.34836
131.25,-25.75,483.92133
131.5,-25.75,484.66098
131.75,-25.75,485.541
132.0,-25.75,486.06186
132.25,-25.75,485.247
132.5,-25.75,485.20724
132.75,-25.75,486.03778
133.0,-25.75,486.8832
133.25,-25.75,488.1704
133.5,-25.75,489.81305
133.75,-25.75,490.2594
134.0,-25.75,489.76752
134.25,-25.75,489.7146
134.5,-25.75,489.7895
134.75,-25.75,489.75266
135.0,-25.75,489.44238
135.25,-25.75,489.30618
135.5,-25.75,490.49106
135.75,-25.75,491.89825
136.0,-25.75,493.4304
136.25,-25.75,494.8759
136.5,-25.75,496.59024
136.75,-25.75,498.735
137.0,-25.75,499.44144
137.25,-25.75,499.84097
137.5,-25.75,500.72388
137.75,-25.75,501.17484
138.0,-25.75,501.45007
138.25,-25.75,501.51617
138.5,-25.75,502.7037
138.75,-25.75,503.2916
139.0,-25.75,502.8282
139.25,-25.75,502.25137
139.5,-25.75,501.55716
139.75,-25.75,499.37738
140.0,-25.75,499.03775
140.25,-25.75,498.00275
140.5,-25.75,497.3153
140.75,-25.75,497.7512
141.0,-25.75,496.35956
141.25,-25.75,496.8771
141.5,-25.75,496.9684
141.75,-25.75,497.60165
142.0,-25.75,496.75232
142.25,-25.75,495.32828
142.5,-25.75,493.99127
142.75,-25.75,494.58426
143.0,-25.75,494.75266
143.25,-25.75,493.8621
143.5,-25.75,491.87863
143.75,-25.75,490.06345
144.0,-25.75,487.78735
144.25,-25.75,487.67725
144.5,-25.75,487.88077
144.75,-25.75,486.586
145.0,-25.75,484.1985
145.25,-25.75,482.01718
145.5,-25.75,480.4521
145.75,-25.75,480.89035
146.0,-25.75,480.6168
146.25,-25.75,480.53198
146.5,-25.75,480.18353
146.75,-25.75,480.9994
147.0,-25.75,480.63318
147.25,-25.75,478.4483
147.5,-25.75,475.24634
147.75,-25.75,473.94937
148.0,-25.75,473.43298
148.25,-25.75,473.92328
148.5,-25.75,473.54468
148.75,-25.75,471.4638
149.0,-25.75,468.16428
149.25,-25.75,466.92056
149.5,-25.75,466.667
149.75,-25.75,466.1285
150.0,-25.75,465.4005
150.25,-25.75,459.80725
150.5,-25.75,454.7132
150.75,-25.75,449.7759
151.0,-25.75,446.17365
151.25,-25.75,443.1592
151.5,-25.75,439.36765
151.75,-25.75,433.01984
152.0,-25.75,426.05212
152.25,-25.75,417.672
152.5,-25.75,409.23898
152.75,-25.75,402.039
153.0,-25.75,396.29993
153.25,-25.75,409.21396
114.0,-26.0,501.9599
114.25,-26.0,501.9153
114.5,-26.0,498.26895
114.75,-26.0,495.10123
115.0,-26.0,493.93048
115.25,-26.0,494.9696
115.5,-26.0,496.9247
115.75,-26.0,497.26575
116.0,-26.0,496.83923
116.25,-26.0,496.5711
116.5,-26.0,496.53613
116.75,-26.0,496.8461
117.0,-26.0,495.8906
117.25,-26.0,494.5926
117.5,-26.0,494.59692
117.75,-26.0,494.5556
118.0,-26.0,494.4796
118.25,-26.0,493.65414
118.5,-26.0,490.9086
118.75,-26.0,489.03363
119.0,-26.0,487.20773
119.25,-26.0,485.6218
119.5,-26.0,484.38354
119.75,-26.0,483.96396
120.0,-26.0,484.7564
120.25,-26.0,485.6595
120.5,-26.0,485.74445
120.75,-26.0,485.01044
121.0,-26.0,483.89825
121.25,-26.0,482.3089
121.5,-26.0,482.26273
121.75,-26.0,484.2698
122.0,-26.0,484.76294
122.25,-26.0,485.54712
122.5,-26.0,486.2446
122.75,-26.0,486.77582
123.0,-26.0,487.2506
123.25,-26.0,486.541
123.5,-26.0,486.5238
123.75,-26.0,486.2105
124.0,-26.0,486.4568
124.25,-26.0,485.5103
124.5,-26.0,484.71893
124.75,-26.0,485.07507
125.0,-26.0,485.12308
125.25,-26.0,485.21097
125.5,-26.0,484.7429
125.75,-26.0,484.08493
126.0,-26.0,484.72934
126.25,-26.0,486.79178
126.5,-26.0,486.65906
126.75,-26.0,486.9791
127.0,-26.0,486.89066
127.25,-26.0,486.11142
127.5,-26.0,485.55383
127.75,-26.0,483.55942
128.0,-26.0,482.98932
128.25,-26.0,482.0287
128.5,-26.0,480.5769
128.75,-26.0,479.28796
129.0,-26.0,478.39636
129.25,-26.0,477.58493
129.5,-26.0,477.70807
129.75,-26.0,477.85855
130.0,-26.0,477.8187
130.25,-26.0,477.773
130.5,-26.0,478.62012
130.75,-26.0,479.86273
131.0,-26.0,480.36038
131.25,-26.0,480.82153
131.5,-26.0,481.74353
131.75,-26.0,481.62897
132.0,-26.0,482.45087
132.25,-26.0,481.9355
132.5,-26.0,482.1615
132.75,-26.0,483.69104
133.0,-26.0,485.57028
133.25,-26.0,486.79105
133.5,-26.0,486.3482
133.75,-26.0,487.5093
134.0,-26.0,487.10107
134.25,-26.0,487.2058
134.5,-26.0,487.53604
134.75,-26.0,487.29977
135.0,-26.0,486.6834
135.25,-26.0,487.52615
135.5,-26.0,488.69568
135.75,-26.0,490.2576
136.0,-26.0,491.79288
136.25,-26.0,492.7683
136.5,-26.0,493.94293
136.75,-26.0,495.58307
137.0,-26.0,497.2429
137.25,-26.0,498.79904
137.5,-26.0,500.59738
137.75,-26.0,501.2707
138.0,-26.0,498.5725
138.25,-26.0,499.27237
138.5,-26.0,500.30447
138.75,-26.0,500.6092
139.0,-26.0,500.61893
139.25,-26.0,501.92963
139.5,-26.0,501.0272
139.75,-26.0,499.28903
140.0,-26.0,498.19315
140.25,-26.0,497.51938
140.5,-26.0,496.42505
140.75,-26.0,495.62723
141.0,-26.0,497.15125
141.25,-26.0,495.70404
141.5,-26.0,495.85165
141.75,-26.0,496.0995
142.0,-26.0,495.31238
142.25,-26.0,492.45544
142.5,-26.0,493.939
142.75,-26.0,493.6975
143.0,-26.0,493.29788
143.25,-26.0,492.32294
143.5,-26.0,491.01645
143.75,-26.0,489.83865
144.0,-26.0,487.69775
144.25,-26.0,488.2165
144.5,-26.0,487.88867
144.75,-26.0,486.43866
145.0,-26.0,484.00067
145.25,-26.0,481.3113
145.5,-26.0,480.34598
145.75,-26.0,480.30447
146.0,-26.0,480.25247
146.25,-26.0,480.40314
146.5,-26.0,480.5448
146.75,-26.0,481.1597
147.0,-26.0,480.69537
147.25,-26.0,478.03113
147.5,-26.0,475.81314
147.75,-26.0,475.26202
148.0,-26.0,475.16092
148.25,-26.0,474.6373
148.5,-26.0,476.11957
148.75,-26.0,474.36603
149.0,-26.0,471.6097
149.25,-26.0,469.84494
149.5,-26.0,468.8704
149.75,-26.0,467.36633
150.0,-26.0,465.42087
150.25,-26.0,459.3851
150.5,-26.0,454.60904
150.75,-26.0,450.35605
151.0,-26.0,446.18768
151.25,-26.0,443.33493
151.5,-26.0,440.15942
151.75,-26.0,434.52264
152.0,-26.0,427.85934
152.25,-26.0,420.48914
152.5,-26.0,412.03775
152.75,-26.0,404.52548
153.0,-26.0,400.90112
153.25,-26.0,410.853
153.5,-26.0,425.17184
113.75,-26.25,497.86853
114.0,-26.25,499.6397
114.25,-26.25,500.60135
114.5,-26.25,497.6473
114.75,-26.25,494.28015
115.0,-26.25,492.66458
115.25,-26.25,492.8936
115.5,-26.25,493.94217
115.75,-26.25,495.24353
116.0,-26.25,494.81754
116.25,-26.25,494.86658
116.5,-26.25,495.4666
116.75,-26.25,496.14673
117.0,-26.25,495.1403
117.25,-26.25,494.79266
117.5,-26.25,494.55804
117.75,-26.25,494.4876
118.0,-26.25,493.773
118.25,-26.25,493.271
118.5,-26.25,491.97162
118.75,-26.25,489.87582
119.0,-26.25,486.63943
119.25,-26.25,484.69388
119.5,-26.25,484.00266
119.75,-26.25,484.0082
120.0,-26.25,483.07336
120.25,-26.25,484.29483
120.5,-26.25,484.43228
120.75,-26.25,484.0268
121.0,-26.25,483.41925
121.25,-26.25,482.68558
121.5,-26.25,481.8571
121.75,-26.25,482.46948
122.0,-26.25,483.8894
122.25,-26.25,484.73178
122.5,-26.25,485.55002
122.75,-26.25,485.9185
123.0,-26.25,487.28476
123.25,-26.25,485.57474
123.5,-26.25,486.04584
123.75,-26.25,485.4683
124.0,-26.25,484.71042
124.25,-26.25,484.3163
124.5,-26.25,484.59662
124.75,-26.25,483.5026
125.0,-26.25,482.97705
125.25,-26.25,482.36145
125.5,-26.25,482.06305
125.75,-26.25,482.2247
126.0,-26.25,481.99777
126.25,-26.25,483.2569
126.5,-26.25,484.30905
126.75,-26.25,485.1573
127.0,-26.25,484.8567
127.25,-26.25,483.57974
127.5,-26.25,482.97778
127.75,-26.25,481.61893
128.0,-26.25,480.7192
128.25,-26.25,479.59058
128.5,-26.25,478.11847
128.75,-26.25,476.3797
129.0,-26.25,475.30548
129.25,-26.25,475.235
129.5,-26.25,475.25085
129.75,-26.25,475.10883
130.0,-26.25,475.2431
130.25,-26.25,476.10153
130.5,-26.25,476.57294
130.75,-26.25,477.37766
131.0,-26.25,477.8249
131.25,-26.25,477.737
131.5,-26.25,478.03403
131.75,-26.25,478.06805
132.0,-26.25,477.66898
132.25,-26.25,478.48862
132.5,-26.25,480.05386
132.75,-26.25,481.49222
133.0,-26.25,482.2336
133.25,-26.25,482.99957
133.5,-26.25,483.90323
133.75,-26.25,483.84854
134.0,-26.25,483.26944
134.25,-26.25,483.06775
134.5,-26.25,483.35068
134.75,-26.25,484.0773
135.0,-26.25,484.56876
135.25,-26.25,485.16913
135.5,-26.25,486.9822
135.75,-26.25,488.236
136.0,-26.25,489.716
136.25,-26.25,491.35236
136.5,-26.25,491.57294
136.75,-26.25,492.41626
137.0,-26.25,494.91565
137.25,-26.25,496.0277
137.5,-26.25,496.9994
137.75,-26.25,497.0054
138.0,-26.25,497.3387
138.25,-26.25,497.78436
138.5,-26.25,498.39844
138.75,-26.25,498.24948
139.0,-26.25,498.5273
139.25,-26.25,499.86197
139.5,-26.25,499.97876
139.75,-26.25,497.46545
140.0,-26.25,495.92377
140.25,-26.25,496.18484
140.5,-26.25,494.77176
140.75,-26.25,493.90112
141.0,-26.25,495.1539
141.25,-26.25,495.04895
141.5,-26.25,494.6712
141.75,-26.25,494.50952
142.0,-26.25,493.99542
142.25,-26.25,492.84378
142.5,-26.25,491.458
142.75,-26.25,490.50903
143.0,-26.25,491.82202
143.25,-26.25,491.30228
143.5,-26.25,490.20486
143.75,-26.25,488.6888
144.0,-26.25,486.3781
144.25,-26.25,487.51782
144.5,-26.25,486.8889
144.75,-26.25,485.16156
145.0,-26.25,482.7231
145.25,-26.25,480.71234
145.5,-26.25,479.80746
145.75,-26.25,479.611
146.0,-26.25,479.90616
146.25,-26.25,479.80185
146.5,-26.25,480.4251
146.75,-26.25,480.19617
147.0,-26.25,480.13834
147.25,-26.25,477.72015
147.5,-26.25,475.9715
147.75,-26.25,475.19382
148.0,-26.25,474.95053
148.25,-26.25,474.94412
148.5,-26.25,476.3546
148.75,-26.25,475.13312
149.0,-26.25,473.26944
149.25,-26.25,471.41684
149.5,-26.25,469.1989
149.75,-26.25,467.40784
150.0,-26.25,464.7257
150.25,-26.25,458.53528
150.5,-26.25,453.1486
150.75,-26.25,449.308
151.0,-26.25,446.952
151.25,-26.25,445.3737
151.5,-26.25,442.25363
151.75,-26.25,436.2214
152.0,-26.25,430.47015
152.25,-26.25,423.30215
152.5,-26.25,415.87445
152.75,-26.25,410.72928
153.0,-26.25,404.11945
153.25,-26.25,413.96744
113.5,-26.5,490.62064
113.75,-26.5,492.8369
114.0,-26.5,498.62415
114.25,-26.5,497.3092
114.5,-26.5,494.9121
114.75,-26.5,492.0143
115.0,-26.5,490.22824
115.25,-26.5,490.43558
115.5,-26.5,492.40338
115.75,-26.5,493.2177
116.0,-26.5,492.6574
116.25,-26.5,493.1408
116.5,-26.5,494.90527
116.75,-26.5,495.85355
117.0,-26.5,494.89783
117.25,-26.5,493.96606
117.5,-26.5,493.05667
117.75,-26.5,491.75577
118.0,-26.5,491.0302
118.25,-26.5,490.16812
118.5,-26.5,489.0211
118.75,-26.5,487.1762
119.0,-26.5,485.19955
119.25,-26.5,483.3379
119.5,-26.5,482.43045
119.75,-26.5,481.87454
120.0,-26.5,482.0701
120.25,-26.5,482.31497
120.5,-26.5,482.79446
120.75,-26.5,482.60056
121.0,-26.5,482.208
121.25,-26.5,482.16614
121.5,-26.5,481.1973
121.75,-26.5,481.3184
122.0,-26.5,482.50842
122.25,-26.5,483.49896
122.5,-26.5,484.11456
122.75,-26.5,484.2197
123.0,-26.5,484.23633
123.25,-26.5,483.8961
123.5,-26.5,484.03708
123.75,-26.5,483.4218
124.0,-26.5,482.69482
124.25,-26.5,483.31296
124.5,-26.5,482.1316
124.75,-26.5,482.1949
125.0,-26.5,482.10333
125.25,-26.5,481.11954
125.5,-26.5,480.66885
125.75,-26.5,480.1752
126.0,-26.5,481.06418
126.25,-26.5,482.21164
126.5,-26.5,482.4553
126.75,-26.5,482.98135
127.0,-26.5,483.595
127.25,-26.5,481.45966
127.5,-26.5,479.7338
127.75,-26.5,478.4499
128.0,-26.5,477.84384
128.25,-26.5,476.53116
128.5,-26.5,474.98676
128.75,-26.5,474.03687
129.0,-26.5,473.09973
129.25,-26.5,472.52774
129.5,-26.5,472.7819
129.75,-26.5,472.62073
130.0,-26.5,472.6698
130.25,-26.5,472.9541
130.5,-26.5,474.0347
130.75,-26.5,474.82004
131.0,-26.5,475.4868
131.25,-26.5,475.61957
131.5,-26.5,475.79138
131.75,-26.5,476.19016
132.0,-26.5,475.4541
132.25,-26.5,475.48083
132.5,-26.5,477.55835
132.75,-26.5,478.78455
133.0,-26.5,479.38794
133.25,-26.5,480.52078
133.5,-26.5,480.71408
133.75,-26.5,480.62787
134.0,-26.5,480.62726
134.25,-26.5,480.60742
134.5,-26.5,481.00473
134.75,-26.5,481.6457
135.0,-26.5,481.47437
135.25,-26.5,482.44852
135.5,-26.5,483.7688
135.75,-26.5,485.31097
136.0,-26.5,487.12363
136.25,-26.5,488.1025
136.5,-26.5,488.4008
136.75,-26.5,489.91904
137.0,-26.5,492.30734
137.25,-26.5,493.89423
137.5,-26.5,494.0847
137.75,-26.5,493.67734
138.0,-26.5,496.26788
138.25,-26.5,497.60696
138.5,-26.5,497.593
138.75,-26.5,496.27228
139.0,-26.5,496.4829
139.25,-26.5,496.21982
139.5,-26.5,495.42395
139.75,-26.5,496.2183
140.0,-26.5,496.12225
140.25,-26.5,495.71423
140.5,-26.5,494.1777
140.75,-26.5,493.33652
141.0,-26.5,493.22485
141.25,-26.5,494.94196
141.5,-26.5,494.50055
141.75,-26.5,493.57413
142.0,-26.5,493.09937
142.25,-26.5,494.31314
142.5,-26.5,490.9516
142.75,-26.5,489.63757
143.0,-26.5,490.361
143.25,-26.5,490.54626
143.5,-26.5,489.97772
143.75,-26.5,488.17142
144.0,-26.5,486.0669
144.25,-26.5,487.10986
144.5,-26.5,486.1105
144.75,-26.5,484.43582
145.0,-26.5,481.9916
145.25,-26.5,480.52274
145.5,-26.5,479.26123
145.75,-26.5,478.99393
146.0,-26.5,478.87717
146.25,-26.5,479.0095
146.5,-26.5,479.27338
146.75,-26.5,478.8572
147.0,-26.5,478.9388
147.25,-26.5,478.05792
147.5,-26.5,476.33203
147.75,-26.5,475.95874
148.0,-26.5,475.2817
148.25,-26.5,474.8087
148.5,-26.5,475.04504
148.75,-26.5,475.027
149.0,-26.5,474.1428
149.25,-26.5,472.44955
149.5,-26.5,470.0563
149.75,-26.5,467.7771
150.0,-26.5,464.26074
150.25,-26.5,459.6781
150.5,-26.5,455.3639
150.75,-26.5,452.72934
151.0,-26.5,450.62158
151.25,-26.5,448.51895
151.5,-26.5,445.6557
151.75,-26.5,438.51526
152.0,-26.5,430.83472
152.25,-26.5,423.1683
152.5,-26.5,415.28403
152.75,-26.5,409.80133
153.0,-26.5,407.54642
153.25,-26.5,413.69873
153.5,-26.5,425.87115
113.5,-26.75,486.0262
113.75,-26.75,488.0096
114.0,-26.75,492.97928
114.25,-26.75,492.51718
114.5,-26.75,491.28027
114.75,-26.75,488.8973
115.0,-26.75,487.99573
115.25,-26.75,488.14886
115.5,-26.75,490.1728
115.75,-26.75,489.91885
116.0,-26.75,490.4744
116.25,-26.75,492.56366
116.5,-26.75,493.99768
116.75,-26.75,493.77994
117.0,-26.75,493.39932
117.25,-26.75,491.9404
117.5,-26.75,489.6045
117.75,-26.75,488.31696
118.0,-26.75,488.54288
118.25,-26.75,488.29178
118.5,-26.75,486.26642
118.75,-26.75,486.41415
119.0,-26.75,484.2788
119.25,-26.75,482.5224
119.5,-26.75,481.3114
119.75,-26.75,482.20734
120.0,-26.75,481.5065
120.25,-26.75,481.808
120.5,-26.75,482.63052
120.75,-26.75,482.06165
121.0,-26.75,481.18588
121.25,-26.75,480.9182
121.5,-26.75,479.46982
121.75,-26.75,480.90515
122.0,-26.75,481.56613
122.25,-26.75,481.11914
122.5,-26.75,481.2762
122.75,-26.75,481.35806
123.0,-26.75,481.24677
123.25,-26.75,481.042
123.5,-26.75,482.0094
123.75,-26.75,481.67783
124.0,-26.75,480.9118
124.25,-26.75,480.72092
124.5,-26.75,480.26773
124.75,-26.75,480.54938
125.0,-26.75,480.67682
125.25,-26.75,480.21313
125.5,-26.75,479.8731
125.75,-26.75,478.3798
126.0,-26.75,478.86807
126.25,-26.75,479.75024
126.5,-26.75,480.70486
126.75,-26.75,480.7437
127.0,-26.75,480.73465
127.25,-26.75,479.1022
127.5,-26.75,476.52078
127.75,-26.75,475.49304
128.0,-26.75,474.91776
128.25,-26.75,474.2659
128.5,-26.75,473.19547
128.75,-26.75,472.46268
129.0,-26.75,471.71857
129.25,-26.75,471.1015
129.5,-26.75,470.1271
129.75,-26.75,470.2627
130.0,-26.75,470.22092
130.25,-26.75,470.32596
130.5,-26.75,471.8207
130.75,-26.75,472.3105
131.0,-26.75,472.85666
131.25,-26.75,473.2084
131.5,-26.75,473.34152
131.75,-26.75,473.16806
132.0,-26.75,473.0991
132.25,-26.75,473.40527
132.5,-26.75,474.03122
132.75,-26.75,475.31403
133.0,-26.75,476.5448
133.25,-26.75,477.76804
133.5,-26.75,478.35294
133.75,-26.75,478.39612
134.0,-26.75,478.11328
134.25,-26.75,477.77664
134.5,-26.75,478.01685
134.75,-26.75,477.74176
135.0,-26.75,477.62115
135.25,-26.75,479.61832
135.5,-26.75,480.9396
135.75,-26.75,482.22397
136.0,-26.75,484.11206
136.25,-26.75,485.38394
136.5,-26.75,486.6806
136.75,-26.75,488.39694
137.0,-26.75,490.4199
137.25,-26.75,490.93304
137.5,-26.75,490.74133
137.75,-26.75,493.14954
138.0,-26.75,493.5101
138.25,-26.75,495.81866
138.5,-26.75,495.94955
138.75,-26.75,493.87616
139.0,-26.75,491.94507
139.25,-26.75,492.57724
139.5,-26.75,493.66852
139.75,-26.75,494.60242
140.0,-26.75,495.70947
140.25,-26.75,495.80212
140.5,-26.75,494.8397
140.75,-26.75,492.90628
141.0,-26.75,492.55106
141.25,-26.75,493.5838
141.5,-26.75,493.74734
141.75,-26.75,492.7264
142.0,-26.75,492.5799
142.25,-26.75,493.30032
142.5,-26.75,491.26794
142.75,-26.75,490.15836
143.0,-26.75,490.20297
143.25,-26.75,489.98077
143.5,-26.75,489.26416
143.75,-26.75,487.78357
144.0,-26.75,486.08466
144.25,-26.75,486.2574
144.5,-26.75,484.1981
144.75,-26.75,482.54382
145.0,-26.75,481.42758
145.25,-26.75,479.77133
145.5,-26.75,479.00543
145.75,-26.75,479.47144
146.0,-26.75,479.3545
146.25,-26.75,478.6328
146.5,-26.75,477.94305
146.75,-26.75,477.73514
147.0,-26.75,477.91232
147.25,-26.75,477.138
147.5,-26.75,476.0213
147.75,-26.75,475.56818
148.0,-26.75,475.1169
148.25,-26.75,474.39117
148.5,-26.75,474.23944
148.75,-26.75,474.4892
149.0,-26.75,474.02072
149.25,-26.75,472.4888
149.5,-26.75,470.0262
149.75,-26.75,468.34387
150.0,-26.75,465.33627
150.25,-26.75,461.20605
150.5,-26.75,457.87317
150.75,-26.75,455.12952
151.0,-26.75,453.3965
151.25,-26.75,451.8046
151.5,-26.75,448.85028
151.75,-26.75,440.74832
152.0,-26.75,431.39517
152.25,-26.75,422.2554
152.5,-26.75,414.5427
152.75,-26.75,409.5492
153.0,-26.75,407.17194
153.25,-26.75,413.40085
153.5,-26.75,424.33768
113.5,-27.0,481.51184
113.75,-27.0,483.44263
114.0,-27.0,486.91736
114.25,-27.0,487.89124
114.5,-27.0,486.96948
114.75,-27.0,487.2502
115.0,-27.0,486.43304
115.25,-27.0,485.98828
115.5,-27.0,488.2155
115.75,-27.0,487.87167
116.0,-27.0,489.3208
116.25,-27.0,491.38992
116.5,-27.0,492.0207
116.75,-27.0,492.06024
117.0,-27.0,490.98657
117.25,-27.0,490.55212
117.5,-27.0,488.3523
117.75,-27.0,486.15997
118.0,-27.0,486.16864
118.25,-27.0,486.11115
118.5,-27.0,484.04553
118.75,-27.0,484.9578
119.0,-27.0,482.83212
119.25,-27.0,481.36243
119.5,-27.0,480.92175
119.75,-27.0,481.55164
120.0,-27.0,480.86142
120.25,-27.0,480.98727
120.5,-27.0,481.44635
120.75,-27.0,481.38367
121.0,-27.0,480.6701
121.25,-27.0,480.37845
121.5,-27.0,479.2368
121.75,-27.0,480.34692
122.0,-27.0,479.82895
122.25,-27.0,479.71576
122.5,-27.0,479.1025
122.75,-27.0,479.09866
123.0,-27.0,479.13266
123.25,-27.0,479.30768
123.5,-27.0,479.94067
123.75,-27.0,479.64154
124.0,-27.0,478.9232
124.25,-27.0,478.66592
124.5,-27.0,478.06195
124.75,-27.0,478.12192
125.0,-27.0,478.84164
125.25,-27.0,478.01086
125.5,-27.0,478.0671
125.75,-27.0,477.15744
126.0,-27.0,477.4626
126.25,-27.0,478.56134
126.5,-27.0,478.9478
126.75,-27.0,478.89258
127.0,-27.0,478.75494
127.25,-27.0,476.3017
127.5,-27.0,474.87595
127.75,-27.0,473.4892
128.0,-27.0,472.46878
128.25,-27.0,471.9147
128.5,-27.0,471.74957
128.75,-27.0,470.76385
129.0,-27.0,470.16797
129.25,-27.0,469.04434
129.5,-27.0,468.31195
129.75,-27.0,467.78198
130.0,-27.0,467.93027
130.25,-27.0,468.32208
130.5,-27.0,468.8222
130.75,-27.0,469.9647
131.0,-27.0,470.72128
131.25,-27.0,470.46002
131.5,-27.0,470.26486
131.75,-27.0,469.67413
132.0,-27.0,470.48978
132.25,-27.0,470.48163
132.5,-27.0,470.9957
132.75,-27.0,471.27536
133.0,-27.0,472.7822
133.25,-27.0,474.2375
133.5,-27.0,475.651
133.75,-27.0,476.05533
134.0,-27.0,476.68793
134.25,-27.0,476.2433
134.5,-27.0,476.2213
134.75,-27.0,475.87033
135.0,-27.0,476.32806
135.25,-27.0,477.7097
135.5,-27.0,479.02737
135.75,-27.0,479.998
136.0,-27.0,481.88876
136.25,-27.0,482.76465
136.5,-27.0,484.70734
136.75,-27.0,486.4629
137.0,-27.0,489.2945
137.25,-27.0,489.7715
137.5,-27.0,491.2287
137.75,-27.0,493.43164
138.0,-27.0,493.0464
138.25,-27.0,494.81088
138.5,-27.0,494.34363
138.75,-27.0,492.13153
139.0,-27.0,490.031
139.25,-27.0,491.0308
139.5,-27.0,492.06763
139.75,-27.0,493.81442
140.0,-27.0,494.41287
140.25,-27.0,494.2192
140.5,-27.0,495.10165
140.75,-27.0,493.96036
141.0,-27.0,492.38266
141.25,-27.0,492.59558
141.5,-27.0,492.62595
141.75,-27.0,491.6494
142.0,-27.0,491.66745
142.25,-27.0,491.20157
142.5,-27.0,490.3882
142.75,-27.0,489.16992
143.0,-27.0,490.234
143.25,-27.0,490.03656
143.5,-27.0,487.953
143.75,-27.0,486.67078
144.0,-27.0,485.56195
144.25,-27.0,485.6389
144.5,-27.0,483.521
144.75,-27.0,481.69595
145.0,-27.0,480.38342
145.25,-27.0,479.13983
145.5,-27.0,478.53815
145.75,-27.0,479.0746
146.0,-27.0,478.27124
146.25,-27.0,477.70468
146.5,-27.0,477.34756
146.75,-27.0,476.734
147.0,-27.0,476.68677
147.25,-27.0,476.28122
147.5,-27.0,475.5817
147.75,-27.0,474.94336
148.0,-27.0,474.51022
148.25,-27.0,473.8604
148.5,-27.0,473.79398
148.75,-27.0,473.55353
149.0,-27.0,473.5564
149.25,-27.0,472.18875
149.5,-27.0,470.63437
149.75,-27.0,468.74466
150.0,-27.0,465.85944
150.25,-27.0,462.62845
150.5,-27.0,458.72238
150.75,-27.0,456.05484
151.0,-27.0,454.65338
151.25,-27.0,453.87198
151.5,-27.0,451.75342
151.75,-27.0,442.6381
152.0,-27.0,431.7051
152.25,-27.0,421.99786
152.5,-27.0,413.63474
152.75,-27.0,408.37738
153.0,-27.0,405.95905
153.25,-27.0,412.72015
153.5,-27.0,423.4348
113.75,-27.25,480.3059
114.0,-27.25,483.018
114.25,-27.25,485.0539
114.5,-27.25,485.1072
114.75,-27.25,485.17206
115.0,-27.25,484.90698
115.25,-27.25,484.77252
115.5,-27.25,487.0815
115.75,-27.25,486.9901
116.0,-27.25,488.7263
116.25,-27.25,489.77087
116.5,-27.25,490.40665
116.75,-27.25,490.60257
117.0,-27.25,489.98254
117.25,-27.25,489.2593
117.5,-27.25,488.18903
117.75,-27.25,485.8448
118.0,-27.25,484.1277
118.25,-27.25,483.66565
118.5,-27.25,481.62982
118.75,-27.25,481.64795
119.0,-27.25,480.07825
119.25,-27.25,479.18326
119.5,-27.25,478.97165
119.75,-27.25,479.7324
120.0,-27.25,479.1956
120.25,-27.25,479.41403
120.5,-27.25,479.7758
120.75,-27.25,479.4097
121.0,-27.25,479.04044
121.25,-27.25,478.9039
121.5,-27.25,478.88748
121.75,-27.25,479.5768
122.0,-27.25,478.91083
122.25,-27.25,478.06152
122.5,-27.25,477.41895
122.75,-27.25,477.6196
123.0,-27.25,477.6827
123.25,-27.25,477.93982
123.5,-27.25,478.28967
123.75,-27.25,477.88132
124.0,-27.25,476.99725
124.25,-27.25,476.56238
124.5,-27.25,475.54477
124.75,-27.25,476.1872
125.0,-27.25,476.56833
125.25,-27.25,476.73148
125.5,-27.25,476.27377
125.75,-27.25,476.06482
126.0,-27.25,476.42053
126.25,-27.25,477.61166
126.5,-27.25,476.18173
126.75,-27.25,475.84677
127.0,-27.25,476.64966
127.25,-27.25,474.4789
127.5,-27.25,473.02026
127.75,-27.25,471.6459
128.0,-27.25,470.7752
128.25,-27.25,469.62317
128.5,-27.25,469.50458
128.75,-27.25,468.89188
129.0,-27.25,467.75534
129.25,-27.25,466.6872
129.5,-27.25,466.26514
129.75,-27.25,465.99042
130.0,-27.25,465.9582
130.25,-27.25,465.7708
130.5,-27.25,465.9748
130.75,-27.25,467.138
131.0,-27.25,467.77737
131.25,-27.25,468.00406
131.5,-27.25,467.25168
131.75,-27.25,466.76303
132.0,-27.25,467.71707
132.25,-27.25,467.67392
132.5,-27.25,468.426
132.75,-27.25,468.85422
133.0,-27.25,469.71085
133.25,-27.25,470.8681
133.5,-27.25,472.12482
133.75,-27.25,472.95074
134.0,-27.25,473.92175
134.25,-27.25,475.5043
134.5,-27.25,475.38333
134.75,-27.25,475.2662
135.0,-27.25,475.67352
135.25,-27.25,476.33994
135.5,-27.25,476.46036
135.75,-27.25,477.87842
136.0,-27.25,479.25034
136.25,-27.25,480.03427
136.5,-27.25,481.98038
136.75,-27.25,485.53424
137.0,-27.25,488.08853
137.25,-27.25,489.81625
137.5,-27.25,491.53677
137.75,-27.25,492.83295
138.0,-27.25,493.12735
138.25,-27.25,494.12552
138.5,-27.25,491.77185
138.75,-27.25,489.5235
139.0,-27.25,489.3144
139.25,-27.25,489.85193
139.5,-27.25,491.07968
139.75,-27.25,493.16714
140.0,-27.25,493.2583
140.25,-27.25,493.81467
140.5,-27.25,494.03787
140.75,-27.25,492.7464
141.0,-27.25,491.24466
141.25,-27.25,491.49454
141.5,-27.25,490.9891
141.75,-27.25,490.22256
142.0,-27.25,489.5979
142.25,-27.25,489.293
142.5,-27.25,489.3291
142.75,-27.25,489.11176
143.0,-27.25,489.9055
143.25,-27.25,488.13855
143.5,-27.25,486.22437
143.75,-27.25,485.679
144.0,-27.25,484.84772
144.25,-27.25,484.5669
144.5,-27.25,481.88788
144.75,-27.25,479.94647
145.0,-27.25,479.38065
145.25,-27.25,478.4829
145.5,-27.25,477.59332
145.75,-27.25,478.52316
146.0,-27.25,478.3481
146.25,-27.25,478.21408
146.5,-27.25,477.63074
146.75,-27.25,476.73615
147.0,-27.25,475.92883
147.25,-27.25,476.402
147.5,-27.25,475.7439
147.75,-27.25,475.3288
148.0,-27.25,474.42307
148.25,-27.25,473.56113
148.5,-27.25,473.2177
148.75,-27.25,472.56232
149.0,-27.25,472.2751
149.25,-27.25,471.63065
149.5,-27.25,470.2453
149.75,-27.25,468.9472
150.0,-27.25,466.38168
150.25,-27.25,463.2614
150.5,-27.25,458.99176
150.75,-27.25,456.4107
151.0,-27.25,454.84995
151.25,-27.25,454.25662
151.5,-27.25,451.86496
151.75,-27.25,443.2181
152.0,-27.25,432.1472
152.25,-27.25,422.66635
152.5,-27.25,414.1556
152.75,-27.25,408.1901
153.0,-27.25,406.53754
153.25,-27.25,413.12375
153.5,-27.25,423.82202
113.75,-27.5,478.81357
114.0,-27.5,481.42755
114.25,-27.5,484.35068
114.5,-27.5,484.1861
114.75,-27.5,482.35263
115.0,-27.5,481.94135
115.25,-27.5,482.8831
115.5,-27.5,485.19348
115.75,-27.5,485.48926
116.0,-27.5,486.78656
116.25,-27.5,487.49875
116.5,-27.5,488.61896
116.75,-27.5,489.20306
117.0,-27.5,489.08002
117.25,-27.5,487.37918
117.5,-27.5,486.23294
117.75,-27.5,485.942
118.0,-27.5,484.10306
118.25,-27.5,482.40634
118.5,-27.5,480.0764
118.75,-27.5,478.5467
119.0,-27.5,478.09485
119.25,-27.5,477.07828
119.5,-27.5,476.87466
119.75,-27.5,477.10583
120.0,-27.5,477.11847
120.25,-27.5,476.9888
120.5,-27.5,476.83316
120.75,-27.5,476.5288
121.0,-27.5,476.13916
121.25,-27.5,476.67834
121.5,-27.5,477.30142
121.75,-27.5,477.9125
122.0,-27.5,477.10965
122.25,-27.5,475.93314
122.5,-27.5,476.62598
122.75,-27.5,476.97186
123.0,-27.5,476.4314
123.25,-27.5,476.49854
123.5,-27.5,476.62405
123.75,-27.5,475.53665
124.0,-27.5,474.6589
124.25,-27.5,474.1044
124.5,-27.5,472.91074
124.75,-27.5,474.35217
125.0,-27.5,474.99786
125.25,-27.5,475.21066
125.5,-27.5,474.97342
125.75,-27.5,474.7195
126.0,-27.5,475.65775
126.25,-27.5,475.39038
126.5,-27.5,473.51428
126.75,-27.5,473.6291
127.0,-27.5,473.57068
127.25,-27.5,472.85944
127.5,-27.5,471.88696
127.75,-27.5,469.8317
128.0,-27.5,468.9269
128.25,-27.5,467.9748
128.5,-27.5,467.12054
128.75,-27.5,466.7986
129.0,-27.5,465.69666
129.25,-27.5,464.31232
129.5,-27.5,464.03555
129.75,-27.5,464.14774
130.0,-27.5,463.67023
130.25,-27.5,463.60236
130.5,-27.5,464.13788
130.75,-27.5,464.60043
131.0,-27.5,465.47122
131.25,-27.5,465.75668
131.5,-27.5,465.6541
131.75,-27.5,465.6346
132.0,-27.5,465.72186
132.25,-27.5,465.75714
132.5,-27.5,466.47858
132.75,-27.5,466.64868
133.0,-27.5,467.42407
133.25,-27.5,467.85538
133.5,-27.5,468.2465
133.75,-27.5,469.35248
134.0,-27.5,471.6056
134.25,-27.5,473.29785
134.5,-27.5,474.39465
134.75,-27.5,473.9514
135.0,-27.5,473.8876
135.25,-27.5,474.24075
135.5,-27.5,474.42233
135.75,-27.5,475.57773
136.0,-27.5,476.4057
136.25,-27.5,477.41895
136.5,-27.5,479.2098
136.75,-27.5,483.63052
137.0,-27.5,486.20236
137.25,-27.5,488.2023
137.5,-27.5,490.2618
137.75,-27.5,490.91586
138.0,-27.5,491.54077
138.25,-27.5,491.09164
138.5,-27.5,488.79608
138.75,-27.5,488.2499
139.0,-27.5,488.3913
139.25,-27.5,488.8306
139.5,-27.5,490.41507
139.75,-27.5,492.10782
140.0,-27.5,492.02637
140.25,-27.5,492.8749
140.5,-27.5,492.79028
140.75,-27.5,490.5574
141.0,-27.5,489.23404
141.25,-27.5,489.59952
141.5,-27.5,488.66528
141.75,-27.5,488.10025
142.0,-27.5,487.0669
142.25,-27.5,487.838
142.5,-27.5,487.28555
142.75,-27.5,488.505
143.0,-27.5,487.8638
143.25,-27.5,485.83224
143.5,-27.5,485.00598
143.75,-27.5,484.57755
144.0,-27.5,484.16406
144.25,-27.5,482.25458
144.5,-27.5,479.56796
144.75,-27.5,478.88895
145.0,-27.5,478.23135
145.25,-27.5,477.7871
145.5,-27.5,476.5993
145.75,-27.5,478.26205
146.0,-27.5,478.8636
146.25,-27.5,478.26138
146.5,-27.5,477.9153
146.75,-27.5,477.14377
147.0,-27.5,475.88803
147.25,-27.5,477.1261
147.5,-27.5,476.40314
147.75,-27.5,475.79477
148.0,-27.5,474.67502
148.25,-27.5,473.44678
148.5,-27.5,472.82916
148.75,-27.5,471.73297
149.0,-27.5,470.2136
149.25,-27.5,469.68015
149.5,-27.5,469.83194
149.75,-27.5,468.50067
150.0,-27.5,467.12247
150.25,-27.5,463.97534
150.5,-27.5,459.39645
150.75,-27.5,456.61774
151.0,-27.5,454.8749
151.25,-27.5,453.19904
151.5,-27.5,449.60748
151.75,-27.5,442.17236
152.0,-27.5,433.12668
152.25,-27.5,423.47406
152.5,-27.5,416.09415
152.75,-27.5,410.28036
153.0,-27.5,408.77985
153.25,-27.5,415.05203
153.5,-27.5,425.58438
113.75,-27.75,477.0836
114.0,-27.75,480.47113
114.25,-27.75,482.74243
114.5,-27.75,482.4821
114.75,-27.75,480.301
115.0,-27.75,479.78772
115.25,-27.75,480.40338
115.5,-27.75,481.3656
115.75,-27.75,483.91382
116.0,-27.75,484.4903
116.25,-27.75,485.08978
116.5,-27.75,486.02612
116.75,-27.75,486.79587
117.0,-27.75,486.5693
117.25,-27.75,484.68732
117.5,-27.75,484.4332
117.75,-27.75,484.08252
118.0,-27.75,483.7297
118.25,-27.75,482.61768
118.5,-27.75,479.75366
118.75,-27.75,477.60712
119.0,-27.75,476.84686
119.25,-27.75,475.75452
119.5,-27.75,475.75168
119.75,-27.75,475.48233
120.0,-27.75,475.61554
120.25,-27.75,474.9086
120.5,-27.75,474.50146
120.75,-27.75,473.67505
121.0,-27.75,473.5444
121.25,-27.75,474.463
121.5,-27.75,475.2323
121.75,-27.75,475.89258
122.0,-27.75,474.82114
122.25,-27.75,474.16678
122.5,-27.75,474.1574
122.75,-27.75,475.65485
123.0,-27.75,474.54938
123.25,-27.75,473.74127
123.5,-27.75,473.52826
123.75,-27.75,472.51282
124.0,-27.75,471.70776
124.25,-27.75,471.27124
124.5,-27.75,470.89224
124.75,-27.75,471.94037
125.0,-27.75,473.03278
125.25,-27.75,473.04605
125.5,-27.75,473.5843
125.75,-27.75,472.49112
126.0,-27.75,473.7483
126.25,-27.75,473.3845
126.5,-27.75,472.62158
126.75,-27.75,472.09848
127.0,-27.75,470.64996
127.25,-27.75,469.88876
127.5,-27.75,470.024
127.75,-27.75,467.76376
128.0,-27.75,467.33472
128.25,-27.75,466.55972
128.5,-27.75,466.14835
128.75,-27.75,464.88226
129.0,-27.75,463.56744
129.25,-27.75,462.04138
129.5,-27.75,462.064
129.75,-27.75,461.95743
130.0,-27.75,461.84106
130.25,-27.75,461.53693
130.5,-27.75,462.59473
130.75,-27.75,462.73184
131.0,-27.75,463.7624
131.25,-27.75,464.7751
131.5,-27.75,464.88168
131.75,-27.75,464.49234
132.0,-27.75,464.71085
132.25,-27.75,464.60385
132.5,-27.75,464.0957
132.75,-27.75,463.88907
133.0,-27.75,464.57956
133.25,-27.75,464.6333
133.5,-27.75,465.0655
133.75,-27.75,465.88965
134.0,-27.75,468.22974
134.25,-27.75,471.0255
134.5,-27.75,471.74167
134.75,-27.75,472.00247
135.0,-27.75,471.34393
135.25,-27.75,471.83572
135.5,-27.75,472.86414
135.75,-27.75,474.32202
136.0,-27.75,474.65323
136.25,-27.75,475.51703
136.5,-27.75,476.6567
136.75,-27.75,480.6364
137.0,-27.75,483.32968
137.25,-27.75,484.81012
137.5,-27.75,490.42883
137.75,-27.75,488.90082
138.0,-27.75,488.4711
138.25,-27.75,488.16077
138.5,-27.75,486.2922
138.75,-27.75,486.3617
139.0,-27.75,486.81964
139.25,-27.75,488.32263
139.5,-27.75,489.43356
139.75,-27.75,491.06833
140.0,-27.75,491.09875
140.25,-27.75,490.02646
140.5,-27.75,490.0436
140.75,-27.75,489.3882
141.0,-27.75,487.83563
141.25,-27.75,487.59164
141.5,-27.75,486.90582
141.75,-27.75,484.6733
142.0,-27.75,484.31018
142.25,-27.75,485.69913
142.5,-27.75,484.72025
142.75,-27.75,486.36377
143.0,-27.75,484.88428
143.25,-27.75,484.47183
143.5,-27.75,484.17224
143.75,-27.75,483.38376
144.0,-27.75,482.33594
144.25,-27.75,479.53104
144.5,-27.75,478.52145
144.75,-27.75,477.78424
145.0,-27.75,477.28
145.25,-27.75,476.52185
145.5,-27.75,476.55518
145.75,-27.75,478.1921
146.0,-27.75,478.1844
146.25,-27.75,478.2287
146.5,-27.75,477.53616
146.75,-27.75,476.50748
147.0,-27.75,475.31595
147.25,-27.75,476.95874
147.5,-27.75,476.1201
147.75,-27.75,475.73135
148.0,-27.75,475.094
148.25,-27.75,473.56238
148.5,-27.75,472.81012
148.75,-27.75,471.07837
149.0,-27.75,469.51202
149.25,-27.75,468.75223
149.5,-27.75,468.9446
149.75,-27.75,468.2528
150.0,-27.75,467.09207
150.25,-27.75,463.94873
150.5,-27.75,459.63632
150.75,-27.75,456.9431
151.0,-27.75,455.14987
151.25,-27.75,453.48627
151.5,-27.75,449.5786
151.75,-27.75,442.46118
152.0,-27.75,434.2918
152.25,-27.75,425.6043
152.5,-27.75,417.90604
152.75,-27.75,412.01715
153.0,-27.75,410.36307
153.25,-27.75,416.5782
153.5,-27.75,424.57132
153.75,-27.75,432.80493
114.0,-28.0,476.3879
114.25,-28.0,479.10153
114.5,-28.0,479.52594
114.75,-28.0,478.06802
115.0,-28.0,477.85226
115.25,-28.0,478.0869
115.5,-28.0,478.95255
115.75,-28.0,480.7373
116.0,-28.0,482.19464
116.25,-28.0,483.49084
116.5,-28.0,483.8508
116.75,-28.0,484.0651
117.0,-28.0,483.7711
117.25,-28.0,482.8448
117.5,-28.0,483.09323
117.75,-28.0,482.16852
118.0,-28.0,481.2952
118.25,-28.0,480.5522
118.5,-28.0,479.1444
118.75,-28.0,477.4829
119.0,-28.0,476.0934
119.25,-28.0,474.5686
119.5,-28.0,473.87204
119.75,-28.0,474.43246
120.0,-28.0,474.40366
120.25,-28.0,474.165
120.5,-28.0,472.24982
120.75,-28.0,470.88803
121.0,-28.0,471.0557
121.25,-28.0,471.99457
121.5,-28.0,472.75967
121.75,-28.0,472.8863
122.0,-28.0,472.7961
122.25,-28.0,472.7064
122.5,-28.0,471.56976
122.75,-28.0,471.61035
123.0,-28.0,471.76898
123.25,-28.0,471.45236
123.5,-28.0,470.6011
123.75,-28.0,470.46597
124.0,-28.0,469.58328
124.25,-28.0,469.0108
124.5,-28.0,468.61575
124.75,-28.0,469.43982
125.0,-28.0,470.4872
125.25,-28.0,470.5482
125.5,-28.0,470.58905
125.75,-28.0,470.8612
126.0,-28.0,471.11743
126.25,-28.0,471.6874
126.5,-28.0,471.71402
126.75,-28.0,470.63104
127.0,-28.0,469.06497
127.25,-28.0,466.6957
127.5,-28.0,466.492
127.75,-28.0,465.91095
128.0,-28.0,465.2274
128.25,-28.0,465.02646
128.5,-28.0,464.67703
128.75,-28.0,462.94977
129.0,-28.0,461.7466
129.25,-28.0,461.12006
129.5,-28.0,460.89273
129.75,-28.0,461.39224
130.0,-28.0,461.2414
130.25,-28.0,460.81403
130.5,-28.0,460.79788
130.75,-28.0,461.2535
131.0,-28.0,461.7753
131.25,-28.0,462.92343
131.5,-28.0,463.45605
131.75,-28.0,463.33264
132.0,-28.0,463.56583
132.25,-28.0,463.38693
132.5,-28.0,463.38492
132.75,-28.0,462.13297
133.0,-28.0,461.8402
133.25,-28.0,461.11017
133.5,-28.0,460.81012
133.75,-28.0,462.17706
134.0,-28.0,464.01376
134.25,-28.0,467.526
134.5,-28.0,469.1623
134.75,-28.0,468.84277
135.0,-28.0,469.343
135.25,-28.0,470.03513
135.5,-28.0,471.63126
135.75,-28.0,472.78372
136.0,-28.0,473.12213
136.25,-28.0,474.23276
136.5,-28.0,475.73975
136.75,-28.0,476.98465
137.0,-28.0,475.80533
137.25,-28.0,476.4514
137.5,-28.0,488.19882
137.75,-28.0,487.8826
138.0,-28.0,487.8946
138.25,-28.0,486.4821
138.5,-28.0,484.64728
138.75,-28.0,485.02573
139.0,-28.0,485.31314
139.25,-28.0,486.79
139.5,-28.0,487.90778
139.75,-28.0,489.24753
140.0,-28.0,491.06198
140.25,-28.0,489.78778
140.5,-28.0,490.4842
140.75,-28.0,488.76443
141.0,-28.0,486.82608
141.25,-28.0,486.42264
141.5,-28.0,486.34662
141.75,-28.0,483.783
142.0,-28.0,483.17758
142.25,-28.0,483.47238
142.5,-28.0,482.42523
142.75,-28.0,482.3007
143.0,-28.0,482.07452
143.25,-28.0,482.08575
143.5,-28.0,482.67026
143.75,-28.0,482.19794
144.0,-28.0,478.95288
144.25,-28.0,477.24832
144.5,-28.0,476.61346
144.75,-28.0,476.35013
145.0,-28.0,476.51495
145.25,-28.0,476.40326
145.5,-28.0,477.46576
145.75,-28.0,477.74402
146.0,-28.0,477.5702
146.25,-28.0,477.2481
146.5,-28.0,476.34656
146.75,-28.0,475.3597
147.0,-28.0,475.478
147.25,-28.0,475.97696
147.5,-28.0,476.16882
147.75,-28.0,476.0477
148.0,-28.0,474.58466
148.25,-28.0,473.46564
148.5,-28.0,472.81403
148.75,-28.0,470.8066
149.0,-28.0,470.3657
149.25,-28.0,469.66617
149.5,-28.0,469.0522
149.75,-28.0,468.28433
150.0,-28.0,467.00632
150.25,-28.0,464.49594
150.5,-28.0,460.6378
150.75,-28.0,457.77368
151.0,-28.0,456.7459
151.25,-28.0,457.05853
151.5,-28.0,452.72565
151.75,-28.0,444.74146
152.0,-28.0,435.58563
152.25,-28.0,426.3363
152.5,-28.0,417.6027
152.75,-28.0,411.27386
153.0,-28.0,410.6872
153.25,-28.0,414.7694
153.5,-28.0,421.5992
153.75,-28.0,432.47824
114.25,-28.25,472.172
114.5,-28.25,472.70844
114.75,-28.25,474.112
115.0,-28.25,475.50906
115.25,-28.25,476.6457
115.5,-28.25,478.53864
115.75,-28.25,479.19675
116.0,-28.25,479.03485
116.25,-28.25,480.82224
116.5,-28.25,481.21512
116.75,-28.25,481.5831
117.0,-28.25,482.02493
117.25,-28.25,482.38782
117.5,-28.25,482.11404
117.75,-28.25,481.08514
118.0,-28.25,480.49765
118.25,-28.25,479.20145
118.5,-28.25,477.386
118.75,-28.25,476.98013
119.0,-28.25,475.7004
119.25,-28.25,474.60855
119.5,-28.25,473.98987
119.75,-28.25,473.85516
120.0,-28.25,473.36047
120.25,-28.25,472.35632
120.5,-28.25,471.454
120.75,-28.25,470.15878
121.0,-28.25,469.18845
121.25,-28.25,469.85205
121.5,-28.25,470.07138
121.75,-28.25,469.8897
122.0,-28.25,469.66357
122.25,-28.25,469.5071
122.5,-28.25,469.35098
122.75,-28.25,468.6819
123.0,-28.25,468.79642
123.25,-28.25,468.91403
123.5,-28.25,468.8715
123.75,-28.25,468.1061
124.0,-28.25,468.359
124.25,-28.25,467.68576
124.5,-28.25,466.97324
124.75,-28.25,466.9053
125.0,-28.25,467.4891
125.25,-28.25,467.68185
125.5,-28.25,468.11435
125.75,-28.25,468.53543
126.0,-28.25,468.6507
126.25,-28.25,469.38458
126.5,-28.25,469.1797
126.75,-28.25,467.92184
127.0,-28.25,466.45328
127.25,-28.25,464.7264
127.5,-28.25,464.06836
127.75,-28.25,464.7882
128.0,-28.25,464.64966
128.25,-28.25,464.05148
128.5,-28.25,463.1136
128.75,-28.25,461.07883
129.0,-28.25,460.44354
129.25,-28.25,459.88608
129.5,-28.25,459.85306
129.75,-28.25,460.21936
130.0,-28.25,459.96503
130.25,-28.25,459.0085
130.5,-28.25,458.8474
130.75,-28.25,459.3416
131.0,-28.25,459.56403
131.25,-28.25,459.75653
131.5,-28.25,460.49475
131.75,-28.25,460.8914
132.0,-28.25,461.37817
132.25,-28.25,461.4472
132.5,-28.25,461.44797
132.75,-28.25,460.12897
133.0,-28.25,458.96106
133.25,-28.25,458.28937
133.5,-28.25,458.09122
133.75,-28.25,459.40927
134.0,-28.25,460.70865
134.25,-28.25,464.28964
134.5,-28.25,466.33096
134.75,-28.25,466.52518
135.0,-28.25,467.1598
135.25,-28.25,468.50653
135.5,-28.25,471.0018
135.75,-28.25,471.6157
136.0,-28.25,471.23624
136.25,-28.25,473.91522
136.5,-28.25,475.41873
136.75,-28.25,479.34378
137.0,-28.25,478.93762
137.25,-28.25,474.5881
137.5,-28.25,473.83084
137.75,-28.25,484.3443
138.0,-28.25,484.50488
138.25,-28.25,482.635
138.5,-28.25,482.87277
138.75,-28.25,483.08508
139.0,-28.25,482.92493
139.25,-28.25,483.8378
139.5,-28.25,484.87012
139.75,-28.25,486.43268
140.0,-28.25,488.8368
140.25,-28.25,489.08786
140.5,-28.25,487.88684
140.75,-28.25,486.2287
141.0,-28.25,484.34036
141.25,-28.25,483.64038
141.5,-28.25,482.34427
141.75,-28.25,482.05377
142.0,-28.25,481.94376
142.25,-28.25,479.74106
142.5,-28.25,479.75385
142.75,-28.25,479.41394
143.0,-28.25,480.9341
143.25,-28.25,480.77274
143.5,-28.25,479.93555
143.75,-28.25,478.53784
144.0,-28.25,476.02792
144.25,-28.25,475.57486
144.5,-28.25,475.24698
144.75,-28.25,474.76923
145.0,-28.25,474.7196
145.25,-28.25,476.88217
145.5,-28.25,477.1413
145.75,-28.25,476.59747
146.0,-28.25,476.3249
146.25,-28.25,475.6704
146.5,-28.25,474.47144
146.75,-28.25,473.66898
147.0,-28.25,474.07468
147.25,-28.25,475.1395
147.5,-28.25,475.28165
147.75,-28.25,475.09003
148.0,-28.25,474.34042
148.25,-28.25,473.5095
148.5,-28.25,473.07156
148.75,-28.25,472.52493
149.0,-28.25,471.46576
149.25,-28.25,470.23477
149.5,-28.25,469.01773
149.75,-28.25,468.62244
150.0,-28.25,467.34686
150.25,-28.25,466.20264
150.5,-28.25,463.6283
150.75,-28.25,460.60205
151.0,-28.25,458.2287
151.25,-28.25,458.28143
151.5,-28.25,455.65784
151.75,-28.25,448.06168
152.0,-28.25,438.9926
152.25,-28.25,429.07596
152.5,-28.25,417.3803
152.75,-28.25,409.70023
153.0,-28.25,407.64987
153.25,-28.25,412.5766
153.5,-28.25,421.6946
153.75,-28.25,429.00473
114.25,-28.5,466.83383
114.5,-28.5,467.61115
114.75,-28.5,471.18695
115.0,-28.5,473.62756
115.25,-28.5,475.57275
115.5,-28.5,477.02185
115.75,-28.5,477.41876
116.0,-28.5,476.9737
116.25,-28.5,477.0613
116.5,-28.5,479.15732
116.75,-28.5,479.43005
117.0,-28.5,479.2875
117.25,-28.5,479.17175
117.5,-28.5,479.21573
117.75,-28.5,478.85785
118.0,-28.5,477.41364
118.25,-28.5,476.87906
118.5,-28.5,477.52988
118.75,-28.5,475.23514
119.0,-28.5,474.86038
119.25,-28.5,474.2209
119.5,-28.5,473.498
119.75,-28.5,472.3089
120.0,-28.5,471.3293
120.25,-28.5,471.07144
120.5,-28.5,470.2836
120.75,-28.5,469.1522
121.0,-28.5,467.5663
121.25,-28.5,467.00958
121.5,-28.5,466.5351
121.75,-28.5,466.28244
122.0,-28.5,466.64066
122.25,-28.5,466.90607
122.5,-28.5,465.79022
122.75,-28.5,465.85385
123.0,-28.5,465.71075
123.25,-28.5,466.13644
123.5,-28.5,466.4876
123.75,-28.5,467.24243
124.0,-28.5,466.14914
124.25,-28.5,465.68143
124.5,-28.5,465.89197
124.75,-28.5,467.0133
125.0,-28.5,465.85547
125.25,-28.5,465.88193
125.5,-28.5,466.37628
125.75,-28.5,466.46735
126.0,-28.5,466.81604
126.25,-28.5,466.3809
126.5,-28.5,465.92242
126.75,-28.5,464.8895
127.0,-28.5,463.79565
127.25,-28.5,462.63342
127.5,-28.5,462.98892
127.75,-28.5,462.5805
128.0,-28.5,461.93674
128.25,-28.5,461.64624
128.5,-28.5,460.56403
128.75,-28.5,459.24
129.0,-28.5,458.84256
129.25,-28.5,458.42596
129.5,-28.5,458.37454
129.75,-28.5,458.22452
130.0,-28.5,458.75333
130.25,-28.5,458.28848
130.5,-28.5,457.75153
130.75,-28.5,457.6904
131.0,-28.5,457.79544
131.25,-28.5,458.0068
131.5,-28.5,458.277
131.75,-28.5,458.2369
132.0,-28.5,458.27454
132.25,-28.5,458.67468
132.5,-28.5,458.47003
132.75,-28.5,457.15314
133.0,-28.5,456.11533
133.25,-28.5,455.56754
133.5,-28.5,455.76144
133.75,-28.5,456.77985
134.0,-28.5,458.32523
134.25,-28.5,461.36496
134.5,-28.5,462.96567
134.75,-28.5,463.26917
135.0,-28.5,463.67343
135.25,-28.5,465.15466
135.5,-28.5,467.7036
135.75,-28.5,468.73392
136.0,-28.5,468.16223
136.25,-28.5,469.21512
136.5,-28.5,471.84137
136.75,-28.5,474.5655
137.0,-28.5,474.73184
137.5,-28.5,472.3027
137.75,-28.5,481.51898
138.0,-28.5,482.09906
138.25,-28.5,480.82144
138.5,-28.5,481.0949
138.75,-28.5,482.0992
139.0,-28.5,481.6124
139.25,-28.5,482.1735
139.5,-28.5,482.5289
139.75,-28.5,482.98477
140.0,-28.5,485.50702
140.25,-28.5,485.03848
140.5,-28.5,484.43283
140.75,-28.5,483.8442
141.0,-28.5,482.99655
141.25,-28.5,482.26315
141.5,-28.5,479.6373
141.75,-28.5,479.17606
142.0,-28.5,478.85464
142.25,-28.5,478.1876
142.5,-28.5,478.81018
142.75,-28.5,479.8591
143.0,-28.5,479.60376
143.25,-28.5,479.21436
143.5,-28.5,477.08737
143.75,-28.5,475.73904
144.0,-28.5,474.79865
144.25,-28.5,474.14453
144.5,-28.5,473.91318
144.75,-28.5,473.73657
145.0,-28.5,474.3012
145.25,-28.5,474.81088
145.5,-28.5,475.4578
145.75,-28.5,475.32584
146.0,-28.5,474.96417
146.25,-28.5,473.70798
146.5,-28.5,472.85065
146.75,-28.5,472.18918
147.0,-28.5,472.3002
147.25,-28.5,472.8119
147.5,-28.5,473.223
147.75,-28.5,474.16364
148.0,-28.5,473.08945
148.25,-28.5,472.44733
148.5,-28.5,472.67877
148.75,-28.5,472.09448
149.0,-28.5,471.17535
149.25,-28.5,469.80792
149.5,-28.5,468.41138
149.75,-28.5,467.40817
150.0,-28.5,466.71872
150.25,-28.5,465.61624
150.5,-28.5,464.2609
150.75,-28.5,462.18353
151.0,-28.5,460.3257
151.25,-28.5,460.39975
151.5,-28.5,457.90466
151.75,-28.5,449.84332
152.0,-28.5,439.68198
152.25,-28.5,428.91156
152.5,-28.5,417.29755
152.75,-28.5,408.3335
153.0,-28.5,406.29202
153.25,-28.5,411.28735
153.5,-28.5,420.31082
153.75,-28.5,427.20215
114.5,-28.75,466.59705
114.75,-28.75,469.68622
115.0,-28.75,473.51767
115.25,-28.75,474.85577
115.5,-28.75,474.82904
115.75,-28.75,475.10452
116.0,-28.75,475.65433
116.25,-28.75,474.76175
116.5,-28.75,475.22827
116.75,-28.75,475.10165
117.0,-28.75,476.42587
117.25,-28.75,477.9451
117.5,-28.75,477.2225
117.75,-28.75,476.39523
118.0,-28.75,475.70917
118.25,-28.75,475.11273
118.5,-28.75,474.47165
118.75,-28.75,472.78967
119.0,-28.75,473.4054
119.25,-28.75,472.6465
119.5,-28.75,471.41107
119.75,-28.75,470.2544
120.0,-28.75,469.7256
120.25,-28.75,468.40198
120.5,-28.75,468.3625
120.75,-28.75,468.04446
121.0,-28.75,466.9354
121.25,-28.75,466.23285
121.5,-28.75,464.7546
121.75,-28.75,464.19562
122.0,-28.75,463.50534
122.25,-28.75,463.18774
122.5,-28.75,462.56424
122.75,-28.75,461.3856
123.0,-28.75,462.12625
123.25,-28.75,463.34268
123.5,-28.75,464.2583
123.75,-28.75,463.8527
124.0,-28.75,463.22995
124.25,-28.75,462.55927
124.5,-28.75,462.72046
124.75,-28.75,463.25397
125.0,-28.75,463.6848
125.25,-28.75,464.00723
125.5,-28.75,464.26422
125.75,-28.75,463.72067
126.0,-28.75,463.2802
126.25,-28.75,463.54263
126.5,-28.75,462.10114
126.75,-28.75,461.3903
127.0,-28.75,460.88864
127.25,-28.75,459.90207
127.5,-28.75,459.95767
127.75,-28.75,460.30215
128.0,-28.75,460.35135
128.25,-28.75,459.2757
128.5,-28.75,457.87137
128.75,-28.75,456.8076
129.0,-28.75,456.54413
129.25,-28.75,456.0128
129.5,-28.75,456.2949
129.75,-28.75,456.7791
130.0,-28.75,456.864
130.25,-28.75,456.3988
130.5,-28.75,456.36163
130.75,-28.75,456.5101
131.0,-28.75,456.8809
131.25,-28.75,456.53775
131.5,-28.75,456.08707
131.75,-28.75,456.2167
132.0,-28.75,456.07498
132.25,-28.75,456.07263
132.5,-28.75,456.3795
132.75,-28.75,456.26724
133.0,-28.75,454.81433
133.25,-28.75,454.10602
133.5,-28.75,454.6521
133.75,-28.75,454.39822
134.0,-28.75,456.25555
134.25,-28.75,458.66766
134.5,-28.75,460.47736
134.75,-28.75,461.16763
135.0,-28.75,461.8383
135.25,-28.75,462.36368
135.5,-28.75,464.11465
135.75,-28.75,466.3335
136.0,-28.75,467.33295
136.25,-28.75,467.99445
136.5,-28.75,469.43646
136.75,-28.75,470.89395
137.0,-28.75,469.57272
137.75,-28.75,472.96054
138.0,-28.75,476.11508
138.25,-28.75,477.4613
138.5,-28.75,477.9761
138.75,-28.75,478.3619
139.0,-28.75,479.40976
139.25,-28.75,480.904
139.5,-28.75,482.2048
139.75,-28.75,482.55963
140.0,-28.75,483.3233
140.25,-28.75,480.39175
140.5,-28.75,480.33978
140.75,-28.75,480.91385
141.0,-28.75,481.0475
141.25,-28.75,478.6508
141.5,-28.75,476.92975
141.75,-28.75,477.01315
142.0,-28.75,476.6127
142.25,-28.75,476.23413
142.5,-28.75,477.34555
142.75,-28.75,480.9853
143.0,-28.75,480.40668
143.25,-28.75,478.62097
143.5,-28.75,475.31302
143.75,-28.75,473.73376
144.0,-28.75,473.2237
144.25,-28.75,472.42484
144.5,-28.75,472.20422
144.75,-28.75,472.05142
145.0,-28.75,472.641
145.25,-28.75,472.04285
145.5,-28.75,473.02844
145.75,-28.75,473.62
146.0,-28.75,472.9145
146.25,-28.75,471.67285
146.5,-28.75,471.2087
146.75,-28.75,470.78415
147.0,-28.75,470.98026
147.25,-28.75,471.54
147.5,-28.75,472.29578
147.75,-28.75,472.1331
148.0,-28.75,471.2698
148.25,-28.75,471.1153
148.5,-28.75,471.54745
148.75,-28.75,470.74432
149.0,-28.75,469.98892
149.25,-28.75,468.6241
149.5,-28.75,467.67804
149.75,-28.75,466.88885
150.0,-28.75,465.3489
150.25,-28.75,464.2355
150.5,-28.75,462.61752
150.75,-28.75,460.86957
151.0,-28.75,459.9442
151.25,-28.75,460.88202
151.5,-28.75,456.53793
151.75,-28.75,448.4227
152.0,-28.75,437.8834
152.25,-28.75,426.81738
152.5,-28.75,416.41876
152.75,-28.75,409.05057
153.0,-28.75,407.29156
153.25,-28.75,412.85422
153.5,-28.75,421.57147
153.75,-28.75,426.96472
114.5,-29.0,465.6725
114.75,-29.0,469.2674
115.0,-29.0,473.607
115.25,-29.0,473.69397
115.5,-29.0,471.57266
115.75,-29.0,471.90244
116.0,-29.0,473.27814
116.25,-29.0,473.3706
116.5,-29.0,472.88986
116.75,-29.0,472.02856
117.0,-29.0,472.99698
117.25,-29.0,474.23557
117.5,-29.0,474.83902
117.75,-29.0,473.98093
118.0,-29.0,473.96332
118.25,-29.0,473.44724
118.5,-29.0,472.31335
118.75,-29.0,471.09265
119.0,-29.0,471.7469
119.25,-29.0,471.7032
119.5,-29.0,470.63834
119.75,-29.0,469.27573
120.0,-29.0,468.0332
120.25,-29.0,466.60175
120.5,-29.0,465.53467
120.75,-29.0,465.3304
121.0,-29.0,465.3617
121.25,-29.0,463.9366
121.5,-29.0,463.0737
121.75,-29.0,462.7303
122.0,-29.0,462.0345
122.25,-29.0,460.30756
122.5,-29.0,459.79312
122.75,-29.0,459.31897
123.0,-29.0,459.20798
123.25,-29.0,459.83987
123.5,-29.0,460.2319
123.75,-29.0,460.5415
124.0,-29.0,460.5733
124.25,-29.0,460.8091
124.5,-29.0,460.85028
124.75,-29.0,460.01257
125.0,-29.0,460.5371
125.25,-29.0,460.93768
125.5,-29.0,460.5079
125.75,-29.0,460.41415
126.0,-29.0,461.31857
126.25,-29.0,460.8272
126.5,-29.0,458.86804
126.75,-29.0,458.73123
127.0,-29.0,458.3962
127.25,-29.0,457.63394
127.5,-29.0,457.2215
127.75,-29.0,456.7847
128.0,-29.0,457.81784
128.25,-29.0,457.11243
128.5,-29.0,456.1888
128.75,-29.0,455.40237
129.0,-29.0,454.71265
129.25,-29.0,454.3415
129.5,-29.0,454.65692
129.75,-29.0,454.9177
130.0,-29.0,455.17725
130.25,-29.0,455.03778
130.5,-29.0,455.82996
130.75,-29.0,456.06357
131.0,-29.0,455.54456
131.25,-29.0,454.92404
131.5,-29.0,454.49918
131.75,-29.0,454.04233
132.0,-29.0,454.60294
132.25,-29.0,454.47214
132.5,-29.0,454.9676
132.75,-29.0,454.9829
133.0,-29.0,454.47757
133.25,-29.0,454.21786
133.5,-29.0,453.83072
133.75,-29.0,453.34186
134.0,-29.0,454.1901
134.25,-29.0,455.41022
134.5,-29.0,457.25568
134.75,-29.0,458.78946
135.0,-29.0,459.55975
135.25,-29.0,461.74838
135.5,-29.0,463.4988
135.75,-29.0,465.42975
136.0,-29.0,465.9934
136.25,-29.0,466.6294
136.5,-29.0,467.4491
136.75,-29.0,469.9118
137.0,-29.0,469.23126
137.25,-29.0,470.75452
137.5,-29.0,470.1412
137.75,-29.0,471.84906
138.0,-29.0,473.67032
138.25,-29.0,475.1863
138.5,-29.0,474.5143
138.75,-29.0,474.42075
139.0,-29.0,474.74997
139.25,-29.0,478.04376
139.5,-29.0,479.85583
139.75,-29.0,480.47693
140.0,-29.0,482.22354
140.25,-29.0,479.30386
140.5,-29.0,478.2868
140.75,-29.0,479.09042
141.0,-29.0,478.75885
141.25,-29.0,476.18246
141.5,-29.0,474.7798
141.75,-29.0,474.09064
142.0,-29.0,473.84384
142.25,-29.0,474.54654
142.5,-29.0,476.40366
142.75,-29.0,478.24475
143.0,-29.0,478.85294
143.25,-29.0,476.97726
143.5,-29.0,474.6921
143.75,-29.0,472.09763
144.0,-29.0,471.09427
144.25,-29.0,470.44067
144.5,-29.0,470.13452
144.75,-29.0,470.87137
145.0,-29.0,470.8096
145.25,-29.0,469.78165
145.5,-29.0,470.86063
145.75,-29.0,471.4
146.0,-29.0,470.90283
146.25,-29.0,469.68707
146.5,-29.0,469.30695
146.75,-29.0,469.6571
147.0,-29.0,470.05502
147.25,-29.0,470.12213
147.5,-29.0,470.79926
147.75,-29.0,471.2202
148.0,-29.0,469.97162
148.25,-29.0,469.87573
148.5,-29.0,469.64423
148.75,-29.0,468.69955
149.0,-29.0,467.91656
149.25,-29.0,467.07693
149.5,-29.0,466.1618
149.75,-29.0,465.37262
150.0,-29.0,464.51187
150.25,-29.0,462.43396
150.5,-29.0,460.6423
150.75,-29.0,458.88428
151.0,-29.0,458.62692
151.25,-29.0,459.66763
151.5,-29.0,455.277
151.75,-29.0,447.3895
152.0,-29.0,436.7783
152.25,-29.0,425.69815
152.5,-29.0,415.1427
152.75,-29.0,407.6197
153.0,-29.0,406.7197
153.25,-29.0,411.875
153.5,-29.0,419.27737
153.75,-29.0,427.44592
114.75,-29.25,467.56805
115.0,-29.25,469.3626
115.25,-29.25,470.29865
115.5,-29.25,468.70645
115.75,-29.25,468.69766
116.0,-29.25,469.7434
116.25,-29.25,471.01645
116.5,-29.25,470.89175
116.75,-29.25,470.20224
117.0,-29.25,469.96643
117.25,-29.25,471.1229
117.5,-29.25,471.4394
117.75,-29.25,472.05484
118.0,-29.25,471.9186
118.25,-29.25,470.85156
118.5,-29.25,469.6501
118.75,-29.25,468.69507
119.0,-29.25,468.5342
119.25,-29.25,468.84323
119.5,-29.25,468.91663
119.75,-29.25,467.6795
120.0,-29.25,465.4185
120.25,-29.25,465.19348
120.5,-29.25,464.0389
120.75,-29.25,463.4396
121.0,-29.25,463.00436
121.25,-29.25,462.68997
121.5,-29.25,462.2545
121.75,-29.25,461.5038
122.0,-29.25,460.50638
122.25,-29.25,459.44302
122.5,-29.25,457.3923
122.75,-29.25,457.11398
123.0,-29.25,456.88885
123.25,-29.25,456.37543
123.5,-29.25,456.398
123.75,-29.25,456.55228
124.0,-29.25,457.55646
124.25,-29.25,457.7054
124.5,-29.25,457.4764
124.75,-29.25,456.82938
125.0,-29.25,457.308
125.25,-29.25,457.78464
125.5,-29.25,457.52487
125.75,-29.25,457.95724
126.0,-29.25,458.63937
126.25,-29.25,457.8387
126.5,-29.25,457.07037
126.75,-29.25,456.48996
127.0,-29.25,455.9334
127.25,-29.25,455.14322
127.5,-29.25,454.69788
127.75,-29.25,453.74615
128.0,-29.25,454.27103
128.25,-29.25,454.47998
128.5,-29.25,453.96503
128.75,-29.25,453.37283
129.0,-29.25,453.04077
129.25,-29.25,452.53577
129.5,-29.25,452.4312
129.75,-29.25,452.3976
130.0,-29.25,452.44528
130.25,-29.25,452.87076
130.5,-29.25,453.58173
130.75,-29.25,453.15408
131.0,-29.25,452.12534
131.25,-29.25,453.29398
131.5,-29.25,452.79916
131.75,-29.25,452.56668
132.0,-29.25,452.79703
132.25,-29.25,452.92737
132.5,-29.25,453.26367
132.75,-29.25,453.6009
133.0,-29.25,453.4195
133.25,-29.25,453.40207
133.5,-29.25,453.1015
133.75,-29.25,453.30075
134.0,-29.25,453.15015
134.25,-29.25,454.291
134.5,-29.25,455.0026
134.75,-29.25,456.2789
135.0,-29.25,457.06573
135.25,-29.25,459.3176
135.5,-29.25,461.14194
135.75,-29.25,462.15424
136.0,-29.25,462.57816
136.25,-29.25,463.26718
136.5,-29.25,463.77435
136.75,-29.25,465.9393
137.0,-29.25,462.2473
137.25,-29.25,460.97485
137.5,-29.25,465.98505
137.75,-29.25,469.94995
138.0,-29.25,471.53677
138.25,-29.25,471.51428
138.5,-29.25,470.59982
138.75,-29.25,470.90945
139.0,-29.25,471.59512
139.25,-29.25,474.69028
139.5,-29.25,474.1187
139.75,-29.25,474.15582
140.0,-29.25,481.0445
140.25,-29.25,478.29745
140.5,-29.25,477.28293
140.75,-29.25,477.4291
141.0,-29.25,476.30023
141.25,-29.25,474.40817
141.5,-29.25,473.08902
141.75,-29.25,472.15936
142.0,-29.25,471.65466
142.25,-29.25,472.3891
142.5,-29.25,474.2615
142.75,-29.25,474.23184
143.0,-29.25,475.00626
143.25,-29.25,474.68234
143.5,-29.25,473.2183
143.75,-29.25,470.91193
144.0,-29.25,469.5147
144.25,-29.25,468.92697
144.5,-29.25,468.68246
144.75,-29.25,469.59183
145.0,-29.25,468.4012
145.25,-29.25,467.78506
145.5,-29.25,468.62433
145.75,-29.25,468.60022
146.0,-29.25,468.1424
146.25,-29.25,467.17352
146.5,-29.25,467.6236
146.75,-29.25,468.30948
147.0,-29.25,469.01117
147.25,-29.25,468.88538
147.5,-29.25,469.36157
147.75,-29.25,469.0347
148.0,-29.25,468.50754
148.25,-29.25,467.72452
148.5,-29.25,467.26273
148.75,-29.25,466.64215
149.0,-29.25,465.58466
149.25,-29.25,465.0692
149.5,-29.25,464.12637
149.75,-29.25,463.34314
150.0,-29.25,462.99982
150.25,-29.25,460.9267
150.5,-29.25,459.0483
150.75,-29.25,457.8144
151.0,-29.25,457.79373
151.25,-29.25,458.0898
151.5,-29.25,453.81686
151.75,-29.25,446.07153
152.0,-29.25,435.659
152.25,-29.25,424.2531
152.5,-29.25,415.37796
152.75,-29.25,408.41315
153.0,-29.25,407.1054
153.25,-29.25,410.53925
153.5,-29.25,417.7079
114.75,-29.5,463.6166
115.0,-29.5,463.64908
115.25,-29.5,465.61932
115.5,-29.5,465.1796
115.75,-29.5,464.97177
116.0,-29.5,466.58728
116.25,-29.5,468.497
116.5,-29.5,468.8738
116.75,-29.5,467.6237
117.0,-29.5,467.45148
117.25,-29.5,467.60925
117.5,-29.5,468.11392
117.75,-29.5,469.31876
118.0,-29.5,469.35422
118.25,-29.5,467.91565
118.5,-29.5,466.84738
118.75,-29.5,466.38068
119.0,-29.5,465.90964
119.25,-29.5,465.17648
119.5,-29.5,465.29202
119.75,-29.5,465.47107
120.0,-29.5,463.53476
120.25,-29.5,463.5338
120.5,-29.5,462.28223
120.75,-29.5,461.4162
121.0,-29.5,461.55362
121.25,-29.5,461.39963
121.5,-29.5,460.59238
121.75,-29.5,459.59863
122.0,-29.5,458.8192
122.25,-29.5,458.1173
122.5,-29.5,455.8435
122.75,-29.5,454.91852
123.0,-29.5,454.03613
123.25,-29.5,453.75308
123.5,-29.5,453.10376
123.75,-29.5,453.19403
124.0,-29.5,454.22708
124.25,-29.5,454.67545
124.5,-29.5,454.5164
124.75,-29.5,453.82068
125.0,-29.5,453.37405
125.25,-29.5,454.14197
125.5,-29.5,454.69806
125.75,-29.5,455.24487
126.0,-29.5,455.654
126.25,-29.5,455.39944
126.5,-29.5,454.70108
126.75,-29.5,453.83267
127.0,-29.5,453.0362
127.25,-29.5,452.34644
127.5,-29.5,451.73242
127.75,-29.5,450.88342
128.0,-29.5,450.64102
128.25,-29.5,451.57996
128.5,-29.5,451.2895
128.75,-29.5,451.0166
129.0,-29.5,450.95007
129.25,-29.5,449.9772
129.5,-29.5,449.71365
129.75,-29.5,449.25516
130.0,-29.5,449.26556
130.25,-29.5,450.0354
130.5,-29.5,450.53244
130.75,-29.5,449.91592
131.0,-29.5,449.8753
131.25,-29.5,451.2865
131.5,-29.5,450.97812
131.75,-29.5,450.8707
132.0,-29.5,451.13602
132.25,-29.5,450.95712
132.5,-29.5,451.19302
132.75,-29.5,451.8152
133.0,-29.5,452.71472
133.25,-29.5,452.4501
133.5,-29.5,452.29962
133.75,-29.5,452.88034
134.0,-29.5,452.69186
134.25,-29.5,452.83237
134.5,-29.5,453.36945
134.75,-29.5,454.0519
135.0,-29.5,454.7227
135.25,-29.5,456.74255
135.5,-29.5,458.25958
135.75,-29.5,459.40146
136.0,-29.5,459.726
136.25,-29.5,459.86697
136.5,-29.5,460.35187
136.75,-29.5,461.60815
137.0,-29.5,457.71344
137.25,-29.5,457.53513
137.5,-29.5,462.35654
137.75,-29.5,466.39868
138.0,-29.5,467.45294
138.25,-29.5,467.6742
138.5,-29.5,468.52887
138.75,-29.5,468.79498
139.0,-29.5,469.46872
139.25,-29.5,470.7079
139.5,-29.5,470.2394
139.75,-29.5,470.99286
140.0,-29.5,477.43643
140.25,-29.5,476.12982
140.5,-29.5,476.24243
140.75,-29.5,476.45438
141.0,-29.5,474.49402
141.25,-29.5,472.43198
141.5,-29.5,471.47333
141.75,-29.5,470.01086
142.0,-29.5,469.60263
142.25,-29.5,469.95737
142.5,-29.5,471.45474
142.75,-29.5,471.74487
143.0,-29.5,471.62875
143.25,-29.5,471.22452
143.5,-29.5,469.58887
143.75,-29.5,468.48093
144.0,-29.5,467.44366
144.25,-29.5,467.54318
144.5,-29.5,467.6142
144.75,-29.5,468.27795
145.0,-29.5,467.64844
145.25,-29.5,466.95023
145.5,-29.5,466.24667
145.75,-29.5,466.25534
146.0,-29.5,466.00876
146.25,-29.5,465.60294
146.5,-29.5,466.7127
146.75,-29.5,467.78058
147.0,-29.5,468.32755
147.25,-29.5,467.57346
147.5,-29.5,467.19525
147.75,-29.5,467.02878
148.0,-29.5,467.26395
148.25,-29.5,466.30215
148.5,-29.5,465.0666
148.75,-29.5,464.38663
149.0,-29.5,463.43698
149.25,-29.5,462.30545
149.5,-29.5,461.4952
149.75,-29.5,461.31976
150.0,-29.5,461.1341
150.25,-29.5,459.39175
150.5,-29.5,457.65393
150.75,-29.5,456.5454
151.0,-29.5,456.70523
151.25,-29.5,456.3555
151.5,-29.5,452.3497
151.75,-29.5,445.41074
152.0,-29.5,435.1334
152.25,-29.5,424.23538
152.5,-29.5,415.93246
152.75,-29.5,409.58072
153.0,-29.5,409.7947
153.25,-29.5,412.8762
153.5,-29.5,418.11456
114.75,-29.75,460.20596
115.0,-29.75,459.3584
115.25,-29.75,461.29462
115.5,-29.75,460.40274
115.75,-29.75,460.8575
116.0,-29.75,462.41513
116.25,-29.75,465.334
116.5,-29.75,466.2531
116.75,-29.75,464.92404
117.0,-29.75,465.08298
117.25,-29.75,465.07666
117.5,-29.75,465.74646
117.75,-29.75,465.60825
118.0,-29.75,465.82788
118.25,-29.75,465.30054
118.5,-29.75,463.96213
118.75,-29.75,464.25424
119.0,-29.75,463.64417
119.25,-29.75,462.6832
119.5,-29.75,462.7294
119.75,-29.75,463.04626
120.0,-29.75,461.88965
120.25,-29.75,461.49246
120.5,-29.75,460.3475
120.75,-29.75,460.0545
121.0,-29.75,460.30035
121.25,-29.75,459.51962
121.5,-29.75,458.4966
121.75,-29.75,457.523
122.0,-29.75,456.09875
122.25,-29.75,455.8573
122.5,-29.75,453.86014
122.75,-29.75,452.37317
123.0,-29.75,451.5974
123.25,-29.75,451.3106
123.5,-29.75,450.59863
123.75,-29.75,450.78714
124.0,-29.75,451.11917
124.25,-29.75,451.78036
124.5,-29.75,451.15244
124.75,-29.75,450.1459
125.0,-29.75,449.60675
125.25,-29.75,450.31833
125.5,-29.75,451.184
125.75,-29.75,452.77753
126.0,-29.75,452.78223
126.25,-29.75,453.09293
126.5,-29.75,452.9717
126.75,-29.75,452.27258
127.0,-29.75,451.57867
127.25,-29.75,450.68353
127.5,-29.75,450.0427
127.75,-29.75,449.02737
128.0,-29.75,448.57242
128.25,-29.75,448.60278
128.5,-29.75,449.2096
128.75,-29.75,449.00116
129.0,-29.75,448.49112
129.25,-29.75,447.99353
129.5,-29.75,447.31302
129.75,-29.75,446.85657
130.0,-29.75,446.47662
130.25,-29.75,447.1054
130.5,-29.75,447.814
130.75,-29.75,448.43262
131.0,-29.75,448.8098
131.25,-29.75,449.43228
131.5,-29.75,449.38416
131.75,-29.75,449.18185
132.0,-29.75,449.42447
132.25,-29.75,449.47635
132.5,-29.75,449.36902
132.75,-29.75,450.33084
133.0,-29.75,451.03036
133.25,-29.75,450.7842
133.5,-29.75,450.59653
133.75,-29.75,450.6759
134.0,-29.75,450.5772
134.25,-29.75,450.6969
134.5,-29.75,451.13446
134.75,-29.75,451.86166
135.0,-29.75,451.90146
135.25,-29.75,453.66364
135.5,-29.75,455.5173
135.75,-29.75,457.50565
136.0,-29.75,457.82047
136.25,-29.75,458.69846
136.5,-29.75,458.58835
136.75,-29.75,459.69122
137.0,-29.75,460.85846
137.25,-29.75,462.74466
137.5,-29.75,461.90497
137.75,-29.75,462.01053
138.0,-29.75,463.37518
138.25,-29.75,465.7338
138.5,-29.75,466.81506
138.75,-29.75,467.50195
139.0,-29.75,467.1655
139.25,-29.75,468.33258
139.5,-29.75,468.82977
139.75,-29.75,470.2785
140.0,-29.75,472.57895
140.25,-29.75,475.03592
140.5,-29.75,475.3655
140.75,-29.75,473.97842
141.0,-29.75,472.0499
141.25,-29.75,470.6961
141.5,-29.75,469.71332
141.75,-29.75,468.26096
142.0,-29.75,467.7564
142.25,-29.75,468.1315
142.5,-29.75,468.50388
142.75,-29.75,469.62576
143.0,-29.75,468.9192
143.25,-29.75,467.6025
143.5,-29.75,465.63458
143.75,-29.75,465.6017
144.0,-29.75,465.60196
144.25,-29.75,466.13672
144.5,-29.75,466.38617
144.75,-29.75,466.2304
145.0,-29.75,467.36496
145.25,-29.75,466.5463
145.5,-29.75,465.78598
145.75,-29.75,465.0833
146.0,-29.75,464.92868
146.25,-29.75,465.71664
146.5,-29.75,466.1398
146.75,-29.75,466.89023
147.0,-29.75,466.91486
147.25,-29.75,466.0868
147.5,-29.75,465.1415
147.75,-29.75,465.72592
148.0,-29.75,465.61646
148.25,-29.75,464.4834
148.5,-29.75,463.2892
148.75,-29.75,462.1171
149.0,-29.75,461.04108
149.25,-29.75,459.7862
149.5,-29.75,459.47784
149.75,-29.75,459.25098
150.0,-29.75,458.86682
150.25,-29.75,458.09512
150.5,-29.75,456.34824
150.75,-29.75,454.94083
151.0,-29.75,454.76273
151.25,-29.75,454.5272
151.5,-29.75,451.99353
151.75,-29.75,444.8666
152.0,-29.75,434.84344
152.25,-29.75,424.26736
152.5,-29.75,415.94836
152.75,-29.75,411.53714
153.0,-29.75,411.579
153.25,-29.75,414.21402
153.5,-29.75,418.6172
114.75,-30.0,456.05548
115.0,-30.0,455.45724
115.25,-30.0,456.6215
115.5,-30.0,455.73355
115.75,-30.0,455.838
116.0,-30.0,458.357
116.25,-30.0,461.51462
116.5,-30.0,462.31818
116.75,-30.0,463.2043
117.0,-30.0,463.61624
117.25,-30.0,463.97183
117.5,-30.0,463.93356
117.75,-30.0,462.4677
118.0,-30.0,461.60986
118.25,-30.0,460.9442
118.5,-30.0,460.22397
118.75,-30.0,461.17825
119.0,-30.0,460.44186
119.25,-30.0,459.88257
119.5,-30.0,459.8431
119.75,-30.0,460.6736
120.0,-30.0,458.9523
120.25,-30.0,459.20245
120.5,-30.0,458.417
120.75,-30.0,457.72195
121.0,-30.0,458.3495
121.25,-30.0,457.7661
121.5,-30.0,456.68143
121.75,-30.0,455.96375
122.0,-30.0,454.2664
122.25,-30.0,452.78992
122.5,-30.0,451.65985
122.75,-30.0,450.32187
123.0,-30.0,448.5529
123.25,-30.0,448.43472
123.5,-30.0,449.3858
123.75,-30.0,448.317
124.0,-30.0,448.31567
124.25,-30.0,447.3816
124.5,-30.0,446.76273
124.75,-30.0,446.4964
125.0,-30.0,445.86655
125.25,-30.0,447.32443
125.5,-30.0,448.76044
125.75,-30.0,449.77274
126.0,-30.0,450.71478
126.25,-30.0,451.54877
126.5,-30.0,451.85748
126.75,-30.0,451.80972
127.0,-30.0,451.2127
127.25,-30.0,449.59665
127.5,-30.0,448.35364
127.75,-30.0,447.80057
128.0,-30.0,446.64697
128.25,-30.0,446.34937
128.5,-30.0,446.69357
128.75,-30.0,447.04886
129.0,-30.0,447.06357
129.25,-30.0,446.78638
129.5,-30.0,446.0701
129.75,-30.0,445.49432
130.0,-30.0,444.5739
130.25,-30.0,445.46725
130.5,-30.0,445.71222
130.75,-30.0,446.18576
131.0,-30.0,446.86563
131.25,-30.0,447.4501
131.5,-30.0,447.59436
131.75,-30.0,447.48636
132.0,-30.0,447.73547
132.25,-30.0,447.9186
132.5,-30.0,447.1483
132.75,-30.0,447.97165
133.0,-30.0,448.40094
133.25,-30.0,448.06152
133.5,-30.0,447.90714
133.75,-30.0,447.67255
134.0,-30.0,447.87338
134.25,-30.0,447.81006
134.5,-30.0,448.52167
134.75,-30.0,448.56802
135.0,-30.0,448.66553
135.25,-30.0,449.40924
135.5,-30.0,451.31696
135.75,-30.0,453.42874
136.0,-30.0,455.5063
136.25,-30.0,457.90115
136.5,-30.0,457.47913
136.75,-30.0,458.54675
137.0,-30.0,459.88257
137.25,-30.0,461.3883
137.5,-30.0,459.88174
137.75,-30.0,459.6814
138.0,-30.0,460.9597
138.25,-30.0,463.39557
138.5,-30.0,464.4628
138.75,-30.0,465.10953
139.0,-30.0,464.40573
139.25,-30.0,463.3174
139.5,-30.0,463.55917
139.75,-30.0,466.6356
140.0,-30.0,469.54404
140.25,-30.0,472.94144
140.5,-30.0,473.30173
140.75,-30.0,471.4876
141.0,-30.0,469.64325
141.25,-30.0,467.79544
141.5,-30.0,467.1394
141.75,-30.0,467.3105
142.0,-30.0,466.6748
142.25,-30.0,465.33105
142.5,-30.0,465.11966
142.75,-30.0,465.69272
143.0,-30.0,465.88824
143.25,-30.0,464.67758
143.5,-30.0,463.52783
143.75,-30.0,463.57614
144.0,-30.0,464.31686
144.25,-30.0,464.53
144.5,-30.0,465.09213
144.75,-30.0,464.64194
145.0,-30.0,465.33533
145.25,-30.0,465.42258
145.5,-30.0,464.77954
145.75,-30.0,464.45178
146.0,-30.0,463.98975
146.25,-30.0,464.61548
146.5,-30.0,464.1197
146.75,-30.0,464.68002
147.0,-30.0,464.4819
147.25,-30.0,463.97607
147.5,-30.0,463.62054
147.75,-30.0,464.2837
148.0,-30.0,463.54977
148.25,-30.0,462.45126
148.5,-30.0,461.1761
148.75,-30.0,459.88162
149.0,-30.0,458.9564
149.25,-30.0,457.71277
149.5,-30.0,456.86487
149.75,-30.0,456.7676
150.0,-30.0,456.0661
150.25,-30.0,455.8989
150.5,-30.0,455.13342
150.75,-30.0,453.71957
151.0,-30.0,452.86298
151.25,-30.0,453.0166
151.5,-30.0,451.09366
151.75,-30.0,443.73206
152.0,-30.0,433.67612
152.25,-30.0,423.62573
152.5,-30.0,415.41342
152.75,-30.0,411.26266
153.0,-30.0,409.65594
153.25,-30.0,411.8761
153.5,-30.0,418.0706
114.75,-30.25,452.6487
115.0,-30.25,450.34482
115.25,-30.25,451.7467
115.5,-30.25,450.3426
115.75,-30.25,450.65137
116.0,-30.25,453.22034
116.25,-30.25,457.68448
116.5,-30.25,458.9035
116.75,-30.25,460.33167
117.0,-30.25,461.5637
117.25,-30.25,462.1411
117.5,-30.25,461.83136
117.75,-30.25,462.14694
118.0,-30.25,460.76987
118.25,-30.25,458.686
118.5,-30.25,457.12253
118.75,-30.25,457.032
119.0,-30.25,457.15857
119.25,-30.25,457.00128
119.5,-30.25,455.94836
119.75,-30.25,455.9981
120.0,-30.25,457.0237
120.25,-30.25,456.3385
120.5,-30.25,456.35422
120.75,-30.25,455.4265
121.0,-30.25,455.16113
121.25,-30.25,455.15005
121.5,-30.25,453.9513
121.75,-30.25,452.73227
122.0,-30.25,451.38116
122.25,-30.25,450.04257
122.5,-30.25,449.46375
122.75,-30.25,448.64023
123.0,-30.25,446.7444
123.25,-30.25,445.74872
123.5,-30.25,446.1318
123.75,-30.25,446.14218
124.0,-30.25,443.6829
124.25,-30.25,443.135
124.5,-30.25,443.5292
124.75,-30.25,443.97107
125.0,-30.25,443.42883
125.25,-30.25,445.0504
125.5,-30.25,446.5554
125.75,-30.25,447.51355
126.0,-30.25,448.71622
126.25,-30.25,449.6139
126.5,-30.25,449.47528
126.75,-30.25,448.9971
127.0,-30.25,448.47076
127.25,-30.25,447.07404
127.5,-30.25,446.71872
127.75,-30.25,445.81845
128.0,-30.25,445.10376
128.25,-30.25,444.24326
128.5,-30.25,444.55142
128.75,-30.25,444.8668
129.0,-30.25,444.9809
129.25,-30.25,444.40646
129.5,-30.25,444.1218
129.75,-30.25,443.73102
130.0,-30.25,443.81036
130.25,-30.25,443.745
130.5,-30.25,443.92798
130.75,-30.25,444.76474
131.0,-30.25,445.93353
131.25,-30.25,446.32175
131.5,-30.25,445.18643
131.75,-30.25,445.16116
132.0,-30.25,445.24564
132.25,-30.25,445.80005
132.5,-30.25,445.00946
132.75,-30.25,445.1699
133.0,-30.25,445.24188
133.25,-30.25,445.2287
133.5,-30.25,444.90558
133.75,-30.25,445.3463
134.0,-30.25,446.10156
134.25,-30.25,445.91284
134.5,-30.25,446.09995
134.75,-30.25,445.439
135.0,-30.25,444.57324
135.25,-30.25,445.7288
135.5,-30.25,446.95117
135.75,-30.25,449.11328
136.0,-30.25,451.28384
136.25,-30.25,454.3311
136.5,-30.25,454.7689
136.75,-30.25,456.5717
137.0,-30.25,457.3447
137.25,-30.25,457.6122
137.5,-30.25,458.88373
137.75,-30.25,459.39325
138.0,-30.25,461.46738
138.25,-30.25,461.9843
138.5,-30.25,462.50055
138.75,-30.25,462.2705
139.0,-30.25,461.02322
139.25,-30.25,459.6901
139.5,-30.25,461.92352
139.75,-30.25,464.4707
140.0,-30.25,466.75046
140.25,-30.25,469.22256
140.5,-30.25,469.3864
140.75,-30.25,467.9025
141.0,-30.25,466.4876
141.25,-30.25,464.8882
141.5,-30.25,463.8111
141.75,-30.25,464.1998
142.0,-30.25,464.27014
142.25,-30.25,463.09335
142.5,-30.25,462.72177
142.75,-30.25,463.28906
143.0,-30.25,463.48834
143.25,-30.25,463.39557
143.5,-30.25,462.9157
143.75,-30.25,463.45734
144.0,-30.25,464.21555
144.25,-30.25,464.0711
144.5,-30.25,463.78583
144.75,-30.25,463.19827
145.0,-30.25,462.31708
145.25,-30.25,462.94165
145.5,-30.25,462.8905
145.75,-30.25,462.78998
146.0,-30.25,462.0261
146.25,-30.25,460.01706
146.5,-30.25,460.3833
146.75,-30.25,461.8363
147.0,-30.25,462.15924
147.25,-30.25,462.277
147.5,-30.25,461.56442
147.75,-30.25,461.81082
148.0,-30.25,461.00317
148.25,-30.25,459.82294
148.5,-30.25,458.9166
148.75,-30.25,457.24875
149.0,-30.25,455.7166
149.25,-30.25,454.37497
149.5,-30.25,454.29416
149.75,-30.25,454.8328
150.0,-30.25,454.43365
150.25,-30.25,454.57297
150.5,-30.25,454.00952
150.75,-30.25,452.81635
151.0,-30.25,452.08063
151.25,-30.25,452.0522
151.5,-30.25,449.45917
151.75,-30.25,442.67493
152.0,-30.25,432.76175
152.25,-30.25,422.70444
152.5,-30.25,414.5592
152.75,-30.25,408.65475
153.0,-30.25,406.2583
153.25,-30.25,409.11703
114.75,-30.5,449.1312
115.0,-30.5,448.3539
115.25,-30.5,447.6686
115.5,-30.5,445.27716
115.75,-30.5,447.59357
116.0,-30.5,450.09927
116.25,-30.5,453.0878
116.5,-30.5,455.27997
116.75,-30.5,456.82053
117.0,-30.5,457.8799
117.25,-30.5,459.1545
117.5,-30.5,459.74777
117.75,-30.5,460.37662
118.0,-30.5,459.1884
118.25,-30.5,457.42105
118.5,-30.5,455.59515
118.75,-30.5,453.92673
119.0,-30.5,453.59973
119.25,-30.5,453.7629
119.5,-30.5,453.56604
119.75,-30.5,452.60858
120.0,-30.5,452.77295
120.25,-30.5,455.58908
120.5,-30.5,455.29456
120.75,-30.5,453.9631
121.0,-30.5,452.8305
121.25,-30.5,452.35812
121.5,-30.5,451.3942
121.75,-30.5,450.2339
122.0,-30.5,449.0285
122.25,-30.5,447.95544
122.5,-30.5,447.378
122.75,-30.5,445.79654
123.0,-30.5,444.1064
123.25,-30.5,442.97092
123.5,-30.5,442.40292
123.75,-30.5,440.41766
124.0,-30.5,439.7594
124.25,-30.5,439.54333
124.5,-30.5,439.9183
124.75,-30.5,440.6731
125.0,-30.5,441.99573
125.25,-30.5,443.5893
125.5,-30.5,444.7738
125.75,-30.5,445.84683
126.0,-30.5,446.65518
126.25,-30.5,446.98462
126.5,-30.5,447.01602
126.75,-30.5,446.4811
127.0,-30.5,445.94138
127.25,-30.5,444.5928
127.5,-30.5,443.82733
127.75,-30.5,443.21408
128.0,-30.5,442.95755
128.25,-30.5,442.2832
128.5,-30.5,442.04852
128.75,-30.5,442.42654
129.0,-30.5,441.76587
129.25,-30.5,441.3317
129.5,-30.5,441.01334
129.75,-30.5,440.4243
130.0,-30.5,439.998
130.25,-30.5,440.38382
130.5,-30.5,440.86252
130.75,-30.5,441.3995
131.0,-30.5,442.3209
131.25,-30.5,442.67545
131.5,-30.5,443.20978
131.75,-30.5,443.29172
132.0,-30.5,442.59662
132.25,-30.5,442.2818
132.5,-30.5,442.70438
132.75,-30.5,442.91043
133.0,-30.5,442.5829
133.25,-30.5,442.4626
133.5,-30.5,442.4767
133.75,-30.5,443.02057
134.0,-30.5,443.2127
134.25,-30.5,444.2118
134.5,-30.5,444.24966
134.75,-30.5,443.47922
135.0,-30.5,442.66998
135.25,-30.5,443.4132
135.5,-30.5,445.1929
135.75,-30.5,446.8546
136.0,-30.5,448.35028
136.25,-30.5,450.08652
136.5,-30.5,452.34418
136.75,-30.5,454.51035
137.0,-30.5,456.04633
137.25,-30.5,456.23154
137.5,-30.5,450.33328
137.75,-30.5,452.9436
138.0,-30.5,459.48105
138.25,-30.5,459.1478
138.5,-30.5,459.7415
138.75,-30.5,459.31793
139.0,-30.5,458.5238
139.25,-30.5,458.3476
139.5,-30.5,460.86624
139.75,-30.5,453.94537
140.0,-30.5,459.1427
140.25,-30.5,466.44775
140.5,-30.5,465.59473
140.75,-30.5,464.36017
141.0,-30.5,464.11337
141.25,-30.5,463.18365
141.5,-30.5,462.43506
141.75,-30.5,462.08844
142.0,-30.5,462.84686
142.25,-30.5,461.91116
142.5,-30.5,461.3283
142.75,-30.5,460.88962
143.0,-30.5,461.06177
143.25,-30.5,460.8829
143.5,-30.5,461.663
143.75,-30.5,462.3699
144.0,-30.5,463.17416
144.25,-30.5,463.71716
144.5,-30.5,462.1943
144.75,-30.5,461.39545
145.0,-30.5,461.59344
145.25,-30.5,461.0336
145.5,-30.5,459.65945
145.75,-30.5,458.63824
146.0,-30.5,458.11276
146.25,-30.5,457.03732
146.5,-30.5,456.64758
146.75,-30.5,457.5064
147.0,-30.5,459.2756
147.25,-30.5,460.64813
147.5,-30.5,459.2773
147.75,-30.5,459.23068
148.0,-30.5,458.23358
148.25,-30.5,457.72717
148.5,-30.5,457.62247
148.75,-30.5,453.89133
149.0,-30.5,451.70715
149.25,-30.5,450.8859
149.5,-30.5,450.79276
149.75,-30.5,451.97015
150.0,-30.5,453.5498
150.25,-30.5,453.22354
150.5,-30.5,452.23047
150.75,-30.5,450.39407
151.0,-30.5,450.13873
151.25,-30.5,449.70508
151.5,-30.5,446.2536
151.75,-30.5,440.1573
152.0,-30.5,430.58902
152.25,-30.5,419.95584
152.5,-30.5,412.3007
152.75,-30.5,406.62823
153.0,-30.5,403.35278
153.25,-30.5,406.5015
115.0,-30.75,442.95117
115.25,-30.75,440.86218
115.5,-30.75,440.2613
115.75,-30.75,443.04578
116.0,-30.75,445.47784
116.25,-30.75,448.02274
116.5,-30.75,450.00674
116.75,-30.75,451.7577
117.0,-30.75,453.7592
117.25,-30.75,454.89197
117.5,-30.75,455.94965
117.75,-30.75,456.1217
118.0,-30.75,455.3777
118.25,-30.75,454.57678
118.5,-30.75,453.15906
118.75,-30.75,450.70914
119.0,-30.75,450.5118
119.25,-30.75,450.64203
119.5,-30.75,450.7433
119.75,-30.75,450.0413
120.0,-30.75,450.1174
120.25,-30.75,451.17032
120.5,-30.75,451.9052
120.75,-30.75,451.24487
121.0,-30.75,449.2628
121.25,-30.75,448.85944
121.5,-30.75,447.8955
121.75,-30.75,446.95
122.0,-30.75,446.95468
122.25,-30.75,446.79663
122.5,-30.75,445.35385
122.75,-30.75,443.35065
123.0,-30.75,442.15497
123.25,-30.75,441.14322
123.5,-30.75,439.81897
123.75,-30.75,438.34662
124.0,-30.75,437.5531
124.25,-30.75,437.42374
124.5,-30.75,439.28412
124.75,-30.75,440.84116
125.0,-30.75,442.30185
125.25,-30.75,443.4986
125.5,-30.75,443.9513
125.75,-30.75,444.0074
126.0,-30.75,443.97714
126.25,-30.75,443.89868
126.5,-30.75,443.54333
126.75,-30.75,442.90878
127.0,-30.75,442.76855
127.25,-30.75,441.9651
127.5,-30.75,441.1769
127.75,-30.75,440.3199
128.0,-30.75,439.9985
128.25,-30.75,439.6444
128.5,-30.75,438.8626
128.75,-30.75,438.4004
129.0,-30.75,437.72415
129.25,-30.75,436.62952
129.5,-30.75,435.01294
129.75,-30.75,434.28613
130.0,-30.75,433.79828
130.25,-30.75,433.59067
130.5,-30.75,434.13654
130.75,-30.75,434.52393
131.0,-30.75,435.05698
131.25,-30.75,435.91895
131.5,-30.75,437.0193
131.75,-30.75,438.34372
132.0,-30.75,438.399
132.25,-30.75,438.6981
132.5,-30.75,439.1599
132.75,-30.75,439.2806
133.0,-30.75,439.96127
133.25,-30.75,440.24667
133.5,-30.75,440.6794
133.75,-30.75,441.01654
134.0,-30.75,440.81125
134.25,-30.75,441.6748
134.5,-30.75,441.5758
134.75,-30.75,441.75787
135.0,-30.75,442.33914
135.25,-30.75,443.66852
135.5,-30.75,444.8992
135.75,-30.75,445.94998
136.0,-30.75,446.43994
136.25,-30.75,447.97577
136.5,-30.75,449.89423
136.75,-30.75,452.14236
137.0,-30.75,453.98383
137.25,-30.75,454.6077
137.5,-30.75,449.68527
137.75,-30.75,449.1974
138.0,-30.75,452.35962
138.25,-30.75,458.0123
138.5,-30.75,457.30884
138.75,-30.75,456.4009
139.0,-30.75,456.08038
139.25,-30.75,457.03754
139.5,-30.75,457.475
139.75,-30.75,451.7868
140.0,-30.75,457.6288
140.25,-30.75,464.1321
140.5,-30.75,462.23187
140.75,-30.75,461.50653
141.0,-30.75,460.595
141.25,-30.75,460.01364
141.5,-30.75,459.95575
141.75,-30.75,460.12347
142.0,-30.75,459.7405
142.25,-30.75,459.26855
142.5,-30.75,458.8049
142.75,-30.75,458.4644
143.0,-30.75,458.64453
143.25,-30.75,458.01416
143.5,-30.75,458.81378
143.75,-30.75,459.41617
144.0,-30.75,460.9343
144.25,-30.75,462.107
144.5,-30.75,461.57602
144.75,-30.75,460.42886
145.0,-30.75,458.91254
145.25,-30.75,456.6284
145.5,-30.75,456.10593
145.75,-30.75,455.8721
146.0,-30.75,455.43365
146.25,-30.75,455.0432
146.5,-30.75,454.98743
146.75,-30.75,455.98624
147.0,-30.75,457.71085
147.25,-30.75,458.8209
147.5,-30.75,457.4726
147.75,-30.75,457.75778
148.0,-30.75,457.14594
148.25,-30.75,456.23404
148.5,-30.75,455.83386
148.75,-30.75,452.96225
149.0,-30.75,450.545
149.25,-30.75,449.2371
149.5,-30.75,449.43484
149.75,-30.75,451.20773
150.0,-30.75,453.06882
150.25,-30.75,452.56827
150.5,-30.75,451.4723
150.75,-30.75,450.50204
151.0,-30.75,448.39633
151.25,-30.75,448.1545
151.5,-30.75,444.02094
151.75,-30.75,435.9262
152.0,-30.75,422.21735
152.25,-30.75,414.40143
152.5,-30.75,409.1425
152.75,-30.75,405.91556
153.0,-30.75,403.71323
153.25,-30.75,407.45233
115.0,-31.0,438.415
115.25,-31.0,435.51215
115.5,-31.0,436.1669
115.75,-31.0,437.78314
116.0,-31.0,440.50974
116.25,-31.0,443.29428
116.5,-31.0,445.77023
116.75,-31.0,447.11185
117.0,-31.0,448.93134
117.25,-31.0,449.952
117.5,-31.0,450.88013
117.75,-31.0,451.538
118.0,-31.0,451.88574
118.25,-31.0,451.2583
118.5,-31.0,451.22546
118.75,-31.0,450.77472
119.0,-31.0,450.61188
119.25,-31.0,449.79764
119.5,-31.0,449.14502
119.75,-31.0,447.92972
120.0,-31.0,447.7258
120.25,-31.0,447.92352
120.5,-31.0,446.96057
120.75,-31.0,445.85242
121.0,-31.0,444.72034
121.25,-31.0,444.1618
121.5,-31.0,443.82144
121.75,-31.0,443.8395
122.0,-31.0,444.03424
122.25,-31.0,444.25787
122.5,-31.0,442.51538
122.75,-31.0,440.9202
123.0,-31.0,439.5195
123.25,-31.0,438.27264
123.5,-31.0,437.29178
123.75,-31.0,437.13724
124.0,-31.0,436.26172
124.25,-31.0,436.16
124.5,-31.0,437.6446
124.75,-31.0,439.04892
125.0,-31.0,441.03308
125.25,-31.0,441.30746
125.5,-31.0,441.55804
125.75,-31.0,441.88852
126.0,-31.0,440.8125
126.25,-31.0,440.64142
126.5,-31.0,440.62497
126.75,-31.0,440.30908
127.0,-31.0,438.9444
127.25,-31.0,437.90015
127.5,-31.0,437.208
127.75,-31.0,436.3991
128.0,-31.0,436.49197
128.25,-31.0,436.08707
128.5,-31.0,435.01312
128.75,-31.0,433.55283
129.0,-31.0,433.2368
129.25,-31.0,430.78433
129.5,-31.0,428.75885
129.75,-31.0,427.59073
130.0,-31.0,426.96622
130.25,-31.0,426.5478
130.5,-31.0,427.48154
130.75,-31.0,427.79114
131.0,-31.0,428.033
131.25,-31.0,428.9326
131.5,-31.0,430.88864
131.75,-31.0,432.7402
132.0,-31.0,434.2272
132.25,-31.0,434.8865
132.5,-31.0,434.86197
132.75,-31.0,436.65543
133.0,-31.0,437.1901
133.25,-31.0,436.87427
133.5,-31.0,437.13098
133.75,-31.0,438.18524
134.0,-31.0,439.2514
134.25,-31.0,439.51865
134.5,-31.0,439.13724
134.75,-31.0,438.96164
135.0,-31.0,440.64505
135.25,-31.0,441.67258
135.5,-31.0,443.64923
135.75,-31.0,446.97742
136.0,-31.0,447.6568
136.25,-31.0,447.18494
136.5,-31.0,447.12082
136.75,-31.0,449.04224
137.0,-31.0,450.4551
137.25,-31.0,451.69388
137.5,-31.0,450.9782
137.75,-31.0,450.30942
138.0,-31.0,452.03873
138.25,-31.0,459.3353
138.5,-31.0,454.48297
138.75,-31.0,454.03
139.0,-31.0,455.04416
139.25,-31.0,456.56567
139.5,-31.0,458.57254
139.75,-31.0,456.71658
140.0,-31.0,459.57477
140.25,-31.0,460.86896
140.5,-31.0,458.8528
140.75,-31.0,458.28564
141.0,-31.0,458.08145
141.25,-31.0,457.4858
141.5,-31.0,457.66257
141.75,-31.0,457.94305
142.0,-31.0,457.60474
142.25,-31.0,457.16663
142.5,-31.0,456.32892
142.75,-31.0,455.16748
143.0,-31.0,455.4243
143.25,-31.0,455.5004
143.5,-31.0,456.02228
143.75,-31.0,457.15656
144.0,-31.0,456.92737
144.25,-31.0,458.92578
144.5,-31.0,458.40613
144.75,-31.0,457.52048
145.0,-31.0,455.72528
145.25,-31.0,455.07272
145.5,-31.0,454.8911
145.75,-31.0,454.61508
146.0,-31.0,454.10535
146.25,-31.0,453.28113
146.5,-31.0,453.5514
146.75,-31.0,454.54416
147.0,-31.0,456.13516
147.25,-31.0,457.093
147.5,-31.0,456.26483
147.75,-31.0,456.2997
148.0,-31.0,455.73047
148.25,-31.0,455.0092
148.5,-31.0,454.1911
148.75,-31.0,453.21423
149.0,-31.0,450.99744
149.25,-31.0,449.57562
149.5,-31.0,449.8281
149.75,-31.0,451.1792
150.0,-31.0,450.98734
150.25,-31.0,450.44867
150.5,-31.0,449.4484
150.75,-31.0,448.5775
151.0,-31.0,446.6448
151.25,-31.0,444.50854
151.5,-31.0,439.98862
151.75,-31.0,430.78223
152.0,-31.0,416.1872
152.25,-31.0,407.91852
152.5,-31.0,406.2662
152.75,-31.0,405.17972
153.0,-31.0,406.77652
153.25,-31.0,409.95923
115.25,-31.25,433.31348
115.5,-31.25,432.8099
115.75,-31.25,435.57367
116.0,-31.25,437.51004
116.25,-31.25,438.34866
116.5,-31.25,440.74176
116.75,-31.25,442.67105
117.0,-31.25,444.19345
117.25,-31.25,445.63312
117.5,-31.25,446.39932
117.75,-31.25,446.9819
118.0,-31.25,447.33643
118.25,-31.25,447.90442
118.5,-31.25,447.59567
118.75,-31.25,447.76987
119.0,-31.25,448.30164
119.25,-31.25,447.51898
119.5,-31.25,445.52924
119.75,-31.25,444.35434
120.0,-31.25,444.2768
120.25,-31.25,443.75842
120.5,-31.25,443.39624
120.75,-31.25,442.4389
121.0,-31.25,441.54205
121.25,-31.25,439.65536
121.5,-31.25,439.27466
121.75,-31.25,439.91272
122.0,-31.25,440.43134
122.25,-31.25,440.8154
122.5,-31.25,439.52365
122.75,-31.25,437.8576
123.0,-31.25,436.20886
123.25,-31.25,435.43167
123.5,-31.25,435.21664
123.75,-31.25,434.68973
124.0,-31.25,434.69305
124.25,-31.25,434.71835
124.5,-31.25,435.43015
124.75,-31.25,436.1904
125.0,-31.25,437.3686
125.25,-31.25,437.26617
125.5,-31.25,437.50604
125.75,-31.25,436.73813
126.0,-31.25,435.24884
126.25,-31.25,435.0472
126.5,-31.25,435.16052
126.75,-31.25,434.4668
127.0,-31.25,432.54462
127.25,-31.25,431.5758
127.5,-31.25,430.9416
127.75,-31.25,430.38953
128.0,-31.25,430.0778
128.25,-31.25,429.76917
128.5,-31.25,429.908
128.75,-31.25,428.79565
129.0,-31.25,428.8313
129.25,-31.25,427.35284
129.5,-31.25,425.3296
129.75,-31.25,423.91254
130.0,-31.25,422.8575
130.25,-31.25,423.1653
130.5,-31.25,424.1164
130.75,-31.25,424.43674
131.0,-31.25,424.492
131.25,-31.25,425.49368
131.5,-31.25,426.4408
131.75,-31.25,429.08508
132.0,-31.25,430.43057
132.25,-31.25,431.34937
132.5,-31.25,431.42953
132.75,-31.25,430.66577
133.0,-31.25,432.0887
133.25,-31.25,432.24213
133.5,-31.25,433.94504
133.75,-31.25,436.51395
134.0,-31.25,436.6125
134.25,-31.25,437.22348
134.5,-31.25,437.1502
134.75,-31.25,436.7611
135.0,-31.25,437.69125
135.25,-31.25,439.59265
135.5,-31.25,439.15988
135.75,-31.25,439.78348
136.0,-31.25,440.5205
136.25,-31.25,446.8142
136.5,-31.25,445.63834
136.75,-31.25,445.13684
137.0,-31.25,446.6074
137.25,-31.25,449.24155
137.5,-31.25,450.95352
137.75,-31.25,449.59372
138.0,-31.25,450.4985
138.25,-31.25,457.64645
138.5,-31.25,452.8732
138.75,-31.25,451.6577
139.0,-31.25,452.54376
139.25,-31.25,455.49307
139.5,-31.25,457.74594
139.75,-31.25,457.34448
140.0,-31.25,457.64514
140.25,-31.25,458.05432
140.5,-31.25,456.84366
140.75,-31.25,456.0528
141.0,-31.25,456.15237
141.25,-31.25,454.99927
141.5,-31.25,453.9379
141.75,-31.25,454.91754
142.0,-31.25,455.17792
142.25,-31.25,454.50705
142.5,-31.25,454.2703
142.75,-31.25,453.86197
143.0,-31.25,452.8488
143.25,-31.25,453.3783
143.5,-31.25,453.50574
143.75,-31.25,454.42426
144.0,-31.25,454.35867
144.25,-31.25,454.97415
144.5,-31.25,454.53925
144.75,-31.25,453.63126
145.0,-31.25,453.04526
145.25,-31.25,453.0977
145.5,-31.25,452.97885
145.75,-31.25,452.8924
146.0,-31.25,452.4251
146.25,-31.25,451.9375
146.5,-31.25,452.34247
146.75,-31.25,453.08737
147.0,-31.25,454.1813
147.25,-31.25,455.23676
147.5,-31.25,454.80154
147.75,-31.25,454.0709
148.0,-31.25,453.2913
148.25,-31.25,452.66852
148.5,-31.25,452.026
148.75,-31.25,451.64236
149.0,-31.25,450.36807
149.25,-31.25,449.19635
149.5,-31.25,449.14868
149.75,-31.25,448.22708
150.0,-31.25,446.87375
150.25,-31.25,445.87787
150.5,-31.25,444.7337
150.75,-31.25,443.68204
151.0,-31.25,442.70508
151.25,-31.25,439.5694
151.5,-31.25,432.66614
151.75,-31.25,423.20273
152.0,-31.25,409.8649
152.25,-31.25,403.2264
152.5,-31.25,402.8523
152.75,-31.25,406.55
153.0,-31.25,408.60385
153.25,-31.25,412.88492
115.5,-31.5,433.4763
115.75,-31.5,435.2738
116.0,-31.5,433.7506
116.25,-31.5,434.30408
116.5,-31.5,435.3974
116.75,-31.5,437.92633
117.0,-31.5,440.03326
117.25,-31.5,441.19333
117.5,-31.5,441.8193
117.75,-31.5,442.3401
118.0,-31.5,442.71814
118.25,-31.5,443.0498
118.5,-31.5,443.1442
118.75,-31.5,443.2663
119.0,-31.5,443.95938
119.25,-31.5,443.3953
119.5,-31.5,441.5722
119.75,-31.5,440.4058
120.0,-31.5,441.1826
120.25,-31.5,439.80518
120.5,-31.5,438.6109
120.75,-31.5,437.87338
121.0,-31.5,436.566
121.25,-31.5,435.11893
121.5,-31.5,435.23227
121.75,-31.5,435.5832
122.0,-31.5,436.0912
122.25,-31.5,436.74316
122.5,-31.5,435.51022
122.75,-31.5,434.03998
123.0,-31.5,433.17224
123.25,-31.5,432.4334
123.5,-31.5,431.7487
123.75,-31.5,431.88382
124.0,-31.5,431.85046
124.25,-31.5,432.66373
124.5,-31.5,433.44583
124.75,-31.5,434.09885
125.0,-31.5,433.1568
125.25,-31.5,433.28116
125.5,-31.5,431.31036
125.75,-31.5,430.16617
126.0,-31.5,428.58127
126.25,-31.5,427.7013
126.5,-31.5,427.46072
126.75,-31.5,426.84628
127.0,-31.5,425.18173
127.25,-31.5,423.80472
127.5,-31.5,422.475
127.75,-31.5,421.4832
128.0,-31.5,421.1986
128.25,-31.5,421.12808
128.5,-31.5,422.0718
128.75,-31.5,425.1005
129.0,-31.5,424.92224
129.25,-31.5,424.1981
129.5,-31.5,422.583
129.75,-31.5,420.9983
130.0,-31.5,420.10208
130.25,-31.5,420.03772
130.5,-31.5,420.83966
130.75,-31.5,420.87802
131.0,-31.5,420.92377
131.25,-31.5,421.69626
131.5,-31.5,422.20837
131.75,-31.5,425.22006
132.0,-31.5,427.5212
132.25,-31.5,428.00522
132.5,-31.5,425.8546
132.75,-31.5,423.06396
133.0,-31.5,424.04608
133.25,-31.5,425.49448
133.5,-31.5,427.51013
133.75,-31.5,429.71237
134.0,-31.5,431.59897
134.25,-31.5,432.0768
134.5,-31.5,433.00204
134.75,-31.5,432.88074
135.0,-31.5,433.59644
135.25,-31.5,435.9726
135.5,-31.5,435.69272
135.75,-31.5,436.01813
136.0,-31.5,434.77966
136.25,-31.5,441.82187
136.5,-31.5,442.78998
136.75,-31.5,442.29807
137.0,-31.5,443.54105
137.25,-31.5,444.54236
137.5,-31.5,446.68646
137.75,-31.5,449.23206
138.0,-31.5,450.7707
138.25,-31.5,452.16446
138.5,-31.5,448.40536
138.75,-31.5,447.77667
139.0,-31.5,450.22794
139.25,-31.5,453.0159
139.5,-31.5,455.5916
139.75,-31.5,455.77344
140.0,-31.5,455.44388
140.25,-31.5,455.97092
140.5,-31.5,455.70306
140.75,-31.5,454.0292
141.0,-31.5,453.74658
141.25,-31.5,452.70816
141.5,-31.5,450.73303
141.75,-31.5,451.50226
142.0,-31.5,451.79434
142.25,-31.5,451.91364
142.5,-31.5,451.8733
142.75,-31.5,451.59094
143.0,-31.5,451.23923
143.25,-31.5,451.39697
143.5,-31.5,451.5757
143.75,-31.5,451.5468
144.0,-31.5,450.7016
144.25,-31.5,450.78607
144.5,-31.5,450.79425
144.75,-31.5,450.66223
145.0,-31.5,450.00812
145.25,-31.5,450.83084
145.5,-31.5,450.579
145.75,-31.5,450.37744
146.0,-31.5,450.67505
146.25,-31.5,450.15518
146.5,-31.5,450.8799
146.75,-31.5,451.2531
147.0,-31.5,452.36847
147.25,-31.5,452.78848
147.5,-31.5,452.2055
147.75,-31.5,451.43762
148.0,-31.5,450.54297
148.25,-31.5,450.075
148.5,-31.5,449.8844
148.75,-31.5,449.49774
149.0,-31.5,448.28314
149.25,-31.5,446.80576
149.5,-31.5,445.8689
149.75,-31.5,443.30643
150.0,-31.5,440.36328
150.25,-31.5,439.22076
150.5,-31.5,437.71255
150.75,-31.5,436.38953
151.0,-31.5,434.417
151.25,-31.5,430.24506
151.5,-31.5,423.9036
151.75,-31.5,415.52258
152.0,-31.5,404.2065
152.25,-31.5,398.93707
152.5,-31.5,402.93362
152.75,-31.5,406.6259
153.0,-31.5,411.81717
115.5,-31.75,436.545
115.75,-31.75,435.25436
116.0,-31.75,433.82715
116.25,-31.75,429.70905
116.5,-31.75,429.62128
116.75,-31.75,432.838
117.0,-31.75,435.1908
117.25,-31.75,436.14117
117.5,-31.75,437.21948
117.75,-31.75,437.92673
118.0,-31.75,438.10312
118.25,-31.75,438.57617
118.5,-31.75,438.37134
118.75,-31.75,438.91956
119.0,-31.75,438.36612
119.25,-31.75,438.0628
119.5,-31.75,436.89066
119.75,-31.75,435.55814
120.0,-31.75,436.408
120.25,-31.75,434.69785
120.5,-31.75,433.35925
120.75,-31.75,432.7576
121.0,-31.75,431.4564
121.25,-31.75,430.95084
121.5,-31.75,430.6533
121.75,-31.75,430.93417
122.0,-31.75,431.29297
122.25,-31.75,432.19144
122.5,-31.75,431.2494
122.75,-31.75,430.51685
123.0,-31.75,429.37222
123.25,-31.75,428.86276
123.5,-31.75,428.67673
123.75,-31.75,428.61832
124.0,-31.75,428.94403
124.25,-31.75,430.20453
124.5,-31.75,430.3794
124.75,-31.75,430.09656
125.0,-31.75,429.16498
125.25,-31.75,427.4259
125.5,-31.75,425.678
125.75,-31.75,423.9521
126.0,-31.75,421.71982
126.25,-31.75,420.87082
126.5,-31.75,419.43146
126.75,-31.75,418.4817
127.0,-31.75,416.70016
127.25,-31.75,415.3301
127.5,-31.75,413.87125
127.75,-31.75,411.45276
128.0,-31.75,410.78625
128.25,-31.75,411.77515
128.5,-31.75,414.67032
128.75,-31.75,417.43677
129.0,-31.75,422.30472
129.25,-31.75,423.10898
129.5,-31.75,421.88104
129.75,-31.75,420.98837
130.0,-31.75,419.80725
130.25,-31.75,419.74756
130.5,-31.75,419.87054
130.75,-31.75,420.0868
131.0,-31.75,420.75766
131.25,-31.75,421.21194
131.5,-31.75,421.33173
131.75,-31.75,422.1861
132.0,-31.75,424.16727
132.25,-31.75,423.21234
132.5,-31.75,420.10876
132.75,-31.75,417.36362
133.0,-31.75,418.76483
133.25,-31.75,420.23605
133.5,-31.75,421.78635
133.75,-31.75,423.51788
134.0,-31.75,425.39957
134.25,-31.75,426.86935
134.5,-31.75,427.62555
134.75,-31.75,428.2827
135.0,-31.75,429.44037
135.25,-31.75,431.45508
135.5,-31.75,433.85635
135.75,-31.75,434.48904
136.0,-31.75,433.59634
136.25,-31.75,437.20425
136.5,-31.75,438.45267
136.75,-31.75,439.04935
137.0,-31.75,440.23132
137.25,-31.75,440.20416
137.5,-31.75,441.0245
137.75,-31.75,443.8154
138.0,-31.75,444.918
138.25,-31.75,444.6777
138.5,-31.75,443.1336
138.75,-31.75,444.9885
139.0,-31.75,447.43475
139.25,-31.75,449.62405
139.5,-31.75,452.57584
139.75,-31.75,452.40988
140.0,-31.75,452.3528
140.25,-31.75,453.31717
140.5,-31.75,453.3377
140.75,-31.75,452.18536
141.0,-31.75,451.4443
141.25,-31.75,449.36453
141.5,-31.75,447.58844
141.75,-31.75,448.6171
142.0,-31.75,448.9983
142.25,-31.75,448.7049
142.5,-31.75,448.75952
142.75,-31.75,448.73093
143.0,-31.75,449.41745
143.25,-31.75,449.10272
143.5,-31.75,449.1495
143.75,-31.75,448.32657
144.0,-31.75,447.55728
144.25,-31.75,447.301
144.5,-31.75,447.18582
144.75,-31.75,447.31253
145.0,-31.75,447.37894
145.25,-31.75,447.55673
145.5,-31.75,447.45264
145.75,-31.75,448.05396
146.0,-31.75,448.03073
146.25,-31.75,448.17526
146.5,-31.75,448.43298
146.75,-31.75,449.26132
147.0,-31.75,449.7064
147.25,-31.75,450.23743
147.5,-31.75,449.75
147.75,-31.75,448.57016
148.0,-31.75,447.6378
148.25,-31.75,447.4275
148.5,-31.75,447.22842
148.75,-31.75,445.9989
149.0,-31.75,444.94186
149.25,-31.75,443.5622
149.5,-31.75,441.02194
149.75,-31.75,437.63644
150.0,-31.75,434.25824
150.25,-31.75,431.13303
150.5,-31.75,429.67245
150.75,-31.75,427.7435
151.0,-31.75,424.85037
151.25,-31.75,420.87497
151.5,-31.75,415.36765
151.75,-31.75,407.04013
152.0,-31.75,399.88596
152.25,-31.75,397.59628
152.5,-31.75,401.5017
152.75,-31.75,409.46588
153.0,-31.75,415.61227
115.5,-32.0,436.686
115.75,-32.0,434.57974
116.0,-32.0,430.03497
116.25,-32.0,425.89523
116.5,-32.0,424.05194
116.75,-32.0,428.37256
117.0,-32.0,430.59055
117.25,-32.0,432.1827
117.5,-32.0,432.8361
117.75,-32.0,433.75342
118.0,-32.0,433.08865
118.25,-32.0,433.15903
118.5,-32.0,433.77737
118.75,-32.0,434.36597
119.0,-32.0,433.43942
119.25,-32.0,432.1725
119.5,-32.0,430.59415
119.75,-32.0,429.49252
120.0,-32.0,430.1134
120.25,-32.0,428.73444
120.5,-32.0,428.0723
120.75,-32.0,427.11722
121.0,-32.0,426.36978
121.25,-32.0,425.93665
121.5,-32.0,425.2408
121.75,-32.0,425.89188
122.0,-32.0,426.24274
122.25,-32.0,426.8744
122.5,-32.0,426.63654
122.75,-32.0,426.10995
123.0,-32.0,425.3816
123.25,-32.0,425.07532
123.5,-32.0,424.42984
123.75,-32.0,424.3892
124.0,-32.0,424.90515
124.25,-32.0,424.01834
124.5,-32.0,423.8061
124.75,-32.0,422.5852
125.0,-32.0,422.65924
125.25,-32.0,420.65457
125.5,-32.0,420.94144
125.75,-32.0,418.92798
126.0,-32.0,416.899
126.25,-32.0,415.24042
126.5,-32.0,413.7674
126.75,-32.0,412.58765
127.0,-32.0,410.32156
127.25,-32.0,409.3603
127.5,-32.0,406.95972
127.75,-32.0,405.02844
128.0,-32.0,403.60065
128.25,-32.0,404.95267
128.5,-32.0,407.77304
128.75,-32.0,412.91467
129.0,-32.0,419.40195
129.25,-32.0,421.65872
131.75,-32.0,421.11166
132.0,-32.0,420.14633
132.25,-32.0,418.9552
132.5,-32.0,416.13086
132.75,-32.0,413.94965
133.0,-32.0,415.80612
133.25,-32.0,417.8712
133.5,-32.0,419.10355
133.75,-32.0,420.86346
134.0,-32.0,422.93332
134.25,-32.0,424.5472
134.5,-32.0,423.2014
134.75,-32.0,423.9347
135.0,-32.0,425.20667
135.25,-32.0,426.76096
135.5,-32.0,429.20212
135.75,-32.0,431.3638
136.0,-32.0,432.1669
136.25,-32.0,434.0412
136.5,-32.0,435.42154
136.75,-32.0,436.14688
137.0,-32.0,435.63437
137.25,-32.0,435.5497
137.5,-32.0,436.1196
137.75,-32.0,436.18533
138.0,-32.0,437.1747
138.25,-32.0,438.4023
138.5,-32.0,440.1037
138.75,-32.0,441.8299
139.0,-32.0,444.73688
139.25,-32.0,447.0018
139.5,-32.0,448.7034
139.75,-32.0,448.34833
140.0,-32.0,448.8985
140.25,-32.0,449.32324
140.5,-32.0,449.68524
140.75,-32.0,448.8476
141.0,-32.0,448.1822
141.25,-32.0,446.36926
141.5,-32.0,445.45245
141.75,-32.0,445.78165
142.0,-32.0,446.4337
142.25,-32.0,445.43994
142.5,-32.0,445.01474
142.75,-32.0,446.67014
143.0,-32.0,447.78214
143.25,-32.0,447.52316
143.5,-32.0,445.57434
143.75,-32.0,444.8771
144.0,-32.0,444.56302
144.25,-32.0,443.85687
144.5,-32.0,443.9693
144.75,-32.0,444.01868
145.0,-32.0,444.60037
145.25,-32.0,444.20258
145.5,-32.0,444.8108
145.75,-32.0,445.48026
146.0,-32.0,445.62903
146.25,-32.0,445.508
146.5,-32.0,445.89633
146.75,-32.0,446.6125
147.0,-32.0,447.15912
147.25,-32.0,447.508
147.5,-32.0,446.8831
147.75,-32.0,446.00226
148.0,-32.0,445.33978
148.25,-32.0,444.9999
148.5,-32.0,444.92584
148.75,-32.0,443.19003
149.0,-32.0,441.94336
149.25,-32.0,440.71777
149.5,-32.0,437.9528
149.75,-32.0,433.22385
150.0,-32.0,428.73837
150.25,-32.0,425.5793
150.5,-32.0,422.66443
150.75,-32.0,420.53043
151.0,-32.0,417.61847
151.25,-32.0,412.60922
151.5,-32.0,407.17078
151.75,-32.0,401.47345
152.0,-32.0,396.27814
152.25,-32.0,395.76025
152.5,-32.0,401.47153
152.75,-32.0,409.36426
115.5,-32.25,432.03082
115.75,-32.25,429.61575
116.0,-32.25,424.8043
116.25,-32.25,420.8416
116.5,-32.25,419.29968
116.75,-32.25,424.09314
117.0,-32.25,426.43408
117.25,-32.25,428.11328
117.5,-32.25,429.30267
117.75,-32.25,429.60132
118.0,-32.25,428.25247
118.25,-32.25,427.41406
118.5,-32.25,427.9182
118.75,-32.25,428.57956
119.0,-32.25,428.17868
119.25,-32.25,425.74454
119.5,-32.25,424.44104
119.75,-32.25,423.99368
120.0,-32.25,424.35205
120.25,-32.25,423.72977
120.5,-32.25,422.5947
120.75,-32.25,421.28287
121.0,-32.25,420.3537
121.25,-32.25,419.5238
121.5,-32.25,419.4003
121.75,-32.25,420.2733
122.0,-32.25,421.5915
122.25,-32.25,421.97644
122.5,-32.25,421.8074
122.75,-32.25,420.83585
123.0,-32.25,420.4713
123.25,-32.25,420.0935
123.5,-32.25,418.48178
123.75,-32.25,419.12927
124.0,-32.25,418.657
124.25,-32.25,417.2237
124.5,-32.25,413.63525
124.75,-32.25,412.01154
125.0,-32.25,412.61383
125.25,-32.25,414.7297
125.5,-32.25,415.78116
125.75,-32.25,415.0982
126.0,-32.25,413.66318
126.25,-32.25,411.7726
126.5,-32.25,411.60645
126.75,-32.25,410.99222
127.0,-32.25,409.3423
127.25,-32.25,407.7392
127.5,-32.25,405.52808
127.75,-32.25,404.09122
128.0,-32.25,403.09473
128.25,-32.25,404.6277
132.25,-32.25,417.53412
132.5,-32.25,415.09143
132.75,-32.25,413.55426
133.0,-32.25,415.1879
133.25,-32.25,417.0245
133.5,-32.25,418.11475
133.75,-32.25,420.4246
134.0,-32.25,424.2199
134.25,-32.25,422.6412
134.5,-32.25,420.91827
134.75,-32.25,420.40164
135.0,-32.25,420.92413
135.25,-32.25,422.57947
135.5,-32.25,424.05365
135.75,-32.25,426.5049
136.0,-32.25,428.314
136.25,-32.25,430.1277
136.5,-32.25,431.29126
136.75,-32.25,431.41278
137.0,-32.25,430.51654
137.25,-32.25,430.54938
137.5,-32.25,429.66638
137.75,-32.25,429.72504
138.0,-32.25,431.36594
138.25,-32.25,434.6282
138.5,-32.25,436.41714
138.75,-32.25,438.8995
139.0,-32.25,441.65955
139.25,-32.25,444.10315
139.5,-32.25,443.89008
139.75,-32.25,443.93237
140.0,-32.25,444.01868
140.25,-32.25,444.3019
140.5,-32.25,444.90628
140.75,-32.25,444.58466
141.0,-32.25,443.62747
141.25,-32.25,444.25397
141.5,-32.25,443.74097
141.75,-32.25,443.31955
142.0,-32.25,442.93576
142.25,-32.25,441.92654
142.5,-32.25,442.57382
142.75,-32.25,444.5319
143.0,-32.25,446.32114
143.25,-32.25,445.1453
143.5,-32.25,443.13458
143.75,-32.25,441.58252
144.0,-32.25,441.48846
144.25,-32.25,441.02252
144.5,-32.25,440.9636
144.75,-32.25,441.31232
145.0,-32.25,441.8666
145.25,-32.25,441.6259
145.5,-32.25,442.40356
145.75,-32.25,443.11584
146.0,-32.25,443.3054
146.25,-32.25,443.46405
146.5,-32.25,444.3381
146.75,-32.25,444.35797
147.0,-32.25,444.8366
147.25,-32.25,445.29715
147.5,-32.25,444.4222
147.75,-32.25,444.02023
148.0,-32.25,443.48636
148.25,-32.25,443.2621
148.5,-32.25,442.44547
148.75,-32.25,441.88568
149.0,-32.25,441.63022
149.25,-32.25,439.94083
149.5,-32.25,436.679
149.75,-32.25,430.6553
150.0,-32.25,426.32153
150.25,-32.25,421.50345
150.5,-32.25,418.8948
150.75,-32.25,415.8798
151.0,-32.25,412.5186
151.25,-32.25,406.8029
151.5,-32.25,401.7371
151.75,-32.25,396.3874
152.0,-32.25,392.6772
152.25,-32.25,395.77133
152.5,-32.25,401.79083
152.75,-32.25,410.42108
115.5,-32.5,425.12247
115.75,-32.5,423.34918
116.0,-32.5,419.12042
116.25,-32.5,415.3558
116.5,-32.5,415.44446
116.75,-32.5,419.18045
117.0,-32.5,421.6942
117.25,-32.5,423.33957
117.5,-32.5,424.5288
117.75,-32.5,424.6044
118.0,-32.5,423.30655
118.25,-32.5,422.14548
118.5,-32.5,421.76047
118.75,-32.5,422.13385
119.0,-32.5,422.5056
119.25,-32.5,421.6993
119.5,-32.5,419.98422
119.75,-32.5,418.1985
120.0,-32.5,419.0835
120.25,-32.5,418.77066
120.5,-32.5,416.80704
120.75,-32.5,415.41006
121.0,-32.5,414.90063
121.25,-32.5,413.72495
121.5,-32.5,413.61243
121.75,-32.5,414.38617
122.0,-32.5,415.75043
122.25,-32.5,416.93045
122.5,-32.5,416.77252
122.75,-32.5,415.64166
123.0,-32.5,414.49384
123.25,-32.5,413.62262
123.5,-32.5,413.0569
123.75,-32.5,413.9057
124.0,-32.5,412.04074
124.25,-32.5,408.84634
124.5,-32.5,405.26917
124.75,-32.5,401.45065
125.0,-32.5,402.9757
125.25,-32.5,405.77808
125.5,-32.5,410.06494
125.75,-32.5,410.83875
126.0,-32.5,411.31604
126.25,-32.5,411.43622
126.5,-32.5,410.9941
126.75,-32.5,411.05292
127.0,-32.5,410.79712
127.25,-32.5,410.20007
133.75,-32.5,422.32532
134.0,-32.5,419.35526
134.25,-32.5,419.5542
134.5,-32.5,419.9971
134.75,-32.5,419.5706
135.0,-32.5,419.03772
135.25,-32.5,418.7569
135.5,-32.5,420.00082
135.75,-32.5,421.86627
136.0,-32.5,424.23676
136.25,-32.5,425.2033
136.5,-32.5,426.4149
136.75,-32.5,426.57968
137.0,-32.5,426.55334
137.25,-32.5,425.973
137.5,-32.5,424.78485
137.75,-32.5,424.2382
138.0,-32.5,426.12714
138.25,-32.5,430.86462
138.5,-32.5,433.4403
138.75,-32.5,436.08853
139.0,-32.5,438.3576
139.25,-32.5,439.58673
139.5,-32.5,438.68988
139.75,-32.5,438.69092
140.0,-32.5,439.10925
140.25,-32.5,439.36176
140.5,-32.5,439.42798
140.75,-32.5,439.30612
141.0,-32.5,439.89188
141.25,-32.5,440.42404
141.5,-32.5,440.73453
141.75,-32.5,439.4493
142.0,-32.5,438.93427
142.25,-32.5,439.69974
142.5,-32.5,440.30304
142.75,-32.5,441.54333
143.0,-32.5,442.4581
143.25,-32.5,441.67184
143.5,-32.5,440.30447
143.75,-32.5,438.91107
144.0,-32.5,438.2927
144.25,-32.5,438.04733
144.5,-32.5,438.52823
144.75,-32.5,438.72934
145.0,-32.5,439.7056
145.25,-32.5,439.95923
145.5,-32.5,439.9627
145.75,-32.5,440.41812
146.0,-32.5,441.40164
146.25,-32.5,442.2774
146.5,-32.5,442.73166
146.75,-32.5,442.69315
147.0,-32.5,442.8267
147.25,-32.5,442.7768
147.5,-32.5,442.10248
147.75,-32.5,442.03128
148.0,-32.5,442.13898
148.25,-32.5,441.97028
148.5,-32.5,440.70172
148.75,-32.5,441.2857
149.0,-32.5,440.76837
149.25,-32.5,438.3817
149.5,-32.5,435.20596
149.75,-32.5,430.16656
150.0,-32.5,424.298
150.25,-32.5,419.00583
150.5,-32.5,414.12958
150.75,-32.5,411.36826
151.0,-32.5,407.27188
151.25,-32.5,403.78342
151.5,-32.5,398.9209
151.75,-32.5,394.913
152.0,-32.5,390.89194
152.25,-32.5,394.88217
152.5,-32.5,404.17947
115.5,-32.75,419.83618
115.75,-32.75,418.9282
116.0,-32.75,414.44397
116.25,-32.75,411.17267
116.5,-32.75,412.5848
116.75,-32.75,414.8959
117.0,-32.75,416.13916
117.25,-32.75,417.3313
117.5,-32.75,418.9089
117.75,-32.75,419.57452
118.0,-32.75,418.22705
118.25,-32.75,417.58374
118.5,-32.75,417.6333
118.75,-32.75,417.25983
119.0,-32.75,415.36826
119.25,-32.75,416.38068
119.5,-32.75,415.83362
119.75,-32.75,413.99283
120.0,-32.75,412.35614
120.25,-32.75,411.71045
120.5,-32.75,411.1043
120.75,-32.75,409.70062
121.0,-32.75,407.9292
121.25,-32.75,407.52707
121.5,-32.75,408.9906
121.75,-32.75,409.31396
122.0,-32.75,408.52774
122.25,-32.75,408.62796
122.5,-32.75,409.09216
122.75,-32.75,407.99277
123.0,-32.75,406.56027
123.25,-32.75,405.5095
123.5,-32.75,405.6333
123.75,-32.75,404.47693
124.0,-32.75,402.66135
124.25,-32.75,399.48102
124.5,-32.75,396.40253
124.75,-32.75,394.73804
125.0,-32.75,396.45776
125.25,-32.75,400.4933
125.5,-32.75,405.99362
125.75,-32.75,409.97632
134.0,-32.75,419.88974
134.25,-32.75,418.91278
134.5,-32.75,418.80545
134.75,-32.75,417.77786
135.0,-32.75,416.3217
135.25,-32.75,415.78732
135.5,-32.75,415.70755
135.75,-32.75,416.91843
136.0,-32.75,420.02808
136.25,-32.75,420.65137
136.5,-32.75,421.59302
136.75,-32.75,422.9472
137.0,-32.75,424.13962
137.25,-32.75,424.01337
137.5,-32.75,422.57956
137.75,-32.75,421.27487
138.0,-32.75,421.80603
138.25,-32.75,427.87393
138.5,-32.75,430.429
138.75,-32.75,431.98718
139.0,-32.75,433.55344
139.25,-32.75,434.63406
139.5,-32.75,434.8912
139.75,-32.75,434.2517
140.0,-32.75,434.24484
140.25,-32.75,433.89197
140.5,-32.75,432.7199
140.75,-32.75,432.6342
141.0,-32.75,433.5356
141.25,-32.75,434.15723
141.5,-32.75,434.48984
141.75,-32.75,435.07703
142.0,-32.75,436.91992
142.25,-32.75,438.4626
142.5,-32.75,438.1009
142.75,-32.75,436.73367
143.0,-32.75,436.7655
143.25,-32.75,437.89545
143.5,-32.75,437.543
143.75,-32.75,436.00238
144.0,-32.75,434.7262
144.25,-32.75,435.37384
144.5,-32.75,436.60635
144.75,-32.75,437.40323
145.0,-32.75,437.81824
145.25,-32.75,437.127
145.5,-32.75,437.3234
145.75,-32.75,437.41705
146.0,-32.75,438.15942
146.25,-32.75,439.08472
146.5,-32.75,439.99103
146.75,-32.75,440.4428
147.0,-32.75,440.8351
147.25,-32.75,440.51944
147.5,-32.75,440.26898
147.75,-32.75,439.69028
148.0,-32.75,439.96844
148.25,-32.75,439.82242
148.5,-32.75,438.91382
148.75,-32.75,439.30518
149.0,-32.75,437.40622
149.25,-32.75,434.8375
149.5,-32.75,432.4142
149.75,-32.75,428.19495
150.0,-32.75,422.57303
150.25,-32.75,416.20627
150.5,-32.75,409.9922
150.75,-32.75,404.62918
151.0,-32.75,400.9938
151.25,-32.75,399.03116
151.5,-32.75,396.87674
151.75,-32.75,394.38864
152.0,-32.75,391.46515
152.25,-32.75,399.45444
115.5,-33.0,416.87958
115.75,-33.0,414.84314
116.0,-33.0,409.75586
116.25,-33.0,405.87863
116.5,-33.0,407.15414
116.75,-33.0,410.058
117.0,-33.0,410.73798
117.25,-33.0,411.62875
117.5,-33.0,412.60187
117.75,-33.0,413.15292
118.0,-33.0,413.11804
118.25,-33.0,412.92322
118.5,-33.0,413.0654
118.75,-33.0,413.54715
119.0,-33.0,413.66507
119.25,-33.0,413.19376
119.5,-33.0,411.9057
119.75,-33.0,409.70712
120.0,-33.0,406.0671
120.25,-33.0,404.1443
120.5,-33.0,402.80698
120.75,-33.0,401.14035
121.0,-33.0,399.54398
121.25,-33.0,399.01587
121.5,-33.0,402.50076
121.75,-33.0,403.265
122.0,-33.0,402.02344
122.25,-33.0,399.35187
122.5,-33.0,399.80844
122.75,-33.0,398.7282
123.0,-33.0,398.0236
123.25,-33.0,397.274
123.5,-33.0,395.00024
123.75,-33.0,394.38416
124.0,-33.0,393.30225
124.25,-33.0,392.77753
124.5,-33.0,393.92386
124.75,-33.0,396.748
125.0,-33.0,399.49203
125.25,-33.0,402.1796
134.0,-33.0,420.91293
134.25,-33.0,422.49384
134.5,-33.0,422.25034
134.75,-33.0,417.5571
135.0,-33.0,413.41556
135.25,-33.0,413.1035
135.5,-33.0,412.8722
135.75,-33.0,413.27536
136.0,-33.0,414.69177
136.25,-33.0,417.17523
136.5,-33.0,417.3496
136.75,-33.0,418.09848
137.0,-33.0,420.2783
137.25,-33.0,424.0274
137.5,-33.0,422.67084
137.75,-33.0,420.33423
138.0,-33.0,419.99774
138.25,-33.0,424.39594
138.5,-33.0,425.87308
138.75,-33.0,427.92255
139.0,-33.0,429.4914
139.25,-33.0,430.16833
139.5,-33.0,429.53442
139.75,-33.0,429.60135
140.0,-33.0,428.44446
140.25,-33.0,427.56717
140.5,-33.0,427.80383
140.75,-33.0,426.78552
141.0,-33.0,427.43503
141.25,-33.0,429.0638
141.5,-33.0,431.09384
141.75,-33.0,432.61383
142.0,-33.0,434.633
142.25,-33.0,434.78085
142.5,-33.0,434.5533
142.75,-33.0,433.61688
143.0,-33.0,433.43982
143.25,-33.0,433.97235
143.5,-33.0,434.7036
143.75,-33.0,435.5758
144.0,-33.0,435.65317
144.25,-33.0,436.7001
144.5,-33.0,437.32373
144.75,-33.0,437.792
145.0,-33.0,437.7695
145.25,-33.0,435.8877
145.5,-33.0,434.8665
145.75,-33.0,434.13153
146.0,-33.0,434.3395
146.25,-33.0,435.97235
146.5,-33.0,438.15826
146.75,-33.0,438.86453
147.0,-33.0,438.91812
147.25,-33.0,438.43854
147.5,-33.0,438.2696
147.75,-33.0,437.29178
148.0,-33.0,437.21872
148.25,-33.0,436.53607
148.5,-33.0,434.84366
148.75,-33.0,436.5292
149.0,-33.0,435.596
149.25,-33.0,433.3915
149.5,-33.0,430.5542
149.75,-33.0,426.50873
150.0,-33.0,420.06024
150.25,-33.0,412.9957
150.5,-33.0,405.73666
150.75,-33.0,399.21094
151.0,-33.0,394.359
151.25,-33.0,394.43973
151.5,-33.0,395.27274
151.75,-33.0,396.58823
152.0,-33.0,402.5651
115.5,-33.25,412.00366
115.75,-33.25,409.8448
116.0,-33.25,404.5914
116.25,-33.25,400.60593
116.5,-33.25,400.63382
116.75,-33.25,404.5731
117.0,-33.25,405.31674
117.25,-33.25,405.498
117.5,-33.25,406.2778
117.75,-33.25,406.85217
118.0,-33.25,407.90878
118.25,-33.25,408.10107
118.5,-33.25,408.36475
118.75,-33.25,409.58383
119.0,-33.25,409.58136
119.25,-33.25,407.6316
119.5,-33.25,405.7597
119.75,-33.25,403.99796
120.0,-33.25,402.63168
120.25,-33.25,399.7314
120.5,-33.25,397.13928
120.75,-33.25,395.80154
121.0,-33.25,396.28116
121.25,-33.25,397.4843
121.5,-33.25,398.5259
121.75,-33.25,397.56268
122.0,-33.25,395.80716
122.25,-33.25,392.95245
122.5,-33.25,393.15927
122.75,-33.25,392.92374
123.0,-33.25,391.6471
123.25,-33.25,389.36
123.5,-33.25,387.95477
123.75,-33.25,387.74213
124.0,-33.25,387.2446
124.25,-33.25,389.9989
124.5,-33.25,395.25195
124.75,-33.25,401.3547
134.25,-33.25,422.58362
134.5,-33.25,420.19656
134.75,-33.25,414.1645
135.0,-33.25,411.6377
135.25,-33.25,407.7535
135.5,-33.25,407.3379
135.75,-33.25,409.47336
136.0,-33.25,410.89603
136.25,-33.25,412.30942
136.5,-33.25,413.82336
136.75,-33.25,414.9362
137.0,-33.25,417.56546
137.25,-33.25,422.84494
137.5,-33.25,423.52765
137.75,-33.25,423.39267
138.0,-33.25,423.2369
138.25,-33.25,422.0044
138.5,-33.25,420.90863
138.75,-33.25,422.97714
139.0,-33.25,425.04605
139.25,-33.25,426.65668
139.5,-33.25,425.75146
139.75,-33.25,423.74197
140.0,-33.25,422.39014
140.25,-33.25,421.7339
140.5,-33.25,422.22043
140.75,-33.25,422.3015
141.0,-33.25,423.59045
141.25,-33.25,425.74304
141.5,-33.25,428.3959
141.75,-33.25,430.005
142.0,-33.25,431.17075
142.25,-33.25,430.8933
142.5,-33.25,430.5258
142.75,-33.25,430.15536
143.0,-33.25,430.57938
143.25,-33.25,432.05334
143.5,-33.25,432.57755
143.75,-33.25,433.12854
144.0,-33.25,434.07806
144.25,-33.25,434.9987
144.5,-33.25,435.79202
144.75,-33.25,436.13852
145.0,-33.25,436.092
145.25,-33.25,435.0036
145.5,-33.25,434.4839
145.75,-33.25,433.95624
146.0,-33.25,433.8655
146.25,-33.25,435.44174
146.5,-33.25,436.3029
146.75,-33.25,436.17288
147.0,-33.25,436.07196
147.25,-33.25,436.26483
147.5,-33.25,436.0941
147.75,-33.25,435.58746
148.0,-33.25,434.89716
148.25,-33.25,433.5557
148.5,-33.25,432.09793
148.75,-33.25,433.2735
149.0,-33.25,432.72623
149.25,-33.25,431.33823
149.5,-33.25,428.49948
149.75,-33.25,423.6754
150.0,-33.25,416.58316
150.25,-33.25,409.46533
150.5,-33.25,402.14728
150.75,-33.25,395.2003
151.0,-33.25,390.63745
151.25,-33.25,392.65656
151.5,-33.25,396.095
151.75,-33.25,404.53732
115.25,-33.5,401.82404
115.5,-33.5,400.79413
115.75,-33.5,400.3463
116.0,-33.5,396.1429
116.25,-33.5,394.1523
116.5,-33.5,394.85443
116.75,-33.5,397.8667
117.0,-33.5,398.99484
117.25,-33.5,399.5546
117.5,-33.5,400.87085
117.75,-33.5,401.42044
118.0,-33.5,402.4724
118.25,-33.5,402.6189
118.5,-33.5,403.14954
118.75,-33.5,401.62936
119.0,-33.5,397.1157
119.25,-33.5,397.74127
119.5,-33.5,400.12234
119.75,-33.5,399.57617
120.0,-33.5,397.79233
120.25,-33.5,397.43384
120.5,-33.5,395.603
120.75,-33.5,396.02167
121.0,-33.5,396.165
121.25,-33.5,398.4122
121.5,-33.5,399.88138
121.75,-33.5,399.10663
122.0,-33.5,397.57437
122.25,-33.5,395.1799
122.5,-33.5,394.486
122.75,-33.5,392.90485
123.0,-33.5,391.25684
123.25,-33.5,388.63394
123.5,-33.5,387.89316
123.75,-33.5,386.81866
124.0,-33.5,387.34067
124.25,-33.5,390.10876
134.5,-33.5,417.6871
134.75,-33.5,413.41278
135.0,-33.5,412.32016
135.25,-33.5,407.3512
135.5,-33.5,404.2294
135.75,-33.5,405.70786
136.0,-33.5,406.13376
136.25,-33.5,408.10828
136.5,-33.5,409.6406
136.75,-33.5,413.583
137.0,-33.5,417.8769
137.25,-33.5,418.125
137.5,-33.5,420.6654
137.75,-33.5,420.72366
138.0,-33.5,419.6509
138.25,-33.5,418.02902
138.5,-33.5,416.36337
138.75,-33.5,418.60043
139.0,-33.5,420.6889
139.25,-33.5,422.9929
139.5,-33.5,422.86603
139.75,-33.5,419.782
140.0,-33.5,417.95224
140.25,-33.5,417.30173
140.5,-33.5,418.2595
140.75,-33.5,419.52057
141.0,-33.5,421.2697
141.25,-33.5,423.48642
141.5,-33.5,425.83585
141.75,-33.5,426.86774
142.0,-33.5,427.34293
142.25,-33.5,427.5934
142.5,-33.5,427.86133
142.75,-33.5,427.47684
143.0,-33.5,429.09442
143.25,-33.5,428.58682
143.5,-33.5,429.50967
143.75,-33.5,430.6944
144.0,-33.5,432.48328
144.25,-33.5,432.9391
144.5,-33.5,433.03543
144.75,-33.5,433.41864
145.0,-33.5,433.32437
145.25,-33.5,432.50342
145.5,-33.5,431.92767
145.75,-33.5,432.02737
146.0,-33.5,431.95395
146.25,-33.5,432.71896
146.5,-33.5,433.74136
146.75,-33.5,433.7455
147.0,-33.5,433.58636
147.25,-33.5,433.6985
147.5,-33.5,432.9558
147.75,-33.5,432.97037
148.0,-33.5,432.29532
148.25,-33.5,431.63858
148.5,-33.5,430.32602
148.75,-33.5,430.8571
149.0,-33.5,430.96344
149.25,-33.5,429.71127
149.5,-33.5,427.21222
149.75,-33.5,421.84937
150.0,-33.5,414.53497
150.25,-33.5,405.9936
150.5,-33.5,398.69028
150.75,-33.5,395.6265
151.0,-33.5,392.30118
151.25,-33.5,393.25504
151.5,-33.5,399.25638
115.0,-33.75,388.69083
115.25,-33.75,387.67725
115.5,-33.75,385.39737
115.75,-33.75,385.93716
116.0,-33.75,388.20734
116.25,-33.75,386.90152
116.5,-33.75,388.8907
116.75,-33.75,390.7593
117.0,-33.75,392.2453
117.25,-33.75,394.05417
117.5,-33.75,395.3069
117.75,-33.75,396.127
118.0,-33.75,396.57767
118.25,-33.75,396.95087
118.5,-33.75,395.95758
118.75,-33.75,393.82202
119.0,-33.75,389.5069
119.25,-33.75,388.57648
119.5,-33.75,391.3013
119.75,-33.75,394.2513
120.0,-33.75,394.81357
120.25,-33.75,395.83893
120.5,-33.75,393.99265
120.75,-33.75,394.23517
121.0,-33.75,394.7951
121.25,-33.75,396.77637
121.5,-33.75,398.47678
121.75,-33.75,398.1415
122.0,-33.75,396.54138
122.25,-33.75,396.26898
122.5,-33.75,393.3712
122.75,-33.75,391.39438
123.0,-33.75,390.43326
123.25,-33.75,388.7237
123.5,-33.75,388.64526
123.75,-33.75,388.85178
124.0,-33.75,389.27985
134.75,-33.75,411.90027
135.0,-33.75,409.99902
135.25,-33.75,410.19424
135.5,-33.75,406.97485
135.75,-33.75,400.94815
136.0,-33.75,398.15387
136.25,-33.75,403.52023
136.5,-33.75,406.0908
136.75,-33.75,409.8172
137.0,-33.75,412.713
137.25,-33.75,413.72546
137.5,-33.75,415.42493
137.75,-33.75,417.94302
138.0,-33.75,417.1067
138.25,-33.75,413.0657
138.5,-33.75,411.46445
138.75,-33.75,413.236
139.0,-33.75,416.4707
139.25,-33.75,418.87616
139.5,-33.75,419.26108
139.75,-33.75,415.67993
140.0,-33.75,413.9794
140.25,-33.75,413.35107
140.5,-33.75,413.9803
140.75,-33.75,416.55164
141.0,-33.75,418.94882
141.25,-33.75,421.2993
141.5,-33.75,423.4012
141.75,-33.75,424.50714
142.0,-33.75,425.0198
142.25,-33.75,425.39615
142.5,-33.75,425.0066
142.75,-33.75,425.21658
143.0,-33.75,426.7067
143.25,-33.75,426.4596
143.5,-33.75,427.36285
143.75,-33.75,429.4837
144.0,-33.75,430.22824
144.25,-33.75,430.47153
144.5,-33.75,430.36295
144.75,-33.75,430.52505
145.0,-33.75,430.44495
145.25,-33.75,429.74167
145.5,-33.75,429.25732
145.75,-33.75,429.13895
146.0,-33.75,428.94263
146.25,-33.75,429.32715
146.5,-33.75,430.45743
146.75,-33.75,430.9711
147.0,-33.75,430.78085
147.25,-33.75,430.6343
147.5,-33.75,430.15686
147.75,-33.75,429.9826
148.0,-33.75,428.94315
148.25,-33.75,428.13843
148.5,-33.75,427.04904
148.75,-33.75,427.62744
149.0,-33.75,427.00067
149.25,-33.75,425.76172
149.5,-33.75,423.7017
149.75,-33.75,419.01205
150.0,-33.75,409.55118
150.25,-33.75,401.22086
150.5,-33.75,397.99295
150.75,-33.75,397.4312
151.0,-33.75,396.7072
151.25,-33.75,397.0612
151.5,-33.75,403.07178
114.75,-34.0,382.24332
115.0,-34.0,376.34512
115.25,-34.0,375.20618
115.5,-34.0,372.50427
115.75,-34.0,373.78424
116.0,-34.0,375.99905
116.25,-34.0,377.31775
116.5,-34.0,378.93982
116.75,-34.0,380.7417
117.0,-34.0,384.02814
117.25,-34.0,385.65637
117.5,-34.0,387.55185
117.75,-34.0,388.57233
118.0,-34.0,388.51965
118.25,-34.0,388.36725
118.5,-34.0,387.2028
118.75,-34.0,385.987
119.0,-34.0,384.525
119.25,-34.0,383.28458
119.5,-34.0,384.89822
119.75,-34.0,388.1774
120.0,-34.0,392.80197
120.25,-34.0,393.97986
120.5,-34.0,392.2975
120.75,-34.0,392.91193
121.0,-34.0,393.78278
121.25,-34.0,396.37918
121.5,-34.0,399.13812
121.75,-34.0,398.86328
122.0,-34.0,396.09833
122.25,-34.0,395.15442
122.5,-34.0,391.99255
122.75,-34.0,390.1024
123.0,-34.0,388.7686
123.25,-34.0,389.27866
123.5,-34.0,389.6261
123.75,-34.0,390.32117
135.0,-34.0,408.25424
135.25,-34.0,408.60422
135.5,-34.0,407.08264
135.75,-34.0,401.2069
136.0,-34.0,395.61725
136.25,-34.0,399.3013
136.5,-34.0,402.06274
136.75,-34.0,406.11572
137.0,-34.0,408.7692
137.25,-34.0,409.30026
137.5,-34.0,410.78595
137.75,-34.0,412.83386
138.0,-34.0,412.68716
138.25,-34.0,409.10754
138.5,-34.0,408.50482
138.75,-34.0,409.88556
139.0,-34.0,413.25684
139.25,-34.0,414.32828
139.5,-34.0,414.07242
139.75,-34.0,411.36658
140.0,-34.0,411.20236
140.25,-34.0,410.7863
140.5,-34.0,411.046
140.75,-34.0,414.03976
141.0,-34.0,416.2965
141.25,-34.0,418.1029
141.5,-34.0,420.10974
141.75,-34.0,422.16223
142.0,-34.0,422.29163
142.25,-34.0,422.33792
142.5,-34.0,422.2825
142.75,-34.0,422.70978
143.0,-34.0,423.4476
143.25,-34.0,424.19202
143.5,-34.0,425.1074
143.75,-34.0,426.36093
144.0,-34.0,427.32758
144.25,-34.0,427.90997
144.5,-34.0,427.59592
144.75,-34.0,427.12396
145.0,-34.0,427.7415
145.25,-34.0,427.70297
145.5,-34.0,427.344
145.75,-34.0,425.88922
146.0,-34.0,425.984
146.25,-34.0,425.9886
146.5,-34.0,427.1799
146.75,-34.0,427.68152
147.0,-34.0,427.7935
147.25,-34.0,427.611
147.5,-34.0,427.172
147.75,-34.0,426.6092
148.0,-34.0,425.75684
148.25,-34.0,424.85107
148.5,-34.0,423.81845
148.75,-34.0,424.24954
149.0,-34.0,422.86627
149.25,-34.0,421.48563
149.5,-34.0,419.11435
149.75,-34.0,414.30823
150.0,-34.0,405.04916
150.25,-34.0,398.1415
150.5,-34.0,394.86163
150.75,-34.0,398.38492
151.0,-34.0,399.55096
151.25,-34.0,400.6366
151.5,-34.0,404.1872
115.0,-34.25,371.01953
115.25,-34.25,367.1613
115.5,-34.25,364.56775
115.75,-34.25,364.97458
116.0,-34.25,366.27826
116.25,-34.25,366.38873
116.5,-34.25,365.597
116.75,-34.25,367.58472
117.0,-34.25,371.41022
117.25,-34.25,373.17654
117.5,-34.25,375.2727
117.75,-34.25,376.08734
118.0,-34.25,375.3418
118.25,-34.25,376.19763
118.5,-34.25,378.6941
118.75,-34.25,377.71573
119.0,-34.25,378.93332
119.25,-34.25,381.44632
119.5,-34.25,383.25232
119.75,-34.25,386.04077
120.0,-34.25,391.06082
120.25,-34.25,391.76462
120.5,-34.25,391.9933
120.75,-34.25,392.5674
122.25,-34.25,394.6336
122.5,-34.25,392.09143
122.75,-34.25,390.64078
123.0,-34.25,389.5242
123.25,-34.25,388.9747
123.5,-34.25,390.20886
135.0,-34.25,407.3562
135.25,-34.25,406.2864
135.5,-34.25,406.38068
135.75,-34.25,402.54776
136.0,-34.25,397.04648
136.25,-34.25,397.57074
136.5,-34.25,401.19852
137.25,-34.25,404.32617
137.5,-34.25,405.2279
137.75,-34.25,407.32095
138.0,-34.25,405.15796
138.25,-34.25,406.83575
138.5,-34.25,408.81058
138.75,-34.25,410.67664
139.0,-34.25,410.04797
139.25,-34.25,410.1345
139.5,-34.25,408.8298
139.75,-34.25,407.64175
140.0,-34.25,407.7872
140.25,-34.25,408.58835
140.5,-34.25,409.00732
140.75,-34.25,411.93417
141.0,-34.25,413.19122
141.25,-34.25,415.045
141.5,-34.25,417.3785
141.75,-34.25,419.30365
142.0,-34.25,419.92212
142.25,-34.25,419.48358
142.5,-34.25,419.0015
142.75,-34.25,419.12338
143.0,-34.25,420.00882
143.25,-34.25,421.36542
143.5,-34.25,421.6407
143.75,-34.25,422.52072
144.0,-34.25,423.44604
144.25,-34.25,424.3921
144.5,-34.25,424.28906
144.75,-34.25,424.56702
145.0,-34.25,424.9797
145.25,-34.25,425.05576
145.5,-34.25,424.811
145.75,-34.25,423.30176
146.0,-34.25,422.68887
146.25,-34.25,422.9022
146.5,-34.25,424.0414
146.75,-34.25,423.96036
147.0,-34.25,424.07626
147.25,-34.25,423.8832
147.5,-34.25,423.353
147.75,-34.25,422.90082
148.0,-34.25,422.1197
148.25,-34.25,421.69504
148.5,-34.25,420.69168
148.75,-34.25,420.4794
149.0,-34.25,419.1519
149.25,-34.25,418.04395
149.5,-34.25,416.26343
149.75,-34.25,410.62787
150.0,-34.25,401.82144
150.25,-34.25,395.58948
150.5,-34.25,393.78394
150.75,-34.25,397.89783
151.0,-34.25,399.66443
151.25,-34.25,403.76337
115.25,-34.5,366.70477
115.5,-34.5,363.22598
115.75,-34.5,357.47354
116.0,-34.5,357.38885
116.25,-34.5,355.36288
116.5,-34.5,354.44827
116.75,-34.5,354.93784
117.0,-34.5,357.0375
117.25,-34.5,358.9949
117.5,-34.5,360.64856
117.75,-34.5,362.42514
118.0,-34.5,360.60727
118.25,-34.5,362.68005
118.5,-34.5,365.9804
118.75,-34.5,370.00204
119.0,-34.5,375.7
119.25,-34.5,381.5401
119.5,-34.5,384.82693
135.25,-34.5,404.2173
135.5,-34.5,404.75653
135.75,-34.5,403.28827
136.0,-34.5,396.30383
136.25,-34.5,397.53464
137.5,-34.5,400.08658
137.75,-34.5,403.19186
138.0,-34.5,398.99106
138.25,-34.5,405.3015
138.5,-34.5,409.50598
138.75,-34.5,410.66608
139.0,-34.5,407.4207
139.25,-34.5,405.15857
139.5,-34.5,403.8497
139.75,-34.5,403.95062
140.0,-34.5,404.69916
140.25,-34.5,406.1748
140.5,-34.5,408.37842
140.75,-34.5,409.42502
141.0,-34.5,409.7948
141.25,-34.5,411.59122
141.5,-34.5,413.9853
141.75,-34.5,416.3557
142.0,-34.5,416.9693
142.25,-34.5,416.02563
142.5,-34.5,416.17416
142.75,-34.5,416.11618
143.0,-34.5,417.24368
143.25,-34.5,418.24677
143.5,-34.5,418.6073
143.75,-34.5,419.0852
144.0,-34.5,419.57135
144.25,-34.5,420.88312
144.5,-34.5,421.44498
144.75,-34.5,421.76
145.0,-34.5,421.71237
145.25,-34.5,421.8097
145.5,-34.5,421.6084
145.75,-34.5,420.88217
146.0,-34.5,419.88388
146.25,-34.5,420.08295
146.5,-34.5,420.2017
146.75,-34.5,420.22357
147.0,-34.5,420.0828
147.25,-34.5,419.46045
147.5,-34.5,418.6687
147.75,-34.5,417.85504
148.0,-34.5,417.1027
148.25,-34.5,416.6533
148.5,-34.5,416.91083
148.75,-34.5,416.34512
149.0,-34.5,415.14108
149.25,-34.5,414.63623
149.5,-34.5,413.03638
149.75,-34.5,408.5915
150.0,-34.5,399.672
150.25,-34.5,394.22195
150.5,-34.5,394.7538
150.75,-34.5,396.95624
151.0,-34.5,399.82837
115.75,-34.75,356.4123
116.0,-34.75,350.3212
116.25,-34.75,349.20093
116.5,-34.75,347.7861
116.75,-34.75,347.49176
117.0,-34.75,347.5715
117.25,-34.75,349.8303
117.5,-34.75,352.08292
117.75,-34.75,354.22833
118.0,-34.75,354.05127
118.25,-34.75,354.3586
118.5,-34.75,357.4373
118.75,-34.75,364.3369
119.0,-34.75,375.39166
119.25,-34.75,383.01666
135.5,-34.75,402.37103
135.75,-34.75,401.26346
136.0,-34.75,396.6806
137.75,-34.75,398.54834
138.25,-34.75,402.66428
138.5,-34.75,406.71002
138.75,-34.75,407.7355
139.0,-34.75,403.20084
139.25,-34.75,400.52142
139.5,-34.75,399.66885
139.75,-34.75,399.62766
140.0,-34.75,401.0131
140.25,-34.75,402.09186
140.5,-34.75,404.51395
140.75,-34.75,406.7874
141.0,-34.75,405.71533
141.25,-34.75,405.61325
141.5,-34.75,406.72696
141.75,-34.75,408.5389
142.0,-34.75,411.36987
142.25,-34.75,411.8602
142.5,-34.75,412.58426
142.75,-34.75,413.9431
143.0,-34.75,414.82132
143.25,-34.75,415.11926
143.5,-34.75,415.2931
143.75,-34.75,416.40692
144.0,-34.75,417.53528
144.25,-34.75,418.18124
144.5,-34.75,418.8941
144.75,-34.75,418.89377
145.0,-34.75,418.853
145.25,-34.75,418.69028
145.5,-34.75,418.66043
145.75,-34.75,418.454
146.0,-34.75,417.1537
146.25,-34.75,416.56082
146.5,-34.75,416.8924
146.75,-34.75,416.3042
147.0,-34.75,416.1936
147.25,-34.75,415.39825
147.5,-34.75,414.33658
147.75,-34.75,413.27295
148.0,-34.75,411.55234
148.25,-34.75,412.45297
148.5,-34.75,412.92535
148.75,-34.75,413.33435
149.0,-34.75,411.96683
149.25,-34.75,411.12155
149.5,-34.75,408.7441
149.75,-34.75,404.3173
150.0,-34.75,396.8169
150.25,-34.75,391.2733
150.5,-34.75,392.99884
150.75,-34.75,397.31464
151.0,-34.75,399.6715
116.0,-35.0,352.2633
116.25,-35.0,350.38965
116.5,-35.0,350.3639
116.75,-35.0,351.2984
117.0,-35.0,351.89886
117.25,-35.0,351.66165
117.5,-35.0,353.99698
117.75,-35.0,355.50055
118.0,-35.0,352.71686
118.25,-35.0,353.6831
118.5,-35.0,358.53592
138.25,-35.0,396.5709
138.5,-35.0,398.2948
138.75,-35.0,398.76462
139.0,-35.0,396.78607
139.25,-35.0,395.1426
139.5,-35.0,394.52686
139.75,-35.0,395.51675
140.0,-35.0,397.71408
140.25,-35.0,396.6329
140.5,-35.0,398.06012
140.75,-35.0,400.8945
141.0,-35.0,403.16266
141.25,-35.0,403.52423
141.5,-35.0,404.78436
141.75,-35.0,406.41574
142.0,-35.0,409.16528
142.25,-35.0,410.76486
142.5,-35.0,411.19678
142.75,-35.0,411.9973
143.0,-35.0,413.56012
143.25,-35.0,413.43503
143.5,-35.0,413.37988
143.75,-35.0,413.42407
144.0,-35.0,413.69058
144.25,-35.0,414.5674
144.5,-35.0,415.2792
144.75,-35.0,415.398
145.0,-35.0,415.5616
145.25,-35.0,415.2358
145.5,-35.0,415.23572
145.75,-35.0,414.86603
146.0,-35.0,414.34143
146.25,-35.0,414.05527
146.5,-35.0,413.2158
146.75,-35.0,412.93887
147.0,-35.0,411.72
147.25,-35.0,410.69818
147.5,-35.0,409.33023
147.75,-35.0,408.17532
148.0,-35.0,406.28937
148.25,-35.0,407.48016
148.5,-35.0,408.23944
148.75,-35.0,409.01205
149.0,-35.0,411.02844
149.25,-35.0,408.3579
149.5,-35.0,405.85156
149.75,-35.0,401.50833
150.0,-35.0,393.08286
150.25,-35.0,387.3567
150.5,-35.0,387.0003
150.75,-35.0,390.75107
151.0,-35.0,397.25375
116.25,-35.25,358.53024
116.5,-35.25,359.56024
116.75,-35.25,360.18985
117.0,-35.25,360.4555
117.25,-35.25,360.22333
117.5,-35.25,360.21973
117.75,-35.25,360.4635
118.0,-35.25,360.45096
118.25,-35.25,362.1122
138.25,-35.25,387.66962
138.5,-35.25,389.28635
138.75,-35.25,391.24597
139.0,-35.25,390.47043
139.25,-35.25,388.7482
139.5,-35.25,389.2693
139.75,-35.25,391.23114
140.0,-35.25,392.71982
140.25,-35.25,394.68433
140.5,-35.25,397.33395
140.75,-35.25,399.93512
141.0,-35.25,401.66263
141.25,-35.25,402.6806
141.5,-35.25,403.3415
141.75,-35.25,404.20413
142.0,-35.25,404.9419
142.25,-35.25,406.75705
142.5,-35.25,408.61368
142.75,-35.25,409.276
143.0,-35.25,409.5902
143.25,-35.25,410.3954
143.5,-35.25,409.87744
143.75,-35.25,409.3202
144.0,-35.25,409.52344
144.25,-35.25,410.2802
144.5,-35.25,410.90222
144.75,-35.25,411.36465
145.0,-35.25,411.8146
145.25,-35.25,411.73163
145.5,-35.25,411.6654
145.75,-35.25,411.76312
146.0,-35.25,411.7297
146.25,-35.25,411.33276
146.5,-35.25,410.45874
146.75,-35.25,409.0383
147.0,-35.25,407.66656
147.25,-35.25,405.7864
147.5,-35.25,403.84918
147.75,-35.25,402.18497
148.0,-35.25,401.0085
148.25,-35.25,402.87567
148.5,-35.25,404.28903
148.75,-35.25,405.68643
149.0,-35.25,408.39438
149.25,-35.25,406.97876
149.5,-35.25,403.83627
149.75,-35.25,398.45084
150.0,-35.25,390.41147
150.25,-35.25,384.50046
150.5,-35.25,383.24
150.75,-35.25,386.40884
138.5,-35.5,383.779
138.75,-35.5,382.23038
139.0,-35.5,381.51056
139.25,-35.5,382.7869
139.5,-35.5,385.75436
139.75,-35.5,387.9234
140.0,-35.5,387.22513
140.25,-35.5,388.43567
140.5,-35.5,390.65997
140.75,-35.5,392.21863
141.0,-35.5,394.4195
141.25,-35.5,396.26337
141.5,-35.5,397.02792
141.75,-35.5,397.3137
142.0,-35.5,398.69067
142.25,-35.5,401.85376
142.5,-35.5,404.12338
142.75,-35.5,405.91827
143.0,-35.5,406.03262
143.25,-35.5,406.7038
143.5,-35.5,406.57794
143.75,-35.5,405.7713
144.0,-35.5,405.62115
144.25,-35.5,406.41293
144.5,-35.5,407.16296
144.75,-35.5,407.88452
145.0,-35.5,407.32602
145.25,-35.5,407.77414
145.5,-35.5,407.35358
145.75,-35.5,407.35876
146.0,-35.5,407.50174
146.25,-35.5,407.25082
146.5,-35.5,406.11252
146.75,-35.5,404.4137
147.0,-35.5,403.09555
147.25,-35.5,401.02698
147.5,-35.5,398.19208
147.75,-35.5,396.12662
148.0,-35.5,395.9841
148.25,-35.5,398.65036
148.5,-35.5,401.385
148.75,-35.5,405.3042
149.0,-35.5,407.7429
149.25,-35.5,405.5044
149.5,-35.5,401.112
149.75,-35.5,395.09415
150.0,-35.5,386.00778
150.25,-35.5,380.23825
150.5,-35.5,379.96866
138.75,-35.75,381.3573
139.0,-35.75,382.88278
139.25,-35.75,382.02115
139.5,-35.75,384.74893
139.75,-35.75,385.70923
140.0,-35.75,383.6353
140.25,-35.75,382.8529
140.5,-35.75,384.4899
140.75,-35.75,386.71555
141.0,-35.75,387.97565
141.25,-35.75,389.01535
141.5,-35.75,390.31076
141.75,-35.75,392.8948
142.0,-35.75,395.89026
142.25,-35.75,397.97305
142.5,-35.75,399.3942
142.75,-35.75,400.98935
143.0,-35.75,401.37332
143.25,-35.75,402.21722
143.5,-35.75,401.96024
143.75,-35.75,402.03745
144.0,-35.75,402.4137
144.25,-35.75,402.0834
144.5,-35.75,402.75983
144.75,-35.75,403.77115
145.0,-35.75,401.05
145.25,-35.75,402.71893
145.5,-35.75,402.6151
145.75,-35.75,402.58514
146.0,-35.75,402.55875
146.25,-35.75,402.12457
146.5,-35.75,401.0402
146.75,-35.75,399.68674
147.0,-35.75,397.81015
147.25,-35.75,395.11166
147.5,-35.75,392.8219
147.75,-35.75,392.75504
148.0,-35.75,394.4552
148.25,-35.75,397.4371
148.5,-35.75,402.17596
148.75,-35.75,406.14612
149.0,-35.75,407.65387
149.25,-35.75,404.14005
149.5,-35.75,398.42664
149.75,-35.75,388.52158
150.0,-35.75,379.4728
150.25,-35.75,376.81677
150.5,-35.75,380.99084
139.25,-36.0,385.5192
139.5,-36.0,381.55283
139.75,-36.0,381.5257
140.0,-36.0,379.6884
140.25,-36.0,380.11542
140.5,-36.0,381.551
140.75,-36.0,382.85953
141.0,-36.0,384.26038
141.25,-36.0,385.54642
141.5,-36.0,386.60556
141.75,-36.0,389.3208
142.0,-36.0,390.44635
142.25,-36.0,392.6625
142.5,-36.0,394.2184
142.75,-36.0,395.24976
143.0,-36.0,396.2014
143.25,-36.0,396.9386
143.5,-36.0,397.12482
143.75,-36.0,397.25534
144.0,-36.0,398.1893
144.25,-36.0,398.13373
144.5,-36.0,398.92398
144.75,-36.0,398.5692
145.0,-36.0,396.9872
145.25,-36.0,397.91147
145.5,-36.0,398.1796
145.75,-36.0,398.18365
146.0,-36.0,397.16934
146.25,-36.0,396.0477
146.5,-36.0,395.06836
146.75,-36.0,393.38748
147.0,-36.0,391.05566
147.25,-36.0,389.16638
147.5,-36.0,389.43314
147.75,-36.0,389.70425
148.0,-36.0,394.3216
148.25,-36.0,397.53598
148.5,-36.0,402.0323
148.75,-36.0,405.66946
149.0,-36.0,408.41595
149.25,-36.0,403.52167
149.5,-36.0,392.8681
149.75,-36.0,382.5858
150.0,-36.0,373.70987
150.25,-36.0,376.5368
150.5,-36.0,381.2514
139.5,-36.25,381.88205
139.75,-36.25,376.79355
140.0,-36.25,375.34268
140.25,-36.25,376.09375
140.5,-36.25,376.95087
140.75,-36.25,378.69568
141.0,-36.25,379.8221
141.25,-36.25,380.77823
141.5,-36.25,382.01117
141.75,-36.25,383.59213
142.0,-36.25,384.99582
142.25,-36.25,387.00473
142.5,-36.25,388.8651
142.75,-36.25,389.6205
143.0,-36.25,390.8791
143.25,-36.25,392.18018
143.5,-36.25,392.33096
143.75,-36.25,392.45648
144.0,-36.25,393.7209
144.25,-36.25,393.65933
144.5,-36.25,393.57266
144.75,-36.25,393.2435
145.0,-36.25,392.78107
145.25,-36.25,392.9112
145.5,-36.25,393.27408
145.75,-36.25,392.70917
146.0,-36.25,391.2426
146.25,-36.25,390.13004
146.5,-36.25,387.58328
146.75,-36.25,386.13885
147.0,-36.25,385.04318
147.25,-36.25,383.9072
147.5,-36.25,384.6462
147.75,-36.25,386.62332
148.0,-36.25,392.0436
148.25,-36.25,396.65817
148.5,-36.25,399.58255
148.75,-36.25,403.721
149.0,-36.25,406.3752
149.25,-36.25,400.81097
149.5,-36.25,390.0484
149.75,-36.25,381.09506
150.0,-36.25,372.96533
150.25,-36.25,377.02975
150.5,-36.25,382.42548
139.5,-36.5,377.9658
139.75,-36.5,372.57693
140.0,-36.5,370.99747
140.25,-36.5,371.27753
140.5,-36.5,372.05835
140.75,-36.5,372.63916
141.0,-36.5,373.62256
141.25,-36.5,374.82153
141.5,-36.5,375.7429
141.75,-36.5,377.40564
142.0,-36.5,379.87616
142.25,-36.5,381.80386
142.5,-36.5,383.37076
142.75,-36.5,384.7379
143.0,-36.5,385.70474
143.25,-36.5,387.0228
143.5,-36.5,386.49268
143.75,-36.5,386.2758
144.0,-36.5,388.10165
144.25,-36.5,387.42938
144.5,-36.5,387.1044
144.75,-36.5,386.98184
145.0,-36.5,386.3635
145.25,-36.5,386.55225
145.5,-36.5,387.23312
145.75,-36.5,386.92236
146.0,-36.5,385.35135
146.25,-36.5,383.3701
146.5,-36.5,381.34357
146.75,-36.5,379.80524
147.0,-36.5,379.15497
147.25,-36.5,378.95883
147.5,-36.5,380.67377
147.75,-36.5,382.98486
148.0,-36.5,388.32028
148.25,-36.5,393.80447
148.5,-36.5,397.2071
148.75,-36.5,398.56583
149.0,-36.5,400.53314
149.25,-36.5,395.6215
149.5,-36.5,392.34378
149.75,-36.5,383.62903
150.0,-36.5,377.6625
150.25,-36.5,380.2431
139.5,-36.75,374.8063
139.75,-36.75,370.96344
140.0,-36.75,368.83252
140.25,-36.75,368.83514
140.5,-36.75,367.63162
140.75,-36.75,367.82202
141.0,-36.75,368.01996
141.25,-36.75,368.53116
141.5,-36.75,369.69592
141.75,-36.75,371.19464
142.0,-36.75,374.19095
142.25,-36.75,375.86325
142.5,-36.75,377.3104
142.75,-36.75,378.79333
143.0,-36.75,380.16672
143.25,-36.75,379.82858
143.5,-36.75,379.48593
143.75,-36.75,379.77066
144.0,-36.75,381.5967
144.25,-36.75,379.8888
144.5,-36.75,380.03275
144.75,-36.75,380.08765
145.0,-36.75,378.19858
145.25,-36.75,379.93356
145.5,-36.75,380.4065
145.75,-36.75,380.01508
146.0,-36.75,378.75647
146.25,-36.75,376.21652
146.5,-36.75,374.93652
146.75,-36.75,373.4931
147.0,-36.75,373.93246
147.25,-36.75,374.5701
147.5,-36.75,376.50778
147.75,-36.75,379.51993
148.0,-36.75,385.04343
148.25,-36.75,388.85687
148.5,-36.75,389.7977
148.75,-36.75,390.6959
149.0,-36.75,391.8762
149.25,-36.75,390.11316
149.5,-36.75,388.24008
149.75,-36.75,388.6087
150.0,-36.75,383.29248
150.25,-36.75,384.59506
139.5,-37.0,374.1376
139.75,-37.0,370.52026
140.0,-37.0,371.05054
140.25,-37.0,367.75696
140.5,-37.0,365.8781
140.75,-37.0,362.6874
141.0,-37.0,362.4296
141.25,-37.0,362.60068
141.5,-37.0,363.54547
141.75,-37.0,364.60092
142.0,-37.0,366.77924
142.25,-37.0,366.81723
142.5,-37.0,368.72156
142.75,-37.0,371.1235
143.0,-37.0,372.407
143.25,-37.0,372.05396
143.5,-37.0,372.78708
143.75,-37.0,374.0798
144.0,-37.0,375.04062
144.25,-37.0,374.04712
144.5,-37.0,373.20667
144.75,-37.0,371.93024
145.0,-37.0,370.73294
145.25,-37.0,372.09094
145.5,-37.0,371.46
145.75,-37.0,370.98862
146.0,-37.0,370.35303
146.25,-37.0,369.82153
146.5,-37.0,368.71088
146.75,-37.0,370.0065
147.0,-37.0,370.71207
147.25,-37.0,372.3943
147.5,-37.0,374.41156
147.75,-37.0,376.7222
148.0,-37.0,378.34042
148.25,-37.0,380.66193
148.5,-37.0,381.3768
148.75,-37.0,380.82437
149.0,-37.0,381.90494
149.25,-37.0,382.1197
149.5,-37.0,384.6527
149.75,-37.0,385.81027
150.0,-37.0,386.55896
150.25,-37.0,386.461
139.5,-37.25,373.4055
139.75,-37.25,372.49054
140.0,-37.25,373.53336
140.25,-37.25,369.167
140.5,-37.25,363.31207
140.75,-37.25,357.09866
141.0,-37.25,352.68347
141.25,-37.25,352.71124
141.5,-37.25,355.2308
141.75,-37.25,357.48566
142.0,-37.25,356.52383
142.25,-37.25,356.37576
142.5,-37.25,358.83743
142.75,-37.25,362.00372
143.0,-37.25,364.10504
143.25,-37.25,363.37842
143.5,-37.25,364.37744
143.75,-37.25,366.2332
144.0,-37.25,367.52008
144.25,-37.25,365.88043
144.5,-37.25,365.28156
144.75,-37.25,363.87808
145.0,-37.25,361.54556
145.25,-37.25,360.84247
145.5,-37.25,360.58514
145.75,-37.25,360.64236
146.0,-37.25,360.71927
146.25,-37.25,364.10364
146.5,-37.25,367.53406
146.75,-37.25,369.63034
147.0,-37.25,369.22717
147.25,-37.25,368.4887
147.5,-37.25,369.33426
147.75,-37.25,369.8607
148.0,-37.25,369.51352
148.25,-37.25,370.21072
148.5,-37.25,369.56467
148.75,-37.25,368.9284
149.0,-37.25,369.0846
149.25,-37.25,372.94366
149.5,-37.25,378.42108
149.75,-37.25,384.5285
150.0,-37.25,388.32736
150.25,-37.25,387.24426
139.75,-37.5,372.7173
140.0,-37.5,372.0059
140.25,-37.5,369.9249
140.5,-37.5,363.1165
140.75,-37.5,354.4306
141.0,-37.5,346.58316
141.25,-37.5,347.02087
141.5,-37.5,349.17383
141.75,-37.5,351.97687
142.0,-37.5,353.26584
142.25,-37.5,352.44205
142.5,-37.5,353.8115
142.75,-37.5,356.4511
143.0,-37.5,357.45828
143.25,-37.5,357.0915
143.5,-37.5,357.3543
143.75,-37.5,358.59293
144.0,-37.5,359.1476
144.25,-37.5,357.47748
144.5,-37.5,357.30103
144.75,-37.5,356.96265
145.0,-37.5,355.5218
145.25,-37.5,351.66357
145.5,-37.5,349.97775
145.75,-37.5,350.40106
146.0,-37.5,353.2475
146.25,-37.5,359.5991
146.5,-37.5,365.2158
146.75,-37.5,368.21094
147.0,-37.5,368.54184
147.25,-37.5,367.25003
147.5,-37.5,365.6908
147.75,-37.5,364.1395
148.0,-37.5,363.3803
148.25,-37.5,362.57254
148.5,-37.5,361.68054
148.75,-37.5,361.54343
149.0,-37.5,362.66293
149.25,-37.5,368.1285
149.5,-37.5,374.87616
149.75,-37.5,382.02582
150.0,-37.5,387.84406
140.0,-37.75,368.7999
140.25,-37.75,364.0485
140.5,-37.75,360.58664
140.75,-37.75,358.65237
141.0,-37.75,352.75226
141.25,-37.75,348.9113
141.5,-37.75,347.55325
141.75,-37.75,348.5451
142.0,-37.75,348.14346
142.25,-37.75,347.49338
142.5,-37.75,347.81622
142.75,-37.75,347.75278
143.0,-37.75,347.7138
143.25,-37.75,348.75146
143.5,-37.75,348.98074
143.75,-37.75,349.67383
144.0,-37.75,351.5075
144.25,-37.75,352.91434
144.5,-37.75,353.90054
144.75,-37.75,355.63458
145.0,-37.75,354.29956
145.25,-37.75,351.28287
145.5,-37.75,347.20953
145.75,-37.75,345.07397
146.0,-37.75,345.00726
146.25,-37.75,350.5153
146.5,-37.75,357.14914
146.75,-37.75,363.19788
147.0,-37.75,366.7614
147.25,-37.75,369.23358
147.5,-37.75,370.3492
147.75,-37.75,369.0295
148.0,-37.75,367.0866
148.25,-37.75,366.03
148.5,-37.75,365.33075
148.75,-37.75,365.32306
149.0,-37.75,365.6999
149.25,-37.75,369.5338
149.5,-37.75,374.49338
149.75,-37.75,380.6825
140.25,-38.0,361.44666
140.5,-38.0,360.21686
140.75,-38.0,357.83688
141.0,-38.0,354.1553
141.25,-38.0,352.338
141.5,-38.0,349.79932
141.75,-38.0,346.85242
142.0,-38.0,344.64066
142.25,-38.0,343.0277
142.5,-38.0,341.411
142.75,-38.0,340.76382
143.0,-38.0,341.45847
143.25,-38.0,340.01758
143.5,-38.0,341.26154
143.75,-38.0,343.2678
144.0,-38.0,344.76694
144.25,-38.0,346.81705
144.5,-38.0,349.53574
144.75,-38.0,350.7138
145.0,-38.0,355.6807
145.25,-38.0,355.13998
145.5,-38.0,350.13474
145.75,-38.0,344.31192
146.0,-38.0,342.3521
146.25,-38.0,345.77252
146.5,-38.0,352.4571
146.75,-38.0,359.2816
147.0,-38.0,365.64252
147.25,-38.0,368.3625
147.5,-38.0,370.57434
147.75,-38.0,373.38702
148.0,-38.0,374.14633
148.25,-38.0,374.43472
148.5,-38.0,375.09122
148.75,-38.0,375.16125
149.0,-38.0,374.47333
149.25,-38.0,375.01938
149.5,-38.0,378.93753
140.75,-38.25,359.4633
141.0,-38.25,356.60757
141.25,-38.25,352.23047
141.5,-38.25,349.2746
141.75,-38.25,344.0953
142.0,-38.25,339.75598
142.25,-38.25,337.72858
142.5,-38.25,336.86346
142.75,-38.25,339.55356
143.0,-38.25,340.4129
143.25,-38.25,339.61044
143.5,-38.25,339.8523
143.75,-38.25,341.91287
144.0,-38.25,341.6961
144.25,-38.25,343.24603
144.5,-38.25,348.2455
144.75,-38.25,354.32077
145.0,-38.25,357.69238
145.25,-38.25,357.84122
145.5,-38.25,351.48755
145.75,-38.25,346.64597
146.0,-38.25,344.56866
146.25,-38.25,346.13123
146.5,-38.25,349.69717
146.75,-38.25,357.67163
147.0,-38.25,364.3987
147.25,-38.25,368.28912
147.5,-38.25,373.4502
147.75,-38.25,377.06204
148.0,-38.25,379.93887
141.25,-38.5,353.1781
141.5,-38.5,347.66428
141.75,-38.5,344.80792
142.0,-38.5,340.71387
142.25,-38.5,339.2096
142.5,-38.5,338.15634
142.75,-38.5,340.59036
143.0,-38.5,341.63828
143.25,-38.5,344.2162
143.5,-38.5,343.738
143.75,-38.5,343.96472
144.0,-38.5,344.66467
144.25,-38.5,346.05
145.25,-38.5,359.24402
145.5,-38.5,353.86475
145.75,-38.5,350.71432
146.0,-38.5,351.81448
146.25,-38.5,352.37256
146.5,-38.5,355.28882
146.75,-38.5,357.9137
147.0,-38.5,364.1321
147.25,-38.5,368.89203
142.75,-38.75,345.3789
143.0,-38.75,346.28293
143.25,-38.75,348.30283
143.5,-38.75,349.35278
143.75,-38.75,349.00247
144.0,-38.75,350.19223
145.5,-38.75,357.9329
145.75,-38.75,358.443
146.0,-38.75,359.53287
146.25,-38.75,360.22333
146.5,-38.75,362.30682
146.75,-38.75,364.65942
147.0,-38.75,366.54984
143.25,-39.0,352.37302
143.5,-39.0,353.03522
143.75,-39.0,354.78952
146.0,-39.0,363.9747
146.25,-39.0,365.5818
146.5,-39.0,367.28265
145.0,-40.5,342.45352
148.0,-40.5,366.5457
144.75,-40.75,326.53708
145.0,-40.75,327.38654
145.25,-40.75,329.77914
145.5,-40.75,334.4103
145.75,-40.75,340.78394
146.0,-40.75,346.04855
146.75,-40.75,352.34738
147.0,-40.75,352.5829
147.25,-40.75,351.12103
147.5,-40.75,351.75256
147.75,-40.75,354.19095
148.0,-40.75,362.0205
148.25,-40.75,366.23465
144.5,-41.0,320.60287
144.75,-41.0,313.47736
145.0,-41.0,312.92938
145.25,-41.0,315.4655
145.5,-41.0,320.40384
145.75,-41.0,328.3824
146.0,-41.0,333.83585
146.25,-41.0,339.60855
146.5,-41.0,344.1767
146.75,-41.0,344.74203
147.0,-41.0,345.36227
147.25,-41.0,343.6005
147.5,-41.0,343.56555
147.75,-41.0,348.2441
148.0,-41.0,356.7658
148.25,-41.0,361.67993
148.5,-41.0,365.40604
144.5,-41.25,315.31827
144.75,-41.25,307.0336
145.0,-41.25,304.80704
145.25,-41.25,302.41687
145.5,-41.25,307.05
145.75,-41.25,313.8632
146.0,-41.25,320.61835
146.25,-41.25,326.90164
146.5,-41.25,335.86276
146.75,-41.25,340.2997
147.0,-41.25,341.18433
147.25,-41.25,339.45688
147.5,-41.25,338.723
147.75,-41.25,343.07373
148.0,-41.25,351.28006
148.25,-41.25,357.36697
148.5,-41.25,361.4856
144.75,-41.5,308.6784
145.0,-41.5,303.44583
145.25,-41.5,298.72855
145.5,-41.5,292.13736
145.75,-41.5,292.57138
146.0,-41.5,301.66156
146.25,-41.5,315.0768
146.5,-41.5,328.5811
146.75,-41.5,334.17014
147.0,-41.5,337.748
147.25,-41.5,335.56305
147.5,-41.5,333.64398
147.75,-41.5,337.7254
148.0,-41.5,346.23605
148.25,-41.5,352.74112
148.5,-41.5,356.5696
144.75,-41.75,313.58456
145.0,-41.75,305.43213
145.25,-41.75,294.94067
145.5,-41.75,284.73053
145.75,-41.75,277.94055
146.0,-41.75,286.32635
146.25,-41.75,301.06558
146.5,-41.75,317.4384
146.75,-41.75,326.67712
147.0,-41.75,331.92587
147.25,-41.75,333.80222
147.5,-41.75,331.70294
147.75,-41.75,334.98578
148.0,-41.75,342.00958
148.25,-41.75,347.46573
148.5,-41.75,351.17847
145.0,-42.0,305.98434
145.25,-42.0,294.5283
145.5,-42.0,283.0679
145.75,-42.0,273.8929
146.0,-42.0,281.22937
146.25,-42.0,294.9615
146.5,-42.0,310.86874
146.75,-42.0,318.572
147.0,-42.0,323.02222
147.25,-42.0,324.73648
147.5,-42.0,326.02682
147.75,-42.0,330.01657
148.0,-42.0,336.30896
148.25,-42.0,341.68945
148.5,-42.0,345.85583
145.25,-42.25,295.24817
145.5,-42.25,282.04654
145.75,-42.25,276.21115
146.0,-42.25,278.79846
146.25,-42.25,290.0585
146.5,-42.25,304.5036
146.75,-42.25,315.16165
147.0,-42.25,319.58145
147.25,-42.25,321.5138
147.5,-42.25,322.98578
147.75,-42.25,324.70538
148.0,-42.25,330.3062
148.25,-42.25,335.67456
145.0,-42.5,307.46408
145.25,-42.5,295.74484
145.5,-42.5,283.5044
145.75,-42.5,276.35474
146.0,-42.5,276.79263
146.25,-42.5,285.03427
146.5,-42.5,296.65173
146.75,-42.5,306.94296
147.0,-42.5,312.7896
147.25,-42.5,316.5361
147.5,-42.5,318.41794
147.75,-42.5,322.04355
148.0,-42.5,326.4893
148.25,-42.5,331.89658
145.25,-42.75,294.30652
145.5,-42.75,282.37134
145.75,-42.75,273.79492
146.0,-42.75,271.42328
146.25,-42.75,276.296
146.5,-42.75,285.19745
146.75,-42.75,296.36392
147.0,-42.75,304.17975
147.25,-42.75,311.89795
147.5,-42.75,316.4793
147.75,-42.75,321.39304
148.0,-42.75,325.0258
145.5,-43.0,280.9804
145.75,-43.0,272.9179
146.0,-43.0,269.58392
146.25,-43.0,271.25366
146.5,-43.0,278.93802
146.75,-43.0,286.95746
147.0,-43.0,297.07718
147.25,-43.0,305.52255
147.5,-43.0,314.7015
147.75,-43.0,321.43216
145.75,-43.25,277.85352
146.0,-43.25,274.32568
146.25,-43.25,274.78494
146.5,-43.25,278.9196
146.75,-43.25,286.96558
147.0,-43.25,295.097
147.25,-43.25,304.3431
146.0,-43.5,285.36282
146.25,-43.5,285.835
146.5,-43.5,289.17334
146.75,-43.5,292.4272
147.0,-43.5,298.76773
