Longitude,Latitude,avg_capacity_factor
142.25,-10.75,0.5142712
142.5,-10.75,0.5500482
130.5,-11.0,0.22524413
131.25,-11.0,0.25984642
142.0,-11.0,0.3971308
142.25,-11.0,0.32923928
142.5,-11.0,0.37265462
142.75,-11.0,0.53191936
130.25,-11.25,0.15745923
130.5,-11.25,0.14611594
130.75,-11.25,0.15883262
131.0,-11.25,0.1523464
131.25,-11.25,0.16114305
131.5,-11.25,0.19017117
132.75,-11.25,0.32722318
133.0,-11.25,0.37895602
141.75,-11.25,0.38965434
142.0,-11.25,0.32873738
142.25,-11.25,0.24336666
142.5,-11.25,0.2517162
142.75,-11.25,0.42601633
143.0,-11.25,0.56501335
130.0,-11.5,0.13442731
130.25,-11.5,0.102242686
130.5,-11.5,0.083491296
130.75,-11.5,0.09198306
131.0,-11.5,0.0929354
131.25,-11.5,0.10315273
131.5,-11.5,0.16411112
131.75,-11.5,0.21439855
132.5,-11.5,0.16264854
132.75,-11.5,0.20302247
133.0,-11.5,0.25054333
133.25,-11.5,0.334116
133.5,-11.5,0.37242833
133.75,-11.5,0.41082942
141.75,-11.5,0.3544744
142.0,-11.5,0.2812957
142.25,-11.5,0.21939181
142.5,-11.5,0.22567928
142.75,-11.5,0.386154
143.0,-11.5,0.5348337
130.25,-11.75,0.09712182
130.5,-11.75,0.08692212
130.75,-11.75,0.09485871
131.0,-11.75,0.105195604
131.25,-11.75,0.14357752
131.5,-11.75,0.20555693
132.25,-11.75,0.21336797
132.5,-11.75,0.17912893
132.75,-11.75,0.12550688
133.0,-11.75,0.12835407
133.25,-11.75,0.20862399
133.5,-11.75,0.24676634
133.75,-11.75,0.2873838
134.0,-11.75,0.35259387
134.25,-11.75,0.39051384
134.5,-11.75,0.4171985
134.75,-11.75,0.42174837
135.5,-11.75,0.41598925
141.75,-11.75,0.31252262
142.0,-11.75,0.23034607
142.25,-11.75,0.19551447
142.5,-11.75,0.213569
142.75,-11.75,0.3555327
143.0,-11.75,0.51218003
130.5,-12.0,0.152079
131.0,-12.0,0.14843991
131.25,-12.0,0.18405426
131.5,-12.0,0.22006966
131.75,-12.0,0.23432973
132.0,-12.0,0.2327244
132.25,-12.0,0.2213312
132.5,-12.0,0.16902368
132.75,-12.0,0.105837844
133.0,-12.0,0.09740258
133.25,-12.0,0.116312094
133.5,-12.0,0.12934397
133.75,-12.0,0.14725357
134.0,-12.0,0.20784406
134.25,-12.0,0.25579336
134.5,-12.0,0.29337108
134.75,-12.0,0.3053501
135.0,-12.0,0.31940344
135.25,-12.0,0.31473425
135.5,-12.0,0.31123775
135.75,-12.0,0.3128103
136.0,-12.0,0.31757376
136.25,-12.0,0.29318798
136.5,-12.0,0.2709183
141.75,-12.0,0.25306332
142.0,-12.0,0.18849057
142.25,-12.0,0.18589324
142.5,-12.0,0.18832675
142.75,-12.0,0.24706486
143.0,-12.0,0.4159322
143.25,-12.0,0.5554593
130.5,-12.25,0.16498005
130.75,-12.25,0.14307907
131.0,-12.25,0.116074175
131.25,-12.25,0.12992238
131.5,-12.25,0.16448775
131.75,-12.25,0.18418555
132.0,-12.25,0.17992954
132.25,-12.25,0.1536632
132.5,-12.25,0.10299755
132.75,-12.25,0.08449861
133.0,-12.25,0.096445
133.25,-12.25,0.10664691
133.5,-12.25,0.12033081
133.75,-12.25,0.12418363
134.0,-12.25,0.12083505
134.25,-12.25,0.1256035
134.5,-12.25,0.13218045
134.75,-12.25,0.14095543
135.0,-12.25,0.15204933
135.25,-12.25,0.15609728
135.5,-12.25,0.15629373
135.75,-12.25,0.16522136
136.0,-12.25,0.18363355
136.25,-12.25,0.16993526
136.5,-12.25,0.14551426
136.75,-12.25,0.18746455
141.5,-12.25,0.25550404
141.75,-12.25,0.17752324
142.0,-12.25,0.15476571
142.25,-12.25,0.16165769
142.5,-12.25,0.17136942
142.75,-12.25,0.20848493
143.0,-12.25,0.32467377
143.25,-12.25,0.492208
130.25,-12.5,0.15564844
130.5,-12.5,0.13266394
130.75,-12.5,0.095398076
131.0,-12.5,0.07533763
131.25,-12.5,0.07396415
131.5,-12.5,0.07969139
131.75,-12.5,0.08555665
132.0,-12.5,0.089858726
132.25,-12.5,0.088811755
132.5,-12.5,0.080187656
132.75,-12.5,0.081341356
133.0,-12.5,0.09840398
133.25,-12.5,0.120754845
133.5,-12.5,0.14773272
133.75,-12.5,0.14955164
134.0,-12.5,0.13142814
134.25,-12.5,0.11823366
134.5,-12.5,0.115439035
134.75,-12.5,0.1120013
135.0,-12.5,0.110952444
135.25,-12.5,0.11805301
135.5,-12.5,0.121054724
135.75,-12.5,0.11800946
136.0,-12.5,0.12130823
136.25,-12.5,0.118485145
136.5,-12.5,0.124850094
136.75,-12.5,0.1828501
137.0,-12.5,0.2800725
141.5,-12.5,0.28145444
141.75,-12.5,0.19053853
142.0,-12.5,0.15070412
142.25,-12.5,0.1421633
142.5,-12.5,0.15666682
142.75,-12.5,0.17219748
143.0,-12.5,0.21888386
143.25,-12.5,0.3687033
143.5,-12.5,0.5313931
130.0,-12.75,0.15760346
130.25,-12.75,0.12593426
130.5,-12.75,0.091442466
130.75,-12.75,0.074010186
131.0,-12.75,0.073470004
131.25,-12.75,0.07122571
131.5,-12.75,0.07262528
131.75,-12.75,0.07803076
132.0,-12.75,0.0815264
132.25,-12.75,0.08040449
132.5,-12.75,0.08042066
132.75,-12.75,0.08975076
133.0,-12.75,0.11417581
133.25,-12.75,0.14479156
133.5,-12.75,0.16914481
133.75,-12.75,0.1687319
134.0,-12.75,0.15527387
134.25,-12.75,0.14542948
134.5,-12.75,0.13885088
134.75,-12.75,0.11909633
135.0,-12.75,0.10990508
135.25,-12.75,0.12031948
135.5,-12.75,0.124830626
135.75,-12.75,0.11482149
136.0,-12.75,0.098906815
136.25,-12.75,0.100756876
136.5,-12.75,0.15167777
136.75,-12.75,0.24988736
141.5,-12.75,0.30718917
141.75,-12.75,0.22401528
142.0,-12.75,0.1642951
142.25,-12.75,0.14570512
142.5,-12.75,0.15460256
142.75,-12.75,0.17520995
143.0,-12.75,0.21096197
143.25,-12.75,0.30939013
143.5,-12.75,0.46770063
130.0,-13.0,0.14798589
130.25,-13.0,0.10399284
130.5,-13.0,0.07392615
130.75,-13.0,0.076495565
131.0,-13.0,0.078721344
131.25,-13.0,0.077053554
131.5,-13.0,0.08097267
131.75,-13.0,0.08766887
132.0,-13.0,0.091415875
132.25,-13.0,0.08441171
132.5,-13.0,0.086393945
132.75,-13.0,0.099927485
133.0,-13.0,0.13887061
133.25,-13.0,0.17349805
133.5,-13.0,0.18300755
133.75,-13.0,0.17496748
134.0,-13.0,0.15065771
134.25,-13.0,0.13818058
134.5,-13.0,0.12556149
134.75,-13.0,0.112350054
135.0,-13.0,0.10960536
135.25,-13.0,0.12360398
135.5,-13.0,0.1160995
135.75,-13.0,0.10498745
136.0,-13.0,0.100237146
136.25,-13.0,0.11870205
136.5,-13.0,0.17522475
136.75,-13.0,0.26315317
141.25,-13.0,0.30677688
141.5,-13.0,0.26605642
141.75,-13.0,0.1828286
142.0,-13.0,0.15483756
142.25,-13.0,0.14964157
142.5,-13.0,0.15654707
142.75,-13.0,0.1783539
143.0,-13.0,0.18863893
143.25,-13.0,0.24190366
143.5,-13.0,0.34502992
143.75,-13.0,0.5071985
130.0,-13.25,0.15357012
130.25,-13.25,0.11676333
130.5,-13.25,0.084140286
130.75,-13.25,0.08731482
131.0,-13.25,0.08707664
131.25,-13.25,0.087014385
131.5,-13.25,0.09240691
131.75,-13.25,0.100853115
132.0,-13.25,0.098568514
132.25,-13.25,0.096275434
132.5,-13.25,0.104706466
132.75,-13.25,0.12404033
133.0,-13.25,0.17417328
133.25,-13.25,0.19090463
133.5,-13.25,0.18876965
133.75,-13.25,0.15547755
134.0,-13.25,0.13440655
134.25,-13.25,0.12203394
134.5,-13.25,0.11404786
134.75,-13.25,0.11779826
135.0,-13.25,0.11976543
135.25,-13.25,0.12722343
135.5,-13.25,0.10491598
135.75,-13.25,0.102985755
136.0,-13.25,0.1624606
136.25,-13.25,0.19751316
136.5,-13.25,0.22354153
141.25,-13.25,0.29799742
141.5,-13.25,0.23874146
141.75,-13.25,0.15867291
142.0,-13.25,0.14550763
142.25,-13.25,0.15474643
142.5,-13.25,0.15947823
142.75,-13.25,0.17862888
143.0,-13.25,0.18710011
143.25,-13.25,0.1871583
143.5,-13.25,0.26605687
143.75,-13.25,0.4966923
129.75,-13.5,0.17265548
130.0,-13.5,0.1299305
130.25,-13.5,0.108122654
130.5,-13.5,0.09271715
130.75,-13.5,0.095932275
131.0,-13.5,0.099498115
131.25,-13.5,0.09661199
131.5,-13.5,0.106181234
131.75,-13.5,0.111559644
132.0,-13.5,0.11167631
132.25,-13.5,0.11636671
132.5,-13.5,0.13060568
132.75,-13.5,0.13646686
133.0,-13.5,0.17916882
133.25,-13.5,0.19106483
133.5,-13.5,0.16468066
133.75,-13.5,0.13838033
134.0,-13.5,0.12438525
134.25,-13.5,0.11485267
134.5,-13.5,0.12133068
134.75,-13.5,0.13314085
135.0,-13.5,0.12959981
135.25,-13.5,0.12155718
135.5,-13.5,0.10209835
135.75,-13.5,0.10769401
136.0,-13.5,0.1717138
136.25,-13.5,0.24646793
141.25,-13.5,0.2874503
141.5,-13.5,0.22630231
141.75,-13.5,0.14788756
142.0,-13.5,0.14096223
142.25,-13.5,0.14865628
142.5,-13.5,0.15410547
142.75,-13.5,0.16916028
143.0,-13.5,0.18616576
143.25,-13.5,0.18426473
143.5,-13.5,0.24696636
143.75,-13.5,0.47850585
126.75,-13.75,0.1878398
127.0,-13.75,0.18063544
127.25,-13.75,0.19165723
127.5,-13.75,0.22531864
129.5,-13.75,0.19222829
129.75,-13.75,0.13749988
130.0,-13.75,0.09720353
130.25,-13.75,0.093987405
130.5,-13.75,0.10109179
130.75,-13.75,0.10608155
131.0,-13.75,0.10236309
131.25,-13.75,0.10613663
131.5,-13.75,0.117415264
131.75,-13.75,0.12674442
132.0,-13.75,0.12859708
132.25,-13.75,0.13959686
132.5,-13.75,0.15010288
132.75,-13.75,0.14138874
133.0,-13.75,0.17372453
133.25,-13.75,0.17406894
133.5,-13.75,0.15216807
133.75,-13.75,0.13540447
134.0,-13.75,0.12282007
134.25,-13.75,0.124220446
134.5,-13.75,0.13438578
134.75,-13.75,0.14404066
135.0,-13.75,0.12944302
135.25,-13.75,0.11371641
135.5,-13.75,0.10337468
135.75,-13.75,0.110040456
136.0,-13.75,0.17618065
141.25,-13.75,0.27815804
141.5,-13.75,0.21792175
141.75,-13.75,0.13668723
142.0,-13.75,0.13118075
142.25,-13.75,0.14189339
142.5,-13.75,0.14450535
142.75,-13.75,0.16132055
143.0,-13.75,0.17465961
143.25,-13.75,0.15190041
143.5,-13.75,0.1989322
143.75,-13.75,0.43469095
126.25,-14.0,0.17591888
126.5,-14.0,0.15995999
126.75,-14.0,0.1384984
127.0,-14.0,0.13213214
127.25,-14.0,0.1607862
127.5,-14.0,0.20026599
127.75,-14.0,0.23179568
129.5,-14.0,0.16712177
129.75,-14.0,0.11567043
130.0,-14.0,0.0893784
130.25,-14.0,0.095238246
130.5,-14.0,0.10957287
130.75,-14.0,0.10939966
131.0,-14.0,0.10730128
131.25,-14.0,0.10833657
131.5,-14.0,0.12268844
131.75,-14.0,0.13213986
132.0,-14.0,0.13736732
132.25,-14.0,0.15603043
132.5,-14.0,0.16874756
132.75,-14.0,0.15020058
133.0,-14.0,0.17235406
133.25,-14.0,0.17248073
133.5,-14.0,0.14444375
133.75,-14.0,0.13233176
134.0,-14.0,0.1348025
134.25,-14.0,0.13860177
134.5,-14.0,0.14764892
134.75,-14.0,0.15232095
135.0,-14.0,0.12468389
135.25,-14.0,0.10518776
135.5,-14.0,0.103982136
135.75,-14.0,0.14365867
136.0,-14.0,0.21301776
136.25,-14.0,0.23277417
141.25,-14.0,0.27616557
141.5,-14.0,0.21306112
141.75,-14.0,0.12911314
142.0,-14.0,0.12732778
142.25,-14.0,0.13697976
142.5,-14.0,0.15093313
142.75,-14.0,0.16471916
143.0,-14.0,0.17397381
143.25,-14.0,0.14416221
143.5,-14.0,0.14529793
143.75,-14.0,0.35589507
144.0,-14.0,0.51104003
144.25,-14.0,0.5556052
144.5,-14.0,0.59385765
125.5,-14.25,0.17105679
125.75,-14.25,0.16310452
126.0,-14.25,0.15696996
126.25,-14.25,0.12699714
126.5,-14.25,0.10605056
126.75,-14.25,0.09600988
127.0,-14.25,0.11339015
127.25,-14.25,0.14106874
127.5,-14.25,0.16453879
127.75,-14.25,0.19499181
128.0,-14.25,0.2303182
129.25,-14.25,0.22506553
129.5,-14.25,0.15922135
129.75,-14.25,0.102507584
130.0,-14.25,0.091013476
130.25,-14.25,0.103695974
130.5,-14.25,0.11135541
130.75,-14.25,0.11250006
131.0,-14.25,0.111873865
131.25,-14.25,0.11302948
131.5,-14.25,0.11219753
131.75,-14.25,0.124437094
132.0,-14.25,0.13995317
132.25,-14.25,0.1624956
132.5,-14.25,0.1721819
132.75,-14.25,0.15690193
133.0,-14.25,0.17313763
133.25,-14.25,0.1675332
133.5,-14.25,0.14088811
133.75,-14.25,0.13153757
134.0,-14.25,0.13842945
134.25,-14.25,0.15112384
134.5,-14.25,0.16093725
134.75,-14.25,0.1549542
135.0,-14.25,0.12512906
135.25,-14.25,0.106503695
135.5,-14.25,0.13015026
135.75,-14.25,0.1935119
136.0,-14.25,0.25162297
141.25,-14.25,0.2731101
141.5,-14.25,0.21906534
141.75,-14.25,0.13253586
142.0,-14.25,0.12900177
142.25,-14.25,0.14624767
142.5,-14.25,0.16104758
142.75,-14.25,0.18229373
143.0,-14.25,0.19395697
143.25,-14.25,0.17817809
143.5,-14.25,0.17350645
143.75,-14.25,0.2637896
144.0,-14.25,0.3834241
144.25,-14.25,0.4328477
144.5,-14.25,0.5091662
144.75,-14.25,0.5654469
125.25,-14.5,0.14606662
125.5,-14.5,0.12826666
125.75,-14.5,0.10800234
126.0,-14.5,0.1078456
126.25,-14.5,0.10543607
126.5,-14.5,0.086654924
126.75,-14.5,0.080473624
127.0,-14.5,0.10483434
127.25,-14.5,0.13815893
127.5,-14.5,0.15188582
127.75,-14.5,0.15759838
128.0,-14.5,0.1933533
128.25,-14.5,0.2339852
129.5,-14.5,0.1863104
129.75,-14.5,0.13018255
130.0,-14.5,0.10963604
130.25,-14.5,0.121422015
130.5,-14.5,0.12781574
130.75,-14.5,0.12657732
131.0,-14.5,0.12831238
131.25,-14.5,0.11766367
131.5,-14.5,0.110604785
131.75,-14.5,0.11651327
132.0,-14.5,0.13234897
132.25,-14.5,0.14645983
132.5,-14.5,0.15912
132.75,-14.5,0.15886515
133.0,-14.5,0.15466711
133.25,-14.5,0.15542151
133.5,-14.5,0.13987692
133.75,-14.5,0.132501
134.0,-14.5,0.14064816
134.25,-14.5,0.15665928
134.5,-14.5,0.16237712
134.75,-14.5,0.15269263
135.0,-14.5,0.12851073
135.25,-14.5,0.12330979
135.5,-14.5,0.16350086
135.75,-14.5,0.2380858
141.25,-14.5,0.28031456
141.5,-14.5,0.22261027
141.75,-14.5,0.14188638
142.0,-14.5,0.13534172
142.25,-14.5,0.15146643
142.5,-14.5,0.17210999
142.75,-14.5,0.18826641
143.0,-14.5,0.20102637
143.25,-14.5,0.18719472
143.5,-14.5,0.15001874
143.75,-14.5,0.1576683
144.0,-14.5,0.20852683
144.25,-14.5,0.22250922
144.5,-14.5,0.2710772
144.75,-14.5,0.4158748
145.0,-14.5,0.55249155
125.0,-14.75,0.13280252
125.25,-14.75,0.109762505
125.5,-14.75,0.0841063
125.75,-14.75,0.07494874
126.0,-14.75,0.082953736
126.25,-14.75,0.102346815
126.5,-14.75,0.0975248
126.75,-14.75,0.08901224
127.0,-14.75,0.110516824
127.25,-14.75,0.14599621
127.5,-14.75,0.16172585
127.75,-14.75,0.1555602
128.0,-14.75,0.1636824
128.25,-14.75,0.20360489
128.5,-14.75,0.21808375
128.75,-14.75,0.2355536
129.0,-14.75,0.24827291
129.25,-14.75,0.24404667
129.5,-14.75,0.22023267
129.75,-14.75,0.17661323
130.0,-14.75,0.13437717
130.25,-14.75,0.13298853
130.5,-14.75,0.13609175
130.75,-14.75,0.12611753
131.0,-14.75,0.13866177
131.25,-14.75,0.12787944
131.5,-14.75,0.11186903
131.75,-14.75,0.113667145
132.0,-14.75,0.12949994
132.25,-14.75,0.14162341
132.5,-14.75,0.1584719
132.75,-14.75,0.16902138
133.0,-14.75,0.15055388
133.25,-14.75,0.14933911
133.5,-14.75,0.14635263
133.75,-14.75,0.14487688
134.0,-14.75,0.1489763
134.25,-14.75,0.15480767
134.5,-14.75,0.154318
134.75,-14.75,0.14612539
135.0,-14.75,0.12833284
135.25,-14.75,0.145838
135.5,-14.75,0.21573581
135.75,-14.75,0.2764912
141.25,-14.75,0.2866924
141.5,-14.75,0.23482686
141.75,-14.75,0.16111955
142.0,-14.75,0.14776897
142.25,-14.75,0.15866429
142.5,-14.75,0.17765981
142.75,-14.75,0.19383058
143.0,-14.75,0.20477341
143.25,-14.75,0.19423984
143.5,-14.75,0.15747012
143.75,-14.75,0.13285902
144.0,-14.75,0.15373403
144.25,-14.75,0.173295
144.5,-14.75,0.18164125
144.75,-14.75,0.2450261
145.0,-14.75,0.41488624
145.25,-14.75,0.55069214
125.0,-15.0,0.11278784
125.25,-15.0,0.08499686
125.5,-15.0,0.0679136
125.75,-15.0,0.07542728
126.0,-15.0,0.09590706
126.25,-15.0,0.12009021
126.5,-15.0,0.117511496
126.75,-15.0,0.11059313
127.0,-15.0,0.13054794
127.25,-15.0,0.1691133
127.5,-15.0,0.18717405
127.75,-15.0,0.17098555
128.0,-15.0,0.14439777
128.25,-15.0,0.16202372
128.5,-15.0,0.15600078
128.75,-15.0,0.16901308
129.0,-15.0,0.1833784
129.25,-15.0,0.18735091
129.5,-15.0,0.1828849
129.75,-15.0,0.1693886
130.0,-15.0,0.13820371
130.25,-15.0,0.13063568
130.5,-15.0,0.12461814
130.75,-15.0,0.12608409
131.0,-15.0,0.16135396
131.25,-15.0,0.154236
131.5,-15.0,0.13522236
131.75,-15.0,0.13468239
132.0,-15.0,0.14680764
132.25,-15.0,0.15556669
132.5,-15.0,0.1660742
132.75,-15.0,0.17541733
133.0,-15.0,0.15692557
133.25,-15.0,0.14864565
133.5,-15.0,0.15025443
133.75,-15.0,0.15665032
134.0,-15.0,0.15795907
134.25,-15.0,0.15306097
134.5,-15.0,0.14990543
134.75,-15.0,0.14299244
135.0,-15.0,0.12599832
135.25,-15.0,0.14099711
135.5,-15.0,0.20113131
135.75,-15.0,0.25183088
136.0,-15.0,0.27688742
141.25,-15.0,0.29016542
141.5,-15.0,0.24763438
141.75,-15.0,0.17389402
142.0,-15.0,0.15114596
142.25,-15.0,0.1639429
142.5,-15.0,0.18072426
142.75,-15.0,0.19713798
143.0,-15.0,0.2053378
143.25,-15.0,0.20107734
143.5,-15.0,0.17386124
143.75,-15.0,0.14842296
144.0,-15.0,0.15619455
144.25,-15.0,0.17630365
144.5,-15.0,0.21310164
144.75,-15.0,0.22643267
145.0,-15.0,0.28481102
145.25,-15.0,0.45003265
145.5,-15.0,0.56199354
124.75,-15.25,0.10300789
125.0,-15.25,0.07440227
125.25,-15.25,0.059723463
125.5,-15.25,0.06345327
125.75,-15.25,0.07932557
126.0,-15.25,0.1073848
126.25,-15.25,0.12874673
126.5,-15.25,0.12771377
126.75,-15.25,0.13003716
127.0,-15.25,0.15208814
127.25,-15.25,0.18274249
127.5,-15.25,0.19457242
127.75,-15.25,0.14996438
128.0,-15.25,0.119217865
128.25,-15.25,0.13815431
128.5,-15.25,0.13880752
128.75,-15.25,0.14147986
129.0,-15.25,0.13469538
129.25,-15.25,0.13834895
129.5,-15.25,0.1439695
129.75,-15.25,0.13840528
130.0,-15.25,0.12918496
130.25,-15.25,0.13157943
130.5,-15.25,0.12647782
130.75,-15.25,0.14003527
131.0,-15.25,0.1732542
131.25,-15.25,0.1722123
131.5,-15.25,0.15859988
131.75,-15.25,0.16089457
132.0,-15.25,0.16866943
132.25,-15.25,0.16057709
132.5,-15.25,0.16764753
132.75,-15.25,0.17922416
133.0,-15.25,0.17129846
133.25,-15.25,0.15661599
133.5,-15.25,0.15143083
133.75,-15.25,0.15591763
134.0,-15.25,0.1568657
134.25,-15.25,0.15187286
134.5,-15.25,0.15711576
134.75,-15.25,0.1547998
135.0,-15.25,0.1387029
135.25,-15.25,0.13220415
135.5,-15.25,0.15613282
135.75,-15.25,0.17409396
136.0,-15.25,0.20849979
136.25,-15.25,0.2603469
141.25,-15.25,0.27901307
141.5,-15.25,0.22017959
141.75,-15.25,0.15690184
142.0,-15.25,0.14743976
142.25,-15.25,0.16061263
142.5,-15.25,0.1840885
142.75,-15.25,0.19835103
143.0,-15.25,0.21489798
143.25,-15.25,0.21166928
143.5,-15.25,0.19349983
143.75,-15.25,0.16255939
144.0,-15.25,0.15909454
144.25,-15.25,0.15758485
144.5,-15.25,0.20513037
144.75,-15.25,0.23611231
145.0,-15.25,0.26971224
145.25,-15.25,0.42194676
145.5,-15.25,0.5470226
124.5,-15.5,0.111164644
124.75,-15.5,0.07374873
125.0,-15.5,0.055142462
125.25,-15.5,0.05800966
125.5,-15.5,0.06897064
125.75,-15.5,0.09056695
126.0,-15.5,0.12166444
126.25,-15.5,0.13496295
126.5,-15.5,0.1367265
126.75,-15.5,0.1504355
127.0,-15.5,0.17503838
127.25,-15.5,0.20262556
127.5,-15.5,0.1696758
127.75,-15.5,0.123082854
128.0,-15.5,0.09542661
128.25,-15.5,0.11879902
128.5,-15.5,0.12941979
128.75,-15.5,0.13442
129.0,-15.5,0.13279413
129.25,-15.5,0.14273183
129.5,-15.5,0.15031208
129.75,-15.5,0.13001765
130.0,-15.5,0.12249504
130.25,-15.5,0.14849705
130.5,-15.5,0.14699364
130.75,-15.5,0.14108276
131.0,-15.5,0.14669839
131.25,-15.5,0.15653962
131.5,-15.5,0.17831607
131.75,-15.5,0.18293165
132.0,-15.5,0.17475514
132.25,-15.5,0.1624219
132.5,-15.5,0.16637944
132.75,-15.5,0.17968668
133.0,-15.5,0.17756014
133.25,-15.5,0.16714963
133.5,-15.5,0.15953054
133.75,-15.5,0.16272208
134.0,-15.5,0.15986802
134.25,-15.5,0.16348672
134.5,-15.5,0.17147951
134.75,-15.5,0.18199433
135.0,-15.5,0.1621951
135.25,-15.5,0.14127067
135.5,-15.5,0.13677986
135.75,-15.5,0.14283821
136.0,-15.5,0.15480216
136.25,-15.5,0.19843087
136.5,-15.5,0.25296408
141.25,-15.5,0.25500587
141.5,-15.5,0.17711245
141.75,-15.5,0.13142423
142.0,-15.5,0.13300465
142.25,-15.5,0.15395573
142.5,-15.5,0.16862082
142.75,-15.5,0.18754655
143.0,-15.5,0.1957435
143.25,-15.5,0.20468445
143.5,-15.5,0.18770216
143.75,-15.5,0.16068915
144.0,-15.5,0.14706463
144.25,-15.5,0.15175255
144.5,-15.5,0.19667268
144.75,-15.5,0.21518092
145.0,-15.5,0.23399462
145.25,-15.5,0.38593104
145.5,-15.5,0.54832417
124.25,-15.75,0.16036904
124.5,-15.75,0.10236468
124.75,-15.75,0.069697805
125.0,-15.75,0.06377365
125.25,-15.75,0.07029755
125.5,-15.75,0.07851934
125.75,-15.75,0.10197571
126.0,-15.75,0.13363534
126.25,-15.75,0.1402593
126.5,-15.75,0.14361542
126.75,-15.75,0.17013103
127.0,-15.75,0.19578843
127.25,-15.75,0.18778725
127.5,-15.75,0.15602748
127.75,-15.75,0.110459514
128.0,-15.75,0.0849791
128.25,-15.75,0.10127896
128.5,-15.75,0.11995259
128.75,-15.75,0.13687585
129.0,-15.75,0.16777825
129.25,-15.75,0.18311559
129.5,-15.75,0.17003956
129.75,-15.75,0.14911973
130.0,-15.75,0.15647739
130.25,-15.75,0.19750735
130.5,-15.75,0.18483303
130.75,-15.75,0.1424234
131.0,-15.75,0.14121789
131.25,-15.75,0.15997037
131.5,-15.75,0.18340816
131.75,-15.75,0.20216005
132.0,-15.75,0.19214402
132.25,-15.75,0.17466135
132.5,-15.75,0.17502715
132.75,-15.75,0.1822737
133.0,-15.75,0.18082513
133.25,-15.75,0.17258333
133.5,-15.75,0.1733838
133.75,-15.75,0.17120895
134.0,-15.75,0.17041923
134.25,-15.75,0.16921733
134.5,-15.75,0.18774103
134.75,-15.75,0.203158
135.0,-15.75,0.18199292
135.25,-15.75,0.14919287
135.5,-15.75,0.1409471
135.75,-15.75,0.13391225
136.0,-15.75,0.13947873
136.25,-15.75,0.14880325
136.5,-15.75,0.19248545
136.75,-15.75,0.23486556
137.0,-15.75,0.24342294
137.25,-15.75,0.2445198
141.25,-15.75,0.23840274
141.5,-15.75,0.15624054
141.75,-15.75,0.13099422
142.0,-15.75,0.13441585
142.25,-15.75,0.14331383
142.5,-15.75,0.15781529
142.75,-15.75,0.16469163
143.0,-15.75,0.17725405
143.25,-15.75,0.17535567
143.5,-15.75,0.17465974
143.75,-15.75,0.14956573
144.0,-15.75,0.13506779
144.25,-15.75,0.1510863
144.5,-15.75,0.17553926
144.75,-15.75,0.17375304
145.0,-15.75,0.1864094
145.25,-15.75,0.3179814
145.5,-15.75,0.49064144
123.75,-16.0,0.22072324
124.0,-16.0,0.21123497
124.25,-16.0,0.16438782
124.5,-16.0,0.1058781
124.75,-16.0,0.07836341
125.0,-16.0,0.07471045
125.25,-16.0,0.083184585
125.5,-16.0,0.09474169
125.75,-16.0,0.11225638
126.0,-16.0,0.14203836
126.25,-16.0,0.15051027
126.5,-16.0,0.15681484
126.75,-16.0,0.18212026
127.0,-16.0,0.1809291
127.25,-16.0,0.17326128
127.5,-16.0,0.16974998
127.75,-16.0,0.12688328
128.0,-16.0,0.08736055
128.25,-16.0,0.09128455
128.5,-16.0,0.11189938
128.75,-16.0,0.1580452
129.0,-16.0,0.19967668
129.25,-16.0,0.21687885
129.5,-16.0,0.20531492
129.75,-16.0,0.19721569
130.0,-16.0,0.2199865
130.25,-16.0,0.23864429
130.5,-16.0,0.21048358
130.75,-16.0,0.16420075
131.0,-16.0,0.15678653
131.25,-16.0,0.1784588
131.5,-16.0,0.20211174
131.75,-16.0,0.22148691
132.0,-16.0,0.2139198
132.25,-16.0,0.196175
132.5,-16.0,0.19152775
132.75,-16.0,0.18928425
133.0,-16.0,0.1842907
133.25,-16.0,0.18442726
133.5,-16.0,0.18215969
133.75,-16.0,0.18192612
134.0,-16.0,0.17497551
134.25,-16.0,0.17810793
134.5,-16.0,0.18973295
134.75,-16.0,0.20943204
135.0,-16.0,0.19378124
135.25,-16.0,0.15821394
135.5,-16.0,0.14560504
135.75,-16.0,0.13542931
136.0,-16.0,0.12810974
136.25,-16.0,0.13286847
136.5,-16.0,0.1408444
136.75,-16.0,0.17180568
137.0,-16.0,0.17957217
137.25,-16.0,0.1927295
137.5,-16.0,0.22224219
137.75,-16.0,0.24393615
141.0,-16.0,0.29458237
141.25,-16.0,0.23684968
141.5,-16.0,0.16352832
141.75,-16.0,0.14448872
142.0,-16.0,0.14382552
142.25,-16.0,0.14929447
142.5,-16.0,0.15155526
142.75,-16.0,0.16195855
143.0,-16.0,0.16097829
143.25,-16.0,0.1662523
143.5,-16.0,0.15679695
143.75,-16.0,0.13868013
144.0,-16.0,0.12756237
144.25,-16.0,0.14338763
144.5,-16.0,0.13768694
144.75,-16.0,0.12954564
145.0,-16.0,0.112912245
145.25,-16.0,0.21101291
145.5,-16.0,0.3936133
123.5,-16.25,0.23450123
123.75,-16.25,0.20644422
124.0,-16.25,0.18433587
124.25,-16.25,0.14074488
124.5,-16.25,0.10099584
124.75,-16.25,0.07620465
125.0,-16.25,0.078856334
125.25,-16.25,0.09075167
125.5,-16.25,0.11378377
125.75,-16.25,0.13447255
126.0,-16.25,0.15618578
126.25,-16.25,0.16791603
126.5,-16.25,0.17892994
126.75,-16.25,0.18309204
127.0,-16.25,0.17955786
127.25,-16.25,0.18731584
127.5,-16.25,0.18757172
127.75,-16.25,0.15114571
128.0,-16.25,0.103315614
128.25,-16.25,0.09287114
128.5,-16.25,0.109567955
128.75,-16.25,0.16784239
129.0,-16.25,0.22920446
129.25,-16.25,0.24597542
129.5,-16.25,0.23181345
129.75,-16.25,0.23133433
130.0,-16.25,0.25343975
130.25,-16.25,0.25352648
130.5,-16.25,0.21450935
130.75,-16.25,0.19288532
131.0,-16.25,0.18834357
131.25,-16.25,0.20605735
131.5,-16.25,0.23040348
131.75,-16.25,0.23498441
132.0,-16.25,0.22511068
132.25,-16.25,0.21634239
132.5,-16.25,0.21064384
132.75,-16.25,0.20048554
133.0,-16.25,0.19331934
133.25,-16.25,0.1936832
133.5,-16.25,0.19512509
133.75,-16.25,0.1899929
134.0,-16.25,0.19419992
134.25,-16.25,0.19152406
134.5,-16.25,0.18879305
134.75,-16.25,0.19674225
135.0,-16.25,0.19485438
135.25,-16.25,0.17346796
135.5,-16.25,0.1515389
135.75,-16.25,0.13826269
136.0,-16.25,0.127461
136.25,-16.25,0.13775688
136.5,-16.25,0.13969575
136.75,-16.25,0.12848201
137.0,-16.25,0.12600985
137.25,-16.25,0.14572755
137.5,-16.25,0.17654659
137.75,-16.25,0.20542634
138.0,-16.25,0.23273373
141.0,-16.25,0.29475987
141.25,-16.25,0.24209017
141.5,-16.25,0.16815431
141.75,-16.25,0.15414716
142.0,-16.25,0.1591047
142.25,-16.25,0.16229266
142.5,-16.25,0.165529
142.75,-16.25,0.16451326
143.0,-16.25,0.17045264
143.25,-16.25,0.16708663
143.5,-16.25,0.1603344
143.75,-16.25,0.13768667
144.0,-16.25,0.13296925
144.25,-16.25,0.14787158
144.5,-16.25,0.13047124
144.75,-16.25,0.11585723
145.0,-16.25,0.08716623
145.25,-16.25,0.06757647
145.5,-16.25,0.16828658
145.75,-16.25,0.41945234
122.75,-16.5,0.24844262
123.0,-16.5,0.25957665
123.25,-16.5,0.26288494
123.5,-16.5,0.23376204
123.75,-16.5,0.17481641
124.0,-16.5,0.1410925
124.25,-16.5,0.11300747
124.5,-16.5,0.087815866
124.75,-16.5,0.08010969
125.0,-16.5,0.08625226
125.25,-16.5,0.1048902
125.5,-16.5,0.13938281
125.75,-16.5,0.15977235
126.0,-16.5,0.17779645
126.25,-16.5,0.19241348
126.5,-16.5,0.21014026
126.75,-16.5,0.20364928
127.0,-16.5,0.19363649
127.25,-16.5,0.20304407
127.5,-16.5,0.19969447
127.75,-16.5,0.15446562
128.0,-16.5,0.11579906
128.25,-16.5,0.10074242
128.5,-16.5,0.11253791
128.75,-16.5,0.16686943
129.0,-16.5,0.2330016
129.25,-16.5,0.25249642
129.5,-16.5,0.24387392
129.75,-16.5,0.25853541
130.0,-16.5,0.28550732
130.25,-16.5,0.25223836
130.5,-16.5,0.21513174
130.75,-16.5,0.20938432
131.0,-16.5,0.20905654
131.25,-16.5,0.23066163
131.5,-16.5,0.25571895
131.75,-16.5,0.2577604
132.0,-16.5,0.24384075
132.25,-16.5,0.23228888
132.5,-16.5,0.22458567
132.75,-16.5,0.21223143
133.0,-16.5,0.20433998
133.25,-16.5,0.20618607
133.5,-16.5,0.20497793
133.75,-16.5,0.20460469
134.0,-16.5,0.20583649
134.25,-16.5,0.20912625
134.5,-16.5,0.1974567
134.75,-16.5,0.18917325
135.0,-16.5,0.18702699
135.25,-16.5,0.17912851
135.5,-16.5,0.16402772
135.75,-16.5,0.14405939
136.0,-16.5,0.15381859
136.25,-16.5,0.16548175
136.5,-16.5,0.15964986
136.75,-16.5,0.13470003
137.0,-16.5,0.12471214
137.25,-16.5,0.13749221
137.5,-16.5,0.14317405
137.75,-16.5,0.15719688
138.0,-16.5,0.19349144
138.25,-16.5,0.2259958
138.5,-16.5,0.24217546
138.75,-16.5,0.2521169
141.0,-16.5,0.27897972
141.25,-16.5,0.21799237
141.5,-16.5,0.17324895
141.75,-16.5,0.16290899
142.0,-16.5,0.17040852
142.25,-16.5,0.1829018
142.5,-16.5,0.17891932
142.75,-16.5,0.17971748
143.0,-16.5,0.17738773
143.25,-16.5,0.18059126
143.5,-16.5,0.17079002
143.75,-16.5,0.15824054
144.0,-16.5,0.15733507
144.25,-16.5,0.17671648
144.5,-16.5,0.1687531
144.75,-16.5,0.14800663
145.0,-16.5,0.09652903
145.25,-16.5,0.058485847
145.5,-16.5,0.09973095
145.75,-16.5,0.340015
122.5,-16.75,0.23840363
122.75,-16.75,0.22688915
123.0,-16.75,0.23538083
123.25,-16.75,0.27189478
123.5,-16.75,0.2590939
123.75,-16.75,0.19639139
124.0,-16.75,0.15143196
124.25,-16.75,0.13448822
124.5,-16.75,0.13220528
124.75,-16.75,0.12395495
125.0,-16.75,0.11676408
125.25,-16.75,0.13279387
125.5,-16.75,0.1628848
125.75,-16.75,0.18010919
126.0,-16.75,0.17639467
126.25,-16.75,0.20522395
126.5,-16.75,0.22943197
126.75,-16.75,0.22416992
127.0,-16.75,0.21127585
127.25,-16.75,0.20243461
127.5,-16.75,0.186842
127.75,-16.75,0.16374971
128.0,-16.75,0.13566037
128.25,-16.75,0.11597057
128.5,-16.75,0.12678055
128.75,-16.75,0.17248094
129.0,-16.75,0.22780216
129.25,-16.75,0.25361222
129.5,-16.75,0.2636807
129.75,-16.75,0.2837734
130.0,-16.75,0.30375683
130.25,-16.75,0.2668398
130.5,-16.75,0.23583494
130.75,-16.75,0.23034318
131.0,-16.75,0.22442727
131.25,-16.75,0.2362229
131.5,-16.75,0.26368123
131.75,-16.75,0.27901027
132.0,-16.75,0.266642
132.25,-16.75,0.24496788
132.5,-16.75,0.22889516
132.75,-16.75,0.21774197
133.0,-16.75,0.21518013
133.25,-16.75,0.21859866
133.5,-16.75,0.21635869
133.75,-16.75,0.21242873
134.0,-16.75,0.21432179
134.25,-16.75,0.21472256
134.5,-16.75,0.21158333
134.75,-16.75,0.199452
135.0,-16.75,0.19295563
135.25,-16.75,0.18585111
135.5,-16.75,0.17364134
135.75,-16.75,0.16737366
136.0,-16.75,0.18441495
136.25,-16.75,0.2056422
136.5,-16.75,0.18983851
136.75,-16.75,0.14957915
137.0,-16.75,0.13958067
137.25,-16.75,0.14838576
137.5,-16.75,0.1405175
137.75,-16.75,0.14238492
138.0,-16.75,0.15637502
138.25,-16.75,0.18733107
138.5,-16.75,0.21190235
138.75,-16.75,0.22799797
139.0,-16.75,0.24766271
141.0,-16.75,0.2565912
141.25,-16.75,0.18716113
141.5,-16.75,0.16606814
141.75,-16.75,0.17576297
142.0,-16.75,0.17592505
142.25,-16.75,0.18094972
142.5,-16.75,0.1833717
142.75,-16.75,0.18545698
143.0,-16.75,0.1919367
143.25,-16.75,0.19286379
143.5,-16.75,0.18800056
143.75,-16.75,0.18030244
144.0,-16.75,0.1821096
144.25,-16.75,0.20703563
144.5,-16.75,0.21824662
144.75,-16.75,0.20577633
145.0,-16.75,0.15593788
145.25,-16.75,0.09849398
145.5,-16.75,0.10107695
145.75,-16.75,0.23630327
122.25,-17.0,0.23091799
122.5,-17.0,0.21952641
122.75,-17.0,0.21079646
123.0,-17.0,0.2298726
123.25,-17.0,0.27902603
123.5,-17.0,0.30226254
123.75,-17.0,0.26710165
124.0,-17.0,0.20196147
124.25,-17.0,0.1732763
124.5,-17.0,0.18249132
124.75,-17.0,0.18795134
125.0,-17.0,0.16936001
125.25,-17.0,0.15498911
125.5,-17.0,0.17035465
125.75,-17.0,0.18025708
126.0,-17.0,0.15516448
126.25,-17.0,0.19046229
126.5,-17.0,0.22592136
126.75,-17.0,0.23100641
127.0,-17.0,0.22052048
127.25,-17.0,0.1970247
127.5,-17.0,0.18165673
127.75,-17.0,0.18831544
128.0,-17.0,0.1760015
128.25,-17.0,0.1334513
128.5,-17.0,0.1291004
128.75,-17.0,0.15764776
129.0,-17.0,0.21926656
129.25,-17.0,0.27273414
129.5,-17.0,0.29560187
129.75,-17.0,0.30745608
130.0,-17.0,0.31544828
130.25,-17.0,0.28688303
130.5,-17.0,0.2617753
130.75,-17.0,0.24698584
131.0,-17.0,0.23365082
131.25,-17.0,0.23564278
131.5,-17.0,0.2540623
131.75,-17.0,0.26946363
132.0,-17.0,0.26563656
132.25,-17.0,0.25016043
132.5,-17.0,0.24350844
132.75,-17.0,0.23513162
133.0,-17.0,0.22850913
133.25,-17.0,0.23413517
133.5,-17.0,0.22965373
133.75,-17.0,0.22058971
134.0,-17.0,0.21839587
134.25,-17.0,0.22273023
134.5,-17.0,0.22817487
134.75,-17.0,0.23457621
135.0,-17.0,0.22923966
135.25,-17.0,0.2127586
135.5,-17.0,0.2086997
135.75,-17.0,0.20054778
136.0,-17.0,0.21227956
136.25,-17.0,0.2309774
136.5,-17.0,0.22072339
136.75,-17.0,0.17968608
137.0,-17.0,0.15621538
137.25,-17.0,0.15480289
137.5,-17.0,0.15261702
137.75,-17.0,0.14350648
138.0,-17.0,0.14066438
138.25,-17.0,0.15122946
138.5,-17.0,0.1636338
138.75,-17.0,0.17769554
139.0,-17.0,0.21054462
139.25,-17.0,0.2618181
140.75,-17.0,0.31109107
141.0,-17.0,0.25026155
141.25,-17.0,0.1759206
141.5,-17.0,0.16187097
141.75,-17.0,0.18014012
142.0,-17.0,0.18194826
142.25,-17.0,0.18414643
142.5,-17.0,0.18985267
142.75,-17.0,0.19662617
143.0,-17.0,0.20169233
143.25,-17.0,0.20354751
143.5,-17.0,0.19911937
143.75,-17.0,0.19096829
144.0,-17.0,0.18406941
144.25,-17.0,0.20289747
144.5,-17.0,0.20984401
144.75,-17.0,0.17192572
145.0,-17.0,0.13626936
145.25,-17.0,0.09537561
145.5,-17.0,0.06189095
145.75,-17.0,0.08645021
146.0,-17.0,0.24002737
122.0,-17.25,0.23241957
122.25,-17.25,0.21099827
122.5,-17.25,0.2087667
122.75,-17.25,0.22216736
123.0,-17.25,0.2531657
123.25,-17.25,0.28695032
123.5,-17.25,0.3041644
123.75,-17.25,0.29027143
124.0,-17.25,0.24092124
124.25,-17.25,0.20554584
124.5,-17.25,0.19831765
124.75,-17.25,0.20227888
125.0,-17.25,0.19533394
125.25,-17.25,0.17878057
125.5,-17.25,0.17389423
125.75,-17.25,0.1644242
126.0,-17.25,0.13823326
126.25,-17.25,0.17696302
126.5,-17.25,0.21522859
126.75,-17.25,0.2196653
127.0,-17.25,0.2136515
127.25,-17.25,0.196316
127.5,-17.25,0.19188723
127.75,-17.25,0.20308119
128.0,-17.25,0.18434207
128.25,-17.25,0.13310283
128.5,-17.25,0.11932026
128.75,-17.25,0.14789626
129.0,-17.25,0.21858694
129.25,-17.25,0.28330112
129.5,-17.25,0.30654067
129.75,-17.25,0.3075279
130.0,-17.25,0.3076492
130.25,-17.25,0.29158756
130.5,-17.25,0.2658421
130.75,-17.25,0.23873626
131.0,-17.25,0.2329162
131.25,-17.25,0.24626994
131.5,-17.25,0.2792577
131.75,-17.25,0.30383512
132.0,-17.25,0.31069162
132.25,-17.25,0.29706022
132.5,-17.25,0.28394625
132.75,-17.25,0.26864475
133.0,-17.25,0.24171585
133.25,-17.25,0.23236947
133.5,-17.25,0.23644638
133.75,-17.25,0.23897937
134.0,-17.25,0.23901097
134.25,-17.25,0.255126
134.5,-17.25,0.27402252
134.75,-17.25,0.29531592
135.0,-17.25,0.29385412
135.25,-17.25,0.2592152
135.5,-17.25,0.24256407
135.75,-17.25,0.22844642
136.0,-17.25,0.22789122
136.25,-17.25,0.24163859
136.5,-17.25,0.24923635
136.75,-17.25,0.22221988
137.0,-17.25,0.18722947
137.25,-17.25,0.17265105
137.5,-17.25,0.16041155
137.75,-17.25,0.14118905
138.0,-17.25,0.1409316
138.25,-17.25,0.15132856
138.5,-17.25,0.15790468
138.75,-17.25,0.16405022
139.0,-17.25,0.1936977
139.25,-17.25,0.24698864
139.5,-17.25,0.2839009
140.75,-17.25,0.31246257
141.0,-17.25,0.26944023
141.25,-17.25,0.2100738
141.5,-17.25,0.18280505
141.75,-17.25,0.18358031
142.0,-17.25,0.18466733
142.25,-17.25,0.18931465
142.5,-17.25,0.19452596
142.75,-17.25,0.20249182
143.0,-17.25,0.20639393
143.25,-17.25,0.21167228
143.5,-17.25,0.21000765
143.75,-17.25,0.20794255
144.0,-17.25,0.20496485
144.25,-17.25,0.21571012
144.5,-17.25,0.22950521
144.75,-17.25,0.19049391
145.0,-17.25,0.15991275
145.25,-17.25,0.13647853
145.5,-17.25,0.09256516
145.75,-17.25,0.059391864
146.0,-17.25,0.0875635
146.25,-17.25,0.27440438
122.0,-17.5,0.2438911
122.25,-17.5,0.2020024
122.5,-17.5,0.2003087
122.75,-17.5,0.23801738
123.0,-17.5,0.2787208
123.25,-17.5,0.29064384
123.5,-17.5,0.28836966
123.75,-17.5,0.27062145
124.0,-17.5,0.2566353
124.25,-17.5,0.24782003
124.5,-17.5,0.23522542
124.75,-17.5,0.23297045
125.0,-17.5,0.24174477
125.25,-17.5,0.24070896
125.5,-17.5,0.21191739
125.75,-17.5,0.17912298
126.0,-17.5,0.1465817
126.25,-17.5,0.16769402
126.5,-17.5,0.1957312
126.75,-17.5,0.20376484
127.0,-17.5,0.20502521
127.25,-17.5,0.21620455
127.5,-17.5,0.21646306
127.75,-17.5,0.20521356
128.0,-17.5,0.1762988
128.25,-17.5,0.14498489
128.5,-17.5,0.14427622
128.75,-17.5,0.18565255
129.0,-17.5,0.25616828
129.25,-17.5,0.30699572
129.5,-17.5,0.311443
129.75,-17.5,0.3113805
130.0,-17.5,0.30170265
130.25,-17.5,0.27907437
130.5,-17.5,0.2506145
130.75,-17.5,0.23507135
131.0,-17.5,0.23806827
131.25,-17.5,0.25816748
131.5,-17.5,0.2881548
131.75,-17.5,0.31731117
132.0,-17.5,0.32354635
132.25,-17.5,0.3006926
132.5,-17.5,0.2723525
132.75,-17.5,0.25667524
133.0,-17.5,0.24449442
133.25,-17.5,0.24206722
133.5,-17.5,0.2711183
133.75,-17.5,0.2771434
134.0,-17.5,0.2837984
134.25,-17.5,0.29276156
134.5,-17.5,0.30610284
134.75,-17.5,0.3109814
135.0,-17.5,0.3223118
135.25,-17.5,0.30752853
135.5,-17.5,0.28724366
135.75,-17.5,0.2844431
136.0,-17.5,0.27202535
136.25,-17.5,0.2621919
136.5,-17.5,0.2542929
136.75,-17.5,0.24157386
137.0,-17.5,0.21665642
137.25,-17.5,0.20670815
137.5,-17.5,0.18742079
137.75,-17.5,0.16702175
138.0,-17.5,0.16975704
138.25,-17.5,0.17442273
138.5,-17.5,0.17367072
138.75,-17.5,0.17478757
139.0,-17.5,0.17844789
139.25,-17.5,0.21161456
139.5,-17.5,0.25631613
139.75,-17.5,0.28198683
140.0,-17.5,0.30275834
140.25,-17.5,0.3252672
140.5,-17.5,0.3211764
140.75,-17.5,0.28874946
141.0,-17.5,0.2407579
141.25,-17.5,0.21158129
141.5,-17.5,0.19539723
141.75,-17.5,0.1971424
142.0,-17.5,0.19673145
142.25,-17.5,0.19556853
142.5,-17.5,0.197706
142.75,-17.5,0.20246966
143.0,-17.5,0.21161707
143.25,-17.5,0.21428539
143.5,-17.5,0.21779999
143.75,-17.5,0.2248937
144.0,-17.5,0.24846801
144.25,-17.5,0.2500368
144.5,-17.5,0.2633557
144.75,-17.5,0.26285225
145.0,-17.5,0.22455671
145.25,-17.5,0.17992407
145.5,-17.5,0.11143667
145.75,-17.5,0.041027475
146.0,-17.5,0.054825112
146.25,-17.5,0.23202994
146.5,-17.5,0.34072497
122.0,-17.75,0.2652269
122.25,-17.75,0.21535751
122.5,-17.75,0.1892161
122.75,-17.75,0.22675529
123.0,-17.75,0.29008147
123.25,-17.75,0.30905077
123.5,-17.75,0.28616986
123.75,-17.75,0.26012206
124.0,-17.75,0.2575611
124.25,-17.75,0.28045526
124.5,-17.75,0.27583873
124.75,-17.75,0.2821467
125.0,-17.75,0.29629165
125.25,-17.75,0.29358906
125.5,-17.75,0.26089126
125.75,-17.75,0.21635963
126.0,-17.75,0.19502488
126.25,-17.75,0.198526
126.5,-17.75,0.1924185
126.75,-17.75,0.20372692
127.0,-17.75,0.22438553
127.25,-17.75,0.23534791
127.5,-17.75,0.23733594
127.75,-17.75,0.2179771
128.0,-17.75,0.18807124
128.25,-17.75,0.16574144
128.5,-17.75,0.18665789
128.75,-17.75,0.25425848
129.0,-17.75,0.3138219
129.25,-17.75,0.31629452
129.5,-17.75,0.31700662
129.75,-17.75,0.31042144
130.0,-17.75,0.29725206
130.25,-17.75,0.2619883
130.5,-17.75,0.24028501
130.75,-17.75,0.24457903
131.0,-17.75,0.26551983
131.25,-17.75,0.27915123
131.5,-17.75,0.29243898
131.75,-17.75,0.31577134
132.0,-17.75,0.3286678
132.25,-17.75,0.3093232
132.5,-17.75,0.28157514
132.75,-17.75,0.2602047
133.0,-17.75,0.25369748
133.25,-17.75,0.2674935
133.5,-17.75,0.28804556
133.75,-17.75,0.29930952
134.0,-17.75,0.29913378
134.25,-17.75,0.30262765
134.5,-17.75,0.30662435
134.75,-17.75,0.3020762
135.0,-17.75,0.30879152
135.25,-17.75,0.30235472
135.5,-17.75,0.29967713
135.75,-17.75,0.29078913
136.0,-17.75,0.2964651
136.25,-17.75,0.28159857
136.5,-17.75,0.28919595
136.75,-17.75,0.27652588
137.0,-17.75,0.2662152
137.25,-17.75,0.25016886
137.5,-17.75,0.22057287
137.75,-17.75,0.20893775
138.0,-17.75,0.20647871
138.25,-17.75,0.2076621
138.5,-17.75,0.20133555
138.75,-17.75,0.18717702
139.0,-17.75,0.18159054
139.25,-17.75,0.19914258
139.5,-17.75,0.24163064
139.75,-17.75,0.24980173
140.0,-17.75,0.2677012
140.25,-17.75,0.29770175
140.5,-17.75,0.2988276
140.75,-17.75,0.26139194
141.0,-17.75,0.22355054
141.25,-17.75,0.20159772
141.5,-17.75,0.2033341
141.75,-17.75,0.20887922
142.0,-17.75,0.2088006
142.25,-17.75,0.21075132
142.5,-17.75,0.20729841
142.75,-17.75,0.20867546
143.0,-17.75,0.2116302
143.25,-17.75,0.21520242
143.5,-17.75,0.21865897
143.75,-17.75,0.24106225
144.0,-17.75,0.26428813
144.25,-17.75,0.2678661
144.5,-17.75,0.29668015
144.75,-17.75,0.28875205
145.0,-17.75,0.2293373
145.25,-17.75,0.17698173
145.5,-17.75,0.08540641
145.75,-17.75,0.026139524
146.0,-17.75,0.046570722
146.25,-17.75,0.21961102
146.5,-17.75,0.32717505
122.25,-18.0,0.24507739
122.5,-18.0,0.21961495
122.75,-18.0,0.24728015
123.0,-18.0,0.31277946
123.25,-18.0,0.3352717
123.5,-18.0,0.31367177
123.75,-18.0,0.29037473
124.0,-18.0,0.2887366
124.25,-18.0,0.30583644
124.5,-18.0,0.30283567
124.75,-18.0,0.31316912
125.0,-18.0,0.3229221
125.25,-18.0,0.32370952
125.5,-18.0,0.29188737
125.75,-18.0,0.25404793
126.0,-18.0,0.24754755
126.25,-18.0,0.23234704
126.5,-18.0,0.21227711
126.75,-18.0,0.20935242
127.0,-18.0,0.22998704
127.25,-18.0,0.25413838
127.5,-18.0,0.25366208
127.75,-18.0,0.24182431
128.0,-18.0,0.21248384
128.25,-18.0,0.20134108
128.5,-18.0,0.23881003
128.75,-18.0,0.2995365
129.0,-18.0,0.3118383
129.25,-18.0,0.31314865
129.5,-18.0,0.31496987
129.75,-18.0,0.30909464
130.0,-18.0,0.30354238
130.25,-18.0,0.26889884
130.5,-18.0,0.2535044
130.75,-18.0,0.26544005
131.0,-18.0,0.2848389
131.25,-18.0,0.295427
131.5,-18.0,0.30533633
131.75,-18.0,0.3191177
132.0,-18.0,0.32725683
132.25,-18.0,0.32809064
132.5,-18.0,0.30889305
132.75,-18.0,0.2956228
133.0,-18.0,0.29184762
133.25,-18.0,0.30114126
133.5,-18.0,0.3111381
133.75,-18.0,0.3134406
134.0,-18.0,0.2988702
134.25,-18.0,0.29275182
134.5,-18.0,0.29513022
134.75,-18.0,0.29042202
135.0,-18.0,0.2948353
135.25,-18.0,0.29610366
135.5,-18.0,0.29285705
135.75,-18.0,0.2971573
136.0,-18.0,0.2925308
136.25,-18.0,0.31006196
136.5,-18.0,0.309663
136.75,-18.0,0.31792527
137.0,-18.0,0.30443978
137.25,-18.0,0.2860381
137.5,-18.0,0.25657114
137.75,-18.0,0.24046764
138.0,-18.0,0.2429509
138.25,-18.0,0.23386163
138.5,-18.0,0.21389358
138.75,-18.0,0.19271462
139.0,-18.0,0.18530561
139.25,-18.0,0.2040508
139.5,-18.0,0.25201812
139.75,-18.0,0.2545174
140.0,-18.0,0.26761767
140.25,-18.0,0.29166698
140.5,-18.0,0.291968
140.75,-18.0,0.25801846
141.0,-18.0,0.21972786
141.25,-18.0,0.20953526
141.5,-18.0,0.21395229
141.75,-18.0,0.21466196
142.0,-18.0,0.2178618
142.25,-18.0,0.22317134
142.5,-18.0,0.22405964
142.75,-18.0,0.21840411
143.0,-18.0,0.2151073
143.25,-18.0,0.21349347
143.5,-18.0,0.23550592
143.75,-18.0,0.2539426
144.0,-18.0,0.23647696
144.25,-18.0,0.25057486
144.5,-18.0,0.2971186
144.75,-18.0,0.26966506
145.0,-18.0,0.21035357
145.25,-18.0,0.14813876
145.5,-18.0,0.069753826
145.75,-18.0,0.025141235
146.0,-18.0,0.039084785
146.25,-18.0,0.18390553
122.0,-18.25,0.2925559
122.25,-18.25,0.2624754
122.5,-18.25,0.27468744
122.75,-18.25,0.3099282
123.0,-18.25,0.34075728
123.25,-18.25,0.3655955
123.5,-18.25,0.34683907
123.75,-18.25,0.32942653
124.0,-18.25,0.32769364
124.25,-18.25,0.32762158
124.5,-18.25,0.32384858
124.75,-18.25,0.31435087
125.0,-18.25,0.32628372
125.25,-18.25,0.31923863
125.5,-18.25,0.29566923
125.75,-18.25,0.28561994
126.0,-18.25,0.2853907
126.25,-18.25,0.2621317
126.5,-18.25,0.22191963
126.75,-18.25,0.21660684
127.0,-18.25,0.23415445
127.25,-18.25,0.2585647
127.5,-18.25,0.2661267
127.75,-18.25,0.25309655
128.0,-18.25,0.23552212
128.25,-18.25,0.23386036
128.5,-18.25,0.26554403
128.75,-18.25,0.29214844
129.0,-18.25,0.30006787
129.25,-18.25,0.298645
129.5,-18.25,0.29751602
129.75,-18.25,0.320492
130.0,-18.25,0.31682602
130.25,-18.25,0.29289785
130.5,-18.25,0.27662563
130.75,-18.25,0.28212592
131.0,-18.25,0.29508403
131.25,-18.25,0.3041477
131.5,-18.25,0.30740163
131.75,-18.25,0.3174817
132.0,-18.25,0.3202694
132.25,-18.25,0.31722668
132.5,-18.25,0.3252336
132.75,-18.25,0.3280601
133.0,-18.25,0.32624283
133.25,-18.25,0.33255714
133.5,-18.25,0.33662146
133.75,-18.25,0.3366601
134.0,-18.25,0.31372282
134.25,-18.25,0.28679776
134.5,-18.25,0.28112373
134.75,-18.25,0.28918222
135.0,-18.25,0.29365098
135.25,-18.25,0.29803115
135.5,-18.25,0.30205578
135.75,-18.25,0.29902384
136.0,-18.25,0.30307782
136.25,-18.25,0.3090237
136.5,-18.25,0.3342078
136.75,-18.25,0.33745083
137.0,-18.25,0.33291894
137.25,-18.25,0.31452444
137.5,-18.25,0.29098102
137.75,-18.25,0.2811728
138.0,-18.25,0.27261585
138.25,-18.25,0.25474325
138.5,-18.25,0.22379635
138.75,-18.25,0.20302
139.0,-18.25,0.19197078
139.25,-18.25,0.21265097
139.5,-18.25,0.26151764
139.75,-18.25,0.2760399
140.0,-18.25,0.29340625
140.25,-18.25,0.3119781
140.5,-18.25,0.31157315
140.75,-18.25,0.27668878
141.0,-18.25,0.23901564
141.25,-18.25,0.225055
141.5,-18.25,0.2354302
141.75,-18.25,0.22491321
142.0,-18.25,0.22310558
142.25,-18.25,0.23687355
142.5,-18.25,0.23493537
142.75,-18.25,0.23225164
143.0,-18.25,0.2221723
143.25,-18.25,0.23023409
143.5,-18.25,0.25488627
143.75,-18.25,0.25398847
144.0,-18.25,0.20382352
144.25,-18.25,0.21680813
144.5,-18.25,0.28256857
144.75,-18.25,0.24714953
145.0,-18.25,0.16965267
145.25,-18.25,0.11849876
145.5,-18.25,0.08526512
145.75,-18.25,0.03462978
146.0,-18.25,0.026428849
146.25,-18.25,0.11366649
146.5,-18.25,0.27940992
121.75,-18.5,0.31470755
122.0,-18.5,0.2909089
122.25,-18.5,0.29996496
122.5,-18.5,0.32277134
122.75,-18.5,0.33642182
123.0,-18.5,0.37107196
123.25,-18.5,0.37712762
123.5,-18.5,0.3588792
123.75,-18.5,0.3391727
124.0,-18.5,0.34616256
124.25,-18.5,0.3458807
124.5,-18.5,0.33263388
124.75,-18.5,0.31913483
125.0,-18.5,0.3055452
125.25,-18.5,0.29720598
125.5,-18.5,0.30002907
125.75,-18.5,0.30734068
126.0,-18.5,0.3129001
126.25,-18.5,0.2831723
126.5,-18.5,0.24056554
126.75,-18.5,0.23004015
127.0,-18.5,0.24828556
127.25,-18.5,0.2700737
127.5,-18.5,0.277305
127.75,-18.5,0.26565883
128.0,-18.5,0.24823146
128.25,-18.5,0.25432336
128.5,-18.5,0.2666251
128.75,-18.5,0.2827381
129.0,-18.5,0.2983631
129.25,-18.5,0.29571834
129.5,-18.5,0.30299112
129.75,-18.5,0.3236146
130.0,-18.5,0.33192313
130.25,-18.5,0.31000665
130.5,-18.5,0.29232946
130.75,-18.5,0.29104787
131.0,-18.5,0.30097538
131.25,-18.5,0.30788934
131.5,-18.5,0.30767238
131.75,-18.5,0.3084225
132.0,-18.5,0.30533203
132.25,-18.5,0.30487308
132.5,-18.5,0.31601176
132.75,-18.5,0.33586228
133.0,-18.5,0.3411107
133.25,-18.5,0.343437
133.5,-18.5,0.36030564
133.75,-18.5,0.35486653
134.0,-18.5,0.32986292
134.25,-18.5,0.29337963
134.5,-18.5,0.28571564
134.75,-18.5,0.2909765
135.0,-18.5,0.29847074
135.25,-18.5,0.3065842
135.5,-18.5,0.30420485
135.75,-18.5,0.30773413
136.0,-18.5,0.30372658
136.25,-18.5,0.31387612
136.5,-18.5,0.32900262
136.75,-18.5,0.3543725
137.0,-18.5,0.34944734
137.25,-18.5,0.3357571
137.5,-18.5,0.32382697
137.75,-18.5,0.309201
138.0,-18.5,0.29739878
138.25,-18.5,0.26823974
138.5,-18.5,0.25492898
138.75,-18.5,0.2248821
139.0,-18.5,0.20413978
139.25,-18.5,0.2170617
139.5,-18.5,0.2549156
139.75,-18.5,0.28635478
140.0,-18.5,0.30888093
140.25,-18.5,0.32407236
140.5,-18.5,0.32601908
140.75,-18.5,0.30826443
141.0,-18.5,0.267503
141.25,-18.5,0.24945448
141.5,-18.5,0.26313236
141.75,-18.5,0.24108855
142.0,-18.5,0.22820601
142.25,-18.5,0.24039659
142.5,-18.5,0.25239873
142.75,-18.5,0.2446276
143.0,-18.5,0.23668961
143.25,-18.5,0.23677322
143.5,-18.5,0.27395397
143.75,-18.5,0.2726966
144.0,-18.5,0.20152158
144.25,-18.5,0.19739914
144.5,-18.5,0.24828029
144.75,-18.5,0.21175084
145.0,-18.5,0.14823972
145.25,-18.5,0.13176598
145.5,-18.5,0.09174852
145.75,-18.5,0.046153516
146.0,-18.5,0.023681838
146.25,-18.5,0.06544789
146.5,-18.5,0.246767
121.5,-18.75,0.34764805
121.75,-18.75,0.3176595
122.0,-18.75,0.30641675
122.25,-18.75,0.3244845
122.5,-18.75,0.33453587
122.75,-18.75,0.35030255
123.0,-18.75,0.3566736
123.25,-18.75,0.36615926
123.5,-18.75,0.34598166
123.75,-18.75,0.32272378
124.0,-18.75,0.33962297
124.25,-18.75,0.34425586
124.5,-18.75,0.33410725
124.75,-18.75,0.329418
125.0,-18.75,0.31378767
125.25,-18.75,0.30573994
125.5,-18.75,0.30763644
125.75,-18.75,0.3163426
126.0,-18.75,0.32376963
126.25,-18.75,0.2988328
126.5,-18.75,0.27433595
126.75,-18.75,0.26254216
127.0,-18.75,0.27233717
127.25,-18.75,0.29475692
127.5,-18.75,0.30160466
127.75,-18.75,0.29053578
128.0,-18.75,0.27233687
128.25,-18.75,0.27359623
128.5,-18.75,0.27751935
128.75,-18.75,0.29551965
129.0,-18.75,0.31666532
129.25,-18.75,0.31948105
129.5,-18.75,0.3233165
129.75,-18.75,0.33257142
130.0,-18.75,0.33578745
130.25,-18.75,0.31893542
130.5,-18.75,0.30121616
130.75,-18.75,0.2986692
131.0,-18.75,0.3057158
131.25,-18.75,0.31067768
131.5,-18.75,0.31652886
131.75,-18.75,0.31477278
132.0,-18.75,0.31551266
132.25,-18.75,0.31208786
132.5,-18.75,0.3212326
132.75,-18.75,0.33611804
133.0,-18.75,0.34188142
133.25,-18.75,0.3527004
133.5,-18.75,0.36843047
133.75,-18.75,0.37492234
134.0,-18.75,0.3462096
134.25,-18.75,0.31428295
134.5,-18.75,0.29991403
134.75,-18.75,0.30138156
135.0,-18.75,0.30649546
135.25,-18.75,0.30982
135.5,-18.75,0.3047455
135.75,-18.75,0.30544716
136.0,-18.75,0.31204632
136.25,-18.75,0.31681284
136.5,-18.75,0.32811087
136.75,-18.75,0.34659603
137.0,-18.75,0.3473976
137.25,-18.75,0.334272
137.5,-18.75,0.32456347
137.75,-18.75,0.31558627
138.0,-18.75,0.29512647
138.25,-18.75,0.29342005
138.5,-18.75,0.27448258
138.75,-18.75,0.2495576
139.0,-18.75,0.21649347
139.25,-18.75,0.21944368
139.5,-18.75,0.24648371
139.75,-18.75,0.2781546
140.0,-18.75,0.31538048
140.25,-18.75,0.33037242
140.5,-18.75,0.33069605
140.75,-18.75,0.31195742
141.0,-18.75,0.2905542
141.25,-18.75,0.27218178
141.5,-18.75,0.2752849
141.75,-18.75,0.2544557
142.0,-18.75,0.23903784
142.25,-18.75,0.24282072
142.5,-18.75,0.25543278
142.75,-18.75,0.26919374
143.0,-18.75,0.25716838
143.25,-18.75,0.2553299
143.5,-18.75,0.28774723
143.75,-18.75,0.3038834
144.0,-18.75,0.22613636
144.25,-18.75,0.19656384
144.5,-18.75,0.2023354
144.75,-18.75,0.17597942
145.0,-18.75,0.14695917
145.25,-18.75,0.13513963
145.5,-18.75,0.13639188
145.75,-18.75,0.07749147
146.0,-18.75,0.033919673
146.25,-18.75,0.057110883
146.5,-18.75,0.22074036
121.25,-19.0,0.3685266
121.5,-19.0,0.34517416
121.75,-19.0,0.31406257
122.0,-19.0,0.3124817
122.25,-19.0,0.32539573
122.5,-19.0,0.33140165
122.75,-19.0,0.32216734
123.0,-19.0,0.3220278
123.25,-19.0,0.33196777
123.5,-19.0,0.322204
123.75,-19.0,0.3062728
124.0,-19.0,0.3130018
124.25,-19.0,0.3218066
124.5,-19.0,0.33013
124.75,-19.0,0.3338103
125.0,-19.0,0.33226562
125.25,-19.0,0.32867965
125.5,-19.0,0.3336513
125.75,-19.0,0.32949185
126.0,-19.0,0.31733528
126.25,-19.0,0.30836275
126.5,-19.0,0.3053778
126.75,-19.0,0.30758685
127.0,-19.0,0.3145761
127.25,-19.0,0.3184851
127.5,-19.0,0.3185446
127.75,-19.0,0.3043007
128.0,-19.0,0.28727698
128.25,-19.0,0.29324636
128.5,-19.0,0.311024
128.75,-19.0,0.33136576
129.0,-19.0,0.34157515
129.25,-19.0,0.33817467
129.5,-19.0,0.33543205
129.75,-19.0,0.34034538
130.0,-19.0,0.34163588
130.25,-19.0,0.32371324
130.5,-19.0,0.3085163
130.75,-19.0,0.30984744
131.0,-19.0,0.31615654
131.25,-19.0,0.3247083
131.5,-19.0,0.33111262
131.75,-19.0,0.3354533
132.0,-19.0,0.33747572
132.25,-19.0,0.34419826
132.5,-19.0,0.3497324
132.75,-19.0,0.34312776
133.0,-19.0,0.3469212
133.25,-19.0,0.36400253
133.5,-19.0,0.38217625
133.75,-19.0,0.38722554
134.0,-19.0,0.37476483
134.25,-19.0,0.34526303
134.5,-19.0,0.3271037
134.75,-19.0,0.32221973
135.0,-19.0,0.3235111
135.25,-19.0,0.3176438
135.5,-19.0,0.3121248
135.75,-19.0,0.31587976
136.0,-19.0,0.31863835
136.25,-19.0,0.32120863
136.5,-19.0,0.3237824
136.75,-19.0,0.32504612
137.0,-19.0,0.31583685
137.25,-19.0,0.30876562
137.5,-19.0,0.30362675
137.75,-19.0,0.2940651
138.0,-19.0,0.2917543
138.25,-19.0,0.29476753
138.5,-19.0,0.29247075
138.75,-19.0,0.2641068
139.0,-19.0,0.24012224
139.25,-19.0,0.24272968
139.5,-19.0,0.25418073
139.75,-19.0,0.262015
140.0,-19.0,0.30284074
140.25,-19.0,0.3383161
140.5,-19.0,0.3365722
140.75,-19.0,0.32121617
141.0,-19.0,0.3052862
141.25,-19.0,0.28662163
141.5,-19.0,0.2698579
141.75,-19.0,0.26958442
142.0,-19.0,0.25841272
142.25,-19.0,0.25301543
142.5,-19.0,0.25786307
142.75,-19.0,0.2710928
143.0,-19.0,0.2802277
143.25,-19.0,0.27964267
143.5,-19.0,0.29608104
143.75,-19.0,0.30984464
144.0,-19.0,0.24994506
144.25,-19.0,0.19368675
144.5,-19.0,0.18395032
144.75,-19.0,0.15864432
145.0,-19.0,0.1310125
145.25,-19.0,0.1214463
145.5,-19.0,0.12861799
145.75,-19.0,0.1277807
146.0,-19.0,0.07174867
146.25,-19.0,0.051059864
146.5,-19.0,0.12399547
146.75,-19.0,0.2418605
147.0,-19.0,0.3442995
147.25,-19.0,0.39486718
121.0,-19.25,0.37789637
121.25,-19.25,0.36000386
121.5,-19.25,0.33296606
121.75,-19.25,0.30295148
122.0,-19.25,0.29342923
122.25,-19.25,0.3043825
122.5,-19.25,0.31249678
122.75,-19.25,0.3055702
123.0,-19.25,0.29581034
123.25,-19.25,0.2962759
123.5,-19.25,0.2978004
123.75,-19.25,0.29645866
124.0,-19.25,0.29580182
124.25,-19.25,0.29644695
124.5,-19.25,0.30522203
124.75,-19.25,0.31418374
125.0,-19.25,0.32074863
125.25,-19.25,0.33210918
125.5,-19.25,0.34911215
125.75,-19.25,0.35398597
126.0,-19.25,0.3400079
126.25,-19.25,0.3322979
126.5,-19.25,0.33541304
126.75,-19.25,0.3457913
127.0,-19.25,0.35368267
127.25,-19.25,0.34251538
127.5,-19.25,0.3149245
127.75,-19.25,0.29261714
128.0,-19.25,0.29130277
128.25,-19.25,0.30966294
128.5,-19.25,0.33081833
128.75,-19.25,0.34372413
129.0,-19.25,0.34799805
129.25,-19.25,0.34239584
129.5,-19.25,0.33843774
129.75,-19.25,0.34071717
130.0,-19.25,0.3361283
130.25,-19.25,0.3131267
130.5,-19.25,0.30611956
130.75,-19.25,0.31915438
131.0,-19.25,0.32837725
131.25,-19.25,0.3346043
131.5,-19.25,0.33735377
131.75,-19.25,0.34183854
132.0,-19.25,0.3520116
132.25,-19.25,0.36232167
132.5,-19.25,0.35808423
132.75,-19.25,0.34257498
133.0,-19.25,0.34691614
133.25,-19.25,0.3711503
133.5,-19.25,0.38995108
133.75,-19.25,0.3989034
134.0,-19.25,0.3926075
134.25,-19.25,0.3746742
134.5,-19.25,0.35885245
134.75,-19.25,0.35457352
135.0,-19.25,0.34948027
135.25,-19.25,0.33835095
135.5,-19.25,0.3327915
135.75,-19.25,0.33559927
136.0,-19.25,0.33711094
136.25,-19.25,0.3338107
136.5,-19.25,0.32805118
136.75,-19.25,0.32332402
137.0,-19.25,0.31664252
137.25,-19.25,0.3093804
137.5,-19.25,0.30634826
137.75,-19.25,0.30170834
138.0,-19.25,0.30110985
138.25,-19.25,0.30436033
138.5,-19.25,0.30439308
138.75,-19.25,0.3017736
139.0,-19.25,0.29896104
139.25,-19.25,0.28652954
139.5,-19.25,0.27436706
139.75,-19.25,0.2615046
140.0,-19.25,0.28069353
140.25,-19.25,0.3306371
140.5,-19.25,0.35085467
140.75,-19.25,0.3406587
141.0,-19.25,0.32248282
141.25,-19.25,0.30234313
141.5,-19.25,0.28500697
141.75,-19.25,0.30199927
142.0,-19.25,0.29577297
142.25,-19.25,0.2810311
142.5,-19.25,0.27351537
142.75,-19.25,0.27892944
143.0,-19.25,0.2938805
143.25,-19.25,0.30430514
143.5,-19.25,0.30833748
143.75,-19.25,0.3099465
144.0,-19.25,0.27126032
144.25,-19.25,0.20436117
144.5,-19.25,0.1639334
144.75,-19.25,0.14070082
145.0,-19.25,0.123489976
145.25,-19.25,0.10981824
145.5,-19.25,0.10811389
145.75,-19.25,0.12164674
146.0,-19.25,0.122253515
146.25,-19.25,0.06960316
146.5,-19.25,0.05296119
146.75,-19.25,0.09568649
147.0,-19.25,0.19631693
147.25,-19.25,0.3216501
147.5,-19.25,0.4103063
120.5,-19.5,0.38079742
120.75,-19.5,0.37807652
121.0,-19.5,0.36511895
121.25,-19.5,0.33142462
121.5,-19.5,0.3188261
121.75,-19.5,0.31199017
122.0,-19.5,0.29927146
122.25,-19.5,0.2965053
122.5,-19.5,0.29458243
122.75,-19.5,0.29374176
123.0,-19.5,0.29016367
123.25,-19.5,0.2887134
123.5,-19.5,0.28842497
123.75,-19.5,0.29333666
124.0,-19.5,0.30119482
124.25,-19.5,0.3000215
124.5,-19.5,0.29324937
124.75,-19.5,0.28956288
125.0,-19.5,0.29412302
125.25,-19.5,0.3036367
125.5,-19.5,0.32172722
125.75,-19.5,0.3478397
126.0,-19.5,0.3557529
126.25,-19.5,0.34229416
126.5,-19.5,0.31950054
126.75,-19.5,0.32127863
127.0,-19.5,0.32775667
127.25,-19.5,0.3201066
127.5,-19.5,0.30273956
127.75,-19.5,0.29236114
128.0,-19.5,0.2962089
128.25,-19.5,0.30633718
128.5,-19.5,0.3192788
128.75,-19.5,0.32271397
129.0,-19.5,0.3217984
129.25,-19.5,0.32311875
129.5,-19.5,0.32740718
129.75,-19.5,0.33090758
130.0,-19.5,0.31684485
130.25,-19.5,0.29238147
130.5,-19.5,0.30172682
130.75,-19.5,0.32274148
131.0,-19.5,0.3237937
131.25,-19.5,0.32697937
131.5,-19.5,0.3363803
131.75,-19.5,0.34753987
132.0,-19.5,0.36176467
132.25,-19.5,0.36638623
132.5,-19.5,0.35189816
132.75,-19.5,0.34600744
133.0,-19.5,0.35877326
133.25,-19.5,0.37016404
133.5,-19.5,0.3805567
133.75,-19.5,0.39395964
134.0,-19.5,0.39797065
134.25,-19.5,0.39561823
134.5,-19.5,0.38344982
134.75,-19.5,0.36683077
135.0,-19.5,0.349652
135.25,-19.5,0.35854006
135.5,-19.5,0.37207898
135.75,-19.5,0.37315533
136.0,-19.5,0.37074003
136.25,-19.5,0.35890904
136.5,-19.5,0.34063667
136.75,-19.5,0.3290681
137.0,-19.5,0.3272986
137.25,-19.5,0.32239363
137.5,-19.5,0.31834555
137.75,-19.5,0.31304383
138.0,-19.5,0.3080063
138.25,-19.5,0.30882967
138.5,-19.5,0.31069708
138.75,-19.5,0.3198802
139.0,-19.5,0.31548187
139.25,-19.5,0.2925341
139.5,-19.5,0.30303994
139.75,-19.5,0.31574962
140.0,-19.5,0.3252334
140.25,-19.5,0.35408163
140.5,-19.5,0.35954103
140.75,-19.5,0.34453297
141.0,-19.5,0.32533345
141.25,-19.5,0.30750442
141.5,-19.5,0.2876222
141.75,-19.5,0.29628915
142.0,-19.5,0.31825325
142.25,-19.5,0.32022858
142.5,-19.5,0.2958624
142.75,-19.5,0.28252262
143.0,-19.5,0.28993142
143.25,-19.5,0.3090931
143.5,-19.5,0.31525233
143.75,-19.5,0.30303928
144.0,-19.5,0.2620017
144.25,-19.5,0.19658324
144.5,-19.5,0.14366974
144.75,-19.5,0.12840767
145.0,-19.5,0.13582955
145.25,-19.5,0.1292192
145.5,-19.5,0.11347344
145.75,-19.5,0.10823153
146.0,-19.5,0.1367245
146.25,-19.5,0.13714127
146.5,-19.5,0.08416747
146.75,-19.5,0.05416245
147.0,-19.5,0.07094143
147.25,-19.5,0.13853382
147.5,-19.5,0.27272332
147.75,-19.5,0.42018083
119.25,-19.75,0.331199
119.5,-19.75,0.33907214
119.75,-19.75,0.3484874
120.0,-19.75,0.36033133
120.25,-19.75,0.3709964
120.5,-19.75,0.36918867
120.75,-19.75,0.36449352
121.0,-19.75,0.34278557
121.25,-19.75,0.3116204
121.5,-19.75,0.30563757
121.75,-19.75,0.3088743
122.0,-19.75,0.30242598
122.25,-19.75,0.2964144
122.5,-19.75,0.2955822
122.75,-19.75,0.29381093
123.0,-19.75,0.29552326
123.25,-19.75,0.29961184
123.5,-19.75,0.30831262
123.75,-19.75,0.31350568
124.0,-19.75,0.31982815
124.25,-19.75,0.31956905
124.5,-19.75,0.30058554
124.75,-19.75,0.28796294
125.0,-19.75,0.28010827
125.25,-19.75,0.28652677
125.5,-19.75,0.30670103
125.75,-19.75,0.33200416
126.0,-19.75,0.3455062
126.25,-19.75,0.34003907
126.5,-19.75,0.3172612
126.75,-19.75,0.30143636
127.0,-19.75,0.29705542
127.25,-19.75,0.2834866
127.5,-19.75,0.2732684
127.75,-19.75,0.28900102
128.0,-19.75,0.29958728
128.25,-19.75,0.3017623
128.5,-19.75,0.3089483
128.75,-19.75,0.31096524
129.0,-19.75,0.3080386
129.25,-19.75,0.30881009
129.5,-19.75,0.32035533
129.75,-19.75,0.32185677
130.0,-19.75,0.30149102
130.25,-19.75,0.28313306
130.5,-19.75,0.31089038
130.75,-19.75,0.34010845
131.0,-19.75,0.3359686
131.25,-19.75,0.33058745
131.5,-19.75,0.33733898
131.75,-19.75,0.35165122
132.0,-19.75,0.36393476
132.25,-19.75,0.3666483
132.5,-19.75,0.3551167
132.75,-19.75,0.35904595
133.0,-19.75,0.37164032
133.25,-19.75,0.37543342
133.5,-19.75,0.3766915
133.75,-19.75,0.3879491
134.0,-19.75,0.41001347
134.25,-19.75,0.4137611
134.5,-19.75,0.40883723
134.75,-19.75,0.3858476
135.0,-19.75,0.36247832
135.25,-19.75,0.38562104
135.5,-19.75,0.40030023
135.75,-19.75,0.39970312
136.0,-19.75,0.39368153
136.25,-19.75,0.38780913
136.5,-19.75,0.370775
136.75,-19.75,0.34826362
137.0,-19.75,0.33204538
137.25,-19.75,0.32563156
137.5,-19.75,0.3223792
137.75,-19.75,0.31253526
138.0,-19.75,0.31835657
138.25,-19.75,0.32399693
138.5,-19.75,0.346582
138.75,-19.75,0.3488016
139.0,-19.75,0.3233846
139.25,-19.75,0.29566637
139.5,-19.75,0.32494912
139.75,-19.75,0.33926547
140.0,-19.75,0.3447909
140.25,-19.75,0.3529658
140.5,-19.75,0.35153553
140.75,-19.75,0.34033138
141.0,-19.75,0.32619357
141.25,-19.75,0.32018682
141.5,-19.75,0.30564722
141.75,-19.75,0.2905249
142.0,-19.75,0.2967157
142.25,-19.75,0.2985001
142.5,-19.75,0.28418684
142.75,-19.75,0.26722458
143.0,-19.75,0.27262262
143.25,-19.75,0.2816725
143.5,-19.75,0.30363476
143.75,-19.75,0.29835027
144.0,-19.75,0.27912214
144.25,-19.75,0.23273574
144.5,-19.75,0.17086616
144.75,-19.75,0.1549621
145.0,-19.75,0.15399964
145.25,-19.75,0.1432746
145.5,-19.75,0.123630725
145.75,-19.75,0.122247994
146.0,-19.75,0.13797587
146.25,-19.75,0.16528307
146.5,-19.75,0.14400515
146.75,-19.75,0.09146478
147.0,-19.75,0.07076445
147.25,-19.75,0.10539837
147.5,-19.75,0.177294
147.75,-19.75,0.30142573
148.0,-19.75,0.40364712
148.25,-19.75,0.43315122
118.75,-20.0,0.33191544
119.0,-20.0,0.315211
119.25,-20.0,0.29850075
119.5,-20.0,0.30546623
119.75,-20.0,0.3214623
120.0,-20.0,0.3408071
120.25,-20.0,0.358505
120.5,-20.0,0.36332476
120.75,-20.0,0.36118677
121.0,-20.0,0.34748828
121.25,-20.0,0.32886192
121.5,-20.0,0.32090122
121.75,-20.0,0.31927833
122.0,-20.0,0.31736058
122.25,-20.0,0.31531873
122.5,-20.0,0.30840912
122.75,-20.0,0.30971375
123.0,-20.0,0.30976233
123.25,-20.0,0.318225
123.5,-20.0,0.32621273
123.75,-20.0,0.3285673
124.0,-20.0,0.326621
124.25,-20.0,0.32481
124.5,-20.0,0.31192577
124.75,-20.0,0.30195808
125.0,-20.0,0.29189295
125.25,-20.0,0.28800738
125.5,-20.0,0.3028688
125.75,-20.0,0.31401038
126.0,-20.0,0.3249687
126.25,-20.0,0.3335293
126.5,-20.0,0.3364395
126.75,-20.0,0.3168935
127.0,-20.0,0.2873265
127.25,-20.0,0.27185428
127.5,-20.0,0.282961
127.75,-20.0,0.30474606
128.0,-20.0,0.31675977
128.25,-20.0,0.31055287
128.5,-20.0,0.30595523
128.75,-20.0,0.3142171
129.0,-20.0,0.3147725
129.25,-20.0,0.3168887
129.5,-20.0,0.3208705
129.75,-20.0,0.31101614
130.0,-20.0,0.28986198
130.25,-20.0,0.28384155
130.5,-20.0,0.31543872
130.75,-20.0,0.34693214
131.0,-20.0,0.3499536
131.25,-20.0,0.3403347
131.5,-20.0,0.34270224
131.75,-20.0,0.35288712
132.0,-20.0,0.3591339
132.25,-20.0,0.35983488
132.5,-20.0,0.36641613
132.75,-20.0,0.37149444
133.0,-20.0,0.37878156
133.25,-20.0,0.3934447
133.5,-20.0,0.39113715
133.75,-20.0,0.39470282
134.0,-20.0,0.41202572
134.25,-20.0,0.4324545
134.5,-20.0,0.42622817
134.75,-20.0,0.41033188
135.0,-20.0,0.39324594
135.25,-20.0,0.41055256
135.5,-20.0,0.4204483
135.75,-20.0,0.41613168
136.0,-20.0,0.41617385
136.25,-20.0,0.40877837
136.5,-20.0,0.40433747
136.75,-20.0,0.37994
137.0,-20.0,0.34213087
137.25,-20.0,0.32413566
137.5,-20.0,0.32239634
137.75,-20.0,0.31723532
138.0,-20.0,0.3166085
138.25,-20.0,0.34337223
138.5,-20.0,0.3581271
138.75,-20.0,0.36865297
139.0,-20.0,0.34395382
139.25,-20.0,0.33616948
139.5,-20.0,0.34727395
139.75,-20.0,0.33649164
140.0,-20.0,0.34251818
140.25,-20.0,0.34928194
140.5,-20.0,0.34894457
140.75,-20.0,0.3364995
141.0,-20.0,0.33461967
141.25,-20.0,0.3210777
141.5,-20.0,0.3185435
141.75,-20.0,0.31245986
142.0,-20.0,0.3042851
142.25,-20.0,0.2949506
142.5,-20.0,0.27660453
142.75,-20.0,0.2629128
143.0,-20.0,0.2559596
143.25,-20.0,0.25649795
143.5,-20.0,0.26880124
143.75,-20.0,0.29616064
144.0,-20.0,0.31120935
144.25,-20.0,0.29235947
144.5,-20.0,0.2353676
144.75,-20.0,0.19590682
145.0,-20.0,0.16294783
145.25,-20.0,0.14054216
145.5,-20.0,0.12954341
145.75,-20.0,0.13711414
146.0,-20.0,0.15879513
146.25,-20.0,0.1715397
146.5,-20.0,0.16463406
146.75,-20.0,0.13992701
147.0,-20.0,0.10522967
147.25,-20.0,0.09514811
147.5,-20.0,0.13757297
147.75,-20.0,0.16998
148.0,-20.0,0.24134961
148.25,-20.0,0.31228253
148.5,-20.0,0.3759273
118.0,-20.25,0.3470168
118.25,-20.25,0.32311848
118.5,-20.25,0.31254545
118.75,-20.25,0.3020239
119.0,-20.25,0.28686625
119.25,-20.25,0.26739785
119.5,-20.25,0.27211428
119.75,-20.25,0.29223365
120.0,-20.25,0.32197434
120.25,-20.25,0.34641334
120.5,-20.25,0.35483932
120.75,-20.25,0.35729468
121.0,-20.25,0.35212985
121.25,-20.25,0.34378716
121.5,-20.25,0.34062868
121.75,-20.25,0.3356284
122.0,-20.25,0.3352701
122.25,-20.25,0.3323033
122.5,-20.25,0.32859498
122.75,-20.25,0.32278758
123.0,-20.25,0.32660007
123.25,-20.25,0.3258322
123.5,-20.25,0.3306906
123.75,-20.25,0.3263863
124.0,-20.25,0.3162136
124.25,-20.25,0.31686786
124.5,-20.25,0.32173362
124.75,-20.25,0.31249452
125.0,-20.25,0.30751273
125.25,-20.25,0.3030366
125.5,-20.25,0.30101627
125.75,-20.25,0.30591673
126.0,-20.25,0.310586
126.25,-20.25,0.3207326
126.5,-20.25,0.33004063
126.75,-20.25,0.32224563
127.0,-20.25,0.29316774
127.25,-20.25,0.29542476
127.5,-20.25,0.30918038
127.75,-20.25,0.3360817
128.0,-20.25,0.34192693
128.25,-20.25,0.32430166
128.5,-20.25,0.30442914
128.75,-20.25,0.31095862
129.0,-20.25,0.32217473
129.25,-20.25,0.31814417
129.5,-20.25,0.31047067
129.75,-20.25,0.29839697
130.0,-20.25,0.30537462
130.25,-20.25,0.30666617
130.5,-20.25,0.33026806
130.75,-20.25,0.349939
131.0,-20.25,0.35261735
131.25,-20.25,0.35520875
131.5,-20.25,0.3533344
131.75,-20.25,0.35394534
132.0,-20.25,0.355956
132.25,-20.25,0.3690547
132.5,-20.25,0.38344938
132.75,-20.25,0.38391227
133.0,-20.25,0.37932232
133.25,-20.25,0.3972695
133.5,-20.25,0.4066191
133.75,-20.25,0.40491337
134.0,-20.25,0.418138
134.25,-20.25,0.43405825
134.5,-20.25,0.43915245
134.75,-20.25,0.4214146
135.0,-20.25,0.40668097
135.25,-20.25,0.42251897
135.5,-20.25,0.42990592
135.75,-20.25,0.42786968
136.0,-20.25,0.4217743
136.25,-20.25,0.42590457
136.5,-20.25,0.4172302
136.75,-20.25,0.39729333
137.0,-20.25,0.35449123
137.25,-20.25,0.32091728
137.5,-20.25,0.32355875
137.75,-20.25,0.32007203
138.0,-20.25,0.32190925
138.25,-20.25,0.33795872
138.5,-20.25,0.36106804
138.75,-20.25,0.361367
139.0,-20.25,0.37742013
139.25,-20.25,0.372621
139.5,-20.25,0.35828352
139.75,-20.25,0.33438322
140.0,-20.25,0.33625916
140.25,-20.25,0.35001925
140.5,-20.25,0.34442192
140.75,-20.25,0.3464181
141.0,-20.25,0.33928123
141.25,-20.25,0.32371396
141.5,-20.25,0.31741738
141.75,-20.25,0.3243305
142.0,-20.25,0.3191462
142.25,-20.25,0.30870464
142.5,-20.25,0.29559308
142.75,-20.25,0.2745434
143.0,-20.25,0.25820258
143.25,-20.25,0.24950041
143.5,-20.25,0.2593164
143.75,-20.25,0.27624056
144.0,-20.25,0.31084505
144.25,-20.25,0.33072513
144.5,-20.25,0.27715397
144.75,-20.25,0.23298769
145.0,-20.25,0.18489805
145.25,-20.25,0.14796902
145.5,-20.25,0.1324146
145.75,-20.25,0.15777586
146.0,-20.25,0.1795306
146.25,-20.25,0.18593286
146.5,-20.25,0.18426399
146.75,-20.25,0.1640892
147.0,-20.25,0.1366833
147.25,-20.25,0.11440011
147.5,-20.25,0.114890166
147.75,-20.25,0.1346621
148.0,-20.25,0.14935729
148.25,-20.25,0.17955214
148.5,-20.25,0.2193575
148.75,-20.25,0.30328363
116.5,-20.5,0.3631968
116.75,-20.5,0.3604394
117.0,-20.5,0.36240822
117.25,-20.5,0.35835055
117.5,-20.5,0.3451706
117.75,-20.5,0.33515385
118.0,-20.5,0.32215428
118.25,-20.5,0.30017623
118.5,-20.5,0.28406492
118.75,-20.5,0.2748138
119.0,-20.5,0.27246547
119.25,-20.5,0.26210687
119.5,-20.5,0.265539
119.75,-20.5,0.27603567
120.0,-20.5,0.31055233
120.25,-20.5,0.32139912
120.5,-20.5,0.33540165
120.75,-20.5,0.3349266
121.0,-20.5,0.33471504
121.25,-20.5,0.34374613
121.5,-20.5,0.35000357
121.75,-20.5,0.34856203
122.0,-20.5,0.34512627
122.25,-20.5,0.34333783
122.5,-20.5,0.33569744
122.75,-20.5,0.3321909
123.0,-20.5,0.32904702
123.25,-20.5,0.3288594
123.5,-20.5,0.32248357
123.75,-20.5,0.31578118
124.0,-20.5,0.30804998
124.25,-20.5,0.3154907
124.5,-20.5,0.3217737
124.75,-20.5,0.31568277
125.0,-20.5,0.31066188
125.25,-20.5,0.31316733
125.5,-20.5,0.31011444
125.75,-20.5,0.31329593
126.0,-20.5,0.31372204
126.25,-20.5,0.3110561
126.5,-20.5,0.31742424
126.75,-20.5,0.31113628
127.0,-20.5,0.3052321
127.25,-20.5,0.3060002
127.5,-20.5,0.32339674
127.75,-20.5,0.34729588
128.0,-20.5,0.3537475
128.25,-20.5,0.33968842
128.5,-20.5,0.31745496
128.75,-20.5,0.315698
129.0,-20.5,0.32154965
129.25,-20.5,0.31010294
129.5,-20.5,0.2983036
129.75,-20.5,0.31388682
130.0,-20.5,0.3240875
130.25,-20.5,0.33410054
130.5,-20.5,0.34763056
130.75,-20.5,0.3547329
131.0,-20.5,0.3586865
131.25,-20.5,0.36126697
131.5,-20.5,0.36984417
131.75,-20.5,0.36651027
132.0,-20.5,0.36560348
132.25,-20.5,0.37680262
132.5,-20.5,0.39367
132.75,-20.5,0.39688495
133.0,-20.5,0.39019668
133.25,-20.5,0.40275922
133.5,-20.5,0.41042313
133.75,-20.5,0.41673347
134.0,-20.5,0.4249604
134.25,-20.5,0.44268373
134.5,-20.5,0.44409138
134.75,-20.5,0.43040043
135.0,-20.5,0.4127771
135.25,-20.5,0.42853665
135.5,-20.5,0.43961895
135.75,-20.5,0.43268862
136.0,-20.5,0.42629516
136.25,-20.5,0.423886
136.5,-20.5,0.42029622
136.75,-20.5,0.395459
137.0,-20.5,0.35544497
137.25,-20.5,0.31780642
137.5,-20.5,0.32045272
137.75,-20.5,0.33736196
138.0,-20.5,0.3319814
138.25,-20.5,0.33722344
138.5,-20.5,0.34940597
138.75,-20.5,0.3748239
139.0,-20.5,0.38717288
139.25,-20.5,0.39000118
139.5,-20.5,0.36775455
139.75,-20.5,0.34655184
140.0,-20.5,0.3419224
140.25,-20.5,0.34734195
140.5,-20.5,0.3551266
140.75,-20.5,0.34931844
141.0,-20.5,0.3442493
141.25,-20.5,0.3241436
141.5,-20.5,0.32063368
141.75,-20.5,0.32683513
142.0,-20.5,0.32551348
142.25,-20.5,0.32318008
142.5,-20.5,0.3087674
142.75,-20.5,0.30183357
143.0,-20.5,0.27916628
143.25,-20.5,0.27732143
143.5,-20.5,0.27745417
143.75,-20.5,0.26523608
144.0,-20.5,0.28325325
144.25,-20.5,0.3100644
144.5,-20.5,0.29770336
144.75,-20.5,0.2504351
145.0,-20.5,0.22223504
145.25,-20.5,0.1722004
145.5,-20.5,0.15418898
145.75,-20.5,0.17239846
146.0,-20.5,0.18934463
146.25,-20.5,0.1983715
146.5,-20.5,0.19265467
146.75,-20.5,0.18386325
147.0,-20.5,0.1533631
147.25,-20.5,0.14131905
147.5,-20.5,0.13364135
147.75,-20.5,0.1330327
148.0,-20.5,0.13349822
148.25,-20.5,0.1173082
148.5,-20.5,0.12429232
148.75,-20.5,0.21727368
149.0,-20.5,0.35371515
116.0,-20.75,0.37431777
116.25,-20.75,0.36045954
116.5,-20.75,0.34633085
116.75,-20.75,0.34457755
117.0,-20.75,0.34231737
117.25,-20.75,0.32841992
117.5,-20.75,0.30563706
117.75,-20.75,0.28718787
118.0,-20.75,0.2854779
118.25,-20.75,0.28897598
118.5,-20.75,0.28011462
118.75,-20.75,0.27222937
119.0,-20.75,0.27829736
119.25,-20.75,0.27608448
119.5,-20.75,0.27643073
119.75,-20.75,0.28167737
120.0,-20.75,0.29364133
120.25,-20.75,0.3063988
120.5,-20.75,0.30879954
120.75,-20.75,0.30908206
121.0,-20.75,0.32114255
121.25,-20.75,0.33869523
121.5,-20.75,0.35254073
121.75,-20.75,0.35290775
122.0,-20.75,0.34859014
122.25,-20.75,0.34219068
122.5,-20.75,0.338561
122.75,-20.75,0.3338897
123.0,-20.75,0.3280204
123.25,-20.75,0.32384363
123.5,-20.75,0.31751782
123.75,-20.75,0.3110242
124.0,-20.75,0.31204203
124.25,-20.75,0.32399678
124.5,-20.75,0.32436752
124.75,-20.75,0.31664717
125.0,-20.75,0.31212518
125.25,-20.75,0.31587258
125.5,-20.75,0.32584333
125.75,-20.75,0.334137
126.0,-20.75,0.3344542
126.25,-20.75,0.31903595
126.5,-20.75,0.313534
126.75,-20.75,0.3223481
127.0,-20.75,0.31639424
127.25,-20.75,0.30549222
127.5,-20.75,0.31869304
127.75,-20.75,0.33732888
128.0,-20.75,0.35505876
128.25,-20.75,0.35184973
128.5,-20.75,0.3335344
128.75,-20.75,0.3228504
129.0,-20.75,0.31909874
129.25,-20.75,0.31370437
129.5,-20.75,0.3135483
129.75,-20.75,0.32442814
130.0,-20.75,0.33782682
130.25,-20.75,0.3449667
130.5,-20.75,0.3510182
130.75,-20.75,0.3562741
131.0,-20.75,0.36451852
131.25,-20.75,0.37610447
131.5,-20.75,0.3840134
131.75,-20.75,0.38549167
132.0,-20.75,0.37779844
132.25,-20.75,0.3722684
132.5,-20.75,0.3816068
132.75,-20.75,0.4000946
133.0,-20.75,0.40381724
133.25,-20.75,0.40453708
133.5,-20.75,0.40284944
133.75,-20.75,0.41289973
134.0,-20.75,0.43158916
134.25,-20.75,0.44308698
134.5,-20.75,0.45075798
134.75,-20.75,0.4476015
135.0,-20.75,0.42973918
135.25,-20.75,0.43924648
135.5,-20.75,0.44325176
135.75,-20.75,0.42837754
136.0,-20.75,0.4238858
136.25,-20.75,0.42867398
136.5,-20.75,0.4187233
136.75,-20.75,0.38533142
137.0,-20.75,0.35085756
137.25,-20.75,0.3241417
137.5,-20.75,0.32381067
137.75,-20.75,0.34793597
138.0,-20.75,0.3491987
138.25,-20.75,0.342315
138.5,-20.75,0.35125542
138.75,-20.75,0.37338465
139.0,-20.75,0.39387113
139.25,-20.75,0.40199986
139.5,-20.75,0.3918576
139.75,-20.75,0.3785871
140.0,-20.75,0.3593528
140.25,-20.75,0.34349027
140.5,-20.75,0.35425985
140.75,-20.75,0.36714885
141.0,-20.75,0.35104018
141.25,-20.75,0.32969263
141.5,-20.75,0.32815453
141.75,-20.75,0.33011392
142.0,-20.75,0.33115524
142.25,-20.75,0.3287284
142.5,-20.75,0.32432622
142.75,-20.75,0.3227116
143.0,-20.75,0.32106712
143.25,-20.75,0.31833878
143.5,-20.75,0.30843106
143.75,-20.75,0.2795655
144.0,-20.75,0.27665713
144.25,-20.75,0.29897177
144.5,-20.75,0.29722422
144.75,-20.75,0.27977645
145.0,-20.75,0.24548778
145.25,-20.75,0.2169501
145.5,-20.75,0.1962446
145.75,-20.75,0.18429059
146.0,-20.75,0.18462916
146.25,-20.75,0.195492
146.5,-20.75,0.19090845
146.75,-20.75,0.18216817
147.0,-20.75,0.18445756
147.25,-20.75,0.18345731
147.5,-20.75,0.15858656
147.75,-20.75,0.13386236
148.0,-20.75,0.13345267
148.25,-20.75,0.110115424
148.5,-20.75,0.09725632
148.75,-20.75,0.16176122
149.0,-20.75,0.30672133
115.75,-21.0,0.38301948
116.0,-21.0,0.34792274
116.25,-21.0,0.3270121
116.5,-21.0,0.3305306
116.75,-21.0,0.3315234
117.0,-21.0,0.316074
117.25,-21.0,0.28358912
117.5,-21.0,0.26465416
117.75,-21.0,0.26203543
118.0,-21.0,0.27289826
118.25,-21.0,0.2869484
118.5,-21.0,0.28388458
118.75,-21.0,0.2797487
119.0,-21.0,0.28963637
119.25,-21.0,0.29421976
119.5,-21.0,0.28931364
119.75,-21.0,0.29522142
120.0,-21.0,0.31105566
120.25,-21.0,0.3226507
120.5,-21.0,0.3220586
120.75,-21.0,0.3143876
121.0,-21.0,0.32402667
121.25,-21.0,0.33926347
121.5,-21.0,0.35200065
121.75,-21.0,0.34729314
122.0,-21.0,0.34358084
122.25,-21.0,0.34259328
122.5,-21.0,0.34371263
122.75,-21.0,0.33522025
123.0,-21.0,0.32619017
123.25,-21.0,0.32256362
123.5,-21.0,0.318199
123.75,-21.0,0.31594315
124.0,-21.0,0.32120982
124.25,-21.0,0.32415554
124.5,-21.0,0.3242429
124.75,-21.0,0.32459626
125.0,-21.0,0.31876656
125.25,-21.0,0.31992784
125.5,-21.0,0.33196738
125.75,-21.0,0.34946805
126.0,-21.0,0.36377648
126.25,-21.0,0.34664804
126.5,-21.0,0.3294711
126.75,-21.0,0.3449134
127.0,-21.0,0.34098303
127.25,-21.0,0.31585795
127.5,-21.0,0.31093395
127.75,-21.0,0.3380031
128.0,-21.0,0.3655555
128.25,-21.0,0.35055503
128.5,-21.0,0.31873545
128.75,-21.0,0.3060844
129.0,-21.0,0.3272168
129.25,-21.0,0.3347814
129.5,-21.0,0.3400078
129.75,-21.0,0.34143385
130.0,-21.0,0.34025478
130.25,-21.0,0.34072852
130.5,-21.0,0.3472019
130.75,-21.0,0.3616283
131.0,-21.0,0.3747037
131.25,-21.0,0.38595936
131.5,-21.0,0.3916303
131.75,-21.0,0.39319754
132.0,-21.0,0.39166722
132.25,-21.0,0.37401253
132.5,-21.0,0.35549146
132.75,-21.0,0.3838023
133.0,-21.0,0.38695708
133.25,-21.0,0.3611371
133.5,-21.0,0.36617866
133.75,-21.0,0.39538223
134.0,-21.0,0.41812152
134.25,-21.0,0.4325296
134.5,-21.0,0.44019502
134.75,-21.0,0.4471222
135.0,-21.0,0.44139886
135.25,-21.0,0.43175143
135.5,-21.0,0.42217246
135.75,-21.0,0.408915
136.0,-21.0,0.41949633
136.25,-21.0,0.43205547
136.5,-21.0,0.41181204
136.75,-21.0,0.38353547
137.0,-21.0,0.35441956
137.25,-21.0,0.34719458
137.5,-21.0,0.34161127
137.75,-21.0,0.35911718
138.0,-21.0,0.355651
138.25,-21.0,0.34298462
138.5,-21.0,0.35406578
138.75,-21.0,0.37584764
139.0,-21.0,0.40174368
139.25,-21.0,0.4209525
139.5,-21.0,0.42279774
139.75,-21.0,0.3996131
140.0,-21.0,0.36101046
140.25,-21.0,0.35611564
140.5,-21.0,0.37368226
140.75,-21.0,0.39472553
141.0,-21.0,0.36172476
141.25,-21.0,0.32829303
141.5,-21.0,0.3306589
141.75,-21.0,0.33365932
142.0,-21.0,0.337527
142.25,-21.0,0.3351276
142.5,-21.0,0.3322509
142.75,-21.0,0.3399456
143.0,-21.0,0.34425312
143.25,-21.0,0.3455176
143.5,-21.0,0.33164936
143.75,-21.0,0.31269136
144.0,-21.0,0.31232876
144.25,-21.0,0.33189207
144.5,-21.0,0.32826787
144.75,-21.0,0.296477
145.0,-21.0,0.26573893
145.25,-21.0,0.24689253
145.5,-21.0,0.23306853
145.75,-21.0,0.20458736
146.0,-21.0,0.19083883
146.25,-21.0,0.19314796
146.5,-21.0,0.19348165
146.75,-21.0,0.19302471
147.0,-21.0,0.19802247
147.25,-21.0,0.22887762
147.5,-21.0,0.20357135
147.75,-21.0,0.15236041
148.0,-21.0,0.13106048
148.25,-21.0,0.1127632
148.5,-21.0,0.07032993
148.75,-21.0,0.07097263
149.0,-21.0,0.19760865
149.25,-21.0,0.33386567
115.25,-21.25,0.44350818
115.5,-21.25,0.3962137
115.75,-21.25,0.34540105
116.0,-21.25,0.3108238
116.25,-21.25,0.3045137
116.5,-21.25,0.31794912
116.75,-21.25,0.34091082
117.0,-21.25,0.3357058
117.25,-21.25,0.30294225
117.5,-21.25,0.29176664
117.75,-21.25,0.28640094
118.0,-21.25,0.27606267
118.25,-21.25,0.27762982
118.5,-21.25,0.27779025
118.75,-21.25,0.28461567
119.0,-21.25,0.30078116
119.25,-21.25,0.3010103
119.5,-21.25,0.29564652
119.75,-21.25,0.3058653
120.0,-21.25,0.3332476
120.25,-21.25,0.34631422
120.5,-21.25,0.33894864
120.75,-21.25,0.33000872
121.0,-21.25,0.3304211
121.25,-21.25,0.34283137
121.5,-21.25,0.34764716
121.75,-21.25,0.33093536
122.0,-21.25,0.33088833
122.25,-21.25,0.3392103
122.5,-21.25,0.3456593
122.75,-21.25,0.34231335
123.0,-21.25,0.3329861
123.25,-21.25,0.3333962
123.5,-21.25,0.33075172
123.75,-21.25,0.32452747
124.0,-21.25,0.31880373
124.25,-21.25,0.3161268
124.5,-21.25,0.32134345
124.75,-21.25,0.33654293
125.0,-21.25,0.33378583
125.25,-21.25,0.3307977
125.5,-21.25,0.3427054
125.75,-21.25,0.36217034
126.0,-21.25,0.37951517
126.25,-21.25,0.37449932
126.5,-21.25,0.35652792
126.75,-21.25,0.37479672
127.0,-21.25,0.35403183
127.25,-21.25,0.3182432
127.5,-21.25,0.30905023
127.75,-21.25,0.34478945
128.0,-21.25,0.36445466
128.25,-21.25,0.31567323
128.5,-21.25,0.27901277
128.75,-21.25,0.28651816
129.0,-21.25,0.32004902
129.25,-21.25,0.35979432
129.5,-21.25,0.37072837
129.75,-21.25,0.3641858
130.0,-21.25,0.3621219
130.25,-21.25,0.3592826
130.5,-21.25,0.36442012
130.75,-21.25,0.37609434
131.0,-21.25,0.38774377
131.25,-21.25,0.39384925
131.5,-21.25,0.39741924
131.75,-21.25,0.403601
132.0,-21.25,0.40536356
132.25,-21.25,0.39697227
132.5,-21.25,0.3752634
132.75,-21.25,0.3585454
133.0,-21.25,0.3249524
133.25,-21.25,0.2911395
133.5,-21.25,0.2988515
133.75,-21.25,0.33068007
134.0,-21.25,0.36434948
134.25,-21.25,0.3895912
134.5,-21.25,0.41786352
134.75,-21.25,0.43196988
135.0,-21.25,0.412694
135.25,-21.25,0.38334858
135.5,-21.25,0.36744192
135.75,-21.25,0.38281655
136.0,-21.25,0.41744086
136.25,-21.25,0.4320933
136.5,-21.25,0.42709956
136.75,-21.25,0.40412876
137.0,-21.25,0.39047825
137.25,-21.25,0.38206324
137.5,-21.25,0.36637
137.75,-21.25,0.36097294
138.0,-21.25,0.3564846
138.25,-21.25,0.3534682
138.5,-21.25,0.3651754
138.75,-21.25,0.38923225
139.0,-21.25,0.40728533
139.25,-21.25,0.42154244
139.5,-21.25,0.4071324
139.75,-21.25,0.37894002
140.0,-21.25,0.36162978
140.25,-21.25,0.3623801
140.5,-21.25,0.38765723
140.75,-21.25,0.3851163
141.0,-21.25,0.33818525
141.25,-21.25,0.32861638
141.5,-21.25,0.33466342
141.75,-21.25,0.34422898
142.0,-21.25,0.34261176
142.25,-21.25,0.3404093
142.5,-21.25,0.33880034
142.75,-21.25,0.35118178
143.0,-21.25,0.36340663
143.25,-21.25,0.36358514
143.5,-21.25,0.35614485
143.75,-21.25,0.3420554
144.0,-21.25,0.32761627
144.25,-21.25,0.3454144
144.5,-21.25,0.34980604
144.75,-21.25,0.31145328
145.0,-21.25,0.27008173
145.25,-21.25,0.2660862
145.5,-21.25,0.26359376
145.75,-21.25,0.23157284
146.0,-21.25,0.21149623
146.25,-21.25,0.20636246
146.5,-21.25,0.20549306
146.75,-21.25,0.20422229
147.0,-21.25,0.2052326
147.25,-21.25,0.23699333
147.5,-21.25,0.24036859
147.75,-21.25,0.20289004
148.0,-21.25,0.1737739
148.25,-21.25,0.14042321
148.5,-21.25,0.080772646
148.75,-21.25,0.03984004
149.0,-21.25,0.09574534
149.25,-21.25,0.2385343
149.5,-21.25,0.35629857
114.75,-21.5,0.48673505
115.0,-21.5,0.46577185
115.25,-21.5,0.4191758
115.5,-21.5,0.35485083
115.75,-21.5,0.31603074
116.0,-21.5,0.29470497
116.25,-21.5,0.29203054
116.5,-21.5,0.3094899
116.75,-21.5,0.33674836
117.0,-21.5,0.3514194
117.25,-21.5,0.34875986
117.5,-21.5,0.34421873
117.75,-21.5,0.32733718
118.0,-21.5,0.30190662
118.25,-21.5,0.28749126
118.5,-21.5,0.27474952
118.75,-21.5,0.28588954
119.0,-21.5,0.30163804
119.25,-21.5,0.29857138
119.5,-21.5,0.2931218
119.75,-21.5,0.3139361
120.0,-21.5,0.3425033
120.25,-21.5,0.3416663
120.5,-21.5,0.34040317
120.75,-21.5,0.33695027
121.0,-21.5,0.33615217
121.25,-21.5,0.34231696
121.5,-21.5,0.35247925
121.75,-21.5,0.3441054
122.0,-21.5,0.34087983
122.25,-21.5,0.34070066
122.5,-21.5,0.339035
122.75,-21.5,0.3362179
123.0,-21.5,0.33448145
123.25,-21.5,0.33602256
123.5,-21.5,0.33127224
123.75,-21.5,0.32015827
124.0,-21.5,0.3139977
124.25,-21.5,0.31481084
124.5,-21.5,0.32305747
124.75,-21.5,0.34614342
125.0,-21.5,0.36309838
125.25,-21.5,0.3602853
125.5,-21.5,0.35113183
125.75,-21.5,0.35369632
126.0,-21.5,0.36850423
126.25,-21.5,0.37615976
126.5,-21.5,0.3695382
126.75,-21.5,0.3860075
127.0,-21.5,0.3552868
127.25,-21.5,0.31052175
127.5,-21.5,0.29543707
127.75,-21.5,0.3224362
128.0,-21.5,0.33041096
128.25,-21.5,0.29067612
128.5,-21.5,0.27811226
128.75,-21.5,0.299304
129.0,-21.5,0.34371787
129.25,-21.5,0.3826869
129.5,-21.5,0.3861303
129.75,-21.5,0.3766243
130.0,-21.5,0.3826362
130.25,-21.5,0.38515872
130.5,-21.5,0.386787
130.75,-21.5,0.39101171
131.0,-21.5,0.3975409
131.25,-21.5,0.40188682
131.5,-21.5,0.40449074
131.75,-21.5,0.40752167
132.0,-21.5,0.4106778
132.25,-21.5,0.4027176
132.5,-21.5,0.3744232
132.75,-21.5,0.33262905
133.0,-21.5,0.2934452
133.25,-21.5,0.2718576
133.5,-21.5,0.28155676
133.75,-21.5,0.30414587
134.0,-21.5,0.32403892
134.25,-21.5,0.3450271
134.5,-21.5,0.38955554
134.75,-21.5,0.38563862
135.0,-21.5,0.342744
135.25,-21.5,0.31412897
135.5,-21.5,0.3177125
135.75,-21.5,0.34690458
136.0,-21.5,0.40178338
136.25,-21.5,0.43209797
136.5,-21.5,0.4310018
136.75,-21.5,0.41480714
137.0,-21.5,0.40744343
137.25,-21.5,0.41200057
137.5,-21.5,0.39866373
137.75,-21.5,0.38015527
138.0,-21.5,0.3688672
138.25,-21.5,0.36100528
138.5,-21.5,0.36739203
138.75,-21.5,0.38644752
139.0,-21.5,0.40187398
139.25,-21.5,0.40440375
139.5,-21.5,0.36499837
139.75,-21.5,0.34221837
140.0,-21.5,0.34245157
140.25,-21.5,0.3635882
140.5,-21.5,0.38360128
140.75,-21.5,0.34116814
141.0,-21.5,0.30504072
141.25,-21.5,0.32856134
141.5,-21.5,0.3539415
141.75,-21.5,0.35777962
142.0,-21.5,0.34557423
142.25,-21.5,0.34225053
142.5,-21.5,0.34132874
142.75,-21.5,0.3464664
143.0,-21.5,0.357616
143.25,-21.5,0.36355007
143.5,-21.5,0.36071795
143.75,-21.5,0.34870595
144.0,-21.5,0.3185055
144.25,-21.5,0.32769892
144.5,-21.5,0.35347
144.75,-21.5,0.32006136
145.0,-21.5,0.27555174
145.25,-21.5,0.26905063
145.5,-21.5,0.2852056
145.75,-21.5,0.2629665
146.0,-21.5,0.24208152
146.25,-21.5,0.22788273
146.5,-21.5,0.21579438
146.75,-21.5,0.2078111
147.0,-21.5,0.2103972
147.25,-21.5,0.22295964
147.5,-21.5,0.24540418
147.75,-21.5,0.23748353
148.0,-21.5,0.20819595
148.25,-21.5,0.1632059
148.5,-21.5,0.1144808
148.75,-21.5,0.080050446
149.0,-21.5,0.0850047
149.25,-21.5,0.14001165
149.5,-21.5,0.27800375
114.5,-21.75,0.5025626
114.75,-21.75,0.47041553
115.0,-21.75,0.42814925
115.25,-21.75,0.37864962
115.5,-21.75,0.3565906
115.75,-21.75,0.32594776
116.0,-21.75,0.28655306
116.25,-21.75,0.27102557
116.5,-21.75,0.29614827
116.75,-21.75,0.31643137
117.0,-21.75,0.31123656
117.25,-21.75,0.31034115
117.5,-21.75,0.3107943
117.75,-21.75,0.3112795
118.0,-21.75,0.3078742
118.25,-21.75,0.31994703
118.5,-21.75,0.2975098
118.75,-21.75,0.29811287
119.0,-21.75,0.30667952
119.25,-21.75,0.30294496
119.5,-21.75,0.3008308
119.75,-21.75,0.32647622
120.0,-21.75,0.34751368
120.25,-21.75,0.33889237
120.5,-21.75,0.34267431
120.75,-21.75,0.33964914
121.0,-21.75,0.33620152
121.25,-21.75,0.34150398
121.5,-21.75,0.36032388
121.75,-21.75,0.35747626
122.0,-21.75,0.35266125
122.25,-21.75,0.34757352
122.5,-21.75,0.33761612
122.75,-21.75,0.32997456
123.0,-21.75,0.3296425
123.25,-21.75,0.33815905
123.5,-21.75,0.3330933
123.75,-21.75,0.32395834
124.0,-21.75,0.32488653
124.25,-21.75,0.3362653
124.5,-21.75,0.34706578
124.75,-21.75,0.3627767
125.0,-21.75,0.38791913
125.25,-21.75,0.38275054
125.5,-21.75,0.3538482
125.75,-21.75,0.33879316
126.0,-21.75,0.34716552
126.25,-21.75,0.36574498
126.5,-21.75,0.35976517
126.75,-21.75,0.36448362
127.0,-21.75,0.34844676
127.25,-21.75,0.32448924
127.5,-21.75,0.3104236
127.75,-21.75,0.31705955
128.0,-21.75,0.32074007
128.25,-21.75,0.30032352
128.5,-21.75,0.30042621
128.75,-21.75,0.31418073
129.0,-21.75,0.34112975
129.25,-21.75,0.37066942
129.5,-21.75,0.3838401
129.75,-21.75,0.3859528
130.0,-21.75,0.39704737
130.25,-21.75,0.40480408
130.5,-21.75,0.40334487
130.75,-21.75,0.39939114
131.0,-21.75,0.39892337
131.25,-21.75,0.40380526
131.5,-21.75,0.41143215
131.75,-21.75,0.4125019
132.0,-21.75,0.4111759
132.25,-21.75,0.40213397
132.5,-21.75,0.3844091
132.75,-21.75,0.35358992
133.0,-21.75,0.31223902
133.25,-21.75,0.2783493
133.5,-21.75,0.28180075
133.75,-21.75,0.2988995
134.0,-21.75,0.31260112
134.25,-21.75,0.31633446
134.5,-21.75,0.33397374
134.75,-21.75,0.32492188
135.0,-21.75,0.30747414
135.25,-21.75,0.29609233
135.5,-21.75,0.30124232
135.75,-21.75,0.3135242
136.0,-21.75,0.3445242
136.25,-21.75,0.39755645
136.5,-21.75,0.40437946
136.75,-21.75,0.379674
137.0,-21.75,0.37391117
137.25,-21.75,0.4115429
137.5,-21.75,0.420446
137.75,-21.75,0.4035405
138.0,-21.75,0.38601598
138.25,-21.75,0.36097497
138.5,-21.75,0.34539956
138.75,-21.75,0.3542592
139.0,-21.75,0.38150835
139.25,-21.75,0.41077328
139.5,-21.75,0.37047207
139.75,-21.75,0.3383672
140.0,-21.75,0.32709783
140.25,-21.75,0.33767682
140.5,-21.75,0.3530758
140.75,-21.75,0.33935925
141.0,-21.75,0.3410073
141.25,-21.75,0.37363732
141.5,-21.75,0.38482752
141.75,-21.75,0.36654276
142.0,-21.75,0.33362854
142.25,-21.75,0.32212958
142.5,-21.75,0.32863095
142.75,-21.75,0.33644113
143.0,-21.75,0.34487194
143.25,-21.75,0.35172704
143.5,-21.75,0.35063177
143.75,-21.75,0.34326977
144.0,-21.75,0.3240239
144.25,-21.75,0.32632434
144.5,-21.75,0.34905344
144.75,-21.75,0.32323372
145.0,-21.75,0.2819751
145.25,-21.75,0.2661564
145.5,-21.75,0.2911808
145.75,-21.75,0.28427845
146.0,-21.75,0.24926846
146.25,-21.75,0.22315842
146.5,-21.75,0.2096464
146.75,-21.75,0.21547832
147.0,-21.75,0.23477004
147.25,-21.75,0.23196371
147.5,-21.75,0.23587781
147.75,-21.75,0.24129766
148.0,-21.75,0.21917921
148.25,-21.75,0.17466156
148.5,-21.75,0.13890389
148.75,-21.75,0.12900548
149.0,-21.75,0.11502075
149.25,-21.75,0.123219095
149.5,-21.75,0.2556505
149.75,-21.75,0.3881056
114.0,-22.0,0.4653655
114.25,-22.0,0.47295132
114.5,-22.0,0.4823172
114.75,-22.0,0.45088992
115.0,-22.0,0.39521325
115.25,-22.0,0.35212216
115.5,-22.0,0.35600287
115.75,-22.0,0.337968
116.0,-22.0,0.2882783
116.25,-22.0,0.2523036
116.5,-22.0,0.26900053
116.75,-22.0,0.2749616
117.0,-22.0,0.2633089
117.25,-22.0,0.25227758
117.5,-22.0,0.24427801
117.75,-22.0,0.24577352
118.0,-22.0,0.27273604
118.25,-22.0,0.3047127
118.5,-22.0,0.30977944
118.75,-22.0,0.3084242
119.0,-22.0,0.31142125
119.25,-22.0,0.31000182
119.5,-22.0,0.31230515
119.75,-22.0,0.3334186
120.0,-22.0,0.35628447
120.25,-22.0,0.346437
120.5,-22.0,0.34304047
120.75,-22.0,0.33785313
121.0,-22.0,0.3343573
121.25,-22.0,0.3446626
121.5,-22.0,0.36477673
121.75,-22.0,0.3605681
122.0,-22.0,0.3640687
122.25,-22.0,0.37269875
122.5,-22.0,0.365798
122.75,-22.0,0.3552493
123.0,-22.0,0.3525044
123.25,-22.0,0.36447704
123.5,-22.0,0.35215494
123.75,-22.0,0.33677715
124.0,-22.0,0.3345625
124.25,-22.0,0.34419575
124.5,-22.0,0.34976912
124.75,-22.0,0.35885453
125.0,-22.0,0.3795159
125.25,-22.0,0.38058224
125.5,-22.0,0.35610855
125.75,-22.0,0.341782
126.0,-22.0,0.3467708
126.25,-22.0,0.3644106
126.5,-22.0,0.35926157
126.75,-22.0,0.36131606
127.0,-22.0,0.36732134
127.25,-22.0,0.3459234
127.5,-22.0,0.32350004
127.75,-22.0,0.31728384
128.0,-22.0,0.32237974
128.25,-22.0,0.3142228
128.5,-22.0,0.31249458
128.75,-22.0,0.31297418
129.0,-22.0,0.32639125
129.25,-22.0,0.3488736
129.5,-22.0,0.37828812
129.75,-22.0,0.40489465
130.0,-22.0,0.42436567
130.25,-22.0,0.42842627
130.5,-22.0,0.4260231
130.75,-22.0,0.41859117
131.0,-22.0,0.41312492
131.25,-22.0,0.41593927
131.5,-22.0,0.4193241
131.75,-22.0,0.42144305
132.0,-22.0,0.41664577
132.25,-22.0,0.41244373
132.5,-22.0,0.39588392
132.75,-22.0,0.38730356
133.0,-22.0,0.34887502
133.25,-22.0,0.2961732
133.5,-22.0,0.27230653
133.75,-22.0,0.28245017
134.0,-22.0,0.29842752
134.25,-22.0,0.3047725
134.5,-22.0,0.30247852
134.75,-22.0,0.29833186
135.0,-22.0,0.29336876
135.25,-22.0,0.3025033
135.5,-22.0,0.3084889
135.75,-22.0,0.3221541
136.0,-22.0,0.3288963
136.25,-22.0,0.35152477
136.5,-22.0,0.3787998
136.75,-22.0,0.3578589
137.0,-22.0,0.35429552
137.25,-22.0,0.38426474
137.5,-22.0,0.4051377
137.75,-22.0,0.40115666
138.0,-22.0,0.38659418
138.25,-22.0,0.3578897
138.5,-22.0,0.33705595
138.75,-22.0,0.33798504
139.0,-22.0,0.35717744
139.25,-22.0,0.39299038
139.5,-22.0,0.35902432
139.75,-22.0,0.32105356
140.0,-22.0,0.30768615
140.25,-22.0,0.31409007
140.5,-22.0,0.32615867
140.75,-22.0,0.31678298
141.0,-22.0,0.32911512
141.25,-22.0,0.36169165
141.5,-22.0,0.37012663
141.75,-22.0,0.3620448
142.0,-22.0,0.33755156
142.25,-22.0,0.31789753
142.5,-22.0,0.3109058
142.75,-22.0,0.32015765
143.0,-22.0,0.33380717
143.25,-22.0,0.34043938
143.5,-22.0,0.34538412
143.75,-22.0,0.33862245
144.0,-22.0,0.3217618
144.25,-22.0,0.31103852
144.5,-22.0,0.33361205
144.75,-22.0,0.34453672
145.0,-22.0,0.31191283
145.25,-22.0,0.28345412
145.5,-22.0,0.28771573
145.75,-22.0,0.27949095
146.0,-22.0,0.24637108
146.25,-22.0,0.22105615
146.5,-22.0,0.22081992
146.75,-22.0,0.23143749
147.0,-22.0,0.2649147
147.25,-22.0,0.27141213
147.5,-22.0,0.26863578
147.75,-22.0,0.24387723
148.0,-22.0,0.2140783
148.25,-22.0,0.17402944
148.5,-22.0,0.14382839
148.75,-22.0,0.13945985
149.0,-22.0,0.14123552
149.25,-22.0,0.13595329
149.5,-22.0,0.22638524
149.75,-22.0,0.35405016
113.75,-22.25,0.53808427
114.0,-22.25,0.4629533
114.25,-22.25,0.45640248
114.5,-22.25,0.46287304
114.75,-22.25,0.43626523
115.0,-22.25,0.39922968
115.25,-22.25,0.379658
115.5,-22.25,0.3770668
115.75,-22.25,0.3495237
116.0,-22.25,0.28455502
116.25,-22.25,0.24590714
116.5,-22.25,0.22398205
116.75,-22.25,0.21799722
117.0,-22.25,0.2112612
117.25,-22.25,0.20826285
117.5,-22.25,0.20172445
117.75,-22.25,0.21838905
118.0,-22.25,0.24042249
118.25,-22.25,0.26884815
118.5,-22.25,0.2955122
118.75,-22.25,0.29987335
119.0,-22.25,0.30163667
119.25,-22.25,0.29850632
119.5,-22.25,0.3081374
119.75,-22.25,0.32808724
120.0,-22.25,0.3496423
120.25,-22.25,0.34571546
120.5,-22.25,0.34584355
120.75,-22.25,0.34495673
121.0,-22.25,0.34258458
121.25,-22.25,0.35770896
121.5,-22.25,0.37768888
121.75,-22.25,0.3753729
122.0,-22.25,0.38274208
122.25,-22.25,0.38713765
122.5,-22.25,0.38535836
122.75,-22.25,0.3764653
123.0,-22.25,0.36872548
123.25,-22.25,0.36830157
123.5,-22.25,0.35582528
123.75,-22.25,0.34378657
124.0,-22.25,0.34058547
124.25,-22.25,0.34460622
124.5,-22.25,0.34634686
124.75,-22.25,0.34668624
125.0,-22.25,0.3585924
125.25,-22.25,0.36225212
125.5,-22.25,0.36854
125.75,-22.25,0.3567076
126.0,-22.25,0.3604196
126.25,-22.25,0.36979637
126.5,-22.25,0.37104592
126.75,-22.25,0.38397008
127.0,-22.25,0.38578528
127.25,-22.25,0.36384636
127.5,-22.25,0.33525112
127.75,-22.25,0.32317287
128.0,-22.25,0.32814315
128.25,-22.25,0.3197471
128.5,-22.25,0.32760566
128.75,-22.25,0.32610264
129.0,-22.25,0.33052212
129.25,-22.25,0.34565592
129.5,-22.25,0.37644508
129.75,-22.25,0.40777445
130.0,-22.25,0.42604432
130.25,-22.25,0.4428655
130.5,-22.25,0.43941978
130.75,-22.25,0.43575758
131.0,-22.25,0.4276719
131.25,-22.25,0.42902353
131.5,-22.25,0.42467123
131.75,-22.25,0.42193663
132.0,-22.25,0.42260823
132.25,-22.25,0.414138
132.5,-22.25,0.41575637
132.75,-22.25,0.41083795
133.0,-22.25,0.3708051
133.25,-22.25,0.30965143
133.5,-22.25,0.27978632
133.75,-22.25,0.28043202
134.0,-22.25,0.29536086
134.25,-22.25,0.30826786
134.5,-22.25,0.31098711
134.75,-22.25,0.3128593
135.0,-22.25,0.3236924
135.25,-22.25,0.33227316
135.5,-22.25,0.3564344
135.75,-22.25,0.37826297
136.0,-22.25,0.37332687
136.25,-22.25,0.34275657
136.5,-22.25,0.36895835
136.75,-22.25,0.38613868
137.0,-22.25,0.38446954
137.25,-22.25,0.3913797
137.5,-22.25,0.4016189
137.75,-22.25,0.40302432
138.0,-22.25,0.3951808
138.25,-22.25,0.36470106
138.5,-22.25,0.34057447
138.75,-22.25,0.33521122
139.0,-22.25,0.34662628
139.25,-22.25,0.3786323
139.5,-22.25,0.3522721
139.75,-22.25,0.32272196
140.0,-22.25,0.30580667
140.25,-22.25,0.309928
140.5,-22.25,0.31300274
140.75,-22.25,0.3036866
141.0,-22.25,0.31498986
141.25,-22.25,0.326946
141.5,-22.25,0.32756737
141.75,-22.25,0.31901667
142.0,-22.25,0.33671454
142.25,-22.25,0.323661
142.5,-22.25,0.30959535
142.75,-22.25,0.32178783
143.0,-22.25,0.33029684
143.25,-22.25,0.33672544
143.5,-22.25,0.3373048
143.75,-22.25,0.34049144
144.0,-22.25,0.32430714
144.25,-22.25,0.30767128
144.5,-22.25,0.32128534
144.75,-22.25,0.33410996
145.0,-22.25,0.34430975
145.25,-22.25,0.31991673
145.5,-22.25,0.2928075
145.75,-22.25,0.27849537
146.0,-22.25,0.24731919
146.25,-22.25,0.2328137
146.5,-22.25,0.22587702
146.75,-22.25,0.22693017
147.0,-22.25,0.24706894
147.25,-22.25,0.26373684
147.5,-22.25,0.28028774
147.75,-22.25,0.25424415
148.0,-22.25,0.2092625
148.25,-22.25,0.16776936
148.5,-22.25,0.15002708
148.75,-22.25,0.14309524
149.0,-22.25,0.15132795
149.25,-22.25,0.13287167
149.5,-22.25,0.18910927
149.75,-22.25,0.27570933
150.0,-22.25,0.35454258
150.25,-22.25,0.39611766
150.5,-22.25,0.39754552
113.5,-22.5,0.5819439
113.75,-22.5,0.5417978
114.0,-22.5,0.48850998
114.25,-22.5,0.47050443
114.5,-22.5,0.4301636
114.75,-22.5,0.3957562
115.0,-22.5,0.41535184
115.25,-22.5,0.42126486
115.5,-22.5,0.4038404
115.75,-22.5,0.36910802
116.0,-22.5,0.3004631
116.25,-22.5,0.2510432
116.5,-22.5,0.22031885
116.75,-22.5,0.19346462
117.0,-22.5,0.19050312
117.25,-22.5,0.19184059
117.5,-22.5,0.19847055
117.75,-22.5,0.20636964
118.0,-22.5,0.21401687
118.25,-22.5,0.22519131
118.5,-22.5,0.26459363
118.75,-22.5,0.30285737
119.0,-22.5,0.29575142
119.25,-22.5,0.2940567
119.5,-22.5,0.29784524
119.75,-22.5,0.32190436
120.0,-22.5,0.3420368
120.25,-22.5,0.3450408
120.5,-22.5,0.3669212
120.75,-22.5,0.36343685
121.0,-22.5,0.36446676
121.25,-22.5,0.37837905
121.5,-22.5,0.39956278
121.75,-22.5,0.39186922
122.0,-22.5,0.391369
122.25,-22.5,0.38231304
122.5,-22.5,0.37943736
122.75,-22.5,0.38945553
123.0,-22.5,0.38153917
123.25,-22.5,0.3622429
123.5,-22.5,0.3571798
123.75,-22.5,0.34771708
124.0,-22.5,0.3535221
124.25,-22.5,0.3563876
124.5,-22.5,0.3518676
124.75,-22.5,0.34721398
125.0,-22.5,0.3571541
125.25,-22.5,0.36840358
125.5,-22.5,0.37517467
125.75,-22.5,0.39198568
126.0,-22.5,0.39510626
126.25,-22.5,0.39281884
126.5,-22.5,0.38900056
126.75,-22.5,0.3974419
127.0,-22.5,0.39773527
127.25,-22.5,0.37058064
127.5,-22.5,0.34655562
127.75,-22.5,0.3345459
128.0,-22.5,0.3452342
128.25,-22.5,0.3360388
128.5,-22.5,0.33684063
128.75,-22.5,0.34533212
129.0,-22.5,0.3458697
129.25,-22.5,0.36299533
129.5,-22.5,0.38403875
129.75,-22.5,0.3961092
130.0,-22.5,0.40689564
130.25,-22.5,0.4225138
130.5,-22.5,0.4372253
130.75,-22.5,0.43185884
131.0,-22.5,0.42342788
131.25,-22.5,0.4226267
131.5,-22.5,0.41391957
131.75,-22.5,0.41117975
132.0,-22.5,0.40727097
132.25,-22.5,0.41432855
132.5,-22.5,0.41506085
132.75,-22.5,0.42450744
133.0,-22.5,0.39865917
133.25,-22.5,0.3373948
133.5,-22.5,0.29721498
133.75,-22.5,0.29527897
134.0,-22.5,0.3139255
134.25,-22.5,0.3338569
134.5,-22.5,0.35583055
134.75,-22.5,0.36832115
135.0,-22.5,0.37660277
135.25,-22.5,0.38475528
135.5,-22.5,0.40572092
135.75,-22.5,0.40589923
136.0,-22.5,0.40369266
136.25,-22.5,0.3754992
136.5,-22.5,0.3907325
136.75,-22.5,0.4057906
137.0,-22.5,0.41798028
137.25,-22.5,0.420521
137.5,-22.5,0.42317966
137.75,-22.5,0.420838
138.0,-22.5,0.40876412
138.25,-22.5,0.3877624
138.5,-22.5,0.35880014
138.75,-22.5,0.33550158
139.0,-22.5,0.33815795
139.25,-22.5,0.35628086
139.5,-22.5,0.34072778
139.75,-22.5,0.31366408
140.0,-22.5,0.3081647
140.25,-22.5,0.30714002
140.5,-22.5,0.3096877
140.75,-22.5,0.30389094
141.0,-22.5,0.31171644
141.25,-22.5,0.3036188
141.5,-22.5,0.29803088
141.75,-22.5,0.2999873
142.0,-22.5,0.31036738
142.25,-22.5,0.32546037
142.5,-22.5,0.33232287
142.75,-22.5,0.35069674
143.0,-22.5,0.35674027
143.25,-22.5,0.35621494
143.5,-22.5,0.33112544
143.75,-22.5,0.327661
144.0,-22.5,0.32124007
144.25,-22.5,0.30709466
144.5,-22.5,0.31299815
144.75,-22.5,0.33518305
145.0,-22.5,0.3386783
145.25,-22.5,0.33756107
145.5,-22.5,0.3036757
145.75,-22.5,0.2948995
146.0,-22.5,0.26822603
146.25,-22.5,0.2432764
146.5,-22.5,0.22283873
146.75,-22.5,0.2177962
147.0,-22.5,0.22666185
147.25,-22.5,0.23146416
147.5,-22.5,0.2385534
147.75,-22.5,0.24603242
148.0,-22.5,0.2008816
148.25,-22.5,0.17695585
148.5,-22.5,0.15611938
148.75,-22.5,0.15161443
149.0,-22.5,0.1595092
149.25,-22.5,0.13676016
149.5,-22.5,0.124651186
149.75,-22.5,0.18927352
150.0,-22.5,0.22296882
150.25,-22.5,0.25185883
150.5,-22.5,0.2768228
150.75,-22.5,0.40010855
113.5,-22.75,0.5877356
113.75,-22.75,0.5538564
114.0,-22.75,0.49871746
114.25,-22.75,0.45420825
114.5,-22.75,0.4136885
114.75,-22.75,0.37952214
115.0,-22.75,0.41453683
115.25,-22.75,0.4471246
115.5,-22.75,0.4301932
115.75,-22.75,0.39547467
116.0,-22.75,0.35847425
116.25,-22.75,0.30548
116.5,-22.75,0.25510395
116.75,-22.75,0.21831149
117.0,-22.75,0.2087247
117.25,-22.75,0.21067883
117.5,-22.75,0.19755617
117.75,-22.75,0.19625974
118.0,-22.75,0.20444368
118.25,-22.75,0.2107023
118.5,-22.75,0.24164678
118.75,-22.75,0.28455117
119.0,-22.75,0.30793232
119.25,-22.75,0.31006837
119.5,-22.75,0.31335655
119.75,-22.75,0.33113456
120.0,-22.75,0.34643716
120.25,-22.75,0.35875028
120.5,-22.75,0.383574
120.75,-22.75,0.38574573
121.0,-22.75,0.38106537
121.25,-22.75,0.3872935
121.5,-22.75,0.4017134
121.75,-22.75,0.38812426
122.0,-22.75,0.38082623
122.25,-22.75,0.37732592
122.5,-22.75,0.39096037
122.75,-22.75,0.40097803
123.0,-22.75,0.39520577
123.25,-22.75,0.37852013
123.5,-22.75,0.37880513
123.75,-22.75,0.38101122
124.0,-22.75,0.38278583
124.25,-22.75,0.38607913
124.5,-22.75,0.3725764
124.75,-22.75,0.36242697
125.0,-22.75,0.37155887
125.25,-22.75,0.3836814
125.5,-22.75,0.40197483
125.75,-22.75,0.41906163
126.0,-22.75,0.4243366
126.25,-22.75,0.41011122
126.5,-22.75,0.3947575
126.75,-22.75,0.39510345
127.0,-22.75,0.39793098
127.25,-22.75,0.3800607
127.5,-22.75,0.35582858
127.75,-22.75,0.35041648
128.0,-22.75,0.35844082
128.25,-22.75,0.35139585
128.5,-22.75,0.34555072
128.75,-22.75,0.35046178
129.0,-22.75,0.36120853
129.25,-22.75,0.37639368
129.5,-22.75,0.39339888
129.75,-22.75,0.3967809
130.0,-22.75,0.4055603
130.25,-22.75,0.41704667
130.5,-22.75,0.41886836
130.75,-22.75,0.4173493
131.0,-22.75,0.40994662
131.25,-22.75,0.40183252
131.5,-22.75,0.3916441
131.75,-22.75,0.38931757
132.0,-22.75,0.39309922
132.25,-22.75,0.39551207
132.5,-22.75,0.40173253
132.75,-22.75,0.41292968
133.0,-22.75,0.4065363
133.25,-22.75,0.3776159
133.5,-22.75,0.32654357
133.75,-22.75,0.3226735
134.0,-22.75,0.3539612
134.25,-22.75,0.37416476
134.5,-22.75,0.39340806
134.75,-22.75,0.39784402
135.0,-22.75,0.39684796
135.25,-22.75,0.40711334
135.5,-22.75,0.39964458
135.75,-22.75,0.39165354
136.0,-22.75,0.3947578
136.25,-22.75,0.39434707
136.5,-22.75,0.40796095
136.75,-22.75,0.42412508
137.0,-22.75,0.435783
137.25,-22.75,0.43550077
137.5,-22.75,0.43386692
137.75,-22.75,0.4283009
138.0,-22.75,0.4212913
138.25,-22.75,0.40626252
138.5,-22.75,0.37650183
138.75,-22.75,0.34374648
139.0,-22.75,0.33232266
139.25,-22.75,0.33491945
139.5,-22.75,0.31785023
139.75,-22.75,0.31018713
140.0,-22.75,0.30800152
140.25,-22.75,0.30939233
140.5,-22.75,0.31104586
140.75,-22.75,0.31322598
141.0,-22.75,0.31810734
141.25,-22.75,0.3071945
141.5,-22.75,0.29520625
141.75,-22.75,0.29099232
142.0,-22.75,0.30516753
142.25,-22.75,0.32667163
142.5,-22.75,0.3538808
142.75,-22.75,0.38563067
143.0,-22.75,0.38575003
143.25,-22.75,0.34829608
143.5,-22.75,0.31616348
143.75,-22.75,0.30999357
144.0,-22.75,0.311726
144.25,-22.75,0.3020422
144.5,-22.75,0.30383152
144.75,-22.75,0.32008916
145.0,-22.75,0.3304089
145.25,-22.75,0.32664475
145.5,-22.75,0.31066814
145.75,-22.75,0.31029326
146.0,-22.75,0.28024274
146.25,-22.75,0.2399264
146.5,-22.75,0.2122296
146.75,-22.75,0.20588964
147.0,-22.75,0.22172561
147.25,-22.75,0.2106862
147.5,-22.75,0.20005159
147.75,-22.75,0.20410483
148.0,-22.75,0.20346746
148.25,-22.75,0.19132395
148.5,-22.75,0.16670425
148.75,-22.75,0.16088071
149.0,-22.75,0.1633973
149.25,-22.75,0.14447908
149.5,-22.75,0.13984829
149.75,-22.75,0.14665358
150.0,-22.75,0.15350935
150.25,-22.75,0.14461982
150.5,-22.75,0.17627771
150.75,-22.75,0.3230978
151.0,-22.75,0.42606443
113.5,-23.0,0.6011378
113.75,-23.0,0.56907165
114.0,-23.0,0.49976453
114.25,-23.0,0.44739148
114.5,-23.0,0.39977613
114.75,-23.0,0.38893905
115.0,-23.0,0.41463658
115.25,-23.0,0.4592629
115.5,-23.0,0.46003708
115.75,-23.0,0.4239305
116.0,-23.0,0.3959824
116.25,-23.0,0.34554404
116.5,-23.0,0.32204926
116.75,-23.0,0.2786191
117.0,-23.0,0.2616107
117.25,-23.0,0.24828842
117.5,-23.0,0.21730062
117.75,-23.0,0.20552169
118.0,-23.0,0.21089911
118.25,-23.0,0.23205021
118.5,-23.0,0.25310433
118.75,-23.0,0.27851403
119.0,-23.0,0.31174928
119.25,-23.0,0.32682672
119.5,-23.0,0.33584866
119.75,-23.0,0.34238094
120.0,-23.0,0.35764685
120.25,-23.0,0.38058963
120.5,-23.0,0.39968103
120.75,-23.0,0.40768078
121.0,-23.0,0.39630654
121.25,-23.0,0.3841512
121.5,-23.0,0.38636282
121.75,-23.0,0.37493098
122.0,-23.0,0.38000748
122.25,-23.0,0.38855577
122.5,-23.0,0.39498296
122.75,-23.0,0.40572003
123.0,-23.0,0.4053906
123.25,-23.0,0.41149774
123.5,-23.0,0.41574815
123.75,-23.0,0.4188794
124.0,-23.0,0.4172526
124.25,-23.0,0.414963
124.5,-23.0,0.39303452
124.75,-23.0,0.37803143
125.0,-23.0,0.3808574
125.25,-23.0,0.39326876
125.5,-23.0,0.41411167
125.75,-23.0,0.4309207
126.0,-23.0,0.4361646
126.25,-23.0,0.41041777
126.5,-23.0,0.3880732
126.75,-23.0,0.3913599
127.0,-23.0,0.39542598
127.25,-23.0,0.3857158
127.5,-23.0,0.36258906
127.75,-23.0,0.35882315
128.0,-23.0,0.36671984
128.25,-23.0,0.36170286
128.5,-23.0,0.35269186
128.75,-23.0,0.35268933
129.0,-23.0,0.3612826
129.25,-23.0,0.37073216
129.5,-23.0,0.39238787
129.75,-23.0,0.41650048
130.0,-23.0,0.42057276
130.25,-23.0,0.4132361
130.5,-23.0,0.4029922
130.75,-23.0,0.39906475
131.0,-23.0,0.40013638
131.25,-23.0,0.38711816
131.5,-23.0,0.3628568
131.75,-23.0,0.36401993
132.0,-23.0,0.37525725
132.25,-23.0,0.38010865
132.5,-23.0,0.37948287
132.75,-23.0,0.3848171
133.0,-23.0,0.39075541
133.25,-23.0,0.39647323
133.5,-23.0,0.35043418
133.75,-23.0,0.36891586
134.0,-23.0,0.40403885
134.25,-23.0,0.41943702
134.5,-23.0,0.38959268
134.75,-23.0,0.38179857
135.0,-23.0,0.36964658
135.25,-23.0,0.3736087
135.5,-23.0,0.36054406
135.75,-23.0,0.37254435
136.0,-23.0,0.37577638
136.25,-23.0,0.3962262
136.5,-23.0,0.4064222
136.75,-23.0,0.41612646
137.0,-23.0,0.42220515
137.25,-23.0,0.42150596
137.5,-23.0,0.42099458
137.75,-23.0,0.41588303
138.0,-23.0,0.41870752
138.25,-23.0,0.4059048
138.5,-23.0,0.37708947
138.75,-23.0,0.35556126
139.0,-23.0,0.33220413
139.25,-23.0,0.32560644
139.5,-23.0,0.3072269
139.75,-23.0,0.30310717
140.0,-23.0,0.3105091
140.25,-23.0,0.3135457
140.5,-23.0,0.32293686
140.75,-23.0,0.327247
141.0,-23.0,0.32249323
141.25,-23.0,0.3078888
141.5,-23.0,0.29383534
141.75,-23.0,0.30248058
142.0,-23.0,0.31283173
142.25,-23.0,0.33459815
142.5,-23.0,0.35843033
142.75,-23.0,0.38359147
143.0,-23.0,0.37786523
143.25,-23.0,0.33544794
143.5,-23.0,0.30290526
143.75,-23.0,0.28791666
144.0,-23.0,0.29972765
144.25,-23.0,0.30046138
144.5,-23.0,0.297413
144.75,-23.0,0.30731943
145.0,-23.0,0.3114383
145.25,-23.0,0.32033578
145.5,-23.0,0.3194164
145.75,-23.0,0.31444976
146.0,-23.0,0.2724931
146.25,-23.0,0.22680861
146.5,-23.0,0.20190947
146.75,-23.0,0.19462606
147.0,-23.0,0.2218705
147.25,-23.0,0.20542425
147.5,-23.0,0.18353385
147.75,-23.0,0.18253866
148.0,-23.0,0.19639349
148.25,-23.0,0.20869242
148.5,-23.0,0.18159173
148.75,-23.0,0.17236428
149.0,-23.0,0.17032298
149.25,-23.0,0.16973618
149.5,-23.0,0.16930695
149.75,-23.0,0.1588532
150.0,-23.0,0.14926386
150.25,-23.0,0.13236508
150.5,-23.0,0.15961577
150.75,-23.0,0.28856125
151.0,-23.0,0.41903114
113.5,-23.25,0.6136817
113.75,-23.25,0.5737445
114.0,-23.25,0.49093172
114.25,-23.25,0.440355
114.5,-23.25,0.4513301
114.75,-23.25,0.43546134
115.0,-23.25,0.4301431
115.25,-23.25,0.46386427
115.5,-23.25,0.4713789
115.75,-23.25,0.4446513
116.0,-23.25,0.41955793
116.25,-23.25,0.40266654
116.5,-23.25,0.37012774
116.75,-23.25,0.35523668
117.0,-23.25,0.33099857
117.25,-23.25,0.30176085
117.5,-23.25,0.27941328
117.75,-23.25,0.25715864
118.0,-23.25,0.25869143
118.25,-23.25,0.2791727
118.5,-23.25,0.30958584
118.75,-23.25,0.30684948
119.0,-23.25,0.3372662
119.25,-23.25,0.3592214
119.5,-23.25,0.36070475
119.75,-23.25,0.3560262
120.0,-23.25,0.3703162
120.25,-23.25,0.3990775
120.5,-23.25,0.41687927
120.75,-23.25,0.42694697
121.0,-23.25,0.42019737
121.25,-23.25,0.4003427
121.5,-23.25,0.38396028
121.75,-23.25,0.3848257
122.0,-23.25,0.3887873
122.25,-23.25,0.3921809
122.5,-23.25,0.39484528
122.75,-23.25,0.3976311
123.0,-23.25,0.39959237
123.25,-23.25,0.42104876
123.5,-23.25,0.43607444
123.75,-23.25,0.43796414
124.0,-23.25,0.43695837
124.25,-23.25,0.42892915
124.5,-23.25,0.4019214
124.75,-23.25,0.38536575
125.0,-23.25,0.38341734
125.25,-23.25,0.39750415
125.5,-23.25,0.41623318
125.75,-23.25,0.4230713
126.0,-23.25,0.4261167
126.25,-23.25,0.4032117
126.5,-23.25,0.39760953
126.75,-23.25,0.39806023
127.0,-23.25,0.40193057
127.25,-23.25,0.38565567
127.5,-23.25,0.364479
127.75,-23.25,0.37231788
128.0,-23.25,0.3783688
128.25,-23.25,0.36769727
128.5,-23.25,0.3543009
128.75,-23.25,0.35662448
129.0,-23.25,0.36594746
129.25,-23.25,0.3737273
129.5,-23.25,0.39566103
129.75,-23.25,0.41927224
130.0,-23.25,0.42621696
130.25,-23.25,0.41241518
130.5,-23.25,0.3913743
130.75,-23.25,0.3906899
131.0,-23.25,0.39253628
131.25,-23.25,0.37087908
131.5,-23.25,0.3420913
131.75,-23.25,0.32292956
132.0,-23.25,0.3369947
132.25,-23.25,0.35086298
132.5,-23.25,0.34600064
132.75,-23.25,0.35044935
133.0,-23.25,0.37131527
133.25,-23.25,0.380559
133.5,-23.25,0.38156733
133.75,-23.25,0.4334944
134.0,-23.25,0.45384544
134.25,-23.25,0.40729883
134.5,-23.25,0.3652832
134.75,-23.25,0.35516056
135.0,-23.25,0.33306038
135.25,-23.25,0.32516795
135.5,-23.25,0.33840397
135.75,-23.25,0.35286328
136.0,-23.25,0.3783487
136.25,-23.25,0.3955979
136.5,-23.25,0.4037541
136.75,-23.25,0.40463567
137.0,-23.25,0.40620533
137.25,-23.25,0.4061502
137.5,-23.25,0.40061828
137.75,-23.25,0.39930457
138.0,-23.25,0.4003513
138.25,-23.25,0.38100392
138.5,-23.25,0.371389
138.75,-23.25,0.34727457
139.0,-23.25,0.3341198
139.25,-23.25,0.3240251
139.5,-23.25,0.31334373
139.75,-23.25,0.3084799
140.0,-23.25,0.31726217
140.25,-23.25,0.33307993
140.5,-23.25,0.3406309
140.75,-23.25,0.33537441
141.0,-23.25,0.31968972
141.25,-23.25,0.30087495
141.5,-23.25,0.3000937
141.75,-23.25,0.31036666
142.0,-23.25,0.32676813
142.25,-23.25,0.34234604
142.5,-23.25,0.34405437
142.75,-23.25,0.35323244
143.0,-23.25,0.34523913
143.25,-23.25,0.32243305
143.5,-23.25,0.28922203
143.75,-23.25,0.2813382
144.0,-23.25,0.2904245
144.25,-23.25,0.2940228
144.5,-23.25,0.30432293
144.75,-23.25,0.30869856
145.0,-23.25,0.31295356
145.25,-23.25,0.31926128
145.5,-23.25,0.33626527
145.75,-23.25,0.3023447
146.0,-23.25,0.2563346
146.25,-23.25,0.22669446
146.5,-23.25,0.1984994
146.75,-23.25,0.18952103
147.0,-23.25,0.21932061
147.25,-23.25,0.19921507
147.5,-23.25,0.16997503
147.75,-23.25,0.16344804
148.0,-23.25,0.18143497
148.25,-23.25,0.20041388
148.5,-23.25,0.19700956
148.75,-23.25,0.18817653
149.0,-23.25,0.18164885
149.25,-23.25,0.17755094
149.5,-23.25,0.17564288
149.75,-23.25,0.17241684
150.0,-23.25,0.15547942
150.25,-23.25,0.14301215
150.5,-23.25,0.16008385
150.75,-23.25,0.28317147
151.0,-23.25,0.4082206
113.5,-23.5,0.61282665
113.75,-23.5,0.5628824
114.0,-23.5,0.47505662
114.25,-23.5,0.4272954
114.5,-23.5,0.4639764
114.75,-23.5,0.48375332
115.0,-23.5,0.48579276
115.25,-23.5,0.47945905
115.5,-23.5,0.47104487
115.75,-23.5,0.45059878
116.0,-23.5,0.43998858
116.25,-23.5,0.42906612
116.5,-23.5,0.4244037
116.75,-23.5,0.4113935
117.0,-23.5,0.39674163
117.25,-23.5,0.3641668
117.5,-23.5,0.33786523
117.75,-23.5,0.31851226
118.0,-23.5,0.31116554
118.25,-23.5,0.32551512
118.5,-23.5,0.36308026
118.75,-23.5,0.36022472
119.0,-23.5,0.3680756
119.25,-23.5,0.37542796
119.5,-23.5,0.38418347
119.75,-23.5,0.38672158
120.0,-23.5,0.40934095
120.25,-23.5,0.4260412
120.5,-23.5,0.43440118
120.75,-23.5,0.4328732
121.0,-23.5,0.42360127
121.25,-23.5,0.40928382
121.5,-23.5,0.39449918
121.75,-23.5,0.3972392
122.0,-23.5,0.39556548
122.25,-23.5,0.39649472
122.5,-23.5,0.40061247
122.75,-23.5,0.40155843
123.0,-23.5,0.40274474
123.25,-23.5,0.42623526
123.5,-23.5,0.43982288
123.75,-23.5,0.44405526
124.0,-23.5,0.44218898
124.25,-23.5,0.43938512
124.5,-23.5,0.41620052
124.75,-23.5,0.40377373
125.0,-23.5,0.40718758
125.25,-23.5,0.41913053
125.5,-23.5,0.42411664
125.75,-23.5,0.41283315
126.0,-23.5,0.4034811
126.25,-23.5,0.40476102
126.5,-23.5,0.4145106
126.75,-23.5,0.4349061
127.0,-23.5,0.43590036
127.25,-23.5,0.40757433
127.5,-23.5,0.37925196
127.75,-23.5,0.38941824
128.0,-23.5,0.39262542
128.25,-23.5,0.37462765
128.5,-23.5,0.361398
128.75,-23.5,0.36297232
129.0,-23.5,0.3842736
129.25,-23.5,0.39587268
129.5,-23.5,0.40574998
129.75,-23.5,0.41350815
130.0,-23.5,0.4145072
130.25,-23.5,0.40864378
130.5,-23.5,0.3937298
130.75,-23.5,0.39219522
131.0,-23.5,0.38982174
131.25,-23.5,0.36458662
131.5,-23.5,0.3323759
131.75,-23.5,0.30075163
132.0,-23.5,0.30737945
132.25,-23.5,0.32186303
132.5,-23.5,0.31627396
132.75,-23.5,0.31504413
133.0,-23.5,0.33608
133.25,-23.5,0.35720173
133.5,-23.5,0.3822811
133.75,-23.5,0.42025077
134.0,-23.5,0.39096996
134.25,-23.5,0.3385138
134.5,-23.5,0.31273416
134.75,-23.5,0.3141825
135.0,-23.5,0.30547342
135.25,-23.5,0.30344072
135.5,-23.5,0.32595655
135.75,-23.5,0.3587705
136.0,-23.5,0.38581038
136.25,-23.5,0.3972692
136.5,-23.5,0.40303004
136.75,-23.5,0.39973405
137.0,-23.5,0.40368357
137.25,-23.5,0.4029817
137.5,-23.5,0.4022805
137.75,-23.5,0.39787725
138.0,-23.5,0.3842242
138.25,-23.5,0.35182568
138.5,-23.5,0.3507927
138.75,-23.5,0.3440941
139.0,-23.5,0.33543602
139.25,-23.5,0.33365795
139.5,-23.5,0.32415923
139.75,-23.5,0.31253007
140.0,-23.5,0.3266489
140.25,-23.5,0.3400942
140.5,-23.5,0.34024218
140.75,-23.5,0.32599825
141.0,-23.5,0.31388867
141.25,-23.5,0.3088397
141.5,-23.5,0.31218788
141.75,-23.5,0.32397166
142.0,-23.5,0.33473378
142.25,-23.5,0.3333264
142.5,-23.5,0.32865122
142.75,-23.5,0.32742804
143.0,-23.5,0.31269494
143.25,-23.5,0.2960993
143.5,-23.5,0.28808144
143.75,-23.5,0.28282556
144.0,-23.5,0.2913204
144.25,-23.5,0.30186427
144.5,-23.5,0.3123859
144.75,-23.5,0.31669995
145.0,-23.5,0.3147841
145.25,-23.5,0.31079218
145.5,-23.5,0.32374248
145.75,-23.5,0.281793
146.0,-23.5,0.25505996
146.25,-23.5,0.22921132
146.5,-23.5,0.209725
146.75,-23.5,0.19750376
147.0,-23.5,0.21080591
147.25,-23.5,0.16918965
147.5,-23.5,0.1466915
147.75,-23.5,0.15186006
148.0,-23.5,0.16785689
148.25,-23.5,0.18649194
148.5,-23.5,0.1967171
148.75,-23.5,0.18608014
149.0,-23.5,0.1563185
149.25,-23.5,0.14893061
149.5,-23.5,0.15807122
149.75,-23.5,0.16310565
150.0,-23.5,0.16822304
150.25,-23.5,0.15658578
150.5,-23.5,0.15945202
150.75,-23.5,0.21777678
151.0,-23.5,0.32634422
151.25,-23.5,0.39951393
113.25,-23.75,0.6344095
113.5,-23.75,0.6049055
113.75,-23.75,0.5393814
114.0,-23.75,0.48941478
114.25,-23.75,0.4706847
114.5,-23.75,0.4852447
114.75,-23.75,0.49343318
115.0,-23.75,0.49035552
115.25,-23.75,0.48184508
115.5,-23.75,0.4602375
115.75,-23.75,0.40911946
116.0,-23.75,0.39439
116.25,-23.75,0.39970496
116.5,-23.75,0.41366506
116.75,-23.75,0.43105465
117.0,-23.75,0.4416963
117.25,-23.75,0.42486528
117.5,-23.75,0.3892043
117.75,-23.75,0.3595624
118.0,-23.75,0.34922555
118.25,-23.75,0.357763
118.5,-23.75,0.37538537
118.75,-23.75,0.3799099
119.0,-23.75,0.38330287
119.25,-23.75,0.38980392
119.5,-23.75,0.4051363
119.75,-23.75,0.42648086
120.0,-23.75,0.4404322
120.25,-23.75,0.43445626
120.5,-23.75,0.42577666
120.75,-23.75,0.41492456
121.0,-23.75,0.4054377
121.25,-23.75,0.40277576
121.5,-23.75,0.41200498
121.75,-23.75,0.41483718
122.0,-23.75,0.41265064
122.25,-23.75,0.41388556
122.5,-23.75,0.4164191
122.75,-23.75,0.4162752
123.0,-23.75,0.41790918
123.25,-23.75,0.43806043
123.5,-23.75,0.4487495
123.75,-23.75,0.45245895
124.0,-23.75,0.45597282
124.25,-23.75,0.46010152
124.5,-23.75,0.4523231
124.75,-23.75,0.44137132
125.0,-23.75,0.44324097
125.25,-23.75,0.4512447
125.5,-23.75,0.45293155
125.75,-23.75,0.441176
126.0,-23.75,0.42588052
126.25,-23.75,0.42532122
126.5,-23.75,0.44646737
126.75,-23.75,0.46550292
127.0,-23.75,0.45969775
127.25,-23.75,0.42566305
127.5,-23.75,0.40675727
127.75,-23.75,0.42325473
128.0,-23.75,0.427543
128.25,-23.75,0.42103404
128.5,-23.75,0.4146663
128.75,-23.75,0.4160678
129.0,-23.75,0.41744846
129.25,-23.75,0.41040656
129.5,-23.75,0.410772
129.75,-23.75,0.41966012
130.0,-23.75,0.42699942
130.25,-23.75,0.42306215
130.5,-23.75,0.40850472
130.75,-23.75,0.407148
131.0,-23.75,0.4047078
131.25,-23.75,0.3942866
131.5,-23.75,0.37932736
131.75,-23.75,0.3709745
132.0,-23.75,0.3803792
132.25,-23.75,0.3728095
132.5,-23.75,0.33955604
132.75,-23.75,0.3237483
133.0,-23.75,0.32680705
133.25,-23.75,0.33229983
133.5,-23.75,0.31977883
133.75,-23.75,0.31960756
134.0,-23.75,0.30794606
134.25,-23.75,0.28663927
134.5,-23.75,0.27210447
134.75,-23.75,0.2783763
135.0,-23.75,0.30040827
135.25,-23.75,0.31974837
135.5,-23.75,0.34108835
135.75,-23.75,0.36700448
136.0,-23.75,0.38733128
136.25,-23.75,0.3937606
136.5,-23.75,0.3992112
136.75,-23.75,0.4039884
137.0,-23.75,0.40870965
137.25,-23.75,0.40970868
137.5,-23.75,0.40760088
137.75,-23.75,0.40423113
138.0,-23.75,0.39789495
138.25,-23.75,0.37671432
138.5,-23.75,0.3655854
138.75,-23.75,0.3494952
139.0,-23.75,0.33758652
139.25,-23.75,0.3362131
139.5,-23.75,0.32590944
139.75,-23.75,0.31257114
140.0,-23.75,0.32825255
140.25,-23.75,0.3418132
140.5,-23.75,0.33862635
140.75,-23.75,0.32475108
141.0,-23.75,0.32303455
141.25,-23.75,0.33152136
141.5,-23.75,0.33589116
141.75,-23.75,0.33696985
142.0,-23.75,0.33379832
142.25,-23.75,0.32775128
142.5,-23.75,0.32833353
142.75,-23.75,0.32115322
143.0,-23.75,0.30256963
143.25,-23.75,0.28875798
143.5,-23.75,0.2855668
143.75,-23.75,0.29297057
144.0,-23.75,0.30513674
144.25,-23.75,0.31661364
144.5,-23.75,0.31844062
144.75,-23.75,0.31495336
145.0,-23.75,0.30514663
145.25,-23.75,0.2897593
145.5,-23.75,0.285742
145.75,-23.75,0.27438316
146.0,-23.75,0.26009926
146.25,-23.75,0.23641218
146.5,-23.75,0.21179083
146.75,-23.75,0.19817767
147.0,-23.75,0.2025284
147.25,-23.75,0.16132803
147.5,-23.75,0.14979495
147.75,-23.75,0.1622596
148.0,-23.75,0.17852078
148.25,-23.75,0.1826798
148.5,-23.75,0.18624744
148.75,-23.75,0.17472793
149.0,-23.75,0.12691078
149.25,-23.75,0.10980734
149.5,-23.75,0.123833664
149.75,-23.75,0.15127333
150.0,-23.75,0.17970698
150.25,-23.75,0.17144243
150.5,-23.75,0.14001633
150.75,-23.75,0.13502379
151.0,-23.75,0.16183452
151.25,-23.75,0.2239598
151.5,-23.75,0.35056376
151.75,-23.75,0.42697495
113.25,-24.0,0.63790774
113.5,-24.0,0.5990154
113.75,-24.0,0.519201
114.0,-24.0,0.48734376
114.25,-24.0,0.48055413
114.5,-24.0,0.48731968
114.75,-24.0,0.48944813
115.0,-24.0,0.48236987
115.25,-24.0,0.4697428
115.5,-24.0,0.44231772
115.75,-24.0,0.38289288
116.0,-24.0,0.36325535
116.25,-24.0,0.36461943
116.5,-24.0,0.37992615
116.75,-24.0,0.40958235
117.0,-24.0,0.43619543
117.25,-24.0,0.4452921
117.5,-24.0,0.42193544
117.75,-24.0,0.3875903
118.0,-24.0,0.3660823
118.25,-24.0,0.364937
118.5,-24.0,0.37173736
118.75,-24.0,0.3825874
119.0,-24.0,0.39202914
119.25,-24.0,0.40757725
119.5,-24.0,0.42304668
119.75,-24.0,0.4326184
120.0,-24.0,0.4314624
120.25,-24.0,0.42266738
120.5,-24.0,0.420155
120.75,-24.0,0.41439113
121.0,-24.0,0.4130975
121.25,-24.0,0.4159424
121.5,-24.0,0.43160164
121.75,-24.0,0.43205556
122.0,-24.0,0.42648888
122.25,-24.0,0.42512915
122.5,-24.0,0.42490116
122.75,-24.0,0.42120725
123.0,-24.0,0.4192303
123.25,-24.0,0.434578
123.5,-24.0,0.4453052
123.75,-24.0,0.4490721
124.0,-24.0,0.45249996
124.25,-24.0,0.4563409
124.5,-24.0,0.4548085
124.75,-24.0,0.45253465
125.0,-24.0,0.4556571
125.25,-24.0,0.46177158
125.5,-24.0,0.4627513
125.75,-24.0,0.45825547
126.0,-24.0,0.44107854
126.25,-24.0,0.43152615
126.5,-24.0,0.44550237
126.75,-24.0,0.45603174
127.0,-24.0,0.45007572
127.25,-24.0,0.42944825
127.5,-24.0,0.4279628
127.75,-24.0,0.4354357
128.0,-24.0,0.44249502
128.25,-24.0,0.44587234
128.5,-24.0,0.43868282
128.75,-24.0,0.4218478
129.0,-24.0,0.4074006
129.25,-24.0,0.405297
129.5,-24.0,0.40468162
129.75,-24.0,0.40453333
130.0,-24.0,0.411005
130.25,-24.0,0.42157105
130.5,-24.0,0.4298664
130.75,-24.0,0.43239743
131.0,-24.0,0.42987695
131.25,-24.0,0.42468405
131.5,-24.0,0.41804665
131.75,-24.0,0.41705158
132.0,-24.0,0.40940052
132.25,-24.0,0.37978697
132.5,-24.0,0.3314663
132.75,-24.0,0.3111183
133.0,-24.0,0.32210535
133.25,-24.0,0.34306565
133.5,-24.0,0.32509047
133.75,-24.0,0.31148484
134.0,-24.0,0.31995755
134.25,-24.0,0.31332195
134.5,-24.0,0.29262584
134.75,-24.0,0.27969176
135.0,-24.0,0.30985668
135.25,-24.0,0.33454427
135.5,-24.0,0.3431672
135.75,-24.0,0.36251882
136.0,-24.0,0.38473472
136.25,-24.0,0.3953809
136.5,-24.0,0.39928645
136.75,-24.0,0.4059242
137.0,-24.0,0.40900066
137.25,-24.0,0.4127385
137.5,-24.0,0.4119178
137.75,-24.0,0.40918946
138.0,-24.0,0.404265
138.25,-24.0,0.3938478
138.5,-24.0,0.37348467
138.75,-24.0,0.349276
139.0,-24.0,0.33233836
139.25,-24.0,0.32774028
139.5,-24.0,0.3189763
139.75,-24.0,0.31732994
140.0,-24.0,0.33077657
140.25,-24.0,0.34109542
140.5,-24.0,0.33632356
140.75,-24.0,0.3256092
141.0,-24.0,0.32684132
141.25,-24.0,0.34164396
141.5,-24.0,0.3528065
141.75,-24.0,0.35010508
142.0,-24.0,0.3375219
142.25,-24.0,0.32385916
142.5,-24.0,0.32262403
142.75,-24.0,0.32066712
143.0,-24.0,0.30203584
143.25,-24.0,0.28766614
143.5,-24.0,0.28558874
143.75,-24.0,0.3032958
144.0,-24.0,0.31566498
144.25,-24.0,0.31616136
144.5,-24.0,0.30617124
144.75,-24.0,0.3051034
145.0,-24.0,0.31667125
145.25,-24.0,0.31910828
145.5,-24.0,0.2977139
145.75,-24.0,0.28804556
146.0,-24.0,0.27225405
146.25,-24.0,0.23910533
146.5,-24.0,0.20735162
146.75,-24.0,0.19438988
147.0,-24.0,0.19572052
147.25,-24.0,0.16689892
147.5,-24.0,0.15283884
147.75,-24.0,0.15922214
148.0,-24.0,0.16950826
148.25,-24.0,0.16666473
148.5,-24.0,0.15950185
148.75,-24.0,0.17488343
149.0,-24.0,0.14619187
149.25,-24.0,0.12447769
149.5,-24.0,0.1289802
149.75,-24.0,0.14844131
150.0,-24.0,0.17163515
150.25,-24.0,0.17236552
150.5,-24.0,0.15129764
150.75,-24.0,0.11961448
151.0,-24.0,0.104404
151.25,-24.0,0.12588416
151.5,-24.0,0.20037474
151.75,-24.0,0.33478162
152.0,-24.0,0.40731788
113.25,-24.25,0.6413237
113.5,-24.25,0.60668945
113.75,-24.25,0.53586894
114.0,-24.25,0.48904407
114.25,-24.25,0.44603887
114.5,-24.25,0.4625149
114.75,-24.25,0.4901349
115.0,-24.25,0.4922198
115.25,-24.25,0.46756765
115.5,-24.25,0.43372664
115.75,-24.25,0.38689786
116.0,-24.25,0.37866294
116.25,-24.25,0.37092397
116.5,-24.25,0.36599305
116.75,-24.25,0.3843393
117.0,-24.25,0.40961587
117.25,-24.25,0.4334491
117.5,-24.25,0.42341474
117.75,-24.25,0.41449133
118.0,-24.25,0.39913282
118.25,-24.25,0.40013254
118.5,-24.25,0.39972755
118.75,-24.25,0.4097219
119.0,-24.25,0.4261036
119.25,-24.25,0.43716356
119.5,-24.25,0.4400234
119.75,-24.25,0.43701467
120.0,-24.25,0.42857182
120.25,-24.25,0.42085052
120.5,-24.25,0.41655818
120.75,-24.25,0.41705507
121.0,-24.25,0.4137813
121.25,-24.25,0.41116467
121.5,-24.25,0.42138487
121.75,-24.25,0.42493662
122.0,-24.25,0.4226372
122.25,-24.25,0.41976053
122.5,-24.25,0.4208283
122.75,-24.25,0.41600874
123.0,-24.25,0.4208125
123.25,-24.25,0.44495934
123.5,-24.25,0.4530491
123.75,-24.25,0.45346925
124.0,-24.25,0.4526229
124.25,-24.25,0.45471016
124.5,-24.25,0.4551407
124.75,-24.25,0.45721903
125.0,-24.25,0.46663055
125.25,-24.25,0.4691968
125.5,-24.25,0.4661262
125.75,-24.25,0.45547697
126.0,-24.25,0.44122276
126.25,-24.25,0.44705474
126.5,-24.25,0.45793378
126.75,-24.25,0.45629278
127.0,-24.25,0.44289085
127.25,-24.25,0.43353713
127.5,-24.25,0.44020084
127.75,-24.25,0.44334823
128.0,-24.25,0.44719717
128.25,-24.25,0.44248527
128.5,-24.25,0.42681727
128.75,-24.25,0.40532216
129.0,-24.25,0.412368
129.25,-24.25,0.42210546
129.5,-24.25,0.41450652
129.75,-24.25,0.40490785
130.0,-24.25,0.40500396
130.25,-24.25,0.42763782
130.5,-24.25,0.44143206
130.75,-24.25,0.43967038
131.0,-24.25,0.435796
131.25,-24.25,0.4290501
131.5,-24.25,0.42251763
131.75,-24.25,0.42047203
132.0,-24.25,0.39999345
132.25,-24.25,0.38178796
132.5,-24.25,0.34831393
132.75,-24.25,0.32785854
133.0,-24.25,0.32972625
133.25,-24.25,0.33144066
133.5,-24.25,0.32163557
133.75,-24.25,0.31579983
134.0,-24.25,0.3339866
134.25,-24.25,0.33429557
134.5,-24.25,0.32148522
134.75,-24.25,0.30446836
135.0,-24.25,0.31272742
135.25,-24.25,0.32752153
135.5,-24.25,0.33427072
135.75,-24.25,0.35954115
136.0,-24.25,0.38557085
136.25,-24.25,0.4034331
136.5,-24.25,0.4053228
136.75,-24.25,0.409747
137.0,-24.25,0.41238156
137.25,-24.25,0.41355923
137.5,-24.25,0.41635922
137.75,-24.25,0.41302982
138.0,-24.25,0.40636694
138.25,-24.25,0.39012972
138.5,-24.25,0.3622632
138.75,-24.25,0.34141353
139.0,-24.25,0.32692155
139.25,-24.25,0.32379287
139.5,-24.25,0.31564564
139.75,-24.25,0.32220596
140.0,-24.25,0.33783147
140.25,-24.25,0.3415598
140.5,-24.25,0.33219525
140.75,-24.25,0.3196747
141.0,-24.25,0.33064896
141.25,-24.25,0.34727612
141.5,-24.25,0.35130835
141.75,-24.25,0.34231368
142.0,-24.25,0.32699874
142.25,-24.25,0.3184453
142.5,-24.25,0.31936476
142.75,-24.25,0.3162338
143.0,-24.25,0.31196854
143.25,-24.25,0.30107772
143.5,-24.25,0.30349803
143.75,-24.25,0.30890313
144.0,-24.25,0.3104982
144.25,-24.25,0.31941947
144.5,-24.25,0.30992422
144.75,-24.25,0.311848
145.0,-24.25,0.3202986
145.25,-24.25,0.3385971
145.5,-24.25,0.32148206
145.75,-24.25,0.29660133
146.0,-24.25,0.28004685
146.25,-24.25,0.24589704
146.5,-24.25,0.21307369
146.75,-24.25,0.18993652
147.0,-24.25,0.16517574
147.25,-24.25,0.14949839
147.5,-24.25,0.13554029
147.75,-24.25,0.13494752
148.0,-24.25,0.1396433
148.25,-24.25,0.13951741
148.5,-24.25,0.13772202
148.75,-24.25,0.15090187
149.0,-24.25,0.15339217
149.25,-24.25,0.1334181
149.5,-24.25,0.1331687
149.75,-24.25,0.14953385
150.0,-24.25,0.17461574
150.25,-24.25,0.16755006
150.5,-24.25,0.15187739
150.75,-24.25,0.122580595
151.0,-24.25,0.09849429
151.25,-24.25,0.09639274
151.5,-24.25,0.11952025
151.75,-24.25,0.19436814
152.0,-24.25,0.32403296
152.25,-24.25,0.39122596
113.25,-24.5,0.64457965
113.5,-24.5,0.60923094
113.75,-24.5,0.549834
114.0,-24.5,0.5097175
114.25,-24.5,0.47218826
114.5,-24.5,0.4578506
114.75,-24.5,0.47521314
115.0,-24.5,0.46078572
115.25,-24.5,0.43698424
115.5,-24.5,0.4187852
115.75,-24.5,0.39471948
116.0,-24.5,0.3851788
116.25,-24.5,0.37471202
116.5,-24.5,0.3687414
116.75,-24.5,0.39517418
117.0,-24.5,0.4234871
117.25,-24.5,0.43118933
117.5,-24.5,0.41725016
117.75,-24.5,0.40550727
118.0,-24.5,0.4147411
118.25,-24.5,0.42469096
118.5,-24.5,0.43408796
118.75,-24.5,0.44710353
119.0,-24.5,0.4541632
119.25,-24.5,0.44808182
119.5,-24.5,0.4424585
119.75,-24.5,0.43348795
120.0,-24.5,0.42472905
120.25,-24.5,0.4132901
120.5,-24.5,0.4158852
120.75,-24.5,0.41373023
121.0,-24.5,0.41211534
121.25,-24.5,0.40485284
121.5,-24.5,0.4089267
121.75,-24.5,0.42441294
122.0,-24.5,0.4246642
122.25,-24.5,0.42439264
122.5,-24.5,0.41994742
122.75,-24.5,0.41376773
123.0,-24.5,0.42277452
123.25,-24.5,0.4491854
123.5,-24.5,0.45901498
123.75,-24.5,0.4568876
124.0,-24.5,0.45912623
124.25,-24.5,0.46194288
124.5,-24.5,0.46398675
124.75,-24.5,0.46812993
125.0,-24.5,0.47537115
125.25,-24.5,0.47580037
125.5,-24.5,0.46800998
125.75,-24.5,0.45894533
126.0,-24.5,0.45047608
126.25,-24.5,0.4558942
126.5,-24.5,0.46627986
126.75,-24.5,0.45911676
127.0,-24.5,0.43450248
127.25,-24.5,0.4169421
127.5,-24.5,0.42909953
127.75,-24.5,0.43592364
128.0,-24.5,0.43448156
128.25,-24.5,0.4254777
128.5,-24.5,0.4032654
128.75,-24.5,0.40552852
129.0,-24.5,0.42925316
129.25,-24.5,0.43241316
129.5,-24.5,0.42567095
129.75,-24.5,0.4130379
130.0,-24.5,0.41642758
130.25,-24.5,0.42628893
130.5,-24.5,0.43200162
130.75,-24.5,0.43152118
131.0,-24.5,0.4293388
131.25,-24.5,0.44035083
131.5,-24.5,0.440187
131.75,-24.5,0.45029023
132.0,-24.5,0.43199205
132.25,-24.5,0.40548915
132.5,-24.5,0.3812027
132.75,-24.5,0.35944664
133.0,-24.5,0.33748445
133.25,-24.5,0.326753
133.5,-24.5,0.32495913
133.75,-24.5,0.3260083
134.0,-24.5,0.33245558
134.25,-24.5,0.34685886
134.5,-24.5,0.3383208
134.75,-24.5,0.33921394
135.0,-24.5,0.34372202
135.25,-24.5,0.34765366
135.5,-24.5,0.34426013
135.75,-24.5,0.36459038
136.0,-24.5,0.3883616
136.25,-24.5,0.40022033
136.5,-24.5,0.40772966
136.75,-24.5,0.41425738
137.0,-24.5,0.41309544
137.25,-24.5,0.41529995
137.5,-24.5,0.4146109
137.75,-24.5,0.4153334
138.0,-24.5,0.41089553
138.25,-24.5,0.39073083
138.5,-24.5,0.35703507
138.75,-24.5,0.33397996
139.0,-24.5,0.3319435
139.25,-24.5,0.32875377
139.5,-24.5,0.32465535
139.75,-24.5,0.3332012
140.0,-24.5,0.34200907
140.25,-24.5,0.3391079
140.5,-24.5,0.32523862
140.75,-24.5,0.32140705
141.0,-24.5,0.3376128
141.25,-24.5,0.34612736
141.5,-24.5,0.33534297
141.75,-24.5,0.32618883
142.0,-24.5,0.32953396
142.25,-24.5,0.32562554
142.5,-24.5,0.32432365
142.75,-24.5,0.3116031
143.0,-24.5,0.3080881
143.25,-24.5,0.3270987
143.5,-24.5,0.3306757
143.75,-24.5,0.33255106
144.0,-24.5,0.32749858
144.25,-24.5,0.3294664
144.5,-24.5,0.33129308
144.75,-24.5,0.3269606
145.0,-24.5,0.33144316
145.25,-24.5,0.3372063
145.5,-24.5,0.3263979
145.75,-24.5,0.28796512
146.0,-24.5,0.26735237
146.25,-24.5,0.25306
146.5,-24.5,0.21690357
146.75,-24.5,0.1766753
147.0,-24.5,0.14615309
147.25,-24.5,0.13756672
147.5,-24.5,0.13973786
147.75,-24.5,0.13036828
148.0,-24.5,0.104860686
148.25,-24.5,0.09423943
148.5,-24.5,0.11433105
148.75,-24.5,0.13368192
149.0,-24.5,0.1348757
149.25,-24.5,0.1373317
149.5,-24.5,0.13618794
149.75,-24.5,0.15575585
150.0,-24.5,0.17737901
150.25,-24.5,0.16755189
150.5,-24.5,0.16948432
150.75,-24.5,0.138461
151.0,-24.5,0.11339389
151.25,-24.5,0.10163488
151.5,-24.5,0.103849895
151.75,-24.5,0.12117642
152.0,-24.5,0.2090616
152.25,-24.5,0.3245473
113.25,-24.75,0.64899457
113.5,-24.75,0.62434167
113.75,-24.75,0.5689724
114.0,-24.75,0.5256378
114.25,-24.75,0.5024138
114.5,-24.75,0.48066643
114.75,-24.75,0.4490069
115.0,-24.75,0.431287
115.25,-24.75,0.4234411
115.5,-24.75,0.41552925
115.75,-24.75,0.40536654
116.0,-24.75,0.40221095
116.25,-24.75,0.39140266
116.5,-24.75,0.39248344
116.75,-24.75,0.4177454
117.0,-24.75,0.43912804
117.25,-24.75,0.43017882
117.5,-24.75,0.41477805
117.75,-24.75,0.40501243
118.0,-24.75,0.40895858
118.25,-24.75,0.42417514
118.5,-24.75,0.43858093
118.75,-24.75,0.45031074
119.0,-24.75,0.4456784
119.25,-24.75,0.4361498
119.5,-24.75,0.43254593
119.75,-24.75,0.42607036
120.0,-24.75,0.42605
120.25,-24.75,0.4158819
120.5,-24.75,0.4148072
120.75,-24.75,0.41082418
121.0,-24.75,0.40458706
121.25,-24.75,0.40387616
121.5,-24.75,0.4163667
121.75,-24.75,0.43305174
122.0,-24.75,0.4362793
122.25,-24.75,0.43263957
122.5,-24.75,0.42550573
122.75,-24.75,0.41641086
123.0,-24.75,0.42791092
123.25,-24.75,0.45078638
123.5,-24.75,0.4578076
123.75,-24.75,0.46110418
124.0,-24.75,0.46002844
124.25,-24.75,0.46501476
124.5,-24.75,0.46589586
124.75,-24.75,0.4720593
125.0,-24.75,0.4816479
125.25,-24.75,0.4778583
125.5,-24.75,0.4655714
125.75,-24.75,0.45571792
126.0,-24.75,0.46204934
126.25,-24.75,0.4684391
126.5,-24.75,0.47110018
126.75,-24.75,0.4391516
127.0,-24.75,0.40841657
127.25,-24.75,0.3979564
127.5,-24.75,0.41567636
127.75,-24.75,0.42497656
128.0,-24.75,0.43576434
128.25,-24.75,0.41982034
128.5,-24.75,0.4115557
128.75,-24.75,0.4085582
129.0,-24.75,0.43598995
129.25,-24.75,0.43487057
129.5,-24.75,0.4278582
129.75,-24.75,0.43449852
130.0,-24.75,0.43280756
130.25,-24.75,0.42811215
130.5,-24.75,0.4267834
130.75,-24.75,0.42382863
131.0,-24.75,0.4325071
131.25,-24.75,0.4389102
131.5,-24.75,0.4557779
131.75,-24.75,0.46421874
132.0,-24.75,0.45986742
132.25,-24.75,0.44035602
132.5,-24.75,0.41666847
132.75,-24.75,0.39671963
133.0,-24.75,0.37292948
133.25,-24.75,0.35284454
133.5,-24.75,0.35210928
133.75,-24.75,0.34896192
134.0,-24.75,0.33531702
134.25,-24.75,0.34733954
134.5,-24.75,0.36805993
134.75,-24.75,0.3696079
135.0,-24.75,0.36327603
135.25,-24.75,0.36068395
135.5,-24.75,0.3586134
135.75,-24.75,0.3681405
136.0,-24.75,0.3852853
136.25,-24.75,0.38645646
136.5,-24.75,0.40431303
136.75,-24.75,0.41295573
137.0,-24.75,0.4129667
137.25,-24.75,0.41061622
137.5,-24.75,0.4147213
137.75,-24.75,0.41262266
138.0,-24.75,0.40874547
138.25,-24.75,0.3857547
138.5,-24.75,0.35208088
138.75,-24.75,0.3426475
139.0,-24.75,0.33712938
139.25,-24.75,0.33938766
139.5,-24.75,0.333983
139.75,-24.75,0.33546898
140.0,-24.75,0.33477926
140.25,-24.75,0.32779685
140.5,-24.75,0.3260685
140.75,-24.75,0.32282743
141.0,-24.75,0.33893162
141.25,-24.75,0.3339682
141.5,-24.75,0.3247294
141.75,-24.75,0.33776036
142.0,-24.75,0.33816975
142.25,-24.75,0.32600522
142.5,-24.75,0.3166898
142.75,-24.75,0.3028328
143.0,-24.75,0.29996458
143.25,-24.75,0.31276163
143.5,-24.75,0.3325683
143.75,-24.75,0.33439314
144.0,-24.75,0.3353559
144.25,-24.75,0.3203177
144.5,-24.75,0.3100694
144.75,-24.75,0.3103845
145.0,-24.75,0.310623
145.25,-24.75,0.33394423
145.5,-24.75,0.32405093
145.75,-24.75,0.2883689
146.0,-24.75,0.2850078
146.25,-24.75,0.26218662
146.5,-24.75,0.23538588
146.75,-24.75,0.19071238
147.0,-24.75,0.16307485
147.25,-24.75,0.1553812
147.5,-24.75,0.1568196
147.75,-24.75,0.13888648
148.0,-24.75,0.10972523
148.25,-24.75,0.07599269
148.5,-24.75,0.09571266
148.75,-24.75,0.11870388
149.0,-24.75,0.13253742
149.25,-24.75,0.13133158
149.5,-24.75,0.14205861
149.75,-24.75,0.15566921
150.0,-24.75,0.1704549
150.25,-24.75,0.17651153
150.5,-24.75,0.17621791
150.75,-24.75,0.162263
151.0,-24.75,0.13272758
151.25,-24.75,0.11928042
151.5,-24.75,0.11295415
151.75,-24.75,0.11434514
152.0,-24.75,0.1275516
152.25,-24.75,0.21638641
152.5,-24.75,0.33384973
113.5,-25.0,0.63721377
113.75,-25.0,0.593323
114.0,-25.0,0.53809464
114.25,-25.0,0.5121085
114.5,-25.0,0.4864428
114.75,-25.0,0.45221803
115.0,-25.0,0.44288173
115.25,-25.0,0.4360028
115.5,-25.0,0.42977938
115.75,-25.0,0.42236382
116.0,-25.0,0.4200981
116.25,-25.0,0.4209553
116.5,-25.0,0.42121413
116.75,-25.0,0.4284729
117.0,-25.0,0.44019428
117.25,-25.0,0.42999098
117.5,-25.0,0.4286305
117.75,-25.0,0.4161135
118.0,-25.0,0.41238496
118.25,-25.0,0.420156
118.5,-25.0,0.4325605
118.75,-25.0,0.43859392
119.0,-25.0,0.43051803
119.25,-25.0,0.4346884
119.5,-25.0,0.42767355
119.75,-25.0,0.43674204
120.0,-25.0,0.43702036
120.25,-25.0,0.4273267
120.5,-25.0,0.42051348
120.75,-25.0,0.41131592
121.0,-25.0,0.38917783
121.25,-25.0,0.38733783
121.5,-25.0,0.42857224
121.75,-25.0,0.44622478
122.0,-25.0,0.44494754
122.25,-25.0,0.440067
122.5,-25.0,0.42908353
122.75,-25.0,0.42521748
123.0,-25.0,0.4333248
123.25,-25.0,0.45247996
123.5,-25.0,0.46279806
123.75,-25.0,0.46100923
124.0,-25.0,0.4632134
124.25,-25.0,0.4654699
124.5,-25.0,0.46590304
124.75,-25.0,0.4725768
125.0,-25.0,0.47815388
125.25,-25.0,0.46909118
125.5,-25.0,0.45271757
125.75,-25.0,0.45516658
126.0,-25.0,0.46697688
126.25,-25.0,0.47364393
126.5,-25.0,0.4546905
126.75,-25.0,0.4183477
127.0,-25.0,0.38213807
127.25,-25.0,0.37397906
127.5,-25.0,0.40309817
127.75,-25.0,0.42599997
128.0,-25.0,0.4338002
128.25,-25.0,0.44247967
128.5,-25.0,0.42649078
128.75,-25.0,0.4393164
129.0,-25.0,0.45492816
129.25,-25.0,0.44513792
129.5,-25.0,0.44393346
129.75,-25.0,0.44449484
130.0,-25.0,0.43672052
130.25,-25.0,0.42556015
130.5,-25.0,0.42788386
130.75,-25.0,0.42617816
131.0,-25.0,0.42917383
131.25,-25.0,0.4427492
131.5,-25.0,0.45345968
131.75,-25.0,0.45729327
132.0,-25.0,0.45436463
132.25,-25.0,0.44052842
132.5,-25.0,0.43760762
132.75,-25.0,0.4158754
133.0,-25.0,0.40367538
133.25,-25.0,0.38350075
133.5,-25.0,0.38128287
133.75,-25.0,0.36113718
134.0,-25.0,0.34283593
134.25,-25.0,0.35573444
134.5,-25.0,0.3733204
134.75,-25.0,0.37187284
135.0,-25.0,0.34781367
135.25,-25.0,0.34240866
135.5,-25.0,0.36297494
135.75,-25.0,0.36738363
136.0,-25.0,0.3741195
136.25,-25.0,0.36981866
136.5,-25.0,0.3983848
136.75,-25.0,0.40835893
137.0,-25.0,0.4045223
137.25,-25.0,0.40737185
137.5,-25.0,0.40664142
137.75,-25.0,0.40737966
138.0,-25.0,0.40074587
138.25,-25.0,0.37270784
138.5,-25.0,0.35422078
138.75,-25.0,0.34049347
139.0,-25.0,0.35135418
139.25,-25.0,0.35041946
139.5,-25.0,0.34501317
139.75,-25.0,0.339644
140.0,-25.0,0.33337542
140.25,-25.0,0.32693985
140.5,-25.0,0.32016194
140.75,-25.0,0.32169646
141.0,-25.0,0.33055308
141.25,-25.0,0.32044902
141.5,-25.0,0.33162647
141.75,-25.0,0.33972463
142.0,-25.0,0.33248055
142.25,-25.0,0.3120348
142.5,-25.0,0.29771903
142.75,-25.0,0.29646564
143.0,-25.0,0.29074302
143.25,-25.0,0.30237943
143.5,-25.0,0.31629112
143.75,-25.0,0.32566872
144.0,-25.0,0.3229549
144.25,-25.0,0.29845095
144.5,-25.0,0.2710133
144.75,-25.0,0.2660493
145.0,-25.0,0.2942657
145.25,-25.0,0.31852812
145.5,-25.0,0.30628255
145.75,-25.0,0.29064435
146.0,-25.0,0.2869568
146.25,-25.0,0.2817398
146.5,-25.0,0.24665068
146.75,-25.0,0.2201911
147.0,-25.0,0.1943253
147.25,-25.0,0.18140124
147.5,-25.0,0.17760663
147.75,-25.0,0.15825804
148.0,-25.0,0.1269095
148.25,-25.0,0.08618496
148.5,-25.0,0.090444215
148.75,-25.0,0.118158
149.0,-25.0,0.13039675
149.25,-25.0,0.14106813
149.5,-25.0,0.14894149
149.75,-25.0,0.15516625
150.0,-25.0,0.16305965
150.25,-25.0,0.17518216
150.5,-25.0,0.18161441
150.75,-25.0,0.16424856
151.0,-25.0,0.14858653
151.25,-25.0,0.13480143
151.5,-25.0,0.13040975
151.75,-25.0,0.11923127
152.0,-25.0,0.11886743
152.25,-25.0,0.1424882
152.5,-25.0,0.23919861
152.75,-25.0,0.3655888
113.5,-25.25,0.6578424
113.75,-25.25,0.6220965
114.0,-25.25,0.5576918
114.25,-25.25,0.50957155
114.5,-25.25,0.48602316
114.75,-25.25,0.47403672
115.0,-25.25,0.46431798
115.25,-25.25,0.46748668
115.5,-25.25,0.45546097
115.75,-25.25,0.43448856
116.0,-25.25,0.4272881
116.25,-25.25,0.4288447
116.5,-25.25,0.43259883
116.75,-25.25,0.43125442
117.0,-25.25,0.44334784
117.25,-25.25,0.4453758
117.5,-25.25,0.44570652
117.75,-25.25,0.44408968
118.0,-25.25,0.43734884
118.25,-25.25,0.4369769
118.5,-25.25,0.44285923
118.75,-25.25,0.44066083
119.0,-25.25,0.43533447
119.25,-25.25,0.43745738
119.5,-25.25,0.43913254
119.75,-25.25,0.4475799
120.0,-25.25,0.43953916
120.25,-25.25,0.43574187
120.5,-25.25,0.42330414
120.75,-25.25,0.41426715
121.0,-25.25,0.38524994
121.25,-25.25,0.39032635
121.5,-25.25,0.43581945
121.75,-25.25,0.44834656
122.0,-25.25,0.44315338
122.25,-25.25,0.43539405
122.5,-25.25,0.43776736
122.75,-25.25,0.43171033
123.0,-25.25,0.437349
123.25,-25.25,0.45910272
123.5,-25.25,0.46697646
123.75,-25.25,0.46890998
124.0,-25.25,0.46580404
124.25,-25.25,0.46723154
124.5,-25.25,0.46504968
124.75,-25.25,0.46812144
125.0,-25.25,0.47134674
125.25,-25.25,0.45871115
125.5,-25.25,0.44620553
125.75,-25.25,0.44654298
126.0,-25.25,0.47259083
126.25,-25.25,0.47637922
126.5,-25.25,0.44620368
126.75,-25.25,0.3888901
127.0,-25.25,0.3486418
127.25,-25.25,0.35962927
127.5,-25.25,0.3816348
127.75,-25.25,0.4092158
128.0,-25.25,0.43017098
128.25,-25.25,0.43160477
128.5,-25.25,0.445836
128.75,-25.25,0.461497
129.0,-25.25,0.47558042
129.25,-25.25,0.46317893
129.5,-25.25,0.4552483
129.75,-25.25,0.44953966
130.0,-25.25,0.43369862
130.25,-25.25,0.42524654
130.5,-25.25,0.42970002
130.75,-25.25,0.42585278
131.0,-25.25,0.43134704
131.25,-25.25,0.4388485
131.5,-25.25,0.44539684
131.75,-25.25,0.4434217
132.0,-25.25,0.4279731
132.25,-25.25,0.40263695
132.5,-25.25,0.4055937
132.75,-25.25,0.42625633
133.0,-25.25,0.41326553
133.25,-25.25,0.40639633
133.5,-25.25,0.40173942
133.75,-25.25,0.36828282
134.0,-25.25,0.34054363
134.25,-25.25,0.35079768
134.5,-25.25,0.36282876
134.75,-25.25,0.3581398
135.0,-25.25,0.32079002
135.25,-25.25,0.31563357
135.5,-25.25,0.33797866
135.75,-25.25,0.35473132
136.0,-25.25,0.35608003
136.25,-25.25,0.36988932
136.5,-25.25,0.3947826
136.75,-25.25,0.3980523
137.0,-25.25,0.39340693
137.25,-25.25,0.3919028
137.5,-25.25,0.39597383
137.75,-25.25,0.39441836
138.0,-25.25,0.3875566
138.25,-25.25,0.35725302
138.5,-25.25,0.34036225
138.75,-25.25,0.34731963
139.0,-25.25,0.3549449
139.25,-25.25,0.3572994
139.5,-25.25,0.35195807
139.75,-25.25,0.3443424
140.0,-25.25,0.3385272
140.25,-25.25,0.32701164
140.5,-25.25,0.32473075
140.75,-25.25,0.3217509
141.0,-25.25,0.3246695
141.25,-25.25,0.31818482
141.5,-25.25,0.33042255
141.75,-25.25,0.330646
142.0,-25.25,0.31925726
142.25,-25.25,0.29654944
142.5,-25.25,0.286035
142.75,-25.25,0.2920503
143.0,-25.25,0.3014657
143.25,-25.25,0.3087495
143.5,-25.25,0.3351847
143.75,-25.25,0.34000129
144.0,-25.25,0.3232269
144.25,-25.25,0.28990024
144.5,-25.25,0.25890753
144.75,-25.25,0.24895896
145.0,-25.25,0.26933825
145.25,-25.25,0.30171314
145.5,-25.25,0.28141707
145.75,-25.25,0.27160633
146.0,-25.25,0.28879794
146.25,-25.25,0.27497804
146.5,-25.25,0.25534287
146.75,-25.25,0.22757646
147.0,-25.25,0.20624875
147.25,-25.25,0.19336274
147.5,-25.25,0.18795997
147.75,-25.25,0.1715371
148.0,-25.25,0.13778046
148.25,-25.25,0.12120769
148.5,-25.25,0.11077767
148.75,-25.25,0.13214923
149.0,-25.25,0.14174691
149.25,-25.25,0.15178113
149.5,-25.25,0.15512659
149.75,-25.25,0.15757604
150.0,-25.25,0.1660612
150.25,-25.25,0.17575085
150.5,-25.25,0.17978112
150.75,-25.25,0.15986893
151.0,-25.25,0.14109994
151.25,-25.25,0.14153911
151.5,-25.25,0.13875675
151.75,-25.25,0.120072246
152.0,-25.25,0.12224615
152.25,-25.25,0.13862364
152.5,-25.25,0.15726697
152.75,-25.25,0.25796616
153.0,-25.25,0.33579752
113.75,-25.5,0.63967746
114.0,-25.5,0.58350706
114.25,-25.5,0.52253556
114.5,-25.5,0.48873755
114.75,-25.5,0.47969884
115.0,-25.5,0.48435664
115.25,-25.5,0.4925026
115.5,-25.5,0.47858092
115.75,-25.5,0.43249828
116.0,-25.5,0.42370304
116.25,-25.5,0.43388912
116.5,-25.5,0.43789715
116.75,-25.5,0.43503627
117.0,-25.5,0.4556889
117.25,-25.5,0.46250904
117.5,-25.5,0.45778745
117.75,-25.5,0.4533762
118.0,-25.5,0.45819074
118.25,-25.5,0.4577871
118.5,-25.5,0.46201012
118.75,-25.5,0.45716727
119.0,-25.5,0.45176393
119.25,-25.5,0.45474097
119.5,-25.5,0.45361152
119.75,-25.5,0.441377
120.0,-25.5,0.42780396
120.25,-25.5,0.4287179
120.5,-25.5,0.4308177
120.75,-25.5,0.42545798
121.0,-25.5,0.4267826
121.25,-25.5,0.43101057
121.5,-25.5,0.4400461
121.75,-25.5,0.43399453
122.0,-25.5,0.43011236
122.25,-25.5,0.43864703
122.5,-25.5,0.43986627
122.75,-25.5,0.4434134
123.0,-25.5,0.4465805
123.25,-25.5,0.46726173
123.5,-25.5,0.47447854
123.75,-25.5,0.47116217
124.0,-25.5,0.47042271
124.25,-25.5,0.46707553
124.5,-25.5,0.46096197
124.75,-25.5,0.461427
125.0,-25.5,0.46421245
125.25,-25.5,0.45500758
125.5,-25.5,0.43886486
125.75,-25.5,0.44216868
126.0,-25.5,0.4822546
126.25,-25.5,0.47660094
126.5,-25.5,0.41971338
126.75,-25.5,0.36429924
127.0,-25.5,0.3521919
127.25,-25.5,0.36771336
127.5,-25.5,0.36224687
127.75,-25.5,0.3794366
128.0,-25.5,0.39810005
128.25,-25.5,0.40042874
128.5,-25.5,0.40936625
128.75,-25.5,0.43643242
129.0,-25.5,0.45912448
129.25,-25.5,0.45472226
129.5,-25.5,0.44760874
129.75,-25.5,0.43697184
130.0,-25.5,0.4284242
130.25,-25.5,0.41587085
130.5,-25.5,0.42833963
130.75,-25.5,0.42919534
131.0,-25.5,0.43132704
131.25,-25.5,0.4353024
131.5,-25.5,0.43610463
131.75,-25.5,0.43406305
132.0,-25.5,0.40929976
132.25,-25.5,0.3701328
132.5,-25.5,0.39448643
132.75,-25.5,0.41855806
133.0,-25.5,0.4306482
133.25,-25.5,0.42668635
133.5,-25.5,0.41946495
133.75,-25.5,0.37867135
134.0,-25.5,0.34900597
134.25,-25.5,0.34130982
134.5,-25.5,0.34511128
134.75,-25.5,0.33933988
135.0,-25.5,0.31206164
135.25,-25.5,0.3097855
135.5,-25.5,0.31751668
135.75,-25.5,0.33031464
136.0,-25.5,0.3467584
136.25,-25.5,0.36802492
136.5,-25.5,0.3912764
136.75,-25.5,0.38529477
137.0,-25.5,0.37613907
137.25,-25.5,0.36989793
137.5,-25.5,0.3697894
137.75,-25.5,0.37276807
138.0,-25.5,0.3663806
138.25,-25.5,0.34091112
138.5,-25.5,0.33816636
138.75,-25.5,0.34074187
139.0,-25.5,0.3457594
139.25,-25.5,0.3451754
139.5,-25.5,0.3459151
139.75,-25.5,0.34372976
140.0,-25.5,0.3355409
140.25,-25.5,0.33271894
140.5,-25.5,0.326965
140.75,-25.5,0.33166263
141.0,-25.5,0.33404753
141.25,-25.5,0.32810956
141.5,-25.5,0.3241723
141.75,-25.5,0.31628135
142.0,-25.5,0.3048281
142.25,-25.5,0.28389195
142.5,-25.5,0.29265958
142.75,-25.5,0.3035203
143.0,-25.5,0.31338963
143.25,-25.5,0.3296757
143.5,-25.5,0.35455477
143.75,-25.5,0.37418956
144.0,-25.5,0.35170564
144.25,-25.5,0.30806294
144.5,-25.5,0.28121656
144.75,-25.5,0.26403242
145.0,-25.5,0.26153907
145.25,-25.5,0.2869298
145.5,-25.5,0.26762196
145.75,-25.5,0.25405976
146.0,-25.5,0.26645455
146.25,-25.5,0.26277876
146.5,-25.5,0.24032421
146.75,-25.5,0.22750233
147.0,-25.5,0.20335367
147.25,-25.5,0.19222835
147.5,-25.5,0.17012061
147.75,-25.5,0.15688065
148.0,-25.5,0.15808819
148.25,-25.5,0.15736112
148.5,-25.5,0.15430132
148.75,-25.5,0.15220836
149.0,-25.5,0.15580301
149.25,-25.5,0.15451664
149.5,-25.5,0.15406978
149.75,-25.5,0.16763332
150.0,-25.5,0.18438944
150.25,-25.5,0.18869278
150.5,-25.5,0.18207785
150.75,-25.5,0.15992236
151.0,-25.5,0.14139037
151.25,-25.5,0.13709448
151.5,-25.5,0.13543905
151.75,-25.5,0.120717116
152.0,-25.5,0.123306125
152.25,-25.5,0.13211733
152.5,-25.5,0.14393318
152.75,-25.5,0.15593037
153.0,-25.5,0.21423168
153.25,-25.5,0.36481902
113.75,-25.75,0.63599753
114.0,-25.75,0.60449547
114.25,-25.75,0.535731
114.5,-25.75,0.49678022
114.75,-25.75,0.48879248
115.0,-25.75,0.49379537
115.25,-25.75,0.49703154
115.5,-25.75,0.4844146
115.75,-25.75,0.4457678
116.0,-25.75,0.45053372
116.25,-25.75,0.46000165
116.5,-25.75,0.45554808
116.75,-25.75,0.44552353
117.0,-25.75,0.45029446
117.25,-25.75,0.44319394
117.5,-25.75,0.43686268
117.75,-25.75,0.43734384
118.0,-25.75,0.44297242
118.25,-25.75,0.45341823
118.5,-25.75,0.46033466
118.75,-25.75,0.46044222
119.0,-25.75,0.4663942
119.25,-25.75,0.46756896
119.5,-25.75,0.4595809
119.75,-25.75,0.4380094
120.0,-25.75,0.43396062
120.25,-25.75,0.44230583
120.5,-25.75,0.4395291
120.75,-25.75,0.43579465
121.0,-25.75,0.43950903
121.25,-25.75,0.44447246
121.5,-25.75,0.43484932
121.75,-25.75,0.42250985
122.0,-25.75,0.42510444
122.25,-25.75,0.43577963
122.5,-25.75,0.450365
122.75,-25.75,0.4572897
123.0,-25.75,0.4615322
123.25,-25.75,0.47488588
123.5,-25.75,0.47823057
123.75,-25.75,0.47524503
124.0,-25.75,0.4707405
124.25,-25.75,0.46952105
124.5,-25.75,0.45902961
124.75,-25.75,0.4574653
125.0,-25.75,0.4665044
125.25,-25.75,0.4562525
125.5,-25.75,0.44277078
125.75,-25.75,0.4387001
126.0,-25.75,0.46381947
126.25,-25.75,0.45526817
126.5,-25.75,0.40910763
126.75,-25.75,0.3927251
127.0,-25.75,0.3805298
127.25,-25.75,0.37844256
127.5,-25.75,0.37836266
127.75,-25.75,0.3887825
128.0,-25.75,0.3824765
128.25,-25.75,0.3797842
128.5,-25.75,0.37840256
128.75,-25.75,0.38662186
129.0,-25.75,0.43167585
129.25,-25.75,0.43157926
129.5,-25.75,0.41247922
129.75,-25.75,0.3951335
130.0,-25.75,0.3884701
130.25,-25.75,0.3854558
130.5,-25.75,0.41359007
130.75,-25.75,0.42128906
131.0,-25.75,0.41467482
131.25,-25.75,0.41383854
131.5,-25.75,0.42292917
131.75,-25.75,0.42354858
132.0,-25.75,0.4094083
132.25,-25.75,0.38850874
132.5,-25.75,0.41368023
132.75,-25.75,0.43703535
133.0,-25.75,0.44883424
133.25,-25.75,0.44312721
133.5,-25.75,0.42623913
133.75,-25.75,0.3858575
134.0,-25.75,0.36487648
134.25,-25.75,0.34816408
134.5,-25.75,0.3325616
134.75,-25.75,0.31508297
135.0,-25.75,0.31657538
135.25,-25.75,0.32856002
135.5,-25.75,0.32284367
135.75,-25.75,0.32082492
136.0,-25.75,0.32863054
136.25,-25.75,0.3501128
136.5,-25.75,0.37603813
136.75,-25.75,0.36671764
137.0,-25.75,0.34824407
137.25,-25.75,0.33638006
137.5,-25.75,0.33635232
137.75,-25.75,0.33673885
138.0,-25.75,0.33946553
138.25,-25.75,0.33618167
138.5,-25.75,0.33300087
138.75,-25.75,0.33122957
139.0,-25.75,0.3307305
139.25,-25.75,0.33488137
139.5,-25.75,0.3381814
139.75,-25.75,0.33935964
140.0,-25.75,0.33912167
140.25,-25.75,0.33628026
140.5,-25.75,0.3404136
140.75,-25.75,0.34597728
141.0,-25.75,0.34551114
141.25,-25.75,0.33802938
141.5,-25.75,0.32312676
141.75,-25.75,0.30730742
142.0,-25.75,0.29313487
142.25,-25.75,0.29507113
142.5,-25.75,0.31098658
142.75,-25.75,0.3175262
143.0,-25.75,0.31982827
143.25,-25.75,0.32703587
143.5,-25.75,0.3369807
143.75,-25.75,0.34871337
144.0,-25.75,0.35977358
144.25,-25.75,0.34987718
144.5,-25.75,0.32290503
144.75,-25.75,0.29781196
145.0,-25.75,0.2787289
145.25,-25.75,0.27165958
145.5,-25.75,0.25810295
145.75,-25.75,0.2403857
146.0,-25.75,0.23734234
146.25,-25.75,0.2348527
146.5,-25.75,0.23619938
146.75,-25.75,0.23083118
147.0,-25.75,0.22119655
147.25,-25.75,0.2014386
147.5,-25.75,0.1693513
147.75,-25.75,0.1552778
148.0,-25.75,0.15795657
148.25,-25.75,0.17165938
148.5,-25.75,0.17651772
148.75,-25.75,0.16570471
149.0,-25.75,0.15561208
149.25,-25.75,0.15577284
149.5,-25.75,0.1671236
149.75,-25.75,0.18600562
150.0,-25.75,0.21384631
150.25,-25.75,0.21350281
150.5,-25.75,0.19632928
150.75,-25.75,0.17576772
151.0,-25.75,0.15369974
151.25,-25.75,0.14471464
151.5,-25.75,0.13966577
151.75,-25.75,0.1315001
152.0,-25.75,0.12499406
152.25,-25.75,0.12645382
152.5,-25.75,0.13146567
152.75,-25.75,0.13537826
153.0,-25.75,0.18189952
153.25,-25.75,0.35603523
114.0,-26.0,0.6005541
114.25,-26.0,0.5368857
114.5,-26.0,0.4998016
114.75,-26.0,0.4956855
115.0,-26.0,0.50325316
115.25,-26.0,0.5015255
115.5,-26.0,0.49310264
115.75,-26.0,0.47364575
116.0,-26.0,0.4748104
116.25,-26.0,0.47278854
116.5,-26.0,0.45877567
116.75,-26.0,0.44037655
117.0,-26.0,0.4391421
117.25,-26.0,0.43865356
117.5,-26.0,0.4423268
117.75,-26.0,0.44153532
118.0,-26.0,0.44168746
118.25,-26.0,0.45006388
118.5,-26.0,0.45603368
118.75,-26.0,0.45095912
119.0,-26.0,0.46090978
119.25,-26.0,0.4698033
119.5,-26.0,0.46697673
119.75,-26.0,0.45522293
120.0,-26.0,0.4605872
120.25,-26.0,0.46707276
120.5,-26.0,0.45469368
120.75,-26.0,0.44239634
121.0,-26.0,0.43901545
121.25,-26.0,0.44233254
121.5,-26.0,0.44303086
121.75,-26.0,0.43320653
122.0,-26.0,0.43157658
122.25,-26.0,0.4434015
122.5,-26.0,0.46040255
122.75,-26.0,0.4718519
123.0,-26.0,0.47294
123.25,-26.0,0.4825235
123.5,-26.0,0.4838939
123.75,-26.0,0.47799858
124.0,-26.0,0.46909738
124.25,-26.0,0.46131068
124.5,-26.0,0.45684075
124.75,-26.0,0.4657449
125.0,-26.0,0.4770268
125.25,-26.0,0.48464864
125.5,-26.0,0.48237023
125.75,-26.0,0.4629278
126.0,-26.0,0.4198344
126.25,-26.0,0.39480287
126.5,-26.0,0.41521457
126.75,-26.0,0.43030053
127.0,-26.0,0.42387164
127.25,-26.0,0.40739372
127.5,-26.0,0.41696084
127.75,-26.0,0.40277946
128.0,-26.0,0.3796367
128.25,-26.0,0.36243725
128.5,-26.0,0.35380298
128.75,-26.0,0.3665053
129.0,-26.0,0.4385275
129.25,-26.0,0.41919157
129.5,-26.0,0.35198194
129.75,-26.0,0.30970564
130.0,-26.0,0.29035285
130.25,-26.0,0.28832504
130.5,-26.0,0.36609587
130.75,-26.0,0.4110709
131.0,-26.0,0.38718027
131.25,-26.0,0.3756563
131.5,-26.0,0.38128325
131.75,-26.0,0.38462222
132.0,-26.0,0.38647297
132.25,-26.0,0.4104203
132.5,-26.0,0.43317857
132.75,-26.0,0.4398364
133.0,-26.0,0.43724597
133.25,-26.0,0.43233898
133.5,-26.0,0.4153138
133.75,-26.0,0.3794311
134.0,-26.0,0.35527775
134.25,-26.0,0.33580765
134.5,-26.0,0.3197359
134.75,-26.0,0.31204927
135.0,-26.0,0.3176069
135.25,-26.0,0.32439548
135.5,-26.0,0.3230288
135.75,-26.0,0.32143486
136.0,-26.0,0.3246066
136.25,-26.0,0.33566493
136.5,-26.0,0.3544749
136.75,-26.0,0.3436906
137.0,-26.0,0.32757193
137.25,-26.0,0.32121632
137.5,-26.0,0.32147282
137.75,-26.0,0.32346192
138.0,-26.0,0.32986587
138.25,-26.0,0.33135542
138.5,-26.0,0.32943246
138.75,-26.0,0.32535163
139.0,-26.0,0.32490918
139.25,-26.0,0.32969105
139.5,-26.0,0.33506003
139.75,-26.0,0.34000516
140.0,-26.0,0.3419168
140.25,-26.0,0.34582633
140.5,-26.0,0.35208598
140.75,-26.0,0.35470602
141.0,-26.0,0.34028724
141.25,-26.0,0.32921
141.5,-26.0,0.31670645
141.75,-26.0,0.30434722
142.0,-26.0,0.30029017
142.25,-26.0,0.31068808
142.5,-26.0,0.33225057
142.75,-26.0,0.32870498
143.0,-26.0,0.31908646
143.25,-26.0,0.31250873
143.5,-26.0,0.31205297
143.75,-26.0,0.320596
144.0,-26.0,0.3450636
144.25,-26.0,0.35601473
144.5,-26.0,0.35510495
144.75,-26.0,0.3363635
145.0,-26.0,0.30265734
145.25,-26.0,0.26480913
145.5,-26.0,0.24592787
145.75,-26.0,0.23540474
146.0,-26.0,0.22837867
146.25,-26.0,0.23135969
146.5,-26.0,0.23835425
146.75,-26.0,0.240944
147.0,-26.0,0.23956841
147.25,-26.0,0.21821931
147.5,-26.0,0.18255511
147.75,-26.0,0.17020631
148.0,-26.0,0.17697988
148.25,-26.0,0.18904516
148.5,-26.0,0.19898967
148.75,-26.0,0.19332865
149.0,-26.0,0.17995211
149.25,-26.0,0.18016015
149.5,-26.0,0.19122481
149.75,-26.0,0.20411041
150.0,-26.0,0.21795562
150.25,-26.0,0.20731002
150.5,-26.0,0.1953525
150.75,-26.0,0.18778752
151.0,-26.0,0.18281837
151.25,-26.0,0.17376989
151.5,-26.0,0.15606423
151.75,-26.0,0.14902194
152.0,-26.0,0.13254377
152.25,-26.0,0.11917926
152.5,-26.0,0.118236504
152.75,-26.0,0.13376845
153.0,-26.0,0.18015875
153.25,-26.0,0.35112137
153.5,-26.0,0.42459723
113.75,-26.25,0.61701673
114.0,-26.25,0.5776727
114.25,-26.25,0.5136966
114.5,-26.25,0.48829898
114.75,-26.25,0.49388483
115.0,-26.25,0.51070094
115.25,-26.25,0.5113959
115.5,-26.25,0.49795312
115.75,-26.25,0.4880745
116.0,-26.25,0.48046863
116.25,-26.25,0.47239795
116.5,-26.25,0.45983055
116.75,-26.25,0.45280442
117.0,-26.25,0.46269327
117.25,-26.25,0.47059342
117.5,-26.25,0.4732058
117.75,-26.25,0.46443424
118.0,-26.25,0.45458785
118.25,-26.25,0.4566036
118.5,-26.25,0.4634442
118.75,-26.25,0.4574033
119.0,-26.25,0.46258074
119.25,-26.25,0.46263725
119.5,-26.25,0.45351675
119.75,-26.25,0.4407901
120.0,-26.25,0.4452225
120.25,-26.25,0.45096898
120.5,-26.25,0.45044976
120.75,-26.25,0.44500035
121.0,-26.25,0.4431271
121.25,-26.25,0.4415433
121.5,-26.25,0.44413906
121.75,-26.25,0.44282925
122.0,-26.25,0.4432395
122.25,-26.25,0.45617184
122.5,-26.25,0.46886814
122.75,-26.25,0.47242877
123.0,-26.25,0.47058478
123.25,-26.25,0.48175508
123.5,-26.25,0.47977912
123.75,-26.25,0.4672517
124.0,-26.25,0.4531872
124.25,-26.25,0.44684893
124.5,-26.25,0.46413207
124.75,-26.25,0.48867205
125.0,-26.25,0.4967392
125.25,-26.25,0.5011886
125.5,-26.25,0.50005513
125.75,-26.25,0.48700848
126.0,-26.25,0.42490476
126.25,-26.25,0.35973987
126.5,-26.25,0.36065155
126.75,-26.25,0.3648181
127.0,-26.25,0.3574479
127.25,-26.25,0.3537361
127.5,-26.25,0.37719062
127.75,-26.25,0.38132727
128.0,-26.25,0.3847927
128.25,-26.25,0.36893374
128.5,-26.25,0.34206918
128.75,-26.25,0.3381812
129.0,-26.25,0.4044707
129.25,-26.25,0.394277
129.5,-26.25,0.3519953
129.75,-26.25,0.32569498
130.0,-26.25,0.32017
130.25,-26.25,0.31987014
130.5,-26.25,0.3601617
130.75,-26.25,0.38955563
131.0,-26.25,0.36282602
131.25,-26.25,0.32933536
131.5,-26.25,0.3049375
131.75,-26.25,0.28456926
132.0,-26.25,0.2995892
132.25,-26.25,0.36784557
132.5,-26.25,0.40487397
132.75,-26.25,0.40497464
133.0,-26.25,0.39358166
133.25,-26.25,0.3902766
133.5,-26.25,0.39119422
133.75,-26.25,0.38605812
134.0,-26.25,0.3640716
134.25,-26.25,0.3407442
134.5,-26.25,0.32332197
134.75,-26.25,0.32272065
135.0,-26.25,0.32725313
135.25,-26.25,0.32411897
135.5,-26.25,0.31789497
135.75,-26.25,0.31338733
136.0,-26.25,0.31484863
136.25,-26.25,0.32177255
136.5,-26.25,0.33100256
136.75,-26.25,0.32435772
137.0,-26.25,0.31652033
137.25,-26.25,0.3162528
137.5,-26.25,0.31750128
137.75,-26.25,0.32311636
138.0,-26.25,0.32992613
138.25,-26.25,0.32897118
138.5,-26.25,0.32908273
138.75,-26.25,0.32610223
139.0,-26.25,0.3261507
139.25,-26.25,0.32992205
139.5,-26.25,0.33624655
139.75,-26.25,0.3360292
140.0,-26.25,0.33387545
140.25,-26.25,0.3415468
140.5,-26.25,0.35286537
140.75,-26.25,0.35879576
141.0,-26.25,0.33732224
141.25,-26.25,0.3211614
141.5,-26.25,0.31263205
141.75,-26.25,0.3044601
142.0,-26.25,0.30559415
142.25,-26.25,0.31696787
142.5,-26.25,0.3382363
142.75,-26.25,0.33649436
143.0,-26.25,0.3166636
143.25,-26.25,0.30178773
143.5,-26.25,0.30330288
143.75,-26.25,0.33209115
144.0,-26.25,0.36743864
144.25,-26.25,0.36334583
144.5,-26.25,0.36375764
144.75,-26.25,0.3535253
145.0,-26.25,0.32125935
145.25,-26.25,0.26895562
145.5,-26.25,0.24468602
145.75,-26.25,0.23653793
146.0,-26.25,0.22939898
146.25,-26.25,0.23753923
146.5,-26.25,0.2476256
146.75,-26.25,0.2489362
147.0,-26.25,0.2419185
147.25,-26.25,0.22609234
147.5,-26.25,0.19498123
147.75,-26.25,0.18045045
148.0,-26.25,0.18851592
148.25,-26.25,0.20814268
148.5,-26.25,0.22102454
148.75,-26.25,0.22195429
149.0,-26.25,0.21902144
149.25,-26.25,0.21601556
149.5,-26.25,0.21461737
149.75,-26.25,0.21252567
150.0,-26.25,0.21033716
150.25,-26.25,0.18753688
150.5,-26.25,0.18518375
150.75,-26.25,0.1874361
151.0,-26.25,0.19468866
151.25,-26.25,0.19345947
151.5,-26.25,0.18169327
151.75,-26.25,0.16578642
152.0,-26.25,0.14835234
152.25,-26.25,0.1305298
152.5,-26.25,0.11944932
152.75,-26.25,0.12149033
153.0,-26.25,0.16310076
153.25,-26.25,0.34174258
113.5,-26.5,0.6441341
113.75,-26.5,0.6245136
114.0,-26.5,0.52002656
114.25,-26.5,0.44895667
114.5,-26.5,0.42939433
114.75,-26.5,0.46017975
115.0,-26.5,0.48854947
115.25,-26.5,0.5090173
115.5,-26.5,0.49227542
115.75,-26.5,0.4879094
116.0,-26.5,0.47554594
116.25,-26.5,0.4654081
116.5,-26.5,0.4635559
116.75,-26.5,0.46612632
117.0,-26.5,0.48237747
117.25,-26.5,0.4851947
117.5,-26.5,0.4831787
117.75,-26.5,0.46748877
118.0,-26.5,0.45191047
118.25,-26.5,0.45047432
118.5,-26.5,0.4650576
118.75,-26.5,0.4681207
119.0,-26.5,0.46979928
119.25,-26.5,0.4617411
119.5,-26.5,0.4436652
119.75,-26.5,0.4310264
120.0,-26.5,0.42766133
120.25,-26.5,0.43188122
120.5,-26.5,0.43966302
120.75,-26.5,0.44685417
121.0,-26.5,0.44466162
121.25,-26.5,0.44553486
121.5,-26.5,0.4507668
121.75,-26.5,0.45195168
122.0,-26.5,0.45726672
122.25,-26.5,0.4652327
122.5,-26.5,0.47080454
122.75,-26.5,0.4692286
123.0,-26.5,0.46786553
123.25,-26.5,0.47593546
123.5,-26.5,0.47375873
123.75,-26.5,0.46546423
124.0,-26.5,0.4528007
124.25,-26.5,0.4566326
124.5,-26.5,0.4808385
124.75,-26.5,0.49604335
125.0,-26.5,0.4968865
125.25,-26.5,0.4935082
125.5,-26.5,0.48487794
125.75,-26.5,0.46625704
126.0,-26.5,0.42072812
126.25,-26.5,0.37105763
126.5,-26.5,0.3666913
126.75,-26.5,0.3449942
127.0,-26.5,0.32098165
127.25,-26.5,0.30773416
127.5,-26.5,0.32275814
127.75,-26.5,0.33392686
128.0,-26.5,0.3624071
128.25,-26.5,0.34448788
128.5,-26.5,0.31278017
128.75,-26.5,0.30656126
129.0,-26.5,0.34017715
129.25,-26.5,0.34624907
129.5,-26.5,0.328677
129.75,-26.5,0.33182994
130.0,-26.5,0.3267652
130.25,-26.5,0.31582123
130.5,-26.5,0.31514168
130.75,-26.5,0.3275326
131.0,-26.5,0.3302107
131.25,-26.5,0.3097033
131.5,-26.5,0.31645283
131.75,-26.5,0.32302737
132.0,-26.5,0.34537917
132.25,-26.5,0.3768573
132.5,-26.5,0.39889663
132.75,-26.5,0.39217824
133.0,-26.5,0.38047004
133.25,-26.5,0.3797723
133.5,-26.5,0.37400052
133.75,-26.5,0.35898986
134.0,-26.5,0.35013422
134.25,-26.5,0.33828947
134.5,-26.5,0.34007928
134.75,-26.5,0.33438775
135.0,-26.5,0.3199995
135.25,-26.5,0.3248142
135.5,-26.5,0.31636876
135.75,-26.5,0.30833802
136.0,-26.5,0.30492365
136.25,-26.5,0.31208214
136.5,-26.5,0.31872773
136.75,-26.5,0.31518653
137.0,-26.5,0.31272647
137.25,-26.5,0.30933288
137.5,-26.5,0.31334916
137.75,-26.5,0.31919473
138.0,-26.5,0.32707497
138.25,-26.5,0.3294713
138.5,-26.5,0.32722694
138.75,-26.5,0.32458025
139.0,-26.5,0.32203066
139.25,-26.5,0.32506502
139.5,-26.5,0.33026364
139.75,-26.5,0.32891175
140.0,-26.5,0.32582325
140.25,-26.5,0.32707268
140.5,-26.5,0.33342114
140.75,-26.5,0.33499008
141.0,-26.5,0.3304
141.25,-26.5,0.33264259
141.5,-26.5,0.32210165
141.75,-26.5,0.31197998
142.0,-26.5,0.30729878
142.25,-26.5,0.31565574
142.5,-26.5,0.33154044
142.75,-26.5,0.3321964
143.0,-26.5,0.31831893
143.25,-26.5,0.30245098
143.5,-26.5,0.31212524
143.75,-26.5,0.34410352
144.0,-26.5,0.3743176
144.25,-26.5,0.35971424
144.5,-26.5,0.35977203
144.75,-26.5,0.35459706
145.0,-26.5,0.31891325
145.25,-26.5,0.26448283
145.5,-26.5,0.24527858
145.75,-26.5,0.23793052
146.0,-26.5,0.23391812
146.25,-26.5,0.23885989
146.5,-26.5,0.25087187
146.75,-26.5,0.25394437
147.0,-26.5,0.24696544
147.25,-26.5,0.23299862
147.5,-26.5,0.2111407
147.75,-26.5,0.2012955
148.0,-26.5,0.2051041
148.25,-26.5,0.22006829
148.5,-26.5,0.2292316
148.75,-26.5,0.23009697
149.0,-26.5,0.23626143
149.25,-26.5,0.22962286
149.5,-26.5,0.22299112
149.75,-26.5,0.21897388
150.0,-26.5,0.2107015
150.25,-26.5,0.18756849
150.5,-26.5,0.18572825
150.75,-26.5,0.19482727
151.0,-26.5,0.20063974
151.25,-26.5,0.21200238
151.5,-26.5,0.20606808
151.75,-26.5,0.1775031
152.0,-26.5,0.15369985
152.25,-26.5,0.13523464
152.5,-26.5,0.11587087
152.75,-26.5,0.10684525
153.0,-26.5,0.15065195
153.25,-26.5,0.3422498
153.5,-26.5,0.42558417
113.5,-26.75,0.64941317
113.75,-26.75,0.60766816
114.0,-26.75,0.48346165
114.25,-26.75,0.42326462
114.5,-26.75,0.39389154
114.75,-26.75,0.41572723
115.0,-26.75,0.45247766
115.25,-26.75,0.48237324
115.5,-26.75,0.48941675
115.75,-26.75,0.49034643
116.0,-26.75,0.47351483
116.25,-26.75,0.4657759
116.5,-26.75,0.463602
116.75,-26.75,0.47757426
117.0,-26.75,0.48919436
117.25,-26.75,0.48720467
117.5,-26.75,0.4826815
117.75,-26.75,0.46502683
118.0,-26.75,0.44997427
118.25,-26.75,0.44610775
118.5,-26.75,0.45548955
118.75,-26.75,0.45735478
119.0,-26.75,0.45338282
119.25,-26.75,0.43665695
119.5,-26.75,0.41603404
119.75,-26.75,0.42632025
120.0,-26.75,0.43083164
120.25,-26.75,0.4318703
120.5,-26.75,0.43875983
120.75,-26.75,0.4418733
121.0,-26.75,0.4475287
121.25,-26.75,0.45537275
121.5,-26.75,0.4753218
121.75,-26.75,0.47136703
122.0,-26.75,0.46527484
122.25,-26.75,0.4501955
122.5,-26.75,0.44718352
122.75,-26.75,0.44499484
123.0,-26.75,0.4447312
123.25,-26.75,0.449064
123.5,-26.75,0.46845064
123.75,-26.75,0.46299908
124.0,-26.75,0.4633692
124.25,-26.75,0.45912147
124.5,-26.75,0.47967365
124.75,-26.75,0.4933541
125.0,-26.75,0.48817155
125.25,-26.75,0.47909746
125.5,-26.75,0.46661994
125.75,-26.75,0.45506477
126.0,-26.75,0.4145361
126.25,-26.75,0.37789145
126.5,-26.75,0.39692047
126.75,-26.75,0.37330052
127.0,-26.75,0.33429974
127.25,-26.75,0.31087995
127.5,-26.75,0.3028096
127.75,-26.75,0.31275517
128.0,-26.75,0.337304
128.25,-26.75,0.33147535
128.5,-26.75,0.29888675
128.75,-26.75,0.29932103
129.0,-26.75,0.32684454
129.25,-26.75,0.33768886
129.5,-26.75,0.34185752
129.75,-26.75,0.33773804
130.0,-26.75,0.3280906
130.25,-26.75,0.3157586
130.5,-26.75,0.29777738
130.75,-26.75,0.29806787
131.0,-26.75,0.30090204
131.25,-26.75,0.3134971
131.5,-26.75,0.32220498
131.75,-26.75,0.35411116
132.0,-26.75,0.373709
132.25,-26.75,0.40298966
132.5,-26.75,0.40908292
132.75,-26.75,0.39604795
133.0,-26.75,0.38102654
133.25,-26.75,0.38009402
133.5,-26.75,0.36435238
133.75,-26.75,0.32607165
134.0,-26.75,0.31622413
134.25,-26.75,0.33766392
134.5,-26.75,0.34279633
134.75,-26.75,0.33620813
135.0,-26.75,0.3143298
135.25,-26.75,0.32236177
135.5,-26.75,0.3152516
135.75,-26.75,0.30182198
136.0,-26.75,0.29787987
136.25,-26.75,0.30435476
136.5,-26.75,0.3118356
136.75,-26.75,0.311357
137.0,-26.75,0.3064718
137.25,-26.75,0.30901125
137.5,-26.75,0.31018105
137.75,-26.75,0.31754985
138.0,-26.75,0.32450688
138.25,-26.75,0.3288023
138.5,-26.75,0.32830334
138.75,-26.75,0.32257482
139.0,-26.75,0.321486
139.25,-26.75,0.3232262
139.5,-26.75,0.32675
139.75,-26.75,0.32688433
140.0,-26.75,0.32063082
140.25,-26.75,0.31225178
140.5,-26.75,0.31100935
140.75,-26.75,0.31305936
141.0,-26.75,0.32244274
141.25,-26.75,0.33762458
141.5,-26.75,0.33286977
141.75,-26.75,0.3160462
142.0,-26.75,0.3052494
142.25,-26.75,0.31178617
142.5,-26.75,0.32720563
142.75,-26.75,0.32630068
143.0,-26.75,0.31306848
143.25,-26.75,0.3176601
143.5,-26.75,0.32893598
143.75,-26.75,0.36325955
144.0,-26.75,0.37449244
144.25,-26.75,0.3544344
144.5,-26.75,0.36351633
144.75,-26.75,0.3532094
145.0,-26.75,0.31429425
145.25,-26.75,0.25741053
145.5,-26.75,0.2402107
145.75,-26.75,0.23659433
146.0,-26.75,0.23197323
146.25,-26.75,0.2387724
146.5,-26.75,0.24649465
146.75,-26.75,0.25259385
147.0,-26.75,0.2465183
147.25,-26.75,0.23173517
147.5,-26.75,0.22912166
147.75,-26.75,0.21812096
148.0,-26.75,0.22002117
148.25,-26.75,0.22782551
148.5,-26.75,0.23773542
148.75,-26.75,0.2401046
149.0,-26.75,0.23463038
149.25,-26.75,0.22193982
149.5,-26.75,0.21180755
149.75,-26.75,0.22146012
150.0,-26.75,0.21887685
150.25,-26.75,0.20533374
150.5,-26.75,0.21213278
150.75,-26.75,0.22041427
151.0,-26.75,0.2397752
151.25,-26.75,0.24671589
151.5,-26.75,0.22215155
151.75,-26.75,0.1798863
152.0,-26.75,0.14423554
152.25,-26.75,0.117374554
152.5,-26.75,0.09766924
152.75,-26.75,0.0921039
153.0,-26.75,0.14163272
153.25,-26.75,0.336794
153.5,-26.75,0.43380892
113.5,-27.0,0.63670665
113.75,-27.0,0.5924098
114.0,-27.0,0.4748159
114.25,-27.0,0.43216997
114.5,-27.0,0.40271693
114.75,-27.0,0.37388062
115.0,-27.0,0.40250695
115.25,-27.0,0.4390394
115.5,-27.0,0.47249046
115.75,-27.0,0.47840282
116.0,-27.0,0.47148073
116.25,-27.0,0.4597616
116.5,-27.0,0.4695545
116.75,-27.0,0.47909042
117.0,-27.0,0.48156613
117.25,-27.0,0.47521064
117.5,-27.0,0.46648827
117.75,-27.0,0.46047872
118.0,-27.0,0.44304276
118.25,-27.0,0.45020187
118.5,-27.0,0.45276782
118.75,-27.0,0.4494866
119.0,-27.0,0.4501479
119.25,-27.0,0.4320126
119.5,-27.0,0.42570624
119.75,-27.0,0.43136117
120.0,-27.0,0.44129333
120.25,-27.0,0.44371206
120.5,-27.0,0.44544396
120.75,-27.0,0.44088495
121.0,-27.0,0.44319063
121.25,-27.0,0.4638415
121.5,-27.0,0.48834684
121.75,-27.0,0.47967234
122.0,-27.0,0.4425678
122.25,-27.0,0.4192988
122.5,-27.0,0.38638803
122.75,-27.0,0.37982166
123.0,-27.0,0.38318956
123.25,-27.0,0.39173815
123.5,-27.0,0.4114131
123.75,-27.0,0.44268942
124.0,-27.0,0.44115135
124.25,-27.0,0.4403677
124.5,-27.0,0.4527079
124.75,-27.0,0.47079822
125.0,-27.0,0.474009
125.25,-27.0,0.4594895
125.5,-27.0,0.4477114
125.75,-27.0,0.43342158
126.0,-27.0,0.4151312
126.25,-27.0,0.38838273
126.5,-27.0,0.3909865
126.75,-27.0,0.36956516
127.0,-27.0,0.3278014
127.25,-27.0,0.31119794
127.5,-27.0,0.2976347
127.75,-27.0,0.31229135
128.0,-27.0,0.34382388
128.25,-27.0,0.3331175
128.5,-27.0,0.3025814
128.75,-27.0,0.29321557
129.0,-27.0,0.3203848
129.25,-27.0,0.343525
129.5,-27.0,0.34463692
129.75,-27.0,0.35432646
130.0,-27.0,0.3434406
130.25,-27.0,0.33795464
130.5,-27.0,0.3109981
130.75,-27.0,0.30166835
131.0,-27.0,0.3045365
131.25,-27.0,0.31158742
131.5,-27.0,0.3143221
131.75,-27.0,0.334044
132.0,-27.0,0.3487967
132.25,-27.0,0.39087614
132.5,-27.0,0.39213368
132.75,-27.0,0.36997557
133.0,-27.0,0.35080373
133.25,-27.0,0.37523332
133.5,-27.0,0.36757642
133.75,-27.0,0.34703243
134.0,-27.0,0.34576705
134.25,-27.0,0.35796922
134.5,-27.0,0.34969988
134.75,-27.0,0.34057844
135.0,-27.0,0.32772332
135.25,-27.0,0.3329106
135.5,-27.0,0.32024997
135.75,-27.0,0.30682793
136.0,-27.0,0.29837993
136.25,-27.0,0.30240563
136.5,-27.0,0.30492112
136.75,-27.0,0.30386356
137.0,-27.0,0.30705002
137.25,-27.0,0.30512118
137.5,-27.0,0.30945253
137.75,-27.0,0.31269184
138.0,-27.0,0.3229047
138.25,-27.0,0.32778618
138.5,-27.0,0.32576454
138.75,-27.0,0.33173835
139.0,-27.0,0.32920143
139.25,-27.0,0.3316253
139.5,-27.0,0.32869703
139.75,-27.0,0.32576168
140.0,-27.0,0.32482913
140.25,-27.0,0.31316808
140.5,-27.0,0.3113348
140.75,-27.0,0.3121095
141.0,-27.0,0.32683662
141.25,-27.0,0.33573756
141.5,-27.0,0.32616383
141.75,-27.0,0.31475413
142.0,-27.0,0.3013884
142.25,-27.0,0.31640077
142.5,-27.0,0.3271321
142.75,-27.0,0.31974196
143.0,-27.0,0.31430504
143.25,-27.0,0.31642002
143.5,-27.0,0.34670946
143.75,-27.0,0.37551883
144.0,-27.0,0.36713928
144.25,-27.0,0.35582823
144.5,-27.0,0.3609171
144.75,-27.0,0.34278145
145.0,-27.0,0.29924604
145.25,-27.0,0.25502464
145.5,-27.0,0.23977521
145.75,-27.0,0.23308633
146.0,-27.0,0.23109323
146.25,-27.0,0.23296699
146.5,-27.0,0.24000666
146.75,-27.0,0.24141465
147.0,-27.0,0.23672515
147.25,-27.0,0.23272853
147.5,-27.0,0.22939199
147.75,-27.0,0.22924903
148.0,-27.0,0.22707804
148.25,-27.0,0.22722468
148.5,-27.0,0.23271818
148.75,-27.0,0.23498191
149.0,-27.0,0.23518883
149.25,-27.0,0.21920027
149.5,-27.0,0.21845916
149.75,-27.0,0.2213421
150.0,-27.0,0.22082388
150.25,-27.0,0.2238476
150.5,-27.0,0.21861517
150.75,-27.0,0.22064075
151.0,-27.0,0.23525435
151.25,-27.0,0.26774737
151.5,-27.0,0.2553946
151.75,-27.0,0.20977272
152.0,-27.0,0.1447274
152.25,-27.0,0.112637095
152.5,-27.0,0.09112151
152.75,-27.0,0.08698723
153.0,-27.0,0.14844076
153.25,-27.0,0.3417173
153.5,-27.0,0.43482488
113.75,-27.25,0.5996018
114.0,-27.25,0.5072945
114.25,-27.25,0.45364192
114.5,-27.25,0.42121196
114.75,-27.25,0.39092475
115.0,-27.25,0.36344877
115.25,-27.25,0.38866273
115.5,-27.25,0.45702305
115.75,-27.25,0.47518662
116.0,-27.25,0.46590635
116.25,-27.25,0.4702132
116.5,-27.25,0.47466585
116.75,-27.25,0.4756406
117.0,-27.25,0.47112882
117.25,-27.25,0.46234444
117.5,-27.25,0.45438758
117.75,-27.25,0.443595
118.0,-27.25,0.44912994
118.25,-27.25,0.45677048
118.5,-27.25,0.46314818
118.75,-27.25,0.45520687
119.0,-27.25,0.45127434
119.25,-27.25,0.44952196
119.5,-27.25,0.4399988
119.75,-27.25,0.44043726
120.0,-27.25,0.4435348
120.25,-27.25,0.44589952
120.5,-27.25,0.44875693
120.75,-27.25,0.44144803
121.0,-27.25,0.43979257
121.25,-27.25,0.45434925
121.5,-27.25,0.4763744
121.75,-27.25,0.4701916
122.0,-27.25,0.4252165
122.25,-27.25,0.38723576
122.5,-27.25,0.3489403
122.75,-27.25,0.34031978
123.0,-27.25,0.3354811
123.25,-27.25,0.34462202
123.5,-27.25,0.3549588
123.75,-27.25,0.3837746
124.0,-27.25,0.39749062
124.25,-27.25,0.40065768
124.5,-27.25,0.4051895
124.75,-27.25,0.4249235
125.0,-27.25,0.43152806
125.25,-27.25,0.43288177
125.5,-27.25,0.41564506
125.75,-27.25,0.39593697
126.0,-27.25,0.39148363
126.25,-27.25,0.3808521
126.5,-27.25,0.36972788
126.75,-27.25,0.34408364
127.0,-27.25,0.3173807
127.25,-27.25,0.29962853
127.5,-27.25,0.29092252
127.75,-27.25,0.32160288
128.0,-27.25,0.34790438
128.25,-27.25,0.3339212
128.5,-27.25,0.2992556
128.75,-27.25,0.28289157
129.0,-27.25,0.30508658
129.25,-27.25,0.3296227
129.5,-27.25,0.34232274
129.75,-27.25,0.3469942
130.0,-27.25,0.37913007
130.25,-27.25,0.37377948
130.5,-27.25,0.33770224
130.75,-27.25,0.30838937
131.0,-27.25,0.30578715
131.25,-27.25,0.31158766
131.5,-27.25,0.30948967
131.75,-27.25,0.30973834
132.0,-27.25,0.31004512
132.25,-27.25,0.3410292
132.5,-27.25,0.338258
132.75,-27.25,0.312354
133.0,-27.25,0.33693016
133.25,-27.25,0.36215284
133.5,-27.25,0.36141574
133.75,-27.25,0.38336337
134.0,-27.25,0.3801557
134.25,-27.25,0.359185
134.5,-27.25,0.34639114
134.75,-27.25,0.3410482
135.0,-27.25,0.3328008
135.25,-27.25,0.3325014
135.5,-27.25,0.33152983
135.75,-27.25,0.3121454
136.0,-27.25,0.30561247
136.25,-27.25,0.30182785
136.5,-27.25,0.29726014
136.75,-27.25,0.2984736
137.0,-27.25,0.2995212
137.25,-27.25,0.30796206
137.5,-27.25,0.30736175
137.75,-27.25,0.3123464
138.0,-27.25,0.3218671
138.25,-27.25,0.32291108
138.5,-27.25,0.32700682
138.75,-27.25,0.32979947
139.0,-27.25,0.3351574
139.25,-27.25,0.33417064
139.5,-27.25,0.324519
139.75,-27.25,0.32468832
140.0,-27.25,0.32255128
140.25,-27.25,0.32451937
140.5,-27.25,0.3189015
140.75,-27.25,0.32561204
141.0,-27.25,0.3336947
141.25,-27.25,0.3267515
141.5,-27.25,0.30949005
141.75,-27.25,0.2938574
142.0,-27.25,0.30514976
142.25,-27.25,0.31894016
142.5,-27.25,0.3237657
142.75,-27.25,0.3096086
143.0,-27.25,0.30440775
143.25,-27.25,0.32396057
143.5,-27.25,0.35113525
143.75,-27.25,0.3695658
144.0,-27.25,0.35977903
144.25,-27.25,0.3579355
144.5,-27.25,0.3644786
144.75,-27.25,0.34180108
145.0,-27.25,0.29007748
145.25,-27.25,0.2479211
145.5,-27.25,0.24444053
145.75,-27.25,0.23624188
146.0,-27.25,0.22978564
146.25,-27.25,0.229461
146.5,-27.25,0.23172314
146.75,-27.25,0.23171908
147.0,-27.25,0.22727413
147.25,-27.25,0.22880681
147.5,-27.25,0.2334197
147.75,-27.25,0.22897005
148.0,-27.25,0.22869602
148.25,-27.25,0.2258927
148.5,-27.25,0.2308006
148.75,-27.25,0.23162842
149.0,-27.25,0.23044549
149.25,-27.25,0.24449375
149.5,-27.25,0.23869136
149.75,-27.25,0.2421521
150.0,-27.25,0.24043655
150.25,-27.25,0.24865854
150.5,-27.25,0.22048363
150.75,-27.25,0.21608339
151.0,-27.25,0.21997765
151.25,-27.25,0.2503801
151.5,-27.25,0.27346686
151.75,-27.25,0.24968223
152.0,-27.25,0.15993021
152.25,-27.25,0.10284093
152.5,-27.25,0.08190628
152.75,-27.25,0.09170214
153.0,-27.25,0.15211864
153.25,-27.25,0.329415
153.5,-27.25,0.43554398
113.75,-27.5,0.6072746
114.0,-27.5,0.55699295
114.25,-27.5,0.47233316
114.5,-27.5,0.4371261
114.75,-27.5,0.409734
115.0,-27.5,0.3810046
115.25,-27.5,0.38689208
115.5,-27.5,0.46015757
115.75,-27.5,0.47767287
116.0,-27.5,0.47952482
116.25,-27.5,0.4793687
116.5,-27.5,0.4870444
116.75,-27.5,0.48166037
117.0,-27.5,0.47550064
117.25,-27.5,0.46819174
117.5,-27.5,0.45727876
117.75,-27.5,0.44687945
118.0,-27.5,0.44756916
118.25,-27.5,0.45591784
118.5,-27.5,0.46689406
118.75,-27.5,0.4578674
119.0,-27.5,0.43757206
119.25,-27.5,0.43354312
119.5,-27.5,0.4485561
119.75,-27.5,0.44696057
120.0,-27.5,0.43983135
120.25,-27.5,0.4448979
120.5,-27.5,0.44678515
120.75,-27.5,0.4439712
121.0,-27.5,0.4396941
121.25,-27.5,0.4395975
121.5,-27.5,0.45519102
121.75,-27.5,0.45669678
122.0,-27.5,0.44049102
122.25,-27.5,0.39846107
122.5,-27.5,0.37703434
122.75,-27.5,0.36535844
123.0,-27.5,0.33018938
123.25,-27.5,0.32769185
123.5,-27.5,0.3290662
123.75,-27.5,0.32052705
124.0,-27.5,0.32947958
124.25,-27.5,0.35577235
124.5,-27.5,0.36101094
124.75,-27.5,0.37379053
125.0,-27.5,0.4019497
125.25,-27.5,0.39954132
125.5,-27.5,0.3778368
125.75,-27.5,0.34406424
126.0,-27.5,0.3479837
126.25,-27.5,0.37001425
126.5,-27.5,0.35472244
126.75,-27.5,0.34290758
127.0,-27.5,0.31202438
127.25,-27.5,0.29502273
127.5,-27.5,0.28762054
127.75,-27.5,0.32117414
128.0,-27.5,0.337463
128.25,-27.5,0.32031462
128.5,-27.5,0.29992682
128.75,-27.5,0.2804455
129.0,-27.5,0.2962359
129.25,-27.5,0.31966743
129.5,-27.5,0.3303039
129.75,-27.5,0.35433114
130.0,-27.5,0.3818051
130.25,-27.5,0.39721432
130.5,-27.5,0.36528465
130.75,-27.5,0.32321247
131.0,-27.5,0.3064076
131.25,-27.5,0.3083752
131.5,-27.5,0.33343014
131.75,-27.5,0.33156094
132.0,-27.5,0.30536819
132.25,-27.5,0.29518655
132.5,-27.5,0.29112595
132.75,-27.5,0.30245516
133.0,-27.5,0.3246774
133.25,-27.5,0.3620447
133.5,-27.5,0.35955584
133.75,-27.5,0.38829017
134.0,-27.5,0.39014706
134.25,-27.5,0.36232293
134.5,-27.5,0.3354269
134.75,-27.5,0.3255234
135.0,-27.5,0.3180361
135.25,-27.5,0.31808063
135.5,-27.5,0.31910145
135.75,-27.5,0.31971458
136.0,-27.5,0.30737084
136.25,-27.5,0.29831305
136.5,-27.5,0.2907461
136.75,-27.5,0.2911008
137.0,-27.5,0.30388233
137.25,-27.5,0.30678856
137.5,-27.5,0.30955666
137.75,-27.5,0.3109802
138.0,-27.5,0.3199836
138.25,-27.5,0.31886774
138.5,-27.5,0.32149082
138.75,-27.5,0.32758337
139.0,-27.5,0.3296651
139.25,-27.5,0.32541886
139.5,-27.5,0.3154511
139.75,-27.5,0.31994665
140.0,-27.5,0.32534996
140.25,-27.5,0.32333627
140.5,-27.5,0.3225817
140.75,-27.5,0.32816425
141.0,-27.5,0.32786286
141.25,-27.5,0.31214648
141.5,-27.5,0.29361033
141.75,-27.5,0.29163563
142.0,-27.5,0.29942644
142.25,-27.5,0.31302726
142.5,-27.5,0.31587166
142.75,-27.5,0.30223984
143.0,-27.5,0.30846033
143.25,-27.5,0.32483527
143.5,-27.5,0.337265
143.75,-27.5,0.35104257
144.0,-27.5,0.35783496
144.25,-27.5,0.36212087
144.5,-27.5,0.36381575
144.75,-27.5,0.3386329
145.0,-27.5,0.28302827
145.25,-27.5,0.24801558
145.5,-27.5,0.24804257
145.75,-27.5,0.2409292
146.0,-27.5,0.2388983
146.25,-27.5,0.2335608
146.5,-27.5,0.23394729
146.75,-27.5,0.2296632
147.0,-27.5,0.22731355
147.25,-27.5,0.22814697
147.5,-27.5,0.22922856
147.75,-27.5,0.23731004
148.0,-27.5,0.23254181
148.25,-27.5,0.23275283
148.5,-27.5,0.23619469
148.75,-27.5,0.23187079
149.0,-27.5,0.22890054
149.25,-27.5,0.2385677
149.5,-27.5,0.2669017
149.75,-27.5,0.27032858
150.0,-27.5,0.26686984
150.25,-27.5,0.2684482
150.5,-27.5,0.23069525
150.75,-27.5,0.21311899
151.0,-27.5,0.21031776
151.25,-27.5,0.23698726
151.5,-27.5,0.2675819
151.75,-27.5,0.25369957
152.0,-27.5,0.15788195
152.25,-27.5,0.09674853
152.5,-27.5,0.07717897
152.75,-27.5,0.089641504
153.0,-27.5,0.1296673
153.25,-27.5,0.26175675
153.5,-27.5,0.38219848
113.75,-27.75,0.61351985
114.0,-27.75,0.5837018
114.25,-27.75,0.49414864
114.5,-27.75,0.4248335
114.75,-27.75,0.40458816
115.0,-27.75,0.40260217
115.25,-27.75,0.4111199
115.5,-27.75,0.46785802
115.75,-27.75,0.48092213
116.0,-27.75,0.48086774
116.25,-27.75,0.49213108
116.5,-27.75,0.49643812
116.75,-27.75,0.49441913
117.0,-27.75,0.48753372
117.25,-27.75,0.48113617
117.5,-27.75,0.47265834
117.75,-27.75,0.46234113
118.0,-27.75,0.453283
118.25,-27.75,0.44795325
118.5,-27.75,0.45687512
118.75,-27.75,0.4598444
119.0,-27.75,0.43708017
119.25,-27.75,0.42655545
119.5,-27.75,0.43587077
119.75,-27.75,0.44520888
120.0,-27.75,0.4346713
120.25,-27.75,0.4431574
120.5,-27.75,0.44900534
120.75,-27.75,0.44724467
121.0,-27.75,0.43875957
121.25,-27.75,0.43423256
121.5,-27.75,0.4451428
121.75,-27.75,0.4647175
122.0,-27.75,0.46313778
122.25,-27.75,0.45041084
122.5,-27.75,0.42043817
122.75,-27.75,0.38860303
123.0,-27.75,0.33554944
123.25,-27.75,0.31626606
123.5,-27.75,0.30888325
123.75,-27.75,0.30166546
124.0,-27.75,0.29873314
124.25,-27.75,0.31944174
124.5,-27.75,0.3371045
124.75,-27.75,0.34374622
125.0,-27.75,0.36417994
125.25,-27.75,0.37175295
125.5,-27.75,0.35874197
125.75,-27.75,0.32865456
126.0,-27.75,0.32451677
126.25,-27.75,0.3420899
126.5,-27.75,0.34242678
126.75,-27.75,0.3361089
127.0,-27.75,0.32692468
127.25,-27.75,0.30637756
127.5,-27.75,0.2980796
127.75,-27.75,0.32313082
128.0,-27.75,0.3287753
128.25,-27.75,0.31889567
128.5,-27.75,0.30230385
128.75,-27.75,0.2926756
129.0,-27.75,0.3018769
129.25,-27.75,0.32225576
129.5,-27.75,0.33961543
129.75,-27.75,0.35710514
130.0,-27.75,0.3619689
130.25,-27.75,0.3763789
130.5,-27.75,0.38006812
130.75,-27.75,0.34931225
131.0,-27.75,0.33643138
131.25,-27.75,0.34638268
131.5,-27.75,0.3696269
131.75,-27.75,0.37996152
132.0,-27.75,0.34323817
132.25,-27.75,0.31422234
132.5,-27.75,0.3002655
132.75,-27.75,0.3029435
133.0,-27.75,0.32757822
133.25,-27.75,0.36960006
133.5,-27.75,0.38122872
133.75,-27.75,0.39644563
134.0,-27.75,0.3894318
134.25,-27.75,0.35621223
134.5,-27.75,0.3229985
134.75,-27.75,0.31232005
135.0,-27.75,0.30289268
135.25,-27.75,0.3020929
135.5,-27.75,0.3051304
135.75,-27.75,0.30105886
136.0,-27.75,0.29397887
136.25,-27.75,0.28740907
136.5,-27.75,0.28621444
136.75,-27.75,0.28904694
137.0,-27.75,0.306636
137.25,-27.75,0.32121876
137.5,-27.75,0.31812844
137.75,-27.75,0.31126884
138.0,-27.75,0.31598398
138.25,-27.75,0.3162115
138.5,-27.75,0.32399186
138.75,-27.75,0.32736784
139.0,-27.75,0.3211825
139.25,-27.75,0.31513172
139.5,-27.75,0.312325
139.75,-27.75,0.32170054
140.0,-27.75,0.32555026
140.25,-27.75,0.3228243
140.5,-27.75,0.31837016
140.75,-27.75,0.32090354
141.0,-27.75,0.31773663
141.25,-27.75,0.313936
141.5,-27.75,0.3002469
141.75,-27.75,0.29306167
142.0,-27.75,0.29828954
142.25,-27.75,0.30710185
142.5,-27.75,0.31299362
142.75,-27.75,0.31037626
143.0,-27.75,0.31682292
143.25,-27.75,0.3164722
143.5,-27.75,0.3179268
143.75,-27.75,0.33820513
144.0,-27.75,0.3541472
144.25,-27.75,0.3521887
144.5,-27.75,0.3546709
144.75,-27.75,0.336103
145.0,-27.75,0.28975025
145.25,-27.75,0.25285435
145.5,-27.75,0.25024208
145.75,-27.75,0.25280157
146.0,-27.75,0.25986707
146.25,-27.75,0.260507
146.5,-27.75,0.25189176
146.75,-27.75,0.24295829
147.0,-27.75,0.23667131
147.25,-27.75,0.23061399
147.5,-27.75,0.23312494
147.75,-27.75,0.24458
148.0,-27.75,0.24721467
148.25,-27.75,0.2417416
148.5,-27.75,0.23834004
148.75,-27.75,0.2304064
149.0,-27.75,0.22278129
149.25,-27.75,0.23311253
149.5,-27.75,0.26203406
149.75,-27.75,0.28050175
150.0,-27.75,0.2673639
150.25,-27.75,0.25066888
150.5,-27.75,0.21806657
150.75,-27.75,0.20703733
151.0,-27.75,0.2174556
151.25,-27.75,0.24437034
151.5,-27.75,0.25989664
151.75,-27.75,0.24492216
152.0,-27.75,0.16080643
152.25,-27.75,0.09906686
152.5,-27.75,0.069083385
152.75,-27.75,0.07280868
153.0,-27.75,0.092942424
153.25,-27.75,0.17665647
153.5,-27.75,0.33439818
153.75,-27.75,0.43395597
114.0,-28.0,0.5746589
114.25,-28.0,0.4880138
114.5,-28.0,0.40807888
114.75,-28.0,0.3922595
115.0,-28.0,0.40902427
115.25,-28.0,0.43035638
115.5,-28.0,0.45251244
115.75,-28.0,0.46693173
116.0,-28.0,0.46683842
116.25,-28.0,0.48276725
116.5,-28.0,0.47592872
116.75,-28.0,0.4720029
117.0,-28.0,0.47177708
117.25,-28.0,0.46934038
117.5,-28.0,0.46641272
117.75,-28.0,0.46446154
118.0,-28.0,0.46200794
118.25,-28.0,0.46209383
118.5,-28.0,0.4631814
118.75,-28.0,0.47804183
119.0,-28.0,0.46429485
119.25,-28.0,0.4524887
119.5,-28.0,0.4470397
119.75,-28.0,0.439511
120.0,-28.0,0.42621693
120.25,-28.0,0.44597095
120.5,-28.0,0.45848936
120.75,-28.0,0.4617335
121.0,-28.0,0.45442265
121.25,-28.0,0.45198524
121.5,-28.0,0.44767258
121.75,-28.0,0.45500848
122.0,-28.0,0.4494884
122.25,-28.0,0.42969072
122.5,-28.0,0.38387325
122.75,-28.0,0.34987625
123.0,-28.0,0.32171634
123.25,-28.0,0.30619076
123.5,-28.0,0.29671878
123.75,-28.0,0.30673265
124.0,-28.0,0.303624
124.25,-28.0,0.30918548
124.5,-28.0,0.31465197
124.75,-28.0,0.3199862
125.0,-28.0,0.3217454
125.25,-28.0,0.32221943
125.5,-28.0,0.31868482
125.75,-28.0,0.32106927
126.0,-28.0,0.32423353
126.25,-28.0,0.33262002
126.5,-28.0,0.32412642
126.75,-28.0,0.3192484
127.0,-28.0,0.32076117
127.25,-28.0,0.32373947
127.5,-28.0,0.31347597
127.75,-28.0,0.3148833
128.0,-28.0,0.320817
128.25,-28.0,0.32197285
128.5,-28.0,0.31260434
128.75,-28.0,0.3059796
129.0,-28.0,0.3072314
129.25,-28.0,0.32829985
129.5,-28.0,0.34964532
129.75,-28.0,0.3511284
130.0,-28.0,0.3211371
130.25,-28.0,0.32554275
130.5,-28.0,0.360534
130.75,-28.0,0.388858
131.0,-28.0,0.38976672
131.25,-28.0,0.39120403
131.5,-28.0,0.40223774
131.75,-28.0,0.40117526
132.0,-28.0,0.39411327
132.25,-28.0,0.36593658
132.5,-28.0,0.34161672
132.75,-28.0,0.32958916
133.0,-28.0,0.34013224
133.25,-28.0,0.3612026
133.5,-28.0,0.39283994
133.75,-28.0,0.4142397
134.0,-28.0,0.4059261
134.25,-28.0,0.36488527
134.5,-28.0,0.32309946
134.75,-28.0,0.29994506
135.0,-28.0,0.29845452
135.25,-28.0,0.29440185
135.5,-28.0,0.29082367
135.75,-28.0,0.29076573
136.0,-28.0,0.2876775
136.25,-28.0,0.28433985
136.5,-28.0,0.28191036
136.75,-28.0,0.29687992
137.0,-28.0,0.32764378
137.25,-28.0,0.3483896
137.5,-28.0,0.3434018
137.75,-28.0,0.31901458
138.0,-28.0,0.31256533
138.25,-28.0,0.31556365
138.5,-28.0,0.32523572
138.75,-28.0,0.33348107
139.0,-28.0,0.31890157
139.25,-28.0,0.3102976
139.5,-28.0,0.31274423
139.75,-28.0,0.31840023
140.0,-28.0,0.32776183
140.25,-28.0,0.32530612
140.5,-28.0,0.3208567
140.75,-28.0,0.32454327
141.0,-28.0,0.33030683
141.25,-28.0,0.34574616
141.5,-28.0,0.3195525
141.75,-28.0,0.30426848
142.0,-28.0,0.30764356
142.25,-28.0,0.31949458
142.5,-28.0,0.32283434
142.75,-28.0,0.3195608
143.0,-28.0,0.3150614
143.25,-28.0,0.31137064
143.5,-28.0,0.30657077
143.75,-28.0,0.3365969
144.0,-28.0,0.34499297
144.25,-28.0,0.33306587
144.5,-28.0,0.32333693
144.75,-28.0,0.31821677
145.0,-28.0,0.27417594
145.25,-28.0,0.25285462
145.5,-28.0,0.26235244
145.75,-28.0,0.2878557
146.0,-28.0,0.30663505
146.25,-28.0,0.30829713
146.5,-28.0,0.28015578
146.75,-28.0,0.25584635
147.0,-28.0,0.24762563
147.25,-28.0,0.24303475
147.5,-28.0,0.24239108
147.75,-28.0,0.25597543
148.0,-28.0,0.25316942
148.25,-28.0,0.2495715
148.5,-28.0,0.23951091
148.75,-28.0,0.24100563
149.0,-28.0,0.23075855
149.25,-28.0,0.23843254
149.5,-28.0,0.25892386
149.75,-28.0,0.27808145
150.0,-28.0,0.26056892
150.25,-28.0,0.24325036
150.5,-28.0,0.2234696
150.75,-28.0,0.21385314
151.0,-28.0,0.22603047
151.25,-28.0,0.25554314
151.5,-28.0,0.25495625
151.75,-28.0,0.23369199
152.0,-28.0,0.18608516
152.25,-28.0,0.11908543
152.5,-28.0,0.066870645
152.75,-28.0,0.059636127
153.0,-28.0,0.072910346
153.25,-28.0,0.12241481
153.5,-28.0,0.26360765
153.75,-28.0,0.42556554
114.25,-28.25,0.48587784
114.5,-28.25,0.40251037
114.75,-28.25,0.36139688
115.0,-28.25,0.38009688
115.25,-28.25,0.40184337
115.5,-28.25,0.43099204
115.75,-28.25,0.45624694
116.0,-28.25,0.4725705
116.25,-28.25,0.47373238
116.5,-28.25,0.45503289
116.75,-28.25,0.4481905
117.0,-28.25,0.4471254
117.25,-28.25,0.44799745
117.5,-28.25,0.4473644
117.75,-28.25,0.45999748
118.0,-28.25,0.47497833
118.25,-28.25,0.47827348
118.5,-28.25,0.4718632
118.75,-28.25,0.47625986
119.0,-28.25,0.46243674
119.25,-28.25,0.4496264
119.5,-28.25,0.44412884
119.75,-28.25,0.444317
120.0,-28.25,0.4373969
120.25,-28.25,0.45066503
120.5,-28.25,0.45756778
120.75,-28.25,0.46237695
121.0,-28.25,0.46900365
121.25,-28.25,0.4784921
121.5,-28.25,0.46110696
121.75,-28.25,0.42937973
122.0,-28.25,0.40686917
122.25,-28.25,0.3980199
122.5,-28.25,0.3792386
122.75,-28.25,0.3475819
123.0,-28.25,0.32866794
123.25,-28.25,0.31913364
123.5,-28.25,0.31907025
123.75,-28.25,0.3342124
124.0,-28.25,0.3269869
124.25,-28.25,0.3166629
124.5,-28.25,0.3136848
124.75,-28.25,0.3171037
125.0,-28.25,0.3139457
125.25,-28.25,0.30438152
125.5,-28.25,0.2993552
125.75,-28.25,0.30435136
126.0,-28.25,0.3216613
126.25,-28.25,0.34753558
126.5,-28.25,0.34481388
126.75,-28.25,0.33618474
127.0,-28.25,0.33182776
127.25,-28.25,0.33067107
127.5,-28.25,0.31577486
127.75,-28.25,0.30915216
128.0,-28.25,0.3114505
128.25,-28.25,0.31334096
128.5,-28.25,0.3114122
128.75,-28.25,0.3073841
129.0,-28.25,0.29573563
129.25,-28.25,0.3117284
129.5,-28.25,0.3317181
129.75,-28.25,0.33568704
130.0,-28.25,0.30507028
130.25,-28.25,0.29777515
130.5,-28.25,0.32646593
130.75,-28.25,0.36106628
131.0,-28.25,0.38038713
131.25,-28.25,0.3839
131.5,-28.25,0.38538328
131.75,-28.25,0.3887122
132.0,-28.25,0.3949156
132.25,-28.25,0.40275246
132.5,-28.25,0.39820316
132.75,-28.25,0.395405
133.0,-28.25,0.39379528
133.25,-28.25,0.39601237
133.5,-28.25,0.40416196
133.75,-28.25,0.4205521
134.0,-28.25,0.4223036
134.25,-28.25,0.3788681
134.5,-28.25,0.32963288
134.75,-28.25,0.3027125
135.0,-28.25,0.30652535
135.25,-28.25,0.3029601
135.5,-28.25,0.30874562
135.75,-28.25,0.31185505
136.0,-28.25,0.30610806
136.25,-28.25,0.2907424
136.5,-28.25,0.27919146
136.75,-28.25,0.29421484
137.0,-28.25,0.33061486
137.25,-28.25,0.36719722
137.5,-28.25,0.37124133
137.75,-28.25,0.33357742
138.0,-28.25,0.31192148
138.25,-28.25,0.30804175
138.5,-28.25,0.315075
138.75,-28.25,0.32071117
139.0,-28.25,0.30998644
139.25,-28.25,0.3077751
139.5,-28.25,0.3106792
139.75,-28.25,0.3173601
140.0,-28.25,0.32542455
140.25,-28.25,0.3236206
140.5,-28.25,0.3260694
140.75,-28.25,0.3355377
141.0,-28.25,0.35342032
141.25,-28.25,0.37371576
141.5,-28.25,0.33956593
141.75,-28.25,0.32703984
142.0,-28.25,0.3311532
142.25,-28.25,0.33676296
142.5,-28.25,0.3231615
142.75,-28.25,0.30662632
143.0,-28.25,0.3023747
143.25,-28.25,0.3105394
143.5,-28.25,0.33274022
143.75,-28.25,0.36945525
144.0,-28.25,0.3723574
144.25,-28.25,0.35601184
144.5,-28.25,0.33541632
144.75,-28.25,0.30800942
145.0,-28.25,0.2622636
145.25,-28.25,0.2608209
145.5,-28.25,0.2931709
145.75,-28.25,0.32204655
146.0,-28.25,0.32688105
146.25,-28.25,0.30549
146.5,-28.25,0.26648012
146.75,-28.25,0.24897297
147.0,-28.25,0.24999379
147.25,-28.25,0.25752172
147.5,-28.25,0.24843474
147.75,-28.25,0.24531925
148.0,-28.25,0.24395716
148.25,-28.25,0.2502754
148.5,-28.25,0.26549882
148.75,-28.25,0.27867052
149.0,-28.25,0.25931445
149.25,-28.25,0.25613233
149.5,-28.25,0.2670022
149.75,-28.25,0.27664027
150.0,-28.25,0.26011455
150.25,-28.25,0.2631678
150.5,-28.25,0.25829014
150.75,-28.25,0.23600297
151.0,-28.25,0.21347734
151.25,-28.25,0.2291668
151.5,-28.25,0.24445933
151.75,-28.25,0.23426904
152.0,-28.25,0.20306453
152.25,-28.25,0.14976537
152.5,-28.25,0.08589849
152.75,-28.25,0.06683171
153.0,-28.25,0.059243847
153.25,-28.25,0.07964279
153.5,-28.25,0.17044933
153.75,-28.25,0.38422194
114.25,-28.5,0.5216096
114.5,-28.5,0.43737677
114.75,-28.5,0.34619415
115.0,-28.5,0.33053702
115.25,-28.5,0.35510397
115.5,-28.5,0.39858583
115.75,-28.5,0.44178426
116.0,-28.5,0.4750056
116.25,-28.5,0.46642548
116.5,-28.5,0.4490844
116.75,-28.5,0.45024574
117.0,-28.5,0.45166984
117.25,-28.5,0.45030236
117.5,-28.5,0.44699752
117.75,-28.5,0.4650557
118.0,-28.5,0.47916096
118.25,-28.5,0.48182058
118.5,-28.5,0.47783384
118.75,-28.5,0.4777435
119.0,-28.5,0.44186446
119.25,-28.5,0.42577106
119.5,-28.5,0.43141922
119.75,-28.5,0.45446482
120.0,-28.5,0.46032357
120.25,-28.5,0.45588043
120.5,-28.5,0.44387674
120.75,-28.5,0.4409811
121.0,-28.5,0.4519576
121.25,-28.5,0.4731834
121.5,-28.5,0.46256328
121.75,-28.5,0.4093716
122.0,-28.5,0.37486094
122.25,-28.5,0.38355944
122.5,-28.5,0.4199957
122.75,-28.5,0.37360796
123.0,-28.5,0.33830872
123.25,-28.5,0.3307538
123.5,-28.5,0.34216207
123.75,-28.5,0.33389813
124.0,-28.5,0.3189926
124.25,-28.5,0.31912822
124.5,-28.5,0.3232851
124.75,-28.5,0.3271423
125.0,-28.5,0.31759927
125.25,-28.5,0.30881152
125.5,-28.5,0.30398506
125.75,-28.5,0.30643502
126.0,-28.5,0.32209197
126.25,-28.5,0.35359433
126.5,-28.5,0.3858459
126.75,-28.5,0.40826985
127.0,-28.5,0.4013632
127.25,-28.5,0.36734918
127.5,-28.5,0.32893503
127.75,-28.5,0.31653902
128.0,-28.5,0.30618104
128.25,-28.5,0.30148998
128.5,-28.5,0.30147305
128.75,-28.5,0.30438697
129.0,-28.5,0.29879043
129.25,-28.5,0.31158382
129.5,-28.5,0.32518497
129.75,-28.5,0.33115697
130.0,-28.5,0.32817456
130.25,-28.5,0.30802983
130.5,-28.5,0.30668268
130.75,-28.5,0.3213928
131.0,-28.5,0.33184442
131.25,-28.5,0.32600513
131.5,-28.5,0.32114848
131.75,-28.5,0.32709253
132.0,-28.5,0.35485092
132.25,-28.5,0.4060603
132.5,-28.5,0.43001437
132.75,-28.5,0.41974083
133.0,-28.5,0.4136918
133.25,-28.5,0.4122948
133.5,-28.5,0.41636062
133.75,-28.5,0.42784154
134.0,-28.5,0.42932948
134.25,-28.5,0.3920964
134.5,-28.5,0.34539506
134.75,-28.5,0.31782284
135.0,-28.5,0.3181428
135.25,-28.5,0.31480962
135.5,-28.5,0.32281876
135.75,-28.5,0.32566077
136.0,-28.5,0.31816778
136.25,-28.5,0.29829237
136.5,-28.5,0.28521731
136.75,-28.5,0.29608604
137.0,-28.5,0.32809743
137.5,-28.5,0.37229145
137.75,-28.5,0.33255225
138.0,-28.5,0.30644944
138.25,-28.5,0.2984684
138.5,-28.5,0.30396315
138.75,-28.5,0.31078508
139.0,-28.5,0.31004366
139.25,-28.5,0.31276634
139.5,-28.5,0.31377962
139.75,-28.5,0.31509236
140.0,-28.5,0.31885323
140.25,-28.5,0.32022595
140.5,-28.5,0.33542046
140.75,-28.5,0.35149845
141.0,-28.5,0.36881754
141.25,-28.5,0.38240337
141.5,-28.5,0.36356786
141.75,-28.5,0.3546602
142.0,-28.5,0.34445006
142.25,-28.5,0.32201898
142.5,-28.5,0.29799312
142.75,-28.5,0.291486
143.0,-28.5,0.30138263
143.25,-28.5,0.3249537
143.5,-28.5,0.3626112
143.75,-28.5,0.38856712
144.0,-28.5,0.37010637
144.25,-28.5,0.33695444
144.5,-28.5,0.3051046
144.75,-28.5,0.27491137
145.0,-28.5,0.25230166
145.25,-28.5,0.26498693
145.5,-28.5,0.30290854
145.75,-28.5,0.32608554
146.0,-28.5,0.31311458
146.25,-28.5,0.26908737
146.5,-28.5,0.2419795
146.75,-28.5,0.236566
147.0,-28.5,0.23952043
147.25,-28.5,0.24457072
147.5,-28.5,0.23857273
147.75,-28.5,0.23660141
148.0,-28.5,0.24440399
148.25,-28.5,0.261547
148.5,-28.5,0.28753436
148.75,-28.5,0.29367733
149.0,-28.5,0.26154366
149.25,-28.5,0.24565989
149.5,-28.5,0.24414402
149.75,-28.5,0.24664332
150.0,-28.5,0.24400204
150.25,-28.5,0.25163046
150.5,-28.5,0.24287832
150.75,-28.5,0.21407104
151.0,-28.5,0.18572357
151.25,-28.5,0.20159353
151.5,-28.5,0.2618215
151.75,-28.5,0.253977
152.0,-28.5,0.19987047
152.25,-28.5,0.13070282
152.5,-28.5,0.08828717
152.75,-28.5,0.082876906
153.0,-28.5,0.07369395
153.25,-28.5,0.08439634
153.5,-28.5,0.15485898
153.75,-28.5,0.3860532
114.5,-28.75,0.47595724
114.75,-28.75,0.3826221
115.0,-28.75,0.31778648
115.25,-28.75,0.32787022
115.5,-28.75,0.35800382
115.75,-28.75,0.39391953
116.0,-28.75,0.42490897
116.25,-28.75,0.44591036
116.5,-28.75,0.45951575
116.75,-28.75,0.45900387
117.0,-28.75,0.45879626
117.25,-28.75,0.4511277
117.5,-28.75,0.45358378
117.75,-28.75,0.47712767
118.0,-28.75,0.4865004
118.25,-28.75,0.48545873
118.5,-28.75,0.47792318
118.75,-28.75,0.44892994
119.0,-28.75,0.38959914
119.25,-28.75,0.38120905
119.5,-28.75,0.41376385
119.75,-28.75,0.4455876
120.0,-28.75,0.46645743
120.25,-28.75,0.46214747
120.5,-28.75,0.4484022
120.75,-28.75,0.44183943
121.0,-28.75,0.44628346
121.25,-28.75,0.45087293
121.5,-28.75,0.45410323
121.75,-28.75,0.42139387
122.0,-28.75,0.40989697
122.25,-28.75,0.4203433
122.5,-28.75,0.43138534
122.75,-28.75,0.37492165
123.0,-28.75,0.3444894
123.25,-28.75,0.34431908
123.5,-28.75,0.35307428
123.75,-28.75,0.32837778
124.0,-28.75,0.31789112
124.25,-28.75,0.31407133
124.5,-28.75,0.31491402
124.75,-28.75,0.31369567
125.0,-28.75,0.30504844
125.25,-28.75,0.30525887
125.5,-28.75,0.30178282
125.75,-28.75,0.31121323
126.0,-28.75,0.32823882
126.25,-28.75,0.34372267
126.5,-28.75,0.36707863
126.75,-28.75,0.39210933
127.0,-28.75,0.38334286
127.25,-28.75,0.34119254
127.5,-28.75,0.31735396
127.75,-28.75,0.3196676
128.0,-28.75,0.31135
128.25,-28.75,0.31444493
128.5,-28.75,0.31795168
128.75,-28.75,0.318448
129.0,-28.75,0.31370884
129.25,-28.75,0.31908053
129.5,-28.75,0.32740083
129.75,-28.75,0.33267653
130.0,-28.75,0.3571921
130.25,-28.75,0.33190182
130.5,-28.75,0.32208624
130.75,-28.75,0.32573274
131.0,-28.75,0.33257657
131.25,-28.75,0.31589285
131.5,-28.75,0.320256
131.75,-28.75,0.32542902
132.0,-28.75,0.36155817
132.25,-28.75,0.41086286
132.5,-28.75,0.43341187
132.75,-28.75,0.41832525
133.0,-28.75,0.41076303
133.25,-28.75,0.41163525
133.5,-28.75,0.41365036
133.75,-28.75,0.4318124
134.0,-28.75,0.43113795
134.25,-28.75,0.39831677
134.5,-28.75,0.35870004
134.75,-28.75,0.3273575
135.0,-28.75,0.31451538
135.25,-28.75,0.3161149
135.5,-28.75,0.32205296
135.75,-28.75,0.3315706
136.0,-28.75,0.32493374
136.25,-28.75,0.30482814
136.5,-28.75,0.29270732
136.75,-28.75,0.2973295
137.0,-28.75,0.31824967
137.75,-28.75,0.32783756
138.0,-28.75,0.30168527
138.25,-28.75,0.29844704
138.5,-28.75,0.30327803
138.75,-28.75,0.31411204
139.0,-28.75,0.31762615
139.25,-28.75,0.31728622
139.5,-28.75,0.31815198
139.75,-28.75,0.31652775
140.0,-28.75,0.31594515
140.25,-28.75,0.3128641
140.5,-28.75,0.32321587
140.75,-28.75,0.34202677
141.0,-28.75,0.36007574
141.25,-28.75,0.3767787
141.5,-28.75,0.36988118
141.75,-28.75,0.35498857
142.0,-28.75,0.3270339
142.25,-28.75,0.2947954
142.5,-28.75,0.28110847
142.75,-28.75,0.29553935
143.0,-28.75,0.30423358
143.25,-28.75,0.33107442
143.5,-28.75,0.36595416
143.75,-28.75,0.3780823
144.0,-28.75,0.3378231
144.25,-28.75,0.29937312
144.5,-28.75,0.26933837
144.75,-28.75,0.2484871
145.0,-28.75,0.254164
145.25,-28.75,0.26347148
145.5,-28.75,0.29261398
145.75,-28.75,0.30692765
146.0,-28.75,0.29205006
146.25,-28.75,0.25461376
146.5,-28.75,0.24392673
146.75,-28.75,0.23556942
147.0,-28.75,0.23417704
147.25,-28.75,0.23261487
147.5,-28.75,0.24454351
147.75,-28.75,0.25049174
148.0,-28.75,0.24792422
148.25,-28.75,0.25000486
148.5,-28.75,0.2612986
148.75,-28.75,0.25904524
149.0,-28.75,0.25081834
149.25,-28.75,0.24048136
149.5,-28.75,0.24838658
149.75,-28.75,0.2527445
150.0,-28.75,0.26929393
150.25,-28.75,0.25710493
150.5,-28.75,0.22675763
150.75,-28.75,0.18172206
151.0,-28.75,0.15494569
151.25,-28.75,0.14915155
151.5,-28.75,0.19153471
151.75,-28.75,0.19534433
152.0,-28.75,0.15100987
152.25,-28.75,0.096400574
152.5,-28.75,0.072109334
152.75,-28.75,0.090481184
153.0,-28.75,0.08981487
153.25,-28.75,0.109874316
153.5,-28.75,0.18874899
153.75,-28.75,0.40441906
114.5,-29.0,0.51709265
114.75,-29.0,0.43107888
115.0,-29.0,0.33057657
115.25,-29.0,0.3199805
115.5,-29.0,0.32512343
115.75,-29.0,0.35533303
116.0,-29.0,0.3817256
116.25,-29.0,0.4116708
116.5,-29.0,0.43675402
116.75,-29.0,0.454203
117.0,-29.0,0.45215154
117.25,-29.0,0.4495354
117.5,-29.0,0.45723245
117.75,-29.0,0.47200248
118.0,-29.0,0.47602487
118.25,-29.0,0.47133473
118.5,-29.0,0.4534426
118.75,-29.0,0.41054767
119.0,-29.0,0.3552172
119.25,-29.0,0.3664881
119.5,-29.0,0.39916062
119.75,-29.0,0.45330906
120.0,-29.0,0.47769502
120.25,-29.0,0.46751073
120.5,-29.0,0.4613035
120.75,-29.0,0.45170605
121.0,-29.0,0.45334363
121.25,-29.0,0.4491532
121.5,-29.0,0.42909577
121.75,-29.0,0.4055108
122.0,-29.0,0.39427263
122.25,-29.0,0.40663236
122.5,-29.0,0.40433073
122.75,-29.0,0.359467
123.0,-29.0,0.33781064
123.25,-29.0,0.3340747
123.5,-29.0,0.34028417
123.75,-29.0,0.3435405
124.0,-29.0,0.35149625
124.25,-29.0,0.33357897
124.5,-29.0,0.32591432
124.75,-29.0,0.30903715
125.0,-29.0,0.30245906
125.25,-29.0,0.30406964
125.5,-29.0,0.3057405
125.75,-29.0,0.31368032
126.0,-29.0,0.3462273
126.25,-29.0,0.37137884
126.5,-29.0,0.38675982
126.75,-29.0,0.38626856
127.0,-29.0,0.36976752
127.25,-29.0,0.32497615
127.5,-29.0,0.313755
127.75,-29.0,0.31877917
128.0,-29.0,0.32277828
128.25,-29.0,0.32321557
128.5,-29.0,0.32272932
128.75,-29.0,0.31877866
129.0,-29.0,0.31424326
129.25,-29.0,0.31303164
129.5,-29.0,0.31713536
129.75,-29.0,0.33212274
130.0,-29.0,0.36836487
130.25,-29.0,0.37185585
130.5,-29.0,0.37809542
130.75,-29.0,0.37743914
131.0,-29.0,0.37221256
131.25,-29.0,0.35516813
131.5,-29.0,0.35994485
131.75,-29.0,0.36287612
132.0,-29.0,0.39063272
132.25,-29.0,0.41795874
132.5,-29.0,0.43203714
132.75,-29.0,0.41706792
133.0,-29.0,0.41455972
133.25,-29.0,0.41177502
133.5,-29.0,0.41753256
133.75,-29.0,0.426789
134.0,-29.0,0.42023265
134.25,-29.0,0.41341174
134.5,-29.0,0.37641868
134.75,-29.0,0.3501824
135.0,-29.0,0.3258318
135.25,-29.0,0.31633368
135.5,-29.0,0.32069206
135.75,-29.0,0.3262004
136.0,-29.0,0.3274009
136.25,-29.0,0.3077349
136.5,-29.0,0.2928196
136.75,-29.0,0.29268733
137.0,-29.0,0.30776417
137.25,-29.0,0.324032
137.5,-29.0,0.33006793
137.75,-29.0,0.30880597
138.0,-29.0,0.30148888
138.25,-29.0,0.29459146
138.5,-29.0,0.3040468
138.75,-29.0,0.31251445
139.0,-29.0,0.31029403
139.25,-29.0,0.3175041
139.5,-29.0,0.31687605
139.75,-29.0,0.32215878
140.0,-29.0,0.31910828
140.25,-29.0,0.31204605
140.5,-29.0,0.32594615
140.75,-29.0,0.34236148
141.0,-29.0,0.36450073
141.25,-29.0,0.37209094
141.5,-29.0,0.3546736
141.75,-29.0,0.33835906
142.0,-29.0,0.3112121
142.25,-29.0,0.29363564
142.5,-29.0,0.286504
142.75,-29.0,0.29758132
143.0,-29.0,0.30866596
143.25,-29.0,0.332857
143.5,-29.0,0.35886893
143.75,-29.0,0.36744365
144.0,-29.0,0.32169217
144.25,-29.0,0.27873352
144.5,-29.0,0.24999085
144.75,-29.0,0.25032666
145.0,-29.0,0.25468904
145.25,-29.0,0.25481963
145.5,-29.0,0.25888622
145.75,-29.0,0.26906353
146.0,-29.0,0.26894155
146.25,-29.0,0.24886529
146.5,-29.0,0.24048951
146.75,-29.0,0.23874119
147.0,-29.0,0.23630361
147.25,-29.0,0.25017026
147.5,-29.0,0.26625094
147.75,-29.0,0.2692069
148.0,-29.0,0.25628725
148.25,-29.0,0.25023538
148.5,-29.0,0.2394267
148.75,-29.0,0.23495094
149.0,-29.0,0.23225081
149.25,-29.0,0.24472915
149.5,-29.0,0.25158742
149.75,-29.0,0.2673292
150.0,-29.0,0.27384448
150.25,-29.0,0.2560052
150.5,-29.0,0.2217544
150.75,-29.0,0.17484875
151.0,-29.0,0.13696261
151.25,-29.0,0.1198721
151.5,-29.0,0.13741651
151.75,-29.0,0.14301544
152.0,-29.0,0.11087343
152.25,-29.0,0.06938209
152.5,-29.0,0.04967805
152.75,-29.0,0.0730185
153.0,-29.0,0.10226683
153.25,-29.0,0.12811308
153.5,-29.0,0.22461547
153.75,-29.0,0.41515517
114.75,-29.25,0.48493096
115.0,-29.25,0.3443034
115.25,-29.25,0.32070577
115.5,-29.25,0.32563743
115.75,-29.25,0.33219758
116.0,-29.25,0.35043094
116.25,-29.25,0.382985
116.5,-29.25,0.41172162
116.75,-29.25,0.42623404
117.0,-29.25,0.43441063
117.25,-29.25,0.4312098
117.5,-29.25,0.44955164
117.75,-29.25,0.4548575
118.0,-29.25,0.4556594
118.25,-29.25,0.4600678
118.5,-29.25,0.4427935
118.75,-29.25,0.40310824
119.0,-29.25,0.36212188
119.25,-29.25,0.36608827
119.5,-29.25,0.40283912
119.75,-29.25,0.45275962
120.0,-29.25,0.48104528
120.25,-29.25,0.4624307
120.5,-29.25,0.45185313
120.75,-29.25,0.45528206
121.0,-29.25,0.45431668
121.25,-29.25,0.45763865
121.5,-29.25,0.41657546
121.75,-29.25,0.38819566
122.0,-29.25,0.38507006
122.25,-29.25,0.39502516
122.5,-29.25,0.37812468
122.75,-29.25,0.3538046
123.0,-29.25,0.33137432
123.25,-29.25,0.32523885
123.5,-29.25,0.3300742
123.75,-29.25,0.36477056
124.0,-29.25,0.39109778
124.25,-29.25,0.369854
124.5,-29.25,0.33148003
124.75,-29.25,0.30920216
125.0,-29.25,0.3090705
125.25,-29.25,0.3276647
125.5,-29.25,0.32503703
125.75,-29.25,0.3219677
126.0,-29.25,0.34479725
126.25,-29.25,0.37810627
126.5,-29.25,0.4115533
126.75,-29.25,0.40938696
127.0,-29.25,0.37650996
127.25,-29.25,0.328494
127.5,-29.25,0.31876564
127.75,-29.25,0.32246503
128.0,-29.25,0.32355404
128.25,-29.25,0.3195672
128.5,-29.25,0.3145147
128.75,-29.25,0.3095309
129.0,-29.25,0.30971757
129.25,-29.25,0.30733398
129.5,-29.25,0.3069246
129.75,-29.25,0.31664658
130.0,-29.25,0.35103172
130.25,-29.25,0.40240008
130.5,-29.25,0.41012326
130.75,-29.25,0.41998124
131.0,-29.25,0.41307878
131.25,-29.25,0.40238866
131.5,-29.25,0.39061195
131.75,-29.25,0.38327253
132.0,-29.25,0.37915716
132.25,-29.25,0.40008035
132.5,-29.25,0.4218403
132.75,-29.25,0.41687182
133.0,-29.25,0.41249257
133.25,-29.25,0.4218825
133.5,-29.25,0.4254439
133.75,-29.25,0.42192197
134.0,-29.25,0.41637218
134.25,-29.25,0.4058071
134.5,-29.25,0.39332265
134.75,-29.25,0.36441293
135.0,-29.25,0.34789583
135.25,-29.25,0.33156928
135.5,-29.25,0.3300032
135.75,-29.25,0.3291441
136.0,-29.25,0.32513285
136.25,-29.25,0.30873007
136.5,-29.25,0.2970905
136.75,-29.25,0.2918497
137.0,-29.25,0.30192807
137.25,-29.25,0.31387872
137.5,-29.25,0.31761128
137.75,-29.25,0.30426744
138.0,-29.25,0.29223964
138.25,-29.25,0.2952718
138.5,-29.25,0.30062032
138.75,-29.25,0.31257737
139.0,-29.25,0.30655873
139.25,-29.25,0.3094466
139.5,-29.25,0.32009974
139.75,-29.25,0.32377028
140.0,-29.25,0.31838924
140.25,-29.25,0.31671706
140.5,-29.25,0.33026806
140.75,-29.25,0.35840306
141.0,-29.25,0.37566763
141.25,-29.25,0.36954692
141.5,-29.25,0.34420675
141.75,-29.25,0.32477957
142.0,-29.25,0.31194374
142.25,-29.25,0.2961836
142.5,-29.25,0.29910967
142.75,-29.25,0.30412608
143.0,-29.25,0.3155104
143.25,-29.25,0.3425609
143.5,-29.25,0.36706743
143.75,-29.25,0.37416688
144.0,-29.25,0.32316655
144.25,-29.25,0.2780749
144.5,-29.25,0.25265354
144.75,-29.25,0.2498373
145.0,-29.25,0.2520735
145.25,-29.25,0.25122765
145.5,-29.25,0.25106242
145.75,-29.25,0.2513646
146.0,-29.25,0.24936476
146.25,-29.25,0.24946299
146.5,-29.25,0.25024647
146.75,-29.25,0.24681069
147.0,-29.25,0.25481766
147.25,-29.25,0.26688364
147.5,-29.25,0.27486622
147.75,-29.25,0.27033544
148.0,-29.25,0.25495288
148.25,-29.25,0.2440824
148.5,-29.25,0.23167303
148.75,-29.25,0.23716386
149.0,-29.25,0.23457332
149.25,-29.25,0.2383
149.5,-29.25,0.24668252
149.75,-29.25,0.25844714
150.0,-29.25,0.25266552
150.25,-29.25,0.2343437
150.5,-29.25,0.20803985
150.75,-29.25,0.19709502
151.0,-29.25,0.15895969
151.25,-29.25,0.13888848
151.5,-29.25,0.15252331
151.75,-29.25,0.15975703
152.0,-29.25,0.10402314
152.25,-29.25,0.060693413
152.5,-29.25,0.035740357
152.75,-29.25,0.06386595
153.0,-29.25,0.096467696
153.25,-29.25,0.19328853
153.5,-29.25,0.31565255
114.75,-29.5,0.50088614
115.0,-29.5,0.35091442
115.25,-29.5,0.32972455
115.5,-29.5,0.349532
115.75,-29.5,0.35511357
116.0,-29.5,0.33901697
116.25,-29.5,0.364566
116.5,-29.5,0.3839097
116.75,-29.5,0.3846797
117.0,-29.5,0.38810724
117.25,-29.5,0.40322533
117.5,-29.5,0.426667
117.75,-29.5,0.43476287
118.0,-29.5,0.44043574
118.25,-29.5,0.43983868
118.5,-29.5,0.43933716
118.75,-29.5,0.41410282
119.0,-29.5,0.389876
119.25,-29.5,0.39197472
119.5,-29.5,0.42358708
119.75,-29.5,0.44462478
120.0,-29.5,0.46117365
120.25,-29.5,0.44453207
120.5,-29.5,0.44945183
120.75,-29.5,0.44618863
121.0,-29.5,0.43936646
121.25,-29.5,0.44468027
121.5,-29.5,0.4056804
121.75,-29.5,0.3941609
122.0,-29.5,0.38767073
122.25,-29.5,0.38954386
122.5,-29.5,0.3644753
122.75,-29.5,0.34809184
123.0,-29.5,0.34298617
123.25,-29.5,0.33492753
123.5,-29.5,0.3350108
123.75,-29.5,0.36696324
124.0,-29.5,0.40129206
124.25,-29.5,0.4031003
124.5,-29.5,0.36289433
124.75,-29.5,0.31318158
125.0,-29.5,0.3068276
125.25,-29.5,0.33979973
125.5,-29.5,0.37756485
125.75,-29.5,0.37256193
126.0,-29.5,0.37779906
126.25,-29.5,0.40008235
126.5,-29.5,0.43292144
126.75,-29.5,0.43403804
127.0,-29.5,0.39876682
127.25,-29.5,0.35445127
127.5,-29.5,0.33924046
127.75,-29.5,0.33734253
128.0,-29.5,0.32688203
128.25,-29.5,0.31997874
128.5,-29.5,0.32051465
128.75,-29.5,0.3215317
129.0,-29.5,0.32054666
129.25,-29.5,0.3184956
129.5,-29.5,0.31516692
129.75,-29.5,0.30338058
130.0,-29.5,0.32500768
130.25,-29.5,0.38625368
130.5,-29.5,0.43049702
130.75,-29.5,0.43653816
131.0,-29.5,0.43966448
131.25,-29.5,0.43140584
131.5,-29.5,0.41262132
131.75,-29.5,0.38895187
132.0,-29.5,0.37972492
132.25,-29.5,0.37782645
132.5,-29.5,0.39969572
132.75,-29.5,0.4035313
133.0,-29.5,0.40752152
133.25,-29.5,0.41229147
133.5,-29.5,0.42505944
133.75,-29.5,0.41970745
134.0,-29.5,0.41485503
134.25,-29.5,0.40499178
134.5,-29.5,0.3866935
134.75,-29.5,0.37407085
135.0,-29.5,0.37328422
135.25,-29.5,0.35887212
135.5,-29.5,0.34426486
135.75,-29.5,0.33921006
136.0,-29.5,0.32912758
136.25,-29.5,0.31565645
136.5,-29.5,0.30819136
136.75,-29.5,0.30991468
137.0,-29.5,0.31416726
137.25,-29.5,0.3182952
137.5,-29.5,0.31979385
137.75,-29.5,0.30628157
138.0,-29.5,0.29326457
138.25,-29.5,0.2902989
138.5,-29.5,0.2962075
138.75,-29.5,0.30564207
139.0,-29.5,0.3000445
139.25,-29.5,0.30945244
139.5,-29.5,0.3176528
139.75,-29.5,0.31739032
140.0,-29.5,0.31035095
140.25,-29.5,0.31091112
140.5,-29.5,0.3399104
140.75,-29.5,0.3636779
141.0,-29.5,0.3762024
141.25,-29.5,0.3668122
141.5,-29.5,0.34092197
141.75,-29.5,0.321183
142.0,-29.5,0.30608943
142.25,-29.5,0.30926454
142.5,-29.5,0.31646267
142.75,-29.5,0.32077363
143.0,-29.5,0.3396147
143.25,-29.5,0.3647221
143.5,-29.5,0.3677417
143.75,-29.5,0.36640373
144.0,-29.5,0.3136178
144.25,-29.5,0.2767279
144.5,-29.5,0.24930944
144.75,-29.5,0.25157776
145.0,-29.5,0.2529678
145.25,-29.5,0.25132772
145.5,-29.5,0.25129762
145.75,-29.5,0.24834283
146.0,-29.5,0.25438148
146.25,-29.5,0.25767708
146.5,-29.5,0.26572186
146.75,-29.5,0.27299783
147.0,-29.5,0.2781073
147.25,-29.5,0.2737747
147.5,-29.5,0.2700773
147.75,-29.5,0.26176968
148.0,-29.5,0.25448507
148.25,-29.5,0.24011579
148.5,-29.5,0.24862295
148.75,-29.5,0.25852585
149.0,-29.5,0.24903926
149.25,-29.5,0.24109304
149.5,-29.5,0.24333754
149.75,-29.5,0.24932711
150.0,-29.5,0.23357973
150.25,-29.5,0.19773443
150.5,-29.5,0.1837038
150.75,-29.5,0.17074712
151.0,-29.5,0.17955633
151.25,-29.5,0.17081022
151.5,-29.5,0.19146967
151.75,-29.5,0.17575403
152.0,-29.5,0.12485552
152.25,-29.5,0.05419919
152.5,-29.5,0.029456818
152.75,-29.5,0.0511779
153.0,-29.5,0.103819504
153.25,-29.5,0.20338264
153.5,-29.5,0.3677659
114.75,-29.75,0.51159394
115.0,-29.75,0.36544323
115.25,-29.75,0.34101585
115.5,-29.75,0.36169463
115.75,-29.75,0.36295033
116.0,-29.75,0.34099028
116.25,-29.75,0.35412294
116.5,-29.75,0.36237198
116.75,-29.75,0.3580843
117.0,-29.75,0.36261588
117.25,-29.75,0.3744177
117.5,-29.75,0.40586382
117.75,-29.75,0.42572823
118.0,-29.75,0.4268407
118.25,-29.75,0.40471467
118.5,-29.75,0.39781952
118.75,-29.75,0.4105018
119.0,-29.75,0.4300808
119.25,-29.75,0.4260038
119.5,-29.75,0.41970533
119.75,-29.75,0.430049
120.0,-29.75,0.4240551
120.25,-29.75,0.42926472
120.5,-29.75,0.4330011
120.75,-29.75,0.42379844
121.0,-29.75,0.40586025
121.25,-29.75,0.41676062
121.5,-29.75,0.40114138
121.75,-29.75,0.3890567
122.0,-29.75,0.37269095
122.25,-29.75,0.3698986
122.5,-29.75,0.3549891
122.75,-29.75,0.3549584
123.0,-29.75,0.3501221
123.25,-29.75,0.3427486
123.5,-29.75,0.3395122
123.75,-29.75,0.35442707
124.0,-29.75,0.3965227
124.25,-29.75,0.40155196
124.5,-29.75,0.37164974
124.75,-29.75,0.31632257
125.0,-29.75,0.29491675
125.25,-29.75,0.34531054
125.5,-29.75,0.39023298
125.75,-29.75,0.43245658
126.0,-29.75,0.4357723
126.25,-29.75,0.43190306
126.5,-29.75,0.4533301
126.75,-29.75,0.4503953
127.0,-29.75,0.44594726
127.25,-29.75,0.40277842
127.5,-29.75,0.3888598
127.75,-29.75,0.3765796
128.0,-29.75,0.36097366
128.25,-29.75,0.341359
128.5,-29.75,0.34074485
128.75,-29.75,0.3681229
129.0,-29.75,0.37310395
129.25,-29.75,0.36718076
129.5,-29.75,0.3363769
129.75,-29.75,0.31951788
130.0,-29.75,0.31389317
130.25,-29.75,0.35733467
130.5,-29.75,0.40307844
130.75,-29.75,0.44428837
131.0,-29.75,0.445613
131.25,-29.75,0.43997753
131.5,-29.75,0.423636
131.75,-29.75,0.39659464
132.0,-29.75,0.38979906
132.25,-29.75,0.37794024
132.5,-29.75,0.37393793
132.75,-29.75,0.38532975
133.0,-29.75,0.38407588
133.25,-29.75,0.40693638
133.5,-29.75,0.41706544
133.75,-29.75,0.4277551
134.0,-29.75,0.42336038
134.25,-29.75,0.40680298
134.5,-29.75,0.39488924
134.75,-29.75,0.37682712
135.0,-29.75,0.39017862
135.25,-29.75,0.389035
135.5,-29.75,0.36686584
135.75,-29.75,0.34574214
136.0,-29.75,0.32992798
136.25,-29.75,0.32849333
136.5,-29.75,0.337524
136.75,-29.75,0.33492357
137.0,-29.75,0.3364723
137.25,-29.75,0.33290637
137.5,-29.75,0.33308497
137.75,-29.75,0.32357407
138.0,-29.75,0.30480453
138.25,-29.75,0.28436622
138.5,-29.75,0.28414476
138.75,-29.75,0.29164892
139.0,-29.75,0.3038198
139.25,-29.75,0.3113483
139.5,-29.75,0.2894429
139.75,-29.75,0.29203308
140.0,-29.75,0.29210976
140.25,-29.75,0.30353963
140.5,-29.75,0.3282335
140.75,-29.75,0.35807452
141.0,-29.75,0.3668683
141.25,-29.75,0.3655626
141.5,-29.75,0.34442666
141.75,-29.75,0.32289314
142.0,-29.75,0.32195827
142.25,-29.75,0.32417187
142.5,-29.75,0.34020004
142.75,-29.75,0.35245347
143.0,-29.75,0.37000588
143.25,-29.75,0.3598962
143.5,-29.75,0.35640946
143.75,-29.75,0.33167136
144.0,-29.75,0.28799978
144.25,-29.75,0.253221
144.5,-29.75,0.25427487
144.75,-29.75,0.2553594
145.0,-29.75,0.2556016
145.25,-29.75,0.2526885
145.5,-29.75,0.25016442
145.75,-29.75,0.2635302
146.0,-29.75,0.26784146
146.25,-29.75,0.27016595
146.5,-29.75,0.282752
146.75,-29.75,0.28805974
147.0,-29.75,0.29271537
147.25,-29.75,0.2826951
147.5,-29.75,0.27309844
147.75,-29.75,0.27491778
148.0,-29.75,0.26631418
148.25,-29.75,0.26328897
148.5,-29.75,0.27172077
148.75,-29.75,0.2766502
149.0,-29.75,0.25901267
149.25,-29.75,0.24616073
149.5,-29.75,0.24816675
149.75,-29.75,0.24935852
150.0,-29.75,0.21380828
150.25,-29.75,0.1393568
150.5,-29.75,0.12572163
150.75,-29.75,0.13724133
151.0,-29.75,0.14881575
151.25,-29.75,0.17524114
151.5,-29.75,0.20512229
151.75,-29.75,0.19255103
152.0,-29.75,0.109820925
152.25,-29.75,0.045843273
152.5,-29.75,0.033254035
152.75,-29.75,0.04951809
153.0,-29.75,0.09994612
153.25,-29.75,0.22860707
153.5,-29.75,0.3967957
114.75,-30.0,0.5414434
115.0,-30.0,0.41213292
115.25,-30.0,0.3665073
115.5,-30.0,0.35387433
115.75,-30.0,0.35443544
116.0,-30.0,0.34025177
116.25,-30.0,0.34797865
116.5,-30.0,0.35893533
116.75,-30.0,0.3660298
117.0,-30.0,0.36760372
117.25,-30.0,0.3833235
117.5,-30.0,0.41006145
117.75,-30.0,0.42514735
118.0,-30.0,0.3972747
118.25,-30.0,0.36630863
118.5,-30.0,0.35453472
118.75,-30.0,0.3857423
119.0,-30.0,0.42264917
119.25,-30.0,0.4282933
119.5,-30.0,0.41556814
119.75,-30.0,0.40825114
120.0,-30.0,0.39616993
120.25,-30.0,0.4099064
120.5,-30.0,0.42073676
120.75,-30.0,0.40618232
121.0,-30.0,0.395064
121.25,-30.0,0.40915295
121.5,-30.0,0.40299177
121.75,-30.0,0.38672632
122.0,-30.0,0.362702
122.25,-30.0,0.35445648
122.5,-30.0,0.35980263
122.75,-30.0,0.36511925
123.0,-30.0,0.35119194
123.25,-30.0,0.34164476
123.5,-30.0,0.34026077
123.75,-30.0,0.35003147
124.0,-30.0,0.38121665
124.25,-30.0,0.36972544
124.5,-30.0,0.3392722
124.75,-30.0,0.3147961
125.0,-30.0,0.2941928
125.25,-30.0,0.33952376
125.5,-30.0,0.40094054
125.75,-30.0,0.44287214
126.0,-30.0,0.45326892
126.25,-30.0,0.4391145
126.5,-30.0,0.4594459
126.75,-30.0,0.4702622
127.0,-30.0,0.4650975
127.25,-30.0,0.45783585
127.5,-30.0,0.4463482
127.75,-30.0,0.42803994
128.0,-30.0,0.40543193
128.25,-30.0,0.3823287
128.5,-30.0,0.38385913
128.75,-30.0,0.42226717
129.0,-30.0,0.43404788
129.25,-30.0,0.42318827
129.5,-30.0,0.38901702
129.75,-30.0,0.3608181
130.0,-30.0,0.336496
130.25,-30.0,0.35341665
130.5,-30.0,0.38839328
130.75,-30.0,0.42847782
131.0,-30.0,0.44301736
131.25,-30.0,0.4345604
131.5,-30.0,0.41488478
131.75,-30.0,0.4069564
132.0,-30.0,0.39837655
132.25,-30.0,0.3927904
132.5,-30.0,0.36064234
132.75,-30.0,0.35965407
133.0,-30.0,0.3535955
133.25,-30.0,0.3750154
133.5,-30.0,0.41652507
133.75,-30.0,0.43725452
134.0,-30.0,0.42514864
134.25,-30.0,0.41967875
134.5,-30.0,0.40353453
134.75,-30.0,0.38604152
135.0,-30.0,0.38347995
135.25,-30.0,0.38490674
135.5,-30.0,0.37680376
135.75,-30.0,0.35151145
136.0,-30.0,0.33808833
136.25,-30.0,0.3375821
136.5,-30.0,0.3487037
136.75,-30.0,0.36363062
137.0,-30.0,0.36053574
137.25,-30.0,0.35524023
137.5,-30.0,0.35162044
137.75,-30.0,0.34317854
138.0,-30.0,0.31595066
138.25,-30.0,0.2882689
138.5,-30.0,0.28518504
138.75,-30.0,0.29461735
139.0,-30.0,0.31635413
139.25,-30.0,0.27277
139.5,-30.0,0.25906426
139.75,-30.0,0.26133454
140.0,-30.0,0.26860052
140.25,-30.0,0.28357056
140.5,-30.0,0.31368104
140.75,-30.0,0.34050995
141.0,-30.0,0.3626729
141.25,-30.0,0.3663653
141.5,-30.0,0.3467873
141.75,-30.0,0.34127647
142.0,-30.0,0.33887765
142.25,-30.0,0.34578857
142.5,-30.0,0.36400515
142.75,-30.0,0.37903985
143.0,-30.0,0.3843337
143.25,-30.0,0.36963606
143.5,-30.0,0.3460812
143.75,-30.0,0.31106117
144.0,-30.0,0.27859876
144.25,-30.0,0.27706245
144.5,-30.0,0.27544418
144.75,-30.0,0.26550615
145.0,-30.0,0.25968704
145.25,-30.0,0.2545004
145.5,-30.0,0.25282186
145.75,-30.0,0.26397452
146.0,-30.0,0.2761659
146.25,-30.0,0.27385834
146.5,-30.0,0.27596435
146.75,-30.0,0.2783614
147.0,-30.0,0.28147054
147.25,-30.0,0.30026048
147.5,-30.0,0.29687586
147.75,-30.0,0.30722275
148.0,-30.0,0.3012158
148.25,-30.0,0.2946183
148.5,-30.0,0.28149265
148.75,-30.0,0.27211472
149.0,-30.0,0.24982741
149.25,-30.0,0.24101064
149.5,-30.0,0.23833463
149.75,-30.0,0.22239566
150.0,-30.0,0.1736699
150.25,-30.0,0.10025249
150.5,-30.0,0.095485136
150.75,-30.0,0.10324149
151.0,-30.0,0.12174625
151.25,-30.0,0.1595049
151.5,-30.0,0.19938797
151.75,-30.0,0.18544027
152.0,-30.0,0.111041464
152.25,-30.0,0.05446884
152.5,-30.0,0.050807588
152.75,-30.0,0.07040237
153.0,-30.0,0.10867182
153.25,-30.0,0.2413869
153.5,-30.0,0.4039925
114.75,-30.25,0.5628071
115.0,-30.25,0.47715074
115.25,-30.25,0.37066793
115.5,-30.25,0.3384509
115.75,-30.25,0.33554518
116.0,-30.25,0.32944694
116.25,-30.25,0.3420124
116.5,-30.25,0.35285765
116.75,-30.25,0.35675433
117.0,-30.25,0.36793822
117.25,-30.25,0.38919148
117.5,-30.25,0.4297099
117.75,-30.25,0.4457683
118.0,-30.25,0.4166738
118.25,-30.25,0.37631932
118.5,-30.25,0.34762403
118.75,-30.25,0.36935297
119.0,-30.25,0.40526164
119.25,-30.25,0.41592574
119.5,-30.25,0.4149092
119.75,-30.25,0.40690687
120.0,-30.25,0.39287257
120.25,-30.25,0.39690045
120.5,-30.25,0.40868527
120.75,-30.25,0.41011983
121.0,-30.25,0.40986556
121.25,-30.25,0.42671978
121.5,-30.25,0.44053146
121.75,-30.25,0.42756957
122.0,-30.25,0.4084908
122.25,-30.25,0.39839637
122.5,-30.25,0.40633985
122.75,-30.25,0.38018167
123.0,-30.25,0.35526147
123.25,-30.25,0.3475758
123.5,-30.25,0.35102963
123.75,-30.25,0.3552539
124.0,-30.25,0.34405547
124.25,-30.25,0.3233751
124.5,-30.25,0.30864036
124.75,-30.25,0.30774295
125.0,-30.25,0.31619176
125.25,-30.25,0.3430736
125.5,-30.25,0.3999822
125.75,-30.25,0.44702595
126.0,-30.25,0.45931718
126.25,-30.25,0.44337937
126.5,-30.25,0.45991033
126.75,-30.25,0.4633059
127.0,-30.25,0.45914403
127.25,-30.25,0.46136305
127.5,-30.25,0.4624512
127.75,-30.25,0.45810342
128.0,-30.25,0.44659248
128.25,-30.25,0.43881047
128.5,-30.25,0.43887264
128.75,-30.25,0.4452144
129.0,-30.25,0.4443533
129.25,-30.25,0.4395949
129.5,-30.25,0.4304669
129.75,-30.25,0.42006204
130.0,-30.25,0.39713877
130.25,-30.25,0.37194753
130.5,-30.25,0.39313734
130.75,-30.25,0.41822517
131.0,-30.25,0.4303143
131.25,-30.25,0.4214588
131.5,-30.25,0.3909691
131.75,-30.25,0.38096893
132.0,-30.25,0.39169782
132.25,-30.25,0.40454173
132.5,-30.25,0.3761576
132.75,-30.25,0.35566932
133.0,-30.25,0.34140646
133.25,-30.25,0.35101244
133.5,-30.25,0.38838816
133.75,-30.25,0.40777883
134.0,-30.25,0.39481372
134.25,-30.25,0.39023432
134.5,-30.25,0.38572782
134.75,-30.25,0.37695384
135.0,-30.25,0.34734824
135.25,-30.25,0.35445607
135.5,-30.25,0.3550866
135.75,-30.25,0.35014638
136.0,-30.25,0.33996153
136.25,-30.25,0.32827348
136.5,-30.25,0.3140503
136.75,-30.25,0.3368301
137.0,-30.25,0.35456195
137.25,-30.25,0.35599515
137.5,-30.25,0.36646536
137.75,-30.25,0.36849338
138.0,-30.25,0.3304471
138.25,-30.25,0.29605472
138.5,-30.25,0.30211115
138.75,-30.25,0.33162484
139.0,-30.25,0.31835654
139.25,-30.25,0.23771392
139.5,-30.25,0.21059342
139.75,-30.25,0.23015952
140.0,-30.25,0.25930882
140.25,-30.25,0.28537694
140.5,-30.25,0.3125917
140.75,-30.25,0.33961457
141.0,-30.25,0.35790482
141.25,-30.25,0.36369523
141.5,-30.25,0.35925084
141.75,-30.25,0.35821545
142.0,-30.25,0.35477677
142.25,-30.25,0.3567853
142.5,-30.25,0.37273648
142.75,-30.25,0.38283846
143.0,-30.25,0.3861343
143.25,-30.25,0.3847297
143.5,-30.25,0.37451288
143.75,-30.25,0.3452413
144.0,-30.25,0.31824684
144.25,-30.25,0.3207282
144.5,-30.25,0.31775787
144.75,-30.25,0.29621837
145.0,-30.25,0.27598187
145.25,-30.25,0.25869304
145.5,-30.25,0.25129965
145.75,-30.25,0.25242823
146.0,-30.25,0.25922158
146.25,-30.25,0.25792193
146.5,-30.25,0.24529432
146.75,-30.25,0.25078988
147.0,-30.25,0.27999952
147.25,-30.25,0.31783015
147.5,-30.25,0.3169833
147.75,-30.25,0.32043543
148.0,-30.25,0.31033793
148.25,-30.25,0.29815406
148.5,-30.25,0.27767035
148.75,-30.25,0.24940741
149.0,-30.25,0.23337798
149.25,-30.25,0.2237168
149.5,-30.25,0.21023715
149.75,-30.25,0.1853268
150.0,-30.25,0.13755903
150.25,-30.25,0.093513355
150.5,-30.25,0.101868816
150.75,-30.25,0.1185357
151.0,-30.25,0.12977478
151.25,-30.25,0.15792088
151.5,-30.25,0.21872568
151.75,-30.25,0.20944485
152.0,-30.25,0.14532319
152.25,-30.25,0.08554829
152.5,-30.25,0.07557992
152.75,-30.25,0.07395454
153.0,-30.25,0.123654306
153.25,-30.25,0.27807796
114.75,-30.5,0.5573232
115.0,-30.5,0.47190234
115.25,-30.5,0.34242028
115.5,-30.5,0.30387634
115.75,-30.5,0.31904194
116.0,-30.5,0.32889676
116.25,-30.5,0.33506152
116.5,-30.5,0.34616476
116.75,-30.5,0.3441031
117.0,-30.5,0.36591533
117.25,-30.5,0.4025026
117.5,-30.5,0.4366837
117.75,-30.5,0.44905785
118.0,-30.5,0.43685618
118.25,-30.5,0.42303422
118.5,-30.5,0.40289786
118.75,-30.5,0.38183257
119.0,-30.5,0.3836396
119.25,-30.5,0.38918227
119.5,-30.5,0.39591578
119.75,-30.5,0.39791217
120.0,-30.5,0.38367334
120.25,-30.5,0.3856915
120.5,-30.5,0.39202058
120.75,-30.5,0.39633578
121.0,-30.5,0.4013735
121.25,-30.5,0.41550213
121.5,-30.5,0.4348527
121.75,-30.5,0.44559425
122.0,-30.5,0.45388597
122.25,-30.5,0.46353525
122.5,-30.5,0.4608831
122.75,-30.5,0.42435828
123.0,-30.5,0.38766107
123.25,-30.5,0.3666286
123.5,-30.5,0.3548514
123.75,-30.5,0.34662077
124.0,-30.5,0.3329056
124.25,-30.5,0.3188392
124.5,-30.5,0.31481636
124.75,-30.5,0.33551782
125.0,-30.5,0.348877
125.25,-30.5,0.36534825
125.5,-30.5,0.39599738
125.75,-30.5,0.44912636
126.0,-30.5,0.44515762
126.25,-30.5,0.452454
126.5,-30.5,0.46031827
126.75,-30.5,0.4560593
127.0,-30.5,0.4312397
127.25,-30.5,0.44237226
127.5,-30.5,0.4519449
127.75,-30.5,0.45412812
128.0,-30.5,0.4514357
128.25,-30.5,0.44808125
128.5,-30.5,0.4475725
128.75,-30.5,0.4474195
129.0,-30.5,0.4449661
129.25,-30.5,0.4425058
129.5,-30.5,0.4302488
129.75,-30.5,0.4252011
130.0,-30.5,0.42332444
130.25,-30.5,0.4198098
130.5,-30.5,0.42743286
130.75,-30.5,0.42760795
131.0,-30.5,0.4248769
131.25,-30.5,0.4192937
131.5,-30.5,0.40983042
131.75,-30.5,0.40599635
132.0,-30.5,0.41679114
132.25,-30.5,0.4295426
132.5,-30.5,0.4275571
132.75,-30.5,0.40811685
133.0,-30.5,0.37730548
133.25,-30.5,0.35453314
133.5,-30.5,0.34627017
133.75,-30.5,0.34475726
134.0,-30.5,0.32531986
134.25,-30.5,0.32047668
134.5,-30.5,0.33217594
134.75,-30.5,0.34982246
135.0,-30.5,0.31739897
135.25,-30.5,0.30783424
135.5,-30.5,0.30733842
135.75,-30.5,0.3078458
136.0,-30.5,0.30206636
136.25,-30.5,0.29069486
136.5,-30.5,0.2976918
136.75,-30.5,0.32859793
137.0,-30.5,0.3703989
137.25,-30.5,0.37636945
137.5,-30.5,0.38783383
137.75,-30.5,0.37981966
138.0,-30.5,0.35179338
138.25,-30.5,0.31051543
138.5,-30.5,0.34447095
138.75,-30.5,0.33298132
139.0,-30.5,0.26484343
139.25,-30.5,0.18714409
139.5,-30.5,0.18818295
139.75,-30.5,0.244298
140.0,-30.5,0.27855366
140.25,-30.5,0.30686593
140.5,-30.5,0.33159074
140.75,-30.5,0.3543769
141.0,-30.5,0.35919106
141.25,-30.5,0.3637989
141.5,-30.5,0.37277046
141.75,-30.5,0.38227704
142.0,-30.5,0.366993
142.25,-30.5,0.3607358
142.5,-30.5,0.3642961
142.75,-30.5,0.37387764
143.0,-30.5,0.37527966
143.25,-30.5,0.38023245
143.5,-30.5,0.37868837
143.75,-30.5,0.36998093
144.0,-30.5,0.35539123
144.25,-30.5,0.36729228
144.5,-30.5,0.36270592
144.75,-30.5,0.34041086
145.0,-30.5,0.3044362
145.25,-30.5,0.2687073
145.5,-30.5,0.2570625
145.75,-30.5,0.25377414
146.0,-30.5,0.25141564
146.25,-30.5,0.24631327
146.5,-30.5,0.22850682
146.75,-30.5,0.2331579
147.0,-30.5,0.2657382
147.25,-30.5,0.3060135
147.5,-30.5,0.28341597
147.75,-30.5,0.27356198
148.0,-30.5,0.2788335
148.25,-30.5,0.2844416
148.5,-30.5,0.27217102
148.75,-30.5,0.22724588
149.0,-30.5,0.21188413
149.25,-30.5,0.20588262
149.5,-30.5,0.19846618
149.75,-30.5,0.17800607
150.0,-30.5,0.13409704
150.25,-30.5,0.113960184
150.5,-30.5,0.11953087
150.75,-30.5,0.14648825
151.0,-30.5,0.15080234
151.25,-30.5,0.18776627
151.5,-30.5,0.21319574
151.75,-30.5,0.20254359
152.0,-30.5,0.13365388
152.25,-30.5,0.0822004
152.5,-30.5,0.051782873
152.75,-30.5,0.05298602
153.0,-30.5,0.114257924
153.25,-30.5,0.33190954
115.0,-30.75,0.4751238
115.25,-30.75,0.34971842
115.5,-30.75,0.2853789
115.75,-30.75,0.30949026
116.0,-30.75,0.3270222
116.25,-30.75,0.33763143
116.5,-30.75,0.3422651
116.75,-30.75,0.34308088
117.0,-30.75,0.3627565
117.25,-30.75,0.38834494
117.5,-30.75,0.40051582
117.75,-30.75,0.38259983
118.0,-30.75,0.37719443
118.25,-30.75,0.38491064
118.5,-30.75,0.38400126
118.75,-30.75,0.37937412
119.0,-30.75,0.3813649
119.25,-30.75,0.374188
119.5,-30.75,0.36624038
119.75,-30.75,0.3586437
120.0,-30.75,0.3488435
120.25,-30.75,0.36889336
120.5,-30.75,0.3664032
120.75,-30.75,0.35263342
121.0,-30.75,0.3450002
121.25,-30.75,0.38357306
121.5,-30.75,0.42126048
121.75,-30.75,0.4427809
122.0,-30.75,0.45970783
122.25,-30.75,0.46878272
122.5,-30.75,0.45365596
122.75,-30.75,0.42462265
123.0,-30.75,0.39861917
123.25,-30.75,0.38770655
123.5,-30.75,0.3760752
123.75,-30.75,0.37029693
124.0,-30.75,0.3581142
124.25,-30.75,0.348193
124.5,-30.75,0.35893643
124.75,-30.75,0.40613094
125.0,-30.75,0.4249902
125.25,-30.75,0.42980507
125.5,-30.75,0.43425983
125.75,-30.75,0.4395293
126.0,-30.75,0.41730258
126.25,-30.75,0.4276625
126.5,-30.75,0.44796672
126.75,-30.75,0.45371118
127.0,-30.75,0.42960665
127.25,-30.75,0.44033852
127.5,-30.75,0.45062327
127.75,-30.75,0.4538595
128.0,-30.75,0.45102105
128.25,-30.75,0.44363892
128.5,-30.75,0.44343814
128.75,-30.75,0.44367114
129.0,-30.75,0.43957478
129.25,-30.75,0.42421547
129.5,-30.75,0.4058095
129.75,-30.75,0.39903876
130.0,-30.75,0.4032005
130.25,-30.75,0.4205951
130.5,-30.75,0.42534018
130.75,-30.75,0.42380396
131.0,-30.75,0.42204675
131.25,-30.75,0.41912583
131.5,-30.75,0.4123913
131.75,-30.75,0.41583088
132.0,-30.75,0.4214307
132.25,-30.75,0.43024954
132.5,-30.75,0.43615845
132.75,-30.75,0.4331703
133.0,-30.75,0.41563347
133.25,-30.75,0.39867133
133.5,-30.75,0.39145353
133.75,-30.75,0.38491064
134.0,-30.75,0.3441969
134.25,-30.75,0.3097133
134.5,-30.75,0.3018505
134.75,-30.75,0.3178946
135.0,-30.75,0.31885988
135.25,-30.75,0.3105301
135.5,-30.75,0.30063006
135.75,-30.75,0.29108277
136.0,-30.75,0.29143938
136.25,-30.75,0.31019524
136.5,-30.75,0.33548936
136.75,-30.75,0.36982375
137.0,-30.75,0.39766228
137.25,-30.75,0.39518094
137.5,-30.75,0.40464464
137.75,-30.75,0.3948249
138.0,-30.75,0.36851338
138.25,-30.75,0.32287866
138.5,-30.75,0.33348206
138.75,-30.75,0.2951312
139.0,-30.75,0.23088151
139.25,-30.75,0.18390459
139.5,-30.75,0.21387543
139.75,-30.75,0.26791045
140.0,-30.75,0.30337182
140.25,-30.75,0.33027923
140.5,-30.75,0.35479188
140.75,-30.75,0.37027186
141.0,-30.75,0.37201467
141.25,-30.75,0.37800896
141.5,-30.75,0.38912988
141.75,-30.75,0.39223376
142.0,-30.75,0.37570933
142.25,-30.75,0.37018615
142.5,-30.75,0.3718417
142.75,-30.75,0.37650946
143.0,-30.75,0.3777076
143.25,-30.75,0.38066787
143.5,-30.75,0.37863585
143.75,-30.75,0.37519938
144.0,-30.75,0.37653357
144.25,-30.75,0.37521893
144.5,-30.75,0.35132834
144.75,-30.75,0.319644
145.0,-30.75,0.28998584
145.25,-30.75,0.2709958
145.5,-30.75,0.26633054
145.75,-30.75,0.25997078
146.0,-30.75,0.24768034
146.25,-30.75,0.22907385
146.5,-30.75,0.21463935
146.75,-30.75,0.22235551
147.0,-30.75,0.25321612
147.25,-30.75,0.28632674
147.5,-30.75,0.26133642
147.75,-30.75,0.2543052
148.0,-30.75,0.26621428
148.25,-30.75,0.2835522
148.5,-30.75,0.28331724
148.75,-30.75,0.24005805
149.0,-30.75,0.21930139
149.25,-30.75,0.21336108
149.5,-30.75,0.21149777
149.75,-30.75,0.19525929
150.0,-30.75,0.16744894
150.25,-30.75,0.1464592
150.5,-30.75,0.13963394
150.75,-30.75,0.13874114
151.0,-30.75,0.14669794
151.25,-30.75,0.19718432
151.5,-30.75,0.19980888
151.75,-30.75,0.14890444
152.0,-30.75,0.059345245
152.25,-30.75,0.043991752
152.5,-30.75,0.037268464
152.75,-30.75,0.057189044
153.0,-30.75,0.14774314
153.25,-30.75,0.37891957
115.0,-31.0,0.52011865
115.25,-31.0,0.43188852
115.5,-31.0,0.30851454
115.75,-31.0,0.3038127
116.0,-31.0,0.3206417
116.25,-31.0,0.3366183
116.5,-31.0,0.33616513
116.75,-31.0,0.3371622
117.0,-31.0,0.3455915
117.25,-31.0,0.35435346
117.5,-31.0,0.35956636
117.75,-31.0,0.35461235
118.0,-31.0,0.34463787
118.25,-31.0,0.34691018
118.5,-31.0,0.3583401
118.75,-31.0,0.36947232
119.0,-31.0,0.39474797
119.25,-31.0,0.37834018
119.5,-31.0,0.35854268
119.75,-31.0,0.3368905
120.0,-31.0,0.33234218
120.25,-31.0,0.35252312
120.5,-31.0,0.3494595
120.75,-31.0,0.3304939
121.0,-31.0,0.30590004
121.25,-31.0,0.32709426
121.5,-31.0,0.37011397
121.75,-31.0,0.4127172
122.0,-31.0,0.43398207
122.25,-31.0,0.4355378
122.5,-31.0,0.41466278
122.75,-31.0,0.39336947
123.0,-31.0,0.39088988
123.25,-31.0,0.39037585
123.5,-31.0,0.38242376
123.75,-31.0,0.37643743
124.0,-31.0,0.37069413
124.25,-31.0,0.38348114
124.5,-31.0,0.41014752
124.75,-31.0,0.44505885
125.0,-31.0,0.44607022
125.25,-31.0,0.44329002
125.5,-31.0,0.43926218
125.75,-31.0,0.45012468
126.0,-31.0,0.44040555
126.25,-31.0,0.4463726
126.5,-31.0,0.4595623
126.75,-31.0,0.46384957
127.0,-31.0,0.45026013
127.25,-31.0,0.45055163
127.5,-31.0,0.44709325
127.75,-31.0,0.44367787
128.0,-31.0,0.4404907
128.25,-31.0,0.43923223
128.5,-31.0,0.4385485
128.75,-31.0,0.43536326
129.0,-31.0,0.4258017
129.25,-31.0,0.40909988
129.5,-31.0,0.41257545
129.75,-31.0,0.410413
130.0,-31.0,0.41599038
130.25,-31.0,0.42250007
130.5,-31.0,0.4195541
130.75,-31.0,0.40440112
131.0,-31.0,0.39627296
131.25,-31.0,0.39292118
131.5,-31.0,0.3931388
131.75,-31.0,0.40133062
132.0,-31.0,0.41048548
132.25,-31.0,0.4150583
132.5,-31.0,0.41175047
132.75,-31.0,0.40526876
133.0,-31.0,0.40374008
133.25,-31.0,0.41766015
133.5,-31.0,0.42009875
133.75,-31.0,0.42586607
134.0,-31.0,0.40174264
134.25,-31.0,0.35592014
134.5,-31.0,0.3198558
134.75,-31.0,0.31584355
135.0,-31.0,0.3556233
135.25,-31.0,0.3698271
135.5,-31.0,0.35454357
135.75,-31.0,0.33146742
136.0,-31.0,0.33060658
136.25,-31.0,0.34617633
136.5,-31.0,0.37848482
136.75,-31.0,0.40490007
137.0,-31.0,0.40615937
137.25,-31.0,0.39241138
137.5,-31.0,0.39893118
137.75,-31.0,0.3923851
138.0,-31.0,0.3632524
138.25,-31.0,0.3275575
138.5,-31.0,0.3200255
138.75,-31.0,0.2916085
139.0,-31.0,0.25119364
139.25,-31.0,0.2233779
139.5,-31.0,0.238445
139.75,-31.0,0.27114627
140.0,-31.0,0.30926865
140.25,-31.0,0.33879235
140.5,-31.0,0.36858714
140.75,-31.0,0.38283092
141.0,-31.0,0.38239035
141.25,-31.0,0.3834836
141.5,-31.0,0.3812728
141.75,-31.0,0.37537593
142.0,-31.0,0.36735904
142.25,-31.0,0.3839155
142.5,-31.0,0.3919888
142.75,-31.0,0.38327447
143.0,-31.0,0.36465245
143.25,-31.0,0.369506
143.5,-31.0,0.37655163
143.75,-31.0,0.3779099
144.0,-31.0,0.3841508
144.25,-31.0,0.36223966
144.5,-31.0,0.32666498
144.75,-31.0,0.29520398
145.0,-31.0,0.27859074
145.25,-31.0,0.282168
145.5,-31.0,0.2735361
145.75,-31.0,0.26040626
146.0,-31.0,0.23962708
146.25,-31.0,0.21895772
146.5,-31.0,0.21229687
146.75,-31.0,0.22049315
147.0,-31.0,0.24310781
147.25,-31.0,0.25973013
147.5,-31.0,0.247055
147.75,-31.0,0.2463369
148.0,-31.0,0.26494014
148.25,-31.0,0.28429246
148.5,-31.0,0.30551943
148.75,-31.0,0.2883928
149.0,-31.0,0.25395933
149.25,-31.0,0.2327931
149.5,-31.0,0.22497125
149.75,-31.0,0.2129289
150.0,-31.0,0.1946961
150.25,-31.0,0.16385257
150.5,-31.0,0.13652386
150.75,-31.0,0.11711001
151.0,-31.0,0.11566189
151.25,-31.0,0.16276689
151.5,-31.0,0.17683956
151.75,-31.0,0.14734203
152.0,-31.0,0.061464496
152.25,-31.0,0.042533893
152.5,-31.0,0.045157667
152.75,-31.0,0.079819165
153.0,-31.0,0.20287098
153.25,-31.0,0.3985401
115.25,-31.25,0.49684405
115.5,-31.25,0.3680326
115.75,-31.25,0.28217578
116.0,-31.25,0.2927488
116.25,-31.25,0.30621782
116.5,-31.25,0.31099233
116.75,-31.25,0.31770062
117.0,-31.25,0.33131942
117.25,-31.25,0.33919507
117.5,-31.25,0.34769893
117.75,-31.25,0.34861362
118.0,-31.25,0.34117088
118.25,-31.25,0.34872976
118.5,-31.25,0.3598765
118.75,-31.25,0.36870545
119.0,-31.25,0.38640672
119.25,-31.25,0.36777845
119.5,-31.25,0.34363204
119.75,-31.25,0.3231492
120.0,-31.25,0.33881423
120.25,-31.25,0.3416529
120.5,-31.25,0.33558732
120.75,-31.25,0.31540367
121.0,-31.25,0.29358578
121.25,-31.25,0.29037496
121.5,-31.25,0.3143456
121.75,-31.25,0.35421628
122.0,-31.25,0.38346505
122.25,-31.25,0.38043022
122.5,-31.25,0.36424553
122.75,-31.25,0.35795742
123.0,-31.25,0.35415402
123.25,-31.25,0.3598435
123.5,-31.25,0.36178192
123.75,-31.25,0.363769
124.0,-31.25,0.37805006
124.25,-31.25,0.3929881
124.5,-31.25,0.43042433
124.75,-31.25,0.45666876
125.0,-31.25,0.45844173
125.25,-31.25,0.4561738
125.5,-31.25,0.45350435
125.75,-31.25,0.45830548
126.0,-31.25,0.45826605
126.25,-31.25,0.4584761
126.5,-31.25,0.45547378
126.75,-31.25,0.45599833
127.0,-31.25,0.45015383
127.25,-31.25,0.44656807
127.5,-31.25,0.44276744
127.75,-31.25,0.44024572
128.0,-31.25,0.43989065
128.25,-31.25,0.43608713
128.5,-31.25,0.4314266
128.75,-31.25,0.42611426
129.0,-31.25,0.4205935
129.25,-31.25,0.40267572
129.5,-31.25,0.4031353
129.75,-31.25,0.4186671
130.0,-31.25,0.42806196
130.25,-31.25,0.43445608
130.5,-31.25,0.422822
130.75,-31.25,0.39676425
131.0,-31.25,0.36790827
131.25,-31.25,0.35929555
131.5,-31.25,0.37354216
131.75,-31.25,0.3824513
132.0,-31.25,0.3874217
132.25,-31.25,0.38571936
132.5,-31.25,0.37806216
132.75,-31.25,0.37068975
133.0,-31.25,0.39357486
133.25,-31.25,0.4035409
133.5,-31.25,0.4084299
133.75,-31.25,0.41186532
134.0,-31.25,0.40929487
134.25,-31.25,0.39233452
134.5,-31.25,0.35543418
134.75,-31.25,0.33374763
135.0,-31.25,0.36568877
135.25,-31.25,0.3845121
135.5,-31.25,0.40654987
135.75,-31.25,0.39990568
136.0,-31.25,0.3924956
136.25,-31.25,0.34710756
136.5,-31.25,0.37064612
136.75,-31.25,0.38476
137.0,-31.25,0.3848275
137.25,-31.25,0.3793843
137.5,-31.25,0.39064246
137.75,-31.25,0.38058418
138.0,-31.25,0.35345972
138.25,-31.25,0.3128552
138.5,-31.25,0.2818592
138.75,-31.25,0.26266867
139.0,-31.25,0.23810105
139.25,-31.25,0.24364021
139.5,-31.25,0.2615935
139.75,-31.25,0.3008941
140.0,-31.25,0.33538514
140.25,-31.25,0.3641026
140.5,-31.25,0.3827847
140.75,-31.25,0.38638094
141.0,-31.25,0.3873574
141.25,-31.25,0.3931998
141.5,-31.25,0.39315465
141.75,-31.25,0.38330674
142.0,-31.25,0.36460072
142.25,-31.25,0.37755287
142.5,-31.25,0.3871105
142.75,-31.25,0.37859595
143.0,-31.25,0.3522418
143.25,-31.25,0.36199635
143.5,-31.25,0.36938375
143.75,-31.25,0.3793688
144.0,-31.25,0.3764119
144.25,-31.25,0.3490674
144.5,-31.25,0.31338742
144.75,-31.25,0.28111574
145.0,-31.25,0.28254825
145.25,-31.25,0.2856523
145.5,-31.25,0.27098626
145.75,-31.25,0.2555327
146.0,-31.25,0.23483364
146.25,-31.25,0.21733202
146.5,-31.25,0.21685176
146.75,-31.25,0.22186716
147.0,-31.25,0.23266757
147.25,-31.25,0.24436134
147.5,-31.25,0.24388054
147.75,-31.25,0.2431437
148.0,-31.25,0.25945628
148.25,-31.25,0.27955067
148.5,-31.25,0.29529884
148.75,-31.25,0.28298482
149.0,-31.25,0.24574396
149.25,-31.25,0.22341108
149.5,-31.25,0.20765434
149.75,-31.25,0.19945778
150.0,-31.25,0.178716
150.25,-31.25,0.16809326
150.5,-31.25,0.13632178
150.75,-31.25,0.12618272
151.0,-31.25,0.10952176
151.25,-31.25,0.13186966
151.5,-31.25,0.15253197
151.75,-31.25,0.14170209
152.0,-31.25,0.0901622
152.25,-31.25,0.055676818
152.5,-31.25,0.06299383
152.75,-31.25,0.12554568
153.0,-31.25,0.29391426
153.25,-31.25,0.43353292
115.5,-31.5,0.44716898
115.75,-31.5,0.33522022
116.0,-31.5,0.27734753
116.25,-31.5,0.28732994
116.5,-31.5,0.30351394
116.75,-31.5,0.30876762
117.0,-31.5,0.32291955
117.25,-31.5,0.33769867
117.5,-31.5,0.344727
117.75,-31.5,0.34745777
118.0,-31.5,0.3462985
118.25,-31.5,0.35286307
118.5,-31.5,0.37030458
118.75,-31.5,0.37908387
119.0,-31.5,0.40096787
119.25,-31.5,0.37764433
119.5,-31.5,0.34996244
119.75,-31.5,0.31157622
120.0,-31.5,0.3287785
120.25,-31.5,0.33697236
120.5,-31.5,0.32881933
120.75,-31.5,0.30709237
121.0,-31.5,0.28839207
121.25,-31.5,0.28026217
121.5,-31.5,0.29793286
121.75,-31.5,0.331869
122.0,-31.5,0.35673144
122.25,-31.5,0.34439248
122.5,-31.5,0.325028
122.75,-31.5,0.3141038
123.0,-31.5,0.30062848
123.25,-31.5,0.30022067
123.5,-31.5,0.31341627
123.75,-31.5,0.34876266
124.0,-31.5,0.36399522
124.25,-31.5,0.40380502
124.5,-31.5,0.44237274
124.75,-31.5,0.46135676
125.0,-31.5,0.46377143
125.25,-31.5,0.46018457
125.5,-31.5,0.45850044
125.75,-31.5,0.45700416
126.0,-31.5,0.4575354
126.25,-31.5,0.45565525
126.5,-31.5,0.45220232
126.75,-31.5,0.4487438
127.0,-31.5,0.4460089
127.25,-31.5,0.43880743
127.5,-31.5,0.42231995
127.75,-31.5,0.41764688
128.0,-31.5,0.41256982
128.25,-31.5,0.41598397
128.5,-31.5,0.41432285
128.75,-31.5,0.4223058
129.0,-31.5,0.41695648
129.25,-31.5,0.39062878
129.5,-31.5,0.38903204
129.75,-31.5,0.40567827
130.0,-31.5,0.45628455
130.25,-31.5,0.47132617
130.5,-31.5,0.46384987
130.75,-31.5,0.45463857
131.0,-31.5,0.425
131.25,-31.5,0.42272347
131.5,-31.5,0.4252431
131.75,-31.5,0.40653926
132.0,-31.5,0.35060972
132.25,-31.5,0.33914647
132.5,-31.5,0.34048963
132.75,-31.5,0.34919897
133.0,-31.5,0.3644043
133.25,-31.5,0.36668342
133.5,-31.5,0.36299923
133.75,-31.5,0.3694831
134.0,-31.5,0.39143082
134.25,-31.5,0.3702018
134.5,-31.5,0.34450468
134.75,-31.5,0.3212548
135.0,-31.5,0.33776838
135.25,-31.5,0.36602888
135.5,-31.5,0.38541433
135.75,-31.5,0.42006248
136.0,-31.5,0.4185369
136.25,-31.5,0.35728592
136.5,-31.5,0.32338923
136.75,-31.5,0.33409753
137.0,-31.5,0.3362053
137.25,-31.5,0.3391723
137.5,-31.5,0.3522437
137.75,-31.5,0.35428825
138.0,-31.5,0.3230491
138.25,-31.5,0.2891773
138.5,-31.5,0.24170208
138.75,-31.5,0.23341921
139.0,-31.5,0.25622195
139.25,-31.5,0.2694333
139.5,-31.5,0.29108927
139.75,-31.5,0.32789865
140.0,-31.5,0.36271748
140.25,-31.5,0.38471103
140.5,-31.5,0.3984213
140.75,-31.5,0.39287582
141.0,-31.5,0.4039892
141.25,-31.5,0.4076328
141.5,-31.5,0.41500098
141.75,-31.5,0.39935988
142.0,-31.5,0.36918756
142.25,-31.5,0.35976255
142.5,-31.5,0.36633047
142.75,-31.5,0.3648041
143.0,-31.5,0.34589317
143.25,-31.5,0.35462266
143.5,-31.5,0.36933726
143.75,-31.5,0.3763659
144.0,-31.5,0.3585345
144.25,-31.5,0.3295885
144.5,-31.5,0.29440954
144.75,-31.5,0.2806741
145.0,-31.5,0.27832955
145.25,-31.5,0.2748693
145.5,-31.5,0.2619047
145.75,-31.5,0.24486999
146.0,-31.5,0.24010606
146.25,-31.5,0.2230958
146.5,-31.5,0.21844135
146.75,-31.5,0.2204335
147.0,-31.5,0.22852527
147.25,-31.5,0.24561505
147.5,-31.5,0.25215125
147.75,-31.5,0.24785082
148.0,-31.5,0.26346007
148.25,-31.5,0.28283253
148.5,-31.5,0.2895918
148.75,-31.5,0.2754147
149.0,-31.5,0.24422723
149.25,-31.5,0.21499696
149.5,-31.5,0.19483027
149.75,-31.5,0.18348819
150.0,-31.5,0.15483873
150.25,-31.5,0.14483047
150.5,-31.5,0.14637832
150.75,-31.5,0.13012585
151.0,-31.5,0.103259556
151.25,-31.5,0.09111533
151.5,-31.5,0.11788135
151.75,-31.5,0.112891674
152.0,-31.5,0.08451843
152.25,-31.5,0.06348968
152.5,-31.5,0.08733615
152.75,-31.5,0.16972744
153.0,-31.5,0.35669956
115.5,-31.75,0.50219053
115.75,-31.75,0.37201428
116.0,-31.75,0.31032765
116.25,-31.75,0.28931895
116.5,-31.75,0.30474567
116.75,-31.75,0.3098414
117.0,-31.75,0.32794604
117.25,-31.75,0.34192464
117.5,-31.75,0.34835798
117.75,-31.75,0.35078186
118.0,-31.75,0.34885713
118.25,-31.75,0.35805038
118.5,-31.75,0.3718998
118.75,-31.75,0.38369334
119.0,-31.75,0.40567207
119.25,-31.75,0.37860814
119.5,-31.75,0.32939765
119.75,-31.75,0.29013833
120.0,-31.75,0.3040915
120.25,-31.75,0.3177009
120.5,-31.75,0.3092837
120.75,-31.75,0.3030059
121.0,-31.75,0.28799725
121.25,-31.75,0.28881416
121.5,-31.75,0.29337722
121.75,-31.75,0.32341298
122.0,-31.75,0.333993
122.25,-31.75,0.3145159
122.5,-31.75,0.2920483
122.75,-31.75,0.28442553
123.0,-31.75,0.26942587
123.25,-31.75,0.26498973
123.5,-31.75,0.2843963
123.75,-31.75,0.3244206
124.0,-31.75,0.3630217
124.25,-31.75,0.40152508
124.5,-31.75,0.44647387
124.75,-31.75,0.46112975
125.0,-31.75,0.46119088
125.25,-31.75,0.4621125
125.5,-31.75,0.45977482
125.75,-31.75,0.4539894
126.0,-31.75,0.44602752
126.25,-31.75,0.4426635
126.5,-31.75,0.4302448
126.75,-31.75,0.42380896
127.0,-31.75,0.41400293
127.25,-31.75,0.3975773
127.5,-31.75,0.3813834
127.75,-31.75,0.37064898
128.0,-31.75,0.36324123
128.25,-31.75,0.37673324
128.5,-31.75,0.42469916
128.75,-31.75,0.4323695
129.0,-31.75,0.44582212
129.25,-31.75,0.42689115
129.5,-31.75,0.42428973
129.75,-31.75,0.43774438
130.0,-31.75,0.48173308
130.25,-31.75,0.49673432
130.5,-31.75,0.49698812
130.75,-31.75,0.48763654
131.0,-31.75,0.4928732
131.25,-31.75,0.48972613
131.5,-31.75,0.48574233
131.75,-31.75,0.44914207
132.0,-31.75,0.39226565
132.25,-31.75,0.33781263
132.5,-31.75,0.33284697
132.75,-31.75,0.3447177
133.0,-31.75,0.35413828
133.25,-31.75,0.35066417
133.5,-31.75,0.3428973
133.75,-31.75,0.34283388
134.0,-31.75,0.3567865
134.25,-31.75,0.34632462
134.5,-31.75,0.3144318
134.75,-31.75,0.30778614
135.0,-31.75,0.31271625
135.25,-31.75,0.33229592
135.5,-31.75,0.34050727
135.75,-31.75,0.37173507
136.0,-31.75,0.39606047
136.25,-31.75,0.34489742
136.5,-31.75,0.30934238
136.75,-31.75,0.30346343
137.0,-31.75,0.30607608
137.25,-31.75,0.30547953
137.5,-31.75,0.30227497
137.75,-31.75,0.30257988
138.0,-31.75,0.2913455
138.25,-31.75,0.27587065
138.5,-31.75,0.250265
138.75,-31.75,0.23805976
139.0,-31.75,0.26168132
139.25,-31.75,0.27295956
139.5,-31.75,0.3061724
139.75,-31.75,0.34836563
140.0,-31.75,0.38766074
140.25,-31.75,0.40641084
140.5,-31.75,0.41212332
140.75,-31.75,0.40488493
141.0,-31.75,0.41295198
141.25,-31.75,0.4229808
141.5,-31.75,0.42948702
141.75,-31.75,0.40153593
142.0,-31.75,0.36212197
142.25,-31.75,0.35010883
142.5,-31.75,0.35684142
142.75,-31.75,0.3555755
143.0,-31.75,0.3460013
143.25,-31.75,0.35355666
143.5,-31.75,0.36558998
143.75,-31.75,0.36869246
144.0,-31.75,0.35146293
144.25,-31.75,0.32233655
144.5,-31.75,0.2996688
144.75,-31.75,0.28285876
145.0,-31.75,0.2716124
145.25,-31.75,0.26518714
145.5,-31.75,0.25346914
145.75,-31.75,0.25358012
146.0,-31.75,0.24601807
146.25,-31.75,0.23160823
146.5,-31.75,0.21909295
146.75,-31.75,0.21867256
147.0,-31.75,0.22803845
147.25,-31.75,0.24341029
147.5,-31.75,0.25741038
147.75,-31.75,0.25433135
148.0,-31.75,0.26823696
148.25,-31.75,0.28437334
148.5,-31.75,0.28863806
148.75,-31.75,0.26985916
149.0,-31.75,0.24714373
149.25,-31.75,0.21729566
149.5,-31.75,0.20797652
149.75,-31.75,0.1978916
150.0,-31.75,0.16149037
150.25,-31.75,0.14017586
150.5,-31.75,0.13772282
150.75,-31.75,0.1157577
151.0,-31.75,0.091118924
151.25,-31.75,0.07948661
151.5,-31.75,0.06753823
151.75,-31.75,0.06710524
152.0,-31.75,0.0638978
152.25,-31.75,0.07990821
152.5,-31.75,0.113015905
152.75,-31.75,0.23402898
153.0,-31.75,0.41551882
115.5,-32.0,0.52766895
115.75,-32.0,0.39976555
116.0,-32.0,0.31729347
116.25,-32.0,0.29614806
116.5,-32.0,0.30064744
116.75,-32.0,0.31032875
117.0,-32.0,0.32946673
117.25,-32.0,0.34583813
117.5,-32.0,0.35137245
117.75,-32.0,0.3615079
118.0,-32.0,0.35546324
118.25,-32.0,0.36101282
118.5,-32.0,0.36659873
118.75,-32.0,0.37464365
119.0,-32.0,0.38314113
119.25,-32.0,0.3480344
119.5,-32.0,0.29754594
119.75,-32.0,0.27434424
120.0,-32.0,0.28342822
120.25,-32.0,0.29165944
120.5,-32.0,0.28871346
120.75,-32.0,0.28238595
121.0,-32.0,0.2825883
121.25,-32.0,0.28841972
121.5,-32.0,0.2870188
121.75,-32.0,0.2900669
122.0,-32.0,0.2954448
122.25,-32.0,0.2829591
122.5,-32.0,0.27121624
122.75,-32.0,0.26426375
123.0,-32.0,0.26092833
123.25,-32.0,0.25652245
123.5,-32.0,0.28573593
123.75,-32.0,0.32422188
124.0,-32.0,0.3603627
124.25,-32.0,0.39442602
124.5,-32.0,0.44095805
124.75,-32.0,0.4578988
125.0,-32.0,0.45563558
125.25,-32.0,0.4551883
125.5,-32.0,0.4556413
125.75,-32.0,0.4519164
126.0,-32.0,0.43636274
126.25,-32.0,0.41110024
126.5,-32.0,0.39862522
126.75,-32.0,0.37684512
127.0,-32.0,0.35448676
127.25,-32.0,0.33936054
127.5,-32.0,0.3822557
127.75,-32.0,0.37381124
128.0,-32.0,0.38563645
128.25,-32.0,0.40143314
128.5,-32.0,0.45150414
128.75,-32.0,0.46775758
129.0,-32.0,0.48363766
129.25,-32.0,0.47997695
131.75,-32.0,0.4812544
132.0,-32.0,0.46184877
132.25,-32.0,0.4086628
132.5,-32.0,0.3946319
132.75,-32.0,0.39840385
133.0,-32.0,0.40338615
133.25,-32.0,0.3991844
133.5,-32.0,0.38803437
133.75,-32.0,0.36154258
134.0,-32.0,0.3372886
134.25,-32.0,0.3225666
134.5,-32.0,0.3208332
134.75,-32.0,0.31652036
135.0,-32.0,0.31349576
135.25,-32.0,0.30931297
135.5,-32.0,0.3116094
135.75,-32.0,0.31971195
136.0,-32.0,0.35229313
136.25,-32.0,0.31686872
136.5,-32.0,0.3019843
136.75,-32.0,0.29611573
137.0,-32.0,0.305959
137.25,-32.0,0.29576185
137.5,-32.0,0.28097105
137.75,-32.0,0.24051943
138.0,-32.0,0.22389221
138.25,-32.0,0.26292738
138.5,-32.0,0.2981859
138.75,-32.0,0.27410725
139.0,-32.0,0.24602981
139.25,-32.0,0.24708365
139.5,-32.0,0.30559668
139.75,-32.0,0.37400872
140.0,-32.0,0.41051593
140.25,-32.0,0.42406726
140.5,-32.0,0.4257317
140.75,-32.0,0.4208693
141.0,-32.0,0.4245518
141.25,-32.0,0.43215033
141.5,-32.0,0.4189946
141.75,-32.0,0.38671696
142.0,-32.0,0.34906614
142.25,-32.0,0.34435618
142.5,-32.0,0.3480993
142.75,-32.0,0.35349438
143.0,-32.0,0.35747042
143.25,-32.0,0.3593329
143.5,-32.0,0.35818103
143.75,-32.0,0.3576534
144.0,-32.0,0.34862936
144.25,-32.0,0.31747878
144.5,-32.0,0.29228637
144.75,-32.0,0.2811021
145.0,-32.0,0.2649848
145.25,-32.0,0.26154312
145.5,-32.0,0.2645343
145.75,-32.0,0.26112878
146.0,-32.0,0.25594583
146.25,-32.0,0.24150722
146.5,-32.0,0.22540288
146.75,-32.0,0.21928953
147.0,-32.0,0.22619091
147.25,-32.0,0.24152277
147.5,-32.0,0.25842983
147.75,-32.0,0.25622645
148.0,-32.0,0.2702001
148.25,-32.0,0.2849703
148.5,-32.0,0.28078017
148.75,-32.0,0.25832114
149.0,-32.0,0.23924434
149.25,-32.0,0.24340442
149.5,-32.0,0.23751493
149.75,-32.0,0.22477524
150.0,-32.0,0.18041468
150.25,-32.0,0.14949138
150.5,-32.0,0.13865685
150.75,-32.0,0.11148598
151.0,-32.0,0.0962289
151.25,-32.0,0.0854815
151.5,-32.0,0.07458583
151.75,-32.0,0.060093436
152.0,-32.0,0.06426902
152.25,-32.0,0.10056336
152.5,-32.0,0.19997372
152.75,-32.0,0.34234956
115.5,-32.25,0.52881896
115.75,-32.25,0.4030488
116.0,-32.25,0.32121888
116.25,-32.25,0.29454887
116.5,-32.25,0.29344082
116.75,-32.25,0.306908
117.0,-32.25,0.32931054
117.25,-32.25,0.3460355
117.5,-32.25,0.35650387
117.75,-32.25,0.37307382
118.0,-32.25,0.3622834
118.25,-32.25,0.3581243
118.5,-32.25,0.3590238
118.75,-32.25,0.36416003
119.0,-32.25,0.35625708
119.25,-32.25,0.32029784
119.5,-32.25,0.29366136
119.75,-32.25,0.2766324
120.0,-32.25,0.2739346
120.25,-32.25,0.27499872
120.5,-32.25,0.27441573
120.75,-32.25,0.2745566
121.0,-32.25,0.27257183
121.25,-32.25,0.2682698
121.5,-32.25,0.26106092
121.75,-32.25,0.2605631
122.0,-32.25,0.2669199
122.25,-32.25,0.2632795
122.5,-32.25,0.26201606
122.75,-32.25,0.25747463
123.0,-32.25,0.2536925
123.25,-32.25,0.26219597
123.5,-32.25,0.29915807
123.75,-32.25,0.3328245
124.0,-32.25,0.36731017
124.25,-32.25,0.397099
124.5,-32.25,0.43152386
124.75,-32.25,0.44866225
125.0,-32.25,0.4435677
125.25,-32.25,0.44367445
125.5,-32.25,0.44155315
125.75,-32.25,0.46111214
126.0,-32.25,0.45300785
126.25,-32.25,0.42348126
126.5,-32.25,0.4079083
126.75,-32.25,0.38129476
127.0,-32.25,0.35564062
127.25,-32.25,0.36856982
127.5,-32.25,0.41787192
127.75,-32.25,0.45350987
128.0,-32.25,0.4816235
128.25,-32.25,0.48373163
132.25,-32.25,0.49026325
132.5,-32.25,0.48096278
132.75,-32.25,0.48067334
133.0,-32.25,0.4825554
133.25,-32.25,0.4749059
133.5,-32.25,0.4626904
133.75,-32.25,0.41782844
134.0,-32.25,0.36977088
134.25,-32.25,0.32967377
134.5,-32.25,0.32436204
134.75,-32.25,0.33260435
135.0,-32.25,0.32459533
135.25,-32.25,0.31226158
135.5,-32.25,0.29890925
135.75,-32.25,0.300549
136.0,-32.25,0.32097727
136.25,-32.25,0.30776024
136.5,-32.25,0.29659843
136.75,-32.25,0.29975262
137.0,-32.25,0.3112613
137.25,-32.25,0.29713848
137.5,-32.25,0.26496118
137.75,-32.25,0.22078358
138.0,-32.25,0.19792159
138.25,-32.25,0.23725754
138.5,-32.25,0.28567705
138.75,-32.25,0.26311904
139.0,-32.25,0.23125517
139.25,-32.25,0.2489939
139.5,-32.25,0.32485092
139.75,-32.25,0.40002048
140.0,-32.25,0.42693543
140.25,-32.25,0.4411863
140.5,-32.25,0.43601024
140.75,-32.25,0.4302565
141.0,-32.25,0.4255897
141.25,-32.25,0.41523886
141.5,-32.25,0.39740646
141.75,-32.25,0.36628696
142.0,-32.25,0.3353175
142.25,-32.25,0.32833496
142.5,-32.25,0.33219787
142.75,-32.25,0.33526266
143.0,-32.25,0.35462287
143.25,-32.25,0.36671162
143.5,-32.25,0.3604883
143.75,-32.25,0.35074896
144.0,-32.25,0.3375565
144.25,-32.25,0.29945144
144.5,-32.25,0.27958292
144.75,-32.25,0.26662633
145.0,-32.25,0.26201874
145.25,-32.25,0.26098728
145.5,-32.25,0.2653953
145.75,-32.25,0.26805863
146.0,-32.25,0.2595988
146.25,-32.25,0.2557611
146.5,-32.25,0.24168165
146.75,-32.25,0.23149902
147.0,-32.25,0.23083511
147.25,-32.25,0.24167354
147.5,-32.25,0.2557253
147.75,-32.25,0.26047325
148.0,-32.25,0.27093562
148.25,-32.25,0.2784279
148.5,-32.25,0.2691191
148.75,-32.25,0.24905707
149.0,-32.25,0.25015688
149.25,-32.25,0.2535674
149.5,-32.25,0.2457113
149.75,-32.25,0.21825323
150.0,-32.25,0.17594469
150.25,-32.25,0.15717442
150.5,-32.25,0.14169516
150.75,-32.25,0.13758573
151.0,-32.25,0.13532543
151.25,-32.25,0.120572366
151.5,-32.25,0.107391536
151.75,-32.25,0.09108999
152.0,-32.25,0.10181609
152.25,-32.25,0.15208249
152.5,-32.25,0.28823048
152.75,-32.25,0.4105679
115.5,-32.5,0.5286541
115.75,-32.5,0.40060893
116.0,-32.5,0.32354736
116.25,-32.5,0.30116454
116.5,-32.5,0.29685318
116.75,-32.5,0.3120402
117.0,-32.5,0.3365707
117.25,-32.5,0.3547383
117.5,-32.5,0.3606132
117.75,-32.5,0.3718827
118.0,-32.5,0.36201334
118.25,-32.5,0.35589024
118.5,-32.5,0.35513574
118.75,-32.5,0.36008886
119.0,-32.5,0.35472643
119.25,-32.5,0.33480448
119.5,-32.5,0.30798653
119.75,-32.5,0.28340223
120.0,-32.5,0.26940462
120.25,-32.5,0.2781802
120.5,-32.5,0.2865576
120.75,-32.5,0.28633434
121.0,-32.5,0.2753759
121.25,-32.5,0.2591799
121.5,-32.5,0.25608328
121.75,-32.5,0.26729527
122.0,-32.5,0.27466673
122.25,-32.5,0.2677787
122.5,-32.5,0.25583476
122.75,-32.5,0.250305
123.0,-32.5,0.24700408
123.25,-32.5,0.2576798
123.5,-32.5,0.30333748
123.75,-32.5,0.3544777
124.0,-32.5,0.3902609
124.25,-32.5,0.4095262
124.5,-32.5,0.42007896
124.75,-32.5,0.4171404
125.0,-32.5,0.4317478
125.25,-32.5,0.43741488
125.5,-32.5,0.45581305
125.75,-32.5,0.49871567
126.0,-32.5,0.5131756
126.25,-32.5,0.51021844
126.5,-32.5,0.5007986
126.75,-32.5,0.49778825
127.0,-32.5,0.48669896
127.25,-32.5,0.48786235
133.75,-32.5,0.48012355
134.0,-32.5,0.42914757
134.25,-32.5,0.37440097
134.5,-32.5,0.3308689
134.75,-32.5,0.33169731
135.0,-32.5,0.32595485
135.25,-32.5,0.3064018
135.5,-32.5,0.28607842
135.75,-32.5,0.28396633
136.0,-32.5,0.29756796
136.25,-32.5,0.30520633
136.5,-32.5,0.30700547
136.75,-32.5,0.3103589
137.0,-32.5,0.3125227
137.25,-32.5,0.29887453
137.5,-32.5,0.26098797
137.75,-32.5,0.22170642
138.0,-32.5,0.19903325
138.25,-32.5,0.21994346
138.5,-32.5,0.25525203
138.75,-32.5,0.24514484
139.0,-32.5,0.24741454
139.25,-32.5,0.28585672
139.5,-32.5,0.3609344
139.75,-32.5,0.3898809
140.0,-32.5,0.41471076
140.25,-32.5,0.42675894
140.5,-32.5,0.41841787
140.75,-32.5,0.4082229
141.0,-32.5,0.40027487
141.25,-32.5,0.387881
141.5,-32.5,0.37453455
141.75,-32.5,0.34423748
142.0,-32.5,0.31198204
142.25,-32.5,0.30571657
142.5,-32.5,0.30811167
142.75,-32.5,0.3078401
143.0,-32.5,0.3313199
143.25,-32.5,0.35055992
143.5,-32.5,0.35957986
143.75,-32.5,0.34865272
144.0,-32.5,0.33087024
144.25,-32.5,0.29037946
144.5,-32.5,0.27048215
144.75,-32.5,0.2672113
145.0,-32.5,0.26441216
145.25,-32.5,0.25987646
145.5,-32.5,0.2601868
145.75,-32.5,0.26340365
146.0,-32.5,0.26557654
146.25,-32.5,0.26924238
146.5,-32.5,0.25605235
146.75,-32.5,0.24797624
147.0,-32.5,0.24300648
147.25,-32.5,0.25062904
147.5,-32.5,0.254837
147.75,-32.5,0.2565854
148.0,-32.5,0.26776922
148.25,-32.5,0.27392003
148.5,-32.5,0.25904655
148.75,-32.5,0.23376882
149.0,-32.5,0.2290812
149.25,-32.5,0.22267713
149.5,-32.5,0.21537389
149.75,-32.5,0.19110997
150.0,-32.5,0.15625055
150.25,-32.5,0.14187472
150.5,-32.5,0.13767543
150.75,-32.5,0.14454035
151.0,-32.5,0.1487737
151.25,-32.5,0.14053747
151.5,-32.5,0.12804575
151.75,-32.5,0.14403935
152.0,-32.5,0.17733297
152.25,-32.5,0.25807402
152.5,-32.5,0.3861671
115.5,-32.75,0.5282322
115.75,-32.75,0.39246482
116.0,-32.75,0.31855035
116.25,-32.75,0.3001459
116.5,-32.75,0.29596713
116.75,-32.75,0.31001273
117.0,-32.75,0.34288725
117.25,-32.75,0.3649395
117.5,-32.75,0.3706995
117.75,-32.75,0.37324074
118.0,-32.75,0.36309037
118.25,-32.75,0.35672632
118.5,-32.75,0.35338292
118.75,-32.75,0.35341325
119.0,-32.75,0.35111815
119.25,-32.75,0.3418421
119.5,-32.75,0.32968888
119.75,-32.75,0.30914596
120.0,-32.75,0.27512676
120.25,-32.75,0.25959685
120.5,-32.75,0.2697486
120.75,-32.75,0.2819501
121.0,-32.75,0.28269246
121.25,-32.75,0.26974526
121.5,-32.75,0.27615088
121.75,-32.75,0.29147735
122.0,-32.75,0.3000409
122.25,-32.75,0.28675884
122.5,-32.75,0.2678254
122.75,-32.75,0.2552979
123.0,-32.75,0.24731915
123.25,-32.75,0.24860805
123.5,-32.75,0.28451407
123.75,-32.75,0.3232465
124.0,-32.75,0.3518074
124.25,-32.75,0.3688577
124.5,-32.75,0.38373363
124.75,-32.75,0.40126342
125.0,-32.75,0.45317113
125.25,-32.75,0.49314582
125.5,-32.75,0.51802135
125.75,-32.75,0.5326575
134.0,-32.75,0.4845581
134.25,-32.75,0.42022154
134.5,-32.75,0.35049587
134.75,-32.75,0.31365448
135.0,-32.75,0.31048957
135.25,-32.75,0.29474917
135.5,-32.75,0.28356498
135.75,-32.75,0.2837693
136.0,-32.75,0.30550906
136.25,-32.75,0.3197085
136.5,-32.75,0.30978996
136.75,-32.75,0.3013062
137.0,-32.75,0.30439436
137.25,-32.75,0.29249746
137.5,-32.75,0.26095635
137.75,-32.75,0.23159598
138.0,-32.75,0.21323521
138.25,-32.75,0.20968762
138.5,-32.75,0.25619608
138.75,-32.75,0.27589512
139.0,-32.75,0.28283757
139.25,-32.75,0.29580742
139.5,-32.75,0.33907598
139.75,-32.75,0.34854296
140.0,-32.75,0.36485428
140.25,-32.75,0.37824768
140.5,-32.75,0.3780021
140.75,-32.75,0.3669374
141.0,-32.75,0.3604327
141.25,-32.75,0.35253206
141.5,-32.75,0.34229347
141.75,-32.75,0.32777753
142.0,-32.75,0.29918316
142.25,-32.75,0.28975022
142.5,-32.75,0.28863227
142.75,-32.75,0.28739828
143.0,-32.75,0.30088884
143.25,-32.75,0.33203274
143.5,-32.75,0.3480341
143.75,-32.75,0.34260818
144.0,-32.75,0.3190207
144.25,-32.75,0.28835848
144.5,-32.75,0.28324464
144.75,-32.75,0.28295615
145.0,-32.75,0.27901417
145.25,-32.75,0.26621136
145.5,-32.75,0.25780308
145.75,-32.75,0.25189748
146.0,-32.75,0.24979487
146.25,-32.75,0.24951594
146.5,-32.75,0.24648018
146.75,-32.75,0.24504952
147.0,-32.75,0.2503366
147.25,-32.75,0.26166373
147.5,-32.75,0.26723653
147.75,-32.75,0.2599807
148.0,-32.75,0.26326746
148.25,-32.75,0.2660656
148.5,-32.75,0.24952328
148.75,-32.75,0.22096473
149.0,-32.75,0.18663847
149.25,-32.75,0.16905546
149.5,-32.75,0.16794483
149.75,-32.75,0.17280945
150.0,-32.75,0.15258205
150.25,-32.75,0.14005049
150.5,-32.75,0.13336365
150.75,-32.75,0.13538843
151.0,-32.75,0.12943265
151.25,-32.75,0.1277389
151.5,-32.75,0.14730495
151.75,-32.75,0.19849223
152.0,-32.75,0.29550302
152.25,-32.75,0.40398636
115.5,-33.0,0.5197413
115.75,-33.0,0.37657434
116.0,-33.0,0.30508384
116.25,-33.0,0.29341346
116.5,-33.0,0.29993606
116.75,-33.0,0.31646684
117.0,-33.0,0.33836636
117.25,-33.0,0.35246336
117.5,-33.0,0.35759267
117.75,-33.0,0.37096795
118.0,-33.0,0.36819226
118.25,-33.0,0.36319155
118.5,-33.0,0.357716
118.75,-33.0,0.35470623
119.0,-33.0,0.3577129
119.25,-33.0,0.3425225
119.5,-33.0,0.33309406
119.75,-33.0,0.3217173
120.0,-33.0,0.29480842
120.25,-33.0,0.26057598
120.5,-33.0,0.26158717
120.75,-33.0,0.27110294
121.0,-33.0,0.27693632
121.25,-33.0,0.28316787
121.5,-33.0,0.31298137
121.75,-33.0,0.32850435
122.0,-33.0,0.3210145
122.25,-33.0,0.2890167
122.5,-33.0,0.2806206
122.75,-33.0,0.26311922
123.0,-33.0,0.24632694
123.25,-33.0,0.23553039
123.5,-33.0,0.24972574
123.75,-33.0,0.2645878
124.0,-33.0,0.31239253
124.25,-33.0,0.376659
124.5,-33.0,0.4572615
124.75,-33.0,0.48793137
125.0,-33.0,0.51402855
125.25,-33.0,0.5293363
134.0,-33.0,0.4980875
134.25,-33.0,0.43950593
134.5,-33.0,0.3666854
134.75,-33.0,0.3149496
135.0,-33.0,0.28847334
135.25,-33.0,0.281304
135.5,-33.0,0.28137994
135.75,-33.0,0.28538626
136.0,-33.0,0.2944301
136.25,-33.0,0.31971717
136.5,-33.0,0.31625837
136.75,-33.0,0.30611154
137.0,-33.0,0.2989411
137.25,-33.0,0.28992972
137.5,-33.0,0.29765707
137.75,-33.0,0.28515825
138.0,-33.0,0.26197237
138.25,-33.0,0.22978637
138.5,-33.0,0.28570762
138.75,-33.0,0.31827286
139.0,-33.0,0.31566432
139.25,-33.0,0.29273292
139.5,-33.0,0.28927353
139.75,-33.0,0.29367435
140.0,-33.0,0.31664136
140.25,-33.0,0.34099483
140.5,-33.0,0.35236335
140.75,-33.0,0.3490929
141.0,-33.0,0.34202382
141.25,-33.0,0.32553363
141.5,-33.0,0.30591598
141.75,-33.0,0.3040467
142.0,-33.0,0.30224362
142.25,-33.0,0.29582137
142.5,-33.0,0.2905407
142.75,-33.0,0.28674495
143.0,-33.0,0.29421583
143.25,-33.0,0.32090637
143.5,-33.0,0.33655027
143.75,-33.0,0.3325569
144.0,-33.0,0.30426565
144.25,-33.0,0.28975558
144.5,-33.0,0.3107467
144.75,-33.0,0.32650813
145.0,-33.0,0.32315463
145.25,-33.0,0.28629372
145.5,-33.0,0.25545847
145.75,-33.0,0.23346254
146.0,-33.0,0.2238527
146.25,-33.0,0.22395977
146.5,-33.0,0.24013683
146.75,-33.0,0.24470831
147.0,-33.0,0.2470078
147.25,-33.0,0.24879606
147.5,-33.0,0.25430202
147.75,-33.0,0.25363496
148.0,-33.0,0.26021066
148.25,-33.0,0.27050158
148.5,-33.0,0.26545832
148.75,-33.0,0.25592738
149.0,-33.0,0.20956618
149.25,-33.0,0.17543083
149.5,-33.0,0.15591262
149.75,-33.0,0.15196232
150.0,-33.0,0.14414632
150.25,-33.0,0.13756828
150.5,-33.0,0.13221614
150.75,-33.0,0.13355327
151.0,-33.0,0.13331994
151.25,-33.0,0.14490162
151.5,-33.0,0.21875797
151.75,-33.0,0.3429298
152.0,-33.0,0.45296574
115.5,-33.25,0.4882001
115.75,-33.25,0.3591939
116.0,-33.25,0.30560142
116.25,-33.25,0.29909453
116.5,-33.25,0.30243942
116.75,-33.25,0.3203023
117.0,-33.25,0.33993435
117.25,-33.25,0.3456332
117.5,-33.25,0.3455446
117.75,-33.25,0.35727072
118.0,-33.25,0.3707008
118.25,-33.25,0.37524563
118.5,-33.25,0.37759417
118.75,-33.25,0.3677688
119.0,-33.25,0.356546
119.25,-33.25,0.3433864
119.5,-33.25,0.3382924
119.75,-33.25,0.3354531
120.0,-33.25,0.30955747
120.25,-33.25,0.2729784
120.5,-33.25,0.2675484
120.75,-33.25,0.27688488
121.0,-33.25,0.29109257
121.25,-33.25,0.30265135
121.5,-33.25,0.33135536
121.75,-33.25,0.34474283
122.0,-33.25,0.3335426
122.25,-33.25,0.29519832
122.5,-33.25,0.29145202
122.75,-33.25,0.27068546
123.0,-33.25,0.2534034
123.25,-33.25,0.24682501
123.5,-33.25,0.25391942
123.75,-33.25,0.26605943
124.0,-33.25,0.3311484
124.25,-33.25,0.43441084
124.5,-33.25,0.5098478
124.75,-33.25,0.5245068
134.25,-33.25,0.482345
134.5,-33.25,0.45106608
134.75,-33.25,0.40479776
135.0,-33.25,0.3109453
135.25,-33.25,0.272296
135.5,-33.25,0.27031136
135.75,-33.25,0.28425303
136.0,-33.25,0.29289633
136.25,-33.25,0.33709055
136.5,-33.25,0.33477125
136.75,-33.25,0.31582806
137.0,-33.25,0.29084107
137.25,-33.25,0.3214371
137.5,-33.25,0.34622747
137.75,-33.25,0.32425106
138.0,-33.25,0.2834977
138.25,-33.25,0.25626403
138.5,-33.25,0.30753574
138.75,-33.25,0.3182648
139.0,-33.25,0.29260606
139.25,-33.25,0.2672748
139.5,-33.25,0.25464287
139.75,-33.25,0.2685813
140.0,-33.25,0.29432565
140.25,-33.25,0.3273226
140.5,-33.25,0.34254506
140.75,-33.25,0.3435424
141.0,-33.25,0.3418683
141.25,-33.25,0.32554984
141.5,-33.25,0.3067808
141.75,-33.25,0.30624485
142.0,-33.25,0.32091048
142.25,-33.25,0.3249461
142.5,-33.25,0.31661925
142.75,-33.25,0.29810083
143.0,-33.25,0.2925468
143.25,-33.25,0.3070011
143.5,-33.25,0.32463652
143.75,-33.25,0.32839188
144.0,-33.25,0.32683262
144.25,-33.25,0.31361473
144.5,-33.25,0.32789114
144.75,-33.25,0.34313083
145.0,-33.25,0.34013999
145.25,-33.25,0.30808732
145.5,-33.25,0.27052072
145.75,-33.25,0.2471298
146.0,-33.25,0.2392203
146.25,-33.25,0.23909612
146.5,-33.25,0.25316286
146.75,-33.25,0.25772363
147.0,-33.25,0.2530762
147.25,-33.25,0.2382789
147.5,-33.25,0.23091799
147.75,-33.25,0.22832252
148.0,-33.25,0.2308711
148.25,-33.25,0.23338875
148.5,-33.25,0.2339855
148.75,-33.25,0.26021582
149.0,-33.25,0.22505708
149.25,-33.25,0.19395445
149.5,-33.25,0.16779506
149.75,-33.25,0.16632074
150.0,-33.25,0.19006608
150.25,-33.25,0.1777038
150.5,-33.25,0.14572266
150.75,-33.25,0.12175884
151.0,-33.25,0.12820935
151.25,-33.25,0.17566793
151.5,-33.25,0.27593493
151.75,-33.25,0.41293898
115.25,-33.5,0.5087896
115.5,-33.5,0.42084697
115.75,-33.5,0.34068885
116.0,-33.5,0.29141423
116.25,-33.5,0.30088508
116.5,-33.5,0.30956763
116.75,-33.5,0.32255
117.0,-33.5,0.33729014
117.25,-33.5,0.3443327
117.5,-33.5,0.35191903
117.75,-33.5,0.35776708
118.0,-33.5,0.36065426
118.25,-33.5,0.3711574
118.5,-33.5,0.37440318
118.75,-33.5,0.35848007
119.0,-33.5,0.33152723
119.25,-33.5,0.31857193
119.5,-33.5,0.31339598
119.75,-33.5,0.31096572
120.0,-33.5,0.2839942
120.25,-33.5,0.27273023
120.5,-33.5,0.2706505
120.75,-33.5,0.28661546
121.0,-33.5,0.3018871
121.25,-33.5,0.31785583
121.5,-33.5,0.33792493
121.75,-33.5,0.34993675
122.0,-33.5,0.33590254
122.25,-33.5,0.29433775
122.5,-33.5,0.2882936
122.75,-33.5,0.27679145
123.0,-33.5,0.26069894
123.25,-33.5,0.25800157
123.5,-33.5,0.2685667
123.75,-33.5,0.3001233
124.0,-33.5,0.38950175
124.25,-33.5,0.48363343
134.5,-33.5,0.48971066
134.75,-33.5,0.45039424
135.0,-33.5,0.34302396
135.25,-33.5,0.28591594
135.5,-33.5,0.26641506
135.75,-33.5,0.2770008
136.0,-33.5,0.2933985
136.25,-33.5,0.32362917
136.5,-33.5,0.31541154
136.75,-33.5,0.29029343
137.0,-33.5,0.28006387
137.25,-33.5,0.3581935
137.5,-33.5,0.39529032
137.75,-33.5,0.3691445
138.0,-33.5,0.29487824
138.25,-33.5,0.26337683
138.5,-33.5,0.3152996
138.75,-33.5,0.32393318
139.0,-33.5,0.29702634
139.25,-33.5,0.2558229
139.5,-33.5,0.24054934
139.75,-33.5,0.26094317
140.0,-33.5,0.29179412
140.25,-33.5,0.32173598
140.5,-33.5,0.34137887
140.75,-33.5,0.34876877
141.0,-33.5,0.34927824
141.25,-33.5,0.35225397
141.5,-33.5,0.34122717
141.75,-33.5,0.33077624
142.0,-33.5,0.32507163
142.25,-33.5,0.33041278
142.5,-33.5,0.33192003
142.75,-33.5,0.3194535
143.0,-33.5,0.31105483
143.25,-33.5,0.31534535
143.5,-33.5,0.3302447
143.75,-33.5,0.34752542
144.0,-33.5,0.3536084
144.25,-33.5,0.34276453
144.5,-33.5,0.33876848
144.75,-33.5,0.34535336
145.0,-33.5,0.33241576
145.25,-33.5,0.30484357
145.5,-33.5,0.2756869
145.75,-33.5,0.27046815
146.0,-33.5,0.26587608
146.25,-33.5,0.26019046
146.5,-33.5,0.26987696
146.75,-33.5,0.27415386
147.0,-33.5,0.2669639
147.25,-33.5,0.24836078
147.5,-33.5,0.23181975
147.75,-33.5,0.22471245
148.0,-33.5,0.21845493
148.25,-33.5,0.19834061
148.5,-33.5,0.18440628
148.75,-33.5,0.22533435
149.0,-33.5,0.25104022
149.25,-33.5,0.21938524
149.5,-33.5,0.20027709
149.75,-33.5,0.19944546
150.0,-33.5,0.20377849
150.25,-33.5,0.16457093
150.5,-33.5,0.1337228
150.75,-33.5,0.10186426
151.0,-33.5,0.1385318
151.25,-33.5,0.22515139
151.5,-33.5,0.35186478
115.0,-33.75,0.5346518
115.25,-33.75,0.4029922
115.5,-33.75,0.32698342
115.75,-33.75,0.2801799
116.0,-33.75,0.28483722
116.25,-33.75,0.29349345
116.5,-33.75,0.3140632
116.75,-33.75,0.33655408
117.0,-33.75,0.34937567
117.25,-33.75,0.3568504
117.5,-33.75,0.36228904
117.75,-33.75,0.35843357
118.0,-33.75,0.35042906
118.25,-33.75,0.3585699
118.5,-33.75,0.36026064
118.75,-33.75,0.35037494
119.0,-33.75,0.3259286
119.25,-33.75,0.29312202
119.5,-33.75,0.2911335
119.75,-33.75,0.28975993
120.0,-33.75,0.27680013
120.25,-33.75,0.28704405
120.5,-33.75,0.31190652
120.75,-33.75,0.32846573
121.0,-33.75,0.35693273
121.25,-33.75,0.3991939
121.5,-33.75,0.42272905
121.75,-33.75,0.4186816
122.0,-33.75,0.3992166
122.25,-33.75,0.31549627
122.5,-33.75,0.29316902
122.75,-33.75,0.28690684
123.0,-33.75,0.29490632
123.25,-33.75,0.29565108
123.5,-33.75,0.3272681
123.75,-33.75,0.3942285
124.0,-33.75,0.46902993
134.75,-33.75,0.48388132
135.0,-33.75,0.40792346
135.25,-33.75,0.3165767
135.5,-33.75,0.29185784
135.75,-33.75,0.275894
136.0,-33.75,0.28421748
136.25,-33.75,0.29850513
136.5,-33.75,0.31598383
136.75,-33.75,0.29812557
137.0,-33.75,0.34008303
137.25,-33.75,0.4098865
137.5,-33.75,0.43326595
137.75,-33.75,0.38597807
138.0,-33.75,0.31177178
138.25,-33.75,0.2688405
138.5,-33.75,0.31367016
138.75,-33.75,0.328626
139.0,-33.75,0.30851144
139.25,-33.75,0.26291338
139.5,-33.75,0.24220885
139.75,-33.75,0.2693905
140.0,-33.75,0.2999302
140.25,-33.75,0.32648838
140.5,-33.75,0.34318176
140.75,-33.75,0.35435322
141.0,-33.75,0.37440395
141.25,-33.75,0.37441316
141.5,-33.75,0.38134992
141.75,-33.75,0.36568788
142.0,-33.75,0.34088877
142.25,-33.75,0.33687964
142.5,-33.75,0.33673024
142.75,-33.75,0.34064642
143.0,-33.75,0.32982203
143.25,-33.75,0.33466512
143.5,-33.75,0.3426435
143.75,-33.75,0.35495967
144.0,-33.75,0.36070403
144.25,-33.75,0.3536631
144.5,-33.75,0.34450567
144.75,-33.75,0.3319901
145.0,-33.75,0.3177322
145.25,-33.75,0.29405028
145.5,-33.75,0.2810902
145.75,-33.75,0.27404043
146.0,-33.75,0.27308312
146.25,-33.75,0.26208317
146.5,-33.75,0.27364263
146.75,-33.75,0.28794304
147.0,-33.75,0.2780395
147.25,-33.75,0.25929987
147.5,-33.75,0.23757425
147.75,-33.75,0.2272652
148.0,-33.75,0.21838886
148.25,-33.75,0.1965942
148.5,-33.75,0.16476259
148.75,-33.75,0.18061374
149.0,-33.75,0.1976411
149.25,-33.75,0.2193829
149.5,-33.75,0.21058977
149.75,-33.75,0.22163126
150.0,-33.75,0.15797907
150.25,-33.75,0.12821071
150.5,-33.75,0.09028284
150.75,-33.75,0.083335295
151.0,-33.75,0.14254355
151.25,-33.75,0.29675394
151.5,-33.75,0.42029753
114.75,-34.0,0.5730512
115.0,-34.0,0.47947368
115.25,-34.0,0.33000332
115.5,-34.0,0.26495832
115.75,-34.0,0.2748775
116.0,-34.0,0.2799587
116.25,-34.0,0.28449297
116.5,-34.0,0.30034867
116.75,-34.0,0.32628945
117.0,-34.0,0.3483795
117.25,-34.0,0.35495216
117.5,-34.0,0.3485948
117.75,-34.0,0.33990052
118.0,-34.0,0.33374745
118.25,-34.0,0.32983622
118.5,-34.0,0.3317881
118.75,-34.0,0.32923445
119.0,-34.0,0.3126619
119.25,-34.0,0.28677303
119.5,-34.0,0.3302899
119.75,-34.0,0.3379225
120.0,-34.0,0.3707376
120.25,-34.0,0.39378592
120.5,-34.0,0.41744336
120.75,-34.0,0.42735216
121.0,-34.0,0.45088232
121.25,-34.0,0.4858417
121.5,-34.0,0.5005545
121.75,-34.0,0.49677214
122.0,-34.0,0.4833316
122.25,-34.0,0.418244
122.5,-34.0,0.39900252
122.75,-34.0,0.40187576
123.0,-34.0,0.40939975
123.25,-34.0,0.4140658
123.5,-34.0,0.44187173
123.75,-34.0,0.49071753
135.0,-34.0,0.46691573
135.25,-34.0,0.37929454
135.5,-34.0,0.32076123
135.75,-34.0,0.30181032
136.0,-34.0,0.2918917
136.25,-34.0,0.29753366
136.5,-34.0,0.32140392
136.75,-34.0,0.3811079
137.0,-34.0,0.4292607
137.25,-34.0,0.4600875
137.5,-34.0,0.4204719
137.75,-34.0,0.37201098
138.0,-34.0,0.32530147
138.25,-34.0,0.28197962
138.5,-34.0,0.31149852
138.75,-34.0,0.3394953
139.0,-34.0,0.31443393
139.25,-34.0,0.26579982
139.5,-34.0,0.24403834
139.75,-34.0,0.267819
140.0,-34.0,0.29490092
140.25,-34.0,0.31955603
140.5,-34.0,0.3369694
140.75,-34.0,0.35384935
141.0,-34.0,0.37278745
141.25,-34.0,0.38909265
141.5,-34.0,0.39192113
141.75,-34.0,0.37629202
142.0,-34.0,0.3339341
142.25,-34.0,0.32692012
142.5,-34.0,0.33786976
142.75,-34.0,0.3428767
143.0,-34.0,0.3316209
143.25,-34.0,0.33554044
143.5,-34.0,0.3414453
143.75,-34.0,0.3398566
144.0,-34.0,0.34611034
144.25,-34.0,0.34172496
144.5,-34.0,0.328768
144.75,-34.0,0.3133449
145.0,-34.0,0.3127535
145.25,-34.0,0.29572913
145.5,-34.0,0.2793554
145.75,-34.0,0.265834
146.0,-34.0,0.26209378
146.25,-34.0,0.25059062
146.5,-34.0,0.26741067
146.75,-34.0,0.28004494
147.0,-34.0,0.28933308
147.25,-34.0,0.2707323
147.5,-34.0,0.24536385
147.75,-34.0,0.23360747
148.0,-34.0,0.22520822
148.25,-34.0,0.2226427
148.5,-34.0,0.18912518
148.75,-34.0,0.17702082
149.0,-34.0,0.16676298
149.25,-34.0,0.18327847
149.5,-34.0,0.22078833
149.75,-34.0,0.23939493
150.0,-34.0,0.1605586
150.25,-34.0,0.10701098
150.5,-34.0,0.07936051
150.75,-34.0,0.09745265
151.0,-34.0,0.17257838
151.25,-34.0,0.33063197
151.5,-34.0,0.4376706
115.0,-34.25,0.5195105
115.25,-34.25,0.3985998
115.5,-34.25,0.318811
115.75,-34.25,0.30270445
116.0,-34.25,0.27466863
116.25,-34.25,0.27394673
116.5,-34.25,0.27763876
116.75,-34.25,0.29962155
117.0,-34.25,0.32536876
117.25,-34.25,0.33599642
117.5,-34.25,0.3307475
117.75,-34.25,0.31624734
118.0,-34.25,0.3035962
118.25,-34.25,0.29655397
118.5,-34.25,0.3078677
118.75,-34.25,0.31053308
119.0,-34.25,0.3050663
119.25,-34.25,0.30601412
119.5,-34.25,0.36311197
119.75,-34.25,0.43739596
120.0,-34.25,0.48517874
120.25,-34.25,0.49920568
120.5,-34.25,0.50844514
120.75,-34.25,0.5153785
122.25,-34.25,0.51886594
122.5,-34.25,0.5142937
122.75,-34.25,0.5146329
123.0,-34.25,0.51547784
123.25,-34.25,0.51784116
123.5,-34.25,0.52638817
135.0,-34.25,0.49325562
135.25,-34.25,0.44320846
135.5,-34.25,0.3620211
135.75,-34.25,0.32896343
136.0,-34.25,0.3160973
136.25,-34.25,0.33606884
136.5,-34.25,0.40019447
137.25,-34.25,0.4810566
137.5,-34.25,0.42910305
137.75,-34.25,0.37241906
138.0,-34.25,0.35194555
138.25,-34.25,0.30708057
138.5,-34.25,0.31047118
138.75,-34.25,0.3237142
139.0,-34.25,0.3047445
139.25,-34.25,0.25880516
139.5,-34.25,0.24359745
139.75,-34.25,0.2597897
140.0,-34.25,0.28653765
140.25,-34.25,0.30944076
140.5,-34.25,0.32257047
140.75,-34.25,0.33984724
141.0,-34.25,0.36517945
141.25,-34.25,0.37084624
141.5,-34.25,0.37086576
141.75,-34.25,0.35654485
142.0,-34.25,0.32358426
142.25,-34.25,0.31361073
142.5,-34.25,0.31832898
142.75,-34.25,0.32332343
143.0,-34.25,0.31323546
143.25,-34.25,0.31273273
143.5,-34.25,0.3077441
143.75,-34.25,0.30401328
144.0,-34.25,0.3166799
144.25,-34.25,0.32259437
144.5,-34.25,0.3142914
144.75,-34.25,0.3122674
145.0,-34.25,0.3084663
145.25,-34.25,0.29761124
145.5,-34.25,0.27752495
145.75,-34.25,0.2636878
146.0,-34.25,0.25013772
146.25,-34.25,0.24422401
146.5,-34.25,0.26053327
146.75,-34.25,0.2793284
147.0,-34.25,0.28957486
147.25,-34.25,0.2870461
147.5,-34.25,0.26073006
147.75,-34.25,0.25051585
148.0,-34.25,0.25534794
148.25,-34.25,0.26146394
148.5,-34.25,0.23878585
148.75,-34.25,0.21031222
149.0,-34.25,0.19694437
149.25,-34.25,0.22304003
149.5,-34.25,0.25920993
149.75,-34.25,0.26880068
150.0,-34.25,0.1879567
150.25,-34.25,0.14317575
150.5,-34.25,0.122377075
150.75,-34.25,0.14849098
151.0,-34.25,0.24280983
151.25,-34.25,0.3621525
115.25,-34.5,0.5378272
115.5,-34.5,0.45206282
115.75,-34.5,0.3587105
116.0,-34.5,0.29277763
116.25,-34.5,0.28325015
116.5,-34.5,0.26225558
116.75,-34.5,0.28012708
117.0,-34.5,0.2995414
117.25,-34.5,0.3103402
117.5,-34.5,0.30935135
117.75,-34.5,0.31311074
118.0,-34.5,0.2855166
118.25,-34.5,0.27734965
118.5,-34.5,0.32056123
118.75,-34.5,0.34452358
119.0,-34.5,0.36581597
119.25,-34.5,0.37644285
119.5,-34.5,0.44398493
135.25,-34.5,0.47743687
135.5,-34.5,0.4059547
135.75,-34.5,0.35178414
136.0,-34.5,0.34932923
136.25,-34.5,0.40625623
137.5,-34.5,0.42934313
137.75,-34.5,0.40125775
138.0,-34.5,0.4063057
138.25,-34.5,0.34849203
138.5,-34.5,0.30266732
138.75,-34.5,0.28984457
139.0,-34.5,0.29389966
139.25,-34.5,0.25066397
139.5,-34.5,0.25080484
139.75,-34.5,0.2695008
140.0,-34.5,0.2974374
140.25,-34.5,0.31008238
140.5,-34.5,0.3122298
140.75,-34.5,0.32479754
141.0,-34.5,0.3396335
141.25,-34.5,0.3299179
141.5,-34.5,0.3232042
141.75,-34.5,0.3346898
142.0,-34.5,0.3214263
142.25,-34.5,0.3114485
142.5,-34.5,0.304771
142.75,-34.5,0.30046713
143.0,-34.5,0.29104066
143.25,-34.5,0.28891572
143.5,-34.5,0.27928567
143.75,-34.5,0.28134716
144.0,-34.5,0.29449967
144.25,-34.5,0.31521693
144.5,-34.5,0.32290152
144.75,-34.5,0.31807172
145.0,-34.5,0.30638188
145.25,-34.5,0.29636776
145.5,-34.5,0.28110054
145.75,-34.5,0.26866746
146.0,-34.5,0.25213906
146.25,-34.5,0.25329357
146.5,-34.5,0.26240528
146.75,-34.5,0.2786535
147.0,-34.5,0.29229206
147.25,-34.5,0.29179865
147.5,-34.5,0.27990067
147.75,-34.5,0.2592858
148.0,-34.5,0.26398516
148.25,-34.5,0.2705929
148.5,-34.5,0.26785192
148.75,-34.5,0.25345626
149.0,-34.5,0.24688639
149.25,-34.5,0.2859473
149.5,-34.5,0.30936515
149.75,-34.5,0.2914775
150.0,-34.5,0.23336245
150.25,-34.5,0.19477999
150.5,-34.5,0.16540284
150.75,-34.5,0.19164014
151.0,-34.5,0.3283726
115.75,-34.75,0.48774838
116.0,-34.75,0.39879623
116.25,-34.75,0.34553874
116.5,-34.75,0.30972624
116.75,-34.75,0.2708896
117.0,-34.75,0.27382156
117.25,-34.75,0.28929746
117.5,-34.75,0.3015058
117.75,-34.75,0.3128652
118.0,-34.75,0.32016218
118.25,-34.75,0.3632694
118.5,-34.75,0.41825008
118.75,-34.75,0.46122882
119.0,-34.75,0.4908279
119.25,-34.75,0.49987847
135.5,-34.75,0.4381019
135.75,-34.75,0.38619256
136.0,-34.75,0.40876225
137.75,-34.75,0.3978081
138.25,-34.75,0.39474645
138.5,-34.75,0.3347397
138.75,-34.75,0.28177837
139.0,-34.75,0.29808712
139.25,-34.75,0.26306874
139.5,-34.75,0.26315716
139.75,-34.75,0.28057018
140.0,-34.75,0.3126209
140.25,-34.75,0.30963817
140.5,-34.75,0.3095514
140.75,-34.75,0.3064281
141.0,-34.75,0.29933336
141.25,-34.75,0.288065
141.5,-34.75,0.29644874
141.75,-34.75,0.31284276
142.0,-34.75,0.32755488
142.25,-34.75,0.32364082
142.5,-34.75,0.31024688
142.75,-34.75,0.301789
143.0,-34.75,0.2903279
143.25,-34.75,0.28878406
143.5,-34.75,0.29079133
143.75,-34.75,0.29737443
144.0,-34.75,0.30470377
144.25,-34.75,0.31385812
144.5,-34.75,0.3240501
144.75,-34.75,0.32664007
145.0,-34.75,0.30893642
145.25,-34.75,0.30092067
145.5,-34.75,0.2951567
145.75,-34.75,0.28478482
146.0,-34.75,0.26771787
146.25,-34.75,0.26976708
146.5,-34.75,0.27381176
146.75,-34.75,0.2761948
147.0,-34.75,0.28297633
147.25,-34.75,0.29082572
147.5,-34.75,0.2782073
147.75,-34.75,0.2597132
148.0,-34.75,0.22859384
148.25,-34.75,0.22666849
148.5,-34.75,0.23263732
148.75,-34.75,0.24041201
149.0,-34.75,0.24990694
149.25,-34.75,0.28511694
149.5,-34.75,0.3004689
149.75,-34.75,0.2840803
150.0,-34.75,0.24422954
150.25,-34.75,0.19125323
150.5,-34.75,0.15779673
150.75,-34.75,0.19515592
151.0,-34.75,0.376051
116.0,-35.0,0.5563547
116.25,-35.0,0.51480347
116.5,-35.0,0.44700095
116.75,-35.0,0.36884224
117.0,-35.0,0.3264058
117.25,-35.0,0.32842144
117.5,-35.0,0.33365798
117.75,-35.0,0.3488496
118.0,-35.0,0.3867175
118.25,-35.0,0.4543417
118.5,-35.0,0.49620917
138.25,-35.0,0.42964396
138.5,-35.0,0.34659472
138.75,-35.0,0.27714255
139.0,-35.0,0.2836119
139.25,-35.0,0.26318264
139.5,-35.0,0.26686752
139.75,-35.0,0.2880682
140.0,-35.0,0.3197083
140.25,-35.0,0.31434342
140.5,-35.0,0.31532067
140.75,-35.0,0.31091923
141.0,-35.0,0.29166076
141.25,-35.0,0.28482342
141.5,-35.0,0.29176593
141.75,-35.0,0.30373517
142.0,-35.0,0.314103
142.25,-35.0,0.31562662
142.5,-35.0,0.31541556
142.75,-35.0,0.3152878
143.0,-35.0,0.31793106
143.25,-35.0,0.3110832
143.5,-35.0,0.30786234
143.75,-35.0,0.30771413
144.0,-35.0,0.312274
144.25,-35.0,0.31089452
144.5,-35.0,0.3127388
144.75,-35.0,0.3135259
145.0,-35.0,0.31097347
145.25,-35.0,0.30487734
145.5,-35.0,0.29723552
145.75,-35.0,0.28935036
146.0,-35.0,0.28055084
146.25,-35.0,0.282742
146.5,-35.0,0.28199694
146.75,-35.0,0.27852854
147.0,-35.0,0.27324077
147.25,-35.0,0.26685417
147.5,-35.0,0.24579301
147.75,-35.0,0.21174361
148.0,-35.0,0.17604022
148.25,-35.0,0.16734144
148.5,-35.0,0.16316122
148.75,-35.0,0.1716598
149.0,-35.0,0.19118196
149.25,-35.0,0.2218428
149.5,-35.0,0.25289848
149.75,-35.0,0.26978952
150.0,-35.0,0.2512073
150.25,-35.0,0.19478428
150.5,-35.0,0.1878682
150.75,-35.0,0.2645994
151.0,-35.0,0.44550624
116.25,-35.25,0.57844955
116.5,-35.25,0.56004304
116.75,-35.25,0.53092164
117.0,-35.25,0.5184954
117.25,-35.25,0.516202
117.5,-35.25,0.5118512
117.75,-35.25,0.5096641
118.0,-35.25,0.5180811
118.25,-35.25,0.534216
138.25,-35.25,0.4286661
138.5,-35.25,0.3258138
138.75,-35.25,0.25979745
139.0,-35.25,0.27403116
139.25,-35.25,0.26527137
139.5,-35.25,0.27404344
139.75,-35.25,0.29543102
140.0,-35.25,0.3227754
140.25,-35.25,0.317437
140.5,-35.25,0.32258722
140.75,-35.25,0.32430196
141.0,-35.25,0.31389752
141.25,-35.25,0.30243072
141.5,-35.25,0.3039434
141.75,-35.25,0.31110033
142.0,-35.25,0.3194302
142.25,-35.25,0.3173046
142.5,-35.25,0.31729668
142.75,-35.25,0.3186361
143.0,-35.25,0.32199925
143.25,-35.25,0.31780794
143.5,-35.25,0.3120194
143.75,-35.25,0.30555248
144.0,-35.25,0.29947916
144.25,-35.25,0.29861945
144.5,-35.25,0.30131269
144.75,-35.25,0.30443162
145.0,-35.25,0.30793837
145.25,-35.25,0.30545205
145.5,-35.25,0.29819
145.75,-35.25,0.29206714
146.0,-35.25,0.28958517
146.25,-35.25,0.28578305
146.5,-35.25,0.2833364
146.75,-35.25,0.27990475
147.0,-35.25,0.27355313
147.25,-35.25,0.23989946
147.5,-35.25,0.20485264
147.75,-35.25,0.1621935
148.0,-35.25,0.1186401
148.25,-35.25,0.095348425
148.5,-35.25,0.09519441
148.75,-35.25,0.11109704
149.0,-35.25,0.12434215
149.25,-35.25,0.1571741
149.5,-35.25,0.19708084
149.75,-35.25,0.22660682
150.0,-35.25,0.21330324
150.25,-35.25,0.17427424
150.5,-35.25,0.2353584
150.75,-35.25,0.37384692
138.5,-35.5,0.28752238
138.75,-35.5,0.2848702
139.0,-35.5,0.34547582
139.25,-35.5,0.34076095
139.5,-35.5,0.3180678
139.75,-35.5,0.31459668
140.0,-35.5,0.30915755
140.25,-35.5,0.30585808
140.5,-35.5,0.31092978
140.75,-35.5,0.31792325
141.0,-35.5,0.31219974
141.25,-35.5,0.29341072
141.5,-35.5,0.2926154
141.75,-35.5,0.3004595
142.0,-35.5,0.3162552
142.25,-35.5,0.31304586
142.5,-35.5,0.31486717
142.75,-35.5,0.3226127
143.0,-35.5,0.32721895
143.25,-35.5,0.32354495
143.5,-35.5,0.3189033
143.75,-35.5,0.310338
144.0,-35.5,0.28380263
144.25,-35.5,0.28439516
144.5,-35.5,0.292722
144.75,-35.5,0.30296007
145.0,-35.5,0.29766178
145.25,-35.5,0.29417264
145.5,-35.5,0.2919553
145.75,-35.5,0.28834614
146.0,-35.5,0.2947136
146.25,-35.5,0.29250205
146.5,-35.5,0.285545
146.75,-35.5,0.2727214
147.0,-35.5,0.25537524
147.25,-35.5,0.20533709
147.5,-35.5,0.15746297
147.75,-35.5,0.115926586
148.0,-35.5,0.07402386
148.25,-35.5,0.05381418
148.5,-35.5,0.0657988
148.75,-35.5,0.09476949
149.0,-35.5,0.09998415
149.25,-35.5,0.12352303
149.5,-35.5,0.1381892
149.75,-35.5,0.15422589
150.0,-35.5,0.1387056
150.25,-35.5,0.1727022
150.5,-35.5,0.28090167
138.75,-35.75,0.41918072
139.0,-35.75,0.4629633
139.25,-35.75,0.44115254
139.5,-35.75,0.40412766
139.75,-35.75,0.32798314
140.0,-35.75,0.30010465
140.25,-35.75,0.29763892
140.5,-35.75,0.3038547
140.75,-35.75,0.3086982
141.0,-35.75,0.32060036
141.25,-35.75,0.30099183
141.5,-35.75,0.295214
141.75,-35.75,0.2979938
142.0,-35.75,0.31576794
142.25,-35.75,0.31951347
142.5,-35.75,0.32345814
142.75,-35.75,0.32744366
143.0,-35.75,0.3276505
143.25,-35.75,0.3246325
143.5,-35.75,0.31995293
143.75,-35.75,0.31106603
144.0,-35.75,0.28571272
144.25,-35.75,0.2778195
144.5,-35.75,0.27900434
144.75,-35.75,0.28486958
145.0,-35.75,0.26997575
145.25,-35.75,0.27391002
145.5,-35.75,0.27484322
145.75,-35.75,0.28561643
146.0,-35.75,0.2919679
146.25,-35.75,0.28390187
146.5,-35.75,0.25667277
146.75,-35.75,0.23778532
147.0,-35.75,0.19378553
147.25,-35.75,0.13950801
147.5,-35.75,0.10123701
147.75,-35.75,0.07004109
148.0,-35.75,0.049059
148.25,-35.75,0.049906824
148.5,-35.75,0.0978623
148.75,-35.75,0.14785972
149.0,-35.75,0.12102077
149.25,-35.75,0.13120432
149.5,-35.75,0.13270958
149.75,-35.75,0.096517354
150.0,-35.75,0.08369726
150.25,-35.75,0.17832571
150.5,-35.75,0.34437585
139.25,-36.0,0.50468475
139.5,-36.0,0.4427904
139.75,-36.0,0.36668003
140.0,-36.0,0.30859303
140.25,-36.0,0.3052994
140.5,-36.0,0.30992192
140.75,-36.0,0.3225102
141.0,-36.0,0.33645117
141.25,-36.0,0.3214347
141.5,-36.0,0.31375536
141.75,-36.0,0.315209
142.0,-36.0,0.32399318
142.25,-36.0,0.3302702
142.5,-36.0,0.3317564
142.75,-36.0,0.32849246
143.0,-36.0,0.32735214
143.25,-36.0,0.32251015
143.5,-36.0,0.3145926
143.75,-36.0,0.30377606
144.0,-36.0,0.29497313
144.25,-36.0,0.28769988
144.5,-36.0,0.2866423
144.75,-36.0,0.27935055
145.0,-36.0,0.2607307
145.25,-36.0,0.25818565
145.5,-36.0,0.270904
145.75,-36.0,0.2824196
146.0,-36.0,0.28120795
146.25,-36.0,0.25356895
146.5,-36.0,0.22488266
146.75,-36.0,0.16004844
147.0,-36.0,0.11609584
147.25,-36.0,0.08329368
147.5,-36.0,0.0552211
147.75,-36.0,0.03635251
148.0,-36.0,0.031710867
148.25,-36.0,0.059771676
148.5,-36.0,0.12352922
148.75,-36.0,0.18410745
149.0,-36.0,0.1520131
149.25,-36.0,0.15517221
149.5,-36.0,0.10156846
149.75,-36.0,0.07097071
150.0,-36.0,0.068151616
150.25,-36.0,0.24079925
150.5,-36.0,0.40472707
139.5,-36.25,0.47613487
139.75,-36.25,0.40822896
140.0,-36.25,0.33173126
140.25,-36.25,0.31785846
140.5,-36.25,0.31853485
140.75,-36.25,0.32908297
141.0,-36.25,0.33576873
141.25,-36.25,0.33509248
141.5,-36.25,0.32570308
141.75,-36.25,0.3248345
142.0,-36.25,0.32645604
142.25,-36.25,0.3298506
142.5,-36.25,0.33226722
142.75,-36.25,0.32725933
143.0,-36.25,0.3265363
143.25,-36.25,0.31951857
143.5,-36.25,0.31038707
143.75,-36.25,0.29796326
144.0,-36.25,0.29299015
144.25,-36.25,0.28584814
144.5,-36.25,0.2825292
144.75,-36.25,0.27459815
145.0,-36.25,0.2560699
145.25,-36.25,0.24442366
145.5,-36.25,0.25537252
145.75,-36.25,0.25776938
146.0,-36.25,0.24844445
146.25,-36.25,0.21091509
146.5,-36.25,0.13627163
146.75,-36.25,0.09401375
147.0,-36.25,0.057986964
147.25,-36.25,0.0555048
147.5,-36.25,0.03707863
147.75,-36.25,0.03436447
148.0,-36.25,0.033009894
148.25,-36.25,0.05823232
148.5,-36.25,0.0840593
148.75,-36.25,0.1444006
149.0,-36.25,0.1520859
149.25,-36.25,0.17222078
149.5,-36.25,0.1173693
149.75,-36.25,0.06498474
150.0,-36.25,0.080744796
150.25,-36.25,0.28552502
150.5,-36.25,0.42529628
139.5,-36.5,0.5246406
139.75,-36.5,0.46155128
140.0,-36.5,0.34376258
140.25,-36.5,0.30653542
140.5,-36.5,0.30541205
140.75,-36.5,0.31706196
141.0,-36.5,0.3164657
141.25,-36.5,0.31980136
141.5,-36.5,0.31625545
141.75,-36.5,0.31371537
142.0,-36.5,0.3130146
142.25,-36.5,0.31465805
142.5,-36.5,0.31576943
142.75,-36.5,0.31887788
143.0,-36.5,0.31909624
143.25,-36.5,0.30914554
143.5,-36.5,0.29124954
143.75,-36.5,0.2786901
144.0,-36.5,0.27600673
144.25,-36.5,0.26977396
144.5,-36.5,0.2668107
144.75,-36.5,0.2712771
145.0,-36.5,0.25828898
145.25,-36.5,0.24685924
145.5,-36.5,0.2377973
145.75,-36.5,0.23894796
146.0,-36.5,0.19743326
146.25,-36.5,0.13970768
146.5,-36.5,0.08464975
146.75,-36.5,0.051816136
147.0,-36.5,0.03334262
147.25,-36.5,0.04207192
147.5,-36.5,0.049844816
147.75,-36.5,0.0504428
148.0,-36.5,0.053472664
148.25,-36.5,0.050956123
148.5,-36.5,0.08327713
148.75,-36.5,0.09186294
149.0,-36.5,0.13734461
149.25,-36.5,0.16603363
149.5,-36.5,0.1125472
149.75,-36.5,0.065554656
150.0,-36.5,0.110582165
150.25,-36.5,0.32793146
139.5,-36.75,0.53211683
139.75,-36.75,0.47009695
140.0,-36.75,0.33621976
140.25,-36.75,0.29266474
140.5,-36.75,0.28450078
140.75,-36.75,0.294591
141.0,-36.75,0.29837564
141.25,-36.75,0.31148517
141.5,-36.75,0.30339226
141.75,-36.75,0.29124755
142.0,-36.75,0.29527077
142.25,-36.75,0.29600486
142.5,-36.75,0.27876773
142.75,-36.75,0.28134295
143.0,-36.75,0.30192465
143.25,-36.75,0.27959314
143.5,-36.75,0.26182407
143.75,-36.75,0.26189
144.0,-36.75,0.26177198
144.25,-36.75,0.25829685
144.5,-36.75,0.26206982
144.75,-36.75,0.27014497
145.0,-36.75,0.27239034
145.25,-36.75,0.26003712
145.5,-36.75,0.24360605
145.75,-36.75,0.19714166
146.0,-36.75,0.14415486
146.25,-36.75,0.095311716
146.5,-36.75,0.0705636
146.75,-36.75,0.04345699
147.0,-36.75,0.039797746
147.25,-36.75,0.050617922
147.5,-36.75,0.068847835
147.75,-36.75,0.07831074
148.0,-36.75,0.09351084
148.25,-36.75,0.07970999
148.5,-36.75,0.05335358
148.75,-36.75,0.06415386
149.0,-36.75,0.13309038
149.25,-36.75,0.15624538
149.5,-36.75,0.10739904
149.75,-36.75,0.09035494
150.0,-36.75,0.17470866
150.25,-36.75,0.39880008
139.5,-37.0,0.5388844
139.75,-37.0,0.47633514
140.0,-37.0,0.34012085
140.25,-37.0,0.27447724
140.5,-37.0,0.2629206
140.75,-37.0,0.27555948
141.0,-37.0,0.29070655
141.25,-37.0,0.31292194
141.5,-37.0,0.31368828
141.75,-37.0,0.30046958
142.0,-37.0,0.28742936
142.25,-37.0,0.22613831
142.5,-37.0,0.21295927
142.75,-37.0,0.24039857
143.0,-37.0,0.2836697
143.25,-37.0,0.25250414
143.5,-37.0,0.24534279
143.75,-37.0,0.24859847
144.0,-37.0,0.2730053
144.25,-37.0,0.2640097
144.5,-37.0,0.26844832
144.75,-37.0,0.27126244
145.0,-37.0,0.27354413
145.25,-37.0,0.24182759
145.5,-37.0,0.18358386
145.75,-37.0,0.13583285
146.0,-37.0,0.10238915
146.25,-37.0,0.09738438
146.5,-37.0,0.0868626
146.75,-37.0,0.082121775
147.0,-37.0,0.08839857
147.25,-37.0,0.09803707
147.5,-37.0,0.10285012
147.75,-37.0,0.114487015
148.0,-37.0,0.120202355
148.25,-37.0,0.08193391
148.5,-37.0,0.065076254
148.75,-37.0,0.08320624
149.0,-37.0,0.1628715
149.25,-37.0,0.17297909
149.5,-37.0,0.14376706
149.75,-37.0,0.1459884
150.0,-37.0,0.31307387
150.25,-37.0,0.4605786
139.5,-37.25,0.5440316
139.75,-37.25,0.49687576
140.0,-37.25,0.37277317
140.25,-37.25,0.27646026
140.5,-37.25,0.23901293
140.75,-37.25,0.24683075
141.0,-37.25,0.27115887
141.25,-37.25,0.2890803
141.5,-37.25,0.29354948
141.75,-37.25,0.28685787
142.0,-37.25,0.26449916
142.25,-37.25,0.19006228
142.5,-37.25,0.18696976
142.75,-37.25,0.2231802
143.0,-37.25,0.27983627
143.25,-37.25,0.252596
143.5,-37.25,0.2546167
143.75,-37.25,0.27313808
144.0,-37.25,0.3033493
144.25,-37.25,0.2807704
144.5,-37.25,0.27395946
144.75,-37.25,0.2751534
145.0,-37.25,0.26974943
145.25,-37.25,0.18770742
145.5,-37.25,0.12480349
145.75,-37.25,0.086444266
146.0,-37.25,0.073310345
146.25,-37.25,0.08500621
146.5,-37.25,0.094117336
146.75,-37.25,0.11060406
147.0,-37.25,0.13145651
147.25,-37.25,0.12934375
147.5,-37.25,0.12875639
147.75,-37.25,0.1272431
148.0,-37.25,0.121160805
148.25,-37.25,0.09471507
148.5,-37.25,0.09858548
148.75,-37.25,0.12584838
149.0,-37.25,0.17700748
149.25,-37.25,0.16327398
149.5,-37.25,0.17293064
149.75,-37.25,0.25762394
150.0,-37.25,0.4534385
150.25,-37.25,0.5336369
139.75,-37.5,0.5407329
140.0,-37.5,0.47986504
140.25,-37.5,0.369039
140.5,-37.5,0.27560323
140.75,-37.5,0.23389113
141.0,-37.5,0.23676324
141.25,-37.5,0.263809
141.5,-37.5,0.27793762
141.75,-37.5,0.28259614
142.0,-37.5,0.27142918
142.25,-37.5,0.23436396
142.5,-37.5,0.24662675
142.75,-37.5,0.28599524
143.0,-37.5,0.3360144
143.25,-37.5,0.33021632
143.5,-37.5,0.32114092
143.75,-37.5,0.3149665
144.0,-37.5,0.31786194
144.25,-37.5,0.29642814
144.5,-37.5,0.28436297
144.75,-37.5,0.27781066
145.0,-37.5,0.27402937
145.25,-37.5,0.19457543
145.5,-37.5,0.13908969
145.75,-37.5,0.112362
146.0,-37.5,0.12066195
146.25,-37.5,0.1298608
146.5,-37.5,0.13331549
146.75,-37.5,0.13450703
147.0,-37.5,0.12110592
147.25,-37.5,0.115759805
147.5,-37.5,0.12249642
147.75,-37.5,0.12741332
148.0,-37.5,0.119923614
148.25,-37.5,0.10860836
148.5,-37.5,0.12061198
148.75,-37.5,0.14982492
149.0,-37.5,0.1953948
149.25,-37.5,0.2104738
149.5,-37.5,0.2614566
149.75,-37.5,0.3772421
150.0,-37.5,0.5249819
140.0,-37.75,0.55125505
140.25,-37.75,0.496557
140.5,-37.75,0.40801552
140.75,-37.75,0.32367587
141.0,-37.75,0.28587845
141.25,-37.75,0.27093133
141.5,-37.75,0.26423478
141.75,-37.75,0.26687896
142.0,-37.75,0.28851226
142.25,-37.75,0.285064
142.5,-37.75,0.290753
142.75,-37.75,0.30839655
143.0,-37.75,0.33439663
143.25,-37.75,0.33201957
143.5,-37.75,0.3263101
143.75,-37.75,0.31887513
144.0,-37.75,0.31669956
144.25,-37.75,0.2896363
144.5,-37.75,0.28039438
144.75,-37.75,0.282156
145.0,-37.75,0.28774875
145.25,-37.75,0.21286802
145.5,-37.75,0.15922287
145.75,-37.75,0.13516127
146.0,-37.75,0.14706063
146.25,-37.75,0.13802631
146.5,-37.75,0.13740021
146.75,-37.75,0.121549666
147.0,-37.75,0.11385971
147.25,-37.75,0.120337375
147.5,-37.75,0.14241438
147.75,-37.75,0.16332069
148.0,-37.75,0.17269889
148.25,-37.75,0.16955774
148.5,-37.75,0.19249634
148.75,-37.75,0.2522517
149.0,-37.75,0.3476342
149.25,-37.75,0.414072
149.5,-37.75,0.47469524
149.75,-37.75,0.54593813
140.25,-38.0,0.545197
140.5,-38.0,0.5289191
140.75,-38.0,0.4763816
141.0,-38.0,0.4270508
141.25,-38.0,0.32181132
141.5,-38.0,0.30108172
141.75,-38.0,0.28305545
142.0,-38.0,0.29817563
142.25,-38.0,0.27362072
142.5,-38.0,0.26277465
142.75,-38.0,0.27447188
143.0,-38.0,0.2959939
143.25,-38.0,0.30584985
143.5,-38.0,0.30347076
143.75,-38.0,0.30460024
144.0,-38.0,0.29802522
144.25,-38.0,0.29276457
144.5,-38.0,0.3522587
144.75,-38.0,0.37742612
145.0,-38.0,0.37842336
145.25,-38.0,0.2543915
145.5,-38.0,0.19413304
145.75,-38.0,0.16373244
146.0,-38.0,0.17939685
146.25,-38.0,0.16980727
146.5,-38.0,0.14596961
146.75,-38.0,0.1370099
147.0,-38.0,0.13660926
147.25,-38.0,0.19145834
147.5,-38.0,0.24117725
147.75,-38.0,0.31659022
148.0,-38.0,0.35494506
148.25,-38.0,0.36910748
148.5,-38.0,0.39068344
148.75,-38.0,0.4435646
149.0,-38.0,0.483837
149.25,-38.0,0.52188677
149.5,-38.0,0.5712235
140.75,-38.25,0.5548218
141.0,-38.25,0.529527
141.25,-38.25,0.48478675
141.5,-38.25,0.43349504
141.75,-38.25,0.42963627
142.0,-38.25,0.40176806
142.25,-38.25,0.33911386
142.5,-38.25,0.29225063
142.75,-38.25,0.26535216
143.0,-38.25,0.26057044
143.25,-38.25,0.25951225
143.5,-38.25,0.25812122
143.75,-38.25,0.2588483
144.0,-38.25,0.26613936
144.25,-38.25,0.29612675
144.5,-38.25,0.40705043
144.75,-38.25,0.46202603
145.0,-38.25,0.4282181
145.25,-38.25,0.3138968
145.5,-38.25,0.24993725
145.75,-38.25,0.21252404
146.0,-38.25,0.21512341
146.25,-38.25,0.21350072
146.5,-38.25,0.19984151
146.75,-38.25,0.19363861
147.0,-38.25,0.21188626
147.25,-38.25,0.3037939
147.5,-38.25,0.38104698
147.75,-38.25,0.44473317
148.0,-38.25,0.48307064
141.25,-38.5,0.55422187
141.5,-38.5,0.5366527
141.75,-38.5,0.53473073
142.0,-38.5,0.5091497
142.25,-38.5,0.44027546
142.5,-38.5,0.4090325
142.75,-38.5,0.37324443
143.0,-38.5,0.329232
143.25,-38.5,0.26056772
143.5,-38.5,0.2493524
143.75,-38.5,0.25181937
144.0,-38.5,0.3092623
144.25,-38.5,0.37785405
145.25,-38.5,0.44302917
145.5,-38.5,0.39327443
145.75,-38.5,0.3488926
146.0,-38.5,0.269804
146.25,-38.5,0.25720683
146.5,-38.5,0.24699137
146.75,-38.5,0.3021839
147.0,-38.5,0.3507614
147.25,-38.5,0.43691644
142.75,-38.75,0.50817275
143.0,-38.75,0.46095657
143.25,-38.75,0.39724657
143.5,-38.75,0.3806691
143.75,-38.75,0.38159817
144.0,-38.75,0.44064865
145.5,-38.75,0.5269335
145.75,-38.75,0.49250624
146.0,-38.75,0.4243692
146.25,-38.75,0.4071672
146.5,-38.75,0.40486056
146.75,-38.75,0.45267588
147.0,-38.75,0.48156235
143.25,-39.0,0.5488239
143.5,-39.0,0.5412073
143.75,-39.0,0.5364063
146.0,-39.0,0.57504207
146.25,-39.0,0.57366836
146.5,-39.0,0.5618975
145.0,-40.5,0.6089179
148.0,-40.5,0.58758515
144.75,-40.75,0.5250205
145.0,-40.75,0.4918662
145.25,-40.75,0.47750258
145.5,-40.75,0.4675765
145.75,-40.75,0.5010099
146.0,-40.75,0.53304553
146.75,-40.75,0.5633745
147.0,-40.75,0.56099045
147.25,-40.75,0.541771
147.5,-40.75,0.5091299
147.75,-40.75,0.504706
148.0,-40.75,0.50789016
148.25,-40.75,0.5702695
144.5,-41.0,0.5505224
144.75,-41.0,0.40924007
145.0,-41.0,0.3321973
145.25,-41.0,0.31410703
145.5,-41.0,0.3203446
145.75,-41.0,0.36476305
146.0,-41.0,0.40754828
146.25,-41.0,0.37571442
146.5,-41.0,0.39047033
146.75,-41.0,0.39880034
147.0,-41.0,0.39022204
147.25,-41.0,0.37669843
147.5,-41.0,0.3365741
147.75,-41.0,0.33696267
148.0,-41.0,0.33598667
148.25,-41.0,0.46234545
148.5,-41.0,0.56685144
144.5,-41.25,0.5758744
144.75,-41.25,0.44763806
145.0,-41.25,0.35952845
145.25,-41.25,0.29088876
145.5,-41.25,0.2850179
145.75,-41.25,0.27581376
146.0,-41.25,0.22184946
146.25,-41.25,0.18642214
146.5,-41.25,0.16660935
146.75,-41.25,0.16449763
147.0,-41.25,0.15820426
147.25,-41.25,0.15552408
147.5,-41.25,0.14167221
147.75,-41.25,0.15820886
148.0,-41.25,0.21988906
148.25,-41.25,0.38888058
148.5,-41.25,0.5111794
144.75,-41.5,0.53470844
145.0,-41.5,0.40416244
145.25,-41.5,0.3196021
145.5,-41.5,0.26839155
145.75,-41.5,0.2516103
146.0,-41.5,0.17842263
146.25,-41.5,0.13650103
146.5,-41.5,0.09856061
146.75,-41.5,0.106219895
147.0,-41.5,0.1285849
147.25,-41.5,0.14983486
147.5,-41.5,0.11166819
147.75,-41.5,0.123478174
148.0,-41.5,0.18359947
148.25,-41.5,0.34675407
148.5,-41.5,0.47139433
144.75,-41.75,0.5540748
145.0,-41.75,0.39458415
145.25,-41.75,0.26180914
145.5,-41.75,0.18410783
145.75,-41.75,0.18105574
146.0,-41.75,0.16216215
146.25,-41.75,0.14185119
146.5,-41.75,0.13241217
146.75,-41.75,0.11170496
147.0,-41.75,0.12132542
147.25,-41.75,0.17461851
147.5,-41.75,0.16433059
147.75,-41.75,0.15424058
148.0,-41.75,0.18153591
148.25,-41.75,0.33351514
148.5,-41.75,0.46433493
145.0,-42.0,0.4954106
145.25,-42.0,0.36182734
145.5,-42.0,0.23054172
145.75,-42.0,0.18365675
146.0,-42.0,0.2249463
146.25,-42.0,0.28136897
146.5,-42.0,0.34421068
146.75,-42.0,0.27981824
147.0,-42.0,0.21454817
147.25,-42.0,0.16769722
147.5,-42.0,0.19436173
147.75,-42.0,0.2062142
148.0,-42.0,0.2390154
148.25,-42.0,0.37546477
148.5,-42.0,0.48652405
145.25,-42.25,0.4567062
145.5,-42.25,0.2711934
145.75,-42.25,0.21927238
146.0,-42.25,0.23131132
146.25,-42.25,0.2703417
146.5,-42.25,0.286059
146.75,-42.25,0.2666684
147.0,-42.25,0.26319999
147.25,-42.25,0.24800822
147.5,-42.25,0.26385128
147.75,-42.25,0.2827616
148.0,-42.25,0.34509566
148.25,-42.25,0.4444156
145.0,-42.5,0.57093334
145.25,-42.5,0.491198
145.5,-42.5,0.30887786
145.75,-42.5,0.2223584
146.0,-42.5,0.20988151
146.25,-42.5,0.20359655
146.5,-42.5,0.1638346
146.75,-42.5,0.1508661
147.0,-42.5,0.18317391
147.25,-42.5,0.212662
147.5,-42.5,0.22660936
147.75,-42.5,0.25802132
148.0,-42.5,0.38914955
148.25,-42.5,0.4838301
145.25,-42.75,0.52126443
145.5,-42.75,0.3630852
145.75,-42.75,0.2358891
146.0,-42.75,0.20812212
146.25,-42.75,0.20909674
146.5,-42.75,0.17390122
146.75,-42.75,0.13552566
147.0,-42.75,0.1363961
147.25,-42.75,0.15222879
147.5,-42.75,0.2002649
147.75,-42.75,0.26495802
148.0,-42.75,0.4203736
145.5,-43.0,0.47138214
145.75,-43.0,0.35036075
146.0,-43.0,0.22662744
146.25,-43.0,0.21069431
146.5,-43.0,0.1720715
146.75,-43.0,0.16723056
147.0,-43.0,0.1482142
147.25,-43.0,0.18230356
147.5,-43.0,0.29103994
147.75,-43.0,0.40299135
145.75,-43.25,0.49101838
146.0,-43.25,0.3804783
146.25,-43.25,0.25269917
146.5,-43.25,0.20263334
146.75,-43.25,0.19752975
147.0,-43.25,0.24740404
147.25,-43.25,0.34960732
146.0,-43.5,0.55027485
146.25,-43.5,0.43156898
146.5,-43.5,0.3749178
146.75,-43.5,0.3633381
147.0,-43.5,0.43421203
