Longitude,Latitude,avg_wind_speed
142.5,-10.75,8.490595
142.25,-11.0,6.756381
142.5,-11.0,7.062783
131.25,-11.25,5.011889
142.25,-11.25,6.0210824
142.5,-11.25,6.1359043
142.75,-11.25,7.428057
130.25,-11.5,4.0622807
130.5,-11.5,3.912877
130.75,-11.5,4.104929
131.0,-11.5,4.1800084
131.25,-11.5,4.3569193
132.5,-11.5,5.169821
132.75,-11.5,5.564651
133.0,-11.5,5.9913893
142.25,-11.5,5.771644
142.5,-11.5,5.870672
142.75,-11.5,7.115965
130.25,-11.75,3.949643
130.5,-11.75,3.9287534
130.75,-11.75,4.1169353
131.0,-11.75,4.2910037
132.75,-11.75,4.7624917
133.0,-11.75,4.8403683
133.25,-11.75,5.6488943
142.25,-11.75,5.526329
142.5,-11.75,5.7617574
142.75,-11.75,6.875057
132.75,-12.0,4.4704986
133.0,-12.0,4.3965626
133.25,-12.0,4.659848
133.5,-12.0,4.8166485
133.75,-12.0,5.0358114
134.0,-12.0,5.6550713
135.75,-12.0,6.629833
136.5,-12.0,6.26864
142.0,-12.0,5.3814354
142.25,-12.0,5.4344616
142.5,-12.0,5.52575
142.75,-12.0,6.049668
143.0,-12.0,7.331939
131.25,-12.25,4.5645924
132.25,-12.25,4.9922
132.5,-12.25,4.387302
132.75,-12.25,4.134607
133.0,-12.25,4.3385253
133.25,-12.25,4.472677
133.5,-12.25,4.6616764
133.75,-12.25,4.7197495
134.0,-12.25,4.682615
134.25,-12.25,4.770885
134.5,-12.25,4.8977804
134.75,-12.25,5.010746
135.0,-12.25,5.106927
135.25,-12.25,5.162987
135.5,-12.25,5.2016134
135.75,-12.25,5.305638
136.0,-12.25,5.473581
136.5,-12.25,5.0813727
136.75,-12.25,5.4762697
141.75,-12.25,5.1803923
142.0,-12.25,5.050346
142.25,-12.25,5.19744
142.5,-12.25,5.357424
142.75,-12.25,5.717405
143.0,-12.25,6.633251
130.75,-12.5,3.973375
131.0,-12.5,3.7538428
131.25,-12.5,3.8060951
131.5,-12.5,3.9570627
131.75,-12.5,4.0913725
132.0,-12.5,4.1830115
132.25,-12.5,4.1726303
132.5,-12.5,4.0139413
132.75,-12.5,4.0667434
133.0,-12.5,4.330519
133.25,-12.5,4.6308866
133.5,-12.5,5.0009503
133.75,-12.5,5.031909
134.0,-12.5,4.786372
134.25,-12.5,4.614485
134.5,-12.5,4.624529
134.75,-12.5,4.615017
135.0,-12.5,4.603861
135.25,-12.5,4.7231617
135.5,-12.5,4.797483
135.75,-12.5,4.763609
136.0,-12.5,4.774699
136.25,-12.5,4.7264857
136.5,-12.5,4.8139396
136.75,-12.5,5.4166536
141.75,-12.5,5.260236
142.0,-12.5,4.9613442
142.25,-12.5,4.962481
142.5,-12.5,5.1846676
142.75,-12.5,5.375276
143.0,-12.5,5.8041162
143.25,-12.5,6.964224
130.5,-12.75,3.9632897
130.75,-12.75,3.700303
131.0,-12.75,3.7426257
131.25,-12.75,3.741097
131.5,-12.75,3.8014836
131.75,-12.75,3.925544
132.0,-12.75,4.0160084
132.25,-12.75,3.9986665
132.5,-12.75,3.9843693
132.75,-12.75,4.137629
133.0,-12.75,4.4691305
133.25,-12.75,4.917325
133.5,-12.75,5.27738
133.75,-12.75,5.3237553
134.0,-12.75,5.145845
134.25,-12.75,5.0119123
134.5,-12.75,4.9528103
134.75,-12.75,4.726603
135.0,-12.75,4.6262445
135.25,-12.75,4.7977395
135.5,-12.75,4.873694
135.75,-12.75,4.7474146
136.0,-12.75,4.525925
136.25,-12.75,4.5448895
136.5,-12.75,5.129646
142.0,-12.75,5.088572
142.25,-12.75,4.9820986
142.5,-12.75,5.140689
142.75,-12.75,5.399973
143.0,-12.75,5.7326884
143.25,-12.75,6.4981833
130.25,-13.0,4.1782136
130.5,-13.0,3.7593873
130.75,-13.0,3.7861164
131.0,-13.0,3.8660367
131.25,-13.0,3.864722
131.5,-13.0,3.9501543
131.75,-13.0,4.0915446
132.0,-13.0,4.172592
132.25,-13.0,4.0706367
132.5,-13.0,4.0668364
132.75,-13.0,4.222924
133.0,-13.0,4.7513123
133.25,-13.0,5.2407813
133.5,-13.0,5.4660006
133.75,-13.0,5.4445105
134.0,-13.0,5.2029257
134.25,-13.0,5.036935
134.5,-13.0,4.863583
134.75,-13.0,4.670485
135.0,-13.0,4.6568427
135.25,-13.0,4.874538
135.5,-13.0,4.7661934
135.75,-13.0,4.592846
136.0,-13.0,4.531742
136.25,-13.0,4.799219
136.5,-13.0,5.3931484
141.75,-13.0,5.247671
142.0,-13.0,5.019311
142.25,-13.0,5.022748
142.5,-13.0,5.169097
142.75,-13.0,5.4384713
143.0,-13.0,5.561924
143.25,-13.0,5.9986916
130.25,-13.25,4.3674426
130.5,-13.25,3.9569218
130.75,-13.25,4.0321145
131.0,-13.25,4.0783534
131.25,-13.25,4.097026
131.5,-13.25,4.171797
131.75,-13.25,4.3130555
132.0,-13.25,4.30234
132.25,-13.25,4.2663884
132.5,-13.25,4.35339
132.75,-13.25,4.5806985
133.0,-13.25,5.2388425
133.25,-13.25,5.5455856
133.5,-13.25,5.613511
133.75,-13.25,5.2927356
134.0,-13.25,5.0448375
134.25,-13.25,4.8733144
134.5,-13.25,4.7454863
134.75,-13.25,4.787263
135.0,-13.25,4.8445597
135.25,-13.25,4.969832
135.5,-13.25,4.6129956
135.75,-13.25,4.542843
136.0,-13.25,5.256179
141.75,-13.25,5.015861
142.0,-13.25,4.920332
142.25,-13.25,5.084559
142.5,-13.25,5.188689
142.75,-13.25,5.445646
143.0,-13.25,5.547588
143.25,-13.25,5.525913
143.5,-13.25,6.124357
130.0,-13.5,4.5708876
130.25,-13.5,4.3076777
130.5,-13.5,4.1235003
130.75,-13.5,4.2215886
131.0,-13.5,4.33842
131.25,-13.5,4.3104053
131.5,-13.5,4.449326
131.75,-13.5,4.5382586
132.0,-13.5,4.5592217
132.25,-13.5,4.615489
132.5,-13.5,4.7670465
132.75,-13.5,4.8627515
133.0,-13.5,5.4308543
133.25,-13.5,5.657507
133.5,-13.5,5.4242897
133.75,-13.5,5.1303473
134.0,-13.5,4.916942
134.25,-13.5,4.761029
134.5,-13.5,4.8805733
134.75,-13.5,5.041872
135.0,-13.5,5.02403
135.25,-13.5,4.943149
135.5,-13.5,4.6115026
135.75,-13.5,4.6319995
141.75,-13.5,4.910723
142.0,-13.5,4.8737454
142.25,-13.5,5.0216913
142.5,-13.5,5.118322
142.75,-13.5,5.330071
143.0,-13.5,5.494656
143.25,-13.5,5.435298
143.5,-13.5,5.9226294
130.0,-13.75,4.212305
130.25,-13.75,4.15348
130.5,-13.75,4.2613
130.75,-13.75,4.397291
131.0,-13.75,4.415541
131.25,-13.75,4.505077
131.5,-13.75,4.7044177
131.75,-13.75,4.8423915
132.0,-13.75,4.867353
132.25,-13.75,4.986484
132.5,-13.75,5.1268034
132.75,-13.75,5.0572925
133.0,-13.75,5.4735255
133.25,-13.75,5.54378
133.5,-13.75,5.3237944
133.75,-13.75,5.1016173
134.0,-13.75,4.8948226
134.25,-13.75,4.8883867
134.5,-13.75,5.0479403
134.75,-13.75,5.2187395
135.0,-13.75,5.0520225
135.25,-13.75,4.8478174
135.5,-13.75,4.67144
135.75,-13.75,4.6990175
141.5,-13.75,5.601433
141.75,-13.75,4.8017364
142.0,-13.75,4.764781
142.25,-13.75,4.9671326
142.5,-13.75,5.014387
142.75,-13.75,5.227482
143.0,-13.75,5.352703
143.25,-13.75,5.0419493
143.5,-13.75,5.433455
126.75,-14.0,4.661771
127.0,-14.0,4.631054
127.25,-14.0,4.97266
129.75,-14.0,4.4792323
130.0,-14.0,4.0754766
130.25,-14.0,4.1680317
130.5,-14.0,4.385706
130.75,-14.0,4.4596252
131.0,-14.0,4.516177
131.25,-14.0,4.5764184
131.5,-14.0,4.816766
131.75,-14.0,4.954302
132.0,-14.0,5.0219674
132.25,-14.0,5.256999
132.5,-14.0,5.435777
132.75,-14.0,5.2460027
133.0,-14.0,5.5139813
133.25,-14.0,5.5558147
133.5,-14.0,5.222128
133.75,-14.0,5.0462103
134.0,-14.0,5.065054
134.25,-14.0,5.077214
134.5,-14.0,5.2282424
134.75,-14.0,5.3468027
135.0,-14.0,4.9893136
135.25,-14.0,4.6975594
135.5,-14.0,4.6633267
135.75,-14.0,5.1071577
141.75,-14.0,4.7176466
142.0,-14.0,4.7144327
142.25,-14.0,4.913677
142.5,-14.0,5.099897
142.75,-14.0,5.261405
143.0,-14.0,5.388704
143.25,-14.0,4.9949665
143.5,-14.0,4.941624
126.25,-14.25,4.459015
126.5,-14.25,4.260522
126.75,-14.25,4.18432
127.0,-14.25,4.4844556
127.25,-14.25,4.860757
127.5,-14.25,5.0626245
129.5,-14.25,5.017112
129.75,-14.25,4.317189
130.0,-14.25,4.0997715
130.25,-14.25,4.2975554
130.5,-14.25,4.4850316
130.75,-14.25,4.575263
131.0,-14.25,4.6225514
131.25,-14.25,4.677313
131.5,-14.25,4.67257
131.75,-14.25,4.8598685
132.0,-14.25,5.076312
132.25,-14.25,5.3648114
132.5,-14.25,5.508336
132.75,-14.25,5.3494024
133.0,-14.25,5.5457606
133.25,-14.25,5.4914255
133.5,-14.25,5.149029
133.75,-14.25,5.0054398
134.0,-14.25,5.082451
134.25,-14.25,5.254174
134.5,-14.25,5.4119015
134.75,-14.25,5.3859653
135.0,-14.25,4.976783
135.25,-14.25,4.6833816
135.5,-14.25,4.973552
135.75,-14.25,5.593595
141.75,-14.25,4.761019
142.0,-14.25,4.73737
142.25,-14.25,5.005883
142.5,-14.25,5.2038445
142.75,-14.25,5.481499
143.0,-14.25,5.642795
143.25,-14.25,5.504282
143.5,-14.25,5.4227166
125.75,-14.5,4.149991
126.25,-14.5,4.2575397
126.5,-14.5,4.0443277
126.75,-14.5,3.938488
127.0,-14.5,4.3659983
127.25,-14.5,4.8790503
127.5,-14.5,4.9903865
127.75,-14.5,4.9486866
129.75,-14.5,4.7003136
130.0,-14.5,4.4259725
130.25,-14.5,4.6355057
130.5,-14.5,4.840468
130.75,-14.5,4.8630295
131.0,-14.5,4.9143286
131.25,-14.5,4.7705283
131.5,-14.5,4.660424
131.75,-14.5,4.7486606
132.0,-14.5,4.9820323
132.25,-14.5,5.171676
132.5,-14.5,5.344768
132.75,-14.5,5.3640957
133.0,-14.5,5.3207803
133.25,-14.5,5.306281
133.5,-14.5,5.070613
133.75,-14.5,4.9446344
134.0,-14.5,5.0555387
134.25,-14.5,5.2844534
134.5,-14.5,5.4043403
134.75,-14.5,5.3299966
135.0,-14.5,4.987216
135.25,-14.5,4.875573
135.5,-14.5,5.320878
141.75,-14.5,4.9024
142.0,-14.5,4.8404884
142.25,-14.5,5.076146
142.5,-14.5,5.336178
142.75,-14.5,5.554842
143.0,-14.5,5.745767
143.25,-14.5,5.64525
143.5,-14.5,5.2264466
143.75,-14.5,5.268709
144.0,-14.5,5.7877946
144.25,-14.5,5.943501
144.5,-14.5,6.3298383
125.25,-14.75,4.0578876
125.5,-14.75,3.7595913
125.75,-14.75,3.6550944
126.0,-14.75,3.81268
126.25,-14.75,4.262254
126.5,-14.75,4.258006
126.75,-14.75,4.090705
127.0,-14.75,4.4466944
127.25,-14.75,4.9753823
127.5,-14.75,5.106979
127.75,-14.75,4.9620132
128.0,-14.75,5.0144596
129.75,-14.75,5.212482
130.0,-14.75,4.783935
130.25,-14.75,4.8403707
130.5,-14.75,4.969688
130.75,-14.75,4.847826
131.0,-14.75,5.030837
131.25,-14.75,4.900994
131.5,-14.75,4.6636024
131.75,-14.75,4.685709
132.0,-14.75,4.917841
132.25,-14.75,5.092275
132.5,-14.75,5.3115587
132.75,-14.75,5.453894
133.0,-14.75,5.2373266
133.25,-14.75,5.180406
133.5,-14.75,5.1122203
133.75,-14.75,5.0792546
134.0,-14.75,5.133064
134.25,-14.75,5.2168374
134.5,-14.75,5.251763
134.75,-14.75,5.1895437
135.0,-14.75,4.956937
135.25,-14.75,5.130964
141.75,-14.75,5.144453
142.0,-14.75,5.024177
142.25,-14.75,5.187185
142.5,-14.75,5.4104033
142.75,-14.75,5.6072974
143.0,-14.75,5.7702465
143.25,-14.75,5.7195244
143.5,-14.75,5.318408
143.75,-14.75,4.9566307
144.0,-14.75,5.180629
144.25,-14.75,5.419482
144.5,-14.75,5.554396
144.75,-14.75,6.13057
145.0,-14.75,7.3903933
125.5,-15.0,3.3991008
125.75,-15.0,3.6976883
126.0,-15.0,4.131817
126.25,-15.0,4.5716577
126.5,-15.0,4.5815706
126.75,-15.0,4.4808354
127.0,-15.0,4.776267
127.25,-15.0,5.255733
127.5,-15.0,5.3602767
127.75,-15.0,5.0906324
128.0,-15.0,4.72085
128.25,-15.0,4.9213114
128.5,-15.0,4.9217954
128.75,-15.0,5.1071405
129.0,-15.0,5.24714
129.25,-15.0,5.282966
129.5,-15.0,5.2366576
129.75,-15.0,5.120542
130.0,-15.0,4.8401814
130.25,-15.0,4.835792
130.5,-15.0,4.7752004
130.75,-15.0,4.7954154
131.0,-15.0,5.2533803
131.25,-15.0,5.193741
131.5,-15.0,4.9444947
131.75,-15.0,4.9358873
132.0,-15.0,5.1248875
132.25,-15.0,5.2680736
132.5,-15.0,5.3862424
132.75,-15.0,5.496723
133.0,-15.0,5.2934732
133.25,-15.0,5.1665096
133.5,-15.0,5.170501
133.75,-15.0,5.241022
134.0,-15.0,5.2503295
134.25,-15.0,5.189162
134.5,-15.0,5.189054
134.75,-15.0,5.1382303
135.0,-15.0,4.9277606
135.25,-15.0,5.0909233
135.5,-15.0,5.688373
141.75,-15.0,5.2848816
142.0,-15.0,5.0859985
142.25,-15.0,5.2654033
142.5,-15.0,5.4583497
142.75,-15.0,5.646031
143.0,-15.0,5.7547283
143.25,-15.0,5.7617893
143.5,-15.0,5.4805827
143.75,-15.0,5.1481724
144.0,-15.0,5.2064033
144.25,-15.0,5.4314337
144.5,-15.0,5.837089
144.75,-15.0,5.988361
145.0,-15.0,6.4103017
145.25,-15.0,7.6492524
125.0,-15.25,3.5494895
125.25,-15.25,3.2408473
125.5,-15.25,3.3172162
125.75,-15.25,3.7586908
126.0,-15.25,4.349731
126.25,-15.25,4.735826
126.5,-15.25,4.757448
126.75,-15.25,4.789668
127.0,-15.25,5.0833707
127.25,-15.25,5.406965
127.5,-15.25,5.4175057
127.75,-15.25,4.792169
128.0,-15.25,4.3353047
128.5,-15.25,4.724775
128.75,-15.25,4.8177085
129.0,-15.25,4.7189436
129.25,-15.25,4.722853
129.5,-15.25,4.789082
129.75,-15.25,4.7866707
130.0,-15.25,4.737376
130.25,-15.25,4.835637
130.5,-15.25,4.729122
130.75,-15.25,4.925815
131.0,-15.25,5.366177
131.25,-15.25,5.403065
131.5,-15.25,5.241723
131.75,-15.25,5.2534027
132.0,-15.25,5.374432
132.25,-15.25,5.3024025
132.5,-15.25,5.380617
132.75,-15.25,5.5112286
133.0,-15.25,5.44196
133.25,-15.25,5.2655826
133.5,-15.25,5.199824
133.75,-15.25,5.250521
134.0,-15.25,5.2335534
134.25,-15.25,5.171289
134.5,-15.25,5.251573
134.75,-15.25,5.2338605
135.0,-15.25,5.043159
135.25,-15.25,4.9744935
135.5,-15.25,5.2366385
135.75,-15.25,5.401688
141.75,-15.25,5.1389832
142.0,-15.25,5.0503736
142.25,-15.25,5.2247868
142.5,-15.25,5.486175
142.75,-15.25,5.641425
143.0,-15.25,5.8267655
143.25,-15.25,5.8144903
143.5,-15.25,5.6722255
143.75,-15.25,5.3312917
144.0,-15.25,5.26744
144.25,-15.25,5.249627
144.5,-15.25,5.768298
144.75,-15.25,6.0842123
145.0,-15.25,6.3104186
145.25,-15.25,7.402622
124.5,-15.5,4.181967
124.75,-15.5,3.612636
125.0,-15.5,3.2184124
125.25,-15.5,3.2080255
125.5,-15.5,3.4205995
125.75,-15.5,3.9336946
126.0,-15.5,4.570013
126.25,-15.5,4.833974
126.5,-15.5,4.868851
126.75,-15.5,5.0326724
127.0,-15.5,5.319974
127.25,-15.5,5.5827403
127.5,-15.5,5.142698
127.75,-15.5,4.4460754
128.0,-15.5,3.9582312
128.25,-15.5,4.294501
128.5,-15.5,4.5069423
128.75,-15.5,4.696906
129.0,-15.5,4.6864505
129.25,-15.5,4.82068
129.5,-15.5,4.9454637
129.75,-15.5,4.7152696
130.0,-15.5,4.6593633
130.25,-15.5,4.9925246
130.5,-15.5,4.946682
130.75,-15.5,4.899042
131.0,-15.5,5.0578175
131.25,-15.5,5.2250323
131.5,-15.5,5.458637
131.75,-15.5,5.500353
132.0,-15.5,5.423431
132.25,-15.5,5.2998614
132.5,-15.5,5.3445153
132.75,-15.5,5.500346
133.0,-15.5,5.490693
133.25,-15.5,5.372249
133.5,-15.5,5.292826
133.75,-15.5,5.3254986
134.0,-15.5,5.2820115
134.25,-15.5,5.298043
134.5,-15.5,5.395389
134.75,-15.5,5.4624763
135.0,-15.5,5.234408
135.25,-15.5,5.046361
135.5,-15.5,5.0091696
135.75,-15.5,5.051028
136.0,-15.5,5.1467614
136.25,-15.5,5.546009
141.5,-15.5,5.3410296
141.75,-15.5,4.8735213
142.0,-15.5,4.883186
142.25,-15.5,5.128834
142.5,-15.5,5.2957306
142.75,-15.5,5.5031996
143.0,-15.5,5.6042395
143.25,-15.5,5.743779
143.5,-15.5,5.6022363
143.75,-15.5,5.3309216
144.0,-15.5,5.1615725
144.25,-15.5,5.223796
144.5,-15.5,5.690768
144.75,-15.5,5.8856573
145.0,-15.5,6.004974
145.25,-15.5,7.1073947
124.5,-15.75,4.1193056
124.75,-15.75,3.578719
125.0,-15.75,3.4157207
125.25,-15.75,3.482681
125.5,-15.75,3.6084993
125.75,-15.75,4.1079373
126.0,-15.75,4.7213364
126.25,-15.75,4.8882213
126.5,-15.75,4.9549103
126.75,-15.75,5.246839
127.0,-15.75,5.5084677
127.25,-15.75,5.3958883
127.5,-15.75,4.9715037
127.75,-15.75,4.309375
128.0,-15.75,3.8088436
128.25,-15.75,4.007026
128.5,-15.75,4.2993355
128.75,-15.75,4.66251
129.0,-15.75,5.110923
129.25,-15.75,5.3183866
129.5,-15.75,5.2004333
129.75,-15.75,4.9821153
130.0,-15.75,5.003937
130.25,-15.75,5.443059
130.5,-15.75,5.340266
130.75,-15.75,4.9130516
131.0,-15.75,4.9874573
131.25,-15.75,5.2414227
131.5,-15.75,5.4963665
131.75,-15.75,5.680258
132.0,-15.75,5.5997024
132.25,-15.75,5.4171004
132.5,-15.75,5.4244184
132.75,-15.75,5.513719
133.0,-15.75,5.4981155
133.25,-15.75,5.411459
133.5,-15.75,5.421597
133.75,-15.75,5.4112573
134.0,-15.75,5.3920817
134.25,-15.75,5.3702083
134.5,-15.75,5.533456
134.75,-15.75,5.6280265
135.0,-15.75,5.384273
135.25,-15.75,5.093901
135.5,-15.75,5.024004
135.75,-15.75,4.9133215
136.0,-15.75,4.94967
136.25,-15.75,5.0473533
136.5,-15.75,5.4620037
137.0,-15.75,5.855767
141.5,-15.75,5.123698
141.75,-15.75,4.870197
142.0,-15.75,4.898032
142.25,-15.75,4.992353
142.5,-15.75,5.1520023
142.75,-15.75,5.2323923
143.0,-15.75,5.383863
143.25,-15.75,5.402645
143.5,-15.75,5.446263
143.75,-15.75,5.185159
144.0,-15.75,5.0275393
144.25,-15.75,5.2475266
144.5,-15.75,5.490431
144.75,-15.75,5.4132953
145.0,-15.75,5.486583
145.25,-15.75,6.5418158
124.75,-16.0,3.7549202
125.0,-16.0,3.655526
125.25,-16.0,3.7738748
125.5,-16.0,3.931505
125.75,-16.0,4.274825
126.0,-16.0,4.8180175
126.25,-16.0,5.010503
126.5,-16.0,5.1169405
126.75,-16.0,5.3770986
127.0,-16.0,5.312006
127.25,-16.0,5.199875
127.5,-16.0,5.141541
127.75,-16.0,4.5772796
128.0,-16.0,3.9429283
128.25,-16.0,3.9115734
128.5,-16.0,4.217194
128.75,-16.0,4.8829794
129.0,-16.0,5.4275937
129.25,-16.0,5.6660028
129.5,-16.0,5.588647
129.75,-16.0,5.432526
130.0,-16.0,5.574709
130.25,-16.0,5.82748
130.5,-16.0,5.6210275
130.75,-16.0,5.1772356
131.0,-16.0,5.14999
131.25,-16.0,5.4334145
131.5,-16.0,5.6578217
131.75,-16.0,5.839077
132.0,-16.0,5.7960334
132.25,-16.0,5.630861
132.5,-16.0,5.58084
132.75,-16.0,5.56804
133.0,-16.0,5.5148196
133.25,-16.0,5.505126
133.5,-16.0,5.501999
133.75,-16.0,5.51198
134.0,-16.0,5.4475374
134.25,-16.0,5.449486
134.5,-16.0,5.541405
134.75,-16.0,5.6584783
135.0,-16.0,5.473871
135.25,-16.0,5.156297
135.5,-16.0,5.034555
135.75,-16.0,4.8848634
136.0,-16.0,4.781071
136.25,-16.0,4.8431406
136.5,-16.0,4.9391294
136.75,-16.0,5.2342067
137.0,-16.0,5.2713933
141.5,-16.0,5.2000804
141.75,-16.0,5.016416
142.0,-16.0,5.0008707
142.25,-16.0,5.0499554
142.5,-16.0,5.06301
142.75,-16.0,5.1739135
143.0,-16.0,5.1745496
143.25,-16.0,5.2587004
143.5,-16.0,5.1854577
143.75,-16.0,5.0125017
144.0,-16.0,4.8927293
144.25,-16.0,5.1153836
144.5,-16.0,5.023198
144.75,-16.0,4.8484573
145.0,-16.0,4.6017723
145.25,-16.0,5.5741835
123.75,-16.25,5.4258
124.5,-16.25,4.1239886
124.75,-16.25,3.730587
125.0,-16.25,3.7511425
125.25,-16.25,3.9090316
125.5,-16.25,4.299122
125.75,-16.25,4.6392517
126.0,-16.25,5.0294704
126.25,-16.25,5.238635
126.5,-16.25,5.374908
126.75,-16.25,5.3861604
127.0,-16.25,5.2932425
127.25,-16.25,5.3357205
127.5,-16.25,5.3354006
127.75,-16.25,4.9439354
128.0,-16.25,4.2713
128.25,-16.25,4.0202637
128.5,-16.25,4.245704
128.75,-16.25,5.0192966
129.0,-16.25,5.6949124
129.25,-16.25,5.915431
129.5,-16.25,5.7728662
129.75,-16.25,5.6797442
130.0,-16.25,5.9110894
130.25,-16.25,6.0348325
130.5,-16.25,5.7087297
130.75,-16.25,5.4976707
131.0,-16.25,5.482285
131.25,-16.25,5.6696634
131.5,-16.25,5.8837643
131.75,-16.25,5.9424143
132.0,-16.25,5.890268
132.25,-16.25,5.8243136
132.5,-16.25,5.7707696
132.75,-16.25,5.6753716
133.0,-16.25,5.5915594
133.25,-16.25,5.5934496
133.5,-16.25,5.6147366
133.75,-16.25,5.5962057
134.0,-16.25,5.650246
134.25,-16.25,5.611821
134.5,-16.25,5.5366693
134.75,-16.25,5.545294
135.0,-16.25,5.4830956
135.25,-16.25,5.257292
135.5,-16.25,5.0493903
135.75,-16.25,4.884571
136.0,-16.25,4.7320094
136.25,-16.25,4.8458023
136.5,-16.25,4.8775244
136.75,-16.25,4.755349
137.0,-16.25,4.6953306
137.25,-16.25,4.8639364
137.5,-16.25,5.10579
141.5,-16.25,5.252229
141.75,-16.25,5.1169987
142.0,-16.25,5.1644173
142.25,-16.25,5.1700087
142.5,-16.25,5.197123
142.75,-16.25,5.1749506
143.0,-16.25,5.2453127
143.25,-16.25,5.2170925
143.5,-16.25,5.1740603
143.75,-16.25,4.931142
144.0,-16.25,4.8858223
144.25,-16.25,5.089252
144.5,-16.25,4.845638
144.75,-16.25,4.660414
145.0,-16.25,4.1860766
145.25,-16.25,3.7213845
123.5,-16.5,5.7262325
123.75,-16.5,5.219959
124.0,-16.5,4.8416457
124.25,-16.5,4.412357
124.5,-16.5,3.9772758
124.75,-16.5,3.8006496
125.0,-16.5,3.8654077
125.25,-16.5,4.1922307
125.5,-16.5,4.726876
125.75,-16.5,5.067285
126.0,-16.5,5.3477483
126.25,-16.5,5.5284295
126.5,-16.5,5.688608
126.75,-16.5,5.58589
127.0,-16.5,5.4473643
127.25,-16.5,5.5227447
127.5,-16.5,5.509941
127.75,-16.5,5.0003176
128.0,-16.5,4.4118977
128.25,-16.5,4.136176
128.5,-16.5,4.3014216
128.75,-16.5,4.9884253
129.0,-16.5,5.700314
129.25,-16.5,5.9331183
129.5,-16.5,5.840167
129.75,-16.5,5.953933
130.0,-16.5,6.2891755
130.25,-16.5,6.112266
130.5,-16.5,5.759268
130.75,-16.5,5.680624
131.0,-16.5,5.6742716
131.25,-16.5,5.8712826
131.5,-16.5,6.09563
131.75,-16.5,6.1353903
132.0,-16.5,6.054136
132.25,-16.5,5.977767
132.5,-16.5,5.9223633
132.75,-16.5,5.807064
133.0,-16.5,5.708468
133.25,-16.5,5.7152166
133.5,-16.5,5.7166085
133.75,-16.5,5.727328
134.0,-16.5,5.7666497
134.25,-16.5,5.8036227
134.5,-16.5,5.661915
134.75,-16.5,5.525966
135.0,-16.5,5.446678
135.25,-16.5,5.288591
135.5,-16.5,5.1091146
135.75,-16.5,4.8979754
136.0,-16.5,4.983703
136.25,-16.5,5.093397
136.5,-16.5,5.043339
136.75,-16.5,4.7824802
137.0,-16.5,4.6594734
137.25,-16.5,4.7883296
137.5,-16.5,4.780991
137.75,-16.5,4.8599386
141.5,-16.5,5.3215256
141.75,-16.5,5.2098746
142.0,-16.5,5.2728987
142.25,-16.5,5.371204
142.5,-16.5,5.3210196
142.75,-16.5,5.325037
143.0,-16.5,5.2904725
143.25,-16.5,5.3357625
143.5,-16.5,5.248613
143.75,-16.5,5.1265974
144.0,-16.5,5.125811
144.25,-16.5,5.36256
144.5,-16.5,5.2667503
144.75,-16.5,5.0510736
145.0,-16.5,4.3717155
145.25,-16.5,3.5354044
122.75,-16.75,5.723176
123.0,-16.75,5.8346763
123.75,-16.75,5.4928503
124.0,-16.75,5.053413
124.25,-16.75,4.8041415
124.5,-16.75,4.7164116
124.75,-16.75,4.5459046
125.0,-16.75,4.4246025
125.25,-16.75,4.687177
125.5,-16.75,5.132205
125.75,-16.75,5.392735
126.0,-16.75,5.355681
126.25,-16.75,5.6180344
126.5,-16.75,5.8457994
126.75,-16.75,5.799551
127.0,-16.75,5.644411
127.25,-16.75,5.544132
127.5,-16.75,5.3879685
127.75,-16.75,5.0999556
128.0,-16.75,4.684836
128.25,-16.75,4.3710213
128.5,-16.75,4.496222
128.75,-16.75,5.048699
129.0,-16.75,5.662433
129.25,-16.75,5.955287
129.5,-16.75,6.03443
129.75,-16.75,6.228752
130.0,-16.75,6.491424
130.25,-16.75,6.2401295
130.5,-16.75,5.9200935
130.75,-16.75,5.868797
131.0,-16.75,5.8139963
131.25,-16.75,5.9117312
131.5,-16.75,6.1469145
131.75,-16.75,6.307715
132.0,-16.75,6.246494
132.25,-16.75,6.1034045
132.5,-16.75,5.988685
132.75,-16.75,5.884329
133.0,-16.75,5.8356223
133.25,-16.75,5.8624415
133.5,-16.75,5.839191
133.75,-16.75,5.8051724
134.0,-16.75,5.8345256
134.25,-16.75,5.854969
134.5,-16.75,5.8202324
134.75,-16.75,5.669006
135.0,-16.75,5.5626807
135.25,-16.75,5.394914
135.5,-16.75,5.201171
135.75,-16.75,5.096452
136.0,-16.75,5.234672
136.25,-16.75,5.445993
136.5,-16.75,5.319383
136.75,-16.75,4.917782
137.0,-16.75,4.7990093
137.25,-16.75,4.899731
137.5,-16.75,4.7727604
137.75,-16.75,4.720356
138.0,-16.75,4.840995
138.25,-16.75,5.1435537
141.25,-16.75,5.450372
141.5,-16.75,5.242068
141.75,-16.75,5.345803
142.0,-16.75,5.343069
142.25,-16.75,5.379466
142.5,-16.75,5.39566
142.75,-16.75,5.402408
143.0,-16.75,5.4628687
143.25,-16.75,5.468468
143.5,-16.75,5.425721
143.75,-16.75,5.356535
144.0,-16.75,5.41586
144.25,-16.75,5.6965237
144.5,-16.75,5.767291
144.75,-16.75,5.640155
145.0,-16.75,5.114453
145.25,-16.75,4.2621913
145.5,-16.75,4.107783
122.5,-17.0,5.6770573
122.75,-17.0,5.6658106
123.0,-17.0,5.8818693
124.0,-17.0,5.5704436
124.25,-17.0,5.2827506
124.5,-17.0,5.356707
124.75,-17.0,5.384632
125.0,-17.0,5.1670976
125.25,-17.0,5.0088143
125.5,-17.0,5.2100534
125.75,-17.0,5.3388352
126.0,-17.0,5.035788
126.25,-17.0,5.4082417
126.5,-17.0,5.7887125
126.75,-17.0,5.8505225
127.0,-17.0,5.7429423
127.25,-17.0,5.492786
127.5,-17.0,5.3281684
127.75,-17.0,5.4151506
128.0,-17.0,5.252537
128.25,-17.0,4.67458
128.5,-17.0,4.556101
128.75,-17.0,4.8985653
129.0,-17.0,5.621001
129.25,-17.0,6.15654
129.5,-17.0,6.373453
129.75,-17.0,6.5074444
130.0,-17.0,6.6261277
130.25,-17.0,6.3934593
130.5,-17.0,6.137493
130.75,-17.0,6.013107
131.0,-17.0,5.906847
131.25,-17.0,5.9278526
131.5,-17.0,6.1092696
131.75,-17.0,6.2896137
132.0,-17.0,6.2997146
132.25,-17.0,6.1871214
132.5,-17.0,6.1357985
132.75,-17.0,6.0628405
133.0,-17.0,5.9845448
133.25,-17.0,6.0141172
133.5,-17.0,5.97087
133.75,-17.0,5.885712
134.0,-17.0,5.860612
134.25,-17.0,5.897644
134.5,-17.0,5.9539084
134.75,-17.0,6.0112967
135.0,-17.0,5.9584856
135.25,-17.0,5.7342815
135.5,-17.0,5.573075
135.75,-17.0,5.4401793
136.0,-17.0,5.5347857
136.25,-17.0,5.706754
136.5,-17.0,5.6180625
136.75,-17.0,5.223355
137.0,-17.0,4.9749165
137.25,-17.0,4.964508
137.5,-17.0,4.917589
137.75,-17.0,4.7788224
138.0,-17.0,4.724212
138.25,-17.0,4.8320765
138.5,-17.0,4.958329
138.75,-17.0,5.076315
139.0,-17.0,5.3375587
141.0,-17.0,5.992897
141.25,-17.0,5.3502383
141.5,-17.0,5.214297
141.75,-17.0,5.397152
142.0,-17.0,5.402762
142.25,-17.0,5.4171567
142.5,-17.0,5.4774947
142.75,-17.0,5.548837
143.0,-17.0,5.6033835
143.25,-17.0,5.626786
143.5,-17.0,5.5806317
143.75,-17.0,5.5006633
144.0,-17.0,5.4528637
144.25,-17.0,5.6796837
144.5,-17.0,5.725748
144.75,-17.0,5.3209267
145.0,-17.0,4.8989167
145.25,-17.0,4.289226
145.5,-17.0,3.5864284
145.75,-17.0,3.971917
122.25,-17.25,5.576899
122.5,-17.25,5.6617546
122.75,-17.25,5.8806696
123.0,-17.25,6.162061
123.25,-17.25,6.3975897
123.75,-17.25,6.3548636
124.0,-17.25,5.92627
124.25,-17.25,5.619488
124.5,-17.25,5.55974
124.75,-17.25,5.569158
125.0,-17.25,5.469664
125.25,-17.25,5.295627
125.5,-17.25,5.28014
125.75,-17.25,5.1297774
126.0,-17.25,4.784738
126.25,-17.25,5.249885
126.5,-17.25,5.6607842
126.75,-17.25,5.69957
127.0,-17.25,5.6527085
127.25,-17.25,5.4894724
127.5,-17.25,5.4732943
127.75,-17.25,5.612406
128.0,-17.25,5.4081073
128.25,-17.25,4.7446294
128.5,-17.25,4.483288
128.75,-17.25,4.8437476
129.0,-17.25,5.628364
129.25,-17.25,6.23509
129.5,-17.25,6.472598
129.75,-17.25,6.531073
130.0,-17.25,6.5654297
130.25,-17.25,6.4433494
130.5,-17.25,6.2075496
130.75,-17.25,5.9501038
131.0,-17.25,5.896318
131.25,-17.25,6.026979
131.5,-17.25,6.3340416
131.75,-17.25,6.5766754
132.0,-17.25,6.667451
132.25,-17.25,6.566661
132.5,-17.25,6.4638734
132.75,-17.25,6.3459797
133.0,-17.25,6.1165347
133.25,-17.25,6.021286
133.5,-17.25,6.046892
133.75,-17.25,6.0649877
134.0,-17.25,6.059172
134.25,-17.25,6.1776166
134.5,-17.25,6.3190794
134.75,-17.25,6.4927874
135.0,-17.25,6.5013285
135.25,-17.25,6.2139306
135.5,-17.25,6.0225606
135.75,-17.25,5.8504405
136.0,-17.25,5.821557
136.25,-17.25,5.9225197
136.5,-17.25,5.9583483
136.75,-17.25,5.6923776
137.0,-17.25,5.3610606
137.25,-17.25,5.215269
137.5,-17.25,5.042694
137.75,-17.25,4.751351
138.0,-17.25,4.716619
138.25,-17.25,4.856248
138.5,-17.25,4.940487
138.75,-17.25,4.9888706
139.0,-17.25,5.209783
141.0,-17.25,6.155927
141.25,-17.25,5.6611466
141.5,-17.25,5.428143
141.75,-17.25,5.4377246
142.0,-17.25,5.426865
142.25,-17.25,5.467004
142.5,-17.25,5.512112
142.75,-17.25,5.6074257
143.0,-17.25,5.650515
143.25,-17.25,5.710786
143.5,-17.25,5.696146
143.75,-17.25,5.6884203
144.0,-17.25,5.6528034
144.25,-17.25,5.780113
144.5,-17.25,5.949341
144.75,-17.25,5.579612
145.0,-17.25,5.227691
145.25,-17.25,4.834093
145.5,-17.25,4.0654006
145.75,-17.25,3.442304
122.25,-17.5,5.545016
122.5,-17.5,5.6533437
122.75,-17.5,6.069173
123.0,-17.5,6.399209
123.25,-17.5,6.4561944
123.5,-17.5,6.3995852
123.75,-17.5,6.2231693
124.0,-17.5,6.109845
124.25,-17.5,6.0305204
124.5,-17.5,5.893522
124.75,-17.5,5.860216
125.0,-17.5,5.925599
125.25,-17.5,5.936961
125.5,-17.5,5.703175
125.75,-17.5,5.311137
126.0,-17.5,4.9253573
126.25,-17.5,5.160092
126.5,-17.5,5.4659
126.75,-17.5,5.55022
127.0,-17.5,5.5495934
127.25,-17.5,5.6939726
127.5,-17.5,5.7506785
127.75,-17.5,5.665036
128.0,-17.5,5.3470216
128.25,-17.5,4.9293056
128.5,-17.5,4.8638725
128.75,-17.5,5.3114834
129.0,-17.5,5.9932237
129.25,-17.5,6.466638
129.5,-17.5,6.558387
129.75,-17.5,6.594555
130.0,-17.5,6.5256724
130.25,-17.5,6.342279
130.5,-17.5,6.077465
130.75,-17.5,5.9138594
131.0,-17.5,5.9525833
131.25,-17.5,6.152071
131.5,-17.5,6.427337
131.75,-17.5,6.685534
132.0,-17.5,6.7588344
132.25,-17.5,6.604867
132.5,-17.5,6.3994603
132.75,-17.5,6.278362
133.0,-17.5,6.1640444
133.25,-17.5,6.118332
133.5,-17.5,6.3350825
133.75,-17.5,6.3804417
134.0,-17.5,6.436693
134.25,-17.5,6.4932494
134.5,-17.5,6.5819116
134.75,-17.5,6.6187077
135.0,-17.5,6.7166038
135.25,-17.5,6.6111383
135.5,-17.5,6.4363337
135.75,-17.5,6.3802724
136.0,-17.5,6.2560205
136.25,-17.5,6.1826367
136.5,-17.5,6.105199
136.75,-17.5,5.9821887
137.0,-17.5,5.7522125
137.25,-17.5,5.654818
137.5,-17.5,5.4313297
137.75,-17.5,5.1179667
138.0,-17.5,5.068499
138.25,-17.5,5.1349816
138.5,-17.5,5.162382
138.75,-17.5,5.155906
139.0,-17.5,5.1427803
139.25,-17.5,5.3806415
139.5,-17.5,5.757093
140.75,-17.5,6.287399
141.0,-17.5,5.91082
141.25,-17.5,5.677179
141.5,-17.5,5.5438614
141.75,-17.5,5.5588393
142.0,-17.5,5.536609
142.25,-17.5,5.5265546
142.5,-17.5,5.5488534
142.75,-17.5,5.598854
143.0,-17.5,5.695728
143.25,-17.5,5.726761
143.5,-17.5,5.774707
143.75,-17.5,5.851349
144.0,-17.5,6.0601897
144.25,-17.5,6.0711627
144.5,-17.5,6.223864
144.75,-17.5,6.265524
145.0,-17.5,5.9059615
145.25,-17.5,5.362767
145.5,-17.5,4.324777
145.75,-17.5,2.8408694
146.0,-17.5,3.2251136
122.25,-17.75,5.7328897
122.5,-17.75,5.5378013
122.75,-17.75,5.962457
123.0,-17.75,6.4765425
123.25,-17.75,6.60745
123.5,-17.75,6.4033084
123.75,-17.75,6.1798472
124.0,-17.75,6.1785407
124.25,-17.75,6.3022447
124.5,-17.75,6.235578
124.75,-17.75,6.280315
125.0,-17.75,6.4117475
125.25,-17.75,6.414396
125.5,-17.75,6.172523
125.75,-17.75,5.7362986
126.0,-17.75,5.5112333
126.25,-17.75,5.5289307
126.5,-17.75,5.4547505
126.75,-17.75,5.567416
127.0,-17.75,5.759369
127.25,-17.75,5.8804016
127.5,-17.75,5.94957
127.75,-17.75,5.7864122
128.0,-17.75,5.4628453
128.25,-17.75,5.187654
128.5,-17.75,5.3660555
128.75,-17.75,6.009187
129.0,-17.75,6.5370183
129.25,-17.75,6.6181855
129.5,-17.75,6.657793
129.75,-17.75,6.6133413
130.0,-17.75,6.5118237
130.25,-17.75,6.202003
130.5,-17.75,5.990543
130.75,-17.75,6.0121217
131.0,-17.75,6.220345
131.25,-17.75,6.357417
131.5,-17.75,6.4811506
131.75,-17.75,6.689998
132.0,-17.75,6.803041
132.25,-17.75,6.673058
132.5,-17.75,6.469202
132.75,-17.75,6.313908
133.0,-17.75,6.2550683
133.25,-17.75,6.3379207
133.5,-17.75,6.4812303
133.75,-17.75,6.5661025
134.0,-17.75,6.555867
134.25,-17.75,6.5776763
134.5,-17.75,6.599115
134.75,-17.75,6.570916
135.0,-17.75,6.618879
135.25,-17.75,6.5644245
135.5,-17.75,6.5294566
135.75,-17.75,6.4400525
136.0,-17.75,6.480235
136.25,-17.75,6.3514953
136.5,-17.75,6.4254518
136.75,-17.75,6.309595
137.0,-17.75,6.2069097
137.25,-17.75,6.073567
137.5,-17.75,5.805707
137.75,-17.75,5.6188226
138.0,-17.75,5.5136795
138.25,-17.75,5.511639
138.5,-17.75,5.466664
138.75,-17.75,5.3367205
139.0,-17.75,5.245341
139.25,-17.75,5.3585014
139.5,-17.75,5.691457
139.75,-17.75,5.7827754
140.0,-17.75,5.973786
140.25,-17.75,6.269556
140.5,-17.75,6.322684
140.75,-17.75,6.0481267
141.0,-17.75,5.763549
141.25,-17.75,5.590752
141.5,-17.75,5.6121464
141.75,-17.75,5.6562963
142.0,-17.75,5.6429744
142.25,-17.75,5.6677833
142.5,-17.75,5.6361923
142.75,-17.75,5.661829
143.0,-17.75,5.695933
143.25,-17.75,5.761819
143.5,-17.75,5.8030562
143.75,-17.75,6.0090885
144.0,-17.75,6.213696
144.25,-17.75,6.252921
144.5,-17.75,6.5135136
144.75,-17.75,6.4771824
145.0,-17.75,5.9870944
145.25,-17.75,5.3887825
145.5,-17.75,4.0527983
145.75,-17.75,2.3985794
146.0,-17.75,2.9483566
122.5,-18.0,5.8304095
122.75,-18.0,6.1080866
123.0,-18.0,6.66067
123.25,-18.0,6.8191257
123.5,-18.0,6.6242023
123.75,-18.0,6.4390144
124.0,-18.0,6.418879
124.25,-18.0,6.5080338
124.5,-18.0,6.444126
124.75,-18.0,6.538841
125.0,-18.0,6.6370807
125.25,-18.0,6.6837735
125.5,-18.0,6.428039
125.75,-18.0,6.0882735
126.0,-18.0,6.0191245
126.25,-18.0,5.8837304
126.5,-18.0,5.668227
126.75,-18.0,5.638957
127.0,-18.0,5.8246417
127.25,-18.0,6.0656896
127.5,-18.0,6.0808344
127.75,-18.0,5.9924746
128.0,-18.0,5.704728
128.25,-18.0,5.57443
128.5,-18.0,5.9079266
128.75,-18.0,6.4355516
129.0,-18.0,6.5849915
129.25,-18.0,6.6379547
129.5,-18.0,6.6515617
129.75,-18.0,6.601788
130.0,-18.0,6.5693145
130.25,-18.0,6.266363
130.5,-18.0,6.1197224
130.75,-18.0,6.227472
131.0,-18.0,6.4101844
131.25,-18.0,6.5124707
131.5,-18.0,6.615575
131.75,-18.0,6.725465
132.0,-18.0,6.801793
132.25,-18.0,6.813057
132.5,-18.0,6.6642203
132.75,-18.0,6.5755486
133.0,-18.0,6.5479484
133.25,-18.0,6.5964684
133.5,-18.0,6.6675973
133.75,-18.0,6.6779876
134.0,-18.0,6.544567
134.25,-18.0,6.4814367
134.5,-18.0,6.5044327
134.75,-18.0,6.4648023
135.0,-18.0,6.5004134
135.25,-18.0,6.5078278
135.5,-18.0,6.4677596
135.75,-18.0,6.5042467
136.0,-18.0,6.460963
136.25,-18.0,6.605615
136.5,-18.0,6.5915475
136.75,-18.0,6.6480846
137.0,-18.0,6.51129
137.25,-18.0,6.3495474
137.5,-18.0,6.09657
137.75,-18.0,5.9000745
138.0,-18.0,5.8858366
138.25,-18.0,5.7651696
138.5,-18.0,5.616176
138.75,-18.0,5.420549
139.0,-18.0,5.350268
139.25,-18.0,5.467001
139.5,-18.0,5.8412085
139.75,-18.0,5.881091
140.0,-18.0,6.0103054
140.25,-18.0,6.2407193
140.5,-18.0,6.2731614
140.75,-18.0,6.02104
141.0,-18.0,5.748192
141.25,-18.0,5.6589084
141.5,-18.0,5.695271
141.75,-18.0,5.7000933
142.0,-18.0,5.724173
142.25,-18.0,5.781672
142.5,-18.0,5.809122
142.75,-18.0,5.7632203
143.0,-18.0,5.748905
143.25,-18.0,5.759464
143.5,-18.0,5.978847
143.75,-18.0,6.141333
144.0,-18.0,5.9944773
144.25,-18.0,6.151589
144.5,-18.0,6.5673747
144.75,-18.0,6.358399
145.0,-18.0,5.8400207
145.25,-18.0,5.161421
145.5,-18.0,3.8918576
145.75,-18.0,2.43205
146.0,-18.0,2.7381518
122.25,-18.25,6.174478
122.5,-18.25,6.2984834
122.75,-18.25,6.6481295
123.0,-18.25,6.8940897
123.25,-18.25,7.0791836
123.5,-18.25,6.8980937
123.75,-18.25,6.7452974
124.0,-18.25,6.710789
124.25,-18.25,6.6642857
124.5,-18.25,6.610152
124.75,-18.25,6.5176587
125.0,-18.25,6.648231
125.25,-18.25,6.602519
125.5,-18.25,6.422558
125.75,-18.25,6.3448
126.0,-18.25,6.3455195
126.25,-18.25,6.148498
126.5,-18.25,5.7612104
126.75,-18.25,5.712002
127.0,-18.25,5.8874636
127.25,-18.25,6.1114664
127.5,-18.25,6.2002816
127.75,-18.25,6.092418
128.0,-18.25,5.9339542
128.25,-18.25,5.911732
128.5,-18.25,6.195364
128.75,-18.25,6.4343305
129.0,-18.25,6.523351
129.25,-18.25,6.5265923
129.5,-18.25,6.507542
129.75,-18.25,6.704541
130.0,-18.25,6.679408
130.25,-18.25,6.4844184
130.5,-18.25,6.344255
130.75,-18.25,6.399513
131.0,-18.25,6.51502
131.25,-18.25,6.607533
131.5,-18.25,6.6386423
131.75,-18.25,6.735518
132.0,-18.25,6.7578597
132.25,-18.25,6.732554
132.5,-18.25,6.7865577
132.75,-18.25,6.8142986
133.0,-18.25,6.79654
133.25,-18.25,6.837241
133.5,-18.25,6.8665824
133.75,-18.25,6.860145
134.0,-18.25,6.651187
134.25,-18.25,6.4074564
134.5,-18.25,6.3555455
134.75,-18.25,6.4273295
135.0,-18.25,6.4594674
135.25,-18.25,6.499294
135.5,-18.25,6.5382147
135.75,-18.25,6.5128965
136.0,-18.25,6.5568943
136.25,-18.25,6.604081
136.5,-18.25,6.8146567
136.75,-18.25,6.8324966
137.0,-18.25,6.7716923
137.25,-18.25,6.5867486
137.5,-18.25,6.3612127
137.75,-18.25,6.2505636
138.0,-18.25,6.152156
138.25,-18.25,5.989546
138.5,-18.25,5.710626
138.75,-18.25,5.5413127
139.0,-18.25,5.4316406
139.25,-18.25,5.5991497
139.5,-18.25,5.9838796
139.75,-18.25,6.115731
140.0,-18.25,6.2674413
140.25,-18.25,6.4447064
140.5,-18.25,6.4507103
140.75,-18.25,6.204268
141.0,-18.25,5.904545
141.25,-18.25,5.796772
141.5,-18.25,5.8695803
141.75,-18.25,5.784643
142.0,-18.25,5.774078
142.25,-18.25,5.9141345
142.5,-18.25,5.9202065
142.75,-18.25,5.919774
143.0,-18.25,5.8455234
143.25,-18.25,5.9191823
143.5,-18.25,6.1470046
143.75,-18.25,6.1297793
144.0,-18.25,5.6522155
144.25,-18.25,5.83317
144.5,-18.25,6.499687
144.75,-18.25,6.2256265
145.0,-18.25,5.4965067
145.25,-18.25,4.8509073
145.5,-18.25,4.21865
145.75,-18.25,2.7954266
146.0,-18.25,2.418474
146.25,-18.25,4.170714
122.0,-18.5,6.435247
122.25,-18.5,6.5256824
122.5,-18.5,6.752115
122.75,-18.5,6.8615303
123.0,-18.5,7.1577444
123.25,-18.5,7.176211
123.5,-18.5,7.013264
123.75,-18.5,6.832136
124.0,-18.5,6.8515053
124.25,-18.5,6.805972
124.5,-18.5,6.662082
124.75,-18.5,6.54584
125.0,-18.5,6.427614
125.25,-18.5,6.3696427
125.5,-18.5,6.408356
125.75,-18.5,6.494067
126.0,-18.5,6.5668116
126.25,-18.5,6.333491
126.5,-18.5,5.938908
126.75,-18.5,5.83381
127.0,-18.5,6.0135036
127.25,-18.5,6.217322
127.5,-18.5,6.2950387
127.75,-18.5,6.2176247
128.0,-18.5,6.053281
128.25,-18.5,6.110197
128.5,-18.5,6.236897
128.75,-18.5,6.3777413
129.0,-18.5,6.517888
129.25,-18.5,6.505223
129.5,-18.5,6.5681376
129.75,-18.5,6.7356477
130.0,-18.5,6.8242483
130.25,-18.5,6.6545
130.5,-18.5,6.504804
130.75,-18.5,6.4966435
131.0,-18.5,6.591173
131.25,-18.5,6.6544065
131.5,-18.5,6.6612606
131.75,-18.5,6.662513
132.0,-18.5,6.6395164
132.25,-18.5,6.637242
132.5,-18.5,6.7167234
132.75,-18.5,6.8754187
133.0,-18.5,6.909692
133.25,-18.5,6.9210515
133.5,-18.5,7.059477
133.75,-18.5,7.007221
134.0,-18.5,6.782428
134.25,-18.5,6.4498725
134.5,-18.5,6.3718705
134.75,-18.5,6.4208264
135.0,-18.5,6.482982
135.25,-18.5,6.5526447
135.5,-18.5,6.5433125
135.75,-18.5,6.581674
136.0,-18.5,6.5550075
136.25,-18.5,6.6570883
136.5,-18.5,6.7806697
136.75,-18.5,6.99312
137.0,-18.5,6.938508
137.25,-18.5,6.798785
137.5,-18.5,6.6727996
137.75,-18.5,6.528187
138.0,-18.5,6.41936
138.25,-18.5,6.1599565
138.5,-18.5,6.023974
138.75,-18.5,5.751656
139.0,-18.5,5.5689864
139.25,-18.5,5.677923
139.5,-18.5,5.990198
139.75,-18.5,6.247799
140.0,-18.5,6.434955
140.25,-18.5,6.5759025
140.5,-18.5,6.615811
140.75,-18.5,6.4711475
141.0,-18.5,6.162591
141.25,-18.5,6.0204525
141.5,-18.5,6.1070905
141.75,-18.5,5.939066
142.0,-18.5,5.830583
142.25,-18.5,5.9562016
142.5,-18.5,6.0954146
142.75,-18.5,6.0560822
143.0,-18.5,6.003503
143.25,-18.5,5.993561
143.5,-18.5,6.287744
143.75,-18.5,6.259503
144.0,-18.5,5.574153
144.25,-18.5,5.608942
144.5,-18.5,6.2234974
144.75,-18.5,5.9401894
145.0,-18.5,5.2832704
145.25,-18.5,5.099435
145.5,-18.5,4.4410005
145.75,-18.5,3.2383614
146.0,-18.5,2.3677406
121.75,-18.75,6.6888666
122.0,-18.75,6.5831366
122.25,-18.75,6.767838
122.5,-18.75,6.856112
122.75,-18.75,7.0057774
123.0,-18.75,7.0456233
123.25,-18.75,7.1111827
123.5,-18.75,6.9407496
123.75,-18.75,6.718423
124.0,-18.75,6.8126516
124.25,-18.75,6.813818
124.5,-18.75,6.681233
124.75,-18.75,6.6057982
125.0,-18.75,6.469542
125.25,-18.75,6.408686
125.5,-18.75,6.432996
125.75,-18.75,6.5266743
126.0,-18.75,6.6303997
126.25,-18.75,6.462117
126.5,-18.75,6.2481456
126.75,-18.75,6.1298294
127.0,-18.75,6.216524
127.25,-18.75,6.423482
127.5,-18.75,6.507736
127.75,-18.75,6.430213
128.0,-18.75,6.2692113
128.25,-18.75,6.274904
128.5,-18.75,6.3175597
128.75,-18.75,6.4753447
129.0,-18.75,6.670257
129.25,-18.75,6.7226663
129.5,-18.75,6.757192
129.75,-18.75,6.8359838
130.0,-18.75,6.8755245
130.25,-18.75,6.75582
130.5,-18.75,6.601086
130.75,-18.75,6.5738854
131.0,-18.75,6.6393733
131.25,-18.75,6.681617
131.5,-18.75,6.7259674
131.75,-18.75,6.70617
132.0,-18.75,6.706597
132.25,-18.75,6.675579
132.5,-18.75,6.749815
132.75,-18.75,6.8648524
133.0,-18.75,6.909994
133.25,-18.75,6.9880776
133.5,-18.75,7.1084833
133.75,-18.75,7.1698003
134.0,-18.75,6.9227552
134.25,-18.75,6.6270194
134.5,-18.75,6.474308
134.75,-18.75,6.4931393
135.0,-18.75,6.54256
135.25,-18.75,6.575257
135.5,-18.75,6.5447764
135.75,-18.75,6.558505
136.0,-18.75,6.633612
136.25,-18.75,6.689441
136.5,-18.75,6.793235
136.75,-18.75,6.942851
137.0,-18.75,6.9474244
137.25,-18.75,6.8253922
137.5,-18.75,6.729095
137.75,-18.75,6.6419854
138.0,-18.75,6.4605436
138.25,-18.75,6.418948
138.5,-18.75,6.230592
138.75,-18.75,6.011919
139.0,-18.75,5.727791
139.25,-18.75,5.7248826
139.5,-18.75,5.9513474
139.75,-18.75,6.2199845
140.0,-18.75,6.539882
140.25,-18.75,6.682954
140.5,-18.75,6.6846023
140.75,-18.75,6.5350294
141.0,-18.75,6.3748713
141.25,-18.75,6.229742
141.5,-18.75,6.2399344
141.75,-18.75,6.079143
142.0,-18.75,5.9573445
142.25,-18.75,6.006924
142.5,-18.75,6.1530166
142.75,-18.75,6.300155
143.0,-18.75,6.218124
143.25,-18.75,6.1902585
143.5,-18.75,6.4209805
143.75,-18.75,6.5413694
144.0,-18.75,5.8699393
144.25,-18.75,5.6415114
144.5,-18.75,5.7767806
144.75,-18.75,5.548421
145.0,-18.75,5.2428885
145.25,-18.75,5.1210275
145.5,-18.75,5.120748
145.75,-18.75,4.081744
146.0,-18.75,2.7975924
146.25,-18.75,3.1949768
121.75,-19.0,6.681429
122.0,-19.0,6.67494
122.25,-19.0,6.803554
122.5,-19.0,6.85888
122.75,-19.0,6.7915936
123.0,-19.0,6.7964745
123.25,-19.0,6.86275
123.5,-19.0,6.7693877
123.75,-19.0,6.605806
124.0,-19.0,6.6239915
124.25,-19.0,6.664947
124.5,-19.0,6.6830688
124.75,-19.0,6.6603594
125.0,-19.0,6.629551
125.25,-19.0,6.602976
125.5,-19.0,6.6520224
125.75,-19.0,6.6318164
126.0,-19.0,6.571275
126.25,-19.0,6.5382442
126.5,-19.0,6.5196834
126.75,-19.0,6.534012
127.0,-19.0,6.60842
127.25,-19.0,6.6592526
127.5,-19.0,6.6845617
127.75,-19.0,6.5731125
128.0,-19.0,6.418729
128.25,-19.0,6.450977
128.5,-19.0,6.5877724
128.75,-19.0,6.768481
129.0,-19.0,6.895246
129.25,-19.0,6.9063997
129.5,-19.0,6.886182
129.75,-19.0,6.9263167
130.0,-19.0,6.943019
130.25,-19.0,6.8101907
130.5,-19.0,6.681668
130.75,-19.0,6.6845655
131.0,-19.0,6.73058
131.25,-19.0,6.7926903
131.5,-19.0,6.839025
131.75,-19.0,6.8689523
132.0,-19.0,6.8829446
132.25,-19.0,6.929866
132.5,-19.0,6.973185
132.75,-19.0,6.9112716
133.0,-19.0,6.9358773
133.25,-19.0,7.0721374
133.5,-19.0,7.2159615
133.75,-19.0,7.270638
134.0,-19.0,7.16718
134.25,-19.0,6.890998
134.5,-19.0,6.7004538
134.75,-19.0,6.650866
135.0,-19.0,6.674458
135.25,-19.0,6.64008
135.5,-19.0,6.6025753
135.75,-19.0,6.6445174
136.0,-19.0,6.689393
136.25,-19.0,6.7282243
136.5,-19.0,6.7627635
136.75,-19.0,6.792367
137.0,-19.0,6.7204003
137.25,-19.0,6.6396565
137.5,-19.0,6.5811114
137.75,-19.0,6.4794507
138.0,-19.0,6.4393816
138.25,-19.0,6.4389787
138.5,-19.0,6.397856
138.75,-19.0,6.149654
139.0,-19.0,5.9480877
139.25,-19.0,5.945428
139.5,-19.0,6.0498195
139.75,-19.0,6.1257396
140.0,-19.0,6.4693103
140.25,-19.0,6.759606
140.5,-19.0,6.7454305
140.75,-19.0,6.623295
141.0,-19.0,6.5015335
141.25,-19.0,6.374044
141.5,-19.0,6.2524014
141.75,-19.0,6.2510448
142.0,-19.0,6.1676536
142.25,-19.0,6.134579
142.5,-19.0,6.2026296
142.75,-19.0,6.3545594
143.0,-19.0,6.450912
143.25,-19.0,6.440663
143.5,-19.0,6.558635
143.75,-19.0,6.6736813
144.0,-19.0,6.204728
144.25,-19.0,5.693739
144.5,-19.0,5.6103587
144.75,-19.0,5.332175
145.0,-19.0,4.9921684
145.25,-19.0,4.8484325
145.5,-19.0,4.9434304
145.75,-19.0,4.9229317
146.0,-19.0,3.920076
146.25,-19.0,3.2806585
121.5,-19.25,6.871184
121.75,-19.25,6.6171613
122.0,-19.25,6.5669518
122.25,-19.25,6.6452384
122.5,-19.25,6.695538
122.75,-19.25,6.650371
123.0,-19.25,6.584649
123.25,-19.25,6.5767374
123.5,-19.25,6.566313
123.75,-19.25,6.519974
124.0,-19.25,6.483325
124.25,-19.25,6.474526
124.5,-19.25,6.527077
124.75,-19.25,6.5824523
125.0,-19.25,6.6127734
125.25,-19.25,6.683847
125.5,-19.25,6.821847
125.75,-19.25,6.8722367
126.0,-19.25,6.7861633
126.25,-19.25,6.761688
126.5,-19.25,6.7900577
126.75,-19.25,6.870229
127.0,-19.25,6.955726
127.25,-19.25,6.897819
127.5,-19.25,6.699279
127.75,-19.25,6.5001445
128.0,-19.25,6.469205
128.25,-19.25,6.60269
128.5,-19.25,6.7881937
128.75,-19.25,6.9199886
129.0,-19.25,6.9830456
129.25,-19.25,6.960926
129.5,-19.25,6.9356236
129.75,-19.25,6.9505816
130.0,-19.25,6.92527
130.25,-19.25,6.7388783
130.5,-19.25,6.674806
130.75,-19.25,6.7750278
131.0,-19.25,6.836163
131.25,-19.25,6.8792925
131.5,-19.25,6.89564
131.75,-19.25,6.923101
132.0,-19.25,6.990369
132.25,-19.25,7.0643444
132.5,-19.25,7.031938
132.75,-19.25,6.9003344
133.0,-19.25,6.947107
133.25,-19.25,7.143689
133.5,-19.25,7.2860956
133.75,-19.25,7.3623495
134.0,-19.25,7.3129354
134.25,-19.25,7.1391907
134.5,-19.25,6.9661055
134.75,-19.25,6.916477
135.0,-19.25,6.8872223
135.25,-19.25,6.808635
135.5,-19.25,6.777657
135.75,-19.25,6.815322
136.0,-19.25,6.8485045
136.25,-19.25,6.826313
136.5,-19.25,6.7851315
136.75,-19.25,6.7623234
137.0,-19.25,6.7105436
137.25,-19.25,6.6339555
137.5,-19.25,6.581725
137.75,-19.25,6.5238943
138.0,-19.25,6.504276
138.25,-19.25,6.5135174
138.5,-19.25,6.5000606
138.75,-19.25,6.462966
139.0,-19.25,6.4361205
139.25,-19.25,6.3753967
139.5,-19.25,6.2878957
139.75,-19.25,6.1558995
140.0,-19.25,6.3066354
140.25,-19.25,6.705647
140.5,-19.25,6.875097
140.75,-19.25,6.795905
141.0,-19.25,6.660596
141.25,-19.25,6.527961
141.5,-19.25,6.428529
141.75,-19.25,6.560497
142.0,-19.25,6.5145335
142.25,-19.25,6.416063
142.5,-19.25,6.375693
142.75,-19.25,6.445834
143.0,-19.25,6.5885267
143.25,-19.25,6.673045
143.5,-19.25,6.7008786
143.75,-19.25,6.71932
144.0,-19.25,6.429105
144.25,-19.25,5.8360195
144.5,-19.25,5.374828
144.75,-19.25,5.0931306
145.0,-19.25,4.8543983
145.25,-19.25,4.618866
145.5,-19.25,4.5686097
145.75,-19.25,4.789648
146.0,-19.25,4.842093
146.25,-19.25,3.9920156
146.5,-19.25,3.4725757
146.75,-19.25,4.2364216
121.25,-19.5,6.8754067
121.5,-19.5,6.7470956
121.75,-19.5,6.7041516
122.0,-19.5,6.609457
122.25,-19.5,6.5767784
122.5,-19.5,6.5375795
122.75,-19.5,6.52769
123.0,-19.5,6.489613
123.25,-19.5,6.4653974
123.5,-19.5,6.4248433
123.75,-19.5,6.433456
124.0,-19.5,6.4822674
124.25,-19.5,6.4733276
124.5,-19.5,6.4222035
124.75,-19.5,6.4049087
125.0,-19.5,6.439413
125.25,-19.5,6.5134597
125.5,-19.5,6.659946
125.75,-19.5,6.8641343
126.0,-19.5,6.9371367
126.25,-19.5,6.8648825
126.5,-19.5,6.7096205
126.75,-19.5,6.721653
127.0,-19.5,6.7830067
127.25,-19.5,6.7426457
127.5,-19.5,6.6021924
127.75,-19.5,6.5009065
128.0,-19.5,6.527584
128.25,-19.5,6.592807
128.5,-19.5,6.70509
128.75,-19.5,6.7610354
129.0,-19.5,6.776649
129.25,-19.5,6.7955956
129.5,-19.5,6.8282785
129.75,-19.5,6.87245
130.0,-19.5,6.783376
130.25,-19.5,6.5767765
130.5,-19.5,6.6264486
130.75,-19.5,6.794624
131.0,-19.5,6.7936435
131.25,-19.5,6.803046
131.5,-19.5,6.8689203
131.75,-19.5,6.9505687
132.0,-19.5,7.0597134
132.25,-19.5,7.0938754
132.5,-19.5,6.9719496
132.75,-19.5,6.913908
133.0,-19.5,7.025536
133.25,-19.5,7.1242795
133.5,-19.5,7.1979423
133.75,-19.5,7.299085
134.0,-19.5,7.329042
134.25,-19.5,7.297559
134.5,-19.5,7.160938
134.75,-19.5,7.0037885
135.0,-19.5,6.878671
135.25,-19.5,6.960294
135.5,-19.5,7.085234
135.75,-19.5,7.116689
136.0,-19.5,7.112985
136.25,-19.5,7.0263658
136.5,-19.5,6.8834705
136.75,-19.5,6.791427
137.0,-19.5,6.773392
137.25,-19.5,6.725767
137.5,-19.5,6.667947
137.75,-19.5,6.6164746
138.0,-19.5,6.5676613
138.25,-19.5,6.5615697
138.5,-19.5,6.5625296
138.75,-19.5,6.6384134
139.0,-19.5,6.62794
139.25,-19.5,6.491578
139.5,-19.5,6.5305734
139.75,-19.5,6.57405
140.0,-19.5,6.648996
140.25,-19.5,6.9005194
140.5,-19.5,6.9561534
140.75,-19.5,6.8457603
141.0,-19.5,6.702967
141.25,-19.5,6.5926456
141.5,-19.5,6.475404
141.75,-19.5,6.5498695
142.0,-19.5,6.7085423
142.25,-19.5,6.7306404
142.5,-19.5,6.5656285
142.75,-19.5,6.4920406
143.0,-19.5,6.576933
143.25,-19.5,6.7406974
143.5,-19.5,6.785275
143.75,-19.5,6.692805
144.0,-19.5,6.376368
144.25,-19.5,5.7763624
144.5,-19.5,5.099304
144.75,-19.5,4.8712173
145.0,-19.5,4.969641
145.25,-19.5,4.869663
145.5,-19.5,4.6281176
145.75,-19.5,4.566438
146.0,-19.5,5.0313354
146.25,-19.5,5.1048355
146.5,-19.5,4.246947
146.75,-19.5,3.5285451
147.0,-19.5,3.8845234
147.25,-19.5,4.9503016
147.5,-19.5,6.299862
120.75,-19.75,7.152991
121.0,-19.75,6.965638
121.25,-19.75,6.6976876
121.5,-19.75,6.6427727
121.75,-19.75,6.6670856
122.0,-19.75,6.6108065
122.25,-19.75,6.531264
122.5,-19.75,6.511126
122.75,-19.75,6.4712243
123.0,-19.75,6.472885
123.25,-19.75,6.4870234
123.5,-19.75,6.544847
123.75,-19.75,6.5757885
124.0,-19.75,6.628551
124.25,-19.75,6.6325526
124.5,-19.75,6.475053
124.75,-19.75,6.376505
125.0,-19.75,6.314057
125.25,-19.75,6.376916
125.5,-19.75,6.5482135
125.75,-19.75,6.750823
126.0,-19.75,6.8684573
126.25,-19.75,6.848258
126.5,-19.75,6.6852508
126.75,-19.75,6.57615
127.0,-19.75,6.5500164
127.25,-19.75,6.434305
127.5,-19.75,6.3446994
127.75,-19.75,6.4778824
128.0,-19.75,6.575885
128.25,-19.75,6.5908084
128.5,-19.75,6.644041
128.75,-19.75,6.6647797
129.0,-19.75,6.6564097
129.25,-19.75,6.6654625
129.5,-19.75,6.7717295
129.75,-19.75,6.801191
130.0,-19.75,6.6518292
130.25,-19.75,6.478599
130.5,-19.75,6.680609
130.75,-19.75,6.919739
131.0,-19.75,6.8798633
131.25,-19.75,6.8151917
131.5,-19.75,6.8555493
131.75,-19.75,6.9604864
132.0,-19.75,7.0567327
132.25,-19.75,7.0786414
132.5,-19.75,6.9796066
132.75,-19.75,6.996742
133.0,-19.75,7.1032705
133.25,-19.75,7.13993
133.5,-19.75,7.158097
133.75,-19.75,7.239436
134.0,-19.75,7.414704
134.25,-19.75,7.436252
134.5,-19.75,7.3885036
134.75,-19.75,7.1859665
135.0,-19.75,7.0022564
135.25,-19.75,7.190368
135.5,-19.75,7.3251367
135.75,-19.75,7.3456535
136.0,-19.75,7.3103886
136.25,-19.75,7.26698
136.5,-19.75,7.125897
136.75,-19.75,6.940302
137.0,-19.75,6.795199
137.25,-19.75,6.7400866
137.5,-19.75,6.7095876
137.75,-19.75,6.6211305
138.0,-19.75,6.667307
138.25,-19.75,6.698852
138.5,-19.75,6.8883204
138.75,-19.75,6.906482
139.0,-19.75,6.7326035
139.25,-19.75,6.530675
139.5,-19.75,6.7059145
139.75,-19.75,6.7759423
140.0,-19.75,6.8160014
140.25,-19.75,6.896649
140.5,-19.75,6.901845
140.75,-19.75,6.821086
141.0,-19.75,6.715187
141.25,-19.75,6.680502
141.5,-19.75,6.5965466
141.75,-19.75,6.5137863
142.0,-19.75,6.567041
142.25,-19.75,6.584732
142.5,-19.75,6.501013
142.75,-19.75,6.3845162
143.0,-19.75,6.452055
143.25,-19.75,6.5410905
143.5,-19.75,6.713072
143.75,-19.75,6.6551833
144.0,-19.75,6.533605
144.25,-19.75,6.1722054
144.5,-19.75,5.5048156
144.75,-19.75,5.254181
145.0,-19.75,5.236051
145.25,-19.75,5.086588
145.5,-19.75,4.8090553
145.75,-19.75,4.776
146.0,-19.75,5.0435715
146.25,-19.75,5.460319
146.5,-19.75,5.2076416
146.75,-19.75,4.3702474
147.0,-19.75,3.9570036
147.25,-19.75,4.585521
147.5,-19.75,5.474639
119.75,-20.0,6.7553577
120.0,-20.0,6.9264045
120.25,-20.0,7.100394
120.5,-20.0,7.151917
120.75,-20.0,7.125724
121.0,-20.0,7.0066705
121.25,-20.0,6.844533
121.5,-20.0,6.784703
121.75,-20.0,6.7491355
122.0,-20.0,6.6925325
122.25,-20.0,6.66035
122.5,-20.0,6.5698876
122.75,-20.0,6.568424
123.0,-20.0,6.548252
123.25,-20.0,6.6238637
123.5,-20.0,6.7080193
123.75,-20.0,6.7250657
124.0,-20.0,6.706587
124.25,-20.0,6.6935477
124.5,-20.0,6.588006
124.75,-20.0,6.4915376
125.0,-20.0,6.413336
125.25,-20.0,6.3793526
125.5,-20.0,6.5084324
125.75,-20.0,6.625054
126.0,-20.0,6.7318025
126.25,-20.0,6.790218
126.5,-20.0,6.81763
126.75,-20.0,6.6809635
127.0,-20.0,6.441336
127.25,-20.0,6.306729
127.5,-20.0,6.4038334
127.75,-20.0,6.598195
128.0,-20.0,6.7360816
128.25,-20.0,6.69902
128.5,-20.0,6.657311
128.75,-20.0,6.718667
129.0,-20.0,6.7205844
129.25,-20.0,6.7403555
129.5,-20.0,6.780387
129.75,-20.0,6.709674
130.0,-20.0,6.5373693
130.25,-20.0,6.4619236
130.5,-20.0,6.7006335
130.75,-20.0,6.9650116
131.0,-20.0,6.9853296
131.25,-20.0,6.8866253
131.5,-20.0,6.882958
131.75,-20.0,6.94709
132.0,-20.0,6.9860144
132.25,-20.0,6.9915824
132.5,-20.0,7.0419707
132.75,-20.0,7.086204
133.0,-20.0,7.1518207
133.25,-20.0,7.2798557
133.5,-20.0,7.2708564
133.75,-20.0,7.306912
134.0,-20.0,7.435782
134.25,-20.0,7.60948
134.5,-20.0,7.5572753
134.75,-20.0,7.4126625
135.0,-20.0,7.261887
135.25,-20.0,7.40342
135.5,-20.0,7.5026765
135.75,-20.0,7.4853964
136.0,-20.0,7.503231
136.25,-20.0,7.4417634
136.5,-20.0,7.412237
136.75,-20.0,7.2044497
137.0,-20.0,6.8866825
137.25,-20.0,6.7321734
137.5,-20.0,6.716325
137.75,-20.0,6.681951
138.0,-20.0,6.669678
138.25,-20.0,6.894289
138.5,-20.0,7.005039
138.75,-20.0,7.110412
139.0,-20.0,6.9188757
139.25,-20.0,6.845925
139.5,-20.0,6.892055
139.75,-20.0,6.7753224
140.0,-20.0,6.8065553
140.25,-20.0,6.8695045
140.5,-20.0,6.887084
140.75,-20.0,6.7953706
141.0,-20.0,6.777769
141.25,-20.0,6.678755
141.5,-20.0,6.678018
141.75,-20.0,6.665439
142.0,-20.0,6.6200624
142.25,-20.0,6.5730343
142.5,-20.0,6.4522133
142.75,-20.0,6.3763638
143.0,-20.0,6.329171
143.25,-20.0,6.3525286
143.5,-20.0,6.444784
143.75,-20.0,6.6416497
144.0,-20.0,6.769299
144.25,-20.0,6.670384
144.5,-20.0,6.2216063
144.75,-20.0,5.832363
145.0,-20.0,5.4464736
145.25,-20.0,5.1437564
145.5,-20.0,4.941463
145.75,-20.0,5.037944
146.0,-20.0,5.3265486
146.25,-20.0,5.529574
146.5,-20.0,5.4671597
146.75,-20.0,5.1433706
147.0,-20.0,4.605088
147.25,-20.0,4.4086533
147.5,-20.0,5.0198975
147.75,-20.0,5.395256
148.0,-20.0,6.028427
119.0,-20.25,6.412124
119.25,-20.25,6.2669797
119.5,-20.25,6.317605
119.75,-20.25,6.4993
120.0,-20.25,6.784701
120.25,-20.25,7.0092735
120.5,-20.25,7.075303
120.75,-20.25,7.107603
121.0,-20.25,7.060127
121.25,-20.25,6.993859
121.5,-20.25,6.9429483
121.75,-20.25,6.865676
122.0,-20.25,6.8370376
122.25,-20.25,6.790229
122.5,-20.25,6.742556
122.75,-20.25,6.6730614
123.0,-20.25,6.6987658
123.25,-20.25,6.709823
123.5,-20.25,6.774117
123.75,-20.25,6.74684
124.0,-20.25,6.6528788
124.25,-20.25,6.6560354
124.5,-20.25,6.6842217
124.75,-20.25,6.6006775
125.0,-20.25,6.5496726
125.25,-20.25,6.512442
125.5,-20.25,6.5001645
125.75,-20.25,6.5702176
126.0,-20.25,6.635149
126.25,-20.25,6.7042704
126.5,-20.25,6.778953
126.75,-20.25,6.7199636
127.0,-20.25,6.4768896
127.25,-20.25,6.465202
127.5,-20.25,6.584218
127.75,-20.25,6.8519287
128.0,-20.25,6.947771
128.25,-20.25,6.8217087
128.5,-20.25,6.6614676
128.75,-20.25,6.7100115
129.0,-20.25,6.7978196
129.25,-20.25,6.761809
129.5,-20.25,6.6955323
129.75,-20.25,6.593427
130.0,-20.25,6.634226
130.25,-20.25,6.6234913
130.5,-20.25,6.812857
130.75,-20.25,6.9783
131.0,-20.25,6.996031
131.25,-20.25,7.003141
131.5,-20.25,6.955593
131.75,-20.25,6.9400163
132.0,-20.25,6.944722
132.25,-20.25,7.0504646
132.5,-20.25,7.1797495
132.75,-20.25,7.190296
133.0,-20.25,7.1554203
133.25,-20.25,7.3084655
133.5,-20.25,7.403885
133.75,-20.25,7.3934093
134.0,-20.25,7.505199
134.25,-20.25,7.6262445
134.5,-20.25,7.673063
134.75,-20.25,7.51584
135.0,-20.25,7.3686857
135.25,-20.25,7.499407
135.5,-20.25,7.579201
135.75,-20.25,7.585776
136.0,-20.25,7.5464306
136.25,-20.25,7.599109
136.5,-20.25,7.527155
136.75,-20.25,7.360265
137.0,-20.25,6.9985833
137.25,-20.25,6.7117777
137.5,-20.25,6.7305975
137.75,-20.25,6.700572
138.0,-20.25,6.737346
138.25,-20.25,6.8684325
138.5,-20.25,7.0672092
138.75,-20.25,7.0625396
139.0,-20.25,7.202785
139.25,-20.25,7.159537
139.5,-20.25,7.0262237
139.75,-20.25,6.779089
140.0,-20.25,6.7558756
140.25,-20.25,6.8897896
140.5,-20.25,6.8541656
140.75,-20.25,6.878189
141.0,-20.25,6.8153253
141.25,-20.25,6.7003202
141.5,-20.25,6.6594048
141.75,-20.25,6.740678
142.0,-20.25,6.7241726
142.25,-20.25,6.6669526
142.5,-20.25,6.603801
142.75,-20.25,6.460934
143.0,-20.25,6.369142
143.25,-20.25,6.299168
143.5,-20.25,6.395515
143.75,-20.25,6.53141
144.0,-20.25,6.789876
144.25,-20.25,6.9541154
144.5,-20.25,6.5530543
144.75,-20.25,6.2051287
145.0,-20.25,5.728754
145.25,-20.25,5.2559967
145.5,-20.25,5.0012455
145.75,-20.25,5.32922
146.0,-20.25,5.6036687
146.25,-20.25,5.693724
146.5,-20.25,5.688238
146.75,-20.25,5.442992
147.0,-20.25,5.0585356
147.25,-20.25,4.703581
147.5,-20.25,4.7276754
147.75,-20.25,5.0106144
148.0,-20.25,5.1831326
148.25,-20.25,5.422413
148.5,-20.25,5.6941376
118.0,-20.5,6.6231303
118.25,-20.5,6.4659758
118.5,-20.5,6.3468127
118.75,-20.5,6.291594
119.0,-20.5,6.283673
119.25,-20.5,6.220426
119.5,-20.5,6.2524633
119.75,-20.5,6.3531594
120.0,-20.5,6.6844025
120.25,-20.5,6.7828264
120.5,-20.5,6.9228735
120.75,-20.5,6.909779
121.0,-20.5,6.9086347
121.25,-20.5,6.978906
121.5,-20.5,7.0142174
121.75,-20.5,6.988088
122.0,-20.5,6.941106
122.25,-20.5,6.905475
122.5,-20.5,6.8227954
122.75,-20.5,6.7744374
123.0,-20.5,6.7537546
123.25,-20.5,6.7683344
123.5,-20.5,6.7329106
123.75,-20.5,6.683247
124.0,-20.5,6.60581
124.25,-20.5,6.6542907
124.5,-20.5,6.700987
124.75,-20.5,6.657285
125.0,-20.5,6.611107
125.25,-20.5,6.616799
125.5,-20.5,6.598163
125.75,-20.5,6.64072
126.0,-20.5,6.6688175
126.25,-20.5,6.652923
126.5,-20.5,6.706758
126.75,-20.5,6.6532226
127.0,-20.5,6.5802197
127.25,-20.5,6.549986
127.5,-20.5,6.702618
127.75,-20.5,6.937611
128.0,-20.5,7.0340743
128.25,-20.5,6.934972
128.5,-20.5,6.756731
128.75,-20.5,6.746892
129.0,-20.5,6.783126
129.25,-20.5,6.6856537
129.5,-20.5,6.570808
129.75,-20.5,6.692843
130.0,-20.5,6.7559876
130.25,-20.5,6.838822
130.5,-20.5,6.953809
130.75,-20.5,7.0090528
131.0,-20.5,7.0328445
131.25,-20.5,7.034508
131.5,-20.5,7.094822
131.75,-20.5,7.04495
132.0,-20.5,7.0322695
132.25,-20.5,7.120237
132.5,-20.5,7.268027
132.75,-20.5,7.305381
133.0,-20.5,7.2509303
133.25,-20.5,7.349631
133.5,-20.5,7.4287105
133.75,-20.5,7.497081
134.0,-20.5,7.56112
134.25,-20.5,7.7094946
134.5,-20.5,7.717043
134.75,-20.5,7.6087337
135.0,-20.5,7.4322934
135.25,-20.5,7.550339
135.5,-20.5,7.6625214
135.75,-20.5,7.6230435
136.0,-20.5,7.5921235
136.25,-20.5,7.5857573
136.5,-20.5,7.572235
136.75,-20.5,7.3677273
137.0,-20.5,7.033072
137.25,-20.5,6.7135477
137.5,-20.5,6.716214
137.75,-20.5,6.8385644
138.0,-20.5,6.808332
138.25,-20.5,6.8869705
138.5,-20.5,6.9891357
138.75,-20.5,7.1953993
139.0,-20.5,7.2825027
139.25,-20.5,7.314556
139.5,-20.5,7.130045
139.75,-20.5,6.900011
140.0,-20.5,6.8280206
140.25,-20.5,6.876597
140.5,-20.5,6.9598074
140.75,-20.5,6.9068785
141.0,-20.5,6.8706775
141.25,-20.5,6.7080927
141.5,-20.5,6.6913624
141.75,-20.5,6.759735
142.0,-20.5,6.76827
142.25,-20.5,6.771401
142.5,-20.5,6.682885
142.75,-20.5,6.675075
143.0,-20.5,6.5262184
143.25,-20.5,6.5412703
143.5,-20.5,6.5570374
143.75,-20.5,6.475918
144.0,-20.5,6.605351
144.25,-20.5,6.8012714
144.5,-20.5,6.710284
144.75,-20.5,6.332714
145.0,-20.5,6.087676
145.25,-20.5,5.541076
145.5,-20.5,5.2927713
145.75,-20.5,5.5027876
146.0,-20.5,5.693981
146.25,-20.5,5.803933
146.5,-20.5,5.7537894
146.75,-20.5,5.655445
147.0,-20.5,5.2556562
147.25,-20.5,5.0823827
147.5,-20.5,4.986185
147.75,-20.5,4.9970374
148.0,-20.5,5.016477
148.25,-20.5,4.701466
148.5,-20.5,4.6053014
116.75,-20.75,6.7480984
117.0,-20.75,6.748963
117.25,-20.75,6.6409154
117.5,-20.75,6.4516
117.75,-20.75,6.3096056
118.0,-20.75,6.3155766
118.25,-20.75,6.3708143
118.5,-20.75,6.306172
118.75,-20.75,6.249323
119.0,-20.75,6.335482
119.25,-20.75,6.3369637
119.5,-20.75,6.350028
119.75,-20.75,6.3959675
120.0,-20.75,6.499105
120.25,-20.75,6.620129
120.5,-20.75,6.65702
120.75,-20.75,6.645523
121.0,-20.75,6.753278
121.25,-20.75,6.9228153
121.5,-20.75,7.044344
121.75,-20.75,7.0400796
122.0,-20.75,6.984873
122.25,-20.75,6.906488
122.5,-20.75,6.855047
122.75,-20.75,6.81401
123.0,-20.75,6.7717166
123.25,-20.75,6.7482185
123.5,-20.75,6.702293
123.75,-20.75,6.6446843
124.0,-20.75,6.6417418
124.25,-20.75,6.743646
124.5,-20.75,6.74625
124.75,-20.75,6.690964
125.0,-20.75,6.65849
125.25,-20.75,6.6816974
125.5,-20.75,6.753293
125.75,-20.75,6.831681
126.0,-20.75,6.8525524
126.25,-20.75,6.738538
126.5,-20.75,6.687112
126.75,-20.75,6.7522902
127.0,-20.75,6.693968
127.25,-20.75,6.5913754
127.5,-20.75,6.699199
127.75,-20.75,6.8706336
128.0,-20.75,7.0286317
128.25,-20.75,7.0151796
128.5,-20.75,6.8737955
128.75,-20.75,6.785966
129.0,-20.75,6.742818
129.25,-20.75,6.682831
129.5,-20.75,6.664356
129.75,-20.75,6.744977
130.0,-20.75,6.853018
130.25,-20.75,6.9083047
130.5,-20.75,6.960502
130.75,-20.75,7.0038524
131.0,-20.75,7.06369
131.25,-20.75,7.1475673
131.5,-20.75,7.2097144
131.75,-20.75,7.224706
132.0,-20.75,7.1587567
132.25,-20.75,7.1157575
132.5,-20.75,7.1950946
132.75,-20.75,7.3462563
133.0,-20.75,7.377853
133.25,-20.75,7.385264
133.5,-20.75,7.3749886
133.75,-20.75,7.459601
134.0,-20.75,7.6204343
134.25,-20.75,7.7250757
134.5,-20.75,7.7921724
134.75,-20.75,7.777126
135.0,-20.75,7.6104584
135.25,-20.75,7.666642
135.5,-20.75,7.7086926
135.75,-20.75,7.601073
136.0,-20.75,7.5747223
136.25,-20.75,7.635507
136.5,-20.75,7.568394
136.75,-20.75,7.311962
137.0,-20.75,7.0196757
137.25,-20.75,6.781922
137.5,-20.75,6.758378
137.75,-20.75,6.9199467
138.0,-20.75,6.9387603
138.25,-20.75,6.9233084
138.5,-20.75,7.0131536
138.75,-20.75,7.194601
139.0,-20.75,7.3640614
139.25,-20.75,7.4340487
139.5,-20.75,7.338715
139.75,-20.75,7.189871
140.0,-20.75,7.0115023
140.25,-20.75,6.882158
140.5,-20.75,6.9635687
140.75,-20.75,7.066918
141.0,-20.75,6.9432855
141.25,-20.75,6.776665
141.5,-20.75,6.7624903
141.75,-20.75,6.7872505
142.0,-20.75,6.8094773
142.25,-20.75,6.8105965
142.5,-20.75,6.802353
142.75,-20.75,6.8278418
143.0,-20.75,6.851401
143.25,-20.75,6.8582234
143.5,-20.75,6.8062673
143.75,-20.75,6.5984545
144.0,-20.75,6.569109
144.25,-20.75,6.733545
144.5,-20.75,6.730634
144.75,-20.75,6.6048017
145.0,-20.75,6.309086
145.25,-20.75,6.0332327
145.5,-20.75,5.806193
145.75,-20.75,5.6446366
146.0,-20.75,5.6257615
146.25,-20.75,5.739631
146.5,-20.75,5.6994276
146.75,-20.75,5.6062064
147.0,-20.75,5.621207
147.25,-20.75,5.6248846
147.5,-20.75,5.301839
147.75,-20.75,4.9514613
148.0,-20.75,4.9809823
148.25,-20.75,4.5846987
148.5,-20.75,4.1547174
148.75,-20.75,4.858129
116.25,-21.0,6.5648627
116.5,-21.0,6.6237216
116.75,-21.0,6.657701
117.0,-21.0,6.5387926
117.25,-21.0,6.2469835
117.5,-21.0,6.0926065
117.75,-21.0,6.0750785
118.0,-21.0,6.197294
118.25,-21.0,6.334639
118.5,-21.0,6.3225603
118.75,-21.0,6.3176327
119.0,-21.0,6.424828
119.25,-21.0,6.484667
119.5,-21.0,6.4347124
119.75,-21.0,6.476643
120.0,-21.0,6.6047273
120.25,-21.0,6.731496
120.5,-21.0,6.740388
120.75,-21.0,6.6580243
121.0,-21.0,6.7479057
121.25,-21.0,6.904738
121.5,-21.0,7.0295815
121.75,-21.0,6.9889226
122.0,-21.0,6.9496975
122.25,-21.0,6.9200797
122.5,-21.0,6.921012
122.75,-21.0,6.845351
123.0,-21.0,6.775896
123.25,-21.0,6.748114
123.5,-21.0,6.709385
123.75,-21.0,6.68816
124.0,-21.0,6.740418
124.25,-21.0,6.7596874
124.5,-21.0,6.7532926
124.75,-21.0,6.759999
125.0,-21.0,6.725952
125.25,-21.0,6.73195
125.5,-21.0,6.82655
125.75,-21.0,6.97331
126.0,-21.0,7.0894637
126.25,-21.0,6.958294
126.5,-21.0,6.814073
126.75,-21.0,6.93582
127.0,-21.0,6.90681
127.25,-21.0,6.70689
127.5,-21.0,6.66481
127.75,-21.0,6.890635
128.0,-21.0,7.123344
128.25,-21.0,7.0138135
128.5,-21.0,6.746373
128.75,-21.0,6.6177726
129.0,-21.0,6.770011
129.25,-21.0,6.8139696
129.5,-21.0,6.84829
129.75,-21.0,6.8611164
130.0,-21.0,6.8419333
130.25,-21.0,6.839657
130.5,-21.0,6.8873105
130.75,-21.0,7.020573
131.0,-21.0,7.1275315
131.25,-21.0,7.223031
131.5,-21.0,7.276611
131.75,-21.0,7.29778
132.0,-21.0,7.2982793
132.25,-21.0,7.1638274
132.5,-21.0,7.0284424
132.75,-21.0,7.244909
133.0,-21.0,7.278084
133.25,-21.0,7.0777016
133.5,-21.0,7.0984674
133.75,-21.0,7.324322
134.0,-21.0,7.5159745
134.25,-21.0,7.649806
134.5,-21.0,7.7203493
134.75,-21.0,7.77801
135.0,-21.0,7.7433143
135.25,-21.0,7.658215
135.5,-21.0,7.574325
135.75,-21.0,7.466513
136.0,-21.0,7.5509334
136.25,-21.0,7.6669855
136.5,-21.0,7.5185027
136.75,-21.0,7.298826
137.0,-21.0,7.0542026
137.25,-21.0,6.9811707
137.5,-21.0,6.918579
137.75,-21.0,7.020653
138.0,-21.0,6.9935327
138.25,-21.0,6.925513
138.5,-21.0,7.051996
138.75,-21.0,7.2358313
139.0,-21.0,7.4463544
139.25,-21.0,7.5863104
139.5,-21.0,7.5992475
139.75,-21.0,7.4214506
140.0,-21.0,7.0984993
140.25,-21.0,7.036575
140.5,-21.0,7.134997
140.75,-21.0,7.288664
141.0,-21.0,7.022771
141.25,-21.0,6.7661552
141.5,-21.0,6.804479
141.75,-21.0,6.8273406
142.0,-21.0,6.863849
142.25,-21.0,6.867019
142.5,-21.0,6.8786798
142.75,-21.0,6.9696712
143.0,-21.0,7.032996
143.25,-21.0,7.076413
143.5,-21.0,7.000388
143.75,-21.0,6.8785114
144.0,-21.0,6.8737683
144.25,-21.0,7.0149446
144.5,-21.0,6.999708
144.75,-21.0,6.7544923
145.0,-21.0,6.496707
145.25,-21.0,6.3235517
145.5,-21.0,6.194969
145.75,-21.0,5.880646
146.0,-21.0,5.7060246
146.25,-21.0,5.7132034
146.5,-21.0,5.7086506
146.75,-21.0,5.696064
147.0,-21.0,5.759757
147.25,-21.0,6.1212435
147.5,-21.0,5.8560405
147.75,-21.0,5.208534
148.0,-21.0,4.9104743
148.25,-21.0,4.6114354
148.5,-21.0,3.8037949
148.75,-21.0,3.6660874
149.0,-21.0,5.366878
116.0,-21.25,6.418174
116.25,-21.25,6.383239
116.5,-21.25,6.5535526
116.75,-21.25,6.782215
117.0,-21.25,6.7226233
117.25,-21.25,6.408809
117.5,-21.25,6.3117247
117.75,-21.25,6.291224
118.0,-21.25,6.220088
118.25,-21.25,6.260757
118.5,-21.25,6.2773037
118.75,-21.25,6.3273873
119.0,-21.25,6.5200963
119.25,-21.25,6.546285
119.5,-21.25,6.4950633
119.75,-21.25,6.553016
120.0,-21.25,6.783796
120.25,-21.25,6.9266696
120.5,-21.25,6.8746963
120.75,-21.25,6.790014
121.0,-21.25,6.7961984
121.25,-21.25,6.9240203
121.5,-21.25,6.981496
121.75,-21.25,6.8358693
122.0,-21.25,6.8265123
122.25,-21.25,6.896223
122.5,-21.25,6.951374
122.75,-21.25,6.926005
123.0,-21.25,6.8492627
123.25,-21.25,6.850904
123.5,-21.25,6.8336825
123.75,-21.25,6.782478
124.0,-21.25,6.733088
124.25,-21.25,6.695104
124.5,-21.25,6.7190003
124.75,-21.25,6.8355403
125.0,-21.25,6.837136
125.25,-21.25,6.8227043
125.5,-21.25,6.9165587
125.75,-21.25,7.081851
126.0,-21.25,7.2261057
126.25,-21.25,7.194389
126.5,-21.25,7.04244
126.75,-21.25,7.1923127
127.0,-21.25,7.034139
127.25,-21.25,6.7387543
127.5,-21.25,6.6489606
127.75,-21.25,6.936717
128.0,-21.25,7.12923
128.25,-21.25,6.740873
128.5,-21.25,6.4044256
128.75,-21.25,6.4324126
129.0,-21.25,6.67631
129.25,-21.25,6.998049
129.5,-21.25,7.082265
129.75,-21.25,7.0337796
130.0,-21.25,7.010096
130.25,-21.25,6.973316
130.5,-21.25,7.0152564
130.75,-21.25,7.1193075
131.0,-21.25,7.224879
131.25,-21.25,7.286375
131.5,-21.25,7.3279104
131.75,-21.25,7.3870406
132.0,-21.25,7.4175177
132.25,-21.25,7.3624635
132.5,-21.25,7.1910048
132.75,-21.25,7.0664163
133.0,-21.25,6.835751
133.25,-21.25,6.566294
133.5,-21.25,6.6112337
133.75,-21.25,6.85771
134.0,-21.25,7.131171
134.25,-21.25,7.3164344
134.5,-21.25,7.5354114
134.75,-21.25,7.666431
135.0,-21.25,7.548108
135.25,-21.25,7.3407707
135.5,-21.25,7.199906
135.75,-21.25,7.291325
136.0,-21.25,7.5435104
136.25,-21.25,7.67099
136.5,-21.25,7.634338
136.75,-21.25,7.4492126
137.0,-21.25,7.3328543
137.25,-21.25,7.2478724
137.5,-21.25,7.1283336
137.75,-21.25,7.0703397
138.0,-21.25,7.02807
138.25,-21.25,7.0218883
138.5,-21.25,7.141075
138.75,-21.25,7.3474994
139.0,-21.25,7.487477
139.25,-21.25,7.604031
139.5,-21.25,7.5255904
139.75,-21.25,7.3189907
140.0,-21.25,7.1510744
140.25,-21.25,7.118679
140.5,-21.25,7.2974234
140.75,-21.25,7.263264
141.0,-21.25,6.853679
141.25,-21.25,6.774461
141.5,-21.25,6.837751
141.75,-21.25,6.9299426
142.0,-21.25,6.927093
142.25,-21.25,6.930914
142.5,-21.25,6.934917
142.75,-21.25,7.060905
143.0,-21.25,7.197451
143.25,-21.25,7.239129
143.5,-21.25,7.2152166
143.75,-21.25,7.128511
144.0,-21.25,7.0206056
144.25,-21.25,7.1442566
144.5,-21.25,7.1702657
144.75,-21.25,6.8670225
145.0,-21.25,6.5233397
145.25,-21.25,6.4797425
145.5,-21.25,6.4631376
145.75,-21.25,6.1548223
146.0,-21.25,5.933369
146.25,-21.25,5.8675227
146.5,-21.25,5.851107
146.75,-21.25,5.8227344
147.0,-21.25,5.812522
147.25,-21.25,6.1780276
147.5,-21.25,6.2336817
147.75,-21.25,5.841382
148.0,-21.25,5.477174
148.25,-21.25,5.0504274
148.5,-21.25,4.112141
148.75,-21.25,3.084327
149.0,-21.25,4.2031217
115.5,-21.5,6.81207
115.75,-21.5,6.4789724
116.0,-21.5,6.295837
116.25,-21.5,6.280073
116.5,-21.5,6.471665
116.75,-21.5,6.740563
117.0,-21.5,6.865662
117.25,-21.5,6.8393416
117.5,-21.5,6.802958
117.75,-21.5,6.6610446
118.0,-21.5,6.437425
118.25,-21.5,6.3319616
118.5,-21.5,6.2377796
118.75,-21.5,6.3156543
119.0,-21.5,6.5088463
119.25,-21.5,6.5125737
119.5,-21.5,6.445529
119.75,-21.5,6.5911818
120.0,-21.5,6.8678627
120.25,-21.5,6.8833256
120.5,-21.5,6.8815546
120.75,-21.5,6.8560343
121.0,-21.5,6.8502073
121.25,-21.5,6.9113398
121.5,-21.5,7.0059047
121.75,-21.5,6.92199
122.0,-21.5,6.8887005
122.25,-21.5,6.9004493
122.5,-21.5,6.9097314
122.75,-21.5,6.897899
123.0,-21.5,6.8894954
123.25,-21.5,6.9023905
123.5,-21.5,6.855059
123.75,-21.5,6.745557
124.0,-21.5,6.6756845
124.25,-21.5,6.6629615
124.5,-21.5,6.7206216
124.75,-21.5,6.9144397
125.0,-21.5,7.0601506
125.25,-21.5,7.0433307
125.5,-21.5,6.9849877
125.75,-21.5,7.0212107
126.0,-21.5,7.1467557
126.25,-21.5,7.2030454
126.5,-21.5,7.162449
126.75,-21.5,7.3064218
127.0,-21.5,7.077588
127.25,-21.5,6.694719
127.5,-21.5,6.5429215
127.75,-21.5,6.7666984
128.0,-21.5,6.8695917
128.25,-21.5,6.5121675
128.5,-21.5,6.3553605
128.75,-21.5,6.5055747
129.0,-21.5,6.8681245
129.25,-21.5,7.1899085
129.5,-21.5,7.223836
129.75,-21.5,7.1422076
130.0,-21.5,7.1780677
130.25,-21.5,7.193221
130.5,-21.5,7.2025967
130.75,-21.5,7.23767
131.0,-21.5,7.3030915
131.25,-21.5,7.34837
131.5,-21.5,7.3861375
131.75,-21.5,7.427243
132.0,-21.5,7.4649754
132.25,-21.5,7.4125896
132.5,-21.5,7.1940856
132.75,-21.5,6.8744755
133.0,-21.5,6.5774736
133.25,-21.5,6.377125
133.5,-21.5,6.4471884
133.75,-21.5,6.6498055
134.0,-21.5,6.8401074
134.25,-21.5,7.0029726
134.5,-21.5,7.3202486
134.75,-21.5,7.312884
135.0,-21.5,7.021261
135.25,-21.5,6.8249393
135.5,-21.5,6.854241
135.75,-21.5,7.0589952
136.0,-21.5,7.451607
136.25,-21.5,7.6855273
136.5,-21.5,7.67486
136.75,-21.5,7.539844
137.0,-21.5,7.4746046
137.25,-21.5,7.4949355
137.5,-21.5,7.394046
137.75,-21.5,7.252015
138.0,-21.5,7.1566396
138.25,-21.5,7.101864
138.5,-21.5,7.171347
138.75,-21.5,7.3400335
139.0,-21.5,7.468682
139.25,-21.5,7.5046024
139.5,-21.5,7.2492223
139.75,-21.5,7.0673327
140.0,-21.5,7.0306735
140.25,-21.5,7.163578
140.5,-21.5,7.315371
140.75,-21.5,7.01383
141.0,-21.5,6.65615
141.25,-21.5,6.8184757
141.5,-21.5,7.0222945
141.75,-21.5,7.0706162
142.0,-21.5,6.9888034
142.25,-21.5,6.970336
142.5,-21.5,6.9689245
142.75,-21.5,7.0268507
143.0,-21.5,7.154209
143.25,-21.5,7.244575
143.5,-21.5,7.2529125
143.75,-21.5,7.186882
144.0,-21.5,6.9513583
144.25,-21.5,7.005228
144.5,-21.5,7.190562
144.75,-21.5,6.928201
145.0,-21.5,6.5608287
145.25,-21.5,6.4847264
145.5,-21.5,6.621927
145.75,-21.5,6.4422274
146.0,-21.5,6.241566
146.25,-21.5,6.086528
146.5,-21.5,5.952862
146.75,-21.5,5.8578105
147.0,-21.5,5.8675256
147.25,-21.5,6.0068026
147.5,-21.5,6.255356
147.75,-21.5,6.196307
148.0,-21.5,5.9035287
148.25,-21.5,5.405447
148.5,-21.5,4.7529984
148.75,-21.5,4.1396346
149.0,-21.5,4.1730127
149.25,-21.5,4.870903
115.0,-21.75,7.5010085
115.25,-21.75,7.054529
115.5,-21.75,6.8420205
115.75,-21.75,6.5768247
116.0,-21.75,6.2392263
116.25,-21.75,6.0992146
116.5,-21.75,6.3014307
116.75,-21.75,6.514285
117.0,-21.75,6.491246
117.25,-21.75,6.4925075
117.5,-21.75,6.506306
117.75,-21.75,6.5199943
118.0,-21.75,6.4960523
118.25,-21.75,6.62854
118.5,-21.75,6.460486
118.75,-21.75,6.4381647
119.0,-21.75,6.5312533
119.25,-21.75,6.5028615
119.5,-21.75,6.4594812
119.75,-21.75,6.677551
120.0,-21.75,6.9134855
120.25,-21.75,6.853185
120.5,-21.75,6.9019904
120.75,-21.75,6.886007
121.0,-21.75,6.8608184
121.25,-21.75,6.90033
121.5,-21.75,7.0567384
121.75,-21.75,7.0227447
122.0,-21.75,6.984557
122.25,-21.75,6.950077
122.5,-21.75,6.8745933
122.75,-21.75,6.8237357
123.0,-21.75,6.824704
123.25,-21.75,6.8955064
123.5,-21.75,6.8522954
123.75,-21.75,6.74933
124.0,-21.75,6.73628
124.25,-21.75,6.8223395
124.5,-21.75,6.91977
124.75,-21.75,7.0695457
125.0,-21.75,7.274777
125.25,-21.75,7.237716
125.5,-21.75,7.015257
125.75,-21.75,6.909396
126.0,-21.75,6.9777155
126.25,-21.75,7.1165776
126.5,-21.75,7.080906
126.75,-21.75,7.13674
127.0,-21.75,7.021166
127.25,-21.75,6.8149414
127.5,-21.75,6.672406
127.75,-21.75,6.718774
128.0,-21.75,6.767225
128.25,-21.75,6.568121
128.5,-21.75,6.5378838
128.75,-21.75,6.6333647
129.0,-21.75,6.853861
129.25,-21.75,7.098671
129.5,-21.75,7.2011833
129.75,-21.75,7.2026196
130.0,-21.75,7.28416
130.25,-21.75,7.34887
130.5,-21.75,7.336948
130.75,-21.75,7.307359
131.0,-21.75,7.312261
131.25,-21.75,7.3670645
131.5,-21.75,7.4385915
131.75,-21.75,7.4643884
132.0,-21.75,7.46837
132.25,-21.75,7.4010587
132.5,-21.75,7.259937
132.75,-21.75,7.013933
133.0,-21.75,6.696043
133.25,-21.75,6.412144
133.5,-21.75,6.4383855
133.75,-21.75,6.6039433
134.0,-21.75,6.749242
134.25,-21.75,6.803444
134.5,-21.75,6.937001
134.75,-21.75,6.871815
135.0,-21.75,6.733277
135.25,-21.75,6.648388
135.5,-21.75,6.704356
135.75,-21.75,6.807067
136.0,-21.75,7.0497746
136.25,-21.75,7.4444113
136.5,-21.75,7.491609
136.75,-21.75,7.3054495
137.0,-21.75,7.2532825
137.25,-21.75,7.5270634
137.5,-21.75,7.5930953
137.75,-21.75,7.464441
138.0,-21.75,7.3227925
138.25,-21.75,7.132021
138.5,-21.75,7.0236745
138.75,-21.75,7.1112437
139.0,-21.75,7.343313
139.25,-21.75,7.567261
139.5,-21.75,7.286073
139.75,-21.75,7.034169
140.0,-21.75,6.930919
140.25,-21.75,7.0059705
140.5,-21.75,7.127056
140.75,-21.75,7.0303006
141.0,-21.75,7.007987
141.25,-21.75,7.225081
141.5,-21.75,7.314453
141.75,-21.75,7.18442
142.0,-21.75,6.9381366
142.25,-21.75,6.8553925
142.5,-21.75,6.894628
142.75,-21.75,6.960489
143.0,-21.75,7.054069
143.25,-21.75,7.138638
143.5,-21.75,7.158343
143.75,-21.75,7.130745
144.0,-21.75,6.9763856
144.25,-21.75,6.9909115
144.5,-21.75,7.1596284
144.75,-21.75,6.9538946
145.0,-21.75,6.6156545
145.25,-21.75,6.459523
145.5,-21.75,6.6641827
145.75,-21.75,6.6253033
146.0,-21.75,6.3098254
146.25,-21.75,6.030022
146.5,-21.75,5.8673663
146.75,-21.75,5.915657
147.0,-21.75,6.109305
147.25,-21.75,6.0980315
147.5,-21.75,6.147686
147.75,-21.75,6.2258873
148.0,-21.75,6.0281334
148.25,-21.75,5.558775
148.5,-21.75,5.1393447
148.75,-21.75,5.0123224
149.0,-21.75,4.7954774
149.25,-21.75,4.764621
114.0,-22.0,7.7999835
114.75,-22.0,7.718172
115.0,-22.0,7.241758
115.25,-22.0,6.8725014
115.5,-22.0,6.870714
115.75,-22.0,6.7039266
116.0,-22.0,6.2691693
116.25,-22.0,5.9325027
116.5,-22.0,6.081519
116.75,-22.0,6.211542
117.0,-22.0,6.119076
117.25,-22.0,6.007616
117.5,-22.0,5.9127665
117.75,-22.0,5.931097
118.0,-22.0,6.159646
118.25,-22.0,6.467947
118.5,-22.0,6.532296
118.75,-22.0,6.552486
119.0,-22.0,6.592075
119.25,-22.0,6.579653
119.5,-22.0,6.5781503
119.75,-22.0,6.7671704
120.0,-22.0,7.012805
120.25,-22.0,6.9518538
120.5,-22.0,6.921454
120.75,-22.0,6.886837
121.0,-22.0,6.851616
121.25,-22.0,6.9281406
121.5,-22.0,7.088054
121.75,-22.0,7.0434875
122.0,-22.0,7.0654716
122.25,-22.0,7.125535
122.5,-22.0,7.0530024
122.75,-22.0,6.9585996
123.0,-22.0,6.94059
123.25,-22.0,7.0592685
123.5,-22.0,6.9822197
123.75,-22.0,6.846593
124.0,-22.0,6.8170075
124.25,-22.0,6.8920617
124.5,-22.0,6.9560432
124.75,-22.0,7.045993
125.0,-22.0,7.2061896
125.25,-22.0,7.2226996
125.5,-22.0,7.038743
125.75,-22.0,6.9353523
126.0,-22.0,6.9730678
126.25,-22.0,7.1046476
126.5,-22.0,7.0598774
126.75,-22.0,7.086951
127.0,-22.0,7.1427536
127.25,-22.0,6.9674807
127.5,-22.0,6.7794156
127.75,-22.0,6.723425
128.0,-22.0,6.761299
128.25,-22.0,6.6766496
128.5,-22.0,6.6429234
128.75,-22.0,6.644145
129.0,-22.0,6.748515
129.25,-22.0,6.921807
129.5,-22.0,7.149022
129.75,-22.0,7.3489766
130.0,-22.0,7.5112743
130.25,-22.0,7.540375
130.5,-22.0,7.53305
130.75,-22.0,7.4837914
131.0,-22.0,7.454005
131.25,-22.0,7.4871483
131.5,-22.0,7.5190396
131.75,-22.0,7.55003
132.0,-22.0,7.5194526
132.25,-22.0,7.497052
132.5,-22.0,7.3575997
132.75,-22.0,7.284167
133.0,-22.0,6.9908314
133.25,-22.0,6.566954
133.5,-22.0,6.3798914
133.75,-22.0,6.478511
134.0,-22.0,6.6238546
134.25,-22.0,6.695351
134.5,-22.0,6.685655
134.75,-22.0,6.6508536
135.0,-22.0,6.6033525
135.25,-22.0,6.67498
135.5,-22.0,6.7307954
135.75,-22.0,6.8525696
136.0,-22.0,6.934235
136.25,-22.0,7.1212034
136.5,-22.0,7.3125715
136.75,-22.0,7.149137
137.0,-22.0,7.1201367
137.25,-22.0,7.3270283
137.5,-22.0,7.491911
137.75,-22.0,7.4682755
138.0,-22.0,7.3498373
138.25,-22.0,7.132086
138.5,-22.0,6.9731445
138.75,-22.0,6.9956036
139.0,-22.0,7.167616
139.25,-22.0,7.4471707
139.5,-22.0,7.215086
139.75,-22.0,6.915898
140.0,-22.0,6.8001876
140.25,-22.0,6.8478074
140.5,-22.0,6.944837
140.75,-22.0,6.8731217
141.0,-22.0,6.955123
141.25,-22.0,7.1944323
141.5,-22.0,7.2543545
141.75,-22.0,7.1941013
142.0,-22.0,6.9989185
142.25,-22.0,6.8490343
142.5,-22.0,6.7839646
142.75,-22.0,6.849118
143.0,-22.0,6.967943
143.25,-22.0,7.0402737
143.5,-22.0,7.102496
143.75,-22.0,7.0723476
144.0,-22.0,6.9434114
144.25,-22.0,6.859988
144.5,-22.0,7.0402007
144.75,-22.0,7.1113796
145.0,-22.0,6.836891
145.25,-22.0,6.607349
145.5,-22.0,6.649612
145.75,-22.0,6.5795517
146.0,-22.0,6.2641897
146.25,-22.0,5.9931855
146.5,-22.0,5.9637375
146.75,-22.0,6.0529375
147.0,-22.0,6.3650155
147.25,-22.0,6.43967
147.5,-22.0,6.429454
147.75,-22.0,6.2524333
148.0,-22.0,5.978411
148.25,-22.0,5.5476456
148.5,-22.0,5.1888437
148.75,-22.0,5.1435
149.0,-22.0,5.164391
149.25,-22.0,4.991752
149.5,-22.0,5.8172846
114.0,-22.25,7.8451996
114.5,-22.25,7.863501
114.75,-22.25,7.60846
115.0,-22.25,7.290086
115.25,-22.25,7.1159525
115.5,-22.25,7.086182
115.75,-22.25,6.832661
116.0,-22.25,6.266257
116.25,-22.25,5.914268
116.5,-22.25,5.7107363
116.75,-22.25,5.7043653
117.0,-22.25,5.639144
117.25,-22.25,5.6132326
117.5,-22.25,5.5407434
117.75,-22.25,5.7033167
118.0,-22.25,5.916642
118.25,-22.25,6.157305
118.5,-22.25,6.3890452
118.75,-22.25,6.4518137
119.0,-22.25,6.497704
119.25,-22.25,6.4716043
119.5,-22.25,6.568124
119.75,-22.25,6.7691927
120.0,-22.25,7.0060873
120.25,-22.25,6.9836917
120.5,-22.25,6.9673753
120.75,-22.25,6.9392633
121.0,-22.25,6.9166517
121.25,-22.25,7.02868
121.5,-22.25,7.2009273
121.75,-22.25,7.1774864
122.0,-22.25,7.2177305
122.25,-22.25,7.2302437
122.5,-22.25,7.184455
122.75,-22.25,7.0950527
123.0,-22.25,7.037471
123.25,-22.25,7.069953
123.5,-22.25,6.9967675
123.75,-22.25,6.8927727
124.0,-22.25,6.862903
124.25,-22.25,6.901532
124.5,-22.25,6.9342017
124.75,-22.25,6.9478793
125.0,-22.25,7.0504017
125.25,-22.25,7.083613
125.5,-22.25,7.143176
125.75,-22.25,7.049491
126.0,-22.25,7.091113
126.25,-22.25,7.1664476
126.5,-22.25,7.1729145
126.75,-22.25,7.2670712
127.0,-22.25,7.27934
127.25,-22.25,7.102882
127.5,-22.25,6.869701
127.75,-22.25,6.7575192
128.0,-22.25,6.787618
128.25,-22.25,6.7067847
128.5,-22.25,6.75623
128.75,-22.25,6.7296805
129.0,-22.25,6.7698245
129.25,-22.25,6.8876886
129.5,-22.25,7.1368017
129.75,-22.25,7.3754244
130.0,-22.25,7.517532
130.25,-22.25,7.6638393
130.5,-22.25,7.6388617
130.75,-22.25,7.6296225
131.0,-22.25,7.577318
131.25,-22.25,7.6018806
131.5,-22.25,7.5729403
131.75,-22.25,7.5562706
132.0,-22.25,7.5746074
132.25,-22.25,7.5117555
132.5,-22.25,7.534181
132.75,-22.25,7.4983616
133.0,-22.25,7.2055135
133.25,-22.25,6.733592
133.5,-22.25,6.483797
133.75,-22.25,6.481923
134.0,-22.25,6.608842
134.25,-22.25,6.7303834
134.5,-22.25,6.7508082
134.75,-22.25,6.757841
135.0,-22.25,6.8488913
135.25,-22.25,6.9106274
135.5,-22.25,7.0988083
135.75,-22.25,7.267778
136.0,-22.25,7.2633214
136.25,-22.25,7.0699706
136.5,-22.25,7.2487264
136.75,-22.25,7.3650694
137.0,-22.25,7.3406124
137.25,-22.25,7.38592
137.5,-22.25,7.4617105
137.75,-22.25,7.4810867
138.0,-22.25,7.41934
138.25,-22.25,7.1812577
138.5,-22.25,7.006084
138.75,-22.25,6.9771624
139.0,-22.25,7.091094
139.25,-22.25,7.3445363
139.5,-22.25,7.1688924
139.75,-22.25,6.9454627
140.0,-22.25,6.7963552
140.25,-22.25,6.833742
140.5,-22.25,6.8567967
140.75,-22.25,6.7782106
141.0,-22.25,6.866457
141.25,-22.25,6.950157
141.5,-22.25,6.944033
141.75,-22.25,6.8668103
142.0,-22.25,7.008394
142.25,-22.25,6.9084044
142.5,-22.25,6.789211
142.75,-22.25,6.873714
143.0,-22.25,6.9451113
143.25,-22.25,7.0130873
143.5,-22.25,7.03108
143.75,-22.25,7.071827
144.0,-22.25,6.953345
144.25,-22.25,6.8128986
144.5,-22.25,6.9350886
144.75,-22.25,7.0184226
145.0,-22.25,7.089125
145.25,-22.25,6.8902984
145.5,-22.25,6.6895113
145.75,-22.25,6.560293
146.0,-22.25,6.268359
146.25,-22.25,6.130783
146.5,-22.25,6.0349317
146.75,-22.25,6.033763
147.0,-22.25,6.2293925
147.25,-22.25,6.397858
147.5,-22.25,6.5484915
147.75,-22.25,6.3501616
148.0,-22.25,5.9401736
148.25,-22.25,5.483993
148.5,-22.25,5.2350287
148.75,-22.25,5.1503267
149.0,-22.25,5.284196
149.25,-22.25,5.0087013
149.5,-22.25,5.5154953
150.0,-22.25,7.0109525
150.5,-22.25,7.421398
113.75,-22.5,8.617068
114.0,-22.5,8.110583
114.25,-22.5,7.951805
114.5,-22.5,7.5894017
114.75,-22.5,7.298893
115.0,-22.5,7.43551
115.25,-22.5,7.467794
115.5,-22.5,7.3210993
115.75,-22.5,7.026566
116.0,-22.5,6.4360123
116.25,-22.5,5.993003
116.5,-22.5,5.7168136
116.75,-22.5,5.4598784
117.0,-22.5,5.4326572
117.25,-22.5,5.4685264
117.5,-22.5,5.5609345
117.75,-22.5,5.6366854
118.0,-22.5,5.7193184
118.25,-22.5,5.8101506
118.5,-22.5,6.1592197
118.75,-22.5,6.4720764
119.0,-22.5,6.4259944
119.25,-22.5,6.427484
119.5,-22.5,6.486976
119.75,-22.5,6.711664
120.0,-22.5,6.930125
120.25,-22.5,6.978604
120.5,-22.5,7.1444383
120.75,-22.5,7.1021886
121.0,-22.5,7.093249
121.25,-22.5,7.1982894
121.5,-22.5,7.377943
121.75,-22.5,7.312927
122.0,-22.5,7.2908344
122.25,-22.5,7.195844
122.5,-22.5,7.1498904
122.75,-22.5,7.210279
123.0,-22.5,7.15102
123.25,-22.5,7.0104737
123.5,-22.5,6.9679255
123.75,-22.5,6.8963146
124.0,-22.5,6.9660683
124.25,-22.5,7.0065827
124.5,-22.5,6.997672
124.75,-22.5,6.972111
125.0,-22.5,7.0580626
125.25,-22.5,7.1578712
125.5,-22.5,7.203974
125.75,-22.5,7.336517
126.0,-22.5,7.372548
126.25,-22.5,7.3735285
126.5,-22.5,7.329163
126.75,-22.5,7.3905363
127.0,-22.5,7.3833046
127.25,-22.5,7.1602573
127.5,-22.5,6.958664
127.75,-22.5,6.8409557
128.0,-22.5,6.9075437
128.25,-22.5,6.827355
128.5,-22.5,6.8161383
128.75,-22.5,6.8737316
129.0,-22.5,6.8660197
129.25,-22.5,7.011055
129.5,-22.5,7.18462
129.75,-22.5,7.282005
130.0,-22.5,7.3691573
130.25,-22.5,7.492809
130.5,-22.5,7.624465
130.75,-22.5,7.588211
131.0,-22.5,7.531308
131.25,-22.5,7.5367446
131.5,-22.5,7.477475
131.75,-22.5,7.4603963
132.0,-22.5,7.4337783
132.25,-22.5,7.512555
132.5,-22.5,7.522809
132.75,-22.5,7.61063
133.0,-22.5,7.440733
133.25,-22.5,6.9812036
133.5,-22.5,6.6656594
133.75,-22.5,6.635857
134.0,-22.5,6.779605
134.25,-22.5,6.9371552
134.5,-22.5,7.09085
134.75,-22.5,7.177338
135.0,-22.5,7.238841
135.25,-22.5,7.316615
135.5,-22.5,7.482713
135.75,-22.5,7.5028434
136.0,-22.5,7.507154
136.25,-22.5,7.30875
136.5,-22.5,7.4215064
136.75,-22.5,7.5206532
137.0,-22.5,7.613089
137.25,-22.5,7.618036
137.5,-22.5,7.6328106
137.75,-22.5,7.616018
138.0,-22.5,7.5169296
138.25,-22.5,7.3536205
138.5,-22.5,7.1302133
138.75,-22.5,6.977981
139.0,-22.5,7.0242724
139.25,-22.5,7.181853
139.5,-22.5,7.0851345
139.75,-22.5,6.8721285
140.0,-22.5,6.8226786
140.25,-22.5,6.808687
140.5,-22.5,6.8313093
140.75,-22.5,6.7762394
141.0,-22.5,6.8353686
141.25,-22.5,6.7656403
141.5,-22.5,6.7051616
141.75,-22.5,6.7143373
142.0,-22.5,6.7901106
142.25,-22.5,6.9256644
142.5,-22.5,6.977774
142.75,-22.5,7.1065655
143.0,-22.5,7.165138
143.25,-22.5,7.174561
143.5,-22.5,6.9956727
143.75,-22.5,6.972289
144.0,-22.5,6.9208164
144.25,-22.5,6.800899
144.5,-22.5,6.8490915
144.75,-22.5,7.026042
145.0,-22.5,7.035581
145.25,-22.5,7.0349874
145.5,-22.5,6.7777705
145.75,-22.5,6.6817374
146.0,-22.5,6.467398
146.25,-22.5,6.2342734
146.5,-22.5,6.027786
146.75,-22.5,5.967028
147.0,-22.5,6.0803466
147.25,-22.5,6.1485496
147.5,-22.5,6.218945
147.75,-22.5,6.2940407
148.0,-22.5,5.873922
148.25,-22.5,5.588905
148.5,-22.5,5.307359
148.75,-22.5,5.223938
149.0,-22.5,5.3604317
149.25,-22.5,5.046694
149.5,-22.5,4.8636336
149.75,-22.5,5.555437
150.0,-22.5,5.893127
150.25,-22.5,6.13724
113.75,-22.75,8.750527
114.0,-22.75,8.210066
114.25,-22.75,7.8163977
114.5,-22.75,7.468648
114.75,-22.75,7.192198
115.0,-22.75,7.436715
115.25,-22.75,7.686708
115.5,-22.75,7.5412445
115.75,-22.75,7.238805
116.0,-22.75,6.929161
116.25,-22.75,6.47369
116.5,-22.75,6.0384364
116.75,-22.75,5.702198
117.0,-22.75,5.6189075
117.25,-22.75,5.6699114
117.5,-22.75,5.5794463
117.75,-22.75,5.589784
118.0,-22.75,5.653625
118.25,-22.75,5.70036
118.5,-22.75,6.0019693
118.75,-22.75,6.3678474
119.0,-22.75,6.5592337
119.25,-22.75,6.57659
119.5,-22.75,6.609944
119.75,-22.75,6.7697625
120.0,-22.75,6.9405646
120.25,-22.75,7.06591
120.5,-22.75,7.26663
120.75,-22.75,7.286644
121.0,-22.75,7.2470737
121.25,-22.75,7.2887173
121.5,-22.75,7.402675
121.75,-22.75,7.2934237
122.0,-22.75,7.221881
122.25,-22.75,7.172523
122.5,-22.75,7.2620416
122.75,-22.75,7.336657
123.0,-22.75,7.2860765
123.25,-22.75,7.1366816
123.5,-22.75,7.126378
123.75,-22.75,7.14766
124.0,-22.75,7.1900053
124.25,-22.75,7.252187
124.5,-22.75,7.1810594
124.75,-22.75,7.119851
125.0,-22.75,7.1912026
125.25,-22.75,7.2879047
125.5,-22.75,7.42686
125.75,-22.75,7.568069
126.0,-22.75,7.619004
126.25,-22.75,7.520324
126.5,-22.75,7.38623
126.75,-22.75,7.378627
127.0,-22.75,7.391142
127.25,-22.75,7.2391334
127.5,-22.75,7.039212
127.75,-22.75,6.9717875
128.0,-22.75,7.0091105
128.25,-22.75,6.9471602
128.5,-22.75,6.8856244
128.75,-22.75,6.905389
129.0,-22.75,6.98665
129.25,-22.75,7.1058874
129.5,-22.75,7.2400026
129.75,-22.75,7.272127
130.0,-22.75,7.3513775
130.25,-22.75,7.453097
130.5,-22.75,7.471939
130.75,-22.75,7.465319
131.0,-22.75,7.4102144
131.25,-22.75,7.3520403
131.5,-22.75,7.2800465
131.75,-22.75,7.2675343
132.0,-22.75,7.3007174
132.25,-22.75,7.330257
132.5,-22.75,7.39504
132.75,-22.75,7.5033774
133.0,-22.75,7.4800572
133.25,-22.75,7.283623
133.5,-22.75,6.912173
133.75,-22.75,6.8685455
134.0,-22.75,7.0935006
134.25,-22.75,7.2437644
134.5,-22.75,7.3796725
134.75,-22.75,7.4055734
135.0,-22.75,7.3996725
135.25,-22.75,7.4959316
135.5,-22.75,7.4621887
135.75,-22.75,7.412919
136.0,-22.75,7.448421
136.25,-22.75,7.4506087
136.5,-22.75,7.5537953
136.75,-22.75,7.678532
137.0,-22.75,7.763036
137.25,-22.75,7.7543173
137.5,-22.75,7.7359242
137.75,-22.75,7.691523
138.0,-22.75,7.6328654
138.25,-22.75,7.5102053
138.5,-22.75,7.279382
138.75,-22.75,7.0425177
139.0,-22.75,6.9747276
139.25,-22.75,7.013297
139.5,-22.75,6.907585
139.75,-22.75,6.8465285
140.0,-22.75,6.8207893
140.25,-22.75,6.830433
140.5,-22.75,6.837496
140.75,-22.75,6.8469377
141.0,-22.75,6.886142
141.25,-22.75,6.7868547
141.5,-22.75,6.6752167
141.75,-22.75,6.6371465
142.0,-22.75,6.7516093
142.25,-22.75,6.9310575
142.5,-22.75,7.1440864
142.75,-22.75,7.3760195
143.0,-22.75,7.386746
143.25,-22.75,7.123407
143.5,-22.75,6.8811026
143.75,-22.75,6.824129
144.0,-22.75,6.833713
144.25,-22.75,6.746502
144.5,-22.75,6.7624583
144.75,-22.75,6.8849125
145.0,-22.75,6.962075
145.25,-22.75,6.945204
145.5,-22.75,6.843527
145.75,-22.75,6.8221273
146.0,-22.75,6.582116
146.25,-22.75,6.2300935
146.5,-22.75,5.9362135
146.75,-22.75,5.85921
147.0,-22.75,6.0501246
147.25,-22.75,5.964576
147.5,-22.75,5.855589
147.75,-22.75,5.8820176
148.0,-22.75,5.8718834
148.25,-22.75,5.7550397
148.5,-22.75,5.455686
148.75,-22.75,5.349441
149.0,-22.75,5.3967338
149.25,-22.75,5.151644
149.5,-22.75,5.071021
149.75,-22.75,5.15146
150.0,-22.75,5.224047
150.25,-22.75,5.124839
150.5,-22.75,5.3948374
150.75,-22.75,6.6795154
114.0,-23.0,8.218529
114.25,-23.0,7.7695527
114.5,-23.0,7.374092
114.75,-23.0,7.2795963
115.0,-23.0,7.4481735
115.25,-23.0,7.785525
115.5,-23.0,7.782608
115.75,-23.0,7.4504185
116.0,-23.0,7.1927342
116.25,-23.0,6.7740808
116.5,-23.0,6.597926
116.75,-23.0,6.235295
117.0,-23.0,6.10433
117.25,-23.0,6.014233
117.5,-23.0,5.7476573
117.75,-23.0,5.6675005
118.0,-23.0,5.711878
118.25,-23.0,5.910846
118.5,-23.0,6.129311
118.75,-23.0,6.3842874
119.0,-23.0,6.671648
119.25,-23.0,6.7858377
119.5,-23.0,6.848398
119.75,-23.0,6.89459
120.0,-23.0,7.0284147
120.25,-23.0,7.2163534
120.5,-23.0,7.3795614
120.75,-23.0,7.462391
121.0,-23.0,7.377338
121.25,-23.0,7.276331
121.5,-23.0,7.290196
121.75,-23.0,7.1959586
122.0,-23.0,7.217314
122.25,-23.0,7.2677283
122.5,-23.0,7.304426
122.75,-23.0,7.390927
123.0,-23.0,7.37895
123.25,-23.0,7.4203234
123.5,-23.0,7.4424033
123.75,-23.0,7.4820404
124.0,-23.0,7.4819565
124.25,-23.0,7.499522
124.5,-23.0,7.360868
124.75,-23.0,7.26093
125.0,-23.0,7.285503
125.25,-23.0,7.3793664
125.5,-23.0,7.5514097
125.75,-23.0,7.6819944
126.0,-23.0,7.7272277
126.25,-23.0,7.518935
126.5,-23.0,7.328003
126.75,-23.0,7.3392816
127.0,-23.0,7.3605266
127.25,-23.0,7.284325
127.5,-23.0,7.096242
127.75,-23.0,7.040909
128.0,-23.0,7.0909486
128.25,-23.0,7.031262
128.5,-23.0,6.9506617
128.75,-23.0,6.9427357
129.0,-23.0,7.0051527
129.25,-23.0,7.065553
129.5,-23.0,7.2187185
129.75,-23.0,7.418759
130.0,-23.0,7.449372
130.25,-23.0,7.4073634
130.5,-23.0,7.3439784
130.75,-23.0,7.3224454
131.0,-23.0,7.3278046
131.25,-23.0,7.219016
131.5,-23.0,7.036013
131.75,-23.0,7.0444856
132.0,-23.0,7.133193
132.25,-23.0,7.17501
132.5,-23.0,7.178976
132.75,-23.0,7.24407
133.0,-23.0,7.321891
133.25,-23.0,7.408139
133.5,-23.0,7.100579
133.75,-23.0,7.2226596
134.0,-23.0,7.4881682
134.25,-23.0,7.60751
134.5,-23.0,7.3848157
134.75,-23.0,7.317571
135.0,-23.0,7.219015
135.25,-23.0,7.249638
135.5,-23.0,7.158358
135.75,-23.0,7.26526
136.0,-23.0,7.3058205
136.25,-23.0,7.472403
136.5,-23.0,7.5495076
136.75,-23.0,7.6224074
137.0,-23.0,7.672443
137.25,-23.0,7.661638
137.5,-23.0,7.6592526
137.75,-23.0,7.617619
138.0,-23.0,7.64294
138.25,-23.0,7.5377746
138.5,-23.0,7.3053303
138.75,-23.0,7.1435194
139.0,-23.0,6.973823
139.25,-23.0,6.929831
139.5,-23.0,6.8108497
139.75,-23.0,6.778837
140.0,-23.0,6.8361278
140.25,-23.0,6.8572516
140.5,-23.0,6.9317875
140.75,-23.0,6.952927
141.0,-23.0,6.9188967
141.25,-23.0,6.7894526
141.5,-23.0,6.6543865
141.75,-23.0,6.726144
142.0,-23.0,6.803755
142.25,-23.0,6.991531
142.5,-23.0,7.1841435
142.75,-23.0,7.3643694
143.0,-23.0,7.326102
143.25,-23.0,7.0077376
143.5,-23.0,6.756506
143.75,-23.0,6.618326
144.0,-23.0,6.7133236
144.25,-23.0,6.720555
144.5,-23.0,6.693939
144.75,-23.0,6.783587
145.0,-23.0,6.8090334
145.25,-23.0,6.883244
145.5,-23.0,6.8944135
145.75,-23.0,6.8748436
146.0,-23.0,6.547738
146.25,-23.0,6.1245346
146.5,-23.0,5.8484817
146.75,-23.0,5.7428746
147.0,-23.0,6.0396204
147.25,-23.0,5.891633
147.5,-23.0,5.6327257
147.75,-23.0,5.60426
148.0,-23.0,5.755999
148.25,-23.0,5.9180765
148.5,-23.0,5.6391582
148.75,-23.0,5.510481
149.0,-23.0,5.473212
149.25,-23.0,5.4549737
149.5,-23.0,5.455714
149.75,-23.0,5.3216376
150.0,-23.0,5.178153
150.25,-23.0,4.977777
150.5,-23.0,5.224263
150.75,-23.0,6.400955
114.0,-23.25,8.143114
114.25,-23.25,7.7202935
114.5,-23.25,7.79147
114.75,-23.25,7.652545
115.0,-23.25,7.5998397
115.25,-23.25,7.83865
115.5,-23.25,7.877845
115.75,-23.25,7.625965
116.0,-23.25,7.3926435
116.25,-23.25,7.2505903
116.5,-23.25,6.993416
116.75,-23.25,6.8968673
117.0,-23.25,6.733038
117.25,-23.25,6.492141
117.5,-23.25,6.317511
117.75,-23.25,6.1337705
118.0,-23.25,6.1580253
118.25,-23.25,6.3466625
118.5,-23.25,6.63993
118.75,-23.25,6.6733646
119.0,-23.25,6.9451294
119.25,-23.25,7.1164894
119.5,-23.25,7.104577
119.75,-23.25,7.052009
120.0,-23.25,7.1505027
120.25,-23.25,7.3713474
120.5,-23.25,7.5238137
120.75,-23.25,7.617768
121.0,-23.25,7.5767517
121.25,-23.25,7.421915
121.5,-23.25,7.2770023
121.75,-23.25,7.2708874
122.0,-23.25,7.2896247
122.25,-23.25,7.2839546
122.5,-23.25,7.291469
122.75,-23.25,7.3122563
123.0,-23.25,7.31974
123.25,-23.25,7.4929237
123.5,-23.25,7.6330037
123.75,-23.25,7.6584344
124.0,-23.25,7.655718
124.25,-23.25,7.6115603
124.5,-23.25,7.434767
124.75,-23.25,7.3266907
125.0,-23.25,7.3162546
125.25,-23.25,7.436814
125.5,-23.25,7.5886927
125.75,-23.25,7.635759
126.0,-23.25,7.6617327
126.25,-23.25,7.4616375
126.5,-23.25,7.3870435
126.75,-23.25,7.371781
127.0,-23.25,7.4106746
127.25,-23.25,7.2813587
127.5,-23.25,7.1042094
127.75,-23.25,7.1480503
128.0,-23.25,7.183219
128.25,-23.25,7.090312
128.5,-23.25,6.9686522
128.75,-23.25,6.9782376
129.0,-23.25,7.0460987
129.25,-23.25,7.0885754
129.5,-23.25,7.253629
129.75,-23.25,7.433521
130.0,-23.25,7.5080957
130.25,-23.25,7.4091997
130.5,-23.25,7.269753
130.75,-23.25,7.2636037
131.0,-23.25,7.2705584
131.25,-23.25,7.1051316
131.5,-23.25,6.879413
131.75,-23.25,6.7166023
132.0,-23.25,6.8123
132.25,-23.25,6.942408
132.5,-23.25,6.9128814
132.75,-23.25,6.9533863
133.0,-23.25,7.129948
133.25,-23.25,7.2500663
133.5,-23.25,7.3096814
133.75,-23.25,7.728582
134.0,-23.25,7.897889
134.25,-23.25,7.5677667
134.5,-23.25,7.2489552
134.75,-23.25,7.17056
135.0,-23.25,6.985286
135.25,-23.25,6.892133
135.5,-23.25,6.9889493
135.75,-23.25,7.1173663
136.0,-23.25,7.3321457
136.25,-23.25,7.472498
136.5,-23.25,7.5361395
136.75,-23.25,7.542482
137.0,-23.25,7.5528293
137.25,-23.25,7.556485
137.5,-23.25,7.5122004
137.75,-23.25,7.50321
138.0,-23.25,7.5205927
138.25,-23.25,7.371222
138.5,-23.25,7.2878213
138.75,-23.25,7.09615
139.0,-23.25,7.0074964
139.25,-23.25,6.9278846
139.5,-23.25,6.8458753
139.75,-23.25,6.8065424
140.0,-23.25,6.871542
140.25,-23.25,7.000935
140.5,-23.25,7.059591
140.75,-23.25,7.012849
141.0,-23.25,6.8828077
141.25,-23.25,6.7187567
141.5,-23.25,6.703762
141.75,-23.25,6.7788553
142.0,-23.25,6.9208255
142.25,-23.25,7.0597625
142.5,-23.25,7.079451
142.75,-23.25,7.1397057
143.0,-23.25,7.0727606
143.25,-23.25,6.888977
143.5,-23.25,6.614884
143.75,-23.25,6.5490065
144.0,-23.25,6.6188254
144.25,-23.25,6.646198
144.5,-23.25,6.735592
144.75,-23.25,6.776237
145.0,-23.25,6.8199973
145.25,-23.25,6.8610916
145.5,-23.25,6.989941
145.75,-23.25,6.7695146
146.0,-23.25,6.406712
146.25,-23.25,6.120107
146.5,-23.25,5.807006
146.75,-23.25,5.683152
147.0,-23.25,5.98227
147.25,-23.25,5.788661
147.5,-23.25,5.445632
147.75,-23.25,5.35255
148.0,-23.25,5.5615797
148.25,-23.25,5.787664
148.5,-23.25,5.764825
148.75,-23.25,5.662688
149.0,-23.25,5.5873194
149.25,-23.25,5.5178895
149.5,-23.25,5.499974
149.75,-23.25,5.4804826
150.0,-23.25,5.246687
150.25,-23.25,5.086471
150.5,-23.25,5.2165194
150.75,-23.25,6.3386936
113.75,-23.5,8.820156
114.0,-23.5,8.014976
114.25,-23.5,7.6166887
114.5,-23.5,7.8915753
114.75,-23.5,8.05102
115.0,-23.5,8.0647335
115.25,-23.5,7.9978366
115.5,-23.5,7.9020066
115.75,-23.5,7.71622
116.0,-23.5,7.6302524
116.25,-23.5,7.54177
116.5,-23.5,7.4988213
116.75,-23.5,7.400344
117.0,-23.5,7.293606
117.25,-23.5,7.024576
117.5,-23.5,6.8233438
117.75,-23.5,6.690733
118.0,-23.5,6.6340594
118.25,-23.5,6.7562795
118.5,-23.5,7.097953
118.75,-23.5,7.112405
119.0,-23.5,7.1994257
119.25,-23.5,7.2651987
119.5,-23.5,7.3294444
119.75,-23.5,7.3226757
120.0,-23.5,7.4782977
120.25,-23.5,7.6017857
120.5,-23.5,7.680324
120.75,-23.5,7.6724854
121.0,-23.5,7.610345
121.25,-23.5,7.504425
121.5,-23.5,7.366976
121.75,-23.5,7.3604503
122.0,-23.5,7.326739
122.25,-23.5,7.298865
122.5,-23.5,7.293615
122.75,-23.5,7.2848616
123.0,-23.5,7.304344
123.25,-23.5,7.530075
123.5,-23.5,7.6693807
123.75,-23.5,7.7234197
124.0,-23.5,7.7125034
124.25,-23.5,7.709671
124.5,-23.5,7.5501485
124.75,-23.5,7.4755173
125.0,-23.5,7.5198827
125.25,-23.5,7.6210384
125.5,-23.5,7.6686893
125.75,-23.5,7.573364
126.0,-23.5,7.493254
126.25,-23.5,7.479574
126.5,-23.5,7.513559
126.75,-23.5,7.6632814
127.0,-23.5,7.675125
127.25,-23.5,7.4492526
127.5,-23.5,7.2043467
127.75,-23.5,7.2703743
128.0,-23.5,7.3035464
128.25,-23.5,7.151429
128.5,-23.5,7.023237
128.75,-23.5,7.001137
129.0,-23.5,7.1582785
129.25,-23.5,7.245262
129.5,-23.5,7.3343987
129.75,-23.5,7.4208813
130.0,-23.5,7.4441175
130.25,-23.5,7.403031
130.5,-23.5,7.3009877
130.75,-23.5,7.27924
131.0,-23.5,7.267327
131.25,-23.5,7.0715337
131.5,-23.5,6.8108964
131.75,-23.5,6.522916
132.0,-23.5,6.5864706
132.25,-23.5,6.7572827
132.5,-23.5,6.710681
132.75,-23.5,6.6942577
133.0,-23.5,6.8638744
133.25,-23.5,7.0513663
133.5,-23.5,7.292529
133.75,-23.5,7.658
134.0,-23.5,7.4717565
134.25,-23.5,7.0730834
134.5,-23.5,6.8484507
134.75,-23.5,6.8599033
135.0,-23.5,6.7864714
135.25,-23.5,6.741154
135.5,-23.5,6.9159803
135.75,-23.5,7.1810904
136.0,-23.5,7.3989644
136.25,-23.5,7.4896064
136.5,-23.5,7.5308332
136.75,-23.5,7.5030475
137.0,-23.5,7.5341415
137.25,-23.5,7.52909
137.5,-23.5,7.5235996
137.75,-23.5,7.4907565
138.0,-23.5,7.3981214
138.25,-23.5,7.161963
138.5,-23.5,7.135819
138.75,-23.5,7.0819993
139.0,-23.5,7.0227876
139.25,-23.5,7.016793
139.5,-23.5,6.9342422
139.75,-23.5,6.822141
140.0,-23.5,6.9275026
140.25,-23.5,7.0341115
140.5,-23.5,7.035698
140.75,-23.5,6.915186
141.0,-23.5,6.8155475
141.25,-23.5,6.7802153
141.5,-23.5,6.800706
141.75,-23.5,6.8943925
142.0,-23.5,6.9912972
142.25,-23.5,6.996276
142.5,-23.5,6.962996
142.75,-23.5,6.944843
143.0,-23.5,6.8185215
143.25,-23.5,6.6666985
143.5,-23.5,6.5890474
143.75,-23.5,6.5403476
144.0,-23.5,6.602361
144.25,-23.5,6.692058
144.5,-23.5,6.7846427
144.75,-23.5,6.8331914
145.0,-23.5,6.82917
145.25,-23.5,6.796673
145.5,-23.5,6.885001
145.75,-23.5,6.583803
146.0,-23.5,6.3698106
146.25,-23.5,6.1236396
146.5,-23.5,5.9145327
146.75,-23.5,5.765543
147.0,-23.5,5.877726
147.25,-23.5,5.417811
147.5,-23.5,5.142361
147.75,-23.5,5.208661
148.0,-23.5,5.4028587
148.25,-23.5,5.6088285
148.5,-23.5,5.7118163
148.75,-23.5,5.615698
149.0,-23.5,5.256773
149.25,-23.5,5.118107
149.5,-23.5,5.2303796
149.75,-23.5,5.3417687
150.0,-23.5,5.4267316
150.25,-23.5,5.2490454
150.5,-23.5,5.17322
150.75,-23.5,5.707013
113.75,-23.75,8.568093
114.0,-23.75,8.130157
114.25,-23.75,7.95719
114.5,-23.75,8.068982
114.75,-23.75,8.142875
115.0,-23.75,8.117963
115.25,-23.75,8.041832
115.5,-23.75,7.856195
115.75,-23.75,7.440438
116.0,-23.75,7.328112
116.25,-23.75,7.370552
116.5,-23.75,7.478875
116.75,-23.75,7.6054206
117.0,-23.75,7.683541
117.25,-23.75,7.543674
117.5,-23.75,7.263
117.75,-23.75,7.0321083
118.0,-23.75,6.9673147
118.25,-23.75,7.0531588
118.5,-23.75,7.22209
118.75,-23.75,7.2862945
119.0,-23.75,7.3259683
119.25,-23.75,7.371142
119.5,-23.75,7.4912205
119.75,-23.75,7.645521
120.0,-23.75,7.755308
120.25,-23.75,7.698776
120.5,-23.75,7.6335692
120.75,-23.75,7.5442305
121.0,-23.75,7.4619694
121.25,-23.75,7.4269514
121.5,-23.75,7.4896045
121.75,-23.75,7.4882593
122.0,-23.75,7.453182
122.25,-23.75,7.428753
122.5,-23.75,7.405188
122.75,-23.75,7.380674
123.0,-23.75,7.4210005
123.25,-23.75,7.6296463
123.5,-23.75,7.755123
123.75,-23.75,7.8070326
124.0,-23.75,7.8443503
124.25,-23.75,7.899599
124.5,-23.75,7.851443
124.75,-23.75,7.7764354
125.0,-23.75,7.802249
125.25,-23.75,7.878465
125.5,-23.75,7.8946543
125.75,-23.75,7.8026447
126.0,-23.75,7.6728964
126.25,-23.75,7.633047
126.5,-23.75,7.7730412
126.75,-23.75,7.925711
127.0,-23.75,7.8911247
127.25,-23.75,7.6064315
127.5,-23.75,7.416759
127.75,-23.75,7.5310388
128.0,-23.75,7.5756207
128.25,-23.75,7.517766
128.5,-23.75,7.4470706
128.75,-23.75,7.432181
129.0,-23.75,7.423836
129.25,-23.75,7.3760986
129.5,-23.75,7.4035487
129.75,-23.75,7.4877086
130.0,-23.75,7.548382
130.25,-23.75,7.5134254
130.5,-23.75,7.4113407
130.75,-23.75,7.4014735
131.0,-23.75,7.397174
131.25,-23.75,7.3323407
131.5,-23.75,7.220511
131.75,-23.75,7.1521487
132.0,-23.75,7.2481256
132.25,-23.75,7.204493
132.5,-23.75,6.9249115
132.75,-23.75,6.8042345
133.0,-23.75,6.8678937
133.25,-23.75,6.953097
133.5,-23.75,6.8783774
133.75,-23.75,6.9125595
134.0,-23.75,6.83086
134.25,-23.75,6.633672
134.5,-23.75,6.4772763
134.75,-23.75,6.5282917
135.0,-23.75,6.732162
135.25,-23.75,6.8971972
135.5,-23.75,7.0634165
135.75,-23.75,7.2670226
136.0,-23.75,7.424717
136.25,-23.75,7.4652357
136.5,-23.75,7.5023894
136.75,-23.75,7.540594
137.0,-23.75,7.572734
137.25,-23.75,7.579372
137.5,-23.75,7.556368
137.75,-23.75,7.529497
138.0,-23.75,7.4806967
138.25,-23.75,7.322802
138.5,-23.75,7.231468
138.75,-23.75,7.111391
139.0,-23.75,7.0353785
139.25,-23.75,7.036341
139.5,-23.75,6.9548097
139.75,-23.75,6.8196507
140.0,-23.75,6.921172
140.25,-23.75,7.026447
140.5,-23.75,6.995666
140.75,-23.75,6.87174
141.0,-23.75,6.8634763
141.25,-23.75,6.951411
141.5,-23.75,6.9929256
141.75,-23.75,7.0046897
142.0,-23.75,6.987845
142.25,-23.75,6.949294
142.5,-23.75,6.9560127
142.75,-23.75,6.899696
143.0,-23.75,6.726049
143.25,-23.75,6.5817595
143.5,-23.75,6.537987
143.75,-23.75,6.6003513
144.0,-23.75,6.6996775
144.25,-23.75,6.8028746
144.5,-23.75,6.834279
144.75,-23.75,6.81774
145.0,-23.75,6.744922
145.25,-23.75,6.6247954
145.5,-23.75,6.6020837
145.75,-23.75,6.509006
146.0,-23.75,6.397824
146.25,-23.75,6.188953
146.5,-23.75,5.944623
146.75,-23.75,5.781198
147.0,-23.75,5.8030877
147.25,-23.75,5.320556
147.5,-23.75,5.1645784
147.75,-23.75,5.3084917
148.0,-23.75,5.493082
148.25,-23.75,5.5303187
148.5,-23.75,5.5299377
148.75,-23.75,5.4475527
149.0,-23.75,4.848778
149.25,-23.75,4.534588
149.5,-23.75,4.7198005
149.75,-23.75,5.1451435
150.0,-23.75,5.547087
150.25,-23.75,5.471583
150.5,-23.75,4.9877396
150.75,-23.75,4.835326
151.0,-23.75,5.143048
151.25,-23.75,5.7804184
113.5,-24.0,9.17079
113.75,-24.0,8.386687
114.0,-24.0,8.110043
114.25,-24.0,8.0423
114.5,-24.0,8.092506
114.75,-24.0,8.11212
115.0,-24.0,8.0500765
115.25,-24.0,7.948064
115.5,-24.0,7.72124
115.75,-24.0,7.2385325
116.0,-24.0,7.084931
116.25,-24.0,7.106992
116.5,-24.0,7.2248693
116.75,-24.0,7.450669
117.0,-24.0,7.6585417
117.25,-24.0,7.7309537
117.5,-24.0,7.549185
117.75,-24.0,7.2620034
118.0,-24.0,7.084983
118.25,-24.0,7.085106
118.5,-24.0,7.183159
118.75,-24.0,7.300826
119.0,-24.0,7.3811464
119.25,-24.0,7.495868
119.5,-24.0,7.6082687
119.75,-24.0,7.6919174
120.0,-24.0,7.683997
120.25,-24.0,7.6094217
120.5,-24.0,7.5904384
120.75,-24.0,7.5379915
121.0,-24.0,7.5087924
121.25,-24.0,7.5164733
121.5,-24.0,7.6444464
121.75,-24.0,7.6403556
122.0,-24.0,7.579335
122.25,-24.0,7.5387006
122.5,-24.0,7.4996862
122.75,-24.0,7.4555798
123.0,-24.0,7.454362
123.25,-24.0,7.6089935
123.5,-24.0,7.7274585
123.75,-24.0,7.7828994
124.0,-24.0,7.826019
124.25,-24.0,7.8741765
124.5,-24.0,7.8825164
124.75,-24.0,7.8760614
125.0,-24.0,7.8969193
125.25,-24.0,7.9545927
125.5,-24.0,7.964422
125.75,-24.0,7.932885
126.0,-24.0,7.8002863
126.25,-24.0,7.6901827
126.5,-24.0,7.784539
126.75,-24.0,7.867852
127.0,-24.0,7.828431
127.25,-24.0,7.6499386
127.5,-24.0,7.606479
127.75,-24.0,7.653714
128.0,-24.0,7.7066092
128.25,-24.0,7.7313
128.5,-24.0,7.6657486
128.75,-24.0,7.517375
129.0,-24.0,7.384659
129.25,-24.0,7.372518
129.5,-24.0,7.3800616
129.75,-24.0,7.387657
130.0,-24.0,7.4450345
130.25,-24.0,7.5324745
130.5,-24.0,7.5988617
130.75,-24.0,7.626636
131.0,-24.0,7.618234
131.25,-24.0,7.5976934
131.5,-24.0,7.562452
131.75,-24.0,7.570899
132.0,-24.0,7.543194
132.25,-24.0,7.325557
132.5,-24.0,6.92021
132.75,-24.0,6.7528567
133.0,-24.0,6.875159
133.25,-24.0,7.0795536
133.5,-24.0,6.9690537
133.75,-24.0,6.8654943
134.0,-24.0,6.923432
134.25,-24.0,6.841709
134.5,-24.0,6.6361184
134.75,-24.0,6.507226
135.0,-24.0,6.7960052
135.25,-24.0,7.013162
135.5,-24.0,7.085237
135.75,-24.0,7.2337546
136.0,-24.0,7.4059253
136.25,-24.0,7.476248
136.5,-24.0,7.5057607
136.75,-24.0,7.5569053
137.0,-24.0,7.5781484
137.25,-24.0,7.6025095
137.5,-24.0,7.586339
137.75,-24.0,7.555916
138.0,-24.0,7.5192976
138.25,-24.0,7.4383054
138.5,-24.0,7.2812405
138.75,-24.0,7.102328
139.0,-24.0,6.9869094
139.25,-24.0,6.9595513
139.5,-24.0,6.889892
139.75,-24.0,6.8524127
140.0,-24.0,6.934549
140.25,-24.0,7.0002966
140.5,-24.0,6.950027
140.75,-24.0,6.8496995
141.0,-24.0,6.8649645
141.25,-24.0,7.0162687
141.5,-24.0,7.1214433
141.75,-24.0,7.106342
142.0,-24.0,7.019973
142.25,-24.0,6.9112372
142.5,-24.0,6.8960133
142.75,-24.0,6.8783464
143.0,-24.0,6.7025466
143.25,-24.0,6.554484
143.5,-24.0,6.522503
143.75,-24.0,6.67364
144.0,-24.0,6.7903624
144.25,-24.0,6.7975554
144.5,-24.0,6.7220435
144.75,-24.0,6.7203836
145.0,-24.0,6.807116
145.25,-24.0,6.8179283
145.5,-24.0,6.670851
145.75,-24.0,6.600576
146.0,-24.0,6.4857764
146.25,-24.0,6.2189965
146.5,-24.0,5.9173436
146.75,-24.0,5.7700276
147.0,-24.0,5.7787485
147.25,-24.0,5.440779
147.5,-24.0,5.2318983
147.75,-24.0,5.29311
148.0,-24.0,5.403277
148.25,-24.0,5.348118
148.5,-24.0,5.212411
148.75,-24.0,5.428437
149.0,-24.0,5.14142
149.25,-24.0,4.8718076
149.5,-24.0,4.893205
149.75,-24.0,5.119329
150.0,-24.0,5.436059
150.25,-24.0,5.502979
150.5,-24.0,5.2227693
150.75,-24.0,4.6908693
151.0,-24.0,4.3664856
151.25,-24.0,4.6450815
113.5,-24.25,9.251436
113.75,-24.25,8.538186
114.0,-24.25,8.132186
114.25,-24.25,7.781142
114.5,-24.25,7.9013457
114.75,-24.25,8.118244
115.0,-24.25,8.131164
115.25,-24.25,7.930722
115.5,-24.25,7.644408
115.75,-24.25,7.266675
116.0,-24.25,7.2014036
116.25,-24.25,7.153537
116.5,-24.25,7.1209917
116.75,-24.25,7.251961
117.0,-24.25,7.4520855
117.25,-24.25,7.6509676
117.5,-24.25,7.556009
117.75,-24.25,7.4824157
118.0,-24.25,7.3580747
118.25,-24.25,7.390855
118.5,-24.25,7.4082046
118.75,-24.25,7.4976606
119.0,-24.25,7.635379
119.25,-24.25,7.730524
119.5,-24.25,7.759435
119.75,-24.25,7.7401247
120.0,-24.25,7.662585
120.25,-24.25,7.5819764
120.5,-24.25,7.549475
120.75,-24.25,7.544667
121.0,-24.25,7.49967
121.25,-24.25,7.4706163
121.5,-24.25,7.5545287
121.75,-24.25,7.582529
122.0,-24.25,7.5590806
122.25,-24.25,7.5067196
122.5,-24.25,7.495977
122.75,-24.25,7.4467025
123.0,-24.25,7.495854
123.25,-24.25,7.711266
123.5,-24.25,7.796393
123.75,-24.25,7.819171
124.0,-24.25,7.824236
124.25,-24.25,7.8533278
124.5,-24.25,7.875678
124.75,-24.25,7.8981023
125.0,-24.25,7.9856486
125.25,-24.25,8.01041
125.5,-24.25,7.983345
125.75,-24.25,7.8994107
126.0,-24.25,7.788253
126.25,-24.25,7.819729
126.5,-24.25,7.8955207
126.75,-24.25,7.891787
127.0,-24.25,7.7822933
127.25,-24.25,7.6850924
127.5,-24.25,7.7241406
127.75,-24.25,7.7438207
128.0,-24.25,7.7706056
128.25,-24.25,7.724619
128.5,-24.25,7.586212
128.75,-24.25,7.39766
129.0,-24.25,7.429779
129.25,-24.25,7.5045342
129.5,-24.25,7.451992
129.75,-24.25,7.387934
130.0,-24.25,7.397859
130.25,-24.25,7.5828276
130.5,-24.25,7.687787
130.75,-24.25,7.6823444
131.0,-24.25,7.6688685
131.25,-24.25,7.634473
131.5,-24.25,7.6195908
131.75,-24.25,7.62852
132.0,-24.25,7.499115
132.25,-24.25,7.3666277
132.5,-24.25,7.089626
132.75,-24.25,6.9245977
133.0,-24.25,6.9519606
133.25,-24.25,6.9811773
133.5,-24.25,6.942973
133.75,-24.25,6.9072146
134.0,-24.25,7.038052
134.25,-24.25,7.0206447
134.5,-24.25,6.8984623
134.75,-24.25,6.742026
135.0,-24.25,6.827015
135.25,-24.25,6.951362
135.5,-24.25,7.0081806
135.75,-24.25,7.211858
136.0,-24.25,7.4086967
136.25,-24.25,7.5462246
136.5,-24.25,7.5592575
136.75,-24.25,7.586248
137.0,-24.25,7.6027975
137.25,-24.25,7.604631
137.5,-24.25,7.6168294
137.75,-24.25,7.581189
138.0,-24.25,7.5314846
138.25,-24.25,7.418352
138.5,-24.25,7.200993
138.75,-24.25,7.043075
139.0,-24.25,6.9349823
139.25,-24.25,6.9162917
139.5,-24.25,6.8538203
139.75,-24.25,6.8891597
140.0,-24.25,6.9963284
140.25,-24.25,7.004131
140.5,-24.25,6.907203
140.75,-24.25,6.7899823
141.0,-24.25,6.8807125
141.25,-24.25,7.053071
141.5,-24.25,7.1027694
141.75,-24.25,7.0458016
142.0,-24.25,6.929083
142.25,-24.25,6.8554935
142.5,-24.25,6.854922
142.75,-24.25,6.826505
143.0,-24.25,6.770213
143.25,-24.25,6.657388
143.5,-24.25,6.6801863
143.75,-24.25,6.7330146
144.0,-24.25,6.7532883
144.25,-24.25,6.7984014
144.5,-24.25,6.7180123
144.75,-24.25,6.74606
145.0,-24.25,6.816233
145.25,-24.25,6.952313
145.5,-24.25,6.8219705
145.75,-24.25,6.6447124
146.0,-24.25,6.5384955
146.25,-24.25,6.2630925
146.5,-24.25,5.987282
146.75,-24.25,5.757083
147.0,-24.25,5.468697
147.25,-24.25,5.253254
147.5,-24.25,5.036634
147.75,-24.25,4.992772
148.0,-24.25,5.036436
148.25,-24.25,5.014622
148.5,-24.25,4.9491353
148.75,-24.25,5.1759515
149.0,-24.25,5.2794013
149.25,-24.25,5.0325446
149.5,-24.25,4.962717
149.75,-24.25,5.136531
150.0,-24.25,5.4453278
150.25,-24.25,5.4347777
150.5,-24.25,5.2543774
150.75,-24.25,4.7940664
151.0,-24.25,4.2762995
151.25,-24.25,4.170221
151.5,-24.25,4.5777287
151.75,-24.25,5.4884977
113.5,-24.5,9.273732
113.75,-24.5,8.662496
114.0,-24.5,8.30953
114.25,-24.5,7.9909115
114.5,-24.5,7.8651023
114.75,-24.5,8.00273
115.0,-24.5,7.8844595
115.25,-24.5,7.6851463
115.5,-24.5,7.526612
115.75,-24.5,7.3304353
116.0,-24.5,7.2439117
116.25,-24.5,7.1764917
116.5,-24.5,7.1310883
116.75,-24.5,7.3389835
117.0,-24.5,7.56775
117.25,-24.5,7.6309958
117.5,-24.5,7.5190725
117.75,-24.5,7.412858
118.0,-24.5,7.5055428
118.25,-24.5,7.6088967
118.5,-24.5,7.6957393
118.75,-24.5,7.7985363
119.0,-24.5,7.86506
119.25,-24.5,7.835436
119.5,-24.5,7.7951374
119.75,-24.5,7.7205186
120.0,-24.5,7.6355925
120.25,-24.5,7.52856
120.5,-24.5,7.531741
120.75,-24.5,7.4925313
121.0,-24.5,7.4700403
121.25,-24.5,7.4020476
121.5,-24.5,7.432297
121.75,-24.5,7.569342
122.0,-24.5,7.5629864
122.25,-24.5,7.5550923
122.5,-24.5,7.500825
122.75,-24.5,7.44045
123.0,-24.5,7.518331
123.25,-24.5,7.7606144
123.5,-24.5,7.855961
123.75,-24.5,7.854892
124.0,-24.5,7.883393
124.25,-24.5,7.9145308
124.5,-24.5,7.9452105
124.75,-24.5,7.9875126
125.0,-24.5,8.055325
125.25,-24.5,8.066204
125.5,-24.5,7.998964
125.75,-24.5,7.9247613
126.0,-24.5,7.858309
126.25,-24.5,7.888173
126.5,-24.5,7.971333
126.75,-24.5,7.914411
127.0,-24.5,7.7095065
127.25,-24.5,7.5452986
127.5,-24.5,7.631303
127.75,-24.5,7.682424
128.0,-24.5,7.6635246
128.25,-24.5,7.5882587
128.5,-24.5,7.397387
128.75,-24.5,7.376567
129.0,-24.5,7.5427856
129.25,-24.5,7.579911
129.5,-24.5,7.5441937
129.75,-24.5,7.4489617
130.0,-24.5,7.4902105
130.25,-24.5,7.57816
130.5,-24.5,7.6242056
130.75,-24.5,7.6137857
131.0,-24.5,7.6021323
131.25,-24.5,7.7146373
131.5,-24.5,7.728867
131.75,-24.5,7.838261
132.0,-24.5,7.7287917
132.25,-24.5,7.5382648
132.5,-24.5,7.3562317
132.75,-24.5,7.1802945
133.0,-24.5,7.012154
133.25,-24.5,6.9395194
133.5,-24.5,6.959677
133.75,-24.5,6.9848237
134.0,-24.5,7.030585
134.25,-24.5,7.1339374
134.5,-24.5,7.041275
134.75,-24.5,7.0350647
135.0,-24.5,7.0729485
135.25,-24.5,7.101423
135.5,-24.5,7.0842824
135.75,-24.5,7.240708
136.0,-24.5,7.4272766
136.25,-24.5,7.516036
136.5,-24.5,7.575732
136.75,-24.5,7.6229386
137.0,-24.5,7.603052
137.25,-24.5,7.61363
137.5,-24.5,7.5961947
137.75,-24.5,7.5995207
138.0,-24.5,7.56677
138.25,-24.5,7.421674
138.5,-24.5,7.17395
138.75,-24.5,6.9859977
139.0,-24.5,6.9610744
139.25,-24.5,6.932792
139.5,-24.5,6.904922
139.75,-24.5,6.970825
140.0,-24.5,7.0295987
140.25,-24.5,6.999543
140.5,-24.5,6.8584332
140.75,-24.5,6.8074207
141.0,-24.5,6.938873
141.25,-24.5,7.040047
141.5,-24.5,6.9791517
141.75,-24.5,6.910889
142.0,-24.5,6.936777
142.25,-24.5,6.8940015
142.5,-24.5,6.89441
142.75,-24.5,6.7852325
143.0,-24.5,6.733032
143.25,-24.5,6.8781343
143.5,-24.5,6.896671
143.75,-24.5,6.9161286
144.0,-24.5,6.8681436
144.25,-24.5,6.86155
144.5,-24.5,6.8755846
144.75,-24.5,6.842687
145.0,-24.5,6.8878837
145.25,-24.5,6.9374704
145.5,-24.5,6.860183
145.75,-24.5,6.57537
146.0,-24.5,6.4215684
146.25,-24.5,6.3285103
146.5,-24.5,6.017001
146.75,-24.5,5.62376
147.0,-24.5,5.210971
147.25,-24.5,5.07404
147.5,-24.5,5.08127
147.75,-24.5,4.9203434
148.0,-24.5,4.5095243
148.25,-24.5,4.3310885
148.5,-24.5,4.6116786
148.75,-24.5,4.9578705
149.0,-24.5,5.029423
149.25,-24.5,5.032274
149.5,-24.5,4.957266
149.75,-24.5,5.1931663
150.0,-24.5,5.4636683
150.25,-24.5,5.40467
150.5,-24.5,5.4491515
150.75,-24.5,5.013501
151.0,-24.5,4.6866155
151.25,-24.5,4.459168
151.5,-24.5,4.446617
151.75,-24.5,4.7166023
152.0,-24.5,5.7013855
113.75,-24.75,8.846475
114.0,-24.75,8.444125
114.25,-24.75,8.239007
114.5,-24.75,8.049764
114.75,-24.75,7.798227
115.0,-24.75,7.6615705
115.25,-24.75,7.586321
115.5,-24.75,7.5100827
115.75,-24.75,7.411336
116.0,-24.75,7.3731813
116.25,-24.75,7.2855234
116.5,-24.75,7.3135633
116.75,-24.75,7.5224156
117.0,-24.75,7.7046666
117.25,-24.75,7.632872
117.5,-24.75,7.5131907
117.75,-24.75,7.442807
118.0,-24.75,7.4786887
118.25,-24.75,7.608468
118.5,-24.75,7.729591
118.75,-24.75,7.8340874
119.0,-24.75,7.811145
119.25,-24.75,7.7421236
119.5,-24.75,7.7133493
119.75,-24.75,7.653399
120.0,-24.75,7.6490536
120.25,-24.75,7.5529523
120.5,-24.75,7.5162597
120.75,-24.75,7.471108
121.0,-24.75,7.4057136
121.25,-24.75,7.392077
121.5,-24.75,7.490998
121.75,-24.75,7.636215
122.0,-24.75,7.6711965
122.25,-24.75,7.6313505
122.5,-24.75,7.5709906
122.75,-24.75,7.482854
123.0,-24.75,7.5748086
123.25,-24.75,7.7786736
123.5,-24.75,7.8503094
123.75,-24.75,7.8951397
124.0,-24.75,7.899344
124.25,-24.75,7.945496
124.5,-24.75,7.9600224
124.75,-24.75,8.013016
125.0,-24.75,8.098002
125.25,-24.75,8.073188
125.5,-24.75,7.978044
125.75,-24.75,7.898129
126.0,-24.75,7.947074
126.25,-24.75,7.9880877
126.5,-24.75,7.999957
126.75,-24.75,7.744557
127.0,-24.75,7.496249
127.25,-24.75,7.3749847
127.5,-24.75,7.4953585
127.75,-24.75,7.5658884
128.0,-24.75,7.6589994
128.25,-24.75,7.518783
128.5,-24.75,7.4479795
128.75,-24.75,7.4010153
129.0,-24.75,7.617746
129.25,-24.75,7.616581
129.5,-24.75,7.5667477
129.75,-24.75,7.6286426
130.0,-24.75,7.6248164
130.25,-24.75,7.599946
130.5,-24.75,7.593814
130.75,-24.75,7.560944
131.0,-24.75,7.631193
131.25,-24.75,7.6887016
131.5,-24.75,7.851172
131.75,-24.75,7.938476
132.0,-24.75,7.932551
132.25,-24.75,7.8031807
132.5,-24.75,7.631478
132.75,-24.75,7.48098
133.0,-24.75,7.2970214
133.25,-24.75,7.1451097
133.5,-24.75,7.155647
133.75,-24.75,7.1436086
134.0,-24.75,7.052846
134.25,-24.75,7.1300774
134.5,-24.75,7.2775555
134.75,-24.75,7.273937
135.0,-24.75,7.2241507
135.25,-24.75,7.1951346
135.5,-24.75,7.1805086
135.75,-24.75,7.2650433
136.0,-24.75,7.3905544
136.25,-24.75,7.4140577
136.5,-24.75,7.5470967
136.75,-24.75,7.609204
137.0,-24.75,7.6050406
137.25,-24.75,7.5732574
137.5,-24.75,7.6017375
137.75,-24.75,7.5825176
138.0,-24.75,7.5579166
138.25,-24.75,7.3844476
138.5,-24.75,7.1305976
138.75,-24.75,7.0577955
139.0,-24.75,6.9975386
139.25,-24.75,7.008626
139.5,-24.75,6.9647803
139.75,-24.75,6.9699416
140.0,-24.75,6.969083
140.25,-24.75,6.902842
140.5,-24.75,6.880551
140.75,-24.75,6.8299646
141.0,-24.75,6.9606614
141.25,-24.75,6.9395576
141.5,-24.75,6.881055
141.75,-24.75,6.9965267
142.0,-24.75,6.9861436
142.25,-24.75,6.905277
142.5,-24.75,6.8370275
142.75,-24.75,6.7093277
143.0,-24.75,6.678017
143.25,-24.75,6.771758
143.5,-24.75,6.929937
143.75,-24.75,6.9257317
144.0,-24.75,6.9170685
144.25,-24.75,6.8136263
144.5,-24.75,6.7357183
144.75,-24.75,6.735863
145.0,-24.75,6.7314553
145.25,-24.75,6.9082584
145.5,-24.75,6.839474
145.75,-24.75,6.5755186
146.0,-24.75,6.546688
146.25,-24.75,6.3749766
146.5,-24.75,6.2098055
146.75,-24.75,5.7983484
147.0,-24.75,5.4508085
147.25,-24.75,5.3279853
147.5,-24.75,5.3132563
147.75,-24.75,5.0592356
148.0,-24.75,4.621731
148.25,-24.75,4.0155644
148.5,-24.75,4.321033
148.75,-24.75,4.7558017
149.0,-24.75,4.965968
149.25,-24.75,4.9311867
149.5,-24.75,5.044177
149.75,-24.75,5.2046566
150.0,-24.75,5.3984337
150.25,-24.75,5.5093026
150.5,-24.75,5.5074754
150.75,-24.75,5.379636
151.0,-24.75,5.0178
151.25,-24.75,4.8554215
151.5,-24.75,4.7136116
151.75,-24.75,4.6836443
152.0,-24.75,4.8614354
152.25,-24.75,5.8165574
113.75,-25.0,9.0930195
114.0,-25.0,8.560482
114.25,-25.0,8.332842
114.5,-25.0,8.110581
114.75,-25.0,7.839725
115.0,-25.0,7.75955
115.25,-25.0,7.6974134
115.5,-25.0,7.632784
115.75,-25.0,7.5526743
116.0,-25.0,7.513747
116.25,-25.0,7.521519
116.5,-25.0,7.5404606
116.75,-25.0,7.617524
117.0,-25.0,7.724089
117.25,-25.0,7.643223
117.5,-25.0,7.633596
117.75,-25.0,7.53447
118.0,-25.0,7.5123954
118.25,-25.0,7.5733476
118.5,-25.0,7.6858773
118.75,-25.0,7.7584124
119.0,-25.0,7.699262
119.25,-25.0,7.72085
119.5,-25.0,7.6612673
119.75,-25.0,7.733743
120.0,-25.0,7.741316
120.25,-25.0,7.6551456
120.5,-25.0,7.579855
120.75,-25.0,7.491861
121.0,-25.0,7.316262
121.25,-25.0,7.288049
121.5,-25.0,7.6217117
121.75,-25.0,7.772497
122.0,-25.0,7.7647405
122.25,-25.0,7.7197003
122.5,-25.0,7.6195126
122.75,-25.0,7.5847955
123.0,-25.0,7.648402
123.25,-25.0,7.8148985
123.5,-25.0,7.902663
123.75,-25.0,7.8933964
124.0,-25.0,7.9285245
124.25,-25.0,7.949512
124.5,-25.0,7.9574914
124.75,-25.0,8.012837
125.0,-25.0,8.061862
125.25,-25.0,7.9909945
125.5,-25.0,7.8584366
125.75,-25.0,7.8773384
126.0,-25.0,7.96737
126.25,-25.0,8.0137615
126.5,-25.0,7.854902
126.75,-25.0,7.5680313
127.0,-25.0,7.2737637
127.25,-25.0,7.1732645
127.5,-25.0,7.397708
127.75,-25.0,7.579748
128.0,-25.0,7.633102
128.25,-25.0,7.6966763
128.5,-25.0,7.5574226
128.75,-25.0,7.6735086
129.0,-25.0,7.810667
129.25,-25.0,7.7296877
129.5,-25.0,7.727504
129.75,-25.0,7.7353034
130.0,-25.0,7.6847134
130.25,-25.0,7.597213
130.5,-25.0,7.607642
130.75,-25.0,7.5896
131.0,-25.0,7.6060257
131.25,-25.0,7.730146
131.5,-25.0,7.826965
131.75,-25.0,7.882606
132.0,-25.0,7.8876824
132.25,-25.0,7.796277
132.5,-25.0,7.7889853
132.75,-25.0,7.6284127
133.0,-25.0,7.5438457
133.25,-25.0,7.385163
133.5,-25.0,7.373303
133.75,-25.0,7.2236257
134.0,-25.0,7.091928
134.25,-25.0,7.1919827
134.5,-25.0,7.30661
134.75,-25.0,7.2928205
135.0,-25.0,7.1014595
135.25,-25.0,7.0480633
135.5,-25.0,7.20325
135.75,-25.0,7.235252
136.0,-25.0,7.3065557
136.25,-25.0,7.283561
136.5,-25.0,7.5022335
136.75,-25.0,7.571481
137.0,-25.0,7.5341115
137.25,-25.0,7.556667
137.5,-25.0,7.541207
137.75,-25.0,7.548063
138.0,-25.0,7.5016046
138.25,-25.0,7.2876377
138.5,-25.0,7.1419835
138.75,-25.0,7.0313487
139.0,-25.0,7.1155276
139.25,-25.0,7.1023226
139.5,-25.0,7.0529013
139.75,-25.0,6.995612
140.0,-25.0,6.9389563
140.25,-25.0,6.8909235
140.5,-25.0,6.824622
140.75,-25.0,6.8376594
141.0,-25.0,6.9051266
141.25,-25.0,6.827002
141.5,-25.0,6.92183
141.75,-25.0,6.9889383
142.0,-25.0,6.946321
142.25,-25.0,6.792898
142.5,-25.0,6.6776924
142.75,-25.0,6.6504292
143.0,-25.0,6.5880404
143.25,-25.0,6.6933494
143.5,-25.0,6.802453
143.75,-25.0,6.867156
144.0,-25.0,6.8339577
144.25,-25.0,6.6627293
144.5,-25.0,6.471386
144.75,-25.0,6.407685
145.0,-25.0,6.6150665
145.25,-25.0,6.7892675
145.5,-25.0,6.7090864
145.75,-25.0,6.5924234
146.0,-25.0,6.544948
146.25,-25.0,6.5263805
146.5,-25.0,6.2733293
146.75,-25.0,6.0883594
147.0,-25.0,5.832025
147.25,-25.0,5.679027
147.5,-25.0,5.6417646
147.75,-25.0,5.391707
148.0,-25.0,4.941174
148.25,-25.0,4.2454295
148.5,-25.0,4.2616367
148.75,-25.0,4.763668
149.0,-25.0,4.9804907
149.25,-25.0,5.1263437
149.5,-25.0,5.203063
149.75,-25.0,5.264397
150.0,-25.0,5.3506317
150.25,-25.0,5.5207396
150.5,-25.0,5.6294317
150.75,-25.0,5.451444
151.0,-25.0,5.248298
151.25,-25.0,5.0836487
151.5,-25.0,5.0276175
151.75,-25.0,4.808203
152.0,-25.0,4.7880883
152.25,-25.0,5.1020555
152.5,-25.0,6.068489
114.0,-25.25,8.742339
114.25,-25.25,8.32206
114.5,-25.25,8.118263
114.75,-25.25,8.022272
115.0,-25.25,7.9421625
115.25,-25.25,7.946296
115.5,-25.25,7.8441987
115.75,-25.25,7.66005
116.0,-25.25,7.589246
116.25,-25.25,7.5997844
116.5,-25.25,7.6507726
116.75,-25.25,7.6594944
117.0,-25.25,7.7621017
117.25,-25.25,7.775941
117.5,-25.25,7.7747636
117.75,-25.25,7.7653437
118.0,-25.25,7.7078176
118.25,-25.25,7.7045603
118.5,-25.25,7.7617054
118.75,-25.25,7.764765
119.0,-25.25,7.7244663
119.25,-25.25,7.7274957
119.5,-25.25,7.751595
119.75,-25.25,7.8221426
120.0,-25.25,7.7600203
120.25,-25.25,7.723628
120.5,-25.25,7.6082187
120.75,-25.25,7.5441704
121.0,-25.25,7.3107023
121.25,-25.25,7.340375
121.5,-25.25,7.701683
121.75,-25.25,7.8162913
122.0,-25.25,7.7708225
122.25,-25.25,7.702384
122.5,-25.25,7.71851
122.75,-25.25,7.6595297
123.0,-25.25,7.694829
123.25,-25.25,7.879539
123.5,-25.25,7.943686
123.75,-25.25,7.9677415
124.0,-25.25,7.9509583
124.25,-25.25,7.969163
124.5,-25.25,7.9517307
124.75,-25.25,7.974648
125.0,-25.25,7.996314
125.25,-25.25,7.8921113
125.5,-25.25,7.792976
125.75,-25.25,7.790162
126.0,-25.25,8.003456
126.25,-25.25,8.0328455
126.5,-25.25,7.783225
126.75,-25.25,7.3287096
127.0,-25.25,7.000908
127.25,-25.25,7.0811815
127.5,-25.25,7.257367
127.75,-25.25,7.467424
128.0,-25.25,7.6266317
128.25,-25.25,7.621159
128.5,-25.25,7.7382684
128.75,-25.25,7.874664
129.0,-25.25,8.0047455
129.25,-25.25,7.903798
129.5,-25.25,7.8375607
129.75,-25.25,7.808194
130.0,-25.25,7.6844306
130.25,-25.25,7.6199436
130.5,-25.25,7.645931
130.75,-25.25,7.6065354
131.0,-25.25,7.644135
131.25,-25.25,7.70333
131.5,-25.25,7.766093
131.75,-25.25,7.778849
132.0,-25.25,7.688882
132.25,-25.25,7.5068374
132.5,-25.25,7.5361366
132.75,-25.25,7.701815
133.0,-25.25,7.6056585
133.25,-25.25,7.5639553
133.5,-25.25,7.5283275
133.75,-25.25,7.2702274
134.0,-25.25,7.060655
134.25,-25.25,7.1362176
134.5,-25.25,7.230094
134.75,-25.25,7.1866007
135.0,-25.25,6.8831053
135.25,-25.25,6.826615
135.5,-25.25,6.991696
135.75,-25.25,7.1351557
136.0,-25.25,7.156681
136.25,-25.25,7.2755675
136.5,-25.25,7.4714813
136.75,-25.25,7.489268
137.0,-25.25,7.451729
137.25,-25.25,7.43332
137.5,-25.25,7.465935
137.75,-25.25,7.450683
138.0,-25.25,7.400329
138.25,-25.25,7.1762
138.5,-25.25,7.0383577
138.75,-25.25,7.0938544
139.0,-25.25,7.146991
139.25,-25.25,7.1589103
139.5,-25.25,7.1023026
139.75,-25.25,7.019365
140.0,-25.25,6.9674053
140.25,-25.25,6.869979
140.5,-25.25,6.858914
140.75,-25.25,6.840199
141.0,-25.25,6.865574
141.25,-25.25,6.7997813
141.5,-25.25,6.898231
141.75,-25.25,6.9129176
142.0,-25.25,6.8285003
142.25,-25.25,6.647204
142.5,-25.25,6.559127
142.75,-25.25,6.595238
143.0,-25.25,6.6630874
143.25,-25.25,6.7259874
143.5,-25.25,6.947449
143.75,-25.25,6.972628
144.0,-25.25,6.8503313
144.25,-25.25,6.6072483
144.5,-25.25,6.361936
144.75,-25.25,6.2762737
145.0,-25.25,6.414484
145.25,-25.25,6.6720753
145.5,-25.25,6.5331182
145.75,-25.25,6.4534054
146.0,-25.25,6.559301
146.25,-25.25,6.450675
146.5,-25.25,6.3225675
146.75,-25.25,6.09991
147.0,-25.25,5.921398
147.25,-25.25,5.8176923
147.5,-25.25,5.7599425
147.75,-25.25,5.5868187
148.0,-25.25,5.1242127
148.25,-25.25,4.8560324
148.5,-25.25,4.672359
148.75,-25.25,5.0272937
149.0,-25.25,5.179522
149.25,-25.25,5.3129663
149.5,-25.25,5.32116
149.75,-25.25,5.325537
150.0,-25.25,5.422141
150.25,-25.25,5.577383
150.5,-25.25,5.658168
150.75,-25.25,5.427819
151.0,-25.25,5.1569924
151.25,-25.25,5.1359134
151.5,-25.25,5.131808
151.75,-25.25,4.8382154
152.0,-25.25,4.85331
152.25,-25.25,5.063761
152.5,-25.25,5.2938337
114.0,-25.5,9.010621
114.25,-25.5,8.43673
114.5,-25.5,8.144075
114.75,-25.5,8.066441
115.0,-25.5,8.101078
115.25,-25.5,8.155031
115.5,-25.5,8.0417595
115.75,-25.5,7.663278
116.0,-25.5,7.5715985
116.25,-25.5,7.661191
116.5,-25.5,7.7116537
116.75,-25.5,7.707001
117.0,-25.5,7.8792243
117.25,-25.5,7.9271207
117.5,-25.5,7.884374
117.75,-25.5,7.8541136
118.0,-25.5,7.8877954
118.25,-25.5,7.876667
118.5,-25.5,7.9153104
118.75,-25.5,7.892572
119.0,-25.5,7.8541803
119.25,-25.5,7.8773036
119.5,-25.5,7.8744764
119.75,-25.5,7.7829967
120.0,-25.5,7.6633525
120.25,-25.5,7.6642175
120.5,-25.5,7.6804156
120.75,-25.5,7.6326146
121.0,-25.5,7.646226
121.25,-25.5,7.676561
121.5,-25.5,7.758039
121.75,-25.5,7.7173867
122.0,-25.5,7.683517
122.25,-25.5,7.7448287
122.5,-25.5,7.756018
122.75,-25.5,7.7807713
123.0,-25.5,7.7830353
123.25,-25.5,7.9466243
123.5,-25.5,8.017208
123.75,-25.5,7.9933896
124.0,-25.5,7.9971256
124.25,-25.5,7.9766626
124.5,-25.5,7.930152
124.75,-25.5,7.924301
125.0,-25.5,7.941476
125.25,-25.5,7.8576136
125.5,-25.5,7.7207646
125.75,-25.5,7.7471137
126.0,-25.5,8.077228
126.25,-25.5,8.038192
126.5,-25.5,7.5937486
126.75,-25.5,7.1500225
127.0,-25.5,7.045469
127.25,-25.5,7.161346
127.5,-25.5,7.1467404
127.75,-25.5,7.276469
128.0,-25.5,7.4098396
128.25,-25.5,7.428299
128.5,-25.5,7.490373
128.75,-25.5,7.700992
129.0,-25.5,7.8862886
129.25,-25.5,7.845558
129.5,-25.5,7.7893095
129.75,-25.5,7.7120075
130.0,-25.5,7.6566596
130.25,-25.5,7.5552344
130.5,-25.5,7.6666784
130.75,-25.5,7.673543
131.0,-25.5,7.6770644
131.25,-25.5,7.702748
131.5,-25.5,7.712073
131.75,-25.5,7.7152057
132.0,-25.5,7.543919
132.25,-25.5,7.257471
132.5,-25.5,7.450047
132.75,-25.5,7.6358523
133.0,-25.5,7.745276
133.25,-25.5,7.7214165
133.5,-25.5,7.6734653
133.75,-25.5,7.35728
134.0,-25.5,7.124589
134.25,-25.5,7.062517
134.5,-25.5,7.088639
134.75,-25.5,7.032643
135.0,-25.5,6.8001814
135.25,-25.5,6.7676663
135.5,-25.5,6.831372
135.75,-25.5,6.942159
136.0,-25.5,7.0821743
136.25,-25.5,7.2516146
136.5,-25.5,7.4378986
136.75,-25.5,7.3891187
137.0,-25.5,7.3132896
137.25,-25.5,7.267971
137.5,-25.5,7.2617626
137.75,-25.5,7.285818
138.0,-25.5,7.235985
138.25,-25.5,7.0416627
138.5,-25.5,7.018574
138.75,-25.5,7.033457
139.0,-25.5,7.0700736
139.25,-25.5,7.052871
139.5,-25.5,7.040619
139.75,-25.5,7.007602
140.0,-25.5,6.9343657
140.25,-25.5,6.9200883
140.5,-25.5,6.8772116
140.75,-25.5,6.9194164
141.0,-25.5,6.9383183
141.25,-25.5,6.8728056
141.5,-25.5,6.838186
141.75,-25.5,6.788106
142.0,-25.5,6.694184
142.25,-25.5,6.5101905
142.5,-25.5,6.589994
142.75,-25.5,6.680719
143.0,-25.5,6.7490053
143.25,-25.5,6.887499
143.5,-25.5,7.0869226
143.75,-25.5,7.242925
144.0,-25.5,7.0729117
144.25,-25.5,6.7447305
144.5,-25.5,6.5292606
144.75,-25.5,6.3809505
145.0,-25.5,6.3728247
145.25,-25.5,6.572509
145.5,-25.5,6.4393196
145.75,-25.5,6.309785
146.0,-25.5,6.3716393
146.25,-25.5,6.3461447
146.5,-25.5,6.1693916
146.75,-25.5,6.070129
147.0,-25.5,5.8643026
147.25,-25.5,5.783901
147.5,-25.5,5.564553
147.75,-25.5,5.399496
148.0,-25.5,5.385768
148.25,-25.5,5.3584633
148.5,-25.5,5.3376484
148.75,-25.5,5.3222566
149.0,-25.5,5.359049
149.25,-25.5,5.3080525
149.5,-25.5,5.2595305
149.75,-25.5,5.4103637
150.0,-25.5,5.627086
150.25,-25.5,5.730669
150.5,-25.5,5.687321
150.75,-25.5,5.4240746
151.0,-25.5,5.146151
151.25,-25.5,5.0348415
151.5,-25.5,5.0178614
151.75,-25.5,4.837318
152.0,-25.5,4.8490434
152.25,-25.5,4.948146
152.5,-25.5,5.0996113
152.75,-25.5,5.255795
153.0,-25.5,5.8518395
114.25,-25.75,8.549402
114.5,-25.75,8.208486
114.75,-25.75,8.137253
115.0,-25.75,8.177632
115.25,-25.75,8.198839
115.5,-25.75,8.099227
115.75,-25.75,7.7738457
116.0,-25.75,7.790508
116.25,-25.75,7.8745785
116.5,-25.75,7.8566566
116.75,-25.75,7.7907195
117.0,-25.75,7.84157
117.25,-25.75,7.7825537
117.5,-25.75,7.724425
117.75,-25.75,7.726409
118.0,-25.75,7.7598743
118.25,-25.75,7.8406
118.5,-25.75,7.9102945
118.75,-25.75,7.918029
119.0,-25.75,7.9744983
119.25,-25.75,7.9908147
119.5,-25.75,7.9351315
119.75,-25.75,7.762769
120.0,-25.75,7.7203794
120.25,-25.75,7.7826753
120.5,-25.75,7.755609
120.75,-25.75,7.7263956
121.0,-25.75,7.756909
121.25,-25.75,7.805357
121.5,-25.75,7.7416286
121.75,-25.75,7.6425176
122.0,-25.75,7.6451907
122.25,-25.75,7.7172546
122.5,-25.75,7.8330007
122.75,-25.75,7.8890915
123.0,-25.75,7.9177575
123.25,-25.75,8.025238
123.5,-25.75,8.05656
123.75,-25.75,8.036533
124.0,-25.75,8.003074
124.25,-25.75,7.996944
124.5,-25.75,7.9134955
124.75,-25.75,7.8930936
125.0,-25.75,7.9598126
125.25,-25.75,7.863318
125.5,-25.75,7.752438
125.75,-25.75,7.718958
126.0,-25.75,7.9282665
126.25,-25.75,7.871837
126.5,-25.75,7.5229287
126.75,-25.75,7.3906837
127.0,-25.75,7.283117
127.25,-25.75,7.264755
127.5,-25.75,7.275461
127.75,-25.75,7.356009
128.0,-25.75,7.3129187
128.25,-25.75,7.2947555
128.5,-25.75,7.2892447
128.75,-25.75,7.3434906
129.0,-25.75,7.6869936
129.25,-25.75,7.6750283
129.5,-25.75,7.514873
129.75,-25.75,7.375882
130.0,-25.75,7.3272433
130.25,-25.75,7.3208737
130.5,-25.75,7.5727086
130.75,-25.75,7.6314573
131.0,-25.75,7.5694246
131.25,-25.75,7.5553055
131.5,-25.75,7.6202435
131.75,-25.75,7.6301923
132.0,-25.75,7.5375247
132.25,-25.75,7.3992257
132.5,-25.75,7.6025205
132.75,-25.75,7.7981663
133.0,-25.75,7.9063535
133.25,-25.75,7.8742337
133.5,-25.75,7.7468514
133.75,-25.75,7.435803
134.0,-25.75,7.270418
134.25,-25.75,7.12447
134.5,-25.75,6.98812
134.75,-25.75,6.8340774
135.0,-25.75,6.8381143
135.25,-25.75,6.922538
135.5,-25.75,6.873505
135.75,-25.75,6.86442
136.0,-25.75,6.9364586
136.25,-25.75,7.1105995
136.5,-25.75,7.317519
136.75,-25.75,7.24539
137.0,-25.75,7.1010823
137.25,-25.75,7.008124
137.5,-25.75,7.008644
137.75,-25.75,7.0074286
138.0,-25.75,7.0276856
138.25,-25.75,6.996502
138.5,-25.75,6.961067
138.75,-25.75,6.938758
139.0,-25.75,6.925013
139.25,-25.75,6.9472895
139.5,-25.75,6.95677
139.75,-25.75,6.9669523
140.0,-25.75,6.976641
140.25,-25.75,6.9574733
140.5,-25.75,6.9959483
140.75,-25.75,7.036343
141.0,-25.75,7.0378976
141.25,-25.75,6.9693565
141.5,-25.75,6.837208
141.75,-25.75,6.701177
142.0,-25.75,6.5706825
142.25,-25.75,6.5820932
142.5,-25.75,6.71884
142.75,-25.75,6.7753477
143.0,-25.75,6.7885957
143.25,-25.75,6.8594847
143.5,-25.75,6.9581776
143.75,-25.75,7.0621085
144.0,-25.75,7.1491013
144.25,-25.75,7.0648084
144.5,-25.75,6.8460536
144.75,-25.75,6.653512
145.0,-25.75,6.512865
145.25,-25.75,6.469033
145.5,-25.75,6.3662677
145.75,-25.75,6.194636
146.0,-25.75,6.1451406
146.25,-25.75,6.1145525
146.5,-25.75,6.145401
146.75,-25.75,6.106722
147.0,-25.75,6.0383506
147.25,-25.75,5.8773494
147.5,-25.75,5.5542154
147.75,-25.75,5.361341
148.0,-25.75,5.348764
148.25,-25.75,5.486485
148.5,-25.75,5.566795
148.75,-25.75,5.4584436
149.0,-25.75,5.348268
149.25,-25.75,5.295858
149.5,-25.75,5.3735795
149.75,-25.75,5.578405
150.0,-25.75,5.90836
150.25,-25.75,5.949217
150.5,-25.75,5.8010716
150.75,-25.75,5.5793653
151.0,-25.75,5.2894797
151.25,-25.75,5.1391807
151.5,-25.75,5.0704484
151.75,-25.75,4.973593
152.0,-25.75,4.8439436
152.25,-25.75,4.8340497
152.5,-25.75,4.903719
152.75,-25.75,4.9881353
114.25,-26.0,8.55301
114.5,-26.0,8.231711
114.75,-26.0,8.189526
115.0,-26.0,8.255148
115.25,-26.0,8.248137
115.5,-26.0,8.1807575
115.75,-26.0,8.000345
116.0,-26.0,7.993993
116.25,-26.0,7.991286
116.5,-26.0,7.888745
116.75,-26.0,7.7441607
117.0,-26.0,7.735463
117.25,-26.0,7.7339087
117.5,-26.0,7.755566
117.75,-26.0,7.7380533
118.0,-26.0,7.728334
118.25,-26.0,7.798531
118.5,-26.0,7.864818
118.75,-26.0,7.8256054
119.0,-26.0,7.9185023
119.25,-26.0,8.00848
119.5,-26.0,8.000318
119.75,-26.0,7.915736
120.0,-26.0,7.951628
120.25,-26.0,8.004926
120.5,-26.0,7.896056
120.75,-26.0,7.790404
121.0,-26.0,7.761442
121.25,-26.0,7.793996
121.5,-26.0,7.814182
121.75,-26.0,7.7263594
122.0,-26.0,7.686422
122.25,-26.0,7.762064
122.5,-26.0,7.892767
122.75,-26.0,7.9913025
123.0,-26.0,8.008219
123.25,-26.0,8.090796
123.5,-26.0,8.109338
123.75,-26.0,8.068372
124.0,-26.0,7.9961004
124.25,-26.0,7.9274993
124.5,-26.0,7.8864956
124.75,-26.0,7.953158
125.0,-26.0,8.036854
125.25,-26.0,8.092521
125.5,-26.0,8.06824
125.75,-26.0,7.9211335
126.0,-26.0,7.6149793
126.25,-26.0,7.4276447
126.5,-26.0,7.5675116
126.75,-26.0,7.6758966
127.0,-26.0,7.619009
127.25,-26.0,7.4845414
127.5,-26.0,7.570979
127.75,-26.0,7.470491
128.0,-26.0,7.303919
128.25,-26.0,7.181236
128.5,-26.0,7.1171236
128.75,-26.0,7.2145777
129.0,-26.0,7.7637205
129.25,-26.0,7.6020427
129.5,-26.0,7.0688696
129.75,-26.0,6.7314835
130.0,-26.0,6.558769
130.25,-26.0,6.5267954
130.5,-26.0,7.1864314
130.75,-26.0,7.5497894
131.0,-26.0,7.3467298
131.25,-26.0,7.247441
131.5,-26.0,7.2901807
131.75,-26.0,7.31594
132.0,-26.0,7.3493595
132.25,-26.0,7.580213
132.5,-26.0,7.7828016
132.75,-26.0,7.843195
133.0,-26.0,7.82977
133.25,-26.0,7.7942433
133.5,-26.0,7.6606765
133.75,-26.0,7.3889413
134.0,-26.0,7.201655
134.25,-26.0,7.03517
134.5,-26.0,6.890697
134.75,-26.0,6.816961
135.0,-26.0,6.858164
135.25,-26.0,6.9045496
135.5,-26.0,6.8816204
135.75,-26.0,6.8632984
136.0,-26.0,6.8983903
136.25,-26.0,6.994401
136.5,-26.0,7.1517982
136.75,-26.0,7.0747666
137.0,-26.0,6.942827
137.25,-26.0,6.884938
137.5,-26.0,6.8801327
137.75,-26.0,6.888689
138.0,-26.0,6.93567
138.25,-26.0,6.9485483
138.5,-26.0,6.925498
138.75,-26.0,6.8783364
139.0,-26.0,6.858513
139.25,-26.0,6.8824787
139.5,-26.0,6.916174
139.75,-26.0,6.9698544
140.0,-26.0,7.0012264
140.25,-26.0,7.045873
140.5,-26.0,7.0982265
140.75,-26.0,7.1204376
141.0,-26.0,7.0039845
141.25,-26.0,6.909636
141.5,-26.0,6.7932024
141.75,-26.0,6.6680183
142.0,-26.0,6.6226964
142.25,-26.0,6.7058363
142.5,-26.0,6.887086
142.75,-26.0,6.8550124
143.0,-26.0,6.775754
143.25,-26.0,6.7330756
143.5,-26.0,6.74655
143.75,-26.0,6.835867
144.0,-26.0,7.040043
144.25,-26.0,7.1105285
144.5,-26.0,7.095833
144.75,-26.0,6.9568214
145.0,-26.0,6.7071867
145.25,-26.0,6.4246235
145.5,-26.0,6.253515
145.75,-26.0,6.14253
146.0,-26.0,6.0671706
146.25,-26.0,6.098359
146.5,-26.0,6.1727066
146.75,-26.0,6.2096024
147.0,-26.0,6.2175956
147.25,-26.0,6.0536747
147.5,-26.0,5.7061048
147.75,-26.0,5.530022
148.0,-26.0,5.5485244
148.25,-26.0,5.651074
148.5,-26.0,5.7204046
148.75,-26.0,5.701277
149.0,-26.0,5.5964565
149.25,-26.0,5.5738482
149.5,-26.0,5.6480155
149.75,-26.0,5.7819977
150.0,-26.0,5.9659066
150.25,-26.0,5.913858
150.5,-26.0,5.8147426
150.75,-26.0,5.7316074
151.0,-26.0,5.6630206
151.25,-26.0,5.541529
151.5,-26.0,5.3407884
151.75,-26.0,5.249055
152.0,-26.0,4.97045
152.25,-26.0,4.7105184
152.5,-26.0,4.679496
152.75,-26.0,4.9093294
153.0,-26.0,5.4384317
114.25,-26.25,8.33078
114.5,-26.25,8.123084
114.75,-26.25,8.166353
115.0,-26.25,8.312509
115.25,-26.25,8.326088
115.5,-26.25,8.216934
115.75,-26.25,8.123258
116.0,-26.25,8.061213
116.25,-26.25,8.001667
116.5,-26.25,7.8916926
116.75,-26.25,7.8208222
117.0,-26.25,7.896614
117.25,-26.25,7.9659214
117.5,-26.25,7.990916
117.75,-26.25,7.909071
118.0,-26.25,7.8200164
118.25,-26.25,7.843338
118.5,-26.25,7.9100957
118.75,-26.25,7.86254
119.0,-26.25,7.9215446
119.25,-26.25,7.944642
119.5,-26.25,7.885132
119.75,-26.25,7.7971687
120.0,-26.25,7.8361373
120.25,-26.25,7.8811665
120.5,-26.25,7.874012
120.75,-26.25,7.8215213
121.0,-26.25,7.797115
121.25,-26.25,7.7874713
121.5,-26.25,7.8139653
121.75,-26.25,7.788776
122.0,-26.25,7.765443
122.25,-26.25,7.8485875
122.5,-26.25,7.9474
122.75,-26.25,7.9826264
123.0,-26.25,7.97732
123.25,-26.25,8.080123
123.5,-26.25,8.068215
123.75,-26.25,7.9677086
124.0,-26.25,7.8529253
124.25,-26.25,7.792612
124.5,-26.25,7.930829
124.75,-26.25,8.127489
125.0,-26.25,8.186233
125.25,-26.25,8.224039
125.5,-26.25,8.217423
125.75,-26.25,8.124406
126.0,-26.25,7.652922
126.25,-26.25,7.1682935
126.5,-26.25,7.17508
126.75,-26.25,7.196302
127.0,-26.25,7.1267953
127.25,-26.25,7.086568
127.5,-26.25,7.2691374
127.75,-26.25,7.3186865
128.0,-26.25,7.3552823
128.25,-26.25,7.239248
128.5,-26.25,7.026076
128.75,-26.25,6.979064
129.0,-26.25,7.483295
129.25,-26.25,7.4096847
129.5,-26.25,7.0900226
129.75,-26.25,6.896378
130.0,-26.25,6.8493533
130.25,-26.25,6.818688
130.5,-26.25,7.1501074
130.75,-26.25,7.3852305
131.0,-26.25,7.1482244
131.25,-26.25,6.853762
131.5,-26.25,6.6363134
131.75,-26.25,6.457453
132.0,-26.25,6.6036644
132.25,-26.25,7.2277536
132.5,-26.25,7.556034
132.75,-26.25,7.5540943
133.0,-26.25,7.460679
133.25,-26.25,7.4343953
133.5,-26.25,7.441151
133.75,-26.25,7.4032807
134.0,-26.25,7.2344832
134.25,-26.25,7.062695
134.5,-26.25,6.9263644
134.75,-26.25,6.916839
135.0,-26.25,6.941681
135.25,-26.25,6.9092336
135.5,-26.25,6.84507
135.75,-26.25,6.794939
136.0,-26.25,6.809947
136.25,-26.25,6.8780975
136.5,-26.25,6.966859
136.75,-26.25,6.92254
137.0,-26.25,6.8506045
137.25,-26.25,6.8321323
137.5,-26.25,6.830917
137.75,-26.25,6.8648515
138.0,-26.25,6.914001
138.25,-26.25,6.914727
138.5,-26.25,6.9179983
138.75,-26.25,6.8781085
139.0,-26.25,6.85929
139.25,-26.25,6.871944
139.5,-26.25,6.9183655
139.75,-26.25,6.9341955
140.0,-26.25,6.935147
140.25,-26.25,7.01356
140.5,-26.25,7.1104183
140.75,-26.25,7.170853
141.0,-26.25,6.9944468
141.25,-26.25,6.83922
141.5,-26.25,6.752655
141.75,-26.25,6.6606145
142.0,-26.25,6.6584616
142.25,-26.25,6.754245
142.5,-26.25,6.941393
142.75,-26.25,6.9257874
143.0,-26.25,6.7524667
143.25,-26.25,6.621244
143.5,-26.25,6.64396
143.75,-26.25,6.897841
144.0,-26.25,7.188985
144.25,-26.25,7.158141
144.5,-26.25,7.1685386
144.75,-26.25,7.097178
145.0,-26.25,6.859158
145.25,-26.25,6.45772
145.5,-26.25,6.253152
145.75,-26.25,6.1601233
146.0,-26.25,6.076823
146.25,-26.25,6.1627893
146.5,-26.25,6.2720213
146.75,-26.25,6.2971435
147.0,-26.25,6.238837
147.25,-26.25,6.1130667
147.5,-26.25,5.8177357
147.75,-26.25,5.633713
148.0,-26.25,5.683355
148.25,-26.25,5.8673058
148.5,-26.25,5.9695945
148.75,-26.25,5.9753165
149.0,-26.25,5.9663935
149.25,-26.25,5.946817
149.5,-26.25,5.924195
149.75,-26.25,5.91651
150.0,-26.25,5.9298244
150.25,-26.25,5.7572412
150.5,-26.25,5.7598605
150.75,-26.25,5.7755094
151.0,-26.25,5.832218
151.25,-26.25,5.793585
151.5,-26.25,5.6282544
151.75,-26.25,5.4305835
152.0,-26.25,5.180358
152.25,-26.25,4.8796444
152.5,-26.25,4.6690984
152.75,-26.25,4.681317
153.0,-26.25,5.1731987
113.5,-26.5,9.820387
114.0,-26.5,8.384807
114.25,-26.5,7.8015523
114.5,-26.5,7.6518817
114.75,-26.5,7.8927503
115.0,-26.5,8.126707
115.25,-26.5,8.301099
115.5,-26.5,8.163478
115.75,-26.5,8.127005
116.0,-26.5,8.036546
116.25,-26.5,7.9497237
116.5,-26.5,7.9187174
116.75,-26.5,7.9213305
117.0,-26.5,8.055029
117.25,-26.5,8.077586
117.5,-26.5,8.061295
117.75,-26.5,7.93964
118.0,-26.5,7.8068194
118.25,-26.5,7.789464
118.5,-26.5,7.9151325
118.75,-26.5,7.9483557
119.0,-26.5,7.972571
119.25,-26.5,7.9259577
119.5,-26.5,7.802923
119.75,-26.5,7.713612
120.0,-26.5,7.6849866
120.25,-26.5,7.7153554
120.5,-26.5,7.775778
120.75,-26.5,7.839109
121.0,-26.5,7.817516
121.25,-26.5,7.8231606
121.5,-26.5,7.864184
121.75,-26.5,7.8540387
122.0,-26.5,7.883939
122.25,-26.5,7.927697
122.5,-26.5,7.9700503
122.75,-26.5,7.9634495
123.0,-26.5,7.9563007
123.25,-26.5,8.028431
123.5,-26.5,8.013905
123.75,-26.5,7.9463296
124.0,-26.5,7.8333993
124.25,-26.5,7.8624296
124.5,-26.5,8.056096
124.75,-26.5,8.177269
125.0,-26.5,8.188258
125.25,-26.5,8.161134
125.5,-26.5,8.101004
125.75,-26.5,7.9637623
126.0,-26.5,7.6163077
126.25,-26.5,7.2468305
126.5,-26.5,7.2148585
126.75,-26.5,7.054874
127.0,-26.5,6.8588104
127.25,-26.5,6.7329288
127.5,-26.5,6.8421655
127.75,-26.5,6.950032
128.0,-26.5,7.188295
128.25,-26.5,7.0582433
128.5,-26.5,6.801454
128.75,-26.5,6.7284603
129.0,-26.5,6.9963655
129.25,-26.5,7.0532126
129.5,-26.5,6.9237533
129.75,-26.5,6.961093
130.0,-26.5,6.9209313
130.25,-26.5,6.8354177
130.5,-26.5,6.8337946
130.75,-26.5,6.926816
131.0,-26.5,6.9296727
131.25,-26.5,6.7454424
131.5,-26.5,6.772803
131.75,-26.5,6.7985697
132.0,-26.5,6.9724345
132.25,-26.5,7.2756743
132.5,-26.5,7.48841
132.75,-26.5,7.445077
133.0,-26.5,7.3426933
133.25,-26.5,7.3407736
133.5,-26.5,7.290492
133.75,-26.5,7.1634746
134.0,-26.5,7.0929337
134.25,-26.5,7.0152087
134.5,-26.5,7.0531893
134.75,-26.5,7.0070324
135.0,-26.5,6.889985
135.25,-26.5,6.9144707
135.5,-26.5,6.831826
135.75,-26.5,6.754854
136.0,-26.5,6.7205834
136.25,-26.5,6.795552
136.5,-26.5,6.8666277
136.75,-26.5,6.8399634
137.0,-26.5,6.807941
137.25,-26.5,6.7590337
137.5,-26.5,6.773877
137.75,-26.5,6.805102
138.0,-26.5,6.867849
138.25,-26.5,6.897276
138.5,-26.5,6.883722
138.75,-26.5,6.8616214
139.0,-26.5,6.823182
139.25,-26.5,6.84319
139.5,-26.5,6.883201
139.75,-26.5,6.876636
140.0,-26.5,6.862473
140.25,-26.5,6.8849173
140.5,-26.5,6.948274
140.75,-26.5,6.969198
141.0,-26.5,6.9381886
141.25,-26.5,6.9328427
141.5,-26.5,6.8320975
141.75,-26.5,6.725962
142.0,-26.5,6.6653576
142.25,-26.5,6.728157
142.5,-26.5,6.876463
142.75,-26.5,6.8947906
143.0,-26.5,6.7748375
143.25,-26.5,6.624107
143.5,-26.5,6.699735
143.75,-26.5,6.976424
144.0,-26.5,7.2281556
144.25,-26.5,7.1217217
144.5,-26.5,7.1325393
144.75,-26.5,7.1087766
145.0,-26.5,6.8443627
145.25,-26.5,6.4357786
145.5,-26.5,6.269211
145.75,-26.5,6.192023
146.0,-26.5,6.1431317
146.25,-26.5,6.1817393
146.5,-26.5,6.3063927
146.75,-26.5,6.3447666
147.0,-26.5,6.278904
147.25,-26.5,6.14136
147.5,-26.5,5.9345107
147.75,-26.5,5.820127
148.0,-26.5,5.827225
148.25,-26.5,5.966162
148.5,-26.5,6.044452
148.75,-26.5,6.0386643
149.0,-26.5,6.094279
149.25,-26.5,6.045857
149.5,-26.5,6.0043917
149.75,-26.5,5.984093
150.0,-26.5,5.9367948
150.25,-26.5,5.7287455
150.5,-26.5,5.7205553
150.75,-26.5,5.8191414
151.0,-26.5,5.878578
151.25,-26.5,6.003745
151.5,-26.5,5.886774
151.75,-26.5,5.540761
152.0,-26.5,5.2695813
152.25,-26.5,4.985316
152.5,-26.5,4.6486144
152.75,-26.5,4.4534483
153.0,-26.5,4.9704404
113.75,-26.75,9.340576
114.0,-26.75,8.075249
114.25,-26.75,7.5983744
114.5,-26.75,7.3895206
114.75,-26.75,7.556659
115.0,-26.75,7.8387103
115.25,-26.75,8.078421
115.5,-26.75,8.142586
115.75,-26.75,8.1543045
116.0,-26.75,8.020827
116.25,-26.75,7.9482403
116.5,-26.75,7.9109225
116.75,-26.75,8.025207
117.0,-26.75,8.127188
117.25,-26.75,8.102012
117.5,-26.75,8.0636635
117.75,-26.75,7.9186015
118.0,-26.75,7.7997494
118.25,-26.75,7.755617
118.5,-26.75,7.836574
118.75,-26.75,7.8551636
119.0,-26.75,7.8253603
119.25,-26.75,7.721496
119.5,-26.75,7.5805397
119.75,-26.75,7.667072
120.0,-26.75,7.7025023
120.25,-26.75,7.709284
120.5,-26.75,7.76573
120.75,-26.75,7.7913837
121.0,-26.75,7.838207
121.25,-26.75,7.9040036
121.5,-26.75,8.062498
121.75,-26.75,8.023309
122.0,-26.75,7.957261
122.25,-26.75,7.835994
122.5,-26.75,7.805002
122.75,-26.75,7.7870975
123.0,-26.75,7.7804255
123.25,-26.75,7.804122
123.5,-26.75,7.9584146
123.75,-26.75,7.916566
124.0,-26.75,7.9243665
124.25,-26.75,7.8820405
124.5,-26.75,8.045774
124.75,-26.75,8.162926
125.0,-26.75,8.119631
125.25,-26.75,8.049819
125.5,-26.75,7.9595494
125.75,-26.75,7.873562
126.0,-26.75,7.5649095
126.25,-26.75,7.2924657
126.5,-26.75,7.4371247
126.75,-26.75,7.261745
127.0,-26.75,6.969728
127.25,-26.75,6.7711706
127.5,-26.75,6.686965
127.75,-26.75,6.7746825
128.0,-26.75,6.977785
128.25,-26.75,6.946332
128.5,-26.75,6.677539
128.75,-26.75,6.67524
129.0,-26.75,6.903439
129.25,-26.75,6.995656
129.5,-26.75,7.036591
129.75,-26.75,7.015134
130.0,-26.75,6.9484286
130.25,-26.75,6.843578
130.5,-26.75,6.7056646
130.75,-26.75,6.7020717
131.0,-26.75,6.7137127
131.25,-26.75,6.811572
131.5,-26.75,6.8573003
131.75,-26.75,7.0870605
132.0,-26.75,7.237493
132.25,-26.75,7.4911265
132.5,-26.75,7.5640783
132.75,-26.75,7.47297
133.0,-26.75,7.35264
133.25,-26.75,7.3393
133.5,-26.75,7.2135773
133.75,-26.75,6.909961
134.0,-26.75,6.817748
134.25,-26.75,6.986051
134.5,-26.75,7.0358562
134.75,-26.75,6.995995
135.0,-26.75,6.8243103
135.25,-26.75,6.8794117
135.5,-26.75,6.8209124
135.75,-26.75,6.6951356
136.0,-26.75,6.654397
136.25,-26.75,6.714125
136.5,-26.75,6.8038077
136.75,-26.75,6.8024344
137.0,-26.75,6.7410793
137.25,-26.75,6.7360296
137.5,-26.75,6.7235312
137.75,-26.75,6.764487
138.0,-26.75,6.818011
138.25,-26.75,6.8594813
138.5,-26.75,6.875367
138.75,-26.75,6.8271255
139.0,-26.75,6.831421
139.25,-26.75,6.8460703
139.5,-26.75,6.8783817
139.75,-26.75,6.86814
140.0,-26.75,6.808754
140.25,-26.75,6.7465434
140.5,-26.75,6.74524
140.75,-26.75,6.7720447
141.0,-26.75,6.843755
141.25,-26.75,6.9532914
141.5,-26.75,6.920054
141.75,-26.75,6.7605805
142.0,-26.75,6.6514587
142.25,-26.75,6.6960177
142.5,-26.75,6.839449
142.75,-26.75,6.854731
143.0,-26.75,6.735683
143.25,-26.75,6.7694426
143.5,-26.75,6.8529058
143.75,-26.75,7.131095
144.0,-26.75,7.230959
144.25,-26.75,7.0806694
144.5,-26.75,7.168159
144.75,-26.75,7.100129
145.0,-26.75,6.8254304
145.25,-26.75,6.382869
145.5,-26.75,6.2348094
145.75,-26.75,6.190835
146.0,-26.75,6.134453
146.25,-26.75,6.196232
146.5,-26.75,6.263542
146.75,-26.75,6.3198247
147.0,-26.75,6.259969
147.25,-26.75,6.112795
147.5,-26.75,6.08015
147.75,-26.75,5.9588633
148.0,-26.75,5.984842
148.25,-26.75,6.0486393
148.5,-26.75,6.1225686
148.75,-26.75,6.110693
149.0,-26.75,6.055711
149.25,-26.75,5.9496737
149.5,-26.75,5.8704224
149.75,-26.75,5.965725
150.0,-26.75,5.9589257
150.25,-26.75,5.8484674
150.5,-26.75,5.9188304
150.75,-26.75,5.9819865
151.0,-26.75,6.16009
151.25,-26.75,6.239308
151.5,-26.75,6.019168
151.75,-26.75,5.556002
152.0,-26.75,5.113034
152.25,-26.75,4.7126923
152.5,-26.75,4.3480363
152.75,-26.75,4.2247367
153.0,-26.75,4.8710475
114.0,-27.0,8.010932
114.25,-27.0,7.6607146
114.5,-27.0,7.4426208
114.75,-27.0,7.246642
115.0,-27.0,7.467247
115.25,-27.0,7.745074
115.5,-27.0,8.008318
115.75,-27.0,8.061742
116.0,-27.0,8.0061245
116.25,-27.0,7.898398
116.5,-27.0,7.9704494
116.75,-27.0,8.052974
117.0,-27.0,8.081737
117.25,-27.0,8.020224
117.5,-27.0,7.940966
117.75,-27.0,7.89398
118.0,-27.0,7.737125
118.25,-27.0,7.7907286
118.5,-27.0,7.823534
118.75,-27.0,7.7947116
119.0,-27.0,7.79843
119.25,-27.0,7.6679153
119.5,-27.0,7.644435
119.75,-27.0,7.6960692
120.0,-27.0,7.7816515
120.25,-27.0,7.8000965
120.5,-27.0,7.811418
120.75,-27.0,7.784066
121.0,-27.0,7.798053
121.25,-27.0,7.9681954
121.5,-27.0,8.163977
121.75,-27.0,8.091345
122.0,-27.0,7.803463
122.25,-27.0,7.617393
122.5,-27.0,7.371467
122.75,-27.0,7.313
123.0,-27.0,7.3250003
123.25,-27.0,7.3734584
123.5,-27.0,7.5147815
123.75,-27.0,7.7634635
124.0,-27.0,7.7557974
124.25,-27.0,7.7409906
124.5,-27.0,7.8273273
124.75,-27.0,7.9750443
125.0,-27.0,8.0099745
125.25,-27.0,7.891678
125.5,-27.0,7.8051786
125.75,-27.0,7.7007565
126.0,-27.0,7.5672884
126.25,-27.0,7.375283
126.5,-27.0,7.3966527
126.75,-27.0,7.2403874
127.0,-27.0,6.918929
127.25,-27.0,6.7811103
127.5,-27.0,6.6543946
127.75,-27.0,6.7740374
128.0,-27.0,7.027302
128.25,-27.0,6.948239
128.5,-27.0,6.697985
128.75,-27.0,6.6138816
129.0,-27.0,6.8451715
129.25,-27.0,7.030923
129.5,-27.0,7.0455236
129.75,-27.0,7.1319637
130.0,-27.0,7.04937
130.25,-27.0,7.0155582
130.5,-27.0,6.8155065
130.75,-27.0,6.7319717
131.0,-27.0,6.7478967
131.25,-27.0,6.796735
131.5,-27.0,6.8278446
131.75,-27.0,6.9655004
132.0,-27.0,7.074774
132.25,-27.0,7.4079013
132.5,-27.0,7.429709
132.75,-27.0,7.26462
133.0,-27.0,7.107136
133.25,-27.0,7.2912345
133.5,-27.0,7.2366943
133.75,-27.0,7.078328
134.0,-27.0,7.071349
134.25,-27.0,7.1475453
134.5,-27.0,7.077233
134.75,-27.0,7.0023394
135.0,-27.0,6.906515
135.25,-27.0,6.9543166
135.5,-27.0,6.8479156
135.75,-27.0,6.7462215
136.0,-27.0,6.662374
136.25,-27.0,6.6978583
136.5,-27.0,6.737368
136.75,-27.0,6.7312317
137.0,-27.0,6.7393394
137.25,-27.0,6.6899266
137.5,-27.0,6.7054634
137.75,-27.0,6.712218
138.0,-27.0,6.78258
138.25,-27.0,6.832213
138.5,-27.0,6.8254905
138.75,-27.0,6.8960514
139.0,-27.0,6.8900332
139.25,-27.0,6.9319124
139.5,-27.0,6.9051538
139.75,-27.0,6.8530436
140.0,-27.0,6.820804
140.25,-27.0,6.7210517
140.5,-27.0,6.7256937
140.75,-27.0,6.743552
141.0,-27.0,6.874597
141.25,-27.0,6.9492955
141.5,-27.0,6.8636365
141.75,-27.0,6.7618074
142.0,-27.0,6.627929
142.25,-27.0,6.7525244
142.5,-27.0,6.857615
142.75,-27.0,6.8081193
143.0,-27.0,6.76785
143.25,-27.0,6.7731986
143.5,-27.0,7.0158267
143.75,-27.0,7.242941
144.0,-27.0,7.1835704
144.25,-27.0,7.0980964
144.5,-27.0,7.1535854
144.75,-27.0,7.0324397
145.0,-27.0,6.7054734
145.25,-27.0,6.364125
145.5,-27.0,6.2322764
145.75,-27.0,6.1566687
146.0,-27.0,6.131959
146.25,-27.0,6.140083
146.5,-27.0,6.1977057
146.75,-27.0,6.198349
147.0,-27.0,6.1518035
147.25,-27.0,6.104567
147.5,-27.0,6.0648127
147.75,-27.0,6.0612507
148.0,-27.0,6.0390773
148.25,-27.0,6.0432434
148.5,-27.0,6.077188
148.75,-27.0,6.0584974
149.0,-27.0,6.0632896
149.25,-27.0,5.9185815
149.5,-27.0,5.921857
149.75,-27.0,5.946168
150.0,-27.0,5.952133
150.25,-27.0,6.003991
150.5,-27.0,5.972903
150.75,-27.0,5.9907312
151.0,-27.0,6.1032376
151.25,-27.0,6.338507
151.5,-27.0,6.2592535
151.75,-27.0,5.8696556
152.0,-27.0,5.067215
152.25,-27.0,4.5848594
152.5,-27.0,4.213793
152.75,-27.0,4.138089
153.0,-27.0,4.9815245
114.0,-27.25,8.296672
114.25,-27.25,7.8263507
114.5,-27.25,7.575916
114.75,-27.25,7.3722134
115.0,-27.25,7.178023
115.25,-27.25,7.368616
115.5,-27.25,7.8908396
115.75,-27.25,8.036312
116.0,-27.25,7.9587216
116.25,-27.25,7.990274
116.5,-27.25,8.018452
116.75,-27.25,8.031233
117.0,-27.25,7.9967356
117.25,-27.25,7.917869
117.5,-27.25,7.8508024
117.75,-27.25,7.7540874
118.0,-27.25,7.7906637
118.25,-27.25,7.8422217
118.5,-27.25,7.9114027
118.75,-27.25,7.8489594
119.0,-27.25,7.813025
119.25,-27.25,7.804811
119.5,-27.25,7.737888
119.75,-27.25,7.755944
120.0,-27.25,7.790592
120.25,-27.25,7.8080106
120.5,-27.25,7.832638
120.75,-27.25,7.7777686
121.0,-27.25,7.774647
121.25,-27.25,7.884454
121.5,-27.25,8.058458
121.75,-27.25,8.011086
122.0,-27.25,7.6651573
122.25,-27.25,7.396026
122.5,-27.25,7.104064
122.75,-27.25,7.033927
123.0,-27.25,6.9826765
123.25,-27.25,7.0385113
123.5,-27.25,7.121005
123.75,-27.25,7.3340526
124.0,-27.25,7.4360805
124.25,-27.25,7.43716
124.5,-27.25,7.4650354
124.75,-27.25,7.6213555
125.0,-27.25,7.67442
125.25,-27.25,7.6815925
125.5,-27.25,7.5505495
125.75,-27.25,7.414861
126.0,-27.25,7.3891697
126.25,-27.25,7.3150296
126.5,-27.25,7.2413073
126.75,-27.25,7.04346
127.0,-27.25,6.822526
127.25,-27.25,6.66913
127.5,-27.25,6.590759
127.75,-27.25,6.842551
128.0,-27.25,7.0518975
128.25,-27.25,6.9595327
128.5,-27.25,6.668569
128.75,-27.25,6.5136447
129.0,-27.25,6.6975584
129.25,-27.25,6.899191
129.5,-27.25,7.007509
129.75,-27.25,7.0501328
130.0,-27.25,7.300656
130.25,-27.25,7.2712765
130.5,-27.25,7.026142
130.75,-27.25,6.7920885
131.0,-27.25,6.7486653
131.25,-27.25,6.791675
131.5,-27.25,6.7733355
131.75,-27.25,6.7852607
132.0,-27.25,6.7835317
132.25,-27.25,7.013804
132.5,-27.25,6.985495
132.75,-27.25,6.7822785
133.0,-27.25,6.9793825
133.25,-27.25,7.166877
133.5,-27.25,7.1718802
133.75,-27.25,7.3643017
134.0,-27.25,7.341278
134.25,-27.25,7.1830034
134.5,-27.25,7.0605917
134.75,-27.25,7.0079994
135.0,-27.25,6.9399977
135.25,-27.25,6.9435563
135.5,-27.25,6.954658
135.75,-27.25,6.792294
136.0,-27.25,6.738346
136.25,-27.25,6.70201
136.5,-27.25,6.6684103
136.75,-27.25,6.6786175
137.0,-27.25,6.6675024
137.25,-27.25,6.712971
137.5,-27.25,6.6800914
137.75,-27.25,6.70573
138.0,-27.25,6.774342
138.25,-27.25,6.7838492
138.5,-27.25,6.832175
138.75,-27.25,6.8618126
139.0,-27.25,6.937563
139.25,-27.25,6.9567375
139.5,-27.25,6.8639026
139.75,-27.25,6.82315
140.0,-27.25,6.772676
140.25,-27.25,6.794292
140.5,-27.25,6.7576528
140.75,-27.25,6.8470235
141.0,-27.25,6.9421034
141.25,-27.25,6.890255
141.5,-27.25,6.7366295
141.75,-27.25,6.5823827
142.0,-27.25,6.6728783
142.25,-27.25,6.7845345
142.5,-27.25,6.8406415
142.75,-27.25,6.7218246
143.0,-27.25,6.6800604
143.25,-27.25,6.851377
143.5,-27.25,7.0605736
143.75,-27.25,7.208128
144.0,-27.25,7.1335936
144.25,-27.25,7.1177287
144.5,-27.25,7.1885815
144.75,-27.25,7.031051
145.0,-27.25,6.642155
145.25,-27.25,6.2955503
145.5,-27.25,6.270059
145.75,-27.25,6.184842
146.0,-27.25,6.113698
146.25,-27.25,6.108503
146.5,-27.25,6.112817
146.75,-27.25,6.1041307
147.0,-27.25,6.0561323
147.25,-27.25,6.0598106
147.5,-27.25,6.0959234
147.75,-27.25,6.051446
148.0,-27.25,6.051778
148.25,-27.25,6.017896
148.5,-27.25,6.0404177
148.75,-27.25,6.028345
149.0,-27.25,6.0104885
149.25,-27.25,6.163019
149.5,-27.25,6.1090436
149.75,-27.25,6.1260686
150.0,-27.25,6.109735
150.25,-27.25,6.1956544
150.5,-27.25,6.0080357
150.75,-27.25,5.9639854
151.0,-27.25,5.982957
151.25,-27.25,6.187022
151.5,-27.25,6.3990493
151.75,-27.25,6.249057
152.0,-27.25,5.264659
152.25,-27.25,4.362715
152.5,-27.25,3.986712
152.75,-27.25,4.202439
153.0,-27.25,5.0474195
114.25,-27.5,7.979223
114.5,-27.5,7.7012568
114.75,-27.5,7.4990582
115.0,-27.5,7.29294
115.25,-27.5,7.3472285
115.5,-27.5,7.912906
115.75,-27.5,8.0620165
116.0,-27.5,8.078541
116.25,-27.5,8.066157
116.5,-27.5,8.124073
116.75,-27.5,8.073346
117.0,-27.5,8.026968
117.25,-27.5,7.970901
117.5,-27.5,7.8723536
117.75,-27.5,7.7867827
118.0,-27.5,7.782917
118.25,-27.5,7.839825
118.5,-27.5,7.9368863
118.75,-27.5,7.87215
119.0,-27.5,7.716782
119.25,-27.5,7.6742277
119.5,-27.5,7.805817
119.75,-27.5,7.7999144
120.0,-27.5,7.7524996
120.25,-27.5,7.793829
120.5,-27.5,7.8054395
120.75,-27.5,7.7874975
121.0,-27.5,7.7587543
121.25,-27.5,7.758251
121.5,-27.5,7.8798513
121.75,-27.5,7.8844576
122.0,-27.5,7.767842
122.25,-27.5,7.4535933
122.5,-27.5,7.3146234
122.75,-27.5,7.2185903
123.0,-27.5,6.950469
123.25,-27.5,6.922197
123.5,-27.5,6.9331274
123.75,-27.5,6.8586855
124.0,-27.5,6.908262
124.25,-27.5,7.100328
124.5,-27.5,7.1411004
124.75,-27.5,7.2427497
125.0,-27.5,7.447907
125.25,-27.5,7.4164443
125.5,-27.5,7.25237
125.75,-27.5,7.0133066
126.0,-27.5,7.04985
126.25,-27.5,7.2169356
126.5,-27.5,7.1110845
126.75,-27.5,7.034159
127.0,-27.5,6.7743087
127.25,-27.5,6.613749
127.5,-27.5,6.5406604
127.75,-27.5,6.822101
128.0,-27.5,6.9686446
128.25,-27.5,6.8452096
128.5,-27.5,6.6774483
128.75,-27.5,6.4884615
129.0,-27.5,6.6100216
129.25,-27.5,6.8109097
129.5,-27.5,6.899656
129.75,-27.5,7.0841813
130.0,-27.5,7.296915
130.25,-27.5,7.427941
130.5,-27.5,7.2175274
130.75,-27.5,6.8921695
131.0,-27.5,6.741819
131.25,-27.5,6.746001
131.5,-27.5,6.948101
131.75,-27.5,6.9384694
132.0,-27.5,6.735916
132.25,-27.5,6.6343336
132.5,-27.5,6.5875006
132.75,-27.5,6.681727
133.0,-27.5,6.8572154
133.25,-27.5,7.145381
133.5,-27.5,7.1351037
133.75,-27.5,7.3840375
134.0,-27.5,7.4251976
134.25,-27.5,7.2140136
134.5,-27.5,6.997187
134.75,-27.5,6.895613
135.0,-27.5,6.8222857
135.25,-27.5,6.829733
135.5,-27.5,6.8507648
135.75,-27.5,6.8627443
136.0,-27.5,6.750478
136.25,-27.5,6.67057
136.5,-27.5,6.6027074
136.75,-27.5,6.597046
137.0,-27.5,6.687338
137.25,-27.5,6.686893
137.5,-27.5,6.699169
137.75,-27.5,6.693796
138.0,-27.5,6.7656636
138.25,-27.5,6.7589455
138.5,-27.5,6.7872243
138.75,-27.5,6.8511844
139.0,-27.5,6.8941517
139.25,-27.5,6.8734164
139.5,-27.5,6.7702365
139.75,-27.5,6.7603025
140.0,-27.5,6.787306
140.25,-27.5,6.763844
140.5,-27.5,6.779662
140.75,-27.5,6.858234
141.0,-27.5,6.8969655
141.25,-27.5,6.7725725
141.5,-27.5,6.594397
141.75,-27.5,6.563805
142.0,-27.5,6.611934
142.25,-27.5,6.7325287
142.5,-27.5,6.760146
142.75,-27.5,6.643405
143.0,-27.5,6.7036815
143.25,-27.5,6.846238
143.5,-27.5,6.9566665
143.75,-27.5,7.0588565
144.0,-27.5,7.114238
144.25,-27.5,7.1593146
144.5,-27.5,7.188049
144.75,-27.5,7.009112
145.0,-27.5,6.580356
145.25,-27.5,6.2905836
145.5,-27.5,6.293355
145.75,-27.5,6.220555
146.0,-27.5,6.193515
146.25,-27.5,6.1329603
146.5,-27.5,6.1356688
146.75,-27.5,6.083336
147.0,-27.5,6.062403
147.25,-27.5,6.0502863
147.5,-27.5,6.05131
147.75,-27.5,6.1227555
148.0,-27.5,6.077583
148.25,-27.5,6.0798054
148.5,-27.5,6.0824313
148.75,-27.5,6.0272417
149.0,-27.5,6.0074444
149.25,-27.5,6.1033425
149.5,-27.5,6.3341126
149.75,-27.5,6.3396287
150.0,-27.5,6.3119845
150.25,-27.5,6.332351
150.5,-27.5,6.0628
150.75,-27.5,5.9572515
151.0,-27.5,5.9162474
151.25,-27.5,6.119442
151.5,-27.5,6.37873
151.75,-27.5,6.284086
152.0,-27.5,5.2160587
152.25,-27.5,4.2276382
152.5,-27.5,3.8630488
152.75,-27.5,4.1319914
153.0,-27.5,4.7929773
153.5,-27.5,7.2168655
114.25,-27.75,8.1705475
114.5,-27.75,7.6106687
114.75,-27.75,7.467376
115.0,-27.75,7.4564085
115.25,-27.75,7.5213656
115.5,-27.75,7.977155
115.75,-27.75,8.095809
116.0,-27.75,8.096849
116.25,-27.75,8.190213
116.5,-27.75,8.220272
116.75,-27.75,8.197321
117.0,-27.75,8.135797
117.25,-27.75,8.0853195
117.5,-27.75,8.014642
117.75,-27.75,7.92343
118.0,-27.75,7.8399405
118.25,-27.75,7.782095
118.5,-27.75,7.843969
118.75,-27.75,7.8912044
119.0,-27.75,7.720911
119.25,-27.75,7.6379814
119.5,-27.75,7.711091
119.75,-27.75,7.786783
120.0,-27.75,7.7050643
120.25,-27.75,7.7685046
120.5,-27.75,7.810947
120.75,-27.75,7.796684
121.0,-27.75,7.7346554
121.25,-27.75,7.701565
121.5,-27.75,7.783806
121.75,-27.75,7.936563
122.0,-27.75,7.928483
122.25,-27.75,7.837628
122.5,-27.75,7.62472
122.75,-27.75,7.3964014
123.0,-27.75,6.9899163
123.25,-27.75,6.8324447
123.5,-27.75,6.7626023
123.75,-27.75,6.6903534
124.0,-27.75,6.6473827
124.25,-27.75,6.7953596
124.5,-27.75,6.948399
124.75,-27.75,7.0098286
125.0,-27.75,7.15605
125.25,-27.75,7.207156
125.5,-27.75,7.108526
125.75,-27.75,6.8862925
126.0,-27.75,6.853475
126.25,-27.75,6.994274
126.5,-27.75,7.0118575
126.75,-27.75,6.976146
127.0,-27.75,6.911183
127.25,-27.75,6.729432
127.5,-27.75,6.6336026
127.75,-27.75,6.840217
128.0,-27.75,6.9024425
128.25,-27.75,6.8304276
128.5,-27.75,6.691604
128.75,-27.75,6.593537
129.0,-27.75,6.6613517
129.25,-27.75,6.8374023
129.5,-27.75,6.9822364
129.75,-27.75,7.1173725
130.0,-27.75,7.1465416
130.25,-27.75,7.254396
130.5,-27.75,7.3032227
130.75,-27.75,7.077185
131.0,-27.75,6.9687147
131.25,-27.75,7.038906
131.5,-27.75,7.2216125
131.75,-27.75,7.307827
132.0,-27.75,7.0198216
132.25,-27.75,6.7752957
132.5,-27.75,6.6554885
132.75,-27.75,6.6774573
133.0,-27.75,6.8755255
133.25,-27.75,7.1985373
133.5,-27.75,7.292732
133.75,-27.75,7.434212
134.0,-27.75,7.4085517
134.25,-27.75,7.166691
134.5,-27.75,6.8925276
134.75,-27.75,6.779669
135.0,-27.75,6.688973
135.25,-27.75,6.687218
135.5,-27.75,6.721035
135.75,-27.75,6.688019
136.0,-27.75,6.6241364
136.25,-27.75,6.5564437
136.5,-27.75,6.539364
136.75,-27.75,6.544569
137.0,-27.75,6.6653824
137.25,-27.75,6.7808967
137.5,-27.75,6.753253
137.75,-27.75,6.694838
138.0,-27.75,6.737381
138.25,-27.75,6.7461023
138.5,-27.75,6.8221655
138.75,-27.75,6.857795
139.0,-27.75,6.830993
139.25,-27.75,6.7822137
139.5,-27.75,6.7244215
139.75,-27.75,6.767856
140.0,-27.75,6.780673
140.25,-27.75,6.7564445
140.5,-27.75,6.7324615
140.75,-27.75,6.784275
141.0,-27.75,6.790558
141.25,-27.75,6.7656336
141.5,-27.75,6.6388807
141.75,-27.75,6.5581627
142.0,-27.75,6.5949802
142.25,-27.75,6.6698933
142.5,-27.75,6.720092
142.75,-27.75,6.699916
143.0,-27.75,6.7616615
143.25,-27.75,6.772801
143.5,-27.75,6.7875595
143.75,-27.75,6.945699
144.0,-27.75,7.073106
144.25,-27.75,7.0801086
144.5,-27.75,7.1161513
144.75,-27.75,6.987012
145.0,-27.75,6.6312065
145.25,-27.75,6.3265004
145.5,-27.75,6.305954
145.75,-27.75,6.319766
146.0,-27.75,6.364885
146.25,-27.75,6.355067
146.5,-27.75,6.2794113
146.75,-27.75,6.2040114
147.0,-27.75,6.150913
147.25,-27.75,6.078371
147.5,-27.75,6.0833216
147.75,-27.75,6.1745567
148.0,-27.75,6.2047467
148.25,-27.75,6.160183
148.5,-27.75,6.107814
148.75,-27.75,6.023529
149.0,-27.75,5.949415
149.25,-27.75,6.0288835
149.5,-27.75,6.2519236
149.75,-27.75,6.387419
150.0,-27.75,6.2986917
150.25,-27.75,6.179551
150.5,-27.75,5.940244
150.75,-27.75,5.881869
151.0,-27.75,5.999643
151.25,-27.75,6.2277403
151.5,-27.75,6.3452277
151.75,-27.75,6.1991253
152.0,-27.75,5.2419653
152.25,-27.75,4.2520843
152.5,-27.75,3.6577115
152.75,-27.75,3.7923179
153.0,-27.75,4.2601767
153.25,-27.75,5.346831
114.25,-28.0,8.130099
114.5,-28.0,7.4906497
114.75,-28.0,7.3953395
115.0,-28.0,7.5251336
115.25,-28.0,7.677735
115.5,-28.0,7.8567
115.75,-28.0,7.987574
116.0,-28.0,7.996334
116.25,-28.0,8.129358
116.5,-28.0,8.066326
116.75,-28.0,8.029208
117.0,-28.0,8.026734
117.25,-28.0,7.9996386
117.5,-28.0,7.976111
117.75,-28.0,7.947651
118.0,-28.0,7.92622
118.25,-28.0,7.914809
118.5,-28.0,7.9093914
118.75,-28.0,8.052507
119.0,-28.0,7.952135
119.25,-28.0,7.855645
119.5,-28.0,7.812641
119.75,-28.0,7.746582
120.0,-28.0,7.6318765
120.25,-28.0,7.7834163
120.5,-28.0,7.878446
120.75,-28.0,7.910151
121.0,-28.0,7.860065
121.25,-28.0,7.8462734
121.5,-28.0,7.803744
121.75,-28.0,7.8595586
122.0,-28.0,7.814755
122.25,-28.0,7.664412
122.5,-28.0,7.347717
122.75,-28.0,7.1074667
123.0,-28.0,6.8814344
123.25,-28.0,6.748037
123.5,-28.0,6.6559
123.75,-28.0,6.726172
124.0,-28.0,6.6730266
124.25,-28.0,6.696042
124.5,-28.0,6.7441444
124.75,-28.0,6.8055005
125.0,-28.0,6.832176
125.25,-28.0,6.8289213
125.5,-28.0,6.7995796
125.75,-28.0,6.8176074
126.0,-28.0,6.8344574
126.25,-28.0,6.9068203
126.5,-28.0,6.8499327
126.75,-28.0,6.8207407
127.0,-28.0,6.8471975
127.25,-28.0,6.877915
127.5,-28.0,6.793254
127.75,-28.0,6.799245
128.0,-28.0,6.846667
128.25,-28.0,6.857399
128.5,-28.0,6.7813377
128.75,-28.0,6.7181845
129.0,-28.0,6.7149034
129.25,-28.0,6.8870115
129.5,-28.0,7.068224
129.75,-28.0,7.084866
130.0,-28.0,6.845006
130.25,-28.0,6.8715835
130.5,-28.0,7.1414485
130.75,-28.0,7.3723583
131.0,-28.0,7.3833423
131.25,-28.0,7.38518
131.5,-28.0,7.474165
131.75,-28.0,7.4619412
132.0,-28.0,7.404749
132.25,-28.0,7.174412
132.5,-28.0,6.982254
132.75,-28.0,6.884454
133.0,-28.0,6.96743
133.25,-28.0,7.1353574
133.5,-28.0,7.391853
133.75,-28.0,7.5821257
134.0,-28.0,7.537121
134.25,-28.0,7.223128
134.5,-28.0,6.881391
134.75,-28.0,6.662213
135.0,-28.0,6.640793
135.25,-28.0,6.606817
135.5,-28.0,6.5824957
135.75,-28.0,6.593055
136.0,-28.0,6.5594625
136.25,-28.0,6.512285
136.5,-28.0,6.467465
136.75,-28.0,6.556533
137.0,-28.0,6.7950363
137.25,-28.0,6.974773
137.5,-28.0,6.9401226
137.75,-28.0,6.7443075
138.0,-28.0,6.703528
138.25,-28.0,6.7458186
138.5,-28.0,6.846418
138.75,-28.0,6.9257317
139.0,-28.0,6.813248
139.25,-28.0,6.7303143
139.5,-28.0,6.723148
139.75,-28.0,6.743319
140.0,-28.0,6.802434
140.25,-28.0,6.766975
140.5,-28.0,6.736058
140.75,-28.0,6.790294
141.0,-28.0,6.8695827
141.25,-28.0,7.014729
141.5,-28.0,6.7987943
141.75,-28.0,6.649901
142.0,-28.0,6.6699023
142.25,-28.0,6.7658854
142.5,-28.0,6.7966022
142.75,-28.0,6.7802362
143.0,-28.0,6.7546244
143.25,-28.0,6.727394
143.5,-28.0,6.684032
143.75,-28.0,6.921815
144.0,-28.0,6.995869
144.25,-28.0,6.9331117
144.5,-28.0,6.8745065
144.75,-28.0,6.840225
145.0,-28.0,6.503645
145.25,-28.0,6.321556
145.5,-28.0,6.3901253
145.75,-28.0,6.5927835
146.0,-28.0,6.7349167
146.25,-28.0,6.73735
146.5,-28.0,6.514154
146.75,-28.0,6.3190145
147.0,-28.0,6.2414913
147.25,-28.0,6.184934
147.5,-28.0,6.1672873
147.75,-28.0,6.2667904
148.0,-28.0,6.2485905
148.25,-28.0,6.222243
148.5,-28.0,6.1255865
148.75,-28.0,6.112263
149.0,-28.0,6.0097003
149.25,-28.0,6.0616465
149.5,-28.0,6.2144175
149.75,-28.0,6.358647
150.0,-28.0,6.2352033
150.25,-28.0,6.102501
150.5,-28.0,5.9631295
150.75,-28.0,5.911916
151.0,-28.0,6.052929
151.25,-28.0,6.3197355
151.5,-28.0,6.305051
151.75,-28.0,6.0725055
152.0,-28.0,5.548406
152.25,-28.0,4.593803
152.5,-28.0,3.5469835
152.75,-28.0,3.4030745
153.0,-28.0,3.7865572
153.25,-28.0,4.599351
114.5,-28.25,7.4375334
114.75,-28.25,7.1583085
115.0,-28.25,7.321561
115.25,-28.25,7.470718
115.5,-28.25,7.6904716
115.75,-28.25,7.9062304
116.0,-28.25,8.047741
116.25,-28.25,8.05216
116.5,-28.25,7.8942614
116.75,-28.25,7.83311
117.0,-28.25,7.8252883
117.25,-28.25,7.8193693
117.5,-28.25,7.8085027
117.75,-28.25,7.9048324
118.0,-28.25,8.043058
118.25,-28.25,8.069291
118.5,-28.25,8.003464
118.75,-28.25,8.044296
119.0,-28.25,7.937615
119.25,-28.25,7.8312736
119.5,-28.25,7.7773566
119.75,-28.25,7.7757006
120.0,-28.25,7.710291
120.25,-28.25,7.812118
120.5,-28.25,7.863318
120.75,-28.25,7.903512
121.0,-28.25,7.9691353
121.25,-28.25,8.061009
121.5,-28.25,7.9262695
121.75,-28.25,7.677055
122.0,-28.25,7.493877
122.25,-28.25,7.4183283
122.5,-28.25,7.2949815
122.75,-28.25,7.074304
123.0,-28.25,6.930986
123.25,-28.25,6.8532476
123.5,-28.25,6.8499427
123.75,-28.25,6.965819
124.0,-28.25,6.894423
124.25,-28.25,6.7908893
124.5,-28.25,6.7579794
124.75,-28.25,6.7878637
125.0,-28.25,6.767165
125.25,-28.25,6.684905
125.5,-28.25,6.6328573
125.75,-28.25,6.6612196
126.0,-28.25,6.794037
126.25,-28.25,7.0028644
126.5,-28.25,6.989053
126.75,-28.25,6.933007
127.0,-28.25,6.917469
127.25,-28.25,6.924848
127.5,-28.25,6.8281617
127.75,-28.25,6.766038
128.0,-28.25,6.7738557
128.25,-28.25,6.7859097
128.5,-28.25,6.771553
128.75,-28.25,6.735801
129.0,-28.25,6.620012
129.25,-28.25,6.743721
129.5,-28.25,6.9091234
129.75,-28.25,6.9585557
130.0,-28.25,6.711932
130.25,-28.25,6.639163
130.5,-28.25,6.8761497
130.75,-28.25,7.152072
131.0,-28.25,7.3082542
131.25,-28.25,7.3315763
131.5,-28.25,7.3352695
131.75,-28.25,7.3532395
132.0,-28.25,7.3950543
132.25,-28.25,7.4553413
132.5,-28.25,7.4214497
132.75,-28.25,7.40384
133.0,-28.25,7.3928275
133.25,-28.25,7.412528
133.5,-28.25,7.4843597
133.75,-28.25,7.6350007
134.0,-28.25,7.670523
134.25,-28.25,7.338737
134.5,-28.25,6.936992
134.75,-28.25,6.6881104
135.0,-28.25,6.710968
135.25,-28.25,6.6811295
135.5,-28.25,6.7337213
135.75,-28.25,6.7655005
136.0,-28.25,6.714596
136.25,-28.25,6.5490127
136.5,-28.25,6.4120674
136.75,-28.25,6.4967456
137.0,-28.25,6.776534
137.25,-28.25,7.107055
137.5,-28.25,7.155615
137.75,-28.25,6.839976
138.0,-28.25,6.687372
138.25,-28.25,6.67487
138.5,-28.25,6.756274
138.75,-28.25,6.8222227
139.0,-28.25,6.729945
139.25,-28.25,6.698239
139.5,-28.25,6.699307
139.75,-28.25,6.735378
140.0,-28.25,6.784237
140.25,-28.25,6.759346
140.5,-28.25,6.7800198
140.75,-28.25,6.8690968
141.0,-28.25,7.0383058
141.25,-28.25,7.2301235
141.5,-28.25,6.9636784
141.75,-28.25,6.8493705
142.0,-28.25,6.8772516
142.25,-28.25,6.9313173
142.5,-28.25,6.82747
142.75,-28.25,6.6789627
143.0,-28.25,6.641258
143.25,-28.25,6.712101
143.5,-28.25,6.8892064
143.75,-28.25,7.1751795
144.0,-28.25,7.2025614
144.25,-28.25,7.099099
144.5,-28.25,6.958878
144.75,-28.25,6.756366
145.0,-28.25,6.3928895
145.25,-28.25,6.374819
145.5,-28.25,6.6290116
145.75,-28.25,6.86097
146.0,-28.25,6.903602
146.25,-28.25,6.730339
146.5,-28.25,6.4161353
146.75,-28.25,6.266661
147.0,-28.25,6.25479
147.25,-28.25,6.2992043
147.5,-28.25,6.2251425
147.75,-28.25,6.189246
148.0,-28.25,6.1753416
148.25,-28.25,6.2197485
148.5,-28.25,6.333663
148.75,-28.25,6.4197235
149.0,-28.25,6.2609982
149.25,-28.25,6.2210736
149.5,-28.25,6.288224
149.75,-28.25,6.3468747
150.0,-28.25,6.214829
150.25,-28.25,6.219275
150.5,-28.25,6.177953
150.75,-28.25,6.020831
151.0,-28.25,5.867534
151.25,-28.25,6.042554
151.5,-28.25,6.1786375
151.75,-28.25,6.0137234
152.0,-28.25,5.6286335
152.25,-28.25,4.988877
152.5,-28.25,4.0456543
152.75,-28.25,3.678915
153.0,-28.25,3.5781407
153.25,-28.25,3.9700532
153.5,-28.25,5.1004815
114.75,-28.5,6.9984784
115.0,-28.5,6.9173923
115.25,-28.5,7.110573
115.5,-28.5,7.447276
115.75,-28.5,7.7963886
116.0,-28.5,8.077908
116.25,-28.5,7.999316
116.5,-28.5,7.8452888
116.75,-28.5,7.843362
117.0,-28.5,7.8558173
117.25,-28.5,7.8326426
117.5,-28.5,7.789709
117.75,-28.5,7.9371414
118.0,-28.5,8.076024
118.25,-28.5,8.108008
118.5,-28.5,8.067481
118.75,-28.5,8.072985
119.0,-28.5,7.7778993
119.25,-28.5,7.634475
119.5,-28.5,7.662101
119.75,-28.5,7.847648
120.0,-28.5,7.896009
120.25,-28.5,7.8533745
120.5,-28.5,7.746224
120.75,-28.5,7.707986
121.0,-28.5,7.7982235
121.25,-28.5,7.98662
121.5,-28.5,7.9237585
121.75,-28.5,7.5347576
122.0,-28.5,7.2693744
122.25,-28.5,7.313936
122.5,-28.5,7.589169
122.75,-28.5,7.255894
123.0,-28.5,7.0004263
123.25,-28.5,6.946466
123.5,-28.5,7.0352745
123.75,-28.5,6.9726624
124.0,-28.5,6.837689
124.25,-28.5,6.825542
124.5,-28.5,6.852137
124.75,-28.5,6.88358
125.0,-28.5,6.8075523
125.25,-28.5,6.720251
125.5,-28.5,6.664449
125.75,-28.5,6.671239
126.0,-28.5,6.793562
126.25,-28.5,7.0391555
126.5,-28.5,7.290887
126.75,-28.5,7.481297
127.0,-28.5,7.4418917
127.25,-28.5,7.2033305
127.5,-28.5,6.922625
127.75,-28.5,6.8238726
128.0,-28.5,6.729746
128.25,-28.5,6.6820707
128.5,-28.5,6.678658
128.75,-28.5,6.7015624
129.0,-28.5,6.637887
129.25,-28.5,6.7337646
129.5,-28.5,6.84334
129.75,-28.5,6.9043174
130.0,-28.5,6.8818164
130.25,-28.5,6.712434
130.5,-28.5,6.702962
130.75,-28.5,6.831721
131.0,-28.5,6.9254007
131.25,-28.5,6.8743415
131.5,-28.5,6.8258634
131.75,-28.5,6.860926
132.0,-28.5,7.0682526
132.25,-28.5,7.4825816
132.5,-28.5,7.686175
132.75,-28.5,7.6092305
133.0,-28.5,7.5586824
133.25,-28.5,7.5443835
133.5,-28.5,7.5830946
133.75,-28.5,7.6837935
134.0,-28.5,7.714617
134.25,-28.5,7.44133
134.5,-28.5,7.070728
134.75,-28.5,6.826888
135.0,-28.5,6.8157797
135.25,-28.5,6.7803254
135.5,-28.5,6.8376603
135.75,-28.5,6.86339
136.0,-28.5,6.8040094
136.25,-28.5,6.599259
136.5,-28.5,6.434657
136.75,-28.5,6.465743
137.0,-28.5,6.7020407
137.5,-28.5,7.1320415
137.75,-28.5,6.798326
138.0,-28.5,6.619196
138.25,-28.5,6.583243
138.5,-28.5,6.6464925
138.75,-28.5,6.724213
139.0,-28.5,6.7137628
139.25,-28.5,6.722135
139.5,-28.5,6.715036
139.75,-28.5,6.716119
140.0,-28.5,6.732993
140.25,-28.5,6.7404747
140.5,-28.5,6.856939
140.75,-28.5,6.9899216
141.0,-28.5,7.1485505
141.25,-28.5,7.2902513
141.5,-28.5,7.1410217
141.75,-28.5,7.06493
142.0,-28.5,6.985256
142.25,-28.5,6.8204837
142.5,-28.5,6.6159363
142.75,-28.5,6.5384946
143.0,-28.5,6.603497
143.25,-28.5,6.7970867
143.5,-28.5,7.106295
143.75,-28.5,7.3263817
144.0,-28.5,7.194856
144.25,-28.5,6.9532886
144.5,-28.5,6.7206187
144.75,-28.5,6.494071
145.0,-28.5,6.3078938
145.25,-28.5,6.4102035
145.5,-28.5,6.7039647
145.75,-28.5,6.8824854
146.0,-28.5,6.7901225
146.25,-28.5,6.4461894
146.5,-28.5,6.206391
146.75,-28.5,6.152149
147.0,-28.5,6.1661005
147.25,-28.5,6.199643
147.5,-28.5,6.143355
147.75,-28.5,6.1098104
148.0,-28.5,6.164423
148.25,-28.5,6.293612
148.5,-28.5,6.5039163
148.75,-28.5,6.548687
149.0,-28.5,6.2803984
149.25,-28.5,6.1192856
149.5,-28.5,6.0766835
149.75,-28.5,6.092541
150.0,-28.5,6.0805297
150.25,-28.5,6.1141596
150.5,-28.5,6.015645
150.75,-28.5,5.7755737
151.0,-28.5,5.5356936
151.25,-28.5,5.682607
151.5,-28.5,6.2304754
151.75,-28.5,6.119106
152.0,-28.5,5.5101156
152.25,-28.5,4.6494036
152.5,-28.5,4.053592
152.75,-28.5,3.9825737
153.0,-28.5,3.8515656
153.25,-28.5,4.052015
153.5,-28.5,4.9455037
114.75,-28.75,7.2666135
115.0,-28.75,6.778061
115.25,-28.75,6.8933997
115.5,-28.75,7.1347394
115.75,-28.75,7.4241242
116.0,-28.75,7.6733766
116.25,-28.75,7.839149
116.5,-28.75,7.9339623
116.75,-28.75,7.9216685
117.0,-28.75,7.9174767
117.25,-28.75,7.840512
117.5,-28.75,7.8454595
117.75,-28.75,8.057435
118.0,-28.75,8.144725
118.25,-28.75,8.140829
118.5,-28.75,8.0767975
118.75,-28.75,7.8463764
119.0,-28.75,7.3826003
119.25,-28.75,7.3008995
119.5,-28.75,7.530078
119.75,-28.75,7.7665563
120.0,-28.75,7.936077
120.25,-28.75,7.9029837
120.5,-28.75,7.776565
120.75,-28.75,7.719096
121.0,-28.75,7.747775
121.25,-28.75,7.7868843
121.5,-28.75,7.8260736
121.75,-28.75,7.585093
122.0,-28.75,7.503971
122.25,-28.75,7.569022
122.5,-28.75,7.6582837
122.75,-28.75,7.2587276
123.0,-28.75,7.0356245
123.25,-28.75,7.0307584
123.5,-28.75,7.091235
123.75,-28.75,6.9044714
124.0,-28.75,6.79865
124.25,-28.75,6.7553177
124.5,-28.75,6.76646
124.75,-28.75,6.759451
125.0,-28.75,6.6919174
125.25,-28.75,6.688532
125.5,-28.75,6.6407933
125.75,-28.75,6.7063518
126.0,-28.75,6.830966
126.25,-28.75,6.955295
126.5,-28.75,7.1370673
126.75,-28.75,7.3353643
127.0,-28.75,7.2937303
127.25,-28.75,6.991873
127.5,-28.75,6.8172116
127.75,-28.75,6.8326545
128.0,-28.75,6.757612
128.25,-28.75,6.7813
128.5,-28.75,6.808012
128.75,-28.75,6.821524
129.0,-28.75,6.7755437
129.25,-28.75,6.806524
129.5,-28.75,6.867886
129.75,-28.75,6.906798
130.0,-28.75,7.0953546
130.25,-28.75,6.898686
130.5,-28.75,6.812719
130.75,-28.75,6.845636
131.0,-28.75,6.903802
131.25,-28.75,6.7909794
131.5,-28.75,6.8133044
131.75,-28.75,6.8443804
132.0,-28.75,7.1273994
132.25,-28.75,7.53041
132.5,-28.75,7.733248
132.75,-28.75,7.6059217
133.0,-28.75,7.532168
133.25,-28.75,7.536236
133.5,-28.75,7.5535507
133.75,-28.75,7.7070746
134.0,-28.75,7.7146826
134.25,-28.75,7.4648023
134.5,-28.75,7.1671586
134.75,-28.75,6.904904
135.0,-28.75,6.7806706
135.25,-28.75,6.7645607
135.5,-28.75,6.802492
135.75,-28.75,6.885092
136.0,-28.75,6.834423
136.25,-28.75,6.65211
136.5,-28.75,6.4861426
136.75,-28.75,6.4456773
137.0,-28.75,6.5801015
137.75,-28.75,6.73133
138.0,-28.75,6.5553308
138.25,-28.75,6.5671773
138.5,-28.75,6.634479
138.75,-28.75,6.7385325
139.0,-28.75,6.76379
139.25,-28.75,6.7395105
139.5,-28.75,6.735668
139.75,-28.75,6.708654
140.0,-28.75,6.7042384
140.25,-28.75,6.6850867
140.5,-28.75,6.766396
140.75,-28.75,6.9272323
141.0,-28.75,7.088869
141.25,-28.75,7.245792
141.5,-28.75,7.1930323
141.75,-28.75,7.0667562
142.0,-28.75,6.8408203
142.25,-28.75,6.5738287
142.5,-28.75,6.4348373
142.75,-28.75,6.5439816
143.0,-28.75,6.6070404
143.25,-28.75,6.8215485
143.5,-28.75,7.104429
143.75,-28.75,7.2378044
144.0,-28.75,6.9575925
144.25,-28.75,6.659082
144.5,-28.75,6.430304
144.75,-28.75,6.264817
145.0,-28.75,6.3153915
145.25,-28.75,6.397913
145.5,-28.75,6.616263
145.75,-28.75,6.715604
146.0,-28.75,6.5983295
146.25,-28.75,6.304281
146.5,-28.75,6.200409
146.75,-28.75,6.116333
147.0,-28.75,6.102202
147.25,-28.75,6.0880284
147.5,-28.75,6.1873055
147.75,-28.75,6.2249694
148.0,-28.75,6.189736
148.25,-28.75,6.1991754
148.5,-28.75,6.2760587
148.75,-28.75,6.254635
149.0,-28.75,6.1743627
149.25,-28.75,6.061332
149.5,-28.75,6.1077685
149.75,-28.75,6.1284986
150.0,-28.75,6.2652936
150.25,-28.75,6.1600165
150.5,-28.75,5.8867607
150.75,-28.75,5.4869075
151.0,-28.75,5.217112
151.25,-28.75,5.037428
151.5,-28.75,5.380621
151.75,-28.75,5.404467
152.0,-28.75,4.866809
152.25,-28.75,4.0141273
152.5,-28.75,3.691387
152.75,-28.75,4.09608
153.0,-28.75,4.149467
153.25,-28.75,4.516808
153.5,-28.75,5.4231124
114.75,-29.0,7.663111
115.0,-29.0,6.8494544
115.25,-29.0,6.799545
115.5,-29.0,6.8704987
115.75,-29.0,7.1111298
116.0,-29.0,7.318497
116.25,-29.0,7.556384
116.5,-29.0,7.7478266
116.75,-29.0,7.894576
117.0,-29.0,7.8672595
117.25,-29.0,7.829578
117.5,-29.0,7.8858953
117.75,-29.0,8.018511
118.0,-29.0,8.056668
118.25,-29.0,8.015761
118.5,-29.0,7.8648677
118.75,-29.0,7.5463347
119.0,-29.0,7.120264
119.25,-29.0,7.182351
119.5,-29.0,7.4093375
119.75,-29.0,7.822211
120.0,-29.0,8.022145
120.25,-29.0,7.9437113
120.5,-29.0,7.8914766
120.75,-29.0,7.8068094
121.0,-29.0,7.8296337
121.25,-29.0,7.7963233
121.5,-29.0,7.62981
121.75,-29.0,7.4442773
122.0,-29.0,7.3534994
122.25,-29.0,7.443517
122.5,-29.0,7.4313054
122.75,-29.0,7.129686
123.0,-29.0,6.9809685
123.25,-29.0,6.945114
123.5,-29.0,6.9915805
123.75,-29.0,7.020141
124.0,-29.0,7.064665
124.25,-29.0,6.9262924
124.5,-29.0,6.861722
124.75,-29.0,6.727865
125.0,-29.0,6.6654105
125.25,-29.0,6.668069
125.5,-29.0,6.667129
125.75,-29.0,6.710872
126.0,-29.0,6.9540796
126.25,-29.0,7.152001
126.5,-29.0,7.2692165
126.75,-29.0,7.2756667
127.0,-29.0,7.159119
127.25,-29.0,6.8365674
127.5,-29.0,6.7565875
127.75,-29.0,6.7965345
128.0,-29.0,6.839346
128.25,-29.0,6.8415613
128.5,-29.0,6.846638
128.75,-29.0,6.822067
129.0,-29.0,6.7781587
129.25,-29.0,6.772175
129.5,-29.0,6.793421
129.75,-29.0,6.8980145
130.0,-29.0,7.1736283
130.25,-29.0,7.204807
130.5,-29.0,7.2603803
130.75,-29.0,7.250358
131.0,-29.0,7.208873
131.25,-29.0,7.093243
131.5,-29.0,7.1266284
131.75,-29.0,7.1486154
132.0,-29.0,7.368949
132.25,-29.0,7.600211
132.5,-29.0,7.729264
132.75,-29.0,7.6009727
133.0,-29.0,7.569801
133.25,-29.0,7.5325465
133.5,-29.0,7.5856624
133.75,-29.0,7.663541
134.0,-29.0,7.6062484
134.25,-29.0,7.5602403
134.5,-29.0,7.270046
134.75,-29.0,7.077955
135.0,-29.0,6.871242
135.25,-29.0,6.7604127
135.5,-29.0,6.7767916
135.75,-29.0,6.8187575
136.0,-29.0,6.8290577
136.25,-29.0,6.65651
136.5,-29.0,6.479487
136.75,-29.0,6.418113
137.0,-29.0,6.4819922
137.25,-29.0,6.6168947
137.5,-29.0,6.7049947
137.75,-29.0,6.56605
138.0,-29.0,6.547336
138.25,-29.0,6.531479
138.5,-29.0,6.6400833
138.75,-29.0,6.7269673
139.0,-29.0,6.6978717
139.25,-29.0,6.730086
139.5,-29.0,6.7034335
139.75,-29.0,6.732727
140.0,-29.0,6.709168
140.25,-29.0,6.658898
140.5,-29.0,6.7838902
140.75,-29.0,6.923353
141.0,-29.0,7.122405
141.25,-29.0,7.2014008
141.5,-29.0,7.0746365
141.75,-29.0,6.9526906
142.0,-29.0,6.721873
142.25,-29.0,6.543684
142.5,-29.0,6.449344
142.75,-29.0,6.5268393
143.0,-29.0,6.6233716
143.25,-29.0,6.8178015
143.5,-29.0,7.0376105
143.75,-29.0,7.142545
144.0,-29.0,6.820863
144.25,-29.0,6.4959803
144.5,-29.0,6.261509
144.75,-29.0,6.2672963
145.0,-29.0,6.30952
145.25,-29.0,6.311118
145.5,-29.0,6.3475475
145.75,-29.0,6.41347
146.0,-29.0,6.4069195
146.25,-29.0,6.242569
146.5,-29.0,6.158948
146.75,-29.0,6.1387215
147.0,-29.0,6.1064157
147.25,-29.0,6.220641
147.5,-29.0,6.3517637
147.75,-29.0,6.365751
148.0,-29.0,6.2575164
148.25,-29.0,6.19236
148.5,-29.0,6.0846424
148.75,-29.0,6.0334597
149.0,-29.0,5.9961042
149.25,-29.0,6.0913124
149.5,-29.0,6.124316
149.75,-29.0,6.241093
150.0,-29.0,6.2894444
150.25,-29.0,6.149116
150.5,-29.0,5.884626
150.75,-29.0,5.448265
151.0,-29.0,5.0018306
151.25,-29.0,4.6405497
151.5,-29.0,4.691984
151.75,-29.0,4.694136
152.0,-29.0,4.2184353
152.25,-29.0,3.4720762
152.5,-29.0,3.183749
152.75,-29.0,3.7897015
153.0,-29.0,4.3983617
153.25,-29.0,4.793309
115.0,-29.25,6.9348536
115.25,-29.25,6.773406
115.5,-29.25,6.843805
115.75,-29.25,6.919089
116.0,-29.25,7.062392
116.25,-29.25,7.322865
116.5,-29.25,7.545728
116.75,-29.25,7.6659174
117.0,-29.25,7.7287145
117.25,-29.25,7.6780715
117.5,-29.25,7.828193
117.75,-29.25,7.8738666
118.0,-29.25,7.8713837
118.25,-29.25,7.911433
118.5,-29.25,7.7615423
118.75,-29.25,7.4790907
119.0,-29.25,7.1752396
119.25,-29.25,7.1813927
119.5,-29.25,7.4439373
119.75,-29.25,7.8228555
120.0,-29.25,8.062316
120.25,-29.25,7.907671
120.5,-29.25,7.8170433
120.75,-29.25,7.843356
121.0,-29.25,7.837109
121.25,-29.25,7.8742733
121.5,-29.25,7.548215
121.75,-29.25,7.3135138
122.0,-29.25,7.2798705
122.25,-29.25,7.3417907
122.5,-29.25,7.2261696
122.75,-29.25,7.0712123
123.0,-29.25,6.9100947
123.25,-29.25,6.874592
123.5,-29.25,6.909168
123.75,-29.25,7.1935973
124.0,-29.25,7.3993936
124.25,-29.25,7.231368
124.5,-29.25,6.9412327
124.75,-29.25,6.756364
125.0,-29.25,6.7208395
125.25,-29.25,6.8451853
125.5,-29.25,6.805298
125.75,-29.25,6.78715
126.0,-29.25,6.9523864
126.25,-29.25,7.2185063
126.5,-29.25,7.489535
126.75,-29.25,7.469202
127.0,-29.25,7.2204037
127.25,-29.25,6.861643
127.5,-29.25,6.788657
127.75,-29.25,6.818662
128.0,-29.25,6.8312078
128.25,-29.25,6.806106
128.5,-29.25,6.7667685
128.75,-29.25,6.724564
129.0,-29.25,6.7291775
129.25,-29.25,6.70784
129.5,-29.25,6.7139444
129.75,-29.25,6.775502
130.0,-29.25,7.0398135
130.25,-29.25,7.453151
130.5,-29.25,7.515993
130.75,-29.25,7.605711
131.0,-29.25,7.5403194
131.25,-29.25,7.467205
131.5,-29.25,7.3819976
131.75,-29.25,7.317261
132.0,-29.25,7.285933
132.25,-29.25,7.455475
132.5,-29.25,7.6398754
132.75,-29.25,7.595127
133.0,-29.25,7.5427985
133.25,-29.25,7.6190004
133.5,-29.25,7.6444616
133.75,-29.25,7.6228285
134.0,-29.25,7.567803
134.25,-29.25,7.474018
134.5,-29.25,7.3803873
134.75,-29.25,7.157032
135.0,-29.25,7.0383263
135.25,-29.25,6.900207
135.5,-29.25,6.8676286
135.75,-29.25,6.8523746
136.0,-29.25,6.808234
136.25,-29.25,6.6626105
136.5,-29.25,6.533563
136.75,-29.25,6.4175987
137.0,-29.25,6.4420967
137.25,-29.25,6.5320044
137.5,-29.25,6.597561
137.75,-29.25,6.534396
138.0,-29.25,6.4797187
138.25,-29.25,6.5294785
138.5,-29.25,6.6128616
138.75,-29.25,6.7294416
139.0,-29.25,6.666781
139.25,-29.25,6.6548905
139.5,-29.25,6.713446
139.75,-29.25,6.7183423
140.0,-29.25,6.6803026
140.25,-29.25,6.6785326
140.5,-29.25,6.789498
140.75,-29.25,7.036688
141.0,-29.25,7.1960654
141.25,-29.25,7.1766567
141.5,-29.25,6.9966536
141.75,-29.25,6.844241
142.0,-29.25,6.7286406
142.25,-29.25,6.5580125
142.5,-29.25,6.5401573
142.75,-29.25,6.563971
143.0,-29.25,6.6604776
143.25,-29.25,6.889388
143.5,-29.25,7.0971227
143.75,-29.25,7.19178
144.0,-29.25,6.8288913
144.25,-29.25,6.474176
144.5,-29.25,6.271699
144.75,-29.25,6.2498403
145.0,-29.25,6.280418
145.25,-29.25,6.267728
145.5,-29.25,6.2643905
145.75,-29.25,6.267625
146.0,-29.25,6.244626
146.25,-29.25,6.2438693
146.5,-29.25,6.244683
146.75,-29.25,6.2066774
147.0,-29.25,6.2646046
147.25,-29.25,6.352517
147.5,-29.25,6.418189
147.75,-29.25,6.381563
148.0,-29.25,6.2417297
148.25,-29.25,6.138432
148.5,-29.25,6.0143056
148.75,-29.25,6.0423083
149.0,-29.25,6.007569
149.25,-29.25,6.0277004
149.5,-29.25,6.080062
149.75,-29.25,6.153062
150.0,-29.25,6.0964994
150.25,-29.25,5.9508758
150.5,-29.25,5.7549715
150.75,-29.25,5.6741986
151.0,-29.25,5.242656
151.25,-29.25,4.8688235
151.5,-29.25,4.8685126
151.75,-29.25,4.8856587
152.0,-29.25,4.1326547
152.25,-29.25,3.250868
152.5,-29.25,2.809291
152.75,-29.25,3.6227603
153.0,-29.25,4.311067
153.25,-29.25,5.414599
115.0,-29.5,6.9711633
115.25,-29.5,6.8231077
115.5,-29.5,7.0245104
115.75,-29.5,7.083789
116.0,-29.5,6.972016
116.25,-29.5,7.1859603
116.5,-29.5,7.3318896
116.75,-29.5,7.334429
117.0,-29.5,7.3547907
117.25,-29.5,7.474505
117.5,-29.5,7.648487
117.75,-29.5,7.697651
118.0,-29.5,7.7318435
118.25,-29.5,7.7238865
118.5,-29.5,7.7345953
118.75,-29.5,7.5632086
119.0,-29.5,7.3862658
119.25,-29.5,7.3930945
119.5,-29.5,7.618797
119.75,-29.5,7.7776237
120.0,-29.5,7.9230127
120.25,-29.5,7.7825
120.5,-29.5,7.8152146
120.75,-29.5,7.7766275
121.0,-29.5,7.7146916
121.25,-29.5,7.7610183
121.5,-29.5,7.4521546
121.75,-29.5,7.3643007
122.0,-29.5,7.2896996
122.25,-29.5,7.302824
122.5,-29.5,7.122049
122.75,-29.5,7.020425
123.0,-29.5,6.998138
123.25,-29.5,6.9393444
123.5,-29.5,6.951663
123.75,-29.5,7.2127204
124.0,-29.5,7.4798517
124.25,-29.5,7.503638
124.5,-29.5,7.1899133
124.75,-29.5,6.79973
125.0,-29.5,6.709578
125.25,-29.5,6.936299
125.5,-29.5,7.2316523
125.75,-29.5,7.1835837
126.0,-29.5,7.2332935
126.25,-29.5,7.4090433
126.5,-29.5,7.678403
126.75,-29.5,7.690748
127.0,-29.5,7.406343
127.25,-29.5,7.0763583
127.5,-29.5,6.955452
127.75,-29.5,6.937795
128.0,-29.5,6.859713
128.25,-29.5,6.802141
128.5,-29.5,6.807334
128.75,-29.5,6.8120456
129.0,-29.5,6.80885
129.25,-29.5,6.7998753
129.5,-29.5,6.77093
129.75,-29.5,6.670535
130.0,-29.5,6.830735
130.25,-29.5,7.3120966
130.5,-29.5,7.6807036
130.75,-29.5,7.728932
131.0,-29.5,7.768716
131.25,-29.5,7.7111993
131.5,-29.5,7.5623283
131.75,-29.5,7.362648
132.0,-29.5,7.285141
132.25,-29.5,7.271525
132.5,-29.5,7.443609
132.75,-29.5,7.468747
133.0,-29.5,7.4916587
133.25,-29.5,7.520071
133.5,-29.5,7.6308727
133.75,-29.5,7.5862594
134.0,-29.5,7.542607
134.25,-29.5,7.458216
134.5,-29.5,7.3035607
134.75,-29.5,7.219783
135.0,-29.5,7.228291
135.25,-29.5,7.120124
135.5,-29.5,7.0166655
135.75,-29.5,6.96349
136.0,-29.5,6.8642497
136.25,-29.5,6.73541
136.5,-29.5,6.6402354
136.75,-29.5,6.6118712
137.0,-29.5,6.585029
137.25,-29.5,6.6071024
137.5,-29.5,6.6458783
137.75,-29.5,6.5693564
138.0,-29.5,6.4863353
138.25,-29.5,6.49682
138.5,-29.5,6.569129
138.75,-29.5,6.662964
139.0,-29.5,6.5977883
139.25,-29.5,6.6368036
139.5,-29.5,6.6573987
139.75,-29.5,6.6437945
140.0,-29.5,6.5952964
140.25,-29.5,6.613466
140.5,-29.5,6.8612413
140.75,-29.5,7.0616255
141.0,-29.5,7.192065
141.25,-29.5,7.1429834
141.5,-29.5,6.9617023
141.75,-29.5,6.822491
142.0,-29.5,6.676961
142.25,-29.5,6.673433
142.5,-29.5,6.6933055
142.75,-29.5,6.7085342
143.0,-29.5,6.8599815
143.25,-29.5,7.073682
143.5,-29.5,7.123218
143.75,-29.5,7.1487174
144.0,-29.5,6.751036
144.25,-29.5,6.453345
144.5,-29.5,6.2228026
144.75,-29.5,6.2512527
145.0,-29.5,6.272828
145.25,-29.5,6.254793
145.5,-29.5,6.2560744
145.75,-29.5,6.2280254
146.0,-29.5,6.279479
146.25,-29.5,6.3110137
146.5,-29.5,6.372874
146.75,-29.5,6.430419
147.0,-29.5,6.4590797
147.25,-29.5,6.4165993
147.5,-29.5,6.3860774
147.75,-29.5,6.3112197
148.0,-29.5,6.2401376
148.25,-29.5,6.0999928
148.5,-29.5,6.1535
148.75,-29.5,6.216025
149.0,-29.5,6.1267195
149.25,-29.5,6.0486016
149.5,-29.5,6.043352
149.75,-29.5,6.059972
150.0,-29.5,5.915202
150.25,-29.5,5.5750866
150.5,-29.5,5.440584
150.75,-29.5,5.3341193
151.0,-29.5,5.425992
151.25,-29.5,5.2110014
151.5,-29.5,5.3315563
151.75,-29.5,5.213457
152.0,-29.5,4.5376287
152.25,-29.5,3.070097
152.5,-29.5,2.5945604
152.75,-29.5,3.371826
153.0,-29.5,4.4050813
153.25,-29.5,5.494582
115.0,-29.75,7.0895705
115.25,-29.75,6.905027
115.5,-29.75,7.1058917
115.75,-29.75,7.13086
116.0,-29.75,6.975668
116.25,-29.75,7.111419
116.5,-29.75,7.1885962
116.75,-29.75,7.138317
117.0,-29.75,7.1741595
117.25,-29.75,7.2660594
117.5,-29.75,7.4965024
117.75,-29.75,7.624018
118.0,-29.75,7.6046143
118.25,-29.75,7.443196
118.5,-29.75,7.403202
118.75,-29.75,7.53484
119.0,-29.75,7.696796
119.25,-29.75,7.65463
119.5,-29.75,7.609796
119.75,-29.75,7.690035
120.0,-29.75,7.6459866
120.25,-29.75,7.684024
120.5,-29.75,7.698639
120.75,-29.75,7.62461
121.0,-29.75,7.4654155
121.25,-29.75,7.5402837
121.5,-29.75,7.4168224
121.75,-29.75,7.31221
122.0,-29.75,7.1922174
122.25,-29.75,7.1595793
122.5,-29.75,7.058687
122.75,-29.75,7.0771084
123.0,-29.75,7.0505924
123.25,-29.75,7.014895
123.5,-29.75,6.9960585
123.75,-29.75,7.11166
124.0,-29.75,7.4350066
124.25,-29.75,7.4820137
124.5,-29.75,7.2550063
124.75,-29.75,6.813982
125.0,-29.75,6.6170545
125.25,-29.75,6.984914
125.5,-29.75,7.32873
125.75,-29.75,7.674088
126.0,-29.75,7.700394
126.25,-29.75,7.671498
126.5,-29.75,7.8513975
126.75,-29.75,7.8255625
127.0,-29.75,7.7977014
127.25,-29.75,7.450916
127.5,-29.75,7.3474207
127.75,-29.75,7.2452836
128.0,-29.75,7.1166124
128.25,-29.75,6.9762955
128.5,-29.75,6.970928
128.75,-29.75,7.188007
129.0,-29.75,7.2342534
129.25,-29.75,7.1844335
129.5,-29.75,6.9489765
129.75,-29.75,6.8034325
130.0,-29.75,6.7443056
130.25,-29.75,7.0785484
130.5,-29.75,7.4422307
130.75,-29.75,7.792597
131.0,-29.75,7.813198
131.25,-29.75,7.7845297
131.5,-29.75,7.649151
131.75,-29.75,7.419585
132.0,-29.75,7.365969
132.25,-29.75,7.2726254
132.5,-29.75,7.233495
132.75,-29.75,7.308847
133.0,-29.75,7.2865424
133.25,-29.75,7.4621277
133.5,-29.75,7.5391307
133.75,-29.75,7.6381884
134.0,-29.75,7.610192
134.25,-29.75,7.4666824
134.5,-29.75,7.3766103
134.75,-29.75,7.236235
135.0,-29.75,7.359028
135.25,-29.75,7.3666286
135.5,-29.75,7.1948023
135.75,-29.75,7.025964
136.0,-29.75,6.8766713
136.25,-29.75,6.851058
136.5,-29.75,6.9157124
136.75,-29.75,6.8540277
137.0,-29.75,6.8370757
137.25,-29.75,6.789416
137.5,-29.75,6.8049455
137.75,-29.75,6.748111
138.0,-29.75,6.6191945
138.25,-29.75,6.437637
138.5,-29.75,6.4537854
138.75,-29.75,6.517514
139.0,-29.75,6.5853686
139.25,-29.75,6.6037574
139.5,-29.75,6.3674436
139.75,-29.75,6.3682294
140.0,-29.75,6.4244895
140.25,-29.75,6.553395
140.5,-29.75,6.76288
140.75,-29.75,7.0145497
141.0,-29.75,7.102656
141.25,-29.75,7.1185975
141.5,-29.75,6.9844766
141.75,-29.75,6.827654
142.0,-29.75,6.8075876
142.25,-29.75,6.793712
142.5,-29.75,6.9050436
142.75,-29.75,6.9923863
143.0,-29.75,7.1373725
143.25,-29.75,7.072337
143.5,-29.75,7.0741825
143.75,-29.75,6.900489
144.0,-29.75,6.544439
144.25,-29.75,6.2461557
144.5,-29.75,6.2587013
144.75,-29.75,6.273158
145.0,-29.75,6.2813897
145.25,-29.75,6.2560325
145.5,-29.75,6.2296705
145.75,-29.75,6.34014
146.0,-29.75,6.3699903
146.25,-29.75,6.3992395
146.5,-29.75,6.507316
146.75,-29.75,6.547053
147.0,-29.75,6.5805235
147.25,-29.75,6.4922876
147.5,-29.75,6.416562
147.75,-29.75,6.4077764
148.0,-29.75,6.320488
148.25,-29.75,6.2871013
148.5,-29.75,6.337124
148.75,-29.75,6.3664775
149.0,-29.75,6.221226
149.25,-29.75,6.0962386
149.5,-29.75,6.070712
149.75,-29.75,6.0470867
150.0,-29.75,5.737995
150.25,-29.75,4.9041805
150.5,-29.75,4.741513
150.75,-29.75,4.882593
151.0,-29.75,5.018332
151.25,-29.75,5.255549
151.5,-29.75,5.5693164
151.75,-29.75,5.4664865
152.0,-29.75,4.311622
152.25,-29.75,2.854099
152.5,-29.75,2.6204555
152.75,-29.75,3.27213
153.0,-29.75,4.3162374
153.25,-29.75,5.7365212
115.0,-30.0,7.4726844
115.25,-30.0,7.1172047
115.5,-30.0,7.0381107
115.75,-30.0,7.066266
116.0,-30.0,6.9625545
116.25,-30.0,7.052939
116.5,-30.0,7.15606
116.75,-30.0,7.1996903
117.0,-30.0,7.20471
117.25,-30.0,7.3238893
117.5,-30.0,7.5207095
117.75,-30.0,7.61333
118.0,-30.0,7.40171
118.25,-30.0,7.1722436
118.5,-30.0,7.0942636
118.75,-30.0,7.339365
119.0,-30.0,7.6290064
119.25,-30.0,7.6792064
119.5,-30.0,7.5815034
119.75,-30.0,7.5377874
120.0,-30.0,7.4461136
120.25,-30.0,7.5452967
120.5,-30.0,7.6333675
120.75,-30.0,7.507461
121.0,-30.0,7.412325
121.25,-30.0,7.5003304
121.5,-30.0,7.443748
121.75,-30.0,7.3187356
122.0,-30.0,7.133402
122.25,-30.0,7.0667276
122.5,-30.0,7.0973167
122.75,-30.0,7.1506085
123.0,-30.0,7.0669107
123.25,-30.0,7.00591
123.5,-30.0,7.000957
123.75,-30.0,7.0699453
124.0,-30.0,7.312048
124.25,-30.0,7.224433
124.5,-30.0,6.989308
124.75,-30.0,6.790459
125.0,-30.0,6.6048555
125.25,-30.0,6.941797
125.5,-30.0,7.4170604
125.75,-30.0,7.755104
126.0,-30.0,7.8430023
126.25,-30.0,7.7241316
126.5,-30.0,7.8983874
126.75,-30.0,7.9893217
127.0,-30.0,7.9488473
127.25,-30.0,7.898298
127.5,-30.0,7.8104434
127.75,-30.0,7.6566367
128.0,-30.0,7.477927
128.25,-30.0,7.2949653
128.5,-30.0,7.3237157
128.75,-30.0,7.6314306
129.0,-30.0,7.7263
129.25,-30.0,7.637211
129.5,-30.0,7.3602505
129.75,-30.0,7.1357007
130.0,-30.0,6.9339123
130.25,-30.0,7.054152
130.5,-30.0,7.3261847
130.75,-30.0,7.6521587
131.0,-30.0,7.7851467
131.25,-30.0,7.7267413
131.5,-30.0,7.570158
131.75,-30.0,7.5059056
132.0,-30.0,7.4324794
132.25,-30.0,7.390632
132.5,-30.0,7.137678
132.75,-30.0,7.099243
133.0,-30.0,7.0374327
133.25,-30.0,7.1933365
133.5,-30.0,7.535983
133.75,-30.0,7.719248
134.0,-30.0,7.62732
134.25,-30.0,7.584949
134.5,-30.0,7.4500065
134.75,-30.0,7.3179326
135.0,-30.0,7.3064256
135.25,-30.0,7.332866
135.5,-30.0,7.268646
135.75,-30.0,7.057807
136.0,-30.0,6.941349
136.25,-30.0,6.9240003
136.5,-30.0,7.0122175
136.75,-30.0,7.126095
137.0,-30.0,7.0820274
137.25,-30.0,7.0108466
137.5,-30.0,6.98522
137.75,-30.0,6.9392695
138.0,-30.0,6.722708
138.25,-30.0,6.4749665
138.5,-30.0,6.44137
138.75,-30.0,6.5046697
139.0,-30.0,6.649106
139.25,-30.0,6.189211
139.5,-30.0,5.9821134
139.75,-30.0,6.01719
140.0,-30.0,6.1891465
140.25,-30.0,6.3654456
140.5,-30.0,6.6438127
140.75,-30.0,6.8682876
141.0,-30.0,7.062826
141.25,-30.0,7.1195445
141.5,-30.0,6.9926696
141.75,-30.0,6.9568844
142.0,-30.0,6.9248896
142.25,-30.0,6.9719033
142.5,-30.0,7.1113353
142.75,-30.0,7.235545
143.0,-30.0,7.2942824
143.25,-30.0,7.199447
143.5,-30.0,7.0212393
143.75,-30.0,6.7428575
144.0,-30.0,6.4583583
144.25,-30.0,6.4365263
144.5,-30.0,6.418329
144.75,-30.0,6.351881
145.0,-30.0,6.3085237
145.25,-30.0,6.26084
145.5,-30.0,6.2444606
145.75,-30.0,6.329182
146.0,-30.0,6.4288373
146.25,-30.0,6.4198003
146.5,-30.0,6.441883
146.75,-30.0,6.4627905
147.0,-30.0,6.480652
147.25,-30.0,6.6306663
147.5,-30.0,6.6004906
147.75,-30.0,6.6528234
148.0,-30.0,6.5913906
148.25,-30.0,6.527108
148.5,-30.0,6.4151707
148.75,-30.0,6.3393908
149.0,-30.0,6.1562715
149.25,-30.0,6.057174
149.5,-30.0,6.0021486
149.75,-30.0,5.812445
150.0,-30.0,5.3693795
150.25,-30.0,4.3923454
150.5,-30.0,4.259578
150.75,-30.0,4.3822346
151.0,-30.0,4.6651106
151.25,-30.0,5.1102257
151.5,-30.0,5.559202
151.75,-30.0,5.3711095
152.0,-30.0,4.2366476
152.25,-30.0,3.0611308
152.5,-30.0,3.0265489
152.75,-30.0,3.6286786
153.0,-30.0,4.3849797
115.25,-30.25,7.149792
115.5,-30.25,6.928021
115.75,-30.25,6.932062
116.0,-30.25,6.884071
116.25,-30.25,6.9940653
116.5,-30.25,7.100876
116.75,-30.25,7.1243887
117.0,-30.25,7.1983676
117.25,-30.25,7.351179
117.5,-30.25,7.651479
117.75,-30.25,7.7758756
118.0,-30.25,7.559428
118.25,-30.25,7.269833
118.5,-30.25,7.070206
118.75,-30.25,7.224388
119.0,-30.25,7.48433
119.25,-30.25,7.5746617
119.5,-30.25,7.580335
119.75,-30.25,7.530149
120.0,-30.25,7.4256845
120.25,-30.25,7.452232
120.5,-30.25,7.5443335
120.75,-30.25,7.551118
121.0,-30.25,7.543865
121.25,-30.25,7.670414
121.5,-30.25,7.770501
121.75,-30.25,7.653888
122.0,-30.25,7.5021048
122.25,-30.25,7.4272323
122.5,-30.25,7.478569
122.75,-30.25,7.2757454
123.0,-30.25,7.104521
123.25,-30.25,7.0555286
123.5,-30.25,7.0893774
123.75,-30.25,7.123462
124.0,-30.25,7.0388823
124.25,-30.25,6.8718266
124.5,-30.25,6.7428036
124.75,-30.25,6.7194715
125.0,-30.25,6.7728415
125.25,-30.25,6.97252
125.5,-30.25,7.405839
125.75,-30.25,7.7807384
126.0,-30.25,7.8828073
126.25,-30.25,7.7511578
126.5,-30.25,7.892748
126.75,-30.25,7.9293942
127.0,-30.25,7.903844
127.25,-30.25,7.9311805
127.5,-30.25,7.946494
127.75,-30.25,7.913709
128.0,-30.25,7.8190794
128.25,-30.25,7.7611284
128.5,-30.25,7.768523
128.75,-30.25,7.82729
129.0,-30.25,7.811782
129.25,-30.25,7.766443
129.5,-30.25,7.6855173
129.75,-30.25,7.599629
130.0,-30.25,7.4131227
130.25,-30.25,7.2100477
130.5,-30.25,7.3709054
130.75,-30.25,7.568043
131.0,-30.25,7.6685033
131.25,-30.25,7.603381
131.5,-30.25,7.3639393
131.75,-30.25,7.2865267
132.0,-30.25,7.370382
132.25,-30.25,7.4745307
132.5,-30.25,7.2544866
132.75,-30.25,7.075447
133.0,-30.25,6.9447713
133.25,-30.25,7.0075593
133.5,-30.25,7.3066278
133.75,-30.25,7.4840813
134.0,-30.25,7.3869233
134.25,-30.25,7.348495
134.5,-30.25,7.3097253
134.75,-30.25,7.243699
135.0,-30.25,7.03
135.25,-30.25,7.081335
135.5,-30.25,7.085001
135.75,-30.25,7.041188
136.0,-30.25,6.953475
136.25,-30.25,6.845536
136.5,-30.25,6.7386484
136.75,-30.25,6.9084167
137.0,-30.25,7.028267
137.25,-30.25,7.00963
137.5,-30.25,7.0860114
137.75,-30.25,7.1100745
138.0,-30.25,6.7927766
138.25,-30.25,6.520099
138.5,-30.25,6.567699
138.75,-30.25,6.802278
139.0,-30.25,6.6482606
139.25,-30.25,5.773767
139.5,-30.25,5.349897
139.75,-30.25,5.582121
140.0,-30.25,6.043069
140.25,-30.25,6.3530807
140.5,-30.25,6.615233
140.75,-30.25,6.8592033
141.0,-30.25,7.0288024
141.25,-30.25,7.0946546
141.5,-30.25,7.0764804
141.75,-30.25,7.073489
142.0,-30.25,7.0507193
142.25,-30.25,7.070106
142.5,-30.25,7.202105
142.75,-30.25,7.2925544
143.0,-30.25,7.33203
143.25,-30.25,7.334168
143.5,-30.25,7.249869
143.75,-30.25,7.0023527
144.0,-30.25,6.7752676
144.25,-30.25,6.7856417
144.5,-30.25,6.76753
144.75,-30.25,6.6045003
145.0,-30.25,6.4396687
145.25,-30.25,6.2892623
145.5,-30.25,6.2298155
145.75,-30.25,6.2417893
146.0,-30.25,6.2998786
146.25,-30.25,6.30359
146.5,-30.25,6.20499
146.75,-30.25,6.240256
147.0,-30.25,6.4612904
147.25,-30.25,6.7546
147.5,-30.25,6.755334
147.75,-30.25,6.759917
148.0,-30.25,6.6673775
148.25,-30.25,6.55597
148.5,-30.25,6.382323
148.75,-30.25,6.153508
149.0,-30.25,6.015467
149.25,-30.25,5.9129457
149.5,-30.25,5.743951
149.75,-30.25,5.4363856
150.0,-30.25,4.8988404
150.25,-30.25,4.2821646
150.5,-30.25,4.375537
150.75,-30.25,4.59046
151.0,-30.25,4.716864
151.25,-30.25,5.047534
151.5,-30.25,5.7916074
151.75,-30.25,5.6963696
152.0,-30.25,4.8324847
152.25,-30.25,3.828715
152.5,-30.25,3.6617627
152.75,-30.25,3.7363908
153.0,-30.25,4.5004277
115.25,-30.5,6.917002
115.5,-30.5,6.627384
115.75,-30.5,6.778866
116.0,-30.5,6.8679757
116.25,-30.5,6.926571
116.5,-30.5,7.0325384
116.75,-30.5,7.0112123
117.0,-30.5,7.175675
117.25,-30.5,7.441488
117.5,-30.5,7.6988606
117.75,-30.5,7.8057528
118.0,-30.5,7.7168922
118.25,-30.5,7.6091647
118.5,-30.5,7.4655933
118.75,-30.5,7.319459
119.0,-30.5,7.321307
119.25,-30.5,7.358194
119.5,-30.5,7.4237227
119.75,-30.5,7.4480567
120.0,-30.5,7.350791
120.25,-30.5,7.3721967
120.5,-30.5,7.433534
120.75,-30.5,7.463931
121.0,-30.5,7.4924836
121.25,-30.5,7.5886493
121.5,-30.5,7.7343287
121.75,-30.5,7.806227
122.0,-30.5,7.8608685
122.25,-30.5,7.945359
122.5,-30.5,7.933717
122.75,-30.5,7.651682
123.0,-30.5,7.3752637
123.25,-30.5,7.2193
123.5,-30.5,7.136291
123.75,-30.5,7.075064
124.0,-30.5,6.958968
124.25,-30.5,6.8343596
124.5,-30.5,6.7909756
124.75,-30.5,6.9424143
125.0,-30.5,7.03545
125.25,-30.5,7.156878
125.5,-30.5,7.3861637
125.75,-30.5,7.8043237
126.0,-30.5,7.761247
126.25,-30.5,7.8202863
126.5,-30.5,7.8942485
126.75,-30.5,7.8690176
127.0,-30.5,7.6797395
127.25,-30.5,7.7815347
127.5,-30.5,7.869412
127.75,-30.5,7.893031
128.0,-30.5,7.87473
128.25,-30.5,7.8462167
128.5,-30.5,7.843373
128.75,-30.5,7.8438067
129.0,-30.5,7.822037
129.25,-30.5,7.7902794
129.5,-30.5,7.681998
129.75,-30.5,7.636689
130.0,-30.5,7.618679
130.25,-30.5,7.5893974
130.5,-30.5,7.6524506
130.75,-30.5,7.6530676
131.0,-30.5,7.6242948
131.25,-30.5,7.579718
131.5,-30.5,7.495792
131.75,-30.5,7.4605265
132.0,-30.5,7.5532923
132.25,-30.5,7.669342
132.5,-30.5,7.6585383
132.75,-30.5,7.4975524
133.0,-30.5,7.245681
133.25,-30.5,7.0604286
133.5,-30.5,6.9842944
133.75,-30.5,6.970602
134.0,-30.5,6.8211575
134.25,-30.5,6.7807336
134.5,-30.5,6.8760996
134.75,-30.5,7.020279
135.0,-30.5,6.7751446
135.25,-30.5,6.7033186
135.5,-30.5,6.6998334
135.75,-30.5,6.710499
136.0,-30.5,6.6562295
136.25,-30.5,6.5537777
136.5,-30.5,6.5987844
136.75,-30.5,6.837142
137.0,-30.5,7.159085
137.25,-30.5,7.1700406
137.5,-30.5,7.2530465
137.75,-30.5,7.160516
138.0,-30.5,6.899134
138.25,-30.5,6.5903435
138.5,-30.5,6.8929563
138.75,-30.5,6.79548
139.0,-30.5,6.1289496
139.25,-30.5,5.1561637
139.5,-30.5,5.0272307
139.75,-30.5,5.6933722
140.0,-30.5,6.156254
140.25,-30.5,6.5014243
140.5,-30.5,6.7589
140.75,-30.5,6.9783387
141.0,-30.5,7.037946
141.25,-30.5,7.0865946
141.5,-30.5,7.1626043
141.75,-30.5,7.253356
142.0,-30.5,7.1522126
142.25,-30.5,7.1233635
142.5,-30.5,7.1612997
142.75,-30.5,7.2423773
143.0,-30.5,7.2675266
143.25,-30.5,7.3134894
143.5,-30.5,7.2865925
143.75,-30.5,7.20387
144.0,-30.5,7.0804486
144.25,-30.5,7.1675124
144.5,-30.5,7.131425
144.75,-30.5,6.9581857
145.0,-30.5,6.6683207
145.25,-30.5,6.372744
145.5,-30.5,6.2791657
145.75,-30.5,6.2577953
146.0,-30.5,6.244769
146.25,-30.5,6.2127852
146.5,-30.5,6.0735073
146.75,-30.5,6.103165
147.0,-30.5,6.350013
147.25,-30.5,6.659726
147.5,-30.5,6.4983983
147.75,-30.5,6.402041
148.0,-30.5,6.42422
148.25,-30.5,6.4508185
148.5,-30.5,6.3449244
148.75,-30.5,5.97797
149.0,-30.5,5.8347974
149.25,-30.5,5.762444
149.5,-30.5,5.6513653
149.75,-30.5,5.3433914
150.0,-30.5,4.7608647
150.25,-30.5,4.487768
150.5,-30.5,4.5913897
150.75,-30.5,4.9110484
151.0,-30.5,4.8945174
151.25,-30.5,5.337666
151.5,-30.5,5.6833477
151.75,-30.5,5.615221
152.0,-30.5,4.689298
152.25,-30.5,3.8420334
152.5,-30.5,3.209342
152.75,-30.5,3.299433
153.0,-30.5,4.2736754
115.25,-30.75,6.9718227
115.5,-30.75,6.4378586
115.75,-30.75,6.6551857
116.0,-30.75,6.8260617
116.25,-30.75,6.9351373
116.5,-30.75,6.9830365
116.75,-30.75,6.9834104
117.0,-30.75,7.1400166
117.25,-30.75,7.3325744
117.5,-30.75,7.4201136
117.75,-30.75,7.2894826
118.0,-30.75,7.249518
118.25,-30.75,7.294151
118.5,-30.75,7.300165
118.75,-30.75,7.288613
119.0,-30.75,7.3069706
119.25,-30.75,7.237789
119.5,-30.75,7.175105
119.75,-30.75,7.121559
120.0,-30.75,7.0637894
120.25,-30.75,7.2349997
120.5,-30.75,7.239176
120.75,-30.75,7.141134
121.0,-30.75,7.060237
121.25,-30.75,7.3399925
121.5,-30.75,7.6307826
121.75,-30.75,7.792085
122.0,-30.75,7.920774
122.25,-30.75,7.9935436
122.5,-30.75,7.8836904
122.75,-30.75,7.665927
123.0,-30.75,7.4723096
123.25,-30.75,7.3976994
123.5,-30.75,7.3135247
123.75,-30.75,7.2650166
124.0,-30.75,7.1546435
124.25,-30.75,7.059369
124.5,-30.75,7.133591
124.75,-30.75,7.501714
125.0,-30.75,7.644144
125.25,-30.75,7.675246
125.5,-30.75,7.7046432
125.75,-30.75,7.745276
126.0,-30.75,7.5573645
126.25,-30.75,7.6364193
126.5,-30.75,7.800796
126.75,-30.75,7.8510995
127.0,-30.75,7.6660004
127.25,-30.75,7.7634935
127.5,-30.75,7.859302
127.75,-30.75,7.895725
128.0,-30.75,7.8790717
128.25,-30.75,7.8163843
128.5,-30.75,7.8133163
128.75,-30.75,7.81389
129.0,-30.75,7.7826395
129.25,-30.75,7.650576
129.5,-30.75,7.493247
129.75,-30.75,7.439216
130.0,-30.75,7.4685388
130.25,-30.75,7.602579
130.5,-30.75,7.64377
130.75,-30.75,7.632359
131.0,-30.75,7.618146
131.25,-30.75,7.5934505
131.5,-30.75,7.524915
131.75,-30.75,7.538061
132.0,-30.75,7.584368
132.25,-30.75,7.66713
132.5,-30.75,7.7325964
132.75,-30.75,7.721278
133.0,-30.75,7.572247
133.25,-30.75,7.423655
133.5,-30.75,7.358982
133.75,-30.75,7.3047395
134.0,-30.75,6.9811287
134.25,-30.75,6.70717
134.5,-30.75,6.646089
134.75,-30.75,6.7822804
135.0,-30.75,6.775511
135.25,-30.75,6.692533
135.5,-30.75,6.6135178
135.75,-30.75,6.539792
136.0,-30.75,6.5498714
136.25,-30.75,6.6911364
136.5,-30.75,6.882509
136.75,-30.75,7.1595545
137.0,-30.75,7.39391
137.25,-30.75,7.337684
137.5,-30.75,7.391514
137.75,-30.75,7.2835326
138.0,-30.75,6.9971366
138.25,-30.75,6.605156
138.5,-30.75,6.7275677
138.75,-30.75,6.431577
139.0,-30.75,5.7630982
139.25,-30.75,5.0923123
139.5,-30.75,5.368977
139.75,-30.75,5.9567027
140.0,-30.75,6.3799515
140.25,-30.75,6.6914907
140.5,-30.75,6.9395394
140.75,-30.75,7.1067185
141.0,-30.75,7.1399956
141.25,-30.75,7.2041903
141.5,-30.75,7.302331
141.75,-30.75,7.339117
142.0,-30.75,7.223259
142.25,-30.75,7.20384
142.5,-30.75,7.2424045
142.75,-30.75,7.2919407
143.0,-30.75,7.3014097
143.25,-30.75,7.327417
143.5,-30.75,7.29809
143.75,-30.75,7.2616425
144.0,-30.75,7.2676487
144.25,-30.75,7.2486362
144.5,-30.75,7.0532146
144.75,-30.75,6.8029556
145.0,-30.75,6.5639887
145.25,-30.75,6.411531
145.5,-30.75,6.375505
145.75,-30.75,6.3235955
146.0,-30.75,6.2229033
146.25,-30.75,6.0668497
146.5,-30.75,5.9454355
146.75,-30.75,6.007538
147.0,-30.75,6.2480364
147.25,-30.75,6.498367
147.5,-30.75,6.308937
147.75,-30.75,6.2317123
148.0,-30.75,6.304656
148.25,-30.75,6.426333
148.5,-30.75,6.413766
148.75,-30.75,6.061328
149.0,-30.75,5.8797684
149.25,-30.75,5.826664
149.5,-30.75,5.8152113
149.75,-30.75,5.6016016
150.0,-30.75,5.2070637
150.25,-30.75,4.9192314
150.5,-30.75,4.813844
150.75,-30.75,4.7302027
151.0,-30.75,4.8161087
151.25,-30.75,5.450903
151.5,-30.75,5.518038
151.75,-30.75,4.854262
152.0,-30.75,3.2439163
152.25,-30.75,2.8753784
152.5,-30.75,2.7606132
152.75,-30.75,3.3816402
153.0,-30.75,4.77948
115.5,-31.0,6.6208167
115.75,-31.0,6.5725503
116.0,-31.0,6.7437806
116.25,-31.0,6.910578
116.5,-31.0,6.92828
116.75,-31.0,6.9294176
117.0,-31.0,6.996135
117.25,-31.0,7.0758705
117.5,-31.0,7.112588
117.75,-31.0,7.0790763
118.0,-31.0,6.9912148
118.25,-31.0,6.990189
118.5,-31.0,7.085984
118.75,-31.0,7.1916966
119.0,-31.0,7.396481
119.25,-31.0,7.2712975
119.5,-31.0,7.111166
119.75,-31.0,6.9490404
120.0,-31.0,6.9365654
120.25,-31.0,7.1051273
120.5,-31.0,7.0998425
120.75,-31.0,6.9622107
121.0,-31.0,6.7689824
121.25,-31.0,6.914201
121.5,-31.0,7.2301426
121.75,-31.0,7.553892
122.0,-31.0,7.7114043
122.25,-31.0,7.7266803
122.5,-31.0,7.562422
122.75,-31.0,7.402965
123.0,-31.0,7.3974156
123.25,-31.0,7.410704
123.5,-31.0,7.360388
123.75,-31.0,7.3049192
124.0,-31.0,7.2446036
124.25,-31.0,7.3360944
124.5,-31.0,7.541531
124.75,-31.0,7.8242655
125.0,-31.0,7.8274536
125.25,-31.0,7.7949157
125.5,-31.0,7.759762
125.75,-31.0,7.84578
126.0,-31.0,7.760501
126.25,-31.0,7.8050475
126.5,-31.0,7.9102745
126.75,-31.0,7.946921
127.0,-31.0,7.841877
127.25,-31.0,7.8531237
127.5,-31.0,7.8376555
127.75,-31.0,7.8143086
128.0,-31.0,7.7936773
128.25,-31.0,7.79046
128.5,-31.0,7.7800813
128.75,-31.0,7.756369
129.0,-31.0,7.6747084
129.25,-31.0,7.535736
129.5,-31.0,7.557173
129.75,-31.0,7.5340967
130.0,-31.0,7.584028
130.25,-31.0,7.63568
130.5,-31.0,7.607599
130.75,-31.0,7.4820447
131.0,-31.0,7.412689
131.25,-31.0,7.3800225
131.5,-31.0,7.374105
131.75,-31.0,7.4267344
132.0,-31.0,7.503558
132.25,-31.0,7.548589
132.5,-31.0,7.5319066
132.75,-31.0,7.4851327
133.0,-31.0,7.472685
133.25,-31.0,7.5846977
133.5,-31.0,7.6057353
133.75,-31.0,7.65699
134.0,-31.0,7.457381
134.25,-31.0,7.0968666
134.5,-31.0,6.817278
134.75,-31.0,6.7906218
135.0,-31.0,7.0710735
135.25,-31.0,7.148946
135.5,-31.0,7.0090313
135.75,-31.0,6.8208795
136.0,-31.0,6.8184114
136.25,-31.0,6.951403
136.5,-31.0,7.2185555
136.75,-31.0,7.437194
137.0,-31.0,7.45814
137.25,-31.0,7.3272686
137.5,-31.0,7.3313246
137.75,-31.0,7.245986
138.0,-31.0,6.9382014
138.25,-31.0,6.589679
138.5,-31.0,6.5510674
138.75,-31.0,6.3618903
139.0,-31.0,5.97162
139.25,-31.0,5.552553
139.5,-31.0,5.717632
139.75,-31.0,6.073224
140.0,-31.0,6.4765086
140.25,-31.0,6.7814736
140.5,-31.0,7.067301
140.75,-31.0,7.210486
141.0,-31.0,7.2265453
141.25,-31.0,7.256773
141.5,-31.0,7.2727942
141.75,-31.0,7.231882
142.0,-31.0,7.1647425
142.25,-31.0,7.3224506
142.5,-31.0,7.4118657
142.75,-31.0,7.358683
143.0,-31.0,7.198119
143.25,-31.0,7.2358394
143.5,-31.0,7.2893558
143.75,-31.0,7.293215
144.0,-31.0,7.3459253
144.25,-31.0,7.1618047
144.5,-31.0,6.8678827
144.75,-31.0,6.6113696
145.0,-31.0,6.4811535
145.25,-31.0,6.5217643
145.5,-31.0,6.4530234
145.75,-31.0,6.3432517
146.0,-31.0,6.164206
146.25,-31.0,5.98709
146.5,-31.0,5.9286427
146.75,-31.0,6.00052
147.0,-31.0,6.173917
147.25,-31.0,6.288741
147.5,-31.0,6.1734133
147.75,-31.0,6.146592
148.0,-31.0,6.2845993
148.25,-31.0,6.4215665
148.5,-31.0,6.5664263
148.75,-31.0,6.415949
149.0,-31.0,6.1315594
149.25,-31.0,5.9708395
149.5,-31.0,5.9286904
149.75,-31.0,5.791425
150.0,-31.0,5.5238695
150.25,-31.0,5.1252403
150.5,-31.0,4.74443
150.75,-31.0,4.4362173
151.0,-31.0,4.3823676
151.25,-31.0,5.0122333
151.5,-31.0,5.2338424
151.75,-31.0,4.7847567
152.0,-31.0,3.258496
152.25,-31.0,2.8819652
152.5,-31.0,3.1170242
152.75,-31.0,3.9165092
153.0,-31.0,5.418004
115.5,-31.25,7.096669
115.75,-31.25,6.376115
116.0,-31.25,6.4879684
116.25,-31.25,6.650559
116.5,-31.25,6.7114787
116.75,-31.25,6.7588477
117.0,-31.25,6.8705907
117.25,-31.25,6.939571
117.5,-31.25,7.022539
117.75,-31.25,7.03616
118.0,-31.25,6.962004
118.25,-31.25,7.0081244
118.5,-31.25,7.097606
118.75,-31.25,7.18731
119.0,-31.25,7.3310227
119.25,-31.25,7.1946497
119.5,-31.25,7.009453
119.75,-31.25,6.8510528
120.0,-31.25,7.001101
120.25,-31.25,7.03671
120.5,-31.25,6.9977107
120.75,-31.25,6.851524
121.0,-31.25,6.6799927
121.25,-31.25,6.64151
121.5,-31.25,6.798913
121.75,-31.25,7.0919724
122.0,-31.25,7.3129597
122.25,-31.25,7.2907424
122.5,-31.25,7.156055
122.75,-31.25,7.112606
123.0,-31.25,7.091065
123.25,-31.25,7.153914
123.5,-31.25,7.1724234
123.75,-31.25,7.185259
124.0,-31.25,7.302678
124.25,-31.25,7.4153495
124.5,-31.25,7.720708
124.75,-31.25,7.9317307
125.0,-31.25,7.94157
125.25,-31.25,7.9206257
125.5,-31.25,7.894993
125.75,-31.25,7.9345937
126.0,-31.25,7.9336543
126.25,-31.25,7.930136
126.5,-31.25,7.903429
126.75,-31.25,7.9055047
127.0,-31.25,7.8592815
127.25,-31.25,7.8406982
127.5,-31.25,7.810359
127.75,-31.25,7.7986984
128.0,-31.25,7.8003616
128.25,-31.25,7.7701163
128.5,-31.25,7.7385592
128.75,-31.25,7.689893
129.0,-31.25,7.6402354
129.25,-31.25,7.4824114
129.5,-31.25,7.4776826
129.75,-31.25,7.6082296
130.0,-31.25,7.686368
130.25,-31.25,7.745859
130.5,-31.25,7.6479173
130.75,-31.25,7.422713
131.0,-31.25,7.1775265
131.25,-31.25,7.0997825
131.5,-31.25,7.2207885
131.75,-31.25,7.2914124
132.0,-31.25,7.3293586
132.25,-31.25,7.310209
132.5,-31.25,7.2515893
132.75,-31.25,7.2022133
133.0,-31.25,7.3955307
133.25,-31.25,7.472093
133.5,-31.25,7.515416
133.75,-31.25,7.5477195
134.0,-31.25,7.5199575
134.25,-31.25,7.390997
134.5,-31.25,7.105594
134.75,-31.25,6.935725
135.0,-31.25,7.1608567
135.25,-31.25,7.2713666
135.5,-31.25,7.414541
135.75,-31.25,7.3250103
136.0,-31.25,7.261125
136.25,-31.25,6.938137
136.5,-31.25,7.138747
136.75,-31.25,7.268086
137.0,-31.25,7.2673635
137.25,-31.25,7.2151837
137.5,-31.25,7.2768655
137.75,-31.25,7.141806
138.0,-31.25,6.8509674
138.25,-31.25,6.456875
138.5,-31.25,6.183405
138.75,-31.25,6.0867453
139.0,-31.25,5.8059726
139.25,-31.25,5.816026
139.5,-31.25,6.0200143
139.75,-31.25,6.400504
140.0,-31.25,6.7337003
140.25,-31.25,7.01971
140.5,-31.25,7.20199
140.75,-31.25,7.2528543
141.0,-31.25,7.271856
141.25,-31.25,7.3538423
141.5,-31.25,7.3845344
141.75,-31.25,7.3151536
142.0,-31.25,7.1574926
142.25,-31.25,7.282393
142.5,-31.25,7.3831553
142.75,-31.25,7.3227005
143.0,-31.25,7.0963764
143.25,-31.25,7.168549
143.5,-31.25,7.2275095
143.75,-31.25,7.310271
144.0,-31.25,7.2840095
144.25,-31.25,7.053573
144.5,-31.25,6.7614436
144.75,-31.25,6.4924855
145.0,-31.25,6.512902
145.25,-31.25,6.5507874
145.5,-31.25,6.424433
145.75,-31.25,6.2987967
146.0,-31.25,6.1199803
146.25,-31.25,5.979572
146.5,-31.25,5.9692783
146.75,-31.25,6.006176
147.0,-31.25,6.085634
147.25,-31.25,6.158826
147.5,-31.25,6.1368265
147.75,-31.25,6.1197534
148.0,-31.25,6.234409
148.25,-31.25,6.383008
148.5,-31.25,6.48321
148.75,-31.25,6.3602333
149.0,-31.25,6.0526133
149.25,-31.25,5.885839
149.5,-31.25,5.7841144
149.75,-31.25,5.650932
150.0,-31.25,5.3343573
150.25,-31.25,5.1502233
150.5,-31.25,4.7378073
150.75,-31.25,4.6061935
151.0,-31.25,4.3397517
151.25,-31.25,4.6479974
151.5,-31.25,4.910383
151.75,-31.25,4.642358
152.0,-31.25,3.817479
152.25,-31.25,3.2825334
152.5,-31.25,3.5613027
152.75,-31.25,4.559281
115.75,-31.5,6.818485
116.0,-31.5,6.3153243
116.25,-31.5,6.4379783
116.5,-31.5,6.6201
116.75,-31.5,6.6777782
117.0,-31.5,6.794867
117.25,-31.5,6.923145
117.5,-31.5,6.9938755
117.75,-31.5,7.0236087
118.0,-31.5,6.9933844
118.25,-31.5,7.030798
118.5,-31.5,7.185378
118.75,-31.5,7.2721543
119.0,-31.5,7.446997
119.25,-31.5,7.2767224
119.5,-31.5,7.0636883
119.75,-31.5,6.772133
120.0,-31.5,6.931266
120.25,-31.5,7.0123334
120.5,-31.5,6.9558845
120.75,-31.5,6.7864957
121.0,-31.5,6.6331873
121.25,-31.5,6.5559344
121.5,-31.5,6.6688104
121.75,-31.5,6.9071245
122.0,-31.5,7.088167
122.25,-31.5,6.995439
122.5,-31.5,6.842362
122.75,-31.5,6.761672
123.0,-31.5,6.6771464
123.25,-31.5,6.674521
123.5,-31.5,6.769391
123.75,-31.5,7.0522933
124.0,-31.5,7.180419
124.25,-31.5,7.5063796
124.5,-31.5,7.8190556
124.75,-31.5,7.9789867
125.0,-31.5,8.0034485
125.25,-31.5,7.972515
125.5,-31.5,7.960799
125.75,-31.5,7.9534187
126.0,-31.5,7.9554086
126.25,-31.5,7.937653
126.5,-31.5,7.900997
126.75,-31.5,7.8702316
127.0,-31.5,7.8467126
127.25,-31.5,7.787476
127.5,-31.5,7.658541
127.75,-31.5,7.623682
128.0,-31.5,7.5816813
128.25,-31.5,7.6056232
128.5,-31.5,7.592743
128.75,-31.5,7.657348
129.0,-31.5,7.6060367
129.25,-31.5,7.3708334
129.5,-31.5,7.351418
129.75,-31.5,7.4915743
130.0,-31.5,7.9318438
130.25,-31.5,8.073651
130.5,-31.5,8.006407
130.75,-31.5,7.9226985
131.0,-31.5,7.6481094
131.25,-31.5,7.6256347
131.5,-31.5,7.6549697
131.75,-31.5,7.504645
132.0,-31.5,7.0432453
132.25,-31.5,6.9422374
132.5,-31.5,6.9432955
132.75,-31.5,7.0260367
133.0,-31.5,7.1544404
133.25,-31.5,7.182672
133.5,-31.5,7.153294
133.75,-31.5,7.2103424
134.0,-31.5,7.3796873
134.25,-31.5,7.209866
134.5,-31.5,7.0153165
134.75,-31.5,6.8343277
135.0,-31.5,6.940641
135.25,-31.5,7.142152
135.5,-31.5,7.2423787
135.75,-31.5,7.5018992
136.0,-31.5,7.4710937
136.25,-31.5,6.9845815
136.5,-31.5,6.754639
136.75,-31.5,6.843736
137.0,-31.5,6.8774734
137.25,-31.5,6.892823
137.5,-31.5,6.95569
137.75,-31.5,6.9345765
138.0,-31.5,6.6189423
138.25,-31.5,6.2951174
138.5,-31.5,5.8907847
138.75,-31.5,5.8382654
139.0,-31.5,6.020388
139.25,-31.5,6.086524
139.5,-31.5,6.327499
139.75,-31.5,6.68224
140.0,-31.5,7.0061655
140.25,-31.5,7.207881
140.5,-31.5,7.3502026
140.75,-31.5,7.3198514
141.0,-31.5,7.424531
141.25,-31.5,7.474861
141.5,-31.5,7.581406
141.75,-31.5,7.465366
142.0,-31.5,7.2089806
142.25,-31.5,7.139909
142.5,-31.5,7.2127137
142.75,-31.5,7.2001457
143.0,-31.5,7.032896
143.25,-31.5,7.103226
143.5,-31.5,7.227562
143.75,-31.5,7.2836065
144.0,-31.5,7.1317115
144.25,-31.5,6.8903565
144.5,-31.5,6.601771
144.75,-31.5,6.493594
145.0,-31.5,6.474825
145.25,-31.5,6.4434376
145.5,-31.5,6.327628
145.75,-31.5,6.178658
146.0,-31.5,6.164784
146.25,-31.5,6.037074
146.5,-31.5,5.9776573
146.75,-31.5,5.9731493
147.0,-31.5,6.0186768
147.25,-31.5,6.158546
147.5,-31.5,6.2026606
147.75,-31.5,6.151406
148.0,-31.5,6.2705626
148.25,-31.5,6.4091325
148.5,-31.5,6.4456673
148.75,-31.5,6.3044443
149.0,-31.5,6.038086
149.25,-31.5,5.8028364
149.5,-31.5,5.636503
149.75,-31.5,5.4490385
150.0,-31.5,5.038746
150.25,-31.5,4.830457
150.5,-31.5,4.84494
150.75,-31.5,4.657673
151.0,-31.5,4.2928576
151.25,-31.5,4.071823
151.5,-31.5,4.3916173
151.75,-31.5,4.1829534
152.0,-31.5,3.7858377
152.25,-31.5,3.574973
152.5,-31.5,4.047129
152.75,-31.5,5.0876007
115.75,-31.75,7.1077857
116.0,-31.75,6.5815125
116.25,-31.75,6.4286175
116.5,-31.75,6.624913
116.75,-31.75,6.686658
117.0,-31.75,6.8413825
117.25,-31.75,6.9605637
117.5,-31.75,7.0213733
117.75,-31.75,7.0466404
118.0,-31.75,7.0089407
118.25,-31.75,7.0739784
118.5,-31.75,7.197951
118.75,-31.75,7.315972
119.0,-31.75,7.4936223
119.25,-31.75,7.2942653
119.5,-31.75,6.9248962
119.75,-31.75,6.6198792
120.0,-31.75,6.7452054
120.25,-31.75,6.876928
120.5,-31.75,6.81026
120.75,-31.75,6.7352166
121.0,-31.75,6.5973916
121.25,-31.75,6.5972667
121.5,-31.75,6.6277776
121.75,-31.75,6.82988
122.0,-31.75,6.8941164
122.25,-31.75,6.7461076
122.5,-31.75,6.574884
122.75,-31.75,6.535801
123.0,-31.75,6.424607
123.25,-31.75,6.380651
123.5,-31.75,6.5277987
123.75,-31.75,6.851623
124.0,-31.75,7.1745734
124.25,-31.75,7.481728
124.5,-31.75,7.8511944
124.75,-31.75,7.980919
125.0,-31.75,7.9865437
125.25,-31.75,8.004152
125.5,-31.75,7.985093
125.75,-31.75,7.9408383
126.0,-31.75,7.876841
126.25,-31.75,7.8444805
126.5,-31.75,7.7328405
126.75,-31.75,7.6709113
127.0,-31.75,7.582605
127.25,-31.75,7.443173
127.5,-31.75,7.3091083
127.75,-31.75,7.217772
128.0,-31.75,7.149096
128.25,-31.75,7.2526116
128.5,-31.75,7.6615644
128.75,-31.75,7.7299786
132.0,-31.75,7.3789115
132.25,-31.75,6.930318
132.5,-31.75,6.8742766
132.75,-31.75,6.9767995
133.0,-31.75,7.065218
133.25,-31.75,7.040148
133.5,-31.75,6.984727
133.75,-31.75,6.9894767
134.0,-31.75,7.1004143
134.25,-31.75,7.017106
134.5,-31.75,6.761621
134.75,-31.75,6.7193604
135.0,-31.75,6.753568
135.25,-31.75,6.878218
135.5,-31.75,6.9353952
135.75,-31.75,7.1282444
136.0,-31.75,7.2879457
136.25,-31.75,6.8787413
136.5,-31.75,6.6116576
136.75,-31.75,6.6047344
137.0,-31.75,6.6409717
137.25,-31.75,6.6237154
137.5,-31.75,6.5687065
137.75,-31.75,6.520133
138.0,-31.75,6.3971815
138.25,-31.75,6.2442985
138.5,-31.75,6.085844
138.75,-31.75,5.9755373
139.0,-31.75,6.1355033
139.25,-31.75,6.150779
139.5,-31.75,6.4987617
139.75,-31.75,6.88809
140.0,-31.75,7.243894
140.25,-31.75,7.427101
140.5,-31.75,7.500881
140.75,-31.75,7.447247
141.0,-31.75,7.518775
141.25,-31.75,7.6342406
141.5,-31.75,7.7248473
141.75,-31.75,7.498274
142.0,-31.75,7.1548696
142.25,-31.75,7.0649533
142.5,-31.75,7.1222687
142.75,-31.75,7.105769
143.0,-31.75,7.018035
143.25,-31.75,7.083616
143.5,-31.75,7.1865253
143.75,-31.75,7.2129793
144.0,-31.75,7.0600557
144.25,-31.75,6.817846
144.5,-31.75,6.6501937
144.75,-31.75,6.514885
145.0,-31.75,6.409742
145.25,-31.75,6.344795
145.5,-31.75,6.236665
145.75,-31.75,6.255746
146.0,-31.75,6.207536
146.25,-31.75,6.1122746
146.5,-31.75,5.9874983
146.75,-31.75,5.942791
147.0,-31.75,6.007053
147.25,-31.75,6.1260285
147.5,-31.75,6.2447877
147.75,-31.75,6.2054996
148.0,-31.75,6.3018513
148.25,-31.75,6.4254017
148.5,-31.75,6.441568
148.75,-31.75,6.261209
149.0,-31.75,6.058255
149.25,-31.75,5.8184714
149.5,-31.75,5.713607
149.75,-31.75,5.557581
150.0,-31.75,5.089771
150.25,-31.75,4.7906117
150.5,-31.75,4.7276044
150.75,-31.75,4.394933
151.0,-31.75,4.0809894
151.25,-31.75,3.8779707
151.5,-31.75,3.503207
151.75,-31.75,3.3696222
152.0,-31.75,3.4912694
152.25,-31.75,3.9595544
152.5,-31.75,4.485767
152.75,-31.75,5.771616
115.75,-32.0,7.333911
116.0,-32.0,6.624447
116.25,-32.0,6.4632
116.5,-32.0,6.614153
116.75,-32.0,6.7066627
117.0,-32.0,6.866929
117.25,-32.0,7.000552
117.5,-32.0,7.050316
117.75,-32.0,7.13663
118.0,-32.0,7.077643
118.25,-32.0,7.114823
118.5,-32.0,7.1634126
118.75,-32.0,7.2452927
119.0,-32.0,7.325389
119.25,-32.0,7.074707
119.5,-32.0,6.688972
119.75,-32.0,6.5097775
120.0,-32.0,6.591389
120.25,-32.0,6.6682234
120.5,-32.0,6.623513
120.75,-32.0,6.5419703
121.0,-32.0,6.540287
121.25,-32.0,6.5887437
121.5,-32.0,6.569571
121.75,-32.0,6.568678
122.0,-32.0,6.5860157
122.25,-32.0,6.499698
122.5,-32.0,6.416506
122.75,-32.0,6.3703003
123.0,-32.0,6.346881
123.25,-32.0,6.300061
123.5,-32.0,6.5401945
123.75,-32.0,6.8616815
124.0,-32.0,7.1586595
124.25,-32.0,7.4368405
124.5,-32.0,7.8164024
124.75,-32.0,7.9612374
125.0,-32.0,7.951975
125.25,-32.0,7.953457
125.5,-32.0,7.9577
125.75,-32.0,7.9238334
126.0,-32.0,7.789879
126.25,-32.0,7.5694838
126.5,-32.0,7.456599
126.75,-32.0,7.2620683
127.0,-32.0,7.06273
127.25,-32.0,6.92693
127.5,-32.0,7.288896
127.75,-32.0,7.207916
128.0,-32.0,7.309159
132.25,-32.0,7.5195045
133.0,-32.0,7.472458
133.25,-32.0,7.443734
133.5,-32.0,7.3461547
133.75,-32.0,7.123082
134.0,-32.0,6.928624
134.25,-32.0,6.806404
134.5,-32.0,6.8015394
134.75,-32.0,6.769825
135.0,-32.0,6.752816
135.25,-32.0,6.7328396
135.5,-32.0,6.72334
135.75,-32.0,6.759256
136.0,-32.0,6.953093
136.25,-32.0,6.668527
136.5,-32.0,6.5800667
136.75,-32.0,6.561547
137.0,-32.0,6.648717
137.25,-32.0,6.5388703
137.5,-32.0,6.3875856
137.75,-32.0,5.9831123
138.0,-32.0,5.816295
138.25,-32.0,6.1811776
138.5,-32.0,6.5862503
138.75,-32.0,6.383707
139.0,-32.0,6.0557995
139.25,-32.0,5.975073
139.5,-32.0,6.54978
139.75,-32.0,7.1545134
140.0,-32.0,7.4834
140.25,-32.0,7.623574
140.5,-32.0,7.656418
140.75,-32.0,7.616586
141.0,-32.0,7.6526666
141.25,-32.0,7.7422137
141.5,-32.0,7.650834
141.75,-32.0,7.3716083
142.0,-32.0,7.039783
142.25,-32.0,6.9920597
142.5,-32.0,7.024082
142.75,-32.0,7.067618
143.0,-32.0,7.09569
143.25,-32.0,7.1128063
143.5,-32.0,7.109133
143.75,-32.0,7.1062236
144.0,-32.0,7.0233903
144.25,-32.0,6.772137
144.5,-32.0,6.579655
144.75,-32.0,6.494331
145.0,-32.0,6.3428817
145.25,-32.0,6.3085265
145.5,-32.0,6.341153
145.75,-32.0,6.3201294
146.0,-32.0,6.2953234
146.25,-32.0,6.194316
146.5,-32.0,6.045435
146.75,-32.0,5.96763
147.0,-32.0,5.993164
147.25,-32.0,6.114103
147.5,-32.0,6.25556
147.75,-32.0,6.2195787
148.0,-32.0,6.318796
148.25,-32.0,6.424673
148.5,-32.0,6.382781
148.75,-32.0,6.173441
149.0,-32.0,5.997675
149.25,-32.0,6.0268526
149.5,-32.0,5.9572277
149.75,-32.0,5.8151126
150.0,-32.0,5.310626
150.25,-32.0,4.923883
150.5,-32.0,4.751275
150.75,-32.0,4.3184624
151.0,-32.0,4.1250844
151.25,-32.0,4.0026836
151.5,-32.0,3.6693158
151.75,-32.0,3.3369138
152.0,-32.0,3.589043
152.25,-32.0,4.3185077
152.5,-32.0,5.489896
115.75,-32.25,7.3585153
116.0,-32.25,6.6488204
116.25,-32.25,6.4598927
116.5,-32.25,6.581375
116.75,-32.25,6.696199
117.0,-32.25,6.874188
117.25,-32.25,7.0069256
117.5,-32.25,7.0965943
117.75,-32.25,7.2396145
118.0,-32.25,7.1477346
118.25,-32.25,7.1071253
118.5,-32.25,7.113206
118.75,-32.25,7.1654162
119.0,-32.25,7.1125674
119.25,-32.25,6.8514853
119.5,-32.25,6.656594
119.75,-32.25,6.532047
120.0,-32.25,6.518138
120.25,-32.25,6.4963765
120.5,-32.25,6.46838
120.75,-32.25,6.471803
121.0,-32.25,6.46879
121.25,-32.25,6.4344535
121.5,-32.25,6.351633
121.75,-32.25,6.3229938
122.0,-32.25,6.3661714
122.25,-32.25,6.3436017
122.5,-32.25,6.3407207
122.75,-32.25,6.3050437
123.0,-32.25,6.272222
123.25,-32.25,6.345826
123.5,-32.25,6.658557
123.75,-32.25,6.9396944
124.0,-32.25,7.2254677
124.25,-32.25,7.464269
124.5,-32.25,7.7478004
124.75,-32.25,7.896484
125.0,-32.25,7.858277
125.25,-32.25,7.8580437
125.5,-32.25,7.834458
125.75,-32.25,7.992061
126.0,-32.25,7.917015
126.25,-32.25,7.655888
126.5,-32.25,7.51949
126.75,-32.25,7.2815237
127.0,-32.25,7.049455
127.25,-32.25,7.149546
133.75,-32.25,7.6069684
134.0,-32.25,7.186693
134.25,-32.25,6.863155
134.5,-32.25,6.81771
134.75,-32.25,6.885139
135.0,-32.25,6.823865
135.25,-32.25,6.733102
135.5,-32.25,6.6358023
135.75,-32.25,6.6091213
136.0,-32.25,6.745091
136.25,-32.25,6.6597743
136.5,-32.25,6.591104
136.75,-32.25,6.618343
137.0,-32.25,6.7131624
137.25,-32.25,6.554271
137.5,-32.25,6.2180986
137.75,-32.25,5.748052
138.0,-32.25,5.479534
138.25,-32.25,5.9091516
138.5,-32.25,6.492261
138.75,-32.25,6.289386
139.0,-32.25,5.9292207
139.25,-32.25,6.099779
139.5,-32.25,6.7936325
139.75,-32.25,7.4302607
140.0,-32.25,7.673968
140.25,-32.25,7.8064327
140.5,-32.25,7.7677364
140.75,-32.25,7.721743
141.0,-32.25,7.679016
141.25,-32.25,7.59927
141.5,-32.25,7.455926
141.75,-32.25,7.1816473
142.0,-32.25,6.9108396
142.25,-32.25,6.838854
142.5,-32.25,6.8642874
142.75,-32.25,6.8970366
143.0,-32.25,7.06016
143.25,-32.25,7.165026
143.5,-32.25,7.118536
143.75,-32.25,7.0427227
144.0,-32.25,6.931132
144.25,-32.25,6.621345
144.5,-32.25,6.4634504
144.75,-32.25,6.3561835
145.0,-32.25,6.3123636
145.25,-32.25,6.304088
145.5,-32.25,6.350334
145.75,-32.25,6.382751
146.0,-32.25,6.3218446
146.25,-32.25,6.3056655
146.5,-32.25,6.191779
146.75,-32.25,6.088292
147.0,-32.25,6.0638976
147.25,-32.25,6.1327505
147.5,-32.25,6.2499804
147.75,-32.25,6.258756
148.0,-32.25,6.3200774
148.25,-32.25,6.3693094
148.5,-32.25,6.2923985
148.75,-32.25,6.096313
149.0,-32.25,6.051164
149.25,-32.25,6.0798397
149.5,-32.25,6.0363393
149.75,-32.25,5.77021
150.0,-32.25,5.247441
150.25,-32.25,4.993062
150.5,-32.25,4.7858233
150.75,-32.25,4.724596
151.0,-32.25,4.6435804
151.25,-32.25,4.446038
151.5,-32.25,4.291101
151.75,-32.25,4.055098
152.0,-32.25,4.3286233
152.25,-32.25,5.0318985
152.5,-32.25,6.3621936
115.75,-32.5,7.334314
116.0,-32.5,6.662608
116.25,-32.5,6.5185084
116.5,-32.5,6.611312
116.75,-32.5,6.7536044
117.0,-32.5,6.9490685
117.25,-32.5,7.099501
117.5,-32.5,7.148354
117.75,-32.5,7.2456436
118.0,-32.5,7.163101
118.25,-32.5,7.0996614
118.5,-32.5,7.0897007
118.75,-32.5,7.1371403
119.0,-32.5,7.1001964
119.25,-32.5,6.950364
119.5,-32.5,6.7521014
119.75,-32.5,6.575282
120.0,-32.5,6.4688206
120.25,-32.5,6.5070543
120.5,-32.5,6.561372
120.75,-32.5,6.5626483
121.0,-32.5,6.4869285
121.25,-32.5,6.3330445
121.5,-32.5,6.2786107
121.75,-32.5,6.36474
122.0,-32.5,6.418842
122.25,-32.5,6.3785815
122.5,-32.5,6.283575
122.75,-32.5,6.234832
123.0,-32.5,6.204085
123.25,-32.5,6.2991285
123.5,-32.5,6.6899214
123.75,-32.5,7.1173573
124.0,-32.5,7.4158106
124.25,-32.5,7.5737276
124.5,-32.5,7.663944
124.75,-32.5,7.6358685
125.0,-32.5,7.743098
125.25,-32.5,7.781186
125.5,-32.5,7.936069
134.25,-32.5,7.2236166
134.5,-32.5,6.8746
134.75,-32.5,6.8740096
135.0,-32.5,6.8115687
135.25,-32.5,6.651522
135.5,-32.5,6.4839983
135.75,-32.5,6.478211
136.0,-32.5,6.607479
136.25,-32.5,6.705058
136.5,-32.5,6.7276793
136.75,-32.5,6.7472835
137.0,-32.5,6.7465367
137.25,-32.5,6.5884295
137.5,-32.5,6.187132
137.75,-32.5,5.741299
138.0,-32.5,5.4630585
138.25,-32.5,5.702765
138.5,-32.5,6.1583595
138.75,-32.5,6.0829344
139.0,-32.5,6.129523
139.25,-32.5,6.488179
139.5,-32.5,7.1299977
139.75,-32.5,7.377301
140.0,-32.5,7.59381
140.25,-32.5,7.696266
140.5,-32.5,7.629591
140.75,-32.5,7.53775
141.0,-32.5,7.464129
141.25,-32.5,7.3516893
141.5,-32.5,7.2402005
141.75,-32.5,6.9845247
142.0,-32.5,6.7124476
142.25,-32.5,6.6447325
142.5,-32.5,6.6559696
142.75,-32.5,6.6739054
143.0,-32.5,6.8747935
143.25,-32.5,7.0253077
143.5,-32.5,7.106572
143.75,-32.5,7.025596
144.0,-32.5,6.881181
144.25,-32.5,6.547782
144.5,-32.5,6.383672
144.75,-32.5,6.354329
145.0,-32.5,6.3275485
145.25,-32.5,6.2942066
145.5,-32.5,6.3095665
145.75,-32.5,6.3437753
146.0,-32.5,6.3647614
146.25,-32.5,6.3991957
146.5,-32.5,6.2943487
146.75,-32.5,6.224475
147.0,-32.5,6.176349
147.25,-32.5,6.2384143
147.5,-32.5,6.267173
147.75,-32.5,6.2380476
148.0,-32.5,6.2850475
148.25,-32.5,6.315141
148.5,-32.5,6.202712
148.75,-32.5,5.946043
149.0,-32.5,5.8156495
149.25,-32.5,5.7182117
149.5,-32.5,5.685322
149.75,-32.5,5.4828053
150.0,-32.5,5.0327473
150.25,-32.5,4.8369803
150.5,-32.5,4.815728
150.75,-32.5,4.9273996
151.0,-32.5,4.8851047
151.25,-32.5,4.696711
151.5,-32.5,4.569392
151.75,-32.5,4.891576
152.0,-32.5,5.3321376
152.25,-32.5,6.142403
115.75,-32.75,7.2723594
116.0,-32.75,6.6174855
116.25,-32.75,6.498455
116.5,-32.75,6.5739126
116.75,-32.75,6.719153
117.0,-32.75,7.0118775
117.25,-32.75,7.202612
117.5,-32.75,7.255311
117.75,-32.75,7.27798
118.0,-32.75,7.191274
118.25,-32.75,7.1212873
118.5,-32.75,7.0851564
118.75,-32.75,7.091587
119.0,-32.75,7.0914536
119.25,-32.75,7.016063
119.5,-32.75,6.9243994
119.75,-32.75,6.7709756
120.0,-32.75,6.4940057
120.25,-32.75,6.336869
120.5,-32.75,6.4170175
120.75,-32.75,6.5111504
121.0,-32.75,6.511404
121.25,-32.75,6.3855033
121.5,-32.75,6.4393334
121.75,-32.75,6.5635586
122.0,-32.75,6.6310773
122.25,-32.75,6.526164
122.5,-32.75,6.374821
122.75,-32.75,6.2724047
123.0,-32.75,6.1983376
123.25,-32.75,6.20577
123.5,-32.75,6.524583
123.75,-32.75,6.862591
124.0,-32.75,7.1034136
124.25,-32.75,7.238682
124.5,-32.75,7.346818
124.75,-32.75,7.4615726
125.0,-32.75,7.8876367
134.25,-32.75,7.608173
134.5,-32.75,7.029677
134.75,-32.75,6.7350616
135.0,-32.75,6.6884494
135.25,-32.75,6.5492926
135.5,-32.75,6.456615
135.75,-32.75,6.475309
136.0,-32.75,6.6897078
136.25,-32.75,6.8421297
136.5,-32.75,6.7694674
136.75,-32.75,6.6876183
137.0,-32.75,6.687723
137.25,-32.75,6.5394773
137.5,-32.75,6.156672
137.75,-32.75,5.7650084
138.0,-32.75,5.5183306
138.25,-32.75,5.562656
138.5,-32.75,6.154908
138.75,-32.75,6.394606
139.0,-32.75,6.487281
139.25,-32.75,6.6033044
139.5,-32.75,6.955352
139.75,-32.75,7.0278454
140.0,-32.75,7.1580253
140.25,-32.75,7.270934
140.5,-32.75,7.2766733
140.75,-32.75,7.1890864
141.0,-32.75,7.1282883
141.25,-32.75,7.0544486
141.5,-32.75,6.9646506
141.75,-32.75,6.838017
142.0,-32.75,6.6046004
142.25,-32.75,6.5206532
142.5,-32.75,6.5128407
142.75,-32.75,6.5173635
143.0,-32.75,6.63966
143.25,-32.75,6.888395
143.5,-32.75,7.0154796
143.75,-32.75,6.974561
144.0,-32.75,6.791002
144.25,-32.75,6.5361047
144.5,-32.75,6.4877434
144.75,-32.75,6.482853
145.0,-32.75,6.453558
145.25,-32.75,6.352626
145.5,-32.75,6.283535
145.75,-32.75,6.2291956
146.0,-32.75,6.201799
146.25,-32.75,6.1946697
146.5,-32.75,6.1582894
146.75,-32.75,6.1404104
147.0,-32.75,6.1940527
147.25,-32.75,6.307419
147.5,-32.75,6.356552
147.75,-32.75,6.2593875
148.0,-32.75,6.236853
148.25,-32.75,6.2300005
148.5,-32.75,6.100418
148.75,-32.75,5.8294797
149.0,-32.75,5.4105334
149.25,-32.75,5.173222
149.5,-32.75,5.186872
149.75,-32.75,5.288913
150.0,-32.75,5.0133758
150.25,-32.75,4.805542
150.5,-32.75,4.7212143
150.75,-32.75,4.8159375
151.0,-32.75,4.7501693
151.25,-32.75,4.681861
151.5,-32.75,4.958747
151.75,-32.75,5.606354
152.0,-32.75,6.4942627
115.75,-33.0,7.1542835
116.0,-33.0,6.5265393
116.25,-33.0,6.468598
116.5,-33.0,6.6151805
116.75,-33.0,6.774576
117.0,-33.0,6.974688
117.25,-33.0,7.101739
117.5,-33.0,7.1511507
117.75,-33.0,7.258917
118.0,-33.0,7.242099
118.25,-33.0,7.186774
118.5,-33.0,7.1296983
118.75,-33.0,7.107897
119.0,-33.0,7.14295
119.25,-33.0,7.0169215
119.5,-33.0,6.941448
119.75,-33.0,6.849213
120.0,-33.0,6.6266727
120.25,-33.0,6.310272
120.5,-33.0,6.305248
120.75,-33.0,6.381914
121.0,-33.0,6.4301286
121.25,-33.0,6.4811506
121.5,-33.0,6.7366695
121.75,-33.0,6.8602095
122.0,-33.0,6.790641
122.25,-33.0,6.5118585
122.5,-33.0,6.4513884
122.75,-33.0,6.312106
123.0,-33.0,6.163593
123.25,-33.0,6.0635934
123.5,-33.0,6.2057714
123.75,-33.0,6.3471074
124.0,-33.0,6.7371845
124.25,-33.0,7.253296
134.25,-33.0,7.769506
134.5,-33.0,7.14627
134.75,-33.0,6.734603
135.0,-33.0,6.5199614
135.25,-33.0,6.444996
135.5,-33.0,6.4384694
135.75,-33.0,6.4794316
136.0,-33.0,6.5800014
136.25,-33.0,6.828829
136.5,-33.0,6.81869
136.75,-33.0,6.72292
137.0,-33.0,6.6252704
137.25,-33.0,6.4956617
137.5,-33.0,6.4592133
138.0,-33.0,5.9608755
138.25,-33.0,5.7216682
138.5,-33.0,6.419549
138.75,-33.0,6.7901063
139.0,-33.0,6.798093
139.25,-33.0,6.5666614
139.5,-33.0,6.5107718
139.75,-33.0,6.539606
140.0,-33.0,6.729964
140.25,-33.0,6.940524
140.5,-33.0,7.057712
140.75,-33.0,7.0480385
141.0,-33.0,6.9863253
141.25,-33.0,6.8479424
141.5,-33.0,6.6763477
141.75,-33.0,6.6403255
142.0,-33.0,6.621794
142.25,-33.0,6.571159
142.5,-33.0,6.529822
142.75,-33.0,6.509678
143.0,-33.0,6.5863624
143.25,-33.0,6.8072786
143.5,-33.0,6.9310627
143.75,-33.0,6.892265
144.0,-33.0,6.661382
144.25,-33.0,6.539746
144.5,-33.0,6.7035284
144.75,-33.0,6.831645
145.0,-33.0,6.8128853
145.25,-33.0,6.517945
145.5,-33.0,6.246731
145.75,-33.0,6.043112
146.0,-33.0,5.9495983
146.25,-33.0,5.9444075
146.5,-33.0,6.0775223
146.75,-33.0,6.10407
147.0,-33.0,6.1206675
147.25,-33.0,6.143668
147.5,-33.0,6.1914725
147.75,-33.0,6.1692615
148.0,-33.0,6.193151
148.25,-33.0,6.26258
148.5,-33.0,6.228533
148.75,-33.0,6.1525774
149.0,-33.0,5.67491
149.25,-33.0,5.274346
149.5,-33.0,5.0420103
149.75,-33.0,4.96324
150.0,-33.0,4.797998
150.25,-33.0,4.6531234
150.5,-33.0,4.5761285
150.75,-33.0,4.6758575
151.0,-33.0,4.767099
151.25,-33.0,4.9498568
151.5,-33.0,5.7636237
115.75,-33.25,6.9940276
116.0,-33.25,6.5496197
116.25,-33.25,6.5570636
116.5,-33.25,6.660638
116.75,-33.25,6.816834
117.0,-33.25,6.9853463
117.25,-33.25,7.032573
117.5,-33.25,7.036701
117.75,-33.25,7.131502
118.0,-33.25,7.2471137
118.25,-33.25,7.276312
118.5,-33.25,7.291077
118.75,-33.25,7.2132773
119.0,-33.25,7.1213784
119.25,-33.25,7.0056677
119.5,-33.25,6.962951
119.75,-33.25,6.945544
120.0,-33.25,6.72388
120.25,-33.25,6.386995
120.5,-33.25,6.3239136
120.75,-33.25,6.40879
121.0,-33.25,6.530495
121.25,-33.25,6.6245155
121.5,-33.25,6.869992
121.75,-33.25,6.969446
122.0,-33.25,6.861798
122.25,-33.25,6.5310845
122.5,-33.25,6.5046296
122.75,-33.25,6.335364
123.0,-33.25,6.1920247
123.25,-33.25,6.1381
123.5,-33.25,6.2124043
123.75,-33.25,6.324012
124.0,-33.25,6.8541584
134.75,-33.25,7.48218
135.0,-33.25,6.6979055
135.25,-33.25,6.378124
135.5,-33.25,6.3522797
135.75,-33.25,6.4656324
136.0,-33.25,6.5485177
136.25,-33.25,6.957613
136.5,-33.25,6.973973
136.75,-33.25,6.79623
137.0,-33.25,6.503145
137.25,-33.25,6.7045217
138.0,-33.25,6.3059673
138.25,-33.25,6.0414605
138.5,-33.25,6.587473
138.75,-33.25,6.7581162
139.0,-33.25,6.5102777
139.25,-33.25,6.1977935
139.5,-33.25,6.1335077
139.75,-33.25,6.3159943
140.0,-33.25,6.5477653
140.25,-33.25,6.844907
140.5,-33.25,6.9929423
140.75,-33.25,7.011163
141.0,-33.25,6.991329
141.25,-33.25,6.848289
141.5,-33.25,6.683984
141.75,-33.25,6.664382
142.0,-33.25,6.771767
142.25,-33.25,6.811028
142.5,-33.25,6.754095
142.75,-33.25,6.6145873
143.0,-33.25,6.5787883
143.25,-33.25,6.705613
143.5,-33.25,6.848454
143.75,-33.25,6.8715615
144.0,-33.25,6.8518376
144.25,-33.25,6.740431
144.5,-33.25,6.848346
144.75,-33.25,6.9751515
145.0,-33.25,6.958048
145.25,-33.25,6.698842
145.5,-33.25,6.372265
145.75,-33.25,6.161814
146.0,-33.25,6.0931296
146.25,-33.25,6.088421
146.5,-33.25,6.2054443
146.75,-33.25,6.2409897
147.0,-33.25,6.186147
147.25,-33.25,6.0372477
147.5,-33.25,5.954306
147.75,-33.25,5.911946
148.0,-33.25,5.8974977
148.25,-33.25,5.883674
148.5,-33.25,5.8125653
148.75,-33.25,6.0719404
149.0,-33.25,5.774504
149.25,-33.25,5.4481444
149.5,-33.25,5.1171083
149.75,-33.25,5.0582995
150.0,-33.25,5.2625976
150.25,-33.25,5.0457683
150.5,-33.25,4.649135
150.75,-33.25,4.437544
151.0,-33.25,4.6542916
151.25,-33.25,5.313346
151.5,-33.25,6.3038955
115.75,-33.5,6.8480077
116.0,-33.5,6.453142
116.25,-33.5,6.593603
116.5,-33.5,6.716572
116.75,-33.5,6.828248
117.0,-33.5,6.954018
117.25,-33.5,7.0160413
117.5,-33.5,7.091465
117.75,-33.5,7.1422315
118.0,-33.5,7.168102
118.25,-33.5,7.2493773
118.5,-33.5,7.271992
118.75,-33.5,7.14454
119.0,-33.5,6.92018
119.25,-33.5,6.8024545
119.5,-33.5,6.736636
119.75,-33.5,6.7077374
120.0,-33.5,6.4372053
120.25,-33.5,6.306551
120.5,-33.5,6.2920876
120.75,-33.5,6.446757
121.0,-33.5,6.5885644
121.25,-33.5,6.7229114
121.5,-33.5,6.8963547
121.75,-33.5,6.9902864
122.0,-33.5,6.8576965
122.25,-33.5,6.4916444
122.5,-33.5,6.437311
122.75,-33.5,6.3370085
123.0,-33.5,6.200092
123.25,-33.5,6.193787
123.5,-33.5,6.2971883
123.75,-33.5,6.570066
135.0,-33.5,6.966315
135.25,-33.5,6.4878783
135.5,-33.5,6.320636
135.75,-33.5,6.4030623
136.0,-33.5,6.542152
136.25,-33.5,6.8312626
136.5,-33.5,6.7776384
136.75,-33.5,6.4917626
137.0,-33.5,6.3150835
137.25,-33.5,6.9831963
138.0,-33.5,6.4687014
138.25,-33.5,6.127036
138.5,-33.5,6.640812
138.75,-33.5,6.821629
139.0,-33.5,6.569537
139.25,-33.5,6.088582
139.5,-33.5,6.0004764
139.75,-33.5,6.242531
140.0,-33.5,6.544783
140.25,-33.5,6.8109407
140.5,-33.5,6.9929175
140.75,-33.5,7.0577154
141.0,-33.5,7.044624
141.25,-33.5,7.062105
141.5,-33.5,6.958509
141.75,-33.5,6.872435
142.0,-33.5,6.8249474
142.25,-33.5,6.8668556
142.5,-33.5,6.8920364
142.75,-33.5,6.8023458
143.0,-33.5,6.741436
143.25,-33.5,6.790393
143.5,-33.5,6.9087152
143.75,-33.5,7.0433383
144.0,-33.5,7.0817966
144.25,-33.5,6.9822187
144.5,-33.5,6.9439116
144.75,-33.5,6.99666
145.0,-33.5,6.9015837
145.25,-33.5,6.6777873
145.5,-33.5,6.413976
145.75,-33.5,6.3613276
146.0,-33.5,6.3229227
146.25,-33.5,6.2837653
146.5,-33.5,6.361586
146.75,-33.5,6.397487
147.0,-33.5,6.3270597
147.25,-33.5,6.134083
147.5,-33.5,5.9456162
147.75,-33.5,5.8720384
148.0,-33.5,5.766772
148.25,-33.5,5.497532
148.5,-33.5,5.24708
148.75,-33.5,5.610918
149.0,-33.5,5.923892
149.25,-33.5,5.6653895
149.5,-33.5,5.4954934
149.75,-33.5,5.453145
150.0,-33.5,5.36849
150.25,-33.5,4.788474
150.5,-33.5,4.3824773
150.75,-33.5,4.105344
151.0,-33.5,4.7496133
151.25,-33.5,5.7594404
115.0,-33.75,8.762852
115.25,-33.75,7.471448
115.5,-33.75,6.762414
115.75,-33.75,6.3671045
116.0,-33.75,6.433221
116.25,-33.75,6.5575304
116.5,-33.75,6.7429237
116.75,-33.75,6.937105
117.0,-33.75,7.052493
117.25,-33.75,7.1313457
117.5,-33.75,7.1856565
117.75,-33.75,7.153187
118.0,-33.75,7.0789695
118.25,-33.75,7.14369
118.5,-33.75,7.161096
118.75,-33.75,7.082404
119.0,-33.75,6.8659663
119.25,-33.75,6.5434017
119.5,-33.75,6.504468
119.75,-33.75,6.457566
120.0,-33.75,6.3123817
120.25,-33.75,6.388145
120.5,-33.75,6.598504
120.75,-33.75,6.7609177
121.0,-33.75,7.0193844
121.25,-33.75,7.3875637
121.5,-33.75,7.6060705
121.75,-33.75,7.5762796
122.0,-33.75,7.3935976
122.25,-33.75,6.6466174
122.5,-33.75,6.43944
122.75,-33.75,6.380723
123.0,-33.75,6.455141
123.25,-33.75,6.4764876
123.5,-33.75,6.7575846
135.25,-33.75,6.7391634
135.5,-33.75,6.5221877
135.75,-33.75,6.401231
136.0,-33.75,6.476594
136.25,-33.75,6.6020036
136.5,-33.75,6.722721
136.75,-33.75,6.4829164
137.75,-33.75,7.3092422
138.0,-33.75,6.659425
138.25,-33.75,6.1886954
138.5,-33.75,6.6238823
138.75,-33.75,6.861743
139.0,-33.75,6.7147655
139.25,-33.75,6.214297
139.5,-33.75,6.035758
139.75,-33.75,6.321619
140.0,-33.75,6.6119013
140.25,-33.75,6.8567467
140.5,-33.75,7.009529
140.75,-33.75,7.0991244
141.0,-33.75,7.25265
141.25,-33.75,7.228165
141.5,-33.75,7.2830067
141.75,-33.75,7.1508183
142.0,-33.75,6.955617
142.25,-33.75,6.931473
142.5,-33.75,6.93672
142.75,-33.75,6.985401
143.0,-33.75,6.9074283
143.25,-33.75,6.9557843
143.5,-33.75,7.022759
143.75,-33.75,7.112326
144.0,-33.75,7.1436663
144.25,-33.75,7.073602
144.5,-33.75,6.989034
144.75,-33.75,6.8855057
145.0,-33.75,6.77599
145.25,-33.75,6.5886073
145.5,-33.75,6.455413
145.75,-33.75,6.3813343
146.0,-33.75,6.3803215
146.25,-33.75,6.301021
146.5,-33.75,6.386772
146.75,-33.75,6.507833
147.0,-33.75,6.4151473
147.25,-33.75,6.241329
147.5,-33.75,5.9959707
147.75,-33.75,5.872279
148.0,-33.75,5.7611985
148.25,-33.75,5.463761
148.5,-33.75,5.038192
148.75,-33.75,5.130599
149.0,-33.75,5.340068
149.25,-33.75,5.6116853
149.5,-33.75,5.582641
149.75,-33.75,5.71645
150.0,-33.75,4.773818
150.25,-33.75,4.2254844
150.5,-33.75,3.7679932
150.75,-33.75,3.79075
151.0,-33.75,4.7910943
151.25,-33.75,6.423528
115.0,-34.0,8.217626
115.25,-34.0,6.8779216
115.5,-34.0,6.2770443
115.75,-34.0,6.359576
116.0,-34.0,6.4249916
116.25,-34.0,6.490273
116.5,-34.0,6.630873
116.75,-34.0,6.8525023
117.0,-34.0,7.044642
117.25,-34.0,7.109413
117.5,-34.0,7.0631933
117.75,-34.0,6.983722
118.0,-34.0,6.916595
118.25,-34.0,6.882353
118.5,-34.0,6.9076304
118.75,-34.0,6.87706
119.0,-34.0,6.7081065
119.25,-34.0,6.446545
119.5,-34.0,6.803994
119.75,-34.0,6.8466563
135.25,-34.0,7.274556
135.5,-34.0,6.768403
135.75,-34.0,6.614046
136.0,-34.0,6.5506296
136.25,-34.0,6.5802803
137.75,-34.0,7.2256494
138.0,-34.0,6.7841496
138.25,-34.0,6.308575
138.5,-34.0,6.5940437
138.75,-34.0,6.9209685
139.0,-34.0,6.7559977
139.25,-34.0,6.260737
139.5,-34.0,6.055697
139.75,-34.0,6.3092275
140.0,-34.0,6.574454
140.25,-34.0,6.796908
140.5,-34.0,6.95132
140.75,-34.0,7.083859
141.0,-34.0,7.222007
141.25,-34.0,7.355279
141.5,-34.0,7.3649845
141.75,-34.0,7.240218
142.0,-34.0,6.9041605
142.25,-34.0,6.854837
142.5,-34.0,6.952517
142.75,-34.0,7.004725
143.0,-34.0,6.924288
143.25,-34.0,6.9602256
143.5,-34.0,7.0095057
143.75,-34.0,6.9846554
144.0,-34.0,7.019065
144.25,-34.0,6.9682016
144.5,-34.0,6.859418
144.75,-34.0,6.730767
145.0,-34.0,6.7251844
145.25,-34.0,6.590394
145.5,-34.0,6.4339886
145.75,-34.0,6.3044147
146.0,-34.0,6.273728
146.25,-34.0,6.1783543
146.5,-34.0,6.2936215
146.75,-34.0,6.402341
147.0,-34.0,6.495139
147.25,-34.0,6.331634
147.5,-34.0,6.064389
147.75,-34.0,5.906323
148.0,-34.0,5.787081
148.25,-34.0,5.764277
148.5,-34.0,5.373587
148.75,-34.0,5.1446633
149.0,-34.0,4.9478755
149.25,-34.0,5.1874604
149.5,-34.0,5.6708164
149.75,-34.0,5.895773
150.0,-34.0,4.8153067
150.25,-34.0,4.0032578
150.5,-34.0,3.6273825
150.75,-34.0,4.0186243
151.0,-34.0,5.127949
115.25,-34.25,7.4676485
115.5,-34.25,6.737936
115.75,-34.25,6.595585
116.0,-34.25,6.372175
116.25,-34.25,6.3924146
116.5,-34.25,6.4238253
116.75,-34.25,6.6091237
117.0,-34.25,6.8375177
117.25,-34.25,6.931577
117.5,-34.25,6.889455
117.75,-34.25,6.756539
118.0,-34.25,6.621304
118.25,-34.25,6.5508246
118.5,-34.25,6.6486554
118.75,-34.25,6.6587114
119.0,-34.25,6.5853295
119.25,-34.25,6.581816
119.5,-34.25,7.0696473
135.5,-34.25,7.125693
135.75,-34.25,6.8466835
136.0,-34.25,6.7444553
136.25,-34.25,6.8944116
137.5,-34.25,7.7396846
137.75,-34.25,7.238336
138.0,-34.25,7.003515
138.25,-34.25,6.531353
138.5,-34.25,6.5529823
138.75,-34.25,6.725243
139.0,-34.25,6.633503
139.25,-34.25,6.1682434
139.5,-34.25,6.034321
139.75,-34.25,6.23903
140.0,-34.25,6.5123887
140.25,-34.25,6.711174
140.5,-34.25,6.821221
140.75,-34.25,6.957786
141.0,-34.25,7.155897
141.25,-34.25,7.2110705
141.5,-34.25,7.2082925
141.75,-34.25,7.088817
142.0,-34.25,6.828162
142.25,-34.25,6.7489595
142.5,-34.25,6.795919
142.75,-34.25,6.8449144
143.0,-34.25,6.76768
143.25,-34.25,6.7594423
143.5,-34.25,6.714171
143.75,-34.25,6.676838
144.0,-34.25,6.7695527
144.25,-34.25,6.809205
144.5,-34.25,6.7403226
144.75,-34.25,6.7218566
145.0,-34.25,6.6875014
145.25,-34.25,6.597091
145.5,-34.25,6.415996
145.75,-34.25,6.287003
146.0,-34.25,6.160491
146.25,-34.25,6.0973716
146.5,-34.25,6.203393
146.75,-34.25,6.355744
147.0,-34.25,6.453103
147.25,-34.25,6.45369
147.5,-34.25,6.194682
147.75,-34.25,6.051635
148.0,-34.25,6.062319
148.25,-34.25,6.1233463
148.5,-34.25,5.9176526
148.75,-34.25,5.5527325
149.0,-34.25,5.322401
149.25,-34.25,5.5987983
149.5,-34.25,6.057994
149.75,-34.25,6.1965075
150.0,-34.25,5.22534
150.25,-34.25,4.616428
150.5,-34.25,4.332213
150.75,-34.25,4.773658
151.0,-34.25,5.8727336
115.75,-34.5,7.0830593
116.0,-34.5,6.5090594
116.25,-34.5,6.437385
116.5,-34.5,6.2532663
116.75,-34.5,6.413982
117.0,-34.5,6.590736
117.25,-34.5,6.6851034
117.5,-34.5,6.6765327
117.75,-34.5,6.702968
118.0,-34.5,6.4297404
118.25,-34.5,6.3424053
118.5,-34.5,6.7196355
118.75,-34.5,6.920238
135.5,-34.5,7.53271
135.75,-34.5,7.04906
136.0,-34.5,7.0029
137.5,-34.5,7.747267
137.75,-34.5,7.4877367
138.5,-34.5,6.4733596
138.75,-34.5,6.3795667
139.0,-34.5,6.5050793
139.25,-34.5,6.0693145
139.5,-34.5,6.092098
139.75,-34.5,6.3184366
140.0,-34.5,6.614584
140.25,-34.5,6.714862
140.5,-34.5,6.7287655
140.75,-34.5,6.828395
141.0,-34.5,6.9486737
141.25,-34.5,6.8859835
141.5,-34.5,6.834746
141.75,-34.5,6.9256334
142.0,-34.5,6.811583
142.25,-34.5,6.727854
142.5,-34.5,6.6819253
142.75,-34.5,6.653943
143.0,-34.5,6.5768824
143.25,-34.5,6.545985
143.5,-34.5,6.4568033
143.75,-34.5,6.46836
144.0,-34.5,6.576973
144.25,-34.5,6.7425222
144.5,-34.5,6.804529
144.75,-34.5,6.7656217
145.0,-34.5,6.6699886
145.25,-34.5,6.58307
145.5,-34.5,6.445322
145.75,-34.5,6.333599
146.0,-34.5,6.18229
146.25,-34.5,6.166419
146.5,-34.5,6.213949
146.75,-34.5,6.3348513
147.0,-34.5,6.4408884
147.25,-34.5,6.446038
147.5,-34.5,6.331675
147.75,-34.5,6.0974417
148.0,-34.5,6.083229
148.25,-34.5,6.1533165
148.5,-34.5,6.1496754
148.75,-34.5,5.9912844
149.0,-34.5,5.8736153
149.25,-34.5,6.2865095
149.5,-34.5,6.5908685
149.75,-34.5,6.450037
150.0,-34.5,5.816361
150.25,-34.5,5.3554525
150.5,-34.5,5.0012884
150.75,-34.5,5.3539267
116.0,-34.75,7.4488587
116.25,-34.75,6.975899
116.5,-34.75,6.6580653
116.75,-34.75,6.3066654
117.0,-34.75,6.325703
117.25,-34.75,6.4570484
117.5,-34.75,6.558717
117.75,-34.75,6.6514773
118.0,-34.75,6.7104163
118.25,-34.75,7.0936995
118.5,-34.75,7.5931487
135.5,-34.75,7.84424
135.75,-34.75,7.358099
137.75,-34.75,7.446612
138.5,-34.75,6.7647953
138.75,-34.75,6.2957916
139.0,-34.75,6.5233855
139.25,-34.75,6.1695886
139.5,-34.75,6.2104473
139.75,-34.75,6.4161944
140.0,-34.75,6.7359967
140.25,-34.75,6.712446
140.5,-34.75,6.706553
140.75,-34.75,6.6794863
141.0,-34.75,6.631761
141.25,-34.75,6.554097
141.5,-34.75,6.620747
141.75,-34.75,6.7415648
142.0,-34.75,6.8570623
142.25,-34.75,6.826567
142.5,-34.75,6.722039
142.75,-34.75,6.6547403
143.0,-34.75,6.5577726
143.25,-34.75,6.5334735
143.5,-34.75,6.543454
143.75,-34.75,6.589429
144.0,-34.75,6.6499305
144.25,-34.75,6.724501
144.5,-34.75,6.804647
144.75,-34.75,6.8221984
145.0,-34.75,6.6776333
145.25,-34.75,6.610875
145.5,-34.75,6.557046
145.75,-34.75,6.4602838
146.0,-34.75,6.308765
146.25,-34.75,6.303912
146.5,-34.75,6.302678
146.75,-34.75,6.288579
147.0,-34.75,6.3171396
147.25,-34.75,6.3827624
147.5,-34.75,6.229582
147.75,-34.75,6.002418
148.0,-34.75,5.5860686
148.25,-34.75,5.5609093
148.5,-34.75,5.6866813
148.75,-34.75,5.8339014
149.0,-34.75,5.9237165
149.25,-34.75,6.325383
149.5,-34.75,6.551208
149.75,-34.75,6.4093785
150.0,-34.75,5.9383216
150.25,-34.75,5.2405057
150.5,-34.75,4.8618393
150.75,-34.75,5.397145
116.75,-35.0,7.159076
117.0,-35.0,6.7522464
117.25,-35.0,6.7618475
117.5,-35.0,6.8055196
117.75,-35.0,6.941914
118.0,-35.0,7.289452
138.75,-35.0,6.2140656
139.0,-35.0,6.278188
139.25,-35.0,6.146276
139.5,-35.0,6.248192
139.75,-35.0,6.488399
140.0,-35.0,6.790699
140.25,-35.0,6.75097
140.5,-35.0,6.758612
140.75,-35.0,6.7224
141.0,-35.0,6.573294
141.25,-35.0,6.5197716
141.5,-35.0,6.5779405
141.75,-35.0,6.6756024
142.0,-35.0,6.7616076
142.25,-35.0,6.768941
142.5,-35.0,6.759002
142.75,-35.0,6.751421
143.0,-35.0,6.763174
143.25,-35.0,6.7088466
143.5,-35.0,6.6820126
143.75,-35.0,6.674168
144.0,-35.0,6.7078695
144.25,-35.0,6.6952806
144.5,-35.0,6.7085943
144.75,-35.0,6.7115636
145.0,-35.0,6.690253
145.25,-35.0,6.637582
145.5,-35.0,6.568109
145.75,-35.0,6.4926996
146.0,-35.0,6.4047318
146.25,-35.0,6.3990054
146.5,-35.0,6.356334
146.75,-35.0,6.290498
147.0,-35.0,6.204728
147.25,-35.0,6.103267
147.5,-35.0,5.832686
147.75,-35.0,5.38713
148.0,-35.0,4.8497224
148.25,-35.0,4.7408566
148.5,-35.0,4.7735205
148.75,-35.0,5.003672
149.0,-35.0,5.3042946
149.25,-35.0,5.734605
149.5,-35.0,6.0921903
149.75,-35.0,6.2189846
150.0,-35.0,5.9127364
150.25,-35.0,5.1976695
150.5,-35.0,5.212339
150.75,-35.0,6.0568886
138.5,-35.25,6.7572827
138.75,-35.25,6.068558
139.0,-35.25,6.1467056
139.25,-35.25,6.1395507
139.5,-35.25,6.296262
139.75,-35.25,6.5454683
140.0,-35.25,6.8053994
140.25,-35.25,6.770776
140.5,-35.25,6.8216476
140.75,-35.25,6.8439417
141.0,-35.25,6.767226
141.25,-35.25,6.6699452
141.5,-35.25,6.6828504
141.75,-35.25,6.7442575
142.0,-35.25,6.8105917
142.25,-35.25,6.782186
142.5,-35.25,6.774916
142.75,-35.25,6.774197
143.0,-35.25,6.7890706
143.25,-35.25,6.763169
143.5,-35.25,6.717342
143.75,-35.25,6.6587014
144.0,-35.25,6.601539
144.25,-35.25,6.591857
144.5,-35.25,6.613326
144.75,-35.25,6.6362257
145.0,-35.25,6.663122
145.25,-35.25,6.6371436
145.5,-35.25,6.570108
145.75,-35.25,6.503297
146.0,-35.25,6.4607024
146.25,-35.25,6.3990912
146.5,-35.25,6.3475595
146.75,-35.25,6.285598
147.0,-35.25,6.1997404
147.25,-35.25,5.8237853
147.5,-35.25,5.395327
147.75,-35.25,4.8456645
148.0,-35.25,4.2217226
148.25,-35.25,3.855595
148.5,-35.25,3.8612916
148.75,-35.25,4.1595764
149.0,-35.25,4.4019694
149.25,-35.25,4.899786
149.5,-35.25,5.3690042
149.75,-35.25,5.628188
150.0,-35.25,5.3838973
150.25,-35.25,5.0010905
150.5,-35.25,5.7384295
138.5,-35.5,6.4166017
138.75,-35.5,6.351942
139.5,-35.5,6.7033353
139.75,-35.5,6.71498
140.0,-35.5,6.678393
140.25,-35.5,6.6672072
140.5,-35.5,6.72156
140.75,-35.5,6.8018274
141.0,-35.5,6.773966
141.25,-35.5,6.6168995
141.5,-35.5,6.606692
141.75,-35.5,6.667781
142.0,-35.5,6.7856975
142.25,-35.5,6.7570205
142.5,-35.5,6.760917
142.75,-35.5,6.8129635
143.0,-35.5,6.8374987
143.25,-35.5,6.813828
143.5,-35.5,6.7772765
143.75,-35.5,6.7003856
144.0,-35.5,6.4822555
144.25,-35.5,6.48063
144.5,-35.5,6.543908
144.75,-35.5,6.626714
145.0,-35.5,6.5900183
145.25,-35.5,6.552328
145.5,-35.5,6.520231
145.75,-35.5,6.4721117
146.0,-35.5,6.496053
146.25,-35.5,6.446551
146.5,-35.5,6.354223
146.75,-35.5,6.1969457
147.0,-35.5,5.988352
147.25,-35.5,5.441196
147.5,-35.5,4.8877735
147.75,-35.5,4.3185043
148.0,-35.5,3.6463413
148.25,-35.5,3.2152896
148.5,-35.5,3.4454374
148.75,-35.5,3.9341242
149.0,-35.5,3.9952257
149.25,-35.5,4.328608
149.5,-35.5,4.452423
149.75,-35.5,4.5912056
150.0,-35.5,4.393477
150.25,-35.5,5.027485
139.25,-35.75,7.8142486
139.5,-35.75,7.484478
139.75,-35.75,6.8322678
140.0,-35.75,6.5942645
140.25,-35.75,6.5858374
140.5,-35.75,6.6560063
140.75,-35.75,6.7136307
141.0,-35.75,6.8448186
141.25,-35.75,6.6939845
141.5,-35.75,6.6401987
141.75,-35.75,6.650741
142.0,-35.75,6.783611
142.25,-35.75,6.805534
142.5,-35.75,6.833808
142.75,-35.75,6.853162
143.0,-35.75,6.85361
143.25,-35.75,6.832073
143.5,-35.75,6.794082
143.75,-35.75,6.7162066
144.0,-35.75,6.507361
144.25,-35.75,6.434658
144.5,-35.75,6.442488
144.75,-35.75,6.489303
145.0,-35.75,6.379275
145.25,-35.75,6.388514
145.5,-35.75,6.3804197
145.75,-35.75,6.4420156
146.0,-35.75,6.4660387
146.25,-35.75,6.3561707
146.5,-35.75,6.0629396
146.75,-35.75,5.8350863
147.0,-35.75,5.321177
147.25,-35.75,4.6648026
147.5,-35.75,4.0877814
147.75,-35.75,3.5100198
148.0,-35.75,3.0415962
148.25,-35.75,3.012061
148.5,-35.75,3.9478567
148.75,-35.75,4.633852
149.0,-35.75,4.316514
149.25,-35.75,4.3572555
149.5,-35.75,4.3296127
149.75,-35.75,3.7806268
150.0,-35.75,3.6921968
139.5,-36.0,7.830158
139.75,-36.0,7.1539154
140.0,-36.0,6.6611915
140.25,-36.0,6.6436734
140.5,-36.0,6.698149
140.75,-36.0,6.824236
141.0,-36.0,6.9644904
141.25,-36.0,6.8540244
141.5,-36.0,6.7903895
141.75,-36.0,6.785788
142.0,-36.0,6.84222
142.25,-36.0,6.8887706
142.5,-36.0,6.8935843
142.75,-36.0,6.868806
143.0,-36.0,6.860182
143.25,-36.0,6.827192
143.5,-36.0,6.767913
143.75,-36.0,6.6733813
144.0,-36.0,6.59072
144.25,-36.0,6.524923
144.5,-36.0,6.5090337
144.75,-36.0,6.4483833
145.0,-36.0,6.2964883
145.25,-36.0,6.2493134
145.5,-36.0,6.339105
145.75,-36.0,6.4127126
146.0,-36.0,6.3541875
146.25,-36.0,6.046193
146.5,-36.0,5.729824
146.75,-36.0,4.989835
147.0,-36.0,4.3440027
147.25,-36.0,3.8210552
147.5,-36.0,3.2704206
147.75,-36.0,2.7324336
148.0,-36.0,2.631793
148.25,-36.0,3.2086537
148.5,-36.0,4.3063984
148.75,-36.0,5.005446
149.0,-36.0,4.685805
149.25,-36.0,4.6879163
149.5,-36.0,3.9221723
149.75,-36.0,3.4085047
150.0,-36.0,3.4963477
139.75,-36.25,7.5116267
140.0,-36.25,6.8573337
140.25,-36.25,6.7413573
140.5,-36.25,6.761094
140.75,-36.25,6.8671937
141.0,-36.25,6.9398003
141.25,-36.25,6.949747
141.5,-36.25,6.866518
141.75,-36.25,6.8607383
142.0,-36.25,6.8594084
142.25,-36.25,6.883268
142.5,-36.25,6.900388
142.75,-36.25,6.859953
143.0,-36.25,6.857088
143.25,-36.25,6.8162866
143.5,-36.25,6.744586
143.75,-36.25,6.63888
144.0,-36.25,6.578825
144.25,-36.25,6.51763
144.5,-36.25,6.4892845
144.75,-36.25,6.419868
145.0,-36.25,6.2451887
145.25,-36.25,6.1084814
145.5,-36.25,6.1870465
145.75,-36.25,6.156771
146.0,-36.25,6.010954
146.25,-36.25,5.6003027
146.5,-36.25,4.7629366
146.75,-36.25,4.0702147
147.0,-36.25,3.3409753
147.25,-36.25,3.2763596
147.5,-36.25,2.8014178
147.75,-36.25,2.7367637
148.0,-36.25,2.7391918
148.25,-36.25,3.2976882
148.5,-36.25,3.6790411
148.75,-36.25,4.5292406
149.0,-36.25,4.728417
149.25,-36.25,4.953177
149.5,-36.25,4.211108
149.75,-36.25,3.3854566
150.0,-36.25,3.7588
140.0,-36.5,6.9606376
140.25,-36.5,6.637605
140.5,-36.5,6.6361175
140.75,-36.5,6.75408
141.0,-36.5,6.760175
141.25,-36.5,6.801338
141.5,-36.5,6.7836013
141.75,-36.5,6.7605934
142.0,-36.5,6.7468204
142.25,-36.5,6.7552633
142.5,-36.5,6.758216
142.75,-36.5,6.784141
143.0,-36.5,6.787392
143.25,-36.5,6.7258544
143.5,-36.5,6.5950527
143.75,-36.5,6.484567
144.0,-36.5,6.4453797
144.25,-36.5,6.40807
144.5,-36.5,6.3796782
144.75,-36.5,6.377577
145.0,-36.5,6.232903
145.25,-36.5,6.0960927
145.5,-36.5,5.969118
145.75,-36.5,5.926838
146.0,-36.5,5.457268
146.25,-36.5,4.7873297
146.5,-36.5,3.9738734
146.75,-36.5,3.3100572
147.0,-36.5,2.738718
147.25,-36.5,2.9302406
147.5,-36.5,3.1258051
147.75,-36.5,3.1682112
148.0,-36.5,3.2317705
148.25,-36.5,3.23396
148.5,-36.5,3.7485025
148.75,-36.5,3.900534
149.0,-36.5,4.595627
149.25,-36.5,4.94415
149.5,-36.5,4.172853
149.75,-36.5,3.4334648
150.0,-36.5,4.2150292
140.0,-36.75,6.892243
140.25,-36.75,6.510649
140.5,-36.75,6.443381
140.75,-36.75,6.545482
141.0,-36.75,6.597083
141.25,-36.75,6.7234044
141.5,-36.75,6.664131
141.75,-36.75,6.558339
142.0,-36.75,6.580536
142.25,-36.75,6.5770535
142.5,-36.75,6.4112844
142.75,-36.75,6.4244585
143.0,-36.75,6.614098
143.25,-36.75,6.4477434
143.5,-36.75,6.305611
143.75,-36.75,6.320384
144.0,-36.75,6.3133135
144.25,-36.75,6.3038263
144.5,-36.75,6.31472
144.75,-36.75,6.3304396
145.0,-36.75,6.2943597
145.25,-36.75,6.14264
145.5,-36.75,5.946683
145.75,-36.75,5.4905725
146.0,-36.75,4.850205
146.25,-36.75,4.1503887
146.5,-36.75,3.7021348
146.75,-36.75,3.083848
147.0,-36.75,2.9259202
147.25,-36.75,3.2259026
147.5,-36.75,3.612962
147.75,-36.75,3.7066004
148.0,-36.75,3.8689523
148.25,-36.75,3.6857703
148.5,-36.75,3.2788513
148.75,-36.75,3.4954956
149.0,-36.75,4.575209
149.25,-36.75,4.8532453
149.5,-36.75,4.1182528
149.75,-36.75,3.8641877
140.0,-37.0,6.9269676
140.25,-37.0,6.3504343
140.5,-37.0,6.2469406
140.75,-37.0,6.3654766
141.0,-37.0,6.517733
141.25,-37.0,6.727108
141.5,-37.0,6.7446384
141.75,-37.0,6.62546
142.0,-37.0,6.483005
142.25,-37.0,5.8815866
142.5,-37.0,5.726744
142.75,-37.0,5.988383
143.0,-37.0,6.4132957
143.25,-37.0,6.1424494
143.5,-37.0,6.088091
143.75,-37.0,6.1364083
144.0,-37.0,6.3634315
144.25,-37.0,6.3031926
144.5,-37.0,6.3214107
144.75,-37.0,6.299896
145.0,-37.0,6.247712
145.25,-37.0,5.901046
145.5,-37.0,5.3084617
145.75,-37.0,4.7569795
146.0,-37.0,4.282313
146.25,-37.0,4.1789045
146.5,-37.0,3.9773605
146.75,-37.0,3.8829217
147.0,-37.0,3.956503
147.25,-37.0,4.0926256
147.5,-37.0,4.062683
147.75,-37.0,4.1360707
148.0,-37.0,4.1783104
148.25,-37.0,3.7438745
148.5,-37.0,3.5599718
148.75,-37.0,3.8769765
149.0,-37.0,4.972825
149.25,-37.0,5.0651593
149.5,-37.0,4.692135
149.75,-37.0,4.697547
140.0,-37.25,7.2117095
140.25,-37.25,6.381821
140.5,-37.25,6.0489144
140.75,-37.25,6.1171293
141.0,-37.25,6.334353
141.25,-37.25,6.5048194
141.5,-37.25,6.561562
141.75,-37.25,6.5050325
142.0,-37.25,6.268448
142.25,-37.25,5.481954
142.5,-37.25,5.423892
142.75,-37.25,5.8001227
143.0,-37.25,6.379339
143.25,-37.25,6.1383886
143.5,-37.25,6.172141
143.75,-37.25,6.3582907
144.0,-37.25,6.6229405
144.25,-37.25,6.430982
144.5,-37.25,6.3295145
144.75,-37.25,6.2903585
145.0,-37.25,6.166997
145.25,-37.25,5.301133
145.5,-37.25,4.553568
145.75,-37.25,4.0322876
146.0,-37.25,3.7794325
146.25,-37.25,3.9610925
146.5,-37.25,4.1055474
146.75,-37.25,4.2734118
147.0,-37.25,4.3628387
147.25,-37.25,4.193
147.5,-37.25,4.1434736
147.75,-37.25,4.1644654
148.0,-37.25,4.1529408
148.25,-37.25,3.9181712
148.5,-37.25,4.0459886
148.75,-37.25,4.447206
149.0,-37.25,5.09933
149.25,-37.25,4.977918
149.5,-37.25,5.1129894
149.75,-37.25,5.948545
140.25,-37.5,7.1782393
140.5,-37.5,6.3837943
140.75,-37.5,6.0109735
141.0,-37.5,6.0167584
141.25,-37.5,6.2439218
141.5,-37.5,6.3776884
141.75,-37.5,6.4355936
142.0,-37.5,6.3363495
142.25,-37.5,5.956248
142.5,-37.5,6.0555906
142.75,-37.5,6.437389
143.0,-37.5,6.926061
143.25,-37.5,6.8720284
143.5,-37.5,6.813466
143.75,-37.5,6.777041
144.0,-37.5,6.7777004
144.25,-37.5,6.463085
144.5,-37.5,6.220085
144.75,-37.5,6.135875
145.0,-37.5,6.121701
145.25,-37.5,5.2715797
145.5,-37.5,4.6598544
145.75,-37.5,4.3884773
146.0,-37.5,4.5211964
146.25,-37.5,4.5343256
146.5,-37.5,4.375301
146.75,-37.5,4.2170954
147.0,-37.5,4.002969
147.25,-37.5,3.9317765
147.5,-37.5,4.061718
147.75,-37.5,4.2079525
148.0,-37.5,4.2098365
148.25,-37.5,4.126263
148.5,-37.5,4.3374476
148.75,-37.5,4.7418947
149.0,-37.5,5.2705154
149.25,-37.5,5.456853
149.5,-37.5,5.9807224
149.75,-37.5,7.0433583
140.5,-37.75,7.5219245
140.75,-37.75,6.789793
141.0,-37.75,6.451643
141.25,-37.75,6.306301
141.5,-37.75,6.241391
141.75,-37.75,6.2691927
142.0,-37.75,6.4889784
142.25,-37.75,6.4634805
142.5,-37.75,6.5022416
142.75,-37.75,6.6591334
143.0,-37.75,6.907206
143.25,-37.75,6.878325
143.5,-37.75,6.82944
143.75,-37.75,6.7649064
144.0,-37.75,6.6970153
144.25,-37.75,6.2922053
144.5,-37.75,6.1154375
144.75,-37.75,6.1560035
145.0,-37.75,6.228716
145.25,-37.75,5.3813934
145.5,-37.75,4.736245
145.75,-37.75,4.482995
146.0,-37.75,4.639114
146.25,-37.75,4.443237
146.5,-37.75,4.2962613
146.75,-37.75,4.086423
147.0,-37.75,4.069867
147.25,-37.75,4.2771106
147.5,-37.75,4.6422687
147.75,-37.75,4.9329185
148.0,-37.75,5.0562935
148.25,-37.75,5.062633
148.5,-37.75,5.331694
148.75,-37.75,5.900631
149.0,-37.75,6.7585063
149.25,-37.75,7.4528456
149.5,-37.75,8.15173
140.75,-38.0,8.171659
141.0,-38.0,7.700539
141.25,-38.0,6.763554
141.5,-38.0,6.573712
141.75,-38.0,6.410806
142.0,-38.0,6.550317
142.25,-38.0,6.3381977
142.5,-38.0,6.249705
142.75,-38.0,6.3539767
143.0,-38.0,6.542717
143.25,-38.0,6.6065965
143.5,-38.0,6.58047
143.75,-38.0,6.577222
144.0,-38.0,6.4730763
144.25,-38.0,6.343909
144.5,-38.0,6.8654766
145.25,-38.0,5.931882
145.5,-38.0,5.2527676
145.75,-38.0,4.8707485
146.0,-38.0,5.0580983
146.25,-38.0,4.9853168
146.5,-38.0,4.6989985
146.75,-38.0,4.519925
147.0,-38.0,4.549999
147.25,-38.0,5.2013893
147.5,-38.0,5.716823
141.5,-38.25,7.7408223
141.75,-38.25,7.705558
142.0,-38.25,7.4475937
142.25,-38.25,6.88569
142.5,-38.25,6.4873943
142.75,-38.25,6.2664504
143.0,-38.25,6.2238646
143.25,-38.25,6.196226
143.5,-38.25,6.1671042
143.75,-38.25,6.1205225
144.0,-38.25,6.1550503
144.25,-38.25,6.4072266
144.5,-38.25,7.4325094
145.25,-38.25,6.5916758
145.5,-38.25,5.9591045
145.75,-38.25,5.5481095
146.0,-38.25,5.575564
146.25,-38.25,5.5809464
146.5,-38.25,5.427193
146.75,-38.25,5.3340316
147.0,-38.25,5.5290956
147.25,-38.25,6.350008
142.75,-38.5,7.1890182
143.0,-38.5,6.7980494
143.25,-38.5,6.1890936
143.5,-38.5,6.059905
143.75,-38.5,6.019586
144.0,-38.5,6.5323653
145.25,-38.5,7.8292103
145.5,-38.5,7.319749
145.75,-38.5,6.886696
146.0,-38.5,6.179733
146.25,-38.5,6.06401
146.5,-38.5,5.9682837
146.75,-38.5,6.436148
147.0,-38.5,6.8620896
143.5,-38.75,7.2137156
146.0,-38.75,7.5931406
144.75,-40.75,8.644519
144.75,-41.0,7.5227623
145.0,-41.0,6.8533945
145.25,-41.0,6.690061
145.5,-41.0,6.7244596
145.75,-41.0,7.086541
147.0,-41.0,7.252275
147.25,-41.0,7.0806046
147.5,-41.0,6.657918
147.75,-41.0,6.699942
148.0,-41.0,6.730569
148.25,-41.0,8.066222
144.75,-41.25,7.8624425
145.0,-41.25,7.05327
145.25,-41.25,6.436621
145.5,-41.25,6.380013
145.75,-41.25,6.289829
146.0,-41.25,5.721465
146.25,-41.25,5.3108997
146.5,-41.25,5.042561
146.75,-41.25,4.9273043
147.0,-41.25,4.820059
147.25,-41.25,4.842213
147.5,-41.25,4.6130304
147.75,-41.25,4.761446
148.0,-41.25,5.4513745
148.25,-41.25,7.2557592
145.0,-41.5,7.3894033
145.25,-41.5,6.5763354
145.5,-41.5,6.1017423
145.75,-41.5,5.9921536
146.0,-41.5,5.1710277
146.25,-41.5,4.599785
146.5,-41.5,3.968136
146.75,-41.5,3.957593
147.0,-41.5,4.2678804
147.25,-41.5,4.709576
147.5,-41.5,4.2843466
147.75,-41.5,4.4266214
148.0,-41.5,5.144154
148.25,-41.5,6.8389373
145.0,-41.75,7.2572045
145.25,-41.75,5.9424415
145.5,-41.75,5.1085606
145.75,-41.75,5.103419
146.0,-41.75,4.923454
146.25,-41.75,4.6975503
146.5,-41.75,4.5354724
146.75,-41.75,4.246207
147.0,-41.75,4.302221
147.25,-41.75,4.91319
147.5,-41.75,4.846437
147.75,-41.75,4.8017087
148.0,-41.75,5.1515465
148.25,-41.75,6.7099195
145.25,-42.0,6.866719
145.5,-42.0,5.5579233
145.75,-42.0,5.0632634
146.0,-42.0,5.483521
146.25,-42.0,6.0365663
146.5,-42.0,6.698925
146.75,-42.0,6.142291
147.0,-42.0,5.5456214
147.25,-42.0,5.0522084
147.5,-42.0,5.327608
147.75,-42.0,5.4901533
148.0,-42.0,5.833086
148.25,-42.0,7.09756
145.5,-42.25,5.909674
145.75,-42.25,5.3886886
146.0,-42.25,5.5271387
146.25,-42.25,5.9272833
146.5,-42.25,6.116324
146.75,-42.25,5.9702044
147.0,-42.25,5.998488
147.25,-42.25,5.909429
147.5,-42.25,6.090491
147.75,-42.25,6.272942
148.0,-42.25,6.827762
145.5,-42.5,6.3139734
145.75,-42.5,5.436117
146.0,-42.5,5.331947
146.25,-42.5,5.262841
146.5,-42.5,4.810174
146.75,-42.5,4.6757045
147.0,-42.5,5.1112237
147.25,-42.5,5.486638
147.5,-42.5,5.665692
147.75,-42.5,6.052288
145.5,-42.75,6.97024
145.75,-42.75,5.648526
146.0,-42.75,5.3665257
146.25,-42.75,5.3539486
146.5,-42.75,4.92048
146.75,-42.75,4.4499226
147.0,-42.75,4.52162
147.25,-42.75,4.822075
147.5,-42.75,5.439934
147.75,-42.75,6.1343737
145.75,-43.0,6.831314
146.0,-43.0,5.5944896
146.25,-43.0,5.413337
146.5,-43.0,4.934715
146.75,-43.0,4.8588276
147.0,-43.0,4.6831493
147.25,-43.0,5.1765003
147.5,-43.0,6.310925
147.75,-43.0,7.384173
146.0,-43.25,7.126396
146.25,-43.25,5.8368325
146.5,-43.25,5.2989235
146.75,-43.25,5.223098
147.0,-43.25,5.759212
146.25,-43.5,7.6901665
146.5,-43.5,7.090454
146.75,-43.5,6.993218
