Latitude,Longitude,min_distance_nature_land_km
-10.75,142.25,15.0
-10.75,142.5,8.0
-11.0,130.5,125.8
-11.0,131.25,66.1
-11.0,142.0,41.2
-11.0,142.25,13.8
-11.0,142.5,0.0
-11.0,142.75,0.4
-11.25,130.25,119.5
-11.25,130.5,102.2
-11.25,130.75,90.0
-11.25,131.0,82.6
-11.25,131.25,57.7
-11.25,131.5,30.3
-11.25,132.75,20.4
-11.25,133.0,40.9
-11.25,141.75,68.5
-11.25,142.0,41.1
-11.25,142.25,14.9
-11.25,142.5,0.0
-11.25,142.75,0.0
-11.25,143.0,19.1
-11.5,130.0,124.9
-11.5,130.25,101.4
-11.5,130.5,80.7
-11.5,130.75,65.0
-11.5,131.0,56.1
-11.5,131.25,56.0
-11.5,131.5,35.0
-11.5,131.75,19.0
-11.5,132.5,0.0
-11.5,132.75,10.2
-11.5,133.0,36.8
-11.5,133.25,64.4
-11.5,133.5,92.1
-11.5,133.75,120.0
-11.5,141.75,73.8
-11.5,142.0,46.5
-11.5,142.25,19.3
-11.5,142.5,0.0
-11.5,142.75,0.0
-11.5,143.0,17.8
-11.75,130.25,88.0
-11.75,130.5,63.1
-11.75,130.75,42.0
-11.75,131.0,29.8
-11.75,131.25,30.4
-11.75,131.5,38.7
-11.75,132.25,16.4
-11.75,132.5,13.8
-11.75,132.75,27.3
-11.75,133.0,46.5
-11.75,133.25,67.0
-11.75,133.5,84.6
-11.75,133.75,106.4
-11.75,134.0,130.3
-11.75,134.25,155.4
-11.75,134.5,181.0
-11.75,134.75,207.1
-11.75,135.5,287.3
-11.75,141.75,79.7
-11.75,142.0,52.4
-11.75,142.25,25.3
-11.75,142.5,0.0
-11.75,142.75,4.8
-11.75,143.0,16.0
-12.0,130.5,54.1
-12.0,131.0,4.1
-12.0,131.25,6.6
-12.0,131.5,22.1
-12.0,131.75,27.1
-12.0,132.0,26.3
-12.0,132.25,13.2
-12.0,132.5,11.2
-12.0,132.75,14.2
-12.0,133.0,29.7
-12.0,133.25,45.8
-12.0,133.5,68.5
-12.0,133.75,93.6
-12.0,134.0,119.4
-12.0,134.25,145.9
-12.0,134.5,172.8
-12.0,134.75,200.0
-12.0,135.0,227.2
-12.0,135.25,254.6
-12.0,135.5,282.0
-12.0,135.75,309.3
-12.0,136.0,336.6
-12.0,136.25,364.0
-12.0,136.5,385.1
-12.0,141.75,85.5
-12.0,142.0,58.4
-12.0,142.25,32.0
-12.0,142.5,13.6
-12.0,142.75,21.2
-12.0,143.0,34.7
-12.0,143.25,53.3
-12.25,130.5,33.5
-12.25,130.75,15.3
-12.25,131.0,3.5
-12.25,131.25,2.2
-12.25,131.5,7.5
-12.25,131.75,2.6
-12.25,132.0,3.9
-12.25,132.25,0.0
-12.25,132.5,0.0
-12.25,132.75,0.0
-12.25,133.0,7.1
-12.25,133.25,31.9
-12.25,133.5,58.7
-12.25,133.75,86.0
-12.25,134.0,113.5
-12.25,134.25,140.7
-12.25,134.5,168.0
-12.25,134.75,195.4
-12.25,135.0,222.9
-12.25,135.25,250.4
-12.25,135.5,278.0
-12.25,135.75,305.5
-12.25,136.0,333.1
-12.25,136.25,360.7
-12.25,136.5,358.1
-12.25,136.75,356.0
-12.25,141.5,119.4
-12.25,141.75,93.8
-12.25,142.0,69.8
-12.25,142.25,50.0
-12.25,142.5,40.7
-12.25,142.75,46.5
-12.25,143.0,38.8
-12.25,143.25,26.9
-12.5,130.25,27.4
-12.5,130.5,6.5
-12.5,130.75,12.6
-12.5,131.0,7.6
-12.5,131.25,4.0
-12.5,131.5,1.7
-12.5,131.75,0.2
-12.5,132.0,0.0
-12.5,132.25,0.0
-12.5,132.5,0.0
-12.5,132.75,0.0
-12.5,133.0,0.1
-12.5,133.25,27.7
-12.5,133.5,55.3
-12.5,133.75,82.9
-12.5,134.0,110.6
-12.5,134.25,138.3
-12.5,134.5,165.9
-12.5,134.75,193.6
-12.5,135.0,221.2
-12.5,135.25,248.9
-12.5,135.5,276.5
-12.5,135.75,304.2
-12.5,136.0,331.9
-12.5,136.25,335.6
-12.5,136.5,331.1
-12.5,136.75,328.8
-12.5,137.0,328.8
-12.5,141.5,114.6
-12.5,141.75,100.8
-12.5,142.0,88.4
-12.5,142.25,73.8
-12.5,142.5,67.9
-12.5,142.75,48.5
-12.5,143.0,21.6
-12.5,143.25,1.0
-12.5,143.5,15.4
-12.75,130.0,55.5
-12.75,130.25,29.5
-12.75,130.5,5.8
-12.75,130.75,20.4
-12.75,131.0,3.7
-12.75,131.25,13.9
-12.75,131.5,0.0
-12.75,131.75,0.0
-12.75,132.0,0.0
-12.75,132.25,0.0
-12.75,132.5,0.0
-12.75,132.75,0.0
-12.75,133.0,0.1
-12.75,133.25,27.7
-12.75,133.5,55.3
-12.75,133.75,82.9
-12.75,134.0,110.5
-12.75,134.25,138.1
-12.75,134.5,165.7
-12.75,134.75,193.3
-12.75,135.0,220.9
-12.75,135.25,248.5
-12.75,135.5,276.1
-12.75,135.75,303.7
-12.75,136.0,316.1
-12.75,136.25,309.0
-12.75,136.5,304.2
-12.75,136.75,301.7
-12.75,141.5,93.6
-12.75,141.75,76.8
-12.75,142.0,64.9
-12.75,142.25,54.6
-12.75,142.5,51.7
-12.75,142.75,48.0
-12.75,143.0,20.6
-12.75,143.25,0.0
-12.75,143.5,11.6
-13.0,130.0,66.4
-13.0,130.25,44.4
-13.0,130.5,19.0
-13.0,130.75,3.0
-13.0,131.0,9.4
-13.0,131.25,12.4
-13.0,131.5,16.5
-13.0,131.75,0.0
-13.0,132.0,8.2
-13.0,132.25,0.0
-13.0,132.5,0.0
-13.0,132.75,0.0
-13.0,133.0,0.1
-13.0,133.25,27.7
-13.0,133.5,55.2
-13.0,133.75,82.8
-13.0,134.0,110.3
-13.0,134.25,137.9
-13.0,134.5,165.4
-13.0,134.75,193.0
-13.0,135.0,220.5
-13.0,135.25,248.1
-13.0,135.5,275.6
-13.0,135.75,300.2
-13.0,136.0,290.2
-13.0,136.25,282.5
-13.0,136.5,277.2
-13.0,136.75,274.5
-13.0,141.25,101.2
-13.0,141.5,76.6
-13.0,141.75,54.9
-13.0,142.0,39.8
-13.0,142.25,30.7
-13.0,142.5,25.2
-13.0,142.75,37.9
-13.0,143.0,29.5
-13.0,143.25,13.9
-13.0,143.5,27.1
-13.0,143.75,50.1
-13.25,130.0,72.9
-13.25,130.25,45.9
-13.25,130.5,19.9
-13.25,130.75,0.0
-13.25,131.0,0.0
-13.25,131.25,16.7
-13.25,131.5,20.0
-13.25,131.75,0.2
-13.25,132.0,0.0
-13.25,132.25,0.0
-13.25,132.5,0.0
-13.25,132.75,0.0
-13.25,133.0,0.1
-13.25,133.25,27.6
-13.25,133.5,55.1
-13.25,133.75,82.6
-13.25,134.0,110.1
-13.25,134.25,137.6
-13.25,134.5,165.1
-13.25,134.75,192.6
-13.25,135.0,220.1
-13.25,135.25,247.6
-13.25,135.5,275.1
-13.25,135.75,275.5
-13.25,136.0,264.6
-13.25,136.25,256.1
-13.25,136.5,250.3
-13.25,141.25,92.5
-13.25,141.5,66.6
-13.25,141.75,40.0
-13.25,142.0,16.2
-13.25,142.25,6.0
-13.25,142.5,0.0
-13.25,142.75,20.0
-13.25,143.0,21.4
-13.25,143.25,33.9
-13.25,143.5,41.6
-13.25,143.75,61.0
-13.5,129.75,106.6
-13.5,130.0,80.9
-13.5,130.25,55.2
-13.5,130.5,29.8
-13.5,130.75,6.1
-13.5,131.0,6.3
-13.5,131.25,26.7
-13.5,131.5,26.7
-13.5,131.75,25.4
-13.5,132.0,2.9
-13.5,132.25,0.0
-13.5,132.5,0.0
-13.5,132.75,0.0
-13.5,133.0,0.1
-13.5,133.25,27.6
-13.5,133.5,55.0
-13.5,133.75,82.5
-13.5,134.0,109.9
-13.5,134.25,137.4
-13.5,134.5,164.8
-13.5,134.75,192.2
-13.5,135.0,219.7
-13.5,135.25,247.1
-13.5,135.5,265.5
-13.5,135.75,251.3
-13.5,136.0,239.3
-13.5,136.25,229.9
-13.5,141.25,81.1
-13.5,141.5,55.3
-13.5,141.75,32.2
-13.5,142.0,11.9
-13.5,142.25,0.0
-13.5,142.5,0.6
-13.5,142.75,0.0
-13.5,143.0,5.2
-13.5,143.25,6.9
-13.5,143.5,23.7
-13.5,143.75,50.1
-13.75,126.75,89.6
-13.75,127.0,87.1
-13.75,127.25,87.1
-13.75,127.5,92.5
-13.75,129.5,132.9
-13.75,129.75,105.5
-13.75,130.0,78.2
-13.75,130.25,50.9
-13.75,130.5,23.7
-13.75,130.75,0.1
-13.75,131.0,18.3
-13.75,131.25,4.3
-13.75,131.5,3.2
-13.75,131.75,23.6
-13.75,132.0,22.1
-13.75,132.25,9.0
-13.75,132.5,0.0
-13.75,132.75,0.0
-13.75,133.0,0.1
-13.75,133.25,27.5
-13.75,133.5,54.9
-13.75,133.75,82.3
-13.75,134.0,109.7
-13.75,134.25,137.1
-13.75,134.5,164.5
-13.75,134.75,191.9
-13.75,135.0,219.3
-13.75,135.25,246.6
-13.75,135.5,243.3
-13.75,135.75,227.7
-13.75,136.0,214.4
-13.75,141.25,77.9
-13.75,141.5,50.5
-13.75,141.75,23.4
-13.75,142.0,3.6
-13.75,142.25,1.6
-13.75,142.5,13.8
-13.75,142.75,4.0
-13.75,143.0,0.0
-13.75,143.25,1.0
-13.75,143.5,23.6
-13.75,143.75,50.7
-14.0,126.25,96.6
-14.0,126.5,77.0
-14.0,126.75,63.4
-14.0,127.0,59.7
-14.0,127.25,59.9
-14.0,127.5,67.4
-14.0,127.75,83.5
-14.0,129.5,134.6
-14.0,129.75,107.6
-14.0,130.0,80.9
-14.0,130.25,54.8
-14.0,130.5,31.0
-14.0,130.75,19.2
-14.0,131.0,21.0
-14.0,131.25,0.8
-14.0,131.5,2.2
-14.0,131.75,4.7
-14.0,132.0,25.8
-14.0,132.25,2.6
-14.0,132.5,0.0
-14.0,132.75,0.0
-14.0,133.0,0.2
-14.0,133.25,27.5
-14.0,133.5,54.8
-14.0,133.75,82.1
-14.0,134.0,109.5
-14.0,134.25,136.8
-14.0,134.5,164.2
-14.0,134.75,191.3
-14.0,135.0,215.0
-14.0,135.25,239.5
-14.0,135.5,222.2
-14.0,135.75,205.1
-14.0,136.0,190.2
-14.0,136.25,178.3
-14.0,141.25,83.9
-14.0,141.5,59.5
-14.0,141.75,39.1
-14.0,142.0,30.4
-14.0,142.25,28.1
-14.0,142.5,18.0
-14.0,142.75,2.1
-14.0,143.0,1.5
-14.0,143.25,23.5
-14.0,143.5,36.6
-14.0,143.75,23.5
-14.0,144.0,28.8
-14.0,144.25,7.7
-14.0,144.5,18.0
-14.25,125.5,91.9
-14.25,125.75,98.4
-14.25,126.0,101.3
-14.25,126.25,78.8
-14.25,126.5,58.1
-14.25,126.75,38.8
-14.25,127.0,32.4
-14.25,127.25,32.6
-14.25,127.5,44.9
-14.25,127.75,66.7
-14.25,128.0,79.3
-14.25,129.25,104.3
-14.25,129.5,126.1
-14.25,129.75,115.8
-14.25,130.0,91.5
-14.25,130.25,69.6
-14.25,130.5,52.9
-14.25,130.75,46.5
-14.25,131.0,31.6
-14.25,131.25,10.7
-14.25,131.5,13.4
-14.25,131.75,29.8
-14.25,132.0,17.3
-14.25,132.25,2.6
-14.25,132.5,0.0
-14.25,132.75,1.6
-14.25,133.0,25.4
-14.25,133.25,38.8
-14.25,133.5,61.3
-14.25,133.75,86.5
-14.25,134.0,109.0
-14.25,134.25,130.6
-14.25,134.5,154.0
-14.25,134.75,178.5
-14.25,135.0,203.6
-14.25,135.25,223.2
-14.25,135.5,202.6
-14.25,135.75,183.7
-14.25,136.0,167.0
-14.25,141.25,97.6
-14.25,141.5,77.6
-14.25,141.75,62.9
-14.25,142.0,57.5
-14.25,142.25,54.2
-14.25,142.5,35.0
-14.25,142.75,27.1
-14.25,143.0,26.1
-14.25,143.25,38.5
-14.25,143.5,29.8
-14.25,143.75,3.4
-14.25,144.0,21.9
-14.25,144.25,2.1
-14.25,144.5,0.0
-14.25,144.75,13.2
-14.5,125.25,55.5
-14.5,125.5,69.2
-14.5,125.75,71.1
-14.5,126.0,78.8
-14.5,126.25,64.9
-14.5,126.5,40.5
-14.5,126.75,19.6
-14.5,127.0,5.0
-14.5,127.25,6.3
-14.5,127.5,31.4
-14.5,127.75,58.5
-14.5,128.0,57.5
-14.5,128.25,42.3
-14.5,129.5,113.5
-14.5,129.75,129.3
-14.5,130.0,108.2
-14.5,130.25,90.4
-14.5,130.5,78.1
-14.5,130.75,70.0
-14.5,131.0,49.3
-14.5,131.25,36.3
-14.5,131.5,25.8
-14.5,131.75,18.3
-14.5,132.0,34.6
-14.5,132.25,20.0
-14.5,132.5,7.8
-14.5,132.75,10.5
-14.5,133.0,27.4
-14.5,133.25,44.4
-14.5,133.5,52.5
-14.5,133.75,70.5
-14.5,134.0,93.0
-14.5,134.25,117.6
-14.5,134.5,143.1
-14.5,134.75,169.1
-14.5,135.0,195.4
-14.5,135.25,207.0
-14.5,135.5,184.9
-14.5,135.75,164.0
-14.5,141.25,116.1
-14.5,141.5,99.8
-14.5,141.75,88.6
-14.5,142.0,84.1
-14.5,142.25,73.0
-14.5,142.5,60.2
-14.5,142.75,54.1
-14.5,143.0,53.2
-14.5,143.25,60.8
-14.5,143.5,33.7
-14.5,143.75,6.6
-14.5,144.0,0.0
-14.5,144.25,8.4
-14.5,144.5,0.0
-14.5,144.75,5.3
-14.5,145.0,1.2
-14.75,125.0,25.3
-14.75,125.25,30.9
-14.75,125.5,43.4
-14.75,125.75,44.0
-14.75,126.0,55.5
-14.75,126.25,47.0
-14.75,126.5,27.1
-14.75,126.75,6.5
-14.75,127.0,0.0
-14.75,127.25,3.8
-14.75,127.5,31.0
-14.75,127.75,58.2
-14.75,128.0,37.2
-14.75,128.25,19.0
-14.75,128.5,10.9
-14.75,128.75,27.8
-14.75,129.0,53.1
-14.75,129.25,79.0
-14.75,129.5,96.4
-14.75,129.75,111.8
-14.75,130.0,98.0
-14.75,130.25,90.4
-14.75,130.5,89.7
-14.75,130.75,74.0
-14.75,131.0,59.6
-14.75,131.25,32.6
-14.75,131.5,6.5
-14.75,131.75,8.1
-14.75,132.0,32.1
-14.75,132.25,26.4
-14.75,132.5,18.0
-14.75,132.75,35.3
-14.75,133.0,19.2
-14.75,133.25,17.0
-14.75,133.5,32.2
-14.75,133.75,57.0
-14.75,134.0,83.2
-14.75,134.25,109.9
-14.75,134.5,136.8
-14.75,134.75,163.8
-14.75,135.0,190.8
-14.75,135.25,188.1
-14.75,135.5,169.4
-14.75,135.75,146.8
-14.75,141.25,102.2
-14.75,141.5,83.5
-14.75,141.75,70.4
-14.75,142.0,66.5
-14.75,142.25,72.4
-14.75,142.5,82.4
-14.75,142.75,81.3
-14.75,143.0,80.5
-14.75,143.25,57.9
-14.75,143.5,30.8
-14.75,143.75,3.8
-14.75,144.0,0.0
-14.75,144.25,4.9
-14.75,144.5,15.4
-14.75,144.75,0.0
-14.75,145.0,5.9
-14.75,145.25,14.9
-15.0,125.0,2.1
-15.0,125.25,11.0
-15.0,125.5,15.9
-15.0,125.75,17.6
-15.0,126.0,38.2
-15.0,126.25,40.6
-15.0,126.5,13.5
-15.0,126.75,0.0
-15.0,127.0,0.0
-15.0,127.25,3.8
-15.0,127.5,30.9
-15.0,127.75,48.0
-15.0,128.0,22.9
-15.0,128.25,0.0
-15.0,128.5,0.0
-15.0,128.75,19.7
-15.0,129.0,44.8
-15.0,129.25,57.9
-15.0,129.5,78.5
-15.0,129.75,91.3
-15.0,130.0,73.8
-15.0,130.25,63.4
-15.0,130.5,63.7
-15.0,130.75,51.1
-15.0,131.0,39.0
-15.0,131.25,38.6
-15.0,131.5,19.8
-15.0,131.75,27.6
-15.0,132.0,46.6
-15.0,132.25,49.6
-15.0,132.5,45.3
-15.0,132.75,37.8
-15.0,133.0,13.4
-15.0,133.25,1.4
-15.0,133.5,27.2
-15.0,133.75,54.2
-15.0,134.0,81.3
-15.0,134.25,108.4
-15.0,134.5,135.5
-15.0,134.75,162.6
-15.0,135.0,178.4
-15.0,135.25,164.4
-15.0,135.5,151.5
-15.0,135.75,132.3
-15.0,136.0,108.8
-15.0,141.25,86.2
-15.0,141.5,63.9
-15.0,141.75,45.5
-15.0,142.0,39.1
-15.0,142.25,46.3
-15.0,142.5,59.3
-15.0,142.75,78.0
-15.0,143.0,83.2
-15.0,143.25,56.3
-15.0,143.5,29.3
-15.0,143.75,2.3
-15.0,144.0,0.0
-15.0,144.25,0.0
-15.0,144.5,6.0
-15.0,144.75,10.1
-15.0,145.0,3.8
-15.0,145.25,14.6
-15.0,145.5,32.8
-15.25,124.75,12.0
-15.25,125.0,0.0
-15.25,125.25,0.0
-15.25,125.5,0.0
-15.25,125.75,7.5
-15.25,126.0,34.6
-15.25,126.25,38.6
-15.25,126.5,13.5
-15.25,126.75,0.0
-15.25,127.0,0.0
-15.25,127.25,3.8
-15.25,127.5,30.9
-15.25,127.75,44.3
-15.25,128.0,18.2
-15.25,128.25,0.0
-15.25,128.5,13.7
-15.25,128.75,21.3
-15.25,129.0,19.5
-15.25,129.25,41.5
-15.25,129.5,57.6
-15.25,129.75,72.3
-15.25,130.0,52.8
-15.25,130.25,37.0
-15.25,130.5,37.5
-15.25,130.75,35.5
-15.25,131.0,12.8
-15.25,131.25,17.3
-15.25,131.5,27.6
-15.25,131.75,48.5
-15.25,132.0,66.1
-15.25,132.25,75.5
-15.25,132.5,72.6
-15.25,132.75,49.7
-15.25,133.0,31.9
-15.25,133.25,25.7
-15.25,133.5,38.2
-15.25,133.75,61.1
-15.25,134.0,86.4
-15.25,134.25,112.6
-15.25,134.5,135.0
-15.25,134.75,142.9
-15.25,135.0,153.7
-15.25,135.25,142.0
-15.25,135.5,126.9
-15.25,135.75,116.2
-15.25,136.0,96.5
-15.25,136.25,71.6
-15.25,141.25,76.3
-15.25,141.5,50.1
-15.25,141.75,25.7
-15.25,142.0,12.1
-15.25,142.25,21.2
-15.25,142.5,39.4
-15.25,142.75,62.0
-15.25,143.0,82.8
-15.25,143.25,56.1
-15.25,143.5,30.1
-15.25,143.75,11.4
-15.25,144.0,8.7
-15.25,144.25,0.0
-15.25,144.5,0.0
-15.25,144.75,8.2
-15.25,145.0,22.2
-15.25,145.25,18.5
-15.25,145.5,35.3
-15.5,124.5,46.0
-15.5,124.75,23.8
-15.5,125.0,10.0
-15.5,125.25,0.0
-15.5,125.5,0.0
-15.5,125.75,7.5
-15.5,126.0,34.6
-15.5,126.25,38.2
-15.5,126.5,12.9
-15.5,126.75,7.6
-15.5,127.0,20.8
-15.5,127.25,20.0
-15.5,127.5,36.5
-15.5,127.75,49.2
-15.5,128.0,22.2
-15.5,128.25,0.8
-15.5,128.5,12.9
-15.5,128.75,17.1
-15.5,129.0,15.1
-15.5,129.25,26.0
-15.5,129.5,33.8
-15.5,129.75,54.3
-15.5,130.0,35.4
-15.5,130.25,14.7
-15.5,130.5,15.1
-15.5,130.75,31.3
-15.5,131.0,6.7
-15.5,131.25,0.0
-15.5,131.5,11.7
-15.5,131.75,37.8
-15.5,132.0,64.7
-15.5,132.25,91.6
-15.5,132.5,88.0
-15.5,132.75,69.4
-15.5,133.0,56.4
-15.5,133.25,53.1
-15.5,133.5,60.2
-15.5,133.75,76.7
-15.5,134.0,98.0
-15.5,134.25,104.6
-15.5,134.5,108.3
-15.5,134.75,117.2
-15.5,135.0,130.1
-15.5,135.25,121.8
-15.5,135.5,103.8
-15.5,135.75,90.4
-15.5,136.0,83.8
-15.5,136.25,63.8
-15.5,136.5,37.2
-15.5,141.25,75.5
-15.5,141.5,49.0
-15.5,141.75,23.5
-15.5,142.0,2.1
-15.5,142.25,1.6
-15.5,142.5,28.6
-15.5,142.75,55.6
-15.5,143.0,82.6
-15.5,143.25,67.2
-15.5,143.5,47.8
-15.5,143.75,38.8
-15.5,144.0,27.2
-15.5,144.25,10.3
-15.5,144.5,1.4
-15.5,144.75,18.8
-15.5,145.0,20.1
-15.5,145.25,0.1
-15.5,145.5,24.4
-15.75,124.25,83.2
-15.75,124.5,62.3
-15.75,124.75,46.9
-15.75,125.0,24.5
-15.75,125.25,0.0
-15.75,125.5,0.0
-15.75,125.75,7.5
-15.75,126.0,34.5
-15.75,126.25,51.1
-15.75,126.5,35.7
-15.75,126.75,34.8
-15.75,127.0,44.6
-15.75,127.25,47.2
-15.75,127.5,56.3
-15.75,127.75,53.1
-15.75,128.0,26.9
-15.75,128.25,2.1
-15.75,128.5,17.8
-15.75,128.75,0.0
-15.75,129.0,10.8
-15.75,129.25,0.0
-15.75,129.5,17.9
-15.75,129.75,36.6
-15.75,130.0,16.8
-15.75,130.25,0.0
-15.75,130.5,7.3
-15.75,130.75,25.9
-15.75,131.0,3.2
-15.75,131.25,3.5
-15.75,131.5,11.0
-15.75,131.75,37.5
-15.75,132.0,64.4
-15.75,132.25,91.4
-15.75,132.5,107.7
-15.75,132.75,92.7
-15.75,133.0,82.8
-15.75,133.25,80.6
-15.75,133.5,85.4
-15.75,133.75,93.5
-15.75,134.0,81.4
-15.75,134.25,77.1
-15.75,134.5,82.0
-15.75,134.75,92.5
-15.75,135.0,108.4
-15.75,135.25,104.8
-15.75,135.5,83.3
-15.75,135.75,65.9
-15.75,136.0,56.5
-15.75,136.25,58.1
-15.75,136.5,38.4
-15.75,136.75,15.3
-15.75,137.0,17.9
-15.75,137.25,41.2
-15.75,141.25,84.0
-15.75,141.5,61.3
-15.75,141.75,39.3
-15.75,142.0,20.6
-15.75,142.25,24.4
-15.75,142.5,39.7
-15.75,142.75,54.6
-15.75,143.0,64.0
-15.75,143.25,78.7
-15.75,143.5,71.9
-15.75,143.75,57.6
-15.75,144.0,32.8
-15.75,144.25,15.9
-15.75,144.5,24.4
-15.75,144.75,37.5
-15.75,145.0,13.3
-15.75,145.25,0.0
-15.75,145.5,14.2
-16.0,123.75,128.6
-16.0,124.0,106.4
-16.0,124.25,86.8
-16.0,124.5,72.1
-16.0,124.75,51.4
-16.0,125.0,24.5
-16.0,125.25,1.9
-16.0,125.5,1.9
-16.0,125.75,7.7
-16.0,126.0,34.5
-16.0,126.25,61.4
-16.0,126.5,62.3
-16.0,126.75,62.2
-16.0,127.0,68.5
-16.0,127.25,74.7
-16.0,127.5,80.7
-16.0,127.75,62.4
-16.0,128.0,39.7
-16.0,128.25,25.8
-16.0,128.5,31.0
-16.0,128.75,22.2
-16.0,129.0,14.8
-16.0,129.25,15.6
-16.0,129.5,29.7
-16.0,129.75,24.4
-16.0,130.0,0.0
-16.0,130.25,0.0
-16.0,130.5,0.0
-16.0,130.75,4.6
-16.0,131.0,3.3
-16.0,131.25,14.6
-16.0,131.5,32.7
-16.0,131.75,48.5
-16.0,132.0,71.4
-16.0,132.25,96.3
-16.0,132.5,122.1
-16.0,132.75,117.4
-16.0,133.0,109.7
-16.0,133.25,108.1
-16.0,133.5,93.9
-16.0,133.75,72.5
-16.0,134.0,56.0
-16.0,134.25,49.6
-16.0,134.5,56.2
-16.0,134.75,69.9
-16.0,135.0,89.8
-16.0,135.25,93.0
-16.0,135.5,67.9
-16.0,135.75,44.9
-16.0,136.0,29.5
-16.0,136.25,32.4
-16.0,136.5,51.1
-16.0,136.75,40.1
-16.0,137.0,42.0
-16.0,137.25,56.4
-16.0,137.5,77.8
-16.0,137.75,101.6
-16.0,141.0,121.2
-16.0,141.25,99.1
-16.0,141.5,77.7
-16.0,141.75,58.4
-16.0,142.0,46.7
-16.0,142.25,48.8
-16.0,142.5,32.3
-16.0,142.75,27.8
-16.0,143.0,40.8
-16.0,143.25,57.6
-16.0,143.5,66.0
-16.0,143.75,53.9
-16.0,144.0,27.3
-16.0,144.25,1.2
-16.0,144.5,14.7
-16.0,144.75,31.1
-16.0,145.0,10.9
-16.0,145.25,7.3
-16.0,145.5,5.4
-16.25,123.5,142.5
-16.25,123.75,116.9
-16.25,124.0,92.0
-16.25,124.25,68.4
-16.25,124.5,48.5
-16.25,124.75,38.1
-16.25,125.0,38.2
-16.25,125.25,29.4
-16.25,125.5,29.4
-16.25,125.75,30.4
-16.25,126.0,45.3
-16.25,126.25,68.0
-16.25,126.5,89.4
-16.25,126.75,89.7
-16.25,127.0,94.3
-16.25,127.25,102.2
-16.25,127.5,99.4
-16.25,127.75,78.2
-16.25,128.0,61.4
-16.25,128.25,53.1
-16.25,128.5,55.9
-16.25,128.75,49.6
-16.25,129.0,39.1
-16.25,129.25,40.1
-16.25,129.5,51.2
-16.25,129.75,24.4
-16.25,130.0,0.0
-16.25,130.25,0.0
-16.25,130.5,0.0
-16.25,130.75,2.0
-16.25,131.0,28.3
-16.25,131.25,31.7
-16.25,131.5,50.1
-16.25,131.75,69.4
-16.25,132.0,86.9
-16.25,132.25,108.3
-16.25,132.5,131.7
-16.25,132.75,143.1
-16.25,133.0,135.1
-16.25,133.25,108.7
-16.25,133.5,82.6
-16.25,133.75,57.2
-16.25,134.0,34.1
-16.25,134.25,22.1
-16.25,134.5,31.6
-16.25,134.75,52.3
-16.25,135.0,76.8
-16.25,135.25,88.4
-16.25,135.5,61.6
-16.25,135.75,34.7
-16.25,136.0,7.9
-16.25,136.25,15.6
-16.25,136.5,42.4
-16.25,136.75,67.1
-16.25,137.0,68.4
-16.25,137.25,78.3
-16.25,137.5,94.9
-16.25,137.75,115.4
-16.25,138.0,138.1
-16.25,141.0,133.2
-16.25,141.25,107.3
-16.25,141.5,82.0
-16.25,141.75,58.1
-16.25,142.0,38.3
-16.25,142.25,30.9
-16.25,142.5,18.3
-16.25,142.75,2.9
-16.25,143.0,19.4
-16.25,143.25,32.3
-16.25,143.5,42.7
-16.25,143.75,59.0
-16.25,144.0,35.7
-16.25,144.25,18.5
-16.25,144.5,25.4
-16.25,144.75,28.2
-16.25,145.0,9.6
-16.25,145.25,1.2
-16.25,145.5,2.0
-16.25,145.75,28.2
-16.5,122.75,90.0
-16.5,123.0,104.2
-16.5,123.25,122.6
-16.5,123.5,137.6
-16.5,123.75,111.0
-16.5,124.0,84.3
-16.5,124.25,57.8
-16.5,124.5,31.8
-16.5,124.75,10.9
-16.5,125.0,19.1
-16.5,125.25,26.5
-16.5,125.5,41.1
-16.5,125.75,57.5
-16.5,126.0,66.5
-16.5,126.25,83.6
-16.5,126.5,104.9
-16.5,126.75,117.0
-16.5,127.0,120.9
-16.5,127.25,129.7
-16.5,127.5,116.6
-16.5,127.75,99.1
-16.5,128.0,86.3
-16.5,128.25,76.9
-16.5,128.5,72.6
-16.5,128.75,73.7
-16.5,129.0,66.0
-16.5,129.25,66.9
-16.5,129.5,51.1
-16.5,129.75,24.3
-16.5,130.0,0.0
-16.5,130.25,0.0
-16.5,130.5,0.0
-16.5,130.75,9.1
-16.5,131.0,28.5
-16.5,131.25,43.6
-16.5,131.5,66.5
-16.5,131.75,88.1
-16.5,132.0,107.3
-16.5,132.25,125.3
-16.5,132.5,146.0
-16.5,132.75,160.0
-16.5,133.0,133.2
-16.5,133.25,106.4
-16.5,133.5,79.7
-16.5,133.75,52.9
-16.5,134.0,26.2
-16.5,134.25,0.0
-16.5,134.5,18.8
-16.5,134.75,45.6
-16.5,135.0,72.4
-16.5,135.25,91.8
-16.5,135.5,66.1
-16.5,135.75,41.9
-16.5,136.0,24.2
-16.5,136.25,27.4
-16.5,136.5,48.0
-16.5,136.75,72.7
-16.5,137.0,95.3
-16.5,137.25,103.0
-16.5,137.5,116.0
-16.5,137.75,133.3
-16.5,138.0,153.4
-16.5,138.25,175.3
-16.5,138.5,189.6
-16.5,138.75,195.3
-16.5,141.0,128.9
-16.5,141.25,102.5
-16.5,141.5,75.8
-16.5,141.75,49.1
-16.5,142.0,22.5
-16.5,142.25,3.5
-16.5,142.5,5.7
-16.5,142.75,0.0
-16.5,143.0,0.0
-16.5,143.25,4.8
-16.5,143.5,26.8
-16.5,143.75,50.7
-16.5,144.0,55.8
-16.5,144.25,45.3
-16.5,144.5,48.8
-16.5,144.75,45.1
-16.5,145.0,22.5
-16.5,145.25,1.4
-16.5,145.5,16.6
-16.5,145.75,37.3
-16.75,122.5,55.2
-16.75,122.75,66.1
-16.75,123.0,84.3
-16.75,123.25,106.2
-16.75,123.5,129.9
-16.75,123.75,110.4
-16.75,124.0,83.6
-16.75,124.25,56.9
-16.75,124.5,30.2
-16.75,124.75,3.6
-16.75,125.0,0.0
-16.75,125.25,5.0
-16.75,125.5,29.0
-16.75,125.75,46.9
-16.75,126.0,55.2
-16.75,126.25,71.0
-16.75,126.5,90.8
-16.75,126.75,113.4
-16.75,127.0,136.8
-16.75,127.25,121.0
-16.75,127.5,98.4
-16.75,127.75,78.4
-16.75,128.0,63.5
-16.75,128.25,50.6
-16.75,128.5,45.1
-16.75,128.75,46.7
-16.75,129.0,49.6
-16.75,129.25,63.5
-16.75,129.5,51.1
-16.75,129.75,24.4
-16.75,130.0,0.6
-16.75,130.25,0.0
-16.75,130.5,0.0
-16.75,130.75,0.1
-16.75,131.0,7.0
-16.75,131.25,33.7
-16.75,131.5,59.9
-16.75,131.75,85.9
-16.75,132.0,112.2
-16.75,132.25,138.7
-16.75,132.5,163.7
-16.75,132.75,161.9
-16.75,133.0,135.4
-16.75,133.25,109.1
-16.75,133.5,83.0
-16.75,133.75,57.1
-16.75,134.0,32.7
-16.75,134.25,17.5
-16.75,134.5,25.6
-16.75,134.75,48.8
-16.75,135.0,74.4
-16.75,135.25,100.6
-16.75,135.5,79.8
-16.75,135.75,61.4
-16.75,136.0,50.9
-16.75,136.25,52.5
-16.75,136.5,65.6
-16.75,136.75,85.4
-16.75,137.0,108.2
-16.75,137.25,128.8
-16.75,137.5,139.5
-16.75,137.75,154.1
-16.75,138.0,158.2
-16.75,138.25,159.7
-16.75,138.5,162.4
-16.75,138.75,169.0
-16.75,139.0,179.4
-16.75,141.0,125.3
-16.75,141.25,98.6
-16.75,141.5,71.9
-16.75,141.75,45.2
-16.75,142.0,18.7
-16.75,142.25,0.0
-16.75,142.5,0.0
-16.75,142.75,0.0
-16.75,143.0,0.0
-16.75,143.25,0.0
-16.75,143.5,20.8
-16.75,143.75,47.5
-16.75,144.0,56.4
-16.75,144.25,40.5
-16.75,144.5,38.0
-16.75,144.75,41.5
-16.75,145.0,15.5
-16.75,145.25,8.9
-16.75,145.5,17.3
-16.75,145.75,13.6
-17.0,122.25,26.4
-17.0,122.5,28.7
-17.0,122.75,46.3
-17.0,123.0,69.9
-17.0,123.25,95.1
-17.0,123.5,121.0
-17.0,123.75,113.9
-17.0,124.0,88.3
-17.0,124.25,63.7
-17.0,124.5,37.5
-17.0,124.75,10.8
-17.0,125.0,0.0
-17.0,125.25,0.0
-17.0,125.5,9.9
-17.0,125.75,20.8
-17.0,126.0,32.8
-17.0,126.25,53.3
-17.0,126.5,77.7
-17.0,126.75,99.2
-17.0,127.0,122.6
-17.0,127.25,109.9
-17.0,127.5,85.0
-17.0,127.75,60.9
-17.0,128.0,40.0
-17.0,128.25,27.0
-17.0,128.5,17.5
-17.0,128.75,19.4
-17.0,129.0,25.1
-17.0,129.25,45.8
-17.0,129.5,54.1
-17.0,129.75,27.4
-17.0,130.0,0.7
-17.0,130.25,0.0
-17.0,130.5,2.4
-17.0,130.75,0.0
-17.0,131.0,3.9
-17.0,131.25,30.6
-17.0,131.5,57.1
-17.0,131.75,83.7
-17.0,132.0,110.4
-17.0,132.25,137.1
-17.0,132.5,163.8
-17.0,132.75,167.4
-17.0,133.0,141.9
-17.0,133.25,116.8
-17.0,133.5,92.7
-17.0,133.75,70.6
-17.0,134.0,52.8
-17.0,134.25,45.0
-17.0,134.5,48.8
-17.0,134.75,64.0
-17.0,135.0,85.1
-17.0,135.25,108.7
-17.0,135.5,99.5
-17.0,135.75,85.4
-17.0,136.0,78.2
-17.0,136.25,79.3
-17.0,136.5,88.5
-17.0,136.75,104.0
-17.0,137.0,123.4
-17.0,137.25,145.1
-17.0,137.5,140.8
-17.0,137.75,133.2
-17.0,138.0,130.6
-17.0,138.25,132.2
-17.0,138.5,135.3
-17.0,138.75,143.2
-17.0,139.0,155.2
-17.0,139.25,168.8
-17.0,140.75,153.7
-17.0,141.0,127.4
-17.0,141.25,101.3
-17.0,141.5,75.6
-17.0,141.75,51.0
-17.0,142.0,30.1
-17.0,142.25,23.1
-17.0,142.5,20.9
-17.0,142.75,18.8
-17.0,143.0,7.5
-17.0,143.25,6.9
-17.0,143.5,22.4
-17.0,143.75,48.6
-17.0,144.0,42.6
-17.0,144.25,18.2
-17.0,144.5,10.5
-17.0,144.75,27.5
-17.0,145.0,23.3
-17.0,145.25,7.2
-17.0,145.5,6.5
-17.0,145.75,3.1
-17.0,146.0,6.4
-17.25,122.0,18.4
-17.25,122.25,0.0
-17.25,122.5,11.4
-17.25,122.75,38.0
-17.25,123.0,64.6
-17.25,123.25,91.3
-17.25,123.5,117.9
-17.25,123.75,120.0
-17.25,124.0,94.0
-17.25,124.25,68.6
-17.25,124.5,44.7
-17.25,124.75,26.0
-17.25,125.0,5.1
-17.25,125.25,0.0
-17.25,125.5,0.5
-17.25,125.75,0.0
-17.25,126.0,19.6
-17.25,126.25,39.7
-17.25,126.5,62.6
-17.25,126.75,87.6
-17.25,127.0,113.3
-17.25,127.25,104.6
-17.25,127.5,78.0
-17.25,127.75,51.6
-17.25,128.0,25.4
-17.25,128.25,2.7
-17.25,128.5,0.0
-17.25,128.75,0.0
-17.25,129.0,10.0
-17.25,129.25,36.4
-17.25,129.5,54.1
-17.25,129.75,27.6
-17.25,130.0,3.4
-17.25,130.25,3.3
-17.25,130.5,21.1
-17.25,130.75,19.9
-17.25,131.0,19.4
-17.25,131.25,37.4
-17.25,131.5,61.5
-17.25,131.75,86.7
-17.25,132.0,112.6
-17.25,132.25,138.8
-17.25,132.5,165.2
-17.25,132.75,176.7
-17.25,133.0,152.8
-17.25,133.25,129.9
-17.25,133.5,108.8
-17.25,133.75,90.7
-17.25,134.0,77.7
-17.25,134.25,72.6
-17.25,134.5,75.0
-17.25,134.75,85.7
-17.25,135.0,102.4
-17.25,135.25,122.7
-17.25,135.5,122.2
-17.25,135.75,111.1
-17.25,136.0,105.7
-17.25,136.25,106.5
-17.25,136.5,113.5
-17.25,136.75,125.9
-17.25,137.0,142.3
-17.25,137.25,129.9
-17.25,137.5,115.6
-17.25,137.75,106.2
-17.25,138.0,103.0
-17.25,138.25,104.7
-17.25,138.5,108.5
-17.25,138.75,118.1
-17.25,139.0,131.8
-17.25,139.25,144.8
-17.25,139.5,160.2
-17.25,140.75,160.2
-17.25,141.0,135.2
-17.25,141.25,111.0
-17.25,141.5,88.2
-17.25,141.75,68.4
-17.25,142.0,54.6
-17.25,142.25,50.7
-17.25,142.5,48.4
-17.25,142.75,43.0
-17.25,143.0,35.0
-17.25,143.25,34.4
-17.25,143.5,36.5
-17.25,143.75,24.5
-17.25,144.0,35.5
-17.25,144.25,21.9
-17.25,144.5,2.2
-17.25,144.75,22.0
-17.25,145.0,44.5
-17.25,145.25,20.5
-17.25,145.5,9.7
-17.25,145.75,1.7
-17.25,146.0,1.6
-17.25,146.25,24.7
-17.5,122.0,23.2
-17.5,122.25,16.4
-17.5,122.5,21.1
-17.5,122.75,41.9
-17.5,123.0,67.0
-17.5,123.25,92.9
-17.5,123.5,119.1
-17.5,123.75,126.6
-17.5,124.0,100.2
-17.5,124.25,74.0
-17.5,124.5,47.7
-17.5,124.75,22.4
-17.5,125.0,1.3
-17.5,125.25,0.0
-17.5,125.5,4.2
-17.5,125.75,1.1
-17.5,126.0,4.7
-17.5,126.25,30.7
-17.5,126.5,57.3
-17.5,126.75,83.8
-17.5,127.0,110.4
-17.5,127.25,98.7
-17.5,127.5,73.1
-17.5,127.75,48.5
-17.5,128.0,22.8
-17.5,128.25,0.0
-17.5,128.5,0.0
-17.5,128.75,1.3
-17.5,129.0,20.8
-17.5,129.25,42.0
-17.5,129.5,62.2
-17.5,129.75,41.3
-17.5,130.0,30.9
-17.5,130.25,30.9
-17.5,130.5,37.3
-17.5,130.75,47.2
-17.5,131.0,46.0
-17.5,131.25,56.5
-17.5,131.5,75.1
-17.5,131.75,97.3
-17.5,132.0,121.3
-17.5,132.25,145.9
-17.5,132.5,171.1
-17.5,132.75,189.6
-17.5,133.0,167.6
-17.5,133.25,147.1
-17.5,133.5,128.8
-17.5,133.75,114.0
-17.5,134.0,104.0
-17.5,134.25,100.3
-17.5,134.5,102.0
-17.5,134.75,110.1
-17.5,135.0,123.5
-17.5,135.25,140.7
-17.5,135.5,146.7
-17.5,135.75,137.6
-17.5,136.0,133.3
-17.5,136.25,133.9
-17.5,136.5,134.0
-17.5,136.75,135.0
-17.5,137.0,129.7
-17.5,137.25,109.2
-17.5,137.5,91.9
-17.5,137.75,79.7
-17.5,138.0,75.4
-17.5,138.25,77.1
-17.5,138.5,82.1
-17.5,138.75,94.4
-17.5,139.0,107.6
-17.5,139.25,122.0
-17.5,139.5,139.9
-17.5,139.75,160.2
-17.5,140.0,182.1
-17.5,140.25,205.1
-17.5,140.5,195.0
-17.5,140.75,171.0
-17.5,141.0,147.8
-17.5,141.25,126.1
-17.5,141.5,106.7
-17.5,141.75,91.0
-17.5,142.0,81.2
-17.5,142.25,78.2
-17.5,142.5,76.0
-17.5,142.75,67.4
-17.5,143.0,62.6
-17.5,143.25,51.3
-17.5,143.5,24.9
-17.5,143.75,0.0
-17.5,144.0,8.7
-17.5,144.25,20.9
-17.5,144.5,28.7
-17.5,144.75,37.5
-17.5,145.0,34.9
-17.5,145.25,8.7
-17.5,145.5,0.4
-17.5,145.75,0.0
-17.5,146.0,5.0
-17.5,146.25,17.9
-17.5,146.5,43.6
-17.75,122.0,47.0
-17.75,122.25,44.0
-17.75,122.5,46.8
-17.75,122.75,59.2
-17.75,123.0,78.9
-17.75,123.25,101.8
-17.75,123.5,126.1
-17.75,123.75,125.8
-17.75,124.0,99.3
-17.75,124.25,72.9
-17.75,124.5,46.7
-17.75,124.75,21.1
-17.75,125.0,2.5
-17.75,125.25,0.2
-17.75,125.5,21.4
-17.75,125.75,27.3
-17.75,126.0,30.4
-17.75,126.25,42.9
-17.75,126.5,64.6
-17.75,126.75,89.0
-17.75,127.0,114.3
-17.75,127.25,96.1
-17.75,127.5,69.5
-17.75,127.75,43.0
-17.75,128.0,16.5
-17.75,128.25,3.0
-17.75,128.5,5.6
-17.75,128.75,21.7
-17.75,129.0,39.2
-17.75,129.25,59.1
-17.75,129.5,79.5
-17.75,129.75,64.6
-17.75,130.0,58.5
-17.75,130.25,58.5
-17.75,130.5,62.1
-17.75,130.75,74.0
-17.75,131.0,73.2
-17.75,131.25,80.6
-17.75,131.5,94.7
-17.75,131.75,113.2
-17.75,132.0,134.4
-17.75,132.25,157.2
-17.75,132.5,181.1
-17.75,132.75,205.4
-17.75,133.0,185.3
-17.75,133.25,167.1
-17.75,133.5,151.3
-17.75,133.75,138.9
-17.75,134.0,130.8
-17.75,134.25,127.9
-17.75,134.5,129.3
-17.75,134.75,135.7
-17.75,135.0,146.8
-17.75,135.25,161.5
-17.75,135.5,145.6
-17.75,135.75,129.0
-17.75,136.0,116.1
-17.75,136.25,108.2
-17.75,136.5,106.3
-17.75,136.75,107.6
-17.75,137.0,114.6
-17.75,137.25,92.3
-17.75,137.5,70.9
-17.75,137.75,54.3
-17.75,138.0,47.7
-17.75,138.25,49.5
-17.75,138.5,56.8
-17.75,138.75,70.5
-17.75,139.0,84.0
-17.75,139.25,101.6
-17.75,139.5,122.5
-17.75,139.75,145.2
-17.75,140.0,169.0
-17.75,140.25,193.5
-17.75,140.5,207.6
-17.75,140.75,185.3
-17.75,141.0,164.2
-17.75,141.25,145.0
-17.75,141.5,128.5
-17.75,141.75,115.8
-17.75,142.0,108.3
-17.75,142.25,105.7
-17.75,142.5,103.5
-17.75,142.75,93.6
-17.75,143.0,77.1
-17.75,143.25,50.9
-17.75,143.5,25.3
-17.75,143.75,9.5
-17.75,144.0,1.5
-17.75,144.25,11.9
-17.75,144.5,37.8
-17.75,144.75,31.0
-17.75,145.0,34.6
-17.75,145.25,23.8
-17.75,145.5,0.8
-17.75,145.75,0.0
-17.75,146.0,3.3
-17.75,146.25,15.2
-17.75,146.5,40.9
-18.0,122.25,71.7
-18.0,122.5,73.8
-18.0,122.75,82.3
-18.0,123.0,97.4
-18.0,123.25,116.7
-18.0,123.5,138.4
-18.0,123.75,130.5
-18.0,124.0,105.3
-18.0,124.25,80.9
-18.0,124.5,58.3
-18.0,124.75,40.7
-18.0,125.0,25.3
-18.0,125.25,15.4
-18.0,125.5,0.0
-18.0,125.75,0.0
-18.0,126.0,23.4
-18.0,126.25,49.9
-18.0,126.5,76.3
-18.0,126.75,101.6
-18.0,127.0,124.0
-18.0,127.25,98.0
-18.0,127.5,72.2
-18.0,127.75,47.3
-18.0,128.0,25.7
-18.0,128.25,19.9
-18.0,128.5,29.5
-18.0,128.75,43.6
-18.0,129.0,60.0
-18.0,129.25,77.5
-18.0,129.5,97.1
-18.0,129.75,90.4
-18.0,130.0,86.2
-18.0,130.25,86.2
-18.0,130.5,88.7
-18.0,130.75,98.3
-18.0,131.0,100.6
-18.0,131.25,106.4
-18.0,131.5,117.4
-18.0,131.75,132.9
-18.0,132.0,151.3
-18.0,132.25,171.9
-18.0,132.5,194.0
-18.0,132.75,217.0
-18.0,133.0,205.3
-18.0,133.25,189.0
-18.0,133.5,175.3
-18.0,133.75,164.7
-18.0,134.0,158.0
-18.0,134.25,155.6
-18.0,134.5,156.7
-18.0,134.75,162.0
-18.0,135.0,171.3
-18.0,135.25,148.3
-18.0,135.5,126.7
-18.0,135.75,107.3
-18.0,136.0,91.4
-18.0,136.25,81.2
-18.0,136.5,78.6
-18.0,136.75,80.3
-18.0,137.0,89.6
-18.0,137.25,81.4
-18.0,137.5,56.1
-18.0,137.75,32.8
-18.0,138.0,20.1
-18.0,138.25,21.9
-18.0,138.5,34.9
-18.0,138.75,46.4
-18.0,139.0,63.5
-18.0,139.25,85.4
-18.0,139.5,109.4
-18.0,139.75,134.3
-18.0,140.0,159.7
-18.0,140.25,185.3
-18.0,140.5,211.2
-18.0,140.75,202.3
-18.0,141.0,183.3
-18.0,141.25,166.4
-18.0,141.5,152.2
-18.0,141.75,141.7
-18.0,142.0,135.6
-18.0,142.25,133.3
-18.0,142.5,128.7
-18.0,142.75,109.5
-18.0,143.0,85.1
-18.0,143.25,62.3
-18.0,143.5,44.1
-18.0,143.75,35.7
-18.0,144.0,27.2
-18.0,144.25,33.4
-18.0,144.5,21.1
-18.0,144.75,8.9
-18.0,145.0,14.1
-18.0,145.25,26.8
-18.0,145.5,6.0
-18.0,145.75,2.2
-18.0,146.0,3.3
-18.0,146.25,6.5
-18.25,122.0,100.7
-18.25,122.25,99.4
-18.25,122.5,100.9
-18.25,122.75,107.6
-18.25,123.0,119.6
-18.25,123.25,135.7
-18.25,123.5,154.7
-18.25,123.75,140.5
-18.25,124.0,117.6
-18.25,124.25,96.4
-18.25,124.5,78.5
-18.25,124.75,63.2
-18.25,125.0,48.0
-18.25,125.25,30.9
-18.25,125.5,20.9
-18.25,125.75,15.9
-18.25,126.0,33.7
-18.25,126.25,57.0
-18.25,126.5,81.1
-18.25,126.75,106.4
-18.25,127.0,129.5
-18.25,127.25,106.9
-18.25,127.5,84.0
-18.25,127.75,63.9
-18.25,128.0,50.1
-18.25,128.25,47.4
-18.25,128.5,55.8
-18.25,128.75,65.9
-18.25,129.0,81.9
-18.25,129.25,98.3
-18.25,129.5,115.7
-18.25,129.75,117.1
-18.25,130.0,113.9
-18.25,130.25,113.9
-18.25,130.5,115.8
-18.25,130.75,123.3
-18.25,131.0,128.1
-18.25,131.25,133.0
-18.25,131.5,141.9
-18.25,131.75,155.0
-18.25,132.0,171.1
-18.25,132.25,189.5
-18.25,132.5,209.7
-18.25,132.75,231.2
-18.25,133.0,226.9
-18.25,133.25,212.3
-18.25,133.5,200.2
-18.25,133.75,191.1
-18.25,134.0,185.3
-18.25,134.25,183.3
-18.25,134.5,184.2
-18.25,134.75,185.5
-18.25,135.0,160.3
-18.25,135.25,135.6
-18.25,135.5,111.6
-18.25,135.75,89.0
-18.25,136.0,69.0
-18.25,136.25,54.8
-18.25,136.5,51.0
-18.25,136.75,53.6
-18.25,137.0,66.6
-18.25,137.25,78.8
-18.25,137.5,52.4
-18.25,137.75,26.0
-18.25,138.0,0.0
-18.25,138.25,1.8
-18.25,138.5,9.3
-18.25,138.75,25.8
-18.25,139.0,50.3
-18.25,139.25,76.1
-18.25,139.5,102.2
-18.25,139.75,128.5
-18.25,140.0,154.8
-18.25,140.25,180.4
-18.25,140.5,203.6
-18.25,140.75,221.6
-18.25,141.0,204.4
-18.25,141.25,189.4
-18.25,141.5,177.1
-18.25,141.75,168.2
-18.25,142.0,163.1
-18.25,142.25,160.9
-18.25,142.5,144.7
-18.25,142.75,121.7
-18.25,143.0,100.3
-18.25,143.25,82.0
-18.25,143.5,69.2
-18.25,143.75,59.5
-18.25,144.0,50.1
-18.25,144.25,23.8
-18.25,144.5,0.0
-18.25,144.75,0.1
-18.25,145.0,19.7
-18.25,145.25,4.6
-18.25,145.5,0.0
-18.25,145.75,0.0
-18.25,146.0,1.1
-18.25,146.25,0.0
-18.25,146.5,20.6
-18.5,121.75,134.1
-18.5,122.0,128.1
-18.5,122.25,127.1
-18.5,122.5,128.2
-18.5,122.75,133.9
-18.5,123.0,130.2
-18.5,123.25,127.5
-18.5,123.5,127.7
-18.5,123.75,131.7
-18.5,124.0,134.5
-18.5,124.25,116.5
-18.5,124.5,100.7
-18.5,124.75,85.3
-18.5,125.0,69.1
-18.5,125.25,54.9
-18.5,125.5,44.4
-18.5,125.75,42.8
-18.5,126.0,52.6
-18.5,126.25,71.1
-18.5,126.5,93.1
-18.5,126.75,116.4
-18.5,127.0,109.4
-18.5,127.25,91.4
-18.5,127.5,78.3
-18.5,127.75,72.8
-18.5,128.0,75.3
-18.5,128.25,75.1
-18.5,128.5,80.6
-18.5,128.75,90.6
-18.5,129.0,103.3
-18.5,129.25,119.9
-18.5,129.5,136.6
-18.5,129.75,144.2
-18.5,130.0,141.6
-18.5,130.25,141.6
-18.5,130.5,143.1
-18.5,130.75,149.3
-18.5,131.0,155.7
-18.5,131.25,159.8
-18.5,131.5,167.5
-18.5,131.75,178.6
-18.5,132.0,192.8
-18.5,132.25,209.3
-18.5,132.5,227.7
-18.5,132.75,247.6
-18.5,133.0,249.8
-18.5,133.25,236.6
-18.5,133.5,225.8
-18.5,133.75,217.7
-18.5,134.0,212.7
-18.5,134.25,210.9
-18.5,134.5,205.9
-18.5,134.75,179.7
-18.5,135.0,153.6
-18.5,135.25,127.7
-18.5,135.5,101.9
-18.5,135.75,76.5
-18.5,136.0,52.0
-18.5,136.25,30.8
-18.5,136.5,23.3
-18.5,136.75,28.5
-18.5,137.0,48.7
-18.5,137.25,73.0
-18.5,137.5,52.3
-18.5,137.75,25.9
-18.5,138.0,0.0
-18.5,138.25,0.0
-18.5,138.5,3.3
-18.5,138.75,25.9
-18.5,139.0,50.7
-18.5,139.25,76.3
-18.5,139.5,99.4
-18.5,139.75,120.9
-18.5,140.0,144.0
-18.5,140.25,168.0
-18.5,140.5,192.7
-18.5,140.75,217.7
-18.5,141.0,226.9
-18.5,141.25,213.5
-18.5,141.5,202.7
-18.5,141.75,195.0
-18.5,142.0,190.7
-18.5,142.25,181.2
-18.5,142.5,159.0
-18.5,142.75,138.4
-18.5,143.0,120.1
-18.5,143.25,105.3
-18.5,143.5,95.7
-18.5,143.75,77.7
-18.5,144.0,52.3
-18.5,144.25,27.4
-18.5,144.5,4.8
-18.5,144.75,10.5
-18.5,145.0,33.9
-18.5,145.25,20.7
-18.5,145.5,13.7
-18.5,145.75,1.6
-18.5,146.0,5.7
-18.5,146.25,1.3
-18.5,146.5,7.7
-18.75,121.5,169.6
-18.75,121.75,160.6
-18.75,122.0,155.6
-18.75,122.25,144.8
-18.75,122.5,127.1
-18.75,122.75,112.8
-18.75,123.0,103.2
-18.75,123.25,99.8
-18.75,123.5,100.0
-18.75,123.75,105.1
-18.75,124.0,116.0
-18.75,124.25,131.4
-18.75,124.5,123.3
-18.75,124.75,107.3
-18.75,125.0,91.6
-18.75,125.25,80.8
-18.75,125.5,71.1
-18.75,125.75,70.0
-18.75,126.0,76.9
-18.75,126.25,90.6
-18.75,126.5,109.0
-18.75,126.75,116.9
-18.75,127.0,93.2
-18.75,127.25,71.4
-18.75,127.5,53.6
-18.75,127.75,45.1
-18.75,128.0,49.0
-18.75,128.25,64.2
-18.75,128.5,85.0
-18.75,128.75,108.1
-18.75,129.0,127.1
-18.75,129.25,141.2
-18.75,129.5,157.8
-18.75,129.75,171.5
-18.75,130.0,169.3
-18.75,130.25,169.3
-18.75,130.5,170.5
-18.75,130.75,175.7
-18.75,131.0,183.4
-18.75,131.25,186.9
-18.75,131.5,193.6
-18.75,131.75,203.3
-18.75,132.0,215.8
-18.75,132.25,230.7
-18.75,132.5,247.6
-18.75,132.75,254.8
-18.75,133.0,239.6
-18.75,133.25,226.3
-18.75,133.5,215.5
-18.75,133.75,207.4
-18.75,134.0,202.3
-18.75,134.25,200.5
-18.75,134.5,201.4
-18.75,134.75,178.0
-18.75,135.0,151.7
-18.75,135.25,125.4
-18.75,135.5,99.0
-18.75,135.75,72.7
-18.75,136.0,46.4
-18.75,136.25,20.1
-18.75,136.5,0.0
-18.75,136.75,16.5
-18.75,137.0,42.8
-18.75,137.25,69.1
-18.75,137.5,54.3
-18.75,137.75,29.8
-18.75,138.0,14.8
-18.75,138.25,0.0
-18.75,138.5,0.0
-18.75,138.75,20.8
-18.75,139.0,42.1
-18.75,139.25,61.6
-18.75,139.5,84.5
-18.75,139.75,108.9
-18.75,140.0,134.1
-18.75,140.25,159.6
-18.75,140.5,185.3
-18.75,140.75,211.1
-18.75,141.0,237.1
-18.75,141.25,238.4
-18.75,141.5,228.9
-18.75,141.75,222.0
-18.75,142.0,218.2
-18.75,142.25,195.2
-18.75,142.5,171.6
-18.75,142.75,148.8
-18.75,143.0,127.3
-18.75,143.25,107.9
-18.75,143.5,92.1
-18.75,143.75,80.4
-18.75,144.0,62.5
-18.75,144.25,42.3
-18.75,144.5,31.9
-18.75,144.75,35.6
-18.75,145.0,48.7
-18.75,145.25,48.3
-18.75,145.5,32.6
-18.75,145.75,10.3
-18.75,146.0,15.5
-18.75,146.25,0.1
-18.75,146.5,9.2
-19.0,121.25,206.0
-19.0,121.5,195.2
-19.0,121.75,173.0
-19.0,122.0,149.6
-19.0,122.25,127.2
-19.0,122.5,106.7
-19.0,122.75,89.1
-19.0,123.0,76.7
-19.0,123.25,72.0
-19.0,123.5,72.3
-19.0,123.75,79.2
-19.0,124.0,93.2
-19.0,124.25,111.7
-19.0,124.5,132.8
-19.0,124.75,129.1
-19.0,125.0,116.3
-19.0,125.25,105.7
-19.0,125.5,98.3
-19.0,125.75,97.6
-19.0,126.0,103.0
-19.0,126.25,113.6
-19.0,126.5,128.7
-19.0,126.75,109.2
-19.0,127.0,83.4
-19.0,127.25,58.0
-19.0,127.5,33.8
-19.0,127.75,17.5
-19.0,128.0,26.0
-19.0,128.25,48.9
-19.0,128.5,74.0
-19.0,128.75,99.7
-19.0,129.0,125.7
-19.0,129.25,151.7
-19.0,129.5,177.8
-19.0,129.75,195.8
-19.0,130.0,197.0
-19.0,130.25,197.0
-19.0,130.5,198.1
-19.0,130.75,202.6
-19.0,131.0,210.3
-19.0,131.25,214.1
-19.0,131.5,220.1
-19.0,131.75,228.7
-19.0,132.0,239.9
-19.0,132.25,253.4
-19.0,132.5,251.8
-19.0,132.75,233.5
-19.0,133.0,216.8
-19.0,133.25,202.1
-19.0,133.5,189.9
-19.0,133.75,180.7
-19.0,134.0,174.8
-19.0,134.25,172.8
-19.0,134.5,173.8
-19.0,134.75,178.4
-19.0,135.0,152.3
-19.0,135.25,126.2
-19.0,135.5,100.2
-19.0,135.75,74.4
-19.0,136.0,49.1
-19.0,136.25,25.7
-19.0,136.5,16.0
-19.0,136.75,23.0
-19.0,137.0,45.6
-19.0,137.25,70.8
-19.0,137.5,67.3
-19.0,137.75,42.5
-19.0,138.0,18.9
-19.0,138.25,9.9
-19.0,138.5,2.1
-19.0,138.75,4.2
-19.0,139.0,25.3
-19.0,139.25,51.0
-19.0,139.5,77.1
-19.0,139.75,103.2
-19.0,140.0,129.4
-19.0,140.25,155.6
-19.0,140.5,181.8
-19.0,140.75,208.1
-19.0,141.0,234.3
-19.0,141.25,260.5
-19.0,141.5,255.3
-19.0,141.75,236.4
-19.0,142.0,210.9
-19.0,142.25,185.6
-19.0,142.5,160.6
-19.0,142.75,136.0
-19.0,143.0,112.1
-19.0,143.25,89.6
-19.0,143.5,69.7
-19.0,143.75,55.4
-19.0,144.0,44.0
-19.0,144.25,43.0
-19.0,144.5,55.7
-19.0,144.75,62.9
-19.0,145.0,71.2
-19.0,145.25,60.0
-19.0,145.5,35.7
-19.0,145.75,18.1
-19.0,146.0,17.6
-19.0,146.25,0.0
-19.0,146.5,15.6
-19.0,146.75,13.4
-19.0,147.0,17.4
-19.0,147.25,31.8
-19.25,121.0,239.7
-19.25,121.25,214.1
-19.25,121.5,188.5
-19.25,121.75,163.2
-19.25,122.0,138.2
-19.25,122.25,113.8
-19.25,122.5,90.2
-19.25,122.75,68.6
-19.25,123.0,51.5
-19.25,123.25,44.3
-19.25,123.5,44.8
-19.25,123.75,55.2
-19.25,124.0,73.9
-19.25,124.25,96.1
-19.25,124.5,120.0
-19.25,124.75,144.6
-19.25,125.0,141.9
-19.25,125.25,131.6
-19.25,125.5,125.8
-19.25,125.75,125.2
-19.25,126.0,129.8
-19.25,126.25,138.3
-19.25,126.5,134.1
-19.25,126.75,107.9
-19.25,127.0,81.8
-19.25,127.25,55.7
-19.25,127.5,29.8
-19.25,127.75,7.3
-19.25,128.0,20.6
-19.25,128.25,46.2
-19.25,128.5,72.2
-19.25,128.75,98.3
-19.25,129.0,124.5
-19.25,129.25,150.7
-19.25,129.5,176.9
-19.25,129.75,203.1
-19.25,130.0,224.8
-19.25,130.25,224.8
-19.25,130.5,225.7
-19.25,130.75,229.7
-19.25,131.0,236.5
-19.25,131.25,241.5
-19.25,131.5,247.0
-19.25,131.75,254.6
-19.25,132.0,264.7
-19.25,132.25,254.4
-19.25,132.5,233.4
-19.25,132.75,213.6
-19.25,133.0,195.3
-19.25,133.25,178.9
-19.25,133.5,165.0
-19.25,133.75,154.3
-19.25,134.0,147.5
-19.25,134.25,145.1
-19.25,134.5,146.2
-19.25,134.75,151.7
-19.25,135.0,157.5
-19.25,135.25,132.5
-19.25,135.5,108.1
-19.25,135.75,84.8
-19.25,136.0,63.7
-19.25,136.25,48.2
-19.25,136.5,43.8
-19.25,136.75,46.8
-19.25,137.0,61.2
-19.25,137.25,81.7
-19.25,137.5,77.9
-19.25,137.75,57.0
-19.25,138.0,42.5
-19.25,138.25,23.5
-19.25,138.5,0.9
-19.25,138.75,7.1
-19.25,139.0,27.8
-19.25,139.25,53.5
-19.25,139.5,79.2
-19.25,139.75,104.8
-19.25,140.0,130.6
-19.25,140.25,156.6
-19.25,140.5,182.6
-19.25,140.75,208.7
-19.25,141.0,234.8
-19.25,141.25,260.9
-19.25,141.5,257.6
-19.25,141.75,231.7
-19.25,142.0,205.7
-19.25,142.25,179.7
-19.25,142.5,153.8
-19.25,142.75,128.0
-19.25,143.0,102.4
-19.25,143.25,77.1
-19.25,143.5,52.8
-19.25,143.75,31.5
-19.25,144.0,20.1
-19.25,144.25,17.9
-19.25,144.5,34.7
-19.25,144.75,55.1
-19.25,145.0,78.6
-19.25,145.25,73.0
-19.25,145.5,54.9
-19.25,145.75,45.4
-19.25,146.0,34.6
-19.25,146.25,16.1
-19.25,146.5,19.1
-19.25,146.75,1.5
-19.25,147.0,1.0
-19.25,147.25,14.8
-19.25,147.5,11.2
-19.5,120.5,288.1
-19.5,120.75,262.0
-19.5,121.0,235.9
-19.5,121.25,209.9
-19.5,121.5,183.8
-19.5,121.75,157.8
-19.5,122.0,131.8
-19.5,122.25,106.0
-19.5,122.5,80.3
-19.5,122.75,54.9
-19.5,123.0,31.0
-19.5,123.25,16.5
-19.5,123.5,17.9
-19.5,123.75,36.9
-19.5,124.0,61.4
-19.5,124.25,86.8
-19.5,124.5,112.6
-19.5,124.75,138.5
-19.5,125.0,164.5
-19.5,125.25,158.2
-19.5,125.5,153.4
-19.5,125.75,152.9
-19.5,126.0,156.8
-19.5,126.25,163.6
-19.5,126.5,138.1
-19.5,126.75,113.0
-19.5,127.0,88.4
-19.5,127.25,65.1
-19.5,127.5,45.1
-19.5,127.75,34.6
-19.5,128.0,39.6
-19.5,128.25,57.2
-19.5,128.5,79.7
-19.5,128.75,103.9
-19.5,129.0,128.9
-19.5,129.25,154.3
-19.5,129.5,179.9
-19.5,129.75,205.7
-19.5,130.0,231.5
-19.5,130.25,252.5
-19.5,130.5,253.4
-19.5,130.75,256.9
-19.5,131.0,263.0
-19.5,131.25,268.9
-19.5,131.5,273.9
-19.5,131.75,280.9
-19.5,132.0,262.4
-19.5,132.25,239.4
-19.5,132.5,217.1
-19.5,132.75,195.7
-19.5,133.0,175.6
-19.5,133.25,157.2
-19.5,133.5,141.2
-19.5,133.75,128.5
-19.5,134.0,120.3
-19.5,134.25,117.3
-19.5,134.5,118.7
-19.5,134.75,125.4
-19.5,135.0,136.7
-19.5,135.25,144.0
-19.5,135.5,121.9
-19.5,135.75,101.9
-19.5,136.0,85.2
-19.5,136.25,74.3
-19.5,136.5,71.6
-19.5,136.75,73.4
-19.5,137.0,83.3
-19.5,137.25,99.3
-19.5,137.5,84.4
-19.5,137.75,66.4
-19.5,138.0,53.6
-19.5,138.25,38.5
-19.5,138.5,18.6
-19.5,138.75,21.8
-19.5,139.0,44.0
-19.5,139.25,63.4
-19.5,139.5,86.5
-19.5,139.75,111.0
-19.5,140.0,136.1
-19.5,140.25,161.5
-19.5,140.5,187.2
-19.5,140.75,212.9
-19.5,141.0,238.5
-19.5,141.25,264.3
-19.5,141.5,254.9
-19.5,141.75,228.8
-19.5,142.0,202.6
-19.5,142.25,176.5
-19.5,142.5,150.4
-19.5,142.75,124.3
-19.5,143.0,98.3
-19.5,143.25,72.3
-19.5,143.5,46.3
-19.5,143.75,20.4
-19.5,144.0,0.0
-19.5,144.25,0.0
-19.5,144.5,19.8
-19.5,144.75,45.6
-19.5,145.0,54.6
-19.5,145.25,48.8
-19.5,145.5,43.4
-19.5,145.75,36.4
-19.5,146.0,32.7
-19.5,146.25,34.1
-19.5,146.5,37.3
-19.5,146.75,13.4
-19.5,147.0,0.0
-19.5,147.25,0.0
-19.5,147.5,7.3
-19.5,147.75,22.9
-19.75,119.25,206.7
-19.75,119.5,222.1
-19.75,119.75,239.4
-19.75,120.0,258.1
-19.75,120.25,277.9
-19.75,120.5,287.2
-19.75,120.75,261.1
-19.75,121.0,235.0
-19.75,121.25,208.9
-19.75,121.5,182.8
-19.75,121.75,156.7
-19.75,122.0,130.6
-19.75,122.25,104.5
-19.75,122.5,78.5
-19.75,122.75,52.4
-19.75,123.0,26.3
-19.75,123.25,2.0
-19.75,123.5,7.1
-19.75,123.75,33.0
-19.75,124.0,59.1
-19.75,124.25,85.1
-19.75,124.5,111.2
-19.75,124.75,137.3
-19.75,125.0,163.4
-19.75,125.25,185.1
-19.75,125.5,181.0
-19.75,125.75,180.6
-19.75,126.0,183.9
-19.75,126.25,171.5
-19.75,126.5,147.4
-19.75,126.75,124.2
-19.75,127.0,102.4
-19.75,127.25,83.2
-19.75,127.5,68.7
-19.75,127.75,62.4
-19.75,128.0,65.3
-19.75,128.25,77.2
-19.75,128.5,95.0
-19.75,128.75,116.1
-19.75,129.0,138.8
-19.75,129.25,162.6
-19.75,129.5,187.1
-19.75,129.75,211.9
-19.75,130.0,237.0
-19.75,130.25,262.4
-19.75,130.5,281.1
-19.75,130.75,284.2
-19.75,131.0,289.8
-19.75,131.25,296.5
-19.75,131.5,300.2
-19.75,131.75,275.5
-19.75,132.0,251.0
-19.75,132.25,226.9
-19.75,132.5,203.3
-19.75,132.75,180.3
-19.75,133.0,158.2
-19.75,133.25,137.6
-19.75,133.5,119.0
-19.75,133.75,103.8
-19.75,134.0,93.3
-19.75,134.25,89.5
-19.75,134.5,91.3
-19.75,134.75,99.8
-19.75,135.0,113.8
-19.75,135.25,131.4
-19.75,135.5,132.0
-19.75,135.75,122.9
-19.75,136.0,109.6
-19.75,136.25,101.3
-19.75,136.5,99.3
-19.75,136.75,100.7
-19.75,137.0,108.1
-19.75,137.25,94.3
-19.75,137.5,69.7
-19.75,137.75,46.7
-19.75,138.0,28.4
-19.75,138.25,23.9
-19.75,138.5,35.6
-19.75,138.75,45.8
-19.75,139.0,59.9
-19.75,139.25,80.3
-19.75,139.5,100.9
-19.75,139.75,122.5
-19.75,140.0,145.6
-19.75,140.25,169.6
-19.75,140.5,194.1
-19.75,140.75,219.0
-19.75,141.0,244.2
-19.75,141.25,269.6
-19.75,141.5,255.1
-19.75,141.75,229.1
-19.75,142.0,203.1
-19.75,142.25,177.1
-19.75,142.5,151.2
-19.75,142.75,125.3
-19.75,143.0,99.5
-19.75,143.25,74.1
-19.75,143.5,49.2
-19.75,143.75,27.0
-19.75,144.0,17.8
-19.75,144.25,18.8
-19.75,144.5,26.7
-19.75,144.75,47.2
-19.75,145.0,29.1
-19.75,145.25,22.8
-19.75,145.5,23.5
-19.75,145.75,8.8
-19.75,146.0,10.2
-19.75,146.25,12.9
-19.75,146.5,38.5
-19.75,146.75,25.9
-19.75,147.0,14.8
-19.75,147.25,26.1
-19.75,147.5,25.7
-19.75,147.75,0.2
-19.75,148.0,14.8
-19.75,148.25,28.3
-20.0,118.75,157.3
-20.0,119.0,169.3
-20.0,119.25,184.2
-20.0,119.5,201.3
-20.0,119.75,220.1
-20.0,120.0,240.2
-20.0,120.25,258.0
-20.0,120.5,276.3
-20.0,120.75,262.5
-20.0,121.0,236.7
-20.0,121.25,210.8
-20.0,121.5,185.0
-20.0,121.75,159.4
-20.0,122.0,133.9
-20.0,122.25,108.6
-20.0,122.5,83.8
-20.0,122.75,60.2
-20.0,123.0,39.7
-20.0,123.25,29.8
-20.0,123.5,30.6
-20.0,123.75,44.4
-20.0,124.0,66.1
-20.0,124.25,90.1
-20.0,124.5,115.0
-20.0,124.75,140.4
-20.0,125.0,165.9
-20.0,125.25,191.6
-20.0,125.5,208.7
-20.0,125.75,208.4
-20.0,126.0,206.4
-20.0,126.25,183.3
-20.0,126.5,161.0
-20.0,126.75,140.1
-20.0,127.0,121.3
-20.0,127.25,105.6
-20.0,127.5,94.6
-20.0,127.75,90.1
-20.0,128.0,92.2
-20.0,128.25,101.0
-20.0,128.5,115.1
-20.0,128.75,133.0
-20.0,129.0,153.2
-20.0,129.25,175.0
-20.0,129.5,197.9
-20.0,129.75,221.5
-20.0,130.0,245.6
-20.0,130.25,270.1
-20.0,130.5,294.8
-20.0,130.75,311.7
-20.0,131.0,316.7
-20.0,131.25,318.3
-20.0,131.5,292.8
-20.0,131.75,267.5
-20.0,132.0,242.3
-20.0,132.25,217.3
-20.0,132.5,192.5
-20.0,132.75,168.1
-20.0,133.0,144.2
-20.0,133.25,121.3
-20.0,133.5,99.8
-20.0,133.75,81.0
-20.0,134.0,67.1
-20.0,134.25,61.7
-20.0,134.5,64.3
-20.0,134.75,75.9
-20.0,135.0,93.4
-20.0,135.25,103.9
-20.0,135.5,104.2
-20.0,135.75,109.4
-20.0,136.0,120.1
-20.0,136.25,128.7
-20.0,136.5,127.1
-20.0,136.75,128.2
-20.0,137.0,116.4
-20.0,137.25,90.4
-20.0,137.5,64.3
-20.0,137.75,38.3
-20.0,138.0,12.3
-20.0,138.25,0.2
-20.0,138.5,26.2
-20.0,138.75,52.2
-20.0,139.0,78.2
-20.0,139.25,98.0
-20.0,139.5,117.6
-20.0,139.75,138.7
-20.0,140.0,159.4
-20.0,140.25,181.5
-20.0,140.5,204.6
-20.0,140.75,228.3
-20.0,141.0,252.5
-20.0,141.25,277.1
-20.0,141.5,258.4
-20.0,141.75,232.8
-20.0,142.0,207.3
-20.0,142.25,182.0
-20.0,142.5,156.9
-20.0,142.75,132.2
-20.0,143.0,108.2
-20.0,143.25,85.4
-20.0,143.5,65.1
-20.0,143.75,50.4
-20.0,144.0,45.4
-20.0,144.25,37.2
-20.0,144.5,29.9
-20.0,144.75,32.8
-20.0,145.0,11.4
-20.0,145.25,0.0
-20.0,145.5,5.8
-20.0,145.75,8.4
-20.0,146.0,20.6
-20.0,146.25,23.2
-20.0,146.5,43.4
-20.0,146.75,49.9
-20.0,147.0,42.5
-20.0,147.25,49.1
-20.0,147.5,36.2
-20.0,147.75,17.2
-20.0,148.0,18.4
-20.0,148.25,10.3
-20.0,148.5,2.2
-20.25,118.0,95.6
-20.25,118.25,117.1
-20.25,118.5,122.2
-20.25,118.75,132.2
-20.25,119.0,146.3
-20.25,119.25,163.2
-20.25,119.5,182.2
-20.25,119.75,202.8
-20.25,120.0,220.0
-20.25,120.25,238.3
-20.25,120.5,257.9
-20.25,120.75,249.6
-20.25,121.0,241.3
-20.25,121.25,216.3
-20.25,121.5,191.3
-20.25,121.75,166.7
-20.25,122.0,142.5
-20.25,122.25,119.2
-20.25,122.5,97.2
-20.25,122.75,77.8
-20.25,123.0,63.3
-20.25,123.25,57.6
-20.25,123.5,58.0
-20.25,123.75,66.3
-20.25,124.0,82.4
-20.25,124.25,102.6
-20.25,124.5,125.0
-20.25,124.75,148.6
-20.25,125.0,172.9
-20.25,125.25,197.7
-20.25,125.5,222.7
-20.25,125.75,236.2
-20.25,126.0,219.8
-20.25,126.25,198.3
-20.25,126.5,178.0
-20.25,126.75,159.4
-20.25,127.0,143.1
-20.25,127.25,130.1
-20.25,127.5,121.4
-20.25,127.75,117.9
-20.25,128.0,119.5
-20.25,128.25,126.4
-20.25,128.5,137.9
-20.25,128.75,153.1
-20.25,129.0,171.0
-20.25,129.25,190.7
-20.25,129.5,211.9
-20.25,129.75,234.0
-20.25,130.0,256.9
-20.25,130.25,280.3
-20.25,130.5,304.2
-20.25,130.75,328.4
-20.25,131.0,339.5
-20.25,131.25,313.7
-20.25,131.5,287.9
-20.25,131.75,262.2
-20.25,132.0,236.5
-20.25,132.25,210.8
-20.25,132.5,185.3
-20.25,132.75,159.8
-20.25,133.0,134.6
-20.25,133.25,109.6
-20.25,133.5,85.3
-20.25,133.75,62.4
-20.25,134.0,43.0
-20.25,134.25,33.9
-20.25,134.5,38.5
-20.25,134.75,55.6
-20.25,135.0,77.8
-20.25,135.25,76.1
-20.25,135.5,76.6
-20.25,135.75,83.5
-20.25,136.0,97.0
-20.25,136.25,114.9
-20.25,136.5,135.4
-20.25,136.75,145.0
-20.25,137.0,119.4
-20.25,137.25,94.1
-20.25,137.5,69.2
-20.25,137.75,45.5
-20.25,138.0,25.6
-20.25,138.25,19.3
-20.25,138.5,33.1
-20.25,138.75,56.3
-20.25,139.0,81.2
-20.25,139.25,106.6
-20.25,139.5,132.3
-20.25,139.75,155.2
-20.25,140.0,176.2
-20.25,140.25,196.7
-20.25,140.5,218.2
-20.25,140.75,240.5
-20.25,141.0,263.6
-20.25,141.25,287.1
-20.25,141.5,264.6
-20.25,141.75,239.7
-20.25,142.0,215.1
-20.25,142.25,190.8
-20.25,142.5,167.1
-20.25,142.75,144.2
-20.25,143.0,122.7
-20.25,143.25,103.1
-20.25,143.5,87.1
-20.25,143.75,72.5
-20.25,144.0,47.6
-20.25,144.25,22.5
-20.25,144.5,2.3
-20.25,144.75,5.0
-20.25,145.0,16.5
-20.25,145.25,17.8
-20.25,145.5,21.8
-20.25,145.75,36.1
-20.25,146.0,45.1
-20.25,146.25,48.7
-20.25,146.5,61.1
-20.25,146.75,75.5
-20.25,147.0,70.3
-20.25,147.25,63.6
-20.25,147.5,37.6
-20.25,147.75,11.7
-20.25,148.0,6.4
-20.25,148.25,19.3
-20.25,148.5,2.8
-20.25,148.75,0.2
-20.5,116.5,7.0
-20.5,116.75,3.9
-20.5,117.0,4.8
-20.5,117.25,16.6
-20.5,117.5,41.8
-20.5,117.75,67.6
-20.5,118.0,89.0
-20.5,118.25,89.4
-20.5,118.5,96.0
-20.5,118.75,108.5
-20.5,119.0,125.1
-20.5,119.25,144.5
-20.5,119.5,165.1
-20.5,119.75,181.9
-20.5,120.0,200.3
-20.5,120.25,220.3
-20.5,120.5,235.6
-20.5,120.75,223.9
-20.5,121.0,214.7
-20.5,121.25,208.2
-20.5,121.5,201.3
-20.5,121.75,178.1
-20.5,122.0,155.7
-20.5,122.25,134.8
-20.5,122.5,115.8
-20.5,122.75,100.1
-20.5,123.0,89.4
-20.5,123.25,85.4
-20.5,123.5,85.7
-20.5,123.75,91.5
-20.5,124.0,103.7
-20.5,124.25,120.4
-20.5,124.5,140.0
-20.5,124.75,161.4
-20.5,125.0,183.9
-20.5,125.25,207.3
-20.5,125.5,231.3
-20.5,125.75,255.6
-20.5,126.0,235.8
-20.5,126.25,215.9
-20.5,126.5,197.4
-20.5,126.75,180.9
-20.5,127.0,166.8
-20.5,127.25,155.8
-20.5,127.5,148.6
-20.5,127.75,145.8
-20.5,128.0,147.0
-20.5,128.25,152.7
-20.5,128.5,162.3
-20.5,128.75,175.4
-20.5,129.0,191.1
-20.5,129.25,209.0
-20.5,129.5,228.4
-20.5,129.75,249.0
-20.5,130.0,270.6
-20.5,130.25,292.9
-20.5,130.5,315.8
-20.5,130.75,339.1
-20.5,131.0,337.5
-20.5,131.25,311.6
-20.5,131.5,285.7
-20.5,131.75,259.8
-20.5,132.0,233.9
-20.5,132.25,208.0
-20.5,132.5,182.0
-20.5,132.75,156.1
-20.5,133.0,130.2
-20.5,133.25,104.3
-20.5,133.5,78.5
-20.5,133.75,52.7
-20.5,134.0,27.1
-20.5,134.25,6.1
-20.5,134.5,19.1
-20.5,134.75,44.5
-20.5,135.0,51.3
-20.5,135.25,48.3
-20.5,135.5,49.0
-20.5,135.75,59.2
-20.5,136.0,77.1
-20.5,136.25,98.7
-20.5,136.5,121.9
-20.5,136.75,146.0
-20.5,137.0,127.8
-20.5,137.25,104.4
-20.5,137.5,82.5
-20.5,137.75,63.6
-20.5,138.0,50.4
-20.5,138.25,47.2
-20.5,138.5,54.2
-20.5,138.75,70.8
-20.5,139.0,91.8
-20.5,139.25,114.9
-20.5,139.5,139.0
-20.5,139.75,163.6
-20.5,140.0,188.7
-20.5,140.25,213.4
-20.5,140.5,234.3
-20.5,140.75,255.2
-20.5,141.0,277.0
-20.5,141.25,282.7
-20.5,141.5,267.2
-20.5,141.75,249.5
-20.5,142.0,226.0
-20.5,142.25,203.1
-20.5,142.5,181.1
-20.5,142.75,160.3
-20.5,143.0,141.2
-20.5,143.25,119.1
-20.5,143.5,93.1
-20.5,143.75,67.2
-20.5,144.0,41.3
-20.5,144.25,15.4
-20.5,144.5,5.6
-20.5,144.75,4.2
-20.5,145.0,0.0
-20.5,145.25,4.5
-20.5,145.5,26.7
-20.5,145.75,50.3
-20.5,146.0,69.5
-20.5,146.25,75.7
-20.5,146.5,84.4
-20.5,146.75,99.1
-20.5,147.0,94.1
-20.5,147.25,69.8
-20.5,147.5,47.3
-20.5,147.75,30.3
-20.5,148.0,30.1
-20.5,148.25,37.7
-20.5,148.5,20.5
-20.5,148.75,2.8
-20.5,149.0,3.8
-20.75,116.0,9.9
-20.75,116.25,5.9
-20.75,116.5,14.3
-20.75,116.75,16.0
-20.75,117.0,29.3
-20.75,117.25,35.9
-20.75,117.5,52.9
-20.75,117.75,65.6
-20.75,118.0,61.3
-20.75,118.25,61.8
-20.75,118.5,71.0
-20.75,118.75,87.1
-20.75,119.0,107.1
-20.75,119.25,127.2
-20.75,119.5,143.9
-20.75,119.75,162.5
-20.75,120.0,182.9
-20.75,120.25,204.5
-20.75,120.5,211.9
-20.75,120.75,198.8
-20.75,121.0,188.4
-20.75,121.25,181.0
-20.75,121.5,177.1
-20.75,121.75,164.5
-20.75,122.0,148.2
-20.75,122.25,134.8
-20.75,122.5,125.5
-20.75,122.75,121.0
-20.75,123.0,116.3
-20.75,123.25,113.3
-20.75,123.5,113.5
-20.75,123.75,117.9
-20.75,124.0,127.6
-20.75,124.25,141.5
-20.75,124.5,158.4
-20.75,124.75,177.6
-20.75,125.0,198.3
-20.75,125.25,220.1
-20.75,125.5,242.8
-20.75,125.75,266.0
-20.75,126.0,253.8
-20.75,126.25,235.5
-20.75,126.5,218.7
-20.75,126.75,203.9
-20.75,127.0,191.5
-20.75,127.25,182.1
-20.75,127.5,176.0
-20.75,127.75,173.6
-20.75,128.0,174.7
-20.75,128.25,179.4
-20.75,128.5,187.7
-20.75,128.75,199.1
-20.75,129.0,213.1
-20.75,129.25,229.1
-20.75,129.5,246.9
-20.75,129.75,266.1
-20.75,130.0,286.3
-20.75,130.25,307.5
-20.75,130.5,329.3
-20.75,130.75,336.2
-20.75,131.0,324.2
-20.75,131.25,311.8
-20.75,131.5,286.0
-20.75,131.75,260.1
-20.75,132.0,234.3
-20.75,132.25,208.5
-20.75,132.5,182.7
-20.75,132.75,157.0
-20.75,133.0,131.4
-20.75,133.25,105.8
-20.75,133.5,80.5
-20.75,133.75,55.7
-20.75,134.0,32.6
-20.75,134.25,19.3
-20.75,134.5,26.4
-20.75,134.75,42.6
-20.75,135.0,24.7
-20.75,135.25,20.4
-20.75,135.5,22.1
-20.75,135.75,39.9
-20.75,136.0,63.5
-20.75,136.25,88.3
-20.75,136.5,113.7
-20.75,136.75,139.2
-20.75,137.0,140.9
-20.75,137.25,120.1
-20.75,137.5,101.6
-20.75,137.75,86.5
-20.75,138.0,77.3
-20.75,138.25,75.0
-20.75,138.5,79.6
-20.75,138.75,91.7
-20.75,139.0,108.7
-20.75,139.25,128.7
-20.75,139.5,150.6
-20.75,139.75,173.6
-20.75,140.0,197.3
-20.75,140.25,221.5
-20.75,140.5,246.1
-20.75,140.75,270.9
-20.75,141.0,279.6
-20.75,141.25,261.5
-20.75,141.5,244.7
-20.75,141.75,229.6
-20.75,142.0,216.5
-20.75,142.25,205.8
-20.75,142.5,197.9
-20.75,142.75,173.1
-20.75,143.0,147.6
-20.75,143.25,122.3
-20.75,143.5,97.3
-20.75,143.75,73.0
-20.75,144.0,50.1
-20.75,144.25,31.9
-20.75,144.5,28.0
-20.75,144.75,21.8
-20.75,145.0,8.5
-20.75,145.25,0.0
-20.75,145.5,22.3
-20.75,145.75,47.3
-20.75,146.0,72.9
-20.75,146.25,90.7
-20.75,146.5,80.1
-20.75,146.75,77.0
-20.75,147.0,82.1
-20.75,147.25,84.9
-20.75,147.5,67.5
-20.75,147.75,56.6
-20.75,148.0,47.8
-20.75,148.25,27.3
-20.75,148.5,13.4
-20.75,148.75,13.3
-20.75,149.0,12.2
-21.0,115.75,10.2
-21.0,116.0,4.0
-21.0,116.25,9.0
-21.0,116.5,26.9
-21.0,116.75,33.1
-21.0,117.0,18.2
-21.0,117.25,20.5
-21.0,117.5,29.6
-21.0,117.75,40.2
-21.0,118.0,33.8
-21.0,118.25,34.7
-21.0,118.5,49.2
-21.0,118.75,70.5
-21.0,119.0,89.5
-21.0,119.25,105.9
-21.0,119.5,124.8
-21.0,119.75,145.9
-21.0,120.0,168.2
-21.0,120.25,191.4
-21.0,120.5,189.2
-21.0,120.75,174.5
-21.0,121.0,162.5
-21.0,121.25,153.9
-21.0,121.5,149.3
-21.0,121.75,145.0
-21.0,122.0,126.5
-21.0,122.25,110.6
-21.0,122.5,99.0
-21.0,122.75,93.2
-21.0,123.0,92.8
-21.0,123.25,92.8
-21.0,123.5,94.3
-21.0,123.75,102.2
-21.0,124.0,115.3
-21.0,124.25,132.2
-21.0,124.5,151.6
-21.0,124.75,172.7
-21.0,125.0,194.9
-21.0,125.25,217.9
-21.0,125.5,241.4
-21.0,125.75,265.4
-21.0,126.0,273.5
-21.0,126.25,256.6
-21.0,126.5,241.3
-21.0,126.75,228.0
-21.0,127.0,217.1
-21.0,127.25,208.8
-21.0,127.5,203.5
-21.0,127.75,201.4
-21.0,128.0,202.4
-21.0,128.25,206.5
-21.0,128.5,213.7
-21.0,128.75,223.7
-21.0,129.0,236.2
-21.0,129.25,250.8
-21.0,129.5,267.1
-21.0,129.75,284.9
-21.0,130.0,303.9
-21.0,130.25,323.8
-21.0,130.5,326.6
-21.0,130.75,312.2
-21.0,131.0,299.3
-21.0,131.25,288.1
-21.0,131.5,278.8
-21.0,131.75,263.4
-21.0,132.0,238.0
-21.0,132.25,212.7
-21.0,132.5,187.6
-21.0,132.75,162.6
-21.0,133.0,138.1
-21.0,133.25,114.1
-21.0,133.5,91.2
-21.0,133.75,70.3
-21.0,134.0,54.0
-21.0,134.25,47.1
-21.0,134.5,50.5
-21.0,134.75,36.2
-21.0,135.0,10.4
-21.0,135.25,1.6
-21.0,135.5,11.2
-21.0,135.75,35.0
-21.0,136.0,60.5
-21.0,136.25,86.2
-21.0,136.5,111.9
-21.0,136.75,137.7
-21.0,137.0,157.9
-21.0,137.25,139.6
-21.0,137.5,123.7
-21.0,137.75,111.7
-21.0,138.0,104.7
-21.0,138.25,102.8
-21.0,138.5,106.3
-21.0,138.75,115.5
-21.0,139.0,129.4
-21.0,139.25,146.6
-21.0,139.5,166.1
-21.0,139.75,187.2
-21.0,140.0,209.3
-21.0,140.25,232.2
-21.0,140.5,255.7
-21.0,140.75,259.1
-21.0,141.0,256.3
-21.0,141.25,241.7
-21.0,141.5,223.5
-21.0,141.75,206.9
-21.0,142.0,192.3
-21.0,142.25,180.2
-21.0,142.5,171.1
-21.0,142.75,165.5
-21.0,143.0,155.3
-21.0,143.25,131.5
-21.0,143.5,108.7
-21.0,143.75,87.6
-21.0,144.0,69.6
-21.0,144.25,57.5
-21.0,144.5,53.1
-21.0,144.75,38.0
-21.0,145.0,34.4
-21.0,145.25,26.9
-21.0,145.5,36.4
-21.0,145.75,57.2
-21.0,146.0,80.8
-21.0,146.25,68.1
-21.0,146.5,53.9
-21.0,146.75,49.2
-21.0,147.0,56.8
-21.0,147.25,70.9
-21.0,147.5,85.2
-21.0,147.75,68.9
-21.0,148.0,43.2
-21.0,148.25,18.1
-21.0,148.5,0.0
-21.0,148.75,1.3
-21.0,149.0,3.4
-21.0,149.25,17.2
-21.25,115.25,26.2
-21.25,115.5,4.7
-21.25,115.75,1.6
-21.25,116.0,21.1
-21.25,116.25,33.6
-21.25,116.5,46.8
-21.25,116.75,25.9
-21.25,117.0,0.1
-21.25,117.25,0.0
-21.25,117.5,6.5
-21.25,117.75,13.6
-21.25,118.0,8.8
-21.25,118.25,11.9
-21.25,118.5,34.0
-21.25,118.75,52.1
-21.25,119.0,67.9
-21.25,119.25,87.4
-21.25,119.5,109.6
-21.25,119.75,133.0
-21.25,120.0,157.2
-21.25,120.25,181.7
-21.25,120.5,168.2
-21.25,120.75,151.4
-21.25,121.0,137.5
-21.25,121.25,127.2
-21.25,121.5,121.6
-21.25,121.75,120.8
-21.25,122.0,107.1
-21.25,122.25,88.5
-21.25,122.5,73.5
-21.25,122.75,65.5
-21.25,123.0,64.9
-21.25,123.25,64.9
-21.25,123.5,67.1
-21.25,123.75,77.7
-21.25,124.0,94.3
-21.25,124.25,114.3
-21.25,124.5,136.3
-21.25,124.75,159.4
-21.25,125.0,183.1
-21.25,125.25,207.4
-21.25,125.5,231.9
-21.25,125.75,256.7
-21.25,126.0,281.6
-21.25,126.25,278.9
-21.25,126.5,265.0
-21.25,126.75,252.9
-21.25,127.0,243.1
-21.25,127.25,235.8
-21.25,127.5,231.1
-21.25,127.75,229.3
-21.25,128.0,230.1
-21.25,128.25,233.7
-21.25,128.5,240.1
-21.25,128.75,249.1
-21.25,129.0,260.3
-21.25,129.25,273.6
-21.25,129.5,288.6
-21.25,129.75,305.1
-21.25,130.0,322.8
-21.25,130.25,321.2
-21.25,130.5,304.4
-21.25,130.75,289.0
-21.25,131.0,275.0
-21.25,131.25,262.8
-21.25,131.5,252.6
-21.25,131.75,244.6
-21.25,132.0,239.1
-21.25,132.25,220.3
-21.25,132.5,196.2
-21.25,132.75,172.6
-21.25,133.0,149.8
-21.25,133.25,128.1
-21.25,133.5,108.2
-21.25,133.75,91.3
-21.25,134.0,79.5
-21.25,134.25,75.0
-21.25,134.5,68.2
-21.25,134.75,46.0
-21.25,135.0,30.3
-21.25,135.25,28.7
-21.25,135.5,36.3
-21.25,135.75,49.1
-21.25,136.0,69.6
-21.25,136.25,92.8
-21.25,136.5,117.0
-21.25,136.75,141.8
-21.25,137.0,167.0
-21.25,137.25,161.3
-21.25,137.5,147.8
-21.25,137.75,137.9
-21.25,138.0,132.3
-21.25,138.25,130.7
-21.25,138.5,133.4
-21.25,138.75,140.9
-21.25,139.0,152.5
-21.25,139.25,167.3
-21.25,139.5,184.6
-21.25,139.75,203.7
-21.25,140.0,224.2
-21.25,140.25,245.7
-21.25,140.5,237.5
-21.25,140.75,231.6
-21.25,141.0,228.5
-21.25,141.25,223.1
-21.25,141.5,203.9
-21.25,141.75,185.5
-21.25,142.0,169.1
-21.25,142.25,155.2
-21.25,142.5,144.6
-21.25,142.75,138.0
-21.25,143.0,135.9
-21.25,143.25,137.8
-21.25,143.5,125.3
-21.25,143.75,107.5
-21.25,144.0,91.4
-21.25,144.25,65.8
-21.25,144.5,40.3
-21.25,144.75,15.7
-21.25,145.0,8.6
-21.25,145.25,22.5
-21.25,145.5,47.1
-21.25,145.75,72.5
-21.25,146.0,70.3
-21.25,146.25,50.3
-21.25,146.5,30.2
-21.25,146.75,21.4
-21.25,147.0,34.9
-21.25,147.25,47.3
-21.25,147.5,66.9
-21.25,147.75,69.1
-21.25,148.0,43.9
-21.25,148.25,20.0
-21.25,148.5,4.1
-21.25,148.75,17.9
-21.25,149.0,16.8
-21.25,149.25,30.3
-21.25,149.5,18.1
-21.5,114.75,21.0
-21.5,115.0,3.2
-21.5,115.25,22.6
-21.5,115.5,22.5
-21.5,115.75,22.8
-21.5,116.0,37.5
-21.5,116.25,56.8
-21.5,116.5,53.2
-21.5,116.75,27.7
-21.5,117.0,4.3
-21.5,117.25,0.0
-21.5,117.5,0.0
-21.5,117.75,0.0
-21.5,118.0,7.2
-21.5,118.25,2.0
-21.5,118.5,17.6
-21.5,118.75,29.9
-21.5,119.0,51.1
-21.5,119.25,75.1
-21.5,119.5,99.8
-21.5,119.75,124.2
-21.5,120.0,149.1
-21.5,120.25,170.1
-21.5,120.5,149.3
-21.5,120.75,130.2
-21.5,121.0,113.7
-21.5,121.25,101.1
-21.5,121.5,94.0
-21.5,121.75,92.9
-21.5,122.0,88.1
-21.5,122.25,69.3
-21.5,122.5,50.5
-21.5,122.75,38.0
-21.5,123.0,37.1
-21.5,123.25,37.0
-21.5,123.5,40.7
-21.5,123.75,56.5
-21.5,124.0,77.7
-21.5,124.25,101.1
-21.5,124.5,125.3
-21.5,124.75,150.0
-21.5,125.0,175.0
-21.5,125.25,200.2
-21.5,125.5,225.5
-21.5,125.75,250.8
-21.5,126.0,276.3
-21.5,126.25,301.7
-21.5,126.5,289.4
-21.5,126.75,278.4
-21.5,127.0,269.5
-21.5,127.25,262.9
-21.5,127.5,258.8
-21.5,127.75,257.2
-21.5,128.0,257.9
-21.5,128.25,261.1
-21.5,128.5,266.9
-21.5,128.75,274.9
-21.5,129.0,285.1
-21.5,129.25,297.3
-21.5,129.5,311.1
-21.5,129.75,326.4
-21.5,130.0,320.1
-21.5,130.25,301.1
-21.5,130.5,283.2
-21.5,130.75,266.6
-21.5,131.0,251.4
-21.5,131.25,238.0
-21.5,131.5,226.7
-21.5,131.75,217.8
-21.5,132.0,211.7
-21.5,132.25,208.4
-21.5,132.5,208.3
-21.5,132.75,186.3
-21.5,133.0,165.4
-21.5,133.25,146.1
-21.5,133.5,129.0
-21.5,133.75,115.3
-21.5,134.0,106.2
-21.5,134.25,102.9
-21.5,134.5,83.7
-21.5,134.75,67.0
-21.5,135.0,57.3
-21.5,135.25,56.5
-21.5,135.5,62.9
-21.5,135.75,71.8
-21.5,136.0,87.1
-21.5,136.25,106.5
-21.5,136.5,128.1
-21.5,136.75,151.1
-21.5,137.0,174.8
-21.5,137.25,184.7
-21.5,137.5,173.0
-21.5,137.75,164.6
-21.5,138.0,160.0
-21.5,138.25,158.6
-21.5,138.5,160.8
-21.5,138.75,167.1
-21.5,139.0,176.9
-21.5,139.25,189.8
-21.5,139.5,205.2
-21.5,139.75,222.5
-21.5,140.0,232.2
-21.5,140.25,220.3
-21.5,140.5,210.9
-21.5,140.75,204.3
-21.5,141.0,200.6
-21.5,141.25,200.3
-21.5,141.5,185.3
-21.5,141.75,166.1
-21.5,142.0,147.6
-21.5,142.25,131.5
-21.5,142.5,118.8
-21.5,142.75,110.6
-21.5,143.0,108.0
-21.5,143.25,110.1
-21.5,143.5,115.5
-21.5,143.75,114.9
-21.5,144.0,89.2
-21.5,144.25,63.5
-21.5,144.5,37.9
-21.5,144.75,12.6
-21.5,145.0,0.0
-21.5,145.25,20.7
-21.5,145.5,46.2
-21.5,145.75,71.8
-21.5,146.0,54.6
-21.5,146.25,32.5
-21.5,146.5,18.9
-21.5,146.75,3.0
-21.5,147.0,9.5
-21.5,147.25,31.7
-21.5,147.5,56.9
-21.5,147.75,69.1
-21.5,148.0,43.7
-21.5,148.25,18.9
-21.5,148.5,3.5
-21.5,148.75,10.9
-21.5,149.0,36.6
-21.5,149.25,16.1
-21.5,149.5,3.8
-21.75,114.5,17.1
-21.75,114.75,35.7
-21.75,115.0,30.9
-21.75,115.25,38.0
-21.75,115.5,25.3
-21.75,115.75,25.1
-21.75,116.0,28.9
-21.75,116.25,47.1
-21.75,116.5,56.4
-21.75,116.75,33.5
-21.75,117.0,18.0
-21.75,117.25,16.9
-21.75,117.5,22.0
-21.75,117.75,15.9
-21.75,118.0,16.0
-21.75,118.25,4.2
-21.75,118.5,0.0
-21.75,118.75,17.9
-21.75,119.0,42.8
-21.75,119.25,68.2
-21.75,119.5,93.8
-21.75,119.75,119.4
-21.75,120.0,144.4
-21.75,120.25,156.5
-21.75,120.5,133.7
-21.75,120.75,112.0
-21.75,121.0,92.3
-21.75,121.25,76.3
-21.75,121.5,66.6
-21.75,121.75,65.0
-21.75,122.0,65.1
-21.75,122.25,50.3
-21.75,122.5,31.5
-21.75,122.75,12.6
-21.75,123.0,9.2
-21.75,123.25,9.2
-21.75,123.5,19.3
-21.75,123.75,43.6
-21.75,124.0,68.9
-21.75,124.25,94.4
-21.75,124.5,119.9
-21.75,124.75,145.5
-21.75,125.0,171.1
-21.75,125.25,196.7
-21.75,125.5,222.4
-21.75,125.75,248.0
-21.75,126.0,273.6
-21.75,126.25,298.0
-21.75,126.5,298.5
-21.75,126.75,301.0
-21.75,127.0,296.2
-21.75,127.25,290.3
-21.75,127.5,286.5
-21.75,127.75,285.1
-21.75,128.0,285.7
-21.75,128.25,288.6
-21.75,128.5,293.8
-21.75,128.75,301.1
-21.75,129.0,310.5
-21.75,129.25,321.6
-21.75,129.5,327.6
-21.75,129.75,313.5
-21.75,130.0,301.0
-21.75,130.25,282.4
-21.75,130.5,263.3
-21.75,130.75,245.3
-21.75,131.0,228.8
-21.75,131.25,214.0
-21.75,131.5,201.4
-21.75,131.75,191.3
-21.75,132.0,184.3
-21.75,132.25,180.6
-21.75,132.5,180.5
-21.75,132.75,183.9
-21.75,133.0,183.9
-21.75,133.25,166.8
-21.75,133.5,152.2
-21.75,133.75,140.7
-21.75,134.0,133.4
-21.75,134.25,121.5
-21.75,134.5,104.5
-21.75,134.75,91.7
-21.75,135.0,84.9
-21.75,135.25,81.4
-21.75,135.5,78.4
-21.75,135.75,83.5
-21.75,136.0,95.5
-21.75,136.25,107.9
-21.75,136.5,123.9
-21.75,136.75,142.8
-21.75,137.0,163.5
-21.75,137.25,185.5
-21.75,137.5,199.0
-21.75,137.75,191.7
-21.75,138.0,187.8
-21.75,138.25,186.5
-21.75,138.5,188.4
-21.75,138.75,193.7
-21.75,139.0,202.3
-21.75,139.25,213.6
-21.75,139.5,227.3
-21.75,139.75,223.9
-21.75,140.0,208.6
-21.75,140.25,195.3
-21.75,140.5,184.6
-21.75,140.75,177.0
-21.75,141.0,172.9
-21.75,141.25,172.4
-21.75,141.5,167.3
-21.75,141.75,147.6
-21.75,142.0,128.5
-21.75,142.25,109.7
-21.75,142.5,94.1
-21.75,142.75,83.6
-21.75,143.0,80.1
-21.75,143.25,82.5
-21.75,143.5,89.4
-21.75,143.75,102.5
-21.75,144.0,94.5
-21.75,144.25,70.9
-21.75,144.5,49.3
-21.75,144.75,32.7
-21.75,145.0,24.3
-21.75,145.25,32.3
-21.75,145.5,45.4
-21.75,145.75,63.0
-21.75,146.0,50.3
-21.75,146.25,24.8
-21.75,146.5,0.9
-21.75,146.75,7.8
-21.75,147.0,5.2
-21.75,147.25,30.7
-21.75,147.5,52.4
-21.75,147.75,66.4
-21.75,148.0,54.3
-21.75,148.25,35.1
-21.75,148.5,22.0
-21.75,148.75,16.7
-21.75,149.0,28.3
-21.75,149.25,19.2
-21.75,149.5,7.8
-21.75,149.75,8.0
-22.0,114.0,0.0
-22.0,114.25,16.6
-22.0,114.5,0.5
-22.0,114.75,21.4
-22.0,115.0,35.6
-22.0,115.25,17.5
-22.0,115.5,2.8
-22.0,115.75,0.0
-22.0,116.0,14.2
-22.0,116.25,39.8
-22.0,116.5,65.4
-22.0,116.75,54.7
-22.0,117.0,42.8
-22.0,117.25,43.2
-22.0,117.5,49.3
-22.0,117.75,33.8
-22.0,118.0,24.8
-22.0,118.25,12.7
-22.0,118.5,8.0
-22.0,118.75,17.1
-22.0,119.0,42.4
-22.0,119.25,64.6
-22.0,119.5,86.0
-22.0,119.75,109.2
-22.0,120.0,133.3
-22.0,120.25,147.0
-22.0,120.5,122.4
-22.0,120.75,98.4
-22.0,121.0,75.3
-22.0,121.25,54.5
-22.0,121.5,39.8
-22.0,121.75,37.1
-22.0,122.0,37.3
-22.0,122.25,31.4
-22.0,122.5,12.6
-22.0,122.75,0.0
-22.0,123.0,0.0
-22.0,123.25,0.0
-22.0,123.5,16.9
-22.0,123.75,42.5
-22.0,124.0,68.2
-22.0,124.25,93.8
-22.0,124.5,119.4
-22.0,124.75,145.0
-22.0,125.0,170.6
-22.0,125.25,196.2
-22.0,125.5,221.8
-22.0,125.75,247.4
-22.0,126.0,270.3
-22.0,126.25,270.1
-22.0,126.5,270.6
-22.0,126.75,273.4
-22.0,127.0,278.4
-22.0,127.25,285.6
-22.0,127.5,294.8
-22.0,127.75,305.8
-22.0,128.0,313.6
-22.0,128.25,316.2
-22.0,128.5,320.9
-22.0,128.75,327.7
-22.0,129.0,336.2
-22.0,129.25,321.6
-22.0,129.5,305.2
-22.0,129.75,290.1
-22.0,130.0,276.5
-22.0,130.25,264.6
-22.0,130.5,244.9
-22.0,130.75,225.5
-22.0,131.0,207.4
-22.0,131.25,191.0
-22.0,131.5,176.8
-22.0,131.75,165.3
-22.0,132.0,157.1
-22.0,132.25,152.8
-22.0,132.5,152.7
-22.0,132.75,156.7
-22.0,133.0,164.6
-22.0,133.25,173.6
-22.0,133.5,176.7
-22.0,133.75,167.0
-22.0,134.0,152.9
-22.0,134.25,129.3
-22.0,134.5,106.6
-22.0,134.75,85.5
-22.0,135.0,67.5
-22.0,135.25,55.1
-22.0,135.5,50.6
-22.0,135.75,58.2
-22.0,136.0,70.6
-22.0,136.25,86.1
-22.0,136.5,105.5
-22.0,136.75,127.1
-22.0,137.0,150.0
-22.0,137.25,173.6
-22.0,137.5,197.7
-22.0,137.75,219.1
-22.0,138.0,215.6
-22.0,138.25,214.4
-22.0,138.5,216.0
-22.0,138.75,220.7
-22.0,139.0,228.2
-22.0,139.25,236.8
-22.0,139.5,219.4
-22.0,139.75,202.4
-22.0,140.0,186.1
-22.0,140.25,171.2
-22.0,140.5,158.9
-22.0,140.75,150.0
-22.0,141.0,145.1
-22.0,141.25,144.6
-22.0,141.5,144.8
-22.0,141.75,130.1
-22.0,142.0,110.2
-22.0,142.25,91.0
-22.0,142.5,71.8
-22.0,142.75,57.3
-22.0,143.0,52.2
-22.0,143.25,54.9
-22.0,143.5,64.9
-22.0,143.75,81.9
-22.0,144.0,102.5
-22.0,144.25,87.0
-22.0,144.5,69.1
-22.0,144.75,44.2
-22.0,145.0,20.5
-22.0,145.25,10.4
-22.0,145.5,26.4
-22.0,145.75,51.0
-22.0,146.0,58.7
-22.0,146.25,38.8
-22.0,146.5,26.8
-22.0,146.75,29.0
-22.0,147.0,28.1
-22.0,147.25,21.5
-22.0,147.5,28.5
-22.0,147.75,48.3
-22.0,148.0,52.6
-22.0,148.25,38.7
-22.0,148.5,15.0
-22.0,148.75,0.5
-22.0,149.0,23.4
-22.0,149.25,24.1
-22.0,149.5,6.2
-22.0,149.75,5.7
-22.25,113.75,8.5
-22.25,114.0,7.5
-22.25,114.25,12.1
-22.25,114.5,12.7
-22.25,114.75,29.0
-22.25,115.0,30.1
-22.25,115.25,4.6
-22.25,115.5,0.0
-22.25,115.75,0.0
-22.25,116.0,14.4
-22.25,116.25,39.8
-22.25,116.5,65.3
-22.25,116.75,78.6
-22.25,117.0,70.0
-22.25,117.25,70.2
-22.25,117.5,45.9
-22.25,117.75,20.5
-22.25,118.0,0.0
-22.25,118.25,2.8
-22.25,118.5,6.1
-22.25,118.75,12.7
-22.25,119.0,27.7
-22.25,119.25,51.8
-22.25,119.5,76.8
-22.25,119.75,102.1
-22.25,120.0,127.5
-22.25,120.25,142.4
-22.25,120.5,116.9
-22.25,120.75,91.5
-22.25,121.0,66.1
-22.25,121.25,41.0
-22.25,121.5,17.0
-22.25,121.75,9.2
-22.25,122.0,9.8
-22.25,122.25,9.2
-22.25,122.5,0.0
-22.25,122.75,0.0
-22.25,123.0,0.0
-22.25,123.25,0.0
-22.25,123.5,16.9
-22.25,123.75,42.5
-22.25,124.0,68.0
-22.25,124.25,93.6
-22.25,124.5,119.1
-22.25,124.75,144.7
-22.25,125.0,170.2
-22.25,125.25,195.8
-22.25,125.5,221.3
-22.25,125.75,242.4
-22.25,126.0,242.4
-22.25,126.25,242.2
-22.25,126.5,242.8
-22.25,126.75,245.8
-22.25,127.0,251.4
-22.25,127.25,259.3
-22.25,127.5,269.4
-22.25,127.75,281.4
-22.25,128.0,295.1
-22.25,128.25,310.3
-22.25,128.5,326.7
-22.25,128.75,339.3
-22.25,129.0,319.8
-22.25,129.25,301.2
-22.25,129.5,283.7
-22.25,129.75,267.4
-22.25,130.0,252.6
-22.25,130.25,239.6
-22.25,130.5,228.4
-22.25,130.75,207.5
-22.25,131.0,187.8
-22.25,131.25,169.6
-22.25,131.5,153.4
-22.25,131.75,140.0
-22.25,132.0,130.3
-22.25,132.25,125.0
-22.25,132.5,124.8
-22.25,132.75,129.7
-22.25,133.0,139.2
-22.25,133.25,146.5
-22.25,133.5,151.1
-22.25,133.75,150.9
-22.25,134.0,145.3
-22.25,134.25,120.3
-22.25,134.5,95.5
-22.25,134.75,71.2
-22.25,135.0,48.3
-22.25,135.25,30.0
-22.25,135.5,22.8
-22.25,135.75,34.9
-22.25,136.0,48.2
-22.25,136.25,68.8
-22.25,136.5,91.9
-22.25,136.75,116.1
-22.25,137.0,140.7
-22.25,137.25,165.6
-22.25,137.5,190.6
-22.25,137.75,194.6
-22.25,138.0,193.0
-22.25,138.25,194.4
-22.25,138.5,196.3
-22.25,138.75,198.8
-22.25,139.0,204.2
-22.25,139.25,212.5
-22.25,139.5,198.9
-22.25,139.75,181.5
-22.25,140.0,164.5
-22.25,140.25,148.4
-22.25,140.5,134.1
-22.25,140.75,123.4
-22.25,141.0,117.4
-22.25,141.25,116.7
-22.25,141.5,121.5
-22.25,141.75,107.0
-22.25,142.0,93.4
-22.25,142.25,73.3
-22.25,142.5,53.2
-22.25,142.75,33.9
-22.25,143.0,24.4
-22.25,143.25,28.0
-22.25,143.5,44.5
-22.25,143.75,66.9
-22.25,144.0,90.7
-22.25,144.25,93.0
-22.25,144.5,67.7
-22.25,144.75,42.6
-22.25,145.0,18.9
-22.25,145.25,9.9
-22.25,145.5,28.6
-22.25,145.75,52.2
-22.25,146.0,69.8
-22.25,146.25,44.8
-22.25,146.5,20.9
-22.25,146.75,9.4
-22.25,147.0,25.4
-22.25,147.25,0.6
-22.25,147.5,17.1
-22.25,147.75,26.3
-22.25,148.0,26.5
-22.25,148.25,43.9
-22.25,148.5,37.0
-22.25,148.75,28.1
-22.25,149.0,37.0
-22.25,149.25,35.8
-22.25,149.5,15.2
-22.25,149.75,12.3
-22.25,150.0,8.7
-22.25,150.25,2.7
-22.25,150.5,13.7
-22.5,113.5,31.4
-22.5,113.75,13.7
-22.5,114.0,15.0
-22.5,114.25,9.0
-22.5,114.5,21.3
-22.5,114.75,46.0
-22.5,115.0,35.1
-22.5,115.25,9.6
-22.5,115.5,5.9
-22.5,115.75,23.5
-22.5,116.0,33.3
-22.5,116.25,49.8
-22.5,116.5,71.8
-22.5,116.75,95.6
-22.5,117.0,92.7
-22.5,117.25,67.6
-22.5,117.5,42.9
-22.5,117.75,20.2
-22.5,118.0,0.3
-22.5,118.25,0.0
-22.5,118.5,0.0
-22.5,118.75,2.7
-22.5,119.0,25.6
-22.5,119.25,50.6
-22.5,119.5,76.0
-22.5,119.75,101.4
-22.5,120.0,126.8
-22.5,120.25,141.8
-22.5,120.5,116.3
-22.5,120.75,90.8
-22.5,121.0,65.4
-22.5,121.25,39.9
-22.5,121.5,14.4
-22.5,121.75,0.0
-22.5,122.0,0.0
-22.5,122.25,0.0
-22.5,122.5,0.0
-22.5,122.75,0.0
-22.5,123.0,0.0
-22.5,123.25,0.0
-22.5,123.5,16.9
-22.5,123.75,42.4
-22.5,124.0,67.9
-22.5,124.25,93.4
-22.5,124.5,118.8
-22.5,124.75,144.3
-22.5,125.0,169.8
-22.5,125.25,195.3
-22.5,125.5,214.5
-22.5,125.75,214.5
-22.5,126.0,214.4
-22.5,126.25,214.3
-22.5,126.5,214.9
-22.5,126.75,218.3
-22.5,127.0,224.6
-22.5,127.25,233.4
-22.5,127.5,244.5
-22.5,127.75,257.7
-22.5,128.0,272.5
-22.5,128.25,288.9
-22.5,128.5,306.4
-22.5,128.75,322.4
-22.5,129.0,301.9
-22.5,129.25,282.2
-22.5,129.5,263.4
-22.5,129.75,245.9
-22.5,130.0,229.7
-22.5,130.25,215.4
-22.5,130.5,203.2
-22.5,130.75,192.0
-22.5,131.0,170.5
-22.5,131.25,150.2
-22.5,131.5,131.7
-22.5,131.75,115.9
-22.5,132.0,104.0
-22.5,132.25,97.3
-22.5,132.5,97.1
-22.5,132.75,103.3
-22.5,133.0,114.0
-22.5,133.25,119.7
-22.5,133.5,123.2
-22.5,133.75,123.0
-22.5,134.0,119.2
-22.5,134.25,111.2
-22.5,134.5,91.8
-22.5,134.75,66.4
-22.5,135.0,40.9
-22.5,135.25,15.4
-22.5,135.5,0.0
-22.5,135.75,10.7
-22.5,136.0,34.9
-22.5,136.25,60.2
-22.5,136.5,85.6
-22.5,136.75,111.1
-22.5,137.0,136.5
-22.5,137.25,162.0
-22.5,137.5,172.6
-22.5,137.75,167.0
-22.5,138.0,165.1
-22.5,138.25,166.6
-22.5,138.5,168.5
-22.5,138.75,171.3
-22.5,139.0,177.5
-22.5,139.25,186.9
-22.5,139.5,179.9
-22.5,139.75,161.1
-22.5,140.0,143.7
-22.5,140.25,126.8
-22.5,140.5,110.7
-22.5,140.75,97.5
-22.5,141.0,89.8
-22.5,141.25,88.9
-22.5,141.5,95.1
-22.5,141.75,86.7
-22.5,142.0,69.3
-22.5,142.25,58.0
-22.5,142.5,38.5
-22.5,142.75,15.4
-22.5,143.0,0.0
-22.5,143.25,10.7
-22.5,143.5,32.7
-22.5,143.75,57.0
-22.5,144.0,82.0
-22.5,144.25,100.0
-22.5,144.5,77.0
-22.5,144.75,56.3
-22.5,145.0,41.5
-22.5,145.25,37.6
-22.5,145.5,46.8
-22.5,145.75,63.8
-22.5,146.0,46.0
-22.5,146.25,37.4
-22.5,146.5,23.5
-22.5,146.75,13.3
-22.5,147.0,31.4
-22.5,147.25,25.6
-22.5,147.5,33.6
-22.5,147.75,9.2
-22.5,148.0,11.6
-22.5,148.25,27.7
-22.5,148.5,46.6
-22.5,148.75,31.8
-22.5,149.0,24.3
-22.5,149.25,35.4
-22.5,149.5,31.9
-22.5,149.75,11.3
-22.5,150.0,9.7
-22.5,150.25,17.8
-22.5,150.5,35.1
-22.5,150.75,27.3
-22.75,113.5,50.1
-22.75,113.75,41.5
-22.75,114.0,32.8
-22.75,114.25,30.8
-22.75,114.5,40.8
-22.75,114.75,57.7
-22.75,115.0,42.4
-22.75,115.25,25.5
-22.75,115.5,24.8
-22.75,115.75,28.3
-22.75,116.0,26.9
-22.75,116.25,39.1
-22.75,116.5,58.5
-22.75,116.75,79.0
-22.75,117.0,91.6
-22.75,117.25,66.2
-22.75,117.5,40.8
-22.75,117.75,15.3
-22.75,118.0,0.0
-22.75,118.25,0.0
-22.75,118.5,0.0
-22.75,118.75,17.5
-22.75,119.0,39.0
-22.75,119.25,60.1
-22.75,119.5,83.2
-22.75,119.75,106.9
-22.75,120.0,131.2
-22.75,120.25,141.5
-22.75,120.5,116.1
-22.75,120.75,90.7
-22.75,121.0,65.2
-22.75,121.25,39.8
-22.75,121.5,14.3
-22.75,121.75,0.0
-22.75,122.0,0.0
-22.75,122.25,0.0
-22.75,122.5,0.0
-22.75,122.75,0.0
-22.75,123.0,2.5
-22.75,123.25,17.6
-22.75,123.5,32.6
-22.75,123.75,50.8
-22.75,124.0,73.4
-22.75,124.25,97.4
-22.75,124.5,122.0
-22.75,124.75,146.9
-22.75,125.0,172.0
-22.75,125.25,186.6
-22.75,125.5,186.6
-22.75,125.75,186.6
-22.75,126.0,186.5
-22.75,126.25,186.4
-22.75,126.5,187.1
-22.75,126.75,191.0
-22.75,127.0,198.1
-22.75,127.25,208.0
-22.75,127.5,220.4
-22.75,127.75,234.9
-22.75,128.0,251.0
-22.75,128.25,268.6
-22.75,128.5,287.4
-22.75,128.75,307.0
-22.75,129.0,285.6
-22.75,129.25,264.7
-22.75,129.5,244.7
-22.75,129.75,225.7
-22.75,130.0,208.1
-22.75,130.25,192.1
-22.75,130.5,178.4
-22.75,130.75,167.4
-22.75,131.0,156.3
-22.75,131.25,133.9
-22.75,131.5,112.8
-22.75,131.75,93.9
-22.75,132.0,78.7
-22.75,132.25,69.8
-22.75,132.5,69.4
-22.75,132.75,77.8
-22.75,133.0,86.4
-22.75,133.25,93.3
-22.75,133.5,95.4
-22.75,133.75,95.0
-22.75,134.0,92.9
-22.75,134.25,86.2
-22.75,134.5,76.5
-22.75,134.75,71.6
-22.75,135.0,49.0
-22.75,135.25,31.1
-22.75,135.5,14.6
-22.75,135.75,9.1
-22.75,136.0,34.4
-22.75,136.25,59.9
-22.75,136.5,85.3
-22.75,136.75,110.7
-22.75,137.0,136.2
-22.75,137.25,156.7
-22.75,137.5,146.1
-22.75,137.75,139.4
-22.75,138.0,137.1
-22.75,138.25,138.7
-22.75,138.5,140.6
-22.75,138.75,143.8
-22.75,139.0,151.2
-22.75,139.25,162.1
-22.75,139.5,163.4
-22.75,139.75,142.5
-22.75,140.0,123.4
-22.75,140.25,105.9
-22.75,140.5,89.1
-22.75,140.75,73.1
-22.75,141.0,62.5
-22.75,141.25,61.2
-22.75,141.5,69.9
-22.75,141.75,71.6
-22.75,142.0,49.4
-22.75,142.25,32.0
-22.75,142.5,29.3
-22.75,142.75,15.2
-22.75,143.0,0.0
-22.75,143.25,4.8
-22.75,143.5,30.2
-22.75,143.75,55.6
-22.75,144.0,81.0
-22.75,144.25,106.4
-22.75,144.5,94.1
-22.75,144.75,78.1
-22.75,145.0,68.1
-22.75,145.25,65.5
-22.75,145.5,71.2
-22.75,145.75,50.7
-22.75,146.0,27.6
-22.75,146.25,9.7
-22.75,146.5,17.2
-22.75,146.75,21.8
-22.75,147.0,13.9
-22.75,147.25,30.8
-22.75,147.5,39.6
-22.75,147.75,23.1
-22.75,148.0,7.7
-22.75,148.25,11.0
-22.75,148.5,36.4
-22.75,148.75,18.6
-22.75,149.0,0.0
-22.75,149.25,20.9
-22.75,149.5,36.0
-22.75,149.75,10.9
-22.75,150.0,2.8
-22.75,150.25,19.8
-22.75,150.5,21.6
-22.75,150.75,0.3
-22.75,151.0,1.7
-23.0,113.5,74.9
-23.0,113.75,69.4
-23.0,114.0,59.0
-23.0,114.25,57.9
-23.0,114.5,66.6
-23.0,114.75,78.1
-23.0,115.0,62.4
-23.0,115.25,52.4
-23.0,115.5,27.2
-23.0,115.75,2.3
-23.0,116.0,3.2
-23.0,116.25,22.0
-23.0,116.5,42.8
-23.0,116.75,66.8
-23.0,117.0,91.5
-23.0,117.25,66.1
-23.0,117.5,40.8
-23.0,117.75,15.5
-23.0,118.0,2.7
-23.0,118.25,0.0
-23.0,118.5,0.0
-23.0,118.75,10.3
-23.0,119.0,35.7
-23.0,119.25,61.1
-23.0,119.5,86.5
-23.0,119.75,111.8
-23.0,120.0,137.2
-23.0,120.25,142.6
-23.0,120.5,117.4
-23.0,120.75,92.5
-23.0,121.0,67.8
-23.0,121.25,43.9
-23.0,121.5,23.6
-23.0,121.75,18.8
-23.0,122.0,18.7
-23.0,122.25,18.7
-23.0,122.5,18.7
-23.0,122.75,18.8
-23.0,123.0,25.1
-23.0,123.25,40.1
-23.0,123.5,55.1
-23.0,123.75,70.2
-23.0,124.0,87.9
-23.0,124.25,108.7
-23.0,124.5,131.2
-23.0,124.75,154.6
-23.0,125.0,158.5
-23.0,125.25,158.6
-23.0,125.5,158.6
-23.0,125.75,158.6
-23.0,126.0,158.5
-23.0,126.25,158.4
-23.0,126.5,159.3
-23.0,126.75,163.8
-23.0,127.0,172.0
-23.0,127.25,183.3
-23.0,127.5,197.3
-23.0,127.75,213.3
-23.0,128.0,230.9
-23.0,128.25,249.9
-23.0,128.5,269.9
-23.0,128.75,290.7
-23.0,129.0,271.2
-23.0,129.25,249.2
-23.0,129.5,227.8
-23.0,129.75,207.4
-23.0,130.0,188.0
-23.0,130.25,170.3
-23.0,130.5,154.7
-23.0,130.75,141.8
-23.0,131.0,132.6
-23.0,131.25,121.9
-23.0,131.5,98.4
-23.0,131.75,76.0
-23.0,132.0,56.2
-23.0,132.25,42.7
-23.0,132.5,42.1
-23.0,132.75,53.0
-23.0,133.0,59.1
-23.0,133.25,67.0
-23.0,133.5,67.6
-23.0,133.75,67.1
-23.0,134.0,68.0
-23.0,134.25,58.6
-23.0,134.5,49.8
-23.0,134.75,46.4
-23.0,135.0,49.1
-23.0,135.25,50.4
-23.0,135.5,33.3
-23.0,135.75,30.9
-23.0,136.0,45.3
-23.0,136.25,66.7
-23.0,136.5,90.2
-23.0,136.75,114.5
-23.0,137.0,139.2
-23.0,137.25,132.9
-23.0,137.5,120.3
-23.0,137.75,112.0
-23.0,138.0,109.2
-23.0,138.25,110.8
-23.0,138.5,112.8
-23.0,138.75,116.6
-23.0,139.0,125.5
-23.0,139.25,138.5
-23.0,139.5,145.7
-23.0,139.75,127.3
-23.0,140.0,105.5
-23.0,140.25,85.7
-23.0,140.5,68.1
-23.0,140.75,51.5
-23.0,141.0,36.1
-23.0,141.25,33.9
-23.0,141.5,47.8
-23.0,141.75,65.3
-23.0,142.0,39.9
-23.0,142.25,14.6
-23.0,142.5,8.5
-23.0,142.75,33.8
-23.0,143.0,19.0
-23.0,143.25,22.4
-23.0,143.5,38.0
-23.0,143.75,60.2
-23.0,144.0,84.3
-23.0,144.25,109.0
-23.0,144.5,115.4
-23.0,144.75,102.8
-23.0,145.0,95.5
-23.0,145.25,93.4
-23.0,145.5,73.6
-23.0,145.75,48.4
-23.0,146.0,23.5
-23.0,146.25,3.7
-23.0,146.5,8.5
-23.0,146.75,15.2
-23.0,147.0,3.5
-23.0,147.25,24.6
-23.0,147.5,49.9
-23.0,147.75,44.7
-23.0,148.0,28.4
-23.0,148.25,28.5
-23.0,148.5,44.9
-23.0,148.75,31.7
-23.0,149.0,22.7
-23.0,149.25,32.1
-23.0,149.5,25.6
-23.0,149.75,14.7
-23.0,150.0,0.0
-23.0,150.25,22.1
-23.0,150.5,17.2
-23.0,150.75,1.5
-23.0,151.0,12.0
-23.25,113.5,101.3
-23.25,113.75,94.1
-23.25,114.0,86.3
-23.25,114.25,85.6
-23.25,114.5,92.2
-23.25,114.75,99.9
-23.25,115.0,76.9
-23.25,115.25,51.6
-23.25,115.5,26.3
-23.25,115.75,1.1
-23.25,116.0,0.0
-23.25,116.25,13.6
-23.25,116.5,38.9
-23.25,116.75,64.3
-23.25,117.0,89.6
-23.25,117.25,72.8
-23.25,117.5,50.8
-23.25,117.75,25.6
-23.25,118.0,3.3
-23.25,118.25,8.2
-23.25,118.5,8.1
-23.25,118.75,19.2
-23.25,119.0,43.5
-23.25,119.25,66.8
-23.25,119.5,90.6
-23.25,119.75,115.0
-23.25,120.0,139.0
-23.25,120.25,148.5
-23.25,120.5,124.9
-23.25,120.75,101.8
-23.25,121.0,80.1
-23.25,121.25,61.3
-23.25,121.5,48.9
-23.25,121.75,46.7
-23.25,122.0,46.6
-23.25,122.25,46.6
-23.25,122.5,46.6
-23.25,122.75,46.7
-23.25,123.0,49.7
-23.25,123.25,62.6
-23.25,123.5,77.6
-23.25,123.75,92.7
-23.25,124.0,107.9
-23.25,124.25,125.4
-23.25,124.5,131.5
-23.25,124.75,130.5
-23.25,125.0,130.6
-23.25,125.25,130.7
-23.25,125.5,130.7
-23.25,125.75,130.7
-23.25,126.0,130.6
-23.25,126.25,130.5
-23.25,126.5,131.5
-23.25,126.75,137.0
-23.25,127.0,146.7
-23.25,127.25,159.8
-23.25,127.5,175.5
-23.25,127.75,193.3
-23.25,128.0,212.6
-23.25,128.25,233.0
-23.25,128.5,254.3
-23.25,128.75,276.2
-23.25,129.0,259.1
-23.25,129.25,235.9
-23.25,129.5,213.3
-23.25,129.75,191.3
-23.25,130.0,170.3
-23.25,130.25,150.5
-23.25,130.5,132.6
-23.25,130.75,117.4
-23.25,131.0,106.1
-23.25,131.25,100.0
-23.25,131.5,90.4
-23.25,131.75,65.4
-23.25,132.0,40.9
-23.25,132.25,18.5
-23.25,132.5,16.5
-23.25,132.75,30.0
-23.25,133.0,32.1
-23.25,133.25,40.9
-23.25,133.5,40.0
-23.25,133.75,39.1
-23.25,134.0,43.3
-23.25,134.25,31.6
-23.25,134.5,26.1
-23.25,134.75,18.6
-23.25,135.0,21.2
-23.25,135.25,27.9
-23.25,135.5,48.1
-23.25,135.75,58.2
-23.25,136.0,67.0
-23.25,136.25,82.9
-23.25,136.5,102.7
-23.25,136.75,124.5
-23.25,137.0,129.5
-23.25,137.25,111.0
-23.25,137.5,95.6
-23.25,137.75,85.0
-23.25,138.0,81.2
-23.25,138.25,83.0
-23.25,138.5,84.9
-23.25,138.75,89.9
-23.25,139.0,101.1
-23.25,139.25,116.8
-23.25,139.5,125.4
-23.25,139.75,108.0
-23.25,140.0,92.7
-23.25,140.25,69.4
-23.25,140.5,48.2
-23.25,140.75,30.3
-23.25,141.0,13.8
-23.25,141.25,10.3
-23.25,141.5,30.5
-23.25,141.75,48.8
-23.25,142.0,47.9
-23.25,142.25,29.9
-23.25,142.5,27.2
-23.25,142.75,43.0
-23.25,143.0,45.8
-23.25,143.25,47.7
-23.25,143.5,58.7
-23.25,143.75,75.4
-23.25,144.0,95.7
-23.25,144.25,117.9
-23.25,144.5,139.2
-23.25,144.75,128.9
-23.25,145.0,123.2
-23.25,145.25,104.5
-23.25,145.5,80.9
-23.25,145.75,59.0
-23.25,146.0,38.0
-23.25,146.25,24.1
-23.25,146.5,24.7
-23.25,146.75,34.6
-23.25,147.0,31.4
-23.25,147.25,39.7
-23.25,147.5,58.8
-23.25,147.75,65.2
-23.25,148.0,55.2
-23.25,148.25,55.1
-23.25,148.5,65.3
-23.25,148.75,49.9
-23.25,149.0,31.0
-23.25,149.25,26.3
-23.25,149.5,18.5
-23.25,149.75,0.0
-23.25,150.0,17.7
-23.25,150.25,22.8
-23.25,150.5,8.4
-23.25,150.75,12.1
-23.25,151.0,4.5
-23.5,113.5,128.4
-23.5,113.75,120.0
-23.5,114.0,113.9
-23.5,114.25,111.7
-23.5,114.5,96.6
-23.5,114.75,86.3
-23.5,115.0,82.0
-23.5,115.25,58.4
-23.5,115.5,33.8
-23.5,115.75,12.3
-23.5,116.0,11.3
-23.5,116.25,31.1
-23.5,116.5,47.9
-23.5,116.75,70.0
-23.5,117.0,89.0
-23.5,117.25,82.1
-23.5,117.5,59.5
-23.5,117.75,40.2
-23.5,118.0,31.3
-23.5,118.25,32.3
-23.5,118.5,36.1
-23.5,118.75,40.1
-23.5,119.0,55.9
-23.5,119.25,77.0
-23.5,119.5,100.1
-23.5,119.75,105.3
-23.5,120.0,112.9
-23.5,120.25,123.2
-23.5,120.5,136.7
-23.5,120.75,117.2
-23.5,121.0,99.0
-23.5,121.25,84.6
-23.5,121.5,76.1
-23.5,121.75,74.7
-23.5,122.0,74.6
-23.5,122.25,74.6
-23.5,122.5,74.6
-23.5,122.75,74.7
-23.5,123.0,76.6
-23.5,123.25,85.8
-23.5,123.5,100.1
-23.5,123.75,115.2
-23.5,124.0,122.6
-23.5,124.25,110.8
-23.5,124.5,103.8
-23.5,124.75,102.5
-23.5,125.0,102.6
-23.5,125.25,102.7
-23.5,125.5,102.7
-23.5,125.75,102.7
-23.5,126.0,102.6
-23.5,126.25,102.5
-23.5,126.5,103.8
-23.5,126.75,110.7
-23.5,127.0,122.4
-23.5,127.25,137.8
-23.5,127.5,155.8
-23.5,127.75,175.5
-23.5,128.0,196.5
-23.5,128.25,218.4
-23.5,128.5,240.9
-23.5,128.75,261.5
-23.5,129.0,243.6
-23.5,129.25,225.4
-23.5,129.5,201.6
-23.5,129.75,178.3
-23.5,130.0,155.5
-23.5,130.25,133.6
-23.5,130.5,113.1
-23.5,130.75,94.8
-23.5,131.0,80.5
-23.5,131.25,72.3
-23.5,131.5,71.3
-23.5,131.75,56.5
-23.5,132.0,33.3
-23.5,132.25,13.6
-23.5,132.5,1.2
-23.5,132.75,3.1
-23.5,133.0,6.6
-23.5,133.25,15.2
-23.5,133.5,13.7
-23.5,133.75,11.2
-23.5,134.0,16.7
-23.5,134.25,9.8
-23.5,134.5,9.8
-23.5,134.75,1.6
-23.5,135.0,0.0
-23.5,135.25,17.9
-23.5,135.5,42.8
-23.5,135.75,68.0
-23.5,136.0,92.1
-23.5,136.25,104.2
-23.5,136.5,120.5
-23.5,136.75,136.8
-23.5,137.0,114.0
-23.5,137.25,92.4
-23.5,137.5,73.3
-23.5,137.75,58.9
-23.5,138.0,53.3
-23.5,138.25,55.1
-23.5,138.5,57.0
-23.5,138.75,64.2
-23.5,139.0,79.1
-23.5,139.25,98.4
-23.5,139.5,107.7
-23.5,139.75,87.8
-23.5,140.0,70.4
-23.5,140.25,58.1
-23.5,140.5,36.7
-23.5,140.75,11.9
-23.5,141.0,0.0
-23.5,141.25,0.0
-23.5,141.5,11.3
-23.5,141.75,26.6
-23.5,142.0,28.5
-23.5,142.25,25.0
-23.5,142.5,29.2
-23.5,142.75,46.2
-23.5,143.0,61.0
-23.5,143.25,56.2
-23.5,143.5,58.8
-23.5,143.75,67.9
-23.5,144.0,83.9
-23.5,144.25,103.7
-23.5,144.5,125.4
-23.5,144.75,127.8
-23.5,145.0,132.0
-23.5,145.25,116.6
-23.5,145.5,95.3
-23.5,145.75,75.6
-23.5,146.0,60.1
-23.5,146.25,51.4
-23.5,146.5,51.3
-23.5,146.75,61.1
-23.5,147.0,59.1
-23.5,147.25,64.1
-23.5,147.5,57.0
-23.5,147.75,59.1
-23.5,148.0,59.9
-23.5,148.25,63.1
-23.5,148.5,55.7
-23.5,148.75,35.2
-23.5,149.0,16.9
-23.5,149.25,0.0
-23.5,149.5,19.7
-23.5,149.75,13.1
-23.5,150.0,21.6
-23.5,150.25,22.0
-23.5,150.5,9.9
-23.5,150.75,1.4
-23.5,151.0,6.9
-23.5,151.25,1.5
-23.75,113.25,112.9
-23.75,113.5,117.6
-23.75,113.75,123.5
-23.75,114.0,114.2
-23.75,114.25,92.9
-23.75,114.5,74.0
-23.75,114.75,60.0
-23.75,115.0,54.7
-23.75,115.25,58.9
-23.75,115.5,49.9
-23.75,115.75,38.8
-23.75,116.0,38.4
-23.75,116.25,48.6
-23.75,116.5,67.0
-23.75,116.75,59.4
-23.75,117.0,61.8
-23.75,117.25,72.1
-23.75,117.5,77.9
-23.75,117.75,64.4
-23.75,118.0,59.2
-23.75,118.25,59.8
-23.75,118.5,64.1
-23.75,118.75,66.4
-23.75,119.0,77.0
-23.75,119.25,75.6
-23.75,119.5,75.5
-23.75,119.75,78.1
-23.75,120.0,87.2
-23.75,120.25,99.3
-23.75,120.5,115.6
-23.75,120.75,134.7
-23.75,121.0,121.5
-23.75,121.25,110.0
-23.75,121.5,103.7
-23.75,121.75,102.6
-23.75,122.0,102.6
-23.75,122.25,102.6
-23.75,122.5,102.6
-23.75,122.75,102.6
-23.75,123.0,104.0
-23.75,123.25,111.0
-23.75,123.5,122.8
-23.75,123.75,118.6
-23.75,124.0,100.3
-23.75,124.25,85.5
-23.75,124.5,76.4
-23.75,124.75,74.5
-23.75,125.0,74.6
-23.75,125.25,74.7
-23.75,125.5,74.7
-23.75,125.75,74.7
-23.75,126.0,74.6
-23.75,126.25,74.5
-23.75,126.5,76.3
-23.75,126.75,85.4
-23.75,127.0,100.1
-23.75,127.25,118.4
-23.75,127.5,138.9
-23.75,127.75,160.7
-23.75,128.0,183.3
-23.75,128.25,206.6
-23.75,128.5,230.2
-23.75,128.75,243.3
-23.75,129.0,224.0
-23.75,129.25,206.0
-23.75,129.5,189.5
-23.75,129.75,168.9
-23.75,130.0,144.7
-23.75,130.25,120.9
-23.75,130.5,97.8
-23.75,130.75,76.0
-23.75,131.0,57.2
-23.75,131.25,45.0
-23.75,131.5,43.3
-23.75,131.75,46.2
-23.75,132.0,28.9
-23.75,132.25,5.6
-23.75,132.5,4.5
-23.75,132.75,4.5
-23.75,133.0,1.1
-23.75,133.25,3.0
-23.75,133.5,5.2
-23.75,133.75,2.8
-23.75,134.0,0.0
-23.75,134.25,22.6
-23.75,134.5,12.4
-23.75,134.75,29.5
-23.75,135.0,20.9
-23.75,135.25,29.7
-23.75,135.5,51.0
-23.75,135.75,74.8
-23.75,136.0,98.6
-23.75,136.25,122.7
-23.75,136.5,141.7
-23.75,136.75,128.4
-23.75,137.0,103.8
-23.75,137.25,79.6
-23.75,137.5,56.3
-23.75,137.75,35.6
-23.75,138.0,25.3
-23.75,138.25,27.2
-23.75,138.5,29.2
-23.75,138.75,41.5
-23.75,139.0,62.1
-23.75,139.25,85.3
-23.75,139.5,95.0
-23.75,139.75,71.8
-23.75,140.0,50.4
-23.75,140.25,32.9
-23.75,140.5,27.7
-23.75,140.75,8.9
-23.75,141.0,0.0
-23.75,141.25,0.0
-23.75,141.5,0.0
-23.75,141.75,6.6
-23.75,142.0,13.7
-23.75,142.25,0.0
-23.75,142.5,12.9
-23.75,142.75,38.1
-23.75,143.0,36.9
-23.75,143.25,28.2
-23.75,143.5,31.6
-23.75,143.75,46.4
-23.75,144.0,67.7
-23.75,144.25,91.0
-23.75,144.5,100.9
-23.75,144.75,99.9
-23.75,145.0,105.2
-23.75,145.25,115.5
-23.75,145.5,113.2
-23.75,145.75,97.2
-23.75,146.0,85.4
-23.75,146.25,79.1
-23.75,146.5,78.9
-23.75,146.75,86.1
-23.75,147.0,63.8
-23.75,147.25,42.8
-23.75,147.5,29.5
-23.75,147.75,33.4
-23.75,148.0,32.1
-23.75,148.25,37.4
-23.75,148.5,49.3
-23.75,148.75,24.1
-23.75,149.0,0.0
-23.75,149.25,9.9
-23.75,149.5,29.4
-23.75,149.75,41.0
-23.75,150.0,43.4
-23.75,150.25,18.5
-23.75,150.5,4.5
-23.75,150.75,21.8
-23.75,151.0,5.5
-23.75,151.25,18.0
-23.75,151.5,25.6
-23.75,151.75,27.6
-24.0,113.25,85.0
-24.0,113.5,91.1
-24.0,113.75,95.6
-24.0,114.0,101.2
-24.0,114.25,79.6
-24.0,114.5,56.5
-24.0,114.75,36.4
-24.0,115.0,26.8
-24.0,115.25,33.7
-24.0,115.5,48.1
-24.0,115.75,66.5
-24.0,116.0,66.3
-24.0,116.25,63.1
-24.0,116.5,43.9
-24.0,116.75,31.7
-24.0,117.0,35.7
-24.0,117.25,50.2
-24.0,117.5,70.2
-24.0,117.75,90.8
-24.0,118.0,87.2
-24.0,118.25,72.4
-24.0,118.5,61.2
-24.0,118.75,58.7
-24.0,119.0,55.6
-24.0,119.25,47.6
-24.0,119.5,47.5
-24.0,119.75,51.5
-24.0,120.0,62.0
-24.0,120.25,78.0
-24.0,120.5,98.0
-24.0,120.75,119.9
-24.0,121.0,142.8
-24.0,121.25,136.5
-24.0,121.5,131.4
-24.0,121.75,130.6
-24.0,122.0,130.6
-24.0,122.25,130.5
-24.0,122.5,130.6
-24.0,122.75,130.6
-24.0,123.0,131.7
-24.0,123.25,137.3
-24.0,123.5,126.3
-24.0,123.75,103.3
-24.0,124.0,81.7
-24.0,124.25,62.7
-24.0,124.5,49.5
-24.0,124.75,46.5
-24.0,125.0,46.7
-24.0,125.25,46.7
-24.0,125.5,46.8
-24.0,125.75,46.7
-24.0,126.0,46.7
-24.0,126.25,46.5
-24.0,126.5,49.4
-24.0,126.75,62.5
-24.0,127.0,81.4
-24.0,127.25,103.1
-24.0,127.5,126.0
-24.0,127.75,149.6
-24.0,128.0,173.7
-24.0,128.25,198.0
-24.0,128.5,222.5
-24.0,128.75,227.1
-24.0,129.0,206.3
-24.0,129.25,186.6
-24.0,129.5,168.3
-24.0,129.75,152.0
-24.0,130.0,138.3
-24.0,130.25,113.8
-24.0,130.5,88.9
-24.0,130.75,64.3
-24.0,131.0,40.3
-24.0,131.25,19.5
-24.0,131.5,15.3
-24.0,131.75,22.0
-24.0,132.0,31.6
-24.0,132.25,14.1
-24.0,132.5,11.8
-24.0,132.75,4.5
-24.0,133.0,12.1
-24.0,133.25,27.6
-24.0,133.5,31.3
-24.0,133.75,20.5
-24.0,134.0,27.8
-24.0,134.25,35.9
-24.0,134.5,40.0
-24.0,134.75,49.1
-24.0,135.0,48.6
-24.0,135.25,53.0
-24.0,135.5,67.3
-24.0,135.75,86.7
-24.0,136.0,108.5
-24.0,136.25,131.6
-24.0,136.5,150.9
-24.0,136.75,125.7
-24.0,137.0,100.5
-24.0,137.25,75.4
-24.0,137.5,50.2
-24.0,137.75,25.0
-24.0,138.0,0.0
-24.0,138.25,0.0
-24.0,138.5,4.7
-24.0,138.75,29.8
-24.0,139.0,55.0
-24.0,139.25,80.1
-24.0,139.5,89.5
-24.0,139.75,64.4
-24.0,140.0,39.4
-24.0,140.25,14.5
-24.0,140.5,0.1
-24.0,140.75,2.3
-24.0,141.0,0.0
-24.0,141.25,0.0
-24.0,141.5,0.0
-24.0,141.75,2.9
-24.0,142.0,15.5
-24.0,142.25,9.6
-24.0,142.5,30.1
-24.0,142.75,48.2
-24.0,143.0,23.6
-24.0,143.25,0.4
-24.0,143.5,10.5
-24.0,143.75,35.5
-24.0,144.0,60.6
-24.0,144.25,82.4
-24.0,144.5,73.4
-24.0,144.75,72.1
-24.0,145.0,79.2
-24.0,145.25,90.9
-24.0,145.5,106.3
-24.0,145.75,121.4
-24.0,146.0,111.1
-24.0,146.25,92.0
-24.0,146.5,76.4
-24.0,146.75,66.9
-24.0,147.0,55.7
-24.0,147.25,30.6
-24.0,147.5,6.5
-24.0,147.75,14.1
-24.0,148.0,5.7
-24.0,148.25,18.0
-24.0,148.5,42.5
-24.0,148.75,28.8
-24.0,149.0,6.5
-24.0,149.25,7.1
-24.0,149.5,29.6
-24.0,149.75,54.3
-24.0,150.0,47.2
-24.0,150.25,26.7
-24.0,150.5,20.7
-24.0,150.75,29.3
-24.0,151.0,26.9
-24.0,151.25,13.9
-24.0,151.5,6.8
-24.0,151.75,0.7
-24.0,152.0,23.4
-24.25,113.25,57.2
-24.25,113.5,66.0
-24.25,113.75,67.8
-24.25,114.0,75.6
-24.25,114.25,69.0
-24.25,114.5,45.0
-24.25,114.75,23.4
-24.25,115.0,0.0
-24.25,115.25,11.2
-24.25,115.5,35.6
-24.25,115.75,60.5
-24.25,116.0,78.6
-24.25,116.25,53.6
-24.25,116.5,28.8
-24.25,116.75,6.3
-24.25,117.0,12.9
-24.25,117.25,35.7
-24.25,117.5,59.9
-24.25,117.75,84.7
-24.25,118.0,74.1
-24.25,118.25,52.3
-24.25,118.5,35.2
-24.25,118.75,30.7
-24.25,119.0,30.9
-24.25,119.25,19.9
-24.25,119.5,19.5
-24.25,119.75,26.0
-24.25,120.0,40.7
-24.25,120.25,62.4
-24.25,120.5,86.0
-24.25,120.75,110.2
-24.25,121.0,134.8
-24.25,121.25,159.5
-24.25,121.5,159.3
-24.25,121.75,158.6
-24.25,122.0,158.6
-24.25,122.25,158.5
-24.25,122.5,158.6
-24.25,122.75,158.6
-24.25,123.0,159.5
-24.25,123.25,143.5
-24.25,123.5,118.7
-24.25,123.75,94.0
-24.25,124.0,69.6
-24.25,124.25,45.9
-24.25,124.5,25.0
-24.25,124.75,18.6
-24.25,125.0,18.7
-24.25,125.25,18.7
-24.25,125.5,18.8
-24.25,125.75,18.7
-24.25,126.0,18.7
-24.25,126.25,18.6
-24.25,126.5,24.9
-24.25,126.75,45.6
-24.25,127.0,69.3
-24.25,127.25,93.7
-24.25,127.5,118.4
-24.25,127.75,143.3
-24.25,128.0,168.2
-24.25,128.25,193.1
-24.25,128.5,218.1
-24.25,128.75,213.3
-24.25,129.0,191.1
-24.25,129.25,169.7
-24.25,129.5,149.4
-24.25,129.75,130.7
-24.25,130.0,114.5
-24.25,130.25,102.0
-24.25,130.5,87.5
-24.25,130.75,62.4
-24.25,131.0,37.3
-24.25,131.25,12.3
-24.25,131.5,0.0
-24.25,131.75,0.2
-24.25,132.0,21.3
-24.25,132.25,40.5
-24.25,132.5,21.6
-24.25,132.75,0.0
-24.25,133.0,10.2
-24.25,133.25,35.3
-24.25,133.5,14.7
-24.25,133.75,11.9
-24.25,134.0,31.5
-24.25,134.25,55.7
-24.25,134.5,67.8
-24.25,134.75,73.7
-24.25,135.0,76.6
-24.25,135.25,79.4
-24.25,135.5,89.6
-24.25,135.75,96.4
-24.25,136.0,105.7
-24.25,136.25,119.6
-24.25,136.5,136.5
-24.25,136.75,125.4
-24.25,137.0,100.3
-24.25,137.25,75.2
-24.25,137.5,50.1
-24.25,137.75,25.0
-24.25,138.0,0.0
-24.25,138.25,0.0
-24.25,138.5,21.5
-24.25,138.75,40.0
-24.25,139.0,61.1
-24.25,139.25,84.5
-24.25,139.5,87.9
-24.25,139.75,62.8
-24.25,140.0,37.9
-24.25,140.25,13.1
-24.25,140.5,0.0
-24.25,140.75,0.0
-24.25,141.0,13.1
-24.25,141.25,25.5
-24.25,141.5,23.5
-24.25,141.75,29.7
-24.25,142.0,39.8
-24.25,142.25,37.1
-24.25,142.5,46.8
-24.25,142.75,48.4
-24.25,143.0,24.7
-24.25,143.25,10.8
-24.25,143.5,16.9
-24.25,143.75,40.2
-24.25,144.0,64.3
-24.25,144.25,59.6
-24.25,144.5,46.4
-24.25,144.75,44.4
-24.25,145.0,54.3
-24.25,145.25,68.7
-24.25,145.5,88.1
-24.25,145.75,109.8
-24.25,146.0,96.9
-24.25,146.25,74.6
-24.25,146.5,54.5
-24.25,146.75,40.1
-24.25,147.0,38.7
-24.25,147.25,38.4
-24.25,147.5,21.9
-24.25,147.75,25.0
-24.25,148.0,16.8
-24.25,148.25,23.5
-24.25,148.5,44.8
-24.25,148.75,44.1
-24.25,149.0,33.2
-24.25,149.25,33.3
-24.25,149.5,44.7
-24.25,149.75,64.3
-24.25,150.0,64.3
-24.25,150.25,51.2
-24.25,150.5,32.4
-24.25,150.75,10.2
-24.25,151.0,6.2
-24.25,151.25,4.0
-24.25,151.5,7.4
-24.25,151.75,3.4
-24.25,152.0,5.4
-24.25,152.25,29.4
-24.5,113.25,29.9
-24.5,113.5,41.0
-24.5,113.75,40.3
-24.5,114.0,52.3
-24.5,114.25,67.0
-24.5,114.5,41.9
-24.5,114.75,16.9
-24.5,115.0,0.0
-24.5,115.25,10.1
-24.5,115.5,35.2
-24.5,115.75,59.1
-24.5,116.0,81.4
-24.5,116.25,57.7
-24.5,116.5,35.1
-24.5,116.75,17.5
-24.5,117.0,16.1
-24.5,117.25,36.9
-24.5,117.5,60.8
-24.5,117.75,85.2
-24.5,118.0,67.5
-24.5,118.25,42.4
-24.5,118.5,17.5
-24.5,118.75,2.7
-24.5,119.0,4.4
-24.5,119.25,0.2
-24.5,119.5,0.0
-24.5,119.75,7.0
-24.5,120.0,32.1
-24.5,120.25,57.1
-24.5,120.5,82.2
-24.5,120.75,107.2
-24.5,121.0,132.3
-24.5,121.25,157.3
-24.5,121.5,182.4
-24.5,121.75,186.6
-24.5,122.0,186.6
-24.5,122.25,186.5
-24.5,122.5,186.6
-24.5,122.75,177.1
-24.5,123.0,156.8
-24.5,123.25,138.1
-24.5,123.5,117.1
-24.5,123.75,92.0
-24.5,124.0,67.0
-24.5,124.25,41.9
-24.5,124.5,16.8
-24.5,124.75,0.0
-24.5,125.0,0.0
-24.5,125.25,0.0
-24.5,125.5,0.0
-24.5,125.75,0.0
-24.5,126.0,0.0
-24.5,126.25,0.0
-24.5,126.5,16.6
-24.5,126.75,41.6
-24.5,127.0,66.7
-24.5,127.25,91.7
-24.5,127.5,116.8
-24.5,127.75,141.9
-24.5,128.0,166.9
-24.5,128.25,192.0
-24.5,128.5,217.0
-24.5,128.75,202.5
-24.5,129.0,179.0
-24.5,129.25,156.0
-24.5,129.5,133.6
-24.5,129.75,112.5
-24.5,130.0,93.2
-24.5,130.25,77.3
-24.5,130.5,67.1
-24.5,130.75,65.5
-24.5,131.0,48.0
-24.5,131.25,31.8
-24.5,131.5,21.4
-24.5,131.75,11.8
-24.5,132.0,21.3
-24.5,132.25,44.4
-24.5,132.5,34.8
-24.5,132.75,25.1
-24.5,133.0,15.4
-24.5,133.25,11.8
-24.5,133.5,21.3
-24.5,133.75,15.3
-24.5,134.0,33.4
-24.5,134.25,57.0
-24.5,134.5,78.0
-24.5,134.75,99.1
-24.5,135.0,82.1
-24.5,135.25,69.7
-24.5,135.5,65.1
-24.5,135.75,69.7
-24.5,136.0,82.1
-24.5,136.25,98.9
-24.5,136.5,117.9
-24.5,136.75,125.2
-24.5,137.0,100.1
-24.5,137.25,75.0
-24.5,137.5,50.0
-24.5,137.75,24.9
-24.5,138.0,0.0
-24.5,138.25,0.0
-24.5,138.5,8.8
-24.5,138.75,32.0
-24.5,139.0,56.8
-24.5,139.25,81.8
-24.5,139.5,87.6
-24.5,139.75,62.9
-24.5,140.0,38.5
-24.5,140.25,16.4
-24.5,140.5,3.7
-24.5,140.75,16.4
-24.5,141.0,33.5
-24.5,141.25,46.6
-24.5,141.5,51.2
-24.5,141.75,54.7
-24.5,142.0,64.3
-24.5,142.25,65.0
-24.5,142.5,70.9
-24.5,142.75,61.2
-24.5,143.0,44.9
-24.5,143.25,38.6
-24.5,143.5,30.4
-24.5,143.75,37.6
-24.5,144.0,55.6
-24.5,144.25,41.9
-24.5,144.5,22.0
-24.5,144.75,17.8
-24.5,145.0,31.2
-24.5,145.25,52.4
-24.5,145.5,75.4
-24.5,145.75,97.0
-24.5,146.0,89.3
-24.5,146.25,64.6
-24.5,146.5,40.1
-24.5,146.75,17.3
-24.5,147.0,14.0
-24.5,147.25,26.0
-24.5,147.5,23.0
-24.5,147.75,9.4
-24.5,148.0,2.5
-24.5,148.25,17.6
-24.5,148.5,41.6
-24.5,148.75,48.2
-24.5,149.0,50.9
-24.5,149.25,43.1
-24.5,149.5,39.2
-24.5,149.75,49.7
-24.5,150.0,63.6
-24.5,150.25,56.7
-24.5,150.5,31.7
-24.5,150.75,7.6
-24.5,151.0,0.5
-24.5,151.25,2.1
-24.5,151.5,0.0
-24.5,151.75,10.8
-24.5,152.0,3.1
-24.5,152.25,17.8
-24.75,113.25,8.9
-24.75,113.5,16.5
-24.75,113.75,14.7
-24.75,114.0,36.4
-24.75,114.25,60.6
-24.75,114.5,42.9
-24.75,114.75,17.9
-24.75,115.0,0.0
-24.75,115.25,6.6
-24.75,115.5,31.6
-24.75,115.75,56.6
-24.75,116.0,81.7
-24.75,116.25,71.8
-24.75,116.5,54.6
-24.75,116.75,43.0
-24.75,117.0,42.0
-24.75,117.25,53.6
-24.75,117.5,72.3
-24.75,117.75,92.3
-24.75,118.0,67.3
-24.75,118.25,42.3
-24.75,118.5,17.3
-24.75,118.75,0.0
-24.75,119.0,0.0
-24.75,119.25,0.3
-24.75,119.5,9.9
-24.75,119.75,20.1
-24.75,120.0,38.4
-24.75,120.25,60.8
-24.75,120.5,84.8
-24.75,120.75,109.2
-24.75,121.0,133.8
-24.75,121.25,158.6
-24.75,121.5,183.4
-24.75,121.75,208.3
-24.75,122.0,214.6
-24.75,122.25,209.6
-24.75,122.5,186.3
-24.75,122.75,163.4
-24.75,123.0,141.1
-24.75,123.25,120.0
-24.75,123.5,100.6
-24.75,123.75,84.2
-24.75,124.0,66.8
-24.75,124.25,41.8
-24.75,124.5,16.8
-24.75,124.75,0.0
-24.75,125.0,0.0
-24.75,125.25,0.0
-24.75,125.5,0.0
-24.75,125.75,0.0
-24.75,126.0,0.0
-24.75,126.25,0.0
-24.75,126.5,16.5
-24.75,126.75,41.5
-24.75,127.0,66.5
-24.75,127.25,91.5
-24.75,127.5,116.5
-24.75,127.75,141.6
-24.75,128.0,166.6
-24.75,128.25,191.6
-24.75,128.5,216.6
-24.75,128.75,195.1
-24.75,129.0,170.6
-24.75,129.25,146.4
-24.75,129.5,122.4
-24.75,129.75,98.9
-24.75,130.0,76.3
-24.75,130.25,55.8
-24.75,130.5,40.6
-24.75,130.75,37.9
-24.75,131.0,48.5
-24.75,131.25,55.3
-24.75,131.5,46.5
-24.75,131.75,39.7
-24.75,132.0,43.5
-24.75,132.25,58.4
-24.75,132.5,58.4
-24.75,132.75,43.0
-24.75,133.0,23.3
-24.75,133.25,21.1
-24.75,133.5,33.9
-24.75,133.75,14.2
-24.75,134.0,20.8
-24.75,134.25,43.3
-24.75,134.5,67.6
-24.75,134.75,82.6
-24.75,135.0,61.8
-24.75,135.25,44.7
-24.75,135.5,37.1
-24.75,135.75,44.7
-24.75,136.0,61.4
-24.75,136.25,81.4
-24.75,136.5,103.5
-24.75,136.75,124.9
-24.75,137.0,99.9
-24.75,137.25,74.9
-24.75,137.5,49.9
-24.75,137.75,24.9
-24.75,138.0,0.0
-24.75,138.25,0.0
-24.75,138.5,9.1
-24.75,138.75,32.9
-24.75,139.0,57.7
-24.75,139.25,82.7
-24.75,139.5,95.4
-24.75,139.75,73.3
-24.75,140.0,54.0
-24.75,140.25,40.8
-24.75,140.5,29.1
-24.75,140.75,35.9
-24.75,141.0,53.8
-24.75,141.25,70.3
-24.75,141.5,79.1
-24.75,141.75,81.4
-24.75,142.0,90.5
-24.75,142.25,88.8
-24.75,142.5,66.1
-24.75,142.75,45.7
-24.75,143.0,32.4
-24.75,143.25,17.1
-24.75,143.5,3.4
-24.75,143.75,18.9
-24.75,144.0,42.7
-24.75,144.25,29.9
-24.75,144.5,8.4
-24.75,144.75,0.0
-24.75,145.0,18.2
-24.75,145.25,39.8
-24.75,145.5,63.7
-24.75,145.75,88.2
-24.75,146.0,88.1
-24.75,146.25,63.1
-24.75,146.5,38.1
-24.75,146.75,13.2
-24.75,147.0,0.0
-24.75,147.25,4.4
-24.75,147.5,1.8
-24.75,147.75,2.2
-24.75,148.0,0.6
-24.75,148.25,18.0
-24.75,148.5,25.9
-24.75,148.75,20.6
-24.75,149.0,25.7
-24.75,149.25,20.3
-24.75,149.5,12.4
-24.75,149.75,31.1
-24.75,150.0,36.9
-24.75,150.25,52.1
-24.75,150.5,44.9
-24.75,150.75,21.5
-24.75,151.0,1.9
-24.75,151.25,17.5
-24.75,151.5,3.1
-24.75,151.75,5.0
-24.75,152.0,1.1
-24.75,152.25,5.9
-24.75,152.5,25.2
-25.0,113.5,19.8
-25.0,113.75,18.2
-25.0,114.0,37.9
-25.0,114.25,61.6
-25.0,114.5,48.5
-25.0,114.75,25.9
-25.0,115.0,9.3
-25.0,115.25,15.6
-25.0,115.5,36.4
-25.0,115.75,60.0
-25.0,116.0,84.5
-25.0,116.25,92.0
-25.0,116.5,78.6
-25.0,116.75,70.2
-25.0,117.0,69.6
-25.0,117.25,77.1
-25.0,117.5,91.1
-25.0,117.75,96.3
-25.0,118.0,72.8
-25.0,118.25,50.7
-25.0,118.5,32.9
-25.0,118.75,28.0
-25.0,119.0,15.3
-25.0,119.25,14.0
-25.0,119.5,32.4
-25.0,119.75,43.0
-25.0,120.0,57.5
-25.0,120.25,75.3
-25.0,120.5,95.6
-25.0,120.75,117.7
-25.0,121.0,140.8
-25.0,121.25,164.5
-25.0,121.5,188.5
-25.0,121.75,212.7
-25.0,122.0,226.4
-25.0,122.25,201.9
-25.0,122.5,177.6
-25.0,122.75,153.5
-25.0,123.0,129.7
-25.0,123.25,106.3
-25.0,123.5,83.9
-25.0,123.75,63.3
-25.0,124.0,47.1
-25.0,124.25,40.9
-25.0,124.5,16.7
-25.0,124.75,0.0
-25.0,125.0,0.0
-25.0,125.25,0.0
-25.0,125.5,0.0
-25.0,125.75,0.0
-25.0,126.0,0.0
-25.0,126.25,0.0
-25.0,126.5,16.5
-25.0,126.75,41.4
-25.0,127.0,66.4
-25.0,127.25,91.3
-25.0,127.5,116.3
-25.0,127.75,141.2
-25.0,128.0,166.2
-25.0,128.25,191.1
-25.0,128.5,216.1
-25.0,128.75,191.6
-25.0,129.0,166.6
-25.0,129.25,141.7
-25.0,129.5,116.9
-25.0,129.75,92.0
-25.0,130.0,67.2
-25.0,130.25,42.7
-25.0,130.5,19.0
-25.0,130.75,11.8
-25.0,131.0,28.3
-25.0,131.25,29.7
-25.0,131.5,32.4
-25.0,131.75,48.0
-25.0,132.0,69.3
-25.0,132.25,80.1
-25.0,132.5,79.0
-25.0,132.75,60.7
-25.0,133.0,48.8
-25.0,133.25,47.8
-25.0,133.5,34.3
-25.0,133.75,15.2
-25.0,134.0,21.5
-25.0,134.25,43.7
-25.0,134.5,67.8
-25.0,134.75,73.4
-25.0,135.0,48.9
-25.0,135.25,25.3
-25.0,135.5,9.1
-25.0,135.75,24.2
-25.0,136.0,46.8
-25.0,136.25,70.9
-25.0,136.5,95.5
-25.0,136.75,111.9
-25.0,137.0,99.7
-25.0,137.25,74.7
-25.0,137.5,49.8
-25.0,137.75,24.8
-25.0,138.0,0.0
-25.0,138.25,0.0
-25.0,138.5,14.3
-25.0,138.75,39.2
-25.0,139.0,61.7
-25.0,139.25,84.4
-25.0,139.5,108.1
-25.0,139.75,91.5
-25.0,140.0,76.9
-25.0,140.25,63.7
-25.0,140.5,57.0
-25.0,140.75,60.7
-25.0,141.0,73.3
-25.0,141.25,91.0
-25.0,141.5,107.1
-25.0,141.75,108.8
-25.0,142.0,107.9
-25.0,142.25,83.1
-25.0,142.5,58.2
-25.0,142.75,33.3
-25.0,143.0,8.9
-25.0,143.25,4.1
-25.0,143.5,0.0
-25.0,143.75,14.9
-25.0,144.0,39.3
-25.0,144.25,24.3
-25.0,144.5,5.1
-25.0,144.75,0.0
-25.0,145.0,13.2
-25.0,145.25,38.0
-25.0,145.5,62.8
-25.0,145.75,87.7
-25.0,146.0,91.5
-25.0,146.25,67.9
-25.0,146.5,45.7
-25.0,146.75,26.7
-25.0,147.0,18.9
-25.0,147.25,12.1
-25.0,147.5,13.8
-25.0,147.75,1.9
-25.0,148.0,0.0
-25.0,148.25,0.0
-25.0,148.5,15.1
-25.0,148.75,4.3
-25.0,149.0,0.4
-25.0,149.25,0.0
-25.0,149.5,4.6
-25.0,149.75,11.6
-25.0,150.0,14.8
-25.0,150.25,29.9
-25.0,150.5,48.6
-25.0,150.75,37.2
-25.0,151.0,29.7
-25.0,151.25,16.9
-25.0,151.5,0.0
-25.0,151.75,14.4
-25.0,152.0,11.2
-25.0,152.25,0.4
-25.0,152.5,0.9
-25.0,152.75,20.5
-25.25,113.5,28.5
-25.25,113.75,37.2
-25.25,114.0,55.6
-25.25,114.25,56.0
-25.25,114.5,61.7
-25.25,114.75,44.5
-25.25,115.0,37.3
-25.25,115.25,39.7
-25.25,115.5,52.9
-25.25,115.75,72.3
-25.25,116.0,93.5
-25.25,116.25,115.3
-25.25,116.5,104.1
-25.25,116.75,97.9
-25.25,117.0,97.4
-25.25,117.25,102.9
-25.25,117.5,113.8
-25.25,117.75,107.8
-25.25,118.0,87.5
-25.25,118.25,70.2
-25.25,118.5,58.6
-25.25,118.75,52.6
-25.25,119.0,41.9
-25.25,119.25,41.5
-25.25,119.5,50.7
-25.25,119.75,68.4
-25.25,120.0,79.4
-25.25,120.25,94.9
-25.25,120.5,112.5
-25.25,120.75,131.8
-25.25,121.0,152.8
-25.25,121.25,174.8
-25.25,121.5,197.5
-25.25,121.75,220.7
-25.25,122.0,222.8
-25.25,122.25,198.0
-25.25,122.5,173.1
-25.25,122.75,148.3
-25.25,123.0,123.6
-25.25,123.25,98.9
-25.25,123.5,74.3
-25.25,123.75,49.9
-25.25,124.0,26.7
-25.25,124.25,12.9
-25.25,124.5,16.7
-25.25,124.75,0.0
-25.25,125.0,0.0
-25.25,125.25,0.0
-25.25,125.5,0.0
-25.25,125.75,0.0
-25.25,126.0,0.0
-25.25,126.25,0.0
-25.25,126.5,16.5
-25.25,126.75,41.4
-25.25,127.0,66.2
-25.25,127.25,91.1
-25.25,127.5,116.0
-25.25,127.75,140.9
-25.25,128.0,165.8
-25.25,128.25,190.7
-25.25,128.5,215.6
-25.25,128.75,191.0
-25.25,129.0,166.1
-25.25,129.25,141.2
-25.25,129.5,116.3
-25.25,129.75,91.4
-25.25,130.0,66.5
-25.25,130.25,41.6
-25.25,130.5,16.7
-25.25,130.75,0.0
-25.25,131.0,1.7
-25.25,131.25,1.7
-25.25,131.5,12.9
-25.25,131.75,37.7
-25.25,132.0,62.6
-25.25,132.25,87.5
-25.25,132.5,98.2
-25.25,132.75,84.2
-25.25,133.0,76.1
-25.25,133.25,70.2
-25.25,133.5,52.3
-25.25,133.75,42.3
-25.25,134.0,44.9
-25.25,134.25,58.8
-25.25,134.5,78.4
-25.25,134.75,74.3
-25.25,135.0,50.3
-25.25,135.25,28.0
-25.25,135.5,10.0
-25.25,135.75,24.0
-25.25,136.0,46.6
-25.25,136.25,70.8
-25.25,136.5,83.9
-25.25,136.75,83.8
-25.25,137.0,83.8
-25.25,137.25,74.6
-25.25,137.5,49.7
-25.25,137.75,24.8
-25.25,138.0,0.0
-25.25,138.25,0.0
-25.25,138.5,4.6
-25.25,138.75,28.5
-25.25,139.0,52.2
-25.25,139.25,75.0
-25.25,139.5,97.9
-25.25,139.75,113.8
-25.25,140.0,100.5
-25.25,140.25,89.6
-25.25,140.5,85.0
-25.25,140.75,87.5
-25.25,141.0,96.6
-25.25,141.25,110.8
-25.25,141.5,128.3
-25.25,141.75,131.7
-25.25,142.0,106.8
-25.25,142.25,82.0
-25.25,142.5,57.2
-25.25,142.75,32.6
-25.25,143.0,9.6
-25.25,143.25,6.9
-25.25,143.5,11.4
-25.25,143.75,26.7
-25.25,144.0,26.4
-25.25,144.25,26.3
-25.25,144.5,8.3
-25.25,144.75,1.2
-25.25,145.0,23.4
-25.25,145.25,46.3
-25.25,145.5,68.4
-25.25,145.75,92.0
-25.25,146.0,102.8
-25.25,146.25,82.1
-25.25,146.5,64.1
-25.25,146.75,52.1
-25.25,147.0,43.3
-25.25,147.25,40.1
-25.25,147.5,34.4
-25.25,147.75,14.9
-25.25,148.0,15.9
-25.25,148.25,7.0
-25.25,148.5,3.2
-25.25,148.75,8.9
-25.25,149.0,0.0
-25.25,149.25,4.3
-25.25,149.5,28.2
-25.25,149.75,18.2
-25.25,150.0,4.8
-25.25,150.25,12.4
-25.25,150.5,34.0
-25.25,150.75,57.7
-25.25,151.0,38.7
-25.25,151.25,15.4
-25.25,151.5,5.4
-25.25,151.75,7.8
-25.25,152.0,4.6
-25.25,152.25,18.5
-25.25,152.5,7.1
-25.25,152.75,8.6
-25.25,153.0,2.2
-25.5,113.75,21.3
-25.5,114.0,30.1
-25.5,114.25,29.1
-25.5,114.5,44.5
-25.5,114.75,61.7
-25.5,115.0,65.4
-25.5,115.25,66.9
-25.5,115.5,75.5
-25.5,115.75,90.4
-25.5,116.0,109.0
-25.5,116.25,129.1
-25.5,116.5,130.6
-25.5,116.75,125.8
-25.5,117.0,125.3
-25.5,117.25,129.7
-25.5,117.5,138.4
-25.5,117.75,124.6
-25.5,118.0,107.5
-25.5,118.25,94.0
-25.5,118.5,85.8
-25.5,118.75,76.5
-25.5,119.0,69.6
-25.5,119.25,69.4
-25.5,119.5,75.3
-25.5,119.75,88.1
-25.5,120.0,104.3
-25.5,120.25,116.5
-25.5,120.5,132.4
-25.5,120.75,149.9
-25.5,121.0,168.6
-25.5,121.25,188.7
-25.5,121.5,207.2
-25.5,121.75,216.0
-25.5,122.0,208.3
-25.5,122.25,197.5
-25.5,122.5,172.7
-25.5,122.75,147.9
-25.5,123.0,123.1
-25.5,123.25,98.3
-25.5,123.5,73.6
-25.5,123.75,49.1
-25.5,124.0,25.2
-25.5,124.25,9.5
-25.5,124.5,19.2
-25.5,124.75,9.5
-25.5,125.0,9.5
-25.5,125.25,9.4
-25.5,125.5,9.4
-25.5,125.75,9.5
-25.5,126.0,9.5
-25.5,126.25,9.5
-25.5,126.5,19.0
-25.5,126.75,42.4
-25.5,127.0,66.8
-25.5,127.25,91.5
-25.5,127.5,116.2
-25.5,127.75,141.0
-25.5,128.0,165.8
-25.5,128.25,190.6
-25.5,128.5,215.4
-25.5,128.75,190.9
-25.5,129.0,166.1
-25.5,129.25,141.3
-25.5,129.5,116.5
-25.5,129.75,91.7
-25.5,130.0,67.1
-25.5,130.25,42.6
-25.5,130.5,19.2
-25.5,130.75,9.5
-25.5,131.0,9.5
-25.5,131.25,9.5
-25.5,131.5,15.9
-25.5,131.75,38.8
-25.5,132.0,63.2
-25.5,132.25,87.8
-25.5,132.5,112.5
-25.5,132.75,109.9
-25.5,133.0,103.8
-25.5,133.25,89.7
-25.5,133.5,76.5
-25.5,133.75,70.1
-25.5,134.0,71.7
-25.5,134.25,81.1
-25.5,134.5,86.6
-25.5,134.75,69.5
-25.5,135.0,58.3
-25.5,135.25,46.5
-25.5,135.5,37.8
-25.5,135.75,44.1
-25.5,136.0,55.9
-25.5,136.25,55.9
-25.5,136.5,55.8
-25.5,136.75,55.8
-25.5,137.0,55.8
-25.5,137.25,55.8
-25.5,137.5,49.6
-25.5,137.75,24.7
-25.5,138.0,0.0
-25.5,138.25,0.0
-25.5,138.5,0.0
-25.5,138.75,18.2
-25.5,139.0,41.3
-25.5,139.25,64.5
-25.5,139.5,88.1
-25.5,139.75,111.6
-25.5,140.0,125.0
-25.5,140.25,116.5
-25.5,140.5,113.0
-25.5,140.75,114.9
-25.5,141.0,122.0
-25.5,141.25,133.4
-25.5,141.5,148.2
-25.5,141.75,135.9
-25.5,142.0,112.0
-25.5,142.25,88.7
-25.5,142.5,66.5
-25.5,142.75,47.0
-25.5,143.0,34.9
-25.5,143.25,34.5
-25.5,143.5,37.2
-25.5,143.75,32.4
-25.5,144.0,8.7
-25.5,144.25,3.3
-25.5,144.5,26.0
-25.5,144.75,29.1
-25.5,145.0,37.3
-25.5,145.25,50.5
-25.5,145.5,62.3
-25.5,145.75,80.3
-25.5,146.0,101.2
-25.5,146.25,101.5
-25.5,146.5,87.6
-25.5,146.75,79.2
-25.5,147.0,69.9
-25.5,147.25,66.1
-25.5,147.5,52.4
-25.5,147.75,40.6
-25.5,148.0,42.3
-25.5,148.25,31.3
-25.5,148.5,27.9
-25.5,148.75,4.7
-25.5,149.0,0.0
-25.5,149.25,15.6
-25.5,149.5,13.7
-25.5,149.75,8.6
-25.5,150.0,16.8
-25.5,150.25,11.7
-25.5,150.5,34.1
-25.5,150.75,37.4
-25.5,151.0,24.0
-25.5,151.25,13.5
-25.5,151.5,15.8
-25.5,151.75,20.7
-25.5,152.0,8.3
-25.5,152.25,10.9
-25.5,152.5,3.8
-25.5,152.75,8.2
-25.5,153.0,0.0
-25.5,153.25,11.0
-25.75,113.75,7.2
-25.75,114.0,9.3
-25.75,114.25,8.0
-25.75,114.5,25.3
-25.75,114.75,48.5
-25.75,115.0,72.7
-25.75,115.25,94.6
-25.75,115.5,100.3
-25.75,115.75,105.4
-25.75,116.0,115.7
-25.75,116.25,129.9
-25.75,116.5,147.0
-25.75,116.75,153.7
-25.75,117.0,153.3
-25.75,117.25,156.8
-25.75,117.5,161.9
-25.75,117.75,144.9
-25.75,118.0,130.6
-25.75,118.25,119.7
-25.75,118.5,113.0
-25.75,118.75,102.5
-25.75,119.0,97.5
-25.75,119.25,97.4
-25.75,119.5,101.7
-25.75,119.75,111.4
-25.75,120.0,125.5
-25.75,120.25,140.4
-25.75,120.5,153.8
-25.75,120.75,169.0
-25.75,121.0,169.9
-25.75,121.25,173.7
-25.75,121.5,180.7
-25.75,121.75,190.2
-25.75,122.0,181.4
-25.75,122.25,175.7
-25.75,122.5,173.3
-25.75,122.75,152.1
-25.75,123.0,128.2
-25.75,123.25,104.7
-25.75,123.5,82.0
-25.75,123.75,61.0
-25.75,124.0,44.2
-25.75,124.25,37.5
-25.75,124.5,41.1
-25.75,124.75,37.5
-25.75,125.0,37.5
-25.75,125.25,37.5
-25.75,125.5,37.5
-25.75,125.75,37.5
-25.75,126.0,37.5
-25.75,126.25,37.5
-25.75,126.5,41.0
-25.75,126.75,55.8
-25.75,127.0,76.0
-25.75,127.25,98.3
-25.75,127.5,121.6
-25.75,127.75,145.4
-25.75,128.0,169.5
-25.75,128.25,193.8
-25.75,128.5,218.2
-25.75,128.75,194.1
-25.75,129.0,169.8
-25.75,129.25,145.7
-25.75,129.5,121.9
-25.75,129.75,98.6
-25.75,130.0,76.2
-25.75,130.25,56.0
-25.75,130.5,41.1
-25.75,130.75,37.5
-25.75,131.0,37.5
-25.75,131.25,37.5
-25.75,131.5,39.6
-25.75,131.75,53.1
-25.75,132.0,72.8
-25.75,132.25,94.9
-25.75,132.5,118.1
-25.75,132.75,136.5
-25.75,133.0,127.1
-25.75,133.25,112.8
-25.75,133.5,102.7
-25.75,133.75,98.1
-25.75,134.0,99.2
-25.75,134.25,95.0
-25.75,134.5,71.7
-25.75,134.75,49.8
-25.75,135.0,32.4
-25.75,135.25,27.9
-25.75,135.5,27.9
-25.75,135.75,27.9
-25.75,136.0,27.9
-25.75,136.25,27.8
-25.75,136.5,27.8
-25.75,136.75,27.8
-25.75,137.0,27.8
-25.75,137.25,27.8
-25.75,137.5,27.7
-25.75,137.75,24.7
-25.75,138.0,0.0
-25.75,138.25,0.0
-25.75,138.5,0.0
-25.75,138.75,8.6
-25.75,139.0,32.3
-25.75,139.25,55.9
-25.75,139.5,79.8
-25.75,139.75,103.4
-25.75,140.0,118.5
-25.75,140.25,118.6
-25.75,140.5,118.7
-25.75,140.75,121.1
-25.75,141.0,126.4
-25.75,141.25,128.8
-25.75,141.5,135.7
-25.75,141.75,145.4
-25.75,142.0,123.4
-25.75,142.25,102.8
-25.75,142.5,84.4
-25.75,142.75,70.2
-25.75,143.0,62.2
-25.75,143.25,62.4
-25.75,143.5,60.5
-25.75,143.75,38.4
-25.75,144.0,21.9
-25.75,144.25,18.8
-25.75,144.5,33.1
-25.75,144.75,31.3
-25.75,145.0,18.6
-25.75,145.25,25.0
-25.75,145.5,44.2
-25.75,145.75,67.2
-25.75,146.0,91.1
-25.75,146.25,104.2
-25.75,146.5,81.6
-25.75,146.75,60.9
-25.75,147.0,44.4
-25.75,147.25,38.0
-25.75,147.5,41.3
-25.75,147.75,49.9
-25.75,148.0,67.0
-25.75,148.25,57.2
-25.75,148.5,40.7
-25.75,148.75,22.2
-25.75,149.0,9.6
-25.75,149.25,13.2
-25.75,149.5,32.2
-25.75,149.75,30.4
-25.75,150.0,39.5
-25.75,150.25,37.4
-25.75,150.5,49.2
-25.75,150.75,28.9
-25.75,151.0,4.9
-25.75,151.25,18.5
-25.75,151.5,22.7
-25.75,151.75,12.2
-25.75,152.0,6.0
-25.75,152.25,8.0
-25.75,152.5,8.6
-25.75,152.75,15.7
-25.75,153.0,0.9
-25.75,153.25,15.9
-26.0,114.0,0.0
-26.0,114.25,0.4
-26.0,114.5,21.9
-26.0,114.75,46.6
-26.0,115.0,71.3
-26.0,115.25,71.8
-26.0,115.5,72.4
-26.0,115.75,79.4
-26.0,116.0,92.6
-26.0,116.25,109.8
-26.0,116.5,129.4
-26.0,116.75,150.6
-26.0,117.0,172.7
-26.0,117.25,184.3
-26.0,117.5,182.3
-26.0,117.75,167.5
-26.0,118.0,155.3
-26.0,118.25,146.3
-26.0,118.5,137.8
-26.0,118.75,129.4
-26.0,119.0,125.4
-26.0,119.25,125.4
-26.0,119.5,128.7
-26.0,119.75,136.6
-26.0,120.0,148.2
-26.0,120.25,147.4
-26.0,120.5,142.2
-26.0,120.75,141.0
-26.0,121.0,142.0
-26.0,121.25,146.4
-26.0,121.5,154.7
-26.0,121.75,165.0
-26.0,122.0,154.8
-26.0,122.25,148.1
-26.0,122.5,145.3
-26.0,122.75,145.2
-26.0,123.0,138.9
-26.0,123.25,117.6
-26.0,123.5,98.0
-26.0,123.75,81.3
-26.0,124.0,69.6
-26.0,124.25,65.6
-26.0,124.5,67.6
-26.0,124.75,65.5
-26.0,125.0,65.6
-26.0,125.25,65.5
-26.0,125.5,65.5
-26.0,125.75,65.5
-26.0,126.0,65.5
-26.0,126.25,65.5
-26.0,126.5,67.6
-26.0,126.75,77.4
-26.0,127.0,93.0
-26.0,127.25,112.0
-26.0,127.5,132.9
-26.0,127.75,154.9
-26.0,128.0,177.7
-26.0,128.25,200.9
-26.0,128.5,224.5
-26.0,128.75,201.2
-26.0,129.0,177.9
-26.0,129.25,155.2
-26.0,129.5,133.1
-26.0,129.75,112.2
-26.0,130.0,93.2
-26.0,130.25,77.6
-26.0,130.5,67.6
-26.0,130.75,65.5
-26.0,131.0,65.5
-26.0,131.25,65.5
-26.0,131.5,66.8
-26.0,131.75,75.5
-26.0,132.0,90.4
-26.0,132.25,109.0
-26.0,132.5,129.7
-26.0,132.75,151.6
-26.0,133.0,149.7
-26.0,133.25,137.8
-26.0,133.5,129.7
-26.0,133.75,126.0
-26.0,134.0,109.7
-26.0,134.25,85.7
-26.0,134.5,62.2
-26.0,134.75,40.2
-26.0,135.0,16.5
-26.0,135.25,0.0
-26.0,135.5,0.0
-26.0,135.75,0.0
-26.0,136.0,0.0
-26.0,136.25,0.0
-26.0,136.5,0.0
-26.0,136.75,0.0
-26.0,137.0,0.0
-26.0,137.25,0.0
-26.0,137.5,0.0
-26.0,137.75,0.0
-26.0,138.0,0.0
-26.0,138.25,0.0
-26.0,138.5,0.0
-26.0,138.75,0.6
-26.0,139.0,25.3
-26.0,139.25,50.1
-26.0,139.5,74.8
-26.0,139.75,94.4
-26.0,140.0,90.5
-26.0,140.25,90.6
-26.0,140.5,90.7
-26.0,140.75,93.7
-26.0,141.0,98.4
-26.0,141.25,101.4
-26.0,141.5,110.0
-26.0,141.75,123.1
-26.0,142.0,139.3
-26.0,142.25,121.8
-26.0,142.5,106.8
-26.0,142.75,95.9
-26.0,143.0,90.0
-26.0,143.25,90.4
-26.0,143.5,75.1
-26.0,143.75,58.7
-26.0,144.0,48.5
-26.0,144.25,46.5
-26.0,144.5,47.5
-26.0,144.75,23.1
-26.0,145.0,0.0
-26.0,145.25,13.3
-26.0,145.5,38.0
-26.0,145.75,62.7
-26.0,146.0,87.4
-26.0,146.25,90.6
-26.0,146.5,70.4
-26.0,146.75,48.5
-26.0,147.0,24.8
-26.0,147.25,10.0
-26.0,147.5,13.6
-26.0,147.75,31.0
-26.0,148.0,54.4
-26.0,148.25,78.0
-26.0,148.5,59.6
-26.0,148.75,46.1
-26.0,149.0,32.0
-26.0,149.25,34.0
-26.0,149.5,49.9
-26.0,149.75,57.7
-26.0,150.0,66.3
-26.0,150.25,65.0
-26.0,150.5,61.8
-26.0,150.75,42.1
-26.0,151.0,30.9
-26.0,151.25,35.4
-26.0,151.5,20.6
-26.0,151.75,6.5
-26.0,152.0,9.4
-26.0,152.25,0.0
-26.0,152.5,12.8
-26.0,152.75,4.4
-26.0,153.0,0.2
-26.0,153.25,8.6
-26.0,153.5,31.4
-26.25,113.75,4.2
-26.25,114.0,0.0
-26.25,114.25,3.2
-26.25,114.5,25.3
-26.25,114.75,43.9
-26.25,115.0,43.8
-26.25,115.25,43.8
-26.25,115.5,44.7
-26.25,115.75,55.2
-26.25,116.0,72.9
-26.25,116.25,93.8
-26.25,116.5,116.1
-26.25,116.75,139.3
-26.25,117.0,162.8
-26.25,117.25,186.7
-26.25,117.5,204.6
-26.25,117.75,191.5
-26.25,118.0,181.0
-26.25,118.25,173.3
-26.25,118.5,163.7
-26.25,118.75,156.7
-26.25,119.0,153.4
-26.25,119.25,153.4
-26.25,119.5,156.1
-26.25,119.75,143.7
-26.25,120.0,130.9
-26.25,120.25,120.9
-26.25,120.5,114.5
-26.25,120.75,113.0
-26.25,121.0,114.1
-26.25,121.25,119.6
-26.25,121.5,129.6
-26.25,121.75,140.9
-26.25,122.0,128.9
-26.25,122.25,120.7
-26.25,122.5,117.3
-26.25,122.75,117.2
-26.25,123.0,117.9
-26.25,123.25,123.2
-26.25,123.5,118.6
-26.25,123.75,105.2
-26.25,124.0,96.4
-26.25,124.25,93.6
-26.25,124.5,95.1
-26.25,124.75,93.6
-26.25,125.0,93.6
-26.25,125.25,93.5
-26.25,125.5,93.5
-26.25,125.75,93.6
-26.25,126.0,93.6
-26.25,126.25,93.6
-26.25,126.5,95.0
-26.25,126.75,102.2
-26.25,127.0,114.5
-26.25,127.25,130.3
-26.25,127.5,148.6
-26.25,127.75,168.6
-26.25,128.0,189.7
-26.25,128.25,211.6
-26.25,128.5,215.0
-26.25,128.75,210.8
-26.25,129.0,189.9
-26.25,129.25,168.8
-26.25,129.5,148.8
-26.25,129.75,130.5
-26.25,130.0,114.6
-26.25,130.25,102.3
-26.25,130.5,95.1
-26.25,130.75,93.6
-26.25,131.0,93.5
-26.25,131.25,93.6
-26.25,131.5,94.5
-26.25,131.75,100.8
-26.25,132.0,112.4
-26.25,132.25,127.8
-26.25,132.5,145.8
-26.25,132.75,165.5
-26.25,133.0,173.9
-26.25,133.25,163.8
-26.25,133.5,156.2
-26.25,133.75,131.5
-26.25,134.0,106.9
-26.25,134.25,82.2
-26.25,134.5,57.5
-26.25,134.75,32.9
-26.25,135.0,8.3
-26.25,135.25,0.0
-26.25,135.5,0.0
-26.25,135.75,0.0
-26.25,136.0,0.0
-26.25,136.25,0.0
-26.25,136.5,0.0
-26.25,136.75,0.0
-26.25,137.0,0.0
-26.25,137.25,0.0
-26.25,137.5,0.0
-26.25,137.75,0.0
-26.25,138.0,0.0
-26.25,138.25,0.0
-26.25,138.5,0.0
-26.25,138.75,0.9
-26.25,139.0,25.5
-26.25,139.25,50.2
-26.25,139.5,74.9
-26.25,139.75,68.1
-26.25,140.0,62.5
-26.25,140.25,62.6
-26.25,140.5,62.7
-26.25,140.75,67.0
-26.25,141.0,70.3
-26.25,141.25,74.5
-26.25,141.5,85.9
-26.25,141.75,102.0
-26.25,142.0,121.0
-26.25,142.25,141.8
-26.25,142.5,131.4
-26.25,142.75,122.5
-26.25,143.0,117.9
-26.25,143.25,112.3
-26.25,143.5,95.9
-26.25,143.75,83.1
-26.25,144.0,76.1
-26.25,144.25,72.1
-26.25,144.5,48.2
-26.25,144.75,25.7
-26.25,145.0,13.3
-26.25,145.25,19.6
-26.25,145.5,41.5
-26.25,145.75,65.4
-26.25,146.0,89.7
-26.25,146.25,79.1
-26.25,146.5,55.7
-26.25,146.75,33.8
-26.25,147.0,18.4
-26.25,147.25,4.6
-26.25,147.5,5.0
-26.25,147.75,29.6
-26.25,148.0,54.1
-26.25,148.25,78.6
-26.25,148.5,82.8
-26.25,148.75,67.9
-26.25,149.0,59.4
-26.25,149.25,60.4
-26.25,149.5,70.7
-26.25,149.75,85.5
-26.25,150.0,91.6
-26.25,150.25,92.9
-26.25,150.5,79.5
-26.25,150.75,65.4
-26.25,151.0,58.7
-26.25,151.25,52.9
-26.25,151.5,31.3
-26.25,151.75,19.0
-26.25,152.0,8.6
-26.25,152.25,0.0
-26.25,152.5,2.9
-26.25,152.75,3.2
-26.25,153.0,0.0
-26.25,153.25,17.3
-26.5,113.5,39.2
-26.5,113.75,28.0
-26.5,114.0,8.4
-26.5,114.25,13.7
-26.5,114.5,28.3
-26.5,114.75,15.8
-26.5,115.0,15.8
-26.5,115.25,15.8
-26.5,115.5,18.2
-26.5,115.75,37.1
-26.5,116.0,60.3
-26.5,116.25,84.3
-26.5,116.5,108.6
-26.5,116.75,133.0
-26.5,117.0,157.4
-26.5,117.25,181.9
-26.5,117.5,206.5
-26.5,117.75,216.5
-26.5,118.0,207.3
-26.5,118.25,199.1
-26.5,118.5,190.2
-26.5,118.75,184.2
-26.5,119.0,180.3
-26.5,119.25,159.4
-26.5,119.5,139.8
-26.5,119.75,121.9
-26.5,120.0,106.6
-26.5,120.25,95.1
-26.5,120.5,86.9
-26.5,120.75,84.9
-26.5,121.0,86.3
-26.5,121.25,93.5
-26.5,121.5,106.0
-26.5,121.75,118.5
-26.5,122.0,104.0
-26.5,122.25,93.8
-26.5,122.5,89.2
-26.5,122.75,89.1
-26.5,123.0,90.1
-26.5,123.25,96.8
-26.5,123.5,108.8
-26.5,123.75,124.5
-26.5,124.0,123.8
-26.5,124.25,121.6
-26.5,124.5,122.8
-26.5,124.75,121.6
-26.5,125.0,121.6
-26.5,125.25,121.6
-26.5,125.5,121.6
-26.5,125.75,121.6
-26.5,126.0,121.6
-26.5,126.25,121.6
-26.5,126.5,122.7
-26.5,126.75,128.4
-26.5,127.0,138.3
-26.5,127.25,151.6
-26.5,127.5,167.6
-26.5,127.75,185.5
-26.5,128.0,204.8
-26.5,128.25,195.6
-26.5,128.5,187.8
-26.5,128.75,182.9
-26.5,129.0,181.3
-26.5,129.25,181.4
-26.5,129.5,167.8
-26.5,129.75,151.8
-26.5,130.0,138.4
-26.5,130.25,128.5
-26.5,130.5,122.8
-26.5,130.75,121.6
-26.5,131.0,121.6
-26.5,131.25,121.6
-26.5,131.5,122.3
-26.5,131.75,127.3
-26.5,132.0,136.6
-26.5,132.25,149.5
-26.5,132.5,165.1
-26.5,132.75,182.7
-26.5,133.0,179.5
-26.5,133.25,176.3
-26.5,133.5,157.5
-26.5,133.75,133.1
-26.5,134.0,108.7
-26.5,134.25,84.5
-26.5,134.5,60.7
-26.5,134.75,37.9
-26.5,135.0,19.4
-26.5,135.25,0.0
-26.5,135.5,0.0
-26.5,135.75,0.0
-26.5,136.0,0.0
-26.5,136.25,0.0
-26.5,136.5,0.0
-26.5,136.75,0.0
-26.5,137.0,0.0
-26.5,137.25,0.0
-26.5,137.5,0.0
-26.5,137.75,0.0
-26.5,138.0,0.0
-26.5,138.25,0.0
-26.5,138.5,0.0
-26.5,138.75,6.6
-26.5,139.0,28.9
-26.5,139.25,52.0
-26.5,139.5,62.1
-26.5,139.75,43.8
-26.5,140.0,34.5
-26.5,140.25,34.5
-26.5,140.5,34.6
-26.5,140.75,41.9
-26.5,141.0,42.3
-26.5,141.25,48.9
-26.5,141.5,64.9
-26.5,141.75,85.0
-26.5,142.0,107.1
-26.5,142.25,130.0
-26.5,142.5,153.5
-26.5,142.75,149.6
-26.5,143.0,145.8
-26.5,143.25,133.1
-26.5,143.5,119.4
-26.5,143.75,109.2
-26.5,144.0,103.9
-26.5,144.25,82.4
-26.5,144.5,62.5
-26.5,144.75,47.5
-26.5,145.0,40.5
-26.5,145.25,43.2
-26.5,145.5,56.9
-26.5,145.75,76.0
-26.5,146.0,97.7
-26.5,146.25,75.4
-26.5,146.5,50.8
-26.5,146.75,26.2
-26.5,147.0,1.6
-26.5,147.25,12.2
-26.5,147.5,23.7
-26.5,147.75,38.0
-26.5,148.0,59.6
-26.5,148.25,82.8
-26.5,148.5,104.9
-26.5,148.75,93.2
-26.5,149.0,87.1
-26.5,149.25,87.9
-26.5,149.5,88.8
-26.5,149.75,87.3
-26.5,150.0,91.7
-26.5,150.25,101.6
-26.5,150.5,101.9
-26.5,150.75,79.2
-26.5,151.0,57.9
-26.5,151.25,40.4
-26.5,151.5,30.4
-26.5,151.75,24.2
-26.5,152.0,8.3
-26.5,152.25,1.4
-26.5,152.5,3.0
-26.5,152.75,6.7
-26.5,153.0,0.7
-26.5,153.25,15.2
-26.5,153.5,39.5
-26.75,113.5,59.1
-26.75,113.75,35.7
-26.75,114.0,11.9
-26.75,114.25,9.8
-26.75,114.5,23.4
-26.75,114.75,0.0
-26.75,115.0,0.0
-26.75,115.25,0.0
-26.75,115.5,9.1
-26.75,115.75,33.5
-26.75,116.0,58.1
-26.75,116.25,82.5
-26.75,116.5,106.9
-26.75,116.75,131.4
-26.75,117.0,155.8
-26.75,117.25,180.3
-26.75,117.5,204.8
-26.75,117.75,229.4
-26.75,118.0,234.0
-26.75,118.25,224.9
-26.75,118.5,214.5
-26.75,118.75,191.2
-26.75,119.0,168.1
-26.75,119.25,145.5
-26.75,119.5,123.7
-26.75,119.75,103.1
-26.75,120.0,84.6
-26.75,120.25,69.9
-26.75,120.5,59.8
-26.75,120.75,56.9
-26.75,121.0,58.8
-26.75,121.25,68.9
-26.75,121.5,85.0
-26.75,121.75,99.1
-26.75,122.0,81.2
-26.75,122.25,67.6
-26.75,122.5,61.3
-26.75,122.75,61.1
-26.75,123.0,62.5
-26.75,123.25,71.9
-26.75,123.5,87.3
-26.75,123.75,106.2
-26.75,124.0,115.8
-26.75,124.25,115.8
-26.75,124.5,115.8
-26.75,124.75,116.1
-26.75,125.0,120.3
-26.75,125.25,129.1
-26.75,125.5,140.1
-26.75,125.75,140.1
-26.75,126.0,140.1
-26.75,126.25,140.1
-26.75,126.5,140.1
-26.75,126.75,142.2
-26.75,127.0,148.3
-26.75,127.25,158.0
-26.75,127.5,170.7
-26.75,127.75,185.8
-26.75,128.0,181.8
-26.75,128.25,169.9
-26.75,128.5,160.9
-26.75,128.75,155.2
-26.75,129.0,153.2
-26.75,129.25,153.4
-26.75,129.5,153.5
-26.75,129.75,153.5
-26.75,130.0,153.5
-26.75,130.25,153.4
-26.75,130.5,150.6
-26.75,130.75,149.7
-26.75,131.0,149.6
-26.75,131.25,149.6
-26.75,131.5,150.2
-26.75,131.75,154.3
-26.75,132.0,162.0
-26.75,132.25,169.7
-26.75,132.5,160.8
-26.75,132.75,155.2
-26.75,133.0,152.1
-26.75,133.25,148.4
-26.75,133.5,148.2
-26.75,133.75,139.6
-26.75,134.0,116.6
-26.75,134.25,94.5
-26.75,134.5,71.5
-26.75,134.75,48.5
-26.75,135.0,28.1
-26.75,135.25,11.2
-26.75,135.5,1.3
-26.75,135.75,1.1
-26.75,136.0,2.3
-26.75,136.25,0.0
-26.75,136.5,0.0
-26.75,136.75,0.0
-26.75,137.0,0.0
-26.75,137.25,0.0
-26.75,137.5,0.0
-26.75,137.75,0.0
-26.75,138.0,0.0
-26.75,138.25,0.0
-26.75,138.5,2.9
-26.75,138.75,7.3
-26.75,139.0,31.4
-26.75,139.25,55.9
-26.75,139.5,43.3
-26.75,139.75,25.8
-26.75,140.0,6.8
-26.75,140.25,6.5
-26.75,140.5,6.6
-26.75,140.75,14.3
-26.75,141.0,14.2
-26.75,141.25,28.4
-26.75,141.5,51.2
-26.75,141.75,75.1
-26.75,142.0,99.3
-26.75,142.25,123.6
-26.75,142.5,148.0
-26.75,142.75,172.5
-26.75,143.0,170.4
-26.75,143.25,156.1
-26.75,143.5,144.4
-26.75,143.75,136.0
-26.75,144.0,118.4
-26.75,144.25,99.7
-26.75,144.5,84.1
-26.75,144.75,73.6
-26.75,145.0,68.2
-26.75,145.25,69.9
-26.75,145.5,79.5
-26.75,145.75,94.1
-26.75,146.0,103.4
-26.75,146.25,79.9
-26.75,146.5,57.4
-26.75,146.75,37.4
-26.75,147.0,26.9
-26.75,147.25,28.4
-26.75,147.5,44.8
-26.75,147.75,59.3
-26.75,148.0,74.9
-26.75,148.25,94.5
-26.75,148.5,115.9
-26.75,148.75,108.7
-26.75,149.0,89.1
-26.75,149.25,72.6
-26.75,149.5,61.6
-26.75,149.75,59.4
-26.75,150.0,65.4
-26.75,150.25,78.7
-26.75,150.5,87.4
-26.75,150.75,71.9
-26.75,151.0,47.4
-26.75,151.25,23.2
-26.75,151.5,3.2
-26.75,151.75,11.4
-26.75,152.0,14.0
-26.75,152.25,17.1
-26.75,152.5,0.0
-26.75,152.75,5.4
-26.75,153.0,3.8
-26.75,153.25,13.5
-26.75,153.5,31.7
-27.0,113.5,45.7
-27.0,113.75,25.4
-27.0,114.0,6.7
-27.0,114.25,0.0
-27.0,114.5,23.4
-27.0,114.75,0.0
-27.0,115.0,0.0
-27.0,115.25,0.0
-27.0,115.5,16.4
-27.0,115.75,35.6
-27.0,116.0,58.9
-27.0,116.25,82.9
-27.0,116.5,107.2
-27.0,116.75,131.5
-27.0,117.0,155.9
-27.0,117.25,180.3
-27.0,117.5,204.8
-27.0,117.75,229.3
-27.0,118.0,253.7
-27.0,118.25,231.9
-27.0,118.5,207.8
-27.0,118.75,183.8
-27.0,119.0,159.9
-27.0,119.25,136.1
-27.0,119.5,112.5
-27.0,119.75,89.3
-27.0,120.0,67.2
-27.0,120.25,47.4
-27.0,120.5,34.1
-27.0,120.75,28.8
-27.0,121.0,32.3
-27.0,121.25,48.2
-27.0,121.5,69.3
-27.0,121.75,84.7
-27.0,122.0,62.9
-27.0,122.25,44.0
-27.0,122.5,33.4
-27.0,122.75,33.1
-27.0,123.0,35.6
-27.0,123.25,50.2
-27.0,123.5,70.5
-27.0,123.75,91.4
-27.0,124.0,87.7
-27.0,124.25,87.8
-27.0,124.5,87.7
-27.0,124.75,88.1
-27.0,125.0,93.6
-27.0,125.25,104.7
-27.0,125.5,112.0
-27.0,125.75,112.1
-27.0,126.0,112.0
-27.0,126.25,112.1
-27.0,126.5,112.0
-27.0,126.75,114.6
-27.0,127.0,122.1
-27.0,127.25,133.7
-27.0,127.5,148.5
-27.0,127.75,165.5
-27.0,128.0,158.8
-27.0,128.25,145.1
-27.0,128.5,134.4
-27.0,128.75,127.6
-27.0,129.0,125.2
-27.0,129.25,125.3
-27.0,129.5,125.4
-27.0,129.75,125.5
-27.0,130.0,125.5
-27.0,130.25,125.4
-27.0,130.5,125.3
-27.0,130.75,125.3
-27.0,131.0,125.3
-27.0,131.25,127.6
-27.0,131.5,134.4
-27.0,131.75,145.0
-27.0,132.0,158.5
-27.0,132.25,144.8
-27.0,132.5,134.3
-27.0,132.75,127.6
-27.0,133.0,124.9
-27.0,133.25,120.4
-27.0,133.5,120.1
-27.0,133.75,120.5
-27.0,134.0,121.7
-27.0,134.25,104.9
-27.0,134.5,83.9
-27.0,134.75,65.4
-27.0,135.0,46.2
-27.0,135.25,31.4
-27.0,135.5,29.3
-27.0,135.75,29.2
-27.0,136.0,17.7
-27.0,136.25,2.9
-27.0,136.5,3.1
-27.0,136.75,0.0
-27.0,137.0,0.0
-27.0,137.25,0.0
-27.0,137.5,0.0
-27.0,137.75,0.0
-27.0,138.0,0.0
-27.0,138.25,0.0
-27.0,138.5,9.2
-27.0,138.75,31.6
-27.0,139.0,44.0
-27.0,139.25,61.2
-27.0,139.5,36.7
-27.0,139.75,12.2
-27.0,140.0,0.0
-27.0,140.25,0.0
-27.0,140.5,0.0
-27.0,140.75,0.0
-27.0,141.0,0.0
-27.0,141.25,24.6
-27.0,141.5,49.1
-27.0,141.75,73.6
-27.0,142.0,98.1
-27.0,142.25,122.6
-27.0,142.5,147.1
-27.0,142.75,171.6
-27.0,143.0,155.3
-27.0,143.25,138.5
-27.0,143.5,124.1
-27.0,143.75,113.3
-27.0,144.0,106.7
-27.0,144.25,104.8
-27.0,144.5,107.7
-27.0,144.75,100.6
-27.0,145.0,96.1
-27.0,145.25,97.3
-27.0,145.5,104.4
-27.0,145.75,116.2
-27.0,146.0,113.9
-27.0,146.25,93.1
-27.0,146.5,74.7
-27.0,146.75,60.8
-27.0,147.0,54.8
-27.0,147.25,55.1
-27.0,147.5,65.1
-27.0,147.75,70.9
-27.0,148.0,78.2
-27.0,148.25,91.6
-27.0,148.5,108.9
-27.0,148.75,96.3
-27.0,149.0,73.5
-27.0,149.25,52.3
-27.0,149.5,35.7
-27.0,149.75,31.6
-27.0,150.0,41.4
-27.0,150.25,60.2
-27.0,150.5,69.0
-27.0,150.75,50.1
-27.0,151.0,38.1
-27.0,151.25,29.9
-27.0,151.5,10.8
-27.0,151.75,8.0
-27.0,152.0,21.3
-27.0,152.25,26.3
-27.0,152.5,12.1
-27.0,152.75,7.6
-27.0,153.0,6.3
-27.0,153.25,7.5
-27.0,153.5,5.1
-27.25,113.75,19.5
-27.25,114.0,2.2
-27.25,114.25,5.5
-27.25,114.5,16.6
-27.25,114.75,5.9
-27.25,115.0,0.0
-27.25,115.25,3.6
-27.25,115.5,18.1
-27.25,115.75,42.4
-27.25,116.0,66.8
-27.25,116.25,91.2
-27.25,116.5,114.2
-27.25,116.75,137.3
-27.25,117.0,160.7
-27.25,117.25,184.5
-27.25,117.5,208.4
-27.25,117.75,230.5
-27.25,118.0,249.3
-27.25,118.25,228.7
-27.25,118.5,204.3
-27.25,118.75,179.8
-27.25,119.0,155.5
-27.25,119.25,131.1
-27.25,119.5,106.7
-27.25,119.75,82.4
-27.25,120.0,58.2
-27.25,120.25,34.4
-27.25,120.5,10.8
-27.25,120.75,0.8
-27.25,121.0,13.9
-27.25,121.25,38.4
-27.25,121.5,62.8
-27.25,121.75,78.0
-27.25,122.0,53.7
-27.25,122.25,29.4
-27.25,122.5,6.8
-27.25,122.75,5.0
-27.25,123.0,14.2
-27.25,123.25,38.1
-27.25,123.5,62.4
-27.25,123.75,64.9
-27.25,124.0,59.7
-27.25,124.25,59.7
-27.25,124.5,59.7
-27.25,124.75,60.2
-27.25,125.0,68.0
-27.25,125.25,82.5
-27.25,125.5,84.0
-27.25,125.75,84.0
-27.25,126.0,84.0
-27.25,126.25,84.0
-27.25,126.5,84.0
-27.25,126.75,87.4
-27.25,127.0,97.0
-27.25,127.25,111.3
-27.25,127.5,128.6
-27.25,127.75,147.9
-27.25,128.0,137.7
-27.25,128.25,121.7
-27.25,128.5,108.7
-27.25,128.75,100.2
-27.25,129.0,97.1
-27.25,129.25,97.3
-27.25,129.5,97.4
-27.25,129.75,97.4
-27.25,130.0,97.4
-27.25,130.25,97.4
-27.25,130.5,97.2
-27.25,130.75,97.3
-27.25,131.0,97.2
-27.25,131.25,100.2
-27.25,131.5,108.7
-27.25,131.75,121.6
-27.25,132.0,137.3
-27.25,132.25,121.3
-27.25,132.5,108.6
-27.25,132.75,100.2
-27.25,133.0,97.3
-27.25,133.25,92.5
-27.25,133.5,92.1
-27.25,133.75,92.4
-27.25,134.0,93.9
-27.25,134.25,101.0
-27.25,134.5,102.3
-27.25,134.75,83.1
-27.25,135.0,67.6
-27.25,135.25,58.5
-27.25,135.5,57.4
-27.25,135.75,52.1
-27.25,136.0,35.5
-27.25,136.25,30.9
-27.25,136.5,22.4
-27.25,136.75,3.3
-27.25,137.0,0.0
-27.25,137.25,0.0
-27.25,137.5,0.0
-27.25,137.75,0.0
-27.25,138.0,0.0
-27.25,138.25,0.0
-27.25,138.5,9.3
-27.25,138.75,33.7
-27.25,139.0,58.2
-27.25,139.25,60.8
-27.25,139.5,36.4
-27.25,139.75,11.9
-27.25,140.0,0.0
-27.25,140.25,0.0
-27.25,140.5,0.0
-27.25,140.75,0.0
-27.25,141.0,0.0
-27.25,141.25,24.5
-27.25,141.5,49.0
-27.25,141.75,73.4
-27.25,142.0,97.9
-27.25,142.25,122.3
-27.25,142.5,146.8
-27.25,142.75,158.4
-27.25,143.0,137.7
-27.25,143.25,118.3
-27.25,143.5,101.2
-27.25,143.75,87.6
-27.25,144.0,79.2
-27.25,144.25,76.7
-27.25,144.5,80.6
-27.25,144.75,91.1
-27.25,145.0,106.2
-27.25,145.25,124.3
-27.25,145.5,130.6
-27.25,145.75,140.4
-27.25,146.0,129.7
-27.25,146.25,111.9
-27.25,146.5,97.1
-27.25,146.75,86.9
-27.25,147.0,69.8
-27.25,147.25,52.7
-27.25,147.5,42.3
-27.25,147.75,43.3
-27.25,148.0,54.4
-27.25,148.25,72.1
-27.25,148.5,90.6
-27.25,148.75,91.1
-27.25,149.0,66.7
-27.25,149.25,42.2
-27.25,149.5,17.9
-27.25,149.75,4.2
-27.25,150.0,27.0
-27.25,150.25,51.3
-27.25,150.5,58.9
-27.25,150.75,35.0
-27.25,151.0,12.9
-27.25,151.25,15.5
-27.25,151.5,36.5
-27.25,151.75,31.4
-27.25,152.0,7.0
-27.25,152.25,11.6
-27.25,152.5,18.3
-27.25,152.75,5.0
-27.25,153.0,19.5
-27.25,153.25,12.6
-27.25,153.5,8.0
-27.5,113.75,36.8
-27.5,114.0,26.4
-27.5,114.25,6.0
-27.5,114.5,0.0
-27.5,114.75,12.8
-27.5,115.0,24.3
-27.5,115.25,24.6
-27.5,115.5,36.4
-27.5,115.75,52.8
-27.5,116.0,73.8
-27.5,116.25,96.4
-27.5,116.5,115.8
-27.5,116.75,135.1
-27.5,117.0,155.5
-27.5,117.25,175.8
-27.5,117.5,193.7
-27.5,117.75,212.8
-27.5,118.0,232.9
-27.5,118.25,228.2
-27.5,118.5,203.8
-27.5,118.75,179.4
-27.5,119.0,155.0
-27.5,119.25,130.6
-27.5,119.5,106.3
-27.5,119.75,81.9
-27.5,120.0,57.7
-27.5,120.25,33.6
-27.5,120.5,11.1
-27.5,120.75,3.2
-27.5,121.0,16.6
-27.5,121.25,40.0
-27.5,121.5,64.0
-27.5,121.75,77.7
-27.5,122.0,53.3
-27.5,122.25,28.9
-27.5,122.5,4.5
-27.5,122.75,0.0
-27.5,123.0,13.3
-27.5,123.25,37.7
-27.5,123.5,58.8
-27.5,123.75,40.6
-27.5,124.0,31.7
-27.5,124.25,31.7
-27.5,124.5,31.7
-27.5,124.75,32.7
-27.5,125.0,45.4
-27.5,125.25,61.1
-27.5,125.5,55.9
-27.5,125.75,56.0
-27.5,126.0,55.9
-27.5,126.25,56.0
-27.5,126.5,55.9
-27.5,126.75,61.0
-27.5,127.0,74.1
-27.5,127.25,91.9
-27.5,127.5,112.2
-27.5,127.75,133.8
-27.5,128.0,119.5
-27.5,128.25,100.6
-27.5,128.5,84.6
-27.5,128.75,73.3
-27.5,129.0,69.1
-27.5,129.25,69.2
-27.5,129.5,69.3
-27.5,129.75,69.4
-27.5,130.0,69.4
-27.5,130.25,69.3
-27.5,130.5,69.2
-27.5,130.75,69.2
-27.5,131.0,69.2
-27.5,131.25,73.3
-27.5,131.5,84.5
-27.5,131.75,100.5
-27.5,132.0,119.0
-27.5,132.25,100.2
-27.5,132.5,84.3
-27.5,132.75,73.2
-27.5,133.0,69.3
-27.5,133.25,64.7
-27.5,133.5,64.0
-27.5,133.75,64.4
-27.5,134.0,66.5
-27.5,134.25,76.1
-27.5,134.5,91.4
-27.5,134.75,104.5
-27.5,135.0,92.6
-27.5,135.25,86.2
-27.5,135.5,85.4
-27.5,135.75,72.3
-27.5,136.0,61.4
-27.5,136.25,52.3
-27.5,136.5,27.9
-27.5,136.75,3.5
-27.5,137.0,0.0
-27.5,137.25,0.0
-27.5,137.5,0.0
-27.5,137.75,0.0
-27.5,138.0,0.0
-27.5,138.25,10.4
-27.5,138.5,13.8
-27.5,138.75,35.3
-27.5,139.0,59.0
-27.5,139.25,60.4
-27.5,139.5,36.0
-27.5,139.75,11.6
-27.5,140.0,0.0
-27.5,140.25,0.0
-27.5,140.5,0.0
-27.5,140.75,0.0
-27.5,141.0,0.0
-27.5,141.25,24.4
-27.5,141.5,48.8
-27.5,141.75,73.2
-27.5,142.0,97.6
-27.5,142.25,122.0
-27.5,142.5,146.4
-27.5,142.75,146.5
-27.5,143.0,123.9
-27.5,143.25,102.1
-27.5,143.5,81.6
-27.5,143.75,64.1
-27.5,144.0,52.2
-27.5,144.25,48.7
-27.5,144.5,54.6
-27.5,144.75,69.1
-27.5,145.0,88.1
-27.5,145.25,109.2
-27.5,145.5,131.4
-27.5,145.75,148.3
-27.5,146.0,149.1
-27.5,146.25,126.3
-27.5,146.5,102.4
-27.5,146.75,78.8
-27.5,147.0,55.4
-27.5,147.25,33.3
-27.5,147.5,15.7
-27.5,147.75,17.3
-27.5,148.0,35.0
-27.5,148.25,55.0
-27.5,148.5,77.6
-27.5,148.75,77.2
-27.5,149.0,62.5
-27.5,149.25,48.6
-27.5,149.5,29.3
-27.5,149.75,22.4
-27.5,150.0,35.0
-27.5,150.25,33.2
-27.5,150.5,46.2
-27.5,150.75,35.9
-27.5,151.0,16.5
-27.5,151.25,17.9
-27.5,151.5,38.4
-27.5,151.75,39.6
-27.5,152.0,22.2
-27.5,152.25,15.4
-27.5,152.5,21.5
-27.5,152.75,8.2
-27.5,153.0,21.2
-27.5,153.25,14.2
-27.5,153.5,1.5
-27.75,113.75,36.0
-27.75,114.0,12.3
-27.75,114.25,0.0
-27.75,114.5,0.0
-27.75,114.75,7.7
-27.75,115.0,31.6
-27.75,115.25,30.3
-27.75,115.5,34.9
-27.75,115.75,47.5
-27.75,116.0,61.4
-27.75,116.25,79.2
-27.75,116.5,99.4
-27.75,116.75,120.3
-27.75,117.0,138.7
-27.75,117.25,157.0
-27.75,117.5,176.8
-27.75,117.75,197.5
-27.75,118.0,211.4
-27.75,118.25,209.2
-27.75,118.5,206.5
-27.75,118.75,182.5
-27.75,119.0,158.6
-27.75,119.25,135.0
-27.75,119.5,111.6
-27.75,119.75,88.9
-27.75,120.0,67.2
-27.75,120.25,47.7
-27.75,120.5,32.0
-27.75,120.75,29.1
-27.75,121.0,38.1
-27.75,121.25,52.7
-27.75,121.5,72.8
-27.75,121.75,82.2
-27.75,122.0,59.7
-27.75,122.25,39.5
-27.75,122.5,27.3
-27.75,122.75,26.9
-27.75,123.0,30.0
-27.75,123.25,46.3
-27.75,123.5,48.6
-27.75,123.75,24.6
-27.75,124.0,3.7
-27.75,124.25,3.6
-27.75,124.5,3.6
-27.75,124.75,9.0
-27.75,125.0,32.7
-27.75,125.25,37.1
-27.75,125.5,27.9
-27.75,125.75,27.9
-27.75,126.0,27.9
-27.75,126.25,28.0
-27.75,126.5,27.9
-27.75,126.75,36.9
-27.75,127.0,55.9
-27.75,127.25,78.0
-27.75,127.5,101.1
-27.75,127.75,124.6
-27.75,128.0,105.7
-27.75,128.25,83.8
-27.75,128.5,63.7
-27.75,128.75,47.8
-27.75,129.0,41.1
-27.75,129.25,41.2
-27.75,129.5,41.3
-27.75,129.75,41.3
-27.75,130.0,41.3
-27.75,130.25,41.3
-27.75,130.5,41.1
-27.75,130.75,41.2
-27.75,131.0,41.2
-27.75,131.25,47.7
-27.75,131.5,63.6
-27.75,131.75,83.6
-27.75,132.0,105.0
-27.75,132.25,83.2
-27.75,132.5,63.3
-27.75,132.75,47.5
-27.75,133.0,41.2
-27.75,133.25,37.3
-27.75,133.5,36.0
-27.75,133.75,36.3
-27.75,134.0,39.8
-27.75,134.25,54.4
-27.75,134.5,74.2
-27.75,134.75,96.1
-27.75,135.0,118.9
-27.75,135.25,114.1
-27.75,135.5,109.3
-27.75,135.75,96.5
-27.75,136.0,77.7
-27.75,136.25,55.3
-27.75,136.5,33.3
-27.75,136.75,16.8
-27.75,137.0,11.0
-27.75,137.25,16.3
-27.75,137.5,21.4
-27.75,137.75,24.3
-27.75,138.0,24.5
-27.75,138.25,29.3
-27.75,138.5,39.3
-27.75,138.75,51.0
-27.75,139.0,69.5
-27.75,139.25,62.7
-27.75,139.5,39.9
-27.75,139.75,20.8
-27.75,140.0,17.2
-27.75,140.25,0.7
-27.75,140.5,0.0
-27.75,140.75,0.0
-27.75,141.0,0.0
-27.75,141.25,24.4
-27.75,141.5,48.7
-27.75,141.75,73.1
-27.75,142.0,97.4
-27.75,142.25,121.8
-27.75,142.5,146.1
-27.75,142.75,139.4
-27.75,143.0,115.4
-27.75,143.25,91.6
-27.75,143.5,68.2
-27.75,143.75,45.8
-27.75,144.0,26.9
-27.75,144.25,20.6
-27.75,144.5,32.1
-27.75,144.75,53.1
-27.75,145.0,76.1
-27.75,145.25,99.8
-27.75,145.5,111.7
-27.75,145.75,125.7
-27.75,146.0,139.1
-27.75,146.25,124.1
-27.75,146.5,99.8
-27.75,146.75,75.5
-27.75,147.0,51.2
-27.75,147.25,27.1
-27.75,147.5,5.5
-27.75,147.75,0.9
-27.75,148.0,25.0
-27.75,148.25,49.3
-27.75,148.5,73.6
-27.75,148.75,60.5
-27.75,149.0,40.2
-27.75,149.25,27.2
-27.75,149.5,30.6
-27.75,149.75,27.3
-27.75,150.0,8.7
-27.75,150.25,9.5
-27.75,150.5,31.3
-27.75,150.75,39.3
-27.75,151.0,30.7
-27.75,151.25,37.8
-27.75,151.5,55.0
-27.75,151.75,49.8
-27.75,152.0,25.8
-27.75,152.25,5.6
-27.75,152.5,20.8
-27.75,152.75,28.5
-27.75,153.0,15.1
-27.75,153.25,10.4
-27.75,153.5,5.8
-27.75,153.75,30.0
-28.0,114.0,19.1
-28.0,114.25,11.7
-28.0,114.5,8.0
-28.0,114.75,21.1
-28.0,115.0,16.3
-28.0,115.25,3.1
-28.0,115.5,10.8
-28.0,115.75,24.3
-28.0,116.0,43.5
-28.0,116.25,64.2
-28.0,116.5,85.5
-28.0,116.75,101.8
-28.0,117.0,120.8
-28.0,117.25,141.4
-28.0,117.5,162.9
-28.0,117.75,185.2
-28.0,118.0,183.7
-28.0,118.25,181.1
-28.0,118.5,180.8
-28.0,118.75,182.4
-28.0,119.0,167.0
-28.0,119.25,144.8
-28.0,119.5,123.3
-28.0,119.75,103.2
-28.0,120.0,84.4
-28.0,120.25,68.4
-28.0,120.5,58.6
-28.0,120.75,57.1
-28.0,121.0,63.2
-28.0,121.25,74.3
-28.0,121.5,89.6
-28.0,121.75,95.1
-28.0,122.0,76.5
-28.0,122.25,62.1
-28.0,122.5,55.2
-28.0,122.75,55.0
-28.0,123.0,56.6
-28.0,123.25,66.6
-28.0,123.5,48.2
-28.0,123.75,23.9
-28.0,124.0,0.0
-28.0,124.25,0.0
-28.0,124.5,0.0
-28.0,124.75,8.2
-28.0,125.0,32.5
-28.0,125.25,24.4
-28.0,125.5,0.1
-28.0,125.75,0.0
-28.0,126.0,0.0
-28.0,126.25,0.0
-28.0,126.5,0.0
-28.0,126.75,24.2
-28.0,127.0,48.4
-28.0,127.25,72.7
-28.0,127.5,97.0
-28.0,127.75,112.2
-28.0,128.0,98.1
-28.0,128.25,74.1
-28.0,128.5,50.4
-28.0,128.75,27.7
-28.0,129.0,13.0
-28.0,129.25,13.1
-28.0,129.5,13.2
-28.0,129.75,13.3
-28.0,130.0,13.3
-28.0,130.25,13.2
-28.0,130.5,13.1
-28.0,130.75,13.1
-28.0,131.0,13.1
-28.0,131.25,27.5
-28.0,131.5,50.2
-28.0,131.75,73.9
-28.0,132.0,97.4
-28.0,132.25,73.4
-28.0,132.5,49.7
-28.0,132.75,27.1
-28.0,133.0,13.2
-28.0,133.25,13.0
-28.0,133.5,8.0
-28.0,133.75,8.3
-28.0,134.0,18.1
-28.0,134.25,41.1
-28.0,134.5,65.1
-28.0,134.75,89.2
-28.0,135.0,113.4
-28.0,135.25,137.7
-28.0,135.5,122.0
-28.0,135.75,97.7
-28.0,136.0,73.4
-28.0,136.25,49.1
-28.0,136.5,24.9
-28.0,136.75,1.7
-28.0,137.0,0.0
-28.0,137.25,0.0
-28.0,137.5,6.2
-28.0,137.75,6.3
-28.0,138.0,6.4
-28.0,138.25,4.3
-28.0,138.5,26.0
-28.0,138.75,48.7
-28.0,139.0,58.0
-28.0,139.25,52.0
-28.0,139.5,36.5
-28.0,139.75,21.1
-28.0,140.0,21.5
-28.0,140.25,23.2
-28.0,140.5,2.2
-28.0,140.75,0.0
-28.0,141.0,0.0
-28.0,141.25,24.3
-28.0,141.5,48.6
-28.0,141.75,72.9
-28.0,142.0,97.2
-28.0,142.25,114.6
-28.0,142.5,122.0
-28.0,142.75,133.4
-28.0,143.0,111.7
-28.0,143.25,87.6
-28.0,143.5,63.4
-28.0,143.75,39.3
-28.0,144.0,15.2
-28.0,144.25,1.1
-28.0,144.5,25.3
-28.0,144.75,49.4
-28.0,145.0,68.6
-28.0,145.25,75.5
-28.0,145.5,88.6
-28.0,145.75,105.8
-28.0,146.0,116.7
-28.0,146.25,102.5
-28.0,146.5,92.5
-28.0,146.75,82.2
-28.0,147.0,60.7
-28.0,147.25,39.4
-28.0,147.5,20.1
-28.0,147.75,15.3
-28.0,148.0,30.7
-28.0,148.25,53.2
-28.0,148.5,76.8
-28.0,148.75,54.2
-28.0,149.0,30.0
-28.0,149.25,5.8
-28.0,149.5,15.1
-28.0,149.75,32.2
-28.0,150.0,15.7
-28.0,150.25,20.9
-28.0,150.5,31.7
-28.0,150.75,24.6
-28.0,151.0,2.7
-28.0,151.25,20.3
-28.0,151.5,43.8
-28.0,151.75,52.5
-28.0,152.0,29.7
-28.0,152.25,7.2
-28.0,152.5,3.6
-28.0,152.75,11.8
-28.0,153.0,17.4
-28.0,153.25,6.7
-28.0,153.5,11.2
-28.0,153.75,32.8
-28.25,114.25,39.1
-28.25,114.5,35.8
-28.25,114.75,37.1
-28.25,115.0,13.8
-28.25,115.25,0.4
-28.25,115.5,8.7
-28.25,115.75,9.1
-28.25,116.0,33.4
-28.25,116.25,48.6
-28.25,116.5,65.1
-28.25,116.75,85.3
-28.25,117.0,107.2
-28.25,117.25,129.9
-28.25,117.5,150.8
-28.25,117.75,162.8
-28.25,118.0,156.2
-28.25,118.25,153.1
-28.25,118.5,152.8
-28.25,118.75,154.6
-28.25,119.0,160.1
-28.25,119.25,158.9
-28.25,119.5,139.7
-28.25,119.75,121.3
-28.25,120.0,105.3
-28.25,120.25,93.1
-28.25,120.5,86.1
-28.25,120.75,85.1
-28.25,121.0,89.3
-28.25,121.25,99.2
-28.25,121.5,111.1
-28.25,121.75,113.6
-28.25,122.0,98.6
-28.25,122.25,87.9
-28.25,122.5,83.2
-28.25,122.75,83.0
-28.25,123.0,84.1
-28.25,123.25,74.8
-28.25,123.5,51.7
-28.25,123.75,30.5
-28.25,124.0,7.6
-28.25,124.25,2.0
-28.25,124.5,0.0
-28.25,124.75,8.2
-28.25,125.0,32.4
-28.25,125.25,24.4
-28.25,125.5,0.1
-28.25,125.75,0.0
-28.25,126.0,0.0
-28.25,126.25,0.0
-28.25,126.5,0.0
-28.25,126.75,24.1
-28.25,127.0,48.3
-28.25,127.25,72.6
-28.25,127.5,84.1
-28.25,127.75,84.2
-28.25,128.0,84.3
-28.25,128.25,72.9
-28.25,128.5,48.6
-28.25,128.75,24.4
-28.25,129.0,0.2
-28.25,129.25,0.0
-28.25,129.5,0.0
-28.25,129.75,0.0
-28.25,130.0,0.0
-28.25,130.25,0.0
-28.25,130.5,0.0
-28.25,130.75,0.0
-28.25,131.0,0.0
-28.25,131.25,24.1
-28.25,131.5,48.3
-28.25,131.75,72.6
-28.25,132.0,96.4
-28.25,132.25,72.2
-28.25,132.5,47.9
-28.25,132.75,23.7
-28.25,133.0,0.0
-28.25,133.25,0.0
-28.25,133.5,0.0
-28.25,133.75,0.0
-28.25,134.0,15.8
-28.25,134.25,40.0
-28.25,134.5,64.3
-28.25,134.75,88.5
-28.25,135.0,112.7
-28.25,135.25,137.0
-28.25,135.5,125.6
-28.25,135.75,102.2
-28.25,136.0,79.4
-28.25,136.25,57.5
-28.25,136.5,38.7
-28.25,136.75,19.2
-28.25,137.0,0.0
-28.25,137.25,0.0
-28.25,137.5,0.0
-28.25,137.75,0.0
-28.25,138.0,0.0
-28.25,138.25,0.0
-28.25,138.5,22.6
-28.25,138.75,46.8
-28.25,139.0,31.6
-28.25,139.25,29.7
-28.25,139.5,15.0
-28.25,139.75,0.0
-28.25,140.0,0.0
-28.25,140.25,8.6
-28.25,140.5,11.5
-28.25,140.75,0.0
-28.25,141.0,0.1
-28.25,141.25,24.3
-28.25,141.5,48.5
-28.25,141.75,72.8
-28.25,142.0,84.0
-28.25,142.25,87.4
-28.25,142.5,96.8
-28.25,142.75,110.8
-28.25,143.0,112.7
-28.25,143.25,88.9
-28.25,143.5,65.4
-28.25,143.75,42.6
-28.25,144.0,23.3
-28.25,144.25,19.1
-28.25,144.5,32.5
-28.25,144.75,38.1
-28.25,145.0,40.9
-28.25,145.25,51.6
-28.25,145.5,69.4
-28.25,145.75,90.3
-28.25,146.0,97.2
-28.25,146.25,79.6
-28.25,146.5,66.3
-28.25,146.75,60.2
-28.25,147.0,62.3
-28.25,147.25,57.1
-28.25,147.5,46.1
-28.25,147.75,43.2
-28.25,148.0,50.7
-28.25,148.25,66.7
-28.25,148.5,83.6
-28.25,148.75,61.3
-28.25,149.0,41.4
-28.25,149.25,28.4
-28.25,149.5,31.5
-28.25,149.75,48.3
-28.25,150.0,43.3
-28.25,150.25,25.1
-28.25,150.5,3.7
-28.25,150.75,21.3
-28.25,151.0,18.1
-28.25,151.25,25.8
-28.25,151.5,46.5
-28.25,151.75,41.2
-28.25,152.0,28.0
-28.25,152.25,6.3
-28.25,152.5,0.0
-28.25,152.75,1.8
-28.25,153.0,6.0
-28.25,153.25,0.0
-28.25,153.5,7.4
-28.25,153.75,18.2
-28.5,114.25,66.5
-28.5,114.5,62.9
-28.5,114.75,39.0
-28.5,115.0,15.9
-28.5,115.25,0.0
-28.5,115.5,0.0
-28.5,115.75,16.8
-28.5,116.0,12.5
-28.5,116.25,29.4
-28.5,116.5,52.3
-28.5,116.75,75.9
-28.5,117.0,98.8
-28.5,117.25,113.8
-28.5,117.5,131.5
-28.5,117.75,136.7
-28.5,118.0,128.8
-28.5,118.25,125.1
-28.5,118.5,124.8
-28.5,118.75,127.0
-28.5,119.0,133.6
-28.5,119.25,144.0
-28.5,119.5,146.8
-28.5,119.75,142.3
-28.5,120.0,129.0
-28.5,120.25,119.2
-28.5,120.5,113.9
-28.5,120.75,113.1
-28.5,121.0,107.5
-28.5,121.25,100.9
-28.5,121.5,99.8
-28.5,121.75,104.1
-28.5,122.0,113.5
-28.5,122.25,114.8
-28.5,122.5,111.2
-28.5,122.75,111.1
-28.5,123.0,107.3
-28.5,123.25,85.4
-28.5,123.5,63.4
-28.5,123.75,43.6
-28.5,124.0,30.9
-28.5,124.25,30.0
-28.5,124.5,27.5
-28.5,124.75,28.7
-28.5,125.0,42.5
-28.5,125.25,24.3
-28.5,125.5,0.1
-28.5,125.75,0.0
-28.5,126.0,0.0
-28.5,126.25,0.0
-28.5,126.5,0.0
-28.5,126.75,24.0
-28.5,127.0,48.2
-28.5,127.25,56.8
-28.5,127.5,56.0
-28.5,127.75,56.2
-28.5,128.0,56.2
-28.5,128.25,56.2
-28.5,128.5,48.5
-28.5,128.75,24.3
-28.5,129.0,0.2
-28.5,129.25,0.0
-28.5,129.5,0.0
-28.5,129.75,0.0
-28.5,130.0,0.0
-28.5,130.25,0.0
-28.5,130.5,0.0
-28.5,130.75,0.0
-28.5,131.0,0.0
-28.5,131.25,24.1
-28.5,131.5,48.2
-28.5,131.75,72.4
-28.5,132.0,96.3
-28.5,132.25,72.1
-28.5,132.5,47.9
-28.5,132.75,23.7
-28.5,133.0,0.0
-28.5,133.25,0.0
-28.5,133.5,0.0
-28.5,133.75,0.0
-28.5,134.0,15.5
-28.5,134.25,39.7
-28.5,134.5,63.9
-28.5,134.75,88.1
-28.5,135.0,112.3
-28.5,135.25,136.4
-28.5,135.5,133.7
-28.5,135.75,109.7
-28.5,136.0,85.9
-28.5,136.25,61.7
-28.5,136.5,37.6
-28.5,136.75,13.5
-28.5,137.0,0.0
-28.5,137.5,0.0
-28.5,137.75,0.0
-28.5,138.0,0.0
-28.5,138.25,0.0
-28.5,138.5,22.4
-28.5,138.75,34.8
-28.5,139.0,11.0
-28.5,139.25,7.5
-28.5,139.5,4.6
-28.5,139.75,0.0
-28.5,140.0,0.0
-28.5,140.25,15.9
-28.5,140.5,21.2
-28.5,140.75,4.4
-28.5,141.0,4.5
-28.5,141.25,24.7
-28.5,141.5,48.6
-28.5,141.75,56.0
-28.5,142.0,56.0
-28.5,142.25,60.9
-28.5,142.5,73.8
-28.5,142.75,88.2
-28.5,143.0,102.7
-28.5,143.25,94.0
-28.5,143.5,70.7
-28.5,143.75,48.3
-28.5,144.0,27.9
-28.5,144.25,16.8
-28.5,144.5,21.9
-28.5,144.75,10.0
-28.5,145.0,14.6
-28.5,145.25,34.6
-28.5,145.5,57.9
-28.5,145.75,81.7
-28.5,146.0,82.8
-28.5,146.25,61.2
-28.5,146.5,42.6
-28.5,146.75,32.3
-28.5,147.0,35.1
-28.5,147.25,43.2
-28.5,147.5,52.9
-28.5,147.75,70.0
-28.5,148.0,76.0
-28.5,148.25,87.5
-28.5,148.5,96.7
-28.5,148.75,78.3
-28.5,149.0,63.8
-28.5,149.25,55.9
-28.5,149.5,57.6
-28.5,149.75,57.9
-28.5,150.0,52.9
-28.5,150.25,32.2
-28.5,150.5,21.0
-28.5,150.75,29.6
-28.5,151.0,45.9
-28.5,151.25,48.3
-28.5,151.5,34.5
-28.5,151.75,29.3
-28.5,152.0,5.2
-28.5,152.25,6.6
-28.5,152.5,3.4
-28.5,152.75,0.0
-28.5,153.0,8.2
-28.5,153.25,0.7
-28.5,153.5,2.2
-28.5,153.75,19.1
-28.75,114.5,56.1
-28.75,114.75,34.6
-28.75,115.0,20.1
-28.75,115.25,6.4
-28.75,115.5,12.3
-28.75,115.75,15.5
-28.75,116.0,13.1
-28.75,116.25,29.5
-28.75,116.5,52.2
-28.75,116.75,62.4
-28.75,117.0,76.8
-28.75,117.25,95.3
-28.75,117.5,115.8
-28.75,117.75,111.7
-28.75,118.0,101.9
-28.75,118.25,97.1
-28.75,118.5,96.7
-28.75,118.75,99.6
-28.75,119.0,107.8
-28.75,119.25,120.4
-28.75,119.5,118.8
-28.75,119.75,118.8
-28.75,120.0,120.3
-28.75,120.25,125.8
-28.75,120.5,113.8
-28.75,120.75,96.3
-28.75,121.0,82.2
-28.75,121.25,73.4
-28.75,121.5,71.8
-28.75,121.75,77.7
-28.75,122.0,89.8
-28.75,122.25,106.1
-28.75,122.5,124.9
-28.75,122.75,139.1
-28.75,123.0,119.2
-28.75,123.25,98.8
-28.75,123.5,80.5
-28.75,123.75,66.1
-28.75,124.0,58.5
-28.75,124.25,57.5
-28.75,124.5,55.5
-28.75,124.75,56.1
-28.75,125.0,49.3
-28.75,125.25,26.1
-28.75,125.5,9.5
-28.75,125.75,9.5
-28.75,126.0,9.5
-28.75,126.25,9.5
-28.75,126.5,9.5
-28.75,126.75,25.8
-28.75,127.0,43.8
-28.75,127.25,29.5
-28.75,127.5,28.0
-28.75,127.75,28.1
-28.75,128.0,28.2
-28.75,128.25,28.2
-28.75,128.5,28.1
-28.75,128.75,24.3
-28.75,129.0,0.2
-28.75,129.25,0.0
-28.75,129.5,0.0
-28.75,129.75,0.2
-28.75,130.0,0.2
-28.75,130.25,0.2
-28.75,130.5,0.2
-28.75,130.75,0.2
-28.75,131.0,0.2
-28.75,131.25,24.0
-28.75,131.5,48.1
-28.75,131.75,72.2
-28.75,132.0,96.2
-28.75,132.25,72.0
-28.75,132.5,47.9
-28.75,132.75,23.8
-28.75,133.0,0.0
-28.75,133.25,0.0
-28.75,133.5,0.0
-28.75,133.75,0.0
-28.75,134.0,15.3
-28.75,134.25,39.4
-28.75,134.5,63.5
-28.75,134.75,87.7
-28.75,135.0,111.8
-28.75,135.25,135.9
-28.75,135.5,132.0
-28.75,135.75,107.9
-28.75,136.0,83.8
-28.75,136.25,59.7
-28.75,136.5,35.5
-28.75,136.75,11.5
-28.75,137.0,0.0
-28.75,137.75,0.0
-28.75,138.0,5.1
-28.75,138.25,26.5
-28.75,138.5,34.7
-28.75,138.75,34.3
-28.75,139.0,10.1
-28.75,139.25,0.0
-28.75,139.5,0.0
-28.75,139.75,0.0
-28.75,140.0,0.0
-28.75,140.25,0.0
-28.75,140.5,16.9
-28.75,140.75,32.4
-28.75,141.0,27.9
-28.75,141.25,27.9
-28.75,141.5,27.9
-28.75,141.75,27.9
-28.75,142.0,27.9
-28.75,142.25,36.8
-28.75,142.5,52.1
-28.75,142.75,65.7
-28.75,143.0,84.1
-28.75,143.25,91.6
-28.75,143.5,67.6
-28.75,143.75,43.5
-28.75,144.0,19.6
-28.75,144.25,0.0
-28.75,144.5,0.0
-28.75,144.75,0.0
-28.75,145.0,12.0
-28.75,145.25,35.1
-28.75,145.5,58.7
-28.75,145.75,82.3
-28.75,146.0,76.1
-28.75,146.25,52.2
-28.75,146.5,28.3
-28.75,146.75,5.6
-28.75,147.0,7.3
-28.75,147.25,16.3
-28.75,147.5,34.1
-28.75,147.75,56.2
-28.75,148.0,78.5
-28.75,148.25,101.6
-28.75,148.5,115.3
-28.75,148.75,100.4
-28.75,149.0,86.2
-28.75,149.25,64.1
-28.75,149.5,44.0
-28.75,149.75,30.5
-28.75,150.0,32.5
-28.75,150.25,47.9
-28.75,150.5,41.8
-28.75,150.75,43.0
-28.75,151.0,55.3
-28.75,151.25,34.3
-28.75,151.5,12.4
-28.75,151.75,5.6
-28.75,152.0,3.9
-28.75,152.25,7.1
-28.75,152.5,1.8
-28.75,152.75,0.0
-28.75,153.0,10.5
-28.75,153.25,10.1
-28.75,153.5,7.3
-28.75,153.75,17.6
-29.0,114.5,52.5
-29.0,114.75,28.5
-29.0,115.0,4.8
-29.0,115.25,10.7
-29.0,115.5,4.7
-29.0,115.75,17.8
-29.0,116.0,28.9
-29.0,116.25,27.3
-29.0,116.5,27.4
-29.0,116.75,40.0
-29.0,117.0,60.1
-29.0,117.25,82.3
-29.0,117.5,105.2
-29.0,117.75,88.4
-29.0,118.0,75.7
-29.0,118.25,69.2
-29.0,118.5,68.7
-29.0,118.75,72.6
-29.0,119.0,83.6
-29.0,119.25,94.2
-29.0,119.5,90.7
-29.0,119.75,90.7
-29.0,120.0,92.7
-29.0,120.25,98.6
-29.0,120.5,98.5
-29.0,120.75,77.7
-29.0,121.0,59.3
-29.0,121.25,46.4
-29.0,121.5,43.9
-29.0,121.75,53.0
-29.0,122.0,69.5
-29.0,122.25,89.6
-29.0,122.5,111.1
-29.0,122.75,133.5
-29.0,123.0,135.0
-29.0,123.25,117.4
-29.0,123.5,102.5
-29.0,123.75,91.7
-29.0,124.0,74.2
-29.0,124.25,54.8
-29.0,124.5,40.6
-29.0,124.75,37.3
-29.0,125.0,37.3
-29.0,125.25,37.3
-29.0,125.5,37.5
-29.0,125.75,37.5
-29.0,126.0,37.5
-29.0,126.25,37.5
-29.0,126.5,37.5
-29.0,126.75,32.8
-29.0,127.0,32.5
-29.0,127.25,9.6
-29.0,127.5,0.0
-29.0,127.75,0.1
-29.0,128.0,0.1
-29.0,128.25,0.1
-29.0,128.5,0.1
-29.0,128.75,0.0
-29.0,129.0,0.0
-29.0,129.25,0.0
-29.0,129.5,0.0
-29.0,129.75,23.8
-29.0,130.0,28.2
-29.0,130.25,28.2
-29.0,130.5,28.2
-29.0,130.75,28.2
-29.0,131.0,28.2
-29.0,131.25,37.0
-29.0,131.5,55.7
-29.0,131.75,77.5
-29.0,132.0,96.0
-29.0,132.25,72.0
-29.0,132.5,47.9
-29.0,132.75,23.8
-29.0,133.0,0.0
-29.0,133.25,0.0
-29.0,133.5,0.0
-29.0,133.75,0.0
-29.0,134.0,17.4
-29.0,134.25,41.5
-29.0,134.5,65.5
-29.0,134.75,89.5
-29.0,135.0,113.5
-29.0,135.25,137.3
-29.0,135.5,131.9
-29.0,135.75,109.6
-29.0,136.0,87.0
-29.0,136.25,63.2
-29.0,136.5,39.7
-29.0,136.75,17.3
-29.0,137.0,0.0
-29.0,137.25,4.3
-29.0,137.5,0.0
-29.0,137.75,2.2
-29.0,138.0,3.3
-29.0,138.25,19.8
-29.0,138.5,42.6
-29.0,138.75,41.4
-29.0,139.0,22.5
-29.0,139.25,5.5
-29.0,139.5,0.0
-29.0,139.75,0.0
-29.0,140.0,0.0
-29.0,140.25,0.0
-29.0,140.5,14.4
-29.0,140.75,24.0
-29.0,141.0,0.0
-29.0,141.25,0.0
-29.0,141.5,0.0
-29.0,141.75,0.0
-29.0,142.0,0.0
-29.0,142.25,19.5
-29.0,142.5,28.8
-29.0,142.75,49.3
-29.0,143.0,72.0
-29.0,143.25,91.1
-29.0,143.5,67.0
-29.0,143.75,42.9
-29.0,144.0,18.9
-29.0,144.25,0.1
-29.0,144.5,6.8
-29.0,144.75,19.5
-29.0,145.0,30.3
-29.0,145.25,46.2
-29.0,145.5,67.2
-29.0,145.75,89.4
-29.0,146.0,76.7
-29.0,146.25,53.4
-29.0,146.5,31.3
-29.0,146.75,16.2
-29.0,147.0,0.0
-29.0,147.25,2.1
-29.0,147.5,26.2
-29.0,147.75,50.2
-29.0,148.0,74.3
-29.0,148.25,98.3
-29.0,148.5,122.4
-29.0,148.75,104.5
-29.0,149.0,80.8
-29.0,149.25,56.8
-29.0,149.5,32.8
-29.0,149.75,8.9
-29.0,150.0,13.7
-29.0,150.25,35.7
-29.0,150.5,15.7
-29.0,150.75,18.4
-29.0,151.0,34.0
-29.0,151.25,28.5
-29.0,151.5,10.5
-29.0,151.75,13.3
-29.0,152.0,3.4
-29.0,152.25,7.1
-29.0,152.5,15.8
-29.0,152.75,2.3
-29.0,153.0,12.2
-29.0,153.25,7.1
-29.0,153.5,3.1
-29.0,153.75,25.6
-29.25,114.75,18.9
-29.25,115.0,7.1
-29.25,115.25,16.0
-29.25,115.5,9.4
-29.25,115.75,31.4
-29.25,116.0,9.6
-29.25,116.25,9.8
-29.25,116.5,5.8
-29.25,116.75,29.7
-29.25,117.0,53.7
-29.25,117.25,77.8
-29.25,117.5,77.2
-29.25,117.75,68.8
-29.25,118.0,51.5
-29.25,118.25,41.5
-29.25,118.5,40.6
-29.25,118.75,47.0
-29.25,119.0,62.6
-29.25,119.25,67.6
-29.25,119.5,62.7
-29.25,119.75,62.7
-29.25,120.0,65.5
-29.25,120.25,72.0
-29.25,120.5,83.9
-29.25,120.75,66.1
-29.25,121.0,43.2
-29.25,121.25,22.5
-29.25,121.5,16.7
-29.25,121.75,33.9
-29.25,122.0,56.1
-29.25,122.25,79.4
-29.25,122.5,103.0
-29.25,122.75,115.5
-29.25,123.0,110.2
-29.25,123.25,109.5
-29.25,123.5,109.5
-29.25,123.75,88.6
-29.25,124.0,64.8
-29.25,124.25,41.2
-29.25,124.5,18.6
-29.25,124.75,9.2
-29.25,125.0,9.3
-29.25,125.25,9.2
-29.25,125.5,12.1
-29.25,125.75,33.2
-29.25,126.0,56.6
-29.25,126.25,53.3
-29.25,126.5,29.5
-29.25,126.75,6.8
-29.25,127.0,4.4
-29.25,127.25,4.4
-29.25,127.5,0.0
-29.25,127.75,0.0
-29.25,128.0,0.0
-29.25,128.25,0.0
-29.25,128.5,0.0
-29.25,128.75,0.0
-29.25,129.0,0.0
-29.25,129.25,0.0
-29.25,129.5,0.0
-29.25,129.75,23.7
-29.25,130.0,47.8
-29.25,130.25,56.2
-29.25,130.5,56.2
-29.25,130.75,56.2
-29.25,131.0,56.2
-29.25,131.25,61.1
-29.25,131.5,73.9
-29.25,131.75,91.4
-29.25,132.0,95.9
-29.25,132.25,71.9
-29.25,132.5,47.9
-29.25,132.75,23.8
-29.25,133.0,0.0
-29.25,133.25,0.0
-29.25,133.5,0.0
-29.25,133.75,0.0
-29.25,134.0,16.4
-29.25,134.25,40.4
-29.25,134.5,64.4
-29.25,134.75,88.4
-29.25,135.0,112.4
-29.25,135.25,136.4
-29.25,135.5,125.0
-29.25,135.75,101.2
-29.25,136.0,77.7
-29.25,136.25,54.5
-29.25,136.5,32.5
-29.25,136.75,16.9
-29.25,137.0,11.8
-29.25,137.25,0.1
-29.25,137.5,0.0
-29.25,137.75,3.6
-29.25,138.0,13.6
-29.25,138.25,24.6
-29.25,138.5,45.0
-29.25,138.75,58.8
-29.25,139.0,38.4
-29.25,139.25,16.5
-29.25,139.5,0.0
-29.25,139.75,0.0
-29.25,140.0,0.0
-29.25,140.25,0.0
-29.25,140.5,14.5
-29.25,140.75,24.0
-29.25,141.0,0.0
-29.25,141.25,7.9
-29.25,141.5,7.9
-29.25,141.75,0.0
-29.25,142.0,0.0
-29.25,142.25,0.0
-29.25,142.5,19.1
-29.25,142.75,43.1
-29.25,143.0,67.1
-29.25,143.25,88.0
-29.25,143.5,72.6
-29.25,143.75,51.3
-29.25,144.0,33.9
-29.25,144.25,28.1
-29.25,144.5,31.3
-29.25,144.75,41.5
-29.25,145.0,55.8
-29.25,145.25,66.7
-29.25,145.5,82.6
-29.25,145.75,101.8
-29.25,146.0,86.9
-29.25,146.25,67.3
-29.25,146.5,48.6
-29.25,146.75,25.2
-29.25,147.0,7.5
-29.25,147.25,10.9
-29.25,147.5,31.4
-29.25,147.75,54.7
-29.25,148.0,69.6
-29.25,148.25,88.6
-29.25,148.5,109.5
-29.25,148.75,97.0
-29.25,149.0,73.2
-29.25,149.25,49.8
-29.25,149.5,27.2
-29.25,149.75,11.3
-29.25,150.0,23.9
-29.25,150.25,34.9
-29.25,150.5,14.8
-29.25,150.75,2.3
-29.25,151.0,15.5
-29.25,151.25,15.9
-29.25,151.5,0.0
-29.25,151.75,0.4
-29.25,152.0,3.1
-29.25,152.25,2.1
-29.25,152.5,2.3
-29.25,152.75,4.1
-29.25,153.0,7.9
-29.25,153.25,0.8
-29.25,153.5,10.9
-29.5,114.75,22.6
-29.5,115.0,0.1
-29.5,115.25,14.8
-29.5,115.5,5.4
-29.5,115.75,6.6
-29.5,116.0,18.8
-29.5,116.25,4.3
-29.5,116.5,23.2
-29.5,116.75,38.7
-29.5,117.0,59.7
-29.5,117.25,52.1
-29.5,117.5,49.3
-29.5,117.75,46.8
-29.5,118.0,33.9
-29.5,118.25,14.8
-29.5,118.5,12.6
-29.5,118.75,26.7
-29.5,119.0,49.2
-29.5,119.25,41.6
-29.5,119.5,34.7
-29.5,119.75,34.7
-29.5,120.0,38.9
-29.5,120.25,47.2
-29.5,120.5,63.9
-29.5,120.75,64.7
-29.5,121.0,41.1
-29.5,121.25,18.7
-29.5,121.5,11.3
-29.5,121.75,31.5
-29.5,122.0,50.9
-29.5,122.25,67.0
-29.5,122.5,86.6
-29.5,122.75,89.4
-29.5,123.0,82.4
-29.5,123.25,81.4
-29.5,123.5,81.5
-29.5,123.75,81.5
-29.5,124.0,64.0
-29.5,124.25,40.1
-29.5,124.5,16.1
-29.5,124.75,0.0
-29.5,125.0,0.0
-29.5,125.25,0.0
-29.5,125.5,7.9
-29.5,125.75,31.8
-29.5,126.0,55.8
-29.5,126.25,53.0
-29.5,126.5,29.1
-29.5,126.75,5.1
-29.5,127.0,0.0
-29.5,127.25,0.0
-29.5,127.5,0.0
-29.5,127.75,0.0
-29.5,128.0,0.0
-29.5,128.25,0.0
-29.5,128.5,0.0
-29.5,128.75,0.0
-29.5,129.0,0.0
-29.5,129.25,0.0
-29.5,129.5,0.0
-29.5,129.75,23.7
-29.5,130.0,47.7
-29.5,130.25,71.6
-29.5,130.5,84.3
-29.5,130.75,84.3
-29.5,131.0,84.3
-29.5,131.25,87.6
-29.5,131.5,97.0
-29.5,131.75,107.6
-29.5,132.0,95.9
-29.5,132.25,72.0
-29.5,132.5,48.1
-29.5,132.75,24.5
-29.5,133.0,5.3
-29.5,133.25,1.0
-29.5,133.5,0.0
-29.5,133.75,0.0
-29.5,134.0,15.8
-29.5,134.25,39.8
-29.5,134.5,63.7
-29.5,134.75,87.7
-29.5,135.0,111.6
-29.5,135.25,135.6
-29.5,135.5,124.2
-29.5,135.75,100.3
-29.5,136.0,76.6
-29.5,136.25,53.0
-29.5,136.5,30.0
-29.5,136.75,10.3
-29.5,137.0,11.1
-29.5,137.25,0.5
-29.5,137.5,8.9
-29.5,137.75,24.7
-29.5,138.0,38.2
-29.5,138.25,48.1
-29.5,138.5,61.5
-29.5,138.75,71.9
-29.5,139.0,52.6
-29.5,139.25,33.9
-29.5,139.5,21.1
-29.5,139.75,6.9
-29.5,140.0,0.0
-29.5,140.25,0.0
-29.5,140.5,0.0
-29.5,140.75,23.9
-29.5,141.0,19.1
-29.5,141.25,23.8
-29.5,141.5,30.7
-29.5,141.75,25.4
-29.5,142.0,5.9
-29.5,142.25,0.0
-29.5,142.5,19.5
-29.5,142.75,42.7
-29.5,143.0,66.5
-29.5,143.25,70.9
-29.5,143.5,51.3
-29.5,143.75,37.1
-29.5,144.0,34.2
-29.5,144.25,37.5
-29.5,144.5,40.9
-29.5,144.75,52.8
-29.5,145.0,71.1
-29.5,145.25,91.3
-29.5,145.5,100.3
-29.5,145.75,97.5
-29.5,146.0,100.4
-29.5,146.25,80.3
-29.5,146.5,59.7
-29.5,146.75,42.9
-29.5,147.0,35.5
-29.5,147.25,26.2
-29.5,147.5,19.8
-29.5,147.75,33.1
-29.5,148.0,54.2
-29.5,148.25,77.0
-29.5,148.5,100.3
-29.5,148.75,90.9
-29.5,149.0,68.6
-29.5,149.25,47.4
-29.5,149.5,28.4
-29.5,149.75,14.9
-29.5,150.0,26.2
-29.5,150.25,47.6
-29.5,150.5,33.9
-29.5,150.75,20.0
-29.5,151.0,25.3
-29.5,151.25,6.2
-29.5,151.5,9.8
-29.5,151.75,17.5
-29.5,152.0,0.0
-29.5,152.25,0.0
-29.5,152.5,6.9
-29.5,152.75,9.9
-29.5,153.0,3.0
-29.5,153.25,6.3
-29.5,153.5,12.7
-29.75,114.75,20.6
-29.75,115.0,0.0
-29.75,115.25,0.8
-29.75,115.5,2.0
-29.75,115.75,13.8
-29.75,116.0,13.3
-29.75,116.25,26.5
-29.75,116.5,26.3
-29.75,116.75,27.2
-29.75,117.0,41.1
-29.75,117.25,26.3
-29.75,117.5,21.6
-29.75,117.75,21.2
-29.75,118.0,10.2
-29.75,118.25,6.0
-29.75,118.5,0.0
-29.75,118.75,23.1
-29.75,119.0,41.4
-29.75,119.25,19.2
-29.75,119.5,6.8
-29.75,119.75,6.6
-29.75,120.0,11.2
-29.75,120.25,28.8
-29.75,120.5,51.8
-29.75,120.75,66.5
-29.75,121.0,43.1
-29.75,121.25,20.8
-29.75,121.5,10.6
-29.75,121.75,15.2
-29.75,122.0,31.3
-29.75,122.25,52.4
-29.75,122.5,75.2
-29.75,122.75,64.9
-29.75,123.0,54.9
-29.75,123.25,53.4
-29.75,123.5,53.4
-29.75,123.75,53.4
-29.75,124.0,54.2
-29.75,124.25,40.2
-29.75,124.5,16.5
-29.75,124.75,3.9
-29.75,125.0,3.8
-29.75,125.25,3.8
-29.75,125.5,8.7
-29.75,125.75,32.0
-29.75,126.0,55.8
-29.75,126.25,55.8
-29.75,126.5,33.9
-29.75,126.75,18.2
-29.75,127.0,17.5
-29.75,127.25,9.6
-29.75,127.5,0.0
-29.75,127.75,0.0
-29.75,128.0,0.0
-29.75,128.25,0.0
-29.75,128.5,0.0
-29.75,128.75,0.0
-29.75,129.0,0.0
-29.75,129.25,0.0
-29.75,129.5,0.0
-29.75,129.75,23.7
-29.75,130.0,47.6
-29.75,130.25,71.5
-29.75,130.5,94.8
-29.75,130.75,91.6
-29.75,131.0,88.3
-29.75,131.25,85.0
-29.75,131.5,81.5
-29.75,131.75,79.7
-29.75,132.0,80.6
-29.75,132.25,79.1
-29.75,132.5,58.3
-29.75,132.75,41.0
-29.75,133.0,33.3
-29.75,133.25,28.7
-29.75,133.5,27.6
-29.75,133.75,25.6
-29.75,134.0,30.0
-29.75,134.25,47.2
-29.75,134.5,68.6
-29.75,134.75,91.2
-29.75,135.0,114.4
-29.75,135.25,137.8
-29.75,135.5,129.6
-29.75,135.75,107.0
-29.75,136.0,85.2
-29.75,136.25,64.9
-29.75,136.5,46.1
-29.75,136.75,32.6
-29.75,137.0,33.8
-29.75,137.25,27.2
-29.75,137.5,31.6
-29.75,137.75,44.5
-29.75,138.0,60.3
-29.75,138.25,74.4
-29.75,138.5,84.0
-29.75,138.75,69.2
-29.75,139.0,56.5
-29.75,139.25,52.2
-29.75,139.5,42.8
-29.75,139.75,30.1
-29.75,140.0,18.0
-29.75,140.25,16.1
-29.75,140.5,15.8
-29.75,140.75,28.6
-29.75,141.0,47.1
-29.75,141.25,49.3
-29.75,141.5,57.0
-29.75,141.75,42.5
-29.75,142.0,30.5
-29.75,142.25,26.2
-29.75,142.5,34.2
-29.75,142.75,52.1
-29.75,143.0,73.6
-29.75,143.25,62.3
-29.75,143.5,38.6
-29.75,143.75,15.5
-29.75,144.0,6.2
-29.75,144.25,9.6
-29.75,144.5,16.0
-29.75,144.75,37.0
-29.75,145.0,60.2
-29.75,145.25,83.8
-29.75,145.5,73.3
-29.75,145.75,69.5
-29.75,146.0,73.1
-29.75,146.25,80.7
-29.75,146.5,79.6
-29.75,146.75,62.6
-29.75,147.0,38.7
-29.75,147.25,14.9
-29.75,147.5,2.0
-29.75,147.75,25.7
-29.75,148.0,49.6
-29.75,148.25,73.5
-29.75,148.5,97.5
-29.75,148.75,86.3
-29.75,149.0,62.4
-29.75,149.25,38.5
-29.75,149.5,14.6
-29.75,149.75,3.9
-29.75,150.0,27.2
-29.75,150.25,36.3
-29.75,150.5,45.6
-29.75,150.75,25.5
-29.75,151.0,18.7
-29.75,151.25,16.4
-29.75,151.5,18.4
-29.75,151.75,5.4
-29.75,152.0,2.8
-29.75,152.25,3.8
-29.75,152.5,3.9
-29.75,152.75,3.4
-29.75,153.0,15.6
-29.75,153.25,0.9
-29.75,153.5,17.9
-30.0,114.75,21.2
-30.0,115.0,0.0
-30.0,115.25,0.6
-30.0,115.5,5.0
-30.0,115.75,7.1
-30.0,116.0,4.3
-30.0,116.25,15.1
-30.0,116.5,10.3
-30.0,116.75,8.6
-30.0,117.0,22.0
-30.0,117.25,8.9
-30.0,117.5,2.8
-30.0,117.75,0.0
-30.0,118.0,0.0
-30.0,118.25,0.0
-30.0,118.5,0.0
-30.0,118.75,23.0
-30.0,119.0,35.8
-30.0,119.25,12.1
-30.0,119.5,0.0
-30.0,119.75,0.0
-30.0,120.0,2.9
-30.0,120.25,26.7
-30.0,120.5,49.2
-30.0,120.75,45.3
-30.0,121.0,41.5
-30.0,121.25,17.8
-30.0,121.5,0.0
-30.0,121.75,0.5
-30.0,122.0,24.4
-30.0,122.25,48.2
-30.0,122.5,65.7
-30.0,122.75,44.7
-30.0,123.0,28.5
-30.0,123.25,25.4
-30.0,123.5,25.4
-30.0,123.75,25.4
-30.0,124.0,27.0
-30.0,124.25,41.7
-30.0,124.5,35.7
-30.0,124.75,31.9
-30.0,125.0,31.9
-30.0,125.25,31.9
-30.0,125.5,32.9
-30.0,125.75,45.0
-30.0,126.0,64.1
-30.0,126.25,69.8
-30.0,126.5,54.0
-30.0,126.75,45.8
-30.0,127.0,33.4
-30.0,127.25,9.5
-30.0,127.5,0.0
-30.0,127.75,0.0
-30.0,128.0,0.0
-30.0,128.25,0.0
-30.0,128.5,0.0
-30.0,128.75,0.0
-30.0,129.0,0.0
-30.0,129.25,0.0
-30.0,129.5,0.0
-30.0,129.75,23.6
-30.0,130.0,47.5
-30.0,130.25,70.1
-30.0,130.5,67.0
-30.0,130.75,63.8
-30.0,131.0,60.5
-30.0,131.25,57.2
-30.0,131.5,53.8
-30.0,131.75,52.0
-30.0,132.0,52.7
-30.0,132.25,55.4
-30.0,132.5,54.7
-30.0,132.75,58.8
-30.0,133.0,61.4
-30.0,133.25,56.7
-30.0,133.5,55.5
-30.0,133.75,53.6
-30.0,134.0,55.9
-30.0,134.25,66.7
-30.0,134.5,83.1
-30.0,134.75,97.7
-30.0,135.0,107.1
-30.0,135.25,111.9
-30.0,135.5,112.9
-30.0,135.75,118.3
-30.0,136.0,100.9
-30.0,136.25,82.7
-30.0,136.5,68.0
-30.0,136.75,46.2
-30.0,137.0,27.5
-30.0,137.25,18.0
-30.0,137.5,28.0
-30.0,137.75,42.8
-30.0,138.0,57.5
-30.0,138.25,69.8
-30.0,138.5,63.6
-30.0,138.75,48.5
-30.0,139.0,32.4
-30.0,139.25,24.3
-30.0,139.5,35.6
-30.0,139.75,35.6
-30.0,140.0,30.1
-30.0,140.25,40.5
-30.0,140.5,43.8
-30.0,140.75,49.9
-30.0,141.0,64.8
-30.0,141.25,76.6
-30.0,141.5,79.3
-30.0,141.75,65.8
-30.0,142.0,57.7
-30.0,142.25,54.2
-30.0,142.5,59.1
-30.0,142.75,71.0
-30.0,143.0,86.5
-30.0,143.25,63.0
-30.0,143.5,39.8
-30.0,143.75,18.5
-30.0,144.0,2.6
-30.0,144.25,0.8
-30.0,144.5,13.1
-30.0,144.75,36.9
-30.0,145.0,60.5
-30.0,145.25,62.2
-30.0,145.5,47.6
-30.0,145.75,41.4
-30.0,146.0,45.8
-30.0,146.25,57.1
-30.0,146.5,74.6
-30.0,146.75,69.1
-30.0,147.0,48.5
-30.0,147.25,30.8
-30.0,147.5,25.0
-30.0,147.75,36.2
-30.0,148.0,56.0
-30.0,148.25,78.1
-30.0,148.5,93.2
-30.0,148.75,75.1
-30.0,149.0,61.0
-30.0,149.25,44.5
-30.0,149.5,31.2
-30.0,149.75,27.4
-30.0,150.0,7.0
-30.0,150.25,14.4
-30.0,150.5,35.6
-30.0,150.75,19.0
-30.0,151.0,5.3
-30.0,151.25,7.5
-30.0,151.5,5.3
-30.0,151.75,5.0
-30.0,152.0,3.0
-30.0,152.25,0.0
-30.0,152.5,2.1
-30.0,152.75,2.4
-30.0,153.0,0.0
-30.0,153.25,2.8
-30.0,153.5,23.5
-30.25,114.75,24.0
-30.25,115.0,3.4
-30.25,115.25,3.1
-30.25,115.5,5.9
-30.25,115.75,2.2
-30.25,116.0,0.5
-30.25,116.25,20.7
-30.25,116.5,28.8
-30.25,116.75,13.2
-30.25,117.0,9.1
-30.25,117.25,25.4
-30.25,117.5,17.4
-30.25,117.75,8.9
-30.25,118.0,5.7
-30.25,118.25,1.6
-30.25,118.5,2.0
-30.25,118.75,23.1
-30.25,119.0,38.4
-30.25,119.25,18.5
-30.25,119.5,0.0
-30.25,119.75,0.0
-30.25,120.0,0.0
-30.25,120.25,23.6
-30.25,120.5,34.8
-30.25,120.75,18.0
-30.25,121.0,20.8
-30.25,121.25,23.2
-30.25,121.5,14.7
-30.25,121.75,23.2
-30.25,122.0,28.5
-30.25,122.25,46.0
-30.25,122.5,60.5
-30.25,122.75,36.7
-30.25,123.0,12.9
-30.25,123.25,0.0
-30.25,123.5,0.0
-30.25,123.75,0.0
-30.25,124.0,9.3
-30.25,124.25,33.1
-30.25,124.5,56.9
-30.25,124.75,59.9
-30.25,125.0,59.9
-30.25,125.25,59.9
-30.25,125.5,60.4
-30.25,125.75,67.8
-30.25,126.0,81.7
-30.25,126.25,90.6
-30.25,126.5,79.0
-30.25,126.75,57.1
-30.25,127.0,33.3
-30.25,127.25,9.5
-30.25,127.5,0.0
-30.25,127.75,0.0
-30.25,128.0,0.0
-30.25,128.25,0.0
-30.25,128.5,0.0
-30.25,128.75,0.0
-30.25,129.0,0.0
-30.25,129.25,9.5
-30.25,129.5,9.5
-30.25,129.75,25.4
-30.25,130.0,45.4
-30.25,130.25,42.4
-30.25,130.5,39.2
-30.25,130.75,36.0
-30.25,131.0,32.8
-30.25,131.25,29.4
-30.25,131.5,26.1
-30.25,131.75,24.3
-30.25,132.0,24.7
-30.25,132.25,27.9
-30.25,132.5,26.9
-30.25,132.75,31.5
-30.25,133.0,35.6
-30.25,133.25,32.6
-30.25,133.5,33.9
-30.25,133.75,37.6
-30.25,134.0,46.8
-30.25,134.25,63.3
-30.25,134.5,64.4
-30.25,134.75,71.5
-30.25,135.0,82.6
-30.25,135.25,83.9
-30.25,135.5,85.2
-30.25,135.75,92.1
-30.25,136.0,104.0
-30.25,136.25,87.9
-30.25,136.5,64.1
-30.25,136.75,40.4
-30.25,137.0,17.1
-30.25,137.25,0.0
-30.25,137.5,7.6
-30.25,137.75,21.3
-30.25,138.0,33.3
-30.25,138.25,49.1
-30.25,138.5,47.6
-30.25,138.75,27.0
-30.25,139.0,13.7
-30.25,139.25,2.3
-30.25,139.5,19.0
-30.25,139.75,17.0
-30.25,140.0,3.8
-30.25,140.25,24.6
-30.25,140.5,46.0
-30.25,140.75,68.8
-30.25,141.0,86.2
-30.25,141.25,101.4
-30.25,141.5,101.9
-30.25,141.75,91.3
-30.25,142.0,85.1
-30.25,142.25,77.1
-30.25,142.5,70.2
-30.25,142.75,70.9
-30.25,143.0,79.0
-30.25,143.25,73.6
-30.25,143.5,55.1
-30.25,143.75,39.2
-30.25,144.0,29.2
-30.25,144.25,28.1
-30.25,144.5,30.5
-30.25,144.75,46.1
-30.25,145.0,60.3
-30.25,145.25,41.1
-30.25,145.5,25.8
-30.25,145.75,13.4
-30.25,146.0,20.3
-30.25,146.25,39.4
-30.25,146.5,61.2
-30.25,146.75,84.1
-30.25,147.0,64.8
-30.25,147.25,49.4
-30.25,147.5,42.3
-30.25,147.75,44.5
-30.25,148.0,57.4
-30.25,148.25,75.8
-30.25,148.5,80.2
-30.25,148.75,58.2
-30.25,149.0,38.4
-30.25,149.25,26.4
-30.25,149.5,7.7
-30.25,149.75,17.7
-30.25,150.0,0.1
-30.25,150.25,0.9
-30.25,150.5,24.5
-30.25,150.75,12.3
-30.25,151.0,9.5
-30.25,151.25,2.4
-30.25,151.5,9.0
-30.25,151.75,15.8
-30.25,152.0,12.7
-30.25,152.25,0.0
-30.25,152.5,5.7
-30.25,152.75,0.0
-30.25,153.0,2.9
-30.25,153.25,9.5
-30.5,114.75,30.1
-30.5,115.0,7.1
-30.5,115.25,5.9
-30.5,115.5,2.0
-30.5,115.75,12.3
-30.5,116.0,14.5
-30.5,116.25,28.5
-30.5,116.5,17.9
-30.5,116.75,4.4
-30.5,117.0,27.7
-30.5,117.25,23.6
-30.5,117.5,1.4
-30.5,117.75,9.1
-30.5,118.0,12.2
-30.5,118.25,17.9
-30.5,118.5,5.7
-30.5,118.75,4.1
-30.5,119.0,18.5
-30.5,119.25,25.2
-30.5,119.5,1.4
-30.5,119.75,0.0
-30.5,120.0,19.2
-30.5,120.25,33.9
-30.5,120.5,31.1
-30.5,120.75,9.3
-30.5,121.0,13.8
-30.5,121.25,36.6
-30.5,121.5,21.9
-30.5,121.75,0.0
-30.5,122.0,13.3
-30.5,122.25,37.0
-30.5,122.5,34.8
-30.5,122.75,31.7
-30.5,123.0,12.9
-30.5,123.25,0.0
-30.5,123.5,0.0
-30.5,123.75,0.0
-30.5,124.0,9.3
-30.5,124.25,33.0
-30.5,124.5,56.8
-30.5,124.75,80.5
-30.5,125.0,87.9
-30.5,125.25,87.9
-30.5,125.5,88.3
-30.5,125.75,93.5
-30.5,126.0,104.0
-30.5,126.25,106.8
-30.5,126.5,83.7
-30.5,126.75,61.1
-30.5,127.0,39.8
-30.5,127.25,23.8
-30.5,127.5,21.7
-30.5,127.75,21.6
-30.5,128.0,21.5
-30.5,128.25,21.5
-30.5,128.5,21.6
-30.5,128.75,21.7
-30.5,129.0,21.8
-30.5,129.25,26.5
-30.5,129.5,23.6
-30.5,129.75,20.6
-30.5,130.0,17.6
-30.5,130.25,14.6
-30.5,130.5,11.5
-30.5,130.75,8.2
-30.5,131.0,5.0
-30.5,131.25,1.7
-30.5,131.5,0.0
-30.5,131.75,0.0
-30.5,132.0,0.0
-30.5,132.25,0.8
-30.5,132.5,0.0
-30.5,132.75,5.0
-30.5,133.0,8.0
-30.5,133.25,4.6
-30.5,133.5,5.9
-30.5,133.75,10.7
-30.5,134.0,29.0
-30.5,134.25,35.4
-30.5,134.5,37.1
-30.5,134.75,46.3
-30.5,135.0,59.4
-30.5,135.25,55.9
-30.5,135.5,57.8
-30.5,135.75,67.4
-30.5,136.0,79.8
-30.5,136.25,83.4
-30.5,136.5,69.8
-30.5,136.75,48.6
-30.5,137.0,28.9
-30.5,137.25,6.3
-30.5,137.5,0.0
-30.5,137.75,0.0
-30.5,138.0,14.0
-30.5,138.25,31.1
-30.5,138.5,41.7
-30.5,138.75,18.1
-30.5,139.0,0.0
-30.5,139.25,0.0
-30.5,139.5,8.1
-30.5,139.75,2.6
-30.5,140.0,0.0
-30.5,140.25,18.1
-30.5,140.5,41.6
-30.5,140.75,65.3
-30.5,141.0,89.0
-30.5,141.25,112.7
-30.5,141.5,97.4
-30.5,141.75,82.8
-30.5,142.0,68.7
-30.5,142.25,53.3
-30.5,142.5,42.6
-30.5,142.75,43.7
-30.5,143.0,56.0
-30.5,143.25,70.8
-30.5,143.5,75.9
-30.5,143.75,62.9
-30.5,144.0,57.1
-30.5,144.25,55.8
-30.5,144.5,57.1
-30.5,144.75,66.7
-30.5,145.0,52.7
-30.5,145.25,28.9
-30.5,145.5,5.3
-30.5,145.75,0.0
-30.5,146.0,13.4
-30.5,146.25,35.2
-30.5,146.5,58.5
-30.5,146.75,73.4
-30.5,147.0,50.4
-30.5,147.25,28.9
-30.5,147.5,14.5
-30.5,147.75,20.8
-30.5,148.0,41.3
-30.5,148.25,63.7
-30.5,148.5,75.7
-30.5,148.75,52.0
-30.5,149.0,28.2
-30.5,149.25,4.5
-30.5,149.5,11.7
-30.5,149.75,25.9
-30.5,150.0,17.9
-30.5,150.25,11.4
-30.5,150.5,28.1
-30.5,150.75,11.2
-30.5,151.0,3.7
-30.5,151.25,23.5
-30.5,151.5,8.2
-30.5,151.75,9.3
-30.5,152.0,3.7
-30.5,152.25,0.9
-30.5,152.5,0.0
-30.5,152.75,3.0
-30.5,153.0,7.7
-30.5,153.25,18.0
-30.75,115.0,15.1
-30.75,115.25,0.0
-30.75,115.5,4.6
-30.75,115.75,20.8
-30.75,116.0,30.5
-30.75,116.25,27.5
-30.75,116.5,4.2
-30.75,116.75,7.0
-30.75,117.0,10.8
-30.75,117.25,16.2
-30.75,117.5,21.0
-30.75,117.75,20.2
-30.75,118.0,13.3
-30.75,118.25,5.3
-30.75,118.5,4.9
-30.75,118.75,6.4
-30.75,119.0,8.3
-30.75,119.25,5.6
-30.75,119.5,11.7
-30.75,119.75,28.0
-30.75,120.0,33.9
-30.75,120.25,42.8
-30.75,120.5,34.3
-30.75,120.75,32.6
-30.75,121.0,25.3
-30.75,121.25,11.9
-30.75,121.5,9.2
-30.75,121.75,14.0
-30.75,122.0,24.7
-30.75,122.25,30.7
-30.75,122.5,8.9
-30.75,122.75,8.9
-30.75,123.0,7.9
-30.75,123.25,21.3
-30.75,123.5,21.3
-30.75,123.75,21.3
-30.75,124.0,23.2
-30.75,124.25,39.2
-30.75,124.5,60.5
-30.75,124.75,83.2
-30.75,125.0,106.2
-30.75,125.25,115.9
-30.75,125.5,116.2
-30.75,125.75,120.2
-30.75,126.0,128.5
-30.75,126.25,115.7
-30.75,126.5,94.8
-30.75,126.75,75.7
-30.75,127.0,59.9
-30.75,127.25,50.7
-30.75,127.5,49.7
-30.75,127.75,49.6
-30.75,128.0,49.5
-30.75,128.25,49.5
-30.75,128.5,47.5
-30.75,128.75,23.9
-30.75,129.0,1.5
-30.75,129.25,0.0
-30.75,129.5,0.0
-30.75,129.75,0.0
-30.75,130.0,0.0
-30.75,130.25,0.0
-30.75,130.5,0.0
-30.75,130.75,0.0
-30.75,131.0,0.0
-30.75,131.25,0.0
-30.75,131.5,0.0
-30.75,131.75,0.0
-30.75,132.0,0.0
-30.75,132.25,0.0
-30.75,132.5,0.0
-30.75,132.75,0.0
-30.75,133.0,0.0
-30.75,133.25,0.0
-30.75,133.5,0.0
-30.75,133.75,3.4
-30.75,134.0,7.6
-30.75,134.25,7.4
-30.75,134.5,10.7
-30.75,134.75,22.8
-30.75,135.0,36.9
-30.75,135.25,28.0
-30.75,135.5,31.3
-30.75,135.75,43.9
-30.75,136.0,51.9
-30.75,136.25,56.2
-30.75,136.5,66.9
-30.75,136.75,56.7
-30.75,137.0,34.1
-30.75,137.25,15.2
-30.75,137.5,1.1
-30.75,137.75,0.0
-30.75,138.0,4.0
-30.75,138.25,9.5
-30.75,138.5,33.1
-30.75,138.75,27.5
-30.75,139.0,14.4
-30.75,139.25,14.4
-30.75,139.5,4.9
-30.75,139.75,0.0
-30.75,140.0,0.0
-30.75,140.25,22.8
-30.75,140.5,46.5
-30.75,140.75,70.2
-30.75,141.0,93.8
-30.75,141.25,100.4
-30.75,141.5,79.6
-30.75,141.75,60.8
-30.75,142.0,46.7
-30.75,142.25,32.4
-30.75,142.5,16.6
-30.75,142.75,19.4
-30.75,143.0,34.2
-30.75,143.25,53.8
-30.75,143.5,75.8
-30.75,143.75,89.1
-30.75,144.0,84.9
-30.75,144.25,83.7
-30.75,144.5,84.6
-30.75,144.75,79.3
-30.75,145.0,59.0
-30.75,145.25,36.7
-30.75,145.5,15.8
-30.75,145.75,13.5
-30.75,146.0,28.7
-30.75,146.25,45.6
-30.75,146.5,66.8
-30.75,146.75,70.8
-30.75,147.0,47.2
-30.75,147.25,23.8
-30.75,147.5,1.7
-30.75,147.75,15.0
-30.75,148.0,38.4
-30.75,148.25,61.9
-30.75,148.5,66.5
-30.75,148.75,50.3
-30.75,149.0,26.9
-30.75,149.25,4.3
-30.75,149.5,8.6
-30.75,149.75,7.8
-30.75,150.0,25.2
-30.75,150.25,27.2
-30.75,150.5,12.5
-30.75,150.75,24.3
-30.75,151.0,0.8
-30.75,151.25,19.0
-30.75,151.5,15.1
-30.75,151.75,5.2
-30.75,152.0,1.3
-30.75,152.25,5.1
-30.75,152.5,1.7
-30.75,152.75,2.2
-30.75,153.0,14.5
-30.75,153.25,22.6
-31.0,115.0,27.8
-31.0,115.25,6.5
-31.0,115.5,1.3
-31.0,115.75,4.5
-31.0,116.0,12.1
-31.0,116.25,33.3
-31.0,116.5,20.3
-31.0,116.75,15.8
-31.0,117.0,12.5
-31.0,117.25,15.0
-31.0,117.5,8.5
-31.0,117.75,14.0
-31.0,118.0,14.7
-31.0,118.25,0.6
-31.0,118.5,10.9
-31.0,118.75,5.2
-31.0,119.0,7.1
-31.0,119.25,13.4
-31.0,119.5,14.2
-31.0,119.75,11.6
-31.0,120.0,21.5
-31.0,120.25,17.4
-31.0,120.5,9.6
-31.0,120.75,9.7
-31.0,121.0,1.6
-31.0,121.25,8.7
-31.0,121.5,15.2
-31.0,121.75,20.4
-31.0,122.0,38.4
-31.0,122.25,33.0
-31.0,122.5,15.2
-31.0,122.75,13.4
-31.0,123.0,0.0
-31.0,123.25,18.2
-31.0,123.5,41.8
-31.0,123.75,49.3
-31.0,124.0,50.2
-31.0,124.25,59.3
-31.0,124.5,75.1
-31.0,124.75,94.2
-31.0,125.0,115.1
-31.0,125.25,118.4
-31.0,125.5,109.4
-31.0,125.75,105.1
-31.0,126.0,104.8
-31.0,126.25,107.2
-31.0,126.5,112.0
-31.0,126.75,96.4
-31.0,127.0,84.6
-31.0,127.25,78.4
-31.0,127.5,77.7
-31.0,127.75,77.6
-31.0,128.0,77.5
-31.0,128.25,71.0
-31.0,128.5,47.4
-31.0,128.75,23.8
-31.0,129.0,0.1
-31.0,129.25,0.0
-31.0,129.5,0.0
-31.0,129.75,0.0
-31.0,130.0,0.0
-31.0,130.25,0.0
-31.0,130.5,0.0
-31.0,130.75,0.0
-31.0,131.0,0.0
-31.0,131.25,0.0
-31.0,131.5,0.0
-31.0,131.75,0.0
-31.0,132.0,0.0
-31.0,132.25,0.0
-31.0,132.5,0.0
-31.0,132.75,0.0
-31.0,133.0,0.0
-31.0,133.25,0.0
-31.0,133.5,0.0
-31.0,133.75,0.0
-31.0,134.0,0.0
-31.0,134.25,0.0
-31.0,134.5,0.0
-31.0,134.75,11.8
-31.0,135.0,17.7
-31.0,135.25,0.2
-31.0,135.5,8.4
-31.0,135.75,22.9
-31.0,136.0,24.4
-31.0,136.25,30.5
-31.0,136.5,47.1
-31.0,136.75,67.0
-31.0,137.0,44.1
-31.0,137.25,22.4
-31.0,137.5,11.3
-31.0,137.75,0.0
-31.0,138.0,0.0
-31.0,138.25,19.2
-31.0,138.5,28.0
-31.0,138.75,26.0
-31.0,139.0,26.3
-31.0,139.25,26.6
-31.0,139.5,8.7
-31.0,139.75,0.0
-31.0,140.0,6.5
-31.0,140.25,28.1
-31.0,140.5,51.1
-31.0,140.75,73.8
-31.0,141.0,96.9
-31.0,141.25,92.1
-31.0,141.5,68.9
-31.0,141.75,46.0
-31.0,142.0,24.6
-31.0,142.25,12.3
-31.0,142.5,0.5
-31.0,142.75,1.0
-31.0,143.0,24.6
-31.0,143.25,48.2
-31.0,143.5,71.9
-31.0,143.75,95.5
-31.0,144.0,112.7
-31.0,144.25,103.6
-31.0,144.5,81.5
-31.0,144.75,60.6
-31.0,145.0,42.6
-31.0,145.25,31.6
-31.0,145.5,35.8
-31.0,145.75,38.8
-31.0,146.0,49.7
-31.0,146.25,65.1
-31.0,146.5,81.4
-31.0,146.75,68.9
-31.0,147.0,45.3
-31.0,147.25,21.8
-31.0,147.5,0.0
-31.0,147.75,18.3
-31.0,148.0,41.5
-31.0,148.25,65.0
-31.0,148.5,47.4
-31.0,148.75,29.9
-31.0,149.0,21.3
-31.0,149.25,0.0
-31.0,149.5,3.4
-31.0,149.75,9.3
-31.0,150.0,27.6
-31.0,150.25,25.4
-31.0,150.5,10.1
-31.0,150.75,23.6
-31.0,151.0,19.9
-31.0,151.25,27.7
-31.0,151.5,25.1
-31.0,151.75,5.1
-31.0,152.0,0.0
-31.0,152.25,0.0
-31.0,152.5,0.0
-31.0,152.75,0.5
-31.0,153.0,1.9
-31.0,153.25,17.7
-31.25,115.25,27.5
-31.25,115.5,12.7
-31.25,115.75,6.8
-31.25,116.0,2.1
-31.25,116.25,15.2
-31.25,116.5,10.4
-31.25,116.75,32.0
-31.25,117.0,38.2
-31.25,117.25,35.3
-31.25,117.5,27.1
-31.25,117.75,13.3
-31.25,118.0,8.6
-31.25,118.25,6.0
-31.25,118.5,10.3
-31.25,118.75,0.7
-31.25,119.0,19.7
-31.25,119.25,9.4
-31.25,119.5,10.4
-31.25,119.75,3.4
-31.25,120.0,0.6
-31.25,120.25,0.0
-31.25,120.5,0.1
-31.25,120.75,0.1
-31.25,121.0,0.0
-31.25,121.25,6.7
-31.25,121.5,5.7
-31.25,121.75,12.8
-31.25,122.0,36.3
-31.25,122.25,51.5
-31.25,122.5,42.3
-31.25,122.75,30.8
-31.25,123.0,26.3
-31.25,123.25,31.9
-31.25,123.5,49.3
-31.25,123.75,70.4
-31.25,124.0,77.8
-31.25,124.25,84.0
-31.25,124.5,95.8
-31.25,124.75,111.4
-31.25,125.0,109.8
-31.25,125.25,94.5
-31.25,125.5,83.0
-31.25,125.75,77.2
-31.25,126.0,76.8
-31.25,126.25,80.0
-31.25,126.5,84.8
-31.25,126.75,92.1
-31.25,127.0,104.3
-31.25,127.25,102.7
-31.25,127.5,99.4
-31.25,127.75,101.5
-31.25,128.0,94.4
-31.25,128.25,70.9
-31.25,128.5,47.3
-31.25,128.75,23.7
-31.25,129.0,0.1
-31.25,129.25,0.0
-31.25,129.5,0.0
-31.25,129.75,0.0
-31.25,130.0,0.0
-31.25,130.25,0.0
-31.25,130.5,0.0
-31.25,130.75,0.0
-31.25,131.0,0.0
-31.25,131.25,0.0
-31.25,131.5,0.0
-31.25,131.75,0.0
-31.25,132.0,0.0
-31.25,132.25,0.0
-31.25,132.5,0.0
-31.25,132.75,0.0
-31.25,133.0,0.0
-31.25,133.25,0.0
-31.25,133.5,0.0
-31.25,133.75,0.0
-31.25,134.0,0.0
-31.25,134.25,0.0
-31.25,134.5,0.0
-31.25,134.75,6.5
-31.25,135.0,6.6
-31.25,135.25,9.3
-31.25,135.5,0.0
-31.25,135.75,0.0
-31.25,136.0,0.0
-31.25,136.25,14.6
-31.25,136.5,38.0
-31.25,136.75,61.6
-31.25,137.0,44.4
-31.25,137.25,23.3
-31.25,137.5,9.9
-31.25,137.75,0.0
-31.25,138.0,0.0
-31.25,138.25,12.5
-31.25,138.5,0.0
-31.25,138.75,0.0
-31.25,139.0,7.2
-31.25,139.25,30.3
-31.25,139.5,27.3
-31.25,139.75,13.2
-31.25,140.0,20.6
-31.25,140.25,40.5
-31.25,140.5,61.0
-31.25,140.75,82.1
-31.25,141.0,104.0
-31.25,141.25,91.3
-31.25,141.5,67.8
-31.25,141.75,44.5
-31.25,142.0,21.7
-31.25,142.25,0.0
-31.25,142.5,8.1
-31.25,142.75,20.8
-31.25,143.0,36.9
-31.25,143.25,55.5
-31.25,143.5,76.9
-31.25,143.75,99.3
-31.25,144.0,121.9
-31.25,144.25,98.3
-31.25,144.5,74.8
-31.25,144.75,51.3
-31.25,145.0,27.9
-31.25,145.25,6.0
-31.25,145.5,16.8
-31.25,145.75,39.5
-31.25,146.0,62.8
-31.25,146.25,72.0
-31.25,146.5,60.4
-31.25,146.75,56.6
-31.25,147.0,54.2
-31.25,147.25,35.7
-31.25,147.5,26.5
-31.25,147.75,35.0
-31.25,148.0,52.5
-31.25,148.25,61.0
-31.25,148.5,37.8
-31.25,148.75,15.2
-31.25,149.0,0.0
-31.25,149.25,2.9
-31.25,149.5,15.3
-31.25,149.75,31.8
-31.25,150.0,45.7
-31.25,150.25,44.8
-31.25,150.5,38.1
-31.25,150.75,43.8
-31.25,151.0,35.2
-31.25,151.25,25.0
-31.25,151.5,13.7
-31.25,151.75,7.4
-31.25,152.0,5.2
-31.25,152.25,0.0
-31.25,152.5,0.4
-31.25,152.75,2.2
-31.25,153.0,4.1
-31.25,153.25,26.4
-31.5,115.5,13.7
-31.5,115.75,3.0
-31.5,116.0,12.9
-31.5,116.25,5.5
-31.5,116.5,12.9
-31.5,116.75,30.5
-31.5,117.0,50.0
-31.5,117.25,37.0
-31.5,117.5,24.0
-31.5,117.75,8.4
-31.5,118.0,7.6
-31.5,118.25,13.6
-31.5,118.5,4.7
-31.5,118.75,5.2
-31.5,119.0,3.7
-31.5,119.25,0.0
-31.5,119.5,17.0
-31.5,119.75,0.0
-31.5,120.0,0.0
-31.5,120.25,19.1
-31.5,120.5,17.1
-31.5,120.75,17.3
-31.5,121.0,17.3
-31.5,121.25,29.1
-31.5,121.5,28.4
-31.5,121.75,30.6
-31.5,122.0,45.7
-31.5,122.25,62.4
-31.5,122.5,63.8
-31.5,122.75,57.3
-31.5,123.0,54.2
-31.5,123.25,57.2
-31.5,123.5,68.4
-31.5,123.75,84.9
-31.5,124.0,104.1
-31.5,124.25,110.3
-31.5,124.5,119.5
-31.5,124.75,112.9
-31.5,125.0,92.3
-31.5,125.25,73.5
-31.5,125.5,58.1
-31.5,125.75,49.5
-31.5,126.0,48.8
-31.5,126.25,53.7
-31.5,126.5,57.5
-31.5,126.75,67.8
-31.5,127.0,79.5
-31.5,127.25,75.4
-31.5,127.5,71.4
-31.5,127.75,74.3
-31.5,128.0,84.0
-31.5,128.25,64.8
-31.5,128.5,43.8
-31.5,128.75,23.7
-31.5,129.0,0.1
-31.5,129.25,0.0
-31.5,129.5,0.0
-31.5,129.75,0.0
-31.5,130.0,0.0
-31.5,130.25,0.0
-31.5,130.5,0.0
-31.5,130.75,0.0
-31.5,131.0,8.4
-31.5,131.25,24.7
-31.5,131.5,22.6
-31.5,131.75,16.0
-31.5,132.0,9.9
-31.5,132.25,0.0
-31.5,132.5,1.7
-31.5,132.75,7.0
-31.5,133.0,0.0
-31.5,133.25,0.0
-31.5,133.5,0.0
-31.5,133.75,0.0
-31.5,134.0,0.0
-31.5,134.25,0.0
-31.5,134.5,0.0
-31.5,134.75,0.4
-31.5,135.0,0.0
-31.5,135.25,0.2
-31.5,135.5,6.6
-31.5,135.75,0.0
-31.5,136.0,0.0
-31.5,136.25,9.0
-31.5,136.5,27.6
-31.5,136.75,50.0
-31.5,137.0,54.5
-31.5,137.25,36.1
-31.5,137.5,17.7
-31.5,137.75,0.0
-31.5,138.0,0.0
-31.5,138.25,17.1
-31.5,138.5,0.0
-31.5,138.75,5.7
-31.5,139.0,21.4
-31.5,139.25,37.6
-31.5,139.5,48.8
-31.5,139.75,40.7
-31.5,140.0,44.3
-31.5,140.25,57.2
-31.5,140.5,74.8
-31.5,140.75,95.0
-31.5,141.0,115.6
-31.5,141.25,94.5
-31.5,141.5,71.5
-31.5,141.75,49.1
-31.5,142.0,28.6
-31.5,142.25,18.3
-31.5,142.5,19.9
-31.5,142.75,36.5
-31.5,143.0,57.0
-31.5,143.25,73.5
-31.5,143.5,90.7
-31.5,143.75,110.3
-31.5,144.0,123.9
-31.5,144.25,100.9
-31.5,144.5,78.1
-31.5,144.75,55.7
-31.5,145.0,34.6
-31.5,145.25,19.8
-31.5,145.5,26.0
-31.5,145.75,44.2
-31.5,146.0,65.9
-31.5,146.25,51.5
-31.5,146.5,35.5
-31.5,146.75,28.7
-31.5,147.0,38.6
-31.5,147.25,57.0
-31.5,147.5,54.5
-31.5,147.75,53.4
-31.5,148.0,49.3
-31.5,148.25,55.8
-31.5,148.5,41.1
-31.5,148.75,21.6
-31.5,149.0,12.1
-31.5,149.25,16.5
-31.5,149.5,0.0
-31.5,149.75,20.0
-31.5,150.0,20.9
-31.5,150.25,28.9
-31.5,150.5,41.8
-31.5,150.75,23.5
-31.5,151.0,10.6
-31.5,151.25,0.8
-31.5,151.5,1.7
-31.5,151.75,7.6
-31.5,152.0,7.1
-31.5,152.25,0.4
-31.5,152.5,9.8
-31.5,152.75,6.5
-31.5,153.0,9.1
-31.75,115.5,22.7
-31.75,115.75,2.9
-31.75,116.0,5.0
-31.75,116.25,8.3
-31.75,116.5,3.6
-31.75,116.75,21.7
-31.75,117.0,40.5
-31.75,117.25,20.1
-31.75,117.5,2.8
-31.75,117.75,4.2
-31.75,118.0,2.6
-31.75,118.25,16.7
-31.75,118.5,19.0
-31.75,118.75,11.1
-31.75,119.0,2.3
-31.75,119.25,9.2
-31.75,119.5,13.3
-31.75,119.75,0.0
-31.75,120.0,0.0
-31.75,120.25,19.0
-31.75,120.5,42.5
-31.75,120.75,45.3
-31.75,121.0,45.3
-31.75,121.25,39.7
-31.75,121.5,22.7
-31.75,121.75,22.0
-31.75,122.0,38.2
-31.75,122.25,34.4
-31.75,122.5,35.9
-31.75,122.75,38.9
-31.75,123.0,50.9
-31.75,123.25,68.8
-31.75,123.5,72.5
-31.75,123.75,76.1
-31.75,124.0,86.1
-31.75,124.25,100.7
-31.75,124.5,113.2
-31.75,124.75,102.7
-31.75,125.0,81.0
-31.75,125.25,58.7
-31.75,125.5,37.7
-31.75,125.75,22.3
-31.75,126.0,20.8
-31.75,126.25,28.2
-31.75,126.5,31.5
-31.75,126.75,47.7
-31.75,127.0,51.6
-31.75,127.25,48.2
-31.75,127.5,43.5
-31.75,127.75,48.1
-31.75,128.0,61.9
-31.75,128.25,60.4
-31.75,128.5,37.0
-31.75,128.75,13.9
-31.75,129.0,6.7
-31.75,129.25,10.6
-31.75,129.5,13.5
-31.75,129.75,15.4
-31.75,130.0,18.0
-31.75,130.25,19.3
-31.75,130.5,17.6
-31.75,130.75,16.1
-31.75,131.0,21.3
-31.75,131.25,37.4
-31.75,131.5,18.8
-31.75,131.75,3.1
-31.75,132.0,1.0
-31.75,132.25,16.6
-31.75,132.5,4.7
-31.75,132.75,11.3
-31.75,133.0,0.0
-31.75,133.25,0.0
-31.75,133.5,0.0
-31.75,133.75,0.0
-31.75,134.0,0.0
-31.75,134.25,0.0
-31.75,134.5,0.0
-31.75,134.75,9.8
-31.75,135.0,4.9
-31.75,135.25,14.4
-31.75,135.5,16.5
-31.75,135.75,3.7
-31.75,136.0,0.0
-31.75,136.25,1.3
-31.75,136.5,24.5
-31.75,136.75,45.4
-31.75,137.0,46.2
-31.75,137.25,22.8
-31.75,137.5,0.0
-31.75,137.75,0.0
-31.75,138.0,12.7
-31.75,138.25,33.2
-31.75,138.5,17.3
-31.75,138.75,18.0
-31.75,139.0,31.6
-31.75,139.25,52.5
-31.75,139.5,73.6
-31.75,139.75,68.6
-31.75,140.0,70.8
-31.75,140.25,80.0
-31.75,140.5,93.7
-31.75,140.75,110.5
-31.75,141.0,125.0
-31.75,141.25,103.5
-31.75,141.5,83.1
-31.75,141.75,64.9
-31.75,142.0,51.2
-31.75,142.25,46.3
-31.75,142.5,46.9
-31.75,142.75,55.9
-31.75,143.0,71.9
-31.75,143.25,91.2
-31.75,143.5,110.0
-31.75,143.75,126.6
-31.75,144.0,114.9
-31.75,144.25,105.6
-31.75,144.5,89.3
-31.75,144.75,70.4
-31.75,145.0,55.2
-31.75,145.25,47.3
-31.75,145.5,50.2
-31.75,145.75,62.5
-31.75,146.0,59.0
-31.75,146.25,41.1
-31.75,146.5,17.8
-31.75,146.75,2.4
-31.75,147.0,24.8
-31.75,147.25,48.2
-31.75,147.5,46.7
-31.75,147.75,29.6
-31.75,148.0,21.4
-31.75,148.25,33.4
-31.75,148.5,29.4
-31.75,148.75,22.1
-31.75,149.0,33.5
-31.75,149.25,30.6
-31.75,149.5,7.2
-31.75,149.75,12.6
-31.75,150.0,0.0
-31.75,150.25,8.4
-31.75,150.5,22.7
-31.75,150.75,7.5
-31.75,151.0,11.8
-31.75,151.25,12.9
-31.75,151.5,10.0
-31.75,151.75,0.1
-31.75,152.0,2.5
-31.75,152.25,6.3
-31.75,152.5,2.3
-31.75,152.75,0.0
-31.75,153.0,18.4
-32.0,115.5,29.9
-32.0,115.75,7.0
-32.0,116.0,7.1
-32.0,116.25,11.7
-32.0,116.5,0.0
-32.0,116.75,10.6
-32.0,117.0,16.0
-32.0,117.25,22.0
-32.0,117.5,22.8
-32.0,117.75,11.0
-32.0,118.0,6.7
-32.0,118.25,9.7
-32.0,118.5,31.7
-32.0,118.75,18.1
-32.0,119.0,1.0
-32.0,119.25,9.7
-32.0,119.5,13.0
-32.0,119.75,0.0
-32.0,120.0,0.0
-32.0,120.25,18.9
-32.0,120.5,42.3
-32.0,120.75,65.7
-32.0,121.0,57.8
-32.0,121.25,34.6
-32.0,121.5,11.9
-32.0,121.75,10.4
-32.0,122.0,20.4
-32.0,122.25,6.4
-32.0,122.5,8.0
-32.0,122.75,14.5
-32.0,123.0,35.4
-32.0,123.25,44.5
-32.0,123.5,44.5
-32.0,123.75,50.1
-32.0,124.0,64.3
-32.0,124.25,82.7
-32.0,124.5,88.2
-32.0,124.75,77.7
-32.0,125.0,67.2
-32.0,125.25,53.0
-32.0,125.5,30.7
-32.0,125.75,7.9
-32.0,126.0,0.0
-32.0,126.25,0.9
-32.0,126.5,15.7
-32.0,126.75,24.8
-32.0,127.0,23.7
-32.0,127.25,20.6
-32.0,127.5,15.6
-32.0,127.75,25.9
-32.0,128.0,46.8
-32.0,128.25,68.2
-32.0,128.5,48.8
-32.0,128.75,34.4
-32.0,129.0,32.9
-32.0,129.25,38.4
-32.0,131.75,25.4
-32.0,132.0,11.2
-32.0,132.25,7.4
-32.0,132.5,3.6
-32.0,132.75,5.2
-32.0,133.0,4.6
-32.0,133.25,20.6
-32.0,133.5,18.8
-32.0,133.75,10.3
-32.0,134.0,5.2
-32.0,134.25,0.0
-32.0,134.5,0.0
-32.0,134.75,3.9
-32.0,135.0,24.9
-32.0,135.25,34.6
-32.0,135.5,38.0
-32.0,135.75,17.2
-32.0,136.0,0.7
-32.0,136.25,0.0
-32.0,136.5,16.9
-32.0,136.75,40.2
-32.0,137.0,52.6
-32.0,137.25,33.7
-32.0,137.5,18.9
-32.0,137.75,6.7
-32.0,138.0,22.1
-32.0,138.25,40.6
-32.0,138.5,43.5
-32.0,138.75,43.7
-32.0,139.0,53.1
-32.0,139.25,67.6
-32.0,139.5,86.2
-32.0,139.75,96.6
-32.0,140.0,98.1
-32.0,140.25,105.0
-32.0,140.5,116.2
-32.0,140.75,118.6
-32.0,141.0,118.2
-32.0,141.25,97.9
-32.0,141.5,76.4
-32.0,141.75,56.4
-32.0,142.0,40.4
-32.0,142.25,33.4
-32.0,142.5,39.7
-32.0,142.75,53.3
-32.0,143.0,69.9
-32.0,143.25,89.5
-32.0,143.5,110.5
-32.0,143.75,107.3
-32.0,144.0,91.4
-32.0,144.25,79.4
-32.0,144.5,73.1
-32.0,144.75,73.9
-32.0,145.0,59.7
-32.0,145.25,49.4
-32.0,145.5,47.2
-32.0,145.75,48.8
-32.0,146.0,36.5
-32.0,146.25,24.7
-32.0,146.5,27.2
-32.0,146.75,23.6
-32.0,147.0,35.6
-32.0,147.25,54.5
-32.0,147.5,39.4
-32.0,147.75,16.1
-32.0,148.0,0.8
-32.0,148.25,21.6
-32.0,148.5,15.9
-32.0,148.75,0.8
-32.0,149.0,24.1
-32.0,149.25,29.4
-32.0,149.5,29.9
-32.0,149.75,23.2
-32.0,150.0,18.1
-32.0,150.25,19.3
-32.0,150.5,19.5
-32.0,150.75,4.0
-32.0,151.0,8.8
-32.0,151.25,9.4
-32.0,151.5,0.0
-32.0,151.75,3.7
-32.0,152.0,14.9
-32.0,152.25,10.1
-32.0,152.5,0.0
-32.0,152.75,15.5
-32.25,115.5,24.1
-32.25,115.75,4.7
-32.25,116.0,8.5
-32.25,116.25,1.5
-32.25,116.5,6.1
-32.25,116.75,5.5
-32.25,117.0,14.2
-32.25,117.25,0.4
-32.25,117.5,17.3
-32.25,117.75,14.2
-32.25,118.0,5.4
-32.25,118.25,13.4
-32.25,118.5,6.0
-32.25,118.75,7.4
-32.25,119.0,1.2
-32.25,119.25,18.8
-32.25,119.5,24.0
-32.25,119.75,14.2
-32.25,120.0,23.7
-32.25,120.25,30.3
-32.25,120.5,48.4
-32.25,120.75,48.1
-32.25,121.0,56.4
-32.25,121.25,47.5
-32.25,121.5,25.0
-32.25,121.75,4.2
-32.25,122.0,0.8
-32.25,122.25,0.0
-32.25,122.5,0.0
-32.25,122.75,7.4
-32.25,123.0,16.4
-32.25,123.25,16.6
-32.25,123.5,16.6
-32.25,123.75,28.3
-32.25,124.0,49.2
-32.25,124.25,69.7
-32.25,124.5,63.2
-32.25,124.75,52.7
-32.25,125.0,42.2
-32.25,125.25,31.7
-32.25,125.5,19.1
-32.25,125.75,4.3
-32.25,126.0,0.0
-32.25,126.25,0.7
-32.25,126.5,0.0
-32.25,126.75,0.0
-32.25,127.0,0.0
-32.25,127.25,0.0
-32.25,127.5,3.8
-32.25,127.75,21.3
-32.25,128.0,44.3
-32.25,128.25,67.6
-32.25,132.25,16.3
-32.25,132.5,24.8
-32.25,132.75,25.3
-32.25,133.0,11.9
-32.25,133.25,0.7
-32.25,133.5,4.9
-32.25,133.75,4.9
-32.25,134.0,18.4
-32.25,134.25,11.2
-32.25,134.5,2.0
-32.25,134.75,0.0
-32.25,135.0,13.5
-32.25,135.25,10.4
-32.25,135.5,20.2
-32.25,135.75,9.9
-32.25,136.0,3.8
-32.25,136.25,0.5
-32.25,136.5,21.8
-32.25,136.75,45.1
-32.25,137.0,47.4
-32.25,137.25,55.4
-32.25,137.5,38.6
-32.25,137.75,16.2
-32.25,138.0,4.6
-32.25,138.25,24.7
-32.25,138.5,46.1
-32.25,138.75,67.2
-32.25,139.0,78.2
-32.25,139.25,89.1
-32.25,139.5,103.9
-32.25,139.75,116.8
-32.25,140.0,109.7
-32.25,140.25,98.5
-32.25,140.5,91.9
-32.25,140.75,90.6
-32.25,141.0,90.7
-32.25,141.25,84.9
-32.25,141.5,63.7
-32.25,141.75,43.9
-32.25,142.0,22.4
-32.25,142.25,5.7
-32.25,142.5,17.1
-32.25,142.75,35.1
-32.25,143.0,57.0
-32.25,143.25,79.7
-32.25,143.5,102.7
-32.25,143.75,90.6
-32.25,144.0,71.3
-32.25,144.25,55.0
-32.25,144.5,45.4
-32.25,144.75,46.1
-32.25,145.0,40.9
-32.25,145.25,23.4
-32.25,145.5,19.7
-32.25,145.75,21.0
-32.25,146.0,27.1
-32.25,146.25,4.1
-32.25,146.5,12.3
-32.25,146.75,35.7
-32.25,147.0,50.2
-32.25,147.25,60.9
-32.25,147.5,49.6
-32.25,147.75,33.2
-32.25,148.0,26.3
-32.25,148.25,37.1
-32.25,148.5,32.3
-32.25,148.75,24.4
-32.25,149.0,17.1
-32.25,149.25,4.0
-32.25,149.5,25.8
-32.25,149.75,4.9
-32.25,150.0,0.3
-32.25,150.25,3.9
-32.25,150.5,5.0
-32.25,150.75,12.4
-32.25,151.0,22.6
-32.25,151.25,3.1
-32.25,151.5,10.3
-32.25,151.75,1.6
-32.25,152.0,6.9
-32.25,152.25,8.5
-32.25,152.5,0.7
-32.25,152.75,17.2
-32.5,115.5,20.3
-32.5,115.75,11.4
-32.5,116.0,9.0
-32.5,116.25,3.1
-32.5,116.5,10.5
-32.5,116.75,3.3
-32.5,117.0,4.5
-32.5,117.25,4.1
-32.5,117.5,10.9
-32.5,117.75,11.0
-32.5,118.0,13.2
-32.5,118.25,2.0
-32.5,118.5,3.5
-32.5,118.75,4.9
-32.5,119.0,7.7
-32.5,119.25,1.6
-32.5,119.5,3.7
-32.5,119.75,11.2
-32.5,120.0,23.7
-32.5,120.25,37.5
-32.5,120.5,25.6
-32.5,120.75,20.8
-32.5,121.0,35.6
-32.5,121.25,30.0
-32.5,121.5,11.3
-32.5,121.75,13.5
-32.5,122.0,0.0
-32.5,122.25,0.0
-32.5,122.5,0.0
-32.5,122.75,0.0
-32.5,123.0,0.0
-32.5,123.25,0.0
-32.5,123.5,0.0
-32.5,123.75,22.9
-32.5,124.0,46.2
-32.5,124.25,43.0
-32.5,124.5,38.1
-32.5,124.75,27.7
-32.5,125.0,17.3
-32.5,125.25,6.7
-32.5,125.5,0.0
-32.5,125.75,8.7
-32.5,126.0,21.8
-32.5,126.25,27.7
-32.5,126.5,22.9
-32.5,126.75,21.7
-32.5,127.0,23.0
-32.5,127.25,25.2
-32.5,133.75,9.0
-32.5,134.0,3.1
-32.5,134.25,10.5
-32.5,134.5,26.5
-32.5,134.75,11.6
-32.5,135.0,1.6
-32.5,135.25,0.0
-32.5,135.5,0.0
-32.5,135.75,8.5
-32.5,136.0,14.2
-32.5,136.25,27.6
-32.5,136.5,32.6
-32.5,136.75,21.5
-32.5,137.0,20.6
-32.5,137.25,37.0
-32.5,137.5,31.8
-32.5,137.75,19.3
-32.5,138.0,0.6
-32.5,138.25,16.5
-32.5,138.5,39.6
-32.5,138.75,61.0
-32.5,139.0,74.4
-32.5,139.25,74.6
-32.5,139.5,81.4
-32.5,139.75,93.3
-32.5,140.0,86.7
-32.5,140.25,73.6
-32.5,140.5,64.5
-32.5,140.75,62.7
-32.5,141.0,62.7
-32.5,141.25,66.8
-32.5,141.5,55.8
-32.5,141.75,32.6
-32.5,142.0,9.6
-32.5,142.25,0.0
-32.5,142.5,10.2
-32.5,142.75,33.2
-32.5,143.0,56.2
-32.5,143.25,79.1
-32.5,143.5,102.2
-32.5,143.75,80.6
-32.5,144.0,58.0
-32.5,144.25,36.3
-32.5,144.5,18.9
-32.5,144.75,18.4
-32.5,145.0,27.3
-32.5,145.25,11.3
-32.5,145.5,0.0
-32.5,145.75,2.9
-32.5,146.0,26.1
-32.5,146.25,29.9
-32.5,146.5,30.9
-32.5,146.75,18.3
-32.5,147.0,24.5
-32.5,147.25,40.0
-32.5,147.5,57.6
-32.5,147.75,52.8
-32.5,148.0,31.7
-32.5,148.25,12.0
-32.5,148.5,16.5
-32.5,148.75,36.9
-32.5,149.0,27.6
-32.5,149.25,21.3
-32.5,149.5,11.0
-32.5,149.75,8.5
-32.5,150.0,12.0
-32.5,150.25,0.0
-32.5,150.5,0.0
-32.5,150.75,0.0
-32.5,151.0,8.8
-32.5,151.25,27.7
-32.5,151.5,28.6
-32.5,151.75,10.9
-32.5,152.0,5.9
-32.5,152.25,0.0
-32.5,152.5,4.7
-32.75,115.5,11.2
-32.75,115.75,1.0
-32.75,116.0,0.0
-32.75,116.25,7.9
-32.75,116.5,15.9
-32.75,116.75,22.1
-32.75,117.0,28.3
-32.75,117.25,20.1
-32.75,117.5,12.0
-32.75,117.75,17.6
-32.75,118.0,16.8
-32.75,118.25,2.2
-32.75,118.5,0.3
-32.75,118.75,7.0
-32.75,119.0,0.0
-32.75,119.25,0.9
-32.75,119.5,5.9
-32.75,119.75,6.1
-32.75,120.0,21.4
-32.75,120.25,9.6
-32.75,120.5,4.6
-32.75,120.75,7.5
-32.75,121.0,7.6
-32.75,121.25,8.3
-32.75,121.5,6.4
-32.75,121.75,11.9
-32.75,122.0,0.0
-32.75,122.25,0.0
-32.75,122.5,0.0
-32.75,122.75,0.0
-32.75,123.0,0.0
-32.75,123.25,0.0
-32.75,123.5,4.4
-32.75,123.75,25.2
-32.75,124.0,30.1
-32.75,124.25,16.4
-32.75,124.5,11.5
-32.75,124.75,2.7
-32.75,125.0,0.0
-32.75,125.25,10.7
-32.75,125.5,19.5
-32.75,125.75,29.9
-32.75,134.0,24.8
-32.75,134.25,20.5
-32.75,134.5,27.4
-32.75,134.75,24.2
-32.75,135.0,10.9
-32.75,135.25,10.2
-32.75,135.5,0.0
-32.75,135.75,0.0
-32.75,136.0,11.4
-32.75,136.25,28.7
-32.75,136.5,17.7
-32.75,136.75,0.8
-32.75,137.0,8.4
-32.75,137.25,30.9
-32.75,137.5,21.3
-32.75,137.75,3.2
-32.75,138.0,2.3
-32.75,138.25,6.8
-32.75,138.5,29.5
-32.75,138.75,52.7
-32.75,139.0,46.9
-32.75,139.25,47.3
-32.75,139.5,57.0
-32.75,139.75,72.9
-32.75,140.0,66.4
-32.75,140.25,50.5
-32.75,140.5,38.0
-32.75,140.75,34.7
-32.75,141.0,34.8
-32.75,141.25,41.7
-32.75,141.5,57.8
-32.75,141.75,39.5
-32.75,142.0,21.1
-32.75,142.25,15.5
-32.75,142.5,18.0
-32.75,142.75,37.0
-32.75,143.0,59.0
-32.75,143.25,81.5
-32.75,143.5,92.6
-32.75,143.75,72.7
-32.75,144.0,54.7
-32.75,144.25,31.5
-32.75,144.5,8.8
-32.75,144.75,1.5
-32.75,145.0,20.7
-32.75,145.25,7.7
-32.75,145.5,4.3
-32.75,145.75,4.5
-32.75,146.0,22.4
-32.75,146.25,23.4
-32.75,146.5,22.6
-32.75,146.75,3.1
-32.75,147.0,3.6
-32.75,147.25,25.4
-32.75,147.5,41.8
-32.75,147.75,49.1
-32.75,148.0,26.2
-32.75,148.25,5.4
-32.75,148.5,10.1
-32.75,148.75,30.4
-32.75,149.0,43.1
-32.75,149.25,29.7
-32.75,149.5,7.4
-32.75,149.75,13.5
-32.75,150.0,12.3
-32.75,150.25,0.4
-32.75,150.5,0.0
-32.75,150.75,2.9
-32.75,151.0,0.0
-32.75,151.25,11.9
-32.75,151.5,7.0
-32.75,151.75,7.4
-32.75,152.0,3.1
-32.75,152.25,4.4
-33.0,115.5,16.9
-33.0,115.75,4.9
-33.0,116.0,6.8
-33.0,116.25,0.0
-33.0,116.5,11.2
-33.0,116.75,18.6
-33.0,117.0,26.8
-33.0,117.25,7.9
-33.0,117.5,0.0
-33.0,117.75,4.4
-33.0,118.0,2.6
-33.0,118.25,0.0
-33.0,118.5,3.1
-33.0,118.75,5.1
-33.0,119.0,7.0
-33.0,119.25,14.7
-33.0,119.5,2.1
-33.0,119.75,0.3
-33.0,120.0,0.0
-33.0,120.25,0.0
-33.0,120.5,13.3
-33.0,120.75,23.2
-33.0,121.0,0.0
-33.0,121.25,2.9
-33.0,121.5,9.7
-33.0,121.75,5.8
-33.0,122.0,9.7
-33.0,122.25,27.9
-33.0,122.5,27.9
-33.0,122.75,27.9
-33.0,123.0,27.9
-33.0,123.25,27.9
-33.0,123.5,28.2
-33.0,123.75,26.4
-33.0,124.0,8.2
-33.0,124.25,0.0
-33.0,124.5,7.7
-33.0,124.75,11.0
-33.0,125.0,20.8
-33.0,125.25,34.5
-33.0,134.0,17.3
-33.0,134.25,4.9
-33.0,134.5,10.9
-33.0,134.75,4.5
-33.0,135.0,3.8
-33.0,135.25,19.3
-33.0,135.5,9.9
-33.0,135.75,0.0
-33.0,136.0,0.1
-33.0,136.25,16.5
-33.0,136.5,6.5
-33.0,136.75,0.0
-33.0,137.0,17.5
-33.0,137.25,23.7
-33.0,137.5,4.7
-33.0,137.75,17.6
-33.0,138.0,9.2
-33.0,138.25,10.7
-33.0,138.5,32.8
-33.0,138.75,38.0
-33.0,139.0,20.6
-33.0,139.25,20.9
-33.0,139.5,37.7
-33.0,139.75,58.8
-33.0,140.0,50.8
-33.0,140.25,31.6
-33.0,140.5,14.7
-33.0,140.75,6.8
-33.0,141.0,6.8
-33.0,141.25,24.0
-33.0,141.5,45.3
-33.0,141.75,45.5
-33.0,142.0,45.6
-33.0,142.25,43.2
-33.0,142.5,43.5
-33.0,142.75,54.3
-33.0,143.0,71.1
-33.0,143.25,71.9
-33.0,143.5,77.0
-33.0,143.75,60.9
-33.0,144.0,38.8
-33.0,144.25,19.1
-33.0,144.5,16.7
-33.0,144.75,24.3
-33.0,145.0,16.6
-33.0,145.25,23.4
-33.0,145.5,14.6
-33.0,145.75,0.0
-33.0,146.0,0.5
-33.0,146.25,2.8
-33.0,146.5,24.0
-33.0,146.75,21.2
-33.0,147.0,17.7
-33.0,147.25,6.4
-33.0,147.5,24.8
-33.0,147.75,47.6
-33.0,148.0,31.0
-33.0,148.25,8.2
-33.0,148.5,0.0
-33.0,148.75,15.7
-33.0,149.0,20.5
-33.0,149.25,12.9
-33.0,149.5,24.5
-33.0,149.75,24.7
-33.0,150.0,13.4
-33.0,150.25,0.6
-33.0,150.5,0.0
-33.0,150.75,0.6
-33.0,151.0,0.5
-33.0,151.25,4.5
-33.0,151.5,5.0
-33.0,151.75,2.4
-33.0,152.0,23.2
-33.25,115.5,16.9
-33.25,115.75,4.9
-33.25,116.0,16.3
-33.25,116.25,0.0
-33.25,116.5,8.8
-33.25,116.75,29.6
-33.25,117.0,30.3
-33.25,117.25,14.9
-33.25,117.5,4.5
-33.25,117.75,9.7
-33.25,118.0,18.3
-33.25,118.25,6.5
-33.25,118.5,5.6
-33.25,118.75,0.8
-33.25,119.0,2.2
-33.25,119.25,13.0
-33.25,119.5,0.1
-33.25,119.75,0.0
-33.25,120.0,7.0
-33.25,120.25,13.8
-33.25,120.5,25.6
-33.25,120.75,21.1
-33.25,121.0,6.4
-33.25,121.25,11.6
-33.25,121.5,5.3
-33.25,121.75,4.1
-33.25,122.0,12.6
-33.25,122.25,20.8
-33.25,122.5,15.2
-33.25,122.75,14.0
-33.25,123.0,8.7
-33.25,123.25,3.9
-33.25,123.5,3.9
-33.25,123.75,3.8
-33.25,124.0,0.0
-33.25,124.25,15.4
-33.25,124.5,35.0
-33.25,124.75,38.4
-33.25,134.25,26.0
-33.25,134.5,10.1
-33.25,134.75,5.5
-33.25,135.0,1.0
-33.25,135.25,0.0
-33.25,135.5,6.7
-33.25,135.75,9.4
-33.25,136.0,9.0
-33.25,136.25,1.7
-33.25,136.5,1.3
-33.25,136.75,12.8
-33.25,137.0,13.3
-33.25,137.25,8.5
-33.25,137.5,11.2
-33.25,137.75,24.2
-33.25,138.0,16.4
-33.25,138.25,12.6
-33.25,138.5,32.4
-33.25,138.75,34.5
-33.25,139.0,13.0
-33.25,139.25,10.8
-33.25,139.5,32.6
-33.25,139.75,55.4
-33.25,140.0,38.1
-33.25,140.25,19.1
-33.25,140.5,0.0
-33.25,140.75,0.0
-33.25,141.0,0.0
-33.25,141.25,11.6
-33.25,141.5,22.5
-33.25,141.75,19.5
-33.25,142.0,19.5
-33.25,142.25,35.3
-33.25,142.5,55.7
-33.25,142.75,50.2
-33.25,143.0,43.2
-33.25,143.25,44.1
-33.25,143.5,51.7
-33.25,143.75,60.1
-33.25,144.0,37.7
-33.25,144.25,17.4
-33.25,144.5,14.6
-33.25,144.75,9.5
-33.25,145.0,0.0
-33.25,145.25,12.6
-33.25,145.5,15.6
-33.25,145.75,2.1
-33.25,146.0,14.1
-33.25,146.25,16.8
-33.25,146.5,31.0
-33.25,146.75,45.7
-33.25,147.0,27.8
-33.25,147.25,19.4
-33.25,147.5,31.1
-33.25,147.75,51.3
-33.25,148.0,36.2
-33.25,148.25,13.9
-33.25,148.5,7.4
-33.25,148.75,13.4
-33.25,149.0,7.8
-33.25,149.25,8.8
-33.25,149.5,15.5
-33.25,149.75,1.4
-33.25,150.0,3.2
-33.25,150.25,0.0
-33.25,150.5,0.0
-33.25,150.75,0.0
-33.25,151.0,0.0
-33.25,151.25,0.1
-33.25,151.5,5.3
-33.25,151.75,13.0
-33.5,115.25,20.5
-33.5,115.5,3.9
-33.5,115.75,16.0
-33.5,116.0,34.3
-33.5,116.25,24.8
-33.5,116.5,12.8
-33.5,116.75,14.0
-33.5,117.0,23.6
-33.5,117.25,0.5
-33.5,117.5,12.9
-33.5,117.75,0.4
-33.5,118.0,11.6
-33.5,118.25,10.7
-33.5,118.5,1.7
-33.5,118.75,9.6
-33.5,119.0,0.0
-33.5,119.25,3.8
-33.5,119.5,11.8
-33.5,119.75,0.0
-33.5,120.0,2.3
-33.5,120.25,20.8
-33.5,120.5,11.1
-33.5,120.75,3.2
-33.5,121.0,8.4
-33.5,121.25,2.6
-33.5,121.5,3.3
-33.5,121.75,10.2
-33.5,122.0,3.4
-33.5,122.25,1.8
-33.5,122.5,2.9
-33.5,122.75,0.8
-33.5,123.0,3.0
-33.5,123.25,0.0
-33.5,123.5,0.0
-33.5,123.75,0.0
-33.5,124.0,1.3
-33.5,124.25,24.3
-33.5,134.5,20.7
-33.5,134.75,9.9
-33.5,135.0,9.4
-33.5,135.25,13.1
-33.5,135.5,0.8
-33.5,135.75,5.4
-33.5,136.0,1.3
-33.5,136.25,5.6
-33.5,136.5,9.4
-33.5,136.75,0.1
-33.5,137.0,15.0
-33.5,137.25,0.0
-33.5,137.5,14.0
-33.5,137.75,29.3
-33.5,138.0,6.2
-33.5,138.25,15.3
-33.5,138.5,38.4
-33.5,138.75,18.5
-33.5,139.0,6.2
-33.5,139.25,22.3
-33.5,139.5,39.6
-33.5,139.75,46.5
-33.5,140.0,23.4
-33.5,140.25,2.2
-33.5,140.5,0.0
-33.5,140.75,0.0
-33.5,141.0,0.0
-33.5,141.25,4.2
-33.5,141.5,16.2
-33.5,141.75,11.4
-33.5,142.0,7.8
-33.5,142.25,29.5
-33.5,142.5,50.9
-33.5,142.75,29.7
-33.5,143.0,15.5
-33.5,143.25,16.6
-33.5,143.5,30.2
-33.5,143.75,50.7
-33.5,144.0,53.6
-33.5,144.25,41.8
-33.5,144.5,40.6
-33.5,144.75,27.9
-33.5,145.0,26.1
-33.5,145.25,32.0
-33.5,145.5,27.0
-33.5,145.75,6.3
-33.5,146.0,18.8
-33.5,146.25,41.5
-33.5,146.5,51.6
-33.5,146.75,63.9
-33.5,147.0,51.3
-33.5,147.25,47.3
-33.5,147.5,53.2
-33.5,147.75,46.6
-33.5,148.0,40.4
-33.5,148.25,18.2
-33.5,148.5,1.4
-33.5,148.75,17.4
-33.5,149.0,14.9
-33.5,149.25,26.7
-33.5,149.5,27.0
-33.5,149.75,11.0
-33.5,150.0,7.1
-33.5,150.25,1.6
-33.5,150.5,0.0
-33.5,150.75,0.5
-33.5,151.0,2.1
-33.5,151.25,0.0
-33.5,151.5,6.5
-33.75,115.0,0.3
-33.75,115.25,18.5
-33.75,115.5,13.2
-33.75,115.75,28.7
-33.75,116.0,22.3
-33.75,116.25,24.7
-33.75,116.5,18.1
-33.75,116.75,18.2
-33.75,117.0,27.2
-33.75,117.25,27.2
-33.75,117.5,23.3
-33.75,117.75,7.6
-33.75,118.0,12.3
-33.75,118.25,3.6
-33.75,118.5,13.0
-33.75,118.75,1.2
-33.75,119.0,5.1
-33.75,119.25,6.8
-33.75,119.5,4.9
-33.75,119.75,0.0
-33.75,120.0,3.1
-33.75,120.25,1.1
-33.75,120.5,11.5
-33.75,120.75,7.5
-33.75,121.0,8.7
-33.75,121.25,5.4
-33.75,121.5,1.8
-33.75,121.75,0.7
-33.75,122.0,4.5
-33.75,122.25,16.8
-33.75,122.5,11.2
-33.75,122.75,9.5
-33.75,123.0,5.5
-33.75,123.25,0.0
-33.75,123.5,0.0
-33.75,123.75,0.0
-33.75,124.0,4.0
-33.75,134.75,16.5
-33.75,135.0,23.7
-33.75,135.25,11.2
-33.75,135.5,0.0
-33.75,135.75,9.1
-33.75,136.0,0.0
-33.75,136.25,9.3
-33.75,136.5,9.7
-33.75,136.75,10.2
-33.75,137.0,3.2
-33.75,137.25,25.3
-33.75,137.5,25.8
-33.75,137.75,32.3
-33.75,138.0,26.8
-33.75,138.25,30.0
-33.75,138.5,19.0
-33.75,138.75,21.3
-33.75,139.0,9.0
-33.75,139.25,13.9
-33.75,139.5,19.4
-33.75,139.75,26.4
-33.75,140.0,24.9
-33.75,140.25,9.2
-33.75,140.5,0.0
-33.75,140.75,0.0
-33.75,141.0,0.0
-33.75,141.25,22.8
-33.75,141.5,35.6
-33.75,141.75,34.7
-33.75,142.0,32.8
-33.75,142.25,43.7
-33.75,142.5,39.5
-33.75,142.75,23.7
-33.75,143.0,0.9
-33.75,143.25,2.6
-33.75,143.5,25.5
-33.75,143.75,48.4
-33.75,144.0,71.2
-33.75,144.25,53.4
-33.75,144.5,35.8
-33.75,144.75,26.8
-33.75,145.0,34.2
-33.75,145.25,51.4
-33.75,145.5,33.2
-33.75,145.75,20.6
-33.75,146.0,27.1
-33.75,146.25,24.8
-33.75,146.5,36.2
-33.75,146.75,41.7
-33.75,147.0,29.4
-33.75,147.25,31.8
-33.75,147.5,44.4
-33.75,147.75,24.2
-33.75,148.0,14.3
-33.75,148.25,9.3
-33.75,148.5,2.0
-33.75,148.75,24.1
-33.75,149.0,18.7
-33.75,149.25,7.3
-33.75,149.5,24.1
-33.75,149.75,22.6
-33.75,150.0,3.3
-33.75,150.25,0.0
-33.75,150.5,0.0
-33.75,150.75,6.1
-33.75,151.0,5.4
-33.75,151.25,2.3
-33.75,151.5,18.8
-34.0,114.75,21.6
-34.0,115.0,0.2
-34.0,115.25,16.9
-34.0,115.5,33.2
-34.0,115.75,30.4
-34.0,116.0,8.3
-34.0,116.25,14.9
-34.0,116.5,37.0
-34.0,116.75,22.2
-34.0,117.0,0.5
-34.0,117.25,20.0
-34.0,117.5,35.5
-34.0,117.75,25.5
-34.0,118.0,17.9
-34.0,118.25,31.3
-34.0,118.5,12.3
-34.0,118.75,8.8
-34.0,119.0,6.0
-34.0,119.25,0.0
-34.0,119.5,0.0
-34.0,119.75,0.0
-34.0,120.0,5.1
-34.0,120.25,7.2
-34.0,120.5,6.1
-34.0,120.75,12.1
-34.0,121.0,14.2
-34.0,121.25,15.2
-34.0,121.5,9.1
-34.0,121.75,4.7
-34.0,122.0,1.1
-34.0,122.25,0.0
-34.0,122.5,3.4
-34.0,122.75,3.1
-34.0,123.0,7.1
-34.0,123.25,0.3
-34.0,123.5,2.0
-34.0,123.75,15.9
-34.0,135.0,46.1
-34.0,135.25,32.3
-34.0,135.5,17.7
-34.0,135.75,8.8
-34.0,136.0,1.5
-34.0,136.25,9.5
-34.0,136.5,32.4
-34.0,136.75,24.4
-34.0,137.0,26.1
-34.0,137.25,23.9
-34.0,137.5,1.3
-34.0,137.75,18.4
-34.0,138.0,15.0
-34.0,138.25,18.6
-34.0,138.5,12.4
-34.0,138.75,15.5
-34.0,139.0,35.4
-34.0,139.25,23.3
-34.0,139.5,5.2
-34.0,139.75,5.5
-34.0,140.0,11.2
-34.0,140.25,11.1
-34.0,140.5,0.0
-34.0,140.75,0.0
-34.0,141.0,0.0
-34.0,141.25,7.1
-34.0,141.5,18.6
-34.0,141.75,19.3
-34.0,142.0,31.0
-34.0,142.25,22.8
-34.0,142.5,12.0
-34.0,142.75,15.0
-34.0,143.0,24.2
-34.0,143.25,22.2
-34.0,143.5,34.3
-34.0,143.75,54.1
-34.0,144.0,68.1
-34.0,144.25,45.2
-34.0,144.5,22.2
-34.0,144.75,0.1
-34.0,145.0,20.5
-34.0,145.25,43.5
-34.0,145.5,54.9
-34.0,145.75,37.1
-34.0,146.0,14.5
-34.0,146.25,3.4
-34.0,146.5,22.9
-34.0,146.75,30.3
-34.0,147.0,7.5
-34.0,147.25,13.8
-34.0,147.5,31.4
-34.0,147.75,19.7
-34.0,148.0,0.9
-34.0,148.25,14.0
-34.0,148.5,8.3
-34.0,148.75,14.3
-34.0,149.0,5.7
-34.0,149.25,1.7
-34.0,149.5,3.1
-34.0,149.75,3.9
-34.0,150.0,0.0
-34.0,150.25,0.0
-34.0,150.5,0.1
-34.0,150.75,12.2
-34.0,151.0,1.8
-34.0,151.25,0.1
-34.0,151.5,22.7
-34.25,115.0,2.2
-34.25,115.25,0.0
-34.25,115.5,7.8
-34.25,115.75,14.4
-34.25,116.0,18.1
-34.25,116.25,24.0
-34.25,116.5,19.1
-34.25,116.75,7.0
-34.25,117.0,18.1
-34.25,117.25,23.1
-34.25,117.5,16.3
-34.25,117.75,2.7
-34.25,118.0,2.1
-34.25,118.25,7.6
-34.25,118.5,9.2
-34.25,118.75,5.4
-34.25,119.0,18.7
-34.25,119.25,13.5
-34.25,119.5,0.9
-34.25,119.75,17.3
-34.25,120.0,30.7
-34.25,120.25,34.8
-34.25,120.5,33.3
-34.25,120.75,39.9
-34.25,122.25,9.6
-34.25,122.5,5.8
-34.25,122.75,16.0
-34.25,123.0,15.4
-34.25,123.25,12.6
-34.25,123.5,11.2
-34.25,135.0,27.2
-34.25,135.25,20.3
-34.25,135.5,31.6
-34.25,135.75,33.7
-34.25,136.0,29.3
-34.25,136.25,26.5
-34.25,136.5,33.0
-34.25,137.25,36.0
-34.25,137.5,26.3
-34.25,137.75,25.4
-34.25,138.0,4.0
-34.25,138.25,8.5
-34.25,138.5,30.8
-34.25,138.75,38.7
-34.25,139.0,35.9
-34.25,139.25,20.5
-34.25,139.5,7.7
-34.25,139.75,20.8
-34.25,140.0,15.8
-34.25,140.25,9.3
-34.25,140.5,8.1
-34.25,140.75,2.4
-34.25,141.0,0.0
-34.25,141.25,3.9
-34.25,141.5,7.6
-34.25,141.75,12.7
-34.25,142.0,19.5
-34.25,142.25,0.7
-34.25,142.5,0.0
-34.25,142.75,0.0
-34.25,143.0,17.4
-34.25,143.25,40.2
-34.25,143.5,54.1
-34.25,143.75,49.2
-34.25,144.0,52.4
-34.25,144.25,52.7
-34.25,144.5,35.1
-34.25,144.75,26.8
-34.25,145.0,33.8
-34.25,145.25,44.1
-34.25,145.5,48.0
-34.25,145.75,43.0
-34.25,146.0,22.0
-34.25,146.25,4.9
-34.25,146.5,19.0
-34.25,146.75,39.3
-34.25,147.0,26.2
-34.25,147.25,18.9
-34.25,147.5,10.1
-34.25,147.75,10.3
-34.25,148.0,26.8
-34.25,148.25,20.7
-34.25,148.5,3.3
-34.25,148.75,22.3
-34.25,149.0,27.9
-34.25,149.25,17.5
-34.25,149.5,13.2
-34.25,149.75,6.1
-34.25,150.0,0.0
-34.25,150.25,0.0
-34.25,150.5,0.0
-34.25,150.75,7.4
-34.25,151.0,3.0
-34.25,151.25,16.9
-34.5,115.25,16.9
-34.5,115.5,9.4
-34.5,115.75,0.0
-34.5,116.0,0.9
-34.5,116.25,9.6
-34.5,116.5,0.0
-34.5,116.75,0.0
-34.5,117.0,8.6
-34.5,117.25,4.3
-34.5,117.5,2.4
-34.5,117.75,2.4
-34.5,118.0,2.3
-34.5,118.25,0.1
-34.5,118.5,9.7
-34.5,118.75,9.9
-34.5,119.0,27.0
-34.5,119.25,8.9
-34.5,119.5,14.4
-34.5,135.25,0.7
-34.5,135.5,7.6
-34.5,135.75,14.2
-34.5,136.0,11.7
-34.5,136.25,1.1
-34.5,137.5,50.2
-34.5,137.75,40.0
-34.5,138.0,31.2
-34.5,138.25,24.1
-34.5,138.5,17.9
-34.5,138.75,18.2
-34.5,139.0,8.1
-34.5,139.25,17.4
-34.5,139.5,2.6
-34.5,139.75,15.3
-34.5,140.0,3.8
-34.5,140.25,23.7
-34.5,140.5,5.4
-34.5,140.75,16.9
-34.5,141.0,0.0
-34.5,141.25,4.3
-34.5,141.5,2.9
-34.5,141.75,5.0
-34.5,142.0,0.2
-34.5,142.25,7.4
-34.5,142.5,6.7
-34.5,142.75,6.3
-34.5,143.0,18.7
-34.5,143.25,29.0
-34.5,143.5,30.9
-34.5,143.75,21.4
-34.5,144.0,26.8
-34.5,144.25,43.5
-34.5,144.5,59.3
-34.5,144.75,44.9
-34.5,145.0,25.0
-34.5,145.25,16.5
-34.5,145.5,22.8
-34.5,145.75,40.4
-34.5,146.0,40.9
-34.5,146.25,32.2
-34.5,146.5,36.9
-34.5,146.75,52.3
-34.5,147.0,33.2
-34.5,147.25,10.7
-34.5,147.5,4.7
-34.5,147.75,22.0
-34.5,148.0,31.2
-34.5,148.25,37.3
-34.5,148.5,31.1
-34.5,148.75,38.1
-34.5,149.0,33.9
-34.5,149.25,38.2
-34.5,149.5,33.3
-34.5,149.75,10.9
-34.5,150.0,2.8
-34.5,150.25,5.3
-34.5,150.5,13.3
-34.5,150.75,2.0
-34.5,151.0,15.7
-34.75,115.75,15.7
-34.75,116.0,0.0
-34.75,116.25,4.1
-34.75,116.5,3.0
-34.75,116.75,0.2
-34.75,117.0,1.9
-34.75,117.25,7.4
-34.75,117.5,1.5
-34.75,117.75,10.7
-34.75,118.0,6.5
-34.75,118.25,4.2
-34.75,118.5,6.4
-34.75,118.75,15.2
-34.75,119.0,34.2
-34.75,119.25,34.6
-34.75,135.5,2.6
-34.75,135.75,3.3
-34.75,136.0,0.0
-34.75,137.75,46.9
-34.75,138.25,18.8
-34.75,138.5,0.9
-34.75,138.75,6.7
-34.75,139.0,7.7
-34.75,139.25,25.0
-34.75,139.5,7.5
-34.75,139.75,19.7
-34.75,140.0,25.3
-34.75,140.25,18.7
-34.75,140.5,13.4
-34.75,140.75,15.8
-34.75,141.0,0.0
-34.75,141.25,0.0
-34.75,141.5,0.0
-34.75,141.75,0.0
-34.75,142.0,0.0
-34.75,142.25,2.4
-34.75,142.5,0.0
-34.75,142.75,5.2
-34.75,143.0,3.1
-34.75,143.25,2.2
-34.75,143.5,22.5
-34.75,143.75,4.3
-34.75,144.0,14.9
-34.75,144.25,37.5
-34.75,144.5,60.1
-34.75,144.75,40.2
-34.75,145.0,17.6
-34.75,145.25,0.0
-34.75,145.5,13.8
-34.75,145.75,36.6
-34.75,146.0,59.4
-34.75,146.25,59.9
-34.75,146.5,62.6
-34.75,146.75,60.5
-34.75,147.0,40.4
-34.75,147.25,25.6
-34.75,147.5,23.2
-34.75,147.75,13.4
-34.75,148.0,5.3
-34.75,148.25,27.2
-34.75,148.5,22.0
-34.75,148.75,24.0
-34.75,149.0,7.3
-34.75,149.25,18.7
-34.75,149.5,38.8
-34.75,149.75,21.8
-34.75,150.0,3.8
-34.75,150.25,0.0
-34.75,150.5,1.5
-34.75,150.75,3.3
-34.75,151.0,18.8
-35.0,116.0,17.5
-35.0,116.25,11.6
-35.0,116.5,0.0
-35.0,116.75,0.0
-35.0,117.0,0.0
-35.0,117.25,0.1
-35.0,117.5,8.0
-35.0,117.75,2.8
-35.0,118.0,7.4
-35.0,118.25,3.1
-35.0,118.5,7.3
-35.0,138.25,23.5
-35.0,138.5,12.1
-35.0,138.75,3.7
-35.0,139.0,25.7
-35.0,139.25,23.5
-35.0,139.5,15.0
-35.0,139.75,4.0
-35.0,140.0,26.0
-35.0,140.25,4.0
-35.0,140.5,0.0
-35.0,140.75,3.0
-35.0,141.0,5.0
-35.0,141.25,0.0
-35.0,141.5,0.0
-35.0,141.75,0.0
-35.0,142.0,2.0
-35.0,142.25,7.8
-35.0,142.5,2.3
-35.0,142.75,10.1
-35.0,143.0,15.3
-35.0,143.25,20.0
-35.0,143.5,34.4
-35.0,143.75,31.8
-35.0,144.0,34.3
-35.0,144.25,48.5
-35.0,144.5,66.6
-35.0,144.75,45.9
-35.0,145.0,28.4
-35.0,145.25,21.6
-35.0,145.5,26.0
-35.0,145.75,43.6
-35.0,146.0,64.4
-35.0,146.25,80.1
-35.0,146.5,59.6
-35.0,146.75,41.1
-35.0,147.0,29.5
-35.0,147.25,32.8
-35.0,147.5,39.8
-35.0,147.75,22.4
-35.0,148.0,17.7
-35.0,148.25,19.2
-35.0,148.5,6.9
-35.0,148.75,7.3
-35.0,149.0,14.7
-35.0,149.25,17.6
-35.0,149.5,32.2
-35.0,149.75,17.5
-35.0,150.0,3.9
-35.0,150.25,0.0
-35.0,150.5,0.0
-35.0,150.75,1.0
-35.0,151.0,18.4
-35.25,116.25,33.5
-35.25,116.5,24.1
-35.25,116.75,20.3
-35.25,117.0,21.8
-35.25,117.25,22.7
-35.25,117.5,16.5
-35.25,117.75,16.2
-35.25,118.0,14.2
-35.25,118.25,25.5
-35.25,138.25,15.7
-35.25,138.5,4.2
-35.25,138.75,4.9
-35.25,139.0,10.3
-35.25,139.25,9.3
-35.25,139.5,31.6
-35.25,139.75,29.7
-35.25,140.0,34.2
-35.25,140.25,17.7
-35.25,140.5,16.0
-35.25,140.75,12.2
-35.25,141.0,16.3
-35.25,141.25,21.4
-35.25,141.5,6.9
-35.25,141.75,2.3
-35.25,142.0,1.0
-35.25,142.25,0.0
-35.25,142.5,3.5
-35.25,142.75,3.0
-35.25,143.0,4.7
-35.25,143.25,12.7
-35.25,143.5,33.1
-35.25,143.75,27.1
-35.25,144.0,35.5
-35.25,144.25,47.9
-35.25,144.5,65.2
-35.25,144.75,64.3
-35.25,145.0,53.3
-35.25,145.25,49.1
-35.25,145.5,51.0
-35.25,145.75,61.9
-35.25,146.0,77.8
-35.25,146.25,74.2
-35.25,146.5,51.6
-35.25,146.75,28.9
-35.25,147.0,6.5
-35.25,147.25,15.1
-35.25,147.5,30.0
-35.25,147.75,9.4
-35.25,148.0,8.4
-35.25,148.25,4.2
-35.25,148.5,10.4
-35.25,148.75,0.0
-35.25,149.0,0.6
-35.25,149.25,5.5
-35.25,149.5,10.0
-35.25,149.75,6.5
-35.25,150.0,1.9
-35.25,150.25,0.0
-35.25,150.5,0.0
-35.25,150.75,7.4
-35.5,138.5,12.2
-35.5,138.75,6.0
-35.5,139.0,4.5
-35.5,139.25,16.1
-35.5,139.5,33.3
-35.5,139.75,30.1
-35.5,140.0,11.7
-35.5,140.25,12.3
-35.5,140.5,4.0
-35.5,140.75,3.6
-35.5,141.0,0.0
-35.5,141.25,0.0
-35.5,141.5,3.5
-35.5,141.75,0.0
-35.5,142.0,0.0
-35.5,142.25,0.0
-35.5,142.5,1.9
-35.5,142.75,10.3
-35.5,143.0,13.8
-35.5,143.25,18.6
-35.5,143.5,19.0
-35.5,143.75,0.5
-35.5,144.0,12.3
-35.5,144.25,32.5
-35.5,144.5,51.2
-35.5,144.75,44.8
-35.5,145.0,36.9
-35.5,145.25,36.6
-35.5,145.5,37.0
-35.5,145.75,44.4
-35.5,146.0,50.3
-35.5,146.25,58.2
-35.5,146.5,56.6
-35.5,146.75,36.9
-35.5,147.0,23.3
-35.5,147.25,8.1
-35.5,147.5,10.6
-35.5,147.75,9.5
-35.5,148.0,14.7
-35.5,148.25,1.2
-35.5,148.5,0.0
-35.5,148.75,0.0
-35.5,149.0,1.0
-35.5,149.25,8.9
-35.5,149.5,1.9
-35.5,149.75,7.4
-35.5,150.0,0.0
-35.5,150.25,5.0
-35.5,150.5,9.8
-35.75,138.75,23.2
-35.75,139.0,11.9
-35.75,139.25,0.0
-35.75,139.5,14.6
-35.75,139.75,7.2
-35.75,140.0,12.3
-35.75,140.25,0.3
-35.75,140.5,0.0
-35.75,140.75,0.0
-35.75,141.0,0.0
-35.75,141.25,0.0
-35.75,141.5,0.0
-35.75,141.75,0.0
-35.75,142.0,0.0
-35.75,142.25,10.6
-35.75,142.5,20.4
-35.75,142.75,18.5
-35.75,143.0,21.3
-35.75,143.25,10.7
-35.75,143.5,15.6
-35.75,143.75,3.6
-35.75,144.0,8.5
-35.75,144.25,16.8
-35.75,144.5,37.6
-35.75,144.75,23.4
-35.75,145.0,10.3
-35.75,145.25,8.9
-35.75,145.5,10.5
-35.75,145.75,18.4
-35.75,146.0,23.3
-35.75,146.25,30.9
-35.75,146.5,38.9
-35.75,146.75,29.9
-35.75,147.0,8.1
-35.75,147.25,11.6
-35.75,147.5,7.1
-35.75,147.75,13.0
-35.75,148.0,6.8
-35.75,148.25,4.0
-35.75,148.5,0.0
-35.75,148.75,0.0
-35.75,149.0,0.0
-35.75,149.25,1.6
-35.75,149.5,0.5
-35.75,149.75,0.0
-35.75,150.0,0.0
-35.75,150.25,3.4
-35.75,150.5,19.2
-36.0,139.25,16.4
-36.0,139.5,0.0
-36.0,139.75,3.3
-36.0,140.0,12.2
-36.0,140.25,6.2
-36.0,140.5,6.1
-36.0,140.75,8.3
-36.0,141.0,2.8
-36.0,141.25,7.1
-36.0,141.5,5.9
-36.0,141.75,3.9
-36.0,142.0,13.2
-36.0,142.25,31.9
-36.0,142.5,45.3
-36.0,142.75,26.7
-36.0,143.0,19.0
-36.0,143.25,30.9
-36.0,143.5,25.9
-36.0,143.75,5.3
-36.0,144.0,16.3
-36.0,144.25,9.8
-36.0,144.5,19.0
-36.0,144.75,12.0
-36.0,145.0,4.7
-36.0,145.25,12.1
-36.0,145.5,16.7
-36.0,145.75,8.7
-36.0,146.0,6.6
-36.0,146.25,3.4
-36.0,146.5,13.4
-36.0,146.75,15.1
-36.0,147.0,19.3
-36.0,147.25,5.2
-36.0,147.5,0.0
-36.0,147.75,2.9
-36.0,148.0,2.4
-36.0,148.25,0.0
-36.0,148.5,0.0
-36.0,148.75,8.8
-36.0,149.0,8.5
-36.0,149.25,5.8
-36.0,149.5,0.1
-36.0,149.75,0.0
-36.0,150.0,0.0
-36.0,150.25,7.8
-36.0,150.5,30.2
-36.25,139.5,13.7
-36.25,139.75,3.2
-36.25,140.0,0.3
-36.25,140.25,6.3
-36.25,140.5,25.6
-36.25,140.75,31.0
-36.25,141.0,23.5
-36.25,141.25,22.9
-36.25,141.5,23.6
-36.25,141.75,6.6
-36.25,142.0,13.1
-36.25,142.25,33.9
-36.25,142.5,38.3
-36.25,142.75,15.8
-36.25,143.0,1.0
-36.25,143.25,20.0
-36.25,143.5,8.3
-36.25,143.75,7.8
-36.25,144.0,20.7
-36.25,144.25,7.9
-36.25,144.5,21.5
-36.25,144.75,14.0
-36.25,145.0,10.3
-36.25,145.25,3.5
-36.25,145.5,15.8
-36.25,145.75,19.2
-36.25,146.0,4.1
-36.25,146.25,3.3
-36.25,146.5,3.3
-36.25,146.75,0.0
-36.25,147.0,6.9
-36.25,147.25,7.5
-36.25,147.5,2.2
-36.25,147.75,2.1
-36.25,148.0,5.8
-36.25,148.25,0.0
-36.25,148.5,0.0
-36.25,148.75,10.8
-36.25,149.0,8.2
-36.25,149.25,6.3
-36.25,149.5,2.7
-36.25,149.75,0.0
-36.25,150.0,3.5
-36.25,150.25,9.3
-36.25,150.5,31.7
-36.5,139.5,25.1
-36.5,139.75,4.9
-36.5,140.0,14.9
-36.5,140.25,10.2
-36.5,140.5,8.3
-36.5,140.75,17.3
-36.5,141.0,0.0
-36.5,141.25,3.3
-36.5,141.5,0.6
-36.5,141.75,0.0
-36.5,142.0,0.0
-36.5,142.25,19.7
-36.5,142.5,41.2
-36.5,142.75,27.3
-36.5,143.0,20.9
-36.5,143.25,26.3
-36.5,143.5,16.2
-36.5,143.75,2.6
-36.5,144.0,11.7
-36.5,144.25,5.5
-36.5,144.5,3.7
-36.5,144.75,5.4
-36.5,145.0,10.0
-36.5,145.25,24.1
-36.5,145.5,32.2
-36.5,145.75,17.6
-36.5,146.0,9.5
-36.5,146.25,6.1
-36.5,146.5,15.8
-36.5,146.75,2.0
-36.5,147.0,16.1
-36.5,147.25,10.4
-36.5,147.5,5.8
-36.5,147.75,1.4
-36.5,148.0,1.1
-36.5,148.25,0.0
-36.5,148.5,1.5
-36.5,148.75,12.1
-36.5,149.0,7.7
-36.5,149.25,8.3
-36.5,149.5,0.0
-36.5,149.75,0.3
-36.5,150.0,0.2
-36.5,150.25,17.1
-36.75,139.5,37.5
-36.75,139.75,24.6
-36.75,140.0,5.9
-36.75,140.25,14.2
-36.75,140.5,3.5
-36.75,140.75,21.3
-36.75,141.0,9.2
-36.75,141.25,11.1
-36.75,141.5,11.8
-36.75,141.75,0.8
-36.75,142.0,10.7
-36.75,142.25,17.3
-36.75,142.5,14.1
-36.75,142.75,21.9
-36.75,143.0,0.0
-36.75,143.25,1.4
-36.75,143.5,5.9
-36.75,143.75,5.9
-36.75,144.0,7.7
-36.75,144.25,0.2
-36.75,144.5,13.1
-36.75,144.75,4.1
-36.75,145.0,1.5
-36.75,145.25,11.8
-36.75,145.5,13.7
-36.75,145.75,10.6
-36.75,146.0,8.8
-36.75,146.25,5.0
-36.75,146.5,8.8
-36.75,146.75,0.0
-36.75,147.0,8.8
-36.75,147.25,0.0
-36.75,147.5,2.9
-36.75,147.75,0.0
-36.75,148.0,0.4
-36.75,148.25,0.0
-36.75,148.5,0.0
-36.75,148.75,0.0
-36.75,149.0,0.2
-36.75,149.25,13.3
-36.75,149.5,0.0
-36.75,149.75,7.9
-36.75,150.0,1.5
-36.75,150.25,23.5
-37.0,139.5,29.2
-37.0,139.75,17.6
-37.0,140.0,18.2
-37.0,140.25,21.9
-37.0,140.5,8.2
-37.0,140.75,4.9
-37.0,141.0,17.1
-37.0,141.25,22.5
-37.0,141.5,13.4
-37.0,141.75,1.1
-37.0,142.0,10.6
-37.0,142.25,7.8
-37.0,142.5,0.0
-37.0,142.75,0.0
-37.0,143.0,11.8
-37.0,143.25,1.2
-37.0,143.5,10.8
-37.0,143.75,2.3
-37.0,144.0,2.9
-37.0,144.25,3.6
-37.0,144.5,10.2
-37.0,144.75,0.0
-37.0,145.0,9.7
-37.0,145.25,20.2
-37.0,145.5,6.2
-37.0,145.75,12.0
-37.0,146.0,4.8
-37.0,146.25,12.4
-37.0,146.5,0.0
-37.0,146.75,0.0
-37.0,147.0,0.1
-37.0,147.25,0.0
-37.0,147.5,0.0
-37.0,147.75,2.7
-37.0,148.0,0.0
-37.0,148.25,2.3
-37.0,148.5,1.5
-37.0,148.75,0.0
-37.0,149.0,12.3
-37.0,149.25,4.0
-37.0,149.5,0.0
-37.0,149.75,0.4
-37.0,150.0,5.1
-37.0,150.25,26.8
-37.25,139.5,22.7
-37.25,139.75,3.3
-37.25,140.0,13.6
-37.25,140.25,29.3
-37.25,140.5,12.9
-37.25,140.75,10.9
-37.25,141.0,11.3
-37.25,141.25,2.5
-37.25,141.5,8.8
-37.25,141.75,18.4
-37.25,142.0,5.6
-37.25,142.25,1.4
-37.25,142.5,0.0
-37.25,142.75,0.4
-37.25,143.0,2.9
-37.25,143.25,4.3
-37.25,143.5,8.8
-37.25,143.75,0.1
-37.25,144.0,9.9
-37.25,144.25,3.1
-37.25,144.5,13.4
-37.25,144.75,16.9
-37.25,145.0,13.3
-37.25,145.25,9.8
-37.25,145.5,11.9
-37.25,145.75,8.4
-37.25,146.0,0.0
-37.25,146.25,5.4
-37.25,146.5,0.3
-37.25,146.75,0.0
-37.25,147.0,2.9
-37.25,147.25,0.9
-37.25,147.5,1.3
-37.25,147.75,10.1
-37.25,148.0,2.3
-37.25,148.25,5.5
-37.25,148.5,0.0
-37.25,148.75,0.0
-37.25,149.0,0.0
-37.25,149.25,0.0
-37.25,149.5,0.7
-37.25,149.75,5.4
-37.25,150.0,0.3
-37.25,150.25,18.7
-37.5,139.75,19.2
-37.5,140.0,3.6
-37.5,140.25,8.2
-37.5,140.5,26.3
-37.5,140.75,22.0
-37.5,141.0,0.0
-37.5,141.25,11.9
-37.5,141.5,21.0
-37.5,141.75,12.7
-37.5,142.0,5.4
-37.5,142.25,0.0
-37.5,142.5,2.5
-37.5,142.75,5.9
-37.5,143.0,20.2
-37.5,143.25,8.0
-37.5,143.5,11.8
-37.5,143.75,12.6
-37.5,144.0,7.2
-37.5,144.25,4.9
-37.5,144.5,1.3
-37.5,144.75,14.0
-37.5,145.0,11.9
-37.5,145.25,0.0
-37.5,145.5,6.8
-37.5,145.75,6.2
-37.5,146.0,6.9
-37.5,146.25,12.1
-37.5,146.5,5.3
-37.5,146.75,2.7
-37.5,147.0,1.4
-37.5,147.25,7.2
-37.5,147.5,12.7
-37.5,147.75,13.7
-37.5,148.0,3.8
-37.5,148.25,0.7
-37.5,148.5,9.3
-37.5,148.75,7.8
-37.5,149.0,6.0
-37.5,149.25,4.0
-37.5,149.5,4.5
-37.5,149.75,0.0
-37.5,150.0,2.1
-37.75,140.0,21.2
-37.75,140.25,3.4
-37.75,140.5,14.3
-37.75,140.75,31.6
-37.75,141.0,17.9
-37.75,141.25,0.9
-37.75,141.5,17.1
-37.75,141.75,26.1
-37.75,142.0,12.2
-37.75,142.25,13.7
-37.75,142.5,18.5
-37.75,142.75,19.7
-37.75,143.0,28.9
-37.75,143.25,23.6
-37.75,143.5,17.8
-37.75,143.75,0.0
-37.75,144.0,15.5
-37.75,144.25,0.0
-37.75,144.5,8.4
-37.75,144.75,13.4
-37.75,145.0,13.4
-37.75,145.25,0.6
-37.75,145.5,0.7
-37.75,145.75,2.7
-37.75,146.0,0.0
-37.75,146.25,1.6
-37.75,146.5,4.6
-37.75,146.75,1.5
-37.75,147.0,7.0
-37.75,147.25,9.5
-37.75,147.5,8.3
-37.75,147.75,12.2
-37.75,148.0,5.3
-37.75,148.25,3.5
-37.75,148.5,1.5
-37.75,148.75,0.5
-37.75,149.0,0.0
-37.75,149.25,0.0
-37.75,149.5,0.0
-37.75,149.75,9.7
-38.0,140.25,15.7
-38.0,140.5,1.8
-38.0,140.75,15.4
-38.0,141.0,0.0
-38.0,141.25,0.4
-38.0,141.5,4.5
-38.0,141.75,7.8
-38.0,142.0,8.2
-38.0,142.25,19.1
-38.0,142.5,21.0
-38.0,142.75,6.0
-38.0,143.0,16.9
-38.0,143.25,9.4
-38.0,143.5,19.6
-38.0,143.75,20.8
-38.0,144.0,5.5
-38.0,144.25,10.0
-38.0,144.5,4.9
-38.0,144.75,6.2
-38.0,145.0,24.3
-38.0,145.25,4.8
-38.0,145.5,7.2
-38.0,145.75,0.0
-38.0,146.0,5.6
-38.0,146.25,1.5
-38.0,146.5,5.2
-38.0,146.75,6.2
-38.0,147.0,16.5
-38.0,147.25,2.7
-38.0,147.5,1.0
-38.0,147.75,2.4
-38.0,148.0,12.3
-38.0,148.25,19.6
-38.0,148.5,21.9
-38.0,148.75,20.7
-38.0,149.0,24.2
-38.0,149.25,23.0
-38.0,149.5,24.8
-38.25,140.75,25.9
-38.25,141.0,18.3
-38.25,141.25,5.1
-38.25,141.5,4.2
-38.25,141.75,5.0
-38.25,142.0,5.6
-38.25,142.25,10.9
-38.25,142.5,12.7
-38.25,142.75,5.7
-38.25,143.0,14.9
-38.25,143.25,2.6
-38.25,143.5,10.2
-38.25,143.75,11.2
-38.25,144.0,8.4
-38.25,144.25,10.9
-38.25,144.5,0.0
-38.25,144.75,8.4
-38.25,145.0,10.8
-38.25,145.25,0.3
-38.25,145.5,0.7
-38.25,145.75,19.3
-38.25,146.0,1.4
-38.25,146.25,15.0
-38.25,146.5,13.4
-38.25,146.75,7.0
-38.25,147.0,0.0
-38.25,147.25,3.7
-38.25,147.5,9.1
-38.25,147.75,24.1
-38.25,148.0,37.4
-38.5,141.25,16.6
-38.5,141.5,8.9
-38.5,141.75,12.0
-38.5,142.0,8.1
-38.5,142.25,11.4
-38.5,142.5,10.2
-38.5,142.75,3.1
-38.5,143.0,5.1
-38.5,143.25,0.0
-38.5,143.5,2.3
-38.5,143.75,10.0
-38.5,144.0,0.0
-38.5,144.25,9.8
-38.5,145.25,0.4
-38.5,145.5,5.7
-38.5,145.75,14.5
-38.5,146.0,13.2
-38.5,146.25,7.4
-38.5,146.5,5.2
-38.5,146.75,11.5
-38.5,147.0,0.0
-38.5,147.25,13.2
-38.75,142.75,18.6
-38.75,143.0,12.1
-38.75,143.25,0.6
-38.75,143.5,0.0
-38.75,143.75,9.0
-38.75,144.0,14.5
-38.75,145.5,11.9
-38.75,145.75,7.2
-38.75,146.0,4.8
-38.75,146.25,0.0
-38.75,146.5,0.0
-38.75,146.75,5.7
-38.75,147.0,16.1
-39.0,143.25,25.0
-39.0,143.5,15.9
-39.0,143.75,23.4
-39.0,146.0,11.7
-39.0,146.25,0.5
-39.0,146.5,3.5
-40.5,145.0,6.1
-40.5,148.0,11.1
-40.75,144.75,0.9
-40.75,145.0,5.1
-40.75,145.25,10.5
-40.75,145.5,11.1
-40.75,145.75,22.9
-40.75,146.0,35.9
-40.75,146.75,34.2
-40.75,147.0,31.3
-40.75,147.25,20.8
-40.75,147.5,13.6
-40.75,147.75,10.3
-40.75,148.0,0.6
-40.75,148.25,10.0
-41.0,144.5,9.3
-41.0,144.75,4.1
-41.0,145.0,20.3
-41.0,145.25,15.5
-41.0,145.5,0.0
-41.0,145.75,15.0
-41.0,146.0,8.7
-41.0,146.25,23.8
-41.0,146.5,14.0
-41.0,146.75,7.6
-41.0,147.0,22.9
-41.0,147.25,5.3
-41.0,147.5,1.3
-41.0,147.75,1.2
-41.0,148.0,0.4
-41.0,148.25,0.0
-41.0,148.5,13.3
-41.25,144.5,15.8
-41.25,144.75,0.2
-41.25,145.0,2.8
-41.25,145.25,0.0
-41.25,145.5,1.7
-41.25,145.75,9.9
-41.25,146.0,5.0
-41.25,146.25,19.3
-41.25,146.5,9.9
-41.25,146.75,0.1
-41.25,147.0,0.5
-41.25,147.25,17.5
-41.25,147.5,13.7
-41.25,147.75,15.9
-41.25,148.0,6.3
-41.25,148.25,0.0
-41.25,148.5,12.4
-41.5,144.75,5.3
-41.5,145.0,0.0
-41.5,145.25,0.0
-41.5,145.5,2.2
-41.5,145.75,7.7
-41.5,146.0,0.0
-41.5,146.25,0.0
-41.5,146.5,1.3
-41.5,146.75,18.9
-41.5,147.0,9.3
-41.5,147.25,12.2
-41.5,147.5,6.8
-41.5,147.75,5.1
-41.5,148.0,17.7
-41.5,148.25,1.0
-41.5,148.5,19.4
-41.75,144.75,16.2
-41.75,145.0,5.2
-41.75,145.25,0.0
-41.75,145.5,6.5
-41.75,145.75,0.0
-41.75,146.0,0.0
-41.75,146.25,0.1
-41.75,146.5,0.0
-41.75,146.75,0.0
-41.75,147.0,9.7
-41.75,147.25,3.1
-41.75,147.5,9.9
-41.75,147.75,0.1
-41.75,148.0,6.5
-41.75,148.25,0.1
-41.75,148.5,20.1
-42.0,145.0,15.1
-42.0,145.25,3.2
-42.0,145.5,0.3
-42.0,145.75,0.0
-42.0,146.0,0.0
-42.0,146.25,0.0
-42.0,146.5,0.0
-42.0,146.75,1.8
-42.0,147.0,7.9
-42.0,147.25,0.3
-42.0,147.5,20.3
-42.0,147.75,4.1
-42.0,148.0,1.5
-42.0,148.25,0.0
-42.0,148.5,17.3
-42.25,145.25,0.0
-42.25,145.5,0.8
-42.25,145.75,0.0
-42.25,146.0,0.0
-42.25,146.25,3.2
-42.25,146.5,11.2
-42.25,146.75,18.7
-42.25,147.0,15.4
-42.25,147.25,8.9
-42.25,147.5,19.5
-42.25,147.75,3.0
-42.25,148.0,9.1
-42.25,148.25,0.4
-42.5,145.0,20.3
-42.5,145.25,0.5
-42.5,145.5,0.0
-42.5,145.75,0.0
-42.5,146.0,0.0
-42.5,146.25,0.0
-42.5,146.5,6.3
-42.5,146.75,10.5
-42.5,147.0,4.7
-42.5,147.25,10.8
-42.5,147.5,1.3
-42.5,147.75,10.7
-42.5,148.0,8.5
-42.5,148.25,13.3
-42.75,145.25,11.0
-42.75,145.5,0.0
-42.75,145.75,0.0
-42.75,146.0,0.0
-42.75,146.25,0.0
-42.75,146.5,0.4
-42.75,146.75,6.9
-42.75,147.0,5.7
-42.75,147.25,0.0
-42.75,147.5,3.3
-42.75,147.75,3.9
-42.75,148.0,1.5
-43.0,145.5,1.0
-43.0,145.75,0.0
-43.0,146.0,0.0
-43.0,146.25,0.0
-43.0,146.5,0.0
-43.0,146.75,3.3
-43.0,147.0,7.2
-43.0,147.25,5.4
-43.0,147.5,2.4
-43.0,147.75,3.0
-43.25,145.75,3.9
-43.25,146.0,0.0
-43.25,146.25,0.0
-43.25,146.5,0.0
-43.25,146.75,0.0
-43.25,147.0,14.1
-43.25,147.25,4.0
-43.5,146.0,2.7
-43.5,146.25,0.7
-43.5,146.5,0.0
-43.5,146.75,0.0
-43.5,147.0,1.8
