Longitude,Latitude,min_distance_to_line_km
142.25,-10.75,611.8
142.5,-10.75,597.4
130.5,-11.0,153.7
131.25,-11.0,152.9
142.0,-11.0,604.8
142.25,-11.0,589.0
142.5,-11.0,574.1
142.75,-11.0,560.1
130.25,-11.25,132.8
130.5,-11.25,126.8
130.75,-11.25,122.0
131.0,-11.25,121.3
131.25,-11.25,126.9
131.5,-11.25,137.9
132.75,-11.25,214.2
133.0,-11.25,232.6
141.75,-11.25,600.2
142.0,-11.25,583.0
142.25,-11.25,566.6
142.5,-11.25,551.1
142.75,-11.25,536.6
143.0,-11.25,523.1
130.0,-11.5,121.0
130.25,-11.5,107.5
130.5,-11.5,100.0
130.75,-11.5,95.3
131.0,-11.5,94.4
131.25,-11.5,101.5
131.5,-11.5,114.9
131.75,-11.5,131.3
132.5,-11.5,175.7
132.75,-11.5,193.8
133.0,-11.5,213.5
133.25,-11.5,234.2
133.5,-11.5,255.9
133.75,-11.5,278.6
141.75,-11.5,579.4
142.0,-11.5,561.6
142.25,-11.5,544.7
142.5,-11.5,528.5
142.75,-11.5,513.4
143.0,-11.5,499.3
130.25,-11.75,83.2
130.5,-11.75,73.3
130.75,-11.75,68.8
131.0,-11.75,67.6
131.25,-11.75,77.1
131.5,-11.75,93.9
132.25,-11.75,137.5
132.5,-11.75,155.0
132.75,-11.75,174.7
133.0,-11.75,195.5
133.25,-11.75,217.4
133.5,-11.75,240.6
133.75,-11.75,264.6
134.0,-11.75,289.3
134.25,-11.75,314.4
134.5,-11.75,340.0
134.75,-11.75,355.1
135.5,-11.75,403.3
141.75,-11.75,559.2
142.0,-11.75,540.8
142.25,-11.75,523.1
142.5,-11.75,506.4
142.75,-11.75,490.6
143.0,-11.75,475.8
130.5,-12.0,46.9
131.0,-12.0,41.1
131.25,-12.0,55.1
131.5,-12.0,70.7
131.75,-12.0,84.3
132.0,-12.0,99.5
132.25,-12.0,116.2
132.5,-12.0,135.9
132.75,-12.0,156.8
133.0,-12.0,179.2
133.25,-12.0,202.8
133.5,-12.0,227.4
133.75,-12.0,252.6
134.0,-12.0,278.3
134.25,-12.0,304.4
134.5,-12.0,317.8
134.75,-12.0,331.9
135.0,-12.0,347.6
135.25,-12.0,364.7
135.5,-12.0,383.0
135.75,-12.0,402.3
136.0,-12.0,422.5
136.25,-12.0,443.6
136.5,-12.0,465.3
141.75,-12.0,539.5
142.0,-12.0,520.4
142.25,-12.0,502.1
142.5,-12.0,484.7
142.75,-12.0,468.2
143.0,-12.0,452.7
143.25,-12.0,438.4
130.5,-12.25,22.6
130.75,-12.25,19.6
131.0,-12.25,16.4
131.25,-12.25,36.8
131.5,-12.25,46.2
131.75,-12.25,61.4
132.0,-12.25,77.5
132.25,-12.25,97.2
132.5,-12.25,118.2
132.75,-12.25,141.2
133.0,-12.25,165.7
133.25,-12.25,191.0
133.5,-12.25,216.9
133.75,-12.25,243.1
134.0,-12.25,269.7
134.25,-12.25,281.0
134.5,-12.25,294.3
134.75,-12.25,309.4
135.0,-12.25,326.1
135.25,-12.25,344.2
135.5,-12.25,363.5
135.75,-12.25,383.8
136.0,-12.25,404.9
136.25,-12.25,426.8
136.5,-12.25,449.2
136.75,-12.25,472.2
141.5,-12.25,539.0
141.75,-12.25,520.1
142.0,-12.25,500.7
142.25,-12.25,481.7
142.5,-12.25,463.5
142.75,-12.25,446.2
143.0,-12.25,430.1
143.25,-12.25,415.0
130.25,-12.5,29.5
130.5,-12.5,16.9
130.75,-12.5,5.6
131.0,-12.5,2.0
131.25,-12.5,11.3
131.5,-12.5,23.5
131.75,-12.5,39.0
132.0,-12.5,58.5
132.25,-12.5,79.9
132.5,-12.5,104.0
132.75,-12.5,129.5
133.0,-12.5,155.8
133.25,-12.5,182.4
133.5,-12.5,209.3
133.75,-12.5,235.2
134.0,-12.5,244.8
134.25,-12.5,256.9
134.5,-12.5,271.3
134.75,-12.5,287.6
135.0,-12.5,305.5
135.25,-12.5,324.7
135.5,-12.5,345.0
135.75,-12.5,366.3
136.0,-12.5,388.3
136.25,-12.5,411.0
136.5,-12.5,434.3
136.75,-12.5,458.0
137.0,-12.5,482.1
141.5,-12.5,519.6
141.75,-12.5,500.3
142.0,-12.5,481.4
142.25,-12.5,461.9
142.5,-12.5,443.0
142.75,-12.5,424.9
143.0,-12.5,407.9
143.25,-12.5,392.1
143.5,-12.5,377.6
130.0,-12.75,40.5
130.25,-12.75,12.9
130.5,-12.75,5.9
130.75,-12.75,1.6
131.0,-12.75,3.7
131.25,-12.75,12.5
131.5,-12.75,0.9
131.75,-12.75,19.8
132.0,-12.75,42.4
132.25,-12.75,68.6
132.5,-12.75,95.6
132.75,-12.75,122.8
133.0,-12.75,150.2
133.25,-12.75,177.6
133.5,-12.75,201.6
133.75,-12.75,209.4
134.0,-12.75,220.0
134.25,-12.75,233.5
134.5,-12.75,249.2
134.75,-12.75,266.8
135.0,-12.75,285.9
135.25,-12.75,306.4
135.5,-12.75,327.8
135.75,-12.75,350.1
136.0,-12.75,373.0
136.25,-12.75,396.6
136.5,-12.75,420.5
136.75,-12.75,444.9
141.5,-12.75,500.8
141.75,-12.75,480.8
142.0,-12.75,461.6
142.25,-12.75,442.6
142.5,-12.75,423.2
142.75,-12.75,404.3
143.0,-12.75,386.4
143.25,-12.75,369.7
143.5,-12.75,354.3
130.0,-13.0,49.2
130.25,-13.0,28.3
130.5,-13.0,20.8
130.75,-13.0,21.8
131.0,-13.0,6.4
131.25,-13.0,16.2
131.5,-13.0,18.9
131.75,-13.0,15.3
132.0,-13.0,40.2
132.25,-13.0,67.2
132.5,-13.0,94.5
132.75,-13.0,122.0
133.0,-13.0,149.5
133.25,-13.0,168.2
133.5,-13.0,175.4
133.75,-13.0,183.9
134.0,-13.0,196.0
134.25,-13.0,210.9
134.5,-13.0,228.1
134.75,-13.0,247.2
135.0,-13.0,267.7
135.25,-13.0,289.4
135.5,-13.0,312.0
135.75,-13.0,335.2
136.0,-13.0,359.1
136.25,-13.0,383.4
136.5,-13.0,408.2
136.75,-13.0,433.2
141.25,-13.0,503.7
141.5,-13.0,482.7
141.75,-13.0,462.1
142.0,-13.0,442.1
142.25,-13.0,422.8
142.5,-13.0,403.9
142.75,-13.0,384.4
143.0,-13.0,365.6
143.25,-13.0,347.9
143.5,-13.0,331.5
143.75,-13.0,316.7
130.0,-13.25,67.0
130.25,-13.25,51.7
130.5,-13.25,47.8
130.75,-13.25,37.7
131.0,-13.25,11.2
131.25,-13.25,8.4
131.5,-13.25,26.6
131.75,-13.25,39.1
132.0,-13.25,54.0
132.25,-13.25,72.2
132.5,-13.25,91.1
132.75,-13.25,113.5
133.0,-13.25,137.3
133.25,-13.25,141.7
133.5,-13.25,149.1
133.75,-13.25,159.0
134.0,-13.25,172.8
134.25,-13.25,189.5
134.5,-13.25,208.5
134.75,-13.25,229.2
135.0,-13.25,251.1
135.25,-13.25,274.1
135.5,-13.25,297.8
135.75,-13.25,322.0
136.0,-13.25,346.7
136.25,-13.25,371.8
136.5,-13.25,397.2
141.25,-13.25,486.8
141.5,-13.25,465.1
141.75,-13.25,444.1
142.0,-13.25,423.4
142.25,-13.25,403.4
142.5,-13.25,384.1
142.75,-13.25,365.3
143.0,-13.25,345.7
143.25,-13.25,327.0
143.5,-13.25,309.5
143.75,-13.25,293.6
129.75,-13.5,105.7
130.0,-13.5,88.6
130.25,-13.5,77.7
130.5,-13.5,72.3
130.75,-13.5,48.5
131.0,-13.5,30.1
131.25,-13.5,10.9
131.5,-13.5,11.3
131.75,-13.5,21.5
132.0,-13.5,34.6
132.25,-13.5,52.6
132.5,-13.5,76.5
132.75,-13.5,102.1
133.0,-13.5,110.1
133.25,-13.5,115.4
133.5,-13.5,123.2
133.75,-13.5,135.0
134.0,-13.5,150.9
134.25,-13.5,169.8
134.5,-13.5,190.7
134.75,-13.5,213.1
135.0,-13.5,236.5
135.25,-13.5,260.7
135.5,-13.5,285.4
135.75,-13.5,310.6
136.0,-13.5,336.1
136.25,-13.5,361.9
141.25,-13.5,459.9
141.5,-13.5,448.5
141.75,-13.5,426.7
142.0,-13.5,405.4
142.25,-13.5,384.8
142.5,-13.5,364.7
142.75,-13.5,345.5
143.0,-13.5,326.6
143.25,-13.5,307.0
143.5,-13.5,288.4
143.75,-13.5,271.2
126.75,-13.75,249.8
127.0,-13.75,233.8
127.25,-13.75,219.9
127.5,-13.75,208.7
129.5,-13.75,144.3
129.75,-13.75,126.5
130.0,-13.75,112.7
130.25,-13.75,104.3
130.5,-13.75,87.0
130.75,-13.75,68.5
131.0,-13.75,48.3
131.25,-13.75,27.3
131.5,-13.75,13.5
131.75,-13.75,0.5
132.0,-13.75,15.5
132.25,-13.75,42.3
132.5,-13.75,66.3
132.75,-13.75,83.9
133.0,-13.75,82.9
133.25,-13.75,89.6
133.5,-13.75,98.0
133.75,-13.75,112.5
134.0,-13.75,131.1
134.25,-13.75,152.4
134.5,-13.75,175.4
134.75,-13.75,199.4
135.0,-13.75,224.2
135.25,-13.75,249.6
135.5,-13.75,275.3
135.75,-13.75,301.3
136.0,-13.75,327.5
141.25,-13.75,432.7
141.5,-13.75,433.0
141.75,-13.75,410.3
142.0,-13.75,388.3
142.25,-13.75,366.9
142.5,-13.75,346.2
142.75,-13.75,326.0
143.0,-13.75,306.8
143.25,-13.75,288.0
143.5,-13.75,268.3
143.75,-13.75,249.8
126.25,-14.0,269.1
126.5,-14.0,248.4
126.75,-14.0,229.1
127.0,-14.0,211.5
127.25,-14.0,196.1
127.5,-14.0,183.4
127.75,-14.0,174.1
129.5,-14.0,164.8
129.75,-14.0,149.5
130.0,-14.0,138.0
130.25,-14.0,125.6
130.5,-14.0,106.8
130.75,-14.0,86.6
131.0,-14.0,65.9
131.25,-14.0,48.4
131.5,-14.0,38.7
131.75,-14.0,18.8
132.0,-14.0,5.2
132.25,-14.0,29.2
132.5,-14.0,53.2
132.75,-14.0,56.8
133.0,-14.0,55.8
133.25,-14.0,62.9
133.5,-14.0,74.2
133.75,-14.0,92.5
134.0,-14.0,114.4
134.25,-14.0,138.3
134.5,-14.0,163.2
134.75,-14.0,188.8
135.0,-14.0,214.8
135.25,-14.0,241.0
135.5,-14.0,267.5
135.75,-14.0,294.1
136.0,-14.0,320.9
136.25,-14.0,347.7
141.25,-14.0,405.4
141.5,-14.0,407.6
141.75,-14.0,395.2
142.0,-14.0,372.3
142.25,-14.0,350.0
142.5,-14.0,328.4
142.75,-14.0,307.6
143.0,-14.0,287.3
143.25,-14.0,268.2
143.5,-14.0,249.4
143.75,-14.0,229.7
144.0,-14.0,211.3
144.25,-14.0,195.0
144.5,-14.0,181.4
125.5,-14.25,323.8
125.75,-14.25,299.6
126.0,-14.25,275.9
126.25,-14.25,252.8
126.5,-14.25,230.7
126.75,-14.25,209.8
127.0,-14.25,190.5
127.25,-14.25,173.2
127.5,-14.25,158.8
127.75,-14.25,148.0
128.0,-14.25,141.6
129.25,-14.25,161.6
129.5,-14.25,173.8
129.75,-14.25,173.8
130.0,-14.25,164.0
130.25,-14.25,145.3
130.5,-14.25,125.1
130.75,-14.25,104.5
131.0,-14.25,86.2
131.25,-14.25,73.6
131.5,-14.25,55.8
131.75,-14.25,31.8
132.0,-14.25,7.9
132.25,-14.25,16.1
132.5,-14.25,28.0
132.75,-14.25,30.2
133.0,-14.25,29.1
133.25,-14.25,36.9
133.5,-14.25,54.0
133.75,-14.25,77.2
134.0,-14.25,102.4
134.25,-14.25,128.4
134.5,-14.25,154.9
134.75,-14.25,181.6
135.0,-14.25,208.4
135.25,-14.25,235.4
135.5,-14.25,262.4
135.75,-14.25,289.4
136.0,-14.25,316.5
141.25,-14.25,378.1
141.5,-14.25,380.5
141.75,-14.25,381.5
142.0,-14.25,357.7
142.25,-14.25,334.5
142.5,-14.25,311.8
142.75,-14.25,290.0
143.0,-14.25,269.1
143.25,-14.25,248.7
143.5,-14.25,229.6
143.75,-14.25,210.8
144.0,-14.25,191.0
144.25,-14.25,172.9
144.5,-14.25,157.3
144.75,-14.25,145.2
125.25,-14.5,338.1
125.5,-14.5,312.7
125.75,-14.5,287.5
126.0,-14.5,262.8
126.25,-14.5,238.6
126.5,-14.5,215.1
126.75,-14.5,192.5
127.0,-14.5,171.3
127.25,-14.5,151.9
127.5,-14.5,135.2
127.75,-14.5,122.4
128.0,-14.5,114.6
128.25,-14.5,112.9
129.5,-14.5,150.9
129.75,-14.5,168.3
130.0,-14.5,183.8
130.25,-14.5,163.6
130.5,-14.5,143.1
130.75,-14.5,124.5
131.0,-14.5,109.5
131.25,-14.5,92.8
131.5,-14.5,68.8
131.75,-14.5,44.9
132.0,-14.5,22.3
132.25,-14.5,4.0
132.5,-14.5,7.8
132.75,-14.5,5.1
133.0,-14.5,4.7
133.25,-14.5,16.2
133.5,-14.5,42.6
133.75,-14.5,69.7
134.0,-14.5,96.8
134.25,-14.5,124.0
134.5,-14.5,151.2
134.75,-14.5,178.4
135.0,-14.5,205.6
135.25,-14.5,232.8
135.5,-14.5,260.0
135.75,-14.5,287.2
141.25,-14.5,350.8
141.5,-14.5,353.3
141.75,-14.5,357.9
142.0,-14.5,344.6
142.25,-14.5,320.5
142.5,-14.5,296.9
142.75,-14.5,273.9
143.0,-14.5,251.7
143.25,-14.5,230.5
143.5,-14.5,210.1
143.75,-14.5,191.0
144.0,-14.5,172.3
144.25,-14.5,152.4
144.5,-14.5,134.6
144.75,-14.5,120.2
145.0,-14.5,110.7
125.0,-14.75,355.9
125.25,-14.75,329.7
125.5,-14.75,303.6
125.75,-14.75,277.7
126.0,-14.75,252.0
126.25,-14.75,226.7
126.5,-14.75,201.9
126.75,-14.75,177.7
127.0,-14.75,154.5
127.25,-14.75,132.8
127.5,-14.75,113.4
127.75,-14.75,97.7
128.0,-14.75,87.8
128.25,-14.75,85.6
128.5,-14.75,90.6
128.75,-14.75,93.3
129.0,-14.75,100.6
129.25,-14.75,112.9
129.5,-14.75,129.7
129.75,-14.75,149.6
130.0,-14.75,171.4
130.25,-14.75,181.7
130.5,-14.75,163.0
130.75,-14.75,146.9
131.0,-14.75,129.7
131.25,-14.75,105.8
131.5,-14.75,82.0
131.75,-14.75,60.9
132.0,-14.75,41.6
132.25,-14.75,30.4
132.5,-14.75,17.3
132.75,-14.75,5.2
133.0,-14.75,9.7
133.25,-14.75,25.5
133.5,-14.75,47.0
133.75,-14.75,72.4
134.0,-14.75,98.8
134.25,-14.75,125.5
134.5,-14.75,152.3
134.75,-14.75,179.3
135.0,-14.75,206.4
135.25,-14.75,233.4
135.5,-14.75,260.5
135.75,-14.75,287.6
141.25,-14.75,323.4
141.5,-14.75,326.2
141.75,-14.75,331.2
142.0,-14.75,333.3
142.25,-14.75,308.3
142.5,-14.75,283.7
142.75,-14.75,259.6
143.0,-14.75,236.1
143.25,-14.75,213.5
143.5,-14.75,192.1
143.75,-14.75,171.5
144.0,-14.75,152.4
144.25,-14.75,133.9
144.5,-14.75,113.8
144.75,-14.75,96.5
145.0,-14.75,84.4
145.25,-14.75,80.0
125.0,-15.0,350.0
125.25,-15.0,323.4
125.5,-15.0,296.8
125.75,-15.0,270.3
126.0,-15.0,243.9
126.25,-15.0,217.7
126.5,-15.0,191.8
126.75,-15.0,166.2
127.0,-15.0,141.1
127.25,-15.0,117.0
127.5,-15.0,94.4
127.75,-15.0,74.9
128.0,-15.0,61.4
128.25,-15.0,58.3
128.5,-15.0,63.2
128.75,-15.0,66.3
129.0,-15.0,75.5
129.25,-15.0,91.2
129.5,-15.0,111.3
129.75,-15.0,133.8
130.0,-15.0,157.7
130.25,-15.0,181.3
130.5,-15.0,184.7
130.75,-15.0,166.6
131.0,-15.0,142.7
131.25,-15.0,120.0
131.5,-15.0,99.3
131.75,-15.0,80.1
132.0,-15.0,65.0
132.25,-15.0,53.3
132.5,-15.0,40.1
132.75,-15.0,28.3
133.0,-15.0,8.7
133.25,-15.0,18.0
133.5,-15.0,45.0
133.75,-15.0,72.1
134.0,-15.0,99.0
134.25,-15.0,124.7
134.5,-15.0,150.4
134.75,-15.0,176.3
135.0,-15.0,202.6
135.25,-15.0,229.1
135.5,-15.0,255.3
135.75,-15.0,281.6
136.0,-15.0,308.1
141.25,-15.0,296.1
141.5,-15.0,299.1
141.75,-15.0,304.5
142.0,-15.0,312.1
142.25,-15.0,297.8
142.5,-15.0,272.7
142.75,-15.0,247.6
143.0,-15.0,222.9
143.25,-15.0,198.8
143.5,-15.0,175.6
143.75,-15.0,153.7
144.0,-15.0,133.0
144.25,-15.0,113.9
144.5,-15.0,95.6
144.75,-15.0,75.2
145.0,-15.0,59.1
145.25,-15.0,52.6
145.5,-15.0,59.2
124.75,-15.25,373.1
125.0,-15.25,346.2
125.25,-15.25,319.3
125.5,-15.25,292.4
125.75,-15.25,265.5
126.0,-15.25,238.6
126.25,-15.25,211.9
126.5,-15.25,185.1
126.75,-15.25,158.5
127.0,-15.25,132.1
127.25,-15.25,106.0
127.5,-15.25,80.5
127.75,-15.25,56.4
128.0,-15.25,36.7
128.25,-15.25,31.2
128.5,-15.25,35.8
128.75,-15.25,39.9
129.0,-15.25,52.7
129.25,-15.25,73.3
129.5,-15.25,97.0
129.75,-15.25,120.9
130.0,-15.25,144.1
130.25,-15.25,168.5
130.5,-15.25,193.6
130.75,-15.25,180.2
131.0,-15.25,158.2
131.25,-15.25,137.7
131.5,-15.25,118.6
131.75,-15.25,102.0
132.0,-15.25,90.5
132.25,-15.25,77.9
132.5,-15.25,63.9
132.75,-15.25,37.8
133.0,-15.25,12.1
133.25,-15.25,13.3
133.5,-15.25,38.9
133.75,-15.25,64.6
134.0,-15.25,90.8
134.25,-15.25,117.3
134.5,-15.25,143.5
134.75,-15.25,169.9
135.0,-15.25,196.4
135.25,-15.25,223.0
135.5,-15.25,249.7
135.75,-15.25,276.5
136.0,-15.25,303.3
136.25,-15.25,330.2
141.25,-15.25,268.7
141.5,-15.25,272.1
141.75,-15.25,278.0
142.0,-15.25,286.3
142.25,-15.25,287.8
142.5,-15.25,262.4
142.75,-15.25,237.2
143.0,-15.25,212.3
143.25,-15.25,187.0
143.5,-15.25,162.2
143.75,-15.25,138.2
144.0,-15.25,115.5
144.25,-15.25,94.6
144.5,-15.25,75.4
144.75,-15.25,57.6
145.0,-15.25,36.7
145.25,-15.25,25.1
145.5,-15.25,37.0
124.5,-15.5,398.5
124.75,-15.5,371.5
125.0,-15.5,344.5
125.25,-15.5,317.5
125.5,-15.5,290.5
125.75,-15.5,263.5
126.0,-15.5,236.5
126.25,-15.5,209.5
126.5,-15.5,182.5
126.75,-15.5,155.4
127.0,-15.5,128.4
127.25,-15.5,101.4
127.5,-15.5,74.4
127.75,-15.5,47.5
128.0,-15.5,20.6
128.25,-15.5,7.3
128.5,-15.5,8.4
128.75,-15.5,14.4
129.0,-15.5,36.5
129.25,-15.5,60.9
129.5,-15.5,83.5
129.75,-15.5,108.0
130.0,-15.5,133.4
130.25,-15.5,159.4
130.5,-15.5,185.6
130.75,-15.5,196.5
131.0,-15.5,176.1
131.25,-15.5,157.1
131.5,-15.5,139.9
131.75,-15.5,126.2
132.0,-15.5,114.4
132.25,-15.5,97.4
132.5,-15.5,71.7
132.75,-15.5,46.8
133.0,-15.5,20.7
133.25,-15.5,5.8
133.5,-15.5,31.9
133.75,-15.5,58.5
134.0,-15.5,85.3
134.25,-15.5,112.2
134.5,-15.5,139.2
134.75,-15.5,166.1
135.0,-15.5,193.1
135.25,-15.5,220.1
135.5,-15.5,247.1
135.75,-15.5,274.1
136.0,-15.5,301.1
136.25,-15.5,328.1
136.5,-15.5,355.1
141.25,-15.5,241.3
141.5,-15.5,245.1
141.75,-15.5,251.6
142.0,-15.5,260.7
142.25,-15.5,272.2
142.5,-15.5,252.9
142.75,-15.5,227.5
143.0,-15.5,202.3
143.25,-15.5,176.8
143.5,-15.5,151.8
143.75,-15.5,126.7
144.0,-15.5,101.6
144.25,-15.5,77.6
144.5,-15.5,56.3
144.75,-15.5,37.1
145.0,-15.5,21.8
145.25,-15.5,1.3
145.5,-15.5,27.2
124.25,-15.75,425.8
124.5,-15.75,398.9
124.75,-15.75,371.9
125.0,-15.75,345.0
125.25,-15.75,318.1
125.5,-15.75,291.2
125.75,-15.75,264.3
126.0,-15.75,237.5
126.25,-15.75,210.6
126.5,-15.75,183.9
126.75,-15.75,157.2
127.0,-15.75,130.6
127.25,-15.75,104.2
127.5,-15.75,78.2
127.75,-15.75,53.2
128.0,-15.75,30.1
128.25,-15.75,16.4
128.5,-15.75,15.5
128.75,-15.75,3.1
129.0,-15.75,23.0
129.25,-15.75,48.0
129.5,-15.75,74.4
129.75,-15.75,101.1
130.0,-15.75,127.8
130.25,-15.75,154.7
130.5,-15.75,181.6
130.75,-15.75,208.5
131.0,-15.75,195.5
131.25,-15.75,178.0
131.5,-15.75,163.1
131.75,-15.75,151.4
132.0,-15.75,131.9
132.25,-15.75,105.5
132.5,-15.75,79.2
132.75,-15.75,53.6
133.0,-15.75,30.1
133.25,-15.75,19.7
133.5,-15.75,36.4
133.75,-15.75,61.0
134.0,-15.75,87.0
134.25,-15.75,113.5
134.5,-15.75,140.1
134.75,-15.75,166.9
135.0,-15.75,193.7
135.25,-15.75,220.6
135.5,-15.75,247.5
135.75,-15.75,274.4
136.0,-15.75,301.3
136.25,-15.75,328.2
136.5,-15.75,355.1
136.75,-15.75,382.1
137.0,-15.75,371.9
137.25,-15.75,360.4
141.25,-15.75,214.0
141.5,-15.75,218.1
141.75,-15.75,225.4
142.0,-15.75,235.5
142.25,-15.75,246.9
142.5,-15.75,245.2
142.75,-15.75,219.2
143.0,-15.75,193.2
143.25,-15.75,167.4
143.5,-15.75,142.0
143.75,-15.75,116.8
144.0,-15.75,91.4
144.25,-15.75,66.5
144.5,-15.75,41.2
144.75,-15.75,17.9
145.0,-15.75,1.0
145.25,-15.75,8.8
145.5,-15.75,31.7
123.75,-16.0,481.4
124.0,-16.0,454.6
124.25,-16.0,427.8
124.5,-16.0,401.1
124.75,-16.0,374.4
125.0,-16.0,347.7
125.25,-16.0,321.1
125.5,-16.0,294.5
125.75,-16.0,268.0
126.0,-16.0,241.6
126.25,-16.0,215.4
126.5,-16.0,189.3
126.75,-16.0,163.6
127.0,-16.0,138.3
127.25,-16.0,113.6
127.5,-16.0,89.9
127.75,-16.0,68.6
128.0,-16.0,51.9
128.25,-16.0,43.7
128.5,-16.0,23.1
128.75,-16.0,4.1
129.0,-16.0,21.7
129.25,-16.0,47.8
129.5,-16.0,74.4
129.75,-16.0,101.2
130.0,-16.0,128.0
130.25,-16.0,154.8
130.5,-16.0,181.6
130.75,-16.0,208.4
131.0,-16.0,216.3
131.25,-16.0,200.6
131.5,-16.0,187.4
131.75,-16.0,164.5
132.0,-16.0,138.9
132.25,-16.0,114.0
132.5,-16.0,90.1
132.75,-16.0,68.6
133.0,-16.0,52.2
133.25,-16.0,47.0
133.5,-16.0,56.1
133.75,-16.0,74.4
134.0,-16.0,96.8
134.25,-16.0,121.1
134.5,-16.0,146.3
134.75,-16.0,172.1
135.0,-16.0,198.2
135.25,-16.0,224.4
135.5,-16.0,250.9
135.75,-16.0,277.4
136.0,-16.0,304.0
136.25,-16.0,330.6
136.5,-16.0,357.3
136.75,-16.0,361.6
137.0,-16.0,347.7
137.25,-16.0,335.3
137.5,-16.0,324.7
137.75,-16.0,315.9
141.0,-16.0,185.6
141.25,-16.0,186.6
141.5,-16.0,191.4
141.75,-16.0,199.6
142.0,-16.0,211.0
142.25,-16.0,219.8
142.5,-16.0,226.4
142.75,-16.0,213.3
143.0,-16.0,186.8
143.25,-16.0,160.3
143.5,-16.0,134.0
143.75,-16.0,108.1
144.0,-16.0,82.1
144.25,-16.0,56.8
144.5,-16.0,31.7
144.75,-16.0,6.6
145.0,-16.0,18.6
145.25,-16.0,35.1
145.5,-16.0,46.9
123.5,-16.25,511.2
123.75,-16.25,484.7
124.0,-16.25,458.1
124.25,-16.25,431.6
124.5,-16.25,405.2
124.75,-16.25,378.8
125.0,-16.25,352.5
125.25,-16.25,326.3
125.5,-16.25,300.3
125.75,-16.25,274.4
126.0,-16.25,248.8
126.25,-16.25,223.4
126.5,-16.25,198.5
126.75,-16.25,174.0
127.0,-16.25,150.2
127.25,-16.25,127.6
127.5,-16.25,107.0
127.75,-16.25,86.8
128.0,-16.25,62.4
128.25,-16.25,38.8
128.5,-16.25,13.0
128.75,-16.25,12.1
129.0,-16.25,31.5
129.25,-16.25,55.7
129.5,-16.25,80.5
129.75,-16.25,106.1
130.0,-16.25,132.2
130.25,-16.25,158.6
130.5,-16.25,184.9
130.75,-16.25,211.4
131.0,-16.25,237.9
131.25,-16.25,224.1
131.5,-16.25,199.0
131.75,-16.25,174.4
132.0,-16.25,150.4
132.25,-16.25,127.7
132.5,-16.25,107.0
132.75,-16.25,89.6
133.0,-16.25,77.9
133.25,-16.25,74.5
133.5,-16.25,80.5
133.75,-16.25,94.1
134.0,-16.25,112.7
134.25,-16.25,134.1
134.5,-16.25,157.2
134.75,-16.25,181.4
135.0,-16.25,206.2
135.25,-16.25,231.5
135.5,-16.25,257.2
135.75,-16.25,283.1
136.0,-16.25,309.1
136.25,-16.25,335.3
136.5,-16.25,355.1
136.75,-16.25,338.9
137.0,-16.25,324.0
137.25,-16.25,310.7
137.5,-16.25,299.2
137.75,-16.25,289.6
138.0,-16.25,282.3
141.0,-16.25,158.1
141.25,-16.25,159.3
141.5,-16.25,164.8
141.75,-16.25,174.3
142.0,-16.25,187.2
142.25,-16.25,192.9
142.5,-16.25,200.4
142.75,-16.25,210.9
143.0,-16.25,184.1
143.25,-16.25,157.2
143.5,-16.25,130.4
143.75,-16.25,103.5
144.0,-16.25,76.7
144.25,-16.25,49.9
144.5,-16.25,23.2
144.75,-16.25,2.5
145.0,-16.25,27.1
145.25,-16.25,32.0
145.5,-16.25,28.0
145.75,-16.25,43.7
122.75,-16.5,517.7
123.0,-16.5,532.7
123.25,-16.5,542.1
123.5,-16.5,515.7
123.75,-16.5,489.5
124.0,-16.5,463.3
124.25,-16.5,437.1
124.5,-16.5,411.1
124.75,-16.5,385.2
125.0,-16.5,359.4
125.25,-16.5,333.8
125.5,-16.5,308.5
125.75,-16.5,283.4
126.0,-16.5,258.5
126.25,-16.5,231.8
126.5,-16.5,205.2
126.75,-16.5,178.7
127.0,-16.5,152.2
127.25,-16.5,125.8
127.5,-16.5,99.6
127.75,-16.5,73.9
128.0,-16.5,49.3
128.25,-16.5,26.7
128.5,-16.5,3.6
128.75,-16.5,19.5
129.0,-16.5,42.3
129.25,-16.5,67.9
129.5,-16.5,91.9
129.75,-16.5,116.0
130.0,-16.5,140.6
130.25,-16.5,165.6
130.5,-16.5,191.1
130.75,-16.5,216.9
131.0,-16.5,243.0
131.25,-16.5,234.6
131.5,-16.5,210.7
131.75,-16.5,187.6
132.0,-16.5,165.7
132.25,-16.5,145.4
132.5,-16.5,127.6
132.75,-16.5,113.5
133.0,-16.5,104.5
133.25,-16.5,102.0
133.5,-16.5,106.5
133.75,-16.5,117.1
134.0,-16.5,132.4
134.25,-16.5,151.0
134.5,-16.5,171.8
134.75,-16.5,194.2
135.0,-16.5,217.5
135.25,-16.5,241.6
135.5,-16.5,266.2
135.75,-16.5,291.3
136.0,-16.5,316.6
136.25,-16.5,342.2
136.5,-16.5,334.1
136.75,-16.5,316.8
137.0,-16.5,300.9
137.25,-16.5,286.6
137.5,-16.5,274.1
137.75,-16.5,263.7
138.0,-16.5,255.6
138.25,-16.5,250.1
138.5,-16.5,247.3
138.75,-16.5,247.4
141.0,-16.5,130.6
141.25,-16.5,132.0
141.5,-16.5,138.6
141.75,-16.5,149.8
142.0,-16.5,161.2
142.25,-16.5,166.1
142.5,-16.5,174.7
142.75,-16.5,186.7
143.0,-16.5,179.0
143.25,-16.5,155.1
143.5,-16.5,132.2
143.75,-16.5,105.9
144.0,-16.5,79.8
144.25,-16.5,53.9
144.5,-16.5,28.3
144.75,-16.5,7.3
145.0,-16.5,0.3
145.25,-16.5,11.7
145.5,-16.5,5.7
145.75,-16.5,31.5
122.5,-16.75,480.0
122.75,-16.75,494.8
123.0,-16.75,510.5
123.25,-16.75,527.1
123.5,-16.75,521.7
123.75,-16.75,495.8
124.0,-16.75,469.9
124.25,-16.75,444.3
124.5,-16.75,417.6
124.75,-16.75,390.9
125.0,-16.75,364.1
125.25,-16.75,337.4
125.5,-16.75,310.6
125.75,-16.75,283.9
126.0,-16.75,257.2
126.25,-16.75,230.4
126.5,-16.75,203.7
126.75,-16.75,176.9
127.0,-16.75,150.2
127.25,-16.75,123.4
127.5,-16.75,96.7
127.75,-16.75,70.0
128.0,-16.75,43.3
128.25,-16.75,16.8
128.5,-16.75,7.4
128.75,-16.75,31.8
129.0,-16.75,56.1
129.25,-16.75,78.9
129.5,-16.75,102.4
129.75,-16.75,127.1
130.0,-16.75,152.1
130.25,-16.75,176.2
130.5,-16.75,200.6
130.75,-16.75,225.4
131.0,-16.75,250.5
131.25,-16.75,247.7
131.5,-16.75,225.2
131.75,-16.75,203.8
132.0,-16.75,183.8
132.25,-16.75,165.9
132.5,-16.75,150.5
132.75,-16.75,138.8
133.0,-16.75,131.5
133.25,-16.75,129.5
133.5,-16.75,133.1
133.75,-16.75,141.7
134.0,-16.75,154.6
134.25,-16.75,170.8
134.5,-16.75,189.4
134.75,-16.75,209.8
135.0,-16.75,231.6
135.25,-16.75,254.3
135.5,-16.75,277.7
135.75,-16.75,301.8
136.0,-16.75,326.2
136.25,-16.75,333.6
136.5,-16.75,314.1
136.75,-16.75,295.7
137.0,-16.75,278.6
137.25,-16.75,263.1
137.5,-16.75,249.5
137.75,-16.75,238.0
138.0,-16.75,229.0
138.25,-16.75,222.9
138.5,-16.75,219.8
138.75,-16.75,219.9
139.0,-16.75,223.2
141.0,-16.75,103.1
141.25,-16.75,104.8
141.5,-16.75,113.1
141.75,-16.75,126.4
142.0,-16.75,134.0
142.25,-16.75,139.6
142.5,-16.75,149.7
142.75,-16.75,160.3
143.0,-16.75,160.1
143.25,-16.75,143.9
143.5,-16.75,118.9
143.75,-16.75,94.9
144.0,-16.75,72.7
144.25,-16.75,54.8
144.5,-16.75,45.7
144.75,-16.75,32.3
145.0,-16.75,26.2
145.25,-16.75,9.1
145.5,-16.75,15.3
145.75,-16.75,14.5
122.25,-17.0,442.5
122.5,-17.0,456.9
122.75,-17.0,472.4
123.0,-17.0,488.8
123.25,-17.0,506.1
123.5,-17.0,524.1
123.75,-17.0,498.3
124.0,-17.0,471.7
124.25,-17.0,445.0
124.5,-17.0,418.4
124.75,-17.0,391.7
125.0,-17.0,365.1
125.25,-17.0,338.5
125.5,-17.0,311.9
125.75,-17.0,285.3
126.0,-17.0,258.8
126.25,-17.0,232.3
126.5,-17.0,205.8
126.75,-17.0,179.5
127.0,-17.0,153.2
127.25,-17.0,127.2
127.5,-17.0,101.5
127.75,-17.0,76.5
128.0,-17.0,53.3
128.25,-17.0,35.0
128.5,-17.0,31.2
128.75,-17.0,45.4
129.0,-17.0,67.5
129.25,-17.0,91.6
129.5,-17.0,116.2
129.75,-17.0,138.9
130.0,-17.0,162.5
130.25,-17.0,186.9
130.5,-17.0,211.9
130.75,-17.0,236.4
131.0,-17.0,260.6
131.25,-17.0,263.0
131.5,-17.0,242.0
131.75,-17.0,222.2
132.0,-17.0,204.1
132.25,-17.0,188.1
132.5,-17.0,174.8
132.75,-17.0,164.8
133.0,-17.0,158.7
133.25,-17.0,157.1
133.5,-17.0,160.0
133.75,-17.0,167.3
134.0,-17.0,178.3
134.25,-17.0,192.5
134.5,-17.0,209.1
134.75,-17.0,227.8
135.0,-17.0,247.9
135.25,-17.0,269.2
135.5,-17.0,291.4
135.75,-17.0,314.4
136.0,-17.0,329.8
136.25,-17.0,316.0
136.5,-17.0,295.3
136.75,-17.0,275.7
137.0,-17.0,257.4
137.25,-17.0,240.5
137.5,-17.0,225.5
137.75,-17.0,212.8
138.0,-17.0,202.7
138.25,-17.0,195.8
138.5,-17.0,192.3
138.75,-17.0,192.4
139.0,-17.0,196.0
139.25,-17.0,202.2
140.75,-17.0,82.2
141.0,-17.0,75.6
141.25,-17.0,78.0
141.5,-17.0,88.7
141.75,-17.0,104.0
142.0,-17.0,106.7
142.25,-17.0,113.5
142.5,-17.0,125.7
142.75,-17.0,132.9
143.0,-17.0,132.6
143.25,-17.0,136.2
143.5,-17.0,111.0
143.75,-17.0,84.8
144.0,-17.0,59.1
144.25,-17.0,34.8
144.5,-17.0,18.8
144.75,-17.0,29.5
145.0,-17.0,20.3
145.25,-17.0,14.0
145.5,-17.0,2.8
145.75,-17.0,0.3
146.0,-17.0,19.9
122.0,-17.25,405.1
122.25,-17.25,419.2
122.5,-17.25,434.4
122.75,-17.25,450.6
123.0,-17.25,467.8
123.25,-17.25,485.7
123.5,-17.25,504.4
123.75,-17.25,500.3
124.0,-17.25,473.8
124.25,-17.25,447.4
124.5,-17.25,420.9
124.75,-17.25,394.5
125.0,-17.25,368.1
125.25,-17.25,341.8
125.5,-17.25,315.5
125.75,-17.25,289.4
126.0,-17.25,263.3
126.25,-17.25,237.3
126.5,-17.25,211.6
126.75,-17.25,186.1
127.0,-17.25,161.0
127.25,-17.25,136.5
127.5,-17.25,113.0
127.75,-17.25,91.3
128.0,-17.25,72.8
128.25,-17.25,60.5
128.5,-17.25,58.3
128.75,-17.25,67.3
129.0,-17.25,83.7
129.25,-17.25,104.5
129.5,-17.25,127.5
129.75,-17.25,151.6
130.0,-17.25,176.1
130.25,-17.25,198.9
130.5,-17.25,222.5
130.75,-17.25,246.7
131.0,-17.25,271.5
131.25,-17.25,280.2
131.5,-17.25,260.6
131.75,-17.25,242.4
132.0,-17.25,226.0
132.25,-17.25,211.7
132.5,-17.25,199.9
132.75,-17.25,191.3
133.0,-17.25,186.1
133.25,-17.25,184.7
133.5,-17.25,187.2
133.75,-17.25,193.4
134.0,-17.25,203.0
134.25,-17.25,215.5
134.5,-17.25,230.5
134.75,-17.25,247.5
135.0,-17.25,256.4
135.25,-17.25,266.1
135.5,-17.25,278.1
135.75,-17.25,292.0
136.0,-17.25,307.5
136.25,-17.25,299.8
136.5,-17.25,278.0
136.75,-17.25,257.1
137.0,-17.25,237.4
137.25,-17.25,219.0
137.5,-17.25,202.5
137.75,-17.25,188.2
138.0,-17.25,176.8
138.25,-17.25,168.8
138.5,-17.25,164.7
138.75,-17.25,164.9
139.0,-17.25,168.9
139.25,-17.25,176.0
139.5,-17.25,171.6
140.75,-17.25,58.0
141.0,-17.25,48.1
141.25,-17.25,51.8
141.5,-17.25,66.8
141.75,-17.25,76.4
142.0,-17.25,79.5
142.25,-17.25,88.4
142.5,-17.25,101.9
142.75,-17.25,105.5
143.0,-17.25,105.1
143.25,-17.25,108.9
143.5,-17.25,109.7
143.75,-17.25,83.2
144.0,-17.25,56.8
144.25,-17.25,30.7
144.5,-17.25,7.4
144.75,-17.25,11.6
145.0,-17.25,0.2
145.25,-17.25,8.0
145.5,-17.25,0.9
145.75,-17.25,17.2
146.0,-17.25,6.6
146.25,-17.25,32.9
122.0,-17.5,381.5
122.25,-17.5,396.4
122.5,-17.5,412.4
122.75,-17.5,429.4
123.0,-17.5,447.4
123.25,-17.5,466.1
123.5,-17.5,485.5
123.75,-17.5,503.8
124.0,-17.5,477.6
124.25,-17.5,451.4
124.5,-17.5,425.2
124.75,-17.5,399.2
125.0,-17.5,373.2
125.25,-17.5,347.3
125.5,-17.5,321.5
125.75,-17.5,296.0
126.0,-17.5,270.6
126.25,-17.5,245.4
126.5,-17.5,220.7
126.75,-17.5,196.4
127.0,-17.5,172.9
127.25,-17.5,150.4
127.5,-17.5,129.5
127.75,-17.5,111.0
128.0,-17.5,96.2
128.25,-17.5,87.3
128.5,-17.5,85.8
128.75,-17.5,92.1
129.0,-17.5,104.9
129.25,-17.5,122.1
129.5,-17.5,142.2
129.75,-17.5,164.3
130.0,-17.5,187.5
130.25,-17.5,211.5
130.5,-17.5,235.8
130.75,-17.5,258.8
131.0,-17.5,282.4
131.25,-17.5,299.0
131.5,-17.5,280.7
131.75,-17.5,264.0
132.0,-17.5,249.0
132.25,-17.5,236.1
132.5,-17.5,225.7
132.75,-17.5,218.0
133.0,-17.5,213.5
133.25,-17.5,212.3
133.5,-17.5,214.5
133.75,-17.5,215.4
134.0,-17.5,214.8
134.25,-17.5,214.8
134.5,-17.5,216.9
134.75,-17.5,222.2
135.0,-17.5,230.4
135.25,-17.5,241.2
135.5,-17.5,254.3
135.75,-17.5,269.4
136.0,-17.5,286.1
136.25,-17.5,285.4
136.5,-17.5,262.5
136.75,-17.5,240.3
137.0,-17.5,219.0
137.25,-17.5,199.0
137.5,-17.5,180.7
137.75,-17.5,164.6
138.0,-17.5,151.5
138.25,-17.5,142.1
138.5,-17.5,137.2
138.75,-17.5,137.3
139.0,-17.5,141.9
139.25,-17.5,150.3
139.5,-17.5,162.6
139.75,-17.5,139.4
140.0,-17.5,113.2
140.25,-17.5,87.2
140.5,-17.5,61.8
140.75,-17.5,38.0
141.0,-17.5,21.1
141.25,-17.5,28.4
141.5,-17.5,49.9
141.75,-17.5,48.8
142.0,-17.5,52.6
142.25,-17.5,64.9
142.5,-17.5,77.9
142.75,-17.5,78.2
143.0,-17.5,77.7
143.25,-17.5,81.7
143.5,-17.5,88.1
143.75,-17.5,90.3
144.0,-17.5,66.6
144.25,-17.5,42.6
144.5,-17.5,22.0
144.75,-17.5,14.8
145.0,-17.5,18.6
145.25,-17.5,11.0
145.5,-17.5,0.6
145.75,-17.5,20.0
146.0,-17.5,3.3
146.25,-17.5,29.4
146.5,-17.5,55.4
122.0,-17.75,358.5
122.25,-17.75,374.3
122.5,-17.75,391.2
122.75,-17.75,409.0
123.0,-17.75,427.8
123.25,-17.75,447.3
123.5,-17.75,467.5
123.75,-17.75,488.0
124.0,-17.75,482.9
124.25,-17.75,457.1
124.5,-17.75,431.3
124.75,-17.75,405.7
125.0,-17.75,380.2
125.25,-17.75,354.9
125.5,-17.75,329.8
125.75,-17.75,304.9
126.0,-17.75,280.4
126.25,-17.75,256.3
126.5,-17.75,232.7
126.75,-17.75,209.9
127.0,-17.75,188.1
127.25,-17.75,167.7
127.5,-17.75,149.2
127.75,-17.75,133.4
128.0,-17.75,121.5
128.25,-17.75,114.5
128.5,-17.75,113.3
128.75,-17.75,118.2
129.0,-17.75,128.5
129.25,-17.75,142.9
129.5,-17.75,160.4
129.75,-17.75,180.2
130.0,-17.75,201.6
130.25,-17.75,224.1
130.5,-17.75,247.4
130.75,-17.75,271.3
131.0,-17.75,295.5
131.25,-17.75,318.7
131.5,-17.75,302.1
131.75,-17.75,286.6
132.0,-17.75,268.6
132.25,-17.75,250.4
132.5,-17.75,233.8
132.75,-17.75,219.1
133.0,-17.75,206.8
133.25,-17.75,197.1
133.5,-17.75,190.7
133.75,-17.75,187.8
134.0,-17.75,187.2
134.25,-17.75,187.1
134.5,-17.75,189.6
134.75,-17.75,195.6
135.0,-17.75,204.8
135.25,-17.75,216.9
135.5,-17.75,231.4
135.75,-17.75,247.8
136.0,-17.75,265.8
136.25,-17.75,273.0
136.5,-17.75,249.0
136.75,-17.75,225.5
137.0,-17.75,202.8
137.25,-17.75,181.1
137.5,-17.75,160.8
137.75,-17.75,142.5
138.0,-17.75,127.1
138.25,-17.75,115.7
138.5,-17.75,109.7
138.75,-17.75,109.9
139.0,-17.75,115.2
139.25,-17.75,125.3
139.5,-17.75,139.8
139.75,-17.75,137.7
140.0,-17.75,111.2
140.25,-17.75,84.8
140.5,-17.75,58.3
140.75,-17.75,32.1
141.0,-17.75,6.9
141.25,-17.75,14.5
141.5,-17.75,24.2
141.75,-17.75,21.2
142.0,-17.75,27.2
142.25,-17.75,40.6
142.5,-17.75,54.9
142.75,-17.75,51.3
143.0,-17.75,50.4
143.25,-17.75,55.1
143.5,-17.75,61.2
143.75,-17.75,68.5
144.0,-17.75,80.2
144.25,-17.75,60.3
144.5,-17.75,47.2
144.75,-17.75,40.8
145.0,-17.75,15.4
145.25,-17.75,7.3
145.5,-17.75,5.4
145.75,-17.75,8.7
146.0,-17.75,0.6
146.25,-17.75,24.4
146.5,-17.75,50.5
122.25,-18.0,352.9
122.5,-18.0,370.7
122.75,-18.0,389.5
123.0,-18.0,409.1
123.25,-18.0,429.4
123.5,-18.0,450.0
123.75,-18.0,471.0
124.0,-18.0,489.7
124.25,-18.0,464.3
124.5,-18.0,439.0
124.75,-18.0,414.0
125.0,-18.0,389.1
125.25,-18.0,364.4
125.5,-18.0,340.1
125.75,-18.0,316.1
126.0,-18.0,292.5
126.25,-18.0,269.6
126.5,-18.0,247.3
126.75,-18.0,226.0
127.0,-18.0,206.0
127.25,-18.0,187.5
127.5,-18.0,171.1
127.75,-18.0,157.5
128.0,-18.0,147.6
128.25,-18.0,142.0
128.5,-18.0,140.9
128.75,-18.0,144.9
129.0,-18.0,153.4
129.25,-18.0,165.7
129.5,-18.0,181.0
129.75,-18.0,198.7
130.0,-18.0,218.2
130.25,-18.0,239.1
130.5,-18.0,261.1
130.75,-18.0,283.8
131.0,-18.0,307.2
131.25,-18.0,314.7
131.5,-18.0,292.3
131.75,-18.0,270.7
132.0,-18.0,249.9
132.25,-18.0,230.3
132.5,-18.0,212.2
132.75,-18.0,195.9
133.0,-18.0,182.0
133.25,-18.0,171.0
133.5,-18.0,163.6
133.75,-18.0,160.1
134.0,-18.0,159.5
134.25,-18.0,159.5
134.5,-18.0,162.3
134.75,-18.0,169.3
135.0,-18.0,179.9
135.25,-18.0,193.5
135.5,-18.0,209.5
135.75,-18.0,227.5
136.0,-18.0,247.0
136.25,-18.0,262.9
136.5,-18.0,238.0
136.75,-18.0,213.3
137.0,-18.0,189.2
137.25,-18.0,165.8
137.5,-18.0,143.3
137.75,-18.0,122.5
138.0,-18.0,104.3
138.25,-18.0,90.1
138.5,-18.0,82.3
138.75,-18.0,82.5
139.0,-18.0,89.0
139.25,-18.0,101.8
139.5,-18.0,119.1
139.75,-18.0,139.4
140.0,-18.0,116.0
140.25,-18.0,91.0
140.5,-18.0,66.4
140.75,-18.0,42.9
141.0,-18.0,21.8
141.25,-18.0,11.3
141.5,-18.0,2.4
141.75,-18.0,6.3
142.0,-18.0,3.7
142.25,-18.0,18.7
142.5,-18.0,27.3
142.75,-18.0,24.5
143.0,-18.0,23.0
143.25,-18.0,28.9
143.5,-18.0,34.7
143.75,-18.0,43.7
144.0,-18.0,62.0
144.25,-18.0,79.9
144.5,-18.0,74.0
144.75,-18.0,53.1
145.0,-18.0,37.4
145.25,-18.0,27.9
145.5,-18.0,1.8
145.75,-18.0,12.9
146.0,-18.0,8.3
146.25,-18.0,29.2
122.0,-18.25,314.7
122.25,-18.25,332.5
122.5,-18.25,351.3
122.75,-18.25,371.0
123.0,-18.25,391.5
123.25,-18.25,412.1
123.5,-18.25,433.3
123.75,-18.25,455.1
124.0,-18.25,477.3
124.25,-18.25,473.1
124.5,-18.25,448.4
124.75,-18.25,423.9
125.0,-18.25,399.6
125.25,-18.25,375.7
125.5,-18.25,352.2
125.75,-18.25,329.2
126.0,-18.25,306.7
126.25,-18.25,284.9
126.5,-18.25,264.0
126.75,-18.25,244.2
127.0,-18.25,225.7
127.25,-18.25,209.0
127.5,-18.25,194.5
127.75,-18.25,182.7
128.0,-18.25,174.2
128.25,-18.25,169.4
128.5,-18.25,168.6
128.75,-18.25,171.9
129.0,-18.25,179.1
129.25,-18.25,189.8
129.5,-18.25,203.3
129.75,-18.25,219.2
130.0,-18.25,237.0
130.25,-18.25,256.3
130.5,-18.25,276.9
130.75,-18.25,298.3
131.0,-18.25,320.6
131.25,-18.25,301.3
131.5,-18.25,277.9
131.75,-18.25,255.1
132.0,-18.25,233.0
132.25,-18.25,211.9
132.5,-18.25,192.1
132.75,-18.25,174.0
133.0,-18.25,158.2
133.25,-18.25,145.4
133.5,-18.25,136.6
133.75,-18.25,132.5
134.0,-18.25,131.9
134.25,-18.25,131.8
134.5,-18.25,135.3
134.75,-18.25,143.5
135.0,-18.25,155.8
135.25,-18.25,171.3
135.5,-18.25,189.2
135.75,-18.25,208.9
136.0,-18.25,229.9
136.25,-18.25,251.9
136.5,-18.25,229.7
136.75,-18.25,204.2
137.0,-18.25,178.9
137.25,-18.25,153.9
137.5,-18.25,129.6
137.75,-18.25,106.1
138.0,-18.25,84.4
138.25,-18.25,66.2
138.5,-18.25,55.1
138.75,-18.25,55.4
139.0,-18.25,64.1
139.25,-18.25,80.9
139.5,-18.25,101.8
139.75,-18.25,124.6
140.0,-18.25,126.0
140.25,-18.25,102.6
140.5,-18.25,79.9
140.75,-18.25,60.0
141.0,-18.25,46.6
141.25,-18.25,37.1
141.5,-18.25,30.0
141.75,-18.25,33.5
142.0,-18.25,19.6
142.25,-18.25,4.3
142.5,-18.25,0.4
142.75,-18.25,2.9
143.0,-18.25,4.4
143.25,-18.25,2.6
143.5,-18.25,8.0
143.75,-18.25,23.9
144.0,-18.25,42.0
144.25,-18.25,60.9
144.5,-18.25,74.4
144.75,-18.25,74.3
145.0,-18.25,54.0
145.25,-18.25,28.0
145.5,-18.25,2.5
145.75,-18.25,20.1
146.0,-18.25,2.0
146.25,-18.25,21.0
146.5,-18.25,35.5
121.75,-18.5,276.5
122.0,-18.5,294.2
122.25,-18.5,313.1
122.5,-18.5,333.0
122.75,-18.5,353.5
123.0,-18.5,374.4
123.25,-18.5,395.8
123.5,-18.5,417.9
123.75,-18.5,440.3
124.0,-18.5,463.2
124.25,-18.5,483.3
124.5,-18.5,459.2
124.75,-18.5,435.3
125.0,-18.5,411.8
125.25,-18.5,388.7
125.5,-18.5,366.1
125.75,-18.5,344.0
126.0,-18.5,322.6
126.25,-18.5,302.0
126.5,-18.5,282.4
126.75,-18.5,264.0
127.0,-18.5,247.0
127.25,-18.5,231.9
127.5,-18.5,218.9
127.75,-18.5,208.5
128.0,-18.5,201.1
128.25,-18.5,197.0
128.5,-18.5,196.3
128.75,-18.5,199.1
129.0,-18.5,205.4
129.25,-18.5,214.7
129.5,-18.5,226.8
129.75,-18.5,241.1
130.0,-18.5,257.4
130.25,-18.5,275.2
130.5,-18.5,294.4
130.75,-18.5,314.7
131.0,-18.5,314.6
131.25,-18.5,289.9
131.5,-18.5,265.6
131.75,-18.5,241.7
132.0,-18.5,218.3
132.25,-18.5,195.7
132.5,-18.5,174.0
132.75,-18.5,153.9
133.0,-18.5,135.8
133.25,-18.5,120.7
133.5,-18.5,110.0
133.75,-18.5,104.9
134.0,-18.5,104.2
134.25,-18.5,104.1
134.5,-18.5,108.5
134.75,-18.5,118.6
135.0,-18.5,133.2
135.25,-18.5,151.0
135.5,-18.5,171.0
135.75,-18.5,192.5
136.0,-18.5,215.1
136.25,-18.5,238.4
136.5,-18.5,224.7
136.75,-18.5,198.5
137.0,-18.5,172.4
137.25,-18.5,146.5
137.5,-18.5,120.6
137.75,-18.5,95.1
138.0,-18.5,70.1
138.25,-18.5,46.7
138.5,-18.5,28.8
138.75,-18.5,28.1
139.0,-18.5,42.8
139.25,-18.5,65.0
139.5,-18.5,87.9
139.75,-18.5,110.3
140.0,-18.5,134.1
140.25,-18.5,117.6
140.5,-18.5,98.2
140.75,-18.5,82.9
141.0,-18.5,72.5
141.25,-18.5,62.7
141.5,-18.5,57.6
141.75,-18.5,57.6
142.0,-18.5,40.7
142.25,-18.5,31.0
142.5,-18.5,28.1
142.75,-18.5,30.3
143.0,-18.5,31.8
143.25,-18.5,24.8
143.5,-18.5,14.3
143.75,-18.5,4.8
144.0,-18.5,22.7
144.25,-18.5,38.9
144.5,-18.5,46.7
144.75,-18.5,52.3
145.0,-18.5,51.9
145.25,-18.5,35.5
145.5,-18.5,12.3
145.75,-18.5,9.8
146.0,-18.5,6.1
146.25,-18.5,7.0
146.5,-18.5,18.0
121.5,-18.75,238.3
121.75,-18.75,256.0
122.0,-18.75,275.0
122.25,-18.75,295.1
122.5,-18.75,315.6
122.75,-18.75,336.8
123.0,-18.75,358.5
123.25,-18.75,380.9
123.5,-18.75,403.7
123.75,-18.75,426.8
124.0,-18.75,450.3
124.25,-18.75,474.1
124.5,-18.75,471.4
124.75,-18.75,448.2
125.0,-18.75,425.5
125.25,-18.75,403.2
125.5,-18.75,381.5
125.75,-18.75,360.4
126.0,-18.75,340.1
126.25,-18.75,320.6
126.5,-18.75,302.2
126.75,-18.75,285.1
127.0,-18.75,269.5
127.25,-18.75,255.7
127.5,-18.75,244.0
127.75,-18.75,234.7
128.0,-18.75,228.2
128.25,-18.75,224.6
128.5,-18.75,223.9
128.75,-18.75,226.4
129.0,-18.75,231.9
129.25,-18.75,240.3
129.5,-18.75,251.2
129.75,-18.75,264.1
130.0,-18.75,279.0
130.25,-18.75,295.5
130.5,-18.75,313.5
130.75,-18.75,331.6
131.0,-18.75,306.2
131.25,-18.75,280.9
131.5,-18.75,255.7
131.75,-18.75,230.8
132.0,-18.75,206.3
132.25,-18.75,182.2
132.5,-18.75,158.8
132.75,-18.75,136.4
133.0,-18.75,115.7
133.25,-18.75,97.7
133.5,-18.75,84.1
133.75,-18.75,77.3
134.0,-18.75,76.5
134.25,-18.75,76.4
134.5,-18.75,82.2
134.75,-18.75,95.2
135.0,-18.75,112.8
135.25,-18.75,133.3
135.5,-18.75,155.6
135.75,-18.75,178.9
136.0,-18.75,203.0
136.25,-18.75,227.5
136.5,-18.75,222.9
136.75,-18.75,196.6
137.0,-18.75,170.3
137.25,-18.75,144.0
137.5,-18.75,117.7
137.75,-18.75,91.4
138.0,-18.75,65.1
138.25,-18.75,38.8
138.5,-18.75,12.5
138.75,-18.75,5.5
139.0,-18.75,28.8
139.25,-18.75,50.8
139.5,-18.75,74.9
139.75,-18.75,98.2
140.0,-18.75,117.4
140.25,-18.75,136.5
140.5,-18.75,120.2
140.75,-18.75,107.9
141.0,-18.75,98.3
141.25,-18.75,89.0
141.5,-18.75,85.2
141.75,-18.75,78.7
142.0,-18.75,65.1
142.25,-18.75,58.0
142.5,-18.75,55.8
142.75,-18.75,57.7
143.0,-18.75,58.1
143.25,-18.75,52.4
143.5,-18.75,33.2
143.75,-18.75,14.8
144.0,-18.75,1.7
144.25,-18.75,17.8
144.5,-18.75,19.0
144.75,-18.75,26.9
145.0,-18.75,24.3
145.25,-18.75,19.5
145.5,-18.75,15.3
145.75,-18.75,2.5
146.0,-18.75,4.7
146.25,-18.75,7.5
146.5,-18.75,29.1
121.25,-19.0,200.2
121.5,-19.0,217.8
121.75,-19.0,236.9
122.0,-19.0,257.3
122.25,-19.0,277.9
122.5,-19.0,299.4
122.75,-19.0,321.5
123.0,-19.0,344.2
123.25,-19.0,367.4
123.5,-19.0,390.9
123.75,-19.0,414.8
124.0,-19.0,438.9
124.25,-19.0,463.2
124.5,-19.0,484.8
124.75,-19.0,462.4
125.0,-19.0,440.5
125.25,-19.0,419.0
125.5,-19.0,398.2
125.75,-19.0,378.1
126.0,-19.0,358.8
126.25,-19.0,340.4
126.5,-19.0,323.2
126.75,-19.0,307.3
127.0,-19.0,292.9
127.25,-19.0,280.2
127.5,-19.0,269.7
127.75,-19.0,261.3
128.0,-19.0,255.5
128.25,-19.0,252.2
128.5,-19.0,251.7
128.75,-19.0,253.9
129.0,-19.0,258.8
129.25,-19.0,266.3
129.5,-19.0,276.1
129.75,-19.0,288.0
130.0,-19.0,301.7
130.25,-19.0,317.0
130.5,-19.0,333.7
130.75,-19.0,326.0
131.0,-19.0,300.1
131.25,-19.0,274.3
131.5,-19.0,248.5
131.75,-19.0,222.9
132.0,-19.0,197.4
132.25,-19.0,172.2
132.5,-19.0,147.2
132.75,-19.0,122.9
133.0,-19.0,99.4
133.25,-19.0,77.7
133.5,-19.0,59.8
133.75,-19.0,49.7
134.0,-19.0,48.9
134.25,-19.0,48.8
134.5,-19.0,57.4
134.75,-19.0,74.8
135.0,-19.0,96.2
135.25,-19.0,119.6
135.5,-19.0,143.9
135.75,-19.0,168.8
136.0,-19.0,194.0
136.25,-19.0,219.5
136.5,-19.0,224.7
136.75,-19.0,198.6
137.0,-19.0,172.7
137.25,-19.0,146.8
137.5,-19.0,121.2
137.75,-19.0,95.9
138.0,-19.0,71.4
138.25,-19.0,48.6
138.5,-19.0,26.4
138.75,-19.0,6.7
139.0,-19.0,18.3
139.25,-19.0,41.0
139.5,-19.0,60.1
139.75,-19.0,79.4
140.0,-19.0,100.7
140.25,-19.0,119.5
140.5,-19.0,140.5
140.75,-19.0,133.7
141.0,-19.0,124.0
141.25,-19.0,115.9
141.5,-19.0,112.9
141.75,-19.0,101.6
142.0,-19.0,91.4
142.25,-19.0,85.1
142.5,-19.0,83.5
142.75,-19.0,85.2
143.0,-19.0,84.5
143.25,-19.0,71.4
143.5,-19.0,52.9
143.75,-19.0,35.6
144.0,-19.0,15.6
144.25,-19.0,8.1
144.5,-19.0,8.5
144.75,-19.0,3.8
145.0,-19.0,2.9
145.25,-19.0,7.5
145.5,-19.0,12.2
145.75,-19.0,15.8
146.0,-19.0,2.7
146.25,-19.0,6.4
146.5,-19.0,10.2
146.75,-19.0,25.9
147.0,-19.0,33.8
147.25,-19.0,52.4
121.0,-19.25,162.1
121.25,-19.25,179.6
121.5,-19.25,199.0
121.75,-19.25,219.4
122.0,-19.25,240.4
122.25,-19.25,262.3
122.5,-19.25,284.9
122.75,-19.25,308.1
123.0,-19.25,331.6
123.25,-19.25,355.6
123.5,-19.25,379.8
123.75,-19.25,404.2
124.0,-19.25,428.9
124.25,-19.25,453.7
124.5,-19.25,478.6
124.75,-19.25,477.8
125.0,-19.25,456.7
125.25,-19.25,436.1
125.5,-19.25,416.1
125.75,-19.25,397.0
126.0,-19.25,378.6
126.25,-19.25,361.3
126.5,-19.25,345.1
126.75,-19.25,330.3
127.0,-19.25,317.0
127.25,-19.25,305.4
127.5,-19.25,295.7
127.75,-19.25,288.1
128.0,-19.25,282.9
128.25,-19.25,279.9
128.5,-19.25,279.4
128.75,-19.25,281.4
129.0,-19.25,285.8
129.25,-19.25,292.6
129.5,-19.25,301.6
129.75,-19.25,312.5
130.0,-19.25,325.2
130.25,-19.25,339.4
130.5,-19.25,348.8
130.75,-19.25,322.6
131.0,-19.25,296.5
131.25,-19.25,270.4
131.5,-19.25,244.3
131.75,-19.25,218.2
132.0,-19.25,192.2
132.25,-19.25,166.2
132.5,-19.25,140.3
132.75,-19.25,114.5
133.0,-19.25,88.9
133.25,-19.25,63.8
133.5,-19.25,40.1
133.75,-19.25,22.8
134.0,-19.25,21.3
134.25,-19.25,21.3
134.5,-19.25,37.0
134.75,-19.25,60.5
135.0,-19.25,85.5
135.25,-19.25,111.1
135.5,-19.25,136.9
135.75,-19.25,162.7
136.0,-19.25,188.6
136.25,-19.25,214.4
136.5,-19.25,229.7
136.75,-19.25,204.4
137.0,-19.25,179.3
137.25,-19.25,154.7
137.5,-19.25,130.6
137.75,-19.25,107.6
138.0,-19.25,85.8
138.25,-19.25,63.9
138.5,-19.25,40.9
138.75,-19.25,17.2
139.0,-19.25,3.1
139.25,-19.25,22.0
139.5,-19.25,41.6
139.75,-19.25,62.8
140.0,-19.25,81.6
140.25,-19.25,103.7
140.5,-19.25,117.0
140.75,-19.25,127.3
141.0,-19.25,134.1
141.25,-19.25,142.1
141.5,-19.25,139.0
141.75,-19.25,126.5
142.0,-19.25,118.2
142.25,-19.25,112.5
142.5,-19.25,111.3
142.75,-19.25,112.7
143.0,-19.25,109.5
143.25,-19.25,91.1
143.5,-19.25,73.3
143.75,-19.25,53.6
144.0,-19.25,38.9
144.25,-19.25,35.8
144.5,-19.25,32.9
144.75,-19.25,21.7
145.0,-19.25,13.7
145.25,-19.25,6.0
145.5,-19.25,5.2
145.75,-19.25,9.8
146.0,-19.25,8.7
146.25,-19.25,3.3
146.5,-19.25,0.2
146.75,-19.25,2.4
147.0,-19.25,15.0
147.25,-19.25,33.2
147.5,-19.25,31.1
120.5,-19.5,110.3
120.75,-19.5,124.1
121.0,-19.5,141.4
121.25,-19.5,161.1
121.5,-19.5,181.7
121.75,-19.5,203.2
122.0,-19.5,225.7
122.25,-19.5,248.8
122.5,-19.5,272.5
122.75,-19.5,296.6
123.0,-19.5,320.9
123.25,-19.5,345.6
123.5,-19.5,370.4
123.75,-19.5,395.4
124.0,-19.5,420.5
124.25,-19.5,445.7
124.5,-19.5,471.0
124.75,-19.5,494.3
125.0,-19.5,473.9
125.25,-19.5,454.2
125.5,-19.5,435.1
125.75,-19.5,416.8
126.0,-19.5,399.4
126.25,-19.5,383.0
126.5,-19.5,367.8
126.75,-19.5,354.0
127.0,-19.5,341.6
127.25,-19.5,330.9
127.5,-19.5,322.0
127.75,-19.5,315.1
128.0,-19.5,310.3
128.25,-19.5,307.6
128.5,-19.5,307.2
128.75,-19.5,309.0
129.0,-19.5,313.0
129.25,-19.5,319.2
129.5,-19.5,327.4
129.75,-19.5,337.5
130.0,-19.5,349.3
130.25,-19.5,362.5
130.5,-19.5,347.8
130.75,-19.5,321.6
131.0,-19.5,295.5
131.25,-19.5,269.3
131.5,-19.5,243.2
131.75,-19.5,217.0
132.0,-19.5,190.9
132.25,-19.5,164.8
132.5,-19.5,138.6
132.75,-19.5,112.5
133.0,-19.5,86.4
133.25,-19.5,60.3
133.5,-19.5,34.4
133.75,-19.5,9.9
134.0,-19.5,5.8
134.25,-19.5,3.3
134.5,-19.5,29.1
134.75,-19.5,55.0
135.0,-19.5,81.1
135.25,-19.5,107.2
135.5,-19.5,133.3
135.75,-19.5,159.4
136.0,-19.5,185.5
136.25,-19.5,211.7
136.5,-19.5,237.8
136.75,-19.5,213.6
137.0,-19.5,189.9
137.25,-19.5,166.8
137.5,-19.5,144.8
137.75,-19.5,122.6
138.0,-19.5,99.9
138.25,-19.5,76.4
138.5,-19.5,55.0
138.75,-19.5,35.0
139.0,-19.5,16.2
139.25,-19.5,5.6
139.5,-19.5,24.8
139.75,-19.5,44.5
140.0,-19.5,68.5
140.25,-19.5,84.3
140.5,-19.5,90.9
140.75,-19.5,103.1
141.0,-19.5,107.1
141.25,-19.5,116.9
141.5,-19.5,131.3
141.75,-19.5,128.6
142.0,-19.5,128.3
142.25,-19.5,128.6
142.5,-19.5,130.8
142.75,-19.5,134.4
143.0,-19.5,129.2
143.25,-19.5,111.4
143.5,-19.5,91.7
143.75,-19.5,75.4
144.0,-19.5,65.7
144.25,-19.5,63.6
144.5,-19.5,57.5
144.75,-19.5,47.4
145.0,-19.5,38.6
145.25,-19.5,30.0
145.5,-19.5,22.2
145.75,-19.5,17.9
146.0,-19.5,19.0
146.25,-19.5,20.2
146.5,-19.5,16.5
146.75,-19.5,0.0
147.0,-19.5,2.7
147.25,-19.5,10.8
147.5,-19.5,8.9
147.75,-19.5,34.9
119.25,-19.75,61.9
119.5,-19.75,63.6
119.75,-19.75,66.2
120.0,-19.75,70.6
120.25,-19.75,74.6
120.5,-19.75,86.3
120.75,-19.75,103.4
121.0,-19.75,123.6
121.25,-19.75,144.3
121.5,-19.75,166.5
121.75,-19.75,189.7
122.0,-19.75,213.5
122.25,-19.75,237.8
122.5,-19.75,262.4
122.75,-19.75,287.3
123.0,-19.75,312.4
123.25,-19.75,337.6
123.5,-19.75,362.9
123.75,-19.75,388.3
124.0,-19.75,413.8
124.25,-19.75,439.3
124.5,-19.75,464.9
124.75,-19.75,490.5
125.0,-19.75,492.2
125.25,-19.75,473.2
125.5,-19.75,454.9
125.75,-19.75,437.5
126.0,-19.75,421.0
126.25,-19.75,405.5
126.5,-19.75,391.2
126.75,-19.75,378.3
127.0,-19.75,366.7
127.25,-19.75,356.8
127.5,-19.75,348.6
127.75,-19.75,342.2
128.0,-19.75,337.8
128.25,-19.75,335.4
128.5,-19.75,334.9
128.75,-19.75,336.6
129.0,-19.75,340.3
129.25,-19.75,346.0
129.5,-19.75,353.5
129.75,-19.75,362.9
130.0,-19.75,373.9
130.25,-19.75,375.0
130.5,-19.75,349.0
130.75,-19.75,323.0
131.0,-19.75,297.1
131.25,-19.75,271.1
131.5,-19.75,245.2
131.75,-19.75,219.4
132.0,-19.75,193.6
132.25,-19.75,168.0
132.5,-19.75,142.5
132.75,-19.75,117.3
133.0,-19.75,92.6
133.25,-19.75,69.0
133.5,-19.75,48.0
133.75,-19.75,34.9
134.0,-19.75,19.5
134.25,-19.75,6.0
134.5,-19.75,32.0
134.75,-19.75,57.9
135.0,-19.75,83.6
135.25,-19.75,109.1
135.5,-19.75,134.8
135.75,-19.75,160.6
136.0,-19.75,186.5
136.25,-19.75,212.5
136.5,-19.75,238.5
136.75,-19.75,226.0
137.0,-19.75,203.6
137.25,-19.75,181.5
137.5,-19.75,159.0
137.75,-19.75,135.5
138.0,-19.75,113.3
138.25,-19.75,92.8
138.5,-19.75,73.1
138.75,-19.75,53.4
139.0,-19.75,31.0
139.25,-19.75,12.7
139.5,-19.75,11.8
139.75,-19.75,36.9
140.0,-19.75,58.4
140.25,-19.75,56.8
140.5,-19.75,66.1
140.75,-19.75,75.4
141.0,-19.75,80.8
141.25,-19.75,93.4
141.5,-19.75,104.4
141.75,-19.75,100.8
142.0,-19.75,100.5
142.25,-19.75,100.9
142.5,-19.75,103.2
142.75,-19.75,107.5
143.0,-19.75,109.2
143.25,-19.75,110.8
143.5,-19.75,113.0
143.75,-19.75,100.2
144.0,-19.75,93.1
144.25,-19.75,91.3
144.5,-19.75,83.1
144.75,-19.75,74.3
145.0,-19.75,64.5
145.25,-19.75,56.0
145.5,-19.75,49.9
145.75,-19.75,45.7
146.0,-19.75,43.0
146.25,-19.75,26.4
146.5,-19.75,7.4
146.75,-19.75,12.5
147.0,-19.75,4.5
147.25,-19.75,0.5
147.5,-19.75,2.4
147.75,-19.75,17.7
148.0,-19.75,23.4
148.25,-19.75,28.8
118.75,-20.0,41.3
119.0,-20.0,39.8
119.25,-20.0,34.1
119.5,-20.0,35.8
119.75,-20.0,38.6
120.0,-20.0,43.0
120.25,-20.0,48.9
120.5,-20.0,65.4
120.75,-20.0,85.8
121.0,-20.0,107.4
121.25,-20.0,130.7
121.5,-20.0,154.8
121.75,-20.0,179.5
122.0,-20.0,204.4
122.25,-20.0,229.6
122.5,-20.0,255.0
122.75,-20.0,280.5
123.0,-20.0,306.0
123.25,-20.0,331.7
123.5,-20.0,357.3
123.75,-20.0,383.1
124.0,-20.0,408.8
124.25,-20.0,434.6
124.5,-20.0,460.4
124.75,-20.0,486.2
125.0,-20.0,511.3
125.25,-20.0,493.0
125.5,-20.0,475.5
125.75,-20.0,458.9
126.0,-20.0,443.3
126.25,-20.0,428.6
126.5,-20.0,415.2
126.75,-20.0,403.0
127.0,-20.0,392.2
127.25,-20.0,383.0
127.5,-20.0,375.4
127.75,-20.0,369.5
128.0,-20.0,365.4
128.25,-20.0,363.1
128.5,-20.0,362.7
128.75,-20.0,364.2
129.0,-20.0,367.7
129.25,-20.0,372.9
129.5,-20.0,379.9
129.75,-20.0,388.6
130.0,-20.0,398.9
130.25,-20.0,378.2
130.5,-20.0,352.5
130.75,-20.0,326.8
131.0,-20.0,301.2
131.25,-20.0,275.7
131.5,-20.0,250.4
131.75,-20.0,225.2
132.0,-20.0,200.2
132.25,-20.0,175.6
132.5,-20.0,151.4
132.75,-20.0,128.0
133.0,-20.0,105.9
133.25,-20.0,86.1
133.5,-20.0,70.5
133.75,-20.0,47.8
134.0,-20.0,22.0
134.25,-20.0,3.3
134.5,-20.0,29.2
134.75,-20.0,55.2
135.0,-20.0,81.3
135.25,-20.0,107.3
135.5,-20.0,133.4
135.75,-20.0,159.4
136.0,-20.0,185.4
136.25,-20.0,211.5
136.5,-20.0,237.5
136.75,-20.0,240.5
137.0,-20.0,218.0
137.25,-20.0,194.6
137.5,-20.0,172.1
137.75,-20.0,150.7
138.0,-20.0,130.5
138.25,-20.0,111.1
138.5,-20.0,89.0
138.75,-20.0,63.1
139.0,-20.0,37.6
139.25,-20.0,11.8
139.5,-20.0,14.2
139.75,-20.0,37.9
140.0,-20.0,32.6
140.25,-20.0,29.7
140.5,-20.0,44.9
140.75,-20.0,47.6
141.0,-20.0,55.7
141.25,-20.0,72.7
141.5,-20.0,77.7
141.75,-20.0,73.1
142.0,-20.0,72.8
142.25,-20.0,73.2
142.5,-20.0,75.5
142.75,-20.0,80.5
143.0,-20.0,81.4
143.25,-20.0,83.1
143.5,-20.0,90.1
143.75,-20.0,97.3
144.0,-20.0,96.1
144.25,-20.0,94.9
144.5,-20.0,95.3
144.75,-20.0,86.2
145.0,-20.0,70.7
145.25,-20.0,51.6
145.5,-20.0,39.9
145.75,-20.0,28.3
146.0,-20.0,16.8
146.25,-20.0,7.2
146.5,-20.0,11.6
146.75,-20.0,28.2
147.0,-20.0,10.3
147.25,-20.0,3.3
147.5,-20.0,15.4
147.75,-20.0,9.2
148.0,-20.0,1.6
148.25,-20.0,2.2
148.5,-20.0,24.7
118.0,-20.25,54.7
118.25,-20.25,36.6
118.5,-20.25,16.8
118.75,-20.25,14.1
119.0,-20.25,12.1
119.25,-20.25,6.4
119.5,-20.25,8.3
119.75,-20.25,11.2
120.0,-20.25,15.2
120.25,-20.25,27.7
120.5,-20.25,48.5
120.75,-20.25,72.0
121.0,-20.25,96.7
121.25,-20.25,122.0
121.5,-20.25,147.5
121.75,-20.25,173.1
122.0,-20.25,198.9
122.25,-20.25,224.6
122.5,-20.25,250.5
122.75,-20.25,276.3
123.0,-20.25,302.2
123.25,-20.25,328.0
123.5,-20.25,353.9
123.75,-20.25,379.8
124.0,-20.25,405.7
124.25,-20.25,431.7
124.5,-20.25,457.6
124.75,-20.25,483.5
125.0,-20.25,509.4
125.25,-20.25,513.6
125.5,-20.25,496.9
125.75,-20.25,481.0
126.0,-20.25,466.1
126.25,-20.25,452.3
126.5,-20.25,439.6
126.75,-20.25,428.1
127.0,-20.25,418.0
127.25,-20.25,409.4
127.5,-20.25,402.3
127.75,-20.25,396.8
128.0,-20.25,393.0
128.25,-20.25,390.9
128.5,-20.25,390.5
128.75,-20.25,391.9
129.0,-20.25,395.1
129.25,-20.25,400.0
129.5,-20.25,406.5
129.75,-20.25,414.7
130.0,-20.25,408.7
130.25,-20.25,383.4
130.5,-20.25,358.1
130.75,-20.25,332.9
131.0,-20.25,307.8
131.25,-20.25,283.0
131.5,-20.25,258.4
131.75,-20.25,234.1
132.0,-20.25,210.3
132.25,-20.25,187.0
132.5,-20.25,164.6
132.75,-20.25,143.5
133.0,-20.25,124.2
133.25,-20.25,101.4
133.5,-20.25,75.4
133.75,-20.25,49.4
134.0,-20.25,23.5
134.25,-20.25,2.3
134.5,-20.25,28.1
134.75,-20.25,53.9
135.0,-20.25,79.8
135.25,-20.25,105.7
135.5,-20.25,130.9
135.75,-20.25,156.3
136.0,-20.25,181.8
136.25,-20.25,207.4
136.5,-20.25,233.1
136.75,-20.25,253.6
137.0,-20.25,231.0
137.25,-20.25,209.2
137.5,-20.25,188.4
137.75,-20.25,166.3
138.0,-20.25,140.4
138.25,-20.25,114.5
138.5,-20.25,88.7
138.75,-20.25,62.9
139.0,-20.25,37.6
139.25,-20.25,13.8
139.5,-20.25,10.6
139.75,-20.25,36.4
140.0,-20.25,16.3
140.25,-20.25,8.8
140.5,-20.25,28.1
140.75,-20.25,20.0
141.0,-20.25,35.1
141.25,-20.25,58.3
141.5,-20.25,52.3
141.75,-20.25,45.3
142.0,-20.25,44.9
142.25,-20.25,45.5
142.5,-20.25,47.8
142.75,-20.25,52.9
143.0,-20.25,53.6
143.25,-20.25,55.6
143.5,-20.25,65.5
143.75,-20.25,69.8
144.0,-20.25,68.4
144.25,-20.25,67.1
144.5,-20.25,68.2
144.75,-20.25,61.8
145.0,-20.25,48.1
145.25,-20.25,33.1
145.5,-20.25,14.1
145.75,-20.25,3.7
146.0,-20.25,1.0
146.25,-20.25,2.0
146.5,-20.25,23.4
146.75,-20.25,45.0
147.0,-20.25,24.5
147.25,-20.25,12.5
147.5,-20.25,4.2
147.75,-20.25,14.8
148.0,-20.25,4.5
148.25,-20.25,8.5
148.5,-20.25,3.2
148.75,-20.25,6.2
116.5,-20.5,28.3
116.75,-20.5,16.7
117.0,-20.5,20.8
117.25,-20.5,15.5
117.5,-20.5,37.0
117.75,-20.5,34.0
118.0,-20.5,28.4
118.25,-20.5,17.2
118.5,-20.5,0.7
118.75,-20.5,13.0
119.0,-20.5,15.8
119.25,-20.5,19.3
119.5,-20.5,18.1
119.75,-20.5,16.3
120.0,-20.5,9.6
120.25,-20.5,15.8
120.5,-20.5,41.6
120.75,-20.5,67.5
121.0,-20.5,93.4
121.25,-20.5,119.3
121.5,-20.5,145.2
121.75,-20.5,171.2
122.0,-20.5,197.1
122.25,-20.5,223.0
122.5,-20.5,249.0
122.75,-20.5,274.9
123.0,-20.5,300.8
123.25,-20.5,326.8
123.5,-20.5,352.7
123.75,-20.5,378.6
124.0,-20.5,404.6
124.25,-20.5,430.5
124.5,-20.5,456.4
124.75,-20.5,482.3
125.0,-20.5,508.3
125.25,-20.5,534.2
125.5,-20.5,518.9
125.75,-20.5,503.7
126.0,-20.5,489.6
126.25,-20.5,476.4
126.5,-20.5,464.4
126.75,-20.5,453.6
127.0,-20.5,444.1
127.25,-20.5,436.0
127.5,-20.5,429.3
127.75,-20.5,424.2
128.0,-20.5,420.7
128.25,-20.5,418.7
128.5,-20.5,418.3
128.75,-20.5,419.7
129.0,-20.5,422.6
129.25,-20.5,427.2
129.5,-20.5,433.3
129.75,-20.5,440.4
130.0,-20.5,415.3
130.25,-20.5,390.4
130.5,-20.5,365.7
130.75,-20.5,341.1
131.0,-20.5,316.8
131.25,-20.5,292.8
131.5,-20.5,269.1
131.75,-20.5,245.9
132.0,-20.5,223.4
132.25,-20.5,201.7
132.5,-20.5,178.8
132.75,-20.5,153.0
133.0,-20.5,127.2
133.25,-20.5,101.5
133.5,-20.5,75.9
133.75,-20.5,50.6
134.0,-20.5,26.2
134.25,-20.5,0.5
134.5,-20.5,23.6
134.75,-20.5,49.3
135.0,-20.5,75.2
135.25,-20.5,101.1
135.5,-20.5,127.1
135.75,-20.5,153.0
136.0,-20.5,178.9
136.25,-20.5,204.8
136.5,-20.5,230.7
136.75,-20.5,256.7
137.0,-20.5,246.5
137.25,-20.5,221.2
137.5,-20.5,195.7
137.75,-20.5,170.3
138.0,-20.5,145.1
138.25,-20.5,120.3
138.5,-20.5,96.1
138.75,-20.5,70.8
139.0,-20.5,45.7
139.25,-20.5,20.2
139.5,-20.5,4.5
139.75,-20.5,22.7
140.0,-20.5,21.8
140.25,-20.5,2.0
140.5,-20.5,3.4
140.75,-20.5,7.4
141.0,-20.5,29.8
141.25,-20.5,54.7
141.5,-20.5,31.3
141.75,-20.5,17.6
142.0,-20.5,17.1
142.25,-20.5,17.7
142.5,-20.5,20.2
142.75,-20.5,25.1
143.0,-20.5,25.8
143.25,-20.5,28.8
143.5,-20.5,38.4
143.75,-20.5,42.1
144.0,-20.5,40.6
144.25,-20.5,39.5
144.5,-20.5,41.2
144.75,-20.5,35.0
145.0,-20.5,27.4
145.25,-20.5,10.3
145.5,-20.5,3.4
145.75,-20.5,14.0
146.0,-20.5,25.6
146.25,-20.5,10.5
146.5,-20.5,7.4
146.75,-20.5,32.7
147.0,-20.5,36.4
147.25,-20.5,11.5
147.5,-20.5,9.4
147.75,-20.5,0.4
148.0,-20.5,6.0
148.25,-20.5,10.3
148.5,-20.5,9.3
148.75,-20.5,14.6
149.0,-20.5,36.9
116.0,-20.75,73.9
116.25,-20.75,48.2
116.5,-20.75,23.1
116.75,-20.75,0.1
117.0,-20.75,0.2
117.25,-20.75,9.8
117.5,-20.75,16.7
117.75,-20.75,7.7
118.0,-20.75,1.5
118.25,-20.75,6.4
118.5,-20.75,20.6
118.75,-20.75,38.5
119.0,-20.75,43.5
119.25,-20.75,46.3
119.5,-20.75,45.8
119.75,-20.75,43.7
120.0,-20.75,32.3
120.25,-20.75,34.3
120.5,-20.75,51.5
120.75,-20.75,74.0
121.0,-20.75,98.1
121.25,-20.75,123.0
121.5,-20.75,148.2
121.75,-20.75,173.7
122.0,-20.75,199.2
122.25,-20.75,224.9
122.5,-20.75,250.6
122.75,-20.75,276.3
123.0,-20.75,302.0
123.25,-20.75,327.8
123.5,-20.75,353.6
123.75,-20.75,379.5
124.0,-20.75,405.3
124.25,-20.75,431.1
124.5,-20.75,457.0
124.75,-20.75,482.8
125.0,-20.75,508.7
125.25,-20.75,534.5
125.5,-20.75,541.4
125.75,-20.75,526.9
126.0,-20.75,513.4
126.25,-20.75,500.9
126.5,-20.75,489.6
126.75,-20.75,479.3
127.0,-20.75,470.4
127.25,-20.75,462.7
127.5,-20.75,456.5
127.75,-20.75,451.7
128.0,-20.75,448.4
128.25,-20.75,446.5
128.5,-20.75,446.2
128.75,-20.75,447.4
129.0,-20.75,450.2
129.25,-20.75,454.5
129.5,-20.75,460.2
129.75,-20.75,448.2
130.0,-20.75,423.7
130.25,-20.75,399.3
130.5,-20.75,375.2
130.75,-20.75,351.4
131.0,-20.75,327.9
131.25,-20.75,304.8
131.5,-20.75,281.0
131.75,-20.75,255.3
132.0,-20.75,229.5
132.25,-20.75,203.8
132.5,-20.75,178.2
132.75,-20.75,152.6
133.0,-20.75,127.0
133.25,-20.75,101.3
133.5,-20.75,75.8
133.75,-20.75,50.5
134.0,-20.75,25.1
134.25,-20.75,0.4
134.5,-20.75,26.3
134.75,-20.75,52.1
135.0,-20.75,78.0
135.25,-20.75,103.6
135.5,-20.75,129.0
135.75,-20.75,154.6
136.0,-20.75,180.3
136.25,-20.75,206.0
136.5,-20.75,231.7
136.75,-20.75,257.5
137.0,-20.75,252.4
137.25,-20.75,227.5
137.5,-20.75,202.8
137.75,-20.75,177.7
138.0,-20.75,151.8
138.25,-20.75,126.0
138.5,-20.75,100.1
138.75,-20.75,74.2
139.0,-20.75,48.4
139.25,-20.75,22.5
139.5,-20.75,0.4
139.75,-20.75,1.1
140.0,-20.75,4.4
140.25,-20.75,0.4
140.5,-20.75,4.0
140.75,-20.75,26.3
141.0,-20.75,45.2
141.25,-20.75,52.6
141.5,-20.75,27.6
141.75,-20.75,9.9
142.0,-20.75,10.7
142.25,-20.75,10.0
142.5,-20.75,6.3
142.75,-20.75,2.6
143.0,-20.75,2.1
143.25,-20.75,4.7
143.5,-20.75,11.4
143.75,-20.75,14.5
144.0,-20.75,12.9
144.25,-20.75,12.4
144.5,-20.75,13.7
144.75,-20.75,8.1
145.0,-20.75,1.1
145.25,-20.75,4.7
145.5,-20.75,24.5
145.75,-20.75,38.7
146.0,-20.75,48.5
146.25,-20.75,30.8
146.5,-20.75,25.4
146.75,-20.75,40.8
147.0,-20.75,49.1
147.25,-20.75,35.0
147.5,-20.75,33.8
147.75,-20.75,13.6
148.0,-20.75,4.1
148.25,-20.75,27.7
148.5,-20.75,16.7
148.75,-20.75,4.3
149.0,-20.75,23.4
115.75,-21.0,100.9
116.0,-21.0,75.5
116.25,-21.0,50.5
116.5,-21.0,27.0
116.75,-21.0,7.9
117.0,-21.0,0.8
117.25,-21.0,15.8
117.5,-21.0,8.6
117.75,-21.0,18.7
118.0,-21.0,26.2
118.25,-21.0,32.7
118.5,-21.0,41.7
118.75,-21.0,58.5
119.0,-21.0,71.2
119.25,-21.0,73.9
119.5,-21.0,73.6
119.75,-21.0,68.8
120.0,-21.0,59.4
120.25,-21.0,60.5
120.5,-21.0,71.6
120.75,-21.0,89.1
121.0,-21.0,110.0
121.25,-21.0,132.6
121.5,-21.0,156.2
121.75,-21.0,180.5
122.0,-21.0,205.2
122.25,-21.0,230.1
122.5,-21.0,255.2
122.75,-21.0,280.5
123.0,-21.0,305.8
123.25,-21.0,331.3
123.5,-21.0,356.8
123.75,-21.0,382.3
124.0,-21.0,407.9
124.25,-21.0,433.5
124.5,-21.0,459.2
124.75,-21.0,484.9
125.0,-21.0,510.6
125.25,-21.0,536.3
125.5,-21.0,562.0
125.75,-21.0,550.6
126.0,-21.0,537.7
126.25,-21.0,525.8
126.5,-21.0,515.0
126.75,-21.0,505.3
127.0,-21.0,496.8
127.25,-21.0,489.6
127.5,-21.0,483.7
127.75,-21.0,479.2
128.0,-21.0,476.1
128.25,-21.0,474.3
128.5,-21.0,474.0
128.75,-21.0,475.2
129.0,-21.0,477.8
129.25,-21.0,481.8
129.5,-21.0,481.7
129.75,-21.0,457.6
130.0,-21.0,433.6
130.25,-21.0,408.9
130.5,-21.0,383.1
130.75,-21.0,357.2
131.0,-21.0,331.4
131.25,-21.0,305.6
131.5,-21.0,279.8
131.75,-21.0,253.9
132.0,-21.0,228.1
132.25,-21.0,202.3
132.5,-21.0,176.5
132.75,-21.0,150.7
133.0,-21.0,124.8
133.25,-21.0,99.0
133.5,-21.0,73.2
133.75,-21.0,47.5
134.0,-21.0,21.9
134.25,-21.0,6.0
134.5,-21.0,30.3
134.75,-21.0,55.3
135.0,-21.0,80.3
135.25,-21.0,105.6
135.5,-21.0,131.2
135.75,-21.0,156.9
136.0,-21.0,182.6
136.25,-21.0,208.3
136.5,-21.0,234.1
136.75,-21.0,259.8
137.0,-21.0,256.8
137.25,-21.0,231.2
137.5,-21.0,205.5
137.75,-21.0,180.0
138.0,-21.0,154.6
138.25,-21.0,129.3
138.5,-21.0,104.3
138.75,-21.0,79.5
139.0,-21.0,55.4
139.25,-21.0,34.1
139.5,-21.0,24.2
139.75,-21.0,26.8
140.0,-21.0,22.5
140.25,-21.0,26.2
140.5,-21.0,31.7
140.75,-21.0,41.2
141.0,-21.0,60.9
141.25,-21.0,64.0
141.5,-21.0,45.7
141.75,-21.0,37.8
142.0,-21.0,38.6
142.25,-21.0,37.8
142.5,-21.0,32.8
142.75,-21.0,30.4
143.0,-21.0,29.9
143.25,-21.0,22.0
143.5,-21.0,16.2
143.75,-21.0,13.1
144.0,-21.0,5.7
144.25,-21.0,13.7
144.5,-21.0,13.1
144.75,-21.0,15.4
145.0,-21.0,22.2
145.25,-21.0,29.4
145.5,-21.0,42.6
145.75,-21.0,61.9
146.0,-21.0,68.8
146.25,-21.0,55.6
146.5,-21.0,52.8
146.75,-21.0,52.2
147.0,-21.0,28.5
147.25,-21.0,13.3
147.5,-21.0,26.5
147.75,-21.0,8.3
148.0,-21.0,9.3
148.25,-21.0,11.7
148.5,-21.0,20.7
148.75,-21.0,0.2
149.0,-21.0,4.0
149.25,-21.0,13.3
115.25,-21.25,133.8
115.5,-21.25,110.2
115.75,-21.25,87.8
116.0,-21.25,67.7
116.25,-21.25,52.7
116.5,-21.25,38.0
116.75,-21.25,15.4
117.0,-21.25,2.0
117.25,-21.25,25.1
117.5,-21.25,36.5
117.75,-21.25,42.6
118.0,-21.25,53.4
118.25,-21.25,59.0
118.5,-21.25,67.5
118.75,-21.25,79.0
119.0,-21.25,96.2
119.25,-21.25,101.5
119.5,-21.25,101.5
119.75,-21.25,93.6
120.0,-21.25,87.0
120.25,-21.25,87.7
120.5,-21.25,95.7
120.75,-21.25,109.4
121.0,-21.25,126.9
121.25,-21.25,146.9
121.5,-21.25,168.5
121.75,-21.25,191.2
122.0,-21.25,214.6
122.25,-21.25,238.5
122.5,-21.25,262.7
122.75,-21.25,287.3
123.0,-21.25,312.0
123.25,-21.25,337.0
123.5,-21.25,362.0
123.75,-21.25,387.2
124.0,-21.25,412.4
124.25,-21.25,437.7
124.5,-21.25,463.1
124.75,-21.25,488.5
125.0,-21.25,514.0
125.25,-21.25,539.5
125.5,-21.25,565.0
125.75,-21.25,574.6
126.0,-21.25,562.3
126.25,-21.25,551.0
126.5,-21.25,540.7
126.75,-21.25,531.5
127.0,-21.25,523.5
127.25,-21.25,516.6
127.5,-21.25,511.1
127.75,-21.25,506.8
128.0,-21.25,503.8
128.25,-21.25,502.2
128.5,-21.25,501.9
128.75,-21.25,503.0
129.0,-21.25,505.4
129.25,-21.25,509.2
129.5,-21.25,486.9
129.75,-21.25,461.1
130.0,-21.25,435.4
130.25,-21.25,409.7
130.5,-21.25,384.0
130.75,-21.25,358.3
131.0,-21.25,332.6
131.25,-21.25,306.9
131.5,-21.25,281.3
131.75,-21.25,255.7
132.0,-21.25,230.1
132.25,-21.25,204.6
132.5,-21.25,179.1
132.75,-21.25,153.8
133.0,-21.25,128.7
133.25,-21.25,103.9
133.5,-21.25,79.8
133.75,-21.25,57.1
134.0,-21.25,38.5
134.25,-21.25,32.3
134.5,-21.25,44.0
134.75,-21.25,64.5
135.0,-21.25,87.8
135.25,-21.25,112.2
135.5,-21.25,137.2
135.75,-21.25,162.1
136.0,-21.25,187.1
136.25,-21.25,212.2
136.5,-21.25,237.5
136.75,-21.25,262.9
137.0,-21.25,261.3
137.25,-21.25,236.1
137.5,-21.25,211.2
137.75,-21.25,186.3
138.0,-21.25,161.7
138.25,-21.25,137.5
138.5,-21.25,114.0
138.75,-21.25,91.8
139.0,-21.25,72.1
139.25,-21.25,57.3
139.5,-21.25,52.0
139.75,-21.25,54.4
140.0,-21.25,50.4
140.25,-21.25,53.5
140.5,-21.25,59.4
140.75,-21.25,65.2
141.0,-21.25,79.1
141.25,-21.25,83.5
141.5,-21.25,70.5
141.75,-21.25,65.6
142.0,-21.25,66.4
142.25,-21.25,65.5
142.5,-21.25,60.4
142.75,-21.25,58.1
143.0,-21.25,56.5
143.25,-21.25,43.7
143.5,-21.25,23.9
143.75,-21.25,5.5
144.0,-21.25,12.1
144.25,-21.25,31.8
144.5,-21.25,40.6
144.75,-21.25,42.3
145.0,-21.25,49.0
145.25,-21.25,55.9
145.5,-21.25,65.0
145.75,-21.25,80.6
146.0,-21.25,91.8
146.25,-21.25,82.4
146.5,-21.25,76.7
146.75,-21.25,51.5
147.0,-21.25,27.2
147.25,-21.25,11.3
147.5,-21.25,0.2
147.75,-21.25,0.4
148.0,-21.25,6.7
148.25,-21.25,5.4
148.5,-21.25,3.0
148.75,-21.25,10.0
149.0,-21.25,1.1
149.25,-21.25,5.3
149.5,-21.25,24.3
114.75,-21.5,177.4
115.0,-21.5,151.9
115.25,-21.5,126.4
115.5,-21.5,101.1
115.75,-21.5,76.1
116.0,-21.5,51.8
116.25,-21.5,29.8
116.5,-21.5,19.9
116.75,-21.5,4.9
117.0,-21.5,11.5
117.25,-21.5,2.8
117.5,-21.5,15.6
117.75,-21.5,30.0
118.0,-21.5,53.2
118.25,-21.5,77.9
118.5,-21.5,93.8
118.75,-21.5,103.0
119.0,-21.5,116.7
119.25,-21.5,129.2
119.5,-21.5,118.8
119.75,-21.5,111.4
120.0,-21.5,109.7
120.25,-21.5,113.9
120.5,-21.5,121.4
120.75,-21.5,132.5
121.0,-21.5,147.2
121.25,-21.5,164.8
121.5,-21.5,184.3
121.75,-21.5,205.1
122.0,-21.5,227.1
122.25,-21.5,249.7
122.5,-21.5,272.9
122.75,-21.5,296.6
123.0,-21.5,320.6
123.25,-21.5,344.8
123.5,-21.5,369.3
123.75,-21.5,393.9
124.0,-21.5,418.7
124.25,-21.5,443.6
124.5,-21.5,468.6
124.75,-21.5,493.7
125.0,-21.5,518.9
125.25,-21.5,544.1
125.5,-21.5,569.3
125.75,-21.5,594.7
126.0,-21.5,587.2
126.25,-21.5,576.4
126.5,-21.5,566.6
126.75,-21.5,557.8
127.0,-21.5,550.2
127.25,-21.5,543.7
127.5,-21.5,538.5
127.75,-21.5,534.4
128.0,-21.5,531.6
128.25,-21.5,530.0
128.5,-21.5,529.8
128.75,-21.5,530.8
129.0,-21.5,533.1
129.25,-21.5,514.6
129.5,-21.5,489.0
129.75,-21.5,463.4
130.0,-21.5,437.9
130.25,-21.5,412.4
130.5,-21.5,386.9
130.75,-21.5,361.5
131.0,-21.5,336.1
131.25,-21.5,310.7
131.5,-21.5,285.5
131.75,-21.5,260.4
132.0,-21.5,235.4
132.25,-21.5,210.5
132.5,-21.5,186.0
132.75,-21.5,161.8
133.0,-21.5,138.2
133.25,-21.5,115.5
133.5,-21.5,94.4
133.75,-21.5,76.3
134.0,-21.5,63.6
134.25,-21.5,60.1
134.5,-21.5,67.1
134.75,-21.5,81.9
135.0,-21.5,101.3
135.25,-21.5,123.0
135.5,-21.5,146.1
135.75,-21.5,169.9
136.0,-21.5,194.2
136.25,-21.5,218.9
136.5,-21.5,243.8
136.75,-21.5,268.8
137.0,-21.5,268.3
137.25,-21.5,243.8
137.5,-21.5,219.6
137.75,-21.5,195.8
138.0,-21.5,172.6
138.25,-21.5,150.2
138.5,-21.5,129.1
138.75,-21.5,110.0
139.0,-21.5,94.1
139.25,-21.5,83.4
139.5,-21.5,79.9
139.75,-21.5,81.2
140.0,-21.5,78.2
140.25,-21.5,80.8
140.5,-21.5,86.8
140.75,-21.5,91.4
141.0,-21.5,101.8
141.25,-21.5,106.8
141.5,-21.5,97.0
141.75,-21.5,93.5
142.0,-21.5,94.3
142.25,-21.5,93.3
142.5,-21.5,86.6
142.75,-21.5,65.5
143.0,-21.5,45.0
143.25,-21.5,25.1
143.5,-21.5,6.0
143.75,-21.5,13.9
144.0,-21.5,32.4
144.25,-21.5,49.9
144.5,-21.5,68.1
144.75,-21.5,69.2
145.0,-21.5,75.9
145.25,-21.5,82.7
145.5,-21.5,90.5
145.75,-21.5,102.2
146.0,-21.5,116.9
146.25,-21.5,109.2
146.5,-21.5,85.8
146.75,-21.5,64.3
147.0,-21.5,47.2
147.25,-21.5,31.7
147.5,-21.5,28.1
147.75,-21.5,23.7
148.0,-21.5,1.6
148.25,-21.5,9.7
148.5,-21.5,0.7
148.75,-21.5,7.5
149.0,-21.5,10.4
149.25,-21.5,3.8
149.5,-21.5,27.6
114.5,-21.75,201.8
114.75,-21.75,176.2
115.0,-21.75,150.6
115.25,-21.75,124.9
115.5,-21.75,99.3
115.75,-21.75,73.8
116.0,-21.75,48.3
116.25,-21.75,23.4
116.5,-21.75,7.8
116.75,-21.75,13.3
117.0,-21.75,32.5
117.25,-21.75,20.3
117.5,-21.75,1.1
117.75,-21.75,24.6
118.0,-21.75,50.3
118.25,-21.75,75.9
118.5,-21.75,101.6
118.75,-21.75,111.3
119.0,-21.75,110.5
119.25,-21.75,108.5
119.5,-21.75,93.6
119.75,-21.75,84.1
120.0,-21.75,81.8
120.25,-21.75,87.3
120.5,-21.75,99.3
120.75,-21.75,115.8
121.0,-21.75,135.2
121.25,-21.75,156.3
121.5,-21.75,178.6
121.75,-21.75,201.7
122.0,-21.75,225.3
122.25,-21.75,249.3
122.5,-21.75,273.6
122.75,-21.75,298.2
123.0,-21.75,322.8
123.25,-21.75,347.6
123.5,-21.75,372.6
123.75,-21.75,397.5
124.0,-21.75,422.6
124.25,-21.75,447.7
124.5,-21.75,472.8
124.75,-21.75,497.8
125.0,-21.75,522.9
125.25,-21.75,547.9
125.5,-21.75,572.9
125.75,-21.75,597.9
126.0,-21.75,612.4
126.25,-21.75,602.0
126.5,-21.75,592.7
126.75,-21.75,584.3
127.0,-21.75,577.1
127.25,-21.75,570.9
127.5,-21.75,565.9
127.75,-21.75,562.1
128.0,-21.75,559.4
128.25,-21.75,557.9
128.5,-21.75,557.7
128.75,-21.75,558.6
129.0,-21.75,540.3
129.25,-21.75,517.2
129.5,-21.75,492.7
129.75,-21.75,467.4
130.0,-21.75,442.1
130.25,-21.75,416.9
130.5,-21.75,391.8
130.75,-21.75,366.7
131.0,-21.75,341.8
131.25,-21.75,317.0
131.5,-21.75,292.3
131.75,-21.75,267.9
132.0,-21.75,243.7
132.25,-21.75,219.9
132.5,-21.75,196.6
132.75,-21.75,173.9
133.0,-21.75,152.2
133.25,-21.75,132.0
133.5,-21.75,114.1
133.75,-21.75,99.6
134.0,-21.75,90.4
134.25,-21.75,87.9
134.5,-21.75,92.8
134.75,-21.75,104.1
135.0,-21.75,119.9
135.25,-21.75,138.7
135.5,-21.75,159.4
135.75,-21.75,181.5
136.0,-21.75,204.4
136.25,-21.75,227.9
136.5,-21.75,251.9
136.75,-21.75,276.1
137.0,-21.75,277.6
137.25,-21.75,254.1
137.5,-21.75,231.0
137.75,-21.75,208.6
138.0,-21.75,187.0
138.25,-21.75,166.6
138.5,-21.75,147.9
138.75,-21.75,131.6
139.0,-21.75,118.7
139.25,-21.75,110.4
139.5,-21.75,107.7
139.75,-21.75,108.4
140.0,-21.75,106.1
140.25,-21.75,108.2
140.5,-21.75,113.5
140.75,-21.75,118.4
141.0,-21.75,126.6
141.25,-21.75,131.9
141.5,-21.75,124.1
141.75,-21.75,121.4
142.0,-21.75,120.8
142.25,-21.75,97.7
142.5,-21.75,74.8
142.75,-21.75,51.3
143.0,-21.75,28.3
143.25,-21.75,7.7
143.5,-21.75,11.2
143.75,-21.75,31.7
144.0,-21.75,51.4
144.25,-21.75,70.3
144.5,-21.75,87.7
144.75,-21.75,96.6
145.0,-21.75,102.8
145.25,-21.75,109.6
145.5,-21.75,116.9
145.75,-21.75,126.3
146.0,-21.75,139.8
146.25,-21.75,122.2
146.5,-21.75,101.9
146.75,-21.75,84.7
147.0,-21.75,69.0
147.25,-21.75,57.8
147.5,-21.75,49.2
147.75,-21.75,24.7
148.0,-21.75,3.2
148.25,-21.75,6.8
148.5,-21.75,1.9
148.75,-21.75,1.4
149.0,-21.75,4.1
149.25,-21.75,19.1
149.5,-21.75,41.6
149.75,-21.75,61.6
114.0,-22.0,255.3
114.25,-22.0,229.9
114.5,-22.0,204.6
114.75,-22.0,179.4
115.0,-22.0,154.4
115.25,-22.0,129.6
115.5,-22.0,105.2
115.75,-22.0,81.5
116.0,-22.0,59.5
116.25,-22.0,41.9
116.5,-22.0,35.5
116.75,-22.0,38.8
117.0,-22.0,42.5
117.25,-22.0,17.1
117.5,-22.0,6.2
117.75,-22.0,27.1
118.0,-22.0,50.4
118.25,-22.0,70.2
118.5,-22.0,79.1
118.75,-22.0,83.6
119.0,-22.0,82.6
119.25,-22.0,83.2
119.5,-22.0,70.6
119.75,-22.0,57.4
120.0,-22.0,54.0
120.25,-22.0,62.0
120.5,-22.0,78.0
120.75,-22.0,98.1
121.0,-22.0,120.3
121.25,-22.0,143.6
121.5,-22.0,167.5
121.75,-22.0,191.9
122.0,-22.0,216.6
122.25,-22.0,241.4
122.5,-22.0,266.4
122.75,-22.0,291.5
123.0,-22.0,316.6
123.25,-22.0,341.6
123.5,-22.0,366.6
123.75,-22.0,391.7
124.0,-22.0,416.8
124.25,-22.0,441.7
124.5,-22.0,466.8
124.75,-22.0,491.8
125.0,-22.0,516.9
125.25,-22.0,542.1
125.5,-22.0,567.3
125.75,-22.0,592.5
126.0,-22.0,617.7
126.25,-22.0,627.9
126.5,-22.0,618.9
126.75,-22.0,611.0
127.0,-22.0,604.0
127.25,-22.0,598.2
127.5,-22.0,593.4
127.75,-22.0,589.8
128.0,-22.0,587.2
128.25,-22.0,585.8
128.5,-22.0,576.9
128.75,-22.0,553.0
129.0,-22.0,529.2
129.25,-22.0,505.6
129.5,-22.0,482.1
129.75,-22.0,458.9
130.0,-22.0,435.8
130.25,-22.0,413.1
130.5,-22.0,390.7
130.75,-22.0,368.6
131.0,-22.0,347.1
131.25,-22.0,325.5
131.5,-22.0,301.6
131.75,-22.0,278.0
132.0,-22.0,254.9
132.25,-22.0,232.3
132.5,-22.0,210.4
132.75,-22.0,189.4
133.0,-22.0,169.8
133.25,-22.0,152.0
133.5,-22.0,136.7
133.75,-22.0,124.9
134.0,-22.0,117.7
134.25,-22.0,115.8
134.5,-22.0,119.5
134.75,-22.0,128.4
135.0,-22.0,141.5
135.25,-22.0,157.7
135.5,-22.0,176.2
135.75,-22.0,196.4
136.0,-22.0,217.7
136.25,-22.0,239.8
136.5,-22.0,262.7
136.75,-22.0,286.0
137.0,-22.0,289.4
137.25,-22.0,266.9
137.5,-22.0,245.1
137.75,-22.0,224.1
138.0,-22.0,204.2
138.25,-22.0,185.8
138.5,-22.0,169.2
138.75,-22.0,155.2
139.0,-22.0,144.5
139.25,-22.0,137.7
139.5,-22.0,135.6
139.75,-22.0,135.9
140.0,-22.0,134.0
140.25,-22.0,135.8
140.5,-22.0,140.7
140.75,-22.0,145.7
141.0,-22.0,152.5
141.25,-22.0,157.9
141.5,-22.0,151.5
141.75,-22.0,136.1
142.0,-22.0,111.2
142.25,-22.0,86.5
142.5,-22.0,62.7
142.75,-22.0,39.4
143.0,-22.0,16.4
143.25,-22.0,6.8
143.5,-22.0,29.6
143.75,-22.0,48.0
144.0,-22.0,69.4
144.25,-22.0,88.7
144.5,-22.0,108.2
144.75,-22.0,124.2
145.0,-22.0,129.7
145.25,-22.0,136.5
145.5,-22.0,143.4
145.75,-22.0,151.8
146.0,-22.0,157.3
146.25,-22.0,139.7
146.5,-22.0,122.4
146.75,-22.0,106.8
147.0,-22.0,86.2
147.25,-22.0,64.7
147.5,-22.0,44.0
147.75,-22.0,23.0
148.0,-22.0,1.4
148.25,-22.0,3.2
148.5,-22.0,14.8
148.75,-22.0,16.0
149.0,-22.0,1.6
149.25,-22.0,12.9
149.5,-22.0,34.2
149.75,-22.0,54.6
113.75,-22.25,285.3
114.0,-22.25,260.4
114.25,-22.25,235.6
114.5,-22.25,211.1
114.75,-22.25,186.8
115.0,-22.25,163.0
115.25,-22.25,139.7
115.5,-22.25,117.5
115.75,-22.25,97.0
116.0,-22.25,79.4
116.25,-22.25,67.3
116.5,-22.25,63.3
116.75,-22.25,65.9
117.0,-22.25,48.3
117.25,-22.25,22.9
117.5,-22.25,0.5
117.75,-22.25,24.4
118.0,-22.25,40.1
118.25,-22.25,43.6
118.5,-22.25,54.6
118.75,-22.25,56.1
119.0,-22.25,54.8
119.25,-22.25,55.8
119.5,-22.25,51.7
119.75,-22.25,32.8
120.0,-22.25,26.4
120.25,-22.25,40.3
120.5,-22.25,62.1
120.75,-22.25,85.9
121.0,-22.25,110.5
121.25,-22.25,135.5
121.5,-22.25,160.6
121.75,-22.25,185.8
122.0,-22.25,210.7
122.25,-22.25,235.8
122.5,-22.25,260.9
122.75,-22.25,285.9
123.0,-22.25,310.8
123.25,-22.25,335.9
123.5,-22.25,361.0
123.75,-22.25,386.1
124.0,-22.25,411.3
124.25,-22.25,436.5
124.5,-22.25,461.8
124.75,-22.25,487.1
125.0,-22.25,512.4
125.25,-22.25,537.7
125.5,-22.25,563.0
125.75,-22.25,588.4
126.0,-22.25,613.7
126.25,-22.25,639.1
126.5,-22.25,645.4
126.75,-22.25,637.7
127.0,-22.25,631.1
127.25,-22.25,625.5
127.5,-22.25,621.0
127.75,-22.25,617.5
128.0,-22.25,615.0
128.25,-22.25,591.6
128.5,-22.25,567.5
128.75,-22.25,543.4
129.0,-22.25,519.3
129.25,-22.25,495.2
129.5,-22.25,471.3
129.75,-22.25,447.6
130.0,-22.25,424.0
130.25,-22.25,400.7
130.5,-22.25,377.6
130.75,-22.25,354.8
131.0,-22.25,332.4
131.25,-22.25,310.4
131.5,-22.25,289.0
131.75,-22.25,268.3
132.0,-22.25,248.5
132.25,-22.25,229.8
132.5,-22.25,212.4
132.75,-22.25,196.8
133.0,-22.25,183.4
133.25,-22.25,172.7
133.5,-22.25,161.0
133.75,-22.25,151.1
134.0,-22.25,145.2
134.25,-22.25,143.7
134.5,-22.25,146.7
134.75,-22.25,154.0
135.0,-22.25,165.1
135.25,-22.25,179.2
135.5,-22.25,195.6
135.75,-22.25,213.9
136.0,-22.25,233.6
136.25,-22.25,254.3
136.5,-22.25,275.9
136.75,-22.25,298.1
137.0,-22.25,303.3
137.25,-22.25,282.0
137.5,-22.25,261.4
137.75,-22.25,241.9
138.0,-22.25,223.6
138.25,-22.25,207.0
138.5,-22.25,192.3
138.75,-22.25,180.1
139.0,-22.25,170.9
139.25,-22.25,165.3
139.5,-22.25,163.6
139.75,-22.25,163.5
140.0,-22.25,161.9
140.25,-22.25,163.5
140.5,-22.25,168.0
140.75,-22.25,173.2
141.0,-22.25,179.0
141.25,-22.25,183.1
141.5,-22.25,157.6
141.75,-22.25,132.2
142.0,-22.25,106.9
142.25,-22.25,81.7
142.5,-22.25,56.4
142.75,-22.25,30.8
143.0,-22.25,5.4
143.25,-22.25,18.7
143.5,-22.25,41.8
143.75,-22.25,64.8
144.0,-22.25,85.7
144.25,-22.25,105.7
144.5,-22.25,126.3
144.75,-22.25,140.1
145.0,-22.25,143.3
145.25,-22.25,143.9
145.5,-22.25,144.5
145.75,-22.25,143.3
146.0,-22.25,133.0
146.25,-22.25,121.0
146.5,-22.25,110.5
146.75,-22.25,100.2
147.0,-22.25,75.4
147.25,-22.25,51.2
147.5,-22.25,27.9
147.75,-22.25,7.3
148.0,-22.25,13.9
148.25,-22.25,0.9
148.5,-22.25,23.6
148.75,-22.25,28.7
149.0,-22.25,6.3
149.25,-22.25,3.4
149.5,-22.25,18.5
149.75,-22.25,39.8
150.0,-22.25,63.0
150.25,-22.25,75.7
150.5,-22.25,89.2
113.5,-22.5,316.9
113.75,-22.5,292.5
114.0,-22.5,268.3
114.25,-22.5,244.4
114.5,-22.5,220.9
114.75,-22.5,197.9
115.0,-22.5,175.6
115.25,-22.5,154.4
115.5,-22.5,134.6
115.75,-22.5,117.2
116.0,-22.5,103.1
116.25,-22.5,94.1
116.5,-22.5,91.1
116.75,-22.5,73.2
117.0,-22.5,47.9
117.25,-22.5,23.0
117.5,-22.5,0.6
117.75,-22.5,16.1
118.0,-22.5,12.2
118.25,-22.5,17.7
118.5,-22.5,34.4
118.75,-22.5,29.5
119.0,-22.5,27.0
119.25,-22.5,29.4
119.5,-22.5,43.6
119.75,-22.5,18.1
120.0,-22.5,5.7
120.25,-22.5,30.4
120.5,-22.5,55.2
120.75,-22.5,80.1
121.0,-22.5,105.3
121.25,-22.5,130.4
121.5,-22.5,155.2
121.75,-22.5,180.2
122.0,-22.5,205.3
122.25,-22.5,230.5
122.5,-22.5,255.7
122.75,-22.5,281.0
123.0,-22.5,306.3
123.25,-22.5,331.6
123.5,-22.5,357.0
123.75,-22.5,382.3
124.0,-22.5,407.7
124.25,-22.5,433.1
124.5,-22.5,458.5
124.75,-22.5,483.9
125.0,-22.5,509.3
125.25,-22.5,534.7
125.5,-22.5,560.1
125.75,-22.5,585.5
126.0,-22.5,611.0
126.25,-22.5,636.4
126.5,-22.5,661.8
126.75,-22.5,664.6
127.0,-22.5,658.3
127.25,-22.5,652.9
127.5,-22.5,648.6
127.75,-22.5,632.3
128.0,-22.5,607.7
128.25,-22.5,583.2
128.5,-22.5,558.7
128.75,-22.5,534.4
129.0,-22.5,510.1
129.25,-22.5,486.0
129.5,-22.5,461.9
129.75,-22.5,437.8
130.0,-22.5,413.7
130.25,-22.5,389.8
130.5,-22.5,366.1
130.75,-22.5,342.7
131.0,-22.5,319.5
131.25,-22.5,296.6
131.5,-22.5,274.2
131.75,-22.5,252.3
132.0,-22.5,231.2
132.25,-22.5,211.0
132.5,-22.5,192.0
132.75,-22.5,174.6
133.0,-22.5,159.4
133.25,-22.5,147.0
133.5,-22.5,138.2
133.75,-22.5,133.7
134.0,-22.5,134.0
134.25,-22.5,138.9
134.5,-22.5,148.1
134.75,-22.5,160.8
135.0,-22.5,175.8
135.25,-22.5,193.0
135.5,-22.5,211.9
135.75,-22.5,232.0
136.0,-22.5,251.5
136.25,-22.5,270.9
136.5,-22.5,291.2
136.75,-22.5,312.3
137.0,-22.5,319.0
137.25,-22.5,298.8
137.5,-22.5,279.6
137.75,-22.5,261.5
138.0,-22.5,244.7
138.25,-22.5,229.6
138.5,-22.5,216.5
138.75,-22.5,205.8
139.0,-22.5,197.8
139.25,-22.5,193.0
139.5,-22.5,191.5
139.75,-22.5,191.2
140.0,-22.5,189.9
140.25,-22.5,191.3
140.5,-22.5,195.3
140.75,-22.5,200.9
141.0,-22.5,205.8
141.25,-22.5,182.7
141.5,-22.5,157.3
141.75,-22.5,131.9
142.0,-22.5,106.5
142.25,-22.5,81.3
142.5,-22.5,56.3
142.75,-22.5,32.0
143.0,-22.5,13.6
143.25,-22.5,25.4
143.5,-22.5,49.0
143.75,-22.5,73.8
144.0,-22.5,99.0
144.25,-22.5,105.7
144.5,-22.5,107.0
144.75,-22.5,113.3
145.0,-22.5,115.5
145.25,-22.5,116.0
145.5,-22.5,116.6
145.75,-22.5,115.5
146.0,-22.5,108.6
146.25,-22.5,96.1
146.5,-22.5,84.9
146.75,-22.5,76.7
147.0,-22.5,71.4
147.25,-22.5,45.9
147.5,-22.5,20.5
147.75,-22.5,5.7
148.0,-22.5,30.0
148.25,-22.5,11.7
148.5,-22.5,10.4
148.75,-22.5,29.8
149.0,-22.5,18.6
149.25,-22.5,3.6
149.5,-22.5,4.9
149.75,-22.5,26.3
150.0,-22.5,40.0
150.25,-22.5,51.9
150.5,-22.5,66.9
150.75,-22.5,64.5
113.5,-22.75,325.8
113.75,-22.75,302.1
114.0,-22.75,278.8
114.25,-22.75,256.0
114.5,-22.75,233.7
114.75,-22.75,212.1
115.0,-22.75,191.5
115.25,-22.75,172.3
115.5,-22.75,154.9
115.75,-22.75,140.0
116.0,-22.75,128.6
116.25,-22.75,121.5
116.5,-22.75,104.1
116.75,-22.75,80.2
117.0,-22.75,57.7
117.25,-22.75,38.4
117.5,-22.75,20.4
117.75,-22.75,3.1
118.0,-22.75,15.5
118.25,-22.75,2.7
118.5,-22.75,11.1
118.75,-22.75,7.4
119.0,-22.75,1.5
119.25,-22.75,10.7
119.5,-22.75,35.9
119.75,-22.75,22.5
120.0,-22.75,0.4
120.25,-22.75,24.9
120.5,-22.75,50.1
120.75,-22.75,75.4
121.0,-22.75,100.8
121.25,-22.75,126.3
121.5,-22.75,151.7
121.75,-22.75,177.1
122.0,-22.75,202.5
122.25,-22.75,228.0
122.5,-22.75,253.4
122.75,-22.75,278.8
123.0,-22.75,304.3
123.25,-22.75,329.7
123.5,-22.75,355.1
123.75,-22.75,380.6
124.0,-22.75,406.0
124.25,-22.75,431.4
124.5,-22.75,456.9
124.75,-22.75,482.3
125.0,-22.75,507.7
125.25,-22.75,533.2
125.5,-22.75,558.6
125.75,-22.75,584.0
126.0,-22.75,609.5
126.25,-22.75,634.9
126.5,-22.75,660.3
126.75,-22.75,685.7
127.0,-22.75,685.5
127.25,-22.75,675.3
127.5,-22.75,650.4
127.75,-22.75,625.6
128.0,-22.75,600.8
128.25,-22.75,576.0
128.5,-22.75,551.3
128.75,-22.75,526.7
129.0,-22.75,502.1
129.25,-22.75,477.6
129.5,-22.75,453.1
129.75,-22.75,428.8
130.0,-22.75,404.6
130.25,-22.75,380.6
130.5,-22.75,356.5
130.75,-22.75,332.4
131.0,-22.75,308.5
131.25,-22.75,284.9
131.5,-22.75,261.5
131.75,-22.75,238.6
132.0,-22.75,216.1
132.25,-22.75,194.4
132.5,-22.75,173.6
132.75,-22.75,154.3
133.0,-22.75,136.8
133.25,-22.75,122.2
133.5,-22.75,111.5
133.75,-22.75,105.9
134.0,-22.75,106.2
134.25,-22.75,112.4
134.5,-22.75,123.5
134.75,-22.75,138.1
135.0,-22.75,155.3
135.25,-22.75,174.5
135.5,-22.75,195.1
135.75,-22.75,216.7
136.0,-22.75,239.0
136.25,-22.75,261.9
136.5,-22.75,285.2
136.75,-22.75,308.8
137.0,-22.75,332.7
137.25,-22.75,317.3
137.5,-22.75,299.3
137.75,-22.75,282.5
138.0,-22.75,267.0
138.25,-22.75,253.3
138.5,-22.75,241.5
138.75,-22.75,232.0
139.0,-22.75,224.9
139.25,-22.75,220.7
139.5,-22.75,219.4
139.75,-22.75,219.0
140.0,-22.75,217.8
140.25,-22.75,219.1
140.5,-22.75,222.7
140.75,-22.75,228.0
141.0,-22.75,211.6
141.25,-22.75,186.6
141.5,-22.75,161.9
141.75,-22.75,137.4
142.0,-22.75,113.3
142.25,-22.75,90.0
142.5,-22.75,68.3
142.75,-22.75,50.3
143.0,-22.75,41.2
143.25,-22.75,46.5
143.5,-22.75,62.6
143.75,-22.75,83.5
144.0,-22.75,82.1
144.25,-22.75,77.8
144.5,-22.75,79.6
144.75,-22.75,85.8
145.0,-22.75,87.7
145.25,-22.75,88.1
145.5,-22.75,88.7
145.75,-22.75,87.6
146.0,-22.75,83.6
146.25,-22.75,71.8
146.5,-22.75,59.6
146.75,-22.75,49.4
147.0,-22.75,47.5
147.25,-22.75,34.8
147.5,-22.75,14.5
147.75,-22.75,12.7
148.0,-22.75,18.9
148.25,-22.75,20.0
148.5,-22.75,4.6
148.75,-22.75,9.1
149.0,-22.75,20.0
149.25,-22.75,10.0
149.5,-22.75,11.5
149.75,-22.75,4.7
150.0,-22.75,14.5
150.25,-22.75,29.2
150.5,-22.75,43.2
150.75,-22.75,36.6
151.0,-22.75,45.8
113.5,-23.0,336.7
113.75,-23.0,314.0
114.0,-23.0,291.7
114.25,-23.0,270.0
114.5,-23.0,249.0
114.75,-23.0,228.9
115.0,-23.0,210.0
115.25,-23.0,192.7
115.5,-23.0,177.3
115.75,-23.0,164.5
116.0,-23.0,154.9
116.25,-23.0,138.0
116.5,-23.0,115.5
116.75,-23.0,90.9
117.0,-23.0,66.4
117.25,-23.0,42.0
117.5,-23.0,19.3
117.75,-23.0,2.8
118.0,-23.0,26.2
118.25,-23.0,25.2
118.5,-23.0,13.3
118.75,-23.0,0.3
119.0,-23.0,10.7
119.25,-23.0,5.1
119.5,-23.0,12.8
119.75,-23.0,23.7
120.0,-23.0,1.1
120.25,-23.0,25.8
120.5,-23.0,51.1
120.75,-23.0,76.4
121.0,-23.0,101.8
121.25,-23.0,127.2
121.5,-23.0,152.6
121.75,-23.0,178.0
122.0,-23.0,203.2
122.25,-23.0,228.6
122.5,-23.0,253.9
122.75,-23.0,279.2
123.0,-23.0,304.6
123.25,-23.0,329.9
123.5,-23.0,355.3
123.75,-23.0,380.7
124.0,-23.0,406.1
124.25,-23.0,431.4
124.5,-23.0,456.8
124.75,-23.0,482.2
125.0,-23.0,507.6
125.25,-23.0,533.0
125.5,-23.0,558.3
125.75,-23.0,583.7
126.0,-23.0,609.1
126.25,-23.0,634.5
126.5,-23.0,659.9
126.75,-23.0,685.3
127.0,-23.0,695.1
127.25,-23.0,670.1
127.5,-23.0,645.0
127.75,-23.0,620.0
128.0,-23.0,595.1
128.25,-23.0,570.1
128.5,-23.0,545.2
128.75,-23.0,520.3
129.0,-23.0,495.5
129.25,-23.0,470.7
129.5,-23.0,445.9
129.75,-23.0,421.2
130.0,-23.0,396.6
130.25,-23.0,372.1
130.5,-23.0,347.7
130.75,-23.0,323.5
131.0,-23.0,299.4
131.25,-23.0,275.3
131.5,-23.0,251.2
131.75,-23.0,227.3
132.0,-23.0,203.8
132.25,-23.0,180.6
132.5,-23.0,158.1
132.75,-23.0,136.6
133.0,-23.0,116.6
133.25,-23.0,99.1
133.5,-23.0,85.6
133.75,-23.0,78.2
134.0,-23.0,78.6
134.25,-23.0,86.7
134.5,-23.0,100.4
134.75,-23.0,117.6
135.0,-23.0,137.4
135.25,-23.0,158.7
135.5,-23.0,181.1
135.75,-23.0,204.1
136.0,-23.0,227.7
136.25,-23.0,251.5
136.5,-23.0,275.7
136.75,-23.0,300.0
137.0,-23.0,324.5
137.25,-23.0,337.0
137.5,-23.0,320.2
137.75,-23.0,304.6
138.0,-23.0,290.4
138.25,-23.0,277.8
138.5,-23.0,267.1
138.75,-23.0,258.5
139.0,-23.0,252.3
139.25,-23.0,248.5
139.5,-23.0,247.4
139.75,-23.0,246.8
140.0,-23.0,245.7
140.25,-23.0,246.9
140.5,-23.0,250.1
140.75,-23.0,242.8
141.0,-23.0,218.5
141.25,-23.0,194.5
141.5,-23.0,170.9
141.75,-23.0,148.0
142.0,-23.0,126.0
142.25,-23.0,105.7
142.5,-23.0,88.0
142.75,-23.0,74.9
143.0,-23.0,69.1
143.25,-23.0,72.3
143.5,-23.0,83.6
143.75,-23.0,71.4
144.0,-23.0,56.2
144.25,-23.0,50.0
144.5,-23.0,52.5
144.75,-23.0,57.8
145.0,-23.0,59.8
145.25,-23.0,60.2
145.5,-23.0,60.7
145.75,-23.0,59.8
146.0,-23.0,57.1
146.25,-23.0,47.4
146.5,-23.0,34.9
146.75,-23.0,23.5
147.0,-23.0,19.5
147.25,-23.0,14.1
147.5,-23.0,2.1
147.75,-23.0,15.0
148.0,-23.0,4.0
148.25,-23.0,5.0
148.5,-23.0,1.7
148.75,-23.0,9.2
149.0,-23.0,2.7
149.25,-23.0,10.1
149.5,-23.0,13.0
149.75,-23.0,1.8
150.0,-23.0,8.2
150.25,-23.0,14.7
150.5,-23.0,24.4
150.75,-23.0,8.9
151.0,-23.0,28.7
113.5,-23.25,349.6
113.75,-23.25,327.8
114.0,-23.25,306.5
114.25,-23.25,286.0
114.5,-23.25,266.3
114.75,-23.25,247.7
115.0,-23.25,230.4
115.25,-23.25,214.7
115.5,-23.25,201.1
115.75,-23.25,188.7
116.0,-23.25,163.4
116.25,-23.25,138.1
116.5,-23.25,112.8
116.75,-23.25,87.4
117.0,-23.25,62.1
117.25,-23.25,36.8
117.5,-23.25,11.8
117.75,-23.25,13.6
118.0,-23.25,37.5
118.25,-23.25,47.1
118.5,-23.25,24.9
118.75,-23.25,11.0
119.0,-23.25,29.9
119.25,-23.25,18.3
119.5,-23.25,1.3
119.75,-23.25,8.3
120.0,-23.25,10.8
120.25,-23.25,33.4
120.5,-23.25,57.2
120.75,-23.25,81.5
121.0,-23.25,106.1
121.25,-23.25,130.8
121.5,-23.25,155.5
121.75,-23.25,180.4
122.0,-23.25,205.5
122.25,-23.25,230.6
122.5,-23.25,255.7
122.75,-23.25,280.9
123.0,-23.25,306.1
123.25,-23.25,331.4
123.5,-23.25,356.6
123.75,-23.25,381.9
124.0,-23.25,407.2
124.25,-23.25,432.5
124.5,-23.25,457.8
124.75,-23.25,483.1
125.0,-23.25,508.4
125.25,-23.25,533.7
125.5,-23.25,559.0
125.75,-23.25,584.3
126.0,-23.25,609.7
126.25,-23.25,635.0
126.5,-23.25,660.3
126.75,-23.25,685.6
127.0,-23.25,691.1
127.25,-23.25,666.0
127.5,-23.25,640.8
127.75,-23.25,615.7
128.0,-23.25,590.6
128.25,-23.25,565.5
128.5,-23.25,540.4
128.75,-23.25,515.4
129.0,-23.25,490.3
129.25,-23.25,465.3
129.5,-23.25,440.3
129.75,-23.25,415.4
130.0,-23.25,390.5
130.25,-23.25,365.6
130.5,-23.25,340.8
130.75,-23.25,316.1
131.0,-23.25,291.4
131.25,-23.25,266.9
131.5,-23.25,242.5
131.75,-23.25,218.4
132.0,-23.25,194.5
132.25,-23.25,170.2
132.5,-23.25,146.3
132.75,-23.25,122.9
133.0,-23.25,100.2
133.25,-23.25,79.2
133.5,-23.25,61.5
133.75,-23.25,50.7
134.0,-23.25,51.3
134.25,-23.25,62.8
134.5,-23.25,80.1
134.75,-23.25,100.8
135.0,-23.25,123.2
135.25,-23.25,146.6
135.5,-23.25,170.5
135.75,-23.25,194.8
136.0,-23.25,219.3
136.25,-23.25,243.9
136.5,-23.25,268.7
136.75,-23.25,293.5
137.0,-23.25,318.5
137.25,-23.25,343.4
137.5,-23.25,342.1
137.75,-23.25,327.6
138.0,-23.25,314.4
138.25,-23.25,302.9
138.5,-23.25,293.2
138.75,-23.25,285.4
139.0,-23.25,279.7
139.25,-23.25,276.4
139.5,-23.25,275.3
139.75,-23.25,274.7
140.0,-23.25,273.7
140.25,-23.25,274.8
140.5,-23.25,275.6
140.75,-23.25,251.9
141.0,-23.25,228.7
141.25,-23.25,205.9
141.5,-23.25,183.9
141.75,-23.25,162.8
142.0,-23.25,143.2
142.25,-23.25,125.6
142.5,-23.25,111.2
142.75,-23.25,101.2
143.0,-23.25,97.0
143.25,-23.25,99.3
143.5,-23.25,79.4
143.75,-23.25,55.5
144.0,-23.25,33.8
144.25,-23.25,22.1
144.5,-23.25,25.7
144.75,-23.25,29.9
145.0,-23.25,31.9
145.25,-23.25,32.3
145.5,-23.25,32.8
145.75,-23.25,32.0
146.0,-23.25,29.4
146.25,-23.25,22.2
146.5,-23.25,10.6
146.75,-23.25,1.8
147.0,-23.25,8.4
147.25,-23.25,11.4
147.5,-23.25,20.8
147.75,-23.25,38.7
148.0,-23.25,19.9
148.25,-23.25,7.5
148.5,-23.25,6.5
148.75,-23.25,15.9
149.0,-23.25,3.2
149.25,-23.25,18.5
149.5,-23.25,34.0
149.75,-23.25,13.8
150.0,-23.25,6.7
150.25,-23.25,4.2
150.5,-23.25,3.2
150.75,-23.25,1.8
151.0,-23.25,26.9
113.5,-23.5,364.1
113.75,-23.5,343.3
114.0,-23.5,323.1
114.25,-23.5,303.8
114.5,-23.5,285.3
114.75,-23.5,268.1
115.0,-23.5,252.2
115.25,-23.5,238.0
115.5,-23.5,216.1
115.75,-23.5,191.1
116.0,-23.5,166.2
116.25,-23.5,141.4
116.5,-23.5,116.8
116.75,-23.5,92.7
117.0,-23.5,69.4
117.25,-23.5,48.1
117.5,-23.5,33.0
117.75,-23.5,33.9
118.0,-23.5,49.9
118.25,-23.5,61.6
118.5,-23.5,44.8
118.75,-23.5,38.7
119.0,-23.5,47.6
119.25,-23.5,39.0
119.5,-23.5,27.3
119.75,-23.5,14.5
120.0,-23.5,24.3
120.25,-23.5,44.9
120.5,-23.5,68.1
120.75,-23.5,91.2
121.0,-23.5,114.3
121.25,-23.5,138.1
121.5,-23.5,162.1
121.75,-23.5,186.5
122.0,-23.5,211.1
122.25,-23.5,235.7
122.5,-23.5,260.3
122.75,-23.5,285.1
123.0,-23.5,309.9
123.25,-23.5,334.8
123.5,-23.5,359.8
123.75,-23.5,384.8
124.0,-23.5,409.8
124.25,-23.5,434.9
124.5,-23.5,460.0
124.75,-23.5,485.2
125.0,-23.5,510.3
125.25,-23.5,535.5
125.5,-23.5,560.7
125.75,-23.5,585.9
126.0,-23.5,611.1
126.25,-23.5,636.3
126.5,-23.5,661.5
126.75,-23.5,686.7
127.0,-23.5,688.2
127.25,-23.5,663.0
127.5,-23.5,637.8
127.75,-23.5,612.6
128.0,-23.5,587.5
128.25,-23.5,562.3
128.5,-23.5,537.1
128.75,-23.5,512.0
129.0,-23.5,486.8
129.25,-23.5,461.6
129.5,-23.5,436.5
129.75,-23.5,411.4
130.0,-23.5,386.3
130.25,-23.5,361.2
130.5,-23.5,336.1
130.75,-23.5,311.0
131.0,-23.5,286.0
131.25,-23.5,261.0
131.5,-23.5,236.1
131.75,-23.5,211.2
132.0,-23.5,186.5
132.25,-23.5,161.9
132.5,-23.5,137.5
132.75,-23.5,113.6
133.0,-23.5,89.4
133.25,-23.5,65.4
133.5,-23.5,42.4
133.75,-23.5,24.2
134.0,-23.5,25.5
134.25,-23.5,43.1
134.5,-23.5,65.7
134.75,-23.5,89.8
135.0,-23.5,114.3
135.25,-23.5,139.1
135.5,-23.5,164.1
135.75,-23.5,189.1
136.0,-23.5,214.2
136.25,-23.5,239.3
136.5,-23.5,264.5
136.75,-23.5,289.6
137.0,-23.5,314.8
137.25,-23.5,340.0
137.5,-23.5,364.9
137.75,-23.5,351.3
138.0,-23.5,339.1
138.25,-23.5,328.5
138.5,-23.5,319.5
138.75,-23.5,312.4
139.0,-23.5,307.3
139.25,-23.5,304.2
139.5,-23.5,303.3
139.75,-23.5,302.6
140.0,-23.5,301.7
140.25,-23.5,302.7
140.5,-23.5,286.3
140.75,-23.5,263.7
141.0,-23.5,241.6
141.25,-23.5,220.3
141.5,-23.5,199.9
141.75,-23.5,180.8
142.0,-23.5,163.3
142.25,-23.5,148.2
142.5,-23.5,136.3
142.75,-23.5,128.2
143.0,-23.5,124.9
143.25,-23.5,101.6
143.5,-23.5,76.4
143.75,-23.5,51.2
144.0,-23.5,26.3
144.25,-23.5,5.7
144.5,-23.5,0.2
144.75,-23.5,1.9
145.0,-23.5,3.9
145.25,-23.5,4.3
145.5,-23.5,4.8
145.75,-23.5,4.1
146.0,-23.5,1.6
146.25,-23.5,3.1
146.5,-23.5,14.0
146.75,-23.5,26.2
147.0,-23.5,36.4
147.25,-23.5,37.6
147.5,-23.5,47.0
147.75,-23.5,38.9
148.0,-23.5,13.7
148.25,-23.5,3.9
148.5,-23.5,9.7
148.75,-23.5,0.2
149.0,-23.5,10.6
149.25,-23.5,20.3
149.5,-23.5,20.1
149.75,-23.5,24.3
150.0,-23.5,15.8
150.25,-23.5,2.7
150.5,-23.5,2.1
150.75,-23.5,17.8
151.0,-23.5,32.0
151.25,-23.5,34.2
113.25,-23.75,400.7
113.5,-23.75,380.2
113.75,-23.75,360.4
114.0,-23.75,341.2
114.25,-23.75,323.0
114.5,-23.75,305.8
114.75,-23.75,289.8
115.0,-23.75,270.7
115.25,-23.75,246.1
115.5,-23.75,221.6
115.75,-23.75,197.4
116.0,-23.75,173.4
116.25,-23.75,149.9
116.5,-23.75,127.1
116.75,-23.75,105.3
117.0,-23.75,85.6
117.25,-23.75,69.4
117.5,-23.75,60.0
117.75,-23.75,60.5
118.0,-23.75,70.7
118.25,-23.75,82.1
118.5,-23.75,70.4
118.75,-23.75,66.7
119.0,-23.75,72.2
119.25,-23.75,62.6
119.5,-23.75,49.8
119.75,-23.75,42.3
120.0,-23.75,47.7
120.25,-23.75,62.0
120.5,-23.75,81.2
120.75,-23.75,102.7
121.0,-23.75,125.5
121.25,-23.75,148.8
121.5,-23.75,171.7
121.75,-23.75,195.0
122.0,-23.75,218.8
122.25,-23.75,242.8
122.5,-23.75,266.9
122.75,-23.75,291.3
123.0,-23.75,315.8
123.25,-23.75,340.4
123.5,-23.75,365.0
123.75,-23.75,389.7
124.0,-23.75,414.4
124.25,-23.75,439.1
124.5,-23.75,464.0
124.75,-23.75,488.8
125.0,-23.75,513.8
125.25,-23.75,538.7
125.5,-23.75,563.7
125.75,-23.75,588.7
126.0,-23.75,613.7
126.25,-23.75,638.8
126.5,-23.75,663.9
126.75,-23.75,689.0
127.0,-23.75,686.4
127.25,-23.75,661.2
127.5,-23.75,636.0
127.75,-23.75,610.8
128.0,-23.75,585.6
128.25,-23.75,560.4
128.5,-23.75,535.2
128.75,-23.75,510.0
129.0,-23.75,484.8
129.25,-23.75,459.6
129.5,-23.75,434.4
129.75,-23.75,409.2
130.0,-23.75,384.0
130.25,-23.75,358.8
130.5,-23.75,333.6
130.75,-23.75,308.4
131.0,-23.75,283.2
131.25,-23.75,258.1
131.5,-23.75,232.9
131.75,-23.75,207.7
132.0,-23.75,182.5
132.25,-23.75,157.4
132.5,-23.75,132.2
132.75,-23.75,107.1
133.0,-23.75,82.1
133.25,-23.75,57.2
133.5,-23.75,32.8
133.75,-23.75,11.4
134.0,-23.75,11.8
134.25,-23.75,36.4
134.5,-23.75,61.5
134.75,-23.75,86.7
135.0,-23.75,111.9
135.25,-23.75,137.1
135.5,-23.75,162.3
135.75,-23.75,187.5
136.0,-23.75,212.8
136.25,-23.75,238.0
136.5,-23.75,263.2
136.75,-23.75,288.4
137.0,-23.75,313.6
137.25,-23.75,338.9
137.5,-23.75,364.1
137.75,-23.75,375.6
138.0,-23.75,364.3
138.25,-23.75,354.4
138.5,-23.75,346.2
138.75,-23.75,339.6
139.0,-23.75,334.9
139.25,-23.75,332.1
139.5,-23.75,331.3
139.75,-23.75,330.5
140.0,-23.75,329.6
140.25,-23.75,321.4
140.5,-23.75,299.4
140.75,-23.75,277.8
141.0,-23.75,257.0
141.25,-23.75,237.1
141.5,-23.75,218.3
141.75,-23.75,201.0
142.0,-23.75,185.5
142.25,-23.75,172.4
142.5,-23.75,162.3
142.75,-23.75,155.6
143.0,-23.75,131.1
143.25,-23.75,106.9
143.5,-23.75,83.3
143.75,-23.75,61.1
144.0,-23.75,42.4
144.25,-23.75,33.6
144.5,-23.75,27.0
144.75,-23.75,26.0
145.0,-23.75,24.0
145.25,-23.75,5.2
145.5,-23.75,19.5
145.75,-23.75,23.8
146.0,-23.75,26.1
146.25,-23.75,29.3
146.5,-23.75,39.2
146.75,-23.75,50.5
147.0,-23.75,63.0
147.25,-23.75,65.2
147.5,-23.75,69.3
147.75,-23.75,46.6
148.0,-23.75,28.3
148.25,-23.75,23.8
148.5,-23.75,17.4
148.75,-23.75,1.9
149.0,-23.75,16.3
149.25,-23.75,3.9
149.5,-23.75,8.6
149.75,-23.75,8.4
150.0,-23.75,8.4
150.25,-23.75,9.3
150.5,-23.75,7.3
150.75,-23.75,3.1
151.0,-23.75,4.6
151.25,-23.75,9.8
151.5,-23.75,24.5
151.75,-23.75,45.5
113.25,-24.0,417.2
113.5,-24.0,397.6
113.75,-24.0,378.7
114.0,-24.0,360.6
114.25,-24.0,343.4
114.5,-24.0,326.2
114.75,-24.0,302.0
115.0,-24.0,277.9
115.25,-24.0,254.0
115.5,-24.0,230.5
115.75,-24.0,207.3
116.0,-24.0,184.7
116.25,-24.0,162.8
116.5,-24.0,142.1
116.75,-24.0,123.1
117.0,-24.0,106.7
117.25,-24.0,94.3
117.5,-24.0,87.7
117.75,-24.0,88.0
118.0,-24.0,95.3
118.25,-24.0,106.0
118.5,-24.0,97.3
118.75,-24.0,94.6
119.0,-24.0,98.6
119.25,-24.0,86.6
119.5,-24.0,75.6
119.75,-24.0,70.2
120.0,-24.0,73.6
120.25,-24.0,84.6
120.5,-24.0,99.6
120.75,-24.0,118.1
121.0,-24.0,138.6
121.25,-24.0,160.3
121.5,-24.0,182.9
121.75,-24.0,206.0
122.0,-24.0,229.1
122.25,-24.0,252.2
122.5,-24.0,275.6
122.75,-24.0,299.4
123.0,-24.0,323.3
123.25,-24.0,347.3
123.5,-24.0,371.5
123.75,-24.0,395.9
124.0,-24.0,420.3
124.25,-24.0,444.8
124.5,-24.0,469.4
124.75,-24.0,494.0
125.0,-24.0,518.7
125.25,-24.0,543.4
125.5,-24.0,568.1
125.75,-24.0,592.9
126.0,-24.0,617.7
126.25,-24.0,642.5
126.5,-24.0,667.4
126.75,-24.0,692.3
127.0,-24.0,685.8
127.25,-24.0,660.6
127.5,-24.0,635.5
127.75,-24.0,610.3
128.0,-24.0,585.1
128.25,-24.0,560.0
128.5,-24.0,534.8
128.75,-24.0,509.6
129.0,-24.0,484.5
129.25,-24.0,459.3
129.5,-24.0,434.1
129.75,-24.0,409.0
130.0,-24.0,383.8
130.25,-24.0,358.7
130.5,-24.0,333.5
130.75,-24.0,308.4
131.0,-24.0,283.2
131.25,-24.0,258.1
131.5,-24.0,233.0
131.75,-24.0,207.9
132.0,-24.0,182.8
132.25,-24.0,157.7
132.5,-24.0,132.7
132.75,-24.0,107.8
133.0,-24.0,83.0
133.25,-24.0,58.6
133.5,-24.0,35.2
133.75,-24.0,15.4
134.0,-24.0,21.7
134.25,-24.0,44.4
134.5,-24.0,68.4
134.75,-24.0,92.3
135.0,-24.0,116.3
135.25,-24.0,140.7
135.5,-24.0,165.3
135.75,-24.0,190.1
136.0,-24.0,215.0
136.25,-24.0,239.9
136.5,-24.0,264.9
136.75,-24.0,289.9
137.0,-24.0,315.0
137.25,-24.0,340.0
137.5,-24.0,365.1
137.75,-24.0,390.2
138.0,-24.0,389.8
138.25,-24.0,380.7
138.5,-24.0,373.0
138.75,-24.0,367.0
139.0,-24.0,362.6
139.25,-24.0,360.0
139.5,-24.0,359.2
139.75,-24.0,358.4
140.0,-24.0,357.0
140.25,-24.0,335.4
140.5,-24.0,314.3
140.75,-24.0,294.0
141.0,-24.0,274.4
141.25,-24.0,255.9
141.5,-24.0,238.7
141.75,-24.0,222.9
142.0,-24.0,209.1
142.25,-24.0,197.6
142.5,-24.0,187.4
142.75,-24.0,163.8
143.0,-24.0,140.8
143.25,-24.0,118.6
143.5,-24.0,98.0
143.75,-24.0,80.0
144.0,-24.0,66.8
144.25,-24.0,60.7
144.5,-24.0,54.9
144.75,-24.0,53.9
145.0,-24.0,34.4
145.25,-24.0,9.8
145.5,-24.0,14.9
145.75,-24.0,39.9
146.0,-24.0,53.9
146.25,-24.0,57.0
146.5,-24.0,64.5
146.75,-24.0,75.4
147.0,-24.0,87.3
147.25,-24.0,93.1
147.5,-24.0,83.5
147.75,-24.0,65.7
148.0,-24.0,54.0
148.25,-24.0,40.0
148.5,-24.0,14.8
148.75,-24.0,10.3
149.0,-24.0,33.3
149.25,-24.0,27.5
149.5,-24.0,9.9
149.75,-24.0,7.6
150.0,-24.0,20.6
150.25,-24.0,16.4
150.5,-24.0,7.8
150.75,-24.0,9.7
151.0,-24.0,7.4
151.25,-24.0,1.0
151.5,-24.0,11.8
151.75,-24.0,27.5
152.0,-24.0,27.2
113.25,-24.25,434.9
113.5,-24.25,416.2
113.75,-24.25,398.2
114.0,-24.25,381.0
114.25,-24.25,358.3
114.5,-24.25,334.5
114.75,-24.25,310.9
115.0,-24.25,287.6
115.25,-24.25,264.7
115.5,-24.25,242.2
115.75,-24.25,220.3
116.0,-24.25,199.3
116.25,-24.25,179.2
116.5,-24.25,160.7
116.75,-24.25,144.2
117.0,-24.25,130.5
117.25,-24.25,120.6
117.5,-24.25,115.5
117.75,-24.25,115.7
118.0,-24.25,121.3
118.25,-24.25,131.6
118.5,-24.25,124.7
118.75,-24.25,122.6
119.0,-24.25,123.9
119.25,-24.25,111.1
119.5,-24.25,102.1
119.75,-24.25,98.2
120.0,-24.25,100.6
120.25,-24.25,109.0
120.5,-24.25,121.8
120.75,-24.25,137.2
121.0,-24.25,155.3
121.25,-24.25,175.1
121.5,-24.25,196.1
121.75,-24.25,217.8
122.0,-24.25,240.3
122.25,-24.25,263.2
122.5,-24.25,286.4
122.75,-24.25,309.4
123.0,-24.25,332.6
123.25,-24.25,356.1
123.5,-24.25,379.8
123.75,-24.25,403.7
124.0,-24.25,427.6
124.25,-24.25,451.7
124.5,-24.25,475.9
124.75,-24.25,500.2
125.0,-24.25,524.6
125.25,-24.25,549.1
125.5,-24.25,573.6
125.75,-24.25,598.2
126.0,-24.25,622.8
126.25,-24.25,647.4
126.5,-24.25,672.1
126.75,-24.25,696.8
127.0,-24.25,686.3
127.25,-24.25,661.2
127.5,-24.25,636.2
127.75,-24.25,611.1
128.0,-24.25,586.0
128.25,-24.25,560.9
128.5,-24.25,535.8
128.75,-24.25,510.8
129.0,-24.25,485.7
129.25,-24.25,460.7
129.5,-24.25,435.7
129.75,-24.25,410.7
130.0,-24.25,385.7
130.25,-24.25,360.7
130.5,-24.25,335.8
130.75,-24.25,310.8
131.0,-24.25,286.0
131.25,-24.25,261.2
131.5,-24.25,236.4
131.75,-24.25,211.8
132.0,-24.25,187.3
132.25,-24.25,163.0
132.5,-24.25,139.0
132.75,-24.25,115.4
133.0,-24.25,92.8
133.25,-24.25,71.3
133.5,-24.25,52.8
133.75,-24.25,42.0
134.0,-24.25,44.7
134.25,-24.25,59.1
134.5,-24.25,79.1
134.75,-24.25,101.4
135.0,-24.25,124.8
135.25,-24.25,148.7
135.5,-24.25,172.7
135.75,-24.25,196.6
136.0,-24.25,220.7
136.25,-24.25,245.0
136.5,-24.25,269.5
136.75,-24.25,294.1
137.0,-24.25,318.7
137.25,-24.25,343.5
137.5,-24.25,368.3
137.75,-24.25,393.1
138.0,-24.25,415.7
138.25,-24.25,407.1
138.5,-24.25,400.0
138.75,-24.25,394.4
139.0,-24.25,390.3
139.25,-24.25,388.0
139.5,-24.25,387.2
139.75,-24.25,386.4
140.0,-24.25,371.7
140.25,-24.25,351.0
140.5,-24.25,331.0
140.75,-24.25,311.8
141.0,-24.25,293.5
141.25,-24.25,276.3
141.5,-24.25,260.4
141.75,-24.25,246.1
142.0,-24.25,233.7
142.25,-24.25,221.0
142.5,-24.25,198.3
142.75,-24.25,176.2
143.0,-24.25,155.0
143.25,-24.25,135.3
143.5,-24.25,117.6
143.75,-24.25,103.1
144.0,-24.25,93.3
144.25,-24.25,87.4
144.5,-24.25,82.8
144.75,-24.25,59.1
145.0,-24.25,34.0
145.25,-24.25,8.9
145.5,-24.25,10.7
145.75,-24.25,32.3
146.0,-24.25,55.5
146.25,-24.25,79.8
146.5,-24.25,90.1
146.75,-24.25,100.6
147.0,-24.25,111.7
147.25,-24.25,120.1
147.5,-24.25,95.3
147.75,-24.25,70.6
148.0,-24.25,46.5
148.25,-24.25,24.3
148.5,-24.25,5.4
148.75,-24.25,11.9
149.0,-24.25,34.8
149.25,-24.25,47.5
149.5,-24.25,29.9
149.75,-24.25,14.1
150.0,-24.25,3.1
150.25,-24.25,3.3
150.5,-24.25,3.6
150.75,-24.25,0.3
151.0,-24.25,14.8
151.25,-24.25,16.2
151.5,-24.25,4.0
151.75,-24.25,11.3
152.0,-24.25,9.4
152.25,-24.25,34.4
113.25,-24.5,453.6
113.5,-24.5,435.7
113.75,-24.5,414.8
114.0,-24.5,391.2
114.25,-24.5,367.9
114.5,-24.5,344.8
114.75,-24.5,322.0
115.0,-24.5,299.7
115.25,-24.5,277.8
115.5,-24.5,256.5
115.75,-24.5,236.0
116.0,-24.5,216.5
116.25,-24.5,198.2
116.5,-24.5,181.7
116.75,-24.5,167.3
117.0,-24.5,155.7
117.25,-24.5,147.5
117.5,-24.5,143.4
117.75,-24.5,143.6
118.0,-24.5,148.1
118.25,-24.5,156.7
118.5,-24.5,152.3
118.75,-24.5,150.6
119.0,-24.5,147.5
119.25,-24.5,137.0
119.5,-24.5,129.2
119.75,-24.5,126.2
120.0,-24.5,128.1
120.25,-24.5,134.7
120.5,-24.5,145.5
120.75,-24.5,159.0
121.0,-24.5,174.8
121.25,-24.5,192.6
121.5,-24.5,211.9
121.75,-24.5,232.3
122.0,-24.5,253.5
122.25,-24.5,275.3
122.5,-24.5,297.6
122.75,-24.5,320.4
123.0,-24.5,343.4
123.25,-24.5,366.6
123.5,-24.5,389.6
123.75,-24.5,412.9
124.0,-24.5,436.4
124.25,-24.5,460.0
124.5,-24.5,483.9
124.75,-24.5,507.8
125.0,-24.5,531.8
125.25,-24.5,554.8
125.5,-24.5,575.6
125.75,-24.5,596.7
126.0,-24.5,618.1
126.25,-24.5,639.8
126.5,-24.5,661.6
126.75,-24.5,683.7
127.0,-24.5,688.0
127.25,-24.5,663.0
127.5,-24.5,638.1
127.75,-24.5,613.1
128.0,-24.5,588.2
128.25,-24.5,563.2
128.5,-24.5,538.3
128.75,-24.5,513.5
129.0,-24.5,488.6
129.25,-24.5,463.8
129.5,-24.5,439.0
129.75,-24.5,414.2
130.0,-24.5,389.5
130.25,-24.5,364.9
130.5,-24.5,340.3
130.75,-24.5,315.8
131.0,-24.5,291.4
131.25,-24.5,267.1
131.5,-24.5,243.1
131.75,-24.5,219.2
132.0,-24.5,195.7
132.25,-24.5,172.6
132.5,-24.5,150.2
132.75,-24.5,128.6
133.0,-24.5,108.3
133.25,-24.5,90.4
133.5,-24.5,76.7
133.75,-24.5,69.7
134.0,-24.5,71.3
134.25,-24.5,81.1
134.5,-24.5,96.7
134.75,-24.5,115.6
135.0,-24.5,136.6
135.25,-24.5,158.7
135.5,-24.5,181.7
135.75,-24.5,205.1
136.0,-24.5,228.9
136.25,-24.5,252.9
136.5,-24.5,276.8
136.75,-24.5,300.8
137.0,-24.5,324.9
137.25,-24.5,349.1
137.5,-24.5,373.5
137.75,-24.5,398.0
138.0,-24.5,422.5
138.25,-24.5,433.8
138.5,-24.5,427.1
138.75,-24.5,421.9
139.0,-24.5,418.1
139.25,-24.5,415.9
139.5,-24.5,415.2
139.75,-24.5,408.1
140.0,-24.5,387.8
140.25,-24.5,368.1
140.5,-24.5,349.1
140.75,-24.5,331.0
141.0,-24.5,313.9
141.25,-24.5,297.9
141.5,-24.5,283.3
141.75,-24.5,270.2
142.0,-24.5,255.7
142.25,-24.5,233.6
142.5,-24.5,212.3
142.75,-24.5,191.8
143.0,-24.5,172.7
143.25,-24.5,155.2
143.5,-24.5,140.1
143.75,-24.5,128.2
144.0,-24.5,120.4
144.25,-24.5,112.4
144.5,-24.5,88.1
144.75,-24.5,64.3
145.0,-24.5,42.2
145.25,-24.5,23.7
145.5,-24.5,10.7
145.75,-24.5,29.5
146.0,-24.5,53.7
146.25,-24.5,78.4
146.5,-24.5,103.3
146.75,-24.5,125.8
147.0,-24.5,136.7
147.25,-24.5,119.6
147.5,-24.5,94.7
147.75,-24.5,69.9
148.0,-24.5,45.4
148.25,-24.5,22.4
148.5,-24.5,13.9
148.75,-24.5,31.7
149.0,-24.5,48.2
149.25,-24.5,67.5
149.5,-24.5,47.6
149.75,-24.5,25.6
150.0,-24.5,4.1
150.25,-24.5,5.0
150.5,-24.5,11.1
150.75,-24.5,3.0
151.0,-24.5,18.3
151.25,-24.5,31.1
151.5,-24.5,7.2
151.75,-24.5,6.6
152.0,-24.5,14.2
152.25,-24.5,39.0
113.25,-24.75,465.9
113.5,-24.75,448.0
113.75,-24.75,424.8
114.0,-24.75,401.9
114.25,-24.75,379.3
114.5,-24.75,357.0
114.75,-24.75,335.1
115.0,-24.75,313.7
115.25,-24.75,293.0
115.5,-24.75,272.9
115.75,-24.75,253.8
116.0,-24.75,235.8
116.25,-24.75,219.2
116.5,-24.75,204.4
116.75,-24.75,191.7
117.0,-24.75,181.7
117.25,-24.75,174.8
117.5,-24.75,171.3
117.75,-24.75,171.5
118.0,-24.75,175.3
118.25,-24.75,182.5
118.5,-24.75,180.0
118.75,-24.75,178.6
119.0,-24.75,172.5
119.25,-24.75,163.1
119.5,-24.75,156.7
119.75,-24.75,154.2
120.0,-24.75,155.7
120.25,-24.75,161.2
120.5,-24.75,170.3
120.75,-24.75,182.4
121.0,-24.75,196.4
121.25,-24.75,212.4
121.5,-24.75,230.0
121.75,-24.75,248.9
122.0,-24.75,268.8
122.25,-24.75,289.6
122.5,-24.75,310.8
122.75,-24.75,332.6
123.0,-24.75,354.9
123.25,-24.75,377.5
123.5,-24.75,400.4
123.75,-24.75,419.2
124.0,-24.75,438.0
124.25,-24.75,457.4
124.5,-24.75,477.3
124.75,-24.75,497.7
125.0,-24.75,518.4
125.25,-24.75,539.4
125.5,-24.75,560.8
125.75,-24.75,582.4
126.0,-24.75,604.3
126.25,-24.75,626.3
126.5,-24.75,648.6
126.75,-24.75,671.0
127.0,-24.75,690.8
127.25,-24.75,666.0
127.5,-24.75,641.2
127.75,-24.75,616.4
128.0,-24.75,591.7
128.25,-24.75,567.0
128.5,-24.75,542.3
128.75,-24.75,517.6
129.0,-24.75,493.0
129.25,-24.75,468.5
129.5,-24.75,444.0
129.75,-24.75,419.6
130.0,-24.75,395.3
130.25,-24.75,371.1
130.5,-24.75,347.0
130.75,-24.75,323.1
131.0,-24.75,299.3
131.25,-24.75,275.8
131.5,-24.75,252.6
131.75,-24.75,229.9
132.0,-24.75,207.6
132.25,-24.75,185.9
132.5,-24.75,165.0
132.75,-24.75,145.5
133.0,-24.75,127.9
133.25,-24.75,113.2
133.5,-24.75,102.7
133.75,-24.75,97.5
134.0,-24.75,98.7
134.25,-24.75,106.0
134.5,-24.75,118.3
134.75,-24.75,134.2
135.0,-24.75,152.6
135.25,-24.75,172.7
135.5,-24.75,193.9
135.75,-24.75,216.0
136.0,-24.75,238.7
136.25,-24.75,261.8
136.5,-24.75,285.2
136.75,-24.75,309.0
137.0,-24.75,332.9
137.25,-24.75,356.8
137.5,-24.75,380.7
137.75,-24.75,404.7
138.0,-24.75,428.8
138.25,-24.75,453.1
138.5,-24.75,454.4
138.75,-24.75,449.5
139.0,-24.75,445.9
139.25,-24.75,443.9
139.5,-24.75,443.2
139.75,-24.75,424.7
140.0,-24.75,405.3
140.25,-24.75,386.5
140.5,-24.75,368.5
140.75,-24.75,351.4
141.0,-24.75,335.4
141.25,-24.75,320.5
141.5,-24.75,307.0
141.75,-24.75,291.0
142.0,-24.75,269.5
142.25,-24.75,248.7
142.5,-24.75,228.8
142.75,-24.75,210.1
143.0,-24.75,192.8
143.25,-24.75,177.3
143.5,-24.75,164.3
143.75,-24.75,154.3
144.0,-24.75,144.5
144.25,-24.75,121.4
144.5,-24.75,99.4
144.75,-24.75,79.2
145.0,-24.75,60.3
145.25,-24.75,44.2
145.5,-24.75,38.5
145.75,-24.75,47.3
146.0,-24.75,65.2
146.25,-24.75,86.6
146.5,-24.75,109.7
146.75,-24.75,133.4
147.0,-24.75,149.4
147.25,-24.75,125.5
147.5,-24.75,102.1
147.75,-24.75,79.7
148.0,-24.75,59.5
148.25,-24.75,44.5
148.5,-24.75,40.9
148.75,-24.75,51.2
149.0,-24.75,69.1
149.25,-24.75,82.8
149.5,-24.75,58.6
149.75,-24.75,35.5
150.0,-24.75,14.5
150.25,-24.75,9.9
150.5,-24.75,34.8
150.75,-24.75,15.9
151.0,-24.75,8.4
151.25,-24.75,33.3
151.5,-24.75,16.4
151.75,-24.75,6.7
152.0,-24.75,13.0
152.25,-24.75,15.9
152.5,-24.75,14.2
113.5,-25.0,432.2
113.75,-25.0,426.5
114.0,-25.0,414.3
114.25,-25.0,392.4
114.5,-25.0,370.9
114.75,-25.0,350.0
115.0,-25.0,329.6
115.25,-25.0,309.9
115.5,-25.0,291.1
115.75,-25.0,273.3
116.0,-25.0,256.7
116.25,-25.0,241.6
116.5,-25.0,228.3
116.75,-25.0,217.0
117.0,-25.0,208.3
117.25,-25.0,202.2
117.5,-25.0,199.2
117.75,-25.0,199.4
118.0,-25.0,202.7
118.25,-25.0,209.0
118.5,-25.0,207.8
118.75,-25.0,206.6
119.0,-25.0,198.3
119.25,-25.0,189.8
119.5,-25.0,184.3
119.75,-25.0,182.2
120.0,-25.0,183.5
120.25,-25.0,188.2
120.5,-25.0,196.0
120.75,-25.0,206.6
121.0,-25.0,219.5
121.25,-25.0,233.8
121.5,-25.0,249.9
121.75,-25.0,267.4
122.0,-25.0,286.0
122.25,-25.0,299.1
122.5,-25.0,313.6
122.75,-25.0,329.3
123.0,-25.0,346.0
123.25,-25.0,363.6
123.5,-25.0,381.9
123.75,-25.0,400.9
124.0,-25.0,420.6
124.25,-25.0,440.7
124.5,-25.0,461.3
124.75,-25.0,482.2
125.0,-25.0,503.5
125.25,-25.0,525.1
125.5,-25.0,547.0
125.75,-25.0,569.1
126.0,-25.0,591.4
126.25,-25.0,613.9
126.5,-25.0,636.5
126.75,-25.0,659.3
127.0,-25.0,682.2
127.25,-25.0,670.1
127.5,-25.0,645.5
127.75,-25.0,621.0
128.0,-25.0,596.5
128.25,-25.0,572.0
128.5,-25.0,547.6
128.75,-25.0,523.3
129.0,-25.0,499.0
129.25,-25.0,474.8
129.5,-25.0,450.8
129.75,-25.0,426.8
130.0,-25.0,403.0
130.25,-25.0,379.3
130.5,-25.0,355.8
130.75,-25.0,332.6
131.0,-25.0,309.6
131.25,-25.0,287.0
131.5,-25.0,264.9
131.75,-25.0,243.1
132.0,-25.0,222.0
132.25,-25.0,201.8
132.5,-25.0,182.8
132.75,-25.0,165.5
133.0,-25.0,150.3
133.25,-25.0,138.0
133.5,-25.0,129.5
133.75,-25.0,125.5
134.0,-25.0,126.4
134.25,-25.0,132.2
134.5,-25.0,142.2
134.75,-25.0,155.6
135.0,-25.0,171.7
135.25,-25.0,189.7
135.5,-25.0,209.2
135.75,-25.0,229.8
136.0,-25.0,251.2
136.25,-25.0,273.2
136.5,-25.0,295.7
136.75,-25.0,318.6
137.0,-25.0,341.8
137.25,-25.0,365.2
137.5,-25.0,388.9
137.75,-25.0,412.7
138.0,-25.0,436.6
138.25,-25.0,460.5
138.5,-25.0,481.7
138.75,-25.0,477.1
139.0,-25.0,473.8
139.25,-25.0,471.8
139.5,-25.0,461.7
139.75,-25.0,442.5
140.0,-25.0,423.9
140.25,-25.0,406.0
140.5,-25.0,389.0
140.75,-25.0,372.8
141.0,-25.0,357.8
141.25,-25.0,343.9
141.5,-25.0,326.7
141.75,-25.0,305.8
142.0,-25.0,285.4
142.25,-25.0,266.0
142.5,-25.0,247.5
142.75,-25.0,230.3
143.0,-25.0,214.6
143.25,-25.0,200.9
143.5,-25.0,189.5
143.75,-25.0,178.6
144.0,-25.0,156.7
144.25,-25.0,135.8
144.5,-25.0,116.5
144.75,-25.0,97.6
145.0,-25.0,81.2
145.25,-25.0,70.0
145.5,-25.0,66.5
145.75,-25.0,71.9
146.0,-25.0,84.7
146.25,-25.0,102.1
146.5,-25.0,122.2
146.75,-25.0,143.9
147.0,-25.0,157.6
147.25,-25.0,137.0
147.5,-25.0,116.0
147.75,-25.0,96.9
148.0,-25.0,81.1
148.25,-25.0,70.9
148.5,-25.0,68.7
148.75,-25.0,70.2
149.0,-25.0,68.4
149.25,-25.0,75.0
149.5,-25.0,61.7
149.75,-25.0,36.8
150.0,-25.0,12.0
150.25,-25.0,12.3
150.5,-25.0,36.4
150.75,-25.0,14.0
151.0,-25.0,10.9
151.25,-25.0,35.9
151.5,-25.0,30.7
151.75,-25.0,10.5
152.0,-25.0,1.9
152.25,-25.0,5.0
152.5,-25.0,12.2
152.75,-25.0,22.9
113.5,-25.25,405.1
113.75,-25.25,399.1
114.0,-25.25,394.5
114.25,-25.25,391.4
114.5,-25.25,386.4
114.75,-25.25,366.4
115.0,-25.25,347.0
115.25,-25.25,328.4
115.5,-25.25,310.8
115.75,-25.25,294.2
116.0,-25.25,278.9
116.25,-25.25,265.1
116.5,-25.25,253.0
116.75,-25.25,242.9
117.0,-25.25,235.1
117.25,-25.25,229.8
117.5,-25.25,227.2
117.75,-25.25,227.3
118.0,-25.25,230.2
118.25,-25.25,235.8
118.5,-25.25,235.7
118.75,-25.25,233.8
119.0,-25.25,224.3
119.25,-25.25,216.8
119.5,-25.25,212.0
119.75,-25.25,210.2
120.0,-25.25,211.3
120.25,-25.25,215.4
120.5,-25.25,219.9
120.75,-25.25,220.7
121.0,-25.25,224.2
121.25,-25.25,230.3
121.5,-25.25,238.8
121.75,-25.25,249.4
122.0,-25.25,262.0
122.25,-25.25,276.2
122.5,-25.25,291.8
122.75,-25.25,308.5
123.0,-25.25,326.2
123.25,-25.25,344.7
123.5,-25.25,364.0
123.75,-25.25,383.9
124.0,-25.25,404.3
124.25,-25.25,425.1
124.5,-25.25,446.4
124.75,-25.25,468.0
125.0,-25.25,489.8
125.25,-25.25,512.0
125.5,-25.25,534.3
125.75,-25.25,556.9
126.0,-25.25,579.6
126.25,-25.25,602.5
126.5,-25.25,625.5
126.75,-25.25,648.6
127.0,-25.25,671.8
127.25,-25.25,675.3
127.5,-25.25,651.0
127.75,-25.25,626.7
128.0,-25.25,602.5
128.25,-25.25,578.4
128.5,-25.25,554.3
128.75,-25.25,530.3
129.0,-25.25,506.5
129.25,-25.25,482.7
129.5,-25.25,459.1
129.75,-25.25,435.7
130.0,-25.25,412.4
130.25,-25.25,389.4
130.5,-25.25,366.6
130.75,-25.25,344.1
131.0,-25.25,322.0
131.25,-25.25,300.3
131.5,-25.25,279.1
131.75,-25.25,258.5
132.0,-25.25,238.8
132.25,-25.25,220.2
132.5,-25.25,203.0
132.75,-25.25,187.5
133.0,-25.25,174.3
133.25,-25.25,163.8
133.5,-25.25,156.7
133.75,-25.25,153.5
134.0,-25.25,154.2
134.25,-25.25,159.0
134.5,-25.25,167.3
134.75,-25.25,178.9
135.0,-25.25,193.0
135.25,-25.25,209.2
135.5,-25.25,227.0
135.75,-25.25,246.0
136.0,-25.25,266.1
136.25,-25.25,286.9
136.5,-25.25,308.4
136.75,-25.25,330.3
137.0,-25.25,352.7
137.25,-25.25,375.4
137.5,-25.25,398.4
137.75,-25.25,421.6
138.0,-25.25,445.0
138.25,-25.25,468.6
138.5,-25.25,492.4
138.75,-25.25,504.8
139.0,-25.25,501.7
139.25,-25.25,498.7
139.5,-25.25,479.6
139.75,-25.25,461.2
140.0,-25.25,443.5
140.25,-25.25,426.5
140.5,-25.25,403.8
140.75,-25.25,381.0
141.0,-25.25,358.5
141.25,-25.25,336.3
141.5,-25.25,314.5
141.75,-25.25,293.2
142.0,-25.25,272.4
142.25,-25.25,252.3
142.5,-25.25,233.2
142.75,-25.25,215.2
143.0,-25.25,198.6
143.25,-25.25,183.9
143.5,-25.25,171.5
143.75,-25.25,161.8
144.0,-25.25,155.0
144.25,-25.25,151.3
144.5,-25.25,135.0
144.75,-25.25,118.5
145.0,-25.25,105.4
145.25,-25.25,97.1
145.5,-25.25,94.5
145.75,-25.25,98.4
146.0,-25.25,108.1
146.25,-25.25,122.2
146.5,-25.25,130.4
146.75,-25.25,129.4
147.0,-25.25,129.5
147.25,-25.25,128.9
147.5,-25.25,131.9
147.75,-25.25,118.3
148.0,-25.25,100.3
148.25,-25.25,78.1
148.5,-25.25,58.2
148.75,-25.25,43.6
149.0,-25.25,40.7
149.25,-25.25,50.9
149.5,-25.25,68.2
149.75,-25.25,47.9
150.0,-25.25,33.0
150.25,-25.25,33.6
150.5,-25.25,40.1
150.75,-25.25,15.8
151.0,-25.25,7.7
151.25,-25.25,19.1
151.5,-25.25,36.9
151.75,-25.25,21.0
152.0,-25.25,2.9
152.25,-25.25,1.4
152.5,-25.25,7.1
152.75,-25.25,7.9
153.0,-25.25,13.2
113.75,-25.5,371.8
114.0,-25.5,366.9
114.25,-25.5,363.5
114.5,-25.5,361.8
114.75,-25.5,361.7
115.0,-25.5,363.3
115.25,-25.5,348.2
115.5,-25.5,331.6
115.75,-25.5,316.2
116.0,-25.5,302.0
116.25,-25.5,289.3
116.5,-25.5,278.4
116.75,-25.5,269.3
117.0,-25.5,262.3
117.25,-25.5,257.5
117.5,-25.5,255.2
117.75,-25.5,255.3
118.0,-25.5,257.9
118.25,-25.5,262.8
118.5,-25.5,263.6
118.75,-25.5,256.7
119.0,-25.5,241.5
119.25,-25.5,228.0
119.5,-25.5,216.4
119.75,-25.5,206.7
120.0,-25.5,199.1
120.25,-25.5,194.1
120.5,-25.5,191.9
120.75,-25.5,192.8
121.0,-25.5,196.8
121.25,-25.5,203.7
121.5,-25.5,213.2
121.75,-25.5,225.1
122.0,-25.5,238.9
122.25,-25.5,254.3
122.5,-25.5,271.1
122.75,-25.5,288.9
123.0,-25.5,307.7
123.25,-25.5,327.2
123.5,-25.5,347.4
123.75,-25.5,368.1
124.0,-25.5,389.3
124.25,-25.5,410.9
124.5,-25.5,432.8
124.75,-25.5,455.0
125.0,-25.5,477.4
125.25,-25.5,500.0
125.5,-25.5,522.8
125.75,-25.5,545.8
126.0,-25.5,568.9
126.25,-25.5,592.1
126.5,-25.5,615.5
126.75,-25.5,638.9
127.0,-25.5,662.5
127.25,-25.5,681.7
127.5,-25.5,657.6
127.75,-25.5,633.7
128.0,-25.5,609.8
128.25,-25.5,586.0
128.5,-25.5,562.3
128.75,-25.5,538.8
129.0,-25.5,515.4
129.25,-25.5,492.1
129.5,-25.5,469.0
129.75,-25.5,446.1
130.0,-25.5,423.5
130.25,-25.5,401.1
130.5,-25.5,379.1
130.75,-25.5,357.4
131.0,-25.5,336.1
131.25,-25.5,315.3
131.5,-25.5,295.2
131.75,-25.5,275.9
132.0,-25.5,257.5
132.25,-25.5,240.4
132.5,-25.5,224.8
132.75,-25.5,211.0
133.0,-25.5,199.3
133.25,-25.5,190.3
133.5,-25.5,184.2
133.75,-25.5,181.4
134.0,-25.5,182.1
134.25,-25.5,186.1
134.5,-25.5,193.3
134.75,-25.5,203.4
135.0,-25.5,215.9
135.25,-25.5,230.4
135.5,-25.5,246.6
135.75,-25.5,264.2
136.0,-25.5,282.9
136.25,-25.5,302.6
136.5,-25.5,323.0
136.75,-25.5,343.9
137.0,-25.5,365.4
137.25,-25.5,387.4
137.5,-25.5,409.6
137.75,-25.5,432.2
138.0,-25.5,455.0
138.25,-25.5,478.1
138.5,-25.5,501.3
138.75,-25.5,524.7
139.0,-25.5,529.5
139.25,-25.5,512.3
139.5,-25.5,488.3
139.75,-25.5,464.5
140.0,-25.5,440.8
140.25,-25.5,417.1
140.5,-25.5,393.6
140.75,-25.5,370.3
141.0,-25.5,347.1
141.25,-25.5,324.2
141.5,-25.5,301.6
141.75,-25.5,279.3
142.0,-25.5,257.4
142.25,-25.5,236.2
142.5,-25.5,215.6
142.75,-25.5,196.0
143.0,-25.5,177.8
143.25,-25.5,161.2
143.5,-25.5,146.9
143.75,-25.5,135.7
144.0,-25.5,127.8
144.25,-25.5,123.5
144.5,-25.5,122.7
144.75,-25.5,125.8
145.0,-25.5,126.5
145.25,-25.5,124.5
145.5,-25.5,122.5
145.75,-25.5,114.5
146.0,-25.5,105.4
146.25,-25.5,101.6
146.5,-25.5,102.4
146.75,-25.5,101.4
147.0,-25.5,101.5
147.25,-25.5,100.9
147.5,-25.5,104.7
147.75,-25.5,108.0
148.0,-25.5,92.6
148.25,-25.5,68.1
148.5,-25.5,43.9
148.75,-25.5,21.1
149.0,-25.5,13.7
149.25,-25.5,30.9
149.5,-25.5,49.1
149.75,-25.5,69.3
150.0,-25.5,60.0
150.25,-25.5,60.3
150.5,-25.5,48.1
150.75,-25.5,23.4
151.0,-25.5,1.3
151.25,-25.5,0.7
151.5,-25.5,14.2
151.75,-25.5,3.1
152.0,-25.5,2.1
152.25,-25.5,6.4
152.5,-25.5,2.1
152.75,-25.5,6.2
153.0,-25.5,23.4
153.25,-25.5,43.4
113.75,-25.75,344.5
114.0,-25.75,339.2
114.25,-25.75,335.6
114.5,-25.75,333.8
114.75,-25.75,333.7
115.0,-25.75,335.4
115.25,-25.75,338.2
115.5,-25.75,341.4
115.75,-25.75,339.1
116.0,-25.75,325.9
116.25,-25.75,314.2
116.5,-25.75,304.2
116.75,-25.75,295.9
117.0,-25.75,289.6
117.25,-25.75,285.3
117.5,-25.75,283.2
117.75,-25.75,283.3
118.0,-25.75,285.6
118.25,-25.75,272.8
118.5,-25.75,253.8
118.75,-25.75,235.9
119.0,-25.75,219.3
119.25,-25.75,204.3
119.5,-25.75,191.4
119.75,-25.75,180.9
120.0,-25.75,172.1
120.25,-25.75,166.5
120.5,-25.75,163.9
120.75,-25.75,164.9
121.0,-25.75,169.5
121.25,-25.75,177.5
121.5,-25.75,188.3
121.75,-25.75,201.6
122.0,-25.75,216.9
122.25,-25.75,233.7
122.5,-25.75,251.7
122.75,-25.75,270.8
123.0,-25.75,290.6
123.25,-25.75,311.2
123.5,-25.75,332.3
123.75,-25.75,353.9
124.0,-25.75,375.8
124.25,-25.75,398.1
124.5,-25.75,420.6
124.75,-25.75,443.3
125.0,-25.75,466.3
125.25,-25.75,489.4
125.5,-25.75,512.6
125.75,-25.75,536.0
126.0,-25.75,559.4
126.25,-25.75,583.0
126.5,-25.75,606.7
126.75,-25.75,630.4
127.0,-25.75,654.2
127.25,-25.75,678.0
127.5,-25.75,665.4
127.75,-25.75,641.8
128.0,-25.75,618.3
128.25,-25.75,594.9
128.5,-25.75,571.6
128.75,-25.75,548.5
129.0,-25.75,525.6
129.25,-25.75,502.8
129.5,-25.75,480.3
129.75,-25.75,458.1
130.0,-25.75,436.1
130.25,-25.75,414.4
130.5,-25.75,393.0
130.75,-25.75,372.1
131.0,-25.75,351.7
131.25,-25.75,332.0
131.5,-25.75,313.0
131.75,-25.75,294.9
132.0,-25.75,277.9
132.25,-25.75,262.1
132.5,-25.75,247.9
132.75,-25.75,235.4
133.0,-25.75,225.1
133.25,-25.75,217.1
133.5,-25.75,211.9
133.75,-25.75,209.4
134.0,-25.75,210.0
134.25,-25.75,213.5
134.5,-25.75,219.8
134.75,-25.75,228.7
135.0,-25.75,239.8
135.25,-25.75,253.0
135.5,-25.75,267.8
135.75,-25.75,284.0
136.0,-25.75,301.5
136.25,-25.75,320.0
136.5,-25.75,339.2
136.75,-25.75,359.2
137.0,-25.75,379.8
137.25,-25.75,400.9
137.5,-25.75,422.4
137.75,-25.75,444.3
138.0,-25.75,466.5
138.25,-25.75,489.0
138.5,-25.75,511.6
138.75,-25.75,534.5
139.0,-25.75,529.8
139.25,-25.75,505.6
139.5,-25.75,481.4
139.75,-25.75,457.2
140.0,-25.75,433.2
140.25,-25.75,409.1
140.5,-25.75,385.2
140.75,-25.75,361.4
141.0,-25.75,337.7
141.25,-25.75,314.1
141.5,-25.75,290.7
141.75,-25.75,267.6
142.0,-25.75,244.8
142.25,-25.75,222.3
142.5,-25.75,200.4
142.75,-25.75,179.3
143.0,-25.75,159.1
143.25,-25.75,140.4
143.5,-25.75,123.8
143.75,-25.75,110.3
144.0,-25.75,100.8
144.25,-25.75,95.6
144.5,-25.75,94.7
144.75,-25.75,97.8
145.0,-25.75,98.5
145.25,-25.75,99.6
145.5,-25.75,100.2
145.75,-25.75,90.5
146.0,-25.75,78.7
146.25,-25.75,73.6
146.5,-25.75,74.4
146.75,-25.75,73.3
147.0,-25.75,73.5
147.25,-25.75,72.9
147.5,-25.75,77.3
147.75,-25.75,80.7
148.0,-25.75,81.2
148.25,-25.75,68.4
148.5,-25.75,44.1
148.75,-25.75,20.3
149.0,-25.75,3.7
149.25,-25.75,12.9
149.5,-25.75,35.5
149.75,-25.75,54.1
150.0,-25.75,61.7
150.25,-25.75,71.3
150.5,-25.75,49.4
150.75,-25.75,25.2
151.0,-25.75,3.0
151.25,-25.75,19.6
151.5,-25.75,12.7
151.75,-25.75,16.0
152.0,-25.75,19.6
152.25,-25.75,2.5
152.5,-25.75,0.9
152.75,-25.75,13.3
153.0,-25.75,23.7
153.25,-25.75,46.6
114.0,-26.0,311.7
114.25,-26.0,307.8
114.5,-26.0,305.8
114.75,-26.0,305.7
115.0,-26.0,307.5
115.25,-26.0,310.3
115.5,-26.0,313.7
115.75,-26.0,319.0
116.0,-26.0,321.4
116.25,-26.0,315.2
116.5,-26.0,310.9
116.75,-26.0,308.5
117.0,-26.0,307.9
117.25,-26.0,309.4
117.5,-26.0,311.2
117.75,-26.0,298.7
118.0,-26.0,277.2
118.25,-26.0,256.3
118.5,-26.0,236.0
118.75,-26.0,216.7
119.0,-26.0,198.6
119.25,-26.0,181.9
119.5,-26.0,167.3
119.75,-26.0,155.2
120.0,-26.0,145.5
120.25,-26.0,139.0
120.5,-26.0,135.9
120.75,-26.0,137.1
121.0,-26.0,142.6
121.25,-26.0,152.0
121.5,-26.0,164.5
121.75,-26.0,179.5
122.0,-26.0,196.4
122.25,-26.0,214.6
122.5,-26.0,234.1
122.75,-26.0,254.4
123.0,-26.0,275.4
123.25,-26.0,297.0
123.5,-26.0,319.0
123.75,-26.0,341.4
124.0,-26.0,364.0
124.25,-26.0,386.9
124.5,-26.0,410.0
124.75,-26.0,433.2
125.0,-26.0,456.6
125.25,-26.0,480.1
125.5,-26.0,503.8
125.75,-26.0,527.5
126.0,-26.0,551.2
126.25,-26.0,575.1
126.5,-26.0,599.0
126.75,-26.0,622.9
127.0,-26.0,647.0
127.25,-26.0,671.0
127.5,-26.0,674.3
127.75,-26.0,651.0
128.0,-26.0,627.9
128.25,-26.0,604.9
128.5,-26.0,582.1
128.75,-26.0,559.5
129.0,-26.0,537.1
129.25,-26.0,514.9
129.5,-26.0,493.0
129.75,-26.0,471.3
130.0,-26.0,449.9
130.25,-26.0,428.9
130.5,-26.0,408.3
130.75,-26.0,388.3
131.0,-26.0,368.9
131.25,-26.0,350.1
131.5,-26.0,332.2
131.75,-26.0,315.2
132.0,-26.0,299.4
132.25,-26.0,284.9
132.5,-26.0,271.9
132.75,-26.0,260.6
133.0,-26.0,251.3
133.25,-26.0,244.3
133.5,-26.0,239.6
133.75,-26.0,237.5
134.0,-26.0,237.9
134.25,-26.0,241.0
134.5,-26.0,246.6
134.75,-26.0,254.5
135.0,-26.0,264.6
135.25,-26.0,276.5
135.5,-26.0,290.1
135.75,-26.0,305.2
136.0,-26.0,321.4
136.25,-26.0,338.8
136.5,-26.0,357.0
136.75,-26.0,376.0
137.0,-26.0,395.7
137.25,-26.0,415.9
137.5,-26.0,436.7
137.75,-26.0,457.8
138.0,-26.0,479.3
138.25,-26.0,493.6
138.5,-26.0,506.9
138.75,-26.0,508.6
139.0,-26.0,510.8
139.25,-26.0,500.4
139.5,-26.0,476.0
139.75,-26.0,451.6
140.0,-26.0,427.3
140.25,-26.0,403.0
140.5,-26.0,378.7
140.75,-26.0,354.5
141.0,-26.0,330.3
141.25,-26.0,306.3
141.5,-26.0,282.3
141.75,-26.0,258.5
142.0,-26.0,234.8
142.25,-26.0,211.4
142.5,-26.0,188.2
142.75,-26.0,165.6
143.0,-26.0,143.6
143.25,-26.0,122.5
143.5,-26.0,103.2
143.75,-26.0,86.5
144.0,-26.0,74.4
144.25,-26.0,67.8
144.5,-26.0,66.9
144.75,-26.0,69.8
145.0,-26.0,70.5
145.25,-26.0,71.8
145.5,-26.0,72.2
145.75,-26.0,66.0
146.0,-26.0,53.4
146.25,-26.0,45.6
146.5,-26.0,46.3
146.75,-26.0,45.3
147.0,-26.0,45.5
147.25,-26.0,44.9
147.5,-26.0,49.3
147.75,-26.0,53.2
148.0,-26.0,53.1
148.25,-26.0,57.4
148.5,-26.0,56.3
148.75,-26.0,39.9
149.0,-26.0,21.0
149.25,-26.0,1.4
149.5,-26.0,20.5
149.75,-26.0,26.5
150.0,-26.0,35.5
150.25,-26.0,47.9
150.5,-26.0,58.2
150.75,-26.0,37.1
151.0,-26.0,14.9
151.25,-26.0,5.5
151.5,-26.0,11.2
151.75,-26.0,20.9
152.0,-26.0,22.7
152.25,-26.0,3.9
152.5,-26.0,8.0
152.75,-26.0,23.0
153.0,-26.0,37.2
153.25,-26.0,48.6
153.5,-26.0,62.1
113.75,-26.25,290.6
114.0,-26.25,284.3
114.25,-26.25,280.0
114.5,-26.25,277.8
114.75,-26.25,277.7
115.0,-26.25,279.6
115.25,-26.25,282.4
115.5,-26.25,286.2
115.75,-26.25,291.9
116.0,-26.25,294.6
116.25,-26.25,287.9
116.5,-26.25,283.2
116.75,-26.25,280.5
117.0,-26.25,279.9
117.25,-26.25,281.5
117.5,-26.25,285.1
117.75,-26.25,286.4
118.0,-26.25,263.9
118.25,-26.25,241.9
118.5,-26.25,220.4
118.75,-26.25,199.6
119.0,-26.25,179.8
119.25,-26.25,161.3
119.5,-26.25,144.6
119.75,-26.25,130.4
120.0,-26.25,119.6
120.25,-26.25,111.5
120.5,-26.25,107.9
120.75,-26.25,109.4
121.0,-26.25,116.2
121.25,-26.25,127.5
121.5,-26.25,142.1
121.75,-26.25,159.1
122.0,-26.25,177.8
122.25,-26.25,197.7
122.5,-26.25,218.6
122.75,-26.25,240.2
123.0,-26.25,262.3
123.25,-26.25,284.9
123.5,-26.25,307.7
123.75,-26.25,330.8
124.0,-26.25,354.0
124.25,-26.25,377.5
124.5,-26.25,401.1
124.75,-26.25,424.7
125.0,-26.25,448.5
125.25,-26.25,472.4
125.5,-26.25,496.3
125.75,-26.25,520.3
126.0,-26.25,544.3
126.25,-26.25,568.4
126.5,-26.25,592.5
126.75,-26.25,616.7
127.0,-26.25,640.2
127.25,-26.25,663.7
127.5,-26.25,684.1
127.75,-26.25,661.3
128.0,-26.25,638.6
128.25,-26.25,616.1
128.5,-26.25,593.8
128.75,-26.25,571.6
129.0,-26.25,549.8
129.25,-26.25,528.1
129.5,-26.25,506.7
129.75,-26.25,485.6
130.0,-26.25,464.9
130.25,-26.25,444.7
130.5,-26.25,425.0
130.75,-26.25,405.8
131.0,-26.25,387.3
131.25,-26.25,369.5
131.5,-26.25,352.6
131.75,-26.25,336.7
132.0,-26.25,322.0
132.25,-26.25,308.5
132.5,-26.25,296.6
132.75,-26.25,286.3
133.0,-26.25,277.9
133.25,-26.25,271.6
133.5,-26.25,267.4
133.75,-26.25,265.5
134.0,-26.25,265.9
134.25,-26.25,268.7
134.5,-26.25,273.7
134.75,-26.25,280.8
135.0,-26.25,289.9
135.25,-26.25,300.8
135.5,-26.25,313.4
135.75,-26.25,327.3
136.0,-26.25,342.5
136.25,-26.25,358.8
136.5,-26.25,376.0
136.75,-26.25,394.1
137.0,-26.25,412.8
137.25,-26.25,423.7
137.5,-26.25,433.7
137.75,-26.25,444.8
138.0,-26.25,456.9
138.25,-26.25,469.9
138.5,-26.25,479.5
138.75,-26.25,480.6
139.0,-26.25,483.0
139.25,-26.25,486.5
139.5,-26.25,472.2
139.75,-26.25,447.7
140.0,-26.25,423.2
140.25,-26.25,398.6
140.5,-26.25,374.2
140.75,-26.25,349.7
141.0,-26.25,325.2
141.25,-26.25,300.8
141.5,-26.25,276.4
141.75,-26.25,252.1
142.0,-26.25,227.9
142.25,-26.25,203.7
142.5,-26.25,179.6
142.75,-26.25,155.8
143.0,-26.25,132.2
143.25,-26.25,109.0
143.5,-26.25,86.7
143.75,-26.25,66.1
144.0,-26.25,49.4
144.25,-26.25,40.2
144.5,-26.25,39.2
144.75,-26.25,42.0
145.0,-26.25,42.5
145.25,-26.25,44.2
145.5,-26.25,44.2
145.75,-26.25,40.4
146.0,-26.25,32.9
146.25,-26.25,17.8
146.5,-26.25,18.3
146.75,-26.25,17.3
147.0,-26.25,17.6
147.25,-26.25,17.1
147.5,-26.25,21.4
147.75,-26.25,26.0
148.0,-26.25,25.2
148.25,-26.25,31.0
148.5,-26.25,34.0
148.75,-26.25,35.1
149.0,-26.25,16.7
149.25,-26.25,5.3
149.5,-26.25,1.0
149.75,-26.25,0.7
150.0,-26.25,11.7
150.25,-26.25,24.0
150.5,-26.25,44.2
150.75,-26.25,43.1
151.0,-26.25,25.2
151.25,-26.25,3.7
151.5,-26.25,8.1
151.75,-26.25,5.3
152.0,-26.25,0.4
152.25,-26.25,11.6
152.5,-26.25,6.1
152.75,-26.25,0.1
153.0,-26.25,16.6
153.25,-26.25,24.8
113.5,-26.5,272.8
113.75,-26.5,263.9
114.0,-26.5,257.0
114.25,-26.5,252.2
114.5,-26.5,249.8
114.75,-26.5,249.7
115.0,-26.5,251.8
115.25,-26.5,254.6
115.5,-26.5,258.7
115.75,-26.5,265.0
116.0,-26.5,268.1
116.25,-26.5,260.7
116.5,-26.5,255.5
116.75,-26.5,252.5
117.0,-26.5,251.9
117.25,-26.5,253.6
117.5,-26.5,257.6
117.75,-26.5,263.8
118.0,-26.5,253.1
118.25,-26.5,230.1
118.5,-26.5,207.4
118.75,-26.5,185.2
119.0,-26.5,163.7
119.25,-26.5,143.2
119.5,-26.5,124.1
119.75,-26.5,107.3
120.0,-26.5,94.0
120.25,-26.5,84.5
120.5,-26.5,79.9
120.75,-26.5,81.9
121.0,-26.5,90.8
121.25,-26.5,104.8
121.5,-26.5,122.0
121.75,-26.5,141.2
122.0,-26.5,161.9
122.25,-26.5,183.6
122.5,-26.5,205.9
122.75,-26.5,228.6
123.0,-26.5,251.7
123.25,-26.5,275.0
123.5,-26.5,298.6
123.75,-26.5,322.2
124.0,-26.5,346.1
124.25,-26.5,369.9
124.5,-26.5,393.9
124.75,-26.5,418.0
125.0,-26.5,442.0
125.25,-26.5,466.2
125.5,-26.5,490.3
125.75,-26.5,514.4
126.0,-26.5,537.8
126.25,-26.5,561.3
126.5,-26.5,584.8
126.75,-26.5,608.5
127.0,-26.5,632.2
127.25,-26.5,655.9
127.5,-26.5,679.7
127.75,-26.5,672.6
128.0,-26.5,650.3
128.25,-26.5,628.3
128.5,-26.5,606.5
128.75,-26.5,584.8
129.0,-26.5,563.4
129.25,-26.5,542.3
129.5,-26.5,521.5
129.75,-26.5,501.1
130.0,-26.5,481.2
130.25,-26.5,461.7
130.5,-26.5,442.7
130.75,-26.5,424.4
131.0,-26.5,406.8
131.25,-26.5,389.9
131.5,-26.5,374.0
131.75,-26.5,359.1
132.0,-26.5,345.3
132.25,-26.5,332.9
132.5,-26.5,321.9
132.75,-26.5,312.5
133.0,-26.5,304.8
133.25,-26.5,299.0
133.5,-26.5,295.2
133.75,-26.5,293.5
134.0,-26.5,293.9
134.25,-26.5,296.4
134.5,-26.5,300.9
134.75,-26.5,307.4
135.0,-26.5,315.7
135.25,-26.5,325.8
135.5,-26.5,337.3
135.75,-26.5,350.3
136.0,-26.5,364.5
136.25,-26.5,368.6
136.5,-26.5,373.8
136.75,-26.5,380.5
137.0,-26.5,388.5
137.25,-26.5,397.9
137.5,-26.5,408.5
137.75,-26.5,420.2
138.0,-26.5,433.0
138.25,-26.5,446.7
138.5,-26.5,451.4
138.75,-26.5,452.6
139.0,-26.5,455.2
139.25,-26.5,458.9
139.5,-26.5,463.9
139.75,-26.5,445.5
140.0,-26.5,420.9
140.25,-26.5,396.3
140.5,-26.5,371.7
140.75,-26.5,347.1
141.0,-26.5,322.5
141.25,-26.5,297.9
141.5,-26.5,273.4
141.75,-26.5,248.8
142.0,-26.5,224.2
142.25,-26.5,199.7
142.5,-26.5,175.1
142.75,-26.5,150.6
143.0,-26.5,126.1
143.25,-26.5,101.7
143.5,-26.5,77.3
143.75,-26.5,53.3
144.0,-26.5,30.1
144.25,-26.5,13.2
144.5,-26.5,11.8
144.75,-26.5,14.2
145.0,-26.5,14.8
145.25,-26.5,16.4
145.5,-26.5,16.6
145.75,-26.5,15.7
146.0,-26.5,4.9
146.25,-26.5,2.9
146.5,-26.5,9.1
146.75,-26.5,10.8
147.0,-26.5,8.9
147.25,-26.5,8.7
147.5,-26.5,6.2
147.75,-26.5,1.6
148.0,-26.5,1.7
148.25,-26.5,4.4
148.5,-26.5,6.8
148.75,-26.5,9.1
149.0,-26.5,4.3
149.25,-26.5,9.5
149.5,-26.5,13.1
149.75,-26.5,14.6
150.0,-26.5,12.1
150.25,-26.5,9.8
150.5,-26.5,20.1
150.75,-26.5,18.0
151.0,-26.5,14.1
151.25,-26.5,17.9
151.5,-26.5,0.7
151.75,-26.5,0.8
152.0,-26.5,11.7
152.25,-26.5,31.8
152.5,-26.5,19.9
152.75,-26.5,4.0
153.0,-26.5,7.1
153.25,-26.5,20.5
153.5,-26.5,43.7
113.5,-26.75,247.4
113.75,-26.75,237.5
114.0,-26.75,229.8
114.25,-26.75,224.5
114.5,-26.75,221.8
114.75,-26.75,221.7
115.0,-26.75,224.1
115.25,-26.75,226.8
115.5,-26.75,231.4
115.75,-26.75,238.4
116.0,-26.75,241.9
116.25,-26.75,233.7
116.5,-26.75,227.9
116.75,-26.75,224.6
117.0,-26.75,223.9
117.25,-26.75,225.8
117.5,-26.75,230.3
117.75,-26.75,237.2
118.0,-26.75,244.9
118.25,-26.75,221.2
118.5,-26.75,197.5
118.75,-26.75,174.2
119.0,-26.75,151.1
119.25,-26.75,128.7
119.5,-26.75,107.1
119.75,-26.75,87.1
120.0,-26.75,70.1
120.25,-26.75,58.4
120.5,-26.75,51.9
120.75,-26.75,55.0
121.0,-26.75,67.5
121.25,-26.75,85.1
121.5,-26.75,105.3
121.75,-26.75,127.1
122.0,-26.75,149.7
122.25,-26.75,172.8
122.5,-26.75,196.3
122.75,-26.75,220.0
123.0,-26.75,243.8
123.25,-26.75,267.8
123.5,-26.75,291.9
123.75,-26.75,316.0
124.0,-26.75,340.1
124.25,-26.75,364.3
124.5,-26.75,388.6
124.75,-26.75,412.2
125.0,-26.75,435.6
125.25,-26.75,459.0
125.5,-26.75,482.6
125.75,-26.75,506.2
126.0,-26.75,529.9
126.25,-26.75,553.6
126.5,-26.75,577.5
126.75,-26.75,601.3
127.0,-26.75,625.2
127.25,-26.75,649.2
127.5,-26.75,673.2
127.75,-26.75,684.8
128.0,-26.75,663.0
128.25,-26.75,641.4
128.5,-26.75,620.0
128.75,-26.75,598.9
129.0,-26.75,578.0
129.25,-26.75,557.5
129.5,-26.75,537.4
129.75,-26.75,517.7
130.0,-26.75,498.4
130.25,-26.75,479.7
130.5,-26.75,461.5
130.75,-26.75,444.0
131.0,-26.75,427.2
131.25,-26.75,411.3
131.5,-26.75,396.2
131.75,-26.75,382.2
132.0,-26.75,369.4
132.25,-26.75,357.8
132.5,-26.75,347.6
132.75,-26.75,338.9
133.0,-26.75,331.8
133.25,-26.75,326.6
133.5,-26.75,323.1
133.75,-26.75,321.5
134.0,-26.75,321.9
134.25,-26.75,324.2
134.5,-26.75,328.3
134.75,-26.75,334.3
135.0,-26.75,338.8
135.25,-26.75,335.8
135.5,-26.75,334.5
135.75,-26.75,335.0
136.0,-26.75,337.2
136.25,-26.75,341.1
136.5,-26.75,346.7
136.75,-26.75,353.8
137.0,-26.75,362.4
137.25,-26.75,372.4
137.5,-26.75,383.7
137.75,-26.75,396.2
138.0,-26.75,409.7
138.25,-26.75,422.9
138.5,-26.75,423.4
138.75,-26.75,424.7
139.0,-26.75,427.4
139.25,-26.75,431.4
139.5,-26.75,436.7
139.75,-26.75,443.2
140.0,-26.75,420.4
140.25,-26.75,395.9
140.5,-26.75,371.3
140.75,-26.75,346.8
141.0,-26.75,322.2
141.25,-26.75,297.7
141.5,-26.75,273.1
141.75,-26.75,248.6
142.0,-26.75,224.1
142.25,-26.75,199.5
142.5,-26.75,175.0
142.75,-26.75,150.6
143.0,-26.75,126.1
143.25,-26.75,101.7
143.5,-26.75,77.5
143.75,-26.75,53.6
144.0,-26.75,30.7
144.25,-26.75,14.9
144.5,-26.75,14.6
144.75,-26.75,12.8
145.0,-26.75,12.1
145.25,-26.75,11.3
145.5,-26.75,11.2
145.75,-26.75,10.2
146.0,-26.75,10.4
146.25,-26.75,11.0
146.5,-26.75,33.4
146.75,-26.75,38.8
147.0,-26.75,36.8
147.25,-26.75,36.3
147.5,-26.75,33.3
147.75,-26.75,29.5
148.0,-26.75,28.7
148.25,-26.75,20.1
148.5,-26.75,19.3
148.75,-26.75,15.0
149.0,-26.75,7.4
149.25,-26.75,18.2
149.5,-26.75,14.9
149.75,-26.75,13.4
150.0,-26.75,12.6
150.25,-26.75,3.5
150.5,-26.75,6.2
150.75,-26.75,5.7
151.0,-26.75,13.9
151.25,-26.75,5.0
151.5,-26.75,1.0
151.75,-26.75,1.8
152.0,-26.75,4.4
152.25,-26.75,12.5
152.5,-26.75,20.1
152.75,-26.75,7.8
153.0,-26.75,2.9
153.25,-26.75,17.6
153.5,-26.75,42.0
113.5,-27.0,222.6
113.75,-27.0,211.6
114.0,-27.0,202.9
114.25,-27.0,196.9
114.5,-27.0,193.8
114.75,-27.0,193.6
115.0,-27.0,196.4
115.25,-27.0,199.0
115.5,-27.0,204.3
115.75,-27.0,212.1
116.0,-27.0,216.1
116.25,-27.0,207.0
116.5,-27.0,200.4
116.75,-27.0,196.6
117.0,-27.0,195.8
117.25,-27.0,198.0
117.5,-27.0,203.1
117.75,-27.0,210.9
118.0,-27.0,221.1
118.25,-27.0,215.6
118.5,-27.0,191.3
118.75,-27.0,167.1
119.0,-27.0,143.0
119.25,-27.0,119.1
119.5,-27.0,95.5
119.75,-27.0,72.4
120.0,-27.0,50.6
120.25,-27.0,33.0
120.5,-27.0,24.2
120.75,-27.0,30.3
121.0,-27.0,48.8
121.25,-27.0,70.9
121.5,-27.0,94.2
121.75,-27.0,118.0
122.0,-27.0,142.0
122.25,-27.0,166.1
122.5,-27.0,190.3
122.75,-27.0,214.6
123.0,-27.0,238.9
123.25,-27.0,263.3
123.5,-27.0,287.3
123.75,-27.0,310.3
124.0,-27.0,333.5
124.25,-27.0,356.9
124.5,-27.0,380.5
124.75,-27.0,404.1
125.0,-27.0,427.8
125.25,-27.0,451.6
125.5,-27.0,475.5
125.75,-27.0,499.4
126.0,-27.0,523.3
126.25,-27.0,547.3
126.5,-27.0,571.3
126.75,-27.0,595.4
127.0,-27.0,619.5
127.25,-27.0,643.6
127.5,-27.0,667.7
127.75,-27.0,691.9
128.0,-27.0,676.5
128.25,-27.0,655.4
128.5,-27.0,634.5
128.75,-27.0,613.9
129.0,-27.0,593.7
129.25,-27.0,573.8
129.5,-27.0,554.3
129.75,-27.0,535.2
130.0,-27.0,516.7
130.25,-27.0,498.6
130.5,-27.0,481.2
130.75,-27.0,464.5
131.0,-27.0,448.5
131.25,-27.0,433.4
131.5,-27.0,419.2
131.75,-27.0,406.0
132.0,-27.0,393.9
132.25,-27.0,383.1
132.5,-27.0,373.6
132.75,-27.0,365.6
133.0,-27.0,359.1
133.25,-27.0,354.2
133.5,-27.0,351.0
133.75,-27.0,349.6
134.0,-27.0,341.6
134.25,-27.0,331.6
134.5,-27.0,323.1
134.75,-27.0,316.3
135.0,-27.0,311.2
135.25,-27.0,307.9
135.5,-27.0,306.5
135.75,-27.0,307.0
136.0,-27.0,309.4
136.25,-27.0,313.6
136.5,-27.0,319.7
136.75,-27.0,327.4
137.0,-27.0,336.7
137.25,-27.0,347.4
137.5,-27.0,359.4
137.75,-27.0,372.7
138.0,-27.0,386.2
138.25,-27.0,395.4
138.5,-27.0,395.4
138.75,-27.0,396.7
139.0,-27.0,399.6
139.25,-27.0,403.9
139.5,-27.0,409.5
139.75,-27.0,416.5
140.0,-27.0,421.9
140.25,-27.0,397.5
140.5,-27.0,373.1
140.75,-27.0,348.7
141.0,-27.0,324.4
141.25,-27.0,300.0
141.5,-27.0,275.8
141.75,-27.0,251.5
142.0,-27.0,227.4
142.25,-27.0,203.3
142.5,-27.0,179.4
142.75,-27.0,155.7
143.0,-27.0,132.2
143.25,-27.0,109.3
143.5,-27.0,87.2
143.75,-27.0,66.9
144.0,-27.0,50.5
144.25,-27.0,42.8
144.5,-27.0,42.5
144.75,-27.0,40.5
145.0,-27.0,39.9
145.25,-27.0,39.1
145.5,-27.0,39.2
145.75,-27.0,27.5
146.0,-27.0,3.1
146.25,-27.0,21.2
146.5,-27.0,44.9
146.75,-27.0,66.4
147.0,-27.0,64.9
147.25,-27.0,64.1
147.5,-27.0,60.9
147.75,-27.0,57.5
148.0,-27.0,54.3
148.25,-27.0,46.5
148.5,-27.0,46.7
148.75,-27.0,26.5
149.0,-27.0,7.2
149.25,-27.0,16.7
149.5,-27.0,41.0
149.75,-27.0,41.4
150.0,-27.0,22.3
150.25,-27.0,8.1
150.5,-27.0,12.5
150.75,-27.0,3.4
151.0,-27.0,6.6
151.25,-27.0,18.3
151.5,-27.0,24.4
151.75,-27.0,23.6
152.0,-27.0,0.5
152.25,-27.0,9.7
152.5,-27.0,4.8
152.75,-27.0,7.9
153.0,-27.0,8.0
153.25,-27.0,29.0
153.5,-27.0,50.7
113.75,-27.25,186.2
114.0,-27.25,176.4
114.25,-27.25,169.5
114.5,-27.25,165.8
114.75,-27.25,165.6
115.0,-27.25,168.7
115.25,-27.25,171.4
115.5,-27.25,177.4
115.75,-27.25,186.4
116.0,-27.25,191.1
116.25,-27.25,180.7
116.5,-27.25,173.1
116.75,-27.25,168.7
117.0,-27.25,167.8
117.25,-27.25,170.3
117.5,-27.25,176.2
117.75,-27.25,185.2
118.0,-27.25,196.7
118.25,-27.25,210.4
118.5,-27.25,189.0
118.75,-27.25,164.6
119.0,-27.25,140.1
119.25,-27.25,115.7
119.5,-27.25,91.2
119.75,-27.25,66.8
120.0,-27.25,42.3
120.25,-27.25,17.8
120.5,-27.25,2.8
120.75,-27.25,17.1
121.0,-27.25,41.6
121.25,-27.25,66.0
121.5,-27.25,90.5
121.75,-27.25,114.9
122.0,-27.25,139.4
122.25,-27.25,163.1
122.5,-27.25,185.7
122.75,-27.25,208.6
123.0,-27.25,231.7
123.25,-27.25,255.1
123.5,-27.25,278.6
123.75,-27.25,302.3
124.0,-27.25,326.0
124.25,-27.25,349.9
124.5,-27.25,373.8
124.75,-27.25,397.8
125.0,-27.25,421.8
125.25,-27.25,445.9
125.5,-27.25,470.0
125.75,-27.25,494.1
126.0,-27.25,518.2
126.25,-27.25,542.4
126.5,-27.25,566.6
126.75,-27.25,590.8
127.0,-27.25,615.0
127.25,-27.25,639.2
127.5,-27.25,663.4
127.75,-27.25,687.7
128.0,-27.25,690.9
128.25,-27.25,670.2
128.5,-27.25,649.9
128.75,-27.25,629.9
129.0,-27.25,610.2
129.25,-27.25,590.9
129.5,-27.25,572.0
129.75,-27.25,553.6
130.0,-27.25,535.7
130.25,-27.25,518.4
130.5,-27.25,501.7
130.75,-27.25,485.7
131.0,-27.25,470.5
131.25,-27.25,456.1
131.5,-27.25,442.7
131.75,-27.25,430.2
132.0,-27.25,418.9
132.25,-27.25,408.8
132.5,-27.25,399.9
132.75,-27.25,389.0
133.0,-27.25,372.5
133.25,-27.25,356.9
133.5,-27.25,342.3
133.75,-27.25,328.8
134.0,-27.25,316.6
134.25,-27.25,305.8
134.5,-27.25,296.6
134.75,-27.25,289.2
135.0,-27.25,283.6
135.25,-27.25,280.0
135.5,-27.25,278.4
135.75,-27.25,279.0
136.0,-27.25,281.6
136.25,-27.25,286.3
136.5,-27.25,292.9
136.75,-27.25,301.2
137.0,-27.25,311.3
137.25,-27.25,322.8
137.5,-27.25,335.7
137.75,-27.25,349.4
138.0,-27.25,362.3
138.25,-27.25,367.4
138.5,-27.25,367.3
138.75,-27.25,368.8
139.0,-27.25,371.9
139.25,-27.25,376.4
139.5,-27.25,382.5
139.75,-27.25,389.9
140.0,-27.25,398.7
140.25,-27.25,401.0
140.5,-27.25,376.9
140.75,-27.25,352.9
141.0,-27.25,328.9
141.25,-27.25,305.0
141.5,-27.25,281.2
141.75,-27.25,257.5
142.0,-27.25,234.0
142.25,-27.25,210.8
142.5,-27.25,187.9
142.75,-27.25,165.4
143.0,-27.25,143.6
143.25,-27.25,122.9
143.5,-27.25,103.8
143.75,-27.25,87.5
144.0,-27.25,75.7
144.25,-27.25,70.8
144.5,-27.25,70.6
144.75,-27.25,68.2
145.0,-27.25,67.9
145.25,-27.25,67.1
145.5,-27.25,46.3
145.75,-27.25,21.9
146.0,-27.25,1.5
146.25,-27.25,25.9
146.5,-27.25,49.3
146.75,-27.25,72.7
147.0,-27.25,92.9
147.25,-27.25,92.0
147.5,-27.25,88.2
147.75,-27.25,85.5
148.0,-27.25,81.3
148.25,-27.25,61.4
148.5,-27.25,38.7
148.75,-27.25,17.5
149.0,-27.25,2.1
149.25,-27.25,20.3
149.5,-27.25,43.5
149.75,-27.25,57.9
150.0,-27.25,41.7
150.25,-27.25,35.8
150.5,-27.25,25.4
150.75,-27.25,8.0
151.0,-27.25,13.6
151.25,-27.25,4.3
151.5,-27.25,6.6
151.75,-27.25,20.1
152.0,-27.25,7.6
152.25,-27.25,15.8
152.5,-27.25,8.5
152.75,-27.25,11.6
153.0,-27.25,3.0
153.25,-27.25,19.6
153.5,-27.25,30.1
113.75,-27.5,161.8
114.0,-27.5,150.4
114.25,-27.5,142.2
114.5,-27.5,137.9
114.75,-27.5,137.7
115.0,-27.5,140.7
115.25,-27.5,143.9
115.5,-27.5,151.0
115.75,-27.5,161.5
116.0,-27.5,166.9
116.25,-27.5,155.0
116.5,-27.5,146.1
116.75,-27.5,140.9
117.0,-27.5,139.8
117.25,-27.5,142.8
117.5,-27.5,149.8
117.75,-27.5,160.2
118.0,-27.5,173.3
118.25,-27.5,188.7
118.5,-27.5,190.8
118.75,-27.5,166.7
119.0,-27.5,142.7
119.25,-27.5,118.8
119.5,-27.5,95.1
119.75,-27.5,71.9
120.0,-27.5,48.7
120.25,-27.5,25.0
120.5,-27.5,1.3
120.75,-27.5,22.4
121.0,-27.5,45.8
121.25,-27.5,63.7
121.5,-27.5,84.8
121.75,-27.5,107.2
122.0,-27.5,130.2
122.25,-27.5,153.4
122.5,-27.5,177.0
122.75,-27.5,200.7
123.0,-27.5,224.6
123.25,-27.5,248.6
123.5,-27.5,272.6
123.75,-27.5,296.7
124.0,-27.5,320.8
124.25,-27.5,345.0
124.5,-27.5,369.1
124.75,-27.5,393.4
125.0,-27.5,417.6
125.25,-27.5,441.8
125.5,-27.5,466.1
125.75,-27.5,490.3
126.0,-27.5,514.6
126.25,-27.5,538.9
126.5,-27.5,563.1
126.75,-27.5,587.4
127.0,-27.5,611.7
127.25,-27.5,636.0
127.5,-27.5,660.3
127.75,-27.5,684.6
128.0,-27.5,706.1
128.25,-27.5,685.9
128.5,-27.5,666.1
128.75,-27.5,646.6
129.0,-27.5,627.5
129.25,-27.5,608.8
129.5,-27.5,590.5
129.75,-27.5,572.8
130.0,-27.5,555.5
130.25,-27.5,538.9
130.5,-27.5,522.9
130.75,-27.5,507.6
131.0,-27.5,493.1
131.25,-27.5,479.5
131.5,-27.5,465.3
131.75,-27.5,445.1
132.0,-27.5,425.4
132.25,-27.5,406.1
132.5,-27.5,387.4
132.75,-27.5,369.3
133.0,-27.5,351.9
133.25,-27.5,335.3
133.5,-27.5,319.8
133.75,-27.5,305.3
134.0,-27.5,292.2
134.25,-27.5,280.5
134.5,-27.5,270.4
134.75,-27.5,262.3
135.0,-27.5,256.1
135.25,-27.5,252.1
135.5,-27.5,250.4
135.75,-27.5,251.0
136.0,-27.5,253.9
136.25,-27.5,259.1
136.5,-27.5,266.3
136.75,-27.5,275.5
137.0,-27.5,286.4
137.25,-27.5,298.9
137.5,-27.5,312.7
137.75,-27.5,325.6
138.0,-27.5,338.5
138.25,-27.5,339.4
138.5,-27.5,339.3
138.75,-27.5,340.9
139.0,-27.5,344.2
139.25,-27.5,349.1
139.5,-27.5,355.6
139.75,-27.5,363.6
140.0,-27.5,372.9
140.25,-27.5,383.6
140.5,-27.5,382.8
140.75,-27.5,359.2
141.0,-27.5,335.7
141.25,-27.5,312.4
141.5,-27.5,289.2
141.75,-27.5,266.3
142.0,-27.5,243.8
142.25,-27.5,221.6
142.5,-27.5,200.0
142.75,-27.5,179.1
143.0,-27.5,159.2
143.25,-27.5,140.9
143.5,-27.5,124.6
143.75,-27.5,111.4
144.0,-27.5,102.4
144.25,-27.5,98.9
144.5,-27.5,98.6
144.75,-27.5,96.2
145.0,-27.5,89.4
145.25,-27.5,65.1
145.5,-27.5,40.9
145.75,-27.5,17.0
146.0,-27.5,6.7
146.25,-27.5,30.5
146.5,-27.5,54.3
146.75,-27.5,78.3
147.0,-27.5,102.2
147.25,-27.5,119.9
147.5,-27.5,115.8
147.75,-27.5,101.9
148.0,-27.5,79.3
148.25,-27.5,57.3
148.5,-27.5,32.9
148.75,-27.5,8.5
149.0,-27.5,15.9
149.25,-27.5,38.7
149.5,-27.5,55.7
149.75,-27.5,76.5
150.0,-27.5,67.4
150.25,-27.5,57.1
150.5,-27.5,32.8
150.75,-27.5,8.4
151.0,-27.5,15.6
151.25,-27.5,28.1
151.5,-27.5,11.0
151.75,-27.5,3.0
152.0,-27.5,4.1
152.25,-27.5,4.1
152.5,-27.5,2.1
152.75,-27.5,0.2
153.0,-27.5,1.6
153.25,-27.5,5.2
153.5,-27.5,2.3
113.75,-27.75,138.8
114.0,-27.75,125.3
114.25,-27.75,115.4
114.5,-27.75,110.0
114.75,-27.75,109.7
115.0,-27.75,112.7
115.25,-27.75,116.6
115.5,-27.75,125.3
115.75,-27.75,137.3
116.0,-27.75,144.2
116.25,-27.75,130.2
116.5,-27.75,119.6
116.75,-27.75,113.1
117.0,-27.75,111.7
117.25,-27.75,115.5
117.5,-27.75,124.0
117.75,-27.75,136.3
118.0,-27.75,151.6
118.25,-27.75,168.9
118.5,-27.75,187.8
118.75,-27.75,173.2
119.0,-27.75,149.2
119.25,-27.75,125.1
119.5,-27.75,101.1
119.75,-27.75,77.3
120.0,-27.75,53.1
120.25,-27.75,28.9
120.5,-27.75,6.3
120.75,-27.75,8.6
121.0,-27.75,28.9
121.25,-27.75,52.0
121.5,-27.75,75.7
121.75,-27.75,99.7
122.0,-27.75,123.8
122.25,-27.75,148.0
122.5,-27.75,172.3
122.75,-27.75,196.5
123.0,-27.75,220.8
123.25,-27.75,245.1
123.5,-27.75,269.4
123.75,-27.75,293.7
124.0,-27.75,318.0
124.25,-27.75,342.3
124.5,-27.75,366.6
124.75,-27.75,390.9
125.0,-27.75,415.2
125.25,-27.75,439.5
125.5,-27.75,463.8
125.75,-27.75,488.2
126.0,-27.75,512.5
126.25,-27.75,536.8
126.5,-27.75,561.1
126.75,-27.75,585.4
127.0,-27.75,609.7
127.25,-27.75,634.0
127.5,-27.75,658.4
127.75,-27.75,682.7
128.0,-27.75,707.0
128.25,-27.75,702.4
128.5,-27.75,683.1
128.75,-27.75,664.1
129.0,-27.75,645.6
129.25,-27.75,627.5
129.5,-27.75,609.8
129.75,-27.75,592.7
130.0,-27.75,576.1
130.25,-27.75,558.5
130.5,-27.75,536.5
130.75,-27.75,514.6
131.0,-27.75,493.0
131.25,-27.75,471.6
131.5,-27.75,450.4
131.75,-27.75,429.6
132.0,-27.75,409.2
132.25,-27.75,389.1
132.5,-27.75,369.6
132.75,-27.75,350.6
133.0,-27.75,332.3
133.25,-27.75,314.8
133.5,-27.75,298.2
133.75,-27.75,282.7
134.0,-27.75,268.4
134.25,-27.75,255.7
134.5,-27.75,244.7
134.75,-27.75,235.6
135.0,-27.75,228.7
135.25,-27.75,224.3
135.5,-27.75,222.4
135.75,-27.75,223.0
136.0,-27.75,226.3
136.25,-27.75,232.0
136.5,-27.75,240.1
136.75,-27.75,250.2
137.0,-27.75,262.2
137.25,-27.75,275.7
137.5,-27.75,288.9
137.75,-27.75,301.8
138.0,-27.75,313.3
138.25,-27.75,311.4
138.5,-27.75,311.3
138.75,-27.75,313.0
139.0,-27.75,316.6
139.25,-27.75,321.9
139.5,-27.75,328.9
139.75,-27.75,337.5
140.0,-27.75,347.6
140.25,-27.75,358.9
140.5,-27.75,371.5
140.75,-27.75,367.5
141.0,-27.75,344.7
141.25,-27.75,322.0
141.5,-27.75,299.7
141.75,-27.75,277.7
142.0,-27.75,256.2
142.25,-27.75,235.3
142.5,-27.75,215.1
142.75,-27.75,195.8
143.0,-27.75,177.9
143.25,-27.75,161.7
143.5,-27.75,147.8
143.75,-27.75,136.9
144.0,-27.75,129.7
144.25,-27.75,126.9
144.5,-27.75,120.9
144.75,-27.75,97.8
145.0,-27.75,75.5
145.25,-27.75,54.9
145.5,-27.75,35.1
145.75,-27.75,12.3
146.0,-27.75,11.0
146.25,-27.75,34.8
146.5,-27.75,57.8
146.75,-27.75,81.7
147.0,-27.75,105.8
147.25,-27.75,129.9
147.5,-27.75,114.6
147.75,-27.75,91.4
148.0,-27.75,68.9
148.25,-27.75,47.2
148.5,-27.75,23.6
148.75,-27.75,1.5
149.0,-27.75,19.3
149.25,-27.75,42.4
149.5,-27.75,66.3
149.75,-27.75,90.4
150.0,-27.75,72.5
150.25,-27.75,57.1
150.5,-27.75,33.3
150.75,-27.75,9.0
151.0,-27.75,15.1
151.25,-27.75,22.0
151.5,-27.75,4.4
151.75,-27.75,5.7
152.0,-27.75,1.7
152.25,-27.75,11.6
152.5,-27.75,6.7
152.75,-27.75,2.0
153.0,-27.75,0.4
153.25,-27.75,2.3
153.5,-27.75,12.9
153.75,-27.75,33.8
114.0,-28.0,101.7
114.25,-28.0,89.2
114.5,-28.0,82.2
114.75,-28.0,81.8
115.0,-28.0,84.7
115.25,-28.0,89.9
115.5,-28.0,100.8
115.75,-28.0,114.0
116.0,-28.0,123.1
116.25,-28.0,107.1
116.5,-28.0,93.9
116.75,-28.0,85.6
117.0,-28.0,83.7
117.25,-28.0,88.7
117.5,-28.0,99.5
117.75,-28.0,114.5
118.0,-28.0,132.2
118.25,-28.0,151.7
118.5,-28.0,172.4
118.75,-28.0,170.9
119.0,-28.0,146.6
119.25,-28.0,122.3
119.5,-28.0,98.0
119.75,-28.0,73.7
120.0,-28.0,49.5
120.25,-28.0,25.2
120.5,-28.0,1.2
120.75,-28.0,8.6
121.0,-28.0,28.5
121.25,-28.0,51.5
121.5,-28.0,75.3
121.75,-28.0,99.4
122.0,-28.0,123.5
122.25,-28.0,147.7
122.5,-28.0,171.9
122.75,-28.0,196.2
123.0,-28.0,220.4
123.25,-28.0,244.7
123.5,-28.0,269.0
123.75,-28.0,293.2
124.0,-28.0,317.5
124.25,-28.0,341.8
124.5,-28.0,366.1
124.75,-28.0,390.4
125.0,-28.0,414.7
125.25,-28.0,438.9
125.5,-28.0,463.2
125.75,-28.0,487.5
126.0,-28.0,511.8
126.25,-28.0,536.1
126.5,-28.0,560.4
126.75,-28.0,584.7
127.0,-28.0,609.0
127.25,-28.0,630.8
127.5,-28.0,651.9
127.75,-28.0,673.1
128.0,-28.0,694.5
128.25,-28.0,693.7
128.5,-28.0,676.0
128.75,-28.0,658.8
129.0,-28.0,642.0
129.25,-28.0,625.6
129.5,-28.0,609.8
129.75,-28.0,592.7
130.0,-28.0,570.0
130.25,-28.0,547.4
130.5,-28.0,525.0
130.75,-28.0,502.7
131.0,-28.0,480.5
131.25,-28.0,458.6
131.5,-28.0,436.9
131.75,-28.0,415.4
132.0,-28.0,394.3
132.25,-28.0,373.5
132.5,-28.0,353.2
132.75,-28.0,333.3
133.0,-28.0,314.0
133.25,-28.0,295.5
133.5,-28.0,277.8
133.75,-28.0,261.1
134.0,-28.0,245.6
134.25,-28.0,231.7
134.5,-28.0,219.5
134.75,-28.0,209.3
135.0,-28.0,201.6
135.25,-28.0,196.5
135.5,-28.0,194.3
135.75,-28.0,195.1
136.0,-28.0,198.8
136.25,-28.0,205.3
136.5,-28.0,214.3
136.75,-28.0,225.6
137.0,-28.0,238.8
137.25,-28.0,252.2
137.5,-28.0,265.1
137.75,-28.0,278.0
138.0,-28.0,285.5
138.25,-28.0,283.3
138.5,-28.0,283.2
138.75,-28.0,285.2
139.0,-28.0,289.1
139.25,-28.0,294.9
139.5,-28.0,302.5
139.75,-28.0,311.8
140.0,-28.0,322.6
140.25,-28.0,334.8
140.5,-28.0,348.2
140.75,-28.0,362.7
141.0,-28.0,355.6
141.25,-28.0,333.8
141.5,-28.0,312.3
141.75,-28.0,291.4
142.0,-28.0,271.0
142.25,-28.0,251.3
142.5,-28.0,232.6
142.75,-28.0,215.0
143.0,-28.0,198.8
143.25,-28.0,184.5
143.5,-28.0,172.4
143.75,-28.0,163.2
144.0,-28.0,157.2
144.25,-28.0,140.2
144.5,-28.0,116.0
144.75,-28.0,91.8
145.0,-28.0,67.6
145.25,-28.0,43.5
145.5,-28.0,19.7
145.75,-28.0,0.9
146.0,-28.0,21.0
146.25,-28.0,42.8
146.5,-28.0,65.1
146.75,-28.0,88.3
147.0,-28.0,111.9
147.25,-28.0,134.1
147.5,-28.0,109.8
147.75,-28.0,85.6
148.0,-28.0,61.4
148.25,-28.0,37.3
148.5,-28.0,13.5
148.75,-28.0,7.4
149.0,-28.0,28.9
149.25,-28.0,52.9
149.5,-28.0,75.3
149.75,-28.0,73.5
150.0,-28.0,55.6
150.25,-28.0,35.7
150.5,-28.0,20.8
150.75,-28.0,5.9
151.0,-28.0,10.9
151.25,-28.0,3.5
151.5,-28.0,3.8
151.75,-28.0,15.2
152.0,-28.0,0.1
152.25,-28.0,22.1
152.5,-28.0,34.6
152.75,-28.0,23.9
153.0,-28.0,4.0
153.25,-28.0,0.6
153.5,-28.0,7.0
153.75,-28.0,28.4
114.25,-28.25,64.8
114.5,-28.25,54.7
114.75,-28.25,54.1
115.0,-28.25,56.8
115.25,-28.25,64.3
115.5,-28.25,77.0
115.75,-28.25,93.1
116.0,-28.25,102.1
116.25,-28.25,86.0
116.5,-28.25,70.1
116.75,-28.25,58.5
117.0,-28.25,55.8
117.25,-28.25,63.0
117.5,-28.25,77.4
117.75,-28.25,95.8
118.0,-28.25,116.4
118.25,-28.25,138.1
118.5,-28.25,160.6
118.75,-28.25,172.9
119.0,-28.25,149.0
119.25,-28.25,125.2
119.5,-28.25,101.7
119.75,-28.25,78.6
120.0,-28.25,56.4
120.25,-28.25,37.1
120.5,-28.25,27.3
120.75,-28.25,33.0
121.0,-28.25,45.6
121.25,-28.25,63.5
121.5,-28.25,84.3
121.75,-28.25,106.5
122.0,-28.25,129.3
122.25,-28.25,152.5
122.5,-28.25,176.0
122.75,-28.25,199.7
123.0,-28.25,223.5
123.25,-28.25,247.5
123.5,-28.25,271.4
123.75,-28.25,295.4
124.0,-28.25,319.5
124.25,-28.25,343.6
124.5,-28.25,367.7
124.75,-28.25,391.8
125.0,-28.25,416.0
125.25,-28.25,440.2
125.5,-28.25,464.3
125.75,-28.25,488.5
126.0,-28.25,512.7
126.25,-28.25,533.4
126.5,-28.25,553.9
126.75,-28.25,574.8
127.0,-28.25,595.8
127.25,-28.25,617.1
127.5,-28.25,638.5
127.75,-28.25,660.2
128.0,-28.25,682.0
128.25,-28.25,674.9
128.5,-28.25,656.8
128.75,-28.25,639.1
129.0,-28.25,621.8
129.25,-28.25,604.9
129.5,-28.25,588.6
129.75,-28.25,572.7
130.0,-28.25,557.4
130.25,-28.25,537.6
130.5,-28.25,514.7
130.75,-28.25,492.0
131.0,-28.25,469.4
131.25,-28.25,447.0
131.5,-28.25,424.7
131.75,-28.25,402.7
132.0,-28.25,380.9
132.25,-28.25,359.4
132.5,-28.25,338.2
132.75,-28.25,317.5
133.0,-28.25,297.3
133.25,-28.25,277.6
133.5,-28.25,258.7
133.75,-28.25,240.8
134.0,-28.25,224.0
134.25,-28.25,208.6
134.5,-28.25,195.0
134.75,-28.25,183.6
135.0,-28.25,174.7
135.25,-28.25,168.8
135.5,-28.25,166.3
135.75,-28.25,167.2
136.0,-28.25,171.5
136.25,-28.25,179.0
136.5,-28.25,189.3
136.75,-28.25,201.9
137.0,-28.25,215.6
137.25,-28.25,228.5
137.5,-28.25,241.4
137.75,-28.25,254.2
138.0,-28.25,257.7
138.25,-28.25,255.3
138.5,-28.25,255.2
138.75,-28.25,257.3
139.0,-28.25,261.7
139.25,-28.25,268.1
139.5,-28.25,276.4
139.75,-28.25,286.5
140.0,-28.25,298.2
140.25,-28.25,311.3
140.5,-28.25,325.7
140.75,-28.25,341.1
141.0,-28.25,357.5
141.25,-28.25,347.4
141.5,-28.25,326.9
141.75,-28.25,307.0
142.0,-28.25,287.7
142.25,-28.25,269.4
142.5,-28.25,252.0
142.75,-28.25,235.9
143.0,-28.25,221.3
143.25,-28.25,208.5
143.5,-28.25,198.0
143.75,-28.25,189.6
144.0,-28.25,165.6
144.25,-28.25,141.5
144.5,-28.25,117.6
144.75,-28.25,93.9
145.0,-28.25,70.5
145.25,-28.25,47.9
145.5,-28.25,28.4
145.75,-28.25,22.1
146.0,-28.25,34.4
146.25,-28.25,54.9
146.5,-28.25,77.0
146.75,-28.25,98.5
147.0,-28.25,120.7
147.25,-28.25,135.6
147.5,-28.25,111.7
147.75,-28.25,88.0
148.0,-28.25,64.8
148.25,-28.25,42.7
148.5,-28.25,25.1
148.75,-28.25,24.7
149.0,-28.25,41.9
149.25,-28.25,62.8
149.5,-28.25,80.5
149.75,-28.25,58.2
150.0,-28.25,37.5
150.25,-28.25,18.6
150.5,-28.25,1.1
150.75,-28.25,12.9
151.0,-28.25,10.4
151.25,-28.25,31.5
151.5,-28.25,31.8
151.75,-28.25,17.1
152.0,-28.25,2.6
152.25,-28.25,19.8
152.5,-28.25,42.8
152.75,-28.25,39.7
153.0,-28.25,32.0
153.25,-28.25,15.9
153.5,-28.25,0.3
153.75,-28.25,19.5
114.25,-28.5,44.7
114.5,-28.5,28.2
114.75,-28.5,27.0
115.0,-28.5,29.1
115.25,-28.5,40.2
115.5,-28.5,56.3
115.75,-28.5,74.4
116.0,-28.5,81.2
116.25,-28.5,65.1
116.5,-28.5,49.0
116.75,-28.5,33.2
117.0,-28.5,28.0
117.25,-28.5,40.5
117.5,-28.5,60.5
117.75,-28.5,82.7
118.0,-28.5,105.8
118.25,-28.5,129.3
118.5,-28.5,153.0
118.75,-28.5,176.8
119.0,-28.5,156.4
119.25,-28.5,134.0
119.5,-28.5,112.4
119.75,-28.5,92.1
120.0,-28.5,74.1
120.25,-28.5,60.8
120.5,-28.5,55.3
120.75,-28.5,59.3
121.0,-28.5,68.9
121.25,-28.5,82.6
121.5,-28.5,99.8
121.75,-28.5,119.3
122.0,-28.5,140.2
122.25,-28.5,161.9
122.5,-28.5,184.3
122.75,-28.5,207.1
123.0,-28.5,230.1
123.25,-28.5,253.3
123.5,-28.5,276.7
123.75,-28.5,300.3
124.0,-28.5,323.9
124.25,-28.5,347.7
124.5,-28.5,371.5
124.75,-28.5,395.3
125.0,-28.5,418.1
125.25,-28.5,437.5
125.5,-28.5,457.3
125.75,-28.5,477.5
126.0,-28.5,498.0
126.25,-28.5,518.8
126.5,-28.5,539.9
126.75,-28.5,561.2
127.0,-28.5,582.7
127.25,-28.5,604.4
127.5,-28.5,626.2
127.75,-28.5,648.2
128.0,-28.5,670.3
128.25,-28.5,656.8
128.5,-28.5,638.2
128.75,-28.5,620.0
129.0,-28.5,602.2
129.25,-28.5,584.9
129.5,-28.5,567.9
129.75,-28.5,551.5
130.0,-28.5,535.6
130.25,-28.5,520.4
130.5,-28.5,505.8
130.75,-28.5,482.8
131.0,-28.5,459.8
131.25,-28.5,436.9
131.5,-28.5,414.2
131.75,-28.5,391.6
132.0,-28.5,369.2
132.25,-28.5,347.0
132.5,-28.5,325.1
132.75,-28.5,303.5
133.0,-28.5,282.3
133.25,-28.5,261.6
133.5,-28.5,241.5
133.75,-28.5,222.2
134.0,-28.5,203.9
134.25,-28.5,186.9
134.5,-28.5,171.7
134.75,-28.5,158.6
135.0,-28.5,148.3
135.25,-28.5,141.3
135.5,-28.5,138.3
135.75,-28.5,139.3
136.0,-28.5,144.5
136.25,-28.5,153.3
136.5,-28.5,165.1
136.75,-28.5,178.9
137.0,-28.5,191.9
137.5,-28.5,217.6
137.75,-28.5,230.4
138.0,-28.5,230.0
138.25,-28.5,227.3
138.5,-28.5,227.2
138.75,-28.5,229.6
139.0,-28.5,234.4
139.25,-28.5,241.5
139.5,-28.5,250.7
139.75,-28.5,261.8
140.0,-28.5,274.5
140.25,-28.5,288.7
140.5,-28.5,304.1
140.75,-28.5,320.5
141.0,-28.5,337.9
141.25,-28.5,356.0
141.5,-28.5,343.2
141.75,-28.5,324.3
142.0,-28.5,306.2
142.25,-28.5,289.0
142.5,-28.5,272.9
142.75,-28.5,258.1
143.0,-28.5,244.9
143.25,-28.5,233.5
143.5,-28.5,218.1
143.75,-28.5,194.6
144.0,-28.5,171.3
144.25,-28.5,148.2
144.5,-28.5,125.7
144.75,-28.5,103.8
145.0,-28.5,83.3
145.25,-28.5,65.4
145.5,-28.5,52.8
145.75,-28.5,49.8
146.0,-28.5,56.9
146.25,-28.5,71.3
146.5,-28.5,89.9
146.75,-28.5,110.7
147.0,-28.5,132.7
147.25,-28.5,125.0
147.5,-28.5,113.5
147.75,-28.5,98.7
148.0,-28.5,78.7
148.25,-28.5,61.9
148.5,-28.5,51.4
148.75,-28.5,51.2
149.0,-28.5,53.9
149.25,-28.5,59.2
149.5,-28.5,63.3
149.75,-28.5,51.1
150.0,-28.5,27.0
150.25,-28.5,3.0
150.5,-28.5,17.3
150.75,-28.5,12.1
151.0,-28.5,11.8
151.25,-28.5,30.3
151.5,-28.5,39.2
151.75,-28.5,16.3
152.0,-28.5,6.3
152.25,-28.5,30.2
152.5,-28.5,42.8
152.75,-28.5,28.7
153.0,-28.5,14.9
153.25,-28.5,20.0
153.5,-28.5,4.1
153.75,-28.5,23.6
114.5,-28.75,11.3
114.75,-28.75,2.0
115.0,-28.75,3.7
115.25,-28.75,19.6
115.5,-28.75,37.9
115.75,-28.75,59.0
116.0,-28.75,60.2
116.25,-28.75,44.2
116.5,-28.75,28.1
116.75,-28.75,12.0
117.0,-28.75,5.6
117.25,-28.75,29.7
117.5,-28.75,53.8
117.75,-28.75,78.0
118.0,-28.75,102.1
118.25,-28.75,126.2
118.5,-28.75,150.3
118.75,-28.75,174.5
119.0,-28.75,168.2
119.25,-28.75,147.7
119.5,-28.75,128.4
119.75,-28.75,111.1
120.0,-28.75,96.9
120.25,-28.75,87.1
120.5,-28.75,83.4
120.75,-28.75,86.2
121.0,-28.75,94.1
121.25,-28.75,105.5
121.5,-28.75,119.6
121.75,-28.75,136.4
122.0,-28.75,155.2
122.25,-28.75,175.1
122.5,-28.75,196.0
122.75,-28.75,217.5
123.0,-28.75,239.6
123.25,-28.75,262.0
123.5,-28.75,284.7
123.75,-28.75,307.6
124.0,-28.75,326.3
124.25,-28.75,344.2
124.5,-28.75,362.8
124.75,-28.75,381.9
125.0,-28.75,401.6
125.25,-28.75,421.7
125.5,-28.75,442.1
125.75,-28.75,463.0
126.0,-28.75,484.0
126.25,-28.75,505.4
126.5,-28.75,526.9
126.75,-28.75,548.7
127.0,-28.75,570.6
127.25,-28.75,592.7
127.5,-28.75,614.9
127.75,-28.75,637.2
128.0,-28.75,658.8
128.25,-28.75,639.4
128.5,-28.75,620.4
128.75,-28.75,601.7
129.0,-28.75,583.4
129.25,-28.75,565.4
129.5,-28.75,548.0
129.75,-28.75,531.0
130.0,-28.75,514.5
130.25,-28.75,498.6
130.5,-28.75,483.4
130.75,-28.75,468.9
131.0,-28.75,451.7
131.25,-28.75,428.4
131.5,-28.75,405.2
131.75,-28.75,382.2
132.0,-28.75,359.3
132.25,-28.75,336.5
132.5,-28.75,313.9
132.75,-28.75,291.5
133.0,-28.75,269.4
133.25,-28.75,247.7
133.5,-28.75,226.4
133.75,-28.75,205.8
134.0,-28.75,185.9
134.25,-28.75,167.2
134.5,-28.75,149.9
134.75,-28.75,134.8
135.0,-28.75,122.5
135.25,-28.75,114.0
135.5,-28.75,110.2
135.75,-28.75,111.6
136.0,-28.75,117.9
136.25,-28.75,128.5
136.5,-28.75,142.3
136.75,-28.75,155.2
137.0,-28.75,168.1
137.75,-28.75,206.6
138.0,-28.75,202.3
138.25,-28.75,199.3
138.5,-28.75,199.2
138.75,-28.75,201.9
139.0,-28.75,207.3
139.25,-28.75,215.3
139.5,-28.75,225.6
139.75,-28.75,237.8
140.0,-28.75,251.7
140.25,-28.75,267.1
140.5,-28.75,283.6
140.75,-28.75,301.1
141.0,-28.75,319.5
141.25,-28.75,338.6
141.5,-28.75,343.3
141.75,-28.75,343.0
142.0,-28.75,326.0
142.25,-28.75,309.9
142.5,-28.75,295.0
142.75,-28.75,281.4
143.0,-28.75,269.4
143.25,-28.75,248.8
143.5,-28.75,225.9
143.75,-28.75,203.3
144.0,-28.75,181.2
144.25,-28.75,159.7
144.5,-28.75,139.0
144.75,-28.75,119.7
145.0,-28.75,102.4
145.25,-28.75,88.5
145.5,-28.75,79.7
145.75,-28.75,77.7
146.0,-28.75,82.7
146.25,-28.75,93.4
146.5,-28.75,108.3
146.75,-28.75,126.0
147.0,-28.75,118.9
147.25,-28.75,102.1
147.5,-28.75,88.4
147.75,-28.75,78.9
148.0,-28.75,76.0
148.25,-28.75,76.6
148.5,-28.75,54.5
148.75,-28.75,35.2
149.0,-28.75,25.9
149.25,-28.75,32.0
149.5,-28.75,36.2
149.75,-28.75,38.8
150.0,-28.75,32.5
150.25,-28.75,9.3
150.5,-28.75,13.9
150.75,-28.75,19.2
151.0,-28.75,6.1
151.25,-28.75,14.1
151.5,-28.75,29.4
151.75,-28.75,19.9
152.0,-28.75,14.2
152.25,-28.75,19.0
152.5,-28.75,14.9
152.75,-28.75,14.1
153.0,-28.75,4.2
153.25,-28.75,2.6
153.5,-28.75,5.6
153.75,-28.75,16.3
114.5,-29.0,26.1
114.75,-29.0,19.2
115.0,-29.0,1.0
115.25,-29.0,3.4
115.5,-29.0,25.0
115.75,-29.0,45.5
116.0,-29.0,38.2
116.25,-29.0,23.2
116.5,-29.0,7.2
116.75,-29.0,8.9
117.0,-29.0,25.0
117.25,-29.0,41.2
117.5,-29.0,60.9
117.75,-29.0,83.0
118.0,-29.0,105.9
118.25,-29.0,129.3
118.5,-29.0,152.9
118.75,-29.0,176.6
119.0,-29.0,183.6
119.25,-29.0,165.1
119.5,-29.0,148.1
119.75,-29.0,133.4
120.0,-29.0,121.8
120.25,-29.0,114.2
120.5,-29.0,111.4
120.75,-29.0,113.7
121.0,-29.0,120.3
121.25,-29.0,129.7
121.5,-29.0,142.1
121.75,-29.0,156.6
122.0,-29.0,173.1
122.25,-29.0,191.3
122.5,-29.0,210.1
122.75,-29.0,224.6
123.0,-29.0,240.6
123.25,-29.0,256.2
123.5,-29.0,272.4
123.75,-29.0,289.6
124.0,-29.0,307.7
124.25,-29.0,326.5
124.5,-29.0,346.0
124.75,-29.0,366.0
125.0,-29.0,386.4
125.25,-29.0,407.2
125.5,-29.0,428.3
125.75,-29.0,449.7
126.0,-29.0,471.3
126.25,-29.0,493.2
126.5,-29.0,515.2
126.75,-29.0,537.4
127.0,-29.0,559.7
127.25,-29.0,582.1
127.5,-29.0,604.2
127.75,-29.0,625.6
128.0,-29.0,642.6
128.25,-29.0,622.8
128.5,-29.0,603.3
128.75,-29.0,584.1
129.0,-29.0,565.3
129.25,-29.0,546.8
129.5,-29.0,528.7
129.75,-29.0,511.1
130.0,-29.0,494.1
130.25,-29.0,477.5
130.5,-29.0,461.7
130.75,-29.0,446.5
131.0,-29.0,432.1
131.25,-29.0,418.5
131.5,-29.0,398.1
131.75,-29.0,374.7
132.0,-29.0,351.3
132.25,-29.0,328.0
132.5,-29.0,304.9
132.75,-29.0,281.8
133.0,-29.0,259.0
133.25,-29.0,236.3
133.5,-29.0,214.0
133.75,-29.0,192.1
134.0,-29.0,170.7
134.25,-29.0,150.1
134.5,-29.0,130.7
134.75,-29.0,113.0
135.0,-29.0,98.1
135.25,-29.0,87.3
135.5,-29.0,82.3
135.75,-29.0,84.1
136.0,-29.0,92.3
136.25,-29.0,105.5
136.5,-29.0,118.7
136.75,-29.0,131.6
137.0,-29.0,144.4
137.25,-29.0,157.3
137.5,-29.0,170.1
137.75,-29.0,181.4
138.0,-29.0,174.8
138.25,-29.0,171.4
138.5,-29.0,171.2
138.75,-29.0,174.3
139.0,-29.0,180.6
139.25,-29.0,189.7
139.5,-29.0,201.2
139.75,-29.0,214.8
140.0,-29.0,230.1
140.25,-29.0,246.8
140.5,-29.0,264.5
140.75,-29.0,283.2
141.0,-29.0,302.6
141.25,-29.0,314.5
141.5,-29.0,315.3
141.75,-29.0,317.8
142.0,-29.0,322.1
142.25,-29.0,328.1
142.5,-29.0,318.1
142.75,-29.0,303.4
143.0,-29.0,280.9
143.25,-29.0,258.6
143.5,-29.0,236.8
143.75,-29.0,215.4
144.0,-29.0,194.7
144.25,-29.0,174.9
144.5,-29.0,156.3
144.75,-29.0,139.4
145.0,-29.0,125.0
145.25,-29.0,113.9
145.5,-29.0,107.1
145.75,-29.0,105.7
146.0,-29.0,109.6
146.25,-29.0,117.9
146.5,-29.0,111.6
146.75,-29.0,105.0
147.0,-29.0,102.4
147.25,-29.0,82.4
147.5,-29.0,65.1
147.75,-29.0,52.4
148.0,-29.0,48.0
148.25,-29.0,54.8
148.5,-29.0,47.9
148.75,-29.0,23.9
149.0,-29.0,1.2
149.25,-29.0,4.0
149.5,-29.0,8.4
149.75,-29.0,14.1
150.0,-29.0,32.1
150.25,-29.0,16.9
150.5,-29.0,6.0
150.75,-29.0,23.7
151.0,-29.0,15.5
151.25,-29.0,1.7
151.5,-29.0,20.8
151.75,-29.0,28.6
152.0,-29.0,7.5
152.25,-29.0,5.7
152.5,-29.0,11.2
152.75,-29.0,12.1
153.0,-29.0,1.2
153.25,-29.0,8.7
153.5,-29.0,6.8
153.75,-29.0,24.6
114.75,-29.25,35.3
115.0,-29.25,23.7
115.25,-29.25,7.0
115.5,-29.25,8.6
115.75,-29.25,24.8
116.0,-29.25,14.1
116.25,-29.25,2.1
116.5,-29.25,7.3
116.75,-29.25,7.0
117.0,-29.25,24.2
117.25,-29.25,47.7
117.5,-29.25,71.5
117.75,-29.25,95.4
118.0,-29.25,116.5
118.25,-29.25,138.1
118.5,-29.25,160.3
118.75,-29.25,183.1
119.0,-29.25,201.7
119.25,-29.25,185.1
119.5,-29.25,170.2
119.75,-29.25,157.6
120.0,-29.25,147.9
120.25,-29.25,141.7
120.5,-29.25,139.5
120.75,-29.25,141.4
121.0,-29.25,146.2
121.25,-29.25,144.3
121.5,-29.25,146.4
121.75,-29.25,152.2
122.0,-29.25,161.4
122.25,-29.25,173.4
122.5,-29.25,187.7
122.75,-29.25,203.8
123.0,-29.25,219.3
123.25,-29.25,235.5
123.5,-29.25,252.9
123.75,-29.25,271.3
124.0,-29.25,290.5
124.25,-29.25,310.4
124.5,-29.25,330.7
124.75,-29.25,351.5
125.0,-29.25,372.7
125.25,-29.25,394.2
125.5,-29.25,415.9
125.75,-29.25,437.9
126.0,-29.25,460.0
126.25,-29.25,482.3
126.5,-29.25,504.7
126.75,-29.25,527.2
127.0,-29.25,548.6
127.25,-29.25,570.1
127.5,-29.25,591.8
127.75,-29.25,613.6
128.0,-29.25,627.3
128.25,-29.25,607.1
128.5,-29.25,587.1
128.75,-29.25,567.4
129.0,-29.25,548.0
129.25,-29.25,529.0
129.5,-29.25,510.3
129.75,-29.25,492.1
130.0,-29.25,474.4
130.25,-29.25,457.2
130.5,-29.25,440.6
130.75,-29.25,424.7
131.0,-29.25,409.6
131.25,-29.25,395.3
131.5,-29.25,381.9
131.75,-29.25,369.1
132.0,-29.25,345.4
132.25,-29.25,321.8
132.5,-29.25,298.2
132.75,-29.25,274.7
133.0,-29.25,251.2
133.25,-29.25,227.9
133.5,-29.25,204.7
133.75,-29.25,181.7
134.0,-29.25,159.0
134.25,-29.25,136.7
134.5,-29.25,115.0
134.75,-29.25,94.6
135.0,-29.25,76.1
135.25,-29.25,61.6
135.5,-29.25,54.3
135.75,-29.25,57.0
136.0,-29.25,68.5
136.25,-29.25,82.1
136.5,-29.25,95.0
136.75,-29.25,107.9
137.0,-29.25,120.7
137.25,-29.25,133.5
137.5,-29.25,146.3
137.75,-29.25,155.3
138.0,-29.25,147.5
138.25,-29.25,143.4
138.5,-29.25,143.2
138.75,-29.25,146.9
139.0,-29.25,154.3
139.25,-29.25,164.8
139.5,-29.25,178.0
139.75,-29.25,193.2
140.0,-29.25,210.0
140.25,-29.25,228.1
140.5,-29.25,247.2
140.75,-29.25,267.0
141.0,-29.25,287.5
141.25,-29.25,286.5
141.5,-29.25,287.3
141.75,-29.25,290.1
142.0,-29.25,294.8
142.25,-29.25,301.3
142.5,-29.25,308.1
142.75,-29.25,314.0
143.0,-29.25,292.3
143.25,-29.25,271.1
143.5,-29.25,250.3
143.75,-29.25,230.3
144.0,-29.25,209.8
144.25,-29.25,188.7
144.5,-29.25,168.4
144.75,-29.25,149.3
145.0,-29.25,131.6
145.25,-29.25,116.3
145.5,-29.25,104.2
145.75,-29.25,96.6
146.0,-29.25,94.7
146.25,-29.25,97.7
146.5,-29.25,85.5
146.75,-29.25,77.6
147.0,-29.25,75.4
147.25,-29.25,68.8
147.5,-29.25,46.8
147.75,-29.25,28.2
148.0,-29.25,20.1
148.25,-29.25,33.3
148.5,-29.25,50.0
148.75,-29.25,30.9
149.0,-29.25,22.5
149.25,-29.25,23.8
149.5,-29.25,19.6
149.75,-29.25,2.1
150.0,-29.25,19.7
150.25,-29.25,26.3
150.5,-29.25,12.7
150.75,-29.25,0.2
151.0,-29.25,1.2
151.25,-29.25,6.7
151.5,-29.25,10.5
151.75,-29.25,19.1
152.0,-29.25,0.6
152.25,-29.25,21.8
152.5,-29.25,36.7
152.75,-29.25,21.2
153.0,-29.25,1.5
153.25,-29.25,19.1
153.5,-29.25,22.8
114.75,-29.5,57.8
115.0,-29.5,35.6
115.25,-29.5,18.3
115.5,-29.5,5.7
115.75,-29.5,1.7
116.0,-29.5,9.6
116.25,-29.5,22.6
116.5,-29.5,34.6
116.75,-29.5,35.0
117.0,-29.5,42.0
117.25,-29.5,58.7
117.5,-29.5,79.2
117.75,-29.5,101.3
118.0,-29.5,124.1
118.25,-29.5,147.3
118.5,-29.5,170.7
118.75,-29.5,193.4
119.0,-29.5,192.2
119.25,-29.5,190.4
119.5,-29.5,191.2
119.75,-29.5,182.8
120.0,-29.5,166.1
120.25,-29.5,150.0
120.5,-29.5,136.2
120.75,-29.5,125.4
121.0,-29.5,118.6
121.25,-29.5,116.3
121.5,-29.5,118.8
121.75,-29.5,125.9
122.0,-29.5,136.9
122.25,-29.5,150.8
122.5,-29.5,167.0
122.75,-29.5,182.4
123.0,-29.5,198.7
123.25,-29.5,216.4
123.5,-29.5,235.2
123.75,-29.5,254.9
124.0,-29.5,275.2
124.25,-29.5,296.0
124.5,-29.5,317.2
124.75,-29.5,338.8
125.0,-29.5,360.7
125.25,-29.5,382.8
125.5,-29.5,405.1
125.75,-29.5,427.5
126.0,-29.5,450.1
126.25,-29.5,471.7
126.5,-29.5,493.1
126.75,-29.5,514.7
127.0,-29.5,536.5
127.25,-29.5,558.4
127.5,-29.5,580.5
127.75,-29.5,602.7
128.0,-29.5,612.9
128.25,-29.5,592.2
128.5,-29.5,571.8
128.75,-29.5,551.6
129.0,-29.5,531.7
129.25,-29.5,512.1
129.5,-29.5,492.8
129.75,-29.5,474.0
130.0,-29.5,455.6
130.25,-29.5,437.7
130.5,-29.5,420.4
130.75,-29.5,403.8
131.0,-29.5,387.8
131.25,-29.5,372.7
131.5,-29.5,358.5
131.75,-29.5,345.4
132.0,-29.5,333.4
132.25,-29.5,317.9
132.5,-29.5,294.1
132.75,-29.5,270.3
133.0,-29.5,246.4
133.25,-29.5,222.7
133.5,-29.5,198.9
133.75,-29.5,175.2
134.0,-29.5,151.6
134.25,-29.5,128.1
134.5,-29.5,104.7
134.75,-29.5,81.8
135.0,-29.5,59.5
135.25,-29.5,39.4
135.5,-29.5,26.6
135.75,-29.5,31.7
136.0,-29.5,45.5
136.25,-29.5,58.5
136.5,-29.5,71.4
136.75,-29.5,84.2
137.0,-29.5,97.0
137.25,-29.5,109.8
137.5,-29.5,121.4
137.75,-29.5,129.9
138.0,-29.5,120.6
138.25,-29.5,115.5
138.5,-29.5,115.3
138.75,-29.5,119.9
139.0,-29.5,128.8
139.25,-29.5,141.2
139.5,-29.5,156.3
139.75,-29.5,173.4
140.0,-29.5,191.9
140.25,-29.5,211.5
140.5,-29.5,231.9
140.75,-29.5,252.9
141.0,-29.5,259.7
141.25,-29.5,258.5
141.5,-29.5,259.4
141.75,-29.5,262.4
142.0,-29.5,267.6
142.25,-29.5,274.7
142.5,-29.5,281.0
142.75,-29.5,288.4
143.0,-29.5,290.3
143.25,-29.5,267.1
143.5,-29.5,244.0
143.75,-29.5,221.2
144.0,-29.5,198.5
144.25,-29.5,176.2
144.5,-29.5,154.3
144.75,-29.5,133.1
145.0,-29.5,113.1
145.25,-29.5,94.8
145.5,-29.5,79.6
145.75,-29.5,69.4
146.0,-29.5,66.7
146.25,-29.5,72.2
146.5,-29.5,60.9
146.75,-29.5,50.8
147.0,-29.5,47.5
147.25,-29.5,55.2
147.5,-29.5,41.3
147.75,-29.5,17.8
148.0,-29.5,1.2
148.25,-29.5,20.1
148.5,-29.5,36.6
148.75,-29.5,20.8
149.0,-29.5,5.0
149.25,-29.5,1.5
149.5,-29.5,6.3
149.75,-29.5,2.6
150.0,-29.5,0.2
150.25,-29.5,7.7
150.5,-29.5,6.9
150.75,-29.5,12.9
151.0,-29.5,9.2
151.25,-29.5,11.7
151.5,-29.5,6.5
151.75,-29.5,7.6
152.0,-29.5,13.1
152.25,-29.5,35.4
152.5,-29.5,40.3
152.75,-29.5,20.4
153.0,-29.5,2.1
153.25,-29.5,4.3
153.5,-29.5,15.6
114.75,-29.75,60.4
115.0,-29.75,38.9
115.25,-29.75,20.0
115.5,-29.75,1.2
115.75,-29.75,17.6
116.0,-29.75,1.7
116.25,-29.75,25.6
116.5,-29.75,49.4
116.75,-29.75,63.1
117.0,-29.75,67.1
117.25,-29.75,78.7
117.5,-29.75,95.0
117.75,-29.75,114.0
118.0,-29.75,134.6
118.25,-29.75,156.2
118.5,-29.75,178.1
118.75,-29.75,169.8
119.0,-29.75,164.4
119.25,-29.75,162.4
119.5,-29.75,163.3
119.75,-29.75,165.1
120.0,-29.75,147.7
120.25,-29.75,129.4
120.5,-29.75,113.1
120.75,-29.75,100.0
121.0,-29.75,91.2
121.25,-29.75,88.2
121.5,-29.75,91.6
121.75,-29.75,100.6
122.0,-29.75,113.9
122.25,-29.75,130.3
122.5,-29.75,145.5
122.75,-29.75,162.0
123.0,-29.75,180.2
123.25,-29.75,199.5
123.5,-29.75,219.7
123.75,-29.75,240.6
124.0,-29.75,261.9
124.25,-29.75,283.7
124.5,-29.75,305.7
124.75,-29.75,328.0
125.0,-29.75,350.5
125.25,-29.75,373.1
125.5,-29.75,395.1
125.75,-29.75,416.4
126.0,-29.75,437.8
126.25,-29.75,459.5
126.5,-29.75,481.4
126.75,-29.75,503.5
127.0,-29.75,525.7
127.25,-29.75,548.0
127.5,-29.75,570.4
127.75,-29.75,593.0
128.0,-29.75,599.5
128.25,-29.75,578.4
128.5,-29.75,557.4
128.75,-29.75,536.8
129.0,-29.75,516.3
129.25,-29.75,496.2
129.5,-29.75,476.3
129.75,-29.75,456.9
130.0,-29.75,437.8
130.25,-29.75,419.2
130.5,-29.75,401.1
130.75,-29.75,383.7
131.0,-29.75,366.9
131.25,-29.75,351.0
131.5,-29.75,335.9
131.75,-29.75,321.9
132.0,-29.75,309.0
132.25,-29.75,297.5
132.5,-29.75,287.5
132.75,-29.75,268.7
133.0,-29.75,244.8
133.25,-29.75,220.9
133.5,-29.75,197.0
133.75,-29.75,173.1
134.0,-29.75,149.2
134.25,-29.75,125.3
134.5,-29.75,101.4
134.75,-29.75,77.5
135.0,-29.75,53.6
135.25,-29.75,29.7
135.5,-29.75,5.8
135.75,-29.75,9.0
136.0,-29.75,21.9
136.25,-29.75,34.8
136.5,-29.75,47.7
136.75,-29.75,60.5
137.0,-29.75,73.3
137.25,-29.75,85.5
137.5,-29.75,97.9
137.75,-29.75,105.9
138.0,-29.75,94.3
138.25,-29.75,87.7
138.5,-29.75,87.4
138.75,-29.75,93.4
139.0,-29.75,104.5
139.25,-29.75,119.5
139.5,-29.75,136.9
139.75,-29.75,156.1
140.0,-29.75,176.4
140.25,-29.75,197.5
140.5,-29.75,219.2
140.75,-29.75,235.6
141.0,-29.75,231.8
141.25,-29.75,230.4
141.5,-29.75,231.5
141.75,-29.75,234.9
142.0,-29.75,240.6
142.25,-29.75,248.0
142.5,-29.75,254.1
142.75,-29.75,262.3
143.0,-29.75,272.3
143.25,-29.75,261.3
143.5,-29.75,237.7
143.75,-29.75,214.2
144.0,-29.75,190.7
144.25,-29.75,167.4
144.5,-29.75,144.3
144.75,-29.75,121.5
145.0,-29.75,99.1
145.25,-29.75,77.7
145.5,-29.75,58.2
145.75,-29.75,43.3
146.0,-29.75,38.7
146.25,-29.75,47.6
146.5,-29.75,41.2
146.75,-29.75,24.5
147.0,-29.75,19.8
147.25,-29.75,30.2
147.5,-29.75,32.4
147.75,-29.75,27.4
148.0,-29.75,11.1
148.25,-29.75,12.5
148.5,-29.75,28.9
148.75,-29.75,7.3
149.0,-29.75,7.2
149.25,-29.75,24.8
149.5,-29.75,13.9
149.75,-29.75,4.4
150.0,-29.75,19.3
150.25,-29.75,15.9
150.5,-29.75,3.5
150.75,-29.75,4.3
151.0,-29.75,0.0
151.25,-29.75,3.8
151.5,-29.75,2.3
151.75,-29.75,3.6
152.0,-29.75,19.3
152.25,-29.75,43.2
152.5,-29.75,29.5
152.75,-29.75,10.2
153.0,-29.75,4.5
153.25,-29.75,24.6
153.5,-29.75,37.2
114.75,-30.0,55.6
115.0,-30.0,31.8
115.25,-30.0,8.1
115.5,-30.0,7.0
115.75,-30.0,23.8
116.0,-30.0,0.0
116.25,-30.0,23.8
116.5,-30.0,47.6
116.75,-30.0,71.4
117.0,-30.0,94.0
117.25,-30.0,102.5
117.5,-30.0,115.4
117.75,-30.0,131.5
118.0,-30.0,149.7
118.25,-30.0,159.8
118.5,-30.0,153.0
118.75,-30.0,143.2
119.0,-30.0,136.8
119.25,-30.0,134.4
119.5,-30.0,135.5
119.75,-30.0,138.1
120.0,-30.0,132.4
120.25,-30.0,112.1
120.5,-30.0,92.9
120.75,-30.0,76.3
121.0,-30.0,64.5
121.25,-30.0,60.2
121.5,-30.0,65.0
121.75,-30.0,77.1
122.0,-30.0,93.9
122.25,-30.0,108.7
122.5,-30.0,125.5
122.75,-30.0,144.3
123.0,-30.0,164.3
123.25,-30.0,185.2
123.5,-30.0,206.8
123.75,-30.0,228.8
124.0,-30.0,251.1
124.25,-30.0,273.6
124.5,-30.0,296.4
124.75,-30.0,318.8
125.0,-30.0,339.8
125.25,-30.0,361.1
125.5,-30.0,382.7
125.75,-30.0,404.5
126.0,-30.0,426.5
126.25,-30.0,448.7
126.5,-30.0,471.1
126.75,-30.0,493.5
127.0,-30.0,516.1
127.25,-30.0,538.8
127.5,-30.0,561.5
127.75,-30.0,584.4
128.0,-30.0,587.1
128.25,-30.0,565.5
128.5,-30.0,544.2
128.75,-30.0,523.0
129.0,-30.0,502.1
129.25,-30.0,481.4
129.5,-30.0,461.0
129.75,-30.0,440.9
130.0,-30.0,421.1
130.25,-30.0,401.8
130.5,-30.0,383.0
130.75,-30.0,364.7
131.0,-30.0,347.1
131.25,-30.0,330.2
131.5,-30.0,314.1
131.75,-30.0,299.1
132.0,-30.0,285.3
132.25,-30.0,272.8
132.5,-30.0,261.8
132.75,-30.0,252.6
133.0,-30.0,245.3
133.25,-30.0,222.4
133.5,-30.0,198.7
133.75,-30.0,175.1
134.0,-30.0,151.5
134.25,-30.0,128.1
134.5,-30.0,104.9
134.75,-30.0,82.0
135.0,-30.0,60.0
135.25,-30.0,40.2
135.5,-30.0,27.5
135.75,-30.0,14.5
136.0,-30.0,1.6
136.25,-30.0,11.2
136.5,-30.0,24.1
136.75,-30.0,36.9
137.0,-30.0,49.6
137.25,-30.0,61.2
137.5,-30.0,77.6
137.75,-30.0,84.4
138.0,-30.0,69.3
138.25,-30.0,60.2
138.5,-30.0,59.7
138.75,-30.0,68.1
139.0,-30.0,82.7
139.25,-30.0,100.9
139.5,-30.0,121.0
139.75,-30.0,142.3
140.0,-30.0,164.3
140.25,-30.0,186.7
140.5,-30.0,209.4
140.75,-30.0,208.3
141.0,-30.0,204.0
141.25,-30.0,202.4
141.5,-30.0,203.6
141.75,-30.0,207.4
142.0,-30.0,213.9
142.25,-30.0,220.7
142.5,-30.0,227.6
142.75,-30.0,236.6
143.0,-30.0,247.6
143.25,-30.0,258.3
143.5,-30.0,234.5
143.75,-30.0,210.7
144.0,-30.0,186.9
144.25,-30.0,163.1
144.5,-30.0,139.3
144.75,-30.0,115.5
145.0,-30.0,91.8
145.25,-30.0,68.2
145.5,-30.0,44.8
145.75,-30.0,22.3
146.0,-30.0,11.2
146.25,-30.0,29.8
146.5,-30.0,35.3
146.75,-30.0,12.5
147.0,-30.0,5.6
147.25,-30.0,4.7
147.5,-30.0,5.0
147.75,-30.0,0.2
148.0,-30.0,2.2
148.25,-30.0,3.0
148.5,-30.0,0.9
148.75,-30.0,4.3
149.0,-30.0,1.5
149.25,-30.0,16.0
149.5,-30.0,13.0
149.75,-30.0,8.1
150.0,-30.0,21.0
150.25,-30.0,34.4
150.5,-30.0,17.2
150.75,-30.0,18.2
151.0,-30.0,10.2
151.25,-30.0,10.3
151.5,-30.0,4.4
151.75,-30.0,1.6
152.0,-30.0,24.8
152.25,-30.0,35.8
152.5,-30.0,14.7
152.75,-30.0,5.4
153.0,-30.0,1.6
153.25,-30.0,14.9
153.5,-30.0,32.6
114.75,-30.25,56.2
115.0,-30.25,32.4
115.25,-30.25,8.6
115.5,-30.25,15.1
115.75,-30.25,24.4
116.0,-30.25,0.6
116.25,-30.25,23.2
116.5,-30.25,47.0
116.75,-30.25,70.8
117.0,-30.25,77.4
117.25,-30.25,88.6
117.5,-30.25,104.1
117.75,-30.25,122.2
118.0,-30.25,138.5
118.25,-30.25,132.2
118.5,-30.25,128.8
118.75,-30.25,117.2
119.0,-30.25,109.4
119.25,-30.25,106.4
119.5,-30.25,107.7
119.75,-30.25,111.0
120.0,-30.25,104.9
120.25,-30.25,99.7
120.5,-30.25,77.6
120.75,-30.25,56.9
121.0,-30.25,39.6
121.25,-30.25,32.2
121.5,-30.25,40.4
121.75,-30.25,57.9
122.0,-30.25,71.9
122.25,-30.25,89.3
122.5,-30.25,109.0
122.75,-30.25,130.1
123.0,-30.25,152.0
123.25,-30.25,174.4
123.5,-30.25,197.1
123.75,-30.25,220.0
124.0,-30.25,243.0
124.25,-30.25,263.6
124.5,-30.25,284.6
124.75,-30.25,306.1
125.0,-30.25,327.8
125.25,-30.25,349.8
125.5,-30.25,372.0
125.75,-30.25,394.3
126.0,-30.25,416.8
126.25,-30.25,439.5
126.5,-30.25,462.2
126.75,-30.25,485.0
127.0,-30.25,507.9
127.25,-30.25,530.9
127.5,-30.25,553.9
127.75,-30.25,577.0
128.0,-30.25,575.8
128.25,-30.25,553.9
128.5,-30.25,532.1
128.75,-30.25,510.5
129.0,-30.25,489.0
129.25,-30.25,467.8
129.5,-30.25,446.8
129.75,-30.25,426.1
130.0,-30.25,405.7
130.25,-30.25,385.6
130.5,-30.25,366.0
130.75,-30.25,346.9
131.0,-30.25,328.4
131.25,-30.25,310.5
131.5,-30.25,293.5
131.75,-30.25,277.4
132.0,-30.25,262.4
132.25,-30.25,248.8
132.5,-30.25,236.8
132.75,-30.25,226.5
133.0,-30.25,218.4
133.25,-30.25,212.6
133.5,-30.25,204.2
133.75,-30.25,181.3
134.0,-30.25,158.8
134.25,-30.25,136.7
134.5,-30.25,115.2
134.75,-30.25,95.0
135.0,-30.25,76.8
135.25,-30.25,62.6
135.5,-30.25,51.0
135.75,-30.25,38.1
136.0,-30.25,25.2
136.25,-30.25,12.4
136.5,-30.25,0.4
136.75,-30.25,13.2
137.0,-30.25,24.7
137.25,-30.25,41.9
137.5,-30.25,63.5
137.75,-30.25,67.9
138.0,-30.25,47.9
138.25,-30.25,33.4
138.5,-30.25,32.5
138.75,-30.25,46.1
139.0,-30.25,65.8
139.25,-30.25,87.5
139.5,-30.25,110.1
139.75,-30.25,132.8
140.0,-30.25,155.7
140.25,-30.25,178.9
140.5,-30.25,188.9
140.75,-30.25,181.1
141.0,-30.25,176.2
141.25,-30.25,174.4
141.5,-30.25,175.7
141.75,-30.25,180.2
142.0,-30.25,187.6
142.25,-30.25,193.6
142.5,-30.25,201.4
142.75,-30.25,211.5
143.0,-30.25,223.7
143.25,-30.25,236.2
143.5,-30.25,228.8
143.75,-30.25,207.9
144.0,-30.25,187.1
144.25,-30.25,163.4
144.5,-30.25,139.7
144.75,-30.25,116.1
145.0,-30.25,92.5
145.25,-30.25,69.2
145.5,-30.25,46.4
145.75,-30.25,24.4
146.0,-30.25,4.6
146.25,-30.25,15.0
146.5,-30.25,34.5
146.75,-30.25,35.8
147.0,-30.25,30.6
147.25,-30.25,23.1
147.5,-30.25,22.4
147.75,-30.25,27.6
148.0,-30.25,29.6
148.25,-30.25,24.0
148.5,-30.25,20.0
148.75,-30.25,11.5
149.0,-30.25,0.1
149.25,-30.25,9.9
149.5,-30.25,0.2
149.75,-30.25,0.8
150.0,-30.25,16.9
150.25,-30.25,22.3
150.5,-30.25,19.4
150.75,-30.25,20.7
151.0,-30.25,10.4
151.25,-30.25,19.3
151.5,-30.25,2.8
151.75,-30.25,5.8
152.0,-30.25,19.6
152.25,-30.25,11.8
152.5,-30.25,0.2
152.75,-30.25,5.7
153.0,-30.25,1.0
153.25,-30.25,9.9
114.75,-30.5,54.4
115.0,-30.5,30.9
115.25,-30.5,8.2
115.5,-30.5,11.8
115.75,-30.5,25.7
116.0,-30.5,2.1
116.25,-30.5,21.6
116.5,-30.5,34.4
116.75,-30.5,44.0
117.0,-30.5,52.1
117.25,-30.5,67.6
117.5,-30.5,86.9
117.75,-30.5,107.9
118.0,-30.5,112.6
118.25,-30.5,104.8
118.5,-30.5,101.6
118.75,-30.5,92.5
119.0,-30.5,82.4
119.25,-30.5,78.4
119.5,-30.5,80.2
119.75,-30.5,84.1
120.0,-30.5,77.8
120.25,-30.5,73.8
120.5,-30.5,65.5
120.75,-30.5,47.0
121.0,-30.5,23.5
121.25,-30.5,4.2
121.5,-30.5,22.8
121.75,-30.5,35.2
122.0,-30.5,53.9
122.25,-30.5,75.4
122.5,-30.5,97.9
122.75,-30.5,120.9
123.0,-30.5,144.2
123.25,-30.5,167.2
123.5,-30.5,187.8
123.75,-30.5,208.4
124.0,-30.5,229.6
124.25,-30.5,251.2
124.5,-30.5,273.2
124.75,-30.5,295.4
125.0,-30.5,317.8
125.25,-30.5,340.4
125.5,-30.5,363.1
125.75,-30.5,385.9
126.0,-30.5,408.8
126.25,-30.5,431.8
126.5,-30.5,454.9
126.75,-30.5,478.0
127.0,-30.5,501.2
127.25,-30.5,524.4
127.5,-30.5,547.6
127.75,-30.5,570.9
128.0,-30.5,565.6
128.25,-30.5,543.4
128.5,-30.5,521.2
128.75,-30.5,499.2
129.0,-30.5,477.3
129.25,-30.5,455.6
129.5,-30.5,434.0
129.75,-30.5,412.7
130.0,-30.5,391.7
130.25,-30.5,370.9
130.5,-30.5,350.5
130.75,-30.5,330.5
131.0,-30.5,311.1
131.25,-30.5,292.2
131.5,-30.5,274.1
131.75,-30.5,256.8
132.0,-30.5,240.6
132.25,-30.5,225.7
132.5,-30.5,212.4
132.75,-30.5,201.0
133.0,-30.5,191.8
133.25,-30.5,185.2
133.5,-30.5,181.3
133.75,-30.5,180.4
134.0,-30.5,170.4
134.25,-30.5,150.1
134.5,-30.5,130.9
134.75,-30.5,113.5
135.0,-30.5,98.9
135.25,-30.5,87.5
135.5,-30.5,74.5
135.75,-30.5,61.6
136.0,-30.5,48.8
136.25,-30.5,36.0
136.5,-30.5,23.2
136.75,-30.5,8.9
137.0,-30.5,13.8
137.25,-30.5,36.5
137.5,-30.5,60.1
137.75,-30.5,60.4
138.0,-30.5,36.7
138.25,-30.5,13.2
138.5,-30.5,11.0
138.75,-30.5,33.7
139.0,-30.5,56.8
139.25,-30.5,80.3
139.5,-30.5,103.9
139.75,-30.5,127.6
140.0,-30.5,151.2
140.25,-30.5,174.9
140.5,-30.5,163.3
140.75,-30.5,154.3
141.0,-30.5,148.5
141.25,-30.5,146.4
141.5,-30.5,148.0
141.75,-30.5,153.2
142.0,-30.5,160.8
142.25,-30.5,166.8
142.5,-30.5,175.8
142.75,-30.5,187.3
143.0,-30.5,199.9
143.25,-30.5,212.5
143.5,-30.5,217.5
143.75,-30.5,195.5
144.0,-30.5,173.8
144.25,-30.5,152.7
144.5,-30.5,132.5
144.75,-30.5,113.7
145.0,-30.5,97.0
145.25,-30.5,79.5
145.5,-30.5,59.6
145.75,-30.5,40.0
146.0,-30.5,20.5
146.25,-30.5,1.0
146.5,-30.5,18.2
146.75,-30.5,36.0
147.0,-30.5,55.7
147.25,-30.5,51.0
147.5,-30.5,49.9
147.75,-30.5,54.9
148.0,-30.5,56.3
148.25,-30.5,51.7
148.5,-30.5,46.3
148.75,-30.5,36.6
149.0,-30.5,24.8
149.25,-30.5,13.8
149.5,-30.5,8.4
149.75,-30.5,13.9
150.0,-30.5,8.0
150.25,-30.5,5.4
150.5,-30.5,5.7
150.75,-30.5,2.8
151.0,-30.5,25.5
151.25,-30.5,23.4
151.5,-30.5,6.7
151.75,-30.5,1.3
152.0,-30.5,1.3
152.25,-30.5,0.7
152.5,-30.5,13.8
152.75,-30.5,19.2
153.0,-30.5,0.2
153.25,-30.5,22.1
115.0,-30.75,40.9
115.25,-30.75,17.9
115.5,-30.75,1.0
115.75,-30.75,10.4
116.0,-30.75,2.0
116.25,-30.75,0.5
116.5,-30.75,11.7
116.75,-30.75,16.8
117.0,-30.75,31.8
117.25,-30.75,53.5
117.5,-30.75,76.4
117.75,-30.75,95.0
118.0,-30.75,86.2
118.25,-30.75,77.8
118.5,-30.75,73.7
118.75,-30.75,68.7
119.0,-30.75,56.5
119.25,-30.75,50.4
119.5,-30.75,53.3
119.75,-30.75,57.9
120.0,-30.75,50.7
120.25,-30.75,46.0
120.5,-30.75,41.3
120.75,-30.75,30.1
121.0,-30.75,21.5
121.25,-30.75,9.0
121.5,-30.75,0.6
121.75,-30.75,23.1
122.0,-30.75,46.7
122.25,-30.75,68.7
122.5,-30.75,90.7
122.75,-30.75,112.2
123.0,-30.75,132.8
123.25,-30.75,153.4
123.5,-30.75,174.8
123.75,-30.75,196.7
124.0,-30.75,219.0
124.25,-30.75,241.5
124.5,-30.75,264.2
124.75,-30.75,287.0
125.0,-30.75,310.0
125.25,-30.75,333.1
125.5,-30.75,356.2
125.75,-30.75,379.4
126.0,-30.75,402.6
126.25,-30.75,425.9
126.5,-30.75,449.2
126.75,-30.75,472.6
127.0,-30.75,495.9
127.25,-30.75,519.3
127.5,-30.75,542.7
127.75,-30.75,566.2
128.0,-30.75,556.7
128.25,-30.75,534.1
128.5,-30.75,511.6
128.75,-30.75,489.2
129.0,-30.75,466.9
129.25,-30.75,444.7
129.5,-30.75,422.7
129.75,-30.75,400.9
130.0,-30.75,379.2
130.25,-30.75,357.8
130.5,-30.75,336.6
130.75,-30.75,315.8
131.0,-30.75,295.4
131.25,-30.75,275.6
131.5,-30.75,256.3
131.75,-30.75,237.8
132.0,-30.75,220.3
132.25,-30.75,203.9
132.5,-30.75,189.1
132.75,-30.75,176.2
133.0,-30.75,165.7
133.25,-30.75,158.0
133.5,-30.75,153.5
133.75,-30.75,152.4
134.0,-30.75,153.4
134.25,-30.75,156.5
134.5,-30.75,150.2
134.75,-30.75,135.3
135.0,-30.75,123.3
135.25,-30.75,110.9
135.5,-30.75,98.0
135.75,-30.75,85.2
136.0,-30.75,72.4
136.25,-30.75,59.1
136.5,-30.75,35.6
136.75,-30.75,12.1
137.0,-30.75,11.2
137.25,-30.75,34.7
137.5,-30.75,55.8
137.75,-30.75,52.9
138.0,-30.75,29.4
138.25,-30.75,7.1
138.5,-30.75,12.8
138.75,-30.75,35.3
139.0,-30.75,58.1
139.25,-30.75,81.3
139.5,-30.75,104.7
139.75,-30.75,128.2
140.0,-30.75,151.7
140.25,-30.75,152.4
140.5,-30.75,138.8
140.75,-30.75,128.0
141.0,-30.75,121.0
141.25,-30.75,118.3
141.5,-30.75,120.3
141.75,-30.75,126.7
142.0,-30.75,133.4
142.25,-30.75,140.5
142.5,-30.75,151.0
142.75,-30.75,163.6
143.0,-30.75,176.1
143.25,-30.75,188.7
143.5,-30.75,201.3
143.75,-30.75,186.4
144.0,-30.75,163.6
144.25,-30.75,141.1
144.5,-30.75,119.0
144.75,-30.75,97.7
145.0,-30.75,77.6
145.25,-30.75,60.3
145.5,-30.75,48.5
145.75,-30.75,46.7
146.0,-30.75,36.5
146.25,-30.75,17.5
146.5,-30.75,1.9
146.75,-30.75,21.2
147.0,-30.75,40.5
147.25,-30.75,59.6
147.5,-30.75,77.7
147.75,-30.75,65.2
148.0,-30.75,44.0
148.25,-30.75,27.3
148.5,-30.75,25.9
148.75,-30.75,40.8
149.0,-30.75,47.8
149.25,-30.75,40.6
149.5,-30.75,36.4
149.75,-30.75,24.3
150.0,-30.75,3.1
150.25,-30.75,6.9
150.5,-30.75,14.5
150.75,-30.75,0.7
151.0,-30.75,18.4
151.25,-30.75,3.7
151.5,-30.75,3.8
151.75,-30.75,13.3
152.0,-30.75,20.7
152.25,-30.75,3.1
152.5,-30.75,5.6
152.75,-30.75,13.0
153.0,-30.75,9.1
153.25,-30.75,28.4
115.0,-31.0,41.8
115.25,-31.0,19.7
115.5,-31.0,3.9
115.75,-31.0,3.7
116.0,-31.0,2.6
116.25,-31.0,24.5
116.5,-31.0,13.9
116.75,-31.0,12.1
117.0,-31.0,29.6
117.25,-31.0,52.2
117.5,-31.0,72.4
117.75,-31.0,68.0
118.0,-31.0,59.7
118.25,-31.0,51.8
118.5,-31.0,45.8
118.75,-31.0,43.8
119.0,-31.0,32.4
119.25,-31.0,22.4
119.5,-31.0,28.5
119.75,-31.0,30.3
120.0,-31.0,23.7
120.25,-31.0,18.1
120.5,-31.0,15.6
120.75,-31.0,5.2
121.0,-31.0,3.9
121.25,-31.0,14.5
121.5,-31.0,7.6
121.75,-31.0,14.4
122.0,-31.0,36.4
122.25,-31.0,57.6
122.5,-31.0,77.8
122.75,-31.0,98.6
123.0,-31.0,120.4
123.25,-31.0,142.8
123.5,-31.0,165.5
123.75,-31.0,188.4
124.0,-31.0,211.5
124.25,-31.0,234.7
124.5,-31.0,257.9
124.75,-31.0,281.3
125.0,-31.0,304.6
125.25,-31.0,328.0
125.5,-31.0,351.4
125.75,-31.0,374.8
126.0,-31.0,398.3
126.25,-31.0,421.8
126.5,-31.0,445.2
126.75,-31.0,468.7
127.0,-31.0,492.2
127.25,-31.0,515.7
127.5,-31.0,539.3
127.75,-31.0,562.8
128.0,-31.0,549.1
128.25,-31.0,526.3
128.5,-31.0,503.5
128.75,-31.0,480.7
129.0,-31.0,458.0
129.25,-31.0,435.5
129.5,-31.0,413.0
129.75,-31.0,390.7
130.0,-31.0,368.4
130.25,-31.0,346.4
130.5,-31.0,324.6
130.75,-31.0,303.0
131.0,-31.0,281.7
131.25,-31.0,260.9
131.5,-31.0,240.5
131.75,-31.0,220.7
132.0,-31.0,201.7
132.25,-31.0,183.8
132.5,-31.0,167.3
132.75,-31.0,152.6
133.0,-31.0,140.3
133.25,-31.0,131.1
133.5,-31.0,125.7
133.75,-31.0,124.4
134.0,-31.0,125.5
134.25,-31.0,129.2
134.5,-31.0,136.9
134.75,-31.0,148.0
135.0,-31.0,147.3
135.25,-31.0,134.4
135.5,-31.0,121.5
135.75,-31.0,99.6
136.0,-31.0,76.4
136.25,-31.0,53.6
136.5,-31.0,32.1
136.75,-31.0,14.1
137.0,-31.0,9.4
137.25,-31.0,33.1
137.5,-31.0,27.8
137.75,-31.0,37.6
138.0,-31.0,31.0
138.25,-31.0,7.4
138.5,-31.0,16.1
138.75,-31.0,39.6
139.0,-31.0,63.2
139.25,-31.0,86.7
139.5,-31.0,110.2
139.75,-31.0,133.7
140.0,-31.0,149.8
140.25,-31.0,131.8
140.5,-31.0,115.8
140.75,-31.0,102.7
141.0,-31.0,93.8
141.25,-31.0,90.3
141.5,-31.0,92.9
141.75,-31.0,101.1
142.0,-31.0,106.3
142.25,-31.0,115.1
142.5,-31.0,127.3
142.75,-31.0,139.8
143.0,-31.0,152.4
143.25,-31.0,164.9
143.5,-31.0,178.7
143.75,-31.0,181.3
144.0,-31.0,157.9
144.25,-31.0,134.4
144.5,-31.0,111.1
144.75,-31.0,87.9
145.0,-31.0,64.9
145.25,-31.0,42.8
145.5,-31.0,23.6
145.75,-31.0,19.5
146.0,-31.0,34.9
146.25,-31.0,33.6
146.5,-31.0,14.3
146.75,-31.0,4.9
147.0,-31.0,24.0
147.25,-31.0,43.2
147.5,-31.0,62.2
147.75,-31.0,60.8
148.0,-31.0,37.3
148.25,-31.0,13.8
148.5,-31.0,9.7
148.75,-31.0,33.1
149.0,-31.0,41.5
149.25,-31.0,31.6
149.5,-31.0,37.4
149.75,-31.0,35.3
150.0,-31.0,15.4
150.25,-31.0,0.1
150.5,-31.0,2.7
150.75,-31.0,6.1
151.0,-31.0,2.8
151.25,-31.0,13.9
151.5,-31.0,6.8
151.75,-31.0,15.5
152.0,-31.0,39.2
152.25,-31.0,28.8
152.5,-31.0,13.5
152.75,-31.0,7.4
153.0,-31.0,7.9
153.25,-31.0,29.6
115.25,-31.25,20.7
115.5,-31.25,3.6
115.75,-31.25,5.6
116.0,-31.25,2.6
116.25,-31.25,26.2
116.5,-31.25,41.9
116.75,-31.25,39.8
117.0,-31.25,41.5
117.25,-31.25,43.8
117.5,-31.25,44.4
117.75,-31.25,41.9
118.0,-31.25,34.2
118.25,-31.25,27.0
118.5,-31.25,17.9
118.75,-31.25,15.9
119.0,-31.25,9.1
119.25,-31.25,3.9
119.5,-31.25,6.3
119.75,-31.25,2.3
120.0,-31.25,2.9
120.25,-31.25,9.5
120.5,-31.25,12.2
120.75,-31.25,19.0
121.0,-31.25,30.7
121.25,-31.25,39.0
121.5,-31.25,17.7
121.75,-31.25,3.9
122.0,-31.25,23.0
122.25,-31.25,44.3
122.5,-31.25,67.1
122.75,-31.25,90.4
123.0,-31.25,113.7
123.25,-31.25,137.1
123.5,-31.25,160.6
123.75,-31.25,184.1
124.0,-31.25,207.6
124.25,-31.25,231.1
124.5,-31.25,254.7
124.75,-31.25,278.2
125.0,-31.25,301.7
125.25,-31.25,325.3
125.5,-31.25,348.8
125.75,-31.25,372.4
126.0,-31.25,395.9
126.25,-31.25,419.5
126.5,-31.25,443.0
126.75,-31.25,466.6
127.0,-31.25,490.1
127.25,-31.25,513.7
127.5,-31.25,537.2
127.75,-31.25,560.8
128.0,-31.25,542.8
128.25,-31.25,519.8
128.5,-31.25,496.7
128.75,-31.25,473.7
129.0,-31.25,450.7
129.25,-31.25,427.8
129.5,-31.25,405.0
129.75,-31.25,382.2
130.0,-31.25,359.6
130.25,-31.25,337.0
130.5,-31.25,314.6
130.75,-31.25,292.3
131.0,-31.25,270.3
131.25,-31.25,248.5
131.5,-31.25,227.0
131.75,-31.25,206.0
132.0,-31.25,185.6
132.25,-31.25,166.0
132.5,-31.25,147.5
132.75,-31.25,130.7
133.0,-31.25,116.1
133.25,-31.25,104.9
133.5,-31.25,98.1
133.75,-31.25,96.4
134.0,-31.25,97.6
134.25,-31.25,102.3
134.5,-31.25,111.9
134.75,-31.25,124.1
135.0,-31.25,138.2
135.25,-31.25,145.1
135.5,-31.25,121.5
135.75,-31.25,98.0
136.0,-31.25,74.5
136.25,-31.25,51.0
136.5,-31.25,27.7
136.75,-31.25,6.8
137.0,-31.25,9.9
137.25,-31.25,11.0
137.5,-31.25,1.7
137.75,-31.25,25.3
138.0,-31.25,33.4
138.25,-31.25,9.9
138.5,-31.25,13.6
138.75,-31.25,37.1
139.0,-31.25,60.7
139.25,-31.25,84.2
139.5,-31.25,107.7
139.75,-31.25,131.2
140.0,-31.25,134.6
140.25,-31.25,114.3
140.5,-31.25,95.5
140.75,-31.25,79.2
141.0,-31.25,67.3
141.25,-31.25,62.4
141.5,-31.25,66.0
141.75,-31.25,73.6
142.0,-31.25,79.7
142.25,-31.25,91.0
142.5,-31.25,103.6
142.75,-31.25,116.1
143.0,-31.25,128.6
143.25,-31.25,142.1
143.5,-31.25,157.0
143.75,-31.25,173.5
144.0,-31.25,157.0
144.25,-31.25,133.4
144.5,-31.25,109.9
144.75,-31.25,86.4
145.0,-31.25,63.1
145.25,-31.25,40.0
145.5,-31.25,18.1
145.75,-31.25,0.6
146.0,-31.25,23.2
146.25,-31.25,31.4
146.5,-31.25,25.4
146.75,-31.25,9.9
147.0,-31.25,7.6
147.25,-31.25,26.6
147.5,-31.25,43.2
147.75,-31.25,53.7
148.0,-31.25,39.8
148.25,-31.25,18.1
148.5,-31.25,3.5
148.75,-31.25,26.0
149.0,-31.25,27.2
149.25,-31.25,4.8
149.5,-31.25,19.5
149.75,-31.25,42.2
150.0,-31.25,35.8
150.25,-31.25,28.0
150.5,-31.25,16.4
150.75,-31.25,1.1
151.0,-31.25,0.1
151.25,-31.25,20.1
151.5,-31.25,29.4
151.75,-31.25,32.3
152.0,-31.25,48.3
152.25,-31.25,46.1
152.5,-31.25,27.3
152.75,-31.25,7.1
153.0,-31.25,15.7
153.25,-31.25,39.3
115.5,-31.5,17.6
115.75,-31.5,2.7
116.0,-31.5,2.7
116.25,-31.5,26.2
116.5,-31.5,23.8
116.75,-31.5,16.3
117.0,-31.5,14.8
117.25,-31.5,16.8
117.5,-31.5,16.4
117.75,-31.5,15.1
118.0,-31.5,8.8
118.25,-31.5,0.8
118.5,-31.5,4.6
118.75,-31.5,4.2
119.0,-31.5,5.0
119.25,-31.5,20.6
119.5,-31.5,21.7
119.75,-31.5,24.6
120.0,-31.5,28.7
120.25,-31.5,36.5
120.5,-31.5,40.0
120.75,-31.5,43.9
121.0,-31.5,55.1
121.25,-31.5,49.7
121.5,-31.5,29.5
121.75,-31.5,15.4
122.0,-31.5,23.7
122.25,-31.5,44.6
122.5,-31.5,67.3
122.75,-31.5,90.4
123.0,-31.5,113.7
123.25,-31.5,137.1
123.5,-31.5,160.5
123.75,-31.5,184.0
124.0,-31.5,207.4
124.25,-31.5,230.9
124.5,-31.5,254.4
124.75,-31.5,277.9
125.0,-31.5,301.4
125.25,-31.5,324.9
125.5,-31.5,348.5
125.75,-31.5,372.0
126.0,-31.5,395.5
126.25,-31.5,419.0
126.5,-31.5,442.5
126.75,-31.5,466.0
127.0,-31.5,489.6
127.25,-31.5,513.1
127.5,-31.5,536.6
127.75,-31.5,560.1
128.0,-31.5,538.0
128.25,-31.5,514.7
128.5,-31.5,491.5
128.75,-31.5,468.3
129.0,-31.5,445.1
129.25,-31.5,421.9
129.5,-31.5,398.8
129.75,-31.5,375.7
130.0,-31.5,352.7
130.25,-31.5,329.7
130.5,-31.5,306.8
130.75,-31.5,284.0
131.0,-31.5,261.3
131.25,-31.5,238.7
131.5,-31.5,216.4
131.75,-31.5,194.3
132.0,-31.5,172.5
132.25,-31.5,151.3
132.5,-31.5,130.8
132.75,-31.5,111.5
133.0,-31.5,94.1
133.25,-31.5,79.9
133.5,-31.5,70.7
133.75,-31.5,68.4
134.0,-31.5,69.8
134.25,-31.5,76.2
134.5,-31.5,87.9
134.75,-31.5,101.7
135.0,-31.5,118.5
135.25,-31.5,133.0
135.5,-31.5,126.0
135.75,-31.5,103.5
136.0,-31.5,81.6
136.25,-31.5,61.1
136.5,-31.5,43.1
136.75,-31.5,25.8
137.0,-31.5,8.6
137.25,-31.5,11.2
137.5,-31.5,19.8
137.75,-31.5,37.4
138.0,-31.5,23.8
138.25,-31.5,2.1
138.5,-31.5,19.5
138.75,-31.5,41.2
139.0,-31.5,63.1
139.25,-31.5,85.9
139.5,-31.5,108.9
139.75,-31.5,132.2
140.0,-31.5,124.0
140.25,-31.5,101.7
140.5,-31.5,80.0
140.75,-31.5,59.6
141.0,-31.5,42.6
141.25,-31.5,34.4
141.5,-31.5,40.6
141.75,-31.5,46.4
142.0,-31.5,54.7
142.25,-31.5,67.3
142.5,-31.5,79.9
142.75,-31.5,92.4
143.0,-31.5,105.6
143.25,-31.5,120.4
143.5,-31.5,137.2
143.75,-31.5,155.7
144.0,-31.5,161.0
144.25,-31.5,138.2
144.5,-31.5,115.7
144.75,-31.5,93.8
145.0,-31.5,72.8
145.25,-31.5,52.3
145.5,-31.5,30.3
145.75,-31.5,9.1
146.0,-31.5,1.9
146.25,-31.5,3.5
146.5,-31.5,6.3
146.75,-31.5,4.6
147.0,-31.5,7.6
147.25,-31.5,8.3
147.5,-31.5,18.1
147.75,-31.5,30.8
148.0,-31.5,44.1
148.25,-31.5,24.7
148.5,-31.5,2.1
148.75,-31.5,18.5
149.0,-31.5,23.4
149.25,-31.5,2.3
149.5,-31.5,21.2
149.75,-31.5,44.6
150.0,-31.5,60.4
150.25,-31.5,39.8
150.5,-31.5,16.3
150.75,-31.5,6.8
151.0,-31.5,7.1
151.25,-31.5,17.2
151.5,-31.5,17.1
151.75,-31.5,28.9
152.0,-31.5,49.8
152.25,-31.5,38.7
152.5,-31.5,21.8
152.75,-31.5,6.1
153.0,-31.5,16.2
115.5,-31.75,23.2
115.75,-31.75,1.0
116.0,-31.75,6.3
116.25,-31.75,9.9
116.5,-31.75,1.1
116.75,-31.75,5.1
117.0,-31.75,8.2
117.25,-31.75,7.8
117.5,-31.75,7.5
117.75,-31.75,7.3
118.0,-31.75,13.4
118.25,-31.75,1.4
118.5,-31.75,23.3
118.75,-31.75,23.1
119.0,-31.75,27.9
119.25,-31.75,41.6
119.5,-31.75,43.0
119.75,-31.75,39.7
120.0,-31.75,45.3
120.25,-31.75,60.2
120.5,-31.75,67.9
120.75,-31.75,70.8
121.0,-31.75,79.2
121.25,-31.75,65.6
121.5,-31.75,51.1
121.75,-31.75,42.8
122.0,-31.75,46.4
122.25,-31.75,59.9
122.5,-31.75,78.2
122.75,-31.75,98.8
123.0,-31.75,120.4
123.25,-31.75,142.7
123.5,-31.75,165.2
123.75,-31.75,188.1
124.0,-31.75,211.0
124.25,-31.75,234.1
124.5,-31.75,257.3
124.75,-31.75,280.5
125.0,-31.75,303.7
125.25,-31.75,327.0
125.5,-31.75,350.3
125.75,-31.75,373.7
126.0,-31.75,397.0
126.25,-31.75,420.4
126.5,-31.75,443.8
126.75,-31.75,467.2
127.0,-31.75,490.6
127.25,-31.75,514.1
127.5,-31.75,537.5
127.75,-31.75,557.9
128.0,-31.75,534.5
128.25,-31.75,511.1
128.5,-31.75,487.8
128.75,-31.75,464.5
129.0,-31.75,441.1
129.25,-31.75,417.8
129.5,-31.75,394.5
129.75,-31.75,371.2
130.0,-31.75,347.9
130.25,-31.75,324.7
130.5,-31.75,301.4
130.75,-31.75,278.2
131.0,-31.75,255.1
131.25,-31.75,232.0
131.5,-31.75,209.0
131.75,-31.75,186.0
132.0,-31.75,163.3
132.25,-31.75,140.7
132.5,-31.75,118.4
132.75,-31.75,96.8
133.0,-31.75,76.1
133.25,-31.75,57.7
133.5,-31.75,44.2
133.75,-31.75,40.5
134.0,-31.75,42.1
134.25,-31.75,52.1
134.5,-31.75,65.1
134.75,-31.75,82.7
135.0,-31.75,96.5
135.25,-31.75,112.5
135.5,-31.75,127.8
135.75,-31.75,115.7
136.0,-31.75,96.7
136.25,-31.75,79.3
136.5,-31.75,62.1
136.75,-31.75,43.4
137.0,-31.75,23.2
137.25,-31.75,3.0
137.5,-31.75,17.1
137.75,-31.75,29.7
138.0,-31.75,9.8
138.25,-31.75,10.0
138.5,-31.75,30.4
138.75,-31.75,52.1
139.0,-31.75,73.7
139.25,-31.75,95.3
139.5,-31.75,117.0
139.75,-31.75,138.9
140.0,-31.75,119.2
140.25,-31.75,95.8
140.5,-31.75,72.4
140.75,-31.75,49.1
141.0,-31.75,26.0
141.25,-31.75,6.6
141.5,-31.75,18.5
141.75,-31.75,19.1
142.0,-31.75,31.1
142.25,-31.75,43.7
142.5,-31.75,56.2
142.75,-31.75,69.0
143.0,-31.75,83.9
143.25,-31.75,101.3
143.5,-31.75,120.7
143.75,-31.75,141.2
144.0,-31.75,162.3
144.25,-31.75,148.2
144.5,-31.75,127.5
144.75,-31.75,106.2
145.0,-31.75,84.4
145.25,-31.75,62.7
145.5,-31.75,41.9
145.75,-31.75,24.7
146.0,-31.75,23.8
146.25,-31.75,22.6
146.5,-31.75,20.1
146.75,-31.75,21.0
147.0,-31.75,18.3
147.25,-31.75,14.3
147.5,-31.75,1.6
147.75,-31.75,8.3
148.0,-31.75,17.3
148.25,-31.75,26.8
148.5,-31.75,13.1
148.75,-31.75,8.8
149.0,-31.75,17.5
149.25,-31.75,5.8
149.5,-31.75,24.6
149.75,-31.75,43.4
150.0,-31.75,58.1
150.25,-31.75,49.4
150.5,-31.75,27.5
150.75,-31.75,4.4
151.0,-31.75,3.7
151.25,-31.75,10.5
151.5,-31.75,8.3
151.75,-31.75,25.7
152.0,-31.75,28.7
152.25,-31.75,22.6
152.5,-31.75,3.2
152.75,-31.75,5.1
153.0,-31.75,22.5
115.5,-32.0,23.9
115.75,-32.0,0.9
116.0,-32.0,0.8
116.25,-32.0,7.1
116.5,-32.0,13.2
116.75,-32.0,29.7
117.0,-32.0,36.1
117.25,-32.0,35.7
117.5,-32.0,35.4
117.75,-32.0,35.3
118.0,-32.0,22.1
118.25,-32.0,0.5
118.5,-32.0,23.9
118.75,-32.0,37.5
119.0,-32.0,27.7
119.25,-32.0,24.6
119.5,-32.0,16.7
119.75,-32.0,11.8
120.0,-32.0,24.7
120.25,-32.0,46.6
120.5,-32.0,69.5
120.75,-32.0,92.7
121.0,-32.0,101.9
121.25,-32.0,87.3
121.5,-32.0,76.0
121.75,-32.0,70.7
122.0,-32.0,72.9
122.25,-32.0,82.1
122.5,-32.0,96.3
122.75,-32.0,113.6
123.0,-32.0,132.8
123.25,-32.0,153.2
123.5,-32.0,174.4
123.75,-32.0,196.1
124.0,-32.0,218.2
124.25,-32.0,240.5
124.5,-32.0,263.0
124.75,-32.0,285.7
125.0,-32.0,308.5
125.25,-32.0,331.4
125.5,-32.0,354.4
125.75,-32.0,377.5
126.0,-32.0,400.6
126.25,-32.0,423.7
126.5,-32.0,446.9
126.75,-32.0,470.1
127.0,-32.0,493.3
127.25,-32.0,516.5
127.5,-32.0,539.8
127.75,-32.0,555.9
128.0,-32.0,532.5
128.25,-32.0,509.1
128.5,-32.0,485.7
128.75,-32.0,462.3
129.0,-32.0,438.9
129.25,-32.0,415.5
131.75,-32.0,181.8
132.0,-32.0,158.5
132.25,-32.0,135.1
132.5,-32.0,111.9
132.75,-32.0,88.6
133.0,-32.0,65.6
133.25,-32.0,42.8
133.5,-32.0,21.6
133.75,-32.0,12.5
134.0,-32.0,15.7
134.25,-32.0,28.7
134.5,-32.0,47.0
134.75,-32.0,60.0
135.0,-32.0,76.5
135.25,-32.0,94.6
135.5,-32.0,101.2
135.75,-32.0,111.4
136.0,-32.0,115.5
136.25,-32.0,98.0
136.5,-32.0,77.7
136.75,-32.0,57.5
137.0,-32.0,37.4
137.25,-32.0,17.2
137.5,-32.0,2.8
137.75,-32.0,14.8
138.0,-32.0,5.0
138.25,-32.0,22.3
138.5,-32.0,40.7
138.75,-32.0,62.6
139.0,-32.0,84.8
139.25,-32.0,106.1
139.5,-32.0,127.7
139.75,-32.0,144.0
140.0,-32.0,120.9
140.25,-32.0,97.9
140.5,-32.0,75.2
140.75,-32.0,53.2
141.0,-32.0,32.3
141.25,-32.0,11.9
141.5,-32.0,3.0
141.75,-32.0,5.1
142.0,-32.0,7.5
142.25,-32.0,20.0
142.5,-32.0,32.6
142.75,-32.0,47.5
143.0,-32.0,66.1
143.25,-32.0,86.7
143.5,-32.0,108.3
143.75,-32.0,130.5
144.0,-32.0,153.0
144.25,-32.0,160.0
144.5,-32.0,138.3
144.75,-32.0,117.3
145.0,-32.0,96.5
145.25,-32.0,77.2
145.5,-32.0,61.0
145.75,-32.0,50.8
146.0,-32.0,50.3
146.25,-32.0,50.0
146.5,-32.0,48.1
146.75,-32.0,49.0
147.0,-32.0,45.9
147.25,-32.0,37.5
147.5,-32.0,25.3
147.75,-32.0,11.2
148.0,-32.0,4.5
148.25,-32.0,3.7
148.5,-32.0,11.0
148.75,-32.0,12.4
149.0,-32.0,26.6
149.25,-32.0,8.7
149.5,-32.0,8.9
149.75,-32.0,29.4
150.0,-32.0,31.3
150.25,-32.0,29.0
150.5,-32.0,26.7
150.75,-32.0,11.4
151.0,-32.0,4.3
151.25,-32.0,7.8
151.5,-32.0,23.2
151.75,-32.0,23.2
152.0,-32.0,2.5
152.25,-32.0,3.6
152.5,-32.0,2.3
152.75,-32.0,18.3
115.5,-32.25,21.8
115.75,-32.25,1.4
116.0,-32.25,3.9
116.25,-32.25,6.1
116.5,-32.25,16.9
116.75,-32.25,40.2
117.0,-32.25,63.5
117.25,-32.25,63.7
117.5,-32.25,57.6
117.75,-32.25,45.4
118.0,-32.25,22.0
118.25,-32.25,1.3
118.5,-32.25,16.6
118.75,-32.25,11.1
119.0,-32.25,1.9
119.25,-32.25,1.8
119.5,-32.25,9.6
119.75,-32.25,16.2
120.0,-32.25,27.1
120.25,-32.25,47.9
120.5,-32.25,70.4
120.75,-32.25,93.3
121.0,-32.25,116.3
121.25,-32.25,111.3
121.5,-32.25,102.5
121.75,-32.25,98.6
122.0,-32.25,100.2
122.25,-32.25,107.1
122.5,-32.25,118.3
122.75,-32.25,132.7
123.0,-32.25,149.4
123.25,-32.25,167.8
123.5,-32.25,187.3
123.75,-32.25,207.6
124.0,-32.25,228.5
124.25,-32.25,249.9
124.5,-32.25,271.6
124.75,-32.25,293.6
125.0,-32.25,315.8
125.25,-32.25,338.1
125.5,-32.25,360.6
125.75,-32.25,383.3
126.0,-32.25,406.0
126.25,-32.25,428.8
126.5,-32.25,451.6
126.75,-32.25,474.5
127.0,-32.25,497.5
127.25,-32.25,520.5
127.5,-32.25,543.5
127.75,-32.25,555.3
128.0,-32.25,531.9
128.25,-32.25,508.6
132.25,-32.25,135.3
132.5,-32.25,112.1
132.75,-32.25,89.0
133.0,-32.25,66.1
133.25,-32.25,43.7
133.5,-32.25,23.3
133.75,-32.25,15.4
134.0,-32.25,4.8
134.25,-32.25,10.8
134.5,-32.25,23.7
134.75,-32.25,40.9
135.0,-32.25,60.8
135.25,-32.25,67.9
135.5,-32.25,75.6
135.75,-32.25,88.8
136.0,-32.25,102.8
136.25,-32.25,112.0
136.5,-32.25,91.9
136.75,-32.25,71.7
137.0,-32.25,51.6
137.25,-32.25,31.5
137.5,-32.25,11.4
137.75,-32.25,8.5
138.0,-32.25,13.4
138.25,-32.25,36.7
138.5,-32.25,58.5
138.75,-32.25,72.8
139.0,-32.25,89.8
139.25,-32.25,109.2
139.5,-32.25,129.6
139.75,-32.25,146.7
140.0,-32.25,128.7
140.25,-32.25,107.5
140.5,-32.25,86.4
140.75,-32.25,65.5
141.0,-32.25,43.0
141.25,-32.25,20.4
141.5,-32.25,2.1
141.75,-32.25,24.7
142.0,-32.25,16.1
142.25,-32.25,3.6
142.5,-32.25,11.6
142.75,-32.25,32.9
143.0,-32.25,55.4
143.25,-32.25,78.1
143.5,-32.25,101.1
143.75,-32.25,124.2
144.0,-32.25,147.4
144.25,-32.25,170.6
144.5,-32.25,151.0
144.75,-32.25,131.4
145.0,-32.25,113.2
145.25,-32.25,97.4
145.5,-32.25,85.1
145.75,-32.25,78.1
146.0,-32.25,77.9
146.25,-32.25,77.9
146.5,-32.25,76.0
146.75,-32.25,77.0
147.0,-32.25,73.4
147.25,-32.25,61.4
147.5,-32.25,46.9
147.75,-32.25,29.6
148.0,-32.25,15.6
148.25,-32.25,0.8
148.5,-32.25,0.8
148.75,-32.25,4.6
149.0,-32.25,20.9
149.25,-32.25,16.6
149.5,-32.25,5.2
149.75,-32.25,2.5
150.0,-32.25,10.6
150.25,-32.25,3.1
150.5,-32.25,1.3
150.75,-32.25,6.5
151.0,-32.25,1.3
151.25,-32.25,24.2
151.5,-32.25,30.5
151.75,-32.25,15.2
152.0,-32.25,4.4
152.25,-32.25,6.4
152.5,-32.25,7.1
152.75,-32.25,22.4
115.5,-32.5,22.4
115.75,-32.5,1.2
116.0,-32.5,2.1
116.25,-32.5,6.2
116.5,-32.5,16.7
116.75,-32.5,39.9
117.0,-32.5,53.6
117.25,-32.5,43.3
117.5,-32.5,31.8
117.75,-32.5,22.1
118.0,-32.5,11.9
118.25,-32.5,0.2
118.5,-32.5,10.3
118.75,-32.5,13.5
119.0,-32.5,22.6
119.25,-32.5,28.9
119.5,-32.5,35.9
119.75,-32.5,43.8
120.0,-32.5,49.2
120.25,-32.5,63.1
120.5,-32.5,81.4
120.75,-32.5,101.8
121.0,-32.5,123.3
121.25,-32.5,136.6
121.5,-32.5,129.6
121.75,-32.5,126.5
122.0,-32.5,127.8
122.25,-32.5,133.2
122.5,-32.5,142.4
122.75,-32.5,154.5
123.0,-32.5,169.1
123.25,-32.5,185.5
123.5,-32.5,203.2
123.75,-32.5,222.1
124.0,-32.5,241.7
124.25,-32.5,261.9
124.5,-32.5,282.7
124.75,-32.5,303.8
125.0,-32.5,325.3
125.25,-32.5,347.0
125.5,-32.5,368.9
125.75,-32.5,391.0
126.0,-32.5,413.2
126.25,-32.5,435.6
126.5,-32.5,458.0
126.75,-32.5,480.6
127.0,-32.5,503.2
127.25,-32.5,525.9
133.75,-32.5,39.3
134.0,-32.5,25.4
134.25,-32.5,12.5
134.5,-32.5,6.5
134.75,-32.5,25.8
135.0,-32.5,34.5
135.25,-32.5,40.7
135.5,-32.5,52.4
135.75,-32.5,67.5
136.0,-32.5,79.0
136.25,-32.5,93.6
136.5,-32.5,93.0
136.75,-32.5,75.6
137.0,-32.5,52.4
137.25,-32.5,29.5
137.5,-32.5,9.0
137.75,-32.5,4.5
138.0,-32.5,12.0
138.25,-32.5,23.2
138.5,-32.5,36.4
138.75,-32.5,54.8
139.0,-32.5,75.3
139.25,-32.5,93.7
139.5,-32.5,110.7
139.75,-32.5,128.1
140.0,-32.5,140.3
140.25,-32.5,117.4
140.5,-32.5,94.3
140.75,-32.5,71.2
141.0,-32.5,48.5
141.25,-32.5,25.4
141.5,-32.5,2.1
141.75,-32.5,21.2
142.0,-32.5,39.7
142.25,-32.5,21.0
142.5,-32.5,14.1
142.75,-32.5,32.3
143.0,-32.5,54.6
143.25,-32.5,77.5
143.5,-32.5,100.6
143.75,-32.5,123.7
144.0,-32.5,146.9
144.25,-32.5,164.2
144.5,-32.5,148.3
144.75,-32.5,134.6
145.0,-32.5,123.7
145.25,-32.5,116.4
145.5,-32.5,111.1
145.75,-32.5,105.8
146.0,-32.5,91.2
146.25,-32.5,77.1
146.5,-32.5,68.1
146.75,-32.5,66.6
147.0,-32.5,66.6
147.25,-32.5,65.2
147.5,-32.5,52.5
147.75,-32.5,42.8
148.0,-32.5,21.0
148.25,-32.5,10.0
148.5,-32.5,21.7
148.75,-32.5,10.3
149.0,-32.5,1.2
149.25,-32.5,7.0
149.5,-32.5,0.0
149.75,-32.5,13.3
150.0,-32.5,7.6
150.25,-32.5,15.1
150.5,-32.5,28.2
150.75,-32.5,10.1
151.0,-32.5,2.7
151.25,-32.5,13.0
151.5,-32.5,22.0
151.75,-32.5,0.8
152.0,-32.5,12.4
152.25,-32.5,3.4
152.5,-32.5,26.2
115.5,-32.75,30.0
115.75,-32.75,7.3
116.0,-32.75,0.9
116.25,-32.75,6.0
116.5,-32.75,13.2
116.75,-32.75,36.4
117.0,-32.75,28.8
117.25,-32.75,18.8
117.5,-32.75,7.9
117.75,-32.75,2.8
118.0,-32.75,13.5
118.25,-32.75,23.2
118.5,-32.75,35.3
118.75,-32.75,41.0
119.0,-32.75,47.8
119.25,-32.75,56.7
119.5,-32.75,62.2
119.75,-32.75,70.1
120.0,-32.75,75.3
120.25,-32.75,85.0
120.5,-32.75,99.3
120.75,-32.75,116.6
121.0,-32.75,135.7
121.25,-32.75,155.9
121.5,-32.75,157.0
121.75,-32.75,154.5
122.0,-32.75,155.5
122.25,-32.75,160.0
122.5,-32.75,167.6
122.75,-32.75,178.1
123.0,-32.75,190.8
123.25,-32.75,205.4
123.5,-32.75,221.6
123.75,-32.75,238.9
124.0,-32.75,257.2
124.25,-32.75,276.3
124.5,-32.75,296.0
124.75,-32.75,316.2
125.0,-32.75,336.8
125.25,-32.75,357.8
125.5,-32.75,379.0
125.75,-32.75,400.5
134.0,-32.75,26.3
134.25,-32.75,6.0
134.5,-32.75,8.8
134.75,-32.75,2.9
135.0,-32.75,8.5
135.25,-32.75,16.1
135.5,-32.75,31.2
135.75,-32.75,42.9
136.0,-32.75,57.4
136.25,-32.75,76.1
136.5,-32.75,71.5
136.75,-32.75,56.7
137.0,-32.75,44.7
137.25,-32.75,23.5
137.5,-32.75,0.5
137.75,-32.75,15.6
138.0,-32.75,0.4
138.25,-32.75,0.5
138.5,-32.75,21.0
138.75,-32.75,40.8
139.0,-32.75,57.4
139.25,-32.75,74.7
139.5,-32.75,92.6
139.75,-32.75,112.4
140.0,-32.75,132.5
140.25,-32.75,119.5
140.5,-32.75,96.3
140.75,-32.75,73.1
141.0,-32.75,49.9
141.25,-32.75,26.7
141.5,-32.75,3.5
141.75,-32.75,19.6
142.0,-32.75,42.8
142.25,-32.75,43.8
142.5,-32.75,41.0
142.75,-32.75,50.3
143.0,-32.75,66.7
143.25,-32.75,86.4
143.5,-32.75,107.6
143.75,-32.75,129.4
144.0,-32.75,151.7
144.25,-32.75,146.2
144.5,-32.75,128.1
144.75,-32.75,112.0
145.0,-32.75,98.6
145.25,-32.75,89.4
145.5,-32.75,85.6
145.75,-32.75,86.3
146.0,-32.75,72.2
146.25,-32.75,54.9
146.5,-32.75,41.5
146.75,-32.75,38.8
147.0,-32.75,39.9
147.25,-32.75,37.5
147.5,-32.75,29.1
147.75,-32.75,20.4
148.0,-32.75,17.5
148.25,-32.75,4.2
148.5,-32.75,2.4
148.75,-32.75,13.1
149.0,-32.75,4.2
149.25,-32.75,13.9
149.5,-32.75,14.1
149.75,-32.75,4.8
150.0,-32.75,1.0
150.25,-32.75,22.3
150.5,-32.75,26.9
150.75,-32.75,5.0
151.0,-32.75,13.0
151.25,-32.75,0.6
151.5,-32.75,1.0
151.75,-32.75,5.6
152.0,-32.75,10.9
152.25,-32.75,22.1
115.5,-33.0,23.8
115.75,-33.0,4.7
116.0,-33.0,5.5
116.25,-33.0,6.5
116.5,-33.0,16.6
116.75,-33.0,17.1
117.0,-33.0,3.8
117.25,-33.0,4.8
117.5,-33.0,16.7
117.75,-33.0,27.5
118.0,-33.0,38.3
118.25,-33.0,47.9
118.5,-33.0,58.3
118.75,-33.0,68.8
119.0,-33.0,74.0
119.25,-33.0,83.0
119.5,-33.0,88.6
119.75,-33.0,96.4
120.0,-33.0,102.4
120.25,-33.0,109.7
120.5,-33.0,121.1
120.75,-33.0,135.6
121.0,-33.0,152.3
121.25,-33.0,170.5
121.5,-33.0,184.5
121.75,-33.0,182.4
122.0,-33.0,183.3
122.25,-33.0,187.1
122.5,-33.0,193.7
122.75,-33.0,202.7
123.0,-33.0,214.0
123.25,-33.0,227.1
123.5,-33.0,241.7
123.75,-33.0,257.7
124.0,-33.0,274.7
124.25,-33.0,292.6
124.5,-33.0,311.2
124.75,-33.0,330.5
125.0,-33.0,350.2
125.25,-33.0,370.3
134.0,-33.0,34.1
134.25,-33.0,22.6
134.5,-33.0,29.3
134.75,-33.0,23.6
135.0,-33.0,17.5
135.25,-33.0,5.0
135.5,-33.0,7.1
135.75,-33.0,21.9
136.0,-33.0,41.6
136.25,-33.0,63.0
136.5,-33.0,50.0
136.75,-33.0,35.2
137.0,-33.0,20.5
137.25,-33.0,9.0
137.5,-33.0,0.2
137.75,-33.0,2.1
138.0,-33.0,4.4
138.25,-33.0,3.1
138.5,-33.0,5.7
138.75,-33.0,21.4
139.0,-33.0,38.8
139.25,-33.0,58.3
139.5,-33.0,78.4
139.75,-33.0,98.5
140.0,-33.0,111.4
140.25,-33.0,116.7
140.5,-33.0,97.8
140.75,-33.0,74.6
141.0,-33.0,51.4
141.25,-33.0,28.2
141.5,-33.0,5.1
141.75,-33.0,17.0
142.0,-33.0,39.1
142.25,-33.0,42.0
142.5,-33.0,49.4
142.75,-33.0,64.8
143.0,-33.0,83.5
143.25,-33.0,100.2
143.5,-33.0,118.1
143.75,-33.0,137.5
144.0,-33.0,152.9
144.25,-33.0,131.7
144.5,-33.0,111.4
144.75,-33.0,92.3
145.0,-33.0,75.6
145.25,-33.0,63.2
145.5,-33.0,57.7
145.75,-33.0,61.1
146.0,-33.0,50.2
146.25,-33.0,36.8
146.5,-33.0,19.1
146.75,-33.0,11.1
147.0,-33.0,13.9
147.25,-33.0,11.6
147.5,-33.0,22.2
147.75,-33.0,5.2
148.0,-33.0,5.6
148.25,-33.0,7.3
148.5,-33.0,22.0
148.75,-33.0,1.3
149.0,-33.0,6.5
149.25,-33.0,6.7
149.5,-33.0,29.4
149.75,-33.0,11.3
150.0,-33.0,8.6
150.25,-33.0,29.7
150.5,-33.0,16.8
150.75,-33.0,5.6
151.0,-33.0,23.9
151.25,-33.0,15.5
151.5,-33.0,1.6
151.75,-33.0,5.4
152.0,-33.0,25.5
115.5,-33.25,18.0
115.75,-33.25,2.8
116.0,-33.25,1.6
116.25,-33.25,6.6
116.5,-33.25,15.4
116.75,-33.25,0.5
117.0,-33.25,11.8
117.25,-33.25,3.8
117.5,-33.25,17.8
117.75,-33.25,38.6
118.0,-33.25,60.9
118.25,-33.25,73.7
118.5,-33.25,83.3
118.75,-33.25,94.0
119.0,-33.25,100.5
119.25,-33.25,108.3
119.5,-33.25,115.5
119.75,-33.25,122.7
120.0,-33.25,129.8
120.25,-33.25,135.6
120.5,-33.25,145.0
120.75,-33.25,157.3
121.0,-33.25,171.8
121.25,-33.25,188.2
121.5,-33.25,205.8
121.75,-33.25,210.3
122.0,-33.25,211.1
122.25,-33.25,214.4
122.5,-33.25,220.1
122.75,-33.25,228.1
123.0,-33.25,238.2
123.25,-33.25,250.0
123.5,-33.25,263.3
123.75,-33.25,278.0
124.0,-33.25,293.8
124.25,-33.25,310.6
124.5,-33.25,328.1
124.75,-33.25,346.4
134.25,-33.25,50.4
134.5,-33.25,54.4
134.75,-33.25,50.5
135.0,-33.25,32.7
135.25,-33.25,9.5
135.5,-33.25,11.2
135.75,-33.25,9.9
136.0,-33.25,29.3
136.25,-33.25,39.4
136.5,-33.25,28.8
136.75,-33.25,13.8
137.0,-33.25,1.1
137.25,-33.25,15.2
137.5,-33.25,26.7
137.75,-33.25,25.4
138.0,-33.25,6.3
138.25,-33.25,7.9
138.5,-33.25,14.4
138.75,-33.25,5.3
139.0,-33.25,24.4
139.25,-33.25,44.9
139.5,-33.25,66.9
139.75,-33.25,79.7
140.0,-33.25,83.8
140.25,-33.25,89.8
140.5,-33.25,93.2
140.75,-33.25,79.4
141.0,-33.25,57.7
141.25,-33.25,35.2
141.5,-33.25,12.7
141.75,-33.25,10.2
142.0,-33.25,23.3
142.25,-33.25,14.3
142.5,-33.25,29.5
142.75,-33.25,48.6
143.0,-33.25,64.3
143.25,-33.25,83.4
143.5,-33.25,104.1
143.75,-33.25,125.6
144.0,-33.25,144.5
144.25,-33.25,122.0
144.5,-33.25,99.7
144.75,-33.25,78.0
145.0,-33.25,57.3
145.25,-33.25,39.4
145.5,-33.25,29.8
145.75,-33.25,36.0
146.0,-33.25,37.1
146.25,-33.25,14.9
146.5,-33.25,1.7
146.75,-33.25,16.4
147.0,-33.25,13.8
147.25,-33.25,5.2
147.5,-33.25,2.9
147.75,-33.25,16.3
148.0,-33.25,4.3
148.25,-33.25,3.6
148.5,-33.25,2.6
148.75,-33.25,5.4
149.0,-33.25,2.9
149.25,-33.25,1.2
149.5,-33.25,9.5
149.75,-33.25,13.9
150.0,-33.25,1.3
150.25,-33.25,16.9
150.5,-33.25,15.9
150.75,-33.25,5.9
151.0,-33.25,4.0
151.25,-33.25,0.3
151.5,-33.25,0.7
151.75,-33.25,17.3
115.25,-33.5,20.8
115.5,-33.5,5.3
115.75,-33.5,4.5
116.0,-33.5,3.5
116.25,-33.5,3.1
116.5,-33.5,2.1
116.75,-33.5,13.0
117.0,-33.5,6.3
117.25,-33.5,13.8
117.5,-33.5,9.0
117.75,-33.5,28.6
118.0,-33.5,47.8
118.25,-33.5,69.4
118.5,-33.5,91.7
118.75,-33.5,114.3
119.0,-33.5,127.5
119.25,-33.5,134.5
119.5,-33.5,142.9
119.75,-33.5,148.9
120.0,-33.5,156.8
120.25,-33.5,162.2
120.5,-33.5,170.1
120.75,-33.5,180.7
121.0,-33.5,193.4
121.25,-33.5,208.0
121.5,-33.5,224.1
121.75,-33.5,238.2
122.0,-33.5,238.9
122.25,-33.5,241.8
122.5,-33.5,246.9
122.75,-33.5,254.0
123.0,-33.5,263.1
123.25,-33.5,273.8
123.5,-33.5,286.0
123.75,-33.5,299.5
124.0,-33.5,314.2
124.25,-33.5,329.9
134.5,-33.5,76.8
134.75,-33.5,53.8
135.0,-33.5,31.0
135.25,-33.5,8.3
135.5,-33.5,4.8
135.75,-33.5,5.5
136.0,-33.5,4.7
136.25,-33.5,15.1
136.5,-33.5,8.1
136.75,-33.5,7.4
137.0,-33.5,22.5
137.25,-33.5,37.3
137.5,-33.5,50.9
137.75,-33.5,31.7
138.0,-33.5,8.8
138.25,-33.5,0.5
138.5,-33.5,12.8
138.75,-33.5,5.5
139.0,-33.5,13.6
139.25,-33.5,36.5
139.5,-33.5,47.8
139.75,-33.5,53.1
140.0,-33.5,56.6
140.25,-33.5,61.9
140.5,-33.5,66.8
140.75,-33.5,73.5
141.0,-33.5,61.1
141.25,-33.5,38.0
141.5,-33.5,15.0
141.75,-33.5,6.7
142.0,-33.5,16.2
142.25,-33.5,5.2
142.5,-33.5,13.1
142.75,-33.5,29.4
143.0,-33.5,51.1
143.25,-33.5,73.6
143.5,-33.5,96.4
143.75,-33.5,119.3
144.0,-33.5,136.5
144.25,-33.5,117.4
144.5,-33.5,94.5
144.75,-33.5,71.7
145.0,-33.5,48.8
145.25,-33.5,25.9
145.5,-33.5,3.3
145.75,-33.5,20.4
146.0,-33.5,42.5
146.25,-33.5,25.4
146.5,-33.5,22.4
146.75,-33.5,29.6
147.0,-33.5,39.1
147.25,-33.5,20.4
147.5,-33.5,18.6
147.75,-33.5,10.2
148.0,-33.5,9.7
148.25,-33.5,0.4
148.5,-33.5,13.5
148.75,-33.5,11.8
149.0,-33.5,3.8
149.25,-33.5,1.9
149.5,-33.5,4.7
149.75,-33.5,0.9
150.0,-33.5,1.0
150.25,-33.5,1.7
150.5,-33.5,0.7
150.75,-33.5,3.6
151.0,-33.5,1.7
151.25,-33.5,4.3
151.5,-33.5,9.3
115.0,-33.75,17.8
115.25,-33.75,1.8
115.5,-33.75,5.7
115.75,-33.75,16.7
116.0,-33.75,22.8
116.25,-33.75,5.2
116.5,-33.75,14.3
116.75,-33.75,8.7
117.0,-33.75,1.1
117.25,-33.75,0.3
117.5,-33.75,5.1
117.75,-33.75,21.0
118.0,-33.75,43.6
118.25,-33.75,66.6
118.5,-33.75,89.5
118.75,-33.75,112.5
119.0,-33.75,135.5
119.25,-33.75,158.6
119.5,-33.75,168.6
119.75,-33.75,175.4
120.0,-33.75,183.0
120.25,-33.75,189.2
120.5,-33.75,196.0
120.75,-33.75,205.2
121.0,-33.75,216.5
121.25,-33.75,229.6
121.5,-33.75,244.2
121.75,-33.75,260.1
122.0,-33.75,266.7
122.25,-33.75,269.3
122.5,-33.75,273.9
122.75,-33.75,280.3
123.0,-33.75,288.5
123.25,-33.75,298.3
123.5,-33.75,309.5
123.75,-33.75,322.0
124.0,-33.75,335.7
134.75,-33.75,60.7
135.0,-33.75,41.4
135.25,-33.75,28.1
135.5,-33.75,21.6
135.75,-33.75,16.7
136.0,-33.75,9.9
136.25,-33.75,7.3
136.5,-33.75,5.6
136.75,-33.75,14.3
137.0,-33.75,30.6
137.25,-33.75,50.9
137.5,-33.75,33.0
137.75,-33.75,25.4
138.0,-33.75,9.8
138.25,-33.75,9.9
138.5,-33.75,2.1
138.75,-33.75,13.4
139.0,-33.75,3.8
139.25,-33.75,19.9
139.5,-33.75,20.0
139.75,-33.75,26.5
140.0,-33.75,29.8
140.25,-33.75,34.1
140.5,-33.75,41.8
140.75,-33.75,45.6
141.0,-33.75,50.6
141.25,-33.75,47.1
141.5,-33.75,28.2
141.75,-33.75,10.1
142.0,-33.75,7.4
142.25,-33.75,1.8
142.5,-33.75,10.7
142.75,-33.75,30.0
143.0,-33.75,51.4
143.25,-33.75,73.8
143.5,-33.75,92.2
143.75,-33.75,101.2
144.0,-33.75,114.1
144.25,-33.75,100.4
144.5,-33.75,88.9
144.75,-33.75,68.3
145.0,-33.75,45.4
145.25,-33.75,22.5
145.5,-33.75,0.4
145.75,-33.75,23.3
146.0,-33.75,46.3
146.25,-33.75,35.9
146.5,-33.75,12.9
146.75,-33.75,5.9
147.0,-33.75,12.6
147.25,-33.75,10.0
147.5,-33.75,12.8
147.75,-33.75,34.7
148.0,-33.75,22.5
148.25,-33.75,17.3
148.5,-33.75,4.7
148.75,-33.75,5.5
149.0,-33.75,15.7
149.25,-33.75,11.5
149.5,-33.75,23.1
149.75,-33.75,3.1
150.0,-33.75,13.7
150.25,-33.75,2.8
150.5,-33.75,3.2
150.75,-33.75,0.2
151.0,-33.75,0.3
151.25,-33.75,0.7
151.5,-33.75,23.6
114.75,-34.0,31.2
115.0,-34.0,9.3
115.25,-34.0,15.4
115.5,-34.0,23.3
115.75,-34.0,29.5
116.0,-34.0,15.3
116.25,-34.0,1.4
116.5,-34.0,23.8
116.75,-34.0,33.4
117.0,-34.0,14.9
117.25,-34.0,1.9
117.5,-34.0,15.5
117.75,-34.0,32.8
118.0,-34.0,52.0
118.25,-34.0,73.0
118.5,-34.0,92.8
118.75,-34.0,112.7
119.0,-34.0,132.7
119.25,-34.0,153.3
119.5,-34.0,174.3
119.75,-34.0,195.7
120.0,-34.0,209.2
120.25,-34.0,216.3
120.5,-34.0,222.3
120.75,-34.0,230.4
121.0,-34.0,240.5
121.25,-34.0,252.4
121.5,-34.0,265.7
121.75,-34.0,280.3
122.0,-34.0,294.5
122.25,-34.0,296.9
122.5,-34.0,301.0
122.75,-34.0,306.9
123.0,-34.0,314.4
123.25,-34.0,323.3
123.5,-34.0,333.7
123.75,-34.0,345.3
135.0,-34.0,63.2
135.25,-34.0,55.0
135.5,-34.0,47.2
135.75,-34.0,35.5
136.0,-34.0,14.9
136.25,-34.0,5.8
136.5,-34.0,25.8
136.75,-34.0,41.2
137.0,-34.0,49.9
137.25,-34.0,44.0
137.5,-34.0,21.0
137.75,-34.0,1.3
138.0,-34.0,8.3
138.25,-34.0,13.1
138.5,-34.0,3.7
138.75,-34.0,4.5
139.0,-34.0,2.6
139.25,-34.0,4.4
139.5,-34.0,1.9
139.75,-34.0,0.1
140.0,-34.0,3.8
140.25,-34.0,6.4
140.5,-34.0,17.2
140.75,-34.0,17.8
141.0,-34.0,27.3
141.25,-34.0,30.7
141.5,-34.0,31.5
141.75,-34.0,21.3
142.0,-34.0,2.2
142.25,-34.0,6.6
142.5,-34.0,24.2
142.75,-34.0,42.4
143.0,-34.0,56.4
143.25,-34.0,60.4
143.5,-34.0,65.9
143.75,-34.0,78.0
144.0,-34.0,89.9
144.25,-34.0,79.2
144.5,-34.0,64.5
144.75,-34.0,54.6
145.0,-34.0,41.6
145.25,-34.0,18.7
145.5,-34.0,1.9
145.75,-34.0,21.3
146.0,-34.0,36.4
146.25,-34.0,34.4
146.5,-34.0,28.0
146.75,-34.0,19.3
147.0,-34.0,15.0
147.25,-34.0,4.4
147.5,-34.0,15.6
147.75,-34.0,32.2
148.0,-34.0,19.3
148.25,-34.0,9.6
148.5,-34.0,7.4
148.75,-34.0,1.5
149.0,-34.0,6.1
149.25,-34.0,28.1
149.5,-34.0,22.2
149.75,-34.0,2.2
150.0,-34.0,18.5
150.25,-34.0,19.1
150.5,-34.0,5.8
150.75,-34.0,0.3
151.0,-34.0,0.6
151.25,-34.0,2.0
151.5,-34.0,24.3
115.0,-34.25,25.6
115.25,-34.25,6.5
115.5,-34.25,1.2
115.75,-34.25,3.6
116.0,-34.25,5.1
116.25,-34.25,6.6
116.5,-34.25,27.4
116.75,-34.25,49.4
117.0,-34.25,32.6
117.25,-34.25,15.5
117.5,-34.25,0.6
117.75,-34.25,19.5
118.0,-34.25,39.1
118.25,-34.25,59.0
118.5,-34.25,79.1
118.75,-34.25,100.1
119.0,-34.25,121.5
119.25,-34.25,143.3
119.5,-34.25,165.3
119.75,-34.25,187.2
120.0,-34.25,209.2
120.25,-34.25,231.3
120.5,-34.25,249.0
120.75,-34.25,256.2
122.25,-34.25,324.5
122.5,-34.25,328.3
122.75,-34.25,333.6
123.0,-34.25,340.5
123.25,-34.25,348.8
123.5,-34.25,358.4
135.0,-34.25,81.0
135.25,-34.25,62.8
135.5,-34.25,42.6
135.75,-34.25,22.4
136.0,-34.25,2.1
136.25,-34.25,18.0
136.5,-34.25,38.6
137.25,-34.25,52.3
137.5,-34.25,34.6
137.75,-34.25,17.4
138.0,-34.25,2.2
138.25,-34.25,12.2
138.5,-34.25,2.6
138.75,-34.25,9.4
139.0,-34.25,12.4
139.25,-34.25,5.0
139.5,-34.25,10.5
139.75,-34.25,12.1
140.0,-34.25,5.2
140.25,-34.25,5.2
140.5,-34.25,3.0
140.75,-34.25,2.6
141.0,-34.25,2.8
141.25,-34.25,2.8
141.5,-34.25,7.4
141.75,-34.25,10.2
142.0,-34.25,8.5
142.25,-34.25,1.7
142.5,-34.25,7.2
142.75,-34.25,25.4
143.0,-34.25,28.9
143.25,-34.25,32.8
143.5,-34.25,41.9
143.75,-34.25,56.6
144.0,-34.25,62.2
144.25,-34.25,63.4
144.5,-34.25,43.7
144.75,-34.25,28.8
145.0,-34.25,25.7
145.25,-34.25,22.3
145.5,-34.25,0.6
145.75,-34.25,14.5
146.0,-34.25,12.4
146.25,-34.25,8.5
146.5,-34.25,27.9
146.75,-34.25,15.5
147.0,-34.25,9.3
147.25,-34.25,11.5
147.5,-34.25,3.8
147.75,-34.25,22.1
148.0,-34.25,25.6
148.25,-34.25,5.9
148.5,-34.25,7.3
148.75,-34.25,1.9
149.0,-34.25,20.7
149.25,-34.25,30.0
149.5,-34.25,22.3
149.75,-34.25,9.4
150.0,-34.25,8.7
150.25,-34.25,19.4
150.5,-34.25,1.2
150.75,-34.25,0.9
151.0,-34.25,4.7
151.25,-34.25,24.1
115.25,-34.5,34.1
115.5,-34.5,27.3
115.75,-34.5,22.5
116.0,-34.5,20.9
116.25,-34.5,19.3
116.5,-34.5,34.6
116.75,-34.5,55.5
117.0,-34.5,50.1
117.25,-34.5,27.8
117.5,-34.5,5.9
117.75,-34.5,5.4
118.0,-34.5,26.0
118.25,-34.5,47.6
118.5,-34.5,69.6
118.75,-34.5,91.5
119.0,-34.5,113.5
119.25,-34.5,135.8
119.5,-34.5,158.2
135.25,-34.5,45.4
135.5,-34.5,30.7
135.75,-34.5,9.3
136.0,-34.5,10.9
136.25,-34.5,31.1
137.5,-34.5,25.5
137.75,-34.5,2.8
138.0,-34.5,12.9
138.25,-34.5,31.3
138.5,-34.5,9.5
138.75,-34.5,1.5
139.0,-34.5,0.3
139.25,-34.5,0.1
139.5,-34.5,0.4
139.75,-34.5,15.6
140.0,-34.5,33.1
140.25,-34.5,26.3
140.5,-34.5,4.4
140.75,-34.5,15.7
141.0,-34.5,25.1
141.25,-34.5,24.0
141.5,-34.5,17.5
141.75,-34.5,17.7
142.0,-34.5,17.7
142.25,-34.5,1.1
142.5,-34.5,3.5
142.75,-34.5,0.8
143.0,-34.5,1.6
143.25,-34.5,5.8
143.5,-34.5,20.6
143.75,-34.5,33.7
144.0,-34.5,34.8
144.25,-34.5,39.8
144.5,-34.5,34.6
144.75,-34.5,11.8
145.0,-34.5,3.2
145.25,-34.5,10.4
145.5,-34.5,12.9
145.75,-34.5,6.9
146.0,-34.5,3.8
146.25,-34.5,5.2
146.5,-34.5,14.7
146.75,-34.5,22.5
147.0,-34.5,18.4
147.25,-34.5,16.1
147.5,-34.5,1.7
147.75,-34.5,17.6
148.0,-34.5,11.4
148.25,-34.5,2.8
148.5,-34.5,2.4
148.75,-34.5,2.9
149.0,-34.5,15.7
149.25,-34.5,17.8
149.5,-34.5,2.4
149.75,-34.5,2.0
150.0,-34.5,0.1
150.25,-34.5,8.3
150.5,-34.5,9.2
150.75,-34.5,0.2
151.0,-34.5,9.6
115.75,-34.75,50.3
116.0,-34.75,47.9
116.25,-34.75,46.4
116.5,-34.75,54.6
116.75,-34.75,69.6
117.0,-34.75,57.7
117.25,-34.75,35.9
117.5,-34.75,14.0
117.75,-34.75,4.0
118.0,-34.75,18.5
118.25,-34.75,41.3
118.5,-34.75,63.7
118.75,-34.75,85.6
119.0,-34.75,107.9
119.25,-34.75,130.3
135.5,-34.75,11.6
135.75,-34.75,4.4
136.0,-34.75,18.1
137.75,-34.75,4.2
138.25,-34.75,23.3
138.5,-34.75,1.7
138.75,-34.75,0.2
139.0,-34.75,4.8
139.25,-34.75,10.4
139.5,-34.75,25.7
139.75,-34.75,32.4
140.0,-34.75,48.3
140.25,-34.75,40.3
140.5,-34.75,30.9
140.75,-34.75,35.4
141.0,-34.75,50.1
141.25,-34.75,48.2
141.5,-34.75,45.3
141.75,-34.75,45.0
142.0,-34.75,23.0
142.25,-34.75,1.0
142.5,-34.75,1.2
142.75,-34.75,2.3
143.0,-34.75,3.5
143.25,-34.75,15.4
143.5,-34.75,0.1
143.75,-34.75,6.8
144.0,-34.75,9.5
144.25,-34.75,12.1
144.5,-34.75,14.4
144.75,-34.75,6.2
145.0,-34.75,7.7
145.25,-34.75,11.3
145.5,-34.75,11.7
145.75,-34.75,2.0
146.0,-34.75,3.9
146.25,-34.75,2.0
146.5,-34.75,0.1
146.75,-34.75,16.8
147.0,-34.75,21.0
147.25,-34.75,7.8
147.5,-34.75,1.4
147.75,-34.75,5.8
148.0,-34.75,0.1
148.25,-34.75,6.5
148.5,-34.75,7.3
148.75,-34.75,0.7
149.0,-34.75,2.2
149.25,-34.75,4.1
149.5,-34.75,5.6
149.75,-34.75,0.7
150.0,-34.75,1.9
150.25,-34.75,16.0
150.5,-34.75,1.3
150.75,-34.75,0.8
151.0,-34.75,20.5
116.0,-35.0,75.3
116.25,-35.0,74.0
116.5,-35.0,79.4
116.75,-35.0,87.7
117.0,-35.0,66.7
117.25,-35.0,45.9
117.5,-35.0,25.0
117.75,-35.0,4.4
118.0,-35.0,15.3
118.25,-35.0,37.7
118.5,-35.0,60.4
138.25,-35.0,25.0
138.5,-35.0,9.1
138.75,-35.0,5.8
139.0,-35.0,3.5
139.25,-35.0,0.5
139.5,-35.0,18.8
139.75,-35.0,32.1
140.0,-35.0,50.7
140.25,-35.0,64.1
140.5,-35.0,58.7
140.75,-35.0,61.5
141.0,-35.0,71.0
141.25,-35.0,75.0
141.5,-35.0,72.0
141.75,-35.0,49.2
142.0,-35.0,26.5
142.25,-35.0,3.7
142.5,-35.0,7.3
142.75,-35.0,1.1
143.0,-35.0,15.5
143.25,-35.0,27.5
143.5,-35.0,17.6
143.75,-35.0,10.3
144.0,-35.0,7.9
144.25,-35.0,15.5
144.5,-35.0,13.0
144.75,-35.0,16.8
145.0,-35.0,20.1
145.25,-35.0,16.5
145.5,-35.0,6.6
145.75,-35.0,15.9
146.0,-35.0,28.2
146.25,-35.0,21.1
146.5,-35.0,9.1
146.75,-35.0,0.1
147.0,-35.0,5.0
147.25,-35.0,12.4
147.5,-35.0,1.3
147.75,-35.0,14.8
148.0,-35.0,4.0
148.25,-35.0,1.4
148.5,-35.0,1.5
148.75,-35.0,5.0
149.0,-35.0,2.0
149.25,-35.0,13.1
149.5,-35.0,8.7
149.75,-35.0,8.5
150.0,-35.0,13.8
150.25,-35.0,9.6
150.5,-35.0,3.0
150.75,-35.0,15.3
151.0,-35.0,36.6
116.25,-35.25,101.7
116.5,-35.25,105.7
116.75,-35.25,98.7
117.0,-35.25,77.8
117.25,-35.25,57.6
117.5,-35.25,40.3
117.75,-35.25,31.0
118.0,-35.25,34.1
118.25,-35.25,48.7
138.25,-35.25,20.1
138.5,-35.25,1.6
138.75,-35.25,8.9
139.0,-35.25,7.8
139.25,-35.25,14.8
139.5,-35.25,0.1
139.75,-35.25,16.2
140.0,-35.25,30.7
140.25,-35.25,50.2
140.5,-35.25,71.0
140.75,-35.25,88.5
141.0,-35.25,95.4
141.25,-35.25,95.9
141.5,-35.25,73.2
141.75,-35.25,50.5
142.0,-35.25,27.8
142.25,-35.25,5.1
142.5,-35.25,17.6
142.75,-35.25,20.3
143.0,-35.25,5.1
143.25,-35.25,9.8
143.5,-35.25,8.8
143.75,-35.25,15.3
144.0,-35.25,18.4
144.25,-35.25,10.5
144.5,-35.25,1.3
144.75,-35.25,11.3
145.0,-35.25,21.7
145.25,-35.25,5.0
145.5,-35.25,12.0
145.75,-35.25,12.5
146.0,-35.25,24.0
146.25,-35.25,13.9
146.5,-35.25,6.8
146.75,-35.25,2.2
147.0,-35.25,3.2
147.25,-35.25,3.9
147.5,-35.25,2.6
147.75,-35.25,5.2
148.0,-35.25,4.5
148.25,-35.25,0.4
148.5,-35.25,2.5
148.75,-35.25,4.9
149.0,-35.25,0.7
149.25,-35.25,0.6
149.5,-35.25,4.7
149.75,-35.25,10.8
150.0,-35.25,13.9
150.25,-35.25,14.6
150.5,-35.25,7.2
150.75,-35.25,26.0
138.5,-35.5,25.0
138.75,-35.5,28.7
139.0,-35.5,27.1
139.25,-35.5,31.3
139.5,-35.5,11.5
139.75,-35.5,2.4
140.0,-35.5,18.3
140.25,-35.5,37.9
140.5,-35.5,53.2
140.75,-35.5,70.0
141.0,-35.5,89.5
141.25,-35.5,95.8
141.5,-35.5,73.2
141.75,-35.5,50.6
142.0,-35.5,27.9
142.25,-35.5,5.3
142.5,-35.5,17.3
142.75,-35.5,40.0
143.0,-35.5,26.0
143.25,-35.5,10.9
143.5,-35.5,4.3
143.75,-35.5,2.6
144.0,-35.5,16.9
144.25,-35.5,8.6
144.5,-35.5,13.2
144.75,-35.5,11.4
145.0,-35.5,2.7
145.25,-35.5,1.7
145.5,-35.5,6.6
145.75,-35.5,12.4
146.0,-35.5,0.3
146.25,-35.5,11.5
146.5,-35.5,19.4
146.75,-35.5,25.7
147.0,-35.5,3.4
147.25,-35.5,1.7
147.5,-35.5,20.8
147.75,-35.5,16.9
148.0,-35.5,11.5
148.25,-35.5,2.2
148.5,-35.5,3.1
148.75,-35.5,5.5
149.0,-35.5,2.1
149.25,-35.5,6.2
149.5,-35.5,5.2
149.75,-35.5,27.8
150.0,-35.5,21.0
150.25,-35.5,6.6
150.5,-35.5,13.4
138.75,-35.75,54.8
139.0,-35.75,54.0
139.25,-35.75,42.9
139.5,-35.75,23.4
139.75,-35.75,5.2
140.0,-35.75,2.1
140.25,-35.75,17.4
140.5,-35.75,36.7
140.75,-35.75,56.2
141.0,-35.75,74.6
141.25,-35.75,75.1
141.5,-35.75,67.8
141.75,-35.75,50.8
142.0,-35.75,28.2
142.25,-35.75,5.6
142.5,-35.75,17.0
142.75,-35.75,39.6
143.0,-35.75,46.6
143.25,-35.75,31.5
143.5,-35.75,16.2
143.75,-35.75,2.6
144.0,-35.75,5.2
144.25,-35.75,14.5
144.5,-35.75,13.3
144.75,-35.75,11.5
145.0,-35.75,10.8
145.25,-35.75,15.0
145.5,-35.75,9.3
145.75,-35.75,6.6
146.0,-35.75,17.5
146.25,-35.75,22.0
146.5,-35.75,21.0
146.75,-35.75,17.2
147.0,-35.75,4.2
147.25,-35.75,4.6
147.5,-35.75,16.4
147.75,-35.75,20.9
148.0,-35.75,0.6
148.25,-35.75,0.9
148.5,-35.75,2.5
148.75,-35.75,19.1
149.0,-35.75,14.7
149.25,-35.75,1.8
149.5,-35.75,18.4
149.75,-35.75,33.1
150.0,-35.75,12.6
150.25,-35.75,7.6
150.5,-35.75,25.9
139.25,-36.0,58.0
139.5,-36.0,37.7
139.75,-36.0,18.1
140.0,-36.0,1.0
140.25,-36.0,3.3
140.5,-36.0,21.6
140.75,-36.0,42.2
141.0,-36.0,61.1
141.25,-36.0,52.0
141.5,-36.0,40.8
141.75,-36.0,40.4
142.0,-36.0,27.9
142.25,-36.0,5.4
142.5,-36.0,17.1
142.75,-36.0,39.6
143.0,-36.0,44.7
143.25,-36.0,32.1
143.5,-36.0,32.0
143.75,-36.0,20.6
144.0,-36.0,1.5
144.25,-36.0,13.6
144.5,-36.0,23.8
144.75,-36.0,4.4
145.0,-36.0,15.8
145.25,-36.0,16.1
145.5,-36.0,7.7
145.75,-36.0,4.9
146.0,-36.0,3.0
146.25,-36.0,5.7
146.5,-36.0,6.5
146.75,-36.0,0.6
147.0,-36.0,0.0
147.25,-36.0,21.2
147.5,-36.0,27.2
147.75,-36.0,22.0
148.0,-36.0,17.6
148.25,-36.0,2.6
148.5,-36.0,10.5
148.75,-36.0,3.2
149.0,-36.0,13.1
149.25,-36.0,2.9
149.5,-36.0,25.3
149.75,-36.0,33.7
150.0,-36.0,16.1
150.25,-36.0,19.1
150.5,-36.0,37.6
139.5,-36.25,51.8
139.75,-36.25,33.3
140.0,-36.25,14.9
140.25,-36.25,4.9
140.5,-36.25,8.4
140.75,-36.25,27.3
141.0,-36.25,46.4
141.25,-36.25,36.2
141.5,-36.25,16.4
141.75,-36.25,15.4
142.0,-36.25,18.6
142.25,-36.25,6.4
142.5,-36.25,16.0
142.75,-36.25,38.5
143.0,-36.25,32.8
143.25,-36.25,10.6
143.5,-36.25,7.7
143.75,-36.25,19.7
144.0,-36.25,12.1
144.25,-36.25,10.4
144.5,-36.25,25.6
144.75,-36.25,5.6
145.0,-36.25,5.4
145.25,-36.25,7.1
145.5,-36.25,3.1
145.75,-36.25,16.6
146.0,-36.25,20.4
146.25,-36.25,12.3
146.5,-36.25,14.8
146.75,-36.25,17.5
147.0,-36.25,1.4
147.25,-36.25,7.9
147.5,-36.25,1.9
147.75,-36.25,4.6
148.0,-36.25,9.3
148.25,-36.25,2.0
148.5,-36.25,2.8
148.75,-36.25,4.2
149.0,-36.25,0.8
149.25,-36.25,7.1
149.5,-36.25,27.5
149.75,-36.25,19.9
150.0,-36.25,18.2
150.25,-36.25,35.6
150.5,-36.25,54.8
139.5,-36.5,67.6
139.75,-36.5,45.6
140.0,-36.5,23.6
140.25,-36.5,2.5
140.5,-36.5,6.4
140.75,-36.5,13.1
141.0,-36.5,35.1
141.25,-36.5,36.2
141.5,-36.5,17.1
141.75,-36.5,11.2
142.0,-36.5,9.0
142.25,-36.5,6.3
142.5,-36.5,16.1
142.75,-36.5,35.7
143.0,-36.5,35.4
143.25,-36.5,15.0
143.5,-36.5,13.9
143.75,-36.5,0.7
144.0,-36.5,10.7
144.25,-36.5,10.2
144.5,-36.5,24.6
144.75,-36.5,14.1
145.0,-36.5,2.9
145.25,-36.5,8.9
145.5,-36.5,14.6
145.75,-36.5,10.7
146.0,-36.5,2.5
146.25,-36.5,0.0
146.5,-36.5,2.5
146.75,-36.5,1.2
147.0,-36.5,2.4
147.25,-36.5,15.7
147.5,-36.5,6.1
147.75,-36.5,21.5
148.0,-36.5,31.1
148.25,-36.5,22.0
148.5,-36.5,9.9
148.75,-36.5,10.0
149.0,-36.5,14.2
149.25,-36.5,3.6
149.5,-36.5,10.7
149.75,-36.5,6.9
150.0,-36.5,13.6
150.25,-36.5,34.2
139.5,-36.75,62.6
139.75,-36.75,40.7
140.0,-36.75,18.8
140.25,-36.75,3.1
140.5,-36.75,1.8
140.75,-36.75,11.5
141.0,-36.75,32.2
141.25,-36.75,38.1
141.5,-36.75,27.4
141.75,-36.75,27.7
142.0,-36.75,16.4
142.25,-36.75,0.1
142.5,-36.75,0.3
142.75,-36.75,16.1
143.0,-36.75,28.1
143.25,-36.75,38.8
143.5,-36.75,34.8
143.75,-36.75,22.5
144.0,-36.75,9.7
144.25,-36.75,1.8
144.5,-36.75,0.9
144.75,-36.75,10.2
145.0,-36.75,21.1
145.25,-36.75,32.4
145.5,-36.75,40.9
145.75,-36.75,21.3
146.0,-36.75,0.0
146.25,-36.75,13.9
146.5,-36.75,3.3
146.75,-36.75,5.7
147.0,-36.75,2.6
147.25,-36.75,3.7
147.5,-36.75,18.7
147.75,-36.75,29.7
148.0,-36.75,48.0
148.25,-36.75,45.4
148.5,-36.75,34.0
148.75,-36.75,33.7
149.0,-36.75,22.3
149.25,-36.75,1.8
149.5,-36.75,12.3
149.75,-36.75,6.3
150.0,-36.75,3.4
150.25,-36.75,25.6
139.5,-37.0,63.6
139.75,-37.0,41.7
140.0,-37.0,19.9
140.25,-37.0,2.0
140.5,-37.0,6.3
140.75,-37.0,4.4
141.0,-37.0,23.9
141.25,-37.0,26.8
141.5,-37.0,4.5
141.75,-37.0,1.3
142.0,-37.0,2.2
142.25,-37.0,16.8
142.5,-37.0,8.2
142.75,-37.0,3.2
143.0,-37.0,4.1
143.25,-37.0,15.7
143.5,-37.0,23.4
143.75,-37.0,5.5
144.0,-37.0,3.8
144.25,-37.0,4.4
144.5,-37.0,26.5
144.75,-37.0,32.3
145.0,-37.0,14.3
145.25,-37.0,9.2
145.5,-37.0,18.2
145.75,-37.0,11.2
146.0,-37.0,0.2
146.25,-37.0,4.9
146.5,-37.0,19.6
146.75,-37.0,21.8
147.0,-37.0,26.1
147.25,-37.0,15.7
147.5,-37.0,28.4
147.75,-37.0,48.7
148.0,-37.0,65.2
148.25,-37.0,68.6
148.5,-37.0,60.8
148.75,-37.0,45.7
149.0,-37.0,24.9
149.25,-37.0,12.0
149.5,-37.0,25.7
149.75,-37.0,4.5
150.0,-37.0,8.6
150.25,-37.0,30.1
139.5,-37.25,69.1
139.75,-37.25,47.3
140.0,-37.25,25.5
140.25,-37.25,5.4
140.5,-37.25,12.1
140.75,-37.25,0.1
141.0,-37.25,22.0
141.25,-37.25,38.9
141.5,-37.25,28.5
141.75,-37.25,24.6
142.0,-37.25,26.1
142.25,-37.25,37.7
142.5,-37.25,30.6
142.75,-37.25,12.6
143.0,-37.25,2.9
143.25,-37.25,7.3
143.5,-37.25,4.0
143.75,-37.25,17.0
144.0,-37.25,4.7
144.25,-37.25,15.3
144.5,-37.25,9.4
144.75,-37.25,20.8
145.0,-37.25,1.0
145.25,-37.25,9.4
145.5,-37.25,6.0
145.75,-37.25,0.0
146.0,-37.25,4.8
146.25,-37.25,16.2
146.5,-37.25,26.7
146.75,-37.25,46.4
147.0,-37.25,48.1
147.25,-37.25,43.3
147.5,-37.25,49.4
147.75,-37.25,52.5
148.0,-37.25,48.6
148.25,-37.25,52.1
148.5,-37.25,49.6
148.75,-37.25,36.6
149.0,-37.25,32.9
149.25,-37.25,37.4
149.5,-37.25,36.0
149.75,-37.25,18.5
150.0,-37.25,15.3
150.25,-37.25,31.3
139.75,-37.5,49.5
140.0,-37.5,27.6
140.25,-37.5,7.3
140.5,-37.5,11.5
140.75,-37.5,1.8
141.0,-37.5,18.4
141.25,-37.5,37.6
141.5,-37.5,46.0
141.75,-37.5,36.2
142.0,-37.5,27.7
142.25,-37.5,29.5
142.5,-37.5,20.5
142.75,-37.5,26.6
143.0,-37.5,15.8
143.25,-37.5,7.3
143.5,-37.5,5.7
143.75,-37.5,1.7
144.0,-37.5,1.4
144.25,-37.5,17.9
144.5,-37.5,7.5
144.75,-37.5,9.2
145.0,-37.5,2.3
145.25,-37.5,5.0
145.5,-37.5,8.8
145.75,-37.5,18.8
146.0,-37.5,27.8
146.25,-37.5,40.1
146.5,-37.5,48.8
146.75,-37.5,50.2
147.0,-37.5,43.8
147.25,-37.5,38.4
147.5,-37.5,33.9
147.75,-37.5,25.2
148.0,-37.5,21.0
148.25,-37.5,27.3
148.5,-37.5,22.0
148.75,-37.5,15.4
149.0,-37.5,6.0
149.25,-37.5,13.6
149.5,-37.5,34.1
149.75,-37.5,43.5
150.0,-37.5,42.0
140.0,-37.75,34.4
140.25,-37.75,12.3
140.5,-37.75,1.9
140.75,-37.75,2.8
141.0,-37.75,2.7
141.25,-37.75,11.8
141.5,-37.75,23.0
141.75,-37.75,22.9
142.0,-37.75,0.9
142.25,-37.75,3.0
142.5,-37.75,0.8
142.75,-37.75,17.0
143.0,-37.75,13.5
143.25,-37.75,13.4
143.5,-37.75,7.6
143.75,-37.75,4.6
144.0,-37.75,0.2
144.25,-37.75,2.6
144.5,-37.75,3.7
144.75,-37.75,1.4
145.0,-37.75,0.4
145.25,-37.75,0.6
145.5,-37.75,1.8
145.75,-37.75,19.1
146.0,-37.75,33.6
146.25,-37.75,38.7
146.5,-37.75,36.9
146.75,-37.75,26.8
147.0,-37.75,16.3
147.25,-37.75,12.5
147.5,-37.75,8.1
147.75,-37.75,0.0
148.0,-37.75,4.4
148.25,-37.75,0.3
148.5,-37.75,4.9
148.75,-37.75,6.4
149.0,-37.75,18.0
149.25,-37.75,22.3
149.5,-37.75,38.4
149.75,-37.75,58.6
140.25,-38.0,25.3
140.5,-38.0,19.4
140.75,-38.0,14.5
141.0,-38.0,21.3
141.25,-38.0,12.1
141.5,-38.0,1.5
141.75,-38.0,16.3
142.0,-38.0,16.5
142.25,-38.0,5.7
142.5,-38.0,5.6
142.75,-38.0,0.8
143.0,-38.0,3.1
143.25,-38.0,1.6
143.5,-38.0,0.9
143.75,-38.0,0.2
144.0,-38.0,4.8
144.25,-38.0,0.1
144.5,-38.0,0.9
144.75,-38.0,12.8
145.0,-38.0,3.6
145.25,-38.0,0.4
145.5,-38.0,5.9
145.75,-38.0,1.7
146.0,-38.0,7.9
146.25,-38.0,11.4
146.5,-38.0,12.9
146.75,-38.0,2.6
147.0,-38.0,0.2
147.25,-38.0,2.7
147.5,-38.0,11.9
147.75,-38.0,19.9
148.0,-38.0,17.2
148.25,-38.0,26.7
148.5,-38.0,29.2
148.75,-38.0,34.0
149.0,-38.0,39.6
149.25,-38.0,48.3
149.5,-38.0,57.5
140.75,-38.25,41.9
141.0,-38.25,36.0
141.25,-38.25,17.3
141.5,-38.25,5.4
141.75,-38.25,1.2
142.0,-38.25,0.8
142.25,-38.25,3.1
142.5,-38.25,2.7
142.75,-38.25,0.9
143.0,-38.25,1.1
143.25,-38.25,0.4
143.5,-38.25,10.2
143.75,-38.25,4.6
144.0,-38.25,1.1
144.25,-38.25,2.3
144.5,-38.25,5.7
144.75,-38.25,11.8
145.0,-38.25,6.5
145.25,-38.25,1.6
145.5,-38.25,2.0
145.75,-38.25,9.8
146.0,-38.25,4.2
146.25,-38.25,0.4
146.5,-38.25,0.0
146.75,-38.25,0.4
147.0,-38.25,5.1
147.25,-38.25,8.4
147.5,-38.25,30.1
147.75,-38.25,46.1
148.0,-38.25,44.2
141.25,-38.5,18.1
141.5,-38.5,10.4
141.75,-38.5,16.0
142.0,-38.5,22.2
142.25,-38.5,24.1
142.5,-38.5,13.0
142.75,-38.5,17.6
143.0,-38.5,18.0
143.25,-38.5,18.0
143.5,-38.5,13.3
143.75,-38.5,18.6
144.0,-38.5,20.4
144.25,-38.5,13.9
145.25,-38.5,1.4
145.5,-38.5,3.8
145.75,-38.5,7.2
146.0,-38.5,1.9
146.25,-38.5,3.0
146.5,-38.5,13.7
146.75,-38.5,4.3
147.0,-38.5,5.5
147.25,-38.5,16.5
142.75,-38.75,42.1
143.0,-38.75,45.1
143.25,-38.75,43.7
143.5,-38.75,40.7
143.75,-38.75,43.0
144.0,-38.75,43.1
145.5,-38.75,19.1
145.75,-38.75,12.1
146.0,-38.75,4.5
146.25,-38.75,9.2
146.5,-38.75,9.5
146.75,-38.75,20.6
147.0,-38.75,4.0
143.25,-39.0,70.7
143.5,-39.0,68.1
143.75,-39.0,69.6
146.0,-39.0,28.1
146.25,-39.0,36.4
146.5,-39.0,36.0
145.0,-40.5,32.3
148.0,-40.5,30.5
144.75,-40.75,0.1
145.0,-40.75,6.3
145.25,-40.75,12.1
145.5,-40.75,15.4
145.75,-40.75,28.0
146.0,-40.75,35.2
146.75,-40.75,13.9
147.0,-40.75,7.6
147.25,-40.75,29.1
147.5,-40.75,39.9
147.75,-40.75,21.1
148.0,-40.75,3.2
148.25,-40.75,20.9
144.5,-41.0,31.0
144.75,-41.0,23.1
145.0,-41.0,17.6
145.25,-41.0,15.1
145.5,-41.0,6.5
145.75,-41.0,5.2
146.0,-41.0,10.3
146.25,-41.0,20.1
146.5,-41.0,20.1
146.75,-41.0,12.4
147.0,-41.0,9.0
147.25,-41.0,29.6
147.5,-41.0,18.1
147.75,-41.0,10.5
148.0,-41.0,8.9
148.25,-41.0,25.7
148.5,-41.0,46.1
144.5,-41.25,54.4
144.75,-41.25,47.2
145.0,-41.25,31.5
145.25,-41.25,23.9
145.5,-41.25,18.0
145.75,-41.25,0.2
146.0,-41.25,13.0
146.25,-41.25,1.5
146.5,-41.25,7.1
146.75,-41.25,3.8
147.0,-41.25,4.5
147.25,-41.25,13.3
147.5,-41.25,1.8
147.75,-41.25,11.0
148.0,-41.25,20.5
148.25,-41.25,37.6
148.5,-41.25,46.0
144.75,-41.5,39.5
145.0,-41.5,18.2
145.25,-41.5,2.2
145.5,-41.5,0.8
145.75,-41.5,6.2
146.0,-41.5,4.2
146.25,-41.5,6.2
146.5,-41.5,4.1
146.75,-41.5,3.8
147.0,-41.5,7.6
147.25,-41.5,5.5
147.5,-41.5,20.4
147.75,-41.5,22.9
148.0,-41.5,13.5
148.25,-41.5,11.5
148.5,-41.5,28.8
144.75,-41.75,33.0
145.0,-41.75,11.9
145.25,-41.75,4.2
145.5,-41.75,1.8
145.75,-41.75,10.4
146.0,-41.75,18.7
146.25,-41.75,3.5
146.5,-41.75,21.2
146.75,-41.75,15.8
147.0,-41.75,1.4
147.25,-41.75,10.3
147.5,-41.75,8.5
147.75,-41.75,2.2
148.0,-41.75,10.3
148.25,-41.75,18.0
148.5,-41.75,31.9
145.0,-42.0,32.0
145.25,-42.0,24.6
145.5,-42.0,3.4
145.75,-42.0,16.4
146.0,-42.0,24.4
146.25,-42.0,15.4
146.5,-42.0,21.8
146.75,-42.0,4.7
147.0,-42.0,10.1
147.25,-42.0,16.8
147.5,-42.0,18.0
147.75,-42.0,21.3
148.0,-42.0,32.1
148.25,-42.0,43.5
148.5,-42.0,51.8
145.25,-42.25,26.2
145.5,-42.25,10.7
145.75,-42.25,21.0
146.0,-42.25,21.4
146.25,-42.25,2.1
146.5,-42.25,5.0
146.75,-42.25,7.7
147.0,-42.25,5.3
147.25,-42.25,25.2
147.5,-42.25,42.6
147.75,-42.25,29.8
148.0,-42.25,28.1
148.25,-42.25,39.5
145.0,-42.5,58.7
145.25,-42.5,44.4
145.5,-42.5,37.4
145.75,-42.5,32.4
146.0,-42.5,26.0
146.25,-42.5,25.0
146.5,-42.5,8.4
146.75,-42.5,0.4
147.0,-42.5,4.9
147.25,-42.5,13.7
147.5,-42.5,18.0
147.75,-42.5,10.3
148.0,-42.5,7.7
148.25,-42.5,28.8
145.25,-42.75,61.5
145.5,-42.75,40.4
145.75,-42.75,19.3
146.0,-42.75,0.6
146.25,-42.75,8.9
146.5,-42.75,6.2
146.75,-42.75,7.3
147.0,-42.75,1.0
147.25,-42.75,1.9
147.5,-42.75,1.1
147.75,-42.75,14.8
148.0,-42.75,23.8
145.5,-43.0,48.7
145.75,-43.0,33.4
146.0,-43.0,21.2
146.25,-43.0,16.2
146.5,-43.0,20.6
146.75,-43.0,8.0
147.0,-43.0,5.6
147.25,-43.0,0.4
147.5,-43.0,12.8
147.75,-43.0,28.0
145.75,-43.25,55.1
146.0,-43.25,45.6
146.25,-43.25,42.9
146.5,-43.25,33.6
146.75,-43.25,18.8
147.0,-43.25,10.3
147.25,-43.25,20.7
146.0,-43.5,71.4
146.25,-43.5,67.2
146.5,-43.5,51.9
146.75,-43.5,39.6
147.0,-43.5,36.3
