Latitude,Longitude,Mean Distance
-10.75,142.25,32.488462568190386
-10.75,142.5,33.3513551162337
-11.0,130.5,27.90576175532365
-11.0,131.25,28.52388873899117
-11.0,142.0,30.70253753332118
-11.0,142.25,31.92847916383691
-11.0,142.5,33.48869808668401
-11.0,142.75,34.77117356124892
-11.25,130.25,26.51717622651059
-11.25,130.5,26.815243214194517
-11.25,130.75,26.99131756313394
-11.25,131.0,27.17218492670676
-11.25,131.25,27.913356438321628
-11.25,131.5,28.757912443335275
-11.25,132.75,32.81233326282734
-11.25,133.0,33.15729202517891
-11.25,141.75,30.49213356319721
-11.25,142.0,30.345691893070914
-11.25,142.25,31.659717666560695
-11.25,142.5,33.72837722757562
-11.25,142.75,35.52417229892815
-11.25,143.0,35.25627014922476
-11.5,130.0,26.049438577920615
-11.5,130.25,26.134846910036263
-11.5,130.5,26.779613167456283
-11.5,130.75,27.06592077973444
-11.5,131.0,27.596376533010652
-11.5,131.25,28.701632250228933
-11.5,131.5,28.69263563877878
-11.5,131.75,28.477978429080665
-11.5,132.5,29.916121214099373
-11.5,132.75,32.12562766057371
-11.5,133.0,33.027151320829475
-11.5,133.25,33.59576080921583
-11.5,133.5,33.75283298856887
-11.5,133.75,33.599518519523606
-11.5,141.75,30.60956813685652
-11.5,142.0,30.767303659396344
-11.5,142.25,32.17322248452476
-11.5,142.5,34.08532762489405
-11.5,142.75,35.434332043324304
-11.5,143.0,35.40049046895259
-11.75,130.25,26.30664383499435
-11.75,130.5,26.989354691990517
-11.75,130.75,27.079298009846266
-11.75,131.0,27.46509305883018
-11.75,131.25,27.937841247540526
-11.75,131.5,27.979355026798842
-11.75,132.25,28.054694000203042
-11.75,132.5,27.76870736531956
-11.75,132.75,30.31219099776369
-11.75,133.0,33.04672705775904
-11.75,133.25,33.69189282864377
-11.75,133.5,33.8775241184796
-11.75,133.75,33.54642987245183
-11.75,134.0,33.3388506123065
-11.75,134.25,33.542883638203996
-11.75,134.5,33.30741314501612
-11.75,134.75,33.23248504378119
-11.75,135.5,32.8988506642533
-11.75,141.75,30.51855696244855
-11.75,142.0,31.475038285114124
-11.75,142.25,33.00400857873286
-11.75,142.5,33.665220539738364
-11.75,142.75,35.028565631649336
-11.75,143.0,35.60407239595144
-12.0,130.5,26.502303854699598
-12.0,131.0,26.461833334608997
-12.0,131.25,26.75019361782124
-12.0,131.5,26.855872137669575
-12.0,131.75,27.07045798528418
-12.0,132.0,27.21615713944081
-12.0,132.25,27.10126973653693
-12.0,132.5,27.190180574405527
-12.0,132.75,29.61562506753201
-12.0,133.0,32.658789608417074
-12.0,133.25,34.445181166980326
-12.0,133.5,35.18961505782776
-12.0,133.75,34.82351370451273
-12.0,134.0,33.94195176938684
-12.0,134.25,33.29202064789599
-12.0,134.5,32.538628578901914
-12.0,134.75,32.1695570813064
-12.0,135.0,32.12356912392171
-12.0,135.25,31.72954134057922
-12.0,135.5,31.652548359481717
-12.0,135.75,31.62589095949044
-12.0,136.0,30.89773589576182
-12.0,136.25,29.81450152294402
-12.0,136.5,29.461088707252433
-12.0,141.75,30.133815051176207
-12.0,142.0,31.61004448699458
-12.0,142.25,32.89713029298752
-12.0,142.5,33.368053353286996
-12.0,142.75,34.38809306814674
-12.0,143.0,35.63406157930971
-12.0,143.25,35.51924277305299
-12.25,130.5,26.276891111913358
-12.25,130.75,26.146562986614818
-12.25,131.0,26.276103992839328
-12.25,131.25,26.356787578617585
-12.25,131.5,26.36859346560248
-12.25,131.75,26.47125167044209
-12.25,132.0,26.61369984554904
-12.25,132.25,26.859831802183464
-12.25,132.5,28.11286660173873
-12.25,132.75,30.95704480264121
-12.25,133.0,33.471676921540144
-12.25,133.25,35.34211487615019
-12.25,133.5,35.551678563223845
-12.25,133.75,35.190083693054866
-12.25,134.0,34.799307095920696
-12.25,134.25,34.8126159181436
-12.25,134.5,35.003095225899195
-12.25,134.75,34.56837277090273
-12.25,135.0,33.90590393254894
-12.25,135.25,33.491597925612076
-12.25,135.5,33.559726892160754
-12.25,135.75,32.09844556783719
-12.25,136.0,30.456226724623278
-12.25,136.25,29.543504552625805
-12.25,136.5,29.743073300888582
-12.25,136.75,31.4245009146094
-12.25,141.5,30.258414211208876
-12.25,141.75,30.362213181854944
-12.25,142.0,32.011604206978056
-12.25,142.25,32.79494368609431
-12.25,142.5,33.40598603662788
-12.25,142.75,34.20733414578182
-12.25,143.0,35.158374406129404
-12.25,143.25,35.68825521964009
-12.5,130.25,26.31016087058141
-12.5,130.5,26.257697175090897
-12.5,130.75,26.732758888314226
-12.5,131.0,27.732877880602548
-12.5,131.25,28.18077888457725
-12.5,131.5,28.494577361091178
-12.5,131.75,29.064549331340185
-12.5,132.0,29.552512750066363
-12.5,132.25,30.043823259824293
-12.5,132.5,31.532466669336106
-12.5,132.75,33.9591799874617
-12.5,133.0,36.492182929848
-12.5,133.25,37.39887494275877
-12.5,133.5,36.633176922280235
-12.5,133.75,35.5698756256162
-12.5,134.0,35.416018063287915
-12.5,134.25,36.113901904468264
-12.5,134.5,36.55544497528127
-12.5,134.75,36.20305799779629
-12.5,135.0,36.14674257747056
-12.5,135.25,36.07244923526232
-12.5,135.5,35.40306946562901
-12.5,135.75,33.724286494891125
-12.5,136.0,31.95906605370241
-12.5,136.25,31.126450174251918
-12.5,136.5,31.417563001391525
-12.5,136.75,32.4363686606616
-12.5,137.0,33.035063693694255
-12.5,141.5,31.053909790871764
-12.5,141.75,30.953814058585294
-12.5,142.0,32.2165311287872
-12.5,142.25,32.94093164411925
-12.5,142.5,33.53945262054203
-12.5,142.75,34.06461968542009
-12.5,143.0,34.85078732500015
-12.5,143.25,35.87691564407791
-12.5,143.5,35.89190333309513
-12.75,130.0,26.67357068821756
-12.75,130.25,26.64850748671182
-12.75,130.5,27.566245792883866
-12.75,130.75,29.370835717428463
-12.75,131.0,30.100952967255704
-12.75,131.25,30.675928900015766
-12.75,131.5,31.087349273385097
-12.75,131.75,31.777639225559994
-12.75,132.0,32.26801006129875
-12.75,132.25,33.176491990681996
-12.75,132.5,34.91649759110926
-12.75,132.75,37.55943276299759
-12.75,133.0,38.947702317958594
-12.75,133.25,38.81288525488799
-12.75,133.5,37.714168439947414
-12.75,133.75,35.88447408310194
-12.75,134.0,35.307130186010774
-12.75,134.25,35.84732251070329
-12.75,134.5,36.17840566430931
-12.75,134.75,35.865311093822555
-12.75,135.0,36.11647976648331
-12.75,135.25,36.53781952312529
-12.75,135.5,34.95604257094591
-12.75,135.75,33.231185091395695
-12.75,136.0,32.11433991501232
-12.75,136.25,31.731832590139017
-12.75,136.5,32.63288001317495
-12.75,136.75,33.3337080340876
-12.75,141.5,31.333440687867306
-12.75,141.75,30.837296483106567
-12.75,142.0,32.097085399690414
-12.75,142.25,33.427992435004725
-12.75,142.5,33.8467615083073
-12.75,142.75,34.37529552005506
-12.75,143.0,34.78692722004183
-12.75,143.25,35.24118418045538
-12.75,143.5,35.72009490760167
-13.0,130.0,27.306398704806586
-13.0,130.25,28.047493605745842
-13.0,130.5,30.76994734098917
-13.0,130.75,31.36510583542085
-13.0,131.0,32.50268615161736
-13.0,131.25,33.30343361454999
-13.0,131.5,33.951955418288684
-13.0,131.75,34.21199763728244
-13.0,132.0,34.92460002624899
-13.0,132.25,35.7666056600037
-13.0,132.5,37.98403504954328
-13.0,132.75,39.723673290134585
-13.0,133.0,39.97364724887588
-13.0,133.25,39.31601420193209
-13.0,133.5,37.65354596771709
-13.0,133.75,35.509626475251636
-13.0,134.0,33.69284670642153
-13.0,134.25,33.738008793671916
-13.0,134.5,34.27676672604306
-13.0,134.75,34.55491720272759
-13.0,135.0,35.6033943841837
-13.0,135.25,36.06513423375098
-13.0,135.5,33.80693980216253
-13.0,135.75,31.725486717509398
-13.0,136.0,30.899061999902287
-13.0,136.25,31.519826436354222
-13.0,136.5,32.47197244130906
-13.0,136.75,33.2917743956609
-13.0,141.25,31.390540161812616
-13.0,141.5,30.63218268183844
-13.0,141.75,30.87710172297017
-13.0,142.0,32.5375455920104
-13.0,142.25,33.72204936500117
-13.0,142.5,34.196293427678526
-13.0,142.75,34.68274166382462
-13.0,143.0,34.595865084580296
-13.0,143.25,34.76129114720858
-13.0,143.5,35.88133274441767
-13.0,143.75,36.44595721398672
-13.25,130.0,28.139412770450363
-13.25,130.25,29.09985954020973
-13.25,130.5,32.088875108847866
-13.25,130.75,33.39411519803172
-13.25,131.0,34.02189021176084
-13.25,131.25,35.4641414227185
-13.25,131.5,36.248760478088634
-13.25,131.75,36.78823948422079
-13.25,132.0,37.215198071141316
-13.25,132.25,38.50030896742428
-13.25,132.5,39.69057502510365
-13.25,132.75,40.363346938396376
-13.25,133.0,40.08431617309216
-13.25,133.25,38.72563029188823
-13.25,133.5,36.66447646495776
-13.25,133.75,33.946838833579704
-13.25,134.0,31.589844398128886
-13.25,134.25,31.316237437793188
-13.25,134.5,31.61547917013285
-13.25,134.75,33.859111830739074
-13.25,135.0,35.16945185692733
-13.25,135.25,34.48617247252772
-13.25,135.5,31.38766373746612
-13.25,135.75,30.035163659228292
-13.25,136.0,31.253732503592424
-13.25,136.25,31.816033036037034
-13.25,136.5,31.692489470035245
-13.25,141.25,31.145276871788855
-13.25,141.5,30.185109245647283
-13.25,141.75,31.006094044740525
-13.25,142.0,32.464702349132494
-13.25,142.25,33.595964158952604
-13.25,142.5,33.9979196137785
-13.25,142.75,34.39061146012414
-13.25,143.0,34.32722971337603
-13.25,143.25,34.31725922113834
-13.25,143.5,35.500767537247114
-13.25,143.75,36.76588542925861
-13.5,129.75,27.989540696935236
-13.5,130.0,29.350520250464264
-13.5,130.25,31.458805694812945
-13.5,130.5,33.98243676345819
-13.5,130.75,35.090605441332976
-13.5,131.0,36.088666738927955
-13.5,131.25,36.83575377947145
-13.5,131.5,37.81436240071846
-13.5,131.75,38.002639265050526
-13.5,132.0,38.67267923084101
-13.5,132.25,39.36226374233435
-13.5,132.5,40.07880883727814
-13.5,132.75,39.87447877316244
-13.5,133.0,39.4023206551486
-13.5,133.25,37.466240264452566
-13.5,133.5,34.62468353997572
-13.5,133.75,31.05632690743221
-13.5,134.0,30.34924091054115
-13.5,134.25,29.788700911606657
-13.5,134.5,31.558788926931697
-13.5,134.75,33.47195535489406
-13.5,135.0,33.739134116934764
-13.5,135.25,31.65665841858177
-13.5,135.5,29.17323961183682
-13.5,135.75,29.475887973094892
-13.5,136.0,30.60463622834743
-13.5,136.25,30.89895588284715
-13.5,141.25,31.074193556524442
-13.5,141.5,29.959668272812568
-13.5,141.75,30.867302158552288
-13.5,142.0,32.08849284506024
-13.5,142.25,33.121266595646105
-13.5,142.5,33.506730997356506
-13.5,142.75,33.87456794486976
-13.5,143.0,33.82470893307649
-13.5,143.25,33.828289721864216
-13.5,143.5,34.89795932360859
-13.5,143.75,36.50555830159792
-13.75,126.75,26.655259095479813
-13.75,127.0,27.00632701285115
-13.75,127.25,27.002241423368826
-13.75,127.5,26.639191041327326
-13.75,129.5,27.83727928730934
-13.75,129.75,28.502878305624293
-13.75,130.0,31.67542475830202
-13.75,130.25,34.67218743072499
-13.75,130.5,36.53899220432825
-13.75,130.75,37.018766004364075
-13.75,131.0,36.89519994557187
-13.75,131.25,37.80986414934595
-13.75,131.5,37.8574752447458
-13.75,131.75,38.14487653097305
-13.75,132.0,38.644472397412095
-13.75,132.25,39.471888142157376
-13.75,132.5,39.33894708335247
-13.75,132.75,38.352203334601114
-13.75,133.0,38.00850320775122
-13.75,133.25,35.486020032273736
-13.75,133.5,31.77632014297766
-13.75,133.75,30.217122076037413
-13.75,134.0,29.092169479538537
-13.75,134.25,30.34329646562815
-13.75,134.5,31.833717168101938
-13.75,134.75,32.588296333829895
-13.75,135.0,31.341224865392324
-13.75,135.25,29.09302506570071
-13.75,135.5,28.625306242765415
-13.75,135.75,28.88164578516938
-13.75,136.0,29.505101706810663
-13.75,141.25,31.06132737695263
-13.75,141.5,29.949281460111163
-13.75,141.75,30.57258215818616
-13.75,142.0,31.684941349555512
-13.75,142.25,32.762277202913886
-13.75,142.5,33.149695316790414
-13.75,142.75,33.359948484700155
-13.75,143.0,33.374190192466706
-13.75,143.25,32.7286360971858
-13.75,143.5,33.673275225593116
-13.75,143.75,35.88074782795221
-14.0,126.25,26.941894298799216
-14.0,126.5,27.03352003337766
-14.0,126.75,28.029534675980035
-14.0,127.0,28.786507302350845
-14.0,127.25,28.2036718996048
-14.0,127.5,27.44930774544966
-14.0,127.75,26.916666750916328
-14.0,129.5,28.520921022447524
-14.0,129.75,29.86304756547894
-14.0,130.0,33.30553231844876
-14.0,130.25,36.823708571187275
-14.0,130.5,37.71606014338889
-14.0,130.75,37.48536132934933
-14.0,131.0,37.39602618991167
-14.0,131.25,37.59704412271813
-14.0,131.5,37.36020190913229
-14.0,131.75,37.34971864456281
-14.0,132.0,37.89145774936497
-14.0,132.25,38.23694154163595
-14.0,132.5,37.47545575177673
-14.0,132.75,36.17309859360153
-14.0,133.0,36.14169959436812
-14.0,133.25,33.087322795613346
-14.0,133.5,30.138370377024103
-14.0,133.75,28.67436164110012
-14.0,134.0,29.254954685730592
-14.0,134.25,29.79689088118767
-14.0,134.5,31.206306770372287
-14.0,134.75,31.281065468344217
-14.0,135.0,28.637921357443652
-14.0,135.25,27.68579042002172
-14.0,135.5,28.111586915801293
-14.0,135.75,29.68272837535688
-14.0,136.0,29.69974268533755
-14.0,136.25,29.498436309220747
-14.0,141.25,31.45272955496516
-14.0,141.5,30.07451519027946
-14.0,141.75,30.435510941091213
-14.0,142.0,31.529667192918147
-14.0,142.25,32.41284134121195
-14.0,142.5,33.04165984280862
-14.0,142.75,33.2386349254081
-14.0,143.0,33.1724555182702
-14.0,143.25,32.40025643860679
-14.0,143.5,32.118661414369114
-14.0,143.75,34.56526217227477
-14.0,144.0,35.56633579677676
-14.0,144.25,35.928929650872576
-14.0,144.5,35.93416551252165
-14.25,125.5,26.304291321864632
-14.25,125.75,26.572330843963876
-14.25,126.0,26.818886271766367
-14.25,126.25,27.95537049761806
-14.25,126.5,29.039750313975713
-14.25,126.75,30.544472611869253
-14.25,127.0,31.178473812412253
-14.25,127.25,30.024306968412894
-14.25,127.5,28.36918093417596
-14.25,127.75,27.61691644073362
-14.25,128.0,27.42288152716582
-14.25,129.25,28.91616126474806
-14.25,129.5,29.924272618102904
-14.25,129.75,32.94012288464311
-14.25,130.0,36.12453031265568
-14.25,130.25,37.01335809062917
-14.25,130.5,37.58728996708642
-14.25,130.75,37.26403282257128
-14.25,131.0,37.598887281056655
-14.25,131.25,37.282014925106935
-14.25,131.5,36.680352837961905
-14.25,131.75,36.22634622102709
-14.25,132.0,36.28396676520933
-14.25,132.25,36.14017594582543
-14.25,132.5,35.38699126464881
-14.25,132.75,34.470601953521346
-14.25,133.0,33.92771705225313
-14.25,133.25,30.807505358823118
-14.25,133.5,28.287533156222803
-14.25,133.75,28.623854733407786
-14.25,134.0,28.96125311789144
-14.25,134.25,29.209293163759572
-14.25,134.5,30.28203673511601
-14.25,134.75,29.317268426855573
-14.25,135.0,26.79695128028859
-14.25,135.25,27.02101170372528
-14.25,135.5,28.932572242447694
-14.25,135.75,30.109351661617264
-14.25,136.0,30.308554837343948
-14.25,141.25,31.745501958244656
-14.25,141.5,30.565811526769366
-14.25,141.75,30.593841197420023
-14.25,142.0,31.446223247386428
-14.25,142.25,32.167653923060705
-14.25,142.5,32.73011448543599
-14.25,142.75,33.22339500870111
-14.25,143.0,33.20974769420554
-14.25,143.25,32.595340738386
-14.25,143.5,31.96944261413722
-14.25,143.75,33.02788450067486
-14.25,144.0,34.15311503972068
-14.25,144.25,35.21583716495173
-14.25,144.5,35.900550351179525
-14.25,144.75,36.12050834659958
-14.5,125.25,25.792473989972653
-14.5,125.5,26.161983511148932
-14.5,125.75,27.014961432095287
-14.5,126.0,28.184402697664108
-14.5,126.25,29.82827577177011
-14.5,126.5,30.237523184361777
-14.5,126.75,30.794916173362704
-14.5,127.0,31.53182287241971
-14.5,127.25,30.55267479941756
-14.5,127.5,28.349061704644505
-14.5,127.75,27.88919191290414
-14.5,128.0,28.332691001975682
-14.5,128.25,27.786649353654898
-14.5,129.5,31.098200809985002
-14.5,129.75,34.41164017356334
-14.5,130.0,36.80392432663022
-14.5,130.25,37.031583860314576
-14.5,130.5,36.54719725672547
-14.5,130.75,36.25016140252526
-14.5,131.0,36.89644577660938
-14.5,131.25,36.780447589002556
-14.5,131.5,36.00716141242113
-14.5,131.75,35.660234775169606
-14.5,132.0,35.438026780062685
-14.5,132.25,34.899409618804945
-14.5,132.5,34.39389955744663
-14.5,132.75,33.31503135018459
-14.5,133.0,31.395355526861664
-14.5,133.25,29.041350235000703
-14.5,133.5,28.495852565594852
-14.5,133.75,28.894527146295076
-14.5,134.0,29.38802306311978
-14.5,134.25,29.2528611955678
-14.5,134.5,28.860896385181732
-14.5,134.75,27.60989188371886
-14.5,135.0,26.522734341844657
-14.5,135.25,27.798391806716566
-14.5,135.5,29.488805660450733
-14.5,135.75,30.058064054100303
-14.5,141.25,32.334534288634224
-14.5,141.5,30.939518591932153
-14.5,141.75,30.748688766422454
-14.5,142.0,31.28187926603193
-14.5,142.25,31.789264860889983
-14.5,142.5,32.2548293310568
-14.5,142.75,32.50653878303334
-14.5,143.0,32.547541086613585
-14.5,143.25,32.075130159296684
-14.5,143.5,31.569550368422572
-14.5,143.75,32.00730755958265
-14.5,144.0,33.13494767727822
-14.5,144.25,34.95054412284779
-14.5,144.5,35.861084565185045
-14.5,144.75,36.24622979796245
-14.5,145.0,36.327440675274296
-14.75,125.0,25.596420357995406
-14.75,125.25,25.87926236336238
-14.75,125.5,26.97347174244362
-14.75,125.75,28.582244625498408
-14.75,126.0,29.998667336278647
-14.75,126.25,30.701711536090812
-14.75,126.5,30.01107167666731
-14.75,126.75,30.729141689857535
-14.75,127.0,31.65341921839165
-14.75,127.25,30.416509093009523
-14.75,127.5,28.075993579717633
-14.75,127.75,27.608435404685995
-14.75,128.0,28.000565386917092
-14.75,128.25,27.3072001898263
-14.75,128.5,28.141958826624933
-14.75,128.75,28.983936526527177
-14.75,129.0,29.44956771367785
-14.75,129.25,30.046224088520923
-14.75,129.5,31.266270100058776
-14.75,129.75,33.38217049877574
-14.75,130.0,36.07458788058656
-14.75,130.25,36.38499830001817
-14.75,130.5,34.67447993682556
-14.75,130.75,34.66258674080398
-14.75,131.0,35.98397984610324
-14.75,131.25,36.09434459510375
-14.75,131.5,36.05943034822903
-14.75,131.75,36.337365169452006
-14.75,132.0,36.48825610229984
-14.75,132.25,35.63419276872624
-14.75,132.5,34.16267585842704
-14.75,132.75,32.20877584720967
-14.75,133.0,30.40780282310543
-14.75,133.25,29.50660158929112
-14.75,133.5,29.621555354337563
-14.75,133.75,29.962705045873168
-14.75,134.0,29.995402534729802
-14.75,134.25,29.448799112075147
-14.75,134.5,28.834889969419788
-14.75,134.75,28.3514262676142
-14.75,135.0,28.18249003136039
-14.75,135.25,29.20522134539093
-14.75,135.5,29.447650355089255
-14.75,135.75,29.586148114194355
-14.75,141.25,32.813438878728086
-14.75,141.5,31.43114361034721
-14.75,141.75,31.086702838117507
-14.75,142.0,31.361505089645092
-14.75,142.25,31.747846527886146
-14.75,142.5,31.981216044580083
-14.75,142.75,32.15859286390557
-14.75,143.0,32.10445771402704
-14.75,143.25,31.713576612297544
-14.75,143.5,31.368084672936988
-14.75,143.75,31.955167029352214
-14.75,144.0,33.63744373370595
-14.75,144.25,35.282903935664685
-14.75,144.5,35.89636008831397
-14.75,144.75,36.2779131368663
-14.75,145.0,36.65057032833274
-14.75,145.25,36.54488440492374
-15.0,125.0,25.750944442902654
-15.0,125.25,26.45901612486837
-15.0,125.5,28.11234168532489
-15.0,125.75,29.491732304971578
-15.0,126.0,30.433380868890286
-15.0,126.25,30.18982470927618
-15.0,126.5,29.583366491062
-15.0,126.75,30.73236390787599
-15.0,127.0,31.334569360669445
-15.0,127.25,29.554930776077825
-15.0,127.5,27.301975978201348
-15.0,127.75,26.77763235395913
-15.0,128.0,26.88235592641451
-15.0,128.25,27.489539314122677
-15.0,128.5,30.723267534651747
-15.0,128.75,31.600532916458548
-15.0,129.0,31.542013113874994
-15.0,129.25,32.28770560339534
-15.0,129.5,33.307374689952134
-15.0,129.75,33.747976415241006
-15.0,130.0,35.09094995472636
-15.0,130.25,34.38731042276915
-15.0,130.5,32.16678014271975
-15.0,130.75,33.82846135373799
-15.0,131.0,36.39029435310654
-15.0,131.25,36.5454419612768
-15.0,131.5,36.76585200475486
-15.0,131.75,37.203169269999066
-15.0,132.0,36.95642887084515
-15.0,132.25,35.38567590190859
-15.0,132.5,33.608179224926516
-15.0,132.75,32.02687003859411
-15.0,133.0,31.032727397284294
-15.0,133.25,30.66105374218397
-15.0,133.5,30.764579103938598
-15.0,133.75,30.991531360246565
-15.0,134.0,30.567889351354967
-15.0,134.25,30.13050942173399
-15.0,134.5,30.100210344608335
-15.0,134.75,30.461511252146842
-15.0,135.0,30.187934314686114
-15.0,135.25,30.307101985773414
-15.0,135.5,29.867823560397323
-15.0,135.75,29.930457422827367
-15.0,136.0,30.31512898778681
-15.0,141.25,32.90615111444966
-15.0,141.5,31.413122650488063
-15.0,141.75,30.957754185018484
-15.0,142.0,31.273971539952328
-15.0,142.25,31.65921299938069
-15.0,142.5,31.69172699042193
-15.0,142.75,31.752389481010802
-15.0,143.0,31.616730761344016
-15.0,143.25,31.421458513959223
-15.0,143.5,31.37243537137231
-15.0,143.75,32.36165836871925
-15.0,144.0,33.90830686364219
-15.0,144.25,35.106840519622395
-15.0,144.5,36.294689450031726
-15.0,144.75,36.802966110942734
-15.0,145.0,36.942111714651666
-15.0,145.25,37.24347933580216
-15.0,145.5,36.844483780356775
-15.25,124.75,25.66317758978745
-15.25,125.0,26.29087601909167
-15.25,125.25,27.65725922853385
-15.25,125.5,28.660788355868856
-15.25,125.75,29.962512436543882
-15.25,126.0,30.609320004088453
-15.25,126.25,29.46704228699876
-15.25,126.5,29.220934247102686
-15.25,126.75,30.56515646379172
-15.25,127.0,30.802190346089436
-15.25,127.25,28.273742081000254
-15.25,127.5,26.18564459243873
-15.25,127.75,26.230540527613503
-15.25,128.0,27.188612845060685
-15.25,128.25,29.684890488925483
-15.25,128.5,32.723685181980656
-15.25,128.75,33.60467782901568
-15.25,129.0,34.500405442214934
-15.25,129.25,35.50005195601591
-15.25,129.5,35.42175920835765
-15.25,129.75,34.87690976473187
-15.25,130.0,33.03201878482059
-15.25,130.25,32.19737001287097
-15.25,130.5,32.31419686086
-15.25,130.75,34.974131986918565
-15.25,131.0,36.48995099736749
-15.25,131.25,36.088129679469674
-15.25,131.5,36.507504963885246
-15.25,131.75,37.06602955109453
-15.25,132.0,36.508815317774996
-15.25,132.25,34.86201479684411
-15.25,132.5,33.63685822176707
-15.25,132.75,32.777211160369625
-15.25,133.0,31.93443238782189
-15.25,133.25,31.1110730176707
-15.25,133.5,31.346133167746096
-15.25,133.75,31.209613507239908
-15.25,134.0,31.094424795791515
-15.25,134.25,30.77676757524537
-15.25,134.5,31.75372339423031
-15.25,134.75,31.820831767618927
-15.25,135.0,31.07180289846839
-15.25,135.25,31.425917110022635
-15.25,135.5,31.796445336968905
-15.25,135.75,32.18970357507373
-15.25,136.0,31.71506720400847
-15.25,136.25,31.320387569949414
-15.25,141.25,32.72106306678794
-15.25,141.5,30.908832254684658
-15.25,141.75,30.61100330123177
-15.25,142.0,30.85753864609007
-15.25,142.25,31.077063630492823
-15.25,142.5,30.97944120067519
-15.25,142.75,30.883294878906767
-15.25,143.0,30.64879674356076
-15.25,143.25,30.38495978221539
-15.25,143.5,30.75283684047904
-15.25,143.75,31.454637014759022
-15.25,144.0,32.679982542334685
-15.25,144.25,33.935480364779366
-15.25,144.5,35.84646918744614
-15.25,144.75,36.682257722865614
-15.25,145.0,36.81998069841024
-15.25,145.25,37.43953945796017
-15.25,145.5,37.181751597878474
-15.5,124.5,25.697147085912917
-15.5,124.75,26.3266627207545
-15.5,125.0,27.549909859293393
-15.5,125.25,28.427034555059354
-15.5,125.5,29.805824914703475
-15.5,125.75,30.256433602839373
-15.5,126.0,30.502103049256963
-15.5,126.25,29.3651952954008
-15.5,126.5,29.394098499810376
-15.5,126.75,30.139245412701232
-15.5,127.0,29.07191873394898
-15.5,127.25,26.880653460434107
-15.5,127.5,26.084774492375317
-15.5,127.75,26.437780978255926
-15.5,128.0,29.49634074978807
-15.5,128.25,32.18370870246128
-15.5,128.5,33.755320104368884
-15.5,128.75,34.716320242321885
-15.5,129.0,35.72438108076927
-15.5,129.25,36.01430466978469
-15.5,129.5,35.844716703164856
-15.5,129.75,33.781755767931436
-15.5,130.0,32.511013461470775
-15.5,130.25,34.629789983693215
-15.5,130.5,35.48763575823519
-15.5,130.75,36.106226596014196
-15.5,131.0,34.98030248806708
-15.5,131.25,34.82358317081789
-15.5,131.5,36.165205449880474
-15.5,131.75,36.76140365704817
-15.5,132.0,36.397860783927854
-15.5,132.25,35.07017766283316
-15.5,132.5,34.768861217367544
-15.5,132.75,33.765173342086484
-15.5,133.0,32.59126504834059
-15.5,133.25,31.773079442189328
-15.5,133.5,31.579908654727095
-15.5,133.75,31.706694165464487
-15.5,134.0,31.140413780509572
-15.5,134.25,31.65110613657777
-15.5,134.5,32.129823145997634
-15.5,134.75,31.59000296935098
-15.5,135.0,31.063356401987868
-15.5,135.25,32.008241830488444
-15.5,135.5,33.52723052857731
-15.5,135.75,33.78404384281279
-15.5,136.0,33.153969056965146
-15.5,136.25,32.36080542904286
-15.5,136.5,31.997255737519364
-15.5,141.25,32.3854186769478
-15.5,141.5,31.008671740180176
-15.5,141.75,30.428528284380715
-15.5,142.0,30.128566249271245
-15.5,142.25,30.151433902887128
-15.5,142.5,29.925403826875055
-15.5,142.75,29.635042664093344
-15.5,143.0,29.35155315730289
-15.5,143.25,29.166116835193503
-15.5,143.5,29.28880718946168
-15.5,143.75,29.257559791936202
-15.5,144.0,30.085156331959723
-15.5,144.25,32.06363464096831
-15.5,144.5,34.88940725337802
-15.5,144.75,35.820595981215895
-15.5,145.0,36.128641677707726
-15.5,145.25,37.10789089058262
-15.5,145.5,37.005141604759594
-15.75,124.25,25.724191541336342
-15.75,124.5,26.469521496439327
-15.75,124.75,27.634559351913857
-15.75,125.0,28.021653054881476
-15.75,125.25,29.291888043741142
-15.75,125.5,30.231438269173474
-15.75,125.75,30.843432400081188
-15.75,126.0,30.21368888907783
-15.75,126.25,29.468527057716983
-15.75,126.5,29.673397373768868
-15.75,126.75,29.271783761214554
-15.75,127.0,28.277209911048743
-15.75,127.25,28.17210620479309
-15.75,127.5,27.28399451974093
-15.75,127.75,28.48916444560439
-15.75,128.0,31.542405393382275
-15.75,128.25,33.30506050042351
-15.75,128.5,33.92023866767013
-15.75,128.75,34.84331453109529
-15.75,129.0,35.4718995787031
-15.75,129.25,35.85288691036075
-15.75,129.5,35.11844167803654
-15.75,129.75,33.30621771741117
-15.75,130.0,36.343998487885166
-15.75,130.25,38.02500884563783
-15.75,130.5,37.3701629505475
-15.75,130.75,35.471269343383064
-15.75,131.0,33.848278705190474
-15.75,131.25,34.78983728056525
-15.75,131.5,35.90569310923148
-15.75,131.75,36.827182067243115
-15.75,132.0,36.3744626113764
-15.75,132.25,36.0900391430804
-15.75,132.5,35.657994833114735
-15.75,132.75,34.64937779055622
-15.75,133.0,33.41327488175186
-15.75,133.25,32.490839464186706
-15.75,133.5,32.45999849149549
-15.75,133.75,32.014423470842246
-15.75,134.0,32.3078339925457
-15.75,134.25,32.170024539485226
-15.75,134.5,32.011982119198635
-15.75,134.75,31.00879547311571
-15.75,135.0,31.146546386052112
-15.75,135.25,32.411599536797176
-15.75,135.5,33.3275841145199
-15.75,135.75,33.401510813403995
-15.75,136.0,33.07741851888282
-15.75,136.25,33.47545886087251
-15.75,136.5,32.859844077338586
-15.75,136.75,32.547068682860555
-15.75,137.0,32.949974509125916
-15.75,137.25,33.40980386417776
-15.75,141.25,32.82471782665052
-15.75,141.5,31.581518913326192
-15.75,141.75,30.646331040792536
-15.75,142.0,29.77068048717646
-15.75,142.25,29.58321393373291
-15.75,142.5,29.17419541917311
-15.75,142.75,28.759333045670914
-15.75,143.0,28.409150787458227
-15.75,143.25,28.217476020057727
-15.75,143.5,27.737526914830834
-15.75,143.75,27.416505310987617
-15.75,144.0,27.72178603180781
-15.75,144.25,30.392125924254746
-15.75,144.5,33.271440798992195
-15.75,144.75,34.40504060311543
-15.75,145.0,34.89965431169662
-15.75,145.25,36.01255139499797
-15.75,145.5,36.634306537334965
-16.0,123.75,25.774843012889153
-16.0,124.0,25.809025603506665
-16.0,124.25,26.216608846292303
-16.0,124.5,27.24738242479476
-16.0,124.75,28.21497653666262
-16.0,125.0,29.055331354058428
-16.0,125.25,29.52353762051493
-16.0,125.5,30.785221048423818
-16.0,125.75,31.007091520626442
-16.0,126.0,29.98178262564513
-16.0,126.25,29.481950752706744
-16.0,126.5,29.880396181956037
-16.0,126.75,29.411898566779833
-16.0,127.0,29.908946158098242
-16.0,127.25,29.68652697061656
-16.0,127.5,29.987479561966197
-16.0,127.75,31.065866395816023
-16.0,128.0,31.789189302885937
-16.0,128.25,32.71979122692827
-16.0,128.5,33.32182159931347
-16.0,128.75,34.126668770262945
-16.0,129.0,34.89274534526607
-16.0,129.25,35.35866356071459
-16.0,129.5,34.639047542582894
-16.0,129.75,37.0789624399866
-16.0,130.0,39.266368405719064
-16.0,130.25,38.985382173963934
-16.0,130.5,36.88556616509761
-16.0,130.75,34.05689491947777
-16.0,131.0,33.06564163212743
-16.0,131.25,34.27001672306178
-16.0,131.5,36.62041145275726
-16.0,131.75,37.33654419833605
-16.0,132.0,37.27835078008246
-16.0,132.25,36.91448412964461
-16.0,132.5,36.4466377754946
-16.0,132.75,35.422512882104314
-16.0,133.0,34.28901631440724
-16.0,133.25,33.80833923306309
-16.0,133.5,33.33737651870039
-16.0,133.75,33.19027777401726
-16.0,134.0,32.86477893500179
-16.0,134.25,32.70683239234265
-16.0,134.5,31.800838285716107
-16.0,134.75,31.053805846287784
-16.0,135.0,31.456154434178515
-16.0,135.25,32.50374536591751
-16.0,135.5,32.60522028058972
-16.0,135.75,32.38677384815592
-16.0,136.0,32.96746094271108
-16.0,136.25,33.28571890726666
-16.0,136.5,34.42175138768403
-16.0,136.75,33.75702423641809
-16.0,137.0,34.05546167752556
-16.0,137.25,34.48498357855034
-16.0,137.5,34.41390675603042
-16.0,137.75,34.26944404826789
-16.0,141.0,34.10774306798552
-16.0,141.25,33.0216389414585
-16.0,141.5,32.40545131571688
-16.0,141.75,31.29472354637471
-16.0,142.0,30.090190052592266
-16.0,142.25,29.914706107969568
-16.0,142.5,29.29402792346142
-16.0,142.75,28.85684297847597
-16.0,143.0,28.497219663462065
-16.0,143.25,28.220857335199216
-16.0,143.5,27.725905590266603
-16.0,143.75,27.23819068999427
-16.0,144.0,27.32674198067369
-16.0,144.25,29.74227813000491
-16.0,144.5,31.457748529552994
-16.0,144.75,33.03069307116911
-16.0,145.0,33.553484264225226
-16.0,145.25,35.03198657615928
-16.0,145.5,36.198152042851525
-16.25,123.5,26.217812242904028
-16.25,123.75,26.542440656026027
-16.25,124.0,26.595940243480783
-16.25,124.25,27.033792822288373
-16.25,124.5,27.85524715301516
-16.25,124.75,29.072301347561062
-16.25,125.0,29.855678074524835
-16.25,125.25,30.717528467977672
-16.25,125.5,31.084482185820367
-16.25,125.75,31.03339156429472
-16.25,126.0,30.01303603539731
-16.25,126.25,29.624382510954632
-16.25,126.5,29.7440508300939
-16.25,126.75,30.104702778927955
-16.25,127.0,31.071198245117998
-16.25,127.25,32.601555661341266
-16.25,127.5,32.98467049756337
-16.25,127.75,31.257465258164796
-16.25,128.0,30.839585790375164
-16.25,128.25,31.16268715292831
-16.25,128.5,31.8807333530377
-16.25,128.75,33.157617214575964
-16.25,129.0,35.47715937168049
-16.25,129.25,36.18319003531847
-16.25,129.5,37.30522274008259
-16.25,129.75,39.08592034313335
-16.25,130.0,39.79935702695797
-16.25,130.25,38.82741669167149
-16.25,130.5,35.09883999935389
-16.25,130.75,33.234263388752126
-16.25,131.0,33.08089628221718
-16.25,131.25,35.66436864340958
-16.25,131.5,37.71929589927899
-16.25,131.75,38.06385983075282
-16.25,132.0,37.964902146539636
-16.25,132.25,37.464761996124224
-16.25,132.5,36.89706355274621
-16.25,132.75,35.90222400068219
-16.25,133.0,35.22533989315491
-16.25,133.25,34.7428600861166
-16.25,133.5,34.33832057289507
-16.25,133.75,33.86546439423431
-16.25,134.0,33.4701491773779
-16.25,134.25,32.967134042479614
-16.25,134.5,32.46374398880068
-16.25,134.75,31.514183395984936
-16.25,135.0,31.934150422068132
-16.25,135.25,32.503419752465234
-16.25,135.5,32.16327970227163
-16.25,135.75,32.10506618704084
-16.25,136.0,32.285877058927646
-16.25,136.25,33.93553533990615
-16.25,136.5,35.13656041434835
-16.25,136.75,35.71677710344312
-16.25,137.0,36.236999796192435
-16.25,137.25,36.31960583776873
-16.25,137.5,35.46535886194889
-16.25,137.75,35.01940529170649
-16.25,138.0,34.55192332525485
-16.25,141.0,34.277947134841945
-16.25,141.25,33.565546323561165
-16.25,141.5,33.13858540228958
-16.25,141.75,32.22346304341863
-16.25,142.0,31.06940249865487
-16.25,142.25,30.671337871373392
-16.25,142.5,30.310914395417196
-16.25,142.75,29.82935536451327
-16.25,143.0,29.637384340244306
-16.25,143.25,29.523391742876324
-16.25,143.5,29.38910242452121
-16.25,143.75,29.183000491848794
-16.25,144.0,29.289054823416652
-16.25,144.25,30.630689871713315
-16.25,144.5,31.650982667855786
-16.25,144.75,32.60347110114573
-16.25,145.0,32.77036370397066
-16.25,145.25,31.7375427612346
-16.25,145.5,34.28862675958485
-16.25,145.75,35.93808135284105
-16.5,122.75,26.28865293307333
-16.5,123.0,26.395828341248333
-16.5,123.25,26.500594549177027
-16.5,123.5,26.890947262579225
-16.5,123.75,28.123847683305126
-16.5,124.0,28.192833751645804
-16.5,124.25,28.40476384509639
-16.5,124.5,29.21024450379706
-16.5,124.75,29.962060901302753
-16.5,125.0,30.903686263504706
-16.5,125.25,31.45893092786202
-16.5,125.5,31.63178783169947
-16.5,125.75,31.046600258837003
-16.5,126.0,30.002532104211927
-16.5,126.25,29.831166610635695
-16.5,126.5,30.195028060553557
-16.5,126.75,30.740232560007072
-16.5,127.0,32.72631448478859
-16.5,127.25,34.369678264721806
-16.5,127.5,33.294523677080626
-16.5,127.75,30.73720254262265
-16.5,128.0,29.980571424762445
-16.5,128.25,30.266143581788356
-16.5,128.5,31.086172820881785
-16.5,128.75,33.64474003727564
-16.5,129.0,36.40316315874004
-16.5,129.25,37.4910347621195
-16.5,129.5,38.551193566569225
-16.5,129.75,39.45125053365747
-16.5,130.0,39.865316547651545
-16.5,130.25,37.732066045862624
-16.5,130.5,34.02536039740437
-16.5,130.75,33.8596063191732
-16.5,131.0,35.18575088411306
-16.5,131.25,37.29864370836749
-16.5,131.5,38.38074205852685
-16.5,131.75,38.58378535594961
-16.5,132.0,38.242668239315414
-16.5,132.25,37.68776504016817
-16.5,132.5,36.93154501598007
-16.5,132.75,35.94979181543767
-16.5,133.0,35.630018609138425
-16.5,133.25,35.376601651321224
-16.5,133.5,34.82471109371212
-16.5,133.75,34.20947524126265
-16.5,134.0,33.52354085480078
-16.5,134.25,33.00545634344156
-16.5,134.5,32.47667321867247
-16.5,134.75,32.46803503130359
-16.5,135.0,32.69513569334267
-16.5,135.25,32.792785629204516
-16.5,135.5,32.833930459350604
-16.5,135.75,32.60996916076259
-16.5,136.0,33.457475931009654
-16.5,136.25,34.554690186154794
-16.5,136.5,35.611276279147475
-16.5,136.75,36.24887843463932
-16.5,137.0,36.81383376947306
-16.5,137.25,37.01236954270055
-16.5,137.5,36.58360230388409
-16.5,137.75,36.39028421635026
-16.5,138.0,35.42161878081775
-16.5,138.25,34.488737858620176
-16.5,138.5,34.21922624527166
-16.5,138.75,34.136468726270884
-16.5,141.0,34.785101243542755
-16.5,141.25,34.21328554127698
-16.5,141.5,34.14329481230188
-16.5,141.75,33.21591096661557
-16.5,142.0,32.079347763714985
-16.5,142.25,31.585994935343535
-16.5,142.5,31.15719997262348
-16.5,142.75,30.808691936693016
-16.5,143.0,30.651182380765892
-16.5,143.25,30.77471048746373
-16.5,143.5,30.9145692058559
-16.5,143.75,30.966659122573944
-16.5,144.0,31.390890934857882
-16.5,144.25,32.302361498244636
-16.5,144.5,32.86147019102175
-16.5,144.75,33.2214130977095
-16.5,145.0,32.304903018751276
-16.5,145.25,30.407080885104435
-16.5,145.5,31.71171286659664
-16.5,145.75,34.91545490608528
-16.75,122.5,26.63652660939159
-16.75,122.75,27.18038763233157
-16.75,123.0,27.49490211370034
-16.75,123.25,27.05809028300948
-16.75,123.5,27.146051905913332
-16.75,123.75,28.16353410655098
-16.75,124.0,29.053233308531357
-16.75,124.25,29.905462789305634
-16.75,124.5,30.344946421505345
-16.75,124.75,30.518842762248347
-16.75,125.0,30.757065710266172
-16.75,125.25,31.095100583751574
-16.75,125.5,30.86351868509047
-16.75,125.75,29.890048546393594
-16.75,126.0,29.39627637482109
-16.75,126.25,30.385027044302504
-16.75,126.5,31.036138255591133
-16.75,126.75,31.847033890967467
-16.75,127.0,33.25614636170972
-16.75,127.25,33.5868898819289
-16.75,127.5,32.33744220576385
-16.75,127.75,30.48050922102676
-16.75,128.0,30.042786465552492
-16.75,128.25,30.618621471707574
-16.75,128.5,32.51534523976555
-16.75,128.75,34.940430843721465
-16.75,129.0,36.57371726902296
-16.75,129.25,37.84590823578321
-16.75,129.5,39.077963564516104
-16.75,129.75,39.75587505468028
-16.75,130.0,39.194663496432305
-16.75,130.25,36.503878615498124
-16.75,130.5,34.98897369308619
-16.75,130.75,35.65614849147655
-16.75,131.0,36.54172599767874
-16.75,131.25,37.568949974090465
-16.75,131.5,38.524546304749975
-16.75,131.75,38.871664340439395
-16.75,132.0,38.58395225143073
-16.75,132.25,37.69227357716559
-16.75,132.5,36.576944521119096
-16.75,132.75,35.97900921457593
-16.75,133.0,36.03617539464641
-16.75,133.25,35.63303990910122
-16.75,133.5,35.223055585542674
-16.75,133.75,34.51008676656856
-16.75,134.0,33.766293885324494
-16.75,134.25,33.0496911828978
-16.75,134.5,32.82714438296823
-16.75,134.75,33.051430790421975
-16.75,135.0,33.72712529351437
-16.75,135.25,34.098802681040205
-16.75,135.5,33.99902332619438
-16.75,135.75,34.04610832347762
-16.75,136.0,34.36029515991673
-16.75,136.25,35.114888785365345
-16.75,136.5,35.930201727732225
-16.75,136.75,36.49321679061827
-16.75,137.0,36.83425726647435
-16.75,137.25,36.95106341308235
-16.75,137.5,36.9351017816952
-16.75,137.75,37.03595385356384
-16.75,138.0,36.37414447090027
-16.75,138.25,35.199055040733235
-16.75,138.5,34.523246003133515
-16.75,138.75,34.405779077265144
-16.75,139.0,34.39359506211293
-16.75,141.0,35.44031528848102
-16.75,141.25,35.26138319343309
-16.75,141.5,35.08548056182282
-16.75,141.75,34.056497219412016
-16.75,142.0,33.12226156121429
-16.75,142.25,32.26915974292991
-16.75,142.5,31.732297232293732
-16.75,142.75,31.254480806534026
-16.75,143.0,31.137796110188248
-16.75,143.25,31.221915674393692
-16.75,143.5,31.222633803398054
-16.75,143.75,31.218205619247506
-16.75,144.0,31.488049283775904
-16.75,144.25,32.01156357162144
-16.75,144.5,32.604680538509925
-16.75,144.75,32.86284482007372
-16.75,145.0,32.02773499602477
-16.75,145.25,30.4284280262977
-16.75,145.5,30.554122330800254
-16.75,145.75,33.33095568773921
-17.0,122.25,26.994142258560007
-17.0,122.5,27.91845335150985
-17.0,122.75,28.68990631790747
-17.0,123.0,28.507275183180813
-17.0,123.25,27.65317633476313
-17.0,123.5,27.099750729875375
-17.0,123.75,27.53869692464993
-17.0,124.0,29.293608856120432
-17.0,124.25,30.65168271288907
-17.0,124.5,30.45390597200171
-17.0,124.75,30.087439475155072
-17.0,125.0,30.379840531400763
-17.0,125.25,30.688690726813103
-17.0,125.5,29.82115913296612
-17.0,125.75,28.62151059260446
-17.0,126.0,28.74162365593869
-17.0,126.25,30.997718216852782
-17.0,126.5,32.45117954209001
-17.0,126.75,33.09074961631536
-17.0,127.0,33.27257888402519
-17.0,127.25,32.708360363773046
-17.0,127.5,31.70977403731697
-17.0,127.75,30.946427464681534
-17.0,128.0,30.23157843206742
-17.0,128.25,30.657419924349888
-17.0,128.5,32.811788339913235
-17.0,128.75,34.054712678918435
-17.0,129.0,35.88836998745539
-17.0,129.25,38.034684556199906
-17.0,129.5,39.248838369368144
-17.0,129.75,39.39451695506905
-17.0,130.0,38.52722291535436
-17.0,130.25,36.822562376774655
-17.0,130.5,36.06260822867848
-17.0,130.75,36.33945525563843
-17.0,131.0,36.788004731116885
-17.0,131.25,37.59426698865158
-17.0,131.5,38.396639957333235
-17.0,131.75,38.616052746183634
-17.0,132.0,37.99424088711924
-17.0,132.25,37.00411719282052
-17.0,132.5,36.43095895052281
-17.0,132.75,36.2260179494204
-17.0,133.0,36.32979140479738
-17.0,133.25,36.176553778824335
-17.0,133.5,35.96060372288707
-17.0,133.75,35.509690528678405
-17.0,134.0,34.989657151614416
-17.0,134.25,34.570758700271945
-17.0,134.5,34.25760286323397
-17.0,134.75,34.27652856339232
-17.0,135.0,34.68015069436595
-17.0,135.25,35.15723197740004
-17.0,135.5,35.304744859258975
-17.0,135.75,35.44427869875015
-17.0,136.0,35.56467622718977
-17.0,136.25,35.87993200898632
-17.0,136.5,36.462871814224904
-17.0,136.75,36.918650005858126
-17.0,137.0,37.11805859596081
-17.0,137.25,37.16047895675777
-17.0,137.5,36.81092346127937
-17.0,137.75,36.44546032623458
-17.0,138.0,36.43001097552445
-17.0,138.25,36.350266801303476
-17.0,138.5,36.128594392204946
-17.0,138.75,35.79025536963934
-17.0,139.0,35.26127756225676
-17.0,139.25,34.35707750143945
-17.0,140.75,35.5781059361263
-17.0,141.0,35.716507961662906
-17.0,141.25,35.82660699230029
-17.0,141.5,35.48831837818193
-17.0,141.75,34.6035761684489
-17.0,142.0,33.831996753632545
-17.0,142.25,32.942647543936445
-17.0,142.5,32.27644344267705
-17.0,142.75,31.68021044877608
-17.0,143.0,31.42142316222521
-17.0,143.25,31.4328736494582
-17.0,143.5,31.354846850962158
-17.0,143.75,31.053780545872424
-17.0,144.0,30.663936997019096
-17.0,144.25,30.644921402286684
-17.0,144.5,31.53985251629403
-17.0,144.75,31.786170398605158
-17.0,145.0,31.338593904194262
-17.0,145.25,30.694785132091802
-17.0,145.5,29.983118667665398
-17.0,145.75,31.183880902939084
-17.0,146.0,33.62323176070042
-17.25,122.0,27.02909350046158
-17.25,122.25,28.112222993240326
-17.25,122.5,28.92787090908658
-17.25,122.75,28.7828496841999
-17.25,123.0,27.9371408599015
-17.25,123.25,27.706976585330974
-17.25,123.5,27.860352378546
-17.25,123.75,28.63323113576232
-17.25,124.0,29.881220437922895
-17.25,124.25,30.11891474887967
-17.25,124.5,30.10678881954232
-17.25,124.75,30.196595832412687
-17.25,125.0,30.834908047464424
-17.25,125.25,31.113514353298036
-17.25,125.5,29.63738755491259
-17.25,125.75,27.676791337076008
-17.25,126.0,28.13131920407846
-17.25,126.25,31.421709094263324
-17.25,126.5,33.47151371714191
-17.25,126.75,33.92451453808434
-17.25,127.0,33.769557535396316
-17.25,127.25,32.96876476349314
-17.25,127.5,31.687172096198495
-17.25,127.75,30.881593035915383
-17.25,128.0,29.873787762029163
-17.25,128.25,29.798892031200733
-17.25,128.5,31.129711706961412
-17.25,128.75,33.08643376844729
-17.25,129.0,36.34814185905265
-17.25,129.25,38.79025294875466
-17.25,129.5,39.42849713910564
-17.25,129.75,38.929818699954325
-17.25,130.0,37.868636190732865
-17.25,130.25,36.391878883992185
-17.25,130.5,35.478454375304736
-17.25,130.75,35.94061336412776
-17.25,131.0,37.07114936313829
-17.25,131.25,38.002320831659915
-17.25,131.5,38.40020826042757
-17.25,131.75,38.278428893400715
-17.25,132.0,37.63231015919378
-17.25,132.25,36.976022155984666
-17.25,132.5,36.898288260425915
-17.25,132.75,36.82457928505727
-17.25,133.0,37.07779948685184
-17.25,133.25,37.146284498772765
-17.25,133.5,36.98501527163162
-17.25,133.75,36.755461900501736
-17.25,134.0,36.47729650936527
-17.25,134.25,36.26530375081122
-17.25,134.5,35.90420488985093
-17.25,134.75,35.503751010184125
-17.25,135.0,35.26393104847602
-17.25,135.25,35.39429327525918
-17.25,135.5,35.402906395534025
-17.25,135.75,35.45383306498149
-17.25,136.0,35.631800123077724
-17.25,136.25,35.98830834600558
-17.25,136.5,36.60866530827559
-17.25,136.75,37.0398769612215
-17.25,137.0,37.16829161373492
-17.25,137.25,37.1167647640197
-17.25,137.5,36.71645102223105
-17.25,137.75,35.94259504978724
-17.25,138.0,35.94732996854336
-17.25,138.25,36.2079579485735
-17.25,138.5,36.18480375938482
-17.25,138.75,35.79498590225595
-17.25,139.0,35.236778235637146
-17.25,139.25,34.45429027162132
-17.25,139.5,34.294233126393394
-17.25,140.75,35.48609445543736
-17.25,141.0,35.91181542203395
-17.25,141.25,36.14734035466634
-17.25,141.5,35.70057322054473
-17.25,141.75,34.85798887091282
-17.25,142.0,34.04392364691934
-17.25,142.25,33.334813151132664
-17.25,142.5,32.810944775675566
-17.25,142.75,32.411574991411044
-17.25,143.0,32.07948086300075
-17.25,143.25,32.026942010843825
-17.25,143.5,32.10544834331736
-17.25,143.75,32.197276361758085
-17.25,144.0,32.24166422008819
-17.25,144.25,32.36792704908052
-17.25,144.5,31.93846659678655
-17.25,144.75,31.39774684947256
-17.25,145.0,31.465741355093936
-17.25,145.25,31.967521224364216
-17.25,145.5,31.59235494816853
-17.25,145.75,30.317668608971452
-17.25,146.0,30.967828103991856
-17.25,146.25,33.27474556040301
-17.5,122.0,27.350007559412273
-17.5,122.25,28.36637120955682
-17.5,122.5,28.936790516542683
-17.5,122.75,28.050102210026544
-17.5,123.0,27.451924625570463
-17.5,123.25,28.060663333817406
-17.5,123.5,28.88124495530694
-17.5,123.75,29.934889142294082
-17.5,124.0,30.2217532315936
-17.5,124.25,30.227686381198623
-17.5,124.5,30.587419685019324
-17.5,124.75,31.236370147457716
-17.5,125.0,31.7292414857303
-17.5,125.25,31.476711565885317
-17.5,125.5,29.27010481483799
-17.5,125.75,27.384047679221492
-17.5,126.0,28.624208816567823
-17.5,126.25,31.586873472681408
-17.5,126.5,33.187861783076656
-17.5,126.75,33.726780372905054
-17.5,127.0,33.77747433099474
-17.5,127.25,33.2951103586609
-17.5,127.5,32.02964747504518
-17.5,127.75,30.444335064627413
-17.5,128.0,29.271758013495752
-17.5,128.25,29.45701697104058
-17.5,128.5,31.70521767741166
-17.5,128.75,35.1469195528483
-17.5,129.0,37.99812072433288
-17.5,129.25,39.38780826932887
-17.5,129.5,39.05444959500457
-17.5,129.75,38.34934080711114
-17.5,130.0,37.19130729736237
-17.5,130.25,35.45451181410184
-17.5,130.5,34.659917256693284
-17.5,130.75,35.8772083690552
-17.5,131.0,37.152945953401165
-17.5,131.25,37.88431806297697
-17.5,131.5,38.24269981363714
-17.5,131.75,38.04607717425806
-17.5,132.0,37.534532621706404
-17.5,132.25,36.92865571791532
-17.5,132.5,36.77368015133501
-17.5,132.75,37.03267348231508
-17.5,133.0,37.452413949051405
-17.5,133.25,37.580763019474325
-17.5,133.5,37.78035628146776
-17.5,133.75,37.66475954302807
-17.5,134.0,37.53992942876367
-17.5,134.25,37.231955792125866
-17.5,134.5,36.84152511144107
-17.5,134.75,36.30603084164605
-17.5,135.0,35.71154374125651
-17.5,135.25,35.39772750275611
-17.5,135.5,35.1495052753548
-17.5,135.75,34.98151543447209
-17.5,136.0,35.08016616134825
-17.5,136.25,35.533534455847466
-17.5,136.5,36.15516342608211
-17.5,136.75,36.45342205332095
-17.5,137.0,36.43690990225511
-17.5,137.25,36.36736047775104
-17.5,137.5,36.04123302772567
-17.5,137.75,35.23106898748193
-17.5,138.0,35.0304621409616
-17.5,138.25,35.29129399393307
-17.5,138.5,35.4371212107343
-17.5,138.75,35.278498797541054
-17.5,139.0,35.53535252146069
-17.5,139.25,35.58935159043696
-17.5,139.5,35.452809008432375
-17.5,139.75,35.03977550770494
-17.5,140.0,35.154854552767425
-17.5,140.25,35.243983874640804
-17.5,140.5,35.529091386742905
-17.5,140.75,35.99916954678238
-17.5,141.0,36.42223155444821
-17.5,141.25,36.41334909234453
-17.5,141.5,35.819919150839354
-17.5,141.75,34.839869190203174
-17.5,142.0,34.08327466813031
-17.5,142.25,33.56075802057733
-17.5,142.5,33.08835883011618
-17.5,142.75,32.701515599699086
-17.5,143.0,32.44004931666124
-17.5,143.25,32.41224109893587
-17.5,143.5,32.7197113149109
-17.5,143.75,33.034644379884114
-17.5,144.0,33.27706395599116
-17.5,144.25,33.39404082355084
-17.5,144.5,33.2784028743332
-17.5,144.75,32.986190356756346
-17.5,145.0,32.610825883622674
-17.5,145.25,32.09090017013932
-17.5,145.5,30.928263503717275
-17.5,145.75,28.122407134436244
-17.5,146.0,28.96824895767854
-17.5,146.25,32.16430474993241
-17.5,146.5,32.91681641701197
-17.75,122.0,27.324147681892853
-17.75,122.25,28.30295407604362
-17.75,122.5,28.815656063271632
-17.75,122.75,28.196458584674918
-17.75,123.0,28.094773319763643
-17.75,123.25,28.6410966236596
-17.75,123.5,29.151939756681283
-17.75,123.75,30.256003386743664
-17.75,124.0,30.421252481195488
-17.75,124.25,30.169254369301946
-17.75,124.5,30.81791731609174
-17.75,124.75,31.74371324843467
-17.75,125.0,32.24119738785069
-17.75,125.25,30.882193573256316
-17.75,125.5,28.55434706104683
-17.75,125.75,28.135335868567825
-17.75,126.0,30.158716748364256
-17.75,126.25,32.40629482846705
-17.75,126.5,32.845786091832665
-17.75,126.75,33.315583547782246
-17.75,127.0,33.8761902368821
-17.75,127.25,33.544299752837034
-17.75,127.5,32.371022252474546
-17.75,127.75,30.70565937569355
-17.75,128.0,30.026898897743248
-17.75,128.25,31.246657462416596
-17.75,128.5,34.51794013283206
-17.75,128.75,37.114254018499956
-17.75,129.0,38.70194272016065
-17.75,129.25,38.08334218087842
-17.75,129.5,37.583878709796565
-17.75,129.75,37.38467053099883
-17.75,130.0,36.21665258501255
-17.75,130.25,35.28852291942537
-17.75,130.5,34.92554840779402
-17.75,130.75,35.950203077258266
-17.75,131.0,36.825422438863654
-17.75,131.25,37.620497709575204
-17.75,131.5,37.91362985118723
-17.75,131.75,37.83134870243108
-17.75,132.0,37.40818501576745
-17.75,132.25,36.77379957471804
-17.75,132.5,36.69085572614745
-17.75,132.75,37.03343264783739
-17.75,133.0,37.346301467384606
-17.75,133.25,37.64291935628639
-17.75,133.5,37.97566709618069
-17.75,133.75,38.150428060736196
-17.75,134.0,37.95835435176593
-17.75,134.25,37.32936882326042
-17.75,134.5,36.89962946488728
-17.75,134.75,36.30604709545495
-17.75,135.0,35.89950431696364
-17.75,135.25,35.638654876324516
-17.75,135.5,35.589449406037915
-17.75,135.75,35.5403276023529
-17.75,136.0,35.483757884096846
-17.75,136.25,35.71509315693117
-17.75,136.5,35.62052348524671
-17.75,136.75,35.75783207357575
-17.75,137.0,35.60951085955505
-17.75,137.25,35.52669926405375
-17.75,137.5,35.138929811366445
-17.75,137.75,34.50979132485019
-17.75,138.0,34.41663509495158
-17.75,138.25,34.61154527916543
-17.75,138.5,34.80778179683761
-17.75,138.75,35.13684683478163
-17.75,139.0,35.55604247791162
-17.75,139.25,36.23973419298518
-17.75,139.5,36.449730656860005
-17.75,139.75,36.484415715400566
-17.75,140.0,36.55929963620079
-17.75,140.25,36.57416628886345
-17.75,140.5,36.618897019469486
-17.75,140.75,37.027155553608296
-17.75,141.0,36.757463915801814
-17.75,141.25,36.497450046883124
-17.75,141.5,35.940483002904315
-17.75,141.75,35.01376921463228
-17.75,142.0,34.11941396711455
-17.75,142.25,33.69349787959297
-17.75,142.5,33.30959794451398
-17.75,142.75,32.74575948397178
-17.75,143.0,32.49566421635617
-17.75,143.25,32.54645629754553
-17.75,143.5,32.925375574777796
-17.75,143.75,33.412261497543795
-17.75,144.0,33.35626484713737
-17.75,144.25,33.16673372953374
-17.75,144.5,33.65145762037288
-17.75,144.75,33.517087637771496
-17.75,145.0,32.71521240583336
-17.75,145.25,31.829514935716038
-17.75,145.5,29.944237616074364
-17.75,145.75,27.238808395102488
-17.75,146.0,28.366633752586882
-17.75,146.25,31.570086998222667
-17.75,146.5,32.39059162665783
-18.0,122.25,28.5678898653912
-18.0,122.5,29.277198481329364
-18.0,122.75,29.34739251023809
-18.0,123.0,29.285467505941103
-18.0,123.25,28.656026908964524
-18.0,123.5,29.144809413470124
-18.0,123.75,29.872407177185046
-18.0,124.0,30.084478795961882
-18.0,124.25,30.20849254000921
-18.0,124.5,30.72350914881539
-18.0,124.75,31.63909379744837
-18.0,125.0,31.186789485035746
-18.0,125.25,29.72705356856393
-18.0,125.5,28.961688967916935
-18.0,125.75,29.38601370331514
-18.0,126.0,31.716929199698363
-18.0,126.25,33.056352415422126
-18.0,126.5,33.11727193312081
-18.0,126.75,32.947849116345985
-18.0,127.0,33.43730146462592
-18.0,127.25,33.93100104345072
-18.0,127.5,32.97422954193545
-18.0,127.75,31.698950651173654
-18.0,128.0,31.175078153883337
-18.0,128.25,33.11665440040322
-18.0,128.5,35.94790295951515
-18.0,128.75,37.26463117851763
-18.0,129.0,36.782206984477696
-18.0,129.25,36.037562138253655
-18.0,129.5,36.38811377533037
-18.0,129.75,36.22156281563008
-18.0,130.0,36.0790138477444
-18.0,130.25,35.36615191719084
-18.0,130.5,35.17266219115864
-18.0,130.75,35.65729451363927
-18.0,131.0,36.38298197831078
-18.0,131.25,37.038644502461615
-18.0,131.5,37.54968200513955
-18.0,131.75,37.65703837964649
-18.0,132.0,37.228405614731926
-18.0,132.25,36.80671413363644
-18.0,132.5,36.73901301557321
-18.0,132.75,37.06837797460789
-18.0,133.0,37.4244387623215
-18.0,133.25,37.848433662552274
-18.0,133.5,38.455311276874326
-18.0,133.75,38.56754740959677
-18.0,134.0,38.074984870573225
-18.0,134.25,37.456227250294724
-18.0,134.5,36.82254380941101
-18.0,134.75,36.34228751235084
-18.0,135.0,36.27404264154649
-18.0,135.25,36.35180720525393
-18.0,135.5,36.426393331308454
-18.0,135.75,36.29272563739138
-18.0,136.0,36.374967619876536
-18.0,136.25,36.25809078222316
-18.0,136.5,36.136166216112755
-18.0,136.75,36.116458082090034
-18.0,137.0,35.96498168888708
-18.0,137.25,35.60096986755438
-18.0,137.5,35.30461545498416
-18.0,137.75,35.1012492191184
-18.0,138.0,35.15064956302524
-18.0,138.25,35.18867802342694
-18.0,138.5,34.8507979136197
-18.0,138.75,35.2527353215378
-18.0,139.0,36.0711290435893
-18.0,139.25,36.76618988517284
-18.0,139.5,37.07257566552287
-18.0,139.75,37.38457785893478
-18.0,140.0,37.59160604447079
-18.0,140.25,37.58716849478172
-18.0,140.5,37.836477268126046
-18.0,140.75,37.54748183203217
-18.0,141.0,37.3365213906877
-18.0,141.25,36.69190951678844
-18.0,141.5,36.079080010935655
-18.0,141.75,35.23989864398443
-18.0,142.0,34.35064145430755
-18.0,142.25,33.81756319112964
-18.0,142.5,33.45049828883186
-18.0,142.75,32.865177507337116
-18.0,143.0,32.384760177057586
-18.0,143.25,32.48454370826652
-18.0,143.5,33.182358098975975
-18.0,143.75,33.78921620044488
-18.0,144.0,33.081529426988936
-18.0,144.25,32.598670447919105
-18.0,144.5,33.186822927488166
-18.0,144.75,33.013855157972976
-18.0,145.0,32.093608796916605
-18.0,145.25,30.78165192408883
-18.0,145.5,28.80047893366572
-18.0,145.75,27.520744041077627
-18.0,146.0,28.140872274952276
-18.0,146.25,30.899167285965067
-18.25,122.0,28.895295895028624
-18.25,122.25,30.014113781456164
-18.25,122.5,30.262727609723555
-18.25,122.75,30.60324937081167
-18.25,123.0,29.463875937268924
-18.25,123.25,28.852390347272518
-18.25,123.5,28.99290921718349
-18.25,123.75,29.697461064799306
-18.25,124.0,30.167823495695053
-18.25,124.25,30.404402463311698
-18.25,124.5,30.874108742604136
-18.25,124.75,30.85189488175513
-18.25,125.0,30.344573417632507
-18.25,125.25,30.03096745811109
-18.25,125.5,29.600428639801542
-18.25,125.75,30.954789038242335
-18.25,126.0,32.786279770700844
-18.25,126.25,33.31398331010486
-18.25,126.5,32.836366228009005
-18.25,126.75,32.63551287679339
-18.25,127.0,33.17579132456427
-18.25,127.25,33.49456760722843
-18.25,127.5,33.35023030053034
-18.25,127.75,32.17734382990963
-18.25,128.0,31.844304810786497
-18.25,128.25,33.54223306156653
-18.25,128.5,35.21511613352899
-18.25,128.75,35.41812414687551
-18.25,129.0,34.73915415549484
-18.25,129.25,35.14931279903589
-18.25,129.5,35.53446398020927
-18.25,129.75,36.05834203245818
-18.25,130.0,35.92610320106659
-18.25,130.25,35.088285105161276
-18.25,130.5,34.798839091871095
-18.25,130.75,35.16032759529965
-18.25,131.0,35.84787305186844
-18.25,131.25,36.47910733517471
-18.25,131.5,36.84466248019407
-18.25,131.75,37.30000669848859
-18.25,132.0,37.29686809122054
-18.25,132.25,36.94333933641379
-18.25,132.5,36.96603111440644
-18.25,132.75,37.266033683266656
-18.25,133.0,37.583668897541784
-18.25,133.25,38.17431163534436
-18.25,133.5,38.77010929427144
-18.25,133.75,39.05955697369285
-18.25,134.0,38.5899167080208
-18.25,134.25,37.75757303649236
-18.25,134.5,37.19687843284854
-18.25,134.75,36.907093705820735
-18.25,135.0,36.92948755599321
-18.25,135.25,37.122142386832465
-18.25,135.5,37.035538858674876
-18.25,135.75,36.98123920437094
-18.25,136.0,36.84740680241095
-18.25,136.25,36.94541017669339
-18.25,136.5,36.8557960303458
-18.25,136.75,36.89309228561053
-18.25,137.0,36.61227982743211
-18.25,137.25,36.19386265014685
-18.25,137.5,36.1347889733965
-18.25,137.75,35.97807110002563
-18.25,138.0,36.09559863498429
-18.25,138.25,35.32147335248087
-18.25,138.5,35.02136620045756
-18.25,138.75,35.56739949237889
-18.25,139.0,36.56381909664279
-18.25,139.25,37.28978749918011
-18.25,139.5,37.56786196096243
-18.25,139.75,37.831620658268015
-18.25,140.0,38.04645098181818
-18.25,140.25,38.189549706563554
-18.25,140.5,38.05229820153123
-18.25,140.75,37.99679326243315
-18.25,141.0,37.56656485711626
-18.25,141.25,36.96004360207687
-18.25,141.5,36.30068923703352
-18.25,141.75,35.49216437652046
-18.25,142.0,34.72042544821942
-18.25,142.25,34.104839373791535
-18.25,142.5,33.559072011984036
-18.25,142.75,33.15569789093017
-18.25,143.0,32.56419170106426
-18.25,143.25,32.72041288824615
-18.25,143.5,33.50880280526832
-18.25,143.75,33.75607549201456
-18.25,144.0,32.64884814933309
-18.25,144.25,32.35437520993866
-18.25,144.5,32.558066272953695
-18.25,144.75,32.088915119370434
-18.25,145.0,30.50379069354036
-18.25,145.25,29.105531068000783
-18.25,145.5,29.229689132805564
-18.25,145.75,28.232078282456747
-18.25,146.0,27.902332575128323
-18.25,146.25,30.013826659203122
-18.25,146.5,31.667055575969055
-18.5,121.75,29.20975022497428
-18.5,122.0,30.5884095495992
-18.5,122.25,30.997395648174543
-18.5,122.5,31.31809564656004
-18.5,122.75,30.71119085180034
-18.5,123.0,29.732553027061424
-18.5,123.25,28.911143471880486
-18.5,123.5,29.056023541010426
-18.5,123.75,30.051201879166893
-18.5,124.0,30.677162088982566
-18.5,124.25,30.78753627679774
-18.5,124.5,30.678927207337782
-18.5,124.75,30.688485369179844
-18.5,125.0,30.847388878103445
-18.5,125.25,30.65491442604511
-18.5,125.5,30.966476291530455
-18.5,125.75,32.367748542266256
-18.5,126.0,33.36557107257774
-18.5,126.25,33.13012246221916
-18.5,126.5,32.44098813764642
-18.5,126.75,32.49029709340698
-18.5,127.0,33.0690761791391
-18.5,127.25,33.49775118014955
-18.5,127.5,33.23643014289836
-18.5,127.75,31.816776785444816
-18.5,128.0,31.442150713668646
-18.5,128.25,32.605518657264035
-18.5,128.5,33.62886213243623
-18.5,128.75,33.91198404812768
-18.5,129.0,34.5137357600882
-18.5,129.25,35.0355231223667
-18.5,129.5,35.43804256129379
-18.5,129.75,35.88282958835613
-18.5,130.0,35.590551481025706
-18.5,130.25,34.64553838442315
-18.5,130.5,34.071197224455986
-18.5,130.75,34.65167433449169
-18.5,131.0,35.50101668524822
-18.5,131.25,36.12538728943821
-18.5,131.5,36.557484859661045
-18.5,131.75,36.94454315288478
-18.5,132.0,37.24359811218719
-18.5,132.25,37.22337149894305
-18.5,132.5,37.28242286467081
-18.5,132.75,37.4164253193453
-18.5,133.0,37.60490883181296
-18.5,133.25,38.21671069816165
-18.5,133.5,39.01751913587204
-18.5,133.75,39.30937610558645
-18.5,134.0,38.82651973455128
-18.5,134.25,38.08888194375586
-18.5,134.5,37.54346051599177
-18.5,134.75,37.38803750154233
-18.5,135.0,37.45536617647378
-18.5,135.25,37.55834110498151
-18.5,135.5,37.41457872822078
-18.5,135.75,37.21382376719734
-18.5,136.0,37.276098166630625
-18.5,136.25,37.18492154652384
-18.5,136.5,37.32434537665983
-18.5,136.75,37.00664608526284
-18.5,137.0,36.820205670899526
-18.5,137.25,36.45407888109567
-18.5,137.5,36.58732077597768
-18.5,137.75,36.2775222676453
-18.5,138.0,35.53296143823988
-18.5,138.25,34.877062071788394
-18.5,138.5,34.67552282929369
-18.5,138.75,35.410688502626606
-18.5,139.0,36.70293896413646
-18.5,139.25,37.616024263823725
-18.5,139.5,37.9634653743937
-18.5,139.75,37.985847354168556
-18.5,140.0,38.13748920477101
-18.5,140.25,38.07548718537837
-18.5,140.5,37.983314976893986
-18.5,140.75,37.89698474005839
-18.5,141.0,37.679193819312296
-18.5,141.25,37.256757267215065
-18.5,141.5,36.62171096925747
-18.5,141.75,35.95244234008612
-18.5,142.0,35.182007362875986
-18.5,142.25,34.33333452984137
-18.5,142.5,33.67594919739178
-18.5,142.75,33.111378022559585
-18.5,143.0,32.93198132450944
-18.5,143.25,32.92127787498259
-18.5,143.5,33.68054318074733
-18.5,143.75,33.617620908915114
-18.5,144.0,32.226444561252904
-18.5,144.25,32.24917513728837
-18.5,144.5,32.1285948349945
-18.5,144.75,30.34925370601182
-18.5,145.0,28.629522365664197
-18.5,145.25,27.838687743478165
-18.5,145.5,28.602565895298326
-18.5,145.75,28.668226753701433
-18.5,146.0,28.063786573093175
-18.5,146.25,29.252639074296237
-18.5,146.5,31.31635078281258
-18.75,121.5,28.716357726149045
-18.75,121.75,30.30430994320483
-18.75,122.0,31.143409433434286
-18.75,122.25,31.316946711891287
-18.75,122.5,30.788217227628945
-18.75,122.75,30.243126598095202
-18.75,123.0,29.857903361118034
-18.75,123.25,29.17401486305055
-18.75,123.5,29.280345148156762
-18.75,123.75,30.386408488151844
-18.75,124.0,30.834042921352424
-18.75,124.25,30.78696021979757
-18.75,124.5,30.73374836618542
-18.75,124.75,31.103708492609734
-18.75,125.0,31.457899870595526
-18.75,125.25,31.607392647406574
-18.75,125.5,31.8631990782665
-18.75,125.75,32.555677903341135
-18.75,126.0,33.319788012231825
-18.75,126.25,33.17314948697665
-18.75,126.5,32.8533952550721
-18.75,126.75,33.023076753260064
-18.75,127.0,33.666512474328556
-18.75,127.25,33.84854552121782
-18.75,127.5,32.582618683959254
-18.75,127.75,30.775503221601213
-18.75,128.0,30.44479602474217
-18.75,128.25,31.46767918092848
-18.75,128.5,32.76100660050913
-18.75,128.75,33.9294272406728
-18.75,129.0,34.59507998060347
-18.75,129.25,34.77140154523988
-18.75,129.5,35.11308382713324
-18.75,129.75,35.36869404636108
-18.75,130.0,34.97706575495136
-18.75,130.25,33.90151661467433
-18.75,130.5,33.28589805854165
-18.75,130.75,34.02635200795571
-18.75,131.0,34.98810321167327
-18.75,131.25,35.788287573568944
-18.75,131.5,36.41270541027201
-18.75,131.75,36.82895054481997
-18.75,132.0,37.18489741864412
-18.75,132.25,37.57894091370862
-18.75,132.5,37.54807750356679
-18.75,132.75,37.29587151215964
-18.75,133.0,37.40287887990543
-18.75,133.25,38.01770028839525
-18.75,133.5,38.83043671565751
-18.75,133.75,39.06000468434881
-18.75,134.0,38.69545094310894
-18.75,134.25,38.0146824166028
-18.75,134.5,37.5799776314214
-18.75,134.75,37.41109182464006
-18.75,135.0,37.60492752051516
-18.75,135.25,37.67837691449796
-18.75,135.5,37.42011880279493
-18.75,135.75,37.48241420040573
-18.75,136.0,37.4484474504838
-18.75,136.25,37.50127229989641
-18.75,136.5,37.25270439844049
-18.75,136.75,37.05597164394308
-18.75,137.0,36.473426544790584
-18.75,137.25,36.00751885234881
-18.75,137.5,35.96575546258447
-18.75,137.75,35.56867446087447
-18.75,138.0,34.91521863980077
-18.75,138.25,34.41784582252467
-18.75,138.5,34.4328381584644
-18.75,138.75,34.99220358865849
-18.75,139.0,36.53762967060533
-18.75,139.25,37.69637851877611
-18.75,139.5,38.05432677526374
-18.75,139.75,37.85698094540161
-18.75,140.0,37.75975240102352
-18.75,140.25,37.718212909493666
-18.75,140.5,37.66695190463134
-18.75,140.75,37.72861582936789
-18.75,141.0,37.73553747335841
-18.75,141.25,37.417243725341656
-18.75,141.5,36.95469000739702
-18.75,141.75,36.367838709309126
-18.75,142.0,35.490482122426634
-18.75,142.25,34.69635765645103
-18.75,142.5,33.69385969412976
-18.75,142.75,33.0608304189333
-18.75,143.0,32.76318414832286
-18.75,143.25,32.94182464962673
-18.75,143.5,33.594399240235454
-18.75,143.75,33.46404115552052
-18.75,144.0,32.01925714465401
-18.75,144.25,31.858349506035417
-18.75,144.5,31.223493231074816
-18.75,144.75,29.422837229420335
-18.75,145.0,28.23202247768708
-18.75,145.25,27.38186606487746
-18.75,145.5,26.876434241889125
-18.75,145.75,27.573980947602312
-18.75,146.0,27.929532571749874
-18.75,146.25,28.999825358312375
-18.75,146.5,30.86709340180357
-19.0,121.25,28.081348869351757
-19.0,121.5,29.232893579869238
-19.0,121.75,30.616829595652675
-19.0,122.0,30.99493609900637
-19.0,122.25,30.43638384538752
-19.0,122.5,29.84739930869442
-19.0,122.75,29.62336523909391
-19.0,123.0,29.54830675587528
-19.0,123.25,29.572284064185414
-19.0,123.5,29.626296834464643
-19.0,123.75,30.11762712342809
-19.0,124.0,30.520689501333973
-19.0,124.25,30.648472241405813
-19.0,124.5,30.92866122932802
-19.0,124.75,31.34454245983234
-19.0,125.0,31.71587244993733
-19.0,125.25,31.932647087130377
-19.0,125.5,32.086586632620936
-19.0,125.75,32.32444836822455
-19.0,126.0,32.73175465225008
-19.0,126.25,33.03144923940346
-19.0,126.5,33.103883280767484
-19.0,126.75,33.54345455593308
-19.0,127.0,33.75959683168936
-19.0,127.25,32.88157858708861
-19.0,127.5,31.184583334222015
-19.0,127.75,30.030538580426427
-19.0,128.0,29.97115288490138
-19.0,128.25,31.066931279614224
-19.0,128.5,32.604530751481725
-19.0,128.75,33.65416104716496
-19.0,129.0,33.785162400031425
-19.0,129.25,33.765884002037126
-19.0,129.5,34.03557762312153
-19.0,129.75,34.3437511165389
-19.0,130.0,33.808102004738096
-19.0,130.25,32.611893739777315
-19.0,130.5,32.25080616747461
-19.0,130.75,33.160300014673076
-19.0,131.0,34.14193541595322
-19.0,131.25,35.06899251789513
-19.0,131.5,35.76769309598306
-19.0,131.75,36.192931646492454
-19.0,132.0,36.63192129725267
-19.0,132.25,37.04348051998849
-19.0,132.5,37.02643689856362
-19.0,132.75,36.715200742885074
-19.0,133.0,37.2330725276821
-19.0,133.25,37.77756563562724
-19.0,133.5,38.18013518499115
-19.0,133.75,38.44677740184281
-19.0,134.0,38.27150600953864
-19.0,134.25,37.75637213353613
-19.0,134.5,37.430054563807204
-19.0,134.75,37.44281882820108
-19.0,135.0,37.538671108338555
-19.0,135.25,37.54105236016584
-19.0,135.5,37.51007107930274
-19.0,135.75,37.58315484432976
-19.0,136.0,37.596690002769286
-19.0,136.25,37.49342683397836
-19.0,136.5,37.244365542470184
-19.0,136.75,36.695187023553906
-19.0,137.0,36.041935136146805
-19.0,137.25,35.64633887379877
-19.0,137.5,35.36420808021052
-19.0,137.75,35.26939871422325
-19.0,138.0,35.12887839493749
-19.0,138.25,34.8578967627522
-19.0,138.5,34.541450038524616
-19.0,138.75,35.0452239720812
-19.0,139.0,36.58977697370769
-19.0,139.25,38.01763073936556
-19.0,139.5,38.12078905469249
-19.0,139.75,37.70448201381959
-19.0,140.0,37.43822815659966
-19.0,140.25,37.549279530951694
-19.0,140.5,37.606597308611946
-19.0,140.75,37.610203651631146
-19.0,141.0,37.61316992595639
-19.0,141.25,37.49205709891536
-19.0,141.5,37.12578001715551
-19.0,141.75,36.52823229730878
-19.0,142.0,35.80578901771535
-19.0,142.25,35.06511504488886
-19.0,142.5,34.02158147065044
-19.0,142.75,32.94519479402297
-19.0,143.0,32.333181076273235
-19.0,143.25,32.334971265264166
-19.0,143.5,32.73274511451193
-19.0,143.75,32.690134106945436
-19.0,144.0,31.769405052541806
-19.0,144.25,31.024399877319368
-19.0,144.5,30.224840035249077
-19.0,144.75,28.978094316407898
-19.0,145.0,28.01494505900431
-19.0,145.25,26.899388686139005
-19.0,145.5,25.84738983580008
-19.0,145.75,26.170550857235913
-19.0,146.0,27.91096895096375
-19.0,146.25,28.801995575220076
-19.0,146.5,29.49856920566127
-19.0,146.75,30.169942915739043
-19.0,147.0,30.7122957411801
-19.0,147.25,31.24344048242078
-19.25,121.0,27.674338410620923
-19.25,121.25,28.551770563980902
-19.25,121.5,29.93312136290189
-19.25,121.75,30.51011925506749
-19.25,122.0,30.317972796078422
-19.25,122.25,29.775037323039797
-19.25,122.5,29.348948650607518
-19.25,122.75,29.258613952755965
-19.25,123.0,29.365306260571
-19.25,123.25,29.51551631253957
-19.25,123.5,29.567477587806007
-19.25,123.75,29.76158145886979
-19.25,124.0,30.176732381065253
-19.25,124.25,30.490139396982457
-19.25,124.5,30.79916299112899
-19.25,124.75,31.093329625019095
-19.25,125.0,31.410965820083103
-19.25,125.25,31.64843924877334
-19.25,125.5,31.819577366794316
-19.25,125.75,31.865916601691875
-19.25,126.0,32.17147853798982
-19.25,126.25,32.644341752110584
-19.25,126.5,32.97315815213362
-19.25,126.75,33.231929311352395
-19.25,127.0,32.78324960614714
-19.25,127.25,31.32771819378827
-19.25,127.5,29.768100554907853
-19.25,127.75,29.463823893393116
-19.25,128.0,30.316708824472386
-19.25,128.25,31.188826542641504
-19.25,128.5,32.08545033900567
-19.25,128.75,32.38131116570751
-19.25,129.0,32.124505205817414
-19.25,129.25,31.960173003886755
-19.25,129.5,32.19229651689
-19.25,129.75,32.53811235595292
-19.25,130.0,32.253767504871405
-19.25,130.25,31.44701273457384
-19.25,130.5,31.520146713371336
-19.25,130.75,32.52731652983511
-19.25,131.0,33.46901583611703
-19.25,131.25,34.28776260936769
-19.25,131.5,34.84935743763735
-19.25,131.75,35.571212486675535
-19.25,132.0,36.27299627294878
-19.25,132.25,36.54950829968389
-19.25,132.5,36.18531908979751
-19.25,132.75,35.95805392775122
-19.25,133.0,36.621858566593836
-19.25,133.25,36.90317395434256
-19.25,133.5,37.09935449498799
-19.25,133.75,37.41047638611952
-19.25,134.0,37.52894953730151
-19.25,134.25,37.4234983413084
-19.25,134.5,37.329279813189736
-19.25,134.75,37.29870614104306
-19.25,135.0,37.14902852704412
-19.25,135.25,37.046750873661075
-19.25,135.5,37.10219460616292
-19.25,135.75,37.19961188186171
-19.25,136.0,37.30139808549712
-19.25,136.25,37.24429661416921
-19.25,136.5,37.02068863938161
-19.25,136.75,36.624693933534765
-19.25,137.0,36.20253835768572
-19.25,137.25,35.925461512019425
-19.25,137.5,35.75351308987688
-19.25,137.75,35.521004561031205
-19.25,138.0,35.31264945739613
-19.25,138.25,35.10811519769681
-19.25,138.5,35.092352354718834
-19.25,138.75,35.651995906967386
-19.25,139.0,36.806454641819336
-19.25,139.25,37.487455891693436
-19.25,139.5,36.95937849125792
-19.25,139.75,36.988901131387564
-19.25,140.0,37.11487435126006
-19.25,140.25,37.31463547471377
-19.25,140.5,37.407339333269995
-19.25,140.75,37.36920162774716
-19.25,141.0,37.335463807660105
-19.25,141.25,37.27024592472731
-19.25,141.5,36.886899273099
-19.25,141.75,36.35049457295207
-19.25,142.0,35.82244653168793
-19.25,142.25,35.04145725026353
-19.25,142.5,34.05874957433435
-19.25,142.75,32.77349739465068
-19.25,143.0,31.703453947511104
-19.25,143.25,31.4115208345172
-19.25,143.5,31.67297196234007
-19.25,143.75,31.798141257338646
-19.25,144.0,31.477153051747457
-19.25,144.25,30.45353984298117
-19.25,144.5,29.225192639704993
-19.25,144.75,28.06412820108315
-19.25,145.0,27.370565963268476
-19.25,145.25,26.934646486304768
-19.25,145.5,26.538405713320344
-19.25,145.75,26.41934441741856
-19.25,146.0,26.77373361096198
-19.25,146.25,26.464443884627393
-19.25,146.5,26.805571282662783
-19.25,146.75,28.12391188902752
-19.25,147.0,29.380123732678065
-19.25,147.25,30.27544204761574
-19.25,147.5,30.8669840441038
-19.5,120.5,27.251594113517957
-19.5,120.75,27.71174445981026
-19.5,121.0,28.37078053781154
-19.5,121.25,29.569686334505363
-19.5,121.5,30.42135566289643
-19.5,121.75,30.211719270538282
-19.5,122.0,29.784220048961668
-19.5,122.25,29.496983006397766
-19.5,122.5,29.472290902136123
-19.5,122.75,29.46480779024341
-19.5,123.0,29.422666262225636
-19.5,123.25,29.467378706396055
-19.5,123.5,29.93015041194801
-19.5,123.75,30.465737295429193
-19.5,124.0,30.860880655110225
-19.5,124.25,30.838459667523193
-19.5,124.5,30.845145302183806
-19.5,124.75,30.73453089359128
-19.5,125.0,30.799378077092253
-19.5,125.25,30.986534099013777
-19.5,125.5,31.287863331802452
-19.5,125.75,31.55360027257521
-19.5,126.0,31.819599427769333
-19.5,126.25,31.956789822636537
-19.5,126.5,32.245192839016475
-19.5,126.75,32.208013970656395
-19.5,127.0,31.22358688932681
-19.5,127.25,29.833996580455377
-19.5,127.5,29.504280388938163
-19.5,127.75,30.219546604947116
-19.5,128.0,31.134748923278504
-19.5,128.25,31.23980832948416
-19.5,128.5,31.4960082982007
-19.5,128.75,31.185306846099508
-19.5,129.0,30.664733301599576
-19.5,129.25,30.353979598568802
-19.5,129.5,30.70156911273786
-19.5,129.75,31.206852314557988
-19.5,130.0,31.14021023706586
-19.5,130.25,30.849790417364897
-19.5,130.5,31.53651569781985
-19.5,130.75,32.607494930111166
-19.5,131.0,33.16127981270943
-19.5,131.25,33.87707291649519
-19.5,131.5,34.60140475662794
-19.5,131.75,35.4196939607106
-19.5,132.0,35.95294059557364
-19.5,132.25,36.02213150610086
-19.5,132.5,35.65576255736588
-19.5,132.75,35.706431320729024
-19.5,133.0,36.17900361371631
-19.5,133.25,36.252541483792456
-19.5,133.5,36.45531509556638
-19.5,133.75,36.706704298871465
-19.5,134.0,36.9760209687784
-19.5,134.25,37.12895156530557
-19.5,134.5,37.1367613710712
-19.5,134.75,36.989456555680455
-19.5,135.0,36.8966577398514
-19.5,135.25,36.87735100907206
-19.5,135.5,36.92122932275049
-19.5,135.75,36.9915440639353
-19.5,136.0,37.002680331665836
-19.5,136.25,36.99539688761522
-19.5,136.5,36.81910762561003
-19.5,136.75,36.56935444405149
-19.5,137.0,36.35564847716183
-19.5,137.25,36.1141739838272
-19.5,137.5,35.96404385796369
-19.5,137.75,35.57305827470377
-19.5,138.0,35.33231643629089
-19.5,138.25,35.236606185697674
-19.5,138.5,35.50972945482337
-19.5,138.75,35.81402865740835
-19.5,139.0,36.3589495695712
-19.5,139.25,36.4311266091295
-19.5,139.5,35.98234786763054
-19.5,139.75,36.59507238687842
-19.5,140.0,36.94938870693885
-19.5,140.25,37.02974970045259
-19.5,140.5,37.002873562473845
-19.5,140.75,36.96421880070825
-19.5,141.0,36.94590136675173
-19.5,141.25,36.82312394738156
-19.5,141.5,36.55301539414373
-19.5,141.75,36.06953076010972
-19.5,142.0,35.62515408873801
-19.5,142.25,34.94079072451988
-19.5,142.5,33.95881141074444
-19.5,142.75,32.65390228098589
-19.5,143.0,31.18657413001256
-19.5,143.25,30.581267827845018
-19.5,143.5,30.840455259148793
-19.5,143.75,31.002400691115202
-19.5,144.0,30.528149604968746
-19.5,144.25,29.46863497066634
-19.5,144.5,28.385070321397087
-19.5,144.75,27.652861034369515
-19.5,145.0,27.451295342577918
-19.5,145.25,27.258813661553106
-19.5,145.5,27.025259134761
-19.5,145.75,26.81519158744533
-19.5,146.0,26.079996496181245
-19.5,146.25,25.695157630989165
-19.5,146.5,25.888887704992545
-19.5,146.75,26.135209379802706
-19.5,147.0,27.515747300490066
-19.5,147.25,28.911922540333073
-19.5,147.5,30.222807308083958
-19.5,147.75,30.664133088121556
-19.75,119.25,26.47011984211481
-19.75,119.5,26.77160162145836
-19.75,119.75,27.14834546171792
-19.75,120.0,27.48359311168312
-19.75,120.25,27.853378380611403
-19.75,120.5,28.39171536576663
-19.75,120.75,29.076411473703928
-19.75,121.0,29.665150758688185
-19.75,121.25,30.514131785980975
-19.75,121.5,30.645596500277264
-19.75,121.75,30.271601893893468
-19.75,122.0,29.9188231026717
-19.75,122.25,29.619570663204215
-19.75,122.5,29.619300339731296
-19.75,122.75,29.70400371026901
-19.75,123.0,29.730095968810794
-19.75,123.25,30.265565214169616
-19.75,123.5,30.737139981579215
-19.75,123.75,31.03367364289803
-19.75,124.0,31.177815974375363
-19.75,124.25,30.922075673304136
-19.75,124.5,30.52777867806394
-19.75,124.75,30.458107365433616
-19.75,125.0,30.625762024615696
-19.75,125.25,30.899241377931393
-19.75,125.5,31.18249552117112
-19.75,125.75,31.37705442836303
-19.75,126.0,31.516051502805105
-19.75,126.25,31.639641256813746
-19.75,126.5,31.7837074180051
-19.75,126.75,31.271240731717917
-19.75,127.0,30.26887288566668
-19.75,127.25,29.657335096043457
-19.75,127.5,29.768713729299485
-19.75,127.75,30.858260872730188
-19.75,128.0,31.446594005426054
-19.75,128.25,31.218987659552912
-19.75,128.5,31.147244674890047
-19.75,128.75,30.743807297768864
-19.75,129.0,30.203229474276153
-19.75,129.25,29.886315983120557
-19.75,129.5,29.90642384543498
-19.75,129.75,30.168526670943724
-19.75,130.0,29.986098384595056
-19.75,130.25,30.15349237328296
-19.75,130.5,31.775073410829915
-19.75,130.75,32.829503679416405
-19.75,131.0,33.219819425562704
-19.75,131.25,33.62074879239484
-19.75,131.5,34.476938730340486
-19.75,131.75,35.142822523804384
-19.75,132.0,35.59962490260398
-19.75,132.25,35.63834456232677
-19.75,132.5,35.546506555064894
-19.75,132.75,35.64208825560154
-19.75,133.0,35.943237501971936
-19.75,133.25,36.06168640407722
-19.75,133.5,36.00764948405256
-19.75,133.75,36.343609258712995
-19.75,134.0,36.67287438464669
-19.75,134.25,36.96079019974966
-19.75,134.5,36.841667230099645
-19.75,134.75,36.62106506849273
-19.75,135.0,36.46829141880657
-19.75,135.25,36.56555247213186
-19.75,135.5,36.712888168779195
-19.75,135.75,36.58196545645288
-19.75,136.0,36.629635494220494
-19.75,136.25,36.72135692169269
-19.75,136.5,36.69515483162719
-19.75,136.75,36.5585906598349
-19.75,137.0,36.30772637433841
-19.75,137.25,36.03617074650506
-19.75,137.5,35.832223318481134
-19.75,137.75,35.44165312234178
-19.75,138.0,35.08826276795584
-19.75,138.25,35.09852460298895
-19.75,138.5,35.27627578688874
-19.75,138.75,35.63153218635837
-19.75,139.0,35.56667287674204
-19.75,139.25,35.813184320619484
-19.75,139.5,35.92231048824485
-19.75,139.75,36.06056873878735
-19.75,140.0,36.257216518143
-19.75,140.25,36.26650765224304
-19.75,140.5,36.3566772192369
-19.75,140.75,36.514891111981804
-19.75,141.0,36.480875027062254
-19.75,141.25,36.28040701288331
-19.75,141.5,35.90962584682332
-19.75,141.75,35.53250442220934
-19.75,142.0,35.18896784398155
-19.75,142.25,34.6514489351721
-19.75,142.5,33.862350914800196
-19.75,142.75,32.62697726812929
-19.75,143.0,31.197940426096388
-19.75,143.25,30.266811467324544
-19.75,143.5,29.782761797934455
-19.75,143.75,29.85977386019565
-19.75,144.0,29.553212023551623
-19.75,144.25,28.95321252088881
-19.75,144.5,27.982435924005376
-19.75,144.75,27.467886348429076
-19.75,145.0,27.28878312082164
-19.75,145.25,26.89278510054196
-19.75,145.5,26.574901063596144
-19.75,145.75,26.42130256374002
-19.75,146.0,26.017524440048255
-19.75,146.25,25.752615626779285
-19.75,146.5,25.803695484298956
-19.75,146.75,25.693009836073372
-19.75,147.0,26.466146808267258
-19.75,147.25,27.8069372441351
-19.75,147.5,28.991471420568022
-19.75,147.75,30.111074787073527
-19.75,148.0,30.600214834567247
-19.75,148.25,30.892988467944697
-20.0,118.75,26.32277017016093
-20.0,119.0,26.754422116316064
-20.0,119.25,27.39910549522031
-20.0,119.5,28.016971257479042
-20.0,119.75,28.786605205907133
-20.0,120.0,29.289653096045043
-20.0,120.25,29.40953365542606
-20.0,120.5,29.984788332397656
-20.0,120.75,30.14589193069857
-20.0,121.0,30.606308608022935
-20.0,121.25,30.725664463087973
-20.0,121.5,30.67836808461592
-20.0,121.75,30.374868637091456
-20.0,122.0,30.10954505218244
-20.0,122.25,29.884560470714476
-20.0,122.5,29.9277685399003
-20.0,122.75,29.947686382395975
-20.0,123.0,30.39992073588877
-20.0,123.25,30.795650934490254
-20.0,123.5,30.845858079523218
-20.0,123.75,30.800854152838514
-20.0,124.0,30.812572869312234
-20.0,124.25,30.57372044727386
-20.0,124.5,30.32843229266595
-20.0,124.75,30.443578616592916
-20.0,125.0,30.655812111235036
-20.0,125.25,30.880445936655548
-20.0,125.5,31.070947020282542
-20.0,125.75,31.10521647067528
-20.0,126.0,31.09488142289375
-20.0,126.25,31.415022178324733
-20.0,126.5,31.68716918180998
-20.0,126.75,31.17233577981171
-20.0,127.0,30.285957994928292
-20.0,127.25,29.80353090226867
-20.0,127.5,30.533872545835784
-20.0,127.75,31.501692875937287
-20.0,128.0,31.318075453991607
-20.0,128.25,30.745956677033067
-20.0,128.5,30.54858458859383
-20.0,128.75,30.270530984340294
-20.0,129.0,29.769735144485598
-20.0,129.25,29.408447322322417
-20.0,129.5,29.33500465210315
-20.0,129.75,29.081565385690645
-20.0,130.0,28.985283483840153
-20.0,130.25,30.055294941488928
-20.0,130.5,31.673376554779328
-20.0,130.75,32.46536886739088
-20.0,131.0,32.73451942015766
-20.0,131.25,33.274836721249315
-20.0,131.5,33.823789218767075
-20.0,131.75,34.585044442691455
-20.0,132.0,35.00060032119704
-20.0,132.25,35.20878298391437
-20.0,132.5,35.41324716072555
-20.0,132.75,35.546042511495706
-20.0,133.0,35.83087031704604
-20.0,133.25,36.00087980306705
-20.0,133.5,35.975859323856014
-20.0,133.75,35.83113230293848
-20.0,134.0,36.24352756980241
-20.0,134.25,36.391225925158494
-20.0,134.5,36.378450942172186
-20.0,134.75,36.0853135192272
-20.0,135.0,36.01382381107636
-20.0,135.25,36.20261538570565
-20.0,135.5,36.210992447935396
-20.0,135.75,36.20660409705492
-20.0,136.0,36.0735644514032
-20.0,136.25,36.210151159439285
-20.0,136.5,36.26375167577154
-20.0,136.75,36.16623454484587
-20.0,137.0,35.81057903300111
-20.0,137.25,35.59454433844503
-20.0,137.5,35.60009307575924
-20.0,137.75,35.38723574766777
-20.0,138.0,35.02931046665074
-20.0,138.25,34.64989585428116
-20.0,138.5,34.863938149185685
-20.0,138.75,34.83943454701215
-20.0,139.0,34.991672296004396
-20.0,139.25,35.378539955412435
-20.0,139.5,35.43018050042269
-20.0,139.75,35.37530088170055
-20.0,140.0,35.51097970696256
-20.0,140.25,35.62635348744784
-20.0,140.5,35.7637400034445
-20.0,140.75,35.87537074041246
-20.0,141.0,35.87358907519649
-20.0,141.25,35.561031695926886
-20.0,141.5,35.17879790681699
-20.0,141.75,34.82252192160126
-20.0,142.0,34.44434275792457
-20.0,142.25,34.13259669599098
-20.0,142.5,33.53394111550885
-20.0,142.75,32.775784490699166
-20.0,143.0,31.49802816639929
-20.0,143.25,30.007542987724754
-20.0,143.5,29.36133819250217
-20.0,143.75,29.213362430495142
-20.0,144.0,29.203245781314628
-20.0,144.25,28.855267202650612
-20.0,144.5,27.90789920653298
-20.0,144.75,27.10835517350154
-20.0,145.0,26.559393452407658
-20.0,145.25,26.292851562026136
-20.0,145.5,25.860091144689587
-20.0,145.75,25.55676359934399
-20.0,146.0,25.60645997558567
-20.0,146.25,25.669139221918755
-20.0,146.5,25.455523387471576
-20.0,146.75,25.400765868277624
-20.0,147.0,25.92306453494972
-20.0,147.25,26.759860073691346
-20.0,147.5,28.089910377702314
-20.0,147.75,29.16322801767319
-20.0,148.0,30.280739999335662
-20.0,148.25,30.742655488589453
-20.0,148.5,30.731399389386617
-20.25,118.0,25.790388790812713
-20.25,118.25,26.215864268399
-20.25,118.5,26.619296519560958
-20.25,118.75,27.203813780256215
-20.25,119.0,27.83262819375654
-20.25,119.25,28.512807260040503
-20.25,119.5,29.215295633243795
-20.25,119.75,30.15114202372495
-20.25,120.0,30.372662519696885
-20.25,120.25,30.55665920285351
-20.25,120.5,30.32296410284615
-20.25,120.75,30.450988147240277
-20.25,121.0,30.57275305866048
-20.25,121.25,30.533682437691375
-20.25,121.5,30.291910913904758
-20.25,121.75,30.174456224400597
-20.25,122.0,30.045192132975263
-20.25,122.25,29.976278893282114
-20.25,122.5,29.915991186030492
-20.25,122.75,30.11261587332582
-20.25,123.0,30.338630398292285
-20.25,123.25,30.436274459393395
-20.25,123.5,30.32258709030249
-20.25,123.75,30.127588441951723
-20.25,124.0,30.22818236234731
-20.25,124.25,30.222851353127627
-20.25,124.5,30.309341979499006
-20.25,124.75,30.389846531025533
-20.25,125.0,30.360918535980154
-20.25,125.25,30.58267271854593
-20.25,125.5,30.704262462447133
-20.25,125.75,30.688498418391745
-20.25,126.0,30.546263744289455
-20.25,126.25,30.94421863615193
-20.25,126.5,31.365968658281204
-20.25,126.75,31.09462799200903
-20.25,127.0,30.36136745177214
-20.25,127.25,30.501400049746454
-20.25,127.5,31.19131711081268
-20.25,127.75,31.38230330317934
-20.25,128.0,30.876332347668328
-20.25,128.25,29.94377607025624
-20.25,128.5,29.762339955686684
-20.25,128.75,29.588245106492753
-20.25,129.0,29.194980249800164
-20.25,129.25,28.855647252503783
-20.25,129.5,28.684584974799208
-20.25,129.75,28.427313892857235
-20.25,130.0,29.048101485149488
-20.25,130.25,30.182728191637974
-20.25,130.5,31.155258867905932
-20.25,130.75,31.658734319422322
-20.25,131.0,32.1602851128081
-20.25,131.25,32.78884465416707
-20.25,131.5,33.41855560497177
-20.25,131.75,33.750432659893484
-20.25,132.0,34.30795456527825
-20.25,132.25,34.761875980855145
-20.25,132.5,34.95372844503086
-20.25,132.75,35.048590679302485
-20.25,133.0,35.413533000663534
-20.25,133.25,35.647708848470835
-20.25,133.5,35.48984328076434
-20.25,133.75,35.50272012075775
-20.25,134.0,35.45708987149557
-20.25,134.25,35.79628664793301
-20.25,134.5,35.785805155293225
-20.25,134.75,35.57244170036876
-20.25,135.0,35.54629327037896
-20.25,135.25,35.84819715633212
-20.25,135.5,35.9409996768987
-20.25,135.75,35.68345412262634
-20.25,136.0,35.705187820151146
-20.25,136.25,35.593146580604646
-20.25,136.5,35.696761276955655
-20.25,136.75,35.375676606657045
-20.25,137.0,35.03925867549328
-20.25,137.25,34.908684528052675
-20.25,137.5,35.13302821328441
-20.25,137.75,35.06717266126661
-20.25,138.0,34.855041807991896
-20.25,138.25,34.57915256571996
-20.25,138.5,34.09266777377304
-20.25,138.75,34.05315991500398
-20.25,139.0,34.41745383878522
-20.25,139.25,34.93799299266116
-20.25,139.5,34.801849581201104
-20.25,139.75,34.782254810092496
-20.25,140.0,35.17556763134046
-20.25,140.25,35.13945930175759
-20.25,140.5,35.3557824907625
-20.25,140.75,35.41431506470556
-20.25,141.0,35.46199852639627
-20.25,141.25,35.10985029579293
-20.25,141.5,34.632833008369424
-20.25,141.75,34.28320941060819
-20.25,142.0,33.997466407007515
-20.25,142.25,33.704858430926556
-20.25,142.5,33.28566037043817
-20.25,142.75,32.60167554424227
-20.25,143.0,31.571102728486903
-20.25,143.25,30.232974906067433
-20.25,143.5,29.299847873966655
-20.25,143.75,28.84906697353196
-20.25,144.0,28.799563733043655
-20.25,144.25,28.6974754415769
-20.25,144.5,27.96888783919506
-20.25,144.75,27.17156691092066
-20.25,145.0,26.68458528112346
-20.25,145.25,26.269636854557728
-20.25,145.5,25.789756453887627
-20.25,145.75,25.131703809478868
-20.25,146.0,25.13397823681847
-20.25,146.25,25.31779537650155
-20.25,146.5,25.080014304713075
-20.25,146.75,25.11323765482509
-20.25,147.0,25.252548400382786
-20.25,147.25,25.784288987279584
-20.25,147.5,26.932719806173647
-20.25,147.75,28.383387424899205
-20.25,148.0,29.336463355547142
-20.25,148.25,30.075546852319043
-20.25,148.5,30.25375998109393
-20.25,148.75,30.442798792907094
-20.5,116.5,25.262123647759683
-20.5,116.75,25.23183281177622
-20.5,117.0,25.27507693079904
-20.5,117.25,25.36583398268693
-20.5,117.5,25.546739050578392
-20.5,117.75,25.788489718463136
-20.5,118.0,26.212721746183686
-20.5,118.25,26.854229724199136
-20.5,118.5,27.437469524703946
-20.5,118.75,28.301937489850975
-20.5,119.0,28.698069122029967
-20.5,119.25,29.207023036733887
-20.5,119.5,29.838399968910565
-20.5,119.75,30.44478615407568
-20.5,120.0,30.718066885254196
-20.5,120.25,30.51985282354632
-20.5,120.5,30.310256393495354
-20.5,120.75,30.22309451593504
-20.5,121.0,30.18993489041106
-20.5,121.25,30.068887508347323
-20.5,121.5,29.89199876234274
-20.5,121.75,29.784064020615137
-20.5,122.0,29.7084687865033
-20.5,122.25,29.60833788685011
-20.5,122.5,29.711077436624635
-20.5,122.75,29.731864225503084
-20.5,123.0,29.793306679560224
-20.5,123.25,29.740447828711403
-20.5,123.5,29.591123254800056
-20.5,123.75,29.513115171555654
-20.5,124.0,29.814447544750095
-20.5,124.25,30.047451158255377
-20.5,124.5,30.088709087150523
-20.5,124.75,29.866448112185875
-20.5,125.0,29.874399033157033
-20.5,125.25,30.128687914171202
-20.5,125.5,30.24463380928707
-20.5,125.75,30.254891158410757
-20.5,126.0,30.067656710092788
-20.5,126.25,30.229396348770763
-20.5,126.5,30.721013755619442
-20.5,126.75,30.614551951392606
-20.5,127.0,30.618298702371046
-20.5,127.25,30.82851851251606
-20.5,127.5,31.04386020796845
-20.5,127.75,31.122342581112953
-20.5,128.0,30.536962937672804
-20.5,128.25,29.767437305552278
-20.5,128.5,29.412410329711424
-20.5,128.75,28.877389847507622
-20.5,129.0,28.615922783805036
-20.5,129.25,28.604907085291174
-20.5,129.5,28.402622942324697
-20.5,129.75,28.712611109560534
-20.5,130.0,29.32503853241394
-20.5,130.25,29.961032674894017
-20.5,130.5,30.466111688688883
-20.5,130.75,30.928948392823145
-20.5,131.0,31.625253541445616
-20.5,131.25,32.36865215158681
-20.5,131.5,32.843362338709746
-20.5,131.75,33.24836112560201
-20.5,132.0,33.49338127163301
-20.5,132.25,33.9632464734135
-20.5,132.5,34.06718299501504
-20.5,132.75,34.220911008227795
-20.5,133.0,34.651934537878184
-20.5,133.25,34.90869373788334
-20.5,133.5,34.94180993982226
-20.5,133.75,34.88048607415389
-20.5,134.0,35.00369444230953
-20.5,134.25,34.92300248674034
-20.5,134.5,35.07832155968413
-20.5,134.75,34.96690272435558
-20.5,135.0,35.059473049120356
-20.5,135.25,35.494412155302804
-20.5,135.5,35.5003601019467
-20.5,135.75,35.40700136076845
-20.5,136.0,35.04985967389194
-20.5,136.25,35.12369851220725
-20.5,136.5,34.95082189792882
-20.5,136.75,34.670428743564685
-20.5,137.0,34.34635912887493
-20.5,137.25,34.28357248125727
-20.5,137.5,34.48037667695571
-20.5,137.75,34.667019994456055
-20.5,138.0,34.587778806267416
-20.5,138.25,34.252660658963926
-20.5,138.5,33.89404713136112
-20.5,138.75,33.56434005464881
-20.5,139.0,34.014804607357526
-20.5,139.25,34.311236935778645
-20.5,139.5,34.46247541565195
-20.5,139.75,34.80998416319483
-20.5,140.0,34.709757895348
-20.5,140.25,34.86744145798834
-20.5,140.5,34.84241227544369
-20.5,140.75,35.054705083676524
-20.5,141.0,35.04782199619389
-20.5,141.25,34.730546278295876
-20.5,141.5,34.15790263739165
-20.5,141.75,33.88358509969787
-20.5,142.0,33.7248960070323
-20.5,142.25,33.36039944128271
-20.5,142.5,32.78680229468968
-20.5,142.75,32.14453090638801
-20.5,143.0,31.276213218601757
-20.5,143.25,30.5812204510963
-20.5,143.5,29.634592499354472
-20.5,143.75,28.814554997136685
-20.5,144.0,28.392004481143914
-20.5,144.25,28.352369038045715
-20.5,144.5,28.047178725969943
-20.5,144.75,27.460810077417044
-20.5,145.0,27.076806419231257
-20.5,145.25,26.72647913685728
-20.5,145.5,26.01106374286645
-20.5,145.75,25.334726744988483
-20.5,146.0,25.16697815617867
-20.5,146.25,25.27633887234706
-20.5,146.5,25.14508276129363
-20.5,146.75,25.146719173538024
-20.5,147.0,25.371431574664015
-20.5,147.25,25.748880096020436
-20.5,147.5,26.732424303404585
-20.5,147.75,27.25568499885429
-20.5,148.0,28.28881348494563
-20.5,148.25,29.281476291369064
-20.5,148.5,29.569461764195204
-20.5,148.75,29.845679444800954
-20.5,149.0,30.054051797764544
-20.75,116.0,25.61550452647369
-20.75,116.25,25.398733449523156
-20.75,116.5,25.281368724341743
-20.75,116.75,25.262297185773996
-20.75,117.0,25.32509799135247
-20.75,117.25,25.445386815737454
-20.75,117.5,25.780102840944
-20.75,117.75,26.443546398606806
-20.75,118.0,27.067590696205137
-20.75,118.25,27.625895438160825
-20.75,118.5,28.21582979343799
-20.75,118.75,28.805819079130526
-20.75,119.0,29.16816052309834
-20.75,119.25,29.486838139169084
-20.75,119.5,29.93809831405156
-20.75,119.75,30.286274153534087
-20.75,120.0,30.606631303449127
-20.75,120.25,30.483593122075842
-20.75,120.5,30.056100692292542
-20.75,120.75,29.884164863309824
-20.75,121.0,29.949691173673884
-20.75,121.25,29.8888397253124
-20.75,121.5,29.660150794258243
-20.75,121.75,29.26168299680838
-20.75,122.0,29.131768048447107
-20.75,122.25,29.111309974824618
-20.75,122.5,29.26751779433878
-20.75,122.75,29.313545675122178
-20.75,123.0,29.27436808195306
-20.75,123.25,29.122863876865843
-20.75,123.5,29.003141499564308
-20.75,123.75,29.22314545791086
-20.75,124.0,29.65179295327318
-20.75,124.25,29.749301948528387
-20.75,124.5,29.43828273950787
-20.75,124.75,29.308597054228954
-20.75,125.0,29.44148988431811
-20.75,125.25,29.704655855145276
-20.75,125.5,29.903374501335815
-20.75,125.75,29.92917874211725
-20.75,126.0,29.739317190813374
-20.75,126.25,29.67932235070345
-20.75,126.5,30.24070260506055
-20.75,126.75,30.57302690010393
-20.75,127.0,30.357912404916657
-20.75,127.25,30.32527301662002
-20.75,127.5,30.61948924892714
-20.75,127.75,30.741864792786632
-20.75,128.0,30.562563148653044
-20.75,128.25,29.901846229638725
-20.75,128.5,29.1421104112695
-20.75,128.75,28.42116841055642
-20.75,129.0,28.36220058368626
-20.75,129.25,28.6625082461497
-20.75,129.5,28.881320962045557
-20.75,129.75,29.121236910737384
-20.75,130.0,29.475940533823454
-20.75,130.25,29.84604017852248
-20.75,130.5,30.164043587470896
-20.75,130.75,30.579771825316957
-20.75,131.0,31.238604748279073
-20.75,131.25,31.95400144930023
-20.75,131.5,32.46290345850947
-20.75,131.75,32.62088519876318
-20.75,132.0,32.684173888896844
-20.75,132.25,32.98521566527821
-20.75,132.5,33.167872326904984
-20.75,132.75,33.374951084577816
-20.75,133.0,33.718953617475435
-20.75,133.25,34.1186148151955
-20.75,133.5,34.296644844901266
-20.75,133.75,34.523357666693336
-20.75,134.0,34.54935737554866
-20.75,134.25,34.324659700418245
-20.75,134.5,34.15200170869669
-20.75,134.75,34.12440513904917
-20.75,135.0,34.445389489569536
-20.75,135.25,34.97448008309515
-20.75,135.5,34.9230653929868
-20.75,135.75,34.563421252943336
-20.75,136.0,34.433130842268625
-20.75,136.25,34.396745717262306
-20.75,136.5,34.26024506929217
-20.75,136.75,33.946403491343695
-20.75,137.0,33.71017258620204
-20.75,137.25,33.660494468591686
-20.75,137.5,33.815244287566536
-20.75,137.75,34.08248601853768
-20.75,138.0,34.05487785678021
-20.75,138.25,33.77044501972157
-20.75,138.5,33.40835165616093
-20.75,138.75,33.244065460321046
-20.75,139.0,33.411534417790484
-20.75,139.25,33.792418027524995
-20.75,139.5,34.3525719992767
-20.75,139.75,34.688309836753696
-20.75,140.0,34.18222076677773
-20.75,140.25,33.64341627501609
-20.75,140.5,34.02889500127705
-20.75,140.75,34.54337806380037
-20.75,141.0,34.493802620302304
-20.75,141.25,34.04621182378578
-20.75,141.5,33.65096569444141
-20.75,141.75,33.49725508932007
-20.75,142.0,33.35857689519038
-20.75,142.25,32.99614075489544
-20.75,142.5,32.31252776230491
-20.75,142.75,31.711126442677998
-20.75,143.0,31.253539718066097
-20.75,143.25,30.640102063943832
-20.75,143.5,29.867842775771646
-20.75,143.75,29.07367721573765
-20.75,144.0,28.259568305811335
-20.75,144.25,27.950051454983427
-20.75,144.5,27.818819452092846
-20.75,144.75,27.541345344524604
-20.75,145.0,27.22068392733202
-20.75,145.25,26.872414269186844
-20.75,145.5,26.263037976088004
-20.75,145.75,25.634947738733505
-20.75,146.0,25.513702704323055
-20.75,146.25,25.51361280302778
-20.75,146.5,25.364935294034954
-20.75,146.75,25.37875897943562
-20.75,147.0,25.414805252275936
-20.75,147.25,25.93173415749353
-20.75,147.5,26.458720643078816
-20.75,147.75,26.63879149618915
-20.75,148.0,27.544664018302974
-20.75,148.25,28.72307273970408
-20.75,148.5,29.1732981632296
-20.75,148.75,29.310490166585527
-20.75,149.0,29.481802783297304
-21.0,115.75,26.09962716082489
-21.0,116.0,25.757668910175045
-21.0,116.25,25.506193207146506
-21.0,116.5,25.407411344757097
-21.0,116.75,25.394109805254725
-21.0,117.0,25.433442953374886
-21.0,117.25,25.683397033841377
-21.0,117.5,26.28318730658788
-21.0,117.75,27.083920660325507
-21.0,118.0,27.778922977509293
-21.0,118.25,28.216984535158645
-21.0,118.5,28.65506317140578
-21.0,118.75,29.117303892191742
-21.0,119.0,29.422689687016142
-21.0,119.25,29.6160350394071
-21.0,119.5,29.847884707760592
-21.0,119.75,30.144153697276188
-21.0,120.0,30.614787570379235
-21.0,120.25,30.58297073293528
-21.0,120.5,30.134120487826284
-21.0,120.75,29.921196139852547
-21.0,121.0,29.96236631539627
-21.0,121.25,29.783554906323666
-21.0,121.5,29.246215020184813
-21.0,121.75,28.748225000765366
-21.0,122.0,28.791171448913147
-21.0,122.25,28.93082533110982
-21.0,122.5,28.955677696232794
-21.0,122.75,28.905223839242336
-21.0,123.0,28.83615632308865
-21.0,123.25,28.777534152824796
-21.0,123.5,28.81232992204521
-21.0,123.75,29.01647930568125
-21.0,124.0,29.266253721409267
-21.0,124.25,29.18822975672068
-21.0,124.5,28.89905669828888
-21.0,124.75,28.94800583029421
-21.0,125.0,29.15509404788936
-21.0,125.25,29.37104377478009
-21.0,125.5,29.52676222630403
-21.0,125.75,29.60145373237835
-21.0,126.0,29.59846972349802
-21.0,126.25,29.63989857243056
-21.0,126.5,30.226135634565043
-21.0,126.75,30.538436745840876
-21.0,127.0,30.23993340757357
-21.0,127.25,29.760394890233812
-21.0,127.5,29.819959524651537
-21.0,127.75,30.235627021957622
-21.0,128.0,30.403211220809023
-21.0,128.25,29.492864123454133
-21.0,128.5,28.54686620659751
-21.0,128.75,28.21857531930102
-21.0,129.0,28.722664184674674
-21.0,129.25,29.16952631296271
-21.0,129.5,29.31377832977854
-21.0,129.75,29.551099594850648
-21.0,130.0,29.820271095696963
-21.0,130.25,30.116020057404953
-21.0,130.5,30.470249325793617
-21.0,130.75,30.793166061821175
-21.0,131.0,31.174688023450603
-21.0,131.25,31.565867684245138
-21.0,131.5,31.93932193785003
-21.0,131.75,32.169217511234805
-21.0,132.0,32.26579918181141
-21.0,132.25,32.34399832531347
-21.0,132.5,32.30871491314245
-21.0,132.75,32.60853597593893
-21.0,133.0,32.82531331953774
-21.0,133.25,32.862507000122605
-21.0,133.5,33.36623311329715
-21.0,133.75,33.90631186287861
-21.0,134.0,34.02270130729584
-21.0,134.25,33.716222594006034
-21.0,134.5,33.47724337389016
-21.0,134.75,33.53668074022945
-21.0,135.0,33.56542015657225
-21.0,135.25,33.79888189975954
-21.0,135.5,33.73855281026782
-21.0,135.75,33.505821942969995
-21.0,136.0,33.63763413417807
-21.0,136.25,33.6919817594829
-21.0,136.5,33.55743677017367
-21.0,136.75,33.331060231351515
-21.0,137.0,33.23700629609632
-21.0,137.25,33.164801353394225
-21.0,137.5,33.21954543405141
-21.0,137.75,33.44937059892921
-21.0,138.0,33.35123031163149
-21.0,138.25,33.087547754466115
-21.0,138.5,32.79348957848884
-21.0,138.75,32.59671521677504
-21.0,139.0,32.56448459556363
-21.0,139.25,33.09296683802074
-21.0,139.5,33.896077977187716
-21.0,139.75,33.43082701379755
-21.0,140.0,32.69861270008882
-21.0,140.25,32.49134823022066
-21.0,140.5,33.141033420548105
-21.0,140.75,33.817885752479974
-21.0,141.0,33.635594636825374
-21.0,141.25,33.174985804925576
-21.0,141.5,33.002271702753504
-21.0,141.75,33.086807575655016
-21.0,142.0,33.00581991790409
-21.0,142.25,32.67922097722847
-21.0,142.5,32.011478393364776
-21.0,142.75,31.407432791443586
-21.0,143.0,30.97792508771913
-21.0,143.25,30.46260733117987
-21.0,143.5,29.712799005226735
-21.0,143.75,29.063763860106402
-21.0,144.0,28.261086616138854
-21.0,144.25,27.88436653200092
-21.0,144.5,27.65989501863003
-21.0,144.75,27.360470099789893
-21.0,145.0,27.10037067419496
-21.0,145.25,26.882953188566145
-21.0,145.5,26.59170212953047
-21.0,145.75,26.082953284407512
-21.0,146.0,26.028306744841284
-21.0,146.25,25.92817917976378
-21.0,146.5,25.903276303417982
-21.0,146.75,25.725470935961297
-21.0,147.0,25.479690189557655
-21.0,147.25,26.021712845836667
-21.0,147.5,26.369172506382984
-21.0,147.75,26.302268965996994
-21.0,148.0,27.432106135451473
-21.0,148.25,28.69097276332164
-21.0,148.5,28.606042129943937
-21.0,148.75,28.242723206765852
-21.0,149.0,28.76482706865094
-21.0,149.25,28.80888309200886
-21.25,115.25,26.78517994577766
-21.25,115.5,26.59971167850991
-21.25,115.75,26.205418795026446
-21.25,116.0,25.856123003345278
-21.25,116.25,25.702140373737716
-21.25,116.5,25.59819013415384
-21.25,116.75,25.47981814700158
-21.25,117.0,25.454070079865282
-21.25,117.25,25.709242507071238
-21.25,117.5,26.28373731145183
-21.25,117.75,27.191325383057357
-21.25,118.0,28.030814642595995
-21.25,118.25,28.544871985851923
-21.25,118.5,28.80156802937556
-21.25,118.75,29.31586090363431
-21.25,119.0,29.4576938093603
-21.25,119.25,29.260757955339812
-21.25,119.5,29.224812468224016
-21.25,119.75,29.816150207285673
-21.25,120.0,30.408018438614153
-21.25,120.25,30.302327139222594
-21.25,120.5,29.81318784240708
-21.25,120.75,29.605886116903356
-21.25,121.0,29.53771354575214
-21.25,121.25,29.279198962497095
-21.25,121.5,28.721785829175445
-21.25,121.75,28.450420159752152
-21.25,122.0,28.582329691887782
-21.25,122.25,28.6769003517108
-21.25,122.5,28.642987233106336
-21.25,122.75,28.515085943459106
-21.25,123.0,28.46589162648518
-21.25,123.25,28.541714281889394
-21.25,123.5,28.610234481249076
-21.25,123.75,28.600313610309644
-21.25,124.0,28.59394029293064
-21.25,124.25,28.580471949556248
-21.25,124.5,28.674436322088074
-21.25,124.75,28.934971831137748
-21.25,125.0,28.954790140450477
-21.25,125.25,28.96794747851092
-21.25,125.5,29.20220348318906
-21.25,125.75,29.395070438599884
-21.25,126.0,29.487926490147206
-21.25,126.25,29.561913879188943
-21.25,126.5,30.005452468379076
-21.25,126.75,30.112374228650474
-21.25,127.0,29.57126513558023
-21.25,127.25,29.112502234278654
-21.25,127.5,29.237972208004436
-21.25,127.75,29.881182690346584
-21.25,128.0,29.632119938120077
-21.25,128.25,28.432383813150935
-21.25,128.5,27.84085893692966
-21.25,128.75,28.373575424481658
-21.25,129.0,29.129603187913776
-21.25,129.25,29.39257816278133
-21.25,129.5,29.48552700932771
-21.25,129.75,29.63508918133217
-21.25,130.0,30.02355109480928
-21.25,130.25,30.44183831588394
-21.25,130.5,30.79558681588885
-21.25,130.75,31.050524576984937
-21.25,131.0,31.077235046187784
-21.25,131.25,31.180978330921548
-21.25,131.5,31.49471965318134
-21.25,131.75,31.849242720331457
-21.25,132.0,31.994841914094838
-21.25,132.25,31.902048249333763
-21.25,132.5,31.849956056998717
-21.25,132.75,31.936644280296182
-21.25,133.0,31.770762596384145
-21.25,133.25,31.620196798808607
-21.25,133.5,32.08618352226605
-21.25,133.75,32.78999497306073
-21.25,134.0,33.040969771266546
-21.25,134.25,32.988985295657294
-21.25,134.5,33.10999888816728
-21.25,134.75,32.9812416072764
-21.25,135.0,32.70616802024482
-21.25,135.25,32.41026725940395
-21.25,135.5,32.463106806494075
-21.25,135.75,32.69080056520157
-21.25,136.0,33.06785241302169
-21.25,136.25,33.12760050382153
-21.25,136.5,32.9915869159133
-21.25,136.75,32.8620398859887
-21.25,137.0,32.79839638114191
-21.25,137.25,32.80713310586106
-21.25,137.5,32.70586643640464
-21.25,137.75,32.760538328058594
-21.25,138.0,32.67435718443805
-21.25,138.25,32.365782652267875
-21.25,138.5,32.08370892794526
-21.25,138.75,31.879751100338726
-21.25,139.0,31.90000008598367
-21.25,139.25,32.3171490316618
-21.25,139.5,32.35194267063587
-21.25,139.75,31.69093763124216
-21.25,140.0,31.20094345263862
-21.25,140.25,31.36604732778463
-21.25,140.5,32.10407952403976
-21.25,140.75,32.699737625051206
-21.25,141.0,32.44456268414801
-21.25,141.25,32.340895752600574
-21.25,141.5,32.29179074365236
-21.25,141.75,32.26779630036487
-21.25,142.0,32.28484227243994
-21.25,142.25,31.9101552131157
-21.25,142.5,31.330802522055244
-21.25,142.75,30.732649703426404
-21.25,143.0,30.206509854935547
-21.25,143.25,29.6997070765894
-21.25,143.5,29.198751163126627
-21.25,143.75,28.764606753040926
-21.25,144.0,28.158187985775193
-21.25,144.25,27.72093932962413
-21.25,144.5,27.47125689683086
-21.25,144.75,27.20297600771829
-21.25,145.0,26.945772905412756
-21.25,145.25,26.961300544733128
-21.25,145.5,27.005222191473397
-21.25,145.75,26.70857560293865
-21.25,146.0,26.602990488885396
-21.25,146.25,26.598065167960105
-21.25,146.5,26.42863662282953
-21.25,146.75,26.289302338156833
-21.25,147.0,26.11656571699791
-21.25,147.25,26.343975013219875
-21.25,147.5,26.483545686880323
-21.25,147.75,26.73115472931307
-21.25,148.0,27.843489532496626
-21.25,148.25,28.36824964133357
-21.25,148.5,27.89970408025146
-21.25,148.75,26.70574649638603
-21.25,149.0,27.95596072066767
-21.25,149.25,28.652082427386254
-21.25,149.5,28.676176028296247
-21.5,114.75,27.294327942839196
-21.5,115.0,27.13781494677483
-21.5,115.25,27.071614695748398
-21.5,115.5,26.78068169996487
-21.5,115.75,26.31213007001083
-21.5,116.0,25.950041322375252
-21.5,116.25,25.74077468689888
-21.5,116.5,25.66609980785791
-21.5,116.75,25.719161655757574
-21.5,117.0,25.744508503719473
-21.5,117.25,25.91397486100849
-21.5,117.5,26.36077293848592
-21.5,117.75,27.085994715779407
-21.5,118.0,27.773931568307404
-21.5,118.25,28.00686658579393
-21.5,118.5,28.257731397445674
-21.5,118.75,29.008009836061078
-21.5,119.0,29.027038299760775
-21.5,119.25,28.735586333763543
-21.5,119.5,28.893785707439953
-21.5,119.75,29.732099852279426
-21.5,120.0,29.963597133315417
-21.5,120.25,29.528285575568468
-21.5,120.5,29.194205497587284
-21.5,120.75,28.960667125382965
-21.5,121.0,28.844802847037876
-21.5,121.25,28.71080922552501
-21.5,121.5,28.45746535125928
-21.5,121.75,28.40050149720807
-21.5,122.0,28.492734150489994
-21.5,122.25,28.388251077816346
-21.5,122.5,28.14314334929748
-21.5,122.75,27.970057856566253
-21.5,123.0,28.015743486937485
-21.5,123.25,28.102998148987243
-21.5,123.5,28.097359008571456
-21.5,123.75,28.042485884810713
-21.5,124.0,28.096553694975597
-21.5,124.25,28.3161077240543
-21.5,124.5,28.646982924446277
-21.5,124.75,28.913956747062766
-21.5,125.0,28.823774299984613
-21.5,125.25,28.80485593668425
-21.5,125.5,28.933781388292175
-21.5,125.75,29.034862342936723
-21.5,126.0,29.01749885175521
-21.5,126.25,29.103021559781016
-21.5,126.5,29.344447416329704
-21.5,126.75,29.31884814079701
-21.5,127.0,28.985559019218638
-21.5,127.25,28.768037792639156
-21.5,127.5,28.965084114717275
-21.5,127.75,29.424196309501102
-21.5,128.0,28.952753461386063
-21.5,128.25,28.170910173416807
-21.5,128.5,28.270784045390858
-21.5,128.75,28.84127928704137
-21.5,129.0,29.284150729147143
-21.5,129.25,29.187994915702294
-21.5,129.5,28.965504580276875
-21.5,129.75,29.3173435995212
-21.5,130.0,29.92671273622026
-21.5,130.25,30.415766639401653
-21.5,130.5,30.770353736976986
-21.5,130.75,30.987420715007314
-21.5,131.0,30.962538477995068
-21.5,131.25,30.93566042919944
-21.5,131.5,31.206392141429017
-21.5,131.75,31.512627120617715
-21.5,132.0,31.680860758993457
-21.5,132.25,31.677586706174274
-21.5,132.5,31.636070921631948
-21.5,132.75,31.59003968088639
-21.5,133.0,31.235365503069414
-21.5,133.25,31.13229831733643
-21.5,133.5,31.474435913399347
-21.5,133.75,31.80228515578243
-21.5,134.0,31.937669415025038
-21.5,134.25,32.17710780256903
-21.5,134.5,32.58305880959696
-21.5,134.75,32.35995379972151
-21.5,135.0,31.793430519160026
-21.5,135.25,31.443481758901914
-21.5,135.5,31.624305030910286
-21.5,135.75,32.02950795546956
-21.5,136.0,32.408999516454664
-21.5,136.25,32.50494102189086
-21.5,136.5,32.42774721711579
-21.5,136.75,32.335533144883414
-21.5,137.0,32.35057048986029
-21.5,137.25,32.41178770527127
-21.5,137.5,32.33793988834674
-21.5,137.75,32.27623101784131
-21.5,138.0,32.10822969309509
-21.5,138.25,31.81045707388034
-21.5,138.5,31.433169826360718
-21.5,138.75,31.183870323377626
-21.5,139.0,31.282973615970715
-21.5,139.25,31.604793110294075
-21.5,139.5,31.130302776014908
-21.5,139.75,30.34223598118274
-21.5,140.0,30.23584738948032
-21.5,140.25,30.592679722782947
-21.5,140.5,31.03738130503741
-21.5,140.75,30.8027482177858
-21.5,141.0,30.936295295796814
-21.5,141.25,31.527729448925786
-21.5,141.5,31.692389081971918
-21.5,141.75,31.449399973881413
-21.5,142.0,31.056666060508867
-21.5,142.25,30.665105506444846
-21.5,142.5,30.216706092663042
-21.5,142.75,29.710514386578094
-21.5,143.0,29.258118354464102
-21.5,143.25,28.866225815532694
-21.5,143.5,28.51993534730528
-21.5,143.75,28.176644125084145
-21.5,144.0,27.647156084170184
-21.5,144.25,27.38524387012281
-21.5,144.5,27.320041047231975
-21.5,144.75,27.137824649904125
-21.5,145.0,26.96133153747105
-21.5,145.25,27.003667864673368
-21.5,145.5,27.20536602339102
-21.5,145.75,27.054533704738194
-21.5,146.0,27.007212391462605
-21.5,146.25,26.86109081635928
-21.5,146.5,26.633141950940423
-21.5,146.75,26.523311125884355
-21.5,147.0,26.701070305458014
-21.5,147.25,27.088061786114732
-21.5,147.5,27.227330889660337
-21.5,147.75,27.433102563992122
-21.5,148.0,27.73355721656186
-21.5,148.25,27.631637412808935
-21.5,148.5,27.256845442679566
-21.5,148.75,27.252691762966144
-21.5,149.0,27.592714801308585
-21.5,149.25,28.17788214062002
-21.5,149.5,28.66459921235212
-21.75,114.5,27.585259158009425
-21.75,114.75,27.366678187299907
-21.75,115.0,27.17048139849136
-21.75,115.25,27.114714957565635
-21.75,115.5,27.038574563806094
-21.75,115.75,26.65651225671148
-21.75,116.0,26.11142500373318
-21.75,116.25,25.768328298458727
-21.75,116.5,25.76323519042017
-21.75,116.75,25.86721734865091
-21.75,117.0,25.9132671759378
-21.75,117.25,26.065935565228596
-21.75,117.5,26.454111561245487
-21.75,117.75,27.087213857692845
-21.75,118.0,27.685051342263208
-21.75,118.25,27.832264029108238
-21.75,118.5,28.05507014857661
-21.75,118.75,28.6969857084817
-21.75,119.0,28.63226836923952
-21.75,119.25,28.469816323777632
-21.75,119.5,28.73355042768879
-21.75,119.75,29.423713940683893
-21.75,120.0,29.324199467312823
-21.75,120.25,28.917235001717426
-21.75,120.5,28.749785318571558
-21.75,120.75,28.50530876587714
-21.75,121.0,28.36698746705429
-21.75,121.25,28.376274529207162
-21.75,121.5,28.388526930070334
-21.75,121.75,28.329131658969725
-21.75,122.0,28.26620598830458
-21.75,122.25,28.068580792622516
-21.75,122.5,27.79571751015872
-21.75,122.75,27.65124196632646
-21.75,123.0,27.732813552041783
-21.75,123.25,27.949538668773055
-21.75,123.5,28.0015478198938
-21.75,123.75,27.971890395219134
-21.75,124.0,28.09974115188716
-21.75,124.25,28.317318555681663
-21.75,124.5,28.515390507012828
-21.75,124.75,28.622300868478536
-21.75,125.0,28.5708981925027
-21.75,125.25,28.584324188285574
-21.75,125.5,28.627259218181027
-21.75,125.75,28.671897582363822
-21.75,126.0,28.72711029060314
-21.75,126.25,28.82875540594719
-21.75,126.5,28.785322892469306
-21.75,126.75,28.74381071299962
-21.75,127.0,28.6963354169358
-21.75,127.25,28.764845416952458
-21.75,127.5,28.94592075750762
-21.75,127.75,29.078977880082206
-21.75,128.0,28.76841086688586
-21.75,128.25,28.54550536703242
-21.75,128.5,28.73203483704022
-21.75,128.75,28.85970753422886
-21.75,129.0,28.655944806081795
-21.75,129.25,28.49327264575944
-21.75,129.5,28.538144775379255
-21.75,129.75,29.22969353079843
-21.75,130.0,29.952315889565984
-21.75,130.25,30.350146035268068
-21.75,130.5,30.66345639394411
-21.75,130.75,30.86262105149938
-21.75,131.0,30.85616501826443
-21.75,131.25,30.78647030446007
-21.75,131.5,30.872893508466976
-21.75,131.75,31.081558235214796
-21.75,132.0,31.19176644658232
-21.75,132.25,31.235695940788972
-21.75,132.5,31.28663748178357
-21.75,132.75,31.314603295253754
-21.75,133.0,30.98756419590894
-21.75,133.25,30.826142451087417
-21.75,133.5,31.021760713167463
-21.75,133.75,31.198424454023698
-21.75,134.0,31.281378991779658
-21.75,134.25,31.4456324416574
-21.75,134.5,31.59816307863039
-21.75,134.75,31.48963243065668
-21.75,135.0,31.25954513772438
-21.75,135.25,31.059015918249926
-21.75,135.5,31.006973675624867
-21.75,135.75,31.134624749067363
-21.75,136.0,31.458835517893586
-21.75,136.25,31.759507596527037
-21.75,136.5,31.74519499594359
-21.75,136.75,31.53122892643088
-21.75,137.0,31.50916629831675
-21.75,137.25,31.69829952431688
-21.75,137.5,31.72818043120096
-21.75,137.75,31.63950768454432
-21.75,138.0,31.5950791264308
-21.75,138.25,31.361102711394018
-21.75,138.5,30.922386356004804
-21.75,138.75,30.572226113947906
-21.75,139.0,30.608118930286594
-21.75,139.25,30.922420365277446
-21.75,139.5,30.414891317273586
-21.75,139.75,29.78369073044225
-21.75,140.0,29.631241573073282
-21.75,140.25,29.47103146862136
-21.75,140.5,29.304684020808946
-21.75,140.75,28.85030069828951
-21.75,141.0,29.70891524239479
-21.75,141.25,30.528293853621303
-21.75,141.5,30.53372209138112
-21.75,141.75,30.13598040068596
-21.75,142.0,29.684532668654064
-21.75,142.25,29.353605029635727
-21.75,142.5,28.956182932167845
-21.75,142.75,28.6302958592485
-21.75,143.0,28.41474270330489
-21.75,143.25,28.273077053456127
-21.75,143.5,28.13318085433483
-21.75,143.75,27.930549472426776
-21.75,144.0,27.54100794513731
-21.75,144.25,27.288837425728847
-21.75,144.5,27.17913043715869
-21.75,144.75,27.025877499153395
-21.75,145.0,26.904409656969165
-21.75,145.25,26.956653207405378
-21.75,145.5,27.31723720141644
-21.75,145.75,27.405616594847142
-21.75,146.0,27.231001953632177
-21.75,146.25,26.951460699036076
-21.75,146.5,26.846931536363176
-21.75,146.75,27.02619267935103
-21.75,147.0,27.46641890733939
-21.75,147.25,27.78129621315846
-21.75,147.5,27.900084875909453
-21.75,147.75,28.033737641687622
-21.75,148.0,28.00533244619932
-21.75,148.25,27.585706460212336
-21.75,148.5,26.743076101920238
-21.75,148.75,26.783945538682545
-21.75,149.0,27.160238213697802
-21.75,149.25,27.84957175362785
-21.75,149.5,28.568160268656882
-21.75,149.75,28.360099055020374
-22.0,114.0,27.68222731465396
-22.0,114.25,27.756417426402724
-22.0,114.5,27.617992642248126
-22.0,114.75,27.35488161918212
-22.0,115.0,27.260025439631303
-22.0,115.25,27.26013152318488
-22.0,115.5,27.237490776700927
-22.0,115.75,26.93849012343413
-22.0,116.0,26.299706299837137
-22.0,116.25,25.867951327568615
-22.0,116.5,25.83211365819335
-22.0,116.75,25.798717209675345
-22.0,117.0,25.85810381260618
-22.0,117.25,25.945505040072664
-22.0,117.5,26.123831059434057
-22.0,117.75,26.52194027962134
-22.0,118.0,27.202598391132238
-22.0,118.25,27.61638206047259
-22.0,118.5,27.87453935562055
-22.0,118.75,28.034965302173397
-22.0,119.0,28.042817774950876
-22.0,119.25,28.067037681456153
-22.0,119.5,28.342510181661844
-22.0,119.75,28.821764403507423
-22.0,120.0,28.68269165834738
-22.0,120.25,28.37298716733938
-22.0,120.5,28.28724652550579
-22.0,120.75,28.137153007326635
-22.0,121.0,28.132504189899716
-22.0,121.25,28.23743859313513
-22.0,121.5,28.328329216087628
-22.0,121.75,28.210119780454143
-22.0,122.0,28.176209284072172
-22.0,122.25,27.96800693196183
-22.0,122.5,27.78305098486512
-22.0,122.75,27.669330166767743
-22.0,123.0,27.720698502186497
-22.0,123.25,27.994101270433053
-22.0,123.5,28.056479517062062
-22.0,123.75,28.05890927712779
-22.0,124.0,28.092091488158342
-22.0,124.25,28.213082560484327
-22.0,124.5,28.18586122967959
-22.0,124.75,28.196734681587987
-22.0,125.0,28.188883445111916
-22.0,125.25,28.258966937173383
-22.0,125.5,28.372844832231365
-22.0,125.75,28.493829309899628
-22.0,126.0,28.618627235796247
-22.0,126.25,28.6830092606479
-22.0,126.5,28.699890561908333
-22.0,126.75,28.773145866011642
-22.0,127.0,28.744333107019642
-22.0,127.25,28.80507436214449
-22.0,127.5,28.70208372007741
-22.0,127.75,28.699434903081922
-22.0,128.0,28.596027451419545
-22.0,128.25,28.62598532295796
-22.0,128.5,28.680813275292813
-22.0,128.75,28.376323758841224
-22.0,129.0,28.203655304816774
-22.0,129.25,28.236411353294947
-22.0,129.5,28.541156145216892
-22.0,129.75,29.067564279473764
-22.0,130.0,29.51539523302318
-22.0,130.25,29.967701078720047
-22.0,130.5,30.22045079516937
-22.0,130.75,30.46318078119651
-22.0,131.0,30.561721431699905
-22.0,131.25,30.612987429852865
-22.0,131.5,30.52855486210031
-22.0,131.75,30.43240458392222
-22.0,132.0,30.500281354670356
-22.0,132.25,30.588328568120392
-22.0,132.5,30.762217445872558
-22.0,132.75,30.941277089007972
-22.0,133.0,30.550423497483294
-22.0,133.25,30.232581867057494
-22.0,133.5,30.139653916740052
-22.0,133.75,30.3159762478501
-22.0,134.0,30.510132061431978
-22.0,134.25,30.719671816841437
-22.0,134.5,30.748983305377422
-22.0,134.75,30.73074105479463
-22.0,135.0,30.67572521698777
-22.0,135.25,30.701967081122717
-22.0,135.5,30.706288630400945
-22.0,135.75,30.7289942790051
-22.0,136.0,30.866933064306465
-22.0,136.25,31.06490564180021
-22.0,136.5,31.04607050923583
-22.0,136.75,30.827554680486408
-22.0,137.0,30.57947567080691
-22.0,137.25,30.692878877323825
-22.0,137.5,30.730914155629492
-22.0,137.75,30.795116941407137
-22.0,138.0,30.942288894680313
-22.0,138.25,30.82018828033642
-22.0,138.5,30.45887085824025
-22.0,138.75,30.038931518506047
-22.0,139.0,29.801529671632032
-22.0,139.25,29.902210758178025
-22.0,139.5,29.723305100334677
-22.0,139.75,29.30025402344659
-22.0,140.0,29.04213278152115
-22.0,140.25,28.90701371971578
-22.0,140.5,28.598319257789136
-22.0,140.75,28.301471108941566
-22.0,141.0,28.825169714025268
-22.0,141.25,28.890501238608934
-22.0,141.5,28.933063497091254
-22.0,141.75,28.58895282306341
-22.0,142.0,28.349090172882708
-22.0,142.25,28.339409559758675
-22.0,142.5,28.177349493845764
-22.0,142.75,28.056151400549787
-22.0,143.0,28.0592030492744
-22.0,143.25,27.987396678123453
-22.0,143.5,27.95012774377273
-22.0,143.75,27.758013284969678
-22.0,144.0,27.419170082290925
-22.0,144.25,27.10891636337399
-22.0,144.5,27.07850320246042
-22.0,144.75,27.020616457407
-22.0,145.0,26.92643732637301
-22.0,145.25,27.016442870514545
-22.0,145.5,27.40086569636098
-22.0,145.75,27.627758745455424
-22.0,146.0,27.49721714048077
-22.0,146.25,27.333627116551053
-22.0,146.5,27.38897495494021
-22.0,146.75,27.636483778073433
-22.0,147.0,27.98573661582667
-22.0,147.25,28.243769210196117
-22.0,147.5,28.416281342519476
-22.0,147.75,28.41409625668165
-22.0,148.0,28.19206382221714
-22.0,148.25,27.646754159547655
-22.0,148.5,27.09589444065858
-22.0,148.75,26.63512268326804
-22.0,149.0,27.328655985956484
-22.0,149.25,27.994170280603612
-22.0,149.5,28.208803669054056
-22.0,149.75,28.035078561271273
-22.25,113.75,27.637923942686356
-22.25,114.0,27.649446097398513
-22.25,114.25,27.755333423811404
-22.25,114.5,27.58400271707349
-22.25,114.75,27.34244514192867
-22.25,115.0,27.293988365867666
-22.25,115.25,27.28793668430494
-22.25,115.5,27.30427340585282
-22.25,115.75,27.021210805927144
-22.25,116.0,26.514879804048594
-22.25,116.25,25.986960006668365
-22.25,116.5,25.679008977288962
-22.25,116.75,25.56647767887233
-22.25,117.0,25.609264877228167
-22.25,117.25,25.66869403124618
-22.25,117.5,25.871782109707784
-22.25,117.75,26.20201655410964
-22.25,118.0,26.733427816304008
-22.25,118.25,27.108564722756526
-22.25,118.5,27.35286422463504
-22.25,118.75,27.59994780471736
-22.25,119.0,27.710071767215307
-22.25,119.25,27.730264677168062
-22.25,119.5,27.710303036491947
-22.25,119.75,27.947272847715126
-22.25,120.0,27.98206356549554
-22.25,120.25,27.91859634681396
-22.25,120.5,27.898187235699837
-22.25,120.75,27.947491225307065
-22.25,121.0,28.005176865828915
-22.25,121.25,28.150359084189553
-22.25,121.5,28.247225633544268
-22.25,121.75,28.119797245113368
-22.25,122.0,27.98447107068366
-22.25,122.25,27.8880401886432
-22.25,122.5,27.827614356033756
-22.25,122.75,27.80433290750143
-22.25,123.0,27.816898659233857
-22.25,123.25,27.91544529148398
-22.25,123.5,27.93484109960338
-22.25,123.75,27.964588984614906
-22.25,124.0,28.05856371599701
-22.25,124.25,28.113725578871595
-22.25,124.5,28.089433684450096
-22.25,124.75,28.02141315915205
-22.25,125.0,28.06125750096556
-22.25,125.25,28.1105597916249
-22.25,125.5,28.11894428355514
-22.25,125.75,28.253760987799716
-22.25,126.0,28.299447807249443
-22.25,126.25,28.47168211148706
-22.25,126.5,28.534984282488033
-22.25,126.75,28.53377978621333
-22.25,127.0,28.503308000049863
-22.25,127.25,28.3975414743355
-22.25,127.5,28.408362275781435
-22.25,127.75,28.407223147124615
-22.25,128.0,28.437861748380293
-22.25,128.25,28.486128845130295
-22.25,128.5,28.39348032260244
-22.25,128.75,28.225616864113913
-22.25,129.0,28.09907370898138
-22.25,129.25,28.298328711090726
-22.25,129.5,28.495032832429764
-22.25,129.75,28.885260991878855
-22.25,130.0,29.263899992707625
-22.25,130.25,29.43399592746918
-22.25,130.5,29.71486016037845
-22.25,130.75,29.87059866835685
-22.25,131.0,30.100452680517964
-22.25,131.25,30.149552013080676
-22.25,131.5,29.88132715751833
-22.25,131.75,29.723726726542868
-22.25,132.0,29.59388249088635
-22.25,132.25,29.725453080034292
-22.25,132.5,29.90787340442881
-22.25,132.75,30.154637082156587
-22.25,133.0,29.878239452137716
-22.25,133.25,29.516267078711486
-22.25,133.5,29.40668816021281
-22.25,133.75,29.586224072288548
-22.25,134.0,29.878465492904077
-22.25,134.25,30.099988060227208
-22.25,134.5,30.177296869772675
-22.25,134.75,30.235764199596186
-22.25,135.0,30.335663056636864
-22.25,135.25,30.382342591011398
-22.25,135.5,30.508725633147673
-22.25,135.75,30.64447167983905
-22.25,136.0,30.612898792463323
-22.25,136.25,30.403274111341442
-22.25,136.5,30.536984310803277
-22.25,136.75,30.522840714646676
-22.25,137.0,30.43707242432263
-22.25,137.25,30.35554255642713
-22.25,137.5,30.325868857462115
-22.25,137.75,30.45014208374702
-22.25,138.0,30.65086918985717
-22.25,138.25,30.557565094681507
-22.25,138.5,30.12540477505505
-22.25,138.75,29.73540014700789
-22.25,139.0,29.254948996940293
-22.25,139.25,29.205583761086466
-22.25,139.5,29.136277766944538
-22.25,139.75,28.99177556053299
-22.25,140.0,28.801292770884494
-22.25,140.25,28.525225657940062
-22.25,140.5,28.309876767674858
-22.25,140.75,28.06488728123408
-22.25,141.0,28.184828048908244
-22.25,141.25,28.128072700426515
-22.25,141.5,27.71845168691754
-22.25,141.75,27.494901908577138
-22.25,142.0,27.591920914304513
-22.25,142.25,27.764582249323336
-22.25,142.5,28.050722641221487
-22.25,142.75,28.311073017800844
-22.25,143.0,28.26566732573828
-22.25,143.25,28.06128487354215
-22.25,143.5,27.8434623630274
-22.25,143.75,27.642261648316754
-22.25,144.0,27.310366702597328
-22.25,144.25,27.00622755634543
-22.25,144.5,27.00580189116444
-22.25,144.75,26.994848567470708
-22.25,145.0,27.0324653654518
-22.25,145.25,27.15289178370458
-22.25,145.5,27.513122374735186
-22.25,145.75,27.6998424087858
-22.25,146.0,27.63069506543927
-22.25,146.25,27.57760534089585
-22.25,146.5,27.6724208939644
-22.25,146.75,27.706221878076356
-22.25,147.0,28.031322146741534
-22.25,147.25,28.28039830628015
-22.25,147.5,28.44277175260879
-22.25,147.75,28.514484769901106
-22.25,148.0,28.163688781697523
-22.25,148.25,27.53102432742728
-22.25,148.5,26.998297479473276
-22.25,148.75,26.66854234031749
-22.25,149.0,27.433175139522554
-22.25,149.25,27.804246353369507
-22.25,149.5,28.003764879181585
-22.25,149.75,27.820060599359437
-22.25,150.0,28.039179224456515
-22.25,150.25,28.382499717620846
-22.25,150.5,28.64436345906981
-22.5,113.5,27.584467968443676
-22.5,113.75,27.499952053237084
-22.5,114.0,27.471251052771144
-22.5,114.25,27.54625503030327
-22.5,114.5,27.41145134911441
-22.5,114.75,27.091425700287584
-22.5,115.0,27.111559638304968
-22.5,115.25,27.105785355517863
-22.5,115.5,27.075625642153224
-22.5,115.75,27.083159379204865
-22.5,116.0,26.72501988451462
-22.5,116.25,26.163634867873043
-22.5,116.5,25.704464704036983
-22.5,116.75,25.31578416173172
-22.5,117.0,25.24179574563216
-22.5,117.25,25.33997563497222
-22.5,117.5,25.78454626462253
-22.5,117.75,26.246370247014035
-22.5,118.0,26.487051671837992
-22.5,118.25,26.790099788111874
-22.5,118.5,26.908835068651793
-22.5,118.75,26.99669242939123
-22.5,119.0,27.18761851693487
-22.5,119.25,27.342873209108937
-22.5,119.5,27.414255857428376
-22.5,119.75,27.385718631923655
-22.5,120.0,27.429149248436172
-22.5,120.25,27.580212890047672
-22.5,120.5,27.726738439972358
-22.5,120.75,27.843480888899652
-22.5,121.0,27.89206560179452
-22.5,121.25,28.104789437902188
-22.5,121.5,28.1261058083367
-22.5,121.75,27.924675957630914
-22.5,122.0,27.83806843659149
-22.5,122.25,27.78477234248256
-22.5,122.5,27.80814996160384
-22.5,122.75,27.773700507337637
-22.5,123.0,27.76100289656778
-22.5,123.25,27.678529123403322
-22.5,123.5,27.670933050489197
-22.5,123.75,27.77251020788739
-22.5,124.0,27.96357669151492
-22.5,124.25,28.12844103361556
-22.5,124.5,28.0575201642672
-22.5,124.75,28.006806255811178
-22.5,125.0,28.030619164255185
-22.5,125.25,28.019291596179347
-22.5,125.5,28.05503781521597
-22.5,125.75,28.023836009813845
-22.5,126.0,28.137717980718758
-22.5,126.25,28.132886221148425
-22.5,126.5,28.072556414655615
-22.5,126.75,28.116986916919675
-22.5,127.0,28.116862175768706
-22.5,127.25,28.151239696914065
-22.5,127.5,28.199251267951148
-22.5,127.75,28.278261755825834
-22.5,128.0,28.403305493747407
-22.5,128.25,28.391554680005054
-22.5,128.5,28.36649866981739
-22.5,128.75,28.28978624531969
-22.5,129.0,28.320291647733388
-22.5,129.25,28.31244798509808
-22.5,129.5,28.55147265962305
-22.5,129.75,28.860238603906218
-22.5,130.0,29.086227531504885
-22.5,130.25,29.31124776219079
-22.5,130.5,29.313308989024947
-22.5,130.75,29.450308464697144
-22.5,131.0,29.593484733605706
-22.5,131.25,29.704571560960847
-22.5,131.5,29.555322733791748
-22.5,131.75,29.3934612153186
-22.5,132.0,29.31902496785409
-22.5,132.25,29.13258977178997
-22.5,132.5,29.305960918178283
-22.5,132.75,29.230218616098565
-22.5,133.0,28.981175313093605
-22.5,133.25,28.83786113695985
-22.5,133.5,28.831867334854156
-22.5,133.75,29.051939866226597
-22.5,134.0,29.320161642857254
-22.5,134.25,29.54850831749683
-22.5,134.5,29.724292934231123
-22.5,134.75,29.846168482294456
-22.5,135.0,29.953379826717025
-22.5,135.25,30.14811637954911
-22.5,135.5,30.300371024224468
-22.5,135.75,30.235350759355246
-22.5,136.0,30.142535315422005
-22.5,136.25,29.90118368892961
-22.5,136.5,29.951007055395774
-22.5,136.75,30.08171375682251
-22.5,137.0,30.210400470676415
-22.5,137.25,30.23095402524644
-22.5,137.5,30.20506221781888
-22.5,137.75,30.21690193798027
-22.5,138.0,30.42447056613836
-22.5,138.25,30.353951776091655
-22.5,138.5,30.08738672956853
-22.5,138.75,29.44545487106026
-22.5,139.0,28.971675808200715
-22.5,139.25,28.743363625849586
-22.5,139.5,28.586108830841546
-22.5,139.75,28.534369173939545
-22.5,140.0,28.338193422141828
-22.5,140.25,28.18048321356241
-22.5,140.5,28.110408805605054
-22.5,140.75,28.09065354302366
-22.5,141.0,28.14327466323037
-22.5,141.25,27.861343676536197
-22.5,141.5,27.4842346985882
-22.5,141.75,27.18825327768839
-22.5,142.0,27.30547782005688
-22.5,142.25,27.78346472895833
-22.5,142.5,28.336102507068723
-22.5,142.75,28.71595316572324
-22.5,143.0,28.674414844405522
-22.5,143.25,28.41444726020262
-22.5,143.5,27.70092323572225
-22.5,143.75,27.29683949508067
-22.5,144.0,27.04633941570664
-22.5,144.25,26.900396577380672
-22.5,144.5,26.856687299358207
-22.5,144.75,26.862027480673525
-22.5,145.0,26.964922492246483
-22.5,145.25,27.141950446016075
-22.5,145.5,27.526466014656275
-22.5,145.75,27.63596115424462
-22.5,146.0,27.649148026031423
-22.5,146.25,27.660090838466182
-22.5,146.5,27.394589847337087
-22.5,146.75,27.455378262119464
-22.5,147.0,27.824842729066283
-22.5,147.25,28.06507904196391
-22.5,147.5,28.115487965734996
-22.5,147.75,28.176661864886725
-22.5,148.0,27.802704911363225
-22.5,148.25,27.502621885769145
-22.5,148.5,27.062061883513177
-22.5,148.75,26.784481435218638
-22.5,149.0,27.515057679717298
-22.5,149.25,27.832408503813166
-22.5,149.5,27.021145018607825
-22.5,149.75,27.341395935324158
-22.5,150.0,27.681203847240496
-22.5,150.25,28.27995712491665
-22.5,150.5,28.596125113242287
-22.5,150.75,28.904417668952323
-22.75,113.5,27.456872098667237
-22.75,113.75,27.369891152098287
-22.75,114.0,27.290689281878485
-22.75,114.25,27.27469692714484
-22.75,114.5,27.163869026940002
-22.75,114.75,26.90479762282719
-22.75,115.0,26.841322188656413
-22.75,115.25,26.848593939416386
-22.75,115.5,26.857425690594763
-22.75,115.75,26.921900432451018
-22.75,116.0,27.014325537105787
-22.75,116.25,26.680902354557873
-22.75,116.5,26.098665325413695
-22.75,116.75,25.601152503727043
-22.75,117.0,25.35254141845061
-22.75,117.25,25.299392993606237
-22.75,117.5,25.577425920302662
-22.75,117.75,25.90877252491153
-22.75,118.0,26.30421046575326
-22.75,118.25,26.634432513575078
-22.75,118.5,26.878257900468956
-22.75,118.75,26.78049320306465
-22.75,119.0,26.82975683501234
-22.75,119.25,26.947764895843637
-22.75,119.5,27.113731037967472
-22.75,119.75,27.21049203960446
-22.75,120.0,27.321371650505196
-22.75,120.25,27.54878484072344
-22.75,120.5,27.719736285464894
-22.75,120.75,27.824494029924715
-22.75,121.0,27.917106484998925
-22.75,121.25,28.006573584578074
-22.75,121.5,28.018246381237333
-22.75,121.75,27.858108696775044
-22.75,122.0,27.774128202759833
-22.75,122.25,27.82789450023473
-22.75,122.5,27.85399888628033
-22.75,122.75,27.82939934521061
-22.75,123.0,27.76395883139407
-22.75,123.25,27.675264991717324
-22.75,123.5,27.620737389023386
-22.75,123.75,27.74223717354391
-22.75,124.0,27.875742910652992
-22.75,124.25,27.953112893758917
-22.75,124.5,28.00366139971874
-22.75,124.75,27.98678089484697
-22.75,125.0,27.973703454247506
-22.75,125.25,27.972390765578208
-22.75,125.5,27.95854798005761
-22.75,125.75,27.937758035518307
-22.75,126.0,27.89685147703034
-22.75,126.25,27.835402961034365
-22.75,126.5,27.796688955880054
-22.75,126.75,27.804570100912546
-22.75,127.0,27.89112593289087
-22.75,127.25,28.002152341791607
-22.75,127.5,28.115322699634536
-22.75,127.75,28.19877947280795
-22.75,128.0,28.321038133348004
-22.75,128.25,28.30926224546432
-22.75,128.5,28.23042442960824
-22.75,128.75,28.276039216179576
-22.75,129.0,28.355398496364
-22.75,129.25,28.440641258731777
-22.75,129.5,28.628663900159932
-22.75,129.75,28.861618982821035
-22.75,130.0,29.059859312360544
-22.75,130.25,29.124716249178636
-22.75,130.5,29.12089168618544
-22.75,130.75,29.19979606215154
-22.75,131.0,29.332807792328897
-22.75,131.25,29.44436185248608
-22.75,131.5,29.457966877007156
-22.75,131.75,29.47902123703646
-22.75,132.0,29.363932578020197
-22.75,132.25,29.198080585366
-22.75,132.5,29.145651894087766
-22.75,132.75,28.988238850840048
-22.75,133.0,28.69657132175895
-22.75,133.25,28.4508665915196
-22.75,133.5,28.41339829823062
-22.75,133.75,28.73187039947079
-22.75,134.0,29.07048262839771
-22.75,134.25,29.224907475201068
-22.75,134.5,29.37769963924201
-22.75,134.75,29.460756619954548
-22.75,135.0,29.672988764535415
-22.75,135.25,29.853190588328548
-22.75,135.5,29.746860431207935
-22.75,135.75,29.55531688840773
-22.75,136.0,29.405857824124496
-22.75,136.25,29.278553755678065
-22.75,136.5,29.342157351998065
-22.75,136.75,29.475268990018098
-22.75,137.0,29.640108040088382
-22.75,137.25,29.69622195287614
-22.75,137.5,29.759950976708193
-22.75,137.75,29.80475339454355
-22.75,138.0,29.91703218720373
-22.75,138.25,30.034846140746303
-22.75,138.5,29.789255848082085
-22.75,138.75,29.21884320755865
-22.75,139.0,28.71512384717961
-22.75,139.25,28.457559318303456
-22.75,139.5,28.277188077576998
-22.75,139.75,28.2364339286453
-22.75,140.0,28.098683054033415
-22.75,140.25,27.982830047626013
-22.75,140.5,28.03942160667271
-22.75,140.75,28.198369099999905
-22.75,141.0,28.154536886705465
-22.75,141.25,27.8718750251651
-22.75,141.5,27.697767623914686
-22.75,141.75,27.531629640719256
-22.75,142.0,27.559427387333404
-22.75,142.25,28.013693450161195
-22.75,142.5,28.44255043378803
-22.75,142.75,28.561067362566696
-22.75,143.0,28.551941571494705
-22.75,143.25,28.172457971156796
-22.75,143.5,27.51108879424649
-22.75,143.75,26.945880097845105
-22.75,144.0,26.7371665762332
-22.75,144.25,26.704840784383233
-22.75,144.5,26.679972505048923
-22.75,144.75,26.683302051361355
-22.75,145.0,26.7228734873258
-22.75,145.25,26.916890951465547
-22.75,145.5,27.28934260603425
-22.75,145.75,27.532192835409553
-22.75,146.0,27.583092515032362
-22.75,146.25,27.378617116783055
-22.75,146.5,27.02203482260252
-22.75,146.75,27.11288379850446
-22.75,147.0,27.650849745375357
-22.75,147.25,27.816326704669738
-22.75,147.5,27.61891660987931
-22.75,147.75,27.64241536440003
-22.75,148.0,27.656861152286403
-22.75,148.25,27.520960286867684
-22.75,148.5,27.114615952183794
-22.75,148.75,27.056735046677346
-22.75,149.0,27.537973005855502
-22.75,149.25,27.604463262468638
-22.75,149.5,26.810035204598048
-22.75,149.75,26.760930456684964
-22.75,150.0,27.151147644876865
-22.75,150.25,27.478045903170866
-22.75,150.5,28.188464895478276
-22.75,150.75,28.917516656668298
-22.75,151.0,28.965094781070928
-23.0,113.5,27.34790186303563
-23.0,113.75,27.30842938178711
-23.0,114.0,27.13893492376509
-23.0,114.25,27.21346117397606
-23.0,114.5,27.0763974633528
-23.0,114.75,26.879619620469015
-23.0,115.0,26.70071582025868
-23.0,115.25,26.67815638379296
-23.0,115.5,26.67013351285445
-23.0,115.75,26.71686175139266
-23.0,116.0,26.990825894131227
-23.0,116.25,27.007576590395672
-23.0,116.5,26.66057618173713
-23.0,116.75,26.28603011984614
-23.0,117.0,26.00428149538465
-23.0,117.25,25.777041905989623
-23.0,117.5,25.899404035016822
-23.0,117.75,25.900134409175383
-23.0,118.0,26.154578430891927
-23.0,118.25,26.55307863673236
-23.0,118.5,27.236747149317146
-23.0,118.75,27.094021029931387
-23.0,119.0,26.927859531585224
-23.0,119.25,26.97192473316893
-23.0,119.5,26.906386945532123
-23.0,119.75,27.09469049372659
-23.0,120.0,27.292127345989186
-23.0,120.25,27.44436011817624
-23.0,120.5,27.6139111619534
-23.0,120.75,27.71605650157458
-23.0,121.0,27.888424317926614
-23.0,121.25,27.823861360264424
-23.0,121.5,27.889992171701
-23.0,121.75,27.887337035510576
-23.0,122.0,27.846105538270674
-23.0,122.25,27.88125783318043
-23.0,122.5,27.86372866619216
-23.0,122.75,27.911768980026004
-23.0,123.0,27.875633590559797
-23.0,123.25,27.893350423140713
-23.0,123.5,27.877785633707973
-23.0,123.75,27.778118848287747
-23.0,124.0,27.760062396497286
-23.0,124.25,27.73208232092099
-23.0,124.5,27.829154105688048
-23.0,124.75,27.860260648560878
-23.0,125.0,27.79994432705732
-23.0,125.25,27.81161719289188
-23.0,125.5,27.748704219482768
-23.0,125.75,27.6831154049992
-23.0,126.0,27.558909474486885
-23.0,126.25,27.589278963011235
-23.0,126.5,27.60706499674425
-23.0,126.75,27.709017842181687
-23.0,127.0,27.83372095116218
-23.0,127.25,27.8250602536979
-23.0,127.5,27.912070190764954
-23.0,127.75,28.052340258551286
-23.0,128.0,28.13064695708306
-23.0,128.25,28.163589925010672
-23.0,128.5,28.033463766248826
-23.0,128.75,28.084708682188772
-23.0,129.0,28.08078057391979
-23.0,129.25,28.239617595161505
-23.0,129.5,28.51892879768457
-23.0,129.75,28.61745413933292
-23.0,130.0,28.690648863773163
-23.0,130.25,28.643828680138665
-23.0,130.5,28.683953193569486
-23.0,130.75,28.82550261908921
-23.0,131.0,28.929470100875697
-23.0,131.25,29.104607650365963
-23.0,131.5,29.211974897747414
-23.0,131.75,29.306294840560565
-23.0,132.0,29.236082444085206
-23.0,132.25,29.16617213565212
-23.0,132.5,29.156452426071986
-23.0,132.75,29.031667456154977
-23.0,133.0,28.809950392205366
-23.0,133.25,28.478048611622427
-23.0,133.5,28.272065596198704
-23.0,133.75,28.64031796457718
-23.0,134.0,28.936722698721383
-23.0,134.25,29.093480074598038
-23.0,134.5,29.12453661556874
-23.0,134.75,29.24715637076047
-23.0,135.0,29.382281185438345
-23.0,135.25,29.4514467611021
-23.0,135.5,29.211038158996594
-23.0,135.75,29.000180626241175
-23.0,136.0,28.823169414931225
-23.0,136.25,28.843728304826715
-23.0,136.5,28.841898192643132
-23.0,136.75,28.877724859374077
-23.0,137.0,28.973712155104202
-23.0,137.25,29.0584197709288
-23.0,137.5,29.03137798795476
-23.0,137.75,29.146369409258618
-23.0,138.0,29.23063084040465
-23.0,138.25,29.4955753195643
-23.0,138.5,29.3186910538367
-23.0,138.75,29.05754676905994
-23.0,139.0,28.519516744645745
-23.0,139.25,28.39654044858872
-23.0,139.5,28.34017897413318
-23.0,139.75,28.317768478920577
-23.0,140.0,28.135043616009984
-23.0,140.25,28.05006979274313
-23.0,140.5,28.104873483876236
-23.0,140.75,28.24601568434102
-23.0,141.0,27.956247508721624
-23.0,141.25,27.716207131418845
-23.0,141.5,27.587254872539102
-23.0,141.75,27.847508515080182
-23.0,142.0,27.97287014396157
-23.0,142.25,28.144433768343077
-23.0,142.5,28.16550719951986
-23.0,142.75,28.0522828124434
-23.0,143.0,27.863745718600192
-23.0,143.25,27.517705093678607
-23.0,143.5,27.223530305555304
-23.0,143.75,26.77692550856579
-23.0,144.0,26.632382127952233
-23.0,144.25,26.63531801476501
-23.0,144.5,26.60201324581156
-23.0,144.75,26.629567681849252
-23.0,145.0,26.58879276330339
-23.0,145.25,26.633145782928576
-23.0,145.5,26.902684375758284
-23.0,145.75,27.31906631663353
-23.0,146.0,27.387559517593488
-23.0,146.25,27.125523790516436
-23.0,146.5,26.87623760796694
-23.0,146.75,26.963966442443066
-23.0,147.0,27.58321038917843
-23.0,147.25,27.78697377153463
-23.0,147.5,27.577305002244174
-23.0,147.75,27.355886240155307
-23.0,148.0,27.592392917772674
-23.0,148.25,27.722231834979226
-23.0,148.5,27.259358126726507
-23.0,148.75,27.442507808609164
-23.0,149.0,27.566880050661382
-23.0,149.25,27.625274720388386
-23.0,149.5,27.249487152687674
-23.0,149.75,26.98466703487614
-23.0,150.0,27.19241398682743
-23.0,150.25,27.509752877244477
-23.0,150.5,28.265023278507147
-23.0,150.75,28.912793491489996
-23.0,151.0,28.976638426432043
-23.25,113.5,27.292681891523642
-23.25,113.75,27.231956370962294
-23.25,114.0,27.045976788327945
-23.25,114.25,27.18916726699594
-23.25,114.5,27.167574805102745
-23.25,114.75,26.91023813877921
-23.25,115.0,26.69549937064893
-23.25,115.25,26.5852317924023
-23.25,115.5,26.4972563900549
-23.25,115.75,26.546389930024766
-23.25,116.0,26.7748383666105
-23.25,116.25,26.933435125675953
-23.25,116.5,26.90163256667883
-23.25,116.75,26.699761117650382
-23.25,117.0,26.588450966627754
-23.25,117.25,26.422345272235802
-23.25,117.5,26.119502128391545
-23.25,117.75,26.214427879490298
-23.25,118.0,26.29003516570222
-23.25,118.25,26.688115757776387
-23.25,118.5,27.287431937109158
-23.25,118.75,27.320897318661977
-23.25,119.0,27.2473994315399
-23.25,119.25,27.102113811462488
-23.25,119.5,27.107608772941507
-23.25,119.75,27.110139294046846
-23.25,120.0,27.32621587798353
-23.25,120.25,27.51283725057509
-23.25,120.5,27.58057975577743
-23.25,120.75,27.71941562984207
-23.25,121.0,27.691992627897424
-23.25,121.25,27.79158966514365
-23.25,121.5,27.884497679781933
-23.25,121.75,27.911066282034056
-23.25,122.0,28.02667129524189
-23.25,122.25,27.995682452479492
-23.25,122.5,27.98151100819476
-23.25,122.75,27.891336461835852
-23.25,123.0,27.89138304181442
-23.25,123.25,27.99417344997828
-23.25,123.5,27.947591981465482
-23.25,123.75,27.92161162557786
-23.25,124.0,27.77355216624168
-23.25,124.25,27.6538055987372
-23.25,124.5,27.618252982741705
-23.25,124.75,27.575837889101702
-23.25,125.0,27.56616118666666
-23.25,125.25,27.532815261535532
-23.25,125.5,27.499974809126194
-23.25,125.75,27.3757790902608
-23.25,126.0,27.283923652943137
-23.25,126.25,27.377459874264524
-23.25,126.5,27.557134106407794
-23.25,126.75,27.75400378356405
-23.25,127.0,27.798627082130274
-23.25,127.25,27.739967236643157
-23.25,127.5,27.678936833830456
-23.25,127.75,27.818065946216784
-23.25,128.0,27.98553471733682
-23.25,128.25,27.951872655474673
-23.25,128.5,27.964883389062987
-23.25,128.75,27.93790216979191
-23.25,129.0,27.905071016423328
-23.25,129.25,27.971963638252184
-23.25,129.5,28.017777200308895
-23.25,129.75,28.155551325612585
-23.25,130.0,28.120567888845155
-23.25,130.25,28.080293362039463
-23.25,130.5,28.03454671599166
-23.25,130.75,28.085387209613813
-23.25,131.0,28.27931374528708
-23.25,131.25,28.491165259902075
-23.25,131.5,28.724500546163664
-23.25,131.75,28.86951224685185
-23.25,132.0,28.868669513689117
-23.25,132.25,28.845280159968294
-23.25,132.5,28.822196470382323
-23.25,132.75,28.78728550785145
-23.25,133.0,28.75532317686252
-23.25,133.25,28.6540741141957
-23.25,133.5,28.563048266578846
-23.25,133.75,28.48992979545082
-23.25,134.0,28.72754225929088
-23.25,134.25,28.780261743126694
-23.25,134.5,28.87751014933955
-23.25,134.75,28.801312627143776
-23.25,135.0,28.787699179482846
-23.25,135.25,28.70136378335531
-23.25,135.5,28.668136451233547
-23.25,135.75,28.53526656908579
-23.25,136.0,28.530260421855058
-23.25,136.25,28.5410056344929
-23.25,136.5,28.58508337895186
-23.25,136.75,28.553674063076386
-23.25,137.0,28.601473504502547
-23.25,137.25,28.599837837242095
-23.25,137.5,28.590999763185923
-23.25,137.75,28.56460819649025
-23.25,138.0,28.606848424447488
-23.25,138.25,28.85972259846211
-23.25,138.5,28.877271705375765
-23.25,138.75,28.65311185028866
-23.25,139.0,28.360425240948054
-23.25,139.25,28.34958926026676
-23.25,139.5,28.51449661097317
-23.25,139.75,28.322263797527437
-23.25,140.0,28.164500061778586
-23.25,140.25,28.160922717309962
-23.25,140.5,28.259455783788663
-23.25,140.75,28.210967663763295
-23.25,141.0,27.780501075209322
-23.25,141.25,27.513195001338637
-23.25,141.5,27.64028106625251
-23.25,141.75,27.894364383403634
-23.25,142.0,28.00212682681336
-23.25,142.25,28.03815569661715
-23.25,142.5,27.685289234540736
-23.25,142.75,27.580757365644303
-23.25,143.0,27.323929432577454
-23.25,143.25,27.03826944678889
-23.25,143.5,26.82869288157828
-23.25,143.75,26.814614375489075
-23.25,144.0,26.728905117311964
-23.25,144.25,26.722270334008833
-23.25,144.5,26.79797722005211
-23.25,144.75,26.787297120539563
-23.25,145.0,26.69646487621322
-23.25,145.25,26.637514439286093
-23.25,145.5,26.698392604854405
-23.25,145.75,27.118259429203174
-23.25,146.0,27.25884543245136
-23.25,146.25,27.162363354294296
-23.25,146.5,26.998297651480637
-23.25,146.75,26.969326060753875
-23.25,147.0,27.51457028658112
-23.25,147.25,27.770223116676746
-23.25,147.5,27.38649968296282
-23.25,147.75,27.25933728792413
-23.25,148.0,27.41256110813789
-23.25,148.25,27.697184459342566
-23.25,148.5,27.53886552140246
-23.25,148.75,27.992574526360556
-23.25,149.0,28.03219025696574
-23.25,149.25,27.724177320805
-23.25,149.5,27.34959982193163
-23.25,149.75,27.085107544008554
-23.25,150.0,27.37357417775424
-23.25,150.25,27.987418139613965
-23.25,150.5,28.677362882650673
-23.25,150.75,29.188882975889907
-23.25,151.0,28.95389744056192
-23.5,113.5,27.281865877112704
-23.5,113.75,27.202151926381788
-23.5,114.0,26.99081880855117
-23.5,114.25,27.05214803836008
-23.5,114.5,26.98611383414741
-23.5,114.75,26.804876119545824
-23.5,115.0,26.664278008497536
-23.5,115.25,26.583757468508587
-23.5,115.5,26.40683317588958
-23.5,115.75,26.416030543498607
-23.5,116.0,26.495474524905877
-23.5,116.25,26.57695111324393
-23.5,116.5,26.635784173134955
-23.5,116.75,26.695271971076178
-23.5,117.0,26.75884330264136
-23.5,117.25,26.88806986751413
-23.5,117.5,26.85157329385712
-23.5,117.75,26.697553597333176
-23.5,118.0,26.68628481937576
-23.5,118.25,26.81802827027794
-23.5,118.5,27.12846915537608
-23.5,118.75,27.246708238834312
-23.5,119.0,27.18395579110722
-23.5,119.25,27.195027270663083
-23.5,119.5,27.27216505571195
-23.5,119.75,27.415313139572
-23.5,120.0,27.458729166962417
-23.5,120.25,27.57343225735353
-23.5,120.5,27.709895510024484
-23.5,120.75,27.740477651902932
-23.5,121.0,27.851561623226665
-23.5,121.25,27.953517809636228
-23.5,121.5,28.086685755095484
-23.5,121.75,28.111126905278656
-23.5,122.0,28.095310991584956
-23.5,122.25,28.140954100461315
-23.5,122.5,28.05575026379235
-23.5,122.75,27.96176818948238
-23.5,123.0,27.96721220209509
-23.5,123.25,27.982991159998445
-23.5,123.5,27.942287528522716
-23.5,123.75,27.916656496109606
-23.5,124.0,27.92359400121086
-23.5,124.25,27.807680415768147
-23.5,124.5,27.662568226546636
-23.5,124.75,27.53952177301253
-23.5,125.0,27.441769579192
-23.5,125.25,27.37238158841283
-23.5,125.5,27.29543895163107
-23.5,125.75,27.27324031833708
-23.5,126.0,27.158292401226188
-23.5,126.25,27.157197619431205
-23.5,126.5,27.387079614178848
-23.5,126.75,27.605328182142614
-23.5,127.0,27.737380195113296
-23.5,127.25,27.63313773156618
-23.5,127.5,27.53849565149421
-23.5,127.75,27.676270203259396
-23.5,128.0,27.79092438364637
-23.5,128.25,27.918569268950787
-23.5,128.5,27.945914018771894
-23.5,128.75,27.96706740498376
-23.5,129.0,27.901172516525715
-23.5,129.25,27.843167023636195
-23.5,129.5,27.805772236923026
-23.5,129.75,27.755807720648704
-23.5,130.0,27.706793398236613
-23.5,130.25,27.688792509187692
-23.5,130.5,27.69013156150301
-23.5,130.75,27.734982380473028
-23.5,131.0,27.87384582667351
-23.5,131.25,28.153273469229063
-23.5,131.5,28.498783740132403
-23.5,131.75,28.731729235994017
-23.5,132.0,28.822973797618353
-23.5,132.25,28.84272271904373
-23.5,132.5,28.76542932426943
-23.5,132.75,28.67903752365822
-23.5,133.0,28.595567781282686
-23.5,133.25,28.62263659418605
-23.5,133.5,28.676856815233382
-23.5,133.75,28.133106493601726
-23.5,134.0,27.60707091386457
-23.5,134.25,27.409400860476158
-23.5,134.5,27.381932056902507
-23.5,134.75,27.125371756354433
-23.5,135.0,26.93872987126275
-23.5,135.25,27.465296719661634
-23.5,135.5,27.951065634067483
-23.5,135.75,28.265738286877777
-23.5,136.0,28.325739990573798
-23.5,136.25,28.318619098764653
-23.5,136.5,28.403818589503846
-23.5,136.75,28.403935927672336
-23.5,137.0,28.479306263397905
-23.5,137.25,28.530759926497527
-23.5,137.5,28.532015625845435
-23.5,137.75,28.52150357790069
-23.5,138.0,28.393299731534878
-23.5,138.25,28.415595097673272
-23.5,138.5,28.54460241081486
-23.5,138.75,28.28468436051644
-23.5,139.0,28.040526668444954
-23.5,139.25,28.106985400594915
-23.5,139.5,28.322371031337873
-23.5,139.75,28.188664094185683
-23.5,140.0,28.07535161312379
-23.5,140.25,28.065720101077268
-23.5,140.5,28.13863079669029
-23.5,140.75,28.11034516141624
-23.5,141.0,27.8916498589437
-23.5,141.25,27.822262231125492
-23.5,141.5,27.89422547075403
-23.5,141.75,28.013777085741832
-23.5,142.0,27.978310757747728
-23.5,142.25,27.69749145849135
-23.5,142.5,27.395855450291304
-23.5,142.75,27.405279566884754
-23.5,143.0,27.11202830083857
-23.5,143.25,26.781921632205467
-23.5,143.5,26.648861708627315
-23.5,143.75,26.702490493317892
-23.5,144.0,26.816241303814714
-23.5,144.25,26.962757593377873
-23.5,144.5,27.045338709544126
-23.5,144.75,26.919520885278416
-23.5,145.0,26.77759787796808
-23.5,145.25,26.63474854486452
-23.5,145.5,26.612915149376967
-23.5,145.75,26.934202607630375
-23.5,146.0,27.067228745559234
-23.5,146.25,27.11442501860788
-23.5,146.5,27.141650254190484
-23.5,146.75,27.080184334933204
-23.5,147.0,27.38930779085342
-23.5,147.25,27.667216616535534
-23.5,147.5,27.226863780610028
-23.5,147.75,26.944477131428002
-23.5,148.0,26.991400242871922
-23.5,148.25,26.969257359174186
-23.5,148.5,26.732160888043694
-23.5,148.75,27.563270920597805
-23.5,149.0,28.131701509639438
-23.5,149.25,27.96775388247808
-23.5,149.5,27.333233231862593
-23.5,149.75,26.83451578404014
-23.5,150.0,27.30093045216767
-23.5,150.25,28.389751159251812
-23.5,150.5,28.90777267126833
-23.5,150.75,29.165810474190145
-23.5,151.0,29.057723023972493
-23.5,151.25,28.79447374426995
-23.75,113.25,27.306130302713644
-23.75,113.5,27.29369120997452
-23.75,113.75,27.099378313387803
-23.75,114.0,26.98505776948208
-23.75,114.25,26.967986105185943
-23.75,114.5,26.82616357326316
-23.75,114.75,26.655878888622816
-23.75,115.0,26.576993337631123
-23.75,115.25,26.546460164992485
-23.75,115.5,26.486865794466674
-23.75,115.75,26.43403346487223
-23.75,116.0,26.339008179796625
-23.75,116.25,26.328717038009003
-23.75,116.5,26.42602740261025
-23.75,116.75,26.523972637636756
-23.75,117.0,26.59807984947579
-23.75,117.25,26.835649813747356
-23.75,117.5,27.110420423366005
-23.75,117.75,27.147897274014333
-23.75,118.0,27.072237494873054
-23.75,118.25,27.101124282468675
-23.75,118.5,27.124577994805573
-23.75,118.75,27.153346218025973
-23.75,119.0,27.132626669964832
-23.75,119.25,27.166889162406086
-23.75,119.5,27.39084060449183
-23.75,119.75,27.571579810862193
-23.75,120.0,27.64877876079357
-23.75,120.25,27.75271735492363
-23.75,120.5,27.838065069438898
-23.75,120.75,27.983976145061753
-23.75,121.0,28.1386112834955
-23.75,121.25,28.2566747335085
-23.75,121.5,28.261790705344755
-23.75,121.75,28.20612197338441
-23.75,122.0,28.138963028222474
-23.75,122.25,28.08899140931794
-23.75,122.5,28.07773968130799
-23.75,122.75,28.060563923536733
-23.75,123.0,27.998526248465545
-23.75,123.25,27.878272025721618
-23.75,123.5,27.837844805743366
-23.75,123.75,27.86868415596566
-23.75,124.0,27.88230029305003
-23.75,124.25,27.871021039859478
-23.75,124.5,27.722331042837396
-23.75,124.75,27.51063896375242
-23.75,125.0,27.380571844851378
-23.75,125.25,27.271974696787215
-23.75,125.5,27.21677498683032
-23.75,125.75,27.181725776462894
-23.75,126.0,27.116033318384137
-23.75,126.25,27.04411436691363
-23.75,126.5,27.12581565536304
-23.75,126.75,27.289639573873437
-23.75,127.0,27.44258913864748
-23.75,127.25,27.47063908887372
-23.75,127.5,27.45298973112846
-23.75,127.75,27.546778474552188
-23.75,128.0,27.711955098558025
-23.75,128.25,27.901588046702955
-23.75,128.5,28.003263444945507
-23.75,128.75,28.004296695056546
-23.75,129.0,27.916790461730603
-23.75,129.25,27.856873857033314
-23.75,129.5,27.78891751456403
-23.75,129.75,27.749118316494826
-23.75,130.0,27.690744378478115
-23.75,130.25,27.647274790520044
-23.75,130.5,27.65307220681219
-23.75,130.75,27.73970625328909
-23.75,131.0,27.871741850237076
-23.75,131.25,28.128727935670092
-23.75,131.5,28.4630345700697
-23.75,131.75,28.726682626706737
-23.75,132.0,28.76020364250357
-23.75,132.25,28.746930102203027
-23.75,132.5,28.78180090904917
-23.75,132.75,28.705404857238452
-23.75,133.0,28.473935837518976
-23.75,133.25,28.15372002197199
-23.75,133.5,27.895119614917203
-23.75,133.75,27.27184680986317
-23.75,134.0,26.67233771685159
-23.75,134.25,26.470366986937474
-23.75,134.5,26.472837515565804
-23.75,134.75,26.35961921188683
-23.75,135.0,26.364294308179158
-23.75,135.25,27.136660708536954
-23.75,135.5,27.733903415115964
-23.75,135.75,28.069315418550296
-23.75,136.0,28.185262465172475
-23.75,136.25,28.220048331688773
-23.75,136.5,28.394770436073788
-23.75,136.75,28.510673105870552
-23.75,137.0,28.57163778912703
-23.75,137.25,28.59953338892044
-23.75,137.5,28.593132971214345
-23.75,137.75,28.564163837410614
-23.75,138.0,28.482060654197266
-23.75,138.25,28.41005576647004
-23.75,138.5,28.351666310477732
-23.75,138.75,28.13210757360742
-23.75,139.0,27.88609710723517
-23.75,139.25,27.960599826622026
-23.75,139.5,28.179073858197395
-23.75,139.75,28.129861578006107
-23.75,140.0,28.004413888780064
-23.75,140.25,27.993525659647766
-23.75,140.5,28.042282753832065
-23.75,140.75,28.105210212838767
-23.75,141.0,28.055508836903904
-23.75,141.25,28.090866176947472
-23.75,141.5,28.15014583309267
-23.75,141.75,28.125866405019035
-23.75,142.0,27.961759559384888
-23.75,142.25,27.677642367155812
-23.75,142.5,27.40365078468342
-23.75,142.75,27.24539312185414
-23.75,143.0,26.994224979251825
-23.75,143.25,26.708283939250194
-23.75,143.5,26.547047719987894
-23.75,143.75,26.57819031744834
-23.75,144.0,26.845720517429665
-23.75,144.25,27.038000972206838
-23.75,144.5,26.977867612790906
-23.75,144.75,26.78079553418802
-23.75,145.0,26.616782067651346
-23.75,145.25,26.559068912118402
-23.75,145.5,26.564998304303963
-23.75,145.75,26.812698309435973
-23.75,146.0,26.934109732139415
-23.75,146.25,27.125395800743874
-23.75,146.5,27.29516542687038
-23.75,146.75,27.37330802141006
-23.75,147.0,27.57109758075497
-23.75,147.25,27.72389824834667
-23.75,147.5,27.245848724612102
-23.75,147.75,26.778567975934678
-23.75,148.0,26.573719946857675
-23.75,148.25,26.507163090335705
-23.75,148.5,25.787482960682603
-23.75,148.75,26.634776423263407
-23.75,149.0,27.753841494502378
-23.75,149.25,27.595859819753567
-23.75,149.5,26.97754357589187
-23.75,149.75,26.542395628112327
-23.75,150.0,26.949944783575525
-23.75,150.25,28.118358660945912
-23.75,150.5,28.87029517431228
-23.75,150.75,28.940734384683978
-23.75,151.0,28.881861910030914
-23.75,151.25,28.813619285764496
-23.75,151.5,28.799171612060018
-23.75,151.75,28.662984060094775
-24.0,113.25,27.41216289727725
-24.0,113.5,27.422729894349615
-24.0,113.75,27.155653186456973
-24.0,114.0,26.999029193803864
-24.0,114.25,26.934032986159384
-24.0,114.5,26.78627985645684
-24.0,114.75,26.557098132337405
-24.0,115.0,26.49854225139603
-24.0,115.25,26.61108874425274
-24.0,115.5,26.69337672587229
-24.0,115.75,26.50164957724415
-24.0,116.0,26.3543494778366
-24.0,116.25,26.302361538520785
-24.0,116.5,26.426317066494995
-24.0,116.75,26.60017637761884
-24.0,117.0,26.72784657871545
-24.0,117.25,26.822585092147605
-24.0,117.5,26.940260747946517
-24.0,117.75,27.194422474073097
-24.0,118.0,27.368429717633408
-24.0,118.25,27.397948890583923
-24.0,118.5,27.386765306374798
-24.0,118.75,27.40650074192487
-24.0,119.0,27.508552283843706
-24.0,119.25,27.5651936983438
-24.0,119.5,27.705043308676906
-24.0,119.75,27.865957396811744
-24.0,120.0,27.90180505245483
-24.0,120.25,27.86613113088396
-24.0,120.5,28.005591765353284
-24.0,120.75,28.115505008655248
-24.0,121.0,28.178571726618454
-24.0,121.25,28.237832502711147
-24.0,121.5,28.160888423307135
-24.0,121.75,28.157765508211643
-24.0,122.0,28.155654151184173
-24.0,122.25,28.06266083229393
-24.0,122.5,28.055635180012757
-24.0,122.75,28.074547893638957
-24.0,123.0,28.030249094231
-24.0,123.25,27.8903076360509
-24.0,123.5,27.829763390921556
-24.0,123.75,27.856502233652094
-24.0,124.0,27.831931349739655
-24.0,124.25,27.840146792900185
-24.0,124.5,27.735819316562782
-24.0,124.75,27.564092267705263
-24.0,125.0,27.340977091608526
-24.0,125.25,27.189525974008948
-24.0,125.5,27.09570883702323
-24.0,125.75,27.05096822414135
-24.0,126.0,27.087386503921834
-24.0,126.25,27.01513511570884
-24.0,126.5,27.03406314918935
-24.0,126.75,27.119088650040084
-24.0,127.0,27.135322546400122
-24.0,127.25,27.163697880325277
-24.0,127.5,27.254444253349252
-24.0,127.75,27.435657800448467
-24.0,128.0,27.551439385803267
-24.0,128.25,27.643859144933728
-24.0,128.5,27.78861669172409
-24.0,128.75,27.90619955420207
-24.0,129.0,27.948716214051256
-24.0,129.25,28.014788728846877
-24.0,129.5,28.037934306297068
-24.0,129.75,27.9674488509517
-24.0,130.0,27.789609229359957
-24.0,130.25,27.724981204782544
-24.0,130.5,27.588553705906826
-24.0,130.75,27.63866156359634
-24.0,131.0,27.761687959131827
-24.0,131.25,27.916172923163757
-24.0,131.5,28.08958410026972
-24.0,131.75,28.2786348268965
-24.0,132.0,28.347965481235445
-24.0,132.25,28.293062869893987
-24.0,132.5,28.401468983638214
-24.0,132.75,28.24655865956298
-24.0,133.0,27.80131507540858
-24.0,133.25,27.185943387508242
-24.0,133.5,26.915674684682298
-24.0,133.75,27.141969975389678
-24.0,134.0,27.10787499552531
-24.0,134.25,27.329181692611172
-24.0,134.5,27.447440656496166
-24.0,134.75,27.378315704799608
-24.0,135.0,27.118979932891882
-24.0,135.25,27.322830495605352
-24.0,135.5,27.65302981057386
-24.0,135.75,28.010844152832487
-24.0,136.0,28.252932893076483
-24.0,136.25,28.33062564056171
-24.0,136.5,28.52744277508679
-24.0,136.75,28.692089262874124
-24.0,137.0,28.742127730761737
-24.0,137.25,28.741870327811387
-24.0,137.5,28.719345517633847
-24.0,137.75,28.642976377223206
-24.0,138.0,28.541711609111832
-24.0,138.25,28.52394698615293
-24.0,138.5,28.383366545143748
-24.0,138.75,28.16228966813379
-24.0,139.0,27.967155056610647
-24.0,139.25,27.968152302188226
-24.0,139.5,28.07640539281837
-24.0,139.75,28.138639539636625
-24.0,140.0,28.068020241737244
-24.0,140.25,28.037813748045487
-24.0,140.5,28.036467916066236
-24.0,140.75,28.07647316973345
-24.0,141.0,28.069505877452382
-24.0,141.25,28.120718961260565
-24.0,141.5,28.223363645198816
-24.0,141.75,28.204167053413187
-24.0,142.0,27.998143250729395
-24.0,142.25,27.660019347393497
-24.0,142.5,27.33768883885745
-24.0,142.75,27.14495456860756
-24.0,143.0,26.975911231364822
-24.0,143.25,26.81660508875292
-24.0,143.5,26.73397587278708
-24.0,143.75,26.715658600424195
-24.0,144.0,26.648579498847916
-24.0,144.25,26.55756076704833
-24.0,144.5,26.576463905893604
-24.0,144.75,26.63252634479924
-24.0,145.0,26.69409579281289
-24.0,145.25,26.658782325883813
-24.0,145.5,26.509646317399167
-24.0,145.75,26.748139367761446
-24.0,146.0,27.028306810436032
-24.0,146.25,27.225950405403847
-24.0,146.5,27.390314963592143
-24.0,146.75,27.583987198935798
-24.0,147.0,27.717568758945458
-24.0,147.25,27.56641709732047
-24.0,147.5,27.21979971142754
-24.0,147.75,26.884608535343553
-24.0,148.0,26.688470991912443
-24.0,148.25,26.85687043608393
-24.0,148.5,26.503426752670507
-24.0,148.75,26.868153015962715
-24.0,149.0,27.635246993866176
-24.0,149.25,27.15561937664731
-24.0,149.5,26.12835319583355
-24.0,149.75,26.216169367193285
-24.0,150.0,26.64368294497637
-24.0,150.25,27.486044301149114
-24.0,150.5,28.603126213895234
-24.0,150.75,28.980871273491076
-24.0,151.0,28.92332524553401
-24.0,151.25,28.81634463502808
-24.0,151.5,28.846949273545164
-24.0,151.75,28.77240261277195
-24.0,152.0,28.415203323584613
-24.25,113.25,27.56096635752205
-24.25,113.5,27.564352001245126
-24.25,113.75,27.31497522273993
-24.25,114.0,27.10890933468214
-24.25,114.25,26.999995994305188
-24.25,114.5,26.847124479760023
-24.25,114.75,26.582777526792444
-24.25,115.0,26.57137467359755
-24.25,115.25,26.899199932228484
-24.25,115.5,26.94497179101367
-24.25,115.75,26.644673122642622
-24.25,116.0,26.509476200549923
-24.25,116.25,26.414389608882388
-24.25,116.5,26.465224359595787
-24.25,116.75,26.668788195677177
-24.25,117.0,26.850085430589154
-24.25,117.25,26.964567191695348
-24.25,117.5,26.985393066902837
-24.25,117.75,27.13558083299265
-24.25,118.0,27.465300018950725
-24.25,118.25,27.593093099610964
-24.25,118.5,27.612787690622262
-24.25,118.75,27.682692133812832
-24.25,119.0,27.779151210416945
-24.25,119.25,27.86862053383314
-24.25,119.5,27.955456273388215
-24.25,119.75,28.148477003267665
-24.25,120.0,28.206799853361993
-24.25,120.25,28.031289328741458
-24.25,120.5,28.088117198828908
-24.25,120.75,28.190202823762387
-24.25,121.0,28.26414638252655
-24.25,121.25,28.130410342461815
-24.25,121.5,28.045255988981577
-24.25,121.75,28.180273588082557
-24.25,122.0,28.180487365327203
-24.25,122.25,28.201470872908157
-24.25,122.5,28.18419984195204
-24.25,122.75,28.262149176078196
-24.25,123.0,28.09054153446815
-24.25,123.25,27.880981484968682
-24.25,123.5,27.81413819536426
-24.25,123.75,27.776243413152333
-24.25,124.0,27.813079502977406
-24.25,124.25,27.766755424125357
-24.25,124.5,27.734759137665012
-24.25,124.75,27.628943157419197
-24.25,125.0,27.443720749847635
-24.25,125.25,27.26774213482424
-24.25,125.5,27.088168485426294
-24.25,125.75,27.024225646137452
-24.25,126.0,27.07423758869429
-24.25,126.25,27.058534974243248
-24.25,126.5,27.07732589851491
-24.25,126.75,27.051176114587996
-24.25,127.0,27.113620412463757
-24.25,127.25,26.919845903814117
-24.25,127.5,27.030737728640318
-24.25,127.75,27.234829092835813
-24.25,128.0,27.3353023308529
-24.25,128.25,27.53800027359335
-24.25,128.5,27.71907491665568
-24.25,128.75,27.95776372497702
-24.25,129.0,28.100345524408564
-24.25,129.25,28.209198707575673
-24.25,129.5,28.344845075190506
-24.25,129.75,28.4147545696987
-24.25,130.0,28.38301427258027
-24.25,130.25,28.225123833542078
-24.25,130.5,28.042324568172866
-24.25,130.75,27.913120963012354
-24.25,131.0,27.719998349155368
-24.25,131.25,27.62761725440364
-24.25,131.5,27.574098415990818
-24.25,131.75,27.718379408052225
-24.25,132.0,27.8486872806847
-24.25,132.25,27.849325871312853
-24.25,132.5,27.849455135078795
-24.25,132.75,27.755321534847155
-24.25,133.0,27.273203123611314
-24.25,133.25,26.98506641112895
-24.25,133.5,26.85884545558959
-24.25,133.75,27.087156659144235
-24.25,134.0,27.401098970832674
-24.25,134.25,27.690194012667853
-24.25,134.5,27.916269197669216
-24.25,134.75,27.85950987481957
-24.25,135.0,27.57826777533692
-24.25,135.25,27.559852501178927
-24.25,135.5,27.790578161913736
-24.25,135.75,28.11368253784045
-24.25,136.0,28.356736166677507
-24.25,136.25,28.44990451103218
-24.25,136.5,28.584306791166238
-24.25,136.75,28.724356165309334
-24.25,137.0,28.76926492612235
-24.25,137.25,28.822287477601257
-24.25,137.5,28.808902615554498
-24.25,137.75,28.753229521352722
-24.25,138.0,28.628965860207447
-24.25,138.25,28.553284198530402
-24.25,138.5,28.44110415000241
-24.25,138.75,28.307570374937512
-24.25,139.0,28.189887680084645
-24.25,139.25,28.116774682478503
-24.25,139.5,28.16602974133476
-24.25,139.75,28.258162739907352
-24.25,140.0,28.243972563984524
-24.25,140.25,28.18615146984793
-24.25,140.5,28.1029276061253
-24.25,140.75,28.0439668349641
-24.25,141.0,28.092967119757617
-24.25,141.25,28.23327279248945
-24.25,141.5,28.22312370314158
-24.25,141.75,28.03481794621579
-24.25,142.0,27.801966095958175
-24.25,142.25,27.691434153413493
-24.25,142.5,27.4929154092118
-24.25,142.75,27.236530332087664
-24.25,143.0,27.080566784978462
-24.25,143.25,27.012110551331876
-24.25,143.5,26.980598219767252
-24.25,143.75,26.839057746535133
-24.25,144.0,26.39483563661168
-24.25,144.25,26.310297194153375
-24.25,144.5,26.47930217758498
-24.25,144.75,26.83055457915209
-24.25,145.0,26.97322799905007
-24.25,145.25,26.80677312489972
-24.25,145.5,26.52545033591145
-24.25,145.75,26.623120149220775
-24.25,146.0,26.951508304415167
-24.25,146.25,27.21809524175048
-24.25,146.5,27.379920487899696
-24.25,146.75,27.597279281005132
-24.25,147.0,27.59810986026034
-24.25,147.25,27.450355953207186
-24.25,147.5,27.349662633234406
-24.25,147.75,27.36354488197202
-24.25,148.0,27.428116104952384
-24.25,148.25,27.491302377144034
-24.25,148.5,27.42452649919833
-24.25,148.75,27.461656717027335
-24.25,149.0,27.803994230159425
-24.25,149.25,27.206137675527756
-24.25,149.5,26.049819634311323
-24.25,149.75,26.03618103187039
-24.25,150.0,26.598498788431442
-24.25,150.25,27.42574905681628
-24.25,150.5,28.497870681685125
-24.25,150.75,29.079207035446537
-24.25,151.0,29.000743299196394
-24.25,151.25,28.843833554239055
-24.25,151.5,28.605222325096047
-24.25,151.75,28.510448550046604
-24.25,152.0,28.32204451175252
-24.25,152.25,27.991915853469315
-24.5,113.25,27.677539846468164
-24.5,113.5,27.66594969934864
-24.5,113.75,27.417504201264705
-24.5,114.0,27.279516159327468
-24.5,114.25,27.21070394940731
-24.5,114.5,27.005097778765066
-24.5,114.75,26.831882163680877
-24.5,115.0,26.835272538090848
-24.5,115.25,27.224063278064115
-24.5,115.5,27.173503672913178
-24.5,115.75,26.819327814309144
-24.5,116.0,26.687243571918163
-24.5,116.25,26.53815821305432
-24.5,116.5,26.585835348018037
-24.5,116.75,26.69256628299817
-24.5,117.0,26.91490979540305
-24.5,117.25,27.055761175261395
-24.5,117.5,27.122099727056472
-24.5,117.75,27.36355871109466
-24.5,118.0,27.63892288670181
-24.5,118.25,27.79290034054602
-24.5,118.5,27.664288246224935
-24.5,118.75,27.6934751653549
-24.5,119.0,27.75849826280955
-24.5,119.25,27.928490122406153
-24.5,119.5,28.08926151649422
-24.5,119.75,28.216473883714183
-24.5,120.0,28.411074160852067
-24.5,120.25,28.436601809798596
-24.5,120.5,28.31165770717957
-24.5,120.75,28.39061242660726
-24.5,121.0,28.359019697331025
-24.5,121.25,28.294246655025816
-24.5,121.5,28.117558101993627
-24.5,121.75,28.19777612734209
-24.5,122.0,28.354141224149355
-24.5,122.25,28.369893801699284
-24.5,122.5,28.495176399544015
-24.5,122.75,28.461104241452855
-24.5,123.0,28.334456597420477
-24.5,123.25,28.151516441619897
-24.5,123.5,28.018395936142998
-24.5,123.75,27.999934523770722
-24.5,124.0,27.939489737681257
-24.5,124.25,27.923042524674624
-24.5,124.5,27.851101458799263
-24.5,124.75,27.71735699472224
-24.5,125.0,27.6027352484774
-24.5,125.25,27.44629169065959
-24.5,125.5,27.375611864688064
-24.5,125.75,27.309603093046178
-24.5,126.0,27.3421739342325
-24.5,126.25,27.253993768182895
-24.5,126.5,27.159279352585163
-24.5,126.75,27.225546407853255
-24.5,127.0,27.224619917348797
-24.5,127.25,27.16595666602875
-24.5,127.5,27.021370515081223
-24.5,127.75,27.06863077800731
-24.5,128.0,27.28563852795748
-24.5,128.25,27.366307136789715
-24.5,128.5,27.704405702316564
-24.5,128.75,27.85927395225178
-24.5,129.0,28.02604840426231
-24.5,129.25,28.24527813601317
-24.5,129.5,28.417118535609927
-24.5,129.75,28.58021802192239
-24.5,130.0,28.615022831332215
-24.5,130.25,28.65159729749898
-24.5,130.5,28.53813716402713
-24.5,130.75,28.340259283527526
-24.5,131.0,28.11075374873362
-24.5,131.25,27.703616490479142
-24.5,131.5,27.502027357208515
-24.5,131.75,27.32314715999682
-24.5,132.0,27.43768744919577
-24.5,132.25,27.574607525879344
-24.5,132.5,27.8439770592951
-24.5,132.75,27.81831199452583
-24.5,133.0,27.79542003302271
-24.5,133.25,27.456579102105742
-24.5,133.5,27.224466209202756
-24.5,133.75,27.346830049981886
-24.5,134.0,27.510988058094384
-24.5,134.25,27.81069137510826
-24.5,134.5,28.108976841960914
-24.5,134.75,28.269317370618424
-24.5,135.0,28.125049168366395
-24.5,135.25,28.00106105833274
-24.5,135.5,27.96588949899961
-24.5,135.75,28.19140746416955
-24.5,136.0,28.382131057453194
-24.5,136.25,28.467530617718275
-24.5,136.5,28.614084204755134
-24.5,136.75,28.710915035005254
-24.5,137.0,28.746390713841947
-24.5,137.25,28.78757779768271
-24.5,137.5,28.859585820802216
-24.5,137.75,28.815504880251808
-24.5,138.0,28.71776154122714
-24.5,138.25,28.659293999110158
-24.5,138.5,28.51345629692217
-24.5,138.75,28.381995614662987
-24.5,139.0,28.386615350650747
-24.5,139.25,28.36220259248727
-24.5,139.5,28.35640712390337
-24.5,139.75,28.38194024605087
-24.5,140.0,28.390079917124606
-24.5,140.25,28.313073891774923
-24.5,140.5,28.156290542133462
-24.5,140.75,28.07673398244348
-24.5,141.0,28.10400906034901
-24.5,141.25,28.24263667195493
-24.5,141.5,28.189348689054896
-24.5,141.75,28.022173775438493
-24.5,142.0,27.98015671848107
-24.5,142.25,27.919753540284024
-24.5,142.5,27.694708283970677
-24.5,142.75,27.355535473357413
-24.5,143.0,27.16732576909573
-24.5,143.25,27.18646984176013
-24.5,143.5,27.13583191747246
-24.5,143.75,26.714339331919437
-24.5,144.0,26.301410757038628
-24.5,144.25,26.343464976290168
-24.5,144.5,26.867632485300426
-24.5,144.75,27.252335090529847
-24.5,145.0,27.260299905113623
-24.5,145.25,27.01955471338514
-24.5,145.5,26.72663484438176
-24.5,145.75,26.633911450804597
-24.5,146.0,26.770870559490273
-24.5,146.25,27.009253596158118
-24.5,146.5,27.20270231975085
-24.5,146.75,27.331377281942228
-24.5,147.0,27.29967578355098
-24.5,147.25,27.079104963022854
-24.5,147.5,27.56830116470323
-24.5,147.75,27.840556495288865
-24.5,148.0,28.004017433470597
-24.5,148.25,28.055333807295305
-24.5,148.5,27.874731607429638
-24.5,148.75,27.834264098099105
-24.5,149.0,28.005390244404705
-24.5,149.25,27.725662950907058
-24.5,149.5,26.85840623375613
-24.5,149.75,26.525059719268125
-24.5,150.0,26.85236892490649
-24.5,150.25,27.77657664892807
-24.5,150.5,28.400624382874224
-24.5,150.75,28.8349620295131
-24.5,151.0,28.667370814030146
-24.5,151.25,28.266563382520452
-24.5,151.5,28.245390017558936
-24.5,151.75,28.26371246771394
-24.5,152.0,28.073137303249965
-24.5,152.25,27.906498170543156
-24.75,113.25,27.87450909497279
-24.75,113.5,27.755515072023535
-24.75,113.75,27.592073390529713
-24.75,114.0,27.451210306299167
-24.75,114.25,27.40384402716615
-24.75,114.5,27.201165821753175
-24.75,114.75,26.932624530873234
-24.75,115.0,26.981496078120315
-24.75,115.25,27.18510777444387
-24.75,115.5,27.163451248243188
-24.75,115.75,26.897160457133303
-24.75,116.0,26.724213576341885
-24.75,116.25,26.71811630189083
-24.75,116.5,26.749341504082707
-24.75,116.75,26.921080397320857
-24.75,117.0,27.08768316254272
-24.75,117.25,27.18537947419468
-24.75,117.5,27.32952964867323
-24.75,117.75,27.47534342057511
-24.75,118.0,27.75535283634929
-24.75,118.25,27.82430331497286
-24.75,118.5,27.775257644778968
-24.75,118.75,27.781845695414013
-24.75,119.0,27.857727774273062
-24.75,119.25,28.07593567995367
-24.75,119.5,28.148039158205364
-24.75,119.75,28.334958626555075
-24.75,120.0,28.583863880186613
-24.75,120.25,28.70731939142034
-24.75,120.5,28.695787486276018
-24.75,120.75,28.650226493461357
-24.75,121.0,28.70838474944799
-24.75,121.25,28.516237978219035
-24.75,121.5,28.32950604270614
-24.75,121.75,28.43345676737574
-24.75,122.0,28.512557354199423
-24.75,122.25,28.711376103015184
-24.75,122.5,28.817372265624645
-24.75,122.75,28.802114074637164
-24.75,123.0,28.633063007147094
-24.75,123.25,28.428080219287406
-24.75,123.5,28.40048203764314
-24.75,123.75,28.315932139545442
-24.75,124.0,28.31944883639581
-24.75,124.25,28.17337802319264
-24.75,124.5,28.07184760101658
-24.75,124.75,27.963822416474542
-24.75,125.0,27.886392677570555
-24.75,125.25,27.847303257126892
-24.75,125.5,27.759363290286558
-24.75,125.75,27.79172783337927
-24.75,126.0,27.76645204155669
-24.75,126.25,27.527352509521528
-24.75,126.5,27.43621610825113
-24.75,126.75,27.54475332727658
-24.75,127.0,27.71015224024634
-24.75,127.25,27.54116858197144
-24.75,127.5,27.34298176237337
-24.75,127.75,27.28973315974764
-24.75,128.0,27.26766273096059
-24.75,128.25,27.486882993341524
-24.75,128.5,27.466594921072872
-24.75,128.75,27.712204159263997
-24.75,129.0,27.931974103804308
-24.75,129.25,28.243142567412747
-24.75,129.5,28.500111223668476
-24.75,129.75,28.572609087752554
-24.75,130.0,28.73896921089112
-24.75,130.25,28.785983898198754
-24.75,130.5,28.74240375498115
-24.75,130.75,28.6123707129962
-24.75,131.0,28.36018153954344
-24.75,131.25,28.03206224026633
-24.75,131.5,27.6459422175435
-24.75,131.75,27.404641127064398
-24.75,132.0,27.303619394915845
-24.75,132.25,27.473487780597104
-24.75,132.5,27.76145024305348
-24.75,132.75,28.238096793519155
-24.75,133.0,28.29488913459175
-24.75,133.25,28.299337762514448
-24.75,133.5,28.1223068858975
-24.75,133.75,28.07827174043048
-24.75,134.0,28.030258975870318
-24.75,134.25,28.246247491567345
-24.75,134.5,28.500389867993917
-24.75,134.75,28.641463616763218
-24.75,135.0,28.591961416368836
-24.75,135.25,28.372119320124536
-24.75,135.5,28.23622205911791
-24.75,135.75,28.368444996430387
-24.75,136.0,28.47225159357058
-24.75,136.25,28.588618480055185
-24.75,136.5,28.71906239619431
-24.75,136.75,28.75015900746199
-24.75,137.0,28.756297264630327
-24.75,137.25,28.80552594912427
-24.75,137.5,28.830773776235695
-24.75,137.75,28.871717636527872
-24.75,138.0,28.81399306001787
-24.75,138.25,28.710185909507146
-24.75,138.5,28.5685247368601
-24.75,138.75,28.539352935559464
-24.75,139.0,28.48842426800187
-24.75,139.25,28.547951864564194
-24.75,139.5,28.516289988785203
-24.75,139.75,28.455277669171146
-24.75,140.0,28.38333031827662
-24.75,140.25,28.37758966556565
-24.75,140.5,28.279397004184343
-24.75,140.75,28.158450420686307
-24.75,141.0,28.140390574456966
-24.75,141.25,28.18370675150215
-24.75,141.5,28.13787166360757
-24.75,141.75,28.208924859604092
-24.75,142.0,28.198413971263424
-24.75,142.25,27.9804413446468
-24.75,142.5,27.659067968105255
-24.75,142.75,27.382020472982195
-24.75,143.0,27.20482463006973
-24.75,143.25,27.150272262465826
-24.75,143.5,26.962714655615738
-24.75,143.75,26.584385991055807
-24.75,144.0,26.349047945838745
-24.75,144.25,26.47936594689975
-24.75,144.5,26.91338257315848
-24.75,144.75,27.159380776913697
-24.75,145.0,27.174397424723217
-24.75,145.25,27.094596807015634
-24.75,145.5,26.87239079256003
-24.75,145.75,26.775072584858428
-24.75,146.0,26.550465634607704
-24.75,146.25,26.631889882900758
-24.75,146.5,26.816689384657572
-24.75,146.75,26.95137137047681
-24.75,147.0,26.91084867680501
-24.75,147.25,27.083362083997606
-24.75,147.5,27.810553886769807
-24.75,147.75,28.371943957363573
-24.75,148.0,28.395831022261
-24.75,148.25,28.14859756034269
-24.75,148.5,28.131348346320106
-24.75,148.75,28.155066687225386
-24.75,149.0,28.252897312183386
-24.75,149.25,27.917490014919082
-24.75,149.5,27.7342010520076
-24.75,149.75,27.5115497707756
-24.75,150.0,27.321731966970916
-24.75,150.25,28.14330323595137
-24.75,150.5,28.60852244228315
-24.75,150.75,28.4222896466985
-24.75,151.0,28.155343948146292
-24.75,151.25,27.86001202505598
-24.75,151.5,28.097799186905487
-24.75,151.75,28.208327056399156
-24.75,152.0,28.264863892741033
-24.75,152.25,27.991229655428242
-24.75,152.5,27.6788553694479
-25.0,113.5,27.91007587718181
-25.0,113.75,27.826339058039803
-25.0,114.0,27.656006680947694
-25.0,114.25,27.59433561287407
-25.0,114.5,27.377481083240177
-25.0,114.75,27.12857516731802
-25.0,115.0,26.805462948255585
-25.0,115.25,26.984520315310117
-25.0,115.5,27.064635119100288
-25.0,115.75,26.862859786824057
-25.0,116.0,26.792610457607296
-25.0,116.25,26.768254295431415
-25.0,116.5,26.984449011748847
-25.0,116.75,27.178374797517314
-25.0,117.0,27.351849452539582
-25.0,117.25,27.42074651808052
-25.0,117.5,27.499833881896897
-25.0,117.75,27.716286370921118
-25.0,118.0,27.845283645412014
-25.0,118.25,27.884043099099475
-25.0,118.5,27.99414409265048
-25.0,118.75,28.088224968079516
-25.0,119.0,28.14638740698378
-25.0,119.25,28.16009673246354
-25.0,119.5,28.3187073088882
-25.0,119.75,28.42701251724629
-25.0,120.0,28.79314268686901
-25.0,120.25,28.929689309429428
-25.0,120.5,28.934284254540255
-25.0,120.75,28.945166393377264
-25.0,121.0,28.944312309396324
-25.0,121.25,28.917544728315757
-25.0,121.5,28.622485071862638
-25.0,121.75,28.62065977827598
-25.0,122.0,28.795275993166282
-25.0,122.25,28.892898972487348
-25.0,122.5,29.213217904484857
-25.0,122.75,29.193095958497448
-25.0,123.0,29.029103754398392
-25.0,123.25,28.815380216254002
-25.0,123.5,28.699883386429267
-25.0,123.75,28.63677516231513
-25.0,124.0,28.508930627578565
-25.0,124.25,28.463777838733392
-25.0,124.5,28.354234100207865
-25.0,124.75,28.198780166053528
-25.0,125.0,28.239601313377577
-25.0,125.25,28.323325877657368
-25.0,125.5,28.403893720884753
-25.0,125.75,28.302943272572538
-25.0,126.0,28.215879758403908
-25.0,126.25,27.963059812576358
-25.0,126.5,27.884006066714193
-25.0,126.75,28.0572979691479
-25.0,127.0,28.05048189848506
-25.0,127.25,27.944499707714805
-25.0,127.5,27.831151275573585
-25.0,127.75,27.687843264222177
-25.0,128.0,27.685863985467744
-25.0,128.25,27.50245563789216
-25.0,128.5,27.673727994554845
-25.0,128.75,27.739790856399154
-25.0,129.0,28.020678567245255
-25.0,129.25,28.3283274044133
-25.0,129.5,28.478881876571087
-25.0,129.75,28.672489021590827
-25.0,130.0,28.908509328758743
-25.0,130.25,29.017592273123018
-25.0,130.5,28.852501032341827
-25.0,130.75,28.74690914945691
-25.0,131.0,28.5835774953587
-25.0,131.25,28.322857267194337
-25.0,131.5,27.985744753499542
-25.0,131.75,27.674452385944978
-25.0,132.0,27.491273765589217
-25.0,132.25,27.56415761654164
-25.0,132.5,27.74823000608563
-25.0,132.75,28.21905472791841
-25.0,133.0,28.588524721092814
-25.0,133.25,28.67548313464133
-25.0,133.5,28.63853441639802
-25.0,133.75,28.606446518695495
-25.0,134.0,28.554411384856568
-25.0,134.25,28.537346344669473
-25.0,134.5,28.67858601007694
-25.0,134.75,28.817856621736727
-25.0,135.0,28.786652197823987
-25.0,135.25,28.594442084561273
-25.0,135.5,28.54720424963494
-25.0,135.75,28.55591280320149
-25.0,136.0,28.703732146538307
-25.0,136.25,28.78827381964037
-25.0,136.5,28.902213544787056
-25.0,136.75,28.848669182451946
-25.0,137.0,28.807813400697317
-25.0,137.25,28.793280368000396
-25.0,137.5,28.83590775717921
-25.0,137.75,28.84575325359915
-25.0,138.0,28.855378326352476
-25.0,138.25,28.783195099845532
-25.0,138.5,28.574434315435028
-25.0,138.75,28.52245707097226
-25.0,139.0,28.66775254107327
-25.0,139.25,28.706107090620264
-25.0,139.5,28.644883129072834
-25.0,139.75,28.472037605318054
-25.0,140.0,28.306092833174812
-25.0,140.25,28.377478952547172
-25.0,140.5,28.335496613773994
-25.0,140.75,28.30669167677296
-25.0,141.0,28.228338208047035
-25.0,141.25,28.157857046737494
-25.0,141.5,28.1855498189148
-25.0,141.75,28.22197666167327
-25.0,142.0,28.12229494595081
-25.0,142.25,27.87247125998159
-25.0,142.5,27.544779551406588
-25.0,142.75,27.49168451080514
-25.0,143.0,27.27273697764463
-25.0,143.25,27.094190649754797
-25.0,143.5,26.930311069248617
-25.0,143.75,26.806457832385217
-25.0,144.0,26.65600783157077
-25.0,144.25,26.575647673530373
-25.0,144.5,26.435626611175447
-25.0,144.75,26.54241391300571
-25.0,145.0,26.83036565873079
-25.0,145.25,26.877593244306425
-25.0,145.5,26.804969935567172
-25.0,145.75,26.679480112983057
-25.0,146.0,26.485737543953476
-25.0,146.25,26.35640760967647
-25.0,146.5,26.45460060095125
-25.0,146.75,26.54562874125981
-25.0,147.0,26.3620782671631
-25.0,147.25,26.322589697787205
-25.0,147.5,26.91940653544589
-25.0,147.75,27.626922992072004
-25.0,148.0,27.871689087491575
-25.0,148.25,27.600361752289047
-25.0,148.5,27.673024202733576
-25.0,148.75,28.13413693562804
-25.0,149.0,28.33515996855417
-25.0,149.25,28.104172240232472
-25.0,149.5,27.926313810409482
-25.0,149.75,27.679905037959603
-25.0,150.0,27.457768111984482
-25.0,150.25,28.219386495249548
-25.0,150.5,28.603035734041466
-25.0,150.75,28.43760169315637
-25.0,151.0,27.999614091512203
-25.0,151.25,27.735734445296348
-25.0,151.5,28.039266256617264
-25.0,151.75,28.240235615265476
-25.0,152.0,28.280497655593496
-25.0,152.25,28.18525274687284
-25.0,152.5,27.804699285865443
-25.0,152.75,27.300281796498645
-25.25,113.5,28.062959597549984
-25.25,113.75,28.078266016670703
-25.25,114.0,27.903225986683324
-25.25,114.25,27.71873409819185
-25.25,114.5,27.56221050971497
-25.25,114.75,27.161113209347846
-25.25,115.0,26.924681687721385
-25.25,115.25,26.894236201232587
-25.25,115.5,27.058692411748197
-25.25,115.75,26.928023130939362
-25.25,116.0,26.809563402056337
-25.25,116.25,26.99158811115528
-25.25,116.5,27.156394133705327
-25.25,116.75,27.422984953197872
-25.25,117.0,27.48671055816864
-25.25,117.25,27.597672494122122
-25.25,117.5,27.732643434892204
-25.25,117.75,27.76013126395165
-25.25,118.0,27.885858310102595
-25.25,118.25,27.928875939098425
-25.25,118.5,28.078192042031464
-25.25,118.75,28.233764574291648
-25.25,119.0,28.363809935268065
-25.25,119.25,28.433388162687677
-25.25,119.5,28.55973090539854
-25.25,119.75,28.81131373989322
-25.25,120.0,29.00400872956189
-25.25,120.25,29.044457218556914
-25.25,120.5,29.14300234287223
-25.25,120.75,29.221077918526515
-25.25,121.0,29.364125033615263
-25.25,121.25,29.311207171741103
-25.25,121.5,29.083496364416362
-25.25,121.75,29.003399332322388
-25.25,122.0,29.001029146871836
-25.25,122.25,29.189638561531464
-25.25,122.5,29.381320073394416
-25.25,122.75,29.55580266023113
-25.25,123.0,29.40956523563752
-25.25,123.25,29.141835915077266
-25.25,123.5,29.021404151605008
-25.25,123.75,28.879000931243706
-25.25,124.0,28.724135342088072
-25.25,124.25,28.68182458423337
-25.25,124.5,28.67632342713839
-25.25,124.75,28.587694365886527
-25.25,125.0,28.5955418790046
-25.25,125.25,28.82619111768012
-25.25,125.5,28.929515382396865
-25.25,125.75,28.866974236836064
-25.25,126.0,28.590932288464842
-25.25,126.25,28.381009430589735
-25.25,126.5,28.388848515627007
-25.25,126.75,28.361274410902034
-25.25,127.0,28.336541287141397
-25.25,127.25,28.30411078520264
-25.25,127.5,28.42426323699098
-25.25,127.75,28.305554751903433
-25.25,128.0,28.02323128895696
-25.25,128.25,27.861043745715968
-25.25,128.5,27.750819295125922
-25.25,128.75,27.918712548201174
-25.25,129.0,28.075752722917926
-25.25,129.25,28.215438281310842
-25.25,129.5,28.52377331047707
-25.25,129.75,28.79435499366709
-25.25,130.0,29.129889468156584
-25.25,130.25,29.19651419968548
-25.25,130.5,29.013873969047697
-25.25,130.75,28.94353698899355
-25.25,131.0,28.79589671097308
-25.25,131.25,28.544302654527854
-25.25,131.5,28.29145551540838
-25.25,131.75,28.11417615335737
-25.25,132.0,27.991082023228564
-25.25,132.25,27.888349457978514
-25.25,132.5,28.002014024682918
-25.25,132.75,28.209105589679638
-25.25,133.0,28.521997880308987
-25.25,133.25,28.681387215964076
-25.25,133.5,28.724026287104447
-25.25,133.75,28.79717315522714
-25.25,134.0,28.939152808000458
-25.25,134.25,28.962130278560675
-25.25,134.5,28.831779778317024
-25.25,134.75,28.986374829273682
-25.25,135.0,29.140706776590733
-25.25,135.25,28.961439924701214
-25.25,135.5,28.743520487874434
-25.25,135.75,28.79836345177184
-25.25,136.0,28.845432243154555
-25.25,136.25,29.043939908225298
-25.25,136.5,29.11177067978342
-25.25,136.75,28.996022686812683
-25.25,137.0,28.887036382479426
-25.25,137.25,28.838958151493145
-25.25,137.5,28.82846274730567
-25.25,137.75,28.858094937951133
-25.25,138.0,28.87212961928542
-25.25,138.25,28.83807318705944
-25.25,138.5,28.63298879934388
-25.25,138.75,28.57903426931505
-25.25,139.0,28.654657220827733
-25.25,139.25,28.759243245416247
-25.25,139.5,28.686351094097464
-25.25,139.75,28.455358328601495
-25.25,140.0,28.342114653554837
-25.25,140.25,28.295908355891942
-25.25,140.5,28.372439632191426
-25.25,140.75,28.349221686272706
-25.25,141.0,28.307815823014177
-25.25,141.25,28.254790094902315
-25.25,141.5,28.220988338255207
-25.25,141.75,28.138021412778865
-25.25,142.0,28.02794303930706
-25.25,142.25,27.843184424156764
-25.25,142.5,27.62324416660995
-25.25,142.75,27.60548746113263
-25.25,143.0,27.461251149398336
-25.25,143.25,27.218146524665105
-25.25,143.5,27.166280315883945
-25.25,143.75,27.10484270399598
-25.25,144.0,26.985492694108366
-25.25,144.25,26.65592557838982
-25.25,144.5,26.351160261013934
-25.25,144.75,26.25436180549092
-25.25,145.0,26.346161721990118
-25.25,145.25,26.55422858051067
-25.25,145.5,26.528073537021474
-25.25,145.75,26.4545088538484
-25.25,146.0,26.43771417322366
-25.25,146.25,26.391388819218808
-25.25,146.5,26.50807302215624
-25.25,146.75,26.606121633331124
-25.25,147.0,26.50017702830959
-25.25,147.25,26.247402741366823
-25.25,147.5,26.483587912131124
-25.25,147.75,27.051168122810598
-25.25,148.0,27.585416474444482
-25.25,148.25,27.428739588953572
-25.25,148.5,26.96971973385978
-25.25,148.75,27.262426363146698
-25.25,149.0,27.30854136734112
-25.25,149.25,26.942889390916747
-25.25,149.5,26.69042077029562
-25.25,149.75,26.58478854374267
-25.25,150.0,27.18741584908291
-25.25,150.25,28.043294660390256
-25.25,150.5,28.442693493732083
-25.25,150.75,28.438662357187514
-25.25,151.0,28.082006241940487
-25.25,151.25,27.91600393877974
-25.25,151.5,28.054433299105256
-25.25,151.75,28.22600464520631
-25.25,152.0,28.458269205614346
-25.25,152.25,28.3350099348243
-25.25,152.5,27.848971521451496
-25.25,152.75,27.33444591389387
-25.25,153.0,27.03849147645541
-25.5,113.75,28.20798653546836
-25.5,114.0,28.122283045034738
-25.5,114.25,27.908423167017432
-25.5,114.5,27.586519501184576
-25.5,114.75,27.24727972205123
-25.5,115.0,26.961615038481515
-25.5,115.25,27.010739339017775
-25.5,115.5,27.12645984080864
-25.5,115.75,27.032319312732696
-25.5,116.0,27.034931834609186
-25.5,116.25,27.194833838355557
-25.5,116.5,27.450442283132475
-25.5,116.75,27.52637820499159
-25.5,117.0,27.670754766595696
-25.5,117.25,27.866568761779114
-25.5,117.5,27.922446271981368
-25.5,117.75,28.007911274285014
-25.5,118.0,28.00728399125201
-25.5,118.25,27.964463209724112
-25.5,118.5,28.069375820520275
-25.5,118.75,28.242394492894523
-25.5,119.0,28.490550427178295
-25.5,119.25,28.693428393823467
-25.5,119.5,28.98920118033809
-25.5,119.75,29.24412248914103
-25.5,120.0,29.41690191574343
-25.5,120.25,29.41781129277765
-25.5,120.5,29.41290070228723
-25.5,120.75,29.503680804066136
-25.5,121.0,29.481946043524037
-25.5,121.25,29.526469412652155
-25.5,121.5,29.518463055151933
-25.5,121.75,29.470721858188828
-25.5,122.0,29.502976137594757
-25.5,122.25,29.438462686142234
-25.5,122.5,29.752803321839036
-25.5,122.75,29.928064779370576
-25.5,123.0,29.7234821852792
-25.5,123.25,29.388148979638167
-25.5,123.5,29.327158375861387
-25.5,123.75,29.24060872755988
-25.5,124.0,29.166659136970818
-25.5,124.25,29.09124332959756
-25.5,124.5,29.158752521933437
-25.5,124.75,29.024614003650683
-25.5,125.0,29.080558131616055
-25.5,125.25,29.13864452883402
-25.5,125.5,29.26037775917714
-25.5,125.75,29.175276367799313
-25.5,126.0,28.92014760480396
-25.5,126.25,28.828971360653938
-25.5,126.5,28.86115489644616
-25.5,126.75,28.78338947979893
-25.5,127.0,28.745836186718773
-25.5,127.25,28.735919891237625
-25.5,127.5,28.976034269955512
-25.5,127.75,28.82995031798921
-25.5,128.0,28.46943063091354
-25.5,128.25,28.187523243846663
-25.5,128.5,28.037623485907794
-25.5,128.75,28.03110399000776
-25.5,129.0,28.17661655310877
-25.5,129.25,28.209151625612048
-25.5,129.5,28.393807227254282
-25.5,129.75,28.818983424701337
-25.5,130.0,29.264825840378688
-25.5,130.25,29.389946053047844
-25.5,130.5,29.278932800800217
-25.5,130.75,29.03119945608571
-25.5,131.0,28.920331467009078
-25.5,131.25,28.813090137036856
-25.5,131.5,28.664681608491122
-25.5,131.75,28.63224113591624
-25.5,132.0,28.57159919161612
-25.5,132.25,28.42911707087484
-25.5,132.5,28.497599823533037
-25.5,132.75,28.498326329987698
-25.5,133.0,28.500665523581695
-25.5,133.25,28.50700106259864
-25.5,133.5,28.678616863629596
-25.5,133.75,28.942353618356453
-25.5,134.0,29.251894436978233
-25.5,134.25,29.473918117239215
-25.5,134.5,29.338655827726285
-25.5,134.75,29.3302820795105
-25.5,135.0,29.44036916460963
-25.5,135.25,29.311614506509063
-25.5,135.5,29.07609227101858
-25.5,135.75,28.994343165791655
-25.5,136.0,29.16241771594037
-25.5,136.25,29.25137145964583
-25.5,136.5,29.288102946050763
-25.5,136.75,29.158993811475778
-25.5,137.0,28.964039394352124
-25.5,137.25,28.90676547492165
-25.5,137.5,28.884593461272665
-25.5,137.75,28.89447131201669
-25.5,138.0,28.90149252533065
-25.5,138.25,28.8465727968208
-25.5,138.5,28.74429224736237
-25.5,138.75,28.675093003917958
-25.5,139.0,28.7012188517065
-25.5,139.25,28.726198267816102
-25.5,139.5,28.650750378684673
-25.5,139.75,28.51239443451483
-25.5,140.0,28.350867599264046
-25.5,140.25,28.34880597057147
-25.5,140.5,28.33312488747057
-25.5,140.75,28.343855058663895
-25.5,141.0,28.365818009283014
-25.5,141.25,28.385584168958733
-25.5,141.5,28.298312752635464
-25.5,141.75,28.177222072688167
-25.5,142.0,28.005953049898867
-25.5,142.25,27.818478633335054
-25.5,142.5,27.71302778889374
-25.5,142.75,27.693847069538773
-25.5,143.0,27.549640536965875
-25.5,143.25,27.403109554482235
-25.5,143.5,27.288183594294246
-25.5,143.75,27.25661596376745
-25.5,144.0,27.131909060173157
-25.5,144.25,26.91055095327924
-25.5,144.5,26.67551465224084
-25.5,144.75,26.474099555703056
-25.5,145.0,26.42565967912677
-25.5,145.25,26.44138118047875
-25.5,145.5,26.406042137392816
-25.5,145.75,26.45181953867721
-25.5,146.0,26.5335804758123
-25.5,146.25,26.696202627182494
-25.5,146.5,26.875574391713457
-25.5,146.75,27.096323845967596
-25.5,147.0,27.151610564321636
-25.5,147.25,27.02152619423079
-25.5,147.5,27.207193647282057
-25.5,147.75,27.636188916969843
-25.5,148.0,28.022948664179292
-25.5,148.25,27.69944821472804
-25.5,148.5,26.851165296048453
-25.5,148.75,26.47135195454111
-25.5,149.0,26.372234190423598
-25.5,149.25,26.460564252917543
-25.5,149.5,26.357338964899355
-25.5,149.75,26.607676685644666
-25.5,150.0,27.307224325295003
-25.5,150.25,27.99630200957487
-25.5,150.5,28.293232141768524
-25.5,150.75,28.23375067040131
-25.5,151.0,28.22910718654591
-25.5,151.25,28.17387856949496
-25.5,151.5,28.212860642136125
-25.5,151.75,28.472399160018714
-25.5,152.0,28.65974869371473
-25.5,152.25,28.404263291862886
-25.5,152.5,27.956537441213335
-25.5,152.75,27.401997863982633
-25.5,153.0,27.07501781748709
-25.5,153.25,26.841664936642534
-25.75,113.75,28.324285449475386
-25.75,114.0,28.2952240803549
-25.75,114.25,27.908408207781672
-25.75,114.5,27.642993018529328
-25.75,114.75,27.352461565324962
-25.75,115.0,27.13888811338649
-25.75,115.25,27.11567310310659
-25.75,115.5,27.287400667788702
-25.75,115.75,27.246489275828957
-25.75,116.0,27.18726397312532
-25.75,116.25,27.383058303019872
-25.75,116.5,27.564381548621174
-25.75,116.75,27.725886229280537
-25.75,117.0,27.857262692420516
-25.75,117.25,28.01299978974748
-25.75,117.5,28.122432386208896
-25.75,117.75,28.235602193326972
-25.75,118.0,28.27160556960285
-25.75,118.25,28.154738801177974
-25.75,118.5,28.19009837751384
-25.75,118.75,28.380850114154757
-25.75,119.0,28.549727630090192
-25.75,119.25,28.872167048263442
-25.75,119.5,29.280632880158024
-25.75,119.75,29.55525853993007
-25.75,120.0,29.625134461266573
-25.75,120.25,29.728825668331847
-25.75,120.5,29.839644132081393
-25.75,120.75,29.761037126000762
-25.75,121.0,29.68735390981863
-25.75,121.25,29.72457611684
-25.75,121.5,29.99642415076043
-25.75,121.75,30.075191513761098
-25.75,122.0,29.948427375461247
-25.75,122.25,29.93682971533557
-25.75,122.5,30.02731889667821
-25.75,122.75,30.149157169110893
-25.75,123.0,30.02951887174768
-25.75,123.25,29.712608281726286
-25.75,123.5,29.78165339956032
-25.75,123.75,29.881543932141962
-25.75,124.0,29.81403984433071
-25.75,124.25,29.721007289051187
-25.75,124.5,29.758578092850282
-25.75,124.75,29.632620783640327
-25.75,125.0,29.51811352030742
-25.75,125.25,29.481612599038986
-25.75,125.5,29.445214364337303
-25.75,125.75,29.351517414414182
-25.75,126.0,29.293212316541403
-25.75,126.25,29.267616200481594
-25.75,126.5,29.264225287333677
-25.75,126.75,29.226814261769277
-25.75,127.0,29.24056074695586
-25.75,127.25,29.2524019847167
-25.75,127.5,29.377597923561748
-25.75,127.75,29.198980381972834
-25.75,128.0,28.859892418315273
-25.75,128.25,28.55952961142959
-25.75,128.5,28.280691404800606
-25.75,128.75,28.166649043229867
-25.75,129.0,28.213479788142816
-25.75,129.25,28.306045040792657
-25.75,129.5,28.495277280965734
-25.75,129.75,28.87375080462339
-25.75,130.0,29.41777030359788
-25.75,130.25,29.79272909265449
-25.75,130.5,29.55149921759655
-25.75,130.75,29.079304280512424
-25.75,131.0,29.119147837681474
-25.75,131.25,29.122061370242456
-25.75,131.5,29.005521927869154
-25.75,131.75,28.95946754053269
-25.75,132.0,29.08103011070071
-25.75,132.25,28.887867270473365
-25.75,132.5,28.830235861856124
-25.75,132.75,28.719228864929494
-25.75,133.0,28.648958238157935
-25.75,133.25,28.693148050733104
-25.75,133.5,28.745276014919348
-25.75,133.75,29.06826659464845
-25.75,134.0,29.485058185080167
-25.75,134.25,29.661707435766413
-25.75,134.5,29.63825453954147
-25.75,134.75,29.506654104847232
-25.75,135.0,29.60404101962185
-25.75,135.25,29.623540118509577
-25.75,135.5,29.3561337021854
-25.75,135.75,29.168178889907587
-25.75,136.0,29.187076189938033
-25.75,136.25,29.394792337111646
-25.75,136.5,29.441066796521014
-25.75,136.75,29.298182548047286
-25.75,137.0,29.119196381183592
-25.75,137.25,29.00301801093476
-25.75,137.5,29.01436808198481
-25.75,137.75,28.996012149991397
-25.75,138.0,29.01143802893493
-25.75,138.25,28.91882494006459
-25.75,138.5,28.816624214045444
-25.75,138.75,28.716467772753923
-25.75,139.0,28.71349662433087
-25.75,139.25,28.786105133300676
-25.75,139.5,28.742571490289688
-25.75,139.75,28.62483418314845
-25.75,140.0,28.573380048480853
-25.75,140.25,28.46143932239377
-25.75,140.5,28.42113375094825
-25.75,140.75,28.39947286796846
-25.75,141.0,28.440706093418253
-25.75,141.25,28.45467360981364
-25.75,141.5,28.379844091577464
-25.75,141.75,28.244236138663297
-25.75,142.0,28.026625644570885
-25.75,142.25,27.821289493658035
-25.75,142.5,27.686908201249665
-25.75,142.75,27.676130837079526
-25.75,143.0,27.641444004385832
-25.75,143.25,27.463934536971085
-25.75,143.5,27.29462721942569
-25.75,143.75,27.175652441521105
-25.75,144.0,27.177522155635554
-25.75,144.25,27.095611031455462
-25.75,144.5,26.92494475490227
-25.75,144.75,26.733227221328157
-25.75,145.0,26.60110473870678
-25.75,145.25,26.56874046988482
-25.75,145.5,26.531774529258648
-25.75,145.75,26.595423743644165
-25.75,146.0,26.766699098793005
-25.75,146.25,26.960943042579657
-25.75,146.5,27.23218335007049
-25.75,146.75,27.411892774588516
-25.75,147.0,27.42330312554795
-25.75,147.25,27.520902415025184
-25.75,147.5,27.565877923895524
-25.75,147.75,27.82300460345513
-25.75,148.0,28.036735068415084
-25.75,148.25,28.10659819892046
-25.75,148.5,27.184580121402565
-25.75,148.75,26.90366778954009
-25.75,149.0,27.050182136959318
-25.75,149.25,27.078140120973714
-25.75,149.5,27.125208118882078
-25.75,149.75,27.32899641075855
-25.75,150.0,27.677717957927083
-25.75,150.25,28.06381473436092
-25.75,150.5,28.141378989411834
-25.75,150.75,28.044150602724642
-25.75,151.0,28.06492001370725
-25.75,151.25,28.275099692293466
-25.75,151.5,28.36530789979705
-25.75,151.75,28.67611933146775
-25.75,152.0,28.724921731176075
-25.75,152.25,28.433806111652952
-25.75,152.5,28.043150987925426
-25.75,152.75,27.616328182795744
-25.75,153.0,27.20755371438468
-25.75,153.25,26.760012413288226
-26.0,114.0,28.372674713944786
-26.0,114.25,27.78889090194094
-26.0,114.5,27.548307743587387
-26.0,114.75,27.443562222025772
-26.0,115.0,27.350629124633453
-26.0,115.25,27.327519254369214
-26.0,115.5,27.441271622608973
-26.0,115.75,27.379853907992143
-26.0,116.0,27.30393549994355
-26.0,116.25,27.497225927580317
-26.0,116.5,27.756094499977074
-26.0,116.75,27.917252040088005
-26.0,117.0,28.011665918195803
-26.0,117.25,28.140842964163117
-26.0,117.5,28.34368016424364
-26.0,117.75,28.527063540878615
-26.0,118.0,28.515966912880696
-26.0,118.25,28.512092208996943
-26.0,118.5,28.515320510772728
-26.0,118.75,28.597557365422094
-26.0,119.0,28.690927969307218
-26.0,119.25,28.969414665471064
-26.0,119.5,29.382851687706598
-26.0,119.75,29.63293168663896
-26.0,120.0,29.56750648481939
-26.0,120.25,29.674899666171907
-26.0,120.5,29.935621710064428
-26.0,120.75,30.017872306398512
-26.0,121.0,29.9780322012776
-26.0,121.25,30.03799599037591
-26.0,121.5,30.32389666388795
-26.0,121.75,30.44025519112127
-26.0,122.0,30.49870392692142
-26.0,122.25,30.484540956919282
-26.0,122.5,30.447097100226774
-26.0,122.75,30.472807357750103
-26.0,123.0,30.455962789993468
-26.0,123.25,30.18672669730859
-26.0,123.5,30.100190401737027
-26.0,123.75,30.2224504625375
-26.0,124.0,30.349781905379643
-26.0,124.25,30.319880922281016
-26.0,124.5,30.278580079608645
-26.0,124.75,30.131862695833313
-26.0,125.0,29.892045250423244
-26.0,125.25,29.681810032631635
-26.0,125.5,29.582553538307085
-26.0,125.75,29.603406027831998
-26.0,126.0,29.76527522537902
-26.0,126.25,29.668623938117317
-26.0,126.5,29.555499146734014
-26.0,126.75,29.515262117905067
-26.0,127.0,29.541511375214753
-26.0,127.25,29.550602435466708
-26.0,127.5,29.641429417069833
-26.0,127.75,29.571355495795945
-26.0,128.0,29.303630630692837
-26.0,128.25,28.980942997938545
-26.0,128.5,28.67061545210684
-26.0,128.75,28.37027217648092
-26.0,129.0,28.25389126127325
-26.0,129.25,28.466137230072516
-26.0,129.5,28.622102492828763
-26.0,129.75,29.060532343789625
-26.0,130.0,29.652202933137115
-26.0,130.25,29.90968734167446
-26.0,130.5,29.272379308565974
-26.0,130.75,28.706789428103594
-26.0,131.0,29.0075182940778
-26.0,131.25,29.180285406021994
-26.0,131.5,29.196272715174604
-26.0,131.75,29.280800196140923
-26.0,132.0,29.58233886077506
-26.0,132.25,29.55166083850265
-26.0,132.5,29.37507675848426
-26.0,132.75,29.194638716221316
-26.0,133.0,29.161536237633182
-26.0,133.25,29.10491373541445
-26.0,133.5,28.98932837045061
-26.0,133.75,29.130960059598994
-26.0,134.0,29.4827572720247
-26.0,134.25,29.687906034881227
-26.0,134.5,29.726093716760836
-26.0,134.75,29.61478538469097
-26.0,135.0,29.61963963577329
-26.0,135.25,29.66119252848635
-26.0,135.5,29.520630172440676
-26.0,135.75,29.330174740932673
-26.0,136.0,29.321117389391727
-26.0,136.25,29.48320427149339
-26.0,136.5,29.572225149093686
-26.0,136.75,29.415818114201723
-26.0,137.0,29.224671848609283
-26.0,137.25,29.144351458404785
-26.0,137.5,29.148691409005988
-26.0,137.75,29.13092678907938
-26.0,138.0,29.102735626528688
-26.0,138.25,29.02302578561387
-26.0,138.5,28.947346500883935
-26.0,138.75,28.85932548535403
-26.0,139.0,28.827868837646527
-26.0,139.25,28.828090291401825
-26.0,139.5,28.762069345945385
-26.0,139.75,28.710373698990605
-26.0,140.0,28.653375679397833
-26.0,140.25,28.499075076069385
-26.0,140.5,28.405812189640343
-26.0,140.75,28.47070900620134
-26.0,141.0,28.548095261997325
-26.0,141.25,28.49983716816866
-26.0,141.5,28.416016401901157
-26.0,141.75,28.300300767828688
-26.0,142.0,28.09091544930525
-26.0,142.25,27.822806129298744
-26.0,142.5,27.652771420214826
-26.0,142.75,27.67090225590015
-26.0,143.0,27.727284139321835
-26.0,143.25,27.656844165484454
-26.0,143.5,27.461143251497383
-26.0,143.75,27.272819696152425
-26.0,144.0,27.242736227594932
-26.0,144.25,27.169949905636326
-26.0,144.5,26.992274340479188
-26.0,144.75,26.9045865653404
-26.0,145.0,26.82128116008171
-26.0,145.25,26.75172707980012
-26.0,145.5,26.830263733257144
-26.0,145.75,26.910553521153595
-26.0,146.0,27.00485587046294
-26.0,146.25,27.146506942553316
-26.0,146.5,27.299102898157937
-26.0,146.75,27.369333530856306
-26.0,147.0,27.36579324376364
-26.0,147.25,27.674129165348685
-26.0,147.5,27.636794597351674
-26.0,147.75,27.555688873091707
-26.0,148.0,27.845331755381885
-26.0,148.25,28.210385377744146
-26.0,148.5,27.68245400604979
-26.0,148.75,27.4996683917999
-26.0,149.0,27.41339124819648
-26.0,149.25,27.322186923178634
-26.0,149.5,27.302960395642422
-26.0,149.75,27.353512892018202
-26.0,150.0,27.527147616991773
-26.0,150.25,27.872304695071907
-26.0,150.5,27.878955074149324
-26.0,150.75,27.844999431922595
-26.0,151.0,28.088854002295253
-26.0,151.25,28.452958936611722
-26.0,151.5,28.596040365567106
-26.0,151.75,28.635607774446832
-26.0,152.0,28.80567660908715
-26.0,152.25,28.730707474832382
-26.0,152.5,28.3776018100841
-26.0,152.75,27.80548708372063
-26.0,153.0,27.257394440728998
-26.0,153.25,26.65054172748443
-26.0,153.5,26.405949308162835
-26.25,113.75,28.793712423228488
-26.25,114.0,28.45551323790244
-26.25,114.25,27.796341702611755
-26.25,114.5,27.562852599276432
-26.25,114.75,27.51206472218388
-26.25,115.0,27.494394423170487
-26.25,115.25,27.554318074622653
-26.25,115.5,27.618505937417307
-26.25,115.75,27.569920484724793
-26.25,116.0,27.585392965925234
-26.25,116.25,27.726307667310426
-26.25,116.5,27.86256492222845
-26.25,116.75,27.876418849185843
-26.25,117.0,27.97586993984487
-26.25,117.25,28.210160152372453
-26.25,117.5,28.52947961998923
-26.25,117.75,28.75580181759848
-26.25,118.0,28.814915987070574
-26.25,118.25,28.788655821432265
-26.25,118.5,28.701606199911115
-26.25,118.75,28.83522594080376
-26.25,119.0,28.967242722718627
-26.25,119.25,29.22952388050196
-26.25,119.5,29.61687526049978
-26.25,119.75,29.83929953724353
-26.25,120.0,29.753181619830073
-26.25,120.25,29.782221541961107
-26.25,120.5,29.987974494846668
-26.25,120.75,30.165096172003405
-26.25,121.0,30.250658224562155
-26.25,121.25,30.369191610758875
-26.25,121.5,30.52166318842187
-26.25,121.75,30.752308725112073
-26.25,122.0,30.911656263545336
-26.25,122.25,30.87252750895176
-26.25,122.5,30.821181224944155
-26.25,122.75,30.828897828135524
-26.25,123.0,30.888688382363526
-26.25,123.25,30.647896635423972
-26.25,123.5,30.648042476170467
-26.25,123.75,30.746901515933747
-26.25,124.0,30.72838959312248
-26.25,124.25,30.68843071810472
-26.25,124.5,30.548330246921054
-26.25,124.75,30.341506683203882
-26.25,125.0,30.155997250774536
-26.25,125.25,29.90301791610632
-26.25,125.5,29.74189608847993
-26.25,125.75,29.887801052083873
-26.25,126.0,30.190144307419754
-26.25,126.25,29.938131374901758
-26.25,126.5,29.846522009105055
-26.25,126.75,29.96173819530063
-26.25,127.0,30.044998574028295
-26.25,127.25,29.978293063428833
-26.25,127.5,29.823308274619677
-26.25,127.75,29.72890820782058
-26.25,128.0,29.676124600976213
-26.25,128.25,29.625163837632783
-26.25,128.5,29.31071247895377
-26.25,128.75,28.624643964160956
-26.25,129.0,28.354137685873827
-26.25,129.25,28.440784317789845
-26.25,129.5,28.392361672860154
-26.25,129.75,28.577892512664942
-26.25,130.0,28.950752544003517
-26.25,130.25,29.253983830873477
-26.25,130.5,29.170799663590323
-26.25,130.75,28.92625760335591
-26.25,131.0,29.038953583093566
-26.25,131.25,29.219832323908022
-26.25,131.5,29.401165941650124
-26.25,131.75,29.44571655244741
-26.25,132.0,29.302605012850076
-26.25,132.25,29.377063587999388
-26.25,132.5,29.424869110404416
-26.25,132.75,29.254339222288063
-26.25,133.0,29.222149499210676
-26.25,133.25,29.29170662070508
-26.25,133.5,29.301076733315487
-26.25,133.75,29.330124476453157
-26.25,134.0,29.456003953889315
-26.25,134.25,29.635645458607932
-26.25,134.5,29.772891721228177
-26.25,134.75,29.81152702864932
-26.25,135.0,29.786442999087903
-26.25,135.25,29.726282792656274
-26.25,135.5,29.613636435814826
-26.25,135.75,29.406825894704063
-26.25,136.0,29.437389895476166
-26.25,136.25,29.5589751472888
-26.25,136.5,29.616596330760547
-26.25,136.75,29.479985121750467
-26.25,137.0,29.34149031437186
-26.25,137.25,29.26944555371683
-26.25,137.5,29.224969946517245
-26.25,137.75,29.19935962207942
-26.25,138.0,29.146207823088602
-26.25,138.25,29.08243637802201
-26.25,138.5,29.05376693997
-26.25,138.75,28.985878497482013
-26.25,139.0,28.934879422875365
-26.25,139.25,28.877923778851006
-26.25,139.5,28.771011496810498
-26.25,139.75,28.73374825908794
-26.25,140.0,28.654103427455915
-26.25,140.25,28.487547363127614
-26.25,140.5,28.344389286957902
-26.25,140.75,28.43016030588377
-26.25,141.0,28.60425101688531
-26.25,141.25,28.552846128169556
-26.25,141.5,28.422515188620636
-26.25,141.75,28.27978261036449
-26.25,142.0,28.10168725199994
-26.25,142.25,27.842076107652744
-26.25,142.5,27.636852227492508
-26.25,142.75,27.69386147133461
-26.25,143.0,27.736205368296588
-26.25,143.25,27.699955378052316
-26.25,143.5,27.57747008433117
-26.25,143.75,27.452559295381604
-26.25,144.0,27.410937903328296
-26.25,144.25,27.234444228212602
-26.25,144.5,27.013867845491333
-26.25,144.75,26.991058905611755
-26.25,145.0,27.03518164376253
-26.25,145.25,26.97803417842158
-26.25,145.5,27.004331516099562
-26.25,145.75,27.079816927871278
-26.25,146.0,27.131666010222755
-26.25,146.25,27.24291477937619
-26.25,146.5,27.3215163714223
-26.25,146.75,27.340581830487093
-26.25,147.0,27.32825221040418
-26.25,147.25,27.67633961265225
-26.25,147.5,27.828320452027008
-26.25,147.75,27.73118442401133
-26.25,148.0,27.919800926496865
-26.25,148.25,28.222489324405867
-26.25,148.5,27.822230642246012
-26.25,148.75,27.519904959820845
-26.25,149.0,27.330433636941066
-26.25,149.25,27.165517723245735
-26.25,149.5,27.051279187754627
-26.25,149.75,27.1070396776765
-26.25,150.0,27.32139963819088
-26.25,150.25,27.46074250764998
-26.25,150.5,27.480598668720624
-26.25,150.75,27.519552661185234
-26.25,151.0,27.809068405608485
-26.25,151.25,28.1801419897752
-26.25,151.5,28.448960342545547
-26.25,151.75,28.467751843328085
-26.25,152.0,28.590310286029016
-26.25,152.25,28.664410960255747
-26.25,152.5,28.386170226085824
-26.25,152.75,27.73294018793525
-26.25,153.0,27.063888644768927
-26.25,153.25,26.433136443153693
-26.5,113.5,28.834504435523677
-26.5,113.75,28.87100356848633
-26.5,114.0,28.42033044731725
-26.5,114.25,27.949967441586804
-26.5,114.5,27.71007925363694
-26.5,114.75,27.643197646203664
-26.5,115.0,27.67180793062635
-26.5,115.25,27.717824461342314
-26.5,115.5,27.76322912915047
-26.5,115.75,27.82136179533084
-26.5,116.0,27.92340732955945
-26.5,116.25,28.019657663144866
-26.5,116.5,27.95435065031081
-26.5,116.75,27.933823198102804
-26.5,117.0,27.995360786097955
-26.5,117.25,28.27130957496891
-26.5,117.5,28.61784127767737
-26.5,117.75,28.948301510993772
-26.5,118.0,29.13724236879846
-26.5,118.25,29.01632203548536
-26.5,118.5,28.829713267254753
-26.5,118.75,28.960306703751478
-26.5,119.0,29.07501620396542
-26.5,119.25,29.31776968664017
-26.5,119.5,29.818872337182338
-26.5,119.75,30.097152533639076
-26.5,120.0,30.07516155206103
-26.5,120.25,30.04370911270938
-26.5,120.5,30.10791024712992
-26.5,120.75,30.138859453370006
-26.5,121.0,30.31210638707303
-26.5,121.25,30.461851386284835
-26.5,121.5,30.680477679647208
-26.5,121.75,30.9250526453311
-26.5,122.0,31.02742667504591
-26.5,122.25,31.056145732336553
-26.5,122.5,31.120732109412323
-26.5,122.75,31.23775049499132
-26.5,123.0,31.31682544098381
-26.5,123.25,31.18089760788599
-26.5,123.5,31.193222127153764
-26.5,123.75,31.299741263661332
-26.5,124.0,31.3630839874512
-26.5,124.25,31.113131395769926
-26.5,124.5,30.741314166532018
-26.5,124.75,30.60837028063774
-26.5,125.0,30.59451668383508
-26.5,125.25,30.386883149593807
-26.5,125.5,30.249081279850284
-26.5,125.75,30.3884262444544
-26.5,126.0,30.63482083551314
-26.5,126.25,30.261553971574717
-26.5,126.5,30.170888855944224
-26.5,126.75,30.34356202509986
-26.5,127.0,30.514301604938524
-26.5,127.25,30.563738779759312
-26.5,127.5,30.324796791182024
-26.5,127.75,29.843033264531307
-26.5,128.0,29.970869590478973
-26.5,128.25,30.110271113109587
-26.5,128.5,29.95732045263015
-26.5,128.75,29.225828235840872
-26.5,129.0,28.600273700736352
-26.5,129.25,28.68690769819431
-26.5,129.5,28.68282966044846
-26.5,129.75,28.69491484165407
-26.5,130.0,28.898782848943213
-26.5,130.25,29.00211456165261
-26.5,130.5,29.05601564164757
-26.5,130.75,29.095529415947148
-26.5,131.0,28.995303776181746
-26.5,131.25,29.170159225472425
-26.5,131.5,29.279410656657678
-26.5,131.75,29.168630695234885
-26.5,132.0,28.545985436716364
-26.5,132.25,28.58861348196886
-26.5,132.5,28.887635373822157
-26.5,132.75,29.1613477020281
-26.5,133.0,29.1873639355555
-26.5,133.25,29.51095092268378
-26.5,133.5,29.677104453159213
-26.5,133.75,29.64940028606259
-26.5,134.0,29.752393529970323
-26.5,134.25,29.862321551039514
-26.5,134.5,29.965247685239426
-26.5,134.75,29.934402816064317
-26.5,135.0,29.75394894750932
-26.5,135.25,29.700241692992496
-26.5,135.5,29.66982258920311
-26.5,135.75,29.537833608690647
-26.5,136.0,29.47151222622971
-26.5,136.25,29.593636256552866
-26.5,136.5,29.62214444189703
-26.5,136.75,29.462289016603837
-26.5,137.0,29.38565335739703
-26.5,137.25,29.29232447016215
-26.5,137.5,29.23549603521503
-26.5,137.75,29.17565786318942
-26.5,138.0,29.1361482300563
-26.5,138.25,29.114907496507296
-26.5,138.5,29.121799545941837
-26.5,138.75,29.133543722231042
-26.5,139.0,29.06128363618046
-26.5,139.25,28.95491488007522
-26.5,139.5,28.822029097622522
-26.5,139.75,28.79521444061035
-26.5,140.0,28.736833287197513
-26.5,140.25,28.530515349258263
-26.5,140.5,28.309237035912847
-26.5,140.75,28.30868099535924
-26.5,141.0,28.469038371094804
-26.5,141.25,28.473766089208908
-26.5,141.5,28.364084513081174
-26.5,141.75,28.25057139533307
-26.5,142.0,28.070559461943052
-26.5,142.25,27.878203572634803
-26.5,142.5,27.674046864117045
-26.5,142.75,27.665724001657235
-26.5,143.0,27.67827011858433
-26.5,143.25,27.54926774533851
-26.5,143.5,27.48871190218149
-26.5,143.75,27.41875302682318
-26.5,144.0,27.371205261746216
-26.5,144.25,27.26441212528418
-26.5,144.5,27.02621076169455
-26.5,144.75,27.03317689644066
-26.5,145.0,27.088895998488404
-26.5,145.25,27.13861867419367
-26.5,145.5,27.20287087260274
-26.5,145.75,27.22675295951043
-26.5,146.0,27.30250221429945
-26.5,146.25,27.307580354089023
-26.5,146.5,27.455835809416072
-26.5,146.75,27.45262223772861
-26.5,147.0,27.543281736780674
-26.5,147.25,27.868339380596577
-26.5,147.5,28.06577203850836
-26.5,147.75,28.140068234890258
-26.5,148.0,28.21846707739744
-26.5,148.25,28.36312685609229
-26.5,148.5,28.03226182680013
-26.5,148.75,27.79940519054538
-26.5,149.0,27.70949161429469
-26.5,149.25,27.46653184301324
-26.5,149.5,27.320127384731094
-26.5,149.75,27.21417216543785
-26.5,150.0,27.414110873472083
-26.5,150.25,27.442536899547292
-26.5,150.5,27.455056353397865
-26.5,150.75,27.28155275508013
-26.5,151.0,27.36388156700017
-26.5,151.25,27.87982891544034
-26.5,151.5,28.425700453092393
-26.5,151.75,28.494664653020244
-26.5,152.0,28.116461019179248
-26.5,152.25,28.024300782548632
-26.5,152.5,28.016435287742567
-26.5,152.75,27.691082323172687
-26.5,153.0,26.998493332625458
-26.5,153.25,26.221975565367426
-26.5,153.5,26.00024168704109
-26.75,113.5,28.858716997071728
-26.75,113.75,28.865164220305438
-26.75,114.0,28.381313027039045
-26.75,114.25,28.073543642476373
-26.75,114.5,27.968456170044277
-26.75,114.75,27.892691761309706
-26.75,115.0,27.81643783887638
-26.75,115.25,27.925146528507454
-26.75,115.5,27.967801805372215
-26.75,115.75,28.116857352243617
-26.75,116.0,28.176700066701056
-26.75,116.25,28.108976817798183
-26.75,116.5,28.078201823915364
-26.75,116.75,28.037720646317467
-26.75,117.0,28.132419451425534
-26.75,117.25,28.32825285803626
-26.75,117.5,28.64682311260462
-26.75,117.75,29.012755505519294
-26.75,118.0,29.29219893743887
-26.75,118.25,29.28306494572079
-26.75,118.5,29.161754601026274
-26.75,118.75,29.214802991314453
-26.75,119.0,29.18827067546204
-26.75,119.25,29.36645369294515
-26.75,119.5,29.843553111201548
-26.75,119.75,30.200008688306394
-26.75,120.0,30.408140460554215
-26.75,120.25,30.501672496680452
-26.75,120.5,30.2999202027209
-26.75,120.75,30.282822431654704
-26.75,121.0,30.138283114000412
-26.75,121.25,30.388050765564753
-26.75,121.5,30.62658870401816
-26.75,121.75,31.011203398577205
-26.75,122.0,31.224903932524832
-26.75,122.25,31.38253732764336
-26.75,122.5,31.45830618506638
-26.75,122.75,31.501928182690982
-26.75,123.0,31.58277291149934
-26.75,123.25,31.464440556491923
-26.75,123.5,31.325967259061954
-26.75,123.75,31.497664414761108
-26.75,124.0,31.626573250030475
-26.75,124.25,31.54514683060394
-26.75,124.5,31.219301862687022
-26.75,124.75,31.11452706730844
-26.75,125.0,31.12942643819802
-26.75,125.25,31.077768321811856
-26.75,125.5,30.911084784207127
-26.75,125.75,30.879413074602706
-26.75,126.0,31.008804051427003
-26.75,126.25,30.61101087675134
-26.75,126.5,30.45955848885743
-26.75,126.75,30.592876548048004
-26.75,127.0,30.82005442497262
-26.75,127.25,30.91920006623966
-26.75,127.5,30.964905535929542
-26.75,127.75,30.24351929354001
-26.75,128.0,30.212850018637155
-26.75,128.25,30.554127221470292
-26.75,128.5,30.562674122737363
-26.75,128.75,29.94694344958348
-26.75,129.0,29.14451957205649
-26.75,129.25,29.12753631660154
-26.75,129.5,29.24981016071919
-26.75,129.75,29.224000192421933
-26.75,130.0,29.09369268528305
-26.75,130.25,29.026205228871017
-26.75,130.5,29.153263171135773
-26.75,130.75,29.511634559232654
-26.75,131.0,29.312125978583627
-26.75,131.25,29.276339231304558
-26.75,131.5,29.241430359902473
-26.75,131.75,29.33306660099711
-26.75,132.0,28.952175312867755
-26.75,132.25,28.886097582405334
-26.75,132.5,28.95858720661028
-26.75,132.75,29.155598788612632
-26.75,133.0,29.319362838003528
-26.75,133.25,29.50068483595481
-26.75,133.5,29.74563289873008
-26.75,133.75,29.865704680854424
-26.75,134.0,29.919109004238067
-26.75,134.25,30.106385673125537
-26.75,134.5,30.130466731188662
-26.75,134.75,30.090707056464655
-26.75,135.0,29.88696942438765
-26.75,135.25,29.751083660293617
-26.75,135.5,29.683987419106803
-26.75,135.75,29.574753507470493
-26.75,136.0,29.44209296528826
-26.75,136.25,29.49509041472853
-26.75,136.5,29.525913230454293
-26.75,136.75,29.42967606666784
-26.75,137.0,29.325354198876077
-26.75,137.25,29.332584686709403
-26.75,137.5,29.251860418013607
-26.75,137.75,29.185555196750904
-26.75,138.0,29.105853750276793
-26.75,138.25,29.08910634272896
-26.75,138.5,29.15136911113277
-26.75,138.75,29.14545164671272
-26.75,139.0,29.126139059542766
-26.75,139.25,28.958539571814555
-26.75,139.5,28.902530032652617
-26.75,139.75,28.931484464308465
-26.75,140.0,28.85042170714434
-26.75,140.25,28.762509197460144
-26.75,140.5,28.50824326614116
-26.75,140.75,28.338279171017994
-26.75,141.0,28.363300564921484
-26.75,141.25,28.351984808289643
-26.75,141.5,28.387539690878967
-26.75,141.75,28.22432275148837
-26.75,142.0,28.134929376772686
-26.75,142.25,27.90733370200368
-26.75,142.5,27.76158868597757
-26.75,142.75,27.772302856937614
-26.75,143.0,27.725876379652462
-26.75,143.25,27.65883250011384
-26.75,143.5,27.46135464909798
-26.75,143.75,27.42577231087224
-26.75,144.0,27.363162836750178
-26.75,144.25,27.21325303873997
-26.75,144.5,27.10677573823017
-26.75,144.75,27.06017718080722
-26.75,145.0,27.118550980352424
-26.75,145.25,27.1257954954806
-26.75,145.5,27.309586741028642
-26.75,145.75,27.360206389808877
-26.75,146.0,27.311170833922336
-26.75,146.25,27.498485662225082
-26.75,146.5,27.516470663198074
-26.75,146.75,27.713782823894377
-26.75,147.0,27.79582886257585
-26.75,147.25,28.03981652607675
-26.75,147.5,28.3134709483058
-26.75,147.75,28.26567557605948
-26.75,148.0,28.291806078854474
-26.75,148.25,28.285877080157515
-26.75,148.5,28.153120569237117
-26.75,148.75,28.109920562056327
-26.75,149.0,28.074952514126682
-26.75,149.25,28.158241956953024
-26.75,149.5,27.96564973463473
-26.75,149.75,27.95193341767714
-26.75,150.0,28.011382676438913
-26.75,150.25,28.04171114893198
-26.75,150.5,28.035610455187342
-26.75,150.75,27.840666248330585
-26.75,151.0,27.748227341568914
-26.75,151.25,27.884667165092143
-26.75,151.5,28.080629997056437
-26.75,151.75,28.406476889972115
-26.75,152.0,28.076780438818883
-26.75,152.25,27.52912937867609
-26.75,152.5,27.45507989265344
-26.75,152.75,27.847192445317365
-26.75,153.0,27.10722615454854
-26.75,153.25,26.1614015781263
-26.75,153.5,25.86612525694391
-27.0,113.5,28.851350135281002
-27.0,113.75,28.957774197773837
-27.0,114.0,28.62207996774268
-27.0,114.25,28.272965080121377
-27.0,114.5,28.21891722404747
-27.0,114.75,28.096354799215362
-27.0,115.0,28.030903483709622
-27.0,115.25,28.050689539558256
-27.0,115.5,28.188522337117075
-27.0,115.75,28.352042292815604
-27.0,116.0,28.433457388786668
-27.0,116.25,28.326414883489207
-27.0,116.5,28.227041603550624
-27.0,116.75,28.35390646342427
-27.0,117.0,28.5072055432331
-27.0,117.25,28.59789355305828
-27.0,117.5,28.85513657730516
-27.0,117.75,29.05368477550191
-27.0,118.0,29.297002595563626
-27.0,118.25,29.45654296691446
-27.0,118.5,29.516439460693295
-27.0,118.75,29.56728783962452
-27.0,119.0,29.47544187102081
-27.0,119.25,29.66983262941023
-27.0,119.5,29.909719254913842
-27.0,119.75,30.28721484201249
-27.0,120.0,30.63165825609489
-27.0,120.25,30.721347420137274
-27.0,120.5,30.609556013364628
-27.0,120.75,30.420737626732645
-27.0,121.0,30.33368665451013
-27.0,121.25,30.288626062191053
-27.0,121.5,30.516313724275033
-27.0,121.75,31.028238094557192
-27.0,122.0,31.48261897792591
-27.0,122.25,31.64964522167951
-27.0,122.5,31.73612214667263
-27.0,122.75,31.780586890734394
-27.0,123.0,31.762455985319406
-27.0,123.25,31.7016318951944
-27.0,123.5,31.658918134500542
-27.0,123.75,31.76436069909486
-27.0,124.0,31.897440336044255
-27.0,124.25,31.887375457941836
-27.0,124.5,31.573650299757194
-27.0,124.75,31.49757639426567
-27.0,125.0,31.63659724391394
-27.0,125.25,31.59399708825873
-27.0,125.5,31.367933777363245
-27.0,125.75,31.16316997930401
-27.0,126.0,31.165145067219797
-27.0,126.25,30.892525134120312
-27.0,126.5,30.742642861229744
-27.0,126.75,30.851427520364005
-27.0,127.0,31.02919619821529
-27.0,127.25,31.143100473282768
-27.0,127.5,31.220438799905768
-27.0,127.75,30.60858021937822
-27.0,128.0,30.472316773309892
-27.0,128.25,30.750787937916893
-27.0,128.5,30.994750948598174
-27.0,128.75,30.596959310553775
-27.0,129.0,29.759067899393976
-27.0,129.25,29.516776150208166
-27.0,129.5,29.56354115642724
-27.0,129.75,29.612965222999627
-27.0,130.0,29.434901991240334
-27.0,130.25,29.367636794613606
-27.0,130.5,29.546921727272085
-27.0,130.75,29.87687785112079
-27.0,131.0,29.74540350779056
-27.0,131.25,29.529537323039843
-27.0,131.5,29.507058548639993
-27.0,131.75,29.486486815536562
-27.0,132.0,29.25238114482331
-27.0,132.25,29.057435491810605
-27.0,132.5,28.984158331902773
-27.0,132.75,29.04252023466788
-27.0,133.0,29.13667163184662
-27.0,133.25,29.48994881068474
-27.0,133.5,29.694841623550854
-27.0,133.75,29.94868193046909
-27.0,134.0,30.248336210458383
-27.0,134.25,30.292630533401464
-27.0,134.5,30.43367880764657
-27.0,134.75,30.361515970291556
-27.0,135.0,30.235429446908764
-27.0,135.25,29.9852871492892
-27.0,135.5,29.797576169118273
-27.0,135.75,29.67619430419764
-27.0,136.0,29.48207404058424
-27.0,136.25,29.422084643873156
-27.0,136.5,29.421813446061773
-27.0,136.75,29.351808972359922
-27.0,137.0,29.34311406216778
-27.0,137.25,29.300618238963374
-27.0,137.5,29.245558683781724
-27.0,137.75,29.17728035672973
-27.0,138.0,29.128809710599594
-27.0,138.25,29.09735427993915
-27.0,138.5,29.070809090094198
-27.0,138.75,29.134129903520193
-27.0,139.0,29.05988301180443
-27.0,139.25,29.076278327844893
-27.0,139.5,29.064385652515266
-27.0,139.75,29.041207667646056
-27.0,140.0,28.98861987483157
-27.0,140.25,28.853709327814293
-27.0,140.5,28.669940272225343
-27.0,140.75,28.456145368095157
-27.0,141.0,28.416786039600098
-27.0,141.25,28.43739373610171
-27.0,141.5,28.394389357791734
-27.0,141.75,28.36108258616841
-27.0,142.0,28.18511370320442
-27.0,142.25,28.0431239505277
-27.0,142.5,27.919038698558364
-27.0,142.75,27.95750928637715
-27.0,143.0,27.932459256175402
-27.0,143.25,27.807527864880576
-27.0,143.5,27.825339977647833
-27.0,143.75,27.663727353820516
-27.0,144.0,27.53844871967155
-27.0,144.25,27.295311385562293
-27.0,144.5,27.116005280280483
-27.0,144.75,27.139172621554994
-27.0,145.0,27.09851412739995
-27.0,145.25,27.117563264986977
-27.0,145.5,27.210161218632944
-27.0,145.75,27.2064683219725
-27.0,146.0,27.345040947529075
-27.0,146.25,27.369842901809164
-27.0,146.5,27.760971170997138
-27.0,146.75,27.858846766288444
-27.0,147.0,28.04974604642847
-27.0,147.25,28.243978028887437
-27.0,147.5,28.35895298149571
-27.0,147.75,28.45275301799774
-27.0,148.0,28.355830085511787
-27.0,148.25,28.396949476368945
-27.0,148.5,28.301266758146472
-27.0,148.75,28.270861877994236
-27.0,149.0,28.408832410565143
-27.0,149.25,28.428927830130494
-27.0,149.5,28.35324749372397
-27.0,149.75,28.209238403451153
-27.0,150.0,28.187165857730598
-27.0,150.25,28.209537062593903
-27.0,150.5,28.13309522086171
-27.0,150.75,28.15595466841135
-27.0,151.0,28.05726554747965
-27.0,151.25,28.158178582907567
-27.0,151.5,28.049087946181444
-27.0,151.75,28.012427252417858
-27.0,152.0,28.39907128161156
-27.0,152.25,27.947441916529623
-27.0,152.5,27.577230224802168
-27.0,152.75,27.861614839632498
-27.0,153.0,27.26985353604801
-27.0,153.25,26.195469905961417
-27.0,153.5,25.834466058997812
-27.25,113.75,29.052635736303568
-27.25,114.0,28.890494885628613
-27.25,114.25,28.433631493353595
-27.25,114.5,28.269218614738477
-27.25,114.75,28.261812980034
-27.25,115.0,28.185151561079127
-27.25,115.25,28.19743937483807
-27.25,115.5,28.333312049998447
-27.25,115.75,28.53318076466055
-27.25,116.0,28.59296128154864
-27.25,116.25,28.49536853269084
-27.25,116.5,28.420511624086913
-27.25,116.75,28.69261233531726
-27.25,117.0,28.85759017033537
-27.25,117.25,28.923853187463028
-27.25,117.5,29.114842346729596
-27.25,117.75,29.344392335082834
-27.25,118.0,29.335741508881956
-27.25,118.25,29.52071534312435
-27.25,118.5,29.77032397732553
-27.25,118.75,29.9350689415663
-27.25,119.0,29.952104046428673
-27.25,119.25,30.008016646366325
-27.25,119.5,30.159618966418062
-27.25,119.75,30.442207426488636
-27.25,120.0,30.786761695715416
-27.25,120.25,30.832832312311144
-27.25,120.5,30.765742260352773
-27.25,120.75,30.684358261334985
-27.25,121.0,30.655131394005927
-27.25,121.25,30.597553751367556
-27.25,121.5,30.56318544870204
-27.25,121.75,30.908759214430653
-27.25,122.0,31.428029741916532
-27.25,122.25,31.71635408323244
-27.25,122.5,31.79959222124819
-27.25,122.75,31.92678450062927
-27.25,123.0,31.879068234259343
-27.25,123.25,31.770188888021533
-27.25,123.5,31.763628766071587
-27.25,123.75,32.00640043500468
-27.25,124.0,32.07511598785822
-27.25,124.25,32.043210371877244
-27.25,124.5,31.764035075390364
-27.25,124.75,31.750076451869404
-27.25,125.0,31.943307543760636
-27.25,125.25,31.990748775872213
-27.25,125.5,31.77614642740955
-27.25,125.75,31.41379520224509
-27.25,126.0,31.29608561593485
-27.25,126.25,31.036791807323354
-27.25,126.5,31.04624230429395
-27.25,126.75,31.053567814099463
-27.25,127.0,31.398168967822187
-27.25,127.25,31.45972584598979
-27.25,127.5,31.431388970032533
-27.25,127.75,30.9927194510371
-27.25,128.0,30.772907664757497
-27.25,128.25,31.050374003533744
-27.25,128.5,31.251213583570532
-27.25,128.75,31.101736093820975
-27.25,129.0,30.402315270650472
-27.25,129.25,29.98686440072996
-27.25,129.5,29.966036119103794
-27.25,129.75,29.94946200602337
-27.25,130.0,29.71919860885587
-27.25,130.25,29.66423916936652
-27.25,130.5,29.840833451087544
-27.25,130.75,30.09760181022549
-27.25,131.0,29.880304503472797
-27.25,131.25,29.77891183797786
-27.25,131.5,29.57667631612332
-27.25,131.75,29.709061882073694
-27.25,132.0,29.49777891978478
-27.25,132.25,29.13880403826035
-27.25,132.5,28.934901269436658
-27.25,132.75,28.83839313575913
-27.25,133.0,29.210327555035526
-27.25,133.25,29.442381864290514
-27.25,133.5,29.565718087776958
-27.25,133.75,29.82472461398491
-27.25,134.0,30.11370620342296
-27.25,134.25,30.448035964728668
-27.25,134.5,30.48534300010865
-27.25,134.75,30.57696792722474
-27.25,135.0,30.47021317942353
-27.25,135.25,30.169594725610168
-27.25,135.5,29.97523145501394
-27.25,135.75,29.747319916490284
-27.25,136.0,29.687821706236427
-27.25,136.25,29.531922659386126
-27.25,136.5,29.455865200041753
-27.25,136.75,29.428296608271612
-27.25,137.0,29.429478755949514
-27.25,137.25,29.346861719094047
-27.25,137.5,29.270305280513007
-27.25,137.75,29.19937056337097
-27.25,138.0,29.19665738513403
-27.25,138.25,29.076766886859613
-27.25,138.5,29.09937855336071
-27.25,138.75,28.99690161592603
-27.25,139.0,29.126175622931342
-27.25,139.25,29.16544513558502
-27.25,139.5,29.228051404672062
-27.25,139.75,29.14219951794001
-27.25,140.0,29.031977033264276
-27.25,140.25,28.909355993505258
-27.25,140.5,28.653255619016704
-27.25,140.75,28.53096764423353
-27.25,141.0,28.550136280945907
-27.25,141.25,28.63689911194173
-27.25,141.5,28.624004849335243
-27.25,141.75,28.478414335567294
-27.25,142.0,28.391794390718918
-27.25,142.25,28.18059264184132
-27.25,142.5,28.168669942644243
-27.25,142.75,28.185233434898027
-27.25,143.0,28.086795436790187
-27.25,143.25,28.106436307686362
-27.25,143.5,28.010650050613933
-27.25,143.75,28.039057407220344
-27.25,144.0,27.85009047254281
-27.25,144.25,27.450530222473123
-27.25,144.5,27.265319324629296
-27.25,144.75,27.187485577352444
-27.25,145.0,27.23534207900746
-27.25,145.25,27.142196735590023
-27.25,145.5,27.206152018369966
-27.25,145.75,27.158439211450723
-27.25,146.0,27.111147619393407
-27.25,146.25,27.445360835315263
-27.25,146.5,27.60161879936375
-27.25,146.75,27.894921161376644
-27.25,147.0,28.081277415667344
-27.25,147.25,28.24734702057588
-27.25,147.5,28.44563623029875
-27.25,147.75,28.424907601170094
-27.25,148.0,28.487184273327216
-27.25,148.25,28.43844329668039
-27.25,148.5,28.437976198461836
-27.25,148.75,28.410556891318667
-27.25,149.0,28.398114674653446
-27.25,149.25,28.462367562577718
-27.25,149.5,28.328597645278737
-27.25,149.75,28.21500702440585
-27.25,150.0,28.205042031906984
-27.25,150.25,28.23522789095363
-27.25,150.5,28.271992781938934
-27.25,150.75,28.208387845578468
-27.25,151.0,28.13023929075633
-27.25,151.25,28.19406256871755
-27.25,151.5,28.031767290436868
-27.25,151.75,27.835261557290007
-27.25,152.0,28.163439071692483
-27.25,152.25,28.58259688459549
-27.25,152.5,28.16571499347762
-27.25,152.75,27.90866420108865
-27.25,153.0,27.418386150613397
-27.25,153.25,26.37641851335099
-27.25,153.5,25.79516728975509
-27.5,113.75,29.187994882681632
-27.5,114.0,28.97239358809511
-27.5,114.25,28.33955024855576
-27.5,114.5,28.268374111111083
-27.5,114.75,28.398936005137475
-27.5,115.0,28.470393746153288
-27.5,115.25,28.369526304565337
-27.5,115.5,28.532455533853334
-27.5,115.75,28.612229414667237
-27.5,116.0,28.72353860907805
-27.5,116.25,28.663891497164947
-27.5,116.5,28.64677761017322
-27.5,116.75,28.85480321756242
-27.5,117.0,29.068889849352953
-27.5,117.25,29.227997140530245
-27.5,117.5,29.428689262833306
-27.5,117.75,29.56757132141462
-27.5,118.0,29.603950676241183
-27.5,118.25,29.65172531424305
-27.5,118.5,29.84398865199053
-27.5,118.75,30.09885030587729
-27.5,119.0,30.343294869718612
-27.5,119.25,30.419253686842936
-27.5,119.5,30.50675801294976
-27.5,119.75,30.705778039392136
-27.5,120.0,30.938860478264516
-27.5,120.25,30.96076905998223
-27.5,120.5,30.911229450428674
-27.5,120.75,31.01203303058103
-27.5,121.0,31.124665597358813
-27.5,121.25,31.117859254311206
-27.5,121.5,30.922612999030683
-27.5,121.75,31.015625894181174
-27.5,122.0,31.217208647201335
-27.5,122.25,31.54293692884299
-27.5,122.5,31.881138495109013
-27.5,122.75,32.129644400661334
-27.5,123.0,32.1420160511611
-27.5,123.25,31.944900355810024
-27.5,123.5,31.862721784049796
-27.5,123.75,31.920743477145077
-27.5,124.0,32.01198693045697
-27.5,124.25,31.884881941770047
-27.5,124.5,31.71649644815941
-27.5,124.75,31.80031934175247
-27.5,125.0,32.06148936054797
-27.5,125.25,32.09517466538523
-27.5,125.5,31.989027249304364
-27.5,125.75,31.645551336002725
-27.5,126.0,31.40419875375963
-27.5,126.25,31.250129258548768
-27.5,126.5,31.206153853472056
-27.5,126.75,31.33487844633611
-27.5,127.0,31.623182398325923
-27.5,127.25,31.88606168761476
-27.5,127.5,31.798778233231875
-27.5,127.75,31.336249686619475
-27.5,128.0,31.15446804713855
-27.5,128.25,31.314286657951666
-27.5,128.5,31.545664555264317
-27.5,128.75,31.424233503363222
-27.5,129.0,30.862133708476208
-27.5,129.25,30.397268536880027
-27.5,129.5,30.372995310690865
-27.5,129.75,30.47874306460052
-27.5,130.0,30.20844110028015
-27.5,130.25,29.913355492580063
-27.5,130.5,30.043249553370025
-27.5,130.75,30.20718785536224
-27.5,131.0,30.152087354474435
-27.5,131.25,29.936547861842556
-27.5,131.5,29.88621106448228
-27.5,131.75,29.906577640283878
-27.5,132.0,29.782932797891345
-27.5,132.25,29.498378854932092
-27.5,132.5,29.144894946302117
-27.5,132.75,29.194067600532282
-27.5,133.0,29.366467008782177
-27.5,133.25,29.67495018755314
-27.5,133.5,29.65651374602036
-27.5,133.75,29.70485599948405
-27.5,134.0,29.974813919167264
-27.5,134.25,30.239322609376707
-27.5,134.5,30.48739794940372
-27.5,134.75,30.51468886516709
-27.5,135.0,30.501267816888646
-27.5,135.25,30.302552254421425
-27.5,135.5,30.03059582317611
-27.5,135.75,29.90644374615524
-27.5,136.0,29.805870656738055
-27.5,136.25,29.76175172790834
-27.5,136.5,29.67758114066438
-27.5,136.75,29.594607713238425
-27.5,137.0,29.612201152455953
-27.5,137.25,29.54568104951953
-27.5,137.5,29.29039458187732
-27.5,137.75,29.181063479789092
-27.5,138.0,29.213145617583535
-27.5,138.25,29.114621020024668
-27.5,138.5,29.04843607954935
-27.5,138.75,29.07998483332319
-27.5,139.0,29.075765355907897
-27.5,139.25,29.258689150094057
-27.5,139.5,29.34626378236041
-27.5,139.75,29.234330530531796
-27.5,140.0,29.108876372135516
-27.5,140.25,28.915118034408987
-27.5,140.5,28.837028424044217
-27.5,140.75,28.68976963779611
-27.5,141.0,28.775459399502154
-27.5,141.25,28.898741115884594
-27.5,141.5,28.830132066343825
-27.5,141.75,28.756035959470733
-27.5,142.0,28.558840089879986
-27.5,142.25,28.44036208642468
-27.5,142.5,28.42587752948345
-27.5,142.75,28.332469665102288
-27.5,143.0,28.261164850214833
-27.5,143.25,28.17056093690238
-27.5,143.5,28.355660792564983
-27.5,143.75,28.36543267740105
-27.5,144.0,28.213369271822337
-27.5,144.25,27.76467257391216
-27.5,144.5,27.424133475787848
-27.5,144.75,27.464781288881593
-27.5,145.0,27.41081533850543
-27.5,145.25,27.3370556926564
-27.5,145.5,27.333961709050428
-27.5,145.75,27.228413224255107
-27.5,146.0,27.218041686888856
-27.5,146.25,27.213805796133624
-27.5,146.5,27.496374963911137
-27.5,146.75,27.630594993239406
-27.5,147.0,27.876523751932925
-27.5,147.25,28.078126419663157
-27.5,147.5,28.218592909942686
-27.5,147.75,28.451405545599684
-27.5,148.0,28.41668399844702
-27.5,148.25,28.442604497392903
-27.5,148.5,28.38181544796717
-27.5,148.75,28.320481794151537
-27.5,149.0,28.424876062104918
-27.5,149.25,28.335660624600965
-27.5,149.5,28.322546601576303
-27.5,149.75,28.173733227187384
-27.5,150.0,28.2217911056942
-27.5,150.25,28.308747381633307
-27.5,150.5,28.29838450345657
-27.5,150.75,28.215162834198335
-27.5,151.0,28.0116994920846
-27.5,151.25,28.006198713594696
-27.5,151.5,27.868796102506906
-27.5,151.75,27.75333397223731
-27.5,152.0,28.07791831063047
-27.5,152.25,28.75715952125039
-27.5,152.5,28.524500333677626
-27.5,152.75,28.08262458560528
-27.5,153.0,27.737981193016868
-27.5,153.25,26.756347758734872
-27.5,153.5,25.948993094401
-27.75,113.75,29.33891214263343
-27.75,114.0,29.107596677330378
-27.75,114.25,28.52899649317177
-27.75,114.5,28.332480967474577
-27.75,114.75,28.530145499618968
-27.75,115.0,28.711855923976916
-27.75,115.25,28.67363475835519
-27.75,115.5,28.72180511824614
-27.75,115.75,28.688211031662455
-27.75,116.0,28.86540928054472
-27.75,116.25,28.96866716771079
-27.75,116.5,28.904908582205433
-27.75,116.75,29.045296624573794
-27.75,117.0,29.200912724695343
-27.75,117.25,29.368915443721974
-27.75,117.5,29.556338773452268
-27.75,117.75,29.671240865789514
-27.75,118.0,29.939991511144427
-27.75,118.25,30.03271899591001
-27.75,118.5,30.007883085249066
-27.75,118.75,30.198414752676552
-27.75,119.0,30.498547809896948
-27.75,119.25,30.763169969995953
-27.75,119.5,30.925575791090083
-27.75,119.75,30.90545836956387
-27.75,120.0,30.986305998119803
-27.75,120.25,31.01372344214881
-27.75,120.5,31.102635724871593
-27.75,120.75,31.312070502848695
-27.75,121.0,31.52628365847254
-27.75,121.25,31.62394469407617
-27.75,121.5,31.48270751901298
-27.75,121.75,31.294413783169965
-27.75,122.0,31.292293226426306
-27.75,122.25,31.446961000176906
-27.75,122.5,31.81093702055011
-27.75,122.75,32.208535102828094
-27.75,123.0,32.29876786144248
-27.75,123.25,32.132312133668364
-27.75,123.5,32.06050454254556
-27.75,123.75,32.18594973786487
-27.75,124.0,32.175185134507196
-27.75,124.25,31.925695201598717
-27.75,124.5,31.75324549407971
-27.75,124.75,31.780816340253384
-27.75,125.0,31.971667298126384
-27.75,125.25,32.09029663151703
-27.75,125.5,32.078171961736004
-27.75,125.75,31.87061989837121
-27.75,126.0,31.659643004693024
-27.75,126.25,31.570149736391826
-27.75,126.5,31.458595831675602
-27.75,126.75,31.40698890067634
-27.75,127.0,31.63626357546646
-27.75,127.25,32.0020601647926
-27.75,127.5,32.062385568225764
-27.75,127.75,31.689025812874007
-27.75,128.0,31.484784786971765
-27.75,128.25,31.50024364835843
-27.75,128.5,31.61640820442895
-27.75,128.75,31.581587020288804
-27.75,129.0,31.07236761501601
-27.75,129.25,30.618582959331547
-27.75,129.5,30.817728956555154
-27.75,129.75,31.016288676677696
-27.75,130.0,30.831134849326546
-27.75,130.25,30.316869725501732
-27.75,130.5,30.25627771233923
-27.75,130.75,30.45345164756991
-27.75,131.0,30.53567220900801
-27.75,131.25,30.32303088406966
-27.75,131.5,30.060294777155843
-27.75,131.75,30.102744789470908
-27.75,132.0,30.0179503038078
-27.75,132.25,29.91493791433533
-27.75,132.5,29.800221626696832
-27.75,132.75,29.654879457614722
-27.75,133.0,29.75346539877483
-27.75,133.25,30.009961450886674
-27.75,133.5,30.018262659333146
-27.75,133.75,29.875176021501467
-27.75,134.0,29.992631028430377
-27.75,134.25,30.260264788993435
-27.75,134.5,30.40153688436585
-27.75,134.75,30.41541454695294
-27.75,135.0,30.408844177349554
-27.75,135.25,30.28467234978378
-27.75,135.5,30.05707908843501
-27.75,135.75,29.88511322572288
-27.75,136.0,29.88714802056824
-27.75,136.25,29.89649865007615
-27.75,136.5,29.869933322167064
-27.75,136.75,29.81653009947164
-27.75,137.0,29.811396935595685
-27.75,137.25,29.73272064057634
-27.75,137.5,29.4850681919168
-27.75,137.75,29.133624137247132
-27.75,138.0,29.143567791319544
-27.75,138.25,29.08162697095321
-27.75,138.5,29.090870927698706
-27.75,138.75,29.10414845074273
-27.75,139.0,29.21164620959167
-27.75,139.25,29.4043747145921
-27.75,139.5,29.411870715676617
-27.75,139.75,29.316382631193502
-27.75,140.0,29.180815354579103
-27.75,140.25,29.083573482188584
-27.75,140.5,29.01529819951838
-27.75,140.75,28.95873339906121
-27.75,141.0,28.963366977706492
-27.75,141.25,29.052123489023344
-27.75,141.5,29.027169267164197
-27.75,141.75,28.912513580648575
-27.75,142.0,28.80519773410948
-27.75,142.25,28.645771554343046
-27.75,142.5,28.525092210928932
-27.75,142.75,28.36792945022817
-27.75,143.0,28.334713033179884
-27.75,143.25,28.463240321912725
-27.75,143.5,28.60010587638733
-27.75,143.75,28.549128059136596
-27.75,144.0,28.38054994788123
-27.75,144.25,27.991840186059154
-27.75,144.5,27.79363045738562
-27.75,144.75,27.801948658402946
-27.75,145.0,27.756465934231127
-27.75,145.25,27.6315352010989
-27.75,145.5,27.6178316490787
-27.75,145.75,27.497353654725124
-27.75,146.0,27.39986043167648
-27.75,146.25,27.357906348673133
-27.75,146.5,27.366888475398675
-27.75,146.75,27.48372611714928
-27.75,147.0,27.668194125260705
-27.75,147.25,27.80982395734907
-27.75,147.5,28.069346954492396
-27.75,147.75,28.283542006171732
-27.75,148.0,28.3300323745896
-27.75,148.25,28.279215297395996
-27.75,148.5,28.194303293459498
-27.75,148.75,28.204987235438622
-27.75,149.0,28.31437815232961
-27.75,149.25,28.331985350321965
-27.75,149.5,28.25080888349792
-27.75,149.75,28.14433571730184
-27.75,150.0,28.1416590768247
-27.75,150.25,28.185750238684207
-27.75,150.5,28.243242551429372
-27.75,150.75,28.108349936321545
-27.75,151.0,28.0000280189652
-27.75,151.25,27.97174041960641
-27.75,151.5,27.800337950411027
-27.75,151.75,27.68308316957937
-27.75,152.0,28.03056880511113
-27.75,152.25,28.94141623325631
-27.75,152.5,28.95357813834071
-27.75,152.75,28.187848483699174
-27.75,153.0,28.067478883237744
-27.75,153.25,26.88461547902592
-27.75,153.5,25.864414077056363
-27.75,153.75,25.488525695141437
-28.0,114.0,29.368660141049567
-28.0,114.25,28.925949296946527
-28.0,114.5,28.416362739512024
-28.0,114.75,28.726878943511664
-28.0,115.0,29.095045911514276
-28.0,115.25,29.051557018002203
-28.0,115.5,28.924133957939734
-28.0,115.75,28.822993949391584
-28.0,116.0,28.981250181206132
-28.0,116.25,29.2483269440594
-28.0,116.5,29.166377139337815
-28.0,116.75,29.261785719875324
-28.0,117.0,29.458592233122133
-28.0,117.25,29.58178031730675
-28.0,117.5,29.671576738333126
-28.0,117.75,29.63728515155054
-28.0,118.0,29.899326141990056
-28.0,118.25,30.302517731724354
-28.0,118.5,30.47659507892274
-28.0,118.75,30.4646142961721
-28.0,119.0,30.686438128216142
-28.0,119.25,30.89613373020679
-28.0,119.5,30.989775803313567
-28.0,119.75,31.04108323123538
-28.0,120.0,31.11383043889518
-28.0,120.25,31.058515172168285
-28.0,120.5,31.14095709916605
-28.0,120.75,31.23002483746013
-28.0,121.0,31.52644490433683
-28.0,121.25,31.757435978615277
-28.0,121.5,31.823790347270485
-28.0,121.75,31.63182629920687
-28.0,122.0,31.39707800975739
-28.0,122.25,31.29339547183997
-28.0,122.5,31.52627564725581
-28.0,122.75,31.89194246193745
-28.0,123.0,32.15333942242316
-28.0,123.25,32.24986290314267
-28.0,123.5,32.30658378181009
-28.0,123.75,32.51420045404381
-28.0,124.0,32.51627612502324
-28.0,124.25,32.289439762775785
-28.0,124.5,32.076862000539414
-28.0,124.75,31.95506868817644
-28.0,125.0,32.03353605578327
-28.0,125.25,32.05652872386818
-28.0,125.5,32.02384711243841
-28.0,125.75,31.930017912333557
-28.0,126.0,31.809006824196242
-28.0,126.25,31.87697973382304
-28.0,126.5,31.918599088250936
-28.0,126.75,31.755327849555826
-28.0,127.0,31.685739728328382
-28.0,127.25,31.891742995390075
-28.0,127.5,32.144659359689705
-28.0,127.75,32.016061943664276
-28.0,128.0,31.685620990689895
-28.0,128.25,31.52587961995271
-28.0,128.5,31.541780451703964
-28.0,128.75,31.60755798156672
-28.0,129.0,31.142031179352184
-28.0,129.25,30.68097153429359
-28.0,129.5,30.781587778097794
-28.0,129.75,31.170257606783256
-28.0,130.0,31.24111628312619
-28.0,130.25,30.660329947728542
-28.0,130.5,30.43294915215909
-28.0,130.75,30.521897731686465
-28.0,131.0,30.739111037884886
-28.0,131.25,30.565264097449376
-28.0,131.5,30.21140999096325
-28.0,131.75,30.061483085566415
-28.0,132.0,30.191838181193337
-28.0,132.25,30.25800946995555
-28.0,132.5,30.36182885420376
-28.0,132.75,30.189873017839414
-28.0,133.0,30.125956674418877
-28.0,133.25,30.210731323940184
-28.0,133.5,30.231662622266786
-28.0,133.75,30.03458759023908
-28.0,134.0,30.03238458969866
-28.0,134.25,30.257561823563638
-28.0,134.5,30.47976526623574
-28.0,134.75,30.450951032829664
-28.0,135.0,30.455290139319825
-28.0,135.25,30.450899476504475
-28.0,135.5,30.28940805096547
-28.0,135.75,30.246916902665195
-28.0,136.0,30.222321159084405
-28.0,136.25,30.20366516403677
-28.0,136.5,30.040371133570225
-28.0,136.75,30.09735468567889
-28.0,137.0,30.07964291399997
-28.0,137.25,29.866568092124407
-28.0,137.5,29.69574759797358
-28.0,137.75,29.310860704727354
-28.0,138.0,29.049703869267045
-28.0,138.25,28.96905404998678
-28.0,138.5,29.02838002887932
-28.0,138.75,29.165216688164154
-28.0,139.0,29.29757639946096
-28.0,139.25,29.411764415776588
-28.0,139.5,29.45746012669905
-28.0,139.75,29.385766236413737
-28.0,140.0,29.308280798924724
-28.0,140.25,29.233451750046157
-28.0,140.5,29.20395639463673
-28.0,140.75,29.16812126434188
-28.0,141.0,29.134379393582297
-28.0,141.25,29.221279954526175
-28.0,141.5,29.22216105573767
-28.0,141.75,29.023420748484877
-28.0,142.0,28.87424512333183
-28.0,142.25,28.655228676656595
-28.0,142.5,28.64119884071876
-28.0,142.75,28.618748139523653
-28.0,143.0,28.637953320665464
-28.0,143.25,28.688676729344788
-28.0,143.5,28.707476879145535
-28.0,143.75,28.530342475999888
-28.0,144.0,28.356506978038507
-28.0,144.25,28.213722260084232
-28.0,144.5,28.172244625211867
-28.0,144.75,28.121574583031457
-28.0,145.0,28.13960402705812
-28.0,145.25,28.0213436770122
-28.0,145.5,27.924944937866112
-28.0,145.75,27.842074534823485
-28.0,146.0,27.695366218170875
-28.0,146.25,27.6018017056461
-28.0,146.5,27.534191523785385
-28.0,146.75,27.498296526073954
-28.0,147.0,27.572681084053947
-28.0,147.25,27.625998774271974
-28.0,147.5,27.814564199949135
-28.0,147.75,28.00811112502895
-28.0,148.0,28.064646989452974
-28.0,148.25,28.127074816519496
-28.0,148.5,28.06434437064338
-28.0,148.75,28.138639482564578
-28.0,149.0,28.21095195684066
-28.0,149.25,28.132767033246942
-28.0,149.5,28.04772793658658
-28.0,149.75,27.942554478668303
-28.0,150.0,27.975281144215607
-28.0,150.25,27.970288228584824
-28.0,150.5,28.031784997889385
-28.0,150.75,28.04837139271953
-28.0,151.0,28.05489599473647
-28.0,151.25,27.98897289738642
-28.0,151.5,27.89750361456745
-28.0,151.75,27.805748801204683
-28.0,152.0,27.894698669986155
-28.0,152.25,28.380793246534626
-28.0,152.5,28.162172691466928
-28.0,152.75,27.54005394696224
-28.0,153.0,27.282017406728688
-28.0,153.25,26.59644434870461
-28.0,153.5,25.775648003888847
-28.0,153.75,25.21880763797816
-28.25,114.25,29.214415150003703
-28.25,114.5,28.59390087445122
-28.25,114.75,28.401836469943728
-28.25,115.0,29.065472136716853
-28.25,115.25,29.267830799974416
-28.25,115.5,29.155163878699124
-28.25,115.75,29.058966202142926
-28.25,116.0,29.175904820130516
-28.25,116.25,29.516866268936838
-28.25,116.5,29.60113177732212
-28.25,116.75,29.74281548072394
-28.25,117.0,29.860166750680495
-28.25,117.25,29.890257354752126
-28.25,117.5,29.907571144583052
-28.25,117.75,29.797316934450425
-28.25,118.0,30.05527298338191
-28.25,118.25,30.544663790356505
-28.25,118.5,30.86230311621057
-28.25,118.75,30.910902616722563
-28.25,119.0,30.988711479510947
-28.25,119.25,31.017404797270668
-28.25,119.5,31.094520302461984
-28.25,119.75,31.26141891336991
-28.25,120.0,31.47405067876818
-28.25,120.25,31.37507947058504
-28.25,120.5,31.206704027320114
-28.25,120.75,31.068821424771766
-28.25,121.0,31.110693635267342
-28.25,121.25,31.375828992845125
-28.25,121.5,31.75068307285283
-28.25,121.75,31.944779070031018
-28.25,122.0,31.80739189485057
-28.25,122.25,31.493172061538075
-28.25,122.5,31.516113756102328
-28.25,122.75,31.77950512412274
-28.25,123.0,32.02127137570372
-28.25,123.25,32.26181385040315
-28.25,123.5,32.51548026174944
-28.25,123.75,32.57638523292438
-28.25,124.0,32.53441514342777
-28.25,124.25,32.39903410068368
-28.25,124.5,32.271313746755695
-28.25,124.75,32.21882842006349
-28.25,125.0,32.271917160476555
-28.25,125.25,32.25542525137973
-28.25,125.5,32.18755270737484
-28.25,125.75,32.063458532227486
-28.25,126.0,31.938685421501386
-28.25,126.25,32.009315216272825
-28.25,126.5,32.24718535323368
-28.25,126.75,32.26508185490587
-28.25,127.0,32.11584541879346
-28.25,127.25,31.925959368318345
-28.25,127.5,31.972622429559284
-28.25,127.75,32.054287735211
-28.25,128.0,31.905321560588032
-28.25,128.25,31.640225360430055
-28.25,128.5,31.431892513605987
-28.25,128.75,31.463880016510338
-28.25,129.0,31.215764112449104
-28.25,129.25,30.826169387761155
-28.25,129.5,30.76865685189716
-28.25,129.75,31.090629357302312
-28.25,130.0,31.30523903214946
-28.25,130.25,30.819943484543774
-28.25,130.5,30.3736436924187
-28.25,130.75,30.213356075406068
-28.25,131.0,30.40012919000927
-28.25,131.25,30.57779552480956
-28.25,131.5,30.2991418205056
-28.25,131.75,30.190965668032927
-28.25,132.0,30.24094383304787
-28.25,132.25,30.378490333723903
-28.25,132.5,30.62035718150653
-28.25,132.75,30.766743592579648
-28.25,133.0,30.743053089517016
-28.25,133.25,30.642685240515895
-28.25,133.5,30.48312286025109
-28.25,133.75,30.206382293072544
-28.25,134.0,30.082086610879337
-28.25,134.25,30.30895242546691
-28.25,134.5,30.551306242254395
-28.25,134.75,30.630914400272157
-28.25,135.0,30.648832798301683
-28.25,135.25,30.599640683624553
-28.25,135.5,30.54002027484658
-28.25,135.75,30.56826161219579
-28.25,136.0,30.640652963856095
-28.25,136.25,30.568187635084033
-28.25,136.5,30.271454208442588
-28.25,136.75,30.19086247797943
-28.25,137.0,30.116116605843214
-28.25,137.25,29.878584468589633
-28.25,137.5,29.787258813302408
-28.25,137.75,29.583779122608334
-28.25,138.0,29.18584633134528
-28.25,138.25,28.976750776315868
-28.25,138.5,29.012295296993944
-28.25,138.75,29.194976936610296
-28.25,139.0,29.283300325092217
-28.25,139.25,29.381490167358308
-28.25,139.5,29.405040343182414
-28.25,139.75,29.39800643033757
-28.25,140.0,29.398300694112105
-28.25,140.25,29.349240237667267
-28.25,140.5,29.312507836869713
-28.25,140.75,29.23954351787193
-28.25,141.0,29.256995212710734
-28.25,141.25,29.395789165167116
-28.25,141.5,29.44321214253842
-28.25,141.75,29.129061190614575
-28.25,142.0,28.916344075165856
-28.25,142.25,28.945202217669056
-28.25,142.5,29.194880932524974
-28.25,142.75,29.1141173531043
-28.25,143.0,28.91797222682298
-28.25,143.25,28.7949776376306
-28.25,143.5,28.613277913447206
-28.25,143.75,28.375819182807422
-28.25,144.0,28.27255796007292
-28.25,144.25,28.287760580196565
-28.25,144.5,28.33140762984414
-28.25,144.75,28.34344918154867
-28.25,145.0,28.343223706482668
-28.25,145.25,28.209771970559796
-28.25,145.5,28.07407603430598
-28.25,145.75,27.925056764127987
-28.25,146.0,27.768470924345422
-28.25,146.25,27.671800265684958
-28.25,146.5,27.73468474118638
-28.25,146.75,27.71629189233941
-28.25,147.0,27.648590609861728
-28.25,147.25,27.628039541943686
-28.25,147.5,27.702136872151797
-28.25,147.75,27.795536827665885
-28.25,148.0,27.908115441826098
-28.25,148.25,27.970161882565353
-28.25,148.5,28.026152475522807
-28.25,148.75,28.09461873801705
-28.25,149.0,28.14575164731106
-28.25,149.25,28.023855736904686
-28.25,149.5,27.857881290572305
-28.25,149.75,27.800014246579508
-28.25,150.0,27.915461401906068
-28.25,150.25,27.95960933766013
-28.25,150.5,28.00537991961695
-28.25,150.75,27.962262766551138
-28.25,151.0,27.844453997352268
-28.25,151.25,27.72136946488802
-28.25,151.5,27.863940894746072
-28.25,151.75,27.84312156627506
-28.25,152.0,27.696148683858443
-28.25,152.25,27.467906626121298
-28.25,152.5,26.96440789383322
-28.25,152.75,26.253006675860377
-28.25,153.0,26.133376244223584
-28.25,153.25,25.73603479486111
-28.25,153.5,25.204930364817923
-28.25,153.75,24.878913325381284
-28.5,114.25,29.67372056885815
-28.5,114.5,29.15884795077897
-28.5,114.75,28.323280999655683
-28.5,115.0,28.56180685492221
-28.5,115.25,29.197871830972854
-28.5,115.5,29.284544782129984
-28.5,115.75,29.267484745167394
-28.5,116.0,29.409465609501385
-28.5,116.25,29.74327908641634
-28.5,116.5,29.872825477013322
-28.5,116.75,30.07615018178523
-28.5,117.0,30.280828378037526
-28.5,117.25,30.303694229730436
-28.5,117.5,30.143696308857972
-28.5,117.75,29.965131538088546
-28.5,118.0,30.255152325213245
-28.5,118.25,30.648259989253916
-28.5,118.5,31.007415389766305
-28.5,118.75,31.29244164534654
-28.5,119.0,31.41688906658375
-28.5,119.25,31.392211284311472
-28.5,119.5,31.371136520677645
-28.5,119.75,31.41716187699626
-28.5,120.0,31.651068490363286
-28.5,120.25,31.753264747668414
-28.5,120.5,31.672395886713662
-28.5,120.75,31.4294776383082
-28.5,121.0,31.205878390747856
-28.5,121.25,31.1250404921603
-28.5,121.5,31.320046025828063
-28.5,121.75,31.70915085743185
-28.5,122.0,31.834068564825067
-28.5,122.25,31.711450304256562
-28.5,122.5,31.759584987880423
-28.5,122.75,31.901156589632755
-28.5,123.0,31.94392902096466
-28.5,123.25,32.13308626439365
-28.5,123.5,32.34627121557948
-28.5,123.75,32.38071727310358
-28.5,124.0,32.33414751884575
-28.5,124.25,32.371671550796165
-28.5,124.5,32.36232275880022
-28.5,124.75,32.36699848011947
-28.5,125.0,32.38204618256015
-28.5,125.25,32.451065831035244
-28.5,125.5,32.52025792635068
-28.5,125.75,32.438018796458664
-28.5,126.0,32.24570618892553
-28.5,126.25,32.097104654413755
-28.5,126.5,32.19298733249086
-28.5,126.75,32.31305101336116
-28.5,127.0,32.31300769297216
-28.5,127.25,32.19613901477933
-28.5,127.5,32.089326581107144
-28.5,127.75,32.13808040552463
-28.5,128.0,32.07415196607955
-28.5,128.25,31.830101218141227
-28.5,128.5,31.623513044392077
-28.5,128.75,31.646399981901734
-28.5,129.0,31.624881657519506
-28.5,129.25,31.331675017433668
-28.5,129.5,31.089847370676807
-28.5,129.75,31.073546566005575
-28.5,130.0,31.305630887040643
-28.5,130.25,30.982822675252674
-28.5,130.5,30.46557081142683
-28.5,130.75,30.12040444421951
-28.5,131.0,30.060368035884803
-28.5,131.25,30.299715471232386
-28.5,131.5,30.30721850038849
-28.5,131.75,30.26376184726602
-28.5,132.0,30.35228076925182
-28.5,132.25,30.559309568705256
-28.5,132.5,30.640816921192357
-28.5,132.75,30.747950556388258
-28.5,133.0,30.855671811753044
-28.5,133.25,30.810762363010216
-28.5,133.5,30.651326708677832
-28.5,133.75,30.41708120886069
-28.5,134.0,30.192684783917997
-28.5,134.25,30.290946130421332
-28.5,134.5,30.494585968365158
-28.5,134.75,30.665324721979474
-28.5,135.0,30.713337934643175
-28.5,135.25,30.642777357224908
-28.5,135.5,30.554648776350085
-28.5,135.75,30.575168811994907
-28.5,136.0,30.669607150726574
-28.5,136.25,30.571206990228855
-28.5,136.5,30.44473470880989
-28.5,136.75,30.38232780414727
-28.5,137.0,30.254030866164005
-28.5,137.5,29.89366529179355
-28.5,137.75,29.711255800877606
-28.5,138.0,29.365157797351184
-28.5,138.25,29.15494013239043
-28.5,138.5,29.138301048552137
-28.5,138.75,29.153184401103896
-28.5,139.0,29.219076984642506
-28.5,139.25,29.30190525906972
-28.5,139.5,29.292735898412648
-28.5,139.75,29.32776572702645
-28.5,140.0,29.41194855277818
-28.5,140.25,29.464688401968203
-28.5,140.5,29.3571306440638
-28.5,140.75,29.233895813687436
-28.5,141.0,29.217832853376642
-28.5,141.25,29.335443585153445
-28.5,141.5,29.358744500226347
-28.5,141.75,29.255499992627634
-28.5,142.0,29.209668847524505
-28.5,142.25,29.42691484779033
-28.5,142.5,29.672592313229405
-28.5,142.75,29.41477812712331
-28.5,143.0,29.034730890865138
-28.5,143.25,28.754717065750533
-28.5,143.5,28.52543840842192
-28.5,143.75,28.347978813547652
-28.5,144.0,28.448486842480406
-28.5,144.25,28.53987089534525
-28.5,144.5,28.55862430234405
-28.5,144.75,28.484274813265557
-28.5,145.0,28.392857219831527
-28.5,145.25,28.274841518801068
-28.5,145.5,28.125437647377616
-28.5,145.75,27.93457949362044
-28.5,146.0,27.85353559641065
-28.5,146.25,27.83770593797506
-28.5,146.5,27.82821586428499
-28.5,146.75,27.81901223587626
-28.5,147.0,27.755329484071552
-28.5,147.25,27.70984580317902
-28.5,147.5,27.717730193544327
-28.5,147.75,27.689979502924412
-28.5,148.0,27.779365335401856
-28.5,148.25,27.82729184351034
-28.5,148.5,27.813620810258133
-28.5,148.75,27.85118910043875
-28.5,149.0,28.06030247777084
-28.5,149.25,28.022523841254202
-28.5,149.5,27.815270212712992
-28.5,149.75,27.727400866742418
-28.5,150.0,27.726901420934542
-28.5,150.25,27.65853055714097
-28.5,150.5,27.66079603262457
-28.5,150.75,27.60361385071689
-28.5,151.0,27.507459285933212
-28.5,151.25,27.54458757597048
-28.5,151.5,27.93699377990437
-28.5,151.75,27.85678139978972
-28.5,152.0,27.82198904804202
-28.5,152.25,27.61941809023987
-28.5,152.5,26.88127261564449
-28.5,152.75,26.16512523846607
-28.5,153.0,25.836786675720106
-28.5,153.25,25.443278691537266
-28.5,153.5,24.985488034317132
-28.5,153.75,24.734188914876505
-28.75,114.5,29.59618077933493
-28.75,114.75,28.953515388380104
-28.75,115.0,28.319900377616477
-28.75,115.25,28.896550572812874
-28.75,115.5,29.262662098225977
-28.75,115.75,29.492898839614238
-28.75,116.0,29.71085396946481
-28.75,116.25,29.948532021669795
-28.75,116.5,29.92401867951774
-28.75,116.75,30.09491959980371
-28.75,117.0,30.528851510782754
-28.75,117.25,30.743636295010827
-28.75,117.5,30.357515730728633
-28.75,117.75,30.093137544284442
-28.75,118.0,30.37016761479513
-28.75,118.25,30.603579079913033
-28.75,118.5,30.91706905601171
-28.75,118.75,31.424065747284967
-28.75,119.0,31.625848401629522
-28.75,119.25,31.590894854430264
-28.75,119.5,31.54159628940565
-28.75,119.75,31.492160440671324
-28.75,120.0,31.69797148277067
-28.75,120.25,31.96049287590438
-28.75,120.5,31.94713775495469
-28.75,120.75,31.950197291748527
-28.75,121.0,31.858684137704376
-28.75,121.25,31.580977006442385
-28.75,121.5,31.314822847940597
-28.75,121.75,31.647698283447603
-28.75,122.0,31.93149091940382
-28.75,122.25,31.98036111493881
-28.75,122.5,31.848939486955103
-28.75,122.75,31.971964533911994
-28.75,123.0,32.17686748595669
-28.75,123.25,32.3004583510097
-28.75,123.5,32.40935807758882
-28.75,123.75,32.51134586810496
-28.75,124.0,32.57828306347544
-28.75,124.25,32.61492408337997
-28.75,124.5,32.60415733315851
-28.75,124.75,32.57820303059202
-28.75,125.0,32.515561158781644
-28.75,125.25,32.60612192696464
-28.75,125.5,32.67006274143462
-28.75,125.75,32.64402525834562
-28.75,126.0,32.47620382453929
-28.75,126.25,32.25596231383857
-28.75,126.5,32.11307886549421
-28.75,126.75,32.129909049761245
-28.75,127.0,32.101617002818784
-28.75,127.25,31.91083335148103
-28.75,127.5,32.0111502804639
-28.75,127.75,32.11581508775131
-28.75,128.0,32.124029680730025
-28.75,128.25,32.12942980805898
-28.75,128.5,32.00884181534115
-28.75,128.75,31.90901391391524
-28.75,129.0,31.876192061351524
-28.75,129.25,31.640782781892753
-28.75,129.5,31.39752025705347
-28.75,129.75,31.237806087079566
-28.75,130.0,31.26208858707437
-28.75,130.25,31.187219393017493
-28.75,130.5,30.714064345139516
-28.75,130.75,30.280382765789565
-28.75,131.0,30.025548997527938
-28.75,131.25,30.120286193311234
-28.75,131.5,30.523183332857077
-28.75,131.75,30.427489675765486
-28.75,132.0,30.533890641932544
-28.75,132.25,30.657803636837706
-28.75,132.5,30.69598393644774
-28.75,132.75,30.602013514200042
-28.75,133.0,30.63852838107752
-28.75,133.25,30.90773513306357
-28.75,133.5,30.787142233576805
-28.75,133.75,30.664972304680905
-28.75,134.0,30.401993172115063
-28.75,134.25,30.272181249789174
-28.75,134.5,30.425391836332775
-28.75,134.75,30.6053767580159
-28.75,135.0,30.87818628176757
-28.75,135.25,30.900087506228985
-28.75,135.5,30.70914168198683
-28.75,135.75,30.5773736439872
-28.75,136.0,30.578083215444384
-28.75,136.25,30.53461722755617
-28.75,136.5,30.526168314145867
-28.75,136.75,30.495373167761535
-28.75,137.0,30.43215834155086
-28.75,137.75,29.90742002565883
-28.75,138.0,29.501391128437287
-28.75,138.25,29.2916662758672
-28.75,138.5,29.231935983045858
-28.75,138.75,29.217573072048538
-28.75,139.0,29.271458016005802
-28.75,139.25,29.269294621248587
-28.75,139.5,29.301628344791375
-28.75,139.75,29.331265583332005
-28.75,140.0,29.476306033823782
-28.75,140.25,29.587039556452705
-28.75,140.5,29.46316267037385
-28.75,140.75,29.32337196258401
-28.75,141.0,29.282695134565184
-28.75,141.25,29.350630007903444
-28.75,141.5,29.264216803676852
-28.75,141.75,29.2962070036408
-28.75,142.0,29.523203573279513
-28.75,142.25,29.668708339279917
-28.75,142.5,29.69300004621118
-28.75,142.75,29.494853048849933
-28.75,143.0,29.120275819465597
-28.75,143.25,28.88677154094328
-28.75,143.5,28.621913883693427
-28.75,143.75,28.480975316680503
-28.75,144.0,28.72815451762189
-28.75,144.25,28.820085191932975
-28.75,144.5,28.851541249163372
-28.75,144.75,28.647618260623396
-28.75,145.0,28.521335041887223
-28.75,145.25,28.49214912201304
-28.75,145.5,28.265055342442924
-28.75,145.75,28.14213339156017
-28.75,146.0,28.06824113976919
-28.75,146.25,28.127116758086864
-28.75,146.5,28.038778220888485
-28.75,146.75,27.93626372669834
-28.75,147.0,27.892023337135367
-28.75,147.25,27.7913894195422
-28.75,147.5,27.863852356080688
-28.75,147.75,27.844810072087146
-28.75,148.0,27.67300656068614
-28.75,148.25,27.786563915334444
-28.75,148.5,27.74527132680446
-28.75,148.75,27.83223809968741
-28.75,149.0,27.970139992951598
-28.75,149.25,27.895468623648604
-28.75,149.5,27.77000743874947
-28.75,149.75,27.56684481139536
-28.75,150.0,27.495206480409024
-28.75,150.25,27.387980086333492
-28.75,150.5,27.339411646758425
-28.75,150.75,27.334677340701926
-28.75,151.0,27.396227230395425
-28.75,151.25,27.75839400202261
-28.75,151.5,28.188457993564338
-28.75,151.75,27.966744677015765
-28.75,152.0,28.045087154636317
-28.75,152.25,28.133382589349228
-28.75,152.5,26.96469985447051
-28.75,152.75,26.24682918918233
-28.75,153.0,26.07858926847031
-28.75,153.25,25.97140376263546
-28.75,153.5,25.364185890699925
-28.75,153.75,24.7165765894828
-29.0,114.5,30.05014915959492
-29.0,114.75,29.416904728117785
-29.0,115.0,28.45673921871246
-29.0,115.25,28.782639698040036
-29.0,115.5,29.278604336165905
-29.0,115.75,29.6800792811526
-29.0,116.0,29.917892303247235
-29.0,116.25,30.17311000276667
-29.0,116.5,29.97798764123031
-29.0,116.75,30.038264016186517
-29.0,117.0,30.505045622525067
-29.0,117.25,30.748772174087122
-29.0,117.5,30.550833416365275
-29.0,117.75,30.32973843027851
-29.0,118.0,30.36979649758167
-29.0,118.25,30.45286052356102
-29.0,118.5,30.81048424722365
-29.0,118.75,31.43778304651283
-29.0,119.0,31.752901858453672
-29.0,119.25,31.866181051490663
-29.0,119.5,31.720401746145388
-29.0,119.75,31.54454504852487
-29.0,120.0,31.695638802512065
-29.0,120.25,31.874254038210847
-29.0,120.5,31.933935666711196
-29.0,120.75,31.87586132860664
-29.0,121.0,32.0633747872142
-29.0,121.25,32.09937969495294
-29.0,121.5,31.907784613641553
-29.0,121.75,31.79253954980195
-29.0,122.0,31.935027844012303
-29.0,122.25,31.923821944552124
-29.0,122.5,31.88384475537127
-29.0,122.75,32.0094300351329
-29.0,123.0,32.14872807929163
-29.0,123.25,32.340166464133084
-29.0,123.5,32.48973070547735
-29.0,123.75,32.729120967314714
-29.0,124.0,32.87605039594605
-29.0,124.25,32.87101797981309
-29.0,124.5,32.843286445227065
-29.0,124.75,32.73016085991787
-29.0,125.0,32.63610165674729
-29.0,125.25,32.7003038379308
-29.0,125.5,32.89544560137656
-29.0,125.75,32.88275187226852
-29.0,126.0,32.90768920027245
-29.0,126.25,32.79182915150407
-29.0,126.5,32.65192601124647
-29.0,126.75,32.49337728208553
-29.0,127.0,32.41804253141618
-29.0,127.25,32.29598308961317
-29.0,127.5,32.45106964004532
-29.0,127.75,32.466245514134286
-29.0,128.0,32.45942700179421
-29.0,128.25,32.381017110224164
-29.0,128.5,32.13197859193295
-29.0,128.75,31.86024879086488
-29.0,129.0,31.72911975453242
-29.0,129.25,31.600470613615016
-29.0,129.5,31.306348832152857
-29.0,129.75,31.389175915338885
-29.0,130.0,31.537898206761493
-29.0,130.25,31.613836869943864
-29.0,130.5,31.557530227130638
-29.0,130.75,31.115467244787474
-29.0,131.0,30.651642653602057
-29.0,131.25,30.469481253382742
-29.0,131.5,30.664765753287615
-29.0,131.75,30.662676344284282
-29.0,132.0,30.63043338719634
-29.0,132.25,30.70596233428437
-29.0,132.5,30.814259481456865
-29.0,132.75,30.6991922370142
-29.0,133.0,30.82390031205943
-29.0,133.25,30.862668854325413
-29.0,133.5,31.111077145532754
-29.0,133.75,31.014694396478745
-29.0,134.0,30.64209300548816
-29.0,134.25,30.424179334163586
-29.0,134.5,30.428118363919232
-29.0,134.75,30.671445120553287
-29.0,135.0,30.956038896021944
-29.0,135.25,31.025159331508046
-29.0,135.5,31.006807070515663
-29.0,135.75,30.75728263574545
-29.0,136.0,30.638683561780244
-29.0,136.25,30.5707218411198
-29.0,136.5,30.56948252313273
-29.0,136.75,30.58571176631267
-29.0,137.0,30.5364281604367
-29.0,137.25,30.45784416433928
-29.0,137.5,30.345101082083843
-29.0,137.75,30.05268257457126
-29.0,138.0,29.674258066085713
-29.0,138.25,29.38591458359797
-29.0,138.5,29.23586147953611
-29.0,138.75,29.13370376319512
-29.0,139.0,29.165117733634318
-29.0,139.25,29.275304678116616
-29.0,139.5,29.25481018714669
-29.0,139.75,29.485995921601162
-29.0,140.0,29.676962625619044
-29.0,140.25,29.709120485700755
-29.0,140.5,29.627993305285614
-29.0,140.75,29.43377106134903
-29.0,141.0,29.41230108237347
-29.0,141.25,29.40810906093722
-29.0,141.5,29.353325882783984
-29.0,141.75,29.54199884698724
-29.0,142.0,29.736667583958592
-29.0,142.25,29.778787224597355
-29.0,142.5,29.648894793477112
-29.0,142.75,29.441954027178724
-29.0,143.0,29.22064304245142
-29.0,143.25,28.94503913851009
-29.0,143.5,28.80303216299212
-29.0,143.75,28.70494834271362
-29.0,144.0,28.94746423196165
-29.0,144.25,29.144564543525618
-29.0,144.5,29.08476295606567
-29.0,144.75,28.903773814505207
-29.0,145.0,28.72983964720475
-29.0,145.25,28.61750497247636
-29.0,145.5,28.593100054588547
-29.0,145.75,28.42082184111907
-29.0,146.0,28.45578088735989
-29.0,146.25,28.450681368757696
-29.0,146.5,28.27653335713608
-29.0,146.75,28.163448481760557
-29.0,147.0,27.992909693223496
-29.0,147.25,27.952169604862213
-29.0,147.5,27.972960255498602
-29.0,147.75,27.930758906115443
-29.0,148.0,27.932689898201662
-29.0,148.25,27.804824312777896
-29.0,148.5,27.91886554117193
-29.0,148.75,27.84481954957768
-29.0,149.0,27.765844767086413
-29.0,149.25,27.81599516908501
-29.0,149.5,27.5952487262765
-29.0,149.75,27.445354156186482
-29.0,150.0,27.31828993850625
-29.0,150.25,27.249902599793508
-29.0,150.5,27.252198776003894
-29.0,150.75,27.270510552709975
-29.0,151.0,27.584334531577472
-29.0,151.25,27.835032203479365
-29.0,151.5,28.02534675713682
-29.0,151.75,27.96263424781932
-29.0,152.0,27.993987725503334
-29.0,152.25,28.256456006175505
-29.0,152.5,26.888447789330215
-29.0,152.75,25.97693958466141
-29.0,153.0,25.760181597897287
-29.0,153.25,25.800253372341455
-29.0,153.5,25.207182353557616
-29.0,153.75,24.6610612385705
-29.25,114.75,30.1325309752685
-29.25,115.0,28.81810884836098
-29.25,115.25,28.676878196740343
-29.25,115.5,29.230695390166296
-29.25,115.75,29.704311213735167
-29.25,116.0,30.065160632997447
-29.25,116.25,30.34972246918655
-29.25,116.5,30.15535851241298
-29.25,116.75,30.214493560179527
-29.25,117.0,30.424617160912764
-29.25,117.25,30.656311900459972
-29.25,117.5,30.800912278458235
-29.25,117.75,30.570145784982603
-29.25,118.0,30.469843924632944
-29.25,118.25,30.386607558543773
-29.25,118.5,30.62642218133344
-29.25,118.75,31.307984791235217
-29.25,119.0,31.94934553012236
-29.25,119.25,32.04545817482242
-29.25,119.5,31.926370831033154
-29.25,119.75,31.64578906537401
-29.25,120.0,31.718773982860142
-29.25,120.25,31.94770110049854
-29.25,120.5,31.87151298410049
-29.25,120.75,31.84387477920053
-29.25,121.0,31.964774104278302
-29.25,121.25,32.216558168736384
-29.25,121.5,32.35189417068402
-29.25,121.75,32.21624196091677
-29.25,122.0,32.061185290771206
-29.25,122.25,31.963985892465747
-29.25,122.5,32.021710951815066
-29.25,122.75,32.16065022004152
-29.25,123.0,32.339274446010855
-29.25,123.25,32.411940640853956
-29.25,123.5,32.576632007017984
-29.25,123.75,32.797882775263275
-29.25,124.0,32.86948643181419
-29.25,124.25,32.935724472989115
-29.25,124.5,32.83694306003232
-29.25,124.75,32.76601729323617
-29.25,125.0,32.7693317071298
-29.25,125.25,32.812668474043775
-29.25,125.5,32.960426838051056
-29.25,125.75,33.14251831073792
-29.25,126.0,33.15601804827893
-29.25,126.25,33.11656576546221
-29.25,126.5,33.07752332623927
-29.25,126.75,32.97204915962748
-29.25,127.0,33.02733314956191
-29.25,127.25,32.93537345377819
-29.25,127.5,32.99811476482813
-29.25,127.75,32.87485608534648
-29.25,128.0,32.7573538516512
-29.25,128.25,32.64164208958932
-29.25,128.5,32.353009233298756
-29.25,128.75,32.097208222605666
-29.25,129.0,31.884505294852257
-29.25,129.25,31.64840016131268
-29.25,129.5,31.509967412080297
-29.25,129.75,31.447336674578246
-29.25,130.0,31.612458986254154
-29.25,130.25,31.719931186297778
-29.25,130.5,31.654614230198654
-29.25,130.75,31.786980752285437
-29.25,131.0,31.421824273823383
-29.25,131.25,30.99803212230032
-29.25,131.5,30.759165954362324
-29.25,131.75,30.600090981380585
-29.25,132.0,30.57914809812122
-29.25,132.25,30.539314981079443
-29.25,132.5,30.810246757166095
-29.25,132.75,30.877096054323577
-29.25,133.0,30.795780209466276
-29.25,133.25,30.991534802686672
-29.25,133.5,31.10628027052806
-29.25,133.75,31.288023504610287
-29.25,134.0,31.132163160770897
-29.25,134.25,30.763202253405108
-29.25,134.5,30.632978197468148
-29.25,134.75,30.686698855922607
-29.25,135.0,30.98070650923883
-29.25,135.25,31.176258405103248
-29.25,135.5,31.101425386306392
-29.25,135.75,31.099736396656816
-29.25,136.0,30.870815649351997
-29.25,136.25,30.71173880843363
-29.25,136.5,30.683433485872737
-29.25,136.75,30.685690681274746
-29.25,137.0,30.668724696148114
-29.25,137.25,30.585762915615213
-29.25,137.5,30.457468273270344
-29.25,137.75,30.204474891482167
-29.25,138.0,29.784949913014195
-29.25,138.25,29.436772198706908
-29.25,138.5,29.248544387704538
-29.25,138.75,29.062762907376946
-29.25,139.0,29.014767273370307
-29.25,139.25,29.10598389848121
-29.25,139.5,29.252919167327445
-29.25,139.75,29.4602764478195
-29.25,140.0,29.880700479231187
-29.25,140.25,29.927161798246523
-29.25,140.5,29.652107301528073
-29.25,140.75,29.555757992074888
-29.25,141.0,29.503565081399902
-29.25,141.25,29.53749325775768
-29.25,141.5,29.58242243363566
-29.25,141.75,29.757295624133672
-29.25,142.0,29.86083786499155
-29.25,142.25,29.855957892755097
-29.25,142.5,29.673252463847877
-29.25,142.75,29.487139094447592
-29.25,143.0,29.16086691709795
-29.25,143.25,28.911028141879598
-29.25,143.5,28.74658964445595
-29.25,143.75,28.831562889917265
-29.25,144.0,29.179408360113957
-29.25,144.25,29.266784078642935
-29.25,144.5,29.299655316468666
-29.25,144.75,29.076591855122768
-29.25,145.0,28.92601901520511
-29.25,145.25,28.770642559262523
-29.25,145.5,28.68677501951827
-29.25,145.75,28.793674903578815
-29.25,146.0,28.813900408411627
-29.25,146.25,28.798171489424256
-29.25,146.5,28.599516699297602
-29.25,146.75,28.41273921630571
-29.25,147.0,28.22807013923869
-29.25,147.25,28.076253155271477
-29.25,147.5,28.068109329130724
-29.25,147.75,28.116552539879407
-29.25,148.0,28.022591776222374
-29.25,148.25,28.120011704997772
-29.25,148.5,28.051434224261218
-29.25,148.75,27.943387380578464
-29.25,149.0,27.772909875008914
-29.25,149.25,27.591100746860203
-29.25,149.5,27.520842665761094
-29.25,149.75,27.27204649781153
-29.25,150.0,27.251531919369913
-29.25,150.25,27.407909520470742
-29.25,150.5,27.25304080801937
-29.25,150.75,27.439784080628478
-29.25,151.0,27.735587265864552
-29.25,151.25,27.86569948342876
-29.25,151.5,27.909003601589664
-29.25,151.75,27.840184323149312
-29.25,152.0,28.22304575838794
-29.25,152.25,28.596823176266827
-29.25,152.5,27.263256765390217
-29.25,152.75,25.831400437827092
-29.25,153.0,25.57197673557849
-29.25,153.25,25.171239774447034
-29.25,153.5,24.84312825541129
-29.5,114.75,30.553805818758303
-29.5,115.0,29.301527534363046
-29.5,115.25,28.991287246907152
-29.5,115.5,29.317709044636366
-29.5,115.75,29.876555783478814
-29.5,116.0,30.121569997247462
-29.5,116.25,30.434767411038333
-29.5,116.5,30.394965033447516
-29.5,116.75,30.40136696444601
-29.5,117.0,30.508686712533716
-29.5,117.25,30.71666497854739
-29.5,117.5,30.89220982073331
-29.5,117.75,30.734459337303225
-29.5,118.0,30.69342807461259
-29.5,118.25,30.5509722675764
-29.5,118.5,30.532103880121774
-29.5,118.75,31.024892091839956
-29.5,119.0,31.716601664932554
-29.5,119.25,32.09309677984623
-29.5,119.5,31.957366491188182
-29.5,119.75,31.826192700051728
-29.5,120.0,31.81928485489254
-29.5,120.25,31.99142503556972
-29.5,120.5,32.110087484831126
-29.5,120.75,31.96533320839521
-29.5,121.0,32.02372603014314
-29.5,121.25,32.196532504417284
-29.5,121.5,32.45820042918408
-29.5,121.75,32.5109285280636
-29.5,122.0,32.40103023672957
-29.5,122.25,32.26387452917681
-29.5,122.5,32.21929910962716
-29.5,122.75,32.341844363638565
-29.5,123.0,32.57193738215882
-29.5,123.25,32.667725052518705
-29.5,123.5,32.668944480771415
-29.5,123.75,32.736023651882974
-29.5,124.0,32.762726390797745
-29.5,124.25,32.78818791273469
-29.5,124.5,32.788843831565316
-29.5,124.75,32.6758719502705
-29.5,125.0,32.775844954317044
-29.5,125.25,32.946710178446224
-29.5,125.5,33.167083644974674
-29.5,125.75,33.25582827386857
-29.5,126.0,33.313124446682224
-29.5,126.25,33.29405878905544
-29.5,126.5,33.18085318738899
-29.5,126.75,33.193802103567045
-29.5,127.0,33.18440321484445
-29.5,127.25,33.22482560730483
-29.5,127.5,33.19528604755384
-29.5,127.75,33.01888431767781
-29.5,128.0,32.889481256726945
-29.5,128.25,32.72836703906168
-29.5,128.5,32.76563700472417
-29.5,128.75,32.66288959920681
-29.5,129.0,32.40391030288662
-29.5,129.25,32.12879422567255
-29.5,129.5,31.79112608273208
-29.5,129.75,31.502593999331875
-29.5,130.0,31.535511573841212
-29.5,130.25,31.604409002206502
-29.5,130.5,31.631354221371982
-29.5,130.75,31.63306470809152
-29.5,131.0,31.70213455833519
-29.5,131.25,31.2955353048313
-29.5,131.5,30.937860781979396
-29.5,131.75,30.819270862615237
-29.5,132.0,30.59507948561168
-29.5,132.25,30.528867050876
-29.5,132.5,30.726815046278084
-29.5,132.75,30.869426685985623
-29.5,133.0,30.890618890520425
-29.5,133.25,30.89638550695537
-29.5,133.5,31.19686480978839
-29.5,133.75,31.382419283762605
-29.5,134.0,31.310716957655163
-29.5,134.25,31.283058150447005
-29.5,134.5,30.98260576298043
-29.5,134.75,30.82413258736352
-29.5,135.0,30.978073070933167
-29.5,135.25,31.173844123639746
-29.5,135.5,31.264411806313827
-29.5,135.75,31.15209741888958
-29.5,136.0,31.08565366881099
-29.5,136.25,30.889232196889147
-29.5,136.5,30.801210976516092
-29.5,136.75,30.74143920438056
-29.5,137.0,30.722354333864082
-29.5,137.25,30.63562974829601
-29.5,137.5,30.481513820339423
-29.5,137.75,30.22504395385007
-29.5,138.0,29.947256015463818
-29.5,138.25,29.623632386464323
-29.5,138.5,29.406319322981986
-29.5,138.75,29.171040937680438
-29.5,139.0,29.018695175868444
-29.5,139.25,28.948593909039737
-29.5,139.5,29.00988332706703
-29.5,139.75,29.41322660540964
-29.5,140.0,29.962287956252045
-29.5,140.25,30.13697032328833
-29.5,140.5,29.894145365430344
-29.5,140.75,29.60353494415667
-29.5,141.0,29.651322270417385
-29.5,141.25,29.73747383233837
-29.5,141.5,29.874642758655234
-29.5,141.75,30.09499767170427
-29.5,142.0,30.10803802924529
-29.5,142.25,29.978381200592516
-29.5,142.5,29.76486642852183
-29.5,142.75,29.47735785461021
-29.5,143.0,29.120175694920963
-29.5,143.25,28.72088645043794
-29.5,143.5,28.796847280702973
-29.5,143.75,28.988399990179335
-29.5,144.0,29.29540410085054
-29.5,144.25,29.392529783734425
-29.5,144.5,29.332126706937323
-29.5,144.75,29.25609472130573
-29.5,145.0,29.082565506359952
-29.5,145.25,28.908135993226274
-29.5,145.5,28.858826378063622
-29.5,145.75,28.902927894190203
-29.5,146.0,29.013106612925743
-29.5,146.25,28.981582190864017
-29.5,146.5,28.83096980033817
-29.5,146.75,28.66436786734881
-29.5,147.0,28.381860040739575
-29.5,147.25,28.24993141004638
-29.5,147.5,28.21338816979086
-29.5,147.75,28.219755283818554
-29.5,148.0,28.23373813356311
-29.5,148.25,28.217295567578827
-29.5,148.5,28.23135918619661
-29.5,148.75,28.06100196425155
-29.5,149.0,27.79827470323242
-29.5,149.25,27.65906231360687
-29.5,149.5,27.384801631111095
-29.5,149.75,27.4061269378361
-29.5,150.0,27.41444898811591
-29.5,150.25,27.539752879288457
-29.5,150.5,27.466149902240335
-29.5,150.75,27.466537100991268
-29.5,151.0,27.722344781054208
-29.5,151.25,27.880813273715336
-29.5,151.5,27.865445369074422
-29.5,151.75,28.07580144008358
-29.5,152.0,28.765917260466342
-29.5,152.25,28.989499638516627
-29.5,152.5,28.020083956575665
-29.5,152.75,26.488528122278296
-29.5,153.0,25.521891934705668
-29.5,153.25,25.210307967223002
-29.5,153.5,24.640664688287277
-29.75,114.75,30.83067645608052
-29.75,115.0,29.844836999689576
-29.75,115.25,29.249854605117
-29.75,115.5,29.582284821174696
-29.75,115.75,29.941376034413313
-29.75,116.0,30.31080500669288
-29.75,116.25,30.476525156816702
-29.75,116.5,30.669370719751733
-29.75,116.75,30.622366497800567
-29.75,117.0,30.691086629244595
-29.75,117.25,30.817104163223306
-29.75,117.5,30.99180899982679
-29.75,117.75,30.979619970013076
-29.75,118.0,30.89878035781249
-29.75,118.25,30.83736116264618
-29.75,118.5,30.67736063361081
-29.75,118.75,30.794713373964086
-29.75,119.0,31.19980347209733
-29.75,119.25,31.605176716053876
-29.75,119.5,31.981453565015155
-29.75,119.75,31.907286516716404
-29.75,120.0,31.914926156569262
-29.75,120.25,32.036310982338144
-29.75,120.5,32.14051492575549
-29.75,120.75,32.25442853657719
-29.75,121.0,32.21722292184992
-29.75,121.25,32.270856150876654
-29.75,121.5,32.50240804722359
-29.75,121.75,32.58724175813427
-29.75,122.0,32.69252964586858
-29.75,122.25,32.65422656786281
-29.75,122.5,32.55153669470534
-29.75,122.75,32.433565179918965
-29.75,123.0,32.69604947490235
-29.75,123.25,32.86105199183906
-29.75,123.5,32.84920410144098
-29.75,123.75,32.71866879649825
-29.75,124.0,32.69854683963219
-29.75,124.25,32.734093754240426
-29.75,124.5,32.65074329577364
-29.75,124.75,32.532141717204574
-29.75,125.0,32.681292098716575
-29.75,125.25,33.161217799366426
-29.75,125.5,33.25522703171154
-29.75,125.75,33.22418464410781
-29.75,126.0,33.17424195220624
-29.75,126.25,33.23290460021554
-29.75,126.5,33.2491605895913
-29.75,126.75,33.20785452273659
-29.75,127.0,33.276476191764
-29.75,127.25,33.25714001268258
-29.75,127.5,33.20788077219407
-29.75,127.75,33.02463227329288
-29.75,128.0,32.82132270904063
-29.75,128.25,32.73328486166287
-29.75,128.5,32.786060546250475
-29.75,128.75,32.9521138458702
-29.75,129.0,32.80116671659746
-29.75,129.25,32.48816496616824
-29.75,129.5,32.19805530159199
-29.75,129.75,31.745177313900616
-29.75,130.0,31.53151527250883
-29.75,130.25,31.542305449918512
-29.75,130.5,31.502619892468054
-29.75,130.75,31.365279209830238
-29.75,131.0,31.328588401048478
-29.75,131.25,31.174569479907493
-29.75,131.5,31.088075938346073
-29.75,131.75,30.819836527941117
-29.75,132.0,30.93947345956857
-29.75,132.25,30.72154504609777
-29.75,132.5,30.711793979674272
-29.75,132.75,30.95099632269583
-29.75,133.0,30.822851944328715
-29.75,133.25,31.043073227133263
-29.75,133.5,31.197415961606318
-29.75,133.75,31.333555744860995
-29.75,134.0,31.3495005034604
-29.75,134.25,31.250767635724685
-29.75,134.5,31.30262741165311
-29.75,134.75,31.012104257034252
-29.75,135.0,30.95864895069544
-29.75,135.25,31.103314811386053
-29.75,135.5,31.15535732042297
-29.75,135.75,31.280404907882847
-29.75,136.0,31.172504048593215
-29.75,136.25,31.088094576094534
-29.75,136.5,30.960456409412647
-29.75,136.75,30.816154663402482
-29.75,137.0,30.719454204705762
-29.75,137.25,30.654423650665407
-29.75,137.5,30.499741598472728
-29.75,137.75,30.30903602964453
-29.75,138.0,30.051909166020927
-29.75,138.25,29.791873586443632
-29.75,138.5,29.63341810152178
-29.75,138.75,29.24444376211251
-29.75,139.0,29.111104726743417
-29.75,139.25,28.85694317709781
-29.75,139.5,29.26674741614533
-29.75,139.75,29.38190033817529
-29.75,140.0,29.989216607856996
-29.75,140.25,30.4251473063234
-29.75,140.5,30.17405091833408
-29.75,140.75,30.000266999065197
-29.75,141.0,29.88985332113803
-29.75,141.25,29.966407479492133
-29.75,141.5,30.233984476527585
-29.75,141.75,30.423488779879975
-29.75,142.0,30.410668231776025
-29.75,142.25,30.148417144966256
-29.75,142.5,29.82575756253048
-29.75,142.75,29.428046942519465
-29.75,143.0,28.957472215597548
-29.75,143.25,28.977096871014954
-29.75,143.5,28.952395793124875
-29.75,143.75,29.259037105989247
-29.75,144.0,29.435156431267213
-29.75,144.25,29.41300439102117
-29.75,144.5,29.417479280765367
-29.75,144.75,29.285034605631605
-29.75,145.0,29.166485106832244
-29.75,145.25,29.111228983514955
-29.75,145.5,29.006558404112802
-29.75,145.75,29.024661500733238
-29.75,146.0,29.044442462663277
-29.75,146.25,29.016283965886032
-29.75,146.5,28.957045040869684
-29.75,146.75,28.76159521982193
-29.75,147.0,28.635210583786492
-29.75,147.25,28.410020386405336
-29.75,147.5,28.415429400214343
-29.75,147.75,28.36049454750087
-29.75,148.0,28.3239919865762
-29.75,148.25,28.327755662812223
-29.75,148.5,28.251085797108125
-29.75,148.75,28.150463101412143
-29.75,149.0,27.905709327471754
-29.75,149.25,27.64999730725806
-29.75,149.5,27.440136413392146
-29.75,149.75,27.274418253312206
-29.75,150.0,27.50812655950817
-29.75,150.25,27.689380438339356
-29.75,150.5,27.481698964149576
-29.75,150.75,27.398664631621937
-29.75,151.0,27.589986377512126
-29.75,151.25,27.83163348666613
-29.75,151.5,28.011108015573768
-29.75,151.75,28.404533600495586
-29.75,152.0,29.32584690696772
-29.75,152.25,29.33800024021326
-29.75,152.5,28.636472509471496
-29.75,152.75,27.348406085784884
-29.75,153.0,26.313297910083822
-29.75,153.25,24.827316402780326
-29.75,153.5,24.351664712649846
-30.0,114.75,30.905787529913766
-30.0,115.0,30.36088334165562
-30.0,115.25,29.705705551764417
-30.0,115.5,29.670085009258006
-30.0,115.75,30.123973739314852
-30.0,116.0,30.400725851530666
-30.0,116.25,30.467459984184266
-30.0,116.5,30.746090638956712
-30.0,116.75,30.884455618882527
-30.0,117.0,30.99444365514164
-30.0,117.25,31.03177139136003
-30.0,117.5,31.118147590571077
-30.0,117.75,31.122662186752535
-30.0,118.0,31.12698395202239
-30.0,118.25,31.01486444359912
-30.0,118.5,30.975104420640626
-30.0,118.75,30.83684626177972
-30.0,119.0,30.890915152388125
-30.0,119.25,31.137067421754164
-30.0,119.5,31.47118114163648
-30.0,119.75,31.821339820680198
-30.0,120.0,31.9265380214665
-30.0,120.25,32.03616898201678
-30.0,120.5,32.14066628415923
-30.0,120.75,32.233628947302414
-30.0,121.0,32.37968780560389
-30.0,121.25,32.44941086833888
-30.0,121.5,32.54618730126673
-30.0,121.75,32.59196412028616
-30.0,122.0,32.73634247242337
-30.0,122.25,32.95553826470002
-30.0,122.5,32.964969002270344
-30.0,122.75,32.75136638993929
-30.0,123.0,32.65227806807774
-30.0,123.25,32.78302934642845
-30.0,123.5,32.87883385287374
-30.0,123.75,32.796240610921515
-30.0,124.0,32.767811345073056
-30.0,124.25,32.672524638521196
-30.0,124.5,32.59630713129022
-30.0,124.75,32.58450289696869
-30.0,125.0,32.66503009683097
-30.0,125.25,33.129573156639005
-30.0,125.5,33.22974842242117
-30.0,125.75,33.136113797711346
-30.0,126.0,33.117912418113015
-30.0,126.25,33.20971370227124
-30.0,126.5,33.249028072017964
-30.0,126.75,33.31289385436284
-30.0,127.0,33.261714780184576
-30.0,127.25,33.22357524204819
-30.0,127.5,33.079066929963794
-30.0,127.75,32.88660211183468
-30.0,128.0,32.77755941462531
-30.0,128.25,32.607701326613366
-30.0,128.5,32.55922219776898
-30.0,128.75,32.69444113402617
-30.0,129.0,32.61853382452921
-30.0,129.25,32.567734214277536
-30.0,129.5,32.29181677576682
-30.0,129.75,32.047147969810624
-30.0,130.0,31.727976134546036
-30.0,130.25,31.620633085332337
-30.0,130.5,31.614451019392074
-30.0,130.75,31.32887986721532
-30.0,131.0,31.0492389128025
-30.0,131.25,30.856451935116084
-30.0,131.5,30.842269795684878
-30.0,131.75,30.977085472629426
-30.0,132.0,30.9771763786773
-30.0,132.25,31.01215762353636
-30.0,132.5,30.719215310693848
-30.0,132.75,30.823191469561046
-30.0,133.0,30.962806882334352
-30.0,133.25,31.04690042826183
-30.0,133.5,31.13192947315633
-30.0,133.75,31.133931362956286
-30.0,134.0,31.021787907637066
-30.0,134.25,31.089093331829417
-30.0,134.5,31.024850110524753
-30.0,134.75,31.096177790583305
-30.0,135.0,30.96159120880254
-30.0,135.25,30.980023422534337
-30.0,135.5,31.19365432024621
-30.0,135.75,31.236224106585194
-30.0,136.0,31.332708672807357
-30.0,136.25,31.214436135768437
-30.0,136.5,31.0618785903383
-30.0,136.75,30.925769349725932
-30.0,137.0,30.832619551977
-30.0,137.25,30.82438478809874
-30.0,137.5,30.653287350831754
-30.0,137.75,30.46663213217297
-30.0,138.0,30.137630712855664
-30.0,138.25,29.90076007797975
-30.0,138.5,29.953577610964413
-30.0,138.75,29.26853629525193
-30.0,139.0,29.094321586081456
-30.0,139.25,29.758247369915328
-30.0,139.5,29.727480915531213
-30.0,139.75,29.692760387232095
-30.0,140.0,30.106832232881395
-30.0,140.25,30.625958154127794
-30.0,140.5,30.571106218742703
-30.0,140.75,30.340041966154548
-30.0,141.0,30.25917248835676
-30.0,141.25,30.3068558770978
-30.0,141.5,30.493460061132215
-30.0,141.75,30.6668494470617
-30.0,142.0,30.594960626717587
-30.0,142.25,30.340544619511714
-30.0,142.5,29.8279052058745
-30.0,142.75,29.33415000887592
-30.0,143.0,29.1980747201241
-30.0,143.25,29.14501944659454
-30.0,143.5,29.389515264526317
-30.0,143.75,29.48100517025113
-30.0,144.0,29.508827196620064
-30.0,144.25,29.554545563269922
-30.0,144.5,29.399805387096094
-30.0,144.75,29.304160870773018
-30.0,145.0,29.20035954124592
-30.0,145.25,29.190140586887075
-30.0,145.5,29.230422173614155
-30.0,145.75,29.193940410096193
-30.0,146.0,29.155342686827986
-30.0,146.25,29.032057649873792
-30.0,146.5,28.955597657268093
-30.0,146.75,28.899945576986433
-30.0,147.0,28.712809771874436
-30.0,147.25,28.63599739180692
-30.0,147.5,28.620057550084283
-30.0,147.75,28.46544089929137
-30.0,148.0,28.44842940715534
-30.0,148.25,28.374225275957528
-30.0,148.5,28.381882047675376
-30.0,148.75,28.33506666292295
-30.0,149.0,28.051183987647615
-30.0,149.25,27.672844506189097
-30.0,149.5,27.278229622871105
-30.0,149.75,27.041436837565666
-30.0,150.0,27.273374148700047
-30.0,150.25,27.272485116947937
-30.0,150.5,27.1733227810032
-30.0,150.75,27.119316743406802
-30.0,151.0,27.37465124557723
-30.0,151.25,27.667942463747963
-30.0,151.5,28.11981440833487
-30.0,151.75,29.201804054702276
-30.0,152.0,30.150112191947397
-30.0,152.25,29.6887124557979
-30.0,152.5,28.83256721889809
-30.0,152.75,27.22149010454778
-30.0,153.0,25.55785157724009
-30.0,153.25,24.43641772219511
-30.0,153.5,24.108930029340357
-30.25,114.75,30.922056785014117
-30.25,115.0,30.699242514879042
-30.25,115.25,29.816822309794063
-30.25,115.5,29.715342569132115
-30.25,115.75,30.146662422382814
-30.25,116.0,30.457645865965606
-30.25,116.25,30.481029719412792
-30.25,116.5,30.706922023724644
-30.25,116.75,30.917188701532854
-30.25,117.0,31.104767102545747
-30.25,117.25,31.177598326115973
-30.25,117.5,31.17137799234993
-30.25,117.75,31.217697468821243
-30.25,118.0,31.31302852284501
-30.25,118.25,31.277587137048798
-30.25,118.5,31.187481068845365
-30.25,118.75,31.08192031995695
-30.25,119.0,30.954129815012198
-30.25,119.25,30.99731815269983
-30.25,119.5,31.173773655029873
-30.25,119.75,31.516430144320793
-30.25,120.0,31.879333772422637
-30.25,120.25,32.09477008696755
-30.25,120.5,32.21618291829839
-30.25,120.75,32.35863960534314
-30.25,121.0,32.54478487029396
-30.25,121.25,32.65114348228795
-30.25,121.5,32.57902271575693
-30.25,121.75,32.62540810625762
-30.25,122.0,32.82437635401456
-30.25,122.25,33.10972609188913
-30.25,122.5,33.27257365421098
-30.25,122.75,33.0888048355358
-30.25,123.0,32.89973637988509
-30.25,123.25,32.82608191511482
-30.25,123.5,32.86293750918101
-30.25,123.75,32.87803892064096
-30.25,124.0,32.74391519750855
-30.25,124.25,32.56731299407564
-30.25,124.5,32.54360722583197
-30.25,124.75,32.6478761402033
-30.25,125.0,32.783657383932464
-30.25,125.25,33.0019792660005
-30.25,125.5,33.10741368045691
-30.25,125.75,33.05118647298275
-30.25,126.0,33.011342147625165
-30.25,126.25,33.061073759620506
-30.25,126.5,33.06520659724274
-30.25,126.75,33.11460546842704
-30.25,127.0,33.13064351005793
-30.25,127.25,33.110314503524776
-30.25,127.5,32.94625884965411
-30.25,127.75,32.76235172148623
-30.25,128.0,32.61297153246496
-30.25,128.25,32.44820018950612
-30.25,128.5,32.2713478274943
-30.25,128.75,32.18509657228605
-30.25,129.0,32.2316137677219
-30.25,129.25,32.23279254314152
-30.25,129.5,32.16994596570245
-30.25,129.75,32.083617167102034
-30.25,130.0,31.89793690045365
-30.25,130.25,31.585748041082933
-30.25,130.5,31.565609687190392
-30.25,130.75,31.445477874336675
-30.25,131.0,31.169261472034332
-30.25,131.25,30.912965956705456
-30.25,131.5,30.566684729801405
-30.25,131.75,30.442504224579253
-30.25,132.0,30.67648108531548
-30.25,132.25,30.954904888383584
-30.25,132.5,30.8412647031658
-30.25,132.75,30.822192803954945
-30.25,133.0,30.90615004091475
-30.25,133.25,30.983966739176164
-30.25,133.5,30.8638768239104
-30.25,133.75,30.726729047252967
-30.25,134.0,30.653007396675726
-30.25,134.25,30.733967175291944
-30.25,134.5,30.81293992603204
-30.25,134.75,30.89060040070191
-30.25,135.0,30.930187992780457
-30.25,135.25,30.997768478595976
-30.25,135.5,31.150641449411086
-30.25,135.75,31.327942798672126
-30.25,136.0,31.41372332639424
-30.25,136.25,31.399010817880107
-30.25,136.5,31.282814943938494
-30.25,136.75,31.186835986872886
-30.25,137.0,31.10625434664444
-30.25,137.25,31.131292913679925
-30.25,137.5,30.953434742452316
-30.25,137.75,30.593290149997426
-30.25,138.0,30.350925778406275
-30.25,138.25,30.12743180722401
-30.25,138.5,30.05987102432278
-30.25,138.75,29.304536864432297
-30.25,139.0,29.626483206248356
-30.25,139.25,30.122898474471175
-30.25,139.5,30.204781892617607
-30.25,139.75,29.872695381830827
-30.25,140.0,30.342071169366474
-30.25,140.25,30.808469693949558
-30.25,140.5,30.771604022156435
-30.25,140.75,30.685090129864758
-30.25,141.0,30.574818949065893
-30.25,141.25,30.540350747327142
-30.25,141.5,30.56578202278435
-30.25,141.75,30.62172921557482
-30.25,142.0,30.524040753541925
-30.25,142.25,30.25271512935341
-30.25,142.5,29.8934170464969
-30.25,142.75,29.547448210782196
-30.25,143.0,29.401305886967787
-30.25,143.25,29.455831108092966
-30.25,143.5,29.592754437083105
-30.25,143.75,29.592767592771928
-30.25,144.0,29.62773841235191
-30.25,144.25,29.585264844353283
-30.25,144.5,29.473828558205433
-30.25,144.75,29.356022583372656
-30.25,145.0,29.250129562884773
-30.25,145.25,29.227175446466497
-30.25,145.5,29.25682282463885
-30.25,145.75,29.30785346178466
-30.25,146.0,29.280360801840867
-30.25,146.25,29.14478048934286
-30.25,146.5,29.062798012592722
-30.25,146.75,28.9177552258157
-30.25,147.0,28.835864244772917
-30.25,147.25,28.74506106421383
-30.25,147.5,28.757961598068565
-30.25,147.75,28.59490571591488
-30.25,148.0,28.548780517667456
-30.25,148.25,28.494330316404238
-30.25,148.5,28.463201782133652
-30.25,148.75,28.411410232868196
-30.25,149.0,28.004510326119107
-30.25,149.25,27.4921099938068
-30.25,149.5,26.891306813144215
-30.25,149.75,26.527707763883313
-30.25,150.0,27.02422999983459
-30.25,150.25,27.466730483818914
-30.25,150.5,27.479078187056693
-30.25,150.75,27.412659842738417
-30.25,151.0,27.52919244923273
-30.25,151.25,27.725342682823683
-30.25,151.5,28.244746916920995
-30.25,151.75,29.027000972209688
-30.25,152.0,29.78604549164272
-30.25,152.25,29.546221544961927
-30.25,152.5,28.43937843547608
-30.25,152.75,26.811200492537466
-30.25,153.0,24.86417016675212
-30.25,153.25,23.916812822352334
-30.5,114.75,31.010048200605272
-30.5,115.0,30.774258860821256
-30.5,115.25,29.766424202941536
-30.5,115.5,29.37816445072343
-30.5,115.75,29.975079712603566
-30.5,116.0,30.351741247052093
-30.5,116.25,30.505737625633405
-30.5,116.5,30.710999315850717
-30.5,116.75,30.83473785966683
-30.5,117.0,31.020291532819872
-30.5,117.25,31.156265254348323
-30.5,117.5,31.204462572468334
-30.5,117.75,31.246379030864585
-30.5,118.0,31.40757269021703
-30.5,118.25,31.388807239508044
-30.5,118.5,31.334666306025426
-30.5,118.75,31.304526361035517
-30.5,119.0,31.2480536912188
-30.5,119.25,31.182631813198988
-30.5,119.5,31.202713819157406
-30.5,119.75,31.320956440771443
-30.5,120.0,31.62787669753971
-30.5,120.25,31.903660316204927
-30.5,120.5,32.175882019736214
-30.5,120.75,32.3493808343445
-30.5,121.0,32.55251927271622
-30.5,121.25,32.6989953535782
-30.5,121.5,32.69715454503914
-30.5,121.75,32.658068848006096
-30.5,122.0,32.735836612567596
-30.5,122.25,32.91668447886341
-30.5,122.5,33.07880828754718
-30.5,122.75,33.13364983857941
-30.5,123.0,33.06284453519902
-30.5,123.25,32.91512705277503
-30.5,123.5,32.802229808990184
-30.5,123.75,32.664980512345004
-30.5,124.0,32.52610847378124
-30.5,124.25,32.43397807273076
-30.5,124.5,32.4802737031589
-30.5,124.75,32.66554713953841
-30.5,125.0,32.72149867527622
-30.5,125.25,32.769295472617124
-30.5,125.5,32.816100720650276
-30.5,125.75,32.85500131079538
-30.5,126.0,32.92647615982653
-30.5,126.25,32.91921405822615
-30.5,126.5,32.90581465590064
-30.5,126.75,32.882434042076376
-30.5,127.0,32.88530301266202
-30.5,127.25,32.840933446602655
-30.5,127.5,32.67012524032134
-30.5,127.75,32.41416411530471
-30.5,128.0,32.23098875786127
-30.5,128.25,32.005884855035085
-30.5,128.5,31.87011054674312
-30.5,128.75,31.83504758865152
-30.5,129.0,31.827143672235575
-30.5,129.25,31.80036597557437
-30.5,129.5,31.665846581934403
-30.5,129.75,31.657971735435908
-30.5,130.0,31.66944269911482
-30.5,130.25,31.553194265464732
-30.5,130.5,31.353313364253733
-30.5,130.75,31.235666900535424
-30.5,131.0,31.13758352514812
-30.5,131.25,31.0776573110477
-30.5,131.5,30.81904354490825
-30.5,131.75,30.405252081687998
-30.5,132.0,30.376865098985746
-30.5,132.25,30.658066823036016
-30.5,132.5,30.926143591803513
-30.5,132.75,30.916828859952926
-30.5,133.0,30.877495485009586
-30.5,133.25,30.920628017063493
-30.5,133.5,30.894329481658975
-30.5,133.75,30.70492607542698
-30.5,134.0,30.505800965914002
-30.5,134.25,30.51607625852973
-30.5,134.5,30.66795402662474
-30.5,134.75,30.89002033422266
-30.5,135.0,30.95751298064307
-30.5,135.25,31.035260019863653
-30.5,135.5,31.163144817709814
-30.5,135.75,31.382278643989924
-30.5,136.0,31.584175532132555
-30.5,136.25,31.58610002893272
-30.5,136.5,31.528561013926602
-30.5,136.75,31.4082385268153
-30.5,137.0,31.193445534902896
-30.5,137.25,31.171435022349286
-30.5,137.5,31.092798983465343
-30.5,137.75,30.94593191965346
-30.5,138.0,30.680777157778984
-30.5,138.25,30.166756817107277
-30.5,138.5,29.74376191336339
-30.5,138.75,29.744752755847582
-30.5,139.0,30.07002087174867
-30.5,139.25,30.20161292057347
-30.5,139.5,30.15891734269167
-30.5,139.75,30.16298514176948
-30.5,140.0,30.602704840055555
-30.5,140.25,30.885196499334597
-30.5,140.5,30.794957289700953
-30.5,140.75,30.860369576619853
-30.5,141.0,30.75990262353621
-30.5,141.25,30.557158994541457
-30.5,141.5,30.356059580652307
-30.5,141.75,30.26330181097256
-30.5,142.0,30.24608389318652
-30.5,142.25,30.13752481552827
-30.5,142.5,29.98940582388757
-30.5,142.75,29.793775584167875
-30.5,143.0,29.731956023169182
-30.5,143.25,29.71915886550462
-30.5,143.5,29.67491393671289
-30.5,143.75,29.634393801414017
-30.5,144.0,29.635852776271605
-30.5,144.25,29.525626776965627
-30.5,144.5,29.465691802316957
-30.5,144.75,29.41201738127492
-30.5,145.0,29.35007625573379
-30.5,145.25,29.211236343898612
-30.5,145.5,29.138887980029423
-30.5,145.75,29.188293012857415
-30.5,146.0,29.252943765165732
-30.5,146.25,29.337199347156517
-30.5,146.5,29.38607970250205
-30.5,146.75,29.28597010398455
-30.5,147.0,29.124286118971764
-30.5,147.25,28.971424741649006
-30.5,147.5,29.05636595043541
-30.5,147.75,28.87107905557008
-30.5,148.0,28.72744323806154
-30.5,148.25,28.58794825615988
-30.5,148.5,28.446751945554688
-30.5,148.75,28.280513139874632
-30.5,149.0,27.77940970791976
-30.5,149.25,27.17147727290009
-30.5,149.5,26.69342565734413
-30.5,149.75,26.556361857691872
-30.5,150.0,27.220695622469023
-30.5,150.25,27.974070761068486
-30.5,150.5,28.286705673476817
-30.5,150.75,27.969569778953556
-30.5,151.0,27.999986123725616
-30.5,151.25,28.11103993203697
-30.5,151.5,28.477335501790044
-30.5,151.75,28.934702874991626
-30.5,152.0,29.258692218710273
-30.5,152.25,29.009189588127672
-30.5,152.5,28.75591147126785
-30.5,152.75,27.65190376224581
-30.5,153.0,25.11817733581229
-30.5,153.25,23.68694313893466
-30.75,115.0,30.94180976506942
-30.75,115.25,30.215398815803585
-30.75,115.5,29.454571914319466
-30.75,115.75,29.78504021828131
-30.75,116.0,30.185335003735663
-30.75,116.25,30.548601868865077
-30.75,116.5,30.82553457527456
-30.75,116.75,30.817163642312867
-30.75,117.0,30.97430580245911
-30.75,117.25,31.15499668800749
-30.75,117.5,31.263779374646518
-30.75,117.75,31.216835813868222
-30.75,118.0,31.282884050278668
-30.75,118.25,31.248572032029987
-30.75,118.5,31.2415597204169
-30.75,118.75,31.46420679495131
-30.75,119.0,31.66406543014436
-30.75,119.25,31.624976232207295
-30.75,119.5,31.526225914166634
-30.75,119.75,31.496068710933123
-30.75,120.0,31.597189599414968
-30.75,120.25,31.803140280958594
-30.75,120.5,31.94067820544078
-30.75,120.75,32.07250751443108
-30.75,121.0,32.355399809827354
-30.75,121.25,32.70230599998618
-30.75,121.5,32.82063602674348
-30.75,121.75,32.78360942459893
-30.75,122.0,32.755606621973044
-30.75,122.25,32.71404506919169
-30.75,122.5,32.7333487037526
-30.75,122.75,32.860847029109
-30.75,123.0,32.89692310287823
-30.75,123.25,32.917743845977796
-30.75,123.5,32.74727363550735
-30.75,123.75,32.60653567485814
-30.75,124.0,32.527750779366556
-30.75,124.25,32.486721061895494
-30.75,124.5,32.54537308089654
-30.75,124.75,32.639402561437585
-30.75,125.0,32.655209313431044
-30.75,125.25,32.65211523787569
-30.75,125.5,32.61145904904694
-30.75,125.75,32.58349882234782
-30.75,126.0,32.58774747826781
-30.75,126.25,32.57886512563194
-30.75,126.5,32.60704605377607
-30.75,126.75,32.619947668424295
-30.75,127.0,32.4959454657679
-30.75,127.25,32.36394630624296
-30.75,127.5,32.203399248171145
-30.75,127.75,32.005775807883694
-30.75,128.0,31.806168956631105
-30.75,128.25,31.531480181139212
-30.75,128.5,31.39083547219825
-30.75,128.75,31.34256631896777
-30.75,129.0,31.372876147893265
-30.75,129.25,31.37675077092013
-30.75,129.5,31.17082476812578
-30.75,129.75,31.039865060514764
-30.75,130.0,30.97735573999818
-30.75,130.25,30.976330055252728
-30.75,130.5,30.742261996794433
-30.75,130.75,30.60627834943299
-30.75,131.0,30.57489180440723
-30.75,131.25,30.613691364662344
-30.75,131.5,30.602349392649625
-30.75,131.75,30.517501361760065
-30.75,132.0,30.37261461245419
-30.75,132.25,30.395548624434262
-30.75,132.5,30.513904198516055
-30.75,132.75,30.598581147349428
-30.75,133.0,30.595892638088436
-30.75,133.25,30.714327685036146
-30.75,133.5,31.005621878640056
-30.75,133.75,31.160088282010143
-30.75,134.0,31.004957519032985
-30.75,134.25,30.798875015474547
-30.75,134.5,30.773856020699206
-30.75,134.75,31.009044500280876
-30.75,135.0,31.255499430011866
-30.75,135.25,31.2860252601363
-30.75,135.5,31.287525461785265
-30.75,135.75,31.356053337869046
-30.75,136.0,31.624424738316943
-30.75,136.25,31.78333622277767
-30.75,136.5,31.679230513627783
-30.75,136.75,31.48789143650267
-30.75,137.0,31.258353301098435
-30.75,137.25,31.140616029001716
-30.75,137.5,31.11727680315876
-30.75,137.75,31.142758049401987
-30.75,138.0,31.097911953461995
-30.75,138.25,30.169486793057438
-30.75,138.5,29.223154296660795
-30.75,138.75,29.81289338932882
-30.75,139.0,30.149798816251074
-30.75,139.25,30.1978865454319
-30.75,139.5,30.270676038462295
-30.75,139.75,30.55618516939368
-30.75,140.0,30.876673408834566
-30.75,140.25,30.832437546475514
-30.75,140.5,30.70028751977645
-30.75,140.75,30.797638109652265
-30.75,141.0,30.63518640275105
-30.75,141.25,30.33139938625079
-30.75,141.5,30.083323043492882
-30.75,141.75,30.209190905855493
-30.75,142.0,30.347786076443125
-30.75,142.25,30.258818668873374
-30.75,142.5,30.167206486617747
-30.75,142.75,30.06107334196879
-30.75,143.0,29.974936997035496
-30.75,143.25,29.946152987565277
-30.75,143.5,29.804764941097744
-30.75,143.75,29.64905426504938
-30.75,144.0,29.61843229645192
-30.75,144.25,29.58306671243435
-30.75,144.5,29.64518360134305
-30.75,144.75,29.581304968644503
-30.75,145.0,29.46278256177909
-30.75,145.25,29.220146268662326
-30.75,145.5,29.12521354192293
-30.75,145.75,29.169326567264182
-30.75,146.0,29.29088965698857
-30.75,146.25,29.46799578536331
-30.75,146.5,29.620683367007082
-30.75,146.75,29.56687191279665
-30.75,147.0,29.378171656630553
-30.75,147.25,29.172062494563654
-30.75,147.5,29.246000495921674
-30.75,147.75,28.986921486387338
-30.75,148.0,28.796981235568577
-30.75,148.25,28.600422313756017
-30.75,148.5,28.436841688060007
-30.75,148.75,28.255285688415324
-30.75,149.0,27.754100815436207
-30.75,149.25,27.310550200178007
-30.75,149.5,27.10468114218586
-30.75,149.75,26.99672312841071
-30.75,150.0,27.317357355812476
-30.75,150.25,28.108553158981728
-30.75,150.5,28.466416247533388
-30.75,150.75,28.11833436285804
-30.75,151.0,28.142542379582814
-30.75,151.25,28.28296455746
-30.75,151.5,28.7440825090673
-30.75,151.75,29.376351440657988
-30.75,152.0,28.92055546755964
-30.75,152.25,28.890482309218946
-30.75,152.5,29.24986867659722
-30.75,152.75,28.37222388385685
-30.75,153.0,24.767158722602254
-30.75,153.25,23.596078204559706
-31.0,115.0,31.126267787997442
-31.0,115.25,30.888027610745425
-31.0,115.5,29.992667863115845
-31.0,115.75,29.92276719432082
-31.0,116.0,30.084206478096
-31.0,116.25,30.492604970568372
-31.0,116.5,30.8144759343197
-31.0,116.75,30.79900753759817
-31.0,117.0,30.92100318674755
-31.0,117.25,31.102732557887222
-31.0,117.5,31.208746059196475
-31.0,117.75,31.294398990687956
-31.0,118.0,31.35737393973369
-31.0,118.25,31.302620290477034
-31.0,118.5,31.353063118758584
-31.0,118.75,31.562019845335012
-31.0,119.0,31.90435509223827
-31.0,119.25,32.03566952295903
-31.0,119.5,31.96571750466669
-31.0,119.75,31.835354143062553
-31.0,120.0,31.848864231713407
-31.0,120.25,31.902002248828314
-31.0,120.5,31.769925504336438
-31.0,120.75,31.79762370147057
-31.0,121.0,32.03254598917611
-31.0,121.25,32.40066034541769
-31.0,121.5,32.52028583177827
-31.0,121.75,32.521644720842126
-31.0,122.0,32.43824142627066
-31.0,122.25,32.49421818643282
-31.0,122.5,32.57868752608442
-31.0,122.75,32.621048400118454
-31.0,123.0,32.68136907387756
-31.0,123.25,32.697038371061396
-31.0,123.5,32.49837630283094
-31.0,123.75,32.38822868711525
-31.0,124.0,32.35397744142381
-31.0,124.25,32.412706661002495
-31.0,124.5,32.40609342434628
-31.0,124.75,32.31136308532458
-31.0,125.0,32.293916583543805
-31.0,125.25,32.26934623855127
-31.0,125.5,32.310004910284725
-31.0,125.75,32.31524559265852
-31.0,126.0,32.259488392145514
-31.0,126.25,32.19339754229936
-31.0,126.5,32.16697088127975
-31.0,126.75,32.09163479741735
-31.0,127.0,31.93530552489561
-31.0,127.25,31.755258032190927
-31.0,127.5,31.55968869627109
-31.0,127.75,31.298059536541487
-31.0,128.0,31.262655399323602
-31.0,128.25,31.162249985062367
-31.0,128.5,30.979790643940337
-31.0,128.75,30.890642911137522
-31.0,129.0,30.779497648809883
-31.0,129.25,30.733075438823978
-31.0,129.5,30.79977902364069
-31.0,129.75,30.62759526093006
-31.0,130.0,30.53539505612245
-31.0,130.25,30.443727335070236
-31.0,130.5,30.265716243144443
-31.0,130.75,30.146927473335037
-31.0,131.0,30.127389932447045
-31.0,131.25,30.150217491431416
-31.0,131.5,30.19478053465943
-31.0,131.75,30.272156307030226
-31.0,132.0,30.224775179822235
-31.0,132.25,30.106135268686554
-31.0,132.5,29.95185640588022
-31.0,132.75,30.10353480357758
-31.0,133.0,30.294751803656
-31.0,133.25,30.615546671659057
-31.0,133.5,30.86341440447091
-31.0,133.75,31.161432471000246
-31.0,134.0,31.349953186841383
-31.0,134.25,31.165297409627858
-31.0,134.5,30.970620464749317
-31.0,134.75,30.9778470579634
-31.0,135.0,31.435261172451344
-31.0,135.25,31.625475570345742
-31.0,135.5,31.630548318503887
-31.0,135.75,31.6034069152023
-31.0,136.0,31.687929701940813
-31.0,136.25,31.78254280391103
-31.0,136.5,31.684037465900982
-31.0,136.75,31.437144330519093
-31.0,137.0,31.364479592130717
-31.0,137.25,31.27660677236072
-31.0,137.5,31.219135190358525
-31.0,137.75,31.313099347404037
-31.0,138.0,31.374215219238785
-31.0,138.25,30.045480165715592
-31.0,138.5,28.698539851694676
-31.0,138.75,29.52624151307964
-31.0,139.0,30.36342984637639
-31.0,139.25,30.31740783315286
-31.0,139.5,30.39712748691793
-31.0,139.75,30.740390968813035
-31.0,140.0,30.7670060838925
-31.0,140.25,30.676417208282764
-31.0,140.5,30.59775645861553
-31.0,140.75,30.651645249991457
-31.0,141.0,30.480039594155958
-31.0,141.25,30.195029353107728
-31.0,141.5,30.197944455347525
-31.0,141.75,30.437487906598566
-31.0,142.0,30.4659380217915
-31.0,142.25,30.33155771067767
-31.0,142.5,30.22349535458593
-31.0,142.75,30.309050791840278
-31.0,143.0,30.275494893006194
-31.0,143.25,30.174396630814385
-31.0,143.5,30.010313155907117
-31.0,143.75,29.78447145404154
-31.0,144.0,29.71181540397822
-31.0,144.25,29.68993305746553
-31.0,144.5,29.72652985527785
-31.0,144.75,29.656023665515583
-31.0,145.0,29.44258515038812
-31.0,145.25,29.35806806242906
-31.0,145.5,29.392789797282845
-31.0,145.75,29.38875046946499
-31.0,146.0,29.454792827311437
-31.0,146.25,29.56790747421809
-31.0,146.5,29.651282414160463
-31.0,146.75,29.599247335595308
-31.0,147.0,29.407272969897015
-31.0,147.25,29.265982771351403
-31.0,147.5,29.270526828783787
-31.0,147.75,29.047555173749338
-31.0,148.0,28.88054637318573
-31.0,148.25,28.64077321958201
-31.0,148.5,28.37047101311981
-31.0,148.75,28.058631207735985
-31.0,149.0,27.78942943009192
-31.0,149.25,27.676485614361457
-31.0,149.5,27.636863238954717
-31.0,149.75,27.430327394461752
-31.0,150.0,27.237426319641003
-31.0,150.25,27.70427332960308
-31.0,150.5,28.06900080263777
-31.0,150.75,28.091098011315655
-31.0,151.0,27.99186483175841
-31.0,151.25,28.299316165825932
-31.0,151.5,28.916847759862836
-31.0,151.75,29.724893027559038
-31.0,152.0,29.178184725229986
-31.0,152.25,28.772575866335202
-31.0,152.5,28.62463093202998
-31.0,152.75,26.877643471845662
-31.0,153.0,24.203409936224258
-31.0,153.25,23.637109751771085
-31.25,115.25,31.120347968505627
-31.25,115.5,30.682269001035685
-31.25,115.75,29.952607343986745
-31.25,116.0,30.100408206338013
-31.25,116.25,30.398320913850732
-31.25,116.5,30.80162908154038
-31.25,116.75,30.855490683234837
-31.25,117.0,30.948216968285784
-31.25,117.25,31.15885939012909
-31.25,117.5,31.313018194881614
-31.25,117.75,31.38308593691729
-31.25,118.0,31.35710299941606
-31.25,118.25,31.40114509953154
-31.25,118.5,31.49761653964938
-31.25,118.75,31.612903545078645
-31.25,119.0,31.847566524768506
-31.25,119.25,32.03533816197163
-31.25,119.5,32.044723611165246
-31.25,119.75,31.927903185371296
-31.25,120.0,31.994702393946806
-31.25,120.25,31.937182778625775
-31.25,120.5,31.772395545974085
-31.25,120.75,31.547265911527713
-31.25,121.0,31.667272535863578
-31.25,121.25,31.918710779489217
-31.25,121.5,32.09389678916517
-31.25,121.75,32.09398418842865
-31.25,122.0,32.0526261120322
-31.25,122.25,32.00029020442925
-31.25,122.5,32.196415924599556
-31.25,122.75,32.4175370223106
-31.25,123.0,32.47076384613058
-31.25,123.25,32.53589191989537
-31.25,123.5,32.40261282665106
-31.25,123.75,32.24156590557905
-31.25,124.0,32.12380643630732
-31.25,124.25,32.11851735164059
-31.25,124.5,32.14592874671611
-31.25,124.75,32.00362668112772
-31.25,125.0,31.91319179269165
-31.25,125.25,31.871061580443843
-31.25,125.5,31.88037897986707
-31.25,125.75,31.827196322969787
-31.25,126.0,31.764643060216216
-31.25,126.25,31.660943625065002
-31.25,126.5,31.52694611358257
-31.25,126.75,31.400114538888527
-31.25,127.0,31.309988707460025
-31.25,127.25,31.191121917168807
-31.25,127.5,30.954930901570158
-31.25,127.75,30.76309943586336
-31.25,128.0,30.65678638578446
-31.25,128.25,30.572057550027
-31.25,128.5,30.49788083288626
-31.25,128.75,30.305219433646023
-31.25,129.0,30.23828213412097
-31.25,129.25,30.151199589683326
-31.25,129.5,30.165135122917615
-31.25,129.75,30.255027060525265
-31.25,130.0,30.108007223895342
-31.25,130.25,29.986884972463454
-31.25,130.5,29.995046451366328
-31.25,130.75,29.88480485080037
-31.25,131.0,29.800508486935986
-31.25,131.25,29.783215224379493
-31.25,131.5,29.76021614235483
-31.25,131.75,29.85093840961912
-31.25,132.0,29.875732914240803
-31.25,132.25,30.006533652929118
-31.25,132.5,29.880356712791716
-31.25,132.75,29.87000547902349
-31.25,133.0,30.217417934168687
-31.25,133.25,30.433119697119555
-31.25,133.5,30.58637479616021
-31.25,133.75,30.853343862272048
-31.25,134.0,31.069556987525807
-31.25,134.25,31.17858092970959
-31.25,134.5,30.997123743946325
-31.25,134.75,31.003552944096917
-31.25,135.0,31.358915870744926
-31.25,135.25,31.54359334199459
-31.25,135.5,31.803135953169118
-31.25,135.75,31.813553536084797
-31.25,136.0,31.800422788186435
-31.25,136.25,31.694543545195568
-31.25,136.5,31.597358646463874
-31.25,136.75,31.528158233591878
-31.25,137.0,31.44281108510814
-31.25,137.25,31.390831778475285
-31.25,137.5,31.32291419754074
-31.25,137.75,31.41419347114683
-31.25,138.0,31.44456717769355
-31.25,138.25,30.127859765457618
-31.25,138.5,28.900892039800066
-31.25,138.75,29.973848310225797
-31.25,139.0,30.50308825983284
-31.25,139.25,30.512240871963964
-31.25,139.5,30.495759343626258
-31.25,139.75,30.53843460664119
-31.25,140.0,30.421658177152935
-31.25,140.25,30.287242710592835
-31.25,140.5,30.35753101266333
-31.25,140.75,30.520986496736864
-31.25,141.0,30.323791700114977
-31.25,141.25,30.258995902746907
-31.25,141.5,30.258554624182757
-31.25,141.75,30.544885335338122
-31.25,142.0,30.64168804675526
-31.25,142.25,30.468349017974788
-31.25,142.5,30.474762558463794
-31.25,142.75,30.419840587107608
-31.25,143.0,30.396065967485132
-31.25,143.25,30.300224771685265
-31.25,143.5,30.115395168767797
-31.25,143.75,29.939580448276903
-31.25,144.0,29.882085122047748
-31.25,144.25,29.791191175446546
-31.25,144.5,29.847069888687347
-31.25,144.75,29.643037154659257
-31.25,145.0,29.67197586189825
-31.25,145.25,29.73691146731451
-31.25,145.5,29.658494131986778
-31.25,145.75,29.657269922101232
-31.25,146.0,29.6630209239773
-31.25,146.25,29.714479593926356
-31.25,146.5,29.70664768240489
-31.25,146.75,29.613137865757924
-31.25,147.0,29.454461351957338
-31.25,147.25,29.318278222830486
-31.25,147.5,29.236034309828376
-31.25,147.75,29.118625332203163
-31.25,148.0,28.970453997288015
-31.25,148.25,28.701135131519592
-31.25,148.5,28.354034530946212
-31.25,148.75,28.062732790441984
-31.25,149.0,28.390200795293726
-31.25,149.25,28.408636005615662
-31.25,149.5,28.346710731577822
-31.25,149.75,27.868635457810846
-31.25,150.0,27.536572370028637
-31.25,150.25,27.14595915956648
-31.25,150.5,27.44759084853318
-31.25,150.75,27.774821459784427
-31.25,151.0,28.117434402501
-31.25,151.25,28.60757853928567
-31.25,151.5,29.334201997787368
-31.25,151.75,29.929028776674805
-31.25,152.0,29.644801291251078
-31.25,152.25,28.812396710907255
-31.25,152.5,27.99969620324642
-31.25,152.75,25.74199759347818
-31.25,153.0,23.861589312568444
-31.25,153.25,23.688513159348407
-31.5,115.5,31.10110052819547
-31.5,115.75,30.63160294727736
-31.5,116.0,30.06697767742227
-31.5,116.25,30.34781223411699
-31.5,116.5,30.874922915111778
-31.5,116.75,30.9699170151639
-31.5,117.0,31.152910924119613
-31.5,117.25,31.241893276405946
-31.5,117.5,31.386747449950377
-31.5,117.75,31.511165261720343
-31.5,118.0,31.354550569422987
-31.5,118.25,31.28696083671408
-31.5,118.5,31.409850777408167
-31.5,118.75,31.583705420445355
-31.5,119.0,31.823416549059786
-31.5,119.25,32.02236884398724
-31.5,119.5,32.06861197727122
-31.5,119.75,31.899758781574057
-31.5,120.0,31.894599630244038
-31.5,120.25,31.89144866923399
-31.5,120.5,31.756763639127517
-31.5,120.75,31.558500426200045
-31.5,121.0,31.31613475863014
-31.5,121.25,31.435777939758456
-31.5,121.5,31.653250630903564
-31.5,121.75,31.86660850654507
-31.5,122.0,31.793143125979974
-31.5,122.25,31.651506293483298
-31.5,122.5,31.8093313449016
-31.5,122.75,32.03505691434947
-31.5,123.0,32.15235208138515
-31.5,123.25,32.18457800385872
-31.5,123.5,32.11988658113694
-31.5,123.75,31.943134974330953
-31.5,124.0,31.811394141974795
-31.5,124.25,31.71318526752658
-31.5,124.5,31.68240493486141
-31.5,124.75,31.588734189452435
-31.5,125.0,31.545841211235896
-31.5,125.25,31.46314464133546
-31.5,125.5,31.391816482499074
-31.5,125.75,31.236972004500306
-31.5,126.0,31.145212970306122
-31.5,126.25,31.004345695179016
-31.5,126.5,30.8506649128543
-31.5,126.75,30.78929032622458
-31.5,127.0,30.721345736029033
-31.5,127.25,30.53671727311526
-31.5,127.5,30.336056976253083
-31.5,127.75,30.148347534643182
-31.5,128.0,30.10173701496174
-31.5,128.25,30.070139349061392
-31.5,128.5,29.88948013334079
-31.5,128.75,29.744377801112602
-31.5,129.0,29.587380440734535
-31.5,129.25,29.536830559661635
-31.5,129.5,29.547354090295727
-31.5,129.75,29.53968225572894
-31.5,130.0,29.674224512898228
-31.5,130.25,29.60109167631064
-31.5,130.5,29.639073715500928
-31.5,130.75,29.76597873127577
-31.5,131.0,29.68856171564565
-31.5,131.25,29.683097012009846
-31.5,131.5,29.55369341472769
-31.5,131.75,29.5435564920484
-31.5,132.0,29.563782187231933
-31.5,132.25,29.64335500371483
-31.5,132.5,29.917871656200028
-31.5,132.75,29.843135347332826
-31.5,133.0,30.030710282556058
-31.5,133.25,30.2021467751636
-31.5,133.5,30.284710962731374
-31.5,133.75,30.583683370663994
-31.5,134.0,30.797942282732595
-31.5,134.25,30.831336260750877
-31.5,134.5,30.776512009371437
-31.5,134.75,30.760378254780147
-31.5,135.0,31.128903735406528
-31.5,135.25,31.4257807764758
-31.5,135.5,31.699990997568246
-31.5,135.75,31.878179229956995
-31.5,136.0,31.839327490331147
-31.5,136.25,31.737720352060986
-31.5,136.5,31.62864366577059
-31.5,136.75,31.485626723533176
-31.5,137.0,31.49859613109788
-31.5,137.25,31.420053816490004
-31.5,137.5,31.390340836015884
-31.5,137.75,31.45880141153116
-31.5,138.0,31.356496703800065
-31.5,138.25,30.321178968309813
-31.5,138.5,29.824672959596263
-31.5,138.75,30.37653982241944
-31.5,139.0,30.68289917324986
-31.5,139.25,30.6168256788197
-31.5,139.5,30.506333393490905
-31.5,139.75,30.285889577324145
-31.5,140.0,30.013697406621304
-31.5,140.25,29.94305917623688
-31.5,140.5,30.031086488132857
-31.5,140.75,30.23794009398198
-31.5,141.0,30.236137527296542
-31.5,141.25,30.066045288361902
-31.5,141.5,30.44637545732636
-31.5,141.75,30.665762412366785
-31.5,142.0,30.745520152757596
-31.5,142.25,30.734990828321898
-31.5,142.5,30.602773966344692
-31.5,142.75,30.526349061374432
-31.5,143.0,30.496068376551197
-31.5,143.25,30.383079631245046
-31.5,143.5,30.159092362644984
-31.5,143.75,30.011992267081272
-31.5,144.0,30.042724176219767
-31.5,144.25,29.9543721707973
-31.5,144.5,29.82844195548594
-31.5,144.75,29.957386748637916
-31.5,145.0,29.91524995586908
-31.5,145.25,29.939929533083145
-31.5,145.5,29.903652405841942
-31.5,145.75,29.794983873892004
-31.5,146.0,29.836032037469007
-31.5,146.25,29.859924318527387
-31.5,146.5,29.77815761475375
-31.5,146.75,29.636944910796082
-31.5,147.0,29.483659663939125
-31.5,147.25,29.334660606301906
-31.5,147.5,29.192256312949443
-31.5,147.75,29.061583794835364
-31.5,148.0,28.912490909998798
-31.5,148.25,28.61463684968934
-31.5,148.5,28.369589236342915
-31.5,148.75,28.16623686240773
-31.5,149.0,28.47660219220704
-31.5,149.25,28.833680011282784
-31.5,149.5,28.734955320605234
-31.5,149.75,28.26100459781602
-31.5,150.0,27.78122249566392
-31.5,150.25,27.192467778054326
-31.5,150.5,26.96508546648229
-31.5,150.75,27.46616747352429
-31.5,151.0,28.32704366694934
-31.5,151.25,29.132267940183535
-31.5,151.5,29.811369848043235
-31.5,151.75,29.98337086487528
-31.5,152.0,29.093244176458995
-31.5,152.25,28.03320956995974
-31.5,152.5,27.050168945427128
-31.5,152.75,24.878179610772943
-31.5,153.0,23.738707862011648
-31.75,115.5,31.12943035235168
-31.75,115.75,30.770642260457624
-31.75,116.0,30.408666714907458
-31.75,116.25,30.383828915302487
-31.75,116.5,30.898859653444912
-31.75,116.75,31.024336278390326
-31.75,117.0,31.163788604259985
-31.75,117.25,31.3052114614725
-31.75,117.5,31.405516263992112
-31.75,117.75,31.54501003074129
-31.75,118.0,31.350188085501728
-31.75,118.25,31.216808565788696
-31.75,118.5,31.30411680301166
-31.75,118.75,31.429415370851974
-31.75,119.0,31.64095909929296
-31.75,119.25,31.82748296796834
-31.75,119.5,31.990007836969752
-31.75,119.75,31.839923748207262
-31.75,120.0,31.736314649989644
-31.75,120.25,31.689563511892548
-31.75,120.5,31.558774089009642
-31.75,120.75,31.379234690790994
-31.75,121.0,31.104835559860064
-31.75,121.25,31.21896045214502
-31.75,121.5,31.55238008399364
-31.75,121.75,31.698758337838736
-31.75,122.0,31.68796265342397
-31.75,122.25,31.480513320977632
-31.75,122.5,31.470244932463395
-31.75,122.75,31.636371228858067
-31.75,123.0,31.748706785313008
-31.75,123.25,31.6485138273967
-31.75,123.5,31.58130737137847
-31.75,123.75,31.45306351181867
-31.75,124.0,31.381403581790646
-31.75,124.25,31.24772140263442
-31.75,124.5,31.201196767482767
-31.75,124.75,31.12361439542256
-31.75,125.0,31.069392376507285
-31.75,125.25,31.099518898618356
-31.75,125.5,30.975392487948724
-31.75,125.75,30.770193004965833
-31.75,126.0,30.579147178206334
-31.75,126.25,30.404394949566537
-31.75,126.5,30.234133607511325
-31.75,126.75,30.15857277336407
-31.75,127.0,30.09450908975841
-31.75,127.25,30.08788340071544
-31.75,127.5,29.876719066169535
-31.75,127.75,29.697423172302145
-31.75,128.0,29.61271007055187
-31.75,128.25,29.518540227259003
-31.75,128.5,29.357358292331625
-31.75,128.75,29.15834503492064
-31.75,129.0,29.090279652343877
-31.75,129.25,29.077117290396686
-31.75,129.5,29.032819993957283
-31.75,129.75,29.03896781385181
-31.75,130.0,29.055092423422536
-31.75,130.25,29.19999527392591
-31.75,130.5,29.321299794482165
-31.75,130.75,29.396965015315804
-31.75,131.0,29.66325614835821
-31.75,131.25,29.725729418124015
-31.75,131.5,29.701132328487702
-31.75,131.75,29.60032823468719
-31.75,132.0,29.651396635701985
-31.75,132.25,29.602136434205253
-31.75,132.5,29.84042291686141
-31.75,132.75,29.762579217770814
-31.75,133.0,29.814836086159183
-31.75,133.25,29.90276147124553
-31.75,133.5,29.94395369531048
-31.75,133.75,30.123759986116525
-31.75,134.0,30.354114758491843
-31.75,134.25,30.450058862217112
-31.75,134.5,30.309474280894676
-31.75,134.75,30.34104473143034
-31.75,135.0,30.770943247170013
-31.75,135.25,31.16336583174713
-31.75,135.5,31.40860304013513
-31.75,135.75,31.753384719802813
-31.75,136.0,31.842347903217576
-31.75,136.25,31.791468647079245
-31.75,136.5,31.53731380256957
-31.75,136.75,31.57194472411417
-31.75,137.0,31.45501959229031
-31.75,137.25,31.42246214684284
-31.75,137.5,31.52947346882572
-31.75,137.75,31.419082401757727
-31.75,138.0,31.24052169260309
-31.75,138.25,30.339525833149928
-31.75,138.5,29.972773937953786
-31.75,138.75,30.582017769099085
-31.75,139.0,30.757715076278394
-31.75,139.25,30.6785097073152
-31.75,139.5,30.527655058014723
-31.75,139.75,30.187751547955873
-31.75,140.0,29.888275725178037
-31.75,140.25,29.745326529660023
-31.75,140.5,29.831607259759075
-31.75,140.75,30.026998457635976
-31.75,141.0,30.037777273768324
-31.75,141.25,30.49039677257862
-31.75,141.5,30.66383565558083
-31.75,141.75,30.860887615698385
-31.75,142.0,30.930308243666758
-31.75,142.25,30.87192949386185
-31.75,142.5,30.76684409211938
-31.75,142.75,30.645423765999062
-31.75,143.0,30.564772128971835
-31.75,143.25,30.507850131290674
-31.75,143.5,30.29025421880939
-31.75,143.75,30.129632693433628
-31.75,144.0,30.145284858535902
-31.75,144.25,30.046317415043582
-31.75,144.5,30.08774953889365
-31.75,144.75,30.08285281779134
-31.75,145.0,30.10830387519899
-31.75,145.25,30.046542397253955
-31.75,145.5,29.917521528866963
-31.75,145.75,29.99240571907297
-31.75,146.0,29.948332323435075
-31.75,146.25,29.955323189595262
-31.75,146.5,29.858427120062984
-31.75,146.75,29.660900912177137
-31.75,147.0,29.43655811430956
-31.75,147.25,29.303439664808323
-31.75,147.5,29.092258520104807
-31.75,147.75,28.895629041202323
-31.75,148.0,28.703634083600214
-31.75,148.25,28.531970613125566
-31.75,148.5,28.310578702803127
-31.75,148.75,28.181278133542193
-31.75,149.0,28.3684557392647
-31.75,149.25,28.670505883791243
-31.75,149.5,28.56802279814304
-31.75,149.75,28.277722583370355
-31.75,150.0,28.06309179647504
-31.75,150.25,27.625274896113325
-31.75,150.5,27.36560519114912
-31.75,150.75,27.620602461494105
-31.75,151.0,28.40740696650718
-31.75,151.25,29.15923065186844
-31.75,151.5,29.445849208299116
-31.75,151.75,29.542411744795878
-31.75,152.0,28.16672821273809
-31.75,152.25,27.145188134634576
-31.75,152.5,25.65768325606208
-31.75,152.75,24.430281645339754
-31.75,153.0,23.720798061879943
-32.0,115.5,30.983638856222385
-32.0,115.75,30.803439417618723
-32.0,116.0,30.47954426576337
-32.0,116.25,30.487481576688335
-32.0,116.5,30.862643989555977
-32.0,116.75,31.010454326574106
-32.0,117.0,31.211198784332854
-32.0,117.25,31.32481119528747
-32.0,117.5,31.425021053246603
-32.0,117.75,31.568386019036588
-32.0,118.0,31.50004753469116
-32.0,118.25,31.370662541791706
-32.0,118.5,31.328076359649398
-32.0,118.75,31.35551784211682
-32.0,119.0,31.438417553853586
-32.0,119.25,31.45993649555981
-32.0,119.5,31.587980201062255
-32.0,119.75,31.702454177591573
-32.0,120.0,31.66202801567545
-32.0,120.25,31.50464335702486
-32.0,120.5,31.20596468106312
-32.0,120.75,30.94898587043371
-32.0,121.0,30.94100873805287
-32.0,121.25,31.114046370432938
-32.0,121.5,31.36426758541497
-32.0,121.75,31.448443232687723
-32.0,122.0,31.36011469562618
-32.0,122.25,31.264454877103944
-32.0,122.5,31.21699496569523
-32.0,122.75,31.303560950814102
-32.0,123.0,31.265076483889946
-32.0,123.25,31.13540586379093
-32.0,123.5,31.1191367335162
-32.0,123.75,30.955402697490698
-32.0,124.0,30.8857400219234
-32.0,124.25,30.85112952192196
-32.0,124.5,30.801666107106886
-32.0,124.75,30.69811302074765
-32.0,125.0,30.753108803815454
-32.0,125.25,30.711554018231944
-32.0,125.5,30.642598048632415
-32.0,125.75,30.36912533918778
-32.0,126.0,30.13271136357589
-32.0,126.25,29.908133738572623
-32.0,126.5,29.720753603856522
-32.0,126.75,29.652839920449843
-32.0,127.0,29.65995498013248
-32.0,127.25,29.663443686996494
-32.0,127.5,29.56738792475026
-32.0,127.75,29.338652712914126
-32.0,128.0,29.129829716813465
-32.0,128.25,28.999855933288153
-32.0,128.5,28.88931681643001
-32.0,128.75,28.885057975029827
-32.0,129.0,28.778424431943
-32.0,129.25,28.799268503223843
-32.0,131.75,29.677052542993735
-32.0,132.0,29.77074405485917
-32.0,132.25,29.825618099145537
-32.0,132.5,29.946309409428345
-32.0,132.75,29.945539655476576
-32.0,133.0,29.953264319095247
-32.0,133.25,29.993485735107402
-32.0,133.5,29.991636274111226
-32.0,133.75,29.89554628767308
-32.0,134.0,29.879183049778096
-32.0,134.25,30.017833144452315
-32.0,134.5,30.10031784297144
-32.0,134.75,30.090984893584096
-32.0,135.0,30.374663439182076
-32.0,135.25,30.823078801389922
-32.0,135.5,31.17977108847864
-32.0,135.75,31.460870506194336
-32.0,136.0,31.735944236117852
-32.0,136.25,31.61063734061509
-32.0,136.5,31.51475158036535
-32.0,136.75,31.28891808064097
-32.0,137.0,31.328651279451183
-32.0,137.25,31.402102588542455
-32.0,137.5,31.498800052444945
-32.0,137.75,31.512179392934254
-32.0,138.0,31.138838292648096
-32.0,138.25,30.636242045091176
-32.0,138.5,30.020560362913912
-32.0,138.75,30.686307168284348
-32.0,139.0,30.814290052255334
-32.0,139.25,30.847977575581606
-32.0,139.5,30.627766782311056
-32.0,139.75,30.284365690067762
-32.0,140.0,29.919355605436742
-32.0,140.25,29.978089222301147
-32.0,140.5,29.99775940158622
-32.0,140.75,30.1334402094291
-32.0,141.0,30.44038667395532
-32.0,141.25,30.69915943303037
-32.0,141.5,31.064332080448672
-32.0,141.75,31.06640498909903
-32.0,142.0,31.047206017073027
-32.0,142.25,30.978729009885498
-32.0,142.5,30.8485852884125
-32.0,142.75,30.72077479057574
-32.0,143.0,30.65109021276525
-32.0,143.25,30.5509690533268
-32.0,143.5,30.449843208575864
-32.0,143.75,30.294904252009793
-32.0,144.0,30.262682603100455
-32.0,144.25,30.30612347452967
-32.0,144.5,30.223876484075443
-32.0,144.75,30.28851899779929
-32.0,145.0,30.260411800940417
-32.0,145.25,30.149433393038745
-32.0,145.5,30.025298054193918
-32.0,145.75,30.001500664388317
-32.0,146.0,30.044186998781253
-32.0,146.25,30.012906663814817
-32.0,146.5,29.926051539678067
-32.0,146.75,29.65309149772439
-32.0,147.0,29.405133697267097
-32.0,147.25,29.237307011708296
-32.0,147.5,29.02687854366966
-32.0,147.75,28.799709825728264
-32.0,148.0,28.592241071488548
-32.0,148.25,28.384502348154857
-32.0,148.5,28.24942436622237
-32.0,148.75,28.1815859792882
-32.0,149.0,28.264535640407864
-32.0,149.25,28.225509780143586
-32.0,149.5,28.084441236354618
-32.0,149.75,28.15978894684692
-32.0,150.0,28.36710309423897
-32.0,150.25,28.187762030626484
-32.0,150.5,27.831767062332556
-32.0,150.75,28.06361984655897
-32.0,151.0,28.54569842338772
-32.0,151.25,29.12206200675344
-32.0,151.5,29.516580728033052
-32.0,151.75,29.24666578124918
-32.0,152.0,27.61505530675009
-32.0,152.25,26.522226487513652
-32.0,152.5,24.988834919753153
-32.0,152.75,24.09534392957759
-32.25,115.5,30.915035605442473
-32.25,115.75,30.75779583123861
-32.25,116.0,30.49585977067379
-32.25,116.25,30.473616711831248
-32.25,116.5,30.8201133545552
-32.25,116.75,31.059014825152566
-32.25,117.0,31.269773630018463
-32.25,117.25,31.401334412242562
-32.25,117.5,31.441901920245247
-32.25,117.75,31.572799714114808
-32.25,118.0,31.576734853205426
-32.25,118.25,31.592237526926027
-32.25,118.5,31.528034629443304
-32.25,118.75,31.502146866188284
-32.25,119.0,31.47510342359243
-32.25,119.25,31.36617493576285
-32.25,119.5,31.271748272668557
-32.25,119.75,31.413634714934826
-32.25,120.0,31.50843192887206
-32.25,120.25,31.361306152128545
-32.25,120.5,31.05728286490682
-32.25,120.75,30.757154581849537
-32.25,121.0,30.744067671107945
-32.25,121.25,30.77950584709628
-32.25,121.5,30.81107421236085
-32.25,121.75,30.853978717427246
-32.25,122.0,30.928483918557
-32.25,122.25,30.886312565838548
-32.25,122.5,30.91085270347751
-32.25,122.75,30.95336044168943
-32.25,123.0,30.83081183712694
-32.25,123.25,30.7541034965435
-32.25,123.5,30.757863323709508
-32.25,123.75,30.537292047326826
-32.25,124.0,30.46014627099868
-32.25,124.25,30.38733270061363
-32.25,124.5,30.395950244797927
-32.25,124.75,30.37348706198644
-32.25,125.0,30.39212868804625
-32.25,125.25,30.262062719205954
-32.25,125.5,30.11600486605914
-32.25,125.75,29.764726040083083
-32.25,126.0,29.525505699023682
-32.25,126.25,29.346938924184915
-32.25,126.5,29.290773347087114
-32.25,126.75,29.24618690374505
-32.25,127.0,29.214482201364046
-32.25,127.25,29.169316584913418
-32.25,127.5,29.124169964321094
-32.25,127.75,29.051916765541044
-32.25,128.0,28.84502946561903
-32.25,128.25,28.616675700747756
-32.25,132.25,29.801198264047727
-32.25,132.5,29.91956108670015
-32.25,132.75,29.99363950268209
-32.25,133.0,30.085908645930655
-32.25,133.25,30.173299848857912
-32.25,133.5,30.265913891654254
-32.25,133.75,30.16183686048774
-32.25,134.0,30.0304727696205
-32.25,134.25,29.87144903926103
-32.25,134.5,30.00624008509579
-32.25,134.75,30.119053661824832
-32.25,135.0,30.10144496381128
-32.25,135.25,30.4858718438153
-32.25,135.5,30.862742183622284
-32.25,135.75,31.2523429429123
-32.25,136.0,31.537975348160472
-32.25,136.25,31.420426237981214
-32.25,136.5,31.149864225728315
-32.25,136.75,31.108271325452968
-32.25,137.0,31.11916513665489
-32.25,137.25,31.24446135557682
-32.25,137.5,31.410477511189214
-32.25,137.75,31.28519213148045
-32.25,138.0,31.014132798568372
-32.25,138.25,30.844205375783112
-32.25,138.5,30.558092572228013
-32.25,138.75,30.66045043484311
-32.25,139.0,30.773042433016254
-32.25,139.25,31.02151443844051
-32.25,139.5,30.728907652267875
-32.25,139.75,30.435148787625508
-32.25,140.0,30.522673252343512
-32.25,140.25,30.460438911091085
-32.25,140.5,30.510413938896615
-32.25,140.75,30.626151735547218
-32.25,141.0,30.833274959054613
-32.25,141.25,31.086779054991233
-32.25,141.5,31.240797265687387
-32.25,141.75,31.19192988687534
-32.25,142.0,31.183388351101655
-32.25,142.25,31.049716397600005
-32.25,142.5,30.924797984703623
-32.25,142.75,30.83483755395479
-32.25,143.0,30.717527146318147
-32.25,143.25,30.60810934505489
-32.25,143.5,30.540984723301797
-32.25,143.75,30.477528762449655
-32.25,144.0,30.44914889099288
-32.25,144.25,30.50203281109045
-32.25,144.5,30.43814923009181
-32.25,144.75,30.33869964789695
-32.25,145.0,30.369104800939954
-32.25,145.25,30.31404852865801
-32.25,145.5,30.138743534213337
-32.25,145.75,30.150939785765715
-32.25,146.0,30.12716025533036
-32.25,146.25,30.026115608458575
-32.25,146.5,29.977592367470827
-32.25,146.75,29.751444663061356
-32.25,147.0,29.436646052204665
-32.25,147.25,29.26721961455089
-32.25,147.5,29.077911601436124
-32.25,147.75,28.8397301926659
-32.25,148.0,28.590401987975156
-32.25,148.25,28.305004712834574
-32.25,148.5,28.158156072191158
-32.25,148.75,28.057431134907226
-32.25,149.0,27.896800600295894
-32.25,149.25,27.883211700583587
-32.25,149.5,28.01966464032455
-32.25,149.75,28.316125020246705
-32.25,150.0,28.434360386580163
-32.25,150.25,28.185740790029538
-32.25,150.5,27.983339764999915
-32.25,150.75,28.051929838019234
-32.25,151.0,28.613553030148207
-32.25,151.25,29.644123360889875
-32.25,151.5,29.90594181964339
-32.25,151.75,29.458399132759308
-32.25,152.0,27.28473741564964
-32.25,152.25,26.190399002925044
-32.25,152.5,24.65942777510548
-32.25,152.75,24.26857344415958
-32.5,115.5,31.009325191012795
-32.5,115.75,30.88289979743727
-32.5,116.0,30.516120510626465
-32.5,116.25,30.478584128091494
-32.5,116.5,30.70992953818086
-32.5,116.75,30.979573328681628
-32.5,117.0,31.18208421498994
-32.5,117.25,31.340454912763537
-32.5,117.5,31.429533342416605
-32.5,117.75,31.564936074578362
-32.5,118.0,31.619826621915596
-32.5,118.25,31.64798127634563
-32.5,118.5,31.657395352529885
-32.5,118.75,31.613384218673303
-32.5,119.0,31.665908024656993
-32.5,119.25,31.56287144851084
-32.5,119.5,31.402245954820174
-32.5,119.75,31.202825070512993
-32.5,120.0,31.22433787618334
-32.5,120.25,31.309677533089626
-32.5,120.5,31.167098047715513
-32.5,120.75,30.891336244948246
-32.5,121.0,30.610450459805115
-32.5,121.25,30.45642166143558
-32.5,121.5,30.38543224477323
-32.5,121.75,30.44459664981821
-32.5,122.0,30.49070352448282
-32.5,122.25,30.500455355514084
-32.5,122.5,30.661437146211217
-32.5,122.75,30.693334974012988
-32.5,123.0,30.673409754306032
-32.5,123.25,30.55918078084425
-32.5,123.5,30.454633743195277
-32.5,123.75,30.298327417644717
-32.5,124.0,30.154578074114752
-32.5,124.25,30.04231511109043
-32.5,124.5,30.066268704593828
-32.5,124.75,30.156283523965403
-32.5,125.0,29.849011904846694
-32.5,125.25,29.53796373877612
-32.5,125.5,29.27608259334676
-32.5,125.75,28.981074247067035
-32.5,126.0,28.845465692519777
-32.5,126.25,28.883462730422668
-32.5,126.5,28.896887491060582
-32.5,126.75,28.905108024867474
-32.5,127.0,28.830342786214338
-32.5,127.25,28.70443666072673
-32.5,133.75,30.345434244148127
-32.5,134.0,30.244158218249627
-32.5,134.25,30.107836053756266
-32.5,134.5,29.97404163410017
-32.5,134.75,30.208966021165875
-32.5,135.0,30.220712763616152
-32.5,135.25,30.20778053749758
-32.5,135.5,30.41038931168538
-32.5,135.75,30.675884444068096
-32.5,136.0,30.9801797391081
-32.5,136.25,31.008452856678897
-32.5,136.5,31.041963618434046
-32.5,136.75,31.04181066892108
-32.5,137.0,31.059549840041356
-32.5,137.25,31.133244715275673
-32.5,137.5,31.21285760668396
-32.5,137.75,31.168772063756002
-32.5,138.0,30.674217609274
-32.5,138.25,30.625280688692847
-32.5,138.5,30.881934524233333
-32.5,138.75,30.780685852486968
-32.5,139.0,30.794861630112386
-32.5,139.25,30.824291809435728
-32.5,139.5,30.777684574568053
-32.5,139.75,31.023132308979225
-32.5,140.0,31.043752569760244
-32.5,140.25,31.014430537196017
-32.5,140.5,30.967625650274403
-32.5,140.75,31.05554718728358
-32.5,141.0,31.197341122214794
-32.5,141.25,31.292625910063556
-32.5,141.5,31.326069872990125
-32.5,141.75,31.235942792986165
-32.5,142.0,31.205506678699827
-32.5,142.25,31.126828600698605
-32.5,142.5,31.022448933515033
-32.5,142.75,30.999879040302854
-32.5,143.0,30.891184211834272
-32.5,143.25,30.693305165458913
-32.5,143.5,30.631083834286706
-32.5,143.75,30.614717445477645
-32.5,144.0,30.657130340388402
-32.5,144.25,30.694638730074477
-32.5,144.5,30.593174376272735
-32.5,144.75,30.479673133200567
-32.5,145.0,30.41722816448327
-32.5,145.25,30.355284319502697
-32.5,145.5,30.335310144773054
-32.5,145.75,30.296860670605383
-32.5,146.0,30.225487134992612
-32.5,146.25,30.053747106533464
-32.5,146.5,29.986361012757175
-32.5,146.75,29.81243947534149
-32.5,147.0,29.56937433274146
-32.5,147.25,29.372832965567742
-32.5,147.5,29.249510102643335
-32.5,147.75,29.001009319368833
-32.5,148.0,28.604833447254883
-32.5,148.25,28.25615468320257
-32.5,148.5,28.086524531667692
-32.5,148.75,28.00440686183867
-32.5,149.0,27.847582953265626
-32.5,149.25,27.857980134345798
-32.5,149.5,28.134714472712815
-32.5,149.75,28.620627985679924
-32.5,150.0,28.58155926035691
-32.5,150.25,28.243747783072838
-32.5,150.5,27.949585753113823
-32.5,150.75,27.881187442070516
-32.5,151.0,28.672806351748715
-32.5,151.25,29.555672888367532
-32.5,151.5,29.834109824135844
-32.5,151.75,28.641169206311268
-32.5,152.0,26.30405015186018
-32.5,152.25,25.446093098103056
-32.5,152.5,24.635345470955528
-32.75,115.5,31.073535349122782
-32.75,115.75,30.958630506182303
-32.75,116.0,30.55907956137238
-32.75,116.25,30.514570558773467
-32.75,116.5,30.650228419363216
-32.75,116.75,30.764682487582277
-32.75,117.0,30.994600517018817
-32.75,117.25,31.17792185759987
-32.75,117.5,31.295876253509885
-32.75,117.75,31.42760286584313
-32.75,118.0,31.533423697184958
-32.75,118.25,31.61981456240149
-32.75,118.5,31.605001990309127
-32.75,118.75,31.48840531792722
-32.75,119.0,31.509099398728242
-32.75,119.25,31.499277212763182
-32.75,119.5,31.380275484088596
-32.75,119.75,31.180985572132133
-32.75,120.0,30.971691593362756
-32.75,120.25,31.03564169065788
-32.75,120.5,30.93846347002359
-32.75,120.75,30.684729241011503
-32.75,121.0,30.365359276936534
-32.75,121.25,30.195412480578277
-32.75,121.5,30.156247849622453
-32.75,121.75,30.173953569013985
-32.75,122.0,30.159819088468517
-32.75,122.25,30.082997040236602
-32.75,122.5,30.24821624067052
-32.75,122.75,30.41107619374686
-32.75,123.0,30.469599253591273
-32.75,123.25,30.42629904547712
-32.75,123.5,30.279039987518146
-32.75,123.75,30.326869849906757
-32.75,124.0,30.278645891873342
-32.75,124.25,30.072082567670858
-32.75,124.5,29.647803807593775
-32.75,124.75,29.335927478363363
-32.75,125.0,28.887442679690345
-32.75,125.25,28.587540403714804
-32.75,125.5,28.393290296494495
-32.75,125.75,28.325112451051563
-32.75,134.0,30.22752643825682
-32.75,134.25,30.10527234758239
-32.75,134.5,29.94422075874924
-32.75,134.75,30.06638334881826
-32.75,135.0,30.39040678524406
-32.75,135.25,30.319192978968186
-32.75,135.5,30.221699937970293
-32.75,135.75,30.25194925773454
-32.75,136.0,30.52189917652647
-32.75,136.25,30.66295399465996
-32.75,136.5,30.769699339467486
-32.75,136.75,30.827646634245333
-32.75,137.0,30.889569726839984
-32.75,137.25,30.871740561295823
-32.75,137.5,31.029258325343317
-32.75,137.75,30.939452281699175
-32.75,138.0,30.476138745112536
-32.75,138.25,30.462331396970797
-32.75,138.5,30.8904490577031
-32.75,138.75,30.959221870905008
-32.75,139.0,30.989343150793182
-32.75,139.25,30.9745955873648
-32.75,139.5,31.099514053282093
-32.75,139.75,31.22021280089595
-32.75,140.0,31.30006821855651
-32.75,140.25,31.314911624556423
-32.75,140.5,31.282365963363773
-32.75,140.75,31.281686460534107
-32.75,141.0,31.376755179744293
-32.75,141.25,31.46294758939491
-32.75,141.5,31.393749656648637
-32.75,141.75,31.234114272770068
-32.75,142.0,31.128051853726557
-32.75,142.25,31.051697545068922
-32.75,142.5,31.047635732953182
-32.75,142.75,31.03864090878926
-32.75,143.0,31.016165214795148
-32.75,143.25,30.881307894448597
-32.75,143.5,30.755464621060664
-32.75,143.75,30.788039184690533
-32.75,144.0,30.90442224505874
-32.75,144.25,30.888364557317487
-32.75,144.5,30.72864115098337
-32.75,144.75,30.566087830726403
-32.75,145.0,30.490763647284783
-32.75,145.25,30.428243279276206
-32.75,145.5,30.44491884525404
-32.75,145.75,30.4821859628078
-32.75,146.0,30.377921656802524
-32.75,146.25,30.182360050807183
-32.75,146.5,29.972107911922798
-32.75,146.75,29.77951130476221
-32.75,147.0,29.648737130938123
-32.75,147.25,29.5383760215997
-32.75,147.5,29.398699080544226
-32.75,147.75,29.11077180174781
-32.75,148.0,28.78034041126088
-32.75,148.25,28.363661496910844
-32.75,148.5,28.228535350894592
-32.75,148.75,28.214240867605756
-32.75,149.0,28.132072861444758
-32.75,149.25,28.179540496780792
-32.75,149.5,28.54059700588008
-32.75,149.75,29.216736663837736
-32.75,150.0,29.33896788664803
-32.75,150.25,29.33774161299029
-32.75,150.5,29.191480752644942
-32.75,150.75,28.653990622875614
-32.75,151.0,28.184727349483065
-32.75,151.25,28.632930413394455
-32.75,151.5,28.622571315019464
-32.75,151.75,27.32078124951257
-32.75,152.0,25.596852476486987
-32.75,152.25,24.938821104942452
-33.0,115.5,31.116339356929835
-33.0,115.75,30.984412643091595
-33.0,116.0,30.55614112894803
-33.0,116.25,30.534174092250165
-33.0,116.5,30.72572390634129
-33.0,116.75,30.76568679546338
-33.0,117.0,30.844312295678456
-33.0,117.25,30.92949552860178
-33.0,117.5,30.994565241085283
-33.0,117.75,31.171445509662686
-33.0,118.0,31.334524282386184
-33.0,118.25,31.484315199927167
-33.0,118.5,31.49778998249598
-33.0,118.75,31.368915377308344
-33.0,119.0,31.20067786392658
-33.0,119.25,31.173968582345392
-33.0,119.5,31.109662480372496
-33.0,119.75,30.993302964813555
-33.0,120.0,30.804375635578715
-33.0,120.25,30.819358245474987
-33.0,120.5,30.742369105652166
-33.0,120.75,30.565386890943973
-33.0,121.0,30.31787842355668
-33.0,121.25,30.01663000249214
-33.0,121.5,29.83441144674854
-33.0,121.75,29.771418742737737
-33.0,122.0,29.742412830713725
-33.0,122.25,29.686923763916184
-33.0,122.5,29.800277904881263
-33.0,122.75,30.037326665585923
-33.0,123.0,30.185403949160857
-33.0,123.25,30.24674047865688
-33.0,123.5,30.217618541533337
-33.0,123.75,30.430521453421083
-33.0,124.0,30.147427951811192
-33.0,124.25,29.515003002935398
-33.0,124.5,28.730947998364204
-33.0,124.75,28.336917247588197
-33.0,125.0,28.118163277622834
-33.0,125.25,28.064164636189567
-33.0,134.0,30.02999796660909
-33.0,134.25,30.011970522318286
-33.0,134.5,29.918004279032335
-33.0,134.75,29.921840315395837
-33.0,135.0,30.094569194118645
-33.0,135.25,30.276495104230133
-33.0,135.5,30.30536537591385
-33.0,135.75,30.2574818966596
-33.0,136.0,30.30914620338684
-33.0,136.25,30.549349182055042
-33.0,136.5,30.763381631696994
-33.0,136.75,30.825691435817216
-33.0,137.0,30.798674075038594
-33.0,137.25,30.745494795241406
-33.0,137.5,30.988356795626117
-33.0,137.75,31.02992492647678
-33.0,138.0,30.630422329049697
-33.0,138.25,30.518159939630237
-33.0,138.5,30.692787543127906
-33.0,138.75,31.040308318871453
-33.0,139.0,31.295315357057408
-33.0,139.25,31.260678913724576
-33.0,139.5,31.143085567450527
-33.0,139.75,31.22063218420633
-33.0,140.0,31.258501038492742
-33.0,140.25,31.30404459632472
-33.0,140.5,31.41419873470485
-33.0,140.75,31.478920466742977
-33.0,141.0,31.50421486064015
-33.0,141.25,31.537969911920683
-33.0,141.5,31.419940341226088
-33.0,141.75,31.19833966609592
-33.0,142.0,31.075700129720953
-33.0,142.25,31.029436529116406
-33.0,142.5,31.033302746376467
-33.0,142.75,31.062092419092792
-33.0,143.0,31.099234699369127
-33.0,143.25,31.048303390395915
-33.0,143.5,30.89154523205376
-33.0,143.75,30.878893553481667
-33.0,144.0,31.031533458529285
-33.0,144.25,31.070611178478885
-33.0,144.5,30.83923970047058
-33.0,144.75,30.578001464574655
-33.0,145.0,30.47869318693684
-33.0,145.25,30.51932899979987
-33.0,145.5,30.471199595523593
-33.0,145.75,30.5370055192212
-33.0,146.0,30.537747634291005
-33.0,146.25,30.386587561554915
-33.0,146.5,30.078737708370852
-33.0,146.75,29.885984523361987
-33.0,147.0,29.726471667898757
-33.0,147.25,29.583752368719956
-33.0,147.5,29.518428996815977
-33.0,147.75,29.279515972709003
-33.0,148.0,29.096865134497357
-33.0,148.25,28.786210904988643
-33.0,148.5,28.559949657480104
-33.0,148.75,28.36500389495034
-33.0,149.0,28.487582178668198
-33.0,149.25,28.66841068964581
-33.0,149.5,29.070290608962594
-33.0,149.75,29.58893713922919
-33.0,150.0,29.73995755058932
-33.0,150.25,29.993971545092844
-33.0,150.5,30.103085327025955
-33.0,150.75,29.45888769205941
-33.0,151.0,28.524171231000718
-33.0,151.25,28.32525618369957
-33.0,151.5,26.961330481163778
-33.0,151.75,25.48255947668588
-33.0,152.0,24.84305445418832
-33.25,115.5,31.027819161153996
-33.25,115.75,30.740803147134972
-33.25,116.0,30.48532896669054
-33.25,116.25,30.49985636083602
-33.25,116.5,30.659057619615357
-33.25,116.75,30.765054275164033
-33.25,117.0,30.814932263609865
-33.25,117.25,30.867988707525175
-33.25,117.5,30.944844988854754
-33.25,117.75,31.056972599478392
-33.25,118.0,31.15285337329426
-33.25,118.25,31.327222890895797
-33.25,118.5,31.40533867466022
-33.25,118.75,31.29706562228193
-33.25,119.0,31.16561129390414
-33.25,119.25,31.13578059796732
-33.25,119.5,31.05243993633928
-33.25,119.75,30.925172753558638
-33.25,120.0,30.730977596557775
-33.25,120.25,30.63020176231639
-33.25,120.5,30.48085959989187
-33.25,120.75,30.271845123060597
-33.25,121.0,30.06287894195606
-33.25,121.25,29.74988948643957
-33.25,121.5,29.542967641110085
-33.25,121.75,29.455869134461093
-33.25,122.0,29.432177075030907
-33.25,122.25,29.49672297501311
-33.25,122.5,29.56481296169751
-33.25,122.75,29.700910956326705
-33.25,123.0,29.789712093412692
-33.25,123.25,29.832895736128386
-33.25,123.5,30.04085754459956
-33.25,123.75,30.018727787654964
-33.25,124.0,29.46406984968394
-33.25,124.25,28.666142475748824
-33.25,124.5,28.080785344313842
-33.25,124.75,27.93408807563828
-33.25,134.25,29.885644341246685
-33.25,134.5,29.96625492549354
-33.25,134.75,30.034096035989343
-33.25,135.0,29.951436398787244
-33.25,135.25,30.119796511178983
-33.25,135.5,30.228089680612513
-33.25,135.75,30.352158842533523
-33.25,136.0,30.331871772304112
-33.25,136.25,30.55890221848595
-33.25,136.5,30.91555646650152
-33.25,136.75,30.941540223821864
-33.25,137.0,30.812289590774043
-33.25,137.25,30.813596074525705
-33.25,137.5,31.073304687577522
-33.25,137.75,31.28475926697984
-33.25,138.0,30.97823128517308
-33.25,138.25,30.562996210622856
-33.25,138.5,30.34193606083353
-33.25,138.75,30.972321588233985
-33.25,139.0,31.47601879811592
-33.25,139.25,31.416730907369836
-33.25,139.5,31.017135086123744
-33.25,139.75,31.095131431126607
-33.25,140.0,31.191380862250487
-33.25,140.25,31.314208969528178
-33.25,140.5,31.43270820498129
-33.25,140.75,31.449239956943234
-33.25,141.0,31.461637646528953
-33.25,141.25,31.471045372277104
-33.25,141.5,31.33843079474729
-33.25,141.75,31.15302500151718
-33.25,142.0,31.069293793263192
-33.25,142.25,31.032831008549483
-33.25,142.5,31.05063014454014
-33.25,142.75,31.110814902643103
-33.25,143.0,31.158340737650153
-33.25,143.25,31.1708340708166
-33.25,143.5,31.05603656532241
-33.25,143.75,30.957954466997567
-33.25,144.0,31.003628645219063
-33.25,144.25,31.089183176723072
-33.25,144.5,30.86502092549541
-33.25,144.75,30.587211986587693
-33.25,145.0,30.44761177249247
-33.25,145.25,30.474225011673724
-33.25,145.5,30.438594386338842
-33.25,145.75,30.455795359478415
-33.25,146.0,30.45006516883825
-33.25,146.25,30.334990454651944
-33.25,146.5,30.10026815951502
-33.25,146.75,29.884515476885294
-33.25,147.0,29.680460883942175
-33.25,147.25,29.535532316666494
-33.25,147.5,29.567840338677005
-33.25,147.75,29.440548507857073
-33.25,148.0,29.395878171447855
-33.25,148.25,29.296374542611403
-33.25,148.5,28.947287150286733
-33.25,148.75,28.605438065344057
-33.25,149.0,28.90717790119453
-33.25,149.25,29.29594703531408
-33.25,149.5,29.685175845578026
-33.25,149.75,29.611611513427004
-33.25,150.0,30.21001916792117
-33.25,150.25,30.671696391705943
-33.25,150.5,30.60441641020634
-33.25,150.75,29.40739119798452
-33.25,151.0,28.545247216218495
-33.25,151.25,27.5295805731485
-33.25,151.5,25.955546868805026
-33.25,151.75,24.93920083304985
-33.5,115.25,30.78520616809324
-33.5,115.5,30.630450838245206
-33.5,115.75,30.500868117721
-33.5,116.0,30.246763547974776
-33.5,116.25,30.429243005191964
-33.5,116.5,30.56970225460337
-33.5,116.75,30.69681242095381
-33.5,117.0,30.768653750037874
-33.5,117.25,30.826937741558947
-33.5,117.5,30.96486487111318
-33.5,117.75,31.043052257622158
-33.5,118.0,31.091610720223386
-33.5,118.25,31.19516488015362
-33.5,118.5,31.22812114510769
-33.5,118.75,31.155697268096173
-33.5,119.0,31.16450669446179
-33.5,119.25,31.154099511698575
-33.5,119.5,31.123677181631887
-33.5,119.75,31.037493436558044
-33.5,120.0,30.83865867659598
-33.5,120.25,30.503462055800135
-33.5,120.5,30.233178811034083
-33.5,120.75,29.92163645638085
-33.5,121.0,29.71902928382449
-33.5,121.25,29.417466879512414
-33.5,121.5,29.134188323088146
-33.5,121.75,29.05242643774328
-33.5,122.0,29.055452104222123
-33.5,122.25,29.166293204591103
-33.5,122.5,29.27307206295934
-33.5,122.75,29.265582565760194
-33.5,123.0,29.287492295700016
-33.5,123.25,29.41634863700005
-33.5,123.5,29.648712460833824
-33.5,123.75,29.356989394925286
-33.5,124.0,28.6197563848283
-33.5,124.25,27.942898758077543
-33.5,134.5,29.839015887446788
-33.5,134.75,29.946964806710923
-33.5,135.0,29.842070472691557
-33.5,135.25,30.016765028808592
-33.5,135.5,30.166363157888217
-33.5,135.75,30.26602213631781
-33.5,136.0,30.48516416384727
-33.5,136.25,30.73815871956304
-33.5,136.5,30.933814987432108
-33.5,136.75,30.891316669567022
-33.5,137.0,30.641753924250732
-33.5,137.25,30.842282693801
-33.5,137.5,31.298650615248434
-33.5,137.75,31.35418378829546
-33.5,138.0,31.001739556554778
-33.5,138.25,30.398644682913556
-33.5,138.5,30.10341234509189
-33.5,138.75,30.936968951694674
-33.5,139.0,31.561510195887962
-33.5,139.25,31.20439958068575
-33.5,139.5,30.908471923037453
-33.5,139.75,31.082848057016335
-33.5,140.0,31.240638619373957
-33.5,140.25,31.33447739079431
-33.5,140.5,31.432775730635242
-33.5,140.75,31.482112676268876
-33.5,141.0,31.452186459522867
-33.5,141.25,31.373699334763767
-33.5,141.5,31.25564430332525
-33.5,141.75,31.149244427655514
-33.5,142.0,31.16604481649544
-33.5,142.25,31.091465200923327
-33.5,142.5,31.092682430002565
-33.5,142.75,31.15543217929932
-33.5,143.0,31.206501276475592
-33.5,143.25,31.222328622683882
-33.5,143.5,31.14052320833021
-33.5,143.75,31.01811059200355
-33.5,144.0,30.927259927888375
-33.5,144.25,30.97093916011654
-33.5,144.5,30.90975038995711
-33.5,144.75,30.640021083196018
-33.5,145.0,30.55450924975512
-33.5,145.25,30.539545007565025
-33.5,145.5,30.40990524452111
-33.5,145.75,30.338154721019478
-33.5,146.0,30.27517453438101
-33.5,146.25,30.199798396767914
-33.5,146.5,30.03395100066867
-33.5,146.75,29.850199698866298
-33.5,147.0,29.638328183580548
-33.5,147.25,29.485261871483143
-33.5,147.5,29.53453527413139
-33.5,147.75,29.55761380793511
-33.5,148.0,29.498086480853875
-33.5,148.25,29.43495577300209
-33.5,148.5,29.26308217188113
-33.5,148.75,28.85471151050624
-33.5,149.0,28.89065428237864
-33.5,149.25,29.341438503763595
-33.5,149.5,29.75067327755731
-33.5,149.75,29.862072008604752
-33.5,150.0,30.540327311187784
-33.5,150.25,30.831750207300807
-33.5,150.5,30.498627347044838
-33.5,150.75,28.59973902307519
-33.5,151.0,27.674338667830394
-33.5,151.25,26.48050783725884
-33.5,151.5,25.44156826402078
-33.75,115.0,30.624198291004102
-33.75,115.25,30.69216080494053
-33.75,115.5,30.358758342526606
-33.75,115.75,30.194914163288338
-33.75,116.0,30.26897110887579
-33.75,116.25,30.4139254875993
-33.75,116.5,30.455763468530744
-33.75,116.75,30.556400031650593
-33.75,117.0,30.61930340151907
-33.75,117.25,30.799374259018066
-33.75,117.5,30.93881274022928
-33.75,117.75,31.052189080205824
-33.75,118.0,31.034389753510936
-33.75,118.25,31.088913199196664
-33.75,118.5,31.08587909873186
-33.75,118.75,31.08783384482066
-33.75,119.0,31.2262653157287
-33.75,119.25,31.332927621487244
-33.75,119.5,31.36206013492329
-33.75,119.75,31.14860320080744
-33.75,120.0,30.830793995916288
-33.75,120.25,30.421030049343777
-33.75,120.5,30.05717024527596
-33.75,120.75,29.749908680062354
-33.75,121.0,29.447416753146843
-33.75,121.25,29.13793354836201
-33.75,121.5,28.879222566637456
-33.75,121.75,28.73581424903427
-33.75,122.0,28.75083720804515
-33.75,122.25,28.975908967537155
-33.75,122.5,29.041653500045506
-33.75,122.75,28.958357238737907
-33.75,123.0,28.844904615344102
-33.75,123.25,28.916563457014757
-33.75,123.5,28.87316860406634
-33.75,123.75,28.411935365466398
-33.75,124.0,27.888586143086464
-33.75,134.75,29.810144803179202
-33.75,135.0,29.79415095527161
-33.75,135.25,29.824234886945394
-33.75,135.5,30.022837420358538
-33.75,135.75,30.271441729498402
-33.75,136.0,30.58375478001614
-33.75,136.25,30.913397054322363
-33.75,136.5,30.85622272837251
-33.75,136.75,30.710701708296792
-33.75,137.0,30.687176883374935
-33.75,137.25,30.94768241110646
-33.75,137.5,31.210557560364503
-33.75,137.75,31.318002879111134
-33.75,138.0,31.0551955155363
-33.75,138.25,30.720054206156483
-33.75,138.5,30.38834354443945
-33.75,138.75,31.07249826946123
-33.75,139.0,31.414962830740105
-33.75,139.25,31.092309440647306
-33.75,139.5,30.830686133188077
-33.75,139.75,31.113179192006903
-33.75,140.0,31.197923436128033
-33.75,140.25,31.306730170018174
-33.75,140.5,31.363244984556385
-33.75,140.75,31.474962468023143
-33.75,141.0,31.48249411075297
-33.75,141.25,31.348857708990984
-33.75,141.5,31.246316924171488
-33.75,141.75,31.26109529718355
-33.75,142.0,31.27204751296688
-33.75,142.25,31.199507222903282
-33.75,142.5,31.18473129552115
-33.75,142.75,31.195151519273196
-33.75,143.0,31.22209632077709
-33.75,143.25,31.226210978504923
-33.75,143.5,31.250904224055606
-33.75,143.75,31.12598594016003
-33.75,144.0,30.95806855553504
-33.75,144.25,30.931496142384628
-33.75,144.5,30.83985294395975
-33.75,144.75,30.733624373487086
-33.75,145.0,30.6014588728594
-33.75,145.25,30.54911029576923
-33.75,145.5,30.347218597699666
-33.75,145.75,30.18696133529699
-33.75,146.0,30.228505507511095
-33.75,146.25,30.160410829536357
-33.75,146.5,29.98927750920569
-33.75,146.75,29.877557556710485
-33.75,147.0,29.71323504949505
-33.75,147.25,29.486088774985504
-33.75,147.5,29.45255324345473
-33.75,147.75,29.453519735586394
-33.75,148.0,29.26370460184621
-33.75,148.25,29.206456233690503
-33.75,148.5,29.15147680037026
-33.75,148.75,29.08111516809493
-33.75,149.0,29.212292257883608
-33.75,149.25,29.342652593411454
-33.75,149.5,29.748009939686916
-33.75,149.75,30.26014694150011
-33.75,150.0,30.88750247529161
-33.75,150.25,30.90511229396481
-33.75,150.5,29.63309497992793
-33.75,150.75,27.619184092469737
-33.75,151.0,26.83602323101888
-33.75,151.25,25.687101274002025
-33.75,151.5,24.961580006580398
-34.0,114.75,30.30650140205689
-34.0,115.0,30.709948951106195
-34.0,115.25,30.772299374199715
-34.0,115.5,30.393904261251283
-34.0,115.75,30.259271645287814
-34.0,116.0,30.33654309713105
-34.0,116.25,30.386369802256134
-34.0,116.5,30.40714310428501
-34.0,116.75,30.434156079718573
-34.0,117.0,30.52288265691172
-34.0,117.25,30.676309330597824
-34.0,117.5,30.833779108024263
-34.0,117.75,30.98092275791303
-34.0,118.0,31.020874203359266
-34.0,118.25,31.18804610070946
-34.0,118.5,31.24486778427295
-34.0,118.75,31.265985069413503
-34.0,119.0,31.369224104578834
-34.0,119.25,31.507803444250225
-34.0,119.5,31.148430932769767
-34.0,119.75,30.816932227054092
-34.0,120.0,30.32342657213708
-34.0,120.25,29.95700404483847
-34.0,120.5,29.632419390375805
-34.0,120.75,29.384922428335052
-34.0,121.0,29.16387191316392
-34.0,121.25,28.93335482447211
-34.0,121.5,28.787294399772357
-34.0,121.75,28.633905764079884
-34.0,122.0,28.58457316030121
-34.0,122.25,28.736987120841373
-34.0,122.5,28.678801458388225
-34.0,122.75,28.480608541739965
-34.0,123.0,28.39325124485744
-34.0,123.25,28.26703990728186
-34.0,123.5,28.119545534163002
-34.0,123.75,27.8022646265975
-34.0,135.0,29.71459369186423
-34.0,135.25,29.776457026728686
-34.0,135.5,29.907215292575124
-34.0,135.75,30.139390834028365
-34.0,136.0,30.619612988661224
-34.0,136.25,30.73893314405726
-34.0,136.5,30.679383530261155
-34.0,136.75,30.72983814365487
-34.0,137.0,30.73798330697381
-34.0,137.25,30.86936258315171
-34.0,137.5,31.056987584052433
-34.0,137.75,31.09755721311022
-34.0,138.0,31.17496426201886
-34.0,138.25,30.981400095255623
-34.0,138.5,30.662425505889807
-34.0,138.75,30.808668625219852
-34.0,139.0,31.393506864873856
-34.0,139.25,31.12464869137898
-34.0,139.5,30.789715172675585
-34.0,139.75,31.01709531518521
-34.0,140.0,31.14335794666777
-34.0,140.25,31.252026974764636
-34.0,140.5,31.33861583630766
-34.0,140.75,31.442262705339306
-34.0,141.0,31.451407445694716
-34.0,141.25,31.430151276908017
-34.0,141.5,31.318191761358833
-34.0,141.75,31.401215282960372
-34.0,142.0,31.460558208658277
-34.0,142.25,31.402397825491533
-34.0,142.5,31.29988529504193
-34.0,142.75,31.293426496060267
-34.0,143.0,31.269205819167542
-34.0,143.25,31.25881558311483
-34.0,143.5,31.272381887551887
-34.0,143.75,31.212596507018223
-34.0,144.0,31.057081898276902
-34.0,144.25,30.983971794663503
-34.0,144.5,30.947830904361098
-34.0,144.75,30.78376328549974
-34.0,145.0,30.601810326881367
-34.0,145.25,30.486515612450997
-34.0,145.5,30.300446731652432
-34.0,145.75,30.20341223883087
-34.0,146.0,30.16863475671995
-34.0,146.25,30.13030574781016
-34.0,146.5,29.94705672107207
-34.0,146.75,29.781224152466717
-34.0,147.0,29.639109812389158
-34.0,147.25,29.4778105263981
-34.0,147.5,29.313428594909286
-34.0,147.75,29.131556784400008
-34.0,148.0,28.898959433177474
-34.0,148.25,28.821758766328106
-34.0,148.5,28.875759578333312
-34.0,148.75,28.951520633850716
-34.0,149.0,29.040676788421127
-34.0,149.25,29.300219095364476
-34.0,149.5,29.95562970122086
-34.0,149.75,30.618018036808838
-34.0,150.0,31.195291692167398
-34.0,150.25,30.983192917767937
-34.0,150.5,29.457640218925665
-34.0,150.75,27.600582955962015
-34.0,151.0,26.413958985249113
-34.0,151.25,25.412024818141447
-34.0,151.5,24.893102218572302
-34.25,115.0,30.464476727482257
-34.25,115.25,31.01292832953998
-34.25,115.5,30.90427153175321
-34.25,115.75,30.6523673786058
-34.25,116.0,30.33428474098471
-34.25,116.25,30.354108475923113
-34.25,116.5,30.419326237665484
-34.25,116.75,30.390628719126777
-34.25,117.0,30.486471506257985
-34.25,117.25,30.60544970649504
-34.25,117.5,30.754870178427808
-34.25,117.75,30.93442230381565
-34.25,118.0,31.14928204582687
-34.25,118.25,31.430091363796624
-34.25,118.5,31.537437246891542
-34.25,118.75,31.48608235568702
-34.25,119.0,31.345878908056896
-34.25,119.25,31.16504455070864
-34.25,119.5,30.682482811039446
-34.25,119.75,30.093486789769294
-34.25,120.0,29.657801006471725
-34.25,120.25,29.46930261370997
-34.25,120.5,29.317647123386855
-34.25,120.75,29.16803670424878
-34.25,122.25,28.444113919973322
-34.25,122.5,28.295212123152275
-34.25,122.75,28.15926842762184
-34.25,123.0,28.026536395164076
-34.25,123.25,27.930902966889935
-34.25,123.5,27.799812060281287
-34.25,135.0,29.64296898048436
-34.25,135.25,29.662311720757888
-34.25,135.5,29.869241184217938
-34.25,135.75,30.184571838679954
-34.25,136.0,30.54662414129941
-34.25,136.25,30.459751749447342
-34.25,136.5,30.489876340411634
-34.25,137.25,30.609305313745914
-34.25,137.5,30.783199285001388
-34.25,137.75,31.035172181951474
-34.25,138.0,31.109744573132872
-34.25,138.25,30.98829349659448
-34.25,138.5,30.637867192418984
-34.25,138.75,30.638933682033052
-34.25,139.0,31.333783915749255
-34.25,139.25,31.17430579246837
-34.25,139.5,30.823630233226194
-34.25,139.75,30.895659753232888
-34.25,140.0,31.070100281432197
-34.25,140.25,31.220716909338627
-34.25,140.5,31.311307612816293
-34.25,140.75,31.426893079215166
-34.25,141.0,31.53212044342115
-34.25,141.25,31.558203174593324
-34.25,141.5,31.519365386559418
-34.25,141.75,31.578773011292533
-34.25,142.0,31.6106658399074
-34.25,142.25,31.555481994818766
-34.25,142.5,31.460763081143536
-34.25,142.75,31.38249520763287
-34.25,143.0,31.342014611235548
-34.25,143.25,31.303293887072158
-34.25,143.5,31.23943635208853
-34.25,143.75,31.189449501991845
-34.25,144.0,31.09801297614147
-34.25,144.25,31.023911022692328
-34.25,144.5,30.96167450885797
-34.25,144.75,30.835555123787426
-34.25,145.0,30.627635109254356
-34.25,145.25,30.432523933022523
-34.25,145.5,30.246634328300356
-34.25,145.75,30.144607671392617
-34.25,146.0,30.14763962162768
-34.25,146.25,30.104409666805118
-34.25,146.5,29.903278954106987
-34.25,146.75,29.7382215370803
-34.25,147.0,29.571416446173146
-34.25,147.25,29.304162273407922
-34.25,147.5,29.083473020522238
-34.25,147.75,28.793664733450733
-34.25,148.0,28.53437537647911
-34.25,148.25,28.469872189204256
-34.25,148.5,28.557138740302474
-34.25,148.75,28.54534733203462
-34.25,149.0,28.678386322481064
-34.25,149.25,29.112275163031732
-34.25,149.5,29.8368969889571
-34.25,149.75,30.70935402348818
-34.25,150.0,31.371848313005653
-34.25,150.25,31.501825242905646
-34.25,150.5,30.8597585835349
-34.25,150.75,28.507163009402703
-34.25,151.0,26.14634743031543
-34.25,151.25,25.10420664202409
-34.5,115.25,30.35992786802326
-34.5,115.5,30.781105164118458
-34.5,115.75,30.952903908189295
-34.5,116.0,30.575855426927042
-34.5,116.25,30.593458660548134
-34.5,116.5,30.45605350120889
-34.5,116.75,30.4997405851186
-34.5,117.0,30.563397840277077
-34.5,117.25,30.723193918134392
-34.5,117.5,30.90733450533173
-34.5,117.75,30.992614853101045
-34.5,118.0,31.25701836582696
-34.5,118.25,31.597660221913525
-34.5,118.5,31.576571849473567
-34.5,118.75,31.331780484929087
-34.5,119.0,30.91056937639814
-34.5,119.25,30.538803436056057
-34.5,119.5,29.98024556415633
-34.5,135.25,29.623868218209896
-34.5,135.5,29.923772535582614
-34.5,135.75,30.146239797969457
-34.5,136.0,30.23872195914201
-34.5,136.25,30.161332815657435
-34.5,137.5,30.657747090716686
-34.5,137.75,30.872499815105577
-34.5,138.0,30.8369187658875
-34.5,138.25,30.82317368525003
-34.5,138.5,30.779841822599664
-34.5,138.75,30.67675634458375
-34.5,139.0,31.327018675019627
-34.5,139.25,31.259968421847137
-34.5,139.5,30.900311588108107
-34.5,139.75,30.937911138363532
-34.5,140.0,31.122685095206737
-34.5,140.25,31.231452363269693
-34.5,140.5,31.2544026102543
-34.5,140.75,31.384271524534565
-34.5,141.0,31.599272922756487
-34.5,141.25,31.689161192383715
-34.5,141.5,31.70142876061512
-34.5,141.75,31.689329515902912
-34.5,142.0,31.67281529794135
-34.5,142.25,31.598738238928917
-34.5,142.5,31.51919840794106
-34.5,142.75,31.437057438707715
-34.5,143.0,31.357262289606744
-34.5,143.25,31.309898624968522
-34.5,143.5,31.24612247080724
-34.5,143.75,31.120829729167248
-34.5,144.0,31.041853211206192
-34.5,144.25,30.97645882589367
-34.5,144.5,30.88586831242722
-34.5,144.75,30.81708010146757
-34.5,145.0,30.670149696642873
-34.5,145.25,30.442341851845434
-34.5,145.5,30.21783209356285
-34.5,145.75,30.049226081142283
-34.5,146.0,30.072064113042863
-34.5,146.25,30.007419279632206
-34.5,146.5,29.90701491913146
-34.5,146.75,29.72593332727574
-34.5,147.0,29.547276328958244
-34.5,147.25,29.21342925634044
-34.5,147.5,28.90434205659405
-34.5,147.75,28.590502058431323
-34.5,148.0,28.31343589543672
-34.5,148.25,28.28270049778601
-34.5,148.5,28.27120903342713
-34.5,148.75,28.347797166513775
-34.5,149.0,28.52456338679543
-34.5,149.25,29.064042547359655
-34.5,149.5,29.815456325144307
-34.5,149.75,30.72600092524918
-34.5,150.0,31.219786645582374
-34.5,150.25,31.475307091521227
-34.5,150.5,31.377205019651164
-34.5,150.75,29.139903727163524
-34.5,151.0,25.33263924486934
-34.75,115.75,30.491536592958187
-34.75,116.0,30.757991043804886
-34.75,116.25,30.763212418209317
-34.75,116.5,30.73341476992335
-34.75,116.75,30.71187834116213
-34.75,117.0,30.811041465231582
-34.75,117.25,30.92145689228925
-34.75,117.5,30.950169569863036
-34.75,117.75,31.00995653882853
-34.75,118.0,31.02395933202008
-34.75,118.25,31.031654104630928
-34.75,118.5,30.85376223272686
-34.75,118.75,30.594675516595146
-34.75,119.0,30.24902966118947
-34.75,119.25,29.97823494409538
-34.75,135.5,29.772429619471414
-34.75,135.75,29.921673763595816
-34.75,136.0,29.89924948990007
-34.75,137.75,30.727977218640696
-34.75,138.25,30.65112526122192
-34.75,138.5,30.719746941658226
-34.75,138.75,31.018533580221646
-34.75,139.0,31.5343280317499
-34.75,139.25,31.241646308665402
-34.75,139.5,30.984304871516528
-34.75,139.75,31.03895741657944
-34.75,140.0,31.213489693111754
-34.75,140.25,31.25046468513752
-34.75,140.5,31.280321115201424
-34.75,140.75,31.36519594887712
-34.75,141.0,31.58915177742057
-34.75,141.25,31.704791519899977
-34.75,141.5,31.728799028626767
-34.75,141.75,31.72396171243226
-34.75,142.0,31.71339322510988
-34.75,142.25,31.66308838296622
-34.75,142.5,31.573945712047642
-34.75,142.75,31.481383167141708
-34.75,143.0,31.346356448975857
-34.75,143.25,31.275924901228016
-34.75,143.5,31.211040953710746
-34.75,143.75,31.141073522984385
-34.75,144.0,31.03918096919175
-34.75,144.25,30.914442634673584
-34.75,144.5,30.8287373080403
-34.75,144.75,30.721714819653467
-34.75,145.0,30.614935771653354
-34.75,145.25,30.415146637141284
-34.75,145.5,30.182736480639175
-34.75,145.75,29.97975630243852
-34.75,146.0,29.92254986604671
-34.75,146.25,29.88687419743654
-34.75,146.5,29.817202142760053
-34.75,146.75,29.650921055531313
-34.75,147.0,29.471766125542214
-34.75,147.25,29.12046655430499
-34.75,147.5,28.831928943548306
-34.75,147.75,28.522648750734177
-34.75,148.0,28.141505526438632
-34.75,148.25,27.92860895157526
-34.75,148.5,27.94904656579371
-34.75,148.75,28.268731861707572
-34.75,149.0,28.660439064474083
-34.75,149.25,29.327318249241863
-34.75,149.5,30.18440053459337
-34.75,149.75,31.08356311762173
-34.75,150.0,31.505626959970378
-34.75,150.25,32.17265123640545
-34.75,150.5,31.96407862429815
-34.75,150.75,29.04754717198887
-34.75,151.0,24.60163363351137
-35.0,116.0,30.001402136987704
-35.0,116.25,30.19497157000388
-35.0,116.5,30.48360886426379
-35.0,116.75,30.74933622574539
-35.0,117.0,30.856910774338136
-35.0,117.25,30.842635787137283
-35.0,117.5,30.788193690312117
-35.0,117.75,30.680881365132944
-35.0,118.0,30.565618113932235
-35.0,118.25,30.384892060356773
-35.0,118.5,30.235465184997793
-35.0,138.25,30.529752524880685
-35.0,138.5,30.8827344575973
-35.0,138.75,31.44240415434931
-35.0,139.0,31.772534595267103
-35.0,139.25,31.21706934716609
-35.0,139.5,30.999038877880032
-35.0,139.75,31.071234202890142
-35.0,140.0,31.258943673359667
-35.0,140.25,31.329941996024345
-35.0,140.5,31.4173740791715
-35.0,140.75,31.49487095549736
-35.0,141.0,31.556225149239683
-35.0,141.25,31.651996645685436
-35.0,141.5,31.688584741251436
-35.0,141.75,31.678725104559053
-35.0,142.0,31.72729355069451
-35.0,142.25,31.708299452993867
-35.0,142.5,31.599018671677502
-35.0,142.75,31.486169053330617
-35.0,143.0,31.367327284607633
-35.0,143.25,31.26159560491716
-35.0,143.5,31.192237197376315
-35.0,143.75,31.144597502912394
-35.0,144.0,31.05464914734759
-35.0,144.25,30.928206401030494
-35.0,144.5,30.817178448505874
-35.0,144.75,30.670146956474532
-35.0,145.0,30.50177742637442
-35.0,145.25,30.271221512140603
-35.0,145.5,30.035417305702996
-35.0,145.75,29.83864402766178
-35.0,146.0,29.76242337869987
-35.0,146.25,29.736051561056396
-35.0,146.5,29.59304964335022
-35.0,146.75,29.406482161575607
-35.0,147.0,29.24278802134633
-35.0,147.25,28.99316318542256
-35.0,147.5,28.65930997270703
-35.0,147.75,28.221523805763383
-35.0,148.0,27.645859891932247
-35.0,148.25,27.362117749987245
-35.0,148.5,27.618706523094186
-35.0,148.75,28.324810895833785
-35.0,149.0,29.12339360469729
-35.0,149.25,29.90587358876828
-35.0,149.5,30.78439561708181
-35.0,149.75,31.726988050711004
-35.0,150.0,32.14745429477465
-35.0,150.25,32.641346980806404
-35.0,150.5,31.684184420814418
-35.0,150.75,27.625255511025813
-35.0,151.0,24.603956278915007
-35.25,116.25,29.711250660711514
-35.25,116.5,29.78221443028071
-35.25,116.75,29.935492711372422
-35.25,117.0,30.009263777633258
-35.25,117.25,30.030177694458395
-35.25,117.5,30.000978162763715
-35.25,117.75,29.980076158448615
-35.25,118.0,29.96452139989446
-35.25,118.25,29.976453377802123
-35.25,138.25,30.512425251609454
-35.25,138.5,31.301482430634827
-35.25,138.75,31.80615949688911
-35.25,139.0,31.254724193503193
-35.25,139.25,30.867345770124246
-35.25,139.5,30.886202974636742
-35.25,139.75,31.15442110529083
-35.25,140.0,31.33677732824825
-35.25,140.25,31.39311401120976
-35.25,140.5,31.504107712972182
-35.25,140.75,31.577146750455213
-35.25,141.0,31.592012482992928
-35.25,141.25,31.612776226548068
-35.25,141.5,31.65969238555977
-35.25,141.75,31.672297252954575
-35.25,142.0,31.698600289535495
-35.25,142.25,31.688152517619912
-35.25,142.5,31.601419920291463
-35.25,142.75,31.476182947027365
-35.25,143.0,31.361383202797267
-35.25,143.25,31.265099488330772
-35.25,143.5,31.14372731884048
-35.25,143.75,31.07264214568811
-35.25,144.0,31.025971456749627
-35.25,144.25,30.923520736082267
-35.25,144.5,30.766751918645454
-35.25,144.75,30.58979108403733
-35.25,145.0,30.415581985953107
-35.25,145.25,30.191497034216265
-35.25,145.5,29.974400472656036
-35.25,145.75,29.74213397450321
-35.25,146.0,29.56426123606823
-35.25,146.25,29.458953161164352
-35.25,146.5,29.35101329512434
-35.25,146.75,29.187249976387793
-35.25,147.0,29.085509442612544
-35.25,147.25,28.804959580015062
-35.25,147.5,28.44970087501045
-35.25,147.75,28.091332437849147
-35.25,148.0,27.737433263561265
-35.25,148.25,27.711563720273418
-35.25,148.5,28.310827974878773
-35.25,148.75,29.28895644440367
-35.25,149.0,29.903227272701297
-35.25,149.25,30.261493639856262
-35.25,149.5,31.004791469357773
-35.25,149.75,31.771106858486707
-35.25,150.0,32.167547226735024
-35.25,150.25,31.81887293280359
-35.25,150.5,28.419869347262132
-35.25,150.75,25.261534182832452
-35.5,138.5,31.31670532529229
-35.5,138.75,31.09627865196494
-35.5,139.0,30.42457354379825
-35.5,139.25,30.519062220142978
-35.5,139.5,30.874367218354795
-35.5,139.75,31.215948100363487
-35.5,140.0,31.347119609451344
-35.5,140.25,31.445852014728903
-35.5,140.5,31.58510087580009
-35.5,140.75,31.657703447478706
-35.5,141.0,31.653620206188453
-35.5,141.25,31.63143268650502
-35.5,141.5,31.67278102322077
-35.5,141.75,31.696291140369873
-35.5,142.0,31.659493882822144
-35.5,142.25,31.59544585571583
-35.5,142.5,31.5200963462232
-35.5,142.75,31.416295782641075
-35.5,143.0,31.299568294849742
-35.5,143.25,31.21465487391556
-35.5,143.5,31.108203828486673
-35.5,143.75,30.997946919650513
-35.5,144.0,30.946335264384288
-35.5,144.25,30.861029396608508
-35.5,144.5,30.650797805522025
-35.5,144.75,30.44698442522508
-35.5,145.0,30.330763185955814
-35.5,145.25,30.11000756443286
-35.5,145.5,29.86965775211797
-35.5,145.75,29.607169971814685
-35.5,146.0,29.323167491709548
-35.5,146.25,29.193051516877
-35.5,146.5,29.15216578707111
-35.5,146.75,29.133061132117152
-35.5,147.0,29.01291064465079
-35.5,147.25,28.880178234035295
-35.5,147.5,28.940002633315736
-35.5,147.75,28.81858269810578
-35.5,148.0,28.567296564341845
-35.5,148.25,28.577406840116268
-35.5,148.5,29.068502808062927
-35.5,148.75,29.81572687488098
-35.5,149.0,29.96760823584729
-35.5,149.25,30.096951402945617
-35.5,149.5,30.612008852609833
-35.5,149.75,31.07404740969866
-35.5,150.0,31.381715362982607
-35.5,150.25,29.589502770766757
-35.5,150.5,25.70659616105434
-35.75,138.75,30.18647187756194
-35.75,139.0,29.98902661793587
-35.75,139.25,30.266618708186186
-35.75,139.5,30.60285417867534
-35.75,139.75,31.089873858017807
-35.75,140.0,31.299498554158784
-35.75,140.25,31.49051729640847
-35.75,140.5,31.64569971491457
-35.75,140.75,31.720780575256242
-35.75,141.0,31.69860682467721
-35.75,141.25,31.659244588483475
-35.75,141.5,31.69987684285917
-35.75,141.75,31.69560075146262
-35.75,142.0,31.67725040288386
-35.75,142.25,31.580826910799587
-35.75,142.5,31.488701236503285
-35.75,142.75,31.369105407592556
-35.75,143.0,31.282417292676364
-35.75,143.25,31.184821767896715
-35.75,143.5,31.049461343630572
-35.75,143.75,30.921081664715377
-35.75,144.0,30.851062708354398
-35.75,144.25,30.794547699803115
-35.75,144.5,30.606864389748107
-35.75,144.75,30.42419411437038
-35.75,145.0,30.328721233184726
-35.75,145.25,30.01548789795896
-35.75,145.5,29.72659460728232
-35.75,145.75,29.426101293503695
-35.75,146.0,29.150765931588417
-35.75,146.25,29.00454742985947
-35.75,146.5,29.214686054979595
-35.75,146.75,29.22243992125563
-35.75,147.0,29.34712917446712
-35.75,147.25,29.237491800122196
-35.75,147.5,29.056005182066
-35.75,147.75,28.89627972462816
-35.75,148.0,28.49734331800835
-35.75,148.25,28.93887713056844
-35.75,148.5,29.893556684079794
-35.75,148.75,30.379351584250823
-35.75,149.0,30.117928503119558
-35.75,149.25,29.919487606019405
-35.75,149.5,30.2095906050537
-35.75,149.75,30.33481072382036
-35.75,150.0,29.72726038346385
-35.75,150.25,26.240204636016596
-35.75,150.5,24.55878191522867
-36.0,139.25,29.848070062066935
-36.0,139.5,30.319668261626855
-36.0,139.75,30.85075155269859
-36.0,140.0,31.216751050885993
-36.0,140.25,31.428488742026342
-36.0,140.5,31.623092147842975
-36.0,140.75,31.73079699123002
-36.0,141.0,31.718653998124733
-36.0,141.25,31.707690855986776
-36.0,141.5,31.642098327909853
-36.0,141.75,31.652088292256785
-36.0,142.0,31.652227665776632
-36.0,142.25,31.592432759917315
-36.0,142.5,31.48475779772566
-36.0,142.75,31.43094266987115
-36.0,143.0,31.382885894846872
-36.0,143.25,31.291293745353556
-36.0,143.5,31.076307079463888
-36.0,143.75,30.8906331489781
-36.0,144.0,30.781421019482426
-36.0,144.25,30.736823516932446
-36.0,144.5,30.573984350116095
-36.0,144.75,30.31495021114012
-36.0,145.0,30.14226144711103
-36.0,145.25,29.879264955939668
-36.0,145.5,29.555229177915166
-36.0,145.75,29.260081489848144
-36.0,146.0,28.900638143708836
-36.0,146.25,29.052317415777118
-36.0,146.5,29.24270350230073
-36.0,146.75,29.70343131769405
-36.0,147.0,29.623219583022763
-36.0,147.25,29.21739126108293
-36.0,147.5,28.757470526487158
-36.0,147.75,28.555179734791956
-36.0,148.0,28.173203408215677
-36.0,148.25,29.14343192747256
-36.0,148.5,30.076129804577175
-36.0,148.75,30.67604911202382
-36.0,149.0,30.243491526492583
-36.0,149.25,29.85398803457653
-36.0,149.5,29.849629907643497
-36.0,149.75,29.64120757161239
-36.0,150.0,27.534172359547593
-36.0,150.25,24.429036367228917
-36.0,150.5,23.938860131562418
-36.25,139.5,30.106730648839633
-36.25,139.75,30.544876170615108
-36.25,140.0,31.052381537052742
-36.25,140.25,31.31497456573663
-36.25,140.5,31.562621692799663
-36.25,140.75,31.7093991082704
-36.25,141.0,31.762077408847652
-36.25,141.25,31.738375654942963
-36.25,141.5,31.7125383562459
-36.25,141.75,31.635073005933037
-36.25,142.0,31.652013410205374
-36.25,142.25,31.663670913399677
-36.25,142.5,31.59676755684762
-36.25,142.75,31.54356311395958
-36.25,143.0,31.475815852330317
-36.25,143.25,31.372890247897292
-36.25,143.5,31.16963666909795
-36.25,143.75,30.879408366406874
-36.25,144.0,30.69394946430784
-36.25,144.25,30.62919879361822
-36.25,144.5,30.302646554207836
-36.25,144.75,30.01238843268897
-36.25,145.0,29.715781450357614
-36.25,145.25,29.52133750776348
-36.25,145.5,29.291264341547482
-36.25,145.75,29.072664511967652
-36.25,146.0,28.7292651105816
-36.25,146.25,29.14369581794752
-36.25,146.5,29.646473392902003
-36.25,146.75,29.563241305318442
-36.25,147.0,28.991702072731417
-36.25,147.25,28.594822487133175
-36.25,147.5,28.233027188746735
-36.25,147.75,28.295602278313705
-36.25,148.0,28.071264670288784
-36.25,148.25,28.92733817525077
-36.25,148.5,30.06824972819363
-36.25,148.75,30.709315604662223
-36.25,149.0,29.514821456821316
-36.25,149.25,29.615629653092117
-36.25,149.5,29.500062252072354
-36.25,149.75,28.851427930421366
-36.25,150.0,25.78398816487787
-36.25,150.25,23.83793891221086
-36.25,150.5,23.83032722036678
-36.5,139.5,29.75594222743847
-36.5,139.75,30.24557560459606
-36.5,140.0,31.018530955505298
-36.5,140.25,31.313322193730183
-36.5,140.5,31.569851304729188
-36.5,140.75,31.722421154039743
-36.5,141.0,31.845657831487653
-36.5,141.25,31.858309686141745
-36.5,141.5,31.842018056879734
-36.5,141.75,31.798984172860145
-36.5,142.0,31.712241858785635
-36.5,142.25,31.754428849867477
-36.5,142.5,31.722049606528188
-36.5,142.75,31.601170773507004
-36.5,143.0,31.500203857188282
-36.5,143.25,31.404801000327303
-36.5,143.5,31.29250265314973
-36.5,143.75,30.99318532899881
-36.5,144.0,30.688476824622217
-36.5,144.25,30.444179592525416
-36.5,144.5,30.005002722303264
-36.5,144.75,29.2260910644139
-36.5,145.0,28.882340549924525
-36.5,145.25,28.862629197228344
-36.5,145.5,28.803757741825635
-36.5,145.75,28.72389950531637
-36.5,146.0,28.502142289360275
-36.5,146.25,29.122478515908433
-36.5,146.5,29.431159144006735
-36.5,146.75,29.20747248538531
-36.5,147.0,28.23095997031012
-36.5,147.25,27.44435227309793
-36.5,147.5,28.13297519301118
-36.5,147.75,28.24082966094027
-36.5,148.0,28.654945675502006
-36.5,148.25,29.872862242390934
-36.5,148.5,30.63754304629455
-36.5,148.75,29.654579137703895
-36.5,149.0,28.44318585774722
-36.5,149.25,28.823736280696
-36.5,149.5,29.208867628385363
-36.5,149.75,28.36644185120109
-36.5,150.0,24.721787548825894
-36.5,150.25,23.668447272992196
-36.75,139.5,29.76177884155404
-36.75,139.75,30.22188406339394
-36.75,140.0,31.13103782104215
-36.75,140.25,31.428567546578883
-36.75,140.5,31.622743622724474
-36.75,140.75,31.768375070012784
-36.75,141.0,31.880435991316457
-36.75,141.25,31.92596868653013
-36.75,141.5,31.967933814524024
-36.75,141.75,31.88094396211494
-36.75,142.0,31.766867148056782
-36.75,142.25,31.767660930047796
-36.75,142.5,31.63854285146859
-36.75,142.75,31.470765580384224
-36.75,143.0,31.38980002272605
-36.75,143.25,31.414529662464226
-36.75,143.5,31.297337395887304
-36.75,143.75,31.053370844016012
-36.75,144.0,30.71829116935516
-36.75,144.25,30.297263156035086
-36.75,144.5,29.089916459658237
-36.75,144.75,28.13898966108317
-36.75,145.0,27.904354624289997
-36.75,145.25,28.480275708486605
-36.75,145.5,28.47387250132202
-36.75,145.75,28.71141908697639
-36.75,146.0,28.498842691633506
-36.75,146.25,28.695947885465845
-36.75,146.5,28.399419169038477
-36.75,146.75,28.187005849191127
-36.75,147.0,28.10282864371881
-36.75,147.25,28.36985242665382
-36.75,147.5,29.19710588940309
-36.75,147.75,29.890848561854504
-36.75,148.0,30.099650515816595
-36.75,148.25,30.92395761419728
-36.75,148.5,29.810104716230576
-36.75,148.75,28.27480307210842
-36.75,149.0,28.096046453147434
-36.75,149.25,28.887119225834052
-36.75,149.5,29.31023594704869
-36.75,149.75,27.251039572465587
-36.75,150.0,24.052649786503952
-36.75,150.25,23.518888777170552
-37.0,139.5,29.715032723862624
-37.0,139.75,30.18693714824744
-37.0,140.0,31.054635687630295
-37.0,140.25,31.382378233040086
-37.0,140.5,31.57593106133111
-37.0,140.75,31.75230060143881
-37.0,141.0,31.866824528590485
-37.0,141.25,31.919183944358164
-37.0,141.5,31.94518255536415
-37.0,141.75,31.902472109494294
-37.0,142.0,31.794010209392678
-37.0,142.25,31.70948604846345
-37.0,142.5,31.41549782796278
-37.0,142.75,31.078060793702182
-37.0,143.0,31.06548577046592
-37.0,143.25,31.233168001521996
-37.0,143.5,30.969147161833178
-37.0,143.75,30.735562239400917
-37.0,144.0,30.406055028978567
-37.0,144.25,29.780992336403518
-37.0,144.5,28.4840443537181
-37.0,144.75,27.621256025160218
-37.0,145.0,27.531897086769135
-37.0,145.25,28.598116869676208
-37.0,145.5,29.037752984292034
-37.0,145.75,29.458240891612135
-37.0,146.0,29.605757825486844
-37.0,146.25,29.181746956114736
-37.0,146.5,28.611630208472608
-37.0,146.75,29.32283711254702
-37.0,147.0,30.043793375504425
-37.0,147.25,30.636007662227406
-37.0,147.5,30.835772835040675
-37.0,147.75,31.017488340138243
-37.0,148.0,31.12648643601696
-37.0,148.25,30.91504514901909
-37.0,148.5,29.414705701076173
-37.0,148.75,28.236096279747127
-37.0,149.0,28.422492390201494
-37.0,149.25,29.02510709615622
-37.0,149.5,28.256916363639224
-37.0,149.75,25.926937644339286
-37.0,150.0,23.656391356084896
-37.0,150.25,23.42393558123922
-37.25,139.5,29.680018560648914
-37.25,139.75,29.970798058133568
-37.25,140.0,30.70087928124573
-37.25,140.25,31.155883903662765
-37.25,140.5,31.40619149184306
-37.25,140.75,31.647513607175686
-37.25,141.0,31.860746205096376
-37.25,141.25,32.03136818249652
-37.25,141.5,32.104766668887166
-37.25,141.75,32.121007802091725
-37.25,142.0,32.07496009692455
-37.25,142.25,31.948783000423003
-37.25,142.5,31.77484075403205
-37.25,142.75,31.56312711363381
-37.25,143.0,31.580105701087106
-37.25,143.25,31.51127048220997
-37.25,143.5,30.984752144474196
-37.25,143.75,30.416281628517268
-37.25,144.0,29.857334255468825
-37.25,144.25,30.006992213674422
-37.25,144.5,29.945759500051523
-37.25,144.75,29.355938926114533
-37.25,145.0,28.724057435244212
-37.25,145.25,29.18095814039735
-37.25,145.5,29.377134489393338
-37.25,145.75,29.612071358607203
-37.25,146.0,29.90626247124063
-37.25,146.25,30.092306806241343
-37.25,146.5,30.669935704948415
-37.25,146.75,31.55922446789107
-37.25,147.0,32.24144562420419
-37.25,147.25,32.379928533239834
-37.25,147.5,32.15323510869001
-37.25,147.75,31.86037763902052
-37.25,148.0,31.74312509452277
-37.25,148.25,30.915173677996506
-37.25,148.5,29.649429411510503
-37.25,148.75,28.42714883591152
-37.25,149.0,27.74907203941988
-37.25,149.25,27.184049160990302
-37.25,149.5,26.100830371811163
-37.25,149.75,24.43847384892985
-37.25,150.0,23.47335407023311
-37.25,150.25,23.371225588697566
-37.5,139.75,29.618888080134184
-37.5,140.0,29.940470426648197
-37.5,140.25,30.572368401126962
-37.5,140.5,31.054549176145702
-37.5,140.75,31.44793597487536
-37.5,141.0,31.88350876440756
-37.5,141.25,32.174031130914116
-37.5,141.5,32.32043894124204
-37.5,141.75,32.44136739769249
-37.5,142.0,32.59636330442482
-37.5,142.25,32.56614058340561
-37.5,142.5,32.531383243857974
-37.5,142.75,32.501421404141816
-37.5,143.0,32.53816426836119
-37.5,143.25,32.323953576715844
-37.5,143.5,31.929534246665064
-37.5,143.75,31.58732414027462
-37.5,144.0,31.58081727849634
-37.5,144.25,32.2884750371146
-37.5,144.5,32.32228131048453
-37.5,144.75,31.812445157003594
-37.5,145.0,31.059263200835197
-37.5,145.25,30.991031309761915
-37.5,145.5,30.629776475459003
-37.5,145.75,30.146153714961653
-37.5,146.0,30.189585856812418
-37.5,146.25,31.534584491876043
-37.5,146.5,32.41725133511804
-37.5,146.75,32.912796317649175
-37.5,147.0,32.83946628840513
-37.5,147.25,32.382230827265644
-37.5,147.5,31.93532107020792
-37.5,147.75,31.447171424639436
-37.5,148.0,30.7941170626093
-37.5,148.25,29.857455570397693
-37.5,148.5,29.226295114911306
-37.5,148.75,28.218074543532907
-37.5,149.0,26.63547507060477
-37.5,149.25,25.68073571075839
-37.5,149.5,24.77595880649117
-37.5,149.75,23.914594142155167
-37.5,150.0,23.478062808403518
-37.75,140.0,29.504458577230583
-37.75,140.25,29.864212195527767
-37.75,140.5,30.487908242210104
-37.75,140.75,31.005291286414955
-37.75,141.0,31.3889985453129
-37.75,141.25,31.845431999005942
-37.75,141.5,32.334750379439626
-37.75,141.75,32.664404937985225
-37.75,142.0,32.87672833830767
-37.75,142.25,32.85260851430704
-37.75,142.5,32.84437651099678
-37.75,142.75,32.85022139224475
-37.75,143.0,32.98111995215105
-37.75,143.25,33.04491418585427
-37.75,143.5,33.07387126821879
-37.75,143.75,33.085188511576675
-37.75,144.0,33.05102311222185
-37.75,144.25,32.887220076396176
-37.75,144.5,32.63747649729779
-37.75,144.75,32.09963837924251
-37.75,145.0,32.04687910249643
-37.75,145.25,32.66198794819642
-37.75,145.5,32.6483050819428
-37.75,145.75,32.358586174365406
-37.75,146.0,32.29371664225802
-37.75,146.25,32.624425881071474
-37.75,146.5,32.81246232170203
-37.75,146.75,32.23634896827137
-37.75,147.0,31.27476684427118
-37.75,147.25,30.48865902436744
-37.75,147.5,30.00213513325767
-37.75,147.75,29.39618065973066
-37.75,148.0,28.8943949397424
-37.75,148.25,28.397173272513502
-37.75,148.5,27.839077640646632
-37.75,148.75,26.910297553539202
-37.75,149.0,25.69538903677918
-37.75,149.25,24.895802896979202
-37.75,149.5,24.360576774288997
-37.75,149.75,23.941476237964295
-38.0,140.25,29.62222291222423
-38.0,140.5,29.711581497402733
-38.0,140.75,30.117724024998914
-38.0,141.0,30.420961202085856
-38.0,141.25,31.272365387938667
-38.0,141.5,31.845157946549737
-38.0,141.75,32.412421233739316
-38.0,142.0,32.63552999178827
-38.0,142.25,32.744323645501545
-38.0,142.5,32.874279120874334
-38.0,142.75,33.04547470537814
-38.0,143.0,33.04250840276815
-38.0,143.25,32.929297346111504
-38.0,143.5,32.98304940087329
-38.0,143.75,32.84363587644159
-38.0,144.0,32.78739206993377
-38.0,144.25,32.45719152812956
-38.0,144.5,31.410084905070704
-38.0,144.75,30.82108279284449
-38.0,145.0,31.11736557701682
-38.0,145.25,32.354921840206025
-38.0,145.5,32.40042202883326
-38.0,145.75,31.924393319740894
-38.0,146.0,31.494536030904996
-38.0,146.25,31.13451340608475
-38.0,146.5,30.225515165689057
-38.0,146.75,29.425100515778595
-38.0,147.0,29.36179976075713
-38.0,147.25,29.018217769114877
-38.0,147.5,28.313683966549355
-38.0,147.75,27.480148346736843
-38.0,148.0,26.968516240733234
-38.0,148.25,26.642087246166398
-38.0,148.5,26.357143923176718
-38.0,148.75,25.77157904802404
-38.0,149.0,25.306416796145257
-38.0,149.25,24.951142300508998
-38.0,149.5,24.52949488293441
-38.25,140.75,29.598382033331845
-38.25,141.0,29.743419053591623
-38.25,141.25,30.092923707541676
-38.25,141.5,30.6969551853623
-38.25,141.75,30.794961265117347
-38.25,142.0,31.140089435428127
-38.25,142.25,31.687826275246014
-38.25,142.5,32.17178653561831
-38.25,142.75,32.49157785683794
-38.25,143.0,32.54819289906832
-38.25,143.25,32.522287206546196
-38.25,143.5,32.36858495424338
-38.25,143.75,32.41408921558916
-38.25,144.0,32.384194650747176
-38.25,144.25,31.899239585325226
-38.25,144.5,30.701514586344697
-38.25,144.75,30.211884006683288
-38.25,145.0,30.66903737626286
-38.25,145.25,31.73714032329294
-38.25,145.5,31.645263071811492
-38.25,145.75,31.314140533896023
-38.25,146.0,30.681039191978673
-38.25,146.25,29.881212103407872
-38.25,146.5,29.353156693510638
-38.25,146.75,28.85336891988631
-38.25,147.0,28.682748659753113
-38.25,147.25,27.917931782167276
-38.25,147.5,27.30134568510031
-38.25,147.75,26.783863998453477
-38.25,148.0,26.401010276115176
-38.5,141.25,29.55577008429173
-38.5,141.5,29.656037156941306
-38.5,141.75,29.682795204639262
-38.5,142.0,29.978233328729083
-38.5,142.25,30.69354046790498
-38.5,142.5,30.88615663297076
-38.5,142.75,31.21890204137927
-38.5,143.0,31.644895631469662
-38.5,143.25,31.95918981073616
-38.5,143.5,32.016406529918534
-38.5,143.75,31.806821237985364
-38.5,144.0,31.070507049089727
-38.5,144.25,30.46807048913708
-38.5,145.25,30.165506232784562
-38.5,145.5,30.12783408626777
-38.5,145.75,30.17111940035767
-38.5,146.0,30.28839122856652
-38.5,146.25,29.70737562036039
-38.5,146.5,29.161770092119365
-38.5,146.75,28.07916430810521
-38.5,147.0,27.588302154148256
-38.5,147.25,26.954097000079884
-38.75,142.75,30.052329525277333
-38.75,143.0,30.574952986805815
-38.75,143.25,31.05507401151012
-38.75,143.5,30.61564849072691
-38.75,143.75,30.05601742322507
-38.75,144.0,29.443363566568138
-38.75,145.5,28.73760343992761
-38.75,145.75,28.714162996845765
-38.75,146.0,28.957243786189988
-38.75,146.25,28.561575906768372
-38.75,146.5,27.989366695211697
-38.75,146.75,27.218472717738663
-38.75,147.0,26.775159180952805
-39.0,143.25,29.42654395842886
-39.0,143.5,29.084322828778795
-39.0,143.75,28.6495107704266
-39.0,146.0,27.579323389448465
-39.0,146.25,27.17228671946589
-39.0,146.5,26.897176457142866
-40.5,145.0,27.746072615310283
-40.5,148.0,27.6262460259714
-40.75,144.75,28.037240150774952
-40.75,145.0,28.05866492979127
-40.75,145.25,27.91079136458753
-40.75,145.5,27.96021035491822
-40.75,145.75,27.839884234160394
-40.75,146.0,27.83195399005739
-40.75,146.75,27.701565452367053
-40.75,147.0,27.722078579280858
-40.75,147.25,27.808587843618515
-40.75,147.5,27.950700515094358
-40.75,147.75,28.05419774250191
-40.75,148.0,28.251801055829468
-40.75,148.25,27.937199585549475
-41.0,144.5,27.997894757629922
-41.0,144.75,28.112091972465645
-41.0,145.0,27.718392521455552
-41.0,145.25,27.59988520718443
-41.0,145.5,27.419798408223553
-41.0,145.75,27.744710433475806
-41.0,146.0,28.10513146811535
-41.0,146.25,28.5922755002057
-41.0,146.5,28.611388571420783
-41.0,146.75,28.604713917505908
-41.0,147.0,28.74476022143569
-41.0,147.25,28.70378284318841
-41.0,147.5,28.911518405425298
-41.0,147.75,29.39562555907635
-41.0,148.0,29.494651308251985
-41.0,148.25,28.701276474434884
-41.0,148.5,27.760389995489675
-41.25,144.5,27.95492624858635
-41.25,144.75,28.190541421106985
-41.25,145.0,27.91484230838654
-41.25,145.25,27.32987229903306
-41.25,145.5,27.173167824759723
-41.25,145.75,27.330262309758222
-41.25,146.0,27.66199042744163
-41.25,146.25,28.559684361304267
-41.25,146.5,29.26803689812213
-41.25,146.75,29.621478556059927
-41.25,147.0,29.678212946407587
-41.25,147.25,29.65934629192535
-41.25,147.5,29.76138116298137
-41.25,147.75,30.10096690109814
-41.25,148.0,29.99857527322238
-41.25,148.25,28.736219208869926
-41.25,148.5,27.756606915705582
-41.5,144.75,28.25518036788473
-41.5,145.0,28.66511114439868
-41.5,145.25,28.318536231285023
-41.5,145.5,27.603035182239413
-41.5,145.75,27.098387410691082
-41.5,146.0,27.142216358353526
-41.5,146.25,27.72291061719079
-41.5,146.5,29.12035033543514
-41.5,146.75,29.69905309610186
-41.5,147.0,29.67997991050281
-41.5,147.25,29.64822710793214
-41.5,147.5,29.752435161122538
-41.5,147.75,29.72255370402502
-41.5,148.0,29.494067785323416
-41.5,148.25,28.02674207893269
-41.5,148.5,27.124964168303226
-41.75,144.75,28.63402982800658
-41.75,145.0,29.39441627824005
-41.75,145.25,29.079034297782155
-41.75,145.5,28.26753983726493
-41.75,145.75,27.6807217754847
-41.75,146.0,27.64125767612023
-41.75,146.25,28.128567210575778
-41.75,146.5,29.15548099799166
-41.75,146.75,29.503403219705277
-41.75,147.0,29.64691017072512
-41.75,147.25,29.691074391067332
-41.75,147.5,29.860481849580705
-41.75,147.75,29.60465887870425
-41.75,148.0,28.771080415668216
-41.75,148.25,26.85563747545736
-41.75,148.5,26.27111358546868
-42.0,145.0,28.84219660323879
-42.0,145.25,29.4308837169571
-42.0,145.5,29.332054350601624
-42.0,145.75,29.222030671527694
-42.0,146.0,29.198986666368498
-42.0,146.25,29.23333552499847
-42.0,146.5,29.08853140438603
-42.0,146.75,28.559402698942968
-42.0,147.0,28.33772122280685
-42.0,147.25,28.562361685726835
-42.0,147.5,29.35336430766315
-42.0,147.75,29.302907629987764
-42.0,148.0,28.50852713428765
-42.0,148.25,26.527446263054433
-42.0,148.5,26.069458317923676
-42.25,145.25,29.203269818039068
-42.25,145.5,30.019936641223918
-42.25,145.75,29.77893095473118
-42.25,146.0,29.421923905496218
-42.25,146.25,28.947415074482173
-42.25,146.5,28.801805952835373
-42.25,146.75,28.527852892065596
-42.25,147.0,28.258850555942782
-42.25,147.25,28.344566220066177
-42.25,147.5,28.522632506578766
-42.25,147.75,28.6779631751311
-42.25,148.0,27.562071743924317
-42.25,148.25,26.460334880416013
-42.5,145.0,28.693448718244035
-42.5,145.25,29.17151416304525
-42.5,145.5,30.038867214089795
-42.5,145.75,29.681344817308176
-42.5,146.0,29.24588367027396
-42.5,146.25,28.61868764381308
-42.5,146.5,28.3476281602996
-42.5,146.75,28.16388497086472
-42.5,147.0,28.436591595838337
-42.5,147.25,28.635829176885597
-42.5,147.5,28.831135858450587
-42.5,147.75,28.42827389408531
-42.5,148.0,26.893503054422457
-42.5,148.25,26.220569847671154
-42.75,145.25,28.944885812695443
-42.75,145.5,29.73258592845843
-42.75,145.75,29.668741542423543
-42.75,146.0,29.189072274589133
-42.75,146.25,28.53922073351273
-42.75,146.5,28.24007418500564
-42.75,146.75,28.19577341986037
-42.75,147.0,28.376547890659758
-42.75,147.25,28.313011276608325
-42.75,147.5,28.159800623898366
-42.75,147.75,27.381911411801713
-42.75,148.0,26.432207554159497
-43.0,145.5,28.97921595077627
-43.0,145.75,29.327911666722137
-43.0,146.0,29.209298118599627
-43.0,146.25,28.64545442152225
-43.0,146.5,28.369740294713303
-43.0,146.75,28.109822393923274
-43.0,147.0,28.051060907972808
-43.0,147.25,27.688408247942203
-43.0,147.5,27.0112050958957
-43.0,147.75,26.33747607680433
-43.25,145.75,28.50409898550819
-43.25,146.0,28.75607002090963
-43.25,146.25,28.79573348515118
-43.25,146.5,28.359345961620534
-43.25,146.75,28.104016081381598
-43.25,147.0,27.26206027571127
-43.25,147.25,26.894284774713896
-43.5,146.0,27.878463952712377
-43.5,146.25,28.229544716311352
-43.5,146.5,28.116814074473712
-43.5,146.75,27.274344807421617
-43.5,147.0,26.549371586826556
