Latitude,Longitude,normalized_km,normalized_corr,normalized_wind_capacity_factor,min_distance_to_line_km
-10.75,142.5,0.155021216407355,0.8857722275151815,0.8483591635290064,597.4
-11.0,142.25,0.1669024045261669,0.8782574131979479,0.4924753453473589,589.0
-11.0,142.5,0.1879773691654879,0.8889239751452566,0.5624490446293191,574.1
-11.25,131.25,0.8205091937765205,0.9634404333664476,0.22155002152284842,126.9
-11.25,142.25,0.1985855728429986,0.8918622404600225,0.35407207847362154,566.6
-11.25,142.5,0.22050919377652045,0.8934276384009514,0.3675292620659347,551.1
-11.25,142.75,0.24101838755304095,0.903685048382016,0.6484535823966421,536.6
-11.5,130.25,0.847949080622348,0.9802598484160806,0.12661868255063272,107.5
-11.5,130.5,0.8585572842998586,0.9808538276460156,0.09639655081151112,100.0
-11.5,130.75,0.8652050919377652,0.9761261090950107,0.11008296074194988,95.3
-11.5,131.0,0.8664780763790665,0.9664133676422452,0.11161787335058503,94.4
-11.5,131.25,0.8564356435643564,0.9752038799395337,0.12808542553109428,101.5
-11.5,132.5,0.7514851485148515,0.9505344077167746,0.22397646122208834,175.7
-11.5,132.75,0.7258840169731259,0.9452370478544186,0.28904823623642456,193.8
-11.5,133.0,0.698019801980198,0.9490218842534669,0.3656389151821643,213.5
-11.5,142.25,0.22956152758132953,0.892710890397131,0.31543115238090624,544.7
-11.5,142.5,0.2524752475247525,0.8963453735972193,0.3255648409579011,528.5
-11.5,142.75,0.2738330975954739,0.9093671090124499,0.5842063671934844,513.4
-11.75,130.25,0.8823196605374823,0.9964495909886504,0.11836524177262166,83.2
-11.75,130.5,0.8963224893917964,0.994856079809546,0.1019261043487017,73.3
-11.75,130.75,0.9026874115983027,0.9793912766989723,0.11471772505198796,68.8
-11.75,131.0,0.9043847241867043,0.9720866282920634,0.13137798182449048,67.6
-11.75,132.75,0.752899575671853,0.9374865237479336,0.1641142247943001,174.7
-11.75,133.0,0.7234794908062234,0.9364054000266655,0.16870311933845442,195.5
-11.75,133.25,0.6925035360678925,0.9494072198677596,0.2980763603050576,217.4
-11.75,142.25,0.2601131541725601,0.8974413873065552,0.2769473858409432,523.1
-11.75,142.5,0.2837340876944837,0.8969820670988837,0.3060463691242051,506.4
-11.75,142.75,0.30608203677510604,0.9086024482320801,0.534853174570262,490.6
-12.0,132.75,0.7782178217821782,0.9305015083699509,0.13241309772193238,156.8
-12.0,133.0,0.7465346534653465,0.9247653492797375,0.11881775039769298,179.2
-12.0,133.25,0.7131541725601132,0.946416913237944,0.14929473494287945,202.8
-12.0,133.5,0.6783592644978784,0.9674818771880923,0.17029856843361788,227.4
-12.0,133.75,0.6427157001414427,0.978387718223108,0.1991639640440218,252.6
-12.0,134.0,0.6063649222065064,0.9776141069925715,0.2968193256421716,278.3
-12.0,135.75,0.43097595473833095,0.99253835591991,0.46599630577219164,402.3
-12.0,136.5,0.34186704384724187,0.959943033285562,0.39847781552612016,465.3
-12.0,142.0,0.263932107496464,0.892902065100336,0.2656267727491982,520.4
-12.0,142.25,0.2898161244695898,0.8947142045760051,0.2614405844490256,502.1
-12.0,142.5,0.31442715700141444,0.8953763841325558,0.2653627395430464,484.7
-12.0,142.75,0.33776520509193775,0.9044516266404317,0.3600325692744432,468.2
-12.0,143.0,0.3596888260254597,0.9226240873459232,0.6322007123249072,452.7
-12.25,131.25,0.947949080622348,0.9546911786036706,0.17123080776196767,36.8
-12.25,132.25,0.8625176803394625,0.9215534825015779,0.20949454125771239,97.2
-12.25,132.5,0.8328147100424328,0.9297745594465888,0.12783531765091702,118.2
-12.25,132.75,0.8002828854314004,0.9316122941527157,0.09802006653011446,141.2
-12.25,133.0,0.7656294200848657,0.9318815937190825,0.11727439233673066,165.7
-12.25,133.25,0.7298444130127298,0.9607721193782148,0.13371709167852142,191.0
-12.25,133.5,0.6932107496463932,0.9837189203766527,0.1557718102089859,216.9
-12.25,133.75,0.6561527581329561,0.9999159014184557,0.16198150632256056,243.1
-12.25,134.0,0.6185289957567186,0.9897918865737522,0.15658450770544535,269.7
-12.25,134.25,0.6025459688826025,0.9862445315472685,0.16426994990953875,281.0
-12.25,134.5,0.5837340876944836,0.9901838567145709,0.17487020137578288,294.3
-12.25,134.75,0.5623762376237624,0.9929247111375031,0.1890130783341394,309.4
-12.25,135.0,0.5387553041018387,0.994646528553948,0.2068934225273241,326.1
-12.25,135.25,0.5131541725601132,0.9957546153026176,0.21341761503643286,344.2
-12.25,135.5,0.4858557284299858,0.9947657448485506,0.2137342389123242,363.5
-12.25,135.75,0.4571428571428571,0.9846883826164394,0.22812314608017337,383.8
-12.25,136.0,0.4272984441301273,0.9638985866982062,0.2577985798365902,404.9
-12.25,136.5,0.36463932107496466,0.9569217328038684,0.19636067021059553,449.2
-12.25,136.75,0.3321074964639321,0.9369068840018587,0.26397310805516894,472.2
-12.25,141.75,0.26435643564356437,0.8848502698680986,0.2479504249111755,520.1
-12.25,142.0,0.2917963224893918,0.8927632622158056,0.21127148699153261,500.7
-12.25,142.25,0.3186704384724187,0.8956037340223924,0.2223794809857587,481.7
-12.25,142.5,0.34441301272984437,0.8984040582632418,0.23803214372034956,463.5
-12.25,142.75,0.36888260254596894,0.908669366842081,0.29785223347287915,446.2
-12.25,143.0,0.3916548797736916,0.9203427379161947,0.4851169871309131,430.1
-12.5,130.75,0.9920792079207921,0.9901068293201357,0.11558703609013517,5.6
-12.5,131.0,0.9971711456859972,0.9809215725509544,0.08325506274002431,2.0
-12.5,131.25,0.984016973125884,0.993741544820203,0.08104138719378222,11.3
-12.5,131.5,0.9667609618104668,0.9858072324200257,0.09027213764916535,23.5
-12.5,131.75,0.9448373408769448,0.9744388639507341,0.09972533874008183,39.0
-12.5,132.0,0.9172560113154172,0.9690001694628287,0.1066591131228723,58.5
-12.5,132.25,0.886987270155587,0.9643145645117831,0.10497168112508228,79.9
-12.5,132.5,0.8528995756718529,0.9684499337678238,0.0910719832301941,104.0
-12.5,132.75,0.8168316831683169,0.960550325383797,0.09293143329695848,129.5
-12.5,133.0,0.7796322489391796,0.9777388168816025,0.12043173435960493,155.8
-12.5,133.25,0.7420084865629419,0.9996400514815218,0.15645523909783085,182.4
-12.5,133.5,0.7039603960396039,0.9918734198989437,0.19993622329641858,209.3
-12.5,133.75,0.6673267326732674,0.9823043405420068,0.20286782675957107,235.2
-12.5,134.0,0.6537482319660537,0.9729761947958687,0.17365768262764428,244.8
-12.5,134.25,0.6366336633663366,0.9721785890694153,0.1523917757914468,256.9
-12.5,134.5,0.6162659123055163,0.9821766324209078,0.14788760170560872,271.3
-12.5,134.75,0.5932107496463932,0.9869933405684547,0.14234690951936604,287.6
-12.5,135.0,0.5678925035360679,0.9896506923429319,0.1406564394151568,305.5
-12.5,135.25,0.5407355021216407,0.9959775102065993,0.1521006172107404,324.7
-12.5,135.5,0.512022630834512,0.9909207475187987,0.1569385623418035,345.0
-12.5,135.75,0.48189533239038185,0.9772819636395897,0.15203042647622741,366.3
-12.5,136.0,0.45077793493635077,0.9622338219544804,0.15734714494440832,388.3
-12.5,136.25,0.4186704384724187,0.9586064908241364,0.1527971010926865,411.0
-12.5,136.5,0.3857142857142857,0.9503792211335079,0.1630556647080126,434.3
-12.5,136.75,0.35219236209335214,0.9251996483821104,0.2565358718927516,458.0
-12.5,141.75,0.2923620933521923,0.8844614958366309,0.2689275262888799,500.3
-12.5,142.0,0.3190947666195191,0.8938756481739839,0.20472531051873252,481.4
-12.5,142.25,0.34667609618104667,0.9002123237854452,0.19095983568192712,461.9
-12.5,142.5,0.3734087694483734,0.9074442882661021,0.21433555834147316,443.0
-12.5,142.75,0.39900990099009903,0.9159423913575383,0.23936675082989703,424.9
-12.5,143.0,0.42305516265912313,0.9235087851343896,0.314612475375261,407.9
-12.5,143.25,0.44540311173974534,0.9343126567074115,0.5560805933527243,392.1
-12.75,130.5,0.9916548797736916,0.9753116449724347,0.10921167050237944,5.9
-12.75,130.75,0.9977369165487977,0.9477005263975061,0.08111558468296794,1.6
-12.75,131.0,0.9947666195190947,0.9526216897701661,0.08024495847514536,3.7
-12.75,131.25,0.9823196605374823,0.9600589205977649,0.07662776801996735,12.5
-12.75,131.5,0.9987270155586987,0.9760204343610382,0.07888349353781549,0.9
-12.75,131.75,0.9719943422913719,0.9822428333198386,0.08759565453884993,19.8
-12.75,132.0,0.94002828854314,0.9951204695432346,0.09322967380849036,42.4
-12.75,132.25,0.902970297029703,0.9937019321848295,0.09142146056032913,68.6
-12.75,132.5,0.8647807637906648,0.9981899063859789,0.09144752219470513,95.6
-12.75,132.75,0.8263083451202263,0.9916204484207544,0.10648510134692683,122.8
-12.75,133.0,0.7875530410183875,0.9751817338942956,0.14585162717965883,150.2
-12.75,133.25,0.7487977369165488,0.9748765224336654,0.19519587471501557,177.6
-12.75,133.5,0.7148514851485148,0.9778054697457869,0.2344466785101349,201.6
-12.75,133.75,0.7038189533239039,0.9816537935397595,0.2337811800902097,209.4
-12.75,134.0,0.6888260254596889,0.9785725188831794,0.212090502459962,220.0
-12.75,134.25,0.6697312588401697,0.9760299827981254,0.1962240279494702,233.5
-12.75,134.5,0.6475247524752475,0.9833378956798428,0.1856211171327795,249.2
-12.75,134.75,0.6226308345120226,0.9909340954009359,0.15378216479126963,266.8
-12.75,135.0,0.5956152758132957,0.9986101070301984,0.13896837400844225,285.9
-12.75,135.25,0.5666195190947667,0.9997478477154669,0.15575354933591976,306.4
-12.75,135.5,0.5363507779349364,0.9775523271875636,0.16302428759619866,327.8
-12.75,135.75,0.5048090523338048,0.9630535056763644,0.14689228741984986,350.1
-12.75,136.0,0.4724186704384724,0.9586483714452164,0.12124216737886596,373.0
-12.75,136.25,0.43903818953323903,0.9531016221932157,0.12422396164944595,396.6
-12.75,136.5,0.4052333804809052,0.9299683276333778,0.20629456904131646,420.5
-12.75,142.0,0.34710042432814703,0.8923676456252493,0.2266302673258688,461.6
-12.75,142.25,0.37397454031117394,0.8989041220379811,0.1966682845295195,442.6
-12.75,142.5,0.4014144271570015,0.9134926200834483,0.21100853364283484,423.2
-12.75,142.75,0.42814710042432813,0.9211966944783451,0.24422203170241644,404.3
-12.75,143.0,0.45346534653465354,0.9256482586786365,0.301844547066862,386.4
-12.75,143.25,0.47708628005657705,0.9326033782992915,0.4604839235802479,369.7
-13.0,130.25,0.95997171145686,0.9624630224000776,0.1294394539575391,28.3
-13.0,130.5,0.9705799151343706,0.9344980130024063,0.08098014154713484,20.8
-13.0,130.75,0.9691654879773691,0.932845110157395,0.08512133847293477,21.8
-13.0,131.0,0.9909476661951909,0.9382573684840243,0.08870868779264761,6.4
-13.0,131.25,0.977086280056577,0.9457881310726645,0.0860206647131218,16.2
-13.0,131.5,0.9732673267326732,0.9536717454267116,0.09233721191591046,18.9
-13.0,131.75,0.9783592644978784,0.9645369076270528,0.10312966189169924,15.3
-13.0,132.0,0.9431400282885432,0.9737018259424158,0.10916881305527418,40.2
-13.0,132.25,0.904950495049505,0.9835751391364427,0.09788000740659722,67.2
-13.0,132.5,0.8663366336633663,0.9760216746763974,0.10107483015349213,94.5
-13.0,132.75,0.8274398868458275,0.9603668057582109,0.1228872093305383,122.0
-13.0,133.0,0.7885431400282885,0.9580355290116639,0.18565291651720983,149.5
-13.0,133.25,0.7620933521923621,0.9675399505643936,0.24146291532095335,168.2
-13.0,133.5,0.7519094766619518,0.9802293618024605,0.2567896383944523,175.4
-13.0,133.75,0.7398868458274399,0.9885609949168584,0.24383123612498006,183.9
-13.0,134.0,0.7227722772277227,0.9946351268313178,0.20465051024344558,196.0
-13.0,134.25,0.7016973125884016,0.9929469104882693,0.18454077616047115,210.9
-13.0,134.5,0.6773691654879774,0.9917595916571044,0.16420224123544253,228.1
-13.0,134.75,0.6503536067892504,0.9978268886905761,0.14290900594702,247.2
-13.0,135.0,0.6213578500707213,0.9897870815305433,0.138485307029149,267.7
-13.0,135.25,0.5906647807637907,0.9984448498474372,0.161047268452057,289.4
-13.0,135.5,0.5586987270155587,0.9707396193243683,0.14895209133752824,312.0
-13.0,135.75,0.5258840169731259,0.9483750395068316,0.1310424942894317,335.2
-13.0,136.0,0.49207920792079207,0.9414710829265459,0.12338629849334,359.1
-13.0,136.25,0.4577086280056577,0.9332950100732992,0.1531466928554771,383.4
-13.0,136.5,0.42263083451202266,0.9161753999660499,0.24424588527005806,408.2
-13.0,141.75,0.34639321074964635,0.8850202459400227,0.2565012197505696,462.1
-13.0,142.0,0.3746817538896746,0.8986204385822075,0.21138728961552242,442.1
-13.0,142.25,0.401980198019802,0.8988418491888539,0.20301276941754462,422.8
-13.0,142.5,0.42871287128712876,0.9123784641298951,0.21414255396815685,403.9
-13.0,142.75,0.45629420084865635,0.9216214674917325,0.24928922251233568,384.4
-13.0,143.0,0.48288543140028284,0.9211923023427788,0.2658658886475298,365.6
-13.0,143.25,0.5079207920792079,0.9254971233194276,0.3517141210776986,347.9
-13.25,130.25,0.9268741159830268,0.9549688645017667,0.1500220044326311,51.7
-13.25,130.5,0.9323903818953324,0.9408605874776859,0.09744254586987064,47.8
-13.25,130.75,0.9466760961810466,0.9387760405879539,0.10255902975497573,37.7
-13.25,131.0,0.9841584158415841,0.9329329830104837,0.10217514848870032,11.2
-13.25,131.25,0.9881188118811881,0.9330343598374248,0.10207481039048899,8.4
-13.25,131.5,0.9623762376237623,0.9309453334029227,0.11076609146119931,26.6
-13.25,131.75,0.9446958981612447,0.9373766520570675,0.12437907269649054,39.1
-13.25,132.0,0.9236209335219236,0.9496920463723673,0.12069691833922268,54.0
-13.25,132.25,0.8978783592644979,0.9586595408643576,0.11700109814411475,72.2
-13.25,132.5,0.8711456859971711,0.9561412671637496,0.1305896246373907,91.1
-13.25,132.75,0.8394625176803394,0.9551284397793409,0.16175054576559833,113.5
-13.25,133.0,0.8057991513437057,0.9632708788444879,0.2425512021100505,137.3
-13.25,133.25,0.7995756718528996,0.9750195540113907,0.26951757974250073,141.7
-13.25,133.5,0.7891089108910891,0.9886119799255937,0.26607657367199666,149.1
-13.25,133.75,0.7751060820367751,0.9916507771577203,0.21241877912599177,159.0
-13.25,134.0,0.7555869872701556,0.9802532756279071,0.17845806806003717,172.8
-13.25,134.25,0.731966053748232,0.9782483110258801,0.15851679173989375,189.5
-13.25,134.5,0.7050919377652051,0.9713463726850625,0.14564540664048703,208.5
-13.25,134.75,0.6758132956152758,0.9884308597727394,0.15169002961907163,229.2
-13.25,135.0,0.6448373408769448,0.9845829141762867,0.15486057169052597,251.1
-13.25,135.25,0.6123055162659123,0.9942753884330727,0.16688083570883974,274.1
-13.25,135.5,0.5787835926449787,0.9558908892114082,0.13092730412190842,297.8
-13.25,135.75,0.5445544554455446,0.9356371848325333,0.1278163073245432,322.0
-13.25,136.0,0.5096181046676096,0.911656773597649,0.2236735531475909,346.7
-13.25,141.75,0.3718528995756718,0.8883269060349609,0.2175688288489147,444.1
-13.25,142.0,0.40113154172560117,0.9065631140231343,0.1963499844569831,423.4
-13.25,142.25,0.42942008486562944,0.9001024885167656,0.21124041288449677,403.4
-13.25,142.5,0.4567185289957567,0.9094054757667462,0.21886678527412634,384.1
-13.25,142.75,0.4833097595473833,0.9099932387090245,0.24973241535220636,365.3
-13.25,143.0,0.5110325318246111,0.9103564908374303,0.26338573006926996,345.7
-13.25,143.25,0.5374823196605375,0.9217098230016977,0.2634795164950176,327.0
-13.25,143.5,0.5622347949080622,0.938966122441481,0.390642514895046,309.5
-13.5,130.0,0.8746817538896747,0.9541794177427451,0.1712438949896197,88.6
-13.5,130.25,0.8900990099009901,0.9504463589149484,0.1360955889302568,77.7
-13.5,130.5,0.8977369165487977,0.9485301827786545,0.11126611381424861,72.3
-13.5,130.75,0.9314002828854314,0.9410323615255006,0.11644801933206587,48.5
-13.5,131.0,0.9574257425742574,0.9371567133666394,0.12219518187524957,30.1
-13.5,131.25,0.9845827439886846,0.927141075543529,0.11754353471919488,10.9
-13.5,131.5,0.984016973125884,0.9315184094899605,0.1329665488430438,11.3
-13.5,131.75,0.9695898161244696,0.9403354256464556,0.1416350803794797,21.5
-13.5,132.0,0.9510608203677511,0.9584448474461946,0.14182311418505233,34.6
-13.5,132.25,0.9256011315417256,0.9644762751779284,0.14938276105438714,52.6
-13.5,132.5,0.8917963224893918,0.9670317407065822,0.1723321011923396,76.5
-13.5,132.75,0.8555869872701556,0.9720732389890125,0.1817787264348792,102.1
-13.5,133.0,0.8442715700141443,0.9826977687288395,0.2506026515219635,110.1
-13.5,133.25,0.8367751060820368,0.9959799549020858,0.2697757784949456,115.4
-13.5,133.5,0.8257425742574257,0.9886296996024092,0.22725168499748333,123.2
-13.5,133.75,0.809052333804809,0.9623781418907037,0.18486271873725554,135.0
-13.5,134.0,0.7865629420084865,0.9517028305150407,0.16230646282985103,150.9
-13.5,134.25,0.7598302687411598,0.9415474839973152,0.14694254108465157,169.8
-13.5,134.5,0.7302687411598303,0.9452305500432213,0.15738332822775652,190.7
-13.5,134.75,0.6985855728429986,0.9643311089215639,0.17641810450841744,213.1
-13.5,135.0,0.6654879773691655,0.9843423991027364,0.17071091280830886,236.5
-13.5,135.25,0.6312588401697312,0.9912752091355261,0.1577483845163256,260.7
-13.5,135.5,0.5963224893917963,0.9576476684880398,0.12638605224393556,285.4
-13.5,135.75,0.5606789250353607,0.9313492126982602,0.13540473158916455,310.6
-13.5,141.75,0.39646393210749653,0.8865546665394762,0.20018578318923108,426.7
-13.5,142.0,0.4265912305516266,0.9040071513000136,0.1890240380814342,405.4
-13.5,142.25,0.4557284299858557,0.8979888297656088,0.20142475038635607,384.8
-13.5,142.5,0.48415841584158414,0.8998314214215309,0.21020735999831036,364.7
-13.5,142.75,0.5113154172560113,0.9013608706722285,0.23447161193523053,345.5
-13.5,143.0,0.538048090523338,0.903283812525941,0.26187981243913977,326.6
-13.5,143.25,0.5657708628005658,0.9135107761640304,0.25881587002740264,307.0
-13.5,143.5,0.5920792079207922,0.9319700966344917,0.3598738141114231,288.4
-13.75,130.0,0.8405940594059406,0.9504057940515346,0.11849693603018889,112.7
-13.75,130.25,0.8524752475247525,0.9421806012449919,0.11331341878482827,104.3
-13.75,130.5,0.8769448373408769,0.940151419991958,0.12476375176789992,87.0
-13.75,130.75,0.9031117397454032,0.9374703312541628,0.13280588539461236,68.5
-13.75,131.0,0.9316831683168317,0.9417638991332583,0.12681274099376239,48.3
-13.75,131.25,0.9613861386138614,0.9501217965201156,0.13289465934770014,27.3
-13.75,131.5,0.9809052333804809,0.9590164567679496,0.1510727444168783,13.5
-13.75,131.75,0.9992927864214993,0.9826657504366905,0.16610880209829906,0.5
-13.75,132.0,0.978076379066478,0.991961364382108,0.16909478524876423,15.5
-13.75,132.25,0.9401697312588402,0.9951592247871638,0.18682343364556867,42.3
-13.75,132.5,0.9062234794908062,0.9953912590080388,0.203756275450568,66.3
-13.75,132.75,0.8813295615275814,0.9878778240721585,0.189711455995949,83.9
-13.75,133.0,0.8827439886845827,0.9809951805542689,0.24182793937497155,82.9
-13.75,133.25,0.8732673267326733,0.9722712870660721,0.2423830344581772,89.6
-13.75,133.5,0.8613861386138614,0.9492082777843511,0.20708479905582158,98.0
-13.75,133.75,0.8408769448373409,0.9326662503014748,0.18006644321009824,112.5
-13.75,134.0,0.8145685997171146,0.9207642295718534,0.1597838191135485,131.1
-13.75,134.25,0.7844413012729844,0.9201154609403764,0.16204084368379656,152.4
-13.75,134.5,0.7519094766619518,0.9196588951886433,0.17842459247896175,175.4
-13.75,134.75,0.717963224893918,0.9519792361396935,0.19398562850271306,199.4
-13.75,135.0,0.6828854314002829,0.9883994542590393,0.1704582100467868,224.2
-13.75,135.25,0.646958981612447,0.9930658328956254,0.14511119954624327,249.6
-13.75,135.5,0.6106082036775107,0.9672093355615747,0.1284431484593411,275.3
-13.75,135.75,0.5738330975954737,0.9356902992268735,0.13918656323635095,301.3
-13.75,141.5,0.3875530410183875,0.9107023353370924,0.3130618161885273,433.0
-13.75,141.75,0.4196605374823197,0.8859254563278527,0.1821339028336075,410.3
-13.75,142.0,0.45077793493635077,0.9012251005679913,0.17325895735069463,388.3
-13.75,142.25,0.4810466760961811,0.8943889006444277,0.1905248143007012,366.9
-13.75,142.5,0.5103253182461103,0.8971353254501011,0.19473458217483297,346.2
-13.75,142.75,0.538896746817539,0.8954869230917182,0.22183610316179328,326.0
-13.75,143.0,0.5660537482319661,0.8989795013565591,0.24333503356620848,306.8
-13.75,143.25,0.5926449787835926,0.8953708303321093,0.20665340406156824,288.0
-13.75,143.5,0.6205091937765205,0.911196361840109,0.28245583541768116,268.3
-14.0,126.75,0.675954738330976,0.9911157204606194,0.18505301540829905,229.1
-14.0,127.0,0.7008486562942009,0.9839221650336009,0.17479233881816358,211.5
-14.0,127.25,0.7226308345120227,0.9876776973314098,0.2209748765490035,196.1
-14.0,129.75,0.7885431400282885,0.9680197132196282,0.1482605474005025,149.5
-14.0,130.0,0.8048090523338048,0.9472121934447449,0.10588495847888454,138.0
-14.0,130.25,0.8223479490806224,0.9397002600209177,0.11532943367688132,125.6
-14.0,130.5,0.848939179632249,0.9341657536941188,0.13843294200126552,106.8
-14.0,130.75,0.8775106082036775,0.9399723523941317,0.13815377467348164,86.6
-14.0,131.0,0.9067892503536068,0.9594594682743612,0.1347717578310642,65.9
-14.0,131.25,0.9315417256011316,0.9622133032308335,0.13644036323942033,48.4
-14.0,131.5,0.9452616690240453,0.9867585261141462,0.15957166741701717,38.7
-14.0,131.75,0.9734087694483734,0.9895407771412347,0.17480478135479824,18.8
-14.0,132.0,0.9926449787835926,0.9758520271899067,0.18323002261856527,5.2
-14.0,132.25,0.9586987270155587,0.9705873758680998,0.21330987105015983,29.2
-14.0,132.5,0.9247524752475248,0.9630121012986256,0.23380641974353858,53.2
-14.0,132.75,0.9196605374823197,0.944999079460499,0.20391374123155342,56.8
-14.0,133.0,0.921074964639321,0.9498232000440775,0.23961911512863496,55.8
-14.0,133.25,0.9110325318246111,0.9379809852875088,0.23982327265655126,62.9
-14.0,133.5,0.8950495049504951,0.9163612159305166,0.19463529975816254,74.2
-14.0,133.75,0.8691654879773691,0.8995071917574247,0.17511407187036734,92.5
-14.0,134.0,0.8381895332390382,0.896303632077518,0.17909623158082708,114.4
-14.0,134.25,0.8043847241867044,0.8930120259600703,0.1852196196844553,138.3
-14.0,134.5,0.7691654879773692,0.9128932398192244,0.19980116052828573,163.2
-14.0,134.75,0.732956152758133,0.9435768827753684,0.20733119996264918,188.8
-14.0,135.0,0.6961810466760961,0.9937476767905478,0.16278778914339748,214.8
-14.0,135.25,0.6591230551626591,0.9915977463496808,0.13136533943364043,241.0
-14.0,135.5,0.6216407355021216,0.9662799470700856,0.1294222020259151,267.5
-14.0,135.75,0.584016973125884,0.9235416103587107,0.1933699646984283,294.1
-14.0,141.75,0.441018387553041,0.8887959657486241,0.16992653336478605,395.2
-14.0,142.0,0.4734087694483734,0.8970402038236611,0.16704901947798845,372.3
-14.0,142.25,0.504950495049505,0.8965595459817605,0.1826053814918641,350.0
-14.0,142.5,0.5355021216407355,0.89480780916457,0.2050944122434354,328.4
-14.0,142.75,0.5649222065063648,0.8966459247669679,0.22731373650790235,307.6
-14.0,143.0,0.5936350777934936,0.8899110472145483,0.2422297108169782,287.3
-14.0,143.25,0.6206506364922206,0.8834967657907653,0.19418153398560745,268.2
-14.0,143.5,0.6472418670438472,0.8899120678894861,0.1960120051911423,249.4
-14.25,126.25,0.6424328147100424,0.9623685802657878,0.16651611788305481,252.8
-14.25,126.5,0.6736916548797738,0.9652835504211722,0.1327559379580439,230.7
-14.25,126.75,0.7032531824611032,0.958602455813366,0.11657309744806765,209.8
-14.25,127.0,0.7305516265912306,0.9629850469851988,0.14458535731794947,190.5
-14.25,127.25,0.7550212164073551,0.9755655769060642,0.18919570318207654,173.2
-14.25,127.5,0.7753889674681753,0.9939496491217659,0.22702302921090806,158.8
-14.25,129.5,0.7541725601131541,0.9640771733259453,0.2184527647027903,173.8
-14.25,129.75,0.7541725601131541,0.94693577064806,0.12704562595341137,173.8
-14.25,130.0,0.768033946251768,0.9329809527757522,0.10852025550355716,164.0
-14.25,130.25,0.7944837340876945,0.9293845385202575,0.1289609868486546,145.3
-14.25,130.5,0.823055162659123,0.9363972576979743,0.1413059108163909,125.1
-14.25,130.75,0.8521923620933523,0.9512558476906293,0.14315077474888793,104.5
-14.25,131.0,0.8780763790664781,0.9559405698768463,0.1421415190198791,86.2
-14.25,131.25,0.8958981612446959,0.9665751516102314,0.14400405554488896,73.6
-14.25,131.5,0.921074964639321,0.9839547307638843,0.14266317881519788,55.8
-14.25,131.75,0.955021216407355,0.9864903048673087,0.16239002123260854,31.8
-14.25,132.0,0.9888260254596888,0.9590636159076046,0.18739770828654015,7.9
-14.25,132.25,0.9772277227722772,0.9415942393111447,0.22372996361160816,16.1
-14.25,132.5,0.9603960396039604,0.9292486831770508,0.2393416401147716,28.0
-14.25,132.75,0.9572842998585573,0.9202027457229802,0.21471449160419045,30.2
-14.25,133.0,0.9588401697312589,0.9205307098698856,0.2408820164797787,29.1
-14.25,133.25,0.9478076379066478,0.903478542173532,0.23184920228399453,36.9
-14.25,133.5,0.9236209335219236,0.8851462938625085,0.18890457683592105,54.0
-14.25,133.75,0.8908062234794908,0.8787496270097197,0.1738340539727132,77.2
-14.25,134.0,0.8551626591230551,0.8732986117438768,0.184941886794185,102.4
-14.25,134.25,0.8183875530410184,0.8908070671964573,0.20540178480322793,128.4
-14.25,134.5,0.7809052333804809,0.91682732810763,0.22121832799442673,154.9
-14.25,134.75,0.7431400282885432,0.9463795945836243,0.21157528151617888,181.6
-14.25,135.0,0.7052333804809052,0.9942542746321579,0.16350528189387112,208.4
-14.25,135.25,0.667043847241867,0.9892656924218135,0.13348626811840036,235.4
-14.25,135.5,0.6288543140028289,0.949382962679743,0.17159808823454653,262.4
-14.25,135.75,0.5906647807637907,0.9146860274578312,0.27371978861445423,289.4
-14.25,141.75,0.46039603960396036,0.8987233791884927,0.17544302546196536,381.5
-14.25,142.0,0.49405940594059405,0.896858219771118,0.16974703526828303,357.7
-14.25,142.25,0.5268741159830268,0.8922909971844619,0.19754272730816475,334.5
-14.25,142.5,0.558981612446959,0.8956211920984034,0.22139614989428466,311.8
-14.25,142.75,0.5898161244695899,0.8970791485948225,0.2556391550394573,290.0
-14.25,143.0,0.6193776520509193,0.891309637896905,0.2744371201921736,269.1
-14.25,143.25,0.6482319660537482,0.8824587518253562,0.2490058646929391,248.7
-14.25,143.5,0.6752475247524752,0.8877568168682648,0.24147645383231756,229.6
-14.5,125.75,0.5933521923620934,0.945948762456885,0.13590167554260604,287.5
-14.5,126.25,0.6625176803394626,0.9361739489881239,0.13176554749993,238.6
-14.5,126.5,0.6957567185289958,0.944376418237491,0.1014954571960284,215.1
-14.5,126.75,0.7277227722772277,0.9448560130444535,0.09153288573231118,192.5
-14.5,127.0,0.7577086280056577,0.9538487904245229,0.1307957226852692,171.3
-14.5,127.25,0.7851485148514852,0.9756909166487611,0.18450588225915762,151.9
-14.5,127.5,0.8087694483734088,0.9937027479568855,0.20662988895671072,135.2
-14.5,127.75,0.8268741159830268,0.9895433017006552,0.2158369792517575,122.4
-14.5,129.75,0.7619519094766619,0.9415099600183112,0.17165013091692138,168.3
-14.5,130.0,0.74002828854314,0.9313975081210564,0.13853475483017902,183.8
-14.5,130.25,0.7685997171145686,0.9314416894857939,0.15753053536292852,163.6
-14.5,130.5,0.7975954738330976,0.9563925281413871,0.16783547805004218,143.1
-14.5,130.75,0.8239038189533239,0.9646465399709988,0.16583948242580504,124.5
-14.5,131.0,0.8451202263083452,0.9661023344522001,0.16863592641717212,109.5
-14.5,131.25,0.8687411598302688,0.9600068631606967,0.151473107209012,92.8
-14.5,131.5,0.9026874115983027,0.9718057758570021,0.14009610782916285,68.8
-14.5,131.75,0.9364922206506365,0.9985362303343457,0.14961897584314068,44.9
-14.5,132.0,0.9684582743988684,0.9639291783772084,0.17514180970138846,22.3
-14.5,132.25,0.9943422913719944,0.938321279635093,0.19788467142376218,4.0
-14.5,132.5,0.9889674681753889,0.9208863791161941,0.21828941611627165,7.8
-14.5,132.75,0.9927864214992927,0.9125440984028743,0.21787866735184858,5.1
-14.5,133.0,0.9933521923620934,0.8994262772819676,0.21111257065575817,4.7
-14.5,133.25,0.977086280056577,0.8870890804126186,0.2123284579144624,16.2
-14.5,133.5,0.9397454031117397,0.8814032187073529,0.18727481406135962,42.6
-14.5,133.75,0.9014144271570014,0.8743751261800963,0.17538684063980414,69.7
-14.5,134.0,0.8630834512022632,0.8777834369940323,0.18851784281189388,96.8
-14.5,134.25,0.8246110325318246,0.8916186075028486,0.2143234059157963,124.0
-14.5,134.5,0.7861386138613862,0.9107090291792734,0.22353900613227193,151.2
-14.5,134.75,0.7476661951909477,0.9350763071961544,0.20793024685596195,178.4
-14.5,135.0,0.7091937765205092,0.9841570722993891,0.16895561257539582,205.6
-14.5,135.25,0.6707213578500707,0.975972087538128,0.1605731143260785,232.8
-14.5,135.5,0.6322489391796322,0.9386813434983583,0.22535016884183748,260.0
-14.5,141.75,0.49377652050919385,0.9129215194498631,0.1905135160906223,357.9
-14.5,142.0,0.5125884016973126,0.8995388588356324,0.17996530730675295,344.6
-14.5,142.25,0.5466760961810466,0.8975775074688481,0.20595394654230464,320.5
-14.5,142.5,0.5800565770862801,0.892022559304443,0.2392257407871292,296.9
-14.5,142.75,0.6125884016973127,0.8921361867951523,0.2652654879030806,273.9
-14.5,143.0,0.643988684582744,0.8820952821110618,0.2858310668871411,251.7
-14.5,143.25,0.673974540311174,0.8731161504285891,0.26353821561214646,230.5
-14.5,143.5,0.7028288543140029,0.8826528161187701,0.20362066469507045,210.1
-14.5,143.75,0.7298444130127298,0.9080444662566959,0.2159496712415886,191.0
-14.5,144.0,0.7562942008486563,0.9498908337373061,0.29791976485694555,172.3
-14.5,144.25,0.7844413012729844,0.9727165695467554,0.32045556794182495,152.4
-14.5,144.5,0.8096181046676096,0.9759042843174198,0.39873391903275873,134.6
-14.75,125.25,0.5336633663366337,0.9457232137995535,0.13873858195394892,329.7
-14.75,125.5,0.5705799151343706,0.9307591736181379,0.0973877696975823,303.6
-14.75,125.75,0.6072135785007072,0.925399074033961,0.08262827801569043,277.7
-14.75,126.0,0.6435643564356436,0.9273532933987844,0.0955301505533072,252.0
-14.75,126.25,0.6793493635077794,0.94392898977936,0.12678651012799433,226.7
-14.75,126.5,0.7144271570014145,0.965806248497724,0.11901473573804135,201.9
-14.75,126.75,0.7486562942008487,0.9657620114999612,0.10529480832161106,177.7
-14.75,127.0,0.7814710042432815,0.9697795703635278,0.13995433866272214,154.5
-14.75,127.25,0.8121640735502121,0.991664738880185,0.19713744230011362,132.8
-14.75,127.5,0.8396039603960396,0.9800602485580261,0.22248933633511353,113.4
-14.75,127.75,0.8618104667609618,0.9750418853678701,0.21255198840744977,97.7
-14.75,128.0,0.8758132956152758,0.984330109383744,0.22564276186005747,87.8
-14.75,129.75,0.7884016973125885,0.9364075752458246,0.24648373672945043,149.6
-14.75,130.0,0.7575671852899576,0.9242770700537452,0.17841071550481347,171.4
-14.75,130.25,0.742998585572843,0.9391405657579366,0.17617260616901417,181.7
-14.75,130.5,0.7694483734087695,0.9783221198084076,0.1811741513160927,163.0
-14.75,130.75,0.7922206506364922,0.9762377723836163,0.1650984262186476,146.9
-14.75,131.0,0.8165487977369166,0.9668711259925551,0.18531632333705633,129.7
-14.75,131.25,0.8503536067892503,0.9566643119204253,0.16793814509455363,105.8
-14.75,131.5,0.884016973125884,0.9537002635390415,0.14213372631720697,82.0
-14.75,131.75,0.9138613861386139,0.974952952390338,0.14503179778882005,60.9
-14.75,132.0,0.9411598302687412,0.9921800079450102,0.17054994957855438,41.6
-14.75,132.25,0.957001414427157,0.9663332269776183,0.1900896800985472,30.4
-14.75,132.5,0.9755304101838755,0.9423011155602041,0.21724485549542566,17.3
-14.75,132.75,0.9926449787835926,0.9207183883327179,0.23424774297945905,5.2
-14.75,133.0,0.9862800565770863,0.9056042615997552,0.20448316457261942,9.7
-14.75,133.25,0.963932107496464,0.900353664604923,0.2025252863047826,25.5
-14.75,133.5,0.9335219236209336,0.896242686088286,0.19771189423111493,47.0
-14.75,133.75,0.8975954738330976,0.8944417560892548,0.19533338730901428,72.4
-14.75,134.0,0.8602545968882602,0.9012029956841825,0.20194053543477933,98.8
-14.75,134.25,0.8224893917963225,0.9081705108811452,0.21133911507925165,125.5
-14.75,134.5,0.7845827439886846,0.9175612495286238,0.21054990045309882,152.3
-14.75,134.75,0.7463932107496464,0.9419119450094772,0.19734564526416376,179.3
-14.75,135.0,0.708062234794908,0.9826267010730603,0.1686689023627091,206.4
-14.75,135.25,0.6698727015558699,0.9615187779694353,0.19688245088548004,233.4
-14.75,141.75,0.5315417256011316,0.9145196549267668,0.22151214592557966,331.2
-14.75,142.0,0.5285714285714286,0.9031875021842055,0.19999464841986506,333.3
-14.75,142.25,0.5639321074964639,0.9004347725642596,0.21755493575749105,308.3
-14.75,142.5,0.5987270155586988,0.8888543967271277,0.24817053854177099,283.7
-14.75,142.75,0.6328147100424328,0.8844292600021216,0.2742334139479694,259.6
-14.75,143.0,0.6660537482319661,0.8709809537413968,0.29187027446118,236.1
-14.75,143.25,0.698019801980198,0.8543323047479282,0.27489302956236134,213.5
-14.75,143.5,0.7282885431400283,0.8634268654783922,0.21563025907704722,192.1
-14.75,143.75,0.7574257425742574,0.9038907074039715,0.17596387133487473,171.5
-14.75,144.0,0.7844413012729844,0.9555318102244714,0.20960869991960795,152.4
-14.75,144.25,0.8106082036775106,0.9832979660336166,0.24113565404327592,133.9
-14.75,144.5,0.839038189533239,0.9906614910021999,0.25458753505197146,113.8
-14.75,144.75,0.8635077793493635,0.9912897553333238,0.35674664362816033,96.5
-14.75,145.0,0.8806223479490807,0.9941251516724418,0.6305149097836635,84.4
-15.0,125.5,0.5801980198019802,0.9124396567574493,0.07128954910635817,296.8
-15.0,125.75,0.6176803394625177,0.9255321151240962,0.08339955411428575,270.3
-15.0,126.0,0.655021216407355,0.9473415359215992,0.11640737962206027,243.9
-15.0,126.25,0.692079207920792,0.98141654230031,0.1553840285620556,217.7
-15.0,126.5,0.7287128712871287,0.9964413673882379,0.15122784418183005,191.8
-15.0,126.75,0.764922206506365,0.9995037764078311,0.14007732314464508,166.2
-15.0,127.0,0.8004243281471004,0.9992026271715475,0.1722390400439865,141.1
-15.0,127.25,0.8345120226308345,0.9752487162801919,0.23439589297524388,117.0
-15.0,127.5,0.8664780763790665,0.9548401250578793,0.2635049012038254,94.4
-15.0,127.75,0.8940594059405941,0.9556050000331469,0.23741344986828328,74.9
-15.0,128.0,0.9131541725601131,0.9606917997215241,0.19456119252571927,61.4
-15.0,128.25,0.9175388967468175,0.9738650391672578,0.2229694216184516,58.3
-15.0,128.5,0.9106082036775106,0.9766164193004854,0.21326208332849947,63.2
-15.0,128.75,0.9062234794908062,0.9659799927124161,0.23423436564084923,66.3
-15.0,129.0,0.8932107496463932,0.9607436944969209,0.25738734755390413,75.5
-15.0,129.25,0.871004243281471,0.9408836421780705,0.2637899513371425,91.2
-15.0,129.5,0.8425742574257425,0.924124416435062,0.2565919600112603,111.3
-15.0,129.75,0.8107496463932107,0.915146049461243,0.2348396015679285,133.8
-15.0,130.0,0.7769448373408769,0.9135268618512896,0.18457805541854888,157.7
-15.0,130.25,0.7435643564356436,0.9378071616636828,0.17238045301864013,181.3
-15.0,130.5,0.7387553041018388,0.9746003697097851,0.16268181805742213,184.7
-15.0,130.75,0.7643564356435644,0.9633127913740159,0.16504453004959793,166.6
-15.0,131.0,0.7981612446958981,0.9546835700056491,0.22188995097901662,142.7
-15.0,131.25,0.8302687411598303,0.948598220882576,0.21041773879454403,120.0
-15.0,131.5,0.8595473833097595,0.9370343219614117,0.17977293150717857,99.3
-15.0,131.75,0.8867043847241867,0.9451696876119267,0.1789026469855952,80.1
-15.0,132.0,0.9080622347949081,0.9722136734235519,0.19844524638061514,65.0
-15.0,132.25,0.9246110325318246,0.997584307932897,0.21256244851920614,53.3
-15.0,132.5,0.9432814710042433,0.9697825409329764,0.22949769179824506,40.1
-15.0,132.75,0.95997171145686,0.9423065434814671,0.24455627176035663,28.3
-15.0,133.0,0.9876944837340877,0.9268879375010101,0.21475259284331527,8.7
-15.0,133.25,0.9745403111739745,0.9252478743765176,0.20140761772257024,18.0
-15.0,133.5,0.9363507779349364,0.9217483887977281,0.20400053275976288,45.0
-15.0,133.75,0.898019801980198,0.9223939200431452,0.21430896483700787,72.1
-15.0,134.0,0.8599717114568599,0.925944579358176,0.21641831325936883,99.0
-15.0,134.25,0.8236209335219236,0.9343840868113504,0.20852391057927994,124.7
-15.0,134.5,0.7872701555869872,0.9471894702734263,0.2034380398471333,150.4
-15.0,134.75,0.7506364922206507,0.9785257049078825,0.1922961834572214,176.3
-15.0,135.0,0.7134370579915135,0.9978419455016151,0.16490629217820468,202.6
-15.0,135.25,0.675954738330976,0.9623415055148683,0.18908025513814633,229.1
-15.0,135.5,0.6388967468175388,0.9266399579831818,0.28600020157554035,255.3
-15.0,141.75,0.5693069306930694,0.9022252819868993,0.2421011110762942,304.5
-15.0,142.0,0.5585572842998585,0.8942895021238643,0.20543743621648683,312.1
-15.0,142.25,0.5787835926449787,0.8960976797852938,0.2260626168851005,297.8
-15.0,142.5,0.6142857142857143,0.8798826204400145,0.25310959701199376,272.7
-15.0,142.75,0.6497878359264497,0.867386271740325,0.27956404162484944,247.6
-15.0,143.0,0.6847241867043847,0.8558785853521962,0.29277991736937203,222.9
-15.0,143.25,0.7188118811881188,0.8467134513670301,0.28591321664002567,198.8
-15.0,143.5,0.7516265912305516,0.8615819344248908,0.24204827864742312,175.6
-15.0,143.75,0.7826025459688826,0.9036972397945794,0.20104870211594134,153.7
-15.0,144.0,0.8118811881188119,0.9485895533083704,0.21357438777457463,133.0
-15.0,144.25,0.8388967468175389,0.980116212014833,0.24598477811657973,113.9
-15.0,144.5,0.8647807637906648,0.9986880978486996,0.3052931121395444,95.6
-15.0,144.75,0.8936350777934936,0.9960475758590911,0.32677910037178654,75.2
-15.0,145.0,0.9164073550212164,0.999070738230738,0.4208690950021873,59.1
-15.0,145.25,0.9256011315417256,0.9824891683947329,0.68716134683058,52.6
-15.25,125.0,0.5103253182461103,0.9382561509423606,0.08174751726507527,346.2
-15.25,125.25,0.5483734087694483,0.9089133650455783,0.05808927971963779,319.3
-15.25,125.5,0.5864214992927865,0.908726309843849,0.0641007123929222,292.4
-15.25,125.75,0.6244695898161245,0.9389553480029462,0.08968253547925657,265.5
-15.25,126.0,0.6625176803394626,0.9671766118052372,0.13490636931548491,238.6
-15.25,126.25,0.7002828854314003,0.9961853457563695,0.16933598027562674,211.9
-15.25,126.5,0.7381895332390382,0.9720578278773532,0.16767113019244662,185.1
-15.25,126.75,0.7758132956152758,0.9816151375579852,0.17141580184939356,158.5
-15.25,127.0,0.8131541725601131,0.9719319577049371,0.20695597367328156,132.1
-15.25,127.25,0.8500707213578501,0.9407986999259561,0.2563624338918116,106.0
-15.25,127.5,0.8861386138613861,0.9205498426941757,0.2754290579087291,80.5
-15.25,127.75,0.9202263083451202,0.9304120395266189,0.20353305118581386,56.4
-15.25,128.0,0.9480905233380481,0.9524176234932129,0.15397804609825083,36.7
-15.25,128.5,0.9493635077793494,0.9678916916772119,0.18555123262649978,35.8
-15.25,128.75,0.9435643564356435,0.9603559095776412,0.18985831660969915,39.9
-15.25,129.0,0.9254596888260255,0.9414686004477728,0.1789235833263833,52.7
-15.25,129.25,0.8963224893917964,0.918233056063639,0.18481214272694518,73.3
-15.25,129.5,0.8628005657708628,0.8992782118152314,0.19387093797072819,97.0
-15.25,129.75,0.828995756718529,0.8951061924279041,0.18490293133946217,120.9
-15.25,130.0,0.7961810466760961,0.9151343362625868,0.17004228763694956,144.1
-15.25,130.25,0.7616690240452617,0.9425589165081075,0.17390152088767788,168.5
-15.25,130.5,0.7261669024045262,0.9545272378067863,0.1656791155352416,193.6
-15.25,130.75,0.7451202263083452,0.9436678657152598,0.1875300311178493,180.2
-15.25,131.0,0.7762376237623763,0.9472920061041273,0.24106989555950717,158.2
-15.25,131.25,0.8052333804809053,0.9555561800624555,0.2393906366320895,137.7
-15.25,131.5,0.8322489391796323,0.9419090760276445,0.21745112438642375,118.6
-15.25,131.75,0.8557284299858557,0.9335293575246101,0.22114953946287647,102.0
-15.25,132.0,0.871994342291372,0.9479710280636822,0.23368049547057657,90.5
-15.25,132.25,0.8898161244695898,0.9704012444109332,0.22063784820241333,77.9
-15.25,132.5,0.9096181046676096,0.9955854192657814,0.2320334710940259,63.9
-15.25,132.75,0.9465346534653465,0.9806512202984189,0.2506918445242125,37.8
-15.25,133.0,0.9828854314002828,0.9613167064924129,0.2379177755338734,12.1
-15.25,133.25,0.9811881188118812,0.9469538963097021,0.2142536342304446,13.3
-15.25,133.5,0.944978783592645,0.9404517159490227,0.2058965690417613,38.9
-15.25,133.75,0.9086280056577086,0.9432087490063334,0.21312806818326982,64.6
-15.25,134.0,0.8715700141442716,0.9543373349301583,0.21465609871529484,90.8
-15.25,134.25,0.8340876944837341,0.9596773999909922,0.20660900096774887,117.3
-15.25,134.5,0.7970297029702971,0.9860064279821492,0.21505912730478527,143.5
-15.25,134.75,0.7596888260254597,0.9832425783796317,0.21132643078348542,169.9
-15.25,135.0,0.7222065063649221,0.975544087122936,0.18538261369091436,196.4
-15.25,135.25,0.6845827439886846,0.9637251337531687,0.17490839931856028,223.0
-15.25,135.5,0.6468175388967468,0.9309675301633372,0.21347489583332357,249.7
-15.25,135.75,0.6089108910891089,0.9078270725244267,0.24242335988131183,276.5
-15.25,141.75,0.6067892503536068,0.8968104840131185,0.21471434654871155,278.0
-15.25,142.0,0.595049504950495,0.8785936398701858,0.19946405159531838,286.3
-15.25,142.25,0.5929278642149929,0.8824197821706431,0.22069512899930405,287.8
-15.25,142.5,0.6288543140028289,0.8642058839624206,0.25853183528243784,262.4
-15.25,142.75,0.6644978783592645,0.8507694601502339,0.2815191477213117,237.2
-15.25,143.0,0.6997171145685996,0.8415281353609828,0.308188322794768,212.3
-15.25,143.25,0.7355021216407356,0.8377581960686952,0.30298453807554976,187.0
-15.25,143.5,0.7705799151343706,0.8548684912708256,0.273700335063006,162.2
-15.25,143.75,0.8045261669024045,0.8898333175663433,0.22383277571159854,138.2
-15.25,144.0,0.8366336633663366,0.9266632199723579,0.2182483815330179,115.5
-15.25,144.25,0.8661951909476662,0.9709723195007418,0.2158151725780959,94.6
-15.25,144.5,0.8933521923620933,0.9999505631537988,0.2924455967250547,75.4
-15.25,144.75,0.9185289957567185,0.998901208368791,0.34238004276951123,57.6
-15.25,145.0,0.9480905233380481,0.9945477050105741,0.3965339754051859,36.7
-15.25,145.25,0.9644978783592645,0.9798852920902116,0.641894544338046,25.1
-15.5,124.5,0.4363507779349364,0.9980288840521482,0.14099844799985595,398.5
-15.5,124.75,0.47454031117397455,0.9720609223836078,0.08069418884639347,371.5
-15.5,125.0,0.5127298444130127,0.9331081383066032,0.05070595423181809,344.5
-15.5,125.25,0.5509193776520509,0.910593684647683,0.05532709622065975,317.5
-15.5,125.5,0.5891089108910892,0.9205467982396077,0.07299320958878219,290.5
-15.5,125.75,0.6272984441301273,0.949238632624783,0.1078005772505347,263.5
-15.5,126.0,0.6654879773691655,0.9839781748145673,0.15792125841262547,236.5
-15.5,126.25,0.7036775106082036,0.9839495246614205,0.17935483326515778,209.5
-15.5,126.5,0.7418670438472419,0.9817658488903324,0.18219719537423493,182.5
-15.5,126.75,0.7801980198019802,0.9771298825329935,0.2042923682660375,155.4
-15.5,127.0,0.8183875530410184,0.9482049805936414,0.24394550760780365,128.4
-15.5,127.25,0.8565770862800566,0.9197071946003113,0.28840852545719303,101.4
-15.5,127.5,0.8947666195190948,0.908584754023218,0.23530248971837897,74.4
-15.5,127.75,0.9328147100424328,0.9281569498564544,0.16020735532430053,47.5
-15.5,128.0,0.9708628005657709,0.9796003147998411,0.11563302512385715,20.6
-15.5,128.25,0.9896746817538897,0.9836848216417733,0.15330298207535586,7.3
-15.5,128.5,0.9881188118811881,0.9618593897475688,0.17042076961595476,8.4
-15.5,128.75,0.9796322489391797,0.9537291168227687,0.17847974579549525,14.4
-15.5,129.0,0.9483734087694484,0.9344293605395134,0.1758592863345867,36.5
-15.5,129.25,0.9138613861386139,0.912535047509182,0.19187615114214862,60.9
-15.5,129.5,0.8818953323903819,0.8966210134151836,0.20409344885263705,83.5
-15.5,129.75,0.8472418670438473,0.8973642231503142,0.17138435704502278,108.0
-15.5,130.0,0.8113154172560113,0.9188625493627307,0.15925995931013304,133.4
-15.5,130.25,0.7745403111739746,0.923069435915677,0.20116811500962822,159.4
-15.5,130.5,0.7374823196605376,0.9248190236149273,0.19874502770367852,185.6
-15.5,130.75,0.7220650636492221,0.9242244128516983,0.18921829960223435,196.5
-15.5,131.0,0.750919377652051,0.9410338208707626,0.19826916514650406,176.1
-15.5,131.25,0.7777934936350778,0.947600212431952,0.21413054659795885,157.1
-15.5,131.5,0.8021216407355021,0.9415309983197706,0.24922825085937067,139.9
-15.5,131.75,0.8214992927864215,0.9303370455627272,0.25666730827391193,126.2
-15.5,132.0,0.8381895332390382,0.9215667444640198,0.24348900189842484,114.4
-15.5,132.25,0.8622347949080622,0.9333854938149497,0.2236111792916632,97.4
-15.5,132.5,0.8985855728429986,0.9497430149021524,0.22998965551357756,71.7
-15.5,132.75,0.9338048090523338,0.9767797300945845,0.2514373007475633,46.8
-15.5,133.0,0.9707213578500707,0.9974761548740795,0.24800989765752515,20.7
-15.5,133.25,0.9917963224893918,0.9687857228043057,0.23123099195019128,5.8
-15.5,133.5,0.9548797736916549,0.9611012307686726,0.21895109474191904,31.9
-15.5,133.75,0.9172560113154172,0.9603279838164476,0.22409498766562636,58.5
-15.5,134.0,0.8793493635077794,0.9631638442885074,0.21949502055324924,85.3
-15.5,134.25,0.8413012729844414,0.9836795375799468,0.2253273790143745,112.2
-15.5,134.5,0.8031117397454031,0.9949467882012974,0.2382095788055971,139.2
-15.5,134.75,0.765063649222065,0.9688211596043733,0.25515660381297794,166.1
-15.5,135.0,0.7268741159830269,0.960582387819762,0.22324563948483114,193.1
-15.5,135.25,0.6886845827439887,0.9533986971907086,0.18952115932490546,220.1
-15.5,135.5,0.6504950495049505,0.9289396255473127,0.18228319715594815,247.1
-15.5,135.75,0.6123055162659123,0.9056843823132824,0.19204760671821033,274.1
-15.5,136.0,0.574115983026874,0.8879578906706728,0.21133023446048776,301.1
-15.5,136.25,0.5359264497878359,0.8776103352707993,0.28164782804837285,328.1
-15.5,141.5,0.6533239038189533,0.9775812412701355,0.24728834335364222,245.1
-15.5,141.75,0.6441301272984441,0.9059570457840556,0.17365138077294978,251.6
-15.5,142.0,0.6312588401697312,0.8727573138595603,0.176198587217013,260.7
-15.5,142.25,0.614992927864215,0.869897887986818,0.20996601991596897,272.2
-15.5,142.5,0.6422913719943423,0.8589087302694781,0.23360214939469426,252.9
-15.5,142.75,0.6782178217821782,0.8427177682523584,0.2641052697137237,227.5
-15.5,143.0,0.7138613861386138,0.8333334286968319,0.27731651980019695,202.3
-15.5,143.25,0.7499292786421499,0.8261931380328877,0.2917268951789235,176.8
-15.5,143.5,0.7852899575671852,0.8373142653424112,0.26435607063674466,151.8
-15.5,143.75,0.8207920792079209,0.8569965231015014,0.22081845839092126,126.7
-15.5,144.0,0.8562942008486563,0.8933525228152195,0.19885944424198101,101.6
-15.5,144.25,0.8902404526166903,0.9502744011630674,0.2064150940270083,77.6
-15.5,144.5,0.9203677510608204,0.9915749262378776,0.27881410479892804,56.3
-15.5,144.75,0.9475247524752475,0.9913806490655227,0.30864434498588383,37.1
-15.5,145.0,0.9691654879773691,0.9916956130996036,0.33896690346823166,21.8
-15.5,145.25,0.9981612446958982,0.9855139871618882,0.5838470164204188,1.3
-15.75,124.5,0.43578500707213585,0.9986409403013358,0.12681530364055632,398.9
-15.75,124.75,0.47397454031117403,0.9669277710095245,0.07416520144784322,371.9
-15.75,125.0,0.512022630834512,0.948168665220374,0.06461707766326107,345.0
-15.75,125.25,0.55007072135785,0.9291975280386019,0.07513182698333043,318.1
-15.75,125.5,0.5881188118811882,0.9305245376902813,0.0883831123819805,291.2
-15.75,125.75,0.6261669024045262,0.9537232348014024,0.12618838997801896,264.3
-15.75,126.0,0.6640735502121641,0.9897922816994056,0.1772150876613292,237.5
-15.75,126.25,0.7021216407355022,0.9878597823486938,0.1878911064393863,210.6
-15.75,126.5,0.7398868458274399,0.9827754860150241,0.19330025748217836,183.9
-15.75,126.75,0.7776520509193776,0.9741991393809543,0.23603619644793877,157.2
-15.75,127.0,0.8152758132956153,0.9570213989235862,0.2773889347187197,130.6
-15.75,127.25,0.8526166902404526,0.9400484712482786,0.26449321253340835,104.2
-15.75,127.5,0.8893917963224894,0.933677418536301,0.21330511645390693,78.2
-15.75,127.75,0.9247524752475248,0.9611386690731436,0.13986197055721267,53.2
-15.75,128.0,0.9574257425742574,0.9938905761881833,0.0987944854974193,30.1
-15.75,128.25,0.9768033946251768,0.9697097912285297,0.12506541881218897,16.4
-15.75,128.5,0.978076379066478,0.9554538926780433,0.1551622226175396,15.5
-15.75,128.75,0.9956152758132956,0.9479178540460405,0.18243790688283443,3.1
-15.75,129.0,0.9674681753889675,0.9387813159929959,0.23224415611849275,23.0
-15.75,129.25,0.9321074964639321,0.9173482184512252,0.25696376943823596,48.0
-15.75,129.5,0.8947666195190948,0.9113569767495919,0.23588877172954845,74.4
-15.75,129.75,0.857001414427157,0.9136474836385743,0.20217170551632221,101.1
-15.75,130.0,0.8192362093352192,0.8997029428550368,0.2140302487929361,127.8
-15.75,130.25,0.7811881188118812,0.9022967023225392,0.28015936542753705,154.7
-15.75,130.5,0.7431400282885432,0.9038598581669556,0.25973181479028923,181.6
-15.75,130.75,0.7050919377652051,0.9131048640189001,0.1913790460159528,208.5
-15.75,131.0,0.7234794908062234,0.9318446440929886,0.18943609234516742,195.5
-15.75,131.25,0.7482319660537482,0.9354073920096828,0.21965998086731126,178.0
-15.75,131.5,0.7693069306930693,0.9276029235345191,0.2574353125655942,163.1
-15.75,131.75,0.7858557284299859,0.9190570802305997,0.28765825016848756,151.4
-15.75,132.0,0.8134370579915134,0.9087672412293849,0.2715151387424549,131.9
-15.75,132.25,0.8507779349363508,0.9041963360162478,0.2433378379721339,105.5
-15.75,132.5,0.887977369165488,0.9134133406784524,0.2439274079074918,79.2
-15.75,132.75,0.9241867043847242,0.9389529196729555,0.255606872136764,53.6
-15.75,133.0,0.9574257425742574,0.9681897541705381,0.25327217196929164,30.1
-15.75,133.25,0.9721357850070721,0.9942043829214415,0.2399886359024991,19.7
-15.75,133.5,0.9485148514851485,0.9876823851905526,0.24127877544912552,36.4
-15.75,133.75,0.9137199434229137,0.985300042843432,0.23777350980146797,61.0
-15.75,134.0,0.8769448373408769,0.9850546632020823,0.23650069632593262,87.0
-15.75,134.25,0.8394625176803394,0.9947425763844366,0.2345635609915787,113.5
-15.75,134.5,0.8018387553041019,0.9895394321848234,0.2644187184863547,140.1
-15.75,134.75,0.7639321074964639,0.9744893181328356,0.28926667367037495,166.9
-15.75,135.0,0.726025459688826,0.9553186781121251,0.2551543312771418,193.7
-15.75,135.25,0.687977369165488,0.9388857640446547,0.2022895872688429,220.6
-15.75,135.5,0.64992927864215,0.9239696245995956,0.1889996526437033,247.5
-15.75,135.75,0.611881188118812,0.9051457154466722,0.17766139113535862,274.4
-15.75,136.0,0.5738330975954737,0.8876346973207805,0.1866330402708726,301.3
-15.75,136.25,0.5357850070721357,0.8782276674159151,0.20166162598340237,328.2
-15.75,136.5,0.4977369165487977,0.8714217859173365,0.27206543087758134,355.1
-15.75,137.0,0.47397454031117403,0.8683794485585399,0.35416278649976135,371.9
-15.75,141.5,0.6915134370579915,0.9958769662122576,0.2136485111242934,218.1
-15.75,141.75,0.6811881188118811,0.9270643322935963,0.1729583218120333,225.4
-15.75,142.0,0.6669024045261669,0.880271335789795,0.17847305712619033,235.5
-15.75,142.25,0.6507779349363507,0.8686098632634903,0.19281417657237906,246.9
-15.75,142.5,0.6531824611032532,0.8594949642407124,0.21618657907318578,245.2
-15.75,142.75,0.68995756718529,0.8508610020320018,0.22726936564863387,219.2
-15.75,143.0,0.7267326732673267,0.8335797847179377,0.24751656397378075,193.2
-15.75,143.25,0.7632248939179632,0.8259407735417147,0.24445689264003356,167.4
-15.75,143.5,0.7991513437057991,0.8177711838034072,0.24333524309078913,142.0
-15.75,143.75,0.8347949080622348,0.8315603747480568,0.20289053600065687,116.8
-15.75,144.0,0.8707213578500708,0.8671693891245399,0.17952380678080274,91.4
-15.75,144.25,0.905940594059406,0.9299917831777632,0.2053412805512505,66.5
-15.75,144.5,0.9417256011315417,0.976523567791513,0.24475278969971745,41.2
-15.75,144.75,0.9746817538896747,0.9887611625213594,0.2418738897272325,17.9
-15.75,145.0,0.9985855728429985,0.9864306307003011,0.2622724937378018,1.0
-15.75,145.25,0.9875530410183876,0.9934246006644761,0.4743307100716155,8.8
-16.0,124.75,0.47043847241867043,0.9712895323504108,0.08813179570614571,374.4
-16.0,125.0,0.5082036775106082,0.9544974844991417,0.08224421945938526,347.7
-16.0,125.25,0.5458274398868458,0.9474571802532562,0.0959022162449623,321.1
-16.0,125.5,0.5834512022630834,0.9462245669298335,0.114529120694865,294.5
-16.0,125.75,0.620933521923621,0.9548450761952084,0.1427580289811241,268.0
-16.0,126.0,0.6582743988684583,0.9928253930795976,0.1907584664426608,241.6
-16.0,126.25,0.6953323903818953,0.9863333070008657,0.20441287713445389,215.4
-16.0,126.5,0.7322489391796323,0.9804707781448363,0.21457412625244002,189.3
-16.0,126.75,0.7685997171145686,0.9836989470225658,0.25535956866251214,163.6
-16.0,127.0,0.8043847241867044,0.9898686180473297,0.2534397432819739,138.3
-16.0,127.25,0.8393210749646394,0.9827068443965605,0.24108130659051408,113.6
-16.0,127.5,0.8728429985855728,0.9774082218228627,0.23542204766754476,89.9
-16.0,127.75,0.902970297029703,0.9987217911615305,0.1663326065849688,68.6
-16.0,128.0,0.9265912305516266,0.9815556707943462,0.10263273405553318,51.9
-16.0,128.25,0.9381895332390382,0.9621096485266033,0.10895715293564359,43.7
-16.0,128.5,0.9673267326732673,0.945933864617165,0.1421826422481477,23.1
-16.0,128.75,0.9942008486562942,0.9379987311125819,0.21655713135267768,4.1
-16.0,129.0,0.9693069306930693,0.9279908003652269,0.2836557343391553,21.7
-16.0,129.25,0.9323903818953324,0.9285521283380602,0.31138094553356627,47.8
-16.0,129.5,0.8947666195190948,0.9187829481809605,0.2927430410431802,74.4
-16.0,129.75,0.8568599717114569,0.8988517417395838,0.27968928897224327,101.2
-16.0,130.0,0.8189533239038189,0.891577718407387,0.3163896306336618,128.0
-16.0,130.25,0.7810466760961811,0.8935932470838173,0.3464609046747258,154.8
-16.0,130.5,0.7431400282885432,0.8952688227163472,0.3010735127273982,181.6
-16.0,130.75,0.7052333804809052,0.9101605811782265,0.22647820083215361,208.4
-16.0,131.0,0.694059405940594,0.9303410961796363,0.21452849824568773,216.3
-16.0,131.25,0.7162659123055163,0.930054065931672,0.2494582927316332,200.6
-16.0,131.5,0.734936350777935,0.9214256825128598,0.2875803876108683,187.4
-16.0,131.75,0.7673267326732673,0.9099851175448881,0.3188078827569815,164.5
-16.0,132.0,0.8035360678925035,0.9000815318686722,0.30661176314641264,138.9
-16.0,132.25,0.8387553041018387,0.8907623067825334,0.278011980235153,114.0
-16.0,132.5,0.8725601131541726,0.8905857587725703,0.2705218794093138,90.1
-16.0,132.75,0.902970297029703,0.9084479350467286,0.26690596866580524,68.6
-16.0,133.0,0.9261669024045261,0.9323507255242204,0.2588577265917035,52.2
-16.0,133.25,0.9335219236209336,0.9547673934156873,0.25907782410502356,47.0
-16.0,133.5,0.9206506364922207,0.9716812430363674,0.2554231190795465,56.1
-16.0,133.75,0.8947666195190948,0.9863121703053591,0.25504666787724595,74.4
-16.0,134.0,0.8630834512022632,0.9872640535403764,0.24384417829715316,96.8
-16.0,134.25,0.8287128712871288,0.9841796866936304,0.24889278588849753,121.1
-16.0,134.5,0.7930693069306931,0.9804311645140703,0.26762915081450694,146.3
-16.0,134.75,0.7565770862800566,0.9727432269297915,0.2993787167464626,172.1
-16.0,135.0,0.7196605374823197,0.9523673890419593,0.27415389131098045,198.2
-16.0,135.25,0.6826025459688826,0.933713009905157,0.21682909425834276,224.4
-16.0,135.5,0.6451202263083451,0.9276915132132291,0.19650698283698093,250.9
-16.0,135.75,0.6076379066478077,0.9111381725534344,0.1801064785222751,277.4
-16.0,136.0,0.57001414427157,0.8910399790228712,0.1683093259477874,304.0
-16.0,136.25,0.5323903818953324,0.8802102474705124,0.1759791021601594,330.6
-16.0,136.5,0.4946251768033946,0.8737859679004152,0.18883412822500115,357.3
-16.0,136.75,0.48854314002828847,0.8689248018124875,0.23873527597841196,361.6
-16.0,137.0,0.5082036775106082,0.8677988124324646,0.2512527418265742,347.7
-16.0,141.5,0.7292786421499293,0.9872270068420899,0.2253944268801779,191.4
-16.0,141.75,0.7176803394625177,0.9534620991812558,0.19470777914578702,199.6
-16.0,142.0,0.7015558698727016,0.9071795375175967,0.1936388814390365,211.0
-16.0,142.25,0.689108910891089,0.8778038242792371,0.20245333878724742,219.8
-16.0,142.5,0.6797736916548798,0.8710216598460935,0.2060971162999805,226.4
-16.0,142.75,0.6983026874115983,0.8608123105824194,0.22286438533445138,213.3
-16.0,143.0,0.7357850070721358,0.8546907733409915,0.22128447329280584,186.8
-16.0,143.25,0.7732673267326733,0.838469939649176,0.2297847404737159,160.3
-16.0,143.5,0.8104667609618105,0.829571834734635,0.21454529244668943,134.0
-16.0,143.75,0.8471004243281471,0.8310594544085588,0.18534591465475228,108.1
-16.0,144.0,0.8838755304101839,0.8639534655568858,0.16742711464238325,82.1
-16.0,144.25,0.9196605374823197,0.9260245529215316,0.19293312206507837,56.8
-16.0,144.5,0.9551626591230552,0.9694983694711264,0.18374516297597124,31.7
-16.0,144.75,0.9906647807637907,0.9860472339417572,0.1706236055272855,6.6
-16.0,145.0,0.9736916548797737,0.975358438238398,0.14381510466634417,18.6
-16.0,145.25,0.9503536067892504,0.9978946453545994,0.3019266484679203,35.1
-16.25,123.75,0.31442715700141444,0.9464771239586733,0.2945631649578868,484.7
-16.25,124.5,0.42687411598302694,0.9957824325813216,0.12460910651011536,405.2
-16.25,124.75,0.46421499292786417,0.9815566831275878,0.08465246275466072,378.8
-16.25,125.0,0.5014144271570014,0.9679049116031664,0.0889262548937246,352.5
-16.25,125.25,0.5384724186704384,0.959096642567432,0.10809829556234256,326.3
-16.25,125.5,0.5752475247524753,0.9494441612889201,0.14521976551356341,300.3
-16.25,125.75,0.611881188118812,0.9667699455298695,0.17856444207789832,274.4
-16.25,126.0,0.6480905233380481,0.9982063577104732,0.21356025292401945,248.8
-16.25,126.25,0.684016973125884,0.9848575695111513,0.2324662199394157,223.4
-16.25,126.5,0.7192362093352193,0.9788546527245415,0.25021764204640773,198.5
-16.25,126.75,0.7538896746817538,0.9845558398002718,0.2569258132545901,174.0
-16.25,127.0,0.7875530410183875,0.9923564656496143,0.2512296780054289,150.2
-16.25,127.25,0.8195190947666195,0.9797019084839235,0.2637334280521972,127.6
-16.25,127.5,0.8486562942008486,0.9802552857621355,0.26414583689598986,107.0
-16.25,127.75,0.8772277227722772,0.9893049318595174,0.20543703328460097,86.8
-16.25,128.0,0.9117397454031118,0.9734229145221039,0.1283479501602655,62.4
-16.25,128.25,0.9451202263083451,0.9566583989238003,0.11151430373864929,38.8
-16.25,128.5,0.9816124469589816,0.9406114383767687,0.13842502036038995,13.0
-16.25,128.75,0.9828854314002828,0.9302581112572184,0.23234753232312333,12.1
-16.25,129.0,0.9554455445544554,0.9200328322384903,0.3312464706591721,31.5
-16.25,129.25,0.9212164073550212,0.9169283967456292,0.3582766888196146,55.7
-16.25,129.5,0.8861386138613861,0.906430938348594,0.3354514517025002,80.5
-16.25,129.75,0.84992927864215,0.8894812610754025,0.33467924080192973,106.1
-16.25,130.0,0.813012729844413,0.8863823517057658,0.3703071550732778,132.2
-16.25,130.25,0.7756718528995756,0.8858763627251507,0.37044694020311264,158.6
-16.25,130.5,0.7384724186704384,0.9008973373182465,0.3075619571195954,184.9
-16.25,130.75,0.700990099009901,0.914158240178263,0.2727099123703412,211.4
-16.25,131.0,0.6635077793493636,0.9283583861873386,0.26538984880032557,237.9
-16.25,131.25,0.6830268741159831,0.921041118585781,0.29393963592319045,224.1
-16.25,131.5,0.7185289957567185,0.9132245996969829,0.33317896421820115,199.0
-16.25,131.75,0.7533239038189533,0.9100782046410643,0.3405621752733653,174.4
-16.25,132.0,0.7872701555869872,0.8965460011487367,0.3246484126767516,150.4
-16.25,132.25,0.8193776520509194,0.887467602512955,0.31051631817566,127.7
-16.25,132.5,0.8486562942008486,0.8823191478001565,0.30133180818349564,107.0
-16.25,132.75,0.8732673267326733,0.8897915714792655,0.2849593962798704,89.6
-16.25,133.0,0.8898161244695898,0.9062102016956202,0.2734094343587065,77.9
-16.25,133.25,0.8946251768033946,0.9232816207968846,0.27399587754263033,74.5
-16.25,133.5,0.8861386138613861,0.9439298367462818,0.2763198113701131,80.5
-16.25,133.75,0.8669024045261668,0.9569063162917234,0.2680481193894011,94.1
-16.25,134.0,0.8405940594059406,0.9678764451010096,0.27482868939883076,112.7
-16.25,134.25,0.8103253182461103,0.9649261057303148,0.27051593213467884,134.1
-16.25,134.5,0.7776520509193776,0.9607456434208924,0.26611428809651105,157.2
-16.25,134.75,0.7434229137199434,0.9602074591224175,0.27892623268411904,181.4
-16.25,135.0,0.7083451202263084,0.9467261791712429,0.27588350060685246,206.2
-16.25,135.25,0.6725601131541725,0.9344640279346513,0.24141441843917394,231.5
-16.25,135.5,0.6362093352192362,0.9330294634594667,0.2060707484373713,257.2
-16.25,135.75,0.5995756718528995,0.9218768775242756,0.1846731151090557,283.1
-16.25,136.0,0.5628005657708628,0.9029765782522884,0.1672637338213137,309.1
-16.25,136.25,0.5257425742574258,0.8795234462738017,0.1838578872003532,335.3
-16.25,136.5,0.4977369165487977,0.8728818085438383,0.18698281738233072,355.1
-16.25,136.75,0.5206506364922208,0.8750550114793699,0.1689093237603508,338.9
-16.25,137.0,0.5417256011315417,0.8770112311752998,0.16492487539677952,324.0
-16.25,137.25,0.5605374823196605,0.8671285853390974,0.1967044355783169,310.7
-16.25,137.5,0.5768033946251768,0.853446374147529,0.24637633120596147,299.2
-16.25,141.5,0.7669024045261669,0.9753985131189914,0.23285026237844544,164.8
-16.25,141.75,0.7534653465346535,0.9749534771353744,0.21027455291959268,174.3
-16.25,142.0,0.7352192362093353,0.9324880433882851,0.21826475668485834,187.2
-16.25,142.25,0.7271570014144271,0.9022064042016014,0.22340287962396047,192.9
-16.25,142.5,0.7165487977369165,0.8816696543459372,0.22861897794160993,200.4
-16.25,142.75,0.7016973125884016,0.8851533936277342,0.2269818818067263,210.9
-16.25,143.0,0.7396039603960396,0.8748675333066894,0.23655454414315596,184.1
-16.25,143.25,0.7776520509193776,0.8700399853776954,0.2311294531149602,157.2
-16.25,143.5,0.8155586987270156,0.8621038884189977,0.2202466980449174,130.4
-16.25,143.75,0.8536067892503536,0.8677231500084455,0.18374472780953455,103.5
-16.25,144.0,0.8915134370579915,0.8913906566199749,0.17614153206197838,76.7
-16.25,144.25,0.9294200848656294,0.9405354795383378,0.20016002778308833,49.9
-16.25,144.5,0.9671852899575671,0.9823155919579658,0.17211542054141143,23.2
-16.25,144.75,0.9964639321074965,0.9860878321497704,0.14856161810560053,2.5
-16.25,145.0,0.9616690240452617,0.9709041020619104,0.10231954315930916,27.1
-16.25,145.25,0.9547383309759547,0.9634331742833622,0.07074618739966815,32.0
-16.5,123.5,0.2705799151343705,0.9345573926107096,0.338592047876199,515.7
-16.5,123.75,0.30763790664780766,0.9414582385538408,0.24358775244500597,489.5
-16.5,124.0,0.3446958981612447,0.9557908397601023,0.1892339978285066,463.3
-16.5,124.25,0.3817538896746817,0.9706699051761059,0.1439685814216598,437.1
-16.5,124.5,0.41852899575671854,0.9893489106320208,0.10336657939366173,411.1
-16.5,124.75,0.4551626591230552,0.9949084484895534,0.09094632328054918,385.2
-16.5,125.0,0.4916548797736917,0.9791290754965025,0.1008464725365124,359.4
-16.5,125.25,0.5278642149929278,0.9583250362188096,0.13088575378584083,333.8
-16.5,125.5,0.5636492220650636,0.9606497012275502,0.18647844336491434,308.5
-16.5,125.75,0.5991513437057991,0.9721532917178843,0.21934082657917683,283.4
-16.5,126.0,0.6343705799151343,0.9985894130037168,0.2483907649932945,258.5
-16.5,126.25,0.6721357850070722,0.987163144384802,0.2719494348462863,231.8
-16.5,126.5,0.7097595473833098,0.9871631641396034,0.3005201744272148,205.2
-16.5,126.75,0.7472418670438472,0.9932139728571572,0.29005848317787253,178.7
-16.5,127.0,0.7847241867043847,0.984607647907568,0.27392059374908034,152.2
-16.5,127.25,0.822065063649222,0.965148403965334,0.28908304955136094,125.8
-16.5,127.5,0.8591230551626592,0.9718786082623009,0.2836844069721515,99.6
-16.5,127.75,0.8954738330975954,0.9787014608648205,0.21078782367304832,73.9
-16.5,128.0,0.9302687411598303,0.9727122701516195,0.14846786391440378,49.3
-16.5,128.25,0.9622347949080622,0.9557815515869409,0.12420066251607928,26.7
-16.5,128.5,0.9949080622347949,0.9401387134227878,0.14321177863640377,3.6
-16.5,128.75,0.9724186704384724,0.9270407680319496,0.2307793858925443,19.5
-16.5,129.0,0.9401697312588402,0.9149050749448489,0.337366425783133,42.3
-16.5,129.25,0.903960396039604,0.9119403255185164,0.3687867641298082,67.9
-16.5,129.5,0.87001414427157,0.8996041654448599,0.35488964338726187,91.9
-16.5,129.75,0.8359264497878359,0.8853360906481729,0.3785199706468312,116.0
-16.5,130.0,0.8011315417256011,0.881063930398967,0.42199134089062273,140.6
-16.5,130.25,0.7657708628005657,0.8931857340710341,0.368370841719971,165.6
-16.5,130.5,0.7297029702970297,0.917535589538813,0.30856508022530177,191.1
-16.5,130.75,0.6932107496463932,0.9169030996229725,0.29930180510809384,216.9
-16.5,131.0,0.6562942008486563,0.9142477076028552,0.2987735130539342,243.0
-16.5,131.25,0.6681753889674682,0.9098321546566396,0.33359503168351734,234.6
-16.5,131.5,0.7019801980198019,0.9094605948958472,0.373980604490084,210.7
-16.5,131.75,0.7346534653465346,0.9043296287428707,0.37727086568345847,187.6
-16.5,132.0,0.7656294200848657,0.9003514833625784,0.3548361823846489,165.7
-16.5,132.25,0.7943422913719943,0.8911081520921016,0.33621771532843564,145.4
-16.5,132.5,0.8195190947666195,0.8864410128902591,0.32380223959921667,127.6
-16.5,132.75,0.8394625176803394,0.8870316327921502,0.3038905707140447,113.5
-16.5,133.0,0.8521923620933523,0.8930961714151429,0.2911717033920653,104.5
-16.5,133.25,0.8557284299858557,0.9071981864622877,0.2941470974925706,102.0
-16.5,133.5,0.8493635077793493,0.9236565988416356,0.29219990497834625,106.5
-16.5,133.75,0.8343705799151344,0.9449857393808694,0.29159834379006583,117.1
-16.5,134.0,0.8127298444130127,0.9574704673485259,0.2935836697779659,132.4
-16.5,134.25,0.7864214992927865,0.960766564527474,0.2988858665809812,151.0
-16.5,134.5,0.757001414427157,0.9522707385994638,0.28007773142746634,171.8
-16.5,134.75,0.7253182461103254,0.9425751279890382,0.26672706690849324,194.2
-16.5,135.0,0.6923620933521923,0.9343186664737783,0.2632678805513001,217.5
-16.5,135.25,0.6582743988684583,0.9310457507393466,0.25053768278469096,241.6
-16.5,135.5,0.6234794908062236,0.930752696696565,0.22619932361532752,266.2
-16.5,135.75,0.5879773691654879,0.9293231759393494,0.19401581615960006,291.3
-16.5,136.0,0.5521923620933522,0.9174870772802185,0.20974498760067375,316.6
-16.5,136.25,0.515983026874116,0.8986420098648082,0.2285428238151866,342.2
-16.5,136.5,0.5274398868458274,0.8794953588464697,0.21914340607239174,334.1
-16.5,136.75,0.5519094766619519,0.8764797396844378,0.17893107785945989,316.8
-16.5,137.0,0.5743988684582744,0.8805087878960756,0.16283332044649715,300.9
-16.5,137.25,0.5946251768033946,0.8754340060717555,0.18343131127145443,286.6
-16.5,137.5,0.6123055162659123,0.8633207399212911,0.19258888929636941,274.1
-16.5,137.75,0.627015558698727,0.8578785829436888,0.21518987064310194,263.7
-16.5,141.5,0.803960396039604,0.9700825692515888,0.2410614339899046,138.6
-16.5,141.75,0.7881188118811882,0.984777262972539,0.22439623566075417,149.8
-16.5,142.0,0.771994342291372,0.9502074355077422,0.23648343472394334,161.2
-16.5,142.25,0.765063649222065,0.9203458772550294,0.2566191982067429,166.1
-16.5,142.5,0.752899575671853,0.904662906159334,0.2502005254998973,174.7
-16.5,142.75,0.735926449787836,0.8909931836529493,0.2514869419558986,186.7
-16.5,143.0,0.7468175388967468,0.8900602973616528,0.24773201971177594,179.0
-16.5,143.25,0.7806223479490806,0.8818162929984541,0.2528952372487281,155.1
-16.5,143.5,0.813012729844413,0.8856563180617063,0.23709830878173183,132.2
-16.5,143.75,0.8502121640735503,0.8958086613475132,0.21687196621099594,105.9
-16.5,144.0,0.8871287128712871,0.9241494658769654,0.21541259527231763,79.8
-16.5,144.25,0.9237623762376238,0.965070399532708,0.24665014759830142,53.9
-16.5,144.5,0.95997171145686,0.9906048232578711,0.23381534871412873,28.3
-16.5,144.75,0.9896746817538897,0.9870594596135086,0.2003776915878179,7.3
-16.5,145.0,0.9995756718528995,0.955129381004846,0.11740982580219847,0.3
-16.5,145.25,0.9834512022630835,0.944428385562392,0.056094579924345564,11.7
-16.75,122.75,0.3001414427157001,0.9199988024241234,0.3275148217607755,494.8
-16.75,123.0,0.27793493635077793,0.9096487203284352,0.3412010963061006,510.5
-16.75,123.75,0.29872701555869874,0.9403789379418107,0.2783607419582588,495.8
-16.75,124.0,0.3353606789250354,0.9475689312566057,0.20589839029388532,469.9
-16.75,124.25,0.3715700141442716,0.9591713801384627,0.17858969784850262,444.3
-16.75,124.5,0.4093352192362093,0.9724599617293157,0.1749102205706843,417.6
-16.75,124.75,0.4471004243281471,0.992921517478792,0.16161293646794697,390.9
-16.75,125.0,0.485007072135785,0.981309929248238,0.15002321322828863,364.1
-16.75,125.25,0.5227722772277228,0.9682556597979015,0.17585886728542544,337.4
-16.75,125.5,0.5606789250353607,0.970852964493145,0.2243572479714805,310.6
-16.75,125.75,0.5984441301272985,0.9828698241820369,0.2521182717519047,283.9
-16.75,126.0,0.6362093352192362,0.9866213177828653,0.24613147755757556,257.2
-16.75,126.25,0.6741159830268741,0.9888321355933574,0.29259642218856147,230.4
-16.75,126.5,0.7118811881188118,0.992059553173625,0.33161315479256,203.7
-16.75,126.75,0.7497878359264498,0.9885818250398657,0.3231321638730684,176.9
-16.75,127.0,0.7875530410183875,0.973470059086257,0.30235043610816903,150.2
-16.75,127.25,0.8254596888260255,0.9668513009518268,0.28810076608279006,123.4
-16.75,127.5,0.8632248939179632,0.9734620282030649,0.2629697270730556,96.7
-16.75,127.75,0.900990099009901,0.9880727916055249,0.22575124724100043,70.0
-16.75,128.0,0.9387553041018387,0.9847965285703244,0.18047888428844183,43.3
-16.75,128.25,0.9762376237623762,0.9686108900218511,0.14874429130536396,16.8
-16.75,128.5,0.9895332390381896,0.9501965391092507,0.16616703381444034,7.4
-16.75,128.75,0.955021216407355,0.9331761885708674,0.23982361111933537,31.8
-16.75,129.0,0.9206506364922207,0.9208084867835704,0.32898634512513064,56.1
-16.75,129.25,0.8884016973125883,0.9153008827909193,0.3705851297226796,78.9
-16.75,129.5,0.8551626591230551,0.9050865524989314,0.38681277625836097,102.4
-16.75,129.75,0.8202263083451202,0.8928928274805944,0.4191967342686551,127.1
-16.75,130.0,0.7848656294200849,0.8913220804151923,0.45140457881028717,152.1
-16.75,130.25,0.7507779349363508,0.9122998831164502,0.39190438474056205,176.2
-16.75,130.5,0.7162659123055163,0.9270345834842445,0.3419329979008119,200.6
-16.75,130.75,0.6811881188118811,0.9188503901470254,0.3330817770473371,225.4
-16.75,131.0,0.6456859971711457,0.9126753655750379,0.32354694195634986,250.5
-16.75,131.25,0.6496463932107497,0.9095066774158208,0.3425582837185305,247.7
-16.75,131.5,0.6814710042432814,0.9090091081896043,0.38681363047395895,225.2
-16.75,131.75,0.7117397454031118,0.9064755846528098,0.41151986645509236,203.8
-16.75,132.0,0.74002828854314,0.8999260884356384,0.3915855850324871,183.8
-16.75,132.25,0.7653465346534654,0.8991433867456416,0.3566528088505864,165.9
-16.75,132.5,0.7871287128712872,0.8997126778576807,0.33074796333001355,150.5
-16.75,132.75,0.8036775106082037,0.8961520904397368,0.3127720598107836,138.8
-16.75,133.0,0.814002828854314,0.8918568271945783,0.3086430717211246,131.5
-16.75,133.25,0.8168316831683169,0.9011790683441996,0.3141528106798972,129.5
-16.75,133.5,0.8117397454031118,0.916379791660704,0.31054258933461665,133.1
-16.75,133.75,0.7995756718528996,0.9341674741139148,0.3042085645583479,141.7
-16.75,134.0,0.7813295615275814,0.947282948058043,0.3072596615015645,154.6
-16.75,134.25,0.7584158415841584,0.9502632151428162,0.30790559354911334,170.8
-16.75,134.5,0.732107496463932,0.9472728948664754,0.3028460100931987,189.4
-16.75,134.75,0.7032531824611032,0.9349821179311846,0.2832936113947151,209.8
-16.75,135.0,0.6724186704384725,0.9206226887736614,0.2728232329339142,231.6
-16.75,135.25,0.6403111739745403,0.914061880525488,0.2613726823676243,254.3
-16.75,135.5,0.6072135785007072,0.9171453665504496,0.2416938597606402,277.7
-16.75,135.75,0.5731258840169731,0.9236926959300353,0.2315920672717283,301.8
-16.75,136.0,0.5386138613861386,0.9261366524136738,0.2590579837389649,326.2
-16.75,136.25,0.5281471004243281,0.9179238591683789,0.29327052723356817,333.6
-16.75,136.5,0.5557284299858557,0.9010194730217291,0.26779928477398307,314.1
-16.75,136.75,0.5817538896746818,0.8876351335917158,0.20291216538428863,295.7
-16.75,137.0,0.6059405940594059,0.8819889405407055,0.1867973397766418,278.6
-16.75,137.25,0.6278642149929279,0.8781301107454639,0.2009887458513287,263.1
-16.75,137.5,0.6471004243281471,0.8717098558022642,0.18830725449107957,249.5
-16.75,137.75,0.6633663366336633,0.8656611743669184,0.19131702674008463,238.0
-16.75,138.0,0.6760961810466761,0.8630705721095429,0.21386525624432326,229.0
-16.75,138.25,0.6847241867043847,0.8627556576369995,0.26375797466268236,222.9
-16.75,141.25,0.8517680339462518,0.9389581690655199,0.2634840776839653,104.8
-16.75,141.5,0.84002828854314,0.9667370955341172,0.22948792472933233,113.1
-16.75,141.75,0.8212164073550212,0.9933960376555023,0.24511334926844053,126.4
-16.75,142.0,0.8104667609618105,0.9665236898150349,0.24537457806866692,134.0
-16.75,142.25,0.8025459688826025,0.943613629638836,0.25347297710391775,139.6
-16.75,142.5,0.7882602545968883,0.9198001955656099,0.2573765489793637,149.7
-16.75,142.75,0.7732673267326733,0.9028419946436876,0.2607374521909632,160.3
-16.75,143.0,0.7735502121640736,0.889139052110701,0.2711809953881673,160.1
-16.75,143.25,0.7964639321074964,0.8850801806294578,0.27267521187633287,143.9
-16.75,143.5,0.8318246110325318,0.8852385843311923,0.2648370101356807,118.9
-16.75,143.75,0.8657708628005658,0.8984742870236397,0.25242973809965735,94.9
-16.75,144.0,0.8971711456859972,0.921601857792801,0.25534238764690004,72.7
-16.75,144.25,0.9224893917963225,0.9529106420371553,0.29551635674430016,54.8
-16.75,144.5,0.9353606789250354,0.9800809312365545,0.3135854181155358,45.7
-16.75,144.75,0.9543140028288544,0.980427959350564,0.2934867082489579,32.3
-16.75,145.0,0.962942008486563,0.9561830730365874,0.21316070566602266,26.2
-16.75,145.25,0.9871287128712871,0.9378317163012408,0.12057678983850653,9.1
-16.75,145.5,0.9783592644978784,0.9543162417393045,0.12473983373115657,15.3
-17.0,122.5,0.35374823196605376,0.92750041256378,0.31564809090824136,456.9
-17.0,122.75,0.3318246110325318,0.9116875818734654,0.3015777900411619,472.4
-17.0,123.0,0.30862800565770865,0.8991131028062576,0.33232333029998684,488.8
-17.0,124.0,0.3328147100424328,0.930400238173162,0.28733819331292887,471.7
-17.0,124.25,0.3705799151343706,0.940656411633126,0.24110551473821523,445.0
-17.0,124.5,0.40820367751060826,0.9583121246901708,0.2559576162847481,418.4
-17.0,124.75,0.44596888260254597,0.9836355934312113,0.2647576809059969,391.7
-17.0,125.0,0.4835926449787835,0.9889619661537964,0.23479352227746408,365.1
-17.0,125.25,0.5212164073550212,0.9738286016356292,0.2116315469247173,338.5
-17.0,125.5,0.5588401697312588,0.9869233423560939,0.23639661096118297,311.9
-17.0,125.75,0.5964639321074965,0.9987206726620637,0.2523566301382909,285.3
-17.0,126.0,0.6339462517680339,0.9884687732935661,0.2119141955839948,258.8
-17.0,126.25,0.6714285714285715,0.9674903932370728,0.26880464818097477,232.3
-17.0,126.5,0.7089108910891089,0.9643420450380321,0.32595500796159554,205.8
-17.0,126.75,0.7461103253182462,0.9663757493046833,0.3341507231059139,179.5
-17.0,127.0,0.7833097595473834,0.9678446707091157,0.31725026090726055,153.2
-17.0,127.25,0.8200848656294201,0.9704488709335451,0.27938146512873857,127.2
-17.0,127.5,0.8564356435643564,0.9782324987296818,0.25461248459434255,101.5
-17.0,127.75,0.8917963224893918,0.9895772860303957,0.2653445109045311,76.5
-17.0,128.0,0.9246110325318246,0.9984617165818862,0.24549779463935614,53.3
-17.0,128.25,0.9504950495049505,0.9905007342743336,0.17691846532425085,35.0
-17.0,128.5,0.9558698727015559,0.9615306472516628,0.1699059999558838,31.2
-17.0,128.75,0.9357850070721357,0.9453215360637188,0.21591656635784814,45.4
-17.0,129.0,0.9045261669024045,0.9342031417133602,0.3152292835061015,67.5
-17.0,129.25,0.8704384724186705,0.9253234531628446,0.4014044548684392,91.6
-17.0,129.5,0.8356435643564356,0.91567175419328,0.4382610051633593,116.2
-17.0,129.75,0.8035360678925035,0.9062514722290689,0.45736676192502945,138.9
-17.0,130.0,0.7701555869872702,0.9082734123288618,0.4702480107970015,162.5
-17.0,130.25,0.7356435643564356,0.9275065803730506,0.4242086105892865,186.9
-17.0,130.5,0.7002828854314003,0.9363144572687475,0.3837417905972595,211.9
-17.0,130.75,0.6656294200848656,0.9293150550229028,0.35990521056396757,236.4
-17.0,131.0,0.6314002828854314,0.9193932280981845,0.33841279153882753,260.6
-17.0,131.25,0.6280056577086279,0.91415455171296,0.34162328833608147,263.0
-17.0,131.5,0.6577086280056577,0.9159816630432104,0.37131053605539116,242.0
-17.0,131.75,0.6857142857142857,0.9133263761772168,0.3961332838206334,222.2
-17.0,132.0,0.7113154172560113,0.9068304547323847,0.38996508969130006,204.1
-17.0,132.25,0.733946251768034,0.9052213891711846,0.3650217847058151,188.1
-17.0,132.5,0.7527581329561528,0.9067278349208202,0.35430058920471785,174.8
-17.0,132.75,0.7669024045261669,0.9085247963775497,0.3407994376850221,164.8
-17.0,133.0,0.7755304101838756,0.9027149104390022,0.3301257881464537,158.7
-17.0,133.25,0.7777934936350778,0.9034809125901792,0.33919343177444966,157.1
-17.0,133.5,0.7736916548797736,0.9108925925639418,0.33197057149257353,160.0
-17.0,133.75,0.7633663366336634,0.9213749272512424,0.3173618408050867,167.3
-17.0,134.0,0.7478076379066478,0.9289566884173536,0.313825968451381,178.3
-17.0,134.25,0.7277227722772277,0.9296623676330107,0.32081177584618104,192.5
-17.0,134.5,0.7042432814710042,0.9266302781827739,0.3295870520978131,209.1
-17.0,134.75,0.6777934936350778,0.9226727605118605,0.3399042680901693,227.8
-17.0,135.0,0.6493635077793494,0.9134494389901359,0.3313032034686981,247.9
-17.0,135.25,0.6192362093352193,0.8984007822064106,0.30474022512307314,269.2
-17.0,135.5,0.5878359264497879,0.8948524997985091,0.29819838419736466,291.4
-17.0,135.75,0.5553041018387553,0.9015771971745603,0.2850597102021686,314.4
-17.0,136.0,0.5335219236209334,0.9104301961058661,0.3039681431607062,329.8
-17.0,136.25,0.553041018387553,0.9106277307656232,0.3341039668898813,316.0
-17.0,136.5,0.5823196605374823,0.8995283500845019,0.3175772965430819,295.3
-17.0,136.75,0.61004243281471,0.89094369687845,0.25143633371103735,275.7
-17.0,137.0,0.635926449787836,0.8885799314679513,0.21360796005930263,257.4
-17.0,137.25,0.6598302687411599,0.8862281412306949,0.21133141102159442,240.5
-17.0,137.5,0.6810466760961811,0.8799144096579083,0.20780838413640915,225.5
-17.0,137.75,0.699009900990099,0.8730070670897945,0.19312467588360568,212.8
-17.0,138.0,0.7132956152758133,0.8752682792111159,0.18854398503264705,202.7
-17.0,138.25,0.7230551626591231,0.8771207872038461,0.2055720154663567,195.8
-17.0,138.5,0.728005657708628,0.8782559419208926,0.2255644319014506,192.3
-17.0,138.75,0.7278642149929279,0.8793526954699334,0.24822812556689494,192.4
-17.0,139.0,0.7227722772277227,0.8771958660292756,0.3011718925766443,196.0
-17.0,141.0,0.8930693069306931,0.9141481552568533,0.36518476259499877,75.6
-17.0,141.25,0.8896746817538896,0.9328073261923437,0.245367405881099,78.0
-17.0,141.5,0.8745403111739746,0.9647095918431122,0.2227232302362047,88.7
-17.0,141.75,0.8528995756718529,0.9989753475806646,0.25216812248482057,104.0
-17.0,142.0,0.849080622347949,0.9828421567117461,0.25508235152505576,106.7
-17.0,142.25,0.8394625176803394,0.9615499252361821,0.2586252026590242,113.5
-17.0,142.5,0.8222065063649222,0.9359193090561198,0.26782210683599694,125.7
-17.0,142.75,0.812022630834512,0.9098590611470322,0.2787391433508868,132.9
-17.0,143.0,0.8124469589816125,0.8951654919532277,0.28690441296191127,132.6
-17.0,143.25,0.8073550212164073,0.8893708569515699,0.2898944576657857,136.2
-17.0,143.5,0.842998585572843,0.8871194865568408,0.2827575024619702,111.0
-17.0,143.75,0.88005657708628,0.8943460413868631,0.2696201823179105,84.8
-17.0,144.0,0.9164073550212164,0.911055154613581,0.25850106740363527,59.1
-17.0,144.25,0.9507779349363508,0.9337486414705195,0.28884677029350564,34.8
-17.0,144.5,0.9734087694483734,0.9594148681426584,0.300042700142497,18.8
-17.0,144.75,0.9582743988684583,0.9693663154206732,0.2389287477527159,29.5
-17.0,145.0,0.9712871287128713,0.9598297182557405,0.18146041024506734,20.3
-17.0,145.25,0.9801980198019802,0.9474508532075657,0.11555082701914623,14.0
-17.0,145.5,0.996039603960396,0.9521290240217851,0.061582678217393626,2.8
-17.0,145.75,0.9995756718528995,0.9796241618377994,0.10116551400371879,0.3
-17.25,122.25,0.4070721357850071,0.9428935795363601,0.3019030527766856,419.2
-17.25,122.5,0.38557284299858563,0.936400332126371,0.2983063699427692,434.4
-17.25,122.75,0.3626591230551627,0.9189766090883243,0.3199045827638549,450.6
-17.25,123.0,0.33833097595473827,0.9075344273916398,0.36986546114002233,467.8
-17.25,123.25,0.313012729844413,0.9088310676250686,0.4243170637356786,485.7
-17.25,123.75,0.2923620933521923,0.9248066545790529,0.429669788197178,500.3
-17.25,124.0,0.3298444130127298,0.9224798628595877,0.35013072770455944,473.8
-17.25,124.25,0.36718528995756716,0.9335715283484814,0.2931152211674909,447.4
-17.25,124.5,0.40466760961810466,0.958640974678369,0.2814653482559146,420.9
-17.25,124.75,0.442008486562942,0.9855054016390249,0.28784977175246396,394.5
-17.25,125.0,0.47934936350777935,0.9956303784178648,0.27665642066754204,368.1
-17.25,125.25,0.5165487977369165,0.9889601042537333,0.24997689830325734,341.8
-17.25,125.5,0.5537482319660538,0.9979507999256645,0.2421014495390783,315.5
-17.25,125.75,0.5906647807637907,0.9823955147612125,0.22683834135171543,289.4
-17.25,126.0,0.6275813295615276,0.9977512685526999,0.18462568196745488,263.3
-17.25,126.25,0.6643564356435643,0.9636048985955266,0.24704750290683924,237.3
-17.25,126.5,0.7007072135785007,0.9522773981514996,0.30872117603787536,211.6
-17.25,126.75,0.7367751060820368,0.9559830656564572,0.31587194374673744,186.1
-17.25,127.0,0.7722772277227723,0.958639603142209,0.3061793366465315,161.0
-17.25,127.25,0.806930693069307,0.9651159246305727,0.27823923381876553,136.5
-17.25,127.5,0.8401697312588402,0.9782864908121242,0.2711012632265977,113.0
-17.25,127.75,0.8708628005657708,0.9867159501833146,0.2891428768777701,91.3
-17.25,128.0,0.897029702970297,0.9918976706777777,0.25894052103560544,72.8
-17.25,128.25,0.9144271570014144,0.9847946662029646,0.17635682662721924,60.5
-17.25,128.5,0.9175388967468175,0.9599419110275016,0.15414307894005227,58.3
-17.25,128.75,0.9048090523338048,0.9482815753465546,0.20019980521885825,67.3
-17.25,129.0,0.8816124469589817,0.9364237733409783,0.31413392123308914,83.7
-17.25,129.25,0.8521923620933523,0.9283442040996368,0.4184355475844812,104.5
-17.25,129.5,0.8196605374823196,0.9220218131272925,0.45589137041457023,127.5
-17.25,129.75,0.7855728429985855,0.9180962825025519,0.45748251619719293,151.6
-17.25,130.0,0.750919377652051,0.9227590562653047,0.4576780187482014,176.1
-17.25,130.25,0.7186704384724187,0.9377304412124392,0.4317910311688089,198.9
-17.25,130.5,0.6852899575671854,0.9472025354196911,0.39029636417056046,222.5
-17.25,130.75,0.651060820367751,0.9400526022497755,0.3466091352568878,246.7
-17.25,131.0,0.615983026874116,0.9253971234766976,0.3372287842509308,271.5
-17.25,131.25,0.6036775106082037,0.9155998323277601,0.35875137481568237,280.2
-17.25,131.5,0.6314002828854314,0.9136835605444726,0.41191865620114376,260.6
-17.25,131.75,0.6571428571428571,0.9092514351383152,0.4515307609596562,242.4
-17.25,132.0,0.6803394625176804,0.9025505540237891,0.4625815708606442,226.0
-17.25,132.25,0.7005657708628006,0.8977622145830761,0.44061146802620565,211.7
-17.25,132.5,0.7172560113154173,0.8975921228170154,0.41947532137452337,199.9
-17.25,132.75,0.7294200848656294,0.9027827469703293,0.39481347236993386,191.3
-17.25,133.0,0.7367751060820368,0.9052590191546576,0.35141142252778185,186.1
-17.25,133.25,0.7387553041018388,0.910481519977755,0.33634760445115436,184.7
-17.25,133.5,0.7352192362093353,0.9144362971386172,0.3429184725899186,187.2
-17.25,133.75,0.7264497878359264,0.9196541505720424,0.3470009623399519,193.4
-17.25,134.0,0.7128712871287128,0.9213576912546385,0.3470518929303218,203.0
-17.25,134.25,0.6951909476661953,0.9201247775484322,0.3730249306432539,215.5
-17.25,134.5,0.673974540311174,0.9161588126907795,0.40348097240074204,230.5
-17.25,134.75,0.64992927864215,0.9183935021677903,0.43780013167233806,247.5
-17.25,135.0,0.6373408769448374,0.9190402253403256,0.4354441083494671,256.4
-17.25,135.25,0.6236209335219236,0.9087254459582015,0.37961560691352586,266.1
-17.25,135.5,0.6066478076379066,0.8980050716305162,0.3527785220646032,278.1
-17.25,135.75,0.5869872701555869,0.8952013357117505,0.3300247167122102,292.0
-17.25,136.0,0.5650636492220651,0.897626715703036,0.3291298855801415,307.5
-17.25,136.25,0.575954738330976,0.8990023972614228,0.35128690045778244,299.8
-17.25,136.5,0.6067892503536068,0.892027684117493,0.36353241951755505,278.0
-17.25,136.75,0.6363507779349363,0.8850615789435198,0.3199892306944317,257.1
-17.25,137.0,0.6642149929278642,0.8802195609754258,0.26359422314427794,237.4
-17.25,137.25,0.6902404526166903,0.8806083476729097,0.24009778209173485,219.0
-17.25,137.5,0.7135785007072135,0.8802216484208673,0.22037104282488698,202.5
-17.25,137.75,0.7338048090523338,0.8783821341931396,0.18938961012281716,188.2
-17.25,138.0,0.7499292786421499,0.8799229452642684,0.18897467086678135,176.8
-17.25,138.25,0.7612446958981612,0.8836612310760096,0.20573173766590278,168.8
-17.25,138.5,0.767043847241867,0.8864505306521514,0.21633065139828594,164.7
-17.25,138.75,0.7667609618104667,0.888831462913939,0.22623558748505293,164.9
-17.25,139.0,0.7611032531824611,0.8860802160405997,0.2740192475920089,168.9
-17.25,141.0,0.9319660537482319,0.9201619361373293,0.39609556939611895,48.1
-17.25,141.25,0.9267326732673268,0.9303883126838982,0.3004130590146837,51.8
-17.25,141.5,0.9055162659123055,0.956411896020994,0.25646326356692367,66.8
-17.25,141.75,0.8919377652050919,0.9865116100850732,0.2577127714621822,76.4
-17.25,142.0,0.8875530410183876,0.9937370073929807,0.25946475153635584,79.5
-17.25,142.25,0.8749646393210749,0.9701283947690253,0.2669549651831231,88.4
-17.25,142.5,0.8558698727015559,0.9497937935319769,0.27535417704706505,101.9
-17.25,142.75,0.8507779349363508,0.924214249009373,0.2881929730155452,105.5
-17.25,143.0,0.8513437057991513,0.9121240456246554,0.29448211117973166,105.1
-17.25,143.25,0.845968882602546,0.9080519989364079,0.3029893732581798,108.9
-17.25,143.5,0.8448373408769448,0.9090964397327737,0.30030644323769096,109.7
-17.25,143.75,0.8823196605374823,0.9141624242255927,0.29697806468791627,83.2
-17.25,144.0,0.9196605374823197,0.9344423554508531,0.2921788235820792,56.8
-17.25,144.25,0.9565770862800566,0.9556468237858421,0.30949727120182535,30.7
-17.25,144.5,0.9895332390381896,0.9580354958883566,0.331731197717835,7.4
-17.25,144.75,0.9835926449787836,0.9636599796287096,0.2688556110058955,11.6
-17.25,145.0,0.9997171145685997,0.9775382085224769,0.21956711312626334,0.2
-17.25,145.25,0.9886845827439887,0.9876072896727444,0.1817975352953101,8.0
-17.25,145.5,0.9987270155586987,0.9806553569776836,0.11102114734493464,0.9
-17.25,145.75,0.9756718528995757,0.976642300475549,0.05755483247799007,17.2
-17.5,122.25,0.43932107496463935,0.9545170931219426,0.2874041613212782,396.4
-17.5,122.5,0.4166902404526167,0.952930645595349,0.28467437838110415,412.4
-17.5,122.75,0.3926449787835927,0.9407749636602484,0.3454504965605234,429.4
-17.5,123.0,0.36718528995756716,0.9311320045900741,0.4110533196831185,447.4
-17.5,123.25,0.3407355021216407,0.9262658193099551,0.4302700116515974,466.1
-17.5,123.5,0.3132956152758133,0.9329106157485402,0.42660465310705886,485.5
-17.5,123.75,0.28741159830268737,0.9351032937532386,0.3979993742048763,503.8
-17.5,124.0,0.3244695898161244,0.9313235447175067,0.375457511024434,477.6
-17.5,124.25,0.36152758132956153,0.9448139701250927,0.3612496975633558,451.4
-17.5,124.5,0.39858557284299856,0.9633898528970855,0.34095061772858837,425.2
-17.5,124.75,0.4353606789250354,0.9850585727574377,0.3373162204701576,399.2
-17.5,125.0,0.4721357850070722,0.9974782655506845,0.3514580336883355,373.2
-17.5,125.25,0.5087694483734088,0.9967390229761852,0.34978859018165687,347.3
-17.5,125.5,0.5452616690240453,0.9995403007708611,0.3033844237963307,321.5
-17.5,125.75,0.5813295615275813,0.9946837544672753,0.25052876993137624,296.0
-17.5,126.0,0.6172560113154173,0.9890539337867061,0.1980810926594704,270.6
-17.5,126.25,0.652899575671853,0.9624891462021253,0.23210840030751628,245.4
-17.5,126.5,0.6878359264497879,0.9542978339427606,0.27729669555141373,220.7
-17.5,126.75,0.7222065063649221,0.9544054363603267,0.29024473441278226,196.4
-17.5,127.0,0.7554455445544555,0.9549150087363696,0.2922761074565959,172.9
-17.5,127.25,0.7872701555869872,0.9561750339434073,0.3102941576510845,150.4
-17.5,127.5,0.8168316831683169,0.9712533032562977,0.31071080533831624,129.5
-17.5,127.75,0.842998585572843,0.9976042372571837,0.2925796763393861,111.0
-17.5,128.0,0.8639321074964639,0.9971085698034619,0.24597696123799448,96.2
-17.5,128.25,0.8765205091937766,0.9876326154195733,0.19550747000097166,87.3
-17.5,128.5,0.8786421499292787,0.9625542615589275,0.1943652870428249,85.8
-17.5,128.75,0.8697312588401698,0.9526313843578201,0.2610526577466164,92.1
-17.5,129.0,0.8516265912305516,0.9458234317045955,0.3747048020271381,104.9
-17.5,129.25,0.8272984441301273,0.9367304400128107,0.4566247870331723,122.1
-17.5,129.5,0.7988684582743989,0.931313094511862,0.4637925907021675,142.2
-17.5,129.75,0.7676096181046677,0.9276802694422336,0.46369185773070803,164.3
-17.5,130.0,0.7347949080622348,0.9319641180568125,0.44809380032528595,187.5
-17.5,130.25,0.7008486562942009,0.9440072219086076,0.4116231781906212,211.5
-17.5,130.5,0.6664780763790665,0.9552325563985384,0.3657536218314246,235.8
-17.5,130.75,0.6339462517680339,0.9484487457957937,0.3407022988659843,258.8
-17.5,131.0,0.6005657708628006,0.9341235003418235,0.3455325173752046,282.4
-17.5,131.25,0.577086280056577,0.9225047222543771,0.3779269677318059,299.0
-17.5,131.5,0.6029702970297031,0.9175329140313115,0.42625835732709433,280.7
-17.5,131.75,0.6265912305516266,0.9145808783172744,0.47325048192023506,264.0
-17.5,132.0,0.6478076379066477,0.9040921163269467,0.4832998932639881,249.0
-17.5,132.25,0.6660537482319661,0.9028040218317785,0.4464658749201239,236.1
-17.5,132.5,0.6807637906647808,0.9025540371031873,0.40078935516879455,225.7
-17.5,132.75,0.6916548797736917,0.9041192563772504,0.3755218834225154,218.0
-17.5,133.0,0.698019801980198,0.904058684077417,0.35588972032791133,213.5
-17.5,133.25,0.6997171145685996,0.9079181247730044,0.3519777352346891,212.3
-17.5,133.5,0.6966053748231966,0.9130106045010322,0.3988001610347904,214.5
-17.5,133.75,0.6953323903818953,0.9154301977590475,0.40851098065623614,215.4
-17.5,134.0,0.6961810466760961,0.9197192377023242,0.4192370274572389,214.8
-17.5,134.25,0.6961810466760961,0.918341538529591,0.4336831993047032,214.8
-17.5,134.5,0.6932107496463932,0.9202806873677666,0.4551857077442647,216.9
-17.5,134.75,0.6857142857142857,0.9210079776345037,0.46304861726815655,222.2
-17.5,135.0,0.6741159830268741,0.9246585260148121,0.48131013502534375,230.4
-17.5,135.25,0.6588401697312589,0.9223738078294722,0.4574835315855452,241.2
-17.5,135.5,0.6403111739745403,0.91161318549449,0.4247898478932453,254.3
-17.5,135.75,0.618953323903819,0.903114281559781,0.42027610820443745,269.4
-17.5,136.0,0.5953323903818952,0.8980477052225082,0.4002620785029872,286.1
-17.5,136.25,0.5963224893917963,0.8953911035126606,0.38441323629181956,285.4
-17.5,136.5,0.6287128712871287,0.8908273896105399,0.37168220042688793,262.5
-17.5,136.75,0.6601131541725601,0.8872665786995036,0.35118257333390135,240.3
-17.5,137.0,0.6902404526166903,0.8842417670421954,0.3110224489760986,219.0
-17.5,137.25,0.7185289957567185,0.8829007794429689,0.2949885482084035,199.0
-17.5,137.5,0.7444130127298445,0.8838170577670728,0.2639025788578719,180.7
-17.5,137.75,0.7671852899575672,0.8846959313132808,0.23102488423194753,164.6
-17.5,138.0,0.7857142857142857,0.8864864489287783,0.23543342646400084,151.5
-17.5,138.25,0.799009900990099,0.889834825795787,0.24295324754573944,142.1
-17.5,138.5,0.805940594059406,0.8953976930460084,0.24174121231586385,137.2
-17.5,138.75,0.8057991513437057,0.896849305580258,0.24354127022265573,137.3
-17.5,139.0,0.7992927864214993,0.8988733963380484,0.24944070878413524,141.9
-17.5,139.25,0.7874115983026874,0.894252128035907,0.3028963443443776,150.3
-17.5,139.5,0.77001414427157,0.8939981415319032,0.3749430959444225,162.6
-17.5,140.75,0.9462517680339463,0.9171775179278124,0.42721678722802364,38.0
-17.5,141.0,0.9701555869872701,0.9233439141580642,0.3498674681276284,21.1
-17.5,141.25,0.9598302687411598,0.9281781502087857,0.3028427221690103,28.4
-17.5,141.5,0.9294200848656294,0.9492410246853573,0.2767584269037607,49.9
-17.5,141.75,0.930975954738331,0.9738821341317949,0.279571165460591,48.8
-17.5,142.0,0.9256011315417256,0.9952302880588769,0.27890882602665085,52.6
-17.5,142.25,0.9082036775106082,0.983229778546709,0.2770345158319368,64.9
-17.5,142.5,0.8898161244695898,0.9602646881558479,0.2804795351040238,77.9
-17.5,142.75,0.8893917963224894,0.9380964141497329,0.2881572571331845,78.2
-17.5,143.0,0.8900990099009901,0.9227640439470769,0.30290038978051137,77.7
-17.5,143.25,0.8844413012729845,0.9221333477857299,0.3072009946189865,81.7
-17.5,143.5,0.8753889674681754,0.9261713307970251,0.31286557224284883,88.1
-17.5,143.75,0.8722772277227723,0.9345941576762136,0.3242987000343952,90.3
-17.5,144.0,0.9057991513437058,0.9494475814584942,0.3622940647768965,66.6
-17.5,144.25,0.9397454031117397,0.9711828895497341,0.36482252682963057,42.6
-17.5,144.5,0.9688826025459689,0.9843093359496731,0.3862889648067719,22.0
-17.5,144.75,0.979066478076379,0.9950997775198949,0.38547754057507166,14.8
-17.5,145.0,0.9736916548797737,0.9974794881017467,0.32375556396956123,18.6
-17.5,145.25,0.9844413012729845,0.993978770956494,0.2518199087490795,11.0
-17.5,145.5,0.9991513437057992,0.9793187109996386,0.14143687979656364,0.6
-17.5,145.75,0.9717114568599717,0.967561359168052,0.027956440909872933,20.0
-17.5,146.0,0.9953323903818954,0.9889602189121786,0.05019447249593555,3.3
-17.75,122.25,0.4705799151343706,0.9532726802325292,0.30892895995276426,374.3
-17.75,122.5,0.44667609618104664,0.9586674633302118,0.2667961294337258,391.2
-17.75,122.75,0.4214992927864215,0.9519832241085097,0.3272990759118225,409.0
-17.75,123.0,0.3949080622347949,0.9413246274423469,0.429363624433043,427.8
-17.75,123.25,0.3673267326732673,0.9372742823222756,0.45993696772113624,447.3
-17.75,123.5,0.33875530410183874,0.9386639372990256,0.4230591748571947,467.5
-17.75,123.75,0.3097595473833098,0.9436689135484508,0.3810772181534894,488.0
-17.75,124.0,0.31697312588401705,0.9488769539903823,0.3769496483840685,482.9
-17.75,124.25,0.35346534653465345,0.9588620731396371,0.4138487966379595,457.1
-17.75,124.5,0.38995756718528995,0.9730598788099404,0.40640820808225203,431.3
-17.75,124.75,0.42616690240452615,0.9887874813456589,0.41657493707388554,405.7
-17.75,125.0,0.4622347949080623,0.9959181452563617,0.4393727425882122,380.2
-17.75,125.25,0.498019801980198,0.9984218543297354,0.43501690384682645,354.9
-17.75,125.5,0.5335219236209334,0.9975685870280345,0.38231695897983525,329.8
-17.75,125.75,0.5687411598302687,0.9857243378869516,0.3105441043585074,304.9
-17.75,126.0,0.6033946251768034,0.9628555241947072,0.27615830015299386,280.4
-17.75,126.25,0.6374823196605375,0.9502750500040331,0.28180115168957187,256.3
-17.75,126.5,0.6708628005657709,0.9569206866275588,0.27195752571855397,232.7
-17.75,126.75,0.7031117397454031,0.9642132589049095,0.29018361770433837,209.9
-17.75,127.0,0.733946251768034,0.9631135736091189,0.32347966844869036,188.1
-17.75,127.25,0.7628005657708627,0.9642848011465871,0.3411480382353735,167.7
-17.75,127.5,0.788967468175389,0.9799735678488547,0.34435220094338215,149.2
-17.75,127.75,0.8113154172560113,0.9917263395588937,0.3131510253080518,133.4
-17.75,128.0,0.8281471004243282,0.9824175814818455,0.2649509270384447,121.5
-17.75,128.25,0.8380480905233381,0.9974850123557841,0.22896137334091946,114.5
-17.75,128.5,0.8397454031117397,0.9723041941091666,0.26267299191504917,113.3
-17.75,128.75,0.8328147100424328,0.9627882159648139,0.37162672476484576,118.2
-17.75,129.0,0.8182461103253182,0.9546362086416438,0.4676267293550458,128.5
-17.75,129.25,0.7978783592644979,0.9506444533470587,0.4716119191132871,142.9
-17.75,129.5,0.7731258840169731,0.9411530130175811,0.4727596302969075,160.4
-17.75,129.75,0.7451202263083452,0.9383368438057074,0.4621461143129815,180.2
-17.75,130.0,0.7148514851485148,0.9377289992565697,0.4409206618381221,201.6
-17.75,130.25,0.6830268741159831,0.9453005450446019,0.3840850885639933,224.1
-17.75,130.5,0.65007072135785,0.9579226307088774,0.34910529828965303,247.4
-17.75,130.75,0.6162659123055163,0.9527238729580761,0.3560260885953543,271.3
-17.75,131.0,0.582036775106082,0.9382208718232102,0.38977695273516466,295.5
-17.75,131.25,0.5492220650636492,0.9269176720061388,0.4117470555696031,318.7
-17.75,131.5,0.5727015558698727,0.9219195462865256,0.43316328823376904,302.1
-17.75,131.75,0.5946251768033946,0.9124419864552513,0.47076869549715655,286.6
-17.75,132.0,0.62008486562942,0.9079783325614396,0.49155427529088447,268.6
-17.75,132.25,0.6458274398868458,0.902512071213089,0.4603760506557715,250.4
-17.75,132.5,0.6693069306930692,0.9039936595983171,0.41565373807920775,233.8
-17.75,132.75,0.69009900990099,0.9032686363610234,0.38121041131767197,219.1
-17.75,133.0,0.7074964639321075,0.9004758085967449,0.37072254561302564,206.8
-17.75,133.25,0.7212164073550212,0.9077765151410753,0.3929579710356507,197.1
-17.75,133.5,0.7302687411598303,0.9093446129922806,0.4260822922102586,190.7
-17.75,133.75,0.7343705799151343,0.9144851564257022,0.4442367267894657,187.8
-17.75,134.0,0.7352192362093353,0.9162450911307511,0.44395348179099714,187.2
-17.75,134.25,0.7353606789250353,0.9280337237379265,0.44958464830288586,187.1
-17.75,134.5,0.7318246110325318,0.9286313593455484,0.45602623977539786,189.6
-17.75,134.75,0.7233380480905234,0.9290394515434386,0.4486958611491048,195.6
-17.75,135.0,0.7103253182461102,0.9246869419816099,0.4595191273555224,204.8
-17.75,135.25,0.6932107496463932,0.9197512316298907,0.449144759504479,216.9
-17.75,135.5,0.6727015558698727,0.9111182940847375,0.44482921395167707,231.4
-17.75,135.75,0.6495049504950494,0.900427665106049,0.43050417954637094,247.8
-17.75,136.0,0.624045261669024,0.8949231475982747,0.4396522967306064,265.8
-17.75,136.25,0.6138613861386139,0.8892776606604451,0.41569150085554846,273.0
-17.75,136.5,0.6478076379066477,0.8933347254548136,0.42793640745885453,249.0
-17.75,136.75,0.6810466760961811,0.8919788459329,0.4075157066636659,225.5
-17.75,137.0,0.7131541725601132,0.8954168652226377,0.3908976997169848,202.8
-17.75,137.25,0.7438472418670439,0.897352616796362,0.3650353715690055,181.1
-17.75,137.5,0.7725601131541726,0.9015188969745546,0.31733469931325675,160.8
-17.75,137.75,0.7984441301272984,0.9042006668160275,0.29858205593905945,142.5
-17.75,138.0,0.8202263083451202,0.9040738968529561,0.294618753440857,127.1
-17.75,138.25,0.8363507779349364,0.9028907147325085,0.2965260556983834,115.7
-17.75,138.5,0.8448373408769448,0.9057768456098693,0.28632938080899445,109.7
-17.75,138.75,0.8445544554455445,0.9063206867179547,0.26350968803462915,109.9
-17.75,139.0,0.8370579915134371,0.9060220659650924,0.2545058043482481,115.2
-17.75,139.25,0.8227722772277228,0.9010970662614095,0.2827949106582514,125.3
-17.75,139.5,0.8022630834512022,0.8979428856912817,0.35127408722381287,139.8
-17.75,139.75,0.8052333804809053,0.8987834090626795,0.364443658036015,137.7
-17.75,140.0,0.8427157001414427,0.8999670763629569,0.39329272684640476,111.2
-17.75,140.25,0.88005657708628,0.8988763244059598,0.4416454395970918,84.8
-17.75,140.5,0.9175388967468175,0.9019264222448908,0.44346000305177385,58.3
-17.75,140.75,0.9545968882602546,0.9073440929158507,0.3831239187262403,32.1
-17.75,141.0,0.9902404526166902,0.915978615376539,0.3221338920672675,6.9
-17.75,141.25,0.9794908062234795,0.9224256965369529,0.2867519274190348,14.5
-17.75,141.5,0.9657708628005658,0.9415241158115846,0.28955049889075907,24.2
-17.75,141.75,0.9700141442715701,0.9612562834840597,0.2984877215259471,21.2
-17.75,142.0,0.9615275813295615,0.9812527431128732,0.29836100750648886,27.2
-17.75,142.25,0.9425742574257425,0.9923066893101354,0.301505036659855,40.6
-17.75,142.5,0.9223479490806223,0.9740968473550272,0.29593988650814196,54.9
-17.75,142.75,0.9274398868458275,0.9447666350420357,0.29815931592171385,51.3
-17.75,143.0,0.9287128712871288,0.9308709918032573,0.3029215517631556,50.4
-17.75,143.25,0.922065063649222,0.9256252168738446,0.3086789971280659,55.1
-17.75,143.5,0.9134370579915134,0.9336821051760913,0.31425001396803676,61.2
-17.75,143.75,0.9031117397454032,0.9472995308622609,0.35035799740544743,68.5
-17.75,144.0,0.8865629420084866,0.9561184409679618,0.3877917879200189,80.2
-17.75,144.25,0.9147100424328147,0.9690313301716584,0.3935585007183034,60.3
-17.75,144.5,0.9332390381895332,0.9886876131795123,0.4399988987388041,47.2
-17.75,144.75,0.9422913719943423,0.9967149935374804,0.4272209616023609,40.8
-17.75,145.0,0.9782178217821782,0.9978712992672446,0.3314605725460309,15.4
-17.75,145.25,0.9896746817538897,0.9908298972161311,0.24707765832917536,7.3
-17.75,145.5,0.9923620933521924,0.9671351343764366,0.09948319279396874,5.4
-17.75,145.75,0.9876944837340877,0.9597881452167344,0.0039611202191088156,8.7
-17.75,146.0,0.9991513437057992,0.9785721965742374,0.03689064477937225,0.6
-18.0,122.5,0.4756718528995757,0.9393401895840453,0.31579079326492965,370.7
-18.0,122.75,0.4490806223479491,0.9424542819314714,0.3603795580972513,389.5
-18.0,123.0,0.42135785007072135,0.9395497307343511,0.46594660009475475,409.1
-18.0,123.25,0.3926449787835927,0.9392136788119987,0.502197962814422,429.4
-18.0,123.5,0.3635077793493635,0.9410248821041376,0.4673847606989625,450.0
-18.0,123.75,0.3338048090523338,0.9502776600360718,0.42983627965240623,471.0
-18.0,124.0,0.30735502121640734,0.9587228140565209,0.4271960604118162,489.7
-18.0,124.25,0.3432814710042432,0.9631940014261903,0.45475634352671596,464.3
-18.0,124.5,0.37906647807637905,0.9743785641632524,0.44991991986645374,439.0
-18.0,124.75,0.4144271570014144,0.9867655916555019,0.466574625849297,414.0
-18.0,125.0,0.4496463932107496,0.9968102455475748,0.48229377234505105,389.1
-18.0,125.25,0.4845827439886846,0.9904200416277856,0.4835628788472367,364.4
-18.0,125.5,0.5189533239038189,0.9868576399378197,0.432274243203581,340.1
-18.0,125.75,0.5528995756718529,0.9714421273649152,0.3712873755305931,316.1
-18.0,126.0,0.5862800565770863,0.9537198840298878,0.3608105340423434,292.5
-18.0,126.25,0.6186704384724186,0.9531899072370473,0.33631145340235696,269.6
-18.0,126.5,0.6502121640735502,0.9651519308533455,0.303964194428225,247.3
-18.0,126.75,0.6803394625176804,0.9718629563848059,0.29925039099946094,226.0
-18.0,127.0,0.7086280056577086,0.9745892095604747,0.33250777640004797,206.0
-18.0,127.25,0.7347949080622348,0.9787095669743631,0.3714331562868893,187.5
-18.0,127.5,0.7579915134370581,0.9916190165314226,0.3706654904579911,171.1
-18.0,127.75,0.7772277227722773,0.9914420487869738,0.35158623049713367,157.5
-18.0,128.0,0.7912305516265912,0.9822623575165245,0.30429738686326196,147.6
-18.0,128.25,0.7991513437057991,0.9959520042708202,0.2863382936623092,142.0
-18.0,128.5,0.8007072135785007,0.9799557512750828,0.34672803239776084,140.9
-18.0,128.75,0.7950495049504951,0.9664996523761199,0.4446025567072555,144.9
-18.0,129.0,0.783026874115983,0.9605086537833705,0.4644297066000542,153.4
-18.0,129.25,0.7656294200848657,0.9539236154909714,0.4665416337864845,165.7
-18.0,129.5,0.7439886845827439,0.954694007935487,0.46947694422298675,181.0
-18.0,129.75,0.718953323903819,0.9475112306988572,0.46000767420846306,198.7
-18.0,130.0,0.6913719943422914,0.9442880152688236,0.45105894383861556,218.2
-18.0,130.25,0.6618104667609619,0.9457765874796978,0.395222996221424,239.1
-18.0,130.5,0.6306930693069306,0.9575793393237245,0.37041135325895547,261.1
-18.0,130.75,0.5985855728429985,0.9563483647029839,0.38964836911175604,283.8
-18.0,131.0,0.5654879773691655,0.9404486958135432,0.4209140299660959,307.2
-18.0,131.25,0.5548797736916549,0.9286452490430943,0.4379791623678535,314.7
-18.0,131.5,0.5865629420084866,0.9163345731294413,0.45395030246501056,292.3
-18.0,131.75,0.6171145685997171,0.9101378578212809,0.4761621160791255,270.7
-18.0,132.0,0.6465346534653466,0.9010910645896107,0.4892801760790421,249.9
-18.0,132.25,0.6742574257425742,0.8998044032584497,0.49062405062196385,230.3
-18.0,132.5,0.6998585572842999,0.8957185234543161,0.4596827660529989,212.2
-18.0,132.75,0.7229137199434229,0.8963703299764428,0.43829473862084173,195.9
-18.0,133.0,0.7425742574257426,0.896739238831194,0.43221017703373277,182.0
-18.0,133.25,0.7581329561527581,0.8977572713765927,0.44718899259972394,171.0
-18.0,133.5,0.7685997171145686,0.9049035696793553,0.46330117497419965,163.6
-18.0,133.75,0.7735502121640736,0.9037833305177426,0.467012177642766,160.1
-18.0,134.0,0.7743988684582744,0.9129166352126342,0.44352866264512053,159.5
-18.0,134.25,0.7743988684582744,0.9202741730242621,0.43366750107843105,159.5
-18.0,134.5,0.7704384724186704,0.9321796807873309,0.4375008338675377,162.3
-18.0,134.75,0.7605374823196606,0.929158279540284,0.42991249824793126,169.3
-18.0,135.0,0.7455445544554455,0.9210184283206901,0.4370255031804526,179.9
-18.0,135.25,0.7263083451202264,0.9095448567501434,0.43906975392733755,193.5
-18.0,135.5,0.7036775106082036,0.898664989282115,0.43383710316781793,209.5
-18.0,135.75,0.6782178217821782,0.8926725783669619,0.44076793453611424,227.5
-18.0,136.0,0.6506364922206507,0.884269515936065,0.4333112770567995,247.0
-18.0,136.25,0.6281471004243282,0.8872647563585392,0.4615667304956977,262.9
-18.0,136.5,0.6633663366336633,0.8912286683062683,0.46092371567500223,238.0
-18.0,136.75,0.6983026874115983,0.8992227651251552,0.4742402438046071,213.3
-18.0,137.0,0.7323903818953323,0.9035117045575078,0.45250530813601897,189.2
-18.0,137.25,0.7654879773691654,0.9062345217732412,0.4228468136360828,165.8
-18.0,137.5,0.7973125884016973,0.9117443925920629,0.3753541025852525,143.3
-18.0,137.75,0.8267326732673268,0.9125927778874274,0.34939964809089535,122.5
-18.0,138.0,0.8524752475247525,0.9125184023963917,0.3534019866301978,104.3
-18.0,138.25,0.8725601131541726,0.9127710449785527,0.33875255982224134,90.1
-18.0,138.5,0.8835926449787836,0.9141179314207046,0.306569503650226,82.3
-18.0,138.75,0.8833097595473833,0.913620836349597,0.2724347904786911,82.5
-18.0,139.0,0.8741159830268741,0.9099735349312394,0.2604934849927261,89.0
-18.0,139.25,0.856011315417256,0.9025327596401536,0.29070562402107897,101.8
-18.0,139.5,0.8315417256011315,0.8993354558734876,0.3680158748458233,119.1
-18.0,139.75,0.8028288543140029,0.8997184148749582,0.3720440332603703,139.4
-18.0,140.0,0.8359264497878359,0.8973559359818183,0.3931580992447086,116.0
-18.0,140.25,0.8712871287128713,0.8946706103623234,0.4319190345703019,91.0
-18.0,140.5,0.9060820367751061,0.8915025590117428,0.43240419679540143,66.4
-18.0,140.75,0.9393210749646393,0.8967816136053808,0.3776867880932957,42.9
-18.0,141.0,0.9691654879773691,0.9026953356393831,0.3159727734218495,21.8
-18.0,141.25,0.984016973125884,0.916384469928469,0.2995450792634873,11.3
-18.0,141.5,0.9966053748231966,0.9295514639835629,0.3066641281742961,2.4
-18.0,141.75,0.9910891089108911,0.947844608064449,0.30780792285998626,6.3
-18.0,142.0,0.9947666195190947,0.9712181770341701,0.31296519312230336,3.7
-18.0,142.25,0.9735502121640736,0.9962718494861669,0.3215227249828287,18.7
-18.0,142.5,0.9613861386138614,0.9838888631851366,0.3229544225595876,27.3
-18.0,142.75,0.9653465346534653,0.9578601183746627,0.31383924908633826,24.5
-18.0,143.0,0.9674681753889675,0.931656482373011,0.3085256896041423,23.0
-18.0,143.25,0.9591230551626592,0.9278273216815738,0.3059246353428557,28.9
-18.0,143.5,0.9509193776520509,0.9422417812954114,0.34140270730449845,34.7
-18.0,143.75,0.9381895332390382,0.963660377066836,0.371117612268452,43.7
-18.0,144.0,0.9123055162659123,0.9723372479499943,0.3429677592181943,62.0
-18.0,144.25,0.886987270155587,0.9703704206303568,0.3656897329516062,79.9
-18.0,144.5,0.8953323903818953,0.9835682212367066,0.4407055606801865,74.0
-18.0,144.75,0.924893917963225,0.996538524924646,0.39645793409969066,53.1
-18.0,145.0,0.9471004243281471,0.9955367852853718,0.30086397202948706,37.4
-18.0,145.25,0.9605374823196605,0.9768110169524727,0.20059064914812094,27.9
-18.0,145.5,0.9974540311173975,0.955500619410386,0.07425549203654931,1.8
-18.0,145.75,0.9817538896746818,0.9613954902924248,0.0023521503415842187,12.9
-18.0,146.0,0.9882602545968883,0.9747691242368953,0.024825353928679843,8.3
-18.25,122.25,0.5297029702970297,0.9321722240781622,0.38487016105035976,332.5
-18.25,122.5,0.503111739745403,0.9309853323640835,0.40455264227886717,351.3
-18.25,122.75,0.4752475247524752,0.9379383168205487,0.46135114581949893,371.0
-18.25,123.0,0.4462517680339463,0.9408203652879723,0.5110392231916788,391.5
-18.25,123.25,0.4171145685997171,0.9408004105038761,0.5510716664934973,412.1
-18.25,123.5,0.38712871287128714,0.9456689404684305,0.5208414116475572,433.3
-18.25,123.75,0.35629420084865626,0.9573841080617245,0.49277714132985134,455.1
-18.25,124.0,0.32489391796322487,0.9615584461527431,0.4899841947872534,477.3
-18.25,124.25,0.3308345120226308,0.9628715371881166,0.48986805370047953,473.1
-18.25,124.5,0.3657708628005658,0.9710550639251279,0.4837870056794151,448.4
-18.25,124.75,0.4004243281471005,0.9852703139166581,0.4684792848736523,423.9
-18.25,125.0,0.43479490806223475,0.9974591034052086,0.48771178788933156,399.6
-18.25,125.25,0.4685997171145686,0.9847525400317685,0.476357022290943,375.7
-18.25,125.5,0.5018387553041019,0.9781800807858139,0.4383695711306795,352.2
-18.25,125.75,0.5343705799151344,0.9695512952373733,0.422172853646555,329.2
-18.25,126.0,0.5661951909476662,0.9615968578812621,0.4218033812245171,306.7
-18.25,126.25,0.5970297029702971,0.9641174815656582,0.38431621029370994,284.9
-18.25,126.5,0.6265912305516266,0.9685984557705598,0.3195053094995405,264.0
-18.25,126.75,0.6545968882602546,0.9725153205445765,0.31094253952449924,244.2
-18.25,127.0,0.6807637906647808,0.9714585768348254,0.33922450588148545,225.7
-18.25,127.25,0.7043847241867044,0.9795734495000835,0.37856717814657587,209.0
-18.25,127.5,0.7248939179632249,0.9935651866570537,0.3907550618293982,194.5
-18.25,127.75,0.7415841584158416,0.9936101434209814,0.3697540101803996,182.7
-18.25,128.0,0.7536067892503536,0.985249570718445,0.34142881729070074,174.2
-18.25,128.25,0.7603960396039604,0.9965634485791965,0.3387505129282613,169.4
-18.25,128.5,0.7615275813295616,0.9788546892399628,0.3898159565417137,168.6
-18.25,128.75,0.7568599717114568,0.9681848373618273,0.43269501691332374,171.9
-18.25,129.0,0.7466760961810467,0.9605048495385595,0.44545898037196613,179.1
-18.25,129.25,0.7315417256011315,0.9615498888162421,0.44316570160235785,189.8
-18.25,129.5,0.7124469589816125,0.9580135312651815,0.44134609344046516,203.3
-18.25,129.75,0.68995756718529,0.9545485781189853,0.47837711324195314,219.2
-18.25,130.0,0.6647807637906649,0.944292160698669,0.4724685523025782,237.0
-18.25,130.25,0.6374823196605375,0.9477809162286738,0.43390286165158665,256.3
-18.25,130.5,0.6083451202263084,0.9533544816812942,0.4076764764861152,276.9
-18.25,130.75,0.578076379066478,0.9514094216558642,0.4165414453755347,298.3
-18.25,131.0,0.5465346534653466,0.9412480181332387,0.4374263881723103,320.6
-18.25,131.25,0.5738330975954737,0.9242112549020974,0.45203455475515697,301.3
-18.25,131.5,0.606930693069307,0.9144021864702597,0.4572790033602939,277.9
-18.25,131.75,0.6391796322489391,0.8973884188972338,0.4735253298182028,255.1
-18.25,132.0,0.6704384724186705,0.8932363885392155,0.4780183426908031,233.0
-18.25,132.25,0.7002828854314003,0.8871622050289053,0.4731143070600973,211.9
-18.25,132.5,0.7282885431400283,0.8858250787318714,0.48601928056150756,192.1
-18.25,132.75,0.7538896746817538,0.8865534688219784,0.49057482846278994,174.0
-18.25,133.0,0.7762376237623763,0.8876516895266517,0.4876458843500839,158.2
-18.25,133.25,0.7943422913719943,0.8914537967134449,0.49782283169434227,145.4
-18.25,133.5,0.8067892503536068,0.8919930768126721,0.5043734081833358,136.6
-18.25,133.75,0.8125884016973126,0.8914427599619272,0.5044356853356109,132.5
-18.25,134.0,0.8134370579915134,0.890596312123791,0.4674670393900506,131.9
-18.25,134.25,0.8135785007072136,0.9045453130076115,0.424071178581665,131.8
-18.25,134.5,0.8086280056577086,0.910999193227595,0.41492618814886356,135.3
-18.25,134.75,0.7970297029702971,0.9166188724556437,0.4279142784396843,143.5
-18.25,135.0,0.7796322489391796,0.9130232681804212,0.43511670201631075,155.8
-18.25,135.25,0.7577086280056577,0.9024279659427983,0.44217634264987177,171.3
-18.25,135.5,0.7323903818953323,0.8973319992290636,0.4486629496726695,189.2
-18.25,135.75,0.7045261669024045,0.889260269806924,0.44377628846488104,208.9
-18.25,136.0,0.6748231966053748,0.8873752290474269,0.4503101996910763,229.9
-18.25,136.25,0.6437057991513437,0.8859094416416158,0.4598933382565378,251.9
-18.25,136.5,0.6751060820367751,0.89231014608654,0.5004832458810505,229.7
-18.25,136.75,0.7111739745403112,0.8979883122322194,0.5057101266559649,204.2
-18.25,137.0,0.7469589816124469,0.9053018663220425,0.4984059547195268,178.9
-18.25,137.25,0.7823196605374823,0.9084863256306315,0.4687590324233518,153.9
-18.25,137.5,0.8166902404526167,0.9106530922263921,0.4308134539446646,129.6
-18.25,137.75,0.84992927864215,0.9130370183370939,0.4150052756194158,106.1
-18.25,138.0,0.8806223479490807,0.9126256521593719,0.4012138036173361,84.4
-18.25,138.25,0.9063649222065063,0.9168214405901913,0.3724080419260361,66.2
-18.25,138.5,0.922065063649222,0.9190887143374276,0.3225300708146987,55.1
-18.25,138.75,0.9216407355021217,0.9161420845861998,0.2890442552693925,55.4
-18.25,139.0,0.9093352192362093,0.9106337896211758,0.2712359230628447,64.1
-18.25,139.25,0.8855728429985855,0.9006831065193658,0.3045667548875823,80.9
-18.25,139.5,0.856011315417256,0.8949507682034622,0.3833265128784396,101.8
-18.25,139.75,0.8237623762376238,0.8912149420744027,0.40673243931214803,124.6
-18.25,140.0,0.8217821782178218,0.8865034120443038,0.4347222639346264,126.0
-18.25,140.25,0.8548797736916549,0.8837747020088306,0.4646550261106147,102.6
-18.25,140.5,0.886987270155587,0.8841399023619478,0.46400235704193465,79.9
-18.25,140.75,0.9151343705799151,0.8869719049725119,0.4077782570804779,60.0
-18.25,141.0,0.9340876944837341,0.8961601621557196,0.3470594196979493,46.6
-18.25,141.25,0.9475247524752475,0.9069063704177587,0.32455867168713776,37.1
-18.25,141.5,0.9575671852899575,0.9162063933261994,0.3412806672949159,30.0
-18.25,141.75,0.9526166902404526,0.9341643651993555,0.324330144838766,33.5
-18.25,142.0,0.9722772277227723,0.95685095343985,0.3214167377795779,19.6
-18.25,142.25,0.9939179632248939,0.9860649503390708,0.3436069542446119,4.3
-18.25,142.5,0.9994342291371995,0.9963587631744981,0.3404831361546394,0.4
-18.25,142.75,0.9958981612446959,0.9810286818025219,0.3361576945947213,2.9
-18.25,143.0,0.9937765205091937,0.9518870232060775,0.319912544697919,4.4
-18.25,143.25,0.9963224893917964,0.9369974973312992,0.3329059536896329,2.6
-18.25,143.5,0.9886845827439887,0.9535405965775091,0.3726385511992863,8.0
-18.25,143.75,0.9661951909476661,0.9878099371693876,0.37119154221086553,23.9
-18.25,144.0,0.9405940594059405,0.9995759175354979,0.2903393105850261,42.0
-18.25,144.25,0.9138613861386139,0.9920577527039874,0.3112669641617004,60.9
-18.25,144.5,0.8947666195190948,0.9768184034682788,0.41725487657259924,74.4
-18.25,144.75,0.8949080622347949,0.9860030628412598,0.36016903424553876,74.3
-18.25,145.0,0.9236209335219236,0.9730089532411261,0.23526521046030127,54.0
-18.25,145.25,0.9603960396039604,0.9517921719256522,0.1528190447631892,28.0
-18.25,145.5,0.9964639321074965,0.9590661583939211,0.09925547180936863,2.5
-18.25,145.75,0.9715700141442716,0.9699286964349221,0.017645099664412214,20.1
-18.25,146.0,0.9971711456859972,0.9780043111093356,0.004427433290588922,2.0
-18.25,146.25,0.9702970297029703,0.9957872122912339,0.14503074210727915,21.0
-18.5,122.0,0.5838755304101839,0.9463015728053099,0.43069721615423817,294.2
-18.5,122.25,0.5571428571428572,0.9434194394224296,0.44529311749047984,313.1
-18.5,122.5,0.528995756718529,0.9477683850872362,0.48205078830061543,333.0
-18.5,122.75,0.5,0.9554280771885014,0.5040516428965811,353.5
-18.5,123.0,0.47043847241867043,0.9549226054326464,0.5598982279155588,374.4
-18.5,123.25,0.4401697312588402,0.9513844679362164,0.5696583019307293,395.8
-18.5,123.5,0.40891089108910894,0.9539428531969826,0.5402468207940871,417.9
-18.5,123.75,0.37722772277227723,0.9644583100616427,0.5084853119610352,440.3
-18.5,124.0,0.34483734087694484,0.9675254730352064,0.5197510618472045,463.2
-18.5,124.25,0.3164073550212164,0.9683477235761155,0.5192967803218356,483.3
-18.5,124.5,0.3504950495049505,0.9700747955602117,0.49794651566601905,459.2
-18.5,124.75,0.3842998585572843,0.9846594318252373,0.47618972497194306,435.3
-18.5,125.0,0.41753889674681754,0.9990536555276853,0.4542869439969904,411.8
-18.5,125.25,0.45021216407355025,0.987792037205894,0.44084639343292453,388.7
-18.5,125.5,0.48217821782178216,0.9776606733927058,0.4453964453432841,366.1
-18.5,125.75,0.5134370579915135,0.9695976663670047,0.4571807685665266,344.0
-18.5,126.0,0.5437057991513436,0.9674080195803567,0.4661410389055846,322.6
-18.5,126.25,0.5728429985855729,0.970128310113053,0.4182279248423466,302.0
-18.5,126.5,0.6005657708628006,0.9672641744502352,0.3495574362173894,282.4
-18.5,126.75,0.6265912305516266,0.9617534648135405,0.33259337524987537,264.0
-18.5,127.0,0.6506364922206507,0.9636324940048824,0.36200000508661206,247.0
-18.5,127.25,0.671994342291372,0.9662462384139706,0.3971165504430057,231.9
-18.5,127.5,0.6903818953323904,0.9862314835078836,0.4087714358272418,218.9
-18.5,127.75,0.7050919377652051,0.9983560031131137,0.39000098286369045,208.5
-18.5,128.0,0.7155586987270155,0.9920204900048023,0.36191281062651676,201.1
-18.5,128.25,0.7213578500707214,0.9965560936182772,0.3717312936478584,197.0
-18.5,128.5,0.7223479490806224,0.9760815247797862,0.39155834683700447,196.3
-18.5,128.75,0.7183875530410184,0.9693344087169644,0.41752811274302354,199.1
-18.5,129.0,0.7094766619519095,0.9710936272470693,0.44271135560788716,205.4
-18.5,129.25,0.6963224893917963,0.965150698847949,0.4384487230703335,214.7
-18.5,129.5,0.6792079207920791,0.9614166461459743,0.4501704629130677,226.8
-18.5,129.75,0.658981612446959,0.9501982487058195,0.48340989366882176,241.1
-18.5,130.0,0.635926449787836,0.9487637596087726,0.4968009803145822,257.4
-18.5,130.25,0.6107496463932107,0.9477506347412638,0.4614775858452749,275.2
-18.5,130.5,0.5835926449787836,0.9512121379066562,0.43298677183322115,294.4
-18.5,130.75,0.5548797736916549,0.9473998809865857,0.43092119793093764,314.7
-18.5,131.0,0.5550212164073549,0.9332464104026925,0.44692163923483286,314.6
-18.5,131.25,0.5899575671852899,0.9192724958918246,0.4580650590004618,289.9
-18.5,131.5,0.6243281471004243,0.9008092145231823,0.4577153785926563,265.6
-18.5,131.75,0.6581329561527581,0.8951970369569012,0.4589243676574749,241.7
-18.5,132.0,0.6912305516265912,0.8827830647922777,0.4539433720365741,218.3
-18.5,132.25,0.7231966053748232,0.8799497470824372,0.4532036696805531,195.7
-18.5,132.5,0.7538896746817538,0.8737874748874787,0.471156187033129,174.0
-18.5,132.75,0.7823196605374823,0.8734479661812797,0.5031498168669744,153.9
-18.5,133.0,0.807920792079208,0.8767020580975706,0.51160883994005,135.8
-18.5,133.25,0.8292786421499293,0.8777418417589925,0.515358201724148,120.7
-18.5,133.5,0.8444130127298444,0.8806634148179159,0.542545853431025,110.0
-18.5,133.75,0.8516265912305516,0.872529797575014,0.5337794900327077,104.9
-18.5,134.0,0.8526166902404526,0.8737808147945694,0.49348048311249443,104.2
-18.5,134.25,0.8527581329561528,0.8774470940165775,0.4346793597474224,104.1
-18.5,134.5,0.8465346534653465,0.8918785258840635,0.42232709597245366,108.5
-18.5,134.75,0.8322489391796323,0.8952810574308411,0.4308061689361687,118.6
-18.5,135.0,0.8115983026874116,0.8978924601670515,0.44288484196065353,133.2
-18.5,135.25,0.7864214992927865,0.8980577463140669,0.4559615289145323,151.0
-18.5,135.5,0.7581329561527581,0.8959797037097265,0.4521266649842595,171.0
-18.5,135.75,0.7277227722772277,0.8976469070426284,0.4578149027684582,192.5
-18.5,136.0,0.6957567185289958,0.8935851749762908,0.4513558240521009,215.1
-18.5,136.25,0.6628005657708628,0.895474151627134,0.46771411722244627,238.4
-18.5,136.5,0.6821782178217821,0.8945927362205737,0.4920939139069494,224.7
-18.5,136.75,0.7192362093352193,0.9039951275661027,0.5329832482744659,198.5
-18.5,137.0,0.7561527581329561,0.9068793127141839,0.5250452322470539,172.4
-18.5,137.25,0.7927864214992928,0.9117279051026199,0.5029802953639646,146.5
-18.5,137.5,0.8294200848656295,0.9096472871046121,0.4837521762472033,120.6
-18.5,137.75,0.8654879773691655,0.9110373028984761,0.46017909754997394,95.1
-18.5,138.0,0.9008486562942009,0.9178862833789718,0.44115713450328264,70.1
-18.5,138.25,0.9339462517680339,0.9240984798010863,0.39416070659760116,46.7
-18.5,138.5,0.9592644978783592,0.9212425643760542,0.37270738808266285,28.8
-18.5,138.75,0.9602545968882602,0.9139393934064296,0.3242800039948923,28.1
-18.5,139.0,0.9394625176803395,0.9035867394188508,0.2908490355378863,42.8
-18.5,139.25,0.9080622347949081,0.8946137582362922,0.311675649914868,65.0
-18.5,139.5,0.8756718528995757,0.8879922786341534,0.3726858231681328,87.9
-18.5,139.75,0.843988684582744,0.8844446552090175,0.42335721551451116,110.3
-18.5,140.0,0.8103253182461103,0.8818050782709059,0.4596632319151735,134.1
-18.5,140.25,0.8336633663366337,0.8827980438410847,0.4841476780690663,117.6
-18.5,140.5,0.8611032531824611,0.8861482122133002,0.4872852603122591,98.2
-18.5,140.75,0.8827439886845827,0.8880577145048489,0.45866960188469735,82.9
-18.5,141.0,0.8974540311173974,0.8935949418191419,0.39297328244731256,72.5
-18.5,141.25,0.9113154172560113,0.8963624967877155,0.36388398564658625,62.7
-18.5,141.5,0.9185289957567185,0.9009569984975498,0.38592900157723975,57.6
-18.5,141.75,0.9185289957567185,0.916978122295846,0.35040038583983757,57.6
-18.5,142.0,0.9424328147100425,0.9406602446458929,0.329637241293513,40.7
-18.5,142.25,0.9561527581329562,0.9680075476937319,0.3492851348489402,31.0
-18.5,142.5,0.9602545968882602,0.998024243667434,0.36862931446609826,28.1
-18.5,142.75,0.9571428571428572,0.991893261498377,0.35610437020213487,30.3
-18.5,143.0,0.955021216407355,0.9808360002758353,0.3433104930802879,31.8
-18.5,143.25,0.964922206506365,0.9589975773465513,0.3434452496201875,24.8
-18.5,143.5,0.9797736916548798,0.9714761475192416,0.4033704884776453,14.3
-18.5,143.75,0.9932107496463932,0.997042181105721,0.4013439506164618,4.8
-18.5,144.0,0.9678925035360679,0.9834546825222684,0.28662921048388407,22.7
-18.5,144.25,0.944978783592645,0.9906149113093827,0.27998496039007104,38.9
-18.5,144.5,0.9339462517680339,0.9832130288661625,0.3619915112824586,46.7
-18.5,144.75,0.926025459688826,0.9524138294390655,0.30311599057398547,52.3
-18.5,145.0,0.9265912305516266,0.9303353859414953,0.20075336916089764,51.9
-18.5,145.25,0.9497878359264498,0.9183049764966584,0.17420218866089007,35.5
-18.5,145.5,0.9826025459688826,0.9381042522338782,0.10970494616393227,12.3
-18.5,145.75,0.9861386138613861,0.971221389885747,0.03621822237792083,9.8
-18.5,146.0,0.9913719943422914,0.9865667857548331,0.0,6.1
-18.75,121.75,0.6379066478076378,0.9576244259585156,0.47381189497541065,256.0
-18.75,122.0,0.611032531824611,0.9588017017401934,0.4556916451373982,275.0
-18.75,122.25,0.5826025459688826,0.9605336944202127,0.4848119354587831,295.1
-18.75,122.5,0.5536067892503536,0.9685199914936823,0.5010120053361978,315.6
-18.75,122.75,0.5236209335219236,0.9723612243112026,0.5264235977594034,336.8
-18.75,123.0,0.4929278642149929,0.978789204620444,0.5366919945244715,358.5
-18.75,123.25,0.4612446958981613,0.9729657058519138,0.5519802940133369,380.9
-18.75,123.5,0.42899575671852896,0.969213243293667,0.5194595003346124,403.7
-18.75,123.75,0.39632248939179626,0.9733058012672078,0.4819741345386537,426.8
-18.75,124.0,0.36308345120226304,0.9743542002546574,0.5092110245219801,450.3
-18.75,124.25,0.32942008486562935,0.9742013973220276,0.5166779809402967,474.1
-18.75,124.5,0.33323903818953327,0.9766734578386013,0.5003211866765666,471.4
-18.75,124.75,0.3660537482319661,0.9855301679451578,0.49276339329390656,448.2
-18.75,125.0,0.3981612446958982,0.9983789195992536,0.46757155992123695,425.5
-18.75,125.25,0.42970297029702975,0.9942926174498526,0.45460081181878254,403.2
-18.75,125.5,0.46039603960396036,0.988800658003979,0.45765745310474826,381.5
-18.75,125.75,0.49024045261669025,0.9825394909793035,0.4716894109735713,360.4
-18.75,126.0,0.5189533239038189,0.9765720569722758,0.4836597597898675,340.1
-18.75,126.25,0.5465346534653466,0.9743168618497489,0.4434683840349993,320.6
-18.75,126.5,0.5725601131541727,0.9694243911913085,0.4039861361646546,302.2
-18.75,126.75,0.5967468175388967,0.964298581076016,0.38497775998115386,285.1
-18.75,127.0,0.6188118811881188,0.9625103570020773,0.400764647385555,269.5
-18.75,127.25,0.6383309759547384,0.9627194141264731,0.4368991759756046,255.7
-18.75,127.5,0.654879773691655,0.9679341991816465,0.44793586714331296,244.0
-18.75,127.75,0.668033946251768,0.983822174500298,0.4300958483732629,234.7
-18.75,128.0,0.6772277227722772,0.9948304525237672,0.40076416386729197,228.2
-18.75,128.25,0.6823196605374824,0.9904476388445465,0.4027939090662868,224.6
-18.75,128.5,0.6833097595473834,0.9768784859751313,0.4091169096261591,223.9
-18.75,128.75,0.6797736916548798,0.9743319427220768,0.43812848892474504,226.4
-18.75,129.0,0.671994342291372,0.973685272850576,0.47220954768636164,231.9
-18.75,129.25,0.6601131541725601,0.9700326163485885,0.47674773728200215,240.3
-18.75,129.5,0.6446958981612447,0.9576285141192357,0.48292943768814883,251.2
-18.75,129.75,0.6264497878359264,0.9515626290998193,0.49784584716366137,264.1
-18.75,130.0,0.6053748231966054,0.9474078414382733,0.5030292112949053,279.0
-18.75,130.25,0.582036775106082,0.9514589787113441,0.47586833038252346,295.5
-18.75,130.5,0.5565770862800565,0.9536415709440071,0.447309710992721,313.5
-18.75,130.75,0.5309759547383309,0.9436708338145511,0.44320470540890705,331.6
-18.75,131.0,0.5669024045261669,0.9278145314866466,0.45456190471588603,306.2
-18.75,131.25,0.6026874115983027,0.9071774905466806,0.4625591033786899,280.9
-18.75,131.5,0.6383309759547384,0.8954630432413283,0.47198961134579603,255.7
-18.75,131.75,0.6735502121640735,0.8833786413754418,0.4691592888414676,230.8
-18.75,132.0,0.7082036775106082,0.8770812862675591,0.47035177381624244,206.3
-18.75,132.25,0.7422913719943423,0.8677534026816336,0.46483192932577294,182.2
-18.75,132.5,0.7753889674681753,0.8639266076232301,0.47957075866055904,158.8
-18.75,132.75,0.807072135785007,0.8622946852455279,0.5035620323034619,136.4
-18.75,133.0,0.8363507779349364,0.8636118164339018,0.5128510305922617,115.7
-18.75,133.25,0.8618104667609618,0.8658299568349042,0.5302882786492283,97.7
-18.75,133.5,0.881046676096181,0.8625017388430017,0.5556408657270718,84.1
-18.75,133.75,0.8906647807637906,0.8603718667098533,0.5661039914139276,77.3
-18.75,134.0,0.8917963224893918,0.8539355492296796,0.5198268775108438,76.5
-18.75,134.25,0.8919377652050919,0.857629685115869,0.4683698163389079,76.4
-18.75,134.5,0.8837340876944837,0.8651129233901416,0.44521103220669694,82.2
-18.75,134.75,0.8653465346534653,0.8761146159674245,0.4475762907283912,95.2
-18.75,135.0,0.8404526166902404,0.8806528909987119,0.45581850421233533,112.8
-18.75,135.25,0.8114568599717115,0.8859956642952305,0.4611767568993083,133.3
-18.75,135.5,0.7799151343705799,0.8942808702150595,0.4529980454805723,155.6
-18.75,135.75,0.7469589816124469,0.8943804141261302,0.45412893022864015,178.9
-18.75,136.0,0.7128712871287128,0.896592215114928,0.46476497816362217,203.0
-18.75,136.25,0.6782178217821782,0.8959591265447807,0.47244730973355686,227.5
-18.75,136.5,0.6847241867043847,0.9027562784038217,0.4906566558701658,222.9
-18.75,136.75,0.7219236209335219,0.9047701515883054,0.520449697385421,196.6
-18.75,137.0,0.7591230551626591,0.9113369584131388,0.5217416098323451,170.3
-18.75,137.25,0.7963224893917963,0.9179638375797162,0.5005867187893337,144.0
-18.75,137.5,0.8335219236209335,0.9200114092610339,0.48493921358288156,117.7
-18.75,137.75,0.8707213578500708,0.9237452815851317,0.47047041308070847,91.4
-18.75,138.0,0.907920792079208,0.9259785732922127,0.4374947898892501,65.1
-18.75,138.25,0.9451202263083451,0.9242146819864137,0.4347445057747246,38.8
-18.75,138.5,0.9823196605374823,0.9217765917678308,0.4042224637743362,12.5
-18.75,138.75,0.9922206506364922,0.9134463238552506,0.3640501869908566,5.5
-18.75,139.0,0.9592644978783592,0.9019826022240929,0.3107598179729095,28.8
-18.75,139.25,0.9281471004243281,0.8937972248512851,0.3155147526885799,50.8
-18.75,139.5,0.8940594059405941,0.8913340866265989,0.35909591381262457,74.9
-18.75,139.75,0.8611032531824611,0.8916216886868282,0.41014075954807294,98.2
-18.75,140.0,0.8339462517680339,0.8920557898845373,0.47013873566956227,117.4
-18.75,140.25,0.806930693069307,0.8966229404306889,0.4943016582958319,136.5
-18.75,140.5,0.82998585572843,0.8976690311473859,0.4948232616806867,120.2
-18.75,140.75,0.8473833097595473,0.8966185187251239,0.4646216955850182,107.9
-18.75,141.0,0.8609618104667609,0.8964385721582717,0.4301255363946114,98.3
-18.75,141.25,0.8741159830268741,0.8936838706679499,0.4005142010425936,89.0
-18.75,141.5,0.8794908062234795,0.8924244209471014,0.4055155850169178,85.2
-18.75,141.75,0.8886845827439886,0.9012962006500648,0.3719445896709455,78.7
-18.75,142.0,0.907920792079208,0.9196451546424448,0.3470952000494117,65.1
-18.75,142.25,0.917963224893918,0.9452326724278001,0.3531921719386043,58.0
-18.75,142.5,0.921074964639321,0.9811832122208451,0.37351937641900324,55.8
-18.75,142.75,0.9183875530410184,0.9901602442944003,0.39569829467395834,57.7
-18.75,143.0,0.9178217821782179,0.9793611710613783,0.3763166907432436,58.1
-18.75,143.25,0.925884016973126,0.9734648610783612,0.3733535618893432,52.4
-18.75,143.5,0.9530410183875531,0.9786392171897252,0.4256014655322507,33.2
-18.75,143.75,0.979066478076379,0.996730708881961,0.4516085751654492,14.8
-18.75,144.0,0.9975954738330975,0.9890848426804417,0.3263015293834161,1.7
-18.75,144.25,0.9748231966053749,0.9945647616427369,0.27863868437310974,17.8
-18.75,144.5,0.9731258840169731,0.9818655940046652,0.2879408665932142,19.0
-18.75,144.75,0.961951909476662,0.936958075089581,0.24546220769519891,26.9
-18.75,145.0,0.9656294200848656,0.9111290903469291,0.1986894714552592,24.3
-18.75,145.25,0.9724186704384724,0.8988491038438534,0.1796395932875171,19.5
-18.75,145.5,0.9783592644978784,0.9017042865307431,0.18165787910367873,15.3
-18.75,145.75,0.9964639321074965,0.9423410959597991,0.08672646599199603,2.5
-18.75,146.0,0.9933521923620934,0.9792293115917163,0.01650060065378567,4.7
-18.75,146.25,0.9893917963224894,0.9992816205530254,0.05387851257442914,7.5
-19.0,121.75,0.6649222065063649,0.9636848072259776,0.46801462382290415,236.9
-19.0,122.0,0.6360678925035361,0.9684160260966536,0.46546669210144637,257.3
-19.0,122.25,0.606930693069307,0.9774357359189345,0.4862805899481111,277.9
-19.0,122.5,0.5765205091937766,0.9838859422221579,0.4959604966352753,299.4
-19.0,122.75,0.5452616690240453,0.9884267492347819,0.4810773048644313,321.5
-19.0,123.0,0.5131541725601132,0.993931264563125,0.48085240440303195,344.2
-19.0,123.25,0.48033946251768034,0.9978370622394185,0.49687292783211734,367.4
-19.0,123.5,0.4471004243281471,0.9912144826867414,0.4811363907961705,390.9
-19.0,123.75,0.41329561527581327,0.9870705806098673,0.4554596369575327,414.8
-19.0,124.0,0.3792079207920792,0.9848413926516718,0.4663049515967434,438.9
-19.0,124.25,0.34483734087694484,0.9844695751907672,0.4804958902704427,463.2
-19.0,124.5,0.3142857142857143,0.9843901357846581,0.49391094330477264,484.8
-19.0,124.75,0.345968882602546,0.9905934019054078,0.4998425841825684,462.4
-19.0,125.0,0.3769448373408769,0.9985364927894272,0.4973529808809045,440.5
-19.0,125.25,0.4073550212164073,0.9933706275828841,0.49157337426227316,419.0
-19.0,125.5,0.43677510608203685,0.9988800200291313,0.4995863195031755,398.2
-19.0,125.75,0.46520509193776516,0.9976475305401878,0.49288241937298305,378.1
-19.0,126.0,0.49250353606789243,0.9957753043604204,0.4732893406713053,358.8
-19.0,126.25,0.5185289957567185,0.9830433325808616,0.45882806693675976,340.4
-19.0,126.5,0.5428571428571429,0.9755341941779245,0.4540171408062333,323.2
-19.0,126.75,0.5653465346534654,0.9719226150771021,0.4575775275358735,307.3
-19.0,127.0,0.5857142857142857,0.9671324687329963,0.46884229426824137,292.9
-19.0,127.25,0.6036775106082037,0.9587042383729507,0.4751425372352015,280.2
-19.0,127.5,0.6185289957567186,0.9550179399488388,0.4752384350240309,269.7
-19.0,127.75,0.6304101838755304,0.966702443748084,0.4522811490692896,261.3
-19.0,128.0,0.6386138613861386,0.9806238478516373,0.4248435506549898,255.5
-19.0,128.25,0.6432814710042434,0.9843951081528873,0.43446456481771994,252.2
-19.0,128.5,0.643988684582744,0.9800060752173135,0.46311727686150334,251.7
-19.0,128.75,0.6408769448373408,0.9758360467623622,0.4959026517337445,253.9
-19.0,129.0,0.6339462517680339,0.9737088443407192,0.5123574067975595,258.8
-19.0,129.25,0.6233380480905233,0.9691463530941288,0.5068767595209444,266.3
-19.0,129.5,0.6094766619519094,0.9601155962661992,0.5024564033259983,276.1
-19.0,129.75,0.5926449787835926,0.9486763804940087,0.5103753526165724,288.0
-19.0,130.0,0.5732673267326733,0.9469601952103118,0.5124552870112672,301.7
-19.0,130.25,0.5516265912305516,0.9500392314565198,0.483568874473698,317.0
-19.0,130.5,0.5280056577086281,0.9524334594800082,0.4590755477010413,333.7
-19.0,130.75,0.538896746817539,0.940141155699789,0.46122098270309786,326.0
-19.0,131.0,0.5755304101838755,0.9216980854263831,0.4713895329468554,300.1
-19.0,131.25,0.612022630834512,0.9068662338556801,0.4851726400829851,274.3
-19.0,131.5,0.6485148514851485,0.8896845845622782,0.49549465902342055,248.5
-19.0,131.75,0.6847241867043847,0.8756747307896771,0.5024906525362945,222.9
-19.0,132.0,0.7207920792079208,0.8619922998843913,0.505750242554519,197.4
-19.0,132.25,0.7564356435643564,0.8554961958770562,0.5165851454337996,172.2
-19.0,132.5,0.7917963224893918,0.849141233100694,0.5255046713005617,147.2
-19.0,132.75,0.8261669024045262,0.8527371456771893,0.5148597910986421,122.9
-19.0,133.0,0.8594059405940594,0.856635438067919,0.5209737828306925,99.4
-19.0,133.25,0.8900990099009901,0.8545470524983239,0.5485042328687649,77.7
-19.0,133.5,0.9154172560113154,0.854854877523801,0.5777953179579188,59.8
-19.0,133.75,0.9297029702970296,0.8477664124590475,0.585933397725287,49.7
-19.0,134.0,0.9308345120226308,0.8419461758190131,0.5658501282085744,48.9
-19.0,134.25,0.930975954738331,0.8389671056786201,0.5183012645701338,48.8
-19.0,134.5,0.9188118811881189,0.8437631355622448,0.4890333722403287,57.4
-19.0,134.75,0.8942008486562942,0.8512797559162378,0.4811617432704274,74.8
-19.0,135.0,0.8639321074964639,0.8612536556001587,0.48324307986808496,96.2
-19.0,135.25,0.8308345120226308,0.8688164365964558,0.47378659085298,119.6
-19.0,135.5,0.7964639321074964,0.8757128408846074,0.4648914665412243,143.9
-19.0,135.75,0.7612446958981612,0.8828016696500105,0.47094343899740665,168.8
-19.0,136.0,0.7256011315417257,0.8848129198574375,0.47538953448122007,194.0
-19.0,136.25,0.6895332390381895,0.8886999896728981,0.47953212555134495,219.5
-19.0,136.5,0.6821782178217821,0.8927832574477487,0.4836803415505962,224.7
-19.0,136.75,0.7190947666195191,0.9012765227463093,0.48571711388168004,198.6
-19.0,137.0,0.7557284299858558,0.9105129943084126,0.4708742797685215,172.7
-19.0,137.25,0.7923620933521923,0.9170523325048101,0.4594773836121497,146.8
-19.0,137.5,0.8285714285714285,0.9186662273127469,0.4511949252914481,121.2
-19.0,137.75,0.8643564356435643,0.9189780285325103,0.43578415062656345,95.9
-19.0,138.0,0.899009900990099,0.918611921317048,0.43205977061938733,71.4
-19.0,138.25,0.9312588401697313,0.9160704696091102,0.43691627640483965,48.6
-19.0,138.5,0.9626591230551627,0.9090015275945649,0.4332144928178213,26.4
-19.0,138.75,0.9905233380480906,0.9020369563715759,0.3874995333645829,6.7
-19.0,139.0,0.9741159830268741,0.8936244186657211,0.34884295739742177,18.3
-19.0,139.25,0.942008486562942,0.8924925532111319,0.3530454402630576,41.0
-19.0,139.5,0.914992927864215,0.8954178619137949,0.37150141294835026,60.1
-19.0,139.75,0.8876944837340877,0.8978522093868653,0.3841281216894008,79.4
-19.0,140.0,0.8575671852899576,0.8987797274495642,0.44992809132509853,100.7
-19.0,140.25,0.830975954738331,0.8966557115030682,0.5071047061474006,119.5
-19.0,140.5,0.8012729844413012,0.8953515392992273,0.5042940144845502,140.5
-19.0,140.75,0.810891089108911,0.8961246955658354,0.47954427797702187,133.7
-19.0,141.0,0.8246110325318246,0.8945432270643875,0.45386950656326236,124.0
-19.0,141.25,0.8360678925035361,0.8941082788899541,0.42378730500945455,115.9
-19.0,141.5,0.8403111739745404,0.8929549849793179,0.39676873963915044,112.9
-19.0,141.75,0.8562942008486563,0.8920379226396791,0.39632796439059476,101.6
-19.0,142.0,0.8707213578500708,0.8987845853772003,0.37832222779453734,91.4
-19.0,142.25,0.8796322489391797,0.9196794341840946,0.36962326684208296,85.1
-19.0,142.5,0.8818953323903819,0.9619638543197401,0.37743634175033436,83.5
-19.0,142.75,0.8794908062234795,0.9937457177728156,0.398759061982435,85.2
-19.0,143.0,0.8804809052333805,0.9658517641339532,0.41348203191819455,84.5
-19.0,143.25,0.899009900990099,0.9590698711507916,0.4125391229535077,71.4
-19.0,143.5,0.9251768033946252,0.9618289656442959,0.439033296650307,52.9
-19.0,143.75,0.9496463932107496,0.9700525243002276,0.46121646986597653,35.6
-19.0,144.0,0.9779349363507779,0.9843773662451454,0.36467466694480355,15.6
-19.0,144.25,0.9885431400282886,0.9865476114981154,0.27400159917540917,8.1
-19.0,144.5,0.987977369165488,0.9756367317463854,0.2583091267704976,8.5
-19.0,144.75,0.9946251768033946,0.9465997527699268,0.2175227495584503,3.8
-19.0,145.0,0.9958981612446959,0.922599895800181,0.17298778419152577,2.9
-19.0,145.25,0.9893917963224894,0.9073014316595545,0.1575696761663188,7.5
-19.0,145.5,0.9827439886845828,0.896619659769412,0.16912848647169568,12.2
-19.0,145.75,0.9776520509193777,0.9095437246634058,0.16777900311692312,15.8
-19.0,146.0,0.9961810466760962,0.9581522826608562,0.07747063705603832,2.7
-19.0,146.25,0.9909476661951909,0.9915533700441315,0.044125918586787265,6.4
-19.25,121.5,0.7185289957567185,0.959524628120397,0.4984818993213695,199.0
-19.25,121.75,0.6896746817538897,0.9638227762961363,0.4501065740332493,219.4
-19.25,122.0,0.65997171145686,0.9792573491323128,0.4347593014335726,240.4
-19.25,122.25,0.6289957567185289,0.9948493703303353,0.4524129883823358,262.3
-19.25,122.5,0.5970297029702971,0.997016813110661,0.4654909969528001,284.9
-19.25,122.75,0.5642149929278641,0.99818135942296,0.45432723718557416,308.1
-19.25,123.0,0.5309759547383309,0.9944392694888486,0.4385970020043218,331.6
-19.25,123.25,0.497029702970297,0.9863614527967625,0.4393473578794044,355.6
-19.25,123.5,0.4628005657708628,0.9921256147597144,0.44180443651924345,379.8
-19.25,123.75,0.4282885431400283,0.999614975965359,0.4396419172052272,404.2
-19.25,124.0,0.3933521923620934,0.9968765832681273,0.4385832700856524,428.9
-19.25,124.25,0.35827439886845824,0.9951139671551129,0.4396230438756946,453.7
-19.25,124.5,0.32305516265912304,0.9961356425586072,0.45376608200680546,478.6
-19.25,124.75,0.3241867043847242,0.9988539430106768,0.468209916849332,477.8
-19.25,125.0,0.3540311173974541,0.9933081953577655,0.47879073088140334,456.7
-19.25,125.25,0.3831683168316832,0.9923799517817697,0.4971008422240227,436.1
-19.25,125.5,0.41145685997171144,0.997386634287743,0.5245049972917981,416.1
-19.25,125.75,0.4384724186704385,0.9970943407743422,0.5323602672271344,397.0
-19.25,126.0,0.4644978783592645,0.999442105714647,0.5098314268052422,378.6
-19.25,126.25,0.48896746817538894,0.9861061663116931,0.4974050074460039,361.3
-19.25,126.5,0.5118811881188119,0.9739677698208233,0.5024257643853992,345.1
-19.25,126.75,0.5328147100424327,0.9665706656918033,0.51915269187946,330.3
-19.25,127.0,0.5516265912305516,0.9573665306419445,0.5318714302632359,317.0
-19.25,127.25,0.5680339462517681,0.9462951434314615,0.5138728013856446,305.4
-19.25,127.5,0.5817538896746818,0.9437527615376236,0.4694038201443449,295.7
-19.25,127.75,0.5925035360678925,0.9556113876021904,0.4334504336128925,288.1
-19.25,128.0,0.5998585572842998,0.9664253950382854,0.43133202728173786,282.9
-19.25,128.25,0.6041018387553041,0.9723297388347086,0.4609236189713496,279.9
-19.25,128.5,0.6048090523338048,0.9758330439528081,0.4950203437246877,279.4
-19.25,128.75,0.6019801980198021,0.9706681476046215,0.5158209770536706,281.4
-19.25,129.0,0.5957567185289958,0.9668783501431029,0.5227093716357504,285.8
-19.25,129.25,0.5861386138613861,0.9647042086812386,0.5136801354751125,292.6
-19.25,129.5,0.5734087694483734,0.9563783815693613,0.5073007566857738,301.6
-19.25,129.75,0.557991513437058,0.9478894408041982,0.510974576799915,312.5
-19.25,130.0,0.54002828854314,0.9438783829692683,0.5035785686280566,325.2
-19.25,130.25,0.51994342291372,0.9514607324309475,0.46650625636690796,339.4
-19.25,130.5,0.5066478076379066,0.9460314201356624,0.4552126558287896,348.8
-19.25,130.75,0.5437057991513436,0.9275887644454558,0.4762212342454156,322.6
-19.25,131.0,0.5806223479490806,0.9117751373882566,0.49108598785316376,296.5
-19.25,131.25,0.6175388967468176,0.8989004770514947,0.5011222958519893,270.4
-19.25,131.5,0.6544554455445544,0.8861771647849479,0.5055536923806073,244.3
-19.25,131.75,0.6913719943422914,0.8703629159501165,0.5127819197152028,218.2
-19.25,132.0,0.7281471004243282,0.8593548884757715,0.5291781207173679,192.2
-19.25,132.25,0.764922206506365,0.8513264642038391,0.5457951445102476,166.2
-19.25,132.5,0.8015558698727016,0.8461921781186865,0.5389655457489492,140.3
-19.25,132.75,0.8380480905233381,0.8489401893226635,0.5139688603472283,114.5
-19.25,133.0,0.8742574257425743,0.8464463798948423,0.5209656274893232,88.9
-19.25,133.25,0.9097595473833098,0.8462595329704163,0.5600244906513049,63.8
-19.25,133.5,0.9432814710042433,0.8494335340599519,0.5903262256137927,40.1
-19.25,133.75,0.9677510608203678,0.8443447968037002,0.6047549263346871,22.8
-19.25,134.0,0.9698727015558699,0.8348275901946225,0.5946076508945018,21.3
-19.25,134.25,0.9698727015558699,0.8296810507003333,0.5657040573413205,21.3
-19.25,134.5,0.9476661951909476,0.8295564552549143,0.5402037070823025,37.0
-19.25,134.75,0.9144271570014144,0.8348716889388248,0.5333072377452304,60.5
-19.25,135.0,0.879066478076379,0.8458477068446419,0.5250983064350565,85.5
-19.25,135.25,0.8428571428571429,0.850043667432468,0.5071608748522863,111.1
-19.25,135.5,0.8063649222065064,0.8568291822911467,0.49820055616140213,136.9
-19.25,135.75,0.76987270155587,0.8633842560336225,0.5027259164057976,162.7
-19.25,136.0,0.7332390381895333,0.8696955748814335,0.5051623165812553,188.6
-19.25,136.25,0.6967468175388967,0.8751051662040141,0.49984322887358573,214.4
-19.25,136.5,0.6751060820367751,0.8794190935147325,0.4905604518531032,229.7
-19.25,136.75,0.7108910891089109,0.8825475347843457,0.4829415578792748,204.4
-19.25,137.0,0.7463932107496464,0.887552187359446,0.4721728002983733,179.3
-19.25,137.25,0.7811881188118812,0.8916852167624055,0.46046824147125115,154.7
-19.25,137.5,0.8152758132956153,0.8904542750860852,0.455581257917954,130.6
-19.25,137.75,0.8478076379066478,0.889471189945425,0.4481029710550076,107.6
-19.25,138.0,0.8786421499292787,0.8922504935994056,0.4471383682375873,85.8
-19.25,138.25,0.9096181046676096,0.8925269265440682,0.4523772563826997,63.9
-19.25,138.5,0.9421499292786422,0.887978489615466,0.45243004045974444,40.9
-19.25,138.75,0.9756718528995757,0.8817501140338256,0.44820815239448664,17.2
-19.25,139.0,0.9956152758132956,0.8808309899944369,0.44367507197515865,3.1
-19.25,139.25,0.9688826025459689,0.8923582180145592,0.4236388810199873,22.0
-19.25,139.5,0.9411598302687412,0.8985396789909078,0.4040362770085283,41.6
-19.25,139.75,0.9111739745403111,0.895208225722661,0.3833054959512743,62.8
-19.25,140.0,0.8845827439886846,0.8937084641338233,0.41423282295971386,81.6
-19.25,140.25,0.8533239038189533,0.8901964611555325,0.4947282503420061,103.7
-19.25,140.5,0.8345120226308345,0.889270184705896,0.5273134647706385,117.0
-19.25,140.75,0.8199434229137199,0.8926685025755643,0.5108803390904552,127.3
-19.25,141.0,0.8103253182461103,0.896338935930258,0.48158577266980773,134.1
-19.25,141.25,0.799009900990099,0.8965712940083465,0.44912607958225154,142.1
-19.25,141.5,0.8033946251768034,0.8946069538071013,0.421184913014307,139.0
-19.25,141.75,0.8210749646393211,0.8910973864996287,0.44857187094919476,126.5
-19.25,142.0,0.8328147100424328,0.8919495218940409,0.4385367717460268,118.2
-19.25,142.25,0.8408769448373409,0.906760187188042,0.4147768938265229,112.5
-19.25,142.5,0.8425742574257425,0.9434487293003241,0.40266358477713143,111.3
-19.25,142.75,0.8405940594059406,0.9956491668931792,0.41138959051776325,112.7
-19.25,143.0,0.8451202263083452,0.9646605286669323,0.4354866257220607,109.5
-19.25,143.25,0.8711456859971711,0.9516869730730345,0.4522883051395821,91.1
-19.25,143.5,0.8963224893917964,0.9523656526051745,0.4587873385817392,73.3
-19.25,143.75,0.9241867043847242,0.9554016636484317,0.4613806404335423,53.6
-19.25,144.0,0.944978783592645,0.9736461995548373,0.39902905858049714,38.9
-19.25,144.25,0.9493635077793494,0.9913379791187429,0.2912058558987089,35.8
-19.25,144.5,0.9534653465346534,0.9845586322065889,0.22604730547343865,32.9
-19.25,144.75,0.9693069306930693,0.9564168011102168,0.18860271638432677,21.7
-19.25,145.0,0.9806223479490807,0.9319381480863813,0.16086352506520477,13.7
-19.25,145.25,0.9915134370579916,0.9264996661690684,0.13882841158857762,6.0
-19.25,145.5,0.9926449787835926,0.9239383723154884,0.13608146375006688,5.2
-19.25,145.75,0.9861386138613861,0.9164667843643091,0.15789273083510816,9.8
-19.25,146.0,0.9876944837340877,0.9100429836947418,0.1588706868152251,8.7
-19.25,146.25,0.9953323903818954,0.9179334583331394,0.07401265949450274,3.3
-19.25,146.5,0.9997171145685997,0.9631132826490415,0.04719033806987716,0.2
-19.25,146.75,0.9966053748231966,0.994017237828556,0.11605188087782328,2.4
-19.5,121.25,0.7721357850070721,0.9535192450914699,0.49599751801694614,161.1
-19.5,121.5,0.742998585572843,0.9517498680626229,0.47569213632748425,181.7
-19.5,121.75,0.7125884016973125,0.966548708386147,0.464674479662063,203.2
-19.5,122.0,0.6807637906647808,0.9840135147505353,0.4441753844391657,225.7
-19.5,122.25,0.6480905233380481,0.9927787240525052,0.4397170881778492,248.8
-19.5,122.5,0.6145685997171146,0.9947368330507903,0.4366179456365653,272.5
-19.5,122.75,0.5804809052333805,0.9978257909518341,0.43526301464269623,296.6
-19.5,123.0,0.5461103253182462,0.9966944975035618,0.4294961084371064,320.9
-19.5,123.25,0.5111739745403112,0.9945090717353774,0.4271586683328104,345.6
-19.5,123.5,0.47609618104667617,0.9957589406709151,0.42669379775748156,370.4
-19.5,123.75,0.4407355021216408,0.9989441281536404,0.43461010381488463,395.4
-19.5,124.0,0.4052333804809052,0.994846338582644,0.44727531672694576,420.5
-19.5,124.25,0.3695898161244696,0.9926245095618837,0.4453842445657809,445.7
-19.5,124.5,0.3338048090523338,0.9960966086660376,0.43446941611762546,471.0
-19.5,124.75,0.3008486562942009,0.9949733797797413,0.42852779864633644,494.3
-19.5,125.0,0.3297029702970298,0.9900611768726754,0.4358775018858743,473.9
-19.5,125.25,0.35756718528995757,0.9856006007412427,0.4512109619805044,454.2
-19.5,125.5,0.38458274398868453,0.9832386507201782,0.48036795133805144,435.1
-19.5,125.75,0.41046676096181045,0.9822182864482807,0.5224541545792607,416.8
-19.5,126.0,0.43507779349363507,0.9829236488361843,0.535208076975308,399.4
-19.5,126.25,0.4582743988684582,0.9813375064251578,0.5135162550185045,383.0
-19.5,126.5,0.4797736916548797,0.973718307937752,0.47677914985182207,367.8
-19.5,126.75,0.4992927864214993,0.9621979838091349,0.47964494647937955,354.0
-19.5,127.0,0.5168316831683168,0.9493131182967524,0.49008578197431085,341.6
-19.5,127.25,0.531966053748232,0.9409225109011803,0.4777559534467456,330.9
-19.5,127.5,0.5445544554455446,0.9439577738475654,0.4497650167322623,322.0
-19.5,127.75,0.5543140028288542,0.9538843813665215,0.4330378313617946,315.1
-19.5,128.0,0.5611032531824611,0.9625763639065845,0.43923937213399983,310.3
-19.5,128.25,0.5649222065063648,0.9699766536552108,0.45556339997677364,307.6
-19.5,128.5,0.5654879773691655,0.9712200205175743,0.47642176538635933,307.2
-19.5,128.75,0.562942008486563,0.966036584875428,0.4819583234914534,309.0
-19.5,129.0,0.5572842998585572,0.9621168919226721,0.4804826741045872,313.0
-19.5,129.25,0.5485148514851486,0.9595768143182181,0.4826107185664511,319.2
-19.5,129.5,0.536916548797737,0.9534170544605112,0.489522499315185,327.4
-19.5,129.75,0.5226308345120226,0.9494231556476838,0.49516419040793175,337.5
-19.5,130.0,0.505940594059406,0.9413845636243092,0.47249890113221954,349.3
-19.5,130.25,0.4872701555869873,0.9415108037253889,0.43307059778275087,362.5
-19.5,130.5,0.508062234794908,0.9347357597465848,0.4481327557800087,347.8
-19.5,130.75,0.5451202263083451,0.9220087429935335,0.482002662116171,321.6
-19.5,131.0,0.582036775106082,0.913248892862917,0.48369855407183604,295.5
-19.5,131.25,0.619094766619519,0.8975207584137629,0.48883298615486387,269.3
-19.5,131.5,0.656011315417256,0.8816255037794669,0.5039847239689812,243.2
-19.5,131.75,0.693069306930693,0.8650164008395193,0.5219709103099377,217.0
-19.5,132.0,0.72998585572843,0.8573312750413842,0.5448974122686009,190.9
-19.5,132.25,0.7669024045261669,0.8489939148043806,0.5523461078138514,164.8
-19.5,132.5,0.803960396039604,0.8462130706887141,0.5289952863448502,138.6
-19.5,132.75,0.8408769448373409,0.8442891538416903,0.5195010506706799,112.5
-19.5,133.0,0.8777934936350777,0.8337874509726131,0.5400760743781444,86.4
-19.5,133.25,0.9147100424328147,0.8326115842478785,0.5584349082443993,60.3
-19.5,133.5,0.9513437057991514,0.8374198552785936,0.5751850446150844,34.4
-19.5,133.75,0.985997171145686,0.8434907993845376,0.5967869321749688,9.9
-19.5,134.0,0.9917963224893918,0.8376256694655341,0.6032515874686262,5.8
-19.5,134.25,0.9953323903818954,0.832776032973856,0.5994601273610958,3.3
-19.5,134.5,0.9588401697312589,0.8286932332893666,0.5798479658053047,29.1
-19.5,134.75,0.9222065063649222,0.8291717903268678,0.5530625851759727,55.0
-19.5,135.0,0.8852899575671853,0.8338384924074299,0.5253750884060763,81.1
-19.5,135.25,0.8483734087694483,0.8348457784217943,0.5397002195150349,107.2
-19.5,135.5,0.8114568599717115,0.8366577134141377,0.5615212697862644,133.3
-19.5,135.75,0.7745403111739746,0.8377357406808764,0.5632560527275505,159.4
-19.5,136.0,0.7376237623762376,0.8454486183844738,0.5593632471920942,185.5
-19.5,136.25,0.7005657708628006,0.8512448358966613,0.5402949147439807,211.7
-19.5,136.5,0.6636492220650636,0.8583716633503902,0.5108448327326751,237.8
-19.5,136.75,0.6978783592644979,0.8613700376968558,0.49219944982648794,213.6
-19.5,137.0,0.7314002828854314,0.8636050361451932,0.4893474979385279,189.9
-19.5,137.25,0.764073550212164,0.8643188910212226,0.4814420226902162,166.8
-19.5,137.5,0.7951909476661951,0.8633897751181895,0.47491762065652676,144.8
-19.5,137.75,0.8265912305516265,0.8633050474721042,0.46637269250539054,122.6
-19.5,138.0,0.8586987270155587,0.8653320921900894,0.4582535666539322,99.9
-19.5,138.25,0.8919377652050919,0.8650829920317666,0.4595806147613013,76.4
-19.5,138.5,0.9222065063649222,0.8654385787563907,0.4625903708930309,55.0
-19.5,138.75,0.9504950495049505,0.86696430102238,0.4773910583309308,35.0
-19.5,139.0,0.977086280056577,0.8764893402887193,0.4703021487251826,16.2
-19.5,139.25,0.9920792079207921,0.8968885025806634,0.4333165957576926,5.6
-19.5,139.5,0.964922206506365,0.9034617443631059,0.45024914745173417,24.8
-19.5,139.75,0.937057991513437,0.8993643915439614,0.47073368877491495,44.5
-19.5,140.0,0.9031117397454032,0.8965368301310498,0.4860189582159989,68.5
-19.5,140.25,0.8807637906647807,0.8922628225836805,0.5325144450839313,84.3
-19.5,140.5,0.8714285714285714,0.8896600965338832,0.5413135104341033,90.9
-19.5,140.75,0.8541725601131542,0.8896777074431694,0.5171246067598347,103.1
-19.5,141.0,0.8485148514851485,0.8900320028628899,0.4861802115567112,107.1
-19.5,141.25,0.8346534653465346,0.8927751740251259,0.45744467283447504,116.9
-19.5,141.5,0.8142857142857143,0.8960015551209983,0.42539995123750546,131.3
-19.5,141.75,0.8181046676096181,0.8963175937494335,0.4393687132693538,128.6
-19.5,142.0,0.8185289957567186,0.8971670360498112,0.47476885820427545,128.3
-19.5,142.25,0.8181046676096181,0.9067694163554414,0.47795255197248354,128.6
-19.5,142.5,0.814992927864215,0.9318291158132355,0.4386809085402287,130.8
-19.5,142.75,0.80990099009901,0.9711935462575726,0.41718081769198223,134.4
-19.5,143.0,0.8172560113154173,0.9869500104521327,0.4291217847151631,129.2
-19.5,143.25,0.8424328147100424,0.961628686814886,0.4600051921480463,111.4
-19.5,143.5,0.8702970297029703,0.9621096663344285,0.4699321927848818,91.7
-19.5,143.75,0.8933521923620933,0.9630212417351074,0.45024808371155556,75.4
-19.5,144.0,0.9070721357850071,0.9635924120704671,0.3841066857130742,65.7
-19.5,144.25,0.9100424328147101,0.9764734963703763,0.27866995188745075,63.6
-19.5,144.5,0.9186704384724187,0.9783126251395113,0.1933878065223332,57.5
-19.5,144.75,0.9329561527581329,0.9610029264607828,0.16878950793477807,47.4
-19.5,145.0,0.9454031117397454,0.9470819319229739,0.180751556354226,38.6
-19.5,145.25,0.9575671852899575,0.9398496760606124,0.17009747318803392,30.0
-19.5,145.5,0.9685997171145686,0.9361240653079469,0.14471959810503518,22.2
-19.5,145.75,0.9746817538896747,0.9246632925096377,0.13627106737826675,17.9
-19.5,146.0,0.9731258840169731,0.894812359120063,0.1821939719191482,19.0
-19.5,146.25,0.9714285714285714,0.8830671563953792,0.18286569160739075,20.2
-19.5,146.5,0.9766619519094767,0.9222735742833286,0.0974863590714091,16.5
-19.5,146.75,1.0,0.9544287094059571,0.04912644189860331,0.0
-19.5,147.0,0.9961810466760962,0.9831421557995992,0.07616958611394345,2.7
-19.5,147.25,0.9847241867043848,0.9938098795522018,0.18511010279788456,10.8
-19.5,147.5,0.9874115983026874,0.9736460846537575,0.40138701597642007,8.9
-19.75,120.75,0.8537482319660538,0.939580536001664,0.549295574975275,103.4
-19.75,121.0,0.8251768033946252,0.9361984242751001,0.5143082740505828,123.6
-19.75,121.25,0.7958981612446959,0.9341317724422461,0.464078511168358,144.3
-19.75,121.5,0.7644978783592645,0.9436482088159874,0.45443581927016974,166.5
-19.75,121.75,0.7316831683168317,0.9620809093916196,0.45965254616156104,189.7
-19.75,122.0,0.698019801980198,0.9759566892398843,0.44925961120921815,213.5
-19.75,122.25,0.6636492220650636,0.9803180176206147,0.43957058214415856,237.8
-19.75,122.5,0.6288543140028289,0.9838049741670852,0.43822930248258163,262.4
-19.75,122.75,0.5936350777934936,0.9881771202648318,0.4353744978368698,287.3
-19.75,123.0,0.5581329561527582,0.9880176648706361,0.4381343072611765,312.4
-19.75,123.25,0.5224893917963225,0.988070751655293,0.4447239842603717,337.6
-19.75,123.5,0.48670438472418676,0.9851980744530754,0.4587472710350115,362.9
-19.75,123.75,0.45077793493635077,0.982065334540944,0.4671170688712873,388.3
-19.75,124.0,0.41471004243281473,0.9813841020714971,0.4773071679122994,413.8
-19.75,124.25,0.3786421499292786,0.9821487501374075,0.4768895693058171,439.3
-19.75,124.5,0.3424328147100425,0.9828839243193275,0.44629332336933275,464.9
-19.75,124.75,0.3062234794908062,0.9874632304544394,0.425949131280627,490.5
-19.75,125.0,0.30381895332390385,0.9926733489154205,0.413289543297692,492.2
-19.75,125.25,0.33069306930693065,0.9996333992113398,0.4236344165346922,473.2
-19.75,125.5,0.3565770862800566,0.989306269566089,0.456149827043422,454.9
-19.75,125.75,0.3811881188118812,0.982686892689209,0.4969315785974199,437.5
-19.75,126.0,0.4045261669024045,0.9800388083134077,0.5186931883568505,421.0
-19.75,126.25,0.42644978783592646,0.9781236171625438,0.5098816643527685,405.5
-19.75,126.5,0.44667609618104664,0.971766391710078,0.47316994389489386,391.2
-19.75,126.75,0.46492220650636495,0.9658659312411995,0.4476646133977669,378.3
-19.75,127.0,0.48132956152758133,0.9550367829290947,0.4406037317339976,366.7
-19.75,127.25,0.49533239038189536,0.9494400088136777,0.4187344908092219,356.8
-19.75,127.5,0.5069306930693069,0.9499321257445004,0.40226553642575,348.6
-19.75,127.75,0.515983026874116,0.9531963500538209,0.4276222334088291,342.2
-19.75,128.0,0.5222065063649222,0.9588783023028631,0.4446844002319069,337.8
-19.75,128.25,0.5256011315417256,0.9683943741357195,0.4481899398732468,335.4
-19.75,128.5,0.5263083451202264,0.970372820951749,0.4597718139997691,334.9
-19.75,128.75,0.5239038189533238,0.9693972149785838,0.46302257175105593,336.6
-19.75,129.0,0.5186704384724187,0.9719191835845684,0.4583056254535824,340.3
-19.75,129.25,0.5106082036775106,0.9694003137041644,0.4595490571360024,346.0
-19.75,129.5,0.5,0.9660803179374629,0.4781568384386033,353.5
-19.75,129.75,0.48670438472418676,0.9534097030110572,0.4805767506412927,362.9
-19.75,130.0,0.4711456859971712,0.9403794418993028,0.44775271042528647,373.9
-19.75,130.25,0.4695898161244696,0.9318470216505144,0.41816468065354556,375.0
-19.75,130.5,0.5063649222065063,0.9225992913585839,0.4629019178271607,349.0
-19.75,130.75,0.5431400282885431,0.915830875083184,0.5099934860097262,323.0
-19.75,131.0,0.5797736916548797,0.9080193396748841,0.5033211757393834,297.1
-19.75,131.25,0.6165487977369165,0.8995388459602592,0.4946482280694787,271.1
-19.75,131.5,0.6531824611032532,0.8766562059256849,0.5055298549302412,245.2
-19.75,131.75,0.6896746817538897,0.8600410775766542,0.5285972863452949,219.4
-19.75,132.0,0.7261669024045262,0.8451419377338975,0.5483950060931521,193.6
-19.75,132.25,0.7623762376237624,0.8392121716709013,0.5527684932511374,168.0
-19.75,132.5,0.7984441301272984,0.8331502945640992,0.5341826959122279,142.5
-19.75,132.75,0.8340876944837341,0.8304052235440498,0.5405155763619409,117.3
-19.75,133.0,0.8690240452616691,0.8202125338608303,0.5608142693820979,92.6
-19.75,133.25,0.9024045261669024,0.8140614155066762,0.5669277131267836,69.0
-19.75,133.5,0.9321074964639321,0.8201691524395947,0.568955395314523,48.0
-19.75,133.75,0.9506364922206506,0.8256107739782546,0.5870995793065542,34.9
-19.75,134.0,0.9724186704384724,0.8337920758668896,0.6226613321622477,19.5
-19.75,134.25,0.9915134370579916,0.8278380843386987,0.6287014906555373,6.0
-19.75,134.5,0.9547383309759547,0.8243181888564469,0.6207655537566562,32.0
-19.75,134.75,0.9181046676096181,0.8216960194635332,0.5837125338742015,57.9
-19.75,135.0,0.8817538896746817,0.8225068598133224,0.5460476216299136,83.6
-19.75,135.25,0.8456859971711457,0.8181641555738728,0.5833473808819799,109.1
-19.75,135.5,0.8093352192362093,0.8164013975371648,0.6070062357190664,134.8
-19.75,135.75,0.7728429985855728,0.819804153322877,0.606043857085656,160.6
-19.75,136.0,0.7362093352192363,0.8235617958608853,0.5963386946278874,186.5
-19.75,136.25,0.6994342291371994,0.8333652771086422,0.5868739858023113,212.5
-19.75,136.5,0.6626591230551626,0.8375509993146959,0.5594196093042851,238.5
-19.75,136.75,0.6803394625176804,0.8426680234873715,0.5231373981194382,226.0
-19.75,137.0,0.712022630834512,0.8462835015347339,0.49699801400675686,203.6
-19.75,137.25,0.7432814710042432,0.8480222774170455,0.4866606836546596,181.5
-19.75,137.5,0.7751060820367751,0.8463929111073139,0.4814187654617656,159.0
-19.75,137.75,0.8083451202263083,0.8460863846860056,0.4655530162286683,135.5
-19.75,138.0,0.8397454031117397,0.8448262293359825,0.47493538189405454,113.3
-19.75,138.25,0.8687411598302688,0.8464205177823405,0.4840261054604713,92.8
-19.75,138.5,0.8966053748231966,0.8498165315937455,0.5204270848479878,73.1
-19.75,138.75,0.9244695898161245,0.8565608359188666,0.5240044753032103,53.4
-19.75,139.0,0.9561527581329562,0.8676538739762416,0.48303919633385106,31.0
-19.75,139.25,0.982036775106082,0.8902259659888057,0.4383649615899055,12.7
-19.75,139.5,0.9833097595473833,0.8979280507248781,0.4855607763099749,11.8
-19.75,139.75,0.9478076379066478,0.8976299772882711,0.508634831925232,36.9
-19.75,140.0,0.9173974540311174,0.8941777967077835,0.5175403196450914,58.4
-19.75,140.25,0.9196605374823197,0.8900901788602517,0.5307160311392337,56.8
-19.75,140.5,0.9065063649222065,0.8865105804066695,0.5284108255858047,66.1
-19.75,140.75,0.8933521923620933,0.8865164016558698,0.5103527884309655,75.4
-19.75,141.0,0.8857142857142857,0.8871603329303155,0.4875664906512984,80.8
-19.75,141.25,0.8678925035360678,0.8937334875402212,0.4778852462302732,93.4
-19.75,141.5,0.8523338048090523,0.8994092928218771,0.454451372440963,104.4
-19.75,141.75,0.8574257425742574,0.9045039348605532,0.4300783127775912,100.8
-19.75,142.0,0.8578500707213579,0.9082426321596525,0.44005619565297033,100.5
-19.75,142.25,0.8572842998585573,0.9147576481694157,0.44293216228132626,100.9
-19.75,142.5,0.854031117397454,0.9316380044353385,0.41986308690417823,103.2
-19.75,142.75,0.847949080622348,0.9551712307329496,0.39252454526469266,107.5
-19.75,143.0,0.8455445544554455,0.9847525587685706,0.4012247150128046,109.2
-19.75,143.25,0.8432814710042433,0.9870526267387519,0.4158106558728284,110.8
-19.75,143.5,0.8401697312588402,0.9547936083585727,0.4512078352290703,113.0
-19.75,143.75,0.8582743988684582,0.9416202981903978,0.4426906771435059,100.2
-19.75,144.0,0.8683168316831683,0.9184542018614495,0.4117001704153671,93.1
-19.75,144.25,0.8708628005657708,0.9280507843949074,0.3369379318984576,91.3
-19.75,144.5,0.8824611032531825,0.9419926187619597,0.23722102571688258,83.1
-19.75,144.75,0.8949080622347949,0.9481899523124167,0.21158801416377135,74.3
-19.75,145.0,0.9087694483734088,0.9385792401558477,0.2100367908723975,64.5
-19.75,145.25,0.9207920792079208,0.928475318844321,0.1927509485008534,56.0
-19.75,145.5,0.9294200848656294,0.9218399581856944,0.1610903741052039,49.9
-19.75,145.75,0.9353606789250354,0.9234741261775523,0.15886178846745827,45.7
-19.75,146.0,0.9391796322489392,0.9099555187613803,0.18421083941507171,43.0
-19.75,146.25,0.9626591230551627,0.8925518190079653,0.22822260578687356,26.4
-19.75,146.5,0.9895332390381896,0.8977064486725973,0.19392839605764867,7.4
-19.75,146.75,0.9823196605374823,0.924060229626094,0.10924763459078177,12.5
-19.75,147.0,0.9936350777934936,0.9439934338497882,0.07588434257332115,4.5
-19.75,147.25,0.9992927864214993,0.9636453472781301,0.13170478537154565,0.5
-19.75,147.5,0.9966053748231966,0.994868711854855,0.24758095248913767,2.4
-20.0,119.75,0.9454031117397454,0.927679297053877,0.47994097247726686,38.6
-20.0,120.0,0.9391796322489392,0.9192893840140859,0.5111195194578885,43.0
-20.0,120.25,0.9308345120226308,0.9199815759628723,0.5396437123473651,48.9
-20.0,120.5,0.9074964639321075,0.9240439985814652,0.5474118522917079,65.4
-20.0,120.75,0.8786421499292787,0.926396166670824,0.5439659949212982,85.8
-20.0,121.0,0.848090523338048,0.9256213862537269,0.5218877612859761,107.4
-20.0,121.25,0.8151343705799151,0.9289404661053328,0.4918671438415998,130.7
-20.0,121.5,0.7810466760961811,0.9419374864204928,0.4790366643872433,154.8
-20.0,121.75,0.7461103253182462,0.9529602496258354,0.476421007874414,179.5
-20.0,122.0,0.7108910891089109,0.963076236055679,0.4733301173781521,204.4
-20.0,122.25,0.6752475247524752,0.9658950842573139,0.47003921149376027,229.6
-20.0,122.5,0.6393210749646393,0.9722497281171287,0.45890280274294487,255.0
-20.0,122.75,0.6032531824611033,0.9700454635177724,0.4610055108478273,280.5
-20.0,123.0,0.5671852899575671,0.9701581635047638,0.46108380857188325,306.0
-20.0,123.25,0.5308345120226309,0.9618460784594843,0.47472332690117575,331.7
-20.0,123.5,0.4946251768033946,0.9640295585169238,0.48759737135102904,357.3
-20.0,123.75,0.45813295615275806,0.9652546286649224,0.4913922966727777,383.1
-20.0,124.0,0.4217821782178217,0.9713675120472005,0.48825539135515306,408.8
-20.0,124.25,0.3852899575671852,0.9767890146706283,0.4853365527741439,434.6
-20.0,124.5,0.3487977369165488,0.9762899331238747,0.46457068440827115,460.4
-20.0,124.75,0.3123055162659123,0.9690726906052496,0.44850548389168415,486.2
-20.0,125.0,0.2768033946251768,0.9741601902878597,0.4322832366432729,511.3
-20.0,125.25,0.3026874115983027,0.9776816441709093,0.42602075645265347,493.0
-20.0,125.5,0.3274398868458275,0.9901744389454757,0.44997331639996496,475.5
-20.0,125.75,0.35091937765205095,0.9995944276711519,0.4679305077624166,458.9
-20.0,126.0,0.37298444130127295,0.99367329284129,0.4855923339352738,443.3
-20.0,126.25,0.39377652050919376,0.9831024529843791,0.49938968874288664,428.6
-20.0,126.5,0.41272984441301275,0.9748614007969981,0.5040801382395476,415.2
-20.0,126.75,0.42998585572842996,0.96814567433697,0.47257731167720357,403.0
-20.0,127.0,0.4452616690240453,0.9644647922279473,0.42492336340293646,392.2
-20.0,127.25,0.4582743988684582,0.960981629660257,0.39998636027214607,383.0
-20.0,127.5,0.4690240452616691,0.9545849308333065,0.41788736681243654,375.4
-20.0,127.75,0.47736916548797736,0.9540305269454319,0.45299894804799656,369.5
-20.0,128.0,0.48316831683168315,0.9519502761789163,0.4723617753528312,365.4
-20.0,128.25,0.48642149929278644,0.9584419486494816,0.4623579436640042,363.1
-20.0,128.5,0.48698727015558696,0.9612703718950525,0.4549478006415907,362.7
-20.0,128.75,0.48486562942008493,0.9661176075766985,0.46826368408017827,364.2
-20.0,129.0,0.47991513437058,0.9704675264212332,0.46915883755775556,367.7
-20.0,129.25,0.47256011315417257,0.9781871544875916,0.47256957538499555,372.9
-20.0,129.5,0.46265912305516266,0.9739821595859811,0.47898715211711157,379.9
-20.0,129.75,0.4503536067892503,0.9622001095055108,0.46310460868301256,388.6
-20.0,130.0,0.43578500707213585,0.9410408747892351,0.42900986635455285,398.9
-20.0,130.25,0.4650636492220651,0.9276980960468783,0.41930657350073447,378.2
-20.0,130.5,0.5014144271570014,0.9113301144075082,0.47023260268168704,352.5
-20.0,130.75,0.5377652050919377,0.9014826032676803,0.5209914151300168,326.8
-20.0,131.0,0.573974540311174,0.8967344057607117,0.525861185433151,301.2
-20.0,131.25,0.61004243281471,0.8812385305090656,0.5103581393664094,275.7
-20.0,131.5,0.6458274398868458,0.8699845926216387,0.5141739687943953,250.4
-20.0,131.75,0.6814710042432814,0.8420225008428543,0.5305892204161228,225.2
-20.0,132.0,0.7168316831683168,0.832004269036428,0.5406573277993787,200.2
-20.0,132.25,0.7516265912305516,0.8210894314287198,0.541787116572717,175.6
-20.0,132.5,0.7858557284299859,0.8165617078590359,0.5523942984673976,151.4
-20.0,132.75,0.8189533239038189,0.8094096944249962,0.5605791505680737,128.0
-20.0,133.0,0.8502121640735503,0.8011472859322973,0.5723240025837798,105.9
-20.0,133.25,0.8782178217821782,0.7949657083429452,0.5959569891937955,86.1
-20.0,133.5,0.9002828854314002,0.7932560487852478,0.5922378473011353,70.5
-20.0,133.75,0.9323903818953324,0.8037405880442052,0.5979847358506366,47.8
-20.0,134.0,0.9688826025459689,0.8087299991559869,0.6259045309113563,22.0
-20.0,134.25,0.9953323903818954,0.8178933538032135,0.6588301583144199,3.3
-20.0,134.5,0.9586987270155587,0.8135274446415177,0.6487950107594257,29.2
-20.0,134.75,0.921923620933522,0.8120054674129433,0.6231745223293262,55.2
-20.0,135.0,0.885007072135785,0.808447974194766,0.595636642227279,81.3
-20.0,135.25,0.8482319660537483,0.8014532973274431,0.623530198363593,107.3
-20.0,135.5,0.8113154172560113,0.7966159861813601,0.6394794350834359,133.4
-20.0,135.75,0.7745403111739746,0.7987396611840523,0.6325222197352549,159.4
-20.0,136.0,0.7377652050919378,0.8118169687029306,0.6325901862857581,185.4
-20.0,136.25,0.7008486562942009,0.820016867398971,0.6206706874734546,211.5
-20.0,136.5,0.6640735502121641,0.8301463416910393,0.6135131666261859,237.5
-20.0,136.75,0.6598302687411599,0.8332933599320969,0.5741910922390996,240.5
-20.0,137.0,0.6916548797736917,0.8394642495519079,0.5132530760279507,218.0
-20.0,137.25,0.7247524752475247,0.8419496429316902,0.48424970042256044,194.6
-20.0,137.5,0.7565770862800566,0.8369422414481154,0.4814463904718587,172.1
-20.0,137.75,0.7868458274398868,0.8320714791946637,0.4731282323860719,150.7
-20.0,138.0,0.8154172560113154,0.8312062828551642,0.4721179693273485,130.5
-20.0,138.25,0.8428571428571429,0.8336036655057291,0.5152538101311652,111.1
-20.0,138.5,0.8741159830268741,0.8407549184412793,0.5390346405087325,89.0
-20.0,138.75,0.9107496463932108,0.8477665678801469,0.5559994751054675,63.1
-20.0,139.0,0.9468175388967468,0.8609520451951539,0.5161911747531029,37.6
-20.0,139.25,0.9833097595473833,0.8738732490468664,0.5036449395682918,11.8
-20.0,139.5,0.9799151343705799,0.8808411064668014,0.5215423197216097,14.2
-20.0,139.75,0.9463932107496464,0.8816174816868035,0.5041641737136578,37.9
-20.0,140.0,0.9538896746817539,0.8813553811982959,0.5138773142227661,32.6
-20.0,140.25,0.957991513437058,0.8786985811850094,0.5247786525113837,29.7
-20.0,140.5,0.9364922206506365,0.8813159539881796,0.5242349039900832,44.9
-20.0,140.75,0.9326732673267326,0.8814501426692508,0.5041768418921486,47.6
-20.0,141.0,0.9212164073550212,0.8835804855024889,0.5011470681043305,55.7
-20.0,141.25,0.8971711456859972,0.890053214648265,0.479321102064094,72.7
-20.0,141.5,0.8900990099009901,0.8985239873246678,0.47523666212373317,77.7
-20.0,141.75,0.8966053748231966,0.9057668734221138,0.4654314919718996,73.1
-20.0,142.0,0.897029702970297,0.9114702191821686,0.45225600611961336,72.8
-20.0,142.25,0.8964639321074964,0.918193342010831,0.43721133536620094,73.2
-20.0,142.5,0.8932107496463932,0.9279186324879106,0.4076424690349505,75.5
-20.0,142.75,0.8861386138613861,0.9441134058621455,0.38557513067782156,80.5
-20.0,143.0,0.8848656294200848,0.9604150447223491,0.3743684667233915,81.4
-20.0,143.25,0.8824611032531825,0.9964786358221988,0.3752361402463546,83.1
-20.0,143.5,0.8725601131541726,0.9535111199154338,0.39506569161319294,90.1
-20.0,143.75,0.8623762376237624,0.9137944487262296,0.4391615901627577,97.3
-20.0,144.0,0.8640735502121641,0.8879923071527344,0.4634160105616634,96.1
-20.0,144.25,0.8657708628005658,0.8908095599889667,0.4330351397767972,94.9
-20.0,144.5,0.8652050919377652,0.8957215458757304,0.3411797731507021,95.3
-20.0,144.75,0.8780763790664781,0.9009622340149955,0.2775797471425771,86.2
-20.0,145.0,0.9,0.9017267952431861,0.2244588351585379,70.7
-20.0,145.25,0.927015558698727,0.8912425021826349,0.18834699969229865,51.6
-20.0,145.5,0.9435643564356435,0.8955310959754693,0.17062001137486382,39.9
-20.0,145.75,0.95997171145686,0.8991845907808542,0.18282196543913962,28.3
-20.0,146.0,0.9762376237623762,0.8989156217255544,0.2177658141892631,16.8
-20.0,146.25,0.9898161244695898,0.8935655127525316,0.2383065886864314,7.2
-20.0,146.5,0.9835926449787836,0.895883948819815,0.22717657849396314,11.6
-20.0,146.75,0.9601131541725602,0.9010809887237606,0.1873555454940061,28.2
-20.0,147.0,0.9854314002828855,0.9192986281546391,0.13143288693498226,10.3
-20.0,147.25,0.9953323903818954,0.9289726092337426,0.11518415900303382,3.3
-20.0,147.5,0.9782178217821782,0.9647489045138541,0.18356147438785547,15.4
-20.0,147.75,0.986987270155587,0.9896361581173668,0.23579277723706643,9.2
-20.0,148.0,0.9977369165487977,0.9853896076269416,0.3508211434323048,1.6
-20.25,119.0,0.9828854314002828,0.9370591624992047,0.42418156580110905,12.1
-20.25,119.25,0.9909476661951909,0.9383952121580227,0.3928038092961292,6.4
-20.25,119.5,0.9882602545968883,0.9328720264582111,0.4004054094334174,8.3
-20.25,119.75,0.9841584158415841,0.9249671368582623,0.4328323522172927,11.2
-20.25,120.0,0.9785007072135785,0.9177167356743773,0.4807662414485645,15.2
-20.25,120.25,0.9608203677510608,0.9185729821253648,0.5201552508805263,27.7
-20.25,120.5,0.9314002828854314,0.9205342943403206,0.5337356349262532,48.5
-20.25,120.75,0.8981612446958982,0.9211236533598985,0.537693006267096,72.0
-20.25,121.0,0.8632248939179632,0.9298365950513853,0.5293687074993693,96.7
-20.25,121.25,0.8274398868458275,0.9350061035512716,0.5159225642407279,122.0
-20.25,121.5,0.7913719943422914,0.9455460262165597,0.5108319550296039,147.5
-20.25,121.75,0.7551626591230551,0.9492141677171861,0.5027728660291353,173.1
-20.25,122.0,0.7186704384724187,0.9516076914993489,0.5021953840503526,198.9
-20.25,122.25,0.6823196605374824,0.9539771674056478,0.49741371077473806,224.6
-20.25,122.5,0.6456859971711457,0.9515660948836213,0.4914369092911776,250.5
-20.25,122.75,0.6091937765205091,0.9504333536436061,0.4820769627559195,276.3
-20.25,123.0,0.5725601131541727,0.9403518397613233,0.48822165789767075,302.2
-20.25,123.25,0.536067892503536,0.9428031307616486,0.4869840606689576,328.0
-20.25,123.5,0.4994342291371995,0.9451560314588461,0.4948144777655754,353.9
-20.25,123.75,0.4628005657708628,0.9538607353897267,0.48787711890072855,379.8
-20.25,124.0,0.42616690240452615,0.9660744684111932,0.471481498120479,405.7
-20.25,124.25,0.38939179632248944,0.9729282847176494,0.47253598698299204,431.7
-20.25,124.5,0.35275813295615277,0.9730227335541651,0.48037826639432896,457.6
-20.25,124.75,0.3161244695898161,0.967468225595648,0.4654873544485522,483.5
-20.25,125.0,0.27949080622347955,0.9607794827336261,0.4574580662903603,509.4
-20.25,125.25,0.2735502121640735,0.9678445008911206,0.4502437642817393,513.6
-20.25,125.5,0.29717114568599723,0.973178816664206,0.4469875427740804,496.9
-20.25,125.75,0.3196605374823197,0.9815344328066543,0.4548857491311717,481.0
-20.25,126.0,0.3407355021216407,0.9877301737063265,0.4624113401975154,466.1
-20.25,126.25,0.3602545968882602,0.9957417052281028,0.4787648948888834,452.3
-20.25,126.5,0.3782178217821782,0.9797964655847963,0.4937669032142234,439.6
-20.25,126.75,0.39448373408769444,0.972131242445512,0.4812034870138002,428.1
-20.25,127.0,0.4087694483734088,0.9666564747456766,0.4343378507982617,418.0
-20.25,127.25,0.420933521923621,0.9609954265918172,0.4379755520981564,409.4
-20.25,127.5,0.43097595473833095,0.9548813483589726,0.46014586372802996,402.3
-20.25,127.75,0.4387553041018387,0.9418095139970301,0.5035034621245364,396.8
-20.25,128.0,0.44413012729844414,0.9356335075441594,0.5129243803127597,393.0
-20.25,128.25,0.4471004243281471,0.9444465033872654,0.48451724719475675,390.9
-20.25,128.5,0.44766619519094764,0.9514040150347955,0.4524881593549577,390.5
-20.25,128.75,0.44568599717114576,0.9569108749539882,0.463011902114719,391.9
-20.25,129.0,0.44115983026874117,0.9612014024566908,0.48108921553097667,395.1
-20.25,129.25,0.43422913719943423,0.9668494318923508,0.47459305096384674,400.0
-20.25,129.5,0.425035360678925,0.973041533266646,0.4622254596599407,406.5
-20.25,129.75,0.4134370579915134,0.9599079314414969,0.44276594481978043,414.7
-20.25,130.0,0.421923620933522,0.944599377479023,0.4540120155126455,408.7
-20.25,130.25,0.4577086280056577,0.9229332492220101,0.4560936422212608,383.4
-20.25,130.5,0.4934936350777934,0.9050869546875338,0.49413345840940776,358.1
-20.25,130.75,0.5291371994342291,0.8895649594251497,0.525837654211018,332.9
-20.25,131.0,0.5646393210749646,0.8764546595924737,0.5301544246767529,307.8
-20.25,131.25,0.5997171145685998,0.8656476058218673,0.5343310554325934,283.0
-20.25,131.5,0.6345120226308345,0.8443860780389183,0.5313101139117129,258.4
-20.25,131.75,0.6688826025459689,0.837127127990813,0.532294782737048,234.1
-20.25,132.0,0.7025459688826026,0.8179437366930747,0.5355354188393626,210.3
-20.25,132.25,0.7355021216407356,0.8129352651072601,0.556646954411458,187.0
-20.25,132.5,0.7671852899575672,0.8058048120302322,0.5798472566451857,164.6
-20.25,132.75,0.7970297029702971,0.8003615923861374,0.5805933092077276,143.5
-20.25,133.0,0.8243281471004243,0.7951876241041105,0.5731955603701223,124.2
-20.25,133.25,0.8565770862800566,0.7863959792030811,0.6021215247016054,101.4
-20.25,133.5,0.8933521923620933,0.7851093509297946,0.6171905325409225,75.4
-20.25,133.75,0.9301272984441301,0.7884510236241066,0.6144413605184019,49.4
-20.25,134.0,0.9667609618104668,0.8006173996006924,0.6357558609400314,23.5
-20.25,134.25,0.9967468175388967,0.804745805413678,0.6614149663620695,2.3
-20.25,134.5,0.9602545968882602,0.808492483575981,0.6696254288134097,28.1
-20.25,134.75,0.9237623762376238,0.8027308811767386,0.6410368474085762,53.9
-20.25,135.0,0.8871287128712871,0.7996454986930979,0.6172902501240296,79.8
-20.25,135.25,0.8504950495049505,0.7938943872382841,0.642816790955627,105.7
-20.25,135.5,0.8148514851485149,0.7866957101153992,0.6547225417319857,130.9
-20.25,135.75,0.7789250353606789,0.7921773858685665,0.6514406776391122,156.3
-20.25,136.0,0.7428571428571429,0.7993136688361335,0.6416165858059197,181.8
-20.25,136.25,0.7066478076379066,0.8155719031305032,0.6482734557263972,207.4
-20.25,136.5,0.6702970297029702,0.8236504432880929,0.6342927346761772,233.1
-20.25,136.75,0.6413012729844413,0.8335841711976407,0.6021599321689635,253.6
-20.25,137.0,0.6732673267326732,0.8409406825571502,0.533174608685688,231.0
-20.25,137.25,0.7041018387553042,0.8443504776583117,0.4790625487315896,209.2
-20.25,137.5,0.7335219236209335,0.8366418501500184,0.4833198786855257,188.4
-20.25,137.75,0.7647807637906647,0.8308097772631646,0.47770023602557193,166.3
-20.25,138.0,0.8014144271570014,0.8266772219664502,0.4806613341027677,140.4
-20.25,138.25,0.8380480905233381,0.8293458272535437,0.5065287069579576,114.5
-20.25,138.5,0.8745403111739746,0.8373205225513898,0.543774634510076,88.7
-20.25,138.75,0.9110325318246111,0.8496452695947616,0.5442564765764364,62.9
-20.25,139.0,0.9468175388967468,0.8554745064807104,0.5701297483544351,37.6
-20.25,139.25,0.9804809052333805,0.8601479705024058,0.5623948583493116,13.8
-20.25,139.5,0.985007072135785,0.8601558792122123,0.5392867469310636,10.6
-20.25,139.75,0.9485148514851485,0.857148034625602,0.5007659751267052,36.4
-20.25,140.0,0.9769448373408769,0.8571071950290534,0.5037894792943796,16.3
-20.25,140.25,0.9875530410183876,0.8639908077428538,0.525966995346372,8.8
-20.25,140.5,0.9602545968882602,0.8673801574252986,0.5169456244161456,28.1
-20.25,140.75,0.9717114568599717,0.8705695892396523,0.5201629227036325,20.0
-20.25,141.0,0.9503536067892504,0.8716195939990452,0.5086602327513151,35.1
-20.25,141.25,0.9175388967468175,0.881077930847526,0.48357003491752926,58.3
-20.25,141.5,0.926025459688826,0.8925325196210306,0.4734216635026145,52.3
-20.25,141.75,0.9359264497878359,0.8997462333421236,0.484563729417107,45.3
-20.25,142.0,0.9364922206506365,0.9049773806557061,0.47620805031411095,44.9
-20.25,142.25,0.9356435643564356,0.9094170294675326,0.45937910046655606,45.5
-20.25,142.5,0.9323903818953324,0.918374440606815,0.43824683807825326,47.8
-20.25,142.75,0.9251768033946252,0.9295479844838012,0.40432048904352286,52.9
-20.25,143.0,0.9241867043847242,0.9527242576904492,0.37798353936857754,53.6
-20.25,143.25,0.9213578500707214,0.9862686841051852,0.3639580122926524,55.6
-20.25,143.5,0.9073550212164073,0.9634697987964528,0.37977871374091304,65.5
-20.25,143.75,0.9012729844413012,0.9108150413444609,0.40705584856099697,69.8
-20.25,144.0,0.9032531824611032,0.8791650082774418,0.4628288582176206,68.4
-20.25,144.25,0.9050919377652051,0.8661861676612881,0.4948701307176473,67.1
-20.25,144.5,0.9035360678925035,0.8583806093625016,0.40852801661636945,68.2
-20.25,144.75,0.9125884016973126,0.8506126063504781,0.33734400665300496,61.8
-20.25,145.0,0.9319660537482319,0.8489553629241888,0.2598366093151579,48.1
-20.25,145.25,0.9531824611032532,0.8603433573691662,0.20031707451491249,33.1
-20.25,145.5,0.98005657708628,0.8687847566810674,0.17524758738005858,14.1
-20.25,145.75,0.9947666195190947,0.8657517045843754,0.21612302865615143,3.7
-20.25,146.0,0.9985855728429985,0.8648259715306441,0.2511857423125971,1.0
-20.25,146.25,0.9971711456859972,0.8680697815930858,0.2615044410942932,2.0
-20.25,146.5,0.9669024045261669,0.8773911918003567,0.2588146773490206,23.4
-20.25,146.75,0.9363507779349364,0.8852438267311553,0.22629841262469275,45.0
-20.25,147.0,0.9653465346534653,0.8953300512280226,0.18212756874436217,24.5
-20.25,147.25,0.9823196605374823,0.90953263885247,0.14621313766763253,12.5
-20.25,147.5,0.994059405940594,0.9278406634385854,0.14700297442061708,4.2
-20.25,147.75,0.979066478076379,0.9631972371643551,0.17886994503374057,14.8
-20.25,148.0,0.9936350777934936,0.9834825112519895,0.20255458751152072,4.5
-20.25,148.25,0.987977369165488,0.9844224998359578,0.2512204589238809,8.5
-20.25,148.5,0.9954738330975955,0.9638590130523431,0.3153758540088939,3.2
-20.5,118.0,0.9598302687411598,0.9696473618310619,0.4810562557027151,28.4
-20.5,118.25,0.9756718528995757,0.956066579840739,0.44563362716856364,17.2
-20.5,118.5,0.999009900990099,0.9399724286334268,0.41966658508209287,0.7
-20.5,118.75,0.9816124469589816,0.9268401182704448,0.40475630017124503,13.0
-20.5,119.0,0.9776520509193777,0.9262042189530747,0.4009714320293669,15.8
-20.5,119.25,0.9727015558698727,0.9334676535508551,0.38427619109880845,19.3
-20.5,119.5,0.9743988684582744,0.9342449936336022,0.3898078495521707,18.1
-20.5,119.75,0.9769448373408769,0.9314366034078245,0.40672562170463966,16.3
-20.5,120.0,0.9864214992927864,0.9241244846631947,0.4623570733311308,9.6
-20.5,120.25,0.9776520509193777,0.9232707307185533,0.4798391435310779,15.8
-20.5,120.5,0.9411598302687412,0.9222030710023822,0.5024074068086805,41.6
-20.5,120.75,0.9045261669024045,0.9298776169152523,0.5016417556392114,67.5
-20.5,121.0,0.8678925035360678,0.9373938009264182,0.50130077856014,93.4
-20.5,121.25,0.8312588401697313,0.9458423832115712,0.5158564350596242,119.3
-20.5,121.5,0.7946251768033946,0.9466269352843389,0.5259417234584922,145.2
-20.5,121.75,0.7578500707213579,0.941639390719892,0.5236183537356497,171.2
-20.5,122.0,0.7212164073550212,0.934360463950018,0.5180808447113051,197.1
-20.5,122.25,0.6845827439886846,0.9271203173864669,0.5151983667036739,223.0
-20.5,122.5,0.6478076379066477,0.9276818129930205,0.5028841396987284,249.0
-20.5,122.75,0.6111739745403112,0.9205752875427005,0.49723255259886534,274.9
-20.5,123.0,0.5745403111739745,0.924759770819278,0.4921654746098742,300.8
-20.5,123.25,0.5377652050919377,0.9260636523499419,0.4918630822881906,326.8
-20.5,123.5,0.5011315417256011,0.9349599708744064,0.48158698146546525,352.7
-20.5,123.75,0.4644978783592645,0.9476164223895346,0.4707845548961831,378.6
-20.5,124.0,0.42772277227722766,0.957939455540513,0.45832396691302574,404.6
-20.5,124.25,0.3910891089108911,0.9662619325407059,0.47031638027939043,430.5
-20.5,124.5,0.35445544554455444,0.9701240775789823,0.4804428644342664,456.4
-20.5,124.75,0.31782178217821777,0.9715669594303504,0.4706259447886419,482.3
-20.5,125.0,0.28104667609618106,0.9665855619066561,0.46253363808350495,508.3
-20.5,125.25,0.2444130127298444,0.9630507348209502,0.4665717408569944,534.2
-20.5,125.5,0.26605374823196604,0.9716328128063243,0.4616513139571727,518.9
-20.5,125.75,0.2875530410183875,0.9776055650675955,0.4667790090190693,503.7
-20.5,126.0,0.3074964639321075,0.9841566705379254,0.46746578224256674,489.6
-20.5,126.25,0.32616690240452617,0.9990704431957501,0.46316901331564486,476.4
-20.5,126.5,0.3431400282885432,0.9802172257050259,0.4734327199535619,464.4
-20.5,126.75,0.3584158415841584,0.971643358548036,0.4632982416300708,453.6
-20.5,127.0,0.3718528995756718,0.9733428089418019,0.45378231210316705,444.1
-20.5,127.25,0.38330975954738333,0.9648341748647283,0.4550202800292152,436.0
-20.5,127.5,0.39278642149929277,0.9460793289372407,0.48305876270622733,429.3
-20.5,127.75,0.4,0.926594279632205,0.5215776649066355,424.2
-20.5,128.0,0.404950495049505,0.9191921984567227,0.5319759185598714,420.7
-20.5,128.25,0.4077793493635078,0.9318531958165929,0.5093165120896923,418.7
-20.5,128.5,0.4083451202263083,0.9461638008681014,0.4734822322236936,418.3
-20.5,128.75,0.40636492220650633,0.9529120478836799,0.4706504913991271,419.7
-20.5,129.0,0.4022630834512022,0.9547593412999803,0.4800817568781786,422.6
-20.5,129.25,0.39575671852899574,0.9552580261895882,0.46163277909042416,427.2
-20.5,129.5,0.38712871287128714,0.9594793155818916,0.44261545781905776,433.3
-20.5,129.75,0.3770862800565771,0.9570711973278468,0.4677313627071602,440.4
-20.5,130.0,0.4125884016973126,0.9421790851181209,0.4841720796240726,415.3
-20.5,130.25,0.4478076379066478,0.9254709227875889,0.5003103719847507,390.4
-20.5,130.5,0.4827439886845828,0.9071261511573945,0.5221170778808442,365.7
-20.5,130.75,0.5175388967468175,0.8860423085693563,0.5335641148810898,341.1
-20.5,131.0,0.5519094766619519,0.8623654471623036,0.5399362408964833,316.8
-20.5,131.25,0.5858557284299859,0.8428436314263811,0.544095255470275,292.8
-20.5,131.5,0.6193776520509193,0.8319314769264865,0.5579193649551075,269.1
-20.5,131.75,0.6521923620933522,0.8171406825486112,0.5525460264983287,245.9
-20.5,132.0,0.684016973125884,0.817350250032661,0.5510845280792932,223.4
-20.5,132.25,0.7147100424328148,0.8068540939927716,0.5691344904791401,201.7
-20.5,132.5,0.7471004243281472,0.8061685679466513,0.5963201114093125,178.8
-20.5,132.75,0.7835926449787836,0.8035466165273081,0.6015017348748097,153.0
-20.5,133.0,0.8200848656294201,0.798477770336546,0.5907220658984397,127.2
-20.5,133.25,0.8564356435643564,0.7965955433358644,0.6109694576308917,101.5
-20.5,133.5,0.8926449787835926,0.7894969592847798,0.6233215924676571,75.9
-20.5,133.75,0.9284299858557284,0.7909150384519886,0.6334921412535683,50.6
-20.5,134.0,0.962942008486563,0.7978981590169407,0.6467517109317912,26.2
-20.5,134.25,0.9992927864214993,0.809369718855632,0.6753168900526951,0.5
-20.5,134.5,0.9666195190947666,0.8075555841784492,0.6775856383290935,23.6
-20.5,134.75,0.9302687411598303,0.8019152800099794,0.6555195571194484,49.3
-20.5,135.0,0.8936350777934936,0.7948310952668476,0.6271155507528796,75.2
-20.5,135.25,0.857001414427157,0.7900560946282804,0.6525156515587012,101.1
-20.5,135.5,0.8202263083451202,0.7878969455229402,0.670377299712383,127.1
-20.5,135.75,0.7835926449787836,0.7880450082524519,0.6592074959668693,153.0
-20.5,136.0,0.7469589816124469,0.8017969379438962,0.6489029803875548,178.9
-20.5,136.25,0.7103253182461102,0.8096422993026019,0.6450200708592145,204.8
-20.5,136.5,0.6736916548797738,0.8212885740694873,0.6392343235586431,230.7
-20.5,136.75,0.636916548797737,0.8299271304401028,0.599203491984368,256.7
-20.5,137.0,0.6513437057991514,0.8426830016409108,0.5347117777128839,246.5
-20.5,137.25,0.6871287128712871,0.8477212151136824,0.4740486899860798,221.2
-20.5,137.5,0.7231966053748232,0.842842833692429,0.4783138045840503,195.7
-20.5,137.75,0.7591230551626591,0.8358620974619285,0.5055668924291874,170.3
-20.5,138.0,0.7947666195190948,0.8329375410609661,0.49689489567853323,145.1
-20.5,138.25,0.8298444130127298,0.831426742379265,0.5053436359298823,120.3
-20.5,138.5,0.8640735502121641,0.8377881431376766,0.5249785550785855,96.1
-20.5,138.75,0.8998585572842999,0.8509529794478136,0.5659453329545601,70.8
-20.5,139.0,0.9353606789250354,0.8560923568163517,0.5858485241528542,45.7
-20.5,139.25,0.9714285714285714,0.8511522096617881,0.5904069731637145,20.2
-20.5,139.5,0.9936350777934936,0.8431553082800588,0.5545514668459698,4.5
-20.5,139.75,0.9678925035360679,0.8388075494501278,0.5203784751452804,22.7
-20.5,140.0,0.9691654879773691,0.8396546871013814,0.5129170791869883,21.8
-20.5,140.25,0.9971711456859972,0.8464596553819301,0.5216519171945576,2.0
-20.5,140.5,0.9951909476661952,0.8546968805230027,0.5341986520149071,3.4
-20.5,140.75,0.9895332390381896,0.8562343304289153,0.524837480566716,7.4
-20.5,141.0,0.9578500707213579,0.8604460412475634,0.5166674080076122,29.8
-20.5,141.25,0.9226308345120227,0.8687710447062456,0.4842624975392546,54.7
-20.5,141.5,0.9557284299858557,0.8822428305097396,0.4786054628002951,31.3
-20.5,141.75,0.9751060820367751,0.889830947138463,0.4886005105740108,17.6
-20.5,142.0,0.9758132956152759,0.8944875384519494,0.4864703708663407,17.1
-20.5,142.25,0.9749646393210749,0.8987015775645434,0.4827095658166848,17.7
-20.5,142.5,0.9714285714285714,0.9107414614036637,0.45948025248717683,20.2
-20.5,142.75,0.9644978783592645,0.9251767500508982,0.44830480769526143,25.1
-20.5,143.0,0.9635077793493635,0.9444911574850023,0.4117713120691306,25.8
-20.5,143.25,0.9592644978783592,0.9687221883657419,0.40879791651077896,28.8
-20.5,143.5,0.9456859971711457,0.9902822293997129,0.4090118572248834,38.4
-20.5,143.75,0.9404526166902405,0.9333287602205347,0.38931962504473866,42.1
-20.5,144.0,0.9425742574257425,0.8870334069392767,0.41835839418698095,40.6
-20.5,144.25,0.9441301272984441,0.8586945535894015,0.46157066311090345,39.5
-20.5,144.5,0.9417256011315417,0.8408944899910402,0.44164803447843654,41.2
-20.5,144.75,0.9504950495049505,0.8316353508989278,0.3654644779101474,35.0
-20.5,145.0,0.9612446958981613,0.8232045976308672,0.3200136644839889,27.4
-20.5,145.25,0.9854314002828855,0.8364951625975935,0.2393714570743236,10.3
-20.5,145.5,0.9951909476661952,0.8556360757741456,0.21034195536545564,3.4
-20.5,145.75,0.9801980198019802,0.8503754326923973,0.23969067583155976,14.0
-20.5,146.0,0.9637906647807638,0.8501724573421569,0.2670032847748728,25.6
-20.5,146.25,0.9851485148514851,0.8523144381288852,0.2815521397841241,10.5
-20.5,146.5,0.9895332390381896,0.8590047650117265,0.27233816741246725,7.4
-20.5,146.75,0.9537482319660537,0.869001534269663,0.258168793653298,32.7
-20.5,147.0,0.9485148514851485,0.8856945613025091,0.2090108618219527,36.4
-20.5,147.25,0.9837340876944838,0.9029889469107311,0.18959913470345283,11.5
-20.5,147.5,0.9867043847241868,0.9251982568027394,0.17722477414386473,9.4
-20.5,147.75,0.9994342291371995,0.9419801758931999,0.176243796174604,0.4
-20.5,148.0,0.9915134370579916,0.9658388713853637,0.17699408758058488,6.0
-20.5,148.25,0.9854314002828855,0.9984231279559947,0.1509001864191769,10.3
-20.5,148.5,0.9868458274398868,0.9809997492886883,0.1621566849892474,9.3
-20.75,116.75,0.9998585572842998,0.9593752139328992,0.5171964575737173,0.1
-20.75,117.0,0.9997171145685997,0.9566081225427738,0.5135536632147857,0.2
-20.75,117.25,0.9861386138613861,0.9639242879640237,0.49115476026743854,9.8
-20.75,117.5,0.9763790664780764,0.9676878626735499,0.4544349972891226,16.7
-20.75,117.75,0.9891089108910891,0.9604602870259296,0.42469992961360176,7.7
-20.75,118.0,0.9978783592644979,0.9504929283387512,0.42194392386629737,1.5
-20.75,118.25,0.9909476661951909,0.9383111660530039,0.4275818757511436,6.4
-20.75,118.5,0.9708628005657709,0.921665630381399,0.4132997777675923,20.6
-20.75,118.75,0.9455445544554455,0.9191560329983725,0.40059090315638174,38.5
-20.75,119.0,0.9384724186704385,0.9249887357315904,0.4103708497721618,43.5
-20.75,119.25,0.9345120226308345,0.9284638709188486,0.4068042901260307,46.3
-20.75,119.5,0.9352192362093352,0.9302760497951593,0.40736235078791605,45.8
-20.75,119.75,0.9381895332390382,0.9264288667966617,0.4158185049859645,43.7
-20.75,120.0,0.9543140028288544,0.9262094057986441,0.43510114884551737,32.3
-20.75,120.25,0.9514851485148514,0.9284461702034971,0.455662714627995,34.3
-20.75,120.5,0.9271570014144271,0.933342670882967,0.4595320534104201,51.5
-20.75,120.75,0.8953323903818953,0.9370769603044411,0.4599873986759677,74.0
-20.75,121.0,0.8612446958981612,0.9422463353976014,0.4794256225952803,98.1
-20.75,121.25,0.826025459688826,0.9448944372492901,0.5077157604109114,123.0
-20.75,121.5,0.7903818953323904,0.9371440830242672,0.5300309341123814,148.2
-20.75,121.75,0.7543140028288543,0.9269578060879501,0.5306224703553422,173.7
-20.75,122.0,0.7182461103253183,0.9142052772551786,0.5236636593968932,199.2
-20.75,122.25,0.6818953323903819,0.9073772510930327,0.5133494734523185,224.9
-20.75,122.5,0.6455445544554456,0.9055822852090708,0.5074994182227672,250.6
-20.75,122.75,0.6091937765205091,0.9078667062634151,0.4999705553495105,276.3
-20.75,123.0,0.5728429985855729,0.9137925834817933,0.49051084287931884,302.0
-20.75,123.25,0.5363507779349364,0.9191684021620237,0.48377902762807556,327.8
-20.75,123.5,0.49985855728429984,0.9281004761149741,0.47358354541706865,353.6
-20.75,123.75,0.4632248939179632,0.9381575057209965,0.4631175992070119,379.5
-20.75,124.0,0.42673267326732667,0.9478206325879872,0.4647580638524612,405.3
-20.75,124.25,0.39024045261669016,0.9592361181834745,0.48402586370133976,431.1
-20.75,124.5,0.3536067892503536,0.9709859384250997,0.4846233955707619,457.0
-20.75,124.75,0.3171145685997171,0.9753068128882181,0.4721802948314498,482.8
-20.75,125.0,0.28048090523338054,0.9744048136142051,0.46489207899769086,508.7
-20.75,125.25,0.24398868458274403,0.9745439154315458,0.4709318667936454,534.5
-20.75,125.5,0.23422913719943428,0.9786321818856141,0.4870019991965151,541.4
-20.75,125.75,0.2547383309759548,0.9862024731599361,0.5003691355709813,526.9
-20.75,126.0,0.2738330975954739,0.9933070014715952,0.5008803755477322,513.4
-20.75,126.25,0.2915134370579916,0.9948204391509933,0.4760303573524565,500.9
-20.75,126.5,0.3074964639321075,0.9763682298546504,0.4671627129953149,489.6
-20.75,126.75,0.32206506364922205,0.9685070939569862,0.4813686407351675,479.3
-20.75,127.0,0.33465346534653473,0.9707351669417833,0.47177264058391,470.4
-20.75,127.25,0.3455445544554455,0.9643311227843261,0.45420155467174356,462.7
-20.75,127.5,0.3543140028288543,0.9409100397651797,0.4754776798605659,456.5
-20.75,127.75,0.36110325318246117,0.9179696401157038,0.5055135764820533,451.7
-20.75,128.0,0.3657708628005658,0.9109952532999172,0.5340893124183661,448.4
-20.75,128.25,0.36845827439886847,0.9258513050961746,0.5289172303799257,446.5
-20.75,128.5,0.36888260254596894,0.941365791622188,0.4993979085533578,446.2
-20.75,128.75,0.36718528995756716,0.9467064337495672,0.48217821148019274,447.4
-20.75,129.0,0.3632248939179632,0.9452142577035259,0.4761315577249035,450.2
-20.75,129.25,0.3571428571428571,0.9441651479566859,0.46743730301687575,454.5
-20.75,129.5,0.3490806223479491,0.943806131561536,0.4671857606991849,460.2
-20.75,129.75,0.3660537482319661,0.942317745289833,0.4847210984944398,448.2
-20.75,130.0,0.4007072135785007,0.9367575108591063,0.5063161200949897,423.7
-20.75,130.25,0.4352192362093352,0.9255292155702728,0.5178236613472126,399.3
-20.75,130.5,0.4693069306930693,0.9106330509384793,0.5275770305758027,375.2
-20.75,130.75,0.502970297029703,0.8891637969133205,0.5360481093709026,351.4
-20.75,131.0,0.5362093352192363,0.8565479443542453,0.5493358681638588,327.9
-20.75,131.25,0.5688826025459688,0.8288483405922586,0.5680092628947495,304.8
-20.75,131.5,0.6025459688826025,0.8142673542804324,0.5807563032141867,281.0
-20.75,131.75,0.6388967468175388,0.8128867716660652,0.5831388716896966,255.3
-20.75,132.0,0.6753889674681754,0.8160241953591645,0.5707394810013602,229.5
-20.75,132.25,0.7117397454031118,0.813568333646272,0.561826563217526,203.8
-20.75,132.5,0.7479490806223479,0.8112049449421,0.5768775197083575,178.2
-20.75,132.75,0.7841584158415842,0.8112138824865642,0.6066748161843272,152.6
-20.75,133.0,0.8203677510608204,0.8080326985203814,0.6126746976063083,127.0
-20.75,133.25,0.8567185289957567,0.8022357923093995,0.6138348835611143,101.3
-20.75,133.5,0.8927864214992928,0.7976372070674419,0.6111148676898529,75.8
-20.75,133.75,0.9285714285714286,0.7961748416240066,0.6273131969015209,50.5
-20.75,134.0,0.9644978783592645,0.7993375585564819,0.6574354660020564,25.1
-20.75,134.25,0.9994342291371995,0.8075243935294903,0.6759668191845515,0.4
-20.75,134.5,0.9628005657708628,0.8143489381017466,0.6883303811695991,26.3
-20.75,134.75,0.9263083451202263,0.8089320582620023,0.6832429954135617,52.1
-20.75,135.0,0.8896746817538896,0.7986869890577156,0.6544538022814074,78.0
-20.75,135.25,0.8534653465346534,0.7916051951560864,0.6697769795543109,103.6
-20.75,135.5,0.8175388967468176,0.7886531189860584,0.6762323996491449,129.0
-20.75,135.75,0.7813295615275814,0.7930804740254302,0.6522592095892785,154.6
-20.75,136.0,0.7449787835926449,0.8033430181256724,0.6450197485137059,180.3
-20.75,136.25,0.7086280056577086,0.809723820129282,0.6527369901022296,206.0
-20.75,136.5,0.6722772277227723,0.8162223100077564,0.636699205071155,231.7
-20.75,136.75,0.6357850070721358,0.8299421810841727,0.5828805923508744,257.5
-20.75,137.0,0.6429985855728431,0.8424513464333944,0.5273181226632389,252.4
-20.75,137.25,0.6782178217821782,0.8500520916323638,0.4842594352569222,227.5
-20.75,137.5,0.7131541725601132,0.8483777090207749,0.48372590508824675,202.8
-20.75,137.75,0.7486562942008487,0.8414206253519093,0.5226093155898591,177.7
-20.75,138.0,0.7852899575671852,0.8387689791274411,0.524644492310675,151.8
-20.75,138.25,0.8217821782178218,0.8390183064099541,0.5135498434205079,126.0
-20.75,138.5,0.8584158415841584,0.8427791093758091,0.5279593645836365,100.1
-20.75,138.75,0.8950495049504951,0.8509742614995667,0.5636256540877917,74.2
-20.75,139.0,0.9315417256011316,0.8530850272165882,0.5966442781701068,48.4
-20.75,139.25,0.9681753889674681,0.8479785770918997,0.6097455762035725,22.5
-20.75,139.5,0.9994342291371995,0.837251065488877,0.5933990164097427,0.4
-20.75,139.75,0.9984441301272985,0.8296073210583285,0.5720105860456997,1.1
-20.75,140.0,0.9937765205091937,0.831665642359571,0.5410101349586182,4.4
-20.75,140.25,0.9994342291371995,0.8422869630229837,0.5154440584503823,0.4
-20.75,140.5,0.9943422913719944,0.8478593432051474,0.5328016871667074,4.0
-20.75,140.75,0.9628005657708628,0.8466587193727408,0.5535752434729619,26.3
-20.75,141.0,0.9360678925035361,0.8497786911211727,0.5276124563472055,45.2
-20.75,141.25,0.9256011315417256,0.8618494046896357,0.4932060220291371,52.6
-20.75,141.5,0.960961810466761,0.871685083700978,0.49072702389470857,27.6
-20.75,141.75,0.985997171145686,0.88002546396113,0.4938850267258756,9.9
-20.75,142.0,0.9848656294200848,0.8863046286506853,0.4955633508513182,10.7
-20.75,142.25,0.9858557284299858,0.8919537429046414,0.4916519459800115,10.0
-20.75,142.5,0.9910891089108911,0.9066946877599344,0.48455683122322146,6.3
-20.75,142.75,0.9963224893917964,0.9232682082417486,0.4819545036971756,2.6
-20.75,143.0,0.997029702970297,0.9355476741549098,0.4793040499866853,2.1
-20.75,143.25,0.9933521923620934,0.9526516957662778,0.47490670926105827,4.7
-20.75,143.5,0.9838755304101838,0.980968319735393,0.458938164045246,11.4
-20.75,143.75,0.9794908062234795,0.9712837679239609,0.4124147459389873,14.5
-20.75,144.0,0.9817538896746818,0.9173814248402883,0.4077272459037307,12.9
-20.75,144.25,0.9824611032531825,0.8737020945289414,0.4436923658116988,12.4
-20.75,144.5,0.9806223479490807,0.8491101949949158,0.4408757913433152,13.7
-20.75,144.75,0.9885431400282886,0.8323494064161432,0.41275473986425726,8.1
-20.75,145.0,0.9984441301272985,0.8167713740786192,0.3574907460003747,1.1
-20.75,145.25,0.9933521923620934,0.8230833314267707,0.31149578112103005,4.7
-20.75,145.5,0.9653465346534653,0.8417162843370145,0.27812415647217026,24.5
-20.75,145.75,0.9452616690240453,0.8534387254029885,0.2588575493016737,38.7
-20.75,146.0,0.9314002828854314,0.8602930414765714,0.25940323189602615,48.5
-20.75,146.25,0.9564356435643564,0.8616141025552913,0.2769111703230441,30.8
-20.75,146.5,0.9640735502121641,0.8682130117182887,0.2695237365417164,25.4
-20.75,146.75,0.9422913719943423,0.8760907681015873,0.2554367865291141,40.8
-20.75,147.0,0.9305516265912306,0.8787172056336907,0.25912665944958707,49.1
-20.75,147.25,0.9504950495049505,0.8925005125956755,0.25751452897435,35.0
-20.75,147.5,0.9521923620933522,0.9190144355049256,0.2174296561755463,33.8
-20.75,147.75,0.9807637906647808,0.9383817275163264,0.17758098204822084,13.6
-20.75,148.0,0.9942008486562942,0.9571115006008468,0.17692067339098522,4.1
-20.75,148.25,0.9608203677510608,0.9921986004939488,0.13930739122682093,27.7
-20.75,148.5,0.9763790664780764,0.9822903724593638,0.1185820191272024,16.7
-20.75,148.75,0.9939179632248939,0.9771326751028222,0.2225463431383219,4.3
-21.0,116.25,0.9285714285714286,0.9378549638030943,0.4888857379973578,50.5
-21.0,116.5,0.9618104667609618,0.9344681063343737,0.4945566013586392,27.0
-21.0,116.75,0.9888260254596888,0.9239692941533999,0.4961567244636784,7.9
-21.0,117.0,0.9988684582743989,0.9228791320153187,0.47125650095542726,0.8
-21.0,117.25,0.9776520509193777,0.9293604550773265,0.41889972511696627,15.8
-21.0,117.5,0.9878359264497878,0.9337207473066172,0.38838172855271175,8.6
-21.0,117.75,0.9735502121640736,0.9334654426688667,0.38416104928311146,18.7
-21.0,118.0,0.962942008486563,0.9346508308500585,0.401668971592854,26.2
-21.0,118.25,0.9537482319660537,0.9263811353431839,0.4243139692187954,32.7
-21.0,118.5,0.941018387553041,0.9148505261795055,0.41937592613692487,41.7
-21.0,118.75,0.9172560113154172,0.9182873104881998,0.4127100144249293,58.5
-21.0,119.0,0.8992927864214992,0.9228242147527943,0.42864624450349725,71.2
-21.0,119.25,0.8954738330975954,0.9172283104776882,0.4360334204084181,73.9
-21.0,119.5,0.8958981612446959,0.9132255058347931,0.4281260916734315,73.6
-21.0,119.75,0.9026874115983027,0.9123812985025629,0.4376478234194914,68.8
-21.0,120.0,0.915983026874116,0.9197729982110773,0.4631683041555258,59.4
-21.0,120.25,0.9144271570014144,0.9289177852895213,0.48185634948978556,60.5
-21.0,120.5,0.8987270155586987,0.9367936713476546,0.4809020456113672,71.6
-21.0,120.75,0.8739745403111739,0.9394264599496684,0.4685384836263196,89.1
-21.0,121.0,0.8444130127298444,0.9355242849385789,0.4840740382376106,110.0
-21.0,121.25,0.8124469589816125,0.9371247002518236,0.5086316084701452,132.6
-21.0,121.5,0.7790664780763791,0.9300912563995303,0.5291604723007682,156.2
-21.0,121.75,0.7446958981612447,0.9182358077079337,0.5215732487731667,180.5
-21.0,122.0,0.7097595473833098,0.9071831588966113,0.5155900326139837,205.2
-21.0,122.25,0.6745403111739745,0.8992399370116788,0.5139983549612718,230.1
-21.0,122.5,0.6390381895332391,0.8995216762332978,0.5158024421869221,255.2
-21.0,122.75,0.6032531824611033,0.9041782464937183,0.5021150394323165,280.5
-21.0,123.0,0.5674681753889674,0.9088058753369538,0.48756101077765107,305.8
-21.0,123.25,0.5314002828854314,0.915795249033271,0.4817160002553105,331.3
-21.0,123.5,0.49533239038189536,0.9228341694191684,0.4746814219850487,356.8
-21.0,123.75,0.4592644978783592,0.9290504658501095,0.4710456064063797,382.3
-21.0,124.0,0.42305516265912313,0.941136822050388,0.47953404350712153,407.9
-21.0,124.25,0.3868458274398868,0.9522678741720892,0.4842817415661223,433.5
-21.0,124.5,0.3504950495049505,0.9676896496118015,0.4844225420843094,459.2
-21.0,124.75,0.3141442715700141,0.9716222064572921,0.48499206212902807,484.9
-21.0,125.0,0.27779349363507777,0.9716737314942505,0.47559617406955307,510.6
-21.0,125.25,0.24144271570014153,0.9757210544180609,0.47746784103109613,536.3
-21.0,125.5,0.20509193776520507,0.9904804544853526,0.4968722992583754,562.0
-21.0,125.75,0.22121640735502124,0.9949603245871217,0.5250786111244767,550.6
-21.0,126.0,0.23946251768033944,0.9889238181381845,0.5481399018575904,537.7
-21.0,126.25,0.2562942008486564,0.9840111162345824,0.5205335233349507,525.8
-21.0,126.5,0.2715700141442716,0.9683991737214694,0.49284897602645855,515.0
-21.0,126.75,0.2852899575671852,0.9596431895570267,0.5177377562691519,505.3
-21.0,127.0,0.2973125884016973,0.9583542836210028,0.5114030706845903,496.8
-21.0,127.25,0.3074964639321075,0.9498666166761509,0.47090828721968614,489.6
-21.0,127.5,0.3158415841584159,0.9313845080885486,0.4629721407962245,483.7
-21.0,127.75,0.3222065063649222,0.9154228795281014,0.5066002354263316,479.2
-21.0,128.0,0.32659123055162653,0.9119400480960383,0.5510071973917632,476.1
-21.0,128.25,0.32913719943422914,0.9264842856061967,0.5268305267295487,474.3
-21.0,128.5,0.3295615275813296,0.9350277934092976,0.4755460332256794,474.0
-21.0,128.75,0.32786421499292784,0.934253281169982,0.45515598748836533,475.2
-21.0,129.0,0.3241867043847242,0.9305102933678646,0.4892156586254817,477.8
-21.0,129.25,0.31852899575671856,0.9281746396352648,0.5014077327999168,481.8
-21.0,129.5,0.3186704384724187,0.9261619097621885,0.5098312656324879,481.7
-21.0,129.75,0.35275813295615277,0.9262337101516172,0.512129669695684,457.6
-21.0,130.0,0.38670438472418667,0.9238816835475803,0.5102293301011448,433.6
-21.0,130.25,0.42164073550212167,0.9207014263319366,0.510992869907532,408.9
-21.0,130.5,0.45813295615275806,0.9070528083129672,0.5214261947521113,383.1
-21.0,130.75,0.49476661951909473,0.8920313816787946,0.5446776209835141,357.2
-21.0,131.0,0.5312588401697314,0.8637928816754572,0.5657516033038492,331.4
-21.0,131.25,0.5677510608203677,0.8321588097875132,0.5838926605444464,305.6
-21.0,131.5,0.6042432814710041,0.8139522766449405,0.5930326707391389,279.8
-21.0,131.75,0.6408769448373408,0.8115739870630583,0.5955586346141808,253.9
-21.0,132.0,0.6773691654879774,0.8154573436648827,0.5930921757200395,228.1
-21.0,132.25,0.7138613861386138,0.8176767963563161,0.5646376255777112,202.3
-21.0,132.5,0.7503536067892503,0.8224065806304844,0.5347867069263742,176.5
-21.0,132.75,0.7868458274398868,0.820426286073427,0.5804160675297851,150.7
-21.0,133.0,0.8234794908062235,0.8160980360066118,0.5855007133489989,124.8
-21.0,133.25,0.8599717114568599,0.816373283423931,0.5438859404142199,99.0
-21.0,133.5,0.8964639321074964,0.807880985081402,0.5520115615276779,73.2
-21.0,133.75,0.9328147100424328,0.8011104111846092,0.5990797596608649,47.5
-21.0,134.0,0.9690240452616691,0.796831760306085,0.635729299670117,21.9
-21.0,134.25,0.9915134370579916,0.8018721283979243,0.6589511990529257,6.0
-21.0,134.5,0.9571428571428572,0.8137750149562375,0.6713057675982813,30.3
-21.0,134.75,0.9217821782178218,0.8132187316483228,0.6824704944020334,55.3
-21.0,135.0,0.8864214992927865,0.8102268353187969,0.6732460296840693,80.3
-21.0,135.25,0.8506364922206506,0.8049854130776914,0.657697001030516,105.6
-21.0,135.5,0.8144271570014144,0.8029625656606135,0.6422583112445804,131.2
-21.0,135.75,0.7780763790664781,0.8044685202122888,0.6208908978077027,156.9
-21.0,136.0,0.7417256011315417,0.8075975267941367,0.6379451188139917,182.6
-21.0,136.25,0.7053748231966054,0.8087281656846402,0.6581870306727965,208.3
-21.0,136.5,0.6688826025459689,0.8141596830073652,0.625560136969893,234.1
-21.0,136.75,0.6325318246110325,0.8281325115880015,0.5799860102693928,259.8
-21.0,137.0,0.6367751060820368,0.8390739420345062,0.533059096172656,256.8
-21.0,137.25,0.672984441301273,0.8485420063499093,0.5214143969064939,231.2
-21.0,137.5,0.7093352192362093,0.8478973425271601,0.5124156223964254,205.5
-21.0,137.75,0.7454031117397454,0.840776063184175,0.5406303797148538,180.0
-21.0,138.0,0.7813295615275814,0.8387251839688583,0.5350438419386405,154.6
-21.0,138.25,0.8171145685997171,0.8399111009906728,0.5146290884180869,129.3
-21.0,138.5,0.8524752475247525,0.8422720595001604,0.5324888992023692,104.3
-21.0,138.75,0.8875530410183876,0.845695360461211,0.5675953229097905,79.5
-21.0,139.0,0.9216407355021217,0.848412289648119,0.6093326838415168,55.4
-21.0,139.25,0.9517680339462518,0.8452363242800945,0.6402920681107936,34.1
-21.0,139.5,0.9657708628005658,0.8363513580560132,0.6432660922428871,24.2
-21.0,139.75,0.9620933521923621,0.8349184201958582,0.6058987693722034,26.8
-21.0,140.0,0.9681753889674681,0.8389649745785639,0.5436818312381299,22.5
-21.0,140.25,0.962942008486563,0.8423290179508036,0.5357927150243833,26.2
-21.0,140.5,0.9551626591230552,0.8465045700936441,0.5641053203219686,31.7
-21.0,140.75,0.9417256011315417,0.8398058694508725,0.5980213381831461,41.2
-21.0,141.0,0.9138613861386139,0.8422846536798302,0.5448330882223457,60.9
-21.0,141.25,0.9094766619519095,0.8559142854574099,0.4909502481594627,64.0
-21.0,141.5,0.9353606789250354,0.8661546059854551,0.4947633860024511,45.7
-21.0,141.75,0.9465346534653465,0.8722369079560957,0.49959924555807317,37.8
-21.0,142.0,0.9454031117397454,0.8791609008311833,0.5058328919429421,38.6
-21.0,142.25,0.9465346534653465,0.8861990915556827,0.501965712875425,37.8
-21.0,142.5,0.9536067892503536,0.9002384490343156,0.49732925625146646,32.8
-21.0,142.75,0.957001414427157,0.917931664778595,0.5097310161792915,30.4
-21.0,143.0,0.9577086280056577,0.9301863840289359,0.5166735648068279,29.9
-21.0,143.25,0.9688826025459689,0.9425130390948963,0.5187115620508447,22.0
-21.0,143.5,0.977086280056577,0.9634084091811361,0.4963597376650389,16.2
-21.0,143.75,0.9814710042432815,0.9948689541993269,0.4658046068981854,13.1
-21.0,144.0,0.9919377652050919,0.9542424820959503,0.46522019449096624,5.7
-21.0,144.25,0.9806223479490807,0.9058860200850086,0.49675092005708565,13.7
-21.0,144.5,0.9814710042432815,0.8710913294454996,0.490909697094472,13.1
-21.0,144.75,0.9782178217821782,0.8433246284336057,0.43967147628837233,15.4
-21.0,145.0,0.9685997171145686,0.8255142327177893,0.39013008223991286,22.2
-21.0,145.25,0.9584158415841584,0.8241576405413835,0.3597548202668975,29.4
-21.0,145.5,0.9397454031117397,0.8406998679081951,0.3374742987076095,42.6
-21.0,145.75,0.9124469589816124,0.8583199568401175,0.29157041255173954,61.9
-21.0,146.0,0.9026874115983027,0.870618654296814,0.26941152807014823,68.8
-21.0,146.25,0.9213578500707214,0.8829761788429504,0.27313321649232697,55.6
-21.0,146.5,0.9253182461103253,0.8883963337560685,0.2736710338562679,52.8
-21.0,146.75,0.9261669024045261,0.8913586106889365,0.27293457107260893,52.2
-21.0,147.0,0.9596888260254597,0.8855097147181764,0.2809895985196682,28.5
-21.0,147.25,0.9811881188118812,0.8805031665430264,0.3307196936289032,13.3
-21.0,147.5,0.9625176803394625,0.8962280862855985,0.2899328812504192,26.5
-21.0,147.75,0.9882602545968883,0.9206049749294197,0.2073947987315098,8.3
-21.0,148.0,0.9868458274398868,0.9593442565157047,0.17306511487905576,9.3
-21.0,148.25,0.9834512022630835,0.9943350019013506,0.14357488473464539,11.7
-21.0,148.5,0.9707213578500707,0.9933631390132885,0.07518401472118415,20.7
-21.0,148.75,0.9997171145685997,0.9887683548427927,0.076219872013296,0.2
-21.0,149.0,0.9943422913719944,0.9876838944493692,0.28032263342767855,4.0
-21.25,116.0,0.9042432814710042,0.9067899423188177,0.46279460900732433,67.7
-21.25,116.25,0.9254596888260255,0.9107888523691207,0.4526244470360235,52.7
-21.25,116.5,0.9462517680339463,0.9094180972293568,0.47427868350651603,38.0
-21.25,116.75,0.9782178217821782,0.9073855965118648,0.5112866878386849,15.4
-21.25,117.0,0.9971711456859972,0.9096872645813556,0.5028976137409907,2.0
-21.25,117.25,0.9644978783592645,0.9140056054019732,0.45009169778802416,25.1
-21.25,117.5,0.9483734087694484,0.9137898382830486,0.43207965933727227,36.5
-21.25,117.75,0.9397454031117397,0.9185729831905429,0.4234316128579123,42.6
-21.25,118.0,0.9244695898161245,0.921660149502834,0.4067691383483102,53.4
-21.25,118.25,0.9165487977369166,0.9193678989454812,0.4092949571678731,59.0
-21.25,118.5,0.9045261669024045,0.9080308218747752,0.409553526617653,67.5
-21.25,118.75,0.8882602545968883,0.9076583755475939,0.4205542440265936,79.0
-21.25,119.0,0.8639321074964639,0.9101114478527739,0.4466086095113631,96.2
-21.25,119.25,0.8564356435643564,0.9122186908106132,0.4469779207606467,101.5
-21.25,119.5,0.8564356435643564,0.9065495054882657,0.43833296879817,101.5
-21.25,119.75,0.8676096181046676,0.9139300350927012,0.4548028579836171,93.6
-21.25,120.0,0.8769448373408769,0.923655157663658,0.49893566509392456,87.0
-21.25,120.25,0.8759547383309759,0.9331429839830311,0.5199954964464293,87.7
-21.25,120.5,0.8646393210749647,0.9376028913577825,0.508124188287672,95.7
-21.25,120.75,0.8452616690240453,0.935443299253164,0.49371547298831503,109.4
-21.25,121.0,0.8205091937765205,0.932293186773024,0.4943801171926423,126.9
-21.25,121.25,0.7922206506364922,0.9336270680244312,0.5143820911720682,146.9
-21.25,121.5,0.7616690240452617,0.931293724979867,0.5221438325580638,168.5
-21.25,121.75,0.7295615275813296,0.9179440661981477,0.4952089641990861,191.2
-21.25,122.0,0.6964639321074965,0.9037048307560803,0.4951331646527223,214.6
-21.25,122.25,0.6626591230551626,0.8989428064114025,0.5085459129166653,238.5
-21.25,122.5,0.6284299858557285,0.8988377212534303,0.5189399438437376,262.7
-21.25,122.75,0.5936350777934936,0.9032208318210996,0.5135471840700614,287.3
-21.25,123.0,0.5586987270155587,0.9079303744493836,0.49851419834133825,312.0
-21.25,123.25,0.5233380480905233,0.9123223243679807,0.4991751678068666,337.0
-21.25,123.5,0.48797736916548795,0.917308702313191,0.49491298655302507,362.0
-21.25,123.75,0.4523338048090524,0.9281653533571266,0.48488119139132085,387.2
-21.25,124.0,0.4166902404526167,0.9416258284305513,0.4756560819823395,412.4
-21.25,124.25,0.3809052333804809,0.9551958517253812,0.47134160016971616,437.7
-21.25,124.5,0.344978783592645,0.9578762753381548,0.47974941865873955,463.1
-21.25,124.75,0.309052333804809,0.9604259774688889,0.5042468392193564,488.5
-21.25,125.0,0.272984441301273,0.9635137505293876,0.4998031452095826,514.0
-21.25,125.25,0.23691654879773694,0.9724521556957525,0.4949870937854683,539.5
-21.25,125.5,0.2008486562942009,0.9904598047860673,0.5141790618534323,565.0
-21.25,125.75,0.18727015558698723,0.9929012543816282,0.5455512417811121,574.6
-21.25,126.0,0.2046676096181047,0.9814891890394017,0.5735063820268577,562.3
-21.25,126.25,0.2206506364922206,0.9706489553611916,0.5654221984285392,551.0
-21.25,126.5,0.23521923620933516,0.9589418019227647,0.5364571980559562,540.7
-21.25,126.75,0.2482319660537482,0.9487402483414971,0.5659015261999318,531.5
-21.25,127.0,0.25954738330975957,0.9465611396075075,0.5324341810522725,523.5
-21.25,127.25,0.2693069306930693,0.936255301141461,0.47475266034246477,516.6
-21.25,127.5,0.2770862800565771,0.9219279792885342,0.4599360973882628,511.1
-21.25,127.75,0.2831683168316832,0.9075781188518378,0.5175379826401535,506.8
-21.25,128.0,0.28741159830268737,0.9090352848821173,0.5492329432429404,503.8
-21.25,128.25,0.28967468175388966,0.9268395680352699,0.4706105689078784,502.2
-21.25,128.5,0.29009900990099013,0.9311369474258654,0.41152389577395077,501.9
-21.25,128.75,0.2885431400282885,0.9254142257354447,0.42362053956054396,503.0
-21.25,129.0,0.2851485148514852,0.9208708079619646,0.47766315017479943,505.4
-21.25,129.25,0.27977369165487975,0.9177669366265764,0.5417217449035587,509.2
-21.25,129.5,0.3113154172560113,0.9128445403835717,0.5593444544489387,486.9
-21.25,129.75,0.3478076379066478,0.9093326217422332,0.5487996141756349,461.1
-21.25,130.0,0.38415841584158417,0.9063252702255786,0.5454731696989122,435.4
-21.25,130.25,0.4205091937765205,0.9053503142487029,0.540896991685075,409.7
-21.25,130.5,0.45685997171145687,0.9011434464539018,0.5491772741735931,384.0
-21.25,130.75,0.4932107496463932,0.886343710154025,0.5679929360947353,358.3
-21.25,131.0,0.5295615275813295,0.8702798236129848,0.5867686432900779,332.6
-21.25,131.25,0.5659123055162659,0.8466830726888479,0.5966090135714582,306.9
-21.25,131.5,0.6021216407355021,0.8237099371622444,0.6023628647839468,281.3
-21.25,131.75,0.6383309759547384,0.8131137366456302,0.612326177642334,255.7
-21.25,132.0,0.6745403111739745,0.813522029722,0.6151669441411433,230.1
-21.25,132.25,0.7106082036775105,0.8183979354494805,0.6016424709238951,204.6
-21.25,132.5,0.7466760961810467,0.8218542489781603,0.5666536872098631,179.1
-21.25,132.75,0.7824611032531824,0.8267607768695772,0.5397088261401165,153.8
-21.25,133.0,0.8179632248939179,0.8352258165522566,0.4855660627763171,128.7
-21.25,133.25,0.853041018387553,0.8374477090086905,0.4310688805257349,103.9
-21.25,133.5,0.8871287128712871,0.8288616664979694,0.4434985233400599,79.8
-21.25,133.75,0.9192362093352192,0.8134644083671179,0.49479750627454394,57.1
-21.25,134.0,0.9455445544554455,0.8053101896969089,0.5490634217399307,38.5
-21.25,134.25,0.9543140028288544,0.8082989872300859,0.5897461971054914,32.3
-21.25,134.5,0.9377652050919377,0.817877344268193,0.6353134739639323,44.0
-21.25,134.75,0.9087694483734088,0.8227761129158181,0.658049082912361,64.5
-21.25,135.0,0.8758132956152758,0.8257609790799523,0.6269816161940271,87.8
-21.25,135.25,0.8413012729844414,0.826855848450333,0.5796847945088158,112.2
-21.25,135.5,0.805940594059406,0.8225269508166657,0.5540475924640919,137.2
-21.25,135.75,0.7707213578500707,0.8151255452177575,0.5788273071039266,162.1
-21.25,136.0,0.7353606789250353,0.8096683494222876,0.6346322612004596,187.1
-21.25,136.25,0.6998585572842999,0.8075572158259052,0.6582480023257615,212.2
-21.25,136.5,0.6640735502121641,0.811593378219884,0.6501994540234265,237.5
-21.25,136.75,0.6281471004243282,0.8213437121825183,0.6131767829706131,262.9
-21.25,137.0,0.6304101838755304,0.8337340579837618,0.5911758800228212,261.3
-21.25,137.25,0.6660537482319661,0.8390524871750697,0.5776131766282447,236.1
-21.25,137.5,0.7012729844413013,0.8421285414103602,0.5523199494758227,211.2
-21.25,137.75,0.7364922206506365,0.8392045339920826,0.5436213592207034,186.3
-21.25,138.0,0.7712871287128713,0.8335919950200731,0.5363873780187781,161.7
-21.25,138.25,0.8055162659123055,0.8350562553371977,0.5315257630570134,137.5
-21.25,138.5,0.8387553041018387,0.8360859762041601,0.5503945797525354,114.0
-21.25,138.75,0.8701555869872701,0.8404449279256264,0.5891676675038054,91.8
-21.25,139.0,0.898019801980198,0.8434509540263998,0.6182643137821294,72.1
-21.25,139.25,0.918953323903819,0.8485993453339948,0.6412428906577183,57.3
-21.25,139.5,0.9264497878359265,0.8525866009878031,0.6180178322889247,52.0
-21.25,139.75,0.923055162659123,0.8568972507724014,0.5725793969302991,54.4
-21.25,140.0,0.9287128712871288,0.8618297671980619,0.5446800063402782,50.4
-21.25,140.25,0.9243281471004243,0.8590240781884084,0.5458893177506056,53.5
-21.25,140.5,0.915983026874116,0.85147913126292,0.5866291643884763,59.4
-21.25,140.75,0.9077793493635078,0.8414708796118832,0.5825338775217488,65.2
-21.25,141.0,0.8881188118811881,0.8457286048585735,0.506893811598353,79.1
-21.25,141.25,0.8818953323903819,0.8577493503309948,0.4914714002606053,83.5
-21.25,141.5,0.9002828854314002,0.8667245270646142,0.5012175811843522,70.5
-21.25,141.75,0.9072135785007072,0.868184518036255,0.5166346577039315,65.6
-21.25,142.0,0.9060820367751061,0.870762390933213,0.5140281396862728,66.4
-21.25,142.25,0.9073550212164073,0.8794705957007679,0.5104783742411435,65.5
-21.25,142.5,0.9145685997171146,0.8951109406795343,0.507885169092993,60.4
-21.25,142.75,0.9178217821782179,0.9135962109272538,0.5278406769673442,58.1
-21.25,143.0,0.92008486562942,0.9277675521781675,0.547543804425682,56.5
-21.25,143.25,0.9381895332390382,0.9407035125814185,0.5478315139094455,43.7
-21.25,143.5,0.9661951909476661,0.955552114719521,0.5358397935859246,23.9
-21.25,143.75,0.9922206506364922,0.9804390194808197,0.5131314389502539,5.5
-21.25,144.0,0.9828854314002828,0.9798855889478744,0.4898594954272243,12.1
-21.25,144.25,0.955021216407355,0.9202208811119209,0.5185452317683709,31.8
-21.25,144.5,0.9425742574257425,0.8813307780169188,0.5256233589168541,40.6
-21.25,144.75,0.9401697312588402,0.8582564118590136,0.4638091592613131,42.3
-21.25,145.0,0.9306930693069306,0.8410472653731007,0.3971294926151788,49.0
-21.25,145.25,0.920933521923621,0.8346432217694352,0.3906897868638925,55.9
-21.25,145.5,0.9080622347949081,0.8421267201280447,0.3866726526657421,65.0
-21.25,145.75,0.885997171145686,0.8621415166725741,0.3350636539382944,80.6
-21.25,146.0,0.8701555869872701,0.8903954910969067,0.30270562862417283,91.8
-21.25,146.25,0.8834512022630835,0.900485698041524,0.29443139011394237,82.4
-21.25,146.5,0.8915134370579915,0.8945017417398707,0.2930301541877528,76.7
-21.25,146.75,0.9271570014144271,0.8896351170599786,0.2909820191774883,51.5
-21.25,147.0,0.9615275813295615,0.8953368367170924,0.2926103636318115,27.2
-21.25,147.25,0.984016973125884,0.8848463902326525,0.34380000696975455,11.3
-21.25,147.5,0.9997171145685997,0.8799377804036614,0.34924000647772635,0.2
-21.25,147.75,0.9994342291371995,0.9058735058883434,0.28883479515785854,0.4
-21.25,148.0,0.9905233380480906,0.9536143657765763,0.24190751036378685,6.7
-21.25,148.25,0.9923620933521924,0.9786173871224568,0.188155284701017,5.4
-21.25,148.5,0.9957567185289957,0.9844506402245236,0.09201482772577918,3.0
-21.25,148.75,0.9858557284299858,0.9964948142262988,0.026042619214433616,10.0
-21.25,149.0,0.9984441301272985,0.9985400325684327,0.1161467310437495,1.1
-21.5,115.5,0.857001414427157,0.8621636774421529,0.5337541859102771,101.1
-21.5,115.75,0.8923620933521924,0.8675702474699984,0.4711867776219018,76.1
-21.5,116.0,0.9267326732673268,0.8858513876957604,0.4368154467297276,51.8
-21.5,116.25,0.9578500707213579,0.9009427904434264,0.4325049942359626,29.8
-21.5,116.5,0.9718528995756719,0.9044408605739224,0.46064472563724806,19.9
-21.5,116.75,0.9930693069306931,0.9030698789772145,0.5045779364085871,4.9
-21.5,117.0,0.9837340876944838,0.9128613793295907,0.5282236556661952,11.5
-21.5,117.25,0.996039603960396,0.9187840470747455,0.5239372017955508,2.8
-21.5,117.5,0.9779349363507779,0.9167663967641072,0.516618137496612,15.6
-21.5,117.75,0.9575671852899575,0.909619458368432,0.4894096783871504,30.0
-21.5,118.0,0.9247524752475248,0.9039349413092634,0.4484225443923033,53.2
-21.5,118.25,0.8898161244695898,0.902179499752262,0.4251889116329791,77.9
-21.5,118.5,0.8673267326732673,0.8938998186778928,0.4046526983247585,93.8
-21.5,118.75,0.8543140028288543,0.9000719796649879,0.42260737539224247,103.0
-21.5,119.0,0.8349363507779349,0.9109215669143139,0.44798966660871,116.7
-21.5,119.25,0.8172560113154173,0.9154346561563933,0.44304704622061636,129.2
-21.5,119.5,0.831966053748232,0.9130296975494954,0.4342638080349201,118.8
-21.5,119.75,0.8424328147100424,0.9143761878374638,0.4678107886404965,111.4
-21.5,120.0,0.8448373408769448,0.9214321076273995,0.513853331716921,109.7
-21.5,120.25,0.8388967468175389,0.9269447931587262,0.5125043157631359,113.9
-21.5,120.5,0.8282885431400283,0.9288033712181994,0.5104684943513026,121.4
-21.5,120.75,0.8125884016973126,0.9264110143620772,0.5049033603168651,132.5
-21.5,121.0,0.7917963224893918,0.9255028419666632,0.5036170405645164,147.2
-21.5,121.25,0.7669024045261669,0.9272147163744399,0.5135530024064929,164.8
-21.5,121.5,0.7393210749646393,0.9245316977214564,0.5299318451030162,184.3
-21.5,121.75,0.7099009900990099,0.9101024242965029,0.5164354804141241,205.1
-21.5,122.0,0.6787835926449788,0.9033567688951807,0.5112367404021165,227.1
-21.5,122.25,0.6468175388967468,0.9007627313052381,0.5109479671781743,249.7
-21.5,122.5,0.614002828854314,0.9002550669798666,0.5082633770783157,272.9
-21.5,122.75,0.5804809052333805,0.905206055426167,0.5037229794159409,296.6
-21.5,123.0,0.5465346534653466,0.9104488630552127,0.5009242951232886,320.6
-21.5,123.25,0.5123055162659123,0.9156192918854275,0.5034081445576227,344.8
-21.5,123.5,0.4776520509193777,0.9190088349972709,0.49575192297389026,369.3
-21.5,123.75,0.44285714285714284,0.9280088702809511,0.47783923140891055,393.9
-21.5,124.0,0.4077793493635078,0.9402157512471514,0.467910071057167,418.7
-21.5,124.25,0.3725601131541725,0.948863551385943,0.4692206311917676,443.6
-21.5,124.5,0.3371994342291371,0.9484069233478226,0.48251195190259455,468.6
-21.5,124.75,0.3016973125884017,0.9501135818179993,0.5197202133820248,493.7
-21.5,125.0,0.26605374823196604,0.9510707352824102,0.5470469894104439,518.9
-21.5,125.25,0.23041018387553036,0.9550887457967034,0.5425130708927933,544.1
-21.5,125.5,0.1947666195190948,0.9677473778911428,0.5277601711765537,569.3
-21.5,125.75,0.1588401697312588,0.9891391281679497,0.5318934303442027,594.7
-21.5,126.0,0.1694483734087694,0.9862234221684019,0.5557597467506694,587.2
-21.5,126.25,0.18472418670438473,0.9645770215521989,0.5680983753106214,576.4
-21.5,126.5,0.1985855728429986,0.9457691149784827,0.5574262246786683,566.6
-21.5,126.75,0.21103253182461112,0.937146617817037,0.5839702491083835,557.8
-21.5,127.0,0.22178217821782176,0.9386263597887083,0.534456850767352,550.2
-21.5,127.25,0.23097595473833088,0.940348649158014,0.4623077867028551,543.7
-21.5,127.5,0.2383309759547383,0.9326843998340051,0.4379953924642151,538.5
-21.5,127.75,0.2441301272984442,0.9142332437037649,0.4815106339317367,534.4
-21.5,128.0,0.24809052333804804,0.9100316946434222,0.4943637742753526,531.6
-21.5,128.25,0.25035360678925034,0.9235382072269331,0.4303220382166968,530.0
-21.5,128.5,0.25063649222065065,0.9276953117154012,0.41007251900388747,529.8
-21.5,128.75,0.2492220650636493,0.9230580985202065,0.4442278300534264,530.8
-21.5,129.0,0.2459688826025459,0.9166135915783995,0.5158108876392491,533.1
-21.5,129.25,0.27213578500707214,0.909400578595732,0.5786183466279312,514.6
-21.5,129.5,0.30834512022630833,0.8978931351996627,0.5841681692507069,489.0
-21.5,129.75,0.34455445544554464,0.8838504115309694,0.5688470872236098,463.4
-21.5,130.0,0.3806223479490807,0.8769524508076708,0.5785366320414832,437.9
-21.5,130.25,0.4166902404526167,0.8776786535544583,0.5826022470041378,412.4
-21.5,130.5,0.45275813295615275,0.8793202668552981,0.5852265907284258,386.9
-21.5,130.75,0.48868458274398874,0.8739382487577293,0.5920356721980973,361.5
-21.5,131.0,0.5246110325318245,0.8646297317394903,0.6025589475568709,336.1
-21.5,131.25,0.5605374823196605,0.8592274710329044,0.6095633865220721,310.7
-21.5,131.5,0.5961810466760962,0.8429546913899593,0.6137601961067554,285.5
-21.5,131.75,0.6316831683168317,0.8262212974918786,0.6186452294697251,260.4
-21.5,132.0,0.667043847241867,0.8220096788011765,0.6237320511211223,235.4
-21.5,132.25,0.7022630834512023,0.8254288021607983,0.6109023775305376,210.5
-21.5,132.5,0.7369165487977369,0.8294584155661615,0.5652995137279393,186.0
-21.5,132.75,0.7711456859971711,0.8372373777966361,0.49793873102198466,161.8
-21.5,133.0,0.8045261669024045,0.8478601420264632,0.43478504072243995,138.2
-21.5,133.25,0.8366336633663366,0.8514542495058474,0.39999171120759,115.5
-21.5,133.5,0.8664780763790665,0.8406835995048906,0.41562411452696096,94.4
-21.5,133.75,0.8920792079207921,0.8281568784744898,0.4520316052937526,76.3
-21.5,134.0,0.9100424328147101,0.8229974736414858,0.4840937819000166,63.6
-21.5,134.25,0.914992927864215,0.8274517246211277,0.5179210096908309,60.1
-21.5,134.5,0.9050919377652051,0.8282656334249918,0.5896887229012954,67.1
-21.5,134.75,0.8841584158415842,0.8354825589439971,0.583375715052192,81.9
-21.5,135.0,0.8567185289957567,0.8504789487881013,0.5142412745366056,101.3
-21.5,135.25,0.826025459688826,0.8528457457278074,0.4681216425317827,123.0
-21.5,135.5,0.7933521923620934,0.8429118369401593,0.4738973165352083,146.1
-21.5,135.75,0.7596888260254597,0.8285793556095538,0.5209469959189221,169.9
-21.5,136.0,0.7253182461103254,0.814789899896367,0.6093966694249879,194.2
-21.5,136.25,0.6903818953323904,0.8106480642997672,0.6582555290933889,218.9
-21.5,136.5,0.6551626591230552,0.814048699553519,0.6564888017121936,243.8
-21.5,136.75,0.6198019801980198,0.8235700865273667,0.6303874221349844,268.8
-21.5,137.0,0.6205091937765205,0.8338685542178235,0.6185191279067332,268.3
-21.5,137.25,0.6551626591230552,0.8361576016965497,0.6258639959636411,243.8
-21.5,137.5,0.6893917963224894,0.8364897944319013,0.604368643594372,219.6
-21.5,137.75,0.7230551626591231,0.836565934328724,0.5745380488273568,195.8
-21.5,138.0,0.7558698727015558,0.8341564611129505,0.5563447554970796,172.6
-21.5,138.25,0.7875530410183875,0.8325756048014514,0.5436734824894554,150.2
-21.5,138.5,0.8173974540311174,0.8305263073052755,0.553967183376954,129.1
-21.5,138.75,0.8444130127298444,0.8333153279849465,0.5846794414620088,110.0
-21.5,139.0,0.8669024045261668,0.8404443083575438,0.6095426919404155,94.1
-21.5,139.25,0.882036775106082,0.8493087438565396,0.6136199919277593,83.4
-21.5,139.5,0.886987270155587,0.8605876161355303,0.5501092556255359,79.9
-21.5,139.75,0.8851485148514852,0.8770908481002522,0.5133941021879939,81.2
-21.5,140.0,0.8893917963224894,0.8824805533810642,0.5137699570511034,78.2
-21.5,140.25,0.8857142857142857,0.8771275777612882,0.5478364457957282,80.8
-21.5,140.5,0.8772277227722772,0.8673591402364408,0.5800920780590207,86.8
-21.5,140.75,0.8707213578500708,0.8614037278267893,0.5117014175701401,91.4
-21.5,141.0,0.856011315417256,0.8643050421879905,0.45347385968592047,101.8
-21.5,141.25,0.848939179632249,0.8642465164207015,0.4913826907766193,106.8
-21.5,141.5,0.8628005657708628,0.8674190499738024,0.5322885937032815,97.0
-21.5,141.75,0.8677510608203678,0.872298405755944,0.5384745974219689,93.5
-21.5,142.0,0.8666195190947666,0.8760394309746463,0.5188028341816247,94.3
-21.5,142.25,0.8680339462517681,0.8820491649091886,0.5134459353457881,93.3
-21.5,142.5,0.8775106082036775,0.8981928871313479,0.5119602610136024,86.6
-21.5,142.75,0.9073550212164073,0.9170738434510889,0.5202407691439764,65.5
-21.5,143.0,0.9363507779349364,0.9317005476156316,0.5382108865613258,45.0
-21.5,143.25,0.9644978783592645,0.9451828109242797,0.5477749906245003,25.1
-21.5,143.5,0.9915134370579916,0.9597651242695526,0.5432103848144243,6.0
-21.5,143.75,0.9803394625176803,0.9812109798166943,0.5238503135636887,13.9
-21.5,144.0,0.9541725601131542,0.9876322902506854,0.47517541647708583,32.4
-21.5,144.25,0.9294200848656294,0.9322107261126191,0.4899927047086823,49.9
-21.5,144.5,0.9036775106082037,0.89035123811108,0.5315286641665914,68.1
-21.5,144.75,0.9021216407355022,0.866527711654861,0.4776830388926844,69.2
-21.5,145.0,0.8926449787835926,0.8502592363108591,0.4059456583945857,75.9
-21.5,145.25,0.883026874115983,0.8406891625026441,0.3954676403452293,82.7
-21.5,145.5,0.871994342291372,0.8423891292918873,0.4215050504562428,90.5
-21.5,145.75,0.8554455445544554,0.8588658019778062,0.3856616804468995,102.2
-21.5,146.0,0.8346534653465346,0.8834946034559658,0.3520007829385591,116.9
-21.5,146.25,0.8455445544554455,0.8917290282763741,0.32911620201329844,109.2
-21.5,146.5,0.8786421499292787,0.8861993286750803,0.3096330753646281,85.8
-21.5,146.75,0.9090523338048091,0.8852256664766361,0.29676620310234275,64.3
-21.5,147.0,0.9332390381895332,0.8970059836472325,0.3009342917022035,47.2
-21.5,147.25,0.9551626591230552,0.903391407699846,0.3211815222619012,31.7
-21.5,147.5,0.9602545968882602,0.8951370856087867,0.3573560055777506,28.1
-21.5,147.75,0.9664780763790665,0.9058630633012643,0.34459007581150536,23.7
-21.5,148.0,0.9977369165487977,0.9243202023316786,0.29738647644740146,1.6
-21.5,148.25,0.9862800565770863,0.9365517880606937,0.22487477368565056,9.7
-21.5,148.5,0.999009900990099,0.9506094957073563,0.14634318796310553,0.7
-21.5,148.75,0.9893917963224894,0.980470749155027,0.09085083809397088,7.5
-21.5,149.0,0.9852899575671853,0.9867043556704486,0.0988357457225291,10.4
-21.5,149.25,0.9946251768033946,0.9945723224051859,0.18749196211327535,3.8
-21.75,115.0,0.786987270155587,0.8510625183818366,0.6518912683084068,150.6
-21.75,115.25,0.8233380480905234,0.8435561215900746,0.57211135125171,124.9
-21.75,115.5,0.8595473833097595,0.8389960939670159,0.5365582211383734,99.3
-21.75,115.75,0.8956152758132956,0.8454006485355188,0.4871703119038672,73.8
-21.75,116.0,0.9316831683168317,0.8639117814371051,0.42367678885180693,48.3
-21.75,116.25,0.9669024045261669,0.8811369106403233,0.39865070553969545,23.4
-21.75,116.5,0.9889674681753889,0.8846198601933277,0.4391416530930464,7.8
-21.75,116.75,0.9811881188118812,0.8905753933930092,0.47183248402759465,13.3
-21.75,117.0,0.954031117397454,0.9088049069947581,0.46345986566811803,32.5
-21.75,117.25,0.9712871287128713,0.9187900986591157,0.4620167087085259,20.3
-21.75,117.5,0.9984441301272985,0.914456733398992,0.4627470630447955,1.1
-21.75,117.75,0.9652050919377652,0.906381693823647,0.4635290732488295,24.6
-21.75,118.0,0.9288543140028289,0.904248667688965,0.4580406574454554,50.3
-21.75,118.25,0.8926449787835926,0.908565764369495,0.477498770082653,75.9
-21.75,118.5,0.8562942008486563,0.8983272938524052,0.4413360684951455,101.6
-21.75,118.75,0.8425742574257425,0.896614587801333,0.4423080530247143,111.3
-21.75,119.0,0.8437057991513437,0.905485319315157,0.4561151587839645,110.5
-21.75,119.25,0.8465346534653465,0.909052538722492,0.4500960655696666,108.5
-21.75,119.5,0.8676096181046676,0.9087817314083004,0.4466886156666151,93.6
-21.75,119.75,0.881046676096181,0.9115528143150745,0.48802204544142663,84.1
-21.75,120.0,0.8842998585572843,0.9212781577668673,0.5219286991655773,81.8
-21.75,120.25,0.8765205091937766,0.9224633735627401,0.5080334963788076,87.3
-21.75,120.5,0.8595473833097595,0.9233667253833663,0.5141289532441095,99.3
-21.75,120.75,0.8362093352192362,0.9260207822007686,0.5092532034317896,115.8
-21.75,121.0,0.8087694483734088,0.9254599738001311,0.5036965793187808,135.2
-21.75,121.25,0.7789250353606789,0.9184913868715684,0.5122427001482992,156.3
-21.75,121.5,0.7473833097595474,0.913404801942552,0.5425752513414158,178.6
-21.75,121.75,0.7147100424328148,0.9009828124526509,0.5379856637544178,201.7
-21.75,122.0,0.6813295615275814,0.896945603284762,0.530225179515906,225.3
-21.75,122.25,0.6473833097595474,0.8935816023758671,0.5220251449417715,249.3
-21.75,122.5,0.613012729844413,0.8936239464151832,0.5059765291016055,273.6
-21.75,122.75,0.5782178217821783,0.8977635377472835,0.4936604163754341,298.2
-21.75,123.0,0.5434229137199433,0.9059698297569717,0.49312522612738896,322.8
-21.75,123.25,0.5083451202263083,0.9100756376901908,0.5068515843367173,347.6
-21.75,123.5,0.47298444130127293,0.9115678054723252,0.4986869755339855,372.6
-21.75,123.75,0.4377652050919377,0.9166975368517896,0.4839639088945734,397.5
-21.75,124.0,0.4022630834512022,0.9277131087388142,0.4854598982830366,422.6
-21.75,124.25,0.3667609618104668,0.9372740782922053,0.5037993753014958,447.7
-21.75,124.5,0.3312588401697313,0.942219951416859,0.5212068063989103,472.8
-21.75,124.75,0.2958981612446959,0.9488498801518709,0.5465285288942987,497.8
-21.75,125.0,0.2603960396039604,0.950670939858997,0.58705127583208,522.9
-21.75,125.25,0.22503536067892504,0.9509536714874709,0.57872091696879,547.9
-21.75,125.5,0.18967468175388968,0.9537201878839785,0.5321382195234868,572.9
-21.75,125.75,0.15431400282885432,0.9705063489920497,0.5078735968892317,597.9
-21.75,126.0,0.13380480905233383,0.9959116994757535,0.5213675601040841,612.4
-21.75,126.25,0.14851485148514854,0.9775359093736377,0.5513125875266773,602.0
-21.75,126.5,0.16166902404526162,0.9498847036673025,0.5416747630456701,592.7
-21.75,126.75,0.17355021216407363,0.9337487442937759,0.5492796188725958,584.3
-21.75,127.0,0.18373408769448374,0.9329790865338171,0.5234325699017276,577.1
-21.75,127.25,0.1925035360678925,0.942948569015749,0.4848195750473386,570.9
-21.75,127.5,0.1995756718528996,0.9464782960535874,0.4621495956444752,565.9
-21.75,127.75,0.2049504950495049,0.9344456490674118,0.47284493903577707,562.1
-21.75,128.0,0.20876944837340883,0.9234758538342697,0.4787769344936323,559.4
-21.75,128.25,0.21089108910891097,0.9287217756150538,0.44587101851842387,557.9
-21.75,128.5,0.21117397454031106,0.9307064035066387,0.4460365268198507,557.7
-21.75,128.75,0.20990099009900987,0.9263161765386538,0.4682050655494266,558.6
-21.75,129.0,0.2357850070721359,0.9165629305894065,0.5116395433497508,540.3
-21.75,129.25,0.2684582743988684,0.9028019961498237,0.5592494431102581,517.2
-21.75,129.5,0.3031117397454032,0.88467967806981,0.5804769908309239,492.7
-21.75,129.75,0.3388967468175389,0.8698397539085575,0.5838820876117621,467.4
-21.75,130.0,0.3746817538896746,0.8607348974670987,0.6017635116624008,442.1
-21.75,130.25,0.4103253182461104,0.8607299299342253,0.614265214815189,416.9
-21.75,130.5,0.4458274398868458,0.8620083012706441,0.6119133658666555,391.8
-21.75,130.75,0.48132956152758133,0.8645602933329012,0.6055410303266812,366.7
-21.75,131.0,0.5165487977369165,0.8606801400661162,0.6047871125337279,341.8
-21.75,131.25,0.5516265912305516,0.8636492799249372,0.6126553891103389,317.0
-21.75,131.5,0.5865629420084866,0.8590476267108043,0.6249478577934493,292.3
-21.75,131.75,0.6210749646393211,0.8450417521527877,0.6266720033329494,267.9
-21.75,132.0,0.6553041018387553,0.838583184425538,0.6245348526104656,243.7
-21.75,132.25,0.688967468175389,0.8378128940039206,0.6099617249844114,219.9
-21.75,132.5,0.7219236209335219,0.8365783238769315,0.5813940638030908,196.6
-21.75,132.75,0.754031117397454,0.8410884919473073,0.5317219425335901,173.9
-21.75,133.0,0.7847241867043847,0.8548428231089382,0.4650755580612259,152.2
-21.75,133.25,0.8132956152758133,0.8605148393677498,0.4104545629007635,132.0
-21.75,133.5,0.8386138613861386,0.8494124581804204,0.4160173599302632,114.1
-21.75,133.75,0.8591230551626592,0.841331585349382,0.4435758862621408,99.6
-21.75,134.0,0.8721357850070721,0.8374531625684393,0.46565916460467344,90.4
-21.75,134.25,0.8756718528995757,0.8423654559074645,0.4716762915113685,87.9
-21.75,134.5,0.8687411598302688,0.8500192187297335,0.5001060049322538,92.8
-21.75,134.75,0.8527581329561528,0.8548814714353585,0.48551687285169404,104.1
-21.75,135.0,0.8304101838755304,0.8571922096874502,0.45739586972446233,119.9
-21.75,135.25,0.8038189533239039,0.8553852871131804,0.43905149305427144,138.7
-21.75,135.5,0.7745403111739746,0.8483177611122339,0.44735187378525504,159.4
-21.75,135.75,0.7432814710042432,0.8394311015252313,0.4671469180653901,181.5
-21.75,136.0,0.7108910891089109,0.8348919230765085,0.5171104719092796,204.4
-21.75,136.25,0.6776520509193776,0.8256730599701027,0.6025840099201701,227.9
-21.75,136.5,0.6437057991513437,0.826162844327451,0.6135808430657312,251.9
-21.75,136.75,0.6094766619519094,0.8411389181405383,0.5737623727125681,276.1
-21.75,137.0,0.6073550212164074,0.8486226855055105,0.5644742608739172,277.6
-21.75,137.25,0.6405940594059406,0.8438571555175169,0.6251263566188755,254.1
-21.75,137.5,0.6732673267326732,0.8387443068411882,0.6394757281100861,231.0
-21.75,137.75,0.7049504950495049,0.8400302395848356,0.6122286681259613,208.6
-21.75,138.0,0.7355021216407356,0.838755527422302,0.583983916557951,187.0
-21.75,138.25,0.7643564356435644,0.8367595047580025,0.5436246310276164,166.6
-21.75,138.5,0.7908062234794908,0.8346236434187017,0.5185213137316276,147.9
-21.75,138.75,0.8138613861386139,0.835801658505389,0.5328006395438042,131.6
-21.75,139.0,0.8321074964639321,0.8395012802531443,0.5767188451317146,118.7
-21.75,139.25,0.8438472418670439,0.8368500539936505,0.6238859388669615,110.4
-21.75,139.5,0.8476661951909477,0.8495351591090815,0.5589313686795777,107.7
-21.75,139.75,0.8466760961810467,0.8669953737485564,0.5071870654248658,108.4
-21.75,140.0,0.84992927864215,0.8765797419889005,0.48902391139964924,106.1
-21.75,140.25,0.846958981612447,0.8809791246222143,0.5060743609634869,108.2
-21.75,140.5,0.8394625176803394,0.8791588330633154,0.5308933211690023,113.5
-21.75,140.75,0.8325318246110325,0.8812501152723076,0.5087859797342474,118.4
-21.75,141.0,0.8209335219236209,0.8723872084430562,0.5114421873120675,126.6
-21.75,141.25,0.8134370579915134,0.8645280338954131,0.5640328892861703,131.9
-21.75,141.5,0.8244695898161245,0.8696102779746807,0.5820684428417797,124.1
-21.75,141.75,0.8282885431400283,0.8815698742568019,0.5525983915262122,121.4
-21.75,142.0,0.8291371994342291,0.8933723725878524,0.4995496365842888,120.8
-21.75,142.25,0.8618104667609618,0.899046726915368,0.48101644603239435,97.7
-21.75,142.5,0.8942008486562942,0.9129569546876883,0.49149488313091194,74.8
-21.75,142.75,0.9274398868458275,0.9292995762945773,0.5040827653554432,51.3
-21.75,143.0,0.95997171145686,0.9445048322945684,0.5176709340452045,28.3
-21.75,143.25,0.9891089108910891,0.957385204433118,0.5287194875276319,7.7
-21.75,143.5,0.9841584158415841,0.9675201465317991,0.5269542107012255,11.2
-21.75,143.75,0.9551626591230552,0.9808284258682654,0.5150886725270734,31.7
-21.75,144.0,0.9272984441301273,0.9953274100029434,0.48406957375231546,51.4
-21.75,144.25,0.9005657708628005,0.9468626439985831,0.48777725626214247,70.3
-21.75,144.5,0.8759547383309759,0.8998587127903268,0.5244103727677278,87.7
-21.75,144.75,0.8633663366336634,0.869603484743762,0.4827960188821102,96.6
-21.75,145.0,0.8545968882602546,0.8530739614230273,0.41629836462744646,102.8
-21.75,145.25,0.844978783592645,0.8438239725668678,0.3908029301374358,109.6
-21.75,145.5,0.8346534653465346,0.8464861185807036,0.4311354448732754,116.9
-21.75,145.75,0.8213578500707214,0.854093059320962,0.42001073726442467,126.3
-21.75,146.0,0.8022630834512022,0.8618244565278422,0.36358417208897204,139.8
-21.75,146.25,0.8271570014144272,0.8699457578898737,0.3215019014629686,122.2
-21.75,146.5,0.8558698727015559,0.8797280453364403,0.29972420666265537,101.9
-21.75,146.75,0.8801980198019802,0.8963258548009843,0.3091236727572765,84.7
-21.75,147.0,0.9024045261669024,0.9070034617808482,0.34021666923989713,69.0
-21.75,147.25,0.9182461103253182,0.9170449183701941,0.3356936298831641,57.8
-21.75,147.5,0.9304101838755304,0.9201355649894147,0.34200209266059534,49.2
-21.75,147.75,0.9650636492220651,0.9219481013571416,0.35073741418642773,24.7
-21.75,148.0,0.9954738330975955,0.9237610359494519,0.3150884991051898,3.2
-21.75,148.25,0.9903818953323904,0.9283363814488161,0.243338176434918,6.8
-21.75,148.5,0.9973125884016973,0.9334190562375135,0.18570655480985257,1.9
-21.75,148.75,0.998019801980198,0.9466070483369019,0.1697530147774689,1.4
-21.75,149.0,0.9942008486562942,0.9565960844066312,0.14721344025013805,4.1
-21.75,149.25,0.9729844413012729,0.9895981219350767,0.16042693869653424,19.1
-22.0,114.0,0.6388967468175388,0.849820850925378,0.7118737234936536,255.3
-22.0,114.75,0.7462517680339462,0.8419831766357241,0.6885430325016688,179.4
-22.0,115.0,0.7816124469589816,0.8355288685656947,0.5988074099405895,154.4
-22.0,115.25,0.8166902404526167,0.8279740498167834,0.5293563133145608,129.6
-22.0,115.5,0.8512022630834513,0.8250712393404694,0.5356109605093196,105.2
-22.0,115.75,0.8847241867043847,0.8313768660118327,0.50654366378956,81.5
-22.0,116.0,0.9158415841584159,0.8430213052904694,0.4264574056786982,59.5
-22.0,116.25,0.9407355021216407,0.8548766068066198,0.3684759908248993,41.9
-22.0,116.5,0.9497878359264498,0.8646236398181998,0.3953868927953074,35.5
-22.0,116.75,0.9451202263083451,0.8754920110828802,0.4049945135021523,38.8
-22.0,117.0,0.9398868458274399,0.8921122535094923,0.386213535957743,42.5
-22.0,117.25,0.9758132956152759,0.9081647319481363,0.3684340536742212,17.1
-22.0,117.5,0.9912305516265912,0.9068609289592711,0.3555409263702547,6.2
-22.0,117.75,0.9616690240452617,0.9028296044171413,0.35795128102861196,27.1
-22.0,118.0,0.9287128712871288,0.9033197535271189,0.40140751715077155,50.4
-22.0,118.25,0.9007072135785007,0.9101779131849339,0.4529451808171504,70.2
-22.0,118.5,0.8881188118811881,0.902961228548413,0.46111138523015005,79.1
-22.0,118.75,0.8817538896746817,0.8981218091590941,0.4589271075942986,83.6
-22.0,119.0,0.8831683168316832,0.9040666085245082,0.46375753562809957,82.6
-22.0,119.25,0.8823196605374823,0.903699723128542,0.4614698012012405,83.2
-22.0,119.5,0.9001414427157002,0.8996792190441283,0.4651821416036677,70.6
-22.0,119.75,0.9188118811881189,0.9087320043916033,0.4992112705038377,57.4
-22.0,120.0,0.9236209335219236,0.9244936207899919,0.5360648229855273,54.0
-22.0,120.25,0.9123055162659123,0.9289776859550355,0.5201933843542019,62.0
-22.0,120.5,0.8896746817538896,0.9322291654971873,0.5147191034013829,78.0
-22.0,120.75,0.8612446958981612,0.9298838154498451,0.5063585246466552,98.1
-22.0,121.0,0.8298444130127298,0.9173169278412026,0.5007241991487815,120.3
-22.0,121.25,0.7968882602545969,0.9053710788962472,0.5173335350012793,143.6
-22.0,121.5,0.7630834512022631,0.896377791037172,0.5497520323328275,167.5
-22.0,121.75,0.7285714285714285,0.886011125602711,0.5429688674420531,191.9
-22.0,122.0,0.6936350777934936,0.8832697478838119,0.5486108808803085,216.6
-22.0,122.25,0.6585572842998586,0.8807533353237693,0.5625201701658072,241.4
-22.0,122.5,0.6231966053748232,0.8805787644139602,0.5513980413210259,266.4
-22.0,122.75,0.5876944837340876,0.8839790663492139,0.5343964109844763,291.5
-22.0,123.0,0.5521923620933522,0.8945672104718619,0.5299723800507314,316.6
-22.0,123.25,0.5168316831683168,0.9009760596395306,0.5492690137053605,341.6
-22.0,123.5,0.4814710042432815,0.9021722566460072,0.5294091457434319,366.6
-22.0,123.75,0.44596888260254597,0.9079879971092708,0.5046243380445602,391.7
-22.0,124.0,0.41046676096181045,0.9185067179855144,0.5010549256406772,416.8
-22.0,124.25,0.37524752475247525,0.9299945446284092,0.5165810999976659,441.7
-22.0,124.5,0.33974540311173973,0.9406231818292387,0.5255638539359535,466.8
-22.0,124.75,0.30438472418670437,0.9526574721982382,0.5402070594755927,491.8
-22.0,125.0,0.26888260254596896,0.9585754895752655,0.5735075585879643,516.9
-22.0,125.25,0.23323903818953318,0.9546691503402395,0.5752262081365415,542.1
-22.0,125.5,0.1975954738330976,0.954516135507914,0.5357812878761009,567.3
-22.0,125.75,0.16195190947666194,0.96053124098931,0.5126907926399017,592.5
-22.0,126.0,0.12630834512022626,0.9774584072304247,0.5207313790081726,617.7
-22.0,126.25,0.11188118811881187,0.9956449747686225,0.5491619305273803,627.9
-22.0,126.5,0.1246110325318246,0.9810637267711817,0.5408630970548383,618.9
-22.0,126.75,0.1357850070721358,0.9608012785961209,0.544174375175378,611.0
-22.0,127.0,0.14568599717114572,0.9502069244412455,0.5538532503569146,604.0
-22.0,127.25,0.15388967468175385,0.9547786727413935,0.5193656010879366,598.2
-22.0,127.5,0.16067892503536074,0.9596395733912914,0.48322525416145545,593.4
-22.0,127.75,0.16577086280056585,0.9490834258303705,0.4732064334064753,589.8
-22.0,128.0,0.1694483734087694,0.9359961443702507,0.4814196357946391,587.2
-22.0,128.25,0.17142857142857149,0.9337280165424547,0.4682728709271754,585.8
-22.0,128.5,0.18401697312588405,0.9351278749216816,0.46548745115220486,576.9
-22.0,128.75,0.2178217821782178,0.9339519936259381,0.46626043568199604,553.0
-22.0,129.0,0.2514851485148514,0.9239954506106158,0.48788509695206816,529.2
-22.0,129.25,0.28486562942008486,0.9093459929185796,0.5241205196863317,505.6
-22.0,129.5,0.3181046676096181,0.8882434988593868,0.5715287117447885,482.1
-22.0,129.75,0.35091937765205095,0.8705092877526035,0.6144111889787904,458.9
-22.0,130.0,0.38359264497878354,0.857208598768243,0.6457931682099338,435.8
-22.0,130.25,0.4157001414427157,0.8529652570315618,0.6523377490724661,413.1
-22.0,130.5,0.44738330975954743,0.8557426336961538,0.6484644937921106,390.7
-22.0,130.75,0.47864214992927856,0.8565374676304933,0.636486247510852,368.6
-22.0,131.0,0.509052333804809,0.8580820063539976,0.627676141827008,347.1
-22.0,131.25,0.5396039603960396,0.8548604758286458,0.6322121072386387,325.5
-22.0,131.5,0.5734087694483734,0.8553080052385995,0.6376675309792004,301.6
-22.0,131.75,0.6067892503536068,0.8573470246687085,0.6410827010571846,278.0
-22.0,132.0,0.6394625176803395,0.8537734158006767,0.6333507927480164,254.9
-22.0,132.25,0.6714285714285715,0.854344097484478,0.6265782491417526,232.3
-22.0,132.5,0.7024045261669024,0.8532833669994272,0.5998883472520888,210.4
-22.0,132.75,0.732107496463932,0.8479085451089245,0.5860591447082193,189.4
-22.0,133.0,0.7598302687411598,0.8643998086913719,0.5241228083394431,169.8
-22.0,133.25,0.785007072135785,0.8777607888328274,0.4391818334607023,152.0
-22.0,133.5,0.8066478076379067,0.873803864431075,0.4007152640536267,136.7
-22.0,133.75,0.8233380480905234,0.8579666151292404,0.4170640480314664,124.9
-22.0,134.0,0.8335219236209335,0.8509657921089305,0.44281518309622986,117.7
-22.0,134.25,0.8362093352192362,0.8506057657754347,0.4530415621242428,115.8
-22.0,134.5,0.830975954738331,0.8560726196508601,0.44934429137434584,119.5
-22.0,134.75,0.8183875530410184,0.8595802142809993,0.44266100523943286,128.4
-22.0,135.0,0.7998585572842999,0.8583848012636603,0.43466184026902616,141.5
-22.0,135.25,0.7769448373408769,0.8543839484110013,0.4493842299828701,157.7
-22.0,135.5,0.7507779349363508,0.8491757846489257,0.4590313863663535,176.2
-22.0,135.75,0.7222065063649221,0.8494028244997297,0.4810559655917573,196.4
-22.0,136.0,0.692079207920792,0.849355043059542,0.4919225550345402,217.7
-22.0,136.25,0.6608203677510608,0.8436309537892572,0.5283934833974382,239.8
-22.0,136.5,0.6284299858557285,0.8396506290683833,0.5723534004941705,262.7
-22.0,136.75,0.5954738330975955,0.8498818384635807,0.5386023751816058,286.0
-22.0,137.0,0.5906647807637907,0.8578841999611845,0.5328591774881787,289.4
-22.0,137.25,0.6224893917963226,0.8524965669827599,0.5811613948149326,266.9
-22.0,137.5,0.6533239038189533,0.8518826647238453,0.6148029193582019,245.1
-22.0,137.75,0.6830268741159831,0.8467710730296991,0.6083865675390188,224.1
-22.0,138.0,0.7111739745403112,0.843533077383366,0.5849158174235167,204.2
-22.0,138.25,0.7371994342291373,0.844183293846183,0.538652016389941,185.8
-22.0,138.5,0.7606789250353607,0.8383663788884408,0.5050736876836465,169.2
-22.0,138.75,0.7804809052333805,0.8408415770956733,0.5065711276268987,155.2
-22.0,139.0,0.7956152758132956,0.8444422571200343,0.5375040473299136,144.5
-22.0,139.25,0.8052333804809053,0.8377736018695225,0.5952247491363001,137.7
-22.0,139.5,0.8082036775106082,0.8425375923416568,0.5404807146951782,135.6
-22.0,139.75,0.8077793493635077,0.8589842075223186,0.4792821949611975,135.9
-22.0,140.0,0.8104667609618105,0.8713971689855281,0.45773757208092825,134.0
-22.0,140.25,0.807920792079208,0.8728849932475262,0.46805894633034634,135.8
-22.0,140.5,0.800990099009901,0.8755160226744438,0.48751024136003546,140.7
-22.0,140.75,0.7939179632248939,0.8809700249549863,0.47239918354911237,145.7
-22.0,141.0,0.7842998585572842,0.8792245664391565,0.4922752332555763,152.5
-22.0,141.25,0.7766619519094766,0.88103458240104,0.5447797239233854,157.9
-22.0,141.5,0.7857142857142857,0.8861682931411192,0.5583746135170025,151.5
-22.0,141.75,0.8074964639321075,0.9031998453199332,0.5453489055053199,136.1
-22.0,142.0,0.8427157001414427,0.9131177105164856,0.5058724759714067,111.2
-22.0,142.25,0.8776520509193777,0.9111791659557634,0.4741955344825545,86.5
-22.0,142.5,0.9113154172560113,0.9150870447279915,0.4629267706658792,62.7
-22.0,142.75,0.9442715700141443,0.9292882758135838,0.47783823213783366,39.4
-22.0,143.0,0.9768033946251768,0.9445829581385197,0.4998375394753577,16.4
-22.0,143.25,0.9903818953323904,0.9596539469111477,0.5105268550056474,6.8
-22.0,143.5,0.9581329561527582,0.9733334138071121,0.5184964286583582,29.6
-22.0,143.75,0.9321074964639321,0.988127178352853,0.5075984588803062,48.0
-22.0,144.0,0.9018387553041018,0.9937322206736172,0.48042368487650056,69.4
-22.0,144.25,0.8745403111739746,0.9590473725020782,0.4631406791454327,88.7
-22.0,144.5,0.846958981612447,0.9102036322158908,0.499523059197099,108.2
-22.0,144.75,0.8243281471004243,0.8826357489679373,0.5171306507381224,124.2
-22.0,145.0,0.8165487977369166,0.865165294409441,0.46454982865386013,129.7
-22.0,145.25,0.806930693069307,0.8547937904794748,0.41868214189861386,136.5
-22.0,145.5,0.7971711456859971,0.8504050949237946,0.42555069611463514,143.4
-22.0,145.75,0.7852899575671852,0.854408955059728,0.4122945916506305,151.8
-22.0,146.0,0.7775106082036775,0.8640808226920751,0.3589143849394169,157.3
-22.0,146.25,0.8024045261669024,0.8781586203551836,0.3181136150004075,139.7
-22.0,146.5,0.8268741159830268,0.9025048312998413,0.31773287660284166,122.4
-22.0,146.75,0.848939179632249,0.9193783916153132,0.3348455066153018,106.8
-22.0,147.0,0.8780763790664781,0.9263312322791786,0.38880164804685646,86.2
-22.0,147.25,0.9084865629420085,0.9341895130162099,0.39927373493885326,64.7
-22.0,147.5,0.9377652050919377,0.9419099924145303,0.39479901517387,44.0
-22.0,147.75,0.9674681753889675,0.943768086806148,0.35489497820543037,23.0
-22.0,148.0,0.998019801980198,0.9436007317182489,0.30686722196203386,1.4
-22.0,148.25,0.9954738330975955,0.9438295499002265,0.24231937122021482,3.2
-22.0,148.5,0.979066478076379,0.9500261049337483,0.1936435070970859,14.8
-22.0,148.75,0.9773691654879774,0.9426827602249948,0.18660261085485413,16.0
-22.0,149.0,0.9977369165487977,0.9460570441166646,0.1894645071017567,1.6
-22.0,149.25,0.9817538896746818,0.9884584136826201,0.1809509915204403,12.9
-22.0,149.5,0.9516265912305516,0.9924574360539715,0.32670265613440536,34.2
-22.25,114.0,0.6316831683168317,0.8520466775984439,0.7079859143135817,260.4
-22.25,114.5,0.7014144271570014,0.858037076838188,0.7078565570609524,211.1
-22.25,114.75,0.7357850070721358,0.841551097675903,0.664972016815695,186.8
-22.25,115.0,0.7694483734087695,0.8314511639900212,0.6052808007975317,163.0
-22.25,115.25,0.8024045261669024,0.823347263817362,0.5737365850718745,139.7
-22.25,115.5,0.8338048090523338,0.8219499119566438,0.5695602766615426,117.5
-22.25,115.75,0.8628005657708628,0.8271589694120858,0.5251683037622642,97.0
-22.25,116.0,0.8876944837340877,0.8290409846293338,0.4204564927510893,79.4
-22.25,116.25,0.9048090523338048,0.8330005820470875,0.35816664006295457,67.3
-22.25,116.5,0.9104667609618105,0.8553326019373576,0.322829368619499,63.3
-22.25,116.75,0.9067892503536068,0.8759977384840336,0.313183453266224,65.9
-22.25,117.0,0.9316831683168317,0.8899575857554844,0.302326824299659,48.3
-22.25,117.25,0.9676096181046676,0.9133646678652341,0.2974943010200517,22.9
-22.25,117.5,0.9992927864214993,0.9144648371523931,0.2869561816506037,0.5
-22.25,117.75,0.9654879773691655,0.9044475723604107,0.3138149764695353,24.4
-22.25,118.0,0.9432814710042433,0.8984548771165323,0.349326878592313,40.1
-22.25,118.25,0.9383309759547384,0.9033027985499704,0.39514129775225154,43.6
-22.25,118.5,0.9227722772277228,0.900228833604034,0.438116481554547,54.6
-22.25,118.75,0.9206506364922207,0.896177145895839,0.4451454671302334,56.1
-22.25,119.0,0.9224893917963225,0.9020123164433759,0.4479874585419756,54.8
-22.25,119.25,0.921074964639321,0.9015225638228901,0.4429421872266459,55.8
-22.25,119.5,0.9268741159830268,0.9044981852609462,0.45846486413486554,51.7
-22.25,119.75,0.9536067892503536,0.9130532839571887,0.49061857074831644,32.8
-22.25,120.0,0.9626591230551627,0.9379443853932898,0.5253594546489058,26.4
-22.25,120.25,0.942998585572843,0.9454876001047944,0.5190304584625721,40.3
-22.25,120.5,0.9121640735502121,0.9430278541517296,0.5192369046436001,62.1
-22.25,120.75,0.8785007072135785,0.9294638141558133,0.5178075924236053,85.9
-22.25,121.0,0.8437057991513437,0.9140649482881661,0.5139843329316446,110.5
-22.25,121.25,0.8083451202263083,0.8955159446705139,0.5383607127537557,135.5
-22.25,121.5,0.7728429985855728,0.886031575707875,0.5705629001317106,160.6
-22.25,121.75,0.7371994342291373,0.8765663240032655,0.56683017137586,185.8
-22.25,122.0,0.7019801980198019,0.8731734209918944,0.5787072817537733,210.7
-22.25,122.25,0.6664780763790665,0.8724798641614332,0.5857917429915018,235.8
-22.25,122.5,0.630975954738331,0.868140794167385,0.5829240122908924,260.9
-22.25,122.75,0.5956152758132957,0.8720348467938625,0.5685908225442169,285.9
-22.25,123.0,0.5603960396039604,0.8796839685619248,0.5561163414696358,310.8
-22.25,123.25,0.5248939179632249,0.8900730990210765,0.5554331140467339,335.9
-22.25,123.5,0.4893917963224894,0.8966084149652527,0.5353247338148958,361.0
-22.25,123.75,0.4538896746817539,0.9019105532945789,0.5159216133214773,386.1
-22.25,124.0,0.4182461103253182,0.9138929830126389,0.5107623122824556,411.3
-22.25,124.25,0.38260254596888266,0.9255149529435281,0.5172426658023853,436.5
-22.25,124.5,0.3468175388967468,0.9369884634068818,0.5200481032334442,461.8
-22.25,124.75,0.311032531824611,0.9438201330772389,0.5205950913271067,487.1
-22.25,125.0,0.27524752475247527,0.9478553795763415,0.5397845773346539,512.4
-22.25,125.25,0.23946251768033944,0.9470143653883469,0.5456830488596075,537.7
-22.25,125.5,0.20367751060820372,0.9548140149130283,0.5558173982448951,563.0
-22.25,125.75,0.16775106082036784,0.96365894570546,0.5367467932609455,588.4
-22.25,126.0,0.1319660537482319,0.9714671757952783,0.5427295259018654,613.7
-22.25,126.25,0.09603960396039601,0.9849233930421961,0.5578423243785353,639.1
-22.25,126.5,0.0871287128712872,0.996938436875972,0.5598562585303298,645.4
-22.25,126.75,0.098019801980198,0.978004340035678,0.5806864831770087,637.7
-22.25,127.0,0.10735502121640728,0.9701940174444021,0.5836120910136999,631.1
-22.25,127.25,0.11527581329561531,0.966380440443328,0.5482525293783198,625.5
-22.25,127.5,0.12164073550212162,0.967289206446019,0.5021647934615798,621.0
-22.25,127.75,0.12659123055162658,0.9631402299512686,0.48269794526109727,617.5
-22.25,128.0,0.13012729844413018,0.9520505253199654,0.4907086824352652,615.0
-22.25,128.25,0.16322489391796324,0.9450675151089365,0.4771765373949108,591.6
-22.25,128.5,0.1973125884016973,0.9409280562442298,0.48984239499798937,567.5
-22.25,128.75,0.23140028288543146,0.9357704413015346,0.4874199362657815,543.4
-22.25,129.0,0.2654879773691655,0.9342053657931118,0.49454293390907156,519.3
-22.25,129.25,0.29957567185289957,0.9184684248026531,0.518934496204641,495.2
-22.25,129.5,0.3333804809052333,0.8965845631824352,0.5685582334132904,471.3
-22.25,129.75,0.36690240452616685,0.8738119545168889,0.6190526419581334,447.6
-22.25,130.0,0.40028288543140034,0.8585967232189793,0.6484986946505804,424.0
-22.25,130.25,0.43323903818953324,0.8446026340550001,0.6756098537682501,400.7
-22.25,130.5,0.46591230551626583,0.8442777529601382,0.6700562919375737,377.6
-22.25,130.75,0.4981612446958982,0.8432897608613487,0.6641538233283126,354.8
-22.25,131.0,0.5298444130127299,0.84080883775117,0.6511219101655882,332.4
-22.25,131.25,0.560961810466761,0.8376328927948021,0.653300369465008,310.4
-22.25,131.5,0.5912305516265912,0.8446145516443095,0.6462856476780803,289.0
-22.25,131.75,0.6205091937765205,0.8493111468907243,0.6418782175380319,268.3
-22.25,132.0,0.6485148514851485,0.8573525578558644,0.6429606537561465,248.5
-22.25,132.25,0.6749646393210749,0.8576558822205999,0.6293089507666264,229.8
-22.25,132.5,0.6995756718528996,0.8578630871230862,0.6319173222709598,212.4
-22.25,132.75,0.7216407355021216,0.8513798791151982,0.62399016928719,196.8
-22.25,133.0,0.7405940594059406,0.8675711958554781,0.55946812230334,183.4
-22.25,133.25,0.7557284299858558,0.8910240682883251,0.4609050679873256,172.7
-22.25,133.5,0.7722772277227723,0.8866276431204233,0.41277064761511006,161.0
-22.25,133.75,0.7862800565770863,0.8746098854877726,0.41381134008985204,151.1
-22.25,134.0,0.7946251768033946,0.8598095176835269,0.43787256270813624,145.2
-22.25,134.25,0.7967468175388968,0.8572244473630637,0.45867513011017114,143.7
-22.25,134.5,0.7925035360678925,0.8628697061789239,0.4630578202324291,146.7
-22.25,134.75,0.7821782178217822,0.8614443914512915,0.4660752804218159,154.0
-22.25,135.0,0.7664780763790665,0.8598576020611847,0.48353528607169455,165.1
-22.25,135.25,0.7465346534653465,0.8562619932534086,0.49736513330658144,179.2
-22.25,135.5,0.7233380480905234,0.854696332604092,0.5363064692961019,195.6
-22.25,135.75,0.6974540311173975,0.8502251292202421,0.5714881767970731,213.9
-22.25,136.0,0.6695898161244696,0.8565298418128396,0.563532528470337,233.6
-22.25,136.25,0.6403111739745403,0.863188071212741,0.5142615339518255,254.3
-22.25,136.5,0.6097595473833097,0.8513317157700074,0.5564916644626561,275.9
-22.25,136.75,0.5783592644978783,0.8446087125580779,0.5841816755275202,298.1
-22.25,137.0,0.571004243281471,0.8455250557808252,0.5814914766158109,303.3
-22.25,137.25,0.6011315417256011,0.8510459480449496,0.5926287718167751,282.0
-22.25,137.5,0.6302687411598302,0.8535750311806589,0.6091315724786575,261.4
-22.25,137.75,0.6578500707213578,0.8459628227260264,0.6113967266026342,241.9
-22.25,138.0,0.6837340876944837,0.8404361495608551,0.5987551093818076,223.6
-22.25,138.25,0.7072135785007072,0.8401364761979281,0.5496300729096222,207.0
-22.25,138.5,0.728005657708628,0.8481965309203161,0.5107445832794788,192.3
-22.25,138.75,0.7452616690240452,0.8471270750732902,0.5021004855326,180.1
-22.25,139.0,0.7582743988684583,0.8518693847440809,0.5204984521436075,170.9
-22.25,139.25,0.7661951909476662,0.8456564946912819,0.572083436130659,165.3
-22.25,139.5,0.7685997171145686,0.8454782651411595,0.5295979757424109,163.6
-22.25,139.75,0.7687411598302687,0.8558812292879616,0.4819712011945247,163.5
-22.25,140.0,0.771004243281471,0.8652865878619361,0.4547083623977504,161.9
-22.25,140.25,0.7687411598302687,0.8690195206066688,0.46135082347399026,163.5
-22.25,140.5,0.7623762376237624,0.8654202697644637,0.4663064666206342,168.0
-22.25,140.75,0.7550212164073551,0.8742681302783181,0.4512913871849176,173.2
-22.25,141.0,0.7468175388967468,0.8819802106332586,0.4695091626565784,179.0
-22.25,141.25,0.741018387553041,0.8872662024290211,0.48877920280674225,183.1
-22.25,141.5,0.7770862800565771,0.9051204439444579,0.48978068195035446,157.6
-22.25,141.75,0.813012729844413,0.9201852468607254,0.4759992832454207,132.2
-22.25,142.0,0.8487977369165488,0.9209742458113,0.5045234277830709,106.9
-22.25,142.25,0.8844413012729845,0.9130890643318508,0.4834846778268333,81.7
-22.25,142.5,0.9202263083451202,0.9015877133810959,0.4608146823066945,56.4
-22.25,142.75,0.9564356435643564,0.9055278711498769,0.48046563814445403,30.8
-22.25,143.0,0.9923620933521924,0.9234197994893695,0.4941798439281054,5.4
-22.25,143.25,0.9735502121640736,0.9480636310909815,0.5045409956132934,18.7
-22.25,143.5,0.9408769448373409,0.9659994560766983,0.5054747660828094,41.8
-22.25,143.75,0.9083451202263083,0.9874150309100388,0.5106107615415543,64.8
-22.25,144.0,0.8787835926449787,0.9951410243975691,0.4845260794616943,85.7
-22.25,144.25,0.8504950495049505,0.9676212236384284,0.4577136056923586,105.7
-22.25,144.5,0.8213578500707214,0.9333505497689069,0.4796557611711954,126.3
-22.25,144.75,0.8018387553041019,0.9014512191646099,0.500325554458209,140.1
-22.25,145.0,0.7973125884016973,0.8915729759040121,0.5167648369376079,143.3
-22.25,145.25,0.7964639321074964,0.8828296685828816,0.47744993473808944,143.9
-22.25,145.5,0.7956152758132956,0.8785748947241476,0.43375724206804483,144.5
-22.25,145.75,0.7973125884016973,0.8809827238001402,0.4106899879430208,143.3
-22.25,146.0,0.8118811881188119,0.891795125428969,0.36044247994054374,133.0
-22.25,146.25,0.8288543140028288,0.9081852600064849,0.3370635821777373,121.0
-22.25,146.5,0.8437057991513437,0.9262447552560642,0.3258835439623234,110.5
-22.25,146.75,0.8582743988684582,0.9307569368258928,0.32758093482460376,100.2
-22.25,147.0,0.8933521923620933,0.9370801474558205,0.36003914512282004,75.4
-22.25,147.25,0.9275813295615276,0.9504982770285034,0.3869032586426447,51.2
-22.25,147.5,0.9605374823196605,0.9603922026138997,0.41357880003989733,27.9
-22.25,147.75,0.9896746817538897,0.9610600690903714,0.37160362870914954,7.3
-22.25,148.0,0.9803394625176803,0.9534483203974624,0.2991054644587628,13.9
-22.25,148.25,0.9987270155586987,0.9491078889923443,0.2322298278606324,0.9
-22.25,148.5,0.9666195190947666,0.9506563405247297,0.203634106502782,23.6
-22.25,148.75,0.9594059405940594,0.9405225153652385,0.19246186904867793,28.7
-22.25,149.0,0.9910891089108911,0.9437881303726938,0.20573075451210132,6.3
-22.25,149.25,0.9951909476661952,0.972026279602427,0.17598425968829814,3.4
-22.25,149.5,0.9738330975954739,0.9977986240538723,0.2666239485802696,18.5
-22.25,150.0,0.9108910891089109,0.9905197184875881,0.5332573708950391,63.0
-22.25,150.5,0.8738330975954738,0.9775745131950981,0.6025663937381213,89.2
-22.5,113.75,0.5862800565770863,0.850993663021169,0.8350617666053411,292.5
-22.5,114.0,0.6205091937765205,0.8566560981050212,0.7491763193861963,268.3
-22.5,114.25,0.6543140028288543,0.8657751503071046,0.7201562785180078,244.4
-22.5,114.5,0.6875530410183875,0.8618666948423934,0.6551378516853565,220.9
-22.5,114.75,0.7200848656294201,0.844747503554905,0.5996824974102519,197.9
-22.5,115.0,0.7516265912305516,0.8340908242754492,0.6312653301278479,175.6
-22.5,115.25,0.7816124469589816,0.8239852864682263,0.6407955073262348,154.4
-22.5,115.5,0.8096181046676096,0.8214636400970452,0.6127120252162123,134.6
-22.5,115.75,0.8342291371994343,0.8281051385838123,0.5567328917240694,117.2
-22.5,116.0,0.8541725601131542,0.8268243203333709,0.4460959834489248,103.1
-22.5,116.25,0.8669024045261668,0.8317175362211553,0.36644456942925935,94.1
-22.5,116.5,0.8711456859971711,0.84730999171365,0.3169252882826947,91.1
-22.5,116.75,0.8964639321074964,0.8790079168797585,0.2736435861362046,73.2
-22.5,117.0,0.9322489391796323,0.8977348947996053,0.2688704550165698,47.9
-22.5,117.25,0.9674681753889675,0.9125382378069512,0.27102609225397584,23.0
-22.5,117.5,0.9991513437057992,0.9118725093855063,0.281711781397293,0.6
-22.5,117.75,0.9772277227722772,0.8996112308255823,0.2944429623177036,16.1
-22.5,118.0,0.9827439886845828,0.9084230973162263,0.30676821353904576,12.2
-22.5,118.25,0.9749646393210749,0.9121686975987757,0.324778366268572,17.7
-22.5,118.5,0.9513437057991514,0.9067768636827295,0.3882841706845127,34.4
-22.5,118.75,0.9582743988684583,0.8946727181368582,0.4499548943541445,29.5
-22.5,119.0,0.9618104667609618,0.8914192627180473,0.4385020390174675,27.0
-22.5,119.25,0.9584158415841584,0.8974811845765862,0.43577061211519924,29.4
-22.5,119.5,0.9383309759547384,0.9031418693317556,0.44187670638228727,43.6
-22.5,119.75,0.9743988684582744,0.9171752592602387,0.48065345275508076,18.1
-22.5,120.0,0.9919377652050919,0.9410402956956779,0.5131014608179476,5.7
-22.5,120.25,0.957001414427157,0.948752901187128,0.5179430903581748,30.4
-22.5,120.5,0.921923620933522,0.9425750556267052,0.553208333697718,55.2
-22.5,120.75,0.8867043847241867,0.9329885863735877,0.547592510832042,80.1
-22.5,121.0,0.8510608203677511,0.9144621500950234,0.549252445146215,105.3
-22.5,121.25,0.8155586987270156,0.8980944984008533,0.5716752661303054,130.4
-22.5,121.5,0.7804809052333805,0.8937248347288735,0.6058176672422221,155.2
-22.5,121.75,0.7451202263083452,0.8860786274776786,0.5934177446837965,180.2
-22.5,122.0,0.7096181046676096,0.8811143509255932,0.5926115263320613,205.3
-22.5,122.25,0.673974540311174,0.872373576911796,0.5780157861685739,230.5
-22.5,122.5,0.6383309759547384,0.8730985758249461,0.5733809735067095,255.7
-22.5,122.75,0.6025459688826025,0.8703269431952264,0.5895275340296849,281.0
-22.5,123.0,0.5667609618104668,0.8766724589781931,0.5767685185746005,306.3
-22.5,123.25,0.5309759547383309,0.8868791300878488,0.5456681887316577,331.6
-22.5,123.5,0.49504950495049505,0.8944635218728916,0.5375078510069159,357.0
-22.5,123.75,0.4592644978783592,0.9007509542658149,0.522256524547895,382.3
-22.5,124.0,0.42333804809052333,0.9111813185357435,0.5316126351716,407.7
-22.5,124.25,0.38741159830268734,0.9239279288350973,0.5362310404470731,433.1
-22.5,124.5,0.35148514851485146,0.9308137845941153,0.5289460319511253,458.5
-22.5,124.75,0.3155586987270156,0.9322564131860942,0.521445664420835,483.9
-22.5,125.0,0.2796322489391796,0.9369942912285657,0.5374664296090518,509.3
-22.5,125.25,0.2437057991513436,0.9503739478537674,0.5555975263734311,534.7
-22.5,125.5,0.20777934936350773,0.9618111049187044,0.5665106786249414,560.1
-22.5,125.75,0.17185289957567185,0.9748262127529718,0.5936054464734951,585.5
-22.5,126.0,0.1357850070721358,0.9884961366458588,0.5986349712107262,611.0
-22.5,126.25,0.09985855728429993,0.9947047102509822,0.5949482733935136,636.4
-22.5,126.5,0.06393210749646394,0.989702075802457,0.5887942463492863,661.8
-22.5,126.75,0.05997171145685998,0.9738613854964657,0.6023993865300792,664.6
-22.5,127.0,0.0688826025459689,0.9700387377664412,0.6028722190394721,658.3
-22.5,127.25,0.07652050919377651,0.9690972778962907,0.5591063539389595,652.9
-22.5,127.5,0.08260254596888261,0.9690086223951557,0.5203845674753942,648.6
-22.5,127.75,0.10565770862800572,0.966927744263526,0.5010281709634576,632.3
-22.5,128.0,0.14045261669024034,0.9626855595693065,0.518254798465059,607.7
-22.5,128.25,0.17510608203677502,0.956843604796423,0.5034343190129268,583.2
-22.5,128.5,0.2097595473833097,0.9484210019512003,0.504726650509012,558.7
-22.5,128.75,0.2441301272984442,0.9461021124305592,0.518412618826104,534.4
-22.5,129.0,0.27850070721357845,0.9371498665448721,0.5192790513188588,510.1
-22.5,129.25,0.3125884016973126,0.9236051185578884,0.5468809008871016,486.0
-22.5,129.5,0.34667609618104667,0.9026145035392465,0.5807971605074106,461.9
-22.5,129.75,0.3807637906647807,0.8849871336882255,0.600251437233055,437.8
-22.5,130.0,0.4148514851485149,0.8652292034874423,0.6176362396757609,413.7
-22.5,130.25,0.4486562942008486,0.8513763011902875,0.642808458324228,389.8
-22.5,130.5,0.48217821782178216,0.8363705688531458,0.6665193880782402,366.1
-22.5,130.75,0.5152758132956152,0.8362289913343881,0.6578701166859474,342.7
-22.5,131.0,0.5480905233380481,0.8316365013055793,0.6442817062370545,319.5
-22.5,131.25,0.5804809052333805,0.8251939431358162,0.6429904223638724,296.6
-22.5,131.5,0.6121640735502122,0.828987745482209,0.6289569011193322,274.2
-22.5,131.75,0.6431400282885431,0.8367754915547116,0.6245410577615075,252.3
-22.5,132.0,0.672984441301273,0.8403681601021753,0.6182411693746069,231.2
-22.5,132.25,0.7015558698727016,0.8471646955232356,0.629616065450012,211.0
-22.5,132.5,0.7284299858557284,0.8463803896664259,0.6307963335300081,192.0
-22.5,132.75,0.7530410183875531,0.8458814803730026,0.6460216628237548,174.6
-22.5,133.0,0.7745403111739746,0.8590604411495584,0.6043612941167744,159.4
-22.5,133.25,0.7920792079207921,0.8775358418095214,0.505619821561711,147.0
-22.5,133.5,0.8045261669024045,0.8907978932088277,0.4408608989808147,138.2
-22.5,133.75,0.810891089108911,0.8741516494321342,0.43774057833961116,133.7
-22.5,134.0,0.8104667609618105,0.8682682865748717,0.46779370432853706,134.0
-22.5,134.25,0.8035360678925035,0.861165450038055,0.49991769068608854,138.9
-22.5,134.5,0.7905233380480905,0.8603345877684555,0.5353332276190492,148.1
-22.5,134.75,0.7725601131541726,0.8515521340405674,0.5554646716720326,160.8
-22.5,135.0,0.7513437057991513,0.848956109864333,0.5688123867296013,175.8
-22.5,135.25,0.727015558698727,0.8566425936986947,0.5819520116440481,193.0
-22.5,135.5,0.7002828854314003,0.8533826259527196,0.6157429110960352,211.9
-22.5,135.75,0.6718528995756718,0.8647454060014474,0.6160302982342902,232.0
-22.5,136.0,0.6442715700141443,0.8748828936134831,0.6124739085889576,251.5
-22.5,136.25,0.6168316831683169,0.8814816989891441,0.5670337325645852,270.9
-22.5,136.5,0.5881188118811882,0.863946312681588,0.5915856617507181,291.2
-22.5,136.75,0.5582743988684582,0.8495706975942123,0.615855216271256,312.3
-22.5,137.0,0.5487977369165489,0.8429210945559328,0.6355016592718941,319.0
-22.5,137.25,0.5773691654879773,0.8417241638643638,0.6395966076758375,298.8
-22.5,137.5,0.6045261669024045,0.8473194254166092,0.6438816432262439,279.6
-22.5,137.75,0.6301272984441302,0.8472631132250049,0.6401075253070799,261.5
-22.5,138.0,0.653889674681754,0.8404481861544129,0.6206477203559618,244.7
-22.5,138.25,0.6752475247524752,0.8424636327447221,0.5867986697742106,229.6
-22.5,138.5,0.6937765205091937,0.8446025235654374,0.5401193976145098,216.5
-22.5,138.75,0.7089108910891089,0.8605948869178839,0.5025684667420875,205.8
-22.5,139.0,0.7202263083451201,0.8607799207758797,0.5068498114364195,197.8
-22.5,139.25,0.727015558698727,0.8544846877040693,0.5360590046490957,193.0
-22.5,139.5,0.729137199434229,0.8544361795612806,0.51099167722915,191.5
-22.5,139.75,0.7295615275813296,0.8603588200768518,0.46737236651415415,191.2
-22.5,140.0,0.7314002828854314,0.8703496390734946,0.458508864296799,189.9
-22.5,140.25,0.7294200848656294,0.8706457668718104,0.45685735931767785,191.3
-22.5,140.5,0.7237623762376237,0.8632794522545646,0.460963525345323,195.3
-22.5,140.75,0.7158415841584158,0.8623616280134223,0.45162072759112604,200.9
-22.5,141.0,0.7089108910891089,0.869380375743172,0.4642333014816214,205.8
-22.5,141.25,0.7415841584158416,0.8881053580767715,0.4511821120574785,182.7
-22.5,141.5,0.7775106082036775,0.9039519718132478,0.442175907483435,157.3
-22.5,141.75,0.8134370579915134,0.9175623113380313,0.44532912348379833,131.9
-22.5,142.0,0.8493635077793493,0.9136864831092908,0.462058984321988,106.5
-22.5,142.25,0.885007072135785,0.8985374564734692,0.4863847720165133,81.3
-22.5,142.5,0.9203677510608204,0.8821497183255695,0.4974452522827614,56.3
-22.5,142.75,0.9547383309759547,0.8815443061037191,0.527058924639717,32.0
-22.5,143.0,0.9807637906647808,0.8966087813888044,0.5367994483997868,13.6
-22.5,143.25,0.9640735502121641,0.920663417229268,0.535952759569438,25.4
-22.5,143.5,0.9306930693069306,0.9571121317109341,0.4955153213705263,49.0
-22.5,143.75,0.8956152758132956,0.9833489702902597,0.4899315880002384,73.8
-22.5,144.0,0.8599717114568599,0.9970674553516187,0.4795827982653079,99.0
-22.5,144.25,0.8504950495049505,0.982877919077511,0.45678425135631145,105.7
-22.5,144.5,0.8486562942008486,0.9502639578829064,0.46629906879121014,107.0
-22.5,144.75,0.8397454031117397,0.9269511306798395,0.5020550831677039,113.3
-22.5,145.0,0.8366336633663366,0.9119290503949705,0.5076884738636024,115.5
-22.5,145.25,0.8359264497878359,0.9122975683036221,0.505887803500344,116.0
-22.5,145.5,0.8350777934936351,0.9094653128900134,0.4512738193546951,116.6
-22.5,145.75,0.8366336633663366,0.9192339141922594,0.4371289760887357,115.5
-22.5,146.0,0.8463932107496464,0.9304700438289353,0.3941386098129818,108.6
-22.5,146.25,0.8640735502121641,0.9390335260246226,0.35392660394555864,96.1
-22.5,146.5,0.8799151343705799,0.9275950618329678,0.32098664828463463,84.9
-22.5,146.75,0.8915134370579915,0.9263976199097755,0.31285946379545954,76.7
-22.5,147.0,0.899009900990099,0.9431393111288232,0.3271484760901717,71.4
-22.5,147.25,0.9350777934936351,0.9603163037703046,0.334888491388883,45.9
-22.5,147.5,0.9710042432814711,0.9590520790160215,0.3463144147583106,20.5
-22.5,147.75,0.9919377652050919,0.9468154289669799,0.3583685572895856,5.7
-22.5,148.0,0.9575671852899575,0.9357238318477562,0.2855977370906901,30.0
-22.5,148.25,0.9834512022630835,0.9399707044320095,0.2470359468203534,11.7
-22.5,148.5,0.9852899575671853,0.9426758604436788,0.21345323421514092,10.4
-22.5,148.75,0.9578500707213579,0.9424595022190874,0.2061924822187206,29.8
-22.5,149.0,0.9736916548797737,0.9532036128224849,0.21891670047614392,18.6
-22.5,149.25,0.9949080622347949,0.9749272504578365,0.18225144612334412,3.6
-22.5,149.5,0.9930693069306931,0.9744040237658854,0.1627350792058197,4.9
-22.5,149.75,0.9628005657708628,0.9931035822444909,0.2668886748292651,26.3
-22.5,150.0,0.9434229137199435,0.9904429361105397,0.3211963179207492,40.0
-22.5,150.25,0.9265912305516266,0.999248664424396,0.36775914276544286,51.9
-22.75,113.75,0.5727015558698727,0.8537440629876835,0.8544969443595968,302.1
-22.75,114.0,0.6056577086280057,0.8589757245793046,0.7656279960504035,278.8
-22.75,114.25,0.6379066478076378,0.8656561262927555,0.6938912763605977,256.0
-22.75,114.5,0.6694483734087695,0.8632279917230912,0.62858447923589,233.7
-22.75,114.75,0.7,0.8542879502373908,0.5735176157678348,212.1
-22.75,115.0,0.729137199434229,0.8404614477594318,0.6299517560627412,191.5
-22.75,115.25,0.7562942008486563,0.8280742458837062,0.6824743625481374,172.3
-22.75,115.5,0.7809052333804809,0.8222480641956572,0.6551855588206397,154.9
-22.75,115.75,0.801980198019802,0.8243701371121865,0.5992287477549723,140.0
-22.75,116.0,0.8181046676096181,0.8278835104662585,0.539594151725407,128.6
-22.75,116.25,0.8281471004243282,0.8320025067121336,0.4541818593611638,121.5
-22.75,116.5,0.8527581329561528,0.8491067445953986,0.372989392050923,104.1
-22.75,116.75,0.8865629420084866,0.8717442692262561,0.31368997088127304,80.2
-22.75,117.0,0.9183875530410184,0.8936643554028381,0.2982386773859485,57.7
-22.75,117.25,0.9456859971711457,0.9007521531372326,0.3013882025302375,38.4
-22.75,117.5,0.9711456859971711,0.9086428420185495,0.2802380499662035,20.4
-22.75,117.75,0.9956152758132956,0.9218034559743273,0.2781485580271766,3.1
-22.75,118.0,0.978076379066478,0.9287604177172162,0.2913388395383108,15.5
-22.75,118.25,0.9961810466760962,0.9403706859400625,0.30142602977567995,2.7
-22.75,118.5,0.9842998585572843,0.9282779311589378,0.35130010050636257,11.1
-22.75,118.75,0.9895332390381896,0.907577705768257,0.42045028760004743,7.4
-22.75,119.0,0.9978783592644979,0.890547227522168,0.458134331050275,1.5
-22.75,119.25,0.9848656294200848,0.8841607165551628,0.4615770616692505,10.7
-22.75,119.5,0.9492220650636493,0.8852015567797159,0.4668767119427473,35.9
-22.75,119.75,0.9681753889674681,0.8978012828216756,0.4955300203257217,22.5
-22.75,120.0,0.9994342291371995,0.9191648600271571,0.5201936422306088,0.4
-22.75,120.25,0.9647807637906648,0.9273819480642653,0.5400390368791982,24.9
-22.75,120.5,0.9291371994342291,0.9287956224654159,0.5800481101316382,50.1
-22.75,120.75,0.8933521923620933,0.9237683083419296,0.5835483471893603,75.4
-22.75,121.0,0.8574257425742574,0.9154689571886385,0.5760048820645608,100.8
-22.75,121.25,0.8213578500707214,0.9077275966932118,0.5860429307291332,126.3
-22.75,121.5,0.7854314002828855,0.9058831955233257,0.6092838807315042,151.7
-22.75,121.75,0.7495049504950495,0.8982743671897572,0.5873818895030476,177.1
-22.75,122.0,0.7135785007072135,0.8888878351326743,0.5756194535398438,202.5
-22.75,122.25,0.6775106082036775,0.8847379703111683,0.5699779075025758,228.0
-22.75,122.5,0.6415841584158416,0.882022244981768,0.5919529261060217,253.4
-22.75,122.75,0.6056577086280057,0.8795960078469387,0.6080986646479499,278.8
-22.75,123.0,0.5695898161244696,0.8800232183318094,0.5987953542185651,304.3
-22.75,123.25,0.5336633663366337,0.8886257485424535,0.5719026486521214,329.7
-22.75,123.5,0.4977369165487977,0.8966242587040067,0.5723619910019765,355.1
-22.75,123.75,0.46166902404526167,0.9025437260477851,0.5759176070180883,380.6
-22.75,124.0,0.4257425742574258,0.913759147729223,0.5787777948337949,406.0
-22.75,124.25,0.3898161244695898,0.9215720451659913,0.5840856971523136,431.4
-22.75,124.5,0.35374823196605376,0.9225232052109966,0.562322975300878,456.9
-22.75,124.75,0.31782178217821777,0.9227896897494889,0.5459648594205625,482.3
-22.75,125.0,0.2818953323903819,0.9360836250344381,0.5606829941736919,507.7
-22.75,125.25,0.24582743988684574,0.9543276766175374,0.5802212096697941,533.2
-22.75,125.5,0.20990099009900987,0.9743157207987209,0.6097052346631625,558.6
-22.75,125.75,0.173974540311174,0.9886120464423646,0.637244500850897,584.0
-22.75,126.0,0.13790664780763795,0.9977837378218709,0.6457463152902487,609.5
-22.75,126.25,0.10198019801980196,0.999398733097911,0.6228188785296104,634.9
-22.75,126.5,0.06605374823196608,0.9865794897784438,0.598072865112707,660.3
-22.75,126.75,0.03012729844413009,0.9705915336970353,0.5986304422563294,685.7
-22.75,127.0,0.030410183875530405,0.9636570973738521,0.6031876502369814,685.5
-22.75,127.25,0.04483734087694491,0.9620225382546203,0.574385627753582,675.3
-22.75,127.5,0.08005657708628011,0.9635118472057079,0.5353300525157888,650.4
-22.75,127.75,0.11513437057991516,0.9671802534504396,0.5266072218784174,625.6
-22.75,128.0,0.1502121640735503,0.9677623843172585,0.5395402716736327,600.8
-22.75,128.25,0.18528995756718525,0.9657991418511046,0.5281856994825493,576.0
-22.75,128.5,0.22022630834512025,0.9639678738854348,0.5187649424670805,551.3
-22.75,128.75,0.255021216407355,0.9575217774879565,0.5266802331361312,526.7
-22.75,129.0,0.2898161244695898,0.9466551047593186,0.5440010661126415,502.1
-22.75,129.25,0.3244695898161244,0.9293473828070329,0.5684753906175621,477.6
-22.75,129.5,0.3591230551626591,0.9134434148229418,0.5958831398377592,453.1
-22.75,129.75,0.39349363507779345,0.9030934273676217,0.601334034623924,428.8
-22.75,130.0,0.42772277227722766,0.8839691454259331,0.6154840354180221,404.6
-22.75,130.25,0.46166902404526167,0.8661080175875511,0.6339969343201459,380.6
-22.75,130.5,0.4957567185289957,0.8525742164019554,0.6369330022685935,356.5
-22.75,130.75,0.5298444130127299,0.8430926635582054,0.6344846914265903,332.4
-22.75,131.0,0.5636492220650636,0.8335300630684132,0.6225535881759747,308.5
-22.75,131.25,0.5970297029702971,0.8253626593487622,0.6094758697164682,284.9
-22.75,131.5,0.6301272984441302,0.8216523376244108,0.5930549125792371,261.5
-22.75,131.75,0.6625176803394626,0.8236148439712605,0.5893051800978042,238.6
-22.75,132.0,0.6943422913719943,0.8267060971285952,0.5954001695621185,216.1
-22.75,132.25,0.725035360678925,0.829169091638752,0.5992890263650936,194.4
-22.75,132.5,0.7544554455445545,0.8290228043800465,0.6093147130794084,173.6
-22.75,132.75,0.7817538896746817,0.8296873429307314,0.6273614681414442,154.3
-22.75,133.0,0.8065063649222065,0.8394822396901931,0.617057081500333,136.8
-22.75,133.25,0.8271570014144272,0.8568816676953653,0.5704452762555969,122.2
-22.75,133.5,0.8422913719943423,0.874140798529923,0.4881305952914714,111.5
-22.75,133.75,0.8502121640735503,0.8768520430946393,0.48189309687777393,105.9
-22.75,134.0,0.8497878359264498,0.8674852086694345,0.5323203447358855,106.2
-22.75,134.25,0.841018387553041,0.8651472753622248,0.5648829788616355,112.4
-22.75,134.5,0.8253182461103253,0.8618135623332837,0.5958979354966071,123.5
-22.75,134.75,0.8046676096181047,0.8553813493944905,0.6030474944098116,138.1
-22.75,135.0,0.7803394625176803,0.8543104043918157,0.6014421170729811,155.3
-22.75,135.25,0.7531824611032532,0.8634276035646111,0.6179871127619484,174.5
-22.75,135.5,0.724045261669024,0.8864715028884105,0.6059495065552682,195.1
-22.75,135.75,0.6934936350777935,0.9032272288719982,0.5930701272872465,216.7
-22.75,136.0,0.6619519094766619,0.9092375732554564,0.5980733486309701,239.0
-22.75,136.25,0.6295615275813295,0.9026563106905509,0.5974113637770894,261.9
-22.75,136.5,0.5966053748231966,0.883668831213545,0.6193532291449684,285.2
-22.75,136.75,0.5632248939179632,0.8681728219762119,0.645405402680279,308.8
-22.75,137.0,0.5294200848656294,0.8581492547912505,0.6641947934424646,332.7
-22.75,137.25,0.5512022630834512,0.8569242166128506,0.6637399155779046,317.3
-22.75,137.5,0.5766619519094767,0.856368134539089,0.6611065945312001,299.3
-22.75,137.75,0.6004243281471005,0.8563291305099827,0.652135686790356,282.5
-22.75,138.0,0.6223479490806223,0.8520057056108868,0.640838121402481,267.0
-22.75,138.25,0.6417256011315418,0.8507828098161866,0.6166158227335143,253.3
-22.75,138.5,0.6584158415841583,0.8583260241974381,0.5686496989513755,241.5
-22.75,138.75,0.6718528995756718,0.8730980422574373,0.5158569991642644,232.0
-22.75,139.0,0.6818953323903819,0.8750316247961019,0.4974449138199773,224.9
-22.75,139.25,0.6878359264497879,0.8678387850183187,0.5016302317872765,220.7
-22.75,139.5,0.6896746817538897,0.8645751943746147,0.47411929976975403,219.4
-22.75,139.75,0.6902404526166903,0.8691686368036112,0.46176847043229885,219.0
-22.75,140.0,0.691937765205092,0.8743711134041138,0.45824586259627487,217.8
-22.75,140.25,0.69009900990099,0.8740249824156024,0.4604874693808433,219.1
-22.75,140.5,0.685007072135785,0.8660944446222771,0.463152509225601,222.7
-22.75,140.75,0.6775106082036775,0.8574647866858599,0.46666626867741196,228.0
-22.75,141.0,0.7007072135785007,0.8626824983508891,0.47453369103842513,211.6
-22.75,141.25,0.7360678925035361,0.8826720039790465,0.4569451662342396,186.6
-22.75,141.5,0.771004243281471,0.895052004001145,0.43762337351265873,161.9
-22.75,141.75,0.8056577086280057,0.8995025954064418,0.43083166646590454,137.4
-22.75,142.0,0.8397454031117397,0.8934360580873898,0.4536782428556929,113.3
-22.75,142.25,0.8727015558698727,0.8770758288611071,0.4883369931206729,90.0
-22.75,142.5,0.9033946251768034,0.8705539621917902,0.5321907618414001,68.3
-22.75,142.75,0.9288543140028289,0.8800200609717208,0.5833629018182224,50.3
-22.75,143.0,0.9417256011315417,0.8921716018268865,0.5835552776177968,41.2
-22.75,143.25,0.9342291371994342,0.911652441295443,0.5231897147954954,46.5
-22.75,143.5,0.9114568599717114,0.9456698995714057,0.4714007183360063,62.6
-22.75,143.75,0.8818953323903819,0.9830352608687402,0.4614565044490078,83.5
-22.75,144.0,0.8838755304101839,0.995806937083331,0.46424870959693587,82.1
-22.75,144.25,0.88995756718529,0.9910743192624081,0.4486410624126308,77.8
-22.75,144.5,0.8874115983026875,0.9701853092370477,0.45152495874050014,79.6
-22.75,144.75,0.8786421499292787,0.9485477567285315,0.4777278449183895,85.8
-22.75,145.0,0.8759547383309759,0.9359747532305442,0.4943604541166134,87.7
-22.75,145.25,0.8753889674681754,0.9341841781111497,0.48829366988430767,88.1
-22.75,145.5,0.8745403111739746,0.9323229163111593,0.46254372749792627,88.7
-22.75,145.75,0.8760961810466761,0.9432650221123844,0.4619395230764748,87.6
-22.75,146.0,0.8817538896746817,0.949698805120774,0.4135062723004465,83.6
-22.75,146.25,0.8984441301272984,0.9346327686402373,0.3485273166753319,71.8
-22.75,146.5,0.9157001414427157,0.9208180067482726,0.30388762125264035,59.6
-22.75,146.75,0.9301272984441301,0.9228624127332117,0.293669333096895,49.4
-22.75,147.0,0.9328147100424328,0.9402764195969662,0.31919260212157946,47.5
-22.75,147.25,0.9507779349363508,0.9598074800401514,0.301400080962232,34.8
-22.75,147.5,0.9794908062234795,0.9434595145978918,0.2842599871124331,14.5
-22.75,147.75,0.982036775106082,0.9257268664672862,0.29079270566024623,12.7
-22.75,148.0,0.9732673267326732,0.914168978545084,0.2897654388759404,18.9
-22.75,148.25,0.9717114568599717,0.9156297964454903,0.2701934093359788,20.0
-22.75,148.5,0.9934936350777935,0.9256533049108527,0.2305131607369335,4.6
-22.75,148.75,0.9871287128712871,0.9341294182619141,0.22112720091912566,9.1
-22.75,149.0,0.9717114568599717,0.9531942048809435,0.225183258337448,20.0
-22.75,149.25,0.9858557284299858,0.9690538640203975,0.19469224209226915,10.0
-22.75,149.5,0.9837340876944838,0.969808116205033,0.18722867030179347,11.5
-22.75,149.75,0.9933521923620934,0.9681323962350984,0.19819694363528648,4.7
-22.75,150.0,0.9794908062234795,0.9632254280557916,0.2092465769751678,14.5
-22.75,150.25,0.9586987270155587,0.9730874551353915,0.19491907662672042,29.2
-22.75,150.5,0.9388967468175389,0.9855041901845755,0.2459429699041052,43.2
-22.75,150.75,0.9482319660537483,0.9962934828237533,0.4825769528744179,36.6
-23.0,114.0,0.5874115983026874,0.862383866566566,0.7673155876092204,291.7
-23.0,114.25,0.6181046676096181,0.8703125973155232,0.682904500394907,270.0
-23.0,114.5,0.6478076379066477,0.8686706184083393,0.606161529313596,249.0
-23.0,114.75,0.6762376237623762,0.8621641742010568,0.5886951089880949,228.9
-23.0,115.0,0.7029702970297029,0.8464398984699218,0.6301125258851904,210.0
-23.0,115.25,0.7274398868458274,0.8316848205796055,0.7020379949875981,192.7
-23.0,115.5,0.7492220650636492,0.8192155572011777,0.7032857622171099,177.3
-23.0,115.75,0.7673267326732673,0.812082659637757,0.6450917927348937,164.5
-23.0,116.0,0.7809052333804809,0.8220007102443843,0.600047070180558,154.9
-23.0,116.25,0.8048090523338048,0.8256627456795691,0.518754176127091,138.0
-23.0,116.5,0.8366336633663366,0.8364060127898796,0.48088699207611235,115.5
-23.0,116.75,0.8714285714285714,0.8554030686124565,0.41088940699195964,90.9
-23.0,117.0,0.9060820367751061,0.8803686290160907,0.38347650024362384,66.4
-23.0,117.25,0.9405940594059405,0.8900050441520859,0.3620046146273861,42.0
-23.0,117.5,0.9727015558698727,0.8928999911037171,0.31206072385952555,19.3
-23.0,117.75,0.996039603960396,0.9337099327695846,0.29307629794731893,2.8
-23.0,118.0,0.962942008486563,0.9531459132459472,0.3017432338734869,26.2
-23.0,118.25,0.9643564356435643,0.9492474086516665,0.335833044315664,25.2
-23.0,118.5,0.9811881188118812,0.9431098972560967,0.3697665494206869,13.3
-23.0,118.75,0.9995756718528995,0.9221570562668338,0.41072006277897977,0.3
-23.0,119.0,0.9848656294200848,0.9055673503453514,0.46428623061414515,10.7
-23.0,119.25,0.9927864214992927,0.885734023436317,0.4885869559453713,5.1
-23.0,119.5,0.9818953323903818,0.8806233770228232,0.5031278651378339,12.8
-23.0,119.75,0.9664780763790665,0.8788118568989994,0.5136561207347166,23.7
-23.0,120.0,0.9984441301272985,0.8864052596300409,0.5382606083560382,1.1
-23.0,120.25,0.9635077793493635,0.8967211758353368,0.5752381188030868,25.8
-23.0,120.5,0.9277227722772277,0.9071363907781771,0.6060082540242233,51.1
-23.0,120.75,0.8919377652050919,0.9124581811366674,0.6189016714391478,76.4
-23.0,121.0,0.856011315417256,0.9105073388080192,0.6005694955464599,101.8
-23.0,121.25,0.8200848656294201,0.9089595393998933,0.5809783992696604,127.2
-23.0,121.5,0.7841584158415842,0.9080638715920744,0.5845429281390869,152.6
-23.0,121.75,0.7482319660537482,0.9003755674191174,0.5661179167399022,178.0
-23.0,122.0,0.7125884016973125,0.8909613247898677,0.5742998516137249,203.2
-23.0,122.25,0.6766619519094766,0.8882441246326309,0.5880773660552792,228.6
-23.0,122.5,0.6408769448373408,0.8886191745467815,0.598436245204631,253.9
-23.0,122.75,0.6050919377652051,0.886542644169263,0.6157414766585216,279.2
-23.0,123.0,0.5691654879773691,0.886282562382465,0.6152105252539154,304.6
-23.0,123.25,0.5333804809052334,0.8900188469183965,0.6250535710030177,329.9
-23.0,123.5,0.4974540311173974,0.8983680740899109,0.6319040738705534,355.3
-23.0,123.75,0.4615275813295615,0.9068128665187241,0.6369507957406721,380.7
-23.0,124.0,0.4256011315417255,0.9157151229682974,0.6343288373731482,406.1
-23.0,124.25,0.3898161244695898,0.9162961448065525,0.6306386259898912,431.4
-23.0,124.5,0.3538896746817539,0.9119297608121111,0.5952958907900636,456.8
-23.0,124.75,0.31796322489391793,0.9104726404084164,0.5711149974016856,482.2
-23.0,125.0,0.28203677510608205,0.9192077320679836,0.5756696910873701,507.6
-23.0,125.25,0.24611032531824606,0.9424126940191458,0.5956734218498183,533.0
-23.0,125.5,0.21032531824611034,0.9637274142017133,0.6292665139804099,558.3
-23.0,125.75,0.17439886845827435,0.9818814763088802,0.6563580906084278,583.7
-23.0,126.0,0.13847241867043847,0.9933145642492615,0.6648098286730075,609.1
-23.0,126.25,0.10254596888260259,0.9933962651705339,0.6233129536080247,634.5
-23.0,126.5,0.0666195190947666,0.9959659079339113,0.5872995946946842,659.9
-23.0,126.75,0.03069306930693072,0.9827621501174755,0.5925968596114167,685.3
-23.0,127.0,0.016831683168316847,0.9693886839665595,0.5991502727408865,695.1
-23.0,127.25,0.05219236209335221,0.9632375858656752,0.5835001081839878,670.1
-23.0,127.5,0.08769448373408772,0.9603612914499555,0.5462261043380643,645.0
-23.0,127.75,0.12305516265912309,0.9644825802356783,0.5401564834652822,620.0
-23.0,128.0,0.1582743988684583,0.9705455280305261,0.5528837962395888,595.1
-23.0,128.25,0.19363507779349365,0.9742653719673222,0.5447977913891464,570.1
-23.0,128.5,0.22885431400282874,0.9814937336316537,0.530274514496008,545.2
-23.0,128.75,0.26407355021216417,0.972735619468928,0.5302704368253234,520.3
-23.0,129.0,0.2991513437057991,0.962401803431478,0.5441204467717775,495.5
-23.0,129.25,0.33422913719943426,0.9470750560291147,0.5593505628963279,470.7
-23.0,129.5,0.3693069306930693,0.9295613659408863,0.5942536671741556,445.9
-23.0,129.75,0.4042432814710043,0.9251287269261829,0.6331166248532429,421.2
-23.0,130.0,0.43903818953323903,0.9131749473466666,0.6396800306934813,396.6
-23.0,130.25,0.4736916548797736,0.904070682305182,0.6278553336952779,372.1
-23.0,130.5,0.5082036775106082,0.8834407006129494,0.6113449579139418,347.7
-23.0,130.75,0.5424328147100425,0.8676548124299804,0.6050149785738068,323.5
-23.0,131.0,0.5765205091937766,0.855042747095696,0.6067421541610883,299.4
-23.0,131.25,0.6106082036775107,0.8438474480473287,0.585760330421682,275.3
-23.0,131.5,0.6446958981612447,0.8392722809417256,0.5466576282705211,251.2
-23.0,131.75,0.6785007072135785,0.8347643102041901,0.5485322769280193,227.3
-23.0,132.0,0.7117397454031118,0.8341570749454149,0.5666437750854714,203.8
-23.0,132.25,0.7445544554455445,0.8318221135511321,0.5744629100892857,180.6
-23.0,132.5,0.7763790664780764,0.8228332523042375,0.5734543232272075,158.1
-23.0,132.75,0.8067892503536068,0.819440410796307,0.5820516486407781,136.6
-23.0,133.0,0.8350777934936351,0.8241382778537131,0.5916225864287364,116.6
-23.0,133.25,0.8598302687411599,0.8419769182405306,0.6008381544106611,99.1
-23.0,133.5,0.8789250353606789,0.8637190265552906,0.5266357494559347,85.6
-23.0,133.75,0.8893917963224894,0.8676737660122703,0.5564231821593391,78.2
-23.0,134.0,0.8888260254596888,0.8707645673043259,0.6130318725471904,78.6
-23.0,134.25,0.8773691654879774,0.869616115938726,0.6378495272533956,86.7
-23.0,134.5,0.8579915134370579,0.8928076973280102,0.5897485824622556,100.4
-23.0,134.75,0.8336633663366337,0.8932232098247825,0.5771866006993459,117.6
-23.0,135.0,0.8056577086280057,0.8965258690355487,0.5576009037098167,137.4
-23.0,135.25,0.7755304101838756,0.9131486307128208,0.5639867616438797,158.7
-23.0,135.5,0.7438472418670439,0.9419989847432418,0.5429301215119109,181.1
-23.0,135.75,0.7113154172560113,0.9411054381135672,0.5622713194331138,204.1
-23.0,136.0,0.677934936350778,0.9394685928977908,0.5674804712050514,227.7
-23.0,136.25,0.6442715700141443,0.9204295222947556,0.600440009355627,251.5
-23.0,136.5,0.61004243281471,0.905681676988654,0.6168731833876366,275.7
-23.0,136.75,0.5756718528995757,0.8962242166405864,0.6325138065174786,300.0
-23.0,137.0,0.541018387553041,0.8937248573697378,0.6423109986179726,324.5
-23.0,137.25,0.5233380480905233,0.8873805699661245,0.6411840948369368,337.0
-23.0,137.5,0.5471004243281471,0.8886146645508578,0.6403598896058178,320.2
-23.0,137.75,0.5691654879773691,0.882271571320701,0.6321214636816006,304.6
-23.0,138.0,0.5892503536067892,0.875336580500226,0.6366737720105209,290.4
-23.0,138.25,0.6070721357850071,0.8693687047065327,0.6160392755567067,277.8
-23.0,138.5,0.6222065063649223,0.874646299756083,0.5695968145249505,267.1
-23.0,138.75,0.6343705799151343,0.885336141877825,0.5348992055089001,258.5
-23.0,139.0,0.6431400282885431,0.8882817799568424,0.49725387575426383,252.3
-23.0,139.25,0.6485148514851485,0.882779010049022,0.48662019705877063,248.5
-23.0,139.5,0.65007072135785,0.8777024438405752,0.4569973862066442,247.4
-23.0,139.75,0.6509193776520509,0.8761689336152128,0.4503575038944736,246.8
-23.0,140.0,0.6524752475247525,0.8796887003615644,0.46228739834943167,245.7
-23.0,140.25,0.6507779349363507,0.8734918708715231,0.46718157020757217,246.9
-23.0,140.5,0.6462517680339462,0.8706299966766896,0.4823175614435909,250.1
-23.0,140.75,0.6565770862800566,0.8644479296119719,0.489264332797291,242.8
-23.0,141.0,0.690947666195191,0.8714343419471698,0.48160255075353403,218.5
-23.0,141.25,0.7248939179632249,0.8858737924313081,0.4580641886675884,194.5
-23.0,141.5,0.7582743988684583,0.8937308551099532,0.435413840106203,170.9
-23.0,141.75,0.7906647807637907,0.8823769431416355,0.44934761153308517,148.0
-23.0,142.0,0.8217821782178218,0.8677703689603986,0.46603084509344567,126.0
-23.0,142.25,0.8504950495049505,0.8655086571326089,0.5011123837275977,105.7
-23.0,142.5,0.8755304101838756,0.8747063273263622,0.539523364651703,88.0
-23.0,142.75,0.8940594059405941,0.8930439297605858,0.5800762670118205,74.9
-23.0,143.0,0.9022630834512023,0.9119730750814851,0.5708471282839807,69.1
-23.0,143.25,0.8977369165487977,0.9326794443194197,0.5024820136766621,72.3
-23.0,143.5,0.8817538896746817,0.9492545693117798,0.4500320799861956,83.6
-23.0,143.75,0.899009900990099,0.9809833176041369,0.4258745405299207,71.4
-23.0,144.0,0.9205091937765205,0.9988150349301729,0.44491063842716716,56.2
-23.0,144.25,0.9292786421499293,0.9982788022740785,0.44609321127755025,50.0
-23.0,144.5,0.9257425742574258,0.993957744137504,0.4411800532689491,52.5
-23.0,144.75,0.9182461103253182,0.9826560450282886,0.45714651935623046,57.8
-23.0,145.0,0.9154172560113154,0.9664245023393288,0.46378501558271373,59.8
-23.0,145.25,0.9148514851485149,0.9553494892464836,0.47812532916513084,60.2
-23.0,145.5,0.9141442715700141,0.9474356332639078,0.4766435390963245,60.7
-23.0,145.75,0.9154172560113154,0.9476164370091265,0.46863866861041437,59.8
-23.0,146.0,0.9192362093352192,0.9400817301458815,0.40101596406138973,57.1
-23.0,146.25,0.9329561527581329,0.9231759608814702,0.327385013224434,47.4
-23.0,146.5,0.9506364922206506,0.9222187952575152,0.2872543834806746,34.9
-23.0,146.75,0.9667609618104668,0.9211909654427433,0.2755155109741545,23.5
-23.0,147.0,0.9724186704384724,0.9407925728074482,0.31942612532533565,19.5
-23.0,147.25,0.98005657708628,0.9633943582176308,0.2929192512154948,14.1
-23.0,147.5,0.997029702970297,0.9513444438171357,0.25763789060051806,2.1
-23.0,147.75,0.9787835926449788,0.9285600027599682,0.25603391546665033,15.0
-23.0,148.0,0.9943422913719944,0.9086807746069929,0.2783641265860998,4.0
-23.0,148.25,0.9929278642149929,0.9027525905681335,0.2981866508208491,5.0
-23.0,148.5,0.9975954738330975,0.9091310433553859,0.25450772230402474,1.7
-23.0,148.75,0.986987270155587,0.9246820191435356,0.239635586984128,9.2
-23.0,149.0,0.9961810466760962,0.950364792664722,0.2363455675498851,2.7
-23.0,149.25,0.9857142857142858,0.9662863447062287,0.23539980582744652,10.1
-23.0,149.5,0.9816124469589816,0.9709828371496068,0.23470800401401387,13.0
-23.0,149.75,0.9974540311173975,0.9641371681843294,0.2178594072077055,1.8
-23.0,150.0,0.9884016973125884,0.9614178980833743,0.2024040038071454,8.2
-23.0,150.25,0.9792079207920792,0.9693051474025832,0.1751677746321118,14.7
-23.0,150.5,0.9654879773691655,0.9854406886157319,0.21908846228043888,24.4
-23.0,150.75,0.9874115983026874,0.9981923686017233,0.42691344398708947,8.9
-23.25,114.0,0.5664780763790664,0.8681828162336287,0.7530795044470319,306.5
-23.25,114.25,0.5954738330975955,0.8787724634690459,0.6715636117706667,286.0
-23.25,114.5,0.6233380480905233,0.8774673201405714,0.6892524827317013,266.3
-23.25,114.75,0.6496463932107497,0.867387831511701,0.6636763651608703,247.7
-23.25,115.0,0.6741159830268741,0.8555316400833841,0.6551048112707178,230.4
-23.25,115.25,0.6963224893917963,0.8392646448198138,0.7094541497537484,214.7
-23.25,115.5,0.7155586987270155,0.8207207813697288,0.7215656859028422,201.1
-23.25,115.75,0.7330975954738331,0.8109080185841996,0.6784880768151668,188.7
-23.25,116.0,0.7688826025459689,0.8180942500064613,0.6380444012306623,163.4
-23.25,116.25,0.8046676096181047,0.8250277849681462,0.610820082722174,138.1
-23.25,116.5,0.8404526166902404,0.8286632759758028,0.5583764025345755,112.8
-23.25,116.75,0.8763790664780764,0.8382656543583272,0.5343760709828792,87.4
-23.25,117.0,0.9121640735502121,0.8580031721634458,0.4953108414971013,62.1
-23.25,117.25,0.947949080622348,0.8727120268415229,0.448187602868309,36.8
-23.25,117.5,0.9833097595473833,0.8946957884501215,0.4121694087723383,11.8
-23.25,117.75,0.9807637906647808,0.9230448983614095,0.3763009925169714,13.6
-23.25,118.0,0.946958981612447,0.9463434164158699,0.3787714323781448,37.5
-23.25,118.25,0.9333804809052334,0.9346438748235137,0.4117816593599589,47.1
-23.25,118.5,0.9647807637906648,0.9334304346784318,0.46079935477775724,24.9
-23.25,118.75,0.9844413012729845,0.9409834999513577,0.45638908799723255,11.0
-23.25,119.0,0.9577086280056577,0.9234453733325765,0.5054125533996361,29.9
-23.25,119.25,0.9741159830268741,0.9159764071680271,0.5407983539594219,18.3
-23.25,119.5,0.9981612446958982,0.9017196331393393,0.543189110010852,1.3
-23.25,119.75,0.9882602545968883,0.883656353683105,0.5356485621129059,8.3
-23.25,120.0,0.9847241867043848,0.8736856161562784,0.5586801487073956,10.8
-23.25,120.25,0.9527581329561527,0.8810916951859808,0.6050355280999845,33.4
-23.25,120.5,0.919094766619519,0.8892511576147955,0.6337271311293889,57.2
-23.25,120.75,0.8847241867043847,0.8986169502760504,0.6499535205175865,81.5
-23.25,121.0,0.84992927864215,0.9001896561432458,0.6390750042909829,106.1
-23.25,121.25,0.814992927864215,0.8974689841293151,0.6070746857878325,130.8
-23.25,121.5,0.7800565770862801,0.8960214459722163,0.5806706882470838,155.5
-23.25,121.75,0.7448373408769449,0.8938984163989991,0.5820655094976509,180.4
-23.25,122.0,0.7093352192362093,0.8911955580101528,0.5884505293333913,205.5
-23.25,122.25,0.6738330975954738,0.8871325110581181,0.5939200879245081,230.6
-23.25,122.5,0.6383309759547384,0.8894273303268513,0.5982143425564624,255.7
-23.25,122.75,0.6026874115983027,0.894798725444405,0.6027043253812813,280.9
-23.25,123.0,0.5670438472418671,0.8919426512412632,0.6058653582602298,306.1
-23.25,123.25,0.5312588401697314,0.8928278238032203,0.6404472130041167,331.4
-23.25,123.5,0.49561527581329556,0.901115013993077,0.664664515317699,356.6
-23.25,123.75,0.45983026874115984,0.9084401152340896,0.6677101968563699,381.9
-23.25,124.0,0.424045261669024,0.9132114539206869,0.6660891696450935,407.2
-23.25,124.25,0.3882602545968883,0.9103962687941912,0.6531482546194665,432.5
-23.25,124.5,0.35247524752475246,0.9041625608326906,0.6096191200605212,457.8
-23.25,124.75,0.3166902404526166,0.8955877199414789,0.5829359229574378,483.1
-23.25,125.0,0.2809052333804809,0.8980980336164143,0.5797956168946967,508.4
-23.25,125.25,0.24512022630834507,0.9061423284685806,0.6024997165696528,533.7
-23.25,125.5,0.20933521923620935,0.9303173637893463,0.6326858100809051,559.0
-23.25,125.75,0.17355021216407363,0.9534032761155106,0.6437069964296462,584.3
-23.25,126.0,0.13762376237623752,0.9731708640678215,0.6486153514901682,609.7
-23.25,126.25,0.1018387553041018,0.9779450684369513,0.6116987321097074,635.0
-23.25,126.5,0.06605374823196608,0.9879796884050225,0.6026695604181711,660.3
-23.25,126.75,0.030268741159830248,0.9930694630120218,0.6033959660219597,685.6
-23.25,127.0,0.022489391796322478,0.9853542685107085,0.6096338996020937,691.1
-23.25,127.25,0.057991513437057995,0.9820373490775365,0.5834031950068062,666.0
-23.25,127.5,0.09363507779349367,0.9682280610861387,0.5492721726913455,640.8
-23.25,127.75,0.12913719943422908,0.9611758583514173,0.5619063114963709,615.7
-23.25,128.0,0.1646393210749646,0.9663109427147654,0.571658745922986,590.6
-23.25,128.25,0.2001414427157001,0.9759568659999323,0.5544591470922867,565.5
-23.25,128.5,0.23564356435643563,0.9815495973610451,0.5328678485823619,540.4
-23.25,128.75,0.271004243281471,0.9778444547651267,0.5366128264675422,515.4
-23.25,129.0,0.3065063649222065,0.9683569894392274,0.5516389301196551,490.3
-23.25,129.25,0.34186704384724187,0.9563711502073071,0.5641779125305211,465.3
-23.25,129.5,0.37722772277227723,0.9509348807148484,0.5995291092999513,440.3
-23.25,129.75,0.41244695898161243,0.9455110278719832,0.6375839467888023,415.4
-23.25,130.0,0.44766619519094764,0.9440828979785901,0.6487769432936646,390.5
-23.25,130.25,0.48288543140028284,0.9380745476018659,0.62653223432039,365.6
-23.25,130.5,0.5179632248939179,0.9213460451099755,0.592620068488041,340.8
-23.25,130.75,0.5528995756718529,0.9064513839549037,0.5915170021573714,316.1
-23.25,131.0,0.5878359264497879,0.8917267869723567,0.5944928636588643,291.4
-23.25,131.25,0.6224893917963226,0.882224242720263,0.5595873579069972,266.9
-23.25,131.5,0.657001414427157,0.8739251961252372,0.5131892999690603,242.5
-23.25,131.75,0.691089108910891,0.8735401493334694,0.4823057958325245,218.4
-23.25,132.0,0.7248939179632249,0.8698588427198973,0.5049749693716161,194.5
-23.25,132.25,0.7592644978783593,0.865666940083068,0.5273268582265237,170.2
-23.25,132.5,0.7930693069306931,0.8598277995419136,0.5194900909233852,146.3
-23.25,132.75,0.8261669024045262,0.8454699456561732,0.5266601993627673,122.9
-23.25,133.0,0.8582743988684582,0.8328675565878035,0.5602903773441316,100.2
-23.25,133.25,0.887977369165488,0.8371093792337618,0.575188751588434,79.2
-23.25,133.5,0.9130127298444131,0.851093711581831,0.5768139048222214,61.5
-23.25,133.75,0.9282885431400283,0.8641669830497545,0.6605061937867509,50.7
-23.25,134.0,0.9274398868458275,0.874075614431074,0.6933065254905943,51.3
-23.25,134.25,0.9111739745403111,0.9114547773208603,0.6182860721039647,62.8
-23.25,134.5,0.8867043847241867,0.94209851425854,0.5505683239817086,80.1
-23.25,134.75,0.8574257425742574,0.9534425605735625,0.5342533862822794,100.8
-23.25,135.0,0.8257425742574257,0.9628094018000551,0.49863391746325836,123.2
-23.25,135.25,0.7926449787835926,0.9907719659568731,0.4859134706482865,146.6
-23.25,135.5,0.7588401697312588,0.9917240675419101,0.5072463286466348,170.5
-23.25,135.75,0.7244695898161244,0.9815498945190877,0.5305507968314893,194.8
-23.25,136.0,0.6898161244695897,0.9563705671130833,0.5716263501993647,219.3
-23.25,136.25,0.655021216407355,0.9320484283204116,0.5994273609401395,243.9
-23.25,136.5,0.61994342291372,0.9199814841177196,0.6125729331292211,268.7
-23.25,136.75,0.5848656294200849,0.9194871822645905,0.6139937837796133,293.5
-23.25,137.0,0.5495049504950495,0.9178360983463146,0.61652364803531,318.5
-23.25,137.25,0.5142857142857142,0.9203870826443916,0.6164347934958451,343.4
-23.25,137.5,0.5161244695898162,0.9159709546687526,0.6075188456642293,342.1
-23.25,137.75,0.5366336633663367,0.9147993600303771,0.6054015030732534,327.6
-23.25,138.0,0.5553041018387553,0.903680910467111,0.6070885466447055,314.4
-23.25,138.25,0.5715700141442717,0.8957805198120485,0.5759058414070218,302.9
-23.25,138.5,0.5852899575671853,0.8927705934094623,0.5604092100159028,293.2
-23.25,138.75,0.5963224893917963,0.8994064335280268,0.5215433189926866,285.4
-23.25,139.0,0.6043847241867044,0.904342354082402,0.5003414138572356,279.7
-23.25,139.25,0.609052333804809,0.8938287008629755,0.4840715078253675,276.4
-23.25,139.5,0.6106082036775107,0.8904723708671336,0.46685604959564153,275.3
-23.25,139.75,0.6114568599717114,0.8912796482837005,0.45901688081846326,274.7
-23.25,140.0,0.6128712871287129,0.8862054151185522,0.4731715072706109,273.7
-23.25,140.25,0.6113154172560114,0.8813273534069022,0.498665426736731,274.8
-23.25,140.5,0.6101838755304101,0.8727479483038556,0.51083553306475,275.6
-23.25,140.75,0.6437057991513437,0.8772461464556204,0.5023635033503996,251.9
-23.25,141.0,0.6765205091937765,0.8901556367955537,0.4770840564684733,228.7
-23.25,141.25,0.7087694483734088,0.8954147589567074,0.446759773437654,205.9
-23.25,141.5,0.7398868458274399,0.8848782591209905,0.44550061129441093,183.9
-23.25,141.75,0.7697312588401697,0.8703078720677263,0.4620578238781568,162.8
-23.25,142.0,0.7974540311173974,0.8648676650311121,0.48849252482860633,143.2
-23.25,142.25,0.8223479490806224,0.8669160632893889,0.5135998714434536,125.6
-23.25,142.5,0.8427157001414427,0.8946281199423026,0.5163532339575868,111.2
-23.25,142.75,0.8568599717114569,0.912041141152539,0.5311457821713929,101.2
-23.25,143.0,0.8628005657708628,0.9330785218082241,0.5182627442818477,97.0
-23.25,143.25,0.8595473833097595,0.9534426366403594,0.4815055569899751,99.3
-23.25,143.5,0.8876944837340877,0.969716818281371,0.4279784413131852,79.4
-23.25,143.75,0.9214992927864215,0.9773195646664611,0.41527185535508604,55.5
-23.25,144.0,0.9521923620933522,0.9892533212718707,0.4299164953322387,33.8
-23.25,144.25,0.9687411598302688,0.9822363650292144,0.4357159745514796,22.1
-23.25,144.5,0.9636492220650636,0.9767330973256754,0.45231697777257834,25.7
-23.25,144.75,0.9577086280056577,0.9839375439581258,0.45936930116309255,29.9
-23.25,145.0,0.9548797736916549,0.9946666845306349,0.4662272018600522,31.9
-23.25,145.25,0.9543140028288544,0.9779660895281862,0.47639352791979983,32.3
-23.25,145.5,0.9536067892503536,0.961408807609241,0.5037993269496694,32.8
-23.25,145.75,0.9547383309759547,0.9426745355192456,0.4491286099944946,32.0
-23.25,146.0,0.9584158415841584,0.9340857542362331,0.37497286455214823,29.4
-23.25,146.25,0.9685997171145686,0.9324777041288285,0.3272010345253604,22.2
-23.25,146.5,0.985007072135785,0.9318030223045978,0.2817582797369187,10.6
-23.25,146.75,0.9974540311173975,0.9369773438090435,0.26728759351351994,1.8
-23.25,147.0,0.9881188118811881,0.9569149540041068,0.31531639737981965,8.4
-23.25,147.25,0.9838755304101838,0.9767552907902998,0.2829117447878689,11.4
-23.25,147.5,0.9705799151343706,0.9637919121292142,0.23578476695117598,20.8
-23.25,147.75,0.9452616690240453,0.9414930947598908,0.22526503739299764,38.7
-23.25,148.0,0.9718528995756719,0.9379537078678296,0.25425506789432895,19.9
-23.25,148.25,0.9893917963224894,0.9243931394653667,0.28484389988411385,7.5
-23.25,148.5,0.9908062234794908,0.9213717398033092,0.27935706357373224,6.5
-23.25,148.75,0.9775106082036775,0.9430680243434474,0.26512062583148416,15.9
-23.25,149.0,0.9954738330975955,0.9703390707820472,0.2545997841813009,3.2
-23.25,149.25,0.9738330975954739,0.9855923320747771,0.2479950697641263,18.5
-23.25,149.5,0.9519094766619519,0.9817950860569297,0.2449197969077595,34.0
-23.25,149.75,0.9804809052333805,0.9694865509636107,0.23972029938380654,13.8
-23.25,150.0,0.9905233380480906,0.9781199328338277,0.21242179305649786,6.7
-23.25,150.25,0.994059405940594,0.9861020316386592,0.19232795060710087,4.2
-23.25,150.5,0.9954738330975955,0.9964780643946674,0.21984287970893074,3.2
-23.25,150.75,0.9974540311173975,0.9856926291249757,0.41822658710848565,1.8
-23.5,113.75,0.5144271570014144,0.8813818152134891,0.8690443971658853,343.3
-23.5,114.0,0.542998585572843,0.8813608363429641,0.727493168523576,323.1
-23.5,114.25,0.5702970297029704,0.8865598052557278,0.6505150947455164,303.8
-23.5,114.5,0.5964639321074965,0.880799163209704,0.7096348727631845,285.3
-23.5,114.75,0.6207920792079207,0.8671177566626876,0.741509879449839,268.1
-23.5,115.0,0.6432814710042434,0.8547142363778513,0.7447969010708514,252.2
-23.5,115.25,0.6633663366336633,0.8462174088076975,0.734588686212252,238.0
-23.5,115.5,0.6943422913719943,0.8316714838586711,0.7210273205515366,216.1
-23.5,115.75,0.7297029702970297,0.823328878395458,0.6880737941446975,191.1
-23.5,116.0,0.764922206506365,0.8241603118477075,0.670973042564232,166.2
-23.5,116.25,0.8,0.8298545931613415,0.6533690129410794,141.4
-23.5,116.5,0.8347949080622348,0.8361253723660023,0.6458544622084075,116.8
-23.5,116.75,0.8688826025459688,0.8440519553247712,0.6248855645238989,92.7
-23.5,117.0,0.9018387553041018,0.8561937016536854,0.6012707420832967,69.4
-23.5,117.25,0.9319660537482319,0.8579385304298652,0.5487689913523113,48.1
-23.5,117.5,0.9533239038189534,0.8648877994099277,0.5063780265499298,33.0
-23.5,117.75,0.9520509193776521,0.8810824038580047,0.47518631175527887,33.9
-23.5,118.0,0.9294200848656294,0.899923296234255,0.46334540077798925,49.9
-23.5,118.25,0.9128712871287129,0.9176079821881091,0.48647301409951177,61.6
-23.5,118.5,0.9366336633663366,0.9253943913049727,0.5470177849073584,44.8
-23.5,118.75,0.9452616690240453,0.9435792281153251,0.5424154324382171,38.7
-23.5,119.0,0.9326732673267326,0.947398320578855,0.5550689119737627,47.6
-23.5,119.25,0.9448373408769448,0.9404914898719791,0.5669189130943969,39.0
-23.5,119.5,0.9613861386138614,0.9251934361195523,0.5810304097174844,27.3
-23.5,119.75,0.9794908062234795,0.9017531471138461,0.5851211515125397,14.5
-23.5,120.0,0.9656294200848656,0.8868630678215923,0.6215774131547931,24.3
-23.5,120.25,0.9364922206506365,0.883980954358359,0.6484936660606453,44.9
-23.5,120.5,0.9036775106082037,0.8846784548082545,0.661967676088511,68.1
-23.5,120.75,0.871004243281471,0.8896899195358603,0.6595049886368212,91.2
-23.5,121.0,0.8383309759547384,0.8917453178768795,0.6445611636757961,114.3
-23.5,121.25,0.8046676096181047,0.8875859556531847,0.6214853351602415,138.1
-23.5,121.5,0.7707213578500707,0.8819685810338208,0.5976565236537086,162.1
-23.5,121.75,0.7362093352192363,0.8835901886362814,0.602072689357042,186.5
-23.5,122.0,0.7014144271570014,0.8805708646625467,0.599375108733184,211.1
-23.5,122.25,0.6666195190947666,0.8775211641386698,0.6008727904355677,235.7
-23.5,122.5,0.6318246110325318,0.8797755908838845,0.6075094815272024,260.3
-23.5,122.75,0.5967468175388967,0.8831712205695037,0.609034111314111,285.1
-23.5,123.0,0.5616690240452618,0.8876005225659322,0.6109461198160641,309.9
-23.5,123.25,0.5264497878359264,0.8961625995777771,0.648806437907708,334.8
-23.5,123.5,0.4910891089108911,0.8998624104948504,0.6707059793102986,359.8
-23.5,123.75,0.4557284299858557,0.9020981965196141,0.6775274227302277,384.8
-23.5,124.0,0.42036775106082036,0.9032001314952388,0.6745194878506221,409.8
-23.5,124.25,0.38486562942008484,0.9056677403261004,0.6700004294609212,434.9
-23.5,124.5,0.3493635077793493,0.9042376689495379,0.6326331710593392,460.0
-23.5,124.75,0.31371994342291376,0.8962908495660274,0.6126045713408971,485.2
-23.5,125.0,0.27821782178217824,0.8923257052236047,0.6181067674147668,510.3
-23.5,125.25,0.24257425742574257,0.894311448048149,0.6373555488786339,535.5
-23.5,125.5,0.2069306930693069,0.9007308740776951,0.6453917996998131,560.7
-23.5,125.75,0.17128712871287133,0.9154184789048088,0.6272058880816844,585.9
-23.5,126.0,0.13564356435643565,0.9383757215577682,0.6121329315098861,611.1
-23.5,126.25,0.10000000000000009,0.961950538484499,0.6141958138271724,636.3
-23.5,126.5,0.0643564356435643,0.9772236878707224,0.6299094804492791,661.5
-23.5,126.75,0.028712871287128627,0.9886172081269248,0.6627814695597,686.7
-23.5,127.0,0.026591230551626488,0.9940882543013008,0.6643839457869524,688.2
-23.5,127.25,0.062234794908062274,0.9943070951319503,0.6187301030421579,663.0
-23.5,127.5,0.09787835926449795,0.9859924530102492,0.5730821592201721,637.8
-23.5,127.75,0.1335219236209335,0.9665622246321556,0.5894674327095933,612.6
-23.5,128.0,0.16902404526166903,0.9637880867468077,0.5946365330520786,587.5
-23.5,128.25,0.2046676096181047,0.9727465714871583,0.5656290314241774,562.3
-23.5,128.5,0.24031117397454027,0.9800573924077576,0.5443064401302803,537.1
-23.5,128.75,0.2758132956152758,0.9757797069395915,0.5468438150363291,512.0
-23.5,129.0,0.31145685997171146,0.9669505809476543,0.5811756747209667,486.8
-23.5,129.25,0.34710042432814703,0.961014895993888,0.5998702314345015,461.6
-23.5,129.5,0.38260254596888266,0.960336753271128,0.6157897478984451,436.5
-23.5,129.75,0.4181046676096182,0.9607675914367793,0.6282938041734466,411.4
-23.5,130.0,0.4536067892503536,0.9615740575857612,0.6299040005756317,386.3
-23.5,130.25,0.4891089108910891,0.952596034940839,0.620453765063395,361.2
-23.5,130.5,0.5246110325318245,0.9343723756391443,0.596416492716405,336.1
-23.5,130.75,0.5601131541725601,0.9275914186662426,0.593943167862929,311.0
-23.5,131.0,0.5954738330975955,0.9241060072776287,0.5901177647733357,286.0
-23.5,131.25,0.6308345120226309,0.9084091097650855,0.549445626809561,261.0
-23.5,131.5,0.6660537482319661,0.891930398651019,0.4975307221943853,236.1
-23.5,131.75,0.7012729844413013,0.8920206365142662,0.44656101519700797,211.2
-23.5,132.0,0.7362093352192363,0.9027144717237455,0.4572432552433824,186.5
-23.5,132.25,0.771004243281471,0.9110599282722249,0.480586840055714,161.9
-23.5,132.5,0.8055162659123055,0.9060008742779704,0.47157878199499575,137.5
-23.5,132.75,0.8393210749646394,0.8968597538883522,0.469596631110356,113.6
-23.5,133.0,0.8735502121640736,0.8745753182952097,0.5035007221877128,89.4
-23.5,133.25,0.9074964639321075,0.8584678812394029,0.5375431961919416,65.4
-23.5,133.5,0.94002828854314,0.8580070810647542,0.5779643075908392,42.4
-23.5,133.75,0.9657708628005658,0.8857789598458766,0.6391610705417977,24.2
-23.5,134.0,0.963932107496464,0.9240336086262092,0.5919683825731624,25.5
-23.5,134.25,0.939038189533239,0.9603753281025685,0.5074233446827211,43.1
-23.5,134.5,0.9070721357850071,0.9834898289855903,0.4658735888370409,65.7
-23.5,134.75,0.872984441301273,0.9992769551117698,0.46820791830717823,89.8
-23.5,135.0,0.8383309759547384,0.9821690285750472,0.45417125419392856,114.3
-23.5,135.25,0.8032531824611032,0.9679202496425964,0.45089509561655844,139.1
-23.5,135.5,0.7678925035360679,0.9781475953002662,0.4871844789889733,164.1
-23.5,135.75,0.7325318246110326,0.9930953977781447,0.5400716260101248,189.1
-23.5,136.0,0.697029702970297,0.9621494414447233,0.583652545375038,214.2
-23.5,136.25,0.6615275813295616,0.9454824854374754,0.6021210411833424,239.3
-23.5,136.5,0.6258840169731259,0.9322059017960876,0.6114059456841822,264.5
-23.5,136.75,0.5903818953323903,0.9266275150346669,0.6060937078185719,289.6
-23.5,137.0,0.5547383309759547,0.9245972950263271,0.6124592579855885,314.8
-23.5,137.25,0.5190947666195191,0.9233297120473711,0.6113280347747366,340.0
-23.5,137.5,0.48387553041018394,0.9253676857780153,0.6101978914213386,364.9
-23.5,137.75,0.503111739745403,0.9243036700952025,0.6031010521160772,351.3
-23.5,138.0,0.5203677510608203,0.9238537257271341,0.5810960553803252,339.1
-23.5,138.25,0.5353606789250354,0.9241334545988495,0.528878468332508,328.5
-23.5,138.5,0.5480905233380481,0.9123782627115193,0.5272135860147771,319.5
-23.5,138.75,0.5581329561527582,0.9115794805475428,0.5164172678928842,312.4
-23.5,139.0,0.5653465346534654,0.9097935117838868,0.5024628018843454,307.3
-23.5,139.25,0.5697312588401697,0.9078652985342238,0.49959703749133877,304.2
-23.5,139.5,0.571004243281471,0.9076216285213166,0.48428768884075724,303.3
-23.5,139.75,0.571994342291372,0.9105095966892762,0.46554465136271833,302.6
-23.5,140.0,0.5732673267326733,0.9063754046166363,0.4883003585536126,301.7
-23.5,140.25,0.5718528995756719,0.8949272184381243,0.5099705188922334,302.7
-23.5,140.5,0.595049504950495,0.8882390456404977,0.5102090223340986,286.3
-23.5,140.75,0.627015558698727,0.8928698049180936,0.48725168802753105,263.7
-23.5,141.0,0.6582743988684583,0.8954058152138216,0.46773434440311534,241.6
-23.5,141.25,0.6884016973125884,0.8850741751024609,0.4595967803885611,220.3
-23.5,141.5,0.7172560113154173,0.8704015902294788,0.46499313431465894,199.9
-23.5,141.75,0.7442715700141442,0.8656434945069309,0.4839853771054508,180.8
-23.5,142.0,0.769024045261669,0.863324395913683,0.5013309823343024,163.3
-23.5,142.25,0.7903818953323904,0.8790867025792868,0.4990626692243407,148.2
-23.5,142.5,0.8072135785007072,0.9096849374345896,0.49152755284821575,136.3
-23.5,142.75,0.8186704384724187,0.9197614259919729,0.48955611995173925,128.2
-23.5,143.0,0.8233380480905234,0.9382746798663484,0.46581037688279064,124.9
-23.5,143.25,0.8562942008486563,0.9598824607220316,0.43906272679524855,101.6
-23.5,143.5,0.8919377652050919,0.9722985549450628,0.42614012099451415,76.4
-23.5,143.75,0.9275813295615276,0.9758191986770973,0.417669074433965,51.2
-23.5,144.0,0.9628005657708628,0.9701124895476121,0.43136044203832713,26.3
-23.5,144.25,0.9919377652050919,0.9601414097189004,0.4483542877308423,5.7
-23.5,144.5,0.9997171145685997,0.9516346793398142,0.4653122886027934,0.2
-23.5,144.75,0.9973125884016973,0.9663499189717298,0.47226536181118794,1.9
-23.5,145.0,0.9944837340876945,0.9890754991584523,0.46917753359725844,3.9
-23.5,145.25,0.9939179632248939,0.9874040407494667,0.46274364618240355,4.3
-23.5,145.5,0.9932107496463932,0.9713595454685265,0.48361600138706556,4.8
-23.5,145.75,0.9942008486562942,0.9549736892327995,0.4160048690418023,4.1
-23.5,146.0,0.9977369165487977,0.9576183972149587,0.3729184921562909,1.6
-23.5,146.25,0.9956152758132956,0.9635402754799581,0.3312575271101195,3.1
-23.5,146.5,0.9801980198019802,0.9704167299218014,0.29985088844756275,14.0
-23.5,146.75,0.962942008486563,0.9728750306260149,0.28015357932565643,26.2
-23.5,147.0,0.9485148514851485,0.9770224846886179,0.3015930208664466,36.4
-23.5,147.25,0.9468175388967468,0.9656146250445985,0.23451894837317874,37.6
-23.5,147.5,0.9335219236209336,0.9441830637768159,0.19825806034373036,47.0
-23.5,147.75,0.944978783592645,0.9468704816804079,0.20658837085519396,38.9
-23.5,148.0,0.9806223479490807,0.95704576130011,0.23237090237250194,13.7
-23.5,148.25,0.9944837340876945,0.9673412606757578,0.26240552572923004,3.9
-23.5,148.5,0.9862800565770863,0.9588791194251368,0.27888569773640376,9.7
-23.5,148.75,0.9997171145685997,0.9761958320111777,0.261741816326878,0.2
-23.5,149.0,0.985007072135785,0.9781224736340566,0.21377416140357303,10.6
-23.5,149.25,0.9712871287128713,0.9649439626036566,0.20186689560332358,20.3
-23.5,149.5,0.9715700141442716,0.9866301858832144,0.2165990685033557,20.1
-23.5,149.75,0.9656294200848656,0.979335305535139,0.2247131979994296,24.3
-23.5,150.0,0.9776520509193777,0.9889723716671693,0.23296103641249996,15.8
-23.5,150.25,0.9961810466760962,0.9944316259250113,0.21420494394135997,2.7
-23.5,150.5,0.997029702970297,0.9812274925603808,0.2188245418952151,2.1
-23.5,150.75,0.9748231966053749,0.977497507577702,0.31282816404656766,17.8
-23.75,113.75,0.49024045261669025,0.8881892366401815,0.8311671881695871,360.4
-23.75,114.0,0.5173974540311175,0.8915202839074541,0.7506346104674205,341.2
-23.75,114.25,0.5431400282885431,0.8914629335835595,0.7204468246422477,323.0
-23.75,114.5,0.5674681753889674,0.8852815506311639,0.7439135776734422,305.8
-23.75,114.75,0.5900990099009901,0.8711465049984354,0.7571111764276234,289.8
-23.75,115.0,0.6171145685997171,0.857968509480591,0.7521508270365528,270.7
-23.75,115.25,0.651909476661952,0.8503508565224009,0.7384343164825145,246.1
-23.75,115.5,0.6865629420084866,0.8507524792021703,0.7036087846513484,221.6
-23.75,115.75,0.7207920792079208,0.8526930144333971,0.6212204316212163,197.4
-23.75,116.0,0.7547383309759548,0.8526511727010105,0.5974805552405255,173.4
-23.75,116.25,0.787977369165488,0.8492823705685804,0.6060468226643357,149.9
-23.75,116.5,0.8202263083451202,0.8486872234767475,0.6285467003422738,127.1
-23.75,116.75,0.8510608203677511,0.857171052333159,0.6565739815128596,105.3
-23.75,117.0,0.8789250353606789,0.8648735756654173,0.6737254219245637,85.6
-23.75,117.25,0.9018387553041018,0.8612957069202771,0.6465984034078677,69.4
-23.75,117.5,0.9151343705799151,0.8570569999068304,0.5891226197189687,60.0
-23.75,117.75,0.9144271570014144,0.8611338912249765,0.5413479530517047,60.5
-23.75,118.0,0.9,0.8691107610752976,0.524687767195214,70.7
-23.75,118.25,0.8838755304101839,0.8916176623727199,0.5384478105101984,82.1
-23.75,118.5,0.9004243281471004,0.9209831089331416,0.5668502696183255,70.4
-23.75,118.75,0.9056577086280057,0.9345811244487874,0.5741425792400447,66.7
-23.75,119.0,0.8978783592644979,0.9320209979971097,0.5796111224428093,72.2
-23.75,119.25,0.9114568599717114,0.9228137732980113,0.5900890437885131,62.6
-23.75,119.5,0.9295615275813296,0.910584661802467,0.6148006629396412,49.8
-23.75,119.75,0.9401697312588402,0.9006249134516314,0.6492022781923551,42.3
-23.75,120.0,0.9325318246110326,0.8955680576864075,0.6716880371370134,47.7
-23.75,120.25,0.9123055162659123,0.8892480205708821,0.6620564500415987,62.0
-23.75,120.5,0.8851485148514852,0.8848221559076349,0.648067299656327,81.2
-23.75,120.75,0.8547383309759548,0.8835631124003467,0.6305766711831248,102.7
-23.75,121.0,0.8224893917963225,0.8782720096492415,0.6152864376212073,125.5
-23.75,121.25,0.7895332390381895,0.8725290296031465,0.6109961156044588,148.8
-23.75,121.5,0.7571428571428571,0.86999649077629,0.6258711036821073,171.7
-23.75,121.75,0.7241867043847242,0.8701472507024435,0.6304358384303868,195.0
-23.75,122.0,0.6905233380480905,0.8709136224263703,0.6269117316877475,218.8
-23.75,122.25,0.6565770862800566,0.8670161665215235,0.6289020862655827,242.8
-23.75,122.5,0.6224893917963226,0.8640885071174178,0.6329854624657649,266.9
-23.75,122.75,0.5879773691654879,0.868020519853421,0.6327535348722767,291.3
-23.75,123.0,0.5533239038189532,0.8828601226560513,0.6353870654435618,315.8
-23.75,123.25,0.5185289957567185,0.8998882774342128,0.6678653901015191,340.4
-23.75,123.5,0.4837340876944838,0.9034643538447228,0.6850932586333289,365.0
-23.75,123.75,0.4487977369165488,0.902247674047023,0.6910718813690133,389.7
-23.75,124.0,0.4138613861386139,0.9030511414696808,0.6967352824317691,414.4
-23.75,124.25,0.3789250353606789,0.9098907825574728,0.7033896219400034,439.1
-23.75,124.5,0.3437057991513437,0.9154915897043889,0.690852928182249,464.0
-23.75,124.75,0.30862800565770865,0.9118286811881453,0.6732016427075255,488.8
-23.75,125.0,0.2732673267326733,0.9078763490215698,0.6762150091089522,513.8
-23.75,125.25,0.23804809052333797,0.9049808564799292,0.6891148411994991,538.7
-23.75,125.5,0.2026874115983026,0.9023845377705454,0.6918335838060011,563.7
-23.75,125.75,0.16732673267326725,0.9013945130081519,0.6728868400837581,588.7
-23.75,126.0,0.1319660537482319,0.9138802337286427,0.6482346936789796,613.7
-23.75,126.25,0.09646393210749649,0.9451798483303283,0.6473332544639832,638.8
-23.75,126.5,0.06096181046676097,0.9648821498441187,0.6814150868548207,663.9
-23.75,126.75,0.02545968882602545,0.9754383574599725,0.7120952070926609,689.0
-23.75,127.0,0.02913719943422921,0.9749626471307621,0.7027388547098246,686.4
-23.75,127.25,0.06478076379066466,0.9724323340585116,0.647884191290127,661.2
-23.75,127.5,0.10042432814710045,0.9971777566156873,0.6174132249355874,636.0
-23.75,127.75,0.13606789250353613,0.9712011624488852,0.6440026356129233,610.8
-23.75,128.0,0.1717114568599717,0.9615215579770134,0.6509141584852501,585.6
-23.75,128.25,0.20735502121640736,0.966317202347846,0.6404234883746784,560.4
-23.75,128.5,0.24299858557284293,0.9719646898894656,0.6301604264277788,535.2
-23.75,128.75,0.2786421499292786,0.9730817370818988,0.6324192625797856,510.0
-23.75,129.0,0.3142857142857143,0.9725166979635081,0.6346445103297891,484.8
-23.75,129.25,0.34992927864214984,0.9731504666863112,0.6232948861422637,459.6
-23.75,129.5,0.38557284299858563,0.9714317542410476,0.623883875855706,434.4
-23.75,129.75,0.4212164073550212,0.9630912770314243,0.6382091036683173,409.2
-23.75,130.0,0.45685997171145687,0.9518955967356112,0.6500380556272354,384.0
-23.75,130.25,0.49250353606789243,0.9422817669228887,0.6436922491226247,358.8
-23.75,130.5,0.5281471004243281,0.931014191059635,0.6202296382312165,333.6
-23.75,130.75,0.5637906647807638,0.9314218486030322,0.618042975238601,308.4
-23.75,131.0,0.5994342291371995,0.9278746625215919,0.6141100376873152,283.2
-23.75,131.25,0.6349363507779349,0.9107052625220824,0.5973139026125429,258.1
-23.75,131.5,0.6705799151343705,0.8882119675218965,0.5732036834769408,232.9
-23.75,131.75,0.7062234794908062,0.8801544639833293,0.5597411489491837,207.7
-23.75,132.0,0.7418670438472419,0.8900082517184916,0.5748989629761394,182.5
-23.75,132.25,0.7773691654879773,0.9049339563420213,0.5626986689912333,157.4
-23.75,132.5,0.813012729844413,0.9169140845719501,0.5091031515975035,132.2
-23.75,132.75,0.8485148514851485,0.9212633936880318,0.48362538164136787,107.1
-23.75,133.0,0.8838755304101839,0.9122852139258129,0.4885552532645936,82.1
-23.75,133.25,0.919094766619519,0.8968986813875071,0.4974081180801626,57.2
-23.75,133.5,0.9536067892503536,0.9076304077690092,0.47722767750986134,32.8
-23.75,133.75,0.9838755304101838,0.9564758959382242,0.47695163693351156,11.4
-23.75,134.0,0.9833097595473833,0.9839299846312664,0.45815647618672073,11.8
-23.75,134.25,0.9485148514851485,0.9986410991754885,0.4238157358833192,36.4
-23.75,134.5,0.9130127298444131,0.9834566083914364,0.4003895983862171,61.5
-23.75,134.75,0.8773691654879774,0.9689521401076774,0.410498079544434,86.7
-23.75,135.0,0.8417256011315417,0.9599109998534479,0.44600761242772285,111.9
-23.75,135.25,0.806082036775106,0.9681966170814669,0.4771785842888908,137.1
-23.75,135.5,0.7704384724186704,0.9845210131605697,0.5115728178294561,162.3
-23.75,135.75,0.7347949080622348,0.9945991295023479,0.5533425583675283,187.5
-23.75,136.0,0.699009900990099,0.9750159323223427,0.586103821795721,212.8
-23.75,136.25,0.6633663366336633,0.9574026268717146,0.5964661339247402,238.0
-23.75,136.5,0.6277227722772277,0.9431423532485924,0.6052510160725306,263.2
-23.75,136.75,0.5920792079207922,0.9288817133082116,0.6129505608926283,288.4
-23.75,137.0,0.5564356435643565,0.920289011430239,0.6205599295566755,313.6
-23.75,137.25,0.5206506364922208,0.9155670742321326,0.6221700937243098,338.9
-23.75,137.5,0.485007072135785,0.914932825586588,0.6187728944084339,364.1
-23.75,137.75,0.46874115983026876,0.9154164062494216,0.613341775519226,375.6
-23.75,138.0,0.48472418670438466,0.9174929566955068,0.6031295796935945,364.3
-23.75,138.25,0.4987270155586988,0.921687130445898,0.5689921749370622,354.4
-23.75,138.5,0.5103253182461103,0.9171189382776145,0.5510553880453094,346.2
-23.75,138.75,0.5196605374823196,0.9150217329445199,0.5251223695272788,339.6
-23.75,139.0,0.5263083451202264,0.9180421001349243,0.5059288219663223,334.9
-23.75,139.25,0.5302687411598302,0.9171317733046654,0.5037152431237328,332.1
-23.75,139.5,0.5314002828854314,0.9215769342896166,0.48710855050440605,331.3
-23.75,139.75,0.5325318246110325,0.9253094624135012,0.4656108450129238,330.5
-23.75,140.0,0.5338048090523337,0.9208912831933151,0.4908850054285078,329.6
-23.75,140.25,0.5454031117397454,0.9129210412210723,0.5127410785392542,321.4
-23.75,140.5,0.5765205091937766,0.9074376819123181,0.5076047446177253,299.4
-23.75,140.75,0.6070721357850071,0.9059059279507145,0.4852415897872897,277.8
-23.75,141.0,0.6364922206506365,0.8971638899924624,0.48247501110730084,257.0
-23.75,141.25,0.6646393210749646,0.8748349196110913,0.4961534365394899,237.1
-23.75,141.5,0.6912305516265912,0.8635487957915471,0.5031963635584263,218.3
-23.75,141.75,0.7157001414427158,0.8657268831411586,0.5049349179421639,201.0
-23.75,142.0,0.7376237623762376,0.8708098248811591,0.499823275686599,185.5
-23.75,142.25,0.7561527581329561,0.8861093741666488,0.4900770947628521,172.4
-23.75,142.5,0.7704384724186704,0.9085443699149022,0.49101552312496843,162.3
-23.75,142.75,0.7799151343705799,0.9227363649547903,0.4794428197281679,155.6
-23.75,143.0,0.8145685997171146,0.9351690522125804,0.44949113587082057,131.1
-23.75,143.25,0.8487977369165488,0.9481666166700848,0.427230519146693,106.9
-23.75,143.5,0.8821782178217822,0.9599322269135854,0.4220872064449013,83.3
-23.75,143.75,0.9135785007072136,0.9620485755337552,0.4340200664785391,61.1
-23.75,144.0,0.94002828854314,0.9523348669407352,0.4536286177646331,42.4
-23.75,144.25,0.9524752475247524,0.9465546220277485,0.47212625360692123,33.6
-23.75,144.5,0.9618104667609618,0.9525962135672658,0.4750708475940732,27.0
-23.75,144.75,0.9632248939179632,0.9701179238290535,0.4694503346012461,26.0
-23.75,145.0,0.9660537482319661,0.9950002061747983,0.45364455775003676,24.0
-23.75,145.25,0.9926449787835926,0.9823998132532076,0.4288443741704015,5.2
-23.75,145.5,0.9724186704384724,0.9669787041045123,0.42236958111049644,19.5
-23.75,145.75,0.9663366336633663,0.9774113633775657,0.40406222582197626,23.8
-23.75,146.0,0.9630834512022631,0.9874621582836253,0.381040470765501,26.1
-23.75,146.25,0.9585572842998585,0.9959878646296106,0.34286335150793595,29.3
-23.75,146.5,0.9445544554455445,0.9999963165064646,0.30318044355844415,39.2
-23.75,146.75,0.9285714285714286,0.998671909784138,0.28123973863439633,50.5
-23.75,147.0,0.9108910891089109,0.9939364676292832,0.288251930009081,63.0
-23.75,147.25,0.9077793493635078,0.9680488706632668,0.22184815888381754,65.2
-23.75,147.5,0.901980198019802,0.9460123584342736,0.20325997618814384,69.3
-23.75,147.75,0.9340876944837341,0.950378622300595,0.2233495959113773,46.6
-23.75,148.0,0.95997171145686,0.9857180697054859,0.2495581876047701,28.3
-23.75,148.25,0.9663366336633663,0.9839047974199487,0.25626139469211895,23.8
-23.75,148.5,0.9753889674681754,0.9968535892626811,0.26201145834488065,17.4
-23.75,148.75,0.9973125884016973,0.9884861197620406,0.24344514679197024,1.9
-23.75,149.0,0.9769448373408769,0.9707052269855974,0.16637692909241097,16.3
-23.75,149.25,0.9944837340876945,0.9616014348472931,0.1388108437583551,3.9
-23.75,149.5,0.9878359264497878,0.975327881695393,0.16141745648112407,8.6
-23.75,149.75,0.9881188118811881,0.9941937480208313,0.20564272195368352,8.4
-23.75,150.0,0.9881188118811881,0.9804339298044689,0.2514700188166934,8.4
-23.75,150.25,0.9868458274398868,0.9927512881140602,0.23814981594828966,9.3
-23.75,150.5,0.9896746817538897,0.9903204104731992,0.18749950499817825,7.3
-23.75,150.75,0.9956152758132956,0.9910826921773289,0.17945289076889528,3.1
-23.75,151.0,0.9934936350777935,0.999692649175126,0.22266448276724954,4.6
-23.75,151.25,0.9861386138613861,0.9949790893292936,0.32279350768165943,9.8
-24.0,113.5,0.43762376237623757,0.8900557319196536,0.9272809484897968,397.6
-24.0,113.75,0.4643564356435643,0.896163968188348,0.7986418816537412,378.7
-24.0,114.0,0.48995756718528993,0.8971153945032199,0.7472966904905892,360.6
-24.0,114.25,0.5142857142857142,0.8930010400074155,0.7363536568104252,343.4
-24.0,114.5,0.5386138613861386,0.8911164373835473,0.7472578800913453,326.2
-24.0,114.75,0.5728429985855729,0.8793086281300942,0.7506883615809913,302.0
-24.0,115.0,0.606930693069307,0.8683274697904853,0.7392801349799897,277.9
-24.0,115.25,0.6407355021216408,0.8634771979735011,0.7189287384691653,254.0
-24.0,115.5,0.673974540311174,0.8695655863322903,0.6747269816545531,230.5
-24.0,115.75,0.7067892503536068,0.8683714028184568,0.5789503302673107,207.3
-24.0,116.0,0.7387553041018388,0.8636651394497523,0.5472999822829238,184.7
-24.0,116.25,0.7697312588401697,0.8555266275372532,0.5494985075902584,162.8
-24.0,116.5,0.799009900990099,0.8544118245679717,0.5741687698126242,142.1
-24.0,116.75,0.8258840169731259,0.8603260437889465,0.6219664841837581,123.1
-24.0,117.0,0.849080622347949,0.8650337661054546,0.664859518233169,106.7
-24.0,117.25,0.8666195190947666,0.862642993165122,0.6795208718249462,94.3
-24.0,117.5,0.8759547383309759,0.8638338164545111,0.6418762995822553,87.7
-24.0,117.75,0.8755304101838756,0.8605568181686056,0.5865212914639998,88.0
-24.0,118.0,0.8652050919377652,0.8587420066592696,0.5518562554616007,95.3
-24.0,118.25,0.8500707213578501,0.8733563358775043,0.5500103439062004,106.0
-24.0,118.5,0.8623762376237624,0.9055067601848971,0.5609706714229047,97.3
-24.0,118.75,0.8661951909476662,0.9137540494273999,0.5784579797373678,94.6
-24.0,119.0,0.8605374823196605,0.9042353500239227,0.5936754921525291,98.6
-24.0,119.25,0.8775106082036775,0.8919432304387263,0.6187348092865845,86.6
-24.0,119.5,0.8930693069306931,0.8830047592286092,0.643667315697529,75.6
-24.0,119.75,0.9007072135785007,0.882069001001878,0.6590943204587753,70.2
-24.0,120.0,0.8958981612446959,0.8831752708572829,0.6572311634186612,73.6
-24.0,120.25,0.8803394625176804,0.8785903494602676,0.6430559874403359,84.6
-24.0,120.5,0.8591230551626592,0.8764028259078417,0.639006715394971,99.6
-24.0,120.75,0.832956152758133,0.8707978229365386,0.6297169273596749,118.1
-24.0,121.0,0.803960396039604,0.8621041886818679,0.6276319482577694,138.6
-24.0,121.25,0.7732673267326733,0.8567400298930812,0.6322171519458494,160.3
-24.0,121.5,0.7413012729844413,0.8600695768053093,0.6574555803617974,182.9
-24.0,121.75,0.7086280056577086,0.862447096850554,0.6581871757282755,206.0
-24.0,122.0,0.675954738330976,0.8614839811026297,0.6492152042472528,229.1
-24.0,122.25,0.6432814710042434,0.8629005655212317,0.6470236899547317,252.2
-24.0,122.5,0.6101838755304101,0.8630045873308625,0.6466562321921231,275.6
-24.0,122.75,0.5765205091937766,0.8646379082664958,0.6407026557024623,299.4
-24.0,123.0,0.5427157001414427,0.881948552644871,0.6375163509356341,323.3
-24.0,123.25,0.5087694483734088,0.9014925069391739,0.6622526617527265,347.3
-24.0,123.5,0.47454031117397455,0.9100250765330811,0.6795419854557642,371.5
-24.0,123.75,0.44002828854314,0.9108642225832753,0.685613201938814,395.9
-24.0,124.0,0.4055162659123055,0.9152578155672076,0.6911379783155661,420.3
-24.0,124.25,0.3708628005657708,0.9203744749215408,0.6973285271059257,444.8
-24.0,124.5,0.3360678925035361,0.9195027109397486,0.6948587158184943,469.4
-24.0,124.75,0.30127298444130124,0.9143035886694051,0.691193889144045,494.0
-24.0,125.0,0.26633663366336624,0.913361319982029,0.6962264278117821,518.7
-24.0,125.25,0.23140028288543146,0.913658742559364,0.7060813036410527,543.4
-24.0,125.5,0.19646393210749646,0.909617462615654,0.7076603453498247,568.1
-24.0,125.75,0.16138613861386142,0.9036292699556231,0.7004142923085999,592.9
-24.0,126.0,0.12630834512022626,0.9049976425267777,0.6727297611173831,617.7
-24.0,126.25,0.09123055162659122,0.9252028228077273,0.6573339110495497,642.5
-24.0,126.5,0.056011315417256013,0.9440834034577456,0.6798597697754867,667.4
-24.0,126.75,0.02079207920792081,0.95778810407004,0.6968302454186234,692.3
-24.0,127.0,0.029985855728430044,0.9595978342395263,0.6872307639358722,685.8
-24.0,127.25,0.06562942008486561,0.9591478229514191,0.6539849023872202,660.6
-24.0,127.5,0.10113154172560113,0.975761365609831,0.651590761707949,635.5
-24.0,127.75,0.1367751060820368,0.9949607718698595,0.6636350404666588,610.3
-24.0,128.0,0.17241867043847237,0.9779043893871632,0.6750127409479892,585.1
-24.0,128.25,0.20792079207920788,0.9730595775866406,0.6804560606147003,560.0
-24.0,128.5,0.24356435643564367,0.97857599384442,0.6688685132072255,534.8
-24.0,128.75,0.2792079207920791,0.9822235938811226,0.6417350477803561,509.6
-24.0,129.0,0.31471004243281475,0.9794015623338811,0.6184500976160515,484.5
-24.0,129.25,0.3503536067892503,0.9815257888323823,0.6150596675558578,459.3
-24.0,129.5,0.385997171145686,0.9840976010995204,0.6140678426602303,434.1
-24.0,129.75,0.4214992927864215,0.9760497903448532,0.6138288395828267,409.0
-24.0,130.0,0.4571428571428571,0.9610074190424017,0.6242594083733068,383.8
-24.0,130.25,0.4926449787835927,0.946666953022741,0.6412890021827335,358.7
-24.0,130.5,0.5282885431400283,0.9344183079358525,0.6546588462594725,333.5
-24.0,130.75,0.5637906647807638,0.9271615097156715,0.6587381770235209,308.4
-24.0,131.0,0.5994342291371995,0.9236250126855196,0.6546758499850549,283.2
-24.0,131.25,0.6349363507779349,0.9114947652825747,0.646306310025186,258.1
-24.0,131.5,0.6704384724186705,0.8928537677858869,0.6356086296289464,233.0
-24.0,131.75,0.7059405940594059,0.8888051843131054,0.6340048479023838,207.9
-24.0,132.0,0.7414427157001414,0.905250745323215,0.6216734237645506,182.8
-24.0,132.25,0.7769448373408769,0.9229414622947663,0.5739444495731405,157.7
-24.0,132.5,0.8123055162659123,0.9335299547270394,0.496064694820953,132.7
-24.0,132.75,0.8475247524752475,0.9313835755619523,0.46326926276884134,107.8
-24.0,133.0,0.8826025459688827,0.9183410272912279,0.48097739387401894,83.0
-24.0,133.25,0.9171145685997171,0.9022754379528007,0.5147596867009245,58.6
-24.0,133.5,0.9502121640735502,0.9166970242216461,0.4857885939982277,35.2
-24.0,133.75,0.9782178217821782,0.9545585190551478,0.46386002538258125,15.4
-24.0,134.0,0.9693069306930693,0.9718673531472838,0.477515725456409,21.7
-24.0,134.25,0.9371994342291372,0.9877845316155272,0.46682094616974734,44.4
-24.0,134.5,0.9032531824611032,0.9940443190519846,0.4334644556425197,68.4
-24.0,134.75,0.8694483734087695,0.9855767020886181,0.41261824265861086,92.3
-24.0,135.0,0.8355021216407355,0.9830788468367686,0.4612358750655985,116.3
-24.0,135.25,0.800990099009901,0.9882638302666366,0.5010255438475619,140.7
-24.0,135.5,0.7661951909476662,0.9948876590550622,0.5149233576329519,165.3
-24.0,135.75,0.7311173974540311,0.9880257608480676,0.5461128965954193,190.1
-24.0,136.0,0.695898161244696,0.9666633952217231,0.5819188745257567,215.0
-24.0,136.25,0.6606789250353606,0.9486765037457713,0.5990776160632322,239.9
-24.0,136.5,0.6253182461103253,0.9339712310449437,0.6053722985701678,264.9
-24.0,136.75,0.5899575671852899,0.9198825484804162,0.6160705430710477,289.9
-24.0,137.0,0.5544554455445545,0.9119604870736987,0.6210289583890661,315.0
-24.0,137.25,0.5190947666195191,0.9077702276538513,0.6270533380697063,340.0
-24.0,137.5,0.4835926449787835,0.9033230635561986,0.6257305932748779,365.1
-24.0,137.75,0.4480905233380481,0.9020932132514214,0.6213332525492509,390.2
-24.0,138.0,0.4486562942008486,0.9024957645613073,0.6133963647311192,389.8
-24.0,138.25,0.4615275813295615,0.9021969536046293,0.5966066765665204,380.7
-24.0,138.5,0.4724186704384724,0.9054704453811476,0.5637868590766778,373.0
-24.0,138.75,0.48090523338048086,0.905978882657737,0.5247690788497761,367.0
-24.0,139.0,0.4871287128712871,0.9129361558533434,0.4974702179424079,362.6
-24.0,139.25,0.49080622347949077,0.9146196456670395,0.4900593657598753,360.0
-24.0,139.5,0.4919377652050919,0.9148879786789574,0.4759342178044956,359.2
-24.0,139.75,0.49306930693069306,0.9177193044613001,0.4732807340462238,358.4
-24.0,140.0,0.49504950495049505,0.9159968822682311,0.4949530379824773,357.0
-24.0,140.25,0.5256011315417256,0.9160344815715948,0.5115842127431875,335.4
-24.0,140.5,0.5554455445544555,0.9152770326694764,0.5038932745481715,314.3
-24.0,140.75,0.5841584158415842,0.9141563909232948,0.48662464542679024,294.0
-24.0,141.0,0.611881188118812,0.8995197685513531,0.4886104871675042,274.4
-24.0,141.25,0.6380480905233381,0.8751292167036481,0.5124683097698175,255.9
-24.0,141.5,0.6623762376237624,0.8663786507393482,0.5304592829415778,238.7
-24.0,141.75,0.6847241867043847,0.8720739914983846,0.5261053299214179,222.9
-24.0,142.0,0.7042432814710042,0.8869107350301928,0.505824672132471,209.1
-24.0,142.25,0.7205091937765205,0.9022849443277049,0.4838040577568238,197.6
-24.0,142.5,0.734936350777935,0.9201835787905213,0.48181336471620434,187.4
-24.0,142.75,0.7683168316831683,0.9299170239282639,0.47865935896934486,163.8
-24.0,143.0,0.8008486562942008,0.9326151768815439,0.4486308118254551,140.8
-24.0,143.25,0.8322489391796323,0.9312958973828893,0.4254707705457604,118.6
-24.0,143.5,0.8613861386138614,0.9324144514842421,0.4221225677472024,98.0
-24.0,143.75,0.8868458274398868,0.9366613826853114,0.450661524060976,80.0
-24.0,144.0,0.9055162659123055,0.9485836917244969,0.4705972721556457,66.8
-24.0,144.25,0.9141442715700141,0.9581786528366868,0.47139730147361436,60.7
-24.0,144.5,0.9223479490806223,0.9591944003453832,0.45529594990822997,54.9
-24.0,144.75,0.9237623762376238,0.9640037186105654,0.4535748827683378,53.9
-24.0,145.0,0.9513437057991514,0.9728205790965866,0.47221910523069377,34.4
-24.0,145.25,0.9861386138613861,0.9905044508246204,0.4761469336056671,9.8
-24.0,145.5,0.9789250353606789,0.9747205387179787,0.44166502208674346,14.9
-24.0,145.75,0.9435643564356435,0.9744673106264434,0.4260822922102586,39.9
-24.0,146.0,0.9237623762376238,0.9856055020443512,0.4006306805921517,53.9
-24.0,146.25,0.9193776520509194,0.9936559883441508,0.34720397554131244,57.0
-24.0,146.5,0.9087694483734088,0.9964337699677074,0.2960256465307237,64.5
-24.0,146.75,0.8933521923620933,0.9983137249546347,0.27513485316296576,75.4
-24.0,147.0,0.8765205091937766,0.9927763630528421,0.27727948230125077,87.3
-24.0,147.25,0.8683168316831683,0.965389330626884,0.2308269157377977,93.1
-24.0,147.5,0.8818953323903819,0.9493224919312988,0.20816589754007536,83.5
-24.0,147.75,0.9070721357850071,0.95933141548653,0.21845403796754953,65.7
-24.0,148.0,0.9236209335219236,0.9937894004566669,0.2350324608857659,54.0
-24.0,148.25,0.9434229137199435,0.960942577519525,0.23044946526442028,40.0
-24.0,148.5,0.979066478076379,0.9803281461794029,0.2189048542787003,14.8
-24.0,148.75,0.9854314002828855,0.9825871084028279,0.24369577042496138,10.3
-24.0,149.0,0.9528995756718529,0.977124808149799,0.19745279291124576,33.3
-24.0,149.25,0.9611032531824611,0.9615273525804704,0.16245545092395844,27.5
-24.0,149.5,0.985997171145686,0.9620838865751147,0.16971227030517294,9.9
-24.0,149.75,0.9892503536067893,0.9731717949622493,0.20107827731636183,7.6
-24.0,150.0,0.9708628005657709,0.9627267709228802,0.23846042808044426,20.6
-24.0,150.25,0.9768033946251768,0.9585362114754962,0.23963758552628175,16.4
-24.0,150.5,0.9889674681753889,0.9949405862260077,0.20568190305026238,7.8
-24.0,150.75,0.9862800565770863,0.9871843643922409,0.15461728141785708,9.7
-24.0,151.0,0.9895332390381896,0.9854666874288189,0.13010213185426342,7.4
-24.0,151.25,0.9985855728429985,0.991997056531061,0.16472229736185567,1.0
-24.25,113.5,0.4113154172560113,0.8990359806471881,0.9396494262438516,416.2
-24.25,113.75,0.43677510608203685,0.9051617736319453,0.8255060596426674,398.2
-24.25,114.0,0.46110325318246115,0.9032015838278201,0.7500371269498248,381.0
-24.25,114.25,0.4932107496463932,0.8996515888031922,0.6807244616024947,358.3
-24.25,114.5,0.5268741159830268,0.8982524444146343,0.7072793329585766,334.5
-24.25,114.75,0.5602545968882603,0.8892256733352998,0.7517952477059386,310.9
-24.25,115.0,0.5932107496463932,0.8778004646627836,0.7551555384610718,287.6
-24.25,115.25,0.6256011315417256,0.8824284949251544,0.7154229893032447,264.7
-24.25,115.5,0.6574257425742575,0.8855080613324351,0.6608805013914189,242.2
-24.25,115.75,0.6884016973125884,0.8725180168853968,0.5854052668438816,220.3
-24.25,116.0,0.7181046676096181,0.8645944390002122,0.5721328194625874,199.3
-24.25,116.25,0.7465346534653465,0.8631594090143468,0.5596597083564182,179.2
-24.25,116.5,0.7727015558698727,0.8676818425725955,0.5517124087783565,160.7
-24.25,116.75,0.7960396039603961,0.8681346339292204,0.5812815652205648,144.2
-24.25,117.0,0.8154172560113154,0.8639957736873677,0.6220205092910113,130.5
-24.25,117.25,0.8294200848656295,0.8641361064938522,0.660433182529037,120.6
-24.25,117.5,0.8366336633663366,0.86164628850138,0.6442605281371349,115.5
-24.25,117.75,0.8363507779349364,0.858418178081799,0.6298784224595186,115.7
-24.25,118.0,0.8284299858557285,0.8571301170935481,0.6051246888676828,121.3
-24.25,118.25,0.8138613861386139,0.8681289184789233,0.6067359651273219,131.6
-24.25,118.5,0.8236209335219236,0.8886436953778605,0.60608323158954,124.7
-24.25,118.75,0.8265912305516265,0.8871589696268907,0.6221914007624328,122.6
-24.25,119.0,0.8247524752475247,0.8806030377669617,0.6485942378593504,123.9
-24.25,119.25,0.8428571428571429,0.8701920868018711,0.6664198800197138,111.1
-24.25,119.5,0.8555869872701556,0.8707558820826917,0.6710291629172914,102.1
-24.25,119.75,0.8611032531824611,0.8733537236186449,0.6661799099057841,98.2
-24.25,120.0,0.8577086280056577,0.878707382719162,0.6525723360164009,100.6
-24.25,120.25,0.8458274398868458,0.8761304479541147,0.6401277041359227,109.0
-24.25,120.5,0.8277227722772278,0.8740539857585918,0.6332096215324943,121.8
-24.25,120.75,0.805940594059406,0.8682095242284966,0.6340104728315101,137.2
-24.25,121.0,0.7803394625176803,0.8590932075950262,0.628734047551913,155.3
-24.25,121.25,0.7523338048090523,0.8610531401320747,0.6245167529101537,175.1
-24.25,121.5,0.7226308345120227,0.8660120010361765,0.6409889307487124,196.1
-24.25,121.75,0.691937765205092,0.8639761283211139,0.6467133840508102,217.8
-24.25,122.0,0.6601131541725601,0.8580138654226515,0.6430073455030775,240.3
-24.25,122.25,0.6277227722772277,0.8578676822395519,0.6383709372309453,263.2
-24.25,122.5,0.5949080622347949,0.8619347100900122,0.6400918915499094,286.4
-24.25,122.75,0.5623762376237624,0.8649324395050502,0.6323240739510753,309.4
-24.25,123.0,0.5295615275813295,0.880361051430959,0.6400664262547244,332.6
-24.25,123.25,0.49632248939179624,0.8994254553889984,0.6789845533676206,356.1
-24.25,123.5,0.4628005657708628,0.9082069855936153,0.692023042378722,379.8
-24.25,123.75,0.42899575671852896,0.9149487089868722,0.692700209706061,403.7
-24.25,124.0,0.3951909476661951,0.9200633418922933,0.6913361240997458,427.6
-24.25,124.25,0.36110325318246117,0.9206035090780196,0.6947002185318811,451.7
-24.25,124.5,0.32687411598302696,0.9181990537317407,0.6953941317083956,475.9
-24.25,124.75,0.2925035360678925,0.9154069190659788,0.6987438334135688,500.2
-24.25,125.0,0.25799151343705795,0.917033292564734,0.7139126394223702,524.6
-24.25,125.25,0.22333804809052327,0.9163249309023315,0.7180487352304954,549.1
-24.25,125.5,0.1886845827439887,0.9113593267220068,0.713099764635881,573.6
-24.25,125.75,0.15388967468175385,0.9045194440777446,0.6959361073293983,598.2
-24.25,126.0,0.11909476661951912,0.9006962418376504,0.6729622044636852,622.8
-24.25,126.25,0.08429985855728428,0.9118948494813336,0.682361767261959,647.4
-24.25,126.5,0.04936350777934928,0.9270289604634494,0.6998958156751792,672.1
-24.25,126.75,0.014427157001414503,0.9309522884611747,0.6972509707765397,696.8
-24.25,127.0,0.029278642149929368,0.9322702501852609,0.675650711061474,686.3
-24.25,127.25,0.06478076379066466,0.9449925087358451,0.6605750629046784,661.2
-24.25,127.5,0.10014144271570002,0.9672945805573884,0.6713151478525836,636.2
-24.25,127.75,0.13564356435643565,0.990157500424039,0.676387883005252,611.1
-24.25,128.0,0.17114568599717117,0.9919792975910687,0.6825913256159584,586.0
-24.25,128.25,0.2066478076379067,0.9869216502195457,0.6749970266044416,560.9
-24.25,128.5,0.2421499292786422,0.990305659074281,0.6497444794552139,535.8
-24.25,128.75,0.27751060820367746,0.9912299362544791,0.6151002186208485,510.8
-24.25,129.0,0.313012729844413,0.9811559418719776,0.6264561930148946,485.7
-24.25,129.25,0.34837340876944844,0.9802623324217824,0.6421503254991758,460.7
-24.25,129.5,0.3837340876944838,0.9840187825038741,0.6299029046009021,435.7
-24.25,129.75,0.41909476661951917,0.9837513382120102,0.6144324637823626,410.7
-24.25,130.0,0.4544554455445545,0.9692876482471446,0.6145873669165541,385.7
-24.25,130.25,0.4898161244695899,0.9485715211695439,0.6510669824909108,360.7
-24.25,130.5,0.5250353606789251,0.9308040951539567,0.6732995390385086,335.8
-24.25,130.75,0.5603960396039604,0.9197621048859604,0.6704601908599376,310.8
-24.25,131.0,0.5954738330975955,0.9124806554516892,0.6642157459005282,286.0
-24.25,131.25,0.6305516265912305,0.9018321981269976,0.6533431930658349,261.2
-24.25,131.5,0.6656294200848656,0.8901525279062692,0.6428146312407189,236.4
-24.25,131.75,0.7004243281471004,0.8871184779496167,0.6395176813780397,211.8
-24.25,132.0,0.735077793493635,0.913977157511931,0.6065117899433171,187.3
-24.25,132.25,0.7694483734087695,0.9335433142629507,0.5771695002701109,163.0
-24.25,132.5,0.8033946251768034,0.9380321259047958,0.5232184841321442,139.0
-24.25,132.75,0.8367751060820368,0.9400841687535922,0.490249968659152,115.4
-24.25,133.0,0.8687411598302688,0.92624830279096,0.49326020830914463,92.8
-24.25,133.25,0.8991513437057992,0.9207912367377349,0.49602337012674147,71.3
-24.25,133.5,0.9253182461103253,0.9346526673622042,0.4802202365087033,52.8
-24.25,133.75,0.9405940594059405,0.9526224639300647,0.4708146136148666,42.0
-24.25,134.0,0.9367751060820367,0.9583515619364955,0.5001267317484612,44.7
-24.25,134.25,0.9164073550212164,0.9712008573389347,0.5006247072075304,59.1
-24.25,134.5,0.8881188118811881,0.9895659354250866,0.4799779132725605,79.1
-24.25,134.75,0.8565770862800566,0.9953095746926505,0.4525513713092079,101.4
-24.25,135.0,0.8234794908062235,0.9904353476832247,0.46586272579339866,124.8
-24.25,135.25,0.7896746817538897,0.9950892944216424,0.4897068003597672,148.7
-24.25,135.5,0.7557284299858558,0.9910596455906086,0.5005846557780782,172.7
-24.25,135.75,0.7219236209335219,0.9721266139622265,0.5413137038414084,196.6
-24.25,136.0,0.6878359264497879,0.9476545130441901,0.5832664882765791,220.7
-24.25,136.25,0.6534653465346535,0.9308446494978582,0.6120555685878053,245.0
-24.25,136.5,0.6188118811881188,0.9150780368901901,0.6151012501264762,269.5
-24.25,136.75,0.584016973125884,0.9010896520593947,0.6222318551237709,294.1
-24.25,137.0,0.5492220650636492,0.8977785656128836,0.6264780480403824,318.7
-24.25,137.25,0.5141442715700142,0.8930541209903194,0.6283761312163609,343.5
-24.25,137.5,0.47906647807637903,0.890772333779928,0.632888952220469,368.3
-24.25,137.75,0.443988684582744,0.8908568015483656,0.6275228665376353,393.1
-24.25,138.0,0.41202263083451207,0.9011278749986255,0.616784119323591,415.7
-24.25,138.25,0.42418670438472417,0.9037504560598904,0.5906141446221369,407.1
-24.25,138.5,0.43422913719943423,0.9010599793475202,0.5457009068007878,400.0
-24.25,138.75,0.44214992927864216,0.8980674594228474,0.5120969193920031,394.4
-24.25,139.0,0.44794908062234795,0.8958535157352615,0.4887397960683073,390.3
-24.25,139.25,0.45120226308345124,0.8964996810341177,0.4836972163379751,388.0
-24.25,139.5,0.4523338048090524,0.8954349411974933,0.47056610134495724,387.2
-24.25,139.75,0.45346534653465354,0.8937792650754934,0.4811395497821555,386.4
-24.25,140.0,0.47425742574257423,0.9015600611693497,0.5063236146280663,371.7
-24.25,140.25,0.5035360678925036,0.9076194325007125,0.5123326667797691,351.0
-24.25,140.5,0.5318246110325318,0.9173830802642746,0.4972395636136789,331.0
-24.25,140.75,0.558981612446959,0.9155503073913489,0.4770598483207721,311.8
-24.25,141.0,0.5848656294200849,0.8978523205900103,0.49474736543067027,293.5
-24.25,141.25,0.6091937765205091,0.8756413107117671,0.5215458171703788,276.3
-24.25,141.5,0.6316831683168317,0.8711963738632836,0.5280446733225062,260.4
-24.25,141.75,0.651909476661952,0.8890600104078195,0.5135477159401507,246.1
-24.25,142.0,0.6694483734087695,0.9045655437315578,0.4888642053173786,233.7
-24.25,142.25,0.6874115983026874,0.9162979128841571,0.47507839047897604,221.0
-24.25,142.5,0.7195190947666195,0.9296878343675355,0.4765603094859859,198.3
-24.25,142.75,0.7507779349363508,0.9396488974072083,0.4715140550168548,176.2
-24.25,143.0,0.7807637906647807,0.9316550593870305,0.46463961799530035,155.0
-24.25,143.25,0.8086280056577086,0.920817100289196,0.4470865834316194,135.3
-24.25,143.5,0.8336633663366337,0.9154915185180208,0.4509874637220679,117.6
-24.25,143.75,0.8541725601131542,0.9235674428568431,0.4596990122666359,103.1
-24.25,144.0,0.8680339462517681,0.953311072889219,0.46226983051920917,93.3
-24.25,144.25,0.8763790664780764,0.9554143656843461,0.47664848709988256,87.4
-24.25,144.5,0.8828854314002829,0.9425501276759173,0.46134473114387636,82.8
-24.25,144.75,0.9164073550212164,0.9331109532170919,0.46444534035722473,59.1
-24.25,145.0,0.9519094766619519,0.9405025776060209,0.47806540513506895,34.0
-24.25,145.25,0.9874115983026874,0.9693347000158248,0.5075576015870822,8.9
-24.25,145.5,0.9848656294200848,0.9953700948992876,0.4799728202135235,10.7
-24.25,145.75,0.9543140028288544,0.9778461884304264,0.4398718623738372,32.3
-24.25,146.0,0.9214992927864215,0.968761447826437,0.41319055099197943,55.5
-24.25,146.25,0.8871287128712871,0.9703017840690327,0.3581503616147667,79.8
-24.25,146.5,0.8725601131541726,0.9750167213540165,0.30524806435470775,90.1
-24.25,146.75,0.8577086280056577,0.9836293559329442,0.267957250190507,100.6
-24.25,147.0,0.842008486562942,0.9827092124756008,0.22804961906964563,111.7
-24.25,147.25,0.8301272984441301,0.9609741440289584,0.2027820022678876,120.1
-24.25,147.5,0.8652050919377652,0.9525504539257518,0.18028534804503624,95.3
-24.25,147.75,0.9001414427157002,0.9947546937658506,0.17932996430916387,70.6
-24.25,148.0,0.9342291371994342,0.9586022674860388,0.1868982822726819,46.5
-24.25,148.25,0.9656294200848656,0.9426596974210555,0.18669538189224943,24.3
-24.25,148.5,0.9923620933521924,0.9570738450507096,0.183801702378192,5.4
-24.25,148.75,0.9831683168316832,0.9959394571311388,0.20504402964043023,11.9
-24.25,149.0,0.9507779349363508,0.9585462173872485,0.2090577147416379,34.8
-24.25,149.25,0.9328147100424328,0.938515186689612,0.1768649559698116,47.5
-24.25,149.5,0.9577086280056577,0.9478259299065505,0.17646299112049976,29.9
-24.25,149.75,0.98005657708628,0.9606604702219658,0.20283915412657483,14.1
-24.25,150.0,0.9956152758132956,0.9656446582264844,0.24326432707888165,3.1
-24.25,150.25,0.9953323903818954,0.9532980429007154,0.23187637601037545,3.3
-24.25,150.5,0.9949080622347949,0.9760366504400958,0.20661630209352028,3.6
-24.25,150.75,0.9995756718528995,0.9884953817238985,0.15939785066010445,0.3
-24.25,151.0,0.979066478076379,0.9790518714900155,0.12057728947404497,14.8
-24.25,151.25,0.977086280056577,0.9839522020044096,0.11719016345531512,16.2
-24.25,151.5,0.9943422913719944,0.9972209461633076,0.1544654083314471,4.0
-24.25,151.75,0.984016973125884,0.9855639354087706,0.27509981420617335,11.3
-24.5,113.5,0.3837340876944838,0.9107595204749583,0.9437456156780035,435.7
-24.5,113.75,0.41329561527581327,0.9163536089281563,0.8480139314892207,414.8
-24.5,114.0,0.44667609618104664,0.9127334576325374,0.7833570634963694,391.2
-24.5,114.25,0.47963224893917966,0.907219020921831,0.7228701537073291,367.9
-24.5,114.5,0.5123055162659123,0.9028889009157076,0.6997617521781232,344.8
-24.5,114.75,0.5445544554455446,0.8956441335287536,0.7277454361186614,322.0
-24.5,115.0,0.576096181046676,0.8938859038623045,0.7044923659251644,299.7
-24.5,115.25,0.6070721357850071,0.9053417567423016,0.66613086503664,277.8
-24.5,115.5,0.6371994342291372,0.8998530113892614,0.6367989710060884,256.5
-24.5,115.75,0.6661951909476662,0.878208333820837,0.5980115872315088,236.0
-24.5,116.0,0.6937765205091937,0.8728612202654302,0.5826346104932082,216.5
-24.5,116.25,0.7196605374823197,0.8726799810945669,0.56576501287701,198.2
-24.5,116.5,0.742998585572843,0.8741914362360803,0.556142000172126,181.7
-24.5,116.75,0.7633663366336634,0.8711656854920481,0.5987444397454706,167.3
-24.5,117.0,0.7797736916548798,0.8648711637447316,0.6443771527421718,155.7
-24.5,117.25,0.7913719943422914,0.8617296013054783,0.6567910489783982,147.5
-24.5,117.5,0.7971711456859971,0.8609140395668817,0.6343249047579425,143.4
-24.5,117.75,0.7968882602545969,0.8571440452526491,0.6153985655063983,143.6
-24.5,118.0,0.7905233380480905,0.8675978090115737,0.6302809836480214,148.1
-24.5,118.25,0.7783592644978784,0.879090599770094,0.6463174470625106,156.7
-24.5,118.5,0.7845827439886846,0.8812111940822202,0.6614628507873825,152.3
-24.5,118.75,0.786987270155587,0.8725017433689981,0.6824404034487991,150.6
-24.5,119.0,0.7913719943422914,0.8677262267980383,0.6938186680347697,147.5
-24.5,119.25,0.8062234794908062,0.875486429897272,0.6840171403871842,137.0
-24.5,119.5,0.8172560113154173,0.8774574773019026,0.674953880658106,129.2
-24.5,119.75,0.8214992927864215,0.88102416607132,0.6604957981440963,126.2
-24.5,120.0,0.8188118811881189,0.879891227600065,0.6463788377646369,128.1
-24.5,120.25,0.8094766619519095,0.8743132994825342,0.6279423669826188,134.7
-24.5,120.5,0.7942008486562941,0.8719287111213594,0.6321249611303698,145.5
-24.5,120.75,0.7751060820367751,0.8640271824313549,0.6286517366262739,159.0
-24.5,121.0,0.7527581329561528,0.8622451844622364,0.6260489739337914,174.8
-24.5,121.25,0.7275813295615277,0.8631828960793578,0.6143438026502028,192.6
-24.5,121.5,0.7002828854314003,0.8696293087373184,0.6209097550199598,211.9
-24.5,121.75,0.6714285714285715,0.8678837617254828,0.6458693545709081,232.3
-24.5,122.0,0.6414427157001414,0.8580015434163747,0.6462743172334505,253.5
-24.5,122.25,0.6106082036775107,0.853269900925475,0.645836636501778,275.3
-24.5,122.5,0.579066478076379,0.8562077212052454,0.6386721529915221,297.6
-24.5,122.75,0.5468175388967469,0.8646362701173244,0.6287121764091497,320.4
-24.5,123.0,0.5142857142857142,0.8819079504889866,0.6432286679293305,343.4
-24.5,123.25,0.4814710042432815,0.9004881354927877,0.6857958106694758,366.6
-24.5,123.5,0.44893917963224894,0.9090656607879717,0.7016384154950506,389.6
-24.5,123.75,0.41598302687411604,0.913000574244636,0.698209658553876,412.9
-24.5,124.0,0.3827439886845828,0.9133573159956623,0.7018177201842484,436.4
-24.5,124.25,0.3493635077793493,0.911924683485846,0.7063573925692287,460.0
-24.5,124.5,0.3155586987270156,0.9130351517045281,0.7096515541432581,483.9
-24.5,124.75,0.28175388967468173,0.9143815637399498,0.7163292314663203,507.8
-24.5,125.0,0.24780763790664784,0.9154484813917018,0.7280001051877864,531.8
-24.5,125.25,0.2152758132956153,0.912173310177087,0.7286918908839435,554.8
-24.5,125.5,0.18585572842998588,0.9069551475510431,0.7161359047474952,575.6
-24.5,125.75,0.156011315417256,0.9067139426289911,0.7015261586716561,596.7
-24.5,126.0,0.12574257425742574,0.906792284576624,0.6878760351751284,618.1
-24.5,126.25,0.09504950495049513,0.911019419865503,0.6966085684123108,639.8
-24.5,126.5,0.06421499292786415,0.9058715134945415,0.7133474226901924,661.6
-24.5,126.75,0.032956152758132906,0.9061353732710381,0.7018024571244129,683.7
-24.5,127.0,0.026874115983026914,0.9001253693153635,0.6621309440886526,688.0
-24.5,127.25,0.062234794908062274,0.9126796951485499,0.6338283959709377,663.0
-24.5,127.5,0.09745403111739748,0.9443484748583115,0.6534228607583027,638.1
-24.5,127.75,0.13281471004243284,0.9613694123124173,0.6644214668041616,613.1
-24.5,128.0,0.16803394625176793,0.9772569753950249,0.6620972267484456,588.2
-24.5,128.25,0.2033946251768033,0.9831409759605192,0.6475854575899668,563.2
-24.5,128.5,0.23861386138613871,0.9798810621740137,0.6117852818787853,538.3
-24.5,128.75,0.27369165487977365,0.984691235589989,0.6154328147166944,513.5
-24.5,129.0,0.30891089108910885,0.996103486184483,0.6536704704607879,488.6
-24.5,129.25,0.343988684582744,0.9980965958697257,0.6587635294977778,463.8
-24.5,129.5,0.37906647807637905,0.9917158245621623,0.6478969239377195,439.0
-24.5,129.75,0.4141442715700142,0.9951789789486786,0.6275358892961856,414.2
-24.5,130.0,0.4490806223479491,0.9912927355244799,0.6329991299153326,389.5
-24.5,130.25,0.48387553041018394,0.9704051116172405,0.6488929393249596,364.9
-24.5,130.5,0.5186704384724187,0.9469426064827371,0.658100239144587,340.3
-24.5,130.75,0.5533239038189532,0.9274235342662118,0.6573259007636594,315.8
-24.5,131.0,0.5878359264497879,0.9151406794249599,0.6538084988076004,291.4
-24.5,131.25,0.6222065063649223,0.894961330671252,0.6715568908668109,267.1
-24.5,131.5,0.6561527581329561,0.8771160727284469,0.6712928415433836,243.1
-24.5,131.75,0.68995756718529,0.8699740585376329,0.6875764956111966,219.2
-24.5,132.0,0.7231966053748232,0.891774983932022,0.6580848149119972,195.7
-24.5,132.25,0.7558698727015558,0.9178231829068737,0.6153693610033127,172.6
-24.5,132.5,0.7875530410183875,0.9444797857215974,0.5762262206080893,150.2
-24.5,132.75,0.8181046676096181,0.9447593323453364,0.5411613794712863,128.6
-24.5,133.0,0.8468175388967468,0.9563021361623262,0.5057643129359725,108.3
-24.5,133.25,0.8721357850070721,0.9542921871968797,0.48846813939087547,90.4
-24.5,133.5,0.8915134370579915,0.9657040735762485,0.48557690970268386,76.7
-24.5,133.75,0.9014144271570014,0.9675305885841828,0.4872678858893417,69.7
-24.5,134.0,0.8991513437057992,0.9675246927517266,0.4976591446450395,71.3
-24.5,134.25,0.8852899575671853,0.9700879234680237,0.52087330773564,81.1
-24.5,134.5,0.8632248939179632,0.9869802355020174,0.5071122812668543,96.7
-24.5,134.75,0.8364922206506364,0.9938079329737004,0.508551779604923,115.6
-24.5,135.0,0.8067892503536068,0.9971097355504488,0.5158175763085541,136.6
-24.5,135.25,0.7755304101838756,0.9930866772332716,0.5221543087870956,158.7
-24.5,135.5,0.742998585572843,0.9894544877130496,0.5166848630169067,181.7
-24.5,135.75,0.7099009900990099,0.9628068956151695,0.549451686905124,205.1
-24.5,136.0,0.6762376237623762,0.9462063823492051,0.5877644169181866,228.9
-24.5,136.25,0.6422913719943423,0.9244751075028931,0.6068774586883527,252.9
-24.5,136.5,0.6084865629420084,0.9096401824484969,0.6189804526814666,276.8
-24.5,136.75,0.5745403111739745,0.8961479139571242,0.6295013588007516,300.8
-24.5,137.0,0.5404526166902405,0.8868970147743335,0.6276286280990301,324.9
-24.5,137.25,0.5062234794908063,0.8879387008114672,0.6311816975856234,349.1
-24.5,137.5,0.47171145685997173,0.8822871516141764,0.6300711367218772,373.5
-24.5,137.75,0.43705799151343705,0.8884830415187447,0.6312356098719485,398.0
-24.5,138.0,0.40240452616690237,0.8983789966716231,0.6240829725591361,422.5
-24.5,138.25,0.38642149929278635,0.9050537978807893,0.5915829701657207,433.8
-24.5,138.5,0.3958981612446959,0.9079493827980656,0.5372745856795668,427.1
-24.5,138.75,0.4032531824611033,0.8961779027598609,0.5001160298775734,421.9
-24.5,139.0,0.4086280056577086,0.8816882618697145,0.4968338112046402,418.1
-24.5,139.25,0.41173974540311176,0.8730282702307415,0.49169283550778636,415.9
-24.5,139.5,0.41272984441301275,0.8722278666183974,0.48508729910956466,415.2
-24.5,139.75,0.4227722772277227,0.8783908050774135,0.4988608809359131,408.1
-24.5,140.0,0.45148514851485144,0.883048670473223,0.5130567676131705,387.8
-24.5,140.25,0.47934936350777935,0.9047104263087509,0.5083808720162261,368.1
-24.5,140.5,0.5062234794908063,0.9161347826544741,0.4860273714337751,349.1
-24.5,140.75,0.5318246110325318,0.9143512282917714,0.47985192453049674,331.0
-24.5,141.0,0.5560113154172561,0.8968708653332104,0.5059711781661616,313.9
-24.5,141.25,0.5786421499292786,0.8816310079370064,0.5196943290376786,297.9
-24.5,141.5,0.5992927864214993,0.8845734408692266,0.5023128306364366,283.3
-24.5,141.75,0.6178217821782178,0.8970374452258,0.48755885106274294,270.2
-24.5,142.0,0.6383309759547384,0.9093969696337804,0.49295028921983364,255.7
-24.5,142.25,0.6695898161244696,0.9170764390407375,0.4866509810548486,233.6
-24.5,142.5,0.6997171145685996,0.9388515220355831,0.4845526890834351,212.3
-24.5,142.75,0.7287128712871287,0.9551620376265925,0.46405062828185806,191.8
-24.5,143.0,0.7557284299858558,0.9424504147262874,0.45838540596697824,172.7
-24.5,143.25,0.7804809052333805,0.9216193252641725,0.48902531360261203,155.2
-24.5,143.5,0.8018387553041019,0.9126671910857158,0.4947904630251795,140.1
-24.5,143.75,0.8186704384724187,0.9322910943417734,0.49781303239087876,128.2
-24.5,144.0,0.8297029702970297,0.9531031783522215,0.48966981121264724,120.4
-24.5,144.25,0.841018387553041,0.9395852960452357,0.4928414009070048,112.4
-24.5,144.5,0.8753889674681754,0.9155469998110837,0.4957855113758937,88.1
-24.5,144.75,0.9090523338048091,0.9027840575085382,0.48880273402887514,64.3
-24.5,145.0,0.9403111739745403,0.9190905575894299,0.49602739944559987,42.2
-24.5,145.25,0.9664780763790665,0.9470946221166789,0.5053160109197893,23.7
-24.5,145.5,0.9848656294200848,0.9826033500149908,0.48789581494023143,10.7
-24.5,145.75,0.9582743988684583,0.9933689785634469,0.42595264484667156,29.5
-24.5,146.0,0.924045261669024,0.9728447940869207,0.39273050792745756,53.7
-24.5,146.25,0.8891089108910891,0.9465008360625559,0.3696951015386902,78.4
-24.5,146.5,0.8538896746817539,0.9440654557839285,0.3114207874384379,103.3
-24.5,146.75,0.822065063649222,0.9725470451342636,0.24658377665806622,125.8
-24.5,147.0,0.8066478076379067,0.9963092830157302,0.19739029011711462,136.7
-24.5,147.25,0.8308345120226308,0.9911799028931737,0.18355140109070953,119.6
-24.5,147.5,0.866053748231966,0.9967363652596591,0.1870506872291812,94.7
-24.5,147.75,0.9011315417256012,0.9643602336330876,0.17194947707354802,69.9
-24.5,148.0,0.9357850070721357,0.9596468114426536,0.13083818525912633,45.4
-24.5,148.25,0.9683168316831683,0.9438931279804871,0.11371961441894139,22.4
-24.5,148.5,0.9803394625176803,0.9442450435005815,0.14610183176348868,13.9
-24.5,148.75,0.9551626591230552,0.9865101626738512,0.17729016193029853,31.7
-24.5,149.0,0.9318246110325318,0.9811351085357438,0.17921421003700036,48.2
-24.5,149.25,0.9045261669024045,0.9784378027279917,0.18317261288347111,67.5
-24.5,149.5,0.9326732673267326,0.9842758348289157,0.1813291833884877,47.6
-24.5,149.75,0.9637906647807638,0.980072670769125,0.21286732290130644,25.6
-24.5,150.0,0.9942008486562942,0.9682839076350732,0.24771796544759794,4.1
-24.5,150.25,0.9929278642149929,0.954464466053234,0.2318793254717798,5.0
-24.5,150.5,0.9842998585572843,0.9531196546405838,0.23499387612837808,11.1
-24.5,150.75,0.9957567185289957,0.9800318247113001,0.1849927367981777,3.0
-24.5,151.0,0.9741159830268741,0.9844748136984627,0.14459138517896158,18.3
-24.5,151.25,0.956011315417256,0.9801115359875091,0.12563906487941856,31.1
-24.5,151.5,0.9898161244695898,0.9748212727262968,0.12920906556385478,7.2
-24.5,151.75,0.9906647807637907,0.9691279296383699,0.15713470313691918,6.6
-24.5,152.0,0.9799151343705799,0.9588360200691578,0.2987816683953035,14.2
-24.75,113.75,0.3991513437057992,0.9296400443121254,0.8788598179048946,424.8
-24.75,114.0,0.4315417256011316,0.9262085354764333,0.8090162495047847,401.9
-24.75,114.25,0.4635077793493635,0.9179266633981602,0.7715854890379946,379.3
-24.75,114.5,0.49504950495049505,0.9115043387594938,0.7365346538135434,357.0
-24.75,114.75,0.526025459688826,0.9091561144266134,0.6855081173029876,335.1
-24.75,115.0,0.5562942008486563,0.908137674014283,0.6569484664075573,313.7
-24.75,115.25,0.5855728429985856,0.9129408324951176,0.6443030132751776,293.0
-24.75,115.5,0.614002828854314,0.9030797170451881,0.6315512667113139,272.9
-24.75,115.75,0.6410183875530411,0.8824800274571146,0.6151717470892224,253.8
-24.75,116.0,0.6664780763790665,0.8783002422676937,0.6100857957706987,235.8
-24.75,116.25,0.68995756718529,0.8779355974596349,0.5926657770811705,219.2
-24.75,116.5,0.7108910891089109,0.8760376407734616,0.5944076999754737,204.4
-24.75,116.75,0.7288543140028289,0.8708737840130935,0.6351230967065118,191.7
-24.75,117.0,0.742998585572843,0.8749694694271731,0.6695860865440764,181.7
-24.75,117.25,0.7527581329561528,0.8711130245145581,0.6551623821785664,174.8
-24.75,117.5,0.7577086280056577,0.86520069917188,0.6303405369807483,171.3
-24.75,117.75,0.7574257425742574,0.8716317690202767,0.6146010182488463,171.5
-24.75,118.0,0.752050919377652,0.8802063669630975,0.620961136894042,175.3
-24.75,118.25,0.7418670438472419,0.8879792758383044,0.6454860857610992,182.5
-24.75,118.5,0.7454031117397454,0.8828056434763603,0.6687042942878335,180.0
-24.75,118.75,0.7473833097595474,0.8755401242723029,0.6876095521431107,178.6
-24.75,119.0,0.7560113154172561,0.8839374424355213,0.6801434821749428,172.5
-24.75,119.25,0.7693069306930693,0.8907244436303422,0.6647859751053659,163.1
-24.75,119.5,0.7783592644978784,0.8917152280156055,0.6589775185637086,156.7
-24.75,119.75,0.7818953323903819,0.8883117108142213,0.6485406640358093,154.2
-24.75,120.0,0.7797736916548798,0.8791648902468219,0.6485078492630267,155.7
-24.75,120.25,0.771994342291372,0.870618937586478,0.6321196424294767,161.2
-24.75,120.5,0.7591230551626591,0.8618384355122036,0.630387518838637,170.3
-24.75,120.75,0.7420084865629419,0.8588557459911639,0.623967975798918,182.4
-24.75,121.0,0.7222065063649221,0.8560932597841824,0.613915437703731,196.4
-24.75,121.25,0.6995756718528996,0.8615655830176514,0.6127696605931625,212.4
-24.75,121.5,0.6746817538896747,0.8677419429052462,0.6329010079424934,230.0
-24.75,121.75,0.647949080622348,0.8686064003385109,0.6597927464724112,248.9
-24.75,122.0,0.6198019801980198,0.8651396687328032,0.6649946938222299,268.8
-24.75,122.25,0.5903818953323903,0.8564853236787973,0.659128440730868,289.6
-24.75,122.5,0.5603960396039604,0.8562520017955599,0.6476306343130069,310.8
-24.75,122.75,0.5295615275813295,0.8663896492073553,0.6329721818308077,332.6
-24.75,123.0,0.498019801980198,0.8849729141448927,0.6515071452829999,354.9
-24.75,123.25,0.4660537482319661,0.9021312844899536,0.6883761542318303,377.5
-24.75,123.5,0.4336633663366337,0.9106970345284064,0.6996924478937591,400.4
-24.75,123.75,0.4070721357850071,0.9126198354899044,0.70500563667862,419.2
-24.75,124.0,0.3804809052333805,0.9089061771842454,0.7032718368911353,438.0
-24.75,124.25,0.3530410183875531,0.9124774651741396,0.7113084261750987,457.4
-24.75,124.5,0.32489391796322487,0.9162138475192951,0.7127285193135454,477.3
-24.75,124.75,0.2960396039603961,0.9184711313420617,0.7226623053233384,497.7
-24.75,125.0,0.2667609618104668,0.9136923658022557,0.7381165160455164,518.4
-24.75,125.25,0.2370579915134371,0.9123964292363519,0.7320087133472325,539.4
-24.75,125.5,0.20678925035360685,0.9113730147647202,0.7122055781948298,560.8
-24.75,125.75,0.17623762376237628,0.9120266532387771,0.6963244530809688,582.4
-24.75,126.0,0.14526166902404536,0.9177021988972146,0.7065289770834939,604.3
-24.75,126.25,0.11414427157001417,0.9149523463553547,0.7168275292708981,626.3
-24.75,126.5,0.08260254596888261,0.9061070040115362,0.7211164652019593,648.6
-24.75,126.75,0.0509193776520509,0.8880705897691263,0.6696240588449978,671.0
-24.75,127.0,0.02291371994342295,0.8787932279031614,0.6200875644482701,690.8
-24.75,127.25,0.057991513437057995,0.8833689898453633,0.6032286203511334,666.0
-24.75,127.5,0.09306930693069304,0.907452962442796,0.6317883679502163,641.2
-24.75,127.75,0.1281471004243282,0.9196472387342459,0.6467777564488918,616.4
-24.75,128.0,0.16308345120226297,0.9321882888808516,0.6641647186065057,591.7
-24.75,128.25,0.19801980198019797,0.9389364298739883,0.638467334655313,567.0
-24.75,128.5,0.23295615275813297,0.951041256321201,0.6251469867314304,542.3
-24.75,128.75,0.26789250353606786,0.9576745361293362,0.6203158334202349,517.6
-24.75,129.0,0.3026874115983027,0.9679709313881018,0.6645283404575613,493.0
-24.75,129.25,0.3373408769448374,0.9643704888605705,0.6627242048800847,468.5
-24.75,129.5,0.37199434229137196,0.9584908081162961,0.6514221750069146,444.0
-24.75,129.75,0.4065063649222065,0.9570167869328883,0.6621245616475808,419.6
-24.75,130.0,0.44087694483734086,0.9734432242450359,0.6593991948408755,395.3
-24.75,130.25,0.47510608203677507,0.9883253334422711,0.6518314732165486,371.1
-24.75,130.5,0.5091937765205092,0.9815688816877696,0.6496898902433205,347.0
-24.75,130.75,0.542998585572843,0.9543536344202804,0.6449276060500525,323.1
-24.75,131.0,0.5766619519094767,0.9296504635933411,0.6589149351832002,299.3
-24.75,131.25,0.6099009900990099,0.9043721341399769,0.6692349878160327,275.8
-24.75,131.5,0.6427157001414427,0.8877279171707942,0.696421124499019,252.6
-24.75,131.75,0.6748231966053748,0.8753146820472807,0.7100254588160402,229.9
-24.75,132.0,0.7063649222065064,0.8791687704880122,0.7030123165221049,207.6
-24.75,132.25,0.737057991513437,0.9030278919200341,0.6715652557327609,185.9
-24.75,132.5,0.7666195190947667,0.9275831685984122,0.6333873789632505,165.0
-24.75,132.75,0.7942008486562941,0.9570493624539372,0.6012352840773428,145.5
-24.75,133.0,0.8190947666195191,0.9691926510373393,0.5628920440618845,127.9
-24.75,133.25,0.8398868458274399,0.9854859555138924,0.5305205930573269,113.2
-24.75,133.5,0.8547383309759548,0.9929398751486335,0.5293355542638025,102.7
-24.75,133.75,0.8620933521923622,0.9912601904451179,0.5242628674629604,97.5
-24.75,134.0,0.8603960396039604,0.9952424181994013,0.5022710063066866,98.7
-24.75,134.25,0.8500707213578501,0.9916994949021944,0.5216480329311781,106.0
-24.75,134.5,0.8326732673267326,0.9916559305634898,0.5550436562031584,118.3
-24.75,134.75,0.8101838755304103,0.9926311977420232,0.5575385620884399,134.2
-24.75,135.0,0.7841584158415842,0.9995581703993821,0.5473333128085203,152.6
-24.75,135.25,0.7557284299858558,0.9986993616255562,0.5431555860779502,172.7
-24.75,135.5,0.7257425742574257,0.9885736822705564,0.5398184236130643,193.9
-24.75,135.75,0.6944837340876945,0.9786396050898309,0.5551735130913262,216.0
-24.75,136.0,0.6623762376237624,0.9513943381493756,0.5828062594765752,238.7
-24.75,136.25,0.6297029702970297,0.9405497832096874,0.5846938503062464,261.8
-24.75,136.5,0.5966053748231966,0.9244884820540824,0.6134737760050265,285.2
-24.75,136.75,0.562942008486563,0.9064337499135863,0.6274034536439484,309.0
-24.75,137.0,0.5291371994342291,0.8967591107740247,0.627421134295099,332.9
-24.75,137.25,0.49533239038189536,0.8871073401766311,0.6236328009390026,356.8
-24.75,137.5,0.4615275813295615,0.8865851725335545,0.6302490714426632,380.7
-24.75,137.75,0.4275813295615276,0.8869638586707741,0.6268666355510845,404.7
-24.75,138.0,0.39349363507779345,0.8976282556861919,0.6206176616372784,428.8
-24.75,138.25,0.3591230551626591,0.9102441737602422,0.5835628043854242,453.1
-24.75,138.5,0.35728429985855736,0.9100813162802106,0.5292897812015712,454.4
-24.75,138.75,0.3642149929278642,0.8986453234457926,0.5140857428286723,449.5
-24.75,139.0,0.3693069306930693,0.8787566664756925,0.5051920368371546,445.9
-24.75,139.25,0.3721357850070721,0.8675507827566215,0.508831768913754,443.9
-24.75,139.5,0.3731258840169731,0.8617679813620056,0.5001209295293051,443.2
-24.75,139.75,0.39929278642149935,0.8683451391149535,0.5025159244241744,424.7
-24.75,140.0,0.42673267326732667,0.8853030990499234,0.5014042837029741,405.3
-24.75,140.25,0.4533239038189534,0.8991885638579565,0.49015054118700263,386.5
-24.75,140.5,0.47878359264497883,0.9112940773678635,0.48736491188745146,368.5
-24.75,140.75,0.502970297029703,0.9070124533789645,0.482141190098522,351.4
-24.75,141.0,0.5256011315417256,0.8959764670900443,0.5080967566848841,335.4
-24.75,141.25,0.5466760961810466,0.8912550467726844,0.5000970759616635,320.5
-24.75,141.5,0.5657708628005658,0.8898724569138027,0.4852066475341498,307.0
-24.75,141.75,0.5884016973125884,0.8896817980150731,0.5062090046824584,291.0
-24.75,142.0,0.6188118811881188,0.89555644531608,0.5068688298214311,269.5
-24.75,142.25,0.6482319660537482,0.926607159435776,0.4872629217685082,248.7
-24.75,142.5,0.6763790664780764,0.9575109465166255,0.47224900277662296,228.8
-24.75,142.75,0.7028288543140029,0.9694880232381645,0.44991529420840437,210.1
-24.75,143.0,0.7272984441301273,0.9620526567928619,0.44529250503401335,192.8
-24.75,143.25,0.7492220650636492,0.9390409883042831,0.46591786299265675,177.3
-24.75,143.5,0.7676096181046677,0.9314435213676577,0.4978408185737261,164.3
-24.75,143.75,0.7817538896746817,0.9437174532562358,0.5007819634639352,154.3
-24.75,144.0,0.7956152758132956,0.9475609112080847,0.5023336702735721,144.5
-24.75,144.25,0.8282885431400283,0.9375195250920163,0.478096189131147,121.4
-24.75,144.5,0.8594059405940594,0.9172037038298131,0.46157872174862014,99.4
-24.75,144.75,0.887977369165488,0.9191364491804916,0.46208657709753015,79.2
-24.75,145.0,0.9147100424328147,0.9305755063627267,0.4624709741166194,60.3
-24.75,145.25,0.9374823196605375,0.9372524233477612,0.5000584428524494,44.2
-24.75,145.5,0.9455445544554455,0.9615995331955542,0.4841131387478123,38.5
-24.75,145.75,0.9330975954738331,0.9860644913682977,0.42660342819412583,47.3
-24.75,146.0,0.9077793493635078,0.9766613097464679,0.4211862507481679,65.2
-24.75,146.25,0.8775106082036775,0.9466404904047185,0.3844047263703907,86.6
-24.75,146.5,0.8448373408769448,0.9245563513304426,0.34120923553019455,109.7
-24.75,146.75,0.8113154172560113,0.9392098872414886,0.26920772512229146,133.4
-24.75,147.0,0.7886845827439887,0.9811353956577886,0.2246635567910944,149.4
-24.75,147.25,0.8224893917963225,0.9967967086663713,0.21226348917718987,125.5
-24.75,147.5,0.8555869872701556,0.98393675188116,0.21458179807554636,102.1
-24.75,147.75,0.8872701555869873,0.9938665677525577,0.1856784946333228,79.7
-24.75,148.0,0.9158415841584159,0.9956646680721082,0.13867850480977054,59.5
-24.75,148.25,0.937057991513437,0.9978621303597119,0.08431084098457199,44.5
-24.75,148.5,0.9421499292786422,0.9631424712941805,0.11609405978763279,40.9
-24.75,148.75,0.9275813295615276,0.9835295281368555,0.1531496423168814,51.2
-24.75,149.0,0.9022630834512023,0.9873024248148703,0.17544553975693297,69.1
-24.75,149.25,0.8828854314002829,0.9966479217979317,0.1735020542160583,82.8
-24.75,149.5,0.9171145685997171,0.9966366889637581,0.19079110392541368,58.6
-24.75,149.75,0.9497878359264498,0.997638649376873,0.21272768282695048,35.5
-24.75,150.0,0.9794908062234795,0.9644801532022852,0.23655818664740394,14.5
-24.75,150.25,0.985997171145686,0.9490557675339376,0.24631982403829158,9.9
-24.75,150.5,0.9507779349363508,0.9415139775331152,0.24584658859701278,34.8
-24.75,150.75,0.9775106082036775,0.9228184513809916,0.22335507578502464,15.9
-24.75,151.0,0.9881188118811881,0.9144915158446101,0.17575202586657668,8.4
-24.75,151.25,0.9528995756718529,0.9212362724231133,0.15407886771472515,33.3
-24.75,151.5,0.9768033946251768,0.9403579791772618,0.1438826441090483,16.4
-24.75,151.75,0.9905233380480906,0.9487609943499673,0.1461245410045745,6.7
-24.75,152.0,0.9816124469589816,0.9480911101367085,0.16740975633674132,13.0
-24.75,152.25,0.9775106082036775,0.9422571617142188,0.31058726642211837,15.9
-25.0,113.75,0.39674681753889673,0.9392709340365131,0.9181063506220242,426.5
-25.0,114.0,0.41400282885431394,0.9397043705618939,0.8290932816359043,414.3
-25.0,114.25,0.444978783592645,0.9304842078920131,0.7872107040525221,392.4
-25.0,114.5,0.4753889674681754,0.9201413387668543,0.7458445884431315,370.9
-25.0,114.75,0.504950495049505,0.917071697444716,0.6906835839692691,350.0
-25.0,115.0,0.5338048090523337,0.9135357952153575,0.6756360121062785,329.6
-25.0,115.25,0.5616690240452618,0.9124482918294937,0.6645490511564933,309.9
-25.0,115.5,0.5882602545968882,0.9037732181269231,0.6545185937286501,291.1
-25.0,115.75,0.6134370579915134,0.8857509424046568,0.6425667314272762,273.3
-25.0,116.0,0.636916548797737,0.8808272265640926,0.6389150080977543,256.7
-25.0,116.25,0.6582743988684583,0.8815374171432435,0.640296580947915,241.6
-25.0,116.5,0.6770862800565771,0.8720761117113254,0.6407137443879607,228.3
-25.0,116.75,0.693069306930693,0.8762148156795196,0.6524129039278125,217.0
-25.0,117.0,0.7053748231966054,0.8823591157116393,0.6713045749198993,208.3
-25.0,117.25,0.7140028288543141,0.8765060046106634,0.6548596352768232,202.2
-25.0,117.5,0.7182461103253183,0.8697506411610699,0.6526669121886447,199.2
-25.0,117.75,0.717963224893918,0.8720910971967057,0.6324929185285169,199.4
-25.0,118.0,0.7132956152758133,0.877595627332725,0.62648352791403,202.7
-25.0,118.25,0.7043847241867044,0.8829697127417967,0.6390083271225143,209.0
-25.0,118.5,0.7060820367751061,0.8814772408052269,0.6590010014340152,207.8
-25.0,118.75,0.7077793493635078,0.8870748097766774,0.6687252306286217,206.6
-25.0,119.0,0.7195190947666195,0.8951801390933,0.6557090962785465,198.3
-25.0,119.25,0.7315417256011315,0.8933575654312218,0.6624305964735123,189.8
-25.0,119.5,0.7393210749646393,0.8929034095995602,0.6511245695160347,184.3
-25.0,119.75,0.7422913719943423,0.8906685549084381,0.6657405046256403,182.2
-25.0,120.0,0.7404526166902404,0.8850392888686637,0.6661890806355057,183.5
-25.0,120.25,0.7338048090523338,0.8746337429902712,0.6505655418176233,188.2
-25.0,120.5,0.7227722772277227,0.8619084692436101,0.6395844874847115,196.0
-25.0,120.75,0.7077793493635078,0.853864433025588,0.6247605267010856,206.6
-25.0,121.0,0.6895332390381895,0.8518961629890389,0.5890799572908962,219.5
-25.0,121.25,0.6693069306930692,0.8578794968514306,0.5861143786111299,233.8
-25.0,121.5,0.6465346534653466,0.8671895987763236,0.652573012941969,249.9
-25.0,121.75,0.6217821782178219,0.8698882919381181,0.6810240978700791,267.4
-25.0,122.0,0.5954738330975955,0.8678668792310018,0.6789655349826091,286.0
-25.0,122.25,0.576944837340877,0.8641202261104963,0.6710994342381815,299.1
-25.0,122.5,0.5564356435643565,0.8618601396969187,0.6533970731176091,313.6
-25.0,122.75,0.5342291371994342,0.8698930586180266,0.6471660538486359,329.3
-25.0,123.0,0.5106082036775106,0.8891028959418392,0.6602328447953986,346.0
-25.0,123.25,0.48571428571428565,0.904774620700058,0.6911057437646991,363.6
-25.0,123.5,0.45983026874115984,0.9088703437236623,0.7077357097297519,381.9
-25.0,123.75,0.43295615275813304,0.9103726109844543,0.7048526031483788,400.9
-25.0,124.0,0.405091937765205,0.907561827532669,0.7084051246476074,420.6
-25.0,124.25,0.3766619519094767,0.9120236190905735,0.7120419878491795,440.7
-25.0,124.5,0.3475247524752475,0.9172557591027904,0.7127400915173067,461.3
-25.0,124.75,0.31796322489391793,0.9208112155539143,0.7234963743270227,482.2
-25.0,125.0,0.28783592644978784,0.9175837663839371,0.7324851077744962,503.5
-25.0,125.25,0.2572842998585573,0.9132405781385162,0.7178785045673667,525.1
-25.0,125.5,0.22630834512022635,0.9126274286575853,0.6914887063462748,547.0
-25.0,125.75,0.195049504950495,0.9207179675402852,0.6954358432172175,569.1
-25.0,126.0,0.16350777934936356,0.9281005861948098,0.7144708290224591,591.4
-25.0,126.25,0.1316831683168317,0.9204610382428359,0.7252162971403592,613.9
-25.0,126.5,0.09971711456859966,0.902336158046743,0.6946685319683789,636.5
-25.0,126.75,0.06746817538896754,0.8827011393563937,0.6360938402058722,659.3
-25.0,127.0,0.035077793493635046,0.8649294472635916,0.5777337822003137,682.2
-25.0,127.25,0.05219236209335221,0.8651902702167232,0.5645836810568352,670.1
-25.0,127.5,0.08698727015558694,0.8792263958823154,0.6115157526817107,645.5
-25.0,127.75,0.12164073550212162,0.8918168838040991,0.6484272145340328,621.0
-25.0,128.0,0.1562942008486563,0.8992509920371952,0.6609990600695078,596.5
-25.0,128.25,0.190947666195191,0.9237015867431403,0.6749880009301988,572.0
-25.0,128.5,0.2254596888260254,0.9345898328740642,0.6492182665295851,547.6
-25.0,128.75,0.2598302687411599,0.9518352855263188,0.669889671544142,523.3
-25.0,129.0,0.29420084865629426,0.9607747555271988,0.6950515751363318,499.0
-25.0,129.25,0.32842998585572847,0.9509652605567793,0.6792723756723124,474.8
-25.0,129.5,0.36237623762376237,0.9345109863462042,0.6773311143154475,450.8
-25.0,129.75,0.39632248939179626,0.9331216948106192,0.6782359059237341,426.8
-25.0,130.0,0.42998585572842996,0.9255994622092643,0.6657058202489073,403.0
-25.0,130.25,0.4635077793493635,0.9419025524707556,0.6477183445259161,379.3
-25.0,130.5,0.4967468175388967,0.971197613645492,0.6514635319356769,355.8
-25.0,130.75,0.5295615275813295,0.9970313150225438,0.6487144082649826,332.6
-25.0,131.0,0.5620933521923621,0.9616485263867456,0.6535426121147737,309.6
-25.0,131.25,0.594059405940594,0.9358058311778763,0.6754224098549583,287.0
-25.0,131.5,0.6253182461103253,0.9098150270251393,0.6926847854734712,264.9
-25.0,131.75,0.6561527581329561,0.899200828797865,0.6988634880663872,243.1
-25.0,132.0,0.685997171145686,0.895043898676234,0.6941433183138269,222.0
-25.0,132.25,0.7145685997171145,0.9092209949566925,0.6718431175612346,201.8
-25.0,132.5,0.7414427157001414,0.9294047936660752,0.6671355837526142,182.8
-25.0,132.75,0.7659123055162659,0.9539480453454151,0.6321091662004449,165.5
-25.0,133.0,0.7874115983026874,0.9765586261342951,0.6124460579370085,150.3
-25.0,133.25,0.8048090523338048,0.9933205953877143,0.5799300510890876,138.0
-25.0,133.5,0.8168316831683169,0.9978308081150477,0.5763554328052397,129.5
-25.0,133.75,0.8224893917963225,0.9861814469677529,0.5438860693524235,125.5
-25.0,134.0,0.8212164073550212,0.9829846078226686,0.514389440649666,126.4
-25.0,134.25,0.813012729844413,0.9802291449801419,0.5351783244848577,132.2
-25.0,134.5,0.7988684582743989,0.9906677249626037,0.5635221005931315,142.2
-25.0,134.75,0.7799151343705799,0.9795254726501024,0.5611890282704779,155.6
-25.0,135.0,0.7571428571428571,0.9688305463993329,0.5224122013113073,171.7
-25.0,135.25,0.7316831683168317,0.975912046343228,0.5137007978222182,189.7
-25.0,135.5,0.7041018387553042,0.9944439988598931,0.5468480377624927,209.2
-25.0,135.75,0.6749646393210749,0.9855231770814162,0.55395364486559,229.8
-25.0,136.0,0.6446958981612447,0.97938734569318,0.5648100320730235,251.2
-25.0,136.25,0.6135785007072136,0.9631080252039279,0.5578782497854766,273.2
-25.0,136.5,0.5817538896746818,0.9495137285952718,0.6039190844307051,295.7
-25.0,136.75,0.5493635077793493,0.9330887567302033,0.6199946644726714,318.6
-25.0,137.0,0.5165487977369165,0.91756084505858,0.6138110622280235,341.8
-25.0,137.25,0.48345120226308347,0.9092980029077639,0.6184037604491801,365.2
-25.0,137.5,0.44992927864214993,0.8968725541998045,0.61722650629969,388.9
-25.0,137.75,0.41626591230551624,0.8976917136661344,0.6184163480412938,412.7
-25.0,138.0,0.3824611032531824,0.9045040976797689,0.6077244859814855,436.6
-25.0,138.25,0.34865629420084865,0.9165614529982287,0.5625348207691763,460.5
-25.0,138.5,0.3186704384724187,0.9206945316156231,0.5327387169715887,481.7
-25.0,138.75,0.3251768033946252,0.9042927008480413,0.5106140333484673,477.1
-25.0,139.0,0.3298444130127298,0.8875533228231328,0.5281185387958179,473.8
-25.0,139.25,0.33267326732673264,0.8703404439373175,0.5266120248264966,471.8
-25.0,139.5,0.346958981612447,0.8674561380963726,0.5178985583261521,461.7
-25.0,139.75,0.3741159830268741,0.8711371029430357,0.5092449191522167,442.5
-25.0,140.0,0.4004243281471005,0.8799075939664168,0.49914167610851573,423.9
-25.0,140.25,0.4257425742574258,0.892962652883025,0.4887692906823506,406.0
-25.0,140.5,0.4497878359264498,0.8991270033150957,0.47784514644899456,389.0
-25.0,140.75,0.4727015558698727,0.9001244871647038,0.48031837459881804,372.8
-25.0,141.0,0.4939179632248939,0.8927359981802183,0.49459283299381374,357.8
-25.0,141.25,0.5135785007072136,0.8888909539668988,0.47830784119213987,343.9
-25.0,141.5,0.537906647807638,0.8864432873021383,0.4963228452215716,326.7
-25.0,141.75,0.5674681753889674,0.8810550381777936,0.5093748727440371,305.8
-25.0,142.0,0.5963224893917963,0.9078797990329834,0.497699389481797,285.4
-25.0,142.25,0.6237623762376238,0.9422523772928658,0.46474641106232273,266.0
-25.0,142.5,0.64992927864215,0.9764772583060166,0.4416732902490409,247.5
-25.0,142.75,0.6742574257425742,0.9726347703479792,0.43965316706347984,230.3
-25.0,143.0,0.6964639321074965,0.9639141024496887,0.43042986278934703,214.6
-25.0,143.25,0.7158415841584158,0.9534323445087902,0.44918458529207517,200.9
-25.0,143.5,0.731966053748232,0.9428938791710195,0.47160643923963963,189.5
-25.0,143.75,0.7473833097595474,0.9338146587257619,0.48672057545017056,178.6
-25.0,144.0,0.7783592644978784,0.9300374973106402,0.48234663700847297,156.7
-25.0,144.25,0.807920792079208,0.9358885056748433,0.44285294587257057,135.8
-25.0,144.5,0.8352192362093352,0.968120308559042,0.39863092964273855,116.5
-25.0,144.75,0.8619519094766619,0.9689281242407979,0.3906303141175428,97.6
-25.0,145.0,0.8851485148514852,0.9565627639202161,0.4361074631717597,81.2
-25.0,145.25,0.900990099009901,0.9480756237670703,0.4752118737541165,70.0
-25.0,145.5,0.905940594059406,0.9562413331243351,0.45547535130108036,66.5
-25.0,145.75,0.8983026874115982,0.9883930450570911,0.4302708336326445,71.9
-25.0,146.0,0.8801980198019802,0.9730865838853272,0.4243275077301596,84.7
-25.0,146.25,0.8555869872701556,0.9426542117841513,0.4159191251364959,102.1
-25.0,146.5,0.8271570014144272,0.917728271151152,0.359365023960538,122.2
-25.0,146.75,0.7964639321074964,0.9011849116417183,0.3167193900890315,143.9
-25.0,147.0,0.7770862800565771,0.9206942046876325,0.27503076779821617,157.6
-25.0,147.25,0.8062234794908062,0.9490923962911724,0.2542007043242917,137.0
-25.0,147.5,0.8359264497878359,0.9533005463785655,0.24808482687101555,116.0
-25.0,147.75,0.8629420084865629,0.9308691401527788,0.21690017144300455,96.9
-25.0,148.0,0.8852899575671853,0.902945214267129,0.1663748660811555,81.1
-25.0,148.25,0.8997171145685997,0.906647111260821,0.10073800327284488,70.9
-25.0,148.5,0.9028288543140028,0.9660872644653026,0.10760276187050148,68.7
-25.0,148.75,0.9007072135785007,0.9979034588317784,0.15226983248551682,70.2
-25.0,149.0,0.9032531824611032,0.9969041069207545,0.17199536295670723,68.4
-25.0,149.25,0.8939179632248939,0.9724293924371693,0.18919472002827514,75.0
-25.0,149.5,0.9127298444130127,0.9728461047588032,0.20188443119899527,61.7
-25.0,149.75,0.947949080622348,0.9616243921443897,0.21191704834174654,36.8
-25.0,150.0,0.983026874115983,0.9340320225280118,0.22463905853243546,12.0
-25.0,150.25,0.9826025459688826,0.9232863982448729,0.2441772417939867,12.3
-25.0,150.5,0.9485148514851485,0.916845301632168,0.25454427628470794,36.4
-25.0,150.75,0.9801980198019802,0.8813510066312898,0.2265552575260012,14.0
-25.0,151.0,0.9845827439886846,0.8708974372633171,0.20131233239020732,10.9
-25.0,151.25,0.9492220650636493,0.8752888560278357,0.1790945070323557,35.9
-25.0,151.5,0.9565770862800566,0.9072305327824284,0.17201631541477078,30.7
-25.0,151.75,0.9851485148514851,0.9358150544372297,0.15399965130596946,10.5
-25.0,152.0,0.9973125884016973,0.9368064438723622,0.1534132403565965,1.9
-25.0,152.25,0.9929278642149929,0.9297988515195428,0.19148348596076198,5.0
-25.0,152.5,0.9827439886845828,0.9285040589307478,0.34735431748655626,12.2
-25.25,114.0,0.442008486562942,0.9493740021961761,0.8606785641793662,394.5
-25.25,114.25,0.44639321074964644,0.938277832410388,0.7831218318614172,391.4
-25.25,114.5,0.45346534653465354,0.9276238805735243,0.7451682430968395,386.4
-25.25,114.75,0.4817538896746818,0.9219951879371826,0.7258493676021122,366.4
-25.25,115.0,0.5091937765205092,0.9183576233912176,0.7101854066574423,347.0
-25.25,115.25,0.5355021216407355,0.9149511495735033,0.7152924877240595,328.4
-25.25,115.5,0.5603960396039604,0.907427210595476,0.6959103196887048,310.8
-25.25,115.75,0.5838755304101839,0.8907439408410622,0.662108508841249,294.2
-25.25,116.0,0.6055162659123056,0.8855058643997037,0.65050332913445,278.9
-25.25,116.25,0.625035360678925,0.8772387279266176,0.6530121442284306,265.1
-25.25,116.5,0.6421499292786421,0.8773558192892563,0.6590627789507518,253.0
-25.25,116.75,0.6564356435643564,0.8759176189567213,0.656895956324195,242.9
-25.25,117.0,0.6674681753889675,0.8785190563062888,0.67638725443151,235.1
-25.25,117.25,0.6749646393210749,0.8706219185875401,0.6796557734203247,229.8
-25.25,117.5,0.6786421499292787,0.8606272447168433,0.6801888039534619,227.2
-25.25,117.75,0.6785007072135785,0.8602682884883955,0.6775828983922698,227.3
-25.25,118.0,0.6743988684582745,0.861750171740361,0.6667185008989458,230.2
-25.25,118.25,0.6664780763790665,0.8695683302659079,0.6661190349564717,235.8
-25.25,118.5,0.6666195190947666,0.8766655316510822,0.6755997482365532,235.7
-25.25,118.75,0.6693069306930692,0.8871243812801639,0.6720565264052498,233.8
-25.25,119.0,0.6827439886845827,0.8853598717310152,0.6634718852874453,224.3
-25.25,119.25,0.6933521923620933,0.8809682990955643,0.6668934378065012,216.8
-25.25,119.5,0.7001414427157002,0.8811441686870505,0.6695933393180216,212.0
-25.25,119.75,0.7026874115983027,0.8817540532622437,0.6832081820986252,210.2
-25.25,120.0,0.7011315417256011,0.892116643675897,0.670248699971699,211.3
-25.25,120.25,0.6953323903818953,0.88662214645599,0.6641285030886066,215.4
-25.25,120.5,0.688967468175389,0.8739286961441421,0.6440822710708402,219.9
-25.25,120.75,0.6878359264497879,0.8623277234779705,0.6295171053788502,220.7
-25.25,121.0,0.6828854314002829,0.8585181891598704,0.5827492687906423,224.2
-25.25,121.25,0.6742574257425742,0.861314256348735,0.590931058608986,230.3
-25.25,121.5,0.6622347949080623,0.8701184257101081,0.6642535409114199,238.8
-25.25,121.75,0.6472418670438472,0.8737518774426416,0.684443829137011,249.4
-25.25,122.0,0.6294200848656295,0.8746718222542178,0.67607383789343,262.0
-25.25,122.25,0.6093352192362094,0.872869953665808,0.6635679120144782,276.2
-25.25,122.5,0.5872701555869873,0.8676986452997472,0.6673930411103892,291.8
-25.25,122.75,0.5636492220650636,0.8748396404000516,0.6576307590284842,308.5
-25.25,123.0,0.5386138613861386,0.8921558935480226,0.6667187587753527,326.2
-25.25,123.25,0.5124469589816125,0.9052159338681297,0.7017798284697042,344.7
-25.25,123.5,0.48514851485148514,0.9092775902366075,0.7144701520968908,364.0
-25.25,123.75,0.457001414427157,0.9068340549291523,0.7175864595365115,383.9
-25.25,124.0,0.42814710042432813,0.9053603541318616,0.712580530490515,404.3
-25.25,124.25,0.3987270155586987,0.904679594145337,0.7148812715586489,425.1
-25.25,124.5,0.3685997171145686,0.9077908910285784,0.7113647077009125,446.4
-25.25,124.75,0.33804809052333806,0.9147956615743593,0.7163155478994772,468.0
-25.25,125.0,0.3072135785007072,0.9164461173346051,0.721513852745048,489.8
-25.25,125.25,0.2758132956152758,0.9131492058158208,0.7011487243155542,512.0
-25.25,125.5,0.24427157001414435,0.9132856420358386,0.6809930721148696,534.3
-25.25,125.75,0.21230551626591232,0.9214701439377467,0.6815369495743735,556.9
-25.25,126.0,0.18019801980198014,0.9287974451389505,0.7235189868644559,579.6
-25.25,126.25,0.14780763790664786,0.9204802511439973,0.7296248393724124,602.5
-25.25,126.5,0.11527581329561531,0.8998041840505022,0.6809900904189143,625.5
-25.25,126.75,0.08260254596888261,0.8781610346213397,0.5886162149248478,648.6
-25.25,127.0,0.049787835926449864,0.8570985099483943,0.5237469212417828,671.8
-25.25,127.25,0.04483734087694491,0.8550727174795274,0.5414557292725286,675.3
-25.25,127.5,0.07920792079207917,0.8604104318653164,0.5769226480795713,651.0
-25.25,127.75,0.11357850070721354,0.8757051977046613,0.6213757054527428,626.7
-25.25,128.0,0.14780763790664786,0.8949591734272911,0.6551497462346264,602.5
-25.25,128.25,0.18189533239038191,0.9148860948339206,0.6574606250690082,578.4
-25.25,128.5,0.21598302687411608,0.9405788047559072,0.680397490435775,554.3
-25.25,128.75,0.24992927864214998,0.9588089313015826,0.7056387554921992,530.3
-25.25,129.0,0.28359264497878356,0.9697814568314925,0.7283373914107835,506.5
-25.25,129.25,0.31725601131541725,0.9606160405687642,0.7083495683991881,482.7
-25.25,129.5,0.35063649222065063,0.939624586516574,0.6955675535920601,459.1
-25.25,129.75,0.3837340876944838,0.9167734367086099,0.6863667812689834,435.7
-25.25,130.0,0.4166902404526167,0.9089375446640207,0.6608353407856541,412.4
-25.25,130.25,0.44922206506364926,0.9043065204022119,0.6472128906510457,389.4
-25.25,130.5,0.4814710042432815,0.9291683771545288,0.6543906870308097,366.6
-25.25,130.75,0.5132956152758132,0.9612120883722606,0.648189984356927,344.1
-25.25,131.0,0.5445544554455446,0.9921443683457384,0.6570452345292602,322.0
-25.25,131.25,0.5752475247524753,0.9693708919890528,0.6691355442266079,300.3
-25.25,131.5,0.6052333804809051,0.9551139190003521,0.6796896841678369,279.1
-25.25,131.75,0.6343705799151343,0.9383248426199877,0.676506296627862,258.5
-25.25,132.0,0.6622347949080623,0.9354777441319277,0.6516073625016455,238.8
-25.25,132.25,0.6885431400282885,0.9403410974651658,0.6107723917041662,220.2
-25.25,132.5,0.7128712871287128,0.9553132727536562,0.6155378671179701,203.0
-25.25,132.75,0.7347949080622348,0.9619108780146767,0.6488403970070464,187.5
-25.25,133.0,0.7534653465346535,0.9793224831705941,0.6279027668368787,174.3
-25.25,133.25,0.7683168316831683,0.9993201025959436,0.6168314879960901,163.8
-25.25,133.5,0.7783592644978784,0.9858520731550706,0.6093258178821822,156.7
-25.25,133.75,0.7828854314002829,0.9652343779042943,0.555402894155296,153.5
-25.25,134.0,0.7818953323903819,0.9486552958021145,0.5106948776020418,154.2
-25.25,134.25,0.7751060820367751,0.9547686307949962,0.527221612417943,159.0
-25.25,134.5,0.7633663366336634,0.9509848915042326,0.5466124354302055,167.3
-25.25,134.75,0.7469589816124469,0.94368578670823,0.5390551094485332,178.9
-25.25,135.0,0.727015558698727,0.9313300823334563,0.4788574402844227,193.0
-25.25,135.25,0.7041018387553042,0.9494720558266035,0.47054664779350897,209.2
-25.25,135.5,0.6789250353606789,0.9823083931336938,0.506560844805172,227.0
-25.25,135.75,0.652050919377652,0.9913512714375,0.5335615683515712,246.0
-25.25,136.0,0.6236209335219236,0.9954775002350141,0.5357353214065645,266.1
-25.25,136.25,0.5942008486562942,0.9926178794613375,0.5579921344536898,286.9
-25.25,136.5,0.5637906647807638,0.9783970931910227,0.5981133194740451,308.4
-25.25,136.75,0.5328147100424327,0.961565586619122,0.6033831850225408,330.3
-25.25,137.0,0.5011315417256011,0.9506860720598282,0.5958961142444831,352.7
-25.25,137.25,0.4690240452616691,0.9342541734686194,0.5934718664947022,375.4
-25.25,137.5,0.43649222065063653,0.9261917753575335,0.6000332576755115,398.4
-25.25,137.75,0.40367751060820367,0.9178851720928366,0.5975262638336549,421.6
-25.25,138.0,0.3705799151343706,0.9196868053852607,0.5864669762457888,445.0
-25.25,138.25,0.3371994342291371,0.9281302990964508,0.53762586169764,468.6
-25.25,138.5,0.30353606789250354,0.9285785947584853,0.5104025424602288,492.4
-25.25,138.75,0.285997171145686,0.9206972433227554,0.52161594343579,504.8
-25.25,139.0,0.29038189533239045,0.8985333687527354,0.5339058011202802,501.7
-25.25,139.25,0.2946251768033946,0.8850518024486319,0.5377006136211008,498.7
-25.25,139.5,0.3216407355021216,0.8793856788320777,0.5290918449419724,479.6
-25.25,139.75,0.34766619519094766,0.8769845719736254,0.5168174598418983,461.2
-25.25,140.0,0.37270155586987275,0.8764415785199269,0.507444941831802,443.5
-25.25,140.25,0.39674681753889673,0.8794765721177613,0.4888849966026878,426.5
-25.25,140.5,0.4288543140028288,0.8886361281069562,0.48520882336633336,403.8
-25.25,140.75,0.46110325318246115,0.886319777292976,0.48040611704627806,381.0
-25.25,141.0,0.4929278642149929,0.8843274679460784,0.4851101050543031,358.5
-25.25,141.25,0.5243281471004243,0.8813537869255926,0.4746585676884839,336.3
-25.25,141.5,0.5551626591230552,0.8756815637250925,0.4943824541975801,314.5
-25.25,141.75,0.5852899575671853,0.899592454372909,0.49474259471714194,293.2
-25.25,142.0,0.6147100424328147,0.9261889655336711,0.47638704877507554,272.4
-25.25,142.25,0.6431400282885431,0.9598553957747956,0.4397882298316127,252.3
-25.25,142.5,0.6701555869872702,0.9801400593602974,0.4228418172806983,233.2
-25.25,142.75,0.6956152758132956,0.9638969734174216,0.4325368419722192,215.2
-25.25,143.0,0.7190947666195191,0.9492131680706019,0.44771190148388884,198.6
-25.25,143.25,0.7398868458274399,0.9370619110757412,0.45945140256415085,183.9
-25.25,143.5,0.7574257425742574,0.9293953030613128,0.5020577425181504,171.5
-25.25,143.75,0.7711456859971711,0.9140272610479239,0.5098207732861807,161.8
-25.25,144.0,0.7807637906647807,0.916859675902395,0.4827850269002645,155.0
-25.25,144.25,0.785997171145686,0.9486748756300002,0.4290715310503614,151.3
-25.25,144.5,0.809052333804809,0.9913919106266513,0.379119726700263,135.0
-25.25,144.75,0.8323903818953324,0.988404791977779,0.36308534241430485,118.5
-25.25,145.0,0.850919377652051,0.9931594442731919,0.395931205421248,105.4
-25.25,145.25,0.8626591230551627,0.9742045974914405,0.44811070734721564,97.1
-25.25,145.5,0.8663366336633663,0.9768372025556379,0.4153989723064302,94.5
-25.25,145.75,0.8608203677510609,0.9875105434071764,0.39958673242777215,98.4
-25.25,146.0,0.8471004243281471,0.9590386825675989,0.42729492377932526,108.1
-25.25,146.25,0.8271570014144272,0.9282592863693684,0.405021010302965,122.2
-25.25,146.5,0.8155586987270156,0.9029690331206908,0.37337446599558044,130.4
-25.25,146.75,0.8169731258840169,0.8866100021752458,0.32862257821859625,129.4
-25.25,147.0,0.8168316831683169,0.8783632399030556,0.2942481205749879,129.5
-25.25,147.25,0.8176803394625176,0.8820851616354219,0.273479383334088,128.9
-25.25,147.5,0.8134370579915134,0.8702525796876561,0.26477159011469603,131.9
-25.25,147.75,0.8326732673267326,0.8283013179105871,0.2383023981948187,118.3
-25.25,148.0,0.8581329561527582,0.804578457075886,0.18389589173582543,100.3
-25.25,148.25,0.8895332390381896,0.8319455259447008,0.15718510185719978,78.1
-25.25,148.5,0.9176803394625177,0.8819106544926032,0.14037475134549512,58.2
-25.25,148.75,0.9383309759547384,0.9246875564206614,0.17481988324187947,43.6
-25.25,149.0,0.9424328147100425,0.912007951818122,0.1902887284501511,40.7
-25.25,149.25,0.928005657708628,0.881503284526542,0.20646115720019725,50.9
-25.25,149.5,0.9035360678925035,0.8679084042305547,0.21185312722737723,68.2
-25.25,149.75,0.9322489391796323,0.8630571794225221,0.215800973258439,47.9
-25.25,150.0,0.9533239038189534,0.8749003473658761,0.22947673934018145,33.0
-25.25,150.25,0.9524752475247524,0.8846321299084248,0.2450938151306151,33.6
-25.25,150.5,0.9432814710042433,0.8691575640994503,0.25158951229675747,40.1
-25.25,150.75,0.9776520509193777,0.869931616219409,0.21949648722531367,15.8
-25.25,151.0,0.9891089108910891,0.8610101774851058,0.18924598908142912,7.7
-25.25,151.25,0.9729844413012729,0.8672237972324404,0.1899538114666427,19.1
-25.25,151.5,0.9478076379066478,0.8844823922096228,0.18546940521912386,36.9
-25.25,151.75,0.9702970297029703,0.9229767631975554,0.1553550754884668,21.0
-25.25,152.0,0.9958981612446959,0.9350770848746095,0.15885881644186833,2.9
-25.25,152.25,0.998019801980198,0.9266998746592261,0.18525486816582834,1.4
-25.25,152.5,0.9899575671852899,0.910883337112224,0.21530283662661542,7.1
-25.5,114.0,0.4810466760961811,0.9527448540662337,0.9022857297601405,366.9
-25.5,114.25,0.4858557284299858,0.9417727180023228,0.8040162838506986,363.5
-25.5,114.5,0.48826025459688827,0.9254899155187895,0.7495431002232368,361.8
-25.5,114.75,0.4884016973125884,0.9211884565894358,0.7349751623598723,361.7
-25.5,115.0,0.4861386138613861,0.9220216052925729,0.7424822669112938,363.3
-25.5,115.25,0.5074964639321076,0.9152682055325734,0.7556113350103315,348.2
-25.5,115.5,0.5309759547383309,0.9118845448254252,0.733173379904609,331.6
-25.5,115.75,0.5527581329561528,0.9002956352061879,0.6589007197462678,316.2
-25.5,116.0,0.5728429985855729,0.8896420472154423,0.644725189187883,302.0
-25.5,116.25,0.5908062234794909,0.8868747979684614,0.6611423748826626,289.3
-25.5,116.5,0.6062234794908062,0.8800015890606036,0.6676022272282408,278.4
-25.5,116.75,0.619094766619519,0.8743448884253006,0.662991268134018,269.3
-25.5,117.0,0.6289957567185289,0.8689761730419809,0.6962776807476607,262.3
-25.5,117.25,0.6357850070721358,0.8620690283189952,0.7072698882351725,257.5
-25.5,117.5,0.6390381895332391,0.8636410065248454,0.6996599715837606,255.2
-25.5,117.75,0.6388967468175388,0.8590191492771613,0.6925502384581523,255.3
-25.5,118.0,0.6352192362093352,0.8567019951755865,0.7003099651847187,257.9
-25.5,118.25,0.6282885431400282,0.8621995475220634,0.6996594074791204,262.8
-25.5,118.5,0.6271570014144272,0.8744801712505231,0.7064657651292438,263.6
-25.5,118.75,0.636916548797737,0.8800038403963363,0.698660410395925,256.7
-25.5,119.0,0.6584158415841583,0.8742568066874787,0.6899516984918332,241.5
-25.5,119.25,0.6775106082036775,0.8707737728510546,0.6947498758574918,228.0
-25.5,119.5,0.693917963224894,0.8710782059096078,0.6929295101836537,216.4
-25.5,119.75,0.7076379066478077,0.8781401923469323,0.6732107973199717,206.7
-25.5,120.0,0.7183875530410184,0.8912497702454564,0.6513347549049631,199.1
-25.5,120.25,0.7254596888260254,0.8909828949356793,0.6528077771759335,194.1
-25.5,120.5,0.7285714285714285,0.8861555084992724,0.6561920826714627,191.9
-25.5,120.75,0.7272984441301273,0.8784093965637014,0.647553674322812,192.8
-25.5,121.0,0.7216407355021216,0.8757952063052181,0.6496886008612859,196.8
-25.5,121.25,0.7118811881188118,0.8741297328863239,0.6565029365627487,203.7
-25.5,121.5,0.6984441301272984,0.8797826971755381,0.6710657491325255,213.2
-25.5,121.75,0.6816124469589816,0.8838077352960433,0.6613122670830072,225.1
-25.5,122.0,0.6620933521923621,0.8848204676521209,0.6550552667660352,238.9
-25.5,122.25,0.6403111739745403,0.8845433079037596,0.668810829478449,254.3
-25.5,122.5,0.6165487977369165,0.8801157828677864,0.6707759121684046,271.1
-25.5,122.75,0.5913719943422915,0.8758480756734661,0.6764929192892523,288.9
-25.5,123.0,0.5647807637906648,0.888068946090464,0.6815974215918,307.7
-25.5,123.25,0.5371994342291373,0.9011936367661135,0.7149299296131827,327.2
-25.5,123.5,0.5086280056577086,0.9019318343218736,0.7265614610653156,347.4
-25.5,123.75,0.47934936350777935,0.9014158081079872,0.7212163761923717,368.1
-25.5,124.0,0.4493635077793493,0.9006585492920178,0.7200245681431652,389.3
-25.5,124.25,0.41881188118811885,0.8974055187200846,0.7146298259446107,410.9
-25.5,124.5,0.3878359264497878,0.8931837596580471,0.7047764329046801,432.8
-25.5,124.75,0.3564356435643564,0.9001373379604926,0.7055259345641647,455.0
-25.5,125.0,0.3247524752475248,0.9041508425906555,0.7100153210497925,477.4
-25.5,125.25,0.2927864214992928,0.9078651311745913,0.6951795785378247,500.0
-25.5,125.5,0.26053748231966056,0.9084061587884007,0.6691619120892173,522.8
-25.5,125.75,0.22800565770862802,0.9127908922484521,0.674486769781492,545.8
-25.5,126.0,0.19533239038189532,0.9199221683295424,0.7390943511460676,568.9
-25.5,126.25,0.16251768033946246,0.9106385264790781,0.7299821916033242,592.1
-25.5,126.5,0.1294200848656294,0.8912552717015065,0.6382949442772762,615.5
-25.5,126.75,0.09632248939179633,0.8696332990420563,0.5489824485481528,638.9
-25.5,127.0,0.06294200848656295,0.861326025090271,0.5294687151934341,662.5
-25.5,127.25,0.03578500707213572,0.8607030933900671,0.5544850797884592,681.7
-25.5,127.5,0.06987270155586989,0.8593304499479744,0.5456745872900048,657.6
-25.5,127.75,0.10367751060820363,0.8694167901951435,0.5733797485937766,633.7
-25.5,128.0,0.1374823196605376,0.8885893773234342,0.6034601450127358,609.8
-25.5,128.25,0.17114568599717117,0.9059307060437337,0.6072133588256625,586.0
-25.5,128.5,0.2046676096181047,0.9292939794014519,0.62161818986164,562.3
-25.5,128.75,0.23790664780763793,0.952039391689745,0.6652414815436678,538.8
-25.5,129.0,0.271004243281471,0.965612089405415,0.7018148996610475,515.4
-25.5,129.25,0.3039603960396039,0.9687264098324058,0.6947197204351556,492.1
-25.5,129.5,0.3366336633663366,0.9628479749237141,0.6832546643209756,469.0
-25.5,129.75,0.369024045261669,0.9375333791767202,0.6661108796151024,446.1
-25.5,130.0,0.400990099009901,0.9058311614603622,0.6523344127964513,423.5
-25.5,130.25,0.4326732673267326,0.8901325370145131,0.6321018328401227,401.1
-25.5,130.5,0.4637906647807638,0.8938126266087602,0.6521981089981101,379.1
-25.5,130.75,0.4944837340876945,0.9268095770493809,0.6535772803742312,357.4
-25.5,131.0,0.5246110325318245,0.9603467861164718,0.6570129999783931,336.1
-25.5,131.25,0.554031117397454,0.9848641847453286,0.66342019718513,315.3
-25.5,131.5,0.5824611032531825,0.9935364109145376,0.6647131733722327,295.2
-25.5,131.75,0.6097595473833097,0.9883549625944508,0.6614227026542776,275.9
-25.5,132.0,0.6357850070721358,0.9901569680791823,0.6215110260972825,257.5
-25.5,132.25,0.65997171145686,0.9935463073215889,0.558384557875945,240.4
-25.5,132.5,0.6820367751060821,0.9978121096447652,0.5976359741275308,224.8
-25.5,132.75,0.7015558698727016,0.99378384698198,0.6364328832118916,211.0
-25.5,133.0,0.7181046676096181,0.9989006950230994,0.6559188948528645,199.3
-25.5,133.25,0.7308345120226308,0.9854606557472458,0.6495334720852383,190.3
-25.5,133.5,0.7394625176803395,0.9622660760787147,0.6378945428036814,184.2
-25.5,133.75,0.7434229137199434,0.9314674769319147,0.572146374091227,181.4
-25.5,134.0,0.7424328147100425,0.9140328252069687,0.524333864061245,182.1
-25.5,134.25,0.7367751060820368,0.9073984094133699,0.511929767128482,186.1
-25.5,134.5,0.7265912305516266,0.9126145925305333,0.5180566849154302,193.3
-25.5,134.75,0.7123055162659123,0.9109815690056875,0.5087547605717326,203.4
-25.5,135.0,0.6946251768033946,0.9106349521307846,0.46478966982958625,215.9
-25.5,135.25,0.6741159830268741,0.9360002273081433,0.4611211522990627,230.4
-25.5,135.5,0.6512022630834512,0.9581670630793513,0.4735817080476692,246.6
-25.5,135.75,0.6263083451202263,0.9770887212352133,0.49420853267837705,264.2
-25.5,136.0,0.5998585572842998,0.9761168618294106,0.520711393586635,282.9
-25.5,136.25,0.571994342291372,0.9885279480371797,0.5549872296218656,302.6
-25.5,136.5,0.5431400282885431,0.9941573599780058,0.592462280361547,323.0
-25.5,136.75,0.5135785007072136,0.9978035019444027,0.5828215225364106,343.9
-25.5,137.0,0.48316831683168315,0.9802216318100687,0.5680650286677494,365.4
-25.5,137.25,0.45205091937765207,0.9695337730001715,0.558006011427838,387.4
-25.5,137.5,0.42065063649222056,0.9534192884265095,0.5578310906375581,409.6
-25.5,137.75,0.38868458274398865,0.9459200350661019,0.5626318951191123,432.2
-25.5,138.0,0.3564356435643564,0.9413540886425588,0.5523370337877823,455.0
-25.5,138.25,0.3237623762376237,0.9424880344056427,0.511287171356948,478.1
-25.5,138.5,0.29094766619519097,0.9409419130596991,0.5068633660650591,501.3
-25.5,138.75,0.2578500707213578,0.9309749030680022,0.5110143864702358,524.7
-25.5,139.0,0.251060820367751,0.9213559595203078,0.519101277770827,529.5
-25.5,139.25,0.2753889674681754,0.9085932879117569,0.5181600288855099,512.3
-25.5,139.5,0.3093352192362093,0.8953637374516473,0.5193522237493268,488.3
-25.5,139.75,0.342998585572843,0.8847334710253575,0.5158300510797396,464.5
-25.5,140.0,0.37652050919377655,0.8781886514825366,0.5026318398690921,440.8
-25.5,140.25,0.41004243281471,0.8797666512545579,0.4980836092108566,417.1
-25.5,140.5,0.4432814710042432,0.8789094450209928,0.4888098256300659,393.6
-25.5,140.75,0.4762376237623762,0.8765325732297848,0.4963811252895392,370.3
-25.5,141.0,0.509052333804809,0.8717739235965931,0.5002249343076776,347.1
-25.5,141.25,0.5414427157001415,0.8684713746994864,0.49065454450708407,324.2
-25.5,141.5,0.5734087694483734,0.8832345450077477,0.4843087541197489,301.6
-25.5,141.75,0.6049504950495049,0.9085651573754577,0.47159069266154113,279.3
-25.5,142.0,0.635926449787836,0.937526264657948,0.45313117417565313,257.4
-25.5,142.25,0.6659123055162659,0.9646231383808522,0.4193878045689194,236.2
-25.5,142.5,0.695049504950495,0.9597054099930953,0.43351883532983226,215.6
-25.5,142.75,0.7227722772277227,0.9413973857279654,0.4510233568944584,196.0
-25.5,143.0,0.7485148514851485,0.92328228140887,0.4669300278898813,177.8
-25.5,143.25,0.771994342291372,0.9227411363328352,0.4931787354818282,161.2
-25.5,143.5,0.7922206506364922,0.9141780441221159,0.5332770178537926,146.9
-25.5,143.75,0.808062234794908,0.9162912099987731,0.5649229497047107,135.7
-25.5,144.0,0.8192362093352192,0.9262141492964285,0.5286849965582041,127.8
-25.5,144.25,0.8253182461103253,0.9557938359219108,0.45834485490198756,123.5
-25.5,144.5,0.8264497878359265,0.9892286991425093,0.41507580481671286,122.7
-25.5,144.75,0.822065063649222,0.9972593944024737,0.3873796530699085,125.8
-25.5,145.0,0.8210749646393211,0.9955427175074386,0.3833610521996936,126.5
-25.5,145.25,0.8239038189533239,0.9860684361469877,0.42428399108648907,124.5
-25.5,145.5,0.8267326732673268,0.9936678487556035,0.39316501355586964,122.5
-25.5,145.75,0.8380480905233381,0.9551920309051559,0.37130644226743104,114.5
-25.5,146.0,0.850919377652051,0.937812353619187,0.39128346670448594,105.4
-25.5,146.25,0.8562942008486563,0.9203285804929994,0.38535909471791074,101.6
-25.5,146.5,0.8551626591230551,0.8954024766526811,0.34916847800935247,102.4
-25.5,146.75,0.8565770862800566,0.8833197557458515,0.32850310085580764,101.4
-25.5,147.0,0.8564356435643564,0.8756562518320393,0.2895820403987825,101.5
-25.5,147.25,0.8572842998585573,0.8665688141844592,0.2716510557261857,100.9
-25.5,147.5,0.8519094766619519,0.8226080312700847,0.23601940224693707,104.7
-25.5,147.75,0.8472418670438473,0.7838164652183742,0.21468019404206798,108.0
-25.5,148.0,0.8690240452616691,0.7863173167570005,0.21662641951976633,92.6
-25.5,148.25,0.9036775106082037,0.8153773829219987,0.21545458077482194,68.1
-25.5,148.5,0.9379066478076379,0.8220158351976226,0.21052301683767569,43.9
-25.5,148.75,0.9701555869872701,0.8201995791976691,0.2071497355585432,21.1
-25.5,149.0,0.9806223479490807,0.7970725064994372,0.21294333197225088,13.7
-25.5,149.25,0.9562942008486564,0.8033440468041202,0.21087005401231013,30.9
-25.5,149.5,0.9305516265912306,0.8097980154976432,0.21014983744228813,49.1
-25.5,149.75,0.901980198019802,0.8179711159021443,0.2320105684456349,69.3
-25.5,150.0,0.9151343705799151,0.8374615708363665,0.259016868569334,60.0
-25.5,150.25,0.9147100424328147,0.8537325055238105,0.26595268017573925,60.3
-25.5,150.5,0.9319660537482319,0.8551401555083924,0.2552912152973986,48.1
-25.5,150.75,0.9669024045261669,0.8580129225526212,0.21958260182795497,23.4
-25.5,151.0,0.9981612446958982,0.8869313990966062,0.1897140831118446,1.3
-25.5,151.25,0.999009900990099,0.8944691006749775,0.1827902788756373,0.7
-25.5,151.5,0.9799151343705799,0.8991102126887953,0.18012217674854733,14.2
-25.5,151.75,0.9956152758132956,0.9205275628858067,0.15639443022934776,3.1
-25.5,152.0,0.997029702970297,0.9403875038981674,0.1605672073446321,2.1
-25.5,152.25,0.9909476661951909,0.9241593915271323,0.17476846913324656,6.4
-25.5,152.5,0.997029702970297,0.9044341953935444,0.19381240002635367,2.1
-25.5,152.75,0.9912305516265912,0.8959959999489909,0.2131486015921721,6.2
-25.5,153.0,0.9669024045261669,0.892748558170841,0.30711442873263306,23.4
-25.75,114.25,0.5253182461103253,0.940932024537157,0.8252837379453376,335.6
-25.75,114.5,0.5278642149929278,0.9260063425337104,0.7625056929843218,333.8
-25.75,114.75,0.5280056577086281,0.9253041903087423,0.749631632417193,333.7
-25.75,115.0,0.5256011315417256,0.9256297518247313,0.7576949280265497,335.4
-25.75,115.25,0.5216407355021216,0.9257332544025286,0.7629107523505168,338.2
-25.75,115.5,0.5171145685997172,0.919633315958044,0.7425756826397063,341.4
-25.75,115.75,0.5203677510608203,0.9092935518411359,0.6802875706173185,339.1
-25.75,116.0,0.539038189533239,0.9071772263909087,0.6879689351507272,325.9
-25.75,116.25,0.5555869872701555,0.8978554348964549,0.703228658710249,314.2
-25.75,116.5,0.5697312588401697,0.8884385747985769,0.6960507172750061,304.2
-25.75,116.75,0.5814710042432816,0.8784119405563757,0.679893873930304,295.9
-25.75,117.0,0.5903818953323903,0.8769811108181392,0.6875833132187049,289.6
-25.75,117.25,0.5964639321074965,0.8760082029981138,0.6761392095625883,285.3
-25.75,117.5,0.5994342291371995,0.8738987645809035,0.6659349434364702,283.2
-25.75,117.75,0.5992927864214993,0.8705037046225464,0.666710442261229,283.3
-25.75,118.0,0.596039603960396,0.8641352362165737,0.6757821796771851,285.6
-25.75,118.25,0.614144271570014,0.867206440544096,0.6926179793667993,272.8
-25.75,118.5,0.6410183875530411,0.876087711581552,0.7037653800994603,253.8
-25.75,118.75,0.6663366336633663,0.8756744891913637,0.7039387375140232,235.9
-25.75,119.0,0.6898161244695897,0.8726535771604781,0.7135317076174991,219.3
-25.75,119.25,0.711032531824611,0.8713114274829937,0.7154251006663265,204.3
-25.75,119.5,0.7292786421499293,0.8720754883414018,0.7025505243463839,191.4
-25.75,119.75,0.7441301272984442,0.87656149782541,0.6677831436449819,180.9
-25.75,120.0,0.7565770862800566,0.879810448196956,0.6612576134020122,172.1
-25.75,120.25,0.7644978783592645,0.8810070249045022,0.6747078182140627,166.5
-25.75,120.5,0.7681753889674682,0.8830486297133767,0.6702324859926129,163.9
-25.75,120.75,0.7667609618104667,0.8844989466478892,0.6642135700683447,164.9
-25.75,121.0,0.7602545968882602,0.8865426622916148,0.6702001386208178,169.5
-25.75,121.25,0.7489391796322489,0.8889558040676473,0.6781998354613138,177.5
-25.75,121.5,0.7336633663366336,0.8922099614998401,0.6626899556697884,188.3
-25.75,121.75,0.7148514851485148,0.8962713073386799,0.6428020920004318,201.6
-25.75,122.0,0.6932107496463932,0.8983342688224409,0.6469838641671355,216.9
-25.75,122.25,0.6694483734087695,0.9011004472903881,0.6641893619206435,233.7
-25.75,122.5,0.643988684582744,0.897621894710377,0.6876970044796129,251.7
-25.75,122.75,0.616973125884017,0.8897316363045606,0.6988577341990575,270.8
-25.75,123.0,0.5889674681753889,0.8921614858454081,0.7056954883017252,290.6
-25.75,123.25,0.5598302687411598,0.898495655865653,0.7272179821628242,311.2
-25.75,123.5,0.52998585572843,0.8975912059852991,0.7326087111597959,332.3
-25.75,123.75,0.4994342291371995,0.8933373466216575,0.7277968341100189,353.9
-25.75,124.0,0.46845827439886845,0.8921327531829336,0.7205367590391668,375.8
-25.75,124.25,0.4369165487977369,0.8884895936941891,0.718571337886427,398.1
-25.75,124.5,0.405091937765205,0.881893035994519,0.7016619950690097,420.6
-25.75,124.75,0.37298444130127295,0.8900501593273628,0.69914075355567,443.3
-25.75,125.0,0.3404526166902404,0.8991857282496483,0.7137093199927764,466.3
-25.75,125.25,0.3077793493635078,0.9032846209403198,0.6971860503910935,489.4
-25.75,125.5,0.27496463932107496,0.9040971680510231,0.6754571909353437,512.6
-25.75,125.75,0.2418670438472419,0.9081827283499951,0.6688963638591746,536.0
-25.75,126.0,0.20876944837340883,0.9114258939745632,0.7093819443598063,559.4
-25.75,126.25,0.17538896746817534,0.9058017875465623,0.6955995786183466,583.0
-25.75,126.5,0.1418670438472418,0.8916679506101375,0.6212013648843784,606.7
-25.75,126.75,0.10834512022630838,0.879417979894922,0.5947971900535999,630.4
-25.75,127.0,0.07468175388967457,0.8706844607630329,0.5751416891441681,654.2
-25.75,127.25,0.04101838755304099,0.8687310876052123,0.5717776269465836,678.0
-25.75,127.5,0.05884016973125883,0.8722535285672599,0.57164884991587,665.4
-25.75,127.75,0.09222065063649232,0.8812207153634413,0.5884427930411832,641.8
-25.75,128.0,0.12545968882602554,0.8921309461761965,0.5782792391528101,618.3
-25.75,128.25,0.1585572842998586,0.9049837394107383,0.5739399850878455,594.9
-25.75,128.5,0.1915134370579915,0.9153231960520063,0.5717131578448496,571.6
-25.75,128.75,0.2241867043847242,0.9302446253790392,0.5849604300419167,548.5
-25.75,129.0,0.2565770862800566,0.9410427605158154,0.6575751866627896,525.6
-25.75,129.25,0.28882602545968883,0.9455470561924998,0.6574195098993773,502.8
-25.75,129.5,0.3206506364922206,0.945456805378056,0.6266354493522661,480.3
-25.75,129.75,0.352050919377652,0.9278044116929367,0.5986788746690072,458.1
-25.75,130.0,0.3831683168316832,0.8967066002065504,0.5879392893566402,436.1
-25.75,130.25,0.4138613861386139,0.8763159727028456,0.5830810590227166,414.4
-25.75,130.5,0.44413012729844414,0.8728714701066442,0.6284258368937978,393.0
-25.75,130.75,0.4736916548797736,0.9054463534482434,0.6408345111327839,372.1
-25.75,131.0,0.5025459688826026,0.9256681332045171,0.6301741583464482,351.7
-25.75,131.25,0.5304101838755304,0.949550303933805,0.6288263028364943,332.0
-25.75,131.5,0.5572842998585572,0.9684276614889982,0.6434779215939098,313.0
-25.75,131.75,0.5828854314002829,0.9805616864491673,0.6444762417515371,294.9
-25.75,132.0,0.606930693069307,0.9710893153652254,0.6216859630048379,277.9
-25.75,132.25,0.6292786421499292,0.9627647109453856,0.5880015665089153,262.1
-25.75,132.5,0.6493635077793494,0.966257514993185,0.6285711502491065,247.9
-25.75,132.75,0.667043847241867,0.9676936890495346,0.6662132404313806,235.4
-25.75,133.0,0.6816124469589816,0.963977445815557,0.6852298364253525,225.1
-25.75,133.25,0.692927864214993,0.9450674290874763,0.6760316589836205,217.1
-25.75,133.5,0.7002828854314003,0.9223822173033426,0.6488126752933008,211.9
-25.75,133.75,0.7038189533239039,0.8929646603583797,0.5837284899768808,209.4
-25.75,134.0,0.7029702970297029,0.868445957385243,0.5499128021552768,210.0
-25.75,134.25,0.698019801980198,0.8638761901143749,0.522976966759773,213.5
-25.75,134.5,0.689108910891089,0.8715049024624192,0.4978300199991857,219.8
-25.75,134.75,0.6765205091937765,0.8796472841722267,0.46965923060813985,228.7
-25.75,135.0,0.6608203677510608,0.8969904207875203,0.4720645889111127,239.8
-25.75,135.25,0.6421499292786421,0.922089869948595,0.49138056329626206,253.0
-25.75,135.5,0.6212164073550213,0.9432009416785773,0.4821673645538261,267.8
-25.75,135.75,0.5983026874115983,0.9486680345135218,0.47891368957568564,284.0
-25.75,136.0,0.5735502121640735,0.9520512802019077,0.49149422232261925,301.5
-25.75,136.25,0.5473833097595474,0.9525493746421421,0.5261177724580525,320.0
-25.75,136.5,0.5202263083451202,0.9630902082956905,0.5679023408895236,339.2
-25.75,136.75,0.4919377652050919,0.9702483944074239,0.5528802504389935,359.2
-25.75,137.0,0.4628005657708628,0.978193829788286,0.5231058888459656,379.8
-25.75,137.25,0.43295615275813304,0.9947280782058727,0.5039843371543707,400.9
-25.75,137.5,0.4025459688826025,0.9957864631033473,0.5039396278323182,422.4
-25.75,137.75,0.3715700141442716,0.980068290638367,0.5045626088796498,444.3
-25.75,138.0,0.3401697312588402,0.9666362926868669,0.5089572741375549,466.5
-25.75,138.25,0.30834512022630833,0.9549141508020159,0.5036645865270453,489.0
-25.75,138.5,0.2763790664780763,0.9479722408896926,0.49853800355715355,511.6
-25.75,138.75,0.24398868458274403,0.944998293503885,0.4956831505596154,534.5
-25.75,139.0,0.25063649222065065,0.9369885497466949,0.4948787856945551,529.8
-25.75,139.25,0.28486562942008486,0.9251007273556934,0.5015688572024256,505.6
-25.75,139.5,0.3190947666195191,0.9089173384953386,0.5068876064473111,481.4
-25.75,139.75,0.3533239038189533,0.893697760669351,0.5087866083079894,457.2
-25.75,140.0,0.3872701555869873,0.8895433162833184,0.508403065504498,433.2
-25.75,140.25,0.42135785007072135,0.8855554912329218,0.5038234867455443,409.1
-25.75,140.5,0.4551626591230552,0.8797097229670205,0.5104853046695799,385.2
-25.75,140.75,0.4888260254596889,0.8688206745847555,0.5194524409679725,361.4
-25.75,141.0,0.5223479490806224,0.8683998590434553,0.5187011502909147,337.7
-25.75,141.25,0.5557284299858557,0.8784823629236556,0.5066425916261709,314.1
-25.75,141.5,0.5888260254596889,0.8981333190440708,0.48262362850407337,290.7
-25.75,141.75,0.6214992927864215,0.921820325896869,0.4571271625084348,267.6
-25.75,142.0,0.6537482319660537,0.942551676796213,0.43428487331391175,244.8
-25.75,142.25,0.6855728429985856,0.945519011391954,0.4374055968870011,222.3
-25.75,142.5,0.7165487977369165,0.9309107999264941,0.4630569660168311,200.4
-25.75,142.75,0.7463932107496464,0.9148210730083587,0.4735970516938819,179.3
-25.75,143.0,0.774964639321075,0.9136311377400445,0.4773073613196046,159.1
-25.75,143.25,0.8014144271570014,0.9187086835897762,0.4889240487610632,140.4
-25.75,143.5,0.8248939179632249,0.9361141340524657,0.5049524051860093,123.8
-25.75,143.75,0.843988684582744,0.9442241938273559,0.5238622725820604,110.3
-25.75,144.0,0.8574257425742574,0.9394684345695665,0.5416883176743096,100.8
-25.75,144.25,0.8647807637906648,0.9467434966560863,0.525738017214288,95.6
-25.75,144.5,0.866053748231966,0.9657217149246939,0.48226626015588603,94.7
-25.75,144.75,0.8616690240452617,0.9823423648610254,0.4418230680896445,97.8
-25.75,145.0,0.8606789250353607,0.9829846986332533,0.4110663746762196,98.5
-25.75,145.25,0.8591230551626592,0.9942331379568708,0.39967255691945563,99.6
-25.75,145.5,0.8582743988684582,0.9797195269213491,0.3778229629534334,100.2
-25.75,145.75,0.871994342291372,0.942998421465816,0.3492675831359931,90.5
-25.75,146.0,0.8886845827439886,0.9233712541380777,0.3443625159996596,78.7
-25.75,146.25,0.8958981612446959,0.9117126481897238,0.3403498946386305,73.6
-25.75,146.5,0.8947666195190948,0.9083630938483773,0.3425203758867108,74.4
-25.75,146.75,0.8963224893917964,0.9082152213650863,0.3338683000884925,73.3
-25.75,147.0,0.8960396039603961,0.9023930244612709,0.31833990154749403,73.5
-25.75,147.25,0.8968882602545969,0.8793565161672968,0.28649546933233677,72.9
-25.75,147.5,0.8906647807637906,0.8384997823726763,0.23477948413056152,77.3
-25.75,147.75,0.8858557284299858,0.8222838577107938,0.21209683654920736,80.7
-25.75,148.0,0.8851485148514852,0.8306621808567674,0.21641428394051043,81.2
-25.75,148.25,0.9032531824611032,0.8331229858536517,0.2384994802388197,68.4
-25.75,148.5,0.9376237623762376,0.8114825872305137,0.2463298006317849,44.1
-25.75,148.75,0.9712871287128713,0.7867944003118285,0.22890217458825218,20.3
-25.75,149.0,0.9947666195190947,0.7848496345937623,0.21263560483239885,3.7
-25.75,149.25,0.9817538896746818,0.8145765250323492,0.21289470615226797,12.9
-25.75,149.5,0.9497878359264498,0.8409152597721088,0.2311890386822379,35.5
-25.75,149.75,0.9234794908062235,0.8478726519669088,0.2616217103903475,54.1
-25.75,150.0,0.9127298444130127,0.8524339281495756,0.30649331728925183,61.7
-25.75,150.25,0.8991513437057992,0.8645060121657117,0.3059396888781106,71.3
-25.75,150.5,0.9301272984441301,0.8707599713852556,0.27826063756054126,49.4
-25.75,150.75,0.9643564356435643,0.8883491231306468,0.24512100497427144,25.2
-25.75,151.0,0.9957567185289957,0.9139165221773052,0.20955343378214647,3.0
-25.75,151.25,0.9722772277227723,0.9256739366633036,0.19507190063238097,19.6
-25.75,151.5,0.982036775106082,0.9291322854613847,0.18693449779058102,12.7
-25.75,151.75,0.9773691654879774,0.9272087197569723,0.17377366254166385,16.0
-25.75,152.0,0.9722772277227723,0.9277754193446195,0.16328769867551873,19.6
-25.75,152.25,0.9964639321074965,0.9183495216908402,0.16564043407420118,2.5
-25.75,152.5,0.9987270155586987,0.9053047047655837,0.17371817076234627,0.9
-25.75,152.75,0.9811881188118812,0.8923573892154834,0.180024199831187,13.3
-26.0,114.25,0.5646393210749646,0.9404322427490426,0.8271447997396454,307.8
-26.0,114.5,0.5674681753889674,0.9281516123773306,0.7673753343492524,305.8
-26.0,114.75,0.5676096181046677,0.9284054628103642,0.7607413026080643,305.7
-26.0,115.0,0.5650636492220651,0.93597012085278,0.7729383086687819,307.5
-26.0,115.25,0.5611032531824611,0.9375235561206544,0.7701537914612356,310.3
-26.0,115.5,0.5562942008486563,0.9343774682269729,0.7565784360054439,313.7
-26.0,115.75,0.5487977369165489,0.9287302759079337,0.725219230484488,319.0
-26.0,116.0,0.5454031117397454,0.9244028583855888,0.7270963289678521,321.4
-26.0,116.25,0.5541725601131542,0.9136668503891147,0.7238376415170519,315.2
-26.0,116.5,0.5602545968882603,0.9021955326835723,0.7012527129766511,310.9
-26.0,116.75,0.5636492220650636,0.8895610291416453,0.6715983444992258,308.5
-26.0,117.0,0.5644978783592645,0.883142065990866,0.6696087474333359,307.9
-26.0,117.25,0.5623762376237624,0.876967486436463,0.6688213540593071,309.4
-26.0,117.5,0.5598302687411598,0.8671799651967308,0.6747416161406468,311.2
-26.0,117.75,0.5775106082036775,0.861055502222752,0.673465966024635,298.7
-26.0,118.0,0.607920792079208,0.8596513323048525,0.6737111742530805,277.2
-26.0,118.25,0.6374823196605375,0.8640494656585165,0.687211681081759,256.3
-26.0,118.5,0.6661951909476662,0.8739723796221732,0.6968333721700574,236.0
-26.0,118.75,0.6934936350777935,0.8738236021064086,0.6886545640476688,216.7
-26.0,119.0,0.7190947666195191,0.8733669417877437,0.7046923168441925,198.6
-26.0,119.25,0.7427157001414427,0.8752397615562537,0.7190262479855379,181.9
-26.0,119.5,0.7633663366336634,0.8763057416838053,0.7144705872633276,167.3
-26.0,119.75,0.7804809052333805,0.8770027827242755,0.6955266640642854,155.2
-26.0,120.0,0.7942008486562941,0.875992124480939,0.7041724057732582,145.5
-26.0,120.25,0.8033946251768034,0.8766416590592376,0.7146253614593155,139.0
-26.0,120.5,0.8077793493635077,0.8825250402390817,0.6946736572619667,135.9
-26.0,120.75,0.806082036775106,0.8875471752716255,0.6748536956740113,137.1
-26.0,121.0,0.7983026874115984,0.8940503987695005,0.6694046221399704,142.6
-26.0,121.25,0.785007072135785,0.8995331436021342,0.6747508674567455,152.0
-26.0,121.5,0.7673267326732673,0.8986635452868771,0.6758763690348186,164.5
-26.0,121.75,0.7461103253182462,0.8920473829656346,0.6600422257788464,179.5
-26.0,122.0,0.7222065063649221,0.8958321149148741,0.657415190469561,196.4
-26.0,122.25,0.6964639321074965,0.9044407977208255,0.6764737397314864,214.6
-26.0,122.5,0.6688826025459689,0.9085879275850801,0.7038748002823785,234.1
-26.0,122.75,0.6401697312588401,0.9061041109414549,0.7223280330308474,254.4
-26.0,123.0,0.6104667609618105,0.9082327221055145,0.7240817537707679,275.4
-26.0,123.25,0.57991513437058,0.909930027466817,0.7395277446824748,297.0
-26.0,123.5,0.5487977369165489,0.9036247282693727,0.7417364561078834,319.0
-26.0,123.75,0.5171145685997172,0.8978704876708812,0.7322348064870138,341.4
-26.0,124.0,0.48514851485148514,0.8946527798620414,0.7178884972781354,364.0
-26.0,124.25,0.45275813295615275,0.8945688845708681,0.705338458416322,386.9
-26.0,124.5,0.42008486562942005,0.8968563430063008,0.6981341491184699,410.0
-26.0,124.75,0.3872701555869873,0.9044562797252831,0.7124852129236012,433.2
-26.0,125.0,0.3541725601131541,0.9142673320911385,0.7306685618949358,456.6
-26.0,125.25,0.3209335219236209,0.916506216876446,0.7429528913539524,480.1
-26.0,125.5,0.28741159830268737,0.9139712529390036,0.7392807152019054,503.8
-26.0,125.75,0.25388967468175394,0.9089747088357658,0.7079448152612263,527.5
-26.0,126.0,0.2203677510608203,0.9031483064174043,0.6384899955445725,551.2
-26.0,126.25,0.18656294200848655,0.9050997574859933,0.5981459891913489,575.1
-26.0,126.5,0.1527581329561527,0.9088467535135664,0.6310440882879721,599.0
-26.0,126.75,0.11895332390381896,0.9040711673636943,0.6553585455378677,622.9
-26.0,127.0,0.08486562942008491,0.8909054926513088,0.644996926451692,647.0
-26.0,127.25,0.0509193776520509,0.8792149920894257,0.6184390089305533,671.0
-26.0,127.5,0.04625176803394626,0.884241560568207,0.6338585997451001,674.3
-26.0,127.75,0.07920792079207917,0.8907889980771595,0.6110020789963692,651.0
-26.0,128.0,0.11188118811881187,0.8960574985278543,0.5737022552752011,627.9
-26.0,128.25,0.14441301272984441,0.9008387700626452,0.5459814279797081,604.9
-26.0,128.5,0.17666195190947664,0.9074140200137348,0.5320653372039765,582.1
-26.0,128.75,0.20862800565770867,0.9175365424335378,0.5525380162124381,559.5
-26.0,129.0,0.24031117397454027,0.9220368767702998,0.6686181796851922,537.1
-26.0,129.25,0.2717114568599718,0.9101407069868113,0.6374539287278801,514.9
-26.0,129.5,0.3026874115983027,0.8992357237642703,0.529130316878432,493.0
-26.0,129.75,0.3333804809052333,0.8828521198960356,0.4609924397374507,471.3
-26.0,130.0,0.36364922206506367,0.8640145902792585,0.4298010150537576,449.9
-26.0,130.25,0.3933521923620934,0.8614881380048349,0.42653273782407447,428.9
-26.0,130.5,0.4224893917963225,0.8804101072825996,0.5518781266043639,408.3
-26.0,130.75,0.45077793493635077,0.8953485402022109,0.6243656212184138,388.3
-26.0,131.0,0.4782178217821782,0.8979364725197685,0.5858604348193994,368.9
-26.0,131.25,0.5048090523338048,0.9040647513389751,0.5672869349616457,350.1
-26.0,131.5,0.5301272984441301,0.9175640817984563,0.5763560452617061,332.2
-26.0,131.75,0.5541725601131542,0.9296472118348174,0.5817375551771298,315.2
-26.0,132.0,0.5765205091937766,0.9198297360875481,0.5847204599279872,299.4
-26.0,132.25,0.5970297029702971,0.9198910378176588,0.6233170312787094,284.9
-26.0,132.5,0.6154172560113155,0.9222704821257387,0.6599971618767343,271.9
-26.0,132.75,0.6314002828854314,0.9229509335786057,0.6707277698666847,260.6
-26.0,133.0,0.6445544554455445,0.9158064034052956,0.6665527024865613,251.3
-26.0,133.25,0.6544554455445544,0.9032983421274027,0.658643971548612,244.3
-26.0,133.5,0.6611032531824611,0.8906004573963733,0.6312040200120989,239.6
-26.0,133.75,0.6640735502121641,0.8631490600216942,0.5733708840922881,237.5
-26.0,134.0,0.6635077793493636,0.8325491870259258,0.5344422646330846,237.9
-26.0,134.25,0.6591230551626591,0.8222617564676309,0.503061768191281,241.0
-26.0,134.5,0.6512022630834512,0.8333188322472234,0.47715848604642525,246.6
-26.0,134.75,0.6400282885431401,0.8530473689504293,0.46476973275987504,254.5
-26.0,135.0,0.6257425742574256,0.8745846379536125,0.47372711810663043,264.6
-26.0,135.25,0.6089108910891089,0.8912248015346819,0.48466845947287396,276.5
-26.0,135.5,0.5896746817538896,0.905577416168534,0.48246574367392664,290.1
-26.0,135.75,0.5683168316831684,0.917984415133327,0.4798967466734773,305.2
-26.0,136.0,0.5454031117397454,0.9218699229236317,0.4850087273918263,321.4
-26.0,136.25,0.5207920792079208,0.9220205909014283,0.5028317424362939,338.8
-26.0,136.5,0.49504950495049505,0.9298196971666868,0.5331482891749051,357.0
-26.0,136.75,0.46817538896746813,0.937133290395982,0.515766935829142,376.0
-26.0,137.0,0.44031117397454034,0.9465488348923339,0.48978803142795213,395.7
-26.0,137.25,0.41173974540311176,0.9602767200629587,0.4795445197361533,415.9
-26.0,137.5,0.38231966053748234,0.9757761387459107,0.4799579278510229,436.7
-26.0,137.75,0.35247524752475246,0.9929069933590805,0.48316381510750295,457.8
-26.0,138.0,0.32206506364922205,0.991667130358885,0.4934852377087473,479.3
-26.0,138.25,0.30183875530410176,0.9733448909105483,0.4958859864709462,493.6
-26.0,138.5,0.28302687411598304,0.9619177737150091,0.4927866988741834,506.9
-26.0,138.75,0.2806223479490806,0.9567279688789158,0.48620951276344926,508.6
-26.0,139.0,0.27751060820367746,0.9512535999399387,0.4854964039118935,510.8
-26.0,139.25,0.2922206506364923,0.9377492586097428,0.4932034754996186,500.4
-26.0,139.5,0.3267326732673267,0.9197432799714697,0.5018568084453208,476.0
-26.0,139.75,0.3612446958981612,0.9044082878914766,0.5098270106717734,451.6
-26.0,140.0,0.3956152758132956,0.8994778748302379,0.5129080535127455,427.3
-26.0,140.25,0.42998585572842996,0.8932984435071644,0.5192091506953036,403.0
-26.0,140.5,0.4643564356435643,0.8840078836092485,0.5292980010120424,378.7
-26.0,140.75,0.49858557284299854,0.8787426826880597,0.5335207916447244,354.5
-26.0,141.0,0.5328147100424327,0.887346706027077,0.510281646777202,330.3
-26.0,141.25,0.5667609618104668,0.9042775441863038,0.49242815396488954,306.3
-26.0,141.5,0.6007072135785008,0.9223383197461145,0.47227583804021966,282.3
-26.0,141.75,0.6343705799151343,0.9316469524917328,0.45235612663460634,258.5
-26.0,142.0,0.6678925035360679,0.9305276581530235,0.4458172674048531,234.8
-26.0,142.25,0.700990099009901,0.9228170752797019,0.46257586534514067,211.4
-26.0,142.5,0.7338048090523338,0.9094947447755689,0.49732872438137715,188.2
-26.0,142.75,0.7657708628005657,0.9074898344709519,0.49161419932094624,165.6
-26.0,143.0,0.7968882602545969,0.912284514819837,0.4761117657106712,143.6
-26.0,143.25,0.8267326732673268,0.9296635551452419,0.4655102570969432,122.5
-26.0,143.5,0.854031117397454,0.9502497431439682,0.46477569615178543,103.2
-26.0,143.75,0.8776520509193777,0.9586954413455158,0.47854473290646166,86.5
-26.0,144.0,0.8947666195190948,0.9431370214376883,0.5179798377461633,74.4
-26.0,144.25,0.9041018387553041,0.9404919700373554,0.5356300755979837,67.8
-26.0,144.5,0.9053748231966053,0.9467097742326902,0.5341637581135935,66.9
-26.0,144.75,0.9012729844413012,0.9588047198278796,0.5039576469462528,69.8
-26.0,145.0,0.9002828854314002,0.9777866602282181,0.44963250049364795,70.5
-26.0,145.25,0.8984441301272984,0.9944703326404967,0.3886314979701049,71.8
-26.0,145.5,0.8978783592644979,0.971282806566363,0.3582000511749282,72.2
-26.0,145.75,0.9066478076379066,0.9495857471606073,0.34123963271166213,66.0
-26.0,146.0,0.9244695898161245,0.9268944604265991,0.3299155221711481,53.4
-26.0,146.25,0.9355021216407355,0.9137985703607295,0.3347201142124291,45.6
-26.0,146.5,0.9345120226308345,0.9137603602654194,0.34599343921805215,46.3
-26.0,146.75,0.9359264497878359,0.919196362695543,0.3501674106234461,45.3
-26.0,147.0,0.9356435643564356,0.9078915445613293,0.34795033433208755,45.5
-26.0,147.25,0.9364922206506365,0.8758867155278863,0.3135414018363269,44.9
-26.0,147.5,0.9302687411598303,0.8512293408264295,0.25606042838473847,49.3
-26.0,147.75,0.9247524752475248,0.8518088713553704,0.23615752729740228,53.2
-26.0,148.0,0.924893917963225,0.8475722839258112,0.24707467663322016,53.1
-26.0,148.25,0.9188118811881189,0.8383171532699156,0.26652062072746535,57.4
-26.0,148.5,0.9203677510608204,0.8209559556402828,0.28254846139959755,56.3
-26.0,148.75,0.9435643564356435,0.8123722298565091,0.27342443954213513,39.9
-26.0,149.0,0.9702970297029703,0.8303558384560177,0.25186510158939507,21.0
-26.0,149.25,0.998019801980198,0.869482834604146,0.25220040538751387,1.4
-26.0,149.5,0.9710042432814711,0.8863561904098944,0.270033622667331,20.5
-26.0,149.75,0.9625176803394625,0.8765427465303757,0.29080169909993814,26.5
-26.0,150.0,0.9497878359264498,0.8642321922349125,0.31311640540042057,35.5
-26.0,150.25,0.9322489391796323,0.8642850878172721,0.2959585986649203,47.9
-26.0,150.5,0.9176803394625177,0.8765915953527097,0.27668633433074663,58.2
-26.0,150.75,0.9475247524752475,0.8949302426141481,0.2644936476998451,37.1
-26.0,151.0,0.9789250353606789,0.9133152446004061,0.2564847317778011,14.9
-26.0,151.25,0.9922206506364922,0.9206800280086661,0.24190104733633802,5.5
-26.0,151.5,0.9841584158415841,0.9148618619133205,0.2133643474411251,11.2
-26.0,151.75,0.9704384724186704,0.8978195445189038,0.20201409467985787,20.9
-26.0,152.0,0.9678925035360679,0.8994113914049321,0.17545577422683326,22.7
-26.0,152.25,0.9944837340876945,0.9101436960414407,0.15391582535643974,3.9
-26.0,152.5,0.9886845827439887,0.9162954641559895,0.15239635954458008,8.0
-26.0,152.75,0.9674681753889675,0.9090852103612014,0.1774296247146247,23.0
-26.0,153.0,0.9473833097595474,0.8989833705984436,0.2521981489689532,37.2
-26.25,114.25,0.6039603960396039,0.9453310725523035,0.7897702885641182,280.0
-26.25,114.5,0.6070721357850071,0.9294559815995443,0.7488362448745493,277.8
-26.25,114.75,0.6072135785007072,0.9273732971430262,0.7578391131725779,277.7
-26.25,115.0,0.6045261669024045,0.9364145656492902,0.7849421008316027,279.6
-26.25,115.25,0.6005657708628006,0.9426689963718096,0.7860621870051301,282.4
-26.25,115.5,0.5951909476661952,0.9448097349477345,0.7643960882199186,286.2
-26.25,115.75,0.5871287128712872,0.9446873072704226,0.7484744442756177,291.9
-26.25,116.0,0.5833097595473833,0.9382646312156191,0.7362158541054686,294.6
-26.25,116.25,0.5927864214992928,0.9251945897904006,0.7232081168558944,287.9
-26.25,116.5,0.5994342291371995,0.9089800566729263,0.7029528921275816,283.2
-26.25,116.75,0.6032531824611033,0.8910563140443953,0.6916286848834149,280.5
-26.25,117.0,0.6041018387553041,0.8763470973707338,0.707566816800484,279.9
-26.25,117.25,0.6018387553041018,0.8694092211280677,0.7202997061520906,281.5
-26.25,117.5,0.5967468175388967,0.8599345008616783,0.7245101509517907,285.1
-26.25,117.75,0.5949080622347949,0.8562998134131761,0.7103727861016323,286.4
-26.25,118.0,0.6267326732673268,0.8615081690930972,0.6945030881360539,263.9
-26.25,118.25,0.6578500707213578,0.8662579477615008,0.6977519279315642,241.9
-26.25,118.5,0.6882602545968883,0.8721908542372152,0.7087771113646129,220.4
-26.25,118.75,0.7176803394625177,0.8679967780993285,0.6990408264479822,199.6
-26.25,119.0,0.7456859971711456,0.8681647590090549,0.7073854491000308,179.8
-26.25,119.25,0.7718528995756718,0.873140548219568,0.7074765278235056,161.3
-26.25,119.5,0.7954738330975955,0.87962833212185,0.6927767667643703,144.6
-26.25,119.75,0.8155586987270156,0.8854680483815781,0.6722648744247789,130.4
-26.25,120.0,0.8308345120226308,0.8911490675569723,0.679408695587929,119.6
-26.25,120.25,0.8422913719943423,0.8968451261309851,0.6886704556812463,111.5
-26.25,120.5,0.8473833097595473,0.9000055742524019,0.6878336145061873,107.9
-26.25,120.75,0.8452616690240453,0.8977456791799907,0.6790506503141734,109.4
-26.25,121.0,0.8356435643564356,0.8953596454699901,0.6760314816935907,116.2
-26.25,121.25,0.8196605374823196,0.8980253490487523,0.6734788276104311,127.5
-26.25,121.5,0.799009900990099,0.8943866175965451,0.6776624854983605,142.1
-26.25,121.75,0.774964639321075,0.88401742456355,0.6755514286448036,159.1
-26.25,122.0,0.7485148514851485,0.8829177757534128,0.6762126398694634,177.8
-26.25,122.25,0.7203677510608204,0.8887519653125356,0.6970560484474468,197.7
-26.25,122.5,0.6908062234794908,0.8975763025981154,0.7175190248560975,218.6
-26.25,122.75,0.6602545968882603,0.9039736380705418,0.7232577902987805,240.2
-26.25,123.0,0.6289957567185289,0.9116814538900092,0.720285780826116,262.3
-26.25,123.25,0.5970297029702971,0.9153196736051042,0.7382892610036128,284.9
-26.25,123.5,0.5647807637906648,0.9053692277473793,0.7351045518470525,307.7
-26.25,123.75,0.5321074964639321,0.8953766099090551,0.7149137639859229,330.8
-26.25,124.0,0.4992927864214993,0.8937927911661863,0.6922456219524589,354.0
-26.25,124.25,0.4660537482319661,0.9025168922439403,0.6820300576162618,377.5
-26.25,124.5,0.4326732673267326,0.9170366224016915,0.7098857703898579,401.1
-26.25,124.75,0.39929278642149935,0.9201242897799358,0.7494375320691473,424.7
-26.25,125.0,0.36562942008486565,0.9228927241813214,0.7624395799204935,448.5
-26.25,125.25,0.3318246110325318,0.9220832289499108,0.7696108004518806,472.4
-26.25,125.5,0.29801980198019795,0.9166016480083462,0.7677839556333182,496.3
-26.25,125.75,0.26407355021216417,0.9058904074611126,0.7467563104798545,520.3
-26.25,126.0,0.23012729844413016,0.8952117963066039,0.6466620344112791,544.3
-26.25,126.25,0.1960396039603961,0.9056679717188666,0.5416339863388232,568.4
-26.25,126.5,0.16195190947666194,0.9066324136246179,0.5431033661055457,592.5
-26.25,126.75,0.12772277227722761,0.8923785667893451,0.549818709501296,616.7
-26.25,127.0,0.0944837340876944,0.8771357316036206,0.5379399551612883,640.2
-26.25,127.25,0.06124469589816117,0.8720949055775422,0.5319575448658772,663.7
-26.25,127.5,0.03239038189533239,0.8905292123284647,0.5697598407659604,684.1
-26.25,127.75,0.06463932107496473,0.9007243116846276,0.5764269935081645,661.3
-26.25,128.0,0.09674681753889669,0.898381262737313,0.5820123224887203,638.6
-26.25,128.25,0.12857142857142856,0.8900980123437072,0.5564519998478142,616.1
-26.25,128.5,0.16011315417256022,0.8927106107007936,0.5131536485558013,593.8
-26.25,128.75,0.1915134370579915,0.9183288893616753,0.5068872841018025,571.6
-26.25,129.0,0.2223479490806224,0.9380016499794653,0.6137278970867867,549.8
-26.25,129.25,0.253041018387553,0.9336960953323272,0.5972984300281268,528.1
-26.25,129.5,0.28330975954738336,0.9361597685763998,0.5291518495584113,506.7
-26.25,129.75,0.31315417256011313,0.9332696895577224,0.48676289941545897,485.6
-26.25,130.0,0.3424328147100425,0.9181877876588398,0.47785813697299406,464.9
-26.25,130.25,0.37100424328147097,0.9053949734007709,0.47737484435184474,444.7
-26.25,130.5,0.3988684582743989,0.8980823203579195,0.5423138613684351,425.0
-26.25,130.75,0.426025459688826,0.9083144796045154,0.5896888679567743,405.8
-26.25,131.0,0.45219236209335223,0.9124971034871333,0.5466080192967369,387.3
-26.25,131.25,0.47736916548797736,0.9044499807154314,0.4926302001297241,369.5
-26.25,131.5,0.5012729844413013,0.8979029984438102,0.45330749716889573,352.6
-26.25,131.75,0.5237623762376238,0.8992274617201355,0.42047944375130664,336.7
-26.25,132.0,0.5445544554455446,0.9013726307272124,0.44468749474879016,322.0
-26.25,132.25,0.5636492220650636,0.9010801735060581,0.5546981662869657,308.5
-26.25,132.5,0.5804809052333805,0.89223267644404,0.6143778584531939,296.6
-26.25,132.75,0.595049504950495,0.8884613817395767,0.6145401110649831,286.3
-26.25,133.0,0.606930693069307,0.8830350104952734,0.5961777313981329,277.9
-26.25,133.25,0.6158415841584158,0.8750675440904472,0.5908508751637043,271.6
-26.25,133.5,0.6217821782178219,0.8703237280189605,0.5923298285920343,267.4
-26.25,133.75,0.6244695898161245,0.8567575441862383,0.5840518347566278,265.5
-26.25,134.0,0.6239038189533239,0.8299040531960201,0.5486155548901842,265.9
-26.25,134.25,0.61994342291372,0.8158578680019909,0.5110181417954117,268.7
-26.25,134.5,0.6128712871287129,0.8215750307811875,0.48293825383781097,273.7
-26.25,134.75,0.6028288543140028,0.8326381885837479,0.48196908983144293,280.8
-26.25,135.0,0.5899575671852899,0.8491569320504728,0.4892742126871317,289.9
-26.25,135.25,0.5745403111739745,0.8576344619265194,0.4842228006898619,300.8
-26.25,135.5,0.5567185289957568,0.8649428148171244,0.4741914084600436,313.4
-26.25,135.75,0.537057991513437,0.8785123591655094,0.4669263209165317,327.3
-26.25,136.0,0.5155586987270155,0.888119074177509,0.4692815383756309,342.5
-26.25,136.25,0.49250353606789243,0.899697661269546,0.48044101094759156,358.8
-26.25,136.5,0.46817538896746813,0.9059944384290856,0.4953172722899993,376.0
-26.25,136.75,0.4425742574257425,0.9091242207510476,0.484607600640837,394.1
-26.25,137.0,0.4161244695898161,0.9214411067741552,0.4719758633098512,412.8
-26.25,137.25,0.4007072135785007,0.9340275114654243,0.4715446778401784,423.7
-26.25,137.5,0.3865629420084866,0.9525597304749067,0.4735568874435016,433.7
-26.25,137.75,0.3708628005657708,0.9738121967342861,0.48260686653762247,444.8
-26.25,138.0,0.35374823196605376,0.9953395852533301,0.4935823604105096,456.9
-26.25,138.25,0.3353606789250354,0.9865478568117749,0.4920432411929863,469.9
-26.25,138.5,0.32178217821782173,0.9743997265836695,0.4922230294004472,479.5
-26.25,138.75,0.3202263083451202,0.9634977742792556,0.48741927545748875,480.6
-26.25,139.0,0.3168316831683168,0.9566933698057067,0.48749739589151503,483.0
-26.25,139.25,0.31188118811881194,0.9479217353060727,0.49357578456213286,486.5
-26.25,139.5,0.3321074964639321,0.936211724747961,0.5037691554100578,472.2
-26.25,139.75,0.3667609618104668,0.9242306194128991,0.5034188464285104,447.7
-26.25,140.0,0.4014144271570015,0.9143183840003951,0.49994758823201774,423.2
-26.25,140.25,0.4362093352192362,0.9071396739601605,0.5123117143217055,398.6
-26.25,140.5,0.47072135785007074,0.8985589102544584,0.5305541653420549,374.2
-26.25,140.75,0.5053748231966053,0.9058120143020815,0.5401123382478699,349.7
-26.25,141.0,0.54002828854314,0.9244106718089837,0.5055028746111654,325.2
-26.25,141.25,0.5745403111739745,0.9309503587660148,0.47945600365947244,300.8
-26.25,141.5,0.609052333804809,0.9313558957156693,0.4657090153375893,276.4
-26.25,141.75,0.6434229137199434,0.9318501362641839,0.4525380584396999,252.1
-26.25,142.0,0.6776520509193776,0.9262289684893203,0.4543658380602374,227.9
-26.25,142.25,0.7118811881188118,0.9183100786550836,0.4726971758546026,203.7
-26.25,142.5,0.7459688826025459,0.9134045606163603,0.5069760902894411,179.6
-26.25,142.75,0.7796322489391796,0.918949245630581,0.5041685576125758,155.8
-26.25,143.0,0.813012729844413,0.9252740290471096,0.47220677551498713,132.2
-26.25,143.25,0.8458274398868458,0.9309049447494161,0.4482309261046742,109.0
-26.25,143.5,0.8773691654879774,0.9365226483967974,0.4506729350919829,86.7
-26.25,143.75,0.9065063649222065,0.9277865315488348,0.49707178277641606,66.1
-26.25,144.0,0.9301272984441301,0.9210352483108619,0.5540423059977497,49.4
-26.25,144.25,0.9431400282885432,0.9337647091837036,0.5474458113910462,40.2
-26.25,144.5,0.9445544554455445,0.9486050442493166,0.5481095369106737,39.2
-26.25,144.75,0.9405940594059405,0.9585276446489959,0.5316177926997387,42.0
-26.25,145.0,0.9398868458274399,0.9795080381568504,0.4796138723723437,42.5
-26.25,145.25,0.9374823196605375,0.9894349825122292,0.3953145101113355,44.2
-26.25,145.5,0.9374823196605375,0.9694414790941608,0.35619852732521745,44.2
-26.25,145.75,0.9428571428571428,0.9571106951604298,0.3430660262465124,40.4
-26.25,146.0,0.9534653465346534,0.9371051197572537,0.3315599839009048,32.9
-26.25,146.25,0.9748231966053749,0.9181495564363249,0.34467984903567,17.8
-26.25,146.5,0.9741159830268741,0.9083248756337865,0.36093632937710196,18.3
-26.25,146.75,0.9755304101838755,0.9006154192549464,0.36304865949541815,17.3
-26.25,147.0,0.9751060820367751,0.8844035548948664,0.35173803911444196,17.6
-26.25,147.25,0.9758132956152759,0.8457799509691819,0.3262305811369578,17.1
-26.25,147.5,0.9697312588401698,0.8213687657941465,0.2760879482457266,21.4
-26.25,147.75,0.9632248939179632,0.8247730658428241,0.2526682898933488,26.0
-26.25,148.0,0.9643564356435643,0.8219090941478058,0.26566763004242216,25.2
-26.25,148.25,0.9561527581329562,0.8138229997644629,0.29730061972116717,31.0
-26.25,148.5,0.9519094766619519,0.8141524131584816,0.3180626682927622,34.0
-26.25,148.75,0.9503536067892504,0.8182759492259132,0.31956117197619305,35.1
-26.25,149.0,0.9763790664780764,0.8308092797741097,0.31483421685067525,16.7
-26.25,149.25,0.9925035360678925,0.8471342763946791,0.3099895572626665,5.3
-26.25,149.5,0.9985855728429985,0.8560840295165013,0.30773605592882824,1.0
-26.25,149.75,0.999009900990099,0.8482764376658538,0.3043648054264004,0.7
-26.25,150.0,0.9834512022630835,0.8349739338211379,0.30083752358050064,11.7
-26.25,150.25,0.9660537482319661,0.8142790282129635,0.2640896843083795,24.0
-26.25,150.5,0.9374823196605375,0.8204016931088306,0.26029707987429335,44.2
-26.25,150.75,0.939038189533239,0.8400505049246867,0.26392725440656056,43.1
-26.25,151.0,0.9643564356435643,0.8634202796198109,0.2756164051183683,25.2
-26.25,151.25,0.9947666195190947,0.8839781651376071,0.2736352857393563,3.7
-26.25,151.5,0.9885431400282886,0.9013252393775837,0.2546713771187766,8.1
-26.25,151.75,0.9925035360678925,0.8912727374981639,0.2290338688458194,5.3
-26.25,152.0,0.9994342291371995,0.8905060922065359,0.20093488191682987,0.4
-26.25,152.25,0.9835926449787836,0.8975729582406979,0.1722098033063501,11.6
-26.25,152.5,0.9913719943422914,0.9027460093495225,0.15435108849679718,6.1
-26.25,152.75,0.9998585572842998,0.900106299681163,0.15764064053005256,0.1
-26.25,153.0,0.9765205091937765,0.8975220383659396,0.22470531665174265,16.6
-26.5,113.5,0.614144271570014,0.94733284980567,1.0,272.8
-26.5,114.0,0.6364922206506365,0.9659164368147096,0.7999724594444302,257.0
-26.5,114.25,0.6432814710042434,0.9596545374506668,0.685427160228485,252.2
-26.5,114.5,0.6466760961810467,0.9412937841821098,0.6538979980380827,249.8
-26.5,114.75,0.6468175388967468,0.9288139633615788,0.7035157073857198,249.7
-26.5,115.0,0.6438472418670438,0.9324936774126863,0.7492399665068833,251.8
-26.5,115.25,0.6398868458274398,0.9432989862528839,0.7822285318705148,254.6
-26.5,115.5,0.6340876944837341,0.9465102896464078,0.755245182747033,258.7
-26.5,115.75,0.6251768033946252,0.9440043310267333,0.7482083480582105,265.0
-26.5,116.0,0.6207920792079207,0.9436597016805789,0.7282818190450887,268.1
-26.5,116.25,0.6312588401697312,0.925967532839952,0.7119423830870004,260.7
-26.5,116.5,0.6386138613861386,0.9037374737457644,0.7089571413312052,255.5
-26.5,116.75,0.6428571428571428,0.8810220820120949,0.7130999580431862,252.5
-26.5,117.0,0.6437057991513437,0.8716345111007145,0.7392923841093192,251.9
-26.5,117.25,0.6413012729844413,0.8682942670976721,0.7438329912962747,253.6
-26.5,117.5,0.6356435643564355,0.8599967206049458,0.7405837485688785,257.6
-26.5,117.75,0.6268741159830269,0.8629996132221354,0.7152958562346251,263.8
-26.5,118.0,0.6420084865629421,0.8676111192448704,0.690187881046036,253.1
-26.5,118.25,0.6745403111739745,0.8732154294413805,0.687873198534652,230.1
-26.5,118.5,0.7066478076379066,0.878073233895391,0.7113774725830558,207.4
-26.5,118.75,0.7380480905233381,0.8783298679915326,0.7163143552210951,185.2
-26.5,119.0,0.7684582743988685,0.8793278660913775,0.7190197688408136,163.7
-26.5,119.25,0.7974540311173974,0.8819066195795606,0.7060321781855313,143.2
-26.5,119.5,0.8244695898161245,0.8814175798618185,0.676898752284668,124.1
-26.5,119.75,0.8482319660537483,0.8838566888067484,0.6565284502097599,107.3
-26.5,120.0,0.867043847241867,0.8930689560847802,0.6511048742054549,94.0
-26.5,120.25,0.8804809052333805,0.9026568682137577,0.6579061871483676,84.5
-26.5,120.5,0.886987270155587,0.9056907929979287,0.6704483285452185,79.9
-26.5,120.75,0.8841584158415842,0.9041778602606038,0.6820385030685889,81.9
-26.5,121.0,0.8715700141442716,0.9000764317470877,0.6785047098434142,90.8
-26.5,121.25,0.8517680339462518,0.8960285484353506,0.6799121348033702,104.8
-26.5,121.5,0.8274398868458275,0.8915425678984661,0.6883445966065315,122.0
-26.5,121.75,0.8002828854314004,0.8818394401022764,0.6902543003380975,141.2
-26.5,122.0,0.771004243281471,0.8734117277563966,0.6988206967001113,161.9
-26.5,122.25,0.7403111739745403,0.8797086592266441,0.7116596860758966,183.6
-26.5,122.5,0.7087694483734088,0.8874756410885702,0.720639974071043,205.9
-26.5,122.75,0.6766619519094766,0.8944726665376507,0.718099988166374,228.6
-26.5,123.0,0.643988684582744,0.9040867245169943,0.7159030907038582,251.7
-26.5,123.25,0.611032531824611,0.9133826898111503,0.7289096191577749,275.0
-26.5,123.5,0.5776520509193777,0.9065866221024576,0.7254013234623359,298.6
-26.5,123.75,0.5442715700141443,0.8942019873505251,0.7120328493540087,322.2
-26.5,124.0,0.5104667609618104,0.8932603912813472,0.6916226892569536,346.1
-26.5,124.25,0.47680339462517685,0.9091690011289894,0.6977986680303213,369.9
-26.5,124.5,0.44285714285714284,0.9313534218467127,0.7368119837719279,393.9
-26.5,124.75,0.4087694483734088,0.9323010288997844,0.7613180593094525,418.0
-26.5,125.0,0.3748231966053748,0.923779775066969,0.7626769873876291,442.0
-26.5,125.25,0.34059405940594056,0.9195772162381809,0.7572320882279255,466.2
-26.5,125.5,0.3065063649222065,0.910636156785842,0.7433224604796428,490.3
-26.5,125.75,0.27241867043847245,0.8974345684495773,0.7133106430676531,514.4
-26.5,126.0,0.2393210749646394,0.895016104606227,0.6399304286846165,537.8
-26.5,126.25,0.20608203677510617,0.9121408997870247,0.5598751318598626,561.3
-26.5,126.5,0.17284299858557295,0.90891456400995,0.5528377975355016,584.8
-26.5,126.75,0.1393210749646393,0.8864412219156868,0.5178679838546546,608.5
-26.5,127.0,0.10579915134370577,0.8659054348923853,0.4791662956335551,632.2
-26.5,127.25,0.07227722772277234,0.8622837605649118,0.4578149511202845,655.9
-26.5,127.5,0.03861386138613854,0.8881820183860255,0.4820295134970432,679.7
-26.5,127.75,0.048656294200848604,0.918105533506526,0.5000304471450214,672.6
-26.5,128.0,0.08019801980198027,0.9120975722346567,0.545932834394276,650.3
-26.5,128.25,0.11131541725601135,0.8916329278587138,0.5170519339649051,628.3
-26.5,128.5,0.14214992927864212,0.8847307023943769,0.46594774442131054,606.5
-26.5,128.75,0.17284299858557295,0.9062270118281897,0.45592455588468783,584.8
-26.5,129.0,0.2031117397454032,0.9460608286294214,0.5101042116919544,563.4
-26.5,129.25,0.23295615275813297,0.945168880703906,0.5198904923969798,542.3
-26.5,129.5,0.2623762376237624,0.9481153078157205,0.4915691031842833,521.5
-26.5,129.75,0.29123055162659117,0.9483406969632464,0.4966507834248172,501.1
-26.5,130.0,0.3193776520509194,0.9342777716957749,0.4884878024669043,481.2
-26.5,130.25,0.346958981612447,0.9093184751207817,0.4708491045842943,461.7
-26.5,130.5,0.3738330975954739,0.8928891131679402,0.4697538551322099,442.7
-26.5,130.75,0.3997171145685997,0.9095905984852617,0.4897246421836721,424.4
-26.5,131.0,0.42461103253182464,0.9410407934953281,0.4940410097175212,406.8
-26.5,131.25,0.4485148514851486,0.9469194271534125,0.4609886682949993,389.9
-26.5,131.5,0.47100424328147106,0.9607596985476635,0.471867071700675,374.0
-26.5,131.75,0.49207920792079207,0.9780947898337247,0.4824634389035396,359.1
-26.5,132.0,0.5115983026874116,0.9998040143935614,0.5184884506070186,345.3
-26.5,132.25,0.5291371994342291,0.9664982695888923,0.5692226197412106,332.9
-26.5,132.5,0.5446958981612448,0.9271303337360113,0.6047440149392186,321.9
-26.5,132.75,0.557991513437058,0.8828615599058159,0.5939158007292429,312.5
-26.5,133.0,0.5688826025459688,0.868719350019788,0.5750453723061775,304.8
-26.5,133.25,0.577086280056577,0.8508288535050367,0.5739208055300796,299.0
-26.5,133.5,0.5824611032531825,0.8420751300194529,0.5646182687299156,295.2
-26.5,133.75,0.5848656294200849,0.8354901114074358,0.5404251745640344,293.5
-26.5,134.0,0.5842998585572843,0.8244842114247555,0.526152295662031,293.9
-26.5,134.25,0.5807637906647808,0.8108774768479581,0.507061785842921,296.4
-26.5,134.5,0.5743988684582744,0.8045294657853346,0.5099464719172866,300.9
-26.5,134.75,0.5652050919377652,0.8071330112366005,0.5007732762524766,307.4
-26.5,135.0,0.5534653465346535,0.81650782443102,0.4775833374268526,315.7
-26.5,135.25,0.5391796322489392,0.8244044851689745,0.485343322029826,325.8
-26.5,135.5,0.5229137199434228,0.8345365902512789,0.47173157376610547,337.3
-26.5,135.75,0.5045261669024045,0.8449001633849279,0.45878820891461264,350.3
-26.5,136.0,0.48444130127298446,0.8616979732150958,0.45328517474242036,364.5
-26.5,136.25,0.47864214992927856,0.875559058383708,0.464822710244225,368.6
-26.5,136.5,0.47128712871287126,0.8860825590765784,0.47553359068904477,373.8
-26.5,136.75,0.4618104667609618,0.8923210520331623,0.4698261411125293,380.5
-26.5,137.0,0.45049504950495045,0.900355049672469,0.46586119465223247,388.5
-26.5,137.25,0.4371994342291372,0.9177720859356363,0.46039165217839106,397.9
-26.5,137.5,0.4222065063649222,0.9346636636588541,0.46686480127620195,408.5
-26.5,137.75,0.40565770862800565,0.9583640388583821,0.4762862674517898,420.2
-26.5,138.0,0.3875530410183875,0.977185134141844,0.4889870673080083,433.0
-26.5,138.25,0.36817538896746815,0.9957267578397635,0.4928492983719672,446.7
-26.5,138.5,0.36152758132956153,0.9874028153378969,0.4892320015427714,451.4
-26.5,138.75,0.35983026874115975,0.9785519899733621,0.484966258371059,452.6
-26.5,139.0,0.3561527581329562,0.9671168116506469,0.48085701394380603,455.2
-26.5,139.25,0.35091937765205095,0.9608861138103217,0.48574757553224934,458.9
-26.5,139.5,0.34384724186704385,0.9494719363070366,0.4941263345736662,463.9
-26.5,139.75,0.3698727015558698,0.944206080340844,0.491947456225085,445.5
-26.5,140.0,0.40466760961810466,0.9413744896950444,0.4869696357074446,420.9
-26.5,140.25,0.4394625176803394,0.929096005934046,0.488983376451934,396.3
-26.5,140.5,0.47425742574257423,0.92744486881808,0.4992153642917978,371.7
-26.5,140.75,0.509052333804809,0.9368464177825984,0.5017440681036633,347.1
-26.5,141.0,0.5438472418670439,0.9473045270956915,0.4943461097414776,322.5
-26.5,141.25,0.5786421499292786,0.9410881419199317,0.4979605538129217,297.9
-26.5,141.5,0.6132956152758133,0.9369182902458096,0.48097143048210855,273.4
-26.5,141.75,0.6480905233380481,0.9359880751080673,0.4646580561583962,248.8
-26.5,142.0,0.6828854314002829,0.9312366682441375,0.4571132371824603,224.2
-26.5,142.25,0.7175388967468175,0.9240914326734407,0.47058237979314516,199.7
-26.5,142.5,0.7523338048090523,0.9219891030809473,0.49618418830101707,175.1
-26.5,142.75,0.786987270155587,0.9335488997755472,0.49724141710035374,150.6
-26.5,143.0,0.8216407355021217,0.9449957225343717,0.4748747164693228,126.1
-26.5,143.25,0.8561527581329562,0.9422610331247927,0.44929990439780193,101.7
-26.5,143.5,0.8906647807637906,0.9257568729503527,0.4648921757013435,77.3
-26.5,143.75,0.9246110325318246,0.9122568317235392,0.5164324503663426,53.3
-26.5,144.0,0.9574257425742574,0.9244666691594076,0.5651293152993613,30.1
-26.5,144.25,0.9813295615275813,0.9467784052190295,0.5415926777618871,13.2
-26.5,144.5,0.9833097595473833,0.9584412027832213,0.5416858194966174,11.8
-26.5,144.75,0.9799151343705799,0.9756657361261897,0.533345177811601,14.2
-26.5,145.0,0.979066478076379,0.9942253934288546,0.4758325983828873,14.8
-26.5,145.25,0.9768033946251768,0.9736171550695149,0.3881055912727094,16.4
-26.5,145.5,0.9765205091937765,0.9550826532794975,0.35715357259830566,16.6
-26.5,145.75,0.9777934936350778,0.9498239568408411,0.34531050190610796,15.7
-26.5,146.0,0.9930693069306931,0.9334652030692017,0.3388436063111653,4.9
-26.5,146.25,0.9958981612446959,0.9135253446185203,0.34680839313307227,2.9
-26.5,146.5,0.9871287128712871,0.8902901079170668,0.36616843214925693,9.1
-26.5,146.75,0.9847241867043848,0.8737801412716859,0.37112046502620366,10.8
-26.5,147.0,0.9874115983026874,0.8532911182847118,0.35987233132208324,8.9
-26.5,147.25,0.9876944837340877,0.8207113887591153,0.3373616228350538,8.7
-26.5,147.5,0.9912305516265912,0.798287494775039,0.3021326111306851,6.2
-26.5,147.75,0.9977369165487977,0.8024929638866602,0.2862648311208832,1.6
-26.5,148.0,0.9975954738330975,0.8086802500729984,0.2924032566424909,1.7
-26.5,148.25,0.9937765205091937,0.8148088706798949,0.31652145382943253,4.4
-26.5,148.5,0.9903818953323904,0.8201930109240766,0.3312902129446987,6.8
-26.5,148.75,0.9871287128712871,0.812445471571069,0.3326849536088886,9.1
-26.5,149.0,0.9939179632248939,0.802569062822424,0.34262038358077573,4.3
-26.5,149.25,0.9865629420084866,0.8037609013079491,0.3319208174633103,9.5
-26.5,149.5,0.9814710042432815,0.8008276773162561,0.3212322594449659,13.1
-26.5,149.75,0.9793493635077793,0.7955681126363201,0.3147575630887135,14.6
-26.5,150.0,0.9828854314002828,0.7875198321664244,0.3014247403936453,12.1
-26.5,150.25,0.9861386138613861,0.7722332511393349,0.26414063101602486,9.8
-26.5,150.5,0.9715700141442716,0.7755166277730366,0.26117466552164814,20.1
-26.5,150.75,0.9745403111739745,0.7920205165873593,0.2758398066731522,18.0
-26.5,151.0,0.98005657708628,0.8172877137135424,0.2852079246670552,14.1
-26.5,151.25,0.9746817538896747,0.8640509129911068,0.30352140452024007,17.9
-26.5,151.5,0.999009900990099,0.8956240424917109,0.2939569297597306,0.7
-26.5,151.75,0.9988684582743989,0.883716060736121,0.2479179647184524,0.8
-26.5,152.0,0.9834512022630835,0.850841164470866,0.2095536110721762,11.7
-26.5,152.25,0.955021216407355,0.8450704268044715,0.17979272352141087,31.8
-26.5,152.5,0.9718528995756719,0.8491498985644379,0.14858360206929183,19.9
-26.5,152.75,0.9943422913719944,0.862493191785344,0.13403676171946974,4.0
-26.5,153.0,0.9899575671852899,0.8889268518240059,0.20464122669279589,7.1
-26.75,113.75,0.6640735502121641,0.9532878316969947,0.9412268401078051,237.5
-26.75,114.0,0.6749646393210749,0.9717938399321929,0.7410397868772698,229.8
-26.75,114.25,0.6824611032531824,0.9677615797760508,0.644018575598327,224.5
-26.75,114.5,0.6862800565770862,0.956480602356967,0.5966771735292665,221.8
-26.75,114.75,0.6864214992927864,0.9387554064577379,0.6318703565303465,221.7
-26.75,115.0,0.6830268741159831,0.9362078425421022,0.6911020367913494,224.1
-26.75,115.25,0.6792079207920791,0.9428973506806109,0.7392855665018108,226.8
-26.75,115.5,0.6727015558698727,0.9487708375604516,0.750637785570681,231.4
-26.75,115.75,0.6628005657708628,0.9481251344767669,0.7521361764331838,238.4
-26.75,116.0,0.6578500707213578,0.9426924811435844,0.7250082231145125,241.9
-26.75,116.25,0.6694483734087695,0.9297846269842225,0.712535176477445,233.7
-26.75,116.5,0.6776520509193776,0.9013866303936671,0.7090314419709537,227.9
-26.75,116.75,0.6823196605374824,0.8838182037926768,0.7315509182558189,224.6
-26.75,117.0,0.6833097595473834,0.8756155464395209,0.7502793534823151,223.9
-26.75,117.25,0.6806223479490806,0.868314855977893,0.7470725153065845,225.8
-26.75,117.5,0.6742574257425742,0.8681246953913238,0.7397823976343243,230.3
-26.75,117.75,0.6644978783592645,0.8700342133541632,0.7113278797265469,237.2
-26.75,118.0,0.6536067892503536,0.8774777420419064,0.6870672541765993,244.9
-26.75,118.25,0.6871287128712871,0.880474582072172,0.6808354773956807,221.2
-26.75,118.5,0.7206506364922207,0.887257542371204,0.6959563828618938,197.5
-26.75,118.75,0.7536067892503536,0.8942749118580743,0.6989626254275788,174.2
-26.75,119.0,0.7862800565770863,0.8984136020218855,0.6925609080944893,151.1
-26.75,119.25,0.8179632248939179,0.8972134215600505,0.6656033627289765,128.7
-26.75,119.5,0.8485148514851485,0.8925121934034225,0.6323648506579221,107.1
-26.75,119.75,0.8768033946251768,0.8893120566393005,0.6489434186316174,87.1
-26.75,120.0,0.9008486562942009,0.8919798803009803,0.6562145501534169,70.1
-26.75,120.25,0.9173974540311174,0.8953953843574635,0.6578885870835941,58.4
-26.75,120.5,0.9265912305516266,0.8981779280763162,0.668992632345339,51.9
-26.75,120.75,0.9222065063649222,0.8981393519674623,0.674010697699737,55.0
-26.75,121.0,0.9045261669024045,0.9043910980100968,0.6831256616484057,67.5
-26.75,121.25,0.8796322489391797,0.9037739708858102,0.6957681330848302,85.1
-26.75,121.5,0.8510608203677511,0.8997623280057487,0.727920566433522,105.3
-26.75,121.75,0.8202263083451202,0.8856994519763015,0.7215465546969027,127.1
-26.75,122.0,0.7882602545968883,0.8791115398167966,0.7117276042745735,149.7
-26.75,122.25,0.7555869872701556,0.87961737631152,0.6874238166610149,172.8
-26.75,122.5,0.7223479490806224,0.8892538841475066,0.6825693255349917,196.3
-26.75,122.75,0.6888260254596889,0.8948652677653886,0.6790417696954096,220.0
-26.75,123.0,0.6551626591230552,0.9021317471698946,0.6786168538458806,243.8
-26.75,123.25,0.6212164073550213,0.9130074756797442,0.6856001469457129,267.8
-26.75,123.5,0.5871287128712872,0.9157619768738763,0.7168461286067483,291.9
-26.75,123.75,0.553041018387553,0.9035837141037913,0.7080596992005164,316.0
-26.75,124.0,0.5189533239038189,0.8969425886209229,0.7086562317988615,340.1
-26.75,124.25,0.48472418670438466,0.9105846477172893,0.701810048361142,364.3
-26.75,124.5,0.4503536067892503,0.9366825496083389,0.7349345629430551,388.6
-26.75,124.75,0.416973125884017,0.9339991292328212,0.7569837210134951,412.2
-26.75,125.0,0.38387553041018385,0.9236422791518929,0.7486308624337,435.6
-26.75,125.25,0.3507779349363508,0.9127495062674335,0.7340059016498516,459.0
-26.75,125.5,0.3173974540311174,0.9028324553872683,0.7138955389931353,482.6
-26.75,125.75,0.28401697312588403,0.8985093977215601,0.695271753236029,506.2
-26.75,126.0,0.2504950495049505,0.8994312630102079,0.6299505795016346,529.9
-26.75,126.25,0.21697312588401696,0.9175617469082966,0.5708893877801674,553.6
-26.75,126.5,0.18316831683168322,0.9167648840711933,0.6015589834371495,577.5
-26.75,126.75,0.14950495049504953,0.8935113876377414,0.5634900594495696,601.3
-26.75,127.0,0.11570014144271568,0.8621204031357773,0.5006314281113863,625.2
-26.75,127.25,0.08175388967468167,0.850862985302284,0.46288510750888356,649.2
-26.75,127.5,0.04780763790664777,0.8724876167862643,0.4498779021293986,673.2
-26.75,127.75,0.03140028288543151,0.9271665229694873,0.46590745123272675,684.8
-26.75,128.0,0.062234794908062274,0.9246382610131648,0.5054734767007747,663.0
-26.75,128.25,0.09278642149929284,0.8952172948009083,0.49607928095522036,641.4
-26.75,128.5,0.12305516265912309,0.8778358294938173,0.44355533673596304,620.0
-26.75,128.75,0.15289957567185297,0.900047489505394,0.4442552777734896,598.9
-26.75,129.0,0.18246110325318243,0.9505819753928537,0.48861567693019387,578.0
-26.75,129.25,0.21145685997171149,0.9556975221327384,0.5060937661631089,557.5
-26.75,129.5,0.2398868458274399,0.94933325069405,0.5128125103039757,537.4
-26.75,129.75,0.2677510608203677,0.9454200290227297,0.5061730309236909,517.7
-26.75,130.0,0.2950495049504951,0.9319184999388131,0.4906239861528621,498.4
-26.75,130.25,0.32149929278642153,0.9103472705986564,0.4707481620882542,479.7
-26.75,130.5,0.3472418670438473,0.9008278905312069,0.44176733455119543,461.5
-26.75,130.75,0.37199434229137196,0.9062620734082094,0.4422355252852636,444.0
-26.75,131.0,0.39575671852899574,0.9383331846396853,0.44680343513680343,427.2
-26.75,131.25,0.4182461103253182,0.9626260918912937,0.46710324024896527,411.3
-26.75,131.5,0.43960396039603966,0.9806657132867315,0.48113797028916294,396.2
-26.75,131.75,0.45940594059405937,0.9868887053599569,0.5325620393982865,382.2
-26.75,132.0,0.4775106082036775,0.9948447393027889,0.5641484179164779,369.4
-26.75,132.25,0.4939179632248939,0.9799232032818561,0.6113408641259817,357.8
-26.75,132.5,0.5083451202263083,0.9355477308505856,0.6211615390967823,347.6
-26.75,132.75,0.5206506364922208,0.8912382607839675,0.6001527189210246,338.9
-26.75,133.0,0.5306930693069307,0.8515609155247693,0.5759422986840524,331.8
-26.75,133.25,0.538048090523338,0.8318327008485545,0.5744393305153265,326.6
-26.75,133.5,0.542998585572843,0.8155552377447848,0.5490680957498064,323.1
-26.75,133.75,0.5452616690240453,0.8063112287019448,0.48736998882921306,321.5
-26.75,134.0,0.5446958981612448,0.8025361992591291,0.47149846961151054,321.9
-26.75,134.25,0.5414427157001415,0.8002237708941313,0.5060535696781777,324.2
-26.75,134.5,0.5356435643564357,0.7962550718787427,0.5143256162389492,328.3
-26.75,134.75,0.5271570014144271,0.7878198894914147,0.5037072328378424,334.3
-26.75,135.0,0.5207920792079208,0.792624511140976,0.4684453257743139,338.8
-26.75,135.25,0.5250353606789251,0.8017875990893982,0.481390673050685,335.8
-26.75,135.5,0.5268741159830268,0.8137308387688333,0.46993101622377514,334.5
-26.75,135.75,0.5261669024045261,0.8273161422606585,0.448286127773034,335.0
-26.75,136.0,0.5230551626591231,0.8423705442949581,0.4419325205071135,337.2
-26.75,136.25,0.5175388967468175,0.8639454830950722,0.45236827906028326,341.1
-26.75,136.5,0.5096181046676096,0.8687902011745152,0.46442535493568715,346.7
-26.75,136.75,0.4995756718528995,0.868140374298453,0.4636539821334392,353.8
-26.75,137.0,0.48741159830268743,0.882141238436483,0.4557803707386596,362.4
-26.75,137.25,0.47326732673267335,0.8979748362096768,0.459873272248623,372.4
-26.75,137.5,0.45728429985855734,0.9219725736931842,0.46175867112883534,383.7
-26.75,137.75,0.43960396039603966,0.9435466718567871,0.47363516905028225,396.2
-26.75,138.0,0.4205091937765205,0.9652941900726795,0.4848480059212033,409.7
-26.75,138.25,0.40183875530410185,0.9842379141851837,0.4917710526454652,422.9
-26.75,138.5,0.40113154172560117,0.9965944673191195,0.49096686507043463,423.4
-26.75,138.75,0.39929278642149935,0.98673915129698,0.481734051603796,424.7
-26.75,139.0,0.39547383309759554,0.9756052941052619,0.4799791704200443,427.4
-26.75,139.25,0.3898161244695898,0.9636379385735919,0.4827838986909842,431.4
-26.75,139.5,0.38231966053748234,0.9615911209600277,0.48846330420824535,436.7
-26.75,139.75,0.3731258840169731,0.9692475514580846,0.48867980756914375,443.2
-26.75,140.0,0.40537482319660545,0.9666249420371871,0.4786008532595211,420.4
-26.75,140.25,0.44002828854314,0.9711486933941552,0.46509612370467907,395.9
-26.75,140.5,0.47482319660537475,0.9651533565981743,0.4630936650529932,371.3
-26.75,140.75,0.5094766619519094,0.9600654588584941,0.46639772263413876,346.8
-26.75,141.0,0.5442715700141443,0.9469452979187671,0.4815211746298702,322.2
-26.75,141.25,0.578925035360679,0.9326826676604605,0.5059901643166222,297.7
-26.75,141.5,0.6137199434229137,0.9476359801721909,0.4983267060762202,273.1
-26.75,141.75,0.6483734087694484,0.9449405136786798,0.47121169492972204,248.6
-26.75,142.0,0.6830268741159831,0.9496036345834737,0.453810194989667,224.1
-26.75,142.25,0.7178217821782178,0.9405191325097587,0.4643456872432193,199.5
-26.75,142.5,0.7524752475247525,0.9323703429672472,0.48919765562882256,175.0
-26.75,142.75,0.786987270155587,0.9509614456809672,0.4877391227884668,150.6
-26.75,143.0,0.8216407355021217,0.9625056350283064,0.46641242158933405,126.1
-26.75,143.25,0.8561527581329562,0.9479875832322754,0.4738128620119367,101.7
-26.75,143.5,0.8903818953323904,0.9236063944661509,0.4919865083834604,77.5
-26.75,143.75,0.9241867043847242,0.9232998253236981,0.5473067515386059,53.6
-26.75,144.0,0.9565770862800566,0.9463609444802396,0.5654111097430409,30.7
-26.75,144.25,0.9789250353606789,0.9622824330890217,0.5330830142093993,14.9
-26.75,144.5,0.9793493635077793,0.9675979739346076,0.5477206109371876,14.6
-26.75,144.75,0.9818953323903818,0.9840471775478218,0.5311086479687941,12.8
-26.75,145.0,0.9828854314002828,0.9854895723269346,0.4683880288601478,12.1
-26.75,145.25,0.984016973125884,0.9553659958333108,0.3767069705678662,11.3
-26.75,145.5,0.9841584158415841,0.941511360175835,0.3489855308159066,11.2
-26.75,145.75,0.9855728429985856,0.9407506814202894,0.34315692767995737,10.2
-26.75,146.0,0.9852899575671853,0.930753871750171,0.33570897352937684,10.4
-26.75,146.25,0.9844413012729845,0.901908703300473,0.3466673830903045,11.0
-26.75,146.5,0.9527581329561527,0.8791292550351968,0.3591135461119489,33.4
-26.75,146.75,0.9451202263083451,0.8488003015646546,0.36894379474435696,38.8
-26.75,147.0,0.947949080622348,0.8265524912411517,0.3591516634683491,36.8
-26.75,147.25,0.9486562942008486,0.8033801820344931,0.3353252856704066,36.3
-26.75,147.5,0.9528995756718529,0.7964418135013297,0.33111301961858264,33.3
-26.75,147.75,0.9582743988684583,0.7970506325006584,0.31338288843243833,29.5
-26.75,148.0,0.9594059405940594,0.8044922395462474,0.3164455092275898,28.7
-26.75,148.25,0.9715700141442716,0.812512975295004,0.3290239789632679,20.1
-26.75,148.5,0.9727015558698727,0.8175818943705786,0.3449960538624001,19.3
-26.75,148.75,0.9787835926449788,0.8085774462229023,0.34881452652355704,15.0
-26.75,149.0,0.9895332390381896,0.7944414853423241,0.3399915753711927,7.4
-26.75,149.25,0.9742574257425742,0.7809522203109014,0.31953785027864073,18.2
-26.75,149.5,0.9789250353606789,0.7773583449808323,0.30320739164296895,14.9
-26.75,149.75,0.981046676096181,0.7798632982924428,0.3187647045760952,13.4
-26.75,150.0,0.9821782178217822,0.7812856202242633,0.3146011771651821,12.6
-26.75,150.25,0.995049504950495,0.782511070629159,0.292773373755546,3.5
-26.75,150.5,0.9912305516265912,0.7855486369758288,0.3037315737918931,6.2
-26.75,150.75,0.9919377652050919,0.7937454060541544,0.3170790793248812,5.7
-26.75,151.0,0.9803394625176803,0.7926784238896162,0.3482836234707771,13.9
-26.75,151.25,0.9929278642149929,0.8196051095063842,0.35947012471363987,5.0
-26.75,151.5,0.9985855728429985,0.8520260724687085,0.3198791013513945,1.0
-26.75,151.75,0.9974540311173975,0.8596100436406271,0.25175903379976716,1.8
-26.75,152.0,0.9937765205091937,0.8238918760375269,0.19429972196636136,4.4
-26.75,152.25,0.9823196605374823,0.7875110602179969,0.15100713098858845,12.5
-26.75,152.5,0.9715700141442716,0.7918819631817199,0.11924753366440302,20.1
-26.75,152.75,0.9889674681753889,0.8395159982583182,0.11027772189828845,7.8
-26.75,153.0,0.9958981612446959,0.876825286437162,0.1901046852819758,2.9
-27.0,114.0,0.713012729844413,0.9653830816674902,0.7271051934693405,202.9
-27.0,114.25,0.7214992927864214,0.9622085153140223,0.6583715734765102,196.9
-27.0,114.5,0.7258840169731259,0.9541256516623768,0.6109012976730834,193.8
-27.0,114.75,0.7261669024045262,0.9524590197884593,0.5644250225974677,193.6
-27.0,115.0,0.7222065063649221,0.9437923828803303,0.6105628671235305,196.4
-27.0,115.25,0.7185289957567185,0.9475096377218915,0.6694432230146338,199.0
-27.0,115.5,0.711032531824611,0.9492794061179388,0.7233572177709298,204.3
-27.0,115.75,0.7,0.9477427103393856,0.732886331229138,212.1
-27.0,116.0,0.6943422913719943,0.9477106234029176,0.7217298081185817,216.1
-27.0,116.25,0.7072135785007072,0.9290799393621443,0.7028417635134675,207.0
-27.0,116.5,0.7165487977369165,0.9143540552309386,0.7186252501727521,200.4
-27.0,116.75,0.7219236209335219,0.8923282516424871,0.7339945550879464,196.6
-27.0,117.0,0.7230551626591231,0.8878503217647984,0.7379847250842966,195.8
-27.0,117.25,0.7199434229137199,0.8801099324630887,0.727741406799803,198.0
-27.0,117.5,0.7127298444130128,0.8765651954541103,0.7136833228275021,203.1
-27.0,117.75,0.7016973125884016,0.879385027909479,0.7039975655693556,210.9
-27.0,118.0,0.6872701555869873,0.8830643849534572,0.6758955485925845,221.1
-27.0,118.25,0.695049504950495,0.888408754801172,0.6874340833654661,215.6
-27.0,118.5,0.7294200848656294,0.8937162025802422,0.6915696956553282,191.3
-27.0,118.75,0.7636492220650637,0.9002557608419529,0.6862812630055332,167.1
-27.0,119.0,0.7977369165487977,0.9090338360892245,0.6873470984299513,143.0
-27.0,119.25,0.8315417256011315,0.9073773458801329,0.658117935913013,119.1
-27.0,119.5,0.8649222065063649,0.9052600652332392,0.6479538018027243,95.5
-27.0,119.75,0.8975954738330976,0.9009411951911973,0.6570680082394478,72.4
-27.0,120.0,0.9284299858557284,0.8959041068105958,0.6730759440764195,50.6
-27.0,120.25,0.9533239038189534,0.8928315822349776,0.6769742778373495,33.0
-27.0,120.5,0.9657708628005658,0.8924096740516713,0.6797656287696796,24.2
-27.0,120.75,0.9571428571428572,0.8972862785276343,0.6724177467822657,30.3
-27.0,121.0,0.930975954738331,0.9005109595333659,0.6761338747444198,48.8
-27.0,121.25,0.8997171145685997,0.9202231589341678,0.7094174507175863,70.9
-27.0,121.5,0.8667609618104668,0.9257855775267203,0.748913382154774,94.2
-27.0,121.75,0.8330975954738331,0.9076284920101882,0.7349324515799733,118.0
-27.0,122.0,0.7991513437057991,0.8859171460663605,0.6751300424785944,142.0
-27.0,122.25,0.765063649222065,0.8847785879294076,0.6376267542723537,166.1
-27.0,122.5,0.7308345120226308,0.8842490784995851,0.5845835597904548,190.3
-27.0,122.75,0.6964639321074965,0.89062718868868,0.5740003604016194,214.6
-27.0,123.0,0.6620933521923621,0.8989031634191523,0.5794284975948721,238.9
-27.0,123.25,0.6275813295615276,0.911389373480211,0.5932064955546894,263.3
-27.0,123.5,0.5936350777934936,0.9148827351500686,0.6249171543837485,287.3
-27.0,123.75,0.5611032531824611,0.9093549242835779,0.6753260607824167,310.3
-27.0,124.0,0.5282885431400283,0.9021697532143529,0.6728471109998144,333.5
-27.0,124.25,0.4951909476661952,0.9126470632557945,0.6715840807104672,356.9
-27.0,124.5,0.4618104667609618,0.9374697356198738,0.6914731209409306,380.5
-27.0,124.75,0.42842998585572845,0.9348010756978156,0.720629787952969,404.1
-27.0,125.0,0.3949080622347949,0.9157878878402306,0.7258046905146104,427.8
-27.0,125.25,0.3612446958981612,0.9067550897331942,0.7024032124489216,451.6
-27.0,125.5,0.3274398868458275,0.9079834137992089,0.683420124270576,475.5
-27.0,125.75,0.2936350777934936,0.9042591257823483,0.6603888277870441,499.4
-27.0,126.0,0.2598302687411599,0.9054025981244614,0.6309097185626829,523.3
-27.0,126.25,0.225884016973126,0.9158347392453225,0.5877984727211777,547.3
-27.0,126.5,0.19193776520509198,0.9140790467275041,0.5919950405467295,571.3
-27.0,126.75,0.15785007072135793,0.8987628670977597,0.557469676853237,595.4
-27.0,127.0,0.12376237623762376,0.8670321463492204,0.49015787454732496,619.5
-27.0,127.25,0.0896746817538896,0.8507881591597051,0.4633976207503938,643.6
-27.0,127.5,0.05558698727015554,0.8702138827208121,0.44153737326531006,667.7
-27.0,127.75,0.02135785007072144,0.9280377482581096,0.4651598997635696,691.9
-27.0,128.0,0.04314002828854313,0.9355199701350071,0.5159817468761199,676.5
-27.0,128.25,0.07298444130127302,0.9036580560460664,0.49872597934053464,655.4
-27.0,128.5,0.10254596888260259,0.875028500269226,0.4495101059040058,634.5
-27.0,128.75,0.1316831683168317,0.8870431842710301,0.4344149397266602,613.9
-27.0,129.0,0.16025459688826016,0.9449894859976574,0.4782043360493059,593.7
-27.0,129.25,0.1884016973125885,0.9685754978679995,0.515500033747963,573.8
-27.0,129.5,0.21598302687411608,0.9611970786385604,0.5172921458379661,554.3
-27.0,129.75,0.24299858557284293,0.9459425621525179,0.53290904433837,535.2
-27.0,130.0,0.26916548797736906,0.9301392293931904,0.5153640039433041,516.7
-27.0,130.25,0.2947666195190948,0.9199535581138911,0.5065221311095808,498.6
-27.0,130.5,0.3193776520509194,0.9109296490181713,0.4630755331181305,481.2
-27.0,130.75,0.342998585572843,0.9042010144346062,0.4480385180705489,464.5
-27.0,131.0,0.36562942008486565,0.918739623835325,0.45266119442401187,448.5
-27.0,131.25,0.386987270155587,0.9444849429117966,0.46402535639397824,433.4
-27.0,131.5,0.4070721357850071,0.9572674442879618,0.4684329154722301,419.2
-27.0,131.75,0.4257425742574258,0.9637414625167356,0.5002192449094496,406.0
-27.0,132.0,0.44285714285714284,0.9737329756568538,0.5239965778382479,393.9
-27.0,132.25,0.45813295615275806,0.9593738339709353,0.5918171702950451,383.1
-27.0,132.5,0.4715700141442716,0.9245715182460298,0.5938439821499111,373.6
-27.0,132.75,0.48288543140028284,0.8902126050397707,0.5581311459543038,365.6
-27.0,133.0,0.49207920792079207,0.8501592973795855,0.5272313633695802,359.1
-27.0,133.25,0.499009900990099,0.8243346332188093,0.5666052064453589,354.2
-27.0,133.5,0.5035360678925036,0.8115076266165507,0.5542643698186727,351.0
-27.0,133.75,0.5055162659123055,0.7986594867982367,0.5211530552853395,349.6
-27.0,134.0,0.5168316831683168,0.7828937890643566,0.5191136074865338,341.6
-27.0,134.25,0.5309759547383309,0.7859979548135426,0.5387801809641882,331.6
-27.0,134.5,0.542998585572843,0.7747976982129063,0.5254522579208519,323.1
-27.0,134.75,0.5526166902404526,0.7723923590617544,0.5107509818378259,316.3
-27.0,135.0,0.5598302687411598,0.7733115795350156,0.49003203086074004,311.2
-27.0,135.25,0.5644978783592645,0.7841890072605096,0.49839251291181524,307.9
-27.0,135.5,0.5664780763790664,0.7982474614484715,0.47798702682463584,306.5
-27.0,135.75,0.5657708628005658,0.8112503179000523,0.45635435526867335,307.0
-27.0,136.0,0.5623762376237624,0.8341676392307193,0.4427384809824418,309.4
-27.0,136.25,0.5564356435643565,0.84042805085673,0.44922681255371094,313.6
-27.0,136.5,0.5478076379066479,0.8423540021823452,0.45328109707173564,319.7
-27.0,136.75,0.536916548797737,0.8463610499178583,0.4515765984909891,327.4
-27.0,137.0,0.5237623762376238,0.8566717827202478,0.45671230383877615,336.7
-27.0,137.25,0.5086280056577086,0.8815170613848425,0.4536035392840585,347.4
-27.0,137.5,0.4916548797736917,0.9056323333372621,0.4605844953789531,359.4
-27.0,137.75,0.4728429985855729,0.9329958934905099,0.4658053805274063,372.7
-27.0,138.0,0.45374823196605374,0.9523251533697127,0.4822657282857967,386.2
-27.0,138.25,0.4407355021216408,0.9691538420024018,0.49013334405411507,395.4
-27.0,138.5,0.4407355021216408,0.9875085386979711,0.48687501118337445,395.4
-27.0,138.75,0.4388967468175389,0.995645455769741,0.49650316529912175,396.7
-27.0,139.0,0.43479490806223475,0.9764183415065542,0.49241434145984303,399.6
-27.0,139.25,0.42871287128712876,0.978474883603531,0.4963209595003459,403.9
-27.0,139.5,0.42079207920792083,0.9864392000284117,0.4916013860869766,409.5
-27.0,139.75,0.4108910891089109,0.9972489608034152,0.4868704016426005,416.5
-27.0,140.0,0.4032531824611033,0.9977305999523284,0.48536738512204824,421.9
-27.0,140.25,0.4377652050919377,0.9954688537265558,0.4665729496526519,397.5
-27.0,140.5,0.47227722772277225,0.9833627824620405,0.4636182017819769,373.1
-27.0,140.75,0.5067892503536068,0.9693189459205371,0.46486680710981104,348.7
-27.0,141.0,0.5411598302687413,0.9446450448889657,0.4886029120480505,324.4
-27.0,141.25,0.5756718528995757,0.9397384669754544,0.5029488022077675,300.0
-27.0,141.5,0.6099009900990099,0.9509945823490193,0.48751855787415915,275.8
-27.0,141.75,0.6442715700141443,0.9727975638886388,0.4691292301227842,251.5
-27.0,142.0,0.6783592644978784,0.9708556023821354,0.44758731494478776,227.4
-27.0,142.25,0.7124469589816125,0.9603450404014315,0.4717831651647681,203.3
-27.0,142.5,0.7462517680339462,0.9557689946663229,0.48907914530255986,179.4
-27.0,142.75,0.7797736916548798,0.9746152389079215,0.47716825311533795,155.7
-27.0,143.0,0.813012729844413,0.9800202287291453,0.46840541940034053,132.2
-27.0,143.25,0.8454031117397454,0.964423038495625,0.47181419091997767,109.3
-27.0,143.5,0.8766619519094767,0.9513088573020998,0.5206325156406634,87.2
-27.0,143.75,0.9053748231966053,0.9526062437391329,0.5670653707762613,66.9
-27.0,144.0,0.9285714285714286,0.9793813219798028,0.5535598192403721,50.5
-27.0,144.25,0.9394625176803395,0.978797037782633,0.5353294884111487,42.8
-27.0,144.5,0.9398868458274399,0.9791909901383146,0.5435313603546826,42.5
-27.0,144.75,0.9427157001414427,0.9934606319988323,0.5143016337331041,40.5
-27.0,145.0,0.9435643564356435,0.9782951051039961,0.4441344143250137,39.9
-27.0,145.25,0.9446958981612447,0.945180962621878,0.37286156593945985,39.1
-27.0,145.5,0.9445544554455445,0.938895629631464,0.3482836395880526,39.2
-27.0,145.75,0.9611032531824611,0.9405563916708,0.33750298745788115,27.5
-27.0,146.0,0.9956152758132956,0.9179601191445161,0.3342906532912277,3.1
-27.0,146.25,0.9700141442715701,0.8981249920767201,0.3373106438928576,21.2
-27.0,146.5,0.9364922206506365,0.8621494660419713,0.34865667392796124,44.9
-27.0,146.75,0.9060820367751061,0.833165849974023,0.3509259701917244,66.4
-27.0,147.0,0.9082036775106082,0.8117069798418994,0.3433677738771786,64.9
-27.0,147.25,0.9093352192362093,0.8018802214694946,0.33692631134287004,64.1
-27.0,147.5,0.9138613861386139,0.7928611442243431,0.33154871792537677,60.9
-27.0,147.75,0.9186704384724187,0.7866720458219202,0.3313183053557793,57.5
-27.0,148.0,0.9231966053748232,0.7912111352581958,0.32781926097643915,54.3
-27.0,148.25,0.9342291371994342,0.7910719954962419,0.3280556047033962,46.5
-27.0,148.5,0.9339462517680339,0.7953245369319834,0.33690962996279633,46.7
-27.0,148.75,0.9625176803394625,0.7992400074801118,0.3405581459545069,26.5
-27.0,149.0,0.9898161244695898,0.7985212874311003,0.34089164461777716,7.2
-27.0,149.25,0.9763790664780764,0.7880058915385554,0.31512244208725276,16.7
-27.0,149.5,0.942008486562942,0.7935632823472839,0.3139279746875997,41.0
-27.0,149.75,0.9414427157001415,0.798860998842988,0.31857448849142883,41.4
-27.0,150.0,0.9684582743988684,0.803309659065863,0.3177392590439133,22.3
-27.0,150.25,0.9885431400282886,0.8064339252023796,0.32261267185129544,8.1
-27.0,150.5,0.9823196605374823,0.8108280130713951,0.3141794203016379,12.5
-27.0,150.75,0.9951909476661952,0.7954606795739457,0.3174441033788994,3.4
-27.0,151.0,0.9906647807637907,0.7978870089729222,0.34099724500641754,6.6
-27.0,151.25,0.9741159830268741,0.7963139041427076,0.3933671403070813,18.3
-27.0,151.5,0.9654879773691655,0.8155343722852699,0.3734578406613981,24.4
-27.0,151.75,0.9666195190947666,0.8229427122887003,0.29992780008593145,23.6
-27.0,152.0,0.9992927864214993,0.8178519634637542,0.19509246627583413,0.5
-27.0,152.25,0.9862800565770863,0.7839914014980709,0.14337163783279108,9.7
-27.0,152.5,0.9932107496463932,0.7741226298144963,0.1086943768769756,4.8
-27.0,152.75,0.9888260254596888,0.8134088113120986,0.10203104392904928,7.9
-27.0,153.0,0.9886845827439887,0.8542734414957862,0.201077390866213,8.0
-27.25,114.0,0.7504950495049505,0.947854363599084,0.7794518476588291,176.4
-27.25,114.25,0.7602545968882602,0.950212459109485,0.6929785067009715,169.5
-27.25,114.5,0.7654879773691654,0.9569720710840213,0.6407102469391915,165.8
-27.25,114.75,0.7657708628005657,0.9543081922500445,0.5918955163709274,165.6
-27.25,115.0,0.7613861386138614,0.9566588829651559,0.5476117226243588,168.7
-27.25,115.25,0.7575671852899576,0.9506531981316164,0.588249756433316,171.4
-27.25,115.5,0.7490806223479491,0.9483004143001671,0.6984279670496228,177.4
-27.25,115.75,0.7363507779349363,0.9493761388386411,0.7277026931042118,186.4
-27.25,116.0,0.7297029702970297,0.9471525494599395,0.7127454263354752,191.1
-27.25,116.25,0.7444130127298445,0.9392193543477402,0.7196868951055576,180.7
-27.25,116.5,0.7551626591230551,0.9189551143918404,0.7268633537514607,173.1
-27.25,116.75,0.7613861386138614,0.9131563848496264,0.7284343851743423,168.7
-27.25,117.0,0.7626591230551627,0.905474955935999,0.7211626250788009,167.8
-27.25,117.25,0.7591230551626591,0.8928219394790696,0.7070045978815369,170.3
-27.25,117.5,0.7507779349363508,0.8869719049680187,0.6941803074609469,176.2
-27.25,117.75,0.7380480905233381,0.883241869079201,0.6767856090111248,185.2
-27.25,118.0,0.7217821782178218,0.8898257191852954,0.6857064242599215,196.7
-27.25,118.25,0.7024045261669024,0.8945724946578141,0.6980208930239986,210.4
-27.25,118.5,0.7326732673267327,0.8995408765331036,0.70830000777723,189.0
-27.25,118.75,0.7671852899575672,0.9010791912286467,0.6955007797199391,164.6
-27.25,119.0,0.8018387553041019,0.9051645933094785,0.6891626128038839,140.1
-27.25,119.25,0.8363507779349364,0.9115894329701062,0.6863382536914661,115.7
-27.25,119.5,0.871004243281471,0.9088132785215491,0.670989514419725,91.2
-27.25,119.75,0.9055162659123055,0.9064455865176179,0.6716961924783827,66.8
-27.25,120.0,0.9401697312588402,0.9008866305748338,0.676688583013015,42.3
-27.25,120.25,0.9748231966053749,0.8968514655875602,0.6804998673693287,17.8
-27.25,120.5,0.996039603960396,0.8907934220664127,0.685105233768976,2.8
-27.25,120.75,0.9758132956152759,0.8931510366150109,0.6733252783273759,17.1
-27.25,121.0,0.9411598302687412,0.9054449193886779,0.6706571278484597,41.6
-27.25,121.25,0.9066478076379066,0.9268064034013049,0.6941185299442102,66.0
-27.25,121.5,0.871994342291372,0.94953126403136,0.7296170708456534,90.5
-27.25,121.75,0.8374823196605374,0.938381329254814,0.7196520817906212,114.9
-27.25,122.0,0.8028288543140029,0.9124645354349691,0.6471644743556434,139.4
-27.25,122.25,0.7693069306930693,0.8886396352678632,0.58594986958078,163.1
-27.25,122.5,0.7373408769448373,0.8859265643064032,0.5242280219134731,185.7
-27.25,122.75,0.7049504950495049,0.8877338595767847,0.5103340923914627,208.6
-27.25,123.0,0.6722772277227723,0.8960857118641374,0.5025354585619997,231.7
-27.25,123.25,0.6391796322489391,0.9085958620197968,0.5172681310975702,255.1
-27.25,123.5,0.6059405940594059,0.909327809071051,0.5339282041331328,278.6
-27.25,123.75,0.5724186704384724,0.9037167061906739,0.5803714226768344,302.3
-27.25,124.0,0.538896746817539,0.9068291939163466,0.6024779098959913,326.0
-27.25,124.25,0.5050919377652051,0.9185778648281531,0.6075823477294374,349.9
-27.25,124.5,0.47128712871287126,0.9361456185906365,0.6148864068449474,373.8
-27.25,124.75,0.43734087694483736,0.9295136119229294,0.6466922381854415,397.8
-27.25,125.0,0.40339462517680336,0.9123988203501167,0.6573369894491576,421.8
-27.25,125.25,0.3693069306930693,0.9049750481035748,0.6595188011418677,445.9
-27.25,125.5,0.33521923620933525,0.9052794460331515,0.6317379208781093,470.0
-27.25,125.75,0.3011315417256011,0.9150493137870793,0.5999738493982636,494.1
-27.25,126.0,0.267043847241867,0.9153189665379531,0.5927962786603557,518.2
-27.25,126.25,0.23281471004243282,0.920740326417847,0.5756611489313903,542.4
-27.25,126.5,0.1985855728429986,0.9143289082728545,0.5577319371590912,566.6
-27.25,126.75,0.1643564356435644,0.8954029544343947,0.5164004092227807,590.8
-27.25,127.0,0.13012729844413018,0.8702534223472476,0.4733625453363243,615.0
-27.25,127.25,0.09589816124469586,0.856240892266787,0.44475088399307017,639.2
-27.25,127.5,0.061669024045261756,0.8825946694080521,0.4307191678833786,663.4
-27.25,127.75,0.027298444130127275,0.9338022796508705,0.4801675491353112,687.7
-27.25,128.0,0.022772277227722793,0.939266474313662,0.5225584011167647,690.9
-27.25,128.25,0.05205091937765194,0.9039376718095038,0.500021324767126,670.2
-27.25,128.5,0.08076379066478079,0.8727384499780255,0.4441498224403282,649.9
-27.25,128.75,0.10905233380480905,0.8809269520057664,0.41777546456910164,629.9
-27.25,129.0,0.13691654879773685,0.9338694924668567,0.45354777351105857,610.2
-27.25,129.25,0.16421499292786423,0.962473212245894,0.4930933139220306,590.9
-27.25,129.5,0.190947666195191,0.9606360743338732,0.5135623181916935,572.0
-27.25,129.75,0.21697312588401696,0.944511418843283,0.5210914389413572,553.6
-27.25,130.0,0.24229137199434225,0.9496038106071922,0.572885705749913,535.7
-27.25,130.25,0.2667609618104668,0.941491958631205,0.5642620124737332,518.4
-27.25,130.5,0.29038189533239045,0.9249444884723955,0.506115331077639,501.7
-27.25,130.75,0.313012729844413,0.8996790708818546,0.45887097112396374,485.7
-27.25,131.0,0.33451202263083446,0.9149564814810823,0.4546769014761042,470.5
-27.25,131.25,0.3548797736916548,0.929687007225341,0.46402574320858864,456.1
-27.25,131.5,0.3738330975954739,0.9408125641934604,0.4606443549399131,442.7
-27.25,131.75,0.3915134370579916,0.9299323045800592,0.4610451432281183,430.2
-27.25,132.0,0.4074964639321075,0.9335373615640754,0.4615395890038676,418.9
-27.25,132.25,0.4217821782178217,0.9246716201818652,0.5114774841452668,408.8
-27.25,132.5,0.4343705799151344,0.9200871219877642,0.5070110647771319,399.9
-27.25,132.75,0.4497878359264498,0.8864507260672806,0.46526087449416054,389.0
-27.25,133.0,0.4731258840169731,0.851632825519997,0.5048709484759683,372.5
-27.25,133.25,0.4951909476661952,0.8265952751021843,0.5455230365491035,356.9
-27.25,133.5,0.5158415841584159,0.8176106017310687,0.5443350321768993,342.3
-27.25,133.75,0.534936350777935,0.8063616788985443,0.579708631959182,328.8
-27.25,134.0,0.5521923620933522,0.7866846785692977,0.5745387418702004,316.6
-27.25,134.25,0.5674681753889674,0.7527958044374401,0.5407396870768438,305.8
-27.25,134.5,0.5804809052333805,0.7472824602125998,0.5201194705290638,296.6
-27.25,134.75,0.5909476661951909,0.7381960498006463,0.5115081069685906,289.2
-27.25,135.0,0.5988684582743988,0.7411714028139331,0.4982155452275553,283.6
-27.25,135.25,0.6039603960396039,0.7575538027769196,0.4977329940010759,280.0
-27.25,135.5,0.6062234794908062,0.7741660422118335,0.49616708787178215,278.4
-27.25,135.75,0.6053748231966054,0.7892505545828113,0.46492466812861744,279.0
-27.25,136.0,0.6016973125884016,0.7856938046411043,0.4543953649088316,281.6
-27.25,136.25,0.595049504950495,0.796636949897036,0.4482955886137135,286.3
-27.25,136.5,0.5857142857142857,0.7967878754332675,0.4409336845966724,292.9
-27.25,136.75,0.573974540311174,0.805814718554932,0.4428894515014275,301.2
-27.25,137.0,0.5596888260254597,0.8275275918095808,0.44457789727584224,311.3
-27.25,137.25,0.5434229137199433,0.8556121981776763,0.4581822638274143,322.8
-27.25,137.5,0.5251768033946251,0.8877520201795298,0.4572147276658651,335.7
-27.25,137.75,0.5057991513437059,0.9147636141014381,0.465248625364831,349.4
-27.25,138.0,0.4875530410183876,0.9387807391600991,0.4805933997868155,362.3
-27.25,138.25,0.48033946251768034,0.958123313547353,0.48227601110752333,367.4
-27.25,138.5,0.4804809052333805,0.975528847440484,0.4888772280759288,367.3
-27.25,138.75,0.47835926449787836,0.9992691018069567,0.4933782189998688,368.8
-27.25,139.0,0.47397454031117403,0.9951561790483019,0.5020137423562169,371.9
-27.25,139.25,0.4676096181046676,0.9902227730356733,0.5004233540855396,376.4
-27.25,139.5,0.458981612446959,0.972968610252958,0.4848675400590287,382.5
-27.25,139.75,0.4485148514851486,0.9702088046903724,0.4851404377666689,389.9
-27.25,140.0,0.43606789250353606,0.9752669447173499,0.48169611153742553,398.7
-27.25,140.25,0.43281471004243277,0.9876626345960368,0.4848681363982197,401.0
-27.25,140.5,0.46690240452616694,0.9953389293349528,0.47581366058425295,376.9
-27.25,140.75,0.500848656294201,0.9835696240682685,0.48662922273301334,352.9
-27.25,141.0,0.5347949080622348,0.9690352716545584,0.499656268478557,328.9
-27.25,141.25,0.5685997171145686,0.9737123555724996,0.4884657217995604,305.0
-27.25,141.5,0.6022630834512023,0.987564912510902,0.4606449673963796,281.2
-27.25,141.75,0.6357850070721358,0.9989740465995731,0.4354493948158093,257.5
-27.25,142.0,0.669024045261669,0.9978629358894319,0.4536496024572475,234.0
-27.25,142.25,0.7018387553041019,0.9896213509146803,0.47587596997107884,210.8
-27.25,142.5,0.7342291371994343,0.9975775815512485,0.4836534257006222,187.9
-27.25,142.75,0.766053748231966,0.9992750629486261,0.46083603769664394,165.4
-27.25,143.0,0.7968882602545969,0.9992583987221632,0.4524536845028054,143.6
-27.25,143.25,0.8261669024045262,0.9928606038161605,0.48396750304699504,122.9
-27.25,143.5,0.8531824611032532,0.9796588373612047,0.527765683284752,103.8
-27.25,143.75,0.8762376237623762,0.9901206064113828,0.5574707083588648,87.5
-27.25,144.0,0.8929278642149929,0.9927081602416412,0.5416971015894209,75.7
-27.25,144.25,0.8998585572842999,0.9996952123898721,0.5387258335114266,70.8
-27.25,144.5,0.9001414427157002,0.9922600128885775,0.5492715280003282,70.6
-27.25,144.75,0.9035360678925035,0.9990786195609992,0.5127215444014288,68.2
-27.25,145.0,0.903960396039604,0.9711179386723989,0.429357193640145,67.9
-27.25,145.25,0.9050919377652051,0.9461139415098213,0.3614125948661623,67.1
-27.25,145.5,0.9345120226308345,0.9383955350420989,0.35580286433060015,46.3
-27.25,145.75,0.9690240452616691,0.9335616731477916,0.3425888743073032,21.9
-27.25,146.0,0.9978783592644979,0.9222375305105667,0.33218317447281703,1.5
-27.25,146.25,0.9633663366336633,0.8903797797289418,0.33165994324314346,25.9
-27.25,146.5,0.9302687411598303,0.8620340706011528,0.3353058965880601,49.3
-27.25,146.75,0.8971711456859972,0.8352034695885154,0.3352993529742341,72.7
-27.25,147.0,0.8685997171145686,0.8153643140292158,0.32813530463041485,92.9
-27.25,147.25,0.8698727015558698,0.8093140655389556,0.3306055672015585,92.0
-27.25,147.5,0.8752475247524752,0.7977739425135151,0.3380402890690082,88.2
-27.25,147.75,0.879066478076379,0.7898025706233647,0.3308686656057352,85.5
-27.25,148.0,0.885007072135785,0.7822090428269775,0.3304270039070306,81.3
-27.25,148.25,0.9131541725601131,0.7788661551785452,0.32590881585020315,61.4
-27.25,148.5,0.9452616690240453,0.782909528898107,0.3338190134602168,38.7
-27.25,148.75,0.9752475247524752,0.7968395558604345,0.3351532337551539,17.5
-27.25,149.0,0.997029702970297,0.8016019117959604,0.33324667289229737,2.1
-27.25,149.25,0.9712871287128713,0.8040742020919469,0.3558886404704573,20.3
-27.25,149.5,0.9384724186704385,0.8113490240306264,0.3465367686901913,43.5
-27.25,149.75,0.9181046676096181,0.8170126385018128,0.3521145386685688,57.9
-27.25,150.0,0.941018387553041,0.823647360667962,0.34934953948157255,41.7
-27.25,150.25,0.9493635077793494,0.8250640511764045,0.3626011472257313,35.8
-27.25,150.5,0.9640735502121641,0.8168647395904195,0.3171908687472881,25.4
-27.25,150.75,0.9886845827439887,0.8093571722728312,0.31009888074193204,8.0
-27.25,151.0,0.9807637906647808,0.8049653036475796,0.3163753668449032,13.6
-27.25,151.25,0.9939179632248939,0.8033828444801518,0.36537583289526304,4.3
-27.25,151.5,0.9906647807637907,0.8157688646367638,0.40258539987400344,6.6
-27.25,151.75,0.9715700141442716,0.8140723592655805,0.3642510565945845,20.1
-27.25,152.0,0.9892503536067893,0.802395774068865,0.21959525388917023,7.6
-27.25,152.25,0.9776520509193777,0.8149848701647111,0.12758288888307734,15.8
-27.25,152.5,0.987977369165488,0.8045120948320833,0.09384193686765864,8.5
-27.25,152.75,0.9835926449787836,0.796587001408642,0.10963019424047164,11.6
-27.25,153.0,0.9957567185289957,0.8308564330102117,0.20700513136335374,3.0
-27.5,114.25,0.7988684582743989,0.9479384650372045,0.7231036930283605,142.2
-27.5,114.5,0.804950495049505,0.9609623606697961,0.6663595047059397,137.9
-27.5,114.75,0.8052333804809053,0.9710557557823879,0.6222109026657073,137.7
-27.5,115.0,0.800990099009901,0.9725266065124115,0.5759069373817514,140.7
-27.5,115.25,0.7964639321074964,0.963730497967058,0.5853959510586811,143.9
-27.5,115.5,0.7864214992927865,0.955824589238407,0.7034799592688084,151.0
-27.5,115.75,0.7715700141442716,0.9529064729414257,0.7317098507088688,161.5
-27.5,116.0,0.7639321074964639,0.956058592670012,0.7346946895327783,166.9
-27.5,116.25,0.7807637906647807,0.9417608344866407,0.7344430666287102,155.0
-27.5,116.5,0.7933521923620934,0.9341705149233435,0.7468142037332115,146.1
-27.5,116.75,0.8007072135785007,0.9238402692329055,0.738136614287982,140.9
-27.5,117.0,0.8022630834512022,0.9175540447407018,0.7282088077873748,139.8
-27.5,117.25,0.7980198019801981,0.9051125571391864,0.7164288523457748,142.8
-27.5,117.5,0.7881188118811882,0.8936897381233622,0.6988401018997332,149.8
-27.5,117.75,0.7734087694483734,0.8906563472505733,0.6820792475408849,160.2
-27.5,118.0,0.7548797736916548,0.8898926939434466,0.6831908721448098,173.3
-27.5,118.25,0.7330975954738331,0.9002213137390365,0.6966466696514356,188.7
-27.5,118.5,0.73012729844413,0.9044962263829078,0.7143373457473187,190.8
-27.5,118.75,0.7642149929278642,0.8997771836994588,0.6997888292008515,166.7
-27.5,119.0,0.7981612446958981,0.8928455338016015,0.6670782707211727,142.7
-27.5,119.25,0.831966053748232,0.8991891722917954,0.660584717152663,118.8
-27.5,119.5,0.8654879773691655,0.9092416186221572,0.6847815505264448,95.1
-27.5,119.75,0.8983026874115982,0.907634325729949,0.6822099908792015,71.9
-27.5,120.0,0.9311173974540311,0.9054198368383509,0.6707196306425908,48.7
-27.5,120.25,0.9646393210749646,0.8994084643216015,0.6788855288273572,25.0
-27.5,120.5,0.9981612446958982,0.8920097667179897,0.6819272616335469,1.3
-27.5,120.75,0.9683168316831683,0.8874848507053298,0.6773919409129335,22.4
-27.5,121.0,0.9352192362093352,0.8974415705677565,0.6704984210372658,45.8
-27.5,121.25,0.9099009900990099,0.9223306777038001,0.670342728156578,63.7
-27.5,121.5,0.88005657708628,0.9509055697872575,0.6954752338383771,84.8
-27.5,121.75,0.8483734087694483,0.9520504337590098,0.6979021087040537,107.2
-27.5,122.0,0.8158415841584159,0.9410611418702157,0.6717828389511133,130.2
-27.5,122.25,0.783026874115983,0.9159388515892041,0.6040420108904365,153.4
-27.5,122.5,0.7496463932107497,0.8984264021019363,0.5695079599854855,177.0
-27.5,122.75,0.7161244695898161,0.8951115227785059,0.5506895903620704,200.7
-27.5,123.0,0.6823196605374824,0.8944582578964002,0.4940066476862969,224.6
-27.5,123.25,0.6483734087694484,0.8998964818889388,0.4899813097949508,248.6
-27.5,123.5,0.6144271570014144,0.9001227126210491,0.49219638754415557,272.6
-27.5,123.75,0.5803394625176803,0.8987625555186698,0.47843360429234755,296.7
-27.5,124.0,0.5462517680339463,0.9072476226687641,0.49286264347602615,320.8
-27.5,124.25,0.512022630834512,0.9254520301407969,0.5352394250760262,345.0
-27.5,124.5,0.4779349363507779,0.9383116990274052,0.5436826048673508,369.1
-27.5,124.75,0.4435643564356436,0.927397931915657,0.5642798220630872,393.4
-27.5,125.0,0.4093352192362093,0.9106143063844254,0.6096647319499982,417.6
-27.5,125.25,0.3751060820367751,0.9030019506625164,0.6057830795691417,441.8
-27.5,125.5,0.3407355021216407,0.9036302295404982,0.5708013068699231,466.1
-27.5,125.75,0.3065063649222065,0.9171929549049712,0.5163691417084397,490.3
-27.5,126.0,0.27213578500707214,0.9238016647092364,0.5226862433455033,514.6
-27.5,126.25,0.23776520509193777,0.9253918016070821,0.5581934875756807,538.9
-27.5,126.5,0.20353606789250356,0.915161108710706,0.5335472562109863,563.1
-27.5,126.75,0.1691654879773692,0.8978381621816725,0.514504920928147,587.4
-27.5,127.0,0.1347949080622347,0.867070456095561,0.464729616861321,611.7
-27.5,127.25,0.10042432814710045,0.8579811004172664,0.4373275892739029,636.0
-27.5,127.5,0.06605374823196608,0.8891109816335473,0.4253972757697835,660.3
-27.5,127.75,0.0316831683168316,0.9364074355423522,0.4794765370683748,684.6
-27.5,128.0,0.0012729844413011948,0.9406567847583422,0.5057297413801676,706.1
-27.5,128.25,0.029844413012729887,0.9019121796804533,0.4780912250103135,685.9
-27.5,128.5,0.05785007072135784,0.8741130573113463,0.44523164620197636,666.1
-27.5,128.75,0.08543140028288543,0.8810377992285707,0.41383306617713644,646.6
-27.5,129.0,0.1124469589816125,0.9283198634132186,0.43928288877767036,627.5
-27.5,129.25,0.13889674681753894,0.9568420199550263,0.47704813106153193,608.8
-27.5,129.5,0.16478076379066475,0.9480183862183924,0.49419122272456145,590.5
-27.5,129.75,0.18981612446958984,0.9415441864942595,0.5329165872232728,572.8
-27.5,130.0,0.2142857142857143,0.9461978957842904,0.5771971252802041,555.5
-27.5,130.25,0.23776520509193777,0.9535313462011842,0.6020325895757633,538.9
-27.5,130.5,0.2603960396039604,0.9339730531040279,0.5505706609866465,522.9
-27.5,130.75,0.28203677510608205,0.9047090750707931,0.48276176967181395,507.6
-27.5,131.0,0.30254596888260255,0.9054245365908138,0.45567689783037646,493.1
-27.5,131.25,0.32178217821782173,0.9219046678929779,0.45884813294467447,479.5
-27.5,131.5,0.34186704384724187,0.9206788629671177,0.4992298698396879,465.3
-27.5,131.75,0.37043847241867045,0.9054178616918429,0.4962172287156558,445.1
-27.5,132.0,0.39830268741159836,0.8916957581097306,0.4540016521045417,425.4
-27.5,132.25,0.4256011315417255,0.8845204854004305,0.4375916224800547,406.1
-27.5,132.5,0.45205091937765207,0.8877051267446904,0.43104704161752255,387.4
-27.5,132.75,0.4776520509193777,0.8813865345421468,0.4493066414189332,369.3
-27.5,133.0,0.5022630834512023,0.8484915514578761,0.48512283770189557,351.9
-27.5,133.25,0.5257425742574258,0.8204167213630958,0.5453487443325655,335.3
-27.5,133.5,0.5476661951909476,0.8120046656378854,0.5413373801190203,319.8
-27.5,133.75,0.5681753889674681,0.8055921310019032,0.5876492912197651,305.3
-27.5,134.0,0.5867043847241867,0.7808763335114305,0.5906420919777385,292.2
-27.5,134.25,0.6032531824611033,0.7448814213525634,0.5457971752869522,280.5
-27.5,134.5,0.6175388967468176,0.7023809981451524,0.50244810292915,270.4
-27.5,134.75,0.6289957567185289,0.6923163003265128,0.48648635920357075,262.3
-27.5,135.0,0.6377652050919378,0.692181797062061,0.4744188715682367,256.1
-27.5,135.25,0.6434229137199434,0.7151274622014071,0.47449064179574213,252.1
-27.5,135.5,0.6458274398868458,0.7348375624619925,0.47613592550654604,250.4
-27.5,135.75,0.644978783592645,0.7380821621166392,0.47712412401520105,251.0
-27.5,136.0,0.6408769448373408,0.7341852106912021,0.4572293782692341,253.9
-27.5,136.25,0.6335219236209335,0.7288809934350517,0.44263068864434246,259.1
-27.5,136.5,0.6233380480905233,0.7352973785658661,0.43043482691018053,266.3
-27.5,136.75,0.6103253182461104,0.7572822113533964,0.4310065066698072,275.5
-27.5,137.0,0.5949080622347949,0.7833865620652032,0.45160685061697775,286.4
-27.5,137.25,0.5772277227722773,0.8188615838904503,0.45629090155529156,298.9
-27.5,137.5,0.5577086280056578,0.858732988673771,0.4607523245680422,312.7
-27.5,137.75,0.5394625176803394,0.8942601126488582,0.4630466831951045,325.6
-27.5,138.0,0.5212164073550212,0.921758558928059,0.4775577109589133,338.5
-27.5,138.25,0.51994342291372,0.9419031370949267,0.4757592486623894,339.4
-27.5,138.5,0.5200848656294201,0.9649606847591894,0.4799869389468033,339.3
-27.5,138.75,0.5178217821782178,0.9740693403411409,0.489806469591048,340.9
-27.5,139.0,0.5131541725601132,0.9716612241270263,0.49316165116986865,344.2
-27.5,139.25,0.5062234794908063,0.9459981954652993,0.48631786920618875,349.1
-27.5,139.5,0.497029702970297,0.9306252384545364,0.4702525558686737,355.6
-27.5,139.75,0.48571428571428565,0.9422552456714816,0.4774981576261865,363.6
-27.5,140.0,0.47256011315417257,0.9522396253425964,0.4862068211784519,372.9
-27.5,140.25,0.4574257425742574,0.9700704414767538,0.4829613015416808,383.6
-27.5,140.5,0.45855728429985854,0.9734564009640146,0.4817451402892943,382.8
-27.5,140.75,0.4919377652050919,0.987645955194786,0.49074268988642994,359.2
-27.5,141.0,0.5251768033946251,0.982331916192349,0.49025693132213927,335.7
-27.5,141.25,0.5581329561527582,0.9716348321393338,0.46492640879436425,312.4
-27.5,141.5,0.5909476661951909,0.9664115550509751,0.43505118529167347,289.2
-27.5,141.75,0.6233380480905233,0.9725170284007175,0.4318685069118177,266.3
-27.5,142.0,0.6551626591230552,0.9781798065994498,0.44442516997383436,243.8
-27.5,142.25,0.6865629420084866,0.9761077723056671,0.4663459861799971,221.6
-27.5,142.5,0.7171145685997171,0.9697079524197779,0.47093038400430554,200.0
-27.5,142.75,0.7466760961810467,0.9792442100531878,0.44895960424429876,179.1
-27.5,143.0,0.7748231966053748,0.990393410141526,0.45898533931043994,159.2
-27.5,143.25,0.8007072135785007,0.9972962191316832,0.48537728112916445,140.9
-27.5,143.5,0.8237623762376238,0.9833538893017802,0.505410619326584,124.6
-27.5,143.75,0.8424328147100424,0.9706298096818882,0.5276163083760342,111.4
-27.5,144.0,0.8551626591230551,0.9714863981237444,0.538563790424218,102.4
-27.5,144.25,0.8601131541725601,0.9863154395144959,0.5454715096195426,98.9
-27.5,144.5,0.8605374823196605,0.9953193354297527,0.5482031943982179,98.6
-27.5,144.75,0.8639321074964639,0.9768512010226791,0.5076153014331343,96.2
-27.5,145.0,0.8735502121640736,0.9553405696176822,0.4179957877242778,89.4
-27.5,145.25,0.907920792079208,0.9379721844170916,0.36156487088445816,65.1
-27.5,145.5,0.9421499292786422,0.9291242553903454,0.36160837141085317,40.9
-27.5,145.75,0.9759547383309759,0.928078572202464,0.3501435570558045,17.0
-27.5,146.0,0.9905233380480906,0.9192786676975493,0.34687029958801247,6.7
-27.5,146.25,0.9568599717114569,0.8995146568116595,0.338267703825375,30.5
-27.5,146.5,0.9231966053748232,0.8713012172019312,0.33889062040360485,54.3
-27.5,146.75,0.8892503536067893,0.8526779801357268,0.3319858345524091,78.3
-27.5,147.0,0.8554455445544554,0.8326236798511297,0.32819883893017376,102.2
-27.5,147.25,0.8304101838755304,0.8188701442725241,0.3295420848993536,119.9
-27.5,147.5,0.8362093352192362,0.8061907265448727,0.3312853132929669,115.8
-27.5,147.75,0.8558698727015559,0.7944837323647704,0.34431045720000936,101.9
-27.5,148.0,0.8878359264497878,0.7869485734593253,0.3366253695759755,79.3
-27.5,148.25,0.918953323903819,0.7838107886514348,0.3369654763221735,57.3
-27.5,148.5,0.9534653465346534,0.7886887932293181,0.3425128168845325,32.9
-27.5,148.75,0.987977369165488,0.7962815861942756,0.3355438681598359,8.5
-27.5,149.0,0.9775106082036775,0.7932485639714376,0.33075663442419684,15.9
-27.5,149.25,0.9452616690240453,0.7995830816424863,0.3463374624621805,38.7
-27.5,149.5,0.9212164073550212,0.8134275331184336,0.3920041506754955,55.7
-27.5,149.75,0.8917963224893918,0.8233602367837277,0.397527347559255,76.5
-27.5,150.0,0.9046676096181047,0.8288380621914629,0.3919528010359643,67.4
-27.5,150.25,0.9192362093352192,0.8256309781864805,0.39449668732128823,57.1
-27.5,150.5,0.9536067892503536,0.8184674125007237,0.33364921796352476,32.8
-27.5,150.75,0.9881188118811881,0.8184976960166201,0.30532107561242156,8.4
-27.5,151.0,0.9779349363507779,0.8205033405252984,0.3008062560661596,15.6
-27.5,151.25,0.9602545968882602,0.8193254094722698,0.34379022378356644,28.1
-27.5,151.5,0.9844413012729845,0.8278549099914734,0.393100447750483,11.0
-27.5,151.75,0.9957567185289957,0.8199267242475623,0.3707259141235913,3.0
-27.5,152.0,0.9942008486562942,0.826556448238079,0.21629401683122557,4.1
-27.5,152.25,0.9942008486562942,0.8335284535142078,0.11776359999796407,4.1
-27.5,152.5,0.997029702970297,0.8376670174809389,0.08622280113469874,2.1
-27.5,152.75,0.9997171145685997,0.8196096065231098,0.10630901044245045,0.2
-27.5,153.0,0.9977369165487977,0.8172135346151959,0.17081968830020966,1.6
-27.5,153.5,0.9967468175388967,0.861928507111326,0.5778311466612076,2.3
-27.75,114.25,0.8367751060820368,0.9601335277194276,0.7582643030157894,115.4
-27.75,114.5,0.8444130127298444,0.9731635014021224,0.6465471827065399,110.0
-27.75,114.75,0.8448373408769448,0.9873587171957885,0.6139172106040286,109.7
-27.75,115.0,0.8405940594059406,0.9907980516158241,0.6107163358202085,112.7
-27.75,115.25,0.8350777934936351,0.9790355707687461,0.6244445958680379,116.6
-27.75,115.5,0.8227722772277228,0.9644478915920183,0.7158909866300076,125.3
-27.75,115.75,0.8057991513437057,0.9542528093831746,0.7369467725463784,137.3
-27.75,116.0,0.7960396039603961,0.9526825320846729,0.7368591106852955,144.2
-27.75,116.25,0.8158415841584159,0.9456307482719335,0.7550125459934256,130.2
-27.75,116.5,0.8308345120226308,0.9389393479938708,0.7619543209917412,119.6
-27.75,116.75,0.84002828854314,0.9328291548002928,0.7587002591989904,113.1
-27.75,117.0,0.842008486562942,0.9244321607605822,0.7476028542547242,111.7
-27.75,117.25,0.8366336633663366,0.9141557073602713,0.7372917467097573,115.5
-27.75,117.5,0.8246110325318246,0.9048826701874948,0.7236277945909075,124.0
-27.75,117.75,0.8072135785007072,0.8968488498783156,0.7069992630633684,136.3
-27.75,118.0,0.7855728429985855,0.8945247129615117,0.6924000254511119,151.6
-27.75,118.25,0.7611032531824611,0.9013898300163091,0.6838099205769356,168.9
-27.75,118.5,0.7343705799151343,0.9061580886769184,0.6981895441941349,187.8
-27.75,118.75,0.7550212164073551,0.9005530170622089,0.702975214554057,173.2
-27.75,119.0,0.788967468175389,0.8919069572693192,0.6662854780598736,149.2
-27.75,119.25,0.823055162659123,0.8918434391058249,0.6493224969498136,125.1
-27.75,119.5,0.857001414427157,0.9009203891991243,0.6643362547689446,101.1
-27.75,119.75,0.8906647807637906,0.9099625757285148,0.6793867438587885,77.3
-27.75,120.0,0.924893917963225,0.9089942238992434,0.662403035932521,53.1
-27.75,120.25,0.9591230551626592,0.9003343928806077,0.6760803170381543,28.9
-27.75,120.5,0.9910891089108911,0.8917056535226529,0.6855056030080199,6.3
-27.75,120.75,0.9878359264497878,0.8870085017662562,0.6826678826742677,8.6
-27.75,121.0,0.9591230551626592,0.8893493700137847,0.6689922132961778,28.9
-27.75,121.25,0.9264497878359265,0.9043540444719786,0.6616959065901511,52.0
-27.75,121.5,0.8929278642149929,0.9317933717402146,0.6792802409027239,75.7
-27.75,121.75,0.8589816124469589,0.9488384809690433,0.7108293240455621,99.7
-27.75,122.0,0.8248939179632249,0.952513777839487,0.7082832458107792,123.8
-27.75,122.25,0.7906647807637907,0.9472655089499551,0.6877708860702001,148.0
-27.75,122.5,0.7562942008486563,0.9301967345125008,0.6394631082834218,172.3
-27.75,122.75,0.7220650636492221,0.9073936217459334,0.5881535362989779,196.5
-27.75,123.0,0.6876944837340877,0.8937657290435117,0.5026456040223123,220.8
-27.75,123.25,0.6533239038189533,0.8925880577939925,0.47156604934740326,245.1
-27.75,123.5,0.618953323903819,0.886879388795008,0.45966697112307403,269.4
-27.75,123.75,0.5845827439886846,0.8881871959620452,0.44803386017794866,293.7
-27.75,124.0,0.5502121640735502,0.9025314747987725,0.4433077592680289,318.0
-27.75,124.25,0.5158415841584159,0.9285173428805686,0.476684380272273,342.3
-27.75,124.5,0.4814710042432815,0.9393522383314431,0.5051519370558761,366.6
-27.75,124.75,0.4471004243281471,0.92889032747659,0.5158565801151032,390.9
-27.75,125.0,0.41272984441301275,0.9140276480667934,0.5487901694522309,415.2
-27.75,125.25,0.3783592644978784,0.9053691850424527,0.5609957982553055,439.5
-27.75,125.5,0.343988684582744,0.9070792959813527,0.540025643423313,463.8
-27.75,125.75,0.3094766619519095,0.9168897540638392,0.49153293601821046,488.2
-27.75,126.0,0.2751060820367751,0.9238425603948738,0.48486394590660703,512.5
-27.75,126.25,0.24073550212164085,0.9223981734859368,0.5131870435504996,536.8
-27.75,126.5,0.20636492220650637,0.9160647832749949,0.5137300023253037,561.1
-27.75,126.75,0.171994342291372,0.90956824447837,0.5035473011137156,585.4
-27.75,127.0,0.13762376237623752,0.8844707129559745,0.48874484077551805,609.7
-27.75,127.25,0.10325318246110327,0.8620746386174155,0.4556284815349742,634.0
-27.75,127.5,0.06874115983026874,0.8829101377746704,0.44225443084934707,658.4
-27.75,127.75,0.03437057991513426,0.9284012257510413,0.4826301721178993,682.7
-27.75,128.0,0.0,0.9324379927483739,0.4917275360017947,707.0
-27.75,128.25,0.006506364922206576,0.9129146744018015,0.47580426421267524,702.4
-27.75,128.5,0.03380480905233374,0.8903584046570542,0.44906277092434865,683.1
-27.75,128.75,0.060678925035360654,0.887376085842745,0.4335446552050768,664.1
-27.75,129.0,0.08684582743988678,0.9274578425707624,0.44837464384971487,645.6
-27.75,129.25,0.1124469589816125,0.9528282492729452,0.4812198138138144,627.5
-27.75,129.5,0.1374823196605376,0.932250865187541,0.5091988720963031,609.8
-27.75,129.75,0.16166902404526162,0.9189859792203919,0.5373875194285294,592.7
-27.75,130.0,0.1851485148514851,0.9287136462850191,0.5452265753847795,576.1
-27.75,130.25,0.21004243281471002,0.9485923974493375,0.5684515692844714,558.5
-27.75,130.5,0.2411598302687411,0.9355380192021076,0.5743975867719537,536.5
-27.75,130.75,0.27213578500707214,0.906925326696553,0.5248275039732226,514.6
-27.75,131.0,0.3026874115983027,0.8998405264660414,0.5040670510118955,493.0
-27.75,131.25,0.33295615275813295,0.9112130379803924,0.5201058353140471,471.6
-27.75,131.5,0.362942008486563,0.911846655114828,0.5575691849117635,450.4
-27.75,131.75,0.3923620933521923,0.887602794193689,0.5742257766158325,429.6
-27.75,132.0,0.4212164073550212,0.8651677010668604,0.5150377419367036,409.2
-27.75,132.25,0.4496463932107496,0.85031506539528,0.46827212953250535,389.1
-27.75,132.5,0.4772277227722772,0.8527746129998333,0.44577750608635863,369.6
-27.75,132.75,0.504101838755304,0.8550130469189048,0.4500937124474533,350.6
-27.75,133.0,0.52998585572843,0.8345641066490821,0.4897981691941998,332.3
-27.75,133.25,0.5547383309759547,0.807765903267186,0.5575259261445,314.8
-27.75,133.5,0.5782178217821783,0.7986332335825124,0.5762681577587673,298.2
-27.75,133.75,0.6001414427157001,0.7941973943905327,0.6007936707304646,282.7
-27.75,134.0,0.6203677510608204,0.769909648115519,0.5894892877350811,268.4
-27.75,134.25,0.6383309759547384,0.7225712123911763,0.5359483917877956,255.7
-27.75,134.5,0.653889674681754,0.6804883909624848,0.4824169083293631,244.7
-27.75,134.75,0.6667609618104668,0.6593903384421497,0.4652061563440637,235.6
-27.75,135.0,0.6765205091937765,0.6545945423428168,0.45001180445370026,228.7
-27.75,135.25,0.6827439886845827,0.678573863925664,0.44872277699907875,224.3
-27.75,135.5,0.6854314002828854,0.6964165605111153,0.45361839941200827,222.4
-27.75,135.75,0.6845827439886846,0.6991283808022686,0.44705618625015175,223.0
-27.75,136.0,0.6799151343705798,0.6911199408552249,0.43564517136050024,226.3
-27.75,136.25,0.6718528995756718,0.6819148160079594,0.425056443746191,232.0
-27.75,136.5,0.6603960396039604,0.6867005619876951,0.4231310256710773,240.1
-27.75,136.75,0.6461103253182461,0.711683101075363,0.42769624393761974,250.2
-27.75,137.0,0.6291371994342292,0.7400487470384476,0.4560450164012779,262.2
-27.75,137.25,0.61004243281471,0.775937602971998,0.47954845235135907,275.7
-27.75,137.5,0.5913719943422915,0.8186932554416895,0.4745676984895898,288.9
-27.75,137.75,0.5731258840169731,0.8642939786388019,0.46351189223321737,301.8
-27.75,138.0,0.5568599717114568,0.8966582682307023,0.47111141324197475,313.3
-27.75,138.25,0.5595473833097595,0.9246454206193331,0.47147811349263796,311.4
-27.75,138.5,0.5596888260254597,0.9483746111872425,0.4840179340018265,311.3
-27.75,138.75,0.5572842998585572,0.9524163666357177,0.4894590939536296,313.0
-27.75,139.0,0.5521923620933522,0.9345000975042155,0.47949001111063716,316.6
-27.75,139.25,0.5446958981612448,0.9084116638782166,0.4697378023258782,321.9
-27.75,139.5,0.5347949080622348,0.907011004383876,0.4652141343954033,328.9
-27.75,139.75,0.5226308345120226,0.9284473477059176,0.48032495044719486,337.5
-27.75,140.0,0.5083451202263083,0.9346886984572952,0.48652965020538513,347.6
-27.75,140.25,0.4923620933521924,0.9340944752875083,0.48213614539131133,358.9
-27.75,140.5,0.47454031117397455,0.9369422200177575,0.4749572852713687,371.5
-27.75,140.75,0.4801980198019802,0.9449878217877062,0.4790404035951439,367.5
-27.75,141.0,0.5124469589816125,0.941121895846542,0.4739362075208294,344.7
-27.75,141.25,0.5445544554455446,0.941297432082461,0.46781062746774216,322.0
-27.75,141.5,0.576096181046676,0.9479467356964211,0.44574752795405226,299.7
-27.75,141.75,0.6072135785007072,0.957997397672143,0.4341668948577384,277.7
-27.75,142.0,0.6376237623762376,0.9633138541848538,0.44259279692979825,256.2
-27.75,142.25,0.6671852899575672,0.9614118619439478,0.4567958396773481,235.3
-27.75,142.5,0.6957567185289958,0.9674591667438701,0.4662917676654388,215.1
-27.75,142.75,0.7230551626591231,0.9793915908055083,0.46207329646257295,195.8
-27.75,143.0,0.7483734087694484,0.9827183517552142,0.47246355594719386,177.9
-27.75,143.25,0.7712871287128713,0.96400824142971,0.4718982908631897,161.7
-27.75,143.5,0.790947666195191,0.9496650753193407,0.47424270974774846,147.8
-27.75,143.75,0.8063649222065064,0.9530628903466823,0.5069258527419149,136.9
-27.75,144.0,0.8165487977369166,0.9637284808402282,0.5326201260589488,129.7
-27.75,144.25,0.8205091937765205,0.9775007085199519,0.5294635576652954,126.9
-27.75,144.5,0.828995756718529,0.9698302028339398,0.533464187773402,120.9
-27.75,144.75,0.8616690240452617,0.9537825775224688,0.5035377919212098,97.8
-27.75,145.0,0.8932107496463932,0.9352466866389644,0.42882978803613414,75.5
-27.75,145.25,0.9223479490806223,0.9203437669350754,0.36936364976939995,54.9
-27.75,145.5,0.9503536067892504,0.9142743977809117,0.3651533822597297,35.1
-27.75,145.75,0.9826025459688826,0.9182182172409142,0.36927858278966186,12.3
-27.75,146.0,0.9844413012729845,0.9160675149342099,0.38066624374721025,11.0
-27.75,146.25,0.9507779349363508,0.9006740492997564,0.38169763655402705,34.8
-27.75,146.5,0.9182461103253182,0.8812165084076891,0.36781221695344546,57.8
-27.75,146.75,0.8844413012729845,0.8622592083666205,0.35341389729674316,81.7
-27.75,147.0,0.8503536067892503,0.8455679055523221,0.34328099846624455,105.8
-27.75,147.25,0.8162659123055163,0.8291630430350833,0.33351824898335203,129.9
-27.75,147.5,0.8379066478076379,0.8099546613188957,0.3375652162583299,114.6
-27.75,147.75,0.8707213578500708,0.7995543621238558,0.35602765197107133,91.4
-27.75,148.0,0.9025459688826025,0.7947581430499213,0.36027402217771265,68.9
-27.75,148.25,0.9332390381895332,0.7914243285736376,0.3514529245120231,47.2
-27.75,148.5,0.9666195190947666,0.797745644337037,0.34597053656966115,23.6
-27.75,148.75,0.9978783592644979,0.7938577939649917,0.33318367046262776,1.5
-27.75,149.0,0.9727015558698727,0.7859163045209516,0.3208940706545445,19.3
-27.75,149.25,0.94002828854314,0.7926093346076131,0.33754521471951693,42.4
-27.75,149.5,0.9062234794908062,0.8102711248031953,0.38415884121637706,66.3
-27.75,149.75,0.8721357850070721,0.824239388278825,0.41392372585144993,90.4
-27.75,150.0,0.8974540311173974,0.8249511792112936,0.3927490911460324,72.5
-27.75,150.25,0.9192362093352192,0.8178431753868491,0.365841267575232,57.1
-27.75,150.5,0.9528995756718529,0.8140163606665982,0.3132952265713554,33.3
-27.75,150.75,0.9872701555869873,0.8222208992519731,0.2955190966811238,9.0
-27.75,151.0,0.9786421499292787,0.8258574820804965,0.3123105093941941,15.1
-27.75,151.25,0.9688826025459689,0.8287167753742165,0.35568973717433233,22.0
-27.75,151.5,0.9937765205091937,0.8282571331130156,0.3807139025306672,4.4
-27.75,151.75,0.9919377652050919,0.8219141881810528,0.3565791206673044,5.7
-27.75,152.0,0.9975954738330975,0.83899004681017,0.2210074817972055,1.7
-27.75,152.25,0.9835926449787836,0.8603702957065059,0.12150011631354163,11.6
-27.75,152.5,0.9905233380480906,0.8856482011094189,0.07317492381065732,6.7
-27.75,152.75,0.9971711456859972,0.8724861609311252,0.07917908436926611,2.0
-27.75,153.0,0.9994342291371995,0.8366137735643078,0.11162919412484952,0.4
-27.75,153.25,0.9967468175388967,0.8489028590538856,0.24655342782842493,2.3
-28.0,114.25,0.8738330975954738,0.9665152876263882,0.7483766124137363,89.2
-28.0,114.5,0.8837340876944837,0.9703941522235535,0.6195433001741558,82.2
-28.0,114.75,0.8842998585572843,0.9856602986786023,0.5940467697094155,81.8
-28.0,115.0,0.8801980198019802,0.998016762518421,0.6210670112763648,84.7
-28.0,115.25,0.8728429985855728,0.9854561820234657,0.6554485605211637,89.9
-28.0,115.5,0.8574257425742574,0.9631131737513838,0.6911580926753071,100.8
-28.0,115.75,0.8387553041018387,0.9477763221179211,0.7143980595238767,114.0
-28.0,116.0,0.8258840169731259,0.9432137132355537,0.7142476692268066,123.1
-28.0,116.25,0.8485148514851485,0.9506330907346946,0.7399206032711666,107.1
-28.0,116.5,0.8671852899575672,0.9485551087171741,0.7288987561141328,93.9
-28.0,116.75,0.8789250353606789,0.9412826429156317,0.7225714038898934,85.6
-28.0,117.0,0.8816124469589817,0.9350403590086045,0.7222074435760538,83.7
-28.0,117.25,0.8745403111739746,0.926419270194732,0.7182801470711698,88.7
-28.0,117.5,0.8592644978783592,0.9200562473841737,0.713561556811602,99.5
-28.0,117.75,0.8380480905233381,0.9086301309585284,0.7104167862635659,114.5
-28.0,118.0,0.813012729844413,0.9012092536749845,0.7064622515631992,132.2
-28.0,118.25,0.7854314002828855,0.9016953989962977,0.7066006828418976,151.7
-28.0,118.5,0.7561527581329561,0.9068363561083731,0.7083535493662202,172.4
-28.0,118.75,0.7582743988684583,0.9092850156686277,0.7323045137032637,170.9
-28.0,119.0,0.7926449787835926,0.9016000020014916,0.7101481273993646,146.6
-28.0,119.25,0.827015558698727,0.8972507896767753,0.691119830263428,122.3
-28.0,119.5,0.8613861386138614,0.9000761559487748,0.682337526879707,98.0
-28.0,119.75,0.8957567185289957,0.9056179724153217,0.6702033137240782,73.7
-28.0,120.0,0.92998585572843,0.9121730686925087,0.6487768949418383,49.5
-28.0,120.25,0.9643564356435643,0.9085135352517035,0.6806149930677502,25.2
-28.0,120.5,0.9983026874115983,0.8985840411292783,0.7007912592637143,1.2
-28.0,120.75,0.9878359264497878,0.8942762880368724,0.7060199290562019,8.6
-28.0,121.0,0.9596888260254597,0.8899355999739329,0.6942368307458922,28.5
-28.0,121.25,0.9271570014144271,0.8943585668267329,0.6903083899144524,51.5
-28.0,121.5,0.8934936350777936,0.9063804170172987,0.683357557007343,75.3
-28.0,121.75,0.8594059405940594,0.9314398161678518,0.6951810290926137,99.4
-28.0,122.0,0.8253182461103253,0.953204775009704,0.6862841641151112,123.5
-28.0,122.25,0.7910891089108911,0.9611958642623828,0.6543756979646567,147.7
-28.0,122.5,0.7568599717114568,0.9518967863473079,0.580530419598986,171.9
-28.0,122.75,0.7224893917963224,0.9244424237959085,0.5257365183076728,196.2
-28.0,123.0,0.6882602545968883,0.9017569581212611,0.4803504157423798,220.4
-28.0,123.25,0.653889674681754,0.8890012681147652,0.4553274108298762,244.7
-28.0,123.5,0.6195190947666196,0.8887781669689166,0.44006115977380383,269.0
-28.0,123.75,0.5852899575671853,0.8908869012537622,0.4562007898683428,293.2
-28.0,124.0,0.5509193776520509,0.8970240713202329,0.45119049304070385,317.5
-28.0,124.25,0.5165487977369165,0.9169055478669936,0.4601540835385011,341.8
-28.0,124.5,0.48217821782178216,0.9290539006159669,0.4689645760369554,366.1
-28.0,124.75,0.4478076379066478,0.9282717576567349,0.47756190145052607,390.4
-28.0,125.0,0.4134370579915134,0.9192976462316318,0.48039725254478965,414.7
-28.0,125.25,0.3792079207920792,0.9114122311947991,0.4811612597521644,438.9
-28.0,125.5,0.34483734087694484,0.9120611532433915,0.47546443146015954,463.2
-28.0,125.75,0.3104667609618105,0.9241902626731763,0.47930751520090353,487.5
-28.0,126.0,0.2760961810466761,0.9302149824323385,0.4844074401972282,511.8
-28.0,126.25,0.24172560113154173,0.9202883302913175,0.4979241771222683,536.1
-28.0,126.5,0.20735502121640736,0.9062540586143196,0.4842348080600599,560.4
-28.0,126.75,0.17298444130127288,0.9089835873087543,0.47637276886904145,584.7
-28.0,127.0,0.13861386138613863,0.908255467181368,0.47881094194479695,609.0
-28.0,127.25,0.10777934936350786,0.8911738089188949,0.48361115008716005,630.8
-28.0,127.5,0.07793493635077797,0.8783820855628257,0.4670691844459743,651.9
-28.0,127.75,0.04794908062234793,0.9032110743550742,0.46933741696955883,673.1
-28.0,128.0,0.01768033946251768,0.9198322293538131,0.47890092469354234,694.5
-28.0,128.25,0.018811881188118718,0.9194212978676533,0.4807638399745248,693.7
-28.0,128.5,0.04384724186704381,0.9016881695399379,0.46566435436736303,676.0
-28.0,128.75,0.06817538896746822,0.8884934186741699,0.4549870784418222,658.8
-28.0,129.0,0.09193776520509189,0.9229185167531035,0.45700463898058924,642.0
-28.0,129.25,0.11513437057991516,0.9455037565998663,0.4909612401413084,625.6
-28.0,129.5,0.1374823196605376,0.9403964133643878,0.5253643220660866,609.8
-28.0,129.75,0.16166902404526162,0.91109161494769,0.5277546429510801,592.7
-28.0,130.0,0.1937765205091938,0.907780372374641,0.47941683868016904,570.0
-28.0,130.25,0.22574257425742572,0.9362715364361314,0.4865175461315346,547.4
-28.0,130.5,0.25742574257425743,0.9328368713956744,0.5429139075328248,525.0
-28.0,130.75,0.288967468175389,0.917407238602742,0.5885644784707061,502.7
-28.0,131.0,0.3203677510608204,0.8972822130302447,0.5900290875239004,480.5
-28.0,131.25,0.3513437057991513,0.9033981902065289,0.5923456396392346,458.6
-28.0,131.5,0.382036775106082,0.9072566173874342,0.6101289739515849,436.9
-28.0,131.75,0.41244695898161243,0.8844655164128745,0.6084165456713251,415.4
-28.0,132.0,0.4422913719943423,0.8604607477994738,0.5970345418774539,394.3
-28.0,132.25,0.47171145685997173,0.8365692315082666,0.5516213945239835,373.5
-28.0,132.5,0.5004243281471004,0.8262875677961703,0.5124244063115366,353.2
-28.0,132.75,0.5285714285714286,0.8246255305242426,0.49303925658022657,333.3
-28.0,133.0,0.5558698727015559,0.8079294992675956,0.5100318290079825,314.0
-28.0,133.25,0.582036775106082,0.7916332647188662,0.5439915085683095,295.5
-28.0,133.5,0.6070721357850071,0.7862273897696512,0.5949822808446784,277.8
-28.0,133.75,0.6306930693069306,0.7854894495253383,0.6294728634577852,261.1
-28.0,134.0,0.6526166902404527,0.7570001003152167,0.6160736053533801,245.6
-28.0,134.25,0.6722772277227723,0.7079080542987588,0.5499269692403829,231.7
-28.0,134.5,0.6895332390381895,0.662747656859344,0.48257962834213985,219.5
-28.0,134.75,0.7039603960396039,0.6450438599340624,0.4452610441123671,209.3
-28.0,135.0,0.7148514851485148,0.644448876908319,0.44285869973990033,201.6
-28.0,135.25,0.7220650636492221,0.6574692489471095,0.43632689987678697,196.5
-28.0,135.5,0.7251768033946251,0.6733927824256571,0.4305598486157182,194.3
-28.0,135.75,0.724045261669024,0.6798777943068106,0.4304664651218565,195.1
-28.0,136.0,0.7188118811881188,0.6829139597832166,0.42548907977065276,198.8
-28.0,136.25,0.7096181046676096,0.6713989736785285,0.42010969733558645,205.3
-28.0,136.5,0.6968882602545969,0.6583149847261074,0.41619402138628997,214.3
-28.0,136.75,0.6809052333804809,0.6760864660450503,0.44032087355013944,225.6
-28.0,137.0,0.6622347949080623,0.7029366571328238,0.4899038340519419,238.8
-28.0,137.25,0.6432814710042434,0.7406164908326813,0.5233404435553496,252.2
-28.0,137.5,0.625035360678925,0.7777266945343183,0.515301468914622,265.1
-28.0,137.75,0.6067892503536068,0.8206886720052637,0.4759959147348551,278.0
-28.0,138.0,0.5961810466760962,0.8629797524770154,0.46560148087589687,285.5
-28.0,138.25,0.5992927864214993,0.897422756016919,0.47043395580367786,283.3
-28.0,138.5,0.5994342291371995,0.923356683476285,0.4860226974238994,283.2
-28.0,138.75,0.5966053748231966,0.9220250250869616,0.4993119551234708,285.2
-28.0,139.0,0.5910891089108911,0.8983422871874719,0.475813773405181,289.1
-28.0,139.25,0.5828854314002829,0.8881312004560955,0.4619465179740129,294.9
-28.0,139.5,0.5721357850070721,0.8988404682730597,0.4658898189334025,302.5
-28.0,139.75,0.558981612446959,0.9147129675172044,0.47500574991859723,311.8
-28.0,140.0,0.5437057991513436,0.917121809991336,0.4900940984884345,322.6
-28.0,140.25,0.5264497878359264,0.909717593527819,0.4861361630429513,334.8
-28.0,140.5,0.5074964639321076,0.9113081040119995,0.4789649102770133,348.2
-28.0,140.75,0.48698727015558696,0.9188663251934286,0.48490665668650584,362.7
-28.0,141.0,0.497029702970297,0.9285109664123503,0.49419594508626347,355.6
-28.0,141.25,0.5278642149929278,0.9311947620548489,0.5190799384981531,333.8
-28.0,141.5,0.5582743988684582,0.9253307514533623,0.47686289521497466,312.3
-28.0,141.75,0.5878359264497879,0.9362532781728603,0.4522292192078429,291.4
-28.0,142.0,0.6166902404526167,0.9531910221363075,0.45766892860485686,271.0
-28.0,142.25,0.6445544554455445,0.9699739364272932,0.4767695439556637,251.3
-28.0,142.5,0.671004243281471,0.9745064874127194,0.48215232713584655,232.6
-28.0,142.75,0.695898161244696,0.9557826371925363,0.4768762725535844,215.0
-28.0,143.0,0.7188118811881188,0.9382177750423591,0.4696244656450297,198.8
-28.0,143.25,0.739038189533239,0.9346943437580386,0.4636759660971305,184.5
-28.0,143.5,0.7561527581329561,0.9359107789989086,0.45593988341362507,172.4
-28.0,143.75,0.7691654879773692,0.9571407962778264,0.504333824154871,163.2
-28.0,144.0,0.7776520509193776,0.964727973463737,0.5178660014297763,157.2
-28.0,144.25,0.8016973125884017,0.955668800893198,0.49864276584747136,140.2
-28.0,144.5,0.8359264497878359,0.9377931176590797,0.4829623652818595,116.0
-28.0,144.75,0.8701555869872701,0.927084641676727,0.474710062383494,91.8
-28.0,145.0,0.9043847241867043,0.9125369838964584,0.403728243640443,67.6
-28.0,145.25,0.9384724186704385,0.9054712577259864,0.3693640849358366,43.5
-28.0,145.5,0.9721357850070721,0.9089630136754937,0.38467198303162925,19.7
-28.0,145.75,0.9987270155586987,0.9104819312202316,0.425776289618878,0.9
-28.0,146.0,0.9702970297029703,0.9098588838955365,0.45604348526011174,21.0
-28.0,146.25,0.9394625176803395,0.8970238514840748,0.45872230537536496,42.8
-28.0,146.5,0.907920792079208,0.8814418521285798,0.4133661164732767,65.1
-28.0,146.75,0.8751060820367751,0.8619192480540655,0.374185938579107,88.3
-28.0,147.0,0.8417256011315417,0.8468641076931588,0.3609363777289283,111.9
-28.0,147.25,0.8103253182461103,0.8352147859448207,0.35353712998470777,134.1
-28.0,147.5,0.8446958981612447,0.8159964684349815,0.3524997093168789,109.8
-28.0,147.75,0.8789250353606789,0.8073775636178085,0.3743939803704027,85.6
-28.0,148.0,0.9131541725601131,0.8036684034280335,0.3698714567664836,61.4
-28.0,148.25,0.9472418670438473,0.8032369908906565,0.36407259000370923,37.3
-28.0,148.5,0.9809052333804809,0.8051973956097209,0.34785765999834484,13.5
-28.0,148.75,0.9895332390381896,0.8008514866368521,0.35026674139194286,7.4
-28.0,149.0,0.9591230551626592,0.7925540891084426,0.3337512403170189,28.9
-28.0,149.25,0.9251768033946252,0.8020794739968885,0.34611962136742114,52.9
-28.0,149.5,0.8934936350777936,0.8162205915105044,0.3791460462110459,75.3
-28.0,149.75,0.8960396039603961,0.8280513047746225,0.41002286167827684,73.5
-28.0,150.0,0.9213578500707214,0.8231565580687641,0.38179743472351135,55.6
-28.0,150.25,0.9495049504950495,0.8154611031816166,0.35388463456032976,35.7
-28.0,150.5,0.9705799151343706,0.8164341026993605,0.3220034388399086,20.8
-28.0,150.75,0.9916548797736916,0.818452398687725,0.30650432538837286,5.9
-28.0,151.0,0.9845827439886846,0.8224296826008555,0.3261308635538506,10.9
-28.0,151.25,0.995049504950495,0.8327109454644576,0.37369724667068743,3.5
-28.0,151.5,0.9946251768033946,0.8351329816386373,0.37275133989277,3.8
-28.0,151.75,0.9785007072135785,0.8352900154453669,0.3384791463617872,15.2
-28.0,152.0,0.9998585572842998,0.8255189051920856,0.2617499071991456,0.1
-28.0,152.25,0.9687411598302688,0.8468481942687781,0.1537645969610471,22.1
-28.0,152.5,0.9510608203677511,0.9010932304706984,0.06960858980638225,34.6
-28.0,152.75,0.9661951909476661,0.931447678861847,0.05794851788291167,23.9
-28.0,153.0,0.9943422913719944,0.9083624647754117,0.07934294226168846,4.0
-28.0,153.25,0.9991513437057992,0.8918854702599229,0.15913065040932994,0.6
-28.25,114.5,0.9226308345120227,0.9569426175758817,0.6105683792317288,54.7
-28.25,114.75,0.9234794908062235,0.9630883589969133,0.5443046349954317,54.1
-28.25,115.0,0.9196605374823197,0.988557390796371,0.5744439400561006,56.8
-28.25,115.25,0.9090523338048091,0.9851279695375474,0.6094933569603135,64.3
-28.25,115.5,0.8910891089108911,0.9659614166109746,0.6564730712513704,77.0
-28.25,115.75,0.8683168316831683,0.9509924302015135,0.6971770891859524,93.1
-28.25,116.0,0.8555869872701556,0.9493314229774177,0.7234862204434996,102.1
-28.25,116.25,0.8783592644978784,0.9590544844619515,0.7253588544415686,86.0
-28.25,116.5,0.9008486562942009,0.9573823714174081,0.6952203713619469,70.1
-28.25,116.75,0.9172560113154172,0.9525982271826301,0.6841923029365956,58.5
-28.25,117.0,0.921074964639321,0.9450076005873997,0.6824756519301721,55.8
-28.25,117.25,0.9108910891089109,0.9395374688970234,0.6838811589343516,63.0
-28.25,117.5,0.8905233380480905,0.936826443536042,0.682860854813033,77.4
-28.25,117.75,0.8644978783592645,0.9276019595664904,0.7032219378063932,95.8
-28.25,118.0,0.8353606789250354,0.9184730508606784,0.727366986374207,116.4
-28.25,118.25,0.8046676096181047,0.9160388724692738,0.732677870388681,138.1
-28.25,118.5,0.7728429985855728,0.9153419102868141,0.7223462455520873,160.6
-28.25,118.75,0.7554455445544555,0.9147884896398697,0.729432463572838,172.9
-28.25,119.0,0.7892503536067892,0.9102114285700368,0.7071533603337882,149.0
-28.25,119.25,0.8229137199434229,0.9073991584248967,0.6865065825160936,125.2
-28.25,119.5,0.8561527581329562,0.9062860118073146,0.6776460136428675,101.7
-28.25,119.75,0.8888260254596888,0.9084135521822307,0.6779492762974244,78.6
-28.25,120.0,0.9202263083451202,0.912770936278141,0.6667959605246793,56.4
-28.25,120.25,0.9475247524752475,0.913458001528964,0.6881805710944446,37.1
-28.25,120.5,0.9613861386138614,0.9102962673035662,0.6993059233943125,27.3
-28.25,120.75,0.9533239038189534,0.9108674189002981,0.7070569951439712,33.0
-28.25,121.0,0.9355021216407355,0.9173811202689648,0.7177374300554971,45.6
-28.25,121.25,0.9101838755304101,0.9168085990720966,0.7330302262642084,63.5
-28.25,121.5,0.8807637906647807,0.9048019535919887,0.7050101172811906,84.3
-28.25,121.75,0.8493635077793493,0.9111939556977272,0.6538744668159497,106.5
-28.25,122.0,0.8171145685997171,0.9338750033827171,0.6175935772476884,129.3
-28.25,122.25,0.7842998585572842,0.958675239820876,0.6033309650501362,152.5
-28.25,122.5,0.7510608203677511,0.958712096843864,0.573060626540193,176.0
-28.25,122.75,0.7175388967468175,0.9383828680427687,0.5220386512185847,199.7
-28.25,123.0,0.6838755304101839,0.917082540916235,0.4915545009327405,223.5
-28.25,123.25,0.64992927864215,0.9029655699058976,0.4761878070161665,247.5
-28.25,123.5,0.6161244695898161,0.9014489476418824,0.47608563960719347,271.4
-28.25,123.75,0.5821782178217823,0.9034496858728763,0.50049065982775,295.4
-28.25,124.0,0.5480905233380481,0.8941950342806712,0.48884512246326534,319.5
-28.25,124.25,0.5140028288543139,0.9014465439820144,0.4722056473057068,343.6
-28.25,124.5,0.47991513437058,0.9126145062671054,0.4674057615088523,367.7
-28.25,124.75,0.4458274398868458,0.9189822658288515,0.472916096806816,391.8
-28.25,125.0,0.4115983026874116,0.9151928531051817,0.46782626122491267,416.0
-28.25,125.25,0.3773691654879774,0.9053145672936211,0.45241140888934334,440.2
-28.25,125.5,0.3432814710042432,0.911623498471313,0.4443103505036459,464.3
-28.25,125.75,0.309052333804809,0.9284785005027169,0.45236279918663586,488.5
-28.25,126.0,0.2748231966053748,0.9446597721288668,0.48026170625839376,512.7
-28.25,126.25,0.24554455445544554,0.9374108831295982,0.5219639959987767,533.4
-28.25,126.5,0.2165487977369166,0.9126754024016159,0.5175773571440376,553.9
-28.25,126.75,0.18698727015558703,0.9051529106123253,0.5036695345306034,574.8
-28.25,127.0,0.1572842998585573,0.907615260073247,0.4966472698587728,595.8
-28.25,127.25,0.1271570014144271,0.9073369560903988,0.49478300072665377,617.1
-28.25,127.5,0.09688826025459685,0.8944093540858209,0.4707743687781091,638.5
-28.25,127.75,0.06619519094766613,0.8950033174183991,0.46010038077675663,660.2
-28.25,128.0,0.03536067892503536,0.9041568302008659,0.46380467865874264,682.0
-28.25,128.25,0.04540311173974543,0.9102705942687623,0.46685158511034647,674.9
-28.25,128.5,0.07100424328147104,0.908656247809537,0.4637429494938322,656.8
-28.25,128.75,0.09603960396039601,0.8935471160885463,0.45725074977645896,639.1
-28.25,129.0,0.12050919377652058,0.9175087781775683,0.43847658983955806,621.8
-28.25,129.25,0.14441301272984441,0.9499234463814867,0.46425257774303996,604.9
-28.25,129.5,0.1674681753889674,0.9543461848160442,0.49647052781636886,588.6
-28.25,129.75,0.1899575671852899,0.9257829673464049,0.5028673777322774,572.7
-28.25,130.0,0.21159830268741164,0.8958204860534509,0.453521502352102,557.4
-28.25,130.25,0.2396039603960396,0.9256951774755572,0.44176374039877375,537.6
-28.25,130.5,0.271994342291372,0.9440204107076565,0.4880054607650056,514.7
-28.25,130.75,0.30410183875530405,0.936052986656091,0.5437717978695998,492.0
-28.25,131.0,0.3360678925035361,0.9093839168090971,0.5749117439755582,469.4
-28.25,131.25,0.3677510608203678,0.8919833466745198,0.5805735333107707,447.0
-28.25,131.5,0.39929278642149935,0.893993893822483,0.5829641765412726,424.7
-28.25,131.75,0.4304101838755304,0.8790038331218499,0.5883294885948857,402.7
-28.25,132.0,0.4612446958981613,0.8602658980521268,0.5983276792373109,380.9
-28.25,132.25,0.4916548797736917,0.8444216542627543,0.6109585623526987,359.4
-28.25,132.5,0.5216407355021216,0.8263300224859633,0.6036263302397308,338.2
-28.25,132.75,0.5509193776520509,0.805862001924331,0.599116458697027,317.5
-28.25,133.0,0.5794908062234795,0.7887640438638088,0.5965220286359436,297.3
-28.25,133.25,0.6073550212164074,0.7775626559769334,0.6000953736550323,277.6
-28.25,133.5,0.6340876944837341,0.7748952958087515,0.6132302923250523,258.7
-28.25,133.75,0.6594059405940593,0.7771168169034246,0.6396467324024357,240.8
-28.25,134.0,0.6831683168316831,0.7497065078347185,0.6424696731946156,224.0
-28.25,134.25,0.7049504950495049,0.6975336224542128,0.5724634814853813,208.6
-28.25,134.5,0.7241867043847242,0.6520244080214581,0.49310972130842196,195.0
-28.25,134.75,0.7403111739745403,0.6344603511350575,0.44972140338493916,183.6
-28.25,135.0,0.752899575671853,0.639049326564966,0.45586667874860604,174.7
-28.25,135.25,0.7612446958981612,0.6520912289619465,0.45012046712467296,168.8
-28.25,135.5,0.7647807637906647,0.6679801362708142,0.4594451490612826,166.3
-28.25,135.75,0.7635077793493635,0.6741081294683664,0.4644567030364054,167.2
-28.25,136.0,0.7574257425742574,0.6703291303189386,0.45519412096204104,171.5
-28.25,136.25,0.7468175388967468,0.6572652039950633,0.43042886351827014,179.0
-28.25,136.5,0.7322489391796323,0.6417709286799871,0.4118118953686722,189.3
-28.25,136.75,0.7144271570014145,0.6535838475604696,0.4360254907089048,201.9
-28.25,137.0,0.695049504950495,0.6831684809859022,0.494692405521442,215.6
-28.25,137.25,0.6768033946251768,0.7157493794745204,0.5536532027342338,228.5
-28.25,137.5,0.6585572842998586,0.7415431430113653,0.5601712062095762,241.4
-28.25,137.75,0.6404526166902405,0.7783037453351201,0.49946724507227275,254.2
-28.25,138.0,0.6355021216407355,0.8182004928185375,0.46456377009711014,257.7
-28.25,138.25,0.6388967468175388,0.85272443750632,0.45831070239534394,255.3
-28.25,138.5,0.6390381895332391,0.8736382297862805,0.46964638513961926,255.2
-28.25,138.75,0.6360678925035361,0.8693523508645198,0.47873035556762944,257.3
-28.25,139.0,0.6298444130127299,0.8572353638227395,0.4614450128316237,261.7
-28.25,139.25,0.6207920792079207,0.8658566135876583,0.4578809352459094,268.1
-28.25,139.5,0.609052333804809,0.8823286852901717,0.4625615532045558,276.4
-28.25,139.75,0.5947666195190948,0.8948009310687435,0.47332934374893126,286.5
-28.25,140.0,0.5782178217821783,0.8966416092343683,0.4863270399359104,298.2
-28.25,140.25,0.5596888260254597,0.8905505690432288,0.4834195640340819,311.3
-28.25,140.5,0.5393210749646393,0.8930174258018609,0.4873663624422405,325.7
-28.25,140.75,0.5175388967468175,0.9044212007529222,0.5026266823409533,341.1
-28.25,141.0,0.49434229137199437,0.9127844876298172,0.5314485935422377,357.5
-28.25,141.25,0.5086280056577086,0.9066044614184724,0.5641593131946708,347.4
-28.25,141.5,0.5376237623762377,0.8921413859555636,0.5091190915829072,326.9
-28.25,141.75,0.5657708628005658,0.9142731385195341,0.4889304473194104,307.0
-28.25,142.0,0.5930693069306932,0.9370622204261849,0.4955600629271297,287.7
-28.25,142.25,0.618953323903819,0.9366077066078333,0.50460146763072,269.4
-28.25,142.5,0.6435643564356436,0.9154118802428864,0.4826796199189293,252.0
-28.25,142.75,0.6663366336633663,0.8931242181415324,0.4560294148786583,235.9
-28.25,143.0,0.686987270155587,0.8859702917294242,0.44917696182079514,221.3
-28.25,143.25,0.7050919377652051,0.8993755554938492,0.4623362336939953,208.5
-28.25,143.5,0.7199434229137199,0.9285109189367985,0.498117906772979,198.0
-28.25,143.75,0.7318246110325318,0.9575865601306012,0.5572925318789473,189.6
-28.25,144.0,0.7657708628005657,0.9553888858406593,0.5619700069688842,165.6
-28.25,144.25,0.7998585572842999,0.9335460744859597,0.5356254177053834,141.5
-28.25,144.5,0.8336633663366337,0.9082974035278653,0.5024310508517413,117.6
-28.25,144.75,0.8671852899575672,0.8925181253017304,0.45825859524386736,93.9
-28.25,145.0,0.9002828854314002,0.8879998719343846,0.38452879715667787,70.5
-28.25,145.25,0.9322489391796323,0.8977546660571182,0.3822035578298851,47.9
-28.25,145.5,0.9598302687411598,0.9085896591312562,0.4343429438572987,28.4
-28.25,145.75,0.9687411598302688,0.9127757306888042,0.4808826242944698,22.1
-28.25,146.0,0.9513437057991514,0.9021207735506163,0.4886745211028016,34.4
-28.25,146.25,0.9223479490806223,0.8854252202520425,0.45419797663659733,54.9
-28.25,146.5,0.8910891089108911,0.8687883896728551,0.39132467857776937,77.0
-28.25,146.75,0.8606789250353607,0.855751252652358,0.36310792271718717,98.5
-28.25,147.0,0.8292786421499293,0.8482250204503172,0.36475320642799103,120.7
-28.25,147.25,0.8082036775106082,0.839883233674148,0.3768861785534114,135.6
-28.25,147.5,0.842008486562942,0.820174224880587,0.3622404426015292,111.7
-28.25,147.75,0.8755304101838756,0.8072512385254489,0.35721912155749375,88.0
-28.25,148.0,0.9083451202263083,0.8020778757117237,0.3550238035879705,64.8
-28.25,148.25,0.9396039603960396,0.8075371786540794,0.36520708502147414,42.7
-28.25,148.5,0.9644978783592645,0.8180806825150744,0.38974309033947885,25.1
-28.25,148.75,0.9650636492220651,0.8243823934340646,0.41097228202223873,24.7
-28.25,149.0,0.9407355021216407,0.8163620319001343,0.3797755708722035,41.9
-28.25,149.25,0.9111739745403111,0.8181325939261227,0.3746468604219546,62.8
-28.25,149.5,0.8861386138613861,0.8261142899739572,0.3921661292936023,80.5
-28.25,149.75,0.9176803394625177,0.8319220198356623,0.4077000721773499,58.2
-28.25,150.0,0.946958981612447,0.8329967483625816,0.38106511407963883,37.5
-28.25,150.25,0.9736916548797737,0.8363428146741051,0.38598612120137615,18.6
-28.25,150.5,0.9984441301272985,0.8316314517688672,0.37812466223227337,1.1
-28.25,150.75,0.9817538896746818,0.8223787497866952,0.3422038164799212,12.9
-28.25,151.0,0.9852899575671853,0.8196651709544136,0.30589863817758145,10.4
-28.25,151.25,0.9554455445544554,0.843398668299989,0.33118577299988955,31.5
-28.25,151.5,0.955021216407355,0.8628745720309466,0.35583316480841515,31.8
-28.25,151.75,0.9758132956152759,0.8635941731724601,0.33940919374067813,17.1
-28.25,152.0,0.9963224893917964,0.8435944597266581,0.2891160254968979,2.6
-28.25,152.25,0.9719943422913719,0.8087289860274423,0.20321230128741152,19.8
-28.25,152.5,0.9394625176803395,0.8188235140198281,0.10027629168350102,42.8
-28.25,152.75,0.9438472418670438,0.8666804126345184,0.06954583719448186,39.7
-28.25,153.0,0.9547383309759547,0.8717335675083898,0.05731626940220584,32.0
-28.25,153.25,0.9775106082036775,0.883832489536007,0.09019380769055849,15.9
-28.25,153.5,0.9995756718528995,0.9026117669748199,0.23654920932498752,0.3
-28.5,114.75,0.9618104667609618,0.952516230554631,0.519801976320299,27.0
-28.5,115.0,0.9588401697312589,0.9692275718084098,0.49456694864946754,29.1
-28.5,115.25,0.9431400282885432,0.9768120152072766,0.534162178620601,40.2
-28.5,115.5,0.9203677510608204,0.9645818252728512,0.604243090018745,56.3
-28.5,115.75,0.8947666195190948,0.9551909403772184,0.6738671894792769,74.4
-28.5,116.0,0.8851485148514852,0.9605706434461784,0.7274109381843142,81.2
-28.5,116.25,0.907920792079208,0.9675324237213975,0.7135821224550551,65.1
-28.5,116.5,0.9306930693069306,0.9647234086957235,0.6856330261875972,49.0
-28.5,116.75,0.9530410183875531,0.9585025216235817,0.6875047898527928,33.2
-28.5,117.0,0.9603960396039604,0.9533114728458053,0.6898000510472794,28.0
-28.5,117.25,0.9427157001414427,0.9486338432465857,0.6875960458662974,40.5
-28.5,117.5,0.9144271570014144,0.9468043544565375,0.6822695442119283,60.5
-28.5,117.75,0.883026874115983,0.940558452343845,0.7113744103007235,82.7
-28.5,118.0,0.8503536067892503,0.9364993824193112,0.7341082463488544,105.8
-28.5,118.25,0.8171145685997171,0.9330678389463711,0.7383948291577024,129.3
-28.5,118.5,0.7835926449787836,0.929097562533196,0.731969290491522,153.0
-28.5,118.75,0.7499292786421499,0.9215344856651331,0.7318236870252557,176.8
-28.5,119.0,0.7787835926449788,0.912622390713427,0.6739964500282537,156.4
-28.5,119.25,0.8104667609618105,0.9117275656342833,0.6480582739820843,134.0
-28.5,119.5,0.841018387553041,0.9124525069556374,0.6571615690233392,112.4
-28.5,119.75,0.8697312588401698,0.9163690454057232,0.6943047972963953,92.1
-28.5,120.0,0.8951909476661952,0.9162145450187981,0.7037475060410047,74.1
-28.5,120.25,0.914002828854314,0.9139493381506111,0.6965863749240389,60.8
-28.5,120.5,0.9217821782178218,0.9101792373960657,0.6772396971291885,55.3
-28.5,120.75,0.9161244695898161,0.914821923003161,0.672572714385559,59.3
-28.5,121.0,0.9025459688826025,0.9312267888866776,0.6902638417651542,68.9
-28.5,121.25,0.8831683168316832,0.9446808623715949,0.7244740482548195,82.6
-28.5,121.5,0.8588401697312589,0.9325524306237467,0.707357308337124,99.8
-28.5,121.75,0.8312588401697313,0.9179910717709364,0.6216268126039969,119.3
-28.5,122.0,0.8016973125884017,0.9277681802732924,0.5660050313427658,140.2
-28.5,122.25,0.771004243281471,0.9517864573122209,0.5800246433786068,161.9
-28.5,122.5,0.7393210749646393,0.9613194165978464,0.6387499671973151,184.3
-28.5,122.75,0.7070721357850072,0.9425674509024164,0.5639855689654976,207.1
-28.5,123.0,0.6745403111739745,0.931014542620679,0.5070928115981306,230.1
-28.5,123.25,0.6417256011315418,0.9250936725082439,0.4949163389463152,253.3
-28.5,123.5,0.6086280056577087,0.9230353500735821,0.5133033619273032,276.7
-28.5,123.75,0.5752475247524753,0.915324031086573,0.49998414221270093,300.3
-28.5,124.0,0.5418670438472419,0.9043346034986243,0.4759604889634523,323.9
-28.5,124.25,0.5082036775106082,0.9045865842313339,0.4761790714528816,347.7
-28.5,124.5,0.47454031117397455,0.909794574299856,0.4828788294432876,371.5
-28.5,124.75,0.44087694483734086,0.9096243414461249,0.4890955849235021,395.3
-28.5,125.0,0.4086280056577086,0.9035262092675547,0.4737148206254746,418.1
-28.5,125.25,0.3811881188118812,0.8959459508963159,0.45955136190638946,437.5
-28.5,125.5,0.35318246110325313,0.900570323235045,0.45177242338750623,457.3
-28.5,125.75,0.32461103253182466,0.9181705795304206,0.45572109139961514,477.5
-28.5,126.0,0.2956152758132956,0.9434262798334696,0.48095582895948885,498.0
-28.5,126.25,0.2661951909476663,0.9544837648223484,0.5317290502520563,518.8
-28.5,126.5,0.23635077793493642,0.9382457540065788,0.5837097939373779,539.9
-28.5,126.75,0.2062234794908061,0.9227821960126701,0.6198510917831096,561.2
-28.5,127.0,0.1758132956152757,0.911868962041573,0.6087194537458225,582.7
-28.5,127.25,0.1451202263083452,0.9029841754211976,0.5538981208517215,604.4
-28.5,127.5,0.11428571428571421,0.8983581394341719,0.49198497724229423,626.2
-28.5,127.75,0.08316831683168313,0.8900984544934826,0.4720059864976364,648.2
-28.5,128.0,0.051909476661952,0.8914605993374775,0.45531174483815484,670.3
-28.5,128.25,0.07100424328147104,0.9003592417758234,0.4477510342286414,656.8
-28.5,128.5,0.09731258840169721,0.9097747860755959,0.4477237476813325,638.2
-28.5,128.75,0.12305516265912309,0.9029586731474074,0.45242019280445456,620.0
-28.5,129.0,0.14823196605374822,0.9154978168783185,0.4434000951389875,602.2
-28.5,129.25,0.17270155586987268,0.9435215864779669,0.4640195541748222,584.9
-28.5,129.5,0.19674681753889678,0.9513398608669541,0.4859409022510744,567.9
-28.5,129.75,0.21994342291371993,0.9352630491905571,0.49556613913996816,551.5
-28.5,130.0,0.2424328147100424,0.8972918825905634,0.4907593067974019,535.6
-28.5,130.25,0.263932107496464,0.9070408337098047,0.4582914906030272,520.4
-28.5,130.5,0.28458274398868455,0.9289876264632169,0.45612025184300153,505.8
-28.5,130.75,0.3171145685997171,0.9350424456143721,0.4798289574130039,482.8
-28.5,131.0,0.34964639321074964,0.9189456376824162,0.49667412123964494,459.8
-28.5,131.25,0.382036775106082,0.8852155632626932,0.4872627767130293,436.9
-28.5,131.5,0.4141442715700142,0.8816423639263378,0.4794351801396124,414.2
-28.5,131.75,0.4461103253182461,0.8769238380124275,0.4890153692436695,391.6
-28.5,132.0,0.47779349363507784,0.864422771424163,0.5337543309657561,369.2
-28.5,132.25,0.5091937765205092,0.8532586760106333,0.6162898991896978,347.0
-28.5,132.5,0.5401697312588402,0.8311725052862592,0.6548973335840622,325.1
-28.5,132.75,0.5707213578500707,0.8003708415007049,0.6383391861983412,303.5
-28.5,133.0,0.6007072135785008,0.7792332781207667,0.628589797936783,282.3
-28.5,133.25,0.6299858557284299,0.7692599530280907,0.6263382145587213,261.6
-28.5,133.5,0.6584158415841583,0.7679443187956269,0.6328912086390298,241.5
-28.5,133.75,0.6857142857142857,0.7704587721983484,0.6513953236260424,222.2
-28.5,134.0,0.7115983026874115,0.7448890887659458,0.6537934775068963,203.9
-28.5,134.25,0.7356435643564356,0.6939244137925038,0.593783896947095,186.9
-28.5,134.5,0.7571428571428571,0.6452599857728822,0.5185140609576824,171.7
-28.5,134.75,0.7756718528995756,0.6221013830637885,0.4740751545523416,158.6
-28.5,135.0,0.7902404526166902,0.6258482499186347,0.47459084289711234,148.3
-28.5,135.25,0.8001414427157001,0.6326676134292423,0.46921866488416475,141.3
-28.5,135.5,0.8043847241867044,0.6447395132588505,0.4821272164207211,138.3
-28.5,135.75,0.802970297029703,0.6421147955663535,0.4867077622162009,139.3
-28.5,136.0,0.7956152758132956,0.620052620817295,0.47463110385114526,144.5
-28.5,136.25,0.7831683168316832,0.6051127846156744,0.4425973581187459,153.3
-28.5,136.5,0.7664780763790665,0.607968227316132,0.42152392378577547,165.1
-28.5,136.75,0.7469589816124469,0.6190527196483753,0.4390413552880237,178.9
-28.5,137.0,0.7285714285714285,0.6459125998719605,0.49063499425198326,191.9
-28.5,137.5,0.6922206506364923,0.7049943664471994,0.5618637135374003,217.6
-28.5,137.75,0.6741159830268741,0.7361114979391468,0.4978149503466553,230.4
-28.5,138.0,0.6746817538896747,0.7689674297962166,0.45574433251079033,230.0
-28.5,138.25,0.6785007072135785,0.8016964027942126,0.4428810705182021,227.3
-28.5,138.5,0.6786421499292787,0.8294193458582733,0.45173711043703146,227.2
-28.5,138.75,0.6752475247524752,0.845619125320101,0.4627322029168458,229.6
-28.5,139.0,0.6684582743988685,0.8459157028679423,0.4615372358816543,234.4
-28.5,139.25,0.6584158415841583,0.8577834415551462,0.4659254542293859,241.5
-28.5,139.5,0.6454031117397454,0.8708047787739461,0.4675585855145129,250.7
-28.5,139.75,0.6297029702970297,0.8721349930622297,0.4696743647297719,261.8
-28.5,140.0,0.6117397454031117,0.8690385425181895,0.47573586249573535,274.5
-28.5,140.25,0.5916548797736917,0.8599919464082365,0.4779483131290445,288.7
-28.5,140.5,0.5698727015558698,0.8681369813719422,0.5024377234037708,304.1
-28.5,140.75,0.5466760961810466,0.8811182453811417,0.5283510627284972,320.5
-28.5,141.0,0.5220650636492221,0.8882461869299815,0.5562647171072768,337.9
-28.5,141.25,0.4964639321074965,0.8795644217368783,0.5781613735175648,356.0
-28.5,141.5,0.5145685997171145,0.8761927130400501,0.5478036632574965,343.2
-28.5,141.75,0.5413012729844413,0.8902744363052708,0.533446942288688,324.3
-28.5,142.0,0.5669024045261669,0.8893322560507142,0.5169909784292155,306.2
-28.5,142.25,0.5912305516265912,0.8541317718162256,0.4808381889660997,289.0
-28.5,142.5,0.614002828854314,0.8205374776442244,0.44211504865139806,272.9
-28.5,142.75,0.6349363507779349,0.8384574839791813,0.43162734411950615,258.1
-28.5,143.0,0.6536067892503536,0.8690670188088652,0.4475780152768626,244.9
-28.5,143.25,0.6697312588401697,0.8986700874401545,0.4855681580221235,233.5
-28.5,143.5,0.6915134370579915,0.9243734006757103,0.5462617879858741,218.1
-28.5,143.75,0.7247524752475247,0.921215823800718,0.5880956591628962,194.6
-28.5,144.0,0.7577086280056577,0.8986790717053066,0.5583419599169742,171.3
-28.5,144.25,0.7903818953323904,0.8851659292431029,0.5049100812207209,148.2
-28.5,144.5,0.8222065063649222,0.8701330529563693,0.4535768168413898,125.7
-28.5,144.75,0.8531824611032532,0.8641336022247709,0.4049135564276498,103.8
-28.5,145.0,0.8821782178217822,0.8768363123922714,0.36847286407346513,83.3
-28.5,145.25,0.9074964639321075,0.8857771316799206,0.38891806312731275,65.4
-28.5,145.5,0.9253182461103253,0.8940021348212744,0.4500373664525378,52.8
-28.5,145.75,0.9295615275813296,0.896150680059535,0.4873923757247902,49.8
-28.5,146.0,0.9195190947666195,0.8824440173382309,0.46648672222908255,56.9
-28.5,146.25,0.8991513437057992,0.8644966399588914,0.395526855215172,71.3
-28.5,146.5,0.8728429985855728,0.8588868226421834,0.35183635449458633,89.9
-28.5,146.75,0.8434229137199434,0.8552186866558833,0.3431112674386543,110.7
-28.5,147.0,0.8123055162659123,0.8503234404075599,0.3478730036445576,132.7
-28.5,147.25,0.8231966053748232,0.8411387964621112,0.35601269513946904,125.0
-28.5,147.5,0.8394625176803394,0.8245854499726212,0.34634556945172357,113.5
-28.5,147.75,0.8603960396039604,0.8163857672878704,0.34316833871096436,98.7
-28.5,148.0,0.8886845827439886,0.8154259975879442,0.35574397180616607,78.7
-28.5,148.25,0.9124469589816124,0.8236429170050668,0.38337383319911233,61.9
-28.5,148.5,0.9272984441301273,0.8367932245073603,0.4252583770900975,51.4
-28.5,148.75,0.9275813295615276,0.8422868655390979,0.4351591710370781,51.2
-28.5,149.0,0.9237623762376238,0.8290213464528223,0.3833684500291176,53.9
-28.5,149.25,0.9162659123055162,0.8259975624928209,0.3577681404278609,59.2
-28.5,149.5,0.9104667609618105,0.8309663825110405,0.35532497099672106,63.3
-28.5,149.75,0.9277227722772277,0.8372331414421899,0.3593531616458189,51.1
-28.5,150.0,0.9618104667609618,0.8455983048175376,0.3550961379201161,27.0
-28.5,150.25,0.9957567185289957,0.8552995704863343,0.36739107254636777,3.0
-28.5,150.5,0.9755304101838755,0.8471482555744965,0.3532850074451014,17.3
-28.5,150.75,0.9828854314002828,0.8324561290695208,0.3068555208200691,12.1
-28.5,151.0,0.9833097595473833,0.8228373348293139,0.26116712263674524,11.8
-28.5,151.25,0.9571428571428572,0.8469081778704777,0.2867451742806282,30.3
-28.5,151.5,0.9445544554455445,0.8694809186313346,0.3838162524097623,39.2
-28.5,151.75,0.9769448373408769,0.8609667706725825,0.3711730556959433,16.3
-28.5,152.0,0.9910891089108911,0.8219701495249147,0.28396807101978133,6.3
-28.5,152.25,0.9572842998585573,0.7561819206690588,0.17248866440590074,30.2
-28.5,152.5,0.9394625176803395,0.715113825138971,0.10412619303175334,42.8
-28.5,152.75,0.9594059405940594,0.7109375205776058,0.09540632152615151,28.7
-28.5,153.0,0.9789250353606789,0.7003184141018007,0.08060589841156868,14.9
-28.5,153.25,0.9717114568599717,0.7407171744147945,0.09785523515425591,20.0
-28.5,153.5,0.9942008486562942,0.8388112275068453,0.21142181281950098,4.1
-28.75,114.75,0.9971711456859972,0.9628048415426909,0.5785139066831221,2.0
-28.75,115.0,0.9947666195190947,0.9589583684381525,0.47401655213886534,3.7
-28.75,115.25,0.9722772277227723,0.9659340280096336,0.4902687936368583,19.6
-28.75,115.5,0.9463932107496464,0.9604843915095705,0.5388359467371883,37.9
-28.75,115.75,0.9165487977369166,0.9621424022753041,0.596722285783205,59.0
-28.75,116.0,0.9148514851485149,0.9657968284132072,0.6466688197842366,60.2
-28.75,116.25,0.9374823196605375,0.9730714577076813,0.6805173384958986,44.2
-28.75,116.5,0.9602545968882602,0.9715646695733168,0.7024455202969345,28.1
-28.75,116.75,0.983026874115983,0.9620890132517351,0.7016205092020439,12.0
-28.75,117.0,0.9920792079207921,0.9633012347846396,0.7012858984467688,5.6
-28.75,117.25,0.957991513437058,0.9587869997444263,0.688926269076927,29.7
-28.75,117.5,0.923903818953324,0.9563332570155737,0.6928848008616011,53.8
-28.75,117.75,0.8896746817538896,0.9499857733263901,0.7308311368522337,78.0
-28.75,118.0,0.8555869872701556,0.9459737287783803,0.7459374239496285,102.1
-28.75,118.25,0.8214992927864215,0.9440629846760664,0.7442585357195458,126.2
-28.75,118.5,0.7874115983026874,0.9371231166865063,0.7321132822302451,150.3
-28.75,118.75,0.7531824611032532,0.9223368297418053,0.6853840787512513,174.5
-28.75,119.0,0.7620933521923621,0.9138173589788444,0.5897589942221856,168.2
-28.75,119.25,0.7910891089108911,0.9131634456893702,0.5762364550779895,147.7
-28.75,119.5,0.8183875530410184,0.923448385745865,0.6287059229062815,128.4
-28.75,119.75,0.8428571428571429,0.927490927639032,0.6799971373140065,111.1
-28.75,120.0,0.8629420084865629,0.9268315637318267,0.7136336171500652,96.9
-28.75,120.25,0.8768033946251768,0.9184760328474447,0.706687135907323,87.1
-28.75,120.5,0.882036775106082,0.9093097222787251,0.684533505657523,83.4
-28.75,120.75,0.8780763790664781,0.9080456086444624,0.6739561084878436,86.2
-28.75,121.0,0.8669024045261668,0.9172811428722046,0.681118674042323,94.1
-28.75,121.25,0.8507779349363508,0.9390580259615023,0.6885156492507073,105.5
-28.75,121.5,0.8308345120226308,0.9549289672675121,0.693722012733995,119.6
-28.75,121.75,0.807072135785007,0.9424993246049846,0.6410034362966026,136.4
-28.75,122.0,0.7804809052333805,0.9382566331274474,0.6224735659034474,155.2
-28.75,122.25,0.7523338048090523,0.9512543748229679,0.639310203691384,175.1
-28.75,122.5,0.7227722772277227,0.9639702203334661,0.6571069636941705,196.0
-28.75,122.75,0.6923620933521923,0.9436086191354435,0.5661028793219227,217.5
-28.75,123.0,0.6611032531824611,0.9298392022251278,0.517054383790771,239.6
-28.75,123.25,0.6294200848656295,0.9270217813036051,0.5167798743555874,262.0
-28.75,123.5,0.5973125884016973,0.9282890626885694,0.5308908713431365,284.7
-28.75,123.75,0.5649222065063648,0.9181243749067066,0.49108684206876174,307.6
-28.75,124.0,0.5384724186704384,0.9106009904098938,0.4741852033090017,326.3
-28.75,124.25,0.5131541725601132,0.9097971499406516,0.4680287425561839,344.2
-28.75,124.5,0.4868458274398868,0.9070539702704696,0.4693869292396906,362.8
-28.75,124.75,0.45983026874115984,0.9022281637789534,0.46742328098724856,381.9
-28.75,125.0,0.43196605374823194,0.8968954636607671,0.4534863022225551,401.6
-28.75,125.25,0.4035360678925035,0.8959839765363465,0.4538254580495026,421.7
-28.75,125.5,0.3746817538896746,0.8971422887669243,0.4482230125224364,442.1
-28.75,125.75,0.34512022630834516,0.9088119831996907,0.4634222640645317,463.0
-28.75,126.0,0.31541725601131543,0.9283667466832305,0.4908628764093376,484.0
-28.75,126.25,0.2851485148514852,0.9505323238872664,0.5158186239314573,505.4
-28.75,126.5,0.2547383309759548,0.9479742520495024,0.5534620679648679,526.9
-28.75,126.75,0.22390381895332379,0.9348110535942297,0.5938047365842305,548.7
-28.75,127.0,0.19292786421499286,0.9227772749376298,0.5796755754272679,570.6
-28.75,127.25,0.16166902404526162,0.9131075029020196,0.5117407437221979,592.7
-28.75,127.5,0.13026874115983034,0.911398072015871,0.4733194477418151,614.9
-28.75,127.75,0.09872701555869867,0.9058940076331673,0.47704840505521434,637.2
-28.75,128.0,0.06817538896746822,0.9066527539015675,0.46364270004063585,658.8
-28.75,128.25,0.09561527581329565,0.9123772749877417,0.46863088396638,639.4
-28.75,128.5,0.12248939179632257,0.9186331836861724,0.47428280952902707,620.4
-28.75,128.75,0.1489391796322489,0.9118444260015267,0.4750827421433432,601.7
-28.75,129.0,0.17482319660537482,0.913820073487651,0.4674445074389945,583.4
-28.75,129.25,0.20028288543140027,0.9288055685867748,0.4761022081663391,565.4
-28.75,129.5,0.2248939179632249,0.9298501782075685,0.48951226484528465,548.0
-28.75,129.75,0.24893917963224899,0.9131098045631403,0.4980152558457431,531.0
-28.75,130.0,0.2722772277227723,0.8970516444880612,0.5375276752556992,514.5
-28.75,130.25,0.2947666195190948,0.89574635481553,0.49676663440063334,498.6
-28.75,130.5,0.31626591230551626,0.9110007353040385,0.4809465937606655,483.4
-28.75,130.75,0.33677510608203676,0.9276050536550494,0.4868237582474959,468.9
-28.75,131.0,0.36110325318246117,0.9220770446210405,0.49785414756050966,451.7
-28.75,131.25,0.3940594059405941,0.8865117315034542,0.4709645365109491,428.4
-28.75,131.5,0.42687411598302694,0.8586445451892966,0.4779967455417222,405.2
-28.75,131.75,0.45940594059405937,0.8575716990605916,0.48633424435802924,382.2
-28.75,132.0,0.49179632248939176,0.8561649445613357,0.5445645905308989,359.3
-28.75,132.25,0.5240452616690241,0.8453174838032677,0.6240303174202949,336.5
-28.75,132.5,0.5560113154172561,0.8233223491231703,0.6603731779125981,313.9
-28.75,132.75,0.5876944837340876,0.7928507228734298,0.6360576569225239,291.5
-28.75,133.0,0.618953323903819,0.7751093856339775,0.6238694186596421,269.4
-28.75,133.25,0.6496463932107497,0.7607365179689378,0.625275199657504,247.7
-28.75,133.5,0.6797736916548798,0.7587634206893551,0.6285230079473866,226.4
-28.75,133.75,0.7089108910891089,0.7522630916951849,0.657795268058834,205.8
-28.75,134.0,0.737057991513437,0.7305834502700315,0.6567082384172208,185.9
-28.75,134.25,0.7635077793493635,0.6862790590725439,0.603809438605931,167.2
-28.75,134.5,0.787977369165488,0.637311843484649,0.5399580636874203,149.9
-28.75,134.75,0.8093352192362093,0.6098692942106361,0.4894424286908313,134.8
-28.75,135.0,0.8267326732673268,0.6013772017673648,0.46874443017180906,122.5
-28.75,135.25,0.8387553041018387,0.6086195361030584,0.47132242061195023,114.0
-28.75,135.5,0.8441301272984442,0.6217611575131528,0.48089295546802274,110.2
-28.75,135.75,0.8421499292786422,0.613379299970511,0.49623279800372455,111.6
-28.75,136.0,0.8332390381895333,0.5839540093649894,0.48553598794035824,117.9
-28.75,136.25,0.8182461103253182,0.5592525720854022,0.4531312386447549,128.5
-28.75,136.5,0.7987270155586987,0.5707008157419753,0.4335957792027519,142.3
-28.75,136.75,0.7804809052333805,0.5869417420749194,0.44104547401907934,155.2
-28.75,137.0,0.7622347949080622,0.6139968927088226,0.4747630882196702,168.1
-28.75,137.75,0.7077793493635078,0.6951551575506804,0.49021615461529244,206.6
-28.75,138.0,0.7138613861386138,0.728119672669385,0.4480657885005825,202.3
-28.75,138.25,0.7181046676096181,0.7675894035730523,0.44284664401787605,199.3
-28.75,138.5,0.7182461103253183,0.7991227169457162,0.45063288366253057,199.2
-28.75,138.75,0.7144271570014145,0.8252095992886272,0.46809435598447374,201.9
-28.75,139.0,0.7067892503536068,0.8325603870572159,0.4737581438618399,207.3
-28.75,139.25,0.6954738330975955,0.8402821678073202,0.4732102693180285,215.3
-28.75,139.5,0.6809052333804809,0.8452339052735725,0.4746056385559603,225.6
-28.75,139.75,0.6636492220650636,0.8428948382123532,0.47198782232822284,237.8
-28.75,140.0,0.643988684582744,0.8378132959476414,0.4710488298614664,251.7
-28.75,140.25,0.6222065063649223,0.8284737237329269,0.4660830167140239,267.1
-28.75,140.5,0.5988684582743988,0.8362465016094671,0.4827672495454614,283.6
-28.75,140.75,0.574115983026874,0.8460356184238184,0.5130852951906878,301.1
-28.75,141.0,0.5480905233380481,0.8492928140239775,0.5421753172688086,319.5
-28.75,141.25,0.5210749646393211,0.8444691551844826,0.5690959379563032,338.6
-28.75,141.5,0.5144271570014144,0.8554286517701456,0.5579790149914868,343.3
-28.75,141.75,0.5148514851485149,0.8601617416168037,0.5339761852620983,343.0
-28.75,142.0,0.538896746817539,0.8420000975047033,0.4889208736578028,326.0
-28.75,142.25,0.5616690240452618,0.80971875270836,0.4369611952514728,309.9
-28.75,142.5,0.5827439886845828,0.8019327574862473,0.414901593186552,295.0
-28.75,142.75,0.6019801980198021,0.8332664932012431,0.438160239957349,281.4
-28.75,143.0,0.618953323903819,0.8624883066067817,0.45217296991657996,269.4
-28.75,143.25,0.6480905233380481,0.8820077826949076,0.4954330910312645,248.8
-28.75,143.5,0.6804809052333805,0.8999607341396704,0.5516497286941956,225.9
-28.75,143.75,0.7124469589816125,0.8780922246867456,0.5711969859818159,203.3
-28.75,144.0,0.7437057991513437,0.844022648773594,0.5063101244685283,181.2
-28.75,144.25,0.7741159830268741,0.8370212946963719,0.4443392326612228,159.7
-28.75,144.5,0.8033946251768034,0.8398296267392118,0.39593139882855316,139.0
-28.75,144.75,0.8306930693069307,0.8424679624152949,0.3623248326556991,119.7
-28.75,145.0,0.8551626591230551,0.8493274852743137,0.37147444874654995,102.4
-28.75,145.25,0.8748231966053748,0.847213311456555,0.38647557062174104,88.5
-28.75,145.5,0.8872701555869873,0.8613400634948956,0.4334453405538555,79.7
-28.75,145.75,0.8900990099009901,0.864357809520422,0.4565150767392963,77.7
-28.75,146.0,0.883026874115983,0.8573279994799324,0.43253645515760886,82.7
-28.75,146.25,0.8678925035360678,0.8490021500198132,0.37219933932644766,93.4
-28.75,146.5,0.8468175388967468,0.8499870636139968,0.3549747587188263,108.3
-28.75,146.75,0.8217821782178218,0.8515071446984186,0.34150505200350123,126.0
-28.75,147.0,0.8318246110325318,0.8482602702089663,0.3392609148066898,118.9
-28.75,147.25,0.8555869872701556,0.8407429625698639,0.33674312239029275,102.1
-28.75,147.5,0.8749646393210749,0.8278615835933025,0.35596884003301443,88.4
-28.75,147.75,0.8884016973125883,0.8216814617186761,0.36555576615820284,78.9
-28.75,148.0,0.8925035360678925,0.8240428362233625,0.36141762345609757,76.0
-28.75,148.25,0.8916548797736916,0.8255028564819279,0.36477104825189594,76.6
-28.75,148.5,0.922913719943423,0.8351301168254057,0.38297348007734394,54.5
-28.75,148.75,0.9502121640735502,0.8370658151871176,0.37934167770025795,35.2
-28.75,149.0,0.9633663366336633,0.8376948220819722,0.36608215637386127,25.9
-28.75,149.25,0.9547383309759547,0.8398059717978457,0.3494217609927901,32.0
-28.75,149.5,0.9487977369165488,0.8474948764809568,0.36216282180304143,36.2
-28.75,149.75,0.9451202263083451,0.8554138743093243,0.3691866014987628,38.8
-28.75,150.0,0.954031117397454,0.8719362378666274,0.3958597736565267,32.5
-28.75,150.25,0.9868458274398868,0.8791236507037967,0.376214426630618,9.3
-28.75,150.5,0.9803394625176803,0.8657489912859351,0.3273028473542739,13.9
-28.75,150.75,0.9728429985855729,0.8348712661745629,0.25471777875474966,19.2
-28.75,151.0,0.9913719943422914,0.8152869028743511,0.21156156571478496,6.1
-28.75,151.25,0.98005657708628,0.8209602882751903,0.20222299068675162,14.1
-28.75,151.5,0.9584158415841584,0.8497506439105666,0.27053309703301553,29.4
-28.75,151.75,0.9718528995756719,0.8315865551199697,0.2766731665167174,19.9
-28.75,152.0,0.9799151343705799,0.7705948198914538,0.20521809621511214,14.2
-28.75,152.25,0.9731258840169731,0.715218436482197,0.11720278972888973,19.0
-28.75,152.5,0.9789250353606789,0.692822786833814,0.07805192915873356,14.9
-28.75,152.75,0.98005657708628,0.6793719742876673,0.10766234582605165,14.1
-28.75,153.0,0.994059405940594,0.6764805382240837,0.10658842919973109,4.2
-28.75,153.25,0.9963224893917964,0.7088675953602737,0.13891879082229858,2.6
-28.75,153.5,0.9920792079207921,0.795417699629134,0.266043275380951,5.6
-29.0,114.75,0.9728429985855729,0.9653364067972228,0.656613033671235,19.2
-29.0,115.0,0.9985855728429985,0.9501152649995243,0.4946306924738071,1.0
-29.0,115.25,0.9951909476661952,0.9529377052317477,0.47755271460352894,3.4
-29.0,115.5,0.9646393210749646,0.9597473263632185,0.4858417165380565,25.0
-29.0,115.75,0.9356435643564356,0.962660427047434,0.5345313609316811,45.5
-29.0,116.0,0.945968882602546,0.9725368025521564,0.5770689929405076,38.2
-29.0,116.25,0.9671852899575671,0.9757730470837004,0.6253324965716701,23.2
-29.0,116.5,0.9898161244695898,0.9719920264973042,0.6657598131216097,7.2
-29.0,116.75,0.9874115983026874,0.9720150558760468,0.6938828147909951,8.9
-29.0,117.0,0.9646393210749646,0.9669770240592673,0.6905764202049117,25.0
-29.0,117.25,0.9417256011315417,0.9722822048183962,0.6863599153096487,41.2
-29.0,117.5,0.9138613861386139,0.96875672469313,0.6987654627972006,60.9
-29.0,117.75,0.8826025459688827,0.958988555640371,0.7225707269643252,83.0
-29.0,118.0,0.8502121640735503,0.9543024213617483,0.7290537237174259,105.9
-29.0,118.25,0.8171145685997171,0.9486111894486139,0.7214944958972523,129.3
-29.0,118.5,0.7837340876944837,0.9394225568466027,0.6926572571670307,152.9
-29.0,118.75,0.7502121640735502,0.9178888169352587,0.623522317015906,176.6
-29.0,119.0,0.7403111739745403,0.9093898686475176,0.5343446745303347,183.6
-29.0,119.25,0.7664780763790665,0.9226008281200885,0.5525102944986926,165.1
-29.0,119.5,0.7905233380480905,0.927375990998735,0.6051694948933879,148.1
-29.0,119.75,0.8113154172560113,0.9404216559632876,0.6924420270708916,133.4
-29.0,120.0,0.8277227722772278,0.9361797766143519,0.7317455504739541,121.8
-29.0,120.25,0.8384724186704384,0.9244762096245078,0.7153312497714771,114.2
-29.0,120.5,0.8424328147100424,0.9176024347023468,0.7053268862125608,111.4
-29.0,120.75,0.8391796322489392,0.9135685825279838,0.6898584117016242,113.7
-29.0,121.0,0.8298444130127298,0.9127436996628189,0.6924977444920654,120.3
-29.0,121.25,0.8165487977369166,0.9212529113683732,0.6857439130425798,129.7
-29.0,121.5,0.799009900990099,0.9365399156843102,0.6534168006627397,142.1
-29.0,121.75,0.7785007072135786,0.9489635886567833,0.6154042549046262,156.6
-29.0,122.0,0.7551626591230551,0.9476570506721933,0.5972913867787624,173.1
-29.0,122.25,0.7294200848656294,0.9569096540974384,0.6172119040481474,191.3
-29.0,122.5,0.7028288543140029,0.9670984275733442,0.6135023035825438,210.1
-29.0,122.75,0.6823196605374824,0.9463839407061878,0.5411941942440689,224.6
-29.0,123.0,0.6596888260254596,0.9308681997619456,0.5062900423433382,240.6
-29.0,123.25,0.6376237623762376,0.9284977769258359,0.5002687249450305,256.2
-29.0,123.5,0.6147100424328147,0.9348225152150913,0.5102766987736439,272.4
-29.0,123.75,0.5903818953323903,0.9263722708857276,0.5155250155248849,289.6
-29.0,124.0,0.5647807637906648,0.9156427269687308,0.5283475169279018,307.7
-29.0,124.25,0.5381895332390382,0.9081134589722766,0.4994697432499649,326.5
-29.0,124.5,0.5106082036775106,0.9022070920253379,0.48711641573481756,346.0
-29.0,124.75,0.4823196605374823,0.8919155177749573,0.4599150159919958,366.0
-29.0,125.0,0.45346534653465354,0.8884815909173237,0.44931292715635224,386.4
-29.0,125.25,0.424045261669024,0.8888560537434052,0.4519087433031229,407.2
-29.0,125.5,0.39420084865629423,0.8878579655353245,0.4546017143862069,428.3
-29.0,125.75,0.363932107496464,0.8979812843565538,0.46739854096945815,449.7
-29.0,126.0,0.3333804809052333,0.9153250376504971,0.5198554050883611,471.3
-29.0,126.25,0.3024045261669024,0.933608152186463,0.5603928348640623,493.2
-29.0,126.5,0.2712871287128712,0.933009655222325,0.5851827839737974,515.2
-29.0,126.75,0.2398868458274399,0.9312880132578342,0.5843910067008506,537.4
-29.0,127.0,0.20834512022630824,0.9216910229224563,0.5577958260389096,559.7
-29.0,127.25,0.17666195190947664,0.9198082069897116,0.48560434130547175,582.1
-29.0,127.5,0.1454031117397453,0.9206664106322288,0.4675189047823956,604.2
-29.0,127.75,0.11513437057991516,0.9221700071702783,0.4756164979538748,625.6
-29.0,128.0,0.09108910891089106,0.9169515202554595,0.4820619736897662,642.6
-29.0,128.25,0.11909476661951912,0.9200933976392378,0.48276676602719837,622.8
-29.0,128.5,0.1466760961810467,0.9181334041401836,0.4819830635092438,603.3
-29.0,128.75,0.17383309759547383,0.9149932693239327,0.47561567597282767,584.1
-29.0,129.0,0.20042432814710054,0.9166458262514068,0.4683058468727123,565.3
-29.0,129.25,0.22659123055162667,0.9192919588101529,0.46635304554663704,546.8
-29.0,129.5,0.25219236209335216,0.9144240209633673,0.47296712410083847,528.7
-29.0,129.75,0.2770862800565771,0.9115682804151547,0.4971226972495105,511.1
-29.0,130.0,0.3011315417256011,0.9038884288998756,0.555535136400228,494.1
-29.0,130.25,0.32461103253182466,0.9008984818043548,0.5611616450195164,477.5
-29.0,130.5,0.346958981612447,0.8943347138748311,0.5712181318471847,461.7
-29.0,130.75,0.36845827439886847,0.9016253109346242,0.5701603872950342,446.5
-29.0,131.0,0.3888260254596888,0.9084354323951574,0.5617365643515052,432.1
-29.0,131.25,0.4080622347949081,0.8852366765203477,0.5342655870597826,418.5
-29.0,131.5,0.4369165487977369,0.8524777928615155,0.5419643582506594,398.1
-29.0,131.75,0.47001414427157007,0.845058943035317,0.5466887668466587,374.7
-29.0,132.0,0.503111739745403,0.8417529833238384,0.5914248435764425,351.3
-29.0,132.25,0.536067892503536,0.8290372327475941,0.6354669426606103,328.0
-29.0,132.5,0.5687411598302687,0.8052469438101524,0.6581574877069268,304.9
-29.0,132.75,0.6014144271570014,0.7775715501667066,0.6340311835304421,281.8
-29.0,133.0,0.6336633663366337,0.766277115215035,0.6299886485062085,259.0
-29.0,133.25,0.6657708628005657,0.7576036590258791,0.6255004708162382,236.3
-29.0,133.5,0.6973125884016973,0.7375820371664659,0.6347800566161849,214.0
-29.0,133.75,0.7282885431400283,0.7249177390720591,0.6496989159175632,192.1
-29.0,134.0,0.7585572842998586,0.7071179984948179,0.6391318660387122,170.7
-29.0,134.25,0.7876944837340877,0.6798993795791075,0.6281384175209921,150.1
-29.0,134.5,0.8151343705799151,0.6382601176015748,0.5685156838061459,130.7
-29.0,134.75,0.8401697312588402,0.6002824742246347,0.5262299486950698,113.0
-29.0,135.0,0.8612446958981612,0.5837010025699496,0.48698341597794026,98.1
-29.0,135.25,0.8765205091937766,0.5915545177204387,0.4716750343638847,87.3
-29.0,135.5,0.8835926449787836,0.5979506260098361,0.478699555454276,82.3
-29.0,135.75,0.881046676096181,0.5926001894752764,0.48757749875041956,84.1
-29.0,136.0,0.8694483734087695,0.5711973605925109,0.48951237766621275,92.3
-29.0,136.25,0.8507779349363508,0.5505668622248168,0.4578161437986666,105.5
-29.0,136.5,0.8321074964639321,0.5541959444463602,0.4337767439713194,118.7
-29.0,136.75,0.8138613861386139,0.5642468499286177,0.43356356076916036,131.6
-29.0,137.0,0.7957567185289958,0.5918419804936629,0.4578633190638605,144.4
-29.0,137.25,0.7775106082036775,0.6139458368686849,0.48408262874541663,157.3
-29.0,137.5,0.7594059405940594,0.6405821015834328,0.4938109033761569,170.1
-29.0,137.75,0.7434229137199434,0.6677155064701634,0.4595424168185238,181.4
-29.0,138.0,0.7527581329561528,0.7008009243362134,0.44774926132834375,174.8
-29.0,138.25,0.7575671852899576,0.7357091211556077,0.4366324995362818,171.4
-29.0,138.5,0.7578500707213579,0.7742509790408906,0.4518719314460328,171.2
-29.0,138.75,0.7534653465346535,0.8040800462117279,0.4655194761784912,174.3
-29.0,139.0,0.7445544554455445,0.8185774498325591,0.46194076410668317,180.6
-29.0,139.25,0.7316831683168317,0.8305809201660961,0.4735614325151739,189.7
-29.0,139.5,0.7154172560113154,0.8339452577749312,0.4725491870315721,201.2
-29.0,139.75,0.6961810466760961,0.8211704329629081,0.48106350847666013,214.8
-29.0,140.0,0.6745403111739745,0.8053039511786767,0.4761469336056671,230.1
-29.0,140.25,0.6509193776520509,0.7959644534646549,0.4647645429971855,246.8
-29.0,140.5,0.6258840169731259,0.8018357604077175,0.4871677170225225,264.5
-29.0,140.75,0.5994342291371995,0.8120692337542557,0.5136247565167229,283.2
-29.0,141.0,0.571994342291372,0.8092891952559276,0.5493071955308626,302.6
-29.0,141.25,0.5551626591230552,0.8075502662544584,0.5615405460476828,314.5
-29.0,141.5,0.554031117397454,0.8172938811026951,0.533468539437769,315.3
-29.0,141.75,0.5504950495049505,0.8121838976271393,0.5071739459626629,317.8
-29.0,142.0,0.5444130127298443,0.7988200293373832,0.46342044281240763,322.1
-29.0,142.25,0.5359264497878359,0.8037378309306572,0.4350919781157957,328.1
-29.0,142.5,0.55007072135785,0.8128268932117493,0.42359771749853004,318.1
-29.0,142.75,0.5708628005657709,0.8351206607298338,0.441451339249046,303.4
-29.0,143.0,0.6026874115983027,0.8479002912055539,0.45931675884517925,280.9
-29.0,143.25,0.6342291371994342,0.8732313600973286,0.49830612431549165,258.6
-29.0,143.5,0.6650636492220651,0.8833470418789021,0.5402302683522169,236.8
-29.0,143.75,0.6953323903818953,0.8632933793508173,0.5540503807527419,215.4
-29.0,144.0,0.7246110325318247,0.8225038423794021,0.48031146028765703,194.7
-29.0,144.25,0.7526166902404526,0.8046829186072586,0.4110738208574699,174.9
-29.0,144.5,0.7789250353606789,0.8084089755519285,0.36474846794901356,156.3
-29.0,144.75,0.8028288543140029,0.8119951371607438,0.36528970217534634,139.4
-29.0,145.0,0.8231966053748232,0.8123869472056704,0.3723206701759111,125.0
-29.0,145.25,0.8388967468175389,0.8102129787414694,0.37253114567579737,113.9
-29.0,145.5,0.8485148514851485,0.8159547017396679,0.3790853807863142,107.1
-29.0,145.75,0.8504950495049505,0.8265382629986294,0.39548843163053854,105.7
-29.0,146.0,0.844978783592645,0.8327186401703286,0.3952918331048005,109.6
-29.0,146.25,0.8332390381895333,0.8333184759738959,0.36293437189531913,117.9
-29.0,146.5,0.8421499292786422,0.8385025721310019,0.3494348965722684,111.6
-29.0,146.75,0.8514851485148515,0.8396558416759322,0.3466170810736765,105.0
-29.0,147.0,0.8551626591230551,0.8413155267333197,0.3426883662485543,102.4
-29.0,147.25,0.8834512022630835,0.8396299733492825,0.36503762798756617,82.4
-29.0,147.5,0.907920792079208,0.8325156694705891,0.3909553028593842,65.1
-29.0,147.75,0.925884016973126,0.8285697468157845,0.39571950500842884,52.4
-29.0,148.0,0.9321074964639321,0.8257109443640762,0.37489654925297056,48.0
-29.0,148.25,0.9224893917963225,0.8293000173349441,0.36514258368518926,54.8
-29.0,148.5,0.9322489391796323,0.8268265665254697,0.34772193642191923,47.9
-29.0,148.75,0.9661951909476661,0.8324096867759874,0.34050823075248937,23.9
-29.0,149.0,0.9983026874115983,0.8416539835478105,0.33615635686086026,1.2
-29.0,149.25,0.9943422913719944,0.8532382694651642,0.3562680411341622,4.0
-29.0,149.5,0.9881188118811881,0.8610385783638036,0.3673217037929019,8.4
-29.0,149.75,0.98005657708628,0.8714647196020172,0.3926931642002781,14.1
-29.0,150.0,0.9545968882602546,0.8807647345310289,0.40319402042892377,32.1
-29.0,150.25,0.9760961810466761,0.8817338077061189,0.3744419614993683,16.9
-29.0,150.5,0.9915134370579916,0.8678635540546554,0.31923900375755254,6.0
-29.0,150.75,0.9664780763790665,0.8419851285856106,0.24363987571375795,23.7
-29.0,151.0,0.978076379066478,0.8255877411621848,0.18257774036449562,15.5
-29.0,151.25,0.9975954738330975,0.8358735994680124,0.15503249466757524,1.7
-29.0,151.5,0.9705799151343706,0.8592569425572432,0.18330930349642272,20.8
-29.0,151.75,0.9595473833097595,0.8123241110932248,0.19233325319071848,28.6
-29.0,152.0,0.9893917963224894,0.7374335648909554,0.14052909037504643,7.5
-29.0,152.25,0.9919377652050919,0.7088933213804621,0.07365635488649407,5.7
-29.0,152.5,0.9841584158415841,0.7210287997256836,0.041898810903198865,11.2
-29.0,152.75,0.9828854314002828,0.7081767742281675,0.07951725704241207,12.1
-29.0,153.0,0.9983026874115983,0.7151577274489214,0.1266575961004394,1.2
-29.0,153.25,0.9876944837340877,0.7539078767207141,0.1683147091177822,8.7
-29.25,115.0,0.9664780763790665,0.953490592441206,0.5167546024677075,23.7
-29.25,115.25,0.9900990099009901,0.9505105742073942,0.47872165223889535,7.0
-29.25,115.5,0.9878359264497878,0.958773348155352,0.4866701444953391,8.6
-29.25,115.75,0.964922206506365,0.974695844491245,0.49724331893885493,24.8
-29.25,116.0,0.98005657708628,0.9795564968043767,0.5266305274586943,14.1
-29.25,116.25,0.997029702970297,0.9806080389206283,0.5790988026086042,2.1
-29.25,116.5,0.9896746817538897,0.9821975739312828,0.6254144045654233,7.3
-29.25,116.75,0.9900990099009901,0.9760640860474452,0.648804471600105,7.0
-29.25,117.0,0.9657708628005658,0.9784374321779625,0.6619829069137957,24.2
-29.25,117.25,0.9325318246110326,0.9761163146721037,0.6568240410412106,47.7
-29.25,117.5,0.8988684582743989,0.9789194148533085,0.6863860897649526,71.5
-29.25,117.75,0.865063649222065,0.9722065835704092,0.6949376904681186,95.4
-29.25,118.0,0.8352192362093352,0.9615380038604774,0.6962301347851318,116.5
-29.25,118.25,0.8046676096181047,0.9591541381456329,0.7033352744872416,138.1
-29.25,118.5,0.7732673267326733,0.9477403937697014,0.6754938093851288,160.3
-29.25,118.75,0.741018387553041,0.9241049870587548,0.6115319827780723,183.1
-29.25,119.0,0.7147100424328148,0.9119038186087669,0.5454731374643614,201.7
-29.25,119.25,0.7381895332390382,0.9183348528858842,0.5518658774750345,185.1
-29.25,119.5,0.7592644978783593,0.9377194743172913,0.6110982346616055,170.2
-29.25,119.75,0.7770862800565771,0.9442011708628509,0.6915564794894727,157.6
-29.25,120.0,0.7908062234794908,0.9398343677349649,0.7371452567933421,147.9
-29.25,120.25,0.7995756718528996,0.9294757746607749,0.7071436254994263,141.7
-29.25,120.5,0.8026874115983027,0.9232028742035504,0.6900954645887002,139.5
-29.25,120.75,0.8,0.9238890505130274,0.6956219655139237,141.4
-29.25,121.0,0.7932107496463933,0.9222446778198659,0.6940660359781232,146.2
-29.25,121.25,0.7958981612446959,0.921327424720373,0.6994201465253098,144.3
-29.25,121.5,0.792927864214993,0.9230088232595464,0.6332374721844434,146.4
-29.25,121.75,0.7847241867043847,0.9339540143518515,0.5874969668496429,152.2
-29.25,122.0,0.7717114568599717,0.9507933187516804,0.5824593512401441,161.4
-29.25,122.25,0.7547383309759548,0.9615084936184692,0.5985042601069605,173.4
-29.25,122.5,0.7345120226308346,0.9693942465063539,0.5712652909951031,187.7
-29.25,122.75,0.7117397454031118,0.9492997253069997,0.5320679482025967,203.8
-29.25,123.0,0.6898161244695897,0.9349417625815574,0.49591644812151553,219.3
-29.25,123.25,0.6669024045261669,0.9393089901260937,0.48602774213111016,235.5
-29.25,123.5,0.6422913719943423,0.9449985646275456,0.4938210089078537,252.9
-29.25,123.75,0.6162659123055163,0.9400247385856914,0.5497420879738851,271.3
-29.25,124.0,0.5891089108910892,0.9272530830995303,0.5921743935877536,290.5
-29.25,124.25,0.560961810466761,0.9176364402660064,0.5579352082368587,310.4
-29.25,124.5,0.5322489391796323,0.8986187757651598,0.4960868238401232,330.7
-29.25,124.75,0.5028288543140028,0.8840709340836842,0.4601809671539242,351.5
-29.25,125.0,0.4728429985855729,0.8751360314066275,0.4599687671055666,372.7
-29.25,125.25,0.4424328147100425,0.8814654565081014,0.4899375513921488,394.2
-29.25,125.5,0.41173974540311176,0.8829104433280472,0.48570246327831096,415.9
-29.25,125.75,0.3806223479490807,0.8963903805685873,0.48075553957767664,437.9
-29.25,126.0,0.3493635077793493,0.9130351185017466,0.5175505541149916,460.0
-29.25,126.25,0.31782178217821777,0.927894355201641,0.57123561909103,482.3
-29.25,126.5,0.28613861386138617,0.9278247172570963,0.6251431185853263,504.7
-29.25,126.75,0.2543140028288543,0.9243437511747795,0.6216515687390628,527.2
-29.25,127.0,0.22404526166902405,0.9199522083452221,0.568662802296303,548.6
-29.25,127.25,0.19363507779349365,0.919328815133319,0.49127415704385,570.1
-29.25,127.5,0.16294200848656304,0.92301450449159,0.47559469128021326,591.8
-29.25,127.75,0.13210749646393205,0.9259164442064791,0.48155710003681146,613.6
-29.25,128.0,0.11272984441301281,0.9196946061629994,0.48331228744879645,627.3
-29.25,128.25,0.14130127298444128,0.9084505248038737,0.47688658760986186,607.1
-29.25,128.5,0.16958981612446955,0.9042024694584263,0.46874333419707953,587.1
-29.25,128.75,0.19745403111739745,0.9096221471037451,0.4607108064665255,567.4
-29.25,129.0,0.2248939179632249,0.9169051457985854,0.4610116676470429,548.0
-29.25,129.25,0.2517680339462518,0.9129051147685484,0.4571699699919862,529.0
-29.25,129.5,0.27821782178217824,0.906644526951446,0.45651016097028907,510.3
-29.25,129.75,0.3039603960396039,0.8999125983700422,0.4721793439121993,492.1
-29.25,130.0,0.328995756718529,0.9083864816392284,0.5275988211321888,474.4
-29.25,130.25,0.3533239038189533,0.915908183984591,0.6103906218009726,457.2
-29.25,130.5,0.37680339462517676,0.9065537935166329,0.6228382837292322,440.6
-29.25,130.75,0.39929278642149935,0.8945313924989081,0.6387266616170383,424.7
-29.25,131.0,0.42065063649222056,0.8924742340667338,0.6276017767181578,409.6
-29.25,131.25,0.44087694483734086,0.8779547398202608,0.6103722158724275,395.3
-29.25,131.5,0.45983026874115984,0.8451515187527164,0.5913913679953672,381.9
-29.25,131.75,0.4779349363507779,0.8345162450250277,0.579562222629144,369.1
-29.25,132.0,0.5114568599717115,0.8266718632388045,0.5729293674490624,345.4
-29.25,132.25,0.5448373408769448,0.8120827160156592,0.6066518490668343,321.8
-29.25,132.5,0.5782178217821783,0.7921968201492429,0.6417229598237809,298.2
-29.25,132.75,0.6114568599717114,0.7711838359688603,0.6337151237591909,274.7
-29.25,133.0,0.6446958981612447,0.7612580720221849,0.6266569659149699,251.2
-29.25,133.25,0.6776520509193776,0.7460424942661457,0.6417909747261102,227.9
-29.25,133.5,0.7104667609618105,0.7278014339135261,0.6475309811990015,204.7
-29.25,133.75,0.742998585572843,0.7021834860043805,0.6418545896122464,181.7
-29.25,134.0,0.7751060820367751,0.6790740130556358,0.6329098402094309,159.0
-29.25,134.25,0.8066478076379067,0.6554041197018408,0.6158818097757213,136.7
-29.25,134.5,0.8373408769448374,0.6348172474593654,0.5957602778471295,115.0
-29.25,134.75,0.8661951909476662,0.6070519107045864,0.5491656858525563,94.6
-29.25,135.0,0.8923620933521924,0.5820620214384895,0.5225446208462691,76.1
-29.25,135.25,0.9128712871287129,0.5787819700389848,0.49623067052336733,61.6
-29.25,135.5,0.9231966053748232,0.5872559115922065,0.49370657625227576,54.3
-29.25,135.75,0.9193776520509194,0.5761112543870048,0.49232194111978267,57.0
-29.25,136.0,0.9031117397454032,0.5597142829113185,0.48585689901151485,68.5
-29.25,136.25,0.8838755304101839,0.5527329861359088,0.45942008669798357,82.1
-29.25,136.5,0.8656294200848657,0.5576480372896377,0.4406602711362183,95.0
-29.25,136.75,0.8473833097595473,0.568941422552973,0.43221352942702296,107.9
-29.25,137.0,0.8292786421499293,0.581927400216994,0.4484571159481081,120.7
-29.25,137.25,0.8111739745403111,0.6019217700582659,0.46771830771405903,133.5
-29.25,137.5,0.7930693069306931,0.6291491208431428,0.47373417747327023,146.3
-29.25,137.75,0.7803394625176803,0.6569255253186606,0.45222754301119783,155.3
-29.25,138.0,0.7913719943422914,0.6849535125185418,0.43284200646527743,147.5
-29.25,138.25,0.7971711456859971,0.7082670350063665,0.4377290222531253,143.4
-29.25,138.5,0.7974540311173974,0.7399165419815013,0.4463493792532905,143.2
-29.25,138.75,0.7922206506364922,0.7754644695506764,0.4656208860755189,146.9
-29.25,139.0,0.7817538896746817,0.8027332859981084,0.45592047821400317,154.3
-29.25,139.25,0.7669024045261669,0.8142482730373902,0.460574937834621,164.8
-29.25,139.5,0.7482319660537482,0.8281646154094958,0.4777448969957982,178.0
-29.25,139.75,0.7267326732673267,0.8183091361665578,0.4836608074127708,193.2
-29.25,140.0,0.7029702970297029,0.7781417400133848,0.4749880370328958,210.0
-29.25,140.25,0.6773691654879774,0.7649173817997166,0.4722929384694547,228.1
-29.25,140.5,0.6503536067892504,0.7732643603415508,0.49413345840940776,247.2
-29.25,140.75,0.6223479490806223,0.7800154525337876,0.5394794128415958,267.0
-29.25,141.0,0.5933521923620934,0.7770760734891268,0.5673051958347118,287.5
-29.25,141.25,0.5947666195190948,0.7715223336603023,0.5574402789428463,286.5
-29.25,141.5,0.5936350777934936,0.7710848771335314,0.5165988290006427,287.3
-29.25,141.75,0.5896746817538896,0.7649017571122082,0.48528750790499975,290.1
-29.25,142.0,0.583026874115983,0.7678862286050676,0.46459964715222524,294.8
-29.25,142.25,0.5738330975954737,0.7785342548788433,0.43919859542715306,301.3
-29.25,142.5,0.5642149929278641,0.802743145361783,0.4439146230399269,308.1
-29.25,142.75,0.5558698727015559,0.8201626643000921,0.45199970920566973,314.0
-29.25,143.0,0.5865629420084866,0.8415993484204685,0.4703481313119945,292.3
-29.25,143.25,0.6165487977369165,0.85921188152436,0.513946167223418,271.1
-29.25,143.5,0.645968882602546,0.8728923687043504,0.5534440166163822,250.3
-29.25,143.75,0.6742574257425742,0.8494678830679021,0.5648863957240274,230.3
-29.25,144.0,0.7032531824611032,0.7958146081589831,0.48268775914302325,209.8
-29.25,144.25,0.7330975954738331,0.7758733687576849,0.4100123048628679,188.7
-29.25,144.5,0.7618104667609618,0.7733613390198498,0.3690399987614196,168.4
-29.25,144.75,0.7888260254596888,0.779262590868119,0.364500987184732,149.3
-29.25,145.0,0.8138613861386139,0.7770403381883805,0.3681051323171741,131.6
-29.25,145.25,0.8355021216407355,0.7788643275630106,0.3667418525746305,116.3
-29.25,145.5,0.8526166902404526,0.7869752066822213,0.3664755468326425,104.2
-29.25,145.75,0.8633663366336634,0.7930238345064989,0.3669625786616924,96.6
-29.25,146.0,0.866053748231966,0.805086266105423,0.3637393814513968,94.7
-29.25,146.25,0.8618104667609618,0.8092895719195683,0.36389770144798017,97.7
-29.25,146.5,0.879066478076379,0.8190961558065162,0.36516045774364503,85.5
-29.25,146.75,0.8902404526166903,0.8252624457868558,0.3596229164847496,77.6
-29.25,147.0,0.8933521923620933,0.8304367942647705,0.37252797057253695,75.4
-29.25,147.25,0.9026874115983027,0.8357451915037658,0.3919750428760625,68.8
-29.25,147.5,0.9338048090523338,0.8317752865375821,0.4048407869290675,46.8
-29.25,147.75,0.9601131541725602,0.8263356924938988,0.3975384040102024,28.2
-29.25,148.0,0.9715700141442716,0.824970204160243,0.3727459083709489,20.1
-29.25,148.25,0.9528995756718529,0.8226632619977355,0.35522565634549974,33.3
-29.25,148.5,0.9292786421499293,0.8240785929703331,0.33522513292086276,50.0
-29.25,148.75,0.9562942008486564,0.8346850567282658,0.34407485486772227,30.9
-29.25,149.0,0.9681753889674681,0.8436454456228077,0.33989961019756904,22.5
-29.25,149.25,0.9663366336633663,0.8577424452847273,0.3459060029988254,23.8
-29.25,149.5,0.9722772277227723,0.8654123471256197,0.35941634136551825,19.6
-29.25,149.75,0.997029702970297,0.8749130612482123,0.37837770345657956,2.1
-29.25,150.0,0.9721357850070721,0.8704154544823802,0.3690593072573889,19.7
-29.25,150.25,0.9628005657708628,0.8550194442764671,0.3395295253190647,26.3
-29.25,150.5,0.982036775106082,0.8466961245261422,0.2971348857778844,12.7
-29.25,150.75,0.9997171145685997,0.8456263618145564,0.2794948018095871,0.2
-29.25,151.0,0.9983026874115983,0.8377004792223974,0.21803104007379695,1.2
-29.25,151.25,0.9905233380480906,0.8684254847619363,0.18568171808840953,6.7
-29.25,151.5,0.9851485148514851,0.8771721752414192,0.2076573491483217,10.5
-29.25,151.75,0.9729844413012729,0.8156907600227998,0.21931613491321267,19.1
-29.25,152.0,0.9991513437057992,0.7117127028644257,0.12948828930210265,0.6
-29.25,152.25,0.9691654879773691,0.6983531579023349,0.05965257485031138,21.8
-29.25,152.5,0.9480905233380481,0.7421746237549574,0.01943504720432464,36.7
-29.25,152.75,0.9700141442715701,0.7352091437925734,0.0647658401155124,21.2
-29.25,153.0,0.9978783592644979,0.7498129253433228,0.11731097210505456,1.5
-29.25,153.25,0.9729844413012729,0.8393948641003744,0.27335977703309583,19.1
-29.5,115.0,0.9496463932107496,0.9673113933550094,0.5274097654913538,35.6
-29.5,115.25,0.9741159830268741,0.9638693997109665,0.49325746837232093,18.3
-29.5,115.5,0.9919377652050919,0.9740176732813567,0.525181681100874,5.7
-29.5,115.75,0.9975954738330975,0.98624842743616,0.5341776512050173,1.7
-29.5,116.0,0.9864214992927864,0.9910723612876513,0.5082343176307091,9.6
-29.5,116.25,0.968033946251768,0.987599715075616,0.5494123929876171,22.6
-29.5,116.5,0.9510608203677511,0.988298441770577,0.5805891670679412,34.6
-29.5,116.75,0.9504950495049505,0.988919882859323,0.5818301972763216,35.0
-29.5,117.0,0.9405940594059405,0.9821407482434634,0.5873544579002599,42.0
-29.5,117.25,0.916973125884017,0.9856234825249831,0.6117206999561232,58.7
-29.5,117.5,0.887977369165488,0.9885755812072563,0.6495022851572745,79.2
-29.5,117.75,0.8567185289957567,0.98158703952605,0.6625506218236658,101.3
-29.5,118.0,0.8244695898161245,0.9727575932761936,0.6716937426525169,124.1
-29.5,118.25,0.7916548797736916,0.9630471865311903,0.6707314446054835,147.3
-29.5,118.5,0.7585572842998586,0.9608690123503879,0.669923131007942,170.7
-29.5,118.75,0.7264497878359264,0.9394111642803488,0.6292522501916512,193.4
-29.5,119.0,0.7281471004243282,0.9220112872434458,0.5902052171098378,192.2
-29.5,119.25,0.7306930693069307,0.9244501821557961,0.59358778193962,190.4
-29.5,119.5,0.7295615275813296,0.9336166470419633,0.644538293261956,191.2
-29.5,119.75,0.7414427157001414,0.9449983217208573,0.678445333800717,182.8
-29.5,120.0,0.765063649222065,0.9399593634837919,0.7051176033910567,166.1
-29.5,120.25,0.7878359264497878,0.9300455430338737,0.678295910540173,150.0
-29.5,120.5,0.8073550212164073,0.9266804744934584,0.6862252232388508,136.2
-29.5,120.75,0.8226308345120226,0.9251875092079309,0.6809658339193869,125.4
-29.5,121.0,0.8322489391796323,0.9295150464284488,0.6699703546249622,118.6
-29.5,121.25,0.8355021216407355,0.9287379560210316,0.6785347685620976,116.3
-29.5,121.5,0.831966053748232,0.9214353055906325,0.6156776038959787,118.8
-29.5,121.75,0.8219236209335219,0.9210568980993155,0.5971113084603437,125.9
-29.5,122.0,0.8063649222065064,0.9367250825320382,0.5866509227103116,136.9
-29.5,122.25,0.7867043847241867,0.9594471694829599,0.5896698979235891,150.8
-29.5,122.5,0.7637906647807637,0.9713863029962878,0.5492662092994351,167.0
-29.5,122.75,0.7420084865629419,0.9551256117778739,0.5228605355620413,182.4
-29.5,123.0,0.718953323903819,0.9420617030654553,0.514631586595779,198.7
-29.5,123.25,0.693917963224894,0.9451368836614021,0.5016432545458267,216.4
-29.5,123.5,0.6673267326732674,0.9514308564024445,0.5017774630983616,235.2
-29.5,123.75,0.6394625176803395,0.9479014756546608,0.5532760907236406,254.9
-29.5,124.0,0.6107496463932107,0.9390594823547068,0.6086047954483885,275.2
-29.5,124.25,0.5813295615275813,0.9318015663157845,0.6115191856613781,296.0
-29.5,124.5,0.5513437057991514,0.9113999883717309,0.546718116405223,317.2
-29.5,124.75,0.5207920792079208,0.8858650868772106,0.46659470797448716,338.8
-29.5,125.0,0.4898161244695899,0.873006421802418,0.456353823398584,360.7
-29.5,125.25,0.45855728429985854,0.8824240783385109,0.5094959134825429,382.8
-29.5,125.5,0.427015558698727,0.8982755344408556,0.5703629975645088,405.1
-29.5,125.75,0.3953323903818954,0.9102805788904303,0.5622996536033258,427.5
-29.5,126.0,0.36336633663366336,0.9141684378805058,0.5707404802724372,450.1
-29.5,126.25,0.3328147100424328,0.9251401046942386,0.6066550725219211,471.7
-29.5,126.5,0.30254596888260255,0.926054200617304,0.6595827383735123,493.1
-29.5,126.75,0.271994342291372,0.9250642858044421,0.6613823933484184,514.7
-29.5,127.0,0.2411598302687411,0.921915617293704,0.6045347965868162,536.5
-29.5,127.25,0.21018387553041018,0.9139091653640485,0.5331102040530556,558.4
-29.5,127.5,0.17892503536067894,0.9133550731038468,0.5085945226193728,580.5
-29.5,127.75,0.14752475247524743,0.9159497735317531,0.50553557656302,602.7
-29.5,128.0,0.13309759547383315,0.9112999253754187,0.488676100595794,612.9
-29.5,128.25,0.1623762376237623,0.8988818792117682,0.47754987796305265,592.2
-29.5,128.5,0.1912305516265913,0.8942773975756997,0.4784136188708101,571.8
-29.5,128.75,0.21980198019801978,0.899041394796677,0.4800528263687754,551.6
-29.5,129.0,0.24794908062234788,0.9069108746326514,0.4784652102694727,531.7
-29.5,129.25,0.27567185289957563,0.8962336874026486,0.47515946037440665,512.1
-29.5,129.5,0.3029702970297029,0.8903132288792309,0.46979453513540415,492.8
-29.5,129.75,0.3295615275813296,0.891261915765211,0.45079816632210135,474.0
-29.5,130.0,0.3555869872701556,0.900870672972938,0.48565515907491363,455.6
-29.5,130.25,0.3809052333804809,0.9168312847136454,0.5843670241950056,437.7
-29.5,130.5,0.40537482319660545,0.9200866529611247,0.6556752338828608,420.4
-29.5,130.75,0.4288543140028288,0.9068722592652546,0.6654119056141018,403.8
-29.5,131.0,0.45148514851485144,0.884752019937093,0.6704506816674318,387.8
-29.5,131.25,0.4728429985855729,0.8655119842180201,0.6571400041088092,372.7
-29.5,131.5,0.4929278642149929,0.8375278662792012,0.6268644758361764,358.5
-29.5,131.75,0.5114568599717115,0.8234989001950644,0.5887157713352006,345.4
-29.5,132.0,0.5284299858557284,0.8118654537145304,0.5738444418790756,333.4
-29.5,132.25,0.5503536067892504,0.798463320060953,0.5707846254898494,317.9
-29.5,132.5,0.584016973125884,0.7787662525267978,0.6060319303018351,294.1
-29.5,132.75,0.6176803394625177,0.7604212776787953,0.6122138402325624,270.3
-29.5,133.0,0.6514851485148514,0.7568220271538547,0.6186449877105936,246.4
-29.5,133.25,0.685007072135785,0.7417782512762544,0.6263328475060019,222.7
-29.5,133.5,0.7186704384724187,0.7192269287504518,0.6469113364276847,198.9
-29.5,133.75,0.7521923620933522,0.6923897307070779,0.6382853867329441,175.2
-29.5,134.0,0.7855728429985855,0.6649287790008858,0.6304646077670356,151.6
-29.5,134.25,0.8188118811881189,0.6392289833707683,0.6145677360750761,128.1
-29.5,134.5,0.8519094766619519,0.6202775148234123,0.5850758942031224,104.7
-29.5,134.75,0.8842998585572843,0.6057796616558833,0.5647316215280395,81.8
-29.5,135.0,0.9158415841584159,0.5881059068697573,0.563463788290613,59.5
-29.5,135.25,0.9442715700141443,0.5766783945854934,0.5402354097630802,39.4
-29.5,135.5,0.9623762376237623,0.5573574303698146,0.5166924864881869,26.6
-29.5,135.75,0.9551626591230552,0.5505826994326495,0.5085455261020548,31.7
-29.5,136.0,0.9356435643564356,0.5442580708300713,0.4922953153807665,45.5
-29.5,136.25,0.9172560113154172,0.5458666566976849,0.47058352411970084,58.5
-29.5,136.5,0.899009900990099,0.5573681591941215,0.45855183295310475,71.4
-29.5,136.75,0.8809052333804809,0.5769356481194138,0.46132935526311286,84.2
-29.5,137.0,0.8628005657708628,0.5911810611909337,0.4681833555794176,97.0
-29.5,137.25,0.8446958981612447,0.6091246449987802,0.4748364701747191,109.8
-29.5,137.5,0.8282885431400283,0.6353646104577533,0.47725188565756244,121.4
-29.5,137.75,0.8162659123055163,0.6569178285728595,0.4554737718080879,129.9
-29.5,138.0,0.8294200848656295,0.6660529009766294,0.43449391437628443,120.6
-29.5,138.25,0.8366336633663366,0.6814939919935357,0.42971406235279386,115.5
-29.5,138.5,0.8369165487977369,0.70198401183904,0.43923711571543916,115.3
-29.5,138.75,0.8304101838755304,0.7335760339166812,0.45444307204411477,119.9
-29.5,139.0,0.8178217821782178,0.7668006004507038,0.445421314299278,128.8
-29.5,139.25,0.8002828854314004,0.8063009359719325,0.46058435032347417,141.2
-29.5,139.5,0.7789250353606789,0.8237942775159344,0.4738010964008702,156.3
-29.5,139.75,0.7547383309759548,0.8083389613537507,0.4733780501552914,173.4
-29.5,140.0,0.7285714285714285,0.7569329896046921,0.4620325036384507,191.9
-29.5,140.25,0.7008486562942009,0.7369075886099274,0.46293534505640976,211.5
-29.5,140.5,0.671994342291372,0.7491620835228863,0.5096742833697655,231.9
-29.5,140.75,0.6422913719943423,0.7560671151041642,0.5479810177563669,252.9
-29.5,141.0,0.6326732673267327,0.74601320804687,0.5681670993730699,259.7
-29.5,141.25,0.6343705799151343,0.735461040603534,0.5530326553954927,258.5
-29.5,141.5,0.6330975954738332,0.7225384788294704,0.5113046586007933,259.4
-29.5,141.75,0.6288543140028289,0.7101195580817732,0.4794908169744089,262.4
-29.5,142.0,0.6214992927864215,0.7150871102694488,0.4551640944779084,267.6
-29.5,142.25,0.6114568599717114,0.7413235724800022,0.46028150671807844,274.7
-29.5,142.5,0.6025459688826025,0.7735245823241115,0.47188293109970153,281.0
-29.5,142.75,0.5920792079207922,0.8027399091021218,0.4788310240699871,288.4
-29.5,143.0,0.5893917963224894,0.8310014178007042,0.5091976955351964,290.3
-29.5,143.25,0.6222065063649223,0.8563452667396214,0.5496639836571342,267.1
-29.5,143.5,0.654879773691655,0.8430367491742964,0.5545307561470377,244.0
-29.5,143.75,0.6871287128712871,0.8159487291082276,0.55237431304586,221.2
-29.5,144.0,0.7192362093352193,0.7677668020370405,0.46729777576344783,198.5
-29.5,144.25,0.7507779349363508,0.7462116618113599,0.40784130786197376,176.2
-29.5,144.5,0.7817538896746817,0.742869593840169,0.36365022068369857,154.3
-29.5,144.75,0.8117397454031118,0.7505215108110976,0.3673061345048331,133.1
-29.5,145.0,0.84002828854314,0.7506930148175605,0.36954650025919317,113.1
-29.5,145.25,0.8659123055162659,0.7574603784216758,0.36690313814989356,94.8
-29.5,145.5,0.8874115983026875,0.7620003275412979,0.3668546251508387,79.6
-29.5,145.75,0.9018387553041018,0.7721981168114063,0.3620923087230198,69.4
-29.5,146.0,0.9056577086280057,0.7773044751695737,0.37182496725267794,66.7
-29.5,146.25,0.8978783592644979,0.7842484348678266,0.3771365765445464,72.2
-29.5,146.5,0.9138613861386139,0.7995908523469835,0.39010257005074783,60.9
-29.5,146.75,0.9281471004243281,0.8111642181673855,0.40182945130434544,50.8
-29.5,147.0,0.9328147100424328,0.8227619898811976,0.41006452483527245,47.5
-29.5,147.25,0.921923620933522,0.8283068739396796,0.4030815540809487,55.2
-29.5,147.5,0.9415841584158415,0.8259834011638785,0.3971223526621618,41.3
-29.5,147.75,0.9748231966053749,0.8230832938003965,0.38373273268846586,17.8
-29.5,148.0,0.9983026874115983,0.8204039510327733,0.3719919261088937,1.2
-29.5,148.25,0.9715700141442716,0.8210766710290148,0.3488325617547672,20.1
-29.5,148.5,0.9482319660537483,0.8262761224576798,0.3625437858424634,36.6
-29.5,148.75,0.9705799151343706,0.8400567073914242,0.3785045625315167,20.8
-29.5,149.0,0.9929278642149929,0.8464204894356258,0.363214764136036,5.0
-29.5,149.25,0.9978783592644979,0.8533238974718789,0.3504076224965072,1.5
-29.5,149.5,0.9910891089108911,0.8661049621183721,0.3540251449675591,6.3
-29.5,149.75,0.9963224893917964,0.8711417172961763,0.3636786999093896,2.6
-29.5,150.0,0.9997171145685997,0.8571108520450611,0.33829821382777064,0.2
-29.5,150.25,0.9891089108910891,0.8306286947945352,0.28052535651808125,7.7
-29.5,150.5,0.9902404526166902,0.8290533075477378,0.2579118036965106,6.9
-29.5,150.75,0.9817538896746818,0.8270667417855466,0.23702916567012208,12.9
-29.5,151.0,0.986987270155587,0.8448007290560666,0.2512272120622875,9.2
-29.5,151.25,0.9834512022630835,0.883856457764455,0.23713086567810754,11.7
-29.5,151.5,0.9908062234794908,0.8775920049966508,0.270428270273596,6.5
-29.5,151.75,0.9892503536067893,0.763316882822382,0.245098940424203,7.6
-29.5,152.0,0.9814710042432815,0.669665562545644,0.16306440994166282,13.1
-29.5,152.25,0.9499292786421499,0.7053674700755519,0.04918565676854604,35.4
-29.5,152.5,0.942998585572843,0.76754256159365,0.009307694328302729,40.3
-29.5,152.75,0.9711456859971711,0.7711882510292073,0.04431616045909427,20.4
-29.5,153.0,0.997029702970297,0.7951612933704839,0.1291600835520848,2.1
-29.5,153.25,0.9939179632248939,0.877636416445499,0.2896287321457134,4.3
-29.75,115.0,0.944978783592645,0.9776037011680417,0.5508262487404711,38.9
-29.75,115.25,0.9717114568599717,0.9796453278752728,0.5114559675825632,20.0
-29.75,115.5,0.9983026874115983,0.9889159547449291,0.5447845268714646,1.2
-29.75,115.75,0.9751060820367751,0.9980482277963276,0.5468083731476507,17.6
-29.75,116.0,0.9975954738330975,0.9989555891555584,0.5114147557092796,1.7
-29.75,116.25,0.9637906647807638,0.9954494776625163,0.5325810255487472,25.6
-29.75,116.5,0.9301272984441301,0.9996669874554185,0.5458762305229535,49.4
-29.75,116.75,0.9107496463932108,0.9955695376946663,0.5389656585698772,63.1
-29.75,117.0,0.9050919377652051,0.9968923123105247,0.5462693308707769,67.1
-29.75,117.25,0.8886845827439886,0.9907085146797182,0.5652906492264509,78.7
-29.75,117.5,0.8656294200848657,0.9996290298845724,0.6159732269619801,95.0
-29.75,117.75,0.8387553041018387,0.9961921396747536,0.6479892436914025,114.0
-29.75,118.0,0.8096181046676096,0.9793833946520396,0.6497822422315546,134.6
-29.75,118.25,0.7790664780763791,0.968768139126007,0.6141211102555381,156.2
-29.75,118.5,0.7480905233380482,0.960223282402336,0.6030080070849995,178.1
-29.75,118.75,0.7598302687411598,0.95560825465948,0.6234483870734925,169.8
-29.75,119.0,0.7674681753889675,0.9461434185299515,0.6550044006447671,164.4
-29.75,119.25,0.7702970297029703,0.9392494153371522,0.6484333874505239,162.4
-29.75,119.5,0.769024045261669,0.9322464969464523,0.6382819698705522,163.3
-29.75,119.75,0.7664780763790665,0.9363737983253502,0.6549531477088885,165.1
-29.75,120.0,0.7910891089108911,0.9380718026266598,0.6452926139867953,147.7
-29.75,120.25,0.8169731258840169,0.9342213231186735,0.6536891020311889,129.4
-29.75,120.5,0.84002828854314,0.926936504666972,0.6597111285896158,113.1
-29.75,120.75,0.8585572842998586,0.9219366391364328,0.6448789479955187,100.0
-29.75,121.0,0.871004243281471,0.9212884529341803,0.6159674730946504,91.2
-29.75,121.25,0.8752475247524752,0.9325793995510503,0.6335358996563704,88.2
-29.75,121.5,0.8704384724186705,0.921958401905107,0.6083619403421564,91.6
-29.75,121.75,0.8577086280056577,0.9153479799390558,0.5888847287335701,100.6
-29.75,122.0,0.8388967468175389,0.9205870049965935,0.5625075986909691,113.9
-29.75,122.25,0.8157001414427156,0.9436797335574048,0.5580070912852921,130.3
-29.75,122.5,0.7942008486562941,0.9687160851433965,0.5339770394776963,145.5
-29.75,122.75,0.7708628005657708,0.9690342828950894,0.5339275594421155,162.0
-29.75,123.0,0.7451202263083452,0.9539266533275617,0.5261327615242056,180.2
-29.75,123.25,0.7178217821782178,0.9400301406416304,0.5142486884833051,199.5
-29.75,123.5,0.6892503536067893,0.9419186630831287,0.509032493462003,219.7
-29.75,123.75,0.6596888260254596,0.9439470902131564,0.5330712002465066,240.6
-29.75,124.0,0.6295615275813295,0.9437228387388668,0.6009178865722307,261.9
-29.75,124.25,0.5987270155586988,0.9347436628976944,0.6090236834369055,283.7
-29.75,124.5,0.5676096181046677,0.9235576767682943,0.5608294518555562,305.7
-29.75,124.75,0.536067892503536,0.895837489696859,0.47165712807087806,328.0
-29.75,125.0,0.5042432814710043,0.8903267201540697,0.4371567783888585,350.5
-29.75,125.25,0.47227722772277225,0.906316655475326,0.5183778377457184,373.1
-29.75,125.5,0.44115983026874117,0.9205449086039105,0.5907805716082634,395.1
-29.75,125.75,0.4110325318246111,0.9290365656782642,0.6588335107077101,416.4
-29.75,126.0,0.3807637906647807,0.928541865310878,0.6641775479577509,437.8
-29.75,126.25,0.3500707213578501,0.9331109524448166,0.6579413872779143,459.5
-29.75,126.5,0.3190947666195191,0.9301466537454294,0.6924759378184038,481.4
-29.75,126.75,0.28783592644978784,0.927761231768428,0.6877458398241765,503.5
-29.75,127.0,0.25643564356435633,0.9227674203165678,0.6805768112422483,525.7
-29.75,127.25,0.2248939179632249,0.9135700300953457,0.6110004027997241,548.0
-29.75,127.5,0.1932107496463933,0.9048481057616434,0.5885673795802842,570.4
-29.75,127.75,0.16124469589816126,0.9021821180024329,0.568775043002422,593.0
-29.75,128.0,0.15205091937765203,0.8953252176644075,0.5436225196645346,599.5
-29.75,128.25,0.18189533239038191,0.896240405677934,0.5120090318890642,578.4
-29.75,128.5,0.21159830268741164,0.890513901911215,0.5110191894183149,557.4
-29.75,128.75,0.24073550212164085,0.8926682307857812,0.5551451466865632,536.8
-29.75,129.0,0.2697312588401698,0.8922486319161411,0.5631732421663731,516.3
-29.75,129.25,0.2981612446958982,0.8833581345824648,0.5536266736988703,496.2
-29.75,129.5,0.32630834512022633,0.8696063787259707,0.5039792440953337,476.3
-29.75,129.75,0.35374823196605376,0.8714537548917063,0.47680709720742376,456.9
-29.75,130.0,0.3807637906647807,0.8827340986308514,0.46774159717706043,437.8
-29.75,130.25,0.4070721357850071,0.9118445741525671,0.5377574592515548,419.2
-29.75,130.5,0.4326732673267326,0.915766634449719,0.6114839532972803,401.1
-29.75,130.75,0.45728429985855734,0.9107730322928808,0.6779031325378583,383.7
-29.75,131.0,0.4810466760961811,0.8860796297179845,0.6800380751936076,366.9
-29.75,131.25,0.5035360678925036,0.8571921743324077,0.6709552329748779,351.0
-29.75,131.5,0.5248939179632249,0.8354294874103727,0.6446171389733768,335.9
-29.75,131.75,0.5446958981612448,0.8226929863526401,0.6010338342516994,321.9
-29.75,132.0,0.562942008486563,0.8047691320121049,0.5900812107926523,309.0
-29.75,132.25,0.5792079207920793,0.7869062134184657,0.5709680239670074,297.5
-29.75,132.5,0.5933521923620934,0.7638728167911587,0.5645173907029771,287.5
-29.75,132.75,0.61994342291372,0.7489721825176919,0.5828779007658771,268.7
-29.75,133.0,0.6537482319660537,0.7449338898706324,0.5808570039510952,244.8
-29.75,133.25,0.6875530410183875,0.7371440113343755,0.617701901455877,220.9
-29.75,133.5,0.7213578500707214,0.715945562720522,0.6340271864461346,197.0
-29.75,133.75,0.7551626591230551,0.6931511126639052,0.651256005897195,173.1
-29.75,134.0,0.788967468175389,0.657087043928372,0.6441729146278783,149.2
-29.75,134.25,0.8227722772277228,0.6330887639178394,0.6174868970015939,125.3
-29.75,134.5,0.8565770862800566,0.6098662204927331,0.5982851940992681,101.4
-29.75,134.75,0.8903818953323904,0.5967805204159018,0.5691739778039523,77.5
-29.75,135.0,0.9241867043847242,0.5858175054755532,0.5906929580990067,53.6
-29.75,135.25,0.957991513437058,0.5603026249606333,0.5888497542458794,29.7
-29.75,135.5,0.9917963224893918,0.5368236364367667,0.553119108460918,5.8
-29.75,135.75,0.9872701555869873,0.5179034196532151,0.5190734593534287,9.0
-29.75,136.0,0.9690240452616691,0.5152337632101813,0.4935853421064649,21.9
-29.75,136.25,0.9507779349363508,0.5289658876227193,0.4912730771863959,34.8
-29.75,136.5,0.9325318246110326,0.5437531556266029,0.505828056760312,47.7
-29.75,136.75,0.9144271570014144,0.5660751624923248,0.501636872104755,60.5
-29.75,137.0,0.8963224893917964,0.5780836573958974,0.5041330029029695,73.3
-29.75,137.25,0.879066478076379,0.5988374932481443,0.4983856953043069,85.5
-29.75,137.5,0.8615275813295615,0.6203904613213007,0.4986735498435494,97.9
-29.75,137.75,0.8502121640735503,0.6258473628231669,0.48334457035148976,105.9
-29.75,138.0,0.8666195190947666,0.6282085226679055,0.4530931857574564,94.3
-29.75,138.25,0.8759547383309759,0.6431304779450049,0.42015219859090464,87.7
-29.75,138.5,0.8763790664780764,0.6521878696420402,0.419795265409154,87.4
-29.75,138.75,0.8678925035360678,0.7075023527191135,0.4318899267708689,93.4
-29.75,139.0,0.8521923620933523,0.751475342705126,0.451506069293692,104.5
-29.75,139.25,0.830975954738331,0.7921429551541737,0.46363996010381214,119.5
-29.75,139.5,0.8063649222065064,0.768072003110428,0.42833442357568513,136.9
-29.75,139.75,0.7792079207920792,0.767585828226137,0.43250908802392274,156.1
-29.75,140.0,0.7504950495049505,0.7259351941375347,0.43263267529194693,176.4
-29.75,140.25,0.7206506364922207,0.7046460469597642,0.45105451158787135,197.5
-29.75,140.5,0.68995756718529,0.7132549481308998,0.49085430201880703,219.2
-29.75,140.75,0.6667609618104668,0.7230697841233615,0.5389498958745031,235.6
-29.75,141.0,0.6721357850070722,0.7134391802469753,0.5531230733106747,231.8
-29.75,141.25,0.6741159830268741,0.7014564053022134,0.551018640657321,230.4
-29.75,141.5,0.6725601131541725,0.6692666695469416,0.5169532640047011,231.5
-29.75,141.75,0.6677510608203677,0.653310643678986,0.4822470967153956,234.9
-29.75,142.0,0.6596888260254596,0.6757891124521164,0.4807403409869428,240.6
-29.75,142.25,0.6492220650636492,0.7038546154207325,0.48430806107690516,248.0
-29.75,142.5,0.6405940594059406,0.7503543799293115,0.5101411041354217,254.1
-29.75,142.75,0.6289957567185289,0.7930309507877438,0.5298902947669485,262.3
-29.75,143.0,0.6148514851485148,0.8256073929245629,0.5581799974161429,272.3
-29.75,143.25,0.6304101838755304,0.8091739834950241,0.5418859477056753,261.3
-29.75,143.5,0.6637906647807639,0.7974712517662342,0.5362662728111708,237.7
-29.75,143.75,0.697029702970297,0.7612180614662236,0.49639519567099266,214.2
-29.75,144.0,0.7302687411598303,0.7341733599828968,0.426008507323324,190.7
-29.75,144.25,0.7632248939179632,0.7178197107008305,0.36995458967316963,167.4
-29.75,144.5,0.7958981612446959,0.7221503669103084,0.37165314097928126,144.3
-29.75,144.75,0.8281471004243282,0.7297041945003621,0.3734011078518721,121.5
-29.75,145.0,0.8598302687411599,0.7350743973501539,0.3737914682628717,99.1
-29.75,145.25,0.8900990099009901,0.7373210863784689,0.3690963447563351,77.7
-29.75,145.5,0.9176803394625177,0.7456364075194065,0.36502821549871306,58.2
-29.75,145.75,0.9387553041018387,0.7543122224748056,0.3865702112630866,43.3
-29.75,146.0,0.9452616690240453,0.763600636415353,0.3935187877516352,38.7
-29.75,146.25,0.9326732673267326,0.7671738361111675,0.39726523230887983,47.6
-29.75,146.5,0.9417256011315417,0.7842149299789277,0.4175505157558761,41.2
-29.75,146.75,0.9653465346534653,0.8001446098183098,0.4261051465068234,24.5
-29.75,147.0,0.9719943422913719,0.8114924840627377,0.4336087536094758,19.8
-29.75,147.25,0.9572842998585573,0.8223387479290809,0.4174588084586594,30.2
-29.75,147.5,0.9541725601131542,0.8136904781626793,0.401991607212482,32.4
-29.75,147.75,0.9612446958981613,0.8184768303992803,0.40492388760120274,27.4
-29.75,148.0,0.9842998585572843,0.8196302199305127,0.39105722850922575,11.1
-29.75,148.25,0.9823196605374823,0.8216814095438993,0.386181414227804,12.5
-29.75,148.5,0.9591230551626592,0.830111964543344,0.3997711785278333,28.9
-29.75,148.75,0.9896746817538897,0.8403099072889797,0.40771607663185533,7.3
-29.75,149.0,0.9898161244695898,0.8408224940926619,0.379289183734171,7.2
-29.75,149.25,0.964922206506365,0.8492919298064286,0.358575358050673,24.8
-29.75,149.5,0.9803394625176803,0.867405353665778,0.36180851573718653,13.9
-29.75,149.75,0.9937765205091937,0.8729749189093702,0.36372932427152627,4.4
-29.75,150.0,0.9727015558698727,0.8530635065694089,0.3064320232907781,19.3
-29.75,150.25,0.9775106082036775,0.8164517496306541,0.18643652233151178,15.9
-29.75,150.5,0.995049504950495,0.8132343300286253,0.1644603432842348,3.5
-29.75,150.75,0.9939179632248939,0.8065656769546661,0.18302696106537847,4.3
-29.75,151.0,1.0,0.8287269840224081,0.20168177257769426,0.0
-29.75,151.25,0.9946251768033946,0.873569094257626,0.24427230148449353,3.8
-29.75,151.5,0.9967468175388967,0.8207995746280067,0.29243257396650446,2.3
-29.75,151.75,0.9949080622347949,0.6956929396717862,0.2721711279698743,3.6
-29.75,152.0,0.9727015558698727,0.676199229750087,0.13883273907703153,19.3
-29.75,152.25,0.9388967468175389,0.722376403905233,0.0357181951896889,43.2
-29.75,152.5,0.9582743988684583,0.7899515717585939,0.01542777355528442,29.5
-29.75,152.75,0.9855728429985856,0.8459043109664068,0.0416409989653644,10.2
-29.75,153.0,0.9936350777934936,0.877429769899715,0.12291724387330866,4.5
-29.75,153.25,0.9652050919377652,0.9045081190086298,0.3302836407420495,24.6
-30.0,115.0,0.955021216407355,0.9708499576969656,0.6260773081040036,31.8
-30.0,115.25,0.9885431400282886,0.9822371186665296,0.5525412396675249,8.1
-30.0,115.5,0.9900990099009901,0.9975234948224706,0.5321803339641946,7.0
-30.0,115.75,0.9663366336633663,0.9937661757478858,0.5330846904060444,23.8
-30.0,116.0,1.0,0.9901847463790475,0.5102244788012393,0.0
-30.0,116.25,0.9663366336633663,0.9964202185261662,0.5226781041214094,23.8
-30.0,116.5,0.9326732673267326,0.9984755358001872,0.5403372870610954,47.6
-30.0,116.75,0.899009900990099,0.9979361301149604,0.5517716397655748,71.4
-30.0,117.0,0.867043847241867,0.9982709794862141,0.5543083699806062,94.0
-30.0,117.25,0.855021216407355,0.9964619124602316,0.5796443723820286,102.5
-30.0,117.5,0.8367751060820368,0.9888057263448916,0.6227386628497777,115.4
-30.0,117.75,0.814002828854314,0.9915758940936803,0.6470530233960207,131.5
-30.0,118.0,0.7882602545968883,0.9909510867429822,0.6021299056848308,149.7
-30.0,118.25,0.773974540311174,0.9694910635246926,0.5522210377564873,159.8
-30.0,118.5,0.7835926449787836,0.9616381999464966,0.5332447027165484,153.0
-30.0,118.75,0.7974540311173974,0.9631040371879329,0.5835428189638866,143.2
-30.0,119.0,0.8065063649222065,0.9601173088335003,0.6430266378817715,136.8
-30.0,119.25,0.80990099009901,0.9568688967878022,0.6521234376610267,134.4
-30.0,119.5,0.8083451202263083,0.9438805509649858,0.6316139467954748,135.5
-30.0,119.75,0.8046676096181047,0.9338383695455962,0.6198209363607735,138.1
-30.0,120.0,0.8127298444130127,0.9333364600531902,0.6003493174467627,132.4
-30.0,120.25,0.8414427157001414,0.9324178935808171,0.6224887644941811,112.1
-30.0,120.5,0.8685997171145686,0.9274706888334356,0.639944354010591,92.9
-30.0,120.75,0.8920792079207921,0.9177124139882882,0.6164865621845375,76.3
-30.0,121.0,0.9087694483734088,0.9193836681548977,0.5985668596047442,64.5
-30.0,121.25,0.9148514851485149,0.9338917569954086,0.6212744083766432,60.2
-30.0,121.5,0.9080622347949081,0.9208504145864568,0.6113442648710982,65.0
-30.0,121.75,0.890947666195191,0.9120377714667395,0.5851287911010952,77.1
-30.0,122.0,0.8671852899575672,0.9124401328249927,0.5464081328468103,93.9
-30.0,122.25,0.8462517680339463,0.9270027334795816,0.5331186011535566,108.7
-30.0,122.5,0.8224893917963225,0.9525001167576754,0.541735138359444,125.5
-30.0,122.75,0.7958981612446959,0.9612038652340898,0.5503040812509762,144.3
-30.0,123.0,0.7676096181046677,0.9605998729023794,0.5278570521191845,164.3
-30.0,123.25,0.7380480905233381,0.9444692022614001,0.5124695991518522,185.2
-30.0,123.5,0.7074964639321075,0.9290868208144194,0.5102389843491294,206.8
-30.0,123.75,0.6763790664780764,0.9278024508099315,0.5259866906569518,228.8
-30.0,124.0,0.6448373408769448,0.9296355177742651,0.576248704207319,251.1
-30.0,124.25,0.613012729844413,0.926540333647084,0.5577280045438854,273.6
-30.0,124.5,0.5807637906647808,0.9153695309414273,0.5086456788515987,296.4
-30.0,124.75,0.5490806223479491,0.9133200934309206,0.4691968743277787,318.8
-30.0,125.0,0.5193776520509193,0.9199971964225248,0.43598996823384933,339.8
-30.0,125.25,0.48925035360678926,0.9350531991952968,0.5090511250324041,361.1
-30.0,125.5,0.4586987270155587,0.9460147649363952,0.6080382409823497,382.7
-30.0,125.75,0.4278642149929278,0.948906384004785,0.6756205556391379,404.5
-30.0,126.0,0.39674681753889673,0.9469256126929998,0.6923773323273016,426.5
-30.0,126.25,0.36534653465346534,0.9450019193396298,0.6695642637531395,448.7
-30.0,126.5,0.3336633663366336,0.9395390464633064,0.7023329411280315,471.1
-30.0,126.75,0.301980198019802,0.9385012835176879,0.7197658697551819,493.5
-30.0,127.0,0.27001414427157,0.9308037703613776,0.7114417805120355,516.1
-30.0,127.25,0.23790664780763793,0.921785105869554,0.6997379791968588,538.8
-30.0,127.5,0.20579915134370574,0.9139869334766167,0.6812230172834794,561.5
-30.0,127.75,0.17340876944837347,0.9073600335512801,0.6517150903706431,584.4
-30.0,128.0,0.16958981612446955,0.9002382210676434,0.6152771379532822,587.1
-30.0,128.25,0.2001414427157001,0.8964159463194727,0.5780410258219028,565.5
-30.0,128.5,0.2302687411598302,0.8957356696322175,0.5805076620060738,544.2
-30.0,128.75,0.26025459688826025,0.8961006423668888,0.6424109579602113,523.0
-30.0,129.0,0.2898161244695898,0.8918802792421014,0.661398252747445,502.1
-30.0,129.25,0.3190947666195191,0.8796533021929522,0.6438955202003921,481.4
-30.0,129.5,0.347949080622348,0.865309322410414,0.5888207753846499,461.0
-30.0,129.75,0.3763790664780764,0.8549570762291081,0.5433717993278908,440.9
-30.0,130.0,0.40438472418670435,0.8582587911113324,0.504171200845747,421.1
-30.0,130.25,0.4316831683168316,0.8913140153440765,0.5314426785021535,401.8
-30.0,130.5,0.4582743988684582,0.9018718447172082,0.58781547644676,383.0
-30.0,130.75,0.48415841584158414,0.9001046887115877,0.6524208336273258,364.7
-30.0,131.0,0.509052333804809,0.892630469295906,0.6758546107129835,347.1
-30.0,131.25,0.532956152758133,0.8671856368525612,0.6622242953479635,330.2
-30.0,131.5,0.5557284299858557,0.845591756217166,0.6305125566614502,314.1
-30.0,131.75,0.576944837340877,0.8175747459660526,0.6177341682412949,299.1
-30.0,132.0,0.5964639321074965,0.7991586928717088,0.6039057876784725,285.3
-30.0,132.25,0.614144271570014,0.7868328295827904,0.5949024358621807,272.8
-30.0,132.5,0.6297029702970297,0.7604056274345922,0.5430885220948715,261.8
-30.0,132.75,0.6427157001414427,0.7421573407691947,0.5414957001156037,252.6
-30.0,133.0,0.653041018387553,0.7332078831429172,0.531730935973282,245.3
-30.0,133.25,0.6854314002828854,0.7246645293893549,0.5662539787791119,222.4
-30.0,133.5,0.718953323903819,0.711496820790362,0.6331562572335339,198.7
-30.0,133.75,0.7523338048090523,0.6902116517861486,0.6665664827570569,175.1
-30.0,134.0,0.7857142857142857,0.6534213183474132,0.6470551025245517,151.5
-30.0,134.25,0.8188118811881189,0.6227297100733347,0.6382391301524499,128.1
-30.0,134.5,0.8516265912305516,0.6009163027791129,0.6122190461125274,104.9
-30.0,134.75,0.884016973125884,0.5843130191910253,0.5840250800794082,82.0
-30.0,135.0,0.9151343705799151,0.5728326311446361,0.5798965271561859,60.0
-30.0,135.25,0.9431400282885432,0.5400966286977796,0.5821961238977641,40.2
-30.0,135.5,0.9611032531824611,0.5115309981414593,0.5691363278485395,27.5
-30.0,135.75,0.9794908062234795,0.4933450834235512,0.5283720151865607,14.5
-30.0,136.0,0.9977369165487977,0.488523454054934,0.5067376029648514,1.6
-30.0,136.25,0.9841584158415841,0.5083831244013829,0.5059216981305807,11.2
-30.0,136.5,0.965912305516266,0.520519982408083,0.5238466871767162,24.1
-30.0,136.75,0.9478076379066478,0.5238176915401336,0.5479048152781172,36.9
-30.0,137.0,0.9298444130127298,0.5345909769394931,0.5429167119387502,49.6
-30.0,137.25,0.9134370579915134,0.547885640654693,0.5343817926156581,61.2
-30.0,137.5,0.8902404526166903,0.5640492848007761,0.5285476773715105,77.6
-30.0,137.75,0.8806223479490807,0.5620633504508423,0.5149416346232935,84.4
-30.0,138.0,0.901980198019802,0.5635764771285314,0.47105771048023026,69.3
-30.0,138.25,0.9148514851485149,0.5721129369700699,0.42644225543979075,60.2
-30.0,138.5,0.9155586987270156,0.6267467425248738,0.4214719133379515,59.7
-30.0,138.75,0.9036775106082037,0.7118181024163608,0.43667422716237914,68.1
-30.0,139.0,0.883026874115983,0.750884790199241,0.4717079941921462,82.7
-30.0,139.25,0.8572842998585573,0.6792646754046102,0.40146225141814373,100.9
-30.0,139.5,0.8288543140028288,0.6642985726709931,0.3793723327581324,121.0
-30.0,139.75,0.7987270155586987,0.6870049087347989,0.383031405565252,142.3
-30.0,140.0,0.7676096181046677,0.6638576674152801,0.39474218566069147,164.3
-30.0,140.25,0.735926449787836,0.6454718258468037,0.4188698114537618,186.7
-30.0,140.5,0.7038189533239039,0.66850016501582,0.4673997014132894,209.4
-30.0,140.75,0.7053748231966054,0.6809754490589629,0.5106405946183817,208.3
-30.0,141.0,0.7114568599717115,0.6770002110013025,0.5463612315752988,204.0
-30.0,141.25,0.7137199434229138,0.6651348954760232,0.552312374356369,202.4
-30.0,141.5,0.712022630834512,0.6266249280780729,0.5207579725126379,203.6
-30.0,141.75,0.7066478076379066,0.6272916862336657,0.5118760160149114,207.4
-30.0,142.0,0.6974540311173975,0.6519809785450431,0.5080097717493695,213.9
-30.0,142.25,0.6878359264497879,0.6930462220013525,0.5191482918632666,220.7
-30.0,142.5,0.6780763790664781,0.7434389531570322,0.5485084555949286,227.6
-30.0,142.75,0.6653465346534653,0.7836950186354885,0.572740295690952,236.6
-30.0,143.0,0.6497878359264497,0.7855555043822422,0.5812725395463221,247.6
-30.0,143.25,0.6346534653465347,0.7693441060676787,0.5575839483360606,258.3
-30.0,143.5,0.6683168316831682,0.7339933807322321,0.5196199316942774,234.5
-30.0,143.75,0.7019801980198019,0.7047166771460373,0.46317718477428965,210.7
-30.0,144.0,0.7356435643564356,0.6956287404187956,0.4108566244537279,186.9
-30.0,144.25,0.7693069306930693,0.7081931088031761,0.4083805113116019,163.1
-30.0,144.5,0.802970297029703,0.7159798589450025,0.4057723009800228,139.3
-30.0,144.75,0.8366336633663366,0.714167721503085,0.3897549043023716,115.5
-30.0,145.0,0.8701555869872701,0.7183227189685124,0.3803760844375807,91.8
-30.0,145.25,0.9035360678925035,0.720835625441532,0.37201663389213335,68.2
-30.0,145.5,0.9366336633663366,0.7301926492558168,0.3693112847415165,44.8
-30.0,145.75,0.9684582743988684,0.7444447152243256,0.38728633404514845,22.3
-30.0,146.0,0.9841584158415841,0.7572364770964302,0.4069355169826103,11.2
-30.0,146.25,0.9578500707213579,0.7615179402049457,0.4032163589726746,29.8
-30.0,146.5,0.9500707213578501,0.7738386504116075,0.4066106732962479,35.3
-30.0,146.75,0.9823196605374823,0.7852633721901238,0.410474064804038,12.5
-30.0,147.0,0.9920792079207921,0.8036119255741172,0.41548515137817316,5.6
-30.0,147.25,0.9933521923620934,0.8100810907622127,0.44576941521409097,4.7
-30.0,147.5,0.9929278642149929,0.8008257858181117,0.4403143299363134,5.0
-30.0,147.75,0.9997171145685997,0.8140504475134933,0.45699069753733923,0.2
-30.0,148.0,0.9968882602545969,0.8174527998665382,0.4473091307708053,2.2
-30.0,148.25,0.9957567185289957,0.8236380405636055,0.4366757583035453,3.0
-30.0,148.5,0.9987270155586987,0.8254407723791223,0.4155207866741567,0.9
-30.0,148.75,0.9939179632248939,0.8290592723749857,0.4004061185935365,4.3
-30.0,149.0,0.9978783592644979,0.8307288015583547,0.3644850471993282,1.5
-30.0,149.25,0.9773691654879774,0.8484339613124628,0.35027481614693506,16.0
-30.0,149.5,0.9816124469589816,0.8670525068328228,0.3459618171236516,13.0
-30.0,149.75,0.9885431400282886,0.8601341120332844,0.32027254016200196,8.1
-30.0,150.0,0.9702970297029703,0.8446767910749797,0.2417398906992783,21.0
-30.0,150.25,0.9513437057991514,0.824159402749977,0.12341102884076519,34.4
-30.0,150.5,0.9756718528995757,0.820892362129682,0.11572735309005933,17.2
-30.0,150.75,0.9742574257425742,0.8009072855293822,0.12822848246784216,18.2
-30.0,151.0,0.9855728429985856,0.7868833992748057,0.15805311384294704,10.2
-30.0,151.25,0.9854314002828855,0.831274747553508,0.21890977004770754,10.3
-30.0,151.5,0.9937765205091937,0.7525128827787019,0.28319041248011434,4.4
-30.0,151.75,0.9977369165487977,0.667420688870817,0.26071052022371377,1.6
-30.0,152.0,0.964922206506365,0.6848777069579355,0.14079991540106596,24.8
-30.0,152.25,0.9493635077793494,0.7333507894626492,0.0496202591006107,35.8
-30.0,152.5,0.9792079207920792,0.786366900846608,0.04371931840906078,14.7
-30.0,152.75,0.9923620933521924,0.8633901615877604,0.07530076826442451,5.4
-30.0,153.0,0.9977369165487977,0.9290743845686921,0.13698069489832887,1.6
-30.25,115.25,0.9878359264497878,0.9718147955378552,0.5592470416362185,8.6
-30.25,115.5,0.9786421499292787,0.9865195347930531,0.5073219670202443,15.1
-30.25,115.75,0.9654879773691655,0.9980323306531945,0.5026387380629777,24.4
-30.25,116.0,0.9991513437057992,0.9875522791373408,0.4928100366890112,0.6
-30.25,116.25,0.9671852899575671,0.9926842457355746,0.5130621346658898,23.2
-30.25,116.5,0.9335219236209336,0.9971589034263737,0.5305417228054202,47.0
-30.25,116.75,0.8998585572842999,0.9956099157383745,0.5368221092890463,70.8
-30.25,117.0,0.8905233380480905,0.9902953560842409,0.5548474928438571,77.4
-30.25,117.25,0.8746817538896747,0.9836939537046848,0.589101957371863,88.6
-30.25,117.5,0.8527581329561528,0.9749052085832643,0.654406610898938,104.1
-30.25,117.75,0.8271570014144272,0.9809110302555561,0.6802883764810901,122.2
-30.25,118.0,0.804101838755304,0.9995560325212766,0.6333959694710565,138.5
-30.25,118.25,0.813012729844413,0.9770088916565435,0.5683555425574385,132.2
-30.25,118.5,0.8178217821782178,0.95961913054046,0.5221065532999861,128.8
-30.25,118.75,0.8342291371994343,0.9613364610982669,0.5571276843858134,117.2
-30.25,119.0,0.8452616690240453,0.9704290446782388,0.6150026768699248,109.4
-30.25,119.25,0.8495049504950495,0.9706964209469737,0.6321903005649772,106.4
-30.25,119.5,0.8476661951909477,0.9582020117361234,0.6305519150480589,107.7
-30.25,119.75,0.842998585572843,0.9406098652132974,0.6176543393760726,111.0
-30.25,120.0,0.8516265912305516,0.9327549455709948,0.5950348715144179,104.9
-30.25,120.25,0.8589816124469589,0.9339146053932678,0.6015267166517316,99.7
-30.25,120.5,0.8902404526166903,0.9264105836627571,0.6205206356391686,77.6
-30.25,120.75,0.9195190947666195,0.9191386610172932,0.6228327555037586,56.9
-30.25,121.0,0.943988684582744,0.9213047399757865,0.6224229415413107,39.6
-30.25,121.25,0.9544554455445544,0.9338843622086748,0.6495873521370126,32.2
-30.25,121.5,0.9428571428571428,0.9255059809548849,0.6718480172129664,40.4
-30.25,121.75,0.9181046676096181,0.9170956305700235,0.650956982086077,57.9
-30.25,122.0,0.8983026874115982,0.9122310907487315,0.620207202983813,71.9
-30.25,122.25,0.8736916548797737,0.916584185376192,0.6039377321183816,89.3
-30.25,122.5,0.8458274398868458,0.9306510553774211,0.6167404576244416,109.0
-30.25,122.75,0.815983026874116,0.948455106003265,0.5745805984345013,130.1
-30.25,123.0,0.785007072135785,0.9486018247185417,0.534416025708679,152.0
-30.25,123.25,0.7533239038189533,0.9392521555528963,0.5220288196805704,174.4
-30.25,123.5,0.7212164073550212,0.9256210796980772,0.5275954526216232,197.1
-30.25,123.75,0.6888260254596889,0.9180732369616327,0.5344038249311758,220.0
-30.25,124.0,0.6562942008486563,0.9157393366881686,0.5163550068578845,243.0
-30.25,124.25,0.6271570014144272,0.914013463152845,0.48302388492218923,263.6
-30.25,124.5,0.5974540311173975,0.9183678208098248,0.45927549862006944,284.6
-30.25,124.75,0.5670438472418671,0.9283312420608256,0.45782911820539063,306.1
-30.25,125.0,0.5363507779349364,0.9431182242060363,0.47144629799093224,327.8
-30.25,125.25,0.5052333804809053,0.954723381112396,0.5147724999348942,349.8
-30.25,125.5,0.4738330975954739,0.9589146998080262,0.6064936580084545,372.0
-30.25,125.75,0.4422913719943423,0.962279429372957,0.6823153656259858,394.3
-30.25,126.0,0.41046676096181045,0.9618799357923488,0.7021254795586513,416.8
-30.25,126.25,0.3783592644978784,0.9561628114362336,0.676438072200952,439.5
-30.25,126.5,0.3462517680339463,0.9529741223630932,0.7030814757509901,462.2
-30.25,126.75,0.31400282885431396,0.9536592500937824,0.7085542094453674,485.0
-30.25,127.0,0.2816124469589817,0.9461871744378546,0.70184640893452,507.9
-30.25,127.25,0.24908062234794914,0.9368026431783323,0.7054228645877674,530.9
-30.25,127.5,0.2165487977369166,0.9309020245699455,0.707176665914065,553.9
-30.25,127.75,0.1838755304101839,0.922424300298454,0.7001692291356333,577.0
-30.25,128.0,0.18557284299858567,0.914372304600126,0.6816167300877694,575.8
-30.25,128.25,0.2165487977369166,0.9068076988008683,0.6690742502281344,553.9
-30.25,128.5,0.24738330975954737,0.9032154524840947,0.6691744513295045,532.1
-30.25,128.75,0.27793493635077793,0.9011979004203499,0.6793956405948278,510.5
-30.25,129.0,0.30834512022630833,0.8958148593019167,0.6780077820072481,489.0
-30.25,129.25,0.33833097595473827,0.8856657702313118,0.6703385376649654,467.8
-30.25,129.5,0.368033946251768,0.875812402719766,0.655626688649255,446.8
-30.25,129.75,0.39731258840169725,0.8628235666375144,0.6388568892025411,426.1
-30.25,130.0,0.42616690240452615,0.8556741551319588,0.6019108235598631,405.7
-30.25,130.25,0.4545968882602546,0.866967997708062,0.5613094082006909,385.6
-30.25,130.5,0.4823196605374823,0.8736175135174289,0.595461608616071,366.0
-30.25,130.75,0.5093352192362094,0.8759161498263104,0.6358963552299853,346.9
-30.25,131.0,0.5355021216407355,0.876998485863326,0.6553807390261396,328.4
-30.25,131.25,0.5608203677510608,0.872071073290884,0.6411080857659924,310.5
-30.25,131.5,0.5848656294200849,0.8683821081369512,0.5919669964874751,293.5
-30.25,131.75,0.6076379066478077,0.8395118190595432,0.57584944706028,277.4
-30.25,132.0,0.6288543140028289,0.808358254318725,0.593141494582866,262.4
-30.25,132.25,0.6480905233380481,0.7899792776005046,0.6138423780941908,248.8
-30.25,132.5,0.6650636492220651,0.7642515195308923,0.5680948939791277,236.8
-30.25,132.75,0.6796322489391796,0.7347778350635954,0.5350733687872348,226.5
-30.25,133.0,0.691089108910891,0.7188989826382801,0.5120855244782716,218.4
-30.25,133.25,0.6992927864214993,0.7089877514391753,0.527567747025153,212.6
-30.25,133.5,0.7111739745403112,0.6981125921956097,0.587807224401738,204.2
-30.25,133.75,0.7435643564356436,0.6758496877065348,0.6190597013247733,181.3
-30.25,134.0,0.7753889674681753,0.6380978487469425,0.5981634764351942,158.8
-30.25,134.25,0.8066478076379067,0.6118853350159332,0.5907827313231715,136.7
-30.25,134.5,0.8370579915134371,0.5910032380114949,0.5835194811490589,115.2
-30.25,134.75,0.8656294200848657,0.5754200566243954,0.5693782159182457,95.0
-30.25,135.0,0.8913719943422914,0.5549259020429519,0.5216620549608053,76.8
-30.25,135.25,0.9114568599717114,0.5228929997577809,0.5331179403452638,62.6
-30.25,135.5,0.9278642149929278,0.4979640724667329,0.534134182913173,51.0
-30.25,135.75,0.9461103253182461,0.48217432102223845,0.5261718942689582,38.1
-30.25,136.0,0.9643564356435643,0.4769139186387522,0.5097566909990571,25.2
-30.25,136.25,0.9824611032531825,0.4826732512294375,0.4909187388859902,12.4
-30.25,136.5,0.9994342291371995,0.4839468689066141,0.46799484792594725,0.4
-30.25,136.75,0.9813295615275813,0.48775489016728624,0.5047096790179806,13.2
-30.25,137.0,0.9650636492220651,0.4943855059262381,0.5332885900575538,24.7
-30.25,137.25,0.9407355021216407,0.5062861735464681,0.5355985179726849,41.9
-30.25,137.5,0.9101838755304101,0.5241175235446882,0.5524736438143568,63.5
-30.25,137.75,0.903960396039604,0.5198873725032024,0.555742259506824,67.9
-30.25,138.0,0.9322489391796323,0.5170149338966921,0.4944220221087694,47.9
-30.25,138.25,0.9527581329561527,0.5439066111264967,0.43899087598136594,33.4
-30.25,138.5,0.954031117397454,0.6212775504682728,0.4487521910267449,32.5
-30.25,138.75,0.9347949080622348,0.7197033440771154,0.4963202181056759,46.1
-30.25,139.0,0.906930693069307,0.672884834370846,0.4749353335422283,65.8
-30.25,139.25,0.8762376237623762,0.553406267838,0.34496140172021805,87.5
-30.25,139.5,0.8442715700141443,0.5411344728098093,0.30125054488075986,110.1
-30.25,139.75,0.8121640735502121,0.5927962837641535,0.3327857671667252,132.8
-30.25,140.0,0.7797736916548798,0.5951418315218269,0.37976649684613445,155.7
-30.25,140.25,0.7469589816124469,0.607289615017996,0.42178120385352064,178.9
-30.25,140.5,0.7328147100424328,0.6293476073359567,0.46564398213121505,188.9
-30.25,140.75,0.7438472418670439,0.6364457823080587,0.5091974860106159,181.1
-30.25,141.0,0.7507779349363508,0.6344535240223168,0.5386763857103964,176.2
-30.25,141.25,0.7533239038189533,0.6300543758865966,0.5480089489946931,174.4
-30.25,141.5,0.7514851485148515,0.6156542029557377,0.5408458032182982,175.7
-30.25,141.75,0.7451202263083452,0.6293573173036833,0.5391770366371876,180.2
-30.25,142.0,0.7346534653465346,0.6613494723533384,0.5336348213684166,187.6
-30.25,142.25,0.7261669024045262,0.7015934852897697,0.5368720244910639,193.6
-30.25,142.5,0.7151343705799151,0.7384815752278497,0.5625809806460178,201.4
-30.25,142.75,0.7008486562942009,0.7578975590622347,0.5788626200544015,211.5
-30.25,143.0,0.6835926449787836,0.7479246332251999,0.5841746161608803,223.7
-30.25,143.25,0.6659123055162659,0.7214874965571831,0.5819107836534891,236.2
-30.25,143.5,0.6763790664780764,0.6944110440260183,0.565444053454027,228.8
-30.25,143.75,0.7059405940594059,0.6773708398732836,0.5182662417306168,207.9
-30.25,144.0,0.7353606789250353,0.6823487268204382,0.4747585270307226,187.1
-30.25,144.25,0.7688826025459689,0.7029937270416035,0.47875780328769274,163.4
-30.25,144.5,0.8024045261669024,0.711220632369953,0.47397044061385013,139.7
-30.25,144.75,0.8357850070721358,0.7041887669427129,0.4392546351938354,116.1
-30.25,145.0,0.8691654879773691,0.6983033812767807,0.4066389107628074,92.5
-30.25,145.25,0.9021216407355022,0.7054419873675597,0.37877402725948955,69.2
-30.25,145.5,0.9343705799151344,0.7224068918477282,0.36685789695775173,46.4
-30.25,145.75,0.9654879773691655,0.7438222796079166,0.3686768604286271,24.4
-30.25,146.0,0.9934936350777935,0.7597748972796537,0.37962588973525246,4.6
-30.25,146.25,0.9787835926449788,0.7578913256337179,0.377531208033536,15.0
-30.25,146.5,0.9512022630834512,0.7517213219989831,0.35717894118983806,34.5
-30.25,146.75,0.9493635077793494,0.7700247925606978,0.3660362866079776,35.8
-30.25,147.0,0.9567185289957567,0.7952201758873835,0.4131142679273526,30.6
-30.25,147.25,0.9673267326732673,0.811513521780638,0.4740869362806835,23.1
-30.25,147.5,0.9683168316831683,0.7988319146464287,0.47272204481059654,22.4
-30.25,147.75,0.960961810466761,0.8117350153706487,0.47828593781482576,27.6
-30.25,148.0,0.9581329561527582,0.8186411367480282,0.46201151894583625,29.6
-30.25,148.25,0.9660537482319661,0.8264789369556197,0.442374440082225,24.0
-30.25,148.5,0.9717114568599717,0.8267818636002782,0.4093602804852051,20.0
-30.25,148.75,0.9837340876944838,0.8208567105941236,0.3638081216311207,11.5
-30.25,149.0,0.9998585572842998,0.831926989013061,0.33797304779589954,0.1
-30.25,149.25,0.985997171145686,0.8524578440764535,0.3224018578886251,9.9
-30.25,149.5,0.9997171145685997,0.860387448427685,0.3006763347088901,0.2
-30.25,149.75,0.9988684582743989,0.8370502057448848,0.26052763749936975,0.8
-30.25,150.0,0.9760961810466761,0.7956084147247902,0.18353900690590116,16.9
-30.25,150.25,0.9684582743988684,0.7718123597398222,0.11254937934290263,22.3
-30.25,150.5,0.9725601131541726,0.7685858982441973,0.12601610597399998,19.4
-30.25,150.75,0.9707213578500707,0.7575731133430302,0.1528785819786406,20.7
-30.25,151.0,0.9852899575671853,0.7485189476032234,0.17099291677656903,10.4
-30.25,151.25,0.9727015558698727,0.7649715518749686,0.21635676138448826,19.3
-30.25,151.5,0.996039603960396,0.6883447320292975,0.31435753231245367,2.8
-30.25,151.75,0.9917963224893918,0.6221235434705382,0.2993993629762929,5.8
-30.25,152.0,0.9722772277227723,0.6496677384378622,0.19605271742888736,19.6
-30.25,152.25,0.9833097595473833,0.6966038802320074,0.09971186469781941,11.8
-30.25,152.5,0.9997171145685997,0.7348229778340927,0.08364556820650287,0.2
-30.25,152.75,0.9919377652050919,0.8376657937745529,0.0810258984920906,5.7
-30.25,153.0,0.9985855728429985,0.9432590989806996,0.1611283802524037,1.0
-30.5,115.25,0.9884016973125884,0.9629633829037554,0.513719526096272,8.2
-30.5,115.5,0.9833097595473833,0.9698915984311601,0.45159719636899315,11.8
-30.5,115.75,0.9636492220650636,0.9837372037121912,0.47604001160044124,25.7
-30.5,116.0,0.997029702970297,0.9967289705313375,0.4919232964292102,2.1
-30.5,116.25,0.9694483734087694,0.9990106155172694,0.5018592099193604,21.6
-30.5,116.5,0.9513437057991514,1.0,0.5197546076478,34.4
-30.5,116.75,0.9377652050919377,0.9940871659671864,0.5164317734407744,44.0
-30.5,117.0,0.9263083451202263,0.9856673983494698,0.5515871453136872,52.1
-30.5,117.25,0.9043847241867043,0.9761048824100585,0.610555856108717,67.6
-30.5,117.5,0.8770862800565771,0.9694727257131377,0.6656464764407611,86.9
-30.5,117.75,0.8473833097595473,0.9756473734760154,0.6855902348213213,107.9
-30.5,118.0,0.8407355021216407,0.9973085698202983,0.6659244672074384,112.6
-30.5,118.25,0.8517680339462518,0.9846956931291261,0.6436472335723389,104.8
-30.5,118.5,0.8562942008486563,0.9677648531712003,0.611192907537502,101.6
-30.5,118.75,0.8691654879773691,0.9596311038956259,0.5772413994358199,92.5
-30.5,119.0,0.8834512022630835,0.969391717147032,0.580153839458482,82.4
-30.5,119.25,0.8891089108910891,0.97625337927706,0.5890871133611887,78.4
-30.5,119.5,0.8865629420084866,0.9695562188758057,0.59993969689162,80.2
-30.5,119.75,0.881046676096181,0.9527300554714676,0.6031573336418911,84.1
-30.5,120.0,0.88995756718529,0.9398376976679652,0.5802082191457946,77.8
-30.5,120.25,0.8956152758132956,0.9401067161050732,0.5834609432046844,73.8
-30.5,120.5,0.9073550212164073,0.9275478860475512,0.5936616957647581,65.5
-30.5,120.75,0.9335219236209336,0.918403508374973,0.6006166224598275,47.0
-30.5,121.0,0.9667609618104668,0.9241558880023784,0.6087360545395191,23.5
-30.5,121.25,0.994059405940594,0.9408195540451003,0.6315075566603382,4.2
-30.5,121.5,0.9677510608203678,0.9397699427855106,0.662695403308885,22.8
-30.5,121.75,0.9502121640735502,0.9381357159996345,0.6800078553021699,35.2
-30.5,122.0,0.9237623762376238,0.9367550506394128,0.6933718488079265,53.9
-30.5,122.25,0.8933521923620933,0.9350580735372926,0.708923859157435,75.4
-30.5,122.5,0.8615275813295615,0.9333962032677848,0.7046493159533359,97.9
-30.5,122.75,0.828995756718529,0.9341646046979228,0.6457812575433884,120.9
-30.5,123.0,0.7960396039603961,0.9332717040026508,0.5866353534222428,144.2
-30.5,123.25,0.7635077793493635,0.9305704825992275,0.5527367422185335,167.2
-30.5,123.5,0.7343705799151343,0.9273309008578842,0.5337551045949768,187.8
-30.5,123.75,0.7052333804809052,0.9197776287084217,0.5204895715248435,208.4
-30.5,124.0,0.6752475247524752,0.9151084162681942,0.4983844542740985,229.6
-30.5,124.25,0.6446958981612447,0.9141191771203669,0.4757132499583021,251.2
-30.5,124.5,0.6135785007072136,0.922615248612254,0.4692295279278069,273.2
-30.5,124.75,0.5821782178217823,0.9403759094819057,0.5025946411973916,295.4
-30.5,125.0,0.5504950495049505,0.9523502470672012,0.524125999559979,317.8
-30.5,125.25,0.5185289957567185,0.9606474197933017,0.5506731668584036,340.4
-30.5,125.5,0.48642149929278644,0.9641348875077529,0.6000712138591574,363.1
-30.5,125.75,0.4541725601131542,0.9674388624616876,0.6857006542753163,385.9
-30.5,126.0,0.4217821782178217,0.9657013432310249,0.6793041267049164,408.8
-30.5,126.25,0.3892503536067893,0.9627296823388518,0.6910639033176738,431.8
-30.5,126.5,0.3565770862800566,0.9647036700318776,0.7037389638850248,454.9
-30.5,126.75,0.3239038189533239,0.9650559324748715,0.696874664629718,478.0
-30.5,127.0,0.2910891089108911,0.9570532750689069,0.6568722316947568,501.2
-30.5,127.25,0.25827439886845827,0.951018292734133,0.6748148852747675,524.4
-30.5,127.5,0.2254596888260254,0.9492206549058074,0.6902433728253535,547.6
-30.5,127.75,0.1925035360678925,0.9420654718631125,0.693762128632549,570.9
-30.5,128.0,0.19999999999999996,0.9320398134713076,0.6894226811602792,565.6
-30.5,128.25,0.23140028288543146,0.9239249133506809,0.6840162217024844,543.4
-30.5,128.5,0.26280056577086275,0.9168578129273249,0.6831962553148044,521.2
-30.5,128.75,0.29391796322489394,0.9089080942753114,0.6829496610006718,499.2
-30.5,129.0,0.32489391796322487,0.9018563403077814,0.6789954486458137,477.3
-30.5,129.25,0.3555869872701556,0.8933202278654254,0.6750301153709066,455.6
-30.5,129.5,0.38613861386138615,0.8875309503085941,0.65527517087205,434.0
-30.5,129.75,0.41626591230551624,0.8767274688317481,0.6471396537514759,412.7
-30.5,130.0,0.44596888260254597,0.8672342258017404,0.6441149891399702,391.7
-30.5,130.25,0.4753889674681754,0.8663277008632401,0.6384503470470061,370.9
-30.5,130.5,0.5042432814710043,0.8610386802139931,0.6507366428136255,350.5
-30.5,130.75,0.5325318246110325,0.8591152051286413,0.6510188401891909,330.5
-30.5,131.0,0.5599717114568599,0.8537325534554261,0.6466171316819214,311.1
-30.5,131.25,0.5867043847241867,0.8474078639222953,0.6376185344618825,292.2
-30.5,131.5,0.6123055162659123,0.8478513345943742,0.6223663054354373,274.1
-30.5,131.75,0.6367751060820368,0.8376659803517639,0.6161868292133005,256.8
-30.5,132.0,0.6596888260254596,0.8190807081669037,0.6335850895809934,240.6
-30.5,132.25,0.6807637906647808,0.7972748545228969,0.6541369688809354,225.7
-30.5,132.5,0.6995756718528996,0.77005916921863,0.6509368838436115,212.4
-30.5,132.75,0.7157001414427158,0.7380503007676738,0.6196044974689768,201.0
-30.5,133.0,0.7287128712871287,0.7048060634643151,0.5699449637915898,191.8
-30.5,133.25,0.7380480905233381,0.6774407069471258,0.5332421561870299,185.2
-30.5,133.5,0.7435643564356436,0.6614858705875226,0.5199244998481446,181.3
-30.5,133.75,0.7448373408769449,0.6448483987603799,0.5174861011305331,180.4
-30.5,134.0,0.7589816124469589,0.6247091143298416,0.48615830817939704,170.4
-30.5,134.25,0.7876944837340877,0.6021951062948121,0.478352421575989,150.1
-30.5,134.5,0.8148514851485149,0.5801833024074974,0.4972084411548168,130.9
-30.5,134.75,0.8394625176803394,0.5648336806571411,0.5256498234831158,113.5
-30.5,135.0,0.8601131541725601,0.5429340047850431,0.47339199159854134,98.9
-30.5,135.25,0.8762376237623762,0.5113772320655909,0.4579762528128231,87.5
-30.5,135.5,0.8946251768033946,0.48619670220846234,0.4571771260622787,74.5
-30.5,135.75,0.9128712871287129,0.47110573982352666,0.4579948843832243,61.6
-30.5,136.0,0.930975954738331,0.4660426727380609,0.44868000175007816,48.8
-30.5,136.25,0.9490806223479491,0.47177292672626825,0.4303522419908592,36.0
-30.5,136.5,0.9671852899575671,0.4770760644820101,0.4416294029080355,23.2
-30.5,136.75,0.9874115983026874,0.48486937622047743,0.4914416638874305,8.9
-30.5,137.0,0.9804809052333805,0.4920584017380222,0.5588134385752307,13.8
-30.5,137.25,0.9483734087694484,0.5034586358214854,0.5684363384591866,36.5
-30.5,137.5,0.914992927864215,0.5163315537255171,0.5869137954726321,60.1
-30.5,137.75,0.9145685997171146,0.5143854151255665,0.5739971369465326,60.4
-30.5,138.0,0.9480905233380481,0.5126209351217038,0.5288264095328578,36.7
-30.5,138.25,0.9813295615275813,0.5442811772386378,0.4622976005847811,13.2
-30.5,138.5,0.9844413012729845,0.6326041248256367,0.5170246474175961,11.0
-30.5,138.75,0.9523338048090524,0.6185453748377132,0.4985064942836811,33.7
-30.5,139.0,0.9196605374823197,0.5125208222650538,0.3886867802248418,56.8
-30.5,139.25,0.8864214992927865,0.42341257913167607,0.2634566138466266,80.3
-30.5,139.5,0.853041018387553,0.486928720644349,0.2651309731223125,103.9
-30.5,139.75,0.8195190947666195,0.5441622704447217,0.3555731448038463,127.6
-30.5,140.0,0.7861386138613862,0.5538225038229174,0.4107839355415227,151.2
-30.5,140.25,0.7526166902404526,0.5791390286287166,0.4564156009153207,174.9
-30.5,140.5,0.769024045261669,0.6083208066415704,0.4962652581964476,163.3
-30.5,140.75,0.7817538896746817,0.6042233001202009,0.5329903398756567,154.3
-30.5,141.0,0.78995756718529,0.6077125327021191,0.5407494541457566,148.5
-30.5,141.25,0.792927864214993,0.6213079508521642,0.5481760367891123,146.4
-30.5,141.5,0.7906647807637907,0.6434682735829067,0.562635747147941,148.0
-30.5,141.75,0.7833097595473834,0.6689788826051366,0.5779577639770133,153.2
-30.5,142.0,0.7725601131541726,0.6789267534134884,0.5533240557353306,160.8
-30.5,142.25,0.764073550212164,0.6914833791985748,0.543239154151073,166.8
-30.5,142.5,0.7513437057991513,0.7042500745672493,0.5489773877236667,175.8
-30.5,142.75,0.735077793493635,0.7206117750785908,0.5644202196493886,187.3
-30.5,143.0,0.7172560113154173,0.7051946681096999,0.566679893899718,199.9
-30.5,143.25,0.6994342291371994,0.677411477669531,0.5746624419591526,212.5
-30.5,143.5,0.6923620933521923,0.6651854692456518,0.5721738056940148,217.5
-30.5,143.75,0.7234794908062234,0.6682716057215736,0.5581397848139362,195.5
-30.5,144.0,0.7541725601131541,0.674098500648236,0.5346251634747041,173.8
-30.5,144.25,0.784016973125884,0.6931159127841284,0.5538064135545049,152.7
-30.5,144.5,0.8125884016973126,0.6930549896722173,0.5464144508187803,132.5
-30.5,144.75,0.8391796322489392,0.6860368956063629,0.5104808885361111,113.7
-30.5,145.0,0.8628005657708628,0.683372723554413,0.45249953815141375,97.0
-30.5,145.25,0.8875530410183876,0.7014998616150536,0.39491428592777045,79.5
-30.5,145.5,0.9157001414427157,0.7277972135634316,0.37614604103095367,59.6
-30.5,145.75,0.9434229137199435,0.7490997412712062,0.370846100646499,40.0
-30.5,146.0,0.9710042432814711,0.7570508209115039,0.367044841235505,20.5
-30.5,146.25,0.9985855728429985,0.7429670643494133,0.3588212109701358,1.0
-30.5,146.5,0.9742574257425742,0.7218869766401045,0.33012206505582853,18.2
-30.5,146.75,0.9490806223479491,0.7422069057209786,0.3376183387981588,36.0
-30.5,147.0,0.9212164073550212,0.7780985719310852,0.3901289056788062,55.7
-30.5,147.25,0.9278642149929278,0.80283018670862,0.4550417160055417,51.0
-30.5,147.5,0.9294200848656294,0.7811809022660496,0.4186206544928351,49.9
-30.5,147.75,0.9223479490806223,0.7913226931208368,0.40273870739792705,54.9
-30.5,148.0,0.9203677510608204,0.8138728640072962,0.4112349613772542,56.3
-30.5,148.25,0.9268741159830268,0.8320955849442746,0.4202736906131225,51.7
-30.5,148.5,0.9345120226308345,0.8370054525504707,0.40049685885422714,46.3
-30.5,148.75,0.9482319660537483,0.8269398167234847,0.3280897733273152,36.6
-30.5,149.0,0.964922206506365,0.8438986123995831,0.3033308177382388,24.8
-30.5,149.25,0.9804809052333805,0.8702227572116688,0.2936580187695407,13.8
-30.5,149.5,0.9881188118811881,0.8849018819699664,0.28170473814792857,8.4
-30.5,149.75,0.9803394625176803,0.8439766771085395,0.24872861532093177,13.9
-30.5,150.0,0.9886845827439887,0.7613670715373797,0.1779592222680945,8.0
-30.5,150.25,0.9923620933521924,0.7025263703544122,0.14550409681639617,5.4
-30.5,150.5,0.9919377652050919,0.694955434653169,0.1544825248779575,5.7
-30.5,150.75,0.996039603960396,0.725595202589113,0.1979304767205442,2.8
-30.5,151.0,0.963932107496464,0.7433845907271075,0.20488361439804048,25.5
-30.5,151.25,0.9669024045261669,0.7322779893795232,0.2644593984895489,23.4
-30.5,151.5,0.9905233380480906,0.6527316004372034,0.30544477570137374,6.7
-30.5,151.75,0.9981612446958982,0.5814874404908131,0.2882764121504645,1.3
-30.5,152.0,0.9981612446958982,0.5863393010380915,0.17724496908998294,1.3
-30.5,152.25,0.999009900990099,0.6236082571672741,0.09431597817270913,0.7
-30.5,152.5,0.9804809052333805,0.7168217369377662,0.04529121210617812,13.8
-30.5,152.75,0.9728429985855729,0.8731951322026293,0.047230357264778575,19.2
-30.5,153.0,0.9997171145685997,0.9911296739188963,0.14598397257515355,0.2
-30.75,115.25,0.9746817538896747,0.944489405119408,0.5254821393495056,17.9
-30.75,115.5,0.9985855728429985,0.9479655488206554,0.42178436283950554,1.0
-30.75,115.75,0.9852899575671853,0.9652201354954353,0.46064530585916375,10.4
-30.75,116.0,0.9971711456859972,0.9786502257607781,0.4889020164455456,2.0
-30.75,116.25,0.9992927864214993,0.9907505765313371,0.5060012046502942,0.5
-30.75,116.5,0.9834512022630835,0.9999298978090592,0.5134694182160947,11.7
-30.75,116.75,0.9762376237623762,0.9945836450052664,0.5147842333114098,16.8
-30.75,117.0,0.955021216407355,0.9877810218713949,0.546495971997923,31.8
-30.75,117.25,0.9243281471004243,0.9790301230210707,0.5877375655373145,53.5
-30.75,117.5,0.8919377652050919,0.9732224490091896,0.6073537080601376,76.4
-30.75,117.75,0.8656294200848657,0.9845876254261028,0.5784780135107316,95.0
-30.75,118.0,0.8780763790664781,0.9927981419477472,0.5697659814479007,86.2
-30.75,118.25,0.88995756718529,0.9823182738357553,0.5822024096351832,77.8
-30.75,118.5,0.8957567185289957,0.970666196445264,0.5807367368418104,73.7
-30.75,118.75,0.9028288543140028,0.9601835478367735,0.5732790478568679,68.7
-30.75,119.0,0.92008486562942,0.9613134068966315,0.5764876428156208,56.5
-30.75,119.25,0.9287128712871288,0.9657240379747505,0.5649204354097431,50.4
-30.75,119.5,0.9246110325318246,0.9662159196115534,0.5521110373516536,53.3
-30.75,119.75,0.9181046676096181,0.9574245889541041,0.5398672589576279,57.9
-30.75,120.0,0.9282885431400283,0.9502004070322294,0.5240720066872767,50.7
-30.75,120.25,0.9349363507779349,0.949213389100838,0.5563869182896136,46.0
-30.75,120.5,0.9415841584158415,0.9345586674366633,0.552373458830262,41.3
-30.75,120.75,0.9574257425742574,0.9194941036864633,0.5301803251383745,30.1
-30.75,121.0,0.9695898161244696,0.9185467655211045,0.5178776542199147,21.5
-30.75,121.25,0.9872701555869873,0.9445956875871171,0.5800465951077474,9.0
-30.75,121.5,0.9991513437057992,0.9535669796559532,0.6407884479595949,0.6
-30.75,121.75,0.9673267326732673,0.9568546585346267,0.6754735016180825,23.1
-30.75,122.0,0.9339462517680339,0.9575026859728109,0.7027551009234615,46.7
-30.75,122.25,0.9028288543140028,0.9540545789865276,0.7173813510893445,68.7
-30.75,122.5,0.8717114568599718,0.9494514318331323,0.6930011353556803,90.7
-30.75,122.75,0.8413012729844414,0.9472769999161534,0.6462073499540243,112.2
-30.75,123.0,0.8121640735502121,0.9420853355513034,0.6042968250150403,132.8
-30.75,123.25,0.783026874115983,0.934685981594032,0.5867086547909144,153.4
-30.75,123.5,0.7527581329561528,0.9302273698758854,0.5679620876295556,174.8
-30.75,123.75,0.7217821782178218,0.92055785281917,0.5586490907176352,196.7
-30.75,124.0,0.6902404526166903,0.9174658550121191,0.5390138492234233,219.0
-30.75,124.25,0.6584158415841583,0.920661397919848,0.5230235779203267,241.5
-30.75,124.5,0.6263083451202263,0.934967418480275,0.5403390599613931,264.2
-30.75,124.75,0.594059405940594,0.951121114184242,0.6164037516233601,287.0
-30.75,125.0,0.5615275813295615,0.9581219654321957,0.646799740412583,310.0
-30.75,125.25,0.5288543140028288,0.9624626656998927,0.6545599990092388,333.1
-30.75,125.5,0.4961810466760962,0.9649447598343662,0.6617398584002583,356.2
-30.75,125.75,0.46336633663366344,0.9699615596057607,0.6702328083381216,379.4
-30.75,126.0,0.4305516265912305,0.9711566786372829,0.6344093915157649,402.6
-30.75,126.25,0.3975954738330977,0.9702415724231526,0.6511067599266807,425.9
-30.75,126.5,0.36463932107496466,0.9751006683505633,0.6838316305469444,449.2
-30.75,126.75,0.3315417256011315,0.9787299595570954,0.6930901349506241,472.6
-30.75,127.0,0.2985855728429986,0.9704831830638071,0.654240200030087,495.9
-30.75,127.25,0.2654879773691655,0.9675097574389642,0.6715370505007523,519.3
-30.75,127.5,0.23239038189533234,0.9618103594006701,0.6881132653522343,542.7
-30.75,127.75,0.19915134370579912,0.9544513151524003,0.693329186379854,566.2
-30.75,128.0,0.21258840169731252,0.9440412730359464,0.6887543783344284,556.7
-30.75,128.25,0.24455445544554455,0.9337536866375575,0.6768563960848287,534.1
-30.75,128.5,0.2763790664780763,0.9263150651733253,0.6765327934286747,511.6
-30.75,128.75,0.30806223479490813,0.9173104312044253,0.6769083259462756,489.2
-30.75,129.0,0.3396039603960397,0.9069025527965785,0.6703061097067932,466.9
-30.75,129.25,0.37100424328147097,0.8939764095284288,0.6455510867329225,444.7
-30.75,129.5,0.40212164073550216,0.8909499188761698,0.6158856779218252,422.7
-30.75,129.75,0.43295615275813304,0.8821710531537718,0.6049730897749551,400.9
-30.75,130.0,0.46364922206506365,0.870441981402007,0.6116806807612218,379.2
-30.75,130.25,0.4939179632248939,0.8624547733700447,0.6397160366867999,357.8
-30.75,130.5,0.5239038189533238,0.8545916929520629,0.6473638128182051,336.6
-30.75,130.75,0.5533239038189532,0.8475320102615642,0.644887844731558,315.8
-30.75,131.0,0.5821782178217823,0.8368581925864951,0.6420557009751058,295.4
-30.75,131.25,0.6101838755304101,0.8273430688470579,0.6373479737591801,275.6
-30.75,131.5,0.6374823196605375,0.8246406350759343,0.6264937462666548,256.3
-30.75,131.75,0.6636492220650636,0.8317257758837701,0.6320374120902149,237.8
-30.75,132.0,0.6884016973125884,0.8280621047692907,0.6410627962220242,220.3
-30.75,132.25,0.7115983026874115,0.8120536896672916,0.6552763635504321,203.9
-30.75,132.5,0.7325318246110326,0.7746933756679135,0.6647999165486158,189.1
-30.75,132.75,0.7507779349363508,0.7296573696705257,0.6599838328899508,176.2
-30.75,133.0,0.7656294200848657,0.6876259249205019,0.6317192409558819,165.7
-30.75,133.25,0.7765205091937766,0.6566157661560367,0.6043808927237015,158.0
-30.75,133.5,0.7828854314002829,0.6385311627608221,0.5927477656613007,153.5
-30.75,133.75,0.7844413012729844,0.6257029554451989,0.5822024096351832,152.4
-30.75,134.0,0.783026874115983,0.6033769840215535,0.5165829534843407,153.4
-30.75,134.25,0.7786421499292786,0.5864052269390672,0.46100478557043284,156.5
-30.75,134.5,0.7875530410183875,0.5661561512724573,0.4483320942425704,150.2
-30.75,134.75,0.8086280056577086,0.5455474792909465,0.47419081212085257,135.3
-30.75,135.0,0.8256011315417255,0.5210540057864853,0.4757465804838986,123.3
-30.75,135.25,0.8431400282885431,0.49764705131993614,0.4623212446278421,110.9
-30.75,135.5,0.8613861386138614,0.4775341505275308,0.4463650774795627,98.0
-30.75,135.75,0.8794908062234795,0.4629570702385325,0.4309774472222006,85.2
-30.75,136.0,0.8975954738330976,0.4532078030489294,0.43155220538143513,72.4
-30.75,136.25,0.9164073550212164,0.4613672411814025,0.4617815415426755,59.1
-30.75,136.5,0.9496463932107496,0.48041603578033376,0.5025487714315078,35.6
-30.75,136.75,0.9828854314002828,0.49725223972019217,0.5578864534786723,12.1
-30.75,137.0,0.9841584158415841,0.5047882907265723,0.6027545790460829,11.2
-30.75,137.25,0.9509193776520509,0.5010055652360924,0.5987553350236636,34.7
-30.75,137.5,0.921074964639321,0.5131971740820329,0.6140082409756772,55.8
-30.75,137.75,0.9251768033946252,0.5099499090835888,0.5981814955491289,52.9
-30.75,138.0,0.9584158415841584,0.5063058585206142,0.5557744940576911,29.4
-30.75,138.25,0.9899575671852899,0.5432597211649699,0.48222375890056784,7.1
-30.75,138.5,0.9818953323903818,0.5918128907535712,0.4993135507337388,12.8
-30.75,138.75,0.9500707213578501,0.47839602734710873,0.43750241336053014,35.3
-30.75,139.0,0.9178217821782179,0.3721967263716328,0.3339494183357494,58.1
-30.75,139.25,0.885007072135785,0.38384831717141754,0.25823542246994013,81.3
-30.75,139.5,0.8519094766619519,0.48443518578144684,0.30654025079531416,104.7
-30.75,139.75,0.8186704384724187,0.5190515626821581,0.39362998083485107,128.2
-30.75,140.0,0.7854314002828855,0.5368178356958276,0.45078404758882157,151.7
-30.75,140.25,0.7844413012729844,0.5710078264669319,0.49415146140606697,152.4
-30.75,140.5,0.8036775106082037,0.5885388104864505,0.5336591745715966,138.8
-30.75,140.75,0.8189533239038189,0.5851951571571403,0.5586086847081234,128.0
-30.75,141.0,0.8288543140028288,0.6003599891446505,0.5614176195879514,121.0
-30.75,141.25,0.8326732673267326,0.6277614935036082,0.5710787818837866,118.3
-30.75,141.5,0.8298444130127298,0.6569603083360434,0.5890026749551925,120.3
-30.75,141.75,0.8207920792079209,0.6679942817206539,0.5940052838424497,126.7
-30.75,142.0,0.8113154172560113,0.6473101156565287,0.5673724048732697,133.4
-30.75,142.25,0.8012729844413012,0.6420635989699217,0.5584705435403827,140.5
-30.75,142.5,0.7864214992927865,0.6431542168318498,0.5611388390747779,151.0
-30.75,142.75,0.7685997171145686,0.6521868798446334,0.5686619964325313,163.6
-30.75,143.0,0.750919377652051,0.643792759525577,0.5705930716713221,176.1
-30.75,143.25,0.7330975954738331,0.6249167975206541,0.5753642203660787,188.7
-30.75,143.5,0.7152758132956152,0.6255661213029082,0.572089157763438,201.3
-30.75,143.75,0.7363507779349363,0.6470704729327627,0.5665505044125377,186.4
-30.75,144.0,0.7685997171145686,0.6667718092406373,0.5687008551836015,163.6
-30.75,144.25,0.8004243281471004,0.6700184063462251,0.5665820136860101,141.1
-30.75,144.5,0.8316831683168316,0.6627798912627569,0.5280768917560977,119.0
-30.75,144.75,0.8618104667609618,0.6607745601046278,0.4770103682851912,97.7
-30.75,145.0,0.8902404526166903,0.676845060739686,0.42920949492807225,77.6
-30.75,145.25,0.9147100424328147,0.7099557387410412,0.3986027244107299,60.3
-30.75,145.5,0.9314002828854314,0.7346566849052312,0.39108359637183493,48.5
-30.75,145.75,0.9339462517680339,0.7430286273747881,0.38083339601073124,46.7
-30.75,146.0,0.9483734087694484,0.7377462234946508,0.361024555342825,36.5
-30.75,146.25,0.9752475247524752,0.7188278961086548,0.331035962924735,17.5
-30.75,146.5,0.9973125884016973,0.6993463650263159,0.3077714817002311,1.9
-30.75,146.75,0.9700141442715701,0.7232387979032346,0.32020782930113645,21.2
-30.75,147.0,0.9427157001414427,0.7626957820273244,0.3699467244427581,40.5
-30.75,147.25,0.9157001414427157,0.7899700330825192,0.4233120226741957,59.6
-30.75,147.5,0.8900990099009901,0.7659595167865796,0.3830344356130335,77.7
-30.75,147.75,0.9077793493635078,0.7757666436509996,0.37170202467567115,65.2
-30.75,148.0,0.9377652050919377,0.8059129404694759,0.390896216927645,44.0
-30.75,148.25,0.9613861386138614,0.8337984206715413,0.41884022013606576,27.3
-30.75,148.5,0.9633663366336633,0.8413355239111155,0.41846152863248004,25.9
-30.75,148.75,0.9422913719943423,0.8374938455486169,0.34873950060641407,40.8
-30.75,149.0,0.9323903818953324,0.852597527412357,0.31528541997643644,47.8
-30.75,149.25,0.9425742574257425,0.8720778872081083,0.30571125873339144,40.6
-30.75,149.5,0.9485148514851485,0.8745328314044343,0.3027081106845896,36.4
-30.75,149.75,0.9656294200848656,0.8619266238821435,0.27653610520643085,24.3
-30.75,150.0,0.9956152758132956,0.7983064624576712,0.23171339812119174,3.1
-30.75,150.25,0.9902404526166902,0.7191949656163084,0.19788365603540986,6.9
-30.75,150.5,0.9794908062234795,0.6818357708362981,0.18688319650287616,14.5
-30.75,150.75,0.999009900990099,0.6956256812224757,0.18544424615217214,0.7
-30.75,151.0,0.9739745403111739,0.7301570121997176,0.19826843986910953,18.4
-30.75,151.25,0.9947666195190947,0.7266293181505408,0.27963872907920834,3.7
-30.75,151.5,0.9946251768033946,0.661383516736327,0.28386880472038634,3.8
-30.75,151.75,0.9811881188118812,0.6143775760184024,0.2018247166935141,13.3
-30.75,152.0,0.9707213578500707,0.6375793274562966,0.057479695351646556,20.7
-30.75,152.25,0.9956152758132956,0.6896310066848308,0.032734047796895614,3.1
-30.75,152.5,0.9920792079207921,0.7781321433041789,0.021897939345412523,5.6
-30.75,152.75,0.9816124469589816,0.8862549235571978,0.05400448681094501,13.0
-30.75,153.0,0.9871287128712871,0.9405957050009245,0.19995301749742028,9.1
-31.0,115.5,0.9944837340876945,0.9277109702507516,0.459072711060565,3.9
-31.0,115.75,0.9947666195190947,0.9508026947698895,0.4514946260281342,3.7
-31.0,116.0,0.9963224893917964,0.9691287319377327,0.47861838885519276,2.6
-31.0,116.25,0.9653465346534653,0.9815185581948627,0.5043683151242987,24.5
-31.0,116.5,0.9803394625176803,0.9994601594547148,0.5036379285534782,13.9
-31.0,116.75,0.9828854314002828,0.9937476052562519,0.5052449337351276,12.1
-31.0,117.0,0.9581329561527582,0.9921217987398119,0.5188306687162983,29.6
-31.0,117.25,0.9261669024045261,0.9878722740965807,0.5329525609820405,52.2
-31.0,117.5,0.8975954738330976,0.9852519505009483,0.5413543354927763,72.4
-31.0,117.75,0.9038189533239038,0.9949508115768283,0.5333698211257387,68.0
-31.0,118.0,0.9155586987270156,0.9871853101570396,0.5172936769791323,59.7
-31.0,118.25,0.9267326732673268,0.9735675343987725,0.5209560215931649,51.8
-31.0,118.5,0.9352192362093352,0.9746027228544257,0.5393779384754664,45.8
-31.0,118.75,0.938048090523338,0.9699812858727632,0.5573200440681123,43.8
-31.0,119.0,0.9541725601131542,0.963646664913408,0.5980575053492189,32.4
-31.0,119.25,0.9683168316831683,0.959959400915637,0.5716126182806954,22.4
-31.0,119.5,0.9596888260254597,0.9593534107465671,0.5397044422411985,28.5
-31.0,119.75,0.9571428571428572,0.9601956190282634,0.504807027361599,30.3
-31.0,120.0,0.9664780763790665,0.9570669843174566,0.4974763747416235,23.7
-31.0,120.25,0.9743988684582744,0.9569843810899828,0.5300025515903429,18.1
-31.0,120.5,0.9779349363507779,0.9487633530111808,0.525064830853981,15.6
-31.0,120.75,0.9926449787835926,0.9320431689719552,0.49449745095779823,5.2
-31.0,121.0,0.9944837340876945,0.9253789227577627,0.4548588493984731,3.9
-31.0,121.25,0.9794908062234795,0.9472132128458496,0.48901815753231953,14.5
-31.0,121.5,0.9892503536067893,0.9617211140127994,0.5583542090463037,7.6
-31.0,121.75,0.9796322489391797,0.9751579179079812,0.6270190082730329,14.4
-31.0,122.0,0.9485148514851485,0.9709004815489674,0.661292184957817,36.4
-31.0,122.25,0.9185289957567185,0.9604179890939741,0.6637995978488349,57.6
-31.0,122.5,0.88995756718529,0.9548205244892074,0.6301547531468262,77.8
-31.0,122.75,0.8605374823196605,0.9505696195659753,0.5958357389307092,98.6
-31.0,123.0,0.8297029702970297,0.9477125811740745,0.5918393154314908,120.4
-31.0,123.25,0.7980198019801981,0.939714226407925,0.591010839122382,142.8
-31.0,123.5,0.7659123055162659,0.9382990931675634,0.5781942366421737,165.5
-31.0,123.75,0.7335219236209335,0.9366420996179572,0.5685459036975837,188.4
-31.0,124.0,0.7008486562942009,0.9337040831399706,0.5592892688978544,211.5
-31.0,124.25,0.668033946251768,0.9435437230952686,0.5798984451119625,234.7
-31.0,124.5,0.6352192362093352,0.9591642303825955,0.622877384239434,257.9
-31.0,124.75,0.6021216407355021,0.9730082373245432,0.6791449363754596,281.3
-31.0,125.0,0.5691654879773691,0.9767098065651736,0.6807749892609788,304.6
-31.0,125.25,0.536067892503536,0.975775719054462,0.6762940643449535,328.0
-31.0,125.5,0.502970297029703,0.97909865386437,0.6698022836767415,351.4
-31.0,125.75,0.4698727015558699,0.9825283061823367,0.6873096741163948,374.8
-31.0,126.0,0.4366336633663366,0.980917875747325,0.671645084597983,398.3
-31.0,126.25,0.40339462517680336,0.9832244944332102,0.6812623434355373,421.8
-31.0,126.5,0.3702970297029703,0.9840552891935952,0.7025205462140776,445.2
-31.0,126.75,0.33705799151343707,0.9872501212014408,0.7094304573588611,468.7
-31.0,127.0,0.30381895332390385,0.9797576420475826,0.6875279826121417,492.2
-31.0,127.25,0.2705799151343705,0.9719589614177652,0.6879978011910285,515.7
-31.0,127.5,0.23719943422913725,0.9686495335770142,0.6824238348896534,539.3
-31.0,127.75,0.20396039603960403,0.9605865389223202,0.6769191728726422,562.8
-31.0,128.0,0.22333804809052327,0.9537205965316101,0.6717823231982994,549.1
-31.0,128.25,0.2555869872701556,0.9447155085659515,0.6697540124368182,526.3
-31.0,128.5,0.28783592644978784,0.933060932412842,0.6686520259636026,503.5
-31.0,128.75,0.32008486562942007,0.9221912659639084,0.6635182869234184,480.7
-31.0,129.0,0.35219236209335214,0.9088023349260866,0.6481076573140127,458.0
-31.0,129.25,0.384016973125884,0.8924620470889962,0.6211888739959175,435.5
-31.0,129.5,0.4158415841584159,0.8842055617352838,0.6267905458937628,413.0
-31.0,129.75,0.44738330975954743,0.8762286398077734,0.6233052656676429,390.7
-31.0,130.0,0.478925035360679,0.8638849377835913,0.6322944826333794,368.4
-31.0,130.25,0.5100424328147101,0.8521478755158842,0.6427863293050577,346.4
-31.0,130.5,0.5408769448373408,0.8395526560994394,0.6380382283141712,324.6
-31.0,130.75,0.5714285714285714,0.8340301456990253,0.6136157530843203,303.0
-31.0,131.0,0.6015558698727016,0.8267575237619587,0.6005153737355542,281.7
-31.0,131.25,0.630975954738331,0.8224001724644384,0.5951132175903002,260.9
-31.0,131.5,0.6598302687411599,0.8137289210077132,0.5954639617382843,240.5
-31.0,131.75,0.6878359264497879,0.8083887765019396,0.6086669436624602,220.7
-31.0,132.0,0.7147100424328148,0.8008244102874631,0.623422083679985,201.7
-31.0,132.25,0.74002828854314,0.7860576315686552,0.6307922236247725,183.8
-31.0,132.5,0.7633663366336634,0.7671504538312728,0.6254609029050489,167.3
-31.0,132.75,0.7841584158415842,0.7393670725295907,0.6150141523700335,152.6
-31.0,133.0,0.8015558698727016,0.6994842908086205,0.6125503367090633,140.3
-31.0,133.25,0.8145685997171146,0.6730947330705588,0.6349856969334411,131.1
-31.0,133.5,0.8222065063649222,0.6540342307763449,0.6389160557206575,125.7
-31.0,133.75,0.824045261669024,0.630099601889833,0.6482114042159781,124.4
-31.0,134.0,0.8224893917963225,0.601480906746434,0.6093310076448717,125.5
-31.0,134.25,0.8172560113154173,0.5768062804961536,0.5354776222896581,129.2
-31.0,134.5,0.8063649222065064,0.5556626886152931,0.4773517321788731,136.9
-31.0,134.75,0.7906647807637907,0.5317370521177074,0.47088507834306187,148.0
-31.0,135.0,0.7916548797736916,0.5007121743959232,0.5349991970856897,147.3
-31.0,135.25,0.80990099009901,0.4820870669250795,0.5578918527659426,134.4
-31.0,135.5,0.8281471004243282,0.4605132058707645,0.533258966505307,121.5
-31.0,135.75,0.8591230551626592,0.4376539713191657,0.4960664999558016,99.6
-31.0,136.0,0.8919377652050919,0.42505236132096125,0.494679060417383,76.4
-31.0,136.25,0.9241867043847242,0.4410680898318198,0.5197732553354765,53.6
-31.0,136.5,0.9545968882602546,0.46818679222965054,0.5718457385525657,32.1
-31.0,136.75,0.98005657708628,0.48530298958509954,0.6144199245420754,14.1
-31.0,137.0,0.9867043847241868,0.48199150736969987,0.6164495730374177,9.4
-31.0,137.25,0.9531824611032532,0.4787101546060549,0.5942915588886997,33.1
-31.0,137.5,0.9606789250353607,0.4965431650243206,0.6047997001258414,27.8
-31.0,137.75,0.9468175388967468,0.5041729918401339,0.5942492026888605,37.6
-31.0,138.0,0.9561527581329562,0.4996048344783667,0.5472952276866708,31.0
-31.0,138.25,0.9895332390381896,0.542306636293228,0.48976477419950154,7.4
-31.0,138.5,0.9772277227722772,0.5590585206404021,0.4776252423429798,16.1
-31.0,138.75,0.943988684582744,0.42722120700642574,0.43182478074356667,39.6
-31.0,139.0,0.9106082036775106,0.34489051351720723,0.36668703772088107,63.2
-31.0,139.25,0.8773691654879774,0.39433553604090477,0.3218556434241833,86.7
-31.0,139.5,0.8441301272984442,0.4792702683184118,0.3461397034926113,110.2
-31.0,139.75,0.810891089108911,0.5018069927764786,0.398845241054178,133.7
-31.0,140.0,0.7881188118811882,0.5419370641252127,0.4602881309182816,149.8
-31.0,140.25,0.8135785007072136,0.5701130001282774,0.5078722913899216,131.8
-31.0,140.5,0.8362093352192362,0.5831230671000285,0.5558933750812886,115.8
-31.0,140.75,0.8547383309759548,0.5808353521453101,0.5788504676287246,102.7
-31.0,141.0,0.8673267326732673,0.5942175200218568,0.5781403888249503,93.8
-31.0,141.25,0.8722772277227723,0.6168898168597877,0.5799024099617192,90.3
-31.0,141.5,0.8685997171145686,0.6249316476944212,0.5763392027088782,92.9
-31.0,141.75,0.857001414427157,0.6278890017486352,0.5668350549103164,101.1
-31.0,142.0,0.8496463932107496,0.6146542070452119,0.553914012485299,106.3
-31.0,142.25,0.8371994342291372,0.5908622886968231,0.5805985150876926,115.1
-31.0,142.5,0.8199434229137199,0.5777620539417329,0.5936104750634305,127.3
-31.0,142.75,0.8022630834512022,0.5578905641015026,0.579565349380578,139.8
-31.0,143.0,0.7844413012729844,0.5656258111552759,0.5495517268337399,152.4
-31.0,143.25,0.7667609618104667,0.5708280145354606,0.5573743270517724,164.9
-31.0,143.5,0.7472418670438472,0.5910189437022539,0.5687299629830345,178.7
-31.0,143.75,0.7435643564356436,0.6143388545034552,0.5709191241533422,181.3
-31.0,144.0,0.7766619519094766,0.6243389936576713,0.5809777545786431,157.9
-31.0,144.25,0.80990099009901,0.6276906184156493,0.5456629667344174,134.4
-31.0,144.5,0.8428571428571429,0.6258367654856043,0.48832627513250965,111.1
-31.0,144.75,0.8756718528995757,0.644267659766116,0.43761971489113527,87.9
-31.0,145.0,0.9082036775106082,0.6749326795437431,0.4108436983988302,64.9
-31.0,145.25,0.9394625176803395,0.6893766997399485,0.41660926687055894,42.8
-31.0,145.5,0.9666195190947666,0.6919503230695325,0.4026969958891051,23.6
-31.0,145.75,0.9724186704384724,0.6992292263397722,0.38153527112130986,19.5
-31.0,146.0,0.9506364922206506,0.6961112136568705,0.34804489438705594,34.9
-31.0,146.25,0.9524752475247524,0.6865616075875317,0.3147315175716129,33.6
-31.0,146.5,0.9797736916548798,0.6861541530205405,0.3039960421644816,14.3
-31.0,146.75,0.9930693069306931,0.7152665794454991,0.3172062123935008,4.9
-31.0,147.0,0.9660537482319661,0.7544711365634347,0.35365488279902507,24.0
-31.0,147.25,0.9388967468175389,0.7734349210623591,0.3804455337774238,43.2
-31.0,147.5,0.9120226308345121,0.7582300822235625,0.36001667764086576,62.2
-31.0,147.75,0.914002828854314,0.7669345661935976,0.3588592960919852,60.8
-31.0,148.0,0.9472418670438473,0.7944188531545798,0.3888426503955593,37.3
-31.0,148.25,0.9804809052333805,0.8262672864401728,0.42003331756730705,13.8
-31.0,148.5,0.9862800565770863,0.8466608720047135,0.45424540977819816,9.7
-31.0,148.75,0.9531824611032532,0.8611718026744204,0.426641948482412,33.1
-31.0,149.0,0.9413012729844413,0.8681154532099629,0.37114457647025223,41.5
-31.0,149.25,0.9553041018387554,0.8557120615270716,0.33703038059034424,31.6
-31.0,149.5,0.9471004243281471,0.8372664950154047,0.3244236895053821,37.4
-31.0,149.75,0.9500707213578501,0.8538550002836199,0.3050147023237059,35.3
-31.0,150.0,0.9782178217821782,0.8589376270867833,0.27562839637129083,15.4
-31.0,150.25,0.9998585572842998,0.7930830860563982,0.22591702953610956,0.1
-31.0,150.5,0.9961810466760962,0.7273067134579967,0.18187059490485022,2.7
-31.0,150.75,0.9913719943422914,0.6963690401999418,0.15058075813736013,6.1
-31.0,151.0,0.996039603960396,0.7343344523977591,0.1482467832472823,2.8
-31.0,151.25,0.9803394625176803,0.7242049049265714,0.22416720917684393,13.9
-31.0,151.5,0.9903818953323904,0.6558659820442326,0.2468485190243371,6.8
-31.0,151.75,0.978076379066478,0.6193288523211814,0.19930653746250668,15.5
-31.0,152.0,0.9445544554455445,0.6357298293656968,0.06089535055962129,39.2
-31.0,152.25,0.9592644978783592,0.6876610470021105,0.030384376292273075,28.8
-31.0,152.5,0.9809052333804809,0.7716073082126191,0.034613185115602005,13.5
-31.0,152.75,0.9895332390381896,0.9003375991540843,0.09047807613601705,7.4
-31.0,153.0,0.9888260254596888,0.9248809275209197,0.2888040756308823,7.9
-31.25,115.5,0.9949080622347949,0.9263107504068226,0.5549996076893986,3.6
-31.25,115.75,0.9920792079207921,0.9393944142487682,0.4166218061108462,5.6
-31.25,116.0,0.9963224893917964,0.9605070905364752,0.4336626336612501,2.6
-31.25,116.25,0.962942008486563,0.9734470154010448,0.4553710241771992,26.2
-31.25,116.5,0.9407355021216407,0.9909288537973994,0.4630662334502053,41.9
-31.25,116.75,0.9437057991513437,0.9959001292774654,0.4738781692119932,39.8
-31.25,117.0,0.9413012729844413,0.9911491369428158,0.4958279642793855,41.5
-31.25,117.25,0.938048090523338,0.989877864479715,0.50852136630618,43.8
-31.25,117.5,0.9371994342291372,0.9893614913477033,0.5222272716929832,44.4
-31.25,117.75,0.9407355021216407,0.9980138320466274,0.5237015027596111,41.9
-31.25,118.0,0.9516265912305516,0.985484268745921,0.5117058337036089,34.2
-31.25,118.25,0.9618104667609618,0.9790154586938019,0.523888688796496,27.0
-31.25,118.5,0.9746817538896747,0.9739361569097219,0.5418541966730713,17.9
-31.25,118.75,0.9775106082036775,0.9742826591789752,0.5560840585669425,15.9
-31.25,119.0,0.9871287128712871,0.9716239079456724,0.5846136829782401,9.1
-31.25,119.25,0.9944837340876945,0.9641846376623789,0.5545899871342559,3.9
-31.25,119.5,0.9910891089108911,0.9603418469269432,0.5156725530642033,6.3
-31.25,119.75,0.9967468175388967,0.9585469513801277,0.48265979567014616,2.3
-31.25,120.0,0.9958981612446959,0.9602925069959523,0.5079075559885701,2.9
-31.25,120.25,0.9865629420084866,0.9656199672865543,0.512482718614055,9.5
-31.25,120.5,0.9827439886845828,0.9590858129196403,0.5027066562616544,12.2
-31.25,120.75,0.9731258840169731,0.953486278272304,0.4701761116312926,19.0
-31.25,121.0,0.9565770862800566,0.9397361325586293,0.4350116173804843,30.7
-31.25,121.25,0.9448373408769448,0.9419382140823999,0.42983665034974117,39.0
-31.25,121.5,0.9749646393210749,0.9675515489167313,0.4684707910694989,17.7
-31.25,121.75,0.9944837340876945,0.974181207863136,0.5327314641976436,3.9
-31.25,122.0,0.9674681753889675,0.9799860941668717,0.57987251241579,23.0
-31.25,122.25,0.9373408769448374,0.9663560084284795,0.5749811933154012,44.3
-31.25,122.5,0.9050919377652051,0.955932560833318,0.5488958826617993,67.1
-31.25,122.75,0.8721357850070721,0.951404639460068,0.5387611625791768,90.4
-31.25,123.0,0.8391796322489392,0.9420674404135474,0.5326311180407945,113.7
-31.25,123.25,0.806082036775106,0.9385469835215784,0.5418010096641407,137.1
-31.25,123.5,0.7728429985855728,0.9429988048777389,0.5449252145687237,160.6
-31.25,123.75,0.7396039603960396,0.946418377877925,0.5481278461355662,184.1
-31.25,124.0,0.7063649222065064,0.9582294232186116,0.5711450238858183,207.6
-31.25,124.25,0.6731258840169732,0.9655755471320577,0.5952210743975013,231.1
-31.25,124.5,0.6397454031117398,0.9882207907724295,0.6555580774077345,254.7
-31.25,124.75,0.6065063649222064,0.9982428845029407,0.6978569480982889,278.2
-31.25,125.0,0.5732673267326733,0.995000072220143,0.7007144926808244,301.7
-31.25,125.25,0.53988684582744,0.9950779386807027,0.6970592074334319,325.3
-31.25,125.5,0.5066478076379066,0.9932005681394919,0.6927567813428327,348.8
-31.25,125.75,0.47326732673267335,0.9943422681314926,0.7004948948030428,372.4
-31.25,126.0,0.44002828854314,0.9935466937580222,0.7004313443860084,395.9
-31.25,126.25,0.40664780763790664,0.9899169472516925,0.7007698877564894,419.5
-31.25,126.5,0.3734087694483734,0.9895989751582706,0.695930965918535,443.0
-31.25,126.75,0.34002828854314004,0.9878165276249725,0.6967763976014,466.6
-31.25,127.0,0.3067892503536067,0.9810524165634513,0.6873566559742834,490.1
-31.25,127.25,0.27340876944837333,0.9733574478345359,0.6815773878184361,513.7
-31.25,127.5,0.2401697312588401,0.9681379775296677,0.6754518077653491,537.2
-31.25,127.75,0.20678925035360685,0.9620793291737648,0.6713874821847292,560.8
-31.25,128.0,0.2322489391796323,0.9571432902587971,0.6708152060859115,542.8
-31.25,128.25,0.26478076379066484,0.9463748021320127,0.664684968140224,519.8
-31.25,128.5,0.29745403111739743,0.9301585635038674,0.6571734635726092,496.7
-31.25,128.75,0.32998585572843,0.9164822335473486,0.6486114188749625,473.7
-31.25,129.0,0.3625176803394625,0.8968851264255142,0.6397134579227305,450.7
-31.25,129.25,0.3949080622347949,0.8856534698015636,0.610834878381022,427.8
-31.25,129.5,0.42715700141442714,0.8759514952982286,0.6115755961253952,405.0
-31.25,129.75,0.45940594059405937,0.8661971920300036,0.6366086259832187,382.2
-31.25,130.0,0.4913719943422913,0.8552194308821116,0.6517505806111478,359.6
-31.25,130.25,0.5233380480905233,0.8373690574851094,0.662056159930641,337.0
-31.25,130.5,0.5550212164073549,0.8167380297600701,0.6433051927530888,314.6
-31.25,130.75,0.5865629420084866,0.8070919359694426,0.6013071993603272,292.3
-31.25,131.0,0.6176803394625177,0.8035799594394738,0.5547992216039337,270.3
-31.25,131.25,0.6485148514851485,0.7997222474786998,0.5409178635567614,248.5
-31.25,131.5,0.6789250353606789,0.7971917696057157,0.5638795172931451,227.0
-31.25,131.75,0.7086280056577086,0.7785829612475622,0.5782386236187176,206.0
-31.25,132.0,0.7374823196605376,0.769806795758954,0.5862495542001908,185.6
-31.25,132.25,0.7652050919377652,0.7657221440466067,0.5835058459340422,166.0
-31.25,132.5,0.7913719943422914,0.7619768126569659,0.5711645257890928,147.5
-31.25,132.75,0.8151343705799151,0.7456425218816121,0.5592822095312144,130.7
-31.25,133.0,0.8357850070721358,0.7055850119167375,0.5961667716508381,116.1
-31.25,133.25,0.8516265912305516,0.6784965205577524,0.6122293128169786,104.9
-31.25,133.5,0.8612446958981612,0.6640485518280022,0.620109048776423,98.1
-31.25,133.75,0.8636492220650637,0.6410900367280481,0.6256460098134028,96.4
-31.25,134.0,0.8619519094766619,0.6121937480158519,0.6215031447495954,97.6
-31.25,134.25,0.8553041018387553,0.5808940237769149,0.5941676815097178,102.3
-31.25,134.5,0.8417256011315417,0.5500119538488266,0.534694387172691,111.9
-31.25,134.75,0.8244695898161245,0.5159527210053974,0.49974157721742657,124.1
-31.25,135.0,0.8045261669024045,0.4873237055640055,0.5512219923214656,138.2
-31.25,135.25,0.7947666195190948,0.4681753176772503,0.581560071740056,145.1
-31.25,135.5,0.8281471004243282,0.44300026579156193,0.6170789526430962,121.5
-31.25,135.75,0.8613861386138614,0.4251083273355438,0.6063703286168372,98.0
-31.25,136.0,0.8946251768033946,0.4067847327715852,0.5944272985824008,74.5
-31.25,136.25,0.9278642149929278,0.40464182934787696,0.5212741443756715,51.0
-31.25,136.5,0.9608203677510608,0.4294199015184714,0.5592118898584981,27.7
-31.25,136.75,0.9903818953323904,0.43891111674122263,0.5819596189980527,6.8
-31.25,137.0,0.985997171145686,0.4388471300498381,0.5820684106072289,9.9
-31.25,137.25,0.9844413012729845,0.45049744079803333,0.5732954552432593,11.0
-31.25,137.5,0.9975954738330975,0.46099359638522897,0.5914405418027149,1.7
-31.25,137.75,0.9642149929278642,0.4771258169102143,0.5752293348879756,25.3
-31.25,138.0,0.9527581329561527,0.48453277242362036,0.5315120956074457,33.4
-31.25,138.25,0.985997171145686,0.5315939889884657,0.46606867233888816,9.9
-31.25,138.5,0.9807637906647808,0.5325752544261835,0.4161115654051721,13.6
-31.25,138.75,0.9475247524752475,0.41186294910227805,0.3851816596326632,37.1
-31.25,139.0,0.9141442715700141,0.35540098284397537,0.3455853498040756,60.7
-31.25,139.25,0.8809052333804809,0.4285308656233777,0.35451296654310527,84.2
-31.25,139.5,0.8476661951909477,0.5000652633566173,0.3834487785298782,107.7
-31.25,139.75,0.8144271570014144,0.5329228576645357,0.4467906380201092,131.2
-31.25,140.0,0.8096181046676096,0.5617003401535559,0.5023807971869397,134.6
-31.25,140.25,0.8383309759547384,0.5922317615529814,0.5486655184440281,114.3
-31.25,140.5,0.8649222065063649,0.5895276191865788,0.5787759735816709,95.5
-31.25,140.75,0.887977369165488,0.5791927806795112,0.5845721326421726,79.2
-31.25,141.0,0.9048090523338048,0.5918799440882561,0.5861459201191533,67.3
-31.25,141.25,0.9117397454031118,0.5875092484745446,0.5955622771184288,62.4
-31.25,141.5,0.9066478076379066,0.5851078938488439,0.5954895076198464,66.0
-31.25,141.75,0.8958981612446959,0.5713781455616116,0.579617359828402,73.6
-31.25,142.0,0.8872701555869873,0.5661379921727003,0.5494683521679222,79.7
-31.25,142.25,0.8712871287128713,0.5373646058024866,0.5703436890685394,91.0
-31.25,142.5,0.8534653465346534,0.5034643103406318,0.5857479845886999,103.6
-31.25,142.75,0.8357850070721358,0.4878188394884111,0.5720248498344583,116.1
-31.25,143.0,0.8181046676096181,0.5067115704684058,0.5295491403978474,128.6
-31.25,143.25,0.799009900990099,0.5397121777228387,0.5452708173058446,142.1
-31.25,143.5,0.7779349363507779,0.5615184295003006,0.5571772933595978,157.0
-31.25,143.75,0.7545968882602546,0.5837151811259663,0.5732704734663373,173.5
-31.25,144.0,0.7779349363507779,0.5878590872077196,0.568504756293402,157.0
-31.25,144.25,0.8113154172560113,0.597966699682177,0.5244328724842331,133.4
-31.25,144.5,0.8445544554455445,0.610628533034516,0.4669264659720106,109.9
-31.25,144.75,0.8777934936350777,0.6331658240657324,0.41491331044579216,86.4
-31.25,145.0,0.9107496463932108,0.6401332444463885,0.4172221262689183,63.1
-31.25,145.25,0.9434229137199435,0.628583400382726,0.42222500914985783,40.0
-31.25,145.5,0.9743988684582744,0.6337700666752879,0.3985873485299663,18.1
-31.25,145.75,0.9991513437057992,0.6450462601161642,0.3736804202351348,0.6
-31.25,146.0,0.9671852899575671,0.648875698916562,0.34031917511165427,23.2
-31.25,146.25,0.9555869872701556,0.6464778030654931,0.31211133210438674,31.4
-31.25,146.5,0.9640735502121641,0.6594541739585444,0.3113372838344169,25.4
-31.25,146.75,0.985997171145686,0.6894203697146762,0.31942074215534083,9.9
-31.25,147.0,0.9892503536067893,0.7236988538224488,0.33682806043182734,7.6
-31.25,147.25,0.9623762376237623,0.7475307688584203,0.35567523162644216,26.6
-31.25,147.5,0.9388967468175389,0.7475160012928319,0.35490031302359887,43.2
-31.25,147.75,0.924045261669024,0.7501807569635213,0.3537127277005559,53.7
-31.25,148.0,0.9437057991513437,0.7780770594469957,0.380004162189677,39.8
-31.25,148.25,0.9743988684582744,0.8083987082741433,0.41239084401951936,18.1
-31.25,148.5,0.995049504950495,0.8318448813470429,0.43777260336589763,3.5
-31.25,148.75,0.9632248939179632,0.837841779653002,0.4179257581625192,26.0
-31.25,149.0,0.9615275813295615,0.798148792139982,0.3579036383624305,27.2
-31.25,149.25,0.9932107496463932,0.7723124904053944,0.3219091205440718,4.8
-31.25,149.5,0.9724186704384724,0.7754167291303807,0.296513548692647,19.5
-31.25,149.75,0.9403111739745403,0.8269684858268624,0.28330292717991573,42.2
-31.25,150.0,0.9493635077793494,0.8502845568466554,0.24987282905578317,35.8
-31.25,150.25,0.9603960396039604,0.8642778454187022,0.23275186641192386,28.0
-31.25,150.5,0.9768033946251768,0.7998931530164829,0.1815448970028898,16.4
-31.25,150.75,0.9984441301272985,0.7427004011440552,0.16520349473719864,1.1
-31.25,151.0,0.9998585572842998,0.7092522411260647,0.13835056660652484,0.1
-31.25,151.25,0.9715700141442716,0.6677525485673743,0.17436929257258474,20.1
-31.25,151.5,0.9584158415841584,0.5785382064184522,0.20767130670884712,29.4
-31.25,151.75,0.9543140028288544,0.5667701163210019,0.1902164908216581,32.3
-31.25,152.0,0.9316831683168317,0.6255765586048163,0.10714823052736328,48.3
-31.25,152.25,0.9347949080622348,0.745170798504061,0.0515671905149731,46.1
-31.25,152.5,0.9613861386138614,0.8611999486031483,0.06336022029040488,27.3
-31.25,152.75,0.9899575671852899,0.9672110095201675,0.16417675982298213,7.1
-31.5,115.75,0.9961810466760962,0.9308248185569469,0.5021149910804902,2.7
-31.5,116.0,0.9961810466760962,0.951790485189976,0.4088399825996605,2.7
-31.5,116.25,0.962942008486563,0.9680485464767131,0.42492890774568565,26.2
-31.5,116.5,0.9663366336633663,0.9816946786438216,0.4510131063072826,23.8
-31.5,116.75,0.9769448373408769,0.9923448526538667,0.45948060706723637,16.3
-31.5,117.0,0.979066478076379,0.9876152016379017,0.4822896624398155,14.8
-31.5,117.25,0.9762376237623762,0.9876701573277201,0.5061095772103091,16.8
-31.5,117.5,0.9768033946251768,0.991645916857093,0.5174373302550712,16.4
-31.5,117.75,0.9786421499292787,0.9998517502700702,0.5218385874786285,15.1
-31.5,118.0,0.9875530410183876,0.9930907046212638,0.5199701600894477,8.8
-31.5,118.25,0.9988684582743989,0.9813737688602195,0.5305504583687052,0.8
-31.5,118.5,0.9934936350777935,0.9734407000338414,0.5586614204333419,4.6
-31.5,118.75,0.994059405940594,0.968559768920241,0.5728112439374102,4.2
-31.5,119.0,0.9929278642149929,0.9646424240358903,0.6080822894961095,5.0
-31.5,119.25,0.9708628005657709,0.955609468935683,0.5704910976696543,20.6
-31.5,119.5,0.9693069306930693,0.947396358769962,0.5258754331046341,21.7
-31.5,119.75,0.9652050919377652,0.9551196392516738,0.46400730504549276,24.6
-31.5,120.0,0.9594059405940594,0.9625651865074529,0.49173269352993343,28.7
-31.5,120.25,0.9483734087694484,0.964107526852105,0.5049389633782978,36.5
-31.5,120.5,0.9434229137199435,0.9664406556905383,0.4917985003655285,40.0
-31.5,120.75,0.9379066478076379,0.9518851245571905,0.45678056050023713,43.9
-31.5,121.0,0.922065063649222,0.9380755531076325,0.42664077192130534,55.1
-31.5,121.25,0.9297029702970296,0.9273461018288449,0.4135375881666138,49.7
-31.5,121.5,0.9582743988684583,0.9469734190706579,0.44201792594963574,29.5
-31.5,121.75,0.9782178217821782,0.9737299077857764,0.4967137375026606,15.4
-31.5,122.0,0.9664780763790665,0.9741727133092442,0.536785216845579,23.7
-31.5,122.25,0.9369165487977369,0.9661921971396299,0.5168981751572693,44.6
-31.5,122.5,0.9048090523338048,0.9616713109772566,0.48568790937859446,67.3
-31.5,122.75,0.8721357850070721,0.9496782783545121,0.46808107534951654,90.4
-31.5,123.0,0.8391796322489392,0.9424997318675759,0.44636253095004425,113.7
-31.5,123.25,0.806082036775106,0.9338176358536531,0.4457052523405902,137.1
-31.5,123.5,0.772984441301273,0.9454791235123403,0.4669729643116362,160.5
-31.5,123.75,0.7397454031117398,0.965198369528699,0.5239417146326723,184.0
-31.5,124.0,0.7066478076379066,0.9713593374074599,0.5484924511404231,207.4
-31.5,124.25,0.6734087694483735,0.9911825452001404,0.6126550022957286,230.9
-31.5,124.5,0.6401697312588401,0.9932437347968733,0.6748156589039882,254.4
-31.5,124.75,0.606930693069307,0.9895011839306905,0.7054127268215197,277.9
-31.5,125.0,0.5736916548797737,0.9903038809281728,0.7093045169686237,301.4
-31.5,125.25,0.5404526166902405,0.9980467213259865,0.7035234759124788,324.9
-31.5,125.5,0.5070721357850071,0.9971059717986979,0.7008091172048946,348.5
-31.5,125.75,0.4738330975954739,0.9988936045167521,0.698397521516329,372.0
-31.5,126.0,0.44059405940594054,0.9982868401060628,0.6992537356564589,395.5
-31.5,126.25,0.4073550212164073,0.9939359216020258,0.696223446115827,419.0
-31.5,126.5,0.3741159830268741,0.9895262977517065,0.6906582637295631,442.5
-31.5,126.75,0.3408769448373409,0.9846959263933257,0.6850840717863319,466.0
-31.5,127.0,0.3074964639321075,0.9769299109628462,0.6806761581280204,489.6
-31.5,127.25,0.2742574257425743,0.9677540154757387,0.6690693505764026,513.1
-31.5,127.5,0.24101838755304095,0.9581784379739814,0.6424960249399493,536.6
-31.5,127.75,0.20777934936350773,0.9514712311196122,0.6349643093089408,560.1
-31.5,128.0,0.23903818953323908,0.9475237939291042,0.6267814718676937,538.0
-31.5,128.25,0.271994342291372,0.936235496552267,0.6322841514598265,514.7
-31.5,128.5,0.30480905233380484,0.9198253115152975,0.6296068786030149,491.5
-31.5,128.75,0.3376237623762376,0.8935372668930691,0.6424732189952109,468.3
-31.5,129.0,0.37043847241867045,0.8740202429257861,0.6338515726130111,445.1
-31.5,129.25,0.4032531824611033,0.8608281030735482,0.5914184933699218,421.9
-31.5,129.5,0.4359264497878359,0.8546231092713683,0.5888449835323512,398.8
-31.5,129.75,0.4685997171145686,0.8454128734513489,0.6156741709163114,375.7
-31.5,130.0,0.5011315417256011,0.8383782565674067,0.697237706258858,352.7
-31.5,130.25,0.5336633663366337,0.8212899212904905,0.7214806995094812,329.7
-31.5,130.5,0.5660537482319661,0.7969391417703616,0.7094309408771242,306.8
-31.5,130.75,0.5983026874115983,0.769349883818966,0.6945848349570527,284.0
-31.5,131.0,0.6304101838755304,0.7565692541566569,0.6468155353425079,261.3
-31.5,131.25,0.6623762376237624,0.7502911774225202,0.6431463892382424,238.7
-31.5,131.5,0.693917963224894,0.7538487167036878,0.6472073463082966,216.4
-31.5,131.75,0.7251768033946251,0.7391155285912783,0.6170618522138613,194.3
-31.5,132.0,0.7560113154172561,0.7346738745327431,0.5269186721088946,172.5
-31.5,132.25,0.785997171145686,0.7336622723859318,0.5084430363475732,151.3
-31.5,132.5,0.814992927864215,0.7457619358483535,0.5106078443147009,130.8
-31.5,132.75,0.8422913719943423,0.743570236197908,0.5246449274771118,111.5
-31.5,133.0,0.8669024045261668,0.7092479839639955,0.5491517766438573,94.1
-31.5,133.25,0.886987270155587,0.6872556866389525,0.55282509712246,79.9
-31.5,133.5,0.9,0.6678315386294728,0.5468871866245206,70.7
-31.5,133.75,0.9032531824611032,0.6348836022511332,0.5573374184910297,68.4
-31.5,134.0,0.9012729844413012,0.6157168744342612,0.5927111633287913,69.8
-31.5,134.25,0.8922206506364923,0.5811018389549061,0.5584957670764362,76.2
-31.5,134.5,0.8756718528995757,0.5513332615287996,0.5170790109876334,87.9
-31.5,134.75,0.8561527581329562,0.5118376802309952,0.4796065390120215,101.7
-31.5,135.0,0.8323903818953324,0.4781910112052776,0.5062219307373561,118.5
-31.5,135.25,0.8118811881188119,0.461631382516543,0.5517701569762348,133.0
-31.5,135.5,0.8217821782178218,0.43643451940710276,0.5830142206814938,126.0
-31.5,135.75,0.8536067892503536,0.42068161303920004,0.6388575983626601,103.5
-31.5,136.0,0.8845827439886846,0.4051966628036182,0.6363987790570743,81.6
-31.5,136.25,0.9135785007072136,0.390432364109503,0.5376788875338163,61.1
-31.5,136.5,0.939038189533239,0.38288888180658454,0.4830466586323768,43.1
-31.5,136.75,0.9635077793493635,0.39849728648570204,0.5003055206848451,25.8
-31.5,137.0,0.9878359264497878,0.4217016959411696,0.5037026716488947,8.6
-31.5,137.25,0.9841584158415841,0.4427059960987698,0.5084846672700178,11.2
-31.5,137.5,0.9719943422913719,0.44861723888732263,0.5295522026801797,19.8
-31.5,137.75,0.9471004243281471,0.46566697892093145,0.5328474602289386,37.4
-31.5,138.0,0.9663366336633663,0.47574750966534773,0.48249846174305666,23.8
-31.5,138.25,0.997029702970297,0.5239604438384098,0.4279063487401711,2.1
-31.5,138.5,0.9724186704384724,0.4623866421019681,0.35138922903950986,19.5
-31.5,138.75,0.9417256011315417,0.3676616002756129,0.33803949932251187,41.2
-31.5,139.0,0.9107496463932108,0.38148033714981255,0.37479130344438966,63.1
-31.5,139.25,0.8785007072135785,0.46774037428724635,0.3960844001242435,85.9
-31.5,139.5,0.845968882602546,0.5342661131334872,0.4309879234512324,108.9
-31.5,139.75,0.813012729844413,0.5615556853307293,0.49031461505091584,132.2
-31.5,140.0,0.8246110325318246,0.5965496219330115,0.5464330823891814,124.0
-31.5,140.25,0.8561527581329562,0.6045732939004131,0.5818806927002548,101.7
-31.5,140.5,0.8868458274398868,0.6025325957241666,0.6039779124860374,80.0
-31.5,140.75,0.9157001414427157,0.5911545541606245,0.5950401096289338,59.6
-31.5,141.0,0.9397454031117397,0.5873456978462894,0.6129518502746629,42.6
-31.5,141.25,0.9513437057991514,0.5869407382855698,0.6188243407516177,34.4
-31.5,141.5,0.9425742574257425,0.5242335453279877,0.6306998394019877,40.6
-31.5,141.75,0.9343705799151344,0.49862008399833757,0.6054906477236761,46.4
-31.5,142.0,0.9226308345120227,0.4994885752814323,0.5568610885328676,54.7
-31.5,142.25,0.9048090523338048,0.4806983576637026,0.5416705403195065,67.3
-31.5,142.5,0.886987270155587,0.4478661592038643,0.5522562378860342,79.9
-31.5,142.75,0.8693069306930693,0.4487068098698156,0.5497961453156891,92.4
-31.5,143.0,0.8506364922206506,0.4769454796220647,0.5193168785643012,105.6
-31.5,143.25,0.8297029702970297,0.5050192727117959,0.5333864380367106,120.4
-31.5,143.5,0.805940594059406,0.5356913037517101,0.5571023641461073,137.2
-31.5,143.75,0.7797736916548798,0.5557034420719777,0.5684306168264077,155.7
-31.5,144.0,0.7722772277227723,0.5639846272375184,0.5396912583098938,161.0
-31.5,144.25,0.8045261669024045,0.5805820949688528,0.493038192840048,138.2
-31.5,144.5,0.8363507779349364,0.5957855060318771,0.43633929406159533,115.7
-31.5,144.75,0.8673267326732673,0.5918687311147557,0.4142015070935465,93.8
-31.5,145.0,0.897029702970297,0.593354799486776,0.41042273128178225,72.8
-31.5,145.25,0.926025459688826,0.5793050425123392,0.404845751049901,52.3
-31.5,145.5,0.9571428571428572,0.5906438479631735,0.38395034814136914,30.3
-31.5,145.75,0.9871287128712871,0.6060152208280789,0.3564950368413678,9.1
-31.5,146.0,0.9973125884016973,0.6137488239463029,0.34881687964577035,1.9
-31.5,146.25,0.995049504950495,0.6077518495493257,0.32140097508420395,3.5
-31.5,146.5,0.9910891089108911,0.6259162049388924,0.3138992698200526,6.3
-31.5,146.75,0.9934936350777935,0.6614851262118939,0.3171100728455399,4.6
-31.5,147.0,0.9892503536067893,0.6982672550431337,0.33015180142900336,7.6
-31.5,147.25,0.9882602545968883,0.7266587093475804,0.3576958705648171,8.3
-31.5,147.5,0.9743988684582744,0.7347658376499487,0.3682304441336697,18.1
-31.5,147.75,0.9564356435643564,0.7405253551632103,0.36129932265441556,30.8
-31.5,148.0,0.9376237623762376,0.7557818568785867,0.38645718081047137,44.1
-31.5,148.25,0.9650636492220651,0.7891339084652271,0.4176803081749422,24.7
-31.5,148.5,0.997029702970297,0.7951875945352351,0.42857440980689016,2.1
-31.5,148.75,0.9738330975954739,0.7742960857913461,0.40572478725204486,18.5
-31.5,149.0,0.9669024045261669,0.7304588361015711,0.3554590828456033,23.4
-31.5,149.25,0.9967468175388967,0.7025813286795148,0.3083478515870089,2.3
-31.5,149.5,0.9700141442715701,0.7140623344506356,0.2758446418557823,21.2
-31.5,149.75,0.9369165487977369,0.7796857667286378,0.25756429912088863,44.6
-31.5,150.0,0.9145685997171146,0.8180003612660925,0.21138917533674814,60.4
-31.5,150.25,0.9437057991513437,0.8480569919768596,0.1952585870337273,39.8
-31.5,150.5,0.9769448373408769,0.8193104981635075,0.19775329951170362,16.3
-31.5,150.75,0.9903818953323904,0.7379263691299154,0.17155874596521334,6.8
-31.5,151.0,0.9899575671852899,0.6457411618055893,0.12825759993764033,7.1
-31.5,151.25,0.9756718528995757,0.5692711534050795,0.10868441640075767,17.2
-31.5,151.5,0.9758132956152759,0.5327907670290163,0.1518239480606487,17.1
-31.5,151.75,0.9591230551626592,0.558531373231612,0.1437819498190499,28.9
-31.5,152.0,0.9295615275813296,0.6310563424554476,0.09805201097002368,49.8
-31.5,152.25,0.9452616690240453,0.7659222847849148,0.06415939539277561,38.7
-31.5,152.5,0.9691654879773691,0.910362358838771,0.10259340790347542,21.8
-31.5,152.75,0.9913719943422914,0.992083301050316,0.23538571932871766,6.1
-31.75,115.75,0.9985855728429985,0.9318712256234291,0.5614169910142095,1.0
-31.75,116.0,0.9910891089108911,0.9505412024310234,0.46199495038669064,6.3
-31.75,116.25,0.985997171145686,0.9616584363987596,0.42813464994668676,9.9
-31.75,116.5,0.9984441301272985,0.9767611124203018,0.45299831947425473,1.1
-31.75,116.75,0.9927864214992927,0.9919548840366881,0.4612112478687361,5.1
-31.75,117.0,0.9884016973125884,0.9837344186752759,0.49039099481919524,8.2
-31.75,117.25,0.9889674681753889,0.9853501414379867,0.5129206894566853,7.8
-31.75,117.5,0.9893917963224894,0.9878201590160443,0.5232894807304288,7.5
-31.75,117.75,0.9896746817538897,0.9969348635476439,0.5271961148882071,7.3
-31.75,118.0,0.981046676096181,0.996126225531458,0.5240939745336927,13.4
-31.75,118.25,0.998019801980198,0.9848265649850951,0.5389109887716067,1.4
-31.75,118.5,0.9670438472418671,0.9701097501417741,0.5612324804450467,23.3
-31.75,118.75,0.9673267326732673,0.9599958361752319,0.5802404536966617,23.1
-31.75,119.0,0.9605374823196605,0.954181066743086,0.6156641782055425,27.9
-31.75,119.25,0.9411598302687412,0.9409325246951953,0.5720444967932117,41.6
-31.75,119.5,0.9391796322489392,0.9367574612807192,0.49273059463839936,43.0
-31.75,119.75,0.9438472418670438,0.9390056319137968,0.4294552672611579,39.7
-31.75,120.0,0.9359264497878359,0.9582170712109853,0.4519439756672206,45.3
-31.75,120.25,0.9148514851485149,0.9543621868358433,0.4738786204957054,60.2
-31.75,120.5,0.903960396039604,0.9502084716585146,0.46031238741780905,67.9
-31.75,120.75,0.8998585572842999,0.9457061175672211,0.4501942842461584,70.8
-31.75,121.0,0.887977369165488,0.9288550606470067,0.42600442965263935,79.2
-31.75,121.25,0.9072135785007072,0.9210554593488096,0.42732106600007846,65.6
-31.75,121.5,0.9277227722772277,0.9311087186946256,0.4346754754840429,51.1
-31.75,121.75,0.9394625176803395,0.9514384195154185,0.48308493716153134,42.8
-31.75,122.0,0.9343705799151344,0.9736389987232115,0.5001370468047386,46.4
-31.75,122.25,0.9152758132956152,0.9655651926000854,0.46874526827013163,59.9
-31.75,122.5,0.8893917963224894,0.9619524285111081,0.4325336185171325,78.2
-31.75,122.75,0.8602545968882602,0.9571101149222204,0.42024779015150077,98.8
-31.75,123.0,0.8297029702970297,0.9427963859577249,0.39607242498859646,120.4
-31.75,123.25,0.7981612446958981,0.9346432789196304,0.3889225759644341,142.7
-31.75,123.5,0.7663366336633664,0.9447763908360148,0.4202006793554086,165.2
-31.75,123.75,0.733946251768034,0.962522839946307,0.48470894606876297,188.1
-31.75,124.0,0.7015558698727016,0.9864629643189006,0.5469234021424197,211.0
-31.75,124.25,0.6688826025459689,0.9980776810112834,0.6089803602005402,234.1
-31.75,124.5,0.6360678925035361,0.9832484803756871,0.6814255630838525,257.3
-31.75,124.75,0.6032531824611033,0.9829993041445995,0.7050468485519036,280.5
-31.75,125.0,0.5704384724186704,0.9898726378779765,0.7051453734566286,303.7
-31.75,125.25,0.5374823196605375,0.989895640389403,0.706630773795132,327.0
-31.75,125.5,0.5045261669024045,0.995183832301637,0.7028630705515906,350.3
-31.75,125.75,0.4714285714285714,0.9985162229097206,0.6935385497877352,373.7
-31.75,126.0,0.4384724186704385,0.9928238190815072,0.6807061684948776,397.0
-31.75,126.25,0.40537482319660545,0.9847705274156988,0.6752842848044931,420.4
-31.75,126.5,0.3722772277227723,0.9798921349938754,0.6552687239618766,443.8
-31.75,126.75,0.3391796322489392,0.9697229938257506,0.6448959033692748,467.2
-31.75,127.0,0.30608203677510604,0.9562833818860286,0.629091254727346,490.6
-31.75,127.25,0.2728429985855728,0.9434800648079033,0.602617614439449,514.1
-31.75,127.5,0.23974540311173975,0.9306801455926723,0.5765174597751728,537.5
-31.75,127.75,0.21089108910891097,0.9208343568075408,0.5592164993992721,557.9
-31.75,128.0,0.24398868458274403,0.9167343020824202,0.5472772246900117,534.5
-31.75,128.25,0.2770862800565771,0.9053815946568291,0.5690226688221824,511.1
-31.75,128.5,0.31004243281471,0.892984742018035,0.6463306632283661,487.8
-31.75,128.75,0.342998585572843,0.8733497665610592,0.6586931614732351,464.5
-31.75,132.0,0.769024045261669,0.6965145924414504,0.5940566818338072,163.3
-31.75,132.25,0.800990099009901,0.682648741801997,0.5062932496811495,140.7
-31.75,132.5,0.8325318246110325,0.6895169466694233,0.49828995868823184,118.4
-31.75,132.75,0.8630834512022632,0.6987733172410606,0.5174223411889181,96.8
-31.75,133.0,0.8923620933521924,0.6940045639187663,0.5326057494492622,76.1
-31.75,133.25,0.9183875530410184,0.6719959671069713,0.5270064306736301,57.7
-31.75,133.5,0.9374823196605375,0.6466555070581455,0.5144883523690014,44.2
-31.75,133.75,0.9427157001414427,0.6126918535852751,0.514386136608202,40.5
-31.75,134.0,0.9404526166902405,0.5924651823104805,0.5368739585641159,42.1
-31.75,134.25,0.9263083451202263,0.5796474293070406,0.5200122584128801,52.1
-31.75,134.5,0.907920792079208,0.5462021492574113,0.46860972198373574,65.1
-31.75,134.75,0.883026874115983,0.5245613968198706,0.4578987287179879,82.7
-31.75,135.0,0.8635077793493635,0.48450050322948746,0.46584472279673944,96.5
-31.75,135.25,0.8408769448373409,0.45827262906868194,0.49740181622546814,112.5
-31.75,135.5,0.8192362093352192,0.433831539559851,0.5106362751885655,127.8
-31.75,135.75,0.8363507779349364,0.4099685251859402,0.5609669805668304,115.7
-31.75,136.0,0.8632248939179632,0.3953168103027801,0.6001728977498675,96.7
-31.75,136.25,0.8878359264497878,0.37166746542853824,0.5177120008630092,79.3
-31.75,136.5,0.9121640735502121,0.3711992659159272,0.4604069635900529,62.1
-31.75,136.75,0.9386138613861386,0.3950662045575989,0.4509316979490679,43.4
-31.75,137.0,0.9671852899575671,0.4323117719680768,0.4551425779152046,23.2
-31.75,137.25,0.9957567185289957,0.44871482909417826,0.45418110184921845,3.0
-31.75,137.5,0.9758132956152759,0.44836543207437296,0.44901622423289667,17.1
-31.75,137.75,0.957991513437058,0.4706817813548393,0.44950765607813997,29.7
-31.75,138.0,0.9861386138613861,0.4836863469959294,0.4314008963996652,9.8
-31.75,138.25,0.9858557284299858,0.530745356003361,0.40645965442543586,10.0
-31.75,138.5,0.957001414427157,0.4473543726927284,0.36519032305502336,30.4
-31.75,138.75,0.9263083451202263,0.33302139001323616,0.34551880157381065,52.1
-31.75,139.0,0.8957567185289957,0.3551895802507935,0.38359032044273533,73.7
-31.75,139.25,0.8652050919377652,0.4639228937003643,0.4017677704912614,95.3
-31.75,139.5,0.8345120226308345,0.5467812077093659,0.4552978195121803,117.0
-31.75,139.75,0.8035360678925035,0.5803306548715155,0.5233018104461354,138.9
-31.75,140.0,0.8314002828854314,0.5982146303147,0.5866348215521535,119.2
-31.75,140.25,0.8644978783592645,0.6103439068061596,0.6168548741627442,95.8
-31.75,140.5,0.8975954738330976,0.6028632402020644,0.6260618355195875,72.4
-31.75,140.75,0.9305516265912306,0.5929616531933337,0.614395522987069,49.1
-31.75,141.0,0.9632248939179632,0.5838563782876415,0.6273974096656609,26.0
-31.75,141.25,0.9906647807637907,0.5101252258585349,0.643561135086973,6.6
-31.75,141.5,0.9738330975954739,0.4506458473105137,0.6540473890640759,18.5
-31.75,141.75,0.9729844413012729,0.413240686299037,0.6089978474443856,19.1
-31.75,142.0,0.956011315417256,0.4253331022259945,0.5454732825198403,31.1
-31.75,142.25,0.9381895332390382,0.4076301629362665,0.5261113738997054,43.7
-31.75,142.5,0.9205091937765205,0.4136901089909507,0.5369624746407967,56.2
-31.75,142.75,0.9024045261669024,0.4167726434357407,0.5349221565091175,69.0
-31.75,143.0,0.8813295615275814,0.45028717339445057,0.5194911546635638,83.9
-31.75,143.25,0.8567185289957567,0.4796113226254377,0.5316683364754983,101.3
-31.75,143.5,0.8292786421499293,0.5048670646706669,0.5510627697574579,120.7
-31.75,143.75,0.8002828854314004,0.5288852491241814,0.5560631222261544,141.2
-31.75,144.0,0.7704384724186704,0.5425797911529242,0.5282938141661574,162.3
-31.75,144.25,0.7903818953323904,0.5563068332354149,0.48135002528204174,148.2
-31.75,144.5,0.8196605374823196,0.5529567603676734,0.44481578826124096,127.5
-31.75,144.75,0.8497878359264498,0.5499719663589022,0.41772258378840427,106.2
-31.75,145.0,0.8806223479490807,0.5524788006410006,0.39959651561396026,84.4
-31.75,145.25,0.9113154172560113,0.5534022915212732,0.38924074709876705,62.7
-31.75,145.5,0.9407355021216407,0.5674854347698683,0.3703545237457769,41.9
-31.75,145.75,0.9650636492220651,0.5779641833860176,0.370533393268538,24.7
-31.75,146.0,0.9663366336633663,0.5900177020544348,0.3583454289993385,23.8
-31.75,146.25,0.968033946251768,0.5794406917316266,0.3351206929760536,22.6
-31.75,146.5,0.9715700141442716,0.5961622666593878,0.31494947148730035,20.1
-31.75,146.75,0.9702970297029703,0.6371802024896938,0.31427191734535087,21.0
-31.75,147.0,0.9741159830268741,0.6805905059261936,0.32936718022634914,18.3
-31.75,147.25,0.9797736916548798,0.7109218445264908,0.3541423981463379,14.3
-31.75,147.5,0.9977369165487977,0.7192393321961038,0.3767067288087346,1.6
-31.75,147.75,0.9882602545968883,0.7246260998847442,0.3717441713509298,8.3
-31.75,148.0,0.9755304101838755,0.7458536801280231,0.3941562259950307,17.3
-31.75,148.25,0.9620933521923621,0.7552131975904982,0.42016367409101324,26.8
-31.75,148.5,0.9814710042432815,0.7647200663285297,0.42703724077969424,13.1
-31.75,148.75,0.9875530410183876,0.7410147822890485,0.39677077041585507,8.8
-31.75,149.0,0.9752475247524752,0.7129147997314058,0.3601596862257873,17.5
-31.75,149.25,0.9917963224893918,0.686530455450115,0.3120527296909105,5.8
-31.75,149.5,0.9652050919377652,0.6907245350382468,0.2970328150725639,24.6
-31.75,149.75,0.9386138613861386,0.7287247303287083,0.2807786717360698,43.4
-31.75,150.0,0.9178217821782179,0.7476694068694829,0.22210980673320516,58.1
-31.75,150.25,0.9301272984441301,0.7685977128762954,0.1877566238931691,49.4
-31.75,150.5,0.9611032531824611,0.7471260834555604,0.18380299176022666,27.5
-31.75,150.75,0.9937765205091937,0.6677279904879962,0.1484012028632108,4.4
-31.75,151.0,0.9947666195190947,0.5647894876403143,0.10869020894954849,3.7
-31.75,151.25,0.9851485148514851,0.5196693341704604,0.08994208808283786,10.5
-31.75,151.5,0.9882602545968883,0.557402605447816,0.0706845549384104,8.3
-31.75,151.75,0.9636492220650636,0.5954008396241512,0.06998669302941472,25.7
-31.75,152.0,0.9594059405940594,0.6706030027380581,0.06481717363776814,28.7
-31.75,152.25,0.968033946251768,0.7527495161114436,0.09062159241511476,22.6
-31.75,152.5,0.9954738330975955,0.8925405803806038,0.14398217634348798,3.2
-31.75,152.75,0.9927864214992927,0.9529634511499595,0.3390222824266212,5.1
-32.0,115.75,0.9987270155586987,0.9454885471063567,0.6061444772361875,0.9
-32.0,116.0,0.9988684582743989,0.9508435843840393,0.4732219543427178,0.8
-32.0,116.25,0.9899575671852899,0.9650282396296516,0.43914131463026235,7.1
-32.0,116.5,0.9813295615275813,0.9746871259236072,0.4463930893042662,13.2
-32.0,116.75,0.957991513437058,0.9946532427443185,0.46199672328698826,29.7
-32.0,117.0,0.9489391796322489,0.9852522915062532,0.4928419327770941,36.1
-32.0,117.25,0.9495049504950495,0.9845218534095391,0.5192281690803151,35.7
-32.0,117.5,0.9499292786421499,0.9889551041830775,0.528147985058035,35.4
-32.0,117.75,0.9500707213578501,0.9945077846001984,0.5444835689872946,35.3
-32.0,118.0,0.9687411598302688,0.9991539476723913,0.5347412239751009,22.1
-32.0,118.25,0.9992927864214993,0.983652415733154,0.5436856349151322,0.5
-32.0,118.5,0.9661951909476661,0.9746316773281174,0.5526885999168135,23.9
-32.0,118.75,0.946958981612447,0.9579726512811638,0.565654819064871,37.5
-32.0,119.0,0.9608203677510608,0.9484458903779229,0.5793504416299476,27.7
-32.0,119.25,0.9652050919377652,0.9318656620838893,0.5227679579319513,24.6
-32.0,119.5,0.9763790664780764,0.9223163284384419,0.44139431632856224,16.7
-32.0,119.75,0.9833097595473833,0.9202698196091735,0.40399949738598906,11.8
-32.0,120.0,0.9650636492220651,0.9371421488833294,0.4186403981552411,24.7
-32.0,120.25,0.9340876944837341,0.9294571770749166,0.43190688214462497,46.6
-32.0,120.5,0.9016973125884017,0.9331371020515296,0.42715876503646294,69.5
-32.0,120.75,0.8688826025459688,0.9243120801481388,0.4169605428886324,92.7
-32.0,121.0,0.8558698727015559,0.9303097963640925,0.41728667595702956,101.9
-32.0,121.25,0.8765205091937766,0.9307182412519527,0.42668533618787896,87.3
-32.0,121.5,0.8925035360678925,0.9307138588605345,0.42442743483784734,76.0
-32.0,121.75,0.9,0.9484762912875231,0.42934014156273637,70.7
-32.0,122.0,0.8968882602545969,0.9637102704128102,0.4380078511181252,72.9
-32.0,122.25,0.8838755304101839,0.9636148491831639,0.4178843045301042,82.1
-32.0,122.5,0.8637906647807638,0.9606984982479057,0.39895801363038624,96.3
-32.0,122.75,0.8393210749646394,0.9499962612698976,0.387752494002512,113.6
-32.0,123.0,0.8121640735502121,0.9417387837702189,0.38237670571986726,132.8
-32.0,123.25,0.7833097595473834,0.9277307954790724,0.3752756275711668,153.2
-32.0,123.5,0.7533239038189533,0.9421938310816254,0.42235979792430833,174.4
-32.0,123.75,0.7226308345120227,0.9658785812156513,0.4843886635713482,196.1
-32.0,124.0,0.6913719943422914,0.9814590500080634,0.5426378186046487,218.2
-32.0,124.25,0.6598302687411599,0.9953218659943857,0.597538609666637,240.5
-32.0,124.5,0.6280056577086279,0.9813502707311715,0.6725355640656846,263.0
-32.0,124.75,0.5958981612446959,0.9829003554477002,0.6998394374457128,285.7
-32.0,125.0,0.5636492220650636,0.9895531048483068,0.6961917434350492,308.5
-32.0,125.25,0.5312588401697314,0.9970540205595888,0.6954708499394591,331.4
-32.0,125.5,0.4987270155586988,0.9948505822217523,0.6962009625165972,354.4
-32.0,125.75,0.4660537482319661,0.9854203149495312,0.6901974385903681,377.5
-32.0,126.0,0.4333804809052334,0.9721898144586798,0.6651291763684472,400.6
-32.0,126.25,0.4007072135785007,0.9583378710091232,0.6244129093045356,423.7
-32.0,126.5,0.36789250353606795,0.9500786347468838,0.6043065759666776,446.9
-32.0,126.75,0.3350777934936351,0.9416255972388575,0.5692029888997325,470.1
-32.0,127.0,0.30226308345120223,0.9223846778616437,0.5331674042635692,493.3
-32.0,127.25,0.2694483734087695,0.9064380862184247,0.5087880588627783,516.5
-32.0,127.5,0.23649222065063658,0.8959334980514444,0.577923369711238,539.8
-32.0,127.75,0.21371994342291378,0.884848154273083,0.56431320094051,555.9
-32.0,128.0,0.24681753889674685,0.874454666156103,0.583372217603423,532.5
-32.0,132.25,0.808910891089109,0.6503089892622447,0.6204844201212695,135.1
-32.0,133.0,0.9072135785007072,0.6348823724227106,0.611979897979645,65.6
-32.0,133.25,0.9394625176803395,0.6155249344651006,0.6052078217743688,42.8
-32.0,133.5,0.9694483734087694,0.5911865141518884,0.5872370113141758,21.6
-32.0,133.75,0.9823196605374823,0.5736639287657421,0.544539463698498,12.5
-32.0,134.0,0.9777934936350778,0.5707322929426886,0.505448656096607,15.7
-32.0,134.25,0.9594059405940594,0.5523366587706836,0.48172080320338967,28.7
-32.0,134.5,0.9335219236209336,0.5578637151178153,0.47892703467974457,47.0
-32.0,134.75,0.9151343705799151,0.5406478160628212,0.47197591166167746,60.0
-32.0,135.0,0.8917963224893918,0.5048493507070033,0.46710108053405724,76.5
-32.0,135.25,0.8661951909476662,0.4590465641521493,0.460359562683003,94.6
-32.0,135.5,0.8568599717114569,0.4213329096449584,0.4640607821653811,101.2
-32.0,135.75,0.8424328147100424,0.38885049456342935,0.477119885171762,111.4
-32.0,136.0,0.8366336633663366,0.37660936813664836,0.5296318703726476,115.5
-32.0,136.25,0.8613861386138614,0.3631901563642441,0.4725373730686793,98.0
-32.0,136.5,0.8900990099009901,0.3863445717541588,0.4485477433878708,77.7
-32.0,136.75,0.9186704384724187,0.4292315376117741,0.4390892074787858,57.5
-32.0,137.0,0.9471004243281471,0.44996651758438144,0.45495387685442906,37.4
-32.0,137.25,0.9756718528995757,0.4528939243629252,0.43851884933574464,17.2
-32.0,137.5,0.996039603960396,0.45943083324980594,0.41468010958754464,2.8
-32.0,137.75,0.979066478076379,0.4391772315064544,0.3494831194603655,14.8
-32.0,138.0,0.9929278642149929,0.44425456514954587,0.3226845710170044,5.0
-32.0,138.25,0.9684582743988684,0.45826849366525113,0.3855986296654036,22.3
-32.0,138.5,0.9424328147100425,0.41689796113517397,0.4424257574872053,40.7
-32.0,138.75,0.9114568599717114,0.2928281402701104,0.4036175340754902,62.6
-32.0,139.0,0.88005657708628,0.30656463164260284,0.35836435068069744,84.8
-32.0,139.25,0.84992927864215,0.4094198481760707,0.36006285363498275,106.1
-32.0,139.5,0.8193776520509194,0.5265025564791783,0.45436991573092206,127.7
-32.0,139.75,0.7963224893917963,0.5678190707950193,0.5646314848957711,144.0
-32.0,140.0,0.828995756718529,0.5843441672508285,0.62347116078368,120.9
-32.0,140.25,0.8615275813295615,0.5564389478917844,0.6453122125937224,97.9
-32.0,140.5,0.8936350777934936,0.5517466214505415,0.647994836385978,75.2
-32.0,140.75,0.9247524752475248,0.5410151814051184,0.6401579723791868,53.2
-32.0,141.0,0.9543140028288544,0.4936081742935867,0.6460931590575778,32.3
-32.0,141.25,0.9831683168316832,0.42408772269002115,0.6583399191475588,11.9
-32.0,141.5,0.9957567185289957,0.3650778465098041,0.6371364667536662,3.0
-32.0,141.75,0.9927864214992927,0.3419697564656732,0.5851137053312894,5.1
-32.0,142.0,0.9893917963224894,0.35484288596301805,0.5244308417075285,7.5
-32.0,142.25,0.9717114568599717,0.36864006493210955,0.5168396694474457,20.0
-32.0,142.5,0.9538896746817539,0.37339491379881806,0.5228725590495147,32.6
-32.0,142.75,0.9328147100424328,0.39284563760592817,0.5315679580840983,47.5
-32.0,143.0,0.9065063649222065,0.4290701261500608,0.5379762512655647,66.1
-32.0,143.25,0.8773691654879774,0.4558646985595285,0.5409780615805055,86.7
-32.0,143.5,0.8468175388967468,0.4726453114185487,0.5391215609751455,108.3
-32.0,143.75,0.8154172560113154,0.49242447169892556,0.5382711651714471,130.5
-32.0,144.0,0.7835926449787836,0.5118337698963438,0.5237268713511435,153.0
-32.0,144.25,0.7736916548797736,0.5135004712986251,0.4735206235737762,160.0
-32.0,144.5,0.8043847241867044,0.5096931958165952,0.4329173224933782,138.3
-32.0,144.75,0.8340876944837341,0.5122129930833315,0.41489132648210086,117.3
-32.0,145.0,0.8635077793493635,0.5169271090954128,0.38891463014764543,96.5
-32.0,145.25,0.8908062234794908,0.5329698309352264,0.3833675796962442,77.2
-32.0,145.5,0.9137199434229137,0.5473113662255973,0.38818854688936566,61.0
-32.0,145.75,0.9281471004243281,0.5597710532334604,0.382699776505932,50.8
-32.0,146.0,0.9288543140028289,0.5623591243336573,0.37434627323511954,50.3
-32.0,146.25,0.9292786421499293,0.5543107904655609,0.3510751678104124,50.0
-32.0,146.5,0.9319660537482319,0.5692454102836275,0.3251193594649188,48.1
-32.0,146.75,0.9306930693069306,0.6157295889439658,0.3152663048877723,49.0
-32.0,147.0,0.9350777934936351,0.6633867108442297,0.3263894491209059,45.9
-32.0,147.25,0.946958981612447,0.6898940955149362,0.35110023017371156,37.5
-32.0,147.5,0.9642149929278642,0.6978092682083061,0.37834980445280414,25.3
-32.0,147.75,0.9841584158415841,0.7059353144163745,0.37479855621833474,11.2
-32.0,148.0,0.9936350777934936,0.7206743548473201,0.3973202728044853,4.5
-32.0,148.25,0.9947666195190947,0.737576498486888,0.4211258109652923,3.7
-32.0,148.5,0.9844413012729845,0.743458424192114,0.41437246303406977,11.0
-32.0,148.75,0.9824611032531825,0.7307665856945701,0.37817462578611727,12.4
-32.0,149.0,0.9623762376237623,0.715298942883472,0.3474280217871137,26.6
-32.0,149.25,0.9876944837340877,0.7173105134157952,0.3541329373056585,8.7
-32.0,149.5,0.9874115983026874,0.725804952163876,0.3446406840563666,8.9
-32.0,149.75,0.9584158415841584,0.6971557967125181,0.3241077747896098,29.4
-32.0,150.0,0.9557284299858557,0.669323476527165,0.25261063839912307,31.3
-32.0,150.25,0.958981612446959,0.6735946926897967,0.2027707040578087,29.0
-32.0,150.5,0.9622347949080622,0.6744949150936405,0.18530839363754306,26.7
-32.0,150.75,0.9838755304101838,0.6120492596916415,0.14151635408172628,11.4
-32.0,151.0,0.9939179632248939,0.5336874939545124,0.11692609801461246,4.3
-32.0,151.25,0.9889674681753889,0.5170993420578351,0.09960421741519898,7.8
-32.0,151.5,0.9671852899575671,0.5657568507932418,0.08204336597293284,23.2
-32.0,151.75,0.9671852899575671,0.658037001742422,0.05868557539403411,23.2
-32.0,152.0,0.9964639321074965,0.7339692075728192,0.06541547913641098,2.5
-32.0,152.25,0.9949080622347949,0.7857088922061101,0.1239120665821668,3.6
-32.0,152.5,0.9967468175388967,0.8574189939207577,0.28413448188863233,2.3
-32.25,115.75,0.998019801980198,0.9559710342817953,0.6114361816928954,1.4
-32.25,116.0,0.9944837340876945,0.9654379206971261,0.4795486457586643,3.9
-32.25,116.25,0.9913719943422914,0.9647915451574214,0.4365638560602105,6.1
-32.25,116.5,0.9760961810466761,0.970011184680157,0.43477798135580004,16.9
-32.25,116.75,0.9431400282885432,0.9969976239804831,0.4564834062930695,40.2
-32.25,117.0,0.9101838755304101,0.992455298629964,0.49259019705209806,63.5
-32.25,117.25,0.9099009900990099,0.9912071607401683,0.5195462757455463,63.7
-32.25,117.5,0.9185289957567185,0.9919072494209121,0.5364184360085386,57.6
-32.25,117.75,0.9357850070721357,0.9999150073944149,0.5631246808154919,45.4
-32.25,118.0,0.9688826025459689,0.9937831289299855,0.5457334636971635,22.0
-32.25,118.25,0.9981612446958982,0.9843454302376622,0.5390301276716112,1.3
-32.25,118.5,0.9765205091937765,0.971954059075034,0.5404798765968557,16.6
-32.25,118.75,0.9842998585572843,0.9638713154209235,0.5487580799568428,11.1
-32.25,119.0,0.9973125884016973,0.9525123923330782,0.5360206777681149,1.9
-32.25,119.25,0.9974540311173975,0.9281191465923846,0.47806418022213604,1.8
-32.25,119.5,0.9864214992927864,0.9114401434684161,0.43513343174821073,9.6
-32.25,119.75,0.977086280056577,0.9003611468031072,0.40768738788158365,16.2
-32.25,120.0,0.9616690240452617,0.8996350300397629,0.4033392693151306,27.1
-32.25,120.25,0.9322489391796323,0.9065098588685683,0.4050543408285615,47.9
-32.25,120.5,0.9004243281471004,0.9120543353434735,0.40411471978806324,70.4
-32.25,120.75,0.8680339462517681,0.9244025098358568,0.4043417638470951,93.3
-32.25,121.0,0.8355021216407355,0.9298872095738041,0.4011428553708778,116.3
-32.25,121.25,0.8425742574257425,0.9335524602487216,0.39420915512755433,111.3
-32.25,121.5,0.855021216407355,0.9363283587357686,0.3825904046748402,102.5
-32.25,121.75,0.8605374823196605,0.9450882242897052,0.38178805446920905,98.6
-32.25,122.0,0.8582743988684582,0.9582391609469659,0.3920334841167844,100.2
-32.25,122.25,0.8485148514851485,0.9499387321420935,0.3861661511679685,107.1
-32.25,122.5,0.8326732673267326,0.9380408602785212,0.3841298301205967,118.3
-32.25,122.75,0.8123055162659123,0.9320125814930071,0.3768102823033949,132.7
-32.25,123.0,0.7886845827439887,0.920070634588186,0.3707145192098598,149.4
-32.25,123.25,0.7626591230551627,0.9249331769840923,0.3844197960229211,167.8
-32.25,123.5,0.735077793493635,0.944299714581409,0.44399263065302513,187.3
-32.25,123.75,0.7063649222065064,0.9650484587644138,0.4982537431703327,207.6
-32.25,124.0,0.6768033946251768,0.9872029818618004,0.5538352473602554,228.5
-32.25,124.25,0.6465346534653466,0.997645911128942,0.601846725155464,249.9
-32.25,124.5,0.6158415841584158,0.9854943687988709,0.6573302201934755,271.6
-32.25,124.75,0.5847241867043846,0.9910207718924663,0.6849526354051715,293.6
-32.25,125.0,0.5533239038189532,0.9946785642113385,0.6767416088491913,315.8
-32.25,125.25,0.5217821782178218,0.98208118171197,0.676913660764444,338.1
-32.25,125.5,0.48995756718528993,0.9671458617311738,0.673494703126733,360.6
-32.25,125.75,0.45785007072135786,0.9563165773778665,0.7050184660298651,383.3
-32.25,126.0,0.4257425742574258,0.9370031827937263,0.6919565586175588,406.0
-32.25,126.25,0.39349363507779345,0.9199229514263509,0.6443677402533187,428.8
-32.25,126.5,0.3612446958981612,0.9041435962897084,0.619268371689811,451.6
-32.25,126.75,0.32885431400282883,0.8960302641894805,0.5763745962457302,474.5
-32.25,127.0,0.2963224893917963,0.8778851542017182,0.5350271122067406,497.5
-32.25,127.25,0.26379066478076374,0.8705840115608465,0.5558654599602378,520.5
-32.25,133.75,0.9782178217821782,0.5511369202728917,0.6352569345617117,15.4
-32.25,134.0,0.9932107496463932,0.547359128392041,0.5578012414434553,4.8
-32.25,134.25,0.9847241867043848,0.5556134630731531,0.4931756248476695,10.8
-32.25,134.5,0.9664780763790665,0.556552542549281,0.4846145633038243,23.7
-32.25,134.75,0.9421499292786422,0.5578583835585323,0.4978989213516639,40.9
-32.25,135.0,0.914002828854314,0.5382405344957315,0.48499056322241274,60.8
-32.25,135.25,0.903960396039604,0.4761029693841091,0.46511191863460394,67.9
-32.25,135.5,0.8930693069306931,0.4068266836986395,0.4435916006056885,75.6
-32.25,135.75,0.8743988684582744,0.3642164965515772,0.4462344308448987,88.8
-32.25,136.0,0.8545968882602546,0.3694338584539808,0.4791592362669152,102.8
-32.25,136.25,0.8415841584158416,0.38010266725614095,0.4578569849746152,112.0
-32.25,136.5,0.87001414427157,0.42296268490589617,0.4398671883639615,91.9
-32.25,136.75,0.8985855728429986,0.4385653253336598,0.4449508832639247,71.7
-32.25,137.0,0.927015558698727,0.4494386357401282,0.46349973980754056,51.6
-32.25,137.25,0.9554455445544554,0.4473312075081167,0.4407376018237483,31.5
-32.25,137.5,0.9838755304101838,0.4654822125465119,0.38887656114307145,11.4
-32.25,137.75,0.987977369165488,0.4323226944453211,0.31767430642391625,8.5
-32.25,138.0,0.981046676096181,0.3561507630560701,0.2808270074450949,13.4
-32.25,138.25,0.9480905233380481,0.32235032804547226,0.3442258415039834,36.7
-32.25,138.5,0.9172560113154172,0.29816307128092057,0.42226489940655576,58.5
-32.25,138.75,0.897029702970297,0.2679993460103507,0.38590753336636235,72.8
-32.25,139.0,0.872984441301273,0.2754734301099262,0.33455165644959806,89.8
-32.25,139.25,0.8455445544554455,0.35174473085638014,0.36314165617466954,109.2
-32.25,139.5,0.8166902404526167,0.47974433892188606,0.48540250466521784,129.6
-32.25,139.75,0.7925035360678925,0.5124901700879729,0.606555354938814,146.7
-32.25,140.0,0.8179632248939179,0.4602406046942418,0.6499349211817362,128.7
-32.25,140.25,0.847949080622348,0.4337833637565963,0.6729034408774546,107.5
-32.25,140.5,0.8777934936350777,0.4281001767680225,0.6645610424094158,86.4
-32.25,140.75,0.9073550212164073,0.4152476124633908,0.6552875811741339,65.5
-32.25,141.0,0.9391796322489392,0.367765905068244,0.6477659710748221,43.0
-32.25,141.25,0.9711456859971711,0.334776510677789,0.63108323715,20.4
-32.25,141.5,0.997029702970297,0.29701707063455407,0.6023422669059428,2.1
-32.25,141.75,0.9650636492220651,0.30189750012981376,0.5521861116206229,24.7
-32.25,142.0,0.9772277227722772,0.31518591522935235,0.5022717799359074,16.1
-32.25,142.25,0.9949080622347949,0.33092510446756596,0.4910178278953554,3.6
-32.25,142.5,0.9835926449787836,0.3521772703966769,0.4972437863398425,11.6
-32.25,142.75,0.9534653465346534,0.3750274209107758,0.5021833927974301,32.9
-32.25,143.0,0.9216407355021217,0.41383339378734507,0.5333867764994947,55.4
-32.25,143.25,0.8895332390381896,0.43451723456351166,0.5528705478391824,78.1
-32.25,143.5,0.857001414427157,0.4467140891074517,0.5428402515840935,101.1
-32.25,143.75,0.8243281471004243,0.45642351408446435,0.5271430890520309,124.2
-32.25,144.0,0.7915134370579915,0.4716712769104112,0.5058804379054709,147.4
-32.25,144.25,0.7586987270155587,0.47002350098802503,0.4444654631624181,170.6
-32.25,144.5,0.7864214992927865,0.4743921737847824,0.4124428222327925,151.0
-32.25,144.75,0.8141442715700141,0.4807409492366185,0.39156032926188283,131.4
-32.25,145.0,0.8398868458274399,0.4954548832831376,0.384134149550413,113.2
-32.25,145.25,0.8622347949080622,0.5133845585482366,0.38247171705854777,97.4
-32.25,145.5,0.8796322489391797,0.5249501683828655,0.3895762443041911,85.1
-32.25,145.75,0.8895332390381896,0.5238797423806223,0.39386880662222484,78.1
-32.25,146.0,0.8898161244695898,0.5263675247678237,0.38023386559915545,77.9
-32.25,146.25,0.8898161244695898,0.5266590788579866,0.3740485388060363,77.9
-32.25,146.5,0.8925035360678925,0.5362719799490427,0.3513563014457992,76.0
-32.25,146.75,0.8910891089108911,0.5787450036449695,0.33494467621104423,77.0
-32.25,147.0,0.8961810466760962,0.6260197757487542,0.3338746341777379,73.4
-32.25,147.25,0.9131541725601131,0.6559510172726726,0.3513432303354226,61.4
-32.25,147.5,0.9336633663366336,0.6673386634377929,0.37399083895998425,46.9
-32.25,147.75,0.9581329561527582,0.6830362457220406,0.38164324074943895,29.6
-32.25,148.0,0.9779349363507779,0.699972749958462,0.398505730647171,15.6
-32.25,148.25,0.9988684582743989,0.7186200132911451,0.41058124468567087,0.8
-32.25,148.5,0.9988684582743989,0.7253639193940695,0.39557799533012256,0.8
-32.25,148.75,0.9934936350777935,0.7251191700829496,0.363243469003583,4.6
-32.25,149.0,0.9704384724186704,0.7419687081376642,0.36501606307303625,20.9
-32.25,149.25,0.9765205091937765,0.7448613681390357,0.3705128920941866,16.6
-32.25,149.5,0.9926449787835926,0.7214290326752597,0.3578509993408646,5.2
-32.25,149.75,0.9964639321074965,0.667960207381248,0.31359607163459735,2.5
-32.25,150.0,0.985007072135785,0.6500968568526483,0.24540623239761833,10.6
-32.25,150.25,0.9956152758132956,0.6614713637072418,0.21515367124247828,3.1
-32.25,150.5,0.9981612446958982,0.6625323648980823,0.19020532154978265,1.3
-32.25,150.75,0.9908062234794908,0.617021786585645,0.18358204003130862,6.5
-32.25,151.0,0.9981612446958982,0.5565332393161347,0.17993905226507176,1.3
-32.25,151.25,0.9657708628005658,0.546568254212213,0.15616113266744766,24.2
-32.25,151.5,0.9568599717114569,0.6031626090616278,0.13491722591221691,30.5
-32.25,151.75,0.9785007072135785,0.7079330865236977,0.10864357522480915,15.2
-32.25,152.0,0.9937765205091937,0.7834548686971943,0.12593112602754925,4.4
-32.25,152.25,0.9909476661951909,0.8210177381066917,0.20694686741266158,6.4
-32.25,152.5,0.9899575671852899,0.8814039502969115,0.4263803328675752,7.1
-32.5,115.75,0.9983026874115983,0.9612294065282814,0.6075037760116989,1.2
-32.5,116.0,0.997029702970297,0.9730954122328771,0.48330152110880686,2.1
-32.5,116.25,0.9912305516265912,0.9716899831097651,0.4472265136169331,6.2
-32.5,116.5,0.9763790664780764,0.9604739560027111,0.4402777759556302,16.7
-32.5,116.75,0.9435643564356435,0.9826537346838934,0.4647551143910568,39.9
-32.5,117.0,0.9241867043847242,0.9967301911059369,0.5042915968932352,53.6
-32.5,117.25,0.9387553041018387,0.9981119075815899,0.5335728182098238,43.3
-32.5,117.5,0.955021216407355,0.9970213152288965,0.5430415563542582,31.8
-32.5,117.75,0.9687411598302688,0.9908003323384563,0.5612049199040554,22.1
-32.5,118.0,0.9831683168316832,0.9803045601233057,0.5452982005568061,11.9
-32.5,118.25,0.9997171145685997,0.9718012075011381,0.5354294316361119,0.2
-32.5,118.5,0.9854314002828855,0.9659203310208835,0.5342133832046533,10.3
-32.5,118.75,0.9809052333804809,0.957538153072186,0.5421964631341774,13.5
-32.5,119.0,0.968033946251768,0.94838768375072,0.5335536870038842,22.6
-32.5,119.25,0.9591230551626592,0.9392282196589116,0.5014449314716174,28.9
-32.5,119.5,0.9492220650636493,0.9176108357036554,0.4582217028004001,35.9
-32.5,119.75,0.938048090523338,0.8904933347931491,0.41859850935638937,43.8
-32.5,120.0,0.9304101838755304,0.8701908373208682,0.3960381757783002,49.2
-32.5,120.25,0.9107496463932108,0.8849393760779249,0.41018201977318275,63.1
-32.5,120.5,0.8848656294200848,0.9080327502416218,0.42368410609485374,81.4
-32.5,120.75,0.856011315417256,0.9198190082959838,0.42332427180352517,101.8
-32.5,121.0,0.8256011315417255,0.916343417881522,0.40566225222336283,123.3
-32.5,121.25,0.8067892503536068,0.9053114046169086,0.3795587129312456,136.6
-32.5,121.5,0.8166902404526167,0.9066321940661979,0.37456780518595323,129.6
-32.5,121.75,0.8210749646393211,0.9244851614653318,0.39263847828473214,126.5
-32.5,122.0,0.8192362093352192,0.9332685246436694,0.4045192634014444,127.8
-32.5,122.25,0.8115983026874116,0.9255063270792516,0.39341763573101446,133.2
-32.5,122.5,0.7985855728429986,0.9110732891577927,0.3741672586568795,142.4
-32.5,122.75,0.7814710042432815,0.9061812206126928,0.3652547921567574,154.5
-32.5,123.0,0.7608203677510608,0.9115211463494524,0.35993460847435826,169.1
-32.5,123.25,0.7376237623762376,0.9190518932682059,0.37714096044346435,185.5
-32.5,123.5,0.7125884016973125,0.9448133927395277,0.45072870086498285,203.2
-32.5,123.75,0.6858557284299859,0.971050103765377,0.5331528020120265,222.1
-32.5,124.0,0.6581329561527581,0.9877668495778286,0.5908255710412738,241.7
-32.5,124.25,0.6295615275813295,0.9996915109009188,0.621875985682199,261.9
-32.5,124.5,0.6001414427157001,0.9993928256425715,0.6388841596325745,282.7
-32.5,124.75,0.5702970297029704,0.9919922632694028,0.6341480015427843,303.8
-32.5,125.0,0.53988684582744,0.9728400286632585,0.6576911504595336,325.3
-32.5,125.25,0.5091937765205092,0.9515782644121503,0.6668249393859087,347.0
-32.5,125.5,0.4782178217821782,0.9370895077297239,0.6964777767221678,368.9
-32.5,134.25,0.9823196605374823,0.5499631982656729,0.5652636850246505,12.5
-32.5,134.5,0.9908062234794908,0.56520213978722,0.495101848786555,6.5
-32.5,134.75,0.9635077793493635,0.5598962445021651,0.49643702000074263,25.8
-32.5,135.0,0.9512022630834512,0.547500034135785,0.4871817390521497,34.5
-32.5,135.25,0.9424328147100425,0.4960271959870268,0.455667549810625,40.7
-32.5,135.5,0.925884016973126,0.4230255854435103,0.42291179849063065,52.4
-32.5,135.75,0.9045261669024045,0.37467792122497723,0.41950768486359385,67.5
-32.5,136.0,0.8882602545968883,0.37911396375506834,0.4414298065690669,79.0
-32.5,136.25,0.8676096181046676,0.3907180974961133,0.45374077788437495,93.6
-32.5,136.5,0.8684582743988685,0.39397279732165735,0.4566405013767199,93.0
-32.5,136.75,0.8930693069306931,0.4002548684460089,0.46204531687242034,75.6
-32.5,137.0,0.925884016973126,0.4051109316085716,0.4655327729307238,52.4
-32.5,137.25,0.9582743988684583,0.4165984017937757,0.4435356414253833,29.5
-32.5,137.5,0.9872701555869873,0.43709602005056947,0.38247282915055275,9.0
-32.5,137.75,0.9936350777934936,0.37560631251925847,0.3191616730700225,4.5
-32.5,138.0,0.983026874115983,0.3073977514789329,0.2826187004859368,12.0
-32.5,138.25,0.9671852899575671,0.2527973189746878,0.316320261880196,23.2
-32.5,138.5,0.9485148514851485,0.22911409899345592,0.3732280566655425,36.4
-32.5,138.75,0.9224893917963225,0.23557201455614762,0.3569380201566579,54.8
-32.5,139.0,0.8934936350777936,0.27127082434674077,0.36059615816180224,75.3
-32.5,139.25,0.8674681753889675,0.3624662028523199,0.4225544784942697,93.7
-32.5,139.5,0.8434229137199434,0.3935679644399174,0.5435592432411827,110.7
-32.5,139.75,0.8188118811881189,0.3321198486192629,0.5902131145748002,128.1
-32.5,140.0,0.8015558698727016,0.2953350558685821,0.6302320838343562,140.3
-32.5,140.25,0.8339462517680339,0.287793539765012,0.6496504673876101,117.4
-32.5,140.5,0.8666195190947666,0.29581417018665535,0.6362069351275892,94.3
-32.5,140.75,0.8992927864214992,0.29143188811364507,0.6197754211749492,71.2
-32.5,141.0,0.9314002828854314,0.28052918850962805,0.606965362308567,48.5
-32.5,141.25,0.9640735502121641,0.26580234621060217,0.586989820660852,25.4
-32.5,141.5,0.997029702970297,0.2683271520885162,0.5654789795898915,2.1
-32.5,141.75,0.9700141442715701,0.2844217222464548,0.5166483573880499,21.2
-32.5,142.0,0.9438472418670438,0.3024334482662203,0.46466137631713555,39.7
-32.5,142.25,0.9702970297029703,0.32536244898589406,0.45456314574609447,21.0
-32.5,142.5,0.98005657708628,0.3495932667102355,0.4584233943851751,14.1
-32.5,142.75,0.9543140028288544,0.3684062717250649,0.4579856975362272,32.3
-32.5,143.0,0.9227722772277228,0.39500416245421144,0.4958287379086064,54.6
-32.5,143.25,0.8903818953323904,0.4162098515659952,0.5268384080772358,77.5
-32.5,143.5,0.8577086280056577,0.4293733340635493,0.5413760938146116,100.6
-32.5,143.75,0.825035360678925,0.4359437809634792,0.5237645213065563,123.7
-32.5,144.0,0.7922206506364922,0.43907177147427323,0.495104008501463,146.9
-32.5,144.25,0.7677510608203677,0.44006056915361214,0.4298439031236862,164.2
-32.5,144.5,0.7902404526166902,0.4492747288643818,0.3977748605580875,148.3
-32.5,144.75,0.8096181046676096,0.46634664504118295,0.392503141522917,134.6
-32.5,145.0,0.825035360678925,0.4834812466721625,0.3879916904872207,123.7
-32.5,145.25,0.8353606789250354,0.49809450568607694,0.3806813778688423,116.4
-32.5,145.5,0.8428571428571429,0.4915575912814997,0.381181561394646,111.1
-32.5,145.75,0.8503536067892503,0.48764045667169686,0.3863662471424755,105.8
-32.5,146.0,0.871004243281471,0.4875334979245032,0.38986835380414814,91.2
-32.5,146.25,0.890947666195191,0.491783367278837,0.3957766891016669,77.1
-32.5,146.5,0.9036775106082037,0.49974256268071404,0.3745179544530373,68.1
-32.5,146.75,0.9057991513437058,0.5284679957646095,0.36150146552290263,66.6
-32.5,147.0,0.9057991513437058,0.5699812787099803,0.35349156644705726,66.6
-32.5,147.25,0.9077793493635078,0.6042823098002265,0.365777056349905,65.2
-32.5,147.5,0.9257425742574258,0.6175393069446403,0.3725591413832253,52.5
-32.5,147.75,0.9394625176803395,0.6409293724783196,0.3753770858200208,42.8
-32.5,148.0,0.9702970297029703,0.6794139948351967,0.3934023565539035,21.0
-32.5,148.25,0.9858557284299858,0.7028864310555615,0.40331578644482396,10.0
-32.5,148.5,0.9693069306930693,0.7111365187001157,0.37934378906333965,21.7
-32.5,148.75,0.9854314002828855,0.7110711001632085,0.3386029753889429,10.3
-32.5,149.0,0.9983026874115983,0.7273537497407323,0.3310478091221787,1.2
-32.5,149.25,0.9900990099009901,0.7270599030099048,0.32072619311362904,7.0
-32.5,149.5,1.0,0.6981889756225572,0.30895536004992435,0.0
-32.5,149.75,0.9811881188118812,0.6445951498741749,0.2698485318762525,13.3
-32.5,150.0,0.9892503536067893,0.6471263467371167,0.2136646445170023,7.6
-32.5,150.25,0.9786421499292787,0.6612682198740594,0.19049472334746684,15.1
-32.5,150.5,0.9601131541725602,0.659125207022035,0.18372661199194723,28.2
-32.5,150.75,0.9857142857142858,0.621224125269084,0.19479099263885027,10.1
-32.5,151.0,0.9961810466760962,0.5702667697414472,0.20161399943449637,2.7
-32.5,151.25,0.9816124469589816,0.591546341824733,0.18833944069012032,13.0
-32.5,151.5,0.9688826025459689,0.6402931693203386,0.16820619150228838,22.0
-32.5,151.75,0.9988684582743989,0.7046080675338088,0.1939835171396313,0.8
-32.5,152.0,0.9824611032531825,0.7591603505601184,0.24764376151150205,12.4
-32.5,152.25,0.9951909476661952,0.8181196112004442,0.3777763356756043,3.4
-32.75,115.75,0.9896746817538897,0.9642239949711927,0.5943776896086165,7.3
-32.75,116.0,0.9987270155586987,0.9770931532392795,0.4752477024574051,0.9
-32.75,116.25,0.9915134370579916,0.9719557319209886,0.44558474347217386,6.0
-32.75,116.5,0.9813295615275813,0.9607844337459871,0.43884970476584384,13.2
-32.75,116.75,0.9485148514851485,0.9813548221475286,0.4614873851487385,36.4
-32.75,117.0,0.9592644978783592,0.9841186282397768,0.5144721545071906,28.8
-32.75,117.25,0.9734087694483734,0.9825958537602735,0.5500143732250588,18.8
-32.75,117.5,0.9888260254596888,0.9798676819630296,0.5592979238747622,7.9
-32.75,117.75,0.996039603960396,0.9743338315197854,0.5633937103770281,2.8
-32.75,118.0,0.9809052333804809,0.9664145515239402,0.5470340794728217,13.5
-32.75,118.25,0.9671852899575671,0.9614393723492457,0.536776964800557,23.2
-32.75,118.5,0.9500707213578501,0.9567349598134259,0.5313883149321164,35.3
-32.75,118.75,0.942008486562942,0.9505545643767846,0.5314371986285062,41.0
-32.75,119.0,0.9323903818953324,0.9390941701424053,0.5277381227437608,47.8
-32.75,119.25,0.9198019801980198,0.935268037704605,0.5127876574652571,56.7
-32.75,119.5,0.9120226308345121,0.9227961523511123,0.4931999780508496,62.2
-32.75,119.75,0.9008486562942009,0.8982721271556412,0.46009038806598784,70.1
-32.75,120.0,0.8934936350777936,0.8640319733238131,0.4052607064232123,75.3
-32.75,120.25,0.8797736916548797,0.8672409518194364,0.3802307227304459,85.0
-32.75,120.5,0.8595473833097595,0.8830647075604975,0.3965925778186622,99.3
-32.75,120.75,0.8350777934936351,0.8938924114474177,0.4162580714388627,116.6
-32.75,121.0,0.808062234794908,0.8865336964026825,0.41745455349794497,135.7
-32.75,121.25,0.7794908062234795,0.8836291011639675,0.3965871946486674,155.9
-32.75,121.5,0.7779349363507779,0.8939281020850981,0.40691130883490917,157.0
-32.75,121.75,0.7814710042432815,0.911243786988716,0.4316134026762562,154.5
-32.75,122.0,0.7800565770862801,0.9237799227670006,0.4454155120801219,155.5
-32.75,122.25,0.7736916548797736,0.9158955468585529,0.42400845014567773,160.0
-32.75,122.5,0.762942008486563,0.8959446240667499,0.393492903407289,167.6
-32.75,122.75,0.7480905233380482,0.892678935299986,0.373301986607956,178.1
-32.75,123.0,0.73012729844413,0.8995623701821013,0.36044241547144196,190.8
-32.75,123.25,0.7094766619519095,0.9158041674157605,0.36251977110206746,205.4
-32.75,123.5,0.6865629420084866,0.9410786071208046,0.4203904925081891,221.6
-32.75,123.75,0.6620933521923621,0.9620312763532399,0.4828166167601142,238.9
-32.75,124.0,0.6362093352192362,0.9812840842987819,0.5288490059530155,257.2
-32.75,124.25,0.6091937765205091,0.991375947531772,0.5563294440854177,276.3
-32.75,124.5,0.5813295615275813,0.9861783943383001,0.5803053901993832,296.0
-32.75,124.75,0.5527581329561528,0.9595665961341119,0.6085586355715469,316.2
-32.75,125.0,0.5236209335219236,0.9375520458843041,0.6922197214908372,336.8
-32.75,134.25,0.9915134370579916,0.5542852222888883,0.6391139597457056,6.0
-32.75,134.5,0.9875530410183876,0.5676452957443588,0.526735176928084,8.8
-32.75,134.75,0.9958981612446959,0.5638361814092063,0.46735689392973795,2.9
-32.75,135.0,0.987977369165488,0.5323930853510896,0.4622559213105101,8.5
-32.75,135.25,0.9772277227722772,0.494627552555877,0.43688668508714373,16.1
-32.75,135.5,0.9558698727015559,0.4571131866736299,0.4188608180140699,31.2
-32.75,135.75,0.9393210749646393,0.4187131521388908,0.4191901261857274,42.9
-32.75,136.0,0.9188118811881189,0.40093319226647617,0.45422869616357364,57.4
-32.75,136.25,0.8923620933521924,0.37605763410630944,0.4771143247117374,76.1
-32.75,136.5,0.8988684582743989,0.3525424082106622,0.46112834060390606,71.5
-32.75,136.75,0.9198019801980198,0.3494729505777061,0.44745483094072436,56.7
-32.75,137.0,0.9367751060820367,0.36996366737832953,0.45243210347099994,44.7
-32.75,137.25,0.9667609618104668,0.38288866768077023,0.4332575420605042,23.5
-32.75,137.5,0.9992927864214993,0.37831576594566896,0.38242186632563197,0.5
-32.75,137.75,0.9779349363507779,0.32698607608873764,0.3351009493136476,15.6
-32.75,138.0,0.9994342291371995,0.27152772188380836,0.30550839058750984,0.4
-32.75,138.25,0.9992927864214993,0.21549081318876984,0.2997906420719923,0.5
-32.75,138.5,0.9702970297029703,0.19895963840652298,0.3747496080528432,21.0
-32.75,138.75,0.9422913719943423,0.2153623826864416,0.4064990933984216,40.8
-32.75,139.0,0.9188118811881189,0.24349141771164406,0.41768843128176064,57.4
-32.75,139.25,0.8943422913719943,0.2704853995164276,0.43859229575989517,74.7
-32.75,139.5,0.8690240452616691,0.2545826997954951,0.5083294256730423,92.6
-32.75,139.75,0.841018387553041,0.22494197285353557,0.523587618091398,112.4
-32.75,140.0,0.8125884016973126,0.2149437435314192,0.5498770218038144,132.5
-32.75,140.25,0.830975954738331,0.21775209817693064,0.5714635334829353,119.5
-32.75,140.5,0.8637906647807638,0.23018816545581,0.5710677254328391,96.3
-32.75,140.75,0.8966053748231966,0.23985925178766077,0.5532344436839204,73.1
-32.75,141.0,0.9294200848656294,0.2455679565865182,0.5427506395326833,49.9
-32.75,141.25,0.9622347949080622,0.25268482670166026,0.5300169604345805,26.7
-32.75,141.5,0.995049504950495,0.26563663189845277,0.5135151429264996,3.5
-32.75,141.75,0.9722772277227723,0.2856270449315135,0.4901194026108651,19.6
-32.75,142.0,0.9394625176803395,0.3032992283885324,0.4440330688970878,42.8
-32.75,142.25,0.938048090523338,0.32654865153275836,0.4288297396843079,43.8
-32.75,142.5,0.942008486562942,0.34336318155772216,0.42702790887721837,41.0
-32.75,142.75,0.9288543140028289,0.35655698654551826,0.4250390532059983,50.3
-32.75,143.0,0.9056577086280057,0.36836520463194933,0.4467821603332312,66.7
-32.75,143.25,0.8777934936350777,0.3858976898894334,0.4969776417706089,86.4
-32.75,143.5,0.8478076379066478,0.4009900778716231,0.5227674744136882,107.6
-32.75,143.75,0.8169731258840169,0.4074914050213948,0.5140223697016677,129.4
-32.75,144.0,0.7854314002828855,0.40445928104350337,0.4760057785074204,151.7
-32.75,144.25,0.7932107496463933,0.41351929013587096,0.42658663399312413,146.2
-32.75,144.5,0.8188118811881189,0.433012082493456,0.41834451721283267,128.1
-32.75,144.75,0.8415841584158416,0.4513142946278502,0.4178795499338513,112.0
-32.75,145.0,0.8605374823196605,0.46405841801437764,0.41152615219251143,98.6
-32.75,145.25,0.8735502121640736,0.46592658024018296,0.3908915106832183,89.4
-32.75,145.5,0.8789250353606789,0.4516196223206821,0.3773396542150087,85.6
-32.75,145.75,0.8779349363507779,0.4426913320214373,0.36782143603499345,86.3
-32.75,146.0,0.8978783592644979,0.44376058997447076,0.36443260158506763,72.2
-32.75,146.25,0.9223479490806223,0.45183389412485186,0.3639830424214006,54.9
-32.75,146.5,0.9413012729844413,0.4701255724111352,0.3590902244143966,41.5
-32.75,146.75,0.9451202263083451,0.4926634418344018,0.35678439028722564,38.8
-32.75,147.0,0.9435643564356435,0.5135753655440876,0.3653057227471273,39.9
-32.75,147.25,0.946958981612447,0.5334547031489685,0.38356197015524773,37.5
-32.75,147.5,0.9588401697312589,0.5486995638419732,0.3925438054088358,29.1
-32.75,147.75,0.9711456859971711,0.5913609291103963,0.3808493843479613,20.4
-32.75,148.0,0.9752475247524752,0.6328846174130001,0.3861467459683465,17.5
-32.75,148.25,0.994059405940594,0.6629343581994918,0.3906565852764995,4.2
-32.75,148.5,0.9966053748231966,0.6711653357156622,0.3639948725015688,2.4
-32.75,148.75,0.9814710042432815,0.6811471627513596,0.31796627086839435,13.1
-32.75,149.0,0.994059405940594,0.6877306873898535,0.2626416921661573,4.2
-32.75,149.25,0.9803394625176803,0.6825162519838512,0.23430267065413643,13.9
-32.75,149.5,0.98005657708628,0.6452674202584963,0.23251263769266423,14.1
-32.75,149.75,0.9932107496463932,0.5826976396830468,0.2403530797346017,4.8
-32.75,150.0,0.9985855728429985,0.5827075166731321,0.20775202202421816,1.0
-32.75,150.25,0.9684582743988684,0.5828225374169436,0.18755456161105913,22.3
-32.75,150.5,0.961951909476662,0.5839197938795009,0.1767771974050761,26.9
-32.75,150.75,0.9929278642149929,0.5945169854882818,0.1800405911003029,5.0
-32.75,151.0,0.9816124469589816,0.5976328931578663,0.17044149643216228,13.0
-32.75,151.25,0.9991513437057992,0.6060596711690603,0.167711632905611,0.6
-32.75,151.5,0.9985855728429985,0.6450011788109148,0.19924677460519918,1.0
-32.75,151.75,0.9920792079207921,0.7006839650263265,0.28174672365043285,5.6
-32.75,152.0,0.9845827439886846,0.7713786434193932,0.4381016858956991,10.9
-33.0,115.75,0.9933521923620934,0.9572659040913769,0.5687665653155439,4.7
-33.0,116.0,0.9922206506364922,0.9742817934671073,0.4535433573775898,5.5
-33.0,116.25,0.9908062234794908,0.9716819055485713,0.434733884490214,6.5
-33.0,116.5,0.9765205091937765,0.9639168277242934,0.445246538564477,16.6
-33.0,116.75,0.9758132956152759,0.9835699430656941,0.47188965200355737,17.1
-33.0,117.0,0.9946251768033946,0.9778549205698894,0.5071857115737294,3.8
-33.0,117.25,0.9932107496463932,0.9685954788027403,0.5299062347523523,4.8
-33.0,117.5,0.9763790664780764,0.9602703509116972,0.5381732849577394,16.7
-33.0,117.75,0.9611032531824611,0.9529230520861821,0.5597305921337747,27.5
-33.0,118.0,0.9458274398868458,0.9409189305558187,0.5552569361089701,38.3
-33.0,118.25,0.9322489391796323,0.9388960849761939,0.5471971540656579,47.9
-33.0,118.5,0.9175388967468175,0.9391195712138745,0.5383720593156609,58.3
-33.0,118.75,0.9026874115983027,0.9357367215864377,0.5335211301075086,68.8
-33.0,119.0,0.8953323903818953,0.9207030530233513,0.5383670629602765,74.0
-33.0,119.25,0.8826025459688827,0.9123075777661558,0.5138842768857533,83.0
-33.0,119.5,0.8746817538896747,0.9047266081931445,0.49868820044691853,88.6
-33.0,119.75,0.8636492220650637,0.8912825390959296,0.48035196300082145,96.4
-33.0,120.0,0.8551626591230551,0.8646524183740447,0.4369821799440873,102.4
-33.0,120.25,0.8448373408769448,0.8515227872030193,0.3818088135199674,109.7
-33.0,120.5,0.8287128712871288,0.8615126859564547,0.38343857629452877,121.1
-33.0,120.75,0.8082036775106082,0.8736549409507917,0.3987754048997246,135.6
-33.0,121.0,0.7845827439886846,0.8771969119455388,0.408177224116559,152.3
-33.0,121.25,0.7588401697312588,0.8834563548850595,0.41822078488932957,170.5
-33.0,121.5,0.739038189533239,0.8849283290076864,0.46627202400303275,184.5
-33.0,121.75,0.7420084865629419,0.8913703073683442,0.4912908384239237,182.4
-33.0,122.0,0.7407355021216407,0.9001554900342297,0.47921924088335416,183.3
-33.0,122.25,0.7353606789250353,0.9048881713642621,0.42764750529670886,187.1
-33.0,122.5,0.726025459688826,0.8963383362116156,0.4141152796699772,193.7
-33.0,122.75,0.7132956152758133,0.8905647224842921,0.3859078234773201,202.7
-33.0,123.0,0.6973125884016973,0.8939236275120959,0.3588432432856534,214.0
-33.0,123.25,0.6787835926449788,0.909601873771547,0.34144214627748426,227.1
-33.0,123.5,0.6581329561527581,0.9301440126707334,0.3643211828599957,241.7
-33.0,123.75,0.6355021216407355,0.9298990124684415,0.3882747743129349,257.7
-33.0,124.0,0.6114568599717114,0.9409883091065813,0.4653229743564058,274.7
-33.0,124.25,0.5861386138613861,0.9490871359036548,0.5689030141693641,292.6
-33.0,134.25,0.968033946251768,0.5472697756921692,0.6701951422654334,22.6
-33.0,134.5,0.9585572842998585,0.540777076761622,0.5528282883429958,29.3
-33.0,134.75,0.9666195190947666,0.5166782751839023,0.46944427450568305,23.6
-33.0,135.0,0.9752475247524752,0.49688541162873556,0.42677175701875353,17.5
-33.0,135.25,0.9929278642149929,0.4739545739925247,0.41521673427310346,5.0
-33.0,135.5,0.9899575671852899,0.4623404899120941,0.41533912886274554,7.1
-33.0,135.75,0.9690240452616691,0.45260347263279954,0.42179622515422466,21.9
-33.0,136.0,0.9411598302687412,0.4406448984965897,0.43637243117988656,41.6
-33.0,136.25,0.9108910891089109,0.3984900401398227,0.47712829838953824,63.0
-33.0,136.5,0.9292786421499293,0.3526200398164162,0.4715536551625949,50.0
-33.0,136.75,0.9502121640735502,0.3296562497394009,0.4551997297738919,35.2
-33.0,137.0,0.9710042432814711,0.33539008552568994,0.4436429341279442,20.5
-33.0,137.25,0.9872701555869873,0.33675100281168113,0.4291190447783394,9.0
-33.0,137.5,0.9997171145685997,0.339949302139244,0.4415734276104549,0.2
-33.0,138.0,0.9937765205091937,0.2601961468232251,0.38405941374422775,4.4
-33.0,138.25,0.9956152758132956,0.2220225603023488,0.33218435103392363,3.1
-33.0,138.5,0.9919377652050919,0.20518676932700042,0.422314169917556,5.7
-33.0,138.75,0.9697312588401698,0.1761381960027233,0.4748004641814006,21.4
-33.0,139.0,0.9451202263083451,0.15954176394026165,0.47059620841546707,38.8
-33.0,139.25,0.9175388967468175,0.16590985141829107,0.4336370394278617,58.3
-33.0,139.5,0.8891089108910891,0.18840986856097486,0.42806144528166773,78.4
-33.0,139.75,0.8606789250353607,0.19471533938999763,0.4351543680889988,98.5
-33.0,140.0,0.8424328147100424,0.20963152205719715,0.47217093069442295,111.4
-33.0,140.25,0.8349363507779349,0.22190901262165463,0.511422089069602,116.7
-33.0,140.5,0.8616690240452617,0.23169328831476432,0.5297450458807418,97.8
-33.0,140.75,0.8944837340876945,0.2401037754685924,0.5244739715365885,74.6
-33.0,141.0,0.9272984441301273,0.2486212493804596,0.5130805405944349,51.4
-33.0,141.25,0.9601131541725602,0.25416842511833404,0.48650284717633924,28.2
-33.0,141.5,0.9927864214992927,0.2646564103994121,0.45488454033551406,5.1
-33.0,141.75,0.9759547383309759,0.28392375500360745,0.45187177027327846,17.0
-33.0,142.0,0.9446958981612447,0.29943697078633535,0.44896569657441265,39.1
-33.0,142.25,0.9405940594059405,0.3149497701273488,0.4386147793591249,42.0
-33.0,142.5,0.9301272984441301,0.32606423724286504,0.43010377807277617,49.4
-33.0,142.75,0.9083451202263083,0.3355071966445341,0.4239860632501006,64.8
-33.0,143.0,0.8818953323903819,0.3448730311619851,0.43602708631917275,83.5
-33.0,143.25,0.8582743988684582,0.3560850047635399,0.4790449647840916,100.2
-33.0,143.5,0.832956152758133,0.371222077737847,0.5042586692995246,118.1
-33.0,143.75,0.8055162659123055,0.3815121002923235,0.4978224448797319,137.5
-33.0,144.0,0.7837340876944837,0.3808132313931223,0.4522246580188952,152.9
-33.0,144.25,0.8137199434229138,0.38917152448427816,0.42883837854394025,131.7
-33.0,144.5,0.8424328147100424,0.41540046462140756,0.462670344813732,111.4
-33.0,144.75,0.8694483734087695,0.4371752959050651,0.48807347566733505,92.3
-33.0,145.0,0.8930693069306931,0.4458325025402603,0.4826685473507065,75.6
-33.0,145.25,0.9106082036775106,0.4331762697113021,0.42325880343071415,63.2
-33.0,145.5,0.9183875530410184,0.42488258667639967,0.37356078169959184,57.7
-33.0,145.75,0.9135785007072136,0.42245010492854174,0.3381093354769653,61.1
-33.0,146.0,0.928995756718529,0.42447535406862147,0.3226208916617665,50.2
-33.0,146.25,0.947949080622348,0.43491467509834614,0.32279345932983317,36.8
-33.0,146.5,0.9729844413012729,0.4704052475459717,0.34886647250227926,19.1
-33.0,146.75,0.9842998585572843,0.4885016599998443,0.35623445273215876,11.1
-33.0,147.0,0.9803394625176803,0.4946109377921003,0.35994060410081957,13.9
-33.0,147.25,0.9835926449787836,0.4997309753530971,0.36282279199749295,11.6
-33.0,147.5,0.9685997171145686,0.5032993844704186,0.37169689938208333,22.2
-33.0,147.75,0.9926449787835926,0.537748709885981,0.37062178040701543,5.2
-33.0,148.0,0.9920792079207921,0.5637347002358013,0.3812200172138303,5.6
-33.0,148.25,0.9896746817538897,0.5838288890804568,0.39780617642425486,7.3
-33.0,148.5,0.9688826025459689,0.5909358472857535,0.3896778153739731,22.0
-33.0,148.75,0.9981612446958982,0.6260031497002105,0.37431653686194466,1.3
-33.0,149.0,0.9908062234794908,0.6336728783773303,0.2995949138791277,6.5
-33.0,149.25,0.9905233380480906,0.616054626816885,0.24457803008219187,6.7
-33.0,149.5,0.9584158415841584,0.569002890892345,0.21311999342827762,29.4
-33.0,149.75,0.984016973125884,0.5421597845286835,0.2067531861137771,11.3
-33.0,150.0,0.9878359264497878,0.5403197999482494,0.19415592363494355,8.6
-33.0,150.25,0.957991513437058,0.525001318423736,0.18355391538567714,29.7
-33.0,150.5,0.9762376237623762,0.5252382684982979,0.1749277239318051,16.8
-33.0,150.75,0.9920792079207921,0.560957200810052,0.17708281318184638,5.6
-33.0,151.0,0.9661951909476661,0.5837013602316876,0.1767067487941562,23.9
-33.0,151.25,0.978076379066478,0.6221204066153407,0.1953732614484368,15.5
-33.0,151.5,0.9977369165487977,0.7317851528184562,0.31440957499482847,1.6
-33.25,115.75,0.996039603960396,0.9598673248238273,0.5407540314519798,2.8
-33.25,116.0,0.9977369165487977,0.9749380798537258,0.45437755531947754,1.6
-33.25,116.25,0.9906647807637907,0.9685214928776782,0.44389022148492063,6.6
-33.25,116.5,0.9782178217821782,0.9590731632833047,0.4492812728274008,15.4
-33.25,116.75,0.9992927864214993,0.9646558065856047,0.47807136852697935,0.5
-33.25,117.0,0.9833097595473833,0.9552529801396289,0.5097128842444287,11.8
-33.25,117.25,0.9946251768033946,0.9433104453642721,0.5188978777548561,3.8
-33.25,117.5,0.9748231966053749,0.9343601358919782,0.5187550786945152,17.8
-33.25,117.75,0.9454031117397454,0.9358696437944842,0.5376543892751574,38.6
-33.25,118.0,0.9138613861386139,0.925516467822964,0.5593000191205685,60.9
-33.25,118.25,0.8957567185289957,0.9209462602911654,0.5666250468114177,73.7
-33.25,118.5,0.8821782178217822,0.9193241461918312,0.5704102534160799,83.3
-33.25,118.75,0.867043847241867,0.9143613392610427,0.5545744339634626,94.0
-33.25,119.0,0.8578500707213579,0.9049332012915826,0.5364863380899398,100.5
-33.25,119.25,0.8468175388967468,0.9013746549320153,0.5152766483104545,108.3
-33.25,119.5,0.8366336633663366,0.89443654829958,0.5070665082046231,115.5
-33.25,119.75,0.8264497878359265,0.8878684237869543,0.5024903301907858,122.7
-33.25,120.0,0.8164073550212164,0.8714453695212493,0.46075363006735237,129.8
-33.25,120.25,0.8082036775106082,0.8550944664747425,0.40179813543817816,135.6
-33.25,120.5,0.7949080622347949,0.8564262432441754,0.3930464548777807,145.0
-33.25,120.75,0.7775106082036775,0.8626473834595841,0.408094316851729,157.3
-33.25,121.0,0.757001414427157,0.8703328933520523,0.4309932421521254,171.8
-33.25,121.25,0.7338048090523338,0.8807722023309128,0.44962284624566323,188.2
-33.25,121.5,0.7089108910891089,0.884058774722791,0.4958858897672936,205.8
-33.25,121.75,0.7025459688826026,0.8869416067277816,0.5174628439020824,210.3
-33.25,122.0,0.7014144271570014,0.8877979156842017,0.4994111247192133,211.1
-33.25,122.25,0.6967468175388967,0.8929181346928169,0.43761059251323997,214.4
-33.25,122.5,0.6886845827439887,0.9004778955608482,0.431572577617583,220.1
-33.25,122.75,0.6773691654879774,0.8957158603032189,0.39810254088492625,228.1
-33.25,123.0,0.6630834512022631,0.8986214689883752,0.37024856877707696,238.2
-33.25,123.25,0.6463932107496464,0.9080898683678993,0.3596459964231704,250.0
-33.25,123.5,0.6275813295615276,0.9143139993421384,0.3710802524239971,263.3
-33.25,123.75,0.6067892503536068,0.9021705836910915,0.39064664091755696,278.0
-33.25,124.0,0.5844413012729844,0.9121628251682258,0.49555232663492166,293.8
-33.25,134.75,0.9285714285714286,0.45961489191117155,0.6142550286971151,50.5
-33.25,135.0,0.9537482319660537,0.45759863299511994,0.46299043390384154,32.7
-33.25,135.25,0.9865629420084866,0.4592257790100912,0.4006982925625952,9.5
-33.25,135.5,0.9841584158415841,0.45240285048336504,0.39749959361095855,11.2
-33.25,135.75,0.985997171145686,0.4584921800449121,0.4199697671502727,9.9
-33.25,136.0,0.9585572842998585,0.47595541328430235,0.4339004118257207,29.3
-33.25,136.25,0.9442715700141443,0.44144847765708795,0.5051294534566464,39.4
-33.25,136.5,0.9592644978783592,0.3504633470679188,0.5013913737653518,28.8
-33.25,136.75,0.9804809052333805,0.3091857475937817,0.47086011268341543,13.8
-33.25,137.0,0.9984441301272985,0.3004380965479322,0.43058789267497255,1.1
-33.25,137.25,0.9785007072135785,0.31091725019465666,0.4799003569431744,15.2
-33.25,138.0,0.9910891089108911,0.24401250541397457,0.4187523809849532,6.3
-33.25,138.25,0.9888260254596888,0.2778606930204195,0.37485912493941387,7.9
-33.25,138.5,0.9796322489391797,0.27797749375144365,0.4574951521411328,14.4
-33.25,138.75,0.9925035360678925,0.18994428419989384,0.4747874736574012,5.3
-33.25,139.0,0.9654879773691655,0.13483999223796306,0.4334325756717122,24.4
-33.25,139.25,0.9364922206506365,0.14218877227395932,0.39260548622191976,44.9
-33.25,139.5,0.9053748231966053,0.17167149894558797,0.3722462567152346,66.9
-33.25,139.75,0.8872701555869873,0.19221402236596508,0.39471120825730827,79.7
-33.25,140.0,0.8814710042432815,0.21197364048414602,0.43620408623798357,83.8
-33.25,140.25,0.872984441301273,0.2285918567356705,0.48938617939956836,89.8
-33.25,140.5,0.8681753889674682,0.23775118977770182,0.5139206374591314,93.2
-33.25,140.75,0.8876944837340877,0.24284827571263012,0.5155280778072173,79.4
-33.25,141.0,0.9183875530410184,0.25077852962430713,0.512829884726893,57.7
-33.25,141.25,0.9502121640735502,0.25379274991331946,0.4865289732798169,35.2
-33.25,141.5,0.982036775106082,0.2613888620353696,0.4562783945495552,12.7
-33.25,141.75,0.9855728429985856,0.2758002086036775,0.45541458917269606,10.2
-33.25,142.0,0.9670438472418671,0.2859664418347201,0.4790515889842948,23.3
-33.25,142.25,0.9797736916548798,0.2975801115959297,0.48555590889279404,14.3
-33.25,142.5,0.9582743988684583,0.3072703274416775,0.4721352953984395,29.5
-33.25,142.75,0.9312588401697313,0.31560317513781866,0.4422886478250924,48.6
-33.25,143.0,0.9090523338048091,0.3222763717128748,0.43333706469749317,64.3
-33.25,143.25,0.882036775106082,0.3288469512756542,0.4566334581273555,83.4
-33.25,143.5,0.8527581329561528,0.3437352844928776,0.4850569502799233,104.1
-33.25,143.75,0.8223479490806224,0.35553905666611296,0.49110956742712303,125.6
-33.25,144.0,0.7956152758132956,0.36621829984058984,0.4885964651378771,144.5
-33.25,144.25,0.8274398868458275,0.3671268441255794,0.46729282775988973,122.0
-33.25,144.5,0.8589816124469589,0.39037295971649955,0.4903025109770653,99.7
-33.25,144.75,0.8896746817538896,0.4121163120133816,0.5148647391022002,78.0
-33.25,145.0,0.918953323903819,0.4194349602903451,0.5100443198964435,57.3
-33.25,145.25,0.9442715700141443,0.4150608286622177,0.45838414881949446,39.4
-33.25,145.5,0.9578500707213579,0.4240195080381205,0.39783702488943457,29.8
-33.25,145.75,0.9490806223479491,0.4297098290247763,0.36013723486110844,36.0
-33.25,146.0,0.9475247524752475,0.4444738001326416,0.34738927585697155,37.1
-33.25,146.25,0.9789250353606789,0.4555468424567968,0.3471891315306382,14.9
-33.25,146.5,0.9975954738330975,0.4851164102756773,0.3698608838337992,1.7
-33.25,146.75,0.9768033946251768,0.49966349081921957,0.3772116024616894,16.4
-33.25,147.0,0.9804809052333805,0.5042879924722125,0.3697212115248924,13.8
-33.25,147.25,0.9926449787835926,0.4979636317385058,0.3458719955476606,5.2
-33.25,147.5,0.9958981612446959,0.4908658104089403,0.3340082141565308,2.9
-33.25,147.75,0.9769448373408769,0.5022358358226175,0.32982502366958893,16.3
-33.25,148.0,0.9939179632248939,0.4970246598125204,0.33393264025202307,4.3
-33.25,148.25,0.9949080622347949,0.5018686094685253,0.3379904061015414,3.6
-33.25,148.5,0.9963224893917964,0.528738182387409,0.3389522045130363,2.6
-33.25,148.75,0.9923620933521924,0.5600533754291093,0.381228333727954,5.4
-33.25,149.0,0.9958981612446959,0.5442322092623746,0.3245620240804279,2.9
-33.25,149.25,0.9983026874115983,0.5248912592480246,0.2744330586387643,1.2
-33.25,149.5,0.9865629420084866,0.498101988149362,0.23227124925849651,9.5
-33.25,149.75,0.9803394625176803,0.5263785888536734,0.22989504710678285,13.9
-33.25,150.0,0.9981612446958982,0.5207602204977373,0.2681660656110236,1.3
-33.25,150.25,0.9760961810466761,0.5059385734354092,0.24824143843640298,16.9
-33.25,150.5,0.9775106082036775,0.5032472526840236,0.19669655423062993,15.9
-33.25,150.75,0.9916548797736916,0.5422990942361283,0.1580734054927178,5.9
-33.25,151.0,0.9943422913719944,0.5365279104900604,0.16846987012838063,4.0
-33.25,151.25,0.9995756718528995,0.6106735181738729,0.24496017068272044,0.3
-33.25,151.5,0.999009900990099,0.7394360704258744,0.40656325627192247,0.7
-33.5,115.75,0.9936350777934936,0.9649539034207482,0.5109289326758872,4.5
-33.5,116.0,0.995049504950495,0.9707605167072154,0.4315116704337198,3.5
-33.5,116.25,0.9956152758132956,0.9519151994205982,0.44677610023766823,3.1
-33.5,116.5,0.997029702970297,0.9374024410673967,0.46077000521919276,2.1
-33.5,116.75,0.9816124469589816,0.9388210566513888,0.48169404852617004,13.0
-33.5,117.0,0.9910891089108911,0.9414674849140534,0.5054511381570239,6.3
-33.5,117.25,0.9804809052333805,0.9307623638934407,0.5168018260847278,13.8
-33.5,117.5,0.9872701555869873,0.9302136368244078,0.5290289230986799,9.0
-33.5,117.75,0.9595473833097595,0.9286976972166247,0.5384543863585753,28.6
-33.5,118.0,0.9323903818953324,0.9145480448821228,0.5431077338871882,47.8
-33.5,118.25,0.9018387553041018,0.9062261011342363,0.5600359339168627,69.4
-33.5,118.5,0.8702970297029703,0.9033837732230208,0.5652672469425214,91.7
-33.5,118.75,0.8383309759547384,0.8987307041098701,0.5396035319797092,114.3
-33.5,119.0,0.8196605374823196,0.8904758112383053,0.4961628973801694,127.5
-33.5,119.25,0.8097595473833098,0.8856480130196716,0.4752824835377907,134.5
-33.5,119.5,0.7978783592644979,0.8787169993895771,0.46694026235978164,142.9
-33.5,119.75,0.7893917963224893,0.8709206960333689,0.4630233453802768,148.9
-33.5,120.0,0.7782178217821782,0.8596554993640219,0.419552603710227,156.8
-33.5,120.25,0.7705799151343706,0.8456819831258993,0.40139815301374465,162.2
-33.5,120.5,0.7594059405940594,0.8419113788860726,0.3980461948900107,170.1
-33.5,120.75,0.7444130127298445,0.8455368675237714,0.423777360650512,180.7
-33.5,121.0,0.7264497878359264,0.8500484071446996,0.4483910834706571,193.4
-33.5,121.25,0.7057991513437059,0.8618854366364761,0.4741283254439968,208.0
-33.5,121.5,0.6830268741159831,0.8672066098380676,0.5064742466842679,224.1
-33.5,121.75,0.6630834512022631,0.8678232712876699,0.5258340278240455,238.2
-33.5,122.0,0.6620933521923621,0.8776384115007017,0.5032147050178697,238.9
-33.5,122.25,0.657991513437058,0.8898516165316102,0.4362235881412581,241.8
-33.5,122.5,0.6507779349363507,0.9011615577905397,0.4264820651101115,246.9
-33.5,122.75,0.6407355021216408,0.9101115065142413,0.40794373314735366,254.0
-33.5,123.0,0.6278642149929279,0.909899301565812,0.3820069915386979,263.1
-33.5,123.25,0.6127298444130127,0.9120122424329091,0.3776595660150885,273.8
-33.5,123.5,0.5954738330975955,0.9075644820657358,0.3946876770351753,286.0
-33.5,123.75,0.5763790664780764,0.8928284597626349,0.44554831842969406,299.5
-33.5,135.0,0.9561527581329562,0.43922744623941423,0.5146924937796423,31.0
-33.5,135.25,0.9882602545968883,0.43904291460634615,0.4226499249993869,8.3
-33.5,135.5,0.9932107496463932,0.45133502065826125,0.391219819583799,4.8
-33.5,135.75,0.9922206506364922,0.4623710354241999,0.4082811483085543,5.5
-33.5,136.0,0.9933521923620934,0.47316534883999706,0.4347097730461654,4.7
-33.5,136.25,0.9786421499292787,0.4263059812272345,0.4834333765391285,15.1
-33.5,136.5,0.9885431400282886,0.3345393979721656,0.4701887959270587,8.1
-33.5,136.75,0.9895332390381896,0.26467570236801097,0.4297052462031317,7.4
-33.5,137.0,0.9681753889674681,0.25975877162097116,0.4132179825947673,22.5
-33.5,137.25,0.9472418670438473,0.2805175977441222,0.5391416592176111,37.3
-33.5,138.0,0.9875530410183876,0.2630863720108635,0.4370947107611641,8.8
-33.5,138.25,0.9992927864214993,0.31463764052378607,0.38632302060976287,0.5
-33.5,138.5,0.9818953323903818,0.323648168121209,0.470008379145856,12.8
-33.5,138.75,0.9922206506364922,0.18852244816457453,0.4839233578295826,5.5
-33.5,139.0,0.9807637906647808,0.12840843621055287,0.4405568626970369,13.6
-33.5,139.25,0.9483734087694484,0.13787120900366923,0.3741481435682154,36.5
-33.5,139.5,0.9323903818953324,0.18086518081443603,0.3495313262311871,47.8
-33.5,139.75,0.924893917963225,0.20535276870139607,0.3824006237566106,53.1
-33.5,140.0,0.91994342291372,0.21716782764145082,0.4321239496101635,56.6
-33.5,140.25,0.9124469589816124,0.2299681353555113,0.4803820700713312,61.9
-33.5,140.5,0.9055162659123055,0.22967437584404815,0.5120410569153505,66.8
-33.5,140.75,0.8960396039603961,0.23501797013320347,0.5239515622879621,73.5
-33.5,141.0,0.9135785007072136,0.2425269307218667,0.5247726891194733,61.1
-33.5,141.25,0.9462517680339463,0.24640722251629987,0.52956875512205,38.0
-33.5,141.5,0.9787835926449788,0.24939714578867334,0.5117965578470242,15.0
-33.5,141.75,0.9905233380480906,0.2569737429371105,0.494952506112388,6.7
-33.5,142.0,0.977086280056577,0.2606984142952655,0.48575822905131094,16.2
-33.5,142.25,0.9926449787835926,0.27300868744040785,0.4943667076194816,5.2
-33.5,142.5,0.9814710042432815,0.28619671027354354,0.4967959839591977,13.1
-33.5,142.75,0.9584158415841584,0.2924545054624049,0.47670333418818284,29.4
-33.5,143.0,0.9277227722772277,0.3000462478656528,0.4631669664216648,51.1
-33.5,143.25,0.8958981612446959,0.3091928220544954,0.47008211568096436,73.6
-33.5,143.5,0.8636492220650637,0.3199634498864483,0.4940958084539951,96.4
-33.5,143.75,0.8312588401697313,0.33093576754119924,0.5219476208469362,119.3
-33.5,144.0,0.806930693069307,0.3426676744339754,0.5317517272585912,136.5
-33.5,144.25,0.8339462517680339,0.34473520374227495,0.5142743633030706,117.4
-33.5,144.5,0.8663366336633663,0.358030491720991,0.5078338194534617,94.5
-33.5,144.75,0.8985855728429986,0.3784387397048593,0.5184468519191248,71.7
-33.5,145.0,0.930975954738331,0.39379462065694526,0.4975949656542633,48.8
-33.5,145.25,0.9633663366336633,0.4030095322594074,0.4531561076007488,25.9
-33.5,145.5,0.9953323903818954,0.41653578845606587,0.40616349948934505,3.3
-33.5,145.75,0.9711456859971711,0.43620083613891847,0.3977522963724806,20.4
-33.5,146.0,0.9398868458274399,0.45228558425492904,0.39035113067248356,42.5
-33.5,146.25,0.9640735502121641,0.4625575713671367,0.38118746031745465,25.4
-33.5,146.5,0.9683168316831683,0.48114416968398765,0.39679945916612674,22.4
-33.5,146.75,0.9581329561527582,0.4955004173539985,0.40369265669628585,29.6
-33.5,147.0,0.9446958981612447,0.5067044377958292,0.39210440012869185,39.1
-33.5,147.25,0.9711456859971711,0.5036480281719287,0.36212123923242295,20.4
-33.5,147.5,0.9736916548797737,0.5015650952847075,0.3354616055860233,18.6
-33.5,147.75,0.9855728429985856,0.5040124617764625,0.3240065744171628,10.2
-33.5,148.0,0.9862800565770863,0.4960641489754668,0.31392115708009133,9.7
-33.5,148.25,0.9994342291371995,0.4831156564587644,0.28150235352030994,0.4
-33.5,148.5,0.9809052333804809,0.4889016477445115,0.25904401006116407,13.5
-33.5,148.75,0.9833097595473833,0.5274762203929162,0.3250089077763729,11.8
-33.5,149.0,0.9946251768033946,0.5187175037118925,0.3664397664811801,3.8
-33.5,149.25,0.9973125884016973,0.4797227864592123,0.3154205633309465,1.9
-33.5,149.5,0.9933521923620934,0.4761078285378375,0.2846234316734588,4.7
-33.5,149.75,0.9987270155586987,0.49138107717996715,0.2832830706965816,0.9
-33.5,150.0,0.9985855728429985,0.4750529144667014,0.290266734493749,1.0
-33.5,150.25,0.9975954738330975,0.4687155765070393,0.2270748301341514,1.7
-33.5,150.5,0.999009900990099,0.4761255031969023,0.17735604935227073,0.7
-33.5,150.75,0.9949080622347949,0.5702479864388328,0.12600876294331245,3.6
-33.5,151.0,0.9975954738330975,0.5981440858998455,0.18510684710824699,1.7
-33.5,151.25,0.9939179632248939,0.6902006112400916,0.3247140261050414,4.3
-33.75,115.0,0.9748231966053749,0.9170990796173568,0.823544361580553,17.8
-33.75,115.25,0.9974540311173975,0.9181913931205589,0.6113449579139418,1.8
-33.75,115.5,0.9919377652050919,0.952972368391728,0.4888395136514145,5.7
-33.75,115.75,0.9763790664780764,0.9612692452945056,0.4134049913416223,16.7
-33.75,116.0,0.9677510608203678,0.9465432984054561,0.42091132226382305,22.8
-33.75,116.25,0.9926449787835926,0.9243647066726038,0.43486280657640664,5.2
-33.75,116.5,0.9797736916548798,0.9225484760279921,0.46801563921125644,14.3
-33.75,116.75,0.9876944837340877,0.9242713397274608,0.5042648099814647,8.7
-33.75,117.0,0.9984441301272985,0.9239335418530497,0.524929719734022,1.1
-33.75,117.25,0.9995756718528995,0.9156101891571812,0.5369769479541361,0.3
-33.75,117.5,0.9927864214992927,0.9100680619203272,0.545742553840508,5.1
-33.75,117.75,0.9702970297029703,0.9035443574420037,0.5395285866489434,21.0
-33.75,118.0,0.9383309759547384,0.8926395660709628,0.5266274974109127,43.6
-33.75,118.25,0.9057991513437058,0.8849537993250067,0.5397483134649286,66.6
-33.75,118.5,0.8734087694483734,0.882095299546229,0.5424733256915744,89.5
-33.75,118.75,0.8408769448373409,0.8781129703194687,0.5265402707162666,112.5
-33.75,119.0,0.8083451202263083,0.8637477415424903,0.48713943120413666,135.5
-33.75,119.25,0.7756718528995756,0.8506240718939364,0.43426416261497963,158.6
-33.75,119.5,0.7615275813295616,0.8469138518639151,0.43105921016047477,168.6
-33.75,119.75,0.7519094766619518,0.8296918634212553,0.4288453895587538,175.4
-33.75,120.0,0.7411598302687412,0.8167721610872125,0.40795772294242993,183.0
-33.75,120.25,0.7323903818953323,0.805051140879671,0.4244681309583169,189.2
-33.75,120.5,0.7227722772277227,0.8067917575721911,0.4645396586530617,196.0
-33.75,120.75,0.7097595473833098,0.8080434006110461,0.4912285935061995,205.2
-33.75,121.0,0.6937765205091937,0.8110715792290054,0.5371096414827801,216.5
-33.75,121.25,0.6752475247524752,0.8160655084059453,0.6052231331860306,229.6
-33.75,121.5,0.6545968882602546,0.8107207449661753,0.6431553826779343,244.2
-33.75,121.75,0.632107496463932,0.8084238264760666,0.6366319960325972,260.1
-33.75,122.0,0.6227722772277228,0.812923718393178,0.6052597194012647,266.7
-33.75,122.25,0.619094766619519,0.8517518813431009,0.47032535760180694,269.3
-33.75,122.5,0.6125884016973127,0.8841168890465309,0.4343399138095172,273.9
-33.75,122.75,0.6035360678925035,0.8906851408424772,0.4242469858220937,280.3
-33.75,123.0,0.5919377652050919,0.8971075614611985,0.43713996807058136,288.5
-33.75,123.25,0.578076379066478,0.8953081706765584,0.43834031827576764,298.3
-33.75,123.5,0.5622347949080622,0.8830864306965666,0.4892983402484557,309.5
-33.75,135.25,0.9602545968882602,0.4174600454008265,0.47206671639146985,28.1
-33.75,135.5,0.9694483734087694,0.4242454958197337,0.43222664888922585,21.6
-33.75,135.75,0.9763790664780764,0.43251781013394053,0.40649728826357306,16.7
-33.75,136.0,0.985997171145686,0.4165270420269831,0.41991247023610656,9.9
-33.75,136.25,0.9896746817538897,0.36455152521650347,0.4429402692708694,7.3
-33.75,136.5,0.9920792079207921,0.2881969730110052,0.47111117148284326,5.6
-33.75,136.75,0.9797736916548798,0.24064640811023164,0.44232852196451494,14.3
-33.75,137.75,0.9640735502121641,0.25002152362963637,0.5839228159667826,25.4
-33.75,138.0,0.9861386138613861,0.25816829863342294,0.4643224944838705,9.8
-33.75,138.25,0.985997171145686,0.29417848778490474,0.39512896803654485,9.9
-33.75,138.5,0.997029702970297,0.31090678379454006,0.46738216581761766,2.1
-33.75,138.75,0.981046676096181,0.18678421837326808,0.4914869050795723,13.4
-33.75,139.0,0.9946251768033946,0.12470314912333624,0.45906771470518065,3.8
-33.75,139.25,0.9718528995756719,0.13794821871833662,0.38557606547979667,19.9
-33.75,139.5,0.9717114568599717,0.1911252042221805,0.352206004206654,20.0
-33.75,139.75,0.9625176803394625,0.2080807035994109,0.39601541818538805,26.5
-33.75,140.0,0.9578500707213579,0.2217617225799443,0.4452370938410729,29.8
-33.75,140.25,0.9517680339462518,0.21774578978772552,0.4880416440483539,34.1
-33.75,140.5,0.9408769448373409,0.21746350583627116,0.514946824385983,41.8
-33.75,140.75,0.9355021216407355,0.22158710688940286,0.5329521741674301,45.6
-33.75,141.0,0.9284299858557284,0.22554536980763318,0.5652684879727298,50.6
-33.75,141.25,0.9333804809052334,0.22726582601787193,0.5652833319834041,47.1
-33.75,141.5,0.9601131541725602,0.22509268294125584,0.5764634991370214,28.2
-33.75,141.75,0.9857142857142858,0.22436705125439693,0.5512205578839521,10.1
-33.75,142.0,0.9895332390381896,0.22657459595337504,0.5112511492463541,7.4
-33.75,142.25,0.9974540311173975,0.2426568535329734,0.5047895240004782,1.8
-33.75,142.5,0.9848656294200848,0.25410236534582786,0.5045487319055015,10.7
-33.75,142.75,0.9575671852899575,0.2615752724215128,0.5108605470762229,30.0
-33.75,143.0,0.9272984441301273,0.27013102861143357,0.4934145795732468,51.4
-33.75,143.25,0.8956152758132956,0.27980572614455346,0.5012203211211759,73.8
-33.75,143.5,0.8695898161244696,0.28639274920572977,0.5140792959184988,92.2
-33.75,143.75,0.8568599717114569,0.29706133276973634,0.5339296063360955,101.2
-33.75,144.0,0.8386138613861386,0.31294314017015645,0.5431879495670208,114.1
-33.75,144.25,0.8579915134370579,0.3227911198429295,0.5318398887552125,100.4
-33.75,144.5,0.8742574257425743,0.334496747975362,0.5170806065979012,88.9
-33.75,144.75,0.9033946251768034,0.35067864332134624,0.4969089177081604,68.3
-33.75,145.0,0.9357850070721357,0.36713105693602055,0.47392906756781233,45.4
-33.75,145.25,0.9681753889674681,0.3836956602940136,0.4357602648243709,22.5
-33.75,145.5,0.9994342291371995,0.4073625194636591,0.414872146924335,0.4
-33.75,145.75,0.9670438472418671,0.4265172689457344,0.4035098384410435,23.3
-33.75,146.0,0.9345120226308345,0.43197568852453716,0.40196691554651787,46.3
-33.75,146.25,0.9492220650636493,0.4385820740262557,0.384237993156031,35.9
-33.75,146.5,0.9817538896746818,0.45412399910493606,0.40286869322429836,12.9
-33.75,146.75,0.9916548797736916,0.4697574063143066,0.4259170579025143,5.9
-33.75,147.0,0.9821782178217822,0.47666178285563543,0.40995524970783326,12.6
-33.75,147.25,0.9858557284299858,0.4980400715286296,0.3797520718846214,10.0
-33.75,147.5,0.9818953323903818,0.5050773843418395,0.34473629173423814,12.8
-33.75,147.75,0.9509193776520509,0.508561227071453,0.3281209119034527,34.7
-33.75,148.0,0.9681753889674681,0.5195096286069595,0.3138146702413021,22.5
-33.75,148.25,0.9755304101838755,0.5072625496875709,0.2786876164213259,17.3
-33.75,148.5,0.9933521923620934,0.48759723398757027,0.22738373383511004,4.7
-33.75,148.75,0.9922206506364922,0.47985185501480354,0.2529314688839026,5.5
-33.75,149.0,0.9777934936350778,0.4746813260120918,0.2803749339864603,15.7
-33.75,149.25,0.9837340876944838,0.463669977187954,0.315416791888495,11.5
-33.75,149.5,0.9673267326732673,0.4490226528795218,0.30124466207522665,23.1
-33.75,149.75,0.9956152758132956,0.4353686580223496,0.3190405356278643,3.1
-33.75,150.0,0.9806223479490807,0.43871428767764287,0.21645054781023584,13.7
-33.75,150.25,0.996039603960396,0.45437979183329213,0.1684720620778396,2.8
-33.75,150.5,0.9954738330975955,0.5483346587170527,0.10734266933819318,3.2
-33.75,150.75,0.9997171145685997,0.6621211211318873,0.09614511970302077,0.2
-33.75,151.0,0.9995756718528995,0.6818627653784277,0.19157269508028643,0.3
-33.75,151.25,0.999009900990099,0.7646262005530998,0.440117828114228,0.7
-34.0,115.0,0.9868458274398868,0.9045070551042501,0.7346122657862113,9.3
-34.0,115.25,0.9782178217821782,0.9043154895251522,0.49370676965958094,15.4
-34.0,115.5,0.9670438472418671,0.9231770782371274,0.3888719516022975,23.3
-34.0,115.75,0.9582743988684583,0.9143270029344139,0.40485896721575654,29.5
-34.0,116.0,0.9783592644978784,0.9008194163210115,0.41304847720903304,15.3
-34.0,116.25,0.998019801980198,0.8937360017994554,0.4203564850570244,1.4
-34.0,116.5,0.9663366336633663,0.8946180000371043,0.44591155346613914,23.8
-34.0,116.75,0.9527581329561527,0.8993235210062747,0.48772102308815496,33.4
-34.0,117.0,0.9789250353606789,0.8949613940169201,0.5233241651071617,14.9
-34.0,117.25,0.9973125884016973,0.8861647846406658,0.533917502262245,1.9
-34.0,117.5,0.978076379066478,0.8724802082019204,0.5236711700472453,15.5
-34.0,117.75,0.9536067892503536,0.8649714474477667,0.5096583595016372,32.8
-34.0,118.0,0.9264497878359265,0.8578660548842612,0.49974128710646876,52.0
-34.0,118.25,0.8967468175388967,0.8580761907193789,0.493437449987087,73.0
-34.0,118.5,0.8687411598302688,0.8553405977763828,0.4965833487444034,92.8
-34.0,118.75,0.8405940594059406,0.8469110315910279,0.4924675607033245,112.7
-34.0,119.0,0.8123055162659123,0.83014490283417,0.46575712540475833,132.7
-34.0,119.25,0.7831683168316832,0.8155467693977031,0.42403132055951787,153.3
-34.0,119.5,0.7534653465346535,0.7793640321707773,0.4941686585389546,174.3
-34.0,119.75,0.7231966053748232,0.7681240300976652,0.5064703301863375,195.7
-34.0,135.25,0.9222065063649222,0.3887401524657974,0.5731507865789681,55.0
-34.0,135.5,0.9332390381895332,0.40637407461358044,0.4788110386484496,47.2
-34.0,135.75,0.9497878359264498,0.41369442654775423,0.4482673350298786,35.5
-34.0,136.0,0.9789250353606789,0.35569313295203764,0.4322812219838437,14.9
-34.0,136.25,0.9917963224893918,0.3012962597513078,0.44137452431432983,5.8
-34.0,137.75,0.9981612446958982,0.2478093287169859,0.5614116723133165,1.3
-34.0,138.0,0.9882602545968883,0.2340071085056994,0.48612866850987474,8.3
-34.0,138.25,0.9814710042432815,0.26021703633560433,0.41630564963594247,13.1
-34.0,138.5,0.9947666195190947,0.2891476087760245,0.46388207381537433,3.7
-34.0,138.75,0.9936350777934936,0.21545508841118688,0.5090052552665204,4.5
-34.0,139.0,0.9963224893917964,0.1293401957303314,0.46861315496340306,2.6
-34.0,139.25,0.9937765205091937,0.13382568752537172,0.3902282203300276,4.4
-34.0,139.5,0.9973125884016973,0.1936449139752452,0.3551546436299397,1.9
-34.0,139.75,0.9998585572842998,0.2148134271587271,0.3934825883510115,0.1
-34.0,140.0,0.9946251768033946,0.2166023433404234,0.43713126474184727,3.8
-34.0,140.25,0.9909476661951909,0.2119236640332094,0.47686858461320264,6.4
-34.0,140.5,0.9756718528995757,0.20459001601943816,0.5049341926647694,17.2
-34.0,140.75,0.9748231966053749,0.20465517964709534,0.5321400730101618,17.8
-34.0,141.0,0.9613861386138614,0.20502469331090634,0.5626631303989025,27.3
-34.0,141.25,0.9565770862800566,0.20488067511474028,0.5889426703387536,30.7
-34.0,141.5,0.9554455445544554,0.2009067102654678,0.5935014094605718,31.5
-34.0,141.75,0.9698727015558699,0.19885163920066484,0.568311542395505,21.3
-34.0,142.0,0.9968882602545969,0.19895598113552404,0.5000421160524353,2.2
-34.0,142.25,0.9906647807637907,0.20880486371378415,0.48873749129792027,6.6
-34.0,142.5,0.9657708628005658,0.2176700426886381,0.5063853276757012,24.2
-34.0,142.75,0.94002828854314,0.22439393699277044,0.5144551507816083,42.4
-34.0,143.0,0.9202263083451202,0.237413432814222,0.4963138678991551,56.4
-34.0,143.25,0.9145685997171146,0.2525995268810427,0.5026310984744221,60.4
-34.0,143.5,0.9067892503536068,0.2599595435300255,0.5121481239760554,65.9
-34.0,143.75,0.8896746817538896,0.27320968317112215,0.5095875724279332,78.0
-34.0,144.0,0.8728429985855728,0.28866391581257267,0.5196668974348908,89.9
-34.0,144.25,0.887977369165488,0.3006760863981862,0.512598859700829,79.2
-34.0,144.5,0.9087694483734088,0.31315330859051616,0.4917157703907283,64.5
-34.0,144.75,0.9227722772277228,0.32999746704874156,0.4668579353168672,54.6
-34.0,145.0,0.9411598302687412,0.35325929301771053,0.4659047596477293,41.6
-34.0,145.25,0.9735502121640736,0.37136598025897305,0.43846611361052623,18.7
-34.0,145.5,0.9973125884016973,0.39114529651311736,0.4120761219821292,1.9
-34.0,145.75,0.9698727015558699,0.4017296413952982,0.3902833091774593,21.3
-34.0,146.0,0.9485148514851485,0.4068314411074886,0.384255093585266,36.4
-34.0,146.25,0.9513437057991514,0.41193597435060836,0.3657151337776893,34.4
-34.0,146.5,0.9603960396039604,0.4331195907358445,0.392824471643235,28.0
-34.0,146.75,0.9727015558698727,0.44818343683366735,0.41318747259237165,19.3
-34.0,147.0,0.9787835926449788,0.46738565894523687,0.4281574236568743,15.0
-34.0,147.25,0.9937765205091937,0.48603332690972056,0.3981780342030568,4.4
-34.0,147.5,0.9779349363507779,0.5066209940351885,0.3572910046059272,15.6
-34.0,147.75,0.9544554455445544,0.5143549090775692,0.3383429231498232,32.2
-34.0,148.0,0.9727015558698727,0.533245371898025,0.32480562058133,19.3
-34.0,148.25,0.9864214992927864,0.5273832250351784,0.32067070133431147,9.6
-34.0,148.5,0.9895332390381896,0.5049707527068591,0.26664959116548437,7.4
-34.0,148.75,0.9978783592644979,0.4769883408594622,0.24714066075884494,1.5
-34.0,149.0,0.9913719943422914,0.4661945606741811,0.23060781749555453,6.1
-34.0,149.25,0.9602545968882602,0.45587429629993237,0.25722628762049704,28.1
-34.0,149.5,0.9685997171145686,0.406671197429322,0.3176819621297472,22.2
-34.0,149.75,0.9968882602545969,0.3874080934088331,0.34767073183786695,2.2
-34.0,150.0,0.9738330975954739,0.4284642882433438,0.22060804736013676,18.5
-34.0,150.25,0.9729844413012729,0.5408861239770308,0.13430387332522933,19.1
-34.0,150.5,0.9917963224893918,0.6653783956984561,0.08973884923962126,5.8
-34.0,150.75,0.9995756718528995,0.7328877033475958,0.11889844959578856,0.3
-34.0,151.0,0.9991513437057992,0.7590683781525818,0.23998065785115952,0.6
-34.25,115.25,0.9908062234794908,0.8675578871914446,0.6042656058525256,6.5
-34.25,115.5,0.9983026874115983,0.8606243379401397,0.47566779924157965,1.2
-34.25,115.75,0.9949080622347949,0.8550283833564953,0.4497084289782152,3.6
-34.25,116.0,0.9927864214992927,0.8563334214140221,0.4045223256837768,5.1
-34.25,116.25,0.9906647807637907,0.8510991582983083,0.4033588195702315,6.6
-34.25,116.5,0.9612446958981613,0.8549665241076713,0.40930936601211065,27.4
-34.25,116.75,0.9301272984441301,0.8607194446594204,0.4447396341348176,49.4
-34.25,117.0,0.9538896746817539,0.8566327819386291,0.48623712165626687,32.6
-34.25,117.25,0.978076379066478,0.8521060703938383,0.5033660139996395,15.5
-34.25,117.5,0.9991513437057992,0.8403025039886836,0.49490618506279216,0.6
-34.25,117.75,0.9724186704384724,0.8341251868088881,0.4715358778077917,19.5
-34.25,118.0,0.9446958981612447,0.8277708263259344,0.4511456870149987,39.1
-34.25,118.25,0.9165487977369166,0.8264036384917346,0.43979553095738405,59.0
-34.25,118.5,0.8881188118811881,0.820467633447703,0.4580301812164237,79.1
-34.25,118.75,0.8584158415841584,0.8118867399258985,0.46232604757592133,100.1
-34.25,119.0,0.8281471004243282,0.7936024846045672,0.4535150876764794,121.5
-34.25,119.25,0.7973125884016973,0.7658542056827689,0.4550427152766186,143.3
-34.25,119.5,0.7661951909476662,0.7456064967664591,0.547068892787758,165.3
-34.25,135.5,0.9397454031117397,0.3736472804922395,0.5453107075625424,42.6
-34.25,135.75,0.9683168316831683,0.3617950347378902,0.4920307503045254,22.4
-34.25,136.0,0.997029702970297,0.30899150959179,0.47129405420718734,2.1
-34.25,136.25,0.9745403111739745,0.2723524228322327,0.5034827353083289,18.0
-34.25,137.5,0.9510608203677511,0.25200093947308033,0.6534285340392553,34.6
-34.25,137.75,0.9753889674681754,0.22804434550311758,0.5620693860892073,17.4
-34.25,138.0,0.9968882602545969,0.2056156547089888,0.5290716661131295,2.2
-34.25,138.25,0.9827439886845828,0.21652108953339244,0.45676154211522557,12.2
-34.25,138.5,0.9963224893917964,0.26625143563007325,0.46222628164098783,2.6
-34.25,138.75,0.9867043847241868,0.2344622306048042,0.4835704217321396,9.4
-34.25,139.0,0.9824611032531825,0.13555201086526292,0.45299643375302895,12.4
-34.25,139.25,0.9929278642149929,0.13290128128828815,0.3789547341516501,5.0
-34.25,139.5,0.9851485148514851,0.19371967731920792,0.35444404907335153,10.5
-34.25,139.75,0.9828854314002828,0.23099521816274038,0.38054154438718124,12.1
-34.25,140.0,0.9926449787835926,0.22099133578792196,0.42365195213036383,5.2
-34.25,140.25,0.9926449787835926,0.20756040341481352,0.4605655253457678,5.2
-34.25,140.5,0.9957567185289957,0.19604085729343013,0.48172704058898247,3.0
-34.25,140.75,0.9963224893917964,0.1906892881180604,0.5095724866581274,2.6
-34.25,141.0,0.996039603960396,0.1865059459936086,0.550401107249086,2.8
-34.25,141.25,0.996039603960396,0.17958891796810017,0.5595344287744735,2.8
-34.25,141.5,0.9895332390381896,0.17887966802457667,0.5595658896961196,7.4
-34.25,141.75,0.9855728429985856,0.17822559357108325,0.536484484603265,10.2
-34.25,142.0,0.987977369165488,0.1798592328458829,0.4833609938551566,8.5
-34.25,142.25,0.9975954738330975,0.18011853159835645,0.46728638084971635,1.7
-34.25,142.5,0.9898161244695898,0.1860148396369249,0.47489091433113345,7.2
-34.25,142.75,0.9640735502121641,0.195581152393825,0.4829406069600243,25.4
-34.25,143.0,0.9591230551626592,0.21259323145634546,0.4666815478545229,28.9
-34.25,143.25,0.9536067892503536,0.22910975316969273,0.4658712840666539,32.8
-34.25,143.5,0.9407355021216407,0.246168273049718,0.4578309716920655,41.9
-34.25,143.75,0.91994342291372,0.25927232077998064,0.45181790633877966,56.6
-34.25,144.0,0.9120226308345121,0.27263864206030197,0.4722330466739438,62.2
-34.25,144.25,0.9103253182461103,0.2856492436891723,0.4817655608772686,63.4
-34.25,144.5,0.9381895332390382,0.29886704043650325,0.46838343543664923,43.7
-34.25,144.75,0.9592644978783592,0.31748526465216,0.4651212988889062,28.8
-34.25,145.0,0.9636492220650636,0.34143849173898044,0.4589949613238738,25.7
-34.25,145.25,0.9684582743988684,0.36240815360639134,0.4414995621371431,22.3
-34.25,145.5,0.9991513437057992,0.3816660732121526,0.4091259353004018,0.6
-34.25,145.75,0.9794908062234795,0.39083314191591867,0.3868242195239188,14.5
-34.25,146.0,0.9824611032531825,0.3924774488092615,0.36498518237330557,12.4
-34.25,146.25,0.987977369165488,0.40093722648418995,0.3554538930829137,8.5
-34.25,146.5,0.9605374823196605,0.42459059181560443,0.38173997663659087,27.9
-34.25,146.75,0.978076379066478,0.44176507042756863,0.41203260533845865,15.5
-34.25,147.0,0.9868458274398868,0.45803538027636204,0.42854710714230576,9.3
-34.25,147.25,0.9837340876944838,0.4861052183928082,0.42447143499978085,11.5
-34.25,147.5,0.9946251768033946,0.5120655156646138,0.38205714849984695,3.8
-34.25,147.75,0.9687411598302688,0.5322689292345351,0.36559462490927297,22.1
-34.25,148.0,0.9637906647807638,0.5391178862917816,0.37338263745422523,25.6
-34.25,148.25,0.9916548797736916,0.5292973979632891,0.38323996310936165,5.9
-34.25,148.5,0.9896746817538897,0.5106141074019463,0.34668906082576256,7.3
-34.25,148.75,0.9973125884016973,0.4957642315005407,0.3007973270955695,1.9
-34.25,149.0,0.9707213578500707,0.47775249712335277,0.2792519950551812,20.7
-34.25,149.25,0.9575671852899575,0.44049167799079203,0.32131108903911126,30.0
-34.25,149.5,0.9684582743988684,0.38857998163312724,0.3796071131093724,22.3
-34.25,149.75,0.9867043847241868,0.3752609245775007,0.3950647890457687,9.4
-34.25,150.0,0.9876944837340877,0.45392675776880465,0.26476631976562925,8.7
-34.25,150.25,0.9725601131541726,0.5567796830766971,0.19259162923319312,19.4
-34.25,150.5,0.9983026874115983,0.6802392881924673,0.1590698318704816,1.2
-34.25,150.75,0.9987270155586987,0.7566858730424111,0.2011583318234401,0.9
-34.25,151.0,0.9933521923620934,0.8160706277540947,0.3531746202256572,4.7
-34.5,115.75,0.9681753889674681,0.8227004622872504,0.5399749223575238,22.5
-34.5,116.0,0.9704384724186704,0.8216865066565588,0.43370909976632493,20.9
-34.5,116.25,0.9727015558698727,0.8165893234385369,0.41835339783159653,19.3
-34.5,116.5,0.9510608203677511,0.8219608014625084,0.3845158711017802,34.6
-34.5,116.75,0.9214992927864215,0.8229408622698816,0.41331985989278247,55.5
-34.5,117.0,0.9291371994342291,0.8254217241742969,0.444610454172218,50.1
-34.5,117.25,0.9606789250353607,0.8241947544888386,0.4620151775673597,27.8
-34.5,117.5,0.9916548797736916,0.8199134102635353,0.4604214207861168,5.9
-34.5,117.75,0.9923620933521924,0.8123548440407502,0.4664805331953161,5.4
-34.5,118.0,0.9632248939179632,0.8015088869389925,0.42200629772222503,26.0
-34.5,118.25,0.9326732673267326,0.7990311087740862,0.4088433994620524,47.6
-34.5,118.5,0.9015558698727015,0.7724699909213761,0.4784886931397793,69.6
-34.5,118.75,0.8705799151343706,0.762072981852619,0.5171094726382027,91.5
-34.5,135.5,0.9565770862800566,0.34151555601728234,0.6161197007611199,30.7
-34.5,135.75,0.9868458274398868,0.3155581790984986,0.5288115171703572,9.3
-34.5,136.0,0.9845827439886846,0.2770411128735668,0.5248548711069088,10.9
-34.5,137.5,0.963932107496464,0.23726822020758087,0.6538154775878632,25.5
-34.5,137.75,0.996039603960396,0.2085528647778444,0.6085494970763762,2.8
-34.5,138.5,0.9865629420084866,0.20326417777847194,0.44964858553453063,9.5
-34.5,138.75,0.9978783592644979,0.21727238052484343,0.42898180617802306,1.5
-34.5,139.0,0.9995756718528995,0.1355225016645628,0.4355175064217914,0.3
-34.5,139.25,0.9998585572842998,0.13454969428441188,0.3658333539929942,0.1
-34.5,139.5,0.9994342291371995,0.19035334752241717,0.36606039805202606,0.4
-34.5,139.75,0.9779349363507779,0.22452286118961418,0.3961931917334197,15.6
-34.5,140.0,0.9531824611032532,0.21390715752937484,0.4412193794210069,33.1
-34.5,140.25,0.9628005657708628,0.19678757920672918,0.4615996419721328,26.3
-34.5,140.5,0.9937765205091937,0.18894929041511832,0.46506069793327626,4.4
-34.5,140.75,0.9777934936350778,0.18209737937745762,0.4853164706489538,15.7
-34.5,141.0,0.9644978783592645,0.17282907341795328,0.5092279960130115,25.1
-34.5,141.25,0.9660537482319661,0.15583019850113566,0.4935690958928279,24.0
-34.5,141.5,0.9752475247524752,0.14958071664714112,0.4827484406850304,17.5
-34.5,141.75,0.9749646393210749,0.1568567619439808,0.5012600985569458,17.7
-34.5,142.0,0.9749646393210749,0.16777112949160455,0.4798829502857062,17.7
-34.5,142.25,0.9984441301272985,0.16244137584787854,0.46380145520365595,1.1
-34.5,142.5,0.995049504950495,0.1686846816250449,0.4530391445329278,3.5
-34.5,142.75,0.9988684582743989,0.1776603604914807,0.44610247871092457,0.8
-34.5,143.0,0.9977369165487977,0.19624005349921003,0.4309095773753501,1.6
-34.5,143.25,0.9917963224893918,0.21191433697444373,0.4274847530493812,5.8
-34.5,143.5,0.9708628005657709,0.22779423585127923,0.4119637362205313,20.6
-34.5,143.75,0.9523338048090524,0.24595962384982362,0.4152862964338745,33.7
-34.5,144.0,0.9507779349363508,0.25977557251151184,0.43648455906507755,34.8
-34.5,144.25,0.9437057991513437,0.2733753281099247,0.4698751376298472,39.8
-34.5,144.5,0.9510608203677511,0.28877043902796873,0.4822606029922089,34.6
-34.5,144.75,0.9833097595473833,0.3035374008709347,0.4744762813033309,11.8
-34.5,145.0,0.9954738330975955,0.3263601911427636,0.4556354441979615,3.2
-34.5,145.25,0.9852899575671853,0.3503614396682121,0.4394954111715366,10.4
-34.5,145.5,0.9817538896746818,0.37317211244573445,0.41488881218713325,12.9
-34.5,145.75,0.9902404526166902,0.39261482471922016,0.39485007470244343,6.9
-34.5,146.0,0.9946251768033946,0.39315533858968643,0.3682107971749163,3.8
-34.5,146.25,0.9926449787835926,0.4035781137246153,0.37007155274099074,5.2
-34.5,146.5,0.9792079207920792,0.41709852983080353,0.3847571467150199,14.7
-34.5,146.75,0.9681753889674681,0.43288418787714755,0.41094485041945095,22.5
-34.5,147.0,0.9739745403111739,0.45089680960591794,0.4329264932230999,18.4
-34.5,147.25,0.9772277227722772,0.4772597595775231,0.4321312507359349,16.1
-34.5,147.5,0.9975954738330975,0.5094225311851734,0.41295494865969234,1.7
-34.5,147.75,0.9751060820367751,0.5314076406786509,0.3797293948780865,17.6
-34.5,148.0,0.9838755304101838,0.5390252957152442,0.38730348282620974,11.4
-34.5,148.25,0.996039603960396,0.5223633026970832,0.3979533593835137,2.8
-34.5,148.5,0.9966053748231966,0.5111167399922527,0.3935356464217387,2.4
-34.5,148.75,0.9958981612446959,0.4928450621952817,0.3703337646950185,2.9
-34.5,149.0,0.9777934936350778,0.46288474835267857,0.35974492425978133,15.7
-34.5,149.25,0.9748231966053749,0.40899553569710323,0.42270046877514644,17.8
-34.5,149.5,0.9966053748231966,0.36484639414322984,0.460443662626215,2.4
-34.5,149.75,0.9971711456859972,0.37327218331532297,0.43161364443538763,2.0
-34.5,150.0,0.9998585572842998,0.4436003371104411,0.33794801766715127,0.1
-34.5,150.25,0.9882602545968883,0.5220087461865407,0.27576360419490253,8.3
-34.5,150.5,0.986987270155587,0.5950614742028162,0.22841564239474071,9.2
-34.5,150.75,0.9997171145685997,0.7050764719070375,0.27070302146791103,0.2
-34.75,116.0,0.9322489391796323,0.7994976875211612,0.6045821974938661,47.9
-34.75,116.25,0.9343705799151344,0.7854944911898976,0.5187456339711112,46.4
-34.75,116.5,0.9227722772277228,0.788664535155572,0.4610256413248437,54.6
-34.75,116.75,0.9015558698727015,0.798555904041417,0.398431558945626,69.6
-34.75,117.0,0.9183875530410184,0.8009157765734934,0.40315707963363023,57.7
-34.75,117.25,0.9492220650636493,0.7970379177196747,0.42810001392178015,35.9
-34.75,117.5,0.9801980198019802,0.7920060454496628,0.44777653175837717,14.0
-34.75,117.75,0.9943422913719944,0.7854050649761602,0.46608478961432165,4.0
-34.75,118.0,0.9738330975954739,0.773097084462977,0.47784553326360507,18.5
-34.75,118.25,0.9415841584158415,0.7453191922827049,0.5473226270549079,41.3
-34.75,118.5,0.9099009900990099,0.7233988440564161,0.6359365033630903,63.7
-34.75,135.5,0.9835926449787836,0.31000688899702544,0.6679322284427419,11.6
-34.75,135.75,0.9937765205091937,0.27852146029781366,0.584268515407556,4.4
-34.75,137.75,0.994059405940594,0.2043239011463689,0.6029896011564544,4.2
-34.75,138.5,0.9975954738330975,0.18364907100167438,0.501340523761359,1.7
-34.75,138.75,0.9997171145685997,0.17873735897074072,0.415981289467843,0.2
-34.75,139.0,0.9932107496463932,0.12345557767694815,0.4422665510404731,4.8
-34.75,139.25,0.9852899575671853,0.13764150569510436,0.3858264634709318,10.4
-34.75,139.5,0.9636492220650636,0.1798041884573014,0.38596897242031486,25.7
-34.75,139.75,0.9541725601131542,0.20805380148093844,0.41403401636724146,32.4
-34.75,140.0,0.9316831683168317,0.19748549128214987,0.4656910445754809,48.3
-34.75,140.25,0.942998585572843,0.18357065014070828,0.4608836964801008,40.3
-34.75,140.5,0.9562942008486564,0.1743491877528971,0.46074384688116415,30.9
-34.75,140.75,0.9499292786421499,0.16645102754281949,0.45570993824501516,35.4
-34.75,141.0,0.9291371994342291,0.15165609028725768,0.44427515037409915,50.1
-34.75,141.25,0.9318246110325318,0.13160877693706585,0.42611362419370147,48.2
-34.75,141.5,0.9359264497878359,0.12651134383211027,0.43962592886799723,45.3
-34.75,141.75,0.9363507779349364,0.13095462929546686,0.46604862244824885,45.0
-34.75,142.0,0.9674681753889675,0.14673485807257636,0.48976055147333797,23.0
-34.75,142.25,0.9985855728429985,0.1513622473723123,0.4834521531650085,1.0
-34.75,142.5,0.9983026874115983,0.1563305572883965,0.46186477115301416,1.2
-34.75,142.75,0.9967468175388967,0.16458173351082317,0.4482329729986542,2.3
-34.75,143.0,0.995049504950495,0.1826211195706785,0.42976080245155107,3.5
-34.75,143.25,0.9782178217821782,0.19742332183141353,0.4272725530010236,15.4
-34.75,143.5,0.9998585572842998,0.21300447130668365,0.4305077253469663,0.1
-34.75,143.75,0.9903818953323904,0.22651084052669923,0.4411178889376021,6.8
-34.75,144.0,0.9865629420084866,0.24193877335249325,0.4529307880901883,9.5
-34.75,144.25,0.9828854314002828,0.25748857396291125,0.46768510612666603,12.1
-34.75,144.5,0.9796322489391797,0.2734207643922021,0.4841118010139513,14.4
-34.75,144.75,0.9912305516265912,0.29311979022322343,0.4882861269994048,6.2
-34.75,145.0,0.9891089108910891,0.31579740604049444,0.459752666676554,7.7
-34.75,145.25,0.984016973125884,0.3401681042595257,0.44683346162093607,11.3
-34.75,145.5,0.9834512022630835,0.3641187839983465,0.43754351241288564,11.7
-34.75,145.75,0.9971711456859972,0.3828624633896668,0.42082686774055145,2.0
-34.75,146.0,0.9944837340876945,0.39531344663174117,0.3933195943445525,3.9
-34.75,146.25,0.9971711456859972,0.4047524712426268,0.3966223625436633,2.0
-34.75,146.5,0.9998585572842998,0.4129798148054564,0.40314128470370536,0.1
-34.75,146.75,0.9762376237623762,0.4280503361824902,0.4069820959086132,16.8
-34.75,147.0,0.9702970297029703,0.4480820031335675,0.4179120745956761,21.0
-34.75,147.25,0.9889674681753889,0.47631036608045574,0.43056315265718215,7.8
-34.75,147.5,0.998019801980198,0.4990934941458258,0.4102256975896076,1.4
-34.75,147.75,0.9917963224893918,0.5175089811764408,0.3804182472301148,5.8
-34.75,148.0,0.9998585572842998,0.5329209339330259,0.330262317586651,0.1
-34.75,148.25,0.9908062234794908,0.5491540569327025,0.3271591779610596,6.5
-34.75,148.5,0.9896746817538897,0.535209993881453,0.336779305673641,7.3
-34.75,148.75,0.999009900990099,0.4850042990471978,0.3493099876876587,0.7
-34.75,149.0,0.9968882602545969,0.4379702607781143,0.364613227890851,2.2
-34.75,149.25,0.9942008486562942,0.3789565346658431,0.42136215469224925,4.1
-34.75,149.5,0.9920792079207921,0.3489737094474302,0.44610533146867626,5.6
-34.75,149.75,0.999009900990099,0.3816593842996152,0.41969137345170965,0.7
-34.75,150.0,0.9973125884016973,0.42374296148755364,0.3554628059362285,1.9
-34.75,150.25,0.9773691654879774,0.45457599562687045,0.270079427964113,16.0
-34.75,150.5,0.9981612446958982,0.5263507871757722,0.21615666540998119,1.3
-34.75,150.75,0.9988684582743989,0.6784421821568216,0.2763695009302746,0.8
-35.0,116.75,0.8759547383309759,0.76408675953305,0.5563045267775976,87.7
-35.0,117.0,0.9056577086280057,0.7636481571022733,0.4879085475878239,66.7
-35.0,117.25,0.9350777934936351,0.7535027575455806,0.4911572100933045,45.9
-35.0,117.5,0.9646393210749646,0.7462456038653487,0.49959708584316515,25.0
-35.0,117.75,0.9937765205091937,0.7386945413622341,0.5240818382252912,4.4
-35.0,118.0,0.9783592644978784,0.7285227235470102,0.5851145756641628,15.3
-35.0,138.75,0.9917963224893918,0.15297346384200783,0.4085096106878243,5.8
-35.0,139.0,0.995049504950495,0.1364879715714763,0.41893644027040383,3.5
-35.0,139.25,0.9992927864214993,0.13708095154770428,0.3860100392381195,0.5
-35.0,139.5,0.9734087694483734,0.1597294369487242,0.3919490618280637,18.8
-35.0,139.75,0.9545968882602546,0.17579292474586106,0.42611878172184015,32.1
-35.0,140.0,0.9282885431400283,0.1714328809721264,0.47711400236622875,50.7
-35.0,140.25,0.9093352192362093,0.15928437270207918,0.46846727750345435,64.1
-35.0,140.5,0.916973125884017,0.14866972308468573,0.4700423382451944,58.7
-35.0,140.75,0.9130127298444131,0.1382908587092413,0.46294841616678634,61.5
-35.0,141.0,0.8995756718528995,0.13189823104705745,0.43190900962498224,71.0
-35.0,141.25,0.8939179632248939,0.11702814576739429,0.4208890804237248,75.0
-35.0,141.5,0.8981612446958982,0.11216117612407572,0.4320785150107165,72.0
-35.0,141.75,0.9304101838755304,0.11795759685361906,0.4513696687916982,49.2
-35.0,142.0,0.9625176803394625,0.12960116197394322,0.4680797859674819,26.5
-35.0,142.25,0.9947666195190947,0.13466667186703363,0.47053544628708277,3.7
-35.0,142.5,0.9896746817538897,0.14191053225796912,0.470195275071783,7.3
-35.0,142.75,0.9984441301272985,0.15039400134082082,0.46998936076084447,1.1
-35.0,143.0,0.978076379066478,0.16504837626968905,0.4742495757070831,15.5
-35.0,143.25,0.9611032531824611,0.1797632757917179,0.4632126911320697,27.5
-35.0,143.5,0.9751060820367751,0.19337701327712387,0.4580215423567913,17.6
-35.0,143.75,0.9854314002828855,0.20802108261436714,0.45778266821759117,10.3
-35.0,144.0,0.9888260254596888,0.2257072494344078,0.4651319362906924,7.9
-35.0,144.25,0.978076379066478,0.24030482307598489,0.4629085903791902,15.5
-35.0,144.5,0.9816124469589816,0.2604018147328053,0.465881067252842,13.0
-35.0,144.75,0.9762376237623762,0.28279386306616605,0.46714965800221386,16.8
-35.0,145.0,0.9715700141442716,0.3045310848791052,0.4630358362687377,20.1
-35.0,145.25,0.9766619519094767,0.3330429950872327,0.4532105356398877,16.5
-35.0,145.5,0.9906647807637907,0.3582741114455794,0.4408940038645551,6.6
-35.0,145.75,0.9775106082036775,0.37899505955964785,0.42818527430882336,15.9
-35.0,146.0,0.9601131541725602,0.3928480130190559,0.4140028455565531,28.2
-35.0,146.25,0.9701555869872701,0.40384542943798307,0.4175343984804426,21.1
-35.0,146.5,0.9871287128712871,0.42316062645025065,0.41633356475699324,9.1
-35.0,146.75,0.9998585572842998,0.4438731678734483,0.41074344894563375,0.1
-35.0,147.0,0.9929278642149929,0.46113189728662396,0.4022210043937272,5.0
-35.0,147.25,0.9824611032531825,0.47660713980755753,0.39192754526535994,12.4
-35.0,147.5,0.9981612446958982,0.5012721329668848,0.3579826935984319,1.3
-35.0,147.75,0.979066478076379,0.5317544747196051,0.30310433778384704,14.8
-35.0,148.0,0.9943422913719944,0.5671924573850955,0.24556020072983467,4.0
-35.0,148.25,0.998019801980198,0.5951832904837007,0.2315401374102815,1.4
-35.0,148.5,0.9978783592644979,0.5627692872829251,0.22480276169901364,1.5
-35.0,148.75,0.9929278642149929,0.4940035852575688,0.2385001571643879,5.0
-35.0,149.0,0.9971711456859972,0.4224145605564267,0.2699645601420984,2.0
-35.0,149.25,0.9814710042432815,0.36479043650853604,0.3193814804723848,13.1
-35.0,149.5,0.9876944837340877,0.3494277193982598,0.36943477530588803,8.7
-35.0,149.75,0.987977369165488,0.3763521714466811,0.39665852970973614,8.5
-35.0,150.0,0.9804809052333805,0.41356718772850554,0.3667090539191233,13.8
-35.0,150.25,0.9864214992927864,0.44785028342607736,0.27577051850606354,9.6
-35.0,150.5,0.9957567185289957,0.5369247905563705,0.2646236818780427,3.0
-35.0,150.75,0.9783592644978784,0.7014201112853058,0.3882934703524378,15.3
-35.25,138.5,0.9977369165487977,0.14733087666384814,0.4869544048821599,1.6
-35.25,138.75,0.9874115983026874,0.140633880180406,0.38055403527564213,8.9
-35.25,139.0,0.9889674681753889,0.13046153426762874,0.4034948977267166,7.8
-35.25,139.25,0.979066478076379,0.13911330703925373,0.38937650290974357,14.8
-35.25,139.5,0.9998585572842998,0.15075191810585653,0.403514689740949,0.1
-35.25,139.75,0.977086280056577,0.15257251710557296,0.43798564151257774,16.2
-35.25,140.0,0.9565770862800566,0.15200329111908584,0.4820573319144414,30.7
-35.25,140.25,0.928995756718529,0.14390100131840133,0.47345328559701505,50.2
-35.25,140.5,0.8995756718528995,0.12980093943621263,0.4817540370253336,71.0
-35.25,140.75,0.8748231966053748,0.11637296581842616,0.48451773071301973,88.5
-35.25,141.0,0.865063649222065,0.10946216070669623,0.467748608191874,95.4
-35.25,141.25,0.8643564356435643,0.10417019988531673,0.44926725079777363,95.9
-35.25,141.5,0.8964639321074964,0.10117262043546404,0.4517052788180502,73.2
-35.25,141.75,0.9285714285714286,0.10354661446280566,0.46324030002488725,50.5
-35.25,142.0,0.9606789250353607,0.10717083718801146,0.47666578093642276,27.8
-35.25,142.25,0.9927864214992927,0.10635154439720296,0.4732398928702753,5.1
-35.25,142.5,0.9751060820367751,0.11769490065106725,0.47322712798813193,17.6
-35.25,142.75,0.9712871287128713,0.13404058384467898,0.47538590809424747,20.3
-35.25,143.0,0.9927864214992927,0.15145588371852114,0.4808063895816694,5.1
-35.25,143.25,0.9861386138613861,0.16077446131784345,0.47405113981194574,9.8
-35.25,143.5,0.9875530410183876,0.17457609794626627,0.46472159045815514,8.8
-35.25,143.75,0.9783592644978784,0.18937481456084104,0.45429867737350593,15.3
-35.25,144.0,0.9739745403111739,0.20646991466804243,0.4445101402499198,18.4
-35.25,144.25,0.9851485148514851,0.22168371052274993,0.4431245219636253,10.5
-35.25,144.5,0.9981612446958982,0.2486706057072755,0.4474652910524806,1.3
-35.25,144.75,0.984016973125884,0.27638322588523856,0.45249215643926527,11.3
-35.25,145.0,0.9693069306930693,0.29867296624448614,0.4581440820019123,21.7
-35.25,145.25,0.9929278642149929,0.32753321229543486,0.4541368115763271,5.0
-35.25,145.5,0.983026874115983,0.3501849778140499,0.4424323655701331,12.0
-35.25,145.75,0.9823196605374823,0.3731197069852048,0.4325639834640493,12.5
-35.25,146.0,0.9660537482319661,0.3958281098575722,0.42856372405327775,24.0
-35.25,146.25,0.9803394625176803,0.4130967960096279,0.42243574252615096,13.9
-35.25,146.5,0.9903818953323904,0.43053358947349407,0.4184924093322106,6.8
-35.25,146.75,0.9968882602545969,0.447285489351545,0.41296152450806917,2.2
-35.25,147.0,0.9954738330975955,0.45452034579694645,0.40272444360916837,3.2
-35.25,147.25,0.9944837340876945,0.4703013959121103,0.348483896735314,3.9
-35.25,147.5,0.9963224893917964,0.4965141444698429,0.29199797163443975,2.6
-35.25,147.75,0.9926449787835926,0.5175624900638709,0.22324306072076175,5.2
-35.25,148.0,0.9936350777934936,0.5304381148741506,0.1530468463341665,4.5
-35.25,148.25,0.9994342291371995,0.531436033179426,0.11550701220588024,0.4
-35.25,148.5,0.9964639321074965,0.48699014425129117,0.11525878198829098,2.5
-35.25,148.75,0.9930693069306931,0.4310377056366014,0.14088948877101523,4.9
-35.25,149.0,0.999009900990099,0.4027725283053062,0.1622369973727326,0.7
-35.25,149.25,0.9991513437057992,0.3743327630494334,0.2151531554896644,0.6
-35.25,149.5,0.9933521923620934,0.3515876428836675,0.27947194751302235,4.7
-35.25,149.75,0.9847241867043848,0.3538576712589889,0.3270597827234611,10.8
-35.25,150.0,0.9803394625176803,0.3724367423621521,0.305618036412284,13.9
-35.25,150.25,0.9793493635077793,0.4383373143784418,0.2427139221228272,14.6
-35.25,150.5,0.9898161244695898,0.6171952048103098,0.34116494525730323,7.2
-35.5,138.5,0.9646393210749646,0.12657741708433023,0.4252390685941282,25.0
-35.5,138.75,0.9594059405940594,0.11023141943370984,0.42096447703820283,28.7
-35.5,139.5,0.9837340876944838,0.1277104166613744,0.474469963331361,11.5
-35.5,139.75,0.9966053748231966,0.12823152393624948,0.4688754636210835,2.4
-35.5,140.0,0.9741159830268741,0.13862480861177318,0.4601090679882153,18.3
-35.5,140.25,0.9463932107496464,0.13136080324696708,0.45479122131075406,37.9
-35.5,140.5,0.9247524752475248,0.11260139108638956,0.4629654198923687,53.2
-35.5,140.75,0.900990099009901,0.09623556341316353,0.47423698811496956,70.0
-35.5,141.0,0.8734087694483734,0.08467268162996011,0.46501224940332314,89.5
-35.5,141.25,0.8644978783592645,0.08204072433368714,0.4347294683567452,95.8
-35.5,141.5,0.8964639321074964,0.07958636425191856,0.4334476292069671,73.2
-35.5,141.75,0.9284299858557284,0.0798325287622379,0.44609018122976873,50.6
-35.5,142.0,0.9605374823196605,0.08936111976240402,0.4715485459862825,27.9
-35.5,142.25,0.9925035360678925,0.09076339314355442,0.4663759643123035,5.3
-35.5,142.5,0.9755304101838755,0.09904844833884086,0.46931141980428454,17.3
-35.5,142.75,0.9434229137199435,0.11465883346087069,0.4817951038431381,40.0
-35.5,143.0,0.9632248939179632,0.13071965815970565,0.4892191238397,26.0
-35.5,143.25,0.9845827439886846,0.13941488279755032,0.48329763684542737,10.9
-35.5,143.5,0.9939179632248939,0.15445311073901158,0.47581656169383096,4.3
-35.5,143.75,0.9963224893917964,0.17056221287308793,0.4620116317667643,2.6
-35.5,144.0,0.9760961810466761,0.18742150018355896,0.41924384506474727,16.9
-35.5,144.25,0.9878359264497878,0.20494668095940505,0.42019884198600915,8.6
-35.5,144.5,0.9813295615275813,0.23473250631053855,0.4336194393630883,13.2
-35.5,144.75,0.9838755304101838,0.26572453113920447,0.4501204187728467,11.4
-35.5,145.0,0.9961810466760962,0.2883115342538418,0.44158101884718404,2.7
-35.5,145.25,0.9975954738330975,0.3191338542538763,0.43595747580657535,1.7
-35.5,145.5,0.9906647807637907,0.346164934216877,0.43238372785560086,6.6
-35.5,145.75,0.9824611032531825,0.37140205063395004,0.42656674527523913,12.4
-35.5,146.0,0.9995756718528995,0.4062073689156648,0.4368293559384267,0.3
-35.5,146.25,0.9837340876944838,0.41989824886845206,0.4332649398899282,11.5
-35.5,146.5,0.9725601131541726,0.4223857945047014,0.4220520707844562,19.4
-35.5,146.75,0.9636492220650636,0.4160296595515288,0.40138392145953683,25.7
-35.5,147.0,0.9951909476661952,0.41582356158516187,0.37342663761615874,3.4
-35.5,147.25,0.9975954738330975,0.4189039617464365,0.2927787730428163,1.7
-35.5,147.5,0.9705799151343706,0.41088404756376606,0.21561873522511227,20.8
-35.5,147.75,0.9760961810466761,0.41485479274746606,0.1486734010810972,16.9
-35.5,148.0,0.9837340876944838,0.4211858915407465,0.0811376234453957,11.5
-35.5,148.25,0.9968882602545969,0.4200440663997135,0.04856512554708037,2.2
-35.5,148.5,0.9956152758132956,0.41326643437203725,0.0678810676976789,3.1
-35.5,148.75,0.9922206506364922,0.39853421444905346,0.11457392672057017,5.5
-35.5,149.0,0.997029702970297,0.4050094820293687,0.1229785378717823,2.1
-35.5,149.25,0.9912305516265912,0.3776883183706199,0.1609167991074227,6.2
-35.5,149.5,0.9926449787835926,0.3505549495679593,0.18455466925189484,5.2
-35.5,149.75,0.9606789250353607,0.34399636611017115,0.21040144422908072,27.8
-35.5,150.0,0.9702970297029703,0.3646864269474719,0.18538696535528146,21.0
-35.5,150.25,0.9906647807637907,0.4699859394803745,0.24018022195557728,6.6
-35.75,139.25,0.9393210749646393,0.12641311757822205,0.6728490289555911,42.9
-35.75,139.5,0.9669024045261669,0.11070086610109053,0.6131750100703154,23.4
-35.75,139.75,0.9926449787835926,0.10866554618684166,0.4904507899110536,5.2
-35.75,140.0,0.997029702970297,0.12529463073053138,0.4455182597110105,2.1
-35.75,140.25,0.9753889674681754,0.1175942932147338,0.441544174755543,17.4
-35.75,140.5,0.9480905233380481,0.10628575434478227,0.451562318584955,36.7
-35.75,140.75,0.9205091937765205,0.08527600759202192,0.45936872094117687,56.2
-35.75,141.0,0.8944837340876945,0.06507193621207041,0.47855176003855066,74.6
-35.75,141.25,0.8937765205091938,0.056617157035164456,0.446948152152921,75.1
-35.75,141.5,0.9041018387553041,0.052423226256332556,0.4376358644011196,67.8
-35.75,141.75,0.9281471004243281,0.05702567555146776,0.44211614462612747,50.8
-35.75,142.0,0.9601131541725602,0.06710135012454221,0.47076321562350915,28.2
-35.75,142.25,0.9920792079207921,0.07004938827220708,0.47679998948895763,5.6
-35.75,142.5,0.9759547383309759,0.07956402804835871,0.4831577227773891,17.0
-35.75,142.75,0.943988684582744,0.09299652377198797,0.4895812951359665,39.6
-35.75,143.0,0.9340876944837341,0.10726805471335832,0.48991466486103324,46.6
-35.75,143.25,0.9554455445544554,0.11534476060935295,0.48505047113519906,31.5
-35.75,143.5,0.977086280056577,0.13012401114123628,0.4775082792751588,16.2
-35.75,143.75,0.9963224893917964,0.1493407359150597,0.4631850177701503,2.6
-35.75,144.0,0.9926449787835926,0.1669770771378868,0.42232238972802705,5.2
-35.75,144.25,0.9794908062234795,0.18293655931115904,0.40960066964829595,14.5
-35.75,144.5,0.9811881188118812,0.2148421909020516,0.4115103089107603,13.3
-35.75,144.75,0.9837340876944838,0.24457089162350765,0.42096347776712595,11.5
-35.75,145.0,0.9847241867043848,0.2702955287619574,0.39695868173013443,10.8
-35.75,145.25,0.9787835926449788,0.31187461072375866,0.403299653052115,15.0
-35.75,145.5,0.9868458274398868,0.34237003867468685,0.40480371719557046,9.3
-35.75,145.75,0.9906647807637907,0.3745000489142283,0.42216719648287776,6.6
-35.75,146.0,0.9752475247524752,0.4048052294852379,0.4324040356226471,17.5
-35.75,146.25,0.9688826025459689,0.41214742160208195,0.41940379290614943,22.0
-35.75,146.5,0.9702970297029703,0.39031330148925336,0.37551790245548333,21.0
-35.75,146.75,0.9756718528995757,0.37820292848413195,0.3450764790668133,17.2
-35.75,147.0,0.994059405940594,0.3581859854041508,0.27416080562214146,4.2
-35.75,147.25,0.9934936350777935,0.3590553525951129,0.1866802316533419,4.6
-35.75,147.5,0.9768033946251768,0.3733209466470656,0.12499780684174538,16.4
-35.75,147.75,0.9704384724186704,0.38950828856630515,0.07471848333756256,20.9
-35.75,148.0,0.9991513437057992,0.4167230581380139,0.040901070967487255,0.6
-35.75,148.25,0.9987270155586987,0.3900616461950259,0.04226753226020151,0.9
-35.75,148.5,0.9964639321074965,0.35185120215578214,0.1195586937839224,2.5
-35.75,148.75,0.9729844413012729,0.35233425307148225,0.2001409126944242,19.1
-35.75,149.0,0.9792079207920792,0.3677380651919232,0.15688383774479656,14.7
-35.75,149.25,0.9974540311173975,0.3702653825887581,0.17329694576889143,1.8
-35.75,149.5,0.9739745403111739,0.3527218231039053,0.17572301477079633,18.4
-35.75,149.75,0.9531824611032532,0.3767463800359241,0.1173910072714023,33.1
-35.75,150.0,0.9821782178217822,0.43945694729386087,0.0967285086632499,12.6
-36.0,139.5,0.9466760961810466,0.11060627792533528,0.6754888130297443,37.7
-36.0,139.75,0.9743988684582744,0.09171529599548689,0.552819633366088,18.1
-36.0,140.0,0.9985855728429985,0.10409775409842748,0.45919921555544263,1.0
-36.0,140.25,0.9953323903818954,0.10785151932258985,0.4538907813668346,3.3
-36.0,140.5,0.9694483734087694,0.09602557389837263,0.46134102417052675,21.6
-36.0,140.75,0.9403111739745403,0.08322729599555279,0.4816299017699447,42.2
-36.0,141.0,0.9135785007072136,0.059154965470786136,0.5040989470999785,61.1
-36.0,141.25,0.9264497878359265,0.041700790596781,0.4798964887970704,52.0
-36.0,141.5,0.9422913719943423,0.0374684416003519,0.4675194850043112,40.8
-36.0,141.75,0.9428571428571428,0.039527607575279844,0.4698623566304284,40.4
-36.0,142.0,0.9605374823196605,0.04937842736701037,0.48402006148218374,27.9
-36.0,142.25,0.9923620933521924,0.05159645704115079,0.4941369075063506,5.4
-36.0,142.5,0.9758132956152759,0.05910290222873549,0.49653225698127923,17.1
-36.0,142.75,0.943988684582744,0.06752808328151627,0.4912716749834332,39.6
-36.0,143.0,0.9367751060820367,0.0784533110750395,0.48943378983119895,44.7
-36.0,143.25,0.9545968882602546,0.08540838942979734,0.4816298211835675,32.1
-36.0,143.5,0.9547383309759547,0.10947996050075215,0.46886888777270663,32.0
-36.0,143.75,0.9708628005657709,0.13095457135965738,0.4514355723309459,20.6
-36.0,144.0,0.9978783592644979,0.15289492075935385,0.4372476475877526,1.5
-36.0,144.25,0.9807637906647808,0.16142028737049752,0.425525150233073,13.6
-36.0,144.5,0.9663366336633663,0.19025256521712708,0.4238206194177756,23.8
-36.0,144.75,0.9937765205091937,0.23224174516608564,0.41206830510354386,4.4
-36.0,145.0,0.9776520509193777,0.2642157560040469,0.3820581800054747,15.8
-36.0,145.25,0.9772277227722772,0.3016202285762133,0.37795625282126855,16.1
-36.0,145.5,0.9891089108910891,0.33702974088884186,0.3984547678222502,7.7
-36.0,145.75,0.9930693069306931,0.3661247299224102,0.4170147775204661,4.9
-36.0,146.0,0.9957567185289957,0.40801027872630846,0.41506192784256457,3.0
-36.0,146.25,0.9919377652050919,0.39738794378548625,0.3705153902718788,5.7
-36.0,146.5,0.9908062234794908,0.3732110781621245,0.3242809065623166,6.5
-36.0,146.75,0.9991513437057992,0.3451993854401586,0.21978580843662066,0.6
-36.0,147.0,1.0,0.342289803725079,0.14894619241471957,0.0
-36.0,147.25,0.9700141442715701,0.36185368027468223,0.09607804766130419,21.2
-36.0,147.5,0.9615275813295615,0.3925571310299475,0.050832697262372134,27.2
-36.0,147.75,0.9688826025459689,0.4109925016436873,0.020421671055169746,22.0
-36.0,148.0,0.9751060820367751,0.44710397896715626,0.012940607185666116,17.6
-36.0,148.25,0.9963224893917964,0.37211037864143903,0.05816698593968539,2.6
-36.0,148.5,0.9851485148514851,0.3317719780512276,0.16092677570091604,10.5
-36.0,148.75,0.9954738330975955,0.32304064737332994,0.2585623775193844,3.2
-36.0,149.0,0.9814710042432815,0.3359844142865678,0.20683502963842848,13.1
-36.0,149.25,0.9958981612446959,0.36028582312735524,0.2119266542379049,2.9
-36.0,149.5,0.9642149929278642,0.39335555622414475,0.12553201393598917,25.3
-36.0,149.75,0.9523338048090524,0.43769000514614553,0.07621677749641279,33.7
-36.0,150.0,0.9772277227722772,0.5683516122977308,0.07167316604931645,16.1
-36.25,139.75,0.9528995756718529,0.08552448165358784,0.619785188243862,33.3
-36.25,140.0,0.9789250353606789,0.08179205663154043,0.4964917381508393,14.9
-36.25,140.25,0.9930693069306931,0.0897650436800872,0.47413256428743583,4.9
-36.25,140.5,0.9881188118811881,0.0966001262791657,0.47522272068048316,8.4
-36.25,140.75,0.9613861386138614,0.08136060999610428,0.49222341621505755,27.3
-36.25,141.0,0.9343705799151344,0.05920185544583234,0.5029990397552938,46.4
-36.25,141.25,0.9487977369165488,0.038349902779246214,0.5019091090041026,36.2
-36.25,141.5,0.9768033946251768,0.02613601870635429,0.48677595440856003,16.4
-36.25,141.75,0.9782178217821782,0.023581201561198695,0.4853760400989561,15.4
-36.25,142.0,0.9736916548797737,0.029264178178620148,0.48798952077960184,18.6
-36.25,142.25,0.9909476661951909,0.02942820378143829,0.49346062662916035,6.4
-36.25,142.5,0.9773691654879774,0.03770198495135435,0.49735555964497385,16.0
-36.25,142.75,0.9455445544554455,0.04293939769878752,0.4892842053979005,38.5
-36.25,143.0,0.9536067892503536,0.05697864382993023,0.48811887803223125,32.8
-36.25,143.25,0.985007072135785,0.06450305419417879,0.4768082092994287,10.6
-36.25,143.5,0.9891089108910891,0.08555889231634473,0.46209071923731654,7.7
-36.25,143.75,0.9721357850070721,0.12039724839016452,0.4420669224669536,19.7
-36.25,144.0,0.9828854314002828,0.14842656344968652,0.43405162410383796,12.1
-36.25,144.25,0.9852899575671853,0.15608312502897315,0.42254064987194767,10.4
-36.25,144.5,0.9637906647807638,0.1961048927240896,0.4171914228592174,25.6
-36.25,144.75,0.9920792079207921,0.2368557824667552,0.4044087311265213,5.6
-36.25,145.0,0.9923620933521924,0.2837882151559089,0.37454624027142314,5.4
-36.25,145.25,0.9899575671852899,0.32092324846441445,0.3557756744869438,7.1
-36.25,145.5,0.9956152758132956,0.3454203361818776,0.3734222537172408,3.1
-36.25,145.75,0.9765205091937765,0.36929377076261116,0.3772853389967977,16.6
-36.25,146.0,0.9711456859971711,0.40908296438882397,0.3622560924759752,20.4
-36.25,146.25,0.9826025459688826,0.3784330239647484,0.3017689892796297,12.3
-36.25,146.5,0.979066478076379,0.34285878150440174,0.18146406886659075,14.8
-36.25,146.75,0.9752475247524752,0.34774818826055753,0.11335587974695786,17.5
-36.25,147.0,0.998019801980198,0.39220233954777506,0.05529051645233587,1.4
-36.25,147.25,0.9888260254596888,0.42478985495377974,0.051289944366420884,7.9
-36.25,147.5,0.9973125884016973,0.45044705361909565,0.02159197865894798,1.9
-36.25,147.75,0.9934936350777935,0.44708759014247823,0.01721749222988569,4.6
-36.25,148.0,0.9868458274398868,0.46577556415846766,0.015034284781123092,9.3
-36.25,148.25,0.9971711456859972,0.3771659632606712,0.05568596347546234,2.0
-36.25,148.5,0.996039603960396,0.3082654549467577,0.0973120185030448,2.8
-36.25,148.75,0.994059405940594,0.29528810356333957,0.19456575371466692,4.2
-36.25,149.0,0.9988684582743989,0.34238069399299165,0.20695236340358444,0.8
-36.25,149.25,0.9899575671852899,0.38178514877966707,0.23940430408165708,7.1
-36.25,149.5,0.9611032531824611,0.4221567806829325,0.15099866297207568,27.5
-36.25,149.75,0.9718528995756719,0.5090662358095317,0.06656902477373836,19.9
-36.25,150.0,0.9742574257425742,0.6634347269100684,0.09196994111369683,18.2
-36.5,140.0,0.9666195190947666,0.06775831526445386,0.5158829479777124,23.6
-36.5,140.25,0.9964639321074965,0.08366464811155028,0.4558829088449676,2.5
-36.5,140.5,0.9909476661951909,0.08969270111185912,0.4540723424745931,6.4
-36.5,140.75,0.9814710042432815,0.08330248184878586,0.4728488232991565,13.1
-36.5,141.0,0.9503536067892504,0.06166612729590926,0.4718878146341579,35.1
-36.5,141.25,0.9487977369165488,0.03766365750839629,0.477263989731413,36.2
-36.5,141.5,0.9758132956152759,0.018289067718145202,0.4715489489181683,17.1
-36.5,141.75,0.9841584158415841,0.008276512327011543,0.4674550320198526,11.2
-36.5,142.0,0.9872701555869873,0.012026924697043362,0.4663255817092983,9.0
-36.5,142.25,0.9910891089108911,0.008996738291449313,0.468974375340419,6.3
-36.5,142.5,0.9772277227722772,0.014270007311072863,0.4707656170975487,16.1
-36.5,142.75,0.9495049504950495,0.03240180432354001,0.47577559157967897,35.7
-36.5,143.0,0.9499292786421499,0.04899294162858403,0.4761275284060451,35.4
-36.5,143.25,0.9787835926449788,0.05217669566170091,0.46008971114041963,15.0
-36.5,143.5,0.9803394625176803,0.06666753591218522,0.43124623502460524,13.9
-36.5,143.75,0.999009900990099,0.10023951305888934,0.41100383964753756,0.7
-36.5,144.0,0.9848656294200848,0.1406602975279332,0.40667897830953503,10.7
-36.5,144.25,0.9855728429985856,0.15820810331357582,0.39663345122916155,10.2
-36.5,144.5,0.9652050919377652,0.2050203914040506,0.39185748346905047,24.6
-36.5,144.75,0.98005657708628,0.2951040035282394,0.3990561033686746,14.1
-36.5,145.0,0.9958981612446959,0.34797631703970666,0.3781227926283231,2.9
-36.5,145.25,0.9874115983026874,0.3715311414490421,0.3597011658569793,8.9
-36.5,145.5,0.9793493635077793,0.38679322122722637,0.34509578756278264,14.6
-36.5,145.75,0.9848656294200848,0.3925622529280094,0.3469503379778152,10.7
-36.5,146.0,0.9964639321074965,0.4300081302797787,0.28003995253385017,2.5
-36.5,146.25,1.0,0.38645248159246337,0.18700204529192288,0.0
-36.5,146.5,0.9964639321074965,0.3609162886631566,0.09826366303101655,2.5
-36.5,146.75,0.9983026874115983,0.3699977330862254,0.04534482299945261,1.2
-36.5,147.0,0.9966053748231966,0.4556621254753984,0.015570548439712196,2.4
-36.5,147.25,0.9777934936350778,0.5333939335620105,0.02963980168388845,15.7
-36.5,147.5,0.9913719943422914,0.465365572872231,0.04216759225869338,6.1
-36.5,147.75,0.9695898161244696,0.44768957946511223,0.04313137954197675,21.5
-36.5,148.0,0.956011315417256,0.39704827587769,0.048014694803385216,31.1
-36.5,148.25,0.9688826025459689,0.3098154956549697,0.043958716359712456,22.0
-36.5,148.5,0.985997171145686,0.27662075430017863,0.09605137357046174,9.9
-36.5,148.75,0.9858557284299858,0.3202850020469318,0.10988936002944252,10.0
-36.5,149.0,0.9799151343705799,0.3938807931890528,0.18319342028605579,14.2
-36.5,149.25,0.9949080622347949,0.43065995261009926,0.22943230401181125,3.6
-36.5,149.5,0.9848656294200848,0.4981180572666831,0.1432267515852815,10.7
-36.5,149.75,0.9902404526166902,0.6116516787588486,0.06748757408833495,6.9
-36.5,150.0,0.9807637906647808,0.7183586360791442,0.14005965055213224,13.6
-36.75,140.0,0.9734087694483734,0.05880111992977177,0.5037259772291715,18.8
-36.75,140.25,0.9956152758132956,0.07415007060381285,0.43352715184395596,3.1
-36.75,140.5,0.9974540311173975,0.08803469732861724,0.420369072649138,1.8
-36.75,140.75,0.9837340876944838,0.08144076537046863,0.4366317581416118,11.5
-36.75,141.0,0.9544554455445544,0.07148190541252353,0.4427315666712808,32.2
-36.75,141.25,0.9461103253182461,0.04124461713392369,0.46386055725267056,38.1
-36.75,141.5,0.9612446958981613,0.01815775257954333,0.4508169912998077,27.4
-36.75,141.75,0.9608203677510608,0.006663619286467193,0.43124302768679407,27.7
-36.75,142.0,0.9768033946251768,0.005809420215280303,0.43772736217375574,16.4
-36.75,142.25,0.9998585572842998,0.0,0.4389105152460544,0.1
-36.75,142.5,0.9995756718528995,0.020698884741880752,0.41112895805672794,0.3
-36.75,142.75,0.9772277227722772,0.04386882886985877,0.415279511060917,16.1
-36.75,143.0,0.9602545968882602,0.06214607674066064,0.4484516038399099,28.1
-36.75,143.25,0.9451202263083451,0.047819577523912526,0.4124592940882855,38.8
-36.75,143.5,0.9507779349363508,0.06269097418707492,0.38382039454954875,34.8
-36.75,143.75,0.9681753889674681,0.09156765656970622,0.3839266557464819,22.5
-36.75,144.0,0.9862800565770863,0.13223224603526385,0.3837364396618156,9.7
-36.75,144.25,0.9974540311173975,0.1608163781973876,0.3781354769240893,1.8
-36.75,144.5,0.9987270155586987,0.2714258497401524,0.3842164765933273,0.9
-36.75,144.75,0.9855728429985856,0.3764268971215834,0.3972314182650203,10.2
-36.75,145.0,0.9701555869872701,0.44246086259783546,0.400850342939035,21.1
-36.75,145.25,0.9541725601131542,0.412301583498511,0.3809403180159572,32.4
-36.75,145.5,0.9421499292786422,0.4160488145213036,0.35445790993022436,40.9
-36.75,145.75,0.9698727015558699,0.39296221936349585,0.27956997278220896,21.3
-36.75,146.0,1.0,0.42555166043647263,0.1941696877881638,0.0
-36.75,146.25,0.9803394625176803,0.4142183258218167,0.11544784729949135,13.9
-36.75,146.5,0.9953323903818954,0.43371476756027494,0.07556062709623904,3.3
-36.75,146.75,0.9919377652050919,0.44476729807138327,0.031872157152358,5.7
-36.75,147.0,0.9963224893917964,0.45044007454224033,0.02597445280971512,2.6
-36.75,147.25,0.9947666195190947,0.4278014856796988,0.043413628492823514,3.7
-36.75,147.5,0.9735502121640736,0.3616299886937825,0.07279528138782093,18.7
-36.75,147.75,0.957991513437058,0.3194450990782355,0.08804690601643742,29.7
-36.75,148.0,0.9321074964639321,0.3007834894530327,0.11254532584813108,48.0
-36.75,148.25,0.9357850070721357,0.26769812831593687,0.09030211578147167,45.4
-36.75,148.5,0.9519094766619519,0.33247710471656866,0.047822763840612764,34.0
-36.75,148.75,0.9523338048090524,0.42183449426840014,0.06522987259251864,33.7
-36.75,149.0,0.9684582743988684,0.4350533690120282,0.1763367606193045,22.3
-36.75,149.25,0.9974540311173975,0.4770883283177052,0.21365631188560316,1.8
-36.75,149.5,0.9826025459688826,0.5821268407234892,0.13492932031570223,12.3
-36.75,149.75,0.9910891089108911,0.7369844100036036,0.1074588748940688,6.3
-37.0,140.0,0.9718528995756719,0.050514253541174,0.5100134714312637,19.9
-37.0,140.25,0.9971711456859972,0.06280685339094894,0.4042138571492548,2.0
-37.0,140.5,0.9910891089108911,0.08048347643212639,0.3855877021526597,6.3
-37.0,140.75,0.9937765205091937,0.0882901013829075,0.4059581331657713,4.4
-37.0,141.0,0.9661951909476661,0.08696639557873576,0.430371083085841,23.9
-37.0,141.25,0.9620933521923621,0.04713760645798337,0.4661762390351314,26.8
-37.0,141.5,0.9936350777934936,0.025624966992387255,0.4674113703207032,4.5
-37.0,141.75,0.9981612446958982,0.009148751824802237,0.4461064274434058,1.3
-37.0,142.0,0.9968882602545969,0.010906094839210012,0.4250891456980457,2.2
-37.0,142.25,0.9762376237623762,0.010673691948374975,0.3263046722521256,16.8
-37.0,142.5,0.9884016973125884,0.046542795253657565,0.3050636504891975,8.2
-37.0,142.75,0.9954738330975955,0.08850955564275331,0.3492883260694761,3.2
-37.0,143.0,0.9942008486562942,0.09892618357889371,0.41902959812240964,4.1
-37.0,143.25,0.9777934936350778,0.06769242785255414,0.3687992066664429,15.7
-37.0,143.5,0.9669024045261669,0.08637407965866517,0.3572570616238643,23.4
-37.0,143.75,0.9922206506364922,0.11403646179447036,0.3625043307522021,5.5
-37.0,144.0,0.9946251768033946,0.15301641886395212,0.40184149090909427,3.8
-37.0,144.25,0.9937765205091937,0.19592484710830083,0.3873430346201236,4.4
-37.0,144.5,0.9625176803394625,0.31735157569665307,0.3944968807285934,26.5
-37.0,144.75,0.9543140028288544,0.4277731238946981,0.39903247544288906,32.3
-37.0,145.0,0.9797736916548798,0.4902554604421372,0.40270993806127825,14.3
-37.0,145.25,0.986987270155587,0.4004937575055001,0.3515915169634759,9.2
-37.0,145.5,0.9742574257425742,0.3570101244082947,0.25771849309496103,18.2
-37.0,145.75,0.9841584158415841,0.3152608081302134,0.18075687505511906,11.2
-37.0,146.0,0.9997171145685997,0.3058219668254619,0.12685474261354213,0.2
-37.0,146.25,0.9930693069306931,0.33880786341667135,0.11878841695640398,4.9
-37.0,146.5,0.9722772277227723,0.38465058088400206,0.10183017432532142,19.6
-37.0,146.75,0.9691654879773691,0.33920336220548186,0.09418925609461312,21.8
-37.0,147.0,0.9630834512022631,0.29031031526522344,0.10430573948008266,26.1
-37.0,147.25,0.9777934936350778,0.267946876172955,0.11984037540667392,15.7
-37.0,147.5,0.9598302687411598,0.27403452555726826,0.12759770065920076,28.4
-37.0,147.75,0.9311173974540311,0.2751310560209783,0.14635320484978745,48.7
-37.0,148.0,0.9077793493635078,0.2688378053792143,0.1555647757474047,65.2
-37.0,148.25,0.902970297029703,0.274840046075687,0.09388646889968144,68.6
-37.0,148.5,0.914002828854314,0.3460998367072159,0.0667165204081406,60.8
-37.0,148.75,0.9353606789250354,0.4414167152638244,0.09593711820491356,45.7
-37.0,149.0,0.9647807637906648,0.46178270806552646,0.22433581199515393,24.9
-37.0,149.25,0.983026874115983,0.5376644421564951,0.2406264931950558,12.0
-37.0,149.5,0.9636492220650636,0.6871584580681035,0.19354465984685215,25.7
-37.0,149.75,0.9936350777934936,0.8397793525174669,0.19712485470800006,4.5
-37.25,140.0,0.963932107496464,0.04615329888926312,0.5626401149295833,25.5
-37.25,140.25,0.9923620933521924,0.0535953030112728,0.4074099451022712,5.4
-37.25,140.5,0.9828854314002828,0.07819241654912124,0.3470550519163068,12.1
-37.25,140.75,0.9998585572842998,0.08460352074147093,0.3596552477392692,0.1
-37.25,141.0,0.9688826025459689,0.08190077221229175,0.39886554882122416,22.0
-37.25,141.25,0.944978783592645,0.07183599312108835,0.427750011168466,38.9
-37.25,141.5,0.9596888260254597,0.05266550909436507,0.4349531116706606,28.5
-37.25,141.75,0.9652050919377652,0.03550233431647354,0.4241680595242958,24.6
-37.25,142.0,0.9630834512022631,0.03439225253534828,0.3881319107834923,26.1
-37.25,142.25,0.9466760961810466,0.019629567879689724,0.2681599410463588,37.7
-37.25,142.5,0.9567185289957567,0.03395341477629055,0.2631756413839942,30.6
-37.25,142.75,0.9821782178217822,0.06366111347581349,0.3215370048888628,12.6
-37.25,143.0,0.9958981612446959,0.07724058107609966,0.4128511534059005,2.9
-37.25,143.25,0.9896746817538897,0.049763278341223294,0.36894725995857514,7.3
-37.25,143.5,0.9943422913719944,0.0752767207290741,0.372204077805425,4.0
-37.25,143.75,0.9759547383309759,0.12254497918959717,0.40205549609230046,17.0
-37.25,144.0,0.9933521923620934,0.18247677744800483,0.45074775148454527,4.7
-37.25,144.25,0.9783592644978784,0.17329411573939346,0.4143567164559712,15.3
-37.25,144.5,0.9867043847241868,0.1955905323469871,0.4033793368618583,9.4
-37.25,144.75,0.9705799151343706,0.26623402956329123,0.4053036428449671,20.8
-37.25,145.0,0.9985855728429985,0.3628096820800921,0.39659391555252316,1.0
-37.25,145.25,0.9867043847241868,0.3312334912061944,0.26436454832362266,9.4
-37.25,145.5,0.9915134370579916,0.31292377352225853,0.16298055175758228,6.0
-37.25,145.75,1.0,0.2914040167004106,0.10115593389520112,0.0
-37.25,146.0,0.9932107496463932,0.2713112190453375,0.07998763166730143,4.8
-37.25,146.25,0.977086280056577,0.2535840347931315,0.09883817943111955,16.2
-37.25,146.5,0.9622347949080622,0.23658419294274835,0.11352283215626345,26.7
-37.25,146.75,0.9343705799151344,0.23209777331092873,0.14009493932669392,46.4
-37.25,147.0,0.9319660537482319,0.24476277946886182,0.17370340733804915,48.1
-37.25,147.25,0.9387553041018387,0.2589537682927707,0.17029821385355834,43.3
-37.25,147.5,0.9301272984441301,0.2732887017855007,0.16935154956369552,49.4
-37.25,147.75,0.9257425742574258,0.2793490587580254,0.16691253838961748,52.5
-37.25,148.0,0.9312588401697313,0.2761632720919146,0.15710953601132974,48.6
-37.25,148.25,0.9263083451202263,0.28989899420635,0.11448621650766098,52.1
-37.25,148.5,0.9298444130127298,0.33355119535647426,0.12072426290872319,49.6
-37.25,148.75,0.9482319660537483,0.41796288506649537,0.1646646297503546,36.6
-37.25,149.0,0.9534653465346534,0.4997839589984264,0.24711916031341663,32.9
-37.25,149.25,0.9471004243281471,0.6053325507084777,0.22498450009680196,37.4
-37.25,149.5,0.9490806223479491,0.7500465297630449,0.24054840499558042,36.0
-37.25,149.75,0.9738330975954739,0.8681469900391728,0.37705092934289275,18.5
-37.5,140.25,0.9896746817538897,0.042192804713333754,0.5566216502890273,7.3
-37.5,140.5,0.9837340876944838,0.050888080726860796,0.4060286462457928,11.5
-37.5,140.75,0.9974540311173975,0.08239442499473826,0.33880010578477027,1.8
-37.5,141.0,0.9739745403111739,0.09343657499397251,0.3434291645793049,18.4
-37.5,141.25,0.9468175388967468,0.08395985671807626,0.387019560902173,37.6
-37.5,141.5,0.9349363507779349,0.062509593998748,0.4097910469057166,46.0
-37.5,141.75,0.9487977369165488,0.043032504573073505,0.41729931190096936,36.2
-37.5,142.0,0.9608203677510608,0.03976470642993557,0.3993012148934674,27.7
-37.5,142.25,0.9582743988684583,0.015598974717059844,0.339562178919093,29.5
-37.5,142.5,0.9710042432814711,0.009184550345405773,0.35932645532042556,20.5
-37.5,142.75,0.9623762376237623,0.01462345897709838,0.4227777349935747,26.6
-37.5,143.0,0.9776520509193777,0.025955388421461945,0.5033949928608689,15.8
-37.5,143.25,0.9896746817538897,0.01389771981648158,0.4940500676263148,7.3
-37.5,143.5,0.9919377652050919,0.026650705737359615,0.4794229954793846,5.7
-37.5,143.75,0.9975954738330975,0.05822252769674485,0.46947151270116566,1.7
-37.5,144.0,0.998019801980198,0.08741889217109033,0.4741381730992867,1.4
-37.5,144.25,0.9746817538896747,0.08799313587542501,0.4395927272806042,17.9
-37.5,144.5,0.9893917963224894,0.12206341760885431,0.4201469604763887,7.5
-37.5,144.75,0.986987270155587,0.17247443723556266,0.4095864219768127,9.2
-37.5,145.0,0.9967468175388967,0.2378221291526622,0.403492012734414,2.3
-37.5,145.25,0.9929278642149929,0.23598507581461203,0.2754339092086346,5.0
-37.5,145.5,0.9875530410183876,0.25211607303760286,0.1860060137874072,8.8
-37.5,145.75,0.9734087694483734,0.2756944648482349,0.14292825964425285,18.8
-37.5,146.0,0.9606789250353607,0.2865688050464208,0.15630551766769124,27.8
-37.5,146.25,0.9432814710042433,0.24146757990742151,0.1711315575798481,40.1
-37.5,146.5,0.930975954738331,0.24603063412807824,0.17669957660658833,48.8
-37.5,146.75,0.928995756718529,0.2721553494173887,0.17862001444359307,50.2
-37.5,147.0,0.938048090523338,0.29445923129264606,0.15702107634511292,43.8
-37.5,147.25,0.9456859971711457,0.3152880025720045,0.14840459554968952,38.4
-37.5,147.5,0.9520509193776521,0.32877505488145753,0.15926218349414284,33.9
-37.5,147.75,0.9643564356435643,0.33730686923621,0.16718688665204673,25.2
-37.5,148.0,0.9702970297029703,0.3586193079933748,0.15511552120024344,21.0
-37.5,148.25,0.9613861386138614,0.39320134198149403,0.1368784146684278,27.3
-37.5,148.5,0.9688826025459689,0.41525953482985434,0.15622497964234996,22.0
-37.5,148.75,0.9782178217821782,0.4797069122450721,0.20330827966261808,15.4
-37.5,149.0,0.9915134370579916,0.6257530285512998,0.2767545104058304,6.0
-37.5,149.25,0.9807637906647808,0.7382604400207414,0.3010577500320242,13.6
-37.5,149.5,0.9517680339462518,0.8208135262395628,0.3832281330291934,34.1
-37.5,149.75,0.9384724186704385,0.8945561991868934,0.5698428124998922,43.5
-37.75,140.5,0.9973125884016973,0.055113728582405264,0.6194411811170091,1.9
-37.75,140.75,0.996039603960396,0.04085054014712575,0.4835086442154029,2.8
-37.75,141.0,0.9961810466760962,0.04618334675280422,0.4225895013337867,2.7
-37.75,141.25,0.9833097595473833,0.060868680335771086,0.3984988163360101,11.8
-37.75,141.5,0.9674681753889675,0.0728106491788264,0.3877058022555811,23.0
-37.75,141.75,0.9676096181046676,0.06549518329939652,0.39196749999115965,22.9
-37.75,142.0,0.9987270155586987,0.047114632352806995,0.42683448545474073,0.9
-37.75,142.25,0.9957567185289957,0.018035842111405853,0.4212768298361042,3.0
-37.75,142.5,0.9988684582743989,0.0074411799304684445,0.4304459478302296,0.8
-37.75,142.75,0.9759547383309759,0.007727470034872841,0.458882543327725,17.0
-37.75,143.0,0.9809052333804809,0.01995683963885242,0.5007875883930615,13.5
-37.75,143.25,0.981046676096181,0.02663605318068918,0.4969564153188629,13.4
-37.75,143.5,0.9892503536067893,0.043624221877556435,0.48775430526192515,7.6
-37.75,143.75,0.9934936350777935,0.0623255492484468,0.47577115932893477,4.6
-37.75,144.0,0.9997171145685997,0.07109431584350201,0.472264733237446,0.2
-37.75,144.25,0.9963224893917964,0.08120783210681692,0.4286461316825693,2.6
-37.75,144.5,0.9947666195190947,0.10687328506585358,0.4137506746651203,3.7
-37.75,144.75,0.998019801980198,0.13446360656666312,0.4165899261400388,1.4
-37.75,145.0,0.9994342291371995,0.1720057850445369,0.4256039153581166,0.4
-37.75,145.25,0.9991513437057992,0.17179810996064893,0.30491658035086666,0.6
-37.75,145.5,0.9974540311173975,0.17984681755774057,0.21845521452865616,1.8
-37.75,145.75,0.9729844413012729,0.18654453346249122,0.1796744710715552,19.1
-37.75,146.0,0.9524752475247524,0.19647648794776207,0.1988529973318076,33.6
-37.75,146.25,0.9452616690240453,0.222553523907963,0.18429213495235836,38.7
-37.75,146.5,0.9478076379066478,0.26060851081204395,0.1832830323374661,36.9
-37.75,146.75,0.9620933521923621,0.29914584558387536,0.15773627399556486,26.8
-37.75,147.0,0.9769448373408769,0.33814153879029607,0.1453421601032055,16.3
-37.75,147.25,0.9823196605374823,0.37197337331127733,0.155782391200308,12.5
-37.75,147.5,0.9885431400282886,0.3960291102185681,0.19136450823351178,8.1
-37.75,147.75,1.0,0.43806320112177033,0.22505978389035186,0.0
-37.75,148.0,0.9937765205091937,0.4934520505079478,0.24017488713740878,4.4
-37.75,148.25,0.9995756718528995,0.5376558277027965,0.23511220916461095,0.3
-37.75,148.5,0.9930693069306931,0.5864680550220965,0.27208298259052843,4.9
-37.75,148.75,0.9909476661951909,0.6621387480244629,0.36839234216539934,6.4
-37.75,149.0,0.9745403111739745,0.7635047309929848,0.522122944569102,18.0
-37.75,149.25,0.9684582743988684,0.8377679602094255,0.6292025767487652,22.3
-37.75,149.5,0.9456859971711457,0.8853167370155004,0.7269107224239598,38.4
-38.0,140.75,0.9794908062234795,0.09259893677557052,0.7296286752839657,14.5
-38.0,141.0,0.9698727015558699,0.06366260548691505,0.6501208661884127,21.3
-38.0,141.25,0.9828854314002828,0.03897553561862743,0.48050349762444733,12.1
-38.0,141.5,0.9978783592644979,0.043129922284525946,0.4470930303417928,1.5
-38.0,141.75,0.9769448373408769,0.051822049616653265,0.41803959447890604,16.3
-38.0,142.0,0.9766619519094767,0.04060476988248729,0.44240920504533515,16.5
-38.0,142.25,0.9919377652050919,0.03231067822354239,0.4028333802738235,5.7
-38.0,142.5,0.9920792079207921,0.02967241477569693,0.3853524705177076,5.6
-38.0,142.75,0.9988684582743989,0.028486863528161543,0.40420521828962236,0.8
-38.0,143.0,0.9956152758132956,0.022729232205407013,0.4388928507121793,3.1
-38.0,143.25,0.9977369165487977,0.02765212963090835,0.45477795679307226,1.6
-38.0,143.5,0.9987270155586987,0.04022875301615503,0.45094351191196075,0.9
-38.0,143.75,0.9997171145685997,0.05683382242985624,0.45276392593762516,0.2
-38.0,144.0,0.9932107496463932,0.08728885995076363,0.4421667851055396,4.8
-38.0,144.25,0.9998585572842998,0.09100280148598983,0.43368805060460874,0.1
-38.0,144.5,0.9987270155586987,0.1094236665674202,0.52957637859333,0.9
-38.0,145.25,0.9994342291371995,0.14757518899859456,0.37184111676266235,0.4
-38.0,145.5,0.9916548797736916,0.16377447827849523,0.27472089706073144,5.9
-38.0,145.75,0.9975954738330975,0.200287449843932,0.2257234127063268,1.7
-38.0,146.0,0.9888260254596888,0.22697096554404927,0.25097017375367386,7.9
-38.0,146.25,0.9838755304101838,0.29426734603090376,0.2355143835385034,11.4
-38.0,146.5,0.9817538896746818,0.37290003431355745,0.1970945703474605,12.9
-38.0,146.75,0.9963224893917964,0.4453313659622836,0.18265395896002065,2.6
-38.0,147.0,0.9997171145685997,0.45041231483314703,0.18200823643705244,0.2
-38.0,147.25,0.9961810466760962,0.47127362716143295,0.27041000940052984,2.7
-38.0,147.5,0.9831683168316832,0.5258256455101936,0.3505433460729328,11.9
-38.25,141.5,0.9923620933521924,0.08439972429244103,0.6605072252923787,5.4
-38.25,141.75,0.9983026874115983,0.0776657703115945,0.654287939399921,1.2
-38.25,142.0,0.9988684582743989,0.06314019114036429,0.6093719777590237,0.8
-38.25,142.25,0.9956152758132956,0.040018473248304876,0.5083904779123845,3.1
-38.25,142.5,0.9961810466760962,0.02854814658437499,0.43285971935097883,2.7
-38.25,142.75,0.9987270155586987,0.02679073659825637,0.3895067143779709,0.9
-38.25,143.0,0.9984441301272985,0.02357781951000848,0.3817998845493773,1.1
-38.25,143.25,0.9994342291371995,0.02417583823917746,0.3800943705802784,0.4
-38.25,143.5,0.9855728429985856,0.03535189779055714,0.37785240921565044,10.2
-38.25,143.75,0.9934936350777935,0.06777127890735113,0.37902426407787027,4.6
-38.25,144.0,0.9984441301272985,0.0866876265435168,0.390775466300097,1.1
-38.25,144.25,0.9967468175388967,0.0936141550532944,0.43910696871631355,2.3
-38.25,144.5,0.9919377652050919,0.13254631103590553,0.6178857189821962,5.7
-38.25,145.25,0.9977369165487977,0.15307539794053426,0.4677474477480428,1.6
-38.25,145.5,0.9971711456859972,0.1826128973901291,0.36466207935268996,2.0
-38.25,145.75,0.9861386138613861,0.21580691771053906,0.3043621783105047,9.8
-38.25,146.0,0.994059405940594,0.25717392766758773,0.30855165453486566,4.2
-38.25,146.25,0.9994342291371995,0.3324381662803111,0.30593632036754503,0.4
-38.25,146.5,1.0,0.42077566518515197,0.2839213953901259,0.0
-38.25,146.75,0.9994342291371995,0.47672193233082905,0.27392401061147226,0.4
-38.25,147.0,0.9927864214992927,0.48708089266712107,0.3033342507179061,5.1
-38.25,147.25,0.9881188118811881,0.5259795191171084,0.45146432555031923,8.4
-38.5,142.75,0.9751060820367751,0.06710692967461196,0.5633996576516631,17.6
-38.5,143.0,0.9745403111739745,0.04100137400108439,0.4924636119708433,18.0
-38.5,143.25,0.9745403111739745,0.03183508597493945,0.38179550065045936,18.0
-38.5,143.5,0.9811881188118812,0.04452673711344868,0.363719460498961,13.3
-38.5,143.75,0.9736916548797737,0.080018963268082,0.3676955439965822,18.6
-38.5,144.0,0.9711456859971711,0.10270053457255224,0.46027789644838135,20.4
-38.5,145.25,0.998019801980198,0.22075835596702398,0.6758736452152704,1.4
-38.5,145.5,0.9946251768033946,0.2359770568587204,0.5956825603449891,3.8
-38.5,145.75,0.9898161244695898,0.24247896211023712,0.5241511425096552,7.2
-38.5,146.0,0.9973125884016973,0.2584719630643767,0.3966818675245638,1.9
-38.5,146.25,0.9957567185289957,0.32181518148698296,0.3763786616672855,3.0
-38.5,146.5,0.9806223479490807,0.40309876875403694,0.3599141234172823,13.7
-38.5,146.75,0.9939179632248939,0.49385457634679153,0.4488694442055237,4.3
-38.5,147.0,0.9922206506364922,0.5339809659167221,0.5271631389426701,5.5
-38.75,143.5,0.9424328147100425,0.12473845323050614,0.575366202790957,40.7
-38.75,146.0,0.9936350777934936,0.34635240812098145,0.6457988576081619,4.5
-40.75,144.75,0.9998585572842998,0.3500912253120245,0.8080213300922738,0.1
-41.0,144.75,0.9673267326732673,0.3223899091489868,0.6214148220802199,23.1
-41.0,145.0,0.9751060820367751,0.35268373415976917,0.49724286765514275,17.6
-41.0,145.25,0.9786421499292787,0.3913371635053543,0.4680862812294816,15.1
-41.0,145.5,0.9908062234794908,0.4516629423058759,0.4781395446020631,6.5
-41.0,145.75,0.9926449787835926,0.4865401799444794,0.5497299839000345,5.2
-41.0,147.0,0.9872701555869873,0.547664540112915,0.5907629393089391,9.0
-41.0,147.25,0.9581329561527582,0.5690770955426123,0.5689665645863984,29.6
-41.0,147.5,0.9743988684582744,0.5751070213256064,0.5042970767668826,18.1
-41.0,147.75,0.9851485148514851,0.5668955209769453,0.5049233457384027,10.5
-41.0,148.0,0.9874115983026874,0.5384115327702944,0.5033502996560918,8.9
-41.0,148.25,0.9636492220650636,0.5215601602164046,0.7070062257263556,25.7
-41.25,144.75,0.9332390381895332,0.34107171481202403,0.6833019201725467,47.2
-41.25,145.0,0.9554455445544554,0.35077972123001866,0.5412932349016079,31.5
-41.25,145.25,0.9661951909476661,0.4004230667503801,0.43066475596151504,23.9
-41.25,145.5,0.9745403111739745,0.45433660633520223,0.42120252919635576,18.0
-41.25,145.75,0.9997171145685997,0.5230156292248629,0.4063679632454946,0.2
-41.25,146.0,0.9816124469589816,0.5712981704772953,0.3193922145778235,13.0
-41.25,146.25,0.9978783592644979,0.5516974096172701,0.2622930271467041,1.5
-41.25,146.5,0.9899575671852899,0.5409514012454146,0.23036020779306945,7.1
-41.25,146.75,0.9946251768033946,0.5345628321868701,0.22695669050522374,3.8
-41.25,147.0,0.9936350777934936,0.5116052050799078,0.21681349273572315,4.5
-41.25,147.25,0.9811881188118812,0.46120156970329007,0.21249377280858392,13.3
-41.25,147.5,0.9974540311173975,0.49005025237052513,0.19016833240266273,1.8
-41.25,147.75,0.9844413012729845,0.5059111806441239,0.21682090668242254,11.0
-41.25,148.0,0.9710042432814711,0.48987745298154495,0.31623258390183767,20.5
-41.25,148.25,0.9468175388967468,0.4782735262091483,0.588600871278635,37.6
-41.5,145.0,0.9742574257425742,0.3537596609978554,0.6132310659542731,18.2
-41.5,145.25,0.9968882602545969,0.37017955993834684,0.4769428369011248,2.2
-41.5,145.5,0.9988684582743989,0.413384437120237,0.3944053829559573,0.8
-41.5,145.75,0.9912305516265912,0.5109622283000603,0.36735858011909384,6.2
-41.5,146.0,0.994059405940594,0.600580818757662,0.2493999965463902,4.2
-41.5,146.25,0.9912305516265912,0.6266365620654382,0.1818337991650355,6.2
-41.5,146.5,0.9942008486562942,0.5639546870813835,0.12068417924472005,4.1
-41.5,146.75,0.9946251768033946,0.5526116891654893,0.1330288598415973,3.8
-41.5,147.0,0.9892503536067893,0.5539736356684146,0.1690751544072862,7.6
-41.5,147.25,0.9922206506364922,0.5087229751867706,0.20332430023439896,5.5
-41.5,147.5,0.9711456859971711,0.4845585154990869,0.1418100269574003,20.4
-41.5,147.75,0.9676096181046676,0.4898268874480215,0.16084450345673815,22.9
-41.5,148.0,0.9809052333804809,0.47859028916101487,0.25774365216191275,13.5
-41.5,148.25,0.9837340876944838,0.476777853633201,0.5207044148063723,11.5
-41.75,145.0,0.9831683168316832,0.37582366164322334,0.5977934721430671,11.9
-41.75,145.25,0.994059405940594,0.368102161700269,0.3837963314573265,4.2
-41.75,145.5,0.9974540311173975,0.39902532311526173,0.25856298997585087,1.8
-41.75,145.75,0.9852899575671853,0.44357311807266575,0.25364385245806387,10.4
-41.75,146.0,0.9735502121640736,0.5020394601177565,0.2231925330622777,18.7
-41.75,146.25,0.995049504950495,0.5470140104714157,0.19045679939837173,3.5
-41.75,146.5,0.9700141442715701,0.5407108579644399,0.17524367088212822,21.2
-41.75,146.75,0.9776520509193777,0.5119856621504657,0.14186929017916936,15.8
-41.75,147.0,0.998019801980198,0.5066603183456633,0.15737485054087852,1.4
-41.75,147.25,0.9854314002828855,0.527750898426004,0.24326879156417675,10.3
-41.75,147.5,0.987977369165488,0.5345699625229631,0.22668746753638233,8.5
-41.75,147.75,0.9968882602545969,0.5178133999142023,0.21042512050669254,2.2
-41.75,148.0,0.9854314002828855,0.511517720569509,0.2544177556725548,10.3
-41.75,148.25,0.9745403111739745,0.5315312391372016,0.4993668666808728,18.0
-42.0,145.25,0.9652050919377652,0.41773625620205324,0.5449984192337427,24.6
-42.0,145.5,0.9951909476661952,0.39410317610317747,0.33340176943379407,3.4
-42.0,145.75,0.9768033946251768,0.41605791702151806,0.257835971915596,16.4
-42.0,146.0,0.9654879773691655,0.45815945271984015,0.3243834769031755,24.4
-42.0,146.25,0.9782178217821782,0.4899783061508133,0.415321448211595,15.4
-42.0,146.5,0.9691654879773691,0.5073317347406937,0.516605163089888,21.8
-42.0,146.75,0.9933521923620934,0.5070956120752523,0.4128220939582939,4.7
-42.0,147.0,0.9857142857142858,0.4735312409540505,0.30762452438282833,10.1
-42.0,147.25,0.9762376237623762,0.4502791522278856,0.23211355783565504,16.8
-42.0,147.5,0.9745403111739745,0.49115838354720776,0.2750894830326205,18.0
-42.0,147.75,0.9698727015558699,0.4953931958557315,0.2941924353883651,21.3
-42.0,148.0,0.9545968882602546,0.49355839352428443,0.34705903288333884,32.1
-42.0,148.25,0.9384724186704385,0.5636888323241034,0.5669782407852677,43.5
-42.25,145.5,0.9848656294200848,0.47885596638597183,0.39892120177329604,10.7
-42.25,145.75,0.9702970297029703,0.48629663282612257,0.3152386637604038,21.0
-42.25,146.0,0.9697312588401698,0.508067896752965,0.3346421549511572,21.4
-42.25,146.25,0.997029702970297,0.5559514930457685,0.39754849342462384,2.1
-42.25,146.5,0.9929278642149929,0.5739685095027032,0.4228804987417388,5.0
-42.25,146.75,0.9891089108910891,0.5796337643741731,0.39162813463963164,7.7
-42.25,147.0,0.9925035360678925,0.5531166141967925,0.3860380027109966,5.3
-42.25,147.25,0.9643564356435643,0.5127492984256361,0.36155300856973904,25.2
-42.25,147.5,0.9397454031117397,0.5096283460640724,0.3870877047427059,42.6
-42.25,147.75,0.9578500707213579,0.53392914777069,0.4175659883402923,29.8
-42.25,148.0,0.9602545968882602,0.539070174427136,0.5180315097312032,28.1
-42.5,145.5,0.9471004243281471,0.5452542394954629,0.4596582839116154,37.4
-42.5,145.75,0.9541725601131542,0.5496039033414446,0.32021248719373674,32.4
-42.5,146.0,0.9632248939179632,0.5685152561011373,0.30010313992537263,26.0
-42.5,146.25,0.9646393210749646,0.6162277476161595,0.2899734967845116,25.0
-42.5,146.5,0.9881188118811881,0.6560810373724899,0.22588806679215553,8.4
-42.5,146.75,0.9994342291371995,0.6625601879882279,0.20498637814620457,0.4
-42.5,147.0,0.9930693069306931,0.6136577480694722,0.25705776538856423,4.9
-42.5,147.25,0.9806223479490807,0.5614400226492502,0.3045845322423854,13.7
-42.5,147.5,0.9745403111739745,0.5409349264381358,0.32706387651142127,18.0
-42.5,147.75,0.9854314002828855,0.5234877122031947,0.37769139763406967,10.3
-42.75,145.5,0.9428571428571428,0.5857258749062556,0.5470257468414226,40.4
-42.75,145.75,0.9727015558698727,0.5831640889467999,0.3420202890645598,19.3
-42.75,146.0,0.9991513437057992,0.6013893000946416,0.29726748260287583,0.6
-42.75,146.25,0.9874115983026874,0.6407444973125003,0.2988383045011769,8.9
-42.75,146.5,0.9912305516265912,0.7145003153138392,0.2421127155146063,6.2
-42.75,146.75,0.9896746817538897,0.7248546793379025,0.18026176847107697,7.3
-42.75,147.0,0.9985855728429985,0.6876376118036678,0.18166468059391166,1.0
-42.75,147.25,0.9973125884016973,0.5817960937503415,0.2071826631522539,1.9
-42.75,147.5,0.9984441301272985,0.534115722197086,0.2846037847147054,1.1
-42.75,147.75,0.979066478076379,0.5445602962993369,0.38887146808403444,14.8
-43.0,145.75,0.9527581329561527,0.6443125907748037,0.5265174003024264,33.4
-43.0,146.0,0.9700141442715701,0.6310844055659377,0.32709301654540507,21.2
-43.0,146.25,0.977086280056577,0.6558847356678874,0.30141315207260855,16.2
-43.0,146.5,0.9708628005657709,0.7281238055102661,0.2391637053939856,20.6
-43.0,146.75,0.9886845827439887,0.7401434257462067,0.2313614290602747,8.0
-43.0,147.0,0.9920792079207921,0.7104051200822481,0.2007122378739913,5.6
-43.0,147.25,0.9994342291371995,0.6123947888760863,0.25565499832120847,0.4
-43.0,147.5,0.9818953323903818,0.6174924111182751,0.4309084169315189,12.8
-43.0,147.75,0.9603960396039604,0.6473112796073437,0.61134358794553,28.0
-43.25,146.0,0.9355021216407355,0.7156924330399186,0.5750586851756856,45.6
-43.25,146.25,0.9393210749646393,0.7115328403737775,0.36911354188922263,42.9
-43.25,146.5,0.9524752475247524,0.750871319752982,0.28842106469748024,33.6
-43.25,146.75,0.9734087694483734,0.7598236177998254,0.2801954681245082,18.8
-43.25,147.0,0.9854314002828855,0.7196485733750253,0.3605792350225971,10.3
-43.5,146.25,0.904950495049505,0.8163831717375376,0.6574029413402315,67.2
-43.5,146.5,0.9265912305516266,0.8183858646764235,0.5660966741708808,51.9
-43.5,146.75,0.943988684582744,0.7940981226264576,0.5474333527371361,39.6
