Latitude,Longitude,Mean Correlation,min_distance_to_line_km,avg_capacity_factor,avg_solar_radiation,score_km,score_wind_correlation,score_wind_capacity,score_solar_radiation
-10.75,142.5,0.0563961921126714,597.4,0.5500482,475.25894,3,44,100,55
-11.0,142.25,0.060104789424111,589.0,0.32923928,478.09567,3,41,58,52
-11.0,142.5,0.0548407893716579,574.1,0.37265462,472.8029,3,45,75,57
-11.25,131.25,0.0180665558442429,126.9,0.16114305,502.90063,51,85,12,25
-11.25,142.25,0.0533907411886113,566.6,0.24336666,467.21436,4,47,25,61
-11.25,142.5,0.0526182097127838,551.1,0.2517162,464.2548,4,48,27,63
-11.25,142.75,0.0475561281400067,536.6,0.42601633,458.25482,5,54,89,68
-11.5,130.25,0.009766092945245,107.5,0.102242686,483.81622,55,93,3,47
-11.5,130.5,0.0094729613145491,100.0,0.083491296,478.73813,57,93,2,52
-11.5,130.75,0.0118061133482981,95.3,0.09198306,475.04236,58,91,3,55
-11.5,131.0,0.0165993983607872,94.4,0.0929354,486.70135,59,87,3,45
-11.5,131.25,0.012261237909219,101.5,0.10315273,500.33658,57,91,3,29
-11.5,132.5,0.0244357420949243,175.7,0.16264854,490.95383,42,79,12,40
-11.5,132.75,0.0270500148785123,193.8,0.20302247,484.7638,39,77,18,46
-11.5,133.0,0.0251821797596113,213.5,0.25054333,486.49368,36,79,26,45
-11.5,142.25,0.052971928328805,544.7,0.21939181,454.69913,5,47,21,71
-11.5,142.5,0.0511782932427844,528.5,0.22567928,451.85965,5,50,22,73
-11.5,142.75,0.0447520036616229,513.4,0.386154,450.6931,6,58,79,74
-11.75,130.25,0.0017763764675085,83.2,0.09712182,486.0655,61,99,3,45
-11.75,130.5,0.0025627819627212,73.3,0.08692212,479.33423,64,98,2,51
-11.75,130.75,0.0101947373000993,68.8,0.09485871,477.2397,65,92,3,53
-11.75,131.0,0.013799616715516,67.6,0.105195604,488.13184,65,89,4,43
-11.75,132.75,0.0308749361141097,174.7,0.12550688,483.7285,42,73,6,47
-11.75,133.0,0.0314084759138668,195.5,0.12835407,484.95145,39,73,6,46
-11.75,133.25,0.0249920147651296,217.4,0.20862399,490.22888,35,79,19,41
-11.75,142.25,0.0506374051617014,523.1,0.19551447,445.21802,6,50,17,77
-11.75,142.5,0.0508640819118313,506.4,0.213569,443.6092,6,50,20,78
-11.75,142.75,0.045129367465242,490.6,0.3555327,442.75223,7,57,70,79
-12.0,132.75,0.0343220750795721,156.8,0.105837844,483.0351,45,70,4,48
-12.0,133.0,0.0371528974102277,179.2,0.09740258,482.90634,41,67,3,48
-12.0,133.25,0.0264677455895469,202.8,0.116312094,485.96964,37,77,5,45
-12.0,133.5,0.0160720837177775,227.4,0.12934397,489.60107,33,87,6,42
-12.0,133.75,0.0106899982750681,252.6,0.14725357,487.51578,30,92,9,44
-12.0,134.0,0.0110717791692531,278.3,0.20784406,482.7426,26,92,19,48
-12.0,135.75,-0.0037065899429199,402.3,0.3128103,458.93408,13,97,47,67
-12.0,136.5,-0.0197925397461014,465.3,0.2709183,450.93982,9,83,31,74
-12.0,142.0,0.0528775826856006,520.4,0.18849057,442.77036,6,48,16,79
-12.0,142.25,0.051983283065714,502.1,0.18589324,438.7296,7,49,16,81
-12.0,142.5,0.0516564942430704,484.7,0.18832675,438.30087,8,49,16,81
-12.0,142.75,0.0471778180516724,468.2,0.24706486,443.3722,9,55,26,78
-12.0,143.0,0.0382096205594106,452.7,0.4159322,452.54498,10,65,87,72
-12.25,131.25,0.0223843555024359,36.8,0.12992238,503.26416,75,81,6,25
-12.25,132.25,0.0387379692423911,97.2,0.1536632,500.30292,58,65,10,29
-12.25,132.5,0.0346808278988603,118.2,0.10299755,493.22302,53,69,3,38
-12.25,132.75,0.0337738969086092,141.2,0.08449861,484.90692,48,70,2,46
-12.25,133.0,0.0336409962665389,165.7,0.096445,480.73785,44,70,3,50
-12.25,133.25,0.0193833817384161,191.0,0.10664691,479.66635,39,84,4,51
-12.25,133.5,0.0080590241566477,216.9,0.12033081,479.20374,35,94,5,51
-12.25,133.75,-6.573545923900036e-05,243.1,0.12418363,476.92868,31,100,6,53
-12.25,134.0,-0.0050619858852726,269.7,0.12083505,472.953,27,96,5,57
-12.25,134.25,-0.0068126227950588,281.0,0.1256035,469.6846,26,95,6,59
-12.25,134.5,-0.0048685467197737,294.3,0.13218045,468.70517,24,96,7,60
-12.25,134.75,-0.0035159217692645,309.4,0.14095543,468.2803,22,97,8,60
-12.25,135.0,-0.0026661965236555,326.1,0.15204933,463.85635,20,98,10,64
-12.25,135.25,-0.0021193503391086,344.2,0.15609728,458.12198,18,99,11,68
-12.25,135.5,-0.0026073627040854,363.5,0.15629373,454.36398,16,98,11,71
-12.25,135.75,-0.0075805898395455,383.8,0.16522136,445.11307,15,94,12,77
-12.25,136.0,-0.0178404549530352,404.9,0.18363355,434.36047,13,86,15,83
-12.25,136.5,-0.0212835661867367,449.2,0.14551426,437.61777,10,82,9,81
-12.25,136.75,-0.031160991139976,472.2,0.18746455,452.46436,8,73,16,72
-12.25,141.75,0.0568511826828831,520.1,0.17752324,457.6087,6,43,14,69
-12.25,142.0,0.0529460825822925,500.7,0.15476571,440.9858,7,47,11,80
-12.25,142.25,0.0515442959698183,481.7,0.16165769,435.64066,8,49,12,82
-12.25,142.5,0.050162322375746,463.5,0.17136942,436.20715,9,51,13,82
-12.25,142.75,0.0450963428066599,446.2,0.20848493,442.9869,10,57,19,79
-12.25,143.0,0.0393354775672335,430.1,0.32467377,452.11646,11,64,55,73
-12.5,130.75,-0.0049065601125004,5.6,0.095398076,493.49905,93,96,3,38
-12.5,131.0,-0.0094395288754077,2.0,0.07533763,497.8793,98,93,2,31
-12.5,131.25,-0.0031128103853136,11.3,0.07396415,502.3395,89,98,2,26
-12.5,131.5,0.0070284320351978,23.5,0.07969139,505.75204,81,95,2,20
-12.5,131.75,0.012638777009921,39.0,0.08555665,506.997,74,90,2,18
-12.5,132.0,0.0153227991166724,58.5,0.089858726,505.70502,68,88,2,20
-12.5,132.25,0.017635167884596,79.9,0.088811755,502.1759,62,86,2,26
-12.5,132.5,0.0155943431007298,104.0,0.080187656,496.0799,56,88,2,34
-12.5,132.75,0.0194928381503337,129.5,0.081341356,489.64325,51,84,2,42
-12.5,133.0,0.0110102342341893,155.8,0.09840398,484.01608,45,92,3,47
-12.5,133.25,0.0002018687409526,182.4,0.120754845,481.1503,41,100,5,50
-12.5,133.5,-0.0040347390941211,209.3,0.14773272,479.11777,36,97,9,51
-12.5,133.75,-0.0087571261655761,235.2,0.14955164,476.15146,32,93,10,54
-12.5,134.0,-0.0133606113316047,244.8,0.13142814,472.38538,31,90,6,57
-12.5,134.25,-0.0137542336258948,256.9,0.11823366,469.57358,29,89,5,59
-12.5,134.5,-0.0088201507427064,271.3,0.115439035,467.71515,27,93,5,61
-12.5,134.75,-0.0064430819114758,287.6,0.1120013,466.45853,25,95,4,62
-12.5,135.0,-0.0051316659229563,305.5,0.110952444,463.74512,23,96,4,64
-12.5,135.25,-0.0020093506229819,324.7,0.11805301,458.0449,20,99,5,68
-12.5,135.5,-0.0045048875340615,345.0,0.121054724,451.35208,18,97,5,73
-12.5,135.75,-0.0112356935248022,366.3,0.11800946,444.04764,16,91,5,78
-12.5,136.0,-0.0186620244279592,388.3,0.12130823,434.7889,14,85,5,82
-12.5,136.25,-0.0204521299328743,411.0,0.118485145,431.22006,13,83,5,84
-12.5,136.5,-0.0245123274264014,434.3,0.124850094,439.13318,11,79,6,80
-12.5,136.75,-0.0369385686969118,458.0,0.1828501,455.42514,9,67,15,70
-12.5,141.75,0.0570430445529165,500.3,0.19053853,458.60178,7,43,16,68
-12.5,142.0,0.0523971147170024,481.4,0.15070412,441.92416,8,48,10,79
-12.5,142.25,0.0492699345706829,461.9,0.1421633,437.1055,9,52,9,81
-12.5,142.5,0.0457009250253793,443.0,0.15666682,437.89752,10,56,11,81
-12.5,142.75,0.0415070699350464,424.9,0.17219748,442.40244,11,62,13,79
-12.5,143.0,0.0377730179101317,407.9,0.21888386,449.44174,13,66,21,75
-12.5,143.25,0.0324412548914551,392.1,0.3687033,456.5597,14,72,74,69
-12.75,130.5,-0.0122080553428358,5.9,0.091442466,491.77707,93,91,3,40
-12.75,130.75,-0.0258342762699439,1.6,0.074010186,486.9357,98,78,2,45
-12.75,131.0,-0.0234056582785255,3.7,0.073470004,488.5263,96,80,2,43
-12.75,131.25,-0.0197353487954907,12.5,0.07122571,494.1086,88,83,1,37
-12.75,131.5,-0.0118582643420224,0.9,0.07262528,498.93994,99,91,1,30
-12.75,131.75,-0.0087874802780182,19.8,0.07803076,501.09982,83,93,2,27
-12.75,132.0,-0.0024323043468896,42.4,0.0815264,500.6942,73,98,2,28
-12.75,132.25,0.0031323594129866,68.6,0.08040449,498.42047,65,98,2,31
-12.75,132.5,0.0009175223786206,95.6,0.08042066,496.71567,58,100,2,33
-12.75,132.75,-0.0041595817454868,122.8,0.08975076,493.62222,52,97,2,37
-12.75,133.0,-0.0122721670899495,150.2,0.11417581,489.72485,47,91,4,42
-12.75,133.25,-0.0124227904260069,177.6,0.14479156,487.36862,42,91,9,44
-12.75,133.5,-0.0109773407224565,201.6,0.16914481,485.57773,38,92,13,46
-12.75,133.75,-0.0090781742662546,209.4,0.1687319,482.43365,36,93,13,48
-12.75,134.0,-0.0105987982530634,220.0,0.15527387,479.07648,35,92,11,51
-12.75,134.25,-0.0118535521420112,233.5,0.14542948,475.88373,32,91,9,54
-12.75,134.5,-0.0082470616924443,249.2,0.13885088,473.08865,30,94,8,57
-12.75,134.75,-0.0044983002894912,266.8,0.11909633,469.5033,28,97,5,59
-12.75,135.0,0.0007101513227791,285.9,0.10990508,466.44336,25,100,4,62
-12.75,135.25,0.0001486707767028,306.4,0.12031948,460.50104,23,100,5,66
-12.75,135.5,-0.0111022678026486,327.8,0.124830626,454.314,20,91,6,71
-12.75,135.75,-0.0182575065358486,350.1,0.11482149,448.08594,18,85,4,75
-12.75,136.0,-0.0204314616432557,373.0,0.098906815,444.1168,16,83,3,78
-12.75,136.25,-0.0231688093001399,396.6,0.100756876,442.064,14,80,3,79
-12.75,136.5,-0.0345852023589291,420.5,0.15167777,446.93518,12,69,10,76
-12.75,142.0,0.0531413212884217,461.6,0.1642951,446.18088,9,47,12,77
-12.75,142.25,0.049915538477667,442.6,0.14570512,442.56375,10,51,9,79
-12.75,142.5,0.042716043939886,423.2,0.15460256,442.8109,12,60,11,79
-12.75,142.75,0.0389140458622326,404.3,0.17520995,443.1439,13,65,14,78
-12.75,143.0,0.0367171773398738,386.4,0.21096197,444.62967,15,67,19,77
-12.75,143.25,0.0332847920756432,369.7,0.30939013,443.67313,16,71,45,78
-13.0,130.25,-0.0185489128964642,28.3,0.10399284,491.2762,78,85,4,40
-13.0,130.5,-0.0323497806609209,20.8,0.07392615,486.29758,82,72,2,45
-13.0,130.75,-0.0331654962313006,21.8,0.076495565,480.93124,82,71,2,50
-13.0,131.0,-0.0304945204983509,6.4,0.078721344,483.12427,93,73,2,48
-13.0,131.25,-0.0267780526376251,16.2,0.077053554,488.7274,85,77,2,43
-13.0,131.5,-0.0228874507193852,18.9,0.08097267,493.66818,83,81,2,37
-13.0,131.75,-0.0175254404788748,15.3,0.08766887,496.41907,86,86,2,34
-13.0,132.0,-0.0130025088415658,40.2,0.091415875,496.70917,74,90,3,33
-13.0,132.25,-0.0081299808960119,67.2,0.08441171,497.6318,65,94,2,32
-13.0,132.5,-0.0118576522403773,94.5,0.086393945,497.50797,59,91,2,32
-13.0,132.75,-0.0195834059756071,122.0,0.099927485,497.97794,52,84,3,31
-13.0,133.0,-0.020733902356421,149.5,0.13887061,494.9182,47,82,8,36
-13.0,133.25,-0.0160434242249244,168.2,0.17349805,493.52112,43,87,14,38
-13.0,133.5,-0.0097811382369227,175.4,0.18300755,491.48358,42,92,15,40
-13.0,133.75,-0.0056694368876162,183.9,0.17496748,488.2821,40,96,14,43
-13.0,134.0,-0.0026718233290704,196.0,0.15065771,485.58328,38,98,10,46
-13.0,134.25,-0.0035049662819974,210.9,0.13818058,482.528,36,97,8,48
-13.0,134.5,-0.0040909138835212,228.1,0.12556149,478.40125,33,97,6,52
-13.0,134.75,-0.0010966733718911,247.2,0.112350054,473.86426,31,100,4,56
-13.0,135.0,0.0050643571974,267.7,0.10960536,469.6843,28,96,4,59
-13.0,135.25,-0.0007917065439479,289.4,0.12360398,463.21207,25,100,5,64
-13.0,135.5,-0.0144643721738941,312.0,0.1160995,458.0771,22,89,5,68
-13.0,135.75,-0.0255014007791898,335.2,0.10498745,455.36316,19,78,4,70
-13.0,136.0,-0.028908536834864,359.1,0.100237146,453.2368,17,75,3,72
-13.0,136.25,-0.0329434684408451,383.4,0.11870205,455.38864,15,71,5,70
-13.0,136.5,-0.0413920790566841,408.2,0.17522475,460.69434,13,62,14,66
-13.0,141.75,0.0567672986670264,462.1,0.1828286,468.5207,9,43,15,60
-13.0,142.0,0.0500555376389196,442.1,0.15483756,452.06552,10,51,11,73
-13.0,142.25,0.0499462704307266,422.8,0.14964157,448.30762,12,51,10,75
-13.0,142.5,0.0432658853064779,403.9,0.15654707,447.65344,13,59,11,76
-13.0,142.75,0.0387044183200313,384.4,0.1783539,445.97153,15,65,15,77
-13.0,143.0,0.0389162134024358,365.6,0.18863893,439.64694,16,65,16,80
-13.0,143.25,0.0367917633726305,347.9,0.24190366,435.1837,18,67,25,82
-13.25,130.25,-0.0222473161649845,51.7,0.11676333,483.21957,70,81,5,48
-13.25,130.5,-0.029209819299701,47.8,0.084140286,483.05426,71,75,2,48
-13.25,130.75,-0.0302385532995685,37.7,0.08731482,480.55258,74,74,2,50
-13.25,131.0,-0.0331221305521293,11.2,0.08707664,483.4584,89,71,2,48
-13.25,131.25,-0.0330721005963693,8.4,0.087014385,488.31635,91,71,2,43
-13.25,131.5,-0.0341030452733061,26.6,0.09240691,492.5693,79,70,3,39
-13.25,131.75,-0.0309291583264157,39.1,0.100853115,495.03506,74,73,3,36
-13.25,132.0,-0.0248514515037337,54.0,0.098568514,496.7919,69,79,3,33
-13.25,132.25,-0.0204259494807393,72.2,0.096275434,497.4484,64,83,3,32
-13.25,132.5,-0.0216687297652935,91.1,0.104706466,499.36282,59,82,4,30
-13.25,132.75,-0.022168564991582,113.5,0.12404033,500.20374,54,81,6,29
-13.25,133.0,-0.0181502318231477,137.3,0.17417328,498.74,49,85,14,30
-13.25,133.25,-0.0123522036487147,141.7,0.19090463,496.21744,48,91,16,34
-13.25,133.5,-0.0056442755385346,149.1,0.18876965,493.8128,47,96,16,37
-13.25,133.75,0.0041446143667036,159.0,0.15547755,491.82635,45,97,11,40
-13.25,134.0,0.0097693366480858,172.8,0.13440655,488.9823,42,92,7,43
-13.25,134.25,0.0107587964030071,189.5,0.12203394,487.16757,40,92,5,44
-13.25,134.5,0.0141649364477156,208.5,0.11404786,482.74954,36,89,4,48
-13.25,134.75,0.0057336592123777,229.2,0.11779826,478.03357,33,96,5,52
-13.25,135.0,0.0076326390262693,251.1,0.11976543,473.1998,30,94,5,56
-13.25,135.25,-0.0028493559732894,274.1,0.12722343,466.60263,27,98,6,62
-13.25,135.5,-0.0217922924990749,297.8,0.10491598,461.7329,24,82,4,65
-13.25,135.75,-0.0317875938379161,322.0,0.102985755,459.30917,21,72,3,67
-13.25,136.0,-0.0436220430842478,346.7,0.1624606,462.27087,18,59,12,65
-13.25,141.75,0.0551354458732974,444.1,0.15867291,471.22388,10,45,11,58
-13.25,142.0,0.0461357887878659,423.4,0.14550763,455.99692,12,56,9,70
-13.25,142.25,0.0493241388084633,403.4,0.15474643,452.49222,13,52,11,72
-13.25,142.5,0.0447330694823038,384.1,0.15947823,451.91394,15,58,12,73
-13.25,142.75,0.0444430056197147,365.3,0.17862888,447.779,16,58,15,76
-13.25,143.0,0.0442637389326202,345.7,0.18710011,440.82306,18,58,16,80
-13.25,143.25,0.0386608144473506,327.0,0.1871583,430.70346,20,65,16,84
-13.25,143.5,0.0301447469829803,309.5,0.26605687,430.05835,22,74,30,84
-13.5,130.0,-0.0226369119692771,88.6,0.1299305,484.22665,60,81,6,47
-13.5,130.25,-0.0244791946056509,77.7,0.108122654,479.58194,63,79,4,51
-13.5,130.5,-0.0254248368221202,72.3,0.09271715,481.8849,64,78,3,49
-13.5,130.75,-0.0291250479740223,48.5,0.095932275,484.60754,71,75,3,47
-13.5,131.0,-0.0310376991368164,30.1,0.099498115,487.60123,77,73,3,44
-13.5,131.25,-0.0359804649770792,10.9,0.09661199,490.2347,89,68,3,41
-13.5,131.5,-0.0338202294450075,11.3,0.106181234,494.29117,89,70,4,37
-13.5,131.75,-0.0294689892103806,21.5,0.111559644,496.42865,82,74,4,34
-13.5,132.0,-0.0205319017238382,34.6,0.11167631,498.0726,76,83,4,31
-13.5,132.25,-0.0175553628865773,52.6,0.11636671,499.2842,69,86,5,30
-13.5,132.5,-0.0162942282545069,76.5,0.13060568,500.85678,63,87,6,28
-13.5,132.75,-0.013806224401508,102.1,0.13646686,501.98413,57,89,7,26
-13.5,133.0,-0.0085629674472979,110.1,0.17916882,500.93472,55,93,15,28
-13.5,133.25,-0.0020081441539029,115.4,0.19106483,498.04172,54,99,16,31
-13.5,133.5,0.005635530792088,123.2,0.16468066,495.053,52,96,12,35
-13.5,133.75,0.0185908018394998,135.0,0.13838033,493.15222,49,85,8,38
-13.5,134.0,0.0238591197772794,150.9,0.12438525,492.2882,46,80,6,39
-13.5,134.25,0.0288708325359039,169.8,0.11485267,490.0486,43,75,5,41
-13.5,134.5,0.0270532215798517,190.7,0.12133068,486.566,39,77,5,45
-13.5,134.75,0.0176270031381309,213.1,0.13314085,482.0689,36,86,7,49
-13.5,135.0,0.0077513343815336,236.5,0.12959981,476.70715,32,94,6,53
-13.5,135.25,-0.0043299590071131,260.7,0.12155718,470.31824,29,97,5,59
-13.5,135.5,-0.0209253134059032,285.4,0.10209835,465.72537,25,82,3,62
-13.5,135.75,-0.0339037288822943,310.6,0.10769401,465.9426,22,70,4,62
-13.5,141.75,0.0560100546594531,426.7,0.14788756,474.4373,11,44,9,55
-13.5,142.0,0.0473971687878171,405.4,0.14096223,459.17398,13,54,8,67
-13.5,142.25,0.0503672396531328,384.8,0.14865628,456.61975,15,51,10,69
-13.5,142.5,0.0494579117346022,364.7,0.15410547,456.22684,16,52,10,70
-13.5,142.75,0.0487031211117504,345.5,0.16916028,451.9757,18,53,13,73
-13.5,143.0,0.0477541399809221,326.6,0.18616576,441.39343,20,54,16,79
-13.5,143.25,0.0427070838260641,307.0,0.18426473,431.3564,22,60,15,84
-13.5,143.5,0.0335973196485567,288.4,0.24696636,430.1696,25,70,26,84
-13.75,130.0,-0.02449921356248,112.7,0.09720353,482.2334,54,79,3,49
-13.75,130.25,-0.0285583861036381,104.3,0.093987405,478.5342,56,75,3,52
-13.75,130.5,-0.029559796893279,87.0,0.10109179,481.71243,60,74,3,49
-13.75,130.75,-0.0308829271883171,68.5,0.10608155,487.2447,65,73,4,44
-13.75,131.0,-0.0287640306167304,48.3,0.10236309,490.81332,71,75,3,41
-13.75,131.25,-0.0246393677215868,27.3,0.10613663,493.43506,79,79,4,38
-13.75,131.5,-0.0202498097513203,13.5,0.117415264,496.45786,87,83,5,34
-13.75,131.75,-0.0085787686297581,0.5,0.12674442,498.2673,100,93,6,31
-13.75,132.0,-0.0039913380651601,15.5,0.12859708,500.5802,86,97,6,28
-13.75,132.25,-0.0024131784460526,42.3,0.13959686,502.24817,73,98,8,26
-13.75,132.5,-0.0022986684327146,66.3,0.15010288,502.39548,66,99,10,26
-13.75,132.75,0.0060065850127665,83.9,0.14138874,503.31027,61,96,8,25
-13.75,133.0,0.0094032029687826,82.9,0.17372453,502.77002,61,93,14,25
-13.75,133.25,0.0137084867149713,89.6,0.17406894,500.80566,60,89,14,28
-13.75,133.5,0.0250901936481352,98.0,0.15216807,496.70062,58,79,10,33
-13.75,133.75,0.0332537644376446,112.5,0.13540447,495.12415,54,71,7,35
-13.75,134.0,0.0391274693909855,131.1,0.12282007,494.32016,50,64,5,37
-13.75,134.25,0.039447639857064,152.4,0.124220446,492.49768,46,64,6,39
-13.75,134.5,0.0396729572698296,175.4,0.13438578,489.12628,42,64,7,42
-13.75,134.75,0.0237227122609814,199.4,0.14404066,484.8001,38,80,9,46
-13.75,135.0,0.0057491579857014,224.2,0.12944302,480.0757,34,96,6,50
-13.75,135.25,-0.0034462774972087,249.6,0.11371641,475.3594,30,97,4,54
-13.75,135.5,-0.0162065843322558,275.3,0.10337468,473.71072,27,87,3,56
-13.75,135.75,-0.0317613816267112,301.3,0.110040456,474.73444,23,72,4,55
-13.75,141.5,0.0440930629947355,433.0,0.21792175,490.25983,11,58,20,41
-13.75,141.75,0.0563205729504781,410.3,0.13668723,478.81122,13,44,7,52
-13.75,142.0,0.048770124316659,388.3,0.13118075,462.97943,14,53,6,65
-13.75,142.25,0.0521438221336298,366.9,0.14189339,460.5147,16,48,9,66
-13.75,142.5,0.0507884481722222,346.2,0.14450535,460.2521,18,50,9,67
-13.75,142.75,0.051601942730624,326.0,0.16132055,455.70554,20,49,12,70
-13.75,143.0,0.0498783384183687,306.8,0.17465961,445.6929,23,51,14,77
-13.75,143.25,0.051659235070526,288.0,0.15190041,434.43707,25,49,10,83
-13.75,143.5,0.0438492585195317,268.3,0.1989322,433.37692,27,59,18,83
-14.0,126.75,-0.0044086674416792,229.1,0.1384984,503.88025,33,97,8,24
-14.0,127.0,-0.0079587219327333,211.5,0.13213214,507.1991,36,94,7,17
-14.0,127.25,-0.006105348529915,196.1,0.1607862,511.8077,38,95,12,6
-14.0,129.75,-0.0158066590277788,149.5,0.11567043,492.63898,47,87,5,39
-14.0,130.0,-0.0260752709504837,138.0,0.0893784,481.3386,49,78,2,49
-14.0,130.25,-0.0297824465270553,125.6,0.095238246,476.88974,52,74,3,53
-14.0,130.5,-0.0325137522409758,106.8,0.10957287,481.51437,56,72,4,49
-14.0,130.75,-0.0296481676212611,86.6,0.10939966,488.69943,60,74,4,43
-14.0,131.0,-0.0200311814243572,65.9,0.10730128,492.16785,66,83,4,39
-14.0,131.25,-0.0186721505175921,48.4,0.10833657,496.73718,71,85,4,33
-14.0,131.5,-0.006558963983497,38.7,0.12268844,499.25098,74,95,5,30
-14.0,131.75,0.0051859096080685,18.8,0.13213986,501.9859,83,96,7,26
-14.0,132.0,0.011941374097729,5.2,0.13736732,504.08682,94,91,8,24
-14.0,132.25,0.0145395050579238,29.2,0.15603043,505.1141,78,89,11,22
-14.0,132.5,0.0182779397970686,53.2,0.16874756,503.96292,69,85,13,24
-14.0,132.75,0.0271674534350278,56.8,0.15020058,504.17703,68,77,10,23
-14.0,133.0,0.0247867265306662,55.8,0.17235406,504.0818,68,79,13,24
-14.0,133.25,0.0306309169462543,62.9,0.17248073,502.07208,67,73,14,26
-14.0,133.5,0.0413003779770362,74.2,0.14444375,499.33353,64,62,9,30
-14.0,133.75,0.0496179206463109,92.5,0.13233176,497.77145,59,52,7,32
-14.0,134.0,0.0511988928851981,114.4,0.1348025,495.9649,54,50,7,34
-14.0,134.25,0.0528233164680256,138.3,0.13860177,494.27313,49,48,8,37
-14.0,134.5,0.0430118410071979,163.2,0.14764892,490.95755,44,60,9,40
-14.0,134.75,0.0278693143966111,188.8,0.15232095,486.35217,40,76,10,45
-14.0,135.0,0.0031097842282092,214.8,0.12468389,483.37958,35,98,6,48
-14.0,135.25,-0.0041707853276637,241.0,0.10518776,482.6709,31,97,4,48
-14.0,135.5,-0.0166652420602206,267.5,0.103982136,483.14313,28,87,4,48
-14.0,135.75,-0.0377568185027311,294.1,0.14365867,486.05844,24,66,9,45
-14.0,141.75,0.0549039626297252,395.2,0.12911314,482.1683,14,45,6,49
-14.0,142.0,0.050835391156198,372.3,0.12732778,467.8432,16,50,6,61
-14.0,142.25,0.0510725981323048,350.0,0.13697976,464.57147,18,50,8,63
-14.0,142.5,0.051937088747287,328.4,0.15093313,464.31177,20,49,10,63
-14.0,142.75,0.0510299697828789,307.6,0.16471916,460.22717,22,50,12,67
-14.0,143.0,0.0543536645182896,287.3,0.17397381,451.25748,25,46,14,73
-14.0,143.25,0.0575191435093681,268.2,0.14416221,440.4026,27,43,9,80
-14.0,143.5,0.0543531608102577,249.4,0.14529793,438.04178,30,46,9,81
-14.25,126.25,-0.0185955205477685,252.8,0.12699714,500.22324,30,85,6,29
-14.25,126.5,-0.0171569686388552,230.7,0.10605056,493.84128,33,86,4,37
-14.25,126.75,-0.0204541212302588,209.8,0.09600988,494.55908,36,83,3,36
-14.25,127.0,-0.0182912912319547,190.5,0.11339015,497.47812,39,85,4,32
-14.25,127.25,-0.0120827387020524,173.2,0.14106874,503.11047,42,91,8,25
-14.25,127.5,-0.0030101099032132,158.8,0.16453879,512.58954,45,98,12,5
-14.25,129.5,-0.0177523215861237,173.8,0.15922135,507.26013,42,86,12,17
-14.25,129.75,-0.0262116869412628,173.8,0.102507584,495.45673,42,77,3,35
-14.25,130.0,-0.0330984572403221,164.0,0.091013476,482.6929,44,71,3,48
-14.25,130.25,-0.0348733051175562,145.3,0.103695974,478.26248,47,69,4,52
-14.25,130.5,-0.0314124941925651,125.1,0.11135541,482.70615,52,72,4,48
-14.25,130.75,-0.0240797079689357,104.5,0.11250006,490.27667,56,80,4,41
-14.25,131.0,-0.0217677748497364,86.2,0.111873865,494.36432,61,82,4,37
-14.25,131.25,-0.0165195571879545,73.6,0.11302948,498.75565,64,87,4,30
-14.25,131.5,-0.0079426505868988,55.8,0.11219753,502.29425,68,94,4,26
-14.25,131.75,0.0066913324696499,31.8,0.124437094,505.01022,77,95,6,22
-14.25,132.0,0.0202265364871848,7.9,0.13995317,506.60712,91,83,8,19
-14.25,132.25,0.0288477585617718,16.1,0.1624956,507.39346,85,75,12,17
-14.25,132.5,0.0349403503883097,28.0,0.1721819,505.32584,78,69,13,21
-14.25,132.75,0.039404564393529,30.2,0.15690193,504.84897,77,64,11,22
-14.25,133.0,0.0392427124964472,29.1,0.17313763,504.529,78,64,14,23
-14.25,133.25,0.0476580399554222,36.9,0.1675332,503.97256,75,54,13,24
-14.25,133.5,0.0567050934059634,54.0,0.14088811,502.46857,69,44,8,26
-14.25,133.75,0.0598618795208278,77.2,0.13153757,500.3924,63,41,7,28
-14.25,134.0,0.0625519819912456,102.4,0.13842945,498.05878,57,39,8,31
-14.25,134.25,0.0539114743116356,128.4,0.15112384,494.98718,51,46,10,36
-14.25,134.5,0.0410703493570465,154.9,0.16093725,491.71533,46,62,12,40
-14.25,134.75,0.0264861625264443,181.6,0.1549542,488.28564,41,77,11,43
-14.25,135.0,0.0028597757364401,208.4,0.12512906,486.80396,36,98,6,45
-14.25,135.25,-0.0053216652512284,235.4,0.106503695,489.44156,32,96,4,42
-14.25,135.5,-0.02500398580506,262.4,0.13015026,493.9631,28,79,6,37
-14.25,135.75,-0.0421270916127555,289.4,0.1935119,494.78796,25,61,17,36
-14.25,141.75,0.0500047359504692,381.5,0.13253586,485.68512,15,51,7,46
-14.25,142.0,0.0509252011687273,357.7,0.12900177,472.03894,17,50,6,57
-14.25,142.25,0.0531791476656854,334.5,0.14624767,469.35345,19,47,9,59
-14.25,142.5,0.0515356803246374,311.8,0.16104758,468.44583,22,49,12,60
-14.25,142.75,0.0508161717227527,290.0,0.18229373,464.92975,25,50,15,63
-14.25,143.0,0.0536634532335613,269.1,0.19395697,456.48776,27,46,17,69
-14.25,143.25,0.058031408435532,248.7,0.17817809,447.54617,30,42,15,76
-14.25,143.5,0.0554167876419212,229.6,0.17350645,445.7778,33,45,14,77
-14.5,125.75,-0.0266987802704707,287.5,0.10800234,507.67117,25,77,4,16
-14.5,126.25,-0.0315226981238949,238.6,0.10543607,497.00397,32,72,4,33
-14.5,126.5,-0.0274747397684093,215.1,0.086654924,490.14267,35,76,2,41
-14.5,126.75,-0.0272380574052,192.5,0.080473624,488.00757,39,77,2,44
-14.5,127.0,-0.0228000781543198,171.3,0.10483434,490.23807,43,81,4,41
-14.5,127.25,-0.0120208829311498,151.9,0.13815893,497.11896,46,91,8,33
-14.5,127.5,0.0031319568255206,135.2,0.15188582,508.78857,49,98,10,14
-14.5,127.75,0.0051846637257507,122.4,0.15759838,520.4403,52,96,11,1
-14.5,129.75,-0.0288893508015289,168.3,0.13018255,495.5724,43,75,6,35
-14.5,130.0,-0.0338798948569178,183.8,0.10963604,486.36508,40,70,4,45
-14.5,130.25,-0.0338580911391459,163.6,0.121422015,481.67035,44,70,5,49
-14.5,130.5,-0.0215447312542459,143.1,0.12781574,485.18283,48,82,6,46
-14.5,130.75,-0.0174713363854347,124.5,0.12657732,491.87903,52,86,6,39
-14.5,131.0,-0.0167528947485455,109.5,0.12831238,496.40286,55,87,6,34
-14.5,131.25,-0.0197610393931557,92.8,0.11766367,501.0481,59,83,5,28
-14.5,131.5,-0.013938218754317,68.8,0.110604785,504.947,65,89,4,22
-14.5,131.75,0.0007466098304749,44.9,0.11651327,506.71375,72,100,5,18
-14.5,132.0,0.0178253578110819,22.3,0.13234897,508.26495,81,86,7,15
-14.5,132.25,0.0304629800353376,4.0,0.14645983,508.18347,95,73,9,15
-14.5,132.5,0.0390671879984438,7.8,0.15912,506.3075,91,65,12,19
-14.5,132.75,0.0431841439894577,5.1,0.15886515,504.89877,94,60,12,22
-14.5,133.0,0.0496578523323738,4.7,0.15466711,504.59717,94,52,11,23
-14.5,133.25,0.0557463188212187,16.2,0.15542151,503.91486,85,45,11,24
-14.5,133.5,0.0585523191484667,42.6,0.13987692,504.25235,73,42,8,23
-14.5,133.75,0.0620207168960145,69.7,0.132501,501.7239,65,39,7,27
-14.5,134.0,0.0603386989794671,96.8,0.14064816,499.34418,58,41,8,30
-14.5,134.25,0.0535109752345652,124.0,0.15665928,496.3172,52,47,11,34
-14.5,134.5,0.0440897595511549,151.2,0.16237712,492.8963,46,58,12,38
-14.5,134.75,0.0320643896716536,178.4,0.15269263,489.52045,41,72,10,42
-14.5,135.0,0.0078427940577967,205.6,0.12851073,489.44974,37,94,6,42
-14.5,135.25,-0.0118821237336045,232.8,0.12330979,495.36285,33,91,5,35
-14.5,135.5,-0.0302852867725527,260.0,0.16350086,500.16315,29,74,12,29
-14.5,141.75,0.0429978848723251,357.9,0.14188638,488.59286,17,60,9,43
-14.5,142.0,0.0496022927896341,344.6,0.13534172,475.92883,18,52,7,54
-14.5,142.25,0.0505702292014445,320.5,0.15146643,473.53036,21,50,10,56
-14.5,142.5,0.053311623061364,296.9,0.17210999,472.31924,24,47,13,57
-14.5,142.75,0.0532555473436202,273.9,0.18826641,469.24606,27,47,16,60
-14.5,143.0,0.0582107825023177,251.7,0.20102637,462.3097,30,42,18,65
-14.5,143.25,0.062642027535254,230.5,0.18719472,454.3364,33,39,16,71
-14.5,143.5,0.0579356367655453,210.1,0.15001874,452.24683,36,43,10,73
-14.5,143.75,0.0454047342762351,191.0,0.1576683,461.32208,39,57,11,66
-14.5,144.0,0.0247533489750432,172.3,0.20852683,469.4489,42,79,19,59
-14.5,144.25,0.0134887376511912,152.4,0.22250922,482.89792,46,90,21,48
-14.5,144.5,0.0119155849518609,134.6,0.2710772,484.70987,50,91,31,47
-14.75,125.25,-0.0268100896267458,329.7,0.109762505,507.95325,20,77,4,16
-14.75,125.5,-0.0341949160299485,303.6,0.0841063,506.4905,23,70,2,19
-14.75,125.75,-0.0368401511705347,277.7,0.07494874,501.4231,26,67,2,27
-14.75,126.0,-0.0358757344362813,252.0,0.082953736,497.31827,30,68,2,32
-14.75,126.25,-0.0276955478824675,226.7,0.102346815,494.34085,34,76,3,37
-14.75,126.5,-0.0168990146030583,201.9,0.0975248,491.9797,37,86,3,39
-14.75,126.75,-0.016920845775998,177.7,0.08901224,492.0442,42,86,2,39
-14.75,127.0,-0.0149381609921831,154.5,0.110516824,494.19467,46,88,4,37
-14.75,127.25,-0.0041377241889547,132.8,0.14599621,499.4306,50,97,9,29
-14.75,127.5,0.0098645964432286,113.4,0.16172585,507.91678,54,92,12,16
-14.75,127.75,0.0123411830159879,97.7,0.1555602,517.83154,58,91,11,1
-14.75,128.0,0.0077573994174599,87.8,0.1636824,523.96735,60,94,12,1
-14.75,129.75,-0.0314074024326622,149.6,0.17661323,495.67023,47,73,14,35
-14.75,130.0,-0.0373938655763465,171.4,0.13437717,490.78,43,66,7,41
-14.75,130.25,-0.0300586583602818,181.7,0.13298853,488.8343,41,74,7,43
-14.75,130.5,-0.0107223714108667,163.0,0.13609175,491.73563,44,92,7,40
-14.75,130.75,-0.0117510069738186,146.9,0.12611753,496.83264,47,91,6,33
-14.75,131.0,-0.01637349239484,129.7,0.13866177,500.48953,51,87,8,28
-14.75,131.25,-0.0214106046411741,105.8,0.12787944,503.5551,56,82,6,24
-14.75,131.5,-0.0228733768926412,82.0,0.11186903,505.8205,61,81,4,20
-14.75,131.75,-0.0123850718717135,60.9,0.113667145,506.82617,67,91,4,18
-14.75,132.0,0.0038834364064747,41.6,0.12949994,507.30142,73,97,6,17
-14.75,132.25,0.0166389481674525,30.4,0.14162341,506.03296,77,87,8,20
-14.75,132.5,0.0284989117046019,17.3,0.1584719,505.12268,84,75,11,22
-14.75,132.75,0.039150092264823,5.2,0.16902138,505.40878,94,64,13,21
-14.75,133.0,0.0466089871091147,9.7,0.15055388,504.60046,90,55,10,23
-14.75,133.25,0.0492001821907858,25.5,0.14933911,503.8605,80,52,10,24
-14.75,133.5,0.0512289700264643,47.0,0.14635263,503.6241,71,50,9,24
-14.75,133.75,0.0521177377152655,72.4,0.14487688,501.38074,64,48,9,27
-14.75,134.0,0.0487810331840245,98.8,0.1489763,498.91223,58,53,10,30
-14.75,134.25,0.0453425306427691,125.5,0.15480767,497.2161,52,57,11,32
-14.75,134.5,0.0407081555763614,152.3,0.154318,494.46863,46,63,11,36
-14.75,134.75,0.0286909692588129,179.3,0.14612539,491.51773,41,75,9,40
-14.75,135.0,0.008598039680094,206.4,0.12833284,490.93262,37,93,6,41
-14.75,135.25,-0.0190149021024505,233.4,0.145838,497.13745,32,84,9,33
-14.75,141.75,0.0422091972637212,331.2,0.16111955,490.9184,20,61,12,41
-14.75,142.0,0.0478016696016614,333.3,0.14776897,478.4648,19,54,9,52
-14.75,142.25,0.04916015501949,308.3,0.15866429,475.67853,22,52,11,54
-14.75,142.5,0.0548751266584509,283.7,0.17765981,475.39487,25,45,14,54
-14.75,142.75,0.0570589530935865,259.6,0.19383058,473.04456,29,43,17,57
-14.75,143.0,0.0636957574558133,236.1,0.20477341,466.91614,32,38,18,61
-14.75,143.25,0.0719119464779006,213.5,0.19423984,460.74612,36,33,17,66
-14.75,143.5,0.0674237366499645,192.1,0.15747012,457.38406,39,36,11,69
-14.75,143.75,0.0474546344152518,171.5,0.13285902,460.86035,43,54,7,66
-14.75,144.0,0.0219694997206152,152.4,0.15373403,465.668,46,82,10,62
-14.75,144.25,0.0082667671665105,133.9,0.173295,467.09143,50,94,14,61
-14.75,144.5,0.0046328318823638,113.8,0.18164125,465.45447,54,97,15,63
-14.75,144.75,0.0043227803879528,96.5,0.2450261,463.2242,58,97,25,64
-14.75,145.0,-0.0029234985432898,84.4,0.41488624,462.3087,61,98,87,65
-15.0,125.5,-0.0432356864480035,296.8,0.0679136,496.2473,24,59,1,34
-15.0,125.75,-0.0367744947473208,270.3,0.07542728,491.87952,27,67,2,39
-15.0,126.0,-0.0260114398108617,243.9,0.09590706,489.35922,31,78,3,42
-15.0,126.25,-0.009195258903561,217.7,0.12009021,492.43442,35,93,5,39
-15.0,126.5,0.0017804348541955,191.8,0.117511496,497.2152,39,99,5,32
-15.0,126.75,-0.0002691211507356,166.2,0.11059313,498.60135,43,100,4,30
-15.0,127.0,0.0004177397593767,141.1,0.13054794,500.94562,48,100,6,28
-15.0,127.25,0.0122391109576537,117.0,0.1691133,504.18292,53,91,13,23
-15.0,127.5,0.0223108497049127,94.4,0.18717405,508.13638,59,81,16,15
-15.0,127.75,0.0219333801950727,74.9,0.17098555,514.9329,63,82,13,2
-15.0,128.0,0.019423019878533,61.4,0.14439777,517.69495,67,84,9,1
-15.0,128.25,0.0129219623235431,58.3,0.16202372,510.7922,68,90,12,9
-15.0,128.5,-0.0115641428839548,63.2,0.15600078,511.93015,66,91,11,6
-15.0,128.75,-0.0168132709904706,66.3,0.16901308,511.89377,66,86,13,6
-15.0,129.0,-0.0193974095551917,75.5,0.1833784,508.83105,63,84,15,14
-15.0,129.25,-0.0291984416932488,91.2,0.18735091,509.01877,59,75,16,13
-15.0,129.5,-0.0374692008775171,111.3,0.1828849,504.76575,55,66,15,22
-15.0,129.75,-0.0419000685230241,133.8,0.1693886,498.3971,50,61,13,31
-15.0,130.0,-0.0426991454613882,157.7,0.13820371,497.73297,45,60,8,32
-15.0,130.25,-0.0307166997476347,181.3,0.13063568,495.7965,41,73,6,35
-15.0,130.5,-0.0125590731345471,184.7,0.12461814,497.89822,40,90,6,31
-15.0,130.75,-0.0181295477865552,166.6,0.12608409,501.43964,43,85,6,27
-15.0,131.0,-0.0223881103824602,142.7,0.16135396,502.925,48,81,12,25
-15.0,131.25,-0.0253912596878589,120.0,0.154236,505.44498,53,78,10,21
-15.0,131.5,-0.0310980998888789,99.3,0.13522236,506.61746,58,73,7,19
-15.0,131.75,-0.0270832574848706,80.1,0.13468239,506.66916,62,77,7,19
-15.0,132.0,-0.0137369193269738,65.0,0.14680764,505.43597,66,89,9,21
-15.0,132.25,0.0012163881522913,53.3,0.15556669,503.53534,69,99,11,24
-15.0,132.5,0.0149366950017533,40.1,0.1660742,504.2969,74,88,13,23
-15.0,132.75,0.0284962329991339,28.3,0.17541733,504.81934,78,75,14,22
-15.0,133.0,0.0361053898287493,8.7,0.15692557,504.92227,91,68,11,22
-15.0,133.25,0.036914768934782,18.0,0.14864565,503.15677,84,67,10,25
-15.0,133.5,0.0386417820399704,45.0,0.15025443,502.85748,72,65,10,25
-15.0,133.75,0.0383232092396134,72.1,0.15665032,501.28052,64,65,11,27
-15.0,134.0,0.0365709416474038,99.0,0.15795907,498.66434,58,67,11,30
-15.0,134.25,0.0324060037887344,124.7,0.15306097,497.60034,52,72,10,32
-15.0,134.5,0.0260864849457339,150.4,0.14990543,495.20328,46,78,10,35
-15.0,134.75,0.0106219011769142,176.3,0.14299244,492.49268,42,92,9,39
-15.0,135.0,0.0010892427626198,202.6,0.12599832,492.22623,37,100,6,39
-15.0,135.25,-0.0186088820686563,229.1,0.14099711,498.96576,33,85,8,30
-15.0,135.5,-0.0362277689234664,255.3,0.20113131,503.0121,29,68,18,25
-15.0,141.75,0.0482765299356764,304.5,0.17389402,491.3173,23,53,14,40
-15.0,142.0,0.0521928757855979,312.1,0.15114596,479.79254,22,48,10,51
-15.0,142.25,0.0513005313402529,297.8,0.1639429,477.9953,24,49,12,52
-15.0,142.5,0.0593027417681046,272.7,0.18072426,478.13522,27,41,15,52
-15.0,142.75,0.0654697504570885,247.6,0.19713798,476.71512,30,37,17,53
-15.0,143.0,0.0711488495004319,222.9,0.2053378,471.97614,34,33,19,57
-15.0,143.25,0.0756718875718347,198.8,0.20107734,466.05334,38,31,18,62
-15.0,143.5,0.0683342190725462,175.6,0.17386124,461.92117,42,35,14,65
-15.0,143.75,0.0475501116187799,153.7,0.14842296,457.78403,46,54,9,68
-15.0,144.0,0.025395537177766,133.0,0.15619455,456.1827,50,78,11,70
-15.0,144.25,0.0098369782058788,113.9,0.17630365,451.5434,54,92,14,73
-15.0,144.5,-0.0006716624756033,95.6,0.21310164,444.49017,58,100,20,78
-15.0,144.75,0.0019747728836678,75.2,0.22643267,441.52484,63,99,22,79
-15.0,145.0,0.0004828275913106,59.1,0.28481102,448.8809,68,100,35,75
-15.0,145.25,-0.0086659127238644,52.6,0.45003265,458.2659,69,93,95,68
-15.25,125.0,-0.0304951213610669,346.2,0.07440227,499.48605,18,73,2,29
-15.25,125.25,-0.044975928509874,319.3,0.059723463,495.33948,21,57,1,35
-15.25,125.5,-0.0450682411591212,292.4,0.06345327,492.0029,24,57,1,39
-15.25,125.75,-0.0301500642206519,265.5,0.07932557,488.32816,28,74,2,43
-15.25,126.0,-0.0162227336647144,238.6,0.1073848,488.4655,32,87,4,43
-15.25,126.25,0.0019067827711946,211.9,0.12874673,493.33652,36,99,6,38
-15.25,126.5,0.0138138298598538,185.1,0.12771377,499.12402,40,89,6,30
-15.25,126.75,0.0090972511807367,158.5,0.13003716,502.67484,45,93,6,26
-15.25,127.0,0.0138759474003953,132.1,0.15208814,504.93433,50,89,10,22
-15.25,127.25,0.0292403611066263,106.0,0.18274249,507.69547,56,75,15,16
-15.25,127.5,0.0392332703548683,80.5,0.19457242,510.791,62,64,17,9
-15.25,127.75,0.0343662283876689,56.4,0.14996438,512.83545,68,70,10,4
-15.25,128.0,0.0235063659758972,36.7,0.119217865,512.5572,75,80,5,5
-15.25,128.5,-0.0158698382798493,35.8,0.13880752,510.0711,75,87,8,10
-15.25,128.75,-0.0195887832935633,39.9,0.14147986,508.8732,74,84,8,14
-15.25,129.0,-0.0289097619501782,52.7,0.13469538,508.4583,69,75,7,14
-15.25,129.25,-0.0403766157931559,73.3,0.13834895,507.6025,64,63,8,17
-15.25,129.5,-0.0497309233583066,97.0,0.1439695,506.79254,58,51,9,18
-15.25,129.75,-0.0517898351597111,120.9,0.13840528,503.24966,52,49,8,25
-15.25,130.0,-0.0419058490433685,144.1,0.12918496,500.92548,48,61,6,28
-15.25,130.25,-0.0283716856865101,168.5,0.13157943,500.66434,43,75,7,28
-15.25,130.5,-0.0224652610807901,193.6,0.12647782,501.65073,39,81,6,27
-15.25,130.75,-0.0278244138745191,180.2,0.14003527,503.36594,41,76,8,25
-15.25,131.0,-0.0260358830159973,158.2,0.1732542,504.7297,45,78,14,22
-15.25,131.25,-0.0219574730873795,137.7,0.1722123,506.17865,49,82,13,20
-15.25,131.5,-0.0286923851152615,118.6,0.15859988,507.1634,53,75,11,17
-15.25,131.75,-0.0328278168370681,102.0,0.16089457,506.65103,57,71,12,19
-15.25,132.0,-0.0257007823857877,90.5,0.16866943,505.03485,60,78,13,22
-15.25,132.25,-0.0146313618347492,77.9,0.16057709,504.12576,63,88,12,23
-15.25,132.5,-0.0022028494038663,63.9,0.16764753,504.56076,66,99,13,23
-15.25,132.75,0.0095729490232077,37.8,0.17922416,504.94696,74,93,15,22
-15.25,133.0,0.0191146253563818,12.1,0.17129846,504.7838,88,84,13,22
-15.25,133.25,0.0262027418393353,13.3,0.15661599,503.88312,87,77,11,24
-15.25,133.5,0.0294115993820707,38.9,0.15143083,503.04233,74,74,10,25
-15.25,133.75,0.0280509901970314,64.6,0.15591763,501.79828,66,76,11,27
-15.25,134.0,0.0225589790714106,90.8,0.1568657,499.38898,59,81,11,30
-15.25,134.25,0.019923631065259,117.3,0.15187286,497.61884,53,83,10,32
-15.25,134.5,0.0069301280592169,143.5,0.15711576,495.6087,48,95,11,35
-15.25,134.75,-0.0082941012423751,169.9,0.1547998,493.10837,43,94,11,38
-15.25,135.0,-0.0120933440142488,196.4,0.1387029,493.00296,38,91,8,38
-15.25,135.25,-0.0179260548226357,223.0,0.13220415,497.05194,34,85,7,33
-15.25,135.5,-0.0340920910643901,249.7,0.15613282,501.31888,30,70,11,27
-15.25,135.75,-0.0455120191374416,276.5,0.17409396,503.70798,26,57,14,24
-15.25,141.75,0.0509487589968124,278.0,0.15690184,491.41705,26,50,11,40
-15.25,142.0,0.0599388599307054,286.3,0.14743976,481.82413,25,41,9,49
-15.25,142.25,0.0580506401491307,287.8,0.16061263,479.9499,25,42,12,50
-15.25,142.5,0.0670392872499568,262.4,0.1840885,479.9484,28,36,15,50
-15.25,142.75,0.0736702275662017,237.2,0.19835103,478.9407,32,32,18,51
-15.25,143.0,0.0782308661689361,212.3,0.21489798,475.67545,36,30,20,54
-15.25,143.25,0.0800913494934017,187.0,0.21166928,470.65408,40,29,19,58
-15.25,143.5,0.0716473358284149,162.2,0.19349983,465.6478,44,33,17,62
-15.25,143.75,0.0543920244766576,138.2,0.16255939,459.90924,49,46,12,67
-15.25,144.0,0.0362162890189903,115.5,0.15909454,455.38794,54,68,12,70
-15.25,144.25,0.0143495335082878,94.6,0.15758485,449.21777,59,89,11,75
-15.25,144.5,-4.862972474213512e-05,75.4,0.20513037,442.02103,63,100,18,79
-15.25,144.75,0.0005664914003795,57.6,0.23611231,438.2673,68,100,23,81
-15.25,145.0,0.002714966421592,36.7,0.26971224,445.9001,75,98,31,77
-15.25,145.25,-0.0099509383086115,25.1,0.42194676,458.5855,80,92,88,68
-15.5,124.5,-0.0009969876813037,398.5,0.111164644,502.7547,13,100,4,25
-15.5,124.75,-0.0138123027060092,371.5,0.07374873,497.1612,16,89,2,33
-15.5,125.0,-0.0330356905640136,344.5,0.055142462,492.74283,18,71,1,39
-15.5,125.25,-0.044146682636901,317.5,0.05800966,489.25662,21,58,1,42
-15.5,125.5,-0.0392347728079628,290.5,0.06897064,487.15762,24,64,1,44
-15.5,125.75,-0.025075213387165,263.5,0.09056695,489.07187,28,79,2,43
-15.5,126.0,-0.0079310808341861,236.5,0.12166444,491.8811,32,94,5,39
-15.5,126.25,0.0079452198237136,209.5,0.13496295,495.8176,36,94,7,34
-15.5,126.5,0.0090228744072928,182.5,0.1367265,500.87894,41,93,7,28
-15.5,126.75,0.0113107462884813,155.4,0.1504355,504.47705,45,91,10,23
-15.5,127.0,0.025585325677613,128.4,0.17503838,508.6842,51,78,14,14
-15.5,127.25,0.0396491212759255,101.4,0.20262556,511.18976,57,64,18,8
-15.5,127.5,0.0451380996431301,74.4,0.1696758,512.6623,64,57,13,4
-15.5,127.75,0.0354791260767905,47.5,0.123082854,514.0256,71,68,5,2
-15.5,128.0,0.0100915759835126,20.6,0.09542661,511.86447,82,92,3,6
-15.5,128.25,-0.0080758520476852,7.3,0.11879902,511.22086,92,94,5,7
-15.5,128.5,-0.0188468085380182,8.4,0.12941979,509.56348,91,85,6,12
-15.5,128.75,-0.0228591376571871,14.4,0.13442,506.50162,86,81,7,19
-15.5,129.0,-0.0323836609843142,36.5,0.13279413,505.72577,75,72,7,20
-15.5,129.25,-0.0431886106493905,60.9,0.14273183,504.33594,67,60,9,23
-15.5,129.5,-0.0510422636558013,83.5,0.15031208,503.413,61,50,10,24
-15.5,129.75,-0.0506754860470426,108.0,0.13001765,504.49667,55,50,6,23
-15.5,130.0,-0.0400659577970925,133.4,0.12249504,504.317,50,63,5,23
-15.5,130.25,-0.0379898388803537,159.4,0.14849705,504.12085,45,66,10,24
-15.5,130.5,-0.0371264088654979,185.6,0.14699364,504.37683,40,67,9,23
-15.5,130.75,-0.0374198521609373,196.5,0.14108276,505.1725,38,66,8,21
-15.5,131.0,-0.0291243277800579,176.1,0.14669839,505.385,42,75,9,21
-15.5,131.25,-0.0258837816984547,157.1,0.15653962,506.76288,45,78,11,18
-15.5,131.5,-0.0288789682977256,139.9,0.17831607,507.83466,48,75,15,16
-15.5,131.75,-0.0344032382725605,126.2,0.18293165,507.34866,51,70,15,17
-15.5,132.0,-0.0387314243996072,114.4,0.17475514,505.94647,54,65,14,20
-15.5,132.25,-0.032898814275506,97.4,0.1624219,504.98734,58,71,12,22
-15.5,132.5,-0.0248262982870939,71.7,0.16637944,505.19604,64,79,13,21
-15.5,132.75,-0.0114835482150305,46.8,0.17968668,505.75266,71,91,15,20
-15.5,133.0,0.0012697622113462,20.7,0.17756014,505.20767,82,99,14,21
-15.5,133.25,0.0154286295826923,5.8,0.16714963,504.7447,93,88,13,22
-15.5,133.5,0.0192209636710772,31.9,0.15953054,503.98633,77,84,12,24
-15.5,133.75,0.0196025647921487,58.5,0.16272208,502.28436,68,84,12,26
-15.5,134.0,0.0182030538956279,85.3,0.15986802,500.92493,61,85,12,28
-15.5,134.25,0.0080784597578236,112.2,0.16348672,497.7343,54,94,12,32
-15.5,134.5,-0.0025180169314678,139.2,0.17147951,495.4541,48,98,13,35
-15.5,134.75,-0.015411141349995,166.1,0.18199433,494.20575,43,88,15,37
-15.5,135.0,-0.0194770151826863,193.1,0.1621951,494.29865,39,84,12,37
-15.5,135.25,-0.0230222013481016,220.1,0.14127067,494.51566,35,80,8,36
-15.5,135.5,-0.0350928718274753,247.1,0.13677986,494.3913,31,69,7,37
-15.5,135.75,-0.0465694471484138,274.1,0.14283821,496.5124,27,55,9,33
-15.5,136.0,-0.0553175567452507,301.1,0.15480216,498.65543,23,45,11,30
-15.5,136.25,-0.0604241255194037,328.1,0.19843087,498.003,20,40,18,31
-15.5,141.5,0.0110879985626698,245.1,0.17711245,494.51495,31,91,14,36
-15.5,141.75,0.0464348864032044,251.6,0.13142423,490.5599,30,55,6,41
-15.5,142.0,0.062819115122381,260.7,0.13300465,483.2034,29,39,7,48
-15.5,142.25,0.0642302556584278,272.2,0.15395573,482.0833,27,38,10,49
-15.5,142.5,0.0696534582879394,252.9,0.16862082,481.60556,30,34,13,49
-15.5,142.75,0.0776437765674754,227.5,0.18754655,481.35666,33,30,16,49
-15.5,143.0,0.08227499365097,202.3,0.1957435,478.46686,37,28,17,52
-15.5,143.25,0.0857987617231196,176.8,0.20468445,474.52145,42,27,18,55
-15.5,143.5,0.0803104314598299,151.8,0.18770216,469.80014,46,29,16,59
-15.5,143.75,0.0705971417992952,126.7,0.16068915,464.65552,51,34,12,63
-15.5,144.0,0.0526552796186435,101.6,0.14706463,460.051,57,48,9,67
-15.5,144.25,0.0245640565901772,77.6,0.15175255,454.325,63,79,10,71
-15.5,144.5,0.0041820471635132,56.3,0.19667268,449.1583,68,97,17,75
-15.5,144.75,0.0042779238902897,37.1,0.21518092,445.7907,75,97,20,77
-15.5,145.0,0.0041224876119356,21.8,0.23399462,452.365,82,97,23,73
-15.5,145.25,-0.0071731499922905,1.3,0.38593104,464.02206,99,95,79,64
-15.75,124.5,-0.0006949349539354,398.9,0.10236468,496.93878,13,100,3,33
-15.75,124.75,-0.0163455378042445,371.9,0.069697805,491.71686,16,87,1,40
-15.75,125.0,-0.0256032474904454,345.0,0.06377365,486.64142,18,78,1,45
-15.75,125.25,-0.0349655956972301,318.1,0.07029755,482.95648,21,69,1,48
-15.75,125.5,-0.0343107099982998,291.2,0.07851934,486.72867,24,70,2,45
-15.75,125.75,-0.0228620404632584,264.3,0.10197571,490.5868,28,81,3,41
-15.75,126.0,-0.0050617908888463,237.5,0.13363534,495.48785,32,96,7,35
-15.75,126.25,0.0060154886907964,210.6,0.1402593,498.6147,36,96,8,30
-15.75,126.5,0.008524613589647,183.9,0.14361542,503.25354,40,93,9,25
-15.75,126.75,0.0127570822477407,157.2,0.17013103,506.75882,45,90,13,18
-15.75,127.0,0.0212343804732881,130.6,0.19578843,510.6565,50,82,17,9
-15.75,127.25,0.0296106025975729,104.2,0.18778725,513.30066,56,74,16,3
-15.75,127.5,0.0327547480097217,78.2,0.15602748,514.8532,62,71,11,2
-15.75,127.75,0.0192024876862498,53.2,0.110459514,514.8837,69,84,4,2
-15.75,128.0,-0.0030392626824323,30.1,0.0849791,512.7909,77,98,2,4
-15.75,128.25,-0.0149725973337245,16.4,0.10127896,511.96738,85,88,3,6
-15.75,128.5,-0.0220079524076676,15.5,0.11995259,509.56552,86,81,5,12
-15.75,128.75,-0.025727024021381,3.1,0.13687585,506.63095,96,78,7,19
-15.75,129.0,-0.0302359498615953,23.0,0.16777825,504.87842,81,74,13,22
-15.75,129.25,-0.040813287446231,48.0,0.18311559,503.6781,71,62,15,24
-15.75,129.5,-0.0437699942827402,74.4,0.17003956,503.5444,64,59,13,24
-15.75,129.75,-0.042639618024363,101.1,0.14911973,504.62738,57,60,10,23
-15.75,130.0,-0.0495213165302716,127.8,0.15647739,506.33438,51,52,11,19
-15.75,130.25,-0.0482412836536587,154.7,0.19750735,507.12305,46,53,17,18
-15.75,130.5,-0.047469858663334,181.6,0.18483303,506.4843,41,54,16,19
-15.75,130.75,-0.0429074034383077,208.5,0.1424234,506.10797,36,60,9,20
-15.75,131.0,-0.0336592310862172,195.5,0.14121789,505.84778,39,70,8,20
-15.75,131.25,-0.0319009977104585,178.0,0.15997037,507.43546,41,72,12,17
-15.75,131.5,-0.0357525407536221,163.1,0.18340816,508.70938,44,68,15,14
-15.75,131.75,-0.0399699558703494,151.4,0.20216005,508.6875,46,63,18,14
-15.75,132.0,-0.0450480413218472,131.9,0.19214402,506.77377,50,57,17,18
-15.75,132.25,-0.0473038052128339,105.5,0.17466135,505.9939,56,54,14,20
-15.75,132.5,-0.0427551687107465,79.2,0.17502715,506.21173,62,60,14,19
-15.75,132.75,-0.0301512626132794,53.6,0.1822737,506.18817,69,74,15,19
-15.75,133.0,-0.015722742993828,30.1,0.18082513,505.83636,77,87,15,20
-15.75,133.25,-0.002884397537647,19.7,0.17258333,505.84204,83,98,14,20
-15.75,133.5,0.0061030350486925,36.4,0.1733838,504.71777,75,95,14,22
-15.75,133.75,0.0072787325510511,61.0,0.17120895,502.78793,67,94,13,25
-15.75,134.0,0.0073998285941169,87.0,0.17041923,501.10742,60,94,13,27
-15.75,134.25,0.0026187964534897,113.5,0.16921733,498.55853,54,98,13,31
-15.75,134.5,-0.0051865733505803,140.1,0.18774103,495.8991,48,96,16,34
-15.75,134.75,-0.0126138776263576,166.9,0.203158,495.09122,43,90,18,35
-15.75,135.0,-0.0220746814517215,193.7,0.18199292,495.5587,39,81,15,35
-15.75,135.25,-0.030184404241542,220.6,0.14919287,491.81088,34,74,10,40
-15.75,135.5,-0.0375455913990403,247.5,0.1409471,489.78232,31,66,8,42
-15.75,135.75,-0.0468352818595511,274.4,0.13391225,488.90393,27,55,7,43
-15.75,136.0,-0.0554770542308688,301.3,0.13947873,491.1527,23,45,8,40
-15.75,136.25,-0.0601194691118074,328.2,0.14880325,495.22897,20,41,10,35
-15.75,136.5,-0.0634782046390076,355.1,0.19248545,496.35422,17,38,17,34
-15.75,137.0,-0.0649796128805194,371.9,0.24342294,501.53052,16,37,25,27
-15.75,141.5,0.002058969571815,218.1,0.15624054,492.06006,35,99,11,39
-15.75,141.75,0.0360183381431159,225.4,0.13099422,489.2847,34,68,6,42
-15.75,142.0,0.0591109088577684,235.5,0.13441585,485.16034,32,41,7,46
-15.75,142.25,0.0648659021061446,246.9,0.14331383,483.8353,31,37,9,47
-15.75,142.5,0.0693641489799758,245.2,0.15781529,483.98273,31,34,11,47
-15.75,142.75,0.0736250512035829,219.2,0.16469163,483.48856,35,32,12,48
-15.75,143.0,0.0821534157597592,193.2,0.17725405,482.25803,39,28,14,49
-15.75,143.25,0.0859233048234489,167.4,0.17535567,478.0322,43,27,14,52
-15.75,143.5,0.0899550369807652,142.0,0.17465974,475.50565,48,25,14,54
-15.75,143.75,0.0831500043737746,116.8,0.14956573,471.01514,53,28,10,58
-15.75,144.0,0.0655767830798313,91.4,0.13506779,466.8882,59,37,7,61
-15.75,144.25,0.0345736269340185,66.5,0.1510863,462.3799,66,69,10,65
-15.75,144.5,0.0116099655539506,41.2,0.17553926,458.0851,73,91,14,68
-15.75,144.75,0.0055706532040078,17.9,0.17375304,458.10022,84,96,14,68
-15.75,145.0,0.0067207819604802,1.0,0.1864094,463.79376,99,95,16,64
-15.75,145.25,-0.0032692238633033,8.8,0.3179814,466.32224,91,98,51,62
-16.0,124.75,-0.0141929874285345,374.4,0.07836341,490.59387,15,89,2,41
-16.0,125.0,-0.0224799444824124,347.7,0.07471045,485.74243,18,81,2,46
-16.0,125.25,-0.0259543687723288,321.1,0.083184585,483.9892,21,78,2,47
-16.0,125.5,-0.0265626694254543,294.5,0.09474169,487.55228,24,77,3,44
-16.0,125.75,-0.0223084062946284,268.0,0.11225638,492.6172,28,81,4,39
-16.0,126.0,-0.0035649357125207,241.6,0.14203836,497.69266,31,97,9,32
-16.0,126.25,0.006768811678159,215.4,0.15051027,500.7132,35,95,10,28
-16.0,126.5,0.009661998101122,189.3,0.15681484,504.39438,40,93,11,23
-16.0,126.75,0.0080688811037578,163.6,0.18212026,508.07974,44,94,15,15
-16.0,127.0,0.0050241185309243,138.3,0.1809291,511.23303,49,96,15,7
-16.0,127.25,0.0085584885612618,113.6,0.17326128,513.63605,54,93,14,3
-16.0,127.5,0.011173384499021,89.9,0.16974998,514.61554,60,91,13,2
-16.0,127.75,0.000655034662313,68.6,0.12688328,514.6508,65,100,6,2
-16.0,128.0,-0.0091265983169987,51.9,0.08736055,513.6369,70,93,2,3
-16.0,128.25,-0.0187233046168417,43.7,0.09128455,513.19214,72,85,3,4
-16.0,128.5,-0.0267061324266251,23.1,0.11189938,511.68768,81,77,4,6
-16.0,128.75,-0.0306221592955158,4.1,0.1580452,506.76746,95,73,11,18
-16.0,129.0,-0.035561121656515,21.7,0.19967668,505.15616,82,68,18,21
-16.0,129.25,-0.0352841035795531,47.8,0.21687885,505.31326,71,69,20,21
-16.0,129.5,-0.0401052413663516,74.4,0.20531492,505.1374,64,63,18,22
-16.0,129.75,-0.0499413884089638,101.2,0.19721569,505.20413,57,51,17,21
-16.0,130.0,-0.0535311542014824,128.0,0.2199865,506.429,51,47,21,19
-16.0,130.25,-0.0525364810246087,154.8,0.23864429,507.68268,46,48,24,16
-16.0,130.5,-0.0517095763236284,181.6,0.21048358,507.8606,41,49,19,16
-16.0,130.75,-0.044360421299574,208.4,0.16420075,507.63428,36,58,12,16
-16.0,131.0,-0.0344012392734709,216.3,0.15678653,508.13162,35,70,11,15
-16.0,131.25,-0.0345428900929012,200.6,0.1784588,509.2901,38,69,15,12
-16.0,131.5,-0.038801039156637,187.4,0.20211174,509.55197,40,65,18,12
-16.0,131.75,-0.0444470134536026,164.5,0.22148691,509.13858,44,58,21,13
-16.0,132.0,-0.0493344810159344,138.9,0.2139198,506.82703,49,52,20,18
-16.0,132.25,-0.0539335637929893,114.0,0.196175,506.08276,54,46,17,20
-16.0,132.5,-0.0540206910921413,90.1,0.19152775,505.9283,60,46,17,20
-16.0,132.75,-0.0452056204715821,68.6,0.18928425,505.93405,65,57,16,20
-16.0,133.0,-0.0334094774454743,52.2,0.1842907,505.94354,69,71,15,20
-16.0,133.25,-0.0223467431230736,47.0,0.18442726,505.70645,71,81,16,20
-16.0,133.5,-0.0139996763052684,56.1,0.18215969,504.21744,68,89,15,23
-16.0,133.75,-0.0067792427399018,74.4,0.18192612,502.60303,64,95,15,26
-16.0,134.0,-0.0063094837469093,96.8,0.17497551,500.97324,58,95,14,28
-16.0,134.25,-0.0078316337445617,121.1,0.17810793,499.13223,52,94,15,30
-16.0,134.5,-0.009681547620026,146.3,0.18973295,496.33328,47,93,16,34
-16.0,134.75,-0.013475582103378,172.1,0.20943204,496.61807,43,90,19,33
-16.0,135.0,-0.0235311569212215,198.2,0.19378124,495.9949,38,80,17,34
-16.0,135.25,-0.0327371834965777,224.4,0.15821394,491.5153,34,71,11,40
-16.0,135.5,-0.0357088213175302,250.9,0.14560504,487.93103,30,68,9,44
-16.0,135.75,-0.0438779752147162,277.4,0.13542931,486.7193,26,59,7,45
-16.0,136.0,-0.0537965311957079,304.0,0.12810974,487.41064,23,46,6,44
-16.0,136.25,-0.0591410562396049,330.6,0.13286847,491.53577,20,41,7,40
-16.0,136.5,-0.0623114693643791,357.3,0.1408444,493.0876,17,39,8,38
-16.0,136.75,-0.0647104784048029,361.6,0.17180568,494.8927,17,38,13,36
-16.0,137.0,-0.0652661596247482,347.7,0.17957217,496.7697,18,37,15,33
-16.0,141.5,-0.0063277664721854,191.4,0.16352832,489.81546,39,95,12,42
-16.0,141.75,0.022990912158275,199.6,0.14448872,487.4853,38,81,9,44
-16.0,142.0,0.0458315808037739,211.0,0.14382552,485.0989,36,56,9,46
-16.0,142.25,0.0603286377553428,219.8,0.14929447,485.85272,35,41,10,46
-16.0,142.5,0.0636756687957261,226.4,0.15155526,486.24725,34,38,10,45
-16.0,142.75,0.0687140321713827,213.3,0.16195855,486.8153,36,35,12,45
-16.0,143.0,0.0717350404886972,186.8,0.16097829,485.6607,40,33,12,46
-16.0,143.25,0.0797401005845694,160.3,0.1662523,483.3689,45,29,13,48
-16.0,143.5,0.084131358514562,134.0,0.15679695,481.0739,50,28,11,50
-16.0,143.75,0.0833972109907162,108.1,0.13868013,477.6309,55,28,8,52
-16.0,144.0,0.0671638569572851,82.1,0.12756237,473.9677,61,36,6,56
-16.0,144.25,0.0365314743060263,56.8,0.14338763,469.8861,68,67,9,59
-16.0,144.5,0.0150769349963714,31.7,0.13768694,466.7067,77,88,8,61
-16.0,144.75,0.0069099901202467,6.6,0.12954564,466.598,92,95,6,62
-16.0,145.0,0.0121849626391416,18.6,0.112912245,466.31262,84,91,4,62
-16.0,145.25,0.0010632351295845,35.1,0.21101291,468.9779,76,100,19,60
-16.25,123.75,0.0264380313068527,484.7,0.20644422,501.07574,8,77,19,28
-16.25,124.5,0.0021056223771579,405.2,0.10099584,494.53778,13,99,3,36
-16.25,124.75,-0.0091260987256343,378.8,0.07620465,492.20517,15,93,2,39
-16.25,125.0,-0.0158633141822758,352.5,0.078856334,490.48593,17,87,2,41
-16.25,125.25,-0.0202102376703849,326.3,0.09075167,489.14813,20,83,2,42
-16.25,125.5,-0.0249737839946257,300.3,0.11378377,490.71335,23,79,4,41
-16.25,125.75,-0.0164234254438876,274.4,0.13447255,494.9434,27,87,7,36
-16.25,126.0,-0.0009094035701959,248.8,0.15618578,498.84885,30,100,11,30
-16.25,126.25,0.0074970952864705,223.4,0.16791603,502.058,34,94,13,26
-16.25,126.5,0.0104595638340383,198.5,0.17892994,505.55917,38,92,15,21
-16.25,126.75,0.0076460003621399,174.0,0.18309204,508.4597,42,94,15,14
-16.25,127.0,-0.0037963536734553,150.2,0.17955786,511.22333,47,97,15,7
-16.25,127.25,-0.0100414390077016,127.6,0.18731584,511.93707,51,92,16,6
-16.25,127.5,-0.0097683446370952,107.0,0.18757172,512.70197,56,92,16,4
-16.25,127.75,-0.0053023003984153,86.8,0.15114571,513.73035,60,96,10,3
-16.25,128.0,-0.0131401529801743,62.4,0.103315614,513.6617,67,90,3,3
-16.25,128.25,-0.0214135227336858,38.8,0.09287114,515.07904,74,82,3,2
-16.25,128.5,-0.0293327755893447,13.0,0.109567955,514.81226,88,74,4,2
-16.25,128.75,-0.0344421927351504,12.1,0.16784239,509.18497,88,70,13,13
-16.25,129.0,-0.0394884175221834,31.5,0.22920446,509.44232,77,64,22,12
-16.25,129.25,-0.041020471494024,55.7,0.24597542,509.14215,68,62,25,13
-16.25,129.5,-0.0462010181242866,80.5,0.23181345,506.47208,62,56,23,19
-16.25,129.75,-0.0545657660623657,106.1,0.23133433,506.53363,56,46,22,19
-16.25,130.0,-0.056095092865594,132.2,0.25343975,505.35,50,44,27,21
-16.25,130.25,-0.0563448008815092,158.6,0.25352648,506.16705,45,44,27,20
-16.25,130.5,-0.0489318770700178,184.9,0.21450935,508.28467,40,52,20,15
-16.25,130.75,-0.042387557194923,211.4,0.19288532,510.1406,36,61,17,10
-16.25,131.0,-0.0353797162705588,237.9,0.18834357,511.19803,32,69,16,8
-16.25,131.25,-0.0389908233197361,224.1,0.20605735,511.15894,34,65,19,8
-16.25,131.5,-0.0428483133004712,199.0,0.23040348,510.7659,38,60,22,9
-16.25,131.75,-0.0444010745201792,174.4,0.23498441,508.87268,42,58,23,14
-16.25,132.0,-0.0510792825730927,150.4,0.22511068,507.00223,46,50,22,18
-16.25,132.25,-0.0555595163289191,127.7,0.21634239,505.56897,51,45,20,21
-16.25,132.5,-0.0581003036990296,107.0,0.21064384,504.91083,56,42,19,22
-16.25,132.75,-0.0544126263730937,89.6,0.20048554,505.41833,60,46,18,21
-16.25,133.0,-0.0463099527330736,77.9,0.19331934,505.9392,63,56,17,20
-16.25,133.25,-0.0378851246124083,74.5,0.1936832,504.5054,63,66,17,23
-16.25,133.5,-0.0276951299001839,80.5,0.19512509,503.1775,62,76,17,25
-16.25,133.75,-0.0212911743102484,94.1,0.1899929,501.53378,59,82,16,27
-16.25,134.0,-0.0158773625391491,112.7,0.19419992,500.1363,54,87,17,29
-16.25,134.25,-0.0173333693273542,134.1,0.19152406,498.941,50,86,17,30
-16.25,134.5,-0.0193964477517597,157.2,0.18879305,497.69635,45,84,16,32
-16.25,134.75,-0.0196620443131819,181.4,0.19674225,497.7835,41,84,17,32
-16.25,135.0,-0.0263151213515638,206.2,0.19485438,496.22693,37,77,17,34
-16.25,135.25,-0.0323665524566812,231.5,0.17346796,493.57224,33,72,14,38
-16.25,135.5,-0.0330745169826384,257.2,0.1515389,490.2474,29,71,10,41
-16.25,135.75,-0.0385783722302654,283.1,0.13826269,488.7105,26,65,8,43
-16.25,136.0,-0.0479057615850165,309.1,0.127461,488.82263,22,54,6,43
-16.25,136.25,-0.0594799959610792,335.3,0.13775688,488.22992,19,41,8,43
-16.25,136.5,-0.0627576763919066,355.1,0.13969575,489.8047,17,39,8,42
-16.25,136.75,-0.0616851902034665,338.9,0.12848201,488.8336,19,40,6,43
-16.25,137.0,-0.0607197862961107,324.0,0.12600985,489.22992,20,40,6,42
-16.25,137.25,-0.0655969199458403,310.7,0.14572755,488.74786,22,37,9,43
-16.25,137.5,-0.0723491575258473,299.2,0.17654659,488.0811,23,33,14,43
-16.25,141.5,-0.0121651854912107,164.8,0.16815431,489.27847,44,91,13,42
-16.25,141.75,0.0123848129074931,174.3,0.15414716,486.5387,42,91,10,45
-16.25,142.0,0.0333417104135844,187.2,0.1591047,485.43228,40,71,12,46
-16.25,142.25,0.0482858462142758,192.9,0.16229266,486.6699,39,53,12,45
-16.25,142.5,0.0584208318686467,200.4,0.165529,488.7446,38,42,13,43
-16.25,142.75,0.0567015896373916,210.9,0.16451326,489.2066,36,44,12,42
-16.25,143.0,0.0617777115909294,184.1,0.17045264,489.87006,40,39,13,42
-16.25,143.25,0.0641601299068757,157.2,0.16708663,488.04532,45,38,13,43
-16.25,143.5,0.0680766322450446,130.4,0.1603344,486.4563,50,35,12,45
-16.25,143.75,0.0653034993979547,103.5,0.13768667,483.60098,56,37,8,48
-16.25,144.0,0.0536234701007959,76.7,0.13296925,480.94702,63,47,7,50
-16.25,144.25,0.029370261644501,49.9,0.14787158,477.22742,70,74,9,53
-16.25,144.5,0.0087515735372324,23.2,0.13047124,473.65335,81,93,6,56
-16.25,144.75,0.0068899547076961,2.5,0.11585723,471.16895,97,95,5,58
-16.25,145.0,0.0143831991451969,27.1,0.08716623,470.2786,79,89,2,59
-16.25,145.25,0.0180701382369512,32.0,0.06757647,465.11804,77,85,1,63
-16.5,123.5,0.0323204765362398,515.7,0.23376204,504.33652,6,72,23,23
-16.5,123.75,0.0289148755950875,489.5,0.17481641,499.30054,7,75,14,30
-16.5,124.0,0.0218416673885214,463.3,0.1410925,498.9662,9,82,8,30
-16.5,124.25,0.0144987764441663,437.1,0.11300747,497.16544,11,89,4,33
-16.5,124.5,0.0052805966608935,411.1,0.087815866,496.47205,13,96,2,34
-16.5,124.75,-0.0025369377651562,385.2,0.08010969,496.05963,15,98,2,34
-16.5,125.0,-0.0103241348651603,359.4,0.08625226,495.0238,17,92,2,36
-16.5,125.25,-0.0205910291456218,333.8,0.1048902,494.3977,19,83,4,37
-16.5,125.5,-0.0194437956894814,308.5,0.13938281,495.39813,22,84,8,35
-16.5,125.75,-0.0137667179915643,283.4,0.15977235,497.67203,25,89,12,32
-16.5,126.0,-0.0007203639252111,258.5,0.17779645,500.9822,29,100,14,28
-16.5,126.25,0.0063592829045817,231.8,0.19241348,503.72913,33,95,17,24
-16.5,126.5,0.0063592731554914,205.2,0.21014026,506.69455,37,95,19,18
-16.5,126.75,0.003373169707733,178.7,0.20364928,508.84256,41,98,18,14
-16.5,127.0,-0.0076204328099265,152.2,0.19363649,509.7521,46,94,17,11
-16.5,127.25,-0.0172236640702543,125.8,0.20304407,510.43484,51,86,18,10
-16.5,127.5,-0.0139022756090742,99.6,0.19969447,511.0834,57,89,18,8
-16.5,127.75,-0.0105351647597715,73.9,0.15446562,512.1352,64,92,11,5
-16.5,128.0,-0.0134908594235423,49.3,0.11579906,513.5571,70,90,5,3
-16.5,128.25,-0.021846251147023,26.7,0.10074242,516.38763,79,82,3,1
-16.5,128.5,-0.0295660676467897,3.6,0.11253791,516.22455,96,74,4,1
-16.5,128.75,-0.0360299672205222,19.5,0.16686943,514.3281,83,68,13,2
-16.5,129.0,-0.0420189906155601,42.3,0.2330016,514.4025,73,61,23,2
-16.5,129.25,-0.0434821088361093,67.9,0.25249642,511.7307,65,59,27,6
-16.5,129.5,-0.0495700636612517,91.9,0.24387392,508.70566,59,52,25,14
-16.5,129.75,-0.056611427771748,116.0,0.25853541,506.47522,53,44,28,19
-16.5,130.0,-0.0587197595741599,140.6,0.28550732,504.30954,48,42,35,23
-16.5,130.25,-0.052737590672803,165.6,0.25223836,505.72107,44,48,27,20
-16.5,130.5,-0.0407208189057807,191.1,0.21513174,508.9498,39,63,20,13
-16.5,130.75,-0.0410329557467429,216.9,0.20938432,512.4529,35,62,19,5
-16.5,131.0,-0.0423434045869812,243.0,0.20905654,513.0936,31,61,19,4
-16.5,131.25,-0.0445225013808036,234.6,0.23066163,512.9746,32,58,22,4
-16.5,131.5,-0.0447058679247718,210.7,0.25571895,511.62363,36,58,28,6
-16.5,131.75,-0.0472380246057929,187.6,0.2577604,508.71896,40,54,28,14
-16.5,132.0,-0.0492012586444616,165.7,0.24384075,507.03342,44,52,25,18
-16.5,132.25,-0.0537628874554121,145.4,0.23228888,504.8654,47,46,23,22
-16.5,132.5,-0.0560661432865474,127.6,0.22458567,504.24838,51,44,21,23
-16.5,132.75,-0.0557746695005334,113.5,0.21223143,504.9684,54,44,20,22
-16.5,133.0,-0.0527817902778527,104.5,0.20433998,505.8612,56,48,18,20
-16.5,133.25,-0.0458223774591239,102.0,0.20618607,503.88992,57,56,19,24
-16.5,133.5,-0.0377000711287283,106.5,0.20497793,502.4117,56,66,18,26
-16.5,133.75,-0.0271740368290227,117.1,0.20460469,501.18015,53,77,18,27
-16.5,134.0,-0.0210127630276561,132.4,0.20583649,499.72833,50,82,19,29
-16.5,134.25,-0.019386123084197,151.0,0.20912625,499.19254,46,84,19,30
-16.5,134.5,-0.0235788543833353,171.8,0.1974567,498.3879,43,80,17,31
-16.5,134.75,-0.0283636852420472,194.2,0.18917325,497.5069,39,76,16,32
-16.5,135.0,-0.0324382890426065,217.5,0.18702699,496.69568,35,72,16,33
-16.5,135.25,-0.0340534888307697,241.6,0.17912851,495.01422,31,70,15,36
-16.5,135.5,-0.0341981124221569,266.2,0.16402772,493.3532,28,70,12,38
-16.5,135.75,-0.034903587848835,291.3,0.14405939,491.4949,24,69,9,40
-16.5,136.0,-0.0407447599406753,316.6,0.15381859,489.7468,21,62,10,42
-16.5,136.25,-0.0500448921063382,342.2,0.16548175,488.5967,18,51,13,43
-16.5,136.5,-0.059493857242688,334.1,0.15964986,487.04385,19,41,12,44
-16.5,136.75,-0.0609820799245166,316.8,0.13470003,483.60538,21,40,7,48
-16.5,137.0,-0.0589937250917067,300.9,0.12471214,481.48505,23,42,6,49
-16.5,137.25,-0.0614981545340491,286.6,0.13749221,481.39453,25,40,8,49
-16.5,137.5,-0.0674761101270892,274.1,0.14317405,483.915,27,36,9,47
-16.5,137.75,-0.0701618409892987,263.7,0.15719688,485.582,28,34,11,46
-16.5,141.5,-0.0147886295714193,138.6,0.17324895,489.77338,49,88,14,42
-16.5,141.75,0.0075367269527521,149.8,0.16290899,487.0148,47,94,12,44
-16.5,142.0,0.024597104465855,161.2,0.17040852,486.78842,44,79,13,45
-16.5,142.25,0.0393339282882932,166.1,0.1829018,488.5545,43,64,15,43
-16.5,142.5,0.0470735505844156,174.7,0.17891932,490.54956,42,55,15,41
-16.5,142.75,0.0538196249377159,186.7,0.17971748,491.53497,40,46,15,40
-16.5,143.0,0.0542800088468495,179.0,0.17738773,492.48785,41,46,14,39
-16.5,143.25,0.058348464982451,155.1,0.18059126,491.91745,45,42,15,39
-16.5,143.5,0.0564533939901074,132.2,0.17079002,490.58487,50,44,13,41
-16.5,143.75,0.0514431633409999,105.9,0.15824054,488.5597,56,49,11,43
-16.5,144.0,0.0374568388564512,79.8,0.15733507,486.00003,62,66,11,45
-16.5,144.25,0.0172621596360667,53.9,0.17671648,482.47324,69,86,14,48
-16.5,144.5,0.0046607976890213,28.3,0.1687531,478.70215,78,97,13,52
-16.5,144.75,0.0064104518420728,7.3,0.14800663,475.6984,92,95,9,54
-16.5,145.0,0.0221681004922304,0.3,0.09652903,469.62167,100,81,3,59
-16.5,145.25,0.0274490936415358,11.7,0.058485847,462.82336,89,76,1,65
-16.75,122.75,0.0395052114006137,494.8,0.22688915,515.59094,7,64,22,1
-16.75,123.0,0.0446130271114054,510.5,0.23538083,515.3852,6,58,23,2
-16.75,123.75,0.0294475156815938,495.8,0.19639139,502.07404,7,74,17,26
-16.75,124.0,0.0258992191101978,469.9,0.15143196,502.44965,8,78,10,26
-16.75,124.25,0.0201733543166136,444.3,0.13448822,502.15393,10,83,7,26
-16.75,124.5,0.0136153748536127,417.6,0.13220528,500.53848,12,89,7,28
-16.75,124.75,0.0035174978553273,390.9,0.12395495,499.27823,14,97,5,30
-16.75,125.0,-0.0092478729618181,364.1,0.11676408,497.95883,16,93,5,31
-16.75,125.25,-0.0156902182470903,337.4,0.13279387,498.163,19,87,7,31
-16.75,125.5,-0.0144084357833933,310.6,0.1628848,499.40237,22,89,12,30
-16.75,125.75,-0.0084780572466981,283.9,0.18010919,501.81967,25,93,15,27
-16.75,126.0,-0.0066266769604269,257.2,0.17639467,504.1072,29,95,14,24
-16.75,126.25,-0.0055356276487665,230.4,0.20522395,506.27292,33,96,18,19
-16.75,126.5,-0.0039428814203434,203.7,0.22943197,508.06473,37,97,22,15
-16.75,126.75,-0.0056591571208887,176.9,0.22416992,509.09293,42,96,21,13
-16.75,127.0,-0.0131168869091197,150.2,0.21127585,509.60022,47,90,19,12
-16.75,127.25,-0.0163832761485883,123.4,0.20243461,509.36966,52,87,18,12
-16.75,127.5,-0.0131208501889237,96.7,0.186842,509.8715,58,90,16,11
-16.75,127.75,-0.0059103675894827,70.0,0.16374971,510.63168,65,96,12,9
-16.75,128.0,-0.0075272192868093,43.3,0.13566037,512.6192,72,94,7,4
-16.75,128.25,-0.0155149104087502,16.8,0.11597057,515.5296,85,88,5,1
-16.75,128.5,-0.0246024818913567,7.4,0.12678055,516.69916,92,79,6,1
-16.75,128.75,-0.0330021074285642,31.8,0.17248094,516.0158,77,71,14,1
-16.75,129.0,-0.0391056282423614,56.1,0.22780216,514.35724,68,64,22,2
-16.75,129.25,-0.0418236575239071,78.9,0.25361222,511.73944,62,61,27,6
-16.75,129.5,-0.0468644790611939,102.4,0.2636807,509.3141,57,55,30,12
-16.75,129.75,-0.0528821414957443,127.1,0.2837734,507.35742,51,48,34,17
-16.75,130.0,-0.0536573127904419,152.1,0.30375683,505.89523,46,46,42,20
-16.75,130.25,-0.0433046654177208,176.2,0.2668398,506.9581,42,59,30,18
-16.75,130.5,-0.0360330193248089,200.6,0.23583494,510.14087,38,68,23,10
-16.75,130.75,-0.0400719584290137,225.4,0.23034318,513.42413,34,63,22,3
-16.75,131.0,-0.043119363003366,250.5,0.22442727,514.16113,30,60,21,2
-16.75,131.25,-0.0446831259776705,247.7,0.2362229,513.6673,30,58,23,3
-16.75,131.5,-0.0449286788039552,225.2,0.26368123,511.93408,34,57,30,6
-16.75,131.75,-0.0461789849566273,203.8,0.27901027,508.88953,37,56,33,13
-16.75,132.0,-0.0494111931040173,183.8,0.266642,506.74875,40,52,30,18
-16.75,132.25,-0.0497974601840334,165.9,0.24496788,504.55322,43,51,25,23
-16.75,132.5,-0.0495165122592533,150.5,0.22889516,504.7835,46,52,22,22
-16.75,132.75,-0.0512736794184006,138.8,0.21774197,505.42413,49,49,20,21
-16.75,133.0,-0.0533934126613617,131.5,0.21518013,505.31467,50,47,20,21
-16.75,133.25,-0.0487928414423506,129.5,0.21859866,504.22824,51,53,20,23
-16.75,133.5,-0.0412912107640988,133.1,0.21635869,502.8017,50,62,20,25
-16.75,133.75,-0.0325129032054627,141.7,0.21242873,501.47577,48,72,20,27
-16.75,134.0,-0.0260403532056703,154.6,0.21432179,501.02026,46,78,20,28
-16.75,134.25,-0.0245695769454219,170.8,0.21472256,500.29898,43,79,20,29
-16.75,134.5,-0.0260453145044656,189.4,0.21158333,499.15543,40,78,19,30
-16.75,134.75,-0.0321108725307221,209.8,0.199452,497.0796,36,72,18,33
-16.75,135.0,-0.039197320461348,231.6,0.19295563,496.06882,33,64,17,34
-16.75,135.25,-0.0424351111508994,254.3,0.18585111,495.30597,29,61,16,35
-16.75,135.5,-0.0409133958430694,277.7,0.17364134,494.08514,26,62,14,37
-16.75,135.75,-0.0376822570405368,301.8,0.16737366,493.1539,23,66,13,38
-16.75,136.0,-0.036476152662986,326.2,0.18441495,491.51324,20,67,16,40
-16.75,136.25,-0.040529205960532,333.6,0.2056422,490.77158,19,63,19,41
-16.75,136.5,-0.0488716025080066,314.1,0.18983851,488.9416,22,53,16,43
-16.75,136.75,-0.0554768389290464,295.7,0.14957915,484.92755,24,45,10,46
-16.75,137.0,-0.0582632625830315,278.6,0.13958067,482.33417,26,42,8,48
-16.75,137.25,-0.0601676138018124,263.1,0.14838576,481.07068,28,41,9,50
-16.75,137.5,-0.0633360407536938,249.5,0.1405175,482.77145,30,38,8,48
-16.75,137.75,-0.0663210943773655,238.0,0.14238492,485.65564,32,37,9,46
-16.75,138.0,-0.0675995691554687,229.0,0.15637502,488.1069,33,36,11,43
-16.75,138.25,-0.0677549809749637,222.9,0.18733107,490.02615,34,35,16,41
-16.75,141.25,-0.03014867201259,104.8,0.18716113,489.46243,56,74,16,42
-16.75,141.5,-0.0164396370761096,113.1,0.16606814,487.12692,54,87,13,44
-16.75,141.75,0.0032833198467588,126.4,0.17576297,487.1811,51,98,14,44
-16.75,142.0,0.0165449538334671,134.0,0.17592505,488.49402,50,87,14,43
-16.75,142.25,0.0278511796412723,139.6,0.18094972,490.24286,48,76,15,41
-16.75,142.5,0.0396032248485079,149.7,0.1833717,491.98727,47,64,15,39
-16.75,142.75,0.0479721792485742,160.3,0.18545698,493.31046,45,54,16,38
-16.75,143.0,0.0547346478461154,160.1,0.1919367,493.91458,45,45,17,37
-16.75,143.25,0.0567377206071146,143.9,0.19286379,493.27094,48,44,17,38
-16.75,143.5,0.056659547612071,118.9,0.18800056,491.6304,53,44,16,40
-16.75,143.75,0.0501276641418891,94.9,0.18030244,489.91125,59,51,15,42
-16.75,144.0,0.0387140958015585,72.7,0.1821096,488.06647,64,65,15,43
-16.75,144.25,0.023263058933385,54.8,0.20703563,485.2547,69,80,19,46
-16.75,144.5,0.0098543894410665,45.7,0.21824662,480.90195,72,92,20,50
-16.75,144.75,0.009683129383761,32.3,0.20577633,475.599,77,93,19,54
-16.75,145.0,0.0216480983642949,26.2,0.15593788,468.13916,79,82,11,60
-16.75,145.25,0.030704581914913,9.1,0.09849398,459.40457,90,73,3,67
-16.75,145.5,0.0225693886633962,15.3,0.10107695,452.5421,86,81,3,72
-17.0,122.5,0.0358031304148469,456.9,0.21952641,508.9973,9,68,21,13
-17.0,122.75,0.0436068390507162,472.4,0.21079646,510.43277,8,59,19,10
-17.0,123.0,0.0498124054549927,488.8,0.2298726,509.5445,7,51,22,12
-17.0,124.0,0.0343720524128349,471.7,0.20196147,506.18365,8,70,18,19
-17.0,124.25,0.0293105810692179,445.0,0.1732763,503.56952,10,74,14,24
-17.0,124.5,0.0205974010476243,418.4,0.18249132,501.83914,12,83,15,27
-17.0,124.75,0.008100146408348,391.7,0.18795134,500.8764,14,94,16,28
-17.0,125.0,-0.0054715556375283,365.1,0.16936001,500.50168,16,96,13,28
-17.0,125.25,-0.0129399444221191,338.5,0.15498911,501.48825,19,90,11,27
-17.0,125.5,-0.0064776263687582,311.9,0.17035465,503.52115,22,95,13,24
-17.0,125.75,0.0006555866472245,285.3,0.18025708,505.95908,25,100,15,20
-17.0,126.0,-0.005714948705974,258.8,0.15516448,507.72516,29,96,11,16
-17.0,126.25,-0.0160678810063039,232.3,0.19046229,508.06985,33,87,16,15
-17.0,126.5,-0.0176216061116151,205.8,0.22592136,509.3209,37,86,22,12
-17.0,126.75,-0.0166179631928181,179.5,0.23100641,509.19333,41,87,22,13
-17.0,127.0,-0.0158930433556504,153.2,0.22052048,509.3734,46,87,21,12
-17.0,127.25,-0.0146078579148577,127.2,0.1970247,508.7371,51,89,17,14
-17.0,127.5,-0.0107665998478686,101.5,0.18165673,508.87393,57,92,15,14
-17.0,127.75,-0.0051678922942041,76.5,0.18831544,509.11115,63,96,16,13
-17.0,128.0,-0.0007833827286958,53.3,0.1760015,510.23486,69,100,14,10
-17.0,128.25,-0.0047121661072153,35.0,0.1334513,512.2709,76,97,7,5
-17.0,128.5,-0.0190090445541067,31.2,0.1291004,513.52875,77,84,6,3
-17.0,128.75,-0.0270083195374657,45.4,0.15764776,513.11755,72,77,11,4
-17.0,129.0,-0.0324953010721531,67.5,0.21926656,511.74112,65,72,21,6
-17.0,129.25,-0.0368774704371822,91.6,0.27273414,509.86902,59,67,32,11
-17.0,129.5,-0.0416406306881634,116.2,0.29560187,508.5661,53,61,39,14
-17.0,129.75,-0.0462895855246599,138.9,0.30745608,507.83075,49,56,44,16
-17.0,130.0,-0.0452917482792621,162.5,0.31544828,507.40335,44,57,49,17
-17.0,130.25,-0.0358000865710588,186.9,0.28688303,507.93857,40,68,35,16
-17.0,130.5,-0.03145335660596,211.9,0.2617753,511.9964,36,72,29,6
-17.0,130.75,-0.0349075955604868,236.4,0.24698584,514.20953,32,69,26,2
-17.0,131.0,-0.0398040652674223,260.6,0.23365082,515.06976,29,64,23,2
-17.0,131.25,-0.0423893774704386,263.0,0.23564278,514.3417,28,61,23,2
-17.0,131.5,-0.0414876891677046,242.0,0.2540623,511.7752,31,62,27,6
-17.0,131.75,-0.0427980861138729,222.2,0.26946363,508.73404,34,60,31,14
-17.0,132.0,-0.0460038548512827,204.1,0.26563656,506.91586,37,56,30,18
-17.0,132.25,-0.0467979365094964,188.1,0.25016043,506.1468,40,55,26,20
-17.0,132.5,-0.0460544982259827,174.8,0.24350844,506.3477,42,56,25,19
-17.0,132.75,-0.0451676890320543,164.8,0.23513162,506.38992,44,57,23,19
-17.0,133.0,-0.0480348959199285,158.7,0.22850913,506.01938,45,53,22,20
-17.0,133.25,-0.0476568701433106,157.1,0.23413517,506.1139,45,54,23,20
-17.0,133.5,-0.0439991701305622,160.0,0.22965373,503.35388,45,58,22,25
-17.0,133.75,-0.0388260871244017,167.3,0.22058971,502.1119,43,65,21,26
-17.0,134.0,-0.0350844512183574,178.3,0.21839587,501.8328,41,69,20,27
-17.0,134.25,-0.034736195102977,192.5,0.22273023,501.5355,39,69,21,27
-17.0,134.5,-0.0362325459519135,209.1,0.22817487,500.61746,36,68,22,28
-17.0,134.75,-0.0381856001159619,227.8,0.23457621,498.55472,33,66,23,31
-17.0,135.0,-0.0427373540188585,247.9,0.22923966,495.25958,30,60,22,35
-17.0,135.25,-0.0501639391256806,269.2,0.2127586,495.14465,27,51,20,35
-17.0,135.5,-0.0519150337026942,291.4,0.2086997,495.33542,24,49,19,35
-17.0,135.75,-0.0485963629336939,314.4,0.20054778,494.38287,21,53,18,37
-17.0,136.0,-0.0442273650251861,329.8,0.21227956,493.8423,20,58,20,37
-17.0,136.25,-0.0441298807125782,316.0,0.2309774,494.2307,21,58,22,37
-17.0,136.5,-0.0496074789092831,295.3,0.22072339,492.97,24,52,21,38
-17.0,136.75,-0.0538440469009358,275.7,0.17968608,490.94873,27,46,15,40
-17.0,137.0,-0.0550105765949757,257.4,0.15621538,487.4196,29,45,11,44
-17.0,137.25,-0.0561711964829425,240.5,0.15480289,485.4555,31,44,11,46
-17.0,137.5,-0.0592870536349004,225.5,0.15261702,484.74484,34,41,10,46
-17.0,137.75,-0.0626958606919894,212.8,0.14350648,485.53476,36,39,9,46
-17.0,138.0,-0.0615799415435287,202.7,0.14066438,485.47586,37,40,8,46
-17.0,138.25,-0.0606657198646904,195.8,0.15122946,485.5554,39,40,10,46
-17.0,138.5,-0.0601055155064733,192.3,0.1636338,488.4053,39,41,12,43
-17.0,138.75,-0.0595642623109077,192.4,0.17769554,494.85828,39,41,14,36
-17.0,139.0,-0.0606286681002183,196.0,0.21054462,501.56537,38,40,19,27
-17.0,141.0,-0.0423925341525492,75.6,0.25026155,495.24167,63,61,26,35
-17.0,141.25,-0.0331841428013008,78.0,0.1759206,490.17426,62,71,14,41
-17.0,141.5,-0.0174402199807532,88.7,0.16187097,485.52536,60,86,12,46
-17.0,141.75,-0.0005299033397542,104.0,0.18014012,487.18027,56,100,15,44
-17.0,142.0,0.0084917112774703,106.7,0.18194826,491.1841,56,93,15,40
-17.0,142.25,0.0189995307752507,113.5,0.18414643,493.03806,54,84,15,38
-17.0,142.5,0.0316483641653099,125.7,0.18985267,493.88107,52,72,16,37
-17.0,142.75,0.0445092228973018,132.9,0.19662617,494.46927,50,58,17,36
-17.0,143.0,0.0517605705563688,132.6,0.20169233,494.59015,50,49,18,36
-17.0,143.25,0.0546202510329229,136.2,0.20354751,493.85974,49,45,18,37
-17.0,143.5,0.0557313132415791,111.0,0.19911937,492.16672,55,45,18,39
-17.0,143.75,0.0521649733850998,84.8,0.19096829,490.4954,61,48,16,41
-17.0,144.0,0.0439189449706602,59.1,0.18406941,489.34058,68,59,15,42
-17.0,144.25,0.0327195991462628,34.8,0.20289747,486.47543,76,71,18,45
-17.0,144.5,0.0200531918056575,18.8,0.20984401,480.4631,83,83,19,50
-17.0,144.75,0.0151421043107153,29.5,0.17192572,473.13248,78,88,13,56
-17.0,145.0,0.0198484612628817,20.3,0.13626936,464.01245,83,83,7,64
-17.0,145.25,0.0259574912000624,14.0,0.09537561,454.75565,87,78,3,71
-17.0,145.5,0.0236487912147172,2.8,0.06189095,449.26428,97,80,1,75
-17.0,145.75,0.0100798073546251,0.3,0.08645021,448.55203,100,92,2,75
-17.25,122.25,0.0282065278589947,419.2,0.21099827,507.29407,12,76,19,17
-17.25,122.5,0.0314109769472408,434.4,0.2087667,505.81833,11,72,19,20
-17.25,122.75,0.040009668769337,450.6,0.22216736,505.37213,10,63,21,21
-17.25,123.0,0.0456564409297633,467.8,0.2531657,505.93506,9,56,27,20
-17.25,123.25,0.0450165426860275,485.7,0.28695032,506.67126,7,57,35,18
-17.25,123.75,0.0371325130446902,500.3,0.29027143,512.58563,7,67,36,5
-17.25,124.0,0.0382807960428874,473.8,0.24092124,510.9381,8,65,24,8
-17.25,124.25,0.0328070053309645,447.4,0.20554584,506.40018,10,71,19,19
-17.25,124.5,0.0204351119835683,420.9,0.19831765,503.64838,12,83,18,24
-17.25,124.75,0.0071773869894622,394.5,0.20227888,502.6657,14,95,18,26
-17.25,125.0,-0.002180661844267,368.1,0.19533394,503.0421,16,99,17,25
-17.25,125.25,-0.0054724744942394,341.8,0.17878057,504.32132,18,96,15,23
-17.25,125.5,0.0010355225764214,315.5,0.17389423,506.64462,21,100,14,19
-17.25,125.75,0.0087121312462148,289.4,0.1644242,509.14163,25,93,12,13
-17.25,126.0,0.001133992276681,263.3,0.13823326,510.85037,28,100,8,9
-17.25,126.25,-0.0179853914560572,237.3,0.17696302,510.497,32,85,14,9
-17.25,126.5,-0.0235755678621076,211.6,0.21522859,510.32083,36,80,20,10
-17.25,126.75,-0.0217468029763993,186.1,0.2196653,510.01544,40,82,21,11
-17.25,127.0,-0.020435788843315,161.0,0.2136515,510.2158,44,83,20,10
-17.25,127.25,-0.0172396927794796,136.5,0.196316,509.37903,49,86,17,12
-17.25,127.5,-0.0107399544933286,113.0,0.19188723,508.79788,54,92,17,14
-17.25,127.75,-0.0065799754118502,91.3,0.20308119,508.82672,59,95,18,14
-17.25,128.0,-0.0040227712171534,72.8,0.18434207,508.3683,64,97,16,15
-17.25,128.25,-0.0075281383741336,60.5,0.13310283,509.71683,67,94,7,11
-17.25,128.5,-0.019793093585897,58.3,0.11932026,511.35834,68,83,5,7
-17.25,128.75,-0.0255475257955757,67.3,0.14789626,511.0046,65,78,9,8
-17.25,129.0,-0.0313994085941452,83.7,0.21858694,510.65985,61,73,20,9
-17.25,129.25,-0.0353867151996209,104.5,0.28330112,509.22708,56,69,34,13
-17.25,129.5,-0.0385068458072575,127.5,0.30654067,508.4217,51,65,43,15
-17.25,129.75,-0.0404441142088866,151.6,0.3075279,508.23456,46,63,44,15
-17.25,130.0,-0.0381430127431139,176.1,0.3076492,508.45743,42,66,44,14
-17.25,130.25,-0.0307545616624078,198.9,0.29158756,509.15497,38,73,37,13
-17.25,130.5,-0.0260800372326879,222.5,0.2658421,512.0679,34,78,30,5
-17.25,130.75,-0.0296085639282994,246.7,0.23873626,514.6479,31,74,24,2
-17.25,131.0,-0.0368411137800042,271.5,0.2329162,514.5616,27,67,23,2
-17.25,131.25,-0.0416761244776093,280.2,0.24626994,514.3682,26,61,25,2
-17.25,131.5,-0.0426218138963338,260.6,0.2792577,512.6191,29,60,33,4
-17.25,131.75,-0.0448090892795118,242.4,0.30383512,510.52017,31,57,42,9
-17.25,132.0,-0.0481160066079437,226.0,0.31069162,508.7762,34,53,46,14
-17.25,132.25,-0.0504790753447672,211.7,0.29706022,508.54034,36,50,39,14
-17.25,132.5,-0.0505630164562414,199.9,0.28394625,507.48303,38,50,35,17
-17.25,132.75,-0.0480014182627201,191.3,0.26864475,507.06665,39,53,31,18
-17.25,133.0,-0.0467793659301519,186.1,0.24171585,506.04962,40,55,25,20
-17.25,133.25,-0.0442020364454947,184.7,0.23236947,505.61136,40,58,23,21
-17.25,133.5,-0.0422503347364476,187.2,0.23644638,504.18256,40,61,23,23
-17.25,133.75,-0.0396752987611329,193.4,0.23897937,503.5821,39,64,24,24
-17.25,134.0,-0.0388345931723181,203.0,0.23901097,503.15955,37,65,24,25
-17.25,134.25,-0.0394430420658041,215.5,0.255126,503.00275,35,64,28,25
-17.25,134.5,-0.0414002649574762,230.5,0.27402252,502.98663,33,62,32,25
-17.25,134.75,-0.0402974348626143,247.5,0.29531592,500.43677,31,63,38,28
-17.25,135.0,-0.0399782738404437,256.4,0.29385412,497.84943,29,63,38,31
-17.25,135.25,-0.0450686674908779,266.1,0.2592152,495.9596,28,57,28,34
-17.25,135.5,-0.05035922421403,278.1,0.24256407,495.7968,26,51,25,35
-17.25,135.75,-0.0517428814877002,292.0,0.22844642,495.2838,24,49,22,35
-17.25,136.0,-0.0505459446992192,307.5,0.22789122,496.155,22,50,22,34
-17.25,136.25,-0.0498670391782763,299.8,0.24163859,496.62418,23,51,25,33
-17.25,136.5,-0.0533090939412691,278.0,0.24923635,496.3467,26,47,26,34
-17.25,136.75,-0.0567469006293408,257.1,0.22221988,495.04587,29,44,21,36
-17.25,137.0,-0.0591364599797608,237.4,0.18722947,492.79916,32,41,16,38
-17.25,137.25,-0.0589445918589869,219.0,0.17265105,490.89957,35,42,14,41
-17.25,137.5,-0.0591354298153116,202.5,0.16041155,488.8318,37,41,12,43
-17.25,137.75,-0.0600432390081031,188.2,0.14118905,486.96573,40,41,8,44
-17.25,138.0,-0.0592828412717651,176.8,0.1409316,484.83002,42,41,8,46
-17.25,138.25,-0.0574379790934645,168.8,0.15132856,481.7339,43,43,10,49
-17.25,138.5,-0.0560614462248936,164.7,0.15790468,483.17886,44,44,11,48
-17.25,138.75,-0.0548864446064856,164.9,0.16405022,489.89856,44,45,12,42
-17.25,139.0,-0.0562441982816727,168.9,0.1936977,498.39087,43,44,17,31
-17.25,141.0,-0.039424704121969,48.1,0.26944023,492.37723,71,64,31,39
-17.25,141.25,-0.0343779376996237,51.8,0.2100738,487.36273,70,70,19,44
-17.25,141.5,-0.0215351731117282,66.8,0.18280505,484.64154,66,82,15,47
-17.25,141.75,-0.0066808182413556,76.4,0.18358031,488.1042,63,95,15,43
-17.25,142.0,0.0031150496276538,79.5,0.18466733,492.9457,62,98,16,38
-17.25,142.25,0.0147660144563165,88.4,0.18931465,494.28592,60,88,16,37
-17.25,142.5,0.0248012387870057,101.9,0.19452596,495.15082,57,79,17,35
-17.25,142.75,0.0374248680664182,105.5,0.20249182,495.4558,56,66,18,35
-17.25,143.0,0.0433914420727108,105.1,0.20639393,495.30875,56,59,19,35
-17.25,143.25,0.0454010168622647,108.9,0.21167228,494.2564,55,57,19,37
-17.25,143.5,0.0448855802638544,109.7,0.21000765,492.26346,55,57,19,39
-17.25,143.75,0.0423854923472737,83.2,0.20794255,491.56708,61,61,19,40
-17.25,144.0,0.0323772479325444,56.8,0.20496485,490.16638,68,72,18,41
-17.25,144.25,0.0219127399702778,30.7,0.21571012,487.46616,77,82,20,44
-17.25,144.5,0.0207339187029338,7.4,0.22950521,481.16605,92,82,22,49
-17.25,144.75,0.0179582086990454,11.6,0.19049391,472.64166,89,85,16,57
-17.25,145.0,0.0111092354323426,0.2,0.15991275,460.60367,100,91,12,66
-17.25,145.25,0.0061400950509345,8.0,0.13647853,449.0993,91,95,7,75
-17.25,145.5,0.0095709075519282,0.9,0.09256516,442.37854,99,93,3,79
-17.25,145.75,0.0115513703985405,17.2,0.059391864,443.6448,84,91,1,78
-17.5,122.25,0.0224702675319609,396.4,0.2020024,506.59067,14,81,18,19
-17.5,122.5,0.0232531870804017,412.4,0.2003087,504.87433,12,80,18,22
-17.5,122.75,0.0292520750688709,429.4,0.23801738,504.18167,11,75,24,23
-17.5,123.0,0.0340109221371156,447.4,0.2787208,504.99017,10,70,33,22
-17.5,123.25,0.0364124081732283,466.1,0.29064384,507.57553,9,67,37,17
-17.5,123.5,0.0331331689043768,485.5,0.28836966,509.65488,7,71,36,11
-17.5,123.75,0.0320510716748512,503.8,0.27062145,511.6097,6,72,31,7
-17.5,124.0,0.0339163961552826,477.6,0.2566353,510.10977,8,70,28,10
-17.5,124.25,0.0272588057898073,451.4,0.24782003,508.16232,10,76,26,15
-17.5,124.5,0.0180915175511819,425.2,0.23522542,506.5084,11,85,23,19
-17.5,124.75,0.0073978992095882,399.2,0.23297045,505.81018,13,94,23,20
-17.5,125.0,0.0012687205822051,373.2,0.24174477,506.66638,15,99,25,19
-17.5,125.25,0.0016335403779521,347.3,0.24070896,507.8223,18,99,24,16
-17.5,125.5,0.0002510962004418,321.5,0.21191739,510.0099,21,100,20,11
-17.5,125.75,0.0026478253548876,296.0,0.17912298,512.1513,24,98,15,5
-17.5,126.0,-0.0054261691646561,270.6,0.1465817,512.8222,27,96,9,4
-17.5,126.25,-0.0185360206734566,245.4,0.16769402,511.93918,31,85,13,6
-17.5,126.5,-0.0225784730002661,220.7,0.1957312,511.17322,34,81,17,8
-17.5,126.75,-0.0225253706853393,196.4,0.20376484,510.63803,38,81,18,9
-17.5,127.0,-0.0222738942464015,172.9,0.20502521,510.86316,42,81,18,8
-17.5,127.25,-0.0216520656957679,150.4,0.21620455,510.5166,46,82,20,9
-17.5,127.5,-0.0142108666621858,129.5,0.21646306,510.03467,51,89,20,11
-17.5,127.75,-0.0012065529341011,111.0,0.20521356,509.83212,55,100,18,11
-17.5,128.0,0.0014511672264364,96.2,0.1762988,508.78998,58,99,14,14
-17.5,128.25,-0.0061275966720478,87.3,0.14498489,509.18768,60,95,9,13
-17.5,128.5,-0.0185038859290736,85.8,0.14427622,510.88098,61,85,9,8
-17.5,128.75,-0.0234008739525008,92.1,0.18565255,510.32422,59,80,16,10
-17.5,129.0,-0.0267606316045636,104.9,0.25616828,508.81766,56,77,28,14
-17.5,129.25,-0.0312480671043019,122.1,0.30699572,507.8243,52,73,44,16
-17.5,129.5,-0.0339215533824504,142.2,0.311443,507.5319,48,70,46,17
-17.5,129.75,-0.0357143701730473,164.3,0.3113805,507.2085,44,68,46,17
-17.5,130.0,-0.0336002701056367,187.5,0.30170265,508.3408,40,70,41,15
-17.5,130.25,-0.027656939947268,211.5,0.27907437,509.47864,36,76,33,12
-17.5,130.5,-0.0221171829350558,235.8,0.2506145,511.06015,32,81,27,8
-17.5,130.75,-0.0254650263681209,258.8,0.23507135,513.3399,29,78,23,3
-17.5,131.0,-0.0325346044752569,282.4,0.23806827,514.1722,26,71,24,2
-17.5,131.25,-0.038268527810994,299.0,0.25816748,514.107,23,65,28,2
-17.5,131.5,-0.0407221392817085,280.7,0.2881548,512.4989,26,62,36,5
-17.5,131.75,-0.0421789832235801,264.0,0.31731117,510.864,28,61,50,8
-17.5,132.0,-0.0473552381349561,249.0,0.32354635,509.1306,30,54,54,13
-17.5,132.25,-0.0479909190154146,236.1,0.3006926,508.32916,32,53,41,15
-17.5,132.5,-0.0481142876913682,225.7,0.2723525,507.14096,34,53,32,18
-17.5,132.75,-0.0473418443885055,218.0,0.25667524,506.63556,35,54,28,19
-17.5,133.0,-0.0473717371122412,213.5,0.24449442,505.90622,36,54,25,20
-17.5,133.25,-0.0454670844111768,212.3,0.24206722,506.57825,36,57,25,19
-17.5,133.5,-0.0429539209675221,214.5,0.2711183,506.3977,35,60,31,19
-17.5,133.75,-0.0417598399599748,215.4,0.2771434,505.63394,35,61,33,21
-17.5,134.0,-0.0396431779466746,214.8,0.2837984,506.4794,35,64,34,19
-17.5,134.25,-0.0403230791700826,214.8,0.29276156,505.98648,35,63,37,20
-17.5,134.5,-0.03936609981382,216.9,0.30610284,503.43597,35,64,43,24
-17.5,134.75,-0.0390071785399208,222.2,0.3109814,502.57965,34,65,46,26
-17.5,135.0,-0.0372056152095475,230.4,0.3223118,500.54477,33,67,53,28
-17.5,135.25,-0.0383331347146027,241.2,0.30752853,497.905,31,65,44,31
-17.5,135.5,-0.0436435540245535,254.3,0.28724366,497.80154,29,59,36,31
-17.5,135.75,-0.0478378043349255,269.4,0.2844431,498.09058,27,54,35,31
-17.5,136.0,-0.0503381843296145,286.1,0.27202535,498.9187,25,51,32,30
-17.5,136.25,-0.0516492301576016,285.4,0.2621919,497.79056,25,49,29,31
-17.5,136.5,-0.0539014451017248,262.5,0.2542929,497.2329,28,46,27,32
-17.5,136.75,-0.055658722555797,240.3,0.24157386,496.96094,31,45,25,33
-17.5,137.0,-0.0571514817786269,219.0,0.21665642,496.26874,35,43,20,34
-17.5,137.25,-0.0578132656624629,199.0,0.20670815,494.43246,38,43,19,36
-17.5,137.5,-0.0573610778656854,180.7,0.18742079,492.37988,41,43,16,39
-17.5,137.75,-0.0569273495082078,164.6,0.16702175,490.6956,44,43,13,41
-17.5,138.0,-0.0560437203811792,151.5,0.16975704,488.62347,46,44,13,43
-17.5,138.25,-0.0543912801581124,142.1,0.17442273,485.567,48,46,14,46
-17.5,138.5,-0.0516459781909361,137.2,0.17367072,485.06796,49,49,14,46
-17.5,138.75,-0.0509296003651494,137.3,0.17478757,489.73697,49,50,14,42
-17.5,139.0,-0.0499307017595995,141.9,0.17844789,494.9973,48,51,15,36
-17.5,139.25,-0.0522113200792643,150.3,0.21161456,499.54834,47,48,19,29
-17.5,139.5,-0.0523366636507922,162.6,0.25631613,500.80624,44,48,28,28
-17.5,140.75,-0.0408975289824108,38.0,0.28874946,499.03207,74,62,36,30
-17.5,141.0,-0.0378543825365514,21.1,0.2407579,493.70108,82,66,24,37
-17.5,141.25,-0.035468663600096,28.4,0.21158129,487.82495,78,68,19,44
-17.5,141.5,-0.0250740328936704,49.9,0.19539723,485.3064,70,79,17,46
-17.5,141.75,-0.0129135258756356,48.8,0.1971424,487.85678,71,90,17,44
-17.5,142.0,-0.0023781083768144,52.6,0.19673145,492.57306,69,99,17,39
-17.5,142.25,0.008300418022,64.9,0.19556853,495.15378,66,94,17,35
-17.5,142.5,0.0196338015076305,77.9,0.197706,496.28928,63,84,17,34
-17.5,142.75,0.0305739522429316,78.2,0.20246966,496.77872,62,73,18,33
-17.5,143.0,0.0381405512979697,77.7,0.21161707,496.66678,63,66,19,33
-17.5,143.25,0.0384518029123899,81.7,0.21428539,495.86777,62,65,20,34
-17.5,143.5,0.0364590387126164,88.1,0.21779999,494.4756,60,67,20,36
-17.5,143.75,0.0323023327981077,90.3,0.2248937,493.431,60,72,21,38
-17.5,144.0,0.0249720961243535,66.6,0.24846801,492.30618,66,79,26,39
-17.5,144.25,0.0142456161678724,42.6,0.2500368,488.7657,73,89,26,43
-17.5,144.5,0.0077676512079224,22.0,0.2633557,482.53336,82,94,30,48
-17.5,144.75,0.0024425159607614,14.8,0.26285225,473.73752,86,98,29,56
-17.5,145.0,-0.0012681172473267,18.6,0.22455671,459.88803,84,99,21,67
-17.5,145.25,0.0029957381365377,11.0,0.17992407,443.94724,89,98,15,78
-17.5,145.5,0.0102305488246548,0.6,0.11143667,436.48987,100,92,4,82
-17.5,145.75,0.01603285897519,20.0,0.041027475,441.08157,83,87,1,79
-17.5,146.0,0.0054724179097406,3.3,0.054825112,453.8827,96,96,1,71
-17.75,122.25,0.0230843913281292,374.3,0.21535751,506.70636,15,80,20,18
-17.75,122.5,0.0204220397054173,391.2,0.1892161,505.54095,14,83,16,21
-17.75,122.75,0.0237207441790295,409.0,0.22675529,505.38278,13,80,22,21
-17.75,123.0,0.0289808133266065,427.8,0.29008147,505.7574,11,75,36,20
-17.75,123.25,0.0309796782870156,447.3,0.30905077,507.89056,10,73,45,16
-17.75,123.5,0.0302938768163412,467.5,0.28616986,508.30728,9,74,35,15
-17.75,123.75,0.0278238967637575,488.0,0.26012206,509.26492,7,76,29,12
-17.75,124.0,0.0252537035473367,482.9,0.2575611,508.9262,8,78,28,13
-17.75,124.25,0.0203259988206333,457.1,0.28045526,509.57596,9,83,34,12
-17.75,124.5,0.0133193128648036,431.3,0.27583873,508.91165,11,90,32,13
-17.75,124.75,0.0055576647365731,405.7,0.2821467,509.0221,13,96,34,13
-17.75,125.0,0.0020386475138366,380.2,0.29629165,509.6223,15,99,39,12
-17.75,125.25,-0.000803054943459,354.9,0.29358906,511.13107,17,100,38,8
-17.75,125.5,-0.0012241464950853,329.8,0.26089126,513.08954,20,99,29,4
-17.75,125.75,-0.0070693408892977,304.9,0.21635963,514.30176,23,95,20,2
-17.75,126.0,-0.0183552113572312,280.4,0.19502488,514.5941,26,85,17,2
-17.75,126.25,-0.0245637363840138,256.3,0.198526,512.8019,29,79,18,4
-17.75,126.5,-0.0212840824798193,232.7,0.1924185,511.26962,33,82,17,7
-17.75,126.75,-0.0176851626929073,209.9,0.20372692,511.3343,36,86,18,7
-17.75,127.0,-0.0182278627197125,188.1,0.22438553,511.60666,40,85,21,7
-17.75,127.25,-0.0176498562496687,167.7,0.23534791,511.78284,43,86,23,6
-17.75,127.5,-0.009907373793595,149.2,0.23733594,511.86188,47,92,24,6
-17.75,127.75,0.0041073239552566,133.4,0.2179771,510.96747,50,97,20,8
-17.75,128.0,0.0087012412125616,121.5,0.18807124,509.1424,52,93,16,13
-17.75,128.25,-0.0012653910011673,114.5,0.16574144,509.2319,54,99,13,13
-17.75,128.5,-0.0136922469296093,113.3,0.18665789,510.10675,54,89,16,10
-17.75,128.75,-0.0183884282951198,118.2,0.25425848,509.33594,53,85,27,12
-17.75,129.0,-0.0224114834452934,128.5,0.3138219,508.3769,51,81,48,15
-17.75,129.25,-0.0243814340426719,142.9,0.31629452,507.9967,48,79,50,16
-17.75,129.5,-0.0290655058775363,160.4,0.31700662,507.76822,45,75,50,16
-17.75,129.75,-0.0304552990416552,180.2,0.31042144,507.75098,41,73,46,16
-17.75,130.0,-0.0307552732746227,201.6,0.29725206,508.0738,38,73,39,15
-17.75,130.25,-0.0270186787072036,224.1,0.2619883,509.74796,34,77,29,11
-17.75,130.5,-0.0207896182163884,247.4,0.24028501,510.916,31,82,24,8
-17.75,130.75,-0.0233552303797166,271.3,0.24457903,512.5249,27,80,25,5
-17.75,131.0,-0.0305125317774668,295.5,0.26551983,513.0148,24,73,30,4
-17.75,131.25,-0.0360907157062597,318.7,0.27915123,512.64636,21,68,33,4
-17.75,131.5,-0.038557314989157,302.1,0.29243898,511.87695,23,65,37,6
-17.75,131.75,-0.0432345367308395,286.6,0.31577134,510.3096,25,59,49,10
-17.75,132.0,-0.045437371575584,268.6,0.3286678,509.60764,27,57,58,12
-17.75,132.25,-0.0481349980616609,250.4,0.3093232,509.1234,30,53,45,13
-17.75,132.5,-0.0474038270080373,233.8,0.28157514,508.5541,32,54,34,14
-17.75,132.75,-0.0477616294919114,219.1,0.2602047,508.09222,35,54,29,15
-17.75,133.0,-0.049139903538439,206.8,0.25369748,507.56418,37,52,27,17
-17.75,133.25,-0.0455369694513224,197.1,0.2674935,507.7494,38,56,30,16
-17.75,133.5,-0.0447631055566792,190.7,0.28804556,507.5593,39,58,36,17
-17.75,133.75,-0.0422262224413099,187.8,0.29930952,506.94595,40,61,40,18
-17.75,134.0,-0.0413576861289108,187.2,0.29913378,507.4549,40,62,40,17
-17.75,134.25,-0.0355399387639149,187.1,0.30262765,507.0228,40,68,41,18
-17.75,134.5,-0.0352450026930975,189.6,0.30662435,505.27164,39,69,43,21
-17.75,134.75,-0.0350436072142439,195.6,0.3020762,504.32712,39,69,41,23
-17.75,135.0,-0.037191591792119,204.8,0.30879152,502.5466,37,67,45,26
-17.75,135.25,-0.0396273887882541,216.9,0.30235472,500.8696,35,64,41,28
-17.75,135.5,-0.0438877853354261,231.4,0.29967713,500.49704,33,59,40,28
-17.75,135.75,-0.0491636625845872,247.8,0.29078913,501.25076,30,52,37,27
-17.75,136.0,-0.0518801686708771,265.8,0.2964651,501.15143,28,49,39,27
-17.75,136.25,-0.054666243854583,273.0,0.28159857,500.18463,27,45,34,29
-17.75,136.5,-0.0526640627023187,249.0,0.28919595,499.4419,30,48,36,29
-17.75,136.75,-0.0533331958222247,225.5,0.27652588,499.37106,34,47,33,30
-17.75,137.0,-0.0516365166287869,202.8,0.2662152,499.61682,37,49,30,29
-17.75,137.25,-0.0506812138390073,181.1,0.25016886,498.4135,41,50,26,31
-17.75,137.5,-0.0486251343651452,160.8,0.22057287,497.1586,44,53,21,33
-17.75,137.75,-0.0473016679421388,142.5,0.20893775,496.5547,48,54,19,33
-17.75,138.0,-0.0473642295337326,127.1,0.20647871,493.8512,51,54,19,37
-17.75,138.25,-0.0479481356484549,115.7,0.2076621,492.1073,54,54,19,39
-17.75,138.5,-0.0465238160631131,109.7,0.20133555,491.43417,55,55,18,40
-17.75,138.75,-0.0462554278387133,109.9,0.18717702,489.7994,55,56,16,42
-17.75,139.0,-0.0464027986285232,115.2,0.18159054,492.34644,54,55,15,39
-17.75,139.25,-0.0488333098679071,125.3,0.19914258,493.42462,52,53,18,38
-17.75,139.5,-0.0503899132766361,139.8,0.24163064,496.20828,48,51,25,34
-17.75,139.75,-0.0499751109164208,137.7,0.24980173,497.09265,49,51,26,33
-17.75,140.0,-0.0493909653630994,111.2,0.2677012,497.52765,55,52,31,32
-17.75,140.25,-0.0499292567438845,84.8,0.29770175,496.15347,61,51,39,34
-17.75,140.5,-0.048424018667789,58.3,0.2988276,498.30984,68,53,40,31
-17.75,140.75,-0.045750371916663,32.1,0.26139194,497.56467,77,56,29,32
-17.75,141.0,-0.0414891932059877,6.9,0.22355054,494.01996,92,62,21,37
-17.75,141.25,-0.0383075273858074,14.5,0.20159772,489.34363,86,65,18,42
-17.75,141.5,-0.0288823648488947,24.2,0.2033341,487.86603,80,75,18,44
-17.75,141.75,-0.0191444444040479,21.2,0.20887922,489.6856,82,84,19,42
-17.75,142.0,-0.009276094596966,27.2,0.2088006,493.25516,79,93,19,38
-17.75,142.25,0.003820918538397,40.6,0.21075132,495.14474,73,97,19,35
-17.75,142.5,0.0128075638586389,54.9,0.20729841,496.69165,69,90,19,33
-17.75,142.75,0.027282165882865,51.3,0.20867546,497.71564,70,76,19,32
-17.75,143.0,0.0341397332132882,50.4,0.2116302,497.73175,70,70,19,32
-17.75,143.25,0.0367285485822884,55.1,0.21520242,496.94165,69,67,20,33
-17.75,143.5,0.0327524351302556,61.2,0.21865897,495.84503,67,71,21,34
-17.75,143.75,0.0260321695113643,68.5,0.24106225,495.72217,65,78,24,35
-17.75,144.0,0.0216799946036189,80.2,0.26428813,494.03363,62,82,30,37
-17.75,144.25,0.0153074211557395,60.3,0.2678661,489.888,67,88,31,42
-17.75,144.5,0.0056069501609142,47.2,0.29668015,483.39484,71,96,39,48
-17.75,144.75,-0.0016453990224926,40.8,0.28875205,474.33295,73,99,36,55
-17.75,145.0,-0.0010747565369196,15.4,0.2293373,458.98047,86,100,22,67
-17.75,145.25,0.0045497225990402,7.3,0.17698173,442.83722,92,97,14,79
-17.75,145.5,0.0162432029769877,5.4,0.08540641,433.25375,94,87,2,83
-17.75,145.75,0.0198689777592551,8.7,0.026139524,437.6446,91,83,1,81
-17.75,146.0,0.0105989573140894,0.6,0.046570722,453.80106,100,92,1,71
-18.0,122.5,0.0299601430339472,370.7,0.21961495,504.31155,16,74,21,23
-18.0,122.75,0.0284233233575443,389.5,0.24728015,506.18387,14,75,26,19
-18.0,123.0,0.0298567334600236,409.1,0.31277946,507.0357,13,74,47,18
-18.0,123.25,0.0300225767135132,429.4,0.3352717,508.45724,11,74,61,14
-18.0,123.5,0.0291287391047392,450.0,0.31367177,508.34033,10,75,48,15
-18.0,123.75,0.0245624483205444,471.0,0.29037473,508.70648,8,79,36,14
-18.0,124.0,0.0203947238535398,489.7,0.2887366,509.65036,7,83,36,11
-18.0,124.25,0.0181881712019232,464.3,0.30583644,510.4855,9,85,43,9
-18.0,124.5,0.0126685352474894,439.0,0.30283567,511.31738,11,90,42,7
-18.0,124.75,0.006555477104571,414.0,0.31316912,511.81113,12,95,48,6
-18.0,125.0,-0.001598391693551,389.1,0.3229221,512.4545,14,99,54,5
-18.0,125.25,-0.0047519883196357,364.4,0.32370952,513.7949,16,96,54,3
-18.0,125.5,-0.0065100508308248,340.1,0.29188737,514.68585,19,95,37,2
-18.0,125.75,-0.0141176810488104,316.1,0.25404793,515.5132,21,89,27,1
-18.0,126.0,-0.0228636940852517,292.5,0.24754755,515.25977,24,81,26,2
-18.0,126.25,-0.0231252402028379,269.6,0.23234704,513.4987,27,80,23,3
-18.0,126.5,-0.0172219235339157,247.3,0.21227711,511.90784,31,86,20,6
-18.0,126.75,-0.0139099998865276,226.0,0.20935242,512.1629,34,89,19,5
-18.0,127.0,-0.0125645807223571,206.0,0.22998704,512.23065,37,90,22,5
-18.0,127.25,-0.0105311643553986,187.5,0.25413838,512.29877,40,92,27,5
-18.0,127.5,-0.0041602883898165,171.1,0.25366208,512.5957,43,97,27,5
-18.0,127.75,0.0042476228299728,157.5,0.24182431,511.2543,45,97,25,7
-18.0,128.0,0.0087778449922639,147.6,0.21248384,509.41074,47,93,20,12
-18.0,128.25,0.0020219379259894,142.0,0.20134108,509.31323,48,99,18,12
-18.0,128.5,-0.0099161663591595,140.9,0.23881003,509.71094,48,92,24,11
-18.0,128.75,-0.0165568164261501,144.9,0.2995365,508.6921,47,87,40,14
-18.0,129.0,-0.0195134032872461,153.4,0.3118383,508.60794,46,84,47,14
-18.0,129.25,-0.0227631516211355,165.7,0.31314865,508.21823,44,81,48,15
-18.0,129.5,-0.0223829592134626,181.0,0.31496987,507.897,41,81,49,16
-18.0,129.75,-0.025927694615287,198.7,0.30909464,508.04584,38,78,45,15
-18.0,130.0,-0.0275183670621897,218.2,0.30354238,508.55524,35,76,42,14
-18.0,130.25,-0.0267837494567391,239.1,0.26889884,510.02844,32,77,31,11
-18.0,130.5,-0.0209590341798805,261.1,0.2535044,510.649,28,82,27,9
-18.0,130.75,-0.0215665261252849,283.8,0.26544005,512.35297,25,82,30,5
-18.0,131.0,-0.0294130898335771,307.2,0.2848389,512.5677,22,74,35,5
-18.0,131.25,-0.0352381480599953,314.7,0.295427,511.73126,21,69,38,6
-18.0,131.5,-0.041313526328581,292.3,0.30533633,511.13525,24,62,43,8
-18.0,131.75,-0.044371635386432,270.7,0.3191177,510.86057,27,58,51,8
-18.0,132.0,-0.0488362717220471,249.9,0.32725683,510.43164,30,53,57,10
-18.0,132.25,-0.0494712453291174,230.3,0.32809064,509.75937,33,52,57,11
-18.0,132.5,-0.0514876468284499,212.2,0.30889305,508.90155,36,49,45,13
-18.0,132.75,-0.0511659771486024,195.9,0.2956228,508.83615,38,50,39,14
-18.0,133.0,-0.0509839188396221,182.0,0.29184762,508.97055,41,50,37,13
-18.0,133.25,-0.0504815148411407,171.0,0.30114126,508.3945,43,50,41,15
-18.0,133.5,-0.0469547819700979,163.6,0.3111381,507.9019,44,55,46,16
-18.0,133.75,-0.0475076254293699,160.1,0.3134406,507.71567,45,54,48,16
-18.0,134.0,-0.0430002952670855,159.5,0.2988702,507.83994,45,60,40,16
-18.0,134.25,-0.0393693146739332,159.5,0.29275182,507.5838,45,64,37,17
-18.0,134.5,-0.0334938888526743,162.3,0.29513022,507.0365,44,70,38,18
-18.0,134.75,-0.0349849650215002,169.3,0.29042202,505.81686,43,69,36,20
-18.0,135.0,-0.0390020210756033,179.9,0.2948353,504.2996,41,65,38,23
-18.0,135.25,-0.0446642842910174,193.5,0.29610366,503.5347,39,58,39,24
-18.0,135.5,-0.0500335516524501,209.5,0.29285705,502.28647,36,51,38,26
-18.0,135.75,-0.0529908355015019,227.5,0.2971573,503.8812,33,47,39,24
-18.0,136.0,-0.0571377875649237,247.0,0.2925308,503.2217,31,43,37,25
-18.0,136.25,-0.0556596218899011,262.9,0.31006196,502.6719,28,45,45,26
-18.0,136.5,-0.0537034121192326,238.0,0.309663,501.835,32,46,45,27
-18.0,136.75,-0.0497582865687685,213.3,0.31792527,501.60666,36,51,51,27
-18.0,137.0,-0.0476416741580968,189.2,0.30443978,502.0868,40,54,42,26
-18.0,137.25,-0.0462979506568184,165.8,0.2860381,502.39023,44,56,35,26
-18.0,137.5,-0.0435788026855637,143.3,0.25657114,501.08887,48,59,28,27
-18.0,137.75,-0.0431601204277415,122.5,0.24046764,499.9392,52,60,24,29
-18.0,138.0,-0.0431968250932792,104.3,0.2429509,499.01248,56,59,25,30
-18.0,138.25,-0.0430721447536987,90.1,0.23386163,497.5692,60,60,23,32
-18.0,138.5,-0.0424074497622703,82.3,0.21389358,495.75,61,61,20,35
-18.0,138.75,-0.0426527685907092,82.5,0.19271462,494.12305,61,60,17,37
-18.0,139.0,-0.0444527295296124,89.0,0.18530561,491.3761,60,58,16,40
-18.0,139.25,-0.0481247882225683,101.8,0.2040508,491.0275,57,53,18,40
-18.0,139.5,-0.0497026731379308,119.1,0.25201812,493.65125,53,51,27,37
-18.0,139.75,-0.0495136810134031,139.4,0.2545174,496.13773,48,52,27,34
-18.0,140.0,-0.050679575804887,116.0,0.26761767,496.3986,53,50,31,34
-18.0,140.25,-0.0520047970215923,91.0,0.29166698,496.05304,59,49,37,34
-18.0,140.5,-0.0535682457277462,66.4,0.291968,497.08658,66,47,37,33
-18.0,140.75,-0.0509630066830487,42.9,0.25801846,496.62274,73,50,28,33
-18.0,141.0,-0.0480445561784758,21.8,0.21972786,493.28036,82,53,21,38
-18.0,141.25,-0.0412889020162678,11.3,0.20953526,492.18875,89,62,19,39
-18.0,141.5,-0.0347909265918479,2.4,0.21395229,491.50238,97,69,20,40
-18.0,141.75,-0.02576317126853,6.3,0.21466196,492.075,93,78,20,39
-18.0,142.0,-0.0142282016231634,3.7,0.2178618,494.49957,96,89,20,36
-18.0,142.25,-0.0018640927610076,18.7,0.22317134,496.26874,84,99,21,34
-18.0,142.5,0.0079751565564601,27.3,0.22405964,497.34692,79,94,21,32
-18.0,142.75,0.0208204683565002,24.5,0.21840411,498.54788,80,82,20,31
-18.0,143.0,0.0337520898075863,23.0,0.2151073,499.09235,81,70,20,30
-18.0,143.25,0.0356417991797484,28.9,0.21349347,498.34436,78,68,20,31
-18.0,143.5,0.0285281934520407,34.7,0.23550592,497.77023,76,75,23,32
-18.0,143.75,0.0179580125614025,43.7,0.2539426,497.0412,72,85,27,33
-18.0,144.0,0.0136759346988539,62.0,0.23647696,494.2085,67,89,24,37
-18.0,144.25,0.014646573519955,79.9,0.25057486,488.8769,62,88,27,43
-18.0,144.5,0.0081333949130826,74.0,0.2971186,482.28223,64,94,39,49
-18.0,144.75,0.0017324871387765,53.1,0.26966506,473.1954,69,99,31,56
-18.0,145.0,0.002226850509067,37.4,0.21035357,457.9959,75,99,19,68
-18.0,145.25,0.0114681079989254,27.9,0.14813876,443.7125,79,91,9,78
-18.0,145.5,0.0219848925386378,1.8,0.069753826,434.6731,98,82,1,82
-18.0,145.75,0.0190757451689846,12.9,0.025141235,433.93344,88,84,1,83
-18.0,146.0,0.0124757919569804,8.3,0.039084785,446.17776,91,90,1,77
-18.25,122.25,0.0334975687748131,332.5,0.2624754,505.52313,20,70,29,21
-18.25,122.5,0.0340833055919834,351.3,0.27468744,504.39096,18,70,32,23
-18.25,122.75,0.0306519740416357,371.0,0.3099282,506.43335,16,73,45,19
-18.25,123.0,0.0292296691453971,391.5,0.34075728,508.75552,14,75,64,14
-18.25,123.25,0.0292395169281267,412.1,0.3655955,510.04483,12,75,73,11
-18.25,123.5,0.0268368737788737,433.3,0.34683907,509.81903,11,77,67,11
-18.25,123.75,0.0210553817545241,455.1,0.32942653,510.47836,9,82,58,9
-18.25,124.0,0.0189953256616025,477.3,0.32769364,511.41962,8,84,57,7
-18.25,124.25,0.0183473088673227,473.1,0.32762158,512.2452,8,85,57,5
-18.25,124.5,0.0143086987335534,448.4,0.32384858,513.32446,10,89,55,3
-18.25,124.75,0.0072934039205955,423.9,0.31435087,514.02985,12,94,48,2
-18.25,125.0,-0.0012781771939314,399.6,0.32628372,514.6628,13,99,56,2
-18.25,125.25,-0.0075489278439254,375.7,0.31923863,515.032,15,94,51,2
-18.25,125.5,-0.0107924683573877,352.2,0.29566923,515.6873,17,92,39,1
-18.25,125.75,-0.0150508158740454,329.2,0.28561994,515.31104,20,88,35,2
-18.25,126.0,-0.0189763692872864,306.7,0.2853907,514.5088,23,84,35,2
-18.25,126.25,-0.0177324292743356,284.9,0.2621317,513.46185,25,86,29,3
-18.25,126.5,-0.015521046772067,264.0,0.22191963,512.98773,28,88,21,4
-18.25,126.75,-0.0135880550097984,244.2,0.21660684,513.34753,31,90,20,3
-18.25,127.0,-0.0141095631556319,225.7,0.23415445,512.7612,34,89,23,4
-18.25,127.25,-0.0101048341392362,209.0,0.2585647,512.72046,36,92,28,4
-18.25,127.5,-0.0031998439941422,194.5,0.2661267,511.72345,39,98,30,6
-18.25,127.75,0.0031776576131094,182.7,0.25309655,510.58188,41,98,27,9
-18.25,128.0,0.0073036407895155,174.2,0.23552212,510.30823,42,94,23,10
-18.25,128.25,0.0017201871943793,169.4,0.23386036,510.1111,43,99,23,10
-18.25,128.5,-0.0104595458135008,168.6,0.26554403,510.2509,43,92,30,10
-18.25,128.75,-0.0157251694627727,171.9,0.29214844,509.38403,43,87,37,12
-18.25,129.0,-0.0195152807005104,179.1,0.30006787,508.9267,41,84,40,13
-18.25,129.25,-0.0189995487486677,189.8,0.298645,508.84888,39,84,40,14
-18.25,129.5,-0.0207447583509963,203.3,0.29751602,508.7149,37,82,39,14
-18.25,129.75,-0.0224547295332221,219.2,0.320492,508.6453,35,81,52,14
-18.25,130.0,-0.0275163212724562,237.0,0.31682602,509.5646,32,76,50,12
-18.25,130.25,-0.0257946034983823,256.3,0.29289785,510.6793,29,78,38,9
-18.25,130.5,-0.0230440219164371,276.9,0.27662563,511.3704,26,80,33,7
-18.25,130.75,-0.0240039184722783,298.3,0.28212592,512.62524,24,80,34,4
-18.25,131.0,-0.0290186203921967,320.6,0.29508403,512.58655,21,75,38,5
-18.25,131.25,-0.0374263456728797,301.3,0.3041477,511.25574,23,66,42,7
-18.25,131.5,-0.0422671685167144,277.9,0.30740163,511.69424,26,61,44,6
-18.25,131.75,-0.0506635453285915,255.1,0.3174817,511.46255,29,50,50,7
-18.25,132.0,-0.0527125924470878,233.0,0.3202694,511.10187,32,48,52,8
-18.25,132.25,-0.0557102314684362,211.9,0.31722668,510.33337,36,45,50,10
-18.25,132.5,-0.0563701097809133,192.1,0.3252336,509.56973,39,44,55,12
-18.25,132.75,-0.0560106457388471,174.0,0.3280601,509.31232,42,44,57,12
-18.25,133.0,-0.0554686684948613,158.2,0.32624283,509.3112,45,45,56,12
-18.25,133.25,-0.0535923101584471,145.4,0.33255714,508.76175,47,47,60,14
-18.25,133.5,-0.0533261728140392,136.6,0.33662146,508.2808,49,47,62,15
-18.25,133.75,-0.0535977568488479,132.5,0.3366601,507.6269,50,47,62,17
-18.25,134.0,-0.0540154829621315,131.9,0.31372282,507.72952,50,46,48,16
-18.25,134.25,-0.0471315833751023,131.8,0.28679776,508.75052,50,55,35,14
-18.25,134.5,-0.0439465621860498,135.3,0.28112373,508.29193,49,59,34,15
-18.25,134.75,-0.0411732232322849,143.5,0.28918222,506.91586,48,62,36,18
-18.25,135.0,-0.0429476713803264,155.8,0.29365098,505.36127,45,60,38,21
-18.25,135.25,-0.0481765044204491,171.3,0.29803115,505.16156,43,53,40,21
-18.25,135.5,-0.0506913887084616,189.2,0.30205578,504.15155,40,50,41,23
-18.25,135.75,-0.0546748263251391,208.9,0.29902384,504.968,36,45,40,22
-18.25,136.0,-0.0556051030821566,229.9,0.30307782,505.34344,33,45,42,21
-18.25,136.25,-0.0563284762758052,251.9,0.3090237,504.301,30,44,45,23
-18.25,136.5,-0.0531696975896401,229.7,0.3342078,503.2582,33,47,60,25
-18.25,136.75,-0.0503674950583704,204.2,0.33745083,502.7592,37,51,62,25
-18.25,137.0,-0.0467582206452442,178.9,0.33291894,503.39172,41,55,60,25
-18.25,137.25,-0.0451866745322366,153.9,0.31452444,504.01697,46,57,49,24
-18.25,137.5,-0.0441173647086889,129.6,0.29098102,503.43814,51,58,37,24
-18.25,137.75,-0.0429408856113219,106.1,0.2811728,502.36636,56,60,34,26
-18.25,138.0,-0.0431438968151009,84.4,0.27261585,501.7668,61,60,32,27
-18.25,138.25,-0.0410732548754562,66.2,0.25474325,501.4008,66,62,28,27
-18.25,138.5,-0.0399543442852085,55.1,0.22379635,499.5111,69,63,21,29
-18.25,138.75,-0.0414085203582154,55.4,0.20302,497.58594,69,62,18,32
-18.25,139.0,-0.0441268906379783,64.1,0.19197078,494.52002,66,58,17,36
-18.25,139.25,-0.0490376010082573,80.9,0.21265097,492.8567,62,52,20,38
-18.25,139.5,-0.0518665377682607,101.8,0.26151764,494.34393,57,49,29,37
-18.25,139.75,-0.0537101860812288,124.6,0.2760399,496.252,52,46,33,34
-18.25,140.0,-0.0560353490013984,126.0,0.29340625,495.5947,51,44,38,35
-18.25,140.25,-0.0573819806377979,102.6,0.3119781,496.3719,56,43,47,34
-18.25,140.5,-0.0572017524923597,79.9,0.31157315,496.42975,62,43,47,34
-18.25,140.75,-0.0558041454691972,60.0,0.27668878,495.73495,67,44,33,35
-18.25,141.0,-0.0512696959874163,46.6,0.23901564,495.5494,71,49,24,35
-18.25,141.25,-0.0459663900923693,37.1,0.225055,494.7809,75,56,22,36
-18.25,141.5,-0.0413767836831365,30.0,0.2354302,494.48227,77,62,23,36
-18.25,141.75,-0.0325144374698755,33.5,0.22491321,495.34308,76,71,22,35
-18.25,142.0,-0.0213184961461506,19.6,0.22310558,496.85107,83,82,21,33
-18.25,142.25,-0.0069012469922502,4.3,0.23687355,497.61902,95,95,24,32
-18.25,142.5,0.0018212004342959,0.4,0.23493537,498.45273,100,99,23,31
-18.25,142.75,0.009386669940293,2.9,0.23225164,499.87534,97,93,23,29
-18.25,143.0,0.0237682197909418,4.4,0.2221723,499.95618,95,80,21,29
-18.25,143.25,0.0311162730224341,2.6,0.23023409,500.17758,97,73,22,29
-18.25,143.5,0.0229521733125217,8.0,0.25488627,499.50778,91,81,28,29
-18.25,143.75,0.0060400875285267,23.9,0.25398847,496.36404,80,96,27,34
-18.25,144.0,-0.0002335191543568,42.0,0.20382352,492.67804,73,100,18,39
-18.25,144.25,0.0039437699608416,60.9,0.21680813,487.0597,67,97,20,44
-18.25,144.5,0.0114644627175515,74.4,0.28256857,479.76175,64,91,34,51
-18.25,144.75,0.0069317887725663,74.3,0.24714953,470.61435,64,95,26,58
-18.25,145.0,0.0133444448799959,54.0,0.16965267,460.19202,69,90,13,67
-18.25,145.25,0.0238150293578482,28.0,0.11849876,446.1486,78,80,5,77
-18.25,145.5,0.0202252817578569,2.5,0.08526512,435.89377,97,83,2,82
-18.25,145.75,0.0148645665527077,20.1,0.03462978,434.57187,83,88,1,83
-18.25,146.0,0.0108792115451901,2.0,0.026428849,436.61154,98,92,1,82
-18.25,146.25,-0.0021032635671352,21.0,0.11366649,444.5955,82,99,4,77
-18.5,122.0,0.0265246666524381,294.2,0.2909089,510.64142,24,77,37,9
-18.5,122.25,0.0279470134548665,313.1,0.29996496,507.80255,22,76,40,16
-18.5,122.5,0.0258007876774562,333.0,0.32277134,506.57144,19,78,54,19
-18.5,122.75,0.0220206924769583,353.5,0.33642182,507.76547,17,81,62,16
-18.5,123.0,0.0222701452399459,374.4,0.37107196,509.86517,15,81,75,11
-18.5,123.25,0.0240162332539468,395.8,0.37712762,511.6206,14,80,77,6
-18.5,123.5,0.0227536577199186,417.9,0.3588792,511.6887,12,81,71,6
-18.5,123.75,0.0175642287585928,440.3,0.3391727,512.7418,10,86,63,4
-18.5,124.0,0.0160505689557924,463.2,0.34616256,513.81915,9,87,66,3
-18.5,124.25,0.0156447843260442,483.3,0.3458807,514.4212,8,88,66,2
-18.5,124.5,0.0147924659258153,459.2,0.33263388,514.53534,9,88,60,2
-18.5,124.75,0.0075948771954114,435.3,0.31913483,515.4794,11,94,51,1
-18.5,125.0,0.000491257988116,411.8,0.3055452,515.6351,12,100,43,1
-18.5,125.25,-0.0060489212473233,388.7,0.29720598,515.9236,14,96,39,1
-18.5,125.5,-0.0110487984249457,366.1,0.30002907,515.5981,16,92,40,1
-18.5,125.75,-0.0150279314966783,344.0,0.30734068,515.0911,18,88,44,2
-18.5,126.0,-0.0161085328053949,322.6,0.3129001,513.8325,21,87,47,3
-18.5,126.25,-0.0147660562344494,302.0,0.2831723,513.38135,23,88,34,3
-18.5,126.5,-0.0161795210747403,282.4,0.24056554,513.07605,26,87,24,4
-18.5,126.75,-0.0188990830066835,264.0,0.23004015,513.6,28,84,22,3
-18.5,127.0,-0.0179717729877059,247.0,0.24828556,513.02496,31,85,26,4
-18.5,127.25,-0.016681877445496,231.9,0.2700737,511.77686,33,87,31,6
-18.5,127.5,-0.0068190620657766,218.9,0.277305,510.60754,35,95,33,9
-18.5,127.75,-0.0008355528382318,208.5,0.26565883,510.40488,36,100,30,10
-18.5,128.0,0.0039621592836088,201.1,0.24823146,510.45236,38,97,26,10
-18.5,128.25,-0.0017238169032636,197.0,0.25432336,511.37106,38,99,27,7
-18.5,128.5,-0.0118281159240896,196.3,0.2666251,510.86475,38,91,30,8
-18.5,128.75,-0.015157850423739,199.1,0.2827381,509.7468,38,88,34,11
-18.5,129.0,-0.0142896675471482,205.4,0.2983631,508.48828,37,89,40,14
-18.5,129.25,-0.0172225315345539,214.7,0.29571834,508.71088,35,86,39,14
-18.5,129.5,-0.0190653046526547,226.8,0.30299112,509.726,34,84,42,11
-18.5,129.75,-0.0246016381971587,241.1,0.3236146,509.77707,31,79,54,11
-18.5,130.0,-0.0253095655236393,257.4,0.33192313,510.5253,29,78,59,9
-18.5,130.25,-0.0258095475592805,275.2,0.31000665,511.65314,27,78,45,6
-18.5,130.5,-0.0241012789593133,294.4,0.29232946,512.2804,24,80,37,5
-18.5,130.75,-0.0259826462383248,314.7,0.29104787,512.98395,21,78,37,4
-18.5,131.0,-0.0329674526139916,314.6,0.30097538,512.3867,21,71,41,5
-18.5,131.25,-0.0398636471967966,289.9,0.30788934,511.76944,25,63,44,6
-18.5,131.5,-0.0489753660967662,265.6,0.30767238,511.8217,28,52,44,6
-18.5,131.75,-0.0517450029440667,241.7,0.3084225,511.62787,31,49,44,6
-18.5,132.0,-0.0578713584134799,218.3,0.30533203,511.48752,35,43,43,7
-18.5,132.25,-0.0592696144445134,195.7,0.30487308,511.4549,39,41,43,7
-18.5,132.5,-0.0623107256589546,174.0,0.31601176,510.79907,42,39,49,9
-18.5,132.75,-0.0624782748520374,153.9,0.33586228,510.32977,46,39,61,10
-18.5,133.0,-0.0608723647094198,135.8,0.3411107,509.57004,49,40,64,12
-18.5,133.25,-0.0603592264296908,120.7,0.343437,509.17355,53,40,65,13
-18.5,133.5,-0.0589174159558578,110.0,0.36030564,508.56622,55,42,72,14
-18.5,133.75,-0.0629313955122294,104.9,0.35486653,507.7444,56,39,70,16
-18.5,134.0,-0.0623140124471059,104.2,0.32986292,507.4249,56,39,58,17
-18.5,134.25,-0.0605046858700613,104.1,0.29337963,508.31738,56,40,38,15
-18.5,134.5,-0.0533827042528649,108.5,0.28571564,509.3506,55,47,35,12
-18.5,134.75,-0.0517035384326889,118.6,0.2909765,507.8143,53,49,37,16
-18.5,135.0,-0.050414798517401,133.2,0.29847074,506.2192,50,51,40,19
-18.5,135.25,-0.0503332290022323,151.0,0.3065842,506.2691,46,51,43,19
-18.5,135.5,-0.0513587531057142,171.0,0.30420485,506.59354,43,49,42,19
-18.5,135.75,-0.0505359801752049,192.5,0.30773413,505.95773,39,50,44,20
-18.5,136.0,-0.0525404646488217,215.1,0.30372658,506.42386,35,48,42,19
-18.5,136.25,-0.0516082455103363,238.4,0.31387612,506.49692,32,49,48,19
-18.5,136.5,-0.0520432282882254,224.7,0.32900262,505.01788,34,48,58,22
-18.5,136.75,-0.0474031025588157,198.5,0.3543725,504.14462,38,54,69,23
-18.5,137.0,-0.0459797432003099,172.4,0.34944734,504.8105,42,56,68,22
-18.5,137.25,-0.043586939341566,146.5,0.3357571,505.22864,47,59,61,21
-18.5,137.5,-0.0446137344143131,120.6,0.32382697,504.76663,53,58,55,22
-18.5,137.75,-0.043927754878643,95.1,0.309201,504.22,58,59,45,23
-18.5,138.0,-0.0405477497948422,70.1,0.29739878,504.1504,65,63,39,23
-18.5,138.25,-0.0374820007321735,46.7,0.26823974,503.8029,71,66,31,24
-18.5,138.5,-0.03889140884525,28.8,0.25492898,502.67972,78,65,28,26
-18.5,138.75,-0.0424955591382015,28.1,0.2248821,500.86868,78,60,21,28
-18.5,139.0,-0.0476046440901146,42.8,0.20413978,498.15756,73,54,18,31
-18.5,139.25,-0.0520328538215142,65.0,0.2170617,497.31995,66,48,20,32
-18.5,139.5,-0.0553005861184958,87.9,0.2549156,497.41656,60,45,28,32
-18.5,139.75,-0.0570513554843186,110.3,0.28635478,497.60345,55,43,35,32
-18.5,140.0,-0.058353999504886,134.1,0.30888093,496.6666,50,42,45,33
-18.5,140.25,-0.0578639661802472,117.6,0.32407236,496.3338,53,43,55,34
-18.5,140.5,-0.0562106418406723,98.2,0.32601908,496.48846,58,44,56,33
-18.5,140.75,-0.055268293198952,82.9,0.30826443,497.20203,61,45,44,32
-18.5,141.0,-0.0525356446645067,72.5,0.267503,497.31424,64,48,31,32
-18.5,141.25,-0.0511698428652293,62.7,0.24945448,497.59357,67,50,26,32
-18.5,141.5,-0.0489024339886825,57.6,0.26313236,497.4358,68,52,29,32
-18.5,141.75,-0.0409959316938295,57.6,0.24108855,498.49872,68,62,24,31
-18.5,142.0,-0.0293086894588278,40.7,0.22820601,499.21594,73,75,22,30
-18.5,142.25,-0.0158126627738099,31.0,0.24039659,499.03534,77,87,24,30
-18.5,142.5,-0.0009992777336654,28.1,0.25239873,499.20087,78,100,27,30
-18.5,142.75,0.0040249471685716,30.3,0.2446276,500.64096,77,97,25,28
-18.5,143.0,0.0094817592081935,31.8,0.23668961,500.6179,77,93,24,28
-18.5,143.25,0.0202591268373431,24.8,0.23677322,500.69006,80,83,24,28
-18.5,143.5,0.0141008919376569,14.3,0.27395397,498.98648,87,89,32,30
-18.5,143.75,-0.0014839303707482,4.8,0.2726966,495.57858,94,99,32,35
-18.5,144.0,-0.008189426819306,22.7,0.20152158,491.03107,81,94,18,40
-18.5,144.25,-0.0046558191866746,38.9,0.19739914,485.68442,74,97,17,46
-18.5,144.5,0.0083086840705835,46.7,0.24828029,477.61957,71,94,26,53
-18.5,144.75,0.0235082383600196,52.3,0.21175084,469.62823,69,80,19,59
-18.5,145.0,0.0344040573036874,51.9,0.14823972,459.87225,70,70,9,67
-18.5,145.25,0.040341122710656,35.5,0.13176598,451.99533,75,63,7,73
-18.5,145.5,0.0305700841103922,12.3,0.09174852,442.59802,88,73,3,79
-18.5,145.75,0.0142266160653283,9.8,0.046153516,434.02698,90,89,1,83
-18.5,146.0,0.0066535887807341,6.1,0.023681838,432.84204,93,95,1,83
-18.75,121.75,0.0209367837069467,256.0,0.3176595,513.09094,29,82,50,4
-18.75,122.0,0.0203557923990523,275.0,0.30641675,511.59222,27,83,43,7
-18.75,122.25,0.0195010456115206,295.1,0.3244845,507.89185,24,84,55,16
-18.75,122.5,0.0155597692732477,315.6,0.33453587,507.3513,21,88,61,17
-18.75,122.75,0.0136641022483153,336.8,0.35030255,508.37823,19,89,68,15
-18.75,123.0,0.0104918627908253,358.5,0.3566736,510.80664,17,92,70,9
-18.75,123.25,0.0133657876763165,380.9,0.36615926,512.17255,15,90,73,5
-18.75,123.5,0.015217646147773,403.7,0.34598166,513.1758,13,88,66,4
-18.75,123.75,0.0131979489394498,426.8,0.32272378,514.2352,11,90,54,2
-18.75,124.0,0.0126805589545429,450.3,0.33962297,515.66016,10,90,63,1
-18.75,124.25,0.0127559679428703,474.1,0.34425586,515.21436,8,90,65,2
-18.75,124.5,0.011535994088765,471.4,0.33410725,515.82355,8,91,60,1
-18.75,124.75,0.0071651646972722,448.2,0.329418,515.84863,10,95,58,1
-18.75,125.0,0.0008242434411797,425.5,0.31378767,515.95374,11,100,48,1
-18.75,125.25,-0.00284085336995,403.2,0.30573994,516.0455,13,98,43,1
-18.75,125.5,-0.005551161991787,381.5,0.30763644,515.9306,15,96,44,1
-18.75,125.75,-0.0086410782843207,360.4,0.3163426,514.8852,17,93,50,2
-18.75,126.0,-0.0115860359080778,340.1,0.32376963,513.9515,19,91,55,3
-18.75,126.25,-0.0126989856384517,320.6,0.2988328,512.76495,21,90,40,4
-18.75,126.5,-0.0151134436362467,302.2,0.27433595,513.171,23,88,32,4
-18.75,126.75,-0.0176430557876647,285.1,0.26254216,513.6004,25,86,29,3
-18.75,127.0,-0.0185255530408106,269.5,0.27233717,512.83026,27,85,32,4
-18.75,127.25,-0.0184223823360211,255.7,0.29475692,511.3071,29,85,38,7
-18.75,127.5,-0.0158488606202549,244.0,0.30160466,510.54086,31,87,41,9
-18.75,127.75,-0.0080080677458595,234.7,0.29053578,511.05133,32,94,37,8
-18.75,128.0,-0.0025754291525421,228.2,0.27233687,510.46225,33,98,32,10
-18.75,128.25,-0.0047383689593213,224.6,0.27359623,511.37863,34,96,32,7
-18.75,128.5,-0.0114348117090273,223.9,0.27751935,510.87808,34,91,33,8
-18.75,128.75,-0.0126915431548176,226.4,0.29551965,509.7593,34,90,39,11
-18.75,129.0,-0.0130106778726691,231.9,0.31666532,508.02652,33,90,50,16
-18.75,129.25,-0.0148132815713151,240.3,0.31948105,508.29108,31,88,52,15
-18.75,129.5,-0.0209347661798043,251.2,0.3233165,509.29865,30,82,54,12
-18.75,129.75,-0.02392830985565,264.1,0.33257142,510.58215,28,80,60,9
-18.75,130.0,-0.0259787177168098,279.0,0.33578745,511.21335,26,78,61,7
-18.75,130.25,-0.0239794618250536,295.5,0.31893542,512.1801,24,80,51,5
-18.75,130.5,-0.0229023419729422,313.5,0.30121616,513.29474,22,81,41,3
-18.75,130.75,-0.027822949103124,331.6,0.2986692,513.3103,20,76,40,3
-18.75,131.0,-0.0356481112029758,306.2,0.3057158,512.7385,23,68,43,4
-18.75,131.25,-0.0458325909938485,280.9,0.31067768,511.89737,26,56,46,6
-18.75,131.5,-0.0516137275526056,255.7,0.31652886,511.84692,29,49,50,6
-18.75,131.75,-0.0575774384812185,230.8,0.31477278,511.50696,33,43,49,7
-18.75,132.0,-0.0606852137683225,206.3,0.31551266,511.49084,37,40,49,7
-18.75,132.25,-0.0652885695570148,182.2,0.31208786,511.31195,41,37,47,7
-18.75,132.5,-0.0671771114778017,158.8,0.3212326,511.5147,45,36,53,7
-18.75,132.75,-0.0679824730858118,136.4,0.33611804,510.7614,49,35,61,9
-18.75,133.0,-0.0673324624564321,115.7,0.34188142,509.4901,54,36,64,12
-18.75,133.25,-0.0662377994108412,97.7,0.3527004,509.00723,58,37,69,13
-18.75,133.5,-0.0678802911312751,84.1,0.36843047,509.0384,61,35,74,13
-18.75,133.75,-0.0689313933585903,77.3,0.37492234,508.17468,63,35,76,15
-18.75,134.0,-0.0721077472503696,76.5,0.3462096,507.78015,63,33,66,16
-18.75,134.25,-0.0702846732744503,76.4,0.31428295,507.2184,63,34,48,17
-18.75,134.5,-0.0665916588933517,82.2,0.29991403,508.5982,61,36,40,14
-18.75,134.75,-0.0611622702496658,95.2,0.30138156,508.97366,58,40,41,13
-18.75,135.0,-0.0589226095116741,112.8,0.30649546,507.36987,54,42,43,17
-18.75,135.25,-0.0562859249780775,133.3,0.30982,507.76944,50,44,45,16
-18.75,135.5,-0.0521971356744567,155.6,0.3047455,507.53864,45,48,42,17
-18.75,135.75,-0.0521480102715681,178.9,0.30544716,507.05203,41,48,43,18
-18.75,136.0,-0.0510564757566455,203.0,0.31204632,507.73444,37,50,47,16
-18.75,136.25,-0.0513689080364115,227.5,0.31681284,507.84503,33,49,50,16
-18.75,136.5,-0.0480144806286608,222.9,0.32811087,507.22012,34,53,57,17
-18.75,136.75,-0.0470206244450916,196.6,0.34659603,505.70972,38,55,67,20
-18.75,137.0,-0.0437798734288662,170.3,0.3473976,506.36404,43,59,67,19
-18.75,137.25,-0.0405094764206469,144.0,0.334272,507.03235,48,63,61,18
-18.75,137.5,-0.0394989898654568,117.7,0.32456347,506.53796,53,64,55,19
-18.75,137.75,-0.0376563057647131,91.4,0.31558627,505.55673,59,66,49,21
-18.75,138.0,-0.0365541654760905,65.1,0.29512647,506.27707,66,67,38,19
-18.75,138.25,-0.0374246543901487,38.8,0.29342005,505.73248,74,66,38,20
-18.75,138.5,-0.038627863737444,12.5,0.27448258,504.4149,88,65,32,23
-18.75,138.75,-0.0427388913530324,5.5,0.2495576,502.9069,94,60,26,25
-18.75,139.0,-0.0483962935755871,28.8,0.21649347,500.88672,78,53,20,28
-18.75,139.25,-0.0524358170070973,50.8,0.21944368,501.0846,70,48,21,28
-18.75,139.5,-0.0536513876668842,74.9,0.24648371,500.1588,63,47,25,29
-18.75,139.75,-0.0535094546553279,98.2,0.2781546,499.17883,58,47,33,30
-18.75,140.0,-0.0532952236089234,117.4,0.31538048,498.43185,53,47,49,31
-18.75,140.25,-0.0510413126643037,136.5,0.33037242,497.97687,49,50,58,31
-18.75,140.5,-0.050525061822208,120.2,0.33069605,498.2489,53,50,59,31
-18.75,140.75,-0.0510434947974447,107.9,0.31195742,498.97836,55,50,47,30
-18.75,141.0,-0.051132299300904,98.3,0.2905542,499.56613,58,50,37,29
-18.75,141.25,-0.0524917578463265,89.0,0.27218178,500.1685,60,48,32,29
-18.75,141.5,-0.0531133023917347,85.2,0.2752849,500.38803,61,47,32,28
-18.75,141.75,-0.0487350360813295,78.7,0.2544557,501.03314,62,53,27,28
-18.75,142.0,-0.0396797382960184,65.1,0.23903784,501.37042,66,64,24,27
-18.75,142.25,-0.0270521741727688,58.0,0.24282072,500.55673,68,77,25,28
-18.75,142.5,-0.0093104084293978,55.8,0.25543278,500.85016,68,93,28,28
-18.75,142.75,0.0048801995636451,57.7,0.26919374,500.96353,68,96,31,28
-18.75,143.0,0.0102095945782604,58.1,0.25716838,500.80374,68,92,28,28
-18.75,143.25,0.0131194521512259,52.4,0.2553299,500.183,69,90,28,29
-18.75,143.5,0.0105658823153048,33.2,0.28774723,498.3335,76,92,36,31
-18.75,143.75,0.001637643423774,14.8,0.3038834,494.95688,86,99,42,36
-18.75,144.0,-0.0054109154756934,1.7,0.22613636,490.9112,98,96,22,41
-18.75,144.25,-0.0027065488908972,17.8,0.19656384,484.7409,84,98,17,46
-18.75,144.5,0.0089736497096185,19.0,0.2023354,476.51355,83,93,18,53
-18.75,144.75,0.0311357280899149,26.9,0.17597942,469.29498,79,73,14,60
-18.75,145.0,0.0438824573276741,24.3,0.14695917,462.11285,80,59,9,65
-18.75,145.25,0.0499426902233002,19.5,0.13513963,455.03308,83,51,7,70
-18.75,145.5,0.0485336437200506,15.3,0.13639188,448.505,86,53,7,75
-18.75,145.75,0.028479181183502,2.5,0.07749147,438.9741,97,75,2,81
-18.75,146.0,0.0102746678660401,4.7,0.033919673,432.8218,94,92,1,83
-18.75,146.25,0.0003787561425096,7.5,0.057110883,431.4635,92,100,1,84
-19.0,121.75,0.017945956159383,236.9,0.31406257,511.5689,32,85,48,7
-19.0,122.0,0.0156110767009002,257.3,0.3124817,509.52542,29,88,47,12
-19.0,122.25,0.0111598061591697,277.9,0.32539573,508.85983,26,91,56,14
-19.0,122.5,0.0079765980658564,299.4,0.33140165,508.87134,23,94,59,14
-19.0,122.75,0.0057356877827953,321.5,0.32216734,510.23477,21,96,53,10
-19.0,123.0,0.0030191827720652,344.2,0.3220278,511.8076,18,98,53,6
-19.0,123.25,0.001091652676197,367.4,0.33196777,513.1862,16,100,59,4
-19.0,123.5,0.0043599278041039,390.9,0.322204,514.18884,14,97,53,2
-19.0,123.75,0.0064049635764344,414.8,0.3062728,514.6775,12,95,43,2
-19.0,124.0,0.0075050786450793,438.9,0.3130018,515.3991,11,94,48,2
-19.0,124.25,0.0076885723653027,463.2,0.3218066,515.8943,9,94,53,1
-19.0,124.5,0.0077277760974885,484.8,0.33013,516.1389,8,94,58,1
-19.0,124.75,0.0046664341818541,462.4,0.3338103,515.9679,9,97,60,1
-19.0,125.0,-0.0007464803076193,440.5,0.33226562,516.0659,10,100,60,1
-19.0,125.25,-0.0032958598408315,419.0,0.32867965,515.7781,12,98,58,1
-19.0,125.5,-0.0005769479487623,398.2,0.3336513,515.55035,14,100,60,1
-19.0,125.75,0.0011851874889717,378.1,0.32949185,515.03973,15,100,58,2
-19.0,126.0,-0.0021091401887436,358.8,0.31733528,513.8635,17,99,50,3
-19.0,126.25,-0.0083924300103847,340.4,0.30836275,513.3344,19,94,44,3
-19.0,126.5,-0.0120982262305915,323.2,0.3053778,512.4518,20,91,43,5
-19.0,126.75,-0.0138805580325424,307.3,0.30758685,512.53143,22,89,44,5
-19.0,127.0,-0.0162445184849535,292.9,0.3145761,511.4907,24,87,49,7
-19.0,127.25,-0.0204038910434714,280.2,0.3184851,511.2549,26,83,51,7
-19.0,127.5,-0.0222230971938448,269.7,0.3185446,511.1341,27,81,51,8
-19.0,127.75,-0.0164567379005737,261.3,0.3043007,511.61807,28,87,42,6
-19.0,128.0,-0.0095864574584473,255.5,0.28727698,511.48813,29,93,36,7
-19.0,128.25,-0.007725322209652,252.2,0.29324636,511.9022,30,94,38,6
-19.0,128.5,-0.009891331249604,251.7,0.311024,510.86154,30,92,46,8
-19.0,128.75,-0.0119492605162252,253.9,0.33136576,510.0274,30,91,59,11
-19.0,129.0,-0.0129990452279647,258.8,0.34157515,508.88205,29,90,64,13
-19.0,129.25,-0.015250656785654,266.3,0.33817467,508.81717,28,88,63,14
-19.0,129.5,-0.0197073790782486,276.1,0.33543205,509.26312,26,83,61,12
-19.0,129.75,-0.0253526875405528,288.0,0.34034538,510.66052,25,78,64,9
-19.0,130.0,-0.0261996333013355,301.7,0.34163588,512.1529,23,77,64,5
-19.0,130.25,-0.0246801139809013,317.0,0.32371324,513.3745,21,79,54,3
-19.0,130.5,-0.0234985508396112,333.7,0.3085163,514.44354,19,80,44,2
-19.0,130.75,-0.0295648623712449,326.0,0.30984744,513.90894,20,74,45,3
-19.0,131.0,-0.0386666069976941,300.1,0.31615654,512.7386,23,65,49,4
-19.0,131.25,-0.0459861976804123,274.3,0.3247083,512.13806,27,56,55,5
-19.0,131.5,-0.0544654249354997,248.5,0.33111262,511.81708,30,46,59,6
-19.0,131.75,-0.0613793557182708,222.9,0.3354533,511.93283,34,40,61,6
-19.0,132.0,-0.0681317017280629,197.4,0.33747572,511.53125,38,35,62,7
-19.0,132.25,-0.0713375605609534,172.2,0.34419826,510.78998,42,33,65,9
-19.0,132.5,-0.0744737655118418,147.2,0.3497324,511.7326,47,32,68,6
-19.0,132.75,-0.072699165215627,122.9,0.34312776,510.66446,52,33,65,9
-19.0,133.0,-0.0707753390145842,99.4,0.3469212,509.168,57,34,67,13
-19.0,133.25,-0.0718059674215813,77.7,0.36400253,509.0255,63,33,73,13
-19.0,133.5,-0.0716540542785965,59.8,0.38217625,508.58322,67,33,78,14
-19.0,133.75,-0.075152246166198,49.7,0.38722554,508.02707,70,31,79,16
-19.0,134.0,-0.0780245611754556,48.9,0.37476483,507.6722,71,30,76,16
-19.0,134.25,-0.0794947467378473,48.8,0.34526303,507.61392,71,30,66,17
-19.0,134.5,-0.0771278827301492,57.4,0.3271037,507.30475,68,31,57,17
-19.0,134.75,-0.0734183941308098,74.8,0.32221973,508.64334,63,32,53,14
-19.0,135.0,-0.0684962262646617,96.2,0.3235111,507.59015,58,35,54,17
-19.0,135.25,-0.064763957164472,119.6,0.3176438,508.83884,53,38,50,14
-19.0,135.5,-0.0613605482015936,143.9,0.3121248,508.95468,48,40,47,13
-19.0,135.75,-0.0578621768259576,168.8,0.31587976,508.71927,43,43,49,14
-19.0,136.0,-0.0568696150942871,194.0,0.31863835,508.09763,39,43,51,15
-19.0,136.25,-0.0549513272885676,219.5,0.32120863,508.58755,35,45,53,14
-19.0,136.5,-0.0529362148383543,224.7,0.3237824,508.22934,34,47,55,15
-19.0,136.75,-0.0487447472222681,198.6,0.32504612,507.95245,38,53,55,16
-19.0,137.0,-0.0441865037106687,172.7,0.31583685,508.3186,42,58,49,15
-19.0,137.25,-0.0409593085957957,146.8,0.30876562,509.1388,47,62,45,13
-19.0,137.5,-0.0401628436808962,121.2,0.30362675,509.28513,52,63,42,12
-19.0,137.75,-0.0400089682667471,95.9,0.2940651,508.74158,58,63,38,14
-19.0,138.0,-0.0401896439531507,71.4,0.2917543,507.98526,64,63,37,16
-19.0,138.25,-0.0414438626967326,48.6,0.29476753,507.2983,71,62,38,17
-19.0,138.5,-0.0449324198643721,26.4,0.29247075,505.89154,79,57,37,20
-19.0,138.75,-0.0483694695401936,6.7,0.2641068,503.84525,92,53,30,24
-19.0,139.0,-0.052521097697761,18.3,0.24012224,502.06165,84,48,24,26
-19.0,139.25,-0.0530796787890029,41.0,0.24272968,501.67044,73,47,25,27
-19.0,139.5,-0.051636024756867,60.1,0.25418073,501.03607,67,49,27,28
-19.0,139.75,-0.050434662472634,79.4,0.262015,501.1909,62,51,29,27
-19.0,140.0,-0.0499769278103485,100.7,0.30284074,501.63474,57,51,42,27
-19.0,140.25,-0.051025139981149,119.5,0.3383161,500.9966,53,50,63,28
-19.0,140.5,-0.0516687552888123,140.5,0.3365722,501.20993,48,49,62,27
-19.0,140.75,-0.0512871989215325,133.7,0.32121617,501.62256,50,49,53,27
-19.0,141.0,-0.0520676612969163,124.0,0.3052862,502.26654,52,48,43,26
-19.0,141.25,-0.052282310330442,115.9,0.28662163,502.84427,54,48,35,25
-19.0,141.5,-0.0528514664686684,112.9,0.2698579,502.6978,54,48,31,26
-19.0,141.75,-0.0533040411809148,101.6,0.26958442,502.81488,57,47,31,25
-19.0,142.0,-0.0499745303994998,91.4,0.25841272,502.53015,59,51,28,26
-19.0,142.25,-0.0396628211759629,85.1,0.25301543,502.89978,61,64,27,25
-19.0,142.5,-0.0187952547650119,83.5,0.25786307,502.9793,61,85,28,25
-19.0,142.75,0.003110751012961,85.2,0.2710928,501.87756,61,98,31,27
-19.0,143.0,0.0168765524158342,84.5,0.2802277,500.6318,61,86,34,28
-19.0,143.25,0.0202234494943349,71.4,0.27964267,499.91714,64,83,33,29
-19.0,143.5,0.0188618229805364,52.9,0.29608104,497.49252,69,85,39,32
-19.0,143.75,0.0148034569006302,35.6,0.30984464,495.1156,75,88,45,35
-19.0,144.0,0.0077340779271686,15.6,0.24994506,491.498,86,94,26,40
-19.0,144.25,0.006663051369417,8.1,0.19368675,484.03815,91,95,17,47
-19.0,144.5,0.012047623443262,8.5,0.18395032,477.15643,91,91,15,53
-19.0,144.75,0.0263775133937651,3.8,0.15864432,469.55014,96,77,11,59
-19.0,145.0,0.0382215592045603,2.9,0.1310125,462.96616,97,65,6,65
-19.0,145.25,0.0457714254535468,7.5,0.1214463,459.16498,92,56,5,67
-19.0,145.5,0.0510429316865546,12.2,0.12861799,454.09302,88,50,6,71
-19.0,145.75,0.0446648429813129,15.8,0.1277807,446.9724,85,58,6,76
-19.0,146.0,0.0206762838643044,2.7,0.07174867,439.05652,97,83,1,81
-19.0,146.25,0.0041926852496717,6.4,0.051059864,435.2566,93,97,1,82
-19.25,121.5,0.0199990247243217,199.0,0.33296606,510.19656,38,83,60,10
-19.25,121.75,0.0178778677541274,219.4,0.30295148,508.29007,35,86,42,15
-19.25,122.0,0.0102608312037773,240.4,0.29342923,508.40707,31,92,38,15
-19.25,122.25,0.0025660931232518,262.3,0.3043825,509.93384,28,98,42,11
-19.25,122.5,0.0014964495993418,284.9,0.31249678,511.27823,25,99,47,7
-19.25,122.75,0.0009217403463221,308.1,0.3055702,512.83136,22,100,43,4
-19.25,123.0,-0.0027684798774619,331.6,0.29581034,513.86035,20,98,39,3
-19.25,123.25,-0.0067549215913805,355.6,0.2962759,514.584,17,95,39,2
-19.25,123.5,-0.0039102797072181,379.8,0.2978004,515.111,15,97,39,2
-19.25,123.75,0.000214243629792,404.2,0.29645866,516.2237,13,100,39,1
-19.25,124.0,0.0015656537067289,428.9,0.29580182,516.29987,11,99,39,1
-19.25,124.25,0.0024355133069634,453.7,0.29644695,516.34424,10,98,39,1
-19.25,124.5,0.0019313115403444,478.6,0.30522203,516.1714,8,99,43,1
-19.25,124.75,-0.0005898170838398,477.8,0.31418374,515.7544,8,100,48,1
-19.25,125.0,-0.0033266704467158,456.7,0.32074863,515.2318,9,98,52,2
-19.25,125.25,-0.0037847631533319,436.1,0.33210918,514.6294,11,97,59,2
-19.25,125.5,-0.0013139410548666,416.1,0.34911215,514.0458,12,99,67,2
-19.25,125.75,0.0014581893213159,397.0,0.35398597,513.73834,14,99,69,3
-19.25,126.0,0.0002995559369169,378.6,0.3400079,513.7082,15,100,63,3
-19.25,126.25,-0.0068809067098689,361.3,0.3322979,513.0088,17,95,60,4
-19.25,126.5,-0.012871264247778,345.1,0.33541304,512.4866,18,90,61,5
-19.25,126.75,-0.0165217710104549,330.3,0.3457913,512.9171,20,87,66,4
-19.25,127.0,-0.0210640562964337,317.0,0.35368267,512.60297,21,82,69,4
-19.25,127.25,-0.0265278395796139,305.4,0.34251538,512.13434,23,77,65,5
-19.25,127.5,-0.0277825173744488,295.7,0.3149245,511.96628,24,76,49,6
-19.25,127.75,-0.0219302278987708,288.1,0.29261714,511.75525,25,82,37,6
-19.25,128.0,-0.01659346278251,282.9,0.29130277,512.3269,26,87,37,5
-19.25,128.25,-0.0136796404836656,279.9,0.30966294,511.94882,26,89,45,6
-19.25,128.5,-0.0119507424173034,279.4,0.33081833,510.96768,26,91,59,8
-19.25,128.75,-0.0144996438142178,281.4,0.34372413,510.1157,26,89,65,10
-19.25,129.0,-0.0163699272415085,285.8,0.34799805,509.22906,25,87,67,13
-19.25,129.25,-0.0174428765972455,292.6,0.34239584,508.8734,24,86,65,14
-19.25,129.5,-0.0215517126561497,301.6,0.33843774,509.7391,23,82,63,11
-19.25,129.75,-0.0257410460940307,312.5,0.34071717,510.90826,22,78,64,8
-19.25,130.0,-0.0277205225886843,325.2,0.3361283,512.7638,20,76,61,4
-19.25,130.25,-0.023978596355924,339.4,0.3131267,514.0112,19,80,48,3
-19.25,130.5,-0.0266579883051149,348.8,0.30611956,514.7629,18,77,43,2
-19.25,130.75,-0.0357595283327446,322.6,0.31915438,513.794,21,68,51,3
-19.25,131.0,-0.0435636299795338,296.5,0.32837725,513.1499,24,59,57,4
-19.25,131.25,-0.0499173372961758,270.4,0.3346043,513.0334,27,51,61,4
-19.25,131.5,-0.0561963536061479,244.3,0.33735377,513.2172,31,44,62,3
-19.25,131.75,-0.0640007621032141,218.2,0.34183854,512.7893,35,38,64,4
-19.25,132.0,-0.0694332770493236,192.2,0.3520116,512.33923,39,34,68,5
-19.25,132.25,-0.0733953433643494,166.2,0.36232167,511.99805,43,32,72,6
-19.25,132.5,-0.0759291384480006,140.3,0.35808423,511.17023,48,31,71,8
-19.25,132.75,-0.0745729815913364,114.5,0.34257498,510.16077,54,32,65,10
-19.25,133.0,-0.0758036886386218,88.9,0.34691614,508.6769,60,31,67,14
-19.25,133.25,-0.0758958985020096,63.8,0.3711503,509.54565,66,31,75,12
-19.25,133.5,-0.0743295135708259,40.1,0.38995108,508.88937,74,32,80,13
-19.25,133.75,-0.0768408300865086,22.8,0.3989034,507.8394,81,31,82,16
-19.25,134.0,-0.0815376177053189,21.3,0.3926075,507.73392,82,29,81,16
-19.25,134.25,-0.0840774599058065,21.3,0.3746742,507.4475,82,28,76,17
-19.25,134.5,-0.0841389483623927,37.0,0.35885245,507.35165,75,28,71,17
-19.25,134.75,-0.0815158547611818,60.5,0.35457352,507.3217,67,29,69,17
-19.25,135.0,-0.0760991366923831,85.5,0.34948027,508.05185,61,31,68,15
-19.25,135.25,-0.0740284097924207,111.1,0.33835095,509.64172,55,32,63,11
-19.25,135.5,-0.0706797253007867,136.9,0.3327915,510.21542,49,34,60,10
-19.25,135.75,-0.0674447646176087,162.7,0.33559927,510.02744,44,36,61,11
-19.25,136.0,-0.0643300981571277,188.6,0.33711094,509.72235,40,38,62,11
-19.25,136.25,-0.0616604386036106,214.4,0.3338107,509.71448,35,40,60,11
-19.25,136.5,-0.0595314945537774,229.7,0.32805118,509.57648,33,41,57,12
-19.25,136.75,-0.0579875936146847,204.4,0.32332402,509.975,37,42,54,11
-19.25,137.0,-0.0555177732969501,179.3,0.31664252,509.83502,41,45,50,11
-19.25,137.25,-0.0534781032419275,154.7,0.3093804,509.82175,46,47,45,11
-19.25,137.5,-0.0540855789291007,130.6,0.30634826,509.6271,50,46,43,11
-19.25,137.75,-0.0545707362138533,107.6,0.30170834,508.85962,55,46,41,14
-19.25,138.0,-0.0531991363813479,85.8,0.30110985,507.8282,61,47,41,16
-19.25,138.25,-0.0530627153824926,63.9,0.30436033,507.3896,66,47,42,17
-19.25,138.5,-0.055307391066093,40.9,0.30439308,506.78284,73,45,42,18
-19.25,138.75,-0.0583811246224546,17.2,0.3017736,505.21786,84,42,41,21
-19.25,139.0,-0.0588347167935266,3.1,0.29896104,503.04086,96,42,40,25
-19.25,139.25,-0.05314597386002,22.0,0.28652954,501.0066,82,47,35,28
-19.25,139.5,-0.0500953928888997,41.6,0.27436706,501.1957,73,51,32,27
-19.25,139.75,-0.0517394812339002,62.8,0.2615046,502.42407,67,49,29,26
-19.25,140.0,-0.0524796208516428,81.6,0.28069353,504.0048,62,48,34,24
-19.25,140.25,-0.0542128113541929,103.7,0.3306371,503.5634,56,46,59,24
-19.25,140.5,-0.0546699332744104,117.0,0.35085467,503.4436,53,45,68,24
-19.25,140.75,-0.0529928469243237,127.3,0.3406587,503.9683,51,47,64,24
-19.25,141.0,-0.0511814702626517,134.1,0.32248282,504.8567,50,50,54,22
-19.25,141.25,-0.0510668004242082,142.1,0.30234313,505.55643,48,50,41,21
-19.25,141.5,-0.0520362118403205,139.0,0.28500697,504.56473,49,48,35,23
-19.25,141.75,-0.0537682003275092,126.5,0.30199927,504.78305,51,46,41,22
-19.25,142.0,-0.0533476673776195,118.2,0.29577297,504.39624,53,47,39,23
-19.25,142.25,-0.0460385322252044,112.5,0.2810311,504.76544,54,56,34,22
-19.25,142.5,-0.0279325587580734,111.3,0.27351537,504.97427,55,76,32,22
-19.25,142.75,-0.0021713896405777,112.7,0.27892944,504.42697,54,99,33,23
-19.25,143.0,0.0174644328961481,109.5,0.2938805,502.5511,55,86,38,26
-19.25,143.25,0.023866945501816,91.1,0.30430514,500.28223,59,80,42,29
-19.25,143.5,0.0235320138611963,73.3,0.30833748,497.30276,64,80,44,32
-19.25,143.75,0.022033727687085,53.6,0.3099465,496.11328,69,81,45,34
-19.25,144.0,0.0130299607336166,38.9,0.27126032,493.14902,74,90,31,38
-19.25,144.25,0.0042989817159693,35.8,0.20436117,485.37454,75,97,18,46
-19.25,144.5,0.0076446222960796,32.9,0.1639334,477.45316,76,94,12,53
-19.25,144.75,0.0215327524264077,21.7,0.14070082,470.54007,82,82,8,59
-19.25,145.0,0.0336130864119955,13.7,0.123489976,464.71558,87,70,5,63
-19.25,145.25,0.0362970036141286,6.0,0.10981824,461.76273,93,68,4,65
-19.25,145.5,0.0375610145528168,5.2,0.10811389,458.53708,94,66,4,68
-19.25,145.75,0.0412482794429663,9.8,0.12164674,454.37326,90,62,5,71
-19.25,146.0,0.0444184562280064,8.7,0.122253515,450.02676,91,58,5,74
-19.25,146.25,0.040524468726168,3.3,0.06960316,445.3717,96,63,1,77
-19.25,146.5,0.0182280063099218,0.2,0.05296119,443.90186,100,85,1,78
-19.25,146.75,0.0029767545486157,2.4,0.09568649,442.9262,97,98,3,79
-19.5,121.25,0.022962710374434,161.1,0.33142462,511.5929,44,81,59,7
-19.5,121.5,0.0238359065194215,181.7,0.3188261,510.2922,41,80,51,10
-19.5,121.75,0.0165326070472864,203.2,0.31199017,507.64252,37,87,47,16
-19.5,122.0,0.0079136404043917,225.7,0.29927146,508.27325,34,94,40,15
-19.5,122.25,0.0035879671037296,248.8,0.2965053,510.50418,30,97,39,9
-19.5,122.5,0.0026216308164986,272.5,0.29458243,513.16376,27,98,38,4
-19.5,122.75,0.0010972151112842,296.6,0.29374176,514.0964,24,100,38,2
-19.5,123.0,-0.0016555139146346,320.9,0.29016367,514.36444,21,99,36,2
-19.5,123.25,-0.002734032130268,345.6,0.2887134,515.0776,18,98,36,2
-19.5,123.5,-0.0021172157488763,370.4,0.28842497,515.8606,16,99,36,1
-19.5,123.75,0.0005453102784009,395.4,0.29333666,516.23395,14,100,38,1
-19.5,124.0,0.002567589305441,420.5,0.30119482,516.00854,12,98,41,1
-19.5,124.25,0.0036640727027718,445.7,0.3000215,515.3445,10,97,40,2
-19.5,124.5,0.0019505749556369,471.0,0.29324937,515.2045,8,99,38,2
-19.5,124.75,-0.00250489385854,494.3,0.28956288,515.6579,7,98,36,1
-19.5,125.0,-0.0049290898167306,473.9,0.29412302,515.3644,8,96,38,2
-19.5,125.25,-0.0071304057708143,454.2,0.3036367,515.0558,10,95,42,2
-19.5,125.5,-0.008296039561364,435.1,0.32172722,514.41144,11,94,53,2
-19.5,125.75,-0.0087995942781812,416.8,0.3478397,513.76404,12,93,67,3
-19.5,126.0,-0.0084514945188337,399.4,0.3557529,513.64905,13,93,70,3
-19.5,126.25,-0.0092342634912624,383.0,0.34229416,513.72565,15,93,64,3
-19.5,126.5,-0.0129943748969318,367.8,0.31950054,512.46594,16,90,52,5
-19.5,126.75,-0.0186797107264976,354.0,0.32127863,512.3992,17,85,53,5
-19.5,127.0,-0.0250384543468022,341.6,0.32775667,513.1335,19,79,57,4
-19.5,127.25,-0.0291792597898858,330.9,0.3201066,513.7463,20,75,52,3
-19.5,127.5,-0.0276813428052091,322.0,0.30273956,513.6129,21,76,42,3
-19.5,127.75,-0.022782513851832,315.1,0.29236114,512.7117,21,81,37,4
-19.5,128.0,-0.0184929783133113,310.3,0.2962089,512.0555,22,85,39,5
-19.5,128.25,-0.0148408994319089,307.6,0.30633718,511.1677,22,88,43,8
-19.5,128.5,-0.0142272918551628,307.2,0.3192788,510.81296,22,89,52,9
-19.5,128.75,-0.0167853424835595,309.0,0.32271397,510.1278,22,86,54,10
-19.5,129.0,-0.0187197299657522,313.0,0.3217984,509.45764,22,85,53,12
-19.5,129.25,-0.0199732705826006,319.2,0.32311875,509.3618,21,83,54,12
-19.5,129.5,-0.0230131419464236,327.4,0.32740718,509.9614,20,81,57,11
-19.5,129.75,-0.0249841503804505,337.5,0.33090758,510.352,19,79,59,10
-19.5,130.0,-0.0289512345301253,349.3,0.31684485,511.49997,18,75,50,7
-19.5,130.25,-0.0288889344279942,362.5,0.29238147,513.0646,17,75,37,4
-19.5,130.5,-0.0322324514896276,347.8,0.30172682,513.7929,18,72,41,3
-19.5,130.75,-0.038513295981656,321.6,0.32274148,513.7335,21,65,54,3
-19.5,131.0,-0.042836324505264,295.5,0.3237937,512.9356,24,60,55,4
-19.5,131.25,-0.0505982351353547,269.3,0.32697937,512.73224,27,50,57,4
-19.5,131.5,-0.0584426203873244,243.2,0.3363803,513.45544,31,42,62,3
-19.5,131.75,-0.0666392932402058,217.0,0.34753987,513.0856,35,36,67,4
-19.5,132.0,-0.0704319400934591,190.9,0.36176467,513.2826,39,34,72,3
-19.5,132.25,-0.0745464678055473,164.8,0.36638623,512.4317,44,32,74,5
-19.5,132.5,-0.0759188278633657,138.6,0.35189816,510.88318,49,31,68,8
-19.5,132.75,-0.0768682901581217,112.5,0.34600744,509.62842,54,31,66,11
-19.5,133.0,-0.0820509314559222,86.4,0.35877326,508.7414,60,28,71,14
-19.5,133.25,-0.0826312273873814,60.3,0.37016404,508.83182,67,28,75,14
-19.5,133.5,-0.0802583223142262,34.4,0.3805567,508.26727,76,29,78,15
-19.5,133.75,-0.0772622819546432,9.9,0.39395964,507.73557,90,31,81,16
-19.5,134.0,-0.0801567520147987,5.8,0.39797065,508.02014,93,29,82,16
-19.5,134.25,-0.0825500711435563,3.3,0.39561823,508.58255,96,28,82,14
-19.5,134.5,-0.0845649525889062,29.1,0.38344982,508.54956,78,28,78,14
-19.5,134.75,-0.0843287823699592,55.0,0.36683077,509.2996,69,28,74,12
-19.5,135.0,-0.0820257422602957,81.1,0.349652,510.01407,62,29,68,11
-19.5,135.25,-0.081528641726999,107.2,0.35854006,509.09854,55,29,71,13
-19.5,135.5,-0.0806344430206254,133.3,0.37207898,509.33087,50,29,75,12
-19.5,135.75,-0.080102431336196,159.4,0.37315533,508.81686,45,29,75,14
-19.5,136.0,-0.0762960887830039,185.5,0.37074003,509.0787,40,31,75,13
-19.5,136.25,-0.0734356273298284,211.7,0.35890904,509.17416,36,32,71,13
-19.5,136.5,-0.0699185034172149,237.8,0.34063667,510.67715,32,34,64,9
-19.5,136.75,-0.0684387911355034,213.6,0.3290681,510.61923,36,35,58,9
-19.5,137.0,-0.0673358085617933,189.9,0.3272986,511.36206,39,36,57,7
-19.5,137.25,-0.0669835177183683,166.8,0.32239363,511.22708,43,36,53,7
-19.5,137.5,-0.067442040922608,144.8,0.31834555,510.41415,47,36,51,10
-19.5,137.75,-0.0674838544268693,122.6,0.31304383,509.85327,52,36,48,11
-19.5,138.0,-0.0664834980276369,99.9,0.3080063,508.64856,57,36,44,14
-19.5,138.25,-0.066606430163873,76.4,0.30882967,507.8816,63,36,45,16
-19.5,138.5,-0.066430946390721,55.0,0.31069708,506.9705,69,36,46,18
-19.5,138.75,-0.0656779950528982,35.0,0.3198802,505.45935,76,37,52,21
-19.5,139.0,-0.060977341979742,16.2,0.31548187,504.1223,85,40,49,23
-19.5,139.25,-0.0509102564553489,5.6,0.2925341,502.34055,93,50,37,26
-19.5,139.5,-0.0476663297563347,24.8,0.30303994,502.78415,80,54,42,25
-19.5,139.75,-0.0496883932442177,44.5,0.31574962,504.4261,72,51,49,23
-19.5,140.0,-0.0510838085147995,68.5,0.3252334,505.11298,65,50,55,22
-19.5,140.25,-0.0531930519678142,84.3,0.35408163,505.3461,61,47,69,21
-19.5,140.5,-0.0544775098962764,90.9,0.35954103,505.4326,59,46,71,21
-19.5,140.75,-0.054468818827133,103.1,0.34453297,505.83405,56,46,66,20
-19.5,141.0,-0.0542939723192137,107.1,0.32533345,507.12973,56,46,56,18
-19.5,141.25,-0.0529402040466222,116.9,0.30750442,507.1378,53,47,44,18
-19.5,141.5,-0.051347969328275,131.3,0.2876222,506.89154,50,49,36,18
-19.5,141.75,-0.0511920027323954,128.6,0.29628915,507.6375,51,50,39,16
-19.5,142.0,-0.0507727988374729,128.3,0.31825325,506.78128,51,50,51,18
-19.5,142.25,-0.0460339775863325,128.6,0.32022858,507.7576,51,56,52,16
-19.5,142.5,-0.0336668943675855,130.8,0.2958624,507.95285,50,70,39,16
-19.5,142.75,-0.0142403570308704,134.4,0.28252262,506.77994,50,89,34,18
-19.5,143.0,0.0064644655340262,129.2,0.28993142,504.14688,51,95,36,23
-19.5,143.25,0.0189606615541768,111.4,0.3090931,502.086,55,84,45,26
-19.5,143.5,0.0187232958285936,91.7,0.31525233,499.4379,59,85,49,29
-19.5,143.75,0.0182734289473349,75.4,0.30303928,497.13873,63,85,42,33
-19.5,144.0,0.0179915536167321,65.7,0.2620017,494.02838,66,85,29,37
-19.5,144.25,0.0116346760431215,63.6,0.19658324,487.31183,66,91,17,44
-19.5,144.5,0.0107270570760149,57.5,0.14366974,479.78415,68,92,9,51
-19.5,144.75,0.0192694773237841,47.4,0.12840767,472.9637,71,84,6,57
-19.5,145.0,0.0261395556432294,38.6,0.13582955,468.14398,74,78,7,60
-19.5,145.25,0.0297087089868173,30.0,0.1292192,464.8746,77,74,6,63
-19.5,145.5,0.0315473159619917,22.2,0.11347344,461.40497,81,72,4,66
-19.5,145.75,0.0372032629212342,17.9,0.10823153,458.43826,84,67,4,68
-19.5,146.0,0.0519348433221845,19.0,0.1367245,456.82608,83,49,7,69
-19.5,146.25,0.0577311578295415,20.2,0.13714127,452.1854,83,43,8,73
-19.5,146.5,0.0383826004557444,16.5,0.08416747,446.67926,85,65,2,76
-19.5,146.75,0.0225138853244494,0.0,0.05416245,443.76047,100,81,1,78
-19.5,147.0,0.0083436602726578,2.7,0.07094143,448.5592,97,94,1,75
-19.5,147.25,-0.0030790868636575,10.8,0.13853382,457.23593,89,98,8,69
-19.5,147.5,-0.0130300174378568,8.9,0.27272332,464.5525,91,90,32,63
-19.75,120.75,0.0298415309112031,103.4,0.36449352,512.8705,56,74,73,4
-19.75,121.0,0.0315106194510701,123.6,0.34278557,513.49066,52,72,65,3
-19.75,121.25,0.0325305221535797,144.3,0.3116204,511.0993,47,71,47,8
-19.75,121.5,0.0278341146496435,166.5,0.30563757,510.2933,43,76,43,10
-19.75,121.75,0.0187374875193373,189.7,0.3088743,509.31625,39,85,45,12
-19.75,122.0,0.0118897228684675,213.5,0.30242598,509.50098,36,91,41,12
-19.75,122.25,0.0097373861606943,237.8,0.2964144,511.38492,32,93,39,7
-19.75,122.5,0.0080165561937194,262.4,0.2955822,513.1633,28,94,39,4
-19.75,122.75,0.0058588808901341,287.3,0.29381093,513.9425,25,96,38,3
-19.75,123.0,0.0059375729005079,312.4,0.29552326,514.6746,22,96,39,2
-19.75,123.25,0.0059113743148156,337.6,0.29961184,514.99304,19,96,40,2
-19.75,123.5,0.0073290544462257,362.9,0.30831262,515.5096,17,94,44,1
-19.75,123.75,0.008875076786249,388.3,0.31350568,515.6347,14,93,48,1
-19.75,124.0,0.0092112683138111,413.8,0.31982815,516.07825,12,93,52,1
-19.75,124.25,0.0088339107848393,439.3,0.31956905,516.0093,11,93,52,1
-19.75,124.5,0.0084710987605614,464.9,0.30058554,515.6292,9,93,41,1
-19.75,124.75,0.0062111889738367,490.5,0.28796294,515.2113,7,95,36,2
-19.75,125.0,0.0036399702449368,492.2,0.28010827,514.70667,7,97,33,2
-19.75,125.25,-0.0002051516685501,473.2,0.28652677,514.5366,8,100,35,2
-19.75,125.5,-0.0053016402337345,454.9,0.30670103,514.16,10,96,44,2
-19.75,125.75,-0.008568334825603,437.5,0.33200416,513.5242,11,93,59,3
-19.75,126.0,-0.0098751773079302,421.0,0.3455062,513.12506,12,92,66,4
-19.75,126.25,-0.0108203334293128,405.5,0.34003907,513.7222,13,92,63,3
-19.75,126.5,-0.0139576550218321,391.2,0.3172612,512.85297,14,89,50,4
-19.75,126.75,-0.0168695608796995,378.3,0.30143636,513.44794,15,86,41,3
-19.75,127.0,-0.0222137980917025,366.7,0.29705542,514.038,16,81,39,2
-19.75,127.25,-0.0249758332612968,356.8,0.2834866,514.7661,17,79,34,2
-19.75,127.5,-0.0247329711692319,348.6,0.2732684,514.6208,18,79,32,2
-19.75,127.75,-0.0231220606415133,342.2,0.28900102,513.24304,18,80,36,3
-19.75,128.0,-0.0203179896498719,337.8,0.29958728,511.78943,19,83,40,6
-19.75,128.25,-0.0156217620486304,335.4,0.3017623,510.27304,19,88,41,10
-19.75,128.5,-0.0146453889497067,334.9,0.3089483,509.93378,19,88,45,11
-19.75,128.75,-0.0151268552290275,336.6,0.31096524,509.62347,19,88,46,11
-19.75,129.0,-0.0138822514907501,340.3,0.3080386,509.5943,19,89,44,12
-19.75,129.25,-0.0151253259929251,346.0,0.30881009,509.55118,18,88,45,12
-19.75,129.5,-0.0167637600053456,353.5,0.32035533,510.45798,17,87,52,10
-19.75,129.75,-0.0230167699223827,362.9,0.32185677,511.43994,17,80,53,7
-19.75,130.0,-0.0294472669761273,373.9,0.30149102,512.34753,15,74,41,5
-19.75,130.25,-0.0336580577500474,375.0,0.28313306,513.2741,15,70,34,3
-19.75,130.5,-0.0382218574994199,349.0,0.31089038,513.42065,18,65,46,3
-19.75,130.75,-0.0415621037572799,323.0,0.34010845,514.2238,21,62,63,2
-19.75,131.0,-0.0454171343662199,297.1,0.3359686,513.8883,24,57,61,3
-19.75,131.25,-0.0496022991436932,271.1,0.33058745,513.0984,27,52,59,4
-19.75,131.5,-0.0608949929786225,245.2,0.33733898,513.7969,31,40,62,3
-19.75,131.75,-0.0690946394001089,219.4,0.35165122,512.81744,35,35,68,4
-19.75,132.0,-0.0764474371714251,193.6,0.36393476,512.7853,39,31,73,4
-19.75,132.25,-0.0793738054821179,168.0,0.3666483,512.3773,43,30,74,5
-19.75,132.5,-0.0823653712336506,142.5,0.3551167,511.1663,48,28,70,8
-19.75,132.75,-0.0837200770952871,117.3,0.35904595,510.06827,53,28,71,10
-19.75,133.0,-0.0887502188871925,92.6,0.37164032,510.39716,59,26,75,10
-19.75,133.25,-0.091785825627102,69.0,0.37543342,509.57825,65,25,76,12
-19.75,133.5,-0.0887716278289666,48.0,0.3766915,508.9236,71,26,76,13
-19.75,133.75,-0.086086161208472,34.9,0.3879491,508.4401,76,27,80,15
-19.75,134.0,-0.0820486490481666,19.5,0.41001347,508.9235,83,29,85,13
-19.75,134.25,-0.0849869727434235,6.0,0.4137611,509.3859,93,27,86,12
-19.75,134.5,-0.086724058234956,32.0,0.40883723,509.41513,77,27,85,12
-19.75,134.75,-0.0880181115475439,57.9,0.3858476,510.41498,68,26,79,10
-19.75,135.0,-0.0876179579024513,83.6,0.36247832,511.38385,61,26,72,7
-19.75,135.25,-0.0897611035061778,109.1,0.38562104,510.35568,55,26,79,10
-19.75,135.5,-0.0906310331464434,134.8,0.40030023,509.53595,49,25,83,12
-19.75,135.75,-0.0889517566632656,160.6,0.39970312,508.9166,45,26,83,13
-19.75,136.0,-0.0870973418466746,186.5,0.39368153,509.55276,40,27,81,12
-19.75,136.25,-0.0822592763052809,212.5,0.38780913,508.9084,36,28,80,13
-19.75,136.5,-0.080193602096378,238.5,0.370775,509.5498,32,29,75,12
-19.75,136.75,-0.0776683258502522,226.0,0.34826362,511.0099,34,30,67,8
-19.75,137.0,-0.0758840698992744,203.6,0.33204538,511.80002,37,31,59,6
-19.75,137.25,-0.0750259755685138,181.5,0.32563156,511.84863,41,32,56,6
-19.75,137.5,-0.0758300757445838,159.0,0.3223792,511.73038,45,31,53,6
-19.75,137.75,-0.0759813480201132,135.5,0.31253526,510.93362,49,31,47,8
-19.75,138.0,-0.0766032407969413,113.3,0.31835657,509.16553,54,31,51,13
-19.75,138.25,-0.0758164517165693,92.8,0.32399693,507.81802,59,31,55,16
-19.75,138.5,-0.0741405024304099,73.1,0.346582,505.58395,64,32,66,21
-19.75,138.75,-0.0708121555369524,53.4,0.3488016,504.32092,69,34,67,23
-19.75,139.0,-0.0653376874558272,31.0,0.3233846,504.06796,77,37,54,24
-19.75,139.25,-0.054198250575878,12.7,0.29566637,502.9934,88,46,39,25
-19.75,139.5,-0.0503972344045039,11.8,0.32494912,503.59207,88,51,55,24
-19.75,139.75,-0.0505443350910874,36.9,0.33926547,504.745,75,50,63,22
-19.75,140.0,-0.0522480029501907,58.4,0.3447909,505.76535,68,48,66,20
-19.75,140.25,-0.0542652621823695,56.8,0.3529658,506.82104,68,46,69,18
-19.75,140.5,-0.0560318113798053,66.1,0.35153553,506.99182,66,44,68,18
-19.75,140.75,-0.0560289385650927,75.4,0.34033138,507.63254,63,44,64,17
-19.75,141.0,-0.0557111553581697,80.8,0.32619357,509.01703,62,45,56,13
-19.75,141.25,-0.0524672716792251,93.4,0.32018682,508.5875,59,48,52,14
-19.75,141.5,-0.0496662342458009,104.4,0.30564722,509.01184,56,52,43,13
-19.75,141.75,-0.0471520036913543,100.8,0.2905249,510.21216,57,55,37,10
-19.75,142.0,-0.0453069384420468,100.5,0.2967157,509.57083,57,57,39,12
-19.75,142.25,-0.0420917464442373,100.9,0.2985001,509.43582,57,61,40,12
-19.75,142.5,-0.0337612087594433,103.2,0.28418684,509.16998,56,70,35,13
-19.75,142.75,-0.0221474474484455,107.5,0.26722458,508.4411,55,81,30,15
-19.75,143.0,-0.0075489185972227,109.2,0.27262262,506.93918,55,94,32,18
-19.75,143.25,0.0064138238989038,110.8,0.2816725,504.91083,55,95,34,22
-19.75,143.5,0.0223338059216205,113.0,0.30363476,502.30533,54,81,42,26
-19.75,143.75,0.0288348983784782,100.2,0.29835027,499.5115,57,75,40,29
-19.75,144.0,0.0402674792694077,93.1,0.27912214,497.19925,59,63,33,32
-19.75,144.25,0.0355315192469528,91.3,0.23273574,490.21915,59,68,23,41
-19.75,144.5,0.0286511563707054,83.1,0.17086616,483.56723,61,75,13,48
-19.75,144.75,0.0255927422072827,74.3,0.1549621,476.76013,64,78,11,53
-19.75,145.0,0.0303356752672698,64.5,0.15399964,471.44974,66,74,10,58
-19.75,145.25,0.0353220094372296,56.0,0.1432746,466.48984,68,69,9,62
-19.75,145.5,0.0385965921029093,49.9,0.123630725,462.74225,70,65,5,65
-19.75,145.75,0.0377901222734224,45.7,0.122247994,461.6993,72,66,5,65
-19.75,146.0,0.044461620596814,43.0,0.13797587,460.5163,73,58,8,66
-19.75,146.25,0.0530504308308341,26.4,0.16528307,458.42245,79,47,13,68
-19.75,146.5,0.050506596092046,7.4,0.14400515,453.19785,92,50,9,72
-19.75,146.75,0.0375008773790406,12.5,0.09146478,448.22324,88,66,3,75
-19.75,147.0,0.0276637444211657,4.5,0.07076445,447.72397,95,76,1,76
-19.75,147.25,0.0179654298350214,0.5,0.10539837,453.6232,100,85,4,72
-19.75,147.5,0.0025565479870974,2.4,0.177294,455.63617,97,98,14,70
-20.0,119.75,0.0357148500514172,38.6,0.3214623,515.16754,74,68,53,2
-20.0,120.0,0.0398553128265554,43.0,0.3408071,514.6731,73,63,64,2
-20.0,120.25,0.0395137127427872,48.9,0.358505,513.84937,71,64,71,3
-20.0,120.5,0.0375088874782834,65.4,0.36332476,513.3794,66,66,73,3
-20.0,120.75,0.0363480811184715,85.8,0.36118677,511.01526,61,67,72,8
-20.0,121.0,0.0367304390118945,107.4,0.34748828,510.8358,55,67,67,9
-20.0,121.25,0.0350924570080158,130.7,0.32886192,510.7809,50,69,58,9
-20.0,121.5,0.0286783644486041,154.8,0.32090122,510.27145,46,75,53,10
-20.0,121.75,0.0232385773477809,179.5,0.31927833,510.66513,41,80,51,9
-20.0,122.0,0.0182462889834174,204.4,0.31736058,511.71756,37,85,50,6
-20.0,122.25,0.0168551737248587,229.6,0.31531873,512.79346,33,86,49,4
-20.0,122.5,0.013719126160833,255.0,0.30840912,513.31165,29,89,44,3
-20.0,122.75,0.0148069414310157,280.5,0.30971375,513.94653,26,88,45,3
-20.0,123.0,0.014751323440855,306.0,0.30976233,514.547,23,88,45,2
-20.0,123.25,0.0188533777232459,331.7,0.318225,514.737,20,85,51,2
-20.0,123.5,0.0177758197253015,357.3,0.32621273,514.68445,17,86,56,2
-20.0,123.75,0.0171712416658313,383.1,0.3285673,515.21405,15,86,58,2
-20.0,124.0,0.0141545040699773,408.8,0.326621,515.07294,13,89,56,2
-20.0,124.25,0.0114789662317239,434.6,0.32481,516.5222,11,91,55,1
-20.0,124.5,0.0117252653955282,460.4,0.31192577,516.04517,9,91,47,1
-20.0,124.75,0.0152870095811695,486.2,0.30195808,515.20795,7,88,41,2
-20.0,125.0,0.012776303814081,511.3,0.29189295,514.8455,6,90,37,2
-20.0,125.25,0.0110384492441967,493.0,0.28800738,514.97284,7,92,36,2
-20.0,125.5,0.0048731944344971,475.5,0.3028688,514.99255,8,96,42,2
-20.0,125.75,0.0002243843126398,458.9,0.31401038,513.90076,9,100,48,3
-20.0,126.0,-0.0031464930679205,443.3,0.3249687,513.1119,10,98,55,4
-20.0,126.25,-0.0083632538045224,428.6,0.3335293,513.1065,11,94,60,4
-20.0,126.5,-0.0124302530270402,415.2,0.3364395,513.0808,12,90,62,4
-20.0,126.75,-0.0157444966054754,403.0,0.3168935,513.40497,13,87,50,3
-20.0,127.0,-0.0175610297780838,392.2,0.2873265,513.72974,14,86,36,3
-20.0,127.25,-0.0192799873981303,383.0,0.27185428,514.12177,15,84,32,2
-20.0,127.5,-0.0224367892923986,375.4,0.282961,513.06683,15,81,34,4
-20.0,127.75,-0.0227103902998524,369.5,0.30474606,512.41,16,81,42,5
-20.0,128.0,-0.0237370041420771,365.4,0.31675977,511.2899,16,80,50,7
-20.0,128.25,-0.0205333322940749,363.1,0.31055287,510.0413,17,83,46,11
-20.0,128.5,-0.019137491704896,362.7,0.30595523,509.90164,17,84,43,11
-20.0,128.75,-0.0167453573875328,364.2,0.3142171,510.10675,16,87,48,10
-20.0,129.0,-0.0145986513412069,367.7,0.3147725,509.86862,16,89,49,11
-20.0,129.25,-0.0107889774512538,372.9,0.3168887,509.94113,16,92,50,11
-20.0,129.5,-0.0128641628288841,379.9,0.3208705,510.83115,15,90,52,9
-20.0,129.75,-0.0186786616850267,388.6,0.31101614,511.26837,14,85,46,7
-20.0,130.0,-0.0291208466370811,398.9,0.28986198,512.078,13,75,36,5
-20.0,130.25,-0.0357055726571984,378.2,0.28384155,512.8171,15,68,35,4
-20.0,130.5,-0.0437832509788374,352.5,0.31543872,512.9581,17,59,49,4
-20.0,130.75,-0.0486430454855075,326.8,0.34693214,513.4052,20,53,67,3
-20.0,131.0,-0.0509863039833449,301.2,0.3499536,513.94446,23,50,68,3
-20.0,131.25,-0.0586335935730381,275.7,0.3403347,513.69586,27,42,64,3
-20.0,131.5,-0.0641874665006374,250.4,0.34270224,513.06396,30,38,65,4
-20.0,131.75,-0.0779868944060234,225.2,0.35288712,512.95215,34,30,69,4
-20.0,132.0,-0.0829309403896331,200.2,0.3591339,512.7586,38,28,71,4
-20.0,132.25,-0.0883174656845984,175.6,0.35983488,511.7414,42,26,71,6
-20.0,132.5,-0.0905519192251155,151.4,0.36641613,511.1619,46,25,74,8
-20.0,132.75,-0.0940814725411612,128.0,0.37149444,510.33737,51,24,75,10
-20.0,133.0,-0.0981590112039287,105.9,0.37878156,509.51654,56,23,77,12
-20.0,133.25,-0.1012096497241318,86.1,0.3934447,510.01974,61,23,81,11
-20.0,133.5,-0.1020533750074849,70.5,0.39113715,509.24136,65,23,80,12
-20.0,133.75,-0.0968792040345198,47.8,0.39470282,509.23056,71,24,81,13
-20.0,134.0,-0.0944169054528521,22.0,0.41202572,509.45895,82,24,86,12
-20.0,134.25,-0.089894745493352,3.3,0.4324545,510.13046,96,25,91,10
-20.0,134.5,-0.0920493428387479,29.2,0.42622817,510.22177,78,25,89,10
-20.0,134.75,-0.0928004459824435,55.2,0.41033188,511.45724,69,25,85,7
-20.0,135.0,-0.0945560861389995,81.3,0.39324594,511.5998,62,24,81,7
-20.0,135.25,-0.0980079930963083,107.3,0.41055256,511.20367,55,23,85,8
-20.0,135.5,-0.1003952296072384,133.4,0.4204483,510.65134,50,23,88,9
-20.0,135.75,-0.0993471856938586,159.4,0.41613168,510.324,45,23,87,10
-20.0,136.0,-0.0928934710100293,185.4,0.41617385,509.48358,40,25,87,12
-20.0,136.25,-0.0888467812350773,211.5,0.40877837,509.60995,36,26,85,12
-20.0,136.5,-0.0838478365452915,237.5,0.40433747,509.39673,32,28,84,12
-20.0,136.75,-0.0822947677806951,240.5,0.37994,510.68384,31,28,77,9
-20.0,137.0,-0.0792494038252958,218.0,0.34213087,511.1714,35,30,64,8
-20.0,137.25,-0.0780228501385344,194.6,0.32413566,511.79083,39,30,55,6
-20.0,137.5,-0.080494027055933,172.1,0.32239634,512.0419,43,29,53,6
-20.0,137.75,-0.0828977718505831,150.7,0.31723532,511.6925,46,28,50,6
-20.0,138.0,-0.0833247504402173,130.5,0.3166085,510.12042,50,28,50,10
-20.0,138.25,-0.0821416304751654,111.1,0.34337223,507.8395,55,28,65,16
-20.0,138.5,-0.0786124524688126,89.0,0.3581271,505.5691,60,30,71,21
-20.0,138.75,-0.0751521694651317,63.1,0.36865297,505.0967,66,31,74,22
-20.0,139.0,-0.0686450724623033,37.6,0.34395382,505.0478,75,35,65,22
-20.0,139.25,-0.0622683956953031,11.8,0.33616948,504.1084,88,39,61,24
-20.0,139.5,-0.0588297242653511,14.2,0.34727395,504.50983,87,42,67,23
-20.0,139.75,-0.0584465793289599,37.9,0.33649164,504.82327,74,42,62,22
-20.0,140.0,-0.0585759271911921,32.6,0.34251818,506.07053,76,42,65,20
-20.0,140.25,-0.059887070882888,29.7,0.34928194,507.2982,78,41,68,17
-20.0,140.5,-0.0585953847106014,44.9,0.34894457,508.1774,72,42,67,15
-20.0,140.75,-0.0585291619456949,47.6,0.3364995,509.1488,71,42,62,13
-20.0,141.0,-0.0574778274256026,55.7,0.33461967,509.4584,68,43,61,12
-20.0,141.25,-0.0542835042002566,72.7,0.3210777,509.14352,64,46,53,13
-20.0,141.5,-0.0501031368022917,77.7,0.3185435,510.4381,63,51,51,10
-20.0,141.75,-0.0465287373861342,73.1,0.31245986,511.5392,64,55,47,7
-20.0,142.0,-0.0437141085930523,72.8,0.3042851,511.50153,64,59,42,7
-20.0,142.25,-0.0403962148708247,73.2,0.2949506,511.54865,64,63,38,7
-20.0,142.5,-0.0355967368539755,75.5,0.27660453,511.5048,63,68,33,7
-20.0,142.75,-0.0276045376512185,80.5,0.2629128,510.8828,62,76,29,8
-20.0,143.0,-0.0195595998128521,81.4,0.2559596,509.26077,62,84,28,12
-20.0,143.25,0.0017620427012887,83.1,0.25649795,508.96307,61,99,28,13
-20.0,143.5,0.0229667201882139,90.1,0.26880124,506.4296,60,81,31,19
-20.0,143.75,0.0425670900408433,97.3,0.29616064,503.17377,58,60,39,25
-20.0,144.0,0.0553005720444378,96.1,0.31120935,499.57996,58,45,46,29
-20.0,144.25,0.0539102441064425,94.9,0.29235947,493.66336,59,46,37,37
-20.0,144.5,0.0514861552488236,95.3,0.2353676,487.64566,58,49,23,44
-20.0,144.75,0.0488998502354315,86.2,0.19590682,481.30963,61,53,17,49
-20.0,145.0,0.0485225355612956,70.7,0.16294783,474.9153,64,53,12,55
-20.0,145.25,0.0536965850341532,51.6,0.14054216,469.60028,70,46,8,59
-20.0,145.5,0.05158014319826,39.9,0.12954341,466.72665,74,49,6,61
-20.0,145.75,0.0497771257928217,28.3,0.13711414,466.2824,78,51,8,62
-20.0,146.0,0.0499098633260776,16.8,0.15879513,465.8288,85,51,11,62
-20.0,146.25,0.0525501680516061,7.2,0.1715397,464.40393,92,48,13,63
-20.0,146.5,0.0514060086082844,11.6,0.16463406,458.65005,89,49,12,68
-20.0,146.75,0.0488412442107108,28.2,0.13992701,453.81882,78,53,8,71
-20.0,147.0,0.0398507507983595,10.3,0.10522967,451.4023,90,64,4,73
-20.0,147.25,0.0350765942182555,3.3,0.09514811,449.72128,96,69,3,74
-20.0,147.5,0.0174208189870807,15.4,0.13757297,451.5917,86,86,8,73
-20.0,147.75,0.0051388386337618,9.2,0.16998,455.115,90,96,13,70
-20.0,148.0,-0.0072345318960114,1.6,0.24134961,460.7462,98,94,24,66
-20.25,119.0,0.0310858409630046,12.1,0.28686625,513.9683,88,73,35,3
-20.25,119.25,0.0304264939767086,6.4,0.26739785,515.4817,93,73,30,1
-20.25,119.5,0.0331522129063073,8.3,0.27211428,514.2342,91,71,32,2
-20.25,119.75,0.0370533142615819,11.2,0.29223365,514.4687,89,67,37,2
-20.25,120.0,0.0406314224093442,15.2,0.32197434,513.5151,86,63,53,3
-20.25,120.25,0.0402088606330965,27.7,0.34641334,513.0283,79,63,66,4
-20.25,120.5,0.0392409435429033,48.5,0.35483932,512.065,71,64,70,5
-20.25,120.75,0.038950092008426,72.0,0.35729468,510.6829,64,65,71,9
-20.25,121.0,0.0346502130270285,96.7,0.35212985,509.77707,58,69,69,11
-20.25,121.25,0.032099035510882,122.0,0.34378716,510.6252,52,72,65,9
-20.25,121.5,0.0268975325582903,147.5,0.34062868,510.77313,47,77,64,9
-20.25,121.75,0.0250872869377157,173.1,0.3356284,511.18475,42,79,61,8
-20.25,122.0,0.0239060713429353,198.9,0.3352701,512.34937,38,80,61,5
-20.25,122.25,0.0227367234915228,224.6,0.3323033,512.51166,34,81,60,5
-20.25,122.5,0.0239265994745351,250.5,0.32859498,513.0522,30,80,58,4
-20.25,122.75,0.0244856127701322,276.3,0.32278758,513.3386,26,79,54,3
-20.25,123.0,0.029460888765087,302.2,0.32660007,513.85455,23,74,56,3
-20.25,123.25,0.0282511647679798,328.0,0.3258322,514.2724,20,76,56,2
-20.25,123.5,0.0270899968626465,353.9,0.3306906,515.1759,17,77,59,2
-20.25,123.75,0.0227941832560602,379.8,0.3263863,515.17804,15,81,56,2
-20.25,124.0,0.0167666467749291,405.7,0.3162136,515.5059,13,87,49,1
-20.25,124.25,0.0133842551875637,431.7,0.31686786,516.2522,11,90,50,1
-20.25,124.5,0.0133376442286784,457.6,0.32173362,516.06586,9,90,53,1
-20.25,124.75,0.0160788208448572,483.5,0.31249452,515.50073,8,87,47,1
-20.25,125.0,0.0193797478868093,509.4,0.30751273,515.4681,6,84,44,2
-20.25,125.25,0.0158931271616546,513.6,0.3030366,515.7145,6,87,42,1
-20.25,125.5,0.0132606164568902,496.9,0.30101627,514.92834,7,90,41,2
-20.25,125.75,0.0091370793669262,481.0,0.30591673,513.90845,8,93,43,3
-20.25,126.0,0.0060794511843899,466.1,0.310586,512.8839,9,95,46,4
-20.25,126.25,-0.0021257215234938,452.3,0.3207326,512.1456,10,99,52,5
-20.25,126.5,-0.0099947746198311,439.6,0.33004063,512.86273,10,92,58,4
-20.25,126.75,-0.0137775994144162,428.1,0.32224563,513.0396,11,89,53,4
-20.25,127.0,-0.0164794238262055,418.0,0.29316774,513.36285,12,87,38,3
-20.25,127.25,-0.019273178545492,409.4,0.29542476,513.66455,13,84,38,3
-20.25,127.5,-0.0222905058058954,402.3,0.30918038,512.6054,13,81,45,4
-20.25,127.75,-0.0287415194602328,396.8,0.3360817,512.3533,14,75,61,5
-20.25,128.0,-0.031789408597563,393.0,0.34192693,511.14914,14,72,64,8
-20.25,128.25,-0.0274401524070916,390.9,0.32430166,510.9566,14,76,55,8
-20.25,128.5,-0.0240065866659971,390.5,0.30442914,511.00333,14,80,42,8
-20.25,128.75,-0.0212889245883118,391.9,0.31095862,510.9035,14,82,46,8
-20.25,129.0,-0.0191715284572204,395.1,0.32217473,510.8142,14,84,53,9
-20.25,129.25,-0.0163841985385044,400.0,0.31814417,510.7633,13,87,51,9
-20.25,129.5,-0.0133283664793929,406.5,0.31047067,510.89508,13,90,46,8
-20.25,129.75,-0.019809862676387,414.7,0.29839697,511.385,12,83,40,7
-20.25,130.0,-0.0273647083013895,408.7,0.30537462,511.93967,13,76,43,6
-20.25,130.25,-0.0380570476741663,383.4,0.30666617,512.4327,15,66,44,5
-20.25,130.5,-0.0468642805791681,358.1,0.33026806,512.25073,17,55,58,5
-20.25,130.75,-0.0545244605208392,332.9,0.349939,512.2472,19,46,68,5
-20.25,131.0,-0.0609944570715361,307.8,0.35261735,512.532,22,40,69,5
-20.25,131.25,-0.0663277905201539,283.0,0.35520875,512.2082,26,36,70,5
-20.25,131.5,-0.0768204575967198,258.4,0.3533344,511.87512,29,31,69,6
-20.25,131.75,-0.0804027846504357,234.1,0.35394534,512.3493,32,29,69,5
-20.25,132.0,-0.0898698812928549,210.3,0.355956,512.10443,36,25,70,5
-20.25,132.25,-0.0923415863108987,187.0,0.3690547,512.4793,40,25,74,5
-20.25,132.5,-0.0958604994861941,164.6,0.38344938,511.6746,44,24,78,6
-20.25,132.75,-0.0985467547794715,143.5,0.38391227,510.75504,48,23,78,9
-20.25,133.0,-0.1011001332197338,124.2,0.37932232,509.63077,52,23,77,11
-20.25,133.25,-0.105438852616741,101.4,0.3972695,509.54456,57,22,82,12
-20.25,133.5,-0.1060738099095899,75.4,0.4066191,509.32788,63,22,84,12
-20.25,133.75,-0.1044246782282633,49.4,0.40491337,509.1698,70,22,84,13
-20.25,134.0,-0.0984205126784564,23.5,0.418138,509.33246,81,23,87,12
-20.25,134.25,-0.0963831243875098,2.3,0.43405825,510.0661,97,24,91,10
-20.25,134.5,-0.0945341205435051,28.1,0.43915245,510.55527,78,24,92,9
-20.25,134.75,-0.0973774992705633,53.9,0.4214146,511.32904,69,23,88,7
-20.25,135.0,-0.098900150489949,79.8,0.40668097,511.70172,62,23,84,6
-20.25,135.25,-0.1017383518850519,105.7,0.42251897,512.0506,56,23,88,5
-20.25,135.5,-0.1052909339578556,130.9,0.42990592,511.3474,50,22,90,7
-20.25,135.75,-0.1025857003882438,156.3,0.42786968,510.8766,45,22,90,8
-20.25,136.0,-0.0990639101336931,181.8,0.4217743,510.31744,41,23,88,10
-20.25,136.25,-0.0910403926590723,207.4,0.42590457,510.1654,37,25,89,10
-20.25,136.5,-0.087053593911419,233.1,0.4172302,509.86697,32,27,87,11
-20.25,136.75,-0.0821512510107519,253.6,0.39729333,510.4272,30,28,82,10
-20.25,137.0,-0.0785207769766982,231.0,0.35449123,510.4227,33,30,69,10
-20.25,137.25,-0.0768380265572064,209.2,0.32091728,511.2915,36,31,53,7
-20.25,137.5,-0.0806422716184031,188.4,0.32355875,512.32153,40,29,54,5
-20.25,137.75,-0.0835204278728703,166.3,0.32007203,510.9941,43,28,52,8
-20.25,138.0,-0.0855598639541616,140.4,0.32190925,510.50055,48,27,53,9
-20.25,138.25,-0.0842428943025879,114.5,0.33795872,508.24753,54,28,63,15
-20.25,138.5,-0.0803073434968523,88.7,0.36106804,506.9231,60,29,72,18
-20.25,138.75,-0.0742250210575072,62.9,0.361367,506.73093,67,32,72,18
-20.25,139.0,-0.0713482643832408,37.6,0.37742013,505.9907,75,33,77,20
-20.25,139.25,-0.0690418872228335,13.8,0.372621,505.14685,87,35,75,22
-20.25,139.5,-0.0690379842361878,10.6,0.35828352,505.3572,89,35,71,21
-20.25,139.75,-0.0705223701273401,36.4,0.33438322,505.05762,75,34,61,22
-20.25,140.0,-0.0705425246663036,16.3,0.33625916,506.00098,85,34,62,20
-20.25,140.25,-0.0671454284074051,8.8,0.35001925,507.38525,91,36,68,17
-20.25,140.5,-0.0654727679012077,28.1,0.34442192,508.36774,78,37,65,15
-20.25,140.75,-0.0638987678324892,20.0,0.3464181,509.07117,83,38,66,13
-20.25,141.0,-0.0633805853913405,35.1,0.33928123,509.49414,76,38,63,12
-20.25,141.25,-0.0587128502848957,58.3,0.32371396,510.2852,68,42,54,10
-20.25,141.5,-0.0530599551718859,52.3,0.31741738,511.02963,69,47,50,8
-20.25,141.75,-0.049499952464941,45.3,0.3243305,511.5911,72,52,55,7
-20.25,142.0,-0.046918355895295,44.9,0.3191462,512.2018,72,55,51,5
-20.25,142.25,-0.0447273676749318,45.5,0.30870464,512.27515,72,58,45,5
-20.25,142.5,-0.0403068418354017,47.8,0.29559308,512.861,71,63,39,4
-20.25,142.75,-0.0347926437418555,52.9,0.2745434,512.52704,69,69,32,5
-20.25,143.0,-0.0233550405124246,53.6,0.25820258,512.13776,69,80,28,5
-20.25,143.25,-0.0068007033905901,55.6,0.24950041,511.64304,69,95,26,6
-20.25,143.5,0.0180520638621168,65.5,0.2593164,509.68536,66,85,29,11
-20.25,143.75,0.0440374420334895,69.8,0.27624056,506.35483,65,58,33,19
-20.25,144.0,0.0596568868506611,68.4,0.31084505,502.12427,65,41,46,26
-20.25,144.25,0.066062007640444,67.1,0.33072513,497.5624,65,37,59,32
-20.25,144.5,0.0699140885168509,68.2,0.27715397,491.9852,65,34,33,39
-20.25,144.75,0.073747635677102,61.8,0.23298769,485.94345,67,32,23,45
-20.25,145.0,0.0745654933453936,48.1,0.18489805,479.45264,71,32,16,51
-20.25,145.25,0.068945462856486,33.1,0.14796902,474.39087,76,35,9,55
-20.25,145.5,0.0647795913563597,14.1,0.1324146,471.89304,87,37,7,57
-20.25,145.75,0.0662764172759905,3.7,0.15777586,471.10568,96,37,11,58
-20.25,146.0,0.0667332710276934,1.0,0.1795306,470.22037,99,36,15,59
-20.25,146.25,0.065132435029816,2.0,0.18593286,468.0771,98,37,16,60
-20.25,146.5,0.0605322738848848,23.4,0.18426399,462.90552,81,40,15,65
-20.25,146.75,0.0566569604622643,45.0,0.1640892,459.2131,72,44,12,67
-20.25,147.0,0.0516793597561662,24.5,0.1366833,456.07648,80,49,7,70
-20.25,147.25,0.0446703138827745,12.5,0.11440011,453.90714,88,58,4,71
-20.25,147.5,0.0356352149579574,4.2,0.114890166,451.2883,95,68,5,73
-20.25,147.75,0.0181865743494459,14.8,0.1346621,454.2881,86,85,7,71
-20.25,148.0,0.0081756932062229,4.5,0.14935729,456.36917,95,94,10,69
-20.25,148.25,-0.0077118042812106,8.5,0.17955214,459.46756,91,94,15,67
-20.25,148.5,-0.0178599847391957,3.2,0.2193575,463.16232,96,86,21,64
-20.5,118.0,0.0150034065441494,28.4,0.32215428,513.6102,78,88,53,3
-20.5,118.25,0.0217055883214232,17.2,0.30017623,512.16046,84,82,40,5
-20.5,118.5,0.0296481299967992,0.7,0.28406492,510.24203,99,74,35,10
-20.5,118.75,0.0361289888509504,13.0,0.2748138,510.70828,88,68,32,9
-20.5,119.0,0.0364428082481026,15.8,0.27246547,511.05176,85,67,32,8
-20.5,119.25,0.0328582680473725,19.3,0.26210687,511.43246,83,71,29,7
-20.5,119.5,0.0324746469465372,18.1,0.265539,511.80777,84,72,30,6
-20.5,119.75,0.0338606011432906,16.3,0.27603567,512.41144,85,70,33,5
-20.5,120.0,0.0374691672066027,9.6,0.31055233,511.32468,90,66,46,7
-20.5,120.25,0.0378904989188803,15.8,0.32139912,511.08093,85,66,53,8
-20.5,120.5,0.0384173941668233,41.6,0.33540165,510.0173,73,65,61,11
-20.5,120.75,0.0346299685382594,67.5,0.3349266,510.68176,65,69,61,9
-20.5,121.0,0.0309206952762213,93.4,0.33471504,510.31357,59,73,61,10
-20.5,121.25,0.0267512789439587,119.3,0.34374613,511.00043,53,77,65,8
-20.5,121.5,0.026364098691071,145.2,0.35000357,511.38257,47,77,68,7
-20.5,121.75,0.0288254761225765,171.2,0.34856203,511.39932,43,75,67,7
-20.5,122.0,0.0324176617853698,197.1,0.34512627,511.61304,38,72,66,6
-20.5,122.25,0.0359907092282637,223.0,0.34333783,512.17847,34,68,65,5
-20.5,122.5,0.0357136084232479,249.0,0.33569744,512.1997,30,68,61,5
-20.5,122.75,0.0392207131987171,274.9,0.3321909,512.7988,27,64,59,4
-20.5,123.0,0.0371556504075193,300.8,0.32904702,512.8763,23,67,58,4
-20.5,123.25,0.0365121785484786,326.8,0.3288594,513.6635,20,67,58,3
-20.5,123.5,0.0321218022106525,352.7,0.32248357,514.9416,17,72,54,2
-20.5,123.75,0.0258757820057715,378.6,0.31578118,515.7777,15,78,49,1
-20.5,124.0,0.020781315080378,404.6,0.30804998,516.6412,13,82,44,1
-20.5,124.25,0.0166741323178376,430.5,0.3154907,516.2558,11,87,49,1
-20.5,124.5,0.0147681450105405,456.4,0.3217737,516.01575,9,88,53,1
-20.5,124.75,0.0140560758190986,482.3,0.31568277,516.02655,8,89,49,1
-20.5,125.0,0.0165144196561803,508.3,0.31066188,515.93286,6,87,46,1
-20.5,125.25,0.0182588739664338,534.2,0.31316733,515.66113,5,85,48,1
-20.5,125.5,0.0140235768586751,518.9,0.31011444,514.57227,6,89,46,2
-20.5,125.75,0.0110759946506559,503.7,0.31329593,513.5668,7,92,48,3
-20.5,126.0,0.0078429923290275,489.6,0.31372204,512.5411,7,94,48,5
-20.5,126.25,-0.000482973192508,476.4,0.3110561,511.42447,8,100,46,7
-20.5,126.5,-0.0097871274598652,464.4,0.31742424,511.98093,9,92,50,6
-20.5,126.75,-0.0140183724839949,453.6,0.31113628,511.96216,10,89,46,6
-20.5,127.0,-0.0131796854725551,444.1,0.3052321,512.80505,10,90,43,4
-20.5,127.25,-0.017378737655374,436.0,0.3060002,512.931,11,86,43,4
-20.5,127.5,-0.0266343450791845,429.3,0.32339674,513.4095,11,77,54,3
-20.5,127.75,-0.0362503114112076,424.2,0.34729588,512.98254,12,68,67,4
-20.5,128.0,-0.0399032743704516,420.7,0.3537475,512.3237,12,63,69,5
-20.5,128.25,-0.0336550107691437,418.7,0.33968842,512.3662,12,70,63,5
-20.5,128.5,-0.0265926577716267,418.3,0.31745496,512.2706,12,77,50,5
-20.5,128.75,-0.0232623651413069,419.7,0.315698,511.21268,12,80,49,7
-20.5,129.0,-0.0223507168812267,422.6,0.32154965,511.2291,12,81,53,7
-20.5,129.25,-0.0221046134696475,427.2,0.31010294,511.70758,11,81,46,6
-20.5,129.5,-0.0200213866818341,433.3,0.2983036,511.66464,11,83,40,6
-20.5,129.75,-0.0212098047192696,440.4,0.31388682,511.88876,10,82,48,6
-20.5,130.0,-0.028559134319602,415.3,0.3240875,511.96652,12,75,55,6
-20.5,130.25,-0.0368046934621621,390.4,0.33410054,511.59128,14,67,60,7
-20.5,130.5,-0.0458579272314507,365.7,0.34763056,511.13232,16,56,67,8
-20.5,130.75,-0.0562629058025777,341.1,0.3547329,510.62903,19,44,70,9
-20.5,131.0,-0.0679475517366968,316.8,0.3586865,510.5431,21,35,71,9
-20.5,131.25,-0.077581662480675,292.8,0.36126697,510.39502,24,30,72,10
-20.5,131.5,-0.0829668636489216,269.1,0.36984417,510.1808,27,28,75,10
-20.5,131.75,-0.0902661924078572,245.9,0.36651027,510.60422,31,25,74,9
-20.5,132.0,-0.0901627698381032,223.4,0.36560348,510.50726,34,25,73,9
-20.5,132.25,-0.0953426737487981,201.7,0.37680262,511.39536,37,24,77,7
-20.5,132.5,-0.0956809841772718,178.8,0.39367,511.11444,41,24,81,8
-20.5,132.75,-0.0969749299188455,153.0,0.39688495,510.32968,46,24,82,10
-20.5,133.0,-0.09947643009724,127.2,0.39019668,509.755,51,23,80,11
-20.5,133.25,-0.1004053182506357,101.5,0.40275922,509.60217,57,23,83,12
-20.5,133.5,-0.1039085039070674,75.9,0.41042313,509.1776,63,22,85,13
-20.5,133.75,-0.1032086749605479,50.6,0.41673347,508.9552,70,22,87,13
-20.5,134.0,-0.0997624710945057,26.2,0.4249604,509.1462,79,23,89,13
-20.5,134.25,-0.0941012006785188,0.5,0.44268373,508.90582,100,24,93,13
-20.5,134.5,-0.0949964849400289,23.6,0.44409138,510.73026,81,24,94,9
-20.5,134.75,-0.0977800024019199,49.3,0.43040043,510.64423,70,23,91,9
-20.5,135.0,-0.1012760819300421,75.2,0.4127771,511.37338,63,23,86,7
-20.5,135.25,-0.1036325679033152,101.1,0.42853665,512.0916,57,22,90,5
-20.5,135.5,-0.1046981184583966,127.1,0.43961895,512.38605,51,22,93,5
-20.5,135.75,-0.1046250487832973,153.0,0.43268862,511.37616,46,22,91,7
-20.5,136.0,-0.0978384047854758,178.9,0.42629516,511.0511,41,23,90,8
-20.5,136.25,-0.093966680905959,204.8,0.423886,511.06445,37,24,89,8
-20.5,136.5,-0.0882191878255634,230.7,0.42029622,511.11713,33,26,88,8
-20.5,136.75,-0.0839560183607751,256.7,0.395459,510.05664,29,28,82,11
-20.5,137.0,-0.0776609340588384,246.5,0.35544497,509.9376,31,30,70,11
-20.5,137.25,-0.075174551275337,221.2,0.31780642,509.96396,34,31,50,11
-20.5,137.5,-0.0775820561662493,195.7,0.32045272,511.1038,39,30,52,8
-20.5,137.75,-0.0810270833516759,170.3,0.33736196,511.3776,43,29,62,7
-20.5,138.0,-0.082470366119274,145.1,0.3319814,510.81027,47,28,59,9
-20.5,138.25,-0.0832159525958732,120.3,0.33722344,510.03915,53,28,62,11
-20.5,138.5,-0.0800765704696199,96.1,0.34940597,508.96716,58,29,68,13
-20.5,138.75,-0.0735796599028011,70.8,0.3748239,508.3906,64,32,76,15
-20.5,139.0,-0.071043352246107,45.7,0.38717288,507.28848,72,33,79,17
-20.5,139.25,-0.0734813388259637,20.2,0.39000118,506.55154,83,32,80,19
-20.5,139.5,-0.0774278484417923,4.5,0.36775455,505.73627,95,31,74,20
-20.5,139.75,-0.0795734885104355,22.7,0.34655184,505.54797,81,30,66,21
-20.5,140.0,-0.079155421971033,21.8,0.3419224,505.4373,82,30,64,21
-20.5,140.25,-0.0757971371213595,2.0,0.34734195,506.745,98,31,67,18
-20.5,140.5,-0.0717320265647556,3.4,0.3551266,507.74768,96,33,70,16
-20.5,140.75,-0.0709732875797531,7.4,0.34931844,508.36554,92,33,68,15
-20.5,141.0,-0.0688947878644934,29.8,0.3442493,510.14377,78,35,65,10
-20.5,141.25,-0.0647863582824356,54.7,0.3241436,511.6224,69,37,55,6
-20.5,141.5,-0.0581379666519794,31.3,0.32063368,510.95532,77,42,52,8
-20.5,141.75,-0.0543931942943128,17.6,0.32683513,511.29968,84,46,56,7
-20.5,142.0,-0.0520951438972371,17.1,0.32551348,511.947,85,48,56,6
-20.5,142.25,-0.0500154951576232,17.7,0.32318008,512.3135,84,51,54,5
-20.5,142.5,-0.0440737540911262,20.2,0.3087674,513.0826,83,58,45,4
-20.5,142.75,-0.036949869134419,25.1,0.30183357,513.6888,80,67,41,3
-20.5,143.0,-0.0274181153932918,25.8,0.27916628,513.20264,79,76,33,3
-20.5,143.25,-0.0154599841362574,28.8,0.27732143,513.1968,78,88,33,3
-20.5,143.5,0.0048199993225612,38.4,0.27745417,511.1327,74,96,33,8
-20.5,143.75,0.0329268125795005,42.1,0.26523608,507.8814,73,71,30,16
-20.5,144.0,0.0557737939503221,40.6,0.28325325,504.11462,73,44,34,24
-20.5,144.25,0.0697591555182866,39.5,0.3100644,500.58182,74,34,45,28
-20.5,144.5,0.0785435732321015,41.2,0.29770336,496.80432,73,30,39,33
-20.5,144.75,0.083113003279695,35.0,0.2504351,491.11334,76,28,26,40
-20.5,145.0,0.0872736209055541,27.4,0.22223504,484.30057,79,26,21,47
-20.5,145.25,0.0807146626369406,10.3,0.1722004,479.35263,90,29,13,51
-20.5,145.5,0.0712685291533402,3.4,0.15418898,476.1502,96,33,10,54
-20.5,145.75,0.0738646820276266,14.0,0.17239846,475.1537,87,32,14,55
-20.5,146.0,0.0739648513473747,25.6,0.18934463,473.78296,80,32,16,56
-20.5,146.25,0.0729077734407924,10.5,0.1983715,471.8223,89,33,18,57
-20.5,146.5,0.0696060646768836,7.4,0.19265467,467.52783,92,34,17,61
-20.5,146.75,0.0646726105650443,32.7,0.18386325,465.40628,76,38,15,63
-20.5,147.0,0.0564345207652964,36.4,0.1533631,462.08344,75,44,10,65
-20.5,147.25,0.0478996575920886,11.5,0.14131905,458.94354,89,54,8,67
-20.5,147.5,0.0369392554480804,9.4,0.13364135,456.459,90,67,7,69
-20.5,147.75,0.0286572969867847,0.4,0.1330327,451.8064,100,75,7,73
-20.5,148.0,0.0168829150497913,6.0,0.13349822,452.4028,93,86,7,72
-20.5,148.25,0.0008024264027231,10.3,0.1173082,451.81516,90,100,5,73
-20.5,148.5,-0.0094009482761889,9.3,0.12429232,457.20874,90,93,6,69
-20.75,116.75,0.0200727613504915,0.1,0.34457755,521.3919,100,83,66,1
-20.75,117.0,0.0214383343715564,0.2,0.34231737,520.1984,100,82,65,1
-20.75,117.25,0.0178277712537064,9.8,0.32841992,519.7547,90,86,57,1
-20.75,117.5,0.015970428881701,16.7,0.30563706,517.0414,85,87,43,1
-20.75,117.75,0.0195372725166158,7.7,0.28718787,514.27905,92,84,36,2
-20.75,118.0,0.0244562123691485,1.5,0.2854779,512.43256,98,79,35,5
-20.75,118.25,0.0304679711371482,6.4,0.28897598,510.03784,93,73,36,11
-20.75,118.5,0.0386826237197965,20.6,0.28011462,508.41754,82,65,34,15
-20.75,118.75,0.0399211221995453,38.5,0.27222937,508.15308,74,63,32,15
-20.75,119.0,0.0370426551128427,43.5,0.27829736,508.22314,72,67,33,15
-20.75,119.25,0.0353276590439712,46.3,0.27608448,508.56216,72,69,33,14
-20.75,119.5,0.0344333399796769,45.8,0.27643073,508.58936,72,70,33,14
-20.75,119.75,0.0363319434477792,43.7,0.28167737,509.75394,72,68,34,11
-20.75,120.0,0.0364402485146586,32.3,0.29364133,510.2386,77,67,38,10
-20.75,120.25,0.0353363944328434,34.3,0.3063988,509.0783,76,69,43,13
-20.75,120.5,0.0329199476001252,51.5,0.30879954,509.3112,70,71,45,12
-20.75,120.75,0.0310770576598034,74.0,0.30908206,510.61874,64,73,45,9
-20.75,121.0,0.0285259459805231,98.1,0.32114255,510.95096,58,75,53,8
-20.75,121.25,0.0272190948737607,123.0,0.33869523,511.2735,52,77,63,7
-20.75,121.5,0.0310439322720326,148.2,0.35254073,511.40643,47,73,69,7
-20.75,121.75,0.0360709093422407,173.7,0.35290775,511.67825,42,68,69,6
-20.75,122.0,0.0423643441693413,199.2,0.34859014,511.60684,38,61,67,7
-20.75,122.25,0.0457340081954108,224.9,0.34219068,512.06647,34,56,64,5
-20.75,122.5,0.0466198325645001,250.6,0.338561,511.99625,30,55,63,6
-20.75,122.75,0.0454924596950323,276.3,0.3338897,511.62048,26,57,60,6
-20.75,123.0,0.0425680105480188,302.0,0.3280204,511.5188,23,60,57,7
-20.75,123.25,0.0399150179572946,327.8,0.32384363,512.4277,20,63,55,5
-20.75,123.5,0.0355069961421014,353.6,0.31751782,513.8199,17,68,50,3
-20.75,123.75,0.0305438032562267,379.5,0.3110242,515.7488,15,73,46,1
-20.75,124.0,0.0257750032824419,405.3,0.31204203,516.7362,13,78,47,1
-20.75,124.25,0.0201414057774291,431.1,0.32399678,516.31366,11,83,55,1
-20.75,124.5,0.0143428125030671,457.0,0.32436752,516.2699,9,89,55,1
-20.75,124.75,0.0122104399998317,482.8,0.31664717,516.67737,8,91,50,1
-20.75,125.0,0.0126555810161378,508.7,0.31212518,516.7892,6,90,47,1
-20.75,125.25,0.0125869335946542,534.5,0.31587258,515.79987,5,90,49,1
-20.75,125.5,0.010569354272004,541.4,0.32584333,514.26025,5,92,56,2
-20.75,125.75,0.0068333788131851,526.9,0.334137,513.0534,5,95,60,4
-20.75,126.0,0.003327259635331,513.4,0.3344542,512.3358,6,98,61,5
-20.75,126.25,-0.0025803708005696,500.9,0.31903595,510.42905,7,98,51,10
-20.75,126.5,-0.0116866255791613,489.6,0.313534,510.50717,7,91,48,9
-20.75,126.75,-0.0155661342701586,479.3,0.3223481,511.2046,8,88,53,8
-20.75,127.0,-0.0144665694462933,470.4,0.31639424,512.01776,8,89,50,6
-20.75,127.25,-0.0176269962967905,462.7,0.30549222,512.7061,9,86,43,4
-20.75,127.5,-0.0291854143559855,456.5,0.31869304,513.1068,9,75,51,4
-20.75,127.75,-0.0405066128409955,451.7,0.33732888,513.4417,10,63,62,3
-20.75,128.0,-0.043948506559467,448.4,0.35505876,513.3266,10,59,70,3
-20.75,128.25,-0.0366169729480697,446.5,0.35184973,513.35095,10,67,68,3
-20.75,128.5,-0.0289604986042139,446.2,0.3335344,512.4187,10,75,60,5
-20.75,128.75,-0.0263248658129235,447.4,0.3228504,511.6358,10,77,54,6
-20.75,129.0,-0.0270612619285072,450.2,0.31909874,511.71533,10,77,51,6
-20.75,129.25,-0.0275790026766203,454.5,0.31370437,512.59155,10,76,48,5
-20.75,129.5,-0.0277561790088102,460.2,0.3135483,513.1078,9,76,48,4
-20.75,129.75,-0.028490704852378,448.2,0.32442814,513.3201,10,75,55,3
-20.75,130.0,-0.0312347075103649,423.7,0.33782682,511.87018,12,73,62,6
-20.75,130.25,-0.0367759256911951,399.3,0.3449667,510.86377,13,67,66,8
-20.75,130.5,-0.0441272551814715,375.2,0.3510182,510.4988,15,58,68,9
-20.75,130.75,-0.0547224361660136,351.4,0.3562741,510.00717,18,45,70,11
-20.75,131.0,-0.0708185175866154,327.9,0.36451852,510.0783,20,34,73,10
-20.75,131.25,-0.0844884063826785,304.8,0.37610447,508.9295,23,28,76,13
-20.75,131.5,-0.0916841938434767,281.0,0.3840134,508.973,26,25,79,13
-20.75,131.75,-0.0923655180593154,255.3,0.38549167,508.7795,29,25,79,14
-20.75,132.0,-0.0908171842506687,229.5,0.37779844,508.59512,33,25,77,14
-20.75,132.25,-0.0920291639165952,203.8,0.3722684,508.7486,37,25,75,14
-20.75,132.5,-0.0931955077042359,178.2,0.3816068,508.71417,41,24,78,14
-20.75,132.75,-0.0931910969826969,152.6,0.4000946,508.43076,46,24,83,15
-20.75,133.0,-0.094761026698342,127.0,0.40381724,508.72092,51,24,84,14
-20.75,133.25,-0.0976218280277126,101.3,0.40453708,508.50668,57,23,84,14
-20.75,133.5,-0.0998912521471668,75.8,0.40284944,508.35193,63,23,83,15
-20.75,133.75,-0.1006129365857868,50.5,0.41289973,508.44943,70,23,86,14
-20.75,134.0,-0.0990521204408391,25.1,0.43158916,508.62988,80,23,91,14
-20.75,134.25,-0.0950118776765607,0.4,0.44308698,509.28085,100,24,94,12
-20.75,134.5,-0.0916439318319871,26.3,0.45075798,509.8629,79,25,95,11
-20.75,134.75,-0.0943171883040728,52.1,0.4476015,510.48898,70,24,95,9
-20.75,135.0,-0.0993731796436588,78.0,0.42973918,511.1428,62,23,90,8
-20.75,135.25,-0.1028680792799042,103.6,0.43924648,512.0474,56,22,92,6
-20.75,135.5,-0.1043249431870035,129.0,0.44325176,512.32764,51,22,94,5
-20.75,135.75,-0.1021400220029699,154.6,0.42837754,512.14307,46,22,90,5
-20.75,136.0,-0.0970754067174788,180.3,0.4238858,512.31726,41,24,89,5
-20.75,136.25,-0.0939264499826268,206.0,0.42867398,511.73328,37,24,90,6
-20.75,136.5,-0.090719413710758,231.7,0.4187233,511.37915,33,25,87,7
-20.75,136.75,-0.0839485907949329,257.5,0.38533142,509.65536,29,28,79,11
-20.75,137.0,-0.0777752570272458,252.4,0.35085756,509.28198,30,30,68,12
-20.75,137.25,-0.0740242524089158,227.5,0.3241417,509.48892,33,32,55,12
-20.75,137.5,-0.0748505683482757,202.8,0.32381067,510.85236,37,32,55,9
-20.75,137.75,-0.0782839228798236,177.7,0.34793597,511.36868,42,30,67,7
-20.75,138.0,-0.0795925231517425,151.8,0.3491987,511.0233,46,30,67,8
-20.75,138.25,-0.079469478928617,126.0,0.342315,510.94824,51,30,64,8
-20.75,138.5,-0.0776135044255559,100.1,0.35125542,510.67468,57,30,68,9
-20.75,138.75,-0.0735691571070457,74.2,0.37338465,510.39783,64,32,76,10
-20.75,139.0,-0.0725274839887528,48.4,0.39387113,508.8353,71,33,81,14
-20.75,139.25,-0.0750475418909142,22.5,0.40199986,508.21085,81,32,83,15
-20.75,139.5,-0.0803416208940602,0.4,0.3918576,506.0961,100,29,81,20
-20.75,139.75,-0.0841138458417152,1.1,0.3785871,506.2215,99,28,77,19
-20.75,140.0,-0.0830980542969579,4.4,0.3593528,505.60464,95,28,71,21
-20.75,140.25,-0.0778563810375219,0.4,0.34349027,506.12482,100,30,65,20
-20.75,140.5,-0.0751063843922955,4.0,0.35425985,506.46417,95,32,69,19
-20.75,140.75,-0.0756988980764596,26.3,0.36714885,508.09406,79,31,74,15
-20.75,141.0,-0.074159176887146,45.2,0.35104018,510.5162,72,32,68,9
-20.75,141.25,-0.0682022211996982,52.6,0.32969263,512.2414,69,35,58,5
-20.75,141.5,-0.0633482659058201,27.6,0.32815453,511.1326,79,38,57,8
-20.75,141.75,-0.0592322477976614,9.9,0.33011392,511.09827,90,41,58,8
-20.75,142.0,-0.0561334495702231,10.7,0.33115524,511.83554,89,44,59,6
-20.75,142.25,-0.0533455842884168,10.0,0.3287284,512.2315,90,47,58,5
-20.75,142.5,-0.0460708565106393,6.3,0.32432622,513.0553,93,56,55,4
-20.75,142.75,-0.0378917437734171,2.6,0.3227116,513.5348,97,66,54,3
-20.75,143.0,-0.0318317677914386,2.1,0.32106712,513.5304,98,72,53,3
-20.75,143.25,-0.0233908501739192,4.7,0.31833878,513.7836,94,80,51,3
-20.75,143.5,-0.0094164589131694,11.4,0.30843106,512.1356,89,93,44,5
-20.75,143.75,0.0141958322009443,14.5,0.2795655,509.04745,86,89,33,13
-20.75,144.0,0.0407968999321816,12.9,0.27665713,505.87946,88,62,33,20
-20.75,144.25,0.0623528612799765,12.4,0.29897177,503.22803,88,39,40,25
-20.75,144.5,0.0744890829675742,13.7,0.29722422,500.2196,87,32,39,29
-20.75,144.75,0.0827606134188716,8.1,0.27977645,495.90216,91,28,33,34
-20.75,145.0,0.0904484479288969,1.1,0.24548778,489.319,99,25,25,42
-20.75,145.25,0.0873334663654012,4.7,0.2169501,483.98914,94,26,20,47
-20.75,145.5,0.0781380137367661,24.5,0.1962446,480.06476,80,30,17,50
-20.75,145.75,0.0723529322183735,38.7,0.18429059,478.33588,74,33,15,52
-20.75,146.0,0.0689702939935072,48.5,0.18462916,476.79984,71,35,16,53
-20.75,146.25,0.0683183439441823,30.8,0.195492,475.5765,77,35,17,54
-20.75,146.5,0.0650617502683807,25.4,0.19090845,472.57114,80,37,16,57
-20.75,146.75,0.0611740392871156,40.8,0.18216817,469.87927,73,40,15,59
-20.75,147.0,0.0598778796271376,49.1,0.18445756,467.43686,70,41,16,61
-20.75,147.25,0.0530757507941286,35.0,0.18345731,464.5625,76,47,15,63
-20.75,147.5,0.039991001249291,33.8,0.15858656,460.974,76,63,11,66
-20.75,147.75,0.0304331487127845,13.6,0.13386236,455.31494,87,73,7,70
-20.75,148.0,0.0211899148585784,4.1,0.13345267,449.22156,95,82,7,75
-20.75,148.25,0.003874260893402,27.7,0.110115424,444.76617,79,97,4,77
-20.75,148.5,-0.0087640194821038,16.7,0.09725632,448.5363,85,93,3,75
-20.75,148.75,-0.0113093681417272,4.3,0.16176122,452.1839,95,91,12,73
-21.0,116.25,0.0306931091600009,50.5,0.3270121,518.1206,70,73,57,1
-21.0,116.5,0.0323645397466385,27.0,0.3305306,518.88806,79,72,59,1
-21.0,116.75,0.0375457544758405,7.9,0.3315234,518.9153,91,66,59,1
-21.0,117.0,0.03808375477813,0.8,0.316074,517.57715,99,66,49,1
-21.0,117.25,0.0348851904134443,15.8,0.28358912,517.8888,85,69,34,1
-21.0,117.5,0.0327333650514317,8.6,0.26465416,515.9028,91,71,30,1
-21.0,117.75,0.0328593591283563,18.7,0.26203543,513.9561,84,71,29,3
-21.0,118.0,0.0322743643119576,26.2,0.27289826,510.02975,79,72,32,11
-21.0,118.25,0.0363554991515619,32.7,0.2869484,508.04074,76,67,35,16
-21.0,118.5,0.0420459106958116,41.7,0.28388458,507.0468,73,61,35,18
-21.0,118.75,0.0403498409715082,58.5,0.2797487,507.22165,68,63,33,17
-21.0,119.0,0.0381108567135275,71.2,0.28963637,507.04523,64,66,36,18
-21.0,119.25,0.0408724626127098,73.9,0.29421976,506.8126,64,62,38,18
-21.0,119.5,0.0428478661170672,73.6,0.28931364,506.66983,64,60,36,19
-21.0,119.75,0.04326448652982,68.8,0.29522142,507.71707,65,59,38,16
-21.0,120.0,0.0396166468748734,59.4,0.31105566,509.5272,67,64,46,12
-21.0,120.25,0.0351036501006178,60.5,0.3226507,508.09985,67,69,54,15
-21.0,120.5,0.0312168621338926,71.6,0.3220586,508.92386,64,73,53,13
-21.0,120.75,0.029917568190112,89.1,0.3143876,509.40445,60,74,48,12
-21.0,121.0,0.0318433104831326,110.0,0.32402667,509.9138,55,72,55,11
-21.0,121.25,0.0310534977642375,132.6,0.33926347,510.31226,50,73,63,10
-21.0,121.5,0.0345245364166441,156.2,0.35200065,511.46307,45,69,68,7
-21.0,121.75,0.0403752578433514,180.5,0.34729314,511.79654,41,63,67,6
-21.0,122.0,0.045829793635667,205.2,0.34358084,511.12552,37,56,65,8
-21.0,122.25,0.0497498121594877,230.1,0.34259328,511.69824,33,51,65,6
-21.0,122.5,0.0496107724872196,255.2,0.34371263,511.72897,29,52,65,6
-21.0,122.75,0.0473127324799341,280.5,0.33522025,510.97623,26,54,61,8
-21.0,123.0,0.0450289752023915,305.8,0.32619017,509.90356,23,57,56,11
-21.0,123.25,0.0415796853856937,331.3,0.32256362,511.21143,20,62,54,8
-21.0,123.5,0.038105944037393,356.8,0.318199,512.2345,17,66,51,5
-21.0,123.75,0.0350381716004838,382.3,0.31594315,514.00665,15,69,49,3
-21.0,124.0,0.0290734961983703,407.9,0.32120982,515.1297,13,75,53,2
-21.0,124.25,0.0235802679921367,433.5,0.32415554,516.296,11,80,55,1
-21.0,124.5,0.0159695470190074,459.2,0.3242429,517.11414,9,87,55,1
-21.0,124.75,0.0140288111433619,484.9,0.32459626,517.63025,8,89,55,1
-21.0,125.0,0.0140033832877331,510.6,0.31876656,517.5254,6,89,51,1
-21.0,125.25,0.012006009795836,536.3,0.31992784,516.1368,5,91,52,1
-21.0,125.5,0.0047221742814318,562.0,0.33196738,514.6428,4,96,59,2
-21.0,125.75,-0.0025113366594138,550.6,0.34946805,513.38684,4,98,68,3
-21.0,126.0,-0.0054903818682457,537.7,0.36377648,512.80005,5,96,73,4
-21.0,126.25,-0.007914824083647,525.8,0.34664804,511.0728,5,94,67,8
-21.0,126.5,-0.0156193934297854,515.0,0.3294711,510.789,6,88,58,9
-21.0,126.75,-0.0199405140803372,505.3,0.3449134,510.72794,6,83,66,9
-21.0,127.0,-0.0205765954107933,496.8,0.34098303,511.3891,7,83,64,7
-21.0,127.25,-0.0247653002121729,489.6,0.31585795,511.90253,7,79,49,6
-21.0,127.5,-0.0338863104360089,483.7,0.31093395,512.4267,8,70,46,5
-21.0,127.75,-0.0417634515424392,479.2,0.3380031,512.3805,8,61,63,5
-21.0,128.0,-0.0434822457454477,476.1,0.3655555,512.2,8,59,73,5
-21.0,128.25,-0.0363045939964996,474.3,0.35055503,512.7993,8,68,68,4
-21.0,128.5,-0.0320883314607531,474.0,0.31873545,512.60846,8,72,51,4
-21.0,128.75,-0.0324705570071403,475.2,0.3060844,512.3008,8,72,43,5
-21.0,129.0,-0.0343177396404956,477.8,0.3272168,512.99963,8,70,57,4
-21.0,129.25,-0.0354703960851544,481.8,0.3347814,513.3899,8,68,61,3
-21.0,129.5,-0.0364636880389991,481.7,0.3400078,513.264,8,67,63,3
-21.0,129.75,-0.0364282541985934,457.6,0.34143385,513.3645,9,67,64,3
-21.0,130.0,-0.0375889907347127,433.6,0.34025478,511.84857,11,66,63,6
-21.0,130.25,-0.0391584630944721,408.9,0.34072852,511.0176,13,64,64,8
-21.0,130.5,-0.0458941222808789,383.1,0.3472019,510.4637,15,56,67,10
-21.0,130.75,-0.0533072691768341,357.2,0.3616283,509.7223,17,47,72,11
-21.0,131.0,-0.0672431058815813,331.4,0.3747037,509.0701,20,36,76,13
-21.0,131.25,-0.0828546737794697,305.6,0.38595936,508.23135,23,28,79,15
-21.0,131.5,-0.091839686184678,279.8,0.3916303,507.84494,26,25,81,16
-21.0,131.75,-0.0930133836277361,253.9,0.39319754,508.1241,30,25,81,15
-21.0,132.0,-0.0910969283109547,228.1,0.39166722,507.53934,33,25,81,17
-21.0,132.25,-0.0900016176436717,202.3,0.37401253,507.52313,37,25,76,17
-21.0,132.5,-0.087667446165523,176.5,0.35549146,507.12576,42,26,70,18
-21.0,132.75,-0.0886447311336052,150.7,0.3838023,506.5278,46,26,78,19
-21.0,133.0,-0.0907807435330358,124.8,0.38695708,506.46835,52,25,79,19
-21.0,133.25,-0.0906449075976741,99.0,0.3611371,506.65686,58,25,72,19
-21.0,133.5,-0.094835898016269,73.2,0.36617866,507.10516,64,24,74,18
-21.0,133.75,-0.0981772090707506,47.5,0.39538223,507.31418,71,23,81,17
-21.0,134.0,-0.1002887440302098,21.9,0.41812152,507.84686,82,23,87,16
-21.0,134.25,-0.0978012979317489,6.0,0.4325296,509.4997,93,23,91,12
-21.0,134.5,-0.0919271656877494,30.3,0.44019502,509.4936,77,25,93,12
-21.0,134.75,-0.0922016941981079,55.3,0.4471222,510.20123,69,25,94,10
-21.0,135.0,-0.0936782095470421,80.3,0.44139886,510.38107,62,24,93,10
-21.0,135.25,-0.0962648768432527,105.6,0.43175143,511.05087,56,24,91,8
-21.0,135.5,-0.097263161854131,131.2,0.42217246,511.88297,50,24,88,6
-21.0,135.75,-0.096519965979193,156.9,0.408915,512.41296,45,24,85,5
-21.0,136.0,-0.0949757860557708,182.6,0.41949633,512.8709,41,24,88,4
-21.0,136.25,-0.0944178102798538,208.3,0.43205547,512.7486,36,24,91,4
-21.0,136.5,-0.0917373301389272,234.1,0.41181204,511.71777,32,25,86,6
-21.0,136.75,-0.0848416714679582,259.8,0.38353547,511.00867,29,27,78,8
-21.0,137.0,-0.0794420224780749,256.8,0.35441956,509.49805,29,30,69,12
-21.0,137.25,-0.0747694868195269,231.2,0.34719458,510.1379,33,32,67,10
-21.0,137.5,-0.0750876315425904,205.5,0.34161127,510.6925,37,32,64,9
-21.0,137.75,-0.0786020174356443,180.0,0.35911718,510.96683,41,30,71,8
-21.0,138.0,-0.079614136274904,154.6,0.355651,510.9165,46,29,70,8
-21.0,138.25,-0.0790288804730932,129.3,0.34298462,511.11798,51,30,65,8
-21.0,138.5,-0.0778637359983154,104.3,0.35406578,511.22833,56,30,69,7
-21.0,138.75,-0.0761743203714667,79.5,0.37584764,510.55545,62,31,76,9
-21.0,139.0,-0.0748335026409698,55.4,0.40174368,509.82178,69,32,83,11
-21.0,139.25,-0.0764008569531142,34.1,0.4209525,509.2897,76,31,88,12
-21.0,139.5,-0.080785630875644,24.2,0.42279774,507.39993,80,29,88,17
-21.0,139.75,-0.0814927926591952,26.8,0.3996131,506.40134,79,29,83,19
-21.0,140.0,-0.0794957984460606,22.5,0.36101046,506.45682,81,30,72,19
-21.0,140.25,-0.0778356267266818,26.2,0.35611564,506.1107,79,30,70,20
-21.0,140.5,-0.0757749714932981,31.7,0.37368226,505.78085,77,31,76,20
-21.0,140.75,-0.0790808127483441,41.2,0.39472553,507.308,73,30,81,17
-21.0,141.0,-0.0778575207095682,60.9,0.36172476,510.20895,67,30,72,10
-21.0,141.25,-0.071131231325368,64.0,0.32829303,511.65335,66,33,57,6
-21.0,141.5,-0.0660775834805376,45.7,0.3306589,511.15805,72,37,59,8
-21.0,141.75,-0.0630759379596427,37.8,0.33365932,511.4087,74,39,60,7
-21.0,142.0,-0.0596589138953103,38.6,0.337527,511.51782,74,41,62,7
-21.0,142.25,-0.0561855326384483,37.8,0.3351276,511.47183,74,44,61,7
-21.0,142.5,-0.0492570416336613,32.8,0.3322509,512.11084,76,52,60,5
-21.0,142.75,-0.0405253538540342,30.4,0.3399456,512.58826,77,63,63,5
-21.0,143.0,-0.0344775904701756,29.9,0.34425312,512.67975,77,69,65,4
-21.0,143.25,-0.0283943264124294,22.0,0.3455176,512.98254,82,75,66,4
-21.0,143.5,-0.0180823599350073,16.2,0.33164936,512.1786,85,85,59,5
-21.0,143.75,-0.0025564283889252,13.1,0.31269136,510.62488,88,98,47,9
-21.0,144.0,0.0226057894051163,5.7,0.31232876,507.5427,93,81,47,17
-21.0,144.25,0.0464699379301496,13.7,0.33189207,504.45148,87,55,59,23
-21.0,144.5,0.0636412865105306,13.1,0.32826787,502.4595,88,38,57,26
-21.0,144.75,0.0773442881248359,15.4,0.296477,498.0723,86,31,39,31
-21.0,145.0,0.0861338047887243,22.2,0.26573893,493.4145,81,27,30,38
-21.0,145.25,0.0868032896070785,29.4,0.24689253,488.30975,78,27,26,43
-21.0,145.5,0.0786396201738777,42.6,0.23306853,483.69495,73,30,23,47
-21.0,145.75,0.0699440208308044,61.9,0.20458736,481.58124,67,34,18,49
-21.0,146.0,0.0638745539888207,68.8,0.19083883,479.57465,65,38,16,51
-21.0,146.25,0.0577760556928946,55.6,0.19314796,477.77435,69,43,17,52
-21.0,146.5,0.0551011829562152,52.8,0.19348165,475.61124,69,45,17,54
-21.0,146.75,0.053639284923182,52.2,0.19302471,473.68433,69,47,17,56
-21.0,147.0,0.0565257434511468,28.5,0.19802247,471.52472,78,44,18,58
-21.0,147.25,0.0589964992566993,13.3,0.22887762,468.3199,87,42,22,60
-21.0,147.5,0.0512361750998977,26.5,0.20357135,463.70892,79,49,18,64
-21.0,147.75,0.0392060623293911,8.3,0.15236041,457.61313,91,64,10,69
-21.0,148.0,0.0200880389860165,9.3,0.13106048,450.9581,90,83,6,73
-21.0,148.25,0.0028199364375766,11.7,0.1127632,445.83337,89,98,4,77
-21.0,148.5,-0.0032995554862455,20.7,0.07032993,440.8987,82,98,1,80
-21.0,148.75,-0.0055671037584986,0.2,0.07097263,445.18353,100,96,1,77
-21.0,149.0,-0.0061022902221468,4.0,0.19760865,445.13312,95,95,17,77
-21.25,116.0,0.046023847923858,67.7,0.3108238,514.8038,65,56,46,2
-21.25,116.25,0.0440503664198331,52.7,0.3045137,513.7521,69,58,42,3
-21.25,116.5,0.044726840729293,38.0,0.31794912,511.74777,74,58,51,6
-21.25,116.75,0.0457298896907429,15.4,0.34091082,510.52094,86,56,64,9
-21.25,117.0,0.0445940053356545,2.0,0.3357058,510.5627,98,58,61,9
-21.25,117.25,0.0424628831972811,25.1,0.30294225,510.37967,80,60,42,10
-21.25,117.5,0.0425693653169132,36.5,0.29176664,509.65018,75,60,37,11
-21.25,117.75,0.0402088601074259,42.6,0.28640094,508.87543,73,63,35,14
-21.25,118.0,0.0386853285599499,53.4,0.27606267,508.71564,69,65,33,14
-21.25,118.25,0.0398165653271245,59.0,0.27762982,506.4705,68,64,33,19
-21.25,118.5,0.0454114678448864,67.5,0.27779025,507.64246,65,57,33,16
-21.25,118.75,0.0455952719136673,79.0,0.28461567,506.8798,62,56,35,18
-21.25,119.0,0.0443846688339752,96.2,0.30078116,505.806,58,58,41,20
-21.25,119.25,0.0433447342144236,101.5,0.3010103,506.03873,57,59,41,20
-21.25,119.5,0.0461425046658232,101.5,0.29564652,506.42426,57,56,39,19
-21.25,119.75,0.0425001775114131,93.6,0.3058653,506.80798,59,60,43,18
-21.25,120.0,0.0377007823570498,87.0,0.3332476,509.35547,60,66,60,12
-21.25,120.25,0.0330184940536994,87.7,0.34631422,509.03122,60,71,66,13
-21.25,120.5,0.0308175081342813,95.7,0.33894864,508.2935,58,73,63,15
-21.25,120.75,0.031883277311655,109.4,0.33000872,508.51096,55,72,58,14
-21.25,121.0,0.0334378730982453,126.9,0.3304211,509.31152,51,71,59,12
-21.25,121.25,0.032779596231523,146.9,0.34283137,509.8821,47,71,65,11
-21.25,121.5,0.0339311123404297,168.5,0.34764716,511.27762,43,70,67,7
-21.25,121.75,0.0405192336933396,191.2,0.33093536,511.4785,39,63,59,7
-21.25,122.0,0.047546365442464,214.6,0.33088833,510.07797,35,54,59,10
-21.25,122.25,0.0498964475517693,238.5,0.3392103,510.45508,32,51,63,10
-21.25,122.5,0.0499483075868781,262.7,0.3456593,510.67566,28,51,66,9
-21.25,122.75,0.0477852212642097,287.3,0.34231335,510.1314,25,54,64,10
-21.25,123.0,0.0454610391364743,312.0,0.3329861,509.07925,22,57,60,13
-21.25,123.25,0.0432935905512533,337.0,0.3333962,508.9281,19,59,60,13
-21.25,123.5,0.0408327888519991,362.0,0.33075172,509.86368,17,62,59,11
-21.25,123.75,0.0354749789084529,387.2,0.32452747,511.6189,14,68,55,6
-21.25,124.0,0.0288321691781415,412.4,0.31880373,513.6286,12,75,51,3
-21.25,124.25,0.0221352968692718,437.7,0.3161268,515.65845,11,81,49,1
-21.25,124.5,0.0208124948166576,463.1,0.32134345,517.29675,9,82,53,1
-21.25,124.75,0.0195542044494123,488.5,0.33654293,517.4236,7,84,62,1
-21.25,125.0,0.0180303734687532,514.0,0.33378583,517.616,6,85,60,1
-21.25,125.25,0.0136192271690344,539.5,0.3307977,516.5037,5,89,59,1
-21.25,125.5,0.0047323650081775,565.0,0.3427054,515.12854,4,96,65,2
-21.25,125.75,-0.003527497792051,574.6,0.36217034,514.08636,3,97,72,2
-21.25,126.0,-0.0091594073854918,562.3,0.37951517,513.50714,4,93,77,3
-21.25,126.25,-0.0145091152794304,551.0,0.37449932,512.8711,4,89,76,4
-21.25,126.5,-0.0202866522794855,540.7,0.35652792,512.03345,5,83,70,6
-21.25,126.75,-0.0253211684480664,531.5,0.37479672,511.97528,5,78,76,6
-21.25,127.0,-0.0263965691766879,523.5,0.35403183,511.42078,5,77,69,7
-21.25,127.25,-0.0314825504416755,516.6,0.3182432,511.60037,6,72,51,7
-21.25,127.5,-0.0385531532617668,511.1,0.30905023,511.46207,6,65,45,7
-21.25,127.75,-0.0456348789822576,506.8,0.34478945,510.87222,6,56,66,8
-21.25,128.0,-0.0449157604792465,503.8,0.36445466,510.85812,6,57,73,8
-21.25,128.25,-0.0361292603946778,502.2,0.31567323,511.83472,7,68,49,6
-21.25,128.5,-0.0340084828236805,501.9,0.27901277,511.89078,7,70,33,6
-21.25,128.75,-0.0368326737323687,503.0,0.28651816,511.44476,7,67,35,7
-21.25,129.0,-0.0390748724385741,505.4,0.32004902,511.99817,6,65,52,6
-21.25,129.25,-0.0406066479959658,509.2,0.35979432,512.5336,6,63,71,5
-21.25,129.5,-0.0430358744148785,486.9,0.37072837,512.5023,7,60,75,5
-21.25,129.75,-0.0447690232967337,461.1,0.3641858,512.01105,9,58,73,6
-21.25,130.0,-0.0462531658554715,435.4,0.3621219,511.81396,11,56,72,6
-21.25,130.25,-0.046734311358471,409.7,0.3592826,511.054,13,55,71,8
-21.25,130.5,-0.0488104210179742,384.0,0.36442012,510.5028,15,53,73,9
-21.25,130.75,-0.0561141626587847,358.3,0.37609434,510.04468,17,44,76,11
-21.25,131.0,-0.0640417685745757,332.6,0.38774377,508.47375,19,38,80,14
-21.25,131.25,-0.0756868795968503,306.9,0.39384925,507.48178,22,31,81,17
-21.25,131.5,-0.0870242333959876,281.3,0.39741924,507.71777,26,27,82,16
-21.25,131.75,-0.092253509741149,255.7,0.403601,507.38065,29,25,84,17
-21.25,132.0,-0.0920520151277915,230.1,0.40536356,506.88397,33,25,84,18
-21.25,132.25,-0.089645732003763,204.6,0.39697227,506.5428,37,26,82,19
-21.25,132.5,-0.0879400245146826,179.1,0.3752634,506.8353,41,26,76,18
-21.25,132.75,-0.0855186292042379,153.8,0.3585454,506.92874,46,27,71,18
-21.25,133.0,-0.0813410910664797,128.7,0.3249524,505.73776,51,29,55,20
-21.25,133.25,-0.0802445763633364,103.9,0.2911395,506.27612,56,29,37,19
-21.25,133.5,-0.0844818299835813,79.8,0.2988515,505.8025,62,28,40,20
-21.25,133.75,-0.092080451545882,57.1,0.33068007,505.3301,68,25,59,21
-21.25,134.0,-0.096104598006544,38.5,0.36434948,506.7321,74,24,73,18
-21.25,134.25,-0.0946296119286368,32.3,0.3895912,508.59033,77,24,80,14
-21.25,134.5,-0.0899026462765288,44.0,0.41786352,509.52335,72,25,87,12
-21.25,134.75,-0.0874850801905267,64.5,0.43196988,509.63522,66,26,91,11
-21.25,135.0,-0.0860120342623087,87.8,0.412694,509.84656,60,27,86,11
-21.25,135.25,-0.0854717109180499,112.2,0.38334858,510.03256,54,27,78,11
-21.25,135.5,-0.0876080428948626,137.2,0.36744192,510.8558,49,26,74,8
-21.25,135.75,-0.0912606724537909,162.1,0.38281655,512.25903,44,25,78,5
-21.25,136.0,-0.0939538250455544,187.1,0.41744086,512.9537,40,24,87,4
-21.25,136.25,-0.094995679714096,212.2,0.4320933,513.277,36,24,91,3
-21.25,136.5,-0.093003813997798,237.5,0.42709956,512.8401,32,25,90,4
-21.25,136.75,-0.0881919768993698,262.9,0.40412876,512.395,28,26,84,5
-21.25,137.0,-0.0820772811548695,261.3,0.39047825,510.87033,28,28,80,8
-21.25,137.25,-0.0794526105552601,236.1,0.38206324,511.098,32,30,78,8
-21.25,137.5,-0.0779345628716761,211.2,0.36637,511.54297,36,30,74,7
-21.25,137.75,-0.0793775747136567,186.3,0.36097294,511.58554,40,30,72,7
-21.25,138.0,-0.082147389916437,161.7,0.3564846,511.40186,44,28,70,7
-21.25,138.25,-0.0814247703484614,137.5,0.3534682,511.6537,49,29,69,6
-21.25,138.5,-0.0809165981066014,114.0,0.3651754,511.0818,54,29,73,8
-21.25,138.75,-0.0787654342917015,91.8,0.38923225,510.64838,59,30,80,9
-21.25,139.0,-0.0772819458321291,72.1,0.40728533,510.7202,64,31,85,9
-21.25,139.25,-0.074741189752794,57.3,0.42154244,510.1759,68,32,88,10
-21.25,139.5,-0.0727734597499615,52.0,0.4071324,508.3543,70,33,85,15
-21.25,139.75,-0.0706461331751641,54.4,0.37894002,506.9051,69,34,77,18
-21.25,140.0,-0.0682119123970291,50.4,0.36162978,507.44345,70,35,72,17
-21.25,140.25,-0.0695965335305247,53.5,0.3623801,507.3702,69,34,72,17
-21.25,140.5,-0.0733200014302773,59.4,0.38765723,506.16275,67,32,80,20
-21.25,140.75,-0.0782591221587998,65.2,0.3851163,507.12585,66,30,79,18
-21.25,141.0,-0.0761579141001372,79.1,0.33818525,509.9727,62,31,63,11
-21.25,141.25,-0.0702256179104248,83.5,0.32861638,510.63416,61,34,58,9
-21.25,141.5,-0.0657963246639285,70.5,0.33466342,510.70523,65,37,61,9
-21.25,141.75,-0.065075812038655,65.6,0.34422898,511.13577,66,37,65,8
-21.25,142.0,-0.0638036192616536,66.4,0.34261176,511.09555,66,38,65,8
-21.25,142.25,-0.0595060779751899,65.5,0.3404093,510.98956,66,41,64,8
-21.25,142.5,-0.0517874918745032,60.4,0.33880034,511.03107,67,49,63,8
-21.25,142.75,-0.0426649213560657,58.1,0.35118178,511.52856,68,60,68,7
-21.25,143.0,-0.0356712957195538,56.5,0.36340663,511.73306,68,68,73,6
-21.25,143.25,-0.029287336522802,43.7,0.36358514,511.82913,72,75,73,6
-21.25,143.5,-0.0219594793538341,23.9,0.35614485,510.84045,80,82,70,9
-21.25,143.75,-0.0096776711558396,5.5,0.3420554,508.9074,94,93,64,13
-21.25,144.0,0.0099507918079152,12.1,0.32761627,506.46555,88,92,57,19
-21.25,144.25,0.0393956144911325,31.8,0.3454144,504.19476,77,64,66,23
-21.25,144.5,0.058588068980524,40.6,0.34980604,502.7517,73,42,68,26
-21.25,144.75,0.0699753805871642,42.3,0.31145328,499.63608,73,34,46,29
-21.25,145.0,0.0784681778401136,49.0,0.27008173,495.71225,71,30,31,35
-21.25,145.25,0.081628604417312,55.9,0.2660862,492.2848,68,29,30,39
-21.25,145.5,0.0779354616833318,65.0,0.26359376,488.4904,66,30,30,43
-21.25,145.75,0.0680580625194124,80.6,0.23157284,484.41138,62,35,23,47
-21.25,146.0,0.0541145891128551,91.8,0.21149623,481.4996,59,46,19,49
-21.25,146.25,0.049135023049478,82.4,0.20636246,479.1807,61,52,19,51
-21.25,146.5,0.0520881345057638,76.7,0.20549306,476.59656,63,48,19,53
-21.25,146.75,0.0544898373877956,51.5,0.20422229,474.43173,70,46,18,55
-21.25,147.0,0.0516760110844015,27.2,0.2052326,473.92847,79,49,18,56
-21.25,147.25,0.0568530973017914,11.3,0.23699333,470.8689,89,43,24,58
-21.25,147.5,0.0592755200585261,0.2,0.24036859,465.9266,100,41,24,62
-21.25,147.75,0.0464761137468962,0.4,0.20289004,459.5355,100,55,18,67
-21.25,148.0,0.0229157678550109,6.7,0.1737739,453.40005,92,81,14,72
-21.25,148.25,0.0105766555593748,5.4,0.14042321,446.48166,94,92,8,76
-21.25,148.5,0.0076979168629761,3.0,0.080772646,439.51846,96,94,2,80
-21.25,148.75,0.0017540585804021,10.0,0.03984004,435.0401,90,99,1,82
-21.25,149.0,0.0007447334095126,1.1,0.09574534,436.1359,99,100,3,82
-21.5,115.5,0.0680471260721484,101.1,0.35485083,518.4622,57,35,70,1
-21.5,115.75,0.065378957542236,76.1,0.31603074,514.6723,63,37,49,2
-21.5,116.0,0.056357126179639,51.8,0.29470497,510.29288,70,44,38,10
-21.5,116.25,0.0489094457322997,29.8,0.29203054,507.16992,78,52,37,17
-21.5,116.5,0.0471831311577088,19.9,0.3094899,505.4998,83,55,45,21
-21.5,116.75,0.0478597172247689,4.9,0.33674836,504.3296,94,54,62,23
-21.5,117.0,0.0430275643133514,11.5,0.3514194,504.52753,89,60,68,23
-21.5,117.25,0.0401046990569392,2.8,0.34875986,504.42023,97,63,67,23
-21.5,117.5,0.0411004192705842,15.6,0.34421873,504.9033,86,62,65,22
-21.5,117.75,0.0446274680305837,30.0,0.32733718,505.3506,77,58,57,21
-21.5,118.0,0.0474328047684615,53.2,0.30190662,505.50568,69,54,41,21
-21.5,118.25,0.0482991236905079,77.9,0.28749126,506.8089,63,53,36,18
-21.5,118.5,0.0523851864560995,93.8,0.27474952,507.94717,59,48,32,16
-21.5,118.75,0.0493391950747796,103.0,0.28588954,508.28714,56,52,35,15
-21.5,119.0,0.0439848711481317,116.7,0.30163804,507.20508,53,58,41,17
-21.5,119.25,0.041757639719262,129.2,0.29857138,507.52167,51,61,40,17
-21.5,119.5,0.0429444984555067,118.8,0.2931218,508.57977,53,60,38,14
-21.5,119.75,0.0422799989680892,111.4,0.3139361,507.54916,55,61,48,17
-21.5,120.0,0.0387978683314507,109.7,0.3425033,508.17618,55,65,65,15
-21.5,120.25,0.0360773312859237,113.9,0.3416663,507.10056,54,68,64,18
-21.5,120.5,0.0351601139997087,121.4,0.34040317,507.91843,52,69,64,16
-21.5,120.75,0.0363407537108287,132.5,0.33695027,507.39764,50,68,62,17
-21.5,121.0,0.036788941192485,147.2,0.33615217,507.62277,47,67,61,17
-21.5,121.25,0.0359441228698761,164.8,0.34231696,509.28125,44,68,64,12
-21.5,121.5,0.0372682055874195,184.3,0.35247925,510.78745,40,67,69,9
-21.5,121.75,0.044389122002758,205.1,0.3441054,511.06824,37,58,65,8
-21.5,122.0,0.0477181356588733,227.1,0.34087983,510.3161,34,54,64,10
-21.5,122.25,0.0489983057902593,249.7,0.34070066,509.10397,30,52,64,13
-21.5,122.5,0.049248840596937,272.9,0.339035,509.61362,27,52,63,12
-21.5,122.75,0.0468055037870293,296.6,0.3362179,509.97427,24,55,62,11
-21.5,123.0,0.0442181527951512,320.6,0.33448145,510.34357,21,58,61,10
-21.5,123.25,0.0416665210915241,344.8,0.33602256,510.49393,18,61,61,9
-21.5,123.5,0.0399937651269803,369.3,0.33127224,510.64008,16,63,59,9
-21.5,123.75,0.0355522040654683,393.9,0.32015827,512.61206,14,68,52,4
-21.5,124.0,0.0295280491068427,418.7,0.3139977,514.71185,12,74,48,2
-21.5,124.25,0.0252603177976284,443.6,0.31481084,516.0343,10,78,49,1
-21.5,124.5,0.0254856659490282,468.6,0.32305747,516.2666,9,78,54,1
-21.5,124.75,0.0246434217169215,493.7,0.34614342,516.2168,7,79,66,1
-21.5,125.0,0.0241710618401633,518.9,0.36309838,516.90045,6,80,73,1
-21.5,125.25,0.0221881541645243,544.1,0.3602853,516.5209,5,81,72,1
-21.5,125.5,0.0159410578331777,569.3,0.35113183,515.4467,4,87,68,2
-21.5,125.75,0.0053841253243306,594.7,0.35369632,514.13403,3,96,69,2
-21.5,126.0,-0.0068230403759073,587.2,0.36850423,513.7019,3,95,74,3
-21.5,126.25,-0.0175056440622678,576.4,0.37615976,512.95087,3,86,76,4
-21.5,126.5,-0.0267874371723294,566.6,0.3695382,512.03503,4,77,74,6
-21.5,126.75,-0.0310426813395073,557.8,0.3860075,511.5836,4,73,79,7
-21.5,127.0,-0.0303124214999289,550.2,0.3552868,511.45294,4,74,70,7
-21.5,127.25,-0.0294624633432942,543.7,0.31052175,511.63013,5,74,46,6
-21.5,127.5,-0.033244807555318,538.5,0.29543707,511.43326,5,71,38,7
-21.5,127.75,-0.0423505425913303,534.4,0.3224362,510.15253,5,61,54,10
-21.5,128.0,-0.0444240274295831,531.6,0.33041096,509.94336,5,58,58,11
-21.5,128.25,-0.0377584979647681,530.0,0.29067612,510.56332,5,66,37,9
-21.5,128.5,-0.035706946738286,529.8,0.27811226,510.38248,5,68,33,10
-21.5,128.75,-0.0379954339400033,530.8,0.299304,509.8876,5,66,40,11
-21.5,129.0,-0.0411758293708165,533.1,0.34371787,510.43463,5,62,65,10
-21.5,129.25,-0.04473548625995,514.6,0.3826869,511.14108,6,58,78,8
-21.5,129.5,-0.0504144653855335,489.0,0.3861303,510.87283,7,51,79,8
-21.5,129.75,-0.0573446176214409,463.4,0.3766243,510.44196,9,43,76,10
-21.5,130.0,-0.0607487946926128,437.9,0.3826362,510.53265,11,40,78,9
-21.5,130.25,-0.0603904101150831,412.4,0.38515872,510.99454,12,40,79,8
-21.5,130.5,-0.0595802659895049,386.9,0.386787,510.79605,14,41,79,9
-21.5,130.75,-0.062236318022752,361.5,0.39101171,509.66013,17,39,80,11
-21.5,131.0,-0.0668301163163656,336.1,0.3975409,508.04092,19,36,82,15
-21.5,131.25,-0.0694961581753367,310.7,0.40188682,507.40878,22,34,83,17
-21.5,131.5,-0.0775268538500226,285.5,0.40449074,507.03848,25,30,84,18
-21.5,131.75,-0.0857848648935379,260.4,0.40752167,507.2214,29,27,85,17
-21.5,132.0,-0.0878633191432094,235.4,0.4106778,506.78934,32,26,85,18
-21.5,132.25,-0.0861759651829266,210.5,0.4027176,506.07254,36,27,83,20
-21.5,132.5,-0.0841873314242721,186.0,0.3744232,505.62967,40,28,76,21
-21.5,132.75,-0.0803483758365646,161.8,0.33262905,506.002,44,29,60,20
-21.5,133.0,-0.075105990170102,138.2,0.2934452,506.17853,49,32,38,20
-21.5,133.25,-0.073332280698066,115.5,0.2718576,505.55463,54,32,32,21
-21.5,133.5,-0.0786476487098081,94.4,0.28155676,504.56055,59,30,34,23
-21.5,133.75,-0.0848296462912999,76.3,0.30414587,504.80878,63,27,42,22
-21.5,134.0,-0.0873758375988386,63.6,0.32403892,506.651,66,26,55,19
-21.5,134.25,-0.0851776431378398,60.1,0.3450271,508.06866,67,27,66,15
-21.5,134.5,-0.0847759751957796,67.1,0.38955554,510.64035,65,27,80,9
-21.5,134.75,-0.0812143874509881,81.9,0.38563862,510.20566,61,29,79,10
-21.5,135.0,-0.073813596332357,101.3,0.342744,509.25754,57,32,65,12
-21.5,135.25,-0.0726455705639507,123.0,0.31412897,508.84308,52,33,48,14
-21.5,135.5,-0.0775480027288375,146.1,0.3177125,509.6358,47,30,50,11
-21.5,135.75,-0.084621151776186,169.9,0.34690458,510.53262,43,27,67,9
-21.5,136.0,-0.0914263150477338,194.2,0.40178338,512.0698,39,25,83,5
-21.5,136.25,-0.0934703310020268,218.9,0.43209797,512.9514,35,24,91,4
-21.5,136.5,-0.0917921010116558,243.8,0.4310018,512.813,31,25,91,4
-21.5,136.75,-0.0870932503625573,268.8,0.41480714,511.95325,27,27,86,6
-21.5,137.0,-0.0820109066110706,268.3,0.40744343,511.64185,27,29,85,6
-21.5,137.25,-0.0808812505787327,243.8,0.41200057,510.50797,31,29,86,9
-21.5,137.5,-0.0807173118527446,219.6,0.39866373,510.63748,35,29,82,9
-21.5,137.75,-0.0806797364443939,195.8,0.38015527,510.96893,39,29,77,8
-21.5,138.0,-0.0818688231620139,172.6,0.3688672,510.71365,42,29,74,9
-21.5,138.25,-0.0826489834186889,150.2,0.36100528,511.07794,47,28,72,8
-21.5,138.5,-0.0836603216718815,129.1,0.36739203,511.04126,51,28,74,8
-21.5,138.75,-0.0822839264400716,110.0,0.38644752,510.83875,55,28,79,9
-21.5,139.0,-0.0787657400515551,94.1,0.40187398,511.18045,59,30,83,8
-21.5,139.25,-0.0743910981414263,83.4,0.40440375,510.5828,61,32,84,9
-21.5,139.5,-0.0688249199706617,79.9,0.36499837,508.9177,62,35,73,13
-21.5,139.75,-0.0606804949575148,81.2,0.34221837,508.22635,62,40,64,15
-21.5,140.0,-0.0580206492620553,78.2,0.34245157,508.12646,62,42,65,15
-21.5,140.25,-0.0606623686916594,80.8,0.3635882,507.1919,62,40,73,17
-21.5,140.5,-0.0654831399858397,86.8,0.38360128,506.17896,60,37,78,20
-21.5,140.75,-0.0684221648929884,91.4,0.34116814,505.6601,59,35,64,21
-21.5,141.0,-0.0669903521847334,101.8,0.30504072,508.5309,57,36,43,14
-21.5,141.25,-0.067019234934733,106.8,0.32856134,508.96875,56,36,58,13
-21.5,141.5,-0.0654535742398972,97.0,0.3539415,509.43292,58,37,69,12
-21.5,141.75,-0.0630455884971611,93.5,0.35777962,510.15244,59,39,71,10
-21.5,142.0,-0.0611993744082394,94.3,0.34557423,510.51962,59,40,66,9
-21.5,142.25,-0.0582335415651046,93.3,0.34225053,510.15637,59,42,64,10
-21.5,142.5,-0.0502665363534885,86.6,0.34132874,510.18738,60,51,64,10
-21.5,142.75,-0.0409486928394818,65.5,0.3464664,510.27808,66,62,66,10
-21.5,143.0,-0.0337303433966423,45.0,0.357616,510.26013,72,70,71,10
-21.5,143.25,-0.027076781066578,25.1,0.36355007,510.32596,80,77,73,10
-21.5,143.5,-0.0198803387083379,6.0,0.36071795,509.23538,93,83,72,13
-21.5,143.75,-0.009296704986177,13.9,0.34870595,507.3588,87,93,67,17
-21.5,144.0,0.006127757144471,32.4,0.3185055,505.68326,77,95,51,21
-21.5,144.25,0.0334785678340787,49.9,0.32769892,504.18964,70,70,57,23
-21.5,144.5,0.0541364281759819,68.1,0.35347,502.91272,65,46,69,25
-21.5,144.75,0.0658934540231712,69.2,0.32006136,500.10556,65,37,52,29
-21.5,145.0,0.0739220255054533,75.9,0.27555174,498.01825,63,32,32,31
-21.5,145.25,0.0786449033434369,82.7,0.26905063,495.2224,61,30,31,35
-21.5,145.5,0.0778059614883247,90.5,0.2852056,490.86478,60,30,35,41
-21.5,145.75,0.0696746436080762,102.2,0.2629665,487.4612,57,34,29,44
-21.5,146.0,0.0575202106320787,116.9,0.24208152,483.2028,53,43,25,48
-21.5,146.25,0.0534564820473038,109.2,0.22788273,479.8234,55,47,22,51
-21.5,146.5,0.0561854156188755,85.8,0.21579438,477.78665,61,44,20,52
-21.5,146.75,0.0566659226359444,64.3,0.2078111,476.1568,66,44,19,54
-21.5,147.0,0.050852278979229,47.2,0.2103972,474.37695,71,50,19,55
-21.5,147.25,0.0477010412407772,31.7,0.22295964,472.82404,77,54,21,57
-21.5,147.5,0.0517745892251176,28.1,0.24540418,469.122,78,49,25,60
-21.5,147.75,0.0464812672142649,23.7,0.23748353,463.25818,81,55,24,64
-21.5,148.0,0.0373725795880004,1.6,0.20819595,456.472,98,66,19,69
-21.5,148.25,0.0313362327091107,9.7,0.1632059,448.69412,90,73,12,75
-21.5,148.5,0.0243986858074051,0.7,0.1144808,439.61337,99,79,4,80
-21.5,148.75,0.0096620124077335,7.5,0.080050446,429.0718,92,93,2,85
-21.5,149.0,0.0065856973601815,10.4,0.0850047,426.59805,90,95,2,86
-21.5,149.25,0.0027028176179599,3.8,0.14001165,436.2724,96,98,8,82
-21.75,115.0,0.073525601907611,150.6,0.42814925,521.7508,46,32,90,1
-21.75,115.25,0.0772300451294064,124.9,0.37864962,520.0107,52,31,77,1
-21.75,115.5,0.0794804408769345,99.3,0.3565906,515.98785,58,30,70,1
-21.75,115.75,0.0763197621361108,73.8,0.32594776,511.7595,64,31,56,6
-21.75,116.0,0.0671844282725595,48.3,0.28655306,507.40744,71,36,35,17
-21.75,116.25,0.0586837434711058,23.4,0.27102557,503.9933,81,42,31,24
-21.75,116.5,0.0569648909748398,7.8,0.29614827,502.3732,91,43,39,26
-21.75,116.75,0.0540258064572255,13.3,0.31643137,501.0131,87,46,50,28
-21.75,117.0,0.0450294530839614,32.5,0.31123656,500.68625,76,57,46,28
-21.75,117.25,0.0401017125707031,20.3,0.31034115,501.2713,83,63,46,27
-21.75,117.5,0.0422402493428394,1.1,0.3107943,502.4249,99,61,46,26
-21.75,117.75,0.0462253205361776,24.6,0.3112795,503.77505,80,56,46,24
-21.75,118.0,0.0472779792785461,50.3,0.3078742,504.88574,70,54,44,22
-21.75,118.25,0.0451474711293398,75.9,0.31994703,504.98047,63,57,52,22
-21.75,118.5,0.0502002059847914,101.6,0.2975098,504.69104,57,51,39,22
-21.75,118.75,0.0510454347274,111.3,0.29811287,506.91208,55,50,40,18
-21.75,119.0,0.0466676857034187,110.5,0.30667952,507.5848,55,55,44,17
-21.75,119.25,0.0449072456253426,108.5,0.30294496,508.24756,55,57,42,15
-21.75,119.5,0.0450408903482769,93.6,0.3008308,508.11948,59,57,41,15
-21.75,119.75,0.0436733474943875,84.1,0.32647622,506.36145,61,59,56,19
-21.75,120.0,0.0388738433342604,81.8,0.34751368,506.53787,62,65,67,19
-21.75,120.25,0.0382889335908527,87.3,0.33889237,507.34225,60,65,63,17
-21.75,120.5,0.0378431250862333,99.3,0.34267431,507.1395,58,66,65,18
-21.75,120.75,0.0365333351750104,115.8,0.33964914,505.7584,54,67,63,20
-21.75,121.0,0.0368100968405737,135.2,0.33620152,506.0705,49,67,61,20
-21.75,121.25,0.0402491282865715,156.3,0.34150398,508.04562,45,63,64,15
-21.75,121.5,0.0427593826183251,178.6,0.36032388,509.99268,41,60,72,11
-21.75,121.75,0.0488896946766458,201.7,0.35747626,510.45758,37,53,71,10
-21.75,122.0,0.0508820769809452,225.3,0.35266125,510.35236,34,50,69,10
-21.75,122.25,0.0525422277444574,249.3,0.34757352,509.2137,30,48,67,13
-21.75,122.5,0.0525213307556918,273.6,0.33761612,509.42734,27,48,62,12
-21.75,122.75,0.0504784223568137,298.2,0.32997456,510.62888,24,50,58,9
-21.75,123.0,0.0464285774505697,322.8,0.3296425,511.7856,21,55,58,6
-21.75,123.25,0.0444023413228846,347.6,0.33815905,512.14197,18,58,63,5
-21.75,123.5,0.0436659492855791,372.6,0.3330933,512.75165,16,59,60,4
-21.75,123.75,0.0411344019712747,397.5,0.32395834,513.2943,14,62,55,3
-21.75,124.0,0.0356981638209184,422.6,0.32488653,513.6984,12,68,55,3
-21.75,124.25,0.0309797789768448,447.7,0.3362653,514.8161,10,73,62,2
-21.75,124.5,0.0285389666029784,472.8,0.34706578,515.461,8,75,67,2
-21.75,124.75,0.0252670646179467,497.8,0.3627767,515.18054,7,78,72,2
-21.75,125.0,0.0243683628205742,522.9,0.38791913,516.29956,6,79,80,1
-21.75,125.25,0.0242288333907102,547.9,0.38275054,516.517,4,79,78,1
-21.75,125.5,0.0228635441317843,572.9,0.3538482,515.56696,3,81,69,1
-21.75,125.75,0.0145794922142245,597.9,0.33879316,514.09906,3,89,63,2
-21.75,126.0,0.0020418285378279,612.4,0.34716552,513.5377,2,99,67,3
-21.75,126.25,-0.0111103700734453,602.0,0.36574498,512.40216,3,91,73,5
-21.75,126.5,-0.02475637419432,592.7,0.35976517,512.48364,3,79,71,5
-21.75,126.75,-0.0327195484024871,584.3,0.36448362,512.1549,3,71,73,5
-21.75,127.0,-0.0330993782397681,577.1,0.34844676,511.87924,3,71,67,6
-21.75,127.25,-0.0281793902842244,570.9,0.32448924,511.41833,4,76,55,7
-21.75,127.5,-0.0264374528723281,565.9,0.3104236,510.7354,4,77,46,9
-21.75,127.75,-0.0323756225167991,562.1,0.31705955,509.55432,4,72,50,12
-21.75,128.0,-0.0377892696664535,559.4,0.32074007,510.58585,4,66,52,9
-21.75,128.25,-0.0352003818255893,557.9,0.30032352,510.18353,4,69,40,10
-21.75,128.5,-0.0342209583359016,557.7,0.30042621,508.97992,4,70,40,13
-21.75,128.75,-0.0363875566366394,558.6,0.31418073,508.9237,4,67,48,13
-21.75,129.0,-0.0412008308145838,540.3,0.34112975,509.657,5,62,64,11
-21.75,129.25,-0.0479919186992836,517.2,0.37066942,510.53693,6,53,75,9
-21.75,129.5,-0.0569353705626868,492.7,0.3838401,509.86752,7,43,78,11
-21.75,129.75,-0.0642589451079922,467.4,0.3859528,508.90558,9,38,79,13
-21.75,130.0,-0.0687522359192371,442.1,0.39704737,509.97858,10,35,82,11
-21.75,130.25,-0.0687546874208021,416.9,0.40480408,510.32117,12,35,84,10
-21.75,130.5,-0.0681238049663425,391.8,0.40334487,509.99283,14,35,83,11
-21.75,130.75,-0.0668643845067847,366.7,0.39939114,508.84985,16,36,82,14
-21.75,131.0,-0.0687792589621884,341.8,0.39892337,507.7149,18,35,82,16
-21.75,131.25,-0.067313974041913,317.0,0.40380526,506.49548,21,36,84,19
-21.75,131.5,-0.069584912220515,292.3,0.41143215,506.23303,24,34,86,19
-21.75,131.75,-0.07649687924159,267.9,0.4125019,505.74307,28,31,86,20
-21.75,132.0,-0.0796842137382121,243.7,0.4111759,505.1219,31,29,86,22
-21.75,132.25,-0.08006435579709,219.9,0.40213397,505.1453,35,29,83,22
-21.75,132.5,-0.0806736221422657,196.6,0.3844091,504.91296,38,29,79,22
-21.75,132.75,-0.0784478323257991,173.9,0.35358992,504.88727,42,30,69,22
-21.75,133.0,-0.0716600031907936,152.2,0.31223902,505.44116,46,33,47,21
-21.75,133.25,-0.0688608356585194,132.0,0.2783493,505.35303,50,35,33,21
-21.75,133.5,-0.07433991461959,114.1,0.28180075,504.78198,54,32,34,22
-21.75,133.75,-0.0783278645529034,99.6,0.2988995,505.1699,57,30,40,21
-21.75,134.0,-0.0802418850051513,90.4,0.31260112,505.5559,60,29,47,21
-21.75,134.25,-0.0778176444183502,87.9,0.31633446,507.5752,60,30,50,17
-21.75,134.5,-0.0740404753457932,92.8,0.33397374,510.66095,59,32,60,9
-21.75,134.75,-0.0716409300542658,104.1,0.32492188,510.19452,56,33,55,10
-21.75,135.0,-0.0705005695200746,119.9,0.30747414,509.51056,53,34,44,12
-21.75,135.25,-0.0713922945738193,138.7,0.29609233,508.96213,49,33,39,13
-21.75,135.5,-0.0748801529318803,159.4,0.30124232,509.39673,45,32,41,12
-21.75,135.75,-0.0792657625372244,181.5,0.3135242,510.43506,41,30,48,10
-21.75,136.0,-0.0815058691161019,204.4,0.3445242,511.13538,37,29,66,8
-21.75,136.25,-0.0860554227694159,227.9,0.39755645,510.5541,33,27,82,9
-21.75,136.5,-0.0858137118136732,251.9,0.40437946,510.99548,30,27,84,8
-21.75,136.75,-0.078422946754879,276.1,0.379674,510.55612,26,30,77,9
-21.75,137.0,-0.0747296712649542,277.6,0.37391117,510.0227,26,32,76,11
-21.75,137.25,-0.0770814834262377,254.1,0.4115429,508.95453,29,31,86,13
-21.75,137.5,-0.0796046990446657,231.0,0.420446,508.72247,33,29,88,14
-21.75,137.75,-0.078970084999067,208.6,0.4035405,509.13794,36,30,84,13
-21.75,138.0,-0.0795991616334677,187.0,0.38601598,509.80246,40,29,79,11
-21.75,138.25,-0.0805842084987532,166.6,0.36097497,511.0622,43,29,72,8
-21.75,138.5,-0.0816382664283515,147.9,0.34539956,511.57422,47,29,66,7
-21.75,138.75,-0.0810569102698493,131.6,0.3542592,511.3993,50,29,69,7
-21.75,139.0,-0.0792311289946415,118.7,0.38150835,511.21265,53,30,78,7
-21.75,139.25,-0.0805395220118087,110.4,0.41077328,510.23404,55,29,85,10
-21.75,139.5,-0.074279361116212,107.7,0.37047207,509.48892,55,32,75,12
-21.75,139.75,-0.0656626605118314,108.4,0.3383672,508.80536,55,37,63,14
-21.75,140.0,-0.0609327283022659,106.1,0.32709783,508.12076,56,40,57,15
-21.75,140.25,-0.0587616116362845,108.2,0.33767682,507.3744,55,42,62,17
-21.75,140.5,-0.0596599343487815,113.5,0.3530758,506.69156,54,41,69,18
-21.75,140.75,-0.0586278764361936,118.4,0.33935925,506.73526,53,42,63,18
-21.75,141.0,-0.0630017639403896,126.6,0.3410073,505.9283,51,39,64,20
-21.75,141.25,-0.0668803046956392,131.9,0.37363732,505.43924,50,36,76,21
-21.75,141.5,-0.0643721925942892,124.1,0.38482752,506.41507,52,38,79,19
-21.75,141.75,-0.0584700738265556,121.4,0.36654276,507.3954,52,42,74,17
-21.75,142.0,-0.0526454836595803,120.8,0.33362854,507.93475,52,48,60,16
-21.75,142.25,-0.0498451622790612,97.7,0.32212958,508.57132,58,51,53,14
-21.75,142.5,-0.042980397410602,74.8,0.32863095,509.0799,63,60,58,13
-21.75,142.75,-0.0349152343879853,51.3,0.33644113,509.3744,70,69,62,12
-21.75,143.0,-0.0274113668084499,28.3,0.34487194,509.1535,78,76,66,13
-21.75,143.25,-0.0210548406899241,7.7,0.35172704,509.14716,92,82,68,13
-21.75,143.5,-0.0160531976110568,11.2,0.35063177,508.2548,89,87,68,15
-21.75,143.75,-0.0094854972150642,31.7,0.34326977,506.3268,77,93,65,19
-21.75,144.0,0.0023301782263886,51.4,0.3240239,504.4163,70,99,55,23
-21.75,144.25,0.0262477752974345,70.3,0.32632434,503.76248,65,77,56,24
-21.75,144.5,0.0494444433117418,87.7,0.34905344,502.80154,60,52,67,25
-21.75,144.75,0.0643755450866939,96.6,0.32323372,499.9454,58,38,54,29
-21.75,145.0,0.0725329450115428,102.8,0.2819751,497.82263,56,33,34,31
-21.75,145.25,0.0770978593733161,109.6,0.2661564,495.51645,55,31,30,35
-21.75,145.5,0.0757840774044217,116.9,0.2911808,493.00757,53,31,37,38
-21.75,145.75,0.072030015256418,126.3,0.28427845,489.17587,51,33,35,42
-21.75,146.0,0.0682145332385386,139.8,0.24926846,484.73697,48,35,26,46
-21.75,146.25,0.0642066316291069,122.2,0.22315842,482.0333,52,38,21,49
-21.75,146.5,0.0593790253313879,101.9,0.2096464,479.93677,57,41,19,50
-21.75,146.75,0.0511879258633901,84.7,0.21547832,477.74808,61,50,20,52
-21.75,147.0,0.045918475033804,69.0,0.23477004,475.6776,65,56,23,54
-21.75,147.25,0.0409629675071863,57.8,0.23196371,473.41064,68,62,23,56
-21.75,147.5,0.0394377184113615,49.2,0.23587781,471.87192,70,64,23,57
-21.75,147.75,0.0385432229233196,24.7,0.24129766,465.48337,80,65,24,63
-21.75,148.0,0.0376485309095144,3.2,0.21917921,457.48804,96,66,21,69
-21.75,148.25,0.0353905757157398,6.8,0.17466156,449.8207,92,68,14,74
-21.75,148.5,0.0328822510571973,1.9,0.13890389,441.10953,98,71,8,79
-21.75,148.75,0.0263739129960803,1.4,0.12900548,433.9211,98,77,6,83
-21.75,149.0,0.0214442752501262,4.1,0.11502075,431.55603,95,82,5,84
-21.75,149.25,0.0051576096741926,19.1,0.123219095,442.38254,83,96,5,79
-22.0,114.0,0.0741383708193011,255.3,0.4653655,522.9688,29,32,98,1
-22.0,114.75,0.0780063010929595,179.4,0.45088992,521.1885,41,30,95,1
-22.0,115.0,0.0811915334280846,154.4,0.39521325,518.4041,46,29,81,1
-22.0,115.25,0.0849198731205736,129.6,0.35212216,514.64264,51,27,69,2
-22.0,115.5,0.0863524241688927,105.2,0.35600287,512.6344,56,27,70,4
-22.0,115.75,0.083240566825095,81.5,0.337968,510.599,62,28,63,9
-22.0,116.0,0.077493979567052,59.5,0.2882783,506.60577,67,30,36,19
-22.0,116.25,0.0716433307721412,41.9,0.2523036,503.09085,73,33,27,25
-22.0,116.5,0.0668331227090675,35.5,0.26900053,500.43826,75,36,31,28
-22.0,116.75,0.0614695287797422,38.8,0.2749616,499.2451,74,40,32,30
-22.0,117.0,0.0532673585361668,42.5,0.2633089,499.20596,73,47,30,30
-22.0,117.25,0.0453453825742361,17.1,0.25227758,499.6989,85,57,27,29
-22.0,117.5,0.0459888156725182,6.2,0.24427801,501.092,93,56,25,27
-22.0,117.75,0.0479782938854658,27.1,0.24577352,501.9071,79,54,25,27
-22.0,118.0,0.0477364029225316,50.4,0.27273604,502.9918,70,54,32,25
-22.0,118.25,0.0443518678702059,70.2,0.3047127,503.46204,65,58,42,24
-22.0,118.5,0.0479133367383231,79.1,0.30977944,503.2312,62,54,45,25
-22.0,118.75,0.0503016136775148,83.6,0.3084242,503.90826,61,51,44,24
-22.0,119.0,0.0473678263591691,82.6,0.31142125,504.79318,61,54,46,22
-22.0,119.25,0.0475488860814255,83.2,0.31000182,506.19803,61,54,45,19
-22.0,119.5,0.0495330243460124,70.6,0.31230515,506.87723,65,52,47,18
-22.0,119.75,0.0450654308721866,57.4,0.3334186,505.35474,68,57,60,21
-22.0,120.0,0.0372869967377655,54.0,0.35628447,504.92535,69,67,70,22
-22.0,120.25,0.035074088831676,62.0,0.346437,505.55667,67,69,66,21
-22.0,120.5,0.0334694679083657,78.0,0.34304047,505.00107,62,70,65,22
-22.0,120.75,0.0346269095313757,98.1,0.33785313,504.1907,58,69,62,23
-22.0,121.0,0.0408287295140326,120.3,0.3343573,504.8442,53,62,61,22
-22.0,121.25,0.046724063904202,143.6,0.3446626,506.72067,48,55,66,18
-22.0,121.5,0.0511622950789474,167.5,0.36477673,508.2546,43,50,73,15
-22.0,121.75,0.0562782947478505,191.9,0.3605681,509.24487,39,44,72,12
-22.0,122.0,0.0576311779474573,216.6,0.3640687,509.52292,35,43,73,12
-22.0,122.25,0.0588730397501162,241.4,0.37269875,509.8721,31,42,75,11
-22.0,122.5,0.0589591913407535,266.4,0.365798,509.79257,28,42,73,11
-22.0,122.75,0.0572811258446779,291.5,0.3552493,510.17212,24,43,70,10
-22.0,123.0,0.0520558253690112,316.6,0.3525044,509.97165,21,48,69,11
-22.0,123.25,0.0488930272226709,341.6,0.36447704,513.0842,19,53,73,4
-22.0,123.5,0.0483026981985728,366.6,0.35215494,513.9607,16,53,69,3
-22.0,123.75,0.0454326020743575,391.7,0.33677715,513.6756,14,57,62,3
-22.0,124.0,0.0402415623074852,416.8,0.3345625,513.82654,12,63,61,3
-22.0,124.25,0.034572264144732,441.7,0.34419575,514.63306,10,69,65,2
-22.0,124.5,0.0293269801385966,466.8,0.34976912,514.2184,9,74,68,2
-22.0,124.75,0.0233879994767318,491.8,0.35885453,514.52014,7,80,71,2
-22.0,125.0,0.0204674291995442,516.9,0.3795159,515.66406,6,83,77,1
-22.0,125.25,0.0223952265572734,542.1,0.38058224,516.2072,5,81,78,1
-22.0,125.5,0.0224707401191283,567.3,0.35610855,515.0319,4,81,70,2
-22.0,125.75,0.0195022563915699,592.5,0.341782,513.7503,3,84,64,3
-22.0,126.0,0.0111486177569964,617.7,0.3467708,513.1418,2,91,67,4
-22.0,126.25,0.0021734584743777,627.9,0.3644106,512.5372,2,99,73,5
-22.0,126.5,-0.0093693750782958,618.9,0.35926157,513.3724,2,93,71,3
-22.0,126.75,-0.019368991522961,611.0,0.36131606,513.02045,2,84,72,4
-22.0,127.0,-0.0245973566796497,604.0,0.36732134,512.10815,3,79,74,5
-22.0,127.25,-0.0223411767211343,598.2,0.3459234,511.11346,3,81,66,8
-22.0,127.5,-0.0199422986756655,593.4,0.32350004,509.48462,3,83,54,12
-22.0,127.75,-0.0251518086929406,589.8,0.31728384,508.74146,3,79,50,14
-22.0,128.0,-0.0316104455651449,587.2,0.32237974,509.59793,3,72,53,12
-22.0,128.25,-0.032729777648291,585.8,0.3142228,509.55524,3,71,48,12
-22.0,128.5,-0.0320389407490091,576.9,0.31249458,508.62692,3,72,47,14
-22.0,128.75,-0.0326192438713319,553.0,0.31297418,508.3025,4,71,47,15
-22.0,129.0,-0.037532846137349,529.2,0.32639125,508.89566,5,66,56,13
-22.0,129.25,-0.0447624245563582,505.6,0.3488736,509.10272,6,58,67,13
-22.0,129.5,-0.0551766077189573,482.1,0.37828812,508.49158,8,45,77,14
-22.0,129.75,-0.0639285269088023,458.9,0.40489465,508.3489,9,38,84,15
-22.0,130.0,-0.0704924814292185,435.8,0.42436567,508.25052,11,34,89,15
-22.0,130.25,-0.0725865911559334,413.1,0.42842627,508.02243,12,33,90,16
-22.0,130.5,-0.0712159423020369,390.7,0.4260231,507.07275,14,33,89,18
-22.0,130.75,-0.0708236879005978,368.6,0.41859117,506.35516,16,34,87,19
-22.0,131.0,-0.0700614505497339,347.1,0.41312492,505.70367,18,34,86,21
-22.0,131.25,-0.0716512914880045,325.5,0.41593927,505.46515,20,33,87,21
-22.0,131.5,-0.0714304335537322,301.6,0.4193241,504.5067,23,33,88,23
-22.0,131.75,-0.0704241675759909,278.0,0.42144305,503.66028,26,34,88,24
-22.0,132.0,-0.0721877608839089,254.9,0.41664577,503.41113,29,33,87,24
-22.0,132.25,-0.07190612670522,232.3,0.41244373,503.3627,33,33,86,25
-22.0,132.5,-0.0724296023439993,210.4,0.39588392,503.73825,36,33,82,24
-22.0,132.75,-0.0750821030141586,189.4,0.38730356,503.63312,40,32,79,24
-22.0,133.0,-0.0669435844557093,169.8,0.34887502,504.12445,43,36,67,23
-22.0,133.25,-0.0603498759568624,152.0,0.2961732,503.93018,46,40,39,24
-22.0,133.5,-0.0623026373397026,136.7,0.27230653,504.24893,49,39,32,23
-22.0,133.75,-0.0701183966787842,124.9,0.28245017,504.33948,52,34,34,23
-22.0,134.0,-0.0735733367924001,117.7,0.29842752,504.72324,53,32,40,22
-22.0,134.25,-0.0737510115340618,115.8,0.3047725,506.18323,54,32,42,19
-22.0,134.5,-0.0710530926329998,119.5,0.30247852,508.08426,53,33,41,15
-22.0,134.75,-0.0693220776716424,128.4,0.29833186,509.8426,51,34,40,11
-22.0,135.0,-0.0699120197932989,141.5,0.29336876,509.7848,48,34,38,11
-22.0,135.25,-0.0718864600797089,157.7,0.3025033,509.4533,45,33,41,12
-22.0,135.5,-0.0744567141552189,176.2,0.3084889,509.51077,42,32,44,12
-22.0,135.75,-0.074344668887733,196.4,0.3221541,509.36926,38,32,53,12
-22.0,136.0,-0.0743682492601995,217.7,0.3288963,509.7033,35,32,58,11
-22.0,136.25,-0.0771931150761832,239.8,0.35152477,509.69888,31,31,68,11
-22.0,136.5,-0.0791574246299985,262.7,0.3787998,510.06647,28,30,77,10
-22.0,136.75,-0.0741082731734163,286.0,0.3578589,510.04263,25,32,71,11
-22.0,137.0,-0.0701590689639228,289.4,0.35429552,509.8179,25,34,69,11
-22.0,137.25,-0.0728178919681037,266.9,0.38426474,509.62582,28,33,79,11
-22.0,137.5,-0.0731208557102252,245.1,0.4051377,507.88782,31,32,84,16
-22.0,137.75,-0.0756434510018499,224.1,0.40115666,508.7289,34,31,83,14
-22.0,138.0,-0.0772414175571785,204.2,0.38659418,508.93954,37,31,79,13
-22.0,138.25,-0.076920532579312,185.8,0.3578897,509.70367,40,31,71,11
-22.0,138.5,-0.0797912083222486,169.2,0.33705595,510.28326,43,29,62,10
-22.0,138.75,-0.0785696860025858,155.2,0.33798504,509.98718,45,30,63,11
-22.0,139.0,-0.0767927329477277,144.5,0.35717744,510.05417,47,31,70,11
-22.0,139.25,-0.0800837466559772,137.7,0.39299038,509.1749,49,29,81,13
-22.0,139.5,-0.0777326942532367,135.6,0.35902432,509.5766,49,30,71,12
-22.0,139.75,-0.0696162098976076,135.9,0.32105356,509.12817,49,34,53,13
-22.0,140.0,-0.063490353214244,134.0,0.30768615,508.5975,50,38,44,14
-22.0,140.25,-0.0627561047251912,135.8,0.31409007,507.80554,49,39,48,16
-22.0,140.5,-0.0614576789428524,140.7,0.32615867,507.28293,48,40,56,17
-22.0,140.75,-0.0587661023661937,145.7,0.31678298,507.7544,47,42,50,16
-22.0,141.0,-0.0596274946090055,152.5,0.32911512,506.1025,46,41,58,20
-22.0,141.25,-0.0587342429534709,157.9,0.36169165,504.32135,45,42,72,23
-22.0,141.5,-0.0562007318054037,151.5,0.37012663,504.78656,46,44,75,22
-22.0,141.75,-0.0477955782043171,136.1,0.3620448,504.82007,49,54,72,22
-22.0,142.0,-0.0429010636294454,111.2,0.33755156,505.4455,55,60,62,21
-22.0,142.25,-0.0438577447718541,86.5,0.31789753,506.62033,60,59,51,19
-22.0,142.5,-0.0419291876450491,62.7,0.3109058,508.26834,67,61,46,15
-22.0,142.75,-0.0349208112301615,39.4,0.32015765,508.67184,74,69,52,14
-22.0,143.0,-0.0273728113255596,16.4,0.33380717,508.24704,85,76,60,15
-22.0,143.25,-0.0199352052739067,6.8,0.34043938,508.033,92,83,64,16
-22.0,143.5,-0.0131843220170897,29.6,0.34538412,506.88,78,90,66,18
-22.0,143.75,-0.0058835274659075,48.0,0.33862245,505.179,71,96,63,21
-22.0,144.0,0.0031174118968746,69.4,0.3217618,503.284,65,98,53,25
-22.0,144.25,0.0202345526865905,88.7,0.31103852,502.41714,60,83,46,26
-22.0,144.5,0.0443391754036946,108.2,0.33361205,501.23764,55,58,60,27
-22.0,144.75,0.0579440594872548,124.2,0.34453672,499.6009,52,42,66,29
-22.0,145.0,0.0665658135413347,129.7,0.31191283,497.91507,51,36,47,31
-22.0,145.25,0.0716842010312358,136.5,0.28345412,496.18732,49,33,34,34
-22.0,145.5,0.0738500435725741,143.4,0.28771573,493.50418,48,32,36,38
-22.0,145.75,0.0718741191772832,151.8,0.27949095,490.04712,46,33,33,41
-22.0,146.0,0.0671010055934034,157.3,0.24637108,486.9265,45,36,25,45
-22.0,146.25,0.0601535441711478,139.7,0.22105615,483.7788,48,41,21,47
-22.0,146.5,0.0481385709939613,122.4,0.22081992,481.62625,52,53,21,49
-22.0,146.75,0.0398113871436743,106.8,0.23143749,479.23877,56,64,23,51
-22.0,147.0,0.036380126555672,86.2,0.2649147,477.3607,61,67,30,53
-22.0,147.25,0.0325020269002942,64.7,0.27141213,474.85815,66,72,31,55
-22.0,147.5,0.028691932873889,44.0,0.26863578,471.16455,72,75,31,58
-22.0,147.75,0.0277749542801064,23.0,0.24387723,465.6599,81,76,25,62
-22.0,148.0,0.0278575448276353,1.4,0.2140783,458.28723,98,76,20,68
-22.0,148.25,0.0277446219450905,3.2,0.17402944,451.1509,96,76,14,73
-22.0,148.5,0.024686591983551,14.8,0.14382839,443.44873,86,79,9,78
-22.0,148.75,0.0283105682116001,16.0,0.13945985,440.09116,85,76,8,80
-22.0,149.0,0.0266453427462173,1.6,0.14123552,440.18326,98,77,8,80
-22.0,149.25,0.0057200612242186,12.9,0.13595329,448.56943,88,96,7,75
-22.0,149.5,-0.0037465242892115,34.2,0.22638524,456.9988,76,97,22,69
-22.25,114.0,0.0730399145611694,260.4,0.4629533,521.9661,29,33,98,1
-22.25,114.5,0.0700836234836883,211.1,0.46287304,517.6449,36,34,98,1
-22.25,114.75,0.0782195341551587,186.8,0.43626523,517.83685,40,30,92,1
-22.25,115.0,0.0832039004125233,163.0,0.39922968,514.85406,44,28,82,2
-22.25,115.25,0.0872032144506062,139.7,0.379658,512.2799,48,26,77,5
-22.25,115.5,0.0878928143708478,117.5,0.3770668,511.23538,53,26,77,7
-22.25,115.75,0.0853221192533272,97.0,0.3495237,509.68216,58,27,68,11
-22.25,116.0,0.084393335616083,79.4,0.28455502,506.9939,62,28,35,18
-22.25,116.25,0.0824392550868824,67.3,0.24590714,502.9924,65,28,25,25
-22.25,116.5,0.0714182949636042,63.3,0.22398205,500.19324,66,33,21,29
-22.25,116.75,0.06121994985456,65.9,0.21799722,498.8777,66,40,20,30
-22.25,117.0,0.0543306975226317,48.3,0.2112612,499.19986,71,46,19,30
-22.25,117.25,0.0427791889801266,22.9,0.20826285,498.6247,81,60,19,30
-22.25,117.5,0.0422362501012338,0.5,0.20172445,499.90842,100,61,18,29
-22.25,117.75,0.0471798188585255,24.4,0.21838905,500.61316,80,55,20,28
-22.25,118.0,0.0501372430251822,40.1,0.24042249,500.99182,74,51,24,28
-22.25,118.25,0.0477447702859838,43.6,0.26884815,500.6847,72,54,31,28
-22.25,118.5,0.0492617868951388,54.6,0.2955122,500.8817,69,52,39,28
-22.25,118.75,0.0512613144292984,56.1,0.29987335,501.56815,68,49,40,27
-22.25,119.0,0.0483816294642608,54.8,0.30163667,502.70215,69,53,41,26
-22.25,119.25,0.0486233247577079,55.8,0.29850632,503.4599,68,53,40,24
-22.25,119.5,0.0471548411466452,51.7,0.3081374,503.99103,70,55,44,24
-22.25,119.75,0.042932858448919,32.8,0.32808724,503.33295,76,60,57,25
-22.25,120.0,0.0306489791715562,26.4,0.3496423,502.87524,79,73,68,25
-22.25,120.25,0.0269263661278056,40.3,0.34571546,503.15036,74,77,66,25
-22.25,120.5,0.0281402626850952,62.1,0.34584355,502.68332,67,76,66,26
-22.25,120.75,0.0348341822069328,85.9,0.34495673,502.4488,61,69,66,26
-22.25,121.0,0.0424335971951395,110.5,0.34258458,503.3222,55,61,65,25
-22.25,121.25,0.0515876204407374,135.5,0.35770896,504.995,49,49,71,22
-22.25,121.5,0.0562682025217717,160.6,0.37768888,507.50967,45,44,77,17
-22.25,121.75,0.0609393501432523,185.8,0.3753729,507.6235,40,40,76,17
-22.25,122.0,0.062613764234508,210.7,0.38274208,508.3594,36,39,78,15
-22.25,122.25,0.0629560378940022,235.8,0.38713765,508.79053,32,39,79,14
-22.25,122.5,0.0650973899799975,260.9,0.38535836,508.97418,28,37,79,13
-22.25,122.75,0.0631756561231755,285.9,0.3764653,509.29633,25,39,76,12
-22.25,123.0,0.059400777433378,310.8,0.36872548,509.76193,22,41,74,11
-22.25,123.25,0.0542736911658375,335.9,0.36830157,511.97513,19,46,74,6
-22.25,123.5,0.0510484810519431,361.0,0.35582528,513.2714,17,50,70,3
-22.25,123.75,0.0484318500717303,386.1,0.34378657,512.83624,15,53,65,4
-22.25,124.0,0.0425184628926217,411.3,0.34058547,512.6194,13,60,64,4
-22.25,124.25,0.0367829643666655,436.5,0.34460622,513.1719,11,67,66,4
-22.25,124.5,0.0311207313079475,461.8,0.34634686,513.1748,9,73,66,4
-22.25,124.75,0.0277492691929053,487.1,0.34668624,513.2677,7,76,67,3
-22.25,125.0,0.0257578554751706,512.4,0.3585924,513.45154,6,78,71,3
-22.25,125.25,0.0261729000557568,537.7,0.36225212,513.9362,5,78,72,3
-22.25,125.5,0.0223237351880275,563.0,0.36854,513.63745,4,81,74,3
-22.25,125.75,0.0179587189451835,588.4,0.3567076,512.40826,3,85,70,5
-22.25,126.0,0.0141053195269445,613.7,0.3604196,512.1197,2,89,72,5
-22.25,126.25,0.0074646110546642,639.1,0.36979637,511.85312,2,94,75,6
-22.25,126.5,-0.0015351286512755,645.4,0.37104592,512.4006,1,99,75,5
-22.25,126.75,-0.0108791972698998,637.7,0.38397008,512.53455,2,92,78,5
-22.25,127.0,-0.0147336293477565,631.1,0.38578528,511.66092,2,88,79,6
-22.25,127.25,-0.0166156480931455,625.5,0.36384636,510.9481,2,87,73,8
-22.25,127.5,-0.016167167663419,621.0,0.33525112,509.61798,2,87,61,12
-22.25,127.75,-0.0182147076855818,617.5,0.32317287,508.88324,2,85,54,13
-22.25,128.0,-0.0236875307047739,615.0,0.32814315,508.93945,2,80,57,13
-22.25,128.25,-0.0271336801106198,591.6,0.3197471,509.0835,3,77,52,13
-22.25,128.5,-0.0291765231361967,567.5,0.32760566,508.43195,4,75,57,15
-22.25,128.75,-0.0317218311241872,543.4,0.32610264,508.12915,5,72,56,15
-22.25,129.0,-0.0324942034780092,519.3,0.33052212,508.09174,6,72,59,15
-22.25,129.25,-0.0402604601789443,495.2,0.34565592,507.84247,7,63,66,16
-22.25,129.5,-0.0510602520224416,471.3,0.37644508,507.22705,8,50,76,17
-22.25,129.75,-0.0622986448431176,447.6,0.40777445,508.00473,10,39,85,16
-22.25,130.0,-0.0698074352805547,424.0,0.42604432,507.25192,12,34,89,17
-22.25,130.25,-0.0767135861525145,400.7,0.4428655,506.0987,13,31,93,20
-22.25,130.5,-0.0768739165484605,377.6,0.43941978,505.03735,15,31,93,22
-22.25,130.75,-0.077361495440848,354.8,0.43575758,505.39932,17,31,92,21
-22.25,131.0,-0.0785858430278798,332.4,0.4276719,505.26465,20,30,90,21
-22.25,131.25,-0.0801531872667727,310.4,0.42902353,504.6282,22,29,90,23
-22.25,131.5,-0.0767077047643916,289.0,0.42467123,503.30798,25,31,89,25
-22.25,131.75,-0.0743899122324018,268.3,0.42193663,502.41876,27,32,88,26
-22.25,132.0,-0.0704214369212942,248.5,0.42260823,501.6993,30,34,88,27
-22.25,132.25,-0.070271744876213,229.8,0.414138,501.79764,33,34,86,27
-22.25,132.5,-0.0701694882519188,212.4,0.41575637,502.65906,36,34,87,26
-22.25,132.75,-0.0733689828465382,196.8,0.41083795,502.6986,38,32,85,26
-22.25,133.0,-0.0653784895094022,183.4,0.3708051,502.68378,41,37,75,26
-22.25,133.25,-0.0538043832203714,172.7,0.30965143,502.1455,42,46,45,26
-22.25,133.5,-0.0559740403628287,161.0,0.27978632,503.3311,44,44,33,25
-22.25,133.75,-0.0619048620391237,151.1,0.28043202,504.42825,46,39,34,23
-22.25,134.0,-0.069208915330403,145.2,0.29536086,504.62726,47,34,38,23
-22.25,134.25,-0.0704846600708108,143.7,0.30826786,505.35803,48,34,44,21
-22.25,134.5,-0.0676986974664032,146.7,0.31098711,506.39536,47,35,46,19
-22.25,134.75,-0.0684020971970832,154.0,0.3128593,507.91013,46,35,47,16
-22.25,135.0,-0.0691851854568258,165.1,0.3236924,508.76163,44,34,54,14
-22.25,135.25,-0.0709596358417045,179.2,0.33227316,508.96768,41,33,60,13
-22.25,135.5,-0.0717322969653954,195.6,0.3564344,509.1967,39,33,70,13
-22.25,135.75,-0.0739388575200878,213.9,0.37826297,508.78754,36,32,77,14
-22.25,136.0,-0.0708274512785941,233.6,0.37332687,508.18625,32,34,76,15
-22.25,136.25,-0.0675415827781849,254.3,0.34275657,508.33148,29,36,65,15
-22.25,136.5,-0.0733927516909759,275.9,0.36895835,509.1025,26,32,74,13
-22.25,136.75,-0.0767105863817657,298.1,0.38613868,509.23276,24,31,79,13
-22.25,137.0,-0.0762583665571929,303.3,0.38446954,509.2786,23,31,79,12
-22.25,137.25,-0.0735337794492287,282.0,0.3913797,509.34897,26,32,80,12
-22.25,137.5,-0.0722856646560276,261.4,0.4016189,508.09183,28,33,83,15
-22.25,137.75,-0.0760423264466226,241.9,0.40302432,508.16263,31,31,83,15
-22.25,138.0,-0.0787697664572901,223.6,0.3951808,508.6009,34,30,81,14
-22.25,138.25,-0.0789176567152719,207.0,0.36470106,509.06924,37,30,73,13
-22.25,138.5,-0.0749399806195426,192.3,0.34057447,509.2871,39,32,64,12
-22.25,138.75,-0.0754677622667735,180.1,0.33521122,509.03647,41,31,61,13
-22.25,139.0,-0.0731274094446451,170.9,0.34662628,508.604,43,32,67,14
-22.25,139.25,-0.0761935008174207,165.3,0.3786323,507.54504,44,31,77,17
-22.25,139.5,-0.0762814579647965,163.6,0.3522721,507.61017,44,31,69,17
-22.25,139.75,-0.0711475447053089,163.5,0.32272196,508.27615,44,33,54,15
-22.25,140.0,-0.0665059546342707,161.9,0.30580667,507.93344,44,36,43,16
-22.25,140.25,-0.0646637342205005,163.5,0.309928,507.93057,44,38,45,16
-22.25,140.5,-0.0664399819670333,168.0,0.31300274,507.99863,43,36,48,16
-22.25,140.75,-0.0620735198924584,173.2,0.3036866,506.73035,42,39,42,18
-22.25,141.0,-0.0582675708346955,179.0,0.31498986,504.7691,41,42,49,22
-22.25,141.25,-0.055658908247105,183.1,0.326946,503.7723,41,45,56,24
-22.25,141.5,-0.0468477534684574,157.6,0.32756737,504.68707,45,55,57,22
-22.25,141.75,-0.039413200166919,132.2,0.31901667,504.66116,50,64,51,23
-22.25,142.0,-0.0390238253582668,106.9,0.33671454,504.08084,56,65,62,24
-22.25,142.25,-0.042915200660493,81.7,0.323661,504.55624,62,60,54,23
-22.25,142.5,-0.0485911731347663,56.4,0.30959535,506.74747,68,53,45,18
-22.25,142.75,-0.0466466861666135,30.8,0.32178783,508.26852,77,55,53,15
-22.25,143.0,-0.0378169327575181,5.4,0.33029684,507.87924,94,66,58,16
-22.25,143.25,-0.0256550823427027,18.7,0.33672544,507.45172,84,78,62,17
-22.25,143.5,-0.0168036657258025,41.8,0.3373048,506.49817,73,86,62,19
-22.25,143.75,-0.00623497568276,64.8,0.34049144,504.63824,66,95,64,23
-22.25,144.0,0.0024221604265871,85.7,0.32430714,502.8649,61,98,55,25
-22.25,144.25,0.0160033155687242,105.7,0.30767128,501.5569,56,87,44,27
-22.25,144.5,0.0329160593317023,126.3,0.32128534,500.15787,51,71,53,29
-22.25,144.75,0.0486585336925816,140.1,0.33410996,499.0464,48,53,60,30
-22.25,145.0,0.0535334946498984,143.3,0.34430975,497.923,48,47,65,31
-22.25,145.25,0.0578483592167945,143.9,0.31991673,496.52542,48,43,52,33
-22.25,145.5,0.0599481107511868,144.5,0.2928075,493.79462,47,41,37,37
-22.25,145.75,0.0587598354245225,143.3,0.27849537,490.89154,48,42,33,41
-22.25,146.0,0.0534238627819355,133.0,0.24731919,487.7655,50,47,26,44
-22.25,146.25,0.0453352518778826,121.0,0.2328137,484.52066,52,57,23,47
-22.25,146.5,0.0364228033859814,110.5,0.22587702,482.28934,55,67,22,48
-22.25,146.75,0.0341960198977696,100.2,0.22693017,479.97815,57,70,22,50
-22.25,147.0,0.0310754847851404,75.4,0.24706894,477.91583,63,73,26,52
-22.25,147.25,0.0244535727648153,51.2,0.26373684,474.96478,70,79,30,55
-22.25,147.5,0.0195708725041532,27.9,0.28028774,469.9844,79,84,34,59
-22.25,147.75,0.0192412771589477,7.3,0.25424415,464.31677,92,84,27,63
-22.25,148.0,0.0229977120549024,13.9,0.2092625,457.6763,87,81,19,69
-22.25,148.25,0.0251397360038633,0.9,0.16776936,450.37445,99,79,13,74
-22.25,148.5,0.02437556766284,23.6,0.15002708,447.033,81,79,10,76
-22.25,148.75,0.0293766595268001,28.7,0.14309524,444.30225,78,74,9,78
-22.25,149.0,0.0277650626828073,6.3,0.15132795,444.5566,93,76,10,78
-22.25,149.25,0.0138293990865349,3.4,0.13287167,448.1158,96,89,7,75
-22.25,149.5,-0.0011106221071843,18.5,0.18910927,454.77686,84,100,16,71
-22.25,150.0,-0.0047027973059032,63.0,0.35454258,459.42242,66,97,69,67
-22.25,150.5,-0.011091318900331,89.2,0.39754552,456.31625,60,91,82,70
-22.5,113.75,0.0735595823620401,292.5,0.5417978,520.2081,24,32,100,1
-22.5,114.0,0.0707651431860757,268.3,0.48850998,521.83154,27,34,100,1
-22.5,114.25,0.0662648466981149,244.4,0.47050443,518.85077,31,37,99,1
-22.5,114.5,0.0681936884254572,220.9,0.4301636,514.832,34,35,90,2
-22.5,114.75,0.076642092351713,197.9,0.3957562,514.7123,38,31,82,2
-22.5,115.0,0.081901215259651,175.6,0.41535184,512.686,42,29,87,4
-22.5,115.25,0.0868883471780767,154.4,0.42126486,511.33914,46,27,88,7
-22.5,115.5,0.0881327918919158,134.6,0.4038404,510.5368,50,26,84,9
-22.5,115.75,0.0848551801782811,117.2,0.36910802,509.571,53,27,74,12
-22.5,116.0,0.085487270196678,103.1,0.3004631,506.94354,56,27,40,18
-22.5,116.25,0.0830724444245875,94.1,0.2510432,504.1585,59,28,27,23
-22.5,116.5,0.0753774920176337,91.1,0.22031885,501.19168,59,31,21,27
-22.5,116.75,0.0597344122172909,73.2,0.19346462,499.13126,64,41,17,30
-22.5,117.0,0.0504925577904075,47.9,0.19050312,498.8423,71,50,16,30
-22.5,117.25,0.0431870362219689,23.0,0.19184059,498.34506,81,60,17,31
-22.5,117.5,0.0435155764266493,0.6,0.19847055,497.7361,100,59,18,32
-22.5,117.75,0.049566576861599,16.1,0.20636964,498.92783,85,52,19,30
-22.5,118.0,0.0452178780120448,12.2,0.21401687,498.70074,88,57,20,30
-22.5,118.25,0.0433694061069261,17.7,0.22519131,497.779,84,59,22,32
-22.5,118.5,0.0460303022941973,34.4,0.26459363,497.9929,76,56,30,31
-22.5,118.75,0.0520037568246369,29.5,0.30285737,498.9419,78,49,42,30
-22.5,119.0,0.0536093528526613,27.0,0.29575142,499.87433,79,47,39,29
-22.5,119.25,0.0506177650159294,29.4,0.2940567,501.45358,78,50,38,27
-22.5,119.5,0.0478241896356589,43.6,0.29784524,501.52963,72,54,39,27
-22.5,119.75,0.0408986436458127,18.1,0.32190436,502.30908,84,62,53,26
-22.5,120.0,0.0291211324225601,5.7,0.3420368,501.9987,93,75,64,26
-22.5,120.25,0.0253149242073829,30.4,0.3450408,501.74265,77,78,66,27
-22.5,120.5,0.0283637209532095,55.2,0.3669212,501.82883,69,76,74,27
-22.5,120.75,0.0330946900227683,80.1,0.36343685,501.40976,62,71,73,27
-22.5,121.0,0.0422375761770776,105.3,0.36446676,502.06293,56,61,73,26
-22.5,121.25,0.0503150916691603,130.4,0.37837905,504.11646,50,51,77,24
-22.5,121.5,0.0524715418835902,155.2,0.39956278,506.78827,45,48,82,18
-22.5,121.75,0.0562449822451786,180.2,0.39186922,507.07837,41,44,81,18
-22.5,122.0,0.0586948767997368,205.3,0.391369,507.23398,37,42,80,17
-22.5,122.25,0.0630084911671777,230.5,0.38231304,507.37384,33,39,78,17
-22.5,122.5,0.0626507006873864,255.7,0.37943736,507.85272,29,39,77,16
-22.5,122.75,0.0640185148322156,281.0,0.38945553,507.91278,26,38,80,16
-22.5,123.0,0.0608869720183845,306.3,0.38153917,508.6266,23,40,78,14
-22.5,123.25,0.0558499303247247,331.6,0.3622429,509.97867,20,44,72,11
-22.5,123.5,0.0521069961954795,357.0,0.3571798,511.43332,17,48,70,7
-22.5,123.75,0.0490041178163318,382.3,0.34771708,510.93396,15,52,67,8
-22.5,124.0,0.0438566824631942,407.7,0.3535221,511.37482,13,59,69,7
-22.5,124.25,0.0375661684610393,433.1,0.3563876,511.46396,11,66,70,7
-22.5,124.5,0.0341679652484474,458.5,0.3518676,512.2372,9,70,68,5
-22.5,124.75,0.0334560210417423,483.9,0.34721398,511.9626,8,71,67,6
-22.5,125.0,0.0311178552496823,509.3,0.3571541,511.5564,6,73,70,7
-22.5,125.25,0.0245149298155281,534.7,0.36840358,511.93982,5,79,74,6
-22.5,125.5,0.018870637335238,560.1,0.37517467,511.6988,4,85,76,6
-22.5,125.75,0.0124476184974247,585.5,0.39198568,512.07855,3,90,81,5
-22.5,126.0,0.0057014447589088,611.0,0.39510626,511.52365,2,96,81,7
-22.5,126.25,0.0026374835739954,636.4,0.39281884,511.79227,2,98,81,6
-22.5,126.5,-0.0051063079364775,661.8,0.38900056,511.2239,1,96,80,7
-22.5,126.75,-0.0129237654277988,664.6,0.3974419,511.3871,1,90,82,7
-22.5,127.0,-0.0148102606219167,658.3,0.39773527,511.59372,1,88,82,7
-22.5,127.25,-0.0152748756337955,652.9,0.37058064,510.96008,1,88,75,8
-22.5,127.5,-0.0153186275535734,648.6,0.34655562,510.15152,1,88,66,10
-22.5,127.75,-0.0163455510035245,632.3,0.3345459,509.4679,2,87,61,12
-22.5,128.0,-0.0184390897241731,607.7,0.3452342,508.41592,2,85,66,15
-22.5,128.25,-0.0213221227373218,583.2,0.3360388,508.77014,3,82,61,14
-22.5,128.5,-0.0254787180899819,558.7,0.33684063,507.92783,4,78,62,16
-22.5,128.75,-0.0266231013147348,534.4,0.34533212,507.7419,5,77,66,16
-22.5,129.0,-0.0310410780765648,510.1,0.3458697,507.60507,6,73,66,17
-22.5,129.25,-0.0377254768984303,486.0,0.36299533,506.83945,7,66,72,18
-22.5,129.5,-0.0480844472119185,461.9,0.38403875,506.5174,9,53,79,19
-22.5,129.75,-0.0567836397238785,437.8,0.3961092,506.46066,11,43,82,19
-22.5,130.0,-0.0665342741013903,413.7,0.40689564,506.07062,12,36,85,20
-22.5,130.25,-0.0733707485698341,389.8,0.4225138,505.2529,14,32,88,21
-22.5,130.5,-0.0807761502540892,366.1,0.4372253,504.94788,16,29,92,22
-22.5,130.75,-0.0808460194462289,342.7,0.43185884,505.48676,18,29,91,21
-22.5,131.0,-0.0831124355484332,319.5,0.42342788,505.39346,21,28,89,21
-22.5,131.25,-0.0862918692507914,296.6,0.4226267,504.4219,24,27,88,23
-22.5,131.5,-0.0844196093933922,274.2,0.41391957,503.2153,27,28,86,25
-22.5,131.75,-0.0805763189370433,252.3,0.41117975,502.59952,30,29,86,26
-22.5,132.0,-0.0788033195848887,231.2,0.40727097,501.6069,33,30,85,27
-22.5,132.25,-0.0754491963922711,211.0,0.41432855,501.2873,36,31,86,27
-22.5,132.5,-0.0758362551363894,192.0,0.41506085,501.91357,39,31,87,27
-22.5,132.75,-0.0760824692923398,174.6,0.42450744,501.27966,42,31,89,27
-22.5,133.0,-0.0695785882328415,159.4,0.39865917,500.7175,45,34,82,28
-22.5,133.25,-0.0604608884038281,147.0,0.3373948,500.58972,47,40,62,28
-22.5,133.5,-0.0539160017190235,138.2,0.29721498,501.76123,49,46,39,27
-22.5,133.75,-0.0621310037549673,133.7,0.29527897,503.20914,50,39,38,25
-22.5,134.0,-0.065034471858581,134.0,0.3139255,504.17596,50,37,48,23
-22.5,134.25,-0.0685397561373455,138.9,0.3338569,504.84827,49,35,60,22
-22.5,134.5,-0.0689497906969682,148.1,0.35583055,505.81604,47,35,70,20
-22.5,134.75,-0.0732839742054542,160.8,0.36832115,507.6542,44,32,74,16
-22.5,135.0,-0.0745651247268099,175.8,0.37660277,508.3476,42,32,76,15
-22.5,135.25,-0.0707718076760925,193.0,0.38475528,508.85983,39,34,79,14
-22.5,135.5,-0.0723806175691563,211.9,0.40572092,508.88287,36,33,84,13
-22.5,135.75,-0.0667730305070844,232.0,0.40589923,508.31424,33,36,84,15
-22.5,136.0,-0.0617701312050312,251.5,0.40369266,507.8515,30,39,84,16
-22.5,136.25,-0.0585135887487835,270.9,0.3754992,507.8044,27,42,76,16
-22.5,136.5,-0.0671673869359351,291.2,0.3907325,508.4871,24,36,80,14
-22.5,136.75,-0.0742618227014429,312.3,0.4057906,508.59186,22,32,84,14
-22.5,137.0,-0.077543434050555,319.0,0.41798028,508.19562,21,30,87,15
-22.5,137.25,-0.0781341251518045,298.8,0.420521,508.23654,23,30,88,15
-22.5,137.5,-0.0753728364394711,279.6,0.42317966,508.66763,26,31,89,14
-22.5,137.75,-0.0754006267791347,261.5,0.420838,507.36966,28,31,88,17
-22.5,138.0,-0.0787638263399934,244.7,0.40876412,507.82736,31,30,85,16
-22.5,138.25,-0.0777691936730185,229.6,0.3877624,508.66476,33,30,80,14
-22.5,138.5,-0.0767136406796496,216.5,0.35880014,508.6058,35,31,71,14
-22.5,138.75,-0.0688213318043078,205.8,0.33550158,508.60834,37,35,61,14
-22.5,139.0,-0.0687300166979964,197.8,0.33815795,508.09714,38,35,63,15
-22.5,139.25,-0.0718367447500072,193.0,0.35628086,506.80728,39,33,70,18
-22.5,139.5,-0.0718606837537317,191.5,0.34072778,507.06686,39,33,64,18
-22.5,139.75,-0.068937831935251,191.2,0.31366408,507.4269,39,35,48,17
-22.5,140.0,-0.0640073143062181,189.9,0.3081647,507.2516,39,38,44,17
-22.5,140.25,-0.0638611738015675,191.3,0.30714002,507.49008,39,38,44,17
-22.5,140.5,-0.0674964857908586,195.3,0.3096877,507.74768,39,36,45,16
-22.5,140.75,-0.0679494365051921,200.9,0.30389094,505.78903,38,35,42,20
-22.5,141.0,-0.0644856504605351,205.8,0.31171644,503.87033,37,38,47,24
-22.5,141.25,-0.055244780865143,182.7,0.3036188,503.7021,41,45,42,24
-22.5,141.5,-0.0474244001321494,157.3,0.29803088,504.55777,45,54,40,23
-22.5,141.75,-0.0407076315682691,131.9,0.2999873,505.1666,50,63,40,21
-22.5,142.0,-0.042620371596422,106.5,0.31036738,504.9782,56,60,46,22
-22.5,142.25,-0.0500964897120346,81.3,0.32546037,503.98514,62,51,56,24
-22.5,142.5,-0.0581839179664495,56.3,0.33232287,505.12994,68,42,60,22
-22.5,142.75,-0.0584826918341042,32.0,0.35069674,506.84116,77,42,68,18
-22.5,143.0,-0.0510483002201432,13.6,0.35674027,506.46606,87,50,70,19
-22.5,143.25,-0.0391772207709783,25.4,0.35621494,505.93442,80,64,70,20
-22.5,143.5,-0.0211896034026895,49.0,0.33112544,505.89224,71,82,59,20
-22.5,143.75,-0.0082415963184931,73.8,0.327661,504.38126,64,94,57,23
-22.5,144.0,0.0014714574078208,99.0,0.32124007,502.51303,58,99,53,26
-22.5,144.25,0.0084740623765225,105.7,0.30709466,500.70187,56,93,44,28
-22.5,144.5,0.0245692103995852,107.0,0.31299815,499.16385,56,79,48,30
-22.5,144.75,0.0360742036885182,113.3,0.33518305,497.17056,54,68,61,33
-22.5,145.0,0.0434876731642621,115.5,0.3386783,496.2488,54,59,63,34
-22.5,145.25,0.043305807789078,116.0,0.33756107,495.61115,53,59,62,35
-22.5,145.5,0.0447035395717691,116.6,0.3036757,493.14215,53,58,42,38
-22.5,145.75,0.0398826874526483,115.5,0.2948995,490.35785,54,63,38,41
-22.5,146.0,0.0343376029831623,108.6,0.26822603,488.18997,55,70,31,43
-22.5,146.25,0.0301114829878012,96.1,0.2432764,484.97943,58,74,25,46
-22.5,146.5,0.0357564205414659,84.9,0.22283873,482.5351,61,68,21,48
-22.5,146.75,0.0363473639380009,76.7,0.2177962,480.89645,63,68,20,50
-22.5,147.0,0.0280852581263475,71.4,0.22666185,477.75153,64,76,22,52
-22.5,147.25,0.019608328951567,45.9,0.23146416,473.8184,72,84,23,56
-22.5,147.5,0.0202322299991335,20.5,0.2385534,468.73795,82,83,24,60
-22.5,147.75,0.0262710761445175,5.7,0.24603242,462.81274,93,77,25,65
-22.5,148.0,0.0317448331156767,30.0,0.2008816,456.00494,77,72,18,70
-22.5,148.25,0.0296489808985608,11.7,0.17695585,451.38525,89,74,14,73
-22.5,148.5,0.0283139732871426,10.4,0.15611938,448.55603,90,76,11,75
-22.5,148.75,0.0284207471202881,29.8,0.15161443,447.3553,78,75,10,76
-22.5,149.0,0.0231184764299541,18.6,0.1595092,446.45914,84,80,12,76
-22.5,149.25,0.0123977559000541,3.6,0.13676016,447.61078,96,91,7,76
-22.5,149.5,0.0126559708101142,4.9,0.124651186,447.74487,94,90,6,76
-22.5,149.75,0.0034276480104641,26.3,0.18927352,449.50735,79,97,16,74
-22.5,150.0,0.0047406897813613,40.0,0.22296882,445.4102,74,96,21,77
-22.5,150.25,-0.0003950201518212,51.9,0.25185883,442.51334,70,100,27,79
-22.75,113.75,0.0722022466394784,302.1,0.5538564,519.4608,23,33,100,1
-22.75,114.0,0.0696203962711262,278.8,0.49871746,520.86755,26,34,100,1
-22.75,114.25,0.0663235856264474,256.0,0.45420825,517.78467,29,37,96,1
-22.75,114.5,0.0675218818127177,233.7,0.4136885,514.6748,32,36,86,2
-22.75,114.75,0.0719338356439645,212.1,0.37952214,513.0612,36,33,77,4
-22.75,115.0,0.0787572816735995,191.5,0.41453683,511.39056,39,30,86,7
-22.75,115.25,0.0848704258756091,172.3,0.4471246,510.74097,42,27,95,9
-22.75,115.5,0.0877456747948946,154.9,0.4301932,510.31097,46,26,90,10
-22.75,115.75,0.0866984215188061,140.0,0.39547467,509.4699,48,27,82,12
-22.75,116.0,0.0849645547291618,128.6,0.35847425,507.49133,51,27,71,17
-22.75,116.25,0.0829318101052194,121.5,0.30548,505.42163,52,28,43,21
-22.75,116.5,0.0744907857564699,104.1,0.25510395,502.33145,56,32,28,26
-22.75,116.75,0.0633190575620531,80.2,0.21831149,499.86188,62,39,20,29
-22.75,117.0,0.0525013887243057,57.7,0.2087247,499.3434,68,48,19,30
-22.75,117.25,0.0490035261674728,38.4,0.21067883,498.7248,74,52,19,30
-22.75,117.5,0.0451094329357147,20.4,0.19755617,497.17575,83,57,17,32
-22.75,117.75,0.03861460612125,3.1,0.19625974,496.94968,96,65,17,33
-22.75,118.0,0.0351813117607629,15.5,0.20444368,496.77637,86,69,18,33
-22.75,118.25,0.0294515880844777,2.7,0.2107023,495.85114,97,74,19,34
-22.75,118.5,0.0354194212172712,11.1,0.24164678,495.8843,89,68,25,34
-22.75,118.75,0.0456350828410081,7.4,0.28455117,496.78134,92,56,35,33
-22.75,119.0,0.0540397064510865,1.5,0.30793232,498.03378,98,46,44,31
-22.75,119.25,0.0571914805870619,10.7,0.31006837,499.18912,89,43,45,30
-22.75,119.5,0.0566778208883035,35.9,0.31335655,500.26224,75,44,48,29
-22.75,119.75,0.0504597949795424,22.5,0.33113456,501.15164,81,51,59,27
-22.75,120.0,0.0399167660180301,0.4,0.34643716,501.36234,100,63,66,27
-22.75,120.25,0.035861593219895,24.9,0.35875028,501.07388,80,68,71,28
-22.75,120.5,0.0351639380467878,50.1,0.383574,500.929,70,69,78,28
-22.75,120.75,0.0376449419485565,75.4,0.38574573,500.78137,63,66,79,28
-22.75,121.0,0.0417407119934934,100.8,0.38106537,500.99124,57,61,78,28
-22.75,121.25,0.0455611109425912,126.3,0.3872935,502.71298,51,56,79,26
-22.75,121.5,0.0464713318650389,151.7,0.4017134,505.6826,46,55,83,21
-22.75,121.75,0.0502263255494957,177.1,0.38812426,506.4844,42,51,80,19
-22.75,122.0,0.0548586246431417,202.5,0.38082623,506.35635,37,45,78,19
-22.75,122.25,0.0569066030588666,228.0,0.37732592,506.4413,33,43,77,19
-22.75,122.5,0.0582468266798449,253.4,0.39096037,506.1269,30,42,80,20
-22.75,122.75,0.0594441864728218,278.8,0.40097803,506.05792,26,41,83,20
-22.75,123.0,0.0592333560266221,304.3,0.39520577,507.2297,23,41,81,17
-22.75,123.25,0.054987965646502,329.7,0.37852013,508.01266,20,45,77,16
-22.75,123.5,0.0510406620900279,355.1,0.37880513,509.19196,17,50,77,13
-22.75,123.75,0.0481193762472165,380.6,0.38101122,509.71222,15,53,78,11
-22.75,124.0,0.0425845112540714,406.0,0.38278583,510.47192,13,60,78,9
-22.75,124.25,0.0387288084774765,431.4,0.38607913,510.8835,11,65,79,8
-22.75,124.5,0.0382594063822623,456.9,0.3725764,511.52676,9,65,75,7
-22.75,124.75,0.0381278949701005,482.3,0.36242697,510.83694,8,66,72,9
-22.75,125.0,0.0315672734330984,507.7,0.37155887,510.56848,6,72,75,9
-22.75,125.25,0.0225637454955306,533.2,0.3836814,510.7663,5,81,78,9
-22.75,125.5,0.012699548752668,558.6,0.40197483,511.23505,4,90,83,7
-22.75,125.75,0.0056442427121856,584.0,0.41906163,510.88254,3,96,88,8
-22.75,126.0,0.0011179685348733,609.5,0.4243366,511.11356,2,100,89,8
-22.75,126.25,-0.0003209605336277,634.9,0.41011122,511.7848,2,100,85,6
-22.75,126.5,-0.0066473192834694,660.3,0.3947575,511.21725,1,95,81,7
-22.75,126.75,-0.0145374531491792,685.7,0.39510345,511.0109,1,89,81,8
-22.75,127.0,-0.0179596311057962,685.5,0.39793098,510.89612,1,85,82,8
-22.75,127.25,-0.018766293958539,675.3,0.3800607,510.55862,1,85,77,9
-22.75,127.5,-0.01803131276822,650.4,0.35582858,509.47043,1,85,70,12
-22.75,127.75,-0.0162209364951455,625.6,0.35041648,509.2296,2,87,68,13
-22.75,128.0,-0.0159336520891104,600.8,0.35844082,507.91754,3,87,71,16
-22.75,128.25,-0.0169025217676313,576.0,0.35139585,507.96002,3,86,68,16
-22.75,128.5,-0.0178062613901039,551.3,0.34555072,507.584,4,86,66,17
-22.75,128.75,-0.0209874412249995,526.7,0.35046178,508.19412,5,82,68,15
-22.75,129.0,-0.0263501969185502,502.1,0.36120853,507.6988,7,77,72,16
-22.75,129.25,-0.034891641642233,477.6,0.37639368,506.74448,8,69,76,18
-22.75,129.5,-0.0427403269745852,453.1,0.39339888,505.88718,10,60,81,20
-22.75,129.75,-0.0478480959798963,428.8,0.3967809,505.31952,11,54,82,21
-22.75,130.0,-0.0572860218684322,404.6,0.4055603,504.81625,13,43,84,22
-22.75,130.25,-0.066100575080851,380.6,0.41704667,504.5659,15,37,87,23
-22.75,130.5,-0.072779571603141,356.5,0.41886836,504.745,17,33,87,22
-22.75,130.75,-0.0774587639158458,332.4,0.4173493,504.36313,20,30,87,23
-22.75,131.0,-0.0821779536349432,308.5,0.40994662,504.81613,22,28,85,22
-22.75,131.25,-0.0862086069814506,284.9,0.40183252,504.06824,25,27,83,24
-22.75,131.5,-0.0880396687470021,261.5,0.3916441,502.9164,28,26,81,25
-22.75,131.75,-0.0870711623469279,238.6,0.38931757,502.4854,32,27,80,26
-22.75,132.0,-0.0855456139216022,216.1,0.39309922,501.47516,35,27,81,27
-22.75,132.25,-0.0843301141856326,194.4,0.39551207,500.81924,39,28,82,28
-22.75,132.5,-0.0844023076572782,173.6,0.40173253,501.2053,42,28,83,27
-22.75,132.75,-0.0840743546595885,154.3,0.41292968,500.12454,46,28,86,29
-22.75,133.0,-0.0792405256048022,136.8,0.4065363,499.90582,49,30,84,29
-22.75,133.25,-0.0706538234992573,122.2,0.3776159,499.9042,52,34,77,29
-22.75,133.5,-0.062136358727834,111.5,0.32654357,500.5126,55,39,56,28
-22.75,133.75,-0.0607983463859584,105.9,0.3226735,501.5062,56,40,54,27
-22.75,134.0,-0.0654209246027416,106.2,0.3539612,502.83182,56,37,69,25
-22.75,134.25,-0.066574706028526,112.4,0.37416476,503.2963,54,36,76,25
-22.75,134.5,-0.0682199095763887,123.5,0.39340806,504.81702,52,35,81,22
-22.75,134.75,-0.0713942378570902,138.1,0.39784402,506.33365,49,33,82,19
-22.75,135.0,-0.071922754409856,155.3,0.39684796,507.61978,45,33,82,17
-22.75,135.25,-0.0674233724008358,174.5,0.40711334,508.29712,42,36,85,15
-22.75,135.5,-0.0560510963245871,195.1,0.39964458,508.1528,39,44,83,15
-22.75,135.75,-0.0477820642885663,216.7,0.39165354,507.68112,35,54,81,16
-22.75,136.0,-0.044815930185931,239.0,0.3947578,508.08606,32,57,81,15
-22.75,136.25,-0.0480638151799905,261.9,0.39434707,508.07742,28,53,81,15
-22.75,136.5,-0.0574342283887311,285.2,0.40796095,508.9395,25,43,85,13
-22.75,136.75,-0.0650815841010106,308.8,0.42412508,507.99417,22,37,89,16
-22.75,137.0,-0.0700282631198033,332.7,0.435783,507.7608,19,34,92,16
-22.75,137.25,-0.0706328254021216,317.3,0.43550077,507.72028,21,34,92,16
-22.75,137.5,-0.0709072546024496,299.3,0.43386692,508.15622,23,34,91,15
-22.75,137.75,-0.0709265032799781,282.5,0.4283009,507.56528,26,34,90,17
-22.75,138.0,-0.0730601344357377,267.0,0.4212913,506.5317,28,32,88,19
-22.75,138.25,-0.0736636394413099,253.3,0.40626252,507.45172,30,32,84,17
-22.75,138.5,-0.0699410265605408,241.5,0.37650183,507.95425,31,34,76,16
-22.75,138.75,-0.0626509640055398,232.0,0.34374648,508.1701,33,39,65,15
-22.75,139.0,-0.0616967316450817,224.9,0.33232266,507.47888,34,40,60,17
-22.75,139.25,-0.0652464329597673,220.7,0.33491945,506.82797,34,37,61,18
-22.75,139.5,-0.0668570307704309,219.4,0.31785023,506.40527,35,36,51,19
-22.75,139.75,-0.064590144654115,219.0,0.31018713,505.94482,35,38,46,20
-22.75,140.0,-0.0620226972204233,217.8,0.30800152,506.34238,35,39,44,19
-22.75,140.25,-0.0621935145419445,219.1,0.30939233,507.01718,35,39,45,18
-22.75,140.5,-0.0661072734050408,222.7,0.31104586,506.88547,34,37,46,18
-22.75,140.75,-0.070366051449396,228.0,0.31322598,505.1362,33,34,48,22
-22.75,141.0,-0.0677910854374723,211.6,0.31810734,503.61148,36,35,51,24
-22.75,141.25,-0.0579261674634402,186.6,0.3071945,502.9871,40,43,44,25
-22.75,141.5,-0.0518165774111236,161.9,0.29520625,504.6269,44,49,38,23
-22.75,141.75,-0.0496201889678126,137.4,0.29099232,505.04385,49,52,37,22
-22.75,142.0,-0.0526140545566921,113.3,0.30516753,505.3528,54,48,43,21
-22.75,142.25,-0.0606879070248743,90.0,0.32667163,503.6536,60,40,56,24
-22.75,142.5,-0.0639064798563984,68.3,0.3538808,503.4778,65,38,69,24
-22.75,142.75,-0.0592349141991386,50.3,0.38563067,505.87317,70,41,79,20
-22.75,143.0,-0.053238069853701,41.2,0.38575003,504.4626,73,47,79,23
-22.75,143.25,-0.0436241810963976,46.5,0.34829608,504.4764,71,59,67,23
-22.75,143.5,-0.0268364004569039,62.6,0.31616348,504.66165,67,77,49,23
-22.75,143.75,-0.0083964134394634,83.5,0.30999357,503.8672,61,94,45,24
-22.75,144.0,0.0020935292865726,82.1,0.311726,502.32825,61,99,47,26
-22.75,144.25,0.004429099133787,77.8,0.3020422,499.8636,63,97,41,29
-22.75,144.5,0.0147379268903196,79.6,0.30383152,498.11276,62,88,42,31
-22.75,144.75,0.0254161639926245,85.8,0.32008916,496.1374,61,78,52,34
-22.75,145.0,0.0316210021963343,87.7,0.3304089,494.528,60,72,58,36
-22.75,145.25,0.032504659701815,88.1,0.32664475,493.97507,60,72,56,37
-22.75,145.5,0.0334232014269911,88.7,0.31066814,492.24548,60,71,46,39
-22.75,145.75,0.0280232191462779,87.6,0.31029326,489.63992,60,76,46,42
-22.75,146.0,0.0248481160286159,83.6,0.28024274,487.49576,61,79,34,44
-22.75,146.25,0.0322832781001038,71.8,0.2399264,484.40143,64,72,24,47
-22.75,146.5,0.0391009300936102,59.6,0.2122296,482.18134,67,64,20,49
-22.75,146.75,0.0380920058249362,49.4,0.20588964,480.9431,70,66,19,50
-22.75,147.0,0.0294981089819754,47.5,0.22172561,477.1069,71,74,21,53
-22.75,147.25,0.0198594359301274,34.8,0.2106862,472.84845,76,83,19,57
-22.75,147.5,0.0279272361614164,14.5,0.20005159,467.10876,86,76,18,61
-22.75,147.75,0.0366783840149375,12.7,0.20410483,461.60037,88,67,18,65
-22.75,148.0,0.0423822577588171,18.9,0.20346746,456.3376,83,61,18,69
-22.75,148.25,0.0416613370401873,20.0,0.19132395,452.7665,83,61,16,72
-22.75,148.5,0.0367146869998015,4.6,0.16670425,450.9003,95,67,13,74
-22.75,148.75,0.032531683952991,9.1,0.16088071,449.89908,90,71,12,74
-22.75,149.0,0.0231231192947321,20.0,0.1633973,447.5884,83,80,12,76
-22.75,149.25,0.0152963005921005,10.0,0.14447908,445.40955,90,88,9,77
-22.75,149.5,0.0149240734809566,11.5,0.13984829,443.97827,89,88,8,78
-22.75,149.75,0.0157510494131461,4.7,0.14665358,439.5084,94,87,9,80
-22.75,150.0,0.0181726620077998,14.5,0.15350935,433.4289,86,85,10,83
-22.75,150.25,0.0133057038144518,29.2,0.14461982,429.69153,78,90,9,84
-22.75,150.5,0.0071779848481084,43.2,0.17627771,429.83755,72,95,14,84
-22.75,150.75,-0.0018534166039898,36.6,0.3230978,438.35983,75,99,54,81
-23.0,114.0,0.0679384616713616,291.7,0.49976453,517.9325,24,35,100,1
-23.0,114.25,0.0640255945934248,270.0,0.44739148,514.82837,27,38,95,2
-23.0,114.5,0.064835919147507,249.0,0.39977613,512.0645,30,37,83,5
-23.0,114.75,0.0680468809192201,228.9,0.38893905,511.1783,33,35,80,8
-23.0,115.0,0.0758068872532541,210.0,0.41463658,510.68857,36,31,86,9
-23.0,115.25,0.083088589752359,192.7,0.4592629,510.61142,39,28,97,9
-23.0,115.5,0.0892422317039399,177.3,0.46003708,509.86975,42,26,97,11
-23.0,115.75,0.0927623512451256,164.5,0.4239305,509.3368,44,25,89,12
-23.0,116.0,0.0878677451694827,154.9,0.3959824,506.35535,46,26,82,19
-23.0,116.25,0.0860605129218172,138.0,0.34554404,504.2693,49,27,66,23
-23.0,116.5,0.0807586584994125,115.5,0.32204926,503.4307,54,29,53,24
-23.0,116.75,0.0713835193176886,90.9,0.2786191,501.28113,59,33,33,27
-23.0,117.0,0.0590628941787318,66.4,0.2616107,500.41705,66,41,29,28
-23.0,117.25,0.0543072765737417,42.0,0.24828842,499.7063,73,46,26,29
-23.0,117.5,0.0528786062129906,19.3,0.21730062,497.5276,83,48,20,32
-23.0,117.75,0.0327387020779064,2.8,0.20552169,495.55856,97,71,19,35
-23.0,118.0,0.023146951450811,26.2,0.21089911,495.41318,79,80,19,35
-23.0,118.25,0.0250708823753354,25.2,0.23205021,494.98187,80,79,23,36
-23.0,118.5,0.0280997740151915,13.3,0.25310433,494.72025,87,76,27,36
-23.0,118.75,0.038440102661982,0.3,0.27851403,495.43155,100,65,33,35
-23.0,119.0,0.0466272029921778,10.7,0.31174928,496.2927,89,55,47,34
-23.0,119.25,0.0564150460108759,5.1,0.32682672,497.34973,94,44,56,32
-23.0,119.5,0.0589371748019142,12.8,0.33584866,498.06918,88,42,61,31
-23.0,119.75,0.0598311687686613,23.7,0.34238094,498.78464,81,41,65,30
-23.0,120.0,0.0560837876938638,1.1,0.35764685,500.25653,99,44,71,29
-23.0,120.25,0.0509928330156808,25.8,0.38058963,500.37637,79,50,78,28
-23.0,120.5,0.0458528739289336,51.1,0.39968103,499.666,70,56,83,29
-23.0,120.75,0.0432265445770185,76.4,0.40768078,499.67096,63,59,85,29
-23.0,121.0,0.0441892947275413,101.8,0.39630654,499.93747,57,58,82,29
-23.0,121.25,0.0449531412420799,127.2,0.3841512,501.08813,51,57,79,27
-23.0,121.5,0.0453951576491124,152.6,0.38636282,504.2372,46,57,79,23
-23.0,121.75,0.049189373045755,178.0,0.37493098,505.021,41,52,76,22
-23.0,122.0,0.0538353474411581,203.2,0.38000748,505.38876,37,46,77,21
-23.0,122.25,0.0551762988968264,228.6,0.38855577,505.61594,33,45,80,21
-23.0,122.5,0.0549912099452491,253.9,0.39498296,506.0847,30,45,81,20
-23.0,122.75,0.0560159877574603,279.2,0.40572003,506.09363,26,44,84,20
-23.0,123.0,0.0561443393806084,304.6,0.4053906,506.72913,23,44,84,18
-23.0,123.25,0.0543004648416258,329.9,0.41149774,506.95425,20,46,86,18
-23.0,123.5,0.0501800807398034,355.3,0.41574815,508.27243,17,51,87,15
-23.0,123.75,0.0460125347200248,380.7,0.4188794,508.55185,15,56,87,14
-23.0,124.0,0.0416192279873593,406.1,0.4172526,509.46878,13,62,87,12
-23.0,124.25,0.0413324908922991,431.4,0.414963,509.83524,11,62,87,11
-23.0,124.5,0.0434873225699578,456.8,0.39303452,510.22324,9,59,81,10
-23.0,124.75,0.0442064185560281,482.2,0.37803143,509.72128,8,58,77,11
-23.0,125.0,0.0398956084579584,507.6,0.3808574,509.05682,6,63,78,13
-23.0,125.25,0.028443847193973,533.0,0.39326876,509.44052,5,75,81,12
-23.0,125.5,0.0179249294102191,558.3,0.41411167,509.89377,4,85,86,11
-23.0,125.75,0.0089658117154613,583.7,0.4309207,509.70914,3,93,91,11
-23.0,126.0,0.0033235273678742,609.1,0.4361646,509.73557,2,98,92,11
-23.0,126.25,0.0032832075669873,634.5,0.41041777,511.43033,2,98,85,7
-23.0,126.5,-0.002015076400823,659.9,0.3880732,511.3396,1,99,80,7
-23.0,126.75,-0.0085311949197646,685.3,0.3913599,511.16187,1,93,80,8
-23.0,127.0,-0.0151310653248358,695.1,0.39542598,510.41672,1,88,82,10
-23.0,127.25,-0.0181666620696584,670.1,0.3857158,510.07104,1,85,79,10
-23.0,127.5,-0.0195861273134748,645.0,0.36258906,508.92395,1,84,72,13
-23.0,127.75,-0.017552251309999,620.0,0.35882315,508.82156,2,86,71,14
-23.0,128.0,-0.0145601571687231,595.1,0.36671984,507.79477,3,89,74,16
-23.0,128.25,-0.0127243961451486,570.1,0.36170286,507.63672,4,90,72,16
-23.0,128.5,-0.0091571646071748,545.2,0.35269186,507.88623,5,93,69,16
-23.0,128.75,-0.0134793364222094,520.3,0.35268933,508.38748,6,90,69,15
-23.0,129.0,-0.0185791247543723,495.5,0.3612826,507.5639,7,85,72,17
-23.0,129.25,-0.0261429489301961,470.7,0.37073216,506.60922,8,78,75,19
-23.0,129.5,-0.0347860399278856,445.9,0.39238787,505.99765,10,69,81,20
-23.0,129.75,-0.036973568779372,421.2,0.41650048,504.69333,12,67,87,22
-23.0,130.0,-0.0428728169761598,396.6,0.42057276,503.57242,14,60,88,24
-23.0,130.25,-0.0473658159286493,372.1,0.4132361,502.48782,16,54,86,26
-23.0,130.5,-0.0575468119465291,347.7,0.4029922,502.89288,18,43,83,25
-23.0,130.75,-0.0653372243243557,323.5,0.39906475,502.6151,20,37,82,26
-23.0,131.0,-0.071561339733723,299.4,0.40013638,503.14017,23,33,83,25
-23.0,131.25,-0.0770862741098556,275.3,0.38711816,502.72943,27,31,79,26
-23.0,131.5,-0.0793441412654439,251.2,0.3628568,502.4332,30,30,72,26
-23.0,131.75,-0.0815688466874971,227.3,0.36401993,501.5775,34,29,73,27
-23.0,132.0,-0.0818685202327157,203.8,0.37525725,500.84143,37,29,76,28
-23.0,132.25,-0.0830208350050573,180.6,0.38010865,500.0719,41,28,77,29
-23.0,132.5,-0.087456881625223,158.1,0.37948287,499.67407,45,26,77,29
-23.0,132.75,-0.0891312653642325,136.6,0.3848171,498.9785,49,26,79,30
-23.0,133.0,-0.0868128451873504,116.6,0.39075541,498.84982,53,27,80,30
-23.0,133.25,-0.0780093896413399,99.1,0.39647323,498.93665,58,30,82,30
-23.0,133.5,-0.0672795537415714,85.6,0.35043418,499.21106,61,36,68,30
-23.0,133.75,-0.0653278706395732,78.2,0.36891586,499.5018,62,37,74,29
-23.0,134.0,-0.0638025452119542,78.6,0.40403885,500.16223,62,38,84,29
-23.0,134.25,-0.0643693115307195,86.7,0.41943702,500.9761,60,38,88,28
-23.0,134.5,-0.0529241536389149,100.4,0.38959268,502.29556,57,47,80,26
-23.0,134.75,-0.0527190962065755,117.6,0.38179857,503.89954,53,48,78,24
-23.0,135.0,-0.0510892178685892,137.4,0.36964658,504.93536,49,50,75,22
-23.0,135.25,-0.042885804362595,158.7,0.3736087,506.41757,45,60,76,19
-23.0,135.5,-0.0286480147280685,181.1,0.36054406,506.73944,41,75,72,18
-23.0,135.75,-0.0290889843233994,204.1,0.37254435,507.59827,37,75,75,17
-23.0,136.0,-0.0298967753758742,227.7,0.37577638,507.77643,33,74,76,16
-23.0,136.25,-0.0392926490555206,251.5,0.3962262,508.34555,30,64,82,15
-23.0,136.5,-0.0465707822392384,275.7,0.4064222,509.29886,27,55,84,12
-23.0,136.75,-0.0512380847884785,300.0,0.41612646,508.1454,23,49,87,15
-23.0,137.0,-0.0524715307102139,324.5,0.42220515,507.1716,20,48,88,17
-23.0,137.25,-0.0556024673128766,337.0,0.42150596,507.29404,19,45,88,17
-23.0,137.5,-0.0549934356501104,320.2,0.42099458,507.47015,21,45,88,17
-23.0,137.75,-0.0581237829223807,304.6,0.41588303,507.6847,23,42,87,16
-23.0,138.0,-0.0615462345261004,290.4,0.41870752,505.74298,24,40,87,20
-23.0,138.25,-0.0644914101737196,277.8,0.4059048,506.18033,26,38,84,20
-23.0,138.5,-0.061886891421108,267.1,0.37708947,506.4918,28,39,77,19
-23.0,138.75,-0.0566114024896662,258.5,0.35556126,507.22076,29,44,70,17
-23.0,139.0,-0.0551577158117045,252.3,0.33220413,506.80154,30,45,59,18
-23.0,139.25,-0.0578733594489416,248.5,0.32560644,505.9408,30,43,56,20
-23.0,139.5,-0.0603786694935046,247.4,0.3072269,505.317,31,40,44,21
-23.0,139.75,-0.0611354642270487,246.8,0.30310717,504.9897,31,40,42,22
-23.0,140.0,-0.0593984422673072,245.7,0.3105091,505.486,31,41,46,21
-23.0,140.25,-0.0624566076744702,246.9,0.3135457,506.05682,31,39,48,20
-23.0,140.5,-0.063868956469343,250.1,0.32293686,505.09814,30,38,54,22
-23.0,140.75,-0.0669198365480129,242.8,0.327247,504.07083,31,36,57,24
-23.0,141.0,-0.0634720081773897,218.5,0.32249323,503.00757,35,38,54,25
-23.0,141.25,-0.0563460693339861,194.5,0.3078888,502.87616,39,44,44,25
-23.0,141.5,-0.0524685707963293,170.9,0.29383534,504.4644,43,48,38,23
-23.0,141.75,-0.0580717814177097,148.0,0.30248058,503.83673,47,42,41,24
-23.0,142.0,-0.06528019661616,126.0,0.31283173,503.79364,51,37,47,24
-23.0,142.25,-0.0663963623721862,105.7,0.33459815,502.47546,56,36,61,26
-23.0,142.5,-0.0618572675240492,88.0,0.35843033,501.17783,60,39,71,27
-23.0,142.75,-0.0528075717877419,74.9,0.38359147,503.54855,63,48,78,24
-23.0,143.0,-0.0434659467679531,69.1,0.37786523,502.6341,65,59,77,26
-23.0,143.25,-0.0332472531257995,72.3,0.33544794,502.1551,64,71,61,26
-23.0,143.5,-0.0250673485548412,83.6,0.30290526,503.04916,61,79,42,25
-23.0,143.75,-0.0094090573922065,71.4,0.28791666,502.43896,64,93,36,26
-23.0,144.0,0.0006090184102677,56.2,0.29972765,501.15793,68,100,40,27
-23.0,144.25,-0.0008736518267098,50.0,0.30046138,499.27954,70,100,40,30
-23.0,144.5,0.0030061149736866,52.5,0.297413,497.3499,69,98,39,32
-23.0,144.75,0.0085835582958744,57.8,0.30731943,495.00452,68,93,44,36
-23.0,145.0,0.0165939033337746,59.8,0.3114383,493.54797,67,87,46,38
-23.0,145.25,0.0220594760074856,60.2,0.32033578,492.79913,67,81,52,38
-23.0,145.5,0.0259650023160724,60.7,0.3194164,491.5083,67,78,52,40
-23.0,145.75,0.025875774790932,59.8,0.31444976,488.60748,67,78,49,43
-23.0,146.0,0.0295941891703045,57.1,0.2724931,486.18802,68,74,32,45
-23.0,146.25,0.0379372682931023,47.4,0.22680861,483.67142,71,66,22,47
-23.0,146.5,0.0384096341706546,34.9,0.20190947,481.91565,76,65,18,49
-23.0,146.75,0.0389168731690872,23.5,0.19462606,480.70255,81,65,17,50
-23.0,147.0,0.0292433848693257,19.5,0.2218705,477.04376,83,75,21,53
-23.0,147.25,0.0180892941536426,14.1,0.20542425,471.43646,87,85,19,58
-23.0,147.5,0.024035985350825,2.1,0.18353385,466.96478,98,80,15,61
-23.0,147.75,0.0352802175141516,15.0,0.18253866,463.07956,86,69,15,64
-23.0,148.0,0.0450907130193497,4.0,0.19639349,458.112,95,57,17,68
-23.0,148.25,0.0480163005934584,5.0,0.20869242,456.0782,94,53,19,70
-23.0,148.5,0.0448685032082721,1.7,0.18159173,454.65787,98,57,15,71
-23.0,148.75,0.0371940212365838,9.2,0.17236428,453.856,90,67,13,71
-23.0,149.0,0.0245194479457235,2.7,0.17032298,450.0112,97,79,13,74
-23.0,149.25,0.0166620847957563,10.1,0.16973618,446.23135,90,87,13,77
-23.0,149.5,0.0143443429975637,13.0,0.16930695,440.59354,88,89,13,80
-23.0,149.75,0.0177227138325438,1.8,0.1588532,434.79834,98,86,12,82
-23.0,150.0,0.0190646868154761,8.2,0.14926386,428.47693,91,84,10,85
-23.0,150.25,0.0151722910242997,14.7,0.13236508,425.5902,86,88,7,86
-23.0,150.5,0.0072093231803072,24.4,0.15961577,429.5606,80,95,12,85
-23.0,150.75,-0.0009163072632093,8.9,0.28856125,439.69656,91,100,36,80
-23.25,114.0,0.0650766518865046,306.5,0.49093172,515.7614,23,37,100,1
-23.25,114.25,0.0598506096173964,286.0,0.440355,512.6052,25,41,93,4
-23.25,114.5,0.0604947041797762,266.3,0.4513301,511.27216,28,40,95,7
-23.25,114.75,0.0654689807023498,247.7,0.43546134,510.60178,30,37,92,9
-23.25,115.0,0.0713200686732307,230.4,0.4301431,510.41592,33,33,90,10
-23.25,115.25,0.0793479097286416,214.7,0.46386427,509.9681,35,30,98,11
-23.25,115.5,0.0884993962766159,201.1,0.4713789,510.16013,38,26,99,10
-23.25,115.75,0.0933420423019145,188.7,0.4446513,507.856,40,24,94,16
-23.25,116.0,0.0897956022427284,163.4,0.41955793,504.99774,44,26,88,22
-23.25,116.25,0.0863738691123823,138.1,0.40266654,502.65125,49,27,83,26
-23.25,116.5,0.0845797366684391,112.8,0.37012774,502.2469,54,27,75,26
-23.25,116.75,0.0798409163663607,87.4,0.35523668,501.81677,60,29,70,27
-23.25,117.0,0.0701003556051069,62.1,0.33099857,501.1844,67,34,59,27
-23.25,117.25,0.0628414644854187,36.8,0.30176085,500.0622,75,39,41,29
-23.25,117.5,0.0519923715131534,11.8,0.27941328,498.26108,88,49,33,31
-23.25,117.75,0.0380019482823887,13.6,0.25715864,496.5432,87,66,28,33
-23.25,118.0,0.0265040166276906,37.5,0.25869143,494.39645,75,77,28,37
-23.25,118.25,0.0322777971447933,47.1,0.2791727,495.0063,71,72,33,36
-23.25,118.5,0.0328766357414202,24.9,0.30958584,494.6747,80,71,45,36
-23.25,118.75,0.0291491613978342,11.0,0.30684948,494.45822,89,75,44,36
-23.25,119.0,0.0378043119418656,29.9,0.3372662,495.2706,77,66,62,35
-23.25,119.25,0.0414902829675979,18.3,0.3592214,495.39438,84,62,71,35
-23.25,119.5,0.0485260700942793,1.3,0.36070475,496.26587,99,53,72,34
-23.25,119.75,0.0574403861105176,8.3,0.3560262,496.86633,91,43,70,33
-23.25,120.0,0.0623609934368037,10.8,0.3703162,498.12137,89,39,75,31
-23.25,120.25,0.0587060575171129,33.4,0.3990775,499.16165,76,42,82,30
-23.25,120.5,0.0546793232361475,57.2,0.41687927,498.31503,68,45,87,31
-23.25,120.75,0.050057259134926,81.5,0.42694697,497.9304,62,51,90,31
-23.25,121.0,0.0492811211620435,106.1,0.42019737,498.6871,56,52,88,30
-23.25,121.25,0.0506237859958283,130.8,0.4003427,500.37253,50,50,83,28
-23.25,121.5,0.0513381530967308,155.5,0.38396028,502.09964,45,49,78,26
-23.25,121.75,0.0523858784875344,180.4,0.3848257,503.6692,41,48,79,24
-23.25,122.0,0.0537197522109463,205.5,0.3887873,504.16318,37,46,80,23
-23.25,122.25,0.0557248855870316,230.6,0.3921809,506.11478,33,45,81,20
-23.25,122.5,0.0545923811483329,255.7,0.39484528,507.0543,29,45,81,18
-23.25,122.75,0.0519415716072433,280.9,0.3976311,506.3813,26,49,82,19
-23.25,123.0,0.0533510580780871,306.1,0.39959237,507.50238,23,47,82,17
-23.25,123.25,0.0529142211257879,331.4,0.42104876,507.46066,20,47,88,17
-23.25,123.5,0.048824452575285,356.6,0.43607444,507.7295,17,53,92,16
-23.25,123.75,0.0452094795870445,381.9,0.43796414,507.54382,15,57,92,17
-23.25,124.0,0.0428548008048286,407.2,0.43695837,507.3137,13,60,92,17
-23.25,124.25,0.0442441083180407,432.5,0.42892915,507.95798,11,58,90,16
-23.25,124.5,0.0473204734297247,457.8,0.4019214,508.3412,9,54,83,15
-23.25,124.75,0.0515521989964153,483.1,0.38536575,506.7641,8,49,79,18
-23.25,125.0,0.0503133470231356,508.4,0.38341734,506.30313,6,51,78,19
-23.25,125.25,0.0463434484997941,533.7,0.39750415,506.81976,5,56,82,18
-23.25,125.5,0.0344129513231781,559.0,0.41623318,507.12604,4,70,87,18
-23.25,125.75,0.0230199416265046,584.3,0.4230713,508.16876,3,80,89,15
-23.25,126.0,0.013264541101775,609.7,0.4261167,508.78394,2,90,89,14
-23.25,126.25,0.0109084480913311,635.0,0.4032117,510.73328,2,92,83,9
-23.25,126.5,0.0059563144704692,660.3,0.39760953,511.11142,1,96,82,8
-23.25,126.75,-0.0034444860171615,685.6,0.39806023,511.08322,1,97,82,8
-23.25,127.0,-0.0072519719212626,691.1,0.40193057,510.6477,1,94,83,9
-23.25,127.25,-0.0088888877481665,666.0,0.38565567,510.10214,1,93,79,10
-23.25,127.5,-0.0157038383451955,640.8,0.364479,508.92673,2,87,73,13
-23.25,127.75,-0.0191841345970585,615.7,0.37231788,509.54617,2,84,75,12
-23.25,128.0,-0.0166499455592462,590.6,0.3783688,508.39188,3,87,77,15
-23.25,128.25,-0.0118896356365266,565.5,0.36769727,507.94418,4,91,74,16
-23.25,128.5,-0.0091295955857882,540.4,0.3543009,508.0679,5,93,69,15
-23.25,128.75,-0.0109581014263399,515.4,0.35662448,507.73047,6,92,70,16
-23.25,129.0,-0.0156402115776602,490.3,0.36594746,507.03586,7,88,73,18
-23.25,129.25,-0.0215552813683946,465.3,0.3737273,506.39075,9,82,76,19
-23.25,129.5,-0.0242381067281322,440.3,0.39566103,505.1483,10,79,82,22
-23.25,129.75,-0.0269148044110763,415.4,0.41927224,503.73877,12,77,88,24
-23.25,130.0,-0.0276195934397124,390.5,0.42621696,502.08148,14,76,89,26
-23.25,130.25,-0.0305847434903539,365.6,0.41241518,501.04343,16,73,86,28
-23.25,130.5,-0.0388403406011916,340.8,0.3913743,501.18497,19,65,80,27
-23.25,130.75,-0.0461909281184142,316.1,0.3906899,500.80014,21,56,80,28
-23.25,131.0,-0.0534575881417064,291.4,0.39253628,501.34546,24,47,81,27
-23.25,131.25,-0.0581471398162345,266.9,0.37087908,501.38107,28,42,75,27
-23.25,131.5,-0.0622427595601904,242.5,0.3420913,500.98337,31,39,64,28
-23.25,131.75,-0.0624327820193554,218.4,0.32292956,500.60837,35,39,54,28
-23.25,132.0,-0.0642495246870177,194.5,0.3369947,499.95892,39,38,62,29
-23.25,132.25,-0.0663182489684827,170.2,0.35086298,498.5324,43,37,68,31
-23.25,132.5,-0.0691998931446245,146.3,0.34600064,498.0059,47,34,66,31
-23.25,132.75,-0.0762855636709857,122.9,0.35044935,497.68088,52,31,68,32
-23.25,133.0,-0.0825049037961954,100.2,0.37131527,497.77844,57,28,75,32
-23.25,133.25,-0.0804115437481197,79.2,0.380559,498.27826,62,29,78,31
-23.25,133.5,-0.0735102079121307,61.5,0.38156733,497.98712,67,32,78,31
-23.25,133.75,-0.067058485039022,50.7,0.4334944,498.74347,70,36,91,30
-23.25,134.0,-0.0621685273967505,51.3,0.45384544,498.10867,70,39,96,31
-23.25,134.25,-0.043721729226499,62.8,0.40729883,498.36035,67,59,85,31
-23.25,134.5,-0.0285988964295635,80.1,0.3652832,499.7839,62,75,73,29
-23.25,134.75,-0.0230005545559314,100.8,0.35516056,501.09164,57,81,70,27
-23.25,135.0,-0.0183779729826797,123.2,0.33306038,501.6909,52,85,60,27
-23.25,135.25,-0.0045783119564432,146.6,0.32516795,503.7035,47,97,55,24
-23.25,135.5,-0.004108445206657,170.5,0.33840397,505.44922,43,97,63,21
-23.25,135.75,-0.009129448936853,194.8,0.35286328,506.49945,39,93,69,19
-23.25,136.0,-0.021555569128222,219.3,0.3783487,507.3331,35,82,77,17
-23.25,136.25,-0.0335586625816566,243.9,0.3955979,508.0916,31,70,82,15
-23.25,136.5,-0.0395137580688155,268.7,0.4037541,508.7195,27,64,84,14
-23.25,136.75,-0.0397576984306353,293.5,0.40463567,508.567,24,64,84,14
-23.25,137.0,-0.0405725163518495,318.5,0.40620533,507.426,21,63,84,17
-23.25,137.25,-0.0393135932288021,343.4,0.4061502,507.147,18,64,84,18
-23.25,137.5,-0.0414929738024338,342.1,0.40061828,507.15622,18,62,83,18
-23.25,137.75,-0.0420711614385557,327.6,0.39930457,506.89038,20,61,82,18
-23.25,138.0,-0.0475581702210807,314.4,0.4003513,506.4045,21,54,83,19
-23.25,138.25,-0.0514570513252346,302.9,0.38100392,505.1492,23,49,78,22
-23.25,138.5,-0.0529424646026676,293.2,0.371389,505.70007,24,47,75,21
-23.25,138.75,-0.0496676453211832,285.4,0.34727457,506.3075,25,52,67,19
-23.25,139.0,-0.0472317445890179,279.7,0.3341198,506.18326,26,54,60,19
-23.25,139.25,-0.0524202834426735,276.4,0.3240251,505.13446,26,48,55,22
-23.25,139.5,-0.0540766485733911,275.3,0.31334373,504.42383,27,46,48,23
-23.25,139.75,-0.0536782532531235,274.7,0.3084799,504.77478,27,46,44,22
-23.25,140.0,-0.0561824119295037,273.7,0.31726217,505.17804,27,44,50,21
-23.25,140.25,-0.0585897590421761,274.8,0.33307993,504.54318,27,42,60,23
-23.25,140.5,-0.0628237370695431,275.6,0.3406309,502.79214,27,39,64,25
-23.25,140.75,-0.0606038544659635,251.9,0.33537441,502.85028,30,40,61,25
-23.25,141.0,-0.0542329583738354,228.7,0.31968972,503.0903,33,46,52,25
-23.25,141.25,-0.0516375560812386,205.9,0.30087495,503.2554,37,49,41,25
-23.25,141.5,-0.0568373698508366,183.9,0.3000937,503.5146,40,43,40,24
-23.25,141.75,-0.0640279265261294,162.8,0.31036666,502.40387,44,38,46,26
-23.25,142.0,-0.0667126950830043,143.2,0.32676813,500.54446,48,36,56,28
-23.25,142.25,-0.0657018006080761,125.6,0.34234604,499.42328,52,37,65,29
-23.25,142.5,-0.0520257662499456,111.2,0.34405437,499.45923,55,49,65,29
-23.25,142.75,-0.0434323558317763,101.2,0.35323244,499.51257,57,59,69,29
-23.25,143.0,-0.0330503064495999,97.0,0.34523913,499.25516,58,71,66,30
-23.25,143.25,-0.0230005170165982,99.3,0.32243305,500.18494,58,81,54,29
-23.25,143.5,-0.014969129449067,79.4,0.28922203,501.23508,62,88,36,27
-23.25,143.75,-0.011217137235681,55.5,0.2813382,501.23956,69,91,34,27
-23.25,144.0,-0.0053277704737237,33.8,0.2904245,499.93875,76,96,36,29
-23.25,144.25,-0.0087906724108116,22.1,0.2940228,498.51086,82,93,38,31
-23.25,144.5,-0.0115065617126501,25.7,0.30432293,496.90338,80,91,42,33
-23.25,144.75,-0.0079511323588944,29.9,0.30869856,494.55,77,94,45,36
-23.25,145.0,0.0026562494514066,31.9,0.31295356,492.46863,77,98,47,39
-23.25,145.25,0.0108980740808571,32.3,0.31926128,491.3228,77,92,51,40
-23.25,145.5,0.0190691730085485,32.8,0.33626527,490.4717,76,84,62,41
-23.25,145.75,0.0283146271437761,32.0,0.3023447,487.9586,77,76,41,44
-23.25,146.0,0.0325532323614295,29.4,0.2563346,485.16028,78,71,28,46
-23.25,146.25,0.0333468128882703,22.2,0.22669446,484.06482,81,71,22,47
-23.25,146.5,0.0336797716406484,10.6,0.1984994,482.28113,89,70,18,49
-23.25,146.75,0.0311262188834093,1.8,0.18952103,479.7887,98,73,16,51
-23.25,147.0,0.0212869115572954,8.4,0.21932061,476.61786,91,82,21,53
-23.25,147.25,0.0114956091302225,11.4,0.19921507,470.79535,89,91,18,58
-23.25,147.5,0.0178930993701907,20.8,0.16997503,467.0855,82,86,13,61
-23.25,147.75,0.0288976738883537,38.7,0.16344804,463.5674,74,75,12,64
-23.25,148.0,0.030644378485158,19.9,0.18143497,461.5869,83,73,15,65
-23.25,148.25,0.0373365847587895,7.5,0.20041388,459.26675,92,66,18,67
-23.25,148.5,0.0388276601454154,6.5,0.19700956,459.27026,93,65,17,67
-23.25,148.75,0.0281204385006622,15.9,0.18817653,457.92984,85,76,16,68
-23.25,149.0,0.0146620448221386,3.2,0.18164885,454.54355,96,88,15,71
-23.25,149.25,0.007134486397817,18.5,0.17755094,450.44113,84,95,14,74
-23.25,149.5,0.0090084457237805,34.0,0.17564288,444.658,76,93,14,77
-23.25,149.75,0.0150827674871487,13.8,0.17241684,439.3106,87,88,14,80
-23.25,150.0,0.0108221516634027,6.7,0.15547942,434.35577,92,92,11,83
-23.25,150.25,0.0068829471910638,4.2,0.14301215,431.9217,95,95,9,84
-23.25,150.5,-0.0017623247035468,3.2,0.16008385,438.3474,96,99,12,81
-23.25,150.75,-0.0070849893171162,1.8,0.28317147,447.4965,98,95,34,76
-23.5,113.75,0.0585628818764927,343.3,0.5628824,511.20395,18,42,100,8
-23.5,114.0,0.0585732350508416,323.1,0.47505662,513.70404,21,42,99,3
-23.5,114.25,0.0560075186780609,303.8,0.4272954,511.23975,23,44,90,7
-23.5,114.5,0.0588504234661481,285.3,0.4639764,510.46884,25,42,98,10
-23.5,114.75,0.0656022639501662,268.1,0.48375332,510.32187,28,37,100,10
-23.5,115.0,0.0717234613662142,252.2,0.48579276,509.79227,30,33,100,11
-23.5,115.25,0.0759166869806081,238.0,0.47945905,509.20956,32,31,99,13
-23.5,115.5,0.0830951714888215,216.1,0.47104487,509.39005,35,28,99,12
-23.5,115.75,0.0872122877454828,191.1,0.45059878,507.10733,39,26,95,18
-23.5,116.0,0.0868019713044521,166.2,0.43998858,503.8702,43,27,93,24
-23.5,116.25,0.0839918158596403,141.4,0.42906612,501.04156,48,28,90,28
-23.5,116.5,0.080897155909666,116.8,0.4244037,500.17322,53,29,89,29
-23.5,116.75,0.0769853487766037,92.7,0.4113935,500.19528,59,31,86,29
-23.5,117.0,0.0709933380773734,69.4,0.39674163,500.37854,65,33,82,28
-23.5,117.25,0.070132256614133,48.1,0.3641668,500.3432,71,34,73,29
-23.5,117.5,0.0667027586694097,33.0,0.33786523,499.40607,76,36,62,30
-23.5,117.75,0.0587106428325309,33.9,0.31851226,497.27786,76,42,51,32
-23.5,118.0,0.0494125710689418,49.9,0.31116554,495.72064,70,52,46,35
-23.5,118.25,0.040685092782258,61.6,0.32551512,495.23212,67,63,56,35
-23.5,118.5,0.0368424621200011,44.8,0.36308026,495.22192,72,67,73,35
-23.5,118.75,0.0278681569599679,38.7,0.36022472,494.9055,74,76,72,36
-23.5,119.0,0.0259834163071077,47.6,0.3680756,494.67847,71,78,74,36
-23.5,119.25,0.0293919707581933,39.0,0.37542796,494.80634,74,74,76,36
-23.5,119.5,0.0369416344786129,27.3,0.38418347,495.4466,79,67,79,35
-23.5,119.75,0.0485095307853217,14.5,0.38672158,496.12628,86,53,79,34
-23.5,120.0,0.0558578571310222,24.3,0.40934095,497.5342,80,44,85,32
-23.5,120.25,0.0572801941030082,44.9,0.4260412,497.1969,72,43,89,32
-23.5,120.5,0.0569359742481971,68.1,0.43440118,496.86465,65,43,91,33
-23.5,120.75,0.054462792100163,91.2,0.4328732,497.14877,59,46,91,33
-23.5,121.0,0.0534484430504519,114.3,0.42360127,497.64548,54,47,89,32
-23.5,121.25,0.0555011084802182,138.1,0.40928382,498.53943,49,45,85,31
-23.5,121.5,0.0582733100984201,162.1,0.39449918,499.25616,44,42,81,30
-23.5,121.75,0.0574730388820171,186.5,0.3972392,500.9661,40,43,82,28
-23.5,122.0,0.0589630899063888,211.1,0.39556548,502.4739,36,42,82,26
-23.5,122.25,0.0604681319055782,235.7,0.39649472,505.17728,32,40,82,21
-23.5,122.5,0.0593555613731344,260.3,0.40061247,505.67355,29,41,83,21
-23.5,122.75,0.0576798016549132,285.1,0.40155843,501.6847,25,43,83,27
-23.5,123.0,0.0554939196381296,309.9,0.40274474,506.81088,22,45,83,18
-23.5,123.25,0.0512684931078097,334.8,0.42623526,507.28574,19,49,90,17
-23.5,123.5,0.049442618476626,359.8,0.43982288,507.38345,17,52,93,17
-23.5,123.75,0.0483392472301299,384.8,0.44405526,507.02112,15,53,94,18
-23.5,124.0,0.0477954369754159,409.8,0.44218898,506.27292,13,54,93,19
-23.5,124.25,0.0465776600497996,434.9,0.43938512,506.08978,11,55,93,20
-23.5,124.5,0.0472834072097958,460.0,0.41620052,506.54318,9,54,87,19
-23.5,124.75,0.0512052011166122,485.2,0.40377373,504.4791,7,50,84,23
-23.5,125.0,0.0531620190800389,510.3,0.40718758,504.51038,6,47,85,23
-23.5,125.25,0.0521820453655285,535.5,0.41913053,504.8714,5,48,88,22
-23.5,125.5,0.0490140274865552,560.7,0.42411664,505.5897,4,52,89,21
-23.5,125.75,0.0417656232713766,585.9,0.41283315,506.9179,3,61,86,18
-23.5,126.0,0.0304361126824611,611.1,0.4034811,507.7421,2,73,83,16
-23.5,126.25,0.0188018261942835,636.3,0.40476102,510.13266,2,85,84,10
-23.5,126.5,0.0112644528993682,661.5,0.4145106,510.75732,1,91,86,9
-23.5,126.75,0.0056416953958216,686.7,0.4349061,510.82245,1,96,92,9
-23.5,127.0,0.0029417075748954,688.2,0.43590036,510.25354,1,98,92,10
-23.5,127.25,0.0028337085636199,663.0,0.40757433,509.01566,1,98,85,13
-23.5,127.5,-0.0069370247756264,637.8,0.37925196,507.7358,2,95,77,16
-23.5,127.75,-0.0165259367143291,612.6,0.38941824,508.8866,2,87,80,13
-23.5,128.0,-0.0178949872149609,587.5,0.39262542,507.6398,3,86,81,16
-23.5,128.25,-0.0134739315480969,562.3,0.37462765,507.093,4,90,76,18
-23.5,128.5,-0.0098660059672381,537.1,0.361398,507.16956,5,92,72,17
-23.5,128.75,-0.0119770644920035,512.0,0.36297232,506.66678,6,91,72,19
-23.5,129.0,-0.0163342809891522,486.8,0.3842736,505.0833,7,87,79,22
-23.5,129.25,-0.019263570301146,461.6,0.39587268,505.69623,9,84,82,21
-23.5,129.5,-0.0195982370237332,436.5,0.40574998,503.99713,11,84,84,24
-23.5,129.75,-0.0193856162994745,411.4,0.41350815,502.01782,13,84,86,26
-23.5,130.0,-0.0189876213436946,386.3,0.4145072,500.6413,15,84,86,28
-23.5,130.25,-0.0234183190612211,361.2,0.40864378,499.36014,17,80,85,30
-23.5,130.5,-0.0324117833090158,336.1,0.3937298,498.96878,19,72,81,30
-23.5,130.75,-0.0357582184619137,311.0,0.39219522,498.83344,22,68,81,30
-23.5,131.0,-0.0374782858859925,286.0,0.38982174,498.87778,25,66,80,30
-23.5,131.25,-0.0452247809363706,261.0,0.36458662,498.7037,28,57,73,30
-23.5,131.5,-0.0533571047907961,236.1,0.3323759,498.4251,32,47,60,31
-23.5,131.75,-0.0533125719676415,211.2,0.30075163,498.825,36,47,41,30
-23.5,132.0,-0.0480351124280354,186.5,0.30737945,498.1874,40,53,44,31
-23.5,132.25,-0.0439165891469678,161.9,0.32186303,497.45288,44,59,53,32
-23.5,132.5,-0.0464132568288949,137.5,0.31627396,496.6558,49,55,50,33
-23.5,132.75,-0.050924444074432,113.6,0.31504413,496.57858,54,50,49,33
-23.5,133.0,-0.0619219211162999,89.4,0.33608,496.8121,60,39,61,33
-23.5,133.25,-0.0698710194223427,65.4,0.35720173,497.98706,66,34,70,31
-23.5,133.5,-0.0700984265433535,42.4,0.3822811,497.44675,73,34,78,32
-23.5,133.75,-0.0563928696748224,24.2,0.42025077,497.28403,80,44,88,32
-23.5,134.0,-0.0375140149715922,25.5,0.39096996,497.68378,80,66,80,32
-23.5,134.25,-0.0195792001573343,43.1,0.3385138,497.76987,72,84,63,32
-23.5,134.5,-0.0081720818692008,65.7,0.31273416,498.37076,66,94,47,31
-23.5,134.75,0.000381058560396,89.8,0.3141825,499.51416,60,100,48,29
-23.5,135.0,0.0088239032775163,114.3,0.30547342,500.06918,54,93,43,29
-23.5,135.25,0.0158557447854296,139.1,0.30344072,501.89743,48,87,42,27
-23.5,135.5,0.0108085001020559,164.1,0.32595655,503.36633,44,92,56,25
-23.5,135.75,-0.0034316870842996,189.1,0.3587705,504.7656,40,97,71,22
-23.5,136.0,-0.018703666618759,214.2,0.38581038,506.43576,35,85,79,19
-23.5,136.25,-0.026928890240933,239.3,0.3972692,506.97687,32,77,82,18
-23.5,136.5,-0.0334809486576843,264.5,0.40303004,507.39352,28,70,83,17
-23.5,136.75,-0.0362339095789052,289.6,0.39973405,507.5546,25,68,83,17
-23.5,137.0,-0.0372358329993273,314.8,0.40368357,508.13428,21,67,84,15
-23.5,137.25,-0.0378613913470568,340.0,0.4029817,507.98337,19,66,83,16
-23.5,137.5,-0.0368556414270729,364.9,0.4022805,507.70038,16,67,83,16
-23.5,137.75,-0.0373807383268805,351.3,0.39787725,507.2165,18,66,82,17
-23.5,138.0,-0.0376027880546947,339.1,0.3842242,506.7836,19,66,79,18
-23.5,138.25,-0.037464740499854,328.5,0.35182568,505.49118,20,66,68,21
-23.5,138.5,-0.0432659847074232,319.5,0.3507927,505.73276,21,59,68,20
-23.5,138.75,-0.0436601875793366,312.4,0.3440941,506.15924,22,59,65,20
-23.5,139.0,-0.0445415718259201,307.3,0.33543602,506.52124,22,58,61,19
-23.5,139.25,-0.0454931544162155,304.2,0.33365795,505.94186,23,57,60,20
-23.5,139.5,-0.0456134067493535,303.3,0.32415923,504.74768,23,56,55,22
-23.5,139.75,-0.0441881804521905,302.6,0.31253007,504.29364,23,58,47,23
-23.5,140.0,-0.0462284242903392,301.7,0.3266489,504.8109,23,56,56,22
-23.5,140.25,-0.0518781596916683,302.7,0.3400942,503.29477,23,49,63,25
-23.5,140.5,-0.0551788054040766,286.3,0.34024218,502.02197,25,45,63,26
-23.5,140.75,-0.0528935032419949,263.7,0.32599825,503.88232,28,48,56,24
-23.5,141.0,-0.0516419698617288,241.6,0.31388867,504.1607,31,49,48,23
-23.5,141.25,-0.0567406843638136,220.3,0.3088397,503.19376,34,44,45,25
-23.5,141.5,-0.0639816761587835,199.9,0.31218788,502.73453,38,38,47,26
-23.5,141.75,-0.0663298194740144,180.8,0.32397166,500.7598,41,36,55,28
-23.5,142.0,-0.0674743058771127,163.3,0.33473378,498.3288,44,36,61,31
-23.5,142.25,-0.0596955310924732,148.2,0.3333264,497.0221,47,41,60,33
-23.5,142.5,-0.0445951537938699,136.3,0.32865122,498.17334,49,58,58,31
-23.5,142.75,-0.0396223578211252,128.2,0.32742804,497.2239,51,64,57,32
-23.5,143.0,-0.030485977247216,124.9,0.31269494,498.07135,52,73,47,31
-23.5,143.25,-0.0198224325999728,101.6,0.2960993,499.1259,57,83,39,30
-23.5,143.5,-0.0136950298844437,76.4,0.28808144,500.42126,63,89,36,28
-23.5,143.75,-0.0119575751280145,51.2,0.28282556,500.63324,70,91,34,28
-23.5,144.0,-0.0147738637602222,26.3,0.2913204,498.44516,79,88,37,31
-23.5,144.25,-0.0196946400141487,5.7,0.30186427,497.36948,93,84,41,32
-23.5,144.5,-0.0238927527127781,0.2,0.3123859,495.75308,100,80,47,35
-23.5,144.75,-0.0166307105874044,1.9,0.31669995,493.9374,98,87,50,37
-23.5,145.0,-0.0054155265491101,3.9,0.3147841,492.08096,95,96,49,39
-23.5,145.25,0.0062403993803032,4.3,0.31079218,490.0121,95,95,46,41
-23.5,145.5,0.0141584356151898,4.8,0.32374248,489.46622,94,89,55,42
-23.5,145.75,0.0222449351368205,4.1,0.281793,487.11252,95,81,34,44
-23.5,146.0,0.0209397589211307,1.6,0.25505996,485.90424,98,82,28,46
-23.5,146.25,0.018017283277004,3.1,0.22921132,484.7319,96,85,22,47
-23.5,146.5,0.014623719660033,14.0,0.209725,482.5289,87,89,19,48
-23.5,146.75,0.0134105363400608,26.2,0.19750376,479.86902,79,90,17,51
-23.5,147.0,0.0113637476455464,36.4,0.21080591,476.17,75,91,19,54
-23.5,147.25,0.0169935817065249,37.6,0.16918965,468.77536,75,86,13,60
-23.5,147.5,0.0275701611324967,47.0,0.1466915,466.1553,71,76,9,62
-23.5,147.75,0.0262439073634422,38.9,0.15186006,463.97675,74,77,10,64
-23.5,148.0,0.0212223575223192,13.7,0.16785689,463.12305,87,82,13,64
-23.5,148.25,0.0161414786485866,3.9,0.18649194,463.32382,95,87,16,64
-23.5,148.5,0.0203175863960669,9.7,0.1967171,462.68634,90,83,17,65
-23.5,148.75,0.0117717047510225,0.2,0.18608014,461.56033,100,91,16,66
-23.5,149.0,-0.0108208977661672,10.6,0.1563185,458.9116,89,92,11,67
-23.5,149.25,-0.0173245568737565,20.3,0.14893061,455.10184,83,86,10,70
-23.5,149.5,-0.0066223005098955,20.1,0.15807122,450.83542,83,95,11,74
-23.5,149.75,0.010222359340904,24.3,0.16310565,445.34097,80,92,12,77
-23.5,150.0,0.0054664204662133,15.8,0.16822304,441.6938,85,96,13,79
-23.5,150.25,-0.0027722520132859,2.7,0.15658578,440.3888,97,98,11,80
-23.5,150.5,-0.009288555867083,2.1,0.15945202,447.0236,98,93,12,76
-23.5,150.75,-0.0111293215459833,17.8,0.21777678,453.27222,84,91,20,72
-23.75,113.75,0.0552033863872999,360.4,0.5393814,513.5936,17,45,100,3
-23.75,114.0,0.0535594984057492,341.2,0.48941478,512.09937,19,47,100,5
-23.75,114.25,0.0535878010687329,323.0,0.4706847,509.6604,21,47,99,11
-23.75,114.5,0.056638343534654,305.8,0.4852447,510.4501,23,44,100,10
-23.75,114.75,0.0636140571075624,289.8,0.49343318,509.97012,25,38,100,11
-23.75,115.0,0.0701174618072053,270.7,0.49035552,509.57584,27,34,100,12
-23.75,115.25,0.0738768104867111,246.1,0.48184508,510.18164,31,32,100,10
-23.75,115.5,0.0736786077464265,221.6,0.4602375,508.0557,34,32,97,15
-23.75,115.75,0.0727209441984693,197.4,0.40911946,507.01923,38,33,85,18
-23.75,116.0,0.0727415932963291,173.4,0.39439,504.2362,42,33,81,23
-23.75,116.25,0.0744041134869413,149.9,0.39970496,501.29227,47,32,83,27
-23.75,116.5,0.0746978214631478,127.1,0.41366506,499.73145,51,32,86,29
-23.75,116.75,0.0705110107770278,105.3,0.43105465,499.3995,56,34,91,30
-23.75,117.0,0.0667097781563089,85.6,0.4416963,499.6076,61,36,93,29
-23.75,117.25,0.0684754737342397,69.4,0.42486528,499.39417,65,35,89,30
-23.75,117.5,0.0705672962025606,60.0,0.3892043,498.2609,67,34,80,31
-23.75,117.75,0.0685553305646559,60.5,0.3595624,497.56537,67,35,71,32
-23.75,118.0,0.0646187066067276,70.7,0.34922555,498.1375,64,38,67,31
-23.75,118.25,0.0535114416608675,82.1,0.357763,497.99734,61,47,71,31
-23.75,118.5,0.039019451364653,70.4,0.37538537,497.2597,65,65,76,32
-23.75,118.75,0.032308764759052,66.7,0.3799099,496.28043,66,72,77,34
-23.75,119.0,0.0335721995792396,72.2,0.38330287,495.22055,64,70,78,35
-23.75,119.25,0.0381160096221026,62.6,0.38980392,495.12183,67,66,80,35
-23.75,119.5,0.0441511354547747,49.8,0.4051363,495.33295,70,58,84,35
-23.75,119.75,0.0490663195694131,42.3,0.42648086,496.01886,73,52,90,34
-23.75,120.0,0.0515619024146525,47.7,0.4404322,496.60153,71,49,93,33
-23.75,120.25,0.054680871382533,62.0,0.43445626,495.939,67,45,92,34
-23.75,120.5,0.056865057058721,81.2,0.42577666,495.69592,62,43,89,35
-23.75,120.75,0.0574864011357671,102.7,0.41492456,496.29462,56,43,87,34
-23.75,121.0,0.0600975860046067,125.5,0.4054377,496.90604,52,41,84,33
-23.75,121.25,0.0629317745100706,148.8,0.40277576,497.03506,47,39,83,33
-23.75,121.5,0.0641815947036125,171.7,0.41200498,498.65607,43,38,86,30
-23.75,121.75,0.0641071939488895,195.0,0.41483718,499.73413,39,38,87,29
-23.75,122.0,0.0637289857863271,218.8,0.41265064,501.1425,35,38,86,27
-23.75,122.25,0.0656523991775299,242.8,0.41388556,502.54236,31,37,86,26
-23.75,122.5,0.0670972132922283,266.9,0.4164191,504.49176,28,36,87,23
-23.75,122.75,0.0651567459372537,291.3,0.4162752,505.60632,24,37,87,21
-23.75,123.0,0.0578333299839869,315.8,0.41790918,506.70587,21,43,87,18
-23.75,123.25,0.0494298530165993,340.4,0.43806043,506.15945,19,52,92,20
-23.75,123.5,0.0476650419645011,365.0,0.4487495,505.71863,16,54,95,20
-23.75,123.75,0.0482654793454068,389.7,0.45245895,504.95102,14,53,95,22
-23.75,124.0,0.0478689642756113,414.4,0.45597282,504.6919,12,54,96,22
-23.75,124.25,0.0444935682274046,439.1,0.46010152,504.7901,11,58,97,22
-23.75,124.5,0.0417295427372058,464.0,0.4523231,504.2905,9,61,95,23
-23.75,124.75,0.0435372058546081,488.8,0.44137132,503.19968,7,59,93,25
-23.75,125.0,0.0454877009471168,513.8,0.44324097,503.08948,6,57,94,25
-23.75,125.25,0.0469166405591836,538.7,0.4512447,503.20093,5,55,95,25
-23.75,125.5,0.048197936434077,563.7,0.45293155,504.2066,4,53,96,23
-23.75,125.75,0.0486865184558112,588.7,0.441176,505.29407,3,53,93,21
-23.75,126.0,0.0425247547261062,613.7,0.42588052,506.84073,2,60,89,18
-23.75,126.25,0.0270782431210612,638.8,0.42532122,508.88184,2,77,89,14
-23.75,126.5,0.0173550617703724,663.9,0.44646737,509.11197,1,86,94,13
-23.75,126.75,0.0121455221156966,689.0,0.46550292,508.52347,1,91,98,14
-23.75,127.0,0.012380287470296,686.4,0.45969775,507.49274,1,91,97,17
-23.75,127.25,0.0136290092431452,661.2,0.42566305,506.28687,1,89,89,19
-23.75,127.5,0.001417023199056,636.0,0.40675727,505.821,2,99,85,20
-23.75,127.75,-0.0142365984035201,610.8,0.42325473,506.5509,2,89,89,19
-23.75,128.0,-0.019013530155228,585.6,0.427543,505.6572,3,84,90,21
-23.75,128.25,-0.0166468563999625,560.4,0.42103404,505.48047,4,87,88,21
-23.75,128.5,-0.0138597939085836,535.2,0.4146663,505.86832,5,89,86,20
-23.75,128.75,-0.0133085257015823,510.0,0.4160678,505.56326,6,90,87,21
-23.75,129.0,-0.0135873752468753,484.8,0.41744846,505.22333,8,90,87,21
-23.75,129.25,-0.013274607308475,459.6,0.41040656,504.55756,9,90,85,23
-23.75,129.5,-0.0141228002357474,434.4,0.410772,502.5686,11,89,85,26
-23.75,129.75,-0.0182388661889403,409.2,0.41966012,499.8443,13,85,88,29
-23.75,130.0,-0.0237639887125364,384.0,0.42699942,498.84683,15,80,90,30
-23.75,130.25,-0.0285084603509555,358.8,0.42306215,498.1638,17,75,89,31
-23.75,130.5,-0.0340690636857678,333.6,0.40850472,497.75333,19,70,85,32
-23.75,130.75,-0.0338678827110145,308.4,0.407148,497.39334,22,70,85,32
-23.75,131.0,-0.0356184362456025,283.2,0.4047078,496.76932,26,68,84,33
-23.75,131.25,-0.0440916184147465,258.1,0.3942866,496.57837,29,58,81,33
-23.75,131.5,-0.0551921685869317,232.9,0.37932736,496.4151,32,45,77,34
-23.75,131.75,-0.0591685856610725,207.7,0.3709745,495.75897,37,41,75,35
-23.75,132.0,-0.0543056936241642,182.5,0.3803792,495.266,41,46,77,35
-23.75,132.25,-0.0469397860047008,157.4,0.3728095,495.10806,45,55,75,35
-23.75,132.5,-0.0410275346211468,132.2,0.33955604,494.91928,50,62,63,36
-23.75,132.75,-0.0388811294787696,107.1,0.3237483,494.69922,56,65,55,36
-23.75,133.0,-0.043311904734444,82.1,0.32680705,495.18182,61,59,56,35
-23.75,133.25,-0.0509052331648057,57.2,0.33229983,495.28815,68,50,60,35
-23.75,133.5,-0.045609074148039,32.8,0.31977883,495.2686,76,56,52,35
-23.75,133.75,-0.0215035888421837,11.4,0.31960756,495.3263,89,82,52,35
-23.75,134.0,-0.0079548629233613,11.8,0.30794606,496.11847,88,94,44,34
-23.75,134.25,0.0006948565487705,36.4,0.28663927,496.446,75,100,35,34
-23.75,134.5,0.0081884763935314,61.5,0.27210447,496.9725,67,94,32,33
-23.75,134.75,0.0153465018363758,86.7,0.2783763,497.7984,60,88,33,31
-23.75,135.0,0.0198083484002078,111.9,0.30040827,499.20496,55,83,40,30
-23.75,135.25,0.0157193561140004,137.1,0.31974837,500.8543,49,87,52,28
-23.75,135.5,0.0076631874777376,162.3,0.34108835,502.08566,44,94,64,26
-23.75,135.75,-0.0026895881854995,187.5,0.36700448,504.0796,40,98,74,24
-23.75,136.0,-0.0123539909698246,212.8,0.38733128,505.80182,36,91,79,20
-23.75,136.25,-0.0210462426319801,238.0,0.3937606,506.50168,32,82,81,19
-23.75,136.5,-0.0280837568254875,263.2,0.3992112,506.53708,28,76,82,19
-23.75,136.75,-0.0351214517983386,288.4,0.4039884,507.7353,25,69,84,16
-23.75,137.0,-0.0393619918486192,313.6,0.40870965,507.76202,22,64,85,16
-23.75,137.25,-0.041692290756674,338.9,0.40970868,508.12817,19,61,85,15
-23.75,137.5,-0.0420052955392748,364.1,0.40760088,508.27136,16,61,85,15
-23.75,137.75,-0.0417666461368623,375.6,0.40423113,508.17917,15,61,84,15
-23.75,138.0,-0.0407418584207161,364.3,0.39789495,507.54044,16,62,82,17
-23.75,138.25,-0.0386720133336937,354.4,0.37671432,507.1697,17,65,76,17
-23.75,138.5,-0.0409264383238873,346.2,0.3655854,506.52454,18,62,73,19
-23.75,138.75,-0.0419614193269461,339.6,0.3494952,506.532,19,61,68,19
-23.75,139.0,-0.0404708534700884,334.9,0.33758652,505.9121,19,63,62,20
-23.75,139.25,-0.0409201041757894,332.1,0.3362131,505.1781,20,62,62,21
-23.75,139.5,-0.0387263956712558,331.3,0.32590944,505.3082,20,65,56,21
-23.75,139.75,-0.0368843749398365,330.5,0.31257114,504.5086,20,67,47,23
-23.75,140.0,-0.0390647678126004,329.6,0.32825255,505.12018,20,65,57,22
-23.75,140.25,-0.0429981208805527,321.4,0.3418132,503.6229,21,60,64,24
-23.75,140.5,-0.0457041852930117,299.4,0.33862635,502.9743,23,56,63,25
-23.75,140.75,-0.0464601133018732,277.8,0.32475108,504.82794,26,55,55,22
-23.75,141.0,-0.0507743514320325,257.0,0.32303455,504.1181,29,50,54,24
-23.75,141.25,-0.0617938066078793,237.1,0.33152136,503.1477,32,39,59,25
-23.75,141.5,-0.0673635634490762,218.3,0.33589116,500.8206,35,36,61,28
-23.75,141.75,-0.0662886667785988,201.0,0.33696985,499.28943,38,37,62,30
-23.75,142.0,-0.0637802103782936,185.5,0.33379832,498.14313,40,38,60,31
-23.75,142.25,-0.0562298086050543,172.4,0.32775128,497.02023,42,44,57,33
-23.75,142.5,-0.0451580293964417,162.3,0.32833353,496.97662,44,57,57,33
-23.75,142.75,-0.0381542110149027,155.6,0.32115322,496.166,45,66,53,34
-23.75,143.0,-0.032018619556246,131.1,0.30256963,498.0019,50,72,41,31
-23.75,143.25,-0.0256042584599483,106.9,0.28875798,499.2263,56,78,36,30
-23.75,143.5,-0.0197978727430814,83.3,0.2855668,499.24115,61,83,35,30
-23.75,143.75,-0.0187534444350084,61.1,0.29297057,497.68405,67,85,38,32
-23.75,144.0,-0.0235472067359036,42.4,0.30513674,497.2345,73,80,43,32
-23.75,144.25,-0.0263997856339084,33.6,0.31661364,496.26694,76,77,50,34
-23.75,144.5,-0.0234182309082132,27.0,0.31844062,494.55292,79,80,51,36
-23.75,144.75,-0.0147711819159753,26.0,0.31495336,493.1443,79,88,49,38
-23.75,145.0,-0.0024916549024748,24.0,0.30514663,491.3619,80,98,43,40
-23.75,145.25,0.0087100099195681,5.2,0.2897593,489.97778,94,93,36,41
-23.75,145.5,0.0163204020748491,19.5,0.285742,488.96857,83,87,35,43
-23.75,145.75,0.0111718341265389,23.8,0.27438316,487.14206,81,91,32,44
-23.75,146.0,0.0062117180953334,26.1,0.26009926,486.31122,79,95,29,45
-23.75,146.25,0.0020042406650082,29.3,0.23641218,483.95636,78,99,23,47
-23.75,146.5,2.605022330369268e-05,39.2,0.21179083,481.05005,74,100,19,50
-23.75,146.75,-0.0006796513639745,50.5,0.19817767,479.10364,70,100,18,51
-23.75,147.0,0.0030166150336819,63.0,0.2025284,475.40543,66,98,18,54
-23.75,147.25,0.0157922696879333,65.2,0.16132803,469.88937,66,87,12,59
-23.75,147.5,0.0266673953471971,69.3,0.14979495,467.8412,65,77,10,61
-23.75,147.75,0.0245126229533482,46.6,0.1622596,465.1968,71,79,12,63
-23.75,148.0,0.0070724342672509,28.3,0.17852078,463.6638,78,95,15,64
-23.75,148.25,-0.0079672929343013,23.8,0.1826798,463.69153,81,94,15,64
-23.75,148.5,0.0015770013599346,17.4,0.18624744,464.5843,84,99,16,63
-23.75,148.75,0.0057063881396537,1.9,0.17472793,463.5927,98,96,14,64
-23.75,149.0,-0.014481344959876,16.3,0.12691078,459.81296,85,89,6,67
-23.75,149.25,-0.0189741105323524,3.9,0.10980734,456.03082,95,84,4,70
-23.75,149.5,-0.0122000424413099,8.6,0.123833664,453.0,91,91,5,72
-23.75,149.75,0.0028896459126761,8.4,0.15127333,449.2432,91,98,10,75
-23.75,150.0,0.009680182935803,8.4,0.17970698,446.90692,91,93,15,76
-23.75,150.25,0.003601506872413,9.3,0.17144243,446.15152,90,97,13,77
-23.75,150.5,-0.0048011567776224,7.3,0.14001633,449.27173,92,96,8,75
-23.75,150.75,-0.004424967059666,3.1,0.13502379,453.43973,96,97,7,72
-23.75,151.0,0.0001759115240669,4.6,0.16183452,455.4501,95,100,12,70
-23.75,151.25,0.0025020761681454,9.8,0.2239598,454.58426,90,98,21,71
-24.0,113.5,0.0542822619146179,397.6,0.5990154,512.836,14,46,100,4
-24.0,113.75,0.0512678176918554,378.7,0.519201,513.1882,15,49,100,4
-24.0,114.0,0.0507982841911706,360.6,0.48734376,509.75735,17,50,100,11
-24.0,114.25,0.0528287380889412,343.4,0.48055413,507.8831,18,48,99,16
-24.0,114.5,0.053758798623901,326.2,0.48731968,509.0575,20,46,100,13
-24.0,114.75,0.0595860097568393,302.0,0.48944813,509.23965,23,41,100,13
-24.0,115.0,0.0650052646546447,277.9,0.48236987,509.12704,26,37,100,13
-24.0,115.25,0.0673988973195221,254.0,0.4697428,509.0065,29,36,98,13
-24.0,115.5,0.0643942481365576,230.5,0.44231772,508.77847,33,38,93,14
-24.0,115.75,0.0649835834922712,207.3,0.38289288,507.5981,37,37,78,17
-24.0,116.0,0.0673061472895001,184.7,0.36325535,505.40436,40,36,73,21
-24.0,116.25,0.0713225423890565,162.8,0.36461943,502.18857,44,33,73,26
-24.0,116.5,0.0718727030610482,142.1,0.37992615,499.95734,48,33,77,29
-24.0,116.75,0.0689540071922931,123.1,0.40958235,498.94968,52,35,85,30
-24.0,117.0,0.0666307233972474,106.7,0.43619543,498.50775,56,36,92,31
-24.0,117.25,0.0678105814382434,94.3,0.4452921,497.87103,59,35,94,31
-24.0,117.5,0.0672229043695898,87.7,0.42193544,497.32724,60,36,88,32
-24.0,117.75,0.0688401189167052,88.0,0.3875903,497.6395,60,35,80,32
-24.0,118.0,0.0697357371981654,95.3,0.3660823,497.41693,58,34,73,32
-24.0,118.25,0.0625234948513458,106.0,0.364937,496.5764,56,39,73,33
-24.0,118.5,0.0466571045302165,97.3,0.37173736,496.25253,58,55,75,34
-24.0,118.75,0.0425870272907472,94.6,0.3825874,495.89737,59,60,78,34
-24.0,119.0,0.0472845516108334,98.6,0.39202914,495.76822,58,54,81,35
-24.0,119.25,0.05335077224133,86.6,0.40757725,494.8206,60,47,85,36
-24.0,119.5,0.0577619511339608,75.6,0.42304668,494.66928,63,43,89,36
-24.0,119.75,0.0582237523571599,70.2,0.4326184,494.6477,65,42,91,36
-24.0,120.0,0.0576778028182508,73.6,0.4314624,495.402,64,43,91,35
-24.0,120.25,0.0599404837639581,84.6,0.42266738,495.7997,61,41,88,35
-24.0,120.5,0.0610200372462887,99.6,0.420155,496.45978,57,40,88,34
-24.0,120.75,0.0637861333961717,118.1,0.41439113,497.0159,53,38,86,33
-24.0,121.0,0.0680764840638619,138.6,0.4130975,497.5429,49,35,86,32
-24.0,121.25,0.0707237224416097,160.3,0.4159424,497.90536,45,34,87,31
-24.0,121.5,0.06908057489255,182.9,0.43160164,498.37048,41,35,91,31
-24.0,121.75,0.0679072572195547,206.0,0.43205556,498.4648,37,35,91,31
-24.0,122.0,0.0683825595121431,229.1,0.42648888,499.1552,33,35,90,30
-24.0,122.25,0.0676834682313104,252.2,0.42512915,499.94998,30,36,89,29
-24.0,122.5,0.0676321329637652,275.6,0.42490116,502.07437,27,36,89,26
-24.0,122.75,0.0668260811606333,299.4,0.42120725,503.3716,23,36,88,25
-24.0,123.0,0.0582831942055019,323.3,0.4192303,503.91946,20,42,88,24
-24.0,123.25,0.0486381579755938,347.3,0.434578,503.2449,18,53,92,25
-24.0,123.5,0.0444272934991334,371.5,0.4453052,502.45438,16,58,94,26
-24.0,123.75,0.0440131708536119,395.9,0.4490721,502.8416,14,58,95,25
-24.0,124.0,0.0418449114076793,420.3,0.45249996,502.6249,12,61,95,26
-24.0,124.25,0.0393198152011748,444.8,0.4563409,502.29312,10,64,96,26
-24.0,124.5,0.0397500349541327,469.4,0.4548085,501.53635,8,64,96,27
-24.0,124.75,0.0423158270096228,494.0,0.45253465,501.32037,7,61,96,27
-24.0,125.0,0.0427808411767251,518.7,0.4556571,501.67212,6,60,96,27
-24.0,125.25,0.042634061692349,543.4,0.46177158,501.711,5,60,97,27
-24.0,125.5,0.0446284529442588,568.1,0.4627513,502.69412,4,58,98,26
-24.0,125.75,0.0475836550639498,592.9,0.45825547,503.5731,3,54,97,24
-24.0,126.0,0.0469083565636537,617.7,0.44107854,504.78693,2,55,93,22
-24.0,126.25,0.0369370021024743,642.5,0.43152615,506.52924,2,67,91,19
-24.0,126.5,0.0276193439832977,667.4,0.44550237,506.23975,1,76,94,19
-24.0,126.75,0.0208560077650916,692.3,0.45603174,505.98663,1,82,96,20
-24.0,127.0,0.0199628971494911,685.8,0.45007572,506.0526,1,83,95,20
-24.0,127.25,0.020184979902669,660.6,0.42944825,505.08914,1,83,90,22
-24.0,127.5,0.0119861160271934,635.5,0.4279628,503.35184,2,91,90,25
-24.0,127.75,-0.0025111159232134,610.3,0.4354357,503.36005,2,98,92,25
-24.0,128.0,-0.0109285233996897,585.1,0.44249502,502.76202,3,92,93,25
-24.0,128.25,-0.0133194615199629,560.0,0.44587234,502.65665,4,90,94,26
-24.0,128.5,-0.0105970833428381,534.8,0.43868282,502.95993,5,92,92,25
-24.0,128.75,-0.0087969750343334,509.6,0.4218478,503.05438,6,93,88,25
-24.0,129.0,-0.0101896612893878,484.5,0.4074006,503.83722,8,92,85,24
-24.0,129.25,-0.0091413452101516,459.3,0.405297,502.19418,9,93,84,26
-24.0,129.5,-0.0078721433833596,434.1,0.40468162,500.2013,11,94,84,29
-24.0,129.75,-0.011843777021637,409.0,0.40453333,498.3049,13,91,84,31
-24.0,130.0,-0.0192672602129667,383.8,0.411005,497.68024,15,84,86,32
-24.0,130.25,-0.0263443497430887,358.7,0.42157105,496.9711,17,77,88,33
-24.0,130.5,-0.0323891154978246,333.5,0.4298664,496.50916,19,72,90,33
-24.0,130.75,-0.0359703806140238,308.4,0.43239743,494.87808,22,68,91,36
-24.0,131.0,-0.0377156590499604,283.2,0.42987695,493.71652,26,66,90,37
-24.0,131.25,-0.0437019949734565,258.1,0.42468405,493.73773,29,59,89,37
-24.0,131.5,-0.052901417644517,233.0,0.41804665,493.0967,32,47,87,38
-24.0,131.75,-0.0548994132234448,207.9,0.41705158,491.06754,37,45,87,40
-24.0,132.0,-0.0467834491060958,182.8,0.40940052,491.67398,41,55,85,40
-24.0,132.25,-0.0380529944829288,157.7,0.37978697,492.25278,45,66,77,39
-24.0,132.5,-0.0328275221147729,132.7,0.3314663,492.75067,50,71,59,39
-24.0,132.75,-0.0338867706424068,107.8,0.3111183,493.0547,55,70,46,38
-24.0,133.0,-0.0403233314686942,83.0,0.32210535,493.8993,61,63,53,37
-24.0,133.25,-0.0482517777232541,58.6,0.34306565,494.20242,68,53,65,37
-24.0,133.5,-0.0411346549567367,35.2,0.32509047,494.08487,75,62,55,37
-24.0,133.75,-0.0224498236330137,15.4,0.31148484,494.37073,86,81,46,37
-24.0,134.0,-0.013907830062921,21.7,0.31995755,494.21085,82,89,52,37
-24.0,134.25,-0.0060526252925705,44.4,0.31332195,494.60944,72,95,48,36
-24.0,134.5,0.0029633898335132,68.4,0.29262584,495.2229,65,98,37,35
-24.0,134.75,0.0071421998717899,92.3,0.27969176,496.9247,59,95,33,33
-24.0,135.0,0.008374903552855,116.3,0.30985668,498.58234,53,94,45,31
-24.0,135.25,0.0058160890837111,140.7,0.33454427,499.38425,48,96,61,30
-24.0,135.5,0.0025471974519037,165.3,0.3431672,501.0753,44,98,65,28
-24.0,135.75,-0.005933577496381,190.1,0.36251882,502.59863,39,96,72,26
-24.0,136.0,-0.0164760085377132,215.0,0.38473472,504.09528,35,87,79,24
-24.0,136.25,-0.0253526267152102,239.9,0.3953809,504.59747,31,78,81,23
-24.0,136.5,-0.0326097501117536,264.9,0.39928645,503.75812,28,71,82,24
-24.0,136.75,-0.0395625832856499,289.9,0.4059242,505.11987,25,64,84,22
-24.0,137.0,-0.0434721590108459,315.0,0.40900066,505.66245,21,59,85,21
-24.0,137.25,-0.0455400723567609,340.0,0.4127385,506.7048,19,56,86,18
-24.0,137.5,-0.0477347694071275,365.1,0.4119178,507.50003,16,54,86,17
-24.0,137.75,-0.0483417064971512,390.2,0.40918946,507.5977,14,53,85,17
-24.0,138.0,-0.0481430454734003,389.8,0.404265,505.30975,14,53,84,21
-24.0,138.25,-0.0482905101297157,380.7,0.3938478,506.09738,15,53,81,20
-24.0,138.5,-0.046675026061989,373.0,0.37348467,505.6507,16,55,76,21
-24.0,138.75,-0.0464241098001366,367.0,0.349276,506.0094,16,55,67,20
-24.0,139.0,-0.0429906617362229,362.6,0.33233836,506.4373,17,60,60,19
-24.0,139.25,-0.0421598513484544,360.0,0.32774028,505.71387,17,61,57,20
-24.0,139.5,-0.0420274277056922,359.2,0.3189763,505.1286,17,61,51,22
-24.0,139.75,-0.0406301547005395,358.4,0.31732994,504.71066,17,63,50,22
-24.0,140.0,-0.0414801784063456,357.0,0.33077657,505.08902,17,62,59,22
-24.0,140.25,-0.0414616229677838,335.4,0.34109542,505.16135,19,62,64,21
-24.0,140.5,-0.0418354276745092,314.3,0.33632356,504.78342,22,61,62,22
-24.0,140.75,-0.0423884698112184,294.0,0.3256092,504.65665,24,61,56,23
-24.0,141.0,-0.0496117139375114,274.4,0.32684132,504.09076,27,52,56,24
-24.0,141.25,-0.0616485695653994,255.9,0.34164396,503.71823,29,40,64,24
-24.0,141.5,-0.0659670163079031,238.7,0.3528065,500.5228,32,37,69,28
-24.0,141.75,-0.063156338021647,222.9,0.35010508,498.44632,34,39,68,31
-24.0,142.0,-0.055834333132398,209.1,0.3375219,497.49332,36,44,62,32
-24.0,142.25,-0.0482470862811342,197.6,0.32385916,496.97205,38,53,55,33
-24.0,142.5,-0.0394140233676547,187.4,0.32262403,497.69788,40,64,54,32
-24.0,142.75,-0.0346105209862192,163.8,0.32066712,496.32532,44,69,52,34
-24.0,143.0,-0.03327896941808,140.8,0.30203584,497.4971,48,71,41,32
-24.0,143.25,-0.0339300402490023,118.6,0.28766614,498.2347,53,70,36,31
-24.0,143.5,-0.0333780283751409,98.0,0.28558874,497.70966,58,71,35,32
-24.0,143.75,-0.031282147230342,80.0,0.3032958,496.15366,62,73,42,34
-24.0,144.0,-0.0253984298978355,66.8,0.31566498,495.12155,66,78,49,35
-24.0,144.25,-0.02066327005464,60.7,0.31616136,494.16455,67,83,49,37
-24.0,144.5,-0.0201619937328533,54.9,0.30617124,493.06143,69,83,43,38
-24.0,144.75,-0.0177885718444096,53.9,0.3051034,492.32007,69,86,43,39
-24.0,145.0,-0.0134374084339166,34.4,0.31667125,491.26688,76,90,50,40
-24.0,145.25,-0.004710331971624,9.8,0.31910828,489.73157,90,97,51,42
-24.0,145.5,0.0124997691461993,14.9,0.2977139,488.62375,86,90,39,43
-24.0,145.75,0.0126247384374957,39.9,0.28804556,487.53555,74,90,36,44
-24.0,146.0,0.0071279869539596,53.9,0.27225405,485.13004,69,95,32,46
-24.0,146.25,0.0031550329211833,57.0,0.23910533,482.2883,68,98,24,48
-24.0,146.5,0.0017841842180738,64.5,0.20735162,480.02243,66,99,19,50
-24.0,146.75,-0.0008564173144848,75.4,0.19438988,477.2128,63,100,17,53
-24.0,147.0,0.0035891322685139,87.3,0.19572052,475.17706,60,97,17,55
-24.0,147.25,0.017104765594316,93.1,0.16689892,471.26917,59,86,13,58
-24.0,147.5,0.0250338284126926,83.5,0.15283884,469.01538,61,79,10,60
-24.0,147.75,0.0200943760961915,65.7,0.15922214,467.316,66,83,12,61
-24.0,148.0,-0.003089193396625,54.0,0.16950826,465.7099,69,98,13,62
-24.0,148.25,-0.0192992598189794,40.0,0.16666473,465.35956,74,84,13,63
-24.0,148.5,-0.0097323876678101,14.8,0.15950185,464.60013,86,93,12,63
-24.0,148.75,0.008617578854873,10.3,0.17488343,464.89194,90,93,14,63
-24.0,149.0,0.0113132505211979,33.3,0.14619187,461.16797,76,91,9,66
-24.0,149.25,0.0190106704903189,27.5,0.12447769,457.1206,79,84,6,69
-24.0,149.5,0.0187360182648435,9.9,0.1289802,454.27036,90,85,6,71
-24.0,149.75,0.0132640817008602,7.6,0.14844131,452.622,92,90,10,72
-24.0,150.0,0.0184187517213147,20.6,0.17163515,452.83902,82,85,13,72
-24.0,150.25,0.0204868131322741,16.4,0.17236552,452.55322,85,83,14,72
-24.0,150.5,0.0025210776363521,7.8,0.15129764,449.42587,91,98,10,75
-24.0,150.75,-0.0063488107279963,9.7,0.11961448,447.7791,90,95,5,76
-24.0,151.0,-0.0071964926399578,7.4,0.104404,444.57254,92,95,4,78
-24.0,151.25,-0.0039737238165495,1.0,0.12588416,441.6847,99,97,6,79
-24.25,113.5,0.049850465614526,416.2,0.60668945,512.2714,12,51,100,5
-24.25,113.75,0.0468273570672387,398.2,0.53586894,514.0074,14,55,100,3
-24.25,114.0,0.0477947202422434,381.0,0.48904407,508.35406,15,54,100,15
-24.25,114.25,0.0495466600039175,358.3,0.44603887,505.76227,17,52,94,20
-24.25,114.5,0.0502371445453415,334.5,0.4625149,506.9451,19,51,97,18
-24.25,114.75,0.0546918998516741,310.9,0.4901349,507.13907,22,45,100,18
-24.25,115.0,0.0603302957423563,287.6,0.4922198,507.05032,25,41,100,18
-24.25,115.25,0.0580463403625236,264.7,0.46756765,507.6568,28,42,98,16
-24.25,115.5,0.0565265594050288,242.2,0.43372664,507.63312,31,44,91,16
-24.25,115.75,0.0629372093396904,220.3,0.38689786,506.93646,34,39,79,18
-24.25,116.0,0.0668475334543646,199.3,0.37866294,505.6418,38,36,77,21
-24.25,116.25,0.0675557277121004,179.2,0.37092397,503.1194,41,36,75,25
-24.25,116.5,0.0653238848178824,160.7,0.36599305,500.65137,44,37,73,28
-24.25,116.75,0.0651004300874081,144.2,0.3843393,498.5269,48,37,79,31
-24.25,117.0,0.0671429776897033,130.5,0.40961587,497.50626,50,36,85,32
-24.25,117.25,0.0670737227691071,120.6,0.4334491,496.54065,53,36,91,33
-24.25,117.5,0.0683024600236898,115.5,0.42341474,496.51736,54,35,89,33
-24.25,117.75,0.0698955481716742,115.7,0.41449133,496.7132,54,34,86,33
-24.25,118.0,0.0705312125163064,121.3,0.39913282,496.27707,52,34,82,34
-24.25,118.25,0.0651032506898489,131.6,0.40013254,496.2004,50,37,83,34
-24.25,118.5,0.0549791087961888,124.7,0.39972755,496.3647,52,45,83,34
-24.25,118.75,0.0557118281550217,122.6,0.4097219,495.61295,52,45,85,35
-24.25,119.0,0.0589472123233246,123.9,0.4261036,495.47263,52,42,89,35
-24.25,119.25,0.0640850671163726,111.1,0.43716356,494.95425,55,38,92,36
-24.25,119.5,0.0638068314109529,102.1,0.4400234,494.5743,57,38,93,36
-24.25,119.75,0.062524784013762,98.2,0.43701467,494.7772,58,39,92,36
-24.25,120.0,0.0598827272830974,100.6,0.42857182,495.48035,57,41,90,35
-24.25,120.25,0.0611544570874511,109.0,0.42085052,495.5868,55,40,88,35
-24.25,120.5,0.0621792012515167,121.8,0.41655818,496.0084,52,39,87,34
-24.25,120.75,0.0650634713615069,137.2,0.41705507,496.16736,49,37,87,34
-24.25,121.0,0.0695624178330901,155.3,0.4137813,496.40967,45,34,86,34
-24.25,121.25,0.0685951816206354,175.1,0.41116467,496.70474,42,35,86,33
-24.25,121.5,0.0661479597146223,196.1,0.42138487,497.03006,38,37,88,33
-24.25,121.75,0.067152672773227,217.8,0.42493662,497.3835,35,36,89,32
-24.25,122.0,0.070095078429828,240.3,0.4226372,496.46405,31,34,88,34
-24.25,122.25,0.0701672205396573,263.2,0.41976053,497.49756,28,34,88,32
-24.25,122.5,0.0681601225708921,286.4,0.4208283,499.03528,25,35,88,30
-24.25,122.75,0.066680728565968,309.4,0.41600874,500.02457,22,36,87,29
-24.25,123.0,0.0590666337537446,332.6,0.4208125,500.82758,19,41,88,28
-24.25,123.25,0.0496582579405401,356.1,0.44495934,500.65228,17,52,94,28
-24.25,123.5,0.0453245301952674,379.8,0.4530491,500.28522,15,57,96,29
-24.25,123.75,0.0419974570042021,403.7,0.45346925,500.5115,13,61,96,28
-24.25,124.0,0.0394733608600637,427.6,0.4526229,500.57394,11,64,96,28
-24.25,124.25,0.0392067857341663,451.7,0.45471016,500.37894,10,64,96,28
-24.25,124.5,0.0403933961088547,475.9,0.4551407,499.87967,8,63,96,29
-24.25,124.75,0.0417713281079029,500.2,0.45721903,499.4132,7,61,96,30
-24.25,125.0,0.0409687048985645,524.6,0.46663055,499.94574,5,62,98,29
-24.25,125.25,0.0413182848144233,549.1,0.4691968,500.23965,4,62,98,29
-24.25,125.5,0.0437688345599564,573.6,0.4661262,500.78735,3,59,98,28
-24.25,125.75,0.0471443498174526,598.2,0.45547697,501.8302,3,55,96,27
-24.25,126.0,0.0490311186649792,622.8,0.44122276,504.1749,2,52,93,23
-24.25,126.25,0.043504551481012,647.4,0.44705474,504.02844,1,59,94,24
-24.25,126.5,0.0360357943128422,672.1,0.45793378,503.3143,1,68,97,25
-24.25,126.75,0.0340996129183276,696.8,0.45629278,503.35333,1,70,96,25
-24.25,127.0,0.0334491924155459,686.3,0.44289085,503.5528,1,71,93,24
-24.25,127.25,0.0271706961195117,661.2,0.43353713,502.67062,1,77,91,26
-24.25,127.5,0.0161645155133945,636.2,0.44020084,502.18817,2,87,93,26
-24.25,127.75,0.0048815536769758,611.1,0.44334823,501.9997,2,96,94,26
-24.25,128.0,-0.0039824879395642,586.0,0.44719717,501.6922,3,97,95,27
-24.25,128.25,-0.0064784614463514,560.9,0.44248527,501.12436,4,95,93,27
-24.25,128.5,-0.0048084366645309,535.8,0.42681727,499.68195,5,96,90,29
-24.25,128.75,-0.0043523013934775,510.8,0.40532216,499.70267,6,97,84,29
-24.25,129.0,-0.0093238664788216,485.7,0.412368,499.4957,7,93,86,29
-24.25,129.25,-0.0097648670763841,460.7,0.42210546,499.05225,9,93,88,30
-24.25,129.5,-0.0079110407425711,435.7,0.41450652,496.9522,11,94,86,33
-24.25,129.75,-0.0080430257976764,410.7,0.40490785,495.5176,13,94,84,35
-24.25,130.0,-0.0151809269423773,385.7,0.40500396,494.34308,15,88,84,37
-24.25,130.25,-0.0254044361257304,360.7,0.42763782,493.9125,17,78,90,37
-24.25,130.5,-0.0341727470341582,335.8,0.44143206,495.0412,19,70,93,36
-24.25,130.75,-0.0396220227836498,310.8,0.43967038,494.0717,22,64,93,37
-24.25,131.0,-0.0432154533935577,286.0,0.435796,492.5012,25,59,92,39
-24.25,131.25,-0.0484705187269442,261.2,0.4290501,492.29022,28,53,90,39
-24.25,131.5,-0.054234492625775,236.4,0.42251763,492.08395,32,46,88,39
-24.25,131.75,-0.0557318109941358,211.8,0.42047203,491.54886,36,45,88,40
-24.25,132.0,-0.0424769223689855,187.3,0.39999345,489.59384,40,60,83,42
-24.25,132.25,-0.0328209291190086,163.0,0.38178796,490.569,44,71,78,41
-24.25,132.5,-0.0306056788035978,139.0,0.34831393,491.35934,49,73,67,40
-24.25,132.75,-0.0295929857055723,115.4,0.32785854,491.83234,54,74,57,40
-24.25,133.0,-0.0364210526603052,92.8,0.32972625,491.8304,59,67,58,40
-24.25,133.25,-0.0391141412236417,71.3,0.33144066,492.36435,64,64,59,39
-24.25,133.5,-0.0322734579843069,52.8,0.32163557,492.8002,69,72,53,38
-24.25,133.75,-0.023405276226861,42.0,0.31579983,493.47812,73,80,49,38
-24.25,134.0,-0.0205779385752975,44.7,0.3339866,493.26196,72,83,60,38
-24.25,134.25,-0.0142367489767604,59.1,0.33429557,493.7556,68,89,61,37
-24.25,134.5,-0.0051734938729731,79.1,0.32148522,494.4334,62,96,53,36
-24.25,134.75,0.0023389800385172,101.4,0.30446836,495.9877,57,99,42,34
-24.25,135.0,0.0047444347070441,124.8,0.31272742,497.8092,52,96,47,31
-24.25,135.25,0.0024476894205907,148.7,0.32752153,499.90463,47,98,57,29
-24.25,135.5,-0.0044363406619855,172.7,0.33427072,500.28506,42,97,61,29
-24.25,135.75,-0.0137798835933651,196.6,0.35954115,500.647,38,89,71,28
-24.25,136.0,-0.0258569840829642,220.7,0.38557085,501.71268,34,78,79,27
-24.25,136.25,-0.0341527332687595,245.0,0.4034331,503.39014,31,70,83,25
-24.25,136.5,-0.041933633056691,269.5,0.4053228,502.96835,27,61,84,25
-24.25,136.75,-0.0488369688125593,294.1,0.409747,503.32416,24,53,85,25
-24.25,137.0,-0.0504710060322568,318.7,0.41238156,504.1468,21,51,86,23
-24.25,137.25,-0.0528025423664422,343.5,0.41355923,505.39163,18,48,86,21
-24.25,137.5,-0.0539286154211454,368.3,0.41635922,506.6336,16,46,87,19
-24.25,137.75,-0.0538869301677637,393.1,0.41302982,506.82062,14,46,86,18
-24.25,138.0,-0.0488181056066726,415.7,0.40636694,504.66855,12,53,84,22
-24.25,138.25,-0.0475238491337569,407.1,0.39012972,504.98804,13,54,80,22
-24.25,138.5,-0.0488516124397782,400.0,0.3622632,505.93118,13,53,72,20
-24.25,138.75,-0.0503284355359418,394.4,0.34141353,505.91287,14,51,64,20
-24.25,139.0,-0.0514210274831081,390.3,0.32692155,506.42435,14,49,56,19
-24.25,139.25,-0.0511021417743038,388.0,0.32379287,505.4311,14,50,55,21
-24.25,139.5,-0.0516275960475295,387.2,0.31564564,503.98782,14,49,49,24
-24.25,139.75,-0.0524446802435531,386.4,0.32220596,503.56973,15,48,53,24
-24.25,140.0,-0.0486048196353727,371.7,0.33783147,505.178,16,53,62,21
-24.25,140.25,-0.045614490496172,351.0,0.3415598,505.72977,18,56,64,20
-24.25,140.5,-0.0407960829724158,331.0,0.33219525,506.01465,20,62,59,20
-24.25,140.75,-0.0417005652739178,311.8,0.3196747,505.724,22,61,52,20
-24.25,141.0,-0.0504346075933426,293.5,0.33064896,503.4055,24,51,59,24
-24.25,141.25,-0.0613958486888025,276.3,0.34727612,503.23563,26,40,67,25
-24.25,141.5,-0.0635894465809022,260.4,0.35130835,500.21594,29,38,68,29
-24.25,141.75,-0.0547736553098296,246.1,0.34231368,498.5599,31,45,64,31
-24.25,142.0,-0.0471215994147184,233.7,0.32699874,497.66043,32,55,57,32
-24.25,142.25,-0.0413316183374263,221.0,0.3184453,498.44354,34,62,51,31
-24.25,142.5,-0.0347236271459786,198.3,0.31936476,497.33563,38,69,52,32
-24.25,142.75,-0.029807794226023,176.2,0.3162338,496.93707,42,74,49,33
-24.25,143.0,-0.033752792058069,155.0,0.31196854,496.42285,46,70,47,34
-24.25,143.25,-0.0391013774355607,135.3,0.30107772,496.45816,49,64,41,34
-24.25,143.5,-0.0417295778680237,117.6,0.30349803,495.5532,53,61,42,35
-24.25,143.75,-0.0377440700396185,103.1,0.30890313,494.45715,56,66,45,36
-24.25,144.0,-0.0230654443658533,93.3,0.3104982,493.1282,59,80,46,38
-24.25,144.25,-0.022027459170758,87.4,0.31941947,492.77664,60,81,52,38
-24.25,144.5,-0.0283760230178207,82.8,0.30992422,491.71768,61,75,45,40
-24.25,144.75,-0.0330343013920355,59.1,0.311848,490.92758,68,71,47,41
-24.25,145.0,-0.0293864989076696,34.0,0.3202986,489.77957,76,74,52,42
-24.25,145.25,-0.0151577066663386,8.9,0.3385971,489.4225,91,88,63,42
-24.25,145.5,0.0023091130230265,10.7,0.32148206,488.90146,89,99,53,43
-24.25,145.75,0.0109572458541065,32.3,0.29660133,487.6216,77,92,39,44
-24.25,146.0,0.015440609402001,55.5,0.28004685,484.71063,69,88,33,47
-24.25,146.25,0.014680445995847,79.8,0.24589704,481.36017,62,88,25,49
-24.25,146.5,0.0123536015788669,90.1,0.21307369,478.3768,60,91,20,52
-24.25,146.75,0.0081032246439939,100.6,0.18993652,475.6863,57,94,16,54
-24.25,147.0,0.0085573199027705,111.7,0.16517574,472.584,55,93,12,57
-24.25,147.25,0.0192836815934805,120.1,0.14949839,470.7835,53,84,10,58
-24.25,147.5,0.0234408135132287,95.3,0.13554029,469.6197,58,80,7,59
-24.25,147.75,0.0026128164669942,70.6,0.13494752,468.53085,65,98,7,60
-24.25,148.0,-0.0204542141707081,46.5,0.1396433,466.18332,71,83,8,62
-24.25,148.25,-0.0283219498171958,24.3,0.13951741,465.2353,80,76,8,63
-24.25,148.5,-0.0212084980551957,5.4,0.13772202,464.8319,94,82,8,63
-24.25,148.75,0.0020281300002742,11.9,0.15090187,466.0534,88,99,10,62
-24.25,149.0,0.0204818751662969,34.8,0.15339217,462.4998,76,83,10,65
-24.25,149.25,0.0303672859635082,47.5,0.1334181,459.04654,71,74,7,67
-24.25,149.5,0.0257723890300396,29.9,0.1331687,456.50363,77,78,7,69
-24.25,149.75,0.0194384811385091,14.1,0.14953385,455.00583,87,84,10,70
-24.25,150.0,0.0169787601856071,3.1,0.17461574,456.2497,96,86,14,70
-24.25,150.25,0.0230718747283736,3.3,0.16755006,456.404,96,80,13,69
-24.25,150.5,0.0118502616283616,3.6,0.15187739,451.30704,96,91,10,73
-24.25,150.75,-0.0057018173165575,0.3,0.122580595,441.28094,100,96,5,79
-24.25,151.0,-0.0103622354167912,14.8,0.09849429,435.1471,86,92,3,82
-24.25,151.25,-0.0079438985419637,16.2,0.09639274,431.3707,85,94,3,84
-24.25,151.5,-0.0013957089478416,4.0,0.11952025,430.73657,95,99,5,84
-24.25,151.75,0.0071485002902114,11.3,0.19436814,433.99597,89,95,17,83
-24.5,113.5,0.0440648418518581,435.7,0.60923094,510.54968,11,58,100,9
-24.5,113.75,0.041304132069594,414.8,0.549834,512.8293,12,62,100,4
-24.5,114.0,0.043090694291251,391.2,0.5097175,507.53766,14,60,100,17
-24.5,114.25,0.0458120955522948,367.9,0.47218826,504.88043,16,56,99,22
-24.5,114.5,0.0479490307758429,344.8,0.4578506,504.71542,18,54,97,22
-24.5,114.75,0.0515243586174966,322.0,0.47521314,504.97906,21,49,99,22
-24.5,115.0,0.0523920534850774,299.7,0.46078572,505.5848,23,48,97,21
-24.5,115.25,0.0467385345293829,277.8,0.43698424,505.8651,26,55,92,20
-24.5,115.5,0.0494472569808186,256.5,0.4187852,506.23514,29,52,87,19
-24.5,115.75,0.0601290103347439,236.0,0.39471948,505.6199,32,41,81,21
-24.5,116.0,0.0627678368071515,216.5,0.3851788,504.70895,35,39,79,22
-24.5,116.25,0.0628572792169593,198.2,0.37471202,503.8594,38,39,76,24
-24.5,116.5,0.062111368774259,181.7,0.3687414,501.52957,41,39,74,27
-24.5,116.75,0.0636045914409416,167.3,0.39517418,498.75403,43,38,81,30
-24.5,117.0,0.0667109684508648,155.7,0.4234871,496.08405,45,36,89,34
-24.5,117.25,0.0682613447508109,147.5,0.43118933,494.789,47,35,91,36
-24.5,117.5,0.068663828424178,143.4,0.41725016,495.76016,48,35,87,35
-24.5,117.75,0.0705243389022403,143.6,0.40550727,495.97272,48,34,84,34
-24.5,118.0,0.0653653557877987,148.1,0.4147411,495.47656,47,37,86,35
-24.5,118.25,0.059693607809909,156.7,0.42469096,494.94858,45,41,89,36
-24.5,118.5,0.0586470842322645,152.3,0.43408796,494.8059,46,42,91,36
-24.5,118.75,0.0629452403989576,150.6,0.44710353,494.7401,46,39,94,36
-24.5,119.0,0.0653019809873686,147.5,0.4541632,493.99976,47,37,96,37
-24.5,119.25,0.0614722831219079,137.0,0.44808182,493.5716,49,40,95,38
-24.5,119.5,0.0604995616683958,129.2,0.4424585,493.16266,51,40,93,38
-24.5,119.75,0.0587393834627056,126.2,0.43348795,493.3767,51,42,91,38
-24.5,120.0,0.0592984940928761,128.1,0.42472905,493.5704,51,41,89,38
-24.5,120.25,0.0620512286711129,134.7,0.4132901,493.70276,49,39,86,37
-24.5,120.5,0.0632280345923001,145.5,0.4158852,494.7862,47,39,87,36
-24.5,120.75,0.0671274773222172,159.0,0.41373023,494.9966,45,36,86,36
-24.5,121.0,0.0680069019624386,174.8,0.41211534,495.55417,42,35,86,35
-24.5,121.25,0.0675441367316082,192.6,0.40485284,495.11255,39,36,84,35
-24.5,121.5,0.0643628008206308,211.9,0.4089267,495.39893,36,38,85,35
-24.5,121.75,0.0652242367366506,232.3,0.42441294,495.90564,33,37,89,34
-24.5,122.0,0.0701011593996857,253.5,0.4246642,494.8302,30,34,89,36
-24.5,122.25,0.0724362479168034,275.3,0.42439264,494.97092,27,33,89,36
-24.5,122.5,0.0709864193606855,297.6,0.41994742,496.1695,24,33,88,34
-24.5,122.75,0.0668268895951942,320.4,0.41376773,496.5571,21,36,86,33
-24.5,123.0,0.0583032315663461,343.4,0.42277452,497.50436,18,42,88,32
-24.5,123.25,0.049133820155458,366.6,0.4491854,497.9947,16,52,95,31
-24.5,123.5,0.0449007698223881,389.6,0.45901498,498.02377,14,57,97,31
-24.5,123.75,0.0429588709476991,412.9,0.4568876,497.5533,12,60,96,32
-24.5,124.0,0.0427828171634159,436.4,0.45912623,498.22983,11,60,97,31
-24.5,124.25,0.043489828255094,460.0,0.46194288,498.1409,9,59,97,31
-24.5,124.5,0.0429418068035461,483.9,0.46398675,497.06506,8,60,98,33
-24.5,124.75,0.0422773459341399,507.8,0.46812993,497.14676,6,61,98,33
-24.5,125.0,0.0417508168985867,531.8,0.47537115,497.23657,5,61,99,32
-24.5,125.25,0.043367129777159,554.8,0.47580037,498.14908,4,59,99,31
-24.5,125.5,0.0459423183405306,575.6,0.46800998,498.91434,3,56,98,30
-24.5,125.75,0.0460613541393762,596.7,0.45894533,499.54947,3,56,97,29
-24.5,126.0,0.046022692008271,618.1,0.45047608,502.1732,2,56,95,26
-24.5,126.25,0.0439365802421456,639.8,0.4558942,501.513,2,59,96,27
-24.5,126.5,0.0464770970029002,661.6,0.46627986,500.1424,1,55,98,29
-24.5,126.75,0.0463468809235131,683.7,0.45911676,500.2805,1,56,97,29
-24.5,127.0,0.0493128470233863,688.0,0.43450248,501.39102,1,52,92,27
-24.5,127.25,0.04311722633784,663.0,0.4169421,500.99872,1,60,87,28
-24.5,127.5,0.0274885299615561,638.1,0.42909953,500.61636,2,76,90,28
-24.5,127.75,0.0190886147785931,613.1,0.43592364,500.20267,2,84,92,29
-24.5,128.0,0.0112480253446847,588.2,0.43448156,499.77536,3,91,92,29
-24.5,128.25,0.0083442425289658,563.2,0.4254777,498.6005,4,94,89,31
-24.5,128.5,0.0099530257927697,538.3,0.4032654,496.94305,5,92,83,33
-24.5,128.75,0.0075791818832623,513.5,0.40552852,496.88318,6,94,84,33
-24.5,129.0,0.001947180866929,488.6,0.42925316,496.25363,7,99,90,34
-24.5,129.25,0.0009635715709356,463.8,0.43241316,495.3114,9,100,91,35
-24.5,129.5,0.0041125131571399,439.0,0.42567095,494.45438,11,97,89,36
-24.5,129.75,0.0024034296715399,414.2,0.4130379,493.47778,12,98,86,38
-24.5,130.0,-0.0043213096491637,389.5,0.41642758,493.09503,14,97,87,38
-24.5,130.25,-0.0146294533496811,364.9,0.42628893,492.49255,16,88,90,39
-24.5,130.5,-0.0262083134236967,340.3,0.43200162,492.8366,19,77,91,38
-24.5,130.75,-0.0358410702275467,315.8,0.43152118,492.25494,21,68,91,39
-24.5,131.0,-0.0419027186619738,291.4,0.4293388,491.97162,24,61,90,39
-24.5,131.25,-0.0518613251391798,267.1,0.44035083,492.6047,28,49,93,39
-24.5,131.5,-0.0606680464811645,243.1,0.440187,492.37256,31,40,93,39
-24.5,131.75,-0.0641926651221833,219.2,0.45029023,491.66656,35,38,95,40
-24.5,132.0,-0.0534338027083625,195.7,0.43199205,490.26846,39,47,91,41
-24.5,132.25,-0.0405788901838518,172.6,0.40548915,490.43823,42,63,84,41
-24.5,132.5,-0.0274237274136837,150.2,0.3812027,492.1199,47,76,78,39
-24.5,132.75,-0.0272857697991033,128.6,0.35944664,492.55405,51,76,71,39
-24.5,133.0,-0.021589340134302,108.3,0.33748445,492.7384,55,82,62,39
-24.5,133.25,-0.0225812596967443,90.4,0.326753,493.44003,60,81,56,38
-24.5,133.5,-0.0169494384223417,76.7,0.32495913,493.218,63,86,55,38
-24.5,133.75,-0.0160480444075628,69.7,0.3260083,493.53668,65,87,56,38
-24.5,134.0,-0.016050954029474,71.3,0.33245558,493.67664,64,87,60,37
-24.5,134.25,-0.0147859872396414,81.1,0.34685886,494.34265,62,88,67,37
-24.5,134.5,-0.0064495493253205,96.7,0.3383208,495.10825,58,95,63,35
-24.5,134.75,-0.0030800475095886,115.6,0.33921394,495.80984,54,98,63,34
-24.5,135.0,-0.0014505919246446,136.6,0.34372202,497.9083,49,99,65,31
-24.5,135.25,-0.003435990715488,158.7,0.34765366,499.24368,45,97,67,30
-24.5,135.5,-0.0052284938593705,181.7,0.34426013,499.41992,41,96,65,30
-24.5,135.75,-0.0183792097970754,205.1,0.36459038,499.49838,37,85,73,29
-24.5,136.0,-0.0265716436041873,228.9,0.3883616,499.56918,33,77,80,29
-24.5,136.25,-0.0372961331347358,252.9,0.40022033,500.35748,30,67,83,29
-24.5,136.5,-0.0446172405965626,276.8,0.40772966,501.2853,26,58,85,27
-24.5,136.75,-0.0512757405328253,300.8,0.41425738,502.7117,23,49,86,26
-24.5,137.0,-0.0558411041452061,324.9,0.41309544,503.50674,20,44,86,24
-24.5,137.25,-0.055327027033837,349.1,0.41529995,503.84393,18,45,87,24
-24.5,137.5,-0.0581160939719882,373.5,0.4146109,505.02432,15,42,86,22
-24.5,137.75,-0.055058392254813,398.0,0.4153334,505.6166,14,45,87,21
-24.5,138.0,-0.0501746903927553,422.5,0.41089553,505.06665,12,51,86,22
-24.5,138.25,-0.0468806436241027,433.8,0.39073083,504.75732,11,55,80,22
-24.5,138.5,-0.0454516584242117,427.1,0.35703507,506.60474,11,57,70,19
-24.5,138.75,-0.0512609409132329,421.9,0.33397996,506.67065,12,49,60,18
-24.5,139.0,-0.0584116489654185,418.1,0.3319435,507.01923,12,42,59,18
-24.5,139.25,-0.0626853968390995,415.9,0.32875377,506.60687,12,39,58,19
-24.5,139.5,-0.0630803999036461,415.2,0.32465535,504.65305,12,39,55,23
-24.5,139.75,-0.0600389598846612,408.1,0.3332012,504.12598,13,41,60,23
-24.5,140.0,-0.05774028072178,387.8,0.34200907,504.66562,14,43,64,23
-24.5,140.25,-0.0470500991602117,368.1,0.3391079,503.6475,16,55,63,24
-24.5,140.5,-0.0414121238969355,349.1,0.32523862,503.44296,18,62,56,24
-24.5,140.75,-0.042292316624939,331.0,0.32140705,504.0271,20,61,53,24
-24.5,141.0,-0.0509189605225054,313.9,0.3376128,503.74042,22,50,62,24
-24.5,141.25,-0.0584399040588842,297.9,0.34612736,503.03796,24,42,66,25
-24.5,141.5,-0.0569877991364115,283.3,0.33534297,501.3849,25,43,61,27
-24.5,141.75,-0.0508367525376213,270.2,0.32618883,499.53998,27,50,56,29
-24.5,142.0,-0.0447372673001761,255.7,0.32953396,498.0945,29,58,58,31
-24.5,142.25,-0.0409474119034019,233.6,0.32562554,497.36713,32,62,56,32
-24.5,142.5,-0.0302013028390882,212.3,0.32432365,497.16672,36,74,55,33
-24.5,142.75,-0.0221519842910181,191.8,0.3116031,496.7959,39,81,47,33
-24.5,143.0,-0.028425231842058,172.7,0.3080881,496.60333,42,75,44,33
-24.5,143.25,-0.0387054755197217,155.2,0.3270987,494.98828,45,65,57,36
-24.5,143.5,-0.0431233971534917,140.1,0.3306757,493.68857,48,60,59,37
-24.5,143.75,-0.0334389057232155,128.2,0.33255106,492.92886,51,71,60,38
-24.5,144.0,-0.0231680413281234,120.4,0.32749858,492.0654,53,80,57,39
-24.5,144.25,-0.0298391818066149,112.4,0.3294664,490.88516,54,74,58,41
-24.5,144.5,-0.04170219758082,88.1,0.33129308,490.72598,60,61,59,41
-24.5,144.75,-0.0480007715057581,64.3,0.3269606,489.60043,66,53,56,42
-24.5,145.0,-0.0399534346314058,42.2,0.33144316,488.56934,73,63,59,43
-24.5,145.25,-0.0261332929710901,23.7,0.3372063,487.77847,81,78,62,44
-24.5,145.5,-0.0086095635405009,10.7,0.3263979,487.51132,89,93,56,44
-24.5,145.75,0.0032966736399213,29.5,0.28796512,486.95657,78,98,36,45
-24.5,146.0,0.0134254582187471,53.7,0.26735237,484.50693,69,90,30,47
-24.5,146.25,0.026426329268586,78.4,0.25306,480.46793,62,77,27,50
-24.5,146.5,0.0276282012473703,103.3,0.21690357,477.37488,56,76,20,53
-24.5,146.75,0.0135723987709276,125.8,0.1766753,474.40677,51,90,14,55
-24.5,147.0,-0.0018456191326203,136.7,0.14615309,473.09763,49,99,9,57
-24.5,147.25,0.0043769930999371,119.6,0.13756672,471.91492,53,97,8,57
-24.5,147.5,-0.0016348519739473,94.7,0.13973786,469.997,59,99,8,59
-24.5,147.75,-0.0176126299517428,69.9,0.13036828,468.4645,65,86,6,60
-24.5,148.0,-0.0199387266622146,45.4,0.104860686,465.42896,72,83,4,63
-24.5,148.25,-0.0277132458541364,22.4,0.09423943,463.77908,81,76,3,64
-24.5,148.5,-0.0275395738382247,13.9,0.11433105,465.1568,87,76,4,63
-24.5,148.75,-0.0066815325458134,31.7,0.13368192,466.50073,77,95,7,62
-24.5,149.0,0.009334147831292,48.2,0.1348757,463.90005,71,93,7,64
-24.5,149.25,0.0106652813290046,67.5,0.1373317,461.58966,65,92,8,65
-24.5,149.5,0.0077841841734923,47.6,0.13618794,459.0581,71,94,7,67
-24.5,149.75,0.0098584660218052,25.6,0.15575585,457.1695,80,92,11,69
-24.5,150.0,0.0156762778024477,4.1,0.17737901,457.85422,95,88,14,68
-24.5,150.25,0.0224962392456031,5.0,0.16755189,457.86594,94,81,13,68
-24.5,150.5,0.0231599101999087,11.1,0.16948432,453.01617,89,80,13,72
-24.5,150.75,0.0098786237494399,3.0,0.138461,443.75885,96,92,8,78
-24.5,151.0,0.0076859871363489,18.3,0.11339389,433.71445,84,94,4,83
-24.5,151.25,0.0098392858480413,31.1,0.10163488,428.2257,77,92,3,85
-24.5,151.5,0.0124500564245473,7.2,0.103849895,425.0298,92,90,4,86
-24.5,151.75,0.0152597488504224,6.6,0.12117642,426.9067,92,88,5,85
-24.5,152.0,0.0203388561372689,14.2,0.2090616,431.69382,87,83,19,84
-24.75,113.75,0.0347472117700991,424.8,0.5689724,508.50726,11,69,100,14
-24.75,114.0,0.0364406780228905,401.9,0.5256378,506.83023,13,67,100,18
-24.75,114.25,0.0405278220595348,379.3,0.5024138,504.53107,15,63,100,23
-24.75,114.5,0.0436972704161668,357.0,0.48066643,504.0067,17,59,99,24
-24.75,114.75,0.0448561305130299,335.1,0.4490069,503.50754,19,57,95,24
-24.75,115.0,0.0453587357958202,313.7,0.431287,503.95724,22,57,91,24
-24.75,115.25,0.0429883537908262,293.0,0.4234411,504.6373,24,60,89,23
-24.75,115.5,0.0478548620905106,272.9,0.41552925,505.50162,27,54,87,21
-24.75,115.75,0.0580209088080751,253.8,0.40536654,504.4653,30,42,84,23
-24.75,116.0,0.060083653070476,235.8,0.40221095,503.8768,32,41,83,24
-24.75,116.25,0.0602636070517335,219.2,0.39140266,503.25388,35,41,80,25
-24.75,116.5,0.0612002578812063,204.4,0.39248344,501.09055,37,40,81,27
-24.75,116.75,0.0637486462364904,191.7,0.4177454,497.8495,39,38,87,31
-24.75,117.0,0.0617274056210936,181.7,0.43912804,496.13928,41,40,92,34
-24.75,117.25,0.0636305798887319,174.8,0.43017882,494.28488,42,38,90,37
-24.75,117.5,0.0665483411193625,171.3,0.41477805,494.6058,43,36,86,36
-24.75,117.75,0.0633745769593155,171.5,0.40501243,494.4918,43,38,84,36
-24.75,118.0,0.0591429712888341,175.3,0.40895858,493.9023,42,41,85,37
-24.75,118.25,0.0553070030613092,182.5,0.42417514,494.12866,41,45,89,37
-24.75,118.5,0.0578602157233815,180.0,0.43858093,493.50024,41,43,92,38
-24.75,118.75,0.0614457846874193,178.6,0.45031074,493.0238,41,40,95,38
-24.75,119.0,0.0573016674479558,172.5,0.4456784,491.63623,42,43,94,40
-24.75,119.25,0.0539522494422271,163.1,0.4361498,491.18018,44,46,92,40
-24.75,119.5,0.0534632925429226,156.7,0.43254593,491.6778,45,47,91,40
-24.75,119.75,0.0551429447884272,154.2,0.42607036,492.2257,46,45,89,39
-24.75,120.0,0.0596569450993445,155.7,0.42605,492.31882,45,41,89,39
-24.75,120.25,0.0638744141839976,161.2,0.4158819,491.70566,44,38,87,40
-24.75,120.5,0.06820763454196,170.3,0.4148072,492.5367,43,35,87,39
-24.75,120.75,0.0696796062862544,182.4,0.41082418,492.82224,41,34,85,38
-24.75,121.0,0.0710429066271033,196.4,0.40458706,493.2043,38,33,84,38
-24.75,121.25,0.0683422885713211,212.4,0.40387616,493.49466,36,35,84,38
-24.75,121.5,0.0652942250122404,230.0,0.4163667,493.1406,33,37,87,38
-24.75,121.75,0.0648676110764167,248.9,0.43305174,493.17117,30,37,91,38
-24.75,122.0,0.0665784599370367,268.8,0.4362793,493.10654,27,36,92,38
-24.75,122.25,0.0708494211936513,289.6,0.43263957,493.31836,25,34,91,38
-24.75,122.5,0.0709645666746101,310.8,0.42550573,493.40027,22,33,89,38
-24.75,122.75,0.0659615885106004,332.6,0.41641086,494.04596,19,37,87,37
-24.75,123.0,0.0567906571374762,354.9,0.42791092,494.87085,17,43,90,36
-24.75,123.25,0.0483229181562949,377.5,0.45078638,496.6528,15,53,95,33
-24.75,123.5,0.0440956789695303,400.4,0.4578076,495.9746,13,58,97,34
-24.75,123.75,0.0431467673696932,419.2,0.46110418,495.26065,12,60,97,35
-24.75,124.0,0.044979475754302,438.0,0.46002844,495.55002,11,57,97,35
-24.75,124.25,0.0432170278110009,457.4,0.46501476,495.47964,9,59,98,35
-24.75,124.5,0.0413731050026919,477.3,0.46589586,494.4499,8,62,98,36
-24.75,124.75,0.0402591244886198,497.7,0.4720593,494.70038,7,63,99,36
-24.75,125.0,0.0426174684589135,518.4,0.4816479,494.55313,6,60,99,36
-24.75,125.25,0.043257019439313,539.4,0.4778583,495.47397,5,59,99,35
-24.75,125.5,0.0437620794444921,560.8,0.4655714,496.14038,4,59,98,34
-24.75,125.75,0.0434395056874823,582.4,0.45571792,496.8777,3,59,96,33
-24.75,126.0,0.0406385963793755,604.3,0.46204934,498.6574,3,63,97,30
-24.75,126.25,0.0419956619452152,626.3,0.4684391,499.03317,2,61,98,30
-24.75,126.5,0.0463608812906646,648.6,0.47110018,497.56696,1,55,99,32
-24.75,126.75,0.0552619391935877,671.0,0.4391516,497.87027,1,45,92,31
-24.75,127.0,0.0598403622684556,690.8,0.40841657,499.0834,1,41,85,30
-24.75,127.25,0.0575822015581209,666.0,0.3979564,499.28278,1,43,82,30
-24.75,127.5,0.0456966442771122,641.2,0.41567636,498.94485,2,56,87,30
-24.75,127.75,0.039678709786607,616.4,0.42497656,498.05276,2,64,89,31
-24.75,128.0,0.0334896407167737,591.7,0.43576434,497.16028,3,70,92,33
-24.75,128.25,0.0301594004090431,567.0,0.41982034,495.32523,4,74,88,35
-24.75,128.5,0.0241856098504892,542.3,0.4115557,494.28513,5,79,86,37
-24.75,128.75,0.0209120540946189,517.6,0.4085582,493.5772,6,82,85,38
-24.75,129.0,0.0158307330982227,493.0,0.43598995,493.51923,7,87,92,38
-24.75,129.25,0.0176075689472435,468.5,0.43487057,491.9098,9,86,92,39
-24.75,129.5,0.0205092199102398,444.0,0.4278582,491.3652,10,83,90,40
-24.75,129.75,0.0212366565130651,419.6,0.43449852,491.4884,12,82,92,40
-24.75,130.0,0.0131301300334078,395.3,0.43280756,491.11334,14,90,91,40
-24.75,130.25,0.0057857369682529,371.1,0.42811215,491.77283,16,96,90,40
-24.75,130.5,-0.0091200786770232,347.0,0.4267834,491.83566,18,93,90,39
-24.75,130.75,-0.0225509351939849,323.1,0.42382863,491.77158,21,81,89,40
-24.75,131.0,-0.034742069804287,299.3,0.4325071,491.26697,23,69,91,40
-24.75,131.25,-0.0472170479861753,275.8,0.4389102,491.902,26,54,92,39
-24.75,131.5,-0.0554310497827827,252.6,0.4557779,492.0976,30,45,96,39
-24.75,131.75,-0.0615570415188336,229.9,0.46421874,490.9106,33,40,98,41
-24.75,132.0,-0.0596550301814984,207.6,0.45986742,490.3345,37,41,97,41
-24.75,132.25,-0.0478804380411193,185.9,0.44035602,490.44025,40,54,93,41
-24.75,132.5,-0.0357622899103998,165.0,0.41666847,491.8272,44,68,87,40
-24.75,132.75,-0.0212205803354403,145.5,0.39671963,492.65,47,82,82,39
-24.75,133.0,-0.0152278085261405,127.9,0.37292948,493.3511,51,88,75,38
-24.75,133.25,-0.0071869837465263,113.2,0.35284454,493.7848,54,95,69,37
-24.75,133.5,-0.0035084382562282,102.7,0.35210928,494.15143,56,97,68,37
-24.75,133.75,-0.0043373708036683,97.5,0.34896192,494.2647,58,97,67,37
-24.75,134.0,-0.002372122093636,98.7,0.33531702,493.8704,58,99,61,37
-24.75,134.25,-0.0041205719235308,106.0,0.34733954,494.5487,56,97,67,36
-24.75,134.5,-0.004142071135963,118.3,0.36805993,495.62872,53,97,74,35
-24.75,134.75,-0.0036607720534361,134.2,0.3696079,496.24805,50,97,75,34
-24.75,135.0,-0.0002422774521013,152.6,0.36327603,496.2881,46,100,73,34
-24.75,135.25,0.0006661037470967,172.7,0.36068395,496.97656,42,100,72,33
-24.75,135.5,-0.0056631756170342,193.9,0.3586134,497.2768,39,96,71,32
-24.75,135.75,-0.0105656908847214,216.0,0.3681405,497.722,35,92,74,32
-24.75,136.0,-0.0240113622558835,238.7,0.3852853,497.98456,32,80,79,31
-24.75,136.25,-0.029363202713319,261.8,0.38645646,499.17694,28,74,79,30
-24.75,136.5,-0.037289532728859,285.2,0.40431303,500.56647,25,67,84,28
-24.75,136.75,-0.0461996306033272,309.0,0.41295573,501.73077,22,56,86,27
-24.75,137.0,-0.0509741119394588,332.9,0.4129667,502.78763,19,50,86,25
-24.75,137.25,-0.055737307539121,356.8,0.41061622,503.01038,17,45,85,25
-24.75,137.5,-0.0559949998034253,380.7,0.4147213,503.4381,15,44,86,24
-24.75,137.75,-0.0558081163581283,404.7,0.41262266,505.0899,13,44,86,22
-24.75,138.0,-0.050545184710063,428.8,0.40874547,505.70944,11,50,85,20
-24.75,138.25,-0.0443191679549359,453.1,0.3857547,504.22742,10,58,79,23
-24.75,138.5,-0.0443995389111694,454.4,0.35208088,506.016,10,58,68,20
-24.75,138.75,-0.050043256838052,449.5,0.3426475,506.09204,10,51,65,20
-24.75,139.0,-0.0598584055102297,445.9,0.33712938,505.4693,10,41,62,21
-24.75,139.25,-0.0653885634726889,443.9,0.33938766,505.44904,10,37,63,21
-24.75,139.5,-0.0682424040067763,443.2,0.333983,502.40842,10,35,60,26
-24.75,139.75,-0.0649965447573257,424.7,0.33546898,503.30875,12,37,61,25
-24.75,140.0,-0.0566277092854891,405.3,0.33477926,503.941,13,44,61,24
-24.75,140.25,-0.0497751650600028,386.5,0.32779685,502.84836,14,51,57,25
-24.75,140.5,-0.0438010354326771,368.5,0.3260685,502.77957,16,59,56,25
-24.75,140.75,-0.0459140376365255,351.4,0.32282743,503.2543,18,56,54,25
-24.75,141.0,-0.0513603503932245,335.4,0.33893162,503.03104,19,49,63,25
-24.75,141.25,-0.0536903942181241,320.5,0.3339682,502.2852,21,46,60,26
-24.75,141.5,-0.0543727090188656,307.0,0.3247294,501.0498,22,46,55,28
-24.75,141.75,-0.0544668001100598,291.0,0.33776036,499.71872,24,46,62,29
-24.75,142.0,-0.0515676331757276,269.5,0.33816975,498.23734,27,49,63,31
-24.75,142.25,-0.0362439551656799,248.7,0.32600522,496.54883,30,68,56,33
-24.75,142.5,-0.0209927863618802,228.8,0.3166898,497.1519,33,82,50,33
-24.75,142.75,-0.015082040912516,210.1,0.3028328,496.64417,36,88,42,33
-24.75,143.0,-0.0187514303138457,192.8,0.29996458,496.87717,39,85,40,33
-24.75,143.25,-0.0301078003165977,177.3,0.31276163,495.00278,42,74,47,36
-24.75,143.5,-0.0338571870965617,164.3,0.3325683,492.48145,44,70,60,39
-24.75,143.75,-0.0277999421825543,154.3,0.33439314,492.24188,46,76,61,39
-24.75,144.0,-0.0259031770430391,144.5,0.3353559,491.4483,47,78,61,40
-24.75,144.25,-0.0308586497907526,121.4,0.3203177,488.93576,52,73,52,43
-24.75,144.5,-0.0408846061127752,99.4,0.3100694,487.984,57,62,45,44
-24.75,144.75,-0.0399307869086485,79.2,0.3103845,487.86853,62,63,46,44
-24.75,145.0,-0.0342855567112565,60.3,0.310623,486.83224,67,70,46,45
-24.75,145.25,-0.0309904657969517,44.2,0.33394423,486.5607,72,73,60,45
-24.75,145.5,-0.0189750490067083,38.5,0.32405093,486.24982,74,84,55,45
-24.75,145.75,-0.0069014734965527,47.3,0.2883689,485.4124,71,95,36,46
-24.75,146.0,0.0115419892311495,65.2,0.2850078,484.17737,66,91,35,47
-24.75,146.25,0.0263574091734231,86.6,0.26218662,480.56583,60,77,29,50
-24.75,146.5,0.037256038911818,109.7,0.23538588,477.6924,55,67,23,52
-24.75,146.75,0.0300244478719486,133.4,0.19071238,474.52026,50,74,16,55
-24.75,147.0,0.0093340061351704,149.4,0.16307485,472.4871,47,93,12,57
-24.75,147.25,-0.0016050722100771,125.5,0.1553812,471.93185,52,99,11,57
-24.75,147.5,-0.0079515232527185,102.1,0.1568196,470.1056,57,94,11,59
-24.75,147.75,-0.0030511109618514,79.7,0.13888648,467.16467,62,98,8,61
-24.75,148.0,-0.0021637397335975,59.5,0.10972523,464.46832,67,99,4,63
-24.75,148.25,-0.001079281437255,44.5,0.07599269,463.22437,72,100,2,64
-24.75,148.5,-0.0182136015719845,40.9,0.09571266,464.5961,73,85,3,63
-24.75,148.75,-0.0081524901455157,51.2,0.11870388,466.41055,70,94,5,62
-24.75,149.0,-0.0062905473368508,69.1,0.13253742,465.73126,65,95,7,62
-24.75,149.25,-0.0016784992512492,82.8,0.13133158,463.15393,61,99,6,64
-24.75,149.5,-0.0016840427093917,58.6,0.14205861,460.6176,68,99,9,66
-24.75,149.75,0.0011895703861401,35.5,0.15566921,458.6014,75,100,11,68
-24.75,150.0,0.0175534490627493,14.5,0.1704549,459.25516,86,86,13,67
-24.75,150.25,0.0251654581963694,9.9,0.17651153,458.61026,90,79,14,68
-24.75,150.5,0.0288873681384887,34.8,0.17621791,454.03186,76,75,14,71
-24.75,150.75,0.0381137009654637,15.9,0.162263,446.79297,85,66,12,76
-24.75,151.0,0.0422230840372365,8.4,0.13272758,437.30496,91,61,7,81
-24.75,151.25,0.0388945139545415,33.3,0.11928042,429.5493,76,65,5,85
-24.75,151.5,0.029457858933546,16.4,0.11295415,422.71896,85,74,4,87
-24.75,151.75,0.0253109301922709,6.7,0.11434514,421.77515,92,78,4,87
-24.75,152.0,0.0256415213003665,13.0,0.1275516,428.51288,88,78,6,85
-24.75,152.25,0.0285206031407662,15.9,0.21638641,437.25757,85,75,20,81
-25.0,113.75,0.0299943209825349,426.5,0.593323,505.74368,11,74,100,20
-25.0,114.0,0.0297804179551479,414.3,0.53809464,506.62888,12,74,100,19
-25.0,114.25,0.0343306129493395,392.4,0.5121085,504.37405,14,70,100,23
-25.0,114.5,0.039434869024193,370.9,0.4864428,502.2791,16,64,100,26
-25.0,114.75,0.0409497519040347,350.0,0.45221803,502.08575,18,62,95,26
-25.0,115.0,0.042694736802895,329.6,0.44288173,503.16086,20,60,93,25
-25.0,115.25,0.0432314249980706,309.9,0.4360028,504.37,22,59,92,23
-25.0,115.5,0.0475126159432831,291.1,0.42977938,504.42352,24,54,90,23
-25.0,115.75,0.0564066964179454,273.3,0.42236382,503.96408,27,44,88,24
-25.0,116.0,0.0588365740646536,256.7,0.4200981,503.09247,29,42,88,25
-25.0,116.25,0.0584860915695095,241.6,0.4209553,502.327,31,42,88,26
-25.0,116.5,0.063155291686278,228.3,0.42121413,500.37903,33,39,88,28
-25.0,116.75,0.0611128212057911,217.0,0.4284729,497.3472,35,40,90,32
-25.0,117.0,0.0580805793408736,208.3,0.44019428,495.99213,36,42,93,34
-25.0,117.25,0.0609691180560427,202.2,0.42999098,495.02625,37,40,90,36
-25.0,117.5,0.0643029226810627,199.2,0.4286305,494.83002,38,38,90,36
-25.0,117.75,0.0631478962765651,199.4,0.4161135,494.44397,38,39,87,36
-25.0,118.0,0.060431383958175,202.7,0.41238496,493.75388,37,40,86,37
-25.0,118.25,0.0577792467451737,209.0,0.420156,493.58865,36,43,88,37
-25.0,118.5,0.0585157888841682,207.8,0.4325605,492.7529,37,42,91,39
-25.0,118.75,0.0557533614492664,206.6,0.43859392,491.3363,37,44,92,40
-25.0,119.0,0.0517533421217064,198.3,0.43051803,489.87204,38,49,91,42
-25.0,119.25,0.0526527910631903,189.8,0.4346884,490.25394,39,48,92,41
-25.0,119.5,0.0528769191687128,184.3,0.42767355,491.18332,40,48,90,40
-25.0,119.75,0.0539798307975399,182.2,0.43674204,491.18973,41,46,92,40
-25.0,120.0,0.0567579008893863,183.5,0.43702036,491.61426,41,44,92,40
-25.0,120.25,0.0618930882459348,188.2,0.4273267,490.73923,40,39,90,41
-25.0,120.5,0.0681730725558563,196.0,0.42051348,490.3131,38,35,88,41
-25.0,120.75,0.0721428434419933,206.6,0.41131592,490.7681,37,33,86,41
-25.0,121.0,0.0731141942508873,219.5,0.38917783,490.89545,35,32,80,41
-25.0,121.25,0.0701613899713958,233.8,0.38733783,491.53308,32,34,79,40
-25.0,121.5,0.0655668095186618,249.9,0.42857224,490.38397,30,37,90,41
-25.0,121.75,0.0642349913550008,267.4,0.44622478,489.64856,28,38,94,42
-25.0,122.0,0.0652325683295549,286.0,0.44494754,489.92642,25,37,94,42
-25.0,122.25,0.067081559815311,299.1,0.440067,489.9343,23,36,93,41
-25.0,122.5,0.0681969234215406,313.6,0.42908353,490.55865,22,35,90,41
-25.0,122.75,0.0642326389753482,329.3,0.42521748,491.88254,20,38,89,39
-25.0,123.0,0.0547524910908015,346.0,0.4333248,493.0974,18,45,91,38
-25.0,123.25,0.0470184189167671,363.6,0.45247996,494.49658,16,55,95,36
-25.0,123.5,0.0449971597408875,381.9,0.46279806,494.0327,15,57,98,37
-25.0,123.75,0.0442557835618832,400.9,0.46100923,493.1172,13,58,97,38
-25.0,124.0,0.0456429188272782,420.6,0.4632134,492.95358,12,56,98,38
-25.0,124.25,0.043441003054336,440.7,0.4654699,492.3659,10,59,98,39
-25.0,124.5,0.0408589165830995,461.3,0.46590304,492.05646,9,62,98,39
-25.0,124.75,0.0391042815809625,482.2,0.4725768,491.79968,8,64,99,40
-25.0,125.0,0.0406970433990604,503.5,0.47815388,492.13986,7,63,99,39
-25.0,125.25,0.0428404278620811,525.1,0.46909118,492.33862,5,60,98,39
-25.0,125.5,0.0431430201046168,547.0,0.45271757,492.96365,5,60,96,38
-25.0,125.75,0.0391502999279293,569.1,0.45516658,494.00867,4,64,96,37
-25.0,126.0,0.0355069418171686,591.4,0.46697688,495.91202,3,68,98,34
-25.0,126.25,0.0392770957822947,613.9,0.47364393,496.51428,2,64,99,33
-25.0,126.5,0.0482218120624089,636.5,0.4546905,495.7079,2,53,96,35
-25.0,126.75,0.0579117890134165,659.3,0.4183477,496.0866,1,43,87,34
-25.0,127.0,0.0666822052516398,682.2,0.38213807,496.93903,1,36,78,33
-25.0,127.25,0.0665534878593115,670.1,0.37397906,497.25308,1,36,76,32
-25.0,127.5,0.059626591769934,645.5,0.40309817,497.00714,1,41,83,33
-25.0,127.75,0.0534131249182835,621.0,0.42599997,495.81445,2,47,89,34
-25.0,128.0,0.0497443564507799,596.5,0.4338002,494.7842,3,51,91,36
-25.0,128.25,0.0376778693811502,572.0,0.44247967,492.42075,4,66,93,39
-25.0,128.5,0.0323044671089432,547.6,0.42649078,491.47888,4,72,90,40
-25.0,128.75,0.0237937525868238,523.3,0.4393164,490.94803,6,80,93,40
-25.0,129.0,0.0193820807861075,499.0,0.45492816,490.596,7,84,96,41
-25.0,129.25,0.024223114128801,474.8,0.44513792,488.82138,8,79,94,43
-25.0,129.5,0.0323433782528376,450.8,0.44393346,488.75055,10,72,94,43
-25.0,129.75,0.0330290003635344,426.8,0.44449484,488.98303,11,71,94,43
-25.0,130.0,0.0367412586341656,403.0,0.43672052,489.29742,13,67,92,42
-25.0,130.25,0.0286956045222246,379.3,0.42556015,489.8414,15,75,89,42
-25.0,130.5,0.0142383497552059,355.8,0.42788386,490.09515,17,89,90,41
-25.0,130.75,-0.0014892928354952,332.6,0.42617816,490.27762,19,99,89,41
-25.0,131.0,-0.0189508706292447,309.6,0.42917383,490.3971,22,84,90,41
-25.0,131.25,-0.0317043660485762,287.0,0.4427492,491.20233,25,72,93,40
-25.0,131.5,-0.0445309539500158,264.9,0.45345968,491.3362,28,58,96,40
-25.0,131.75,-0.0497691122526746,243.1,0.45729327,489.96588,31,51,97,41
-25.0,132.0,-0.051820577428277,222.0,0.45436463,489.94434,34,49,96,41
-25.0,132.25,-0.0448241116567736,201.8,0.44052842,490.2438,37,57,93,41
-25.0,132.5,-0.0348633091048603,182.8,0.43760762,490.7257,41,69,92,41
-25.0,132.75,-0.0227510953694859,165.5,0.4158754,491.7579,44,81,87,40
-25.0,133.0,-0.0115926640917591,150.3,0.40367538,492.8255,47,91,84,38
-25.0,133.25,-0.0033205509717975,138.0,0.38350075,493.51965,49,98,78,38
-25.0,133.5,0.0010947391169057,129.5,0.38128287,494.60764,51,100,78,36
-25.0,133.75,0.0068437553410019,125.5,0.36113718,494.81552,52,95,72,36
-25.0,134.0,0.0084214109633605,126.4,0.34283593,494.43146,51,94,65,37
-25.0,134.25,0.0097812452397885,132.2,0.35573444,494.10077,50,92,70,37
-25.0,134.5,0.0046297553926706,142.2,0.3733204,494.87448,48,97,76,36
-25.0,134.75,0.0101285109473835,155.6,0.37187284,494.57285,45,92,75,36
-25.0,135.0,0.0154065089211577,171.7,0.34781367,493.93195,43,88,67,37
-25.0,135.25,0.0119117543544797,189.7,0.34240866,494.8062,39,91,65,36
-25.0,135.5,0.0027661459099146,209.2,0.36297494,495.9167,36,98,72,34
-25.0,135.75,-0.0071686147224335,229.8,0.36738363,496.20114,33,95,74,34
-25.0,136.0,-0.0101966772705227,251.2,0.3741195,496.96194,30,92,76,33
-25.0,136.25,-0.0182306008845833,273.2,0.36981866,498.06348,27,85,75,31
-25.0,136.5,-0.0249394521915486,295.7,0.3983848,499.47693,24,79,82,29
-25.0,136.75,-0.0330452554659651,318.6,0.40835893,500.74576,21,71,85,28
-25.0,137.0,-0.0407083551842896,341.8,0.4045223,501.5061,18,63,84,27
-25.0,137.25,-0.0447861078594412,365.2,0.40737185,502.54993,16,57,85,26
-25.0,137.5,-0.0509181270586504,388.9,0.40664142,502.9953,14,50,84,25
-25.0,137.75,-0.0505138678891983,412.7,0.40737966,504.15295,12,50,85,23
-25.0,138.0,-0.0471519233392817,436.6,0.40074587,505.23282,11,55,83,21
-25.0,138.25,-0.0412015600129962,460.5,0.37270784,503.9665,9,62,75,24
-25.0,138.5,-0.0391618656704113,481.7,0.35422078,505.4107,8,64,69,21
-25.0,138.75,-0.0472562487009868,477.1,0.34049347,505.37305,8,54,64,21
-25.0,139.0,-0.0555172129401138,473.8,0.35135418,504.45166,8,45,68,23
-25.0,139.25,-0.0640118521505168,471.8,0.35041946,503.77014,8,38,68,24
-25.0,139.5,-0.0654352710715362,461.7,0.34501317,502.6073,9,37,66,26
-25.0,139.75,-0.0636186970675009,442.5,0.339644,503.83386,10,38,63,24
-25.0,140.0,-0.0592904172117067,423.9,0.33337542,504.42407,12,41,60,23
-25.0,140.25,-0.0528476823210006,406.0,0.32693985,502.63098,13,48,56,26
-25.0,140.5,-0.0498055454864654,389.0,0.32016194,502.61404,14,51,52,26
-25.0,140.75,-0.0493132823690151,372.8,0.32169646,502.31995,16,52,53,26
-25.0,141.0,-0.0529595375160819,357.8,0.33055308,501.48517,17,47,59,27
-25.0,141.25,-0.054857085483326,343.9,0.32044902,500.89676,18,45,52,28
-25.0,141.5,-0.0560650208532544,326.7,0.33162647,500.81546,20,44,59,28
-25.0,141.75,-0.0587241479284351,305.8,0.33972463,499.58768,23,42,63,29
-25.0,142.0,-0.0454859983497521,285.4,0.33248055,498.30972,25,57,60,31
-25.0,142.25,-0.0285229642759077,266.0,0.3120348,496.95682,28,75,47,33
-25.0,142.5,-0.0116328195096381,247.5,0.29771903,497.18375,31,91,39,32
-25.0,142.75,-0.0135291059525029,230.3,0.29646564,497.3129,33,90,39,32
-25.0,143.0,-0.0178327978544292,214.6,0.29074302,497.2114,35,86,37,32
-25.0,143.25,-0.0230055962334431,200.9,0.30237943,495.47037,38,81,41,35
-25.0,143.5,-0.0282063799878371,189.5,0.31629112,493.3226,40,76,50,38
-25.0,143.75,-0.0326870193106255,178.6,0.32566872,491.63696,41,71,56,40
-25.0,144.0,-0.034551066787736,156.7,0.3229549,489.65903,45,69,54,42
-25.0,144.25,-0.0316635657833623,135.8,0.29845095,487.49094,49,72,40,44
-25.0,144.5,-0.0157570147399036,116.5,0.2710133,485.5177,53,87,31,46
-25.0,144.75,-0.0153583537831547,97.6,0.2660493,485.37247,58,88,30,46
-25.0,145.0,-0.0214607190717721,81.2,0.2942657,485.57587,62,82,38,46
-25.0,145.25,-0.0256491638988899,70.0,0.31852812,485.4434,65,78,51,46
-25.0,145.5,-0.0216193467284375,66.5,0.30628255,484.897,66,82,43,46
-25.0,145.75,-0.0057523209579466,71.9,0.29064435,484.32047,64,96,37,47
-25.0,146.0,0.013306133780584,84.7,0.2869568,482.81506,61,90,35,48
-25.0,146.25,0.0283246570056126,102.1,0.2817398,481.269,57,76,34,49
-25.0,146.5,0.0406257295956103,122.2,0.24665068,478.4584,52,63,25,52
-25.0,146.75,0.0487899577466859,143.9,0.2201911,475.83157,48,53,21,54
-25.0,147.0,0.0391620270109602,157.6,0.1943253,473.83148,45,64,17,56
-25.0,147.25,0.0251473817270293,137.0,0.18140124,472.6388,49,79,15,57
-25.0,147.5,0.023070639249913,116.0,0.17760663,470.06934,53,80,14,59
-25.0,147.75,0.0341406470117796,96.9,0.15825804,467.16827,58,70,11,61
-25.0,148.0,0.0479212398638039,81.1,0.1269095,464.9484,62,54,6,63
-25.0,148.25,0.0460943357436917,70.9,0.08618496,464.1315,64,56,2,64
-25.0,148.5,0.0167603318601669,68.7,0.090444215,465.31177,65,87,2,63
-25.0,148.75,0.0010588856358524,70.2,0.118158,466.84192,65,100,5,61
-25.0,149.0,0.0015520706506712,68.4,0.13039675,465.91522,65,99,6,62
-25.0,149.25,0.0136304609475441,75.0,0.14106813,463.32318,63,89,8,64
-25.0,149.5,0.0134248113958165,61.7,0.14894149,460.30948,67,90,10,66
-25.0,149.75,0.0189627809948953,36.8,0.15516625,459.58905,75,84,11,67
-25.0,150.0,0.0325797492200286,12.0,0.16305965,460.24945,88,71,12,67
-25.0,150.25,0.0378827669186561,12.3,0.17518216,459.334,88,66,14,67
-25.0,150.5,0.0410614793355177,36.4,0.18161441,454.3667,75,62,15,71
-25.0,150.75,0.0585780860612257,14.0,0.16424856,446.90237,87,42,12,76
-25.0,151.0,0.0637369732427898,10.9,0.14858653,441.2087,89,38,10,79
-25.0,151.25,0.0615697867846826,35.9,0.13480143,433.7932,75,40,7,83
-25.0,151.5,0.045806414393259,30.7,0.13040975,425.05972,77,56,6,86
-25.0,151.75,0.0316998143253537,10.5,0.11923127,420.24658,89,72,5,88
-25.0,152.0,0.0312105588310043,1.9,0.11886743,426.19223,98,73,5,86
-25.0,152.25,0.0346688396430441,5.0,0.1424882,431.09436,94,69,9,84
-25.0,152.5,0.0353078260651922,12.2,0.23919861,439.7217,88,69,24,80
-25.25,114.0,0.0250084078471575,394.5,0.5576918,506.87247,14,79,100,18
-25.25,114.25,0.030484421451443,391.4,0.50957155,504.89667,14,73,100,22
-25.25,114.5,0.0357421983532341,386.4,0.48602316,502.76227,15,68,100,25
-25.25,114.75,0.0385199854677055,366.4,0.47403672,499.8761,16,65,99,29
-25.25,115.0,0.0403151412128603,347.0,0.46431798,501.07605,18,63,98,28
-25.25,115.25,0.0419962525628631,328.4,0.46748668,502.9227,20,61,98,25
-25.25,115.5,0.0457093529386578,310.8,0.45546097,503.1477,22,56,96,25
-25.25,115.75,0.0539426274741778,294.2,0.43448856,503.3126,24,46,92,25
-25.25,116.0,0.0565276436019866,278.9,0.4272881,502.51096,26,44,90,26
-25.25,116.25,0.0606075155460053,265.1,0.4288447,501.434,28,40,90,27
-25.25,116.5,0.060549730390665,253.0,0.43259883,500.11136,30,40,91,29
-25.25,116.75,0.0612594892298581,242.9,0.43125442,497.7262,31,40,91,32
-25.25,117.0,0.0599756672812093,235.1,0.44334784,496.00797,32,41,94,34
-25.25,117.25,0.063872943045516,229.8,0.4453758,495.85568,33,38,94,34
-25.25,117.5,0.0688053630735902,227.2,0.44570652,495.658,34,35,94,35
-25.25,117.75,0.0689825097132208,227.3,0.44408968,495.1201,34,35,94,35
-25.25,118.0,0.0682511931414323,230.2,0.43734884,494.38095,33,35,92,37
-25.25,118.25,0.0643928939920096,235.8,0.4369769,493.1821,32,38,92,38
-25.25,118.5,0.0608903906879104,235.7,0.44285923,491.65283,32,40,93,40
-25.25,118.75,0.0557288976718804,233.8,0.44066083,490.3331,32,45,93,41
-25.25,119.0,0.0565996916920301,224.3,0.43533447,489.9039,34,44,92,42
-25.25,119.25,0.0587669540861887,216.8,0.43745738,489.8567,35,42,92,42
-25.25,119.5,0.0586801615898453,212.0,0.43913254,489.85663,36,42,92,42
-25.25,119.75,0.0583791805941256,210.2,0.4475799,489.8847,36,42,95,42
-25.25,120.0,0.0532651919677543,211.3,0.43953916,490.82443,36,47,93,41
-25.25,120.25,0.0559767529933846,215.4,0.43574187,489.31912,35,44,92,42
-25.25,120.5,0.0622410322838862,219.9,0.42330414,488.75903,35,39,89,43
-25.25,120.75,0.0679661685578702,220.7,0.41426715,489.29712,34,35,86,42
-25.25,121.0,0.069846192219605,224.2,0.38524994,489.1552,34,34,79,42
-25.25,121.25,0.0684663195013334,230.3,0.39032635,488.99927,33,35,80,43
-25.25,121.5,0.0641214192224045,238.8,0.43581945,488.24658,32,38,92,43
-25.25,121.75,0.0623282931706247,249.4,0.44834656,487.12582,30,39,95,44
-25.25,122.0,0.0618742959444976,262.0,0.44315338,487.3239,28,39,94,44
-25.25,122.25,0.0627635268317092,276.2,0.43539405,486.97763,26,39,92,44
-25.25,122.5,0.065315592590542,291.8,0.43776736,487.8556,24,37,92,44
-25.25,122.75,0.0617914768756322,308.5,0.43171033,489.90894,22,39,91,42
-25.25,123.0,0.0532458219655035,326.2,0.437349,491.5466,20,47,92,40
-25.25,123.25,0.0468006287280115,344.7,0.45910272,491.83914,18,55,97,39
-25.25,123.5,0.0447961816116557,364.0,0.46697646,491.69424,16,57,98,40
-25.25,123.75,0.0460020781367174,383.9,0.46890998,491.53165,15,56,98,40
-25.25,124.0,0.0467293566274401,404.3,0.46580404,491.01547,13,55,98,40
-25.25,124.25,0.0470653149823885,425.1,0.46723154,490.3686,11,55,98,41
-25.25,124.5,0.0455298748811184,446.4,0.46504968,489.59448,10,56,98,42
-25.25,124.75,0.0420729866445375,468.0,0.46812144,489.47482,9,61,98,42
-25.25,125.0,0.0412584787223576,489.8,0.47134674,489.47217,7,62,99,42
-25.25,125.25,0.0428855205464753,512.0,0.45871115,489.58258,6,60,97,42
-25.25,125.5,0.0428181886101984,534.3,0.44620553,490.64706,5,60,94,41
-25.25,125.75,0.0387790972278231,556.9,0.44654298,491.60666,4,65,94,40
-25.25,126.0,0.0351630385485588,579.6,0.47259083,493.3116,3,69,99,38
-25.25,126.25,0.0392676141223914,602.5,0.47637922,493.4152,3,64,99,38
-25.25,126.5,0.0494713535093026,625.5,0.44620368,493.28964,2,52,94,38
-25.25,126.75,0.0601523527190909,648.6,0.3888901,494.08743,1,41,80,37
-25.25,127.0,0.0705468107957304,671.8,0.3486418,495.00128,1,34,67,36
-25.25,127.25,0.0715465492039497,675.3,0.35962927,494.33118,1,33,71,37
-25.25,127.5,0.0689123612673332,651.0,0.3816348,493.70346,1,35,78,37
-25.25,127.75,0.0613643201479655,626.7,0.4092158,492.98166,2,40,85,38
-25.25,128.0,0.0518623897495369,602.5,0.43017098,491.5283,3,49,90,40
-25.25,128.25,0.0420283573923543,578.4,0.43160477,489.59555,3,61,91,42
-25.25,128.5,0.0293488804395088,554.3,0.445836,488.94687,4,74,94,43
-25.25,128.75,0.0203522245754443,530.3,0.461497,488.75632,5,83,97,43
-25.25,129.0,0.0149372300110934,506.5,0.47558042,487.6398,6,88,99,44
-25.25,129.25,0.0194604073878422,482.7,0.46317893,486.12854,8,84,98,45
-25.25,129.5,0.0298197917684557,459.1,0.4552483,486.3413,9,74,96,45
-25.25,129.75,0.0410969450238293,435.7,0.44953966,486.4339,11,62,95,45
-25.25,130.0,0.0449639957509047,412.4,0.43369862,486.56354,12,57,91,45
-25.25,130.25,0.0472494286839805,389.4,0.42524654,486.7111,14,54,89,45
-25.25,130.5,0.0349799817998982,366.6,0.42970002,486.99432,16,69,90,44
-25.25,130.75,0.0191662549060614,344.1,0.42585278,487.20087,18,84,89,44
-25.25,131.0,0.0039010247215628,322.0,0.43134704,488.76,21,97,91,43
-25.25,131.25,-0.0151398457520242,300.3,0.4388485,489.62192,23,88,92,42
-25.25,131.5,-0.0221757310664369,279.1,0.44539684,490.22284,26,81,94,41
-25.25,131.75,-0.0304612216850121,258.5,0.4434217,489.53894,29,73,94,42
-25.25,132.0,-0.0318662785969319,238.8,0.4279731,489.29092,32,72,90,42
-25.25,132.25,-0.0294661901403395,220.2,0.40263695,489.12158,34,74,83,42
-25.25,132.5,-0.0220773490223412,203.0,0.4055937,489.8401,37,81,84,42
-25.25,132.75,-0.018821398828489,187.5,0.42625633,490.67673,40,85,90,41
-25.25,133.0,-0.0102286872399937,174.3,0.41326553,491.5654,42,92,86,40
-25.25,133.25,0.0003597650676965,163.8,0.40639633,492.63437,44,100,84,39
-25.25,133.5,0.0070063029149813,156.7,0.40173942,493.8039,45,95,83,37
-25.25,133.75,0.0171812355144148,153.5,0.36828282,494.43216,46,86,74,37
-25.25,134.0,0.0253630929382606,154.2,0.34054363,494.8129,46,78,64,36
-25.25,134.25,0.0223461324703835,159.0,0.35079768,494.3781,45,81,68,37
-25.25,134.5,0.0242134261610252,167.3,0.36282876,493.11548,43,79,72,38
-25.25,134.75,0.0278155697775738,178.9,0.3581398,492.6262,41,76,71,39
-25.25,135.0,0.0339131698101049,193.0,0.32079002,492.56232,39,70,52,39
-25.25,135.25,0.024960017904994,209.2,0.31563357,493.5526,36,79,49,38
-25.25,135.5,0.008755126191924,227.0,0.33797866,494.4616,34,93,63,36
-25.25,135.75,0.0042924218921966,246.0,0.35473132,494.6522,31,97,70,36
-25.25,136.0,-0.0022561079689434,266.1,0.35608003,495.5876,28,99,70,35
-25.25,136.25,-0.0036673446895465,286.9,0.36988932,497.21637,25,97,75,32
-25.25,136.5,-0.0106853716829348,308.4,0.3947826,498.0485,22,92,81,31
-25.25,136.75,-0.0189918018068142,330.3,0.3980523,499.80676,20,84,82,29
-25.25,137.0,-0.0243608950060747,352.7,0.39340693,500.46344,17,79,81,28
-25.25,137.25,-0.0324701166534352,375.4,0.3919028,501.32352,15,72,81,27
-25.25,137.5,-0.036448949222852,398.4,0.39597383,501.71832,13,67,82,27
-25.25,137.75,-0.0405482982199395,421.6,0.39441836,502.3916,12,63,81,26
-25.25,138.0,-0.039659183452438,445.0,0.3875566,503.0663,10,64,80,25
-25.25,138.25,-0.035492278356105,468.6,0.35725302,503.88663,9,68,70,24
-25.25,138.5,-0.0352710422727146,492.4,0.34036225,505.5386,7,69,64,21
-25.25,138.75,-0.0391605274297901,504.8,0.34731963,505.47342,6,64,67,21
-25.25,139.0,-0.0500985070220416,501.7,0.3549449,504.88333,7,51,70,22
-25.25,139.25,-0.0567517253769827,498.7,0.3572994,503.288,7,44,71,25
-25.25,139.5,-0.0595479848617244,479.6,0.35195807,504.1084,8,41,68,24
-25.25,139.75,-0.0607329427414307,461.2,0.3443424,504.28928,9,40,65,23
-25.25,140.0,-0.0610009126442795,443.5,0.3385272,503.33362,10,40,63,25
-25.25,140.25,-0.0595031285844188,426.5,0.32701164,501.5013,11,41,57,27
-25.25,140.5,-0.0549828432810803,403.8,0.32473075,501.17648,13,45,55,27
-25.25,140.75,-0.0561259736417837,381.0,0.3217509,500.65784,15,44,53,28
-25.25,141.0,-0.0571091879669222,358.5,0.3246695,500.6295,17,43,55,28
-25.25,141.25,-0.0585767139725032,336.3,0.31818482,500.19202,19,42,51,29
-25.25,141.5,-0.0613759836315044,314.5,0.33042255,499.63184,21,40,59,29
-25.25,141.75,-0.0495758431320566,293.2,0.330646,498.9578,24,52,59,30
-25.25,142.0,-0.0364503358845554,272.4,0.31925726,497.4274,27,67,51,32
-25.25,142.25,-0.0198357892826953,252.3,0.29654944,497.77173,30,83,39,32
-25.25,142.5,-0.0098252094252356,233.2,0.286035,496.85965,32,92,35,33
-25.25,142.75,-0.0178412511149266,215.2,0.2920503,497.7038,35,86,37,32
-25.25,143.0,-0.0250877802681532,198.6,0.3014657,496.8113,38,79,41,33
-25.25,143.25,-0.0310844845271536,183.9,0.3087495,495.60538,40,73,45,35
-25.25,143.5,-0.0348679927643388,171.5,0.3351847,493.33823,43,69,61,38
-25.25,143.75,-0.0424521960309773,161.8,0.34000129,490.95456,44,61,63,40
-25.25,144.0,-0.0410543855634473,155.0,0.3232269,488.33127,46,62,54,43
-25.25,144.25,-0.0253534301982394,151.3,0.28990024,486.94525,46,78,36,45
-25.25,144.5,-0.0042723662552556,135.0,0.25890753,484.99628,49,97,28,46
-25.25,144.75,0.0057465237956161,118.5,0.24895896,484.68005,53,96,26,47
-25.25,145.0,-0.0034000798283765,105.4,0.26933825,484.9267,56,97,31,46
-25.25,145.25,-0.0127543886437446,97.1,0.30171314,484.49533,58,90,41,47
-25.25,145.5,-0.0114551852767666,94.5,0.28141707,483.34366,59,91,34,48
-25.25,145.75,0.0061878398021993,98.4,0.27160633,482.7922,58,95,32,48
-25.25,146.0,0.0202388412114011,108.1,0.28879794,481.98813,55,83,36,49
-25.25,146.25,0.0354286225113485,122.2,0.27497804,480.71228,52,68,32,50
-25.25,146.5,0.0479094851440528,130.4,0.25534287,479.74948,50,54,28,51
-25.25,146.75,0.0559827462548301,129.4,0.22757646,478.10764,51,44,22,52
-25.25,147.0,0.0600525634318944,129.5,0.20624875,476.88205,51,41,19,53
-25.25,147.25,0.058215777006129,128.9,0.19336274,475.32745,51,42,17,55
-25.25,147.5,0.064055213583855,131.9,0.18795997,472.2694,50,38,16,57
-25.25,147.75,0.0847583647290732,118.3,0.1715371,469.54138,53,27,13,59
-25.25,148.0,0.0964657116038281,100.3,0.13778046,467.44336,57,24,8,61
-25.25,148.25,0.0829599303902969,78.1,0.12120769,466.91913,62,28,5,61
-25.25,148.5,0.0583018971274473,58.2,0.11077767,467.68463,68,42,4,61
-25.25,148.75,0.0371912885634672,43.6,0.13214923,468.08588,72,67,7,60
-25.25,149.0,0.0434487349292751,40.7,0.14174691,465.56326,73,59,9,62
-25.25,149.25,0.0585029361813905,50.9,0.15178113,462.8604,70,42,10,65
-25.25,149.5,0.0652120755408846,68.2,0.15512659,462.1104,65,37,11,65
-25.25,149.75,0.0676061785114663,47.9,0.15757604,461.44507,71,36,11,66
-25.25,150.0,0.0617615176935768,33.0,0.1660612,461.63885,76,39,13,65
-25.25,150.25,0.0569588358109329,33.6,0.17575085,458.56317,76,43,14,68
-25.25,150.5,0.0645956090873196,40.1,0.17978112,453.22522,74,38,15,72
-25.25,150.75,0.0642136106120666,15.8,0.15986893,448.3211,85,38,12,75
-25.25,151.0,0.0686163838952779,7.7,0.14109994,443.1421,92,35,8,78
-25.25,151.25,0.0655499324147101,19.1,0.14153911,437.58096,83,37,8,81
-25.25,151.5,0.0570327320915003,36.9,0.13875675,430.1442,75,43,8,84
-25.25,151.75,0.0380355733161975,21.0,0.120072246,424.00452,82,66,5,87
-25.25,152.0,0.0320640058835644,2.9,0.12224615,422.52103,97,72,5,87
-25.25,152.25,0.0361981997532503,1.4,0.13862364,427.237,98,68,8,85
-25.25,152.5,0.0440037377408727,7.1,0.15726697,425.91428,92,58,11,86
-25.5,114.0,0.0233448761010852,366.9,0.58350706,505.969,16,80,100,20
-25.5,114.25,0.0287596784620767,363.5,0.52253556,505.40805,16,75,100,21
-25.5,114.5,0.0367953204572023,361.8,0.48873755,501.78488,17,67,100,27
-25.5,114.75,0.038918111300362,361.7,0.47969884,498.73712,17,65,99,30
-25.5,115.0,0.0385069483746996,363.3,0.48435664,497.49396,16,65,100,32
-25.5,115.25,0.0418397839093813,348.2,0.4925026,499.15292,18,61,100,30
-25.5,115.5,0.043509636878679,331.6,0.47858092,501.49957,20,59,99,27
-25.5,115.75,0.0492288199804967,316.2,0.43249828,501.4431,21,52,91,27
-25.5,116.0,0.0544864173224639,302.0,0.42370304,500.73645,23,46,89,28
-25.5,116.25,0.0558520682466526,289.3,0.43388912,500.13724,25,44,91,29
-25.5,116.5,0.0592440301768614,278.4,0.43789715,498.74374,26,41,92,30
-25.5,116.75,0.0620356393746554,269.3,0.43503627,496.77942,27,39,92,33
-25.5,117.0,0.0646851264539041,262.3,0.4556889,496.75323,28,38,96,33
-25.5,117.25,0.0680938358734628,257.5,0.46250904,496.36404,29,35,97,34
-25.5,117.5,0.0673180570049832,255.2,0.45778745,496.0238,29,36,97,34
-25.5,117.75,0.0695989659721297,255.3,0.4533762,495.5916,29,34,96,35
-25.5,118.0,0.0707424927591568,257.9,0.45819074,494.47302,29,34,97,36
-25.5,118.25,0.0680294240137473,262.8,0.4577871,492.6839,28,35,97,39
-25.5,118.5,0.0619688766443037,263.6,0.46201012,490.21725,28,39,97,41
-25.5,118.75,0.0592429191317586,256.7,0.45716727,489.54532,29,41,96,42
-25.5,119.0,0.0620791081394556,241.5,0.45176393,489.65216,31,39,95,42
-25.5,119.25,0.0637980022299979,228.0,0.45474097,489.0384,33,38,96,43
-25.5,119.5,0.0636477630391406,216.4,0.45361152,488.4272,35,38,96,43
-25.5,119.75,0.0601626384825933,206.7,0.441377,488.15698,37,41,93,43
-25.5,120.0,0.0536929982099016,199.1,0.42780396,489.02176,38,46,90,43
-25.5,120.25,0.0538247024695876,194.1,0.4287179,487.53427,39,46,90,44
-25.5,120.5,0.056207041088159,191.9,0.4308177,487.62476,39,44,91,44
-25.5,120.75,0.0600297848960118,192.8,0.42545798,487.90933,39,41,89,44
-25.5,121.0,0.0613199004670605,196.8,0.4267826,487.2049,38,40,90,44
-25.5,121.25,0.0621418196766171,203.7,0.43101057,486.07553,37,39,91,45
-25.5,121.5,0.0593520543837387,213.2,0.4400461,485.55164,36,41,93,46
-25.5,121.75,0.0573656785503512,225.1,0.43399453,485.33704,34,43,91,46
-25.5,122.0,0.056865890221005,238.9,0.43011236,485.78156,32,43,90,46
-25.5,122.25,0.0570026699010105,254.3,0.43864703,486.23953,29,43,92,45
-25.5,122.5,0.0591876749791914,271.1,0.43986627,486.67758,27,41,93,45
-25.5,122.75,0.0612938091774205,288.9,0.4434134,487.62372,25,40,94,44
-25.5,123.0,0.0552627503569792,307.7,0.4465805,489.4728,22,45,94,42
-25.5,123.25,0.0487856518554811,327.2,0.46726173,490.14578,20,53,98,41
-25.5,123.5,0.0484213477815501,347.4,0.47447854,489.94446,18,53,99,41
-25.5,123.75,0.048676009220764,368.1,0.47116217,490.36945,16,53,99,41
-25.5,124.0,0.0490497201190529,389.3,0.47042271,489.73572,14,52,98,42
-25.5,124.25,0.0506551064830827,410.9,0.46707553,488.60678,13,50,98,43
-25.5,124.5,0.0527385650551877,432.8,0.46096197,487.91736,11,48,97,44
-25.5,124.75,0.0493069404389687,455.0,0.461427,487.63446,10,52,97,44
-25.5,125.0,0.047326256439001,477.4,0.46421245,487.29477,8,54,98,44
-25.5,125.25,0.0454932370090058,500.0,0.45500758,487.2564,7,57,96,44
-25.5,125.5,0.0452262372576764,522.8,0.43886486,488.10953,6,57,92,43
-25.5,125.75,0.0430623500297466,545.8,0.44216868,489.47794,5,60,93,42
-25.5,126.0,0.0395430306979549,568.9,0.4822546,489.78357,4,64,100,42
-25.5,126.25,0.0441245529756304,592.1,0.47660094,490.49713,3,58,99,41
-25.5,126.5,0.0536902832146595,615.5,0.41971338,491.3146,2,46,88,40
-25.5,126.75,0.0643608315858901,638.9,0.36429924,491.9923,2,38,73,39
-25.5,127.0,0.0684605115703085,662.5,0.3521919,492.2735,1,35,69,39
-25.5,127.25,0.0687679313854979,681.7,0.36771336,491.38116,1,35,74,40
-25.5,127.5,0.0694453375813152,657.6,0.36224687,489.9225,1,34,72,42
-25.5,127.75,0.0644676797518817,633.7,0.3794366,489.41702,2,38,77,42
-25.5,128.0,0.0550059150194837,609.8,0.39810005,487.90115,2,45,82,44
-25.5,128.25,0.0464478851927976,586.0,0.40042874,487.04327,3,55,83,44
-25.5,128.5,0.0349179964818869,562.3,0.40936625,486.5766,4,69,85,45
-25.5,128.75,0.0236930252052843,538.8,0.43643242,485.30783,5,80,92,46
-25.5,129.0,0.0169948330567595,515.4,0.45912448,484.80014,6,86,97,46
-25.5,129.25,0.0154579008219852,492.1,0.45472226,483.7527,7,88,96,47
-25.5,129.5,0.0183589369590793,469.0,0.44760874,483.67798,9,85,95,47
-25.5,129.75,0.0308518127327607,446.1,0.43697184,483.691,10,73,92,47
-25.5,130.0,0.0464970109274699,423.5,0.4284242,483.46524,12,55,90,48
-25.5,130.25,0.0542443582278099,401.1,0.41587085,483.24902,13,46,87,48
-25.5,130.5,0.0524282161650868,379.1,0.42833963,483.66956,15,48,90,47
-25.5,130.75,0.0361440610916664,357.4,0.42919534,484.86838,17,68,90,46
-25.5,131.0,0.019593285765898,336.1,0.43132704,486.0077,19,84,91,45
-25.5,131.25,0.007493830636321,315.3,0.4353024,487.075,21,94,92,44
-25.5,131.5,-0.0032140449626326,295.2,0.43610463,487.57938,24,98,92,44
-25.5,131.75,-0.0057711148379547,275.9,0.43406305,488.39203,26,96,91,43
-25.5,132.0,-0.0048818163917444,257.5,0.40929976,487.8211,29,96,85,44
-25.5,132.25,-0.0032091610377565,240.4,0.3701328,487.57657,31,98,75,44
-25.5,132.5,-0.0011039669026753,224.8,0.39448643,487.8017,34,100,81,44
-25.5,132.75,-0.0030919340633166,211.0,0.41855806,488.5957,36,98,87,43
-25.5,133.0,-0.000566744738968,199.3,0.4306482,489.6605,38,100,91,42
-25.5,133.25,0.007199469304067,190.3,0.42668635,491.1414,39,95,90,40
-25.5,133.5,0.0186461068612212,184.2,0.41946495,491.92404,40,85,88,39
-25.5,133.75,0.0338453649094195,181.4,0.37867135,492.62268,41,70,77,39
-25.5,134.0,0.0424494500915032,182.1,0.34900597,493.10867,41,61,67,38
-25.5,134.25,0.0457235664617092,186.1,0.34130982,492.76575,40,56,64,38
-25.5,134.5,0.0431493547955705,193.3,0.34511128,491.9163,39,60,66,39
-25.5,134.75,0.0439552598250364,203.4,0.33933988,491.5843,37,59,63,40
-25.5,135.0,0.0441263169338483,215.9,0.31206164,491.50693,35,58,47,40
-25.5,135.25,0.0316084306154932,230.4,0.3097855,492.2683,33,72,45,39
-25.5,135.5,0.0206689896560939,246.6,0.31751668,492.48795,31,83,50,39
-25.5,135.75,0.0113310595885628,264.2,0.33031464,493.0301,28,91,58,38
-25.5,136.0,0.0118106769187198,282.9,0.3467584,494.49115,26,91,67,36
-25.5,136.25,0.0056857456830108,302.6,0.36802492,496.57626,23,96,74,33
-25.5,136.5,0.0029076035882878,323.0,0.3912764,497.67242,21,98,80,32
-25.5,136.75,-0.0011082148445504,343.9,0.38529477,499.89008,18,100,79,29
-25.5,137.0,-0.0097849530256575,365.4,0.37613907,500.48795,16,92,76,28
-25.5,137.25,-0.0150594631830851,387.4,0.36989793,500.51315,14,88,75,28
-25.5,137.5,-0.023012039473369,409.6,0.3697894,500.78433,13,81,75,28
-25.5,137.75,-0.0267129573771463,432.2,0.37276807,501.3139,11,77,75,27
-25.5,138.0,-0.0289662740814189,455.0,0.3663806,502.15518,10,75,74,26
-25.5,138.25,-0.0284066663478456,478.1,0.34091112,503.16785,8,75,64,25
-25.5,138.5,-0.0291696847305588,501.3,0.33816636,504.3431,7,75,63,23
-25.5,138.75,-0.0340884525001803,524.7,0.34074187,504.6572,5,70,64,23
-25.5,139.0,-0.038835447791609,529.5,0.3457594,503.59824,5,65,66,24
-25.5,139.25,-0.0451338881277479,512.3,0.3451754,502.53378,6,57,66,26
-25.5,139.5,-0.0516627354414335,488.3,0.3459151,502.46002,7,49,66,26
-25.5,139.75,-0.0569088234782352,464.5,0.34372976,501.6455,9,43,65,27
-25.5,140.0,-0.060138723664152,440.8,0.3355409,500.28583,10,41,61,29
-25.5,140.25,-0.0593599731235631,417.1,0.33271894,499.06076,12,41,60,30
-25.5,140.5,-0.0597830085571677,393.6,0.326965,498.7001,14,41,57,30
-25.5,140.75,-0.0609560063136519,370.3,0.33166263,499.1862,16,40,59,30
-25.5,141.0,-0.0633044229864719,347.1,0.33404753,499.25467,18,39,60,30
-25.5,141.25,-0.0649342468841323,324.2,0.32810956,498.49124,20,37,57,31
-25.5,141.5,-0.0576485507375244,301.6,0.3241723,498.0599,23,43,55,31
-25.5,141.75,-0.045147770683841,279.3,0.31628135,498.1375,26,57,50,31
-25.5,142.0,-0.0308553237822793,257.4,0.3048281,497.207,29,73,42,32
-25.5,142.25,-0.0174828851836667,236.2,0.28389195,497.5224,32,86,35,32
-25.5,142.5,-0.0199098079933762,215.6,0.29265958,495.71606,35,83,37,35
-25.5,142.75,-0.0289449067597854,196.0,0.3035203,496.2808,38,75,42,34
-25.5,143.0,-0.0378847985971896,177.8,0.31338963,495.03427,42,66,48,36
-25.5,143.25,-0.038151856316697,161.2,0.3296757,494.09543,44,66,58,37
-25.5,143.5,-0.042377783852585,146.9,0.35455477,491.69528,47,61,69,40
-25.5,143.75,-0.0413349262438714,135.7,0.37418956,489.4823,49,62,76,42
-25.5,144.0,-0.0364379075754966,127.8,0.35170564,488.34058,51,67,68,43
-25.5,144.25,-0.0218401887681379,123.5,0.30806294,486.78815,52,82,44,45
-25.5,144.5,-0.0053399216139777,122.7,0.28121656,486.65314,52,96,34,45
-25.5,144.75,0.0013767345553441,125.8,0.26403242,486.04553,51,99,30,45
-25.5,145.0,0.0022239229287065,126.5,0.26153907,484.70874,51,99,29,47
-25.5,145.25,-0.0068995267291375,124.5,0.2869298,483.88992,52,95,35,47
-25.5,145.5,0.0031491797506099,122.5,0.26762196,481.86957,52,98,31,49
-25.5,145.75,0.0221371824625835,114.5,0.25405976,481.92865,54,81,27,49
-25.5,146.0,0.0307141374924131,105.4,0.26645455,481.11945,56,73,30,50
-25.5,146.25,0.0393424643242421,101.6,0.26277876,480.81998,57,64,29,50
-25.5,146.5,0.0516436174578432,102.4,0.24032421,479.8395,57,49,24,51
-25.5,146.75,0.057606498825009,101.4,0.22750233,479.9888,57,43,22,50
-25.5,147.0,0.0613884751734856,101.5,0.20335367,479.20502,57,40,18,51
-25.5,147.25,0.0658731697254725,100.9,0.19222835,477.32623,57,37,17,53
-25.5,147.5,0.0875680292978705,104.7,0.17012061,474.27805,56,26,13,56
-25.5,147.75,0.1067118552785056,108.0,0.15688065,471.83618,55,22,11,57
-25.5,148.0,0.1054776729153846,92.6,0.15808819,470.6714,59,22,11,58
-25.5,148.25,0.0911363893253673,68.1,0.15736112,471.11356,65,25,11,58
-25.5,148.5,0.0878602809317055,43.9,0.15430132,470.41013,72,26,10,59
-25.5,148.75,0.088756612076291,21.1,0.15220836,468.74454,82,26,10,60
-25.5,149.0,0.1001699346162024,13.7,0.15580301,466.3105,87,23,11,62
-25.5,149.25,0.0970748990596759,30.9,0.15451664,464.803,77,24,11,63
-25.5,149.5,0.0938898342085026,49.1,0.15406978,464.07114,70,24,10,64
-25.5,149.75,0.0898563695203934,69.3,0.16763332,464.27985,65,26,13,63
-25.5,150.0,0.0802377354841502,60.0,0.18438944,463.69678,67,29,16,64
-25.5,150.25,0.0722079503039519,60.3,0.18869278,458.14536,67,33,16,68
-25.5,150.5,0.071513268209639,48.1,0.18207785,453.1654,71,33,15,72
-25.5,150.75,0.0700955437407607,23.4,0.15992236,448.75684,81,34,12,75
-25.5,151.0,0.0558241353154049,1.3,0.14139037,444.75504,99,44,8,77
-25.5,151.25,0.0521042430295936,0.7,0.13709448,440.4346,99,48,8,80
-25.5,151.5,0.049813831741977,14.2,0.13543905,435.9037,87,51,7,82
-25.5,151.75,0.0392442655483526,3.1,0.120717116,429.60556,96,64,5,85
-25.5,152.0,0.029443288340588,2.1,0.123306125,424.97897,98,74,5,86
-25.5,152.25,0.0374519404999557,6.4,0.13211733,418.74796,93,66,7,88
-25.5,152.5,0.0471864204565506,2.1,0.14393318,415.49988,98,55,9,89
-25.5,152.75,0.0513507108326025,6.2,0.15593037,410.88403,93,49,11,91
-25.5,153.0,0.0529533390997953,23.4,0.21423168,406.40848,81,47,20,92
-25.75,114.25,0.0291745647643914,335.6,0.535731,506.01575,19,75,100,20
-25.75,114.5,0.0365404612207341,333.8,0.49678022,501.80023,19,67,100,27
-25.75,114.75,0.036886976749104,333.7,0.48879248,498.15262,19,67,100,31
-25.75,115.0,0.0367263105620319,335.4,0.49379537,496.32904,19,67,100,34
-25.75,115.25,0.0366752315379147,338.2,0.49703154,497.01437,19,67,100,33
-25.75,115.5,0.0396855807441863,341.4,0.4844146,499.03604,19,64,100,30
-25.75,115.75,0.0447883044824092,339.1,0.4457678,499.6377,19,57,94,29
-25.75,116.0,0.0458327213560031,325.9,0.45053372,498.60876,20,56,95,30
-25.75,116.25,0.0504330706680082,314.2,0.46000165,497.81647,22,51,97,31
-25.75,116.5,0.0550803367968737,304.2,0.45554808,497.71887,23,45,96,32
-25.75,116.75,0.060028529423289,295.9,0.44552353,496.97388,24,41,94,33
-25.75,117.0,0.0607346508384493,289.6,0.45029446,496.39294,25,40,95,34
-25.75,117.25,0.0612147855661099,285.3,0.44319394,495.50043,25,40,94,35
-25.75,117.5,0.0622558036555087,283.2,0.43686268,495.78757,26,39,92,35
-25.75,117.75,0.0639312822105629,283.3,0.43734384,496.0392,25,38,92,34
-25.75,118.0,0.0670741522551647,285.6,0.44297242,494.7835,25,36,93,36
-25.75,118.25,0.0655584980245857,272.8,0.45341823,492.8557,27,37,96,38
-25.75,118.5,0.0611755476945767,253.8,0.46033466,488.87128,30,40,97,43
-25.75,118.75,0.0613794749482102,235.9,0.46044222,488.45615,32,40,97,43
-25.75,119.0,0.0628703096864878,219.3,0.4663942,487.34485,35,39,98,44
-25.75,119.25,0.06353266706158,204.3,0.46756896,486.62393,37,38,98,45
-25.75,119.5,0.0631555993223585,191.4,0.4595809,486.01422,39,39,97,45
-25.75,119.75,0.0609417318854303,180.9,0.4380094,486.54578,41,40,92,45
-25.75,120.0,0.0593383591200801,172.1,0.43396062,486.67398,43,41,91,45
-25.75,120.25,0.0587478427116626,166.5,0.44230583,487.48315,43,42,93,44
-25.75,120.5,0.0577403008369618,163.9,0.4395291,486.53598,44,43,93,45
-25.75,120.75,0.0570245623959289,164.9,0.43579465,485.8883,44,43,92,46
-25.75,121.0,0.0560159788139918,169.5,0.43950903,485.06503,43,44,93,46
-25.75,121.25,0.0548250816440919,177.5,0.44447246,484.0463,42,45,94,47
-25.75,121.5,0.0532191391690589,188.3,0.43484932,483.84515,40,47,92,47
-25.75,121.75,0.0512148453005855,201.6,0.42250985,484.51752,38,50,88,47
-25.75,122.0,0.050196763803251,216.9,0.42510444,485.21243,35,51,89,46
-25.75,122.25,0.0488316413137086,233.7,0.43577963,486.44046,32,53,92,45
-25.75,122.5,0.0505483238824776,251.7,0.450365,486.78772,30,50,95,45
-25.75,122.75,0.0544422046724884,270.8,0.4572897,487.36078,27,46,97,44
-25.75,123.0,0.0532430621396218,290.6,0.4615322,487.97336,24,47,97,44
-25.75,123.25,0.0501171185147194,311.2,0.47488588,488.28992,22,51,99,43
-25.75,123.5,0.0505634689171399,332.3,0.47823057,488.2184,20,50,99,43
-25.75,123.75,0.0526627691437689,353.9,0.47524503,488.48505,17,48,99,43
-25.75,124.0,0.0532572418479027,375.8,0.4707405,488.3304,15,47,99,43
-25.75,124.25,0.055055158724454,398.1,0.46952105,487.0356,14,45,98,44
-25.75,124.5,0.0583105919416993,420.6,0.45902961,485.69592,12,42,97,46
-25.75,124.75,0.0542850120159398,443.3,0.4574653,486.23196,10,46,97,45
-25.75,125.0,0.0497765644464553,466.3,0.4665044,485.48334,9,51,98,46
-25.75,125.25,0.0477537410245055,489.4,0.4562525,485.43097,7,54,96,46
-25.75,125.5,0.0473527450846242,512.6,0.44277078,485.9856,6,54,93,45
-25.75,125.75,0.0453365012626385,536.0,0.4387001,487.2465,5,57,92,44
-25.75,126.0,0.0437359832979772,559.4,0.46381947,486.6819,4,59,98,45
-25.75,126.25,0.0465115070963899,583.0,0.45526817,487.8812,3,55,96,44
-25.75,126.5,0.0534866241718104,606.7,0.40910763,489.1588,2,47,85,42
-25.75,126.75,0.0595320441305548,630.4,0.3927251,489.47708,2,41,81,42
-25.75,127.0,0.0638420781785888,654.2,0.3805298,489.36478,1,38,78,42
-25.75,127.25,0.0648060773055823,678.0,0.37844256,488.8191,1,37,77,43
-25.75,127.5,0.0630677356074253,665.4,0.37836266,487.77826,1,39,77,44
-25.75,127.75,0.0586423854338049,641.8,0.3887825,486.46042,2,42,80,45
-25.75,128.0,0.0532581336144912,618.3,0.3824765,485.50034,2,47,78,46
-25.75,128.25,0.0469152178188475,594.9,0.3797842,484.34097,3,55,77,47
-25.75,128.5,0.0418126458213442,571.6,0.37840256,483.32382,4,61,77,48
-25.75,128.75,0.0344488480814366,548.5,0.38662186,482.42468,4,70,79,48
-25.75,129.0,0.0291199160218682,525.6,0.43167585,481.7424,5,75,91,49
-25.75,129.25,0.0268970242601686,502.8,0.43157926,481.16013,7,77,91,49
-25.75,129.5,0.0269415634748015,480.3,0.41247922,480.62744,8,77,86,50
-25.75,129.75,0.0356531053702513,458.1,0.3951335,480.8381,9,68,81,50
-25.75,130.0,0.0510000261591769,436.1,0.3884701,480.7088,11,50,80,50
-25.75,130.25,0.0610628997241812,414.4,0.3854558,480.76038,12,40,79,50
-25.75,130.5,0.062762778460802,393.0,0.41359007,481.54398,14,39,86,49
-25.75,130.75,0.04668691554772,372.1,0.42128906,482.63525,16,55,88,48
-25.75,131.0,0.0367073691649628,351.7,0.41467482,483.34836,17,67,86,48
-25.75,131.25,0.0249214020845968,332.0,0.41383854,483.92133,20,79,86,47
-25.75,131.5,0.015605334578348,313.0,0.42292917,484.66098,22,88,89,47
-25.75,131.75,0.009617134412041,294.9,0.42354858,485.541,24,93,89,46
-25.75,132.0,0.0142917954817502,277.9,0.4094083,486.06186,26,89,85,45
-25.75,132.25,0.018400028136204,262.1,0.38850874,485.247,28,85,80,46
-25.75,132.5,0.0166763123989637,247.9,0.41368023,485.20724,30,87,86,46
-25.75,132.75,0.0159675535368954,235.4,0.43703535,486.03778,32,87,92,45
-25.75,133.0,0.017801537596166,225.1,0.44883424,486.8832,34,86,95,45
-25.75,133.25,0.0271337225626276,217.1,0.44312721,488.1704,35,77,94,43
-25.75,133.5,0.0383289845984628,211.9,0.42623913,489.81305,36,65,90,42
-25.75,133.75,0.052846691622177,209.4,0.3858575,490.2594,36,48,79,41
-25.75,134.0,0.0649467904519821,210.0,0.36487648,489.76752,36,37,73,42
-25.75,134.25,0.0672019927629402,213.5,0.34816408,489.7146,36,36,67,42
-25.75,134.5,0.0634371862209047,219.8,0.3325616,489.7895,35,38,60,42
-25.75,134.75,0.0594188813576086,228.7,0.31508297,489.75266,33,41,49,42
-25.75,135.0,0.0508599593259748,239.8,0.31657538,489.44238,31,50,50,42
-25.75,135.25,0.0384732594358779,253.0,0.32856002,489.30618,30,65,57,42
-25.75,135.5,0.0280548431511436,267.8,0.32284367,490.49106,28,76,54,41
-25.75,135.75,0.0253568063224,284.0,0.32082492,491.89825,25,78,52,39
-25.75,136.0,0.0236871581668743,301.5,0.32863054,493.4304,23,80,58,38
-25.75,136.25,0.0234413461449245,320.0,0.3501128,494.8759,21,80,68,36
-25.75,136.5,0.0182393936152082,339.2,0.37603813,496.59024,19,85,76,33
-25.75,136.75,0.0147067940527839,359.2,0.36671764,498.735,17,88,74,30
-25.75,137.0,0.0107856831579868,379.8,0.34824407,499.44144,15,92,67,29
-25.75,137.25,0.0026259513749253,400.9,0.33638006,499.84097,13,98,62,29
-25.75,137.5,-0.0021036332949907,422.4,0.33635232,500.72388,12,99,62,28
-25.75,137.75,-0.0098606276375773,444.3,0.33673885,501.17484,10,92,62,27
-25.75,138.0,-0.0164893837701085,466.5,0.33946553,501.45007,9,87,63,27
-25.75,138.25,-0.0222743176411659,489.0,0.33618167,501.51617,7,81,61,27
-25.75,138.5,-0.0257001838502695,511.6,0.33300087,502.7037,6,78,60,26
-25.75,138.75,-0.0271678413084286,534.5,0.33122957,503.2916,5,77,59,25
-25.75,139.0,-0.031120688698831,529.8,0.3307305,502.8282,5,73,59,25
-25.75,139.25,-0.0369873867032029,505.6,0.33488137,502.25137,6,67,61,26
-25.75,139.5,-0.0449739675931466,481.4,0.3381814,501.55716,8,57,63,27
-25.75,139.75,-0.0524849030632703,457.2,0.33935964,499.37738,9,48,63,30
-25.75,140.0,-0.0545351415162994,433.2,0.33912167,499.03775,11,46,63,30
-25.75,140.25,-0.0565031525191097,409.1,0.33628026,498.00275,13,44,62,31
-25.75,140.5,-0.0593880675095577,385.2,0.3404136,497.3153,15,41,64,32
-25.75,140.75,-0.0647618656966924,361.4,0.34597728,497.7512,17,38,66,32
-25.75,141.0,-0.0649695402072254,337.7,0.34551114,496.35956,19,37,66,34
-25.75,141.25,-0.059993775643497,314.1,0.33802938,496.8771,22,41,63,33
-25.75,141.5,-0.0502959334934573,290.7,0.32312676,496.9684,24,51,54,33
-25.75,141.75,-0.0386062807326587,267.6,0.30730742,497.60165,28,65,44,32
-25.75,142.0,-0.0283752585194417,244.8,0.29313487,496.75232,31,75,38,33
-25.75,142.25,-0.0269108645052516,222.3,0.29507113,495.32828,34,77,38,35
-25.75,142.5,-0.0341200877114066,200.4,0.31098658,493.99127,38,70,46,37
-25.75,142.75,-0.0420604459786166,179.3,0.3175262,494.58426,41,61,50,36
-25.75,143.0,-0.042647684804563,159.1,0.31982827,494.75266,45,60,52,36
-25.75,143.25,-0.0401418913022748,140.4,0.32703587,493.8621,48,63,57,37
-25.75,143.5,-0.031552217084737,123.8,0.3369807,491.87863,52,72,62,39
-25.75,143.75,-0.0275498632530798,110.3,0.34871337,490.06345,55,76,67,41
-25.75,144.0,-0.0298968535116208,100.8,0.35977358,487.78735,57,74,71,44
-25.75,144.25,-0.026306575088806,95.6,0.34987718,487.67725,58,77,68,44
-25.75,144.5,-0.0169407323313256,94.7,0.32290503,487.88077,59,86,54,44
-25.75,144.75,-0.0087383609797273,97.8,0.29781196,486.586,58,93,39,45
-25.75,145.0,-0.0084213661478965,98.5,0.2787289,484.1985,58,94,33,47
-25.75,145.25,-0.0028702067882044,99.6,0.27165958,482.01718,57,98,32,49
-25.75,145.5,0.0100327442233849,100.2,0.25810295,480.4521,57,92,28,50
-25.75,145.75,0.0281547878583383,90.5,0.2403857,480.89035,60,76,24,50
-25.75,146.0,0.0378408901238193,78.7,0.23734234,480.6168,62,66,24,50
-25.75,146.25,0.0435944687020743,73.6,0.2348527,480.53198,64,59,23,50
-25.75,146.5,0.0452474900144374,74.4,0.23619938,480.18353,64,57,23,50
-25.75,146.75,0.0453204658021041,73.3,0.23083118,480.9994,64,57,22,50
-25.75,147.0,0.0481937482110446,73.5,0.22119655,480.63318,64,53,21,50
-25.75,147.25,0.059562376778229,72.9,0.2014386,478.4483,64,41,18,52
-25.75,147.5,0.0797253730557886,77.3,0.1693513,475.24634,63,29,13,55
-25.75,147.75,0.0877280105215807,80.7,0.1552778,473.94937,62,26,11,56
-25.75,148.0,0.083593267415251,81.2,0.15795657,473.43298,62,28,11,56
-25.75,148.25,0.0823788482147002,68.4,0.17165938,473.92328,65,28,13,56
-25.75,148.5,0.0930584898883743,44.1,0.17651772,473.54468,72,24,14,56
-25.75,148.75,0.105242229867283,20.3,0.16570471,471.4638,83,22,13,58
-25.75,149.0,0.1062019811810127,3.7,0.15561208,468.16428,96,22,11,60
-25.75,149.25,0.0915316165779673,12.9,0.15577284,466.92056,88,25,11,61
-25.75,149.5,0.0785333232444134,35.5,0.1671236,466.667,75,30,13,61
-25.75,149.75,0.0750998164538205,54.1,0.18600562,466.1285,69,32,16,62
-25.75,150.0,0.0728488045360704,61.7,0.21384631,465.4005,67,33,20,63
-25.75,150.25,0.0668911725260494,71.3,0.21350281,459.80725,64,36,20,67
-25.75,150.5,0.063804813320305,49.4,0.19632928,454.7132,70,38,17,71
-25.75,150.75,0.0551244816288263,25.2,0.17576772,449.7759,80,45,14,74
-25.75,151.0,0.0425068462006969,3.0,0.15369974,446.17365,96,60,10,77
-25.75,151.25,0.0367045051299057,19.6,0.14471464,443.1592,83,67,9,78
-25.75,151.5,0.0349977932255049,12.7,0.13966577,439.36765,88,69,8,80
-25.75,151.75,0.0359470822296792,16.0,0.1315001,433.01984,85,68,7,83
-25.75,152.0,0.035667413234755,19.6,0.12499406,426.05212,83,68,6,86
-25.75,152.25,0.0403191394412888,2.5,0.12645382,417.672,97,63,6,89
-25.75,152.5,0.0467568198595905,0.9,0.13146567,409.23898,99,55,7,91
-25.75,152.75,0.0531463828763835,13.3,0.13537826,402.039,87,47,7,93
-26.0,114.25,0.0294212095007034,307.8,0.5368857,501.9153,22,74,100,27
-26.0,114.5,0.0354817601486242,305.8,0.4998016,498.26895,23,68,100,31
-26.0,114.75,0.0353564837287801,305.7,0.4956855,495.10123,23,69,100,35
-26.0,115.0,0.0316232882972274,307.5,0.50325316,493.93048,22,72,100,37
-26.0,115.25,0.0308566604585697,310.3,0.5015255,494.9696,22,73,100,36
-26.0,115.5,0.032409270092224,313.7,0.49310264,496.9247,22,72,100,33
-26.0,115.75,0.0351961868898277,319.0,0.47364575,497.26575,21,69,99,32
-26.0,116.0,0.0373317884245244,321.4,0.4748104,496.83923,21,66,99,33
-26.0,116.25,0.0426300604390451,315.2,0.47278854,496.5711,21,60,99,33
-26.0,116.5,0.0482912113611486,310.9,0.45877567,496.53613,22,53,97,33
-26.0,116.75,0.05452640013481,308.5,0.44037655,496.8461,22,46,93,33
-26.0,117.0,0.0576941895808669,307.9,0.4391421,495.8906,22,43,92,34
-26.0,117.25,0.060741374536883,309.4,0.43865356,494.5926,22,40,92,36
-26.0,117.5,0.0655715637369125,311.2,0.4423268,494.59692,22,37,93,36
-26.0,117.75,0.0685940159174303,298.7,0.44153532,494.5556,24,35,93,36
-26.0,118.0,0.0692869805819576,277.2,0.44168746,494.4796,26,34,93,36
-26.0,118.25,0.0671164804415422,256.3,0.45006388,493.65414,29,36,95,37
-26.0,118.5,0.0622194742756186,236.0,0.45603368,490.9086,32,39,96,41
-26.0,118.75,0.0622928967012003,216.7,0.45095912,489.03363,35,39,95,43
-26.0,119.0,0.0625182607832054,198.6,0.46090978,487.20773,38,39,97,44
-26.0,119.25,0.0615940151445102,181.9,0.4698033,485.6218,41,40,98,46
-26.0,119.5,0.0610679487816967,167.3,0.46697673,484.38354,43,40,98,47
-26.0,119.75,0.0607239556476651,155.2,0.45522293,483.96396,45,40,96,47
-26.0,120.0,0.0612227203923144,145.5,0.4605872,484.7564,47,40,97,46
-26.0,120.25,0.0609021719277647,139.0,0.46707276,485.6595,49,40,98,46
-26.0,120.5,0.0579986947818681,135.9,0.45469368,485.74445,49,42,96,46
-26.0,120.75,0.0555202467865975,137.1,0.44239634,485.01044,49,45,93,46
-26.0,121.0,0.052310874450597,142.6,0.43901545,483.89825,48,48,92,47
-26.0,121.25,0.0496051132850836,152.0,0.44233254,482.3089,46,52,93,48
-26.0,121.5,0.0500342642711032,164.5,0.44303086,482.26273,44,51,93,49
-26.0,121.75,0.0532993724641744,179.5,0.43320653,484.2698,41,47,91,47
-26.0,122.0,0.0514315888917605,196.4,0.43157658,484.76294,38,49,91,46
-26.0,122.25,0.0471831621760169,214.6,0.4434015,485.54712,35,55,94,46
-26.0,122.5,0.0451365334749598,234.1,0.46040255,486.2446,32,57,97,45
-26.0,122.75,0.0463623090347807,254.4,0.4718519,486.77582,29,55,99,45
-26.0,123.0,0.0453118291018264,275.4,0.47294,487.2506,27,57,99,44
-26.0,123.25,0.0444742006743105,297.0,0.4825235,486.541,24,58,100,45
-26.0,123.5,0.047585896408141,319.0,0.4838939,486.5238,21,54,100,45
-26.0,123.75,0.0504256420508248,341.4,0.47799858,486.2105,19,51,99,45
-26.0,124.0,0.0520135964599571,364.0,0.46909738,486.4568,16,49,98,45
-26.0,124.25,0.0520549991930325,386.9,0.46131068,485.5103,14,48,97,46
-26.0,124.5,0.0509261273612667,410.0,0.45684075,484.71893,13,50,96,47
-26.0,124.75,0.0471755217317314,433.2,0.4657449,485.07507,11,55,98,46
-26.0,125.0,0.0423337198068371,456.6,0.4770268,485.12308,9,61,99,46
-26.0,125.25,0.0412288193069841,480.1,0.48464864,485.21097,8,62,100,46
-26.0,125.5,0.0424798363043616,503.8,0.48237023,484.7429,6,60,100,46
-26.0,125.75,0.044945655051907,527.5,0.4629278,484.08493,5,57,98,47
-26.0,126.0,0.0478210129026722,551.2,0.4198344,484.72934,4,54,88,47
-26.0,126.25,0.0468579623360364,575.1,0.39480287,486.79178,3,55,81,45
-26.0,126.5,0.0450088016239793,599.0,0.41521457,486.65906,3,57,87,45
-26.0,126.75,0.047365576549921,622.9,0.43030053,486.9791,2,54,90,44
-26.0,127.0,0.0538629008723156,647.0,0.42387164,486.89066,1,46,89,45
-26.0,127.25,0.059632219597032,671.0,0.40739372,486.11142,1,41,85,45
-26.0,127.5,0.0571515836745415,674.3,0.41696084,485.55383,1,43,87,46
-26.0,127.75,0.053920391509642,651.0,0.40277946,483.55942,1,46,83,48
-26.0,128.0,0.0513203609856732,627.9,0.3796367,482.98932,2,49,77,48
-26.0,128.25,0.0489607802947007,604.9,0.36243725,482.0287,3,52,72,49
-26.0,128.5,0.0457158625547197,582.1,0.35380298,480.5769,3,56,69,50
-26.0,128.75,0.0407203486476126,559.5,0.3665053,479.28796,4,63,74,51
-26.0,129.0,0.0384994118263767,537.1,0.4385275,478.39636,5,65,92,52
-26.0,129.25,0.0443702293094247,514.9,0.41919157,477.58493,6,58,88,53
-26.0,129.5,0.0497518914175175,493.0,0.35198194,477.70807,7,51,68,52
-26.0,129.75,0.057837279384867,471.3,0.30970564,477.85855,8,43,45,52
-26.0,130.0,0.0671336916103471,449.9,0.29035285,477.8187,10,36,36,52
-26.0,130.25,0.0683805080607444,428.9,0.28832504,477.773,11,35,36,52
-26.0,130.5,0.0590424244530454,408.3,0.36609587,478.62012,13,41,73,52
-26.0,130.75,0.0516702353577351,388.3,0.4110709,479.86273,14,49,86,51
-26.0,131.0,0.0503930782078809,368.9,0.38718027,480.36038,16,51,79,50
-26.0,131.25,0.0473687428892368,350.1,0.3756563,480.82153,18,54,76,50
-26.0,131.5,0.0407067578374629,332.2,0.38128325,481.74353,20,63,78,49
-26.0,131.75,0.0347436745628891,315.2,0.38462222,481.62897,21,69,79,49
-26.0,132.0,0.0395886464576636,299.4,0.38647297,482.45087,23,64,79,48
-26.0,132.25,0.0395583937565485,284.9,0.4104203,481.9355,25,64,85,49
-26.0,132.5,0.0383841264505116,271.9,0.43317857,482.1615,27,65,91,49
-26.0,132.75,0.0380483203584195,260.6,0.4398364,483.69104,29,66,93,47
-26.0,133.0,0.0415741806490023,251.3,0.43724597,485.57028,30,62,92,46
-26.0,133.25,0.0477469695521341,244.3,0.43233898,486.79105,31,54,91,45
-26.0,133.5,0.0540134372500081,239.6,0.4153138,486.3482,32,46,87,45
-26.0,133.75,0.0675608349901657,237.5,0.3794311,487.5093,32,36,77,44
-26.0,134.0,0.0826620207190336,237.9,0.35527775,487.10107,32,28,70,44
-26.0,134.25,0.0877389175922698,241.0,0.33580765,487.2058,31,26,61,44
-26.0,134.5,0.0822821970696427,246.6,0.3197359,487.53604,31,28,52,44
-26.0,134.75,0.07254606852574,254.5,0.31204927,487.29977,29,33,47,44
-26.0,135.0,0.061917321819679,264.6,0.3176069,486.6834,28,39,50,45
-26.0,135.25,0.0537053203897639,276.5,0.32439548,487.52615,26,46,55,44
-26.0,135.5,0.0466222354596192,290.1,0.3230288,488.69568,25,55,54,43
-26.0,135.75,0.0404993212981415,305.2,0.32143486,490.2576,23,63,53,41
-26.0,136.0,0.0385818043594121,321.4,0.3246066,491.79288,21,65,55,40
-26.0,136.25,0.0385074489816491,338.8,0.33566493,492.7683,19,65,61,38
-26.0,136.5,0.0346585522150798,357.0,0.3544749,493.94293,17,69,69,37
-26.0,136.75,0.0310492584864342,376.0,0.3436906,495.58307,15,73,65,35
-26.0,137.0,0.0264026416133024,395.7,0.32757193,497.2429,14,77,57,32
-26.0,137.25,0.0196278637031181,415.9,0.32121632,498.79904,12,84,53,30
-26.0,137.5,0.0119788254128902,436.7,0.32147282,500.59738,11,91,53,28
-26.0,137.75,0.003524665578845,457.8,0.32346192,501.2707,9,97,54,27
-26.0,138.0,-0.0041365439826179,479.3,0.32986587,498.5725,8,97,58,31
-26.0,138.25,-0.0131786580108815,493.6,0.33135542,499.27237,7,90,59,30
-26.0,138.5,-0.0188179957669317,506.9,0.32943246,500.30447,6,85,58,29
-26.0,138.75,-0.021379189623431,508.6,0.32535163,500.6092,6,82,56,28
-26.0,139.0,-0.0240808172448028,510.8,0.32490918,500.61893,6,80,55,28
-26.0,139.25,-0.0307452751855765,500.4,0.32969105,501.92963,7,73,58,26
-26.0,139.5,-0.0396313129702494,476.0,0.33506003,501.0272,8,64,61,28
-26.0,139.75,-0.0471992059344691,451.6,0.34000516,499.28903,10,54,63,30
-26.0,140.0,-0.0496323886920609,427.3,0.3419168,498.19315,11,52,64,31
-26.0,140.25,-0.0526819680194464,403.0,0.34582633,497.51938,13,48,66,32
-26.0,140.5,-0.0572669043870908,378.7,0.35208598,496.42505,15,43,68,34
-26.0,140.75,-0.0598653065772461,354.5,0.35470602,495.62723,17,41,70,35
-26.0,141.0,-0.0556191793310323,330.3,0.34028724,497.15125,20,45,64,33
-26.0,141.25,-0.0472637285870621,306.3,0.32921,495.70404,23,54,58,35
-26.0,141.5,-0.0383506482558524,282.3,0.31670645,495.85165,26,65,50,34
-26.0,141.75,-0.0337567928502158,258.5,0.30434722,496.0995,29,70,42,34
-26.0,142.0,-0.0343091700348027,234.8,0.30029017,495.31238,32,70,40,35
-26.0,142.25,-0.0381143800781241,211.4,0.31068808,492.45544,36,66,46,39
-26.0,142.5,-0.0446890147935066,188.2,0.33225057,493.939,40,58,60,37
-26.0,142.75,-0.0456784477523927,165.6,0.32870498,493.6975,44,56,58,37
-26.0,143.0,-0.0433122497466337,143.6,0.31908646,493.29788,48,59,51,38
-26.0,143.25,-0.0347356090599316,122.5,0.31250873,492.32294,52,69,47,39
-26.0,143.5,-0.0245762254421909,103.2,0.31205297,491.01645,56,79,47,40
-26.0,143.75,-0.020408232419175,86.5,0.320596,489.83865,60,83,52,42
-26.0,144.0,-0.0280863881000273,74.4,0.3450636,487.69775,64,76,66,44
-26.0,144.25,-0.0293917337942513,67.8,0.35601473,488.2165,65,74,70,43
-26.0,144.5,-0.0263232172683014,66.9,0.35510495,487.88867,66,77,70,44
-26.0,144.75,-0.0203543029581418,69.8,0.3363635,486.43866,65,83,62,45
-26.0,145.0,-0.0109866233106004,70.5,0.30265734,484.00067,65,92,41,47
-26.0,145.25,0.0027531500614713,71.8,0.26480913,481.3113,64,98,30,49
-26.0,145.5,0.0141963066355813,72.2,0.24592787,480.34598,64,89,25,50
-26.0,145.75,0.0249039106802748,66.0,0.23540474,480.30447,66,79,23,50
-26.0,146.0,0.0361021707333358,53.4,0.22837867,480.25247,69,68,22,50
-26.0,146.25,0.0425650559942282,45.6,0.23135969,480.40314,72,60,23,50
-26.0,146.5,0.0425839128615778,46.3,0.23835425,480.5448,72,60,24,50
-26.0,146.75,0.0399012192983978,45.3,0.240944,481.1597,72,63,24,49
-26.0,147.0,0.0454802018745491,45.5,0.23956841,480.69537,72,57,24,50
-26.0,147.25,0.0612747402218658,44.9,0.21821931,478.03113,72,40,20,52
-26.0,147.5,0.0734432742221369,49.3,0.18255511,475.81314,70,32,15,54
-26.0,147.75,0.0731572730954559,53.2,0.17020631,475.26202,69,32,13,55
-26.0,148.0,0.0752480495388486,53.1,0.17697988,475.16092,69,31,14,55
-26.0,148.25,0.0798155014037287,57.4,0.18904516,474.6373,68,29,16,55
-26.0,148.5,0.0883833366335325,56.3,0.19898967,476.11957,68,26,18,54
-26.0,148.75,0.092619446937793,39.9,0.19332865,474.36603,74,25,17,55
-26.0,149.0,0.0837444488757423,21.0,0.17995211,471.6097,82,28,15,58
-26.0,149.25,0.0644350865157321,1.4,0.18016015,469.84494,98,38,15,59
-26.0,149.5,0.0561080035919855,20.5,0.19122481,468.8704,82,44,16,60
-26.0,149.75,0.0609509857404711,26.5,0.20411041,467.36633,79,40,18,61
-26.0,150.0,0.0670263039898903,35.5,0.21795562,465.42087,75,36,20,63
-26.0,150.25,0.0670001997634591,47.9,0.20731002,459.3851,71,36,19,67
-26.0,150.5,0.0609268786097388,58.2,0.1953525,454.60904,68,40,17,71
-26.0,150.75,0.0518766672461337,37.1,0.18778752,450.35605,75,49,16,74
-26.0,151.0,0.0428035796010157,14.9,0.18281837,446.18768,86,60,15,77
-26.0,151.25,0.0391690232707852,5.5,0.17376989,443.33493,94,64,14,78
-26.0,151.5,0.042040316456197,11.2,0.15606423,440.15942,89,61,11,80
-26.0,151.75,0.0504507827433934,20.9,0.14902194,434.52264,82,51,10,83
-26.0,152.0,0.0496651985848854,22.7,0.13254377,427.85934,81,52,7,85
-26.0,152.25,0.0443687541964685,3.9,0.11917926,420.48914,95,58,5,88
-26.0,152.5,0.041332826796653,8.0,0.118236504,412.03775,91,62,5,90
-26.0,152.75,0.0448911220131863,23.0,0.13376845,404.52548,81,57,7,93
-26.0,153.0,0.0498764289287334,37.2,0.18015875,400.90112,75,51,15,93
-26.25,114.25,0.0270036132340984,280.0,0.5136966,500.60135,26,77,100,28
-26.25,114.5,0.0348380476114384,277.8,0.48829898,497.6473,26,69,100,32
-26.25,114.75,0.0358658624914824,277.7,0.49388483,494.28015,26,68,100,37
-26.25,115.0,0.0314039526346494,279.6,0.51070094,492.66458,26,73,100,39
-26.25,115.25,0.0283173607398999,282.4,0.5113959,492.8936,26,76,100,38
-26.25,115.5,0.0272608958703737,286.2,0.49795312,493.94217,25,76,100,37
-26.25,115.75,0.0273213145228856,291.9,0.4880745,495.24353,24,76,100,35
-26.25,116.0,0.0304909363050856,294.6,0.48046863,494.81754,24,73,99,36
-26.25,116.25,0.0369410651364541,287.9,0.47239795,494.86658,25,67,99,36
-26.25,116.5,0.044943015868332,283.2,0.45983055,495.4666,26,57,97,35
-26.25,116.75,0.053788469783363,280.5,0.45280442,496.14673,26,46,96,34
-26.25,117.0,0.0610475395496277,279.9,0.46269327,495.1403,26,40,98,35
-26.25,117.25,0.0644714151231926,281.5,0.47059342,494.79266,26,38,99,36
-26.25,117.5,0.0691472355258329,285.1,0.4732058,494.55804,25,34,99,36
-26.25,117.75,0.0709409714094363,286.4,0.46443424,494.4876,25,33,98,36
-26.25,118.0,0.0683706226215387,263.9,0.45458785,493.773,28,35,96,37
-26.25,118.25,0.0660265838128647,241.9,0.4566036,493.271,31,37,96,38
-26.25,118.5,0.0630986656932648,220.4,0.4634442,491.97162,34,39,98,39
-26.25,118.75,0.0651684626080428,199.6,0.4574033,489.87582,38,37,97,42
-26.25,119.0,0.065085563214407,179.8,0.46258074,486.63943,41,37,98,45
-26.25,119.25,0.0626299871070798,161.3,0.46263725,484.69388,44,39,98,47
-26.25,119.5,0.0594282342863845,144.6,0.45351675,484.00266,47,41,96,47
-26.25,119.75,0.0565463059903344,130.4,0.4407901,484.0082,50,44,93,47
-26.25,120.0,0.0537426954750636,119.6,0.4452225,483.07336,53,46,94,48
-26.25,120.25,0.0509316629436354,111.5,0.45096898,484.29483,55,50,95,47
-26.25,120.5,0.0493719664679485,107.9,0.45044976,484.43228,55,52,95,47
-26.25,120.75,0.0504872356463844,109.4,0.44500035,484.0268,55,50,94,47
-26.25,121.0,0.0516647548542269,116.2,0.4431271,483.41925,53,49,94,48
-26.25,121.25,0.0503492172097876,127.5,0.4415433,482.68558,51,51,93,48
-26.25,121.5,0.0521449488288323,142.1,0.44413906,481.8571,48,48,94,49
-26.25,121.75,0.0572621958798706,159.1,0.44282925,482.46948,45,43,93,48
-26.25,122.0,0.0578048779008289,177.8,0.4432395,483.8894,42,43,94,47
-26.25,122.25,0.0549256770583313,197.7,0.45617184,484.73178,38,45,96,47
-26.25,122.5,0.0505708238109946,218.6,0.46886814,485.55002,35,50,98,46
-26.25,122.75,0.0474137077290963,240.2,0.47242877,485.9185,31,54,99,46
-26.25,123.0,0.0436098632402718,262.3,0.47058478,487.28476,28,59,99,44
-26.25,123.25,0.0418143841659738,284.9,0.48175508,485.57474,25,61,99,46
-26.25,123.5,0.0467249774551462,307.7,0.47977912,486.04584,22,55,99,45
-26.25,123.75,0.051656382821273,330.8,0.4672517,485.4683,20,49,98,46
-26.25,124.0,0.0524380050521964,354.0,0.4531872,484.71042,17,48,96,47
-26.25,124.25,0.0481326188595544,377.5,0.44684893,484.3163,15,53,94,47
-26.25,124.5,0.0409670616078767,401.1,0.46413207,484.59662,13,62,98,47
-26.25,124.75,0.0394432827819227,424.7,0.48867205,483.5026,12,64,100,48
-26.25,125.0,0.0380770469782874,448.5,0.4967392,482.97705,10,66,100,48
-26.25,125.25,0.0384765368009365,472.4,0.5011886,482.36145,8,65,100,48
-26.25,125.5,0.0411817235805626,496.3,0.50005513,482.06305,7,62,100,49
-26.25,125.75,0.0464677727387641,520.3,0.48700848,482.2247,6,55,100,49
-26.25,126.0,0.0517377191334075,544.3,0.42490476,481.99777,5,49,89,49
-26.25,126.25,0.0465775458563473,568.4,0.35973987,483.2569,4,55,71,48
-26.25,126.5,0.0461015890984396,592.5,0.36065155,484.30905,3,56,72,47
-26.25,126.75,0.0531359316409742,616.7,0.3648181,485.1573,2,47,73,46
-26.25,127.0,0.0606583447309233,640.2,0.3574479,484.8567,2,40,71,46
-26.25,127.25,0.0631460168221521,663.7,0.3537361,483.57974,1,39,69,48
-26.25,127.5,0.0540485970365504,684.1,0.37719062,482.97778,1,46,77,48
-26.25,127.75,0.0490172660593608,661.3,0.38132727,481.61893,1,52,78,49
-26.25,128.0,0.0501735720783472,638.6,0.3847927,480.7192,2,51,79,50
-26.25,128.25,0.0542613963202928,616.1,0.36893374,479.59058,2,46,74,51
-26.25,128.5,0.052972066360304,593.8,0.34206918,478.11847,3,47,64,52
-26.25,128.75,0.0403293215957958,571.6,0.3381812,476.3797,4,63,63,54
-26.25,129.0,0.0306207188205527,549.8,0.4044707,475.30548,4,73,84,55
-26.25,129.25,0.0327455309203027,528.1,0.394277,475.235,5,71,81,55
-26.25,129.5,0.0315296962258539,506.7,0.3519953,475.25085,6,72,68,55
-26.25,129.75,0.0329559642380835,485.6,0.32569498,475.10883,7,71,56,55
-26.25,130.0,0.0403989559704703,464.9,0.32017,475.2431,9,63,52,55
-26.25,130.25,0.0467122718503343,444.7,0.31987014,476.10153,10,55,52,54
-26.25,130.5,0.0503211015924101,425.0,0.3601617,476.57294,11,51,72,53
-26.25,130.75,0.0452714813795561,405.8,0.38955563,477.37766,13,57,80,53
-26.25,131.0,0.0432073362082952,387.3,0.36282602,477.8249,14,59,72,52
-26.25,131.25,0.0471786303236426,369.5,0.32933536,477.737,16,55,58,52
-26.25,131.5,0.0504095978267113,352.6,0.3049375,478.03403,17,51,43,52
-26.25,131.75,0.0497559687763679,336.7,0.28456926,478.06805,19,51,35,52
-26.25,132.0,0.0486973174675811,322.0,0.2995892,477.66898,21,53,40,52
-26.25,132.25,0.0488416465246007,308.5,0.36784557,478.48862,22,53,74,52
-26.25,132.5,0.0532079292339317,296.6,0.40487397,480.05386,24,47,84,50
-26.25,132.75,0.0550690814608796,286.3,0.40497464,481.49222,25,45,84,49
-26.25,133.0,0.0577470219871472,277.9,0.39358166,482.2336,26,43,81,49
-26.25,133.25,0.0616790052991183,271.6,0.3902766,482.99957,27,40,80,48
-26.25,133.5,0.064020101537296,267.4,0.39119422,483.90323,28,38,80,47
-26.25,133.75,0.0707150790529946,265.5,0.38605812,483.84854,28,34,79,47
-26.25,134.0,0.0839674070926516,265.9,0.3640716,483.26944,28,28,73,48
-26.25,134.25,0.0908992676081002,268.7,0.3407442,483.06775,27,25,64,48
-26.25,134.5,0.088077820049061,273.7,0.32332197,483.35068,27,26,54,48
-26.25,134.75,0.0826180980186022,280.8,0.32272065,484.0773,26,28,54,47
-26.25,135.0,0.0744660180039881,289.9,0.32725313,484.56876,25,32,57,47
-26.25,135.25,0.0702823158952274,300.8,0.32411897,485.16913,23,34,55,46
-26.25,135.5,0.0666756082991404,313.4,0.31789497,486.9822,22,36,51,44
-26.25,135.75,0.0599789723526642,327.3,0.31338733,488.236,20,41,48,43
-26.25,136.0,0.0552380119029077,342.5,0.31484863,489.716,18,45,49,42
-26.25,136.25,0.0495239230183263,358.8,0.32177255,491.35236,17,52,53,40
-26.25,136.5,0.0464164329515326,376.0,0.33100256,491.57294,15,55,59,40
-26.25,136.75,0.0448718701966018,394.1,0.32435772,492.41626,14,57,55,39
-26.25,137.0,0.038793427208882,412.8,0.31652033,494.91565,12,65,50,36
-26.25,137.25,0.0325819754512936,423.7,0.3162528,496.0277,12,71,49,34
-26.25,137.5,0.0234362354912307,433.7,0.31750128,496.9994,11,80,50,33
-26.25,137.75,0.0129480403204936,444.8,0.32311636,497.0054,10,90,54,33
-26.25,138.0,0.0023241696812744,456.9,0.32992613,497.3387,9,99,58,32
-26.25,138.25,-0.0066629303059363,469.9,0.32897118,497.78436,8,95,58,31
-26.25,138.5,-0.0126580914903786,479.5,0.32908273,498.39844,8,90,58,31
-26.25,138.75,-0.0180382578256761,480.6,0.32610223,498.24948,8,85,56,31
-26.25,139.0,-0.0213962644338607,483.0,0.3261507,498.5273,8,82,56,31
-26.25,139.25,-0.0257251086007315,486.5,0.32992205,499.86197,7,78,58,29
-26.25,139.5,-0.0315040556032077,472.2,0.33624655,499.97876,8,72,62,29
-26.25,139.75,-0.0374167891928837,447.7,0.3360292,497.46545,10,66,61,32
-26.25,140.0,-0.0423085254420238,423.2,0.33387545,495.92377,12,61,60,34
-26.25,140.25,-0.0458512536627018,398.6,0.3415468,496.18484,13,56,64,34
-26.25,140.5,-0.0500859021670683,374.2,0.35286537,494.77176,15,51,69,36
-26.25,140.75,-0.0465064601429427,349.7,0.35879576,493.90112,18,55,71,37
-26.25,141.0,-0.0373279324621849,325.2,0.33732224,495.1539,20,66,62,35
-26.25,141.25,-0.0341005652322478,300.8,0.3211614,495.04895,23,70,53,35
-26.25,141.5,-0.0339004307807911,276.4,0.31263205,494.6712,26,70,47,36
-26.25,141.75,-0.033656520673096,252.1,0.3044601,494.50952,30,70,42,36
-26.25,142.0,-0.0364305942319333,227.9,0.30559415,493.99542,33,67,43,37
-26.25,142.25,-0.0403386047707283,203.7,0.31696787,492.84378,37,63,50,38
-26.25,142.5,-0.0427595017139711,179.6,0.3382363,491.458,41,60,63,40
-26.25,142.75,-0.0400231727684426,155.8,0.33649436,490.50903,45,63,62,41
-26.25,143.0,-0.036901861477998,132.2,0.3166636,491.82202,50,67,50,40
-26.25,143.25,-0.0341229772696914,109.0,0.30178773,491.30228,55,70,41,40
-26.25,143.5,-0.0313506132745671,86.7,0.30330288,490.20486,60,73,42,41
-26.25,143.75,-0.035661929308082,66.1,0.33209115,488.6888,66,68,59,43
-26.25,144.0,-0.0389937203288787,49.4,0.36743864,486.3781,70,65,74,45
-26.25,144.25,-0.0327116696518801,40.2,0.36334583,487.51782,74,71,73,44
-26.25,144.5,-0.02538789232328,39.2,0.36375764,486.8889,74,78,73,45
-26.25,144.75,-0.0204910409027,42.0,0.3535253,485.16156,73,83,69,46
-26.25,145.0,-0.0101371149543584,42.5,0.32125935,482.7231,73,92,53,48
-26.25,145.25,0.0052381197705731,44.2,0.26895562,480.71234,72,96,31,50
-26.25,145.5,0.015105010673315,44.2,0.24468602,479.80746,72,88,25,51
-26.25,145.75,0.0211903123473305,40.4,0.23653793,479.611,74,82,24,51
-26.25,146.0,0.0310631608332706,32.9,0.22939898,479.90616,76,73,22,51
-26.25,146.25,0.0404178232641979,17.8,0.23753923,479.80185,84,63,24,51
-26.25,146.5,0.0452663508886914,18.3,0.2476256,480.4251,84,57,26,50
-26.25,146.75,0.0490710050015228,17.3,0.2489362,480.19617,84,52,26,50
-26.25,147.0,0.0570716386886834,17.6,0.2419185,480.13834,84,43,25,50
-26.25,147.25,0.0761325745455299,17.1,0.22609234,477.72015,85,31,22,52
-26.25,147.5,0.0881796128205245,21.4,0.19498123,475.9715,82,26,17,54
-26.25,147.75,0.0864995742360839,26.0,0.18045045,475.19382,79,27,15,55
-26.25,148.0,0.0879129581574705,25.2,0.18851592,474.95053,80,26,16,55
-26.25,148.25,0.09190348495217,31.0,0.20814268,474.94412,77,25,19,55
-26.25,148.5,0.0917409178446091,34.0,0.22102454,476.3546,76,25,21,54
-26.25,148.75,0.089705932796711,35.1,0.22195429,475.13312,76,26,21,55
-26.25,149.0,0.0835206733861317,16.7,0.21902144,473.26944,85,28,21,56
-26.25,149.25,0.0754642083797426,5.3,0.21601556,471.41684,94,31,20,58
-26.25,149.5,0.0710474618089695,1.0,0.21461737,469.1989,99,33,20,60
-26.25,149.75,0.0749005462530823,0.7,0.21252567,467.40784,99,32,20,61
-26.25,150.0,0.0814653964158857,11.7,0.21033716,464.7257,89,29,19,63
-26.25,150.25,0.0916784327011555,24.0,0.18753688,458.53528,80,25,16,68
-26.25,150.5,0.0886568678809063,44.2,0.18518375,453.1486,72,26,16,72
-26.25,150.75,0.0789600839555662,43.1,0.1874361,449.308,72,30,16,75
-26.25,151.0,0.0674269868031149,25.2,0.19468866,446.952,80,36,17,76
-26.25,151.25,0.0572815705969766,3.7,0.19345947,445.3737,96,43,17,77
-26.25,151.5,0.0487207053284648,8.1,0.18169327,442.25363,91,53,15,79
-26.25,151.75,0.0536816637593022,5.3,0.16578642,436.2214,94,46,13,82
-26.25,152.0,0.0540600069288519,0.4,0.14835234,430.47015,100,46,9,84
-26.25,152.25,0.0505724742675998,11.6,0.1305298,423.30215,89,50,6,87
-26.25,152.5,0.048019548456761,6.1,0.11944932,415.87445,93,53,5,89
-26.25,152.75,0.0493222579803495,0.1,0.12149033,410.72928,100,52,5,91
-26.25,153.0,0.0505976034727479,16.6,0.16310076,404.11945,85,50,12,93
-26.5,113.5,0.0260157264511993,272.8,0.6441341,490.62064,27,78,100,41
-26.5,114.0,0.0168446361342267,257.0,0.52002656,498.62415,29,86,100,30
-26.5,114.25,0.01993491383979,252.2,0.44895667,497.3092,30,83,95,32
-26.5,114.5,0.0289960346251193,249.8,0.42939433,494.9121,30,75,90,36
-26.5,114.75,0.0351548867255804,249.7,0.46017975,492.0143,30,69,97,39
-26.5,115.0,0.0333389299952181,251.8,0.48854947,490.22824,30,71,100,41
-26.5,115.25,0.0280064576782197,254.6,0.5090173,490.43558,29,76,100,41
-26.5,115.5,0.0264216638791064,258.7,0.49227542,492.40338,29,77,100,39
-26.5,115.75,0.0276583666114934,265.0,0.4879094,493.2177,28,76,100,38
-26.5,116.0,0.0278284428652287,268.1,0.47554594,492.6574,28,76,99,39
-26.5,116.25,0.0365596139928259,260.7,0.4654081,493.1408,29,67,98,38
-26.5,116.5,0.0475302559687406,255.5,0.4635559,494.90527,29,54,98,36
-26.5,116.75,0.0587404119560406,252.5,0.46612632,495.85355,30,42,98,34
-26.5,117.0,0.0633732237293207,251.9,0.48237747,494.89783,30,38,100,36
-26.5,117.25,0.0650216503445768,253.6,0.4851947,493.96606,30,37,100,37
-26.5,117.5,0.0691165297807726,257.6,0.4831787,493.05667,29,35,100,38
-26.5,117.75,0.0676345877105458,263.8,0.46748877,491.75577,28,36,98,40
-26.5,118.0,0.0653587871231138,253.1,0.45191047,491.0302,30,37,95,40
-26.5,118.25,0.062593032860951,230.1,0.45047432,490.16812,33,39,95,41
-26.5,118.5,0.0601956828031688,207.4,0.4650576,489.0211,37,41,98,43
-26.5,118.75,0.0600690326320805,185.2,0.4681207,487.1762,40,41,98,44
-26.5,119.0,0.0595765157296444,163.7,0.46979928,485.19955,44,41,98,46
-26.5,119.25,0.0583038883766026,143.2,0.4617411,483.3379,48,42,97,48
-26.5,119.5,0.0585452318490882,124.1,0.4436652,482.43045,52,42,94,48
-26.5,119.75,0.0573415197554,107.3,0.4310264,481.87454,55,43,91,49
-26.5,120.0,0.0527952211753775,94.0,0.42766133,482.0701,59,48,90,49
-26.5,120.25,0.048063540039584,84.5,0.43188122,482.31497,61,53,91,48
-26.5,120.5,0.0465662834444499,79.9,0.43966302,482.79446,62,55,93,48
-26.5,120.75,0.0473129230878493,81.9,0.44685417,482.60056,61,54,94,48
-26.5,121.0,0.0493369979506713,90.8,0.44466162,482.208,59,52,94,49
-26.5,121.25,0.051334647996728,104.8,0.44553486,482.16614,56,49,94,49
-26.5,121.5,0.0535485011481103,122.0,0.4507668,481.1973,52,47,95,49
-26.5,121.75,0.0583370417744542,141.2,0.45195168,481.3184,48,42,95,49
-26.5,122.0,0.0624961586904689,161.9,0.45726672,482.50842,44,39,97,48
-26.5,122.25,0.0593885924705925,183.6,0.4652327,483.49896,41,41,98,48
-26.5,122.5,0.0555555492528669,205.9,0.47080454,484.11456,37,45,99,47
-26.5,122.75,0.0521024832590704,228.6,0.4692286,484.2197,33,48,98,47
-26.5,123.0,0.0473578990193172,251.7,0.46786553,484.23633,30,54,98,47
-26.5,123.25,0.0427702950624128,275.0,0.47593546,483.8961,27,60,99,47
-26.5,123.5,0.0461241874367087,298.6,0.47375873,484.03708,24,56,99,47
-26.5,123.75,0.0522360647506762,322.2,0.46546423,483.4218,21,48,98,48
-26.5,124.0,0.0527007469774356,346.1,0.4528007,482.69482,18,48,96,48
-26.5,124.25,0.0448497708629085,369.9,0.4566326,483.31296,16,57,96,48
-26.5,124.5,0.0339016516471192,393.9,0.4808385,482.1316,14,70,99,49
-26.5,124.75,0.0334340029706557,418.0,0.49604335,482.1949,12,71,100,49
-26.5,125.0,0.0376392830641374,442.0,0.4968865,482.10333,10,66,100,49
-26.5,125.25,0.0397132662280152,466.2,0.4935082,481.11954,9,64,100,50
-26.5,125.5,0.0441257224307351,490.3,0.48487794,480.66885,7,58,100,50
-26.5,125.75,0.0506407703006906,514.4,0.46625704,480.1752,6,50,98,50
-26.5,126.0,0.0518342939366231,537.8,0.42072812,481.06418,5,49,88,50
-26.5,126.25,0.043383124461841,561.3,0.37105763,482.21164,4,59,75,49
-26.5,126.5,0.0449753368151418,584.8,0.3666913,482.4553,3,57,74,48
-26.5,126.75,0.0560660401314851,608.5,0.3449942,482.98135,2,44,66,48
-26.5,127.0,0.0662005506234154,632.2,0.32098165,483.595,2,37,53,48
-26.5,127.25,0.0679878644686791,655.9,0.30773416,481.45966,1,35,44,49
-26.5,127.5,0.0552069486307335,679.7,0.32275814,479.7338,1,45,54,51
-26.5,127.75,0.0404395487935592,672.6,0.33392686,478.4499,1,63,60,52
-26.5,128.0,0.0434045068190677,650.3,0.3624071,477.84384,1,59,72,52
-26.5,128.25,0.0535039080694938,628.3,0.34448788,476.53116,2,47,66,53
-26.5,128.5,0.0569101898110516,606.5,0.31278017,474.98676,3,43,47,55
-26.5,128.75,0.0463016568511236,584.8,0.30656126,474.03687,3,56,43,56
-26.5,129.0,0.0266434750708174,563.4,0.34017715,473.09973,4,77,63,56
-26.5,129.25,0.0270836556978922,542.3,0.34624907,472.52774,5,77,66,57
-26.5,129.5,0.0256295796284185,521.5,0.328677,472.7819,6,78,58,57
-26.5,129.75,0.025518348991006,501.1,0.33182994,472.62073,7,78,59,57
-26.5,130.0,0.0324584708138856,481.2,0.3267652,472.6698,8,72,56,57
-26.5,130.25,0.0447760047230293,461.7,0.31582123,472.9541,9,58,49,57
-26.5,130.5,0.0528839745270531,442.7,0.31514168,474.0347,10,48,49,56
-26.5,130.75,0.044641710522895,424.4,0.3275326,474.82004,12,58,57,55
-26.5,131.0,0.0291208867560185,406.8,0.3302107,475.4868,13,75,58,54
-26.5,131.25,0.0262197525351352,389.9,0.3097033,475.61957,14,77,45,54
-26.5,131.5,0.0193895114785326,374.0,0.31645283,475.79138,15,84,50,54
-26.5,131.75,0.0108345598558939,359.1,0.32302737,476.19016,17,92,54,54
-26.5,132.0,0.000120952248662,345.3,0.34537917,475.4541,18,100,66,54
-26.5,132.25,0.0165574988383533,332.9,0.3768573,475.48083,19,87,77,54
-26.5,132.5,0.0359857661111856,321.9,0.39889663,477.55835,21,68,82,53
-26.5,132.75,0.0578326206942576,312.5,0.39217824,478.78455,22,43,81,52
-26.5,133.0,0.064811869860915,304.8,0.38047004,479.38794,23,37,78,51
-26.5,133.25,0.0736409166575564,299.0,0.3797723,480.52078,23,32,77,50
-26.5,133.5,0.0779609216521272,295.2,0.37400052,480.71408,24,30,76,50
-26.5,133.75,0.0812106602736527,293.5,0.35898986,480.62787,24,29,71,50
-26.5,134.0,0.0866421252923076,293.9,0.35013422,480.62726,24,27,68,50
-26.5,134.25,0.0933571147968732,296.4,0.33828947,480.60742,24,24,63,50
-26.5,134.5,0.0964898890433167,300.9,0.34007928,481.00473,23,24,63,50
-26.5,134.75,0.0952050267362557,307.4,0.33438775,481.6457,22,24,61,49
-26.5,135.0,0.0905785109581691,315.7,0.3199995,481.47437,21,25,52,49
-26.5,135.25,0.0866814705861976,325.8,0.3248142,482.44852,20,27,55,48
-26.5,135.5,0.0816812275886713,337.3,0.31636876,483.7688,19,29,50,47
-26.5,135.75,0.0765667539852161,350.3,0.30833802,485.31097,18,31,44,46
-26.5,136.0,0.0682769533668068,364.5,0.30492365,487.12363,16,35,43,44
-26.5,136.25,0.0614364406116129,368.6,0.31208214,488.1025,16,40,47,43
-26.5,136.5,0.0562430419820538,373.8,0.31872773,488.4008,15,44,51,43
-26.5,136.75,0.0531643154520896,380.5,0.31518653,489.91904,15,47,49,42
-26.5,137.0,0.0491994986532344,388.5,0.31272647,492.30734,14,52,47,39
-26.5,137.25,0.0406041067869712,397.9,0.30933288,493.89423,14,63,45,37
-26.5,137.5,0.0322680312585795,408.5,0.31334916,494.0847,13,72,48,37
-26.5,137.75,0.020571781153835,420.2,0.31919473,493.67734,12,83,51,37
-26.5,138.0,0.0112834793515503,433.0,0.32707497,496.26788,11,91,57,34
-26.5,138.25,0.0021330981321322,446.7,0.3294713,497.60696,10,99,58,32
-26.5,138.5,-0.006241004126856,451.4,0.32722694,497.593,10,95,57,32
-26.5,138.75,-0.0106089293696208,452.6,0.32458025,496.27228,10,92,55,34
-26.5,139.0,-0.0162522453310278,455.2,0.32203066,496.4829,9,87,53,33
-26.5,139.25,-0.019327124933313,458.9,0.32506502,496.21982,9,84,55,34
-26.5,139.5,-0.0249600768884799,463.9,0.33026364,495.42395,9,79,58,35
-26.5,139.75,-0.0275588023465215,445.5,0.32891175,496.2183,10,76,58,34
-26.5,140.0,-0.0289562060630747,420.9,0.32582325,496.12225,12,75,56,34
-26.5,140.25,-0.0350156973481976,396.3,0.32707268,495.71423,14,69,57,35
-26.5,140.5,-0.0358305415227299,371.7,0.33342114,494.1777,16,68,60,37
-26.5,140.75,-0.0311908315124344,347.1,0.33499008,493.33652,18,73,61,38
-26.5,141.0,-0.0260297038459352,322.5,0.3304,493.22485,21,78,58,38
-26.5,141.25,-0.0290975200788428,297.9,0.33264259,494.94196,24,75,60,36
-26.5,141.5,-0.0311553621032674,273.4,0.32210165,494.50055,27,73,53,36
-26.5,141.75,-0.0316144277851673,248.8,0.31197998,493.57413,30,72,47,38
-26.5,142.0,-0.03395927011623,224.2,0.30729878,493.09937,34,70,44,38
-26.5,142.25,-0.0374854785238442,199.7,0.31565574,494.31314,38,66,49,37
-26.5,142.5,-0.0385229883737684,175.1,0.33154044,490.9516,42,65,59,40
-26.5,142.75,-0.0328181726414532,150.6,0.3321964,489.63757,46,71,59,42
-26.5,143.0,-0.0271691100943523,126.1,0.31831893,490.361,51,77,51,41
-26.5,143.25,-0.0285186925808721,101.7,0.30245098,490.54626,57,75,41,41
-26.5,143.5,-0.0366635756700166,77.3,0.31212524,489.97772,63,67,47,41
-26.5,143.75,-0.0433259114889161,53.3,0.34410352,488.17142,69,59,65,43
-26.5,144.0,-0.0373002974981708,30.1,0.3743176,486.0669,77,67,76,45
-26.5,144.25,-0.0262893475436915,13.2,0.35971424,487.10986,87,77,71,44
-26.5,144.5,-0.0205337003826917,11.8,0.35977203,486.1105,88,83,71,45
-26.5,144.75,-0.0120333096411611,14.2,0.35459706,484.43582,87,91,69,47
-26.5,145.0,-0.0028740287503404,14.8,0.31891325,481.9916,86,98,51,49
-26.5,145.25,0.0130442943279853,16.4,0.26448283,480.52274,85,90,30,50
-26.5,145.5,0.0221911608513134,16.6,0.24527858,479.26123,85,81,25,51
-26.5,145.75,0.024786353047793,15.7,0.23793052,478.99393,86,79,24,51
-26.5,146.0,0.032859477371953,4.9,0.23391812,478.87717,94,71,23,51
-26.5,146.25,0.0426998942231182,2.9,0.23885989,479.0095,97,60,24,51
-26.5,146.5,0.054166596223201,9.1,0.25087187,479.27338,90,46,27,51
-26.5,146.75,0.0623143448339154,10.8,0.25394437,478.8572,89,39,27,51
-26.5,147.0,0.0724257770471186,8.9,0.24696544,478.9388,91,33,26,51
-26.5,147.25,0.0885040315755066,8.7,0.23299862,478.05792,91,26,23,52
-26.5,147.5,0.0995703320096557,6.2,0.2111407,476.33203,93,23,19,54
-26.5,147.75,0.0974949126070853,1.6,0.2012955,475.95874,98,23,18,54
-26.5,148.0,0.0944414568665836,1.7,0.2051041,475.2817,98,24,18,55
-26.5,148.25,0.0914169528740569,4.4,0.22006829,474.8087,95,25,21,55
-26.5,148.5,0.0887598535511642,6.8,0.2292316,475.04504,92,26,22,55
-26.5,148.75,0.0925833017964448,9.1,0.23009697,475.027,90,25,22,55
-26.5,149.0,0.0974573574132158,4.3,0.23626143,474.1428,95,23,23,56
-26.5,149.25,0.0968691793403455,9.5,0.22962286,472.44955,90,24,22,57
-26.5,149.5,0.0983167396060058,13.1,0.22299112,470.0563,88,23,21,59
-26.5,149.75,0.1009123602837678,14.6,0.21897388,467.7771,86,23,21,61
-26.5,150.0,0.1048842257287885,12.1,0.2107015,464.26074,88,22,19,63
-26.5,150.25,0.1124282276036129,9.8,0.18756849,459.6781,90,21,16,67
-26.5,150.5,0.1108078653109259,20.1,0.18572825,455.3639,83,21,16,70
-26.5,150.75,0.1026631161393154,18.0,0.19482727,452.72934,84,22,17,72
-26.5,151.0,0.0901936318148814,14.1,0.20063974,450.62158,87,25,18,74
-26.5,151.25,0.0671157661758895,17.9,0.21200238,448.51895,84,36,20,75
-26.5,151.5,0.0515342736417161,0.7,0.20606808,445.6557,99,49,19,77
-26.5,151.75,0.0574109203902827,0.8,0.1775031,438.51526,99,43,14,81
-26.5,152.0,0.073634841136213,11.7,0.15369985,430.83472,89,32,10,84
-26.5,152.25,0.0764827281619156,31.8,0.13523464,423.1683,77,31,7,87
-26.5,152.5,0.0744694890634578,19.9,0.11587087,415.28403,83,32,5,89
-26.5,152.75,0.0678845091456813,4.0,0.10684525,409.80133,95,35,4,91
-26.5,153.0,0.0548393697167436,7.1,0.15065195,407.54642,92,45,10,92
-26.75,113.75,0.0230769140069328,237.5,0.60766816,488.0096,32,80,100,43
-26.75,114.0,0.013944109191098,229.8,0.48346165,492.97928,33,89,100,38
-26.75,114.25,0.0159340491340983,224.5,0.42326462,492.51718,34,87,89,39
-26.75,114.5,0.0215012662017086,221.8,0.39389154,491.28027,34,82,81,40
-26.75,114.75,0.030248736342903,221.7,0.41572723,488.8973,34,74,87,43
-26.75,115.0,0.0315059714906272,224.1,0.45247766,487.99573,34,72,95,44
-26.75,115.25,0.0282046667810174,226.8,0.48237324,488.14886,34,76,100,43
-26.75,115.5,0.0253060725201586,231.4,0.48941675,490.1728,33,78,100,41
-26.75,115.75,0.025624730123534,238.4,0.49034643,489.91885,32,78,100,42
-26.75,116.0,0.0283057708911309,241.9,0.47351483,490.4744,31,76,99,41
-26.75,116.25,0.0346758595202118,233.7,0.4657759,492.56366,32,69,98,39
-26.75,116.5,0.0486904085642891,227.9,0.463602,493.99768,33,53,98,37
-26.75,116.75,0.0573605122964917,224.6,0.47757426,493.77994,34,43,99,37
-26.75,117.0,0.0614085634821094,223.9,0.48919436,493.39932,34,40,100,38
-26.75,117.25,0.0650114896323343,225.8,0.48720467,491.9404,34,37,100,39
-26.75,117.5,0.0651053348040607,230.3,0.4826815,489.6045,33,37,100,42
-26.75,117.75,0.0641629784284824,237.2,0.46502683,488.31696,32,38,98,43
-26.75,118.0,0.0604895609209225,244.9,0.44997427,488.54288,31,40,95,43
-26.75,118.25,0.059010605831697,221.2,0.44610775,488.29178,34,42,94,43
-26.75,118.5,0.0556631820276379,197.5,0.45548955,486.26642,38,45,96,45
-26.75,118.75,0.0522000761525262,174.2,0.45735478,486.41415,42,48,97,45
-26.75,119.0,0.0501576124845693,151.1,0.45338282,484.2788,46,51,96,47
-26.75,119.25,0.0507499073632061,128.7,0.43665695,482.5224,51,50,92,48
-26.75,119.5,0.0530699862588551,107.1,0.41603404,481.3114,56,47,87,49
-26.75,119.75,0.0546492692722018,87.1,0.42632025,482.20734,60,45,90,49
-26.75,120.0,0.0533326853565605,70.1,0.43083164,481.5065,65,47,91,49
-26.75,120.25,0.0516471175399298,58.4,0.4318703,481.808,68,49,91,49
-26.75,120.5,0.0502739187196961,51.9,0.43875983,482.63052,70,51,92,48
-26.75,120.75,0.0502929562165047,55.0,0.4418733,482.06165,69,51,93,49
-26.75,121.0,0.0472076892242988,67.5,0.4475287,481.18588,65,54,95,49
-26.75,121.25,0.0475122444531215,85.1,0.45537275,480.9182,61,54,96,50
-26.75,121.5,0.0494920096703849,105.3,0.4753218,479.46982,56,52,99,51
-26.75,121.75,0.0564321071940607,127.1,0.47136703,480.90515,51,44,99,50
-26.75,122.0,0.0596832737953047,149.7,0.46527484,481.56613,47,41,98,49
-26.75,122.25,0.0594336410319166,172.8,0.4501955,481.11914,42,41,95,50
-26.75,122.5,0.0546779776790312,196.3,0.44718352,481.2762,38,45,95,49
-26.75,122.75,0.0519087326491162,220.0,0.44499484,481.35806,35,49,94,49
-26.75,123.0,0.0483226898215001,243.8,0.4447312,481.24677,31,53,94,49
-26.75,123.25,0.0429554650560021,267.8,0.449064,481.042,28,60,95,50
-26.75,123.5,0.0415961053577207,291.9,0.46845064,482.0094,24,62,98,49
-26.75,123.75,0.0476061370977688,316.0,0.46299908,481.67783,21,54,98,49
-26.75,124.0,0.0508835647321705,340.1,0.4633692,480.9118,19,50,98,50
-26.75,124.25,0.0441511424058782,364.3,0.45912147,480.72092,16,58,97,50
-26.75,124.5,0.0312717012511711,388.6,0.47967365,480.26773,14,73,99,50
-26.75,124.75,0.0325959822207334,412.2,0.4933541,480.54938,12,71,100,50
-26.75,125.0,0.037707137965065,435.6,0.48817155,480.67682,11,66,100,50
-26.75,125.25,0.043082774212096,459.0,0.47909746,480.21313,9,60,99,50
-26.75,125.5,0.0479768869178813,482.6,0.46661994,479.8731,8,54,98,51
-26.75,125.75,0.050110336842183,506.2,0.45506477,478.3798,6,51,96,52
-26.75,126.0,0.049655391851307,529.9,0.4145361,478.86807,5,52,86,51
-26.75,126.25,0.0407079101170806,553.6,0.37789145,479.75024,4,63,77,51
-26.75,126.5,0.0411011657918736,577.5,0.39692047,480.70486,3,62,82,50
-26.75,126.75,0.0525768790582549,601.3,0.37330052,480.7437,3,48,76,50
-26.75,127.0,0.0680684821522196,625.2,0.33429974,480.73465,2,35,61,50
-26.75,127.25,0.07362407245008,649.2,0.31087995,479.1022,1,32,46,51
-26.75,127.5,0.0629522119360488,673.2,0.3028096,476.52078,1,39,42,53
-26.75,127.75,0.035967906548952,684.8,0.31275517,475.49304,1,68,47,54
-26.75,128.0,0.0372156160861431,663.0,0.337304,474.91776,1,67,62,55
-26.75,128.25,0.0517350055998013,641.4,0.33147535,474.2659,2,49,59,56
-26.75,128.5,0.0603128430267263,620.0,0.29888675,473.19547,2,41,40,56
-26.75,128.75,0.0493512810873133,598.9,0.29932103,472.46268,3,52,40,57
-26.75,129.0,0.0244122672160821,578.0,0.32684454,471.71857,3,79,56,58
-26.75,129.25,0.021887720090204,557.5,0.33768886,471.1015,4,82,62,58
-26.75,129.5,0.0250285189110963,537.4,0.34185752,470.1271,5,79,64,59
-26.75,129.75,0.0269597127845156,517.7,0.33773804,470.2627,6,77,62,59
-26.75,130.0,0.0336227828681114,498.4,0.3280906,470.22092,7,70,57,59
-26.75,130.25,0.0442682891651721,479.7,0.3157586,470.32596,8,58,49,59
-26.75,130.5,0.0489661493962298,461.5,0.29777738,471.8207,9,52,39,57
-26.75,130.75,0.0462843537913397,444.0,0.29806787,472.3105,10,56,40,57
-26.75,131.0,0.0304571048578336,427.2,0.30090204,472.85666,11,73,41,57
-26.75,131.25,0.018468437311683,411.3,0.3134971,473.2084,13,85,48,56
-26.75,131.5,0.0095657966631863,396.2,0.32220498,473.34152,14,93,53,56
-26.75,131.75,0.0064947198943368,382.2,0.35411116,473.16806,15,95,69,56
-26.75,132.0,-0.0025683785578058,369.4,0.373709,473.0991,16,98,76,56
-26.75,132.25,0.0099322289516705,357.8,0.40298966,473.40527,17,92,83,56
-26.75,132.5,0.0318317398118476,347.6,0.40908292,474.03122,18,72,85,56
-26.75,132.75,0.0536986781849658,338.9,0.39604795,475.31403,19,46,82,55
-26.75,133.0,0.0732796405004115,331.8,0.38102654,476.5448,20,32,78,53
-26.75,133.25,0.0830156101224323,326.6,0.38009402,477.76804,20,28,77,52
-26.75,133.5,0.0910486171077493,323.1,0.36435238,478.35294,21,25,73,52
-26.75,133.75,0.0956105804026481,321.5,0.32607165,478.39612,21,24,56,52
-26.75,134.0,0.0974735757410859,321.9,0.31622413,478.11328,21,23,49,52
-26.75,134.25,0.098614770354193,324.2,0.33766392,477.77664,20,23,62,52
-26.75,134.5,0.1005733425659681,328.3,0.34279633,478.01685,20,23,65,52
-26.75,134.75,0.1047361459836663,334.3,0.33620813,477.74176,19,22,62,52
-26.75,135.0,0.1023650418978095,338.8,0.3143298,477.62115,19,22,48,53
-26.75,135.25,0.0978430135554628,335.8,0.32236177,479.61832,19,23,53,51
-26.75,135.5,0.0919489668504822,334.5,0.3152516,480.9396,19,25,49,50
-26.75,135.75,0.0852445536902884,335.0,0.30182198,482.22397,19,27,41,49
-26.75,136.0,0.0778151332744441,337.2,0.29787987,484.11206,19,30,39,47
-26.75,136.25,0.067167796340904,341.1,0.30435476,485.38394,19,36,42,46
-26.75,136.5,0.0647769044724381,346.7,0.3118356,486.6806,18,38,47,45
-26.75,136.75,0.0650975971873517,353.8,0.311357,488.39694,17,37,46,43
-26.75,137.0,0.0581881028328401,362.4,0.3064718,490.4199,17,42,43,41
-26.75,137.25,0.0503741455408522,372.4,0.30901125,490.93304,16,51,45,41
-26.75,137.5,0.0385311457067949,383.7,0.31018105,490.74133,15,65,46,41
-26.75,137.75,0.0278842236314501,396.2,0.31754985,493.14954,14,76,50,38
-26.75,138.0,0.0171517179192354,409.7,0.32450688,493.5101,13,86,55,38
-26.75,138.25,0.0078028981950843,422.9,0.3288023,495.81866,12,94,58,34
-26.75,138.5,0.0017048792957904,423.4,0.32830334,495.94955,12,99,57,34
-26.75,138.75,-0.0065685255497339,424.7,0.32257482,493.87616,12,95,54,37
-26.75,139.0,-0.012063138071625,427.4,0.321486,491.94507,11,91,53,39
-26.75,139.25,-0.0179690860666423,431.4,0.3232262,492.57724,11,85,54,39
-26.75,139.5,-0.0189792004857389,436.7,0.32675,493.66852,11,84,56,37
-26.75,139.75,-0.0152007149022427,443.2,0.32688433,494.60242,10,88,56,36
-26.75,140.0,-0.0164949853707747,420.4,0.32063082,495.70947,12,87,52,35
-26.75,140.25,-0.0142624921364975,395.9,0.31225178,495.80212,14,89,47,35
-26.75,140.5,-0.017221219921928,371.3,0.31100935,494.8397,16,86,46,36
-26.75,140.75,-0.0197321221321111,346.8,0.31305936,492.90628,18,83,48,38
-26.75,141.0,-0.0262069851869628,322.2,0.32244274,492.55106,21,77,54,39
-26.75,141.25,-0.0332456623913631,297.7,0.33762458,493.5838,24,71,62,38
-26.75,141.5,-0.0258661301451779,273.1,0.33286977,493.74734,27,78,60,37
-26.75,141.75,-0.0271963559323921,248.6,0.3160462,492.7264,30,77,49,39
-26.75,142.0,-0.0248950831503385,224.1,0.3052494,492.5799,34,79,43,39
-26.75,142.25,-0.0293783289823858,199.5,0.31178617,493.30032,38,74,47,38
-26.75,142.5,-0.0333997961421985,175.0,0.32720563,491.26794,42,71,57,40
-26.75,142.75,-0.0242249967885159,150.6,0.32630068,490.15836,46,79,56,41
-26.75,143.0,-0.0185278833577675,126.1,0.31306848,490.20297,51,85,48,41
-26.75,143.25,-0.0256926123297965,101.7,0.3176601,489.98077,57,78,50,41
-26.75,143.5,-0.0377248472315148,77.5,0.32893598,489.26416,63,66,58,42
-26.75,143.75,-0.0378761405901362,53.6,0.36325955,487.78357,69,66,73,44
-26.75,144.0,-0.0264953664429153,30.7,0.37449244,486.08466,77,77,76,45
-26.75,144.25,-0.0186380345973053,14.9,0.3544344,486.2574,86,85,69,45
-26.75,144.5,-0.0160147894103179,14.6,0.36351633,484.1981,86,87,73,47
-26.75,144.75,-0.0078970276506706,12.8,0.3532094,482.54382,88,94,69,48
-26.75,145.0,0.0071851988317489,12.1,0.31429425,481.42758,88,95,48,49
-26.75,145.25,0.0220513299268315,11.3,0.25741053,479.77133,89,81,28,51
-26.75,145.5,0.0288886598170003,11.2,0.2402107,479.00543,89,75,24,51
-26.75,145.75,0.0292640584720564,10.2,0.23659433,479.47144,90,75,24,51
-26.75,146.0,0.0341975325275035,10.4,0.23197323,479.3545,90,70,23,51
-26.75,146.25,0.0484327630527938,11.0,0.2387724,478.6328,89,53,24,52
-26.75,146.5,0.0596745312491077,33.4,0.24649465,477.94305,76,41,25,52
-26.75,146.75,0.0746420168783515,38.8,0.25259385,477.73514,74,32,27,52
-26.75,147.0,0.0856214191720244,36.8,0.2465183,477.91232,75,27,25,52
-26.75,147.25,0.0970570661482356,36.3,0.23173517,477.138,75,24,23,53
-26.75,147.5,0.1004811846695485,33.3,0.22912166,476.0213,76,23,22,54
-26.75,147.75,0.1001807295406858,29.5,0.21812096,475.56818,78,23,20,54
-26.75,148.0,0.0965082603728487,28.7,0.22002117,475.1169,78,24,21,55
-26.75,148.25,0.0925499883812985,20.1,0.22782551,474.39117,83,25,22,55
-26.75,148.5,0.0900484522338956,19.3,0.23773542,474.23944,83,25,24,56
-26.75,148.75,0.0944921910651915,15.0,0.2401046,474.4892,86,24,24,55
-26.75,149.0,0.1014683563173526,7.4,0.23463038,474.02072,92,23,23,56
-26.75,149.25,0.1081253740315636,18.2,0.22193982,472.4888,84,22,21,57
-26.75,149.5,0.1098989689367867,14.9,0.21180755,470.0262,86,22,19,59
-26.75,149.75,0.1086627623288049,13.4,0.22146012,468.34387,87,22,21,60
-26.75,150.0,0.1079608395573727,12.6,0.21887685,465.33627,88,22,21,63
-26.75,150.25,0.1073560738392795,3.5,0.20533374,461.20605,96,22,18,66
-26.75,150.5,0.1058570201153911,6.2,0.21213278,457.87317,93,22,20,68
-26.75,150.75,0.1018118748219595,5.7,0.22041427,455.12952,93,23,21,70
-26.75,151.0,0.1023384356948857,13.9,0.2397752,453.3965,87,22,24,72
-26.75,151.25,0.0890499857520418,5.0,0.24671589,451.8046,94,26,26,73
-26.75,151.5,0.073050083292626,1.0,0.22215155,448.85028,99,32,21,75
-26.75,151.75,0.0693073567379975,1.8,0.1798863,440.74832,98,34,15,80
-26.75,152.0,0.0869344456786555,4.4,0.14423554,431.39517,95,27,9,84
-26.75,152.25,0.1048885547278803,12.5,0.117374554,422.2554,88,22,5,87
-26.75,152.5,0.1027314929169647,20.1,0.09766924,414.5427,83,22,3,90
-26.75,152.75,0.0792238655877077,7.8,0.0921039,409.5492,91,30,3,91
-26.75,153.0,0.0608115509261898,2.9,0.14163272,407.17194,97,40,8,92
-27.0,114.0,0.0171078494860835,202.9,0.4748159,486.91736,37,86,99,45
-27.0,114.25,0.0186745133777592,196.9,0.43216997,487.89124,38,85,91,44
-27.0,114.5,0.0226634457906974,193.8,0.40271693,486.96948,39,81,83,44
-27.0,114.75,0.0234859367034264,193.6,0.37388062,487.2502,39,80,76,44
-27.0,115.0,0.0277629640496646,196.4,0.40250695,486.43304,38,76,83,45
-27.0,115.25,0.0259284807571453,199.0,0.4390394,485.98828,38,78,92,45
-27.0,115.5,0.0250550914705464,204.3,0.47249046,488.2155,37,79,99,43
-27.0,115.75,0.0258134582900397,212.1,0.47840282,487.87167,36,78,99,44
-27.0,116.0,0.0258292933488042,216.1,0.47148073,489.3208,35,78,99,42
-27.0,116.25,0.0350236262793519,207.0,0.4597616,491.38992,37,69,97,40
-27.0,116.5,0.0422909215167497,200.4,0.4695545,492.0207,38,61,98,39
-27.0,116.75,0.0531607624099706,196.6,0.47909042,492.06024,38,47,99,39
-27.0,117.0,0.0553706425219951,195.8,0.48156613,490.98657,39,45,99,40
-27.0,117.25,0.0591905621822834,198.0,0.47521064,490.55212,38,41,99,41
-27.0,117.5,0.0609399070877337,203.1,0.46648827,488.3523,37,40,98,43
-27.0,117.75,0.0595483060951838,210.9,0.46047872,486.15997,36,41,97,45
-27.0,118.0,0.0577325255495712,221.1,0.44304276,486.16864,34,43,94,45
-27.0,118.25,0.0550950531102162,215.6,0.45020187,486.11115,35,45,95,45
-27.0,118.5,0.0524758018908046,191.3,0.45276782,484.04553,39,48,96,47
-27.0,118.75,0.0492484981726322,167.1,0.4494866,484.9578,43,52,95,46
-27.0,119.0,0.0449164754655655,143.0,0.4501479,482.83212,48,57,95,48
-27.0,119.25,0.0457339614175171,119.1,0.4320126,481.36243,53,56,91,49
-27.0,119.5,0.0467788496852985,95.5,0.42570624,480.92175,58,55,89,50
-27.0,119.75,0.0489102329970115,72.4,0.43136117,481.55164,64,52,91,49
-27.0,120.0,0.0513960605420704,50.6,0.44129333,480.86142,70,49,93,50
-27.0,120.25,0.0529123663214878,33.0,0.44371206,480.98727,76,47,94,50
-27.0,120.5,0.05312058005615,24.2,0.44544396,481.44635,80,47,94,49
-27.0,120.75,0.0507139520963565,30.3,0.44088495,481.38367,77,50,93,49
-27.0,121.0,0.049122556380739,48.8,0.44319063,480.6701,71,52,94,50
-27.0,121.25,0.0393944903748065,70.9,0.4638415,480.37845,64,64,98,50
-27.0,121.5,0.0366494098223657,94.2,0.48834684,479.2368,59,67,100,51
-27.0,121.75,0.0456100195843083,118.0,0.47967234,480.34692,53,56,99,50
-27.0,122.0,0.0563246741048282,142.0,0.4425678,479.82895,48,44,93,51
-27.0,122.25,0.0568865580672753,166.1,0.4192988,479.71576,43,43,88,51
-27.0,122.5,0.0571478735389454,190.3,0.38638803,479.1025,39,43,79,51
-27.0,122.75,0.0540002452276114,214.6,0.37982166,479.09866,35,46,77,51
-27.0,123.0,0.0499160115607082,238.9,0.38318956,479.13266,32,51,78,51
-27.0,123.25,0.0437540063390597,263.3,0.39173815,479.30768,28,59,81,51
-27.0,123.5,0.0420300154126293,287.3,0.4114131,479.94067,25,61,86,50
-27.0,123.75,0.0447580168844156,310.3,0.44268942,479.64154,22,58,93,51
-27.0,124.0,0.0483039336542355,333.5,0.44115135,478.9232,19,53,93,51
-27.0,124.25,0.0431333303351753,356.9,0.4403677,478.66592,17,60,93,52
-27.0,124.5,0.0308832211367275,380.5,0.4527079,478.06195,15,73,96,52
-27.0,124.75,0.0322002177509213,404.1,0.47079822,478.12192,13,72,99,52
-27.0,125.0,0.04158331817016,427.8,0.474009,478.84164,11,62,99,52
-27.0,125.25,0.0460410478438938,451.6,0.4594895,478.01086,10,56,97,52
-27.0,125.5,0.0454348639601015,475.5,0.4477114,478.0671,8,57,95,52
-27.0,125.75,0.047272818158741,499.4,0.43342158,477.15744,7,54,91,53
-27.0,126.0,0.0467085090122141,523.3,0.4151312,477.4626,6,55,87,53
-27.0,126.25,0.0415601967745238,547.3,0.38838273,478.56134,4,62,80,52
-27.0,126.5,0.0424266395469506,571.3,0.3909865,478.9478,4,61,80,51
-27.0,126.75,0.0499852484757346,595.4,0.36956516,478.89258,3,51,74,51
-27.0,127.0,0.0656445130550613,619.5,0.3278014,478.75494,2,37,57,52
-27.0,127.25,0.0736609995143399,643.6,0.31119794,476.3017,1,32,46,54
-27.0,127.5,0.0640743107246678,667.7,0.2976347,474.87595,1,38,39,55
-27.0,127.75,0.0355379526436861,691.9,0.31229135,473.4892,1,68,47,56
-27.0,128.0,0.0318454398596215,676.5,0.34382388,472.46878,1,72,65,57
-27.0,128.25,0.0475694489887072,655.4,0.3331175,471.9147,1,54,60,57
-27.0,128.5,0.0616982736142485,634.5,0.3025814,471.74957,2,40,41,58
-27.0,128.75,0.055768968789683,613.9,0.29321557,470.76385,2,44,38,58
-27.0,129.0,0.0271721878554672,593.7,0.3203848,470.16797,3,77,52,59
-27.0,129.25,0.0155323766083234,573.8,0.343525,469.04434,3,88,65,60
-27.0,129.5,0.0191736622824377,554.3,0.34463692,468.31195,4,84,66,60
-27.0,129.75,0.0267018401507465,535.2,0.35432646,467.78198,5,77,69,61
-27.0,130.0,0.03450086151161,516.7,0.3434406,467.93027,6,69,65,60
-27.0,130.25,0.0395275396871424,498.6,0.33795464,468.32208,7,64,63,60
-27.0,130.5,0.0439808825906809,481.2,0.3109981,468.8222,8,59,46,60
-27.0,130.75,0.0473014963906843,464.5,0.30166835,469.9647,9,54,41,59
-27.0,131.0,0.0401266221410402,448.5,0.3045365,470.72128,10,63,42,58
-27.0,131.25,0.0274211823153087,433.4,0.31158742,470.46002,11,76,47,59
-27.0,131.5,0.0211129558926803,419.2,0.3143221,470.26486,12,82,48,59
-27.0,131.75,0.017917996498623,406.0,0.334044,469.67413,13,86,60,59
-27.0,132.0,0.0129871363064185,393.9,0.3487967,470.48978,14,90,67,59
-27.0,132.25,0.0200734423684133,383.1,0.39087614,470.48163,15,83,80,59
-27.0,132.5,0.0372485539654181,373.6,0.39213368,470.9957,15,67,81,58
-27.0,132.75,0.0542048442690256,365.6,0.36997557,471.27536,16,46,75,58
-27.0,133.0,0.0739713458527278,359.1,0.35080373,472.7822,17,32,68,57
-27.0,133.25,0.0867159428623771,354.2,0.37523332,474.2375,17,27,76,56
-27.0,133.5,0.0930461328299272,351.0,0.36757642,475.651,18,24,74,54
-27.0,133.75,0.0993867521420941,349.6,0.34703243,476.05533,18,23,67,54
-27.0,134.0,0.1071672004353742,341.6,0.34576705,476.68793,19,22,66,53
-27.0,134.25,0.1056352795833455,331.6,0.35796922,476.2433,20,22,71,54
-27.0,134.5,0.1111626605355663,323.1,0.34969988,476.2213,21,21,68,54
-27.0,134.75,0.1123497070722459,316.3,0.34057844,475.87033,21,21,64,54
-27.0,135.0,0.1118960673105902,311.2,0.32772332,476.32806,22,21,57,54
-27.0,135.25,0.1065280039739307,307.9,0.3329106,477.7097,22,22,60,52
-27.0,135.5,0.0995900886504733,306.5,0.32024997,479.02737,23,23,52,51
-27.0,135.75,0.0931731159294334,307.0,0.30682793,479.998,22,24,44,50
-27.0,136.0,0.0818633067066825,309.4,0.29837993,481.88876,22,29,40,49
-27.0,136.25,0.0787737632070535,313.6,0.30240563,482.76465,22,30,41,48
-27.0,136.5,0.0778232968872457,319.7,0.30492112,484.70734,21,30,43,47
-27.0,136.75,0.0758457993961028,327.4,0.30386356,486.4629,20,31,42,45
-27.0,137.0,0.070757402752393,336.7,0.30705002,489.2945,19,34,44,42
-27.0,137.25,0.0584961372350032,347.4,0.30512118,489.7715,18,42,43,42
-27.0,137.5,0.0465951335705107,359.4,0.30945253,491.2287,17,55,45,40
-27.0,137.75,0.0330910839251286,372.7,0.31269184,493.43164,16,71,47,38
-27.0,138.0,0.0235520004303128,386.2,0.3229047,493.0464,15,80,54,38
-27.0,138.25,0.015246960973101,395.4,0.32778618,494.81088,14,88,57,36
-27.0,138.5,0.0061888291359147,395.4,0.32576454,494.34363,14,95,56,37
-27.0,138.75,-0.0021732210979929,396.7,0.33173835,492.13153,14,99,59,39
-27.0,139.0,-0.0116618952359117,399.6,0.32920143,490.031,13,91,58,41
-27.0,139.25,-0.0106469817370885,403.9,0.3316253,491.0308,13,92,59,40
-27.0,139.5,-0.0067165529554975,409.5,0.32869703,492.06763,13,95,58,39
-27.0,139.75,-0.0013818835870811,416.5,0.32576168,493.81442,12,99,56,37
-27.0,140.0,-0.0011441923312044,421.9,0.32482913,494.41287,12,100,55,37
-27.0,140.25,-0.002260375062802,397.5,0.31316808,494.2192,14,99,48,37
-27.0,140.5,-0.008234779944732,373.1,0.3113348,495.10165,15,94,46,35
-27.0,140.75,-0.0151654813887684,348.7,0.3121095,493.96036,18,88,47,37
-27.0,141.0,-0.0273421712131017,324.4,0.32683662,492.38266,20,76,56,39
-27.0,141.25,-0.0297635912096926,300.0,0.33573756,492.59558,23,74,61,39
-27.0,141.5,-0.0242086436821236,275.8,0.32616383,492.62595,26,79,56,39
-27.0,141.75,-0.0134487665506596,251.5,0.31475413,491.6494,30,90,49,40
-27.0,142.0,-0.0144071339723831,227.4,0.3013884,491.66745,33,89,41,40
-27.0,142.25,-0.0195941472847369,203.3,0.31640077,491.20157,37,84,50,40
-27.0,142.5,-0.0218524480482474,179.4,0.3271321,490.3882,41,82,57,41
-27.0,142.75,-0.0125517351131531,155.7,0.31974196,489.16992,45,90,52,42
-27.0,143.0,-0.0098843464228723,132.2,0.31430504,490.234,50,92,48,41
-27.0,143.25,-0.0175816354474851,109.3,0.31642002,490.03656,55,86,50,41
-27.0,143.5,-0.0240535474685852,87.2,0.34670946,487.953,60,80,67,44
-27.0,143.75,-0.0234132809697517,66.9,0.37551883,486.67078,66,80,76,45
-27.0,144.0,-0.0101996500022886,50.5,0.36713928,485.56195,70,92,74,46
-27.0,144.25,-0.0104879970872952,42.8,0.35582823,485.6389,73,92,70,46
-27.0,144.5,-0.010293579689148,42.5,0.3609171,483.521,73,92,72,48
-27.0,144.75,-0.0032514422250512,40.5,0.34278145,481.69595,73,98,65,49
-27.0,145.0,0.0107357032985116,39.9,0.29924604,480.38342,74,92,40,50
-27.0,145.25,0.0270776932127773,39.1,0.25502464,479.13983,74,77,28,51
-27.0,145.5,0.0301795355266048,39.2,0.23977521,478.53815,74,74,24,52
-27.0,145.75,0.0293599414057098,27.5,0.23308633,479.0746,79,74,23,51
-27.0,146.0,0.0405113114864521,3.1,0.23109323,478.27124,96,63,22,52
-27.0,146.25,0.0503000428922296,21.2,0.23296699,477.70468,82,51,23,52
-27.0,146.5,0.0680541394670615,44.9,0.24000666,477.34756,72,35,24,53
-27.0,146.75,0.0823576945634115,66.4,0.24141465,476.734,66,28,24,53
-27.0,147.0,0.0929477510463801,64.9,0.23672515,476.68677,66,25,24,53
-27.0,147.25,0.0977973039616786,64.1,0.23272853,476.28122,66,23,23,54
-27.0,147.5,0.1022482623235278,60.9,0.22939199,475.5817,67,22,22,54
-27.0,147.75,0.1053026124014563,57.5,0.22924903,474.94336,68,22,22,55
-27.0,148.0,0.1030625497506532,54.3,0.22707804,474.51022,69,22,22,55
-27.0,148.25,0.1031312158979874,46.5,0.22722468,473.8604,71,22,22,56
-27.0,148.5,0.1010325660751689,46.7,0.23271818,473.79398,71,23,23,56
-27.0,148.75,0.0991002623701379,26.5,0.23498191,473.55353,79,23,23,56
-27.0,149.0,0.0994549542000251,7.2,0.23518883,473.5564,92,23,23,56
-27.0,149.25,0.1046443530713163,16.7,0.21920027,472.18875,85,22,21,57
-27.0,149.5,0.1019017537545767,41.0,0.21845916,470.63437,73,23,20,58
-27.0,149.75,0.0992873049707018,41.4,0.2213421,468.74466,73,23,21,60
-27.0,150.0,0.0970918695752819,22.3,0.22082388,465.85944,81,24,21,62
-27.0,150.25,0.0955500290846213,8.1,0.2238476,462.62845,91,24,21,65
-27.0,150.5,0.0933815254105,12.5,0.21861517,458.72238,88,24,20,68
-27.0,150.75,0.1009653790210861,3.4,0.22064075,456.05484,96,23,21,70
-27.0,151.0,0.0997679736953051,6.6,0.23525435,454.65338,92,23,23,71
-27.0,151.25,0.1005443085583725,18.3,0.26774737,453.87198,84,23,31,71
-27.0,151.5,0.0910589143132147,24.4,0.2553946,451.75342,80,25,28,73
-27.0,151.75,0.0874028625920237,23.6,0.20977272,442.6381,81,26,19,79
-27.0,152.0,0.089915171826613,0.5,0.1447274,431.7051,100,25,9,84
-27.0,152.25,0.1066255233760568,9.7,0.112637095,421.99786,90,22,4,87
-27.0,152.5,0.1114958100641767,4.8,0.09112151,413.63474,94,21,3,90
-27.0,152.75,0.0921078889621726,7.9,0.08698723,408.37738,91,25,2,91
-27.0,153.0,0.0719409957783119,8.0,0.14844076,405.95905,91,33,9,92
-27.25,114.0,0.0257583568648745,176.4,0.5072945,483.018,42,78,100,48
-27.25,114.25,0.0245946252940311,169.5,0.45364192,485.0539,43,79,96,46
-27.25,114.5,0.0212587240013471,165.8,0.42121196,485.1072,44,82,88,46
-27.25,114.75,0.022573361125385,165.6,0.39092475,485.17206,44,81,80,46
-27.25,115.0,0.0214132838569293,168.7,0.36344877,484.90698,43,82,73,46
-27.25,115.25,0.0243771184490816,171.4,0.38866273,484.77252,43,79,80,46
-27.25,115.5,0.0255382286806014,177.4,0.45702305,487.0815,42,78,96,44
-27.25,115.75,0.0250073534037385,186.4,0.47518662,486.9901,40,79,99,44
-27.25,116.0,0.0261047055462508,191.1,0.46590635,488.7263,39,78,98,43
-27.25,116.25,0.0300197758090992,180.7,0.4702132,489.77087,41,74,98,42
-27.25,116.5,0.0400202765062983,173.1,0.47466585,490.40665,42,63,99,41
-27.25,116.75,0.0428819776584749,168.7,0.4756406,490.60257,43,60,99,41
-27.25,117.0,0.0466728000812942,167.8,0.47112882,489.98254,43,55,99,41
-27.25,117.25,0.0529171250682945,170.3,0.46234444,489.2593,43,47,97,42
-27.25,117.5,0.0558041454714146,176.2,0.45438758,488.18903,42,44,96,43
-27.25,117.75,0.0576449362727414,185.2,0.443595,485.8448,40,43,94,46
-27.25,118.0,0.0543957743145559,196.7,0.44912994,484.1277,38,46,95,47
-27.25,118.25,0.0520532175976162,210.4,0.45677048,483.66565,36,48,96,47
-27.25,118.5,0.0496012970461465,189.0,0.46314818,481.62982,40,52,98,49
-27.25,118.75,0.0488421312832672,164.6,0.45520687,481.64795,44,53,96,49
-27.25,119.0,0.046825965542701,140.1,0.45127434,480.07825,48,55,95,50
-27.25,119.25,0.0436552760105336,115.7,0.44952196,479.18326,54,59,95,51
-27.25,119.5,0.0450253216948892,91.2,0.4399988,478.97165,59,57,93,51
-27.25,119.75,0.0461937891818316,66.8,0.44043726,479.7324,66,56,93,51
-27.25,120.0,0.0489371608998183,42.3,0.4435348,479.1956,73,52,94,51
-27.25,120.25,0.05092853439107,17.8,0.44589952,479.41403,84,50,94,51
-27.25,120.5,0.0539182082494898,2.8,0.44875693,479.7758,97,46,95,51
-27.25,120.75,0.0527547140356286,17.1,0.44144803,479.4097,85,48,93,51
-27.25,121.0,0.0466876232630706,41.6,0.43979257,479.04044,73,55,93,51
-27.25,121.25,0.0361456273023837,66.0,0.45434925,478.9039,66,68,96,51
-27.25,121.5,0.0249307983687945,90.5,0.4763744,478.88748,60,79,99,51
-27.25,121.75,0.0304333452567724,114.9,0.4701916,479.5768,54,73,98,51
-27.25,122.0,0.0432234086999891,139.4,0.4252165,478.91083,48,59,89,51
-27.25,122.25,0.0549811124801635,163.1,0.38723576,478.06152,44,45,79,52
-27.25,122.5,0.0563200261576899,185.7,0.3489403,477.41895,40,44,67,53
-27.25,122.75,0.0554281171766065,208.6,0.34031978,477.6196,36,45,64,53
-27.25,123.0,0.0513064375673864,231.7,0.3354811,477.6827,33,49,61,52
-27.25,123.25,0.0451326177929461,255.1,0.34462202,477.93982,29,57,66,52
-27.25,123.5,0.0447713983733029,278.6,0.3549588,478.28967,26,58,70,52
-27.25,123.75,0.0475405048578977,302.3,0.3837746,477.88132,23,54,78,52
-27.25,124.0,0.0460044770701123,326.0,0.39749062,476.99725,20,56,82,53
-27.25,124.25,0.04020645099559,349.9,0.40065768,476.56238,18,63,83,53
-27.25,124.5,0.0315366793124537,373.8,0.4051895,475.54477,15,72,84,54
-27.25,124.75,0.0348096067673482,397.8,0.4249235,476.1872,14,69,89,54
-27.25,125.0,0.0432558394130735,421.8,0.43152806,476.56833,12,59,91,53
-27.25,125.25,0.0469195070210844,445.9,0.43288177,476.73148,10,55,91,53
-27.25,125.5,0.0467692851665474,470.0,0.41564506,476.27377,8,55,87,54
-27.25,125.75,0.0419478080473795,494.1,0.39593697,476.06482,7,61,82,54
-27.25,126.0,0.0418147331070421,518.2,0.39148363,476.42053,6,61,80,54
-27.25,126.25,0.0391392657134149,542.4,0.3808521,477.61166,5,64,78,53
-27.25,126.5,0.0423033316625237,566.6,0.36972788,476.18173,4,61,75,54
-27.25,126.75,0.0516433816702504,590.8,0.34408364,475.84677,3,49,65,54
-27.25,127.0,0.0640547977272598,615.0,0.3173807,476.64966,2,38,50,53
-27.25,127.25,0.0709700492809393,639.2,0.29962853,474.4789,2,33,40,55
-27.25,127.5,0.0579643324492887,663.4,0.29092252,473.02026,1,42,37,57
-27.25,127.75,0.0326931284441213,687.7,0.32160288,471.6459,1,71,53,58
-27.25,128.0,0.029996521877391,690.9,0.34790438,470.7752,1,74,67,58
-27.25,128.25,0.0474314572533503,670.2,0.3339212,469.62317,1,54,60,59
-27.25,128.5,0.0628284245394059,649.9,0.2992556,469.50458,1,39,40,59
-27.25,128.75,0.058787359075532,629.9,0.28289157,468.89188,2,42,34,60
-27.25,129.0,0.0326599585934586,610.2,0.30508658,467.75534,2,71,43,61
-27.25,129.25,0.0185438841581344,590.9,0.3296227,466.6872,3,85,58,61
-27.25,129.5,0.0194505206275997,572.0,0.34232274,466.26514,4,84,65,62
-27.25,129.75,0.0274081163147153,553.6,0.3469942,465.99042,4,76,67,62
-27.25,130.0,0.0248949962817797,535.7,0.37913007,465.9582,5,79,77,62
-27.25,130.25,0.0288982345733702,518.4,0.37377948,465.7708,6,75,76,62
-27.25,130.5,0.0370644913498489,501.7,0.33770224,465.9748,7,67,62,62
-27.25,130.75,0.049533097464813,485.7,0.30838937,467.138,7,52,44,61
-27.25,131.0,0.0419936212406138,470.5,0.30578715,467.77737,8,61,43,61
-27.25,131.25,0.0347240353446631,456.1,0.31158766,468.00406,9,69,47,60
-27.25,131.5,0.029233519023373,442.7,0.30948967,467.25168,10,75,45,61
-27.25,131.75,0.034602979910449,430.2,0.30973834,466.76303,11,69,45,61
-27.25,132.0,0.0328238668047734,418.9,0.31004512,467.71707,12,71,45,61
-27.25,132.25,0.0371991531746018,408.8,0.3410292,467.67392,13,67,64,61
-27.25,132.5,0.0394616252676184,399.9,0.338258,468.426,13,64,63,60
-27.25,132.75,0.0560613497865796,389.0,0.312354,468.85422,14,44,47,60
-27.25,133.0,0.0732441525690124,372.5,0.33693016,469.71085,16,32,62,59
-27.25,133.25,0.0856003051291086,356.9,0.36215284,470.8681,17,27,72,58
-27.25,133.5,0.0900342850122667,342.3,0.36141574,472.12482,18,25,72,57
-27.25,133.75,0.0955856829859493,328.8,0.38336337,472.95074,20,24,78,57
-27.25,134.0,0.1052963780793583,316.6,0.3801557,473.92175,21,22,77,56
-27.25,134.25,0.1220207018201195,305.8,0.359185,475.5043,23,20,71,54
-27.25,134.5,0.1247415639340899,296.6,0.34639114,475.38333,24,20,66,54
-27.25,134.75,0.1292257515403131,289.2,0.3410482,475.2662,25,20,64,55
-27.25,135.0,0.1277574003981759,283.6,0.3328008,475.67352,25,20,60,54
-27.25,135.25,0.1196726065639051,280.0,0.3325014,476.33994,26,21,60,54
-27.25,135.5,0.1114743858355463,278.4,0.33152983,476.46036,26,21,59,53
-27.25,135.75,0.10403010582252,279.0,0.3121454,477.87842,26,22,47,52
-27.25,136.0,0.1057853791685331,281.6,0.30561247,479.25034,26,22,43,51
-27.25,136.25,0.100384883911881,286.3,0.30182785,480.03427,25,23,41,50
-27.25,136.5,0.1003104014277813,292.9,0.29726014,481.98038,24,23,39,49
-27.25,136.75,0.0958556105682094,301.2,0.2984736,485.53424,23,24,40,46
-27.25,137.0,0.0851402023123921,311.3,0.2995212,488.08853,22,27,40,43
-27.25,137.25,0.0712803128630011,322.8,0.30796206,489.81625,21,33,44,42
-27.25,137.5,0.0554191548310752,335.7,0.30736175,491.53677,19,45,44,40
-27.25,137.75,0.0420888022278502,349.4,0.3123464,492.83295,18,61,47,38
-27.25,138.0,0.0302362345314274,362.3,0.3218671,493.12735,17,74,53,38
-27.25,138.25,0.0206905802623147,367.4,0.32291108,494.12552,16,83,54,37
-27.25,138.5,0.0121008648714494,367.3,0.32700682,491.77185,16,91,57,40
-27.25,138.75,0.0003849342044088,368.8,0.32979947,489.5235,16,100,58,42
-27.25,139.0,0.0024146815329524,371.9,0.3351574,489.3144,16,98,61,42
-27.25,139.25,0.0048493413265705,376.4,0.33417064,489.85193,15,96,60,42
-27.25,139.5,0.0133643543403152,382.5,0.324519,491.07968,15,90,55,40
-27.25,139.75,0.0147263317701539,389.9,0.32468832,493.16714,14,88,55,38
-27.25,140.0,0.0122301151355107,398.7,0.32255128,493.2583,13,91,54,38
-27.25,140.25,0.0061127820628739,401.0,0.32451937,493.81467,13,95,55,37
-27.25,140.5,-0.0023244933801747,376.9,0.3189015,494.03787,15,99,51,37
-27.25,140.75,-0.0081327026089032,352.9,0.32561204,492.7464,17,94,56,39
-27.25,141.0,-0.0153054760148127,328.9,0.3336947,491.24466,20,88,60,40
-27.25,141.25,-0.0129973124180521,305.0,0.3267515,491.49454,23,90,56,40
-27.25,141.5,-0.0061610083858275,281.2,0.30949005,490.9891,26,95,45,40
-27.25,141.75,0.0005305453802325,257.5,0.2938574,490.22256,29,100,38,41
-27.25,142.0,0.0010788839044315,234.0,0.30514976,489.5979,32,100,43,42
-27.25,142.25,-0.0051461460601006,210.8,0.31894016,489.293,36,96,51,42
-27.25,142.5,-0.0012197076542569,187.9,0.3237657,489.3291,40,99,55,42
-27.25,142.75,0.0003819923520842,165.4,0.3096086,489.11176,44,100,45,42
-27.25,143.0,0.000390216228663,143.6,0.30440775,489.9055,48,100,42,42
-27.25,143.25,-0.0035475590432594,122.9,0.32396057,488.13855,52,97,55,43
-27.25,143.5,-0.0100626948156527,103.8,0.35113525,486.22437,56,92,68,45
-27.25,143.75,-0.0048997610511529,87.5,0.3695658,485.679,60,96,75,46
-27.25,144.0,0.0036227906866164,75.7,0.35977903,484.84772,63,97,71,46
-27.25,144.25,-0.0001746465651584,70.8,0.3579355,484.5669,64,100,71,47
-27.25,144.5,-0.0038439535788105,70.6,0.3644786,481.88788,65,97,73,49
-27.25,144.75,-0.0004789381166033,68.2,0.34180108,479.94647,65,100,64,50
-27.25,145.0,0.0142776697408407,67.9,0.29007748,479.38065,65,89,36,51
-27.25,145.25,0.0266172636067494,67.1,0.2479211,478.4829,65,77,26,52
-27.25,145.5,0.030426334631851,46.3,0.24444053,477.59332,72,74,25,53
-27.25,145.75,0.0328118689203014,21.9,0.23624188,478.52316,82,71,23,52
-27.25,146.0,0.0384003882324101,1.5,0.22978564,478.3481,98,65,22,52
-27.25,146.25,0.0541223427491439,25.9,0.229461,478.21408,79,46,22,52
-27.25,146.5,0.0681110876767585,49.3,0.23172314,477.63074,70,35,23,53
-27.25,146.75,0.0813521194014659,72.7,0.23171908,476.73615,64,29,23,53
-27.25,147.0,0.0911428388873381,92.9,0.22727413,475.92883,59,25,22,54
-27.25,147.25,0.0941286658602101,92.0,0.22880681,476.402,59,24,22,54
-27.25,147.5,0.0998237725413803,88.2,0.2334197,475.7439,60,23,23,54
-27.25,147.75,0.1037576832293,85.5,0.22897005,475.3288,61,22,22,54
-27.25,148.0,0.1075051260244522,81.3,0.22869602,474.42307,62,22,22,55
-27.25,148.25,0.1091548572915295,61.4,0.2258927,473.56113,67,22,22,56
-27.25,148.5,0.1071594327510822,38.7,0.2308006,473.2177,74,22,22,56
-27.25,148.75,0.1002848968863309,17.5,0.23162842,472.56232,84,23,23,57
-27.25,149.0,0.0979346511353339,2.1,0.23044549,472.2751,98,23,22,57
-27.25,149.25,0.096714563883974,20.3,0.24449375,471.63065,83,24,25,58
-27.25,149.5,0.0931244039752831,43.5,0.23869136,470.2453,72,24,24,59
-27.25,149.75,0.0903293827659494,57.9,0.2421521,468.9472,68,25,25,60
-27.25,150.0,0.0870551151994039,41.7,0.24043655,466.38168,73,27,24,62
-27.25,150.25,0.0863559715627204,35.8,0.24865854,463.2614,75,27,26,64
-27.25,150.5,0.0904023715960127,25.4,0.22048363,458.99176,80,25,21,67
-27.25,150.75,0.0941073924779803,8.0,0.21608339,456.4107,91,24,20,69
-27.25,151.0,0.0962748009445411,13.6,0.21997765,454.84995,87,24,21,71
-27.25,151.25,0.0970557522183905,4.3,0.2503801,454.25662,95,24,26,71
-27.25,151.5,0.0909431912004947,6.6,0.27346686,451.86496,92,25,32,73
-27.25,151.75,0.0917804248290069,20.1,0.24968223,443.2181,83,25,26,78
-27.25,152.0,0.0975428762535254,7.6,0.15993021,432.1472,92,23,12,84
-27.25,152.25,0.0913300962747252,15.8,0.10284093,422.66635,85,25,3,87
-27.25,152.5,0.0964984616929931,8.5,0.08190628,414.1556,91,24,2,90
-27.25,152.75,0.1004095337331472,11.6,0.09170214,408.1901,89,23,3,92
-27.25,153.0,0.0834974030354282,3.0,0.15211864,406.53754,96,28,10,92
-27.5,114.25,0.0257168523972809,142.2,0.47233316,484.35068,48,78,99,47
-27.5,114.5,0.0192894967383749,137.9,0.4371261,484.1861,49,84,92,47
-27.5,114.75,0.0143083572986402,137.7,0.409734,482.35263,49,89,85,48
-27.5,115.0,0.0135824853299363,140.7,0.3810046,481.94135,48,90,78,49
-27.5,115.25,0.0179234075570656,143.9,0.38689208,482.8831,48,86,79,48
-27.5,115.5,0.0218250118572974,151.0,0.46015757,485.19348,46,82,97,46
-27.5,115.75,0.0232651164023471,161.5,0.47767287,485.48926,44,80,99,46
-27.5,116.0,0.0217095300289137,166.9,0.47952482,486.78656,43,82,99,45
-27.5,116.25,0.0287655430346993,155.0,0.4793687,487.49875,46,75,99,44
-27.5,116.5,0.0325114025512621,146.1,0.4870444,488.61896,47,72,100,43
-27.5,116.75,0.0376094288998588,140.9,0.48166037,489.20306,48,66,99,42
-27.5,117.0,0.0407117111741432,139.8,0.47550064,489.08002,48,63,99,43
-27.5,117.25,0.0468516456451089,142.8,0.46819174,487.37918,48,55,98,44
-27.5,117.5,0.0524888622286241,149.8,0.45727876,486.23294,47,48,97,45
-27.5,117.75,0.0539858553359018,160.2,0.44687945,485.942,45,46,94,46
-27.5,118.0,0.0543627219465893,173.3,0.44756916,484.10306,42,46,95,47
-27.5,118.25,0.0492654979849855,188.7,0.45591784,482.40634,40,52,96,48
-27.5,118.5,0.0471558078624574,190.8,0.46689406,480.0764,39,55,98,50
-27.5,118.75,0.0494846783134908,166.7,0.4578674,478.5467,43,52,97,52
-27.5,119.0,0.0529054811556956,142.7,0.43757206,478.09485,48,47,92,52
-27.5,119.25,0.0497748647949525,118.8,0.43354312,477.07828,53,51,91,53
-27.5,119.5,0.0448139337778446,95.1,0.4485561,476.87466,58,57,95,53
-27.5,119.75,0.0456071406153136,71.9,0.44696057,477.10583,64,56,94,53
-27.5,120.0,0.0467000016233041,48.7,0.43983135,477.11847,71,55,93,53
-27.5,120.25,0.049666643114705,25.0,0.4448979,476.9888,80,52,94,53
-27.5,120.5,0.0533179362648211,1.3,0.44678515,476.83316,99,47,94,53
-27.5,120.75,0.0555510042623306,22.4,0.4439712,476.5288,81,45,94,53
-27.5,121.0,0.0506373147214097,45.8,0.4396941,476.13916,72,50,93,54
-27.5,121.25,0.0383544196407975,63.7,0.4395975,476.67834,66,65,93,53
-27.5,121.5,0.0242525718130526,84.8,0.45519102,477.30142,61,79,96,53
-27.5,121.75,0.0236875758905495,107.2,0.45669678,477.9125,55,80,96,52
-27.5,122.0,0.0291108447343244,130.2,0.44049102,477.10965,50,75,93,53
-27.5,122.25,0.0415088168278868,153.4,0.39846107,475.93314,46,62,82,54
-27.5,122.5,0.0501512955829855,177.0,0.37703434,476.62598,42,51,77,53
-27.5,122.75,0.0517872046058376,200.7,0.36535844,476.97186,38,49,73,53
-27.5,123.0,0.0521095939934076,224.6,0.33018938,476.4314,34,48,58,53
-27.5,123.25,0.0494258040784015,248.6,0.32769185,476.49854,30,52,57,53
-27.5,123.5,0.049314158114915,272.6,0.3290662,476.62405,27,52,58,53
-27.5,123.75,0.0499854022415266,296.7,0.32052705,475.53665,24,51,52,54
-27.5,124.0,0.0457979804514685,320.8,0.32947958,474.6589,21,56,58,55
-27.5,124.25,0.0368140170749809,345.0,0.35577235,474.1044,18,67,70,56
-27.5,124.5,0.0304677081116963,369.1,0.36101094,472.91074,16,73,72,57
-27.5,124.75,0.0358537051117136,393.4,0.37379053,474.35217,14,68,76,55
-27.5,125.0,0.0441365057098058,417.6,0.4019497,474.99786,12,58,83,55
-27.5,125.25,0.047893240177516,441.8,0.39954132,475.21066,10,54,82,55
-27.5,125.5,0.0475831815041601,466.1,0.3778368,474.97342,9,54,77,55
-27.5,125.75,0.0408899107593156,490.3,0.34406424,474.7195,7,62,65,55
-27.5,126.0,0.0376284804195165,514.6,0.3479837,475.65775,6,66,67,54
-27.5,126.25,0.0368437401484698,538.9,0.37001425,475.39038,5,67,75,54
-27.5,126.5,0.0418926367103787,563.1,0.35472244,473.51428,4,61,70,56
-27.5,126.75,0.0504415948365238,587.4,0.34290758,473.6291,3,51,65,56
-27.5,127.0,0.0656256070094449,611.7,0.31202438,473.57068,2,37,47,56
-27.5,127.25,0.0701112481188916,636.0,0.29502273,472.85944,2,34,38,57
-27.5,127.5,0.054748500762729,660.3,0.28762054,471.88696,1,45,36,57
-27.5,127.75,0.0314074713770034,684.6,0.32117414,469.8317,1,73,53,59
-27.5,128.0,0.0293103969301141,706.1,0.337463,468.9269,1,74,62,60
-27.5,128.25,0.0484310474424135,685.9,0.32031462,467.9748,1,53,52,60
-27.5,128.5,0.062150049153743,666.1,0.29992682,467.12054,1,39,40,61
-27.5,128.75,0.0587326554334833,646.6,0.2804455,466.7986,1,42,34,61
-27.5,129.0,0.0353987274464175,627.5,0.2962359,465.69666,2,68,39,62
-27.5,129.25,0.0213229048642374,608.8,0.31966743,464.31232,2,82,52,63
-27.5,129.5,0.0256774109067572,590.5,0.3303039,464.03555,3,78,58,64
-27.5,129.75,0.0288724598696544,572.8,0.35433114,464.14774,3,75,69,64
-27.5,130.0,0.0265758317651315,555.5,0.3818051,463.67023,4,77,78,64
-27.5,130.25,0.0229567384181012,538.9,0.39721432,463.60236,5,81,82,64
-27.5,130.5,0.0326088509167588,522.9,0.36528465,464.13788,6,71,73,64
-27.5,130.75,0.0470507660026972,507.6,0.32321247,464.60043,6,55,54,63
-27.5,131.0,0.0466976822726705,493.1,0.3064076,465.47122,7,55,43,63
-27.5,131.25,0.0385646575485311,479.5,0.3083752,465.75668,8,65,44,62
-27.5,131.5,0.0391695982244397,465.3,0.33343014,465.6541,9,64,60,62
-27.5,131.75,0.046700976367685,445.1,0.33156094,465.6346,10,55,59,62
-27.5,132.0,0.0534729010358984,425.4,0.30536819,465.72186,11,47,43,62
-27.5,132.25,0.0570139329170896,406.1,0.29518655,465.75714,13,43,38,62
-27.5,132.5,0.0554422969685956,387.4,0.29112595,466.47858,14,45,37,62
-27.5,132.75,0.058560552864912,369.3,0.30245516,466.64868,16,42,41,61
-27.5,133.0,0.074794386553445,351.9,0.3246774,467.42407,17,32,55,61
-27.5,133.25,0.0886494513645413,335.3,0.3620447,467.85538,19,26,72,61
-27.5,133.5,0.0928008416623231,319.8,0.35955584,468.2465,21,25,71,60
-27.5,133.75,0.0959654586051502,305.3,0.38829017,469.35248,23,24,80,59
-27.5,134.0,0.1081628245351437,292.2,0.39014706,471.6056,24,22,80,58
-27.5,134.25,0.1259264882562482,280.5,0.36232293,473.29785,26,20,72,56
-27.5,134.5,0.1469006532307026,270.4,0.3354269,474.39465,27,18,61,55
-27.5,134.75,0.1518676304166937,262.3,0.3255234,473.9514,28,18,56,56
-27.5,135.0,0.1519340084300243,256.1,0.3180361,473.8876,29,18,51,56
-27.5,135.25,0.1406102114002264,252.1,0.31808063,474.24075,30,19,51,56
-27.5,135.5,0.1308831813301713,250.4,0.31910145,474.42233,30,20,51,55
-27.5,135.75,0.1292819556647113,251.0,0.31971458,475.57773,30,20,52,54
-27.5,136.0,0.1312051200928787,253.9,0.30737084,476.4057,30,20,44,54
-27.5,136.25,0.1338227770335617,259.1,0.29831305,477.41895,29,19,40,53
-27.5,136.5,0.1306562598528606,266.3,0.2907461,479.2098,28,20,37,51
-27.5,136.75,0.1198066382485974,275.5,0.2911008,483.63052,27,21,37,47
-27.5,137.0,0.1069240145695706,286.4,0.30388233,486.20236,25,22,42,45
-27.5,137.25,0.089416919249509,298.9,0.30678856,488.2023,23,26,44,43
-27.5,137.5,0.069740187617745,312.7,0.30955666,490.2618,22,34,45,41
-27.5,137.75,0.0522073796340486,325.6,0.3109802,490.91586,20,48,46,41
-27.5,138.0,0.0386367630313283,338.5,0.3199836,491.54077,19,65,52,40
-27.5,138.25,0.0286953160073608,339.4,0.31886774,491.09164,19,75,51,40
-27.5,138.5,0.0173163044089007,339.3,0.32149082,488.79608,19,86,53,43
-27.5,138.75,0.0128211387033973,340.9,0.32758337,488.2499,19,90,57,43
-27.5,139.0,0.0140095557341174,344.2,0.3296651,488.3913,18,89,58,43
-27.5,139.25,0.0266743848410745,349.1,0.32541886,488.8306,18,77,56,43
-27.5,139.5,0.0342610136827542,355.6,0.3154511,490.41507,17,70,49,41
-27.5,139.75,0.0285215487171496,363.6,0.31994665,492.10782,16,75,52,39
-27.5,140.0,0.0235942089264946,372.9,0.32534996,492.02637,16,80,56,39
-27.5,140.25,0.0147946146871185,383.6,0.32333627,492.8749,15,88,54,38
-27.5,140.5,0.0131236272586864,382.8,0.3225817,492.79028,15,90,54,38
-27.5,140.75,0.0061210134282841,359.2,0.32816425,490.5574,17,95,57,41
-27.5,141.0,0.0087435174483938,335.7,0.32786286,489.23404,19,93,57,42
-27.5,141.25,0.0140225803080414,312.4,0.31214648,489.59952,22,89,47,42
-27.5,141.5,0.0166002928833698,289.2,0.29361033,488.66528,25,87,38,43
-27.5,141.75,0.0135872121745099,266.3,0.29163563,488.10025,28,90,37,43
-27.5,142.0,0.0107926036696881,243.8,0.29942644,487.0669,31,92,40,44
-27.5,142.25,0.0118151626427702,221.6,0.31302726,487.838,34,91,48,44
-27.5,142.5,0.0149735047947615,200.0,0.31587166,487.28555,38,88,49,44
-27.5,142.75,0.0102673154030483,179.1,0.30223984,488.505,41,92,41,43
-27.5,143.0,0.0047651310872641,159.2,0.30846033,487.8638,45,96,44,44
-27.5,143.25,0.001358561372884,140.9,0.32483527,485.83224,48,99,55,46
-27.5,143.5,0.0082391687624511,124.6,0.337265,485.00598,52,94,62,46
-27.5,143.75,0.0145185637650207,111.4,0.35104257,484.57755,55,89,68,47
-27.5,144.0,0.0140958332146207,102.4,0.35783496,484.16406,57,89,71,47
-27.5,144.25,0.0067776293693376,98.9,0.36212087,482.25458,58,95,72,49
-27.5,144.5,0.0023341630674189,98.6,0.36381575,479.56796,58,99,73,51
-27.5,144.75,0.011448276965391,96.2,0.3386329,478.88895,58,91,63,51
-27.5,145.0,0.0220638778875581,89.4,0.28302827,478.23135,60,81,34,52
-27.5,145.25,0.0306352602184883,65.1,0.24801558,477.7871,66,73,26,52
-27.5,145.5,0.0350017561045076,40.9,0.24804257,476.5993,73,69,26,53
-27.5,145.75,0.0355178058291563,17.0,0.2409292,478.26205,85,68,24,52
-27.5,146.0,0.039860601380739,6.7,0.2388983,478.8636,92,63,24,51
-27.5,146.25,0.0496142366058414,30.5,0.2335608,478.26138,77,52,23,52
-27.5,146.5,0.0635377058848029,54.3,0.23394729,477.9153,69,38,23,52
-27.5,146.75,0.072728363697284,78.3,0.2296632,477.14377,62,33,22,53
-27.5,147.0,0.0826252581485148,102.2,0.22731355,475.88803,57,28,22,54
-27.5,147.25,0.0894126946594388,119.9,0.22814697,477.1261,53,26,22,53
-27.5,147.5,0.0956700488015832,115.8,0.22922856,476.40314,54,24,22,54
-27.5,147.75,0.1014475072068827,101.9,0.23731004,475.79477,57,23,24,54
-27.5,148.0,0.1051661446712733,79.3,0.23254181,474.67502,62,22,23,55
-27.5,148.25,0.1067146566918208,57.3,0.23275283,473.44678,68,22,23,56
-27.5,148.5,0.1043073377749394,32.9,0.23619469,472.82916,76,22,23,57
-27.5,148.75,0.1005602576226616,8.5,0.23187079,471.73297,91,23,23,58
-27.5,149.0,0.1020570687994006,15.9,0.22890054,470.2136,85,23,22,59
-27.5,149.25,0.0989309536071405,38.7,0.2385677,469.68015,74,23,24,59
-27.5,149.5,0.0920986496599479,55.7,0.2669017,469.83194,68,25,30,59
-27.5,149.75,0.0871968122287875,76.5,0.27032858,468.50067,63,27,31,60
-27.5,150.0,0.0844934788233201,67.4,0.26686984,467.12247,65,28,30,61
-27.5,150.25,0.0860761903337247,57.1,0.2684482,463.97534,68,27,31,64
-27.5,150.5,0.0896114447420197,32.8,0.23069525,459.39645,76,26,22,67
-27.5,150.75,0.0895964996800536,8.4,0.21311899,456.61774,91,26,20,69
-27.5,151.0,0.0886067043879025,15.6,0.21031776,454.8749,86,26,19,71
-27.5,151.25,0.0891880190753865,28.1,0.23698726,453.19904,78,26,24,72
-27.5,151.5,0.0849786692021769,11.0,0.2675819,449.60748,89,27,31,74
-27.5,151.75,0.0888912673174802,3.0,0.25369957,442.17236,96,26,27,79
-27.5,152.0,0.0856194663748499,4.1,0.15788195,433.12668,95,27,11,83
-27.5,152.25,0.0821787479577497,4.1,0.09674853,423.47406,95,28,3,87
-27.5,152.5,0.0801363465686639,2.1,0.07717897,416.09415,98,29,2,89
-27.5,152.75,0.0890477664524778,0.2,0.089641504,410.28036,100,26,2,91
-27.5,153.0,0.0902302395596745,1.6,0.1296673,408.77985,98,25,6,91
-27.5,153.5,0.0681631837709574,2.3,0.38219848,425.58438,97,35,78,86
-27.75,114.25,0.0196985298191152,115.4,0.49414864,482.74243,54,84,100,48
-27.75,114.5,0.0132681746130055,110.0,0.4248335,482.4821,55,90,89,48
-27.75,114.75,0.0062627667738568,109.7,0.40458816,480.301,55,95,84,50
-27.75,115.0,0.0045654385572388,112.7,0.40260217,479.78772,54,97,83,51
-27.75,115.25,0.010370279901794,116.6,0.4111199,480.40338,53,92,86,50
-27.75,115.5,0.0175693703238807,125.3,0.46785802,481.3656,52,86,98,49
-27.75,115.75,0.0226006928387851,137.3,0.48092213,483.91382,49,81,99,47
-27.75,116.0,0.023375632301239,144.2,0.48086774,484.4903,48,80,99,47
-27.75,116.25,0.0268557218130722,130.2,0.49213108,485.08978,50,77,100,46
-27.75,116.5,0.0301579603027286,119.6,0.49643812,486.02612,53,74,100,45
-27.75,116.75,0.033173370277412,113.1,0.49441913,486.79587,54,71,100,45
-27.75,117.0,0.0373173275603524,111.7,0.48753372,486.5693,55,66,100,45
-27.75,117.25,0.0423888071528857,115.5,0.48113617,484.68732,54,61,99,47
-27.75,117.5,0.0469650959706909,124.0,0.47265834,484.4332,52,55,99,47
-27.75,117.75,0.0509298252562681,136.3,0.46234113,484.08252,49,50,97,47
-27.75,118.0,0.0520767980964765,151.6,0.453283,483.7297,46,48,96,47
-27.75,118.25,0.0486888295349975,168.9,0.44795325,482.61768,43,53,95,48
-27.75,118.5,0.0463356707605444,187.8,0.45687512,479.75366,40,56,96,51
-27.75,118.75,0.0491018007862814,173.2,0.4598444,477.60712,42,52,97,53
-27.75,119.0,0.0533686732263526,149.2,0.43708017,476.84686,47,47,92,53
-27.75,119.25,0.053400019748092,125.1,0.42655545,475.75452,52,47,90,54
-27.75,119.5,0.0489205008550059,101.1,0.43587077,475.75168,57,52,92,54
-27.75,119.75,0.0444581379493077,77.3,0.44520888,475.48233,63,58,94,54
-27.75,120.0,0.0449360242734352,53.1,0.4346713,475.61554,69,57,92,54
-27.75,120.25,0.0492096928802008,28.9,0.4431574,474.9086,78,52,94,55
-27.75,120.5,0.0534680176016298,6.3,0.44900534,474.50146,93,47,95,55
-27.75,120.75,0.0557860847739946,8.6,0.44724467,473.67505,91,44,95,56
-27.75,121.0,0.0546308549409288,28.9,0.43875957,473.5444,78,45,92,56
-27.75,121.25,0.047225975325065,52.0,0.43423256,474.463,70,54,91,55
-27.75,121.5,0.0336845342409755,75.7,0.4451428,475.2323,63,70,94,55
-27.75,121.75,0.0252726901699567,99.7,0.4647175,475.89258,57,78,98,54
-27.75,122.0,0.0234589133396747,123.8,0.46313778,474.82114,52,80,98,55
-27.75,122.25,0.0260489594900891,148.0,0.45041084,474.16678,47,78,95,56
-27.75,122.5,0.0344724824563378,172.3,0.42043817,474.1574,42,69,88,56
-27.75,122.75,0.0457259291988087,196.5,0.38860303,475.65485,38,56,80,54
-27.75,123.0,0.0524513603409841,220.8,0.33554944,474.54938,34,48,61,55
-27.75,123.25,0.0530325468141762,245.1,0.31626606,473.74127,31,47,50,56
-27.75,123.5,0.0558498026514869,269.4,0.30888325,473.52826,27,44,45,56
-27.75,123.75,0.0552043934718572,293.7,0.30166546,472.51282,24,45,41,57
-27.75,124.0,0.0481254222980212,318.0,0.29873314,471.70776,21,53,40,58
-27.75,124.25,0.0353012703715302,342.3,0.31944174,471.27124,18,69,52,58
-27.75,124.5,0.0299541969186715,366.6,0.3371045,470.89224,16,74,62,58
-27.75,124.75,0.0351172006644663,390.9,0.34374622,471.94037,14,69,65,57
-27.75,125.0,0.0424520050352882,415.2,0.36417994,473.03278,12,61,73,57
-27.75,125.25,0.0467249985302346,439.5,0.37175295,473.04605,10,55,75,57
-27.75,125.5,0.0458810504880689,463.8,0.35874197,473.5843,9,56,71,56
-27.75,125.75,0.0410395418448994,488.2,0.32865456,472.49112,7,62,58,57
-27.75,126.0,0.0376082982003156,512.5,0.32451677,473.7483,6,66,55,56
-27.75,126.25,0.0383211101449671,536.8,0.3420899,473.3845,5,65,64,56
-27.75,126.5,0.0414466689301965,561.1,0.34242678,472.62158,4,62,65,57
-27.75,126.75,0.0446527423337101,585.4,0.3361089,472.09848,3,58,61,57
-27.75,127.0,0.0570384958598186,609.7,0.32692468,470.64996,2,43,56,58
-27.75,127.25,0.0680910671639832,634.0,0.30637756,469.88876,2,35,43,59
-27.75,127.5,0.0578086472803815,658.4,0.2980796,470.024,1,43,40,59
-27.75,127.75,0.0353585747381051,682.7,0.32313082,467.76376,1,69,54,61
-27.75,128.0,0.0333664106471197,707.0,0.3287753,467.33472,1,71,58,61
-27.75,128.25,0.0430012629367411,702.4,0.31889567,466.55972,1,60,51,62
-27.75,128.5,0.0541328914507868,683.1,0.30230385,466.14835,1,46,41,62
-27.75,128.75,0.0556046802495118,664.1,0.2926756,464.88226,1,45,37,63
-27.75,129.0,0.0358241389128601,645.6,0.3018769,463.56744,1,68,41,64
-27.75,129.25,0.023303720162117,627.5,0.32225576,462.04138,2,80,53,65
-27.75,129.5,0.0334587590059354,609.8,0.33961543,462.064,2,71,63,65
-27.75,129.75,0.0400050445637177,592.7,0.35710514,461.95743,3,63,70,65
-27.75,130.0,0.0352043936893876,576.1,0.3619689,461.84106,3,69,72,65
-27.75,130.25,0.025394133580405,558.5,0.3763789,461.53693,4,78,76,66
-27.75,130.5,0.0318365325574718,536.5,0.38006812,462.59473,5,72,77,65
-27.75,130.75,0.0459570350768488,514.6,0.34931225,462.73184,6,56,68,65
-27.75,131.0,0.049453418350978,493.0,0.33643138,463.7624,7,52,62,64
-27.75,131.25,0.0438410287634247,471.6,0.34638268,464.7751,8,59,66,63
-27.75,131.5,0.043528335634619,450.4,0.3696269,464.88168,10,59,75,63
-27.75,131.75,0.0554927985788145,429.6,0.37996152,464.49234,11,45,77,63
-27.75,132.0,0.0665646258442263,409.2,0.34323817,464.71085,13,36,65,63
-27.75,132.25,0.0738944735815277,389.1,0.31422234,464.60385,14,32,48,63
-27.75,132.5,0.0726806749101905,369.6,0.3002655,464.0957,16,33,40,64
-27.75,132.75,0.0715759969150115,350.6,0.3029435,463.88907,18,33,42,64
-27.75,133.0,0.0816676481129044,332.3,0.32757822,464.57956,20,29,57,63
-27.75,133.25,0.0948926914497167,314.8,0.36960006,464.6333,21,24,75,63
-27.75,133.5,0.0993997082313788,298.2,0.38122872,465.0655,24,23,78,63
-27.75,133.75,0.1015888163858714,282.7,0.39644563,465.88965,26,23,82,62
-27.75,134.0,0.1135749369650425,268.4,0.3894318,468.22974,27,21,80,60
-27.75,134.25,0.1369366845803424,255.7,0.35621223,471.0255,29,19,70,58
-27.75,134.5,0.1577047610516837,244.7,0.3229985,471.74167,31,18,54,58
-27.75,134.75,0.1681167522933156,235.6,0.31232005,472.00247,32,17,47,57
-27.75,135.0,0.1704835009273319,228.7,0.30289268,471.34393,33,17,42,58
-27.75,135.25,0.1586495894295651,224.3,0.3020929,471.83572,34,18,41,57
-27.75,135.5,0.1498441321298568,222.4,0.3051304,472.86414,34,18,43,57
-27.75,135.75,0.1485058356641924,223.0,0.30105886,474.32202,34,18,41,56
-27.75,136.0,0.1524580396179642,226.3,0.29397887,474.65323,34,18,38,55
-27.75,136.25,0.1570008133737636,232.0,0.28740907,475.51703,33,18,36,54
-27.75,136.5,0.1546390245225103,240.1,0.28621444,476.6567,31,18,35,53
-27.75,136.75,0.1423100203206385,250.2,0.28904694,480.6364,30,19,36,50
-27.75,137.0,0.1283114364681144,262.2,0.306636,483.32968,28,20,44,48
-27.75,137.25,0.1106001120085628,275.7,0.32121876,484.81012,27,22,53,46
-27.75,137.5,0.0894999901553438,288.9,0.31812844,490.42883,25,26,51,41
-27.75,137.75,0.0669958120999148,301.8,0.31126884,488.90082,23,36,46,43
-27.75,138.0,0.0510238782236618,313.3,0.31598398,488.4711,22,50,49,43
-27.75,138.25,0.0372120827857759,311.4,0.3162115,488.16077,22,67,49,43
-27.75,138.5,0.0255016121569843,311.3,0.32399186,486.2922,22,78,55,45
-27.75,138.75,0.0235069862411667,313.0,0.32736784,486.3617,22,80,57,45
-27.75,139.0,0.0323487519491685,316.6,0.3211825,486.81964,21,72,53,45
-27.75,139.25,0.0452235204691533,321.9,0.31513172,488.32263,21,57,49,43
-27.75,139.5,0.0459147527226291,328.9,0.312325,489.43356,20,56,47,42
-27.75,139.75,0.0353358133296881,337.5,0.32170054,491.06833,19,69,53,40
-27.75,140.0,0.0322556764641333,347.6,0.32555026,491.09875,18,72,56,40
-27.75,140.25,0.0325489284803292,358.9,0.3228243,490.02646,17,71,54,41
-27.75,140.5,0.0311435526447548,371.5,0.31837016,490.0436,16,73,51,41
-27.75,140.75,0.0271730091511493,367.5,0.32090354,489.3882,16,77,53,42
-27.75,141.0,0.0290808623523584,344.7,0.31773663,487.83563,18,75,50,44
-27.75,141.25,0.0289942343686042,322.0,0.313936,487.59164,21,75,48,44
-27.75,141.5,0.0257127707868459,299.7,0.3002469,486.90582,23,78,40,45
-27.75,141.75,0.0207527203574067,277.7,0.29306167,484.6733,26,82,38,47
-27.75,142.0,0.0181290232842522,256.2,0.29828954,484.31018,29,85,40,47
-27.75,142.25,0.0190676656795576,235.3,0.30710185,485.69913,32,84,44,46
-27.75,142.5,0.0160832914321439,215.1,0.31299362,484.72025,35,87,48,47
-27.75,142.75,0.0101945822870004,195.8,0.31037626,486.36377,39,92,46,45
-27.75,143.0,0.008552809623957,177.9,0.31682292,484.88428,41,93,50,46
-27.75,143.25,0.0177863398112267,161.7,0.3164722,484.47183,44,86,50,47
-27.75,143.5,0.0248647618492084,147.8,0.3179268,484.17224,47,79,51,47
-27.75,143.75,0.0231879236542486,136.9,0.33820513,483.38376,49,80,63,48
-27.75,144.0,0.0179244030189389,129.7,0.3541472,482.33594,51,86,69,48
-27.75,144.25,0.0111277418654589,126.9,0.3521887,479.53104,51,91,69,51
-27.75,144.5,0.0149131736224738,120.9,0.3546709,478.52145,52,88,70,52
-27.75,144.75,0.0228327545426076,97.8,0.336103,477.78424,58,81,61,52
-27.75,145.0,0.0319803065903085,75.5,0.28975025,477.28,63,72,36,53
-27.75,145.25,0.0393349697414253,54.9,0.25285435,476.52185,69,64,27,53
-27.75,145.5,0.0423302328546664,35.1,0.25024208,476.55518,76,61,26,53
-27.75,145.75,0.040383938824137,12.3,0.25280157,478.1921,88,63,27,52
-27.75,146.0,0.0414453208431257,11.0,0.25986707,478.1844,89,62,29,52
-27.75,146.25,0.0490420707900609,34.8,0.260507,478.2287,76,52,29,52
-27.75,146.5,0.0586444615868718,57.8,0.25189176,477.53616,68,42,27,53
-27.75,146.75,0.0679999810976109,81.7,0.24295829,476.50748,62,35,25,53
-27.75,147.0,0.0762372199871433,105.8,0.23667131,475.31595,56,31,24,55
-27.75,147.25,0.0843330992008781,129.9,0.23061399,476.95874,51,28,22,53
-27.75,147.5,0.0938125287360023,114.6,0.23312494,476.1201,54,24,23,54
-27.75,147.75,0.0989451268288706,91.4,0.24458,475.73135,59,23,25,54
-27.75,148.0,0.1013120842029041,68.9,0.24721467,475.094,65,23,26,55
-27.75,148.25,0.1029573378155224,47.2,0.2417416,473.56238,71,22,25,56
-27.75,148.5,0.0998377378287148,23.6,0.23834004,472.81012,81,23,24,57
-27.75,148.75,0.1017564108428944,1.5,0.2304064,471.07837,98,23,22,58
-27.75,149.0,0.1056755743987326,19.3,0.22278129,469.51202,83,22,21,59
-27.75,149.25,0.1023725315906284,42.4,0.23311253,468.75223,73,22,23,60
-27.75,149.5,0.0936563524716932,66.3,0.26203406,468.9446,66,24,29,60
-27.75,149.75,0.0867629467021851,90.4,0.28050175,468.2528,60,27,34,60
-27.75,150.0,0.0864116744249172,72.5,0.2673639,467.09207,64,27,30,61
-27.75,150.25,0.0899195087851867,57.1,0.25066888,463.94873,68,25,27,64
-27.75,150.5,0.0918080604091907,33.3,0.21806657,459.63632,76,25,20,67
-27.75,150.75,0.0877590808263492,9.0,0.20703733,456.9431,91,26,19,69
-27.75,151.0,0.085964409563513,15.1,0.2174556,455.14987,86,27,20,70
-27.75,151.25,0.0845533344558567,22.0,0.24437034,453.48627,82,28,25,72
-27.75,151.5,0.0847801701409653,4.4,0.25989664,449.5786,95,27,29,74
-27.75,151.75,0.0879104442273577,5.7,0.24492216,442.46118,93,26,25,79
-27.75,152.0,0.0794834251781659,1.7,0.16080643,434.2918,98,30,12,83
-27.75,152.25,0.0689321686563614,11.6,0.09906686,425.6043,89,35,3,86
-27.75,152.5,0.0564573997454274,6.7,0.069083385,417.90604,92,44,1,89
-27.75,152.75,0.0629529304076207,2.0,0.07280868,412.01715,98,39,1,90
-27.75,153.0,0.0806561275496191,0.4,0.092942424,410.36307,100,29,3,91
-27.75,153.25,0.0745914042600253,2.3,0.17665647,416.5782,97,32,14,89
-28.0,114.25,0.0165491003543138,89.2,0.4880138,479.10153,60,87,100,51
-28.0,114.5,0.0146348618636173,82.2,0.40807888,479.52594,61,88,85,51
-28.0,114.75,0.0071009445492,81.8,0.3922595,478.06802,62,95,81,52
-28.0,115.0,0.001002969716986,84.7,0.40902427,477.85226,61,100,85,52
-28.0,115.25,0.0072016771084495,89.9,0.43035638,478.0869,60,95,91,52
-28.0,115.5,0.018228060051444,100.8,0.45251244,478.95255,57,85,95,51
-28.0,115.75,0.0257968707143196,114.0,0.46693173,480.7373,54,78,98,50
-28.0,116.0,0.0280485403258353,123.1,0.46683842,482.19464,52,76,98,49
-28.0,116.25,0.0243870415469808,107.1,0.48276725,483.49084,56,79,100,48
-28.0,116.5,0.0254125357505732,93.9,0.47592872,483.8508,59,78,99,47
-28.0,116.75,0.02900153289416,85.6,0.4720029,484.0651,61,75,99,47
-28.0,117.0,0.0320821302765536,83.7,0.47177708,483.7711,61,72,99,47
-28.0,117.25,0.0363366794173738,88.7,0.46934038,482.8448,60,68,98,48
-28.0,117.5,0.0394768620342282,99.5,0.46641272,483.09323,57,64,98,48
-28.0,117.75,0.0451157059054821,114.5,0.46446154,482.16852,54,57,98,49
-28.0,118.0,0.0487779448352133,132.2,0.46200794,481.2952,50,53,97,49
-28.0,118.25,0.0485380297614028,151.7,0.46209383,480.5522,46,53,97,50
-28.0,118.5,0.0460009424936115,172.4,0.4631814,479.1444,42,56,98,51
-28.0,118.75,0.0447925171249413,170.9,0.47804183,477.4829,43,57,99,53
-28.0,119.0,0.0485851086410028,146.6,0.46429485,476.0934,47,53,98,54
-28.0,119.25,0.0507314660163718,122.3,0.4524887,474.5686,52,50,95,55
-28.0,119.5,0.0493371340584763,98.0,0.4470397,473.87204,58,52,94,56
-28.0,119.75,0.0466022207551369,73.7,0.439511,474.43246,64,55,93,55
-28.0,120.0,0.0433672489509696,49.5,0.42621693,474.40366,70,59,89,55
-28.0,120.25,0.0451732464522744,25.2,0.44597095,474.165,80,57,94,56
-28.0,120.5,0.0500734999584632,1.2,0.45848936,472.24982,99,51,97,57
-28.0,120.75,0.052199397001615,8.6,0.4617335,470.88803,91,48,97,58
-28.0,121.0,0.0543415476124556,28.5,0.45442265,471.0557,78,46,96,58
-28.0,121.25,0.0521587920197773,51.5,0.45198524,471.99457,70,48,95,57
-28.0,121.5,0.0462259506463028,75.3,0.44767258,472.75967,63,56,95,57
-28.0,121.75,0.0338590156306357,99.4,0.45500848,472.8863,57,70,96,57
-28.0,122.0,0.023117902884925,123.5,0.4494884,472.7961,52,80,95,57
-28.0,122.25,0.0191742615829709,147.7,0.42969072,472.7064,47,84,90,57
-28.0,122.5,0.0237634016333946,171.9,0.38387325,471.56976,43,80,78,58
-28.0,122.75,0.0373122627026445,196.2,0.34987625,471.61035,38,67,68,58
-28.0,123.0,0.0485076500346795,220.4,0.32171634,471.76898,34,53,53,57
-28.0,123.25,0.0548026449163444,244.7,0.30619076,471.45236,31,45,43,58
-28.0,123.5,0.0549127464138326,269.0,0.29671878,470.6011,27,45,39,58
-28.0,123.75,0.0538720758171707,293.2,0.30673265,470.46597,24,46,44,59
-28.0,124.0,0.0508433526248804,317.5,0.303624,469.58328,21,50,42,59
-28.0,124.25,0.0410317475264448,341.8,0.30918548,469.0108,18,62,45,60
-28.0,124.5,0.035036476526875,366.1,0.31465197,468.61575,16,69,49,60
-28.0,124.75,0.035422467870549,390.4,0.3199862,469.43982,14,68,52,59
-28.0,125.0,0.0398512353821258,414.7,0.3217454,470.4872,12,64,53,59
-28.0,125.25,0.0437427259460535,438.9,0.32221943,470.5482,11,59,53,58
-28.0,125.5,0.0434224797678845,463.2,0.31868482,470.58905,9,59,51,58
-28.0,125.75,0.0374367054396619,487.5,0.32106927,470.8612,7,66,53,58
-28.0,126.0,0.0344634770193979,511.8,0.32423353,471.11743,6,70,55,58
-28.0,126.25,0.0393623279939804,536.1,0.33262002,471.6874,5,64,60,58
-28.0,126.5,0.046288309130995,560.4,0.32412642,471.71402,4,56,55,58
-28.0,126.75,0.0449412734824277,584.7,0.3192484,470.63104,3,57,51,58
-28.0,127.0,0.045300604296582,609.0,0.32076117,469.06497,2,57,52,60
-28.0,127.25,0.0537304854929624,630.8,0.32373947,466.6957,2,46,55,61
-28.0,127.5,0.0600432630073988,651.9,0.31347597,466.492,1,41,48,62
-28.0,127.75,0.0477900366210157,673.1,0.3148833,465.91095,1,54,49,62
-28.0,128.0,0.0395874160186698,694.5,0.320817,465.2274,1,64,52,63
-28.0,128.25,0.0397902127000547,693.7,0.32197285,465.02646,1,64,53,63
-28.0,128.5,0.0485415975331783,676.0,0.31260434,464.67703,1,53,47,63
-28.0,128.75,0.0550532710782828,658.8,0.3059796,462.94977,1,45,43,65
-28.0,129.0,0.0380643182190223,642.0,0.3072314,461.7466,2,66,44,65
-28.0,129.25,0.0269183928191307,625.6,0.32829985,461.12006,2,77,57,66
-28.0,129.5,0.0294388914757984,609.8,0.34964532,460.89273,2,74,68,66
-28.0,129.75,0.0439009516189495,592.7,0.3511284,461.39224,3,59,68,66
-28.0,130.0,0.0455350658878506,570.0,0.3211371,461.2414,4,56,53,66
-28.0,130.25,0.0314745382450166,547.4,0.32554275,460.81403,4,72,56,66
-28.0,130.5,0.0331695621001667,525.0,0.360534,460.79788,5,71,72,66
-28.0,130.75,0.0407841607152173,502.7,0.388858,461.2535,7,62,80,66
-28.0,131.0,0.0507159584390354,480.5,0.38976672,461.7753,8,50,80,65
-28.0,131.25,0.0476976940408349,458.6,0.39120403,462.92343,9,54,80,65
-28.0,131.5,0.0457935415141816,436.9,0.40223774,463.45605,11,56,83,64
-28.0,131.75,0.057041060379041,415.4,0.40117526,463.33264,12,43,83,64
-28.0,132.0,0.0688875301098007,394.3,0.39411327,463.56583,14,35,81,64
-28.0,132.25,0.0806781092702987,373.5,0.36593658,463.38693,15,29,73,64
-28.0,132.5,0.0857521601769674,353.2,0.34161672,463.38492,17,27,64,64
-28.0,132.75,0.0865723836313312,333.3,0.32958916,462.13297,19,27,58,65
-28.0,133.0,0.0948119560300949,314.0,0.34013224,461.8402,22,24,63,65
-28.0,133.25,0.1028542268145386,295.5,0.3612026,461.11017,24,22,72,66
-28.0,133.5,0.1055220523197758,277.8,0.39283994,460.81012,26,22,81,66
-28.0,133.75,0.1058862294092597,261.1,0.4142397,462.17706,28,22,86,65
-28.0,134.0,0.1199458614141414,245.6,0.4059261,464.01376,31,21,84,64
-28.0,134.25,0.144173024213385,231.7,0.36488527,467.526,33,19,73,61
-28.0,134.5,0.1664598993718668,219.5,0.32309946,469.1623,35,17,54,60
-28.0,134.75,0.1751968090156359,209.3,0.29994506,468.84277,36,17,40,60
-28.0,135.0,0.1754904360244316,201.6,0.29845452,469.343,38,17,40,59
-28.0,135.25,0.1690648192761554,196.5,0.29440185,470.03513,38,17,38,59
-28.0,135.5,0.1612064782773987,194.3,0.29082367,471.63126,39,17,37,58
-28.0,135.75,0.1580060934625743,195.1,0.29076573,472.78372,39,18,37,57
-28.0,136.0,0.1565077310749551,198.8,0.2876775,473.12213,38,18,36,56
-28.0,136.25,0.1621904325638232,205.3,0.28433985,474.23276,37,17,35,56
-28.0,136.5,0.16864744456751,214.3,0.28191036,475.73975,35,17,34,54
-28.0,136.75,0.1598771323472084,225.6,0.29687992,476.98465,34,18,39,53
-28.0,137.0,0.146626432825412,238.8,0.32764378,475.80533,32,18,57,54
-28.0,137.25,0.1280312521521756,252.2,0.3483896,476.4514,30,20,67,53
-28.0,137.5,0.1097171866456933,265.1,0.3434018,488.19882,28,22,65,43
-28.0,137.75,0.0885152424037057,278.0,0.31901458,487.8826,26,26,51,44
-28.0,138.0,0.0676443890845846,285.5,0.31256533,487.8946,25,36,47,44
-28.0,138.25,0.0506465997934962,283.3,0.31556365,486.4821,25,50,49,45
-28.0,138.5,0.0378480808160799,283.2,0.32523572,484.64728,26,66,56,47
-28.0,138.75,0.0385052606895832,285.2,0.33348107,485.02573,25,65,60,46
-28.0,139.0,0.0501928067012202,289.1,0.31890157,485.31314,25,51,51,46
-28.0,139.25,0.0552320275256144,294.9,0.3102976,486.79,24,45,46,45
-28.0,139.5,0.0499469519193683,302.5,0.31274423,487.90778,23,51,47,44
-28.0,139.75,0.042113796562799,311.8,0.31840023,489.24753,22,61,51,42
-28.0,140.0,0.0409250211192383,322.6,0.32776183,491.06198,21,62,57,40
-28.0,140.25,0.0445790378534833,334.8,0.32530612,489.78778,19,58,56,42
-28.0,140.5,0.0437941132157686,348.2,0.3208567,490.4842,18,59,52,41
-28.0,140.75,0.0400640944063308,362.7,0.32454327,488.76443,17,63,55,43
-28.0,141.0,0.035304417189521,355.6,0.33030683,486.82608,17,69,58,45
-28.0,141.25,0.0339799510238836,333.8,0.34574616,486.42264,19,70,66,45
-28.0,141.5,0.0368738686954159,312.3,0.3195525,486.34662,22,67,52,45
-28.0,141.75,0.0314835487864911,291.4,0.30426848,483.783,24,72,42,47
-28.0,142.0,0.0231246899946459,271.0,0.30764356,483.17758,27,80,44,48
-28.0,142.25,0.0148422403970644,251.3,0.31949458,483.47238,30,88,52,48
-28.0,142.5,0.0126054045034661,232.6,0.32283434,482.42523,33,90,54,48
-28.0,142.75,0.0218457153953966,215.0,0.3195608,482.3007,35,82,52,48
-28.0,143.0,0.0305140600538358,198.8,0.3150614,482.07452,38,73,49,49
-28.0,143.25,0.0322528904808374,184.5,0.31137064,482.08575,40,72,46,49
-28.0,143.5,0.0316525737899133,172.4,0.30657077,482.67026,42,72,43,48
-28.0,143.75,0.0211754572999087,163.2,0.3365969,482.19794,44,82,62,49
-28.0,144.0,0.0174311485618264,157.2,0.34499297,478.95288,45,86,66,51
-28.0,144.25,0.0219018941612115,140.2,0.33306587,477.24832,48,82,60,53
-28.0,144.5,0.030723630532018,116.0,0.32333693,476.61346,53,73,54,53
-28.0,144.75,0.036008315364043,91.8,0.31821677,476.35013,59,68,51,54
-28.0,145.0,0.0431876550328784,67.6,0.27417594,476.51495,65,60,32,53
-28.0,145.25,0.0466746251658713,43.5,0.25285462,476.40326,72,55,27,54
-28.0,145.5,0.0449514266702213,19.7,0.26235244,477.46576,83,57,29,53
-28.0,145.75,0.044201833495338,0.9,0.2878557,477.74402,99,58,36,52
-28.0,146.0,0.0445093103717746,21.0,0.30663505,477.5702,82,58,43,53
-28.0,146.25,0.0508434611150906,42.8,0.30829713,477.2481,73,50,44,53
-28.0,146.5,0.0585332533677241,65.1,0.28015578,476.34656,66,42,34,54
-28.0,146.75,0.0681677531606207,88.3,0.25584635,475.3597,60,35,28,54
-28.0,147.0,0.0755975379442264,111.9,0.24762563,475.478,55,31,26,54
-28.0,147.25,0.0813465347247464,134.1,0.24303475,475.97696,50,29,25,54
-28.0,147.5,0.090830867622225,109.8,0.24239108,476.16882,55,25,25,54
-28.0,147.75,0.0950843389500819,85.6,0.25597543,476.0477,61,24,28,54
-28.0,148.0,0.0969148274926867,61.4,0.25316942,474.58466,67,24,27,55
-28.0,148.25,0.0971277316721777,37.3,0.2495715,473.46564,75,24,26,56
-28.0,148.5,0.0961602624356081,13.5,0.23951091,472.81403,87,24,24,57
-28.0,148.75,0.0983049895908195,7.4,0.24100563,470.8066,92,23,24,58
-28.0,149.0,0.1023997955124026,28.9,0.23075855,470.3657,78,22,22,59
-28.0,149.25,0.0976989718730605,52.9,0.23843254,469.66617,69,23,24,59
-28.0,149.5,0.0907202617974863,75.3,0.25892386,469.0522,63,25,28,60
-28.0,149.75,0.0848817474242033,73.5,0.27808145,468.28433,64,27,33,60
-28.0,150.0,0.0872973286624377,55.6,0.26056892,467.00632,69,26,29,61
-28.0,150.25,0.0910950729712134,35.7,0.24325036,464.49594,75,25,25,63
-28.0,150.5,0.090614892990284,20.8,0.2234696,460.6378,82,25,21,66
-28.0,150.75,0.0896188541315496,5.9,0.21385314,457.77368,93,26,20,68
-28.0,151.0,0.0876560452311033,10.9,0.22603047,456.7459,89,26,22,69
-28.0,151.25,0.0825821921451105,3.5,0.25554314,457.05853,96,28,28,69
-28.0,151.5,0.0813869055465883,3.8,0.25495625,452.72565,96,29,28,72
-28.0,151.75,0.0813094086013734,15.2,0.23369199,444.74146,86,29,23,77
-28.0,152.0,0.0861314988999982,0.1,0.18608516,435.58563,100,27,16,82
-28.0,152.25,0.0756053912963363,22.1,0.11908543,426.3363,82,31,5,86
-28.0,152.5,0.0488352028492261,34.6,0.066870645,417.6027,76,53,1,89
-28.0,152.75,0.033855135353016,23.9,0.059636127,411.27386,80,70,1,91
-28.0,153.0,0.0452478004649968,4.0,0.072910346,410.6872,95,57,1,91
-28.0,153.25,0.0533792771696989,0.6,0.12241481,414.7694,100,47,5,90
-28.25,114.5,0.0212732594504597,54.7,0.40251037,472.70844,69,82,83,57
-28.25,114.75,0.0182403062531236,54.1,0.36139688,474.112,69,85,72,56
-28.25,115.0,0.0056712155385563,56.8,0.38009688,475.50906,68,96,77,54
-28.25,115.25,0.0073636515620386,64.3,0.40184337,476.6457,66,94,83,53
-28.25,115.5,0.0168224383866237,77.0,0.43099204,478.53864,63,86,91,52
-28.25,115.75,0.0242097057773554,93.1,0.45624694,479.19675,59,79,96,51
-28.25,116.0,0.0250294208981185,102.1,0.4725705,479.03485,57,79,99,51
-28.25,116.25,0.0202310428999009,86.0,0.47373238,480.82224,61,83,99,50
-28.25,116.5,0.0210562387969167,70.1,0.45503289,481.21512,65,82,96,49
-28.25,116.75,0.0234172371792651,58.5,0.4481905,481.5831,68,80,95,49
-28.25,117.0,0.0271632482175759,55.8,0.4471254,482.02493,68,77,95,49
-28.25,117.25,0.0298627847362132,63.0,0.44799745,482.38782,66,74,95,48
-28.25,117.5,0.0312006888999825,77.4,0.4473644,482.11404,63,73,95,49
-28.25,117.75,0.0357530164765194,95.8,0.45999748,481.08514,58,68,97,50
-28.25,118.0,0.040258177196873,116.4,0.47497833,480.49765,53,63,99,50
-28.25,118.25,0.0414594560384839,138.1,0.47827348,479.20145,49,62,99,51
-28.25,118.5,0.0418034102557049,160.6,0.4718632,477.386,45,61,99,53
-28.25,118.75,0.0420765260289911,172.9,0.47625986,476.98013,42,61,99,53
-28.25,119.0,0.0443353278651123,149.0,0.46243674,475.7004,47,58,97,54
-28.25,119.25,0.0457231968208881,125.2,0.4496264,474.60855,52,56,95,55
-28.25,119.5,0.0462725400752831,101.7,0.44412884,473.98987,57,56,94,56
-28.25,119.75,0.0452225885819643,78.6,0.444317,473.85516,62,57,94,56
-28.25,120.0,0.043072198397879,56.4,0.4373969,473.36047,68,60,92,56
-28.25,120.25,0.0427331283644196,37.1,0.45066503,472.35632,75,60,95,57
-28.25,120.5,0.0442934595386586,27.3,0.45756778,471.454,79,58,97,58
-28.25,120.75,0.0440115934556594,33.0,0.46237695,470.15878,76,58,97,59
-28.25,121.0,0.0407970502396069,45.6,0.46900365,469.18845,72,62,98,60
-28.25,121.25,0.0410795922269157,63.5,0.4784921,469.85205,66,62,99,59
-28.25,121.5,0.0470049300020383,84.3,0.46110696,470.07138,61,55,97,59
-28.25,121.75,0.0438504459624666,106.5,0.42937973,469.8897,56,59,90,59
-28.25,122.0,0.0326572389297542,129.3,0.40686917,469.66357,51,71,85,59
-28.25,122.25,0.0204182019695595,152.5,0.3980199,469.5071,46,83,82,59
-28.25,122.5,0.0204000128499631,176.0,0.3792386,469.35098,42,83,77,59
-28.25,122.75,0.0304325858574538,199.7,0.3475819,468.6819,38,73,67,60
-28.25,123.0,0.0409444005982506,223.5,0.32866794,468.79642,34,62,58,60
-28.25,123.25,0.0479111942573494,247.5,0.31913364,468.91403,31,54,51,60
-28.25,123.5,0.0486596547000642,271.4,0.31907025,468.8715,27,53,51,60
-28.25,123.75,0.0476722806797451,295.4,0.3342124,468.1061,24,54,60,60
-28.25,124.0,0.0522394961243706,319.5,0.3269869,468.359,21,48,57,60
-28.25,124.25,0.0486608409178665,343.6,0.3166629,467.68576,18,53,50,61
-28.25,124.5,0.0431493973669906,367.7,0.3136848,466.97324,16,60,48,61
-28.25,124.75,0.0400068771404524,391.8,0.3171037,466.9053,14,63,50,61
-28.25,125.0,0.0418769706977487,416.0,0.3139457,467.4891,12,61,48,61
-28.25,125.25,0.046751952654172,440.2,0.30438152,467.68185,10,55,42,61
-28.25,125.5,0.0436384645204747,464.3,0.2993552,468.11435,9,59,40,60
-28.25,125.75,0.0353204392733806,488.5,0.30435136,468.53543,7,69,42,60
-28.25,126.0,0.0273349032487853,512.7,0.3216613,468.6507,6,76,53,60
-28.25,126.25,0.0309122651261055,533.4,0.34753558,469.38458,5,73,67,59
-28.25,126.5,0.0431193448292712,553.9,0.34481388,469.1797,4,60,66,60
-28.25,126.75,0.0468317310104057,574.8,0.33618474,467.92184,3,55,61,61
-28.25,127.0,0.045616549609362,595.8,0.33182776,466.45328,3,56,59,62
-28.25,127.25,0.0457538939746362,617.1,0.33067107,464.7264,2,56,59,63
-28.25,127.5,0.0521337282611057,638.5,0.31577486,464.06836,2,48,49,64
-28.25,127.75,0.0518406044758324,660.2,0.30915216,464.7882,1,49,45,63
-28.25,128.0,0.047323301524323,682.0,0.3114505,464.64966,1,54,46,63
-28.25,128.25,0.0443061293058452,674.9,0.31334096,464.05148,1,58,48,64
-28.25,128.5,0.045102817112846,656.8,0.3114122,463.1136,1,57,46,64
-28.25,128.75,0.0525592468945043,639.1,0.3073841,461.07883,2,48,44,66
-28.25,129.0,0.0407340504425866,621.8,0.29573563,460.44354,2,62,39,66
-28.25,129.25,0.0247372544769729,604.9,0.3117284,459.88608,3,79,47,67
-28.25,129.5,0.0225546116098051,588.6,0.3317181,459.85306,3,81,59,67
-28.25,129.75,0.0366506979590104,572.7,0.33568704,460.21936,3,67,61,67
-28.25,130.0,0.0514373277912714,557.4,0.30507028,459.96503,4,49,43,67
-28.25,130.25,0.0366940226860433,537.6,0.29777515,459.0085,5,67,39,67
-28.25,130.5,0.0276504312109734,514.7,0.32646593,458.8474,6,76,56,68
-28.25,130.75,0.0315823936214049,492.0,0.36106628,459.3416,7,72,72,67
-28.25,131.0,0.0447437089324618,469.4,0.38038713,459.56403,8,58,77,67
-28.25,131.25,0.0533309746844073,447.0,0.3839,459.75653,10,47,78,67
-28.25,131.5,0.0523387599159919,424.7,0.38538328,460.49475,12,48,79,66
-28.25,131.75,0.0597364275716245,402.7,0.3887122,460.8914,13,41,80,66
-28.25,132.0,0.0689836894051127,380.9,0.3949156,461.37817,15,35,81,66
-28.25,132.25,0.0768029005577166,359.4,0.40275246,461.4472,17,31,83,66
-28.25,132.5,0.0857312085816548,338.2,0.39820316,461.44797,19,27,82,66
-28.25,132.75,0.0958322759960927,317.5,0.395405,460.12897,21,24,81,67
-28.25,133.0,0.1042702012218623,297.3,0.39379528,458.96106,24,22,81,67
-28.25,133.25,0.1097981404693287,277.6,0.39601237,458.28937,26,22,82,68
-28.25,133.5,0.1111144956486809,258.7,0.40416196,458.09122,29,21,84,68
-28.25,133.75,0.1100181642143676,240.8,0.4205521,459.40927,31,22,88,67
-28.25,134.0,0.1235452846762546,224.0,0.4223036,460.70865,34,20,88,66
-28.25,134.25,0.1492928566433312,208.6,0.3788681,464.28964,36,18,77,63
-28.25,134.5,0.1717518746797439,195.0,0.32963288,466.33096,39,17,58,62
-28.25,134.75,0.1804198219366039,183.6,0.3027125,466.52518,41,16,41,62
-28.25,135.0,0.1781551403060023,174.7,0.30652535,467.1598,42,16,43,61
-28.25,135.25,0.1717188982215399,168.8,0.3029601,468.50653,43,17,42,60
-28.25,135.5,0.1638776454054528,166.3,0.30874562,471.0018,43,17,45,58
-28.25,135.75,0.1608534510424804,167.2,0.31185505,471.6157,43,17,47,58
-28.25,136.0,0.1627184054503838,171.5,0.30610806,471.23624,43,17,43,58
-28.25,136.25,0.169165516449582,179.0,0.2907424,473.91522,41,17,37,56
-28.25,136.5,0.1768120164628185,189.3,0.27919146,475.41873,40,16,33,54
-28.25,136.75,0.1709822837041602,201.9,0.29421484,479.34378,37,17,38,51
-28.25,137.0,0.1563821236270346,215.6,0.33061486,478.93762,35,18,59,51
-28.25,137.25,0.140303292209726,228.5,0.36719722,474.5881,33,19,74,55
-28.25,137.5,0.1275739448078509,241.4,0.37124133,473.83084,31,20,75,56
-28.25,137.75,0.1094324092768753,254.2,0.33357742,484.3443,29,22,60,47
-28.25,138.0,0.0897431708997048,257.7,0.31192148,484.50488,29,26,47,47
-28.25,138.25,0.072705436759584,255.3,0.30804175,482.635,29,33,44,48
-28.25,138.5,0.0623843788402155,255.2,0.315075,482.87277,29,39,49,48
-28.25,138.75,0.064499480874067,257.3,0.32071117,483.08508,29,38,52,48
-28.25,139.0,0.0704792727450174,261.7,0.30998644,482.92493,28,34,45,48
-28.25,139.25,0.0662246441740752,268.1,0.3077751,483.8378,28,37,44,47
-28.25,139.5,0.0580955969014515,276.4,0.3106792,484.87012,26,42,46,46
-28.25,139.75,0.0519404831209353,286.5,0.3173601,486.43268,25,49,50,45
-28.25,140.0,0.0510320995191466,298.2,0.32542455,488.8368,24,50,56,43
-28.25,140.25,0.054038057394237,311.3,0.3236206,489.08786,22,46,54,43
-28.25,140.5,0.0528206516199134,325.7,0.3260694,487.88684,20,48,56,44
-28.25,140.75,0.04719283337472,341.1,0.3355377,486.2287,19,55,61,45
-28.25,141.0,0.0430655107401045,357.5,0.35342032,484.34036,17,60,69,47
-28.25,141.25,0.046115383647737,347.4,0.37371576,483.64038,18,56,76,47
-28.25,141.5,0.053252981532742,326.9,0.33956593,482.34427,20,47,63,48
-28.25,141.75,0.0423308543062635,307.0,0.32703984,482.05377,22,61,57,49
-28.25,142.0,0.0310843318612093,287.7,0.3311532,481.94376,25,73,59,49
-28.25,142.25,0.0313086366348995,269.4,0.33676296,479.74106,27,73,62,51
-28.25,142.5,0.0417688797430379,252.0,0.3231615,479.75385,30,61,54,51
-28.25,142.75,0.0527679490823564,235.9,0.30662632,479.41394,32,48,43,51
-28.25,143.0,0.0562984464623566,221.3,0.3023747,480.9341,34,44,41,50
-28.25,143.25,0.0496828837808044,208.5,0.3105394,480.77274,36,52,46,50
-28.25,143.5,0.0353044406189361,198.0,0.33274022,479.93555,38,69,60,51
-28.25,143.75,0.0209554706766669,189.6,0.36945525,478.53784,39,82,74,52
-28.25,144.0,0.0220400335971914,165.6,0.3723574,476.02792,44,81,75,54
-28.25,144.25,0.0328195669355669,141.5,0.35601184,475.57486,48,71,70,54
-28.25,144.5,0.0452799085061997,117.6,0.33541632,475.24698,53,57,61,55
-28.25,144.75,0.0530670588382712,93.9,0.30800942,474.76923,59,47,44,55
-28.25,145.0,0.0552968387880052,70.5,0.2622636,474.7196,65,45,29,55
-28.25,145.25,0.0504828005789368,47.9,0.2608209,476.88217,71,50,29,53
-28.25,145.5,0.0451356789485241,28.4,0.2931709,477.1413,78,57,38,53
-28.25,145.75,0.0430698323329644,22.1,0.32204655,476.59747,82,60,53,53
-28.25,146.0,0.0483281053558346,34.4,0.32688105,476.3249,76,53,56,54
-28.25,146.25,0.0565674418799712,54.9,0.30549,475.6704,69,44,43,54
-28.25,146.5,0.0647777984572929,77.0,0.26648012,474.47144,63,38,30,55
-28.25,146.75,0.0712116888053493,98.5,0.24897297,473.66898,58,33,26,56
-28.25,147.0,0.0749259208983165,120.7,0.24999379,474.07468,53,32,26,56
-28.25,147.25,0.0790426331289511,135.6,0.25752172,475.1395,49,30,28,55
-28.25,147.5,0.0887691245547362,111.7,0.24843474,475.28165,55,26,26,55
-28.25,147.75,0.0951466809958219,88.0,0.24531925,475.09003,60,24,25,55
-28.25,148.0,0.0976997606345408,64.8,0.24395716,474.34042,66,23,25,55
-28.25,148.25,0.0950055681555698,42.7,0.2502754,473.5095,73,24,26,56
-28.25,148.5,0.0898022978655284,25.1,0.26549882,473.07156,80,26,30,57
-28.25,148.75,0.0866923729645177,24.7,0.27867052,472.52493,80,27,33,57
-28.25,149.0,0.0906504602792362,41.9,0.25931445,471.46576,73,25,29,58
-28.25,149.25,0.0897766793324124,62.8,0.25613233,470.23477,67,26,28,59
-28.25,149.5,0.0858376736226048,80.5,0.2670022,469.01773,62,27,30,60
-28.25,149.75,0.082971530769109,58.2,0.27664027,468.62244,68,28,33,60
-28.25,150.0,0.0824411470287789,37.5,0.26011455,467.34686,75,28,29,61
-28.25,150.25,0.08078984707605,18.6,0.2631678,466.20264,84,29,30,62
-28.25,150.5,0.0831149275192902,1.1,0.25829014,463.6283,99,28,28,64
-28.25,150.75,0.087681180821909,12.9,0.23600297,460.60205,88,26,23,66
-28.25,151.0,0.089020345136149,10.4,0.21347734,458.2287,90,26,20,68
-28.25,151.25,0.0773077490916919,31.5,0.2291668,458.28143,77,31,22,68
-28.25,151.5,0.0676962961448312,31.8,0.24445933,455.65784,77,36,25,70
-28.25,151.75,0.0673411694915211,17.1,0.23426904,448.06168,85,36,23,75
-28.25,152.0,0.0772111250730674,2.6,0.20306453,438.9926,97,31,18,81
-28.25,152.25,0.0944174054367024,19.8,0.14976537,429.07596,83,24,10,85
-28.25,152.5,0.089435706915295,42.8,0.08589849,417.3803,73,26,2,89
-28.25,152.75,0.0658180953491301,39.7,0.06683171,409.70023,74,37,1,91
-28.25,153.0,0.0633243389117221,32.0,0.059243847,407.64987,77,38,1,92
-28.25,153.25,0.0573534622128742,15.9,0.07964279,412.5766,85,43,2,90
-28.25,153.5,0.048085797719735,0.3,0.17044933,421.6946,100,53,13,87
-28.5,114.75,0.0234577029128558,27.0,0.34619415,471.18695,79,80,66,58
-28.5,115.0,0.015210574956256,29.1,0.33053702,473.62756,78,88,59,56
-28.5,115.25,0.0114676153553383,40.2,0.35510397,475.57275,74,91,70,54
-28.5,115.5,0.0175032734028285,56.3,0.39858583,477.02185,68,86,82,53
-28.5,115.75,0.0221377206434096,74.4,0.44178426,477.41876,64,81,93,53
-28.5,116.0,0.0194828110880085,81.2,0.4750056,476.9737,62,84,99,53
-28.5,116.25,0.0160471387584472,65.1,0.46642548,477.0613,66,87,98,53
-28.5,116.5,0.0174334012969796,49.0,0.4490844,479.15732,71,86,95,51
-28.5,116.75,0.0205034392375853,33.2,0.45024574,479.43005,76,83,95,51
-28.5,117.0,0.0230652469853382,28.0,0.45166984,479.2875,78,80,95,51
-28.5,117.25,0.0253736798784562,40.5,0.45030236,479.17175,73,78,95,51
-28.5,117.5,0.0262765414691308,60.5,0.44699752,479.21573,67,77,94,51
-28.5,117.75,0.029358924453568,82.7,0.4650557,478.85785,61,74,98,51
-28.5,118.0,0.0313620951472936,105.8,0.47916096,477.41364,56,73,99,53
-28.5,118.25,0.0330555784937349,129.3,0.48182058,476.87906,51,71,100,53
-28.5,118.5,0.0350149291589678,153.0,0.47783384,477.52988,46,69,99,53
-28.5,118.75,0.0387473442733088,176.8,0.4777435,475.23514,42,65,99,55
-28.5,119.0,0.0431455063544923,156.4,0.44186446,474.86038,45,60,93,55
-28.5,119.25,0.0435871068708365,134.0,0.42577106,474.2209,50,59,89,56
-28.5,119.5,0.0432293448128759,112.4,0.43141922,473.498,54,59,91,56
-28.5,119.75,0.0412965140930498,92.1,0.45446482,472.3089,59,62,96,57
-28.5,120.0,0.0413727607833044,74.1,0.46032357,471.3293,64,62,97,58
-28.5,120.25,0.0424906513587172,60.8,0.45588043,471.07144,67,60,96,58
-28.5,120.5,0.0443512143655901,55.3,0.44387674,470.2836,69,58,94,59
-28.5,120.75,0.0420600265020593,59.3,0.4409811,469.1522,67,61,93,60
-28.5,121.0,0.0339641456270501,68.9,0.4519576,467.5663,65,70,95,61
-28.5,121.25,0.027324495111714,82.6,0.4731834,467.00958,61,76,99,61
-28.5,121.5,0.0333099350006142,99.8,0.46256328,466.5351,57,71,97,62
-28.5,121.75,0.0404960362151974,119.3,0.4093716,466.28244,53,63,85,62
-28.5,122.0,0.0356709857515635,140.2,0.37486094,466.64066,48,68,76,61
-28.5,122.25,0.0238178495472917,161.9,0.38355944,466.90607,44,80,78,61
-28.5,122.5,0.0191132879062067,184.3,0.4199957,465.79022,40,84,88,62
-28.5,122.75,0.0283674739215279,207.1,0.37360796,465.85385,37,76,76,62
-28.5,123.0,0.0340688901886876,230.1,0.33830872,465.71075,33,70,63,62
-28.5,123.25,0.0369908683046343,253.3,0.3307538,466.13644,30,67,59,62
-28.5,123.5,0.0380066604087395,276.7,0.34216207,466.4876,26,66,64,62
-28.5,123.75,0.0418122337277357,300.3,0.33389813,467.24243,23,61,60,61
-28.5,124.0,0.0472355695397016,323.9,0.3189926,466.14914,20,54,51,62
-28.5,124.25,0.0471112158260352,347.7,0.31912822,465.68143,18,55,51,62
-28.5,124.5,0.0445410474691362,371.5,0.3232851,465.89197,16,58,54,62
-28.5,124.75,0.04462505820806,395.3,0.3271423,467.0133,14,58,57,61
-28.5,125.0,0.0476345160133427,418.1,0.31759927,465.85547,12,54,50,62
-28.5,125.25,0.0513754102828291,437.5,0.30881152,465.88193,11,49,45,62
-28.5,125.5,0.049093260106054,457.3,0.30398506,466.37628,9,52,42,62
-28.5,125.75,0.0404074482653024,477.5,0.30643502,466.46735,8,63,43,62
-28.5,126.0,0.0279436376788431,498.0,0.32209197,466.81604,7,76,53,61
-28.5,126.25,0.0224867152094486,518.8,0.35359433,466.3809,6,81,69,62
-28.5,126.5,0.030500252299299,539.9,0.3858459,465.92242,5,73,79,62
-28.5,126.75,0.0381315931655643,561.2,0.40826985,464.8895,4,66,85,63
-28.5,127.0,0.0435173270580846,582.7,0.4013632,463.79565,3,59,83,64
-28.5,127.25,0.0479020123453145,604.4,0.36734918,462.63342,3,54,74,65
-28.5,127.5,0.0501849835405924,626.2,0.32893503,462.98892,2,51,58,65
-28.5,127.75,0.0542611781172343,648.2,0.31653902,462.5805,1,46,50,65
-28.5,128.0,0.0535889530304952,670.3,0.30618104,461.93674,1,47,43,65
-28.5,128.25,0.0491974298298979,656.8,0.30148998,461.64624,1,52,41,65
-28.5,128.5,0.0445508130537789,638.2,0.30147305,460.56403,2,58,41,66
-28.5,128.75,0.0479145978411127,620.0,0.30438697,459.24,2,54,42,67
-28.5,129.0,0.0417264695966705,602.2,0.29879043,458.84256,3,61,40,68
-28.5,129.25,0.0278966033875587,584.9,0.31158382,458.42596,3,76,47,68
-28.5,129.5,0.0240382470589663,567.9,0.32518497,458.37454,4,80,55,68
-28.5,129.75,0.0319722315917412,551.5,0.33115697,458.22452,4,72,59,68
-28.5,130.0,0.050711186464122,535.6,0.32817456,458.75333,5,50,57,68
-28.5,130.25,0.0459000318056149,520.4,0.30802983,458.28848,6,56,44,68
-28.5,130.5,0.0350691831426783,505.8,0.30668268,457.75153,6,69,44,68
-28.5,130.75,0.0320811005264875,482.8,0.3213928,457.6904,8,72,53,68
-28.5,131.0,0.04002495330836,459.8,0.33184442,457.79544,9,63,59,68
-28.5,131.25,0.0566709086210245,436.9,0.32600513,458.0068,11,44,56,68
-28.5,131.5,0.0584342998230741,414.2,0.32114848,458.277,12,42,53,68
-28.5,131.75,0.0607629152458338,391.6,0.32709253,458.2369,14,40,57,68
-28.5,132.0,0.0669322522357106,369.2,0.35485092,458.27454,16,36,70,68
-28.5,132.25,0.0724417874667172,347.0,0.4060603,458.67468,18,33,84,68
-28.5,132.5,0.0833414198342888,325.1,0.43001437,458.47003,20,28,90,68
-28.5,132.75,0.0985421902965754,303.5,0.41974083,457.15314,23,23,88,69
-28.5,133.0,0.108973680339044,282.3,0.4136918,456.11533,26,22,86,70
-28.5,133.25,0.1138955646416261,261.6,0.4122948,455.56754,28,21,86,70
-28.5,133.5,0.1145448365160042,241.5,0.41636062,455.76144,31,21,87,70
-28.5,133.75,0.1133039415669849,222.2,0.42784154,456.77985,34,21,90,69
-28.5,134.0,0.125922704350558,203.9,0.42932948,458.32523,37,20,90,68
-28.5,134.25,0.1510740186220833,186.9,0.3920964,461.36496,40,18,81,66
-28.5,134.5,0.1750901498659957,171.7,0.34539506,462.96567,43,17,66,65
-28.5,134.75,0.1865190326191839,158.6,0.31782284,463.26917,45,16,50,64
-28.5,135.0,0.184669935654494,148.3,0.3181428,463.67343,47,16,51,64
-28.5,135.25,0.1813045466889715,141.3,0.31480962,465.15466,48,16,49,63
-28.5,135.5,0.1753470055758953,138.3,0.32281876,467.7036,49,17,54,61
-28.5,135.75,0.1766423164866864,139.3,0.32566077,468.73392,48,16,56,60
-28.5,136.0,0.1875301067240624,144.5,0.31816778,468.16223,47,16,51,60
-28.5,136.25,0.19490298834585,153.3,0.29829237,469.21512,46,15,40,60
-28.5,136.5,0.1934938135246436,165.1,0.28521731,471.84137,44,16,35,57
-28.5,136.75,0.1880235628003166,178.9,0.29608604,474.5655,41,16,39,55
-28.5,137.0,0.174768081643006,191.9,0.32809743,474.73184,39,17,57,55
-28.5,137.5,0.1456109432991416,217.6,0.37229145,472.3027,35,19,75,57
-28.5,137.75,0.1302544879937721,230.4,0.33255225,481.51898,33,20,60,49
-28.5,138.0,0.1140399262752561,230.0,0.30644944,482.09906,33,21,43,49
-28.5,138.25,0.0978880193694272,227.3,0.2984684,480.82144,34,23,40,50
-28.5,138.5,0.084206612514598,227.2,0.30396315,481.0949,34,28,42,50
-28.5,138.75,0.0762119427833351,229.6,0.31078508,482.0992,33,31,46,49
-28.5,139.0,0.0760655803251124,234.4,0.31004366,481.6124,32,31,45,49
-28.5,139.25,0.070208793725968,241.5,0.31276634,482.1735,31,34,47,49
-28.5,139.5,0.0637827006566762,250.7,0.31377962,482.5289,30,38,48,48
-28.5,139.75,0.0631262334540397,261.8,0.31509236,482.98477,28,39,49,48
-28.5,140.0,0.0646543468149112,274.5,0.31885323,485.50702,27,38,51,46
-28.5,140.25,0.0691188858700029,288.7,0.32022595,485.03848,25,34,52,46
-28.5,140.5,0.0650992716130401,304.1,0.33542046,484.43283,23,37,61,47
-28.5,140.75,0.058692954867036,320.5,0.35149845,483.8442,21,42,68,47
-28.5,141.0,0.055175281143082,337.9,0.36881754,482.99655,19,45,74,48
-28.5,141.25,0.0594597743713252,356.0,0.38240337,482.26315,17,41,78,49
-28.5,141.5,0.0611237289655643,343.2,0.36356786,479.6373,18,40,73,51
-28.5,141.75,0.0541743302396276,324.3,0.3546602,479.17606,20,46,70,51
-28.5,142.0,0.0546393007647046,306.2,0.34445006,478.85464,23,45,66,52
-28.5,142.25,0.0720109104522548,289.0,0.32201898,478.1876,25,33,53,52
-28.5,142.5,0.0885898575541519,272.9,0.29799312,478.81018,27,26,39,52
-28.5,142.75,0.0797462475181202,258.1,0.291486,479.8591,29,29,37,51
-28.5,143.0,0.0646402936273564,244.9,0.30138263,479.60376,31,38,41,51
-28.5,143.25,0.0500310356867322,233.5,0.3249537,479.21436,32,51,55,51
-28.5,143.5,0.0373463259472156,218.1,0.3626112,477.08737,35,66,72,53
-28.5,143.75,0.0389046054488668,194.6,0.38856712,475.73904,39,65,80,54
-28.5,144.0,0.0500266019083071,171.3,0.37010637,474.79865,43,51,75,55
-28.5,144.25,0.056695403250411,148.2,0.33695444,474.14453,47,44,62,56
-28.5,144.5,0.0641142006054343,125.7,0.3051046,473.91318,52,38,43,56
-28.5,144.75,0.0670749586380441,103.8,0.27491137,473.73657,56,36,32,56
-28.5,145.0,0.0608061095638688,83.3,0.25230166,474.3012,61,40,27,56
-28.5,145.25,0.0563937718835881,65.4,0.26498693,474.81088,66,44,30,55
-28.5,145.5,0.0523346929431205,52.8,0.30290854,475.4578,69,48,42,54
-28.5,145.75,0.0512743754478703,49.8,0.32608554,475.32584,70,49,56,55
-28.5,146.0,0.0580386799763887,56.9,0.31311458,474.96417,68,42,48,55
-28.5,146.25,0.0668957977555692,71.3,0.26908737,473.70798,64,36,31,56
-28.5,146.5,0.0696642698082585,89.9,0.2419795,472.85065,60,34,25,57
-28.5,146.75,0.0714745127074863,110.7,0.236566,472.18918,55,33,24,57
-28.5,147.0,0.0738903404723498,132.7,0.23952043,472.3002,50,32,24,57
-28.5,147.25,0.0784230068037729,125.0,0.24457072,472.8119,52,30,25,57
-28.5,147.5,0.0865921635779419,113.5,0.23857273,473.223,54,27,24,56
-28.5,147.75,0.0906387467502749,98.7,0.23660141,474.16364,58,25,24,56
-28.5,148.0,0.0911123977519483,78.7,0.24440399,473.08945,62,25,25,57
-28.5,148.25,0.0870573081685939,61.9,0.261547,472.44733,67,27,29,57
-28.5,148.5,0.0805675676389087,51.4,0.28753436,472.67877,70,29,36,57
-28.5,148.75,0.0778564291462923,51.2,0.29367733,472.09448,70,30,38,57
-28.5,149.0,0.0844030271514341,53.9,0.26154366,471.17535,69,28,29,58
-28.5,149.25,0.0858952792006589,59.2,0.24565989,469.80792,67,27,25,59
-28.5,149.5,0.0834431424235282,63.3,0.24414402,468.41138,66,28,25,60
-28.5,149.75,0.0803504664980296,51.1,0.24664332,467.40817,70,29,25,61
-28.5,150.0,0.0762222178023269,27.0,0.24400204,466.71872,79,31,25,61
-28.5,150.25,0.0714345961448825,3.0,0.25163046,465.61624,96,33,27,62
-28.5,150.5,0.0754573095867055,17.3,0.24287832,464.2609,84,31,25,63
-28.5,150.75,0.0827079452718386,12.1,0.21407104,462.18353,88,28,20,65
-28.5,151.0,0.0874548668792981,11.8,0.18572357,460.3257,88,26,16,66
-28.5,151.25,0.0755757890979848,30.3,0.20159353,460.39975,77,31,18,66
-28.5,151.5,0.0644360320576067,39.2,0.2618215,457.90466,74,38,29,68
-28.5,151.75,0.0686378053677756,16.3,0.253977,449.84332,85,35,27,74
-28.5,152.0,0.0878828270327565,6.3,0.19987047,439.68198,93,26,18,80
-28.5,152.25,0.1203496370375866,30.2,0.13070282,428.91156,77,21,6,85
-28.5,152.5,0.1406169413566766,42.8,0.08828717,417.29755,73,19,2,89
-28.5,152.75,0.1426779679122514,28.7,0.082876906,408.3335,78,19,2,91
-28.5,153.0,0.1479185484593645,14.9,0.07369395,406.29202,86,18,2,92
-28.5,153.25,0.1279815643161003,20.0,0.08439634,411.28735,83,20,2,91
-28.5,153.5,0.0795716733716073,4.1,0.15485898,420.31082,95,30,11,88
-28.75,114.75,0.0183802234918056,2.0,0.3826221,469.68622,98,85,78,59
-28.75,115.0,0.0202784766237961,3.7,0.31778648,473.51767,96,83,50,56
-28.75,115.25,0.0168359547942167,19.6,0.32787022,474.85577,83,86,57,55
-28.75,115.5,0.0195253768370353,37.9,0.35800382,474.82904,74,84,71,55
-28.75,115.75,0.0187071404830064,59.0,0.39391953,475.10452,68,85,81,55
-28.75,116.0,0.0169036634604535,60.2,0.42490897,475.65433,67,86,89,54
-28.75,116.25,0.0133135986226123,44.2,0.44591036,474.76175,72,90,94,55
-28.75,116.5,0.0140572058746502,28.1,0.45951575,475.22827,78,89,97,55
-28.75,116.75,0.0187334882250676,12.0,0.45900387,475.10165,88,85,97,55
-28.75,117.0,0.0181352510194604,5.6,0.45879626,476.42587,93,85,97,53
-28.75,117.25,0.0203630479052662,29.7,0.4511277,477.9451,78,83,95,52
-28.75,117.5,0.0215739818422922,53.8,0.45358378,477.2225,69,82,96,53
-28.75,117.75,0.0247064958273854,78.0,0.47712767,476.39523,62,79,99,54
-28.75,118.0,0.0266864592697293,102.1,0.4865004,475.70917,57,77,100,54
-28.75,118.25,0.0276294207510848,126.2,0.48545873,475.11273,51,76,100,55
-28.75,118.5,0.0310542792614017,150.3,0.47792318,474.47165,47,73,99,55
-28.75,118.75,0.0383513835802053,174.5,0.44892994,472.78967,42,65,95,57
-28.75,119.0,0.0425557837200661,168.2,0.38959914,473.4054,43,60,80,56
-28.75,119.25,0.0428784930998171,147.7,0.38120905,472.6465,47,60,78,57
-28.75,119.5,0.0378028253012979,128.4,0.41376385,471.41107,51,66,86,58
-28.75,119.75,0.0358078112712107,111.1,0.4455876,470.2544,55,68,94,59
-28.75,120.0,0.0361332105572468,96.9,0.46645743,469.7256,58,68,98,59
-28.75,120.25,0.0402567055719416,87.1,0.46214747,468.40198,60,63,97,60
-28.75,120.5,0.0447803242930344,83.4,0.4484022,468.3625,61,57,95,60
-28.75,120.75,0.0454041705023319,86.2,0.44183943,468.04446,61,57,93,60
-28.75,121.0,0.0408463895697856,94.1,0.44628346,466.9354,59,62,94,61
-28.75,121.25,0.0300993921501295,105.5,0.45087293,466.23285,56,74,95,62
-28.75,121.5,0.0222670056435856,119.6,0.45410323,464.7546,53,81,96,63
-28.75,121.75,0.0284010945797143,136.4,0.42139387,464.19562,49,75,88,64
-28.75,122.0,0.030494883400388,155.2,0.40989697,463.50534,45,73,85,64
-28.75,122.25,0.0240804348362698,175.1,0.4203433,463.18774,42,80,88,64
-28.75,122.5,0.0178051034066205,196.0,0.43138534,462.56424,38,86,91,65
-28.75,122.75,0.0278536523489968,217.5,0.37492165,461.3856,35,76,76,66
-28.75,123.0,0.0346489263741421,239.6,0.3444894,462.12625,32,69,66,65
-28.75,123.25,0.0360393372630434,262.0,0.34431908,463.34268,28,68,65,64
-28.75,123.5,0.0354139277534115,284.7,0.35307428,464.2583,25,68,69,63
-28.75,123.75,0.0404302504711917,307.6,0.32837778,463.8527,22,63,57,64
-28.75,124.0,0.0441430772078179,326.3,0.31789112,463.22995,20,58,51,64
-28.75,124.25,0.044539776377912,344.2,0.31407133,462.55927,18,58,48,65
-28.75,124.5,0.0458935488492161,362.8,0.31491402,462.72046,17,56,49,65
-28.75,124.75,0.0482751077573214,381.9,0.31369567,463.25397,15,53,48,64
-28.75,125.0,0.0509068211285574,401.6,0.30504844,463.6848,13,50,43,64
-28.75,125.25,0.0513566444450545,421.7,0.30525887,464.00723,12,49,43,64
-28.75,125.5,0.0507850117415988,442.1,0.30178282,464.26422,10,50,41,63
-28.75,125.75,0.0450259609425085,463.0,0.31121323,463.72067,9,57,46,64
-28.75,126.0,0.0353755903252888,484.0,0.32823882,463.2802,8,69,57,64
-28.75,126.25,0.0244367704748929,505.4,0.34372267,463.54263,6,79,65,64
-28.75,126.5,0.0256991913331495,526.9,0.36707863,462.10114,5,78,74,65
-28.75,126.75,0.0321952936106494,548.7,0.39210933,461.3903,4,72,81,66
-28.75,127.0,0.0381340217399632,570.6,0.38334286,460.88864,4,66,78,66
-28.75,127.25,0.04290610113669,592.7,0.34119254,459.90207,3,60,64,67
-28.75,127.5,0.0437497135695247,614.9,0.31735396,459.95767,2,59,50,67
-28.75,127.75,0.0464659960363947,637.2,0.3196676,460.30215,2,55,52,66
-28.75,128.0,0.0460915510731172,658.8,0.31135,460.35135,1,56,46,66
-28.75,128.25,0.0432664721538978,639.4,0.31444493,459.2757,2,59,48,67
-28.75,128.5,0.0401791508708681,620.4,0.31795168,457.87137,2,63,51,68
-28.75,128.75,0.0435294357128441,601.7,0.318448,456.8076,3,59,51,69
-28.75,129.0,0.042554444096805,583.4,0.31370884,456.54413,3,60,48,69
-28.75,129.25,0.0351590295876598,565.4,0.31908053,456.0128,4,69,51,70
-28.75,129.5,0.0346435096735755,548.0,0.32740083,456.2949,4,69,57,70
-28.75,129.75,0.0429049652557642,531.0,0.33267653,456.7791,5,60,60,69
-28.75,130.0,0.0508297451328308,514.5,0.3571921,456.864,6,50,70,69
-28.75,130.25,0.0514739119167123,498.6,0.33190182,456.3988,7,49,59,69
-28.75,130.5,0.0439458011638461,483.4,0.32208624,456.36163,8,59,53,69
-28.75,130.75,0.0357514895288096,468.9,0.32573274,456.5101,9,68,56,69
-28.75,131.0,0.0384795887972272,451.7,0.33257657,456.8809,10,65,60,69
-28.75,131.25,0.0560312433079594,428.4,0.31589285,456.53775,11,44,49,69
-28.75,131.5,0.0697838349062727,405.2,0.320256,456.08707,13,34,52,70
-28.75,131.75,0.0703132896739546,382.2,0.32542902,456.2167,15,34,56,70
-28.75,132.0,0.0710075298419161,359.3,0.36155817,456.07498,17,33,72,70
-28.75,132.25,0.076360804334815,336.5,0.41086286,456.07263,19,31,86,70
-28.75,132.5,0.0872155099730229,313.9,0.43341187,456.3795,22,26,91,69
-28.75,132.75,0.1022534053107457,291.5,0.41832525,456.26724,24,22,87,70
-28.75,133.0,0.1110088412816237,269.4,0.41076303,454.81433,27,21,85,71
-28.75,133.25,0.118101921180884,247.7,0.41163525,454.10602,30,21,86,71
-28.75,133.5,0.1190756542576266,226.4,0.41365036,454.6521,34,21,86,71
-28.75,133.75,0.1222835981420108,205.8,0.4318124,454.39822,37,20,91,71
-28.75,134.0,0.1329826063288021,185.9,0.43113795,456.25555,40,20,91,70
-28.75,134.25,0.1548470382553725,167.2,0.39831677,458.66766,43,18,82,68
-28.75,134.5,0.1790125966327087,149.9,0.35870004,460.47736,47,16,71,66
-28.75,134.75,0.1925556277922754,134.8,0.3273575,461.16763,49,16,57,66
-28.75,135.0,0.1967465165985881,122.5,0.31451538,461.8383,52,15,49,65
-28.75,135.25,0.1931723894795314,114.0,0.3161149,462.36368,54,16,49,65
-28.75,135.5,0.1866869355784729,110.2,0.32205296,464.11465,55,16,53,64
-28.75,135.75,0.1908234229266998,111.6,0.3315706,466.3335,55,16,59,62
-28.75,136.0,0.205344946549407,117.9,0.32493374,467.33295,53,15,55,61
-28.75,136.25,0.2175352256456833,128.5,0.30482814,467.99445,51,14,42,60
-28.75,136.5,0.2118854618786523,142.3,0.29270732,469.43646,48,14,37,59
-28.75,136.75,0.2038704859669364,155.2,0.2973295,470.89395,45,15,39,58
-28.75,137.0,0.1905186379150975,168.1,0.31824967,469.57272,43,16,51,59
-28.75,137.75,0.1504666406084739,206.6,0.32783756,472.96054,37,18,57,57
-28.75,138.0,0.1341984925237262,202.3,0.30168527,476.11508,37,19,41,54
-28.75,138.25,0.114719988899638,199.3,0.29844704,477.4613,38,21,40,53
-28.75,138.5,0.0991581458177062,199.2,0.30327803,477.9761,38,23,42,52
-28.75,138.75,0.0862841428634488,201.9,0.31411204,478.3619,37,27,48,52
-28.75,139.0,0.0826564934492732,207.3,0.31762615,479.40976,37,28,50,51
-28.75,139.25,0.0788457571994513,215.3,0.31728622,480.904,35,30,50,50
-28.75,139.5,0.0764020507445647,225.6,0.31815198,482.2048,34,31,51,49
-28.75,139.75,0.0775563916834514,237.8,0.31652775,482.55963,32,30,50,48
-28.75,140.0,0.0800641574359144,251.7,0.31594515,483.3233,30,29,49,48
-28.75,140.25,0.0846732816196024,267.1,0.3128641,480.39175,28,27,47,50
-28.75,140.5,0.0808373780405548,283.6,0.32321587,480.33978,25,29,54,50
-28.75,140.75,0.0760064014167125,301.1,0.34202677,480.91385,23,31,64,50
-28.75,141.0,0.0743989595910534,319.5,0.36007574,481.0475,21,32,72,50
-28.75,141.25,0.0767794586224703,338.6,0.3767787,478.6508,19,31,76,52
-28.75,141.5,0.071370893905294,343.3,0.36988118,476.92975,18,33,75,53
-28.75,141.75,0.06903509111109,343.0,0.35498857,477.01315,18,35,70,53
-28.75,142.0,0.0779979505620542,326.0,0.3270339,476.6127,20,30,57,53
-28.75,142.25,0.0939289507794282,309.9,0.2947954,476.23413,22,24,38,54
-28.75,142.5,0.0977713771826182,295.0,0.28110847,477.34555,24,23,34,53
-28.75,142.75,0.0823080266426716,281.4,0.29553935,480.9853,26,28,39,50
-28.75,143.0,0.0678869200049943,269.4,0.30423358,480.40668,27,35,42,50
-28.75,143.25,0.0582539638885507,248.8,0.33107442,478.62097,30,42,59,52
-28.75,143.5,0.0493940952810503,225.9,0.36595416,475.31302,34,52,73,55
-28.75,143.75,0.0601863107555324,203.3,0.3780823,473.73376,37,41,77,56
-28.75,144.0,0.0769998117017426,181.2,0.3378231,473.2237,41,31,62,56
-28.75,144.25,0.0804550138945203,159.7,0.29937312,472.42484,45,29,40,57
-28.75,144.5,0.0790690884113289,139.0,0.26933837,472.20422,49,30,31,57
-28.75,144.75,0.0777670569595925,119.7,0.2484871,472.05142,53,30,26,57
-28.75,145.0,0.0743818491608614,102.4,0.254164,472.641,57,32,27,57
-28.75,145.25,0.0754252041933969,88.5,0.26347148,472.04285,60,31,30,57
-28.75,145.5,0.0684535835495418,79.7,0.29261398,473.02844,62,35,37,57
-28.75,145.75,0.0669643112502637,77.7,0.30692765,473.62,63,36,44,56
-28.75,146.0,0.0704335565989216,82.7,0.29205006,472.9145,61,34,37,57
-28.75,146.25,0.0745424036867916,93.4,0.25461376,471.67285,59,32,27,58
-28.75,146.5,0.0740563440513575,108.3,0.24392673,471.2087,55,32,25,58
-28.75,146.75,0.0733061766639972,126.0,0.23556942,470.78415,51,32,23,58
-28.75,147.0,0.0749085249714664,118.9,0.23417704,470.98026,53,32,23,58
-28.75,147.25,0.0786183527493405,102.1,0.23261487,471.54,57,30,23,58
-28.75,147.5,0.0849753757473081,88.4,0.24454351,472.29578,60,27,25,57
-28.75,147.75,0.0880252958652341,78.9,0.25049174,472.1331,62,26,26,57
-28.75,148.0,0.0868599460948081,76.0,0.24792422,471.2698,63,27,26,58
-28.75,148.25,0.0861394190162952,76.6,0.25000486,471.1153,63,27,26,58
-28.75,148.5,0.081388319345812,54.5,0.2612986,471.54745,69,29,29,58
-28.75,148.75,0.0804330428164186,35.2,0.25904524,470.74432,75,29,28,58
-28.75,149.0,0.0801226248632052,25.9,0.25081834,469.98892,79,29,27,59
-28.75,149.25,0.0790807622396165,32.0,0.24048136,468.6241,77,30,24,60
-28.75,149.5,0.0752862504883004,36.2,0.24838658,467.67804,75,31,26,61
-28.75,149.75,0.0713781866538781,38.8,0.2527445,466.88885,74,33,27,61
-28.75,150.0,0.0632243201070066,32.5,0.26929393,465.3489,76,39,31,63
-28.75,150.25,0.0596772970138339,9.3,0.25710493,464.2355,90,41,28,63
-28.75,150.5,0.06627775630193,13.9,0.22675763,462.61752,87,37,22,65
-28.75,150.75,0.0815160633973954,19.2,0.18172206,460.86957,83,29,15,66
-28.75,151.0,0.091181041667698,6.1,0.15494569,459.9442,93,25,11,67
-28.75,151.25,0.0883811984571929,14.1,0.14915155,460.88202,87,26,10,66
-28.75,151.5,0.0741730183216055,29.4,0.19153471,456.53793,78,32,17,69
-28.75,151.75,0.0831370842332641,19.9,0.19534433,448.4227,83,28,17,75
-28.75,152.0,0.1132368013706235,14.2,0.15100987,437.8834,87,21,10,81
-28.75,152.25,0.140565315151443,19.0,0.096400574,426.81738,83,19,3,85
-28.75,152.5,0.151617676868946,14.9,0.072109334,416.41876,86,18,1,89
-28.75,152.75,0.1582557180951837,14.1,0.090481184,409.05057,87,18,2,91
-28.75,153.0,0.159682655815656,4.2,0.08981487,407.29156,95,18,2,92
-28.75,153.25,0.1436994860458764,2.6,0.109874316,412.85422,97,19,4,90
-28.75,153.5,0.1009865898322979,5.6,0.18874899,421.57147,93,23,16,87
-29.0,114.75,0.0171308837609276,19.2,0.43107888,469.2674,83,86,91,60
-29.0,115.0,0.0246425910586757,1.0,0.33057657,473.607,99,79,59,56
-29.0,115.25,0.0232497031156006,3.4,0.3199805,473.69397,96,80,52,56
-29.0,115.5,0.0198891220614314,25.0,0.32512343,471.57266,80,83,55,58
-29.0,115.75,0.0184514927456066,45.5,0.35533303,471.90244,72,85,70,57
-29.0,116.0,0.0135774535348727,38.2,0.3817256,473.27814,74,90,78,56
-29.0,116.25,0.0119803511631852,23.2,0.4116708,473.3706,81,91,86,56
-29.0,116.5,0.0138463031600362,7.2,0.43675402,472.88986,92,89,92,57
-29.0,116.75,0.0138349380499372,8.9,0.454203,472.02856,91,89,96,57
-29.0,117.0,0.0163212311853255,25.0,0.45215154,472.99698,80,87,95,57
-29.0,117.25,0.0137030987512497,41.2,0.4495354,474.23557,73,89,95,56
-29.0,117.5,0.0154429402911946,60.9,0.45723245,474.83902,67,88,97,55
-29.0,117.75,0.0202635790930972,83.0,0.47200248,473.98093,61,83,99,56
-29.0,118.0,0.0225762090867473,105.9,0.47602487,473.96332,56,81,99,56
-29.0,118.25,0.0253848596376233,129.3,0.47133473,473.44724,51,78,99,56
-29.0,118.5,0.0299194943904045,152.9,0.4534426,472.31335,46,74,96,57
-29.0,118.75,0.0405464994725272,176.6,0.41054767,471.09265,42,63,85,58
-29.0,119.0,0.0447407716713357,183.6,0.3552172,471.7469,41,58,70,58
-29.0,119.25,0.0382210991001643,165.1,0.3664881,471.7032,44,65,74,58
-29.0,119.5,0.0358645330606252,148.1,0.39916062,470.63834,47,68,82,58
-29.0,119.75,0.029426434130818,133.4,0.45330906,469.27573,50,74,96,60
-29.0,120.0,0.0315198221620881,121.8,0.47769502,468.0332,52,72,99,60
-29.0,120.25,0.0372955892323738,114.2,0.46751073,466.60175,54,67,98,62
-29.0,120.5,0.0406878304933863,111.4,0.4613035,465.53467,55,63,97,62
-29.0,120.75,0.0426785561050997,113.7,0.45170605,465.3304,54,60,95,63
-29.0,121.0,0.0430856397996346,120.3,0.45334363,465.3617,53,60,96,63
-29.0,121.25,0.038886302554359,129.7,0.4491532,463.9366,51,65,95,64
-29.0,121.5,0.0313420917844355,142.1,0.42909577,463.0737,48,73,90,64
-29.0,121.75,0.0252109489193008,156.6,0.4055108,462.7303,45,79,84,65
-29.0,122.0,0.0258557317512375,173.1,0.39427263,462.0345,42,78,81,65
-29.0,122.25,0.0212895270869401,191.3,0.40663236,460.30756,39,82,84,66
-29.0,122.5,0.0162613179623371,210.1,0.40433073,459.79312,36,87,84,67
-29.0,122.75,0.0264840176938811,224.6,0.359467,459.31897,34,77,71,67
-29.0,123.0,0.0341411110992166,240.6,0.33781064,459.20798,31,70,62,67
-29.0,123.25,0.0353109262650832,256.2,0.3340747,459.83987,29,69,60,67
-29.0,123.5,0.0321896372451668,272.4,0.34028417,460.2319,27,72,64,67
-29.0,123.75,0.0363598738043081,289.6,0.3435405,460.5415,25,67,65,66
-29.0,124.0,0.0416549557642567,307.7,0.35149625,460.5733,22,61,68,66
-29.0,124.25,0.0453706860364902,326.5,0.33357897,460.8091,20,57,60,66
-29.0,124.5,0.048285506769926,346.0,0.32591432,460.85028,18,53,56,66
-29.0,124.75,0.0533644485753029,366.0,0.30903715,460.01257,16,47,45,67
-29.0,125.0,0.0550591081336495,386.4,0.30245906,460.5371,15,45,41,66
-29.0,125.25,0.0548743089128817,407.2,0.30406964,460.93768,13,45,42,66
-29.0,125.5,0.0553668702841692,428.3,0.3057405,460.5079,11,45,43,66
-29.0,125.75,0.0503709633490957,449.7,0.31368032,460.41415,10,51,48,66
-29.0,126.0,0.0418117369835575,471.3,0.3462273,461.31857,8,61,66,66
-29.0,126.25,0.0327889312892997,493.2,0.37137884,460.8272,7,71,75,66
-29.0,126.5,0.0330842924437352,515.2,0.38675982,458.86804,6,71,79,68
-29.0,126.75,0.033933931102954,537.4,0.38626856,458.73123,5,70,79,68
-29.0,127.0,0.0386700923776342,559.7,0.36976752,458.3962,4,65,75,68
-29.0,127.25,0.0395992711718593,582.1,0.32497615,457.63394,3,64,55,69
-29.0,127.5,0.0391757435120996,604.2,0.313755,457.2215,3,64,48,69
-29.0,127.75,0.0384337113283219,625.6,0.31877917,456.7847,2,65,51,69
-29.0,128.0,0.0410090599297767,642.6,0.32277828,457.81784,1,62,54,68
-29.0,128.25,0.0394585282031801,622.8,0.32321557,457.11243,2,64,54,69
-29.0,128.5,0.0404257945006802,603.3,0.32272932,456.1888,3,63,54,70
-29.0,128.75,0.0419754662617508,584.1,0.31877866,455.40237,3,61,51,70
-29.0,129.0,0.0411599214033534,565.3,0.31424326,454.71265,4,62,48,71
-29.0,129.25,0.0398540421522089,546.8,0.31303164,454.3415,5,64,48,71
-29.0,129.5,0.0422563930884713,528.7,0.31713536,454.65692,5,61,50,71
-29.0,129.75,0.0436657148989893,511.1,0.33212274,454.9177,6,59,59,71
-29.0,130.0,0.0474557588680736,494.1,0.36836487,455.17725,7,54,74,70
-29.0,130.25,0.0489313122605727,477.5,0.37185585,455.03778,8,52,75,70
-29.0,130.5,0.0521705635672246,461.7,0.37809542,455.82996,9,48,77,70
-29.0,130.75,0.0485726185597568,446.5,0.37743914,456.06357,10,53,77,70
-29.0,131.0,0.0452117905907687,432.1,0.37221256,455.54456,11,57,75,70
-29.0,131.25,0.0566604891259755,418.5,0.35516813,454.92404,12,44,70,71
-29.0,131.5,0.0728271570879899,398.1,0.35994485,454.49918,14,33,72,71
-29.0,131.75,0.0764883954576882,374.7,0.36287612,454.04233,15,31,72,71
-29.0,132.0,0.0781199026087831,351.3,0.39063272,454.60294,18,30,80,71
-29.0,132.25,0.0843951871879177,328.0,0.41795874,454.47214,20,28,87,71
-29.0,132.5,0.0961358101583928,304.9,0.43203714,454.9676,23,24,91,71
-29.0,132.75,0.1097937511435399,281.8,0.41706792,454.9829,26,22,87,71
-29.0,133.0,0.1153676095687496,259.0,0.41455972,454.47757,29,21,86,71
-29.0,133.25,0.1196480022632472,236.3,0.41177502,454.21786,32,21,86,71
-29.0,133.5,0.1295287697531637,214.0,0.41753256,453.83072,36,20,87,71
-29.0,133.75,0.1357786622829735,192.1,0.426789,453.34186,39,19,90,72
-29.0,134.0,0.144562920584299,170.7,0.42023265,454.1901,43,19,88,71
-29.0,134.25,0.15799544102601,150.1,0.41341174,455.41022,47,18,86,70
-29.0,134.5,0.1785446187569981,130.7,0.37641868,457.25568,50,16,76,69
-29.0,134.75,0.1972867699502135,113.0,0.3501824,458.78946,54,15,68,68
-29.0,135.0,0.2054698066298096,98.1,0.3258318,459.55975,58,15,56,67
-29.0,135.25,0.2015940588145029,87.3,0.31633368,461.74838,60,15,50,65
-29.0,135.5,0.1984375483533811,82.3,0.32069206,463.4988,61,15,52,64
-29.0,135.75,0.2010780147321167,84.1,0.3262004,465.42975,61,15,56,63
-29.0,136.0,0.2116404145867342,92.3,0.3274009,465.9934,59,14,57,62
-29.0,136.25,0.2218216655864602,105.5,0.3077349,466.6294,56,14,44,62
-29.0,136.5,0.2200306959095455,118.7,0.2928196,467.4491,53,14,38,61
-29.0,136.75,0.21507052530845,131.6,0.29268733,469.9118,50,14,37,59
-29.0,137.0,0.2014521945417592,144.4,0.30776417,469.23126,47,15,44,60
-29.0,137.25,0.1905438342198197,157.3,0.324032,470.75452,45,16,55,58
-29.0,137.5,0.1773987084006269,170.1,0.33006793,470.1412,43,16,58,59
-29.0,137.75,0.1640082414954945,181.4,0.30880597,471.84906,41,17,45,57
-29.0,138.0,0.1476804273185691,174.8,0.30148888,473.67032,42,18,41,56
-29.0,138.25,0.1304530628879244,171.4,0.29459146,475.1863,43,20,38,55
-29.0,138.5,0.1114324690984739,171.2,0.3040468,474.5143,43,21,42,55
-29.0,138.75,0.0967116797825188,174.3,0.31251445,474.42075,42,24,47,55
-29.0,139.0,0.089557140785092,180.6,0.31029403,474.74997,41,26,46,55
-29.0,139.25,0.0836333699602012,189.7,0.3175041,478.04376,39,28,50,52
-29.0,139.5,0.0819730530336355,201.2,0.31687605,479.85583,38,29,50,51
-29.0,139.75,0.0882774910346294,214.8,0.32215878,480.47693,35,26,53,50
-29.0,140.0,0.0961076767455476,230.1,0.31910828,482.22354,33,24,51,49
-29.0,140.25,0.1007167641627824,246.8,0.31204605,479.30386,31,23,47,51
-29.0,140.5,0.097819245711296,264.5,0.32594615,478.2868,28,23,56,52
-29.0,140.75,0.0927689769837473,283.2,0.34236148,479.09042,26,25,65,51
-29.0,141.0,0.0941409394655021,302.6,0.36450073,478.75885,23,24,73,52
-29.0,141.25,0.0949991093613096,314.5,0.37209094,476.18246,21,24,75,54
-29.0,141.5,0.0901905881784235,315.3,0.3546736,474.7798,21,25,70,55
-29.0,141.75,0.0927123898063742,317.8,0.33835906,474.09064,21,25,63,56
-29.0,142.0,0.0993075236204146,322.1,0.3112121,473.84384,21,23,46,56
-29.0,142.25,0.0968805646834274,328.1,0.29363564,474.54654,20,24,38,55
-29.0,142.5,0.0923950683669231,318.1,0.286504,476.40366,21,25,35,54
-29.0,142.75,0.0813929859748376,303.4,0.29758132,478.24475,23,29,39,52
-29.0,143.0,0.0750861763555024,280.9,0.30866596,478.85294,26,32,45,52
-29.0,143.25,0.062585171004979,258.6,0.332857,476.97726,29,39,60,53
-29.0,143.5,0.0575930329860143,236.8,0.35886893,474.6921,32,43,71,55
-29.0,143.75,0.0674896127013133,215.4,0.36744365,472.09763,35,36,74,57
-29.0,144.0,0.0876194470207251,194.7,0.32169217,471.09427,39,26,53,58
-29.0,144.25,0.0964141593314707,174.9,0.27873352,470.44067,42,24,33,59
-29.0,144.5,0.0945753321583782,156.3,0.24999085,470.13452,45,24,26,59
-29.0,144.75,0.0928055440120044,139.4,0.25032666,470.87137,48,25,26,58
-29.0,145.0,0.0926121838546047,125.0,0.25468904,470.8096,52,25,28,58
-29.0,145.25,0.0936850478351559,113.9,0.25481963,469.78165,54,24,28,59
-29.0,145.5,0.0908514796889254,107.1,0.25888622,470.86063,56,25,28,58
-29.0,145.75,0.0856284408787143,105.7,0.26906353,471.4,56,27,31,58
-29.0,146.0,0.0825783947704448,109.6,0.26894155,470.90283,55,28,31,58
-29.0,146.25,0.0822823728922577,117.9,0.24886529,469.68707,53,28,26,59
-29.0,146.5,0.079723996296525,111.6,0.24048951,469.30695,55,29,24,60
-29.0,146.75,0.0791548521828926,105.0,0.23874119,469.6571,56,30,24,59
-29.0,147.0,0.0783357895578124,102.4,0.23630361,470.05502,57,30,23,59
-29.0,147.25,0.0791676183275523,82.4,0.25017026,470.12213,61,30,26,59
-29.0,147.5,0.0826785617951481,65.1,0.26625094,470.79926,66,28,30,58
-29.0,147.75,0.0846258937625125,52.4,0.2692069,471.2202,69,27,31,58
-29.0,148.0,0.0860367266372555,48.0,0.25628725,469.97162,71,27,28,59
-29.0,148.25,0.084265501719589,54.8,0.25023538,469.87573,69,28,26,59
-29.0,148.5,0.0854861616899835,47.9,0.2394267,469.64423,71,27,24,59
-29.0,148.75,0.0827308647689365,23.9,0.23495094,468.69955,80,28,23,60
-29.0,149.0,0.0781687594783891,1.2,0.23225081,467.91656,99,30,23,61
-29.0,149.25,0.0724518581958753,4.0,0.24472915,467.07693,95,33,25,61
-29.0,149.5,0.0686023679238999,8.4,0.25158742,466.1618,91,35,27,62
-29.0,149.75,0.0634570166573948,14.1,0.2673292,465.37262,87,38,30,63
-29.0,150.0,0.0588674141860489,32.1,0.27384448,464.51187,77,42,32,63
-29.0,150.25,0.0583891718742615,16.9,0.2560052,462.43396,85,42,28,65
-29.0,150.5,0.0652342093202085,6.0,0.2217544,460.6423,93,37,21,66
-29.0,150.75,0.0780053377962238,23.7,0.17484875,458.88428,81,30,14,67
-29.0,151.0,0.0860975280149086,15.5,0.13696261,458.62692,86,27,7,68
-29.0,151.25,0.0810214070558902,1.7,0.1198721,459.66763,98,29,5,67
-29.0,151.5,0.0694816138351424,20.8,0.13741651,455.277,82,34,8,70
-29.0,151.75,0.0926431937808437,28.6,0.14301544,447.3895,78,25,9,76
-29.0,152.0,0.1296020415411996,7.5,0.11087343,436.7783,92,20,4,81
-29.0,152.25,0.1436867901301455,5.7,0.06938209,425.69815,93,19,1,86
-29.0,152.5,0.1376978727112665,11.2,0.04967805,415.1427,89,19,1,89
-29.0,152.75,0.1440404096249646,12.1,0.0730185,407.6197,88,19,1,92
-29.0,153.0,0.1405952753537955,1.2,0.10226683,406.7197,99,19,3,92
-29.0,153.25,0.1214718887549159,8.7,0.12811308,411.875,91,21,6,90
-29.25,115.0,0.0229768505963009,23.7,0.3443034,469.3626,81,81,65,59
-29.25,115.25,0.024447504047393,7.0,0.32070577,470.29865,92,79,52,59
-29.25,115.5,0.0203697850306828,8.6,0.32563743,468.70645,91,83,56,60
-29.25,115.75,0.0125119558668562,24.8,0.33219758,468.69766,80,90,59,60
-29.25,116.0,0.0101132003767859,14.1,0.35043094,469.7434,87,92,68,59
-29.25,116.25,0.0095942592425715,2.1,0.382985,471.01645,98,93,78,58
-29.25,116.5,0.0088098160057727,7.3,0.41172162,470.89175,92,93,86,58
-29.25,116.75,0.0118367220230755,7.0,0.42623404,470.20224,92,91,89,59
-29.25,117.0,0.0106654641972411,24.2,0.43441063,469.96643,80,92,91,59
-29.25,117.25,0.0118109469435044,47.7,0.4312098,471.1229,71,91,91,58
-29.25,117.5,0.0104276034094038,71.5,0.44955164,471.4394,64,92,95,58
-29.25,117.75,0.0137404182038846,95.4,0.4548575,472.05484,58,89,96,57
-29.25,118.0,0.0190054140319781,116.5,0.4556594,471.9186,53,84,96,57
-29.25,118.25,0.0201818633236966,138.1,0.4600678,470.85156,49,83,97,58
-29.25,118.5,0.0258146015284139,160.3,0.4427935,469.6501,45,78,93,59
-29.25,118.75,0.0374787893689547,183.1,0.40310824,468.69507,41,66,83,60
-29.25,119.0,0.0435001251731245,201.7,0.36212188,468.5342,37,59,72,60
-29.25,119.25,0.0403263785676764,185.1,0.36608827,468.84323,40,63,73,60
-29.25,119.5,0.0307599738783513,170.2,0.40283912,468.91663,43,73,83,60
-29.25,119.75,0.0275612251977214,157.6,0.45275962,467.6795,45,76,96,61
-29.25,120.0,0.0297162637197678,147.9,0.48104528,465.4185,47,74,99,63
-29.25,120.25,0.0348282796397273,141.7,0.4624307,465.19348,48,69,97,63
-29.25,120.5,0.0379239864381296,139.5,0.45185313,464.0389,48,66,95,64
-29.25,120.75,0.0375853551015357,141.4,0.45528206,463.4396,48,66,96,64
-29.25,121.0,0.0383968610006074,146.2,0.45431668,463.00436,47,65,96,65
-29.25,121.25,0.0388495298537669,144.3,0.45763865,462.68997,47,65,97,65
-29.25,121.5,0.0380197515201178,146.4,0.41657546,462.2545,47,66,87,65
-29.25,121.75,0.0326182466332933,152.2,0.38819566,461.5038,46,71,80,66
-29.25,122.0,0.024307968243513,161.4,0.38507006,460.50638,44,79,79,66
-29.25,122.25,0.01901997747953,173.4,0.39502516,459.44302,42,84,81,67
-29.25,122.5,0.0151283201844697,187.7,0.37812468,457.3923,40,88,77,69
-29.25,122.75,0.0250450638521994,203.8,0.3538046,457.11398,37,79,69,69
-29.25,123.0,0.0321307880914814,219.3,0.33137432,456.88885,35,72,59,69
-29.25,123.25,0.0299755401177597,235.5,0.32523885,456.37543,32,74,56,69
-29.25,123.5,0.0271677075075872,252.9,0.3300742,456.398,30,77,58,69
-29.25,123.75,0.0296223147816601,271.3,0.36477056,456.55228,27,74,73,69
-29.25,124.0,0.0359251887049703,290.5,0.39109778,457.55646,24,68,80,69
-29.25,124.25,0.0406710485827976,310.4,0.369854,457.7054,22,63,75,68
-29.25,124.5,0.0500563582471971,330.7,0.33148003,457.4764,20,51,59,69
-29.25,124.75,0.0572357886721701,351.5,0.30920216,456.82938,17,43,45,69
-29.25,125.0,0.0616452064764286,372.7,0.3090705,457.308,16,40,45,69
-29.25,125.25,0.058521604491952,394.2,0.3276647,457.78464,14,42,57,68
-29.25,125.5,0.0578084964883081,415.9,0.32503703,457.52487,12,43,55,69
-29.25,125.75,0.0511560820841363,437.9,0.3219677,457.95724,11,50,53,68
-29.25,126.0,0.0429418231892798,460.0,0.34479725,458.63937,9,60,66,68
-29.25,126.25,0.0356087178124913,482.3,0.37810627,457.8387,8,68,77,68
-29.25,126.5,0.0356430844758592,504.7,0.4115533,457.07037,6,68,86,69
-29.25,126.75,0.0373609581197212,527.2,0.40938696,456.48996,5,66,85,69
-29.25,127.0,0.0395282058045268,548.6,0.37650996,455.9334,4,64,76,70
-29.25,127.25,0.039835853377978,570.1,0.328494,455.14322,4,64,57,70
-29.25,127.5,0.038016947804551,591.8,0.31876564,454.69788,3,66,51,71
-29.25,127.75,0.0365848264812181,613.6,0.32246503,453.74615,2,67,54,72
-29.25,128.0,0.0396553337307912,627.3,0.32355404,454.27103,2,64,54,71
-29.25,128.25,0.045204342413871,607.1,0.3195672,454.47998,2,57,52,71
-29.25,128.5,0.0473007783293724,587.1,0.3145147,453.96503,3,54,49,71
-29.25,128.75,0.0446261411266667,567.4,0.3095309,453.37283,4,58,45,72
-29.25,129.0,0.0410319459491542,548.0,0.30971757,453.04077,4,62,45,72
-29.25,129.25,0.0430059806621145,529.0,0.30733398,452.53577,5,60,44,72
-29.25,129.5,0.0460956111129018,510.3,0.3069246,452.4312,6,56,44,72
-29.25,129.75,0.0494178505168141,492.1,0.31664658,452.3976,7,52,50,72
-29.25,130.0,0.0452359480262246,474.4,0.35103172,452.44528,8,57,68,72
-29.25,130.25,0.0415239514394973,457.2,0.40240008,452.87076,9,62,83,72
-29.25,130.5,0.0461403885030276,440.6,0.41012326,453.58173,10,56,85,72
-29.25,130.75,0.0520735017123765,424.7,0.41998124,453.15408,12,48,88,72
-29.25,131.0,0.0530887193756089,409.6,0.41307878,452.12534,13,47,86,73
-29.25,131.25,0.0602541602039266,395.3,0.40238866,453.29398,14,41,83,72
-29.25,131.5,0.0764427088921712,381.9,0.39061195,452.79916,15,31,80,72
-29.25,131.75,0.081691268056498,369.1,0.38327253,452.56668,16,29,78,72
-29.25,132.0,0.0855625085122439,345.4,0.37915716,452.79703,18,27,77,72
-29.25,132.25,0.0927623234223574,321.8,0.40008035,452.92737,21,25,83,72
-29.25,132.5,0.1025761094764762,298.2,0.4218403,453.26367,24,22,88,72
-29.25,132.75,0.112946119079771,274.7,0.41687182,453.6009,27,21,87,72
-29.25,133.0,0.1178445317261364,251.2,0.41249257,453.4195,30,21,86,72
-29.25,133.25,0.1253534931423408,227.9,0.4218825,453.40207,33,20,88,72
-29.25,133.5,0.1343555448931597,204.7,0.4254439,453.1015,37,19,89,72
-29.25,133.75,0.1469981264300821,181.7,0.42192197,453.30075,41,18,88,72
-29.25,134.0,0.158402763408265,159.0,0.41637218,453.15015,45,18,87,72
-29.25,134.25,0.1700839705743073,136.7,0.4058071,454.291,49,17,84,71
-29.25,134.5,0.1802436918696566,115.0,0.39332265,455.0026,54,16,81,70
-29.25,134.75,0.1939460202164593,94.6,0.36441293,456.2789,59,15,73,70
-29.25,135.0,0.2062786517670333,76.1,0.34789583,457.06573,63,15,67,69
-29.25,135.25,0.2078973730405171,61.6,0.33156928,459.3176,67,15,59,67
-29.25,135.5,0.2037154417864734,54.3,0.3300032,461.14194,69,15,58,66
-29.25,135.75,0.2092153841673973,57.0,0.3291441,462.15424,68,14,58,65
-29.25,136.0,0.2173073691138554,68.5,0.32513285,462.57816,65,14,55,65
-29.25,136.25,0.2207526729309133,82.1,0.30873007,463.26718,61,14,45,64
-29.25,136.5,0.2183270713491809,95.0,0.2970905,463.77435,59,14,39,64
-29.25,136.75,0.2127537309502561,107.9,0.2918497,465.9393,55,14,37,62
-29.25,137.0,0.206345087992737,120.7,0.30192807,462.2473,53,15,41,65
-29.25,137.25,0.1964777695059421,133.5,0.31387872,460.97485,50,15,48,66
-29.25,137.5,0.183040939844449,146.3,0.31761128,465.98505,47,16,50,62
-29.25,137.75,0.1693331495237847,155.3,0.30426744,469.94995,45,17,42,59
-29.25,138.0,0.1555012019085032,147.5,0.29223964,471.53677,47,18,37,58
-29.25,138.25,0.1439958654931702,143.4,0.2952718,471.51428,48,19,38,58
-29.25,138.5,0.128376680304895,143.2,0.30062032,470.59982,48,20,41,58
-29.25,138.75,0.1108336056466214,146.9,0.31257737,470.90945,47,21,47,58
-29.25,139.0,0.0973763124795542,154.3,0.30655873,471.59512,46,24,43,58
-29.25,139.25,0.0916936105294596,164.8,0.3094466,474.69028,44,25,45,55
-29.25,139.5,0.0848258280763513,178.0,0.32009974,474.1187,41,27,52,56
-29.25,139.75,0.0896895548805505,193.2,0.32377028,474.15582,39,26,55,56
-29.25,140.0,0.1095123596888567,210.0,0.31838924,481.0445,36,22,51,50
-29.25,140.25,0.1160386446037418,228.1,0.31671706,478.29745,33,21,50,52
-29.25,140.5,0.1119193702115721,247.2,0.33026806,477.28293,31,21,58,53
-29.25,140.75,0.1085876734727727,267.0,0.35840306,477.4291,28,22,71,53
-29.25,141.0,0.1100382712869239,287.5,0.37566763,476.30023,25,22,76,54
-29.25,141.25,0.112779068827374,286.5,0.36954692,474.40817,25,21,74,55
-29.25,141.5,0.1129949557449435,287.3,0.34420675,473.08902,25,21,65,57
-29.25,141.75,0.1160463554628049,290.1,0.32477957,472.15936,25,21,55,57
-29.25,142.0,0.1145735043067751,294.8,0.31194374,471.65466,24,21,47,58
-29.25,142.25,0.1093186516991062,301.3,0.2961836,472.3891,23,22,39,57
-29.25,142.5,0.0973714468357641,308.1,0.29910967,474.2615,22,24,40,56
-29.25,142.75,0.0887748297572778,314.0,0.30412608,474.23184,22,26,42,56
-29.25,143.0,0.0781957221787057,292.3,0.3155104,475.00626,24,30,49,55
-29.25,143.25,0.0695038516734105,271.1,0.3425609,474.68234,27,34,65,55
-29.25,143.5,0.0627524649014785,250.3,0.36706743,473.2183,30,39,74,56
-29.25,143.75,0.0743125621688142,230.3,0.37416688,470.91193,33,32,76,58
-29.25,144.0,0.100790713547862,209.8,0.32316655,469.5147,36,23,54,59
-29.25,144.25,0.110631811904854,188.7,0.2780749,468.92697,40,22,33,60
-29.25,144.5,0.1118715107634974,168.4,0.25265354,468.68246,43,21,27,60
-29.25,144.75,0.1089592143560626,149.3,0.2498373,469.59183,47,22,26,59
-29.25,145.0,0.1100559068311538,131.6,0.2520735,468.4012,50,22,27,60
-29.25,145.25,0.1091557592286595,116.3,0.25122765,467.78506,53,22,27,61
-29.25,145.5,0.1051530010466064,104.2,0.25106242,468.62433,56,22,27,60
-29.25,145.75,0.1021679738802569,96.6,0.2513646,468.60022,58,22,27,60
-29.25,146.0,0.096215105384943,94.7,0.24936476,468.1424,59,24,26,60
-29.25,146.25,0.0941407535801686,97.7,0.24946299,467.17352,58,24,26,61
-29.25,146.5,0.0893011568712868,85.5,0.25024647,467.6236,61,26,26,61
-29.25,146.75,0.0862580628602743,77.6,0.24681069,468.30948,63,27,26,60
-29.25,147.0,0.0837044967914975,75.4,0.25481766,469.01117,63,28,28,60
-29.25,147.25,0.0810847770090081,68.8,0.26688364,468.88538,65,29,30,60
-29.25,147.5,0.0830439443633492,46.8,0.27486622,469.36157,71,28,32,59
-29.25,147.75,0.0857284104052398,28.2,0.27033544,469.0347,78,27,31,60
-29.25,148.0,0.0864022855203421,20.1,0.25495288,468.50754,83,27,28,60
-29.25,148.25,0.0875407726659129,33.3,0.2440824,467.72452,76,26,25,61
-29.25,148.5,0.0868422999667624,50.0,0.23167303,467.26273,70,27,23,61
-29.25,148.75,0.0816079586622349,30.9,0.23716386,466.64215,77,29,24,61
-29.25,149.0,0.0771859632860425,22.5,0.23457332,465.58466,81,31,23,62
-29.25,149.25,0.0702290255842464,23.8,0.2383,465.0692,81,34,24,63
-29.25,149.5,0.0664438918277266,19.6,0.24668252,464.12637,83,36,26,64
-29.25,149.75,0.0617552433309832,2.1,0.25844714,463.34314,98,40,28,64
-29.25,150.0,0.0639748340827368,19.7,0.25266552,462.99982,83,38,27,65
-29.25,150.25,0.0715728397880281,26.3,0.2343437,460.9267,79,33,23,66
-29.25,150.5,0.0756804384518459,12.7,0.20803985,459.0483,88,31,19,67
-29.25,150.75,0.0762083715382253,0.2,0.19709502,457.8144,100,31,17,68
-29.25,151.0,0.0801198330369689,1.2,0.15895969,457.79373,99,29,12,68
-29.25,151.25,0.0649568937908736,6.7,0.13888848,458.0898,92,37,8,68
-29.25,151.5,0.0606403596189227,10.5,0.15252331,453.81686,89,40,10,71
-29.25,151.75,0.0909817362062832,19.1,0.15975703,446.07153,83,25,12,77
-29.25,152.0,0.1422954116941712,0.6,0.10402314,435.659,100,19,4,82
-29.25,152.25,0.1488884119250412,21.8,0.060693413,424.2531,82,18,1,86
-29.25,152.5,0.1272623059982877,36.7,0.035740357,415.37796,75,20,1,89
-29.25,152.75,0.1306998041414079,21.2,0.06386595,408.41315,82,20,1,91
-29.25,153.0,0.1234927671196471,1.5,0.096467696,407.1054,98,20,3,92
-29.25,153.25,0.0792836458821381,19.1,0.19328853,410.53925,83,30,17,91
-29.5,115.0,0.0161562183162286,35.6,0.35091442,463.64908,75,87,68,64
-29.5,115.25,0.0178548588727911,18.3,0.32972455,465.61932,84,86,58,62
-29.5,115.5,0.0128466366479794,5.7,0.349532,465.1796,93,90,68,63
-29.5,115.75,0.0068107001549963,1.7,0.35511357,464.97177,98,95,70,63
-29.5,116.0,0.0044300654038254,9.6,0.33901697,466.58728,90,97,63,62
-29.5,116.25,0.0061438331513532,22.6,0.364566,468.497,81,95,73,60
-29.5,116.5,0.0057990081386551,34.6,0.3839097,468.8738,76,96,78,60
-29.5,116.75,0.0054923239474495,35.0,0.3846797,467.6237,76,96,79,61
-29.5,117.0,0.0088378597583089,42.0,0.38810724,467.45148,73,93,80,61
-29.5,117.25,0.0071191134995647,58.7,0.40322533,467.60925,68,95,83,61
-29.5,117.5,0.0056622384825632,79.2,0.426667,468.11392,62,96,90,60
-29.5,117.75,0.0091111176957686,101.3,0.43476287,469.31876,57,93,92,59
-29.5,118.0,0.0134684922417537,124.1,0.44043574,469.35422,52,90,93,59
-29.5,118.25,0.0182606250646391,147.3,0.43983868,467.91565,47,85,93,61
-29.5,118.5,0.0193355645867302,170.7,0.43933716,466.84738,43,84,93,61
-29.5,118.75,0.0299251166771033,193.4,0.41410282,466.38068,39,74,86,62
-29.5,119.0,0.038512040381985,192.2,0.389876,465.90964,39,65,80,62
-29.5,119.25,0.0373084339144129,190.4,0.39197472,465.17648,39,67,81,63
-29.5,119.5,0.0327847390369113,191.2,0.42358708,465.29202,39,71,89,63
-29.5,119.75,0.0271678273832159,182.8,0.44462478,465.47107,41,77,94,63
-29.5,120.0,0.0296545777115083,166.1,0.46117365,463.53476,43,74,97,64
-29.5,120.25,0.0345470961842996,150.0,0.44453207,463.5338,47,69,94,64
-29.5,120.5,0.036207773829145,136.2,0.44945183,462.28223,49,68,95,65
-29.5,120.75,0.0369445594382428,125.4,0.44618863,461.4162,52,67,94,66
-29.5,121.0,0.0348088988319172,118.6,0.43936646,461.55362,53,69,93,66
-29.5,121.25,0.0351923967167663,116.3,0.44468027,461.39963,53,69,94,66
-29.5,121.5,0.0387962901210855,118.8,0.4056804,460.59238,53,65,84,66
-29.5,121.75,0.0389830360532782,125.9,0.3941609,459.59863,51,65,81,67
-29.5,122.0,0.0312507110470462,136.9,0.38767073,458.8192,49,73,80,68
-29.5,122.25,0.0200372509375613,150.8,0.38954386,458.1173,46,83,80,68
-29.5,122.5,0.014145230645469,167.0,0.3644753,455.8435,43,89,73,70
-29.5,122.75,0.0221699606240214,182.4,0.34809184,454.91852,41,81,67,71
-29.5,123.0,0.0286170629318803,198.7,0.34298617,454.03613,38,75,65,71
-29.5,123.25,0.0270994463935494,216.4,0.33492753,453.75308,35,77,61,72
-29.5,123.5,0.0239933403208851,235.2,0.3350108,453.10376,32,80,61,72
-29.5,123.75,0.02573510683696,254.9,0.36696324,453.19403,29,78,74,72
-29.5,124.0,0.0300986734130198,275.2,0.40129206,454.22708,27,74,83,71
-29.5,124.25,0.0336804901781891,296.0,0.4031003,454.67545,24,70,83,71
-29.5,124.5,0.0437487678386138,317.2,0.36289433,454.5164,21,59,72,71
-29.5,124.75,0.0563503655671541,338.8,0.31318158,453.82068,19,44,48,71
-29.5,125.0,0.0626961791444392,360.7,0.3068276,453.37405,17,39,44,72
-29.5,125.25,0.0580485199694521,382.8,0.33979973,454.14197,15,42,63,71
-29.5,125.5,0.0502257495054176,405.1,0.37756485,454.69806,13,51,77,71
-29.5,125.75,0.0443012018466279,427.5,0.37256193,455.24487,11,58,75,70
-29.5,126.0,0.0423825245794086,450.1,0.37779906,455.654,10,61,77,70
-29.5,126.25,0.0369679537956558,471.7,0.40008235,455.39944,8,67,83,70
-29.5,126.5,0.0365168430243751,493.1,0.43292144,454.70108,7,67,91,71
-29.5,126.75,0.0370053707854822,514.7,0.43403804,453.83267,6,67,91,71
-29.5,127.0,0.0385592539661696,536.5,0.39876682,453.0362,5,65,82,72
-29.5,127.25,0.0425104768237187,558.4,0.35445127,452.34644,4,60,69,73
-29.5,127.5,0.0427839240414046,580.5,0.33924046,451.73242,3,60,63,73
-29.5,127.75,0.0415034267962688,602.7,0.33734253,450.88342,3,62,62,74
-29.5,128.0,0.0437981494125865,612.9,0.32688203,450.64102,2,59,56,74
-29.5,128.25,0.0499265154202779,592.2,0.31997874,451.57996,3,51,52,73
-29.5,128.5,0.0521988494388226,571.8,0.32051465,451.2895,4,48,52,73
-29.5,128.75,0.0498477937054953,551.6,0.3215317,451.0166,4,51,53,73
-29.5,129.0,0.0459641672404749,531.7,0.32054666,450.95007,5,56,52,74
-29.5,129.25,0.0512334109214688,512.1,0.3184956,449.9772,6,49,51,74
-29.5,129.5,0.0541551859162393,492.8,0.31516692,449.71365,7,46,49,74
-29.5,129.75,0.0536870043369985,474.0,0.30338058,449.25516,8,46,42,75
-29.5,130.0,0.0489450360537462,455.6,0.32500768,449.26556,9,52,55,75
-29.5,130.25,0.0410683967527889,437.7,0.38625368,450.0354,11,62,79,74
-29.5,130.5,0.0394618567345397,420.4,0.43049702,450.53244,12,64,91,74
-29.5,130.75,0.0459832241115648,403.8,0.43653816,449.91592,13,56,92,74
-29.5,131.0,0.0568996695003339,387.8,0.43966448,449.8753,14,43,93,74
-29.5,131.25,0.0663947204393999,372.7,0.43140584,451.2865,16,36,91,73
-29.5,131.5,0.0802050183615869,358.5,0.41262132,450.97812,17,29,86,73
-29.5,131.75,0.0871283811627931,345.4,0.38895187,450.8707,18,27,80,74
-29.5,132.0,0.0928695434216587,333.4,0.37972492,451.13602,19,25,77,73
-29.5,132.25,0.0994835613783271,317.9,0.37782645,450.95712,21,23,77,73
-29.5,132.5,0.1092041597346819,294.1,0.39969572,451.19302,24,22,83,73
-29.5,132.75,0.1182574937929443,270.3,0.4035313,451.8152,27,21,83,73
-29.5,133.0,0.1200337413829055,246.4,0.40752152,452.71472,31,21,85,72
-29.5,133.25,0.1274579177388832,222.7,0.41229147,452.4501,34,20,86,72
-29.5,133.5,0.1385871047763863,198.9,0.42505944,452.29962,38,19,89,73
-29.5,133.75,0.1518313921677569,175.2,0.41970745,452.88034,42,18,88,72
-29.5,134.0,0.1653835050168536,151.6,0.41485503,452.69186,46,17,87,72
-29.5,134.25,0.1780664788010264,128.1,0.40499178,452.83237,51,16,84,72
-29.5,134.5,0.1874191204413364,104.7,0.3866935,453.36945,56,16,79,72
-29.5,134.75,0.1945738812922389,81.8,0.37407085,454.0519,62,15,76,71
-29.5,135.0,0.2032959649946341,59.5,0.37328422,454.7227,67,15,76,71
-29.5,135.25,0.208935497728886,39.4,0.35887212,456.74255,74,14,71,69
-29.5,135.5,0.2184704872735199,26.6,0.34426486,458.25958,79,14,65,68
-29.5,135.75,0.2218138498475863,31.7,0.33921006,459.40146,77,14,63,67
-29.5,136.0,0.2249350847365955,45.5,0.32912758,459.726,72,13,58,67
-29.5,136.25,0.2241412398094932,58.5,0.31565645,459.86697,68,13,49,67
-29.5,136.5,0.218465192546691,71.4,0.30819136,460.35187,64,14,44,66
-29.5,136.75,0.2088085418622497,84.2,0.30991468,461.60815,61,14,45,65
-29.5,137.0,0.2017783614230298,97.0,0.31416726,457.71344,58,15,48,68
-29.5,137.25,0.1929231157897794,109.8,0.3182952,457.53513,55,16,51,69
-29.5,137.5,0.1799735655753119,121.4,0.31979385,462.35654,52,16,52,65
-29.5,137.75,0.1693369479051658,129.9,0.30628157,466.39868,51,17,43,62
-29.5,138.0,0.1648287453699768,120.6,0.29326457,467.45294,53,17,38,61
-29.5,138.25,0.1572084920658242,115.5,0.2902989,467.6742,54,18,36,61
-29.5,138.5,0.1470965678981017,115.3,0.2962075,468.52887,54,18,39,60
-29.5,138.75,0.1315057517855339,119.9,0.30564207,468.79498,53,20,43,60
-29.5,139.0,0.1151092670661109,128.8,0.3000445,469.46872,51,21,40,59
-29.5,139.25,0.0956156599148276,141.2,0.30945244,470.7079,48,24,45,58
-29.5,139.5,0.0869826110224017,156.3,0.3176528,470.2394,45,27,50,59
-29.5,139.75,0.0946098845047388,173.4,0.31739032,470.99286,42,24,50,58
-29.5,140.0,0.1199789808752636,191.9,0.31035095,477.43643,39,21,46,53
-29.5,140.25,0.1298616133868043,211.5,0.31091112,476.12982,36,20,46,54
-29.5,140.5,0.1238139607145318,231.9,0.3399104,476.24243,33,20,63,54
-29.5,140.75,0.1204062941406543,252.9,0.3636779,476.45438,30,21,73,53
-29.5,141.0,0.1253679460335877,259.7,0.3762024,474.49402,29,20,76,55
-29.5,141.25,0.1305754918435316,258.5,0.3668122,472.43198,29,20,74,57
-29.5,141.5,0.1369528387517978,259.4,0.34092197,471.47333,29,19,64,58
-29.5,141.75,0.1430816363709579,262.4,0.321183,470.01086,28,19,53,59
-29.5,142.0,0.1406301252743495,267.6,0.30608943,469.60263,28,19,43,59
-29.5,142.25,0.1276823039299675,274.7,0.30926454,469.95737,27,20,45,59
-29.5,142.5,0.1117909494011352,281.0,0.31646267,471.45474,26,21,50,58
-29.5,142.75,0.0973730439456024,288.4,0.32077363,471.74487,25,24,52,58
-29.5,143.0,0.0834258523381625,290.3,0.3396147,471.62875,24,28,63,58
-29.5,143.25,0.0709185399723927,267.1,0.3647221,471.22452,28,34,73,58
-29.5,143.5,0.0774863579354825,244.0,0.3677417,469.58887,31,30,74,59
-29.5,143.75,0.0908544272115077,221.2,0.36640373,468.48093,34,25,74,60
-29.5,144.0,0.1146324418973,198.5,0.3136178,467.44366,38,21,48,61
-29.5,144.25,0.1252700081383366,176.2,0.2767279,467.54318,42,20,33,61
-29.5,144.5,0.12691933489072,154.3,0.24930944,467.6142,46,20,26,61
-29.5,144.75,0.1231430767547516,133.1,0.25157776,468.27795,50,20,27,60
-29.5,145.0,0.1230584386957898,113.1,0.2529678,467.64844,54,20,27,61
-29.5,145.25,0.1197187119363141,94.8,0.25132772,466.95023,59,21,27,61
-29.5,145.5,0.1174782250276101,79.6,0.25129762,466.24667,62,21,27,62
-29.5,145.75,0.1124455665648427,69.4,0.24834283,466.25534,65,21,26,62
-29.5,146.0,0.1099255539499045,66.7,0.25438148,466.00876,66,22,27,62
-29.5,146.25,0.1064986761615035,72.2,0.25767708,465.60294,64,22,28,62
-29.5,146.5,0.0989271187267842,60.9,0.26572186,466.7127,67,23,30,61
-29.5,146.75,0.0932156065650772,50.8,0.27299783,467.78058,70,24,32,61
-29.5,147.0,0.0874920499766068,47.5,0.2781073,468.32755,71,26,33,60
-29.5,147.25,0.08475562280177,55.2,0.2737747,467.57346,69,27,32,61
-29.5,147.5,0.0859022678851726,41.3,0.2700773,467.19525,73,27,31,61
-29.5,147.75,0.0873334849341994,17.8,0.26176968,467.02878,84,26,29,61
-29.5,148.0,0.0886557535844899,1.2,0.25448507,467.26395,99,26,27,61
-29.5,148.25,0.0883237630037391,20.1,0.24011579,466.30215,83,26,24,62
-29.5,148.5,0.0857578085070209,36.6,0.24862295,465.0666,75,27,26,63
-29.5,148.75,0.07895702300815,20.8,0.25852585,464.38663,82,30,28,63
-29.5,149.0,0.0758164657058105,5.0,0.24903926,463.43698,94,31,26,64
-29.5,149.25,0.0724096003592768,1.5,0.24109304,462.30545,98,33,24,65
-29.5,149.5,0.0661020829697095,6.3,0.24333754,461.4952,93,37,25,66
-29.5,149.75,0.063616419861847,2.6,0.24932711,461.31976,97,38,26,66
-29.5,150.0,0.0705407199111678,0.2,0.23357973,461.1341,100,34,23,66
-29.5,150.25,0.0836097929493657,7.7,0.19773443,459.39175,92,28,18,67
-29.5,150.5,0.0843872541960861,6.9,0.1837038,457.65393,92,28,15,69
-29.5,150.75,0.0853676340343164,12.9,0.17074712,456.5454,88,27,13,69
-29.5,151.0,0.0766158253087529,9.2,0.17955633,456.70523,90,31,15,69
-29.5,151.25,0.0573416337758923,11.7,0.17081022,456.3555,89,43,13,69
-29.5,151.5,0.0604331715985955,6.5,0.19146967,452.3497,93,40,16,73
-29.5,151.75,0.116828498611271,7.6,0.17575403,445.41074,92,21,14,77
-29.5,152.0,0.1630458793647232,13.1,0.12485552,435.1334,88,17,6,82
-29.5,152.25,0.1454268148490449,35.4,0.05419919,424.23538,75,19,1,86
-29.5,152.5,0.1147431056436506,40.3,0.029456818,415.93246,74,21,1,89
-29.5,152.75,0.1129439402260773,20.4,0.0511779,409.58072,83,21,1,91
-29.5,153.0,0.1011131275644792,2.1,0.103819504,409.7947,98,23,4,91
-29.5,153.25,0.0604112543331991,4.3,0.20338264,412.8762,95,40,18,90
-29.75,115.0,0.0110769144941254,38.9,0.36544323,459.3584,74,91,73,67
-29.75,115.25,0.0100693618124794,20.0,0.34101585,461.29462,83,92,64,66
-29.75,115.5,0.0054942624909537,1.2,0.36169463,460.40274,99,96,72,66
-29.75,115.75,0.0009874414497365,17.6,0.36295033,460.8575,84,100,72,66
-29.75,116.0,0.00053965421837,1.7,0.34099028,462.41513,98,100,64,65
-29.75,116.25,0.0022699372443769,25.6,0.35412294,465.334,80,99,69,63
-29.75,116.5,0.0001885757071986,49.4,0.36237198,466.2531,70,100,72,62
-29.75,116.75,0.0022106870362352,63.1,0.3580843,464.92404,66,99,71,63
-29.75,117.0,0.001557891348022,67.1,0.36261588,465.08298,65,99,72,63
-29.75,117.25,0.0046096254694497,78.7,0.3744177,465.07666,62,97,76,63
-29.75,117.5,0.0002073079525005,95.0,0.40586382,465.74646,59,100,84,62
-29.75,117.75,0.0019034299395224,114.0,0.42572823,465.60825,54,99,89,62
-29.75,118.0,0.0101986271284875,134.6,0.4268407,465.82788,50,92,90,62
-29.75,118.25,0.0154373072132113,156.2,0.40471467,465.30054,45,88,84,63
-29.75,118.5,0.0196542354478012,178.1,0.39781952,463.96213,41,84,82,64
-29.75,118.75,0.0219317740211928,169.8,0.4105018,464.25424,43,82,85,63
-29.75,119.0,0.0266027165543554,164.4,0.4300808,463.64417,44,77,90,64
-29.75,119.25,0.0300049405650324,162.4,0.4260038,462.6832,44,74,89,65
-29.75,119.5,0.0334609147540981,163.3,0.41970533,462.7294,44,70,88,65
-29.75,119.75,0.0314240715067301,165.1,0.430049,463.04626,44,72,90,64
-29.75,120.0,0.0305860981489309,147.7,0.4240551,461.88965,47,73,89,65
-29.75,120.25,0.0324863284604535,129.4,0.42926472,461.49246,51,72,90,66
-29.75,120.5,0.0360814216968026,113.1,0.4330011,460.3475,54,68,91,66
-29.75,120.75,0.0385488795848297,100.0,0.42379844,460.0545,57,65,89,67
-29.75,121.0,0.0388687626192612,91.2,0.40586025,460.30035,59,65,84,66
-29.75,121.25,0.0332966257041941,88.2,0.41676062,459.51962,60,71,87,67
-29.75,121.5,0.0385381395529423,91.6,0.40114138,458.4966,59,65,83,68
-29.75,121.75,0.0418004148528866,100.6,0.3890567,457.523,57,61,80,69
-29.75,122.0,0.0392149305783927,113.9,0.37269095,456.09875,54,64,75,70
-29.75,122.25,0.0278185570368631,130.3,0.3698986,455.8573,50,76,75,70
-29.75,122.5,0.0154629961060847,145.5,0.3549891,453.86014,47,88,70,71
-29.75,122.75,0.015305963972406,162.0,0.3549584,452.37317,44,88,70,72
-29.75,123.0,0.0227616524340451,180.2,0.3501221,451.5974,41,81,68,73
-29.75,123.25,0.0296196488408549,199.5,0.3427486,451.3106,38,74,65,73
-29.75,123.5,0.0286876538568841,219.7,0.3395122,450.59863,35,75,63,74
-29.75,123.75,0.0276866152306042,240.6,0.35442707,450.78714,31,76,69,74
-29.75,124.0,0.027797284420757,261.9,0.3965227,451.11917,28,76,82,73
-29.75,124.25,0.0322285512462258,283.7,0.40155196,451.78036,25,72,83,73
-29.75,124.5,0.0377488896516816,305.7,0.37164974,451.15244,23,66,75,73
-29.75,124.75,0.051428936410784,328.0,0.31632257,450.1459,20,49,50,74
-29.75,125.0,0.0541485279066754,350.5,0.29491675,449.60675,18,46,38,74
-29.75,125.25,0.0462574172765016,373.1,0.34531054,450.31833,15,56,66,74
-29.75,125.5,0.0392357053523439,395.1,0.39023298,451.184,14,64,80,73
-29.75,125.75,0.0350450314027035,416.4,0.43245658,452.77753,12,69,91,72
-29.75,126.0,0.0352891684332419,437.8,0.4357723,452.78223,11,69,92,72
-29.75,126.25,0.0330343017731571,459.5,0.43190306,453.09293,9,71,91,72
-29.75,126.5,0.0344971975577729,481.4,0.4533301,452.9717,8,69,96,72
-29.75,126.75,0.0356744148724135,503.5,0.4503953,452.27258,7,68,95,73
-29.75,127.0,0.038138885043251,525.7,0.44594726,451.57867,5,66,94,73
-29.75,127.25,0.0426778417235861,548.0,0.40277842,450.68353,4,60,83,74
-29.75,127.5,0.0469821536824816,570.4,0.3888598,450.0427,4,55,80,74
-29.75,127.75,0.0482978315713504,593.0,0.3765796,449.02737,3,53,76,75
-29.75,128.0,0.0516817451432524,599.5,0.36097366,448.57242,3,49,72,75
-29.75,128.25,0.0512300954200327,578.4,0.341359,448.60278,3,50,64,75
-29.75,128.5,0.0540561528017167,557.4,0.34074485,449.2096,4,46,64,75
-29.75,128.75,0.0529929810538998,536.8,0.3681229,449.00116,5,47,74,75
-29.75,129.0,0.0532000551310678,516.3,0.37310395,448.49112,6,47,75,75
-29.75,129.25,0.0575875586830079,496.2,0.36718076,447.99353,7,43,74,75
-29.75,129.5,0.0643741168924385,476.3,0.3363769,447.31302,8,38,62,76
-29.75,129.75,0.0634624277951107,456.9,0.31951788,446.85657,9,38,52,76
-29.75,130.0,0.0578955234516234,437.8,0.31389317,446.47662,11,43,48,76
-29.75,130.25,0.0435293625995871,419.2,0.35733467,447.1054,12,59,71,76
-29.75,130.5,0.0415938068214537,401.1,0.40307844,447.814,13,62,83,76
-29.75,130.75,0.0440581737041828,383.7,0.44428837,448.43262,15,58,94,75
-29.75,131.0,0.0562444876347269,366.9,0.445613,448.8098,16,44,94,75
-29.75,131.25,0.0705005869679596,351.0,0.43997753,449.43228,18,34,93,75
-29.75,131.5,0.0812405785102219,335.9,0.423636,449.38416,19,29,89,75
-29.75,131.75,0.0875261035526082,321.9,0.39659464,449.18185,21,26,82,75
-29.75,132.0,0.0963716125980551,309.0,0.38979906,449.42447,22,24,80,75
-29.75,132.25,0.1051870495568783,297.5,0.37794024,449.47635,24,22,77,74
-29.75,132.5,0.1165541425014713,287.5,0.37393793,449.36902,25,21,76,75
-29.75,132.75,0.1239076777815907,268.7,0.38532975,450.33084,27,20,79,74
-29.75,133.0,0.1259005947881156,244.8,0.38407588,451.03036,31,20,79,73
-29.75,133.25,0.1297449376256693,220.9,0.40693638,450.7842,34,20,85,74
-29.75,133.5,0.1402064748263607,197.0,0.41706544,450.59653,38,19,87,74
-29.75,133.75,0.1514556464794579,173.1,0.4277551,450.6759,42,18,90,74
-29.75,134.0,0.1692534393065476,149.2,0.42336038,450.5772,47,17,89,74
-29.75,134.25,0.181096706880323,125.3,0.40680298,450.6969,52,16,85,74
-29.75,134.5,0.1925571446869677,101.4,0.39488924,451.13446,57,16,81,73
-29.75,134.75,0.1990150011388496,77.5,0.37682712,451.86166,63,15,77,73
-29.75,135.0,0.2044253021811268,53.6,0.39017862,451.90146,69,15,80,73
-29.75,135.25,0.2170170194591351,29.7,0.389035,453.66364,78,14,80,72
-29.75,135.5,0.2286040141657438,5.8,0.36686584,455.5173,93,13,74,70
-29.75,135.75,0.2379412329090493,9.0,0.34574214,457.50565,91,12,66,69
-29.75,136.0,0.2392587213111775,21.9,0.32992798,457.82047,82,12,58,68
-29.75,136.25,0.2324818513145493,34.8,0.32849333,458.69846,76,13,57,68
-29.75,136.5,0.2251842628382811,47.7,0.337524,458.58835,71,13,62,68
-29.75,136.75,0.2141682441911793,60.5,0.33492357,459.69122,67,14,61,67
-29.75,137.0,0.2082419937166074,73.3,0.3364723,460.85846,64,14,62,66
-29.75,137.25,0.1979998750700837,85.5,0.33290637,462.74466,61,15,60,65
-29.75,137.5,0.1873633807968525,97.9,0.33308497,461.90497,58,16,60,65
-29.75,137.75,0.1846703734404097,105.9,0.32357407,462.01053,56,16,54,65
-29.75,138.0,0.183505129605709,94.3,0.30480453,463.37518,59,16,42,64
-29.75,138.25,0.1761410723068928,87.7,0.28436622,465.7338,60,17,35,62
-29.75,138.5,0.1716712055772188,87.4,0.28414476,466.81506,60,17,35,61
-29.75,138.75,0.1443732399105405,93.4,0.29164892,467.50195,59,19,37,61
-29.75,139.0,0.1226723560890864,104.5,0.3038198,467.1655,56,20,42,61
-29.75,139.25,0.1026026921127812,119.5,0.3113483,468.33258,53,22,46,60
-29.75,139.5,0.1144818236873973,136.9,0.2894429,468.82977,49,21,36,60
-29.75,139.75,0.1147217533506807,156.1,0.29203308,470.2785,45,21,37,59
-29.75,140.0,0.1352765432736348,176.4,0.29210976,472.57895,42,19,37,57
-29.75,140.25,0.1457828406554957,197.5,0.30353963,475.03592,38,19,42,55
-29.75,140.5,0.1415343061754746,219.2,0.3282335,475.3655,35,19,57,54
-29.75,140.75,0.1366906370125001,235.6,0.35807452,473.97842,32,19,71,56
-29.75,141.0,0.1414433867326893,231.8,0.3668683,472.0499,33,19,74,57
-29.75,141.25,0.1473569442828496,230.4,0.3655626,470.6961,33,18,73,58
-29.75,141.5,0.1632427349941627,231.5,0.34442666,469.71332,33,17,65,59
-29.75,141.75,0.1711171111446761,234.9,0.32289314,468.26096,32,17,54,60
-29.75,142.0,0.1600238777874481,240.6,0.32195827,467.7564,31,17,53,61
-29.75,142.25,0.1461734159583492,248.0,0.32417187,468.1315,30,19,55,60
-29.75,142.5,0.1232255566554764,254.1,0.34020004,468.50388,29,20,63,60
-29.75,142.75,0.1021644619609495,262.3,0.35245347,469.62576,28,22,69,59
-29.75,143.0,0.0860878297748665,272.3,0.37000588,468.9192,27,27,75,60
-29.75,143.25,0.0941977970282702,261.3,0.3598962,467.6025,28,24,72,61
-29.75,143.5,0.0999731518931747,237.7,0.35640946,465.63458,32,23,70,62
-29.75,143.75,0.1178642771295493,214.2,0.33167136,465.6017,35,21,59,62
-29.75,144.0,0.1312109684749018,190.7,0.28799978,465.60196,39,20,36,62
-29.75,144.25,0.1392815737087013,167.4,0.253221,466.13672,43,19,27,62
-29.75,144.5,0.1371443738661972,144.3,0.25427487,466.38617,47,19,27,62
-29.75,144.75,0.1334165233154116,121.5,0.2553594,466.2304,52,19,28,62
-29.75,145.0,0.1307663021642448,99.1,0.2556016,467.36496,58,20,28,61
-29.75,145.25,0.129657550232618,77.7,0.2526885,466.5463,63,20,27,62
-29.75,145.5,0.1255538989213251,58.2,0.25016442,465.78598,68,20,26,62
-29.75,145.75,0.1212723421642468,43.3,0.2635302,465.0833,72,21,30,63
-29.75,146.0,0.1166884648369713,38.7,0.26784146,464.92868,74,21,31,63
-29.75,146.25,0.114925073457527,47.6,0.27016595,465.71664,71,21,31,62
-29.75,146.5,0.1065152109866695,41.2,0.282752,466.1398,73,22,34,62
-29.75,146.75,0.098653836729032,24.5,0.28805974,466.89023,80,23,36,61
-29.75,147.0,0.0930536057536734,19.8,0.29271537,466.91486,83,24,37,61
-29.75,147.25,0.0877009219326455,30.2,0.2826951,466.0868,77,26,34,62
-29.75,147.5,0.091968885005363,32.4,0.27309844,465.1415,77,25,32,63
-29.75,147.75,0.0896067969634064,27.4,0.27491778,465.72592,79,26,32,62
-29.75,148.0,0.0890375936359521,11.1,0.26631418,465.61646,89,26,30,62
-29.75,148.25,0.0880253216137394,12.5,0.26328897,464.4834,88,26,30,63
-29.75,148.5,0.0838648018344039,28.9,0.27172077,463.2892,78,28,32,64
-29.75,148.75,0.0788320676307194,7.3,0.2766502,462.1171,92,30,33,65
-29.75,149.0,0.0785791035571221,7.2,0.25901267,461.04108,92,30,28,66
-29.75,149.25,0.0743993959567021,24.8,0.24616073,459.7862,80,32,25,67
-29.75,149.5,0.0654603334343326,13.9,0.24816675,459.47784,87,37,26,67
-29.75,149.75,0.0627117259749433,4.4,0.24935852,459.25098,95,39,26,67
-29.75,150.0,0.0725381045325082,19.3,0.21380828,458.86682,83,33,20,68
-29.75,150.25,0.0906061841441052,15.9,0.1393568,458.09512,85,25,8,68
-29.75,150.5,0.0921939963217785,3.5,0.12572163,456.34824,96,25,6,69
-29.75,150.75,0.0954850089558888,4.3,0.13724133,454.94083,95,24,8,71
-29.75,151.0,0.0845482964384635,0.0,0.14881575,454.76273,100,28,10,71
-29.75,151.25,0.0624184975589049,3.8,0.17524114,454.5272,96,39,14,71
-29.75,151.5,0.0884605114215186,2.3,0.20512229,451.99353,97,26,18,73
-29.75,151.75,0.1502012425235339,3.6,0.19255103,444.8666,96,18,17,77
-29.75,152.0,0.1598214829118833,19.3,0.109820925,434.84344,83,18,4,82
-29.75,152.25,0.1370328235129515,43.2,0.045843273,424.26736,72,19,1,86
-29.75,152.5,0.103684150446428,29.5,0.033254035,415.94836,78,22,1,89
-29.75,152.75,0.0760712022837694,10.2,0.04951809,411.53714,90,31,1,91
-29.75,153.0,0.0605132354057527,4.5,0.09994612,411.579,95,40,3,91
-29.75,153.25,0.0471499387939859,24.6,0.22860707,414.21402,80,55,22,90
-30.0,115.0,0.0144099196518904,31.8,0.41213292,455.45724,77,89,86,70
-30.0,115.25,0.0087903004871415,8.1,0.3665073,456.6215,91,93,74,69
-30.0,115.5,0.0012463997172225,7.0,0.35387433,455.73355,92,99,69,70
-30.0,115.75,-0.0031006549030453,23.8,0.35443544,455.838,81,98,69,70
-30.0,116.0,-0.0048681076660397,0.0,0.34025177,458.357,100,96,63,68
-30.0,116.25,-0.0017908719201971,23.8,0.34797865,461.51462,81,99,67,66
-30.0,116.5,-0.0007765628774428,47.6,0.35893533,462.31818,71,100,71,65
-30.0,116.75,-0.0010427621991506,71.4,0.3660298,463.2043,64,100,73,64
-30.0,117.0,0.0008775124104604,94.0,0.36760372,463.61624,59,100,74,64
-30.0,117.25,-0.0017702957615256,102.5,0.3833235,463.97183,57,99,78,64
-30.0,117.5,-0.0055486607409658,115.4,0.41006145,463.93356,54,96,85,64
-30.0,117.75,-0.0041815695219806,131.5,0.42514735,462.4677,50,97,89,65
-30.0,118.0,0.0044899149797856,149.7,0.3972747,461.60986,47,97,82,65
-30.0,118.25,0.0150805405163694,159.8,0.36630863,460.9442,45,88,74,66
-30.0,118.5,0.0189559667775895,153.0,0.35453472,460.22397,46,84,69,67
-30.0,118.75,0.0182325689898182,143.2,0.3857423,461.17825,48,85,79,66
-30.0,119.0,0.0197065339179798,136.8,0.42264917,460.44186,49,83,88,66
-30.0,119.25,0.0213096410169133,134.4,0.4282933,459.88257,50,82,90,67
-30.0,119.5,0.0277194526722832,135.5,0.41556814,459.8431,49,76,87,67
-30.0,119.75,0.0326753179060428,138.1,0.40825114,460.6736,49,71,85,66
-30.0,120.0,0.0329230126747418,132.4,0.39616993,458.9523,50,71,82,67
-30.0,120.25,0.0333763296837874,112.1,0.4099064,459.20245,54,71,85,67
-30.0,120.5,0.0358177992199281,92.9,0.42073676,458.417,59,68,88,68
-30.0,120.75,0.0406335551823888,76.3,0.40618232,457.72195,63,63,84,68
-30.0,121.0,0.0398087831457988,64.5,0.395064,458.3495,66,64,81,68
-30.0,121.25,0.0326489709406381,60.2,0.40915295,457.7661,67,71,85,68
-30.0,121.5,0.0390849366682925,65.0,0.40299177,456.68143,66,65,83,69
-30.0,121.75,0.0434340187880609,77.1,0.38672632,455.96375,63,59,79,70
-30.0,122.0,0.043235451506362,93.9,0.362702,454.2664,59,59,72,71
-30.0,122.25,0.0360487374565785,108.7,0.35445648,452.78992,55,68,69,72
-30.0,122.5,0.0234656551498032,125.5,0.35980263,451.65985,52,80,71,73
-30.0,122.75,0.0191703130646298,144.3,0.36511925,450.32187,47,84,73,74
-30.0,123.0,0.0194683862096142,164.3,0.35119194,448.5529,44,84,68,75
-30.0,123.25,0.0274289504026195,185.2,0.34164476,448.43472,40,76,64,75
-30.0,123.5,0.03502023024928,206.8,0.34026077,449.3858,37,69,64,75
-30.0,123.75,0.0356540730755244,228.8,0.35003147,448.317,33,68,68,75
-30.0,124.0,0.0347494456384863,251.1,0.38121665,448.31567,30,69,78,75
-30.0,124.25,0.0362769340164959,273.6,0.36972544,447.3816,27,68,75,76
-30.0,124.5,0.0417897793286967,296.4,0.3392722,446.76273,24,61,63,76
-30.0,124.75,0.0428011866796406,318.8,0.3147961,446.4964,21,60,49,76
-30.0,125.0,0.0395060039701915,339.8,0.2941928,445.86655,19,64,38,77
-30.0,125.25,0.0320757935821477,361.1,0.33952376,447.32443,17,72,63,76
-30.0,125.5,0.0266662077267288,382.7,0.40094054,448.76044,15,77,83,75
-30.0,125.75,0.0252391796924972,404.5,0.44287214,449.77274,13,79,93,74
-30.0,126.0,0.0262166999413498,426.5,0.45326892,450.71478,11,77,96,74
-30.0,126.25,0.0271660519409037,448.7,0.4391145,451.54877,10,77,92,73
-30.0,126.5,0.0298620061996015,471.1,0.4594459,451.85748,8,74,97,73
-30.0,126.75,0.0303741472462813,493.5,0.4702622,451.80972,7,74,98,73
-30.0,127.0,0.0341729073208712,516.1,0.4650975,451.2127,6,70,98,73
-30.0,127.25,0.0386236619869513,538.8,0.45783585,449.59665,5,65,97,74
-30.0,127.5,0.0424720978830009,561.5,0.4463482,448.35364,4,60,94,75
-30.0,127.75,0.0457425051357685,584.4,0.42803994,447.80057,3,56,90,76
-30.0,128.0,0.0492571541363196,587.1,0.40543193,446.64697,3,52,84,76
-30.0,128.25,0.0511434652620837,565.5,0.3823287,446.34937,4,50,78,76
-30.0,128.5,0.0514791851064988,544.2,0.38385913,446.69357,5,49,78,76
-30.0,128.75,0.0512990692918676,523.0,0.42226717,447.04886,6,49,88,76
-30.0,129.0,0.0533818389621696,502.1,0.43404788,447.06357,7,47,91,76
-30.0,129.25,0.0594159114351939,481.4,0.42318827,446.78638,8,41,89,76
-30.0,129.5,0.0664947350243372,461.0,0.38901702,446.0701,9,36,80,77
-30.0,129.75,0.0716036187218768,440.9,0.3608181,445.49432,10,33,72,77
-30.0,130.0,0.0699742064146058,421.1,0.336496,444.5739,12,34,62,78
-30.0,130.25,0.0536612929421521,401.8,0.35341665,445.46725,13,46,69,77
-30.0,130.5,0.0484509529423944,383.0,0.38839328,445.71222,15,53,80,77
-30.0,130.75,0.0493230530016479,364.7,0.42847782,446.18576,16,52,90,77
-30.0,131.0,0.0530116165322916,347.1,0.44301736,446.86563,18,47,93,76
-30.0,131.25,0.0655687647472534,330.2,0.4345604,447.4501,20,37,92,76
-30.0,131.5,0.0762254495683702,314.1,0.41488478,447.59436,22,31,87,76
-30.0,131.75,0.090051980006198,299.1,0.4069564,447.48636,23,25,85,76
-30.0,132.0,0.0991403915237502,285.3,0.39837655,447.73547,25,23,82,76
-30.0,132.25,0.1052232648356862,272.8,0.3927904,447.9186,27,22,81,76
-30.0,132.5,0.1182652172643602,261.8,0.36064234,447.1483,28,21,72,76
-30.0,132.75,0.1272708352355818,252.6,0.35965407,447.97165,30,20,71,75
-30.0,133.0,0.1316874359778705,245.3,0.3535955,448.40094,31,20,69,75
-30.0,133.25,0.1359036224894225,222.4,0.3750154,448.06152,34,19,76,75
-30.0,133.5,0.142401950544722,198.7,0.41652507,447.90714,38,19,87,76
-30.0,133.75,0.1529062846786387,175.1,0.43725452,447.67255,42,18,92,76
-30.0,134.0,0.1710624926590493,151.5,0.42514864,447.87338,46,17,89,76
-30.0,134.25,0.1862089501926675,128.1,0.41967875,447.81006,51,16,88,76
-30.0,134.5,0.1969739724845913,104.9,0.40353453,448.52167,56,15,84,75
-30.0,134.75,0.2051677734591067,82.0,0.38604152,448.56802,61,15,79,75
-30.0,135.0,0.2108334006384081,60.0,0.38347995,448.66553,67,14,78,75
-30.0,135.25,0.2269887766113416,40.2,0.38490674,449.40924,74,13,79,75
-30.0,135.5,0.2410860538305271,27.5,0.37680376,451.31696,79,12,77,73
-30.0,135.75,0.2500608909431667,14.5,0.35151145,453.42874,86,11,68,72
-30.0,136.0,0.2524403884208628,1.6,0.33808833,455.5063,98,11,63,70
-30.0,136.25,0.2426395447880384,11.2,0.3375821,457.90115,89,12,62,68
-30.0,136.5,0.2366499464995285,24.1,0.3487037,457.47913,80,12,67,69
-30.0,136.75,0.2350225110493955,36.9,0.36363062,458.54675,75,13,73,68
-30.0,137.0,0.2297058424557603,49.6,0.36053574,459.88257,70,13,72,67
-30.0,137.25,0.2231448614348967,61.2,0.35524023,461.3883,67,13,70,66
-30.0,137.5,0.2151680246572054,77.6,0.35162044,459.88174,63,14,68,67
-30.0,137.75,0.2161480928904244,84.4,0.34317854,459.6814,61,14,65,67
-30.0,138.0,0.2154013575365146,69.3,0.31595066,460.9597,65,14,49,66
-30.0,138.25,0.2111885732039809,60.2,0.2882689,463.39557,67,14,36,64
-30.0,138.5,0.1842265251957412,59.7,0.28518504,464.4628,67,16,35,63
-30.0,138.75,0.1422433965041169,68.1,0.29461735,465.10953,65,19,38,63
-30.0,139.0,0.1229637966148445,82.7,0.31635413,464.40573,61,20,50,63
-30.0,139.25,0.1583086706143582,100.9,0.27277,463.3174,57,18,32,64
-30.0,139.5,0.1656945148970754,121.0,0.25906426,463.55917,52,17,28,64
-30.0,139.75,0.154488827926772,142.3,0.26133454,466.6356,48,18,29,62
-30.0,140.0,0.1659121037791037,164.3,0.26860052,469.54404,44,17,31,59
-30.0,140.25,0.1749856057621183,186.7,0.28357056,472.94144,40,17,34,57
-30.0,140.5,0.1636210086977198,209.4,0.31368104,473.30173,36,17,48,56
-30.0,140.75,0.1574643955189025,208.3,0.34050995,471.4876,36,18,64,58
-30.0,141.0,0.1594261947797522,204.0,0.3626729,469.64325,37,18,72,59
-30.0,141.25,0.1652817855367348,202.4,0.3663653,467.79544,37,17,74,61
-30.0,141.5,0.1842866412160219,203.6,0.3467873,467.1394,37,16,67,61
-30.0,141.75,0.1839575928325454,207.4,0.34127647,467.3105,37,16,64,61
-30.0,142.0,0.1717733073369821,213.9,0.33887765,466.6748,36,17,63,61
-30.0,142.25,0.1515074105301339,220.7,0.34578857,465.33105,34,18,66,63
-30.0,142.5,0.1266383533065284,227.6,0.36400515,465.11966,33,20,73,63
-30.0,142.75,0.10677178975616,236.6,0.37903985,465.69272,32,22,77,62
-30.0,143.0,0.10585363101702,247.6,0.3843337,465.88824,30,22,79,62
-30.0,143.25,0.113854034708458,258.3,0.36963606,464.67758,29,21,75,63
-30.0,143.5,0.1312997891079811,234.5,0.3460812,463.52783,32,20,66,64
-30.0,143.75,0.1457479843160226,210.7,0.31106117,463.57614,36,19,46,64
-30.0,144.0,0.1502329251662429,186.9,0.27859876,464.31686,40,18,33,63
-30.0,144.25,0.1440323484329773,163.1,0.27706245,464.53,44,19,33,63
-30.0,144.5,0.1401895494732473,139.3,0.27544418,465.09213,48,19,32,63
-30.0,144.75,0.1410838480894675,115.5,0.26550615,464.64194,54,19,30,63
-30.0,145.0,0.1390333366890748,91.8,0.25968704,465.33533,59,19,29,63
-30.0,145.25,0.1377932051573658,68.2,0.2545004,465.42258,65,19,27,63
-30.0,145.5,0.1331754685246518,44.8,0.25282186,464.77954,72,19,27,63
-30.0,145.75,0.1261420048485022,22.3,0.26397452,464.45178,81,20,30,63
-30.0,146.0,0.1198292083262155,11.2,0.2761659,463.98975,89,21,33,64
-30.0,146.25,0.1177162855176166,29.8,0.27385834,464.61548,78,21,32,63
-30.0,146.5,0.111635955276766,35.3,0.27596435,464.1197,75,21,33,64
-30.0,146.75,0.1059977996706341,12.5,0.2783614,464.68002,88,22,33,63
-30.0,147.0,0.0969426995875047,5.6,0.28147054,464.4819,93,24,34,63
-30.0,147.25,0.0937501351925588,4.7,0.30026048,463.97607,94,24,40,64
-30.0,147.5,0.0983176730695136,5.0,0.29687586,463.62054,94,23,39,64
-30.0,147.75,0.0917912383849311,0.2,0.30722275,464.2837,100,25,44,63
-30.0,148.0,0.0901121609977313,2.2,0.3012158,463.54977,97,25,41,64
-30.0,148.25,0.0870597147161052,3.0,0.2946183,462.45126,96,27,38,65
-30.0,148.5,0.0861700578221297,0.9,0.28149265,461.1761,99,27,34,66
-30.0,148.75,0.0843843105249106,4.3,0.27211472,459.88162,95,28,32,67
-30.0,149.0,0.0835603897759158,1.5,0.24982741,458.9564,98,28,26,67
-30.0,149.25,0.0748228075695113,16.0,0.24101064,457.71277,85,32,24,68
-30.0,149.5,0.0656344650576578,13.0,0.23833463,456.86487,88,37,24,69
-30.0,149.75,0.0690487264445567,8.1,0.22239566,456.7676,91,35,21,69
-30.0,150.0,0.0766769893035026,21.0,0.1736699,456.0661,82,31,14,70
-30.0,150.25,0.0868024199485911,34.4,0.10025249,455.8989,76,27,3,70
-30.0,150.5,0.0884147203394344,17.2,0.095485136,455.13342,84,26,3,70
-30.0,150.75,0.0982774525667385,18.2,0.10324149,453.71957,84,23,3,72
-30.0,151.0,0.1051983084474202,10.2,0.12174625,452.86298,90,22,5,72
-30.0,151.25,0.0832909627795396,10.3,0.1595049,453.0166,90,28,12,72
-30.0,151.5,0.1221603250308405,4.4,0.19938797,451.09366,95,20,18,73
-30.0,151.75,0.1641537354105995,1.6,0.18544027,443.73206,98,17,16,78
-30.0,152.0,0.1555386123203096,24.8,0.111041464,433.67612,80,18,4,83
-30.0,152.25,0.1316169110160054,35.8,0.05446884,423.62573,75,20,1,87
-30.0,152.5,0.1054532029266868,14.7,0.050807588,415.41342,86,22,1,89
-30.0,152.75,0.0674418501980004,5.4,0.07040237,411.26266,94,36,1,91
-30.0,153.0,0.0350263675968606,1.6,0.10867182,409.65594,98,69,4,91
-30.25,115.25,0.0139337674980717,8.6,0.37066793,451.7467,91,89,75,73
-30.25,115.5,0.0066769073595337,15.1,0.3384509,450.3426,86,95,63,74
-30.25,115.75,-0.0009952867669718,24.4,0.33554518,450.65137,80,100,61,74
-30.25,116.0,-0.0061672430169502,0.6,0.32944694,453.22034,100,95,58,72
-30.25,116.25,-0.0036345926113426,23.2,0.3420124,457.68448,81,97,64,68
-30.25,116.5,-0.0014263273394178,47.0,0.35285765,458.9035,71,99,69,67
-30.25,116.75,-0.0021907602758368,70.8,0.35675433,460.33167,64,99,70,66
-30.25,117.0,-0.0048135212400839,77.4,0.36793822,461.5637,63,96,74,65
-30.25,117.25,-0.008071345330349,88.6,0.38919148,462.1411,60,94,80,65
-30.25,117.5,-0.0124086336720557,104.1,0.4297099,461.83136,56,91,90,65
-30.25,117.75,-0.0094447315493155,122.2,0.4457683,462.14694,52,93,94,65
-30.25,118.0,-0.0002433325053148,138.5,0.4166738,460.76987,49,100,87,66
-30.25,118.25,0.0113704558727996,132.2,0.37631932,458.686,50,91,76,68
-30.25,118.5,0.019952387321696,128.8,0.34762403,457.12253,51,83,67,69
-30.25,118.75,0.0191048763625855,117.2,0.36935297,457.032,53,84,74,69
-30.25,119.0,0.0146176422680062,109.4,0.40526164,457.15857,55,89,84,69
-30.25,119.25,0.0144856907826449,106.4,0.41592574,457.00128,56,89,87,69
-30.25,119.5,0.0206517423244804,107.7,0.4149092,455.94836,55,83,87,70
-30.25,119.75,0.0293335519531475,111.0,0.40690687,455.9981,55,74,85,70
-30.25,120.0,0.0332099928919758,104.9,0.39287257,457.0237,56,71,81,69
-30.25,120.25,0.0326376951454828,99.7,0.39690045,456.3385,57,71,82,69
-30.25,120.5,0.036340966263032,77.6,0.40868527,456.35422,63,68,85,69
-30.25,120.75,0.0399296953564598,56.9,0.41011983,455.4265,68,63,85,70
-30.25,121.0,0.0388607248852384,39.6,0.40986556,455.16113,74,65,85,70
-30.25,121.25,0.032652620303755,32.2,0.42671978,455.15005,77,71,90,70
-30.25,121.5,0.0367873920865739,40.4,0.44053146,453.9513,74,67,93,71
-30.25,121.75,0.0409379407906228,57.9,0.42756957,452.73227,68,62,90,72
-30.25,122.0,0.0433386147848241,71.9,0.4084908,451.38116,64,59,85,73
-30.25,122.25,0.0411903414742222,89.3,0.39839637,450.04257,60,62,82,74
-30.25,122.5,0.0342482729061018,109.0,0.40633985,449.46375,55,70,84,74
-30.25,122.75,0.0254618875748877,130.1,0.38018167,448.64023,50,78,77,75
-30.25,123.0,0.0253894811773317,152.0,0.35526147,446.7444,46,78,70,76
-30.25,123.25,0.030003588255273,174.4,0.3475758,445.74872,42,74,67,77
-30.25,123.5,0.0367305902985944,197.1,0.35102963,446.1318,38,67,68,77
-30.25,123.75,0.0404554872950982,220.0,0.3552539,446.14218,35,63,70,77
-30.25,124.0,0.0416072783991694,243.0,0.34405547,443.6829,31,62,65,78
-30.25,124.25,0.0424590053591167,263.6,0.3233751,443.135,28,61,54,78
-30.25,124.5,0.0403101087373215,284.6,0.30864036,443.5292,25,63,45,78
-30.25,124.75,0.0353931120286385,306.1,0.30774295,443.97107,23,68,44,78
-30.25,125.0,0.0280956646250117,327.8,0.31619176,443.42883,20,76,49,78
-30.25,125.25,0.0223684634082019,349.8,0.3430736,445.0504,18,81,65,77
-30.25,125.5,0.0203000273045507,372.0,0.3999822,446.5554,16,83,83,76
-30.25,125.75,0.0186395169457509,394.3,0.44702595,447.51355,14,85,94,76
-30.25,126.0,0.0188366689652736,416.8,0.45931718,448.71622,12,85,97,75
-30.25,126.25,0.0216580975623357,439.5,0.44337937,449.6139,10,82,94,74
-30.25,126.5,0.0232317310846632,462.2,0.45991033,449.47528,9,80,97,74
-30.25,126.75,0.0228936172267865,485.0,0.4633059,448.9971,8,81,98,75
-30.25,127.0,0.0265811228015947,507.9,0.45914403,448.47076,6,77,97,75
-30.25,127.25,0.0312124344919409,530.9,0.46136305,447.07404,5,73,97,76
-30.25,127.5,0.0341244183924226,553.9,0.4624512,446.71872,4,70,97,76
-30.25,127.75,0.0383082164362782,577.0,0.45810342,445.81845,3,65,97,77
-30.25,128.0,0.0422819153645486,575.8,0.44659248,445.10376,3,61,94,77
-30.25,128.25,0.0460150850138494,553.9,0.43881047,444.24326,4,56,92,78
-30.25,128.5,0.0477878759931107,532.1,0.43887264,444.55142,5,54,92,78
-30.25,128.75,0.0487835477214373,510.5,0.4452144,444.8668,6,53,94,77
-30.25,129.0,0.0514401046204425,489.0,0.4443533,444.9809,7,49,94,77
-30.25,129.25,0.0564487292985653,467.8,0.4395949,444.40646,9,44,93,78
-30.25,129.5,0.0613114139530807,446.8,0.4304669,444.1218,10,40,91,78
-30.25,129.75,0.0677214675538596,426.1,0.42006204,443.73102,11,35,88,78
-30.25,130.0,0.0712497368055794,405.7,0.39713877,443.81036,13,33,82,78
-30.25,130.25,0.0656761707205857,385.6,0.37194753,443.745,15,37,75,78
-30.25,130.5,0.062394602419365,366.0,0.39313734,443.92798,16,39,81,78
-30.25,130.75,0.0612602142528409,346.9,0.41822517,444.76474,18,40,87,77
-30.25,131.0,0.0607260761693829,328.4,0.4303143,445.93353,20,40,91,77
-30.25,131.25,0.0631577781712015,310.5,0.4214588,446.32175,22,39,88,76
-30.25,131.5,0.0649783003656748,293.5,0.3909691,445.18643,24,37,80,77
-30.25,131.75,0.0792259280425718,277.4,0.38096893,445.16116,26,30,78,77
-30.25,132.0,0.0946003633329556,262.4,0.39169782,445.24564,28,24,81,77
-30.25,132.25,0.1036704774790753,248.8,0.40454173,445.80005,30,22,84,77
-30.25,132.5,0.1163672508627531,236.8,0.3761576,445.00946,32,21,76,77
-30.25,132.75,0.1309126570909505,226.5,0.35566932,445.1699,34,20,70,77
-30.25,133.0,0.1387489477732396,218.4,0.34140646,445.24188,35,19,64,77
-30.25,133.25,0.1436401884381969,212.6,0.35101244,445.2287,36,19,68,77
-30.25,133.5,0.1490071322680229,204.2,0.38838816,444.90558,37,18,80,77
-30.25,133.75,0.1599939836056104,181.3,0.40777883,445.3463,41,17,85,77
-30.25,134.0,0.1786246992237422,158.8,0.39481372,446.10156,45,16,81,77
-30.25,134.25,0.1915607018773222,136.7,0.39023432,445.91284,49,16,80,77
-30.25,134.5,0.2018661180245025,115.2,0.38572782,446.09995,54,15,79,77
-30.25,134.75,0.2095564936154655,95.0,0.37695384,445.439,59,14,77,77
-30.25,135.0,0.2196704582954269,76.8,0.34734824,444.57324,63,14,67,78
-30.25,135.25,0.235478850928623,62.6,0.35445607,445.7288,67,13,69,77
-30.25,135.5,0.2477813974488526,51.0,0.3550866,446.95117,70,12,70,76
-30.25,135.75,0.2555737163649783,38.1,0.35014638,449.11328,74,11,68,75
-30.25,136.0,0.2581697504535051,25.2,0.33996153,451.28384,80,11,63,73
-30.25,136.25,0.2553274918879781,12.4,0.32827348,454.3311,88,11,57,71
-30.25,136.5,0.2546989553874092,0.4,0.3140503,454.7689,100,11,48,71
-30.25,136.75,0.2528196784268532,13.2,0.3368301,456.5717,87,11,62,69
-30.25,137.0,0.2495474373921752,24.7,0.35456195,457.3447,80,11,69,69
-30.25,137.25,0.2436744002048813,41.9,0.35599515,457.6122,73,12,70,69
-30.25,137.5,0.2348745425010011,63.5,0.36646536,458.88373,66,13,74,68
-30.25,137.75,0.2369621425556639,67.9,0.36849338,459.39325,65,12,74,67
-30.25,138.0,0.2383797049389353,47.9,0.3304471,461.46738,71,12,59,66
-30.25,138.25,0.225108531804844,33.4,0.29605472,461.9843,76,13,39,65
-30.25,138.5,0.1869255980005532,32.5,0.30211115,462.50055,76,16,41,65
-30.25,138.75,0.1383519915021246,46.1,0.33162484,462.2705,72,19,59,65
-30.25,139.0,0.1614571531059309,65.8,0.31835654,461.02322,66,17,51,66
-30.25,139.25,0.2204204051456015,87.5,0.23771392,459.6901,60,14,24,67
-30.25,139.5,0.2264765955086442,110.1,0.21059342,461.92352,55,13,19,65
-30.25,139.75,0.2009812412495237,132.8,0.23015952,464.4707,50,15,22,63
-30.25,140.0,0.1998237020555063,155.7,0.25930882,466.75046,45,15,29,61
-30.25,140.25,0.1938287119849562,178.9,0.28537694,469.22256,41,15,35,60
-30.25,140.5,0.1829429857976113,188.9,0.3125917,469.3864,40,16,47,59
-30.25,140.75,0.1794400020236415,181.1,0.33961457,467.9025,41,16,63,61
-30.25,141.0,0.1804231911498521,176.2,0.35790482,466.4876,42,16,71,62
-30.25,141.25,0.1825941920901338,174.4,0.36369523,464.8882,42,16,73,63
-30.25,141.5,0.1897007472705029,175.7,0.35925084,463.8111,42,16,71,64
-30.25,141.75,0.1829381938814462,180.2,0.35821545,464.1998,41,16,71,64
-30.25,142.0,0.167149910206596,187.6,0.35477677,464.27014,40,17,70,63
-30.25,142.25,0.1472892946441702,193.6,0.3567853,463.09335,39,18,70,64
-30.25,142.5,0.1290848433572266,201.4,0.37273648,462.72177,38,20,75,65
-30.25,142.75,0.1195029611699283,211.5,0.38283846,463.28906,36,21,78,64
-30.25,143.0,0.1244246484379151,223.7,0.3861343,463.48834,34,20,79,64
-30.25,143.25,0.1374715036003007,236.2,0.3847297,463.39557,32,19,79,64
-30.25,143.5,0.1508338642417497,228.8,0.37451288,462.9157,33,18,76,65
-30.25,143.75,0.1592432876339271,207.9,0.3452413,463.45734,37,18,66,64
-30.25,144.0,0.1567866762833936,187.1,0.31824684,464.21555,40,18,51,63
-30.25,144.25,0.1465982685486475,163.4,0.3207282,464.0711,44,18,52,64
-30.25,144.5,0.1425382508696722,139.7,0.31775787,463.78583,48,19,50,64
-30.25,144.75,0.1460085105616599,116.1,0.29621837,463.19827,53,19,39,64
-30.25,145.0,0.1489129769311624,92.5,0.27598187,462.31708,59,18,33,65
-30.25,145.25,0.1453900402040398,69.2,0.25869304,462.94165,65,19,28,65
-30.25,145.5,0.1370177775654675,46.4,0.25129965,462.8905,71,19,27,65
-30.25,145.75,0.1264491798439329,24.4,0.25242823,462.78998,80,20,27,65
-30.25,146.0,0.1185764856547826,4.6,0.25922158,462.0261,95,21,29,65
-30.25,146.25,0.1195060373971327,15.0,0.25792193,460.01706,86,21,28,67
-30.25,146.5,0.1225509641145999,34.5,0.24529432,460.3833,76,20,25,66
-30.25,146.75,0.113518112622911,35.8,0.25078988,461.8363,75,21,27,65
-30.25,147.0,0.1010840687568166,30.6,0.27999952,462.15924,77,23,33,65
-30.25,147.25,0.0930432235378594,23.1,0.31783015,462.277,81,25,50,65
-30.25,147.5,0.0993016581627584,22.4,0.3169833,461.56442,81,23,50,65
-30.25,147.75,0.0929339153769736,27.6,0.32043543,461.81082,79,25,52,65
-30.25,148.0,0.0895257109834346,29.6,0.31033793,461.00317,78,26,46,66
-30.25,148.25,0.0856577185686633,24.0,0.29815406,459.82294,80,27,40,67
-30.25,148.5,0.085508222800369,20.0,0.27767035,458.9166,83,27,33,67
-30.25,148.75,0.0884323145451378,11.5,0.24940741,457.24875,89,26,26,69
-30.25,149.0,0.0829690784559629,0.1,0.23337798,455.7166,100,28,23,70
-30.25,149.25,0.072837001910167,9.9,0.2237168,454.37497,90,33,21,71
-30.25,149.5,0.068923703705271,0.2,0.21023715,454.29416,100,35,19,71
-30.25,149.75,0.0804407461518643,0.8,0.1853268,454.8328,99,29,16,71
-30.25,150.0,0.1008924710076479,16.9,0.13755903,454.43365,85,23,8,71
-30.25,150.25,0.1126359395505417,22.3,0.093513355,454.57297,81,21,3,71
-30.25,150.5,0.1142282139465567,19.4,0.101868816,454.00952,83,21,3,71
-30.25,150.75,0.1196630767058758,20.7,0.1185357,452.81635,82,21,5,72
-30.25,151.0,0.1241313514100121,10.4,0.12977478,452.08063,90,20,6,73
-30.25,151.25,0.116011911408887,19.3,0.15792088,452.0522,83,21,11,73
-30.25,151.5,0.1538276186329659,2.8,0.21872568,449.45917,97,18,21,74
-30.25,151.75,0.1865080963509778,5.8,0.20944485,442.67493,93,16,19,79
-30.25,152.0,0.1729149025487935,19.6,0.14532319,432.76175,83,17,9,83
-30.25,152.25,0.14975168893912,11.8,0.08554829,422.70444,88,18,2,87
-30.25,152.5,0.1308903789147734,0.2,0.07557992,414.5592,100,20,2,90
-30.25,152.75,0.0801369504737002,5.7,0.07395454,408.65475,93,29,2,91
-30.25,153.0,0.0280261422404908,1.0,0.123654306,406.2583,99,76,5,92
-30.5,115.25,0.018301982561215,8.2,0.34242028,447.6686,91,85,65,76
-30.5,115.5,0.0148828745974848,11.8,0.30387634,445.27716,88,88,42,77
-30.5,115.75,0.0080500012418876,25.7,0.31904194,447.59357,80,94,51,76
-30.5,116.0,0.0016385013082375,2.1,0.32889676,450.09927,98,99,58,74
-30.5,116.25,-0.0005124984419948,21.6,0.33506152,453.0878,82,100,61,72
-30.5,116.5,2.4232401379517145e-05,34.4,0.34616476,455.27997,76,100,66,70
-30.5,116.75,-0.0029422446730591,44.0,0.3441031,456.82053,72,98,65,69
-30.5,117.0,-0.0070974408271944,52.1,0.36591533,457.8799,70,95,73,68
-30.5,117.25,-0.0118165888202687,67.6,0.4025026,459.1545,65,91,83,67
-30.5,117.5,-0.0150895903153078,86.9,0.4366837,459.74777,60,88,92,67
-30.5,117.75,-0.0120423716980786,107.9,0.44905785,460.37662,55,91,95,66
-30.5,118.0,-0.0013524662481532,112.6,0.43685618,459.1884,54,99,92,67
-30.5,118.25,0.0075769820660796,104.8,0.42303422,457.42105,56,94,89,69
-30.5,118.5,0.0159324336977165,101.6,0.40289786,455.59515,57,87,83,70
-30.5,118.75,0.0199464784128524,92.5,0.38183257,453.92673,59,83,78,71
-30.5,119.0,0.0151295684355621,82.4,0.3836396,453.59973,61,88,78,72
-30.5,119.25,0.0117433048962127,78.4,0.38918227,453.7629,62,91,80,71
-30.5,119.5,0.0150483860346,80.2,0.39591578,453.56604,62,88,82,72
-30.5,119.75,0.0233521792793735,84.1,0.39791217,452.60858,61,80,82,72
-30.5,120.0,0.0297146203816824,77.8,0.38367334,452.77295,63,74,78,72
-30.5,120.25,0.0295818584782647,73.8,0.3856915,455.58908,64,74,79,70
-30.5,120.5,0.0357797020203655,65.5,0.39202058,455.29456,66,68,81,70
-30.5,120.75,0.0402924967508408,47.0,0.39633578,453.9631,71,63,82,71
-30.5,121.0,0.0374536695064134,23.5,0.4013735,452.8305,81,66,83,72
-30.5,121.25,0.0292300694976888,4.2,0.41550213,452.35812,95,75,87,73
-30.5,121.5,0.0297480577447762,22.8,0.4348527,451.3942,81,74,92,73
-30.5,121.75,0.0305545565893962,35.2,0.44559425,450.2339,75,73,94,74
-30.5,122.0,0.0312359216407154,53.9,0.45388597,449.0285,69,73,96,75
-30.5,122.25,0.0320733880707328,75.4,0.46353525,447.95544,63,72,98,75
-30.5,122.5,0.0328935291085924,97.9,0.4608831,447.378,58,71,97,76
-30.5,122.75,0.032514319276171,120.9,0.42435828,445.79654,52,72,89,77
-30.5,123.0,0.0329549700997415,144.2,0.38766107,444.1064,48,71,80,78
-30.5,123.25,0.034288035962908,167.2,0.3666286,442.97092,43,70,74,79
-30.5,123.5,0.0358867852638165,187.8,0.3548514,442.40292,40,68,70,79
-30.5,123.75,0.0396143617019766,208.4,0.34662077,440.41766,36,64,67,80
-30.5,124.0,0.0419186406863099,229.6,0.3329056,439.7594,33,61,60,80
-30.5,124.25,0.0424068350034455,251.2,0.3188392,439.54333,30,61,51,80
-30.5,124.5,0.0382139825173431,273.2,0.31481636,439.9183,27,65,49,80
-30.5,124.75,0.0294490102412445,295.4,0.33551782,440.6731,24,74,61,80
-30.5,125.0,0.023539616568901,317.8,0.348877,441.99573,21,80,67,79
-30.5,125.25,0.0194449215883477,340.4,0.36534825,443.5893,19,84,73,78
-30.5,125.5,0.0177238393574953,363.1,0.39599738,444.7738,17,86,82,77
-30.5,125.75,0.0160933116938741,385.9,0.44912636,445.84683,15,87,95,77
-30.5,126.0,0.0169507858609514,408.8,0.44515762,446.65518,13,86,94,76
-30.5,126.25,0.0184173149234127,431.8,0.452454,446.98462,11,85,95,76
-30.5,126.5,0.0174431424233175,454.9,0.46031827,447.01602,10,86,97,76
-30.5,126.75,0.0172692991992724,478.0,0.4560593,446.4811,8,86,96,76
-30.5,127.0,0.0212186494409771,501.2,0.4312397,445.94138,7,82,91,77
-30.5,127.25,0.0241969424920777,524.4,0.44237226,444.5928,5,79,93,78
-30.5,127.5,0.0250840854786691,547.6,0.4519449,443.82733,4,79,95,78
-30.5,127.75,0.0286152030119583,570.9,0.45412812,443.21408,4,75,96,78
-30.5,128.0,0.0335629140514703,565.6,0.4514357,442.95755,4,70,95,79
-30.5,128.25,0.0375676566172235,543.4,0.44808125,442.2832,5,66,95,79
-30.5,128.5,0.0410553049506796,521.2,0.4475725,442.04852,6,62,95,79
-30.5,128.75,0.0449785296605633,499.2,0.4474195,442.42654,7,57,95,79
-30.5,129.0,0.0484586044436409,477.3,0.4449661,441.76587,8,53,94,79
-30.5,129.25,0.0526712173329932,455.6,0.4425058,441.3317,9,48,93,79
-30.5,129.5,0.0555282538845425,434.0,0.4302488,441.01334,11,45,90,80
-30.5,129.75,0.0608598243888644,412.7,0.4252011,440.4243,12,40,89,80
-30.5,130.0,0.0655447858651833,391.7,0.42332444,439.998,14,37,89,80
-30.5,130.25,0.0659921603188628,370.9,0.4198098,440.38382,16,37,88,80
-30.5,130.5,0.0686023176603374,350.5,0.42743286,440.86252,18,35,90,80
-30.5,130.75,0.0695515619435658,330.5,0.42760795,441.3995,20,34,90,79
-30.5,131.0,0.0722079266494672,311.1,0.4248769,442.3209,22,33,89,79
-30.5,131.25,0.0753291916079996,292.2,0.4192937,442.67545,24,31,88,79
-30.5,131.5,0.0751103366805528,274.1,0.40983042,443.20978,27,31,85,78
-30.5,131.75,0.0801368583969417,256.8,0.40599635,443.29172,29,29,84,78
-30.5,132.0,0.0893087803563546,240.6,0.41679114,442.59662,31,26,87,79
-30.5,132.25,0.1000700748852631,225.7,0.4295426,442.2818,34,23,90,79
-30.5,132.5,0.113501147575499,212.4,0.4275571,442.70438,36,21,90,79
-30.5,132.75,0.1292976793949492,201.0,0.40811685,442.91043,38,20,85,79
-30.5,133.0,0.1457038717344403,191.8,0.37730548,442.5829,39,19,77,79
-30.5,133.25,0.1592088078941396,185.2,0.35453314,442.4626,40,18,69,79
-30.5,133.5,0.1670825970165121,181.3,0.34627017,442.4767,41,17,66,79
-30.5,133.75,0.1752932700528098,180.4,0.34475726,443.02057,41,17,66,79
-30.5,134.0,0.1852321045922248,170.4,0.32531986,443.2127,43,16,56,78
-30.5,134.25,0.1963428767475609,150.1,0.32047668,444.2118,47,15,52,78
-30.5,134.5,0.207205808720374,130.9,0.33217594,444.24966,50,15,59,78
-30.5,134.75,0.21478092149787,113.5,0.34982246,443.47922,54,14,68,78
-30.5,135.0,0.2255885177513673,98.9,0.31739897,442.66998,58,13,50,79
-30.5,135.25,0.2411619381347139,87.5,0.30783424,443.4132,60,12,44,78
-30.5,135.5,0.2535886517415444,74.5,0.30733842,445.1929,63,11,44,77
-30.5,135.75,0.2610361148677406,61.6,0.3078458,446.8546,67,11,44,76
-30.5,136.0,0.2635347630296434,48.8,0.30206636,448.35028,71,10,41,75
-30.5,136.25,0.2607068548954668,36.0,0.29069486,450.08652,75,11,37,74
-30.5,136.5,0.2580897306934708,23.2,0.2976918,452.34418,81,11,39,73
-30.5,136.75,0.2542436935539756,8.9,0.32859793,454.51035,91,11,58,71
-30.5,137.0,0.2506958745952163,13.8,0.3703989,456.04633,87,11,75,70
-30.5,137.25,0.2450698037853553,36.5,0.37636945,456.23154,75,12,76,70
-30.5,137.5,0.2387169563677162,60.1,0.38783383,450.33328,67,12,80,74
-30.5,137.75,0.2396773852053143,60.4,0.37981966,452.9436,67,12,77,72
-30.5,138.0,0.240548164644722,36.7,0.35179338,459.48105,75,12,68,67
-30.5,138.25,0.2249236816119048,13.2,0.31051543,459.1478,87,13,46,67
-30.5,138.5,0.1813358786227625,11.0,0.34447095,459.7415,89,16,66,67
-30.5,138.75,0.1882739399249355,33.7,0.33298132,459.31793,76,16,60,67
-30.5,139.0,0.2405975708250133,56.8,0.26484343,458.5238,68,12,30,68
-30.5,139.25,0.2845729209748762,80.3,0.18714409,458.3476,62,9,16,68
-30.5,139.5,0.2532273970932389,103.9,0.18818295,460.86624,56,11,16,66
-30.5,139.75,0.2249823626913851,127.6,0.244298,453.94537,51,13,25,71
-30.5,140.0,0.2202149906683536,151.2,0.27855366,459.1427,46,14,33,67
-30.5,140.25,0.2077211628947961,174.9,0.30686593,466.44775,42,15,44,62
-30.5,140.5,0.1933198139175753,163.3,0.33159074,465.59473,44,16,59,62
-30.5,140.75,0.1953419532582518,154.3,0.3543769,464.36017,46,15,69,63
-30.5,141.0,0.193620000056745,148.5,0.35919106,464.11337,47,15,71,64
-30.5,141.25,0.1869105952636649,146.4,0.3637989,463.18365,47,16,73,64
-30.5,141.5,0.1759743685213228,148.0,0.37277046,462.43506,47,17,75,65
-30.5,141.75,0.1633847592456732,153.2,0.38227704,462.08844,46,17,78,65
-30.5,142.0,0.1584754367558551,160.8,0.366993,462.84686,44,18,74,65
-30.5,142.25,0.1522786810328917,166.8,0.3607358,461.91116,43,18,72,65
-30.5,142.5,0.145978254951617,175.8,0.3642961,461.3283,42,19,73,66
-30.5,142.75,0.1379036763971228,187.3,0.37387764,460.88962,40,19,76,66
-30.5,143.0,0.1455120934572603,199.9,0.37527966,461.06177,38,19,76,66
-30.5,143.25,0.1592232326843909,212.5,0.38023245,460.8829,36,18,77,66
-30.5,143.5,0.1652568271361468,217.5,0.37868837,461.663,35,17,77,65
-30.5,143.75,0.1637338038179136,195.5,0.36998093,462.3699,39,17,75,65
-30.5,144.0,0.1608582029119133,173.8,0.35539123,463.17416,42,17,70,64
-30.5,144.25,0.1514730177908426,152.7,0.36729228,463.71716,46,18,74,64
-30.5,144.5,0.15150308364204,132.5,0.36270592,462.1943,50,18,72,65
-30.5,144.75,0.1549665471003945,113.7,0.34041086,461.39545,54,18,64,66
-30.5,145.0,0.1562813289289243,97.0,0.3044362,461.59344,58,18,42,65
-30.5,145.25,0.1473354983817054,79.5,0.2687073,461.0336,62,18,31,66
-30.5,145.5,0.1343576276563995,59.6,0.2570625,459.65945,67,19,28,67
-30.5,145.75,0.1238447269180878,40.0,0.25377414,458.63824,74,20,27,68
-30.5,146.0,0.1199208305538853,20.5,0.25141564,458.11276,82,21,27,68
-30.5,146.25,0.1268712327216885,1.0,0.24631327,457.03732,99,20,25,69
-30.5,146.5,0.1372743582419519,18.2,0.22850682,456.64758,84,19,22,69
-30.5,146.75,0.1272463746914928,36.0,0.2331579,457.5064,75,20,23,69
-30.5,147.0,0.1095336633468312,55.7,0.2657382,459.2756,68,22,30,67
-30.5,147.25,0.0973284915089607,51.0,0.3060135,460.64813,70,24,43,66
-30.5,147.5,0.1080125183776198,49.9,0.28341597,459.2773,70,22,34,67
-30.5,147.75,0.1030074954043985,54.9,0.27356198,459.23068,69,22,32,67
-30.5,148.0,0.0918788767064966,56.3,0.2788335,458.23358,68,25,33,68
-30.5,148.25,0.0828858755462403,51.7,0.2844416,457.72717,70,28,35,68
-30.5,148.5,0.0804628320703549,46.3,0.27217102,457.62247,72,29,32,69
-30.5,148.75,0.0854302721680142,36.6,0.22724588,453.89133,75,27,22,71
-30.5,149.0,0.0770610242538775,24.8,0.21188413,451.70715,80,31,19,73
-30.5,149.25,0.0640699311203899,13.8,0.20588262,450.8859,87,38,19,74
-30.5,149.5,0.0568257118602992,8.4,0.19846618,450.79276,91,43,18,74
-30.5,149.75,0.0770224989414037,13.9,0.17800607,451.97015,87,31,15,73
-30.5,150.0,0.1177907399367541,8.0,0.13409704,453.5498,91,21,7,72
-30.5,150.25,0.1468289113403963,5.4,0.113960184,453.22354,94,18,4,72
-30.5,150.5,0.1505652048270262,5.7,0.11953087,452.23047,93,18,5,73
-30.5,150.75,0.1354443307516963,2.8,0.14648825,450.39407,97,19,9,74
-30.5,151.0,0.1266651814293471,25.5,0.15080234,450.13873,80,20,10,74
-30.5,151.25,0.1321463430599708,23.4,0.18776627,449.70508,81,20,16,74
-30.5,151.5,0.1714028717927812,6.7,0.21319574,446.2536,92,17,20,77
-30.5,151.75,0.2065622102513554,1.3,0.20254359,440.1573,99,15,18,80
-30.5,152.0,0.2041677935403727,1.3,0.13365388,430.58902,99,15,7,84
-30.5,152.25,0.1857753829409678,0.7,0.0822004,419.95584,99,16,2,88
-30.5,152.5,0.1397740786008182,13.8,0.051782873,412.3007,87,19,1,90
-30.5,152.75,0.0626030496467137,19.2,0.05298602,406.62823,83,39,1,92
-30.5,153.0,0.0044017813423471,0.2,0.114257924,403.35278,100,97,4,93
-30.75,115.25,0.0274189801942113,17.9,0.34971842,440.86218,84,76,68,80
-30.75,115.5,0.025703486418795,1.0,0.2853789,440.2613,99,78,35,80
-30.75,115.75,0.0171882642122606,10.4,0.30949026,443.04578,90,86,45,79
-30.75,116.0,0.0105604495321001,2.0,0.3270222,445.47784,98,92,57,77
-30.75,116.25,0.0045888677416812,0.5,0.33763143,448.02274,100,97,62,75
-30.75,116.5,5.882817259546192e-05,11.7,0.3422651,450.00674,89,100,64,74
-30.75,116.75,-0.002697229859907,16.8,0.34308088,451.7577,85,98,65,73
-30.75,117.0,-0.0060543573683216,31.8,0.3627565,453.7592,77,95,72,71
-30.75,117.25,-0.0103729683916927,53.5,0.38834494,454.89197,69,92,80,71
-30.75,117.5,-0.0132390836830295,76.4,0.40051582,455.94965,63,90,83,70
-30.75,117.75,-0.0076303140016361,95.0,0.38259983,456.1217,59,94,78,70
-30.75,118.0,0.0035783842782534,86.2,0.37719443,455.3777,61,97,77,70
-30.75,118.25,0.0087502500175365,77.8,0.38491064,454.57678,63,93,79,71
-30.75,118.5,0.0145006067208236,73.7,0.38400126,453.15906,64,89,78,72
-30.75,118.75,0.0196738446486138,68.7,0.37937412,450.70914,65,84,77,74
-30.75,119.0,0.0191162537229025,56.5,0.3813649,450.5118,68,84,78,74
-30.75,119.25,0.0169395858948562,50.4,0.374188,450.64203,70,86,76,74
-30.75,119.5,0.0166968399215312,53.3,0.36624038,450.7433,69,87,74,74
-30.75,119.75,0.0210354042378076,57.9,0.3586437,450.0413,68,82,71,74
-30.75,120.0,0.0246005730526078,50.7,0.3488435,450.1174,70,79,67,74
-30.75,120.25,0.0250876711886597,46.0,0.36889336,451.17032,72,79,74,73
-30.75,120.5,0.0323198474034489,41.3,0.3664032,451.9052,73,72,74,73
-30.75,120.75,0.039754282675373,30.1,0.35263342,451.24487,77,64,69,73
-30.75,121.0,0.0402217986544461,21.5,0.3450002,449.2628,82,63,66,75
-30.75,121.25,0.0273665292809406,9.0,0.38357306,448.85944,91,76,78,75
-30.75,121.5,0.022939153135355,0.6,0.42126048,447.8955,100,81,88,76
-30.75,121.75,0.0213166676639091,23.1,0.4427809,446.95,81,82,93,76
-30.75,122.0,0.0209968629803153,46.7,0.45970783,446.95468,71,82,97,76
-30.75,122.25,0.0226985205009224,68.7,0.46878272,446.79663,65,81,98,76
-30.75,122.5,0.0249701959457958,90.7,0.45365596,445.35385,59,79,96,77
-30.75,122.75,0.0260432886425405,112.2,0.42462265,443.35065,54,78,89,78
-30.75,123.0,0.0286054001854998,132.8,0.39861917,442.15497,50,75,82,79
-30.75,123.25,0.0322570172493301,153.4,0.38770655,441.14322,46,72,80,79
-30.75,123.5,0.03445736375593,174.8,0.3760752,439.81897,42,70,76,80
-30.75,123.75,0.0392293173193355,196.7,0.37029693,438.34662,38,64,75,81
-30.75,124.0,0.0407552332329076,219.0,0.3581142,437.5531,35,62,71,81
-30.75,124.25,0.0391782173099705,241.5,0.348193,437.42374,31,64,67,81
-30.75,124.5,0.0321181267810364,264.2,0.35893643,439.28412,28,72,71,80
-30.75,124.75,0.0241461996077781,287.0,0.40613094,440.84116,25,80,84,80
-30.75,125.0,0.020691245563683,310.0,0.4249902,442.30185,22,82,89,79
-30.75,125.25,0.0185490889297354,333.1,0.42980507,443.4986,19,85,90,78
-30.75,125.5,0.0173241634365348,356.2,0.43425983,443.9513,17,86,91,78
-30.75,125.75,0.0148483484185167,379.4,0.4395293,444.0074,15,88,93,78
-30.75,126.0,0.0142585513802866,402.6,0.41730258,443.97714,13,89,87,78
-30.75,126.25,0.0147101607351076,425.9,0.4276625,443.89868,11,88,90,78
-30.75,126.5,0.0123121733289389,449.2,0.44796672,443.54333,10,91,95,78
-30.75,126.75,0.0105211005169188,472.6,0.45371118,442.90878,8,92,96,79
-30.75,127.0,0.014590924712164,495.9,0.42960665,442.76855,7,89,90,79
-30.75,127.25,0.0160583246787566,519.3,0.44033852,441.9651,6,87,93,79
-30.75,127.5,0.0188710052520036,542.7,0.45062327,441.1769,5,84,95,79
-30.75,127.75,0.0225027292789447,566.2,0.4538595,440.3199,4,81,96,80
-30.75,128.0,0.0276401355507827,556.7,0.45102105,439.9985,4,76,95,80
-30.75,128.25,0.0327171093318611,534.1,0.44363892,439.6444,5,71,94,80
-30.75,128.5,0.036388105100819,511.6,0.44343814,438.8626,6,67,94,81
-30.75,128.75,0.04083193563579,489.2,0.44367114,438.4004,7,62,94,81
-30.75,129.0,0.0459682741069367,466.9,0.43957478,437.72415,9,56,93,81
-30.75,129.25,0.0523473884999042,444.7,0.42421547,436.62952,10,48,89,82
-30.75,129.5,0.0538409763148852,422.7,0.4058095,435.01294,12,46,84,82
-30.75,129.75,0.0581733891252605,400.9,0.39903876,434.28613,13,42,82,83
-30.75,130.0,0.0639617429192488,379.2,0.4032005,433.79828,15,38,83,83
-30.75,130.25,0.0679034688199559,357.8,0.4205951,433.59067,17,35,88,83
-30.75,130.5,0.0717839371411606,336.6,0.42534018,434.13654,19,33,89,83
-30.75,130.75,0.0752679247874766,315.8,0.42380396,434.52393,21,31,89,83
-30.75,131.0,0.0805355055767688,295.4,0.42204675,435.05698,24,29,88,82
-30.75,131.25,0.0852312652893098,275.6,0.41912583,435.91895,27,27,88,82
-30.75,131.5,0.0865649294618162,256.3,0.4123913,437.0193,29,27,86,81
-30.75,131.75,0.0830683781111258,237.8,0.41583088,438.34372,32,28,87,81
-30.75,132.0,0.084876417574456,220.3,0.4214307,438.399,34,27,88,81
-30.75,132.25,0.0927766480660509,203.9,0.43024954,438.6981,37,25,90,81
-30.75,132.5,0.1112141442174712,189.1,0.43615845,439.1599,40,21,92,80
-30.75,132.75,0.1334396315960302,176.2,0.4331703,439.2806,42,19,91,80
-30.75,133.0,0.1541823534272788,165.7,0.41563347,439.96127,44,18,87,80
-30.75,133.25,0.1694860171728318,158.0,0.39867133,440.24667,45,17,82,80
-30.75,133.5,0.1784108566563753,153.5,0.39145353,440.6794,46,16,80,80
-30.75,133.75,0.1847416391817941,152.4,0.38491064,441.01654,46,16,79,80
-30.75,134.0,0.1957596143574587,153.4,0.3441969,440.81125,46,15,65,80
-30.75,134.25,0.204135258788509,156.5,0.3097133,441.6748,45,15,45,79
-30.75,134.5,0.2141282758353987,150.2,0.3018505,441.5758,47,14,41,79
-30.75,134.75,0.2242987554076881,135.3,0.3178946,441.75787,49,13,51,79
-30.75,135.0,0.2363864033723421,123.3,0.31885988,442.33914,52,12,51,79
-30.75,135.25,0.2479378489223087,110.9,0.3105301,443.66852,55,12,46,78
-30.75,135.5,0.2578636630083478,98.0,0.30063006,444.8992,58,11,41,77
-30.75,135.75,0.2650575228279367,85.2,0.29108277,445.94998,61,10,37,77
-30.75,136.0,0.2698688334687003,72.4,0.29143938,446.43994,64,10,37,76
-30.75,136.25,0.2658421111780972,59.1,0.31019524,447.97577,68,10,46,75
-30.75,136.5,0.256441438659316,35.6,0.33548936,449.89423,75,11,61,74
-30.75,136.75,0.2481326903615679,12.1,0.36982375,452.14236,88,12,75,73
-30.75,137.0,0.2444136126410393,11.2,0.39766228,453.98383,89,12,82,71
-30.75,137.25,0.2462804060163242,34.7,0.39518094,454.6077,76,12,81,71
-30.75,137.5,0.2402637879231146,55.8,0.40464464,449.68527,68,12,84,74
-30.75,137.75,0.2418663289486652,52.9,0.3948249,449.1974,69,12,81,75
-30.75,138.0,0.2436646855746706,29.4,0.36851338,452.35962,78,12,74,73
-30.75,138.25,0.2254277751381908,7.1,0.32287866,458.0123,92,13,54,68
-30.75,138.5,0.2014665504695759,12.8,0.33348206,457.30884,88,15,60,69
-30.75,138.75,0.2574383226178941,35.3,0.2951312,456.4009,75,11,38,69
-30.75,139.0,0.3098481927022692,58.1,0.23088151,456.08038,68,7,22,70
-30.75,139.25,0.3040980761338557,81.3,0.18390459,457.03754,62,8,15,69
-30.75,139.5,0.2544579686414051,104.7,0.21387543,457.475,56,11,20,69
-30.75,139.75,0.2373746187559196,128.2,0.26791045,451.7868,51,12,31,73
-30.75,140.0,0.2286068768595301,151.7,0.30337182,457.6288,46,13,42,69
-30.75,140.25,0.2117339505969236,152.4,0.33027923,464.1321,46,14,58,64
-30.75,140.5,0.203082324960269,138.8,0.35479188,462.23187,49,15,70,65
-30.75,140.75,0.204732434094573,128.0,0.37027186,461.50653,51,15,75,66
-30.75,141.0,0.1972485159612482,121.0,0.37201467,460.595,52,15,75,66
-30.75,141.25,0.1837257406663238,118.3,0.37800896,460.01364,53,16,77,67
-30.75,141.5,0.1693159839360132,120.3,0.38912988,459.95575,53,17,80,67
-30.75,141.75,0.1638706645573533,126.7,0.39223376,460.12347,51,17,81,67
-30.75,142.0,0.1740784008255494,133.4,0.37570933,459.7405,50,17,76,67
-30.75,142.25,0.1766675822553224,140.5,0.37018615,459.26855,48,16,75,67
-30.75,142.5,0.1761293570511043,151.0,0.3718417,458.8049,46,17,75,68
-30.75,142.75,0.1716716940470394,163.6,0.37650946,458.4644,44,17,76,68
-30.75,143.0,0.1758142331348998,176.1,0.3777076,458.64453,42,17,77,68
-30.75,143.25,0.185129611930322,188.7,0.38066787,458.01416,40,16,78,68
-30.75,143.5,0.1848091674946426,201.3,0.37863585,458.81378,38,16,77,68
-30.75,143.75,0.1741966656719644,186.4,0.37519938,459.41617,40,17,76,67
-30.75,144.0,0.1644739606550761,163.6,0.37653357,460.9343,44,17,76,66
-30.75,144.25,0.1628717492378893,141.1,0.37521893,462.107,48,17,76,65
-30.75,144.5,0.1664439915374498,119.0,0.35132834,461.57602,53,17,68,65
-30.75,144.75,0.1674336321895853,97.7,0.319644,460.42886,58,17,52,66
-30.75,145.0,0.1595027621863188,77.6,0.28998584,458.91254,63,18,36,67
-30.75,145.25,0.1431624820101119,60.3,0.2709958,456.6284,67,19,31,69
-30.75,145.5,0.1309724452816659,48.5,0.26633054,456.10593,71,20,30,70
-30.75,145.75,0.1268408510700932,46.7,0.25997078,455.8721,71,20,29,70
-30.75,146.0,0.1294477430039218,36.5,0.24768034,455.43365,75,20,26,70
-30.75,146.25,0.1387840293203702,17.5,0.22907385,455.0432,84,19,22,70
-30.75,146.5,0.1483982593924295,1.9,0.21463935,454.98743,98,18,20,71
-30.75,146.75,0.1366072278924375,21.2,0.22235551,455.98624,82,19,21,70
-30.75,147.0,0.1171350148658911,40.5,0.25321612,457.71085,73,21,27,68
-30.75,147.25,0.1036750396935358,59.6,0.28632674,458.8209,67,22,35,68
-30.75,147.5,0.115524345933504,77.7,0.26133642,457.4726,63,21,29,69
-30.75,147.75,0.1106844812626063,65.2,0.2543052,457.75778,66,22,27,68
-30.75,148.0,0.0958071375770183,44.0,0.26621428,457.14594,72,24,30,69
-30.75,148.25,0.0820455178562995,27.3,0.2835522,456.23404,79,29,34,70
-30.75,148.5,0.0783259208535864,25.9,0.28331724,455.83386,79,30,34,70
-30.75,148.75,0.0802218077571264,40.8,0.24005805,452.96225,73,29,24,72
-30.75,149.0,0.0727680675064524,47.8,0.21930139,450.545,71,33,21,74
-30.75,149.25,0.0631544154700047,40.6,0.21336108,449.2371,73,39,20,75
-30.75,149.5,0.0619428886029536,36.4,0.21149777,449.43484,75,39,19,75
-30.75,149.75,0.0681641131536924,24.3,0.19525929,451.20773,80,35,17,73
-30.75,150.0,0.0995609713662859,3.1,0.16744894,453.06882,96,23,13,72
-30.75,150.25,0.1386028787381032,6.9,0.1464592,452.56827,92,19,9,72
-30.75,150.5,0.1570398225493374,14.5,0.13963394,451.4723,86,18,8,73
-30.75,150.75,0.1502344348944635,0.7,0.13874114,450.50204,99,18,8,74
-30.75,151.0,0.1331930555846719,18.4,0.14669794,448.39633,84,19,9,75
-30.75,151.25,0.134933989706804,3.7,0.19718432,448.1545,96,19,17,75
-30.75,151.5,0.1671331091384802,3.8,0.19980888,444.02094,96,17,18,78
-30.75,151.75,0.1903307688555547,13.3,0.14890444,435.9262,87,16,10,82
-30.75,152.0,0.1788805919954376,20.7,0.059345245,422.21735,82,16,1,87
-30.75,152.25,0.1531928358521933,3.1,0.043991752,414.40143,96,18,1,90
-30.75,152.5,0.1095170957113926,5.6,0.037268464,409.1425,93,22,1,91
-30.75,152.75,0.0561579792749225,13.0,0.057189044,405.91556,88,44,1,92
-30.75,153.0,0.0293405400866287,9.1,0.14774314,403.71323,90,74,9,93
-31.0,115.5,0.0356992191751487,3.9,0.30851454,436.1669,95,68,44,82
-31.0,115.75,0.0243033411330543,3.7,0.3038127,437.78314,96,79,42,81
-31.0,116.0,0.0152593529117958,2.6,0.3206417,440.50974,97,88,52,80
-31.0,116.25,0.0091449135648352,24.5,0.3366183,443.29428,80,93,62,78
-31.0,116.5,-0.0002906463286351,13.9,0.33616513,445.77023,87,100,61,77
-31.0,116.75,-0.0031098195307311,12.1,0.3371622,447.11185,88,98,62,76
-31.0,117.0,-0.0039121629315472,29.6,0.3455915,448.93134,78,97,66,75
-31.0,117.25,-0.0060093239526308,52.2,0.35435346,449.952,69,96,69,74
-31.0,117.5,-0.0073024663553085,72.4,0.35956636,450.88013,64,94,71,74
-31.0,117.75,-0.0025160313761305,68.0,0.35461235,451.538,65,98,69,73
-31.0,118.0,0.0063483439884813,59.7,0.34463787,451.88574,67,95,66,73
-31.0,118.25,0.0130687823696505,51.8,0.34691018,451.2583,70,90,67,73
-31.0,118.5,0.0125579118462545,45.8,0.3583401,451.22546,72,90,71,73
-31.0,118.75,0.0148386134100811,43.8,0.36947232,450.77472,72,88,74,74
-31.0,119.0,0.0179647795756214,32.4,0.39474797,450.61188,77,85,81,74
-31.0,119.25,0.0197844622412785,22.4,0.37834018,449.79764,81,83,77,74
-31.0,119.5,0.020083521328689,28.5,0.35854268,449.14502,78,83,71,75
-31.0,119.75,0.0196678874570698,30.3,0.3368905,447.92972,77,84,62,75
-31.0,120.0,0.0212118838603297,23.7,0.33234218,447.7258,81,82,60,76
-31.0,120.25,0.0212526489537031,18.1,0.35252312,447.92352,84,82,69,75
-31.0,120.5,0.0253097661815228,15.6,0.3494595,446.96057,86,78,68,76
-31.0,120.75,0.033561258095627,5.2,0.3304939,445.85242,94,70,59,77
-31.0,121.0,0.0368500959230697,3.9,0.30590004,444.72034,95,67,43,77
-31.0,121.25,0.0260747678710946,14.5,0.32709426,444.1618,86,78,57,78
-31.0,121.5,0.0189150482837465,7.6,0.37011397,443.82144,92,84,75,78
-31.0,121.75,0.0122839203947001,14.4,0.4127172,443.8395,86,91,86,78
-31.0,122.0,0.0143849858858933,36.4,0.43398207,444.03424,75,89,91,78
-31.0,122.25,0.0195581467511753,57.6,0.4355378,444.25787,68,84,92,78
-31.0,122.5,0.0223205226806125,77.8,0.41466278,442.51538,63,81,86,79
-31.0,122.75,0.0244183648765708,98.6,0.39336947,440.9202,58,79,81,80
-31.0,123.0,0.0258283271792433,120.4,0.39088988,439.5195,53,78,80,80
-31.0,123.25,0.029775554047332,142.8,0.39037585,438.27264,48,74,80,81
-31.0,123.5,0.030473929164665,165.5,0.38242376,437.29178,44,73,78,81
-31.0,123.75,0.0312916635176017,188.4,0.37643743,437.13724,40,73,76,81
-31.0,124.0,0.0327415888984909,211.5,0.37069413,436.26172,36,71,75,82
-31.0,124.25,0.0278856788595606,234.7,0.38348114,436.16,32,76,78,82
-31.0,124.5,0.0201768827558095,257.9,0.41014752,437.6446,29,83,85,81
-31.0,124.75,0.0133447981883017,281.3,0.44505885,439.04892,26,90,94,81
-31.0,125.0,0.0115180558159149,304.6,0.44607022,441.03308,23,91,94,79
-31.0,125.25,0.0119790325326556,328.0,0.44329002,441.30746,20,91,94,79
-31.0,125.5,0.0103391480881587,351.4,0.43926218,441.55804,18,92,92,79
-31.0,125.75,0.0086465980358687,374.8,0.45012468,441.88852,15,93,95,79
-31.0,126.0,0.0094413532659278,398.3,0.44040555,440.8125,13,93,93,80
-31.0,126.25,0.0083030257576389,421.8,0.4463726,440.64142,12,94,94,80
-31.0,126.5,0.007893024514141,445.2,0.4595623,440.62497,10,94,97,80
-31.0,126.75,0.006316359423744,468.7,0.46384957,440.30908,9,95,98,80
-31.0,127.0,0.0100139342237352,492.2,0.45026013,438.9444,7,92,95,81
-31.0,127.25,0.0138626209371501,515.7,0.45055163,437.90015,6,89,95,81
-31.0,127.5,0.0154958396268609,539.3,0.44709325,437.208,5,88,94,81
-31.0,127.75,0.0194749665934415,562.8,0.44367787,436.3991,4,84,94,82
-31.0,128.0,0.0228633424621962,549.1,0.4404907,436.49197,4,81,93,82
-31.0,128.25,0.0273073970467694,526.3,0.43923223,436.08707,5,76,92,82
-31.0,128.5,0.0330589869015273,503.5,0.4385485,435.01312,7,71,92,82
-31.0,128.75,0.038423220010563,480.7,0.43536326,433.55283,8,65,92,83
-31.0,129.0,0.045030722412325,458.0,0.4258017,433.2368,9,57,89,83
-31.0,129.25,0.0530947337082276,435.5,0.40909988,430.78433,11,47,85,84
-31.0,129.5,0.0571693492731789,413.0,0.41257545,428.75885,12,43,86,85
-31.0,129.75,0.0611059989314526,390.7,0.410413,427.59073,14,40,85,85
-31.0,130.0,0.0671976757457568,368.4,0.41599038,426.96622,16,36,87,85
-31.0,130.25,0.0729899728981157,346.4,0.42250007,426.5478,18,33,88,86
-31.0,130.5,0.0792057747653286,324.6,0.4195541,427.48154,20,30,88,85
-31.0,130.75,0.0819311604313995,303.0,0.40440112,427.79114,23,29,84,85
-31.0,131.0,0.0855202346286248,281.7,0.39627296,428.033,26,27,82,85
-31.0,131.25,0.0876706086265455,260.9,0.39292118,428.9326,28,26,81,85
-31.0,131.5,0.0919499132748959,240.5,0.3931388,430.88864,31,25,81,84
-31.0,131.75,0.0945853004875105,220.7,0.40133062,432.7402,34,24,83,83
-31.0,132.0,0.0983183519005598,201.7,0.41048548,434.2272,37,23,85,83
-31.0,132.25,0.1056058288152728,183.8,0.4150583,434.8865,40,22,87,82
-31.0,132.5,0.1149366127260561,167.3,0.41175047,434.86197,43,21,86,82
-31.0,132.75,0.1286478461442692,152.6,0.40526876,436.65543,46,20,84,82
-31.0,133.0,0.1483301923499398,140.3,0.40374008,437.1901,48,18,84,81
-31.0,133.25,0.1613535670796409,131.1,0.41766015,436.87427,50,17,87,81
-31.0,133.5,0.1707600174028249,125.7,0.42009875,437.13098,52,17,88,81
-31.0,133.75,0.1825718728381963,124.4,0.42586607,438.18524,52,16,89,81
-31.0,134.0,0.1966953376884616,125.5,0.40174264,439.2514,52,15,83,80
-31.0,134.25,0.208872385411745,129.2,0.35592014,439.51865,51,14,70,80
-31.0,134.5,0.2193068505486562,136.9,0.3198558,439.13724,49,14,52,80
-31.0,134.75,0.2311142681964806,148.0,0.31584355,438.96164,47,13,49,81
-31.0,135.0,0.2464251958188556,147.3,0.3556233,440.64505,47,12,70,80
-31.0,135.25,0.2556167766850974,134.4,0.3698271,441.67258,50,11,75,79
-31.0,135.5,0.2662635817458587,121.5,0.35454357,443.64923,52,10,69,78
-31.0,135.75,0.277544724861426,99.6,0.33146742,446.97742,57,9,59,76
-31.0,136.0,0.2837636805117308,76.4,0.33060658,447.6568,63,9,59,76
-31.0,136.25,0.2758598408173947,53.6,0.34617633,447.18494,69,10,66,76
-31.0,136.5,0.2624766296618396,32.1,0.37848482,447.12082,77,10,77,76
-31.0,136.75,0.2540297032555654,14.1,0.40490007,449.04224,87,11,84,75
-31.0,137.0,0.2556639357891288,9.4,0.40615937,450.4551,90,11,84,74
-31.0,137.25,0.2572832992921273,33.1,0.39241138,451.69388,76,11,81,73
-31.0,137.5,0.2484826221629018,27.8,0.39893118,450.9782,79,12,82,73
-31.0,137.75,0.2447172656256173,37.6,0.3923851,450.30942,75,12,81,74
-31.0,138.0,0.2469716734386262,31.0,0.3632524,452.03873,77,12,73,73
-31.0,138.25,0.2258981271447347,7.4,0.3275575,459.3353,92,13,57,67
-31.0,138.5,0.2176309909749155,16.1,0.3200255,454.48297,85,14,52,71
-31.0,138.75,0.2826933446473309,39.6,0.2916085,454.03,74,9,37,71
-31.0,139.0,0.3233239411775555,63.2,0.25119364,455.04416,66,7,27,70
-31.0,139.25,0.2989225827600984,86.7,0.2233779,456.56567,60,8,21,69
-31.0,139.5,0.2570068804585996,110.2,0.238445,458.57254,55,11,24,68
-31.0,139.75,0.2458848976383229,133.7,0.27114627,456.71658,50,12,31,69
-31.0,140.0,0.2260805128020278,149.8,0.30926865,459.57477,47,13,45,67
-31.0,140.25,0.2121755517348425,131.8,0.33879235,460.86896,50,14,63,66
-31.0,140.5,0.2057550205871285,115.8,0.36858714,458.8528,54,15,74,68
-31.0,140.75,0.2068840190124059,102.7,0.38283092,458.28564,56,15,78,68
-31.0,141.0,0.2002798542635337,93.8,0.38239035,458.08145,59,15,78,68
-31.0,141.25,0.1890909658162854,90.3,0.3834836,457.4858,60,16,78,69
-31.0,141.5,0.1851222832975465,92.9,0.3812728,457.66257,59,16,78,69
-31.0,141.75,0.1836628147290044,101.1,0.37537593,457.94305,57,16,76,68
-31.0,142.0,0.1901942501021992,106.3,0.36735904,457.60474,56,16,74,69
-31.0,142.25,0.2019356771948791,115.1,0.3839155,457.16663,54,15,78,69
-31.0,142.5,0.2084007065809731,127.3,0.3919888,456.32892,51,14,81,69
-31.0,142.75,0.2182073831913017,139.8,0.38327447,455.16748,48,14,78,70
-31.0,143.0,0.2143900012553093,152.4,0.36465245,455.4243,46,14,73,70
-31.0,143.25,0.2118226886571695,164.9,0.369506,455.5004,44,14,74,70
-31.0,143.5,0.2018583671899423,178.7,0.37655163,456.02228,41,15,76,70
-31.0,143.75,0.1903498781109755,181.3,0.3779099,457.15656,41,16,77,69
-31.0,144.0,0.1854147609389786,157.9,0.3841508,456.92737,45,16,79,69
-31.0,144.25,0.1837607178659666,134.4,0.36223966,458.92578,50,16,72,67
-31.0,144.5,0.1846756032778926,111.1,0.32666498,458.40613,55,16,56,68
-31.0,144.75,0.1755798675629886,87.9,0.29520398,457.52048,60,17,38,69
-31.0,145.0,0.1604465315813199,64.9,0.27859074,455.72528,66,17,33,70
-31.0,145.25,0.1533183375628487,42.8,0.282168,455.07272,73,18,34,70
-31.0,145.5,0.1520482419679562,23.6,0.2735361,454.8911,81,18,32,71
-31.0,145.75,0.1484560679023464,19.5,0.26040626,454.61508,83,18,29,71
-31.0,146.0,0.1499948222833197,34.9,0.23962708,454.10535,76,18,24,71
-31.0,146.25,0.154707599192902,33.6,0.21895772,453.28113,76,18,21,72
-31.0,146.5,0.1549086799978145,14.3,0.21229687,453.5514,87,18,20,72
-31.0,146.75,0.1405415563655662,4.9,0.22049315,454.54416,94,19,21,71
-31.0,147.0,0.1211939172907954,24.0,0.24310781,456.13516,80,21,25,70
-31.0,147.25,0.1118351976686556,43.2,0.25973013,457.093,72,21,29,69
-31.0,147.5,0.1193388593771184,62.2,0.247055,456.26483,67,21,26,70
-31.0,147.75,0.1150431543222761,60.8,0.2463369,456.2997,67,21,25,70
-31.0,148.0,0.1014795254117676,37.3,0.26494014,455.73047,75,23,30,70
-31.0,148.25,0.0857621691245142,13.8,0.28429246,455.0092,87,27,35,70
-31.0,148.5,0.0756978357421411,9.7,0.30551943,454.1911,90,31,43,71
-31.0,148.75,0.0685366210804897,33.1,0.2883928,453.21423,76,35,36,72
-31.0,149.0,0.0651098958653857,41.5,0.25395933,450.99744,73,37,27,73
-31.0,149.25,0.0712310298157501,31.6,0.2327931,449.57562,77,33,23,74
-31.0,149.5,0.0803340063478875,37.4,0.22497125,449.8281,75,29,22,74
-31.0,149.75,0.0721474985459021,35.3,0.2129289,451.1792,75,33,20,73
-31.0,150.0,0.0696391975684534,15.4,0.1946961,450.98734,86,34,17,73
-31.0,150.25,0.1021387329530192,0.1,0.16385257,450.44867,100,23,12,74
-31.0,150.5,0.1345996918372942,2.7,0.13652386,449.4484,97,19,7,74
-31.0,150.75,0.1498675836338883,6.1,0.11711001,448.5775,93,18,5,75
-31.0,151.0,0.1311314685868897,2.8,0.11566189,446.6448,97,20,5,76
-31.0,151.25,0.1361304493909258,13.9,0.16276689,444.50854,87,19,12,78
-31.0,151.5,0.1698560392683638,6.8,0.17683956,439.98862,92,17,14,80
-31.0,151.75,0.1878872899870787,15.5,0.14734203,430.78223,86,16,9,84
-31.0,152.0,0.179793328272977,39.2,0.061464496,416.1872,74,16,1,89
-31.0,152.25,0.1541650205096673,28.8,0.042533893,407.91852,78,18,1,92
-31.0,152.5,0.11273713347369,13.5,0.045157667,406.2662,87,21,1,92
-31.0,152.75,0.0492081105686901,7.4,0.079819165,405.17972,92,52,2,92
-31.0,153.0,0.0370958589876647,7.9,0.20287098,406.77652,91,67,18,92
-31.25,115.5,0.0363902344590141,3.6,0.3680326,432.8099,96,67,74,83
-31.25,115.75,0.0299333828989238,5.6,0.28217578,435.57367,93,74,34,82
-31.25,116.0,0.0195141747571705,2.6,0.2927488,437.51004,97,84,37,81
-31.25,116.25,0.0131282590795308,26.2,0.30621782,438.34866,79,90,43,81
-31.25,116.5,0.0045008870462576,41.9,0.31099233,440.74176,73,97,46,80
-31.25,116.75,-0.0020475384867971,39.8,0.31770062,442.67105,74,99,50,79
-31.25,117.0,-0.0043921762456496,41.5,0.33131942,444.19345,73,97,59,78
-31.25,117.25,-0.0050195553716981,43.8,0.33919507,445.63312,72,96,63,77
-31.25,117.5,-0.0052743880166893,44.4,0.34769893,446.39932,72,96,67,76
-31.25,117.75,-0.0010044159190285,41.9,0.34861362,446.9819,73,100,67,76
-31.25,118.0,0.0071878161747008,34.2,0.34117088,447.33643,76,95,64,76
-31.25,118.25,0.01038020530832,27.0,0.34872976,447.90442,79,92,67,76
-31.25,118.5,0.0128868653727251,17.9,0.3598765,447.59567,84,90,71,76
-31.25,118.75,0.0127158648223571,15.9,0.36870545,447.76987,85,90,74,76
-31.25,119.0,0.0140279714505942,9.1,0.38640672,448.30164,90,89,79,75
-31.25,119.25,0.0176992874149055,3.9,0.36777845,447.51898,95,86,74,76
-31.25,119.5,0.0195957232798848,6.3,0.34363204,445.52924,93,84,65,77
-31.25,119.75,0.0204815129372513,2.3,0.3231492,444.35434,97,83,54,78
-31.25,120.0,0.0196200727751212,2.9,0.33881423,444.2768,97,84,63,78
-31.25,120.25,0.0169909452842105,9.5,0.3416529,443.75842,90,86,64,78
-31.25,120.5,0.0202155821540925,12.2,0.33558732,443.39624,88,83,61,78
-31.25,120.75,0.0229789796595772,19.0,0.31540367,442.4389,83,81,49,79
-31.25,121.0,0.0297647432557174,30.7,0.29358578,441.54205,77,74,38,79
-31.25,121.25,0.0286780053439239,39.0,0.29037496,439.65536,74,75,36,80
-31.25,121.5,0.0160377003817952,17.7,0.3143456,439.27466,84,87,48,80
-31.25,121.75,0.0127659315387496,3.9,0.35421628,439.91272,95,90,69,80
-31.25,122.0,0.0099011919949026,23.0,0.38346505,440.43134,81,92,78,80
-31.25,122.25,0.0166277054109654,44.3,0.38043022,440.8154,72,87,78,80
-31.25,122.5,0.0217717273515604,67.1,0.36424553,439.52365,65,82,73,80
-31.25,122.75,0.0240062785090967,90.4,0.35795742,437.8576,60,80,71,81
-31.25,123.0,0.0286142315227715,113.7,0.35415402,436.20886,54,75,69,82
-31.25,123.25,0.0303515940727222,137.1,0.3598435,435.43167,49,74,71,82
-31.25,123.5,0.0281545986426949,160.6,0.36178192,435.21664,45,76,72,82
-31.25,123.75,0.0264670227826129,184.1,0.363769,434.68973,40,77,73,82
-31.25,124.0,0.0206382146249303,207.6,0.37805006,434.69305,37,83,77,82
-31.25,124.25,0.0170128668458866,231.1,0.3929881,434.71835,33,86,81,82
-31.25,124.5,0.0058373292828383,254.7,0.43042433,435.43015,29,96,91,82
-31.25,124.75,0.0008913774209629,278.2,0.45666876,436.1904,26,100,96,82
-31.25,125.0,0.0024917210097469,301.7,0.45844173,437.3686,23,98,97,81
-31.25,125.25,0.0024532935338183,325.3,0.4561738,437.26617,20,98,96,81
-31.25,125.5,0.003379785000912,348.8,0.45350435,437.50604,18,97,96,81
-31.25,125.75,0.0028163505177612,372.4,0.45830548,436.73813,16,98,97,81
-31.25,126.0,0.0032089703295025,395.9,0.45826605,435.24884,14,98,97,82
-31.25,126.25,0.0050002678341808,419.5,0.4584761,435.0472,12,96,97,82
-31.25,126.5,0.0051571886044084,443.0,0.45547378,435.16052,10,96,96,82
-31.25,126.75,0.0060368351067327,466.6,0.45599833,434.4668,9,96,96,83
-31.25,127.0,0.0093749567206638,490.1,0.45015383,432.54462,7,93,95,83
-31.25,127.25,0.0131724611079941,513.7,0.44656807,431.5758,6,90,94,84
-31.25,127.5,0.0157482950172076,537.2,0.44276744,430.9416,5,87,93,84
-31.25,127.75,0.0187382673645125,560.8,0.44024572,430.38953,4,85,93,84
-31.25,128.0,0.0211742265082042,542.8,0.43989065,430.0778,5,82,93,84
-31.25,128.25,0.0264885276245574,519.8,0.43608713,429.76917,6,77,92,84
-31.25,128.5,0.0344913200342229,496.7,0.4314266,429.908,7,69,91,84
-31.25,128.75,0.0412406551962097,473.7,0.42611426,428.79565,8,62,89,85
-31.25,129.0,0.050911922604289,450.7,0.4205935,428.8313,10,50,88,85
-31.25,129.25,0.0564547996203015,427.8,0.40267572,427.35284,11,44,83,85
-31.25,129.5,0.0612427710910283,405.0,0.4031353,425.3296,13,40,83,86
-31.25,129.75,0.0660565670610161,382.2,0.4186671,423.91254,15,37,87,87
-31.25,130.0,0.0714741454282332,359.6,0.42806196,422.8575,17,33,90,87
-31.25,130.25,0.0802833912716735,337.0,0.43445608,423.1653,19,29,92,87
-31.25,130.5,0.0904649035118165,314.6,0.422822,424.1164,21,25,88,86
-31.25,130.75,0.0952252975798079,292.3,0.39676425,424.43674,24,24,82,86
-31.25,131.0,0.0969584750299829,270.3,0.36790827,424.492,27,24,74,86
-31.25,131.25,0.0988622745920327,248.5,0.35929555,425.49368,30,23,71,86
-31.25,131.5,0.1001110776948432,227.0,0.37354216,426.4408,34,23,76,86
-31.25,131.75,0.1092946148699238,206.0,0.3824513,429.08508,37,22,78,85
-31.25,132.0,0.113625695101828,185.6,0.3874217,430.43057,40,21,79,84
-31.25,132.25,0.1156414905319079,166.0,0.38571936,431.34937,43,21,79,84
-31.25,132.5,0.1174898297370721,147.5,0.37806216,431.42953,47,21,77,84
-31.25,132.75,0.1255508814539228,130.7,0.37068975,430.66577,50,20,75,84
-31.25,133.0,0.1453194568953698,116.1,0.39357486,432.0887,53,19,81,84
-31.25,133.25,0.1586877587567349,104.9,0.4035409,432.24213,56,18,84,84
-31.25,133.5,0.1658179013956604,98.1,0.4084299,433.94504,58,17,85,83
-31.25,133.75,0.177148039943339,96.4,0.41186532,436.51395,58,16,86,82
-31.25,134.0,0.1914084985660988,97.6,0.40929487,436.6125,58,16,85,82
-31.25,134.25,0.2068550642776591,102.3,0.39233452,437.22348,57,15,81,81
-31.25,134.5,0.2220955155612457,111.9,0.35543418,437.1502,55,14,70,81
-31.25,134.75,0.2389039121523854,124.1,0.33374763,436.7611,52,12,60,81
-31.25,135.0,0.2530324701197622,138.2,0.36568877,437.69125,49,11,73,81
-31.25,135.25,0.2624822924090992,145.1,0.3845121,439.59265,47,10,79,80
-31.25,135.5,0.2749063026104565,121.5,0.40654987,439.15988,52,10,84,80
-31.25,135.75,0.2837360610121063,98.0,0.39990568,439.78348,58,9,83,80
-31.25,136.0,0.2927788437965015,74.5,0.3924956,440.5205,63,8,81,80
-31.25,136.25,0.293836377028908,51.0,0.34710756,446.8142,70,8,67,76
-31.25,136.5,0.2816082782422502,27.7,0.37064612,445.63834,79,9,75,77
-31.25,136.75,0.276924317498647,6.8,0.38476,445.13684,92,9,79,77
-31.25,137.0,0.2769558952411725,9.9,0.3848275,446.6074,90,9,79,76
-31.25,137.25,0.2712064103844265,11.0,0.3793843,449.24155,89,10,77,75
-31.25,137.5,0.2660265066971382,1.7,0.39064246,450.95352,98,10,80,74
-31.25,137.75,0.2580651776288591,25.3,0.38058418,449.59372,80,11,78,74
-31.25,138.0,0.2544098091602098,33.4,0.35345972,450.4985,76,11,69,74
-31.25,138.25,0.2311848705445992,9.9,0.3128552,457.64645,90,13,47,69
-31.25,138.5,0.2307006112920741,13.6,0.2818592,452.8732,87,13,34,72
-31.25,138.75,0.2902727194086072,37.1,0.26266867,451.6577,75,8,29,73
-31.25,139.0,0.3181369735903683,60.7,0.23810105,452.54376,67,7,24,72
-31.25,139.25,0.2820470217681889,84.2,0.24364021,455.49307,61,9,25,70
-31.25,139.5,0.2467444495541886,107.7,0.2615935,457.74594,55,12,29,68
-31.25,139.75,0.2305290674081161,131.2,0.3008941,457.34448,50,13,41,69
-31.25,140.0,0.2163272402326886,134.6,0.33538514,457.64514,50,14,61,69
-31.25,140.25,0.2012598356985974,114.3,0.3641026,458.05432,54,15,73,68
-31.25,140.5,0.2025943430711604,95.5,0.3827847,456.84366,58,15,78,69
-31.25,140.75,0.2076946359970385,79.2,0.38638094,456.0528,62,15,79,70
-31.25,141.0,0.2014334593237089,67.3,0.3873574,456.15237,65,15,79,70
-31.25,141.25,0.2035904188063882,62.4,0.3931998,454.99927,67,15,81,70
-31.25,141.5,0.2047754989604332,66.0,0.39315465,453.9379,66,15,81,71
-31.25,141.75,0.2115511963276991,73.6,0.38330674,454.91754,64,14,78,71
-31.25,142.0,0.2141372374391981,79.7,0.36460072,455.17792,62,14,73,70
-31.25,142.25,0.2283370431601291,91.0,0.37755287,454.50705,59,13,77,71
-31.25,142.5,0.2450670033826359,103.6,0.3871105,454.2703,56,12,79,71
-31.25,142.75,0.2527881191267321,116.1,0.37859595,453.86197,53,11,77,71
-31.25,143.0,0.2434644647607846,128.6,0.3522418,452.8488,51,12,69,72
-31.25,143.25,0.2271785050320128,142.1,0.36199635,453.3783,48,13,72,72
-31.25,143.5,0.2164170140223134,157.0,0.36938375,453.50574,45,14,74,72
-31.25,143.75,0.2054628094436512,173.5,0.3793688,454.42426,42,15,77,71
-31.25,144.0,0.2034177716948934,157.0,0.3764119,454.35867,45,15,76,71
-31.25,144.25,0.1984296159181256,133.4,0.3490674,454.97415,50,15,67,71
-31.25,144.5,0.1921809397504798,109.9,0.31338742,454.53925,55,16,48,71
-31.25,144.75,0.181058677323606,86.4,0.28111574,453.63126,60,16,34,72
-31.25,145.0,0.1776202215746577,63.1,0.28254825,453.04526,66,16,34,72
-31.25,145.25,0.1833201256353363,40.0,0.2856523,453.0977,74,16,35,72
-31.25,145.5,0.1807604806652913,18.1,0.27098626,452.97885,84,16,31,72
-31.25,145.75,0.1751956245141281,0.6,0.2555327,452.8924,100,17,28,72
-31.25,146.0,0.1733057778938451,23.2,0.23483364,452.4251,81,17,23,72
-31.25,146.25,0.1744891511258347,31.4,0.21733202,451.9375,77,17,20,73
-31.25,146.5,0.1680852491563807,25.4,0.21685176,452.34247,80,17,20,73
-31.25,146.75,0.1532967862185268,9.9,0.22186716,453.08737,90,18,21,72
-31.25,147.0,0.1363801880650932,7.6,0.23266757,454.1813,92,19,23,71
-31.25,147.25,0.1246190224131125,26.6,0.24436134,455.23676,79,20,25,70
-31.25,147.5,0.1246263102783511,43.2,0.24388054,454.80154,72,20,25,71
-31.25,147.75,0.123311240431143,53.7,0.2431437,454.0709,69,20,25,71
-31.25,148.0,0.1095442798620622,39.8,0.25945628,453.2913,74,22,29,72
-31.25,148.25,0.0945803991097602,18.1,0.27955067,452.66852,84,24,33,72
-31.25,148.5,0.0830095989873544,3.5,0.29529884,452.026,96,28,38,73
-31.25,148.75,0.0800501005891766,26.0,0.28298482,451.64236,79,29,34,73
-31.25,149.0,0.0996387824327463,27.2,0.24574396,450.36807,79,23,25,74
-31.25,149.25,0.1123891226415123,4.8,0.22341108,449.19635,94,21,21,75
-31.25,149.5,0.1108571657755722,19.5,0.20765434,449.14868,83,21,19,75
-31.25,149.75,0.0854161238264558,42.2,0.19945778,448.22708,73,27,18,75
-31.25,150.0,0.0739095296982365,35.8,0.178716,446.87375,75,32,15,76
-31.25,150.25,0.067003773922278,28.0,0.16809326,445.87787,78,36,13,77
-31.25,150.5,0.0987779318802668,16.4,0.13632178,444.7337,85,23,7,77
-31.25,150.75,0.127002832306815,1.1,0.12618272,443.68204,99,20,6,78
-31.25,151.0,0.143509661494976,0.1,0.10952176,442.70508,100,19,4,79
-31.25,151.25,0.1639899610408715,20.1,0.13186966,439.5694,83,17,7,80
-31.25,151.5,0.2080176715694722,29.4,0.15253197,432.66614,78,14,10,83
-31.25,151.75,0.2138252811062903,32.3,0.14170209,423.20273,77,14,9,87
-31.25,152.0,0.1848040166355314,48.3,0.0901622,409.8649,71,16,2,91
-31.25,152.25,0.1257836792285421,46.1,0.055676818,403.2264,72,20,1,93
-31.25,152.5,0.0685227309281583,27.3,0.06299383,402.8523,79,35,1,93
-31.25,152.75,0.0162057582255718,7.1,0.12554568,406.55,92,87,6,92
-31.5,115.75,0.0341625199342767,2.7,0.33522022,435.2738,97,70,61,82
-31.5,116.0,0.0238158617700849,2.7,0.27734753,433.7506,97,80,33,83
-31.5,116.25,0.0157924296755698,26.2,0.28732994,434.30408,79,87,36,83
-31.5,116.5,0.0090579972691124,23.8,0.30351394,435.3974,81,93,42,82
-31.5,116.75,-0.0038020847431783,16.3,0.30876762,437.92633,85,97,45,81
-31.5,117.0,-0.0061361904577573,14.8,0.32291955,440.03326,86,95,54,80
-31.5,117.25,-0.0061090695583039,16.8,0.33769867,441.19333,85,95,62,79
-31.5,117.5,-0.004147012948635,16.4,0.344727,441.8193,85,97,66,79
-31.5,117.75,9.739436209201812e-05,15.1,0.34745777,442.3401,86,100,67,79
-31.5,118.0,0.0034340031799815,8.8,0.3462985,442.71814,91,97,66,79
-31.5,118.25,0.0092163678036913,0.8,0.35286307,443.0498,99,93,69,78
-31.5,118.5,0.0131313757438744,4.6,0.37030458,443.1442,95,90,75,78
-31.5,118.75,0.0155401389203256,4.2,0.37908387,443.2663,95,88,77,78
-31.5,119.0,0.0174733676193725,5.0,0.40096787,443.95938,94,86,83,78
-31.5,119.25,0.0219311747699975,20.6,0.37764433,443.3953,82,82,77,78
-31.5,119.5,0.0259843844693109,21.7,0.34996244,441.5722,82,78,68,79
-31.5,119.75,0.0221729080946672,24.6,0.31157622,440.4058,80,81,47,80
-31.5,120.0,0.0184984944139917,28.7,0.3287785,441.1826,78,85,58,79
-31.5,120.25,0.0177373419737532,36.5,0.33697236,439.80518,75,86,62,80
-31.5,120.5,0.016585931576611,40.0,0.32881933,438.6109,74,87,58,81
-31.5,120.75,0.0237691567833757,43.9,0.30709237,437.87338,72,80,44,81
-31.5,121.0,0.0305842472683815,55.1,0.28839207,436.566,69,73,36,82
-31.5,121.25,0.0358792835109246,49.7,0.28026217,435.11893,70,68,34,82
-31.5,121.5,0.0261931072621207,29.5,0.29793286,435.23227,78,78,39,82
-31.5,121.75,0.012988650315674,15.4,0.331869,435.5832,86,90,59,82
-31.5,122.0,0.0127701236422927,23.7,0.35673144,436.0912,81,90,70,82
-31.5,122.25,0.0167085470764764,44.6,0.34439248,436.74316,72,87,65,81
-31.5,122.5,0.0189396263233252,67.3,0.325028,435.51022,65,84,55,82
-31.5,122.75,0.0248582460873183,90.4,0.3141038,434.03998,60,79,48,83
-31.5,123.0,0.0284008935936504,113.7,0.30062848,433.17224,54,75,41,83
-31.5,123.25,0.0326855500835725,137.1,0.30022067,432.4334,49,71,40,83
-31.5,123.5,0.0269305493672921,160.5,0.31341627,431.7487,45,77,48,84
-31.5,123.75,0.0171990058224071,184.0,0.34876266,431.88382,40,86,67,84
-31.5,124.0,0.0141585382943352,207.4,0.36399522,431.85046,37,89,73,84
-31.5,124.25,0.0043756891086342,230.9,0.40380502,432.66373,33,97,84,83
-31.5,124.5,-0.0033584820461415,254.4,0.44237274,433.44583,29,98,93,83
-31.5,124.75,-0.005205449049494,277.9,0.46135676,434.09885,26,96,97,83
-31.5,125.0,-0.0048093141882591,301.4,0.46377143,433.1568,23,96,98,83
-31.5,125.25,-0.000988184900156,324.9,0.46018457,433.28116,20,100,97,83
-31.5,125.5,-0.0014524493543874,348.5,0.45850044,431.31036,18,99,97,84
-31.5,125.75,-0.0005702439382384,372.0,0.45700416,430.16617,16,100,96,84
-31.5,126.0,0.0008696851176431,395.5,0.4575354,428.58127,14,100,97,85
-31.5,126.25,0.0030168845007816,419.0,0.45565525,427.7013,12,98,96,85
-31.5,126.5,0.0051930552570238,442.5,0.45220232,427.46072,10,96,95,85
-31.5,126.75,0.0075768669490658,466.0,0.4487438,426.84628,9,94,95,85
-31.5,127.0,0.0114094332281854,489.6,0.4460089,425.18173,7,91,94,86
-31.5,127.25,0.0159377821529882,513.1,0.43880743,423.80472,6,87,92,87
-31.5,127.5,0.0206633760904272,536.6,0.42231995,422.475,5,83,88,87
-31.5,127.75,0.0239734152021507,560.1,0.41764688,421.4832,4,80,87,87
-31.5,128.0,0.02592149460023,538.0,0.41256982,421.1986,5,78,86,88
-31.5,128.25,0.0314923241024925,514.7,0.41598397,421.12808,6,72,87,88
-31.5,128.5,0.0395908300055279,491.5,0.41432285,422.0718,7,64,86,87
-31.5,128.75,0.0525641075202396,468.3,0.4223058,425.1005,9,48,88,86
-31.5,129.0,0.0621958535031548,445.1,0.41695648,424.92224,10,39,87,86
-31.5,129.25,0.0687062385004191,421.9,0.39062878,424.1981,12,35,80,86
-31.5,129.5,0.0717684330352183,398.8,0.38903204,422.583,13,33,80,87
-31.5,129.75,0.0763137290808594,375.7,0.40567827,420.9983,15,31,84,88
-31.5,130.0,0.0797853466300737,352.7,0.45628455,420.10208,17,29,96,88
-31.5,130.25,0.0882185229654645,329.7,0.47132617,420.03772,20,26,99,88
-31.5,130.5,0.100235750756803,306.8,0.46384987,420.83966,23,23,98,88
-31.5,130.75,0.1138511833601764,284.0,0.45463857,420.87802,25,21,96,88
-31.5,131.0,0.1201584860829392,261.3,0.425,420.92377,28,21,89,88
-31.5,131.25,0.123256747399102,238.7,0.42272347,421.69626,32,20,88,87
-31.5,131.5,0.1215010845102369,216.4,0.4252431,422.20837,35,21,89,87
-31.5,131.75,0.1287719842977822,194.3,0.40653926,425.22006,39,20,84,86
-31.5,132.0,0.1309639621171213,172.5,0.35060972,427.5212,42,20,68,85
-31.5,132.25,0.1314631926827132,151.3,0.33914647,428.00522,46,20,63,85
-31.5,132.5,0.1254919500821935,130.8,0.34048963,425.8546,50,20,64,86
-31.5,132.75,0.1265735644891503,111.5,0.34919897,423.06396,55,20,67,87
-31.5,133.0,0.1435117624251038,94.1,0.3644043,424.04608,59,19,73,86
-31.5,133.25,0.1543650678148315,79.9,0.36668342,425.49448,62,18,74,86
-31.5,133.5,0.1639509790621343,70.7,0.36299923,427.51013,64,17,72,85
-31.5,133.75,0.180210945458107,68.4,0.3694831,429.71237,65,16,74,84
-31.5,134.0,0.189669818591903,69.8,0.39143082,431.59897,65,16,80,84
-31.5,134.25,0.2067525064794435,76.2,0.3702018,432.0768,63,15,75,84
-31.5,134.5,0.2214434438130064,87.9,0.34450468,433.00204,60,14,66,83
-31.5,134.75,0.2409347047319724,101.7,0.3212548,432.88074,57,12,53,83
-31.5,135.0,0.2575394990781898,118.5,0.33776838,433.59644,53,11,62,83
-31.5,135.25,0.2657117561481538,133.0,0.36602888,435.9726,50,10,73,82
-31.5,135.5,0.2781465302942143,126.0,0.38541433,435.69272,51,9,79,82
-31.5,135.75,0.2859206659863481,103.5,0.42006248,436.01813,56,9,88,82
-31.5,136.0,0.2935625640276287,81.6,0.4185369,434.77966,62,8,87,82
-31.5,136.25,0.300848817038128,61.1,0.35728592,441.82187,67,8,71,79
-31.5,136.5,0.3045715621395391,43.1,0.32338923,442.78998,72,8,54,79
-31.5,136.75,0.2968687387316355,25.8,0.33409753,442.29807,79,8,60,79
-31.5,137.0,0.285417250126955,8.6,0.3362053,443.54105,91,9,62,78
-31.5,137.25,0.2750515261310197,11.2,0.3391723,444.54236,89,10,63,78
-31.5,137.5,0.2721342991461001,19.8,0.3522437,446.68646,83,10,69,76
-31.5,137.75,0.2637201697504636,37.4,0.35428825,449.23206,75,10,69,75
-31.5,138.0,0.258745378938814,23.8,0.3230491,450.7707,81,11,54,74
-31.5,138.25,0.2349520620978659,2.1,0.2891773,452.16446,98,13,36,73
-31.5,138.5,0.2653390318798345,19.5,0.24170208,448.40536,83,10,25,75
-31.5,138.75,0.3120862994254345,41.2,0.23341921,447.77667,73,7,23,76
-31.5,139.0,0.3052666857589169,63.1,0.25622195,450.22794,66,8,28,74
-31.5,139.25,0.2626969390814858,85.9,0.2694333,453.0159,61,10,31,72
-31.5,139.5,0.229866164319572,108.9,0.29108927,455.5916,55,13,37,70
-31.5,139.75,0.2163986280893108,132.2,0.32789865,455.77344,50,14,57,70
-31.5,140.0,0.1991289506599839,124.0,0.36271748,455.44388,52,15,72,70
-31.5,140.25,0.1951692296302921,101.7,0.38471103,455.97092,57,15,79,70
-31.5,140.5,0.196176324077394,80.0,0.3984213,455.70306,62,15,82,70
-31.5,140.75,0.2017914427710431,59.6,0.39287582,454.0292,67,15,81,71
-31.5,141.0,0.2036711318346317,42.6,0.4039892,453.74658,73,15,84,72
-31.5,141.25,0.2038709813418487,34.4,0.4076328,452.70816,76,15,85,72
-31.5,141.5,0.234817285188252,40.6,0.41500098,450.73303,73,13,87,74
-31.5,141.75,0.247457652576434,46.4,0.39935988,451.50226,71,12,82,73
-31.5,142.0,0.2470290479161555,54.7,0.36918756,451.79434,69,12,74,73
-31.5,142.25,0.2563021114406486,67.3,0.35976255,451.91364,65,11,71,73
-31.5,142.5,0.2725049606125269,79.9,0.36633047,451.8733,62,10,74,73
-31.5,142.75,0.2720900954318321,92.4,0.3648041,451.59094,59,10,73,73
-31.5,143.0,0.2581541749551737,105.6,0.34589317,451.23923,56,11,66,73
-31.5,143.25,0.2442996219110985,120.4,0.35462266,451.39697,53,12,69,73
-31.5,143.5,0.2291628258374874,137.2,0.36933726,451.5757,49,13,74,73
-31.5,143.75,0.2192867385201333,155.7,0.3763659,451.5468,45,14,76,73
-31.5,144.0,0.2151999334782539,161.0,0.3585345,450.7016,44,14,71,74
-31.5,144.25,0.2070090026572524,138.2,0.3295885,450.78607,49,15,58,74
-31.5,144.5,0.1995060455630578,115.7,0.29440954,450.79425,54,15,38,74
-31.5,144.75,0.2014389929805128,93.8,0.2806741,450.66223,59,15,34,74
-31.5,145.0,0.2007056110316799,72.8,0.27832955,450.00812,64,15,33,74
-31.5,145.25,0.2076392342380824,52.3,0.2748693,450.83084,69,15,32,74
-31.5,145.5,0.2020434787563447,30.3,0.2619047,450.579,77,15,29,74
-31.5,145.75,0.1944576316983286,9.1,0.24486999,450.37744,90,15,25,74
-31.5,146.0,0.1906410610525026,1.9,0.24010606,450.67505,98,16,24,74
-31.5,146.25,0.1936005970019669,3.5,0.2230958,450.15518,96,15,21,74
-31.5,146.5,0.1846363995224237,6.3,0.21844135,450.8799,93,16,20,74
-31.5,146.75,0.167082964369495,4.6,0.2204335,451.2531,95,17,21,73
-31.5,147.0,0.1489308054026748,7.6,0.22852527,452.36847,92,18,22,73
-31.5,147.25,0.1349194850085214,8.3,0.24561505,452.78848,91,19,25,72
-31.5,147.5,0.130918577872771,18.1,0.25215125,452.2055,84,20,27,73
-31.5,147.75,0.1280762280470558,30.8,0.24785082,451.43762,77,20,26,73
-31.5,148.0,0.1205470704584426,44.1,0.26346007,450.54297,72,21,30,74
-31.5,148.25,0.1040876712472665,24.7,0.28283253,450.075,80,22,34,74
-31.5,148.5,0.1011001478121172,2.1,0.2895918,449.8844,98,23,36,74
-31.5,148.75,0.1114102086983621,18.5,0.2754147,449.49774,84,21,32,74
-31.5,149.0,0.1330441040253,23.4,0.24422723,448.28314,81,20,25,75
-31.5,149.25,0.1468017891404174,2.3,0.21499696,446.80576,97,18,20,76
-31.5,149.5,0.141135857110965,21.2,0.19483027,445.8689,82,19,17,77
-31.5,149.75,0.108750375016548,44.6,0.18348819,443.30643,72,22,15,78
-31.5,150.0,0.0898419367914487,60.4,0.15483873,440.36328,67,26,11,80
-31.5,150.25,0.0750088437648844,39.8,0.14483047,439.22076,74,32,9,80
-31.5,150.5,0.0891953778785786,16.3,0.14637832,437.71255,85,26,9,81
-31.5,150.75,0.1293588402592355,6.8,0.13012585,436.38953,92,20,6,82
-31.5,151.0,0.1748526871602128,7.1,0.103259556,434.417,92,17,3,83
-31.5,151.25,0.2125910071755892,17.2,0.09111533,430.24506,84,14,3,84
-31.5,151.5,0.2305942547773676,17.1,0.11788135,423.9036,85,13,5,87
-31.5,151.75,0.2178911407777507,28.9,0.112891674,415.52258,78,14,4,89
-31.5,152.0,0.1820997167289966,49.8,0.08451843,404.2065,70,16,2,93
-31.5,152.25,0.115542720106896,38.7,0.06348968,398.93707,74,21,1,94
-31.5,152.5,0.0442608430454995,21.8,0.08733615,402.93362,82,58,2,93
-31.5,152.75,0.0039311617280223,6.1,0.16972744,406.6259,93,97,13,92
-31.75,115.75,0.0336461129720278,1.0,0.37201428,435.25436,99,70,75,82
-31.75,116.0,0.024432388870489,6.3,0.31032765,433.82715,93,79,46,83
-31.75,116.25,0.0189459799902535,9.9,0.28931895,429.70905,90,84,36,84
-31.75,116.5,0.0114927361275823,1.1,0.30474567,429.62128,99,91,42,85
-31.75,116.75,-0.0039945361470537,5.1,0.3098414,432.838,94,97,45,83
-31.75,117.0,-0.0080513756711124,8.2,0.32794604,435.1908,91,94,57,82
-31.75,117.25,-0.0072540086516666,7.8,0.34192464,436.14117,91,94,64,82
-31.75,117.5,-0.006035042997627,7.5,0.34835798,437.21948,92,96,67,81
-31.75,117.75,-0.0015368921061356,7.3,0.35078186,437.92673,92,99,68,81
-31.75,118.0,0.0019359588889139,13.4,0.34885713,438.10312,87,99,67,81
-31.75,118.25,0.0075123961704472,1.4,0.35805038,438.57617,98,94,71,81
-31.75,118.5,0.014775215670289,23.3,0.3718998,438.37134,81,88,75,81
-31.75,118.75,0.0197664812639621,23.1,0.38369334,438.91956,81,83,78,81
-31.75,119.0,0.0226360981796114,27.9,0.40567207,438.36612,79,81,84,81
-31.75,119.25,0.0291743179339738,41.6,0.37860814,438.0628,73,75,77,81
-31.75,119.5,0.0312347319775394,43.0,0.32939765,436.89066,73,73,58,81
-31.75,119.75,0.0301252488667766,39.7,0.29013833,435.55814,74,74,36,82
-31.75,120.0,0.0206443104005995,45.3,0.3040915,436.408,72,83,42,82
-31.75,120.25,0.0225467145354265,60.2,0.3177009,434.69785,67,81,50,82
-31.75,120.5,0.0245965931204236,67.9,0.3092837,433.35925,65,79,45,83
-31.75,120.75,0.0268185267003164,70.8,0.3030059,432.7576,64,77,42,83
-31.75,121.0,0.0351346050159052,79.2,0.28799725,431.4564,62,69,36,84
-31.75,121.25,0.0389837460836306,65.6,0.28881416,430.95084,66,65,36,84
-31.75,121.5,0.034022413839453,51.1,0.29337722,430.6533,70,70,38,84
-31.75,121.75,0.0239896078879523,42.8,0.32341298,430.93417,73,80,54,84
-31.75,122.0,0.0130335143789471,46.4,0.333993,431.29297,71,90,60,84
-31.75,122.25,0.0170179768576331,59.9,0.3145159,432.19144,67,86,49,84
-31.75,122.5,0.0188008934569855,78.2,0.2920483,431.2494,62,85,37,84
-31.75,122.75,0.0211905986977009,98.8,0.28442553,430.51685,58,82,35,84
-31.75,123.0,0.0282544933614276,120.4,0.26942587,429.37222,53,76,31,85
-31.75,123.25,0.0322780912262498,142.7,0.26498973,428.86276,48,72,30,85
-31.75,123.5,0.027277351351222,165.2,0.2843963,428.67673,44,76,35,85
-31.75,123.75,0.0185193926472926,188.1,0.3244206,428.61832,40,85,55,85
-31.75,124.0,0.0067048251628875,211.0,0.3630217,428.94403,36,95,72,85
-31.75,124.25,0.0009729061453115,234.1,0.40152508,430.20453,32,100,83,84
-31.75,124.5,-0.0082911885786978,257.3,0.44647387,430.3794,29,94,94,84
-31.75,124.75,-0.0084141582572123,280.5,0.46112975,430.09656,26,94,97,84
-31.75,125.0,-0.0050221347250044,303.7,0.46119088,429.16498,23,96,97,85
-31.75,125.25,-0.0050107828740562,327.0,0.4621125,427.4259,20,96,97,85
-31.75,125.5,-0.0024010345183168,350.3,0.45977482,425.678,18,99,97,86
-31.75,125.75,-0.0007564835915608,373.7,0.4539894,423.9521,15,100,96,87
-31.75,126.0,0.003565712488212,397.0,0.44602752,421.71982,14,97,94,87
-31.75,126.25,0.0075400509827193,420.4,0.4426635,420.87082,12,94,93,88
-31.75,126.5,0.0099475613024662,443.8,0.4302448,419.43146,10,92,90,88
-31.75,126.75,0.0149660817879651,467.2,0.42380896,418.4817,9,88,89,88
-31.75,127.0,0.0215985954606107,490.6,0.41400293,416.70016,7,82,86,89
-31.75,127.25,0.0279170945331099,514.1,0.3975773,415.3301,6,76,82,89
-31.75,127.5,0.0342339167437915,537.5,0.3813834,413.87125,5,70,78,90
-31.75,127.75,0.0390928612600657,557.9,0.37064898,411.45276,4,64,75,91
-31.75,128.0,0.0411162581516518,534.5,0.36324123,410.78625,5,62,73,91
-31.75,128.25,0.0467188743253548,511.1,0.37673324,411.77515,6,55,76,90
-31.75,128.5,0.0528367812257437,487.8,0.42469916,414.67032,7,48,89,90
-31.75,128.75,0.0625267368408718,464.5,0.4323695,417.43677,9,39,91,89
-31.75,132.0,0.1497957528967942,163.3,0.39226565,424.16727,44,18,81,86
-31.75,132.25,0.1566386174349602,140.7,0.33781263,423.21234,48,18,62,87
-31.75,132.5,0.1532491250229733,118.4,0.33284697,420.10876,53,18,60,88
-31.75,132.75,0.1486810612536612,96.8,0.3447177,417.36362,58,18,66,89
-31.75,133.0,0.1510344641460549,76.1,0.35413828,418.76483,63,18,69,88
-31.75,133.25,0.1618958134115452,57.7,0.35066417,420.23605,68,17,68,88
-31.75,133.5,0.1744014533436192,44.2,0.3428973,421.78635,72,17,65,87
-31.75,133.75,0.1911626810518404,40.5,0.34283388,423.51788,73,16,65,87
-31.75,134.0,0.2011446414227109,42.1,0.3567865,425.39957,73,15,70,86
-31.75,134.25,0.2074702646943652,52.1,0.34632462,426.86935,70,15,66,85
-31.75,134.5,0.2239756726041724,65.1,0.3144318,427.62555,66,13,48,85
-31.75,134.75,0.2346554888869702,82.7,0.30778614,428.2827,61,13,44,85
-31.75,135.0,0.2544257341640158,96.5,0.31271625,429.44037,58,11,47,85
-31.75,135.25,0.2673693172641963,112.5,0.33229592,431.45508,54,10,60,84
-31.75,135.5,0.2794311134729512,127.8,0.34050727,433.85635,51,9,64,83
-31.75,135.75,0.2912076267990328,115.7,0.37173507,434.48904,54,8,75,83
-31.75,136.0,0.2984383191528087,96.7,0.39606047,433.59634,58,8,82,83
-31.75,136.25,0.310109385544534,79.3,0.34489742,437.20425,62,7,66,81
-31.75,136.5,0.3103404442747151,62.1,0.30934238,438.45267,67,7,45,81
-31.75,136.75,0.2985619943034613,43.4,0.30346343,439.04935,72,8,42,81
-31.75,137.0,0.2801811261501695,23.2,0.30607608,440.23132,81,9,43,80
-31.75,137.25,0.2720861379057169,3.0,0.30547953,440.20416,96,10,43,80
-31.75,137.5,0.2722585670295215,17.1,0.30227497,441.0245,85,10,41,79
-31.75,137.75,0.261245340428182,29.7,0.30257988,443.8154,78,11,41,78
-31.75,138.0,0.2548275242138299,9.8,0.2913455,444.918,90,11,37,77
-31.75,138.25,0.2316036750385094,10.0,0.27587065,444.6777,90,13,32,77
-31.75,138.5,0.2727575297378713,30.4,0.250265,443.1336,77,10,26,78
-31.75,138.75,0.3291814111904906,52.1,0.23805976,444.9885,70,6,24,77
-31.75,139.0,0.318241301795379,73.7,0.26168132,447.43475,64,7,29,76
-31.75,139.25,0.2645808842654029,95.3,0.27295956,449.62405,58,10,32,74
-31.75,139.5,0.2236899044497736,117.0,0.3061724,452.57584,53,13,43,72
-31.75,139.75,0.2071330895647406,138.9,0.34836563,452.40988,49,15,67,72
-31.75,140.0,0.1983072609485437,119.2,0.38766074,452.3528,53,15,80,73
-31.75,140.25,0.1923214041745744,95.8,0.40641084,453.31717,58,16,84,72
-31.75,140.5,0.1960131494239682,72.4,0.41212332,453.3377,64,15,86,72
-31.75,140.75,0.2008996306342028,49.1,0.40488493,452.18536,70,15,84,73
-31.75,141.0,0.2053931279595764,26.0,0.41295198,451.4443,79,15,86,73
-31.75,141.25,0.2417798092699654,6.6,0.4229808,449.36453,92,12,89,75
-31.75,141.5,0.2711331710507649,18.5,0.42948702,447.58844,84,10,90,76
-31.75,141.75,0.2895927994201581,19.1,0.40153593,448.6171,83,9,83,75
-31.75,142.0,0.2836251335135395,31.1,0.36212197,448.9983,77,9,72,75
-31.75,142.25,0.2923616199100035,43.7,0.35010883,448.7049,72,8,68,75
-31.75,142.5,0.2893710071420563,56.2,0.35684142,448.75952,68,9,70,75
-31.75,142.75,0.2878497614436561,69.0,0.3555755,448.73093,65,9,70,75
-31.75,143.0,0.2713101783678645,83.9,0.3460013,449.41745,61,10,66,75
-31.75,143.25,0.2568385685040127,101.3,0.35355666,449.10272,57,11,69,75
-31.75,143.5,0.2443747373175851,120.7,0.36558998,449.1495,53,12,73,75
-31.75,143.75,0.2325216468046641,141.2,0.36869246,448.32657,48,13,74,75
-31.75,144.0,0.2257633238967086,162.3,0.35146293,447.55728,44,13,68,76
-31.75,144.25,0.2189889620546074,148.2,0.32233655,447.301,47,14,53,76
-31.75,144.5,0.2206422392622612,127.5,0.2996688,447.18582,51,14,40,76
-31.75,144.75,0.2221152495814576,106.2,0.28285876,447.31253,56,14,34,76
-31.75,145.0,0.2208781147054175,84.4,0.2716124,447.37894,61,14,32,76
-31.75,145.25,0.2204223674771908,62.7,0.26518714,447.55673,67,14,30,76
-31.75,145.5,0.2134722679825721,41.9,0.25346914,447.45264,73,14,27,76
-31.75,145.75,0.2083009547199167,24.7,0.25358012,448.05396,80,14,27,75
-31.75,146.0,0.2023524847990345,23.8,0.24601807,448.03073,81,15,25,75
-31.75,146.25,0.2075722906904827,22.6,0.23160823,448.17526,81,15,23,75
-31.75,146.5,0.1993201123661406,20.1,0.21909295,448.43298,83,15,21,75
-31.75,146.75,0.179077562102161,21.0,0.21867256,449.26132,82,16,21,75
-31.75,147.0,0.1576543668218489,18.3,0.22803845,449.7064,84,18,22,74
-31.75,147.25,0.1426857041195035,14.3,0.24341029,450.23743,87,19,25,74
-31.75,147.5,0.1385809836158019,1.6,0.25741038,449.75,98,19,28,74
-31.75,147.75,0.135922587636326,8.3,0.25433135,448.57016,91,19,27,75
-31.75,148.0,0.1254466738352286,17.3,0.26823696,447.6378,84,20,31,76
-31.75,148.25,0.1208277065750388,26.8,0.28437334,447.4275,79,21,35,76
-31.75,148.5,0.1161360207457272,13.1,0.28863806,447.22842,88,21,36,76
-31.75,148.75,0.1278346933867959,8.8,0.26985916,445.9989,91,20,31,77
-31.75,149.0,0.141702171060301,17.5,0.24714373,444.94186,84,19,26,77
-31.75,149.25,0.154722972923801,5.8,0.21729566,443.5622,93,18,20,78
-31.75,149.5,0.1526531743063103,24.6,0.20797652,441.02194,80,18,19,80
-31.75,149.75,0.1338998936343982,43.4,0.1978916,437.63644,72,19,18,81
-31.75,150.0,0.1245506038822765,58.1,0.16149037,434.25824,68,20,12,83
-31.75,150.25,0.1142223833683168,49.4,0.14017586,431.13303,70,21,8,84
-31.75,150.5,0.1248187366220961,27.5,0.13772282,429.67245,79,20,8,85
-31.75,150.75,0.1640020805721481,4.4,0.1157577,427.7435,95,17,5,85
-31.75,151.0,0.2148027309660045,3.7,0.091118924,424.85037,96,14,3,86
-31.75,151.25,0.23706974553033,10.5,0.07948661,420.87497,89,12,2,88
-31.75,151.5,0.2184481931534329,8.3,0.06753823,415.36765,91,14,1,89
-31.75,151.75,0.1996958803008532,25.7,0.06710524,407.04013,80,15,1,92
-31.75,152.0,0.1625832480833023,28.7,0.0638978,399.88596,78,17,1,93
-31.75,152.25,0.1220435453334912,22.6,0.07990821,397.59628,81,20,2,94
-31.75,152.5,0.0530559771479429,3.2,0.113015905,401.5017,96,47,4,93
-31.75,152.75,0.0232369973800987,5.1,0.23402898,409.46588,94,80,23,91
-32.0,115.75,0.0269258987779418,0.9,0.39976555,434.57974,99,77,83,83
-32.0,116.0,0.024283161910162,0.8,0.31729347,430.03497,99,79,50,84
-32.0,116.25,0.0172829657526952,7.1,0.29614806,425.89523,92,86,39,86
-32.0,116.5,0.0125162585222694,13.2,0.30064744,424.05194,87,90,41,86
-32.0,116.75,-0.0026628830381447,29.7,0.31032875,428.37256,78,98,46,85
-32.0,117.0,-0.0073022980675367,36.1,0.32946673,430.59055,75,94,58,84
-32.0,117.25,-0.0076627728107961,35.7,0.34583813,432.1827,75,94,66,84
-32.0,117.5,-0.0054749420533577,35.4,0.35137245,432.8361,75,96,68,83
-32.0,117.75,-0.0027346673377213,35.3,0.3615079,433.75342,75,98,72,83
-32.0,118.0,0.0004417633282996,22.1,0.35546324,433.08865,82,100,70,83
-32.0,118.25,0.0080918445207533,0.5,0.36101282,433.15903,100,94,72,83
-32.0,118.5,0.0125436226730622,23.9,0.36659873,433.77737,80,90,74,83
-32.0,118.75,0.0207649328213717,37.5,0.37464365,434.36597,75,82,76,83
-32.0,119.0,0.0254664355306886,27.7,0.38314113,433.43942,79,78,78,83
-32.0,119.25,0.0336488586057731,24.6,0.3480344,432.1725,80,70,67,84
-32.0,119.5,0.0383615010728438,16.7,0.29754594,430.59415,85,65,39,84
-32.0,119.75,0.0393714631053929,11.8,0.27434424,429.49252,88,64,32,85
-32.0,120.0,0.0310448867799658,24.7,0.28342822,430.1134,80,73,34,84
-32.0,120.25,0.0348374576385443,46.6,0.29165944,428.73444,71,69,37,85
-32.0,120.5,0.033021396815422,69.5,0.28871346,428.0723,65,71,36,85
-32.0,120.75,0.0373765879249688,92.7,0.28238595,427.11722,59,66,34,85
-32.0,121.0,0.0344166858842419,101.9,0.2825883,426.36978,57,70,34,86
-32.0,121.25,0.0342151163511776,87.3,0.28841972,425.93665,60,70,36,86
-32.0,121.5,0.0342172790825965,76.0,0.2870188,425.2408,63,70,35,86
-32.0,121.75,0.0254514325343604,70.7,0.2900669,425.89188,64,78,36,86
-32.0,122.0,0.0179333899531879,72.9,0.2954448,426.24274,64,85,38,86
-32.0,122.25,0.0179804807927991,82.1,0.2829591,426.8744,61,85,34,85
-32.0,122.5,0.0194197141232767,96.3,0.27121624,426.63654,58,84,31,86
-32.0,122.75,0.0247013199763993,113.6,0.26426375,426.10995,54,79,30,86
-32.0,123.0,0.0287764251701966,132.8,0.26092833,425.3816,50,75,29,86
-32.0,123.25,0.0356894353288225,153.2,0.25652245,425.07532,46,68,28,86
-32.0,123.5,0.0285518571150965,174.4,0.28573593,424.42984,42,75,35,86
-32.0,123.75,0.0168633180559568,196.1,0.32422188,424.3892,38,86,55,86
-32.0,124.0,0.0091742811436277,218.2,0.3603627,424.90515,35,93,72,86
-32.0,124.25,-0.0023329142214996,240.5,0.39442602,424.01834,31,99,81,86
-32.0,124.5,-0.0092279642443394,263.0,0.44095805,423.8061,28,93,93,87
-32.0,124.75,-0.0084629899190206,285.7,0.4578988,422.5852,25,93,97,87
-32.0,125.0,-0.0051798258248406,308.5,0.45563558,422.65924,22,96,96,87
-32.0,125.25,-0.0014780875428446,331.4,0.4551883,420.65457,20,99,96,88
-32.0,125.5,0.00256549504896,354.4,0.4556413,420.94144,17,98,96,88
-32.0,125.75,0.0072193776833869,377.5,0.4519164,418.92798,15,95,95,88
-32.0,126.0,0.0137486938418511,400.6,0.43636274,416.899,13,89,92,89
-32.0,126.25,0.020584695114355,423.7,0.41110024,415.24042,12,83,86,89
-32.0,126.5,0.0246606682660058,446.9,0.39862522,413.7674,10,79,82,90
-32.0,126.75,0.0288322832723636,470.1,0.37684512,412.58765,8,75,77,90
-32.0,127.0,0.0383277703010078,493.3,0.35448676,410.32156,7,65,69,91
-32.0,127.25,0.0461974906158589,516.5,0.33936054,409.3603,6,56,63,91
-32.0,127.5,0.0513815558221679,539.8,0.3822557,406.95972,5,49,78,92
-32.0,127.75,0.0568522267392836,555.9,0.37381124,405.02844,4,43,76,92
-32.0,128.0,0.0619814635320965,532.5,0.38563645,403.60065,5,39,79,93
-32.0,132.25,0.1725984421569765,135.1,0.4086628,418.9552,49,17,85,88
-32.0,133.0,0.1802115523843981,65.6,0.40338615,415.80612,66,16,83,89
-32.0,133.25,0.1897645418975679,42.8,0.3991844,417.8712,73,16,82,89
-32.0,133.5,0.2017756703603525,21.6,0.38803437,419.10355,82,15,80,88
-32.0,133.75,0.2104231512307056,12.5,0.36154258,420.86346,88,14,72,88
-32.0,134.0,0.2118699277274399,15.7,0.3372886,422.93332,86,14,62,87
-32.0,134.25,0.2209482624077888,28.7,0.3225666,424.5472,78,14,54,86
-32.0,134.5,0.2182206332949655,47.0,0.3208332,423.2014,71,14,52,87
-32.0,134.75,0.2267167629735056,60.0,0.31652036,423.9347,67,13,50,87
-32.0,135.0,0.2443834792445635,76.5,0.31349576,425.20667,63,12,48,86
-32.0,135.25,0.2669873765470194,94.6,0.30931297,426.76096,59,10,45,85
-32.0,135.5,0.2855992479527014,101.2,0.3116094,429.20212,57,9,47,85
-32.0,135.75,0.3016294773309796,111.4,0.31971195,431.3638,55,8,52,84
-32.0,136.0,0.3076705325904879,115.5,0.35229313,432.1669,54,7,69,84
-32.0,136.25,0.3142929786816239,98.0,0.31686872,434.0412,58,7,50,83
-32.0,136.5,0.3028661623907586,77.7,0.3019843,435.42154,63,8,41,82
-32.0,136.75,0.2817012367437461,57.5,0.29611573,436.14688,68,9,39,82
-32.0,137.0,0.2714684235652731,37.4,0.305959,435.63437,75,10,43,82
-32.0,137.25,0.2700237341225147,17.2,0.29576185,435.5497,84,10,39,82
-32.0,137.5,0.26679773788367,2.8,0.28097105,436.1196,97,10,34,82
-32.0,137.75,0.2767929885713827,14.8,0.24051943,436.18533,86,9,24,82
-32.0,138.0,0.2742872997941006,5.0,0.22389221,437.1747,94,10,21,81
-32.0,138.25,0.2673713581058456,22.3,0.26292738,438.4023,81,10,29,81
-32.0,138.5,0.287787916551211,40.7,0.2981859,440.1037,73,9,40,80
-32.0,138.75,0.3490169748708251,62.6,0.27410725,441.8299,67,6,32,79
-32.0,139.0,0.3422379497582802,84.8,0.24602981,444.73688,61,6,25,77
-32.0,139.25,0.2914784015644164,106.1,0.24708365,447.0018,56,8,26,76
-32.0,139.5,0.2336975171807266,127.7,0.30559668,448.7034,51,13,43,75
-32.0,139.75,0.2133076169860682,144.0,0.37400872,448.34833,48,14,76,75
-32.0,140.0,0.2051524017405297,120.9,0.41051593,448.8985,52,15,85,75
-32.0,140.25,0.2189237628309499,97.9,0.42406726,449.32324,58,14,89,75
-32.0,140.5,0.2212394486868842,75.2,0.4257317,449.68524,63,14,89,74
-32.0,140.75,0.2265354663954072,53.2,0.4208693,448.8476,69,13,88,75
-32.0,141.0,0.2499310543228473,32.3,0.4245518,448.1822,77,11,89,75
-32.0,141.25,0.2842397343544733,11.9,0.43215033,446.36926,88,9,91,76
-32.0,141.5,0.3133613944397352,3.0,0.4189946,445.45245,96,7,88,77
-32.0,141.75,0.3247653489477843,5.1,0.38671696,445.78165,94,6,79,77
-32.0,142.0,0.318412397107819,7.5,0.34906614,446.4337,92,7,67,76
-32.0,142.25,0.3116034223720254,20.0,0.34435618,445.43994,83,7,65,77
-32.0,142.5,0.3092568813958981,32.6,0.3480993,445.01474,76,7,67,77
-32.0,142.75,0.2996578548635755,47.5,0.35349438,446.67014,71,8,69,76
-32.0,143.0,0.2817808940829265,66.1,0.35747042,447.78214,66,9,71,76
-32.0,143.25,0.2685576426486174,86.7,0.3593329,447.52316,60,10,71,76
-32.0,143.5,0.2602763288188726,108.3,0.35818103,445.57434,55,11,71,77
-32.0,143.75,0.2505152172941182,130.5,0.3576534,444.8771,50,11,71,77
-32.0,144.0,0.2409366345010875,153.0,0.34862936,444.56302,46,12,67,78
-32.0,144.25,0.2401141092757738,160.0,0.31747878,443.85687,45,12,50,78
-32.0,144.5,0.2419930181909529,138.3,0.29228637,443.9693,49,12,37,78
-32.0,144.75,0.2407494860191253,117.3,0.2811021,444.01868,53,12,34,78
-32.0,145.0,0.2384230469043056,96.5,0.2649848,444.60037,58,12,30,77
-32.0,145.25,0.2305058858712159,77.2,0.26154312,444.20258,63,13,29,78
-32.0,145.5,0.2234282686508127,61.0,0.2645343,444.8108,67,13,30,77
-32.0,145.75,0.2172793526845496,50.8,0.26112878,445.48026,70,14,29,77
-32.0,146.0,0.2160021270447898,50.3,0.25594583,445.62903,70,14,28,77
-32.0,146.25,0.2199740188420816,50.0,0.24150722,445.508,70,14,24,77
-32.0,146.5,0.2126037115308766,48.1,0.22540288,445.89633,71,14,22,77
-32.0,146.75,0.1896635439197,49.0,0.21928953,446.6125,71,16,21,76
-32.0,147.0,0.1661445231309959,45.9,0.22619091,447.15912,72,17,22,76
-32.0,147.25,0.1530630002385892,37.5,0.24152277,447.508,75,18,24,76
-32.0,147.5,0.1491568241268396,25.3,0.25842983,446.8831,80,18,28,76
-32.0,147.75,0.1451465809128768,11.2,0.25622645,446.00226,89,19,28,77
-32.0,148.0,0.137872792977751,4.5,0.2702001,445.33978,95,19,31,77
-32.0,148.25,0.1295315031183972,3.7,0.2849703,444.9999,96,20,35,77
-32.0,148.5,0.1266287442562835,11.0,0.28078017,444.92584,89,20,34,77
-32.0,148.75,0.132892228108609,12.4,0.25832114,443.19003,88,20,28,78
-32.0,149.0,0.1405255848519681,26.6,0.23924434,441.94336,79,19,24,79
-32.0,149.25,0.1395328650384077,8.7,0.24340442,440.71777,91,19,25,80
-32.0,149.5,0.1353408183192923,8.9,0.23751493,437.9528,91,19,24,81
-32.0,149.75,0.1494793154792638,29.4,0.22477524,433.22385,78,18,21,83
-32.0,150.0,0.1632147004739159,31.3,0.18041468,428.73837,77,17,15,85
-32.0,150.25,0.161106834582807,29.0,0.14949138,425.5793,78,17,10,86
-32.0,150.5,0.160662570460547,26.7,0.13865685,422.66443,79,17,8,87
-32.0,150.75,0.1914798042548465,11.4,0.11148598,420.53043,89,16,4,88
-32.0,151.0,0.2301517156906248,4.3,0.0962289,417.61847,95,13,3,89
-32.0,151.25,0.2383380491020424,7.8,0.0854815,412.60922,91,12,2,90
-32.0,151.5,0.2143253325584477,23.2,0.07458583,407.17078,81,14,2,92
-32.0,151.75,0.1687846305181405,23.2,0.060093436,401.47345,81,17,1,93
-32.0,152.0,0.131311718679388,2.5,0.06426902,396.27814,97,20,1,94
-32.0,152.25,0.10577793338203,3.6,0.10056336,395.76025,96,22,3,95
-32.0,152.5,0.070388650401063,2.3,0.19997372,401.47153,97,34,18,93
-32.25,115.75,0.0217527405181456,1.4,0.4030488,429.61575,98,82,83,85
-32.25,116.0,0.0170807861589959,3.9,0.32121888,424.8043,95,86,53,86
-32.25,116.25,0.0173997756226786,6.1,0.29454887,420.8416,93,86,38,88
-32.25,116.5,0.0148238582036269,16.9,0.29344082,419.29968,85,88,38,88
-32.25,116.75,0.0015059195281494,40.2,0.306908,424.09314,74,99,44,86
-32.25,117.0,-0.0037475791183255,63.5,0.32931054,426.43408,66,97,58,86
-32.25,117.25,-0.0043635412202482,63.7,0.3460355,428.11328,66,97,66,85
-32.25,117.5,-0.0040180440609609,57.6,0.35650387,429.30267,68,97,70,85
-32.25,117.75,-6.617666443898564e-05,45.4,0.37307382,429.60132,72,100,75,85
-32.25,118.0,0.0030922884254583,22.0,0.3622834,428.25247,82,98,72,85
-32.25,118.25,0.0077498385017471,1.3,0.3581243,427.41406,99,94,71,85
-32.25,118.5,0.0138650402670637,16.6,0.3590238,427.9182,85,89,71,85
-32.25,118.75,0.0178539134606364,11.1,0.36416003,428.57956,89,86,73,85
-32.25,119.0,0.023459597093807,1.9,0.35625708,428.17868,98,80,70,85
-32.25,119.25,0.0354977821709499,1.8,0.32029784,425.74454,98,68,52,86
-32.25,119.5,0.0437289511036526,9.6,0.29366136,424.44104,90,59,38,86
-32.25,119.75,0.0491964896896942,16.2,0.2766324,423.99368,85,52,33,87
-32.25,120.0,0.0495548318339777,27.1,0.2739346,424.35205,79,52,32,86
-32.25,120.25,0.0461620704649249,47.9,0.27499872,423.72977,71,56,32,87
-32.25,120.5,0.04342584443456,70.4,0.27441573,422.5947,65,59,32,87
-32.25,120.75,0.0373319604355076,93.3,0.2745566,421.28287,59,66,32,88
-32.25,121.0,0.0346252345147409,116.3,0.27257183,420.3537,53,69,32,88
-32.25,121.25,0.0328164155306738,111.3,0.2682698,419.5238,55,71,31,88
-32.25,121.5,0.0314464961645648,102.5,0.26106092,419.4003,57,72,29,88
-32.25,121.75,0.0271234600294736,98.6,0.2605631,420.2733,58,77,29,88
-32.25,122.0,0.0206334090087607,100.2,0.2669199,421.5915,57,83,30,87
-32.25,122.25,0.0247297108799795,107.1,0.2632795,421.97644,56,79,30,87
-32.25,122.5,0.0306013683478037,118.3,0.26201606,421.8074,53,73,29,87
-32.25,122.75,0.0335763531648332,132.7,0.25747463,420.83585,50,70,28,88
-32.25,123.0,0.039469761879272,149.4,0.2536925,420.4713,47,64,27,88
-32.25,123.25,0.0370700736241858,167.8,0.26219597,420.0935,43,67,29,88
-32.25,123.5,0.0275125933946886,187.3,0.29915807,418.48178,40,76,40,88
-32.25,123.75,0.0172729875116298,207.6,0.3328245,419.12927,37,86,60,88
-32.25,124.0,0.0063396229164763,228.5,0.36731017,418.657,33,95,74,88
-32.25,124.25,-0.0011859866762755,249.9,0.397099,417.2237,30,100,82,89
-32.25,124.5,-0.0071828317495861,271.6,0.43152386,413.63525,27,95,91,90
-32.25,124.75,-0.0044555250205511,293.6,0.44866225,412.01154,24,97,95,90
-32.25,125.0,0.0026503867713645,315.8,0.4435677,412.61383,21,98,94,90
-32.25,125.25,0.0088672561304909,338.1,0.44367445,414.7297,19,93,94,90
-32.25,125.5,0.0162379089753986,360.6,0.44155315,415.78116,17,87,93,89
-32.25,125.75,0.0215822133243948,383.3,0.46111214,415.0982,15,82,97,89
-32.25,126.0,0.0311134672191526,406.0,0.45300785,413.66318,13,73,96,90
-32.25,126.25,0.039542644235882,428.8,0.42348126,411.7726,11,64,89,90
-32.25,126.5,0.047329832523662,451.6,0.4079083,411.60645,10,54,85,90
-32.25,126.75,0.0513338012637437,474.5,0.38129476,410.99222,8,49,78,91
-32.25,127.0,0.0602885010441587,497.5,0.35564062,409.3423,7,41,70,91
-32.25,127.25,0.0638916503470335,520.5,0.36856982,407.7392,6,38,74,92
-32.25,133.75,0.2215403391750268,15.4,0.41782844,420.4246,86,14,87,88
-32.25,134.0,0.2234046977900323,4.8,0.36977088,424.2199,94,13,75,86
-32.25,134.25,0.2193311435924399,10.8,0.32967377,422.6412,89,14,58,87
-32.25,134.5,0.2188677033165558,23.7,0.32436204,420.91827,81,14,55,88
-32.25,134.75,0.218223264445329,40.9,0.33260435,420.40164,73,14,60,88
-32.25,135.0,0.227904768101871,60.8,0.32459533,420.92413,67,13,55,88
-32.25,135.25,0.2585699578436712,67.9,0.31226158,422.57947,65,11,47,87
-32.25,135.5,0.2927581408105436,75.6,0.29890925,424.05365,63,8,40,86
-32.25,135.75,0.3137864748215569,88.8,0.300549,426.5049,60,7,41,86
-32.25,136.0,0.3112116814191852,102.8,0.32097727,428.314,56,7,53,85
-32.25,136.25,0.305946572532966,112.0,0.30776024,430.1277,54,8,44,84
-32.25,136.5,0.2847949459572278,91.9,0.29659843,431.29126,59,9,39,84
-32.25,136.75,0.2770949672353232,71.7,0.29975262,431.41278,64,9,40,84
-32.25,137.0,0.2717289358155713,51.6,0.3112613,430.51654,70,10,46,84
-32.25,137.25,0.2727689618688254,31.5,0.29713848,430.54938,77,10,39,84
-32.25,137.5,0.2638113528523328,11.4,0.26496118,429.66638,89,10,30,85
-32.25,137.75,0.2801757358546768,8.5,0.22078358,429.72504,91,9,21,84
-32.25,138.0,0.3177669534193618,13.4,0.19792159,431.36594,87,7,18,84
-32.25,138.25,0.3344476320248629,36.7,0.23725754,434.6282,75,6,24,83
-32.25,138.5,0.3463841605432597,58.5,0.28567705,436.41714,68,6,35,82
-32.25,138.75,0.3612701052544816,72.8,0.26311904,438.8995,64,5,29,81
-32.25,139.0,0.3575816085029926,89.8,0.23125517,441.65955,60,5,22,79
-32.25,139.25,0.3199413516785994,109.2,0.2489939,444.10315,55,7,26,78
-32.25,139.5,0.2567729243166035,129.6,0.32485092,443.89008,51,11,55,78
-32.25,139.75,0.2406126978230618,146.7,0.40002048,443.93237,47,12,83,78
-32.25,140.0,0.2663981117485534,128.7,0.42693543,444.01868,51,10,90,78
-32.25,140.25,0.2794548884655038,107.5,0.4411863,444.3019,55,9,93,78
-32.25,140.5,0.2822595688070924,86.4,0.43601024,444.90628,60,9,92,77
-32.25,140.75,0.2886023716247152,65.5,0.4302565,444.58466,66,9,90,78
-32.25,141.0,0.3120348245044061,43.0,0.4255897,443.62747,73,7,89,78
-32.25,141.25,0.3283152506304239,20.4,0.41523886,444.25397,83,6,87,78
-32.25,141.5,0.3469497174201976,2.1,0.39740646,443.74097,98,6,82,78
-32.25,141.75,0.3445412017948304,24.7,0.36628696,443.31955,80,6,74,78
-32.25,142.0,0.3379833044961006,16.1,0.3353175,442.93576,85,6,61,79
-32.25,142.25,0.3302159382739947,3.6,0.32833496,441.92654,96,6,57,79
-32.25,142.5,0.3197278913177017,11.6,0.33219787,442.57382,89,7,59,79
-32.25,142.75,0.308451231218697,32.9,0.33526266,444.5319,76,7,61,78
-32.25,143.0,0.2893002954001228,55.4,0.35462287,446.32114,69,9,70,77
-32.25,143.25,0.2790927196631119,78.1,0.36671162,445.1453,62,9,74,77
-32.25,143.5,0.2730735127924986,101.1,0.3604883,443.13458,57,10,72,78
-32.25,143.75,0.268281864476878,124.2,0.35074896,441.58252,52,10,68,79
-32.25,144.0,0.2607570195725808,147.4,0.3375565,441.48846,47,11,62,79
-32.25,144.25,0.2615702049817801,170.6,0.29945144,441.02252,43,11,40,79
-32.25,144.5,0.259414243769078,151.0,0.27958292,440.9636,46,11,33,80
-32.25,144.75,0.2562810922928509,131.4,0.26662633,441.31232,50,11,30,79
-32.25,145.0,0.2490196944802024,113.2,0.26201874,441.8666,54,11,29,79
-32.25,145.25,0.2401713127802525,97.4,0.26098728,441.6259,58,12,29,79
-32.25,145.5,0.23446362823514,85.1,0.2653953,442.40356,61,13,30,79
-32.25,145.75,0.2349918886586757,78.1,0.26805863,443.11584,62,13,31,78
-32.25,146.0,0.2337641559851666,77.9,0.2595988,443.3054,63,13,29,78
-32.25,146.25,0.2336202726276713,77.9,0.2557611,443.46405,63,13,28,78
-32.25,146.5,0.2288762593178987,76.0,0.24168165,444.3381,63,13,25,78
-32.25,146.75,0.2079156161352459,77.0,0.23149902,444.35797,63,14,23,78
-32.25,147.0,0.1845852868254518,73.4,0.23083511,444.8366,64,16,22,77
-32.25,147.25,0.1698140739707187,61.4,0.24167354,445.29715,67,17,25,77
-32.25,147.5,0.1641942153596097,46.9,0.2557253,444.4222,71,17,28,78
-32.25,147.75,0.1564473823710744,29.6,0.26047325,444.02023,78,18,29,78
-32.25,148.0,0.1480891353905289,15.6,0.27093562,443.48636,86,18,31,78
-32.25,148.25,0.1388866204990162,0.8,0.2784279,443.2621,99,19,33,78
-32.25,148.5,0.1355584701301441,0.8,0.2691191,442.44547,99,19,31,79
-32.25,148.75,0.1356792551021845,4.6,0.24905707,441.88568,95,19,26,79
-32.25,149.0,0.1273639263540861,20.9,0.25015688,441.63022,82,20,26,79
-32.25,149.25,0.1259363846143796,16.6,0.2535674,439.94083,85,20,27,80
-32.25,149.5,0.1375003558095722,5.2,0.2457113,436.679,94,19,25,82
-32.25,149.75,0.1638874804091063,2.5,0.21825323,430.6553,97,17,20,84
-32.25,150.0,0.1727031305299273,10.6,0.17594469,426.32153,89,17,14,86
-32.25,150.25,0.1670897562322872,3.1,0.15717442,421.50345,96,17,11,87
-32.25,150.5,0.1665661469988879,1.3,0.14169516,418.8948,99,17,9,88
-32.25,150.75,0.1890258381165386,6.5,0.13758573,415.8798,93,16,8,89
-32.25,151.0,0.2188772295557317,1.3,0.13532543,412.5186,99,14,7,90
-32.25,151.25,0.2237949980334157,24.2,0.120572366,406.8029,80,13,5,92
-32.25,151.5,0.1958654094398731,30.5,0.107391536,401.7371,77,15,4,93
-32.25,151.75,0.1441606706889745,15.2,0.09108999,396.3874,86,19,3,94
-32.25,152.0,0.1068903049154046,4.4,0.10181609,392.6772,95,22,3,95
-32.25,152.25,0.0883528466867227,6.4,0.15208249,395.77133,93,26,10,95
-32.25,152.5,0.0585519581054714,7.1,0.28823048,401.79083,92,42,36,93
-32.5,115.75,0.0191577083120743,1.2,0.40060893,423.34918,99,84,83,87
-32.5,116.0,0.0133017769482518,2.1,0.32354736,419.12042,98,90,54,88
-32.5,116.25,0.0139953630366584,6.2,0.30116454,415.3558,93,89,41,89
-32.5,116.5,0.0195305268102813,16.7,0.29685318,415.44446,85,84,39,89
-32.5,116.75,0.0085846984620383,39.9,0.3120402,419.18045,74,93,47,88
-32.5,117.0,0.0016378989487531,53.6,0.3365707,421.6942,69,99,62,87
-32.5,117.25,-0.0009560151668708,43.3,0.3547383,423.33957,72,100,70,87
-32.5,117.5,-0.0014942277821579,31.8,0.3606132,424.5288,77,99,72,86
-32.5,117.75,0.0045643130095586,22.1,0.3718827,424.6044,82,97,75,86
-32.5,118.0,0.0097440275008834,11.9,0.36201334,423.30655,88,93,72,87
-32.5,118.25,0.0139404732600918,0.2,0.35589024,422.14548,100,89,70,87
-32.5,118.5,0.0168427143245935,10.3,0.35513574,421.76047,90,86,70,87
-32.5,118.75,0.0209793597947628,13.5,0.36008886,422.13385,87,82,72,87
-32.5,119.0,0.0254951607835079,22.6,0.35472643,422.5056,81,78,70,87
-32.5,119.25,0.0300154007350405,28.9,0.33480448,421.6993,78,74,61,87
-32.5,119.5,0.0406836845584967,35.9,0.30798653,419.98422,75,63,44,88
-32.5,119.75,0.0540663027742301,43.8,0.28340223,418.1985,72,46,34,89
-32.5,120.0,0.0640856837413074,49.2,0.26940462,419.0835,70,38,31,88
-32.5,120.25,0.0568072083361801,63.1,0.2781802,418.77066,66,43,33,88
-32.5,120.5,0.0454105161864953,81.4,0.2865576,416.80704,62,57,35,89
-32.5,120.75,0.039593940674829,101.8,0.28633434,415.41006,57,64,35,89
-32.5,121.0,0.0413091614005333,123.3,0.2753759,414.90063,52,62,32,89
-32.5,121.25,0.0467535134504682,136.6,0.2591799,413.72495,49,55,28,90
-32.5,121.5,0.0461016974515847,129.6,0.25608328,413.61243,51,56,28,90
-32.5,121.75,0.0372911714555119,126.5,0.26729527,414.38617,51,67,30,90
-32.5,122.0,0.0329565391288183,127.8,0.27466673,415.75043,51,71,32,89
-32.5,122.25,0.0367872212725203,133.2,0.2677787,416.93045,50,67,31,89
-32.5,122.5,0.0439099954851415,142.4,0.25583476,416.77252,48,59,28,89
-32.5,122.75,0.0463242550380528,154.5,0.250305,415.64166,46,56,26,89
-32.5,123.0,0.0436889757890076,169.1,0.24700408,414.49384,43,59,26,90
-32.5,123.25,0.0399725156614468,185.5,0.2576798,413.62262,40,63,28,90
-32.5,123.5,0.0272590907323839,203.2,0.30333748,413.0569,37,76,42,90
-32.5,123.75,0.0143111465964466,222.1,0.3544777,413.9057,34,89,69,90
-32.5,124.0,0.0060613514639304,241.7,0.3902609,412.04074,31,95,80,90
-32.5,124.25,0.0001764732679086,261.9,0.4095262,408.84634,28,100,85,91
-32.5,124.5,-0.0003238758914882,282.7,0.42007896,405.26917,26,100,88,92
-32.5,124.75,0.0039760893144245,303.8,0.4171404,401.45065,23,97,87,93
-32.5,125.0,0.0134278099784361,325.3,0.4317478,402.9757,20,90,91,93
-32.5,125.25,0.0239205937531854,347.0,0.43741488,405.77808,18,80,92,92
-32.5,125.5,0.0310708654445729,368.9,0.45581305,410.06494,16,73,96,91
-32.5,134.25,0.2221195766779904,12.5,0.37440097,419.5542,88,14,76,88
-32.5,134.5,0.2145990851301966,6.5,0.3308689,419.9971,93,14,59,88
-32.5,134.75,0.2172175701862822,25.8,0.33169731,419.5706,79,14,59,88
-32.5,135.0,0.2233351601221199,34.5,0.32595485,419.03772,76,13,56,88
-32.5,135.25,0.2487372553851899,40.7,0.3064018,418.7569,73,12,43,88
-32.5,135.5,0.2847639042368557,52.4,0.28607842,420.00082,69,9,35,88
-32.5,135.75,0.3086237110086672,67.5,0.28396633,421.86627,65,7,35,87
-32.5,136.0,0.3064345025058304,79.0,0.29756796,424.23676,62,8,39,86
-32.5,136.25,0.3007078062260656,93.6,0.30520633,425.2033,59,8,43,86
-32.5,136.5,0.2991015960772832,93.0,0.30700547,426.4149,59,8,44,86
-32.5,136.75,0.2960013635101772,75.6,0.3103589,426.57968,63,8,46,86
-32.5,137.0,0.2936048727881695,52.4,0.3125227,426.55334,69,8,47,86
-32.5,137.25,0.2879357505390154,29.5,0.29887453,425.973,78,9,40,86
-32.5,137.5,0.2778200765184703,9.0,0.26098797,424.78485,91,9,29,86
-32.5,137.75,0.3081655454023608,4.5,0.22170642,424.2382,95,7,21,86
-32.5,138.0,0.3418268010785271,12.0,0.19903325,426.12714,88,6,18,86
-32.5,138.25,0.368772379324461,23.2,0.21994346,430.86462,81,5,21,84
-32.5,138.5,0.3804601632457758,36.4,0.25525203,433.4403,75,4,28,83
-32.5,138.75,0.3772731505955259,54.8,0.24514484,436.08853,69,4,25,82
-32.5,139.0,0.3596556148292231,75.3,0.24741454,438.3576,63,5,26,81
-32.5,139.25,0.3146502532508402,93.7,0.28585672,439.58673,59,7,35,80
-32.5,139.5,0.2993013830678094,110.7,0.3609344,438.68988,55,8,72,81
-32.5,139.75,0.3296263262407765,128.1,0.3898809,438.69092,51,6,80,81
-32.5,140.0,0.3477797998647605,140.3,0.41471076,439.10925,48,6,86,80
-32.5,140.25,0.3515015746372574,117.4,0.42675894,439.36176,53,5,90,80
-32.5,140.5,0.3475433546251484,94.3,0.41841787,439.42798,59,6,87,80
-32.5,140.75,0.3497060320816845,71.2,0.4082229,439.30612,64,5,85,80
-32.5,141.0,0.3550865672129605,48.5,0.40027487,439.89188,71,5,83,80
-32.5,141.25,0.3623543353108245,25.4,0.387881,440.42404,80,5,80,80
-32.5,141.5,0.3611083313650895,2.1,0.37453455,440.73453,98,5,76,80
-32.5,141.75,0.3531655829355475,21.2,0.34423748,439.4493,82,5,65,80
-32.5,142.0,0.3442767087902341,39.7,0.31198204,438.93427,74,6,47,81
-32.5,142.25,0.3329611357323648,21.0,0.30571657,439.69974,82,6,43,80
-32.5,142.5,0.3210031096690467,14.1,0.30811167,440.30304,87,7,44,80
-32.5,142.75,0.3117188004535689,32.3,0.3078401,441.54333,77,7,44,79
-32.5,143.0,0.2985926123823793,54.6,0.3313199,442.4581,69,8,59,79
-32.5,143.25,0.2881275019608438,77.5,0.35055992,441.67184,63,9,68,79
-32.5,143.5,0.2816312595071005,100.6,0.35957986,440.30447,57,9,71,80
-32.5,143.75,0.278388712096161,123.7,0.34865272,438.91107,52,9,67,81
-32.5,144.0,0.2768450336087317,146.9,0.33087024,438.2927,47,9,59,81
-32.5,144.25,0.2763570571584361,164.2,0.29037946,438.04733,44,10,36,81
-32.5,144.5,0.2718098246536794,148.3,0.27048215,438.52823,47,10,31,81
-32.5,144.75,0.263384751223826,134.6,0.2672113,438.72934,50,10,30,81
-32.5,145.0,0.2549287422183191,123.7,0.26441216,439.7056,52,11,30,80
-32.5,145.25,0.247717028022522,116.4,0.25987646,439.95923,53,12,29,80
-32.5,145.5,0.2509430269843766,111.1,0.2601868,439.9627,55,11,29,80
-32.5,145.75,0.2528761519119143,105.8,0.26340365,440.41812,56,11,30,80
-32.5,146.0,0.2529289365723906,91.2,0.26557654,441.40164,59,11,30,79
-32.5,146.25,0.250831605434706,77.1,0.26924238,442.2774,63,11,31,79
-32.5,146.5,0.2469037039028037,68.1,0.25605235,442.73166,65,12,28,79
-32.5,146.75,0.2327275633612381,66.6,0.24797624,442.69315,66,13,26,79
-32.5,147.0,0.2122405568936041,66.6,0.24300648,442.8267,66,14,25,79
-32.5,147.25,0.1953128316949698,65.2,0.25062904,442.7768,66,15,27,79
-32.5,147.5,0.1887704393094671,52.5,0.254837,442.10248,69,16,28,79
-32.5,147.75,0.177227328529781,42.8,0.2565854,442.03128,73,16,28,79
-32.5,148.0,0.1582349807511837,21.0,0.26776922,442.13898,82,18,31,79
-32.5,148.25,0.146651219638131,10.0,0.27392003,441.97028,90,18,32,79
-32.5,148.5,0.1425797613736774,21.7,0.25904655,440.70172,82,19,28,80
-32.5,148.75,0.1426120457389126,10.3,0.23376882,441.2857,90,19,23,79
-32.5,149.0,0.1345764792036442,1.2,0.2290812,440.76837,99,19,22,80
-32.5,149.25,0.1347214939904266,7.0,0.22267713,438.3817,92,19,21,81
-32.5,149.5,0.1489694366763745,0.0,0.21537389,435.20596,100,18,20,82
-32.5,149.75,0.1754182496063766,13.3,0.19110997,430.16656,87,17,16,84
-32.5,150.0,0.1741690916785349,7.6,0.15625055,424.298,92,17,11,86
-32.5,150.25,0.1671900086991843,15.1,0.14187472,419.00583,86,17,9,88
-32.5,150.5,0.1682475959349955,28.2,0.13767543,414.12958,78,17,8,90
-32.5,150.75,0.1869519635954583,10.1,0.14454035,411.36826,90,16,9,91
-32.5,151.0,0.2120996656849803,2.7,0.1487737,407.27188,97,14,10,92
-32.5,151.25,0.2015980936586857,13.0,0.14053747,403.78342,88,15,8,93
-32.5,151.5,0.1775412978737482,22.0,0.12804575,398.9209,82,16,6,94
-32.5,151.75,0.1458015836864,0.8,0.14403935,394.913,99,19,9,95
-32.5,152.0,0.118879767441346,12.4,0.17733297,390.89194,88,21,14,95
-32.5,152.25,0.0897830863704993,3.4,0.25807402,394.88217,96,26,28,95
-32.75,115.75,0.017679864392128,7.3,0.39246482,418.9282,92,86,81,88
-32.75,116.0,0.0113288723730615,0.9,0.31855035,414.44397,99,91,51,90
-32.75,116.25,0.013864214709472,6.0,0.3001459,411.17267,93,89,40,91
-32.75,116.5,0.0193773045381974,13.2,0.29596713,412.5848,87,84,39,90
-32.75,116.75,0.0092257180982934,36.4,0.31001273,414.8959,75,93,45,89
-32.75,117.0,0.0078617663876641,28.8,0.34288725,416.13916,78,94,65,89
-32.75,117.25,0.0086132629785598,18.8,0.3649395,417.3313,83,93,73,89
-32.75,117.5,0.0099596289917826,7.9,0.3706995,418.9089,91,92,75,88
-32.75,117.75,0.012690611023988,2.8,0.37324074,419.57452,97,90,75,88
-32.75,118.0,0.016598814109429,13.5,0.36309037,418.22705,87,87,73,89
-32.75,118.25,0.0190540891611211,23.2,0.35672632,417.58374,81,84,70,89
-32.75,118.5,0.0213757395633451,35.3,0.35338292,417.6333,75,82,69,89
-32.75,118.75,0.0244257946854521,41.0,0.35341325,417.25983,73,79,69,89
-32.75,119.0,0.0300815548215593,47.8,0.35111815,415.36826,71,74,68,89
-32.75,119.25,0.0319697697358649,56.7,0.3418421,416.38068,68,72,64,89
-32.75,119.5,0.0381247056448566,62.2,0.32968888,415.83362,67,66,58,89
-32.75,119.75,0.0502274310171958,70.1,0.30914596,413.99283,65,51,45,90
-32.75,120.0,0.0671251129935539,75.3,0.27512676,412.35614,63,36,32,90
-32.75,120.25,0.06554146654283,85.0,0.25959685,411.71045,61,37,29,90
-32.75,120.5,0.0577323663414322,99.3,0.2697486,411.1043,58,43,31,91
-32.75,120.75,0.0523888419602631,116.6,0.2819501,409.70062,53,48,34,91
-32.75,121.0,0.0560204035236633,135.7,0.28269246,407.9292,49,44,34,92
-32.75,121.25,0.0574538353608832,155.9,0.26974526,407.52707,45,43,31,92
-32.75,121.5,0.0523712284574728,157.0,0.27615088,408.9906,45,48,33,91
-32.75,121.75,0.0438258539786883,154.5,0.29147735,409.31396,46,59,37,91
-32.75,122.0,0.0376392101734555,155.5,0.3000409,408.52774,45,66,40,91
-32.75,122.25,0.0415301879224855,160.0,0.28675884,408.62796,45,62,35,91
-32.75,122.5,0.0513760650796549,167.6,0.2678254,409.09216,43,49,31,91
-32.75,122.75,0.0529876983242242,178.1,0.2552979,407.99277,41,47,28,92
-32.75,123.0,0.0495906898261247,190.8,0.24731915,406.56027,39,52,26,92
-32.75,123.25,0.0415752841206821,205.4,0.24860805,405.5095,37,62,26,92
-32.75,123.5,0.0291022255484546,221.6,0.28451407,405.6333,34,75,35,92
-32.75,123.75,0.0187619816644915,238.9,0.3232465,404.47693,32,85,54,93
-32.75,124.0,0.0092606275697194,257.2,0.3518074,402.66135,29,93,68,93
-32.75,124.25,0.0042802441199975,276.3,0.3688577,399.48102,26,97,74,94
-32.75,124.5,0.0068452618284417,296.0,0.38373363,396.40253,24,95,78,94
-32.75,124.75,0.0199783133060139,316.2,0.40126342,394.73804,21,83,83,95
-32.75,125.0,0.0308426006220369,336.8,0.45317113,396.45776,19,73,96,94
-32.75,134.25,0.2199866368612718,6.0,0.42022154,418.91278,93,14,88,88
-32.75,134.5,0.2133933758163558,8.8,0.35049587,418.80545,91,14,68,88
-32.75,134.75,0.2152731922144691,2.9,0.31365448,417.77786,97,14,48,89
-32.75,135.0,0.2307905126141295,8.5,0.31048957,416.3217,91,13,46,89
-32.75,135.25,0.2494279862065533,16.1,0.29474917,415.78732,85,11,38,89
-32.75,135.5,0.2679415077093013,31.2,0.28356498,415.70755,77,10,34,89
-32.75,135.75,0.2868921109874334,42.9,0.2837693,416.91843,73,9,34,89
-32.75,136.0,0.2956666074149931,57.4,0.30550906,420.02808,68,8,43,88
-32.75,136.25,0.3079428160102994,76.1,0.3197085,420.65137,63,7,52,88
-32.75,136.5,0.3195476940356284,71.5,0.30978996,421.59302,64,7,45,87
-32.75,136.75,0.3210624862639677,56.7,0.3013062,422.9472,68,7,41,87
-32.75,137.0,0.3109502181455138,44.7,0.30439436,424.13962,72,7,42,86
-32.75,137.25,0.304571667811667,23.5,0.29249746,424.01337,81,8,37,86
-32.75,137.5,0.3068284169959259,0.5,0.26095635,422.57956,100,8,29,87
-32.75,137.75,0.3321598678827285,15.6,0.23159598,421.27487,86,6,23,88
-32.75,138.0,0.3595288346487602,0.4,0.21323521,421.80603,100,5,20,87
-32.75,138.25,0.3871833208615758,0.5,0.20968762,427.87393,100,4,19,85
-32.75,138.5,0.3953415357906903,21.0,0.25619608,430.429,82,4,28,84
-32.75,138.75,0.3872467019373462,40.8,0.27589512,431.98718,73,4,32,84
-32.75,139.0,0.3733648867301997,57.4,0.28283757,433.55344,68,5,34,83
-32.75,139.25,0.3600432257921923,74.7,0.29580742,434.63406,63,5,39,82
-32.75,139.5,0.3678912852305248,92.6,0.33907598,434.8912,59,5,63,82
-32.75,139.75,0.3825191277301027,112.4,0.34854296,434.2517,54,4,67,83
-32.75,140.0,0.387453302390696,132.5,0.36485428,434.24484,50,4,73,83
-32.75,140.25,0.3860673657529765,119.5,0.37824768,433.89197,53,4,77,83
-32.75,140.5,0.3799301062375196,96.3,0.3780021,432.7199,58,4,77,83
-32.75,140.75,0.3751573782292239,73.1,0.3669374,432.6342,64,4,74,83
-32.75,141.0,0.3723401047245023,49.9,0.3604327,433.5356,70,5,72,83
-32.75,141.25,0.3688278948067732,26.7,0.35253206,434.15723,79,5,69,83
-32.75,141.5,0.3624361161275634,3.5,0.34229347,434.48984,96,5,64,83
-32.75,141.75,0.3525707503448107,19.6,0.32777753,435.07703,83,5,57,82
-32.75,142.0,0.3438494421009506,42.8,0.29918316,436.91992,73,6,40,81
-32.75,142.25,0.3323757390225572,43.8,0.28975022,438.4626,72,6,36,81
-32.75,142.5,0.3240776869069253,41.0,0.28863227,438.1009,73,6,36,81
-32.75,142.75,0.3175664801571873,50.3,0.28739828,436.73367,70,7,36,81
-32.75,143.0,0.3117390672631916,66.7,0.30088884,436.7655,66,7,41,81
-32.75,143.25,0.3030867007583202,86.4,0.33203274,437.89545,60,8,59,81
-32.75,143.5,0.2956385340929652,107.6,0.3480341,437.543,55,8,67,81
-32.75,143.75,0.2924300976139507,129.4,0.34260818,436.00238,51,8,65,82
-32.75,144.0,0.2939264655024522,151.7,0.3190207,434.7262,46,8,51,82
-32.75,144.25,0.2894553070754877,146.2,0.28835848,435.37384,47,9,36,82
-32.75,144.5,0.2798355195094787,128.1,0.28324464,436.60635,51,9,34,82
-32.75,144.75,0.2708032890577756,112.0,0.28295615,437.40323,54,10,34,81
-32.75,145.0,0.2645140023591618,98.6,0.27901417,437.81824,58,10,33,81
-32.75,145.25,0.2635920552403799,89.4,0.26621136,437.127,60,10,30,81
-32.75,145.5,0.270652608360563,85.6,0.25780308,437.3234,61,10,28,81
-32.75,145.75,0.2750587629243022,86.3,0.25189748,437.41705,60,10,27,81
-32.75,146.0,0.2745310789387163,72.2,0.24979487,438.15942,64,10,26,81
-32.75,146.25,0.2705468641860144,54.9,0.24951594,439.08472,69,10,26,80
-32.75,146.5,0.2615198322394419,41.5,0.24648018,439.99103,73,11,25,80
-32.75,146.75,0.2503972843732862,38.8,0.24504952,440.4428,74,11,25,80
-32.75,147.0,0.2400771486024106,39.9,0.2503366,440.8351,74,12,26,80
-32.75,147.25,0.2302665990821662,37.5,0.26166373,440.51944,75,13,29,80
-32.75,147.5,0.2227431863945509,29.1,0.26723653,440.26898,78,13,30,80
-32.75,147.75,0.2016895957324387,20.4,0.2599807,439.69028,83,15,29,80
-32.75,148.0,0.1811974541705456,17.5,0.26326746,439.96844,84,16,30,80
-32.75,148.25,0.1663677613550264,4.2,0.2660656,439.82242,95,17,30,80
-32.75,148.5,0.1623057340316119,2.4,0.24952328,438.91382,97,17,26,81
-32.75,148.75,0.1573796539789154,13.1,0.22096473,439.30518,88,18,21,80
-32.75,149.0,0.1541306526405692,4.2,0.18663847,437.40622,95,18,16,81
-32.75,149.25,0.1567040018027737,13.9,0.16905546,434.8375,87,18,13,82
-32.75,149.5,0.1750864809112889,14.1,0.16794483,432.4142,87,17,13,83
-32.75,149.75,0.2059649710806774,4.8,0.17280945,428.19495,94,15,14,85
-32.75,150.0,0.2059600967381681,1.0,0.15258205,422.57303,99,15,10,87
-32.75,150.25,0.2059033334432613,22.3,0.14005049,416.20627,81,15,8,89
-32.75,150.5,0.2053618320574363,26.9,0.13336365,409.9922,79,15,7,91
-32.75,150.75,0.2001320666034839,5.0,0.13538843,404.62918,94,15,7,93
-32.75,151.0,0.1985943510567917,13.0,0.12943265,400.9938,88,15,6,93
-32.75,151.25,0.1944356952394758,0.6,0.1277389,399.03116,100,15,6,94
-32.75,151.5,0.1752178723569072,1.0,0.14730495,396.87674,99,17,9,94
-32.75,151.75,0.147738147305236,5.6,0.19849223,394.38864,93,18,18,95
-32.75,152.0,0.1128499806581419,10.9,0.29550302,391.46515,89,21,38,95
-33.0,115.75,0.0211137159871647,4.7,0.37657434,414.84314,94,82,76,90
-33.0,116.0,0.0127162920553625,5.5,0.30508384,409.75586,94,90,43,91
-33.0,116.25,0.0139993493522827,6.5,0.29341346,405.87863,93,89,38,92
-33.0,116.5,0.0178314529181945,16.6,0.29993606,407.15414,85,86,40,92
-33.0,116.75,0.0081325451821266,17.1,0.31646684,410.058,85,94,50,91
-33.0,117.0,0.0109529365009317,3.8,0.33836636,410.73798,96,92,63,91
-33.0,117.25,0.0155225159201238,4.8,0.35246336,411.62875,94,88,69,90
-33.0,117.5,0.0196310069101552,16.7,0.35759267,412.60187,85,84,71,90
-33.0,117.75,0.0232569345140031,27.5,0.37096795,413.15292,79,80,75,90
-33.0,118.0,0.029181026707686,38.3,0.36819226,413.11804,74,75,74,90
-33.0,118.25,0.0301793108117722,47.9,0.36319155,412.92322,71,74,73,90
-33.0,118.5,0.0300690192695973,58.3,0.357716,413.0654,68,74,71,90
-33.0,118.75,0.0317384719671238,68.8,0.35470623,413.54715,65,72,70,90
-33.0,119.0,0.0391576603143697,74.0,0.3577129,413.66507,64,64,71,90
-33.0,119.25,0.043300868070773,83.0,0.3425225,413.19376,61,59,65,90
-33.0,119.5,0.0470421133217834,88.6,0.33309406,411.9057,60,55,60,90
-33.0,119.75,0.0536768266232684,96.4,0.3217173,409.70712,58,46,53,91
-33.0,120.0,0.0668189203521857,102.4,0.29480842,406.0671,57,36,38,92
-33.0,120.25,0.0732984570121126,109.7,0.26057598,404.1443,55,32,29,93
-33.0,120.5,0.0683683935275656,121.1,0.26158717,402.80698,52,35,29,93
-33.0,120.75,0.0623761317994822,135.6,0.27110294,401.14035,49,39,31,93
-33.0,121.0,0.0606281519354698,152.3,0.27693632,399.54398,46,40,33,94
-33.0,121.25,0.0575390864873216,170.5,0.28316787,399.01587,43,43,34,94
-33.0,121.5,0.0568126601189197,184.5,0.31298137,402.50076,40,43,48,93
-33.0,121.75,0.0536335125551669,182.4,0.32850435,403.265,41,47,57,93
-33.0,122.0,0.0492979823025442,183.3,0.3210145,402.02344,41,52,53,93
-33.0,122.25,0.0469623811132762,187.1,0.2890167,399.35187,40,55,36,94
-33.0,122.5,0.0511817662267103,193.7,0.2806206,399.80844,39,50,34,94
-33.0,122.75,0.0540310726024299,202.7,0.26311922,398.7282,37,46,29,94
-33.0,123.0,0.0523734366809505,214.0,0.24632694,398.0236,36,48,25,94
-33.0,123.25,0.0446361461144295,227.1,0.23553039,397.274,34,58,23,94
-33.0,123.5,0.0344985009409442,241.7,0.24972574,395.00024,31,69,26,95
-33.0,123.75,0.0346194097289948,257.7,0.2645878,394.38416,29,69,30,95
-33.0,124.0,0.0291467880564076,274.7,0.31239253,393.30225,27,75,47,95
-33.0,124.25,0.0251499777537814,292.6,0.376659,392.77753,24,79,76,95
-33.0,134.25,0.2234487937807682,22.6,0.43950593,422.49384,81,13,93,87
-33.0,134.5,0.2266529721917496,29.3,0.3666854,422.25034,78,13,74,87
-33.0,134.75,0.2385458476464486,23.6,0.3149496,417.5571,81,12,49,89
-33.0,135.0,0.2483137218037709,17.5,0.28847334,413.41556,84,12,36,90
-33.0,135.25,0.25963020138886,5.0,0.281304,413.1035,94,11,34,90
-33.0,135.5,0.2653618082093695,7.1,0.28137994,412.8722,92,10,34,90
-33.0,135.75,0.2701670734599853,21.9,0.28538626,413.27536,82,10,35,90
-33.0,136.0,0.2760686877937544,41.6,0.2944301,414.69177,73,10,38,90
-33.0,136.25,0.2968723148384708,63.0,0.31971717,417.17523,66,8,52,89
-33.0,136.5,0.3195093824616855,50.0,0.31625837,417.3496,70,7,50,89
-33.0,136.75,0.3308421242361267,35.2,0.30611154,418.09848,75,6,43,89
-33.0,137.0,0.3280124484672255,20.5,0.2989411,420.2783,82,6,40,88
-33.0,137.25,0.3273408291863147,9.0,0.28992972,424.0274,91,6,36,86
-33.0,137.5,0.3257624529568212,0.2,0.29765707,422.67084,100,6,39,87
-33.0,138.0,0.3651210218978425,4.4,0.26197237,419.99774,95,5,29,88
-33.0,138.25,0.3839598719828895,3.1,0.22978637,424.39594,96,4,22,86
-33.0,138.5,0.3922684164806491,5.7,0.28570762,425.87308,93,4,35,86
-33.0,138.75,0.4066040282980317,21.4,0.31827286,427.92255,82,3,51,85
-33.0,139.0,0.4147944480114217,38.8,0.31566432,429.4914,74,3,49,85
-33.0,139.25,0.4116517659566073,58.3,0.29273292,430.16833,68,3,37,84
-33.0,139.5,0.4005478983744979,78.4,0.28927353,429.53442,62,3,36,85
-33.0,139.75,0.397436117939651,98.5,0.29367435,429.60135,58,4,38,85
-33.0,140.0,0.3900749094518168,111.4,0.31664136,428.44446,55,4,50,85
-33.0,140.25,0.3840159083140038,116.7,0.34099483,427.56717,53,4,64,85
-33.0,140.5,0.379187320806973,97.8,0.35236335,427.80383,58,4,69,85
-33.0,140.75,0.3750367046067757,74.6,0.3490929,426.78552,63,4,67,85
-33.0,141.0,0.3708332899226141,51.4,0.34202382,427.43503,70,5,64,85
-33.0,141.25,0.3680957317928828,28.2,0.32553363,429.0638,78,5,56,85
-33.0,141.5,0.3629198601912884,5.1,0.30591598,431.09384,94,5,43,84
-33.0,141.75,0.3534113321849699,17.0,0.3040467,432.61383,85,5,42,83
-33.0,142.0,0.3457554849590884,39.1,0.30224362,434.633,74,6,41,83
-33.0,142.25,0.3380998432492128,42.0,0.29582137,434.78085,73,6,39,82
-33.0,142.5,0.3326147998239667,49.4,0.2905407,434.5533,70,6,37,83
-33.0,142.75,0.327954653562102,64.8,0.28674495,433.61688,66,6,35,83
-33.0,143.0,0.3233325688046448,83.5,0.29421583,433.43982,61,7,38,83
-33.0,143.25,0.3177994054556447,100.2,0.32090637,433.97235,57,7,53,83
-33.0,143.5,0.3103291865299633,118.1,0.33655027,434.7036,53,7,62,82
-33.0,143.75,0.3052510104940406,137.5,0.3325569,435.5758,49,8,60,82
-33.0,144.0,0.3055959056852208,152.9,0.30426565,435.65317,46,8,42,82
-33.0,144.25,0.3014710475080868,131.7,0.28975558,436.7001,50,8,36,82
-33.0,144.5,0.2885269383434206,111.4,0.3107467,437.32373,55,9,46,81
-33.0,144.75,0.277780953499799,92.3,0.32650813,437.792,59,9,56,81
-33.0,145.0,0.2735085800389892,75.6,0.32315463,437.7695,63,10,54,81
-33.0,145.25,0.2797544923211847,63.2,0.28629372,435.8877,66,9,35,82
-33.0,145.5,0.2838474651222072,57.7,0.25545847,434.8665,68,9,28,82
-33.0,145.75,0.2850479066619993,61.1,0.23346254,434.13153,67,9,23,83
-33.0,146.0,0.2840484363891716,50.2,0.2238527,434.3395,70,9,21,83
-33.0,146.25,0.2788965808316355,36.8,0.22395977,435.97235,75,9,21,82
-33.0,146.5,0.2613818112040116,19.1,0.24013683,438.15826,83,11,24,81
-33.0,146.75,0.252451143892748,11.1,0.24470831,438.86453,89,11,25,81
-33.0,147.0,0.2494361856730566,13.9,0.2470078,438.91812,87,11,26,81
-33.0,147.25,0.2469094223051797,11.6,0.24879606,438.43854,89,12,26,81
-33.0,147.5,0.2451483950994554,22.2,0.25430202,438.2696,81,12,27,81
-33.0,147.75,0.2281474859320691,5.2,0.25363496,437.29178,94,13,27,81
-33.0,148.0,0.2153232736657152,5.6,0.26021066,437.21872,93,14,29,81
-33.0,148.25,0.2054066940166411,7.3,0.27050158,436.53607,92,15,31,82
-33.0,148.5,0.2018993756744922,22.0,0.26545832,434.84366,82,15,30,82
-33.0,148.75,0.1845934918610423,1.3,0.25592738,436.5292,99,16,28,82
-33.0,149.0,0.1808084435616841,6.5,0.20956618,435.596,93,16,19,82
-33.0,149.25,0.1895031361530224,6.7,0.17543083,433.3915,92,16,14,83
-33.0,149.5,0.2127233960266624,29.4,0.15591262,430.5542,78,14,11,84
-33.0,149.75,0.2259705992027496,11.3,0.15196232,426.50873,89,13,10,86
-33.0,150.0,0.2268786405168828,8.6,0.14414632,420.06024,91,13,9,88
-33.0,150.25,0.2344383854418993,29.7,0.13756828,412.9957,78,13,8,90
-33.0,150.5,0.2343214494309255,16.8,0.13221614,405.73666,85,13,7,92
-33.0,150.75,0.2166939831028382,5.6,0.13355327,399.21094,93,14,7,94
-33.0,151.0,0.2054696301220073,23.9,0.13331994,394.359,80,15,7,95
-33.0,151.25,0.1865096444042311,15.5,0.14490162,394.43973,86,16,9,95
-33.0,151.5,0.1323895602930514,1.6,0.21875797,395.27274,98,20,21,95
-33.25,115.75,0.0198299022391438,2.8,0.3591939,409.8448,97,83,71,91
-33.25,116.0,0.0123924115406615,1.6,0.30560142,404.5914,98,91,43,93
-33.25,116.25,0.0155590283329642,6.6,0.29909453,400.60593,92,88,40,93
-33.25,116.5,0.0202218248109732,15.4,0.30243942,400.63382,86,83,41,93
-33.25,116.75,0.0174667632661848,0.5,0.3203023,404.5731,100,86,52,93
-33.25,117.0,0.0221071037197751,11.8,0.33993435,405.31674,88,81,63,92
-33.25,117.25,0.0280008025511744,3.8,0.3456332,405.498,96,76,66,92
-33.25,117.5,0.0324178236836035,17.8,0.3455446,406.2778,84,72,66,92
-33.25,117.75,0.0316728742127972,38.6,0.35727072,406.85217,74,72,71,92
-33.25,118.0,0.0367822167663169,60.9,0.3707008,407.90878,67,67,75,92
-33.25,118.25,0.0390376363481794,73.7,0.37524563,408.10107,64,65,76,92
-33.25,118.5,0.039838157523246,83.3,0.37759417,408.36475,61,64,77,91
-33.25,118.75,0.0422873268125667,94.0,0.3677688,409.58383,59,61,74,91
-33.25,119.0,0.0469401586257542,100.5,0.356546,409.58136,57,55,70,91
-33.25,119.25,0.0486963185126937,108.3,0.3433864,407.6316,55,53,65,92
-33.25,119.5,0.0521203077847271,115.5,0.3382924,405.7597,54,48,63,92
-33.25,119.75,0.0553617090862687,122.7,0.3354531,403.99796,52,45,61,93
-33.25,120.0,0.0634665660160992,129.8,0.30955747,402.63168,51,38,45,93
-33.25,120.25,0.0715358159693312,135.6,0.2729784,399.7314,49,33,32,94
-33.25,120.5,0.0708785776746697,145.0,0.2675484,397.13928,47,34,31,94
-33.25,120.75,0.067808414806634,157.3,0.27688488,395.80154,45,35,33,95
-33.25,121.0,0.0640155784009645,171.8,0.29109257,396.28116,43,38,37,94
-33.25,121.25,0.0588637287905883,188.2,0.30265135,397.4843,40,42,41,94
-33.25,121.5,0.0572417893757422,205.8,0.33135536,398.5259,37,43,59,94
-33.25,121.75,0.0558190977999142,210.3,0.34474283,397.56268,36,44,66,94
-33.25,122.0,0.0553965051769323,211.1,0.3335426,395.80716,36,45,60,95
-33.25,122.25,0.0528696522637758,214.4,0.29519832,392.95245,35,48,38,95
-33.25,122.5,0.0491388736115325,220.1,0.29145202,393.15927,35,52,37,95
-33.25,122.75,0.0514889611064323,228.1,0.27068546,392.92374,33,49,31,95
-33.25,123.0,0.0500550291284785,238.2,0.2534034,391.6471,32,51,27,95
-33.25,123.25,0.0453823281141618,250.0,0.24682501,389.36,30,57,26,96
-33.25,123.5,0.0423106892921385,263.3,0.25391942,387.95477,28,61,27,96
-33.25,123.75,0.0483035238099373,278.0,0.26605943,387.74213,26,53,30,96
-33.25,124.0,0.043372304179883,293.8,0.3311484,387.2446,24,59,59,96
-33.25,134.75,0.2667069040416252,50.5,0.40479776,414.1645,70,10,84,90
-33.25,135.0,0.2677019375952936,32.7,0.3109453,411.6377,76,10,46,90
-33.25,135.25,0.266898933145456,9.5,0.272296,407.7535,90,10,32,92
-33.25,135.5,0.2702660814637229,11.2,0.27031136,407.3379,89,10,31,92
-33.25,135.75,0.2672609677926327,9.9,0.28425303,409.47336,90,10,35,91
-33.25,136.0,0.258642777494554,29.3,0.29289633,410.89603,78,11,38,91
-33.25,136.25,0.2756721175807927,39.4,0.33709055,412.30942,74,10,62,90
-33.25,136.5,0.3205737207927519,28.8,0.33477125,413.82336,78,7,61,90
-33.25,136.75,0.3409444163242975,13.8,0.31582806,414.9362,87,6,49,89
-33.25,137.0,0.345261424540409,1.1,0.29084107,417.56546,99,6,37,89
-33.25,137.25,0.3400899113932004,15.2,0.3214371,422.84494,86,6,53,87
-33.25,138.0,0.3731077274218911,6.3,0.2834977,423.2369,93,5,34,87
-33.25,138.25,0.3564034826787455,7.9,0.25626403,422.0044,91,5,28,87
-33.25,138.5,0.3563458409515165,14.4,0.30753574,420.90863,86,5,44,88
-33.25,138.75,0.3997906568149725,5.3,0.3182648,422.97714,94,3,51,87
-33.25,139.0,0.426984892146928,24.4,0.29260606,425.04605,80,3,37,86
-33.25,139.25,0.423358233558524,44.9,0.2672748,426.65668,72,3,30,86
-33.25,139.5,0.4088083649586354,66.9,0.25464287,425.75146,66,3,28,86
-33.25,139.75,0.3986705300220776,79.7,0.2685813,423.74197,62,3,31,87
-33.25,140.0,0.3889190626491438,83.8,0.29432565,422.39014,61,4,38,87
-33.25,140.25,0.3807178923328008,89.8,0.3273226,421.7339,60,4,57,87
-33.25,140.5,0.3761977170549688,93.2,0.34254506,422.22043,59,4,65,87
-33.25,140.75,0.3736822804258692,79.4,0.3435424,422.3015,62,5,65,87
-33.25,141.0,0.3697686616597431,57.7,0.3418683,423.59045,68,5,64,87
-33.25,141.25,0.368281129328534,35.2,0.32554984,425.74304,75,5,56,86
-33.25,141.5,0.3645324111561335,12.7,0.3067808,428.3959,88,5,44,85
-33.25,141.75,0.3574203417314926,10.2,0.30624485,430.005,90,5,43,84
-33.25,142.0,0.3524032563270469,23.3,0.32091048,431.17075,81,5,53,84
-33.25,142.25,0.3466718539750824,14.3,0.3249461,430.8933,87,6,55,84
-33.25,142.5,0.3418896854589028,29.5,0.31661925,430.5258,78,6,50,84
-33.25,142.75,0.3377773847076155,48.6,0.29810083,430.15536,71,6,40,84
-33.25,143.0,0.3344841298336784,64.3,0.2925468,430.57938,66,6,37,84
-33.25,143.25,0.3312415169529794,83.4,0.3070011,432.05334,61,6,44,84
-33.25,143.5,0.3238940523037746,104.1,0.32463652,432.57755,56,6,55,83
-33.25,143.75,0.3180688334895031,125.6,0.32839188,433.12854,52,7,57,83
-33.25,144.0,0.3127985751899402,144.5,0.32683262,434.07806,47,7,56,83
-33.25,144.25,0.3123502041789747,122.0,0.31361473,434.9987,52,7,48,82
-33.25,144.5,0.3008781333941789,99.7,0.32789114,435.79202,57,8,57,82
-33.25,144.75,0.2901476835832,78.0,0.34313083,436.13852,62,8,65,82
-33.25,145.0,0.2865358951640138,57.3,0.34013999,436.092,68,9,63,82
-33.25,145.25,0.2886945503364716,39.4,0.30808732,435.0036,74,9,44,82
-33.25,145.5,0.2842733986160186,29.8,0.27052072,434.4839,78,9,31,83
-33.25,145.75,0.2814651976117776,36.0,0.2471298,433.95624,75,9,26,83
-33.25,146.0,0.2741791062666813,37.1,0.2392203,433.8655,75,10,24,83
-33.25,146.25,0.2687145061768768,14.9,0.23909612,435.44174,86,10,24,82
-33.25,146.5,0.254121781049651,1.7,0.25316286,436.3029,98,11,27,82
-33.25,146.75,0.2469427262499396,16.4,0.25772363,436.17288,85,12,28,82
-33.25,147.0,0.2446605122559482,13.8,0.2530762,436.07196,87,12,27,82
-33.25,147.25,0.2477816149503702,5.2,0.2382789,436.26483,94,12,24,82
-33.25,147.5,0.2512844242000331,2.9,0.23091799,436.0941,97,11,22,82
-33.25,147.75,0.2456732615152196,16.3,0.22832252,435.58746,85,12,22,82
-33.25,148.0,0.2482450021497373,4.3,0.2308711,434.89716,95,12,22,82
-33.25,148.25,0.2458544895019648,3.6,0.23338875,433.5557,96,12,23,83
-33.25,148.5,0.2325942249525161,2.6,0.2339855,432.09793,97,13,23,84
-33.25,148.75,0.2171400253117705,5.4,0.26021582,433.2735,94,14,29,83
-33.25,149.0,0.2249478475456791,2.9,0.22505708,432.72623,97,13,22,83
-33.25,149.25,0.2344927001788857,1.2,0.19395445,431.33823,99,13,17,84
-33.25,149.5,0.2477133353906018,9.5,0.16779506,428.49948,90,12,13,85
-33.25,149.75,0.2337586958051404,13.9,0.16632074,423.6754,87,13,13,87
-33.25,150.0,0.2365313878371602,1.3,0.19006608,416.58316,99,12,16,89
-33.25,150.25,0.2438459425455048,16.9,0.1777038,409.46533,85,12,14,91
-33.25,150.5,0.2451741223888738,15.9,0.14572266,402.14728,85,12,9,93
-33.25,150.75,0.2259018491864914,5.9,0.12175884,395.2003,93,13,5,95
-33.25,151.0,0.2287499563546762,4.0,0.12820935,390.63745,95,13,6,95
-33.25,151.25,0.192158739366035,0.3,0.17566793,392.65656,100,16,14,95
-33.25,151.5,0.1286137953478222,0.7,0.27593493,396.095,99,20,32,94
-33.5,115.75,0.0173196510323101,4.5,0.34068885,400.3463,95,86,64,93
-33.5,116.0,0.0144540592141094,3.5,0.29141423,396.1429,96,89,37,94
-33.5,116.25,0.0237543146924248,3.1,0.30088508,394.1523,96,80,41,95
-33.5,116.5,0.0309164313247449,2.1,0.30956763,394.85443,98,73,45,95
-33.5,116.75,0.0302163376539413,13.0,0.32255,397.8667,88,74,54,94
-33.5,117.0,0.0289103124714789,6.3,0.33729014,398.99484,93,75,62,94
-33.5,117.25,0.0341933416136141,13.8,0.3443327,399.5546,87,70,65,94
-33.5,117.5,0.0344641410834377,9.0,0.35191903,400.87085,91,69,68,93
-33.5,117.75,0.0352122646319912,28.6,0.35776708,401.42044,78,69,71,93
-33.5,118.0,0.0421951866830654,47.8,0.36065426,402.4724,71,61,72,93
-33.5,118.25,0.0463021062830063,69.4,0.3711574,402.6189,65,56,75,93
-33.5,118.5,0.0477048088921167,91.7,0.37440318,403.14954,59,54,76,93
-33.5,118.75,0.0500011210662445,114.3,0.35848007,401.62936,54,51,71,93
-33.5,119.0,0.0540749507335325,127.5,0.33152723,397.1157,51,46,59,94
-33.5,119.25,0.0564574925686299,134.5,0.31857193,397.74127,50,44,51,94
-33.5,119.5,0.0598779814096079,142.9,0.31339598,400.12234,48,41,48,93
-33.5,119.75,0.0637254949269672,148.9,0.31096572,399.57617,47,38,46,94
-33.5,120.0,0.0692849241180478,156.8,0.2839942,397.79233,45,34,35,94
-33.5,120.25,0.0761809221513214,162.2,0.27273023,397.43384,44,31,32,94
-33.5,120.5,0.0780417336306224,170.1,0.2706505,395.603,43,30,31,95
-33.5,120.75,0.0762525374047635,180.7,0.28661546,396.02167,41,31,35,94
-33.5,121.0,0.0740260707214474,193.4,0.3018871,396.165,39,32,41,94
-33.5,121.25,0.0681844392591821,208.0,0.31785583,398.4122,37,35,51,94
-33.5,121.5,0.0655584144771897,224.1,0.33792493,399.88138,34,37,62,94
-33.5,121.75,0.0652540890610821,238.2,0.34993675,399.10663,32,37,68,94
-33.5,122.0,0.0604102697637808,238.9,0.33590254,397.57437,32,40,61,94
-33.5,122.25,0.0543829938485508,241.8,0.29433775,395.1799,31,46,38,95
-33.5,122.5,0.0488014829855057,246.9,0.2882936,394.486,31,53,36,95
-33.5,122.75,0.0443846398842565,254.0,0.27679145,392.90485,29,58,33,95
-33.5,123.0,0.0444893640554731,263.1,0.26069894,391.25684,28,58,29,95
-33.5,123.25,0.0434466174900687,273.8,0.25800157,388.63394,27,59,28,96
-33.5,123.5,0.0456416088023356,286.0,0.2685667,387.89316,25,56,31,96
-33.5,123.75,0.0529139072767325,299.5,0.3001233,386.81866,23,47,40,96
-33.5,135.0,0.276768207357132,31.0,0.34302396,412.32016,77,9,65,90
-33.5,135.25,0.2768592746130058,8.3,0.28591594,407.3512,91,9,35,92
-33.5,135.5,0.2707930606612492,4.8,0.26641506,404.2294,94,10,30,93
-33.5,135.75,0.2653467338510035,5.5,0.2770008,405.70786,94,10,33,92
-33.5,136.0,0.2600196878292731,4.7,0.2933985,406.13376,94,11,38,92
-33.5,136.25,0.2831450130080893,15.1,0.32362917,408.10828,86,9,54,92
-33.5,136.5,0.3284322669006152,8.1,0.31541154,409.6406,91,6,49,91
-33.5,136.75,0.3629103395112213,7.4,0.29029343,413.583,92,5,36,90
-33.5,137.0,0.3653368686813684,22.5,0.28006387,417.8769,81,5,33,89
-33.5,137.25,0.3550922873119513,37.3,0.3581935,418.125,75,5,71,89
-33.5,138.0,0.3636946817505218,8.8,0.29487824,419.6509,91,5,38,88
-33.5,138.25,0.3382538807223595,0.5,0.26337683,418.02902,100,6,30,89
-33.5,138.5,0.333807141653129,12.8,0.3152996,416.36337,88,6,49,89
-33.5,138.75,0.4004923397941248,5.5,0.32393318,418.60043,94,3,55,88
-33.5,139.0,0.4301588962386761,13.6,0.29702634,420.6889,87,2,39,88
-33.5,139.25,0.4254889719720398,36.5,0.2558229,422.9929,75,3,28,87
-33.5,139.5,0.4042712383681819,47.8,0.24054934,422.86603,71,3,24,87
-33.5,139.75,0.3921864949843092,53.1,0.26094317,419.782,69,4,29,88
-33.5,140.0,0.3863557060958729,56.6,0.29179412,417.95224,68,4,37,89
-33.5,140.25,0.3800386921591347,61.9,0.32173598,417.30173,67,4,53,89
-33.5,140.5,0.3801836639027377,66.8,0.34137887,418.2595,66,4,64,88
-33.5,140.75,0.3775465742052932,73.5,0.34876877,419.52057,64,4,67,88
-33.5,141.0,0.3738408657372929,61.1,0.34927824,421.2697,67,4,67,88
-33.5,141.25,0.371925922917823,38.0,0.35225397,423.48642,74,5,69,87
-33.5,141.5,0.3704503812821626,15.0,0.34122717,425.83585,86,5,64,86
-33.5,141.75,0.3667112938438853,6.7,0.33077624,426.86774,92,5,59,85
-33.5,142.0,0.3648731504644578,16.2,0.32507163,427.34293,85,5,55,85
-33.5,142.25,0.3587979709640855,5.2,0.33041278,427.5934,94,5,58,85
-33.5,142.5,0.3522896177357151,13.1,0.33192003,427.86133,88,5,59,85
-33.5,142.75,0.3492013654605086,29.4,0.3194535,427.47684,78,5,52,85
-33.5,143.0,0.3454548037655296,51.1,0.31105483,429.09442,70,6,46,85
-33.5,143.25,0.3409409250436251,73.6,0.31534535,428.58682,64,6,49,85
-33.5,143.5,0.3356255679723939,96.4,0.3302447,429.50967,58,6,58,85
-33.5,143.75,0.3302106759954421,119.3,0.34752542,430.6944,53,6,67,84
-33.5,144.0,0.3244209230456146,136.5,0.3536084,432.48328,49,6,69,83
-33.5,144.25,0.323400587304717,117.4,0.34276453,432.9391,53,7,65,83
-33.5,144.5,0.3168392982067806,94.5,0.33876848,433.03543,59,7,63,83
-33.5,144.75,0.3067677288493585,71.7,0.34535336,433.41864,64,8,66,83
-33.5,145.0,0.2991895271254526,48.8,0.33241576,433.32437,71,8,60,83
-33.5,145.25,0.2946419235584991,25.9,0.30484357,432.50342,79,8,43,83
-33.5,145.5,0.2879666505248419,3.3,0.2756869,431.92767,96,9,32,84
-33.5,145.75,0.2782618541203971,20.4,0.27046815,432.02737,83,9,31,84
-33.5,146.0,0.2703239529161822,42.5,0.26587608,431.95395,73,10,30,84
-33.5,146.25,0.2652546774584888,25.4,0.26019046,432.71896,80,10,29,83
-33.5,146.5,0.2560821010465068,22.4,0.26987696,433.74136,81,11,31,83
-33.5,146.75,0.2489972231953981,29.6,0.27415386,433.7455,78,11,32,83
-33.5,147.0,0.2434679847692937,39.1,0.2669639,433.58636,74,12,30,83
-33.5,147.25,0.244976337741883,20.4,0.24836078,433.6985,83,12,26,83
-33.5,147.5,0.2460042752236837,18.6,0.23181975,432.9558,84,12,23,83
-33.5,147.75,0.2447964879905893,10.2,0.22471245,432.97037,90,12,21,83
-33.5,148.0,0.2487190189061775,9.7,0.21845493,432.29532,90,12,20,83
-33.5,148.25,0.2551091627616967,0.4,0.19834061,431.63858,100,11,18,84
-33.5,148.5,0.2522537480008655,13.5,0.18440628,430.32602,87,11,16,84
-33.5,148.75,0.233217009317152,11.8,0.22533435,430.8571,88,13,22,84
-33.5,149.0,0.2375394784778888,3.8,0.25104022,430.96344,96,12,27,84
-33.5,149.25,0.2567835605614597,1.9,0.21938524,429.71127,98,11,21,84
-33.5,149.5,0.25856755982774,4.7,0.20027709,427.21222,94,11,18,85
-33.5,149.75,0.2510301375495536,0.9,0.19944546,421.84937,99,11,18,87
-33.5,150.0,0.2590881650380435,1.0,0.20377849,414.53497,99,11,18,90
-33.5,150.25,0.2622156720564124,1.7,0.16457093,405.9936,98,10,12,92
-33.5,150.5,0.2585588372977717,0.7,0.1337228,398.69028,99,11,7,94
-33.5,150.75,0.2121089353359171,3.6,0.10186426,395.6265,96,14,3,95
-33.5,151.0,0.1983420749594058,1.7,0.1385318,392.30118,98,15,8,95
-33.5,151.25,0.1529117332416631,4.3,0.22515139,393.25504,95,18,22,95
-33.75,115.0,0.0409362386690364,17.8,0.5346518,388.69083,84,62,100,96
-33.75,115.25,0.0403971766576259,1.8,0.4029922,387.67725,98,63,83,96
-33.75,115.5,0.0232325966780384,5.7,0.32698342,385.39737,93,80,57,96
-33.75,115.75,0.0191380476877297,16.7,0.2801799,385.93716,85,84,34,96
-33.75,116.0,0.0264053738964278,22.8,0.28483722,388.20734,81,77,35,96
-33.75,116.25,0.0373506164799134,5.2,0.29349345,386.90152,94,66,38,96
-33.75,116.5,0.0382469351115148,14.3,0.3140632,388.8907,87,65,48,96
-33.75,116.75,0.0373966935201592,8.7,0.33655408,390.7593,91,66,62,95
-33.75,117.0,0.0375633984094574,1.1,0.34937567,392.2453,99,66,68,95
-33.75,117.25,0.0416710133320607,0.3,0.3568504,394.05417,100,61,70,95
-33.75,117.5,0.0444060800020538,5.1,0.36228904,395.3069,94,58,72,95
-33.75,117.75,0.0476255598012358,21.0,0.35843357,396.127,82,54,71,94
-33.75,118.0,0.0530071272296828,43.6,0.35042906,396.57767,72,47,68,94
-33.75,118.25,0.0568000903937943,66.6,0.3585699,396.95087,66,43,71,94
-33.75,118.5,0.0582107738979781,89.5,0.36026064,395.95758,60,42,72,94
-33.75,118.75,0.0601760726851699,112.5,0.35037494,393.82202,54,41,68,95
-33.75,119.0,0.0672653827561243,135.5,0.3259286,389.5069,49,36,56,96
-33.75,119.25,0.0737419773757989,158.6,0.29312202,388.57648,45,32,38,96
-33.75,119.5,0.0755729889547053,168.6,0.2911335,391.3013,43,31,37,95
-33.75,119.75,0.0840721237755912,175.4,0.28975993,394.2513,42,28,36,95
-33.75,120.0,0.0904480595363392,183.0,0.27680013,394.81357,41,25,33,95
-33.75,120.25,0.0962324398542044,189.2,0.28704405,395.83893,40,24,35,95
-33.75,120.5,0.0953734370746782,196.0,0.31190652,393.99265,38,24,47,95
-33.75,120.75,0.0947557451646952,205.2,0.32846573,394.23517,37,24,57,95
-33.75,121.0,0.0932613243304547,216.5,0.35693273,394.7951,35,24,70,95
-33.75,121.25,0.0907967960617194,229.6,0.3991939,396.77637,33,25,82,94
-33.75,121.5,0.0934344627406625,244.2,0.42272905,398.47678,31,24,88,94
-33.75,121.75,0.094568003155291,260.1,0.4186816,398.1415,29,24,87,94
-33.75,122.0,0.0923472846702983,266.7,0.3992166,396.54138,28,25,82,94
-33.75,122.25,0.0731853979429052,269.3,0.31549627,396.26898,27,32,49,94
-33.75,122.5,0.0572131096751296,273.9,0.29316902,393.3712,27,43,38,95
-33.75,122.75,0.053971645558652,280.3,0.28690684,391.39438,26,46,35,95
-33.75,123.0,0.0508021498353974,288.5,0.29490632,390.43326,25,50,38,95
-33.75,123.25,0.0516901579144316,298.3,0.29565108,388.7237,24,49,39,96
-33.75,123.5,0.0577216458684277,309.5,0.3272681,388.64526,22,43,57,96
-33.75,135.25,0.287510525240075,28.1,0.3165767,410.19424,78,9,50,91
-33.75,135.5,0.2841618725497807,21.6,0.29185784,406.97485,82,9,37,92
-33.75,135.75,0.2800794453160571,16.7,0.275894,400.94815,85,9,32,93
-33.75,136.0,0.2879709669300133,9.9,0.28421748,398.15387,90,9,35,94
-33.75,136.25,0.3136211365505698,7.3,0.29850513,403.52023,92,7,40,93
-33.75,136.5,0.3513024783737603,5.6,0.31598383,406.0908,93,5,49,92
-33.75,136.75,0.3747689127664281,14.3,0.29812557,409.8172,87,4,40,91
-33.75,137.75,0.370142247789495,25.4,0.38597807,417.94302,80,5,79,89
-33.75,138.0,0.3661217748143133,9.8,0.31177178,417.1067,90,5,47,89
-33.75,138.25,0.348350571823262,9.9,0.2688405,413.0657,90,6,31,90
-33.75,138.5,0.3400950766124186,2.1,0.31367016,411.46445,98,6,48,91
-33.75,138.75,0.4013501646263259,13.4,0.328626,413.236,87,3,58,90
-33.75,139.0,0.4319874733863842,3.8,0.30851144,416.4707,96,2,44,89
-33.75,139.25,0.4254509673043642,19.9,0.26291338,418.87616,83,3,29,88
-33.75,139.5,0.3992078670566635,20.0,0.24220885,419.26108,83,3,25,88
-33.75,139.75,0.3908402458820048,26.5,0.2693905,415.67993,79,4,31,89
-33.75,140.0,0.3840885966639256,29.8,0.2999302,413.9794,78,4,40,90
-33.75,140.25,0.3860704789736441,34.1,0.32648838,413.35107,76,4,56,90
-33.75,140.5,0.3862097874727278,41.8,0.34318176,413.9803,73,4,65,90
-33.75,140.75,0.3841747703540715,45.6,0.35435322,416.55164,72,4,69,89
-33.75,141.0,0.3822213484068578,50.6,0.37440395,418.94882,70,4,76,88
-33.75,141.25,0.3813722949231132,47.1,0.37441316,421.2993,71,4,76,88
-33.75,141.5,0.3824447515708882,28.2,0.38134992,423.4012,78,4,78,87
-33.75,141.75,0.3828028543275736,10.1,0.36568788,424.50714,90,4,73,86
-33.75,142.0,0.3817134203123195,7.4,0.34088877,425.0198,92,4,64,86
-33.75,142.25,0.3737767481999028,1.8,0.33687964,425.39615,98,5,62,86
-33.75,142.5,0.368128332610996,10.7,0.33673024,425.0066,89,5,62,86
-33.75,142.75,0.3644404167265054,30.0,0.34064642,425.21658,77,5,64,86
-33.75,143.0,0.3602181095524602,51.4,0.32982203,426.7067,70,5,58,86
-33.75,143.25,0.3554435993988244,73.8,0.33466512,426.4596,64,5,61,86
-33.75,143.5,0.3521928715719176,92.2,0.3426435,427.36285,59,5,65,85
-33.75,143.75,0.3469278738418195,101.2,0.35495967,429.4837,57,6,70,85
-33.75,144.0,0.3390901248649849,114.1,0.36070403,430.22824,54,6,72,84
-33.75,144.25,0.3342300991350341,100.4,0.3536631,430.47153,57,6,69,84
-33.75,144.5,0.3284533148808848,88.9,0.34450567,430.36295,60,6,66,84
-33.75,144.75,0.3204674710475263,68.3,0.3319901,430.52505,65,7,59,84
-33.75,145.0,0.3123481251365904,45.4,0.3177322,430.44495,72,7,50,84
-33.75,145.25,0.3041734130432208,22.5,0.29405028,429.74167,81,8,38,84
-33.75,145.5,0.2924937032617717,0.4,0.2810902,429.25732,100,8,34,85
-33.75,145.75,0.2830407414942913,23.3,0.27404043,429.13895,81,9,32,85
-33.75,146.0,0.2803469849595179,46.3,0.27308312,428.94263,72,9,32,85
-33.75,146.25,0.2770867016742981,35.9,0.26208317,429.32715,75,9,29,85
-33.75,146.5,0.2694166862716277,12.9,0.27364263,430.45743,88,10,32,84
-33.75,146.75,0.2617015239937851,5.9,0.28794304,430.9711,93,10,36,84
-33.75,147.0,0.2582941806852994,12.6,0.2780395,430.78085,88,11,33,84
-33.75,147.25,0.2477438915432209,10.0,0.25929987,430.6343,90,12,29,84
-33.75,147.5,0.244270943539838,12.8,0.23757425,430.15686,88,12,24,84
-33.75,147.75,0.2425516502565837,34.7,0.2272652,429.9826,76,12,22,84
-33.75,148.0,0.2371485610004692,22.5,0.21838886,428.94315,81,12,20,85
-33.75,148.25,0.2431925538439481,17.3,0.1965942,428.13843,84,12,17,85
-33.75,148.5,0.2528974825161553,4.7,0.16476259,427.04904,94,11,12,85
-33.75,148.75,0.2567198646033094,5.5,0.18061374,427.62744,94,11,15,85
-33.75,149.0,0.2592715457425497,15.7,0.1976411,427.00067,86,11,17,85
-33.75,149.25,0.26470569979089,11.5,0.2193829,425.76172,89,10,21,86
-33.75,149.5,0.271934225374744,23.1,0.21058977,423.7017,81,10,19,87
-33.75,149.75,0.2786725380568809,3.1,0.22163126,419.01205,96,9,21,88
-33.75,150.0,0.2770214535961193,13.7,0.15797907,409.55118,87,9,11,91
-33.75,150.25,0.2692904513196221,2.8,0.12821071,401.22086,97,10,6,93
-33.75,150.5,0.2229232688434422,3.2,0.09028284,397.99295,96,13,2,94
-33.75,150.75,0.1667690977919846,0.2,0.083335295,397.4312,100,17,2,94
-33.75,151.0,0.1570265006118764,0.3,0.14254355,396.7072,100,18,9,94
-33.75,151.25,0.1161823439611388,0.7,0.29675394,397.0612,99,21,39,94
-34.0,115.0,0.0471504638359571,9.3,0.47947368,376.34512,90,55,99,97
-34.0,115.25,0.0472450023783104,15.4,0.33000332,375.20618,86,54,58,97
-34.0,115.5,0.0379367168726665,23.3,0.26495832,372.50427,81,66,30,97
-34.0,115.75,0.0423042719562848,29.5,0.2748775,373.78424,78,61,32,97
-34.0,116.0,0.0489703314600601,15.3,0.2799587,375.99905,86,52,33,97
-34.0,116.25,0.0524660308800992,1.4,0.28449297,377.31775,98,48,35,97
-34.0,116.5,0.0520307604722412,23.8,0.30034867,378.93982,81,48,40,97
-34.0,116.75,0.049708563052783,33.4,0.32628945,380.7417,76,51,56,97
-34.0,117.0,0.0518612938777854,14.9,0.3483795,384.02814,86,49,67,96
-34.0,117.25,0.0562024632673932,1.9,0.35495216,385.65637,98,44,70,96
-34.0,117.5,0.0629558681083532,15.5,0.3485948,387.55185,86,39,67,96
-34.0,117.75,0.0666614779570539,32.8,0.33990052,388.57233,76,36,63,96
-34.0,118.0,0.0701680236473857,52.0,0.33374745,388.51965,70,34,60,96
-34.0,118.25,0.0700643205936233,73.0,0.32983622,388.36725,64,34,58,96
-34.0,118.5,0.0714143489782665,92.8,0.3317881,387.2028,59,33,59,96
-34.0,118.75,0.0755743807730531,112.7,0.32923445,385.987,54,31,58,96
-34.0,119.0,0.0838485466281348,132.7,0.3126619,384.525,50,28,47,96
-34.0,119.25,0.0910527962781045,153.3,0.28677303,383.28458,46,25,35,96
-34.0,119.5,0.1089091525812234,174.3,0.3302899,384.89822,42,22,58,96
-34.0,119.75,0.1144561481168715,195.7,0.3379225,388.1774,39,21,62,96
-34.0,135.25,0.301683931691306,55.0,0.37929454,408.60422,69,8,77,91
-34.0,135.5,0.2929815055891162,47.2,0.32076123,407.08264,71,8,52,92
-34.0,135.75,0.2893688764068342,35.5,0.30181032,401.2069,75,9,41,93
-34.0,136.0,0.3179927960951491,14.9,0.2918917,395.61725,86,7,37,95
-34.0,136.25,0.3448379168375617,5.8,0.29753366,399.3013,93,6,39,94
-34.0,137.75,0.3712339767077494,1.3,0.37201098,412.83386,99,5,75,90
-34.0,138.0,0.3780454393210156,8.3,0.32530147,412.68716,91,4,56,90
-34.0,138.25,0.3651107128221719,13.1,0.28197962,409.10754,88,5,34,91
-34.0,138.5,0.3508333350132618,3.7,0.31149852,408.50482,96,5,47,91
-34.0,138.75,0.3872009512125736,4.5,0.3394953,409.88556,95,4,63,91
-34.0,139.0,0.4296990683967513,2.6,0.31443393,413.25684,97,2,48,90
-34.0,139.25,0.4274854564418395,4.4,0.26579982,414.32828,95,3,30,90
-34.0,139.5,0.3979643780732572,1.9,0.24403834,414.07242,98,4,25,90
-34.0,139.75,0.3875176141526372,0.1,0.267819,411.36658,100,4,31,91
-34.0,140.0,0.3866347753409562,3.8,0.29490092,411.20236,96,4,38,91
-34.0,140.25,0.3889437262700604,6.4,0.31955603,410.7863,93,4,52,91
-34.0,140.5,0.392562917132108,17.2,0.3369694,411.046,84,4,62,91
-34.0,140.75,0.3925307585658239,17.8,0.35384935,414.03976,84,4,69,90
-34.0,141.0,0.3923484017806394,27.3,0.37278745,416.2965,79,4,75,89
-34.0,141.25,0.3924194754589171,30.7,0.38909265,418.1029,77,4,80,89
-34.0,141.5,0.3943806463852525,31.5,0.39192113,420.10974,77,4,81,88
-34.0,141.75,0.3953948339225636,21.3,0.37629202,422.16223,82,4,76,87
-34.0,142.0,0.3953433406716656,2.2,0.3339341,422.29163,97,4,60,87
-34.0,142.25,0.390482869353478,6.6,0.32692012,422.33792,92,4,56,87
-34.0,142.5,0.3861078605344075,24.2,0.33786976,422.2825,80,4,62,87
-34.0,142.75,0.3827895860852939,42.4,0.3428767,422.70978,73,4,65,87
-34.0,143.0,0.376364401754524,56.4,0.3316209,423.4476,68,4,59,87
-34.0,143.25,0.3688699906819411,60.4,0.33554044,424.19202,67,5,61,86
-34.0,143.5,0.3652377867705321,65.9,0.3414453,425.1074,66,5,64,86
-34.0,143.75,0.3586987785961745,78.0,0.3398566,426.36093,62,5,63,86
-34.0,144.0,0.3510720398365741,89.9,0.34611034,427.32758,60,5,66,85
-34.0,144.25,0.3451439753950884,79.2,0.34172496,427.90997,62,6,64,85
-34.0,144.5,0.3389864057302475,64.5,0.328768,427.59592,66,6,58,85
-34.0,144.75,0.3306737318391069,54.6,0.3133449,427.12396,69,6,48,85
-34.0,145.0,0.3191939079065508,41.6,0.3127535,427.7415,73,7,47,85
-34.0,145.25,0.3102581699378788,18.7,0.29572913,427.70297,84,7,39,85
-34.0,145.5,0.3004969814393137,1.9,0.2793554,427.344,98,8,33,85
-34.0,145.75,0.2952735559072434,21.3,0.265834,425.88922,82,8,30,86
-34.0,146.0,0.2927557930062037,36.4,0.26209378,425.984,75,8,29,86
-34.0,146.25,0.2902366810943931,34.4,0.25059062,425.9886,76,8,27,86
-34.0,146.5,0.2797824636704588,28.0,0.26741067,427.1799,78,9,30,85
-34.0,146.75,0.2723483825634633,19.3,0.28004494,427.68152,83,10,33,85
-34.0,147.0,0.2628719928230913,15.0,0.28933308,427.7935,86,10,36,85
-34.0,147.25,0.2536692782438227,4.4,0.2707323,427.611,95,11,31,85
-34.0,147.5,0.2435091646698614,15.6,0.24536385,427.172,86,12,25,85
-34.0,147.75,0.2396924400879513,32.2,0.23360747,426.6092,77,12,23,86
-34.0,148.0,0.2303699050697365,19.3,0.22520822,425.75684,83,13,22,86
-34.0,148.25,0.2332629029772111,9.6,0.2226427,424.85107,90,13,21,86
-34.0,148.5,0.2443235667688506,7.4,0.18912518,423.81845,92,12,16,87
-34.0,148.75,0.2581330227266465,1.5,0.17702082,424.24954,98,11,14,86
-34.0,149.0,0.2634598055965311,6.1,0.16676298,422.86627,93,10,13,87
-34.0,149.25,0.2685529061171803,28.1,0.18327847,421.48563,78,10,15,87
-34.0,149.5,0.2928348740385402,22.2,0.22078833,419.11435,81,8,21,88
-34.0,149.75,0.3023413092962333,2.2,0.23939493,414.30823,97,8,24,90
-34.0,150.0,0.2820798780281274,18.5,0.1605586,405.04916,84,9,12,92
-34.0,150.25,0.2265991568620804,19.1,0.10701098,398.1415,83,13,4,94
-34.0,150.5,0.1651616169960193,5.8,0.07936051,394.86163,93,17,2,95
-34.0,150.75,0.1318454462596925,0.3,0.09745265,398.38492,100,20,3,94
-34.0,151.0,0.1189251562705197,0.6,0.17257838,399.55096,100,21,14,94
-34.25,115.25,0.0653850573996481,6.5,0.3985998,367.1613,93,37,82,98
-34.25,115.5,0.0688067975819909,1.2,0.318811,364.56775,99,35,51,98
-34.25,115.75,0.0715684283086808,3.6,0.30270445,364.97458,96,33,41,98
-34.25,116.0,0.0709243856980243,5.1,0.27466863,366.27826,94,34,32,98
-34.25,116.25,0.0735075199311333,6.6,0.27394673,366.38873,92,32,32,98
-34.25,116.5,0.0715989561479849,27.4,0.27763876,365.597,79,33,33,98
-34.25,116.75,0.0687598619547705,49.4,0.29962155,367.58472,70,35,40,98
-34.25,117.0,0.0707766498272706,32.6,0.32536876,371.41022,76,34,56,97
-34.25,117.25,0.0730106039285948,15.5,0.33599642,373.17654,86,33,61,97
-34.25,117.5,0.0788357211953206,0.6,0.3307475,375.2727,100,30,59,97
-34.25,117.75,0.081884257182745,19.5,0.31624734,376.08734,83,29,49,97
-34.25,118.0,0.0850201648989154,39.1,0.3035962,375.3418,74,27,42,97
-34.25,118.25,0.0856948787257785,59.0,0.29655397,376.19763,68,27,39,97
-34.25,118.5,0.0886243260038706,79.1,0.3078677,378.6941,62,26,44,97
-34.25,118.75,0.0928590385731132,100.1,0.31053308,377.71573,57,25,46,97
-34.25,119.0,0.1018824072504815,121.5,0.3050663,378.93332,52,23,43,97
-34.25,119.25,0.1155763174739799,143.3,0.30601412,381.44632,48,21,43,97
-34.25,119.5,0.125568660022968,165.3,0.36311197,383.25232,44,20,73,96
-34.25,135.5,0.3091323372087485,42.6,0.3620211,406.38068,73,7,72,92
-34.25,135.75,0.3149814779703904,22.4,0.32896343,402.54776,81,7,58,93
-34.25,136.0,0.3410402737203098,2.1,0.3160973,397.04648,98,6,49,94
-34.25,136.25,0.359121840731019,18.0,0.33606884,397.57074,84,5,61,94
-34.25,137.5,0.3691653964708426,34.6,0.42910305,405.2279,76,5,90,92
-34.25,137.75,0.3809880917814249,17.4,0.37241906,407.32095,84,4,75,92
-34.25,138.0,0.3920567594645988,2.2,0.35194555,405.15796,97,4,68,92
-34.25,138.25,0.3866748744887965,12.2,0.30708057,406.83575,88,4,44,92
-34.25,138.5,0.3621327075042895,2.6,0.31047118,408.81058,97,5,46,91
-34.25,138.75,0.3778208343578236,9.4,0.3237142,410.67664,90,4,54,91
-34.25,139.0,0.4266335075011566,12.4,0.3047445,410.04797,88,3,42,91
-34.25,139.25,0.4279416554030918,5.0,0.25880516,410.1345,94,3,28,91
-34.25,139.5,0.397927482000419,10.5,0.24359745,408.8298,89,4,25,91
-34.25,139.75,0.3795318218125474,12.1,0.2597897,407.64175,88,4,29,92
-34.25,140.0,0.3844687862820657,5.2,0.28653765,407.7872,94,4,35,92
-34.25,140.25,0.3910970165464927,5.2,0.30944076,408.58835,94,4,45,91
-34.25,140.5,0.3967819684257154,3.0,0.32257047,409.00732,96,4,54,91
-34.25,140.75,0.3994229937681839,2.6,0.33984724,411.93417,97,3,63,90
-34.25,141.0,0.4014874933952732,2.8,0.36517945,413.19122,97,3,73,90
-34.25,141.25,0.4049010802725596,2.8,0.37084624,415.045,97,3,75,89
-34.25,141.5,0.4052510985594597,7.4,0.37086576,417.3785,92,3,75,89
-34.25,141.75,0.4055738874744358,10.2,0.35654485,419.30365,90,3,70,88
-34.25,142.0,0.4047676785693814,8.5,0.32358426,419.92212,91,3,54,88
-34.25,142.25,0.40463971337747,1.7,0.31361073,419.48358,98,3,48,88
-34.25,142.5,0.4017298567640994,7.2,0.31832898,419.0015,92,3,51,88
-34.25,142.75,0.3970088350231803,25.4,0.32332343,419.12338,80,4,54,88
-34.25,143.0,0.3886132914994267,28.9,0.31323546,420.00882,78,4,48,88
-34.25,143.25,0.3804623079308796,32.8,0.31273273,421.36542,76,4,47,87
-34.25,143.5,0.3720438456384554,41.9,0.3077441,421.6407,73,5,44,87
-34.25,143.75,0.3655769345306214,56.6,0.30401328,422.52072,68,5,42,87
-34.25,144.0,0.3589805901538403,62.2,0.3166799,423.44604,67,5,50,87
-34.25,144.25,0.352559795150245,63.4,0.32259437,424.3921,66,5,54,86
-34.25,144.5,0.3460367483508196,43.7,0.3142914,424.28906,72,6,48,86
-34.25,144.75,0.3368485644043955,28.8,0.3122674,424.56702,78,6,47,86
-34.25,145.0,0.3250275306669729,25.7,0.3084663,424.9797,80,6,44,86
-34.25,145.25,0.3146789008352373,22.3,0.29761124,425.05576,81,7,39,86
-34.25,145.5,0.305175024111356,0.6,0.27752495,424.811,100,8,33,86
-34.25,145.75,0.300651031246941,14.5,0.2636878,423.30176,86,8,30,87
-34.25,146.0,0.2998395578203989,12.4,0.25013772,422.68887,88,8,26,87
-34.25,146.25,0.2956646165089859,8.5,0.24422401,422.9022,91,8,25,87
-34.25,146.5,0.2839915660021472,27.9,0.26053327,424.0414,79,9,29,86
-34.25,146.75,0.2755158775131262,15.5,0.2793284,423.96036,86,10,33,87
-34.25,147.0,0.2674864006938324,9.3,0.28957486,424.07626,90,10,36,86
-34.25,147.25,0.2536337994482545,11.5,0.2870461,423.8832,89,11,36,87
-34.25,147.5,0.240822266840509,3.8,0.26073006,423.353,96,12,29,87
-34.25,147.75,0.2308517842597904,22.1,0.25051585,422.90082,82,13,26,87
-34.25,148.0,0.2274717907354767,25.6,0.25534794,422.1197,80,13,28,87
-34.25,148.25,0.2323182493536955,5.9,0.26146394,421.69504,93,13,29,87
-34.25,148.5,0.2415385438572792,7.3,0.23878585,420.69168,92,12,24,88
-34.25,148.75,0.2488670296346148,1.9,0.21031222,420.4794,98,12,19,88
-34.25,149.0,0.2577559079043567,20.7,0.19694437,419.1519,82,11,17,88
-34.25,149.25,0.2761443028564653,30.0,0.22304003,418.04395,77,10,21,89
-34.25,149.5,0.3017629767740367,22.3,0.25920993,416.26343,81,8,28,89
-34.25,149.75,0.3083359960267054,9.4,0.26880068,410.62787,90,7,31,91
-34.25,150.0,0.2695140258276037,8.7,0.1879567,401.82144,91,10,16,93
-34.25,150.25,0.2187556083646736,19.4,0.14317575,395.58948,83,14,9,95
-34.25,150.5,0.1578276944768038,1.2,0.122377075,393.78394,99,18,5,95
-34.25,150.75,0.1201009340972329,0.9,0.14849098,397.89783,99,21,10,94
-34.25,151.0,0.0907942696385795,4.7,0.24280983,399.66443,94,25,25,94
-34.5,115.75,0.0875224141426207,22.5,0.3587105,357.47354,81,26,71,98
-34.5,116.0,0.0880228061639216,20.9,0.29277763,357.38885,82,26,37,98
-34.5,116.25,0.0905382908026998,19.3,0.28325015,355.36288,83,25,34,99
-34.5,116.5,0.0878874403468909,34.6,0.26225558,354.44827,76,26,29,99
-34.5,116.75,0.0874037755852831,55.5,0.28012708,354.93784,69,26,34,99
-34.5,117.0,0.0861794582035924,50.1,0.2995414,357.0375,70,27,40,98
-34.5,117.25,0.0867849736940115,27.8,0.3103402,358.9949,79,27,46,98
-34.5,117.5,0.0888978378331687,5.9,0.30935135,360.64856,93,26,45,98
-34.5,117.75,0.092628026922189,5.4,0.31311074,362.42514,94,25,48,98
-34.5,118.0,0.0979805593534062,26.0,0.2855166,360.60727,79,23,35,98
-34.5,118.25,0.0992033548946935,47.6,0.27734965,362.68005,71,23,33,98
-34.5,118.5,0.112311395373018,69.6,0.32056123,365.9804,65,21,52,98
-34.5,118.75,0.1174423697726091,91.5,0.34452358,370.00204,59,21,66,97
-34.5,135.5,0.3249894990718791,30.7,0.4059547,404.75653,77,6,84,92
-34.5,135.75,0.3377995904712449,9.3,0.35178414,403.28827,90,6,68,93
-34.5,136.0,0.3568079494560758,10.9,0.34932923,396.30383,89,5,68,94
-34.5,137.5,0.3764360648801639,25.5,0.42934313,400.08658,80,4,90,93
-34.5,137.75,0.3906072320505267,2.8,0.40125775,403.19186,97,4,83,93
-34.5,138.5,0.3932172247341701,9.5,0.30266732,409.50598,90,4,41,91
-34.5,138.75,0.3863041087408506,1.5,0.28984457,410.66608,98,4,36,91
-34.5,139.0,0.4266480704348179,0.3,0.29389966,407.4207,100,3,38,92
-34.5,139.25,0.4271281555949133,0.1,0.25066397,405.15857,100,3,27,92
-34.5,139.5,0.3995887820814026,0.4,0.25080484,403.8497,100,3,27,93
-34.5,139.75,0.3827259613688857,15.6,0.2695008,403.95062,86,4,31,93
-34.5,140.0,0.3879648626100139,33.1,0.2974374,404.69916,76,4,39,93
-34.5,140.25,0.3964134575399969,26.3,0.31008238,406.1748,79,4,46,92
-34.5,140.5,0.4002816910733513,4.4,0.3122298,408.37842,95,3,47,91
-34.5,140.75,0.4036631424013259,15.7,0.32479754,409.42502,86,3,55,91
-34.5,141.0,0.4082370963424355,25.1,0.3396335,409.7948,80,3,63,91
-34.5,141.25,0.4166261235562463,24.0,0.3299179,411.59122,80,3,58,90
-34.5,141.5,0.4197102731603774,17.5,0.3232042,413.9853,84,3,54,90
-34.5,141.75,0.4161195095185013,17.7,0.3346898,416.3557,84,3,61,89
-34.5,142.0,0.4107332162004674,17.7,0.3214263,416.9693,84,3,53,89
-34.5,142.25,0.4133634754722672,1.1,0.3114485,416.02563,99,3,46,89
-34.5,142.5,0.410282373792004,3.5,0.304771,416.17416,96,3,42,89
-34.5,142.75,0.4058528327405275,0.8,0.30046713,416.11618,99,3,41,89
-34.5,143.0,0.396683664132087,1.6,0.29104066,417.24368,98,4,37,89
-34.5,143.25,0.3889483292187963,5.8,0.28891572,418.24677,93,4,36,88
-34.5,143.5,0.3811115221076068,20.6,0.27928567,418.6073,82,4,33,88
-34.5,143.75,0.3721468150305251,33.7,0.28134716,419.0852,76,5,34,88
-34.5,144.0,0.3653285773604044,34.8,0.29449967,419.57135,76,5,38,88
-34.5,144.25,0.3586170320155187,39.8,0.31521693,420.88312,74,5,49,88
-34.5,144.5,0.3510194701131522,34.6,0.32290152,421.44498,76,5,54,87
-34.5,144.75,0.3437319028257791,11.8,0.31807172,421.76,88,6,51,87
-34.5,145.0,0.3324687451390283,3.2,0.30638188,421.71237,96,6,43,87
-34.5,145.25,0.320624012588745,10.4,0.29636776,421.8097,90,7,39,87
-34.5,145.5,0.3093668349442028,12.9,0.28110054,421.6084,88,7,34,87
-34.5,145.75,0.2997717621425788,6.9,0.26866746,420.88217,92,8,31,88
-34.5,146.0,0.2995050159260808,3.8,0.25213906,419.88388,96,8,27,88
-34.5,146.25,0.2943613258478719,5.2,0.25329357,420.08295,94,8,27,88
-34.5,146.5,0.2876889349271854,14.7,0.26240528,420.2017,86,9,29,88
-34.5,146.75,0.2798986361228994,22.5,0.2786535,420.22357,81,9,33,88
-34.5,147.0,0.271009319940848,18.4,0.29229206,420.0828,84,10,37,88
-34.5,147.25,0.2579990762729375,16.1,0.29179865,419.46045,85,11,37,88
-34.5,147.5,0.2421265924992483,1.7,0.27990067,418.6687,98,12,33,88
-34.5,147.75,0.2312768343392582,17.6,0.2592858,417.85504,84,13,29,89
-34.5,148.0,0.2275174846340503,11.4,0.26398516,417.1027,89,13,30,89
-34.5,148.25,0.2357402589970401,2.8,0.2705929,416.6533,97,12,31,89
-34.5,148.5,0.2412904922362594,2.4,0.26785192,416.91083,97,12,31,89
-34.5,148.75,0.2503076538443565,2.9,0.25345626,416.34512,97,11,27,89
-34.5,149.0,0.2650932140293575,15.7,0.24688639,415.14108,86,10,26,89
-34.5,149.25,0.2916878018306479,17.8,0.2859473,414.63623,84,8,35,90
-34.5,149.5,0.3134756173051539,2.4,0.30936515,413.03638,97,7,45,90
-34.5,149.75,0.30931744948473,2.0,0.2914775,408.5915,98,7,37,91
-34.5,150.0,0.2746101645043208,0.1,0.23336245,399.672,100,10,23,94
-34.5,150.25,0.2359152343545464,8.3,0.19477999,394.22195,91,12,17,95
-34.5,150.5,0.1998633587821608,9.2,0.16540284,394.7538,90,15,13,95
-34.5,150.75,0.1455704238565106,0.2,0.19164014,396.95624,100,19,17,94
-34.75,116.0,0.0989730960201649,47.9,0.39879623,350.3212,71,23,82,99
-34.75,116.25,0.1058837413233483,46.4,0.34553874,349.20093,71,22,66,99
-34.75,116.5,0.1043193092519816,54.6,0.30972624,347.7861,69,22,45,99
-34.75,116.75,0.0994378707349477,69.6,0.2708896,347.49176,65,23,31,99
-34.75,117.0,0.0982732621952891,57.7,0.27382156,347.5715,68,23,32,99
-34.75,117.25,0.1001870043467663,35.9,0.28929746,349.8303,75,23,36,99
-34.75,117.5,0.1026702577159518,14.0,0.3015058,352.08292,87,22,41,99
-34.75,117.75,0.1059278735935333,4.0,0.3128652,354.22833,95,22,47,99
-34.75,118.0,0.1120019216689148,18.5,0.32016218,354.05127,84,21,52,99
-34.75,118.25,0.1257104461790905,41.3,0.3632694,354.3586,73,20,73,99
-34.75,118.5,0.1365282443396392,63.7,0.41825008,357.4373,66,19,87,98
-34.75,135.5,0.3405391790593663,11.6,0.4381019,402.37103,89,6,92,93
-34.75,135.75,0.356077390822715,4.4,0.38619256,401.26346,95,5,79,93
-34.75,137.75,0.3926942461125907,4.2,0.3978081,398.54834,95,4,82,94
-34.75,138.5,0.4028973750592697,1.7,0.3347397,406.71002,98,3,61,92
-34.75,138.75,0.4053213287677084,0.2,0.28177837,407.7355,100,3,34,92
-34.75,139.0,0.4326031559457381,4.8,0.29808712,403.20084,94,2,40,93
-34.75,139.25,0.4256023316688481,10.4,0.26306874,400.52142,90,3,29,93
-34.75,139.5,0.4047948432421046,25.7,0.26315716,399.66885,80,3,29,94
-34.75,139.75,0.3908535222079427,32.4,0.28057018,399.62766,77,4,34,94
-34.75,140.0,0.3960690345459928,48.3,0.3126209,401.0131,71,4,47,93
-34.75,140.25,0.4029360761344876,40.3,0.30963817,402.09186,74,3,45,93
-34.75,140.5,0.4074869125457813,30.9,0.3095514,404.51395,77,3,45,93
-34.75,140.75,0.4113846929145178,35.4,0.3064281,406.7874,75,3,43,92
-34.75,141.0,0.4186860662036841,50.1,0.29933336,405.71533,70,3,40,92
-34.75,141.25,0.4285795125689002,48.2,0.288065,405.61325,71,3,36,92
-34.75,141.5,0.431095120528092,45.3,0.29644874,406.72696,72,2,39,92
-34.75,141.75,0.4289023376025614,45.0,0.31284276,408.5389,72,2,47,91
-34.75,142.0,0.4211147181689739,23.0,0.32755488,411.36987,81,3,57,91
-34.75,142.25,0.4188310791073101,1.0,0.32364082,411.8602,99,3,54,90
-34.75,142.5,0.4163791940680572,1.2,0.31024688,412.58426,99,3,46,90
-34.75,142.75,0.4123071985851441,2.3,0.301789,413.9431,97,3,41,90
-34.75,143.0,0.4034046740758987,3.5,0.2903279,414.82132,96,3,36,90
-34.75,143.25,0.396099715471445,15.4,0.28878406,415.11926,86,4,36,89
-34.75,143.5,0.3884103426388243,0.1,0.29079133,415.2931,100,4,37,89
-34.75,143.75,0.3817448839245896,6.8,0.29737443,416.40692,92,4,39,89
-34.75,144.0,0.3741311242515664,9.5,0.30470377,417.53528,90,4,42,89
-34.75,144.25,0.3664572222357882,12.1,0.31385812,418.18124,88,5,48,89
-34.75,144.5,0.3585946089898547,14.4,0.3240501,418.8941,86,5,55,88
-34.75,144.75,0.348873044204499,6.2,0.32664007,418.89377,93,6,56,88
-34.75,145.0,0.33768153081515,7.7,0.30893642,418.853,92,6,45,88
-34.75,145.25,0.3256544730493,11.3,0.30092067,418.69028,89,6,41,88
-34.75,145.5,0.3138346964404696,11.7,0.2951567,418.66043,89,7,38,88
-34.75,145.75,0.304584599756414,2.0,0.28478482,418.454,98,8,35,88
-34.75,146.0,0.2984399791407798,3.9,0.26771787,417.1537,95,8,31,89
-34.75,146.25,0.29378177471725,2.0,0.26976708,416.56082,98,8,31,89
-34.75,146.5,0.2897215407674334,0.1,0.27381176,416.8924,100,8,32,89
-34.75,146.75,0.282284165377773,16.8,0.2761948,416.3042,85,9,33,89
-34.75,147.0,0.272398440586403,21.0,0.28297633,416.1936,82,10,34,89
-34.75,147.25,0.2584676065681768,7.8,0.29082572,415.39825,91,11,37,89
-34.75,147.5,0.2472240223726701,1.4,0.2782073,414.33658,98,12,33,90
-34.75,147.75,0.2381358902103134,5.8,0.2597132,413.27295,93,12,29,90
-34.75,148.0,0.2305300167789461,0.1,0.22859384,411.55234,100,13,22,91
-34.75,148.25,0.2225188918500429,6.5,0.22666849,412.45297,93,13,22,90
-34.75,148.5,0.2294003545927504,7.3,0.23263732,412.92535,92,13,23,90
-34.75,148.75,0.2541771084846307,0.7,0.24041201,413.33435,99,11,24,90
-34.75,149.0,0.2773886344794716,2.2,0.24990694,411.96683,97,9,26,90
-34.75,149.25,0.3065121945248739,4.1,0.28511694,411.12155,95,8,35,91
-34.75,149.5,0.3213088641830143,5.6,0.3004689,408.7441,93,7,41,91
-34.75,149.75,0.3051783251221336,0.7,0.2840803,404.3173,99,8,35,93
-34.75,150.0,0.2844098756799386,1.9,0.24422954,396.8169,98,9,25,94
-34.75,150.25,0.269193623795928,16.0,0.19125323,391.2733,85,10,16,95
-34.75,150.5,0.2337724160680192,1.3,0.15779673,392.99884,99,13,11,95
-34.75,150.75,0.1587145750211285,0.8,0.19515592,397.31464,99,18,17,94
-35.0,116.75,0.1164485607207531,87.7,0.36884224,351.2984,60,21,74,99
-35.0,117.0,0.1166650131475069,66.7,0.3264058,351.89886,66,21,56,99
-35.0,117.25,0.1216718170326203,45.9,0.32842144,351.66165,72,21,57,99
-35.0,117.5,0.1252532575700786,25.0,0.33365798,353.99698,80,20,60,99
-35.0,117.75,0.1289797435370495,4.4,0.3488496,355.50055,95,20,67,99
-35.0,118.0,0.1339995849608732,15.3,0.3867175,352.71686,86,19,79,99
-35.0,138.75,0.4180359359653223,5.8,0.27714255,398.76462,93,3,33,94
-35.0,139.0,0.426171606353351,3.5,0.2836119,396.78607,96,3,34,94
-35.0,139.25,0.4258789678592057,0.5,0.26318264,395.1426,100,3,30,95
-35.0,139.5,0.4147018304715554,18.8,0.26686752,394.52686,83,3,30,95
-35.0,139.75,0.4067744213378145,32.1,0.2880682,395.51675,77,3,36,95
-35.0,140.0,0.4089261240858052,50.7,0.3197083,397.71408,70,3,52,94
-35.0,140.25,0.4149214718357792,64.1,0.31434342,396.6329,66,3,48,94
-35.0,140.5,0.420159852901651,58.7,0.31532067,398.06012,68,3,49,94
-35.0,140.75,0.4252818728070928,61.5,0.31091923,400.8945,67,3,46,93
-35.0,141.0,0.4284366655618041,71.0,0.29166076,403.16266,64,3,37,93
-35.0,141.25,0.4357751247653227,75.0,0.28482342,403.52423,63,2,35,93
-35.0,141.5,0.4381769978884784,72.0,0.29176593,404.78436,64,2,37,92
-35.0,141.75,0.4353164361465523,49.2,0.30373517,406.41574,70,2,42,92
-35.0,142.0,0.4295702802898761,26.5,0.314103,409.16528,79,2,48,91
-35.0,142.25,0.4270704265905632,3.7,0.31562662,410.76486,96,3,49,91
-35.0,142.5,0.4234955463558435,7.3,0.31541556,411.19678,92,3,49,91
-35.0,142.75,0.4193089132197201,1.1,0.3152878,411.9973,99,3,49,90
-35.0,143.0,0.4120769081204863,15.5,0.31793106,413.56012,86,3,51,90
-35.0,143.25,0.4048150338409912,27.5,0.3110832,413.43503,79,3,46,90
-35.0,143.5,0.3980965883670641,17.6,0.30786234,413.37988,84,4,44,90
-35.0,143.75,0.390869669127278,10.3,0.30771413,413.42407,90,4,44,90
-35.0,144.0,0.3821414600259491,7.9,0.312274,413.69058,91,4,47,90
-35.0,144.25,0.3749374866374724,15.5,0.31089452,414.5674,86,4,46,90
-35.0,144.5,0.3650195237870017,13.0,0.3127388,415.2792,88,5,47,89
-35.0,144.75,0.3539689393359281,16.8,0.3135259,415.398,85,5,48,89
-35.0,145.0,0.3432415149485071,20.1,0.31097347,415.5616,83,6,46,89
-35.0,145.25,0.3291707489816915,16.5,0.30487734,415.2358,85,6,43,89
-35.0,145.5,0.3167190706911718,6.6,0.29723552,415.23572,92,7,39,89
-35.0,145.75,0.3064931823029405,15.9,0.28935036,414.86603,85,8,36,89
-35.0,146.0,0.2996566825856765,28.2,0.28055084,414.34143,78,8,34,90
-35.0,146.25,0.294229404246878,21.1,0.282742,414.05527,82,8,34,90
-35.0,146.5,0.2846972608450978,9.1,0.28199694,413.2158,90,9,34,90
-35.0,146.75,0.2744755211995826,0.1,0.27852854,412.93887,100,10,33,90
-35.0,147.0,0.2659582545315581,5.0,0.27324077,411.72,94,10,32,90
-35.0,147.25,0.2583211472945376,12.4,0.26685417,410.69818,88,11,30,91
-35.0,147.5,0.2461488535483589,1.3,0.24579301,409.33023,99,12,25,91
-35.0,147.75,0.2311056700579467,14.8,0.21174361,408.17532,86,13,19,92
-35.0,148.0,0.2136168537428602,4.0,0.17604022,406.28937,95,14,14,92
-35.0,148.25,0.199803241856751,1.4,0.16734144,407.48016,98,15,13,92
-35.0,148.5,0.2157997096400885,1.5,0.16316122,408.23944,98,14,12,92
-35.0,148.75,0.2497359170944297,5.0,0.1716598,409.01205,94,11,13,91
-35.0,149.0,0.2850654479820237,2.0,0.19118196,411.02844,98,9,16,91
-35.0,149.25,0.3135032326692626,13.1,0.2218428,408.3579,88,7,21,91
-35.0,149.5,0.3210848080703899,8.7,0.25289848,405.85156,91,7,27,92
-35.0,149.75,0.3077974604043577,8.5,0.26978952,401.50833,91,7,31,93
-35.0,150.0,0.2894316693812254,13.8,0.2512073,393.08286,87,9,27,95
-35.0,150.25,0.2725127953858602,9.6,0.19478428,387.3567,90,10,17,96
-35.0,150.5,0.2285540941171348,3.0,0.1878682,387.0003,96,13,16,96
-35.0,150.75,0.1473748555562148,15.3,0.2645994,390.75107,86,18,30,95
-35.25,138.5,0.4208205801035676,1.6,0.3258138,389.28635,98,3,56,96
-35.25,138.75,0.4241255803477196,8.9,0.25979745,391.24597,91,3,29,95
-35.25,139.0,0.4291456823902471,7.8,0.27403116,390.47043,91,2,32,95
-35.25,139.25,0.4248759905674628,14.8,0.26527137,388.7482,86,3,30,96
-35.25,139.5,0.4191322795603246,0.1,0.27404344,389.2693,100,3,32,96
-35.25,139.75,0.4182338051242931,16.2,0.29543102,391.23114,85,3,38,95
-35.25,140.0,0.4185147209092975,30.7,0.3227754,392.71982,77,3,54,95
-35.25,140.25,0.4225132402210008,50.2,0.317437,394.68433,70,3,50,95
-35.25,140.5,0.4294716891433511,71.0,0.32258722,397.33395,64,2,54,94
-35.25,140.75,0.4360984592476771,88.5,0.32430196,399.93512,60,2,55,93
-35.25,141.0,0.4395089750868335,95.4,0.31389752,401.66263,58,2,48,93
-35.25,141.25,0.442120583417515,95.9,0.30243072,402.6806,58,2,41,93
-35.25,141.5,0.4435999034138929,73.2,0.3039434,403.3415,64,2,42,93
-35.25,141.75,0.4424283258478335,50.5,0.31110033,404.20413,70,2,46,93
-35.25,142.0,0.4406397543559294,27.8,0.3194302,404.9419,79,2,52,92
-35.25,142.25,0.4410440793216583,5.1,0.3173046,406.75705,94,2,50,92
-35.25,142.5,0.4354460779965545,17.6,0.31729668,408.61368,84,2,50,91
-35.25,142.75,0.4273794040660418,20.3,0.3186361,409.276,83,3,51,91
-35.25,143.0,0.4187848691163318,5.1,0.32199925,409.5902,94,3,53,91
-35.25,143.25,0.414186105877161,9.8,0.31780794,410.3954,90,3,50,91
-35.25,143.5,0.4073749312648683,8.8,0.3120194,409.87744,91,3,47,91
-35.25,143.75,0.4000716928436997,15.3,0.30555248,409.3202,86,3,43,91
-35.25,144.0,0.3916351780317546,18.4,0.29947916,409.52344,84,4,40,91
-35.25,144.25,0.3841270959924995,10.5,0.29861945,410.2802,89,4,40,91
-35.25,144.5,0.3708089323359586,1.3,0.30131269,410.90222,99,5,41,91
-35.25,144.75,0.3571326198754832,11.3,0.30443162,411.36465,89,5,42,91
-35.25,145.0,0.346132524905815,21.7,0.30793837,411.8146,82,6,44,90
-35.25,145.25,0.331889853511183,5.0,0.30545205,411.73163,94,6,43,90
-35.25,145.5,0.3207110973695914,12.0,0.29819,411.6654,88,7,40,90
-35.25,145.75,0.3093926972931339,12.5,0.29206714,411.76312,88,7,37,90
-35.25,146.0,0.2981859903427816,24.0,0.28958517,411.7297,80,8,36,90
-35.25,146.25,0.2896638099758309,13.9,0.28578305,411.33276,87,8,35,91
-35.25,146.5,0.2810586678352029,6.8,0.2833364,410.45874,92,9,34,91
-35.25,146.75,0.2727915240008207,2.2,0.27990475,409.0383,97,10,33,91
-35.25,147.0,0.26922108725689,3.2,0.27355313,407.66656,96,10,32,92
-35.25,147.25,0.2614330624889893,3.9,0.23989946,405.7864,95,11,24,92
-35.25,147.5,0.2484969439472825,2.6,0.20485264,403.84918,97,12,18,93
-35.25,147.75,0.2381094833148554,5.2,0.1621935,402.18497,94,12,12,93
-35.25,148.0,0.2317553000258548,4.5,0.1186401,401.0085,95,13,5,93
-35.25,148.25,0.2312628225024257,0.4,0.095348425,402.87567,100,13,3,93
-35.25,148.5,0.2531970842453163,2.5,0.09519441,404.28903,97,11,3,93
-35.25,148.75,0.2808098840638108,4.9,0.11109704,405.68643,94,9,4,92
-35.25,149.0,0.2947588861592868,0.7,0.12434215,408.39438,99,8,6,91
-35.25,149.25,0.3087940482422709,0.6,0.1571741,406.97876,100,7,11,92
-35.25,149.5,0.3200188753549896,4.7,0.19708084,403.83627,94,7,17,93
-35.25,149.75,0.3188986053424222,10.8,0.22660682,398.45084,89,7,22,94
-35.25,150.0,0.3097297436469012,13.9,0.21330324,390.41147,87,7,20,95
-35.25,150.25,0.2772074917475471,14.6,0.17427424,384.50046,86,9,14,96
-35.25,150.5,0.1889402553816104,7.2,0.2353584,383.24,92,16,23,96
-35.5,138.5,0.4310625130576747,25.0,0.28752238,383.779,80,2,36,96
-35.5,138.75,0.4391293421742462,28.7,0.2848702,382.23038,78,2,35,96
-35.5,139.5,0.4305033722715009,11.5,0.3180678,385.75436,89,2,51,96
-35.5,139.75,0.4302462033040466,2.4,0.31459668,387.9234,97,2,49,96
-35.5,140.0,0.4251170669105791,18.3,0.30915755,387.22513,84,3,45,96
-35.5,140.25,0.4287018887876045,37.9,0.30585808,388.43567,74,2,43,96
-35.5,140.5,0.4379597496695905,53.2,0.31092978,390.65997,69,2,46,95
-35.5,140.75,0.446036364998491,70.0,0.31792325,392.21863,65,2,51,95
-35.5,141.0,0.4517427032369943,89.5,0.31219974,394.4195,60,2,47,95
-35.5,141.25,0.45304158692736,95.8,0.29341072,396.26337,58,2,38,94
-35.5,141.5,0.4542528255310442,73.2,0.2926154,397.02792,64,2,37,94
-35.5,141.75,0.4541313421513353,50.6,0.3004595,397.3137,70,2,40,94
-35.5,142.0,0.4494289362803101,27.9,0.3162552,398.69067,79,2,49,94
-35.5,142.25,0.4487369075658665,5.3,0.31304586,401.85376,94,2,48,93
-35.5,142.5,0.4446481926455384,17.3,0.31486717,404.12338,84,2,49,93
-35.5,142.75,0.4369443918794526,40.0,0.3226127,405.91827,74,2,54,92
-35.5,143.0,0.4290182969976394,26.0,0.32721895,406.03262,79,2,57,92
-35.5,143.25,0.4247271614681397,10.9,0.32354495,406.7038,89,3,54,92
-35.5,143.5,0.4173057230455534,4.3,0.3189033,406.57794,95,3,51,92
-35.5,143.75,0.4093558030153092,2.6,0.310338,405.7713,97,3,46,92
-35.5,144.0,0.4010356629622124,16.9,0.28380263,405.62115,85,3,35,92
-35.5,144.25,0.3923869012544552,8.6,0.28439516,406.41293,91,4,35,92
-35.5,144.5,0.3776874519862412,13.2,0.292722,407.16296,87,4,37,92
-35.5,144.75,0.3623927374259524,11.4,0.30296007,407.88452,89,5,42,92
-35.5,145.0,0.3512459418448131,2.7,0.29766178,407.32602,97,5,39,92
-35.5,145.25,0.3360349774405005,1.7,0.29417264,407.77414,98,6,38,92
-35.5,145.5,0.3226950083814916,6.6,0.2919553,407.35358,92,7,37,92
-35.5,145.75,0.310240369032891,12.4,0.28834614,407.35876,88,7,36,92
-35.5,146.0,0.2930637756595388,0.3,0.2947136,407.50174,100,8,38,92
-35.5,146.25,0.2863072600038279,11.5,0.29250205,407.25082,89,9,37,92
-35.5,146.5,0.2850796441680618,19.4,0.285545,406.11252,83,9,35,92
-35.5,146.75,0.2882164275938911,25.7,0.2727214,404.4137,80,9,32,93
-35.5,147.0,0.2883181379398419,3.4,0.25537524,403.09555,96,9,28,93
-35.5,147.25,0.2867979455207075,1.7,0.20533709,401.02698,98,9,19,93
-35.5,147.5,0.2907558120654097,20.8,0.15746297,398.19208,82,8,11,94
-35.5,147.75,0.2887962300596493,16.9,0.115926586,396.12662,85,9,5,94
-35.5,148.0,0.2856718021001489,11.5,0.07402386,395.9841,89,9,2,94
-35.5,148.25,0.2862352983449541,2.2,0.05381418,398.65036,97,9,1,94
-35.5,148.5,0.2895800926212576,3.1,0.0657988,401.385,96,9,1,93
-35.5,148.75,0.2968505146026257,5.5,0.09476949,405.3042,94,8,3,92
-35.5,149.0,0.2936549386475235,2.1,0.09998415,407.7429,98,8,3,92
-35.5,149.25,0.3071380654172528,6.2,0.12352303,405.5044,93,8,5,92
-35.5,149.5,0.3205285145147216,5.2,0.1381892,401.112,94,7,8,93
-35.5,149.75,0.3237652072594279,27.8,0.15422589,395.09415,79,7,10,95
-35.5,150.0,0.3135545618920808,21.0,0.1387056,386.00778,82,7,8,96
-35.5,150.25,0.2615887417679741,6.6,0.1727022,380.23825,92,11,14,97
-35.75,139.25,0.4311435956607706,42.9,0.44115254,382.02115,73,2,93,96
-35.75,139.5,0.4388976679671378,23.4,0.40412766,384.74893,81,2,84,96
-35.75,139.75,0.4399021082158599,5.2,0.32798314,385.70923,94,2,57,96
-35.75,140.0,0.4316955743446236,2.1,0.30010465,383.6353,98,2,40,96
-35.75,140.25,0.4354957282543182,17.4,0.29763892,382.8529,84,2,39,96
-35.75,140.5,0.4410765470316012,36.7,0.3038547,384.4899,75,2,42,96
-35.75,140.75,0.4514449589486633,56.2,0.3086982,386.71555,68,2,45,96
-35.75,141.0,0.4614157661618221,74.6,0.32060036,387.97565,63,1,52,96
-35.75,141.25,0.4655882406902189,75.1,0.30099183,389.01535,63,1,41,96
-35.75,141.5,0.4676579658695984,67.8,0.295214,390.31076,65,1,38,95
-35.75,141.75,0.4653866348211609,50.8,0.2979938,392.8948,70,1,39,95
-35.75,142.0,0.4604142405536203,28.2,0.31576794,395.89026,78,1,49,95
-35.75,142.25,0.4589593694301411,5.6,0.31951347,397.97305,93,2,52,94
-35.75,142.5,0.4542638485558287,17.0,0.32345814,399.3942,85,2,54,94
-35.75,142.75,0.4476348467703376,39.6,0.32744366,400.98935,74,2,57,93
-35.75,143.0,0.4405917770356782,46.6,0.3276505,401.37332,71,2,57,93
-35.75,143.25,0.436605883505018,31.5,0.3246325,402.21722,77,2,55,93
-35.75,143.5,0.4293122516900656,16.2,0.31995293,401.96024,85,2,52,93
-35.75,143.75,0.4198287048155353,2.6,0.31106603,402.03745,97,3,46,93
-35.75,144.0,0.4111250848880791,5.2,0.28571272,402.4137,94,3,35,93
-35.75,144.25,0.4032490030341293,14.5,0.2778195,402.0834,86,3,33,93
-35.75,144.5,0.3875034191058061,13.3,0.27900434,402.75983,87,4,33,93
-35.75,144.75,0.3728321611193851,11.5,0.28486958,403.77115,89,5,35,93
-35.75,145.0,0.3601369279303721,10.8,0.26997575,401.05,89,5,31,93
-35.75,145.25,0.3396174493290129,15.0,0.27391002,402.71893,86,6,32,93
-35.75,145.5,0.3245678077363187,9.3,0.27484322,402.6151,90,6,32,93
-35.75,145.75,0.3087114918566797,6.6,0.28561643,402.58514,92,7,35,93
-35.75,146.0,0.2937557382686507,17.5,0.2919679,402.55875,84,8,37,93
-35.75,146.25,0.2901323308502989,22.0,0.28390187,402.12457,82,8,35,93
-35.75,146.5,0.3009075750186596,21.0,0.25667277,401.0402,82,8,28,93
-35.75,146.75,0.3068841028304416,17.2,0.23778532,399.68674,84,8,24,94
-35.75,147.0,0.3167625613200168,4.2,0.19378553,397.81015,95,7,17,94
-35.75,147.25,0.3163335243949577,4.6,0.13950801,395.11166,95,7,8,95
-35.75,147.5,0.3092933845440191,16.4,0.10123701,392.8219,85,7,3,95
-35.75,147.75,0.3013048528003439,20.9,0.07004109,392.75504,82,8,1,95
-35.75,148.0,0.2878742320285666,0.6,0.049059,394.4552,100,9,1,95
-35.75,148.25,0.3010317681268567,0.9,0.049906824,397.4371,99,8,1,94
-35.75,148.5,0.3198888075759723,2.5,0.0978623,402.17596,97,7,3,93
-35.75,148.75,0.3196504196063394,19.1,0.14785972,406.14612,83,7,9,92
-35.75,149.0,0.3120485636183903,14.7,0.12102077,407.65387,86,7,5,92
-35.75,149.25,0.3108013202258873,1.8,0.13120432,404.14005,98,7,6,93
-35.75,149.5,0.3194591519156737,18.4,0.13270958,398.42664,84,7,7,94
-35.75,149.75,0.3076029165537052,33.1,0.096517354,388.52158,76,7,3,96
-35.75,150.0,0.2766549474737119,12.6,0.08369726,379.4728,88,10,2,97
-36.0,139.5,0.4389443476906135,37.7,0.4427904,381.55283,74,2,93,96
-36.0,139.75,0.4482671388918312,18.1,0.36668003,381.5257,84,2,74,96
-36.0,140.0,0.4421563357646976,1.0,0.30859303,379.6884,99,2,45,97
-36.0,140.25,0.440303834421294,3.3,0.3052994,380.11542,96,2,43,97
-36.0,140.5,0.4461399958424625,21.6,0.30992192,381.551,82,2,45,96
-36.0,140.75,0.4524560080575091,42.2,0.3225102,382.85953,73,2,54,96
-36.0,141.0,0.4643358199191945,61.1,0.33645117,384.26038,67,1,62,96
-36.0,141.25,0.4729495398700237,52.0,0.3214347,385.54642,70,1,53,96
-36.0,141.5,0.4750382246261108,40.8,0.31375536,386.60556,73,1,48,96
-36.0,141.75,0.4740220162307932,40.4,0.315209,389.3208,74,1,49,96
-36.0,142.0,0.4691605888883627,27.9,0.32399318,390.44635,79,1,55,95
-36.0,142.25,0.4680659804870152,5.4,0.3302702,392.6625,94,1,58,95
-36.0,142.5,0.4643615133816465,17.1,0.3317564,394.2184,85,1,59,95
-36.0,142.75,0.4602036456710526,39.6,0.32849246,395.24976,74,1,57,95
-36.0,143.0,0.4548119927689965,44.7,0.32735214,396.2014,72,2,57,94
-36.0,143.25,0.4513796278696862,32.1,0.32251015,396.9386,77,2,54,94
-36.0,143.5,0.4395001908021402,32.0,0.3145926,397.12482,77,2,49,94
-36.0,143.75,0.4289023661941644,20.6,0.30377606,397.25534,82,2,42,94
-36.0,144.0,0.4180746973575359,1.5,0.29497313,398.1893,98,3,38,94
-36.0,144.25,0.4138673875880028,13.6,0.28769988,398.13373,87,3,36,94
-36.0,144.5,0.3996385186378445,23.8,0.2866423,398.92398,81,3,35,94
-36.0,144.75,0.3789166546909006,4.4,0.27935055,398.5692,95,4,33,94
-36.0,145.0,0.3631373252725184,15.8,0.2607307,396.9872,85,5,29,94
-36.0,145.25,0.3446780366512636,16.1,0.25818565,397.91147,85,6,28,94
-36.0,145.5,0.327203270593392,7.7,0.270904,398.1796,92,6,31,94
-36.0,145.75,0.3128447523983639,4.9,0.2824196,398.18365,94,7,34,94
-36.0,146.0,0.292174030924105,3.0,0.28120795,397.16934,96,8,34,94
-36.0,146.25,0.2974162047343617,5.7,0.25356895,396.0477,93,8,27,94
-36.0,146.5,0.3093476051741856,6.5,0.22488266,395.06836,93,7,21,95
-36.0,146.75,0.3231715113855898,0.6,0.16004844,393.38748,100,7,12,95
-36.0,147.0,0.3246074040730794,0.0,0.11609584,391.05566,100,6,5,95
-36.0,147.25,0.3149525361135602,21.2,0.08329368,389.16638,82,7,2,96
-36.0,147.5,0.2998002342580418,27.2,0.0552211,389.43314,79,8,1,96
-36.0,147.75,0.2907022894509802,22.0,0.03635251,389.70425,82,8,1,96
-36.0,148.0,0.2728811002558186,17.6,0.031710867,394.3216,84,10,1,95
-36.0,148.25,0.3098908057258952,2.6,0.059771676,397.53598,97,7,1,94
-36.0,148.5,0.3297980020532295,10.5,0.12352922,402.0323,89,6,5,93
-36.0,148.75,0.334106956088605,3.2,0.18410745,405.66946,96,6,15,92
-36.0,149.0,0.3277191443413141,13.1,0.1520131,408.41595,88,6,10,91
-36.0,149.25,0.315726281219672,2.9,0.15517221,403.52167,97,7,11,93
-36.0,149.5,0.2994062075524458,25.3,0.10156846,392.8681,80,8,3,95
-36.0,149.75,0.277526941993052,33.7,0.07097071,382.5858,76,9,1,96
-36.0,150.0,0.2130448051717221,16.1,0.068151616,373.70987,85,14,1,97
-36.25,139.75,0.4513223357942132,33.3,0.40822896,376.79355,76,2,85,97
-36.25,140.0,0.4531643056443759,14.9,0.33173126,375.34268,86,2,59,97
-36.25,140.25,0.4492295978679543,4.9,0.31785846,376.09375,94,2,51,97
-36.25,140.5,0.4458564514560358,8.4,0.31853485,376.95087,91,2,51,97
-36.25,140.75,0.4533772266514244,27.3,0.32908297,378.69568,79,2,58,97
-36.25,141.0,0.4643126794890988,46.4,0.33576873,379.8221,71,1,61,97
-36.25,141.25,0.4746032192593529,36.2,0.33509248,380.77823,75,1,61,97
-36.25,141.5,0.480630830285095,16.4,0.32570308,382.01117,85,1,56,96
-36.25,141.75,0.4818916449367645,15.4,0.3248345,383.59213,86,1,55,96
-36.25,142.0,0.4790870684143599,18.6,0.32645604,384.99582,84,1,56,96
-36.25,142.25,0.479006120983866,6.4,0.3298506,387.00473,93,1,58,96
-36.25,142.5,0.4749229698497358,16.0,0.33226722,388.8651,85,1,60,96
-36.25,142.75,0.472338281258098,38.5,0.32725933,389.6205,74,1,57,96
-36.25,143.0,0.4654098452038375,32.8,0.3265363,390.8791,76,1,56,95
-36.25,143.25,0.4616965121966564,10.6,0.31951857,392.18018,89,1,52,95
-36.25,143.5,0.4513053539652554,7.7,0.31038707,392.33096,92,2,46,95
-36.25,143.75,0.4341124562812703,19.7,0.29796326,392.45648,83,2,39,95
-36.25,144.0,0.4202798533608161,12.1,0.29299015,393.7209,88,3,38,95
-36.25,144.25,0.4165013030880973,10.4,0.28584814,393.65933,90,3,35,95
-36.25,144.5,0.3967503666301213,25.6,0.2825292,393.57266,80,4,34,95
-36.25,144.75,0.3766396049055315,5.6,0.27459815,393.2435,93,4,32,95
-36.25,145.0,0.35347822175716,5.4,0.2560699,392.78107,94,5,28,95
-36.25,145.25,0.3351519027192677,7.1,0.24442366,392.9112,92,6,25,95
-36.25,145.5,0.3230624711229687,3.1,0.25537252,393.27408,96,7,28,95
-36.25,145.75,0.3112808153742835,16.6,0.25776938,392.70917,85,7,28,95
-36.25,146.0,0.2916446553472658,20.4,0.24844445,391.2426,83,8,26,95
-36.25,146.25,0.3067705495948238,12.3,0.21091509,390.13004,88,8,19,95
-36.25,146.5,0.3243266107795144,14.8,0.13627163,387.58328,86,6,7,96
-36.25,146.75,0.3219136648323564,17.5,0.09401375,386.13885,84,7,3,96
-36.25,147.0,0.2999753255751871,1.4,0.057986964,385.04318,98,8,1,96
-36.25,147.25,0.2838932286770571,7.9,0.0555048,383.9072,91,9,1,96
-36.25,147.5,0.2712312767016036,1.9,0.03707863,384.6462,98,10,1,96
-36.25,147.75,0.2728891882202809,4.6,0.03436447,386.62332,95,10,1,96
-36.25,148.0,0.263666582409115,9.3,0.033009894,392.0436,90,10,1,95
-36.25,148.25,0.3073958501973677,2.0,0.05823232,396.65817,98,8,1,94
-36.25,148.5,0.3413985852089051,2.8,0.0840593,399.58255,97,6,2,94
-36.25,148.75,0.3478029710551103,4.2,0.1444006,403.721,95,6,9,93
-36.25,149.0,0.3245625492850584,0.8,0.1520859,406.3752,99,6,10,92
-36.25,149.25,0.3051162597412864,7.1,0.17222078,400.81097,92,8,13,93
-36.25,149.5,0.2851926635997924,27.5,0.1173693,390.0484,79,9,5,95
-36.25,149.75,0.2423024259951143,19.9,0.06498474,381.09506,83,12,1,97
-36.25,150.0,0.1661208269696328,18.2,0.080744796,372.96533,84,17,2,97
-36.5,140.0,0.4600900250708773,23.6,0.34376258,370.99747,81,1,65,97
-36.5,140.25,0.4522401726671627,2.5,0.30653542,371.27753,97,2,43,97
-36.5,140.5,0.449265299276227,6.4,0.30541205,372.05835,93,2,43,97
-36.5,140.75,0.4524189034742968,13.1,0.31706196,372.63916,88,2,50,97
-36.5,141.0,0.4630965493796837,35.1,0.3164657,373.62256,76,1,50,97
-36.5,141.25,0.4749418846287188,36.2,0.31980136,374.82153,75,1,52,97
-36.5,141.5,0.4845033386544812,17.1,0.31625545,375.7429,85,1,49,97
-36.5,141.75,0.4894445832996141,11.2,0.31371537,377.40564,89,1,48,97
-36.5,142.0,0.4875937366059848,9.0,0.3130146,379.87616,91,1,48,97
-36.5,142.25,0.4890891482931606,6.3,0.31465805,381.80386,93,1,49,96
-36.5,142.5,0.4864867644572985,16.1,0.31576943,383.37076,85,1,49,96
-36.5,142.75,0.4775386346947579,35.7,0.31887788,384.7379,75,1,51,96
-36.5,143.0,0.4693508279698324,35.4,0.31909624,385.70474,75,1,51,96
-36.5,143.25,0.4677796299136909,15.0,0.30914554,387.0228,86,1,45,96
-36.5,143.5,0.4606283299713617,13.9,0.29124954,386.49268,87,1,37,96
-36.5,143.75,0.4440603964296835,0.7,0.2786901,386.2758,99,2,33,96
-36.5,144.0,0.4241125432585942,10.7,0.27600673,388.10165,89,3,33,96
-36.5,144.25,0.415452615998774,10.2,0.26977396,387.42938,90,3,31,96
-36.5,144.5,0.3923505247925364,24.6,0.2668107,387.1044,80,4,30,96
-36.5,144.75,0.3478938253152938,14.1,0.2712771,386.98184,87,6,31,96
-36.5,145.0,0.321801082173451,2.9,0.25828898,386.3635,97,7,28,96
-36.5,145.25,0.3101766620895692,8.9,0.24685924,386.55225,91,7,26,96
-36.5,145.5,0.3026447516999074,14.6,0.2377973,387.23312,86,8,24,96
-36.5,145.75,0.2997977065765077,10.7,0.23894796,386.92236,89,8,24,96
-36.5,146.0,0.2813179844957111,2.5,0.19743326,385.35135,97,9,17,96
-36.5,146.25,0.3028129083622064,0.0,0.13970768,383.3701,100,8,8,96
-36.5,146.5,0.3154151434200771,2.5,0.08464975,381.34357,97,7,2,97
-36.5,146.75,0.3109334065534529,1.2,0.051816136,379.80524,99,7,1,97
-36.5,147.0,0.2686576134480891,2.4,0.03334262,379.15497,97,10,1,97
-36.5,147.25,0.2302965891680547,15.7,0.04207192,378.95883,86,13,1,97
-36.5,147.5,0.2638689150972779,6.1,0.049844816,380.67377,93,10,1,97
-36.5,147.75,0.2725921035699901,21.5,0.0504428,382.98486,82,10,1,96
-36.5,148.0,0.2975838324942049,31.1,0.053472664,388.32028,77,8,1,96
-36.5,148.25,0.340633632601904,22.0,0.050956123,393.80447,82,6,1,95
-36.5,148.5,0.357015398450728,9.9,0.08327713,397.2071,90,5,2,94
-36.5,148.75,0.3354668804217086,10.0,0.09186294,398.56583,90,6,3,94
-36.5,149.0,0.2991470005629318,14.2,0.13734461,400.53314,87,8,8,93
-36.5,149.25,0.2809963070144433,3.6,0.16603363,395.6215,96,9,13,95
-36.5,149.5,0.2477054052032707,10.7,0.1125472,392.34378,89,12,4,95
-36.5,149.75,0.1916760123733963,6.9,0.065554656,383.62903,92,16,1,96
-36.5,150.0,0.1390156114207846,13.6,0.110582165,377.6625,87,19,4,97
-36.75,140.0,0.4645104444097905,18.8,0.33621976,368.83252,83,1,62,98
-36.75,140.25,0.4569356628117107,3.1,0.29266474,368.83514,96,2,37,98
-36.75,140.5,0.4500835321843624,1.8,0.28450078,367.63162,98,2,35,98
-36.75,140.75,0.4533376695854323,11.5,0.294591,367.82202,89,2,38,98
-36.75,141.0,0.4582524152738707,32.2,0.29837564,368.01996,77,2,40,98
-36.75,141.25,0.4731746636863265,38.1,0.31148517,368.53116,74,1,46,98
-36.75,141.5,0.4845681433122428,27.4,0.30339226,369.69592,79,1,42,97
-36.75,141.75,0.4902405538374469,27.7,0.29124755,371.19464,79,1,37,97
-36.75,142.0,0.4906621052218335,16.4,0.29527077,374.19095,85,1,38,97
-36.75,142.25,0.4935290822730167,0.1,0.29600486,375.86325,100,1,39,97
-36.75,142.5,0.4833140822659645,0.3,0.27876773,377.3104,100,1,33,97
-36.75,142.75,0.4718796024675525,16.1,0.28134295,378.79333,85,1,34,97
-36.75,143.0,0.4628596920010057,28.1,0.30192465,380.16672,78,1,41,97
-36.75,143.25,0.4699298888461531,38.8,0.27959314,379.82858,74,1,33,97
-36.75,143.5,0.4625907824685176,34.8,0.26182407,379.48593,76,1,29,97
-36.75,143.75,0.4483399996644862,22.5,0.26189,379.77066,81,2,29,97
-36.75,144.0,0.4282718275451944,9.7,0.26177198,381.5967,90,3,29,96
-36.75,144.25,0.4141654196938145,1.8,0.25829685,379.8888,98,3,28,97
-36.75,144.5,0.3595791090457212,0.9,0.26206982,380.03275,99,5,29,97
-36.75,144.75,0.3077605829213835,10.2,0.27014497,380.08765,90,7,31,97
-36.75,145.0,0.2751725007025968,21.1,0.27239034,378.19858,82,10,32,97
-36.75,145.25,0.2900562512067457,32.4,0.26003712,379.93356,77,8,29,97
-36.75,145.5,0.2882069745234081,40.9,0.24360605,380.4065,73,9,25,97
-36.75,145.75,0.2996003212008093,21.3,0.19714166,380.01508,82,8,17,97
-36.75,146.0,0.2835172739766893,0.0,0.14415486,378.75647,100,9,9,97
-36.75,146.25,0.2891103295742401,13.9,0.095311716,376.21652,87,9,3,97
-36.75,146.5,0.2794887410210712,3.3,0.0705636,374.93652,96,9,1,97
-36.75,146.75,0.274034263610485,5.7,0.04345699,373.4931,93,10,1,97
-36.75,147.0,0.2712347209098793,2.6,0.039797746,373.93246,97,10,1,97
-36.75,147.25,0.2824069743077936,3.7,0.050617922,374.5701,96,9,1,97
-36.75,147.5,0.3150629289936097,18.7,0.068847835,376.50778,84,7,1,97
-36.75,147.75,0.3358813766101818,29.7,0.07831074,379.51993,78,6,2,97
-36.75,148.0,0.3450909714666306,48.0,0.09351084,385.04343,71,6,3,96
-36.75,148.25,0.361418757647542,45.4,0.07970999,388.85687,72,5,2,96
-36.75,148.5,0.3294500186241099,34.0,0.05335358,389.7977,76,6,1,96
-36.75,148.75,0.2853517135084119,33.7,0.06415386,390.6959,76,9,1,95
-36.75,149.0,0.2788281347125857,22.3,0.13309038,391.8762,81,9,7,95
-36.75,149.25,0.2580836784310772,1.8,0.15624538,390.11316,98,11,11,95
-36.75,149.5,0.2062466631355207,12.3,0.10739904,388.24008,88,15,4,96
-36.75,149.75,0.1298237016564512,6.3,0.09035494,388.6087,93,20,2,96
-37.0,140.0,0.4686000531628018,19.9,0.34012085,371.05054,83,1,63,97
-37.0,140.25,0.4625335955194065,2.0,0.27447724,367.75696,98,1,32,98
-37.0,140.5,0.4538100963192327,6.3,0.2629206,365.8781,93,2,29,98
-37.0,140.75,0.4499574890448933,4.4,0.27555948,362.6874,95,2,32,98
-37.0,141.0,0.4506107442790553,23.9,0.29070655,362.4296,80,2,37,98
-37.0,141.25,0.4702664448746613,26.8,0.31292194,362.60068,79,1,47,98
-37.0,141.5,0.4808830367844729,4.5,0.31368828,363.54547,95,1,48,98
-37.0,141.75,0.4890141288772048,1.3,0.30046958,364.60092,99,1,41,98
-37.0,142.0,0.4881468715767065,2.2,0.28742936,366.77924,97,1,36,98
-37.0,142.25,0.4882615635304578,16.8,0.22613831,366.81723,85,1,22,98
-37.0,142.5,0.4705599870887541,8.2,0.21295927,368.72156,91,1,20,98
-37.0,142.75,0.4498491873033344,3.2,0.24039857,371.1235,96,2,24,97
-37.0,143.0,0.4447085308975407,4.1,0.2836697,372.407,95,2,34,97
-37.0,143.25,0.4601225408281953,15.7,0.25250414,372.05396,86,1,27,97
-37.0,143.5,0.4509030550582663,23.4,0.24534279,372.78708,81,2,25,97
-37.0,143.75,0.4372515353152439,5.5,0.24859847,374.0798,94,2,26,97
-37.0,144.0,0.4180147374536664,3.8,0.2730053,375.04062,96,3,32,97
-37.0,144.25,0.3968392200147112,4.4,0.2640097,374.04712,95,4,30,97
-37.0,144.5,0.3369145405523124,26.5,0.26844832,373.20667,79,6,31,97
-37.0,144.75,0.2824209709862424,32.3,0.27126244,371.93024,77,9,31,97
-37.0,145.0,0.2515856348687694,14.3,0.27354413,370.73294,87,11,32,97
-37.0,145.25,0.295883470600737,9.2,0.24182759,372.09094,90,8,25,97
-37.0,145.5,0.3173428544242467,18.2,0.18358386,371.46,84,7,15,97
-37.0,145.75,0.3379463444863047,11.2,0.13583285,370.98862,89,6,7,97
-37.0,146.0,0.3426044584473683,0.2,0.10238915,370.35303,100,6,3,97
-37.0,146.25,0.3263257585022421,4.9,0.09738438,369.82153,94,6,3,97
-37.0,146.5,0.3037021551008192,19.6,0.0868626,368.71088,83,8,2,98
-37.0,146.75,0.3261305779318458,21.8,0.082121775,370.0065,82,6,2,97
-37.0,147.0,0.3502595337218649,26.1,0.08839857,370.71207,79,5,2,97
-37.0,147.25,0.3612959993737084,15.7,0.09803707,372.3943,86,5,3,97
-37.0,147.5,0.3582917148782317,28.4,0.10285012,374.41156,78,5,3,97
-37.0,147.75,0.3577505717763588,48.7,0.114487015,376.7222,71,5,4,97
-37.0,148.0,0.3608563214895271,65.2,0.120202355,378.34042,66,5,5,97
-37.0,148.25,0.3578941865957209,68.6,0.08193391,380.66193,65,5,2,97
-37.0,148.5,0.322727134318224,60.8,0.065076254,381.3768,67,7,1,97
-37.0,148.75,0.2756877924759118,45.7,0.08320624,380.82437,72,10,2,97
-37.0,149.0,0.265637076255821,24.9,0.1628715,381.90494,80,10,12,96
-37.0,149.25,0.228189072465258,12.0,0.17297909,382.1197,88,13,14,96
-37.0,149.5,0.1544130505860916,25.7,0.14376706,384.6527,80,18,9,96
-37.0,149.75,0.0790938989835835,4.5,0.1459884,385.81027,95,30,9,96
-37.25,140.0,0.4707522054335901,25.5,0.37277317,373.53336,80,1,75,97
-37.25,140.25,0.4670795403066136,5.4,0.27646026,369.167,94,1,33,98
-37.25,140.5,0.4549407454828421,12.1,0.23901293,363.31207,88,2,24,98
-37.25,140.75,0.4517768344708851,0.1,0.24683075,357.09866,100,2,26,98
-37.25,141.0,0.4531106539780185,22.0,0.27115887,352.68347,82,2,31,99
-37.25,141.25,0.458077671272414,38.9,0.2890803,352.71124,74,2,36,99
-37.25,141.5,0.4675383981139887,28.5,0.29354948,355.2308,78,1,38,99
-37.25,141.75,0.4760085081060727,24.6,0.28685787,357.48566,80,1,35,98
-37.25,142.0,0.4765563388488122,26.1,0.26449916,356.52383,79,1,30,98
-37.25,142.25,0.4838417953235053,37.7,0.19006228,356.37576,74,1,16,99
-37.25,142.5,0.476772907411214,30.6,0.18696976,358.83743,77,1,16,98
-37.25,142.75,0.4621120140244741,12.6,0.2231802,362.00372,88,1,21,98
-37.25,143.0,0.4554104809050581,2.9,0.27983627,364.10504,97,2,33,98
-37.25,143.25,0.4689706630661108,7.3,0.252596,363.37842,92,1,27,98
-37.25,143.5,0.4563796555107858,4.0,0.2546167,364.37744,95,2,27,98
-37.25,143.75,0.4330525407155316,17.0,0.27313808,366.2332,85,2,32,98
-37.25,144.0,0.4034759076134789,4.7,0.3033493,367.52008,94,3,42,98
-37.25,144.25,0.4080075957014092,15.3,0.2807704,365.88043,86,3,34,98
-37.25,144.5,0.3970042059708032,9.4,0.27395946,365.28156,90,4,32,98
-37.25,144.75,0.3621412974826636,20.8,0.2751534,363.87808,82,5,32,98
-37.25,145.0,0.3144807445861044,1.0,0.26974943,361.54556,99,7,31,98
-37.25,145.25,0.3300637479228455,9.4,0.18770742,360.84247,90,6,16,98
-37.25,145.5,0.3390996823996483,6.0,0.12480349,360.58514,93,6,6,98
-37.25,145.75,0.3497197867592885,0.0,0.086444266,360.64236,100,5,2,98
-37.25,146.0,0.3596356798495565,4.8,0.073310345,360.71927,94,5,2,98
-37.25,146.25,0.3683841312525883,16.2,0.08500621,364.10364,85,5,2,98
-37.25,146.5,0.3767736356528032,26.7,0.094117336,367.53406,79,4,3,98
-37.25,146.75,0.3789877054996655,46.4,0.11060406,369.63034,71,4,4,97
-37.25,147.0,0.3727374635370714,48.1,0.13145651,369.22717,71,5,6,98
-37.25,147.25,0.3657341417279981,43.3,0.12934375,368.4887,72,5,6,98
-37.25,147.5,0.3586597825267485,49.4,0.12875639,369.33426,70,5,6,98
-37.25,147.75,0.3556689669688542,52.5,0.1272431,369.8607,69,5,6,97
-37.25,148.0,0.3572411681392363,48.6,0.121160805,369.51352,71,5,5,98
-37.25,148.25,0.3504625226592733,52.1,0.09471507,370.21072,70,5,3,97
-37.25,148.5,0.3289199496841147,49.6,0.09858548,369.56467,70,6,3,97
-37.25,148.75,0.2872623714263595,36.6,0.12584838,368.9284,75,9,6,98
-37.25,149.0,0.2468832746192458,32.9,0.17700748,369.0846,76,12,14,98
-37.25,149.25,0.1947945327132142,37.4,0.16327398,372.94366,75,15,12,97
-37.25,149.5,0.1233774822055628,36.0,0.17293064,378.42108,75,20,14,97
-37.25,149.75,0.065094332287221,18.5,0.25762394,384.5285,84,37,28,96
-37.5,140.25,0.4727067285172996,7.3,0.369039,369.9249,92,1,74,97
-37.5,140.5,0.4684155676336515,11.5,0.27560323,363.1165,89,1,32,98
-37.5,140.75,0.4528670339357285,1.8,0.23389113,354.4306,98,2,23,99
-37.5,141.0,0.4474176793580963,18.4,0.23676324,346.58316,84,2,24,99
-37.5,141.25,0.4520944857881183,37.6,0.263809,347.02087,75,2,30,99
-37.5,141.5,0.4626802944711276,46.0,0.27793762,349.17383,72,1,33,99
-37.5,141.75,0.4722923325640815,36.2,0.28259614,351.97687,75,1,34,99
-37.5,142.0,0.4739050067961216,27.7,0.27142918,353.26584,79,1,31,99
-37.5,142.25,0.4858309125971226,29.5,0.23436396,352.44205,78,1,23,99
-37.5,142.5,0.4889964621336687,20.5,0.24662675,353.8115,82,1,25,99
-37.5,142.75,0.4863123343459197,26.6,0.28599524,356.4511,79,1,35,99
-37.5,143.0,0.4807199722067231,15.8,0.3360144,357.45828,85,1,61,98
-37.5,143.25,0.4866704901414258,7.3,0.33021632,357.0915,92,1,58,98
-37.5,143.5,0.4803768297391278,5.7,0.32114092,357.3543,93,1,53,98
-37.5,143.75,0.4647959824828874,1.7,0.3149665,358.59293,98,1,49,98
-37.5,144.0,0.4503874350161779,1.4,0.31786194,359.1476,98,2,51,98
-37.5,144.25,0.4501040429630805,17.9,0.29642814,357.47748,84,2,39,98
-37.5,144.5,0.4332901936911401,7.5,0.28436297,357.30103,92,2,35,98
-37.5,144.75,0.4084121110183852,9.2,0.27781066,356.96265,90,3,33,98
-37.5,145.0,0.376162708129379,2.3,0.27402937,355.5218,97,4,32,99
-37.5,145.25,0.3770693028611796,5.0,0.19457543,351.66357,94,4,17,99
-37.5,145.5,0.3691085774983678,8.8,0.13908969,349.97775,91,5,8,99
-37.5,145.75,0.3574725267876472,18.8,0.112362,350.40106,83,5,4,99
-37.5,146.0,0.3521059871606883,27.8,0.12066195,353.2475,79,5,5,99
-37.5,146.25,0.3743636605019371,40.1,0.1298608,359.5991,74,4,6,98
-37.5,146.5,0.3721117711138157,48.8,0.13331549,365.2158,71,5,7,98
-37.5,146.75,0.3592190974170253,50.2,0.13450703,368.21094,70,5,7,98
-37.5,147.0,0.3482120235406217,43.8,0.12110592,368.54184,72,6,5,98
-37.5,147.25,0.3379329238973912,38.4,0.115759805,367.25003,74,6,5,98
-37.5,147.5,0.3312769981722037,33.9,0.12249642,365.6908,76,6,5,98
-37.5,147.75,0.3270665064099289,25.2,0.12741332,364.1395,80,6,6,98
-37.5,148.0,0.3165487145206758,21.0,0.119923614,363.3803,82,7,5,98
-37.5,148.25,0.2994823130291132,27.3,0.10860836,362.57254,79,8,4,98
-37.5,148.5,0.2885964878790435,22.0,0.12061198,361.68054,82,9,5,98
-37.5,148.75,0.2567913945631257,15.4,0.14982492,361.54343,86,11,10,98
-37.5,149.0,0.1847169278610852,6.0,0.1953948,362.66293,93,16,17,98
-37.5,149.25,0.1291939746544119,13.6,0.2104738,368.1285,87,20,19,98
-37.5,149.5,0.0884536262335521,34.1,0.2614566,374.87616,76,26,29,97
-37.5,149.75,0.0520612594915465,43.5,0.3772421,382.02582,72,48,77,96
-37.75,140.5,0.4663301899230906,1.9,0.40801552,360.58664,98,1,85,98
-37.75,140.75,0.4733691425905341,2.8,0.32367587,358.65237,97,1,54,98
-37.75,141.0,0.4707373766672043,2.7,0.28587845,352.75226,97,1,35,99
-37.75,141.25,0.4634900933220273,11.8,0.27093133,348.9113,88,1,31,99
-37.75,141.5,0.4575966737809635,23.0,0.26423478,347.55325,81,2,30,99
-37.75,141.75,0.4612068916715326,22.9,0.26687896,348.5451,81,1,30,99
-37.75,142.0,0.4702777827069873,0.9,0.28851226,348.14346,99,1,36,99
-37.75,142.25,0.4846283067195188,3.0,0.285064,347.49338,96,1,35,99
-37.75,142.5,0.489856823888563,0.8,0.290753,347.81622,99,1,37,99
-37.75,142.75,0.4897155383335692,17.0,0.30839655,347.75278,85,1,44,99
-37.75,143.0,0.4836802851231325,13.5,0.33439663,347.7138,87,1,61,99
-37.75,143.25,0.4803840608469077,13.4,0.33201957,348.75146,87,1,59,99
-37.75,143.5,0.4720003172045662,7.6,0.3263101,348.98074,92,1,56,99
-37.75,143.75,0.4627711214479946,4.6,0.31887513,349.67383,95,1,51,99
-37.75,144.0,0.4584436926059425,0.2,0.31669956,351.5075,100,2,50,99
-37.75,144.25,0.4534526232807409,2.6,0.2896363,352.91434,97,2,36,99
-37.75,144.5,0.4407865977713039,3.7,0.28039438,353.90054,96,2,34,99
-37.75,144.75,0.4271706403011367,1.4,0.282156,355.63458,98,3,34,99
-37.75,145.0,0.4086433931475594,0.4,0.28774875,354.29956,100,3,36,99
-37.75,145.25,0.4087458818086556,0.6,0.21286802,351.28287,100,3,20,99
-37.75,145.5,0.4047738055742922,1.8,0.15922287,347.20953,98,3,12,99
-37.75,145.75,0.4014684502922353,19.1,0.13516127,345.07397,83,3,7,99
-37.75,146.0,0.3965669825850498,33.6,0.14706063,345.00726,76,4,9,99
-37.75,146.25,0.3836978388684136,38.7,0.13802631,350.5153,74,4,8,99
-37.75,146.5,0.364917518269448,36.9,0.13740021,357.14914,75,5,8,98
-37.75,146.75,0.3458991566584223,26.8,0.121549666,363.19788,79,6,5,98
-37.75,147.0,0.3266545929369472,16.3,0.11385971,366.7614,85,6,4,98
-37.75,147.25,0.3099584185207883,12.5,0.120337375,369.23358,88,7,5,98
-37.75,147.5,0.2980867956898042,8.1,0.14241438,370.3492,91,8,9,97
-37.75,147.75,0.2773427679691286,0.0,0.16332069,369.0295,100,9,12,98
-37.75,148.0,0.2500081021682404,4.4,0.17269889,367.0866,95,11,14,98
-37.75,148.25,0.2281933237399373,0.3,0.16955774,366.03,100,13,13,98
-37.75,148.5,0.2041042528248259,4.9,0.19249634,365.33075,94,15,17,98
-37.75,148.75,0.1667603988350103,6.4,0.2522517,365.32306,93,17,27,98
-37.75,149.0,0.116735794628039,18.0,0.3476342,365.6999,84,21,67,98
-37.75,149.25,0.0800865308425965,22.3,0.414072,369.5338,81,29,86,97
-37.75,149.5,0.0566209788833345,38.4,0.47469524,374.49338,74,44,99,97
-38.0,140.75,0.4478310578813155,14.5,0.4763816,357.83688,86,2,99,98
-38.0,141.0,0.4621112777097594,21.3,0.4270508,354.1553,82,1,90,99
-38.0,141.25,0.4742944664188793,12.1,0.32181132,352.338,88,1,53,99
-38.0,141.5,0.4722442564510163,1.5,0.30108172,349.79932,98,1,41,99
-38.0,141.75,0.4679546494569097,16.3,0.28305545,346.85242,85,1,34,99
-38.0,142.0,0.4734904314080874,16.5,0.29817563,344.64066,85,1,40,99
-38.0,142.25,0.4775836058670566,5.7,0.27362072,343.0277,93,1,32,99
-38.0,142.5,0.4788856016738074,5.6,0.26277465,341.411,93,1,29,99
-38.0,142.75,0.4794706769642375,0.8,0.27447188,340.76382,99,1,32,100
-38.0,143.0,0.4823120959457897,3.1,0.2959939,341.45847,96,1,39,99
-38.0,143.25,0.4798826221908842,1.6,0.30584985,340.01758,98,1,43,100
-38.0,143.5,0.4736759975552559,0.9,0.30347076,341.26154,99,1,42,99
-38.0,143.75,0.4654813152671392,0.2,0.30460024,343.2678,100,1,42,99
-38.0,144.0,0.4504516065475487,4.8,0.29802522,344.76694,94,2,40,99
-38.0,144.25,0.4486187583877749,0.1,0.29276457,346.81705,100,2,37,99
-38.0,144.5,0.4395279721312579,0.9,0.3522587,349.53574,99,2,69,99
-38.0,145.25,0.4207000107814868,0.4,0.2543915,355.13998,100,3,27,99
-38.0,145.5,0.4127055829573822,5.9,0.19413304,350.13474,93,3,17,99
-38.0,145.75,0.394686254406614,1.7,0.16373244,344.31192,98,4,12,99
-38.0,146.0,0.3815178099969801,7.9,0.17939685,342.3521,91,4,15,99
-38.0,146.25,0.3483067198479104,11.4,0.16980727,345.77252,89,6,13,99
-38.0,146.5,0.3095011068219762,12.9,0.14596961,352.4571,88,7,9,99
-38.0,146.75,0.2737558933706688,2.6,0.1370099,359.2816,97,10,8,98
-38.0,147.0,0.2712484204609479,0.2,0.13660926,365.64252,100,10,7,98
-38.0,147.25,0.2609532616522518,2.7,0.19145834,368.3625,97,11,16,98
-38.0,147.5,0.2340315760268519,11.9,0.24117725,370.57434,88,13,24,97
-38.25,141.5,0.451877409006868,5.4,0.43349504,349.2746,94,2,91,99
-38.25,141.75,0.4552006479552282,1.2,0.42963627,344.0953,99,2,90,99
-38.25,142.0,0.4623690917234247,0.8,0.40176806,339.75598,99,1,83,100
-38.25,142.25,0.4737797716405198,3.1,0.33911386,337.72858,96,1,63,100
-38.25,142.5,0.4794404334787812,2.7,0.29225063,336.86346,97,1,37,100
-38.25,142.75,0.4803077238301436,0.9,0.26535216,339.55356,99,1,30,100
-38.25,143.0,0.4818933139954294,1.1,0.26057044,340.4129,99,1,29,100
-38.25,143.25,0.4815981888522704,0.4,0.25951225,339.61044,100,1,29,100
-38.25,143.5,0.4760827492612103,10.2,0.25812122,339.8523,90,1,28,100
-38.25,143.75,0.4600836274502355,4.6,0.2588483,341.91287,95,2,28,99
-38.25,144.0,0.4507483181499299,1.1,0.26613936,341.6961,99,2,30,99
-38.25,144.25,0.4473300427375805,2.3,0.29612675,343.24603,97,2,39,99
-38.25,144.5,0.4281168349442028,5.7,0.40705043,348.2455,93,3,85,99
-38.25,145.25,0.4179856309933322,1.6,0.3138968,357.84122,98,3,48,98
-38.25,145.5,0.4034087317618763,2.0,0.24993725,351.48755,98,3,26,99
-38.25,145.75,0.3870273217470163,9.8,0.21252404,346.64597,90,4,20,99
-38.25,146.0,0.3666125017085245,4.2,0.21512341,344.56866,95,5,20,99
-38.25,146.25,0.3294692349312494,0.4,0.21350072,346.13123,100,6,20,99
-38.25,146.5,0.28587425079618,0.0,0.19984151,349.69717,100,9,18,99
-38.25,146.75,0.2582644966275741,0.4,0.19363861,357.67163,100,11,17,98
-38.25,147.0,0.2531522994619861,5.1,0.21188626,364.3987,94,11,20,98
-38.25,147.25,0.2339556386555722,8.4,0.3037939,368.28912,91,13,42,98
-38.5,142.75,0.4604114870186008,17.6,0.37324443,340.59036,84,1,75,100
-38.5,143.0,0.4732947053520807,18.0,0.329232,341.63828,84,1,58,99
-38.5,143.25,0.4778183129483035,18.0,0.26056772,344.2162,84,1,29,99
-38.5,143.5,0.4715549215585703,13.3,0.2493524,343.738,87,1,26,99
-38.5,143.75,0.4540393358185178,18.6,0.25181937,343.96472,84,2,27,99
-38.5,144.0,0.4428458703770524,20.4,0.3092623,344.66467,83,2,45,99
-38.5,145.25,0.3845837629536011,1.4,0.44302917,359.24402,98,4,93,98
-38.5,145.5,0.3770732602548031,3.8,0.39327443,353.86475,96,4,81,99
-38.5,145.75,0.3738645384797737,7.2,0.3488926,350.71432,92,4,67,99
-38.5,146.0,0.3659719149449041,1.9,0.269804,351.81448,98,5,31,99
-38.5,146.25,0.3347117294468695,3.0,0.25720683,352.37256,96,6,28,99
-38.5,146.5,0.2945978849156139,13.7,0.24699137,355.28882,87,8,26,99
-38.5,146.75,0.2498094537145724,4.3,0.3021839,357.9137,95,11,41,98
-38.5,147.0,0.230006885853973,5.5,0.3507614,364.1321,94,13,68,98
-38.75,143.5,0.4319700506382755,40.7,0.3806691,349.35278,73,2,78,99
-38.75,146.0,0.3226024891005917,4.5,0.4243692,359.53287,95,7,89,98
-40.75,144.75,0.3207573646840285,0.1,0.5250205,326.53708,100,7,100,100
-41.0,144.75,0.3344280985583152,23.1,0.40924007,313.47736,81,6,85,100
-41.0,145.0,0.3194779489943314,17.6,0.3321973,312.92938,84,7,59,100
-41.0,145.25,0.3004022941481145,15.1,0.31410703,315.4655,86,8,48,100
-41.0,145.5,0.2706312297377735,6.5,0.3203446,320.40384,93,10,52,100
-41.0,145.75,0.253419143812997,5.2,0.36476305,328.3824,94,11,73,100
-41.0,147.0,0.2232539756245734,9.0,0.39022204,345.36227,91,13,80,99
-41.0,147.25,0.2126867756718725,29.6,0.37669843,343.6005,78,14,76,99
-41.0,147.5,0.2097109780535989,18.1,0.3365741,343.56555,84,14,62,99
-41.0,147.75,0.2137633933003858,10.5,0.33696267,348.2441,89,14,62,99
-41.0,148.0,0.2278203796240545,8.9,0.33598667,356.7658,91,13,61,98
-41.0,148.25,0.2361366137063929,25.7,0.46234545,361.67993,80,12,97,98
-41.25,144.75,0.3252085368592469,47.2,0.44763806,307.0336,71,6,95,100
-41.25,145.0,0.3204175886093816,31.5,0.35952845,304.80704,77,7,71,100
-41.25,145.25,0.2959183568312298,23.9,0.29088876,302.41687,80,8,37,100
-41.25,145.5,0.2693117635723736,18.0,0.2850179,307.05,84,10,35,100
-41.25,145.75,0.2354183326918809,0.2,0.27581376,313.8632,100,13,32,100
-41.25,146.0,0.2115906644196781,13.0,0.22184946,320.61835,88,14,21,100
-41.25,146.25,0.2212637349652747,1.5,0.18642214,326.90164,98,14,16,100
-41.25,146.5,0.2265669422135466,7.1,0.16660935,335.86276,92,13,13,100
-41.25,146.75,0.2297197320276782,3.8,0.16449763,340.2997,96,13,12,100
-41.25,147.0,0.2410494323465086,4.5,0.15820426,341.18433,95,12,11,100
-41.25,147.25,0.2659238708560311,13.3,0.15552408,339.45688,87,10,11,100
-41.25,147.5,0.2516869060473428,1.8,0.14167221,338.723,98,11,8,100
-41.25,147.75,0.2438594610208556,11.0,0.15820886,343.07373,89,12,11,99
-41.25,148.0,0.2517721833838593,20.5,0.21988906,351.28006,82,11,21,99
-41.25,148.25,0.2574987775235924,37.6,0.38888058,357.36697,75,11,80,98
-41.5,145.0,0.3189469738816288,18.2,0.40416244,303.44583,84,7,84,100
-41.5,145.25,0.3108436741200941,2.2,0.3196021,298.72855,97,7,52,100
-41.5,145.5,0.2895218576927229,0.8,0.26839155,292.13736,99,9,31,100
-41.5,145.75,0.2413667445057182,6.2,0.2516103,292.57138,93,12,27,100
-41.5,146.0,0.1971395354762318,4.2,0.17842263,301.66156,95,15,15,100
-41.5,146.25,0.1842808997868338,6.2,0.13650103,315.0768,93,16,7,100
-41.5,146.5,0.2152147090905124,4.1,0.09856061,328.5811,95,14,3,100
-41.5,146.75,0.2208125335740901,3.8,0.106219895,334.17014,96,14,4,100
-41.5,147.0,0.2201404063696307,7.6,0.1285849,337.748,92,14,6,100
-41.5,147.25,0.2424718267772169,5.5,0.14983486,335.56305,94,12,10,100
-41.5,147.5,0.2543971048276164,20.4,0.11166819,333.64398,83,11,4,100
-41.5,147.75,0.2517971377198895,22.9,0.123478174,337.7254,81,11,5,100
-41.5,148.0,0.2573424534705866,13.5,0.18359947,346.23605,87,11,15,99
-41.5,148.25,0.2582368991936424,11.5,0.34675407,352.74112,89,11,67,99
-41.75,145.0,0.3080582825555688,11.9,0.39458415,305.43213,88,7,81,100
-41.75,145.25,0.3118688802257003,4.2,0.26180914,294.94067,95,7,29,100
-41.75,145.5,0.2966081500940379,1.8,0.18410783,284.73053,98,8,15,100
-41.75,145.75,0.2746235972314718,10.4,0.18105574,277.94055,90,10,15,100
-41.75,146.0,0.2457701738779655,18.7,0.16216215,286.32635,84,12,12,100
-41.75,146.25,0.2235750151576385,3.5,0.14185119,301.06558,96,13,9,100
-41.75,146.5,0.2266856514893117,21.2,0.13241217,317.4384,82,13,7,100
-41.75,146.75,0.2408616749370204,15.8,0.11170496,326.67712,85,12,4,100
-41.75,147.0,0.2434897579319243,1.4,0.12132542,331.92587,98,12,5,100
-41.75,147.25,0.23308145437567,10.3,0.17461851,333.80222,90,13,14,100
-41.75,147.5,0.2297162131722351,8.5,0.16433059,331.70294,91,13,12,100
-41.75,147.75,0.2379856580868363,2.2,0.15424058,334.98578,97,12,10,100
-41.75,148.0,0.2410926063766791,10.3,0.18153591,342.00958,90,12,15,99
-41.75,148.25,0.2312158379005268,18.0,0.33351514,347.46573,84,13,60,99
-42.0,145.25,0.2873742138700826,24.6,0.36182734,294.5283,80,9,72,100
-42.0,145.5,0.2990372535162827,3.4,0.23054172,283.0679,96,8,22,100
-42.0,145.75,0.2882024823954063,16.4,0.18365675,273.8929,85,9,15,100
-42.0,146.0,0.2674251703412405,24.4,0.2249463,281.22937,80,10,22,100
-42.0,146.25,0.2517224118557005,15.4,0.28136897,294.9615,86,11,34,100
-42.0,146.5,0.2431584106846934,21.8,0.34421068,310.86874,82,12,65,100
-42.0,146.75,0.2432749383652533,4.7,0.27981824,318.572,94,12,33,100
-42.0,147.0,0.2598391182964579,10.1,0.21454817,323.02222,90,11,20,100
-42.0,147.25,0.2713141368524659,16.8,0.16769722,324.73648,85,10,13,100
-42.0,147.5,0.2511400379373559,18.0,0.19436173,326.02682,84,11,17,100
-42.0,147.75,0.2490501375248034,21.3,0.2062142,330.01657,82,11,19,100
-42.0,148.0,0.2499556213739283,32.1,0.2390154,336.30896,77,11,24,100
-42.0,148.25,0.2153459097025916,43.5,0.37546477,341.68945,72,14,76,99
-42.25,145.5,0.2572113404715699,10.7,0.2711934,282.04654,89,11,31,100
-42.25,145.75,0.2535393354970784,21.0,0.21927238,276.21115,82,11,21,100
-42.25,146.0,0.2427951111613462,21.4,0.23131132,278.79846,82,12,22,100
-42.25,146.25,0.2191643241615522,2.1,0.2703417,290.0585,98,14,31,100
-42.25,146.5,0.2102728391598378,5.0,0.286059,304.5036,94,14,35,100
-42.25,146.75,0.2074770084050085,7.7,0.2666684,315.16165,92,15,30,100
-42.25,147.0,0.2205633506223204,5.3,0.26319999,319.58145,94,14,30,100
-42.25,147.25,0.2404848167316859,25.2,0.24800822,321.5138,80,12,26,100
-42.25,147.5,0.2420250218583359,42.6,0.26385128,322.98578,73,12,30,100
-42.25,147.75,0.2300324583603512,29.8,0.2827616,324.70538,78,13,34,100
-42.25,148.0,0.2274953367720757,28.1,0.34509566,330.3062,78,13,66,100
-42.5,145.5,0.2244434706689346,37.4,0.30887786,283.5044,75,13,45,100
-42.5,145.75,0.2222968904656313,32.4,0.2223584,276.35474,77,14,21,100
-42.5,146.0,0.2129640461610896,26.0,0.20988151,276.79263,79,14,19,100
-42.5,146.25,0.1894177001989668,25.0,0.20359655,285.03427,80,16,18,100
-42.5,146.5,0.1697499084208781,8.4,0.1638346,296.65173,91,17,12,100
-42.5,146.75,0.1665524161689626,0.4,0.1508661,306.94296,100,17,10,100
-42.5,147.0,0.1906860074394249,4.9,0.18317391,312.7896,94,16,15,100
-42.5,147.25,0.2164557081835699,13.7,0.212662,316.5361,87,14,20,100
-42.5,147.5,0.2265750726108394,18.0,0.22660936,318.41794,84,13,22,100
-42.5,147.75,0.2351853574525323,10.3,0.25802132,322.04355,90,13,28,100
-42.75,145.5,0.2044705223114717,40.4,0.3630852,282.37134,74,15,73,100
-42.75,145.75,0.2057347761067961,19.3,0.2358891,273.79492,83,15,23,100
-42.75,146.0,0.1967405460154016,0.6,0.20812212,271.42328,100,15,19,100
-42.75,146.25,0.1773185653207336,8.9,0.20909674,276.296,91,16,19,100
-42.75,146.5,0.1409197114308231,6.2,0.17390122,285.19745,93,19,14,100
-42.75,146.75,0.1358097825676114,7.3,0.13552566,296.36392,92,19,7,100
-42.75,147.0,0.1541765858937565,1.0,0.1363961,304.17975,99,18,7,100
-42.75,147.25,0.2064098883708495,1.9,0.15222879,311.89795,98,15,10,100
-42.75,147.5,0.2299403829760627,1.1,0.2002649,316.4793,99,13,18,100
-42.75,147.75,0.2247859350017582,14.8,0.26495802,321.39304,86,13,30,100
-43.0,145.75,0.1755576938922916,33.4,0.35036075,272.9179,76,17,68,100
-43.0,146.0,0.1820858674478672,21.2,0.22662744,269.58392,82,16,22,100
-43.0,146.25,0.1698467842641375,16.2,0.21069431,271.25366,85,17,19,100
-43.0,146.5,0.1341964529467077,20.6,0.1720715,278.93802,82,19,13,100
-43.0,146.75,0.1282647120666557,8.0,0.16723056,286.95746,91,20,13,100
-43.0,147.0,0.1429407101387845,5.6,0.1482142,297.07718,93,19,9,100
-43.0,147.25,0.1913092839265508,0.4,0.18230356,305.52255,100,16,15,100
-43.0,147.5,0.1887935826272171,12.8,0.29103994,314.7015,88,16,37,100
-43.0,147.75,0.1740778264101772,28.0,0.40299135,321.43216,78,17,83,100
-43.25,146.0,0.1403313955513849,45.6,0.3804783,274.32568,72,19,78,100
-43.25,146.25,0.142384174705616,42.9,0.25269917,274.78494,73,19,27,100
-43.25,146.5,0.1229704443454032,33.6,0.20263334,278.9196,76,20,18,100
-43.25,146.75,0.1185524418417896,18.8,0.19752975,286.96558,83,21,17,100
-43.25,147.0,0.138379021109237,10.3,0.24740404,295.097,90,19,26,100
-43.5,146.25,0.0906400276669522,67.2,0.43156898,285.835,65,25,91,100
-43.5,146.5,0.0896516889888083,51.9,0.3749178,289.17334,70,26,76,100
-43.5,146.75,0.1016378074828978,39.6,0.3633381,292.4272,74,23,73,100
