Latitude,Longitude,Mean Correlation
-10.75,142.25,0.062295692116909086
-10.75,142.5,0.056396192112671474
-11.0,130.5,0.00997358761794333
-11.0,131.25,0.014802888663308252
-11.0,142.0,0.06172532832826532
-11.0,142.25,0.06010478942411109
-11.0,142.5,0.05484078937165794
-11.0,142.75,0.050472759209307175
-11.25,130.25,0.0095337189855941
-11.25,130.5,0.013943219629471145
-11.25,130.75,0.01765966467958476
-11.25,131.0,0.020019522098646988
-11.25,131.25,0.018066555844242906
-11.25,131.5,0.01264418804230878
-11.25,132.75,0.022982324709162293
-11.25,133.0,0.024044594219664022
-11.25,141.75,0.059660841817302364
-11.25,142.0,0.05648223450850873
-11.25,142.25,0.053390741188611306
-11.25,142.5,0.05261820971278385
-11.25,142.75,0.047556128140006745
-11.25,143.0,0.0458801828723933
-11.5,130.0,0.003690367998621826
-11.5,130.25,0.00976609294524505
-11.5,130.5,0.009472961314549182
-11.5,130.75,0.01180611334829813
-11.5,131.0,0.016599398360787224
-11.5,131.25,0.012261237909219095
-11.5,131.5,0.012959658184471274
-11.5,131.75,0.011271011262821654
-11.5,132.5,0.02443574209492432
-11.5,132.75,0.027050014878512316
-11.5,133.0,0.02518217975961133
-11.5,133.25,0.024291922618812394
-11.5,133.5,0.023103333772381857
-11.5,133.75,0.021248069671647888
-11.5,141.75,0.05676372339505525
-11.5,142.0,0.0533881699932473
-11.5,142.25,0.052971928328805096
-11.5,142.5,0.05117829324278448
-11.5,142.75,0.044752003661622956
-11.5,143.0,0.041659066968020936
-11.75,130.25,0.0017763764675085743
-11.75,130.5,0.002562781962721298
-11.75,130.75,0.010194737300099361
-11.75,131.0,0.013799616715516008
-11.75,131.25,0.020068940882559956
-11.75,131.5,0.019794184325950308
-11.75,132.25,0.01782620420836749
-11.75,132.5,0.024127263335200648
-11.75,132.75,0.0308749361141097
-11.75,133.0,0.03140847591386687
-11.75,133.25,0.024992014765129647
-11.75,133.5,0.02090122407479655
-11.75,133.75,0.019014265056743862
-11.75,134.0,0.017876593697638738
-11.75,134.25,0.015879349744257826
-11.75,134.5,0.014419161481228435
-11.75,134.75,0.012724009995526146
-11.75,135.5,0.0029380098101682963
-11.75,141.75,0.05867074932681308
-11.75,142.0,0.05168366778996729
-11.75,142.25,0.050637405161701496
-11.75,142.5,0.05086408191183139
-11.75,142.75,0.045129367465242036
-11.75,143.0,0.037415226451343014
-12.0,130.5,-0.002442203305101776
-12.0,131.0,0.01593809034176437
-12.0,131.25,0.02236739310568997
-12.0,131.5,0.03177423871668344
-12.0,131.75,0.03311931860579145
-12.0,132.0,0.03248784871372793
-12.0,132.25,0.029260172841687953
-12.0,132.5,0.02901339976815507
-12.0,132.75,0.03432207507957216
-12.0,133.0,0.037152897410227786
-12.0,133.25,0.026467745589546947
-12.0,133.5,0.016072083717777526
-12.0,133.75,0.01068999827506819
-12.0,134.0,0.011071779169253119
-12.0,134.25,0.011286116126991276
-12.0,134.5,0.011228442101162814
-12.0,134.75,0.010435228413968746
-12.0,135.0,0.009751826030246559
-12.0,135.25,0.008325969175036465
-12.0,135.5,0.004290457453212834
-12.0,135.75,-0.0037065899429199775
-12.0,136.0,-0.013495399407665467
-12.0,136.25,-0.018376469422253735
-12.0,136.5,-0.019792539746101415
-12.0,141.75,0.061269938548849455
-12.0,142.0,0.05287758268560061
-12.0,142.25,0.05198328306571403
-12.0,142.5,0.051656494243070485
-12.0,142.75,0.047177818051672406
-12.0,143.0,0.03820962055941068
-12.0,143.25,0.034064072554576254
-12.25,130.5,-0.007651295610204605
-12.25,130.75,0.0023914087807670945
-12.25,131.0,0.011083792194369294
-12.25,131.25,0.022384355502435938
-12.25,131.5,0.03201903536294897
-12.25,131.75,0.036556756475918176
-12.25,132.0,0.03743530977351059
-12.25,132.25,0.03873796924239113
-12.25,132.5,0.03468082789886033
-12.25,132.75,0.03377389690860928
-12.25,133.0,0.03364099626653894
-12.25,133.25,0.019383381738416142
-12.25,133.5,0.00805902415664778
-12.25,133.75,-6.573545923900036e-05
-12.25,134.0,-0.005061985885272623
-12.25,134.25,-0.006812622795058858
-12.25,134.5,-0.004868546719773717
-12.25,134.75,-0.003515921769264553
-12.25,135.0,-0.0026661965236555608
-12.25,135.25,-0.0021193503391086347
-12.25,135.5,-0.002607362704085452
-12.25,135.75,-0.007580589839545566
-12.25,136.0,-0.01784045495303525
-12.25,136.25,-0.020984094481571534
-12.25,136.5,-0.021283566186736737
-12.25,136.75,-0.03116099113997604
-12.25,141.5,0.05263556139100166
-12.25,141.75,0.056851182682883174
-12.25,142.0,0.05294608258229259
-12.25,142.25,0.05154429596981832
-12.25,142.5,0.050162322375746
-12.25,142.75,0.04509634280665999
-12.25,143.0,0.0393354775672335
-12.25,143.25,0.032669193461714756
-12.5,130.25,-0.012598066599318935
-12.5,130.5,-0.005133674548761476
-12.5,130.75,-0.004906560112500475
-12.5,131.0,-0.009439528875407718
-12.5,131.25,-0.0031128103853136834
-12.5,131.5,0.0070284320351978145
-12.5,131.75,0.012638777009921059
-12.5,132.0,0.015322799116672416
-12.5,132.25,0.017635167884596046
-12.5,132.5,0.015594343100729886
-12.5,132.75,0.01949283815033379
-12.5,133.0,0.01101023423418935
-12.5,133.25,0.00020186874095261807
-12.5,133.5,-0.004034739094121115
-12.5,133.75,-0.008757126165576102
-12.5,134.0,-0.013360611331604776
-12.5,134.25,-0.013754233625894856
-12.5,134.5,-0.008820150742706444
-12.5,134.75,-0.006443081911475886
-12.5,135.0,-0.005131665922956364
-12.5,135.25,-0.0020093506229819642
-12.5,135.5,-0.004504887534061535
-12.5,135.75,-0.011235693524802281
-12.5,136.0,-0.01866202442795925
-12.5,136.25,-0.02045212993287437
-12.5,136.5,-0.024512327426401456
-12.5,136.75,-0.036938568696911846
-12.5,137.0,-0.04013905596941532
-12.5,141.5,0.05237920287819136
-12.5,141.75,0.057043044552916575
-12.5,142.0,0.052397114717002424
-12.5,142.25,0.0492699345706829
-12.5,142.5,0.045700925025379376
-12.5,142.75,0.04150706993504649
-12.5,143.0,0.03777301791013174
-12.5,143.25,0.032441254891455176
-12.5,143.5,0.029051428146305538
-12.75,130.0,-0.015639033474560294
-12.75,130.25,-0.009923811025163602
-12.75,130.5,-0.012208055342835863
-12.75,130.75,-0.025834276269943942
-12.75,131.0,-0.023405658278525584
-12.75,131.25,-0.01973534879549074
-12.75,131.5,-0.011858264342022484
-12.75,131.75,-0.00878748027801824
-12.75,132.0,-0.0024323043468896122
-12.75,132.25,0.003132359412986608
-12.75,132.5,0.0009175223786206472
-12.75,132.75,-0.004159581745486884
-12.75,133.0,-0.012272167089949583
-12.75,133.25,-0.012422790426006984
-12.75,133.5,-0.010977340722456574
-12.75,133.75,-0.009078174266254619
-12.75,134.0,-0.010598798253063467
-12.75,134.25,-0.011853552142011246
-12.75,134.5,-0.008247061692444341
-12.75,134.75,-0.00449830028949128
-12.75,135.0,0.0007101513227791569
-12.75,135.25,0.0001486707767028184
-12.75,135.5,-0.011102267802648601
-12.75,135.75,-0.018257506535848646
-12.75,136.0,-0.02043146164325576
-12.75,136.25,-0.023168809300139922
-12.75,136.5,-0.034585202358929173
-12.75,136.75,-0.04221518198471694
-12.75,141.5,0.051823718358008634
-12.75,141.75,0.05816328531807466
-12.75,142.0,0.05314132128842175
-12.75,142.25,0.04991553847766703
-12.75,142.5,0.04271604393988604
-12.75,142.75,0.03891404586223265
-12.75,143.0,0.036717177339873855
-12.75,143.25,0.03328479207564323
-12.75,143.5,0.026640670454417842
-13.0,130.0,-0.017150539166427083
-13.0,130.25,-0.018548912896464268
-13.0,130.5,-0.03234978066092091
-13.0,130.75,-0.03316549623130067
-13.0,131.0,-0.030494520498350972
-13.0,131.25,-0.026778052637625175
-13.0,131.5,-0.022887450719385274
-13.0,131.75,-0.017525440478874815
-13.0,132.0,-0.013002508841565855
-13.0,132.25,-0.008129980896011971
-13.0,132.5,-0.011857652240377364
-13.0,132.75,-0.01958340597560718
-13.0,133.0,-0.020733902356421044
-13.0,133.25,-0.016043424224924472
-13.0,133.5,-0.0097811382369227
-13.0,133.75,-0.005669436887616203
-13.0,134.0,-0.002671823329070494
-13.0,134.25,-0.0035049662819974835
-13.0,134.5,-0.0040909138835212655
-13.0,134.75,-0.0010966733718911807
-13.0,135.0,0.005064357197400005
-13.0,135.25,-0.0007917065439479691
-13.0,135.5,-0.014464372173894109
-13.0,135.75,-0.025501400779189897
-13.0,136.0,-0.028908536834864034
-13.0,136.25,-0.03294346844084516
-13.0,136.5,-0.04139207905668411
-13.0,136.75,-0.044064823930550896
-13.0,141.25,0.04120109654253437
-13.0,141.5,0.050795058848425036
-13.0,141.75,0.05676729866702642
-13.0,142.0,0.05005553763891969
-13.0,142.25,0.049946270430726664
-13.0,142.5,0.0432658853064779
-13.0,142.75,0.038704418320031395
-13.0,143.0,0.038916213402435895
-13.0,143.25,0.03679176337263059
-13.0,143.5,0.027298513822080123
-13.0,143.75,0.022073584402512225
-13.25,130.0,-0.020938603136511077
-13.25,130.25,-0.022247316164984588
-13.25,130.5,-0.029209819299701067
-13.25,130.75,-0.030238553299568594
-13.25,131.0,-0.03312213055212938
-13.25,131.25,-0.03307210059636938
-13.25,131.5,-0.03410304527330611
-13.25,131.75,-0.03092915832641579
-13.25,132.0,-0.024851451503733794
-13.25,132.25,-0.020425949480739378
-13.25,132.5,-0.021668729765293566
-13.25,132.75,-0.02216856499158201
-13.25,133.0,-0.01815023182314776
-13.25,133.25,-0.012352203648714793
-13.25,133.5,-0.005644275538534636
-13.25,133.75,0.004144614366703623
-13.25,134.0,0.00976933664808582
-13.25,134.25,0.010758796403007139
-13.25,134.5,0.014164936447715652
-13.25,134.75,0.005733659212377721
-13.25,135.0,0.007632639026269317
-13.25,135.25,-0.002849355973289459
-13.25,135.5,-0.02179229249907491
-13.25,135.75,-0.03178759383791614
-13.25,136.0,-0.04362204308424788
-13.25,136.25,-0.04616897763861787
-13.25,136.5,-0.04388064558165968
-13.25,141.25,0.03752446469983884
-13.25,141.5,0.05268798780272759
-13.25,141.75,0.0551354458732974
-13.25,142.0,0.04613578878786592
-13.25,142.25,0.0493241388084633
-13.25,142.5,0.0447330694823038
-13.25,142.75,0.044443005619714746
-13.25,143.0,0.0442637389326202
-13.25,143.25,0.038660814447350624
-13.25,143.5,0.030144746982980343
-13.25,143.75,0.01785832830216913
-13.5,129.75,-0.01679698963139561
-13.5,130.0,-0.02263691196927712
-13.5,130.25,-0.024479194605650956
-13.5,130.5,-0.025424836822120208
-13.5,130.75,-0.02912504797402237
-13.5,131.0,-0.031037699136816498
-13.5,131.25,-0.035980464977079206
-13.5,131.5,-0.03382022944500759
-13.5,131.75,-0.029468989210380686
-13.5,132.0,-0.02053190172383828
-13.5,132.25,-0.017555362886577358
-13.5,132.5,-0.016294228254506986
-13.5,132.75,-0.013806224401508058
-13.5,133.0,-0.008562967447297913
-13.5,133.25,-0.002008144153902928
-13.5,133.5,0.005635530792088026
-13.5,133.75,0.018590801839499838
-13.5,134.0,0.02385911977727942
-13.5,134.25,0.0288708325359039
-13.5,134.5,0.02705322157985176
-13.5,134.75,0.017627003138130974
-13.5,135.0,0.007751334381533698
-13.5,135.25,-0.004329959007113107
-13.5,135.5,-0.020925313405903232
-13.5,135.75,-0.03390372888229433
-13.5,136.0,-0.045264567352188305
-13.5,136.25,-0.048155381393042346
-13.5,141.25,0.03238790889847137
-13.5,141.5,0.050876070224192174
-13.5,141.75,0.056010054659453176
-13.5,142.0,0.04739716878781716
-13.5,142.25,0.050367239653132855
-13.5,142.5,0.04945791173460228
-13.5,142.75,0.04870312111175042
-13.5,143.0,0.04775413998092214
-13.5,143.25,0.042707083826064175
-13.5,143.5,0.033597319648556764
-13.5,143.75,0.0185246808687225
-13.75,126.75,-0.0009853086345607326
-13.75,127.0,-0.0026231897728783743
-13.75,127.25,-0.007778073703160598
-13.75,127.5,-0.010566330767635789
-13.75,129.5,-0.012330226672791121
-13.75,129.75,-0.013421328932357332
-13.75,130.0,-0.02449921356248004
-13.75,130.25,-0.028558386103638138
-13.75,130.5,-0.029559796893279002
-13.75,130.75,-0.030882927188317158
-13.75,131.0,-0.02876403061673045
-13.75,131.25,-0.0246393677215868
-13.75,131.5,-0.020249809751320364
-13.75,131.75,-0.008578768629758132
-13.75,132.0,-0.003991338065160172
-13.75,132.25,-0.0024131784460526737
-13.75,132.5,-0.0022986684327146838
-13.75,132.75,0.006006585012766577
-13.75,133.0,0.009403202968782613
-13.75,133.25,0.01370848671497134
-13.75,133.5,0.025090193648135202
-13.75,133.75,0.033253764437644606
-13.75,134.0,0.03912746939098551
-13.75,134.25,0.039447639857064044
-13.75,134.5,0.03967295726982965
-13.75,134.75,0.0237227122609814
-13.75,135.0,0.005749157985701458
-13.75,135.25,-0.003446277497208766
-13.75,135.5,-0.016206584332255823
-13.75,135.75,-0.03176138162671123
-13.75,136.0,-0.046269667171873155
-13.75,141.25,0.021892659037950492
-13.75,141.5,0.04409306299473558
-13.75,141.75,0.05632057295047811
-13.75,142.0,0.048770124316659
-13.75,142.25,0.05214382213362981
-13.75,142.5,0.05078844817222229
-13.75,142.75,0.05160194273062405
-13.75,143.0,0.049878338418368785
-13.75,143.25,0.05165923507052607
-13.75,143.5,0.04384925851953172
-13.75,143.75,0.024902636567241558
-14.0,126.25,-0.009174791285269228
-14.0,126.5,-0.0038300045322449436
-14.0,126.75,-0.004408667441679254
-14.0,127.0,-0.007958721932733342
-14.0,127.25,-0.006105348529915015
-14.0,127.5,-0.008311222569041309
-14.0,127.75,-0.009283492725253814
-14.0,129.5,-0.013406346807078947
-14.0,129.75,-0.015806659027778853
-14.0,130.0,-0.02607527095048378
-14.0,130.25,-0.02978244652705533
-14.0,130.5,-0.03251375224097588
-14.0,130.75,-0.029648167621261174
-14.0,131.0,-0.020031181424357263
-14.0,131.25,-0.018672150517592117
-14.0,131.5,-0.006558963983497095
-14.0,131.75,0.005185909608068566
-14.0,132.0,0.011941374097729014
-14.0,132.25,0.014539505057923851
-14.0,132.5,0.018277939797068637
-14.0,132.75,0.027167453435027883
-14.0,133.0,0.024786726530666263
-14.0,133.25,0.03063091694625438
-14.0,133.5,0.04130037797703629
-14.0,133.75,0.04961792064631092
-14.0,134.0,0.051198892885198195
-14.0,134.25,0.05282331646802569
-14.0,134.5,0.0430118410071979
-14.0,134.75,0.02786931439661116
-14.0,135.0,0.0031097842282092427
-14.0,135.25,-0.004170785327663734
-14.0,135.5,-0.01666524206022067
-14.0,135.75,-0.03775681850273118
-14.0,136.0,-0.0482798360598584
-14.0,136.25,-0.04877938045621184
-14.0,141.25,0.01098013917244749
-14.0,141.5,0.03250290466516855
-14.0,141.75,0.05490396262972527
-14.0,142.0,0.05083539115619801
-14.0,142.25,0.051072598132304844
-14.0,142.5,0.05193708874728708
-14.0,142.75,0.05102996978287896
-14.0,143.0,0.05435366451828962
-14.0,143.25,0.057519143509368105
-14.0,143.5,0.054353160810257706
-14.0,143.75,0.03520393180882647
-14.0,144.0,0.022310668929518822
-14.0,144.25,0.01814454953141865
-14.0,144.5,0.01475798261304763
-14.25,125.5,-0.024206823174886052
-14.25,125.75,-0.02269833520598089
-14.25,126.0,-0.018231698890615787
-14.25,126.25,-0.018595520547768543
-14.25,126.5,-0.017156968638855255
-14.25,126.75,-0.020454121230258828
-14.25,127.0,-0.018291291231954738
-14.25,127.25,-0.012082738702052407
-14.25,127.5,-0.0030101099032132576
-14.25,127.75,-0.004716313592091735
-14.25,128.0,-0.008836903764555851
-14.25,129.25,-0.014854369527061604
-14.25,129.5,-0.017752321586123714
-14.25,129.75,-0.026211686941262868
-14.25,130.0,-0.03309845724032216
-14.25,130.25,-0.0348733051175562
-14.25,130.5,-0.03141249419256512
-14.25,130.75,-0.024079707968935726
-14.25,131.0,-0.021767774849736486
-14.25,131.25,-0.016519557187954583
-14.25,131.5,-0.007942650586898838
-14.25,131.75,0.006691332469649968
-14.25,132.0,0.02022653648718482
-14.25,132.25,0.028847758561771894
-14.25,132.5,0.03494035038830978
-14.25,132.75,0.039404564393529046
-14.25,133.0,0.03924271249644724
-14.25,133.25,0.04765803995542228
-14.25,133.5,0.05670509340596341
-14.25,133.75,0.05986187952082782
-14.25,134.0,0.06255198199124563
-14.25,134.25,0.05391147431163561
-14.25,134.5,0.041070349357046544
-14.25,134.75,0.02648616252644431
-14.25,135.0,0.0028597757364401503
-14.25,135.25,-0.005321665251228426
-14.25,135.5,-0.025003985805060004
-14.25,135.75,-0.042127091612755546
-14.25,136.0,-0.04768085286376022
-14.25,141.25,0.0018840505845478868
-14.25,141.5,0.02228983908928404
-14.25,141.75,0.05000473595046926
-14.25,142.0,0.050925201168727306
-14.25,142.25,0.05317914766568546
-14.25,142.5,0.05153568032463746
-14.25,142.75,0.050816171722752705
-14.25,143.0,0.053663453233561344
-14.25,143.25,0.05803140843553203
-14.25,143.5,0.05541678764192121
-14.25,143.75,0.04066246810280496
-14.25,144.0,0.024451700101850465
-14.25,144.25,0.01922649507011686
-14.25,144.5,0.01445031541931842
-14.25,144.75,0.008650407223917899
-14.5,125.25,-0.022893953264602238
-14.5,125.5,-0.02444774823241113
-14.5,125.75,-0.02669878027047075
-14.5,126.0,-0.028356049265269013
-14.5,126.25,-0.031522698123894986
-14.5,126.5,-0.027474739768409303
-14.5,126.75,-0.027238057405200033
-14.5,127.0,-0.02280007815431981
-14.5,127.25,-0.012020882931149874
-14.5,127.5,0.0031319568255206657
-14.5,127.75,0.005184663725750787
-14.5,128.0,-0.004437526496171597
-14.5,128.25,-0.006919622239435003
-14.5,129.5,-0.02120754088696447
-14.5,129.75,-0.02888935080152892
-14.5,130.0,-0.03387989485691789
-14.5,130.25,-0.0338580911391459
-14.5,130.5,-0.02154473125424591
-14.5,130.75,-0.01747133638543476
-14.5,131.0,-0.016752894748545563
-14.5,131.25,-0.019761039393155704
-14.5,131.5,-0.01393821875431708
-14.5,131.75,0.0007466098304749245
-14.5,132.0,0.017825357811081976
-14.5,132.25,0.030462980035337664
-14.5,132.5,0.039067187998443845
-14.5,132.75,0.043184143989457795
-14.5,133.0,0.04965785233237382
-14.5,133.25,0.05574631882121875
-14.5,133.5,0.0585523191484667
-14.5,133.75,0.06202071689601455
-14.5,134.0,0.060338698979467156
-14.5,134.25,0.05351097523456528
-14.5,134.5,0.04408975955115498
-14.5,134.75,0.0320643896716536
-14.5,135.0,0.007842794057796709
-14.5,135.25,-0.011882123733604593
-14.5,135.5,-0.0302852867725527
-14.5,135.75,-0.040960092483631645
-14.5,141.25,-0.0015801756265794947
-14.5,141.5,0.01309221698237317
-14.5,141.75,0.04299788487232512
-14.5,142.0,0.04960229278963414
-14.5,142.25,0.05057022920144456
-14.5,142.5,0.053311623061364076
-14.5,142.75,0.05325554734362023
-14.5,143.0,0.05821078250231776
-14.5,143.25,0.06264202753525405
-14.5,143.5,0.05793563676554532
-14.5,143.75,0.045404734276235106
-14.5,144.0,0.02475334897504321
-14.5,144.25,0.013488737651191298
-14.5,144.5,0.011915584951860918
-14.5,144.75,0.006460189005537402
-14.5,145.0,0.0010194591623509215
-14.75,125.0,-0.023509373149967618
-14.75,125.25,-0.026810089626745876
-14.75,125.5,-0.03419491602994856
-14.75,125.75,-0.03684015117053475
-14.75,126.0,-0.03587573443628138
-14.75,126.25,-0.02769554788246751
-14.75,126.5,-0.01689901460305832
-14.75,126.75,-0.016920845775998065
-14.75,127.0,-0.014938160992183145
-14.75,127.25,-0.004137724188954702
-14.75,127.5,0.009864596443228601
-14.75,127.75,0.012341183015987987
-14.75,128.0,0.007757399417459965
-14.75,128.25,0.005362063761623133
-14.75,128.5,-0.00668291054898873
-14.75,128.75,-0.011917162463179833
-14.75,129.0,-0.015059711217708398
-14.75,129.25,-0.019608644748084426
-14.75,129.5,-0.02503064045006232
-14.75,129.75,-0.031407402432662254
-14.75,130.0,-0.03739386557634654
-14.75,130.25,-0.03005865836028187
-14.75,130.5,-0.010722371410866755
-14.75,130.75,-0.011751006973818654
-14.75,131.0,-0.016373492394840077
-14.75,131.25,-0.0214106046411741
-14.75,131.5,-0.022873376892641233
-14.75,131.75,-0.012385071871713513
-14.75,132.0,0.003883436406474738
-14.75,132.25,0.0166389481674525
-14.75,132.5,0.028498911704601986
-14.75,132.75,0.039150092264823064
-14.75,133.0,0.04660898710911473
-14.75,133.25,0.049200182190785806
-14.75,133.5,0.051228970026464336
-14.75,133.75,0.05211773771526558
-14.75,134.0,0.04878103318402455
-14.75,134.25,0.04534253064276916
-14.75,134.5,0.040708155576361434
-14.75,134.75,0.028690969258812923
-14.75,135.0,0.00859803968009406
-14.75,135.25,-0.01901490210245053
-14.75,135.5,-0.036203406849277336
-14.75,135.75,-0.04065908133495776
-14.75,141.25,-0.0023698563172642718
-14.75,141.5,0.011866929670352312
-14.75,141.75,0.0422091972637212
-14.75,142.0,0.04780166960166146
-14.75,142.25,0.049160155019490046
-14.75,142.5,0.05487512665845099
-14.75,142.75,0.05705895309358658
-14.75,143.0,0.06369575745581339
-14.75,143.25,0.07191194647790065
-14.75,143.5,0.06742373664996454
-14.75,143.75,0.04745463441525187
-14.75,144.0,0.02196949972061529
-14.75,144.25,0.00826676716651058
-14.75,144.5,0.004632831882363895
-14.75,144.75,0.004322780387952835
-14.75,145.0,-0.0029234985432898004
-14.75,145.25,-0.005847761309927418
-15.0,125.0,-0.02347060620252575
-15.0,125.25,-0.033823132139375614
-15.0,125.5,-0.04323568644800357
-15.0,125.75,-0.036774494747320814
-15.0,126.0,-0.026011439810861788
-15.0,126.25,-0.009195258903561071
-15.0,126.5,0.0017804348541955862
-15.0,126.75,-0.0002691211507356327
-15.0,127.0,0.00041773975937671606
-15.0,127.25,0.012239110957653749
-15.0,127.5,0.02231084970491273
-15.0,127.75,0.02193338019507272
-15.0,128.0,0.019423019878533003
-15.0,128.25,0.012921962323543128
-15.0,128.5,-0.011564142883954836
-15.0,128.75,-0.01681327099047069
-15.0,129.0,-0.019397409555191796
-15.0,129.25,-0.02919844169324885
-15.0,129.5,-0.03746920087751711
-15.0,129.75,-0.04190006852302412
-15.0,130.0,-0.04269914546138829
-15.0,130.25,-0.030716699747634784
-15.0,130.5,-0.012559073134547188
-15.0,130.75,-0.01812954778655521
-15.0,131.0,-0.022388110382460236
-15.0,131.25,-0.025391259687858977
-15.0,131.5,-0.03109809988887892
-15.0,131.75,-0.027083257484870654
-15.0,132.0,-0.013736919326973813
-15.0,132.25,0.0012163881522913773
-15.0,132.5,0.014936695001753313
-15.0,132.75,0.02849623299913392
-15.0,133.0,0.036105389828749355
-15.0,133.25,0.036914768934782065
-15.0,133.5,0.03864178203997047
-15.0,133.75,0.038323209239613444
-15.0,134.0,0.03657094164740383
-15.0,134.25,0.032406003788734476
-15.0,134.5,0.026086484945733988
-15.0,134.75,0.010621901176914217
-15.0,135.0,0.0010892427626198957
-15.0,135.25,-0.018608882068656386
-15.0,135.5,-0.0362277689234664
-15.0,135.75,-0.04271247806221557
-15.0,136.0,-0.04783079748851291
-15.0,141.25,-0.003007929874140592
-15.0,141.5,0.017236601778339328
-15.0,141.75,0.048276529935676424
-15.0,142.0,0.05219287578559791
-15.0,142.25,0.05130053134025296
-15.0,142.5,0.05930274176810469
-15.0,142.75,0.06546975045708851
-15.0,143.0,0.0711488495004319
-15.0,143.25,0.07567188757183474
-15.0,143.5,0.06833421907254628
-15.0,143.75,0.04755011161877996
-15.0,144.0,0.02539553717776601
-15.0,144.25,0.009836978205878819
-15.0,144.5,-0.0006716624756033222
-15.0,144.75,0.001974772883667832
-15.0,145.0,0.0004828275913106544
-15.0,145.25,-0.00866591272386445
-15.0,145.5,-0.00998194254823916
-15.25,124.75,-0.014522877583901087
-15.25,125.0,-0.0304951213610669
-15.25,125.25,-0.044975928509874
-15.25,125.5,-0.0450682411591212
-15.25,125.75,-0.030150064220651984
-15.25,126.0,-0.016222733664714422
-15.25,126.25,0.0019067827711946198
-15.25,126.5,0.013813829859853806
-15.25,126.75,0.00909725118073679
-15.25,127.0,0.013875947400395359
-15.25,127.25,0.029240361106626336
-15.25,127.5,0.03923327035486831
-15.25,127.75,0.03436622838766891
-15.25,128.0,0.023506365975897225
-15.25,128.25,0.005120536244551961
-15.25,128.5,-0.015869838279849363
-15.25,128.75,-0.01958878329356334
-15.25,129.0,-0.028909761950178237
-15.25,129.25,-0.04037661579315595
-15.25,129.5,-0.049730923358306645
-15.25,129.75,-0.05178983515971119
-15.25,130.0,-0.04190584904336858
-15.25,130.25,-0.028371685686510145
-15.25,130.5,-0.022465261080790135
-15.25,130.75,-0.02782441387451919
-15.25,131.0,-0.026035883015997352
-15.25,131.25,-0.021957473087379532
-15.25,131.5,-0.02869238511526159
-15.25,131.75,-0.03282781683706811
-15.25,132.0,-0.025700782385787792
-15.25,132.25,-0.014631361834749225
-15.25,132.5,-0.002202849403866345
-15.25,132.75,0.009572949023207739
-15.25,133.0,0.019114625356381847
-15.25,133.25,0.026202741839335346
-15.25,133.5,0.029411599382070736
-15.25,133.75,0.028050990197031448
-15.25,134.0,0.022558979071410638
-15.25,134.25,0.01992363106525902
-15.25,134.5,0.006930128059216908
-15.25,134.75,-0.008294101242375162
-15.25,135.0,-0.012093344014248854
-15.25,135.25,-0.017926054822635793
-15.25,135.5,-0.03409209106439015
-15.25,135.75,-0.04551201913744167
-15.25,136.0,-0.05288838749928843
-15.25,136.25,-0.055949458719364235
-15.25,141.25,-0.00427894666486065
-15.25,141.5,0.01775924128125466
-15.25,141.75,0.05094875899681245
-15.25,142.0,0.059938859930705454
-15.25,142.25,0.05805064014913071
-15.25,142.5,0.06703928724995681
-15.25,142.75,0.07367022756620177
-15.25,143.0,0.0782308661689361
-15.25,143.25,0.08009134949340174
-15.25,143.5,0.07164733582841498
-15.25,143.75,0.05439202447665767
-15.25,144.0,0.036216289018990384
-15.25,144.25,0.014349533508287831
-15.25,144.5,-4.862972474213512e-05
-15.25,144.75,0.0005664914003795102
-15.25,145.0,0.0027149664215920938
-15.25,145.25,-0.009950938308611513
-15.25,145.5,-0.01475610693561889
-15.5,124.5,-0.0009969876813037055
-15.5,124.75,-0.01381230270600922
-15.5,125.0,-0.03303569056401362
-15.5,125.25,-0.044146682636901025
-15.5,125.5,-0.03923477280796284
-15.5,125.75,-0.025075213387165042
-15.5,126.0,-0.007931080834186147
-15.5,126.25,0.007945219823713635
-15.5,126.5,0.009022874407292832
-15.5,126.75,0.01131074628848139
-15.5,127.0,0.025585325677613062
-15.5,127.25,0.03964912127592556
-15.5,127.5,0.04513809964313017
-15.5,127.75,0.035479126076790546
-15.5,128.0,0.010091575983512615
-15.5,128.25,-0.008075852047685267
-15.5,128.5,-0.018846808538018237
-15.5,128.75,-0.02285913765718717
-15.5,129.0,-0.03238366098431427
-15.5,129.25,-0.0431886106493905
-15.5,129.5,-0.05104226365580135
-15.5,129.75,-0.050675486047042625
-15.5,130.0,-0.040065957797092516
-15.5,130.25,-0.03798983888035374
-15.5,130.5,-0.03712640886549794
-15.5,130.75,-0.03741985216093738
-15.5,131.0,-0.029124327780057985
-15.5,131.25,-0.025883781698454792
-15.5,131.5,-0.028878968297725634
-15.5,131.75,-0.0344032382725605
-15.5,132.0,-0.03873142439960724
-15.5,132.25,-0.032898814275506
-15.5,132.5,-0.024826298287093995
-15.5,132.75,-0.011483548215030516
-15.5,133.0,0.0012697622113462005
-15.5,133.25,0.015428629582692381
-15.5,133.5,0.019220963671077264
-15.5,133.75,0.01960256479214877
-15.5,134.0,0.018203053895627992
-15.5,134.25,0.008078459757823675
-15.5,134.5,-0.0025180169314678227
-15.5,134.75,-0.01541114134999502
-15.5,135.0,-0.01947701518268635
-15.5,135.25,-0.023022201348101675
-15.5,135.5,-0.03509287182747531
-15.5,135.75,-0.046569447148413885
-15.5,136.0,-0.055317556745250754
-15.5,136.25,-0.060424125519403744
-15.5,136.5,-0.060815805740033584
-15.5,141.25,-0.011314355564259347
-15.5,141.5,0.011087998562669826
-15.5,141.75,0.04643488640320443
-15.5,142.0,0.06281911512238107
-15.5,142.25,0.06423025565842787
-15.5,142.5,0.06965345828793942
-15.5,142.75,0.07764377656747543
-15.5,143.0,0.08227499365097
-15.5,143.25,0.0857987617231196
-15.5,143.5,0.08031043145982993
-15.5,143.75,0.07059714179929523
-15.5,144.0,0.05265527961864358
-15.5,144.25,0.024564056590177297
-15.5,144.5,0.0041820471635132675
-15.5,144.75,0.004277923890289717
-15.5,145.0,0.004122487611935607
-15.5,145.25,-0.0071731499922905295
-15.5,145.5,-0.017092398696002507
-15.75,124.25,0.014276993973180652
-15.75,124.5,-0.0006949349539354443
-15.75,124.75,-0.01634553780424453
-15.75,125.0,-0.02560324749044542
-15.75,125.25,-0.03496559569723017
-15.75,125.5,-0.034310709998299854
-15.75,125.75,-0.022862040463258466
-15.75,126.0,-0.0050617908888463195
-15.75,126.25,0.006015488690796441
-15.75,126.5,0.008524613589647094
-15.75,126.75,0.012757082247740721
-15.75,127.0,0.021234380473288184
-15.75,127.25,0.029610602597572973
-15.75,127.5,0.03275474800972179
-15.75,127.75,0.019202487686249825
-15.75,128.0,-0.0030392626824323086
-15.75,128.25,-0.014972597333724566
-15.75,128.5,-0.022007952407667678
-15.75,128.75,-0.025727024021381068
-15.75,129.0,-0.030235949861595317
-15.75,129.25,-0.04081328744623101
-15.75,129.5,-0.04376999428274021
-15.75,129.75,-0.04263961802436305
-15.75,130.0,-0.049521316530271656
-15.75,130.25,-0.04824128365365877
-15.75,130.5,-0.04746985866333402
-15.75,130.75,-0.0429074034383077
-15.75,131.0,-0.03365923108621722
-15.75,131.25,-0.03190099771045858
-15.75,131.5,-0.03575254075362214
-15.75,131.75,-0.039969955870349495
-15.75,132.0,-0.04504804132184723
-15.75,132.25,-0.04730380521283396
-15.75,132.5,-0.04275516871074658
-15.75,132.75,-0.030151262613279477
-15.75,133.0,-0.015722742993828087
-15.75,133.25,-0.0028843975376470813
-15.75,133.5,0.0061030350486925315
-15.75,133.75,0.007278732551051126
-15.75,134.0,0.007399828594116982
-15.75,134.25,0.0026187964534897003
-15.75,134.5,-0.005186573350580321
-15.75,134.75,-0.012613877626357689
-15.75,135.0,-0.02207468145172156
-15.75,135.25,-0.03018440424154202
-15.75,135.5,-0.03754559139904034
-15.75,135.75,-0.04683528185955116
-15.75,136.0,-0.055477054230868815
-15.75,136.25,-0.06011946911180747
-15.75,136.5,-0.06347820463900765
-15.75,136.75,-0.06368659723805087
-15.75,137.0,-0.06497961288051946
-15.75,137.25,-0.06812982945370355
-15.75,141.25,-0.01874667433910959
-15.75,141.5,0.0020589695718150496
-15.75,141.75,0.036018338143115954
-15.75,142.0,0.05911090885776849
-15.75,142.25,0.0648659021061446
-15.75,142.5,0.06936414897997586
-15.75,142.75,0.07362505120358297
-15.75,143.0,0.08215341575975929
-15.75,143.25,0.08592330482344897
-15.75,143.5,0.08995503698076521
-15.75,143.75,0.08315000437377464
-15.75,144.0,0.06557678307983138
-15.75,144.25,0.03457362693401852
-15.75,144.5,0.011609965553950696
-15.75,144.75,0.005570653204007872
-15.75,145.0,0.00672078196048027
-15.75,145.25,-0.0032692238633033064
-15.75,145.5,-0.016400881065055727
-16.0,123.75,0.02295188328217981
-16.0,124.0,0.024738745981206497
-16.0,124.25,0.015177801747008094
-16.0,124.5,-0.0012585200214137633
-16.0,124.75,-0.014192987428534599
-16.0,125.0,-0.022479944482412455
-16.0,125.25,-0.025954368772328876
-16.0,125.5,-0.02656266942545439
-16.0,125.75,-0.0223084062946284
-16.0,126.0,-0.003564935712520743
-16.0,126.25,0.006768811678159095
-16.0,126.5,0.009661998101122057
-16.0,126.75,0.008068881103757858
-16.0,127.0,0.005024118530924344
-16.0,127.25,0.0085584885612618
-16.0,127.5,0.011173384499021008
-16.0,127.75,0.0006550346623130498
-16.0,128.0,-0.009126598316998708
-16.0,128.25,-0.01872330461684171
-16.0,128.5,-0.026706132426625118
-16.0,128.75,-0.030622159295515823
-16.0,129.0,-0.03556112165651506
-16.0,129.25,-0.03528410357955311
-16.0,129.5,-0.04010524136635164
-16.0,129.75,-0.04994138840896388
-16.0,130.0,-0.053531154201482425
-16.0,130.25,-0.05253648102460873
-16.0,130.5,-0.05170957632362842
-16.0,130.75,-0.04436042129957406
-16.0,131.0,-0.03440123927347096
-16.0,131.25,-0.03454289009290126
-16.0,131.5,-0.03880103915663702
-16.0,131.75,-0.044447013453602614
-16.0,132.0,-0.049334481015934475
-16.0,132.25,-0.053933563792989365
-16.0,132.5,-0.05402069109214132
-16.0,132.75,-0.04520562047158213
-16.0,133.0,-0.03340947744547434
-16.0,133.25,-0.022346743123073665
-16.0,133.5,-0.013999676305268492
-16.0,133.75,-0.006779242739901834
-16.0,134.0,-0.006309483746909315
-16.0,134.25,-0.007831633744561778
-16.0,134.5,-0.009681547620026062
-16.0,134.75,-0.013475582103378006
-16.0,135.0,-0.02353115692122152
-16.0,135.25,-0.032737183496577754
-16.0,135.5,-0.03570882131753024
-16.0,135.75,-0.043877975214716224
-16.0,136.0,-0.05379653119570797
-16.0,136.25,-0.05914105623960495
-16.0,136.5,-0.06231146936437913
-16.0,136.75,-0.06471047840480293
-16.0,137.0,-0.06526615962474829
-16.0,137.25,-0.0695737819054297
-16.0,137.5,-0.07290113703125999
-16.0,137.75,-0.07367047016215067
-16.0,141.0,-0.032936277441192596
-16.0,141.25,-0.024623878769316
-16.0,141.5,-0.006327766472185474
-16.0,141.75,0.022990912158275024
-16.0,142.0,0.04583158080377394
-16.0,142.25,0.06032863775534289
-16.0,142.5,0.06367566879572613
-16.0,142.75,0.06871403217138279
-16.0,143.0,0.07173504048869724
-16.0,143.25,0.07974010058456943
-16.0,143.5,0.08413135851456208
-16.0,143.75,0.08339721099071626
-16.0,144.0,0.06716385695728518
-16.0,144.25,0.036531474306026386
-16.0,144.5,0.015076934996371468
-16.0,144.75,0.00690999012024674
-16.0,145.0,0.01218496263914165
-16.0,145.25,0.001063235129584514
-16.0,145.5,-0.014169203926853481
-16.25,123.5,0.02667038405447134
-16.25,123.75,0.026438031306852714
-16.25,124.0,0.02483570735702025
-16.25,124.25,0.012921748012221151
-16.25,124.5,0.002105622377157921
-16.25,124.75,-0.009126098725634317
-16.25,125.0,-0.015863314182275816
-16.25,125.25,-0.020210237670384924
-16.25,125.5,-0.02497378399462572
-16.25,125.75,-0.016423425443887633
-16.25,126.0,-0.0009094035701959261
-16.25,126.25,0.007497095286470583
-16.25,126.5,0.010459563834038342
-16.25,126.75,0.007646000362139949
-16.25,127.0,-0.003796353673455347
-16.25,127.25,-0.010041439007701618
-16.25,127.5,-0.009768344637095219
-16.25,127.75,-0.005302300398415398
-16.25,128.0,-0.013140152980174338
-16.25,128.25,-0.02141352273368587
-16.25,128.5,-0.029332775589344755
-16.25,128.75,-0.03444219273515046
-16.25,129.0,-0.03948841752218349
-16.25,129.25,-0.041020471494024
-16.25,129.5,-0.04620101812428662
-16.25,129.75,-0.05456576606236575
-16.25,130.0,-0.05609509286559409
-16.25,130.25,-0.05634480088150927
-16.25,130.5,-0.048931877070017865
-16.25,130.75,-0.04238755719492301
-16.25,131.0,-0.03537971627055889
-16.25,131.25,-0.03899082331973616
-16.25,131.5,-0.04284831330047122
-16.25,131.75,-0.044401074520179204
-16.25,132.0,-0.0510792825730927
-16.25,132.25,-0.055559516328919145
-16.25,132.5,-0.05810030369902961
-16.25,132.75,-0.054412626373093756
-16.25,133.0,-0.04630995273307365
-16.25,133.25,-0.03788512461240836
-16.25,133.5,-0.02769512990018397
-16.25,133.75,-0.021291174310248434
-16.25,134.0,-0.01587736253914911
-16.25,134.25,-0.01733336932735429
-16.25,134.5,-0.019396447751759773
-16.25,134.75,-0.0196620443131819
-16.25,135.0,-0.026315121351563858
-16.25,135.25,-0.03236655245668122
-16.25,135.5,-0.03307451698263841
-16.25,135.75,-0.038578372230265466
-16.25,136.0,-0.04790576158501651
-16.25,136.25,-0.059479995961079286
-16.25,136.5,-0.06275767639190669
-16.25,136.75,-0.061685190203466585
-16.25,137.0,-0.06071978629611078
-16.25,137.25,-0.06559691994584033
-16.25,137.5,-0.07234915752584735
-16.25,137.75,-0.07378687280995239
-16.25,138.0,-0.07299902483909612
-16.25,141.0,-0.03609966321715287
-16.25,141.25,-0.027407935205519606
-16.25,141.5,-0.012165185491210737
-16.25,141.75,0.012384812907493185
-16.25,142.0,0.0333417104135844
-16.25,142.25,0.048285846214275806
-16.25,142.5,0.05842083186864676
-16.25,142.75,0.05670158963739162
-16.25,143.0,0.0617777115909294
-16.25,143.25,0.06416012990687575
-16.25,143.5,0.06807663224504462
-16.25,143.75,0.06530349939795477
-16.25,144.0,0.05362347010079594
-16.25,144.25,0.029370261644501062
-16.25,144.5,0.008751573537232443
-16.25,144.75,0.006889954707696147
-16.25,145.0,0.014383199145196982
-16.25,145.25,0.01807013823695126
-16.25,145.5,0.00017405176490900063
-16.25,145.75,-0.017588968130405107
-16.5,122.75,0.03318243608089341
-16.5,123.0,0.0363998687759574
-16.5,123.25,0.037426438318964625
-16.5,123.5,0.032320476536239894
-16.5,123.75,0.02891487559508754
-16.5,124.0,0.021841667388521488
-16.5,124.25,0.01449877644416639
-16.5,124.5,0.0052805966608935875
-16.5,124.75,-0.002536937765156229
-16.5,125.0,-0.010324134865160366
-16.5,125.25,-0.020591029145621827
-16.5,125.5,-0.019443795689481444
-16.5,125.75,-0.013766717991564379
-16.5,126.0,-0.0007203639252111316
-16.5,126.25,0.006359282904581744
-16.5,126.5,0.006359273155491489
-16.5,126.75,0.0033731697077330736
-16.5,127.0,-0.007620432809926569
-16.5,127.25,-0.017223664070254364
-16.5,127.5,-0.01390227560907425
-16.5,127.75,-0.010535164759771544
-16.5,128.0,-0.013490859423542306
-16.5,128.25,-0.021846251147023092
-16.5,128.5,-0.029566067646789762
-16.5,128.75,-0.036029967220522284
-16.5,129.0,-0.042018990615560185
-16.5,129.25,-0.043482108836109375
-16.5,129.5,-0.04957006366125175
-16.5,129.75,-0.056611427771748
-16.5,130.0,-0.05871975957415998
-16.5,130.25,-0.052737590672803064
-16.5,130.5,-0.04072081890578071
-16.5,130.75,-0.04103295574674294
-16.5,131.0,-0.04234340458698127
-16.5,131.25,-0.044522501380803686
-16.5,131.5,-0.044705867924771846
-16.5,131.75,-0.047238024605792905
-16.5,132.0,-0.049201258644461635
-16.5,132.25,-0.05376288745541214
-16.5,132.5,-0.05606614328654749
-16.5,132.75,-0.05577466950053349
-16.5,133.0,-0.05278179027785276
-16.5,133.25,-0.04582237745912391
-16.5,133.5,-0.037700071128728314
-16.5,133.75,-0.02717403682902278
-16.5,134.0,-0.021012763027656114
-16.5,134.25,-0.01938612308419709
-16.5,134.5,-0.023578854383335315
-16.5,134.75,-0.028363685242047288
-16.5,135.0,-0.032438289042606594
-16.5,135.25,-0.0340534888307697
-16.5,135.5,-0.0341981124221569
-16.5,135.75,-0.03490358784883505
-16.5,136.0,-0.04074475994067533
-16.5,136.25,-0.05004489210633827
-16.5,136.5,-0.059493857242688096
-16.5,136.75,-0.060982079924516645
-16.5,137.0,-0.058993725091706785
-16.5,137.25,-0.06149815453404915
-16.5,137.5,-0.06747611012708928
-16.5,137.75,-0.07016184098929876
-16.5,138.0,-0.07201357441289084
-16.5,138.25,-0.07051497261106436
-16.5,138.5,-0.06902678443917207
-16.5,138.75,-0.06710968285333366
-16.5,141.0,-0.03748068744205826
-16.5,141.25,-0.028251541148589847
-16.5,141.5,-0.014788629571419387
-16.5,141.75,0.007536726952752187
-16.5,142.0,0.02459710446585502
-16.5,142.25,0.039333928288293206
-16.5,142.5,0.0470735505844156
-16.5,142.75,0.053819624937715985
-16.5,143.0,0.05428000884684956
-16.5,143.25,0.058348464982451075
-16.5,143.5,0.05645339399010741
-16.5,143.75,0.051443163340999964
-16.5,144.0,0.037456838856451215
-16.5,144.25,0.01726215963606678
-16.5,144.5,0.004660797689021343
-16.5,144.75,0.006410451842072819
-16.5,145.0,0.022168100492230485
-16.5,145.25,0.027449093641535867
-16.5,145.5,0.013091074318314593
-16.5,145.75,-0.011548081040382385
-16.75,122.5,0.03439853565235223
-16.75,122.75,0.03950521140061374
-16.75,123.0,0.04461302711140542
-16.75,123.25,0.044034620307918104
-16.75,123.5,0.035353384573855215
-16.75,123.75,0.02944751568159388
-16.75,124.0,0.025899219110197876
-16.75,124.25,0.02017335431661368
-16.75,124.5,0.013615374853612767
-16.75,124.75,0.003517497855327314
-16.75,125.0,-0.009247872961818107
-16.75,125.25,-0.015690218247090385
-16.75,125.5,-0.014408435783393327
-16.75,125.75,-0.008478057246698189
-16.75,126.0,-0.006626676960426959
-16.75,126.25,-0.005535627648766551
-16.75,126.5,-0.003942881420343405
-16.75,126.75,-0.0056591571208887866
-16.75,127.0,-0.013116886909119784
-16.75,127.25,-0.016383276148588352
-16.75,127.5,-0.013120850188923734
-16.75,127.75,-0.005910367589482727
-16.75,128.0,-0.007527219286809365
-16.75,128.25,-0.015514910408750264
-16.75,128.5,-0.02460248189135676
-16.75,128.75,-0.0330021074285642
-16.75,129.0,-0.039105628242361405
-16.75,129.25,-0.04182365752390719
-16.75,129.5,-0.04686447906119394
-16.75,129.75,-0.05288214149574439
-16.75,130.0,-0.053657312790441905
-16.75,130.25,-0.04330466541772087
-16.75,130.5,-0.03603301932480896
-16.75,130.75,-0.04007195842901378
-16.75,131.0,-0.04311936300336605
-16.75,131.25,-0.04468312597767051
-16.75,131.5,-0.04492867880395525
-16.75,131.75,-0.04617898495662736
-16.75,132.0,-0.04941119310401735
-16.75,132.25,-0.04979746018403343
-16.75,132.5,-0.04951651225925335
-16.75,132.75,-0.051273679418400636
-16.75,133.0,-0.05339341266136173
-16.75,133.25,-0.04879284144235065
-16.75,133.5,-0.04129121076409882
-16.75,133.75,-0.032512903205462775
-16.75,134.0,-0.026040353205670337
-16.75,134.25,-0.024569576945421952
-16.75,134.5,-0.026045314504465622
-16.75,134.75,-0.032110872530722104
-16.75,135.0,-0.03919732046134803
-16.75,135.25,-0.04243511115089946
-16.75,135.5,-0.04091339584306947
-16.75,135.75,-0.03768225704053683
-16.75,136.0,-0.036476152662986094
-16.75,136.25,-0.04052920596053203
-16.75,136.5,-0.048871602508006616
-16.75,136.75,-0.05547683892904648
-16.75,137.0,-0.05826326258303154
-16.75,137.25,-0.060167613801812486
-16.75,137.5,-0.06333604075369381
-16.75,137.75,-0.0663210943773655
-16.75,138.0,-0.06759956915546873
-16.75,138.25,-0.06775498097496373
-16.75,138.5,-0.06644918162907873
-16.75,138.75,-0.06517711016127752
-16.75,139.0,-0.06414950406123396
-16.75,141.0,-0.04112720802160246
-16.75,141.25,-0.03014867201259005
-16.75,141.5,-0.016439637076109646
-16.75,141.75,0.0032833198467588295
-16.75,142.0,0.016544953833467196
-16.75,142.25,0.02785117964127234
-16.75,142.5,0.03960322484850795
-16.75,142.75,0.047972179248574234
-16.75,143.0,0.05473464784611549
-16.75,143.25,0.05673772060711469
-16.75,143.5,0.05665954761207104
-16.75,143.75,0.05012766414188913
-16.75,144.0,0.038714095801558525
-16.75,144.25,0.02326305893338507
-16.75,144.5,0.009854389441066555
-16.75,144.75,0.00968312938376108
-16.75,145.0,0.021648098364294995
-16.75,145.25,0.030704581914913088
-16.75,145.5,0.02256938866339624
-16.75,145.75,-0.0014174079755321146
-17.0,122.25,0.030437500471071827
-17.0,122.5,0.03580313041484693
-17.0,122.75,0.04360683905071623
-17.0,123.0,0.049812405454992714
-17.0,123.25,0.048274903918527776
-17.0,123.5,0.040857919132325886
-17.0,123.75,0.03519118475018158
-17.0,124.0,0.034372052412834905
-17.0,124.25,0.029310581069217904
-17.0,124.5,0.02059740104762438
-17.0,124.75,0.008100146408348033
-17.0,125.0,-0.005471555637528321
-17.0,125.25,-0.012939944422119187
-17.0,125.5,-0.006477626368758225
-17.0,125.75,0.0006555866472245682
-17.0,126.0,-0.00571494870597408
-17.0,126.25,-0.016067881006303998
-17.0,126.5,-0.017621606111615187
-17.0,126.75,-0.016617963192818153
-17.0,127.0,-0.0158930433556504
-17.0,127.25,-0.0146078579148577
-17.0,127.5,-0.010766599847868617
-17.0,127.75,-0.005167892294204128
-17.0,128.0,-0.0007833827286958695
-17.0,128.25,-0.004712166107215342
-17.0,128.5,-0.019009044554106715
-17.0,128.75,-0.027008319537465773
-17.0,129.0,-0.03249530107215313
-17.0,129.25,-0.03687747043718229
-17.0,129.5,-0.041640630688163496
-17.0,129.75,-0.046289585524659956
-17.0,130.0,-0.045291748279262155
-17.0,130.25,-0.03580008657105888
-17.0,130.5,-0.03145335660596001
-17.0,130.75,-0.03490759556048683
-17.0,131.0,-0.03980406526742237
-17.0,131.25,-0.04238937747043868
-17.0,131.5,-0.04148768916770461
-17.0,131.75,-0.04279808611387298
-17.0,132.0,-0.04600385485128278
-17.0,132.25,-0.0467979365094964
-17.0,132.5,-0.0460544982259827
-17.0,132.75,-0.04516768903205437
-17.0,133.0,-0.04803489591992859
-17.0,133.25,-0.04765687014331065
-17.0,133.5,-0.04399917013056222
-17.0,133.75,-0.03882608712440179
-17.0,134.0,-0.0350844512183574
-17.0,134.25,-0.034736195102977076
-17.0,134.5,-0.03623254595191351
-17.0,134.75,-0.03818560011596197
-17.0,135.0,-0.0427373540188585
-17.0,135.25,-0.05016393912568067
-17.0,135.5,-0.051915033702694235
-17.0,135.75,-0.0485963629336939
-17.0,136.0,-0.044227365025186115
-17.0,136.25,-0.04412988071257825
-17.0,136.5,-0.049607478909283166
-17.0,136.75,-0.053844046900935826
-17.0,137.0,-0.055010576594975734
-17.0,137.25,-0.056171196482942574
-17.0,137.5,-0.05928705363490042
-17.0,137.75,-0.06269586069198946
-17.0,138.0,-0.06157994154352872
-17.0,138.25,-0.06066571986469041
-17.0,138.5,-0.06010551550647333
-17.0,138.75,-0.05956426231090778
-17.0,139.0,-0.06062866810021833
-17.0,139.25,-0.06015416524772133
-17.0,140.75,-0.04366667529656774
-17.0,141.0,-0.042392534152549205
-17.0,141.25,-0.033184142801300845
-17.0,141.5,-0.01744021998075325
-17.0,141.75,-0.0005299033397542579
-17.0,142.0,0.008491711277470348
-17.0,142.25,0.018999530775250777
-17.0,142.5,0.03164836416530999
-17.0,142.75,0.044509222897301824
-17.0,143.0,0.05176057055636886
-17.0,143.25,0.05462025103292295
-17.0,143.5,0.05573131324157917
-17.0,143.75,0.05216497338509985
-17.0,144.0,0.04391894497066027
-17.0,144.25,0.03271959914626288
-17.0,144.5,0.02005319180565753
-17.0,144.75,0.015142104310715304
-17.0,145.0,0.019848461262881756
-17.0,145.25,0.02595749120006249
-17.0,145.5,0.023648791214717284
-17.0,145.75,0.010079807354625138
-17.0,146.0,-0.011338150056655564
-17.25,122.0,0.028574957286140748
-17.25,122.25,0.028206527858994725
-17.25,122.5,0.03141097694724088
-17.25,122.75,0.04000966876933706
-17.25,123.0,0.04565644092976332
-17.25,123.25,0.04501654268602752
-17.25,123.5,0.040280134394387934
-17.25,123.75,0.03713251304469027
-17.25,124.0,0.03828079604288741
-17.25,124.25,0.03280700533096457
-17.25,124.5,0.020435111983568365
-17.25,124.75,0.0071773869894622335
-17.25,125.0,-0.002180661844267022
-17.25,125.25,-0.005472474494239404
-17.25,125.5,0.0010355225764214992
-17.25,125.75,0.00871213124621482
-17.25,126.0,0.0011339922766810994
-17.25,126.25,-0.01798539145605727
-17.25,126.5,-0.02357556786210764
-17.25,126.75,-0.021746802976399304
-17.25,127.0,-0.020435788843315095
-17.25,127.25,-0.017239692779479638
-17.25,127.5,-0.010739954493328697
-17.25,127.75,-0.006579975411850249
-17.25,128.0,-0.0040227712171534745
-17.25,128.25,-0.0075281383741336565
-17.25,128.5,-0.01979309358589706
-17.25,128.75,-0.025547525795575763
-17.25,129.0,-0.031399408594145264
-17.25,129.25,-0.03538671519962095
-17.25,129.5,-0.03850684580725751
-17.25,129.75,-0.04044411420888667
-17.25,130.0,-0.03814301274311393
-17.25,130.25,-0.030754561662407857
-17.25,130.5,-0.026080037232687963
-17.25,130.75,-0.029608563928299452
-17.25,131.0,-0.036841113780004285
-17.25,131.25,-0.04167612447760933
-17.25,131.5,-0.04262181389633389
-17.25,131.75,-0.044809089279511854
-17.25,132.0,-0.048116006607943705
-17.25,132.25,-0.05047907534476724
-17.25,132.5,-0.05056301645624141
-17.25,132.75,-0.04800141826272011
-17.25,133.0,-0.0467793659301519
-17.25,133.25,-0.04420203644549474
-17.25,133.5,-0.042250334736447605
-17.25,133.75,-0.039675298761132925
-17.25,134.0,-0.03883459317231817
-17.25,134.25,-0.03944304206580412
-17.25,134.5,-0.04140026495747623
-17.25,134.75,-0.04029743486261439
-17.25,135.0,-0.039978273840443716
-17.25,135.25,-0.04506866749087792
-17.25,135.5,-0.05035922421403007
-17.25,135.75,-0.051742881487700204
-17.25,136.0,-0.050545944699219296
-17.25,136.25,-0.04986703917827635
-17.25,136.5,-0.053309093941269176
-17.25,136.75,-0.056746900629340895
-17.25,137.0,-0.05913645997976086
-17.25,137.25,-0.05894459185898692
-17.25,137.5,-0.059135429815311606
-17.25,137.75,-0.0600432390081031
-17.25,138.0,-0.059282841271765176
-17.25,138.25,-0.057437979093464535
-17.25,138.5,-0.05606144622489367
-17.25,138.75,-0.054886444606485646
-17.25,139.0,-0.056244198281672736
-17.25,139.25,-0.056287337030239755
-17.25,139.5,-0.05462583545151921
-17.25,140.75,-0.04025549640258153
-17.25,141.0,-0.039424704121969016
-17.25,141.25,-0.03437793769962376
-17.25,141.5,-0.02153517311172826
-17.25,141.75,-0.006680818241355675
-17.25,142.0,0.0031150496276538997
-17.25,142.25,0.014766014456316562
-17.25,142.5,0.0248012387870057
-17.25,142.75,0.037424868066418204
-17.25,143.0,0.04339144207271082
-17.25,143.25,0.0454010168622647
-17.25,143.5,0.044885580263854495
-17.25,143.75,0.0423854923472737
-17.25,144.0,0.03237724793254442
-17.25,144.25,0.021912739970277817
-17.25,144.5,0.020733918702933892
-17.25,144.75,0.017958208699045436
-17.25,145.0,0.01110923543234267
-17.25,145.25,0.006140095050934525
-17.25,145.5,0.00957090755192829
-17.25,145.75,0.011551370398540583
-17.25,146.0,5.3676565931666465e-05
-17.25,146.25,-0.011478909647918218
-17.5,122.0,0.02890482214944703
-17.5,122.25,0.022470267531960936
-17.5,122.5,0.02325318708040175
-17.5,122.75,0.029252075068870908
-17.5,123.0,0.034010922137115686
-17.5,123.25,0.03641240817322839
-17.5,123.5,0.03313316890437688
-17.5,123.75,0.03205107167485126
-17.5,124.0,0.033916396155282635
-17.5,124.25,0.02725880578980737
-17.5,124.5,0.01809151755118191
-17.5,124.75,0.007397899209588234
-17.5,125.0,0.0012687205822051813
-17.5,125.25,0.0016335403779521585
-17.5,125.5,0.0002510962004418529
-17.5,125.75,0.002647825354887616
-17.5,126.0,-0.005426169164656174
-17.5,126.25,-0.018536020673456645
-17.5,126.5,-0.0225784730002661
-17.5,126.75,-0.02252537068533933
-17.5,127.0,-0.02227389424640153
-17.5,127.25,-0.02165206569576791
-17.5,127.5,-0.014210866662185816
-17.5,127.75,-0.0012065529341011175
-17.5,128.0,0.001451167226436415
-17.5,128.25,-0.006127596672047817
-17.5,128.5,-0.018503885929073607
-17.5,128.75,-0.023400873952500876
-17.5,129.0,-0.02676063160456362
-17.5,129.25,-0.03124806710430199
-17.5,129.5,-0.033921553382450446
-17.5,129.75,-0.03571437017304734
-17.5,130.0,-0.03360027010563672
-17.5,130.25,-0.027656939947268082
-17.5,130.5,-0.02211718293505588
-17.5,130.75,-0.025465026368120952
-17.5,131.0,-0.03253460447525694
-17.5,131.25,-0.038268527810994005
-17.5,131.5,-0.04072213928170857
-17.5,131.75,-0.04217898322358018
-17.5,132.0,-0.047355238134956124
-17.5,132.25,-0.047990919015414656
-17.5,132.5,-0.04811428769136823
-17.5,132.75,-0.047341844388505534
-17.5,133.0,-0.04737173711224126
-17.5,133.25,-0.045467084411176896
-17.5,133.5,-0.042953920967522125
-17.5,133.75,-0.0417598399599748
-17.5,134.0,-0.039643177946674685
-17.5,134.25,-0.040323079170082654
-17.5,134.5,-0.03936609981382
-17.5,134.75,-0.039007178539920806
-17.5,135.0,-0.037205615209547564
-17.5,135.25,-0.038333134714602715
-17.5,135.5,-0.04364355402455355
-17.5,135.75,-0.04783780433492558
-17.5,136.0,-0.05033818432961457
-17.5,136.25,-0.05164923015760169
-17.5,136.5,-0.05390144510172485
-17.5,136.75,-0.05565872255579701
-17.5,137.0,-0.05715148177862699
-17.5,137.25,-0.05781326566246294
-17.5,137.5,-0.05736107786568547
-17.5,137.75,-0.056927349508207825
-17.5,138.0,-0.056043720381179205
-17.5,138.25,-0.05439128015811245
-17.5,138.5,-0.05164597819093615
-17.5,138.75,-0.05092960036514948
-17.5,139.0,-0.0499307017595995
-17.5,139.25,-0.052211320079264364
-17.5,139.5,-0.05233666365079227
-17.5,139.75,-0.0510572825231412
-17.5,140.0,-0.04948219483208266
-17.5,140.25,-0.04706815357896544
-17.5,140.5,-0.04427822058288647
-17.5,140.75,-0.04089752898241083
-17.5,141.0,-0.03785438253655143
-17.5,141.25,-0.03546866360009603
-17.5,141.5,-0.025074032893670457
-17.5,141.75,-0.012913525875635622
-17.5,142.0,-0.002378108376814496
-17.5,142.25,0.00830041802200001
-17.5,142.5,0.019633801507630517
-17.5,142.75,0.030573952242931617
-17.5,143.0,0.03814055129796976
-17.5,143.25,0.03845180291238995
-17.5,143.5,0.03645903871261648
-17.5,143.75,0.03230233279810775
-17.5,144.0,0.02497209612435351
-17.5,144.25,0.014245616167872434
-17.5,144.5,0.00776765120792247
-17.5,144.75,0.0024425159607614788
-17.5,145.0,-0.001268117247326743
-17.5,145.25,0.0029957381365377277
-17.5,145.5,0.010230548824654847
-17.5,145.75,0.01603285897519007
-17.5,146.0,0.005472417909740692
-17.5,146.25,-0.0081789985720423
-17.5,146.5,-0.009635857933954824
-17.75,122.0,0.02864757226780057
-17.75,122.25,0.023084391328129207
-17.75,122.5,0.020422039705417342
-17.75,122.75,0.02372074417902955
-17.75,123.0,0.028980813326606517
-17.75,123.25,0.030979678287015606
-17.75,123.5,0.03029387681634121
-17.75,123.75,0.027823896763757582
-17.75,124.0,0.025253703547336737
-17.75,124.25,0.02032599882063334
-17.75,124.5,0.013319312864803664
-17.75,124.75,0.005557664736573186
-17.75,125.0,0.0020386475138366223
-17.75,125.25,-0.0008030549434590198
-17.75,125.5,-0.001224146495085387
-17.75,125.75,-0.007069340889297781
-17.75,126.0,-0.018355211357231296
-17.75,126.25,-0.024563736384013844
-17.75,126.5,-0.0212840824798193
-17.75,126.75,-0.017685162692907312
-17.75,127.0,-0.018227862719712513
-17.75,127.25,-0.017649856249668767
-17.75,127.5,-0.009907373793595027
-17.75,127.75,0.004107323955256669
-17.75,128.0,0.008701241212561616
-17.75,128.25,-0.0012653910011673967
-17.75,128.5,-0.01369224692960935
-17.75,128.75,-0.01838842829511989
-17.75,129.0,-0.022411483445293492
-17.75,129.25,-0.02438143404267196
-17.75,129.5,-0.029065505877536323
-17.75,129.75,-0.030455299041655268
-17.75,130.0,-0.03075527327462277
-17.75,130.25,-0.027018678707203696
-17.75,130.5,-0.02078961821638846
-17.75,130.75,-0.023355230379716627
-17.75,131.0,-0.030512531777466868
-17.75,131.25,-0.03609071570625972
-17.75,131.5,-0.03855731498915702
-17.75,131.75,-0.04323453673083956
-17.75,132.0,-0.045437371575584015
-17.75,132.25,-0.048134998061660945
-17.75,132.5,-0.04740382700803734
-17.75,132.75,-0.0477616294919114
-17.75,133.0,-0.04913990353843907
-17.75,133.25,-0.04553696945132244
-17.75,133.5,-0.04476310555667927
-17.75,133.75,-0.042226222441309975
-17.75,134.0,-0.04135768612891081
-17.75,134.25,-0.0355399387639149
-17.75,134.5,-0.03524500269309751
-17.75,134.75,-0.035043607214243995
-17.75,135.0,-0.03719159179211905
-17.75,135.25,-0.039627388788254135
-17.75,135.5,-0.04388778533542617
-17.75,135.75,-0.04916366258458722
-17.75,136.0,-0.05188016867087711
-17.75,136.25,-0.05466624385458306
-17.75,136.5,-0.05266406270231874
-17.75,136.75,-0.05333319582222473
-17.75,137.0,-0.05163651662878692
-17.75,137.25,-0.05068121383900732
-17.75,137.5,-0.048625134365145296
-17.75,137.75,-0.04730166794213888
-17.75,138.0,-0.04736422953373265
-17.75,138.25,-0.04794813564845494
-17.75,138.5,-0.046523816063113156
-17.75,138.75,-0.04625542783871337
-17.75,139.0,-0.046402798628523236
-17.75,139.25,-0.04883330986790714
-17.75,139.5,-0.050389913276636174
-17.75,139.75,-0.04997511091642082
-17.75,140.0,-0.04939096536309946
-17.75,140.25,-0.049929256743884515
-17.75,140.5,-0.04842401866778909
-17.75,140.75,-0.04575037191666308
-17.75,141.0,-0.04148919320598777
-17.75,141.25,-0.038307527385807456
-17.75,141.5,-0.028882364848894733
-17.75,141.75,-0.01914444440404796
-17.75,142.0,-0.009276094596966036
-17.75,142.25,0.0038209185383970006
-17.75,142.5,0.012807563858638916
-17.75,142.75,0.027282165882865056
-17.75,143.0,0.03413973321328827
-17.75,143.25,0.03672854858228848
-17.75,143.5,0.03275243513025565
-17.75,143.75,0.02603216951136433
-17.75,144.0,0.02167999460361898
-17.75,144.25,0.015307421155739576
-17.75,144.5,0.005606950160914234
-17.75,144.75,-0.0016453990224926244
-17.75,145.0,-0.0010747565369196568
-17.75,145.25,0.004549722599040251
-17.75,145.5,0.016243202976987788
-17.75,145.75,0.019868977759255186
-17.75,146.0,0.010598957314089472
-17.75,146.25,-0.005695924628525972
-17.75,146.5,-0.0103043452637004
-18.0,122.25,0.03133562422756638
-18.0,122.5,0.029960143033947263
-18.0,122.75,0.028423323357544307
-18.0,123.0,0.029856733460023644
-18.0,123.25,0.03002257671351323
-18.0,123.5,0.029128739104739256
-18.0,123.75,0.024562448320544456
-18.0,124.0,0.020394723853539853
-18.0,124.25,0.018188171201923287
-18.0,124.5,0.012668535247489456
-18.0,124.75,0.006555477104571071
-18.0,125.0,-0.0015983916935510933
-18.0,125.25,-0.004751988319635746
-18.0,125.5,-0.0065100508308248775
-18.0,125.75,-0.014117681048810482
-18.0,126.0,-0.022863694085251716
-18.0,126.25,-0.023125240202837936
-18.0,126.5,-0.017221923533915762
-18.0,126.75,-0.013909999886527658
-18.0,127.0,-0.01256458072235719
-18.0,127.25,-0.010531164355398644
-18.0,127.5,-0.004160288389816525
-18.0,127.75,0.0042476228299728105
-18.0,128.0,0.00877784499226393
-18.0,128.25,0.0020219379259894294
-18.0,128.5,-0.009916166359159564
-18.0,128.75,-0.016556816426150145
-18.0,129.0,-0.019513403287246114
-18.0,129.25,-0.022763151621135572
-18.0,129.5,-0.022382959213462613
-18.0,129.75,-0.025927694615287086
-18.0,130.0,-0.02751836706218975
-18.0,130.25,-0.026783749456739142
-18.0,130.5,-0.020959034179880594
-18.0,130.75,-0.021566526125284976
-18.0,131.0,-0.02941308983357712
-18.0,131.25,-0.03523814805999531
-18.0,131.5,-0.041313526328581034
-18.0,131.75,-0.04437163538643203
-18.0,132.0,-0.0488362717220471
-18.0,132.25,-0.049471245329117494
-18.0,132.5,-0.05148764682844991
-18.0,132.75,-0.05116597714860247
-18.0,133.0,-0.05098391883962211
-18.0,133.25,-0.05048151484114074
-18.0,133.5,-0.046954781970097906
-18.0,133.75,-0.047507625429369954
-18.0,134.0,-0.04300029526708559
-18.0,134.25,-0.039369314673933245
-18.0,134.5,-0.03349388885267433
-18.0,134.75,-0.034984965021500274
-18.0,135.0,-0.03900202107560333
-18.0,135.25,-0.04466428429101749
-18.0,135.5,-0.05003355165245012
-18.0,135.75,-0.05299083550150196
-18.0,136.0,-0.05713778756492372
-18.0,136.25,-0.05565962188990116
-18.0,136.5,-0.05370341211923265
-18.0,136.75,-0.04975828656876859
-18.0,137.0,-0.04764167415809684
-18.0,137.25,-0.04629795065681849
-18.0,137.5,-0.043578802685563765
-18.0,137.75,-0.04316012042774153
-18.0,138.0,-0.04319682509327928
-18.0,138.25,-0.04307214475369879
-18.0,138.5,-0.042407449762270386
-18.0,138.75,-0.04265276859070928
-18.0,139.0,-0.044452729529612475
-18.0,139.25,-0.048124788222568375
-18.0,139.5,-0.0497026731379308
-18.0,139.75,-0.04951368101340319
-18.0,140.0,-0.05067957580488707
-18.0,140.25,-0.0520047970215923
-18.0,140.5,-0.05356824572774626
-18.0,140.75,-0.05096300668304875
-18.0,141.0,-0.04804455617847582
-18.0,141.25,-0.04128890201626789
-18.0,141.5,-0.03479092659184798
-18.0,141.75,-0.025763171268530036
-18.0,142.0,-0.014228201623163407
-18.0,142.25,-0.0018640927610076253
-18.0,142.5,0.00797515655646012
-18.0,142.75,0.020820468356500248
-18.0,143.0,0.0337520898075863
-18.0,143.25,0.03564179917974841
-18.0,143.5,0.02852819345204071
-18.0,143.75,0.017958012561402507
-18.0,144.0,0.013675934698853996
-18.0,144.25,0.014646573519955079
-18.0,144.5,0.008133394913082676
-18.0,144.75,0.0017324871387765079
-18.0,145.0,0.002226850509067022
-18.0,145.25,0.011468107998925482
-18.0,145.5,0.02198489253863781
-18.0,145.75,0.019075745168984647
-18.0,146.0,0.012475791956980434
-18.0,146.25,-0.004043510294563714
-18.25,122.0,0.028823540726998113
-18.25,122.25,0.03349756877481316
-18.25,122.5,0.03408330559198346
-18.25,122.75,0.03065197404163579
-18.25,123.0,0.02922966914539713
-18.25,123.25,0.02923951692812677
-18.25,123.5,0.02683687377887379
-18.25,123.75,0.02105538175452412
-18.25,124.0,0.01899532566160252
-18.25,124.25,0.018347308867322724
-18.25,124.5,0.014308698733553423
-18.25,124.75,0.0072934039205955785
-18.25,125.0,-0.001278177193931437
-18.25,125.25,-0.0075489278439254985
-18.25,125.5,-0.010792468357387753
-18.25,125.75,-0.01505081587404545
-18.25,126.0,-0.018976369287286486
-18.25,126.25,-0.01773242927433568
-18.25,126.5,-0.015521046772067035
-18.25,126.75,-0.013588055009798457
-18.25,127.0,-0.014109563155631935
-18.25,127.25,-0.010104834139236204
-18.25,127.5,-0.0031998439941422216
-18.25,127.75,0.0031776576131094425
-18.25,128.0,0.007303640789515547
-18.25,128.25,0.0017201871943793128
-18.25,128.5,-0.010459545813500882
-18.25,128.75,-0.015725169462772706
-18.25,129.0,-0.019515280700510458
-18.25,129.25,-0.01899954874866775
-18.25,129.5,-0.02074475835099639
-18.25,129.75,-0.022454729533222105
-18.25,130.0,-0.02751632127245622
-18.25,130.25,-0.025794603498382328
-18.25,130.5,-0.02304402191643714
-18.25,130.75,-0.02400391847227833
-18.25,131.0,-0.029018620392196767
-18.25,131.25,-0.037426345672879724
-18.25,131.5,-0.04226716851671448
-18.25,131.75,-0.050663545328591554
-18.25,132.0,-0.052712592447087876
-18.25,132.25,-0.05571023146843626
-18.25,132.5,-0.05637010978091331
-18.25,132.75,-0.056010645738847196
-18.25,133.0,-0.055468668494861394
-18.25,133.25,-0.05359231015844714
-18.25,133.5,-0.05332617281403925
-18.25,133.75,-0.05359775684884794
-18.25,134.0,-0.0540154829621315
-18.25,134.25,-0.04713158337510235
-18.25,134.5,-0.04394656218604983
-18.25,134.75,-0.041173223232284985
-18.25,135.0,-0.042947671380326416
-18.25,135.25,-0.04817650442044916
-18.25,135.5,-0.050691388708461696
-18.25,135.75,-0.05467482632513912
-18.25,136.0,-0.055605103082156604
-18.25,136.25,-0.05632847627580521
-18.25,136.5,-0.05316969758964011
-18.25,136.75,-0.05036749505837049
-18.25,137.0,-0.04675822064524428
-18.25,137.25,-0.04518667453223662
-18.25,137.5,-0.044117364708688996
-18.25,137.75,-0.042940885611321956
-18.25,138.0,-0.04314389681510095
-18.25,138.25,-0.041073254875456246
-18.25,138.5,-0.039954344285208554
-18.25,138.75,-0.04140852035821548
-18.25,139.0,-0.04412689063797838
-18.25,139.25,-0.04903760100825734
-18.25,139.5,-0.05186653776826071
-18.25,139.75,-0.053710186081228864
-18.25,140.0,-0.0560353490013984
-18.25,140.25,-0.057381980637797994
-18.25,140.5,-0.0572017524923597
-18.25,140.75,-0.05580414546919721
-18.25,141.0,-0.05126969598741631
-18.25,141.25,-0.045966390092369344
-18.25,141.5,-0.041376783683136596
-18.25,141.75,-0.03251443746987553
-18.25,142.0,-0.021318496146150643
-18.25,142.25,-0.0069012469922502834
-18.25,142.5,0.0018212004342959042
-18.25,142.75,0.009386669940293012
-18.25,143.0,0.02376821979094183
-18.25,143.25,0.031116273022434186
-18.25,143.5,0.022952173312521716
-18.25,143.75,0.006040087528526783
-18.25,144.0,-0.00023351915435688127
-18.25,144.25,0.003943769960841607
-18.25,144.5,0.011464462717551561
-18.25,144.75,0.0069317887725663324
-18.25,145.0,0.013344444879995926
-18.25,145.25,0.023815029357848246
-18.25,145.5,0.02022528175785694
-18.25,145.75,0.014864566552707749
-18.25,146.0,0.010879211545190108
-18.25,146.25,-0.0021032635671352704
-18.25,146.5,-0.010447305858611972
-18.5,121.75,0.023636910784989595
-18.5,122.0,0.026524666652438186
-18.5,122.25,0.02794701345486655
-18.5,122.5,0.025800787677456225
-18.5,122.75,0.02202069247695839
-18.5,123.0,0.02227014523994599
-18.5,123.25,0.024016233253946882
-18.5,123.5,0.02275365771991866
-18.5,123.75,0.017564228758592867
-18.5,124.0,0.016050568955792446
-18.5,124.25,0.01564478432604422
-18.5,124.5,0.014792465925815382
-18.5,124.75,0.007594877195411495
-18.5,125.0,0.0004912579881160387
-18.5,125.25,-0.006048921247323354
-18.5,125.5,-0.0110487984249457
-18.5,125.75,-0.015027931496678363
-18.5,126.0,-0.016108532805394912
-18.5,126.25,-0.014766056234449414
-18.5,126.5,-0.016179521074740306
-18.5,126.75,-0.01889908300668356
-18.5,127.0,-0.017971772987705966
-18.5,127.25,-0.016681877445496086
-18.5,127.5,-0.006819062065776615
-18.5,127.75,-0.0008355528382318361
-18.5,128.0,0.003962159283608864
-18.5,128.25,-0.0017238169032636852
-18.5,128.5,-0.011828115924089659
-18.5,128.75,-0.01515785042373907
-18.5,129.0,-0.014289667547148253
-18.5,129.25,-0.017222531534553994
-18.5,129.5,-0.0190653046526547
-18.5,129.75,-0.024601638197158795
-18.5,130.0,-0.025309565523639322
-18.5,130.25,-0.02580954755928057
-18.5,130.5,-0.02410127895931336
-18.5,130.75,-0.025982646238324896
-18.5,131.0,-0.032967452613991644
-18.5,131.25,-0.03986364719679668
-18.5,131.5,-0.04897536609676622
-18.5,131.75,-0.05174500294406677
-18.5,132.0,-0.057871358413479984
-18.5,132.25,-0.059269614444513403
-18.5,132.5,-0.06231072565895461
-18.5,132.75,-0.06247827485203743
-18.5,133.0,-0.06087236470941986
-18.5,133.25,-0.060359226429690827
-18.5,133.5,-0.05891741595585786
-18.5,133.75,-0.06293139551222945
-18.5,134.0,-0.062314012447105986
-18.5,134.25,-0.06050468587006132
-18.5,134.5,-0.05338270425286499
-18.5,134.75,-0.05170353843268891
-18.5,135.0,-0.05041479851740102
-18.5,135.25,-0.05033322900223235
-18.5,135.5,-0.05135875310571421
-18.5,135.75,-0.05053598017520493
-18.5,136.0,-0.0525404646488217
-18.5,136.25,-0.05160824551033632
-18.5,136.5,-0.052043228288225475
-18.5,136.75,-0.04740310255881576
-18.5,137.0,-0.04597974320030993
-18.5,137.25,-0.04358693934156604
-18.5,137.5,-0.04461373441431317
-18.5,137.75,-0.04392775487864301
-18.5,138.0,-0.040547749794842235
-18.5,138.25,-0.037482000732173525
-18.5,138.5,-0.038891408845250094
-18.5,138.75,-0.04249555913820153
-18.5,139.0,-0.047604644090114605
-18.5,139.25,-0.05203285382151426
-18.5,139.5,-0.05530058611849589
-18.5,139.75,-0.057051355484318694
-18.5,140.0,-0.05835399950488603
-18.5,140.25,-0.05786396618024723
-18.5,140.5,-0.056210641840672385
-18.5,140.75,-0.05526829319895201
-18.5,141.0,-0.05253564466450674
-18.5,141.25,-0.05116984286522936
-18.5,141.5,-0.04890243398868257
-18.5,141.75,-0.04099593169382951
-18.5,142.0,-0.029308689458827888
-18.5,142.25,-0.015812662773809973
-18.5,142.5,-0.0009992777336654919
-18.5,142.75,0.004024947168571608
-18.5,143.0,0.009481759208193536
-18.5,143.25,0.020259126837343155
-18.5,143.5,0.01410089193765695
-18.5,143.75,-0.0014839303707482204
-18.5,144.0,-0.008189426819306045
-18.5,144.25,-0.004655819186674697
-18.5,144.5,0.008308684070583522
-18.5,144.75,0.023508238360019668
-18.5,145.0,0.034404057303687466
-18.5,145.25,0.04034112271065602
-18.5,145.5,0.030570084110392297
-18.5,145.75,0.01422661606532832
-18.5,146.0,0.0066535887807341555
-18.5,146.25,-0.0004916908746097414
-18.5,146.5,-0.01112799595021421
-18.75,121.5,0.01982842442867834
-18.75,121.75,0.02093678370694674
-18.75,122.0,0.020355792399052355
-18.75,122.25,0.019501045611520697
-18.75,122.5,0.015559769273247747
-18.75,122.75,0.0136641022483153
-18.75,123.0,0.010491862790825377
-18.75,123.25,0.013365787676316574
-18.75,123.5,0.01521764614777307
-18.75,123.75,0.01319794893944986
-18.75,124.0,0.012680558954542946
-18.75,124.25,0.012755967942870311
-18.75,124.5,0.011535994088765057
-18.75,124.75,0.00716516469727226
-18.75,125.0,0.0008242434411797495
-18.75,125.25,-0.0028408533699500063
-18.75,125.5,-0.005551161991787098
-18.75,125.75,-0.008641078284320732
-18.75,126.0,-0.011586035908077889
-18.75,126.25,-0.012698985638451718
-18.75,126.5,-0.015113443636246735
-18.75,126.75,-0.017643055787664792
-18.75,127.0,-0.018525553040810685
-18.75,127.25,-0.01842238233602118
-18.75,127.5,-0.015848860620254916
-18.75,127.75,-0.008008067745859514
-18.75,128.0,-0.002575429152542104
-18.75,128.25,-0.00473836895932133
-18.75,128.5,-0.011434811709027383
-18.75,128.75,-0.012691543154817606
-18.75,129.0,-0.01301067787266913
-18.75,129.25,-0.014813281571315158
-18.75,129.5,-0.02093476617980438
-18.75,129.75,-0.023928309855650046
-18.75,130.0,-0.025978717716809895
-18.75,130.25,-0.023979461825053606
-18.75,130.5,-0.022902341972942285
-18.75,130.75,-0.027822949103124085
-18.75,131.0,-0.03564811120297583
-18.75,131.25,-0.045832590993848586
-18.75,131.5,-0.05161372755260561
-18.75,131.75,-0.05757743848121858
-18.75,132.0,-0.06068521376832255
-18.75,132.25,-0.06528856955701486
-18.75,132.5,-0.06717711147780175
-18.75,132.75,-0.0679824730858118
-18.75,133.0,-0.06733246245643212
-18.75,133.25,-0.06623779941084129
-18.75,133.5,-0.06788029113127518
-18.75,133.75,-0.06893139335859035
-18.75,134.0,-0.07210774725036961
-18.75,134.25,-0.07028467327445036
-18.75,134.5,-0.06659165889335175
-18.75,134.75,-0.06116227024966585
-18.75,135.0,-0.05892260951167416
-18.75,135.25,-0.0562859249780775
-18.75,135.5,-0.05219713567445675
-18.75,135.75,-0.05214801027156812
-18.75,136.0,-0.051056475756645556
-18.75,136.25,-0.05136890803641152
-18.75,136.5,-0.04801448062866084
-18.75,136.75,-0.04702062444509162
-18.75,137.0,-0.043779873428866266
-18.75,137.25,-0.04050947642064698
-18.75,137.5,-0.03949898986545685
-18.75,137.75,-0.0376563057647131
-18.75,138.0,-0.0365541654760905
-18.75,138.25,-0.03742465439014874
-18.75,138.5,-0.03862786373744408
-18.75,138.75,-0.04273889135303242
-18.75,139.0,-0.048396293575587196
-18.75,139.25,-0.052435817007097374
-18.75,139.5,-0.05365138766688428
-18.75,139.75,-0.05350945465532797
-18.75,140.0,-0.053295223608923456
-18.75,140.25,-0.05104131266430375
-18.75,140.5,-0.05052506182220809
-18.75,140.75,-0.05104349479744477
-18.75,141.0,-0.05113229930090408
-18.75,141.25,-0.05249175784632652
-18.75,141.5,-0.05311330239173479
-18.75,141.75,-0.048735036081329564
-18.75,142.0,-0.03967973829601847
-18.75,142.25,-0.027052174172768857
-18.75,142.5,-0.009310408429397891
-18.75,142.75,0.004880199563645181
-18.75,143.0,0.010209594578260468
-18.75,143.25,0.013119452151225968
-18.75,143.5,0.01056588231530484
-18.75,143.75,0.001637643423774058
-18.75,144.0,-0.005410915475693487
-18.75,144.25,-0.002706548890897206
-18.75,144.5,0.008973649709618517
-18.75,144.75,0.03113572808991497
-18.75,145.0,0.043882457327674186
-18.75,145.25,0.04994269022330021
-18.75,145.5,0.04853364372005065
-18.75,145.75,0.028479181183502077
-18.75,146.0,0.010274667866040199
-18.75,146.25,0.0003787561425096577
-18.75,146.5,-0.01115915941163188
-19.0,121.25,0.015297608042878675
-19.0,121.5,0.017344829333680017
-19.0,121.75,0.017945956159383058
-19.0,122.0,0.015611076700900282
-19.0,122.25,0.011159806159169724
-19.0,122.5,0.00797659806585649
-19.0,122.75,0.005735687782795313
-19.0,123.0,0.0030191827720652026
-19.0,123.25,0.001091652676197035
-19.0,123.5,0.0043599278041039635
-19.0,123.75,0.006404963576434446
-19.0,124.0,0.007505078645079352
-19.0,124.25,0.00768857236530277
-19.0,124.5,0.0077277760974885455
-19.0,124.75,0.004666434181854129
-19.0,125.0,-0.0007464803076193978
-19.0,125.25,-0.003295859840831586
-19.0,125.5,-0.0005769479487623487
-19.0,125.75,0.0011851874889717215
-19.0,126.0,-0.0021091401887436707
-19.0,126.25,-0.008392430010384746
-19.0,126.5,-0.012098226230591536
-19.0,126.75,-0.013880558032542466
-19.0,127.0,-0.016244518484953525
-19.0,127.25,-0.02040389104347144
-19.0,127.5,-0.022223097193844816
-19.0,127.75,-0.016456737900573767
-19.0,128.0,-0.009586457458447382
-19.0,128.25,-0.007725322209652014
-19.0,128.5,-0.00989133124960409
-19.0,128.75,-0.011949260516225227
-19.0,129.0,-0.012999045227964719
-19.0,129.25,-0.015250656785654081
-19.0,129.5,-0.019707379078248606
-19.0,129.75,-0.0253526875405528
-19.0,130.0,-0.02619963330133552
-19.0,130.25,-0.024680113980901384
-19.0,130.5,-0.023498550839611283
-19.0,130.75,-0.029564862371244956
-19.0,131.0,-0.038666606997694114
-19.0,131.25,-0.0459861976804123
-19.0,131.5,-0.05446542493549974
-19.0,131.75,-0.06137935571827083
-19.0,132.0,-0.06813170172806297
-19.0,132.25,-0.0713375605609534
-19.0,132.5,-0.07447376551184183
-19.0,132.75,-0.07269916521562707
-19.0,133.0,-0.07077533901458428
-19.0,133.25,-0.07180596742158135
-19.0,133.5,-0.07165405427859653
-19.0,133.75,-0.07515224616619803
-19.0,134.0,-0.07802456117545566
-19.0,134.25,-0.07949474673784737
-19.0,134.5,-0.07712788273014927
-19.0,134.75,-0.07341839413080985
-19.0,135.0,-0.06849622626466173
-19.0,135.25,-0.06476395716447206
-19.0,135.5,-0.06136054820159362
-19.0,135.75,-0.05786217682595764
-19.0,136.0,-0.05686961509428719
-19.0,136.25,-0.054951327288567664
-19.0,136.5,-0.05293621483835436
-19.0,136.75,-0.04874474722226815
-19.0,137.0,-0.04418650371066871
-19.0,137.25,-0.04095930859579572
-19.0,137.5,-0.04016284368089622
-19.0,137.75,-0.040008968266747186
-19.0,138.0,-0.04018964395315076
-19.0,138.25,-0.041443862696732614
-19.0,138.5,-0.04493241986437213
-19.0,138.75,-0.04836946954019368
-19.0,139.0,-0.05252109769776109
-19.0,139.25,-0.05307967878900291
-19.0,139.5,-0.051636024756867085
-19.0,139.75,-0.05043466247263409
-19.0,140.0,-0.04997692781034857
-19.0,140.25,-0.05102513998114903
-19.0,140.5,-0.051668755288812374
-19.0,140.75,-0.0512871989215325
-19.0,141.0,-0.052067661296916326
-19.0,141.25,-0.05228231033044202
-19.0,141.5,-0.05285146646866841
-19.0,141.75,-0.05330404118091489
-19.0,142.0,-0.04997453039949982
-19.0,142.25,-0.03966282117596295
-19.0,142.5,-0.018795254765011902
-19.0,142.75,0.00311075101296107
-19.0,143.0,0.016876552415834297
-19.0,143.25,0.020223449494334914
-19.0,143.5,0.018861822980536437
-19.0,143.75,0.014803456900630235
-19.0,144.0,0.007734077927168636
-19.0,144.25,0.00666305136941706
-19.0,144.5,0.01204762344326203
-19.0,144.75,0.0263775133937651
-19.0,145.0,0.03822155920456031
-19.0,145.25,0.04577142545354686
-19.0,145.5,0.05104293168655464
-19.0,145.75,0.04466484298131296
-19.0,146.0,0.020676283864304423
-19.0,146.25,0.004192685249671783
-19.0,146.5,-0.005003979128308683
-19.0,146.75,-0.011622719425109349
-19.0,147.0,-0.015305550529488496
-19.0,147.25,-0.018064798084309414
-19.25,121.0,0.016685417489359332
-19.25,121.25,0.016926512120768337
-19.25,121.5,0.019999024724321707
-19.25,121.75,0.017877867754127474
-19.25,122.0,0.010260831203777344
-19.25,122.25,0.002566093123251838
-19.25,122.5,0.0014964495993418886
-19.25,122.75,0.0009217403463221022
-19.25,123.0,-0.0027684798774619897
-19.25,123.25,-0.006754921591380567
-19.25,123.5,-0.003910279707218121
-19.25,123.75,0.0002142436297920843
-19.25,124.0,0.0015656537067289243
-19.25,124.25,0.002435513306963479
-19.25,124.5,0.0019313115403444196
-19.25,124.75,-0.0005898170838398593
-19.25,125.0,-0.00332667044671585
-19.25,125.25,-0.003784763153331975
-19.25,125.5,-0.0013139410548666049
-19.25,125.75,0.0014581893213159805
-19.25,126.0,0.00029955593691695305
-19.25,126.25,-0.0068809067098689934
-19.25,126.5,-0.012871264247778093
-19.25,126.75,-0.016521771010454923
-19.25,127.0,-0.021064056296433722
-19.25,127.25,-0.026527839579613924
-19.25,127.5,-0.027782517374448833
-19.25,127.75,-0.021930227898770853
-19.25,128.0,-0.016593462782510046
-19.25,128.25,-0.013679640483665675
-19.25,128.5,-0.011950742417303402
-19.25,128.75,-0.014499643814217832
-19.25,129.0,-0.016369927241508517
-19.25,129.25,-0.017442876597245534
-19.25,129.5,-0.02155171265614973
-19.25,129.75,-0.025741046094030717
-19.25,130.0,-0.027720522588684356
-19.25,130.25,-0.02397859635592405
-19.25,130.5,-0.02665798830511492
-19.25,130.75,-0.03575952833274468
-19.25,131.0,-0.04356362997953381
-19.25,131.25,-0.04991733729617581
-19.25,131.5,-0.056196353606147956
-19.25,131.75,-0.06400076210321415
-19.25,132.0,-0.06943327704932363
-19.25,132.25,-0.07339534336434943
-19.25,132.5,-0.07592913844800066
-19.25,132.75,-0.07457298159133643
-19.25,133.0,-0.07580368863862186
-19.25,133.25,-0.0758958985020096
-19.25,133.5,-0.07432951357082597
-19.25,133.75,-0.07684083008650867
-19.25,134.0,-0.0815376177053189
-19.25,134.25,-0.08407745990580658
-19.25,134.5,-0.08413894836239273
-19.25,134.75,-0.08151585476118184
-19.25,135.0,-0.07609913669238311
-19.25,135.25,-0.07402840979242077
-19.25,135.5,-0.07067972530078676
-19.25,135.75,-0.06744476461760877
-19.25,136.0,-0.0643300981571277
-19.25,136.25,-0.06166043860361069
-19.25,136.5,-0.05953149455377743
-19.25,136.75,-0.05798759361468477
-19.25,137.0,-0.05551777329695012
-19.25,137.25,-0.05347810324192757
-19.25,137.5,-0.054085578929100715
-19.25,137.75,-0.05457073621385332
-19.25,138.0,-0.053199136381347975
-19.25,138.25,-0.05306271538249261
-19.25,138.5,-0.05530739106609309
-19.25,138.75,-0.0583811246224546
-19.25,139.0,-0.05883471679352667
-19.25,139.25,-0.05314597386002008
-19.25,139.5,-0.05009539288889971
-19.25,139.75,-0.051739481233900216
-19.25,140.0,-0.05247962085164285
-19.25,140.25,-0.05421281135419295
-19.25,140.5,-0.054669933274410484
-19.25,140.75,-0.05299284692432377
-19.25,141.0,-0.05118147026265173
-19.25,141.25,-0.05106680042420824
-19.25,141.5,-0.052036211840320555
-19.25,141.75,-0.053768200327509216
-19.25,142.0,-0.05334766737761951
-19.25,142.25,-0.04603853222520445
-19.25,142.5,-0.02793255875807344
-19.25,142.75,-0.0021713896405777806
-19.25,143.0,0.017464432896148147
-19.25,143.25,0.02386694550181606
-19.25,143.5,0.023532013861196382
-19.25,143.75,0.022033727687085048
-19.25,144.0,0.013029960733616636
-19.25,144.25,0.0042989817159693865
-19.25,144.5,0.00764462229607965
-19.25,144.75,0.0215327524264077
-19.25,145.0,0.03361308641199555
-19.25,145.25,0.03629700361412861
-19.25,145.5,0.03756101455281688
-19.25,145.75,0.041248279442966336
-19.25,146.0,0.044418456228006456
-19.25,146.25,0.04052446872616808
-19.25,146.5,0.018228006309921815
-19.25,146.75,0.0029767545486157317
-19.25,147.0,-0.014006702367415918
-19.25,147.25,-0.01660959278676836
-19.25,147.5,-0.01619784099360307
-19.5,120.5,0.021648594139454264
-19.5,120.75,0.02189761406985954
-19.5,121.0,0.022111774367901186
-19.5,121.25,0.022962710374434078
-19.5,121.5,0.02383590651942151
-19.5,121.75,0.016532607047286416
-19.5,122.0,0.007913640404391723
-19.5,122.25,0.00358796710372969
-19.5,122.5,0.0026216308164986827
-19.5,122.75,0.0010972151112842506
-19.5,123.0,-0.0016555139146346067
-19.5,123.25,-0.0027340321302680034
-19.5,123.5,-0.0021172157488763333
-19.5,123.75,0.0005453102784009562
-19.5,124.0,0.0025675893054410283
-19.5,124.25,0.003664072702771851
-19.5,124.5,0.0019505749556369015
-19.5,124.75,-0.0025048938585400934
-19.5,125.0,-0.004929089816730647
-19.5,125.25,-0.007130405770814312
-19.5,125.5,-0.00829603956136409
-19.5,125.75,-0.008799594278181238
-19.5,126.0,-0.008451494518833766
-19.5,126.25,-0.00923426349126246
-19.5,126.5,-0.012994374896931862
-19.5,126.75,-0.018679710726497607
-19.5,127.0,-0.025038454346802262
-19.5,127.25,-0.029179259789885864
-19.5,127.5,-0.027681342805209126
-19.5,127.75,-0.022782513851832067
-19.5,128.0,-0.018492978313311356
-19.5,128.25,-0.014840899431908925
-19.5,128.5,-0.014227291855162808
-19.5,128.75,-0.016785342483559534
-19.5,129.0,-0.018719729965752257
-19.5,129.25,-0.01997327058260063
-19.5,129.5,-0.02301314194642362
-19.5,129.75,-0.024984150380450522
-19.5,130.0,-0.028951234530125346
-19.5,130.25,-0.02888893442799426
-19.5,130.5,-0.032232451489627625
-19.5,130.75,-0.03851329598165605
-19.5,131.0,-0.04283632450526403
-19.5,131.25,-0.050598235135354726
-19.5,131.5,-0.05844262038732441
-19.5,131.75,-0.06663929324020587
-19.5,132.0,-0.07043194009345911
-19.5,132.25,-0.07454646780554737
-19.5,132.5,-0.07591882786336576
-19.5,132.75,-0.07686829015812172
-19.5,133.0,-0.08205093145592227
-19.5,133.25,-0.08263122738738145
-19.5,133.5,-0.08025832231422621
-19.5,133.75,-0.07726228195464327
-19.5,134.0,-0.08015675201479877
-19.5,134.25,-0.0825500711435563
-19.5,134.5,-0.08456495258890624
-19.5,134.75,-0.08432878236995921
-19.5,135.0,-0.08202574226029571
-19.5,135.25,-0.08152864172699906
-19.5,135.5,-0.08063444302062549
-19.5,135.75,-0.08010243133619604
-19.5,136.0,-0.07629608878300392
-19.5,136.25,-0.07343562732982849
-19.5,136.5,-0.06991850341721494
-19.5,136.75,-0.06843879113550343
-19.5,137.0,-0.0673358085617933
-19.5,137.25,-0.06698351771836834
-19.5,137.5,-0.06744204092260805
-19.5,137.75,-0.06748385442686933
-19.5,138.0,-0.0664834980276369
-19.5,138.25,-0.06660643016387309
-19.5,138.5,-0.06643094639072106
-19.5,138.75,-0.06567799505289822
-19.5,139.0,-0.06097734197974205
-19.5,139.25,-0.050910256455348905
-19.5,139.5,-0.04766632975633478
-19.5,139.75,-0.049688393244217706
-19.5,140.0,-0.051083808514799565
-19.5,140.25,-0.05319305196781421
-19.5,140.5,-0.05447750989627648
-19.5,140.75,-0.05446881882713309
-19.5,141.0,-0.05429397231921376
-19.5,141.25,-0.05294020404662227
-19.5,141.5,-0.05134796932827504
-19.5,141.75,-0.051192002732395415
-19.5,142.0,-0.050772798837472995
-19.5,142.25,-0.04603397758633253
-19.5,142.5,-0.03366689436758558
-19.5,142.75,-0.014240357030870482
-19.5,143.0,0.006464465534026247
-19.5,143.25,0.018960661554176892
-19.5,143.5,0.01872329582859363
-19.5,143.75,0.018273428947334955
-19.5,144.0,0.017991553616732183
-19.5,144.25,0.011634676043121588
-19.5,144.5,0.010727057076014934
-19.5,144.75,0.019269477323784184
-19.5,145.0,0.02613955564322948
-19.5,145.25,0.02970870898681737
-19.5,145.5,0.03154731596199175
-19.5,145.75,0.037203262921234236
-19.5,146.0,0.05193484332218456
-19.5,146.25,0.05773115782954154
-19.5,146.5,0.03838260045574446
-19.5,146.75,0.022513885324449454
-19.5,147.0,0.008343660272657871
-19.5,147.25,-0.0030790868636575482
-19.5,147.5,-0.013030017437856822
-19.5,147.75,-0.012922935201121227
-19.75,119.25,0.020204845198341422
-19.75,119.5,0.023277705877193338
-19.75,119.75,0.02843479518556879
-19.75,120.0,0.03074444184257161
-19.75,120.25,0.03155428981851964
-19.75,120.5,0.029141381602468236
-19.75,120.75,0.029841530911203118
-19.75,121.0,0.031510619451070115
-19.75,121.25,0.032530522153579766
-19.75,121.5,0.027834114649643502
-19.75,121.75,0.018737487519337306
-19.75,122.0,0.011889722868467548
-19.75,122.25,0.009737386160694379
-19.75,122.5,0.008016556193719484
-19.75,122.75,0.00585888089013419
-19.75,123.0,0.005937572900507976
-19.75,123.25,0.005911374314815649
-19.75,123.5,0.00732905444622572
-19.75,123.75,0.008875076786249077
-19.75,124.0,0.009211268313811161
-19.75,124.25,0.008833910784839341
-19.75,124.5,0.008471098760561463
-19.75,124.75,0.006211188973836778
-19.75,125.0,0.0036399702449368
-19.75,125.25,-0.00020515166855018054
-19.75,125.5,-0.005301640233734534
-19.75,125.75,-0.008568334825603026
-19.75,126.0,-0.009875177307930288
-19.75,126.25,-0.010820333429312866
-19.75,126.5,-0.013957655021832103
-19.75,126.75,-0.01686956087969953
-19.75,127.0,-0.022213798091702517
-19.75,127.25,-0.024975833261296862
-19.75,127.5,-0.024732971169231902
-19.75,127.75,-0.02312206064151334
-19.75,128.0,-0.020317989649871984
-19.75,128.25,-0.015621762048630488
-19.75,128.5,-0.014645388949706796
-19.75,128.75,-0.01512685522902757
-19.75,129.0,-0.013882251490750128
-19.75,129.25,-0.015125325992925182
-19.75,129.5,-0.016763760005345657
-19.75,129.75,-0.023016769922382774
-19.75,130.0,-0.02944726697612731
-19.75,130.25,-0.033658057750047495
-19.75,130.5,-0.038221857499419934
-19.75,130.75,-0.04156210375727997
-19.75,131.0,-0.045417134366219955
-19.75,131.25,-0.049602299143693275
-19.75,131.5,-0.06089499297862252
-19.75,131.75,-0.06909463940010895
-19.75,132.0,-0.07644743717142514
-19.75,132.25,-0.0793738054821179
-19.75,132.5,-0.08236537123365062
-19.75,132.75,-0.08372007709528718
-19.75,133.0,-0.0887502188871925
-19.75,133.25,-0.09178582562710202
-19.75,133.5,-0.08877162782896665
-19.75,133.75,-0.08608616120847208
-19.75,134.0,-0.08204864904816661
-19.75,134.25,-0.08498697274342357
-19.75,134.5,-0.08672405823495605
-19.75,134.75,-0.0880181115475439
-19.75,135.0,-0.08761795790245136
-19.75,135.25,-0.08976110350617784
-19.75,135.5,-0.09063103314644347
-19.75,135.75,-0.08895175666326569
-19.75,136.0,-0.08709734184667468
-19.75,136.25,-0.08225927630528099
-19.75,136.5,-0.08019360209637809
-19.75,136.75,-0.07766832585025224
-19.75,137.0,-0.07588406989927449
-19.75,137.25,-0.07502597556851383
-19.75,137.5,-0.07583007574458385
-19.75,137.75,-0.07598134802011329
-19.75,138.0,-0.07660324079694138
-19.75,138.25,-0.07581645171656938
-19.75,138.5,-0.0741405024304099
-19.75,138.75,-0.07081215553695247
-19.75,139.0,-0.06533768745582728
-19.75,139.25,-0.05419825057587808
-19.75,139.5,-0.05039723440450394
-19.75,139.75,-0.05054433509108743
-19.75,140.0,-0.05224800295019079
-19.75,140.25,-0.054265262182369566
-19.75,140.5,-0.05603181137980538
-19.75,140.75,-0.056028938565092785
-19.75,141.0,-0.05571115535816976
-19.75,141.25,-0.05246727167922516
-19.75,141.5,-0.04966623424580099
-19.75,141.75,-0.047152003691354326
-19.75,142.0,-0.0453069384420468
-19.75,142.25,-0.042091746444237375
-19.75,142.5,-0.03376120875944339
-19.75,142.75,-0.022147447448445573
-19.75,143.0,-0.007548918597222794
-19.75,143.25,0.006413823898903848
-19.75,143.5,0.022333805921620556
-19.75,143.75,0.028834898378478274
-19.75,144.0,0.040267479269407755
-19.75,144.25,0.03553151924695287
-19.75,144.5,0.028651156370705436
-19.75,144.75,0.02559274220728271
-19.75,145.0,0.030335675267269834
-19.75,145.25,0.035322009437229664
-19.75,145.5,0.038596592102909374
-19.75,145.75,0.037790122273422426
-19.75,146.0,0.044461620596814015
-19.75,146.25,0.05305043083083417
-19.75,146.5,0.05050659609204602
-19.75,146.75,0.037500877379040634
-19.75,147.0,0.02766374442116579
-19.75,147.25,0.017965429835021494
-19.75,147.5,0.002556547987097431
-19.75,147.75,-0.010024813068143668
-19.75,148.0,-0.013125849678908707
-19.75,148.25,-0.016040217162420354
-20.0,118.75,0.022164018238185063
-20.0,119.0,0.024071206849822332
-20.0,119.25,0.024844494780215123
-20.0,119.5,0.028819867081585383
-20.0,119.75,0.03571485005141724
-20.0,120.0,0.0398553128265554
-20.0,120.25,0.039513712742787206
-20.0,120.5,0.03750888747828347
-20.0,120.75,0.03634808111847156
-20.0,121.0,0.036730439011894524
-20.0,121.25,0.035092457008015894
-20.0,121.5,0.02867836444860413
-20.0,121.75,0.023238577347780977
-20.0,122.0,0.01824628898341741
-20.0,122.25,0.016855173724858712
-20.0,122.5,0.013719126160833098
-20.0,122.75,0.01480694143101573
-20.0,123.0,0.014751323440855014
-20.0,123.25,0.018853377723245926
-20.0,123.5,0.01777581972530156
-20.0,123.75,0.01717124166583138
-20.0,124.0,0.01415450406997739
-20.0,124.25,0.01147896623172398
-20.0,124.5,0.011725265395528237
-20.0,124.75,0.015287009581169558
-20.0,125.0,0.012776303814081031
-20.0,125.25,0.011038449244196748
-20.0,125.5,0.004873194434497107
-20.0,125.75,0.00022438431263989992
-20.0,126.0,-0.0031464930679205626
-20.0,126.25,-0.008363253804522434
-20.0,126.5,-0.012430253027040246
-20.0,126.75,-0.015744496605475434
-20.0,127.0,-0.017561029778083874
-20.0,127.25,-0.019279987398130333
-20.0,127.5,-0.022436789292398663
-20.0,127.75,-0.02271039029985245
-20.0,128.0,-0.023737004142077196
-20.0,128.25,-0.020533332294074908
-20.0,128.5,-0.019137491704896092
-20.0,128.75,-0.01674535738753288
-20.0,129.0,-0.014598651341206971
-20.0,129.25,-0.010788977451253838
-20.0,129.5,-0.012864162828884132
-20.0,129.75,-0.01867866168502674
-20.0,130.0,-0.02912084663708118
-20.0,130.25,-0.035705572657198426
-20.0,130.5,-0.04378325097883741
-20.0,130.75,-0.04864304548550752
-20.0,131.0,-0.050986303983344916
-20.0,131.25,-0.05863359357303818
-20.0,131.5,-0.06418746650063743
-20.0,131.75,-0.07798689440602348
-20.0,132.0,-0.08293094038963318
-20.0,132.25,-0.0883174656845984
-20.0,132.5,-0.0905519192251155
-20.0,132.75,-0.09408147254116124
-20.0,133.0,-0.09815901120392871
-20.0,133.25,-0.10120964972413189
-20.0,133.5,-0.1020533750074849
-20.0,133.75,-0.0968792040345198
-20.0,134.0,-0.0944169054528521
-20.0,134.25,-0.08989474549335205
-20.0,134.5,-0.09204934283874795
-20.0,134.75,-0.09280044598244352
-20.0,135.0,-0.09455608613899953
-20.0,135.25,-0.09800799309630834
-20.0,135.5,-0.10039522960723843
-20.0,135.75,-0.09934718569385864
-20.0,136.0,-0.09289347101002932
-20.0,136.25,-0.08884678123507737
-20.0,136.5,-0.08384783654529158
-20.0,136.75,-0.08229476778069511
-20.0,137.0,-0.07924940382529583
-20.0,137.25,-0.0780228501385344
-20.0,137.5,-0.080494027055933
-20.0,137.75,-0.0828977718505831
-20.0,138.0,-0.08332475044021738
-20.0,138.25,-0.08214163047516541
-20.0,138.5,-0.07861245246881264
-20.0,138.75,-0.0751521694651317
-20.0,139.0,-0.0686450724623033
-20.0,139.25,-0.062268395695303166
-20.0,139.5,-0.058829724265351185
-20.0,139.75,-0.0584465793289599
-20.0,140.0,-0.058575927191192194
-20.0,140.25,-0.05988707088288807
-20.0,140.5,-0.0585953847106014
-20.0,140.75,-0.05852916194569497
-20.0,141.0,-0.057477827425602646
-20.0,141.25,-0.054283504200256655
-20.0,141.5,-0.05010313680229176
-20.0,141.75,-0.04652873738613423
-20.0,142.0,-0.043714108593052345
-20.0,142.25,-0.040396214870824704
-20.0,142.5,-0.03559673685397554
-20.0,142.75,-0.027604537651218595
-20.0,143.0,-0.01955959981285213
-20.0,143.25,0.001762042701288703
-20.0,143.5,0.022966720188213954
-20.0,143.75,0.04256709004084336
-20.0,144.0,0.05530057204443784
-20.0,144.25,0.05391024410644258
-20.0,144.5,0.05148615524882362
-20.0,144.75,0.0488998502354315
-20.0,145.0,0.04852253556129567
-20.0,145.25,0.05369658503415329
-20.0,145.5,0.05158014319826006
-20.0,145.75,0.04977712579282178
-20.0,146.0,0.04990986332607766
-20.0,146.25,0.05255016805160613
-20.0,146.5,0.051406008608284454
-20.0,146.75,0.04884124421071084
-20.0,147.0,0.039850750798359515
-20.0,147.25,0.03507659421825554
-20.0,147.5,0.017420818987080738
-20.0,147.75,0.005138838633761874
-20.0,148.0,-0.00723453189601146
-20.0,148.25,-0.016695156934050222
-20.0,148.5,-0.02177112810888849
-20.25,118.0,0.010846435099041887
-20.25,118.25,0.016870115001109385
-20.25,118.5,0.02292708545657141
-20.25,118.75,0.029643319210680644
-20.25,119.0,0.0310858409630046
-20.25,119.25,0.030426493976708678
-20.25,119.5,0.03315221290630732
-20.25,119.75,0.03705331426158193
-20.25,120.0,0.04063142240934429
-20.25,120.25,0.040208860633096526
-20.25,120.5,0.039240943542903375
-20.25,120.75,0.03895009200842608
-20.25,121.0,0.03465021302702856
-20.25,121.25,0.03209903551088203
-20.25,121.5,0.026897532558290378
-20.25,121.75,0.025087286937715753
-20.25,122.0,0.02390607134293532
-20.25,122.25,0.022736723491522882
-20.25,122.5,0.023926599474535102
-20.25,122.75,0.024485612770132278
-20.25,123.0,0.029460888765087085
-20.25,123.25,0.028251164767979866
-20.25,123.5,0.027089996862646546
-20.25,123.75,0.022794183256060238
-20.25,124.0,0.016766646774929193
-20.25,124.25,0.013384255187563775
-20.25,124.5,0.013337644228678463
-20.25,124.75,0.0160788208448572
-20.25,125.0,0.01937974788680939
-20.25,125.25,0.01589312716165469
-20.25,125.5,0.013260616456890213
-20.25,125.75,0.00913707936692628
-20.25,126.0,0.006079451184389958
-20.25,126.25,-0.0021257215234938833
-20.25,126.5,-0.009994774619831117
-20.25,126.75,-0.013777599414416251
-20.25,127.0,-0.01647942382620559
-20.25,127.25,-0.019273178545492035
-20.25,127.5,-0.022290505805895443
-20.25,127.75,-0.028741519460232838
-20.25,128.0,-0.031789408597563
-20.25,128.25,-0.027440152407091644
-20.25,128.5,-0.02400658666599719
-20.25,128.75,-0.021288924588311817
-20.25,129.0,-0.019171528457220467
-20.25,129.25,-0.016384198538504452
-20.25,129.5,-0.013328366479392917
-20.25,129.75,-0.01980986267638703
-20.25,130.0,-0.0273647083013895
-20.25,130.25,-0.0380570476741663
-20.25,130.5,-0.04686428057916817
-20.25,130.75,-0.05452446052083923
-20.25,131.0,-0.060994457071536175
-20.25,131.25,-0.06632779052015395
-20.25,131.5,-0.07682045759671989
-20.25,131.75,-0.08040278465043577
-20.25,132.0,-0.08986988129285496
-20.25,132.25,-0.09234158631089875
-20.25,132.5,-0.09586049948619413
-20.25,132.75,-0.09854675477947153
-20.25,133.0,-0.10110013321973384
-20.25,133.25,-0.105438852616741
-20.25,133.5,-0.10607380990958995
-20.25,133.75,-0.10442467822826335
-20.25,134.0,-0.09842051267845645
-20.25,134.25,-0.09638312438750983
-20.25,134.5,-0.09453412054350512
-20.25,134.75,-0.09737749927056333
-20.25,135.0,-0.09890015048994905
-20.25,135.25,-0.10173835188505195
-20.25,135.5,-0.10529093395785562
-20.25,135.75,-0.10258570038824387
-20.25,136.0,-0.09906391013369319
-20.25,136.25,-0.09104039265907236
-20.25,136.5,-0.08705359391141905
-20.25,136.75,-0.08215125101075198
-20.25,137.0,-0.07852077697669821
-20.25,137.25,-0.0768380265572064
-20.25,137.5,-0.08064227161840314
-20.25,137.75,-0.0835204278728703
-20.25,138.0,-0.08555986395416161
-20.25,138.25,-0.08424289430258795
-20.25,138.5,-0.08030734349685233
-20.25,138.75,-0.0742250210575072
-20.25,139.0,-0.07134826438324082
-20.25,139.25,-0.06904188722283358
-20.25,139.5,-0.06903798423618787
-20.25,139.75,-0.07052237012734015
-20.25,140.0,-0.07054252466630367
-20.25,140.25,-0.0671454284074051
-20.25,140.5,-0.06547276790120772
-20.25,140.75,-0.06389876783248924
-20.25,141.0,-0.0633805853913405
-20.25,141.25,-0.05871285028489573
-20.25,141.5,-0.05305995517188594
-20.25,141.75,-0.049499952464941
-20.25,142.0,-0.04691835589529503
-20.25,142.25,-0.044727367674931885
-20.25,142.5,-0.04030684183540177
-20.25,142.75,-0.03479264374185559
-20.25,143.0,-0.023355040512424673
-20.25,143.25,-0.006800703390590137
-20.25,143.5,0.01805206386211683
-20.25,143.75,0.04403744203348955
-20.25,144.0,0.05965688685066111
-20.25,144.25,0.06606200764044409
-20.25,144.5,0.06991408851685091
-20.25,144.75,0.07374763567710206
-20.25,145.0,0.07456549334539367
-20.25,145.25,0.06894546285648609
-20.25,145.5,0.06477959135635977
-20.25,145.75,0.0662764172759905
-20.25,146.0,0.06673327102769344
-20.25,146.25,0.06513243502981605
-20.25,146.5,0.06053227388488484
-20.25,146.75,0.056656960462264365
-20.25,147.0,0.05167935975616621
-20.25,147.25,0.04467031388277454
-20.25,147.5,0.03563521495795742
-20.25,147.75,0.018186574349445955
-20.25,148.0,0.008175693206222995
-20.25,148.25,-0.007711804281210616
-20.25,148.5,-0.01785998473919573
-20.25,148.75,-0.020921678475237317
-20.5,116.5,0.004659756190431792
-20.5,116.75,0.006024273347464346
-20.5,117.0,0.008145057029711704
-20.5,117.25,0.005877826386269936
-20.5,117.5,0.005033013158078705
-20.5,117.75,0.008353503019593301
-20.5,118.0,0.015003406544149453
-20.5,118.25,0.021705588321423247
-20.5,118.5,0.029648129996799288
-20.5,118.75,0.036128988850950484
-20.5,119.0,0.036442808248102664
-20.5,119.25,0.0328582680473725
-20.5,119.5,0.03247464694653726
-20.5,119.75,0.0338606011432906
-20.5,120.0,0.037469167206602705
-20.5,120.25,0.03789049891888031
-20.5,120.5,0.03841739416682339
-20.5,120.75,0.03462996853825947
-20.5,121.0,0.03092069527622135
-20.5,121.25,0.026751278943958737
-20.5,121.5,0.026364098691071074
-20.5,121.75,0.028825476122576566
-20.5,122.0,0.032417661785369825
-20.5,122.25,0.03599070922826372
-20.5,122.5,0.03571360842324793
-20.5,122.75,0.03922071319871715
-20.5,123.0,0.03715565040751937
-20.5,123.25,0.03651217854847866
-20.5,123.5,0.03212180221065258
-20.5,123.75,0.025875782005771595
-20.5,124.0,0.02078131508037803
-20.5,124.25,0.01667413231783766
-20.5,124.5,0.014768145010540528
-20.5,124.75,0.014056075819098623
-20.5,125.0,0.016514419656180376
-20.5,125.25,0.018258873966433817
-20.5,125.5,0.014023576858675196
-20.5,125.75,0.011075994650655913
-20.5,126.0,0.007842992329027592
-20.5,126.25,-0.000482973192508022
-20.5,126.5,-0.009787127459865241
-20.5,126.75,-0.01401837248399499
-20.5,127.0,-0.013179685472555104
-20.5,127.25,-0.017378737655374045
-20.5,127.5,-0.026634345079184555
-20.5,127.75,-0.03625031141120763
-20.5,128.0,-0.03990327437045164
-20.5,128.25,-0.0336550107691437
-20.5,128.5,-0.026592657771626754
-20.5,128.75,-0.02326236514130696
-20.5,129.0,-0.022350716881226702
-20.5,129.25,-0.02210461346964751
-20.5,129.5,-0.020021386681834147
-20.5,129.75,-0.02120980471926963
-20.5,130.0,-0.028559134319602025
-20.5,130.25,-0.036804693462162114
-20.5,130.5,-0.0458579272314507
-20.5,130.75,-0.056262905802577735
-20.5,131.0,-0.06794755173669685
-20.5,131.25,-0.07758166248067504
-20.5,131.5,-0.08296686364892161
-20.5,131.75,-0.09026619240785727
-20.5,132.0,-0.09016276983810323
-20.5,132.25,-0.09534267374879814
-20.5,132.5,-0.09568098417727187
-20.5,132.75,-0.0969749299188455
-20.5,133.0,-0.09947643009724007
-20.5,133.25,-0.10040531825063573
-20.5,133.5,-0.10390850390706743
-20.5,133.75,-0.10320867496054797
-20.5,134.0,-0.09976247109450577
-20.5,134.25,-0.09410120067851883
-20.5,134.5,-0.09499648494002898
-20.5,134.75,-0.09778000240191995
-20.5,135.0,-0.10127608193004216
-20.5,135.25,-0.10363256790331521
-20.5,135.5,-0.10469811845839666
-20.5,135.75,-0.10462504878329734
-20.5,136.0,-0.09783840478547583
-20.5,136.25,-0.09396668090595908
-20.5,136.5,-0.08821918782556341
-20.5,136.75,-0.08395601836077514
-20.5,137.0,-0.07766093405883848
-20.5,137.25,-0.07517455127533702
-20.5,137.5,-0.07758205616624937
-20.5,137.75,-0.08102708335167595
-20.5,138.0,-0.08247036611927407
-20.5,138.25,-0.08321595259587325
-20.5,138.5,-0.08007657046961997
-20.5,138.75,-0.07357965990280112
-20.5,139.0,-0.07104335224610708
-20.5,139.25,-0.07348133882596379
-20.5,139.5,-0.07742784844179239
-20.5,139.75,-0.07957348851043554
-20.5,140.0,-0.07915542197103302
-20.5,140.25,-0.0757971371213595
-20.5,140.5,-0.07173202656475561
-20.5,140.75,-0.07097328757975317
-20.5,141.0,-0.06889478786449348
-20.5,141.25,-0.06478635828243569
-20.5,141.5,-0.05813796665197948
-20.5,141.75,-0.05439319429431288
-20.5,142.0,-0.05209514389723717
-20.5,142.25,-0.05001549515762322
-20.5,142.5,-0.044073754091126224
-20.5,142.75,-0.03694986913441902
-20.5,143.0,-0.027418115393291892
-20.5,143.25,-0.015459984136257498
-20.5,143.5,0.004819999322561281
-20.5,143.75,0.03292681257950053
-20.5,144.0,0.05577379395032213
-20.5,144.25,0.06975915551828664
-20.5,144.5,0.07854357323210154
-20.5,144.75,0.08311300327969505
-20.5,145.0,0.08727362090555418
-20.5,145.25,0.08071466263694067
-20.5,145.5,0.07126852915334027
-20.5,145.75,0.07386468202762661
-20.5,146.0,0.07396485134737478
-20.5,146.25,0.07290777344079245
-20.5,146.5,0.06960606467688367
-20.5,146.75,0.06467261056504434
-20.5,147.0,0.056434520765296405
-20.5,147.25,0.047899657592088696
-20.5,147.5,0.036939255448080424
-20.5,147.75,0.028657296986784785
-20.5,148.0,0.016882915049791336
-20.5,148.25,0.0008024264027231506
-20.5,148.5,-0.009400948276188934
-20.5,148.75,-0.015192472127576668
-20.5,149.0,-0.016904833651192133
-20.75,116.0,0.022397769353396837
-20.75,116.25,0.018170789431314914
-20.75,116.5,0.016460997049441737
-20.75,116.75,0.020072761350491505
-20.75,117.0,0.021438334371556438
-20.75,117.25,0.017827771253706444
-20.75,117.5,0.015970428881701082
-20.75,117.75,0.019537272516615866
-20.75,118.0,0.024456212369148574
-20.75,118.25,0.030467971137148282
-20.75,118.5,0.03868262371979654
-20.75,118.75,0.03992112219954531
-20.75,119.0,0.03704265511284272
-20.75,119.25,0.03532765904397127
-20.75,119.5,0.03443333997967697
-20.75,119.75,0.03633194344777924
-20.75,120.0,0.03644024851465864
-20.75,120.25,0.03533639443284344
-20.75,120.5,0.032919947600125204
-20.75,120.75,0.0310770576598034
-20.75,121.0,0.028525945980523135
-20.75,121.25,0.02721909487376078
-20.75,121.5,0.03104393227203261
-20.75,121.75,0.03607090934224072
-20.75,122.0,0.04236434416934138
-20.75,122.25,0.04573400819541088
-20.75,122.5,0.04661983256450011
-20.75,122.75,0.04549245969503231
-20.75,123.0,0.04256801054801881
-20.75,123.25,0.03991501795729467
-20.75,123.5,0.03550699614210143
-20.75,123.75,0.03054380325622679
-20.75,124.0,0.02577500328244198
-20.75,124.25,0.020141405777429185
-20.75,124.5,0.014342812503067156
-20.75,124.75,0.012210439999831752
-20.75,125.0,0.012655581016137842
-20.75,125.25,0.012586933594654208
-20.75,125.5,0.01056935427200404
-20.75,125.75,0.006833378813185152
-20.75,126.0,0.0033272596353310204
-20.75,126.25,-0.0025803708005696533
-20.75,126.5,-0.011686625579161392
-20.75,126.75,-0.01556613427015864
-20.75,127.0,-0.01446656944629337
-20.75,127.25,-0.01762699629679056
-20.75,127.5,-0.029185414355985508
-20.75,127.75,-0.04050661284099555
-20.75,128.0,-0.043948506559467033
-20.75,128.25,-0.03661697294806973
-20.75,128.5,-0.02896049860421391
-20.75,128.75,-0.026324865812923582
-20.75,129.0,-0.02706126192850726
-20.75,129.25,-0.02757900267662037
-20.75,129.5,-0.02775617900881029
-20.75,129.75,-0.028490704852378083
-20.75,130.0,-0.031234707510364907
-20.75,130.25,-0.036775925691195185
-20.75,130.5,-0.04412725518147151
-20.75,130.75,-0.05472243616601363
-20.75,131.0,-0.07081851758661546
-20.75,131.25,-0.08448840638267852
-20.75,131.5,-0.09168419384347674
-20.75,131.75,-0.09236551805931542
-20.75,132.0,-0.09081718425066876
-20.75,132.25,-0.09202916391659528
-20.75,132.5,-0.09319550770423597
-20.75,132.75,-0.09319109698269694
-20.75,133.0,-0.09476102669834204
-20.75,133.25,-0.09762182802771263
-20.75,133.5,-0.09989125214716686
-20.75,133.75,-0.1006129365857868
-20.75,134.0,-0.09905212044083912
-20.75,134.25,-0.09501187767656076
-20.75,134.5,-0.09164393183198713
-20.75,134.75,-0.09431718830407286
-20.75,135.0,-0.09937317964365883
-20.75,135.25,-0.10286807927990421
-20.75,135.5,-0.10432494318700351
-20.75,135.75,-0.10214002200296991
-20.75,136.0,-0.09707540671747882
-20.75,136.25,-0.09392644998262681
-20.75,136.5,-0.09071941371075809
-20.75,136.75,-0.08394859079493298
-20.75,137.0,-0.0777752570272458
-20.75,137.25,-0.07402425240891586
-20.75,137.5,-0.07485056834827576
-20.75,137.75,-0.07828392287982362
-20.75,138.0,-0.07959252315174256
-20.75,138.25,-0.07946947892861707
-20.75,138.5,-0.07761350442555599
-20.75,138.75,-0.07356915710704579
-20.75,139.0,-0.07252748398875286
-20.75,139.25,-0.07504754189091424
-20.75,139.5,-0.08034162089406024
-20.75,139.75,-0.0841138458417152
-20.75,140.0,-0.08309805429695795
-20.75,140.25,-0.07785638103752197
-20.75,140.5,-0.07510638439229557
-20.75,140.75,-0.0756988980764596
-20.75,141.0,-0.07415917688714606
-20.75,141.25,-0.06820222119969827
-20.75,141.5,-0.06334826590582018
-20.75,141.75,-0.05923224779766142
-20.75,142.0,-0.056133449570223176
-20.75,142.25,-0.053345584288416875
-20.75,142.5,-0.04607085651063937
-20.75,142.75,-0.03789174377341711
-20.75,143.0,-0.03183176779143867
-20.75,143.25,-0.02339085017391924
-20.75,143.5,-0.009416458913169447
-20.75,143.75,0.014195832200944314
-20.75,144.0,0.04079689993218164
-20.75,144.25,0.06235286127997651
-20.75,144.5,0.07448908296757423
-20.75,144.75,0.08276061341887163
-20.75,145.0,0.09044844792889697
-20.75,145.25,0.08733346636540124
-20.75,145.5,0.07813801373676618
-20.75,145.75,0.07235293221837354
-20.75,146.0,0.06897029399350729
-20.75,146.25,0.06831834394418235
-20.75,146.5,0.0650617502683807
-20.75,146.75,0.06117403928711567
-20.75,147.0,0.05987787962713767
-20.75,147.25,0.05307575079412865
-20.75,147.5,0.039991001249291
-20.75,147.75,0.030433148712784585
-20.75,148.0,0.021189914858578483
-20.75,148.25,0.0038742608934020004
-20.75,148.5,-0.00876401948210384
-20.75,148.75,-0.011309368141727255
-20.75,149.0,-0.012699652423283884
-21.0,115.75,0.03549613536424225
-21.0,116.0,0.030636973477279148
-21.0,116.25,0.0306931091600009
-21.0,116.5,0.03236453974663857
-21.0,116.75,0.03754575447584059
-21.0,117.0,0.03808375477813007
-21.0,117.25,0.034885190413444345
-21.0,117.5,0.03273336505143171
-21.0,117.75,0.03285935912835634
-21.0,118.0,0.03227436431195764
-21.0,118.25,0.03635549915156194
-21.0,118.5,0.04204591069581164
-21.0,118.75,0.0403498409715082
-21.0,119.0,0.03811085671352755
-21.0,119.25,0.040872462612709826
-21.0,119.5,0.04284786611706728
-21.0,119.75,0.04326448652982002
-21.0,120.0,0.03961664687487341
-21.0,120.25,0.03510365010061789
-21.0,120.5,0.031216862133892607
-21.0,120.75,0.029917568190112
-21.0,121.0,0.031843310483132624
-21.0,121.25,0.03105349776423758
-21.0,121.5,0.034524536416644144
-21.0,121.75,0.040375257843351435
-21.0,122.0,0.04582979363566708
-21.0,122.25,0.04974981215948771
-21.0,122.5,0.0496107724872196
-21.0,122.75,0.04731273247993418
-21.0,123.0,0.04502897520239155
-21.0,123.25,0.04157968538569375
-21.0,123.5,0.03810594403739309
-21.0,123.75,0.03503817160048389
-21.0,124.0,0.029073496198370342
-21.0,124.25,0.023580267992136732
-21.0,124.5,0.015969547019007484
-21.0,124.75,0.014028811143361963
-21.0,125.0,0.014003383287733111
-21.0,125.25,0.01200600979583604
-21.0,125.5,0.004722174281431806
-21.0,125.75,-0.0025113366594138953
-21.0,126.0,-0.005490381868245701
-21.0,126.25,-0.007914824083647026
-21.0,126.5,-0.015619393429785435
-21.0,126.75,-0.019940514080337292
-21.0,127.0,-0.02057659541079331
-21.0,127.25,-0.024765300212172967
-21.0,127.5,-0.03388631043600894
-21.0,127.75,-0.041763451542439205
-21.0,128.0,-0.043482245745447776
-21.0,128.25,-0.03630459399649962
-21.0,128.5,-0.03208833146075319
-21.0,128.75,-0.03247055700714035
-21.0,129.0,-0.03431773964049561
-21.0,129.25,-0.03547039608515444
-21.0,129.5,-0.036463688038999124
-21.0,129.75,-0.0364282541985934
-21.0,130.0,-0.03758899073471271
-21.0,130.25,-0.03915846309447218
-21.0,130.5,-0.04589412228087895
-21.0,130.75,-0.05330726917683413
-21.0,131.0,-0.06724310588158135
-21.0,131.25,-0.08285467377946978
-21.0,131.5,-0.09183968618467805
-21.0,131.75,-0.09301338362773615
-21.0,132.0,-0.09109692831095474
-21.0,132.25,-0.09000161764367173
-21.0,132.5,-0.08766744616552301
-21.0,132.75,-0.08864473113360527
-21.0,133.0,-0.09078074353303583
-21.0,133.25,-0.09064490759767414
-21.0,133.5,-0.094835898016269
-21.0,133.75,-0.09817720907075064
-21.0,134.0,-0.10028874403020988
-21.0,134.25,-0.09780129793174898
-21.0,134.5,-0.09192716568774943
-21.0,134.75,-0.09220169419810796
-21.0,135.0,-0.09367820954704213
-21.0,135.25,-0.0962648768432527
-21.0,135.5,-0.09726316185413106
-21.0,135.75,-0.09651996597919303
-21.0,136.0,-0.09497578605577084
-21.0,136.25,-0.09441781027985383
-21.0,136.5,-0.09173733013892724
-21.0,136.75,-0.08484167146795829
-21.0,137.0,-0.0794420224780749
-21.0,137.25,-0.07476948681952698
-21.0,137.5,-0.0750876315425904
-21.0,137.75,-0.07860201743564435
-21.0,138.0,-0.07961413627490402
-21.0,138.25,-0.07902888047309327
-21.0,138.5,-0.07786373599831548
-21.0,138.75,-0.07617432037146674
-21.0,139.0,-0.07483350264096987
-21.0,139.25,-0.07640085695311427
-21.0,139.5,-0.08078563087564405
-21.0,139.75,-0.08149279265919523
-21.0,140.0,-0.07949579844606064
-21.0,140.25,-0.07783562672668182
-21.0,140.5,-0.0757749714932981
-21.0,140.75,-0.07908081274834416
-21.0,141.0,-0.0778575207095682
-21.0,141.25,-0.07113123132536808
-21.0,141.5,-0.06607758348053765
-21.0,141.75,-0.06307593795964272
-21.0,142.0,-0.05965891389531039
-21.0,142.25,-0.05618553263844833
-21.0,142.5,-0.049257041633661305
-21.0,142.75,-0.040525353854034274
-21.0,143.0,-0.03447759047017566
-21.0,143.25,-0.02839432641242941
-21.0,143.5,-0.018082359935007324
-21.0,143.75,-0.002556428388925269
-21.0,144.0,0.02260578940511637
-21.0,144.25,0.04646993793014969
-21.0,144.5,0.06364128651053068
-21.0,144.75,0.07734428812483592
-21.0,145.0,0.0861338047887243
-21.0,145.25,0.08680328960707855
-21.0,145.5,0.07863962017387773
-21.0,145.75,0.0699440208308044
-21.0,146.0,0.06387455398882073
-21.0,146.25,0.05777605569289465
-21.0,146.5,0.05510118295621526
-21.0,146.75,0.05363928492318207
-21.0,147.0,0.05652574345114685
-21.0,147.25,0.05899649925669932
-21.0,147.5,0.05123617509989777
-21.0,147.75,0.03920606232939116
-21.0,148.0,0.020088038986016597
-21.0,148.25,0.0028199364375766545
-21.0,148.5,-0.0032995554862455243
-21.0,148.75,-0.005567103758498671
-21.0,149.0,-0.0061022902221468805
-21.0,149.25,-0.00872909640117238
-21.25,115.25,0.05865240920601147
-21.25,115.5,0.05477140226756178
-21.25,115.75,0.04986689627347957
-21.25,116.0,0.046023847923858004
-21.25,116.25,0.044050366419833155
-21.25,116.5,0.04472684072929301
-21.25,116.75,0.04572988969074296
-21.25,117.0,0.04459400533565453
-21.25,117.25,0.04246288319728116
-21.25,117.5,0.042569365316913244
-21.25,117.75,0.04020886010742591
-21.25,118.0,0.038685328559949994
-21.25,118.25,0.03981656532712458
-21.25,118.5,0.04541146784488644
-21.25,118.75,0.04559527191366734
-21.25,119.0,0.04438466883397528
-21.25,119.25,0.04334473421442367
-21.25,119.5,0.04614250466582321
-21.25,119.75,0.04250017751141318
-21.25,120.0,0.03770078235704984
-21.25,120.25,0.03301849405369943
-21.25,120.5,0.03081750813428135
-21.25,120.75,0.03188327731165503
-21.25,121.0,0.033437873098245335
-21.25,121.25,0.03277959623152302
-21.25,121.5,0.03393111234042971
-21.25,121.75,0.04051923369333963
-21.25,122.0,0.04754636544246404
-21.25,122.25,0.049896447551769335
-21.25,122.5,0.04994830758687818
-21.25,122.75,0.047785221264209775
-21.25,123.0,0.045461039136474334
-21.25,123.25,0.04329359055125332
-21.25,123.5,0.0408327888519991
-21.25,123.75,0.035474978908452956
-21.25,124.0,0.028832169178141548
-21.25,124.25,0.022135296869271855
-21.25,124.5,0.020812494816657687
-21.25,124.75,0.019554204449412367
-21.25,125.0,0.018030373468753254
-21.25,125.25,0.013619227169034449
-21.25,125.5,0.004732365008177502
-21.25,125.75,-0.0035274977920510407
-21.25,126.0,-0.009159407385491898
-21.25,126.25,-0.014509115279430435
-21.25,126.5,-0.020286652279485548
-21.25,126.75,-0.02532116844806643
-21.25,127.0,-0.026396569176687902
-21.25,127.25,-0.03148255044167551
-21.25,127.5,-0.03855315326176684
-21.25,127.75,-0.04563487898225763
-21.25,128.0,-0.04491576047924658
-21.25,128.25,-0.03612926039467788
-21.25,128.5,-0.034008482823680554
-21.25,128.75,-0.03683267373236872
-21.25,129.0,-0.03907487243857412
-21.25,129.25,-0.04060664799596582
-21.25,129.5,-0.043035874414878585
-21.25,129.75,-0.0447690232967337
-21.25,130.0,-0.046253165855471574
-21.25,130.25,-0.046734311358471003
-21.25,130.5,-0.04881042101797426
-21.25,130.75,-0.056114162658784716
-21.25,131.0,-0.06404176857457579
-21.25,131.25,-0.07568687959685035
-21.25,131.5,-0.08702423339598768
-21.25,131.75,-0.09225350974114907
-21.25,132.0,-0.09205201512779154
-21.25,132.25,-0.08964573200376305
-21.25,132.5,-0.0879400245146826
-21.25,132.75,-0.08551862920423792
-21.25,133.0,-0.0813410910664797
-21.25,133.25,-0.08024457636333647
-21.25,133.5,-0.08448182998358139
-21.25,133.75,-0.09208045154588208
-21.25,134.0,-0.09610459800654401
-21.25,134.25,-0.09462961192863682
-21.25,134.5,-0.08990264627652886
-21.25,134.75,-0.08748508019052678
-21.25,135.0,-0.08601203426230876
-21.25,135.25,-0.0854717109180499
-21.25,135.5,-0.0876080428948626
-21.25,135.75,-0.09126067245379091
-21.25,136.0,-0.09395382504555441
-21.25,136.25,-0.09499567971409609
-21.25,136.5,-0.09300381399779803
-21.25,136.75,-0.08819197689936985
-21.25,137.0,-0.08207728115486956
-21.25,137.25,-0.07945261055526014
-21.25,137.5,-0.07793456287167612
-21.25,137.75,-0.07937757471365676
-21.25,138.0,-0.08214738991643701
-21.25,138.25,-0.08142477034846143
-21.25,138.5,-0.08091659810660141
-21.25,138.75,-0.07876543429170159
-21.25,139.0,-0.07728194583212912
-21.25,139.25,-0.07474118975279409
-21.25,139.5,-0.07277345974996154
-21.25,139.75,-0.0706461331751641
-21.25,140.0,-0.06821191239702915
-21.25,140.25,-0.06959653353052479
-21.25,140.5,-0.07332000143027731
-21.25,140.75,-0.07825912215879985
-21.25,141.0,-0.07615791410013723
-21.25,141.25,-0.07022561791042486
-21.25,141.5,-0.06579632466392858
-21.25,141.75,-0.06507581203865508
-21.25,142.0,-0.06380361926165365
-21.25,142.25,-0.05950607797518993
-21.25,142.5,-0.05178749187450324
-21.25,142.75,-0.042664921356065734
-21.25,143.0,-0.03567129571955385
-21.25,143.25,-0.029287336522802
-21.25,143.5,-0.021959479353834122
-21.25,143.75,-0.009677671155839649
-21.25,144.0,0.009950791807915223
-21.25,144.25,0.039395614491132575
-21.25,144.5,0.05858806898052405
-21.25,144.75,0.06997538058716427
-21.25,145.0,0.07846817784011365
-21.25,145.25,0.081628604417312
-21.25,145.5,0.07793546168333186
-21.25,145.75,0.06805806251941249
-21.25,146.0,0.05411458911285514
-21.25,146.25,0.04913502304947802
-21.25,146.5,0.05208813450576383
-21.25,146.75,0.05448983738779567
-21.25,147.0,0.051676011084401535
-21.25,147.25,0.05685309730179142
-21.25,147.5,0.05927552005852617
-21.25,147.75,0.04647611374689621
-21.25,148.0,0.022915767855010927
-21.25,148.25,0.010576655559374818
-21.25,148.5,0.007697916862976161
-21.25,148.75,0.0017540585804021074
-21.25,149.0,0.0007447334095126107
-21.25,149.25,-0.0052618755792666755
-21.25,149.5,-0.00830246073504289
-21.5,114.75,0.06905353946079101
-21.5,115.0,0.06437520692568449
-21.5,115.25,0.06470255400165029
-21.5,115.5,0.06804712607214848
-21.5,115.75,0.06537895754223601
-21.5,116.0,0.056357126179639075
-21.5,116.25,0.04890944573229977
-21.5,116.5,0.04718313115770884
-21.5,116.75,0.04785971722476894
-21.5,117.0,0.0430275643133514
-21.5,117.25,0.040104699056939266
-21.5,117.5,0.04110041927058427
-21.5,117.75,0.04462746803058378
-21.5,118.0,0.04743280476846155
-21.5,118.25,0.04829912369050795
-21.5,118.5,0.052385186456099506
-21.5,118.75,0.04933919507477965
-21.5,119.0,0.043984871148131786
-21.5,119.25,0.04175763971926201
-21.5,119.5,0.042944498455506706
-21.5,119.75,0.04227999896808927
-21.5,120.0,0.03879786833145079
-21.5,120.25,0.03607733128592372
-21.5,120.5,0.03516011399970878
-21.5,120.75,0.03634075371082872
-21.5,121.0,0.03678894119248504
-21.5,121.25,0.035944122869876166
-21.5,121.5,0.03726820558741955
-21.5,121.75,0.04438912200275809
-21.5,122.0,0.04771813565887333
-21.5,122.25,0.04899830579025937
-21.5,122.5,0.049248840596937085
-21.5,122.75,0.04680550378702936
-21.5,123.0,0.044218152795151254
-21.5,123.25,0.041666521091524154
-21.5,123.5,0.03999376512698031
-21.5,123.75,0.03555220406546834
-21.5,124.0,0.029528049106842705
-21.5,124.25,0.025260317797628454
-21.5,124.5,0.025485665949028253
-21.5,124.75,0.024643421716921562
-21.5,125.0,0.024171061840163367
-21.5,125.25,0.022188154164524306
-21.5,125.5,0.015941057833177702
-21.5,125.75,0.005384125324330636
-21.5,126.0,-0.0068230403759073285
-21.5,126.25,-0.017505644062267883
-21.5,126.5,-0.02678743717232941
-21.5,126.75,-0.031042681339507303
-21.5,127.0,-0.030312421499928903
-21.5,127.25,-0.02946246334329425
-21.5,127.5,-0.03324480755531806
-21.5,127.75,-0.04235054259133037
-21.5,128.0,-0.04442402742958317
-21.5,128.25,-0.037758497964768184
-21.5,128.5,-0.03570694673828603
-21.5,128.75,-0.03799543394000336
-21.5,129.0,-0.04117582937081655
-21.5,129.25,-0.04473548625995006
-21.5,129.5,-0.05041446538553351
-21.5,129.75,-0.057344617621440976
-21.5,130.0,-0.06074879469261283
-21.5,130.25,-0.0603904101150831
-21.5,130.5,-0.05958026598950493
-21.5,130.75,-0.062236318022752084
-21.5,131.0,-0.06683011631636569
-21.5,131.25,-0.06949615817533673
-21.5,131.5,-0.07752685385002267
-21.5,131.75,-0.0857848648935379
-21.5,132.0,-0.08786331914320943
-21.5,132.25,-0.08617596518292668
-21.5,132.5,-0.08418733142427214
-21.5,132.75,-0.08034837583656468
-21.5,133.0,-0.07510599017010204
-21.5,133.25,-0.07333228069806605
-21.5,133.5,-0.07864764870980816
-21.5,133.75,-0.08482964629129995
-21.5,134.0,-0.08737583759883862
-21.5,134.25,-0.08517764313783985
-21.5,134.5,-0.08477597519577969
-21.5,134.75,-0.0812143874509881
-21.5,135.0,-0.07381359633235704
-21.5,135.25,-0.07264557056395071
-21.5,135.5,-0.07754800272883759
-21.5,135.75,-0.08462115177618605
-21.5,136.0,-0.09142631504773384
-21.5,136.25,-0.0934703310020268
-21.5,136.5,-0.09179210101165587
-21.5,136.75,-0.08709325036255731
-21.5,137.0,-0.08201090661107065
-21.5,137.25,-0.08088125057873272
-21.5,137.5,-0.08071731185274465
-21.5,137.75,-0.08067973644439397
-21.5,138.0,-0.08186882316201394
-21.5,138.25,-0.08264898341868891
-21.5,138.5,-0.08366032167188157
-21.5,138.75,-0.08228392644007164
-21.5,139.0,-0.07876574005155514
-21.5,139.25,-0.0743910981414263
-21.5,139.5,-0.06882491997066176
-21.5,139.75,-0.06068049495751482
-21.5,140.0,-0.05802064926205536
-21.5,140.25,-0.0606623686916594
-21.5,140.5,-0.0654831399858397
-21.5,140.75,-0.06842216489298845
-21.5,141.0,-0.06699035218473347
-21.5,141.25,-0.06701923493473302
-21.5,141.5,-0.06545357423989723
-21.5,141.75,-0.06304558849716116
-21.5,142.0,-0.06119937440823941
-21.5,142.25,-0.05823354156510461
-21.5,142.5,-0.050266536353488586
-21.5,142.75,-0.040948692839481826
-21.5,143.0,-0.03373034339664238
-21.5,143.25,-0.02707678106657806
-21.5,143.5,-0.019880338708337927
-21.5,143.75,-0.00929670498617703
-21.5,144.0,0.00612775714447101
-21.5,144.25,0.03347856783407873
-21.5,144.5,0.05413642817598191
-21.5,144.75,0.06589345402317122
-21.5,145.0,0.07392202550545335
-21.5,145.25,0.07864490334343698
-21.5,145.5,0.07780596148832479
-21.5,145.75,0.06967464360807624
-21.5,146.0,0.057520210632078704
-21.5,146.25,0.0534564820473038
-21.5,146.5,0.05618541561887555
-21.5,146.75,0.05666592263594447
-21.5,147.0,0.050852278979229074
-21.5,147.25,0.04770104124077729
-21.5,147.5,0.05177458922511765
-21.5,147.75,0.0464812672142649
-21.5,148.0,0.03737257958800044
-21.5,148.25,0.03133623270911076
-21.5,148.5,0.02439868580740516
-21.5,148.75,0.00966201240773357
-21.5,149.0,0.0065856973601815605
-21.5,149.25,0.0027028176179599195
-21.5,149.5,-0.004982397842797495
-21.75,114.5,0.07591406453090409
-21.75,114.75,0.07494840163382746
-21.75,115.0,0.07352560190761107
-21.75,115.25,0.07723004512940644
-21.75,115.5,0.0794804408769345
-21.75,115.75,0.07631976213611086
-21.75,116.0,0.06718442827255959
-21.75,116.25,0.05868374347110581
-21.75,116.5,0.05696489097483989
-21.75,116.75,0.054025806457225586
-21.75,117.0,0.045029453083961495
-21.75,117.25,0.0401017125707031
-21.75,117.5,0.04224024934283946
-21.75,117.75,0.0462253205361776
-21.75,118.0,0.047277979278546156
-21.75,118.25,0.045147471129339894
-21.75,118.5,0.050200205984791475
-21.75,118.75,0.05104543472740001
-21.75,119.0,0.046667685703418796
-21.75,119.25,0.044907245625342644
-21.75,119.5,0.04504089034827692
-21.75,119.75,0.04367334749438755
-21.75,120.0,0.038873843334260444
-21.75,120.25,0.03828893359085279
-21.75,120.5,0.03784312508623337
-21.75,120.75,0.03653333517501042
-21.75,121.0,0.03681009684057374
-21.75,121.25,0.04024912828657155
-21.75,121.5,0.0427593826183251
-21.75,121.75,0.048889694676645806
-21.75,122.0,0.050882076980945254
-21.75,122.25,0.052542227744457444
-21.75,122.5,0.0525213307556918
-21.75,122.75,0.05047842235681379
-21.75,123.0,0.04642857745056972
-21.75,123.25,0.044402341322884675
-21.75,123.5,0.04366594928557918
-21.75,123.75,0.04113440197127472
-21.75,124.0,0.03569816382091847
-21.75,124.25,0.03097977897684489
-21.75,124.5,0.02853896660297843
-21.75,124.75,0.025267064617946745
-21.75,125.0,0.024368362820574214
-21.75,125.25,0.024228833390710254
-21.75,125.5,0.02286354413178439
-21.75,125.75,0.014579492214224523
-21.75,126.0,0.0020418285378279205
-21.75,126.25,-0.011110370073445319
-21.75,126.5,-0.024756374194320026
-21.75,126.75,-0.03271954840248717
-21.75,127.0,-0.033099378239768114
-21.75,127.25,-0.02817939028422448
-21.75,127.5,-0.026437452872328106
-21.75,127.75,-0.032375622516799145
-21.75,128.0,-0.03778926966645356
-21.75,128.25,-0.03520038182558935
-21.75,128.5,-0.034220958335901656
-21.75,128.75,-0.03638755663663947
-21.75,129.0,-0.041200830814583846
-21.75,129.25,-0.04799191869928369
-21.75,129.5,-0.056935370562686806
-21.75,129.75,-0.06425894510799221
-21.75,130.0,-0.06875223591923714
-21.75,130.25,-0.0687546874208021
-21.75,130.5,-0.06812380496634259
-21.75,130.75,-0.06686438450678474
-21.75,131.0,-0.06877925896218845
-21.75,131.25,-0.06731397404191306
-21.75,131.5,-0.06958491222051505
-21.75,131.75,-0.07649687924159003
-21.75,132.0,-0.07968421373821219
-21.75,132.25,-0.08006435579709
-21.75,132.5,-0.08067362214226576
-21.75,132.75,-0.07844783232579912
-21.75,133.0,-0.07166000319079363
-21.75,133.25,-0.0688608356585194
-21.75,133.5,-0.07433991461959003
-21.75,133.75,-0.07832786455290347
-21.75,134.0,-0.08024188500515135
-21.75,134.25,-0.07781764441835029
-21.75,134.5,-0.07404047534579322
-21.75,134.75,-0.07164093005426583
-21.75,135.0,-0.07050056952007469
-21.75,135.25,-0.07139229457381935
-21.75,135.5,-0.07488015293188038
-21.75,135.75,-0.07926576253722444
-21.75,136.0,-0.08150586911610194
-21.75,136.25,-0.08605542276941594
-21.75,136.5,-0.0858137118136732
-21.75,136.75,-0.07842294675487903
-21.75,137.0,-0.07472967126495426
-21.75,137.25,-0.07708148342623775
-21.75,137.5,-0.07960469904466577
-21.75,137.75,-0.07897008499906709
-21.75,138.0,-0.07959916163346775
-21.75,138.25,-0.08058420849875325
-21.75,138.5,-0.08163826642835158
-21.75,138.75,-0.08105691026984936
-21.75,139.0,-0.07923112899464156
-21.75,139.25,-0.0805395220118087
-21.75,139.5,-0.07427936111621204
-21.75,139.75,-0.06566266051183144
-21.75,140.0,-0.06093272830226592
-21.75,140.25,-0.05876161163628456
-21.75,140.5,-0.05965993434878155
-21.75,140.75,-0.058627876436193695
-21.75,141.0,-0.06300176394038967
-21.75,141.25,-0.06688030469563923
-21.75,141.5,-0.06437219259428925
-21.75,141.75,-0.058470073826555606
-21.75,142.0,-0.05264548365958035
-21.75,142.25,-0.049845162279061266
-21.75,142.5,-0.042980397410602084
-21.75,142.75,-0.0349152343879853
-21.75,143.0,-0.02741136680844994
-21.75,143.25,-0.021054840689924147
-21.75,143.5,-0.0160531976110568
-21.75,143.75,-0.009485497215064243
-21.75,144.0,0.002330178226388636
-21.75,144.25,0.026247775297434557
-21.75,144.5,0.04944444331174184
-21.75,144.75,0.06437554508669391
-21.75,145.0,0.07253294501154284
-21.75,145.25,0.07709785937331617
-21.75,145.5,0.07578407740442171
-21.75,145.75,0.07203001525641801
-21.75,146.0,0.06821453323853867
-21.75,146.25,0.0642066316291069
-21.75,146.5,0.05937902533138792
-21.75,146.75,0.05118792586339017
-21.75,147.0,0.045918475033804064
-21.75,147.25,0.04096296750718639
-21.75,147.5,0.03943771841136151
-21.75,147.75,0.03854322292331961
-21.75,148.0,0.03764853090951441
-21.75,148.25,0.035390575715739815
-21.75,148.5,0.0328822510571973
-21.75,148.75,0.026373912996080304
-21.75,149.0,0.02144427525012621
-21.75,149.25,0.00515760967419261
-21.75,149.5,-0.004778261092447099
-21.75,149.75,-0.008639149671597849
-22.0,114.0,0.07413837081930112
-22.0,114.25,0.07262702156080021
-22.0,114.5,0.07448794177201178
-22.0,114.75,0.07800630109295958
-22.0,115.0,0.08119153342808463
-22.0,115.25,0.08491987312057366
-22.0,115.5,0.08635242416889273
-22.0,115.75,0.08324056682509504
-22.0,116.0,0.07749397956705209
-22.0,116.25,0.07164333077214126
-22.0,116.5,0.06683312270906754
-22.0,116.75,0.061469528779742266
-22.0,117.0,0.053267358536166806
-22.0,117.25,0.04534538257423611
-22.0,117.5,0.045988815672518245
-22.0,117.75,0.0479782938854658
-22.0,118.0,0.04773640292253168
-22.0,118.25,0.044351867870205924
-22.0,118.5,0.047913336738323174
-22.0,118.75,0.0503016136775148
-22.0,119.0,0.04736782635916911
-22.0,119.25,0.04754888608142556
-22.0,119.5,0.04953302434601244
-22.0,119.75,0.04506543087218667
-22.0,120.0,0.037286996737765594
-22.0,120.25,0.03507408883167608
-22.0,120.5,0.03346946790836574
-22.0,120.75,0.034626909531375746
-22.0,121.0,0.0408287295140326
-22.0,121.25,0.04672406390420206
-22.0,121.5,0.05116229507894743
-22.0,121.75,0.056278294747850545
-22.0,122.0,0.05763117794745735
-22.0,122.25,0.058873039750116214
-22.0,122.5,0.058959191340753545
-22.0,122.75,0.057281125844677996
-22.0,123.0,0.05205582536901126
-22.0,123.25,0.04889302722267097
-22.0,123.5,0.048302698198572865
-22.0,123.75,0.04543260207435759
-22.0,124.0,0.0402415623074852
-22.0,124.25,0.034572264144732065
-22.0,124.5,0.02932698013859668
-22.0,124.75,0.023387999476731886
-22.0,125.0,0.02046742919954427
-22.0,125.25,0.02239522655727342
-22.0,125.5,0.022470740119128356
-22.0,125.75,0.019502256391569973
-22.0,126.0,0.01114861775699648
-22.0,126.25,0.002173458474377791
-22.0,126.5,-0.009369375078295845
-22.0,126.75,-0.019368991522961076
-22.0,127.0,-0.024597356679649757
-22.0,127.25,-0.022341176721134354
-22.0,127.5,-0.01994229867566554
-22.0,127.75,-0.025151808692940644
-22.0,128.0,-0.03161044556514493
-22.0,128.25,-0.03272977764829106
-22.0,128.5,-0.03203894074900918
-22.0,128.75,-0.03261924387133192
-22.0,129.0,-0.03753284613734909
-22.0,129.25,-0.044762424556358295
-22.0,129.5,-0.05517660771895732
-22.0,129.75,-0.06392852690880231
-22.0,130.0,-0.07049248142921853
-22.0,130.25,-0.07258659115593348
-22.0,130.5,-0.0712159423020369
-22.0,130.75,-0.07082368790059783
-22.0,131.0,-0.07006145054973396
-22.0,131.25,-0.07165129148800459
-22.0,131.5,-0.07143043355373223
-22.0,131.75,-0.07042416757599096
-22.0,132.0,-0.07218776088390899
-22.0,132.25,-0.07190612670522006
-22.0,132.5,-0.0724296023439993
-22.0,132.75,-0.07508210301415862
-22.0,133.0,-0.06694358445570937
-22.0,133.25,-0.060349875956862455
-22.0,133.5,-0.06230263733970268
-22.0,133.75,-0.07011839667878424
-22.0,134.0,-0.07357333679240019
-22.0,134.25,-0.07375101153406181
-22.0,134.5,-0.07105309263299985
-22.0,134.75,-0.06932207767164246
-22.0,135.0,-0.06991201979329899
-22.0,135.25,-0.07188646007970896
-22.0,135.5,-0.07445671415521897
-22.0,135.75,-0.074344668887733
-22.0,136.0,-0.07436824926019957
-22.0,136.25,-0.0771931150761832
-22.0,136.5,-0.07915742462999853
-22.0,136.75,-0.0741082731734163
-22.0,137.0,-0.07015906896392282
-22.0,137.25,-0.07281789196810375
-22.0,137.5,-0.07312085571022527
-22.0,137.75,-0.07564345100184991
-22.0,138.0,-0.0772414175571785
-22.0,138.25,-0.07692053257931201
-22.0,138.5,-0.07979120832224865
-22.0,138.75,-0.07856968600258586
-22.0,139.0,-0.07679273294772776
-22.0,139.25,-0.0800837466559772
-22.0,139.5,-0.07773269425323677
-22.0,139.75,-0.06961620989760767
-22.0,140.0,-0.06349035321424405
-22.0,140.25,-0.06275610472519128
-22.0,140.5,-0.06145767894285243
-22.0,140.75,-0.05876610236619378
-22.0,141.0,-0.05962749460900557
-22.0,141.25,-0.058734242953470954
-22.0,141.5,-0.05620073180540376
-22.0,141.75,-0.04779557820431711
-22.0,142.0,-0.042901063629445464
-22.0,142.25,-0.043857744771854154
-22.0,142.5,-0.041929187645049146
-22.0,142.75,-0.03492081123016154
-22.0,143.0,-0.02737281132555966
-22.0,143.25,-0.019935205273906745
-22.0,143.5,-0.013184322017089774
-22.0,143.75,-0.005883527465907502
-22.0,144.0,0.003117411896874685
-22.0,144.25,0.020234552686590523
-22.0,144.5,0.04433917540369467
-22.0,144.75,0.05794405948725485
-22.0,145.0,0.06656581354133474
-22.0,145.25,0.07168420103123589
-22.0,145.5,0.07385004357257414
-22.0,145.75,0.07187411917728327
-22.0,146.0,0.06710100559340347
-22.0,146.25,0.06015354417114785
-22.0,146.5,0.04813857099396132
-22.0,146.75,0.039811387143674354
-22.0,147.0,0.03638012655567201
-22.0,147.25,0.03250202690029428
-22.0,147.5,0.028691932873889093
-22.0,147.75,0.02777495428010644
-22.0,148.0,0.027857544827635312
-22.0,148.25,0.027744621945090503
-22.0,148.5,0.02468659198355107
-22.0,148.75,0.028310568211600183
-22.0,149.0,0.026645342746217337
-22.0,149.25,0.005720061224218668
-22.0,149.5,-0.0037465242892115685
-22.0,149.75,-0.006282249694534888
-22.25,113.75,0.07550205761688716
-22.25,114.0,0.07303991456116948
-22.25,114.25,0.06737234772493442
-22.25,114.5,0.07008362348368835
-22.25,114.75,0.07821953415515877
-22.25,115.0,0.08320390041252332
-22.25,115.25,0.08720321445060628
-22.25,115.5,0.08789281437084788
-22.25,115.75,0.08532211925332722
-22.25,116.0,0.08439333561608302
-22.25,116.25,0.08243925508688249
-22.25,116.5,0.07141829496360429
-22.25,116.75,0.061219949854560016
-22.25,117.0,0.05433069752263171
-22.25,117.25,0.04277918898012666
-22.25,117.5,0.04223625010123388
-22.25,117.75,0.04717981885852558
-22.25,118.0,0.05013724302518226
-22.25,118.25,0.04774477028598388
-22.25,118.5,0.049261786895138875
-22.25,118.75,0.0512613144292984
-22.25,119.0,0.04838162946426088
-22.25,119.25,0.04862332475770797
-22.25,119.5,0.04715484114664529
-22.25,119.75,0.04293285844891909
-22.25,120.0,0.0306489791715562
-22.25,120.25,0.026926366127805697
-22.25,120.5,0.02814026268509527
-22.25,120.75,0.034834182206932816
-22.25,121.0,0.042433597195139595
-22.25,121.25,0.051587620440737475
-22.25,121.5,0.056268202521771726
-22.25,121.75,0.060939350143252385
-22.25,122.0,0.06261376423450808
-22.25,122.25,0.06295603789400221
-22.25,122.5,0.06509738997999756
-22.25,122.75,0.06317565612317551
-22.25,123.0,0.059400777433378
-22.25,123.25,0.0542736911658375
-22.25,123.5,0.05104848105194313
-22.25,123.75,0.048431850071730356
-22.25,124.0,0.042518462892621754
-22.25,124.25,0.03678296436666555
-22.25,124.5,0.031120731307947565
-22.25,124.75,0.0277492691929053
-22.25,125.0,0.025757855475170628
-22.25,125.25,0.02617290005575688
-22.25,125.5,0.022323735188027577
-22.25,125.75,0.01795871894518357
-22.25,126.0,0.014105319526944576
-22.25,126.25,0.007464611054664212
-22.25,126.5,-0.0015351286512755213
-22.25,126.75,-0.01087919726989986
-22.25,127.0,-0.014733629347756506
-22.25,127.25,-0.01661564809314552
-22.25,127.5,-0.016167167663419
-22.25,127.75,-0.01821470768558183
-22.25,128.0,-0.023687530704773963
-22.25,128.25,-0.027133680110619892
-22.25,128.5,-0.029176523136196748
-22.25,128.75,-0.03172183112418722
-22.25,129.0,-0.032494203478009215
-22.25,129.25,-0.04026046017894433
-22.25,129.5,-0.05106025202244165
-22.25,129.75,-0.06229864484311769
-22.25,130.0,-0.0698074352805547
-22.25,130.25,-0.07671358615251457
-22.25,130.5,-0.07687391654846058
-22.25,130.75,-0.077361495440848
-22.25,131.0,-0.0785858430278798
-22.25,131.25,-0.0801531872667727
-22.25,131.5,-0.07670770476439169
-22.25,131.75,-0.07438991223240182
-22.25,132.0,-0.07042143692129425
-22.25,132.25,-0.07027174487621302
-22.25,132.5,-0.07016948825191884
-22.25,132.75,-0.07336898284653823
-22.25,133.0,-0.06537848950940228
-22.25,133.25,-0.05380438322037143
-22.25,133.5,-0.05597404036282872
-22.25,133.75,-0.06190486203912379
-22.25,134.0,-0.06920891533040309
-22.25,134.25,-0.07048466007081082
-22.25,134.5,-0.06769869746640325
-22.25,134.75,-0.06840209719708322
-22.25,135.0,-0.06918518545682587
-22.25,135.25,-0.07095963584170455
-22.25,135.5,-0.07173229696539542
-22.25,135.75,-0.07393885752008784
-22.25,136.0,-0.07082745127859415
-22.25,136.25,-0.0675415827781849
-22.25,136.5,-0.07339275169097596
-22.25,136.75,-0.0767105863817657
-22.25,137.0,-0.07625836655719294
-22.25,137.25,-0.07353377944922873
-22.25,137.5,-0.07228566465602766
-22.25,137.75,-0.07604232644662261
-22.25,138.0,-0.07876976645729017
-22.25,138.25,-0.0789176567152719
-22.25,138.5,-0.07493998061954266
-22.25,138.75,-0.07546776226677356
-22.25,139.0,-0.07312740944464513
-22.25,139.25,-0.07619350081742075
-22.25,139.5,-0.07628145796479657
-22.25,139.75,-0.07114754470530897
-22.25,140.0,-0.06650595463427073
-22.25,140.25,-0.06466373422050051
-22.25,140.5,-0.06643998196703338
-22.25,140.75,-0.062073519892458406
-22.25,141.0,-0.05826757083469558
-22.25,141.25,-0.055658908247105066
-22.25,141.5,-0.04684775346845743
-22.25,141.75,-0.039413200166919043
-22.25,142.0,-0.03902382535826681
-22.25,142.25,-0.04291520066049305
-22.25,142.5,-0.04859117313476634
-22.25,142.75,-0.046646686166613584
-22.25,143.0,-0.03781693275751812
-22.25,143.25,-0.02565508234270272
-22.25,143.5,-0.01680366572580256
-22.25,143.75,-0.006234975682760012
-22.25,144.0,0.0024221604265871324
-22.25,144.25,0.016003315568724204
-22.25,144.5,0.03291605933170234
-22.25,144.75,0.04865853369258167
-22.25,145.0,0.05353349464989844
-22.25,145.25,0.05784835921679457
-22.25,145.5,0.059948110751186806
-22.25,145.75,0.05875983542452256
-22.25,146.0,0.05342386278193555
-22.25,146.25,0.04533525187788265
-22.25,146.5,0.03642280338598149
-22.25,146.75,0.0341960198977696
-22.25,147.0,0.031075484785140446
-22.25,147.25,0.02445357276481532
-22.25,147.5,0.019570872504153243
-22.25,147.75,0.019241277158947752
-22.25,148.0,0.022997712054902444
-22.25,148.25,0.025139736003863315
-22.25,148.5,0.02437556766284009
-22.25,148.75,0.029376659526800117
-22.25,149.0,0.027765062682807356
-22.25,149.25,0.013829399086534976
-22.25,149.5,-0.001110622107184359
-22.25,149.75,-0.002568916866411677
-22.25,150.0,-0.004702797305903264
-22.25,150.25,-0.00903558937633144
-22.25,150.5,-0.011091318900331057
-22.5,113.5,0.07298179865770396
-22.5,113.75,0.07355958236204017
-22.5,114.0,0.0707651431860757
-22.5,114.25,0.06626484669811492
-22.5,114.5,0.0681936884254572
-22.5,114.75,0.076642092351713
-22.5,115.0,0.081901215259651
-22.5,115.25,0.08688834717807671
-22.5,115.5,0.08813279189191581
-22.5,115.75,0.0848551801782811
-22.5,116.0,0.08548727019667803
-22.5,116.25,0.08307244442458753
-22.5,116.5,0.07537749201763377
-22.5,116.75,0.059734412217290984
-22.5,117.0,0.05049255779040756
-22.5,117.25,0.0431870362219689
-22.5,117.5,0.043515576426649376
-22.5,117.75,0.049566576861599015
-22.5,118.0,0.04521787801204482
-22.5,118.25,0.04336940610692615
-22.5,118.5,0.046030302294197356
-22.5,118.75,0.05200375682463692
-22.5,119.0,0.05360935285266134
-22.5,119.25,0.05061776501592942
-22.5,119.5,0.047824189635658904
-22.5,119.75,0.040898643645812714
-22.5,120.0,0.029121132422560116
-22.5,120.25,0.025314924207382968
-22.5,120.5,0.028363720953209503
-22.5,120.75,0.03309469002276837
-22.5,121.0,0.042237576177077636
-22.5,121.25,0.05031509166916034
-22.5,121.5,0.05247154188359023
-22.5,121.75,0.056244982245178626
-22.5,122.0,0.05869487679973688
-22.5,122.25,0.06300849116717776
-22.5,122.5,0.06265070068738646
-22.5,122.75,0.06401851483221566
-22.5,123.0,0.06088697201838451
-22.5,123.25,0.05584993032472474
-22.5,123.5,0.05210699619547952
-22.5,123.75,0.04900411781633184
-22.5,124.0,0.04385668246319429
-22.5,124.25,0.03756616846103931
-22.5,124.5,0.03416796524844748
-22.5,124.75,0.03345602104174239
-22.5,125.0,0.03111785524968235
-22.5,125.25,0.024514929815528115
-22.5,125.5,0.018870637335238003
-22.5,125.75,0.012447618497424715
-22.5,126.0,0.00570144475890889
-22.5,126.25,0.002637483573995442
-22.5,126.5,-0.005106307936477519
-22.5,126.75,-0.012923765427798831
-22.5,127.0,-0.014810260621916746
-22.5,127.25,-0.015274875633795523
-22.5,127.5,-0.015318627553573433
-22.5,127.75,-0.01634555100352459
-22.5,128.0,-0.018439089724173147
-22.5,128.25,-0.021322122737321824
-22.5,128.5,-0.02547871808998198
-22.5,128.75,-0.02662310131473489
-22.5,129.0,-0.03104107807656484
-22.5,129.25,-0.03772547689843036
-22.5,129.5,-0.048084447211918555
-22.5,129.75,-0.05678363972387853
-22.5,130.0,-0.06653427410139037
-22.5,130.25,-0.0733707485698341
-22.5,130.5,-0.08077615025408921
-22.5,130.75,-0.08084601944622895
-22.5,131.0,-0.08311243554843324
-22.5,131.25,-0.08629186925079141
-22.5,131.5,-0.08441960939339228
-22.5,131.75,-0.08057631893704335
-22.5,132.0,-0.07880331958488872
-22.5,132.25,-0.07544919639227114
-22.5,132.5,-0.07583625513638946
-22.5,132.75,-0.07608246929233982
-22.5,133.0,-0.06957858823284152
-22.5,133.25,-0.06046088840382817
-22.5,133.5,-0.0539160017190235
-22.5,133.75,-0.06213100375496738
-22.5,134.0,-0.06503447185858108
-22.5,134.25,-0.06853975613734552
-22.5,134.5,-0.06894979069696829
-22.5,134.75,-0.0732839742054542
-22.5,135.0,-0.07456512472680991
-22.5,135.25,-0.0707718076760925
-22.5,135.5,-0.07238061756915634
-22.5,135.75,-0.06677303050708447
-22.5,136.0,-0.061770131205031206
-22.5,136.25,-0.05851358874878358
-22.5,136.5,-0.06716738693593513
-22.5,136.75,-0.0742618227014429
-22.5,137.0,-0.07754343405055503
-22.5,137.25,-0.07813412515180451
-22.5,137.5,-0.07537283643947117
-22.5,137.75,-0.07540062677913478
-22.5,138.0,-0.07876382633999345
-22.5,138.25,-0.07776919367301854
-22.5,138.5,-0.07671364067964966
-22.5,138.75,-0.0688213318043078
-22.5,139.0,-0.06873001669799643
-22.5,139.25,-0.07183674475000727
-22.5,139.5,-0.07186068375373171
-22.5,139.75,-0.06893783193525105
-22.5,140.0,-0.06400731430621817
-22.5,140.25,-0.06386117380156758
-22.5,140.5,-0.06749648579085867
-22.5,140.75,-0.0679494365051921
-22.5,141.0,-0.06448565046053513
-22.5,141.25,-0.055244780865143096
-22.5,141.5,-0.04742440013214946
-22.5,141.75,-0.04070763156826918
-22.5,142.0,-0.04262037159642205
-22.5,142.25,-0.050096489712034654
-22.5,142.5,-0.05818391796644955
-22.5,142.75,-0.058482691834104206
-22.5,143.0,-0.05104830022014323
-22.5,143.25,-0.03917722077097832
-22.5,143.5,-0.021189603402689543
-22.5,143.75,-0.008241596318493109
-22.5,144.0,0.001471457407820881
-22.5,144.25,0.008474062376522592
-22.5,144.5,0.02456921039958529
-22.5,144.75,0.036074203688518276
-22.5,145.0,0.04348767316426217
-22.5,145.25,0.04330580778907807
-22.5,145.5,0.04470353957176918
-22.5,145.75,0.03988268745264837
-22.5,146.0,0.03433760298316234
-22.5,146.25,0.030111482987801235
-22.5,146.5,0.035756420541465994
-22.5,146.75,0.03634736393800094
-22.5,147.0,0.02808525812634755
-22.5,147.25,0.019608328951567056
-22.5,147.5,0.02023222999913352
-22.5,147.75,0.02627107614451753
-22.5,148.0,0.031744833115676774
-22.5,148.25,0.029648980898560866
-22.5,148.5,0.028313973287142635
-22.5,148.75,0.028420747120288158
-22.5,149.0,0.023118476429954172
-22.5,149.25,0.012397755900054194
-22.5,149.5,0.012655970810114273
-22.5,149.75,0.003427648010464119
-22.5,150.0,0.0047406897813613924
-22.5,150.25,-0.00039502015182127554
-22.5,150.5,-0.003213661138544835
-22.5,150.75,-0.008976876037749684
-22.75,113.5,0.07218929674154857
-22.75,113.75,0.07220224663947843
-22.75,114.0,0.06962039627112626
-22.75,114.25,0.06632358562644748
-22.75,114.5,0.06752188181271776
-22.75,114.75,0.07193383564396451
-22.75,115.0,0.07875728167359955
-22.75,115.25,0.08487042587560913
-22.75,115.5,0.0877456747948946
-22.75,115.75,0.08669842151880619
-22.75,116.0,0.08496455472916187
-22.75,116.25,0.08293181010521948
-22.75,116.5,0.07449078575646993
-22.75,116.75,0.0633190575620531
-22.75,117.0,0.05250138872430571
-22.75,117.25,0.04900352616747287
-22.75,117.5,0.04510943293571472
-22.75,117.75,0.038614606121250075
-22.75,118.0,0.03518131176076297
-22.75,118.25,0.029451588084477755
-22.75,118.5,0.03541942121727126
-22.75,118.75,0.045635082841008194
-22.75,119.0,0.05403970645108659
-22.75,119.25,0.05719148058706196
-22.75,119.5,0.05667782088830357
-22.75,119.75,0.05045979497954249
-22.75,120.0,0.03991676601803019
-22.75,120.25,0.03586159321989509
-22.75,120.5,0.03516393804678782
-22.75,120.75,0.03764494194855658
-22.75,121.0,0.041740711993493496
-22.75,121.25,0.04556111094259125
-22.75,121.5,0.0464713318650389
-22.75,121.75,0.050226325549495715
-22.75,122.0,0.054858624643141715
-22.75,122.25,0.05690660305886663
-22.75,122.5,0.05824682667984494
-22.75,122.75,0.059444186472821806
-22.75,123.0,0.05923335602662216
-22.75,123.25,0.054987965646502004
-22.75,123.5,0.05104066209002797
-22.75,123.75,0.04811937624721655
-22.75,124.0,0.04258451125407148
-22.75,124.25,0.038728808477476596
-22.75,124.5,0.03825940638226235
-22.75,124.75,0.03812789497010055
-22.75,125.0,0.03156727343309848
-22.75,125.25,0.022563745495530644
-22.75,125.5,0.012699548752668004
-22.75,125.75,0.005644242712185674
-22.75,126.0,0.001117968534873355
-22.75,126.25,-0.00032096053362779675
-22.75,126.5,-0.006647319283469447
-22.75,126.75,-0.014537453149179263
-22.75,127.0,-0.017959631105796212
-22.75,127.25,-0.018766293958539054
-22.75,127.5,-0.018031312768220058
-22.75,127.75,-0.016220936495145517
-22.75,128.0,-0.015933652089110444
-22.75,128.25,-0.01690252176763135
-22.75,128.5,-0.017806261390103915
-22.75,128.75,-0.02098744122499955
-22.75,129.0,-0.02635019691855026
-22.75,129.25,-0.034891641642233094
-22.75,129.5,-0.042740326974585297
-22.75,129.75,-0.04784809597989633
-22.75,130.0,-0.05728602186843221
-22.75,130.25,-0.066100575080851
-22.75,130.5,-0.07277957160314101
-22.75,130.75,-0.07745876391584586
-22.75,131.0,-0.08217795363494328
-22.75,131.25,-0.08620860698145061
-22.75,131.5,-0.08803966874700217
-22.75,131.75,-0.0870711623469279
-22.75,132.0,-0.08554561392160222
-22.75,132.25,-0.08433011418563269
-22.75,132.5,-0.08440230765727826
-22.75,132.75,-0.08407435465958857
-22.75,133.0,-0.07924052560480223
-22.75,133.25,-0.07065382349925736
-22.75,133.5,-0.06213635872783405
-22.75,133.75,-0.06079834638595847
-22.75,134.0,-0.06542092460274164
-22.75,134.25,-0.06657470602852603
-22.75,134.5,-0.0682199095763887
-22.75,134.75,-0.07139423785709022
-22.75,135.0,-0.07192275440985603
-22.75,135.25,-0.06742337240083586
-22.75,135.5,-0.05605109632458715
-22.75,135.75,-0.04778206428856633
-22.75,136.0,-0.044815930185931004
-22.75,136.25,-0.04806381517999052
-22.75,136.5,-0.05743422838873119
-22.75,136.75,-0.06508158410101064
-22.75,137.0,-0.0700282631198033
-22.75,137.25,-0.07063282540212164
-22.75,137.5,-0.07090725460244963
-22.75,137.75,-0.07092650327997814
-22.75,138.0,-0.07306013443573778
-22.75,138.25,-0.07366363944130994
-22.75,138.5,-0.06994102656054088
-22.75,138.75,-0.06265096400553981
-22.75,139.0,-0.06169673164508172
-22.75,139.25,-0.06524643295976733
-22.75,139.5,-0.06685703077043097
-22.75,139.75,-0.06459014465411504
-22.75,140.0,-0.06202269722042339
-22.75,140.25,-0.06219351454194458
-22.75,140.5,-0.06610727340504084
-22.75,140.75,-0.07036605144939607
-22.75,141.0,-0.06779108543747238
-22.75,141.25,-0.05792616746344027
-22.75,141.5,-0.051816577411123686
-22.75,141.75,-0.04962018896781263
-22.75,142.0,-0.05261405455669211
-22.75,142.25,-0.06068790702487431
-22.75,142.5,-0.06390647985639848
-22.75,142.75,-0.059234914199138684
-22.75,143.0,-0.05323806985370105
-22.75,143.25,-0.04362418109639769
-22.75,143.5,-0.026836400456903945
-22.75,143.75,-0.00839641343946347
-22.75,144.0,0.002093529286572621
-22.75,144.25,0.0044290991337870116
-22.75,144.5,0.014737926890319657
-22.75,144.75,0.025416163992624554
-22.75,145.0,0.031621002196334305
-22.75,145.25,0.032504659701815056
-22.75,145.5,0.03342320142699117
-22.75,145.75,0.028023219146277933
-22.75,146.0,0.024848116028615985
-22.75,146.25,0.03228327810010385
-22.75,146.5,0.039100930093610216
-22.75,146.75,0.03809200582493629
-22.75,147.0,0.029498108981975486
-22.75,147.25,0.019859435930127456
-22.75,147.5,0.027927236161416485
-22.75,147.75,0.0366783840149375
-22.75,148.0,0.04238225775881715
-22.75,148.25,0.041661337040187346
-22.75,148.5,0.0367146869998015
-22.75,148.75,0.032531683952991094
-22.75,149.0,0.0231231192947321
-22.75,149.25,0.015296300592100513
-22.75,149.5,0.01492407348095661
-22.75,149.75,0.015751049413146184
-22.75,150.0,0.018172662007799815
-22.75,150.25,0.013305703814451893
-22.75,150.5,0.007177984848108498
-22.75,150.75,-0.0018534166039898992
-22.75,151.0,-0.007408099437487267
-23.0,113.5,0.07061238117111358
-23.0,113.75,0.0700926028114433
-23.0,114.0,0.06793846167136161
-23.0,114.25,0.06402559459342488
-23.0,114.5,0.06483591914750703
-23.0,114.75,0.06804688091922019
-23.0,115.0,0.07580688725325412
-23.0,115.25,0.08308858975235905
-23.0,115.5,0.0892422317039399
-23.0,115.75,0.09276235124512563
-23.0,116.0,0.08786774516948277
-23.0,116.25,0.08606051292181724
-23.0,116.5,0.08075865849941259
-23.0,116.75,0.07138351931768869
-23.0,117.0,0.05906289417873181
-23.0,117.25,0.05430727657374172
-23.0,117.5,0.05287860621299063
-23.0,117.75,0.0327387020779064
-23.0,118.0,0.02314695145081108
-23.0,118.25,0.025070882375335453
-23.0,118.5,0.0280997740151915
-23.0,118.75,0.038440102661982
-23.0,119.0,0.04662720299217783
-23.0,119.25,0.056415046010875984
-23.0,119.5,0.05893717480191429
-23.0,119.75,0.05983116876866136
-23.0,120.0,0.056083787693863824
-23.0,120.25,0.0509928330156808
-23.0,120.5,0.04585287392893363
-23.0,120.75,0.04322654457701858
-23.0,121.0,0.04418929472754133
-23.0,121.25,0.04495314124207999
-23.0,121.5,0.04539515764911249
-23.0,121.75,0.04918937304575506
-23.0,122.0,0.05383534744115812
-23.0,122.25,0.05517629889682645
-23.0,122.5,0.05499120994524912
-23.0,122.75,0.05601598775746035
-23.0,123.0,0.05614433938060843
-23.0,123.25,0.05430046484162587
-23.0,123.5,0.050180080739803436
-23.0,123.75,0.046012534720024895
-23.0,124.0,0.04161922798735932
-23.0,124.25,0.041332490892299185
-23.0,124.5,0.0434873225699578
-23.0,124.75,0.04420641855602818
-23.0,125.0,0.03989560845795841
-23.0,125.25,0.02844384719397307
-23.0,125.5,0.01792492941021919
-23.0,125.75,0.008965811715461314
-23.0,126.0,0.0033235273678742703
-23.0,126.25,0.0032832075669873683
-23.0,126.5,-0.0020150764008230043
-23.0,126.75,-0.00853119491976464
-23.0,127.0,-0.015131065324835834
-23.0,127.25,-0.01816666206965844
-23.0,127.5,-0.019586127313474814
-23.0,127.75,-0.01755225130999904
-23.0,128.0,-0.01456015716872311
-23.0,128.25,-0.012724396145148646
-23.0,128.5,-0.009157164607174872
-23.0,128.75,-0.013479336422209425
-23.0,129.0,-0.018579124754372362
-23.0,129.25,-0.02614294893019611
-23.0,129.5,-0.03478603992788565
-23.0,129.75,-0.03697356877937203
-23.0,130.0,-0.042872816976159814
-23.0,130.25,-0.04736581592864934
-23.0,130.5,-0.05754681194652914
-23.0,130.75,-0.06533722432435579
-23.0,131.0,-0.07156133973372301
-23.0,131.25,-0.07708627410985562
-23.0,131.5,-0.07934414126544392
-23.0,131.75,-0.08156884668749713
-23.0,132.0,-0.08186852023271578
-23.0,132.25,-0.08302083500505736
-23.0,132.5,-0.08745688162522301
-23.0,132.75,-0.08913126536423252
-23.0,133.0,-0.0868128451873504
-23.0,133.25,-0.07800938964133994
-23.0,133.5,-0.06727955374157145
-23.0,133.75,-0.06532787063957325
-23.0,134.0,-0.06380254521195422
-23.0,134.25,-0.06436931153071955
-23.0,134.5,-0.052924153638914936
-23.0,134.75,-0.05271909620657555
-23.0,135.0,-0.05108921786858922
-23.0,135.25,-0.04288580436259508
-23.0,135.5,-0.028648014728068594
-23.0,135.75,-0.029088984323399406
-23.0,136.0,-0.02989677537587427
-23.0,136.25,-0.03929264905552069
-23.0,136.5,-0.04657078223923842
-23.0,136.75,-0.051238084788478556
-23.0,137.0,-0.05247153071021395
-23.0,137.25,-0.055602467312876665
-23.0,137.5,-0.054993435650110424
-23.0,137.75,-0.05812378292238074
-23.0,138.0,-0.06154623452610048
-23.0,138.25,-0.06449141017371966
-23.0,138.5,-0.061886891421108016
-23.0,138.75,-0.05661140248966625
-23.0,139.0,-0.055157715811704595
-23.0,139.25,-0.05787335944894169
-23.0,139.5,-0.06037866949350462
-23.0,139.75,-0.06113546422704877
-23.0,140.0,-0.059398442267307214
-23.0,140.25,-0.06245660767447026
-23.0,140.5,-0.06386895646934308
-23.0,140.75,-0.06691983654801291
-23.0,141.0,-0.0634720081773897
-23.0,141.25,-0.05634606933398616
-23.0,141.5,-0.05246857079632935
-23.0,141.75,-0.05807178141770973
-23.0,142.0,-0.06528019661616002
-23.0,142.25,-0.06639636237218621
-23.0,142.5,-0.06185726752404922
-23.0,142.75,-0.052807571787741925
-23.0,143.0,-0.04346594676795316
-23.0,143.25,-0.033247253125799556
-23.0,143.5,-0.025067348554841287
-23.0,143.75,-0.009409057392206575
-23.0,144.0,0.0006090184102677519
-23.0,144.25,-0.0008736518267098637
-23.0,144.5,0.0030061149736866355
-23.0,144.75,0.008583558295874484
-23.0,145.0,0.016593903333774678
-23.0,145.25,0.022059476007485673
-23.0,145.5,0.025965002316072405
-23.0,145.75,0.025875774790932025
-23.0,146.0,0.02959418917030451
-23.0,146.25,0.03793726829310236
-23.0,146.5,0.03840963417065463
-23.0,146.75,0.03891687316908723
-23.0,147.0,0.02924338486932573
-23.0,147.25,0.01808929415364262
-23.0,147.5,0.024035985350825025
-23.0,147.75,0.03528021751415162
-23.0,148.0,0.04509071301934975
-23.0,148.25,0.04801630059345847
-23.0,148.5,0.04486850320827216
-23.0,148.75,0.03719402123658386
-23.0,149.0,0.024519447945723576
-23.0,149.25,0.016662084795756354
-23.0,149.5,0.014344342997563736
-23.0,149.75,0.017722713832543896
-23.0,150.0,0.019064686815476135
-23.0,150.25,0.015172291024299782
-23.0,150.5,0.007209323180307235
-23.0,150.75,-0.0009163072632093514
-23.0,151.0,-0.006120555219240487
-23.25,113.5,0.06673331246849903
-23.25,113.75,0.06511859848978929
-23.25,114.0,0.06507665188650467
-23.25,114.25,0.05985060961739648
-23.25,114.5,0.06049470417977621
-23.25,114.75,0.06546898070234983
-23.25,115.0,0.07132006867323071
-23.25,115.25,0.07934790972864167
-23.25,115.5,0.08849939627661592
-23.25,115.75,0.09334204230191452
-23.25,116.0,0.08979560224272842
-23.25,116.25,0.08637386911238233
-23.25,116.5,0.08457973666843914
-23.25,116.75,0.07984091636636073
-23.25,117.0,0.07010035560510698
-23.25,117.25,0.06284146448541876
-23.25,117.5,0.051992371513153474
-23.25,117.75,0.0380019482823887
-23.25,118.0,0.026504016627690623
-23.25,118.25,0.03227779714479333
-23.25,118.5,0.03287663574142027
-23.25,118.75,0.029149161397834265
-23.25,119.0,0.037804311941865655
-23.25,119.25,0.041490282967597956
-23.25,119.5,0.048526070094279325
-23.25,119.75,0.0574403861105176
-23.25,120.0,0.06236099343680378
-23.25,120.25,0.05870605751711298
-23.25,120.5,0.05467932323614756
-23.25,120.75,0.05005725913492608
-23.25,121.0,0.04928112116204353
-23.25,121.25,0.05062378599582839
-23.25,121.5,0.05133815309673082
-23.25,121.75,0.05238587848753447
-23.25,122.0,0.05371975221094631
-23.25,122.25,0.05572488558703169
-23.25,122.5,0.054592381148332994
-23.25,122.75,0.05194157160724336
-23.25,123.0,0.053351058078087155
-23.25,123.25,0.05291422112578792
-23.25,123.5,0.048824452575285074
-23.25,123.75,0.0452094795870445
-23.25,124.0,0.042854800804828605
-23.25,124.25,0.04424410831804077
-23.25,124.5,0.04732047342972475
-23.25,124.75,0.05155219899641538
-23.25,125.0,0.050313347023135675
-23.25,125.25,0.04634344849979416
-23.25,125.5,0.034412951323178106
-23.25,125.75,0.023019941626504684
-23.25,126.0,0.013264541101775
-23.25,126.25,0.010908448091331159
-23.25,126.5,0.005956314470469287
-23.25,126.75,-0.0034444860171615366
-23.25,127.0,-0.007251971921262642
-23.25,127.25,-0.008888887748166563
-23.25,127.5,-0.015703838345195564
-23.25,127.75,-0.01918413459705854
-23.25,128.0,-0.0166499455592462
-23.25,128.25,-0.011889635636526648
-23.25,128.5,-0.00912959558578829
-23.25,128.75,-0.01095810142633993
-23.25,129.0,-0.01564021157766027
-23.25,129.25,-0.021555281368394692
-23.25,129.5,-0.024238106728132282
-23.25,129.75,-0.026914804411076364
-23.25,130.0,-0.02761959343971241
-23.25,130.25,-0.030584743490353936
-23.25,130.5,-0.03884034060119163
-23.25,130.75,-0.04619092811841429
-23.25,131.0,-0.05345758814170646
-23.25,131.25,-0.05814713981623451
-23.25,131.5,-0.06224275956019049
-23.25,131.75,-0.06243278201935547
-23.25,132.0,-0.06424952468701771
-23.25,132.25,-0.06631824896848272
-23.25,132.5,-0.06919989314462457
-23.25,132.75,-0.07628556367098575
-23.25,133.0,-0.08250490379619545
-23.25,133.25,-0.08041154374811976
-23.25,133.5,-0.07351020791213073
-23.25,133.75,-0.067058485039022
-23.25,134.0,-0.06216852739675059
-23.25,134.25,-0.043721729226499084
-23.25,134.5,-0.02859889642956356
-23.25,134.75,-0.02300055455593143
-23.25,135.0,-0.018377972982679715
-23.25,135.25,-0.004578311956443247
-23.25,135.5,-0.004108445206657052
-23.25,135.75,-0.009129448936853026
-23.25,136.0,-0.021555569128222055
-23.25,136.25,-0.03355866258165666
-23.25,136.5,-0.03951375806881558
-23.25,136.75,-0.03975769843063539
-23.25,137.0,-0.04057251635184955
-23.25,137.25,-0.03931359322880217
-23.25,137.5,-0.04149297380243384
-23.25,137.75,-0.042071161438555764
-23.25,138.0,-0.04755817022108074
-23.25,138.25,-0.05145705132523463
-23.25,138.5,-0.05294246460266766
-23.25,138.75,-0.049667645321183264
-23.25,139.0,-0.04723174458901797
-23.25,139.25,-0.05242028344267358
-23.25,139.5,-0.05407664857339114
-23.25,139.75,-0.05367825325312359
-23.25,140.0,-0.056182411929503795
-23.25,140.25,-0.05858975904217611
-23.25,140.5,-0.0628237370695431
-23.25,140.75,-0.060603854465963586
-23.25,141.0,-0.0542329583738354
-23.25,141.25,-0.0516375560812386
-23.25,141.5,-0.05683736985083669
-23.25,141.75,-0.0640279265261294
-23.25,142.0,-0.06671269508300438
-23.25,142.25,-0.06570180060807615
-23.25,142.5,-0.052025766249945656
-23.25,142.75,-0.04343235583177635
-23.25,143.0,-0.03305030644959992
-23.25,143.25,-0.023000517016598245
-23.25,143.5,-0.014969129449067016
-23.25,143.75,-0.011217137235681072
-23.25,144.0,-0.0053277704737237875
-23.25,144.25,-0.008790672410811697
-23.25,144.5,-0.011506561712650139
-23.25,144.75,-0.007951132358894462
-23.25,145.0,0.002656249451406655
-23.25,145.25,0.010898074080857138
-23.25,145.5,0.019069173008548594
-23.25,145.75,0.028314627143776132
-23.25,146.0,0.032553232361429506
-23.25,146.25,0.033346812888270336
-23.25,146.5,0.03367977164064844
-23.25,146.75,0.031126218883409388
-23.25,147.0,0.021286911557295493
-23.25,147.25,0.011495609130222528
-23.25,147.5,0.017893099370190783
-23.25,147.75,0.02889767388835372
-23.25,148.0,0.030644378485158087
-23.25,148.25,0.037336584758789586
-23.25,148.5,0.03882766014541544
-23.25,148.75,0.02812043850066229
-23.25,149.0,0.014662044822138601
-23.25,149.25,0.007134486397817021
-23.25,149.5,0.009008445723780564
-23.25,149.75,0.015082767487148799
-23.25,150.0,0.010822151663402717
-23.25,150.25,0.0068829471910638465
-23.25,150.5,-0.0017623247035468618
-23.25,150.75,-0.007084989317116284
-23.25,151.0,-0.007324104786052235
-23.5,113.5,0.06243735741701953
-23.5,113.75,0.058562881876492785
-23.5,114.0,0.05857323505084163
-23.5,114.25,0.056007518678060954
-23.5,114.5,0.05885042346614812
-23.5,114.75,0.06560226395016625
-23.5,115.0,0.07172346136621421
-23.5,115.25,0.07591668698060815
-23.5,115.5,0.0830951714888215
-23.5,115.75,0.08721228774548287
-23.5,116.0,0.08680197130445214
-23.5,116.25,0.08399181585964037
-23.5,116.5,0.080897155909666
-23.5,116.75,0.07698534877660373
-23.5,117.0,0.07099333807737344
-23.5,117.25,0.07013225661413301
-23.5,117.5,0.06670275866940972
-23.5,117.75,0.058710642832530927
-23.5,118.0,0.04941257106894184
-23.5,118.25,0.040685092782258014
-23.5,118.5,0.03684246212000116
-23.5,118.75,0.027868156959967954
-23.5,119.0,0.02598341630710777
-23.5,119.25,0.029391970758193307
-23.5,119.5,0.036941634478612935
-23.5,119.75,0.0485095307853217
-23.5,120.0,0.05585785713102225
-23.5,120.25,0.057280194103008227
-23.5,120.5,0.05693597424819711
-23.5,120.75,0.05446279210016309
-23.5,121.0,0.05344844305045193
-23.5,121.25,0.05550110848021827
-23.5,121.5,0.05827331009842012
-23.5,121.75,0.05747303888201714
-23.5,122.0,0.05896308990638881
-23.5,122.25,0.06046813190557822
-23.5,122.5,0.059355561373134455
-23.5,122.75,0.05767980165491324
-23.5,123.0,0.05549391963812966
-23.5,123.25,0.0512684931078097
-23.5,123.5,0.049442618476626066
-23.5,123.75,0.04833924723012994
-23.5,124.0,0.047795436975415904
-23.5,124.25,0.04657766004979965
-23.5,124.5,0.047283407209795854
-23.5,124.75,0.05120520111661227
-23.5,125.0,0.05316201908003894
-23.5,125.25,0.052182045365528514
-23.5,125.5,0.04901402748655528
-23.5,125.75,0.0417656232713766
-23.5,126.0,0.030436112682461196
-23.5,126.25,0.018801826194283507
-23.5,126.5,0.011264452899368258
-23.5,126.75,0.005641695395821617
-23.5,127.0,0.0029417075748954503
-23.5,127.25,0.0028337085636199583
-23.5,127.5,-0.006937024775626404
-23.5,127.75,-0.01652593671432918
-23.5,128.0,-0.01789498721496091
-23.5,128.25,-0.01347393154809695
-23.5,128.5,-0.00986600596723812
-23.5,128.75,-0.011977064492003548
-23.5,129.0,-0.016334280989152225
-23.5,129.25,-0.019263570301146025
-23.5,129.5,-0.0195982370237332
-23.5,129.75,-0.019385616299474523
-23.5,130.0,-0.018987621343694628
-23.5,130.25,-0.02341831906122111
-23.5,130.5,-0.03241178330901589
-23.5,130.75,-0.035758218461913724
-23.5,131.0,-0.0374782858859925
-23.5,131.25,-0.04522478093637065
-23.5,131.5,-0.053357104790796125
-23.5,131.75,-0.05331257196764151
-23.5,132.0,-0.04803511242803541
-23.5,132.25,-0.0439165891469678
-23.5,132.5,-0.046413256828894925
-23.5,132.75,-0.05092444407443206
-23.5,133.0,-0.061921921116299926
-23.5,133.25,-0.06987101942234274
-23.5,133.5,-0.07009842654335358
-23.5,133.75,-0.056392869674822405
-23.5,134.0,-0.0375140149715922
-23.5,134.25,-0.019579200157334397
-23.5,134.5,-0.008172081869200891
-23.5,134.75,0.0003810585603960568
-23.5,135.0,0.008823903277516365
-23.5,135.25,0.015855744785429643
-23.5,135.5,0.010808500102055925
-23.5,135.75,-0.0034316870842996563
-23.5,136.0,-0.01870366661875908
-23.5,136.25,-0.026928890240933038
-23.5,136.5,-0.03348094865768438
-23.5,136.75,-0.03623390957890522
-23.5,137.0,-0.03723583299932735
-23.5,137.25,-0.03786139134705688
-23.5,137.5,-0.03685564142707292
-23.5,137.75,-0.03738073832688055
-23.5,138.0,-0.03760278805469473
-23.5,138.25,-0.037464740499854085
-23.5,138.5,-0.043265984707423266
-23.5,138.75,-0.04366018757933662
-23.5,139.0,-0.04454157182592012
-23.5,139.25,-0.04549315441621556
-23.5,139.5,-0.04561340674935352
-23.5,139.75,-0.044188180452190515
-23.5,140.0,-0.04622842429033924
-23.5,140.25,-0.05187815969166834
-23.5,140.5,-0.05517880540407662
-23.5,140.75,-0.052893503241994905
-23.5,141.0,-0.0516419698617288
-23.5,141.25,-0.056740684363813625
-23.5,141.5,-0.06398167615878352
-23.5,141.75,-0.06632981947401449
-23.5,142.0,-0.06747430587711278
-23.5,142.25,-0.05969553109247326
-23.5,142.5,-0.04459515379386998
-23.5,142.75,-0.03962235782112527
-23.5,143.0,-0.030485977247216006
-23.5,143.25,-0.019822432599972843
-23.5,143.5,-0.013695029884443752
-23.5,143.75,-0.011957575128014599
-23.5,144.0,-0.014773863760222281
-23.5,144.25,-0.01969464001414876
-23.5,144.5,-0.023892752712778194
-23.5,144.75,-0.016630710587404403
-23.5,145.0,-0.005415526549110101
-23.5,145.25,0.00624039938030321
-23.5,145.5,0.014158435615189816
-23.5,145.75,0.02224493513682059
-23.5,146.0,0.020939758921130782
-23.5,146.25,0.018017283277004026
-23.5,146.5,0.014623719660033072
-23.5,146.75,0.013410536340060866
-23.5,147.0,0.01136374764554646
-23.5,147.25,0.01699358170652496
-23.5,147.5,0.02757016113249674
-23.5,147.75,0.02624390736344226
-23.5,148.0,0.021222357522319293
-23.5,148.25,0.016141478648586643
-23.5,148.5,0.020317586396066914
-23.5,148.75,0.011771704751022514
-23.5,149.0,-0.010820897766167209
-23.5,149.25,-0.017324556873756506
-23.5,149.5,-0.006622300509895597
-23.5,149.75,0.010222359340904014
-23.5,150.0,0.005466420466213354
-23.5,150.25,-0.0027722520132859546
-23.5,150.5,-0.009288555867083015
-23.5,150.75,-0.011129321545983355
-23.5,151.0,-0.008755086692759678
-23.5,151.25,-0.004842383533555438
-23.75,113.25,0.061473450534755274
-23.75,113.5,0.05867397441706132
-23.75,113.75,0.05520338638729992
-23.75,114.0,0.053559498405749244
-23.75,114.25,0.05358780106873296
-23.75,114.5,0.05663834353465409
-23.75,114.75,0.06361405710756246
-23.75,115.0,0.07011746180720539
-23.75,115.25,0.07387681048671116
-23.75,115.5,0.07367860774642655
-23.75,115.75,0.07272094419846932
-23.75,116.0,0.07274159329632918
-23.75,116.25,0.07440411348694137
-23.75,116.5,0.0746978214631478
-23.75,116.75,0.07051101077702783
-23.75,117.0,0.06670977815630891
-23.75,117.25,0.06847547373423973
-23.75,117.5,0.07056729620256062
-23.75,117.75,0.06855533056465599
-23.75,118.0,0.06461870660672762
-23.75,118.25,0.05351144166086756
-23.75,118.5,0.039019451364653096
-23.75,118.75,0.03230876475905201
-23.75,119.0,0.0335721995792396
-23.75,119.25,0.038116009622102695
-23.75,119.5,0.04415113545477479
-23.75,119.75,0.04906631956941315
-23.75,120.0,0.05156190241465256
-23.75,120.25,0.05468087138253309
-23.75,120.5,0.05686505705872107
-23.75,120.75,0.05748640113576715
-23.75,121.0,0.06009758600460676
-23.75,121.25,0.06293177451007068
-23.75,121.5,0.06418159470361258
-23.75,121.75,0.0641071939488895
-23.75,122.0,0.06372898578632712
-23.75,122.25,0.06565239917752998
-23.75,122.5,0.06709721329222833
-23.75,122.75,0.06515674593725375
-23.75,123.0,0.057833329983986916
-23.75,123.25,0.0494298530165993
-23.75,123.5,0.047665041964501144
-23.75,123.75,0.04826547934540681
-23.75,124.0,0.0478689642756113
-23.75,124.25,0.04449356822740464
-23.75,124.5,0.041729542737205826
-23.75,124.75,0.04353720585460819
-23.75,125.0,0.045487700947116884
-23.75,125.25,0.04691664055918365
-23.75,125.5,0.04819793643407701
-23.75,125.75,0.0486865184558112
-23.75,126.0,0.042524754726106215
-23.75,126.25,0.027078243121061298
-23.75,126.5,0.017355061770372448
-23.75,126.75,0.012145522115696665
-23.75,127.0,0.012380287470296025
-23.75,127.25,0.01362900924314523
-23.75,127.5,0.0014170231990560534
-23.75,127.75,-0.014236598403520128
-23.75,128.0,-0.019013530155228053
-23.75,128.25,-0.01664685639996259
-23.75,128.5,-0.013859793908583622
-23.75,128.75,-0.013308525701582344
-23.75,129.0,-0.013587375246875344
-23.75,129.25,-0.013274607308475034
-23.75,129.5,-0.014122800235747404
-23.75,129.75,-0.01823886618894037
-23.75,130.0,-0.023763988712536436
-23.75,130.25,-0.028508460350955524
-23.75,130.5,-0.034069063685767884
-23.75,130.75,-0.033867882711014576
-23.75,131.0,-0.035618436245602514
-23.75,131.25,-0.04409161841474651
-23.75,131.5,-0.05519216858693177
-23.75,131.75,-0.059168585661072505
-23.75,132.0,-0.0543056936241642
-23.75,132.25,-0.046939786004700834
-23.75,132.5,-0.04102753462114682
-23.75,132.75,-0.03888112947876964
-23.75,133.0,-0.04331190473444405
-23.75,133.25,-0.05090523316480574
-23.75,133.5,-0.045609074148039025
-23.75,133.75,-0.021503588842183705
-23.75,134.0,-0.007954862923361361
-23.75,134.25,0.0006948565487705526
-23.75,134.5,0.008188476393531477
-23.75,134.75,0.015346501836375821
-23.75,135.0,0.019808348400207856
-23.75,135.25,0.015719356114000438
-23.75,135.5,0.0076631874777376655
-23.75,135.75,-0.002689588185499555
-23.75,136.0,-0.01235399096982465
-23.75,136.25,-0.021046242631980152
-23.75,136.5,-0.028083756825487527
-23.75,136.75,-0.03512145179833862
-23.75,137.0,-0.03936199184861921
-23.75,137.25,-0.04169229075667404
-23.75,137.5,-0.04200529553927481
-23.75,137.75,-0.04176664613686236
-23.75,138.0,-0.040741858420716155
-23.75,138.25,-0.038672013333693724
-23.75,138.5,-0.04092643832388733
-23.75,138.75,-0.041961419326946185
-23.75,139.0,-0.04047085347008847
-23.75,139.25,-0.04092010417578942
-23.75,139.5,-0.03872639567125589
-23.75,139.75,-0.03688437493983656
-23.75,140.0,-0.039064767812600446
-23.75,140.25,-0.0429981208805527
-23.75,140.5,-0.04570418529301172
-23.75,140.75,-0.046460113301873204
-23.75,141.0,-0.05077435143203253
-23.75,141.25,-0.061793806607879344
-23.75,141.5,-0.06736356344907628
-23.75,141.75,-0.06628866677859886
-23.75,142.0,-0.06378021037829361
-23.75,142.25,-0.056229808605054304
-23.75,142.5,-0.04515802939644172
-23.75,142.75,-0.038154211014902795
-23.75,143.0,-0.03201861955624606
-23.75,143.25,-0.02560425845994836
-23.75,143.5,-0.01979787274308148
-23.75,143.75,-0.018753444435008402
-23.75,144.0,-0.023547206735903662
-23.75,144.25,-0.026399785633908497
-23.75,144.5,-0.023418230908213274
-23.75,144.75,-0.014771181915975398
-23.75,145.0,-0.002491654902474866
-23.75,145.25,0.008710009919568187
-23.75,145.5,0.016320402074849145
-23.75,145.75,0.011171834126538929
-23.75,146.0,0.006211718095333448
-23.75,146.25,0.00200424066500827
-23.75,146.5,2.6050223303692682e-05
-23.75,146.75,-0.0006796513639745258
-23.75,147.0,0.0030166150336819035
-23.75,147.25,0.015792269687933316
-23.75,147.5,0.026667395347197143
-23.75,147.75,0.024512622953348218
-23.75,148.0,0.00707243426725091
-23.75,148.25,-0.007967292934301354
-23.75,148.5,0.0015770013599346081
-23.75,148.75,0.0057063881396537735
-23.75,149.0,-0.014481344959876012
-23.75,149.25,-0.018974110532352435
-23.75,149.5,-0.012200042441309917
-23.75,149.75,0.0028896459126761848
-23.75,150.0,0.009680182935803064
-23.75,150.25,0.003601506872413059
-23.75,150.5,-0.004801156777622444
-23.75,150.75,-0.004424967059666025
-23.75,151.0,0.00017591152406696761
-23.75,151.25,0.002502076168145452
-23.75,151.5,-0.0017129287988479648
-23.75,151.75,0.00028767011605114457
-24.0,113.25,0.05701164861786224
-24.0,113.5,0.054282261914617956
-24.0,113.75,0.05126781769185549
-24.0,114.0,0.05079828419117066
-24.0,114.25,0.05282873808894129
-24.0,114.5,0.05375879862390104
-24.0,114.75,0.059586009756839343
-24.0,115.0,0.06500526465464472
-24.0,115.25,0.06739889731952212
-24.0,115.5,0.0643942481365576
-24.0,115.75,0.06498358349227125
-24.0,116.0,0.06730614728950016
-24.0,116.25,0.07132254238905651
-24.0,116.5,0.07187270306104827
-24.0,116.75,0.0689540071922931
-24.0,117.0,0.06663072339724749
-24.0,117.25,0.0678105814382434
-24.0,117.5,0.06722290436958983
-24.0,117.75,0.06884011891670525
-24.0,118.0,0.06973573719816549
-24.0,118.25,0.06252349485134584
-24.0,118.5,0.04665710453021651
-24.0,118.75,0.04258702729074728
-24.0,119.0,0.0472845516108334
-24.0,119.25,0.05335077224133004
-24.0,119.5,0.057761951133960834
-24.0,119.75,0.058223752357159916
-24.0,120.0,0.0576778028182508
-24.0,120.25,0.05994048376395811
-24.0,120.5,0.06102003724628871
-24.0,120.75,0.06378613339617177
-24.0,121.0,0.06807648406386198
-24.0,121.25,0.07072372244160977
-24.0,121.5,0.06908057489255
-24.0,121.75,0.06790725721955476
-24.0,122.0,0.06838255951214316
-24.0,122.25,0.06768346823131045
-24.0,122.5,0.06763213296376523
-24.0,122.75,0.06682608116063334
-24.0,123.0,0.05828319420550196
-24.0,123.25,0.04863815797559385
-24.0,123.5,0.044427293499133415
-24.0,123.75,0.04401317085361197
-24.0,124.0,0.04184491140767932
-24.0,124.25,0.03931981520117482
-24.0,124.5,0.039750034954132776
-24.0,124.75,0.04231582700962289
-24.0,125.0,0.04278084117672517
-24.0,125.25,0.04263406169234908
-24.0,125.5,0.04462845294425885
-24.0,125.75,0.04758365506394988
-24.0,126.0,0.046908356563653796
-24.0,126.25,0.03693700210247438
-24.0,126.5,0.027619343983297726
-24.0,126.75,0.0208560077650916
-24.0,127.0,0.01996289714949117
-24.0,127.25,0.020184979902669077
-24.0,127.5,0.01198611602719341
-24.0,127.75,-0.0025111159232134622
-24.0,128.0,-0.010928523399689723
-24.0,128.25,-0.013319461519962975
-24.0,128.5,-0.010597083342838145
-24.0,128.75,-0.008796975034333411
-24.0,129.0,-0.01018966128938787
-24.0,129.25,-0.009141345210151659
-24.0,129.5,-0.007872143383359625
-24.0,129.75,-0.011843777021637098
-24.0,130.0,-0.019267260212966774
-24.0,130.25,-0.026344349743088795
-24.0,130.5,-0.032389115497824694
-24.0,130.75,-0.035970380614023835
-24.0,131.0,-0.03771565904996047
-24.0,131.25,-0.04370199497345657
-24.0,131.5,-0.05290141764451705
-24.0,131.75,-0.05489941322344488
-24.0,132.0,-0.046783449106095804
-24.0,132.25,-0.0380529944829288
-24.0,132.5,-0.032827522114772974
-24.0,132.75,-0.03388677064240688
-24.0,133.0,-0.04032333146869427
-24.0,133.25,-0.048251777723254195
-24.0,133.5,-0.04113465495673674
-24.0,133.75,-0.022449823633013736
-24.0,134.0,-0.013907830062921026
-24.0,134.25,-0.006052625292570502
-24.0,134.5,0.0029633898335132036
-24.0,134.75,0.0071421998717899745
-24.0,135.0,0.008374903552855055
-24.0,135.25,0.005816089083711112
-24.0,135.5,0.0025471974519037065
-24.0,135.75,-0.005933577496381033
-24.0,136.0,-0.01647600853771326
-24.0,136.25,-0.02535262671521022
-24.0,136.5,-0.032609750111753655
-24.0,136.75,-0.039562583285649974
-24.0,137.0,-0.04347215901084599
-24.0,137.25,-0.04554007235676095
-24.0,137.5,-0.047734769407127585
-24.0,137.75,-0.04834170649715123
-24.0,138.0,-0.04814304547340033
-24.0,138.25,-0.04829051012971571
-24.0,138.5,-0.04667502606198901
-24.0,138.75,-0.04642410980013665
-24.0,139.0,-0.04299066173622296
-24.0,139.25,-0.042159851348454444
-24.0,139.5,-0.04202742770569222
-24.0,139.75,-0.040630154700539566
-24.0,140.0,-0.04148017840634566
-24.0,140.25,-0.04146162296778389
-24.0,140.5,-0.04183542767450923
-24.0,140.75,-0.04238846981121848
-24.0,141.0,-0.049611713937511445
-24.0,141.25,-0.061648569565399415
-24.0,141.5,-0.06596701630790319
-24.0,141.75,-0.06315633802164701
-24.0,142.0,-0.05583433313239809
-24.0,142.25,-0.048247086281134256
-24.0,142.5,-0.039414023367654795
-24.0,142.75,-0.034610520986219244
-24.0,143.0,-0.03327896941808008
-24.0,143.25,-0.0339300402490023
-24.0,143.5,-0.03337802837514097
-24.0,143.75,-0.031282147230342075
-24.0,144.0,-0.025398429897835566
-24.0,144.25,-0.02066327005464007
-24.0,144.5,-0.020161993732853305
-24.0,144.75,-0.017788571844409618
-24.0,145.0,-0.013437408433916668
-24.0,145.25,-0.0047103319716240676
-24.0,145.5,0.012499769146199383
-24.0,145.75,0.01262473843749571
-24.0,146.0,0.0071279869539596676
-24.0,146.25,0.0031550329211833222
-24.0,146.5,0.0017841842180738845
-24.0,146.75,-0.0008564173144848264
-24.0,147.0,0.003589132268513952
-24.0,147.25,0.017104765594316024
-24.0,147.5,0.025033828412692638
-24.0,147.75,0.020094376096191507
-24.0,148.0,-0.003089193396625065
-24.0,148.25,-0.019299259818979494
-24.0,148.5,-0.009732387667810101
-24.0,148.75,0.008617578854873067
-24.0,149.0,0.011313250521197915
-24.0,149.25,0.019010670490318998
-24.0,149.5,0.018736018264843595
-24.0,149.75,0.013264081700860212
-24.0,150.0,0.01841875172131473
-24.0,150.25,0.020486813132274188
-24.0,150.5,0.0025210776363521637
-24.0,150.75,-0.006348810727996308
-24.0,151.0,-0.007196492639957883
-24.0,151.25,-0.003973723816549561
-24.0,151.5,-0.0036779335966067653
-24.0,151.75,0.00039216379546338603
-24.0,152.0,0.004586325646821587
-24.25,113.25,0.05272295159797761
-24.25,113.5,0.049850465614526045
-24.25,113.75,0.046827357067238715
-24.25,114.0,0.04779472024224344
-24.25,114.25,0.04954666000391756
-24.25,114.5,0.05023714454534153
-24.25,114.75,0.05469189985167412
-24.25,115.0,0.06033029574235635
-24.25,115.25,0.05804634036252364
-24.25,115.5,0.05652655940502882
-24.25,115.75,0.06293720933969044
-24.25,116.0,0.06684753345436462
-24.25,116.25,0.06755572771210046
-24.25,116.5,0.06532388481788248
-24.25,116.75,0.06510043008740814
-24.25,117.0,0.0671429776897033
-24.25,117.25,0.06707372276910714
-24.25,117.5,0.06830246002368984
-24.25,117.75,0.06989554817167422
-24.25,118.0,0.07053121251630641
-24.25,118.25,0.0651032506898489
-24.25,118.5,0.05497910879618887
-24.25,118.75,0.05571182815502176
-24.25,119.0,0.058947212323324664
-24.25,119.25,0.06408506711637268
-24.25,119.5,0.06380683141095297
-24.25,119.75,0.062524784013762
-24.25,120.0,0.05988272728309745
-24.25,120.25,0.061154457087451146
-24.25,120.5,0.06217920125151674
-24.25,120.75,0.0650634713615069
-24.25,121.0,0.06956241783309018
-24.25,121.25,0.06859518162063545
-24.25,121.5,0.06614795971462237
-24.25,121.75,0.06715267277322709
-24.25,122.0,0.07009507842982808
-24.25,122.25,0.07016722053965731
-24.25,122.5,0.06816012257089217
-24.25,122.75,0.06668072856596804
-24.25,123.0,0.05906663375374462
-24.25,123.25,0.04965825794054018
-24.25,123.5,0.04532453019526743
-24.25,123.75,0.041997457004202134
-24.25,124.0,0.03947336086006371
-24.25,124.25,0.03920678573416635
-24.25,124.5,0.04039339610885474
-24.25,124.75,0.04177132810790291
-24.25,125.0,0.0409687048985645
-24.25,125.25,0.041318284814423394
-24.25,125.5,0.04376883455995648
-24.25,125.75,0.047144349817452684
-24.25,126.0,0.04903111866497922
-24.25,126.25,0.04350455148101208
-24.25,126.5,0.036035794312842234
-24.25,126.75,0.03409961291832761
-24.25,127.0,0.03344919241554592
-24.25,127.25,0.027170696119511766
-24.25,127.5,0.01616451551339456
-24.25,127.75,0.004881553676975836
-24.25,128.0,-0.003982487939564245
-24.25,128.25,-0.006478461446351416
-24.25,128.5,-0.004808436664530919
-24.25,128.75,-0.004352301393477579
-24.25,129.0,-0.009323866478821618
-24.25,129.25,-0.00976486707638417
-24.25,129.5,-0.007911040742571155
-24.25,129.75,-0.008043025797676472
-24.25,130.0,-0.015180926942377396
-24.25,130.25,-0.025404436125730474
-24.25,130.5,-0.0341727470341582
-24.25,130.75,-0.03962202278364982
-24.25,131.0,-0.04321545339355778
-24.25,131.25,-0.04847051872694422
-24.25,131.5,-0.05423449262577508
-24.25,131.75,-0.055731810994135836
-24.25,132.0,-0.04247692236898556
-24.25,132.25,-0.032820929119008635
-24.25,132.5,-0.030605678803597887
-24.25,132.75,-0.029592985705572315
-24.25,133.0,-0.03642105266030523
-24.25,133.25,-0.039114141223641735
-24.25,133.5,-0.03227345798430698
-24.25,133.75,-0.023405276226861005
-24.25,134.0,-0.020577938575297595
-24.25,134.25,-0.014236748976760456
-24.25,134.5,-0.005173493872973181
-24.25,134.75,0.002338980038517288
-24.25,135.0,0.0047444347070441355
-24.25,135.25,0.0024476894205907314
-24.25,135.5,-0.004436340661985534
-24.25,135.75,-0.013779883593365195
-24.25,136.0,-0.025856984082964204
-24.25,136.25,-0.034152733268759526
-24.25,136.5,-0.041933633056691004
-24.25,136.75,-0.048836968812559334
-24.25,137.0,-0.050471006032256856
-24.25,137.25,-0.052802542366442225
-24.25,137.5,-0.053928615421145444
-24.25,137.75,-0.05388693016776372
-24.25,138.0,-0.048818105606672664
-24.25,138.25,-0.0475238491337569
-24.25,138.5,-0.04885161243977824
-24.25,138.75,-0.0503284355359418
-24.25,139.0,-0.051421027483108145
-24.25,139.25,-0.051102141774303854
-24.25,139.5,-0.051627596047529506
-24.25,139.75,-0.05244468024355315
-24.25,140.0,-0.04860481963537279
-24.25,140.25,-0.04561449049617208
-24.25,140.5,-0.040796082972415854
-24.25,140.75,-0.041700565273917856
-24.25,141.0,-0.05043460759334266
-24.25,141.25,-0.061395848688802546
-24.25,141.5,-0.06358944658090228
-24.25,141.75,-0.05477365530982968
-24.25,142.0,-0.04712159941471847
-24.25,142.25,-0.04133161833742634
-24.25,142.5,-0.03472362714597867
-24.25,142.75,-0.029807794226023056
-24.25,143.0,-0.03375279205806908
-24.25,143.25,-0.03910137743556074
-24.25,143.5,-0.041729577868023796
-24.25,143.75,-0.037744070039618584
-24.25,144.0,-0.023065444365853355
-24.25,144.25,-0.022027459170758015
-24.25,144.5,-0.02837602301782075
-24.25,144.75,-0.03303430139203556
-24.25,145.0,-0.02938649890766967
-24.25,145.25,-0.015157706666338656
-24.25,145.5,0.0023091130230265358
-24.25,145.75,0.01095724585410651
-24.25,146.0,0.015440609402001081
-24.25,146.25,0.01468044599584703
-24.25,146.5,0.012353601578866974
-24.25,146.75,0.008103224643993946
-24.25,147.0,0.008557319902770576
-24.25,147.25,0.019283681593480564
-24.25,147.5,0.02344081351322876
-24.25,147.75,0.002612816466994229
-24.25,148.0,-0.02045421417070819
-24.25,148.25,-0.02832194981719589
-24.25,148.5,-0.021208498055195726
-24.25,148.75,0.0020281300002742294
-24.25,149.0,0.02048187516629696
-24.25,149.25,0.03036728596350821
-24.25,149.5,0.025772389030039665
-24.25,149.75,0.01943848113850912
-24.25,150.0,0.016978760185607133
-24.25,150.25,0.023071874728373673
-24.25,150.5,0.011850261628361685
-24.25,150.75,-0.005701817316557502
-24.25,151.0,-0.010362235416791269
-24.25,151.25,-0.007943898541963704
-24.25,151.5,-0.0013957089478416102
-24.25,151.75,0.007148500290211467
-24.25,152.0,0.008492774034052023
-24.25,152.25,0.011169370419035355
-24.5,113.25,0.04831635096287798
-24.5,113.5,0.044064841851858154
-24.5,113.75,0.041304132069594095
-24.5,114.0,0.04309069429125104
-24.5,114.25,0.045812095552294825
-24.5,114.5,0.04794903077584292
-24.5,114.75,0.05152435861749663
-24.5,115.0,0.05239205348507745
-24.5,115.25,0.04673853452938299
-24.5,115.5,0.04944725698081865
-24.5,115.75,0.060129010334743986
-24.5,116.0,0.06276783680715155
-24.5,116.25,0.06285727921695937
-24.5,116.5,0.06211136877425902
-24.5,116.75,0.0636045914409416
-24.5,117.0,0.06671096845086487
-24.5,117.25,0.06826134475081094
-24.5,117.5,0.06866382842417806
-24.5,117.75,0.07052433890224036
-24.5,118.0,0.06536535578779876
-24.5,118.25,0.059693607809909045
-24.5,118.5,0.05864708423226451
-24.5,118.75,0.06294524039895762
-24.5,119.0,0.0653019809873686
-24.5,119.25,0.06147228312190799
-24.5,119.5,0.06049956166839582
-24.5,119.75,0.0587393834627056
-24.5,120.0,0.05929849409287618
-24.5,120.25,0.06205122867111294
-24.5,120.5,0.06322803459230013
-24.5,120.75,0.06712747732221726
-24.5,121.0,0.06800690196243869
-24.5,121.25,0.0675441367316082
-24.5,121.5,0.06436280082063084
-24.5,121.75,0.06522423673665062
-24.5,122.0,0.07010115939968577
-24.5,122.25,0.07243624791680348
-24.5,122.5,0.07098641936068556
-24.5,122.75,0.06682688959519423
-24.5,123.0,0.05830323156634612
-24.5,123.25,0.04913382015545808
-24.5,123.5,0.04490076982238818
-24.5,123.75,0.04295887094769915
-24.5,124.0,0.04278281716341596
-24.5,124.25,0.04348982825509406
-24.5,124.5,0.04294180680354614
-24.5,124.75,0.04227734593413992
-24.5,125.0,0.041750816898586764
-24.5,125.25,0.04336712977715901
-24.5,125.5,0.04594231834053062
-24.5,125.75,0.04606135413937625
-24.5,126.0,0.04602269200827106
-24.5,126.25,0.043936580242145626
-24.5,126.5,0.04647709700290025
-24.5,126.75,0.04634688092351315
-24.5,127.0,0.04931284702338633
-24.5,127.25,0.04311722633784008
-24.5,127.5,0.027488529961556197
-24.5,127.75,0.019088614778593183
-24.5,128.0,0.01124802534468472
-24.5,128.25,0.008344242528965835
-24.5,128.5,0.009953025792769733
-24.5,128.75,0.007579181883262382
-24.5,129.0,0.0019471808669290372
-24.5,129.25,0.0009635715709356147
-24.5,129.5,0.004112513157139931
-24.5,129.75,0.002403429671539925
-24.5,130.0,-0.0043213096491637685
-24.5,130.25,-0.014629453349681128
-24.5,130.5,-0.026208313423696727
-24.5,130.75,-0.035841070227546706
-24.5,131.0,-0.04190271866197388
-24.5,131.25,-0.05186132513917983
-24.5,131.5,-0.06066804648116453
-24.5,131.75,-0.0641926651221833
-24.5,132.0,-0.05343380270836254
-24.5,132.25,-0.04057889018385183
-24.5,132.5,-0.027423727413683777
-24.5,132.75,-0.02728576979910334
-24.5,133.0,-0.021589340134302065
-24.5,133.25,-0.022581259696744384
-24.5,133.5,-0.016949438422341787
-24.5,133.75,-0.016048044407562842
-24.5,134.0,-0.016050954029474054
-24.5,134.25,-0.014785987239641448
-24.5,134.5,-0.006449549325320515
-24.5,134.75,-0.003080047509588656
-24.5,135.0,-0.0014505919246446519
-24.5,135.25,-0.003435990715488082
-24.5,135.5,-0.005228493859370549
-24.5,135.75,-0.01837920979707546
-24.5,136.0,-0.026571643604187383
-24.5,136.25,-0.037296133134735836
-24.5,136.5,-0.04461724059656262
-24.5,136.75,-0.05127574053282539
-24.5,137.0,-0.055841104145206155
-24.5,137.25,-0.055327027033837066
-24.5,137.5,-0.058116093971988275
-24.5,137.75,-0.055058392254813085
-24.5,138.0,-0.05017469039275533
-24.5,138.25,-0.04688064362410278
-24.5,138.5,-0.045451658424211755
-24.5,138.75,-0.05126094091323293
-24.5,139.0,-0.05841164896541852
-24.5,139.25,-0.06268539683909953
-24.5,139.5,-0.06308039990364618
-24.5,139.75,-0.06003895988466129
-24.5,140.0,-0.05774028072178009
-24.5,140.25,-0.04705009916021178
-24.5,140.5,-0.041412123896935514
-24.5,140.75,-0.04229231662493909
-24.5,141.0,-0.050918960522505496
-24.5,141.25,-0.058439904058884294
-24.5,141.5,-0.056987799136411575
-24.5,141.75,-0.05083675253762132
-24.5,142.0,-0.044737267300176124
-24.5,142.25,-0.040947411903401926
-24.5,142.5,-0.030201302839088298
-24.5,142.75,-0.02215198429101812
-24.5,143.0,-0.028425231842058047
-24.5,143.25,-0.038705475519721706
-24.5,143.5,-0.043123397153491776
-24.5,143.75,-0.03343890572321557
-24.5,144.0,-0.02316804132812346
-24.5,144.25,-0.029839181806614976
-24.5,144.5,-0.04170219758082004
-24.5,144.75,-0.04800077150575817
-24.5,145.0,-0.03995343463140584
-24.5,145.25,-0.026133292971090193
-24.5,145.5,-0.008609563540500988
-24.5,145.75,0.0032966736399213828
-24.5,146.0,0.01342545821874713
-24.5,146.25,0.02642632926858607
-24.5,146.5,0.027628201247370313
-24.5,146.75,0.013572398770927628
-24.5,147.0,-0.0018456191326203268
-24.5,147.25,0.004376993099937127
-24.5,147.5,-0.001634851973947315
-24.5,147.75,-0.017612629951742877
-24.5,148.0,-0.01993872666221467
-24.5,148.25,-0.027713245854136488
-24.5,148.5,-0.027539573838224723
-24.5,148.75,-0.006681532545813492
-24.5,149.0,0.009334147831292024
-24.5,149.25,0.010665281329004626
-24.5,149.5,0.00778418417349236
-24.5,149.75,0.009858466021805292
-24.5,150.0,0.015676277802447743
-24.5,150.25,0.022496239245603126
-24.5,150.5,0.023159910199908717
-24.5,150.75,0.009878623749439914
-24.5,151.0,0.007685987136348904
-24.5,151.25,0.009839285848041375
-24.5,151.5,0.012450056424547386
-24.5,151.75,0.015259748850422469
-24.5,152.0,0.020338856137268956
-24.5,152.25,0.01828354421235244
-24.75,113.25,0.04324323934644261
-24.75,113.5,0.03941341698525884
-24.75,113.75,0.0347472117700991
-24.75,114.0,0.036440678022890576
-24.75,114.25,0.04052782205953485
-24.75,114.5,0.04369727041616681
-24.75,114.75,0.044856130513029974
-24.75,115.0,0.04535873579582022
-24.75,115.25,0.04298835379082621
-24.75,115.5,0.047854862090510625
-24.75,115.75,0.05802090880807512
-24.75,116.0,0.060083653070476084
-24.75,116.25,0.060263607051733524
-24.75,116.5,0.06120025788120637
-24.75,116.75,0.06374864623649046
-24.75,117.0,0.061727405621093655
-24.75,117.25,0.06363057988873196
-24.75,117.5,0.06654834111936257
-24.75,117.75,0.0633745769593155
-24.75,118.0,0.05914297128883412
-24.75,118.25,0.05530700306130928
-24.75,118.5,0.057860215723381514
-24.75,118.75,0.061445784687419375
-24.75,119.0,0.05730166744795583
-24.75,119.25,0.053952249442227186
-24.75,119.5,0.05346329254292262
-24.75,119.75,0.055142944788427226
-24.75,120.0,0.05965694509934456
-24.75,120.25,0.06387441418399768
-24.75,120.5,0.06820763454196
-24.75,120.75,0.06967960628625448
-24.75,121.0,0.07104290662710333
-24.75,121.25,0.06834228857132119
-24.75,121.5,0.06529422501224048
-24.75,121.75,0.06486761107641671
-24.75,122.0,0.06657845993703675
-24.75,122.25,0.07084942119365137
-24.75,122.5,0.07096456667461011
-24.75,122.75,0.06596158851060041
-24.75,123.0,0.05679065713747626
-24.75,123.25,0.04832291815629495
-24.75,123.5,0.0440956789695303
-24.75,123.75,0.04314676736969324
-24.75,124.0,0.044979475754302084
-24.75,124.25,0.043217027811000924
-24.75,124.5,0.0413731050026919
-24.75,124.75,0.04025912448861986
-24.75,125.0,0.04261746845891355
-24.75,125.25,0.04325701943931303
-24.75,125.5,0.04376207944449215
-24.75,125.75,0.04343950568748239
-24.75,126.0,0.04063859637937553
-24.75,126.25,0.04199566194521529
-24.75,126.5,0.04636088129066463
-24.75,126.75,0.05526193919358775
-24.75,127.0,0.05984036226845568
-24.75,127.25,0.0575822015581209
-24.75,127.5,0.04569664427711229
-24.75,127.75,0.03967870978660704
-24.75,128.0,0.033489640716773766
-24.75,128.25,0.03015940040904319
-24.75,128.5,0.024185609850489224
-24.75,128.75,0.020912054094618986
-24.75,129.0,0.015830733098222742
-24.75,129.25,0.017607568947243548
-24.75,129.5,0.02050921991023989
-24.75,129.75,0.0212366565130651
-24.75,130.0,0.013130130033407893
-24.75,130.25,0.005785736968252985
-24.75,130.5,-0.009120078677023273
-24.75,130.75,-0.022550935193984992
-24.75,131.0,-0.034742069804287026
-24.75,131.25,-0.047217047986175334
-24.75,131.5,-0.05543104978278279
-24.75,131.75,-0.06155704151883366
-24.75,132.0,-0.0596550301814984
-24.75,132.25,-0.04788043804111935
-24.75,132.5,-0.03576228991039984
-24.75,132.75,-0.02122058033544038
-24.75,133.0,-0.015227808526140594
-24.75,133.25,-0.007186983746526363
-24.75,133.5,-0.003508438256228276
-24.75,133.75,-0.004337370803668385
-24.75,134.0,-0.0023721220936360103
-24.75,134.25,-0.004120571923530882
-24.75,134.5,-0.004142071135963003
-24.75,134.75,-0.0036607720534361544
-24.75,135.0,-0.00024227745210131008
-24.75,135.25,0.0006661037470967997
-24.75,135.5,-0.0056631756170342365
-24.75,135.75,-0.01056569088472142
-24.75,136.0,-0.024011362255883534
-24.75,136.25,-0.029363202713319055
-24.75,136.5,-0.03728953272885909
-24.75,136.75,-0.04619963060332728
-24.75,137.0,-0.05097411193945889
-24.75,137.25,-0.055737307539121025
-24.75,137.5,-0.0559949998034253
-24.75,137.75,-0.05580811635812833
-24.75,138.0,-0.05054518471006304
-24.75,138.25,-0.044319167954935915
-24.75,138.5,-0.04439953891116948
-24.75,138.75,-0.050043256838052046
-24.75,139.0,-0.05985840551022972
-24.75,139.25,-0.06538856347268891
-24.75,139.5,-0.06824240400677635
-24.75,139.75,-0.06499654475732573
-24.75,140.0,-0.05662770928548915
-24.75,140.25,-0.04977516506000289
-24.75,140.5,-0.04380103543267718
-24.75,140.75,-0.04591403763652557
-24.75,141.0,-0.05136035039322451
-24.75,141.25,-0.0536903942181241
-24.75,141.5,-0.05437270901886569
-24.75,141.75,-0.05446680011005983
-24.75,142.0,-0.05156763317572768
-24.75,142.25,-0.036243955165679964
-24.75,142.5,-0.020992786361880247
-24.75,142.75,-0.01508204091251606
-24.75,143.0,-0.01875143031384574
-24.75,143.25,-0.030107800316597735
-24.75,143.5,-0.03385718709656171
-24.75,143.75,-0.027799942182554375
-24.75,144.0,-0.025903177043039162
-24.75,144.25,-0.03085864979075268
-24.75,144.5,-0.04088460611277523
-24.75,144.75,-0.039930786908648555
-24.75,145.0,-0.03428555671125651
-24.75,145.25,-0.030990465796951736
-24.75,145.5,-0.018975049006708322
-24.75,145.75,-0.006901473496552734
-24.75,146.0,0.011541989231149533
-24.75,146.25,0.02635740917342316
-24.75,146.5,0.037256038911818036
-24.75,146.75,0.030024447871948638
-24.75,147.0,0.009334006135170403
-24.75,147.25,-0.0016050722100771964
-24.75,147.5,-0.007951523252718506
-24.75,147.75,-0.0030511109618514424
-24.75,148.0,-0.00216373973359753
-24.75,148.25,-0.0010792814372550872
-24.75,148.5,-0.0182136015719845
-24.75,148.75,-0.008152490145515738
-24.75,149.0,-0.006290547336850847
-24.75,149.25,-0.0016784992512492907
-24.75,149.5,-0.0016840427093917415
-24.75,149.75,0.0011895703861401195
-24.75,150.0,0.017553449062749374
-24.75,150.25,0.025165458196369443
-24.75,150.5,0.028887368138488714
-24.75,150.75,0.03811370096546376
-24.75,151.0,0.042223084037236513
-24.75,151.25,0.038894513954541514
-24.75,151.5,0.02945785893354609
-24.75,151.75,0.025310930192270983
-24.75,152.0,0.025641521300366593
-24.75,152.25,0.0285206031407662
-24.75,152.5,0.025256330579785363
-25.0,113.5,0.03407483450317245
-25.0,113.75,0.02999432098253497
-25.0,114.0,0.029780417955147902
-25.0,114.25,0.03433061294933958
-25.0,114.5,0.039434869024193006
-25.0,114.75,0.04094975190403472
-25.0,115.0,0.04269473680289507
-25.0,115.25,0.04323142499807069
-25.0,115.5,0.047512615943283196
-25.0,115.75,0.05640669641794548
-25.0,116.0,0.05883657406465361
-25.0,116.25,0.058486091569509534
-25.0,116.5,0.06315529168627801
-25.0,116.75,0.06111282120579117
-25.0,117.0,0.058080579340873684
-25.0,117.25,0.06096911805604274
-25.0,117.5,0.0643029226810627
-25.0,117.75,0.06314789627656518
-25.0,118.0,0.06043138395817507
-25.0,118.25,0.057779246745173755
-25.0,118.5,0.058515788884168224
-25.0,118.75,0.05575336144926647
-25.0,119.0,0.05175334212170648
-25.0,119.25,0.052652791063190395
-25.0,119.5,0.05287691916871284
-25.0,119.75,0.053979830797539936
-25.0,120.0,0.05675790088938638
-25.0,120.25,0.06189308824593484
-25.0,120.5,0.06817307255585633
-25.0,120.75,0.07214284344199336
-25.0,121.0,0.07311419425088735
-25.0,121.25,0.07016138997139587
-25.0,121.5,0.06556680951866188
-25.0,121.75,0.06423499135500087
-25.0,122.0,0.06523256832955494
-25.0,122.25,0.06708155981531101
-25.0,122.5,0.06819692342154061
-25.0,122.75,0.06423263897534828
-25.0,123.0,0.0547524910908015
-25.0,123.25,0.047018418916767196
-25.0,123.5,0.04499715974088758
-25.0,123.75,0.04425578356188323
-25.0,124.0,0.04564291882727827
-25.0,124.25,0.04344100305433607
-25.0,124.5,0.04085891658309958
-25.0,124.75,0.039104281580962595
-25.0,125.0,0.04069704339906041
-25.0,125.25,0.04284042786208114
-25.0,125.5,0.04314302010461688
-25.0,125.75,0.03915029992792933
-25.0,126.0,0.03550694181716868
-25.0,126.25,0.03927709578229475
-25.0,126.5,0.048221812062408956
-25.0,126.75,0.05791178901341655
-25.0,127.0,0.0666822052516398
-25.0,127.25,0.06655348785931156
-25.0,127.5,0.059626591769934054
-25.0,127.75,0.05341312491828354
-25.0,128.0,0.049744356450779986
-25.0,128.25,0.03767786938115023
-25.0,128.5,0.032304467108943274
-25.0,128.75,0.023793752586823844
-25.0,129.0,0.01938208078610755
-25.0,129.25,0.024223114128801085
-25.0,129.5,0.03234337825283763
-25.0,129.75,0.03302900036353441
-25.0,130.0,0.036741258634165636
-25.0,130.25,0.028695604522224694
-25.0,130.5,0.014238349755205923
-25.0,130.75,-0.0014892928354952129
-25.0,131.0,-0.018950870629244793
-25.0,131.25,-0.031704366048576224
-25.0,131.5,-0.04453095395001583
-25.0,131.75,-0.04976911225267464
-25.0,132.0,-0.05182057742827705
-25.0,132.25,-0.044824111656773656
-25.0,132.5,-0.03486330910486036
-25.0,132.75,-0.022751095369485917
-25.0,133.0,-0.01159266409175914
-25.0,133.25,-0.0033205509717975346
-25.0,133.5,0.0010947391169057006
-25.0,133.75,0.006843755341001919
-25.0,134.0,0.008421410963360574
-25.0,134.25,0.009781245239788577
-25.0,134.5,0.004629755392670631
-25.0,134.75,0.010128510947383585
-25.0,135.0,0.015406508921157747
-25.0,135.25,0.011911754354479767
-25.0,135.5,0.002766145909914658
-25.0,135.75,-0.007168614722433545
-25.0,136.0,-0.010196677270522784
-25.0,136.25,-0.01823060088458338
-25.0,136.5,-0.024939452191548687
-25.0,136.75,-0.033045255465965186
-25.0,137.0,-0.04070835518428967
-25.0,137.25,-0.04478610785944121
-25.0,137.5,-0.05091812705865041
-25.0,137.75,-0.050513867889198344
-25.0,138.0,-0.04715192333928176
-25.0,138.25,-0.0412015600129962
-25.0,138.5,-0.03916186567041136
-25.0,138.75,-0.04725624870098684
-25.0,139.0,-0.055517212940113886
-25.0,139.25,-0.06401185215051686
-25.0,139.5,-0.0654352710715362
-25.0,139.75,-0.06361869706750094
-25.0,140.0,-0.059290417211706796
-25.0,140.25,-0.052847682321000664
-25.0,140.5,-0.04980554548646545
-25.0,140.75,-0.04931328236901512
-25.0,141.0,-0.05295953751608197
-25.0,141.25,-0.05485708548332609
-25.0,141.5,-0.05606502085325441
-25.0,141.75,-0.05872414792843518
-25.0,142.0,-0.0454859983497521
-25.0,142.25,-0.028522964275907725
-25.0,142.5,-0.011632819509638162
-25.0,142.75,-0.013529105952502937
-25.0,143.0,-0.0178327978544292
-25.0,143.25,-0.023005596233443136
-25.0,143.5,-0.02820637998783717
-25.0,143.75,-0.03268701931062554
-25.0,144.0,-0.03455106678773605
-25.0,144.25,-0.0316635657833623
-25.0,144.5,-0.015757014739903666
-25.0,144.75,-0.015358353783154772
-25.0,145.0,-0.021460719071772126
-25.0,145.25,-0.02564916389888995
-25.0,145.5,-0.021619346728437537
-25.0,145.75,-0.005752320957946635
-25.0,146.0,0.013306133780584093
-25.0,146.25,0.028324657005612694
-25.0,146.5,0.04062572959561034
-25.0,146.75,0.04878995774668597
-25.0,147.0,0.03916202701096024
-25.0,147.25,0.025147381727029346
-25.0,147.5,0.02307063924991304
-25.0,147.75,0.0341406470117796
-25.0,148.0,0.04792123986380396
-25.0,148.25,0.046094335743691775
-25.0,148.5,0.01676033186016693
-25.0,148.75,0.0010588856358524589
-25.0,149.0,0.0015520706506712096
-25.0,149.25,0.013630460947544115
-25.0,149.5,0.013424811395816505
-25.0,149.75,0.018962780994895314
-25.0,150.0,0.032579749220028695
-25.0,150.25,0.03788276691865619
-25.0,150.5,0.04106147933551776
-25.0,150.75,0.05857808606122576
-25.0,151.0,0.06373697324278986
-25.0,151.25,0.0615697867846826
-25.0,151.5,0.04580641439325908
-25.0,151.75,0.03169981432535375
-25.0,152.0,0.031210558831004338
-25.0,152.25,0.03466883964304413
-25.0,152.5,0.03530782606519226
-25.0,152.75,0.02891571125503452
-25.25,113.5,0.03304897150290864
-25.25,113.75,0.02812056019611191
-25.25,114.0,0.025008407847157545
-25.25,114.25,0.03048442145144301
-25.25,114.5,0.035742198353234146
-25.25,114.75,0.03851998546770552
-25.25,115.0,0.04031514121286039
-25.25,115.25,0.041996252562863184
-25.25,115.5,0.04570935293865789
-25.25,115.75,0.05394262747417781
-25.25,116.0,0.05652764360198662
-25.25,116.25,0.060607515546005394
-25.25,116.5,0.06054973039066508
-25.25,116.75,0.0612594892298581
-25.25,117.0,0.05997566728120936
-25.25,117.25,0.06387294304551601
-25.25,117.5,0.06880536307359025
-25.25,117.75,0.06898250971322081
-25.25,118.0,0.06825119314143237
-25.25,118.25,0.06439289399200962
-25.25,118.5,0.0608903906879104
-25.25,118.75,0.05572889767188047
-25.25,119.0,0.05659969169203015
-25.25,119.25,0.05876695408618876
-25.25,119.5,0.058680161589845306
-25.25,119.75,0.058379180594125675
-25.25,120.0,0.05326519196775432
-25.25,120.25,0.05597675299338464
-25.25,120.5,0.0622410322838862
-25.25,120.75,0.06796616855787024
-25.25,121.0,0.06984619221960504
-25.25,121.25,0.06846631950133347
-25.25,121.5,0.06412141922240457
-25.25,121.75,0.06232829317062472
-25.25,122.0,0.061874295944497656
-25.25,122.25,0.0627635268317092
-25.25,122.5,0.06531559259054207
-25.25,122.75,0.061791476875632294
-25.25,123.0,0.05324582196550355
-25.25,123.25,0.04680062872801154
-25.25,123.5,0.044796181611655765
-25.25,123.75,0.04600207813671746
-25.25,124.0,0.04672935662744013
-25.25,124.25,0.04706531498238854
-25.25,124.5,0.045529874881118475
-25.25,124.75,0.0420729866445375
-25.25,125.0,0.04125847872235768
-25.25,125.25,0.042885520546475334
-25.25,125.5,0.04281818861019842
-25.25,125.75,0.03877909722782317
-25.25,126.0,0.03516303854855886
-25.25,126.25,0.03926761412239146
-25.25,126.5,0.0494713535093026
-25.25,126.75,0.06015235271909097
-25.25,127.0,0.07054681079573043
-25.25,127.25,0.07154654920394976
-25.25,127.5,0.06891236126733323
-25.25,127.75,0.0613643201479655
-25.25,128.0,0.051862389749536913
-25.25,128.25,0.04202835739235438
-25.25,128.5,0.029348880439508885
-25.25,128.75,0.020352224575444347
-25.25,129.0,0.014937230011093474
-25.25,129.25,0.019460407387842202
-25.25,129.5,0.02981979176845579
-25.25,129.75,0.041096945023829386
-25.25,130.0,0.04496399575090479
-25.25,130.25,0.04724942868398059
-25.25,130.5,0.034979981799898224
-25.25,130.75,0.019166254906061417
-25.25,131.0,0.0039010247215628623
-25.25,131.25,-0.015139845752024225
-25.25,131.5,-0.022175731066436995
-25.25,131.75,-0.030461221685012183
-25.25,132.0,-0.03186627859693198
-25.25,132.25,-0.02946619014033959
-25.25,132.5,-0.02207734902234127
-25.25,132.75,-0.018821398828489086
-25.25,133.0,-0.010228687239993763
-25.25,133.25,0.00035976506769657134
-25.25,133.5,0.007006302914981331
-25.25,133.75,0.017181235514414896
-25.25,134.0,0.025363092938260664
-25.25,134.25,0.022346132470383532
-25.25,134.5,0.024213426161025252
-25.25,134.75,0.027815569777573858
-25.25,135.0,0.033913169810104934
-25.25,135.25,0.024960017904994032
-25.25,135.5,0.008755126191924015
-25.25,135.75,0.004292421892196649
-25.25,136.0,-0.0022561079689434596
-25.25,136.25,-0.0036673446895465964
-25.25,136.5,-0.010685371682934817
-25.25,136.75,-0.01899180180681426
-25.25,137.0,-0.02436089500607479
-25.25,137.25,-0.032470116653435285
-25.25,137.5,-0.03644894922285208
-25.25,137.75,-0.040548298219939514
-25.25,138.0,-0.03965918345243803
-25.25,138.25,-0.03549227835610509
-25.25,138.5,-0.03527104227271463
-25.25,138.75,-0.03916052742979013
-25.25,139.0,-0.05009850702204165
-25.25,139.25,-0.056751725376982774
-25.25,139.5,-0.05954798486172443
-25.25,139.75,-0.06073294274143076
-25.25,140.0,-0.0610009126442795
-25.25,140.25,-0.05950312858441889
-25.25,140.5,-0.05498284328108032
-25.25,140.75,-0.056125973641783705
-25.25,141.0,-0.05710918796692221
-25.25,141.25,-0.05857671397250323
-25.25,141.5,-0.061375983631504434
-25.25,141.75,-0.04957584313205665
-25.25,142.0,-0.036450335884555464
-25.25,142.25,-0.019835789282695346
-25.25,142.5,-0.009825209425235655
-25.25,142.75,-0.017841251114926612
-25.25,143.0,-0.025087780268153264
-25.25,143.25,-0.03108448452715363
-25.25,143.5,-0.03486799276433885
-25.25,143.75,-0.042452196030977316
-25.25,144.0,-0.041054385563447364
-25.25,144.25,-0.025353430198239428
-25.25,144.5,-0.004272366255255682
-25.25,144.75,0.0057465237956161475
-25.25,145.0,-0.003400079828376571
-25.25,145.25,-0.012754388643744667
-25.25,145.5,-0.011455185276766618
-25.25,145.75,0.0061878398021993535
-25.25,146.0,0.020238841211401102
-25.25,146.25,0.035428622511348554
-25.25,146.5,0.047909485144052834
-25.25,146.75,0.055982746254830136
-25.25,147.0,0.060052563431894496
-25.25,147.25,0.05821577700612904
-25.25,147.5,0.06405521358385505
-25.25,147.75,0.08475836472907325
-25.25,148.0,0.09646571160382814
-25.25,148.25,0.08295993039029695
-25.25,148.5,0.058301897127447384
-25.25,148.75,0.037191288563467206
-25.25,149.0,0.043448734929275125
-25.25,149.25,0.05850293618139057
-25.25,149.5,0.06521207554088462
-25.25,149.75,0.0676061785114663
-25.25,150.0,0.06176151769357689
-25.25,150.25,0.05695883581093291
-25.25,150.5,0.0645956090873196
-25.25,150.75,0.06421361061206664
-25.25,151.0,0.06861638389527798
-25.25,151.25,0.06554993241471016
-25.25,151.5,0.05703273209150038
-25.25,151.75,0.03803557331619751
-25.25,152.0,0.03206400588356441
-25.25,152.25,0.03619819975325039
-25.25,152.5,0.04400373774087278
-25.25,152.75,0.04172629758028225
-25.25,153.0,0.042289194288328176
-25.5,113.75,0.02725191749133436
-25.5,114.0,0.023344876101085297
-25.5,114.25,0.028759678462076756
-25.5,114.5,0.03679532045720234
-25.5,114.75,0.03891811130036201
-25.5,115.0,0.038506948374699625
-25.5,115.25,0.04183978390938137
-25.5,115.5,0.043509636878679016
-25.5,115.75,0.04922881998049672
-25.5,116.0,0.05448641732246393
-25.5,116.25,0.05585206824665268
-25.5,116.5,0.05924403017686148
-25.5,116.75,0.06203563937465549
-25.5,117.0,0.06468512645390417
-25.5,117.25,0.0680938358734628
-25.5,117.5,0.06731805700498322
-25.5,117.75,0.06959896597212979
-25.5,118.0,0.0707424927591568
-25.5,118.25,0.06802942401374734
-25.5,118.5,0.061968876644303755
-25.5,118.75,0.059242919131758665
-25.5,119.0,0.06207910813945567
-25.5,119.25,0.06379800222999793
-25.5,119.5,0.06364776303914065
-25.5,119.75,0.06016263848259335
-25.5,120.0,0.053692998209901685
-25.5,120.25,0.05382470246958768
-25.5,120.5,0.05620704108815906
-25.5,120.75,0.060029784896011865
-25.5,121.0,0.061319900467060505
-25.5,121.25,0.06214181967661716
-25.5,121.5,0.059352054383738764
-25.5,121.75,0.05736567855035121
-25.5,122.0,0.05686589022100504
-25.5,122.25,0.057002669901010536
-25.5,122.5,0.05918767497919145
-25.5,122.75,0.0612938091774205
-25.5,123.0,0.05526275035697922
-25.5,123.25,0.048785651855481164
-25.5,123.5,0.04842134778155014
-25.5,123.75,0.04867600922076409
-25.5,124.0,0.04904972011905297
-25.5,124.25,0.050655106483082774
-25.5,124.5,0.05273856505518779
-25.5,124.75,0.04930694043896871
-25.5,125.0,0.047326256439001076
-25.5,125.25,0.045493237009005885
-25.5,125.5,0.045226237257676466
-25.5,125.75,0.04306235002974669
-25.5,126.0,0.03954303069795493
-25.5,126.25,0.04412455297563048
-25.5,126.5,0.05369028321465954
-25.5,126.75,0.06436083158589012
-25.5,127.0,0.06846051157030854
-25.5,127.25,0.06876793138549796
-25.5,127.5,0.06944533758131521
-25.5,127.75,0.06446767975188171
-25.5,128.0,0.05500591501948379
-25.5,128.25,0.046447885192797654
-25.5,128.5,0.034917996481886975
-25.5,128.75,0.02369302520528436
-25.5,129.0,0.016994833056759532
-25.5,129.25,0.015457900821985233
-25.5,129.5,0.018358936959079333
-25.5,129.75,0.03085181273276075
-25.5,130.0,0.04649701092746996
-25.5,130.25,0.05424435822780998
-25.5,130.5,0.052428216165086874
-25.5,130.75,0.03614406109166642
-25.5,131.0,0.019593285765898014
-25.5,131.25,0.007493830636321079
-25.5,131.5,-0.0032140449626326915
-25.5,131.75,-0.005771114837954797
-25.5,132.0,-0.004881816391744429
-25.5,132.25,-0.0032091610377565738
-25.5,132.5,-0.0011039669026753733
-25.5,132.75,-0.0030919340633166334
-25.5,133.0,-0.0005667447389680005
-25.5,133.25,0.007199469304067038
-25.5,133.5,0.018646106861221295
-25.5,133.75,0.03384536490941952
-25.5,134.0,0.04244945009150321
-25.5,134.25,0.04572356646170928
-25.5,134.5,0.04314935479557053
-25.5,134.75,0.04395525982503646
-25.5,135.0,0.04412631693384832
-25.5,135.25,0.03160843061549323
-25.5,135.5,0.020668989656093928
-25.5,135.75,0.011331059588562875
-25.5,136.0,0.011810676918719851
-25.5,136.25,0.005685745683010845
-25.5,136.5,0.0029076035882878515
-25.5,136.75,-0.0011082148445504052
-25.5,137.0,-0.009784953025657506
-25.5,137.25,-0.015059463183085124
-25.5,137.5,-0.02301203947336901
-25.5,137.75,-0.026712957377146396
-25.5,138.0,-0.02896627408141891
-25.5,138.25,-0.02840666634784568
-25.5,138.5,-0.02916968473055888
-25.5,138.75,-0.0340884525001803
-25.5,139.0,-0.038835447791609023
-25.5,139.25,-0.04513388812774792
-25.5,139.5,-0.05166273544143353
-25.5,139.75,-0.0569088234782352
-25.5,140.0,-0.06013872366415204
-25.5,140.25,-0.05935997312356319
-25.5,140.5,-0.05978300855716779
-25.5,140.75,-0.06095600631365198
-25.5,141.0,-0.06330442298647193
-25.5,141.25,-0.0649342468841323
-25.5,141.5,-0.05764855073752447
-25.5,141.75,-0.04514777068384103
-25.5,142.0,-0.030855323782279377
-25.5,142.25,-0.0174828851836667
-25.5,142.5,-0.01990980799337627
-25.5,142.75,-0.0289449067597854
-25.5,143.0,-0.03788479859718964
-25.5,143.25,-0.03815185631669703
-25.5,143.5,-0.04237778385258501
-25.5,143.75,-0.04133492624387145
-25.5,144.0,-0.03643790757549661
-25.5,144.25,-0.021840188768137956
-25.5,144.5,-0.005339921613977778
-25.5,144.75,0.0013767345553441417
-25.5,145.0,0.002223922928706521
-25.5,145.25,-0.006899526729137593
-25.5,145.5,0.0031491797506099655
-25.5,145.75,0.02213718246258352
-25.5,146.0,0.030714137492413144
-25.5,146.25,0.03934246432424213
-25.5,146.5,0.05164361745784325
-25.5,146.75,0.057606498825009025
-25.5,147.0,0.0613884751734856
-25.5,147.25,0.06587316972547255
-25.5,147.5,0.08756802929787054
-25.5,147.75,0.10671185527850563
-25.5,148.0,0.10547767291538462
-25.5,148.25,0.09113638932536733
-25.5,148.5,0.08786028093170552
-25.5,148.75,0.08875661207629101
-25.5,149.0,0.1001699346162024
-25.5,149.25,0.09707489905967599
-25.5,149.5,0.09388983420850265
-25.5,149.75,0.08985636952039343
-25.5,150.0,0.0802377354841502
-25.5,150.25,0.0722079503039519
-25.5,150.5,0.07151326820963905
-25.5,150.75,0.07009554374076071
-25.5,151.0,0.05582413531540494
-25.5,151.25,0.0521042430295936
-25.5,151.5,0.04981383174197704
-25.5,151.75,0.03924426554835268
-25.5,152.0,0.029443288340588056
-25.5,152.25,0.0374519404999557
-25.5,152.5,0.04718642045655066
-25.5,152.75,0.051350710832602564
-25.5,153.0,0.052953339099795334
-25.5,153.25,0.0476102131108443
-25.75,113.75,0.02498284254910513
-25.75,114.0,0.02396465923271275
-25.75,114.25,0.029174564764391453
-25.75,114.5,0.03654046122073418
-25.75,114.75,0.03688697674910405
-25.75,115.0,0.03672631056203197
-25.75,115.25,0.0366752315379147
-25.75,115.5,0.03968558074418633
-25.75,115.75,0.04478830448240929
-25.75,116.0,0.045832721356003144
-25.75,116.25,0.05043307066800827
-25.75,116.5,0.055080336796873734
-25.75,116.75,0.060028529423289
-25.75,117.0,0.060734650838449374
-25.75,117.25,0.061214785566109986
-25.75,117.5,0.06225580365550871
-25.75,117.75,0.0639312822105629
-25.75,118.0,0.06707415225516472
-25.75,118.25,0.0655584980245857
-25.75,118.5,0.061175547694576726
-25.75,118.75,0.06137947494821024
-25.75,119.0,0.06287030968648781
-25.75,119.25,0.06353266706158008
-25.75,119.5,0.06315559932235851
-25.75,119.75,0.06094173188543036
-25.75,120.0,0.05933835912008016
-25.75,120.25,0.058747842711662605
-25.75,120.5,0.05774030083696181
-25.75,120.75,0.057024562395928936
-25.75,121.0,0.05601597881399184
-25.75,121.25,0.05482508164409193
-25.75,121.5,0.05321913916905899
-25.75,121.75,0.051214845300585565
-25.75,122.0,0.05019676380325109
-25.75,122.25,0.04883164131370861
-25.75,122.5,0.050548323882477625
-25.75,122.75,0.05444220467248843
-25.75,123.0,0.0532430621396218
-25.75,123.25,0.050117118514719464
-25.75,123.5,0.05056346891713994
-25.75,123.75,0.05266276914376899
-25.75,124.0,0.05325724184790272
-25.75,124.25,0.05505515872445401
-25.75,124.5,0.05831059194169939
-25.75,124.75,0.054285012015939826
-25.75,125.0,0.04977656444645531
-25.75,125.25,0.047753741024505525
-25.75,125.5,0.047352745084624205
-25.75,125.75,0.04533650126263854
-25.75,126.0,0.0437359832979772
-25.75,126.25,0.04651150709638993
-25.75,126.5,0.053486624171810465
-25.75,126.75,0.059532044130554865
-25.75,127.0,0.06384207817858883
-25.75,127.25,0.06480607730558231
-25.75,127.5,0.06306773560742537
-25.75,127.75,0.058642385433804955
-25.75,128.0,0.05325813361449123
-25.75,128.25,0.04691521781884755
-25.75,128.5,0.04181264582134429
-25.75,128.75,0.034448848081436674
-25.75,129.0,0.029119916021868232
-25.75,129.25,0.026897024260168628
-25.75,129.5,0.026941563474801592
-25.75,129.75,0.03565310537025133
-25.75,130.0,0.05100002615917696
-25.75,130.25,0.06106289972418121
-25.75,130.5,0.06276277846080207
-25.75,130.75,0.046686915547720025
-25.75,131.0,0.03670736916496285
-25.75,131.25,0.02492140208459681
-25.75,131.5,0.015605334578348057
-25.75,131.75,0.009617134412041022
-25.75,132.0,0.014291795481750299
-25.75,132.25,0.01840002813620404
-25.75,132.5,0.01667631239896374
-25.75,132.75,0.015967553536895485
-25.75,133.0,0.017801537596166046
-25.75,133.25,0.027133722562627683
-25.75,133.5,0.038328984598462866
-25.75,133.75,0.05284669162217705
-25.75,134.0,0.06494679045198219
-25.75,134.25,0.06720199276294027
-25.75,134.5,0.06343718622090472
-25.75,134.75,0.05941888135760867
-25.75,135.0,0.050859959325974896
-25.75,135.25,0.03847325943587791
-25.75,135.5,0.028054843151143618
-25.75,135.75,0.02535680632240006
-25.75,136.0,0.02368715816687438
-25.75,136.25,0.02344134614492456
-25.75,136.5,0.01823939361520821
-25.75,136.75,0.014706794052783932
-25.75,137.0,0.010785683157986828
-25.75,137.25,0.0026259513749253183
-25.75,137.5,-0.00210363329499073
-25.75,137.75,-0.009860627637577377
-25.75,138.0,-0.016489383770108577
-25.75,138.25,-0.022274317641165994
-25.75,138.5,-0.02570018385026959
-25.75,138.75,-0.027167841308428683
-25.75,139.0,-0.03112068869883106
-25.75,139.25,-0.036987386703202944
-25.75,139.5,-0.04497396759314662
-25.75,139.75,-0.052484903063270305
-25.75,140.0,-0.05453514151629948
-25.75,140.25,-0.0565031525191097
-25.75,140.5,-0.0593880675095577
-25.75,140.75,-0.0647618656966924
-25.75,141.0,-0.06496954020722548
-25.75,141.25,-0.059993775643497
-25.75,141.5,-0.05029593349345738
-25.75,141.75,-0.03860628073265876
-25.75,142.0,-0.028375258519441733
-25.75,142.25,-0.026910864505251604
-25.75,142.5,-0.03412008771140661
-25.75,142.75,-0.042060445978616676
-25.75,143.0,-0.04264768480456301
-25.75,143.25,-0.04014189130227481
-25.75,143.5,-0.03155221708473705
-25.75,143.75,-0.027549863253079822
-25.75,144.0,-0.029896853511620844
-25.75,144.25,-0.026306575088806097
-25.75,144.5,-0.01694073233132561
-25.75,144.75,-0.008738360979727336
-25.75,145.0,-0.008421366147896542
-25.75,145.25,-0.002870206788204433
-25.75,145.5,0.010032744223384986
-25.75,145.75,0.028154787858338318
-25.75,146.0,0.03784089012381931
-25.75,146.25,0.04359446870207432
-25.75,146.5,0.04524749001443741
-25.75,146.75,0.045320465802104165
-25.75,147.0,0.04819374821104464
-25.75,147.25,0.05956237677822909
-25.75,147.5,0.07972537305578867
-25.75,147.75,0.08772801052158077
-25.75,148.0,0.08359326741525105
-25.75,148.25,0.08237884821470029
-25.75,148.5,0.0930584898883743
-25.75,148.75,0.10524222986728307
-25.75,149.0,0.10620198118101273
-25.75,149.25,0.0915316165779673
-25.75,149.5,0.07853332324441345
-25.75,149.75,0.07509981645382054
-25.75,150.0,0.07284880453607046
-25.75,150.25,0.06689117252604947
-25.75,150.5,0.06380481332030502
-25.75,150.75,0.055124481628826334
-25.75,151.0,0.042506846200696946
-25.75,151.25,0.03670450512990577
-25.75,151.5,0.03499779322550499
-25.75,151.75,0.035947082229679274
-25.75,152.0,0.035667413234755044
-25.75,152.25,0.04031913944128887
-25.75,152.5,0.04675681985959056
-25.75,152.75,0.05314638287638358
-25.75,153.0,0.052682304382878575
-25.75,153.25,0.04694323645283779
-26.0,114.0,0.024917483324991607
-26.0,114.25,0.029421209500703427
-26.0,114.5,0.035481760148624225
-26.0,114.75,0.0353564837287801
-26.0,115.0,0.03162328829722745
-26.0,115.25,0.030856660458569725
-26.0,115.5,0.03240927009222408
-26.0,115.75,0.035196186889827785
-26.0,116.0,0.037331788424524434
-26.0,116.25,0.042630060439045166
-26.0,116.5,0.04829121136114866
-26.0,116.75,0.05452640013481003
-26.0,117.0,0.05769418958086698
-26.0,117.25,0.06074137453688309
-26.0,117.5,0.06557156373691257
-26.0,117.75,0.06859401591743032
-26.0,118.0,0.06928698058195767
-26.0,118.25,0.06711648044154225
-26.0,118.5,0.062219474275618615
-26.0,118.75,0.062292896701200376
-26.0,119.0,0.06251826078320542
-26.0,119.25,0.0615940151445102
-26.0,119.5,0.061067948781696725
-26.0,119.75,0.06072395564766512
-26.0,120.0,0.06122272039231445
-26.0,120.25,0.06090217192776479
-26.0,120.5,0.05799869478186814
-26.0,120.75,0.05552024678659758
-26.0,121.0,0.052310874450597025
-26.0,121.25,0.04960511328508368
-26.0,121.5,0.0500342642711032
-26.0,121.75,0.053299372464174495
-26.0,122.0,0.05143158889176058
-26.0,122.25,0.047183162176016986
-26.0,122.5,0.045136533474959876
-26.0,122.75,0.04636230903478073
-26.0,123.0,0.04531182910182646
-26.0,123.25,0.0444742006743105
-26.0,123.5,0.04758589640814102
-26.0,123.75,0.05042564205082488
-26.0,124.0,0.0520135964599571
-26.0,124.25,0.0520549991930325
-26.0,124.5,0.05092612736126674
-26.0,124.75,0.04717552173173144
-26.0,125.0,0.04233371980683712
-26.0,125.25,0.04122881930698419
-26.0,125.5,0.04247983630436162
-26.0,125.75,0.044945655051907084
-26.0,126.0,0.047821012902672266
-26.0,126.25,0.046857962336036424
-26.0,126.5,0.04500880162397932
-26.0,126.75,0.047365576549921004
-26.0,127.0,0.053862900872315676
-26.0,127.25,0.05963221959703203
-26.0,127.5,0.05715158367454153
-26.0,127.75,0.05392039150964203
-26.0,128.0,0.051320360985673254
-26.0,128.25,0.048960780294700745
-26.0,128.5,0.04571586255471976
-26.0,128.75,0.04072034864761268
-26.0,129.0,0.038499411826376756
-26.0,129.25,0.04437022930942476
-26.0,129.5,0.04975189141751755
-26.0,129.75,0.05783727938486707
-26.0,130.0,0.06713369161034713
-26.0,130.25,0.06838050806074447
-26.0,130.5,0.059042424453045465
-26.0,130.75,0.05167023535773513
-26.0,131.0,0.05039307820788097
-26.0,131.25,0.047368742889236835
-26.0,131.5,0.04070675783746299
-26.0,131.75,0.034743674562889196
-26.0,132.0,0.03958864645766361
-26.0,132.25,0.039558393756548564
-26.0,132.5,0.038384126450511674
-26.0,132.75,0.03804832035841953
-26.0,133.0,0.04157418064900239
-26.0,133.25,0.047746969552134116
-26.0,133.5,0.054013437250008185
-26.0,133.75,0.06756083499016573
-26.0,134.0,0.08266202071903363
-26.0,134.25,0.08773891759226986
-26.0,134.5,0.08228219706964279
-26.0,134.75,0.07254606852574008
-26.0,135.0,0.061917321819679016
-26.0,135.25,0.05370532038976394
-26.0,135.5,0.04662223545961924
-26.0,135.75,0.040499321298141565
-26.0,136.0,0.03858180435941211
-26.0,136.25,0.03850744898164911
-26.0,136.5,0.034658552215079824
-26.0,136.75,0.031049258486434285
-26.0,137.0,0.026402641613302486
-26.0,137.25,0.019627863703118194
-26.0,137.5,0.011978825412890208
-26.0,137.75,0.003524665578845001
-26.0,138.0,-0.004136543982617912
-26.0,138.25,-0.013178658010881571
-26.0,138.5,-0.018817995766931703
-26.0,138.75,-0.02137918962343108
-26.0,139.0,-0.024080817244802825
-26.0,139.25,-0.030745275185576508
-26.0,139.5,-0.039631312970249424
-26.0,139.75,-0.04719920593446919
-26.0,140.0,-0.04963238869206093
-26.0,140.25,-0.05268196801944647
-26.0,140.5,-0.05726690438709089
-26.0,140.75,-0.059865306577246105
-26.0,141.0,-0.0556191793310323
-26.0,141.25,-0.04726372858706219
-26.0,141.5,-0.03835064825585245
-26.0,141.75,-0.03375679285021588
-26.0,142.0,-0.034309170034802744
-26.0,142.25,-0.03811438007812415
-26.0,142.5,-0.04468901479350669
-26.0,142.75,-0.045678447752392715
-26.0,143.0,-0.04331224974663374
-26.0,143.25,-0.03473560905993162
-26.0,143.5,-0.024576225442190965
-26.0,143.75,-0.02040823241917505
-26.0,144.0,-0.028086388100027327
-26.0,144.25,-0.02939173379425137
-26.0,144.5,-0.02632321726830144
-26.0,144.75,-0.020354302958141834
-26.0,145.0,-0.010986623310600407
-26.0,145.25,0.0027531500614713877
-26.0,145.5,0.014196306635581312
-26.0,145.75,0.02490391068027488
-26.0,146.0,0.036102170733335825
-26.0,146.25,0.04256505599422824
-26.0,146.5,0.04258391286157781
-26.0,146.75,0.03990121929839786
-26.0,147.0,0.04548020187454919
-26.0,147.25,0.06127474022186583
-26.0,147.5,0.07344327422213696
-26.0,147.75,0.0731572730954559
-26.0,148.0,0.07524804953884866
-26.0,148.25,0.07981550140372877
-26.0,148.5,0.08838333663353252
-26.0,148.75,0.09261944693779307
-26.0,149.0,0.0837444488757423
-26.0,149.25,0.06443508651573211
-26.0,149.5,0.056108003591985575
-26.0,149.75,0.0609509857404711
-26.0,150.0,0.06702630398989035
-26.0,150.25,0.06700019976345911
-26.0,150.5,0.06092687860973889
-26.0,150.75,0.051876667246133795
-26.0,151.0,0.04280357960101572
-26.0,151.25,0.03916902327078527
-26.0,151.5,0.042040316456197095
-26.0,151.75,0.050450782743393485
-26.0,152.0,0.04966519858488547
-26.0,152.25,0.04436875419646856
-26.0,152.5,0.04133282679665302
-26.0,152.75,0.044891122013186326
-26.0,153.0,0.04987642892873347
-26.0,153.25,0.046258449158076906
-26.0,153.5,0.05344621284110915
-26.25,113.75,0.021822589403018355
-26.25,114.0,0.0221729966124431
-26.25,114.25,0.02700361323409847
-26.25,114.5,0.034838047611438445
-26.25,114.75,0.0358658624914824
-26.25,115.0,0.03140395263464944
-26.25,115.25,0.028317360739899978
-26.25,115.5,0.02726089587037374
-26.25,115.75,0.02732131452288567
-26.25,116.0,0.03049093630508564
-26.25,116.25,0.036941065136454114
-26.25,116.5,0.04494301586833206
-26.25,116.75,0.05378846978336307
-26.25,117.0,0.06104753954962776
-26.25,117.25,0.06447141512319268
-26.25,117.5,0.06914723552583296
-26.25,117.75,0.07094097140943631
-26.25,118.0,0.06837062262153874
-26.25,118.25,0.06602658381286476
-26.25,118.5,0.0630986656932648
-26.25,118.75,0.06516846260804283
-26.25,119.0,0.06508556321440707
-26.25,119.25,0.06262998710707983
-26.25,119.5,0.059428234286384565
-26.25,119.75,0.056546305990334424
-26.25,120.0,0.05374269547506368
-26.25,120.25,0.05093166294363549
-26.25,120.5,0.049371966467948544
-26.25,120.75,0.05048723564638446
-26.25,121.0,0.051664754854226926
-26.25,121.25,0.0503492172097876
-26.25,121.5,0.05214494882883238
-26.25,121.75,0.05726219587987067
-26.25,122.0,0.057804877900828916
-26.25,122.25,0.05492567705833131
-26.25,122.5,0.050570823810994626
-26.25,122.75,0.047413707729096394
-26.25,123.0,0.04360986324027181
-26.25,123.25,0.04181438416597389
-26.25,123.5,0.046724977455146255
-26.25,123.75,0.051656382821273016
-26.25,124.0,0.052438005052196486
-26.25,124.25,0.048132618859554416
-26.25,124.5,0.040967061607876706
-26.25,124.75,0.039443282781922745
-26.25,125.0,0.0380770469782874
-26.25,125.25,0.03847653680093659
-26.25,125.5,0.04118172358056264
-26.25,125.75,0.04646777273876415
-26.25,126.0,0.051737719133407585
-26.25,126.25,0.046577545856347394
-26.25,126.5,0.046101589098439685
-26.25,126.75,0.05313593164097429
-26.25,127.0,0.060658344730923304
-26.25,127.25,0.06314601682215219
-26.25,127.5,0.05404859703655044
-26.25,127.75,0.04901726605936087
-26.25,128.0,0.0501735720783472
-26.25,128.25,0.054261396320292817
-26.25,128.5,0.05297206636030404
-26.25,128.75,0.04032932159579581
-26.25,129.0,0.030620718820552742
-26.25,129.25,0.03274553092030276
-26.25,129.5,0.0315296962258539
-26.25,129.75,0.03295596423808352
-26.25,130.0,0.04039895597047039
-26.25,130.25,0.04671227185033439
-26.25,130.5,0.050321101592410176
-26.25,130.75,0.04527148137955616
-26.25,131.0,0.043207336208295255
-26.25,131.25,0.04717863032364264
-26.25,131.5,0.05040959782671139
-26.25,131.75,0.04975596877636798
-26.25,132.0,0.048697317467581124
-26.25,132.25,0.048841646524600775
-26.25,132.5,0.053207929233931715
-26.25,132.75,0.055069081460879674
-26.25,133.0,0.057747021987147276
-26.25,133.25,0.0616790052991183
-26.25,133.5,0.06402010153729602
-26.25,133.75,0.07071507905299465
-26.25,134.0,0.08396740709265162
-26.25,134.25,0.09089926760810028
-26.25,134.5,0.08807782004906109
-26.25,134.75,0.08261809801860225
-26.25,135.0,0.07446601800398812
-26.25,135.25,0.07028231589522745
-26.25,135.5,0.06667560829914042
-26.25,135.75,0.05997897235266421
-26.25,136.0,0.05523801190290777
-26.25,136.25,0.04952392301832636
-26.25,136.5,0.04641643295153266
-26.25,136.75,0.04487187019660182
-26.25,137.0,0.038793427208882
-26.25,137.25,0.03258197545129363
-26.25,137.5,0.02343623549123073
-26.25,137.75,0.012948040320493636
-26.25,138.0,0.0023241696812744653
-26.25,138.25,-0.006662930305936329
-26.25,138.5,-0.012658091490378692
-26.25,138.75,-0.018038257825676175
-26.25,139.0,-0.02139626443386078
-26.25,139.25,-0.025725108600731586
-26.25,139.5,-0.03150405560320776
-26.25,139.75,-0.03741678919288374
-26.25,140.0,-0.042308525442023806
-26.25,140.25,-0.045851253662701874
-26.25,140.5,-0.050085902167068395
-26.25,140.75,-0.04650646014294277
-26.25,141.0,-0.03732793246218491
-26.25,141.25,-0.034100565232247824
-26.25,141.5,-0.0339004307807911
-26.25,141.75,-0.033656520673096005
-26.25,142.0,-0.03643059423193336
-26.25,142.25,-0.0403386047707283
-26.25,142.5,-0.04275950171397112
-26.25,142.75,-0.040023172768442666
-26.25,143.0,-0.03690186147799804
-26.25,143.25,-0.03412297726969146
-26.25,143.5,-0.03135061327456718
-26.25,143.75,-0.03566192930808202
-26.25,144.0,-0.03899372032887879
-26.25,144.25,-0.03271166965188015
-26.25,144.5,-0.02538789232328002
-26.25,144.75,-0.020491040902700097
-26.25,145.0,-0.010137114954358411
-26.25,145.25,0.005238119770573186
-26.25,145.5,0.015105010673315043
-26.25,145.75,0.021190312347330507
-26.25,146.0,0.031063160833270688
-26.25,146.25,0.04041782326419793
-26.25,146.5,0.045266350888691485
-26.25,146.75,0.049071005001522804
-26.25,147.0,0.057071638688683465
-26.25,147.25,0.07613257454552998
-26.25,147.5,0.08817961282052454
-26.25,147.75,0.08649957423608395
-26.25,148.0,0.08791295815747054
-26.25,148.25,0.09190348495217006
-26.25,148.5,0.09174091784460914
-26.25,148.75,0.08970593279671102
-26.25,149.0,0.08352067338613173
-26.25,149.25,0.07546420837974264
-26.25,149.5,0.07104746180896958
-26.25,149.75,0.0749005462530823
-26.25,150.0,0.08146539641588571
-26.25,150.25,0.09167843270115554
-26.25,150.5,0.08865686788090638
-26.25,150.75,0.07896008395556627
-26.25,151.0,0.06742698680311497
-26.25,151.25,0.05728157059697662
-26.25,151.5,0.04872070532846486
-26.25,151.75,0.053681663759302216
-26.25,152.0,0.05406000692885192
-26.25,152.25,0.05057247426759984
-26.25,152.5,0.048019548456761096
-26.25,152.75,0.04932225798034952
-26.25,153.0,0.05059760347274797
-26.25,153.25,0.044355371364924526
-26.5,113.5,0.026015726451199348
-26.5,113.75,0.02338006185545098
-26.5,114.0,0.01684463613422676
-26.5,114.25,0.019934913839790083
-26.5,114.5,0.028996034625119398
-26.5,114.75,0.03515488672558041
-26.5,115.0,0.03333892999521811
-26.5,115.25,0.028006457678219746
-26.5,115.5,0.026421663879106442
-26.5,115.75,0.027658366611493485
-26.5,116.0,0.027828442865228724
-26.5,116.25,0.03655961399282595
-26.5,116.5,0.04753025596874068
-26.5,116.75,0.058740411956040635
-26.5,117.0,0.06337322372932076
-26.5,117.25,0.06502165034457687
-26.5,117.5,0.06911652978077265
-26.5,117.75,0.06763458771054588
-26.5,118.0,0.06535878712311387
-26.5,118.25,0.06259303286095105
-26.5,118.5,0.06019568280316889
-26.5,118.75,0.06006903263208057
-26.5,119.0,0.059576515729644425
-26.5,119.25,0.058303888376602636
-26.5,119.5,0.0585452318490882
-26.5,119.75,0.05734151975540001
-26.5,120.0,0.05279522117537757
-26.5,120.25,0.04806354003958404
-26.5,120.5,0.04656628344444991
-26.5,120.75,0.047312923087849325
-26.5,121.0,0.04933699795067133
-26.5,121.25,0.051334647996728086
-26.5,121.5,0.05354850114811034
-26.5,121.75,0.058337041774454215
-26.5,122.0,0.062496158690468984
-26.5,122.25,0.059388592470592506
-26.5,122.5,0.05555554925286699
-26.5,122.75,0.052102483259070485
-26.5,123.0,0.04735789901931726
-26.5,123.25,0.04277029506241282
-26.5,123.5,0.046124187436708736
-26.5,123.75,0.05223606475067624
-26.5,124.0,0.05270074697743569
-26.5,124.25,0.0448497708629085
-26.5,124.5,0.033901651647119294
-26.5,124.75,0.03343400297065576
-26.5,125.0,0.037639283064137476
-26.5,125.25,0.03971326622801522
-26.5,125.5,0.04412572243073512
-26.5,125.75,0.05064077030069062
-26.5,126.0,0.05183429393662317
-26.5,126.25,0.04338312446184102
-26.5,126.5,0.04497533681514185
-26.5,126.75,0.05606604013148518
-26.5,127.0,0.06620055062341548
-26.5,127.25,0.0679878644686791
-26.5,127.5,0.055206948630733506
-26.5,127.75,0.04043954879355927
-26.5,128.0,0.0434045068190677
-26.5,128.25,0.05350390806949387
-26.5,128.5,0.0569101898110516
-26.5,128.75,0.04630165685112366
-26.5,129.0,0.026643475070817484
-26.5,129.25,0.027083655697892287
-26.5,129.5,0.025629579628418598
-26.5,129.75,0.02551834899100608
-26.5,130.0,0.032458470813885684
-26.5,130.25,0.0447760047230293
-26.5,130.5,0.05288397452705318
-26.5,130.75,0.044641710522895055
-26.5,131.0,0.029120886756018514
-26.5,131.25,0.026219752535135265
-26.5,131.5,0.01938951147853264
-26.5,131.75,0.010834559855893964
-26.5,132.0,0.00012095224866200061
-26.5,132.25,0.01655749883835337
-26.5,132.5,0.03598576611118569
-26.5,132.75,0.05783262069425767
-26.5,133.0,0.06481186986091503
-26.5,133.25,0.07364091665755647
-26.5,133.5,0.07796092165212723
-26.5,133.75,0.0812106602736527
-26.5,134.0,0.0866421252923076
-26.5,134.25,0.0933571147968732
-26.5,134.5,0.09648988904331678
-26.5,134.75,0.0952050267362557
-26.5,135.0,0.09057851095816918
-26.5,135.25,0.08668147058619763
-26.5,135.5,0.0816812275886713
-26.5,135.75,0.07656675398521613
-26.5,136.0,0.06827695336680682
-26.5,136.25,0.061436440611612936
-26.5,136.5,0.05624304198205382
-26.5,136.75,0.05316431545208962
-26.5,137.0,0.04919949865323447
-26.5,137.25,0.04060410678697129
-26.5,137.5,0.03226803125857952
-26.5,137.75,0.020571781153835
-26.5,138.0,0.01128347935155034
-26.5,138.25,0.002133098132132242
-26.5,138.5,-0.006241004126856015
-26.5,138.75,-0.010608929369620802
-26.5,139.0,-0.016252245331027856
-26.5,139.25,-0.019327124933313046
-26.5,139.5,-0.024960076888479912
-26.5,139.75,-0.027558802346521544
-26.5,140.0,-0.028956206063074724
-26.5,140.25,-0.03501569734819766
-26.5,140.5,-0.035830541522729964
-26.5,140.75,-0.031190831512434496
-26.5,141.0,-0.02602970384593521
-26.5,141.25,-0.02909752007884284
-26.5,141.5,-0.03115536210326744
-26.5,141.75,-0.03161442778516738
-26.5,142.0,-0.03395927011623003
-26.5,142.25,-0.037485478523844255
-26.5,142.5,-0.03852298837376847
-26.5,142.75,-0.032818172641453286
-26.5,143.0,-0.027169110094352314
-26.5,143.25,-0.02851869258087217
-26.5,143.5,-0.036663575670016664
-26.5,143.75,-0.043325911488916194
-26.5,144.0,-0.03730029749817082
-26.5,144.25,-0.026289347543691596
-26.5,144.5,-0.020533700382691762
-26.5,144.75,-0.012033309641161135
-26.5,145.0,-0.0028740287503404988
-26.5,145.25,0.013044294327985317
-26.5,145.5,0.02219116085131342
-26.5,145.75,0.02478635304779302
-26.5,146.0,0.03285947737195307
-26.5,146.25,0.04269989422311829
-26.5,146.5,0.05416659622320107
-26.5,146.75,0.06231434483391543
-26.5,147.0,0.07242577704711861
-26.5,147.25,0.08850403157550664
-26.5,147.5,0.09957033200965573
-26.5,147.75,0.09749491260708532
-26.5,148.0,0.09444145686658366
-26.5,148.25,0.0914169528740569
-26.5,148.5,0.08875985355116427
-26.5,148.75,0.09258330179644482
-26.5,149.0,0.09745735741321584
-26.5,149.25,0.09686917934034552
-26.5,149.5,0.0983167396060058
-26.5,149.75,0.10091236028376789
-26.5,150.0,0.10488422572878854
-26.5,150.25,0.11242822760361292
-26.5,150.5,0.11080786531092598
-26.5,150.75,0.10266311613931542
-26.5,151.0,0.09019363181488145
-26.5,151.25,0.06711576617588955
-26.5,151.5,0.05153427364171616
-26.5,151.75,0.05741092039028271
-26.5,152.0,0.07363484113621303
-26.5,152.25,0.0764827281619156
-26.5,152.5,0.07446948906345781
-26.5,152.75,0.06788450914568135
-26.5,153.0,0.05483936971674363
-26.5,153.25,0.04404993681015358
-26.5,153.5,0.051033883218631323
-26.75,113.5,0.028585275064133817
-26.75,113.75,0.02307691400693286
-26.75,114.0,0.01394410919109803
-26.75,114.25,0.01593404913409835
-26.75,114.5,0.0215012662017086
-26.75,114.75,0.030248736342903048
-26.75,115.0,0.03150597149062724
-26.75,115.25,0.02820466678101747
-26.75,115.5,0.02530607252015865
-26.75,115.75,0.025624730123534046
-26.75,116.0,0.028305770891130948
-26.75,116.25,0.034675859520211814
-26.75,116.5,0.0486904085642891
-26.75,116.75,0.05736051229649179
-26.75,117.0,0.061408563482109456
-26.75,117.25,0.06501148963233434
-26.75,117.5,0.06510533480406074
-26.75,117.75,0.06416297842848248
-26.75,118.0,0.06048956092092253
-26.75,118.25,0.05901060583169705
-26.75,118.5,0.05566318202763796
-26.75,118.75,0.0522000761525262
-26.75,119.0,0.050157612484569354
-26.75,119.25,0.05074990736320615
-26.75,119.5,0.05306998625885518
-26.75,119.75,0.05464926927220187
-26.75,120.0,0.053332685356560564
-26.75,120.25,0.05164711753992985
-26.75,120.5,0.050273918719696144
-26.75,120.75,0.05029295621650471
-26.75,121.0,0.04720768922429887
-26.75,121.25,0.04751224445312151
-26.75,121.5,0.04949200967038494
-26.75,121.75,0.05643210719406073
-26.75,122.0,0.059683273795304734
-26.75,122.25,0.05943364103191665
-26.75,122.5,0.05467797767903124
-26.75,122.75,0.05190873264911629
-26.75,123.0,0.048322689821500155
-26.75,123.25,0.04295546505600214
-26.75,123.5,0.041596105357720736
-26.75,123.75,0.04760613709776884
-26.75,124.0,0.05088356473217053
-26.75,124.25,0.04415114240587822
-26.75,124.5,0.03127170125117118
-26.75,124.75,0.03259598222073345
-26.75,125.0,0.03770713796506503
-26.75,125.25,0.04308277421209607
-26.75,125.5,0.047976886917881316
-26.75,125.75,0.05011033684218308
-26.75,126.0,0.049655391851307025
-26.75,126.25,0.04070791011708068
-26.75,126.5,0.04110116579187369
-26.75,126.75,0.05257687905825497
-26.75,127.0,0.0680684821522196
-26.75,127.25,0.07362407245008008
-26.75,127.5,0.0629522119360488
-26.75,127.75,0.035967906548952065
-26.75,128.0,0.03721561608614311
-26.75,128.25,0.05173500559980138
-26.75,128.5,0.060312843026726376
-26.75,128.75,0.04935128108731338
-26.75,129.0,0.02441226721608213
-26.75,129.25,0.021887720090204052
-26.75,129.5,0.025028518911096313
-26.75,129.75,0.026959712784515606
-26.75,130.0,0.03362278286811142
-26.75,130.25,0.04426828916517219
-26.75,130.5,0.0489661493962298
-26.75,130.75,0.0462843537913397
-26.75,131.0,0.030457104857833612
-26.75,131.25,0.018468437311683027
-26.75,131.5,0.00956579666318638
-26.75,131.75,0.006494719894336803
-26.75,132.0,-0.002568378557805859
-26.75,132.25,0.009932228951670584
-26.75,132.5,0.03183173981184761
-26.75,132.75,0.05369867818496589
-26.75,133.0,0.07327964050041157
-26.75,133.25,0.08301561012243232
-26.75,133.5,0.09104861710774934
-26.75,133.75,0.09561058040264817
-26.75,134.0,0.0974735757410859
-26.75,134.25,0.09861477035419305
-26.75,134.5,0.10057334256596819
-26.75,134.75,0.10473614598366632
-26.75,135.0,0.10236504189780958
-26.75,135.25,0.09784301355546285
-26.75,135.5,0.09194896685048229
-26.75,135.75,0.0852445536902884
-26.75,136.0,0.07781513327444416
-26.75,136.25,0.06716779634090407
-26.75,136.5,0.06477690447243817
-26.75,136.75,0.0650975971873517
-26.75,137.0,0.058188102832840136
-26.75,137.25,0.050374145540852275
-26.75,137.5,0.03853114570679498
-26.75,137.75,0.027884223631450107
-26.75,138.0,0.017151717919235428
-26.75,138.25,0.007802898195084362
-26.75,138.5,0.0017048792957904792
-26.75,138.75,-0.006568525549733923
-26.75,139.0,-0.012063138071625006
-26.75,139.25,-0.017969086066642333
-26.75,139.5,-0.01897920048573897
-26.75,139.75,-0.015200714902242734
-26.75,140.0,-0.016494985370774796
-26.75,140.25,-0.014262492136497582
-26.75,140.5,-0.017221219921928075
-26.75,140.75,-0.019732122132111164
-26.75,141.0,-0.026206985186962854
-26.75,141.25,-0.03324566239136315
-26.75,141.5,-0.025866130145177954
-26.75,141.75,-0.02719635593239218
-26.75,142.0,-0.02489508315033856
-26.75,142.25,-0.029378328982385852
-26.75,142.5,-0.0333997961421985
-26.75,142.75,-0.024224996788515932
-26.75,143.0,-0.018527883357767547
-26.75,143.25,-0.025692612329796593
-26.75,143.5,-0.03772484723151484
-26.75,143.75,-0.03787614059013625
-26.75,144.0,-0.02649536644291532
-26.75,144.25,-0.018638034597305314
-26.75,144.5,-0.016014789410317982
-26.75,144.75,-0.007897027650670636
-26.75,145.0,0.007185198831748927
-26.75,145.25,0.022051329926831557
-26.75,145.5,0.02888865981700032
-26.75,145.75,0.029264058472056473
-26.75,146.0,0.034197532527503516
-26.75,146.25,0.04843276305279384
-26.75,146.5,0.0596745312491077
-26.75,146.75,0.07464201687835156
-26.75,147.0,0.08562141917202444
-26.75,147.25,0.09705706614823569
-26.75,147.5,0.10048118466954856
-26.75,147.75,0.10018072954068581
-26.75,148.0,0.09650826037284874
-26.75,148.25,0.09254998838129852
-26.75,148.5,0.09004845223389565
-26.75,148.75,0.09449219106519151
-26.75,149.0,0.10146835631735268
-26.75,149.25,0.1081253740315636
-26.75,149.5,0.10989896893678676
-26.75,149.75,0.10866276232880495
-26.75,150.0,0.10796083955737275
-26.75,150.25,0.10735607383927952
-26.75,150.5,0.10585702011539112
-26.75,150.75,0.10181187482195951
-26.75,151.0,0.10233843569488575
-26.75,151.25,0.08904998575204186
-26.75,151.5,0.07305008329262602
-26.75,151.75,0.06930735673799757
-26.75,152.0,0.08693444567865559
-26.75,152.25,0.10488855472788038
-26.75,152.5,0.1027314929169647
-26.75,152.75,0.07922386558770779
-26.75,153.0,0.060811550926189825
-26.75,153.25,0.047987454614901386
-26.75,153.5,0.051666963484049554
-27.0,113.5,0.029133874530504856
-27.0,113.75,0.024032794736281393
-27.0,114.0,0.0171078494860835
-27.0,114.25,0.01867451337775925
-27.0,114.5,0.02266344579069742
-27.0,114.75,0.023485936703426497
-27.0,115.0,0.027762964049664638
-27.0,115.25,0.02592848075714539
-27.0,115.5,0.02505509147054649
-27.0,115.75,0.025813458290039785
-27.0,116.0,0.025829293348804294
-27.0,116.25,0.03502362627935197
-27.0,116.5,0.04229092151674974
-27.0,116.75,0.05316076240997063
-27.0,117.0,0.05537064252199517
-27.0,117.25,0.059190562182283475
-27.0,117.5,0.060939907087733794
-27.0,117.75,0.05954830609518381
-27.0,118.0,0.05773252554957123
-27.0,118.25,0.05509505311021626
-27.0,118.5,0.052475801890804655
-27.0,118.75,0.049248498172632285
-27.0,119.0,0.04491647546556556
-27.0,119.25,0.045733961417517136
-27.0,119.5,0.046778849685298544
-27.0,119.75,0.04891023299701157
-27.0,120.0,0.05139606054207044
-27.0,120.25,0.0529123663214878
-27.0,120.5,0.053120580056150044
-27.0,120.75,0.05071395209635652
-27.0,121.0,0.049122556380739084
-27.0,121.25,0.03939449037480656
-27.0,121.5,0.03664940982236571
-27.0,121.75,0.04561001958430833
-27.0,122.0,0.05632467410482821
-27.0,122.25,0.0568865580672753
-27.0,122.5,0.057147873538945404
-27.0,122.75,0.05400024522761149
-27.0,123.0,0.04991601156070828
-27.0,123.25,0.0437540063390597
-27.0,123.5,0.04203001541262936
-27.0,123.75,0.044758016884415636
-27.0,124.0,0.0483039336542355
-27.0,124.25,0.04313333033517535
-27.0,124.5,0.030883221136727593
-27.0,124.75,0.032200217750921314
-27.0,125.0,0.041583318170160054
-27.0,125.25,0.04604104784389381
-27.0,125.5,0.04543486396010156
-27.0,125.75,0.04727281815874102
-27.0,126.0,0.04670850901221413
-27.0,126.25,0.04156019677452388
-27.0,126.5,0.04242663954695066
-27.0,126.75,0.04998524847573468
-27.0,127.0,0.0656445130550613
-27.0,127.25,0.07366099951433994
-27.0,127.5,0.06407431072466785
-27.0,127.75,0.03553795264368611
-27.0,128.0,0.03184543985962158
-27.0,128.25,0.04756944898870729
-27.0,128.5,0.061698273614248525
-27.0,128.75,0.055768968789683036
-27.0,129.0,0.0271721878554672
-27.0,129.25,0.015532376608323482
-27.0,129.5,0.019173662282437796
-27.0,129.75,0.026701840150746562
-27.0,130.0,0.034500861511610095
-27.0,130.25,0.03952753968714248
-27.0,130.5,0.04398088259068096
-27.0,130.75,0.04730149639068432
-27.0,131.0,0.04012662214104022
-27.0,131.25,0.027421182315308778
-27.0,131.5,0.0211129558926803
-27.0,131.75,0.017917996498623065
-27.0,132.0,0.01298713630641855
-27.0,132.25,0.020073442368413366
-27.0,132.5,0.03724855396541811
-27.0,132.75,0.05420484426902563
-27.0,133.0,0.07397134585272787
-27.0,133.25,0.0867159428623771
-27.0,133.5,0.09304613282992727
-27.0,133.75,0.09938675214209416
-27.0,134.0,0.10716720043537428
-27.0,134.25,0.10563527958334556
-27.0,134.5,0.11116266053556631
-27.0,134.75,0.11234970707224594
-27.0,135.0,0.11189606731059029
-27.0,135.25,0.10652800397393072
-27.0,135.5,0.09959008865047335
-27.0,135.75,0.09317311592943346
-27.0,136.0,0.08186330670668256
-27.0,136.25,0.0787737632070535
-27.0,136.5,0.07782329688724574
-27.0,136.75,0.07584579939610281
-27.0,137.0,0.07075740275239306
-27.0,137.25,0.058496137235003215
-27.0,137.5,0.04659513357051072
-27.0,137.75,0.03309108392512869
-27.0,138.0,0.023552000430312806
-27.0,138.25,0.015246960973101003
-27.0,138.5,0.0061888291359147325
-27.0,138.75,-0.002173221097992999
-27.0,139.0,-0.011661895235911721
-27.0,139.25,-0.01064698173708859
-27.0,139.5,-0.006716552955497589
-27.0,139.75,-0.0013818835870811849
-27.0,140.0,-0.001144192331204457
-27.0,140.25,-0.002260375062802008
-27.0,140.5,-0.008234779944732075
-27.0,140.75,-0.015165481388768448
-27.0,141.0,-0.027342171213101774
-27.0,141.25,-0.029763591209692613
-27.0,141.5,-0.02420864368212365
-27.0,141.75,-0.013448766550659673
-27.0,142.0,-0.014407133972383149
-27.0,142.25,-0.019594147284736945
-27.0,142.5,-0.02185244804824747
-27.0,142.75,-0.012551735113153146
-27.0,143.0,-0.009884346422872373
-27.0,143.25,-0.017581635447485106
-27.0,143.5,-0.024053547468585228
-27.0,143.75,-0.023413280969751732
-27.0,144.0,-0.010199650002288677
-27.0,144.25,-0.010487997087295212
-27.0,144.5,-0.010293579689148048
-27.0,144.75,-0.0032514422250512457
-27.0,145.0,0.010735703298511605
-27.0,145.25,0.027077693212777375
-27.0,145.5,0.030179535526604878
-27.0,145.75,0.029359941405709834
-27.0,146.0,0.04051131148645211
-27.0,146.25,0.050300042892229696
-27.0,146.5,0.06805413946706158
-27.0,146.75,0.08235769456341153
-27.0,147.0,0.09294775104638012
-27.0,147.25,0.09779730396167863
-27.0,147.5,0.10224826232352782
-27.0,147.75,0.10530261240145634
-27.0,148.0,0.10306254975065322
-27.0,148.25,0.10313121589798746
-27.0,148.5,0.1010325660751689
-27.0,148.75,0.09910026237013794
-27.0,149.0,0.09945495420002512
-27.0,149.25,0.10464435307131636
-27.0,149.5,0.10190175375457676
-27.0,149.75,0.09928730497070189
-27.0,150.0,0.09709186957528194
-27.0,150.25,0.09555002908462137
-27.0,150.5,0.0933815254105
-27.0,150.75,0.10096537902108615
-27.0,151.0,0.09976797369530513
-27.0,151.25,0.10054430855837251
-27.0,151.5,0.09105891431321479
-27.0,151.75,0.08740286259202375
-27.0,152.0,0.08991517182661309
-27.0,152.25,0.10662552337605684
-27.0,152.5,0.11149581006417672
-27.0,152.75,0.09210788896217266
-27.0,153.0,0.07194099577831194
-27.0,153.25,0.05497473141100879
-27.0,153.5,0.05619711483873072
-27.25,113.75,0.029014170582273176
-27.25,114.0,0.02575835686487456
-27.25,114.25,0.02459462529403113
-27.25,114.5,0.02125872400134713
-27.25,114.75,0.02257336112538507
-27.25,115.0,0.021413283856929324
-27.25,115.25,0.024377118449081622
-27.25,115.5,0.025538228680601432
-27.25,115.75,0.025007353403738566
-27.25,116.0,0.02610470554625083
-27.25,116.25,0.030019775809099276
-27.25,116.5,0.04002027650629836
-27.25,116.75,0.04288197765847491
-27.25,117.0,0.04667280008129421
-27.25,117.25,0.052917125068294504
-27.25,117.5,0.05580414547141464
-27.25,117.75,0.05764493627274143
-27.25,118.0,0.05439577431455594
-27.25,118.25,0.05205321759761621
-27.25,118.5,0.049601297046146575
-27.25,118.75,0.04884213128326727
-27.25,119.0,0.04682596554270103
-27.25,119.25,0.043655276010533615
-27.25,119.5,0.045025321694889237
-27.25,119.75,0.046193789181831695
-27.25,120.0,0.0489371608998183
-27.25,120.25,0.05092853439107005
-27.25,120.5,0.05391820824948982
-27.25,120.75,0.052754714035628626
-27.25,121.0,0.046687623263070625
-27.25,121.25,0.036145627302383736
-27.25,121.5,0.02493079836879458
-27.25,121.75,0.030433345256772423
-27.25,122.0,0.04322340869998914
-27.25,122.25,0.054981112480163574
-27.25,122.5,0.05632002615768995
-27.25,122.75,0.05542811717660654
-27.25,123.0,0.05130643756738642
-27.25,123.25,0.04513261779294615
-27.25,123.5,0.04477139837330296
-27.25,123.75,0.04754050485789776
-27.25,124.0,0.046004477070112314
-27.25,124.25,0.040206450995590004
-27.25,124.5,0.03153667931245374
-27.25,124.75,0.03480960676734823
-27.25,125.0,0.04325583941307351
-27.25,125.25,0.046919507021084425
-27.25,125.5,0.04676928516654741
-27.25,125.75,0.04194780804737959
-27.25,126.0,0.0418147331070421
-27.25,126.25,0.03913926571341497
-27.25,126.5,0.042303331662523785
-27.25,126.75,0.05164338167025043
-27.25,127.0,0.06405479772725985
-27.25,127.25,0.07097004928093936
-27.25,127.5,0.05796433244928873
-27.25,127.75,0.03269312844412135
-27.25,128.0,0.029996521877391
-27.25,128.25,0.047431457253350386
-27.25,128.5,0.06282842453940594
-27.25,128.75,0.05878735907553207
-27.25,129.0,0.032659958593458646
-27.25,129.25,0.01854388415813446
-27.25,129.5,0.019450520627599742
-27.25,129.75,0.027408116314715396
-27.25,130.0,0.02489499628177977
-27.25,130.25,0.02889823457337029
-27.25,130.5,0.03706449134984896
-27.25,130.75,0.049533097464813006
-27.25,131.0,0.04199362124061389
-27.25,131.25,0.03472403534466312
-27.25,131.5,0.029233519023373015
-27.25,131.75,0.03460297991044908
-27.25,132.0,0.03282386680477343
-27.25,132.25,0.03719915317460185
-27.25,132.5,0.03946162526761847
-27.25,132.75,0.05606134978657965
-27.25,133.0,0.07324415256901246
-27.25,133.25,0.08560030512910868
-27.25,133.5,0.09003428501226673
-27.25,133.75,0.09558568298594937
-27.25,134.0,0.10529637807935831
-27.25,134.25,0.12202070182011951
-27.25,134.5,0.12474156393408997
-27.25,134.75,0.12922575154031316
-27.25,135.0,0.1277574003981759
-27.25,135.25,0.11967260656390516
-27.25,135.5,0.11147438583554634
-27.25,135.75,0.10403010582252006
-27.25,136.0,0.10578537916853314
-27.25,136.25,0.10038488391188106
-27.25,136.5,0.1003104014277813
-27.25,136.75,0.09585561056820942
-27.25,137.0,0.0851402023123921
-27.25,137.25,0.07128031286300116
-27.25,137.5,0.05541915483107524
-27.25,137.75,0.042088802227850206
-27.25,138.0,0.030236234531427424
-27.25,138.25,0.020690580262314705
-27.25,138.5,0.012100864871449414
-27.25,138.75,0.00038493420440881027
-27.25,139.0,0.0024146815329524024
-27.25,139.25,0.004849341326570581
-27.25,139.5,0.01336435434031522
-27.25,139.75,0.014726331770153983
-27.25,140.0,0.012230115135510762
-27.25,140.25,0.006112782062873954
-27.25,140.5,-0.0023244933801747506
-27.25,140.75,-0.00813270260890325
-27.25,141.0,-0.015305476014812787
-27.25,141.25,-0.012997312418052128
-27.25,141.5,-0.0061610083858275695
-27.25,141.75,0.0005305453802325896
-27.25,142.0,0.0010788839044315473
-27.25,142.25,-0.005146146060100623
-27.25,142.5,-0.0012197076542569058
-27.25,142.75,0.00038199235208421237
-27.25,143.0,0.0003902162286630344
-27.25,143.25,-0.003547559043259493
-27.25,143.5,-0.01006269481565271
-27.25,143.75,-0.004899761051152988
-27.25,144.0,0.0036227906866164025
-27.25,144.25,-0.0001746465651584523
-27.25,144.5,-0.003843953578810518
-27.25,144.75,-0.0004789381166033092
-27.25,145.0,0.014277669740840793
-27.25,145.25,0.026617263606749476
-27.25,145.5,0.030426334631851033
-27.25,145.75,0.0328118689203014
-27.25,146.0,0.03840038823241013
-27.25,146.25,0.054122342749143994
-27.25,146.5,0.06811108767675857
-27.25,146.75,0.08135211940146594
-27.25,147.0,0.09114283888733812
-27.25,147.25,0.09412866586021014
-27.25,147.5,0.09982377254138035
-27.25,147.75,0.10375768322930005
-27.25,148.0,0.10750512602445227
-27.25,148.25,0.10915485729152957
-27.25,148.5,0.10715943275108224
-27.25,148.75,0.10028489688633098
-27.25,149.0,0.09793465113533395
-27.25,149.25,0.09671456388397408
-27.25,149.5,0.09312440397528311
-27.25,149.75,0.09032938276594948
-27.25,150.0,0.08705511519940393
-27.25,150.25,0.08635597156272048
-27.25,150.5,0.09040237159601279
-27.25,150.75,0.09410739247798033
-27.25,151.0,0.09627480094454118
-27.25,151.25,0.09705575221839051
-27.25,151.5,0.09094319120049477
-27.25,151.75,0.09178042482900699
-27.25,152.0,0.09754287625352541
-27.25,152.25,0.0913300962747252
-27.25,152.5,0.09649846169299313
-27.25,152.75,0.10040953373314725
-27.25,153.0,0.0834974030354282
-27.25,153.25,0.0634330705251722
-27.25,153.5,0.05920267306611918
-27.5,113.75,0.028322916779489744
-27.5,114.0,0.02946415220642285
-27.5,114.25,0.025716852397280967
-27.5,114.5,0.019289496738374944
-27.5,114.75,0.014308357298640268
-27.5,115.0,0.013582485329936302
-27.5,115.25,0.017923407557065642
-27.5,115.5,0.02182501185729745
-27.5,115.75,0.023265116402347172
-27.5,116.0,0.021709530028913702
-27.5,116.25,0.028765543034699345
-27.5,116.5,0.03251140255126215
-27.5,116.75,0.037609428899858834
-27.5,117.0,0.04071171117414321
-27.5,117.25,0.046851645645108964
-27.5,117.5,0.052488862228624165
-27.5,117.75,0.05398585533590189
-27.5,118.0,0.054362721946589386
-27.5,118.25,0.04926549798498551
-27.5,118.5,0.04715580786245742
-27.5,118.75,0.04948467831349089
-27.5,119.0,0.05290548115569566
-27.5,119.25,0.04977486479495253
-27.5,119.5,0.04481393377784462
-27.5,119.75,0.0456071406153136
-27.5,120.0,0.046700001623304115
-27.5,120.25,0.04966664311470508
-27.5,120.5,0.053317936264821106
-27.5,120.75,0.05555100426233063
-27.5,121.0,0.05063731472140976
-27.5,121.25,0.03835441964079759
-27.5,121.5,0.02425257181305261
-27.5,121.75,0.02368757589054959
-27.5,122.0,0.029110844734324407
-27.5,122.25,0.041508816827886874
-27.5,122.5,0.050151295582985596
-27.5,122.75,0.05178720460583766
-27.5,123.0,0.05210959399340763
-27.5,123.25,0.04942580407840155
-27.5,123.5,0.049314158114915095
-27.5,123.75,0.049985402241526616
-27.5,124.0,0.04579798045146856
-27.5,124.25,0.03681401707498091
-27.5,124.5,0.0304677081116963
-27.5,124.75,0.03585370511171364
-27.5,125.0,0.04413650570980584
-27.5,125.25,0.047893240177516075
-27.5,125.5,0.04758318150416017
-27.5,125.75,0.040889910759315605
-27.5,126.0,0.037628480419516566
-27.5,126.25,0.036843740148469806
-27.5,126.5,0.04189263671037874
-27.5,126.75,0.05044159483652384
-27.5,127.0,0.06562560700944492
-27.5,127.25,0.0701112481188916
-27.5,127.5,0.054748500762729066
-27.5,127.75,0.03140747137700341
-27.5,128.0,0.029310396930114144
-27.5,128.25,0.04843104744241351
-27.5,128.5,0.06215004915374309
-27.5,128.75,0.058732655433483334
-27.5,129.0,0.03539872744641755
-27.5,129.25,0.02132290486423742
-27.5,129.5,0.02567741090675727
-27.5,129.75,0.028872459869654407
-27.5,130.0,0.02657583176513158
-27.5,130.25,0.0229567384181012
-27.5,130.5,0.032608850916758886
-27.5,130.75,0.047050766002697246
-27.5,131.0,0.04669768227267057
-27.5,131.25,0.03856465754853118
-27.5,131.5,0.03916959822443979
-27.5,131.75,0.046700976367685054
-27.5,132.0,0.053472901035898496
-27.5,132.25,0.05701393291708969
-27.5,132.5,0.055442296968595615
-27.5,132.75,0.05856055286491201
-27.5,133.0,0.07479438655344503
-27.5,133.25,0.08864945136454133
-27.5,133.5,0.09280084166232319
-27.5,133.75,0.09596545860515021
-27.5,134.0,0.1081628245351437
-27.5,134.25,0.12592648825624825
-27.5,134.5,0.14690065323070267
-27.5,134.75,0.1518676304166937
-27.5,135.0,0.15193400843002433
-27.5,135.25,0.14061021140022648
-27.5,135.5,0.13088318133017138
-27.5,135.75,0.12928195566471135
-27.5,136.0,0.13120512009287874
-27.5,136.25,0.13382277703356174
-27.5,136.5,0.13065625985286067
-27.5,136.75,0.1198066382485974
-27.5,137.0,0.10692401456957062
-27.5,137.25,0.08941691924950906
-27.5,137.5,0.06974018761774503
-27.5,137.75,0.05220737963404861
-27.5,138.0,0.03863676303132836
-27.5,138.25,0.028695316007360815
-27.5,138.5,0.017316304408900793
-27.5,138.75,0.012821138703397341
-27.5,139.0,0.014009555734117472
-27.5,139.25,0.026674384841074546
-27.5,139.5,0.03426101368275427
-27.5,139.75,0.028521548717149667
-27.5,140.0,0.023594208926494633
-27.5,140.25,0.014794614687118502
-27.5,140.5,0.013123627258686437
-27.5,140.75,0.0061210134282841215
-27.5,141.0,0.008743517448393894
-27.5,141.25,0.014022580308041403
-27.5,141.5,0.016600292883369894
-27.5,141.75,0.013587212174509962
-27.5,142.0,0.010792603669688105
-27.5,142.25,0.011815162642770225
-27.5,142.5,0.014973504794761538
-27.5,142.75,0.010267315403048304
-27.5,143.0,0.004765131087264135
-27.5,143.25,0.0013585613728840447
-27.5,143.5,0.008239168762451126
-27.5,143.75,0.014518563765020753
-27.5,144.0,0.014095833214620749
-27.5,144.25,0.006777629369337644
-27.5,144.5,0.0023341630674189044
-27.5,144.75,0.011448276965391068
-27.5,145.0,0.022063877887558193
-27.5,145.25,0.03063526021848832
-27.5,145.5,0.03500175610450762
-27.5,145.75,0.03551780582915637
-27.5,146.0,0.039860601380739054
-27.5,146.25,0.04961423660584149
-27.5,146.5,0.06353770588480291
-27.5,146.75,0.07272836369728404
-27.5,147.0,0.0826252581485148
-27.5,147.25,0.08941269465943887
-27.5,147.5,0.0956700488015832
-27.5,147.75,0.10144750720688275
-27.5,148.0,0.10516614467127337
-27.5,148.25,0.10671465669182084
-27.5,148.5,0.10430733777493947
-27.5,148.75,0.10056025762266169
-27.5,149.0,0.10205706879940062
-27.5,149.25,0.09893095360714055
-27.5,149.5,0.09209864965994798
-27.5,149.75,0.08719681222878752
-27.5,150.0,0.08449347882332015
-27.5,150.25,0.08607619033372473
-27.5,150.5,0.0896114447420197
-27.5,150.75,0.08959649968005362
-27.5,151.0,0.08860670438790251
-27.5,151.25,0.08918801907538658
-27.5,151.5,0.08497866920217695
-27.5,151.75,0.08889126731748027
-27.5,152.0,0.08561946637484999
-27.5,152.25,0.08217874795774974
-27.5,152.5,0.08013634656866392
-27.5,152.75,0.0890477664524778
-27.5,153.0,0.09023023955967455
-27.5,153.25,0.07478464586615917
-27.5,153.5,0.0681631837709574
-27.75,113.75,0.024977204487437295
-27.75,114.0,0.025089259894143436
-27.75,114.25,0.019698529819115285
-27.75,114.5,0.013268174613005525
-27.75,114.75,0.006262766773856822
-27.75,115.0,0.004565438557238806
-27.75,115.25,0.010370279901794024
-27.75,115.5,0.017569370323880798
-27.75,115.75,0.022600692838785193
-27.75,116.0,0.02337563230123903
-27.75,116.25,0.02685572181307223
-27.75,116.5,0.030157960302728628
-27.75,116.75,0.03317337027741208
-27.75,117.0,0.03731732756035247
-27.75,117.25,0.04238880715288577
-27.75,117.5,0.04696509597069096
-27.75,117.75,0.050929825256268185
-27.75,118.0,0.05207679809647656
-27.75,118.25,0.04868882953499754
-27.75,118.5,0.04633567076054446
-27.75,118.75,0.0491018007862814
-27.75,119.0,0.0533686732263526
-27.75,119.25,0.053400019748092054
-27.75,119.5,0.048920500855005926
-27.75,119.75,0.04445813794930776
-27.75,120.0,0.04493602427343527
-27.75,120.25,0.04920969288020084
-27.75,120.5,0.05346801760162981
-27.75,120.75,0.055786084773994625
-27.75,121.0,0.054630854940928876
-27.75,121.25,0.047225975325065
-27.75,121.5,0.03368453424097554
-27.75,121.75,0.025272690169956712
-27.75,122.0,0.02345891333967475
-27.75,122.25,0.026048959490089188
-27.75,122.5,0.03447248245633784
-27.75,122.75,0.04572592919880879
-27.75,123.0,0.0524513603409841
-27.75,123.25,0.053032546814176296
-27.75,123.5,0.05584980265148694
-27.75,123.75,0.055204393471857266
-27.75,124.0,0.04812542229802126
-27.75,124.25,0.03530127037153025
-27.75,124.5,0.029954196918671575
-27.75,124.75,0.03511720066446634
-27.75,125.0,0.04245200503528828
-27.75,125.25,0.046724998530234665
-27.75,125.5,0.045881050488068946
-27.75,125.75,0.041039541844899455
-27.75,126.0,0.037608298200315665
-27.75,126.25,0.03832111014496713
-27.75,126.5,0.041446668930196516
-27.75,126.75,0.044652742333710194
-27.75,127.0,0.05703849585981862
-27.75,127.25,0.06809106716398328
-27.75,127.5,0.05780864728038155
-27.75,127.75,0.035358574738105136
-27.75,128.0,0.033366410647119794
-27.75,128.25,0.043001262936741114
-27.75,128.5,0.054132891450786876
-27.75,128.75,0.05560468024951184
-27.75,129.0,0.035824138912860126
-27.75,129.25,0.023303720162117056
-27.75,129.5,0.033458759005935416
-27.75,129.75,0.040005044563717784
-27.75,130.0,0.03520439368938761
-27.75,130.25,0.025394133580405088
-27.75,130.5,0.031836532557471875
-27.75,130.75,0.045957035076848805
-27.75,131.0,0.049453418350978086
-27.75,131.25,0.043841028763424786
-27.75,131.5,0.043528335634619
-27.75,131.75,0.05549279857881456
-27.75,132.0,0.06656462584422636
-27.75,132.25,0.07389447358152773
-27.75,132.5,0.07268067491019056
-27.75,132.75,0.07157599691501153
-27.75,133.0,0.08166764811290445
-27.75,133.25,0.09489269144971678
-27.75,133.5,0.09939970823137888
-27.75,133.75,0.10158881638587142
-27.75,134.0,0.1135749369650425
-27.75,134.25,0.1369366845803424
-27.75,134.5,0.15770476105168374
-27.75,134.75,0.16811675229331569
-27.75,135.0,0.1704835009273319
-27.75,135.25,0.15864958942956514
-27.75,135.5,0.14984413212985687
-27.75,135.75,0.14850583566419248
-27.75,136.0,0.1524580396179642
-27.75,136.25,0.15700081337376365
-27.75,136.5,0.15463902452251033
-27.75,136.75,0.14231002032063858
-27.75,137.0,0.12831143646811446
-27.75,137.25,0.11060011200856285
-27.75,137.5,0.08949999015534385
-27.75,137.75,0.06699581209991481
-27.75,138.0,0.05102387822366187
-27.75,138.25,0.03721208278577597
-27.75,138.5,0.025501612156984352
-27.75,138.75,0.023506986241166792
-27.75,139.0,0.032348751949168565
-27.75,139.25,0.0452235204691533
-27.75,139.5,0.045914752722629126
-27.75,139.75,0.03533581332968814
-27.75,140.0,0.03225567646413332
-27.75,140.25,0.03254892848032926
-27.75,140.5,0.031143552644754803
-27.75,140.75,0.027173009151149365
-27.75,141.0,0.029080862352358443
-27.75,141.25,0.02899423436860421
-27.75,141.5,0.025712770786845966
-27.75,141.75,0.020752720357406707
-27.75,142.0,0.0181290232842522
-27.75,142.25,0.019067665679557692
-27.75,142.5,0.01608329143214394
-27.75,142.75,0.010194582287000403
-27.75,143.0,0.008552809623957035
-27.75,143.25,0.017786339811226796
-27.75,143.5,0.0248647618492084
-27.75,143.75,0.023187923654248672
-27.75,144.0,0.017924403018938998
-27.75,144.25,0.011127741865458942
-27.75,144.5,0.014913173622473897
-27.75,144.75,0.022832754542607636
-27.75,145.0,0.031980306590308566
-27.75,145.25,0.03933496974142534
-27.75,145.5,0.04233023285466645
-27.75,145.75,0.04038393882413705
-27.75,146.0,0.041445320843125785
-27.75,146.25,0.049042070790060927
-27.75,146.5,0.05864446158687185
-27.75,146.75,0.06799998109761093
-27.75,147.0,0.07623721998714332
-27.75,147.25,0.08433309920087811
-27.75,147.5,0.09381252873600239
-27.75,147.75,0.0989451268288706
-27.75,148.0,0.10131208420290412
-27.75,148.25,0.10295733781552241
-27.75,148.5,0.09983773782871486
-27.75,148.75,0.10175641084289444
-27.75,149.0,0.10567557439873261
-27.75,149.25,0.10237253159062848
-27.75,149.5,0.09365635247169328
-27.75,149.75,0.08676294670218514
-27.75,150.0,0.08641167442491722
-27.75,150.25,0.08991950878518679
-27.75,150.5,0.09180806040919075
-27.75,150.75,0.0877590808263492
-27.75,151.0,0.08596440956351303
-27.75,151.25,0.08455333445585676
-27.75,151.5,0.08478017014096535
-27.75,151.75,0.0879104442273577
-27.75,152.0,0.07948342517816595
-27.75,152.25,0.06893216865636143
-27.75,152.5,0.056457399745427427
-27.75,152.75,0.06295293040762079
-27.75,153.0,0.08065612754961919
-27.75,153.25,0.07459140426002532
-27.75,153.5,0.06547263972412717
-27.75,153.75,0.06226089218897479
-28.0,114.0,0.02115349328544523
-28.0,114.25,0.01654910035431385
-28.0,114.5,0.014634861863617387
-28.0,114.75,0.007100944549200081
-28.0,115.0,0.0010029697169860205
-28.0,115.25,0.007201677108449596
-28.0,115.5,0.01822806005144403
-28.0,115.75,0.025796870714319603
-28.0,116.0,0.02804854032583535
-28.0,116.25,0.024387041546980896
-28.0,116.5,0.025412535750573235
-28.0,116.75,0.029001532894160065
-28.0,117.0,0.03208213027655369
-28.0,117.25,0.036336679417373875
-28.0,117.5,0.03947686203422823
-28.0,117.75,0.045115705905482174
-28.0,118.0,0.048777944835213326
-28.0,118.25,0.04853802976140287
-28.0,118.5,0.0460009424936115
-28.0,118.75,0.044792517124941304
-28.0,119.0,0.04858510864100286
-28.0,119.25,0.05073146601637182
-28.0,119.5,0.04933713405847638
-28.0,119.75,0.046602220755136974
-28.0,120.0,0.043367248950969606
-28.0,120.25,0.04517324645227442
-28.0,120.5,0.05007349995846328
-28.0,120.75,0.05219939700161506
-28.0,121.0,0.05434154761245563
-28.0,121.25,0.052158792019777356
-28.0,121.5,0.04622595064630289
-28.0,121.75,0.033859015630635744
-28.0,122.0,0.02311790288492505
-28.0,122.25,0.019174261582970975
-28.0,122.5,0.023763401633394615
-28.0,122.75,0.03731226270264458
-28.0,123.0,0.04850765003467954
-28.0,123.25,0.054802644916344435
-28.0,123.5,0.05491274641383262
-28.0,123.75,0.053872075817170774
-28.0,124.0,0.05084335262488041
-28.0,124.25,0.041031747526444846
-28.0,124.5,0.03503647652687505
-28.0,124.75,0.035422467870549076
-28.0,125.0,0.039851235382125844
-28.0,125.25,0.04374272594605351
-28.0,125.5,0.04342247976788453
-28.0,125.75,0.03743670543966194
-28.0,126.0,0.03446347701939798
-28.0,126.25,0.03936232799398048
-28.0,126.5,0.04628830913099505
-28.0,126.75,0.04494127348242771
-28.0,127.0,0.04530060429658209
-28.0,127.25,0.05373048549296246
-28.0,127.5,0.06004326300739887
-28.0,127.75,0.0477900366210157
-28.0,128.0,0.0395874160186698
-28.0,128.25,0.039790212700054756
-28.0,128.5,0.04854159753317834
-28.0,128.75,0.05505327107828288
-28.0,129.0,0.03806431821902238
-28.0,129.25,0.026918392819130704
-28.0,129.5,0.029438891475798472
-28.0,129.75,0.04390095161894957
-28.0,130.0,0.04553506588785067
-28.0,130.25,0.03147453824501662
-28.0,130.5,0.03316956210016672
-28.0,130.75,0.04078416071521739
-28.0,131.0,0.05071595843903543
-28.0,131.25,0.047697694040834904
-28.0,131.5,0.04579354151418166
-28.0,131.75,0.057041060379041095
-28.0,132.0,0.06888753010980075
-28.0,132.25,0.08067810927029877
-28.0,132.5,0.0857521601769674
-28.0,132.75,0.08657238363133123
-28.0,133.0,0.0948119560300949
-28.0,133.25,0.1028542268145386
-28.0,133.5,0.10552205231977582
-28.0,133.75,0.1058862294092597
-28.0,134.0,0.11994586141414142
-28.0,134.25,0.14417302421338501
-28.0,134.5,0.16645989937186684
-28.0,134.75,0.17519680901563595
-28.0,135.0,0.17549043602443168
-28.0,135.25,0.16906481927615546
-28.0,135.5,0.16120647827739873
-28.0,135.75,0.15800609346257433
-28.0,136.0,0.15650773107495514
-28.0,136.25,0.16219043256382326
-28.0,136.5,0.16864744456751005
-28.0,136.75,0.1598771323472084
-28.0,137.0,0.14662643282541207
-28.0,137.25,0.1280312521521756
-28.0,137.5,0.10971718664569337
-28.0,137.75,0.08851524240370574
-28.0,138.0,0.06764438908458466
-28.0,138.25,0.050646599793496234
-28.0,138.5,0.037848080816079994
-28.0,138.75,0.03850526068958321
-28.0,139.0,0.05019280670122022
-28.0,139.25,0.055232027525614416
-28.0,139.5,0.049946951919368335
-28.0,139.75,0.04211379656279903
-28.0,140.0,0.04092502111923837
-28.0,140.25,0.044579037853483376
-28.0,140.5,0.04379411321576862
-28.0,140.75,0.040064094406330866
-28.0,141.0,0.03530441718952109
-28.0,141.25,0.03397995102388363
-28.0,141.5,0.03687386869541591
-28.0,141.75,0.03148354878649116
-28.0,142.0,0.02312468999464597
-28.0,142.25,0.014842240397064459
-28.0,142.5,0.012605404503466118
-28.0,142.75,0.021845715395396665
-28.0,143.0,0.0305140600538358
-28.0,143.25,0.03225289048083747
-28.0,143.5,0.03165257378991339
-28.0,143.75,0.02117545729990871
-28.0,144.0,0.01743114856182642
-28.0,144.25,0.021901894161211594
-28.0,144.5,0.030723630532018088
-28.0,144.75,0.036008315364043
-28.0,145.0,0.043187655032878476
-28.0,145.25,0.04667462516587139
-28.0,145.5,0.044951426670221346
-28.0,145.75,0.04420183349533805
-28.0,146.0,0.04450931037177465
-28.0,146.25,0.05084346111509062
-28.0,146.5,0.058533253367724164
-28.0,146.75,0.06816775316062072
-28.0,147.0,0.0755975379442264
-28.0,147.25,0.08134653472474643
-28.0,147.5,0.09083086762222506
-28.0,147.75,0.09508433895008195
-28.0,148.0,0.09691482749268679
-28.0,148.25,0.09712773167217771
-28.0,148.5,0.09616026243560814
-28.0,148.75,0.09830498959081957
-28.0,149.0,0.10239979551240269
-28.0,149.25,0.09769897187306058
-28.0,149.5,0.09072026179748632
-28.0,149.75,0.08488174742420337
-28.0,150.0,0.0872973286624377
-28.0,150.25,0.09109507297121343
-28.0,150.5,0.09061489299028402
-28.0,150.75,0.0896188541315496
-28.0,151.0,0.08765604523110336
-28.0,151.25,0.08258219214511059
-28.0,151.5,0.08138690554658838
-28.0,151.75,0.08130940860137344
-28.0,152.0,0.08613149889999823
-28.0,152.25,0.07560539129633634
-28.0,152.5,0.04883520284922616
-28.0,152.75,0.033855135353016
-28.0,153.0,0.04524780046499689
-28.0,153.25,0.0533792771696989
-28.0,153.5,0.0573760596791371
-28.0,153.75,0.053533903116338134
-28.25,114.25,0.020030675110008035
-28.25,114.5,0.021273259450459762
-28.25,114.75,0.018240306253123673
-28.25,115.0,0.005671215538556377
-28.25,115.25,0.0073636515620386315
-28.25,115.5,0.016822438386623704
-28.25,115.75,0.024209705777355425
-28.25,116.0,0.025029420898118545
-28.25,116.25,0.020231042899900957
-28.25,116.5,0.021056238796916746
-28.25,116.75,0.023417237179265134
-28.25,117.0,0.02716324821757596
-28.25,117.25,0.02986278473621323
-28.25,117.5,0.031200688899982544
-28.25,117.75,0.035753016476519406
-28.25,118.0,0.040258177196873086
-28.25,118.25,0.04145945603848391
-28.25,118.5,0.04180341025570496
-28.25,118.75,0.0420765260289911
-28.25,119.0,0.04433532786511239
-28.25,119.25,0.045723196820888136
-28.25,119.5,0.04627254007528314
-28.25,119.75,0.045222588581964374
-28.25,120.0,0.04307219839787909
-28.25,120.25,0.042733128364419656
-28.25,120.5,0.04429345953865864
-28.25,120.75,0.0440115934556594
-28.25,121.0,0.04079705023960698
-28.25,121.25,0.04107959222691577
-28.25,121.5,0.04700493000203832
-28.25,121.75,0.04385044596246666
-28.25,122.0,0.03265723892975421
-28.25,122.25,0.020418201969559527
-28.25,122.5,0.020400012849963137
-28.25,122.75,0.0304325858574538
-28.25,123.0,0.040944400598250684
-28.25,123.25,0.047911194257349486
-28.25,123.5,0.04865965470006423
-28.25,123.75,0.04767228067974515
-28.25,124.0,0.0522394961243706
-28.25,124.25,0.0486608409178665
-28.25,124.5,0.043149397366990645
-28.25,124.75,0.040006877140452465
-28.25,125.0,0.0418769706977487
-28.25,125.25,0.04675195265417209
-28.25,125.5,0.04363846452047472
-28.25,125.75,0.03532043927338063
-28.25,126.0,0.02733490324878533
-28.25,126.25,0.030912265126105575
-28.25,126.5,0.04311934482927124
-28.25,126.75,0.04683173101040579
-28.25,127.0,0.04561654960936201
-28.25,127.25,0.045753893974636285
-28.25,127.5,0.05213372826110572
-28.25,127.75,0.051840604475832414
-28.25,128.0,0.047323301524323014
-28.25,128.25,0.04430612930584522
-28.25,128.5,0.045102817112846035
-28.25,128.75,0.05255924689450434
-28.25,129.0,0.04073405044258661
-28.25,129.25,0.02473725447697299
-28.25,129.5,0.022554611609805198
-28.25,129.75,0.03665069795901044
-28.25,130.0,0.05143732779127146
-28.25,130.25,0.03669402268604331
-28.25,130.5,0.027650431210973433
-28.25,130.75,0.03158239362140496
-28.25,131.0,0.04474370893246184
-28.25,131.25,0.05333097468440731
-28.25,131.5,0.052338759915991906
-28.25,131.75,0.05973642757162452
-28.25,132.0,0.06898368940511275
-28.25,132.25,0.07680290055771669
-28.25,132.5,0.0857312085816548
-28.25,132.75,0.09583227599609277
-28.25,133.0,0.10427020122186237
-28.25,133.25,0.10979814046932872
-28.25,133.5,0.11111449564868096
-28.25,133.75,0.11001816421436766
-28.25,134.0,0.12354528467625468
-28.25,134.25,0.1492928566433312
-28.25,134.5,0.1717518746797439
-28.25,134.75,0.1804198219366039
-28.25,135.0,0.17815514030600232
-28.25,135.25,0.17171889822153996
-28.25,135.5,0.16387764540545288
-28.25,135.75,0.16085345104248042
-28.25,136.0,0.16271840545038382
-28.25,136.25,0.169165516449582
-28.25,136.5,0.1768120164628185
-28.25,136.75,0.17098228370416022
-28.25,137.0,0.15638212362703469
-28.25,137.25,0.140303292209726
-28.25,137.5,0.1275739448078509
-28.25,137.75,0.10943240927687535
-28.25,138.0,0.08974317089970489
-28.25,138.25,0.072705436759584
-28.25,138.5,0.062384378840215506
-28.25,138.75,0.064499480874067
-28.25,139.0,0.07047927274501749
-28.25,139.25,0.0662246441740752
-28.25,139.5,0.058095596901451545
-28.25,139.75,0.051940483120935306
-28.25,140.0,0.051032099519146695
-28.25,140.25,0.05403805739423703
-28.25,140.5,0.05282065161991341
-28.25,140.75,0.047192833374720064
-28.25,141.0,0.04306551074010453
-28.25,141.25,0.04611538364773705
-28.25,141.5,0.05325298153274205
-28.25,141.75,0.042330854306263585
-28.25,142.0,0.0310843318612093
-28.25,142.25,0.03130863663489955
-28.25,142.5,0.041768879743037925
-28.25,142.75,0.05276794908235648
-28.25,143.0,0.05629844646235662
-28.25,143.25,0.04968288378080442
-28.25,143.5,0.03530444061893615
-28.25,143.75,0.020955470676666924
-28.25,144.0,0.022040033597191463
-28.25,144.25,0.03281956693556692
-28.25,144.5,0.045279908506199715
-28.25,144.75,0.053067058838271244
-28.25,145.0,0.05529683878800521
-28.25,145.25,0.05048280057893689
-28.25,145.5,0.0451356789485241
-28.25,145.75,0.04306983233296446
-28.25,146.0,0.04832810535583468
-28.25,146.25,0.05656744187997122
-28.25,146.5,0.06477779845729292
-28.25,146.75,0.07121168880534935
-28.25,147.0,0.07492592089831651
-28.25,147.25,0.07904263312895117
-28.25,147.5,0.08876912455473628
-28.25,147.75,0.09514668099582195
-28.25,148.0,0.0976997606345408
-28.25,148.25,0.09500556815556982
-28.25,148.5,0.08980229786552843
-28.25,148.75,0.0866923729645177
-28.25,149.0,0.09065046027923623
-28.25,149.25,0.08977667933241243
-28.25,149.5,0.08583767362260482
-28.25,149.75,0.08297153076910901
-28.25,150.0,0.08244114702877899
-28.25,150.25,0.08078984707605005
-28.25,150.5,0.08311492751929023
-28.25,150.75,0.08768118082190908
-28.25,151.0,0.08902034513614905
-28.25,151.25,0.07730774909169191
-28.25,151.5,0.06769629614483122
-28.25,151.75,0.06734116949152112
-28.25,152.0,0.07721112507306749
-28.25,152.25,0.09441740543670243
-28.25,152.5,0.08943570691529507
-28.25,152.75,0.06581809534913018
-28.25,153.0,0.06332433891172211
-28.25,153.25,0.05735346221287425
-28.25,153.5,0.04808579771973503
-28.25,153.75,0.04432018302225818
-28.5,114.25,0.021574911402006236
-28.5,114.5,0.021716671822928003
-28.5,114.75,0.023457702912855892
-28.5,115.0,0.01521057495625601
-28.5,115.25,0.011467615355338369
-28.5,115.5,0.017503273402828545
-28.5,115.75,0.022137720643409662
-28.5,116.0,0.01948281108800854
-28.5,116.25,0.0160471387584472
-28.5,116.5,0.017433401296979616
-28.5,116.75,0.02050343923758538
-28.5,117.0,0.023065246985338274
-28.5,117.25,0.025373679878456252
-28.5,117.5,0.026276541469130842
-28.5,117.75,0.029358924453568067
-28.5,118.0,0.031362095147293684
-28.5,118.25,0.03305557849373491
-28.5,118.5,0.035014929158967874
-28.5,118.75,0.03874734427330882
-28.5,119.0,0.04314550635449234
-28.5,119.25,0.04358710687083658
-28.5,119.5,0.04322934481287597
-28.5,119.75,0.041296514093049894
-28.5,120.0,0.041372760783304416
-28.5,120.25,0.042490651358717255
-28.5,120.5,0.04435121436559018
-28.5,120.75,0.04206002650205933
-28.5,121.0,0.03396414562705017
-28.5,121.25,0.027324495111714073
-28.5,121.5,0.033309935000614216
-28.5,121.75,0.04049603621519747
-28.5,122.0,0.03567098575156359
-28.5,122.25,0.023817849547291794
-28.5,122.5,0.01911328790620679
-28.5,122.75,0.02836747392152791
-28.5,123.0,0.03406889018868761
-28.5,123.25,0.036990868304634376
-28.5,123.5,0.03800666040873953
-28.5,123.75,0.04181223372773578
-28.5,124.0,0.047235569539701656
-28.5,124.25,0.04711121582603525
-28.5,124.5,0.04454104746913626
-28.5,124.75,0.04462505820806005
-28.5,125.0,0.04763451601334271
-28.5,125.25,0.05137541028282915
-28.5,125.5,0.04909326010605409
-28.5,125.75,0.0404074482653024
-28.5,126.0,0.02794363767884317
-28.5,126.25,0.022486715209448623
-28.5,126.5,0.03050025229929902
-28.5,126.75,0.038131593165564394
-28.5,127.0,0.043517327058084664
-28.5,127.25,0.047902012345314555
-28.5,127.5,0.05018498354059245
-28.5,127.75,0.05426117811723435
-28.5,128.0,0.05358895303049524
-28.5,128.25,0.04919742982989798
-28.5,128.5,0.04455081305377895
-28.5,128.75,0.04791459784111274
-28.5,129.0,0.0417264695966705
-28.5,129.25,0.027896603387558744
-28.5,129.5,0.02403824705896633
-28.5,129.75,0.03197223159174124
-28.5,130.0,0.05071118646412201
-28.5,130.25,0.045900031805614985
-28.5,130.5,0.035069183142678366
-28.5,130.75,0.03208110052648754
-28.5,131.0,0.04002495330836003
-28.5,131.25,0.056670908621024516
-28.5,131.5,0.05843429982307411
-28.5,131.75,0.060762915245833854
-28.5,132.0,0.06693225223571062
-28.5,132.25,0.07244178746671727
-28.5,132.5,0.08334141983428882
-28.5,132.75,0.09854219029657543
-28.5,133.0,0.10897368033904405
-28.5,133.25,0.1138955646416261
-28.5,133.5,0.11454483651600424
-28.5,133.75,0.11330394156698492
-28.5,134.0,0.12592270435055808
-28.5,134.25,0.15107401862208333
-28.5,134.5,0.17509014986599575
-28.5,134.75,0.18651903261918398
-28.5,135.0,0.18466993565449402
-28.5,135.25,0.18130454668897159
-28.5,135.5,0.1753470055758953
-28.5,135.75,0.17664231648668646
-28.5,136.0,0.18753010672406248
-28.5,136.25,0.19490298834585007
-28.5,136.5,0.1934938135246436
-28.5,136.75,0.1880235628003166
-28.5,137.0,0.17476808164300608
-28.5,137.5,0.14561094329914168
-28.5,137.75,0.13025448799377218
-28.5,138.0,0.11403992627525614
-28.5,138.25,0.09788801936942729
-28.5,138.5,0.08420661251459803
-28.5,138.75,0.07621194278333514
-28.5,139.0,0.07606558032511246
-28.5,139.25,0.07020879372596807
-28.5,139.5,0.06378270065667624
-28.5,139.75,0.06312623345403977
-28.5,140.0,0.06465434681491128
-28.5,140.25,0.06911888587000292
-28.5,140.5,0.06509927161304015
-28.5,140.75,0.05869295486703604
-28.5,141.0,0.05517528114308204
-28.5,141.25,0.05945977437132526
-28.5,141.5,0.06112372896556432
-28.5,141.75,0.054174330239627685
-28.5,142.0,0.054639300764704656
-28.5,142.25,0.07201091045225483
-28.5,142.5,0.0885898575541519
-28.5,142.75,0.07974624751812025
-28.5,143.0,0.06464029362735649
-28.5,143.25,0.05003103568673223
-28.5,143.5,0.037346325947215694
-28.5,143.75,0.03890460544886688
-28.5,144.0,0.05002660190830717
-28.5,144.25,0.056695403250411065
-28.5,144.5,0.06411420060543432
-28.5,144.75,0.06707495863804416
-28.5,145.0,0.060806109563868845
-28.5,145.25,0.05639377188358811
-28.5,145.5,0.052334692943120556
-28.5,145.75,0.05127437544787036
-28.5,146.0,0.05803867997638874
-28.5,146.25,0.06689579775556923
-28.5,146.5,0.0696642698082585
-28.5,146.75,0.07147451270748639
-28.5,147.0,0.07389034047234981
-28.5,147.25,0.07842300680377298
-28.5,147.5,0.08659216357794192
-28.5,147.75,0.09063874675027495
-28.5,148.0,0.0911123977519483
-28.5,148.25,0.08705730816859397
-28.5,148.5,0.08056756763890874
-28.5,148.75,0.0778564291462923
-28.5,149.0,0.0844030271514341
-28.5,149.25,0.08589527920065891
-28.5,149.5,0.0834431424235282
-28.5,149.75,0.08035046649802964
-28.5,150.0,0.07622221780232698
-28.5,150.25,0.07143459614488251
-28.5,150.5,0.07545730958670555
-28.5,150.75,0.08270794527183864
-28.5,151.0,0.08745486687929813
-28.5,151.25,0.0755757890979848
-28.5,151.5,0.06443603205760674
-28.5,151.75,0.06863780536777561
-28.5,152.0,0.08788282703275659
-28.5,152.25,0.1203496370375866
-28.5,152.5,0.14061694135667668
-28.5,152.75,0.1426779679122514
-28.5,153.0,0.14791854845936456
-28.5,153.25,0.1279815643161003
-28.5,153.5,0.07957167337160735
-28.5,153.75,0.05089049119768398
-28.75,114.5,0.017449733858839387
-28.75,114.75,0.01838022349180565
-28.75,115.0,0.020278476623796105
-28.75,115.25,0.016835954794216724
-28.75,115.5,0.019525376837035376
-28.75,115.75,0.01870714048300648
-28.75,116.0,0.01690366346045353
-28.75,116.25,0.0133135986226123
-28.75,116.5,0.014057205874650251
-28.75,116.75,0.018733488225067655
-28.75,117.0,0.01813525101946046
-28.75,117.25,0.020363047905266284
-28.75,117.5,0.021573981842292207
-28.75,117.75,0.024706495827385447
-28.75,118.0,0.026686459269729398
-28.75,118.25,0.027629420751084884
-28.75,118.5,0.03105427926140172
-28.75,118.75,0.03835138358020534
-28.75,119.0,0.04255578372006615
-28.75,119.25,0.04287849309981712
-28.75,119.5,0.037802825301297985
-28.75,119.75,0.03580781127121078
-28.75,120.0,0.036133210557246845
-28.75,120.25,0.04025670557194168
-28.75,120.5,0.04478032429303442
-28.75,120.75,0.045404170502331996
-28.75,121.0,0.040846389569785625
-28.75,121.25,0.030099392150129592
-28.75,121.5,0.022267005643585608
-28.75,121.75,0.028401094579714396
-28.75,122.0,0.030494883400388063
-28.75,122.25,0.024080434836269843
-28.75,122.5,0.01780510340662052
-28.75,122.75,0.027853652348996893
-28.75,123.0,0.034648926374142144
-28.75,123.25,0.03603933726304344
-28.75,123.5,0.03541392775341159
-28.75,123.75,0.040430250471191746
-28.75,124.0,0.04414307720781792
-28.75,124.25,0.04453977637791208
-28.75,124.5,0.045893548849216176
-28.75,124.75,0.048275107757321425
-28.75,125.0,0.05090682112855748
-28.75,125.25,0.05135664444505459
-28.75,125.5,0.0507850117415988
-28.75,125.75,0.04502596094250856
-28.75,126.0,0.03537559032528883
-28.75,126.25,0.024436770474892996
-28.75,126.5,0.025699191333149515
-28.75,126.75,0.03219529361064945
-28.75,127.0,0.03813402173996326
-28.75,127.25,0.04290610113669009
-28.75,127.5,0.04374971356952474
-28.75,127.75,0.04646599603639472
-28.75,128.0,0.04609155107311727
-28.75,128.25,0.0432664721538978
-28.75,128.5,0.04017915087086814
-28.75,128.75,0.043529435712844136
-28.75,129.0,0.04255444409680508
-28.75,129.25,0.035159029587659804
-28.75,129.5,0.03464350967357556
-28.75,129.75,0.04290496525576427
-28.75,130.0,0.05082974513283088
-28.75,130.25,0.05147391191671236
-28.75,130.5,0.043945801163846186
-28.75,130.75,0.03575148952880963
-28.75,131.0,0.03847958879722726
-28.75,131.25,0.056031243307959465
-28.75,131.5,0.06978383490627277
-28.75,131.75,0.0703132896739546
-28.75,132.0,0.07100752984191612
-28.75,132.25,0.07636080433481506
-28.75,132.5,0.08721550997302291
-28.75,132.75,0.10225340531074575
-28.75,133.0,0.11100884128162371
-28.75,133.25,0.11810192118088404
-28.75,133.5,0.11907565425762663
-28.75,133.75,0.12228359814201083
-28.75,134.0,0.1329826063288021
-28.75,134.25,0.1548470382553725
-28.75,134.5,0.17901259663270874
-28.75,134.75,0.1925556277922754
-28.75,135.0,0.19674651659858813
-28.75,135.25,0.19317238947953141
-28.75,135.5,0.1866869355784729
-28.75,135.75,0.19082342292669982
-28.75,136.0,0.20534494654940708
-28.75,136.25,0.21753522564568334
-28.75,136.5,0.21188546187865237
-28.75,136.75,0.20387048596693647
-28.75,137.0,0.19051863791509754
-28.75,137.75,0.1504666406084739
-28.75,138.0,0.13419849252372626
-28.75,138.25,0.11471998889963808
-28.75,138.5,0.09915814581770627
-28.75,138.75,0.08628414286344889
-28.75,139.0,0.08265649344927321
-28.75,139.25,0.07884575719945133
-28.75,139.5,0.07640205074456476
-28.75,139.75,0.07755639168345148
-28.75,140.0,0.08006415743591441
-28.75,140.25,0.08467328161960246
-28.75,140.5,0.0808373780405548
-28.75,140.75,0.07600640141671257
-28.75,141.0,0.07439895959105343
-28.75,141.25,0.07677945862247032
-28.75,141.5,0.07137089390529408
-28.75,141.75,0.06903509111109002
-28.75,142.0,0.0779979505620542
-28.75,142.25,0.09392895077942826
-28.75,142.5,0.09777137718261829
-28.75,142.75,0.08230802664267166
-28.75,143.0,0.06788692000499438
-28.75,143.25,0.05825396388855075
-28.75,143.5,0.04939409528105032
-28.75,143.75,0.060186310755532414
-28.75,144.0,0.07699981170174267
-28.75,144.25,0.08045501389452034
-28.75,144.5,0.07906908841132895
-28.75,144.75,0.07776705695959252
-28.75,145.0,0.07438184916086141
-28.75,145.25,0.07542520419339693
-28.75,145.5,0.06845358354954183
-28.75,145.75,0.06696431125026374
-28.75,146.0,0.07043355659892162
-28.75,146.25,0.07454240368679166
-28.75,146.5,0.07405634405135754
-28.75,146.75,0.07330617666399727
-28.75,147.0,0.07490852497146643
-28.75,147.25,0.07861835274934059
-28.75,147.5,0.08497537574730814
-28.75,147.75,0.08802529586523417
-28.75,148.0,0.08685994609480813
-28.75,148.25,0.08613941901629525
-28.75,148.5,0.081388319345812
-28.75,148.75,0.08043304281641862
-28.75,149.0,0.0801226248632052
-28.75,149.25,0.07908076223961655
-28.75,149.5,0.07528625048830041
-28.75,149.75,0.07137818665387818
-28.75,150.0,0.0632243201070066
-28.75,150.25,0.05967729701383394
-28.75,150.5,0.06627775630193009
-28.75,150.75,0.08151606339739546
-28.75,151.0,0.091181041667698
-28.75,151.25,0.08838119845719293
-28.75,151.5,0.07417301832160558
-28.75,151.75,0.08313708423326413
-28.75,152.0,0.11323680137062357
-28.75,152.25,0.140565315151443
-28.75,152.5,0.15161767686894606
-28.75,152.75,0.15825571809518374
-28.75,153.0,0.159682655815656
-28.75,153.25,0.14369948604587643
-28.75,153.5,0.10098658983229793
-28.75,153.75,0.059790439261788765
-29.0,114.5,0.0140253195228676
-29.0,114.75,0.01713088376092769
-29.0,115.0,0.024642591058675733
-29.0,115.25,0.023249703115600692
-29.0,115.5,0.019889122061431407
-29.0,115.75,0.018451492745606674
-29.0,116.0,0.013577453534872759
-29.0,116.25,0.011980351163185247
-29.0,116.5,0.013846303160036249
-29.0,116.75,0.013834938049937288
-29.0,117.0,0.016321231185325556
-29.0,117.25,0.013703098751249768
-29.0,117.5,0.015442940291194689
-29.0,117.75,0.02026357909309722
-29.0,118.0,0.022576209086747397
-29.0,118.25,0.025384859637623387
-29.0,118.5,0.029919494390404516
-29.0,118.75,0.04054649947252723
-29.0,119.0,0.04474077167133579
-29.0,119.25,0.03822109910016436
-29.0,119.5,0.035864533060625294
-29.0,119.75,0.029426434130818094
-29.0,120.0,0.031519822162088186
-29.0,120.25,0.037295589232373805
-29.0,120.5,0.040687830493386305
-29.0,120.75,0.042678556105099796
-29.0,121.0,0.04308563979963462
-29.0,121.25,0.038886302554359035
-29.0,121.5,0.03134209178443555
-29.0,121.75,0.025210948919300875
-29.0,122.0,0.025855731751237596
-29.0,122.25,0.021289527086940194
-29.0,122.5,0.016261317962337107
-29.0,122.75,0.02648401769388112
-29.0,123.0,0.034141111099216644
-29.0,123.25,0.03531092626508325
-29.0,123.5,0.032189637245166866
-29.0,123.75,0.03635987380430812
-29.0,124.0,0.04165495576425677
-29.0,124.25,0.045370686036490256
-29.0,124.5,0.048285506769926066
-29.0,124.75,0.05336444857530296
-29.0,125.0,0.055059108133649545
-29.0,125.25,0.05487430891288178
-29.0,125.5,0.0553668702841692
-29.0,125.75,0.05037096334909577
-29.0,126.0,0.04181173698355754
-29.0,126.25,0.0327889312892997
-29.0,126.5,0.03308429244373526
-29.0,126.75,0.03393393110295403
-29.0,127.0,0.038670092377634274
-29.0,127.25,0.03959927117185933
-29.0,127.5,0.039175743512099695
-29.0,127.75,0.038433711328321976
-29.0,128.0,0.041009059929776756
-29.0,128.25,0.039458528203180146
-29.0,128.5,0.0404257945006802
-29.0,128.75,0.04197546626175089
-29.0,129.0,0.041159921403353415
-29.0,129.25,0.03985404215220894
-29.0,129.5,0.042256393088471324
-29.0,129.75,0.043665714898989315
-29.0,130.0,0.0474557588680736
-29.0,130.25,0.048931312260572755
-29.0,130.5,0.052170563567224666
-29.0,130.75,0.0485726185597568
-29.0,131.0,0.04521179059076877
-29.0,131.25,0.056660489125975544
-29.0,131.5,0.07282715708798995
-29.0,131.75,0.0764883954576882
-29.0,132.0,0.07811990260878311
-29.0,132.25,0.0843951871879177
-29.0,132.5,0.09613581015839286
-29.0,132.75,0.10979375114353994
-29.0,133.0,0.1153676095687496
-29.0,133.25,0.11964800226324726
-29.0,133.5,0.12952876975316377
-29.0,133.75,0.13577866228297353
-29.0,134.0,0.14456292058429904
-29.0,134.25,0.15799544102601
-29.0,134.5,0.17854461875699815
-29.0,134.75,0.19728676995021358
-29.0,135.0,0.2054698066298096
-29.0,135.25,0.2015940588145029
-29.0,135.5,0.1984375483533811
-29.0,135.75,0.20107801473211676
-29.0,136.0,0.21164041458673422
-29.0,136.25,0.22182166558646021
-29.0,136.5,0.22003069590954555
-29.0,136.75,0.21507052530845006
-29.0,137.0,0.20145219454175925
-29.0,137.25,0.19054383421981974
-29.0,137.5,0.17739870840062696
-29.0,137.75,0.1640082414954945
-29.0,138.0,0.14768042731856917
-29.0,138.25,0.1304530628879244
-29.0,138.5,0.11143246909847394
-29.0,138.75,0.09671167978251885
-29.0,139.0,0.08955714078509204
-29.0,139.25,0.08363336996020128
-29.0,139.5,0.0819730530336355
-29.0,139.75,0.08827749103462944
-29.0,140.0,0.0961076767455476
-29.0,140.25,0.1007167641627824
-29.0,140.5,0.09781924571129605
-29.0,140.75,0.09276897698374731
-29.0,141.0,0.09414093946550219
-29.0,141.25,0.09499910936130965
-29.0,141.5,0.09019058817842354
-29.0,141.75,0.0927123898063742
-29.0,142.0,0.09930752362041469
-29.0,142.25,0.09688056468342741
-29.0,142.5,0.09239506836692314
-29.0,142.75,0.08139298597483763
-29.0,143.0,0.07508617635550244
-29.0,143.25,0.06258517100497903
-29.0,143.5,0.05759303298601437
-29.0,143.75,0.06748961270131336
-29.0,144.0,0.08761944702072512
-29.0,144.25,0.09641415933147073
-29.0,144.5,0.0945753321583782
-29.0,144.75,0.09280554401200442
-29.0,145.0,0.09261218385460476
-29.0,145.25,0.09368504783515597
-29.0,145.5,0.0908514796889254
-29.0,145.75,0.08562844087871435
-29.0,146.0,0.08257839477044486
-29.0,146.25,0.08228237289225772
-29.0,146.5,0.079723996296525
-29.0,146.75,0.07915485218289264
-29.0,147.0,0.07833578955781247
-29.0,147.25,0.07916761832755237
-29.0,147.5,0.08267856179514811
-29.0,147.75,0.08462589376251257
-29.0,148.0,0.08603672663725558
-29.0,148.25,0.08426550171958903
-29.0,148.5,0.08548616168998359
-29.0,148.75,0.08273086476893653
-29.0,149.0,0.07816875947838915
-29.0,149.25,0.07245185819587537
-29.0,149.5,0.06860236792389991
-29.0,149.75,0.06345701665739484
-29.0,150.0,0.05886741418604894
-29.0,150.25,0.05838917187426151
-29.0,150.5,0.06523420932020858
-29.0,150.75,0.07800533779622389
-29.0,151.0,0.0860975280149086
-29.0,151.25,0.08102140705589028
-29.0,151.5,0.06948161383514248
-29.0,151.75,0.0926431937808437
-29.0,152.0,0.1296020415411996
-29.0,152.25,0.1436867901301455
-29.0,152.5,0.13769787271126654
-29.0,152.75,0.14404040962496462
-29.0,153.0,0.14059527535379554
-29.0,153.25,0.12147188875491598
-29.0,153.5,0.08964246539177284
-29.0,153.75,0.06253610889238882
-29.25,114.75,0.013033779619616413
-29.25,115.0,0.022976850596300905
-29.25,115.25,0.024447504047393088
-29.25,115.5,0.02036978503068288
-29.25,115.75,0.012511955866856234
-29.25,116.0,0.010113200376785937
-29.25,116.25,0.009594259242571535
-29.25,116.5,0.008809816005772778
-29.25,116.75,0.011836722023075535
-29.25,117.0,0.010665464197241124
-29.25,117.25,0.01181094694350447
-29.25,117.5,0.010427603409403846
-29.25,117.75,0.013740418203884648
-29.25,118.0,0.019005414031978165
-29.25,118.25,0.020181863323696668
-29.25,118.5,0.025814601528413948
-29.25,118.75,0.037478789368954796
-29.25,119.0,0.04350012517312453
-29.25,119.25,0.04032637856767646
-29.25,119.5,0.03075997387835135
-29.25,119.75,0.02756122519772145
-29.25,120.0,0.029716263719767863
-29.25,120.25,0.0348282796397273
-29.25,120.5,0.03792398643812963
-29.25,120.75,0.03758535510153576
-29.25,121.0,0.038396861000607414
-29.25,121.25,0.03884952985376696
-29.25,121.5,0.038019751520117835
-29.25,121.75,0.03261824663329337
-29.25,122.0,0.02430796824351308
-29.25,122.25,0.019019977479530055
-29.25,122.5,0.015128320184469754
-29.25,122.75,0.025045063852199487
-29.25,123.0,0.03213078809148144
-29.25,123.25,0.02997554011775979
-29.25,123.5,0.02716770750758726
-29.25,123.75,0.029622314781660126
-29.25,124.0,0.035925188704970336
-29.25,124.25,0.0406710485827976
-29.25,124.5,0.0500563582471971
-29.25,124.75,0.057235788672170156
-29.25,125.0,0.06164520647642868
-29.25,125.25,0.058521604491952095
-29.25,125.5,0.05780849648830814
-29.25,125.75,0.05115608208413635
-29.25,126.0,0.04294182318927986
-29.25,126.25,0.035608717812491315
-29.25,126.5,0.03564308447585929
-29.25,126.75,0.03736095811972129
-29.25,127.0,0.0395282058045268
-29.25,127.25,0.03983585337797801
-29.25,127.5,0.03801694780455104
-29.25,127.75,0.03658482648121814
-29.25,128.0,0.039655333730791296
-29.25,128.25,0.045204342413871064
-29.25,128.5,0.047300778329372406
-29.25,128.75,0.04462614112666675
-29.25,129.0,0.04103194594915424
-29.25,129.25,0.043005980662114564
-29.25,129.5,0.04609561111290185
-29.25,129.75,0.04941785051681412
-29.25,130.0,0.04523594802622462
-29.25,130.25,0.04152395143949737
-29.25,130.5,0.04614038850302764
-29.25,130.75,0.05207350171237652
-29.25,131.0,0.05308871937560893
-29.25,131.25,0.06025416020392662
-29.25,131.5,0.07644270889217122
-29.25,131.75,0.08169126805649804
-29.25,132.0,0.08556250851224398
-29.25,132.25,0.09276232342235743
-29.25,132.5,0.1025761094764762
-29.25,132.75,0.112946119079771
-29.25,133.0,0.11784453172613645
-29.25,133.25,0.12535349314234087
-29.25,133.5,0.13435554489315976
-29.25,133.75,0.14699812643008217
-29.25,134.0,0.15840276340826503
-29.25,134.25,0.1700839705743073
-29.25,134.5,0.1802436918696566
-29.25,134.75,0.19394602021645932
-29.25,135.0,0.20627865176703336
-29.25,135.25,0.20789737304051717
-29.25,135.5,0.20371544178647344
-29.25,135.75,0.2092153841673973
-29.25,136.0,0.21730736911385543
-29.25,136.25,0.2207526729309133
-29.25,136.5,0.2183270713491809
-29.25,136.75,0.21275373095025618
-29.25,137.0,0.206345087992737
-29.25,137.25,0.19647776950594215
-29.25,137.5,0.18304093984444902
-29.25,137.75,0.16933314952378473
-29.25,138.0,0.15550120190850325
-29.25,138.25,0.1439958654931702
-29.25,138.5,0.12837668030489502
-29.25,138.75,0.11083360564662144
-29.25,139.0,0.0973763124795542
-29.25,139.25,0.09169361052945965
-29.25,139.5,0.08482582807635135
-29.25,139.75,0.08968955488055058
-29.25,140.0,0.10951235968885677
-29.25,140.25,0.11603864460374184
-29.25,140.5,0.11191937021157217
-29.25,140.75,0.10858767347277275
-29.25,141.0,0.11003827128692396
-29.25,141.25,0.11277906882737408
-29.25,141.5,0.11299495574494359
-29.25,141.75,0.11604635546280492
-29.25,142.0,0.11457350430677511
-29.25,142.25,0.10931865169910625
-29.25,142.5,0.09737144683576411
-29.25,142.75,0.08877482975727789
-29.25,143.0,0.0781957221787057
-29.25,143.25,0.06950385167341058
-29.25,143.5,0.06275246490147851
-29.25,143.75,0.0743125621688142
-29.25,144.0,0.100790713547862
-29.25,144.25,0.11063181190485401
-29.25,144.5,0.1118715107634974
-29.25,144.75,0.10895921435606266
-29.25,145.0,0.11005590683115381
-29.25,145.25,0.10915575922865953
-29.25,145.5,0.10515300104660648
-29.25,145.75,0.10216797388025693
-29.25,146.0,0.09621510538494303
-29.25,146.25,0.0941407535801686
-29.25,146.5,0.08930115687128688
-29.25,146.75,0.08625806286027433
-29.25,147.0,0.08370449679149758
-29.25,147.25,0.08108477700900818
-29.25,147.5,0.08304394436334925
-29.25,147.75,0.08572841040523989
-29.25,148.0,0.08640228552034214
-29.25,148.25,0.08754077266591291
-29.25,148.5,0.08684229996676246
-29.25,148.75,0.08160795866223496
-29.25,149.0,0.07718596328604257
-29.25,149.25,0.07022902558424643
-29.25,149.5,0.06644389182772664
-29.25,149.75,0.06175524333098327
-29.25,150.0,0.06397483408273685
-29.25,150.25,0.07157283978802817
-29.25,150.5,0.07568043845184591
-29.25,150.75,0.07620837153822538
-29.25,151.0,0.08011983303696893
-29.25,151.25,0.0649568937908736
-29.25,151.5,0.060640359618922786
-29.25,151.75,0.09098173620628326
-29.25,152.0,0.14229541169417123
-29.25,152.25,0.14888841192504124
-29.25,152.5,0.12726230599828775
-29.25,152.75,0.13069980414140792
-29.25,153.0,0.12349276711964714
-29.25,153.25,0.07928364588213818
-29.25,153.5,0.0575935345863746
-29.5,114.75,0.009486189406986038
-29.5,115.0,0.016156218316228616
-29.5,115.25,0.017854858872791132
-29.5,115.5,0.012846636647979418
-29.5,115.75,0.006810700154996344
-29.5,116.0,0.00443006540382547
-29.5,116.25,0.006143833151353257
-29.5,116.5,0.005799008138655197
-29.5,116.75,0.005492323947449525
-29.5,117.0,0.008837859758308956
-29.5,117.25,0.007119113499564784
-29.5,117.5,0.005662238482563269
-29.5,117.75,0.009111117695768674
-29.5,118.0,0.01346849224175371
-29.5,118.25,0.01826062506463911
-29.5,118.5,0.019335564586730296
-29.5,118.75,0.0299251166771033
-29.5,119.0,0.03851204038198505
-29.5,119.25,0.037308433914412964
-29.5,119.5,0.0327847390369113
-29.5,119.75,0.027167827383215937
-29.5,120.0,0.02965457771150839
-29.5,120.25,0.03454709618429964
-29.5,120.5,0.03620777382914509
-29.5,120.75,0.0369445594382428
-29.5,121.0,0.03480889883191724
-29.5,121.25,0.0351923967167663
-29.5,121.5,0.03879629012108559
-29.5,121.75,0.03898303605327826
-29.5,122.0,0.03125071104704624
-29.5,122.25,0.020037250937561372
-29.5,122.5,0.01414523064546908
-29.5,122.75,0.022169960624021424
-29.5,123.0,0.028617062931880356
-29.5,123.25,0.027099446393549442
-29.5,123.5,0.02399334032088518
-29.5,123.75,0.025735106836960075
-29.5,124.0,0.030098673413019805
-29.5,124.25,0.03368049017818911
-29.5,124.5,0.0437487678386138
-29.5,124.75,0.056350365567154115
-29.5,125.0,0.06269617914443924
-29.5,125.25,0.05804851996945217
-29.5,125.5,0.05022574950541769
-29.5,125.75,0.04430120184662796
-29.5,126.0,0.04238252457940862
-29.5,126.25,0.03696795379565585
-29.5,126.5,0.03651684302437518
-29.5,126.75,0.03700537078548223
-29.5,127.0,0.038559253966169695
-29.5,127.25,0.04251047682371877
-29.5,127.5,0.04278392404140461
-29.5,127.75,0.04150342679626885
-29.5,128.0,0.04379814941258658
-29.5,128.25,0.049926515420277914
-29.5,128.5,0.05219884943882269
-29.5,128.75,0.04984779370549534
-29.5,129.0,0.045964167240474904
-29.5,129.25,0.05123341092146889
-29.5,129.5,0.05415518591623931
-29.5,129.75,0.05368700433699858
-29.5,130.0,0.04894503605374623
-29.5,130.25,0.04106839675278891
-29.5,130.5,0.03946185673453978
-29.5,130.75,0.04598322411156481
-29.5,131.0,0.05689966950033392
-29.5,131.25,0.06639472043939999
-29.5,131.5,0.0802050183615869
-29.5,131.75,0.08712838116279316
-29.5,132.0,0.09286954342165873
-29.5,132.25,0.09948356137832716
-29.5,132.5,0.10920415973468196
-29.5,132.75,0.11825749379294437
-29.5,133.0,0.12003374138290555
-29.5,133.25,0.12745791773888326
-29.5,133.5,0.13858710477638636
-29.5,133.75,0.15183139216775696
-29.5,134.0,0.1653835050168536
-29.5,134.25,0.1780664788010264
-29.5,134.5,0.1874191204413364
-29.5,134.75,0.19457388129223893
-29.5,135.0,0.2032959649946341
-29.5,135.25,0.208935497728886
-29.5,135.5,0.21847048727351995
-29.5,135.75,0.22181384984758637
-29.5,136.0,0.22493508473659554
-29.5,136.25,0.22414123980949321
-29.5,136.5,0.21846519254669103
-29.5,136.75,0.20880854186224973
-29.5,137.0,0.2017783614230298
-29.5,137.25,0.19292311578977941
-29.5,137.5,0.17997356557531194
-29.5,137.75,0.16933694790516582
-29.5,138.0,0.16482874536997683
-29.5,138.25,0.1572084920658242
-29.5,138.5,0.14709656789810174
-29.5,138.75,0.13150575178553395
-29.5,139.0,0.1151092670661109
-29.5,139.25,0.09561565991482764
-29.5,139.5,0.08698261102240178
-29.5,139.75,0.09460988450473884
-29.5,140.0,0.11997898087526361
-29.5,140.25,0.12986161338680435
-29.5,140.5,0.1238139607145318
-29.5,140.75,0.1204062941406543
-29.5,141.0,0.12536794603358778
-29.5,141.25,0.13057549184353168
-29.5,141.5,0.13695283875179787
-29.5,141.75,0.14308163637095797
-29.5,142.0,0.14063012527434954
-29.5,142.25,0.12768230392996754
-29.5,142.5,0.11179094940113525
-29.5,142.75,0.09737304394560245
-29.5,143.0,0.08342585233816256
-29.5,143.25,0.07091853997239274
-29.5,143.5,0.07748635793548254
-29.5,143.75,0.09085442721150772
-29.5,144.0,0.11463244189730003
-29.5,144.25,0.1252700081383366
-29.5,144.5,0.12691933489072005
-29.5,144.75,0.12314307675475165
-29.5,145.0,0.1230584386957898
-29.5,145.25,0.11971871193631418
-29.5,145.5,0.11747822502761014
-29.5,145.75,0.1124455665648427
-29.5,146.0,0.10992555394990458
-29.5,146.25,0.1064986761615035
-29.5,146.5,0.09892711872678428
-29.5,146.75,0.09321560656507721
-29.5,147.0,0.08749204997660681
-29.5,147.25,0.08475562280177006
-29.5,147.5,0.08590226788517265
-29.5,147.75,0.08733348493419943
-29.5,148.0,0.08865575358448993
-29.5,148.25,0.08832376300373913
-29.5,148.5,0.08575780850702099
-29.5,148.75,0.07895702300815001
-29.5,149.0,0.07581646570581056
-29.5,149.25,0.07240960035927682
-29.5,149.5,0.06610208296970953
-29.5,149.75,0.06361641986184709
-29.5,150.0,0.07054071991116784
-29.5,150.25,0.08360979294936571
-29.5,150.5,0.0843872541960861
-29.5,150.75,0.08536763403431645
-29.5,151.0,0.07661582530875291
-29.5,151.25,0.05734163377589236
-29.5,151.5,0.06043317159859552
-29.5,151.75,0.11682849861127102
-29.5,152.0,0.16304587936472326
-29.5,152.25,0.14542681484904496
-29.5,152.5,0.1147431056436506
-29.5,152.75,0.11294394022607733
-29.5,153.0,0.1011131275644792
-29.5,153.25,0.06041125433319913
-29.5,153.5,0.044779615420182904
-29.75,114.75,0.008916868058232857
-29.75,115.0,0.011076914494125439
-29.75,115.25,0.010069361812479439
-29.75,115.5,0.0054942624909537175
-29.75,115.75,0.0009874414497365554
-29.75,116.0,0.0005396542183700062
-29.75,116.25,0.002269937244376966
-29.75,116.5,0.0001885757071986085
-29.75,116.75,0.002210687036235218
-29.75,117.0,0.0015578913480220806
-29.75,117.25,0.00460962546944973
-29.75,117.5,0.00020730795250052499
-29.75,117.75,0.0019034299395224523
-29.75,118.0,0.010198627128487542
-29.75,118.25,0.015437307213211343
-29.75,118.5,0.019654235447801295
-29.75,118.75,0.021931774021192854
-29.75,119.0,0.026602716554355407
-29.75,119.25,0.030004940565032442
-29.75,119.5,0.033460914754098105
-29.75,119.75,0.03142407150673015
-29.75,120.0,0.030586098148930995
-29.75,120.25,0.032486328460453524
-29.75,120.5,0.03608142169680269
-29.75,120.75,0.03854887958482972
-29.75,121.0,0.038868762619261234
-29.75,121.25,0.03329662570419411
-29.75,121.5,0.038538139552942344
-29.75,121.75,0.041800414852886686
-29.75,122.0,0.03921493057839273
-29.75,122.25,0.027818557036863197
-29.75,122.5,0.015462996106084792
-29.75,122.75,0.015305963972406019
-29.75,123.0,0.022761652434045182
-29.75,123.25,0.02961964884085492
-29.75,123.5,0.028687653856884154
-29.75,123.75,0.027686615230604297
-29.75,124.0,0.027797284420757067
-29.75,124.25,0.03222855124622583
-29.75,124.5,0.037748889651681695
-29.75,124.75,0.05142893641078401
-29.75,125.0,0.054148527906675424
-29.75,125.25,0.04625741727650166
-29.75,125.5,0.039235705352343976
-29.75,125.75,0.035045031402703555
-29.75,126.0,0.0352891684332419
-29.75,126.25,0.03303430177315715
-29.75,126.5,0.03449719755777291
-29.75,126.75,0.03567441487241359
-29.75,127.0,0.03813888504325102
-29.75,127.25,0.04267784172358612
-29.75,127.5,0.046982153682481674
-29.75,127.75,0.048297831571350494
-29.75,128.0,0.05168174514325247
-29.75,128.25,0.05123009542003274
-29.75,128.5,0.054056152801716786
-29.75,128.75,0.052992981053899886
-29.75,129.0,0.05320005513106783
-29.75,129.25,0.05758755868300795
-29.75,129.5,0.06437411689243856
-29.75,129.75,0.06346242779511072
-29.75,130.0,0.057895523451623465
-29.75,130.25,0.04352936259958716
-29.75,130.5,0.041593806821453784
-29.75,130.75,0.044058173704182815
-29.75,131.0,0.05624448763472693
-29.75,131.25,0.07050058696795965
-29.75,131.5,0.08124057851022198
-29.75,131.75,0.08752610355260826
-29.75,132.0,0.09637161259805517
-29.75,132.25,0.10518704955687835
-29.75,132.5,0.1165541425014713
-29.75,132.75,0.12390767778159074
-29.75,133.0,0.12590059478811566
-29.75,133.25,0.1297449376256693
-29.75,133.5,0.14020647482636076
-29.75,133.75,0.15145564647945797
-29.75,134.0,0.1692534393065476
-29.75,134.25,0.18109670688032306
-29.75,134.5,0.19255714468696775
-29.75,134.75,0.19901500113884962
-29.75,135.0,0.2044253021811268
-29.75,135.25,0.21701701945913512
-29.75,135.5,0.22860401416574383
-29.75,135.75,0.2379412329090493
-29.75,136.0,0.23925872131117754
-29.75,136.25,0.2324818513145493
-29.75,136.5,0.22518426283828116
-29.75,136.75,0.21416824419117933
-29.75,137.0,0.20824199371660748
-29.75,137.25,0.1979998750700837
-29.75,137.5,0.18736338079685255
-29.75,137.75,0.1846703734404097
-29.75,138.0,0.18350512960570908
-29.75,138.25,0.17614107230689288
-29.75,138.5,0.17167120557721882
-29.75,138.75,0.1443732399105405
-29.75,139.0,0.12267235608908647
-29.75,139.25,0.1026026921127812
-29.75,139.5,0.1144818236873973
-29.75,139.75,0.11472175335068079
-29.75,140.0,0.13527654327363486
-29.75,140.25,0.1457828406554957
-29.75,140.5,0.1415343061754746
-29.75,140.75,0.13669063701250014
-29.75,141.0,0.14144338673268933
-29.75,141.25,0.14735694428284962
-29.75,141.5,0.16324273499416275
-29.75,141.75,0.1711171111446761
-29.75,142.0,0.16002387778744812
-29.75,142.25,0.1461734159583492
-29.75,142.5,0.12322555665547649
-29.75,142.75,0.10216446196094954
-29.75,143.0,0.0860878297748665
-29.75,143.25,0.09419779702827023
-29.75,143.5,0.09997315189317478
-29.75,143.75,0.11786427712954936
-29.75,144.0,0.13121096847490185
-29.75,144.25,0.13928157370870134
-29.75,144.5,0.13714437386619727
-29.75,144.75,0.1334165233154116
-29.75,145.0,0.13076630216424487
-29.75,145.25,0.129657550232618
-29.75,145.5,0.1255538989213251
-29.75,145.75,0.12127234216424682
-29.75,146.0,0.11668846483697139
-29.75,146.25,0.11492507345752702
-29.75,146.5,0.10651521098666958
-29.75,146.75,0.09865383672903201
-29.75,147.0,0.09305360575367341
-29.75,147.25,0.08770092193264559
-29.75,147.5,0.09196888500536304
-29.75,147.75,0.08960679696340645
-29.75,148.0,0.08903759363595219
-29.75,148.25,0.08802532161373944
-29.75,148.5,0.08386480183440394
-29.75,148.75,0.0788320676307194
-29.75,149.0,0.07857910355712214
-29.75,149.25,0.07439939595670217
-29.75,149.5,0.06546033343433269
-29.75,149.75,0.06271172597494332
-29.75,150.0,0.07253810453250827
-29.75,150.25,0.09060618414410523
-29.75,150.5,0.09219399632177859
-29.75,150.75,0.09548500895588881
-29.75,151.0,0.08454829643846357
-29.75,151.25,0.0624184975589049
-29.75,151.5,0.08846051142151867
-29.75,151.75,0.15020124252353395
-29.75,152.0,0.15982148291188336
-29.75,152.25,0.13703282351295154
-29.75,152.5,0.10368415044642808
-29.75,152.75,0.07607120228376948
-29.75,153.0,0.0605132354057527
-29.75,153.25,0.04714993879398597
-29.75,153.5,0.03684327274982241
-30.0,114.75,0.013375119767373517
-30.0,115.0,0.01440991965189044
-30.0,115.25,0.008790300487141524
-30.0,115.5,0.0012463997172225
-30.0,115.75,-0.0031006549030453676
-30.0,116.0,-0.004868107666039751
-30.0,116.25,-0.0017908719201971378
-30.0,116.5,-0.0007765628774428652
-30.0,116.75,-0.0010427621991506645
-30.0,117.0,0.0008775124104604834
-30.0,117.25,-0.001770295761525631
-30.0,117.5,-0.005548660740965889
-30.0,117.75,-0.004181569521980626
-30.0,118.0,0.004489914979785681
-30.0,118.25,0.0150805405163694
-30.0,118.5,0.018955966777589525
-30.0,118.75,0.018232568989818294
-30.0,119.0,0.019706533917979826
-30.0,119.25,0.02130964101691331
-30.0,119.5,0.02771945267228321
-30.0,119.75,0.032675317906042826
-30.0,120.0,0.0329230126747418
-30.0,120.25,0.03337632968378741
-30.0,120.5,0.03581779921992815
-30.0,120.75,0.04063355518238885
-30.0,121.0,0.03980878314579881
-30.0,121.25,0.03264897094063816
-30.0,121.5,0.03908493666829253
-30.0,121.75,0.04343401878806097
-30.0,122.0,0.04323545150636207
-30.0,122.25,0.036048737456578585
-30.0,122.5,0.023465655149803276
-30.0,122.75,0.019170313064629834
-30.0,123.0,0.01946838620961422
-30.0,123.25,0.027428950402619584
-30.0,123.5,0.03502023024928002
-30.0,123.75,0.0356540730755244
-30.0,124.0,0.034749445638486316
-30.0,124.25,0.03627693401649594
-30.0,124.5,0.041789779328696784
-30.0,124.75,0.042801186679640696
-30.0,125.0,0.03950600397019159
-30.0,125.25,0.03207579358214779
-30.0,125.5,0.026666207726728838
-30.0,125.75,0.02523917969249721
-30.0,126.0,0.02621669994134988
-30.0,126.25,0.02716605194090378
-30.0,126.5,0.029862006199601596
-30.0,126.75,0.030374147246281305
-30.0,127.0,0.03417290732087124
-30.0,127.25,0.038623661986951316
-30.0,127.5,0.04247209788300097
-30.0,127.75,0.04574250513576858
-30.0,128.0,0.0492571541363196
-30.0,128.25,0.05114346526208378
-30.0,128.5,0.051479185106498855
-30.0,128.75,0.05129906929186767
-30.0,129.0,0.05338183896216963
-30.0,129.25,0.05941591143519396
-30.0,129.5,0.06649473502433725
-30.0,129.75,0.07160361872187683
-30.0,130.0,0.06997420641460589
-30.0,130.25,0.05366129294215213
-30.0,130.5,0.04845095294239443
-30.0,130.75,0.0493230530016479
-30.0,131.0,0.05301161653229169
-30.0,131.25,0.06556876474725348
-30.0,131.5,0.07622544956837027
-30.0,131.75,0.09005198000619809
-30.0,132.0,0.09914039152375023
-30.0,132.25,0.1052232648356862
-30.0,132.5,0.11826521726436026
-30.0,132.75,0.12727083523558186
-30.0,133.0,0.1316874359778705
-30.0,133.25,0.13590362248942256
-30.0,133.5,0.14240195054472202
-30.0,133.75,0.1529062846786387
-30.0,134.0,0.17106249265904938
-30.0,134.25,0.18620895019266753
-30.0,134.5,0.19697397248459136
-30.0,134.75,0.2051677734591067
-30.0,135.0,0.21083340063840816
-30.0,135.25,0.22698877661134162
-30.0,135.5,0.24108605383052711
-30.0,135.75,0.25006089094316675
-30.0,136.0,0.2524403884208628
-30.0,136.25,0.24263954478803845
-30.0,136.5,0.23664994649952859
-30.0,136.75,0.2350225110493955
-30.0,137.0,0.22970584245576037
-30.0,137.25,0.22314486143489679
-30.0,137.5,0.21516802465720547
-30.0,137.75,0.2161480928904244
-30.0,138.0,0.2154013575365146
-30.0,138.25,0.21118857320398093
-30.0,138.5,0.18422652519574123
-30.0,138.75,0.1422433965041169
-30.0,139.0,0.12296379661484458
-30.0,139.25,0.15830867061435822
-30.0,139.5,0.16569451489707543
-30.0,139.75,0.154488827926772
-30.0,140.0,0.16591210377910373
-30.0,140.25,0.17498560576211838
-30.0,140.5,0.1636210086977198
-30.0,140.75,0.1574643955189025
-30.0,141.0,0.15942619477975226
-30.0,141.25,0.16528178553673484
-30.0,141.5,0.18428664121602195
-30.0,141.75,0.18395759283254545
-30.0,142.0,0.17177330733698215
-30.0,142.25,0.15150741053013397
-30.0,142.5,0.12663835330652848
-30.0,142.75,0.10677178975616006
-30.0,143.0,0.10585363101702006
-30.0,143.25,0.11385403470845805
-30.0,143.5,0.13129978910798118
-30.0,143.75,0.14574798431602262
-30.0,144.0,0.1502329251662429
-30.0,144.25,0.1440323484329773
-30.0,144.5,0.14018954947324735
-30.0,144.75,0.14108384808946756
-30.0,145.0,0.13903333668907483
-30.0,145.25,0.13779320515736582
-30.0,145.5,0.13317546852465187
-30.0,145.75,0.12614200484850221
-30.0,146.0,0.11982920832621555
-30.0,146.25,0.11771628551761665
-30.0,146.5,0.111635955276766
-30.0,146.75,0.10599779967063418
-30.0,147.0,0.09694269958750477
-30.0,147.25,0.09375013519255888
-30.0,147.5,0.09831767306951363
-30.0,147.75,0.09179123838493113
-30.0,148.0,0.09011216099773134
-30.0,148.25,0.08705971471610524
-30.0,148.5,0.08617005782212973
-30.0,148.75,0.08438431052491069
-30.0,149.0,0.08356038977591587
-30.0,149.25,0.07482280756951132
-30.0,149.5,0.06563446505765785
-30.0,149.75,0.06904872644455672
-30.0,150.0,0.07667698930350265
-30.0,150.25,0.08680241994859118
-30.0,150.5,0.08841472033943448
-30.0,150.75,0.09827745256673855
-30.0,151.0,0.10519830844742024
-30.0,151.25,0.08329096277953968
-30.0,151.5,0.12216032503084058
-30.0,151.75,0.1641537354105995
-30.0,152.0,0.1555386123203096
-30.0,152.25,0.13161691101600548
-30.0,152.5,0.10545320292668683
-30.0,152.75,0.0674418501980004
-30.0,153.0,0.03502636759686062
-30.0,153.25,0.02977476350719198
-30.0,153.5,0.029409140486469757
-30.25,114.75,0.017713453524213815
-30.25,115.0,0.019381865668332294
-30.25,115.25,0.013933767498071705
-30.25,115.5,0.0066769073595337215
-30.25,115.75,-0.0009952867669718605
-30.25,116.0,-0.006167243016950254
-30.25,116.25,-0.0036345926113426686
-30.25,116.5,-0.0014263273394178777
-30.25,116.75,-0.0021907602758368568
-30.25,117.0,-0.004813521240083944
-30.25,117.25,-0.008071345330349037
-30.25,117.5,-0.012408633672055743
-30.25,117.75,-0.00944473154931551
-30.25,118.0,-0.00024333250531483264
-30.25,118.25,0.01137045587279967
-30.25,118.5,0.01995238732169604
-30.25,118.75,0.019104876362585597
-30.25,119.0,0.014617642268006291
-30.25,119.25,0.014485690782644918
-30.25,119.5,0.020651742324480436
-30.25,119.75,0.029333551953147564
-30.25,120.0,0.03320999289197581
-30.25,120.25,0.03263769514548282
-30.25,120.5,0.03634096626303203
-30.25,120.75,0.03992969535645984
-30.25,121.0,0.038860724885238423
-30.25,121.25,0.03265262030375501
-30.25,121.5,0.036787392086573945
-30.25,121.75,0.04093794079062285
-30.25,122.0,0.043338614784824175
-30.25,122.25,0.041190341474222285
-30.25,122.5,0.034248272906101884
-30.25,122.75,0.025461887574887702
-30.25,123.0,0.02538948117733179
-30.25,123.25,0.03000358825527309
-30.25,123.5,0.03673059029859446
-30.25,123.75,0.04045548729509825
-30.25,124.0,0.041607278399169445
-30.25,124.25,0.042459005359116765
-30.25,124.5,0.04031010873732157
-30.25,124.75,0.03539311202863852
-30.25,125.0,0.02809566462501174
-30.25,125.25,0.022368463408201932
-30.25,125.5,0.020300027304550723
-30.25,125.75,0.01863951694575094
-30.25,126.0,0.01883666896527367
-30.25,126.25,0.021658097562335787
-30.25,126.5,0.023231731084663244
-30.25,126.75,0.022893617226786556
-30.25,127.0,0.02658112280159479
-30.25,127.25,0.031212434491940905
-30.25,127.5,0.034124418392422654
-30.25,127.75,0.038308216436278256
-30.25,128.0,0.04228191536454861
-30.25,128.25,0.0460150850138494
-30.25,128.5,0.047787875993110775
-30.25,128.75,0.04878354772143731
-30.25,129.0,0.0514401046204425
-30.25,129.25,0.056448729298565356
-30.25,129.5,0.061311413953080776
-30.25,129.75,0.06772146755385966
-30.25,130.0,0.07124973680557949
-30.25,130.25,0.06567617072058575
-30.25,130.5,0.06239460241936502
-30.25,130.75,0.06126021425284091
-30.25,131.0,0.060726076169382956
-30.25,131.25,0.06315777817120155
-30.25,131.5,0.0649783003656748
-30.25,131.75,0.07922592804257181
-30.25,132.0,0.09460036333295561
-30.25,132.25,0.10367047747907539
-30.25,132.5,0.11636725086275311
-30.25,132.75,0.13091265709095057
-30.25,133.0,0.13874894777323962
-30.25,133.25,0.14364018843819698
-30.25,133.5,0.14900713226802292
-30.25,133.75,0.15999398360561048
-30.25,134.0,0.17862469922374224
-30.25,134.25,0.19156070187732221
-30.25,134.5,0.2018661180245025
-30.25,134.75,0.2095564936154655
-30.25,135.0,0.21967045829542692
-30.25,135.25,0.23547885092862306
-30.25,135.5,0.24778139744885266
-30.25,135.75,0.25557371636497833
-30.25,136.0,0.25816975045350515
-30.25,136.25,0.25532749188797815
-30.25,136.5,0.2546989553874092
-30.25,136.75,0.25281967842685327
-30.25,137.0,0.2495474373921752
-30.25,137.25,0.24367440020488132
-30.25,137.5,0.23487454250100112
-30.25,137.75,0.23696214255566397
-30.25,138.0,0.23837970493893537
-30.25,138.25,0.22510853180484403
-30.25,138.5,0.18692559800055322
-30.25,138.75,0.13835199150212463
-30.25,139.0,0.16145715310593092
-30.25,139.25,0.2204204051456015
-30.25,139.5,0.22647659550864427
-30.25,139.75,0.2009812412495237
-30.25,140.0,0.1998237020555063
-30.25,140.25,0.19382871198495627
-30.25,140.5,0.18294298579761137
-30.25,140.75,0.17944000202364155
-30.25,141.0,0.1804231911498521
-30.25,141.25,0.18259419209013383
-30.25,141.5,0.18970074727050296
-30.25,141.75,0.18293819388144628
-30.25,142.0,0.16714991020659606
-30.25,142.25,0.14728929464417023
-30.25,142.5,0.12908484335722667
-30.25,142.75,0.11950296116992831
-30.25,143.0,0.1244246484379151
-30.25,143.25,0.13747150360030078
-30.25,143.5,0.15083386424174977
-30.25,143.75,0.1592432876339271
-30.25,144.0,0.1567866762833936
-30.25,144.25,0.14659826854864758
-30.25,144.5,0.1425382508696722
-30.25,144.75,0.14600851056165992
-30.25,145.0,0.14891297693116246
-30.25,145.25,0.1453900402040398
-30.25,145.5,0.13701777756546757
-30.25,145.75,0.12644917984393292
-30.25,146.0,0.11857648565478268
-30.25,146.25,0.11950603739713274
-30.25,146.5,0.12255096411459991
-30.25,146.75,0.11351811262291102
-30.25,147.0,0.10108406875681664
-30.25,147.25,0.09304322353785946
-30.25,147.5,0.09930165816275846
-30.25,147.75,0.09293391537697365
-30.25,148.0,0.08952571098343469
-30.25,148.25,0.08565771856866333
-30.25,148.5,0.08550822280036906
-30.25,148.75,0.08843231454513789
-30.25,149.0,0.08296907845596295
-30.25,149.25,0.07283700191016708
-30.25,149.5,0.06892370370527108
-30.25,149.75,0.08044074615186435
-30.25,150.0,0.10089247100764796
-30.25,150.25,0.1126359395505417
-30.25,150.5,0.11422821394655676
-30.25,150.75,0.11966307670587585
-30.25,151.0,0.12413135141001216
-30.25,151.25,0.11601191140888702
-30.25,151.5,0.1538276186329659
-30.25,151.75,0.18650809635097781
-30.25,152.0,0.17291490254879352
-30.25,152.25,0.14975168893912008
-30.25,152.5,0.13089037891477345
-30.25,152.75,0.08013695047370024
-30.25,153.0,0.028026142240490853
-30.25,153.25,0.021200026289027715
-30.5,114.75,0.02005497015391787
-30.5,115.0,0.019384026137136277
-30.5,115.25,0.018301982561215048
-30.5,115.5,0.014882874597484866
-30.5,115.75,0.00805000124188761
-30.5,116.0,0.0016385013082375129
-30.5,116.25,-0.0005124984419948998
-30.5,116.5,2.4232401379517145e-05
-30.5,116.75,-0.0029422446730591003
-30.5,117.0,-0.007097440827194424
-30.5,117.25,-0.01181658882026871
-30.5,117.5,-0.015089590315307889
-30.5,117.75,-0.012042371698078655
-30.5,118.0,-0.0013524662481532211
-30.5,118.25,0.0075769820660796195
-30.5,118.5,0.015932433697716554
-30.5,118.75,0.01994647841285249
-30.5,119.0,0.015129568435562154
-30.5,119.25,0.01174330489621276
-30.5,119.5,0.015048386034600082
-30.5,119.75,0.023352179279373515
-30.5,120.0,0.0297146203816824
-30.5,120.25,0.029581858478264795
-30.5,120.5,0.03577970202036557
-30.5,120.75,0.04029249675084083
-30.5,121.0,0.03745366950641342
-30.5,121.25,0.029230069497688894
-30.5,121.5,0.02974805774477621
-30.5,121.75,0.030554556589396226
-30.5,122.0,0.031235921640715484
-30.5,122.25,0.032073388070732886
-30.5,122.5,0.032893529108592445
-30.5,122.75,0.03251431927617107
-30.5,123.0,0.03295497009974151
-30.5,123.25,0.03428803596290804
-30.5,123.5,0.035886785263816515
-30.5,123.75,0.039614361701976686
-30.5,124.0,0.04191864068630994
-30.5,124.25,0.042406835003445546
-30.5,124.5,0.03821398251734319
-30.5,124.75,0.029449010241244522
-30.5,125.0,0.023539616568901
-30.5,125.25,0.01944492158834778
-30.5,125.5,0.01772383935749531
-30.5,125.75,0.016093311693874145
-30.5,126.0,0.01695078586095146
-30.5,126.25,0.018417314923412743
-30.5,126.5,0.017443142423317546
-30.5,126.75,0.01726929919927248
-30.5,127.0,0.02121864944097719
-30.5,127.25,0.02419694249207775
-30.5,127.5,0.02508408547866912
-30.5,127.75,0.02861520301195837
-30.5,128.0,0.0335629140514703
-30.5,128.25,0.037567656617223597
-30.5,128.5,0.041055304950679695
-30.5,128.75,0.044978529660563385
-30.5,129.0,0.04845860444364094
-30.5,129.25,0.052671217332993236
-30.5,129.5,0.05552825388454256
-30.5,129.75,0.060859824388864496
-30.5,130.0,0.06554478586518339
-30.5,130.25,0.06599216031886282
-30.5,130.5,0.0686023176603374
-30.5,130.75,0.0695515619435658
-30.5,131.0,0.07220792664946722
-30.5,131.25,0.07532919160799965
-30.5,131.5,0.07511033668055288
-30.5,131.75,0.08013685839694171
-30.5,132.0,0.08930878035635466
-30.5,132.25,0.10007007488526315
-30.5,132.5,0.11350114757549905
-30.5,132.75,0.12929767939494924
-30.5,133.0,0.14570387173444033
-30.5,133.25,0.1592088078941396
-30.5,133.5,0.1670825970165121
-30.5,133.75,0.1752932700528098
-30.5,134.0,0.18523210459222486
-30.5,134.25,0.19634287674756098
-30.5,134.5,0.20720580872037403
-30.5,134.75,0.21478092149787006
-30.5,135.0,0.22558851775136732
-30.5,135.25,0.2411619381347139
-30.5,135.5,0.2535886517415444
-30.5,135.75,0.2610361148677406
-30.5,136.0,0.26353476302964346
-30.5,136.25,0.26070685489546686
-30.5,136.5,0.25808973069347085
-30.5,136.75,0.25424369355397564
-30.5,137.0,0.25069587459521636
-30.5,137.25,0.2450698037853553
-30.5,137.5,0.2387169563677162
-30.5,137.75,0.2396773852053143
-30.5,138.0,0.24054816464472206
-30.5,138.25,0.2249236816119048
-30.5,138.5,0.18133587862276251
-30.5,138.75,0.1882739399249355
-30.5,139.0,0.24059757082501337
-30.5,139.25,0.2845729209748762
-30.5,139.5,0.25322739709323894
-30.5,139.75,0.2249823626913851
-30.5,140.0,0.2202149906683536
-30.5,140.25,0.20772116289479614
-30.5,140.5,0.19331981391757533
-30.5,140.75,0.19534195325825185
-30.5,141.0,0.19362000005674504
-30.5,141.25,0.1869105952636649
-30.5,141.5,0.1759743685213228
-30.5,141.75,0.1633847592456732
-30.5,142.0,0.15847543675585518
-30.5,142.25,0.15227868103289177
-30.5,142.5,0.14597825495161704
-30.5,142.75,0.1379036763971228
-30.5,143.0,0.1455120934572603
-30.5,143.25,0.1592232326843909
-30.5,143.5,0.16525682713614687
-30.5,143.75,0.16373380381791364
-30.5,144.0,0.16085820291191338
-30.5,144.25,0.15147301779084263
-30.5,144.5,0.15150308364204
-30.5,144.75,0.1549665471003945
-30.5,145.0,0.15628132892892435
-30.5,145.25,0.14733549838170543
-30.5,145.5,0.1343576276563995
-30.5,145.75,0.12384472691808783
-30.5,146.0,0.11992083055388537
-30.5,146.25,0.1268712327216885
-30.5,146.5,0.1372743582419519
-30.5,146.75,0.12724637469149283
-30.5,147.0,0.10953366334683129
-30.5,147.25,0.09732849150896072
-30.5,147.5,0.10801251837761984
-30.5,147.75,0.10300749540439852
-30.5,148.0,0.0918788767064966
-30.5,148.25,0.08288587554624038
-30.5,148.5,0.0804628320703549
-30.5,148.75,0.0854302721680142
-30.5,149.0,0.0770610242538775
-30.5,149.25,0.06406993112038999
-30.5,149.5,0.05682571186029929
-30.5,149.75,0.07702249894140377
-30.5,150.0,0.11779073993675411
-30.5,150.25,0.14682891134039633
-30.5,150.5,0.15056520482702623
-30.5,150.75,0.13544433075169635
-30.5,151.0,0.1266651814293471
-30.5,151.25,0.13214634305997086
-30.5,151.5,0.17140287179278121
-30.5,151.75,0.20656221025135546
-30.5,152.0,0.20416779354037273
-30.5,152.25,0.18577538294096788
-30.5,152.5,0.1397740786008182
-30.5,152.75,0.06260304964671377
-30.5,153.0,0.004401781342347109
-30.5,153.25,0.010471474106002245
-30.75,115.0,0.023209490937491258
-30.75,115.25,0.02741898019421136
-30.75,115.5,0.025703486418795017
-30.75,115.75,0.017188264212260645
-30.75,116.0,0.010560449532100133
-30.75,116.25,0.004588867741681281
-30.75,116.5,5.8828172595461916e-05
-30.75,116.75,-0.0026972298599070026
-30.75,117.0,-0.0060543573683216455
-30.75,117.25,-0.01037296839169271
-30.75,117.5,-0.013239083683029527
-30.75,117.75,-0.0076303140016361366
-30.75,118.0,0.0035783842782534303
-30.75,118.25,0.008750250017536538
-30.75,118.5,0.014500606720823617
-30.75,118.75,0.019673844648613815
-30.75,119.0,0.019116253722902564
-30.75,119.25,0.016939585894856248
-30.75,119.5,0.016696839921531224
-30.75,119.75,0.021035404237807684
-30.75,120.0,0.024600573052607832
-30.75,120.25,0.025087671188659788
-30.75,120.5,0.03231984740344896
-30.75,120.75,0.03975428267537306
-30.75,121.0,0.04022179865444611
-30.75,121.25,0.02736652928094069
-30.75,121.5,0.02293915313535503
-30.75,121.75,0.02131666766390914
-30.75,122.0,0.020996862980315372
-30.75,122.25,0.022698520500922487
-30.75,122.5,0.024970195945795803
-30.75,122.75,0.026043288642540574
-30.75,123.0,0.028605400185499872
-30.75,123.25,0.03225701724933017
-30.75,123.5,0.03445736375593004
-30.75,123.75,0.0392293173193355
-30.75,124.0,0.0407552332329076
-30.75,124.25,0.039178217309970585
-30.75,124.5,0.032118126781036455
-30.75,124.75,0.024146199607778165
-30.75,125.0,0.020691245563683056
-30.75,125.25,0.018549088929735478
-30.75,125.5,0.01732416343653486
-30.75,125.75,0.014848348418516772
-30.75,126.0,0.014258551380286614
-30.75,126.25,0.014710160735107603
-30.75,126.5,0.012312173328938938
-30.75,126.75,0.010521100516918869
-30.75,127.0,0.014590924712164062
-30.75,127.25,0.01605832467875665
-30.75,127.5,0.01887100525200367
-30.75,127.75,0.022502729278944787
-30.75,128.0,0.027640135550782794
-30.75,128.25,0.03271710933186114
-30.75,128.5,0.036388105100819045
-30.75,128.75,0.04083193563579005
-30.75,129.0,0.045968274106936796
-30.75,129.25,0.052347388499904245
-30.75,129.5,0.053840976314885276
-30.75,129.75,0.05817338912526057
-30.75,130.0,0.06396174291924885
-30.75,130.25,0.06790346881995599
-30.75,130.5,0.07178393714116066
-30.75,130.75,0.07526792478747665
-30.75,131.0,0.0805355055767688
-30.75,131.25,0.08523126528930984
-30.75,131.5,0.08656492946181624
-30.75,131.75,0.08306837811112582
-30.75,132.0,0.08487641757445609
-30.75,132.25,0.09277664806605095
-30.75,132.5,0.11121414421747128
-30.75,132.75,0.13343963159603023
-30.75,133.0,0.15418235342727885
-30.75,133.25,0.16948601717283185
-30.75,133.5,0.17841085665637538
-30.75,133.75,0.18474163918179415
-30.75,134.0,0.1957596143574587
-30.75,134.25,0.20413525878850902
-30.75,134.5,0.21412827583539876
-30.75,134.75,0.22429875540768818
-30.75,135.0,0.23638640337234218
-30.75,135.25,0.24793784892230872
-30.75,135.5,0.25786366300834784
-30.75,135.75,0.26505752282793676
-30.75,136.0,0.26986883346870033
-30.75,136.25,0.26584211117809725
-30.75,136.5,0.256441438659316
-30.75,136.75,0.2481326903615679
-30.75,137.0,0.24441361264103934
-30.75,137.25,0.24628040601632425
-30.75,137.5,0.24026378792311465
-30.75,137.75,0.24186632894866522
-30.75,138.0,0.24366468557467064
-30.75,138.25,0.22542777513819082
-30.75,138.5,0.2014665504695759
-30.75,138.75,0.2574383226178941
-30.75,139.0,0.30984819270226927
-30.75,139.25,0.30409807613385575
-30.75,139.5,0.25445796864140513
-30.75,139.75,0.2373746187559196
-30.75,140.0,0.2286068768595301
-30.75,140.25,0.21173395059692363
-30.75,140.5,0.20308232496026904
-30.75,140.75,0.20473243409457306
-30.75,141.0,0.19724851596124826
-30.75,141.25,0.18372574066632383
-30.75,141.5,0.16931598393601321
-30.75,141.75,0.16387066455735338
-30.75,142.0,0.17407840082554946
-30.75,142.25,0.17666758225532248
-30.75,142.5,0.1761293570511043
-30.75,142.75,0.17167169404703947
-30.75,143.0,0.17581423313489983
-30.75,143.25,0.18512961193032207
-30.75,143.5,0.1848091674946426
-30.75,143.75,0.17419666567196448
-30.75,144.0,0.16447396065507616
-30.75,144.25,0.16287174923788933
-30.75,144.5,0.1664439915374498
-30.75,144.75,0.16743363218958535
-30.75,145.0,0.1595027621863188
-30.75,145.25,0.14316248201011192
-30.75,145.5,0.13097244528166596
-30.75,145.75,0.12684085107009327
-30.75,146.0,0.12944774300392184
-30.75,146.25,0.13878402932037023
-30.75,146.5,0.1483982593924295
-30.75,146.75,0.1366072278924375
-30.75,147.0,0.11713501486589112
-30.75,147.25,0.1036750396935358
-30.75,147.5,0.11552434593350405
-30.75,147.75,0.11068448126260634
-30.75,148.0,0.09580713757701839
-30.75,148.25,0.08204551785629952
-30.75,148.5,0.07832592085358642
-30.75,148.75,0.08022180775712644
-30.75,149.0,0.0727680675064524
-30.75,149.25,0.06315441547000471
-30.75,149.5,0.0619428886029536
-30.75,149.75,0.06816411315369242
-30.75,150.0,0.09956097136628592
-30.75,150.25,0.13860287873810323
-30.75,150.5,0.15703982254933743
-30.75,150.75,0.1502344348944635
-30.75,151.0,0.13319305558467195
-30.75,151.25,0.134933989706804
-30.75,151.5,0.16713310913848026
-30.75,151.75,0.19033076885555472
-30.75,152.0,0.1788805919954376
-30.75,152.25,0.15319283585219334
-30.75,152.5,0.10951709571139266
-30.75,152.75,0.05615797927492254
-30.75,153.0,0.02934054008662878
-30.75,153.25,0.025315451546616498
-31.0,115.0,0.0253615751995572
-31.0,115.25,0.03440162578508967
-31.0,115.5,0.035699219175148754
-31.0,115.75,0.024303341133054344
-31.0,116.0,0.015259352911795889
-31.0,116.25,0.009144913564835275
-31.0,116.5,-0.000290646328635159
-31.0,116.75,-0.003109819530731156
-31.0,117.0,-0.003912162931547279
-31.0,117.25,-0.006009323952630872
-31.0,117.5,-0.007302466355308536
-31.0,117.75,-0.002516031376130524
-31.0,118.0,0.006348343988481377
-31.0,118.25,0.013068782369650546
-31.0,118.5,0.012557911846254552
-31.0,118.75,0.014838613410081183
-31.0,119.0,0.017964779575621443
-31.0,119.25,0.019784462241278517
-31.0,119.5,0.020083521328689086
-31.0,119.75,0.019667887457069898
-31.0,120.0,0.021211883860329787
-31.0,120.25,0.02125264895370319
-31.0,120.5,0.02530976618152289
-31.0,120.75,0.03356125809562703
-31.0,121.0,0.03685009592306977
-31.0,121.25,0.0260747678710946
-31.0,121.5,0.018915048283746554
-31.0,121.75,0.012283920394700198
-31.0,122.0,0.014384985885893304
-31.0,122.25,0.019558146751175325
-31.0,122.5,0.022320522680612548
-31.0,122.75,0.0244183648765708
-31.0,123.0,0.025828327179243344
-31.0,123.25,0.029775554047332013
-31.0,123.5,0.030473929164665087
-31.0,123.75,0.03129166351760172
-31.0,124.0,0.032741588898490936
-31.0,124.25,0.027885678859560618
-31.0,124.5,0.020176882755809596
-31.0,124.75,0.013344798188301778
-31.0,125.0,0.011518055815914911
-31.0,125.25,0.011979032532655679
-31.0,125.5,0.010339148088158773
-31.0,125.75,0.008646598035868789
-31.0,126.0,0.009441353265927838
-31.0,126.25,0.008303025757638915
-31.0,126.5,0.007893024514141004
-31.0,126.75,0.006316359423744004
-31.0,127.0,0.010013934223735262
-31.0,127.25,0.013862620937150148
-31.0,127.5,0.015495839626860937
-31.0,127.75,0.019474966593441508
-31.0,128.0,0.022863342462196238
-31.0,128.25,0.02730739704676948
-31.0,128.5,0.03305898690152736
-31.0,128.75,0.038423220010563024
-31.0,129.0,0.045030722412325086
-31.0,129.25,0.053094733708227676
-31.0,129.5,0.057169349273178904
-31.0,129.75,0.06110599893145263
-31.0,130.0,0.06719767574575686
-31.0,130.25,0.07298997289811572
-31.0,130.5,0.07920577476532864
-31.0,130.75,0.08193116043139959
-31.0,131.0,0.08552023462862486
-31.0,131.25,0.08767060862654553
-31.0,131.5,0.09194991327489593
-31.0,131.75,0.0945853004875105
-31.0,132.0,0.0983183519005598
-31.0,132.25,0.10560582881527288
-31.0,132.5,0.11493661272605615
-31.0,132.75,0.12864784614426927
-31.0,133.0,0.14833019234993983
-31.0,133.25,0.16135356707964094
-31.0,133.5,0.1707600174028249
-31.0,133.75,0.18257187283819631
-31.0,134.0,0.19669533768846165
-31.0,134.25,0.20887238541174502
-31.0,134.5,0.2193068505486562
-31.0,134.75,0.23111426819648062
-31.0,135.0,0.24642519581885564
-31.0,135.25,0.2556167766850974
-31.0,135.5,0.2662635817458587
-31.0,135.75,0.277544724861426
-31.0,136.0,0.2837636805117308
-31.0,136.25,0.27585984081739473
-31.0,136.5,0.26247662966183966
-31.0,136.75,0.2540297032555654
-31.0,137.0,0.2556639357891288
-31.0,137.25,0.2572832992921273
-31.0,137.5,0.24848262216290182
-31.0,137.75,0.24471726562561733
-31.0,138.0,0.24697167343862628
-31.0,138.25,0.22589812714473478
-31.0,138.5,0.21763099097491553
-31.0,138.75,0.2826933446473309
-31.0,139.0,0.3233239411775555
-31.0,139.25,0.2989225827600984
-31.0,139.5,0.2570068804585996
-31.0,139.75,0.24588489763832297
-31.0,140.0,0.22608051280202787
-31.0,140.25,0.21217555173484254
-31.0,140.5,0.20575502058712855
-31.0,140.75,0.20688401901240597
-31.0,141.0,0.20027985426353379
-31.0,141.25,0.18909096581628546
-31.0,141.5,0.18512228329754657
-31.0,141.75,0.1836628147290044
-31.0,142.0,0.19019425010219926
-31.0,142.25,0.20193567719487918
-31.0,142.5,0.2084007065809731
-31.0,142.75,0.2182073831913017
-31.0,143.0,0.2143900012553093
-31.0,143.25,0.21182268865716955
-31.0,143.5,0.20185836718994238
-31.0,143.75,0.19034987811097553
-31.0,144.0,0.18541476093897863
-31.0,144.25,0.18376071786596662
-31.0,144.5,0.1846756032778926
-31.0,144.75,0.17557986756298868
-31.0,145.0,0.16044653158131994
-31.0,145.25,0.15331833756284877
-31.0,145.5,0.15204824196795622
-31.0,145.75,0.14845606790234644
-31.0,146.0,0.14999482228331978
-31.0,146.25,0.15470759919290208
-31.0,146.5,0.15490867999781455
-31.0,146.75,0.14054155636556623
-31.0,147.0,0.12119391729079541
-31.0,147.25,0.11183519766865564
-31.0,147.5,0.11933885937711845
-31.0,147.75,0.11504315432227616
-31.0,148.0,0.10147952541176762
-31.0,148.25,0.08576216912451422
-31.0,148.5,0.07569783574214116
-31.0,148.75,0.06853662108048975
-31.0,149.0,0.06510989586538579
-31.0,149.25,0.07123102981575011
-31.0,149.5,0.08033400634788752
-31.0,149.75,0.07214749854590212
-31.0,150.0,0.06963919756845349
-31.0,150.25,0.10213873295301926
-31.0,150.5,0.13459969183729428
-31.0,150.75,0.14986758363388833
-31.0,151.0,0.13113146858688976
-31.0,151.25,0.13613044939092583
-31.0,151.5,0.1698560392683638
-31.0,151.75,0.18788728998707874
-31.0,152.0,0.17979332827297703
-31.0,152.25,0.15416502050966735
-31.0,152.5,0.11273713347369006
-31.0,152.75,0.04920811056869016
-31.0,153.0,0.037095858987664716
-31.0,153.25,0.02998308584293617
-31.25,115.25,0.02923561313322612
-31.25,115.5,0.03639023445901417
-31.25,115.75,0.029933382898923895
-31.25,116.0,0.019514174757170537
-31.25,116.25,0.013128259079530835
-31.25,116.5,0.004500887046257655
-31.25,116.75,-0.0020475384867971852
-31.25,117.0,-0.004392176245649655
-31.25,117.25,-0.00501955537169817
-31.25,117.5,-0.005274388016689392
-31.25,117.75,-0.0010044159190285775
-31.25,118.0,0.007187816174700856
-31.25,118.25,0.010380205308320001
-31.25,118.5,0.012886865372725187
-31.25,118.75,0.012715864822357183
-31.25,119.0,0.01402797145059421
-31.25,119.25,0.01769928741490557
-31.25,119.5,0.019595723279884885
-31.25,119.75,0.0204815129372513
-31.25,120.0,0.019620072775121247
-31.25,120.25,0.0169909452842105
-31.25,120.5,0.020215582154092512
-31.25,120.75,0.022978979659577212
-31.25,121.0,0.029764743255717412
-31.25,121.25,0.028678005343923965
-31.25,121.5,0.016037700381795212
-31.25,121.75,0.012765931538749664
-31.25,122.0,0.009901191994902633
-31.25,122.25,0.016627705410965497
-31.25,122.5,0.02177172735156048
-31.25,122.75,0.02400627850909673
-31.25,123.0,0.028614231522771573
-31.25,123.25,0.030351594072722254
-31.25,123.5,0.028154598642694987
-31.25,123.75,0.026467022782612946
-31.25,124.0,0.02063821462493035
-31.25,124.25,0.017012866845886623
-31.25,124.5,0.005837329282838341
-31.25,124.75,0.0008913774209629213
-31.25,125.0,0.0024917210097469035
-31.25,125.25,0.002453293533818353
-31.25,125.5,0.0033797850009120466
-31.25,125.75,0.0028163505177612284
-31.25,126.0,0.003208970329502509
-31.25,126.25,0.005000267834180877
-31.25,126.5,0.005157188604408431
-31.25,126.75,0.0060368351067327675
-31.25,127.0,0.009374956720663855
-31.25,127.25,0.013172461107994119
-31.25,127.5,0.01574829501720766
-31.25,127.75,0.018738267364512597
-31.25,128.0,0.021174226508204205
-31.25,128.25,0.026488527624557414
-31.25,128.5,0.03449132003422294
-31.25,128.75,0.04124065519620975
-31.25,129.0,0.05091192260428908
-31.25,129.25,0.056454799620301595
-31.25,129.5,0.06124277109102834
-31.25,129.75,0.06605656706101616
-31.25,130.0,0.0714741454282332
-31.25,130.25,0.0802833912716735
-31.25,130.5,0.09046490351181655
-31.25,130.75,0.0952252975798079
-31.25,131.0,0.09695847502998298
-31.25,131.25,0.09886227459203274
-31.25,131.5,0.10011107769484322
-31.25,131.75,0.10929461486992381
-31.25,132.0,0.11362569510182809
-31.25,132.25,0.1156414905319079
-31.25,132.5,0.11748982973707219
-31.25,132.75,0.12555088145392282
-31.25,133.0,0.14531945689536985
-31.25,133.25,0.15868775875673496
-31.25,133.5,0.16581790139566044
-31.25,133.75,0.17714803994333903
-31.25,134.0,0.1914084985660988
-31.25,134.25,0.20685506427765912
-31.25,134.5,0.22209551556124574
-31.25,134.75,0.23890391215238543
-31.25,135.0,0.25303247011976226
-31.25,135.25,0.26248229240909926
-31.25,135.5,0.27490630261045657
-31.25,135.75,0.2837360610121063
-31.25,136.0,0.29277884379650154
-31.25,136.25,0.293836377028908
-31.25,136.5,0.28160827824225027
-31.25,136.75,0.27692431749864704
-31.25,137.0,0.27695589524117253
-31.25,137.25,0.2712064103844265
-31.25,137.5,0.2660265066971382
-31.25,137.75,0.25806517762885917
-31.25,138.0,0.25440980916020983
-31.25,138.25,0.23118487054459927
-31.25,138.5,0.23070061129207411
-31.25,138.75,0.2902727194086072
-31.25,139.0,0.3181369735903683
-31.25,139.25,0.2820470217681889
-31.25,139.5,0.24674444955418862
-31.25,139.75,0.2305290674081161
-31.25,140.0,0.21632724023268868
-31.25,140.25,0.20125983569859748
-31.25,140.5,0.2025943430711604
-31.25,140.75,0.20769463599703852
-31.25,141.0,0.20143345932370893
-31.25,141.25,0.20359041880638826
-31.25,141.5,0.20477549896043326
-31.25,141.75,0.2115511963276991
-31.25,142.0,0.21413723743919816
-31.25,142.25,0.22833704316012915
-31.25,142.5,0.24506700338263596
-31.25,142.75,0.25278811912673216
-31.25,143.0,0.2434644647607846
-31.25,143.25,0.22717850503201287
-31.25,143.5,0.21641701402231342
-31.25,143.75,0.20546280944365122
-31.25,144.0,0.20341777169489347
-31.25,144.25,0.1984296159181256
-31.25,144.5,0.1921809397504798
-31.25,144.75,0.18105867732360603
-31.25,145.0,0.17762022157465773
-31.25,145.25,0.18332012563533637
-31.25,145.5,0.18076048066529135
-31.25,145.75,0.17519562451412812
-31.25,146.0,0.17330577789384516
-31.25,146.25,0.17448915112583477
-31.25,146.5,0.1680852491563807
-31.25,146.75,0.15329678621852683
-31.25,147.0,0.1363801880650932
-31.25,147.25,0.12461902241311258
-31.25,147.5,0.12462631027835111
-31.25,147.75,0.12331124043114305
-31.25,148.0,0.10954427986206221
-31.25,148.25,0.09458039910976021
-31.25,148.5,0.08300959898735441
-31.25,148.75,0.0800501005891766
-31.25,149.0,0.09963878243274632
-31.25,149.25,0.11238912264151232
-31.25,149.5,0.11085716577557227
-31.25,149.75,0.08541612382645586
-31.25,150.0,0.07390952969823654
-31.25,150.25,0.06700377392227806
-31.25,150.5,0.09877793188026684
-31.25,150.75,0.12700283230681506
-31.25,151.0,0.143509661494976
-31.25,151.25,0.1639899610408715
-31.25,151.5,0.20801767156947226
-31.25,151.75,0.21382528110629037
-31.25,152.0,0.18480401663553148
-31.25,152.25,0.1257836792285421
-31.25,152.5,0.0685227309281583
-31.25,152.75,0.016205758225571895
-31.25,153.0,0.01616813073910418
-31.25,153.25,0.026962367376490007
-31.5,115.5,0.03544729300331147
-31.5,115.75,0.03416251993427674
-31.5,116.0,0.023815861770084927
-31.5,116.25,0.015792429675569847
-31.5,116.5,0.009057997269112439
-31.5,116.75,-0.0038020847431783165
-31.5,117.0,-0.006136190457757385
-31.5,117.25,-0.00610906955830398
-31.5,117.5,-0.004147012948635079
-31.5,117.75,9.739436209201812e-05
-31.5,118.0,0.003434003179981595
-31.5,118.25,0.009216367803691398
-31.5,118.5,0.013131375743874482
-31.5,118.75,0.01554013892032561
-31.5,119.0,0.01747336761937255
-31.5,119.25,0.021931174769997598
-31.5,119.5,0.025984384469310975
-31.5,119.75,0.02217290809466725
-31.5,120.0,0.01849849441399177
-31.5,120.25,0.017737341973753203
-31.5,120.5,0.01658593157661103
-31.5,120.75,0.02376915678337571
-31.5,121.0,0.030584247268381572
-31.5,121.25,0.03587928351092463
-31.5,121.5,0.026193107262120714
-31.5,121.75,0.012988650315674023
-31.5,122.0,0.01277012364229276
-31.5,122.25,0.01670854707647647
-31.5,122.5,0.018939626323325295
-31.5,122.75,0.024858246087318375
-31.5,123.0,0.02840089359365049
-31.5,123.25,0.03268555008357258
-31.5,123.5,0.026930549367292164
-31.5,123.75,0.01719900582240717
-31.5,124.0,0.014158538294335206
-31.5,124.25,0.004375689108634279
-31.5,124.5,-0.003358482046141511
-31.5,124.75,-0.005205449049494096
-31.5,125.0,-0.0048093141882591655
-31.5,125.25,-0.0009881849001560892
-31.5,125.5,-0.0014524493543874649
-31.5,125.75,-0.0005702439382384043
-31.5,126.0,0.0008696851176431492
-31.5,126.25,0.0030168845007816953
-31.5,126.5,0.0051930552570238
-31.5,126.75,0.00757686694906581
-31.5,127.0,0.01140943322818549
-31.5,127.25,0.015937782152988283
-31.5,127.5,0.02066337609042724
-31.5,127.75,0.023973415202150742
-31.5,128.0,0.02592149460023003
-31.5,128.25,0.03149232410249256
-31.5,128.5,0.03959083000552796
-31.5,128.75,0.05256410752023969
-31.5,129.0,0.06219585350315485
-31.5,129.25,0.06870623850041911
-31.5,129.5,0.0717684330352183
-31.5,129.75,0.0763137290808594
-31.5,130.0,0.07978534663007372
-31.5,130.25,0.08821852296546456
-31.5,130.5,0.10023575075680301
-31.5,130.75,0.11385118336017643
-31.5,131.0,0.12015848608293925
-31.5,131.25,0.12325674739910202
-31.5,131.5,0.12150108451023697
-31.5,131.75,0.1287719842977822
-31.5,132.0,0.13096396211712133
-31.5,132.25,0.13146319268271328
-31.5,132.5,0.12549195008219352
-31.5,132.75,0.12657356448915033
-31.5,133.0,0.14351176242510388
-31.5,133.25,0.15436506781483159
-31.5,133.5,0.16395097906213432
-31.5,133.75,0.18021094545810706
-31.5,134.0,0.18966981859190302
-31.5,134.25,0.20675250647944354
-31.5,134.5,0.22144344381300643
-31.5,134.75,0.24093470473197245
-31.5,135.0,0.25753949907818985
-31.5,135.25,0.26571175614815384
-31.5,135.5,0.2781465302942143
-31.5,135.75,0.28592066598634813
-31.5,136.0,0.2935625640276287
-31.5,136.25,0.30084881703812805
-31.5,136.5,0.3045715621395391
-31.5,136.75,0.2968687387316355
-31.5,137.0,0.28541725012695507
-31.5,137.25,0.2750515261310197
-31.5,137.5,0.27213429914610016
-31.5,137.75,0.2637201697504636
-31.5,138.0,0.258745378938814
-31.5,138.25,0.2349520620978659
-31.5,138.5,0.2653390318798345
-31.5,138.75,0.3120862994254345
-31.5,139.0,0.3052666857589169
-31.5,139.25,0.2626969390814858
-31.5,139.5,0.229866164319572
-31.5,139.75,0.21639862808931087
-31.5,140.0,0.19912895065998393
-31.5,140.25,0.19516922963029218
-31.5,140.5,0.19617632407739405
-31.5,140.75,0.2017914427710431
-31.5,141.0,0.2036711318346317
-31.5,141.25,0.20387098134184878
-31.5,141.5,0.234817285188252
-31.5,141.75,0.24745765257643404
-31.5,142.0,0.2470290479161555
-31.5,142.25,0.25630211144064863
-31.5,142.5,0.27250496061252694
-31.5,142.75,0.27209009543183216
-31.5,143.0,0.25815417495517373
-31.5,143.25,0.24429962191109855
-31.5,143.5,0.22916282583748745
-31.5,143.75,0.21928673852013336
-31.5,144.0,0.21519993347825395
-31.5,144.25,0.20700900265725242
-31.5,144.5,0.1995060455630578
-31.5,144.75,0.20143899298051282
-31.5,145.0,0.2007056110316799
-31.5,145.25,0.20763923423808245
-31.5,145.5,0.20204347875634474
-31.5,145.75,0.19445763169832866
-31.5,146.0,0.19064106105250261
-31.5,146.25,0.19360059700196697
-31.5,146.5,0.18463639952242375
-31.5,146.75,0.167082964369495
-31.5,147.0,0.14893080540267484
-31.5,147.25,0.13491948500852144
-31.5,147.5,0.13091857787277106
-31.5,147.75,0.12807622804705585
-31.5,148.0,0.12054707045844268
-31.5,148.25,0.10408767124726659
-31.5,148.5,0.10110014781211725
-31.5,148.75,0.11141020869836211
-31.5,149.0,0.13304410402530006
-31.5,149.25,0.14680178914041747
-31.5,149.5,0.14113585711096502
-31.5,149.75,0.10875037501654809
-31.5,150.0,0.08984193679144872
-31.5,150.25,0.07500884376488448
-31.5,150.5,0.08919537787857865
-31.5,150.75,0.12935884025923552
-31.5,151.0,0.17485268716021285
-31.5,151.25,0.21259100717558924
-31.5,151.5,0.2305942547773676
-31.5,151.75,0.21789114077775074
-31.5,152.0,0.18209971672899666
-31.5,152.25,0.11554272010689601
-31.5,152.5,0.04426084304549953
-31.5,152.75,0.003931161728022354
-31.5,153.0,0.012173212306307895
-31.75,115.5,0.03208315928599664
-31.75,115.75,0.033646112972027846
-31.75,116.0,0.02443238887048903
-31.75,116.25,0.01894597999025358
-31.75,116.5,0.011492736127582334
-31.75,116.75,-0.003994536147053753
-31.75,117.0,-0.008051375671112467
-31.75,117.25,-0.007254008651666698
-31.75,117.5,-0.006035042997627031
-31.75,117.75,-0.0015368921061356862
-31.75,118.0,0.0019359588889139038
-31.75,118.25,0.00751239617044727
-31.75,118.5,0.014775215670289029
-31.75,118.75,0.019766481263962174
-31.75,119.0,0.022636098179611423
-31.75,119.25,0.029174317933973813
-31.75,119.5,0.031234731977539402
-31.75,119.75,0.030125248866776626
-31.75,120.0,0.020644310400599525
-31.75,120.25,0.022546714535426525
-31.75,120.5,0.024596593120423633
-31.75,120.75,0.02681852670031644
-31.75,121.0,0.03513460501590522
-31.75,121.25,0.03898374608363069
-31.75,121.5,0.034022413839453036
-31.75,121.75,0.023989607887952367
-31.75,122.0,0.013033514378947161
-31.75,122.25,0.017017976857633108
-31.75,122.5,0.018800893456985553
-31.75,122.75,0.021190598697700937
-31.75,123.0,0.02825449336142767
-31.75,123.25,0.03227809122624985
-31.75,123.5,0.027277351351222022
-31.75,123.75,0.018519392647292642
-31.75,124.0,0.006704825162887573
-31.75,124.25,0.0009729061453115373
-31.75,124.5,-0.008291188578697897
-31.75,124.75,-0.008414158257212312
-31.75,125.0,-0.005022134725004434
-31.75,125.25,-0.005010782874056271
-31.75,125.5,-0.0024010345183168758
-31.75,125.75,-0.0007564835915608066
-31.75,126.0,0.0035657124882120463
-31.75,126.25,0.007540050982719376
-31.75,126.5,0.00994756130246623
-31.75,126.75,0.014966081787965128
-31.75,127.0,0.021598595460610732
-31.75,127.25,0.02791709453310995
-31.75,127.5,0.03423391674379153
-31.75,127.75,0.03909286126006572
-31.75,128.0,0.04111625815165185
-31.75,128.25,0.046718874325354896
-31.75,128.5,0.05283678122574375
-31.75,128.75,0.06252673684087183
-31.75,129.0,0.07365623251313255
-31.75,129.25,0.08299752446113243
-31.75,129.5,0.08560629149654969
-31.75,129.75,0.08602348903715167
-31.75,130.0,0.0859551343601197
-31.75,130.25,0.09194508031054976
-31.75,130.5,0.10302489830979279
-31.75,130.75,0.1147269593108268
-31.75,131.0,0.12194527783652856
-31.75,131.25,0.12625773094505782
-31.75,131.5,0.12988356471261275
-31.75,131.75,0.14133933347960312
-31.75,132.0,0.14979575289679425
-31.75,132.25,0.15663861743496021
-31.75,132.5,0.15324912502297333
-31.75,132.75,0.1486810612536612
-31.75,133.0,0.15103446414605493
-31.75,133.25,0.1618958134115452
-31.75,133.5,0.1744014533436192
-31.75,133.75,0.1911626810518404
-31.75,134.0,0.20114464142271096
-31.75,134.25,0.2074702646943652
-31.75,134.5,0.22397567260417245
-31.75,134.75,0.23465548888697021
-31.75,135.0,0.25442573416401587
-31.75,135.25,0.2673693172641963
-31.75,135.5,0.27943111347295124
-31.75,135.75,0.2912076267990328
-31.75,136.0,0.2984383191528087
-31.75,136.25,0.310109385544534
-31.75,136.5,0.31034044427471513
-31.75,136.75,0.29856199430346136
-31.75,137.0,0.28018112615016955
-31.75,137.25,0.2720861379057169
-31.75,137.5,0.27225856702952156
-31.75,137.75,0.26124534042818204
-31.75,138.0,0.2548275242138299
-31.75,138.25,0.23160367503850943
-31.75,138.5,0.2727575297378713
-31.75,138.75,0.32918141119049066
-31.75,139.0,0.318241301795379
-31.75,139.25,0.26458088426540294
-31.75,139.5,0.22368990444977369
-31.75,139.75,0.20713308956474066
-31.75,140.0,0.19830726094854376
-31.75,140.25,0.19232140417457447
-31.75,140.5,0.19601314942396822
-31.75,140.75,0.20089963063420285
-31.75,141.0,0.2053931279595764
-31.75,141.25,0.2417798092699654
-31.75,141.5,0.27113317105076495
-31.75,141.75,0.2895927994201581
-31.75,142.0,0.2836251335135395
-31.75,142.25,0.29236161991000353
-31.75,142.5,0.2893710071420563
-31.75,142.75,0.2878497614436561
-31.75,143.0,0.27131017836786453
-31.75,143.25,0.25683856850401277
-31.75,143.5,0.24437473731758516
-31.75,143.75,0.2325216468046641
-31.75,144.0,0.22576332389670867
-31.75,144.25,0.2189889620546074
-31.75,144.5,0.2206422392622612
-31.75,144.75,0.2221152495814576
-31.75,145.0,0.2208781147054175
-31.75,145.25,0.22042236747719082
-31.75,145.5,0.21347226798257213
-31.75,145.75,0.2083009547199167
-31.75,146.0,0.20235248479903453
-31.75,146.25,0.20757229069048272
-31.75,146.5,0.1993201123661406
-31.75,146.75,0.179077562102161
-31.75,147.0,0.1576543668218489
-31.75,147.25,0.1426857041195035
-31.75,147.5,0.1385809836158019
-31.75,147.75,0.13592258763632603
-31.75,148.0,0.1254466738352286
-31.75,148.25,0.12082770657503888
-31.75,148.5,0.11613602074572728
-31.75,148.75,0.12783469338679598
-31.75,149.0,0.141702171060301
-31.75,149.25,0.15472297292380105
-31.75,149.5,0.15265317430631037
-31.75,149.75,0.13389989363439825
-31.75,150.0,0.12455060388227658
-31.75,150.25,0.11422238336831686
-31.75,150.5,0.12481873662209615
-31.75,150.75,0.16400208057214816
-31.75,151.0,0.21480273096600458
-31.75,151.25,0.23706974553033
-31.75,151.5,0.21844819315343297
-31.75,151.75,0.19969588030085322
-31.75,152.0,0.1625832480833023
-31.75,152.25,0.1220435453334912
-31.75,152.5,0.0530559771479429
-31.75,152.75,0.02323699738009877
-31.75,153.0,0.021804384785216478
-32.0,115.5,0.029228909739426205
-32.0,115.75,0.026925898777941864
-32.0,116.0,0.024283161910162086
-32.0,116.25,0.01728296575269529
-32.0,116.5,0.012516258522269449
-32.0,116.75,-0.002662883038144736
-32.0,117.0,-0.007302298067536737
-32.0,117.25,-0.007662772810796187
-32.0,117.5,-0.00547494205335776
-32.0,117.75,-0.0027346673377213024
-32.0,118.0,0.0004417633282996359
-32.0,118.25,0.008091844520753339
-32.0,118.5,0.012543622673062298
-32.0,118.75,0.020764932821371724
-32.0,119.0,0.025466435530688614
-32.0,119.25,0.033648858605773144
-32.0,119.5,0.03836150107284387
-32.0,119.75,0.039371463105392954
-32.0,120.0,0.031044886779965877
-32.0,120.25,0.03483745763854434
-32.0,120.5,0.03302139681542204
-32.0,120.75,0.037376587924968806
-32.0,121.0,0.034416685884241904
-32.0,121.25,0.03421511635117765
-32.0,121.5,0.034217279082596565
-32.0,121.75,0.025451432534360458
-32.0,122.0,0.017933389953187932
-32.0,122.25,0.017980480792799167
-32.0,122.5,0.019419714123276727
-32.0,122.75,0.024701319976399343
-32.0,123.0,0.02877642517019662
-32.0,123.25,0.035689435328822586
-32.0,123.5,0.02855185711509659
-32.0,123.75,0.016863318055956845
-32.0,124.0,0.009174281143627706
-32.0,124.25,-0.0023329142214996474
-32.0,124.5,-0.009227964244339438
-32.0,124.75,-0.00846298991902066
-32.0,125.0,-0.005179825824840615
-32.0,125.25,-0.0014780875428446701
-32.0,125.5,0.00256549504896005
-32.0,125.75,0.007219377683386916
-32.0,126.0,0.013748693841851144
-32.0,126.25,0.020584695114355
-32.0,126.5,0.024660668266005815
-32.0,126.75,0.0288322832723636
-32.0,127.0,0.0383277703010078
-32.0,127.25,0.04619749061585892
-32.0,127.5,0.0513815558221679
-32.0,127.75,0.056852226739283654
-32.0,128.0,0.061981463532096576
-32.0,128.25,0.06700748168819007
-32.0,128.5,0.06742698477492445
-32.0,128.75,0.06877954012403885
-32.0,129.0,0.0760007327982402
-32.0,129.25,0.08414983335838076
-32.0,131.75,0.14561641673069625
-32.0,132.0,0.1585353778644709
-32.0,132.25,0.17259844215697653
-32.0,132.5,0.18104726009492186
-32.0,132.75,0.178594421901341
-32.0,133.0,0.18021155238439818
-32.0,133.25,0.18976454189756797
-32.0,133.5,0.2017756703603525
-32.0,133.75,0.21042315123070562
-32.0,134.0,0.21186992772743993
-32.0,134.25,0.2209482624077888
-32.0,134.5,0.21822063329496555
-32.0,134.75,0.22671676297350565
-32.0,135.0,0.24438347924456355
-32.0,135.25,0.2669873765470194
-32.0,135.5,0.2855992479527014
-32.0,135.75,0.30162947733097967
-32.0,136.0,0.3076705325904879
-32.0,136.25,0.3142929786816239
-32.0,136.5,0.3028661623907586
-32.0,136.75,0.2817012367437461
-32.0,137.0,0.2714684235652731
-32.0,137.25,0.27002373412251474
-32.0,137.5,0.26679773788367
-32.0,137.75,0.2767929885713827
-32.0,138.0,0.2742872997941006
-32.0,138.25,0.2673713581058456
-32.0,138.5,0.28778791655121105
-32.0,138.75,0.3490169748708251
-32.0,139.0,0.34223794975828026
-32.0,139.25,0.29147840156441646
-32.0,139.5,0.23369751718072665
-32.0,139.75,0.21330761698606823
-32.0,140.0,0.2051524017405297
-32.0,140.25,0.21892376283094997
-32.0,140.5,0.22123944868688428
-32.0,140.75,0.2265354663954072
-32.0,141.0,0.2499310543228473
-32.0,141.25,0.2842397343544733
-32.0,141.5,0.3133613944397352
-32.0,141.75,0.32476534894778436
-32.0,142.0,0.318412397107819
-32.0,142.25,0.3116034223720254
-32.0,142.5,0.30925688139589813
-32.0,142.75,0.29965785486357555
-32.0,143.0,0.28178089408292656
-32.0,143.25,0.2685576426486174
-32.0,143.5,0.2602763288188726
-32.0,143.75,0.25051521729411824
-32.0,144.0,0.24093663450108752
-32.0,144.25,0.24011410927577387
-32.0,144.5,0.24199301819095298
-32.0,144.75,0.2407494860191253
-32.0,145.0,0.23842304690430563
-32.0,145.25,0.23050588587121595
-32.0,145.5,0.22342826865081275
-32.0,145.75,0.21727935268454962
-32.0,146.0,0.21600212704478985
-32.0,146.25,0.21997401884208168
-32.0,146.5,0.21260371153087665
-32.0,146.75,0.18966354391970006
-32.0,147.0,0.1661445231309959
-32.0,147.25,0.15306300023858924
-32.0,147.5,0.14915682412683964
-32.0,147.75,0.14514658091287683
-32.0,148.0,0.137872792977751
-32.0,148.25,0.12953150311839723
-32.0,148.5,0.12662874425628357
-32.0,148.75,0.132892228108609
-32.0,149.0,0.14052558485196814
-32.0,149.25,0.1395328650384077
-32.0,149.5,0.1353408183192923
-32.0,149.75,0.14947931547926385
-32.0,150.0,0.16321470047391595
-32.0,150.25,0.16110683458280706
-32.0,150.5,0.16066257046054705
-32.0,150.75,0.19147980425484656
-32.0,151.0,0.23015171569062487
-32.0,151.25,0.2383380491020424
-32.0,151.5,0.21432533255844777
-32.0,151.75,0.16878463051814055
-32.0,152.0,0.131311718679388
-32.0,152.25,0.10577793338203005
-32.0,152.5,0.070388650401063
-32.0,152.75,0.040696770050063995
-32.25,115.5,0.027128832942495743
-32.25,115.75,0.021752740518145616
-32.25,116.0,0.01708078615899597
-32.25,116.25,0.017399775622678654
-32.25,116.5,0.014823858203626947
-32.25,116.75,0.0015059195281494232
-32.25,117.0,-0.0037475791183255967
-32.25,117.25,-0.004363541220248277
-32.25,117.5,-0.004018044060960944
-32.25,117.75,-6.617666443898564e-05
-32.25,118.0,0.003092288425458329
-32.25,118.25,0.007749838501747166
-32.25,118.5,0.013865040267063748
-32.25,118.75,0.017853913460636424
-32.25,119.0,0.02345959709380709
-32.25,119.25,0.03549778217094995
-32.25,119.5,0.04372895110365269
-32.25,119.75,0.04919648968969428
-32.25,120.0,0.04955483183397778
-32.25,120.25,0.04616207046492491
-32.25,120.5,0.04342584443456005
-32.25,120.75,0.03733196043550768
-32.25,121.0,0.03462523451474096
-32.25,121.25,0.032816415530673805
-32.25,121.5,0.0314464961645648
-32.25,121.75,0.027123460029473617
-32.25,122.0,0.020633409008760716
-32.25,122.25,0.024729710879979567
-32.25,122.5,0.03060136834780375
-32.25,122.75,0.03357635316483322
-32.25,123.0,0.03946976187927205
-32.25,123.25,0.037070073624185865
-32.25,123.5,0.02751259339468864
-32.25,123.75,0.01727298751162986
-32.25,124.0,0.006339622916476358
-32.25,124.25,-0.0011859866762755527
-32.25,124.5,-0.007182831749586122
-32.25,124.75,-0.004455525020551119
-32.25,125.0,0.002650386771364581
-32.25,125.25,0.008867256130490985
-32.25,125.5,0.01623790897539861
-32.25,125.75,0.021582213324394875
-32.25,126.0,0.031113467219152622
-32.25,126.25,0.039542644235882024
-32.25,126.5,0.04732983252366207
-32.25,126.75,0.05133380126374375
-32.25,127.0,0.06028850104415878
-32.25,127.25,0.06389165034703356
-32.25,127.5,0.06504046397084104
-32.25,127.75,0.06516495284823967
-32.25,128.0,0.06956867532765804
-32.25,128.25,0.07503578612093059
-32.25,132.25,0.1725819497058789
-32.25,132.5,0.18442476556215082
-32.25,132.75,0.18784479491767428
-32.25,133.0,0.1927759035401756
-32.25,133.25,0.20207793326671458
-32.25,133.5,0.21176990702127416
-32.25,133.75,0.22154033917502688
-32.25,134.0,0.22340469779003233
-32.25,134.25,0.21933114359243994
-32.25,134.5,0.21886770331655583
-32.25,134.75,0.218223264445329
-32.25,135.0,0.22790476810187102
-32.25,135.25,0.25856995784367126
-32.25,135.5,0.2927581408105436
-32.25,135.75,0.3137864748215569
-32.25,136.0,0.3112116814191852
-32.25,136.25,0.30594657253296603
-32.25,136.5,0.2847949459572278
-32.25,136.75,0.27709496723532323
-32.25,137.0,0.27172893581557134
-32.25,137.25,0.27276896186882543
-32.25,137.5,0.2638113528523328
-32.25,137.75,0.2801757358546768
-32.25,138.0,0.3177669534193618
-32.25,138.25,0.33444763202486294
-32.25,138.5,0.34638416054325977
-32.25,138.75,0.3612701052544816
-32.25,139.0,0.3575816085029926
-32.25,139.25,0.3199413516785994
-32.25,139.5,0.25677292431660353
-32.25,139.75,0.24061269782306183
-32.25,140.0,0.26639811174855343
-32.25,140.25,0.27945488846550387
-32.25,140.5,0.28225956880709246
-32.25,140.75,0.28860237162471525
-32.25,141.0,0.31203482450440617
-32.25,141.25,0.32831525063042394
-32.25,141.5,0.34694971742019765
-32.25,141.75,0.34454120179483044
-32.25,142.0,0.3379833044961006
-32.25,142.25,0.3302159382739947
-32.25,142.5,0.31972789131770174
-32.25,142.75,0.30845123121869705
-32.25,143.0,0.2893002954001228
-32.25,143.25,0.27909271966311194
-32.25,143.5,0.2730735127924986
-32.25,143.75,0.268281864476878
-32.25,144.0,0.26075701957258085
-32.25,144.25,0.26157020498178013
-32.25,144.5,0.259414243769078
-32.25,144.75,0.2562810922928509
-32.25,145.0,0.2490196944802024
-32.25,145.25,0.24017131278025253
-32.25,145.5,0.23446362823514003
-32.25,145.75,0.23499188865867576
-32.25,146.0,0.23376415598516662
-32.25,146.25,0.23362027262767135
-32.25,146.5,0.22887625931789876
-32.25,146.75,0.20791561613524598
-32.25,147.0,0.18458528682545183
-32.25,147.25,0.16981407397071877
-32.25,147.5,0.16419421535960976
-32.25,147.75,0.1564473823710744
-32.25,148.0,0.14808913539052895
-32.25,148.25,0.13888662049901626
-32.25,148.5,0.13555847013014413
-32.25,148.75,0.13567925510218456
-32.25,149.0,0.1273639263540861
-32.25,149.25,0.12593638461437964
-32.25,149.5,0.1375003558095722
-32.25,149.75,0.16388748040910633
-32.25,150.0,0.17270313052992736
-32.25,150.25,0.1670897562322872
-32.25,150.5,0.16656614699888797
-32.25,150.75,0.18902583811653867
-32.25,151.0,0.21887722955573172
-32.25,151.25,0.2237949980334157
-32.25,151.5,0.19586540943987313
-32.25,151.75,0.14416067068897453
-32.25,152.0,0.10689030491540463
-32.25,152.25,0.08835284668672276
-32.25,152.5,0.05855195810547143
-32.25,152.75,0.05157544832964916
-32.5,115.5,0.025335942669993356
-32.5,115.75,0.019157708312074345
-32.5,116.0,0.013301776948251895
-32.5,116.25,0.013995363036658437
-32.5,116.5,0.019530526810281335
-32.5,116.75,0.008584698462038345
-32.5,117.0,0.001637898948753164
-32.5,117.25,-0.0009560151668708949
-32.5,117.5,-0.001494227782157915
-32.5,117.75,0.004564313009558689
-32.5,118.0,0.009744027500883455
-32.5,118.25,0.013940473260091884
-32.5,118.5,0.016842714324593545
-32.5,118.75,0.020979359794762873
-32.5,119.0,0.025495160783507994
-32.5,119.25,0.030015400735040505
-32.5,119.5,0.04068368455849677
-32.5,119.75,0.05406630277423011
-32.5,120.0,0.06408568374130742
-32.5,120.25,0.056807208336180165
-32.5,120.5,0.04541051618649536
-32.5,120.75,0.039593940674829006
-32.5,121.0,0.041309161400533326
-32.5,121.25,0.04675351345046822
-32.5,121.5,0.046101697451584704
-32.5,121.75,0.03729117145551191
-32.5,122.0,0.032956539128818324
-32.5,122.25,0.03678722127252037
-32.5,122.5,0.04390999548514152
-32.5,122.75,0.0463242550380528
-32.5,123.0,0.043688975789007684
-32.5,123.25,0.03997251566144682
-32.5,123.5,0.02725909073238394
-32.5,123.75,0.014311146596446634
-32.5,124.0,0.006061351463930415
-32.5,124.25,0.0001764732679086072
-32.5,124.5,-0.00032387589148822287
-32.5,124.75,0.003976089314424566
-32.5,125.0,0.013427809978436147
-32.5,125.25,0.023920593753185435
-32.5,125.5,0.03107086544457291
-32.5,125.75,0.03588166452855581
-32.5,126.0,0.0439205352793492
-32.5,126.25,0.0506002451178141
-32.5,126.5,0.05783608697432404
-32.5,126.75,0.061991209342765315
-32.5,127.0,0.06836203800492166
-32.5,127.25,0.0700500660487229
-32.5,133.75,0.21515473264180834
-32.5,134.0,0.22289875830728784
-32.5,134.25,0.22211957667799045
-32.5,134.5,0.2145990851301966
-32.5,134.75,0.2172175701862822
-32.5,135.0,0.22333516012211996
-32.5,135.25,0.2487372553851899
-32.5,135.5,0.28476390423685577
-32.5,135.75,0.30862371100866726
-32.5,136.0,0.3064345025058304
-32.5,136.25,0.30070780622606563
-32.5,136.5,0.2991015960772832
-32.5,136.75,0.29600136351017725
-32.5,137.0,0.29360487278816955
-32.5,137.25,0.28793575053901543
-32.5,137.5,0.27782007651847035
-32.5,137.75,0.3081655454023608
-32.5,138.0,0.3418268010785271
-32.5,138.25,0.368772379324461
-32.5,138.5,0.38046016324577586
-32.5,138.75,0.3772731505955259
-32.5,139.0,0.3596556148292231
-32.5,139.25,0.3146502532508402
-32.5,139.5,0.2993013830678094
-32.5,139.75,0.32962632624077653
-32.5,140.0,0.3477797998647605
-32.5,140.25,0.35150157463725745
-32.5,140.5,0.34754335462514846
-32.5,140.75,0.34970603208168455
-32.5,141.0,0.35508656721296056
-32.5,141.25,0.36235433531082456
-32.5,141.5,0.3611083313650895
-32.5,141.75,0.35316558293554756
-32.5,142.0,0.34427670879023414
-32.5,142.25,0.3329611357323648
-32.5,142.5,0.3210031096690467
-32.5,142.75,0.3117188004535689
-32.5,143.0,0.29859261238237933
-32.5,143.25,0.2881275019608438
-32.5,143.5,0.2816312595071005
-32.5,143.75,0.27838871209616106
-32.5,144.0,0.27684503360873175
-32.5,144.25,0.2763570571584361
-32.5,144.5,0.2718098246536794
-32.5,144.75,0.263384751223826
-32.5,145.0,0.2549287422183191
-32.5,145.25,0.24771702802252202
-32.5,145.5,0.2509430269843766
-32.5,145.75,0.25287615191191437
-32.5,146.0,0.25292893657239063
-32.5,146.25,0.250831605434706
-32.5,146.5,0.24690370390280372
-32.5,146.75,0.23272756336123815
-32.5,147.0,0.21224055689360413
-32.5,147.25,0.19531283169496982
-32.5,147.5,0.18877043930946716
-32.5,147.75,0.177227328529781
-32.5,148.0,0.15823498075118378
-32.5,148.25,0.14665121963813102
-32.5,148.5,0.14257976137367742
-32.5,148.75,0.1426120457389126
-32.5,149.0,0.13457647920364424
-32.5,149.25,0.13472149399042663
-32.5,149.5,0.1489694366763745
-32.5,149.75,0.17541824960637661
-32.5,150.0,0.17416909167853495
-32.5,150.25,0.16719000869918438
-32.5,150.5,0.16824759593499558
-32.5,150.75,0.18695196359545835
-32.5,151.0,0.2120996656849803
-32.5,151.25,0.2015980936586857
-32.5,151.5,0.1775412978737482
-32.5,151.75,0.14580158368640003
-32.5,152.0,0.118879767441346
-32.5,152.25,0.08978308637049937
-32.5,152.5,0.06713100933092868
-32.75,115.5,0.027054154735413335
-32.75,115.75,0.017679864392128018
-32.75,116.0,0.011328872373061521
-32.75,116.25,0.013864214709472088
-32.75,116.5,0.01937730453819746
-32.75,116.75,0.009225718098293458
-32.75,117.0,0.007861766387664136
-32.75,117.25,0.008613262978559803
-32.75,117.5,0.009959628991782665
-32.75,117.75,0.012690611023988043
-32.75,118.0,0.016598814109429007
-32.75,118.25,0.01905408916112113
-32.75,118.5,0.021375739563345198
-32.75,118.75,0.024425794685452102
-32.75,119.0,0.030081554821559362
-32.75,119.25,0.03196976973586494
-32.75,119.5,0.03812470564485661
-32.75,119.75,0.050227431017195893
-32.75,120.0,0.06712511299355399
-32.75,120.25,0.06554146654283007
-32.75,120.5,0.05773236634143229
-32.75,120.75,0.05238884196026317
-32.75,121.0,0.056020403523663324
-32.75,121.25,0.05745383536088325
-32.75,121.5,0.052371228457472864
-32.75,121.75,0.043825853978688385
-32.75,122.0,0.03763921017345551
-32.75,122.25,0.04153018792248553
-32.75,122.5,0.05137606507965497
-32.75,122.75,0.052987698324224244
-32.75,123.0,0.049590689826124745
-32.75,123.25,0.041575284120682184
-32.75,123.5,0.029102225548454694
-32.75,123.75,0.018761981664491553
-32.75,124.0,0.009260627569719439
-32.75,124.25,0.004280244119997535
-32.75,124.5,0.006845261828441705
-32.75,124.75,0.01997831330601392
-32.75,125.0,0.030842600622036982
-32.75,125.25,0.038319042845008276
-32.75,125.5,0.042192900713000976
-32.75,125.75,0.045705357961733604
-32.75,134.0,0.2191969371888609
-32.75,134.25,0.2199866368612718
-32.75,134.5,0.21339337581635587
-32.75,134.75,0.2152731922144691
-32.75,135.0,0.23079051261412956
-32.75,135.25,0.24942798620655335
-32.75,135.5,0.2679415077093013
-32.75,135.75,0.2868921109874334
-32.75,136.0,0.2956666074149931
-32.75,136.25,0.3079428160102994
-32.75,136.5,0.3195476940356284
-32.75,136.75,0.3210624862639677
-32.75,137.0,0.3109502181455138
-32.75,137.25,0.304571667811667
-32.75,137.5,0.3068284169959259
-32.75,137.75,0.33215986788272855
-32.75,138.0,0.3595288346487602
-32.75,138.25,0.38718332086157586
-32.75,138.5,0.39534153579069037
-32.75,138.75,0.3872467019373462
-32.75,139.0,0.37336488673019974
-32.75,139.25,0.3600432257921923
-32.75,139.5,0.36789128523052483
-32.75,139.75,0.38251912773010277
-32.75,140.0,0.38745330239069603
-32.75,140.25,0.38606736575297657
-32.75,140.5,0.3799301062375196
-32.75,140.75,0.3751573782292239
-32.75,141.0,0.3723401047245023
-32.75,141.25,0.3688278948067732
-32.75,141.5,0.3624361161275634
-32.75,141.75,0.3525707503448107
-32.75,142.0,0.34384944210095064
-32.75,142.25,0.33237573902255724
-32.75,142.5,0.3240776869069253
-32.75,142.75,0.3175664801571873
-32.75,143.0,0.31173906726319167
-32.75,143.25,0.3030867007583202
-32.75,143.5,0.2956385340929652
-32.75,143.75,0.2924300976139507
-32.75,144.0,0.29392646550245227
-32.75,144.25,0.2894553070754877
-32.75,144.5,0.2798355195094787
-32.75,144.75,0.2708032890577756
-32.75,145.0,0.2645140023591618
-32.75,145.25,0.26359205524037993
-32.75,145.5,0.270652608360563
-32.75,145.75,0.2750587629243022
-32.75,146.0,0.2745310789387163
-32.75,146.25,0.2705468641860144
-32.75,146.5,0.2615198322394419
-32.75,146.75,0.25039728437328623
-32.75,147.0,0.2400771486024106
-32.75,147.25,0.23026659908216623
-32.75,147.5,0.22274318639455096
-32.75,147.75,0.20168959573243878
-32.75,148.0,0.18119745417054564
-32.75,148.25,0.16636776135502648
-32.75,148.5,0.16230573403161197
-32.75,148.75,0.15737965397891543
-32.75,149.0,0.15413065264056924
-32.75,149.25,0.1567040018027737
-32.75,149.5,0.17508648091128895
-32.75,149.75,0.2059649710806774
-32.75,150.0,0.20596009673816817
-32.75,150.25,0.20590333344326134
-32.75,150.5,0.2053618320574363
-32.75,150.75,0.2001320666034839
-32.75,151.0,0.1985943510567917
-32.75,151.25,0.1944356952394758
-32.75,151.5,0.17521787235690725
-32.75,151.75,0.147738147305236
-32.75,152.0,0.11284998065814199
-32.75,152.25,0.08388811464898199
-33.0,115.5,0.030727818211363184
-33.0,115.75,0.021113715987164706
-33.0,116.0,0.012716292055362526
-33.0,116.25,0.013999349352282782
-33.0,116.5,0.017831452918194587
-33.0,116.75,0.008132545182126619
-33.0,117.0,0.01095293650093178
-33.0,117.25,0.015522515920123884
-33.0,117.5,0.019631006910155218
-33.0,117.75,0.023256934514003142
-33.0,118.0,0.029181026707686086
-33.0,118.25,0.030179310811772234
-33.0,118.5,0.03006901926959732
-33.0,118.75,0.0317384719671238
-33.0,119.0,0.03915766031436977
-33.0,119.25,0.043300868070773074
-33.0,119.5,0.04704211332178342
-33.0,119.75,0.05367682662326843
-33.0,120.0,0.06681892035218577
-33.0,120.25,0.07329845701211266
-33.0,120.5,0.06836839352756562
-33.0,120.75,0.06237613179948225
-33.0,121.0,0.060628151935469804
-33.0,121.25,0.057539086487321624
-33.0,121.5,0.05681266011891975
-33.0,121.75,0.05363351255516699
-33.0,122.0,0.04929798230254424
-33.0,122.25,0.04696238111327624
-33.0,122.5,0.05118176622671031
-33.0,122.75,0.05403107260242992
-33.0,123.0,0.052373436680950576
-33.0,123.25,0.04463614611442955
-33.0,123.5,0.03449850094094429
-33.0,123.75,0.03461940972899486
-33.0,124.0,0.029146788056407656
-33.0,124.25,0.025149977753781493
-33.0,124.5,0.025521142415181247
-33.0,124.75,0.037546000748954526
-33.0,125.0,0.045545364962890744
-33.0,125.25,0.04934560546673657
-33.0,134.0,0.22000303209448854
-33.0,134.25,0.2234487937807682
-33.0,134.5,0.2266529721917496
-33.0,134.75,0.2385458476464486
-33.0,135.0,0.2483137218037709
-33.0,135.25,0.25963020138886006
-33.0,135.5,0.26536180820936955
-33.0,135.75,0.27016707345998536
-33.0,136.0,0.2760686877937544
-33.0,136.25,0.2968723148384708
-33.0,136.5,0.31950938246168553
-33.0,136.75,0.33084212423612674
-33.0,137.0,0.32801244846722555
-33.0,137.25,0.32734082918631474
-33.0,137.5,0.3257624529568212
-33.0,137.75,0.3436527353079457
-33.0,138.0,0.3651210218978425
-33.0,138.25,0.3839598719828895
-33.0,138.5,0.3922684164806491
-33.0,138.75,0.4066040282980317
-33.0,139.0,0.41479444801142173
-33.0,139.25,0.4116517659566073
-33.0,139.5,0.4005478983744979
-33.0,139.75,0.397436117939651
-33.0,140.0,0.3900749094518168
-33.0,140.25,0.38401590831400384
-33.0,140.5,0.37918732080697304
-33.0,140.75,0.37503670460677574
-33.0,141.0,0.37083328992261416
-33.0,141.25,0.3680957317928828
-33.0,141.5,0.36291986019128847
-33.0,141.75,0.35341133218496995
-33.0,142.0,0.3457554849590884
-33.0,142.25,0.3380998432492128
-33.0,142.5,0.33261479982396674
-33.0,142.75,0.327954653562102
-33.0,143.0,0.3233325688046448
-33.0,143.25,0.3177994054556447
-33.0,143.5,0.31032918652996333
-33.0,143.75,0.3052510104940406
-33.0,144.0,0.3055959056852208
-33.0,144.25,0.30147104750808684
-33.0,144.5,0.28852693834342064
-33.0,144.75,0.277780953499799
-33.0,145.0,0.2735085800389892
-33.0,145.25,0.2797544923211847
-33.0,145.5,0.28384746512220727
-33.0,145.75,0.2850479066619993
-33.0,146.0,0.28404843638917165
-33.0,146.25,0.27889658083163554
-33.0,146.5,0.2613818112040116
-33.0,146.75,0.25245114389274803
-33.0,147.0,0.24943618567305662
-33.0,147.25,0.24690942230517976
-33.0,147.5,0.2451483950994554
-33.0,147.75,0.22814748593206916
-33.0,148.0,0.2153232736657152
-33.0,148.25,0.2054066940166411
-33.0,148.5,0.2018993756744922
-33.0,148.75,0.18459349186104235
-33.0,149.0,0.18080844356168416
-33.0,149.25,0.18950313615302244
-33.0,149.5,0.21272339602666243
-33.0,149.75,0.22597059920274962
-33.0,150.0,0.22687864051688286
-33.0,150.25,0.2344383854418993
-33.0,150.5,0.2343214494309255
-33.0,150.75,0.2166939831028382
-33.0,151.0,0.20546963012200736
-33.0,151.25,0.1865096444042311
-33.0,151.5,0.13238956029305146
-33.0,151.75,0.09559182104255472
-33.0,152.0,0.08142171120548267
-33.25,115.5,0.03027850841684821
-33.25,115.75,0.019829902239143847
-33.25,116.0,0.012392411540661539
-33.25,116.25,0.015559028332964296
-33.25,116.5,0.020221824810973236
-33.25,116.75,0.017466763266184855
-33.25,117.0,0.022107103719775166
-33.25,117.25,0.028000802551174448
-33.25,117.5,0.03241782368360353
-33.25,117.75,0.0316728742127972
-33.25,118.0,0.036782216766316975
-33.25,118.25,0.03903763634817941
-33.25,118.5,0.039838157523246036
-33.25,118.75,0.04228732681256674
-33.25,119.0,0.046940158625754215
-33.25,119.25,0.04869631851269376
-33.25,119.5,0.05212030778472711
-33.25,119.75,0.055361709086268786
-33.25,120.0,0.06346656601609928
-33.25,120.25,0.07153581596933128
-33.25,120.5,0.07087857767466976
-33.25,120.75,0.06780841480663401
-33.25,121.0,0.06401557840096454
-33.25,121.25,0.05886372879058832
-33.25,121.5,0.05724178937574228
-33.25,121.75,0.05581909779991422
-33.25,122.0,0.05539650517693233
-33.25,122.25,0.052869652263775824
-33.25,122.5,0.049138873611532505
-33.25,122.75,0.051488961106432335
-33.25,123.0,0.050055029128478576
-33.25,123.25,0.04538232811416189
-33.25,123.5,0.042310689292138534
-33.25,123.75,0.04830352380993732
-33.25,124.0,0.043372304179883074
-33.25,124.25,0.037783655428904155
-33.25,124.5,0.038399990785789366
-33.25,124.75,0.04857819354871199
-33.25,134.25,0.23221933752564447
-33.25,134.5,0.2475008886038614
-33.25,134.75,0.2667069040416252
-33.25,135.0,0.26770193759529365
-33.25,135.25,0.266898933145456
-33.25,135.5,0.27026608146372294
-33.25,135.75,0.2672609677926327
-33.25,136.0,0.258642777494554
-33.25,136.25,0.27567211758079274
-33.25,136.5,0.3205737207927519
-33.25,136.75,0.34094441632429756
-33.25,137.0,0.34526142454040903
-33.25,137.25,0.3400899113932004
-33.25,137.5,0.33619139971699386
-33.25,137.75,0.3550452296987974
-33.25,138.0,0.37310772742189113
-33.25,138.25,0.3564034826787455
-33.25,138.5,0.3563458409515165
-33.25,138.75,0.39979065681497256
-33.25,139.0,0.426984892146928
-33.25,139.25,0.42335823355852403
-33.25,139.5,0.4088083649586354
-33.25,139.75,0.39867053002207764
-33.25,140.0,0.3889190626491438
-33.25,140.25,0.3807178923328008
-33.25,140.5,0.3761977170549688
-33.25,140.75,0.37368228042586926
-33.25,141.0,0.3697686616597431
-33.25,141.25,0.368281129328534
-33.25,141.5,0.36453241115613355
-33.25,141.75,0.3574203417314926
-33.25,142.0,0.3524032563270469
-33.25,142.25,0.34667185397508243
-33.25,142.5,0.3418896854589028
-33.25,142.75,0.3377773847076155
-33.25,143.0,0.3344841298336784
-33.25,143.25,0.33124151695297943
-33.25,143.5,0.3238940523037746
-33.25,143.75,0.31806883348950316
-33.25,144.0,0.31279857518994025
-33.25,144.25,0.31235020417897474
-33.25,144.5,0.3008781333941789
-33.25,144.75,0.2901476835832
-33.25,145.0,0.2865358951640138
-33.25,145.25,0.2886945503364716
-33.25,145.5,0.2842733986160186
-33.25,145.75,0.2814651976117776
-33.25,146.0,0.2741791062666813
-33.25,146.25,0.26871450617687687
-33.25,146.5,0.25412178104965105
-33.25,146.75,0.24694272624993963
-33.25,147.0,0.2446605122559482
-33.25,147.25,0.2477816149503702
-33.25,147.5,0.25128442420003316
-33.25,147.75,0.24567326151521965
-33.25,148.0,0.2482450021497373
-33.25,148.25,0.24585448950196484
-33.25,148.5,0.2325942249525161
-33.25,148.75,0.21714002531177054
-33.25,149.0,0.22494784754567912
-33.25,149.25,0.23449270017888574
-33.25,149.5,0.24771333539060184
-33.25,149.75,0.23375869580514042
-33.25,150.0,0.2365313878371602
-33.25,150.25,0.2438459425455048
-33.25,150.5,0.2451741223888738
-33.25,150.75,0.2259018491864914
-33.25,151.0,0.22874995635467626
-33.25,151.25,0.19215873936603506
-33.25,151.5,0.12861379534782222
-33.25,151.75,0.08631227385333096
-33.5,115.25,0.037934335668770865
-33.5,115.5,0.025936555001646325
-33.5,115.75,0.017319651032310156
-33.5,116.0,0.014454059214109466
-33.5,116.25,0.023754314692424876
-33.5,116.5,0.03091643132474495
-33.5,116.75,0.03021633765394134
-33.5,117.0,0.028910312471478912
-33.5,117.25,0.034193341613614134
-33.5,117.5,0.034464141083437774
-33.5,117.75,0.03521226463199127
-33.5,118.0,0.04219518668306548
-33.5,118.25,0.04630210628300639
-33.5,118.5,0.04770480889211675
-33.5,118.75,0.05000112106624458
-33.5,119.0,0.05407495073353251
-33.5,119.25,0.056457492568629926
-33.5,119.5,0.0598779814096079
-33.5,119.75,0.06372549492696722
-33.5,120.0,0.06928492411804785
-33.5,120.25,0.07618092215132145
-33.5,120.5,0.07804173363062243
-33.5,120.75,0.07625253740476355
-33.5,121.0,0.07402607072144747
-33.5,121.25,0.06818443925918213
-33.5,121.5,0.06555841447718974
-33.5,121.75,0.06525408906108211
-33.5,122.0,0.060410269763780805
-33.5,122.25,0.05438299384855089
-33.5,122.5,0.04880148298550575
-33.5,122.75,0.04438463988425653
-33.5,123.0,0.04448936405547318
-33.5,123.25,0.0434466174900687
-33.5,123.5,0.0456416088023356
-33.5,123.75,0.052913907276732584
-33.5,124.0,0.053254947678319044
-33.5,124.25,0.04968797655864841
-33.5,134.5,0.2521204543333235
-33.5,134.75,0.26635071056384946
-33.5,135.0,0.27676820735713203
-33.5,135.25,0.2768592746130058
-33.5,135.5,0.2707930606612492
-33.5,135.75,0.2653467338510035
-33.5,136.0,0.2600196878292731
-33.5,136.25,0.2831450130080893
-33.5,136.5,0.3284322669006152
-33.5,136.75,0.36291033951122137
-33.5,137.0,0.3653368686813684
-33.5,137.25,0.3550922873119513
-33.5,137.5,0.3576749582519932
-33.5,137.75,0.36447683890305815
-33.5,138.0,0.3636946817505218
-33.5,138.25,0.3382538807223595
-33.5,138.5,0.333807141653129
-33.5,138.75,0.40049233979412485
-33.5,139.0,0.43015889623867615
-33.5,139.25,0.4254889719720398
-33.5,139.5,0.40427123836818196
-33.5,139.75,0.39218649498430924
-33.5,140.0,0.3863557060958729
-33.5,140.25,0.3800386921591347
-33.5,140.5,0.3801836639027377
-33.5,140.75,0.3775465742052932
-33.5,141.0,0.3738408657372929
-33.5,141.25,0.371925922917823
-33.5,141.5,0.3704503812821626
-33.5,141.75,0.3667112938438853
-33.5,142.0,0.3648731504644578
-33.5,142.25,0.3587979709640855
-33.5,142.5,0.35228961773571515
-33.5,142.75,0.3492013654605086
-33.5,143.0,0.34545480376552967
-33.5,143.25,0.3409409250436251
-33.5,143.5,0.33562556797239396
-33.5,143.75,0.3302106759954421
-33.5,144.0,0.32442092304561465
-33.5,144.25,0.323400587304717
-33.5,144.5,0.31683929820678064
-33.5,144.75,0.3067677288493585
-33.5,145.0,0.2991895271254526
-33.5,145.25,0.2946419235584991
-33.5,145.5,0.2879666505248419
-33.5,145.75,0.27826185412039717
-33.5,146.0,0.2703239529161822
-33.5,146.25,0.26525467745848885
-33.5,146.5,0.25608210104650686
-33.5,146.75,0.24899722319539813
-33.5,147.0,0.24346798476929377
-33.5,147.25,0.24497633774188302
-33.5,147.5,0.24600427522368373
-33.5,147.75,0.24479648799058937
-33.5,148.0,0.2487190189061775
-33.5,148.25,0.25510916276169676
-33.5,148.5,0.25225374800086553
-33.5,148.75,0.23321700931715203
-33.5,149.0,0.23753947847788887
-33.5,149.25,0.2567835605614597
-33.5,149.5,0.25856755982774
-33.5,149.75,0.2510301375495536
-33.5,150.0,0.25908816503804355
-33.5,150.25,0.2622156720564124
-33.5,150.5,0.2585588372977717
-33.5,150.75,0.21210893533591713
-33.5,151.0,0.19834207495940584
-33.5,151.25,0.1529117332416631
-33.5,151.5,0.11280514907446645
-33.75,115.0,0.0409362386690364
-33.75,115.25,0.04039717665762596
-33.75,115.5,0.02323259667803844
-33.75,115.75,0.019138047687729774
-33.75,116.0,0.026405373896427806
-33.75,116.25,0.0373506164799134
-33.75,116.5,0.03824693511151487
-33.75,116.75,0.03739669352015924
-33.75,117.0,0.03756339840945743
-33.75,117.25,0.04167101333206076
-33.75,117.5,0.044406080002053865
-33.75,117.75,0.0476255598012358
-33.75,118.0,0.05300712722968282
-33.75,118.25,0.05680009039379435
-33.75,118.5,0.058210773897978164
-33.75,118.75,0.060176072685169946
-33.75,119.0,0.0672653827561243
-33.75,119.25,0.07374197737579899
-33.75,119.5,0.07557298895470532
-33.75,119.75,0.08407212377559127
-33.75,120.0,0.09044805953633928
-33.75,120.25,0.09623243985420447
-33.75,120.5,0.09537343707467828
-33.75,120.75,0.09475574516469525
-33.75,121.0,0.09326132433045478
-33.75,121.25,0.09079679606171946
-33.75,121.5,0.09343446274066255
-33.75,121.75,0.09456800315529108
-33.75,122.0,0.0923472846702983
-33.75,122.25,0.07318539794290527
-33.75,122.5,0.05721310967512961
-33.75,122.75,0.05397164555865207
-33.75,123.0,0.050802149835397444
-33.75,123.25,0.051690157914431656
-33.75,123.5,0.0577216458684277
-33.75,123.75,0.06468603095716043
-33.75,124.0,0.06604967366992717
-33.75,134.75,0.2692846528434616
-33.75,135.0,0.2881651168711306
-33.75,135.25,0.28751052524007503
-33.75,135.5,0.28416187254978076
-33.75,135.75,0.2800794453160571
-33.75,136.0,0.28797096693001334
-33.75,136.25,0.31362113655056983
-33.75,136.5,0.3513024783737603
-33.75,136.75,0.37476891276642815
-33.75,137.0,0.37762923608312293
-33.75,137.25,0.3638870448653636
-33.75,137.5,0.360377058795365
-33.75,137.75,0.37014224778949506
-33.75,138.0,0.36612177481431335
-33.75,138.25,0.348350571823262
-33.75,138.5,0.3400950766124186
-33.75,138.75,0.4013501646263259
-33.75,139.0,0.4319874733863842
-33.75,139.25,0.4254509673043642
-33.75,139.5,0.39920786705666356
-33.75,139.75,0.39084024588200483
-33.75,140.0,0.38408859666392564
-33.75,140.25,0.3860704789736441
-33.75,140.5,0.3862097874727278
-33.75,140.75,0.38417477035407155
-33.75,141.0,0.38222134840685784
-33.75,141.25,0.3813722949231132
-33.75,141.5,0.3824447515708882
-33.75,141.75,0.38280285432757366
-33.75,142.0,0.3817134203123195
-33.75,142.25,0.3737767481999028
-33.75,142.5,0.368128332610996
-33.75,142.75,0.36444041672650546
-33.75,143.0,0.36021810955246025
-33.75,143.25,0.3554435993988244
-33.75,143.5,0.35219287157191764
-33.75,143.75,0.3469278738418195
-33.75,144.0,0.3390901248649849
-33.75,144.25,0.33423009913503415
-33.75,144.5,0.3284533148808848
-33.75,144.75,0.3204674710475263
-33.75,145.0,0.31234812513659044
-33.75,145.25,0.3041734130432208
-33.75,145.5,0.2924937032617717
-33.75,145.75,0.2830407414942913
-33.75,146.0,0.28034698495951793
-33.75,146.25,0.27708670167429816
-33.75,146.5,0.26941668627162774
-33.75,146.75,0.26170152399378516
-33.75,147.0,0.25829418068529947
-33.75,147.25,0.2477438915432209
-33.75,147.5,0.244270943539838
-33.75,147.75,0.24255165025658373
-33.75,148.0,0.2371485610004692
-33.75,148.25,0.2431925538439481
-33.75,148.5,0.25289748251615535
-33.75,148.75,0.2567198646033094
-33.75,149.0,0.25927154574254974
-33.75,149.25,0.26470569979089004
-33.75,149.5,0.27193422537474404
-33.75,149.75,0.27867253805688097
-33.75,150.0,0.27702145359611935
-33.75,150.25,0.26929045131962215
-33.75,150.5,0.2229232688434422
-33.75,150.75,0.16676909779198468
-33.75,151.0,0.15702650061187645
-33.75,151.25,0.11618234396113881
-33.75,151.5,0.08597962410810094
-34.0,114.75,0.04147473881506206
-34.0,115.0,0.04715046383595715
-34.0,115.25,0.047245002378310474
-34.0,115.5,0.037936716872666566
-34.0,115.75,0.04230427195628484
-34.0,116.0,0.04897033146006011
-34.0,116.25,0.052466030880099254
-34.0,116.5,0.052030760472241255
-34.0,116.75,0.04970856305278305
-34.0,117.0,0.0518612938777854
-34.0,117.25,0.056202463267393234
-34.0,117.5,0.06295586810835327
-34.0,117.75,0.0666614779570539
-34.0,118.0,0.0701680236473857
-34.0,118.25,0.07006432059362332
-34.0,118.5,0.07141434897826653
-34.0,118.75,0.0755743807730531
-34.0,119.0,0.08384854662813485
-34.0,119.25,0.09105279627810454
-34.0,119.5,0.10890915258122343
-34.0,119.75,0.11445614811687153
-34.0,120.0,0.12323554541826957
-34.0,120.25,0.12454421995651155
-34.0,120.5,0.11978006255591199
-34.0,120.75,0.11347804905048438
-34.0,121.0,0.1101799740156691
-34.0,121.25,0.1048594627606993
-34.0,121.5,0.10418552271800027
-34.0,121.75,0.10736224964881937
-34.0,122.0,0.10633579836340644
-34.0,122.25,0.09929747699892946
-34.0,122.5,0.09059956756994195
-34.0,122.75,0.08796394256642089
-34.0,123.0,0.08573416756643426
-34.0,123.25,0.0835848203261516
-34.0,123.5,0.08424215776224932
-34.0,123.75,0.08606668972365913
-34.0,135.0,0.2944371098519436
-34.0,135.25,0.301683931691306
-34.0,135.5,0.2929815055891162
-34.0,135.75,0.28936887640683423
-34.0,136.0,0.3179927960951491
-34.0,136.25,0.3448379168375617
-34.0,136.5,0.3701083984403383
-34.0,136.75,0.37727637264345376
-34.0,137.0,0.3689993326773956
-34.0,137.25,0.3630276150513618
-34.0,137.5,0.37082310528494417
-34.0,137.75,0.37123397670774944
-34.0,138.0,0.3780454393210156
-34.0,138.25,0.3651107128221719
-34.0,138.5,0.35083333501326186
-34.0,138.75,0.38720095121257364
-34.0,139.0,0.42969906839675137
-34.0,139.25,0.42748545644183955
-34.0,139.5,0.3979643780732572
-34.0,139.75,0.38751761415263725
-34.0,140.0,0.38663477534095625
-34.0,140.25,0.38894372627006046
-34.0,140.5,0.392562917132108
-34.0,140.75,0.3925307585658239
-34.0,141.0,0.3923484017806394
-34.0,141.25,0.39241947545891714
-34.0,141.5,0.3943806463852525
-34.0,141.75,0.3953948339225636
-34.0,142.0,0.3953433406716656
-34.0,142.25,0.390482869353478
-34.0,142.5,0.38610786053440754
-34.0,142.75,0.38278958608529395
-34.0,143.0,0.376364401754524
-34.0,143.25,0.36886999068194115
-34.0,143.5,0.36523778677053215
-34.0,143.75,0.3586987785961745
-34.0,144.0,0.35107203983657415
-34.0,144.25,0.3451439753950884
-34.0,144.5,0.3389864057302475
-34.0,144.75,0.3306737318391069
-34.0,145.0,0.3191939079065508
-34.0,145.25,0.31025816993787886
-34.0,145.5,0.3004969814393137
-34.0,145.75,0.2952735559072434
-34.0,146.0,0.2927557930062037
-34.0,146.25,0.29023668109439316
-34.0,146.5,0.2797824636704588
-34.0,146.75,0.2723483825634633
-34.0,147.0,0.2628719928230913
-34.0,147.25,0.25366927824382274
-34.0,147.5,0.2435091646698614
-34.0,147.75,0.23969244008795138
-34.0,148.0,0.2303699050697365
-34.0,148.25,0.23326290297721114
-34.0,148.5,0.2443235667688506
-34.0,148.75,0.2581330227266465
-34.0,149.0,0.26345980559653115
-34.0,149.25,0.2685529061171803
-34.0,149.5,0.2928348740385402
-34.0,149.75,0.3023413092962333
-34.0,150.0,0.2820798780281274
-34.0,150.25,0.22659915686208046
-34.0,150.5,0.16516161699601936
-34.0,150.75,0.1318454462596925
-34.0,151.0,0.1189251562705197
-34.0,151.25,0.0886174311229427
-34.0,151.5,0.08754745799524244
-34.25,115.0,0.05326239736972466
-34.25,115.25,0.0653850573996481
-34.25,115.5,0.06880679758199092
-34.25,115.75,0.07156842830868083
-34.25,116.0,0.07092438569802437
-34.25,116.25,0.0735075199311333
-34.25,116.5,0.07159895614798491
-34.25,116.75,0.06875986195477059
-34.25,117.0,0.07077664982727064
-34.25,117.25,0.0730106039285948
-34.25,117.5,0.07883572119532065
-34.25,117.75,0.081884257182745
-34.25,118.0,0.08502016489891547
-34.25,118.25,0.0856948787257785
-34.25,118.5,0.08862432600387062
-34.25,118.75,0.09285903857311323
-34.25,119.0,0.10188240725048152
-34.25,119.25,0.11557631747397994
-34.25,119.5,0.12556866002296807
-34.25,119.75,0.1282733633582081
-34.25,120.0,0.12930936340597413
-34.25,120.25,0.12892238932351271
-34.25,120.5,0.12489574457563105
-34.25,120.75,0.1199554668739438
-34.25,122.25,0.10536671578717817
-34.25,122.5,0.10434725590028046
-34.25,122.75,0.10284498831010534
-34.25,123.0,0.10145024701376401
-34.25,123.25,0.0993532144375855
-34.25,123.5,0.09640420533805376
-34.25,135.0,0.2999078033966639
-34.25,135.25,0.3071645629924855
-34.25,135.5,0.30913233720874855
-34.25,135.75,0.31498147797039044
-34.25,136.0,0.34104027372030987
-34.25,136.25,0.35912184073101905
-34.25,136.5,0.36136269230129464
-34.25,137.25,0.36209407780940334
-34.25,137.5,0.3691653964708426
-34.25,137.75,0.38098809178142495
-34.25,138.0,0.39205675946459884
-34.25,138.25,0.3866748744887965
-34.25,138.5,0.3621327075042895
-34.25,138.75,0.37782083435782365
-34.25,139.0,0.4266335075011566
-34.25,139.25,0.4279416554030918
-34.25,139.5,0.39792748200041905
-34.25,139.75,0.3795318218125474
-34.25,140.0,0.3844687862820657
-34.25,140.25,0.3910970165464927
-34.25,140.5,0.39678196842571545
-34.25,140.75,0.39942299376818396
-34.25,141.0,0.4014874933952732
-34.25,141.25,0.4049010802725596
-34.25,141.5,0.40525109855945973
-34.25,141.75,0.4055738874744358
-34.25,142.0,0.40476767856938145
-34.25,142.25,0.40463971337747007
-34.25,142.5,0.40172985676409945
-34.25,142.75,0.39700883502318035
-34.25,143.0,0.3886132914994267
-34.25,143.25,0.38046230793087965
-34.25,143.5,0.3720438456384554
-34.25,143.75,0.36557693453062146
-34.25,144.0,0.3589805901538403
-34.25,144.25,0.35255979515024505
-34.25,144.5,0.34603674835081966
-34.25,144.75,0.33684856440439553
-34.25,145.0,0.32502753066697293
-34.25,145.25,0.3146789008352373
-34.25,145.5,0.30517502411135605
-34.25,145.75,0.300651031246941
-34.25,146.0,0.2998395578203989
-34.25,146.25,0.2956646165089859
-34.25,146.5,0.2839915660021472
-34.25,146.75,0.27551587751312623
-34.25,147.0,0.2674864006938324
-34.25,147.25,0.25363379944825454
-34.25,147.5,0.240822266840509
-34.25,147.75,0.23085178425979047
-34.25,148.0,0.22747179073547677
-34.25,148.25,0.2323182493536955
-34.25,148.5,0.24153854385727927
-34.25,148.75,0.2488670296346148
-34.25,149.0,0.2577559079043567
-34.25,149.25,0.27614430285646535
-34.25,149.5,0.3017629767740367
-34.25,149.75,0.3083359960267054
-34.25,150.0,0.2695140258276037
-34.25,150.25,0.2187556083646736
-34.25,150.5,0.15782769447680386
-34.25,150.75,0.12010093409723292
-34.25,151.0,0.09079426963857952
-34.25,151.25,0.08143410613189363
-34.5,115.25,0.07157133364588454
-34.5,115.5,0.07906900756171949
-34.5,115.75,0.0875224141426207
-34.5,116.0,0.0880228061639216
-34.5,116.25,0.09053829080269983
-34.5,116.5,0.08788744034689097
-34.5,116.75,0.08740377558528313
-34.5,117.0,0.08617945820359248
-34.5,117.25,0.08678497369401157
-34.5,117.5,0.08889783783316878
-34.5,117.75,0.09262802692218905
-34.5,118.0,0.09798055935340623
-34.5,118.25,0.09920335489469359
-34.5,118.5,0.11231139537301801
-34.5,118.75,0.11744236977260915
-34.5,119.0,0.1264699103529676
-34.5,119.25,0.1346911471858177
-34.5,119.5,0.136384760117757
-34.5,135.25,0.3151338311887923
-34.5,135.5,0.3249894990718791
-34.5,135.75,0.33779959047124497
-34.5,136.0,0.3568079494560758
-34.5,136.25,0.3589246701537853
-34.5,137.5,0.3764360648801639
-34.5,137.75,0.3906072320505267
-34.5,138.0,0.395994089388599
-34.5,138.25,0.40302927918022585
-34.5,138.5,0.3932172247341701
-34.5,138.75,0.3863041087408506
-34.5,139.0,0.42664807043481795
-34.5,139.25,0.42712815559491335
-34.5,139.5,0.39958878208140264
-34.5,139.75,0.38272596136888576
-34.5,140.0,0.3879648626100139
-34.5,140.25,0.3964134575399969
-34.5,140.5,0.4002816910733513
-34.5,140.75,0.4036631424013259
-34.5,141.0,0.40823709634243555
-34.5,141.25,0.41662612355624634
-34.5,141.5,0.41971027316037746
-34.5,141.75,0.4161195095185013
-34.5,142.0,0.4107332162004674
-34.5,142.25,0.4133634754722672
-34.5,142.5,0.410282373792004
-34.5,142.75,0.4058528327405275
-34.5,143.0,0.396683664132087
-34.5,143.25,0.3889483292187963
-34.5,143.5,0.38111152210760685
-34.5,143.75,0.3721468150305251
-34.5,144.0,0.3653285773604044
-34.5,144.25,0.35861703201551876
-34.5,144.5,0.3510194701131522
-34.5,144.75,0.34373190282577915
-34.5,145.0,0.33246874513902835
-34.5,145.25,0.32062401258874507
-34.5,145.5,0.3093668349442028
-34.5,145.75,0.2997717621425788
-34.5,146.0,0.2995050159260808
-34.5,146.25,0.29436132584787195
-34.5,146.5,0.2876889349271854
-34.5,146.75,0.2798986361228994
-34.5,147.0,0.27100931994084804
-34.5,147.25,0.2579990762729375
-34.5,147.5,0.24212659249924834
-34.5,147.75,0.23127683433925822
-34.5,148.0,0.2275174846340503
-34.5,148.25,0.23574025899704013
-34.5,148.5,0.24129049223625942
-34.5,148.75,0.25030765384435655
-34.5,149.0,0.26509321402935754
-34.5,149.25,0.29168780183064796
-34.5,149.5,0.3134756173051539
-34.5,149.75,0.30931744948473006
-34.5,150.0,0.27461016450432085
-34.5,150.25,0.2359152343545464
-34.5,150.5,0.19986335878216085
-34.5,150.75,0.14557042385651064
-34.5,151.0,0.07744179445851063
-34.75,115.75,0.08978729994213652
-34.75,116.0,0.09897309602016495
-34.75,116.25,0.10588374132334831
-34.75,116.5,0.10431930925198166
-34.75,116.75,0.09943787073494778
-34.75,117.0,0.09827326219528913
-34.75,117.25,0.10018700434676638
-34.75,117.5,0.10267025771595183
-34.75,117.75,0.10592787359353333
-34.75,118.0,0.11200192166891482
-34.75,118.25,0.12571044617909052
-34.75,118.5,0.13652824433963923
-34.75,118.75,0.13950331115865128
-34.75,119.0,0.1420216103303357
-34.75,119.25,0.1428695569590976
-34.75,135.5,0.34053917905936637
-34.75,135.75,0.356077390822715
-34.75,136.0,0.3623641584600721
-34.75,137.75,0.39269424611259074
-34.75,138.25,0.40191668248513623
-34.75,138.5,0.4028973750592697
-34.75,138.75,0.4053213287677084
-34.75,139.0,0.43260315594573817
-34.75,139.25,0.4256023316688481
-34.75,139.5,0.4047948432421046
-34.75,139.75,0.3908535222079427
-34.75,140.0,0.3960690345459928
-34.75,140.25,0.4029360761344876
-34.75,140.5,0.40748691254578134
-34.75,140.75,0.41138469291451785
-34.75,141.0,0.41868606620368415
-34.75,141.25,0.42857951256890026
-34.75,141.5,0.431095120528092
-34.75,141.75,0.4289023376025614
-34.75,142.0,0.42111471816897394
-34.75,142.25,0.4188310791073101
-34.75,142.5,0.4163791940680572
-34.75,142.75,0.4123071985851441
-34.75,143.0,0.4034046740758987
-34.75,143.25,0.39609971547144507
-34.75,143.5,0.3884103426388243
-34.75,143.75,0.3817448839245896
-34.75,144.0,0.37413112425156647
-34.75,144.25,0.3664572222357882
-34.75,144.5,0.3585946089898547
-34.75,144.75,0.34887304420449905
-34.75,145.0,0.33768153081515007
-34.75,145.25,0.32565447304930006
-34.75,145.5,0.31383469644046963
-34.75,145.75,0.304584599756414
-34.75,146.0,0.2984399791407798
-34.75,146.25,0.29378177471725003
-34.75,146.5,0.2897215407674334
-34.75,146.75,0.282284165377773
-34.75,147.0,0.272398440586403
-34.75,147.25,0.25846760656817686
-34.75,147.5,0.2472240223726701
-34.75,147.75,0.23813589021031345
-34.75,148.0,0.2305300167789461
-34.75,148.25,0.22251889185004292
-34.75,148.5,0.22940035459275046
-34.75,148.75,0.25417710848463076
-34.75,149.0,0.2773886344794716
-34.75,149.25,0.30651219452487394
-34.75,149.5,0.32130886418301435
-34.75,149.75,0.3051783251221336
-34.75,150.0,0.2844098756799386
-34.75,150.25,0.269193623795928
-34.75,150.5,0.23377241606801927
-34.75,150.75,0.15871457502112857
-34.75,151.0,0.07082971017585979
-35.0,116.0,0.10194575847791774
-35.0,116.25,0.10915229813683601
-35.0,116.5,0.11475948979301999
-35.0,116.75,0.1164485607207531
-35.0,117.0,0.11666501314750695
-35.0,117.25,0.12167181703262031
-35.0,117.5,0.12525325757007869
-35.0,117.75,0.12897974353704955
-35.0,118.0,0.1339995849608732
-35.0,118.25,0.1426920645121884
-35.0,118.5,0.1439784653773088
-35.0,138.25,0.3978683600379598
-35.0,138.5,0.41313896918935433
-35.0,138.75,0.4180359359653223
-35.0,139.0,0.42617160635335105
-35.0,139.25,0.42587896785920576
-35.0,139.5,0.4147018304715554
-35.0,139.75,0.40677442133781455
-35.0,140.0,0.40892612408580525
-35.0,140.25,0.41492147183577927
-35.0,140.5,0.42015985290165103
-35.0,140.75,0.4252818728070928
-35.0,141.0,0.4284366655618041
-35.0,141.25,0.43577512476532276
-35.0,141.5,0.43817699788847847
-35.0,141.75,0.4353164361465523
-35.0,142.0,0.42957028028987615
-35.0,142.25,0.42707042659056327
-35.0,142.5,0.4234955463558435
-35.0,142.75,0.41930891321972014
-35.0,143.0,0.41207690812048636
-35.0,143.25,0.4048150338409912
-35.0,143.5,0.3980965883670641
-35.0,143.75,0.39086966912727805
-35.0,144.0,0.3821414600259491
-35.0,144.25,0.3749374866374724
-35.0,144.5,0.36501952378700175
-35.0,144.75,0.3539689393359281
-35.0,145.0,0.34324151494850713
-35.0,145.25,0.3291707489816915
-35.0,145.5,0.31671907069117183
-35.0,145.75,0.3064931823029405
-35.0,146.0,0.2996566825856765
-35.0,146.25,0.29422940424687805
-35.0,146.5,0.2846972608450978
-35.0,146.75,0.2744755211995826
-35.0,147.0,0.2659582545315581
-35.0,147.25,0.25832114729453765
-35.0,147.5,0.24614885354835894
-35.0,147.75,0.23110567005794672
-35.0,148.0,0.21361685374286027
-35.0,148.25,0.199803241856751
-35.0,148.5,0.21579970964008854
-35.0,148.75,0.2497359170944297
-35.0,149.0,0.2850654479820237
-35.0,149.25,0.31350323266926267
-35.0,149.5,0.32108480807038997
-35.0,149.75,0.30779746040435774
-35.0,150.0,0.2894316693812254
-35.0,150.25,0.27251279538586026
-35.0,150.5,0.22855409411713482
-35.0,150.75,0.14737485555621485
-35.0,151.0,0.08704541283327022
-35.25,116.25,0.10863625872325862
-35.25,116.5,0.11297435621464891
-35.25,116.75,0.11782640278550043
-35.25,117.0,0.12506991627659383
-35.25,117.25,0.1317379141399648
-35.25,117.5,0.13876283229550435
-35.25,117.75,0.1445564799875553
-35.25,118.0,0.14595897423679985
-35.25,118.25,0.14470096449478573
-35.25,138.25,0.3971353513499101
-35.25,138.5,0.42082058010356765
-35.25,138.75,0.42412558034771963
-35.25,139.0,0.4291456823902471
-35.25,139.25,0.4248759905674628
-35.25,139.5,0.41913227956032467
-35.25,139.75,0.41823380512429315
-35.25,140.0,0.4185147209092975
-35.25,140.25,0.42251324022100084
-35.25,140.5,0.42947168914335115
-35.25,140.75,0.4360984592476771
-35.25,141.0,0.4395089750868335
-35.25,141.25,0.442120583417515
-35.25,141.5,0.4435999034138929
-35.25,141.75,0.4424283258478335
-35.25,142.0,0.44063975435592945
-35.25,142.25,0.44104407932165834
-35.25,142.5,0.4354460779965545
-35.25,142.75,0.4273794040660418
-35.25,143.0,0.41878486911633184
-35.25,143.25,0.41418610587716104
-35.25,143.5,0.4073749312648683
-35.25,143.75,0.40007169284369976
-35.25,144.0,0.3916351780317546
-35.25,144.25,0.3841270959924995
-35.25,144.5,0.3708089323359586
-35.25,144.75,0.3571326198754832
-35.25,145.0,0.34613252490581503
-35.25,145.25,0.33188985351118305
-35.25,145.5,0.3207110973695914
-35.25,145.75,0.30939269729313396
-35.25,146.0,0.29818599034278165
-35.25,146.25,0.2896638099758309
-35.25,146.5,0.28105866783520295
-35.25,146.75,0.2727915240008207
-35.25,147.0,0.26922108725689
-35.25,147.25,0.2614330624889893
-35.25,147.5,0.24849694394728258
-35.25,147.75,0.23810948331485546
-35.25,148.0,0.2317553000258548
-35.25,148.25,0.23126282250242575
-35.25,148.5,0.25319708424531634
-35.25,148.75,0.2808098840638108
-35.25,149.0,0.2947588861592868
-35.25,149.25,0.30879404824227097
-35.25,149.5,0.32001887535498963
-35.25,149.75,0.3188986053424222
-35.25,150.0,0.30972974364690126
-35.25,150.25,0.2772074917475471
-35.25,150.5,0.1889402553816104
-35.25,150.75,0.11476292309401158
-35.5,138.5,0.4310625130576747
-35.5,138.75,0.4391293421742462
-35.5,139.0,0.42771106668348824
-35.5,139.25,0.42638116150739647
-35.5,139.5,0.4305033722715009
-35.5,139.75,0.43024620330404667
-35.5,140.0,0.4251170669105791
-35.5,140.25,0.4287018887876045
-35.5,140.5,0.4379597496695905
-35.5,140.75,0.44603636499849103
-35.5,141.0,0.4517427032369943
-35.5,141.25,0.45304158692736
-35.5,141.5,0.4542528255310442
-35.5,141.75,0.4541313421513353
-35.5,142.0,0.44942893628031017
-35.5,142.25,0.4487369075658665
-35.5,142.5,0.4446481926455384
-35.5,142.75,0.43694439187945266
-35.5,143.0,0.4290182969976394
-35.5,143.25,0.4247271614681397
-35.5,143.5,0.41730572304555347
-35.5,143.75,0.40935580301530927
-35.5,144.0,0.40103566296221244
-35.5,144.25,0.39238690125445524
-35.5,144.5,0.3776874519862412
-35.5,144.75,0.36239273742595246
-35.5,145.0,0.35124594184481317
-35.5,145.25,0.33603497744050054
-35.5,145.5,0.3226950083814916
-35.5,145.75,0.31024036903289104
-35.5,146.0,0.2930637756595388
-35.5,146.25,0.2863072600038279
-35.5,146.5,0.28507964416806186
-35.5,146.75,0.2882164275938911
-35.5,147.0,0.28831813793984196
-35.5,147.25,0.28679794552070753
-35.5,147.5,0.29075581206540974
-35.5,147.75,0.2887962300596493
-35.5,148.0,0.2856718021001489
-35.5,148.25,0.28623529834495415
-35.5,148.5,0.2895800926212576
-35.5,148.75,0.2968505146026257
-35.5,149.0,0.2936549386475235
-35.5,149.25,0.30713806541725286
-35.5,149.5,0.3205285145147216
-35.5,149.75,0.3237652072594279
-35.5,150.0,0.31355456189208086
-35.5,150.25,0.26158874176797414
-35.5,150.5,0.15134725712151045
-35.75,138.75,0.43145515792781397
-35.75,139.0,0.4206402960277739
-35.75,139.25,0.4311435956607706
-35.75,139.5,0.43889766796713786
-35.75,139.75,0.43990210821585995
-35.75,140.0,0.43169557434462363
-35.75,140.25,0.43549572825431826
-35.75,140.5,0.44107654703160126
-35.75,140.75,0.4514449589486633
-35.75,141.0,0.4614157661618221
-35.75,141.25,0.4655882406902189
-35.75,141.5,0.46765796586959846
-35.75,141.75,0.46538663482116094
-35.75,142.0,0.4604142405536203
-35.75,142.25,0.4589593694301411
-35.75,142.5,0.4542638485558287
-35.75,142.75,0.44763484677033766
-35.75,143.0,0.44059177703567826
-35.75,143.25,0.436605883505018
-35.75,143.5,0.4293122516900656
-35.75,143.75,0.4198287048155353
-35.75,144.0,0.41112508488807914
-35.75,144.25,0.40324900303412936
-35.75,144.5,0.38750341910580616
-35.75,144.75,0.3728321611193851
-35.75,145.0,0.3601369279303721
-35.75,145.25,0.33961744932901294
-35.75,145.5,0.3245678077363187
-35.75,145.75,0.3087114918566797
-35.75,146.0,0.2937557382686507
-35.75,146.25,0.29013233085029894
-35.75,146.5,0.3009075750186596
-35.75,146.75,0.3068841028304416
-35.75,147.0,0.3167625613200168
-35.75,147.25,0.31633352439495777
-35.75,147.5,0.30929338454401917
-35.75,147.75,0.30130485280034397
-35.75,148.0,0.28787423202856666
-35.75,148.25,0.3010317681268567
-35.75,148.5,0.3198888075759723
-35.75,148.75,0.3196504196063394
-35.75,149.0,0.31204856361839034
-35.75,149.25,0.31080132022588736
-35.75,149.5,0.3194591519156737
-35.75,149.75,0.3076029165537052
-35.75,150.0,0.2766549474737119
-35.75,150.25,0.18573293184994588
-35.75,150.5,0.13088839470098415
-36.0,139.25,0.42325499117723664
-36.0,139.5,0.4389443476906135
-36.0,139.75,0.44826713889183123
-36.0,140.0,0.4421563357646976
-36.0,140.25,0.44030383442129406
-36.0,140.5,0.4461399958424625
-36.0,140.75,0.45245600805750913
-36.0,141.0,0.4643358199191945
-36.0,141.25,0.47294953987002375
-36.0,141.5,0.4750382246261108
-36.0,141.75,0.4740220162307932
-36.0,142.0,0.46916058888836276
-36.0,142.25,0.46806598048701525
-36.0,142.5,0.4643615133816465
-36.0,142.75,0.4602036456710526
-36.0,143.0,0.45481199276899653
-36.0,143.25,0.4513796278696862
-36.0,143.5,0.43950019080214026
-36.0,143.75,0.42890236619416444
-36.0,144.0,0.4180746973575359
-36.0,144.25,0.41386738758800284
-36.0,144.5,0.3996385186378445
-36.0,144.75,0.3789166546909006
-36.0,145.0,0.3631373252725184
-36.0,145.25,0.3446780366512636
-36.0,145.5,0.327203270593392
-36.0,145.75,0.3128447523983639
-36.0,146.0,0.29217403092410504
-36.0,146.25,0.2974162047343617
-36.0,146.5,0.30934760517418564
-36.0,146.75,0.32317151138558986
-36.0,147.0,0.3246074040730794
-36.0,147.25,0.3149525361135602
-36.0,147.5,0.29980023425804186
-36.0,147.75,0.2907022894509802
-36.0,148.0,0.2728811002558186
-36.0,148.25,0.3098908057258952
-36.0,148.5,0.32979800205322957
-36.0,148.75,0.334106956088605
-36.0,149.0,0.3277191443413141
-36.0,149.25,0.31572628121967206
-36.0,149.5,0.2994062075524458
-36.0,149.75,0.27752694199305206
-36.0,150.0,0.2130448051717221
-36.0,150.25,0.1302582261817796
-36.0,150.5,0.09694459023220199
-36.25,139.5,0.4373085793462538
-36.25,139.75,0.45132233579421327
-36.25,140.0,0.45316430564437593
-36.25,140.25,0.44922959786795436
-36.25,140.5,0.44585645145603586
-36.25,140.75,0.45337722665142444
-36.25,141.0,0.4643126794890988
-36.25,141.25,0.4746032192593529
-36.25,141.5,0.480630830285095
-36.25,141.75,0.4818916449367645
-36.25,142.0,0.47908706841435994
-36.25,142.25,0.479006120983866
-36.25,142.5,0.47492296984973587
-36.25,142.75,0.47233828125809807
-36.25,143.0,0.46540984520383755
-36.25,143.25,0.46169651219665647
-36.25,143.5,0.45130535396525545
-36.25,143.75,0.4341124562812703
-36.25,144.0,0.42027985336081614
-36.25,144.25,0.41650130308809735
-36.25,144.5,0.39675036663012136
-36.25,144.75,0.3766396049055315
-36.25,145.0,0.35347822175716004
-36.25,145.25,0.33515190271926776
-36.25,145.5,0.32306247112296876
-36.25,145.75,0.31128081537428354
-36.25,146.0,0.2916446553472658
-36.25,146.25,0.3067705495948238
-36.25,146.5,0.32432661077951447
-36.25,146.75,0.32191366483235645
-36.25,147.0,0.2999753255751871
-36.25,147.25,0.2838932286770571
-36.25,147.5,0.27123127670160363
-36.25,147.75,0.27288918822028096
-36.25,148.0,0.26366658240911506
-36.25,148.25,0.3073958501973677
-36.25,148.5,0.3413985852089051
-36.25,148.75,0.3478029710551103
-36.25,149.0,0.32456254928505845
-36.25,149.25,0.3051162597412864
-36.25,149.5,0.28519266359979245
-36.25,149.75,0.2423024259951143
-36.25,150.0,0.1661208269696328
-36.25,150.25,0.09959256370064049
-36.25,150.5,0.0892285384415161
-36.5,139.5,0.43126056166365745
-36.5,139.75,0.45058843293892487
-36.5,140.0,0.4600900250708773
-36.5,140.25,0.45224017266716277
-36.5,140.5,0.44926529927622705
-36.5,140.75,0.45241890347429686
-36.5,141.0,0.4630965493796837
-36.5,141.25,0.4749418846287188
-36.5,141.5,0.48450333865448125
-36.5,141.75,0.48944458329961416
-36.5,142.0,0.4875937366059848
-36.5,142.25,0.48908914829316064
-36.5,142.5,0.48648676445729855
-36.5,142.75,0.47753863469475794
-36.5,143.0,0.4693508279698324
-36.5,143.25,0.4677796299136909
-36.5,143.5,0.4606283299713617
-36.5,143.75,0.4440603964296835
-36.5,144.0,0.42411254325859427
-36.5,144.25,0.41545261599877403
-36.5,144.5,0.3923505247925364
-36.5,144.75,0.34789382531529384
-36.5,145.0,0.32180108217345105
-36.5,145.25,0.31017666208956923
-36.5,145.5,0.30264475169990745
-36.5,145.75,0.2997977065765077
-36.5,146.0,0.2813179844957111
-36.5,146.25,0.3028129083622064
-36.5,146.5,0.31541514342007715
-36.5,146.75,0.3109334065534529
-36.5,147.0,0.2686576134480891
-36.5,147.25,0.2302965891680547
-36.5,147.5,0.26386891509727795
-36.5,147.75,0.2725921035699901
-36.5,148.0,0.29758383249420495
-36.5,148.25,0.340633632601904
-36.5,148.5,0.357015398450728
-36.5,148.75,0.3354668804217086
-36.5,149.0,0.2991470005629318
-36.5,149.25,0.28099630701444334
-36.5,149.5,0.24770540520327078
-36.5,149.75,0.19167601237339632
-36.5,150.0,0.13901561142078467
-36.5,150.25,0.08715735727566339
-36.75,139.5,0.4349298630929774
-36.75,139.75,0.4533421719757219
-36.75,140.0,0.4645104444097905
-36.75,140.25,0.4569356628117107
-36.75,140.5,0.4500835321843624
-36.75,140.75,0.4533376695854323
-36.75,141.0,0.45825241527387073
-36.75,141.25,0.47317466368632655
-36.75,141.5,0.4845681433122428
-36.75,141.75,0.4902405538374469
-36.75,142.0,0.4906621052218335
-36.75,142.25,0.4935290822730167
-36.75,142.5,0.48331408226596456
-36.75,142.75,0.47187960246755256
-36.75,143.0,0.46285969200100574
-36.75,143.25,0.4699298888461531
-36.75,143.5,0.46259078246851765
-36.75,143.75,0.4483399996644862
-36.75,144.0,0.4282718275451944
-36.75,144.25,0.4141654196938145
-36.75,144.5,0.3595791090457212
-36.75,144.75,0.3077605829213835
-36.75,145.0,0.27517250070259686
-36.75,145.25,0.2900562512067457
-36.75,145.5,0.2882069745234081
-36.75,145.75,0.2996003212008093
-36.75,146.0,0.2835172739766893
-36.75,146.25,0.2891103295742401
-36.75,146.5,0.2794887410210712
-36.75,146.75,0.27403426361048505
-36.75,147.0,0.2712347209098793
-36.75,147.25,0.2824069743077936
-36.75,147.5,0.3150629289936097
-36.75,147.75,0.33588137661018186
-36.75,148.0,0.3450909714666306
-36.75,148.25,0.361418757647542
-36.75,148.5,0.3294500186241099
-36.75,148.75,0.2853517135084119
-36.75,149.0,0.2788281347125857
-36.75,149.25,0.2580836784310772
-36.75,149.5,0.20624666313552076
-36.75,149.75,0.12982370165645124
-36.75,150.0,0.10140788234060719
-36.75,150.25,0.062128026989687765
-37.0,139.5,0.43573311177924984
-37.0,139.75,0.4548463600643334
-37.0,140.0,0.46860005316280184
-37.0,140.25,0.4625335955194065
-37.0,140.5,0.4538100963192327
-37.0,140.75,0.44995748904489336
-37.0,141.0,0.45061074427905534
-37.0,141.25,0.4702664448746613
-37.0,141.5,0.4808830367844729
-37.0,141.75,0.4890141288772048
-37.0,142.0,0.48814687157670655
-37.0,142.25,0.48826156353045785
-37.0,142.5,0.4705599870887541
-37.0,142.75,0.44984918730333445
-37.0,143.0,0.4447085308975407
-37.0,143.25,0.46012254082819537
-37.0,143.5,0.4509030550582663
-37.0,143.75,0.43725153531524397
-37.0,144.0,0.41801473745366646
-37.0,144.25,0.3968392200147112
-37.0,144.5,0.3369145405523124
-37.0,144.75,0.28242097098624247
-37.0,145.0,0.2515856348687694
-37.0,145.25,0.295883470600737
-37.0,145.5,0.3173428544242467
-37.0,145.75,0.3379463444863047
-37.0,146.0,0.34260445844736837
-37.0,146.25,0.3263257585022421
-37.0,146.5,0.3037021551008192
-37.0,146.75,0.3261305779318458
-37.0,147.0,0.3502595337218649
-37.0,147.25,0.36129599937370843
-37.0,147.5,0.35829171487823175
-37.0,147.75,0.35775057177635883
-37.0,148.0,0.3608563214895271
-37.0,148.25,0.3578941865957209
-37.0,148.5,0.32272713431822403
-37.0,148.75,0.27568779247591185
-37.0,149.0,0.26563707625582106
-37.0,149.25,0.228189072465258
-37.0,149.5,0.15441305058609162
-37.0,149.75,0.07909389898358356
-37.0,150.0,0.056163054760102006
-37.0,150.25,0.04423140262231408
-37.25,139.5,0.432803920270609
-37.25,139.75,0.4498148681241132
-37.25,140.0,0.4707522054335901
-37.25,140.25,0.4670795403066136
-37.25,140.5,0.45494074548284213
-37.25,140.75,0.4517768344708851
-37.25,141.0,0.45311065397801853
-37.25,141.25,0.45807767127241406
-37.25,141.5,0.4675383981139887
-37.25,141.75,0.47600850810607276
-37.25,142.0,0.47655633884881227
-37.25,142.25,0.4838417953235053
-37.25,142.5,0.476772907411214
-37.25,142.75,0.4621120140244741
-37.25,143.0,0.45541048090505815
-37.25,143.25,0.4689706630661108
-37.25,143.5,0.45637965551078585
-37.25,143.75,0.4330525407155316
-37.25,144.0,0.40347590761347896
-37.25,144.25,0.40800759570140926
-37.25,144.5,0.3970042059708032
-37.25,144.75,0.36214129748266366
-37.25,145.0,0.3144807445861044
-37.25,145.25,0.33006374792284554
-37.25,145.5,0.3390996823996483
-37.25,145.75,0.34971978675928855
-37.25,146.0,0.3596356798495565
-37.25,146.25,0.3683841312525883
-37.25,146.5,0.37677363565280325
-37.25,146.75,0.37898770549966554
-37.25,147.0,0.37273746353707143
-37.25,147.25,0.3657341417279981
-37.25,147.5,0.3586597825267485
-37.25,147.75,0.35566896696885425
-37.25,148.0,0.3572411681392363
-37.25,148.25,0.35046252265927336
-37.25,148.5,0.3289199496841147
-37.25,148.75,0.2872623714263595
-37.25,149.0,0.2468832746192458
-37.25,149.25,0.1947945327132142
-37.25,149.5,0.12337748220556283
-37.25,149.75,0.06509433228722108
-37.25,150.0,0.025872021164035513
-37.25,150.25,0.025501662514926422
-37.5,139.75,0.43391594996542804
-37.5,140.0,0.45424683576981933
-37.5,140.25,0.4727067285172996
-37.5,140.5,0.46841556763365155
-37.5,140.75,0.4528670339357285
-37.5,141.0,0.44741767935809634
-37.5,141.25,0.4520944857881183
-37.5,141.5,0.46268029447112763
-37.5,141.75,0.4722923325640815
-37.5,142.0,0.4739050067961216
-37.5,142.25,0.48583091259712263
-37.5,142.5,0.4889964621336687
-37.5,142.75,0.48631233434591975
-37.5,143.0,0.48071997220672313
-37.5,143.25,0.4866704901414258
-37.5,143.5,0.4803768297391278
-37.5,143.75,0.46479598248288745
-37.5,144.0,0.45038743501617795
-37.5,144.25,0.4501040429630805
-37.5,144.5,0.43329019369114014
-37.5,144.75,0.4084121110183852
-37.5,145.0,0.376162708129379
-37.5,145.25,0.3770693028611796
-37.5,145.5,0.36910857749836784
-37.5,145.75,0.3574725267876472
-37.5,146.0,0.35210598716068836
-37.5,146.25,0.3743636605019371
-37.5,146.5,0.37211177111381577
-37.5,146.75,0.35921909741702535
-37.5,147.0,0.3482120235406217
-37.5,147.25,0.33793292389739127
-37.5,147.5,0.3312769981722037
-37.5,147.75,0.3270665064099289
-37.5,148.0,0.3165487145206758
-37.5,148.25,0.29948231302911327
-37.5,148.5,0.2885964878790435
-37.5,148.75,0.2567913945631257
-37.5,149.0,0.18471692786108526
-37.5,149.25,0.12919397465441199
-37.5,149.5,0.08845362623355219
-37.5,149.75,0.052061259491546524
-37.5,150.0,0.02801891025044911
-37.75,140.0,0.4289985384126859
-37.75,140.25,0.44696462282112664
-37.75,140.5,0.4663301899230906
-37.75,140.75,0.47336914259053414
-37.75,141.0,0.47073737666720433
-37.75,141.25,0.4634900933220273
-37.75,141.5,0.4575966737809635
-37.75,141.75,0.46120689167153267
-37.75,142.0,0.4702777827069873
-37.75,142.25,0.48462830671951884
-37.75,142.5,0.489856823888563
-37.75,142.75,0.48971553833356923
-37.75,143.0,0.48368028512313255
-37.75,143.25,0.48038406084690777
-37.75,143.5,0.47200031720456626
-37.75,143.75,0.4627711214479946
-37.75,144.0,0.4584436926059425
-37.75,144.25,0.45345262328074093
-37.75,144.5,0.44078659777130397
-37.75,144.75,0.4271706403011367
-37.75,145.0,0.4086433931475594
-37.75,145.25,0.4087458818086556
-37.75,145.5,0.4047738055742922
-37.75,145.75,0.4014684502922353
-37.75,146.0,0.3965669825850498
-37.75,146.25,0.38369783886841363
-37.75,146.5,0.36491751826944807
-37.75,146.75,0.34589915665842236
-37.75,147.0,0.3266545929369472
-37.75,147.25,0.30995841852078837
-37.75,147.5,0.29808679568980423
-37.75,147.75,0.27734276796912866
-37.75,148.0,0.2500081021682404
-37.75,148.25,0.22819332373993736
-37.75,148.5,0.2041042528248259
-37.75,148.75,0.1667603988350103
-37.75,149.0,0.116735794628039
-37.75,149.25,0.08008653084259658
-37.75,149.5,0.05662097888333457
-37.75,149.75,0.03800561293194603
-38.0,140.25,0.42442646982990917
-38.0,140.5,0.43164350173125665
-38.0,140.75,0.44783105788131555
-38.0,141.0,0.4621112777097594
-38.0,141.25,0.47429446641887935
-38.0,141.5,0.47224425645101636
-38.0,141.75,0.46795464945690973
-38.0,142.0,0.4734904314080874
-38.0,142.25,0.4775836058670566
-38.0,142.5,0.4788856016738074
-38.0,142.75,0.47947067696423756
-38.0,143.0,0.4823120959457897
-38.0,143.25,0.4798826221908842
-38.0,143.5,0.4736759975552559
-38.0,143.75,0.46548131526713926
-38.0,144.0,0.4504516065475487
-38.0,144.25,0.44861875838777493
-38.0,144.5,0.43952797213125794
-38.0,144.75,0.427741995063566
-38.0,145.0,0.4224779497419063
-38.0,145.25,0.42070001078148683
-38.0,145.5,0.4127055829573822
-38.0,145.75,0.394686254406614
-38.0,146.0,0.3815178099969801
-38.0,146.25,0.34830671984791045
-38.0,146.5,0.30950110682197624
-38.0,146.75,0.2737558933706688
-38.0,147.0,0.27124842046094794
-38.0,147.25,0.2609532616522518
-38.0,147.5,0.23403157602685193
-38.0,147.75,0.20217319162246505
-38.0,148.0,0.17385579372224
-38.0,148.25,0.15360238281427882
-38.0,148.5,0.13935983568330162
-38.0,148.75,0.118752887246332
-38.0,149.0,0.10820295791186038
-38.0,149.25,0.09392756617494992
-38.0,149.5,0.06924346516773637
-38.25,140.75,0.41594997372123454
-38.25,141.0,0.42533241740560956
-38.25,141.25,0.4379955742655078
-38.25,141.5,0.45187740900686807
-38.25,141.75,0.4552006479552282
-38.25,142.0,0.4623690917234247
-38.25,142.25,0.4737797716405198
-38.25,142.5,0.4794404334787812
-38.25,142.75,0.4803077238301436
-38.25,143.0,0.48189331399542945
-38.25,143.25,0.48159818885227046
-38.25,143.5,0.47608274926121036
-38.25,143.75,0.46008362745023557
-38.25,144.0,0.45074831814992994
-38.25,144.25,0.4473300427375805
-38.25,144.5,0.4281168349442028
-38.25,144.75,0.4099557064251885
-38.25,145.0,0.41539933258401496
-38.25,145.25,0.4179856309933322
-38.25,145.5,0.4034087317618763
-38.25,145.75,0.3870273217470163
-38.25,146.0,0.36661250170852455
-38.25,146.25,0.3294692349312494
-38.25,146.5,0.28587425079618006
-38.25,146.75,0.25826449662757417
-38.25,147.0,0.2531522994619861
-38.25,147.25,0.23395563865557223
-38.25,147.5,0.2063875344515379
-38.25,147.75,0.18423726711979335
-38.25,148.0,0.16342635748913467
-38.5,141.25,0.4062118269857906
-38.5,141.5,0.4119968764217837
-38.5,141.75,0.41072312730275806
-38.5,142.0,0.41824131961911915
-38.5,142.25,0.4393143426449526
-38.5,142.5,0.44647580953647514
-38.5,142.75,0.4604114870186008
-38.5,143.0,0.47329470535208074
-38.5,143.25,0.47781831294830357
-38.5,143.5,0.4715549215585703
-38.5,143.75,0.4540393358185178
-38.5,144.0,0.4428458703770524
-38.5,144.25,0.4262336719248976
-38.5,145.25,0.38458376295360114
-38.5,145.5,0.37707326025480314
-38.5,145.75,0.37386453847977374
-38.5,146.0,0.36597191494490416
-38.5,146.25,0.3347117294468695
-38.5,146.5,0.2945978849156139
-38.5,146.75,0.24980945371457242
-38.5,147.0,0.230006885853973
-38.5,147.25,0.2082815224776
-38.75,142.75,0.40960234937568507
-38.75,143.0,0.4273628841109929
-38.75,143.25,0.44181259359188735
-38.75,143.5,0.4319700506382755
-38.75,143.75,0.4081022169396636
-38.75,144.0,0.3910923214984082
-38.75,145.5,0.3314237160075988
-38.75,145.75,0.3227648007589215
-38.75,146.0,0.32260248910059175
-38.75,146.25,0.29320987529298737
-38.75,146.5,0.25451950820584207
-38.75,146.75,0.21504185269697615
-38.75,147.0,0.1967762545211285
-39.0,143.25,0.38064736292387047
-39.0,143.5,0.36917278002504084
-39.0,143.75,0.3505494610894294
-39.0,146.0,0.27066306922961736
-39.0,146.25,0.24259754542782458
-39.0,146.5,0.21392284238467082
-40.5,145.0,0.29626649677316197
-40.5,148.0,0.19314196478309376
-40.75,144.75,0.3207573646840285
-40.75,145.0,0.3149313823614128
-40.75,145.25,0.29784938628851837
-40.75,145.5,0.2829069753044418
-40.75,145.75,0.25965541697861183
-40.75,146.0,0.23921431097523532
-40.75,146.75,0.2006251216666507
-40.75,147.0,0.19090363910820868
-40.75,147.25,0.18539603081576173
-40.75,147.5,0.18813452359200233
-40.75,147.75,0.19007145185023547
-40.75,148.0,0.20360441592832407
-40.75,148.25,0.2118278814767975
-41.0,144.5,0.31600555313662404
-41.0,144.75,0.33442809855831523
-41.0,145.0,0.3194779489943314
-41.0,145.25,0.3004022941481145
-41.0,145.5,0.27063122973777354
-41.0,145.75,0.253419143812997
-41.0,146.0,0.2366458052946698
-41.0,146.25,0.23525134376693693
-41.0,146.5,0.22174132205767647
-41.0,146.75,0.2076176236488945
-41.0,147.0,0.2232539756245734
-41.0,147.25,0.21268677567187252
-41.0,147.5,0.2097109780535989
-41.0,147.75,0.21376339330038588
-41.0,148.0,0.22782037962405455
-41.0,148.25,0.2361366137063929
-41.0,148.5,0.2204655613309504
-41.25,144.5,0.30049739948285387
-41.25,144.75,0.32520853685924694
-41.25,145.0,0.32041758860938163
-41.25,145.25,0.29591835683122986
-41.25,145.5,0.2693117635723736
-41.25,145.75,0.23541833269188092
-41.25,146.0,0.21159066441967816
-41.25,146.25,0.22126373496527474
-41.25,146.5,0.22656694221354667
-41.25,146.75,0.22971973202767826
-41.25,147.0,0.2410494323465086
-41.25,147.25,0.2659238708560311
-41.25,147.5,0.2516869060473428
-41.25,147.75,0.24385946102085568
-41.25,148.0,0.2517721833838593
-41.25,148.25,0.25749877752359246
-41.25,148.5,0.23291896316888078
-41.5,144.75,0.29744125720823095
-41.5,145.0,0.3189469738816288
-41.5,145.25,0.3108436741200941
-41.5,145.5,0.2895218576927229
-41.5,145.75,0.24136674450571827
-41.5,146.0,0.19713953547623186
-41.5,146.25,0.18428089978683385
-41.5,146.5,0.21521470909051243
-41.5,146.75,0.22081253357409011
-41.5,147.0,0.22014040636963078
-41.5,147.25,0.24247182677721693
-41.5,147.5,0.25439710482761646
-41.5,147.75,0.2517971377198895
-41.5,148.0,0.25734245347058665
-41.5,148.25,0.2582368991936424
-41.5,148.5,0.23356017723868025
-41.75,144.75,0.2712825500321092
-41.75,145.0,0.3080582825555688
-41.75,145.25,0.3118688802257003
-41.75,145.5,0.29660815009403796
-41.75,145.75,0.27462359723147184
-41.75,146.0,0.2457701738779655
-41.75,146.25,0.22357501515763856
-41.75,146.5,0.22668565148931175
-41.75,146.75,0.24086167493702046
-41.75,147.0,0.2434897579319243
-41.75,147.25,0.23308145437567007
-41.75,147.5,0.22971621317223512
-41.75,147.75,0.23798565808683633
-41.75,148.0,0.24109260637667917
-41.75,148.25,0.23121583790052683
-41.75,148.5,0.21052146240392522
-42.0,145.0,0.2588528911982264
-42.0,145.25,0.2873742138700826
-42.0,145.5,0.2990372535162827
-42.0,145.75,0.2882024823954063
-42.0,146.0,0.2674251703412405
-42.0,146.25,0.2517224118557005
-42.0,146.5,0.24315841068469343
-42.0,146.75,0.2432749383652533
-42.0,147.0,0.2598391182964579
-42.0,147.25,0.2713141368524659
-42.0,147.5,0.2511400379373559
-42.0,147.75,0.24905013752480348
-42.0,148.0,0.24995562137392838
-42.0,148.25,0.2153459097025916
-42.0,148.5,0.19227502861925003
-42.25,145.25,0.23501999782553565
-42.25,145.5,0.25721134047156996
-42.25,145.75,0.25353933549707847
-42.25,146.0,0.24279511116134625
-42.25,146.25,0.21916432416155224
-42.25,146.5,0.2102728391598378
-42.25,146.75,0.2074770084050085
-42.25,147.0,0.22056335062232046
-42.25,147.25,0.24048481673168595
-42.25,147.5,0.24202502185833596
-42.25,147.75,0.23003245836035127
-42.25,148.0,0.22749533677207573
-42.25,148.25,0.19750166644586162
-42.5,145.0,0.20210540242385053
-42.5,145.25,0.20571785313299015
-42.5,145.5,0.22444347066893464
-42.5,145.75,0.22229689046563136
-42.5,146.0,0.21296404616108963
-42.5,146.25,0.18941770019896684
-42.5,146.5,0.16974990842087814
-42.5,146.75,0.16655241616896266
-42.5,147.0,0.19068600743942496
-42.5,147.25,0.21645570818356993
-42.5,147.5,0.22657507261083948
-42.5,147.75,0.23518535745253238
-42.5,148.0,0.2115287501947023
-42.5,148.25,0.18430226226697588
-42.75,145.25,0.19083390268275424
-42.75,145.5,0.20447052231147175
-42.75,145.75,0.2057347761067961
-42.75,146.0,0.19674054601540167
-42.75,146.25,0.1773185653207336
-42.75,146.5,0.14091971143082316
-42.75,146.75,0.13580978256761142
-42.75,147.0,0.1541765858937565
-42.75,147.25,0.20640988837084956
-42.75,147.5,0.22994038297606278
-42.75,147.75,0.22478593500175822
-42.75,148.0,0.19151108711947537
-43.0,145.5,0.1699779967023503
-43.0,145.75,0.17555769389229162
-43.0,146.0,0.18208586744786728
-43.0,146.25,0.16984678426413752
-43.0,146.5,0.13419645294670773
-43.0,146.75,0.1282647120666557
-43.0,147.0,0.14294071013878454
-43.0,147.25,0.19130928392655083
-43.0,147.5,0.18879358262721715
-43.0,147.75,0.17407782641017722
-43.25,145.75,0.13492494351674048
-43.25,146.0,0.1403313955513849
-43.25,146.25,0.14238417470561607
-43.25,146.5,0.12297044434540329
-43.25,146.75,0.11855244184178966
-43.25,147.0,0.13837902110923703
-43.25,147.25,0.15920548912891674
-43.5,146.0,0.08898154665228157
-43.5,146.25,0.09064002766695228
-43.5,146.5,0.08965168898880836
-43.5,146.75,0.10163780748289789
-43.5,147.0,0.12279427596589639
