{
"type": "FeatureCollection",
"name": "100_clusters",
"crs": { "type": "name", "properties": { "name": "urn:ogc:def:crs:OGC:1.3:CRS84" } },
"features": [
{ "type": "Feature", "properties": { "cluster_id": 1, "cohesion": 6.3236194181755288, "distances": { "2": 12.108282962179954, "3": 20.54090850405804, "4": 16.63299298978544, "5": 12.238145462056229, "6": 10.07541780756684, "7": 20.740404176990207, "8": 17.724763630108693, "9": 23.412227467460266, "10": 25.233840571921707, "11": 27.243178140168173, "12": 19.85440601204526, "13": 26.98037488634105, "14": 26.709539274144753, "15": 19.805724376522928, "16": 32.195836190539424, "17": 32.02744678986398, "18": 27.552003766663987, "19": 29.75565819962036, "20": 30.49267873114012, "21": 30.42780847611869, "22": 28.183276019619143, "23": 29.331144008531204, "24": 19.559370710936445, "25": 25.847078672807836, "26": 19.520762369682796, "27": 28.03846895796907, "28": 27.120299279449245, "29": 35.72442960315266, "30": 38.24501601408791, "31": 31.078403615542474, "32": 36.08173458894632, "33": 36.68057934347469, "34": 42.64549817246463, "35": 43.15959922856688, "36": 39.74570865493866, "37": 41.5418484515588, "38": 42.112810111191685, "39": 41.675996755369354, "40": 40.953648213909936, "41": 44.755359899859556, "42": 44.46813288445693, "43": 28.649483747455577, "44": 26.4652514675006, "45": 39.13653105981281, "46": 31.81051206871825, "47": 34.795981700095886, "48": 43.41088929562553, "49": 43.30788926058851, "50": 45.307795306198486, "51": 36.3233161510957, "52": 37.90649653453019, "53": 44.79548854277408, "54": 43.043165971235005, "55": 42.279767908072294, "56": 44.82366368861659, "57": 44.136700067127656, "58": 43.56781427394974, "59": 47.364203019293825, "60": 44.517915640352825, "61": 40.68277139436427, "62": 35.92992450278845, "63": 35.05621936357173, "64": 41.057919954618136, "65": 40.67261971818533, "66": 42.949207442325644, "67": 45.89020713414093, "68": 26.97317827192793, "69": 29.640540622862783, "70": 26.315591499920167, "71": 22.012719894294676, "72": 28.721108405833583, "73": 30.913873672962072, "74": 28.598602183393123, "75": 30.06377197980057, "76": 30.53554265160243, "77": 34.45525183925162, "78": 29.90449077500931, "79": 28.091036327355468, "80": 24.443430877784156, "81": 28.152856114499173, "82": 27.955633239750462, "83": 37.52977103135783, "84": 42.45689613011759, "85": 41.47401358236685, "86": 34.35089313648092, "87": 36.94881920473984, "88": 37.26950401446904, "89": 38.12066081380833, "90": 33.57962018838212, "91": 33.004722170365774, "92": 39.27994607621173, "93": 35.98351712094762, "94": 29.713900052188627, "95": 30.89630958980204, "96": 35.27256482219453, "97": 34.14660235668839, "98": 35.46054298410968, "99": 39.05073707407488, "100": 38.33557661717451 } }, "geometry": { "type": "MultiPolygon", "coordinates": [ [ [ [ 144.625, -17.125 ], [ 144.625, -17.375 ], [ 143.875, -17.375 ], [ 143.875, -17.125 ], [ 144.625, -17.125 ] ] ], [ [ [ 142.625, -10.625 ], [ 142.625, -10.875 ], [ 142.875, -10.875 ], [ 142.875, -11.125 ], [ 143.125, -11.125 ], [ 143.125, -11.875 ], [ 143.375, -11.875 ], [ 143.375, -12.375 ], [ 143.625, -12.375 ], [ 143.625, -12.875 ], [ 143.875, -12.875 ], [ 143.875, -13.875 ], [ 144.625, -13.875 ], [ 144.625, -14.125 ], [ 144.875, -14.125 ], [ 144.875, -14.375 ], [ 145.125, -14.375 ], [ 145.125, -14.625 ], [ 145.375, -14.625 ], [ 145.375, -14.875 ], [ 145.625, -14.875 ], [ 145.625, -16.125 ], [ 145.875, -16.125 ], [ 145.875, -16.625 ], [ 145.625, -16.625 ], [ 145.625, -16.375 ], [ 145.375, -16.375 ], [ 145.375, -16.125 ], [ 145.125, -16.125 ], [ 145.125, -16.625 ], [ 144.875, -16.625 ], [ 144.875, -16.875 ], [ 144.125, -16.875 ], [ 144.125, -16.375 ], [ 144.375, -16.375 ], [ 144.375, -15.625 ], [ 144.125, -15.625 ], [ 144.125, -15.375 ], [ 143.875, -15.375 ], [ 143.875, -15.125 ], [ 143.625, -15.125 ], [ 143.625, -14.625 ], [ 143.125, -14.625 ], [ 143.125, -14.875 ], [ 142.375, -14.875 ], [ 142.375, -14.375 ], [ 142.125, -14.375 ], [ 142.125, -13.625 ], [ 141.875, -13.625 ], [ 141.875, -11.625 ], [ 142.125, -11.625 ], [ 142.125, -10.625 ], [ 142.625, -10.625 ] ] ] ] } },
{ "type": "Feature", "properties": { "cluster_id": 2, "cohesion": 7.1078975056942806, "distances": { "1": 12.108282962179954, "3": 16.319313153704783, "4": 15.577086668379234, "5": 15.159865006230854, "6": 10.823636115026696, "7": 17.649344345495656, "8": 11.551973404807613, "9": 18.635936929375617, "10": 20.50859014664846, "11": 22.77558453621531, "12": 14.06857695238255, "13": 22.130332331233785, "14": 22.151752269006145, "15": 14.569207366240947, "16": 29.170203207287692, "17": 28.96217751142352, "18": 23.727125690910967, "19": 26.101221728137574, "20": 27.147599162005964, "21": 27.623238290472937, "22": 25.623335329462197, "23": 27.954951921540047, "24": 16.016232596177346, "25": 21.43767850776019, "26": 15.905002563607553, "27": 24.95469572475408, "28": 23.693968598993905, "29": 35.617008603997675, "30": 38.66754924167979, "31": 32.54713068987188, "32": 37.07810118290342, "33": 37.231630298351156, "34": 42.71395879300711, "35": 42.04657638250278, "36": 38.48946235945735, "37": 39.6345499109396, "38": 41.07904194009971, "39": 41.47395400912589, "40": 41.527509302006614, "41": 44.66367539930102, "42": 44.09804197621078, "43": 28.151555638161668, "44": 25.97985546253946, "45": 37.19519167419675, "46": 30.54301579156212, "47": 33.504752595612445, "48": 41.97161893747295, "49": 41.11596808225049, "50": 43.51821691722158, "51": 35.478008782711385, "52": 37.440415066803205, "53": 43.54716591945841, "54": 41.462657437921294, "55": 40.73042083155193, "56": 44.18315689388006, "57": 43.40251970567413, "58": 42.76694627575331, "59": 45.72057065344649, "60": 43.06160798845948, "61": 38.95225229183438, "62": 34.48359452085982, "63": 34.249102312161085, "64": 39.1526037562652, "65": 39.211298803330884, "66": 40.76511772832966, "67": 44.276055819340236, "68": 23.234475269632295, "69": 26.69134978925007, "70": 23.924340036420798, "71": 20.32489086299962, "72": 25.642919415960847, "73": 26.999228389468502, "74": 24.311558010070918, "75": 27.137147966320633, "76": 28.86784029397245, "77": 32.764307375952974, "78": 27.595017029366318, "79": 29.45668922137861, "80": 25.68961390913721, "81": 28.193860825819556, "82": 26.78638283477723, "83": 35.97555769071773, "84": 41.551579659512555, "85": 40.3565320341503, "86": 31.343959329555158, "87": 34.80827424489509, "88": 34.65982220147886, "89": 36.01141454978998, "90": 31.16360932080593, "91": 30.332131985380077, "92": 37.65006229476637, "93": 33.61599199688476, "94": 28.719122007519438, "95": 29.855139732124673, "96": 33.823317373676815, "97": 32.1511834877764, "98": 33.000064744944005, "99": 37.14173587165987, "100": 36.92185020861811 } }, "geometry": { "type": "MultiPolygon", "coordinates": [ [ [ [ 142.125, -16.125 ], [ 142.125, -16.375 ], [ 142.375, -16.375 ], [ 142.375, -16.625 ], [ 142.625, -16.625 ], [ 142.625, -17.625 ], [ 142.875, -17.625 ], [ 142.875, -18.125 ], [ 143.125, -18.125 ], [ 143.125, -18.375 ], [ 143.375, -18.375 ], [ 143.375, -19.375 ], [ 143.625, -19.375 ], [ 143.625, -19.625 ], [ 143.375, -19.625 ], [ 143.375, -20.125 ], [ 143.125, -20.125 ], [ 143.125, -19.875 ], [ 142.875, -19.875 ], [ 142.875, -19.625 ], [ 142.625, -19.625 ], [ 142.625, -18.875 ], [ 142.375, -18.875 ], [ 142.375, -18.375 ], [ 142.125, -18.375 ], [ 142.125, -17.625 ], [ 141.875, -17.625 ], [ 141.875, -16.125 ], [ 142.125, -16.125 ] ] ], [ [ [ 141.875, -16.125 ], [ 141.625, -16.125 ], [ 141.625, -15.625 ], [ 141.875, -15.625 ], [ 141.875, -16.125 ] ] ], [ [ [ 141.375, -15.125 ], [ 141.125, -15.125 ], [ 141.125, -13.625 ], [ 141.375, -13.625 ], [ 141.375, -14.125 ], [ 141.625, -14.125 ], [ 141.625, -15.625 ], [ 141.375, -15.625 ], [ 141.375, -15.125 ] ] ] ] } },
{ "type": "Feature", "properties": { "cluster_id": 3, "cohesion": 6.4135753449333786, "distances": { "1": 20.54090850405804, "2": 16.319313153704783, "4": 11.5684189409294, "5": 15.528856951229955, "6": 15.223940287772589, "7": 28.04186968384941, "8": 21.920658914776226, "9": 25.855193384932644, "10": 28.81240208101202, "11": 28.695589548349968, "12": 17.878550036139092, "13": 21.754197701668133, "14": 15.252949760284743, "15": 10.072551297957023, "16": 27.49856286916672, "17": 26.847220194102547, "18": 27.02562247881599, "19": 29.735336434049927, "20": 28.298812798961237, "21": 27.62492693419963, "22": 26.67567944155306, "23": 27.829633880169943, "24": 21.78099141851963, "25": 23.402365122101962, "26": 21.05902798062845, "27": 23.441251464679638, "28": 20.593610891783907, "29": 31.046025268080577, "30": 33.098718739008575, "31": 29.788241007781906, "32": 32.07466361327972, "33": 30.02998288034321, "34": 34.09642535252806, "35": 32.983214069803566, "36": 31.567964986799264, "37": 31.03296814137775, "38": 33.02117425280963, "39": 34.61854671184177, "40": 35.05674124650705, "41": 35.94152257250155, "42": 35.59800840056163, "43": 24.440577926504858, "44": 24.634716457486043, "45": 30.330152605269753, "46": 26.722203324415148, "47": 27.782942573539394, "48": 33.54842533301908, "49": 32.61522388909653, "50": 34.68871340454275, "51": 28.193333231323763, "52": 28.77975697530647, "53": 33.68898705745304, "54": 32.922372503127576, "55": 31.452902506196942, "56": 34.59226218629557, "57": 33.768863640957015, "58": 32.894462909502415, "59": 35.90167865930483, "60": 33.37149447109712, "61": 30.034516047501814, "62": 27.261148729641537, "63": 26.49677388885921, "64": 31.30591670513705, "65": 31.75651870290598, "66": 32.19882468909748, "67": 35.1434787341221, "68": 11.108764684613433, "69": 14.740822028456323, "70": 14.287178123305647, "71": 10.616723080170932, "72": 18.789257850567683, "73": 17.15309065855682, "74": 15.44100637947387, "75": 22.21724932823981, "76": 27.35646019927895, "77": 27.965036827507568, "78": 22.656300885917013, "79": 29.2668910061698, "80": 24.952993390605673, "81": 28.922787469051787, "82": 26.20196390406031, "83": 27.515014304242353, "84": 32.29919668112642, "85": 31.258046200277963, "86": 23.17213949083782, "87": 27.648159518130342, "88": 24.41475674490024, "89": 26.59708098643311, "90": 21.74471727451512, "91": 22.67739389083938, "92": 29.960145622204507, "93": 28.386916527427623, "94": 23.82658660449695, "95": 27.72660354143555, "96": 28.683122859791307, "97": 28.72583447808399, "98": 28.66357042727993, "99": 30.28584249672881, "100": 30.723410752594386 } }, "geometry": { "type": "MultiPolygon", "coordinates": [ [ [ [ 144.125, -20.625 ], [ 144.125, -20.875 ], [ 144.375, -20.875 ], [ 144.375, -21.375 ], [ 143.875, -21.375 ], [ 143.875, -21.625 ], [ 143.625, -21.625 ], [ 143.625, -22.375 ], [ 143.375, -22.375 ], [ 143.375, -22.125 ], [ 143.125, -22.125 ], [ 143.125, -21.625 ], [ 143.375, -21.625 ], [ 143.375, -21.375 ], [ 143.625, -21.375 ], [ 143.625, -20.875 ], [ 143.875, -20.875 ], [ 143.875, -20.625 ], [ 144.125, -20.625 ] ] ], [ [ [ 143.875, -20.625 ], [ 143.625, -20.625 ], [ 143.625, -20.375 ], [ 143.875, -20.375 ], [ 143.875, -20.625 ] ] ], [ [ [ 145.375, -19.375 ], [ 145.625, -19.375 ], [ 145.625, -19.625 ], [ 145.875, -19.625 ], [ 145.875, -19.875 ], [ 144.125, -19.875 ], [ 144.125, -19.375 ], [ 144.375, -19.375 ], [ 144.375, -19.125 ], [ 145.375, -19.125 ], [ 145.375, -19.375 ] ] ] ] } },
{ "type": "Feature", "properties": { "cluster_id": 4, "cohesion": 7.3503148743935416, "distances": { "1": 16.63299298978544, "2": 15.577086668379234, "3": 11.5684189409294, "5": 12.610065948001163, "6": 11.423302864255586, "7": 28.20173942543485, "8": 22.880804580423387, "9": 27.861441146859185, "10": 30.939479475981237, "11": 31.761223097049513, "12": 21.1572223128011, "13": 26.57213980908797, "14": 21.48027075750956, "15": 15.275525576396332, "16": 31.59269989538901, "17": 31.09966891121116, "18": 29.904502681936624, "19": 33.10083793837927, "20": 31.977679908552307, "21": 31.205482951211206, "22": 29.277517632809296, "23": 30.026235331529588, "24": 21.95615410302112, "25": 25.891631859598153, "26": 22.63744362184884, "27": 26.018471552224252, "28": 22.186491080873537, "29": 32.57203090046001, "30": 33.93581462361203, "31": 28.871076927644463, "32": 31.96194664213825, "33": 29.59696384844146, "34": 34.57519536179561, "35": 35.9342634842791, "36": 34.099172391714404, "37": 34.57085933774001, "38": 35.681650296188835, "39": 36.32826000044367, "40": 35.79544283414522, "41": 37.3083475524134, "42": 37.62656567261398, "43": 23.339571950947857, "44": 22.932040896353186, "45": 30.448944432767785, "46": 25.6719136748798, "47": 27.076959833278632, "48": 33.3459923580519, "49": 33.7368389265927, "50": 35.579848089853655, "51": 27.30299892203491, "52": 28.381146850065655, "53": 34.27346709755899, "54": 35.94695851119824, "55": 34.41557054622485, "56": 36.61169979349768, "57": 36.25399987203124, "58": 33.897494911505646, "59": 37.33602683193634, "60": 35.258706842953636, "61": 31.60504990785226, "62": 29.274341436510124, "63": 27.3278917304915, "64": 33.49075861941466, "65": 34.23219428348449, "66": 33.84388808086757, "67": 37.240199399154854, "68": 17.153022979238916, "69": 18.41541928640246, "70": 14.039962776724748, "71": 11.376945704654617, "72": 20.86895038421799, "73": 22.147643706167926, "74": 21.686768670664723, "75": 25.211591508488556, "76": 29.4938426377915, "77": 30.531681358016517, "78": 25.5952635083217, "79": 28.639992249970263, "80": 23.822209914213815, "81": 29.501637443191495, "82": 27.725049515166155, "83": 30.96807696090072, "84": 35.0321262063046, "85": 34.3041082855298, "86": 26.52383274578205, "87": 30.768963309856478, "88": 28.18877298354824, "89": 30.33951164795336, "90": 26.255786151330515, "91": 27.46882455062673, "92": 33.61174139634772, "93": 32.518222268366195, "94": 25.355073307496095, "95": 29.852836291729446, "96": 31.409200873419785, "97": 32.3340373483492, "98": 32.79321296057143, "99": 34.05543593613821, "100": 33.75934754809518 } }, "geometry": { "type": "MultiPolygon", "coordinates": [ [ [ [ 143.875, -20.875 ], [ 143.625, -20.875 ], [ 143.625, -20.625 ], [ 143.875, -20.625 ], [ 143.875, -20.875 ] ] ], [ [ [ 143.375, -19.625 ], [ 143.625, -19.625 ], [ 143.625, -20.625 ], [ 143.375, -20.625 ], [ 143.375, -19.625 ] ] ], [ [ [ 144.375, -19.125 ], [ 144.375, -19.375 ], [ 144.125, -19.375 ], [ 144.125, -19.625 ], [ 143.625, -19.625 ], [ 143.625, -19.375 ], [ 143.875, -19.375 ], [ 143.875, -19.125 ], [ 144.125, -19.125 ], [ 144.125, -18.875 ], [ 144.625, -18.875 ], [ 144.625, -18.625 ], [ 144.875, -18.625 ], [ 144.875, -18.375 ], [ 145.125, -18.375 ], [ 145.125, -19.125 ], [ 144.375, -19.125 ] ] ], [ [ [ 145.375, -17.125 ], [ 145.375, -16.625 ], [ 145.625, -16.625 ], [ 145.625, -17.125 ], [ 145.875, -17.125 ], [ 145.875, -17.375 ], [ 146.125, -17.375 ], [ 146.125, -17.625 ], [ 146.375, -17.625 ], [ 146.375, -18.125 ], [ 146.625, -18.125 ], [ 146.625, -18.875 ], [ 147.375, -18.875 ], [ 147.375, -19.125 ], [ 147.625, -19.125 ], [ 147.625, -19.375 ], [ 147.875, -19.375 ], [ 147.875, -19.625 ], [ 148.375, -19.625 ], [ 148.375, -19.875 ], [ 148.625, -19.875 ], [ 148.625, -20.125 ], [ 148.875, -20.125 ], [ 148.875, -20.375 ], [ 149.125, -20.375 ], [ 149.125, -20.875 ], [ 148.875, -20.875 ], [ 148.875, -20.625 ], [ 148.625, -20.625 ], [ 148.625, -20.375 ], [ 148.375, -20.375 ], [ 148.375, -20.625 ], [ 148.125, -20.625 ], [ 148.125, -20.375 ], [ 147.625, -20.375 ], [ 147.625, -20.125 ], [ 147.375, -20.125 ], [ 147.375, -19.625 ], [ 147.125, -19.625 ], [ 147.125, -19.375 ], [ 146.875, -19.375 ], [ 146.875, -19.125 ], [ 146.125, -19.125 ], [ 146.125, -18.875 ], [ 145.875, -18.875 ], [ 145.875, -18.625 ], [ 145.375, -18.625 ], [ 145.375, -18.375 ], [ 145.125, -18.375 ], [ 145.125, -17.125 ], [ 145.375, -17.125 ] ] ] ] } },
{ "type": "Feature", "properties": { "cluster_id": 5, "cohesion": 5.6004395451015814, "distances": { "1": 12.238145462056229, "2": 15.159865006230858, "3": 15.528856951229955, "4": 12.610065948001163, "6": 9.89400113370681, "7": 27.513802278185956, "8": 23.105639472901252, "9": 27.573697172958298, "10": 30.885115905396407, "11": 31.773862040186714, "12": 22.905195674357543, "13": 28.074469671075537, "14": 23.985654803415418, "15": 18.45115932562686, "16": 31.359949198941127, "17": 31.81992488185979, "18": 29.493552092341382, "19": 33.36343847922299, "20": 32.07536598474324, "21": 30.237151013550235, "22": 28.037505852146133, "23": 27.766015123097382, "24": 22.548675657084473, "25": 26.689902742741108, "26": 21.312695650385233, "27": 25.99704060577821, "28": 24.280722497638063, "29": 29.849005550438182, "30": 31.243616288246137, "31": 25.438860237589584, "32": 29.053586076445768, "33": 28.418959121190568, "34": 33.675936030119516, "35": 35.53455609284389, "36": 32.86242403003597, "37": 34.44772931491951, "38": 34.42003759689806, "39": 34.116185587729355, "40": 33.24932268169297, "41": 35.83864456971457, "42": 36.39599294844802, "43": 24.14646811870578, "44": 23.522580963319342, "45": 33.26885170831965, "46": 27.760064608668646, "47": 29.39108275646372, "48": 35.982061919829064, "49": 36.22038896266564, "50": 37.696472402819815, "51": 29.537841363032058, "52": 29.577087953744297, "53": 36.343428233977676, "54": 35.86763383834307, "55": 35.09716216733678, "56": 35.96381136142855, "57": 35.855656901105846, "58": 34.44841338217844, "59": 39.05003902319867, "60": 36.371001763009126, "61": 32.68654370174816, "62": 28.208153445319102, "63": 26.59270695878522, "64": 33.55989438101613, "65": 33.47140211475485, "66": 35.524761795213074, "67": 37.9425484537532, "68": 20.048748852670357, "69": 21.69550503217224, "70": 20.4004018454748, "71": 13.886181477375425, "72": 24.26229876213279, "73": 24.700402703375037, "74": 23.777008457291505, "75": 26.127575623945646, "76": 27.645765076983857, "77": 29.57752377127402, "78": 24.99261686020674, "79": 24.54758420106581, "80": 20.814595270650315, "81": 26.09674847500364, "82": 25.526403918407908, "83": 31.601476890188916, "84": 35.009062269712906, "85": 34.47545111949677, "86": 28.453738385115567, "87": 31.123706036473575, "88": 29.283765362848495, "89": 30.85000160267622, "90": 27.4019524942623, "91": 28.55500816331782, "92": 33.96509238370228, "93": 33.179550272028656, "94": 23.2109980931758, "95": 27.30321747893751, "96": 29.553809447773464, "97": 30.924333860883888, "98": 32.49712476509538, "99": 33.80552501496776, "100": 32.477539596119314 } }, "geometry": { "type": "Polygon", "coordinates": [ [ [ 143.125, -14.625 ], [ 143.125, -14.875 ], [ 142.375, -14.875 ], [ 142.375, -15.875 ], [ 142.625, -15.875 ], [ 142.625, -16.125 ], [ 142.875, -16.125 ], [ 142.875, -16.375 ], [ 143.875, -16.375 ], [ 143.875, -17.125 ], [ 144.625, -17.125 ], [ 144.625, -16.875 ], [ 144.125, -16.875 ], [ 144.125, -16.375 ], [ 144.375, -16.375 ], [ 144.375, -15.625 ], [ 144.125, -15.625 ], [ 144.125, -15.375 ], [ 143.875, -15.375 ], [ 143.875, -15.125 ], [ 143.625, -15.125 ], [ 143.625, -14.625 ], [ 143.125, -14.625 ] ] ] } },
{ "type": "Feature", "properties": { "cluster_id": 6, "cohesion": 7.2329121341410199, "distances": { "1": 10.075417807566838, "2": 10.823636115026696, "3": 15.223940287772589, "4": 11.423302864255588, "5": 9.894001133706814, "7": 23.224287031314223, "8": 18.477377011080563, "9": 24.306767879869028, "10": 27.08436133678833, "11": 28.73059308058035, "12": 19.25148727854865, "13": 26.157514921119354, "14": 23.62107995071859, "15": 16.397702742213188, "16": 31.469109407552523, "17": 31.293129238547582, "18": 27.822337392167665, "19": 30.942039078992806, "20": 30.753228089498503, "21": 30.31193291085049, "22": 28.09886809096905, "23": 29.285273914700902, "24": 19.121396059687253, "25": 24.730376972632502, "26": 19.39362875848119, "27": 26.35491638939847, "28": 23.920626874232422, "29": 34.00040736030576, "30": 35.86346127423217, "31": 29.46430727896995, "32": 33.63877921674371, "33": 32.915040999218036, "34": 38.49388719891147, "35": 39.60326872526979, "36": 36.83901045040926, "37": 38.07275821015582, "38": 38.766952423588364, "39": 38.810548234522884, "40": 38.15151463826103, "41": 40.91054145657234, "42": 41.02984422038151, "43": 25.73172911568018, "44": 24.239582257064942, "45": 35.07554711777555, "46": 28.716664914064406, "47": 30.955772579012805, "48": 38.683981805227795, "49": 38.928286950229975, "50": 40.751060515404085, "51": 32.01397360139199, "52": 33.219944662344766, "53": 39.81052701691388, "54": 39.5841300077364, "55": 38.555983200449624, "56": 40.74256376693156, "57": 40.29594485515993, "58": 38.80265149438365, "59": 42.65035430967112, "60": 40.06630215971161, "61": 36.59055801992426, "62": 32.50530179567767, "63": 31.293561090606374, "64": 37.32668901452866, "65": 37.47449753913916, "66": 38.723815100547775, "67": 41.81257809835498, "68": 21.84045862709451, "69": 24.207209092893454, "70": 20.92665810433737, "71": 16.40601394361672, "72": 25.004302573483514, "73": 26.42814825742395, "74": 24.78958690488087, "75": 27.544475821906413, "76": 29.743451698173928, "77": 32.44075269396834, "78": 27.582693545319408, "79": 27.89293519435349, "80": 23.843120060148674, "81": 28.508052240549077, "82": 27.573570797986676, "83": 34.36880883577052, "84": 38.946822179901396, "85": 38.031185750581166, "86": 30.604177440692105, "87": 33.96068666353944, "88": 32.78855151571135, "89": 34.26796302030151, "90": 29.895379120719806, "91": 30.139426207609194, "92": 36.56089377870051, "93": 34.2065470876238, "94": 27.193061428350976, "95": 30.035213596218252, "96": 33.09595250129447, "97": 32.931380096438986, "98": 33.960640054960464, "99": 36.56436618298932, "100": 35.97211303293814 } }, "geometry": { "type": "MultiPolygon", "coordinates": [ [ [ [ 145.875, -16.625 ], [ 145.875, -16.875 ], [ 146.125, -16.875 ], [ 146.125, -17.125 ], [ 146.375, -17.125 ], [ 146.375, -17.375 ], [ 146.625, -17.375 ], [ 146.625, -17.875 ], [ 146.375, -17.875 ], [ 146.375, -17.625 ], [ 146.125, -17.625 ], [ 146.125, -17.375 ], [ 145.875, -17.375 ], [ 145.875, -17.125 ], [ 145.625, -17.125 ], [ 145.625, -16.625 ], [ 145.875, -16.625 ] ] ], [ [ [ 145.375, -16.625 ], [ 145.375, -17.125 ], [ 145.125, -17.125 ], [ 145.125, -18.375 ], [ 144.875, -18.375 ], [ 144.875, -18.625 ], [ 144.625, -18.625 ], [ 144.625, -18.875 ], [ 144.125, -18.875 ], [ 144.125, -19.125 ], [ 143.875, -19.125 ], [ 143.875, -19.375 ], [ 143.375, -19.375 ], [ 143.375, -18.375 ], [ 143.125, -18.375 ], [ 143.125, -18.125 ], [ 142.875, -18.125 ], [ 142.875, -17.625 ], [ 142.625, -17.625 ], [ 142.625, -16.625 ], [ 142.375, -16.625 ], [ 142.375, -16.375 ], [ 142.125, -16.375 ], [ 142.125, -16.125 ], [ 141.875, -16.125 ], [ 141.875, -15.625 ], [ 141.625, -15.625 ], [ 141.625, -14.125 ], [ 141.375, -14.125 ], [ 141.375, -13.625 ], [ 141.125, -13.625 ], [ 141.125, -12.875 ], [ 141.375, -12.875 ], [ 141.375, -12.125 ], [ 141.625, -12.125 ], [ 141.625, -11.125 ], [ 141.875, -11.125 ], [ 141.875, -10.875 ], [ 142.125, -10.875 ], [ 142.125, -11.625 ], [ 141.875, -11.625 ], [ 141.875, -13.625 ], [ 142.125, -13.625 ], [ 142.125, -14.375 ], [ 142.375, -14.375 ], [ 142.375, -15.875 ], [ 142.625, -15.875 ], [ 142.625, -16.125 ], [ 142.875, -16.125 ], [ 142.875, -16.375 ], [ 143.875, -16.375 ], [ 143.875, -17.375 ], [ 144.625, -17.375 ], [ 144.625, -16.875 ], [ 144.875, -16.875 ], [ 144.875, -16.625 ], [ 145.125, -16.625 ], [ 145.125, -16.125 ], [ 145.375, -16.125 ], [ 145.375, -16.375 ], [ 145.625, -16.375 ], [ 145.625, -16.625 ], [ 145.375, -16.625 ] ] ] ] } },
{ "type": "Feature", "properties": { "cluster_id": 7, "cohesion": 6.3712505199442617, "distances": { "1": 20.740404176990207, "2": 17.649344345495656, "3": 28.04186968384941, "4": 28.20173942543485, "5": 27.513802278185956, "6": 23.224287031314223, "8": 11.981392880528155, "9": 10.692138866119462, "10": 11.820259616242861, "11": 15.727895357914894, "12": 17.665798044404745, "13": 22.69574000189822, "14": 28.38500113142447, "15": 23.955350025047416, "16": 27.138850807904632, "17": 28.38050787218748, "18": 17.609750765950768, "19": 20.28132018838156, "20": 22.94387572370929, "21": 24.596795083051695, "22": 22.7514244508109, "23": 27.010978755697472, "24": 12.920092045724779, "25": 17.280780815892363, "26": 13.867306341842156, "27": 24.35349215635506, "28": 25.359617699183016, "29": 40.716395859819436, "30": 45.08584909590917, "31": 39.53065310988334, "32": 44.25065205366108, "33": 45.8536256366829, "34": 50.89952432731131, "35": 48.86401601143708, "36": 44.75089159431146, "37": 46.316056524617416, "38": 48.24927028812722, "39": 48.16423541045836, "40": 48.35970047413538, "41": 52.00042907495244, "42": 50.695330455336176, "43": 34.55809143464448, "44": 31.65963880216153, "45": 43.14352121765982, "46": 36.249565231365544, "47": 40.150573842565706, "48": 49.320393339348875, "49": 47.057632639374354, "50": 49.84001883815607, "51": 43.43596224547143, "52": 46.33722909059979, "53": 51.54449580161281, "54": 45.84069677322526, "55": 45.9655870401833, "56": 51.27624440133395, "57": 50.1130055423293, "58": 51.0766201432376, "59": 52.36420920265477, "60": 49.5637470699999, "61": 45.44982337741008, "62": 40.30899376766747, "63": 41.85988124962161, "64": 44.07580891650881, "65": 43.48534795379587, "66": 46.379044262122704, "67": 49.747356834456056, "68": 33.86942842521313, "69": 37.32309627607663, "70": 34.735898041954094, "71": 32.84580008631982, "72": 33.31028413810933, "73": 35.631357362596034, "74": 31.726022687278764, "75": 32.358362163907586, "76": 31.882927431199935, "77": 37.428735713023954, "78": 32.162256203052685, "79": 34.36796579746386, "80": 31.06202054411827, "81": 30.62662389743311, "82": 29.219866446512388, "83": 41.90023261800066, "84": 47.37892136764462, "85": 46.53042817047272, "86": 38.67710549250006, "87": 40.715345547055755, "88": 43.328029095223954, "89": 43.58936655123174, "90": 38.45862825697661, "91": 35.70244782782072, "92": 41.45824316679846, "93": 34.85470759174534, "94": 33.98084490265814, "95": 31.070725823298698, "96": 36.685868950429715, "97": 32.143673512325, "98": 32.90837183958822, "99": 39.44497149344966, "100": 39.66258211302132 } }, "geometry": { "type": "Polygon", "coordinates": [ [ [ 133.125, -11.875 ], [ 133.125, -12.375 ], [ 132.625, -12.375 ], [ 132.625, -12.625 ], [ 132.125, -12.625 ], [ 132.125, -12.875 ], [ 131.875, -12.875 ], [ 131.875, -13.125 ], [ 131.125, -13.125 ], [ 131.125, -13.375 ], [ 130.875, -13.375 ], [ 130.875, -13.625 ], [ 130.375, -13.625 ], [ 130.375, -13.875 ], [ 130.125, -13.875 ], [ 130.125, -14.125 ], [ 129.875, -14.125 ], [ 129.875, -14.875 ], [ 130.375, -14.875 ], [ 130.375, -14.625 ], [ 130.875, -14.625 ], [ 130.875, -15.375 ], [ 131.375, -15.375 ], [ 131.375, -16.125 ], [ 131.625, -16.125 ], [ 131.625, -15.875 ], [ 132.125, -15.875 ], [ 132.125, -16.125 ], [ 132.625, -16.125 ], [ 132.625, -15.375 ], [ 132.375, -15.375 ], [ 132.375, -14.875 ], [ 132.625, -14.875 ], [ 132.625, -14.625 ], [ 132.875, -14.625 ], [ 132.875, -14.375 ], [ 133.125, -14.375 ], [ 133.125, -14.125 ], [ 133.375, -14.125 ], [ 133.375, -13.625 ], [ 133.625, -13.625 ], [ 133.625, -13.375 ], [ 133.875, -13.375 ], [ 133.875, -13.125 ], [ 134.875, -13.125 ], [ 134.875, -13.375 ], [ 135.375, -13.375 ], [ 135.375, -13.125 ], [ 135.625, -13.125 ], [ 135.625, -12.875 ], [ 135.875, -12.875 ], [ 135.875, -12.375 ], [ 135.625, -12.375 ], [ 135.625, -12.125 ], [ 133.875, -12.125 ], [ 133.875, -11.875 ], [ 133.125, -11.875 ] ] ] } },
{ "type": "Feature", "properties": { "cluster_id": 8, "cohesion": 6.2881881047598194, "distances": { "1": 17.724763630108697, "2": 11.551973404807613, "3": 21.920658914776226, "4": 22.88080458042339, "5": 23.105639472901252, "6": 18.477377011080563, "7": 11.981392880528155, "9": 13.07158161788139, "10": 12.577216492787143, "11": 15.945282271532667, "12": 11.716854614602608, "13": 19.354926854577915, "14": 23.637800050530632, "15": 17.61561996983812, "16": 27.282368971992994, "17": 27.12280939132216, "18": 19.84984841671537, "19": 20.52249348153261, "20": 23.410030811336576, "21": 25.37097448955653, "22": 24.03426124050415, "23": 27.723536762476357, "24": 14.90199768680327, "25": 19.195492900214447, "26": 14.860602306345491, "27": 25.007669163357022, "28": 25.245953843893048, "29": 39.25118433978132, "30": 43.47624601424497, "31": 37.89254359399831, "32": 42.55265134720712, "33": 43.406391591789685, "34": 48.56429828152705, "35": 46.408626148145764, "36": 42.48297920533689, "37": 43.52446718857134, "38": 45.74604359647315, "39": 46.25035558766984, "40": 46.73786623338829, "41": 49.982780356956546, "42": 48.78584925659227, "43": 32.13507714864496, "44": 29.390135745630754, "45": 40.47353534748397, "46": 33.68635028282376, "47": 37.37307352060192, "48": 46.47656020490938, "49": 44.503549698121354, "50": 47.41049437762227, "51": 40.385975089323296, "52": 43.318537095334996, "53": 48.63753509317584, "54": 44.39400559712835, "55": 43.92333748372291, "56": 49.05963623607401, "57": 47.89820478637712, "58": 48.27528368846174, "59": 49.974888901643574, "60": 47.26130887413294, "61": 42.963874965751835, "62": 38.36398115180587, "63": 39.27642703288998, "64": 42.39578663864016, "65": 42.21940664765954, "66": 44.113363121623195, "67": 47.87298145289346, "68": 28.420706677909898, "69": 32.34394270872592, "70": 29.818490704359796, "71": 27.514251012659507, "72": 29.2617955797116, "73": 30.934962448745278, "74": 27.1270989866637, "75": 29.405185950289496, "76": 30.269566186810813, "77": 35.3634954828564, "78": 29.877004900465597, "79": 33.28855775759164, "80": 29.49798747366754, "81": 29.89234728602539, "82": 27.9886782726814, "83": 39.2617332068642, "84": 45.305576730471955, "85": 44.17769270374897, "86": 34.93750298483642, "87": 38.01767803167582, "88": 39.38834137518916, "89": 40.26653768216457, "90": 34.864109480727194, "91": 32.494177066091574, "92": 39.71845998542853, "93": 33.65113177277126, "94": 32.32252010074511, "95": 31.064545798089473, "96": 35.9683325584484, "97": 32.22129701420936, "98": 32.62305726663727, "99": 38.53357452126141, "100": 38.95669398685777 } }, "geometry": { "type": "Polygon", "coordinates": [ [ [ 141.125, -15.125 ], [ 141.125, -15.875 ], [ 140.875, -15.875 ], [ 140.875, -16.875 ], [ 140.625, -16.875 ], [ 140.625, -17.375 ], [ 140.375, -17.375 ], [ 140.375, -17.625 ], [ 141.125, -17.625 ], [ 141.125, -17.875 ], [ 141.375, -17.875 ], [ 141.375, -18.125 ], [ 141.625, -18.125 ], [ 141.625, -18.625 ], [ 141.875, -18.625 ], [ 141.875, -18.875 ], [ 142.125, -18.875 ], [ 142.125, -19.375 ], [ 142.375, -19.375 ], [ 142.375, -20.125 ], [ 142.875, -20.125 ], [ 142.875, -19.625 ], [ 142.625, -19.625 ], [ 142.625, -18.875 ], [ 142.375, -18.875 ], [ 142.375, -18.375 ], [ 142.125, -18.375 ], [ 142.125, -17.625 ], [ 141.875, -17.625 ], [ 141.875, -16.125 ], [ 141.625, -16.125 ], [ 141.625, -15.625 ], [ 141.375, -15.625 ], [ 141.375, -15.125 ], [ 141.125, -15.125 ] ] ] } },
{ "type": "Feature", "properties": { "cluster_id": 9, "cohesion": 7.8643133186188914, "distances": { "1": 23.412227467460262, "2": 18.63593692937562, "3": 25.855193384932644, "4": 27.861441146859182, "5": 27.573697172958298, "6": 24.306767879869025, "7": 10.69213886611946, "8": 13.071581617881392, "10": 10.7981733025834, "11": 13.141556129763885, "12": 16.212769941990363, "13": 18.92434253941079, "14": 24.36988446607294, "15": 21.71942992746608, "16": 22.232404950087115, "17": 24.27288843379406, "18": 13.066092646880438, "19": 17.373622182559252, "20": 18.855743463868077, "21": 19.76240423712889, "22": 18.57199962150303, "23": 23.27717757610376, "24": 13.923162766681813, "25": 13.284679848306915, "26": 11.746542499021814, "27": 20.198384622349888, "28": 22.668645968327105, "29": 38.020879440904764, "30": 42.674710410295326, "31": 38.58819987766897, "32": 42.44033251034534, "33": 43.8204597121699, "34": 48.166096855175, "35": 44.759581221952885, "36": 41.34321825669672, "37": 42.19543161548996, "38": 44.5371311340942, "39": 45.03012786384414, "40": 45.74264200522969, "41": 48.66788965412718, "42": 47.031238818795025, "43": 33.12729389837164, "44": 31.072160124657653, "45": 40.880154884296935, "46": 35.038055033720816, "47": 38.36790848104234, "48": 46.90347104902805, "49": 43.990718356261794, "50": 46.85726991509445, "51": 41.4348817855937, "52": 44.01156999023827, "53": 48.62996098365066, "54": 41.66240064712834, "55": 41.760697125912515, "56": 47.47585847392749, "57": 46.081727388920285, "58": 47.9303878212387, "59": 48.98784163801142, "60": 46.03565624353299, "61": 41.88578407237833, "62": 36.59713826088758, "63": 38.715188921900626, "64": 40.3369962917894, "65": 39.59467062074765, "66": 42.94804518805387, "67": 46.041464672744056, "68": 30.531867809717568, "69": 34.20639839646181, "70": 33.045606425743586, "71": 30.924840742853917, "72": 31.064019779265422, "73": 32.038121526190544, "74": 27.668913111147322, "75": 29.45783244733223, "76": 29.464067853964526, "77": 34.39827470341249, "78": 28.62604059052758, "79": 33.68995925210089, "80": 30.339627246502733, "81": 29.44491415245748, "82": 27.17638154255002, "83": 37.83184283494683, "84": 43.1815531239204, "85": 42.37795294558442, "86": 35.38481553748181, "87": 37.15759266546648, "88": 39.409740867140975, "89": 39.48015168205193, "90": 34.343910585625885, "91": 31.39056107031735, "92": 36.983656153609914, "93": 30.376663995018426, "94": 30.573969294406528, "95": 27.319682838701816, "96": 32.54174792203071, "97": 27.38883261850382, "98": 27.923706395957403, "99": 34.788329595762285, "100": 35.41980804975998 } }, "geometry": { "type": "MultiPolygon", "coordinates": [ [ [ [ 132.625, -15.125 ], [ 132.875, -15.125 ], [ 132.875, -15.375 ], [ 133.875, -15.375 ], [ 133.875, -15.625 ], [ 134.125, -15.625 ], [ 134.125, -15.375 ], [ 134.375, -15.375 ], [ 134.375, -15.125 ], [ 134.625, -15.125 ], [ 134.625, -14.875 ], [ 135.375, -14.875 ], [ 135.375, -15.125 ], [ 136.375, -15.125 ], [ 136.375, -15.375 ], [ 136.625, -15.375 ], [ 136.625, -15.625 ], [ 137.375, -15.625 ], [ 137.375, -15.875 ], [ 137.875, -15.875 ], [ 137.875, -16.125 ], [ 138.125, -16.125 ], [ 138.125, -16.375 ], [ 137.375, -16.375 ], [ 137.375, -16.125 ], [ 136.375, -16.125 ], [ 136.375, -17.375 ], [ 135.875, -17.375 ], [ 135.875, -17.125 ], [ 135.375, -17.125 ], [ 135.375, -16.875 ], [ 134.875, -16.875 ], [ 134.875, -17.125 ], [ 134.375, -17.125 ], [ 134.375, -16.875 ], [ 133.875, -16.875 ], [ 133.875, -17.125 ], [ 132.625, -17.125 ], [ 132.625, -15.375 ], [ 132.375, -15.375 ], [ 132.375, -14.875 ], [ 132.625, -14.875 ], [ 132.625, -15.125 ] ] ], [ [ [ 130.375, -14.625 ], [ 130.875, -14.625 ], [ 130.875, -15.375 ], [ 131.375, -15.375 ], [ 131.375, -16.125 ], [ 131.125, -16.125 ], [ 131.125, -16.375 ], [ 130.875, -16.375 ], [ 130.875, -16.625 ], [ 130.375, -16.625 ], [ 130.375, -16.125 ], [ 130.625, -16.125 ], [ 130.625, -15.625 ], [ 129.875, -15.625 ], [ 129.875, -15.875 ], [ 129.625, -15.875 ], [ 129.625, -16.125 ], [ 129.125, -16.125 ], [ 129.125, -16.375 ], [ 128.875, -16.375 ], [ 128.875, -15.875 ], [ 128.375, -15.875 ], [ 128.375, -15.125 ], [ 128.625, -15.125 ], [ 128.625, -14.875 ], [ 129.625, -14.875 ], [ 129.625, -14.125 ], [ 129.875, -14.125 ], [ 129.875, -14.875 ], [ 130.375, -14.875 ], [ 130.375, -14.625 ] ] ], [ [ [ 130.125, -14.125 ], [ 129.875, -14.125 ], [ 129.875, -13.875 ], [ 130.125, -13.875 ], [ 130.125, -14.125 ] ] ], [ [ [ 130.125, -13.875 ], [ 130.125, -13.625 ], [ 130.375, -13.625 ], [ 130.375, -13.875 ], [ 130.125, -13.875 ] ] ], [ [ [ 135.375, -13.375 ], [ 135.375, -13.625 ], [ 135.125, -13.625 ], [ 135.125, -13.875 ], [ 134.875, -13.875 ], [ 134.875, -14.125 ], [ 134.375, -14.125 ], [ 134.375, -13.125 ], [ 134.875, -13.125 ], [ 134.875, -13.375 ], [ 135.375, -13.375 ] ] ], [ [ [ 130.875, -13.625 ], [ 130.375, -13.625 ], [ 130.375, -13.375 ], [ 130.625, -13.375 ], [ 130.625, -13.125 ], [ 131.125, -13.125 ], [ 131.125, -13.375 ], [ 130.875, -13.375 ], [ 130.875, -13.625 ] ] ], [ [ [ 131.875, -13.125 ], [ 131.125, -13.125 ], [ 131.125, -12.875 ], [ 131.875, -12.875 ], [ 131.875, -13.125 ] ] ] ] } },
{ "type": "Feature", "properties": { "cluster_id": 10, "cohesion": 7.568119429177175, "distances": { "1": 25.23384057192171, "2": 20.50859014664846, "3": 28.81240208101202, "4": 30.939479475981237, "5": 30.885115905396407, "6": 27.08436133678833, "7": 11.820259616242863, "8": 12.577216492787143, "9": 10.798173302583402, "11": 9.842120179622412, "12": 15.071478669038706, "13": 18.17521259730218, "14": 26.072927860873957, "15": 23.24920037583946, "16": 24.259741388074822, "17": 24.67441979954276, "18": 16.178499658484395, "19": 14.619285661391121, "20": 18.912924537266647, "21": 22.153319061879643, "22": 22.37703264162882, "23": 26.957874678532658, "24": 18.382737674028654, "25": 18.758732339124627, "26": 17.00083450517958, "27": 25.527646277887673, "28": 28.155952564799513, "29": 42.054801274622605, "30": 47.15314874248776, "31": 42.77214617642598, "32": 47.059181133443815, "33": 48.70549639861944, "34": 53.212480050239456, "35": 49.122474363934586, "36": 45.63073090431708, "37": 46.30282551323739, "38": 49.0697530261686, "39": 49.65952206208508, "40": 50.54219356961998, "41": 53.741657223148835, "42": 51.78657012260407, "43": 36.82041335606994, "44": 34.32815269898549, "45": 44.46949426265737, "46": 38.23652969353032, "47": 42.00265679944462, "48": 51.12164620443956, "49": 47.97014117158478, "50": 51.10799237683256, "51": 45.51948776419486, "52": 48.721855139892625, "53": 53.20814390678209, "54": 45.98274700694477, "55": 45.77498495476429, "56": 52.36869011936545, "57": 50.69218113580307, "58": 52.786040012553364, "59": 53.54519371708416, "60": 50.52621407216129, "61": 46.36221753855883, "62": 41.380137777046535, "63": 43.48058561152056, "64": 44.9301428075798, "65": 44.12151382169949, "66": 47.196898306278634, "67": 50.513200101403484, "68": 34.038143291109165, "69": 38.24285207888526, "70": 36.61920974647182, "71": 34.745866943419266, "72": 34.21996191802703, "73": 35.603477688099325, "74": 30.605101508531654, "75": 32.60203116266204, "76": 32.33448150645953, "77": 37.88909097717799, "78": 32.32264668922157, "79": 37.15411395496346, "80": 33.55540619335112, "81": 32.18388119406119, "82": 29.90242672266921, "83": 41.17941691059556, "84": 47.36478794956607, "85": 46.336550865840266, "86": 38.94606460894549, "87": 40.85391351798296, "88": 43.68288764458498, "89": 43.53612792297687, "90": 37.69820541736345, "91": 33.89318479371637, "92": 40.20685996855372, "93": 32.474145564306625, "94": 35.31843210394483, "95": 31.466442182714797, "96": 36.99652826715438, "97": 30.909321568716052, "98": 30.815993625754793, "99": 38.4363668176606, "100": 39.60178192701436 } }, "geometry": { "type": "Polygon", "coordinates": [ [ [ 129.875, -15.625 ], [ 129.875, -15.875 ], [ 129.625, -15.875 ], [ 129.625, -16.125 ], [ 129.125, -16.125 ], [ 129.125, -16.375 ], [ 128.875, -16.375 ], [ 128.875, -17.625 ], [ 128.625, -17.625 ], [ 128.625, -18.125 ], [ 129.125, -18.125 ], [ 129.125, -17.875 ], [ 129.875, -17.875 ], [ 129.875, -17.625 ], [ 130.125, -17.625 ], [ 130.125, -17.375 ], [ 130.375, -17.375 ], [ 130.375, -17.125 ], [ 130.625, -17.125 ], [ 130.625, -17.375 ], [ 130.875, -17.375 ], [ 130.875, -17.625 ], [ 131.125, -17.625 ], [ 131.125, -17.875 ], [ 131.375, -17.875 ], [ 131.375, -18.125 ], [ 131.625, -18.125 ], [ 131.625, -18.375 ], [ 131.875, -18.375 ], [ 131.875, -18.625 ], [ 133.125, -18.625 ], [ 133.125, -18.875 ], [ 133.875, -18.875 ], [ 133.875, -18.625 ], [ 134.125, -18.625 ], [ 134.125, -18.125 ], [ 135.375, -18.125 ], [ 135.375, -17.875 ], [ 136.375, -17.875 ], [ 136.375, -18.125 ], [ 137.875, -18.125 ], [ 137.875, -18.375 ], [ 138.625, -18.375 ], [ 138.625, -18.625 ], [ 138.875, -18.625 ], [ 138.875, -18.875 ], [ 139.125, -18.875 ], [ 139.125, -19.375 ], [ 139.375, -19.375 ], [ 139.375, -19.125 ], [ 140.125, -19.125 ], [ 140.125, -19.625 ], [ 141.125, -19.625 ], [ 141.125, -19.875 ], [ 141.375, -19.875 ], [ 141.375, -20.125 ], [ 142.375, -20.125 ], [ 142.375, -19.375 ], [ 142.125, -19.375 ], [ 142.125, -18.875 ], [ 141.875, -18.875 ], [ 141.875, -18.625 ], [ 141.625, -18.625 ], [ 141.625, -18.125 ], [ 141.375, -18.125 ], [ 141.375, -17.875 ], [ 141.125, -17.875 ], [ 141.125, -17.625 ], [ 140.375, -17.625 ], [ 140.375, -17.375 ], [ 139.625, -17.375 ], [ 139.625, -17.125 ], [ 139.375, -17.125 ], [ 139.375, -16.875 ], [ 139.125, -16.875 ], [ 139.125, -16.625 ], [ 138.875, -16.625 ], [ 138.875, -16.375 ], [ 137.375, -16.375 ], [ 137.375, -16.125 ], [ 136.375, -16.125 ], [ 136.375, -17.375 ], [ 135.875, -17.375 ], [ 135.875, -17.125 ], [ 135.375, -17.125 ], [ 135.375, -16.875 ], [ 134.875, -16.875 ], [ 134.875, -17.125 ], [ 134.375, -17.125 ], [ 134.375, -16.875 ], [ 133.875, -16.875 ], [ 133.875, -17.125 ], [ 132.625, -17.125 ], [ 132.625, -16.125 ], [ 132.125, -16.125 ], [ 132.125, -15.875 ], [ 131.625, -15.875 ], [ 131.625, -16.125 ], [ 131.125, -16.125 ], [ 131.125, -16.375 ], [ 130.875, -16.375 ], [ 130.875, -16.875 ], [ 130.375, -16.875 ], [ 130.375, -16.125 ], [ 130.625, -16.125 ], [ 130.625, -15.625 ], [ 129.875, -15.625 ] ] ] } },
{ "type": "Feature", "properties": { "cluster_id": 11, "cohesion": 7.8725535036232595, "distances": { "1": 27.243178140168173, "2": 22.775584536215312, "3": 28.695589548349968, "4": 31.761223097049513, "5": 31.77386204018671, "6": 28.73059308058035, "7": 15.72789535791489, "8": 15.945282271532667, "9": 13.141556129763885, "10": 9.842120179622412, "12": 14.813506087812584, "13": 14.625254067691912, "14": 23.65806875905916, "15": 22.735176120641373, "16": 20.55187834180866, "17": 20.408438544163804, "18": 15.20100833657037, "19": 10.35117654051184, "20": 14.889326724040012, "21": 19.181304533626754, "22": 21.166266582931, "23": 25.52393452693382, "24": 20.52944267638212, "25": 19.17409749631371, "26": 18.311934963168245, "27": 24.97012401482496, "28": 28.241423613161533, "29": 40.847350880855934, "30": 46.208756576025024, "31": 42.92970772282377, "32": 46.73861411470464, "33": 48.52445640894603, "34": 52.486873673839085, "35": 47.00794864179843, "36": 44.22516286657864, "37": 44.353155385805046, "38": 47.48840316440411, "39": 48.361890022131625, "40": 49.61649066500758, "41": 52.49624400745094, "42": 50.04593441327428, "43": 37.011930320098195, "44": 35.0238728649311, "45": 43.84626878173313, "46": 38.34265957802868, "47": 41.90497359570579, "48": 50.599026967609035, "49": 46.771541985159075, "50": 49.97432416516394, "51": 45.36472405500017, "52": 48.447153587081026, "53": 52.30947003255477, "54": 43.63840765002212, "55": 43.316505642197505, "56": 50.71841887055952, "57": 48.65325206309843, "58": 51.798641968794065, "59": 52.14023310115186, "60": 48.89047631420225, "61": 44.957782501933025, "62": 40.11489687953322, "63": 42.62253705074806, "64": 43.37933990165362, "65": 42.25046792999752, "66": 45.788205122034526, "67": 48.687044213511726, "68": 33.14844841036575, "69": 37.55784538220302, "70": 36.62744392408503, "71": 34.773194721252956, "72": 33.729867255267486, "73": 34.604529415012266, "74": 28.95594196067972, "75": 31.55743936013098, "76": 31.358045779562993, "77": 36.50440203683497, "78": 30.92249472352991, "79": 37.21248570060257, "80": 33.38464016674565, "81": 31.74074356650294, "82": 28.983906674565443, "83": 38.51101989534333, "84": 44.92665673302825, "85": 43.86056945785477, "86": 37.795282193787656, "87": 39.22244062752708, "88": 42.38274268099799, "89": 41.68781329519747, "90": 35.41520224203973, "91": 30.872213155056762, "92": 36.99943972820524, "93": 28.65900038170266, "94": 34.51227199927281, "95": 30.03534706019437, "96": 35.184567125938216, "97": 28.086099438997447, "98": 27.308385319831043, "99": 35.39956031477712, "100": 37.21777845780177 } }, "geometry": { "type": "MultiPolygon", "coordinates": [ [ [ [ 128.625, -18.125 ], [ 129.125, -18.125 ], [ 129.125, -17.875 ], [ 129.875, -17.875 ], [ 129.875, -17.625 ], [ 130.125, -17.625 ], [ 130.125, -17.375 ], [ 130.375, -17.375 ], [ 130.375, -17.125 ], [ 130.625, -17.125 ], [ 130.625, -17.375 ], [ 130.875, -17.375 ], [ 130.875, -17.625 ], [ 131.125, -17.625 ], [ 131.125, -17.875 ], [ 131.375, -17.875 ], [ 131.375, -18.125 ], [ 131.625, -18.125 ], [ 131.625, -18.375 ], [ 131.875, -18.375 ], [ 131.875, -18.625 ], [ 133.125, -18.625 ], [ 133.125, -18.875 ], [ 133.875, -18.875 ], [ 133.875, -18.625 ], [ 134.125, -18.625 ], [ 134.125, -18.125 ], [ 135.375, -18.125 ], [ 135.375, -17.875 ], [ 136.375, -17.875 ], [ 136.375, -18.125 ], [ 137.875, -18.125 ], [ 137.875, -18.375 ], [ 138.625, -18.375 ], [ 138.625, -18.625 ], [ 138.875, -18.625 ], [ 138.875, -18.875 ], [ 139.125, -18.875 ], [ 139.125, -19.375 ], [ 139.375, -19.375 ], [ 139.375, -19.125 ], [ 140.125, -19.125 ], [ 140.125, -19.625 ], [ 141.125, -19.625 ], [ 141.125, -19.875 ], [ 141.375, -19.875 ], [ 141.375, -20.125 ], [ 141.625, -20.125 ], [ 141.625, -20.625 ], [ 141.375, -20.625 ], [ 141.375, -21.125 ], [ 140.375, -21.125 ], [ 140.375, -20.875 ], [ 139.125, -20.875 ], [ 139.125, -20.625 ], [ 138.875, -20.625 ], [ 138.875, -20.375 ], [ 138.625, -20.375 ], [ 138.625, -20.125 ], [ 138.375, -20.125 ], [ 138.375, -19.875 ], [ 138.125, -19.875 ], [ 138.125, -20.125 ], [ 137.625, -20.125 ], [ 137.625, -19.875 ], [ 137.125, -19.875 ], [ 137.125, -19.375 ], [ 135.875, -19.375 ], [ 135.875, -19.125 ], [ 134.875, -19.125 ], [ 134.875, -19.375 ], [ 132.875, -19.375 ], [ 132.875, -19.125 ], [ 130.875, -19.125 ], [ 130.875, -18.875 ], [ 130.125, -18.875 ], [ 130.125, -19.125 ], [ 128.625, -19.125 ], [ 128.625, -18.625 ], [ 128.375, -18.625 ], [ 128.375, -17.625 ], [ 128.625, -17.625 ], [ 128.625, -18.125 ] ] ], [ [ [ 128.875, -17.625 ], [ 128.625, -17.625 ], [ 128.625, -16.625 ], [ 128.875, -16.625 ], [ 128.875, -17.625 ] ] ], [ [ [ 130.875, -16.875 ], [ 130.375, -16.875 ], [ 130.375, -16.625 ], [ 130.875, -16.625 ], [ 130.875, -16.875 ] ] ] ] } },
{ "type": "Feature", "properties": { "cluster_id": 12, "cohesion": 5.4363627712159381, "distances": { "1": 19.85440601204526, "2": 14.068576952382548, "3": 17.878550036139096, "4": 21.157222312801103, "5": 22.905195674357543, "6": 19.25148727854865, "7": 17.665798044404745, "8": 11.716854614602608, "9": 16.212769941990363, "10": 15.071478669038704, "11": 14.813506087812584, "13": 12.281318105810795, "14": 16.281866988938507, "15": 11.243876168981709, "16": 23.74909436989976, "17": 21.29959697873824, "18": 20.307439806211665, "19": 17.151278284488846, "20": 19.98942506538154, "21": 23.41619779269974, "22": 23.963785829702513, "23": 27.197024141073456, "24": 18.091220771463018, "25": 20.089932919535425, "26": 16.989694243477985, "27": 24.63171736849017, "28": 24.698342252149533, "29": 37.737386695204385, "30": 41.928206982620765, "31": 37.753355421424324, "32": 41.59113633397854, "33": 41.782132524907865, "34": 46.22879894981172, "35": 42.43925988703487, "36": 40.20494441542098, "37": 39.88610906071992, "38": 42.89735792169898, "39": 44.1194619245607, "40": 44.98253223448025, "41": 47.294810660787284, "42": 45.607748145891684, "43": 30.652510924050702, "44": 29.01260278427984, "45": 38.04409237924878, "46": 32.34670207426035, "47": 35.27451518226349, "48": 43.836176442101944, "49": 41.47685793542213, "50": 44.399663640158415, "51": 37.99296747061684, "52": 40.892229326156276, "53": 45.39979990375842, "54": 40.70555174049014, "55": 39.3825930603828, "56": 45.608073575288344, "57": 43.827217650398666, "58": 45.14895899804313, "59": 46.61446858002009, "60": 43.5846362736299, "61": 39.88306030530884, "62": 35.934452781883806, "63": 36.88140865544978, "64": 39.69529771482941, "65": 39.460454605498434, "66": 41.09962449760185, "67": 44.5430315753799, "68": 23.84217579303521, "69": 28.616782957630555, "70": 26.694826989394475, "71": 24.75986825347281, "72": 26.26045731479845, "73": 27.07888866492346, "74": 21.94712192401318, "75": 26.778162422538408, "76": 29.378804936578213, "77": 33.264793018880184, "78": 27.53305044222448, "79": 33.70178358968397, "80": 28.94993789770739, "81": 30.150260794629745, "82": 27.24606022714183, "83": 33.97790608279634, "84": 40.75135820616954, "85": 39.371992890876946, "86": 31.688901805835528, "87": 34.85594673798409, "88": 35.89000910637653, "89": 36.20076727238783, "90": 29.462904348865365, "91": 26.249234537469196, "92": 34.47069034999647, "93": 28.169284357927626, "94": 30.65947339529661, "95": 29.9877152978016, "96": 33.86405620283143, "97": 29.62621947186684, "98": 28.765350755938204, "99": 34.53357349193899, "100": 36.07085699257938 } }, "geometry": { "type": "Polygon", "coordinates": [ [ [ 142.875, -19.875 ], [ 142.875, -20.125 ], [ 141.625, -20.125 ], [ 141.625, -20.625 ], [ 141.375, -20.625 ], [ 141.375, -21.375 ], [ 143.125, -21.375 ], [ 143.125, -19.875 ], [ 142.875, -19.875 ] ] ] } },
{ "type": "Feature", "properties": { "cluster_id": 13, "cohesion": 6.3085869858795594, "distances": { "1": 26.98037488634105, "2": 22.130332331233788, "3": 21.754197701668133, "4": 26.572139809087968, "5": 28.074469671075537, "6": 26.157514921119354, "7": 22.695740001898216, "8": 19.354926854577915, "9": 18.924342539410794, "10": 18.17521259730218, "11": 14.625254067691912, "12": 12.281318105810797, "14": 12.489880908123734, "15": 15.51221400175176, "16": 17.634269402235724, "17": 12.844955961541327, "18": 19.373411254765855, "19": 12.36372240956093, "20": 14.281404099090448, "21": 19.29648724823057, "22": 22.61906423136043, "23": 25.43773756322927, "24": 22.087826750715198, "25": 20.57835638119478, "26": 19.68731395459557, "27": 23.867410152430637, "28": 25.048360621207667, "29": 36.475803084692416, "30": 41.32135506832261, "31": 39.71772964430734, "32": 42.355701653584894, "33": 42.780843584306346, "34": 45.86644163564906, "35": 38.900996508602915, "36": 38.386188712275455, "37": 36.71831369721957, "38": 40.71852005306007, "39": 42.612897908608474, "40": 44.27906235212457, "41": 45.65394016569628, "42": 42.88973678695503, "43": 31.989303215920565, "44": 31.394532497188163, "45": 37.42724963897607, "46": 33.386250356058845, "47": 35.890332357990964, "48": 43.50666271781074, "49": 39.64101802866367, "50": 42.67817809876603, "51": 38.67463837881261, "52": 41.50207233182501, "53": 44.40411723628107, "54": 36.46533489488995, "55": 34.87467144896156, "56": 42.985851330707064, "57": 40.331210815106985, "58": 44.09962105784571, "59": 44.361996672981164, "60": 40.903338995392986, "61": 37.90763589945116, "62": 34.2771600338594, "63": 36.25906079566334, "64": 37.18054369659003, "65": 36.352572857574344, "66": 38.85549219915189, "67": 41.410210071896714, "68": 24.80948998111012, "69": 29.569817885152855, "70": 29.42249174910759, "71": 28.029350059524727, "72": 27.222698677688832, "73": 26.929230820692073, "74": 20.219750734261194, "75": 26.03516860676253, "76": 28.727376598917353, "77": 31.586918308825805, "78": 25.764140422053785, "79": 35.46381709018248, "80": 30.420085687008466, "81": 30.757211186328586, "82": 26.83383561269958, "83": 28.97337911697382, "84": 36.263953935996184, "85": 34.85499334555003, "86": 30.727500865118625, "87": 32.501704178361805, "88": 34.496836907155185, "89": 33.348389043706106, "90": 25.663828813002862, "91": 20.173743355388556, "92": 28.10093937184728, "93": 20.49464821273883, "94": 29.93429211223391, "95": 28.075426806808895, "96": 30.98504623656199, "97": 24.93173133936115, "98": 22.415891003332167, "99": 28.906768910207113, "100": 31.954467150375727 } }, "geometry": { "type": "Polygon", "coordinates": [ [ [ 138.375, -20.375 ], [ 138.375, -20.625 ], [ 138.625, -20.625 ], [ 138.625, -21.375 ], [ 138.875, -21.375 ], [ 138.875, -21.875 ], [ 140.625, -21.875 ], [ 140.625, -21.625 ], [ 140.875, -21.625 ], [ 140.875, -21.875 ], [ 142.375, -21.875 ], [ 142.375, -21.375 ], [ 141.375, -21.375 ], [ 141.375, -21.125 ], [ 140.375, -21.125 ], [ 140.375, -20.875 ], [ 139.125, -20.875 ], [ 139.125, -20.625 ], [ 138.875, -20.625 ], [ 138.875, -20.375 ], [ 138.375, -20.375 ] ] ] } },
{ "type": "Feature", "properties": { "cluster_id": 14, "cohesion": 5.4460712654939654, "distances": { "1": 26.70953927414475, "2": 22.151752269006145, "3": 15.252949760284743, "4": 21.48027075750956, "5": 23.985654803415418, "6": 23.62107995071859, "7": 28.38500113142447, "8": 23.637800050530632, "9": 24.369884466072936, "10": 26.072927860873953, "11": 23.658068759059155, "12": 16.281866988938507, "13": 12.489880908123734, "15": 11.338032714400939, "16": 20.634508428916448, "17": 16.525289622864893, "18": 24.170859028431295, "19": 22.094885894637805, "20": 20.904387126434106, "21": 22.727382110033894, "22": 24.90717819874318, "23": 26.380623008158512, "24": 23.97174742525986, "25": 22.711287590686673, "26": 21.628494884773676, "27": 23.379411044848993, "28": 22.57659549436659, "29": 32.415967230866414, "30": 36.183408418026545, "31": 35.34921029956038, "32": 36.94377018967032, "33": 35.78390007991737, "34": 38.44452266480148, "35": 31.67076235573896, "36": 32.64302054015735, "37": 29.75650481051387, "38": 33.9507465163239, "39": 36.723163208527545, "40": 38.392599239671725, "41": 38.47639741269488, "42": 36.17660076515138, "43": 27.479879287141824, "44": 28.332798275765786, "45": 32.36203471747248, "46": 29.657410400087553, "47": 30.65083893638624, "48": 36.857037697567876, "49": 33.83036999379379, "50": 36.412509179161525, "51": 32.11107170896658, "52": 33.840585590701416, "53": 36.72365112301646, "54": 31.269323454520375, "55": 28.820232690884076, "56": 35.543336729013525, "57": 32.93610222526351, "58": 36.13039943097094, "59": 37.44173900659486, "60": 34.02462790232105, "61": 31.4521346919535, "62": 28.748037157630723, "63": 29.540001119546815, "64": 32.005807445151156, "65": 31.676041284682665, "66": 33.128881542906925, "67": 35.420865747465754, "68": 15.717376730409184, "69": 20.74354367328712, "70": 21.79844056414488, "71": 20.569007157771125, "72": 21.30524482063729, "73": 19.06896861805258, "74": 12.17710188564095, "75": 21.893317164424463, "76": 27.3305788807245, "77": 27.726170484505044, "78": 22.151617376038402, "79": 33.221275002172106, "80": 28.017896383008747, "81": 30.37859398327789, "82": 26.214437621779407, "83": 22.035026746011532, "84": 29.503554857776596, "85": 27.754421933633548, "86": 24.003598477520924, "87": 26.719189727612008, "88": 26.03476796480545, "89": 25.31772696798675, "90": 17.078170806806877, "91": 13.455965643076038, "92": 23.378937624478382, "93": 19.5789502831546, "94": 25.39236986865264, "95": 27.003060476080332, "96": 27.93424027953157, "97": 24.695373557556746, "98": 22.385090787337337, "99": 25.904685947604623, "100": 28.707249078935597 } }, "geometry": { "type": "Polygon", "coordinates": [ [ [ 140.625, -21.625 ], [ 140.625, -21.875 ], [ 140.125, -21.875 ], [ 140.125, -22.125 ], [ 140.375, -22.125 ], [ 140.375, -22.375 ], [ 140.625, -22.375 ], [ 140.625, -22.625 ], [ 141.125, -22.625 ], [ 141.125, -22.375 ], [ 141.625, -22.375 ], [ 141.625, -22.625 ], [ 141.875, -22.625 ], [ 141.875, -23.125 ], [ 142.125, -23.125 ], [ 142.125, -23.375 ], [ 142.875, -23.375 ], [ 142.875, -23.125 ], [ 143.125, -23.125 ], [ 143.125, -22.875 ], [ 143.375, -22.875 ], [ 143.375, -22.625 ], [ 143.125, -22.625 ], [ 143.125, -22.375 ], [ 142.875, -22.375 ], [ 142.875, -22.125 ], [ 142.625, -22.125 ], [ 142.625, -21.875 ], [ 140.875, -21.875 ], [ 140.875, -21.625 ], [ 140.625, -21.625 ] ] ] } },
{ "type": "Feature", "properties": { "cluster_id": 15, "cohesion": 5.6089658589220424, "distances": { "1": 19.805724376522928, "2": 14.56920736624095, "3": 10.072551297957023, "4": 15.275525576396332, "5": 18.451159325626858, "6": 16.397702742213188, "7": 23.955350025047416, "8": 17.61561996983812, "9": 21.71942992746608, "10": 23.24920037583946, "11": 22.735176120641373, "12": 11.243876168981709, "13": 15.512214001751762, "14": 11.338032714400937, "16": 24.72709644388085, "17": 22.619414869599186, "18": 23.87928251131765, "19": 23.771095052976694, "20": 23.824060455954417, "21": 25.018450385020902, "22": 25.068300378062677, "23": 27.032544528802365, "24": 19.975395237525806, "25": 21.565814732319577, "26": 18.855820540288672, "27": 23.435473611434784, "28": 21.82148370373982, "29": 33.74791059166007, "30": 36.877355516219936, "31": 33.36190829350073, "32": 36.2737833865625, "33": 35.097375873625424, "34": 39.18567648334798, "35": 36.25861020603343, "36": 34.97933336512334, "37": 34.0366471727404, "38": 36.87849974252471, "39": 38.56540590107736, "40": 39.293986439279514, "41": 40.5653859161262, "42": 39.462781491890155, "43": 26.400336551403726, "44": 25.98019035140974, "45": 33.02685358143546, "46": 28.570176523430415, "47": 30.310886295105306, "48": 37.50615769941533, "49": 35.78613501293099, "50": 38.311291930637346, "51": 31.872550176579427, "52": 33.73300157077509, "53": 38.236515839821756, "54": 35.4610719323042, "55": 33.781719966100205, "56": 38.79230065832292, "57": 37.29511872950268, "58": 37.75633431910836, "59": 39.984654940691655, "60": 37.083118815172696, "61": 33.66610128104558, "62": 30.43630883484373, "63": 30.494278940489835, "64": 34.36607580608775, "65": 34.46436298811451, "66": 35.420207394835614, "67": 38.58331409077899, "68": 15.083547311975686, "69": 20.24150419830474, "70": 19.033267953905483, "71": 16.89464147716722, "72": 20.86959468822233, "73": 20.13089815869373, "74": 15.539635448631227, "75": 23.159167892058644, "76": 27.862106424875325, "77": 29.727014558396604, "78": 24.01412056901365, "79": 31.24356835138399, "80": 26.362434004422525, "81": 29.380950251818067, "82": 26.26510988329941, "83": 28.626462295414036, "84": 34.84211404487245, "85": 33.51978162197139, "86": 25.897439845286428, "87": 29.934183053714808, "88": 28.610712945981945, "89": 29.648779640747534, "90": 23.030229436498015, "91": 21.58606445016306, "92": 30.323489857974224, "93": 26.53547722599027, "94": 26.07860358758797, "95": 28.10008392666274, "96": 30.251956366208383, "97": 28.17151091494612, "98": 27.441560317494293, "99": 30.99363881333486, "100": 32.22649832664385 } }, "geometry": { "type": "Polygon", "coordinates": [ [ [ 143.125, -20.125 ], [ 143.125, -21.375 ], [ 142.375, -21.375 ], [ 142.375, -21.875 ], [ 142.625, -21.875 ], [ 142.625, -22.125 ], [ 142.875, -22.125 ], [ 142.875, -22.375 ], [ 143.125, -22.375 ], [ 143.125, -22.625 ], [ 143.375, -22.625 ], [ 143.375, -22.125 ], [ 143.125, -22.125 ], [ 143.125, -21.625 ], [ 143.375, -21.625 ], [ 143.375, -21.375 ], [ 143.625, -21.375 ], [ 143.625, -20.625 ], [ 143.375, -20.625 ], [ 143.375, -20.125 ], [ 143.125, -20.125 ] ] ] } },
{ "type": "Feature", "properties": { "cluster_id": 16, "cohesion": 6.1054725229256164, "distances": { "1": 32.195836190539424, "2": 29.170203207287692, "3": 27.49856286916671, "4": 31.59269989538901, "5": 31.359949198941134, "6": 31.469109407552523, "7": 27.138850807904632, "8": 27.282368971992994, "9": 22.232404950087115, "10": 24.25974138807482, "11": 20.551878341808663, "12": 23.74909436989976, "13": 17.634269402235724, "14": 20.63450842891644, "15": 24.72709644388085, "17": 12.77717824523071, "18": 16.117970973955227, "19": 16.851648054332465, "20": 10.756745091861479, "21": 9.814497136922638, "22": 16.883191269538788, "23": 18.756606960482678, "24": 24.706881347964497, "25": 19.045512421626984, "26": 21.235506828100323, "27": 19.35766047676092, "28": 23.270064761500855, "29": 32.838365762551575, "30": 37.71007818638716, "31": 38.737855663147215, "32": 39.82594920314153, "33": 40.80967315196508, "34": 42.29955775330826, "35": 34.47535223343466, "36": 35.02400709556772, "37": 33.67556036005972, "38": 36.96168407786794, "39": 38.396394942998185, "40": 40.20886680303694, "41": 40.509994777554695, "42": 37.60607205429796, "43": 33.57442207923494, "44": 33.96285452080331, "45": 37.22332285672764, "46": 35.15318087840761, "47": 37.10017534363529, "48": 42.63834610602872, "49": 37.381021769479034, "50": 40.01391224676332, "51": 39.204787723919814, "52": 40.472637538537604, "53": 42.19179828641065, "54": 28.922941471779822, "55": 28.640983788445265, "56": 37.394989469876954, "57": 34.79012478263638, "58": 40.75904860427631, "59": 40.36255801585516, "60": 36.26608494773066, "61": 34.29721870579866, "62": 29.794280927840997, "63": 33.64012552749403, "64": 31.89348785966319, "65": 29.43892176889366, "66": 35.27178936848519, "67": 35.73514727286796, "68": 28.58632807263389, "69": 31.680949343726628, "70": 33.36650685400579, "71": 31.15582848115024, "72": 30.69202034801606, "73": 29.532724091059972, "74": 24.206967921195847, "75": 27.316426881755085, "76": 27.87065048519819, "77": 29.83896543118128, "78": 23.671491461039686, "79": 34.62127545436955, "80": 30.407265529394785, "81": 29.72116898586602, "82": 25.78069505881807, "83": 26.516678431160177, "84": 30.374698948209748, "85": 30.435086593519728, "86": 31.742121659854565, "87": 31.02940750283851, "88": 33.875017095537466, "89": 31.627146352350078, "90": 26.009156605369977, "91": 21.244123162190355, "92": 22.06082928698665, "93": 14.339038542909593, "94": 26.524411233943777, "95": 21.267083241535225, "96": 23.3742378312937, "97": 13.969441210480495, "98": 10.359243155317817, "99": 19.131192577537572, "100": 23.013773476972204 } }, "geometry": { "type": "Polygon", "coordinates": [ [ [ 129.875, -19.625 ], [ 129.875, -19.875 ], [ 128.875, -19.875 ], [ 128.875, -20.125 ], [ 128.125, -20.125 ], [ 128.125, -20.375 ], [ 128.625, -20.375 ], [ 128.625, -20.875 ], [ 128.875, -20.875 ], [ 128.875, -21.625 ], [ 129.875, -21.625 ], [ 129.875, -21.875 ], [ 130.125, -21.875 ], [ 130.125, -22.125 ], [ 130.875, -22.125 ], [ 130.875, -22.375 ], [ 131.625, -22.375 ], [ 131.625, -22.125 ], [ 132.875, -22.125 ], [ 132.875, -21.875 ], [ 132.125, -21.875 ], [ 132.125, -21.625 ], [ 131.375, -21.625 ], [ 131.375, -21.375 ], [ 131.125, -21.375 ], [ 131.125, -20.625 ], [ 130.875, -20.625 ], [ 130.875, -20.375 ], [ 130.625, -20.375 ], [ 130.625, -20.125 ], [ 130.375, -20.125 ], [ 130.375, -19.625 ], [ 129.875, -19.625 ] ] ] } },
{ "type": "Feature", "properties": { "cluster_id": 17, "cohesion": 7.1666618858215729, "distances": { "1": 32.02744678986398, "2": 28.962177511423523, "3": 26.847220194102547, "4": 31.09966891121116, "5": 31.819924881859794, "6": 31.293129238547586, "7": 28.38050787218748, "8": 27.122809391322168, "9": 24.27288843379406, "10": 24.67441979954276, "11": 20.4084385441638, "12": 21.299596978738244, "13": 12.844955961541327, "14": 16.525289622864893, "15": 22.619414869599186, "16": 12.777178245230708, "18": 21.412572108428474, "19": 14.38739840655853, "20": 11.732735128635133, "21": 17.477901537066835, "22": 23.339865996470216, "23": 25.147065753304638, "24": 26.340394518324075, "25": 23.246155001200144, "26": 23.735900306917692, "27": 24.74099385613904, "28": 26.288694674960293, "29": 35.359092182355205, "30": 40.293798707277304, "31": 41.097813279213106, "32": 42.531452612602806, "33": 43.14653841967149, "34": 44.880759056893694, "35": 35.30230777431278, "36": 37.06897873384626, "37": 34.3847546203583, "38": 38.781999151467886, "39": 40.902148623566326, "40": 43.005182310518734, "41": 43.29261877325556, "42": 39.597259456268716, "43": 33.68980645701666, "44": 34.08608827621701, "45": 37.50909181940658, "46": 34.95769587650966, "47": 37.05010728376004, "48": 43.421395535928795, "49": 38.48137216061866, "50": 41.34590213359725, "51": 39.54568494646448, "52": 41.87132028887455, "53": 43.324252780787035, "54": 32.01734270905334, "55": 29.87667476342119, "56": 39.67422512070522, "57": 36.088779014248885, "58": 42.675703727343375, "59": 42.13205926739044, "60": 37.97617323960411, "61": 36.56087966151514, "62": 33.43665272201163, "63": 36.188060336338786, "64": 35.30937641122099, "65": 33.60739416908557, "66": 37.28021059606758, "67": 38.371894324142666, "68": 28.201019828748898, "69": 31.82135227307445, "70": 32.718577834807846, "71": 31.363416573443526, "72": 29.993854896910182, "73": 29.352725043434386, "74": 22.871124649340107, "75": 27.37360207896016, "76": 29.584968996459516, "77": 31.074515047287257, "78": 25.49621173974292, "79": 37.010713914383395, "80": 31.61943244529997, "81": 32.00712545175837, "82": 27.672573196199533, "83": 24.49713669485504, "84": 30.955058387785854, "85": 29.97412599964421, "86": 31.69238930967545, "87": 31.43290045988881, "88": 34.59240323144562, "89": 31.72704031790677, "90": 24.198290061622085, "91": 17.338299471524117, "92": 21.23448433970793, "93": 12.279387211479321, "94": 30.255257289623316, "95": 27.226903059840556, "96": 28.891812950070868, "97": 21.09860487997318, "98": 16.397231065589253, "99": 23.09107844051953, "100": 28.0556870689436 } }, "geometry": { "type": "Polygon", "coordinates": [ [ [ 136.125, -20.875 ], [ 136.125, -21.125 ], [ 134.875, -21.125 ], [ 134.875, -21.375 ], [ 133.625, -21.375 ], [ 133.625, -21.125 ], [ 132.125, -21.125 ], [ 132.125, -21.875 ], [ 136.125, -21.875 ], [ 136.125, -22.125 ], [ 136.625, -22.125 ], [ 136.625, -21.875 ], [ 137.625, -21.875 ], [ 137.625, -22.125 ], [ 138.125, -22.125 ], [ 138.125, -22.375 ], [ 138.375, -22.375 ], [ 138.375, -22.625 ], [ 140.125, -22.625 ], [ 140.125, -22.375 ], [ 140.375, -22.375 ], [ 140.375, -22.125 ], [ 140.125, -22.125 ], [ 140.125, -21.875 ], [ 138.875, -21.875 ], [ 138.875, -21.375 ], [ 138.625, -21.375 ], [ 138.625, -21.125 ], [ 137.625, -21.125 ], [ 137.625, -20.875 ], [ 136.125, -20.875 ] ] ] } },
{ "type": "Feature", "properties": { "cluster_id": 18, "cohesion": 6.9615330663153552, "distances": { "1": 27.55200376666399, "2": 23.727125690910967, "3": 27.02562247881599, "4": 29.904502681936624, "5": 29.49355209234138, "6": 27.82233739216767, "7": 17.609750765950764, "8": 19.849848416715368, "9": 13.066092646880438, "10": 16.178499658484395, "11": 15.20100833657037, "12": 20.307439806211665, "13": 19.373411254765855, "14": 24.170859028431295, "15": 23.87928251131765, "16": 16.117970973955224, "17": 21.412572108428474, "19": 17.109349911182143, "20": 14.950664117416801, "21": 12.22806875795528, "22": 11.122713785810852, "23": 16.93084176598852, "24": 18.057804142392122, "25": 10.839668446971334, "26": 15.086201897815815, "27": 15.075498613251183, "28": 21.187469069865397, "29": 35.551297214222494, "30": 40.24953242055542, "31": 37.97647927790824, "32": 40.75760811531999, "33": 42.28237055693588, "34": 45.65662091879266, "35": 41.47406368315505, "36": 38.82280590789497, "37": 39.55623869624943, "38": 41.72714151891872, "39": 42.18842991459575, "40": 43.09721607031966, "41": 45.50166896397646, "42": 43.67617920700494, "43": 33.72619403885689, "44": 32.608578331678565, "45": 40.01284562733237, "46": 35.76562116773066, "47": 38.37847691540285, "48": 45.514512520963955, "49": 41.793017097203084, "50": 44.40554733673164, "51": 40.96648398816414, "52": 42.71943539311551, "53": 46.52408741837601, "54": 37.07886191156094, "55": 37.79948425358852, "56": 44.0460698617515, "57": 42.59282932513289, "58": 45.467882076348964, "59": 45.87734272873211, "60": 42.86223827052968, "61": 38.88615890023771, "62": 32.873744458911055, "63": 36.2495888923759, "64": 36.33591842371571, "65": 34.87233986142873, "66": 39.99255540893264, "67": 42.096173505449826, "68": 30.26470988386398, "69": 33.5902459413388, "70": 33.853790947641215, "71": 31.336424061920773, "72": 31.644947387914897, "73": 31.584472230130576, "74": 27.06968121237585, "75": 29.122490470239068, "76": 28.459153946665968, "77": 32.71830208486635, "78": 26.727415710549696, "79": 33.203273894480375, "80": 30.3013272641813, "81": 28.62851319002692, "82": 26.130571714435344, "83": 35.053011704221774, "84": 39.46176103196134, "85": 39.0721385737077, "86": 34.59540858883298, "87": 35.41113168872737, "88": 37.74012671598035, "89": 37.222529274125165, "90": 32.32753966821061, "91": 29.172036453856514, "92": 32.86737220414223, "93": 26.149647806366893, "94": 27.34796467831736, "95": 21.703952749230417, "96": 27.064259742137224, "97": 20.450455284524423, "98": 21.55795754816429, "99": 29.2451128681048, "100": 29.924738716547864 } }, "geometry": { "type": "Polygon", "coordinates": [ [ [ 128.125, -15.375 ], [ 128.125, -15.625 ], [ 127.875, -15.625 ], [ 127.875, -16.125 ], [ 128.125, -16.125 ], [ 128.125, -16.375 ], [ 127.875, -16.375 ], [ 127.875, -16.625 ], [ 127.625, -16.625 ], [ 127.625, -16.125 ], [ 127.125, -16.125 ], [ 127.125, -16.375 ], [ 126.875, -16.375 ], [ 126.875, -16.625 ], [ 126.625, -16.625 ], [ 126.625, -16.875 ], [ 126.375, -16.875 ], [ 126.375, -17.125 ], [ 126.125, -17.125 ], [ 126.125, -17.625 ], [ 125.875, -17.625 ], [ 125.875, -17.875 ], [ 125.375, -17.875 ], [ 125.375, -17.625 ], [ 125.625, -17.625 ], [ 125.625, -16.625 ], [ 125.875, -16.625 ], [ 125.875, -16.125 ], [ 125.625, -16.125 ], [ 125.625, -15.875 ], [ 125.375, -15.875 ], [ 125.375, -16.125 ], [ 125.125, -16.125 ], [ 125.125, -16.375 ], [ 124.625, -16.375 ], [ 124.625, -16.875 ], [ 124.875, -16.875 ], [ 124.875, -17.375 ], [ 124.625, -17.375 ], [ 124.625, -18.125 ], [ 124.875, -18.125 ], [ 124.875, -18.375 ], [ 125.625, -18.375 ], [ 125.625, -19.125 ], [ 125.875, -19.125 ], [ 125.875, -19.625 ], [ 127.125, -19.625 ], [ 127.125, -19.375 ], [ 127.375, -19.375 ], [ 127.375, -19.125 ], [ 127.625, -19.125 ], [ 127.625, -18.875 ], [ 128.125, -18.875 ], [ 128.125, -19.375 ], [ 128.375, -19.375 ], [ 128.375, -19.125 ], [ 128.625, -19.125 ], [ 128.625, -18.625 ], [ 128.375, -18.625 ], [ 128.375, -17.625 ], [ 128.625, -17.625 ], [ 128.625, -16.625 ], [ 128.875, -16.625 ], [ 128.875, -15.875 ], [ 128.375, -15.875 ], [ 128.375, -15.375 ], [ 128.125, -15.375 ] ] ] } },
{ "type": "Feature", "properties": { "cluster_id": 19, "cohesion": 5.7194552176550069, "distances": { "1": 29.75565819962037, "2": 26.101221728137574, "3": 29.735336434049927, "4": 33.10083793837927, "5": 33.363438479222985, "6": 30.942039078992806, "7": 20.28132018838156, "8": 20.52249348153261, "9": 17.373622182559252, "10": 14.619285661391125, "11": 10.35117654051184, "12": 17.151278284488846, "13": 12.363722409560932, "14": 22.094885894637798, "15": 23.771095052976694, "16": 16.851648054332465, "17": 14.387398406558532, "18": 17.109349911182143, "20": 10.49309590535747, "21": 17.786223657213753, "22": 22.216834906556613, "23": 25.919062528581836, "24": 23.168685030419024, "25": 21.20809509180638, "26": 21.0055970578041, "27": 25.985480365854496, "28": 28.845741516909232, "29": 40.68299838986427, "30": 46.1649894599692, "31": 44.30508709904327, "32": 47.44348517398529, "33": 48.99667337676745, "34": 52.20007059037012, "35": 44.97082689427445, "36": 43.768972252489924, "37": 42.9151124887448, "38": 46.645294310195204, "39": 47.890385956184566, "40": 49.488484615422294, "41": 51.57744890667834, "42": 48.499066782932545, "43": 37.2245293717949, "44": 35.833581618493724, "45": 42.93107454828474, "46": 38.22780670741884, "47": 41.61776641830192, "48": 49.91032032061664, "49": 45.419653266898194, "50": 48.66422589290488, "51": 45.146338491707404, "52": 48.390712737378614, "53": 51.257778131445114, "54": 41.15616706824331, "55": 40.25871855844983, "56": 49.062128863852635, "57": 46.3376594786094, "58": 50.90976551918972, "59": 50.57550305340403, "60": 46.97085948070253, "61": 43.96892080332624, "62": 39.728814055124126, "63": 42.54869467484064, "64": 42.273674233585716, "65": 40.813401557025195, "66": 44.47257491755823, "67": 46.8337678546515, "68": 33.458622904706296, "69": 37.78547491847761, "70": 37.175881546230926, "71": 35.61503808678296, "72": 34.13788795313836, "73": 34.82238513473769, "74": 28.468531115239927, "75": 31.57542276963964, "76": 31.910703788850366, "77": 36.168019216388295, "78": 30.501633829961854, "79": 38.706391934648046, "80": 34.03414161660487, "81": 32.89514743227011, "82": 29.4812451902565, "83": 35.22276156422871, "84": 41.85941829585171, "85": 40.82648920445425, "86": 37.59197483195812, "87": 38.29315782966953, "88": 41.98941435255324, "89": 40.31118903490012, "90": 33.284559130981656, "91": 27.466550259521895, "92": 32.770086398145466, "93": 23.38091102730011, "94": 34.828244981443774, "95": 30.05637987159244, "96": 34.31735419316153, "97": 26.016144232776345, "98": 23.633728409708993, "99": 32.083574428437, "100": 35.20294845330412 } }, "geometry": { "type": "Polygon", "coordinates": [ [ [ 131.125, -19.125 ], [ 131.125, -19.375 ], [ 131.375, -19.375 ], [ 131.375, -19.875 ], [ 131.625, -19.875 ], [ 131.625, -20.125 ], [ 131.875, -20.125 ], [ 131.875, -20.375 ], [ 132.125, -20.375 ], [ 132.125, -20.625 ], [ 134.625, -20.625 ], [ 134.625, -20.875 ], [ 137.625, -20.875 ], [ 137.625, -21.125 ], [ 138.625, -21.125 ], [ 138.625, -20.625 ], [ 138.375, -20.625 ], [ 138.375, -20.375 ], [ 138.625, -20.375 ], [ 138.625, -20.125 ], [ 138.375, -20.125 ], [ 138.375, -19.875 ], [ 138.125, -19.875 ], [ 138.125, -20.125 ], [ 137.625, -20.125 ], [ 137.625, -19.875 ], [ 137.125, -19.875 ], [ 137.125, -19.375 ], [ 135.875, -19.375 ], [ 135.875, -19.125 ], [ 134.875, -19.125 ], [ 134.875, -19.375 ], [ 132.875, -19.375 ], [ 132.875, -19.125 ], [ 131.125, -19.125 ] ] ] } },
{ "type": "Feature", "properties": { "cluster_id": 20, "cohesion": 7.6169591655490407, "distances": { "1": 30.49267873114012, "2": 27.147599162005964, "3": 28.298812798961237, "4": 31.977679908552304, "5": 32.07536598474324, "6": 30.753228089498506, "7": 22.943875723709287, "8": 23.410030811336576, "9": 18.855743463868077, "10": 18.912924537266647, "11": 14.88932672404001, "12": 19.98942506538154, "13": 14.281404099090448, "14": 20.904387126434102, "15": 23.824060455954417, "16": 10.756745091861477, "17": 11.732735128635134, "18": 14.950664117416801, "19": 10.49309590535747, "21": 12.885539858695058, "22": 18.746777242369753, "23": 22.067427732687786, "24": 23.073635847444145, "25": 19.029178266201953, "26": 20.249948873300312, "27": 22.139156463231384, "28": 25.567845637111795, "29": 36.787964751372755, "30": 42.05543872054801, "31": 41.51036762829043, "32": 43.743262927835936, "33": 45.04642936108377, "34": 47.51066786702251, "35": 39.888201776321644, "36": 39.50583175443899, "37": 38.42149093091838, "38": 42.007591884435655, "39": 43.3482282374882, "40": 45.05778249549901, "41": 46.368100684342565, "42": 43.292289488077536, "43": 35.23191591736835, "44": 34.70199792137807, "45": 40.08377084074308, "46": 36.560659671708045, "47": 39.27352219635548, "48": 46.371082569958574, "49": 41.53931060394179, "50": 44.52237893319646, "51": 42.16315412848165, "52": 44.528422005529904, "53": 46.886071919601484, "54": 35.40768205527228, "55": 34.59296296572115, "56": 43.53007166919357, "57": 40.77908276866455, "58": 46.06895777831192, "59": 45.718664163099824, "60": 41.84058330574828, "61": 39.36081281338079, "62": 35.038382439532725, "63": 38.30108634987131, "64": 37.40064109365382, "65": 35.544154544612475, "66": 40.085766027067386, "67": 41.63186079933097, "68": 30.946649162531877, "69": 34.69564497130009, "70": 35.05070723954182, "71": 33.23563789042569, "72": 32.1260415027123, "73": 32.04931365172925, "74": 26.1036643783042, "75": 29.13156525903243, "76": 29.587193316650712, "77": 32.85509409627575, "78": 26.932177134861195, "79": 36.51815637239468, "80": 31.970114346530277, "81": 30.99860545785567, "82": 27.269297140865277, "83": 30.72268360573682, "84": 36.24842609261648, "85": 35.66186613844238, "86": 34.5414174109313, "87": 34.58556188192373, "88": 38.04922704884603, "89": 36.054208227510316, "90": 29.528279685249114, "91": 24.034845035066994, "92": 27.318548590673455, "93": 18.2041406251176, "94": 30.82852554530415, "95": 25.722119066352395, "96": 29.19588908436024, "97": 20.30552236024314, "98": 17.34122071000974, "99": 25.97705615545329, "100": 29.565620044398216 } }, "geometry": { "type": "Polygon", "coordinates": [ [ [ 130.125, -18.875 ], [ 130.125, -19.125 ], [ 128.375, -19.125 ], [ 128.375, -19.625 ], [ 129.125, -19.625 ], [ 129.125, -19.875 ], [ 129.875, -19.875 ], [ 129.875, -19.625 ], [ 130.375, -19.625 ], [ 130.375, -20.125 ], [ 130.625, -20.125 ], [ 130.625, -20.375 ], [ 130.875, -20.375 ], [ 130.875, -20.625 ], [ 131.125, -20.625 ], [ 131.125, -21.375 ], [ 131.375, -21.375 ], [ 131.375, -21.625 ], [ 132.125, -21.625 ], [ 132.125, -21.125 ], [ 133.625, -21.125 ], [ 133.625, -21.375 ], [ 134.875, -21.375 ], [ 134.875, -21.125 ], [ 136.125, -21.125 ], [ 136.125, -20.875 ], [ 134.625, -20.875 ], [ 134.625, -20.625 ], [ 132.125, -20.625 ], [ 132.125, -20.375 ], [ 131.875, -20.375 ], [ 131.875, -20.125 ], [ 131.625, -20.125 ], [ 131.625, -19.875 ], [ 131.375, -19.875 ], [ 131.375, -19.375 ], [ 131.125, -19.375 ], [ 131.125, -19.125 ], [ 130.875, -19.125 ], [ 130.875, -18.875 ], [ 130.125, -18.875 ] ] ] } },
{ "type": "Feature", "properties": { "cluster_id": 21, "cohesion": 6.1203294704682429, "distances": { "1": 30.42780847611869, "2": 27.623238290472933, "3": 27.62492693419963, "4": 31.205482951211206, "5": 30.237151013550235, "6": 30.31193291085049, "7": 24.596795083051692, "8": 25.370974489556534, "9": 19.76240423712889, "10": 22.15331906187964, "11": 19.181304533626754, "12": 23.416197792699734, "13": 19.296487248230573, "14": 22.72738211003389, "15": 25.018450385020902, "16": 9.814497136922636, "17": 17.477901537066835, "18": 12.22806875795528, "19": 17.786223657213753, "20": 12.885539858695058, "22": 11.679755316056829, "23": 14.030106875950645, "24": 23.283627068705403, "25": 16.766757029817075, "26": 19.245531205074716, "27": 16.766417580239093, "28": 22.986161507472232, "29": 32.61444747251169, "30": 37.500770474203314, "31": 37.24132403249341, "32": 38.95158530041931, "33": 40.569410746384605, "34": 42.790662925109245, "35": 36.77619388517901, "36": 35.614969808467634, "37": 35.53585527250302, "38": 37.94383087964826, "39": 38.71245553277099, "40": 40.08909738979475, "41": 41.522789447269574, "42": 39.24798110176332, "43": 34.059795281400504, "44": 33.90849665183437, "45": 38.79076838051469, "46": 36.031462917483196, "47": 38.23925775979475, "48": 44.09290182831641, "49": 39.14193725891159, "50": 41.77786889823297, "51": 40.26069495842069, "52": 41.215533463305114, "53": 44.00040642201528, "54": 31.20981492651963, "55": 32.26127422813317, "56": 39.39885098662317, "57": 37.53362275041926, "58": 42.26972126599404, "59": 42.34532089235047, "60": 38.747115774324065, "61": 35.16767283048681, "62": 29.38110023410014, "63": 33.48205740872717, "64": 32.41333599167874, "65": 29.728506053202075, "66": 36.67596690683741, "67": 37.43334636723068, "68": 29.18568084501326, "69": 32.270460025382285, "70": 33.779957410130635, "71": 31.07726483019993, "72": 31.20798657089187, "73": 30.229325300028474, "74": 25.42473606262666, "75": 27.934587078985736, "76": 27.24021358844952, "77": 30.34201017194367, "78": 24.256112154489674, "79": 32.66607297585373, "80": 29.4626510188728, "81": 27.988557124216133, "82": 24.942193565468244, "83": 30.1923237206223, "84": 33.85350643474395, "85": 33.90036469893469, "86": 32.692478426738, "87": 32.478754222613524, "88": 34.87794181639906, "89": 33.4876580489108, "90": 28.613203423567352, "91": 24.87960536271406, "92": 26.646418700502075, "93": 20.07718557726906, "94": 25.015187436629425, "95": 17.840597961724974, "96": 21.899397190637956, "97": 12.285660229346247, "98": 13.135164501124496, "99": 21.87459686063811, "100": 23.23077168572235 } }, "geometry": { "type": "Polygon", "coordinates": [ [ [ 127.625, -18.875 ], [ 127.625, -19.125 ], [ 127.375, -19.125 ], [ 127.375, -19.375 ], [ 127.125, -19.375 ], [ 127.125, -19.625 ], [ 125.875, -19.625 ], [ 125.875, -19.375 ], [ 125.375, -19.375 ], [ 125.375, -19.875 ], [ 125.625, -19.875 ], [ 125.625, -20.125 ], [ 125.875, -20.125 ], [ 125.875, -20.375 ], [ 125.125, -20.375 ], [ 125.125, -20.625 ], [ 125.375, -20.625 ], [ 125.375, -20.875 ], [ 125.125, -20.875 ], [ 125.125, -21.125 ], [ 125.375, -21.125 ], [ 125.375, -21.375 ], [ 126.375, -21.375 ], [ 126.375, -21.625 ], [ 126.875, -21.625 ], [ 126.875, -21.375 ], [ 127.625, -21.375 ], [ 127.625, -21.625 ], [ 127.875, -21.625 ], [ 127.875, -21.375 ], [ 128.125, -21.375 ], [ 128.125, -21.125 ], [ 128.375, -21.125 ], [ 128.375, -20.875 ], [ 128.625, -20.875 ], [ 128.625, -20.375 ], [ 128.125, -20.375 ], [ 128.125, -20.125 ], [ 128.875, -20.125 ], [ 128.875, -19.875 ], [ 129.125, -19.875 ], [ 129.125, -19.625 ], [ 128.375, -19.625 ], [ 128.375, -19.375 ], [ 128.125, -19.375 ], [ 128.125, -18.875 ], [ 127.625, -18.875 ] ] ] } },
{ "type": "Feature", "properties": { "cluster_id": 22, "cohesion": 6.2414178637329485, "distances": { "1": 28.183276019619143, "2": 25.623335329462197, "3": 26.67567944155306, "4": 29.277517632809296, "5": 28.037505852146133, "6": 28.09886809096905, "7": 22.7514244508109, "8": 24.034261240504154, "9": 18.57199962150303, "10": 22.377032641628823, "11": 21.166266582930998, "12": 23.963785829702513, "13": 22.619064231360426, "14": 24.90717819874318, "15": 25.068300378062677, "16": 16.883191269538788, "17": 23.339865996470213, "18": 11.122713785810852, "19": 22.216834906556613, "20": 18.746777242369753, "21": 11.679755316056829, "23": 9.988869096559357, "24": 20.87350714098013, "25": 13.668529595108568, "26": 17.24539310826867, "27": 11.690251783103, "28": 20.187059023857625, "29": 31.502457300184158, "30": 35.998849050235954, "31": 34.299867852900505, "32": 36.672452211851144, "33": 38.500361785114386, "34": 41.584414297492636, "35": 37.94208624247832, "36": 34.99109288673095, "37": 36.32023798941974, "38": 37.81455222635632, "39": 37.903911417997605, "40": 38.71920749417559, "41": 41.24703545959567, "42": 39.7172873208536, "43": 32.38121069626531, "44": 31.739366478513336, "45": 37.9908121246998, "46": 34.646073443064445, "47": 36.921728413347296, "48": 42.86407216963706, "49": 38.714638955590836, "50": 41.2558945919456, "51": 38.77205466695866, "52": 39.67360204060545, "53": 43.48901264576429, "54": 33.2620710963988, "55": 34.88521435563905, "56": 40.088482085049826, "57": 38.9897291224597, "58": 41.935732142508854, "59": 42.35703154732194, "60": 39.64826685229515, "61": 34.246718278959364, "62": 27.40716348908125, "63": 31.257864253416944, "64": 31.505308756106125, "65": 29.59303004095052, "66": 36.18422282151804, "67": 37.90879455606476, "68": 28.689290209945366, "69": 31.282910779295523, "70": 32.336973496338196, "71": 29.405060739816765, "72": 30.196038847282157, "73": 29.880340481274096, "74": 26.320323333585726, "75": 27.373641939155604, "76": 26.01334343284787, "77": 29.72477560538076, "78": 24.004595178412487, "79": 29.79486411853335, "80": 27.580778398283343, "81": 25.792424656241707, "82": 23.766066698591516, "83": 33.00924627748153, "84": 36.252562347131345, "85": 36.23542805263022, "86": 32.1935645591989, "87": 32.645648992397724, "88": 34.56074657382487, "89": 34.27549256907477, "90": 30.50985864866036, "91": 28.301103272115625, "92": 30.8459882212556, "93": 25.838074154758072, "94": 21.684258214644974, "95": 14.65744052597293, "96": 20.882132237882495, "97": 16.02297872243121, "98": 19.53095485986554, "99": 26.020281413877377, "100": 24.909987098745766 } }, "geometry": { "type": "Polygon", "coordinates": [ [ [ 124.375, -16.375 ], [ 124.375, -16.625 ], [ 123.875, -16.625 ], [ 123.875, -17.125 ], [ 123.625, -17.125 ], [ 123.625, -17.375 ], [ 123.375, -17.375 ], [ 123.375, -17.625 ], [ 123.125, -17.625 ], [ 123.125, -17.875 ], [ 122.625, -17.875 ], [ 122.625, -17.375 ], [ 122.875, -17.375 ], [ 122.875, -17.125 ], [ 123.125, -17.125 ], [ 123.125, -16.875 ], [ 122.625, -16.875 ], [ 122.625, -17.125 ], [ 122.375, -17.125 ], [ 122.375, -18.125 ], [ 122.125, -18.125 ], [ 122.125, -18.375 ], [ 121.875, -18.375 ], [ 121.875, -18.625 ], [ 121.625, -18.625 ], [ 121.625, -19.125 ], [ 122.125, -19.125 ], [ 122.125, -19.625 ], [ 122.625, -19.625 ], [ 122.625, -19.875 ], [ 122.875, -19.875 ], [ 122.875, -20.375 ], [ 123.375, -20.375 ], [ 123.375, -20.125 ], [ 124.375, -20.125 ], [ 124.375, -20.375 ], [ 125.875, -20.375 ], [ 125.875, -20.125 ], [ 125.625, -20.125 ], [ 125.625, -19.875 ], [ 125.375, -19.875 ], [ 125.375, -19.375 ], [ 125.875, -19.375 ], [ 125.875, -19.125 ], [ 125.625, -19.125 ], [ 125.625, -18.375 ], [ 124.875, -18.375 ], [ 124.875, -18.125 ], [ 124.625, -18.125 ], [ 124.625, -17.375 ], [ 124.875, -17.375 ], [ 124.875, -16.875 ], [ 124.625, -16.875 ], [ 124.625, -16.375 ], [ 124.375, -16.375 ] ] ] } },
{ "type": "Feature", "properties": { "cluster_id": 23, "cohesion": 6.8226368467088898, "distances": { "1": 29.331144008531204, "2": 27.954951921540044, "3": 27.829633880169947, "4": 30.026235331529588, "5": 27.766015123097382, "6": 29.285273914700902, "7": 27.010978755697472, "8": 27.72353676247636, "9": 23.27717757610376, "10": 26.957874678532658, "11": 25.523934526933818, "12": 27.197024141073456, "13": 25.43773756322927, "14": 26.380623008158516, "15": 27.032544528802365, "16": 18.75660696048268, "17": 25.14706575330464, "18": 16.93084176598852, "19": 25.91906252858183, "20": 22.06742773268779, "21": 14.030106875950642, "22": 9.988869096559357, "24": 24.30857221613578, "25": 18.724786440523264, "26": 20.445157542393, "27": 13.968294201839043, "28": 21.921637973164714, "29": 28.511671752551916, "30": 32.94346036688055, "31": 31.955677500678664, "32": 33.93881397612978, "33": 36.21641802873135, "34": 38.85840533883185, "35": 35.6084119634785, "36": 32.48377318678266, "37": 34.38316003136079, "38": 35.23417721235936, "39": 34.8156129782422, "40": 35.571739885933475, "41": 38.117317411874474, "42": 36.809194314502534, "43": 32.245225293684584, "44": 32.061454197390375, "45": 37.27826270885998, "46": 34.66210405591824, "47": 36.739972222060146, "48": 41.60207316689502, "49": 37.026077815664614, "50": 39.44621764882888, "51": 37.89512373537962, "52": 38.085010142665425, "53": 41.70986004926666, "54": 30.35942340933819, "55": 32.802378282759, "56": 37.19672842982312, "57": 36.40125700414323, "58": 39.58677317131431, "59": 40.06838789671691, "60": 37.37850600102071, "61": 31.157117519993943, "62": 23.801525212862025, "63": 28.018243159418354, "64": 28.316980656103738, "65": 25.67771887858, "66": 33.840739932064636, "67": 34.89286638133787, "68": 28.963801744420948, "69": 31.006978855225185, "70": 32.55867348635877, "71": 29.26347483992486, "72": 30.181687777639358, "73": 29.961931020080524, "74": 27.06236794708885, "75": 26.86422442782637, "76": 24.528898508403596, "77": 27.865462295359382, "78": 22.461113477007096, "79": 27.47424540000954, "80": 25.69210182561208, "81": 23.805963762241173, "82": 22.234188880525146, "83": 31.85920677459487, "84": 33.970908316489016, "85": 34.36486606088689, "86": 31.347128318374303, "87": 31.11458150882068, "88": 33.16924354046937, "89": 32.81019111015794, "90": 29.960206708026092, "91": 28.220709777904197, "92": 29.55681168044613, "93": 26.013077966827627, "94": 18.125122540691937, "95": 9.560482495364091, "96": 16.359522672874903, "97": 13.537444911664, "98": 18.941818506174727, "99": 23.786082131376116, "100": 21.00507951762618 } }, "geometry": { "type": "MultiPolygon", "coordinates": [ [ [ [ 121.625, -19.125 ], [ 122.125, -19.125 ], [ 122.125, -19.625 ], [ 122.625, -19.625 ], [ 122.625, -19.875 ], [ 122.875, -19.875 ], [ 122.875, -20.375 ], [ 123.375, -20.375 ], [ 123.375, -20.125 ], [ 124.375, -20.125 ], [ 124.375, -20.375 ], [ 125.125, -20.375 ], [ 125.125, -20.625 ], [ 125.375, -20.625 ], [ 125.375, -20.875 ], [ 125.125, -20.875 ], [ 125.125, -21.125 ], [ 124.125, -21.125 ], [ 124.125, -21.375 ], [ 123.125, -21.375 ], [ 123.125, -21.125 ], [ 122.625, -21.125 ], [ 122.625, -20.875 ], [ 122.375, -20.875 ], [ 122.375, -20.625 ], [ 121.125, -20.625 ], [ 121.125, -20.875 ], [ 120.625, -20.875 ], [ 120.625, -21.125 ], [ 120.375, -21.125 ], [ 120.375, -21.375 ], [ 119.625, -21.375 ], [ 119.625, -21.125 ], [ 119.125, -21.125 ], [ 119.125, -21.375 ], [ 118.625, -21.375 ], [ 118.625, -20.375 ], [ 119.125, -20.375 ], [ 119.125, -20.125 ], [ 119.625, -20.125 ], [ 119.625, -19.875 ], [ 120.375, -19.875 ], [ 120.375, -19.625 ], [ 120.625, -19.625 ], [ 120.625, -19.375 ], [ 120.875, -19.375 ], [ 120.875, -19.125 ], [ 121.125, -19.125 ], [ 121.125, -18.875 ], [ 121.375, -18.875 ], [ 121.375, -18.625 ], [ 121.625, -18.625 ], [ 121.625, -19.125 ] ] ], [ [ [ 121.625, -18.625 ], [ 121.625, -18.375 ], [ 121.875, -18.375 ], [ 121.875, -18.625 ], [ 121.625, -18.625 ] ] ], [ [ [ 122.125, -18.125 ], [ 122.125, -18.375 ], [ 121.875, -18.375 ], [ 121.875, -18.125 ], [ 122.125, -18.125 ] ] ] ] } },
{ "type": "Feature", "properties": { "cluster_id": 24, "cohesion": 7.9707431067182677, "distances": { "1": 19.559370710936445, "2": 16.016232596177346, "3": 21.78099141851963, "4": 21.956154103021117, "5": 22.548675657084473, "6": 19.121396059687253, "7": 12.920092045724779, "8": 14.90199768680327, "9": 13.923162766681813, "10": 18.382737674028654, "11": 20.52944267638212, "12": 18.09122077146302, "13": 22.087826750715198, "14": 23.971747425259856, "15": 19.975395237525806, "16": 24.706881347964494, "17": 26.340394518324075, "18": 18.057804142392126, "19": 23.16868503041902, "20": 23.07363584744414, "21": 23.283627068705403, "22": 20.87350714098013, "23": 24.30857221613578, "25": 13.480941609690973, "26": 11.262397643362275, "27": 18.86517971281787, "28": 16.085946900114124, "29": 34.747424379494596, "30": 38.243131499635325, "31": 33.76940803961461, "32": 37.50055664207739, "33": 37.76949441939979, "34": 42.18865143435667, "35": 41.19422002968071, "36": 37.87561101780075, "37": 39.16742064919973, "38": 40.997464767852726, "39": 41.04269566336705, "40": 41.06505633625904, "41": 43.49235628038802, "42": 42.67125248136824, "43": 27.481335688829734, "44": 25.361772812410173, "45": 34.5535769074571, "46": 28.79576527672965, "47": 32.141068761355164, "48": 40.055274194773865, "49": 38.000246974901145, "50": 40.50674138168121, "51": 34.89964615654541, "52": 37.36682027362063, "53": 41.94797476294734, "54": 37.696684794638685, "55": 37.73729186807607, "56": 42.518852817487534, "57": 41.656790538017646, "58": 41.786790814251624, "59": 42.7834332972885, "60": 40.27342400032709, "61": 36.86303512324694, "62": 32.679345948964226, "63": 33.88756000095443, "64": 35.75609686310933, "65": 35.66026935465909, "66": 37.480949933429855, "67": 40.78018107124594, "68": 26.8138766560548, "69": 29.299560257358348, "70": 26.64632683566157, "71": 25.5242408419901, "72": 26.32918948313091, "73": 28.652357501624447, "74": 25.914561455161376, "75": 26.385632238656353, "76": 27.849813044441483, "77": 31.613323605498284, "78": 25.941564540876637, "79": 30.212618379105436, "80": 25.96790474460363, "81": 27.504912360499322, "82": 25.377399454109486, "83": 35.06429473361748, "84": 39.35300493029136, "85": 38.88933699618836, "86": 31.629783840406503, "87": 34.0212484515733, "88": 35.624147234091055, "89": 36.33570286516792, "90": 31.83213583136987, "91": 30.187524726000618, "92": 34.91442405752662, "93": 30.168395024266587, "94": 27.309329305063944, "95": 26.744200206352417, "96": 30.532337102842746, "97": 27.955905080806154, "98": 28.52884123853488, "99": 33.00138162265485, "100": 33.0662840888089 } }, "geometry": { "type": "MultiPolygon", "coordinates": [ [ [ [ 129.875, -13.875 ], [ 129.875, -13.625 ], [ 130.125, -13.625 ], [ 130.125, -13.875 ], [ 129.875, -13.875 ] ] ], [ [ [ 133.375, -13.875 ], [ 133.375, -13.625 ], [ 133.625, -13.625 ], [ 133.625, -13.875 ], [ 133.375, -13.875 ] ] ], [ [ [ 130.125, -13.625 ], [ 130.125, -13.375 ], [ 130.375, -13.375 ], [ 130.375, -13.625 ], [ 130.125, -13.625 ] ] ], [ [ [ 134.125, -13.375 ], [ 134.125, -13.625 ], [ 133.625, -13.625 ], [ 133.625, -13.375 ], [ 133.875, -13.375 ], [ 133.875, -13.125 ], [ 134.375, -13.125 ], [ 134.375, -13.375 ], [ 134.125, -13.375 ] ] ], [ [ [ 135.375, -13.125 ], [ 135.625, -13.125 ], [ 135.625, -13.375 ], [ 135.375, -13.375 ], [ 135.375, -13.125 ] ] ], [ [ [ 135.875, -12.375 ], [ 135.625, -12.375 ], [ 135.625, -12.125 ], [ 133.875, -12.125 ], [ 133.875, -11.875 ], [ 133.125, -11.875 ], [ 133.125, -12.375 ], [ 132.625, -12.375 ], [ 132.625, -12.625 ], [ 132.125, -12.625 ], [ 132.125, -12.875 ], [ 131.125, -12.875 ], [ 131.125, -13.125 ], [ 130.625, -13.125 ], [ 130.625, -13.375 ], [ 130.375, -13.375 ], [ 130.375, -12.875 ], [ 130.625, -12.875 ], [ 130.625, -12.625 ], [ 131.125, -12.625 ], [ 131.125, -12.375 ], [ 132.375, -12.375 ], [ 132.375, -12.125 ], [ 131.625, -12.125 ], [ 131.625, -11.875 ], [ 132.125, -11.875 ], [ 132.125, -11.625 ], [ 132.375, -11.625 ], [ 132.375, -11.375 ], [ 132.625, -11.375 ], [ 132.625, -11.125 ], [ 133.125, -11.125 ], [ 133.125, -11.375 ], [ 133.875, -11.375 ], [ 133.875, -11.625 ], [ 134.875, -11.625 ], [ 134.875, -11.875 ], [ 135.375, -11.875 ], [ 135.375, -11.625 ], [ 135.625, -11.625 ], [ 135.625, -11.875 ], [ 136.625, -11.875 ], [ 136.625, -12.125 ], [ 136.875, -12.125 ], [ 136.875, -12.375 ], [ 137.125, -12.375 ], [ 137.125, -12.625 ], [ 136.875, -12.625 ], [ 136.875, -13.125 ], [ 136.625, -13.125 ], [ 136.625, -13.375 ], [ 136.375, -13.375 ], [ 136.375, -13.625 ], [ 135.875, -13.625 ], [ 135.875, -13.125 ], [ 135.625, -13.125 ], [ 135.625, -12.875 ], [ 135.875, -12.875 ], [ 135.875, -12.375 ] ] ], [ [ [ 131.625, -11.125 ], [ 131.625, -11.375 ], [ 131.875, -11.375 ], [ 131.875, -11.625 ], [ 131.625, -11.625 ], [ 131.625, -11.875 ], [ 130.875, -11.875 ], [ 130.875, -11.375 ], [ 131.125, -11.375 ], [ 131.125, -10.875 ], [ 131.375, -10.875 ], [ 131.375, -11.125 ], [ 131.625, -11.125 ] ] ], [ [ [ 130.375, -11.125 ], [ 130.375, -10.875 ], [ 130.625, -10.875 ], [ 130.625, -11.125 ], [ 130.375, -11.125 ] ] ] ] } },
{ "type": "Feature", "properties": { "cluster_id": 25, "cohesion": 6.2147919410495946, "distances": { "1": 25.847078672807836, "2": 21.437678507760186, "3": 23.402365122101955, "4": 25.891631859598153, "5": 26.689902742741104, "6": 24.730376972632502, "7": 17.280780815892363, "8": 19.195492900214447, "9": 13.284679848306913, "10": 18.75873233912463, "11": 19.174097496313706, "12": 20.08993291953543, "13": 20.57835638119478, "14": 22.711287590686673, "15": 21.565814732319573, "16": 19.04551242162698, "17": 23.246155001200144, "18": 10.839668446971332, "19": 21.20809509180638, "20": 19.029178266201956, "21": 16.76675702981707, "22": 13.66852959510857, "23": 18.724786440523264, "24": 13.48094160969097, "26": 12.567907750887606, "27": 11.889854385404483, "28": 14.492827856051806, "29": 33.46509924732212, "30": 37.37798251524071, "31": 34.882208194420635, "32": 37.42088935767509, "33": 37.86806427841848, "34": 41.262793891362776, "35": 38.65692143445856, "36": 36.08765035090505, "37": 36.80386497617147, "38": 38.90078747212474, "39": 39.36042568448434, "40": 39.87232479353791, "41": 41.69269608945911, "42": 40.460920768510015, "43": 29.175002440796085, "44": 28.164777940909527, "45": 35.06482323727643, "46": 30.914645734765166, "47": 33.38856640388326, "48": 40.16974180883623, "49": 37.18099539190884, "50": 39.597205233654414, "51": 35.775818444594805, "52": 37.5796377120563, "53": 41.33241963212555, "54": 34.31039672012915, "55": 34.8664362484701, "56": 40.3372150952793, "57": 39.29306040232861, "58": 40.7695989026188, "59": 41.17540262751181, "60": 38.54366414538926, "61": 35.105200647379576, "62": 29.98556015561286, "63": 32.64888285434897, "64": 33.00527420877613, "65": 32.28731060378153, "66": 35.84101124076843, "67": 38.339532928687305, "68": 26.615330334596084, "69": 29.286222754886907, "70": 28.867257390287246, "71": 27.258660423445427, "72": 27.481605234409134, "73": 27.94403473349955, "74": 24.47677799154693, "75": 26.11478474086874, "76": 27.155766543696213, "77": 30.45240434245118, "78": 24.249405662475482, "79": 31.328668305676302, "80": 27.816550386143987, "81": 27.790522841824643, "82": 25.012186981512766, "83": 32.86690992879094, "84": 36.70189276558292, "85": 36.44391251019291, "86": 31.04727251179812, "87": 32.56370468387068, "88": 34.08596694985117, "89": 34.21792564118275, "90": 29.82492751269047, "91": 27.86543329099987, "92": 31.54941288067072, "93": 26.39748112516103, "94": 24.784092034952064, "95": 21.945415759511953, "96": 25.99682790620082, "97": 21.912076579022436, "98": 22.862404107280003, "99": 28.382268061119735, "100": 28.733122615299735 } }, "geometry": { "type": "MultiPolygon", "coordinates": [ [ [ [ 127.375, -14.125 ], [ 127.625, -14.125 ], [ 127.625, -14.375 ], [ 127.375, -14.375 ], [ 127.375, -15.125 ], [ 127.125, -15.125 ], [ 127.125, -15.625 ], [ 126.875, -15.625 ], [ 126.875, -15.875 ], [ 127.875, -15.875 ], [ 127.875, -16.125 ], [ 128.125, -16.125 ], [ 128.125, -16.375 ], [ 127.875, -16.375 ], [ 127.875, -16.625 ], [ 127.625, -16.625 ], [ 127.625, -16.125 ], [ 127.125, -16.125 ], [ 127.125, -16.375 ], [ 126.875, -16.375 ], [ 126.875, -16.625 ], [ 126.625, -16.625 ], [ 126.625, -16.875 ], [ 126.375, -16.875 ], [ 126.375, -17.125 ], [ 126.125, -17.125 ], [ 126.125, -16.875 ], [ 125.625, -16.875 ], [ 125.625, -16.625 ], [ 125.875, -16.625 ], [ 125.875, -16.125 ], [ 125.625, -16.125 ], [ 125.625, -15.875 ], [ 125.375, -15.875 ], [ 125.375, -16.125 ], [ 125.125, -16.125 ], [ 125.125, -16.375 ], [ 124.625, -16.375 ], [ 124.625, -15.625 ], [ 124.875, -15.625 ], [ 124.875, -15.375 ], [ 125.125, -15.375 ], [ 125.125, -15.125 ], [ 125.375, -15.125 ], [ 125.375, -14.875 ], [ 125.625, -14.875 ], [ 125.625, -14.625 ], [ 125.875, -14.625 ], [ 125.875, -14.375 ], [ 126.125, -14.375 ], [ 126.125, -14.125 ], [ 126.625, -14.125 ], [ 126.625, -13.875 ], [ 127.375, -13.875 ], [ 127.375, -14.125 ] ] ], [ [ [ 127.875, -15.375 ], [ 128.125, -15.375 ], [ 128.125, -15.625 ], [ 127.875, -15.625 ], [ 127.875, -15.375 ] ] ], [ [ [ 128.375, -15.375 ], [ 128.125, -15.375 ], [ 128.125, -15.125 ], [ 128.375, -15.125 ], [ 128.375, -15.375 ] ] ], [ [ [ 128.375, -14.875 ], [ 128.625, -14.875 ], [ 128.625, -15.125 ], [ 128.375, -15.125 ], [ 128.375, -14.875 ] ] ], [ [ [ 129.375, -14.375 ], [ 129.125, -14.375 ], [ 129.125, -14.125 ], [ 129.375, -14.125 ], [ 129.375, -13.875 ], [ 129.625, -13.875 ], [ 129.625, -13.625 ], [ 129.875, -13.625 ], [ 129.875, -14.125 ], [ 129.625, -14.125 ], [ 129.625, -14.875 ], [ 128.625, -14.875 ], [ 128.625, -14.625 ], [ 129.375, -14.625 ], [ 129.375, -14.375 ] ] ], [ [ [ 129.875, -13.375 ], [ 130.125, -13.375 ], [ 130.125, -13.625 ], [ 129.875, -13.625 ], [ 129.875, -13.375 ] ] ], [ [ [ 130.375, -13.375 ], [ 130.125, -13.375 ], [ 130.125, -13.125 ], [ 130.375, -13.125 ], [ 130.375, -13.375 ] ] ] ] } },
{ "type": "Feature", "properties": { "cluster_id": 26, "cohesion": 7.2801650524440555, "distances": { "1": 19.520762369682792, "2": 15.905002563607553, "3": 21.059027980628446, "4": 22.63744362184884, "5": 21.312695650385233, "6": 19.39362875848119, "7": 13.867306341842154, "8": 14.860602306345491, "9": 11.746542499021816, "10": 17.00083450517958, "11": 18.311934963168245, "12": 16.989694243477985, "13": 19.687313954595567, "14": 21.628494884773676, "15": 18.85582054028867, "16": 21.235506828100327, "17": 23.735900306917692, "18": 15.086201897815817, "19": 21.005597057804103, "20": 20.249948873300312, "21": 19.245531205074716, "22": 17.24539310826867, "23": 20.445157542393005, "24": 11.262397643362275, "25": 12.567907750887603, "27": 16.674631738815027, "28": 17.634116918138986, "29": 32.23739252144264, "30": 36.27978403917975, "31": 32.24800521979027, "32": 35.82727736133474, "33": 36.9486338344016, "34": 41.26964819426345, "35": 38.758174908132666, "36": 35.46765687069989, "37": 36.55373981473548, "38": 38.36283878585057, "39": 38.67409114181515, "40": 39.118173958107334, "41": 41.85234902434912, "42": 40.63671501202815, "43": 27.97878414656287, "44": 26.47224853151453, "45": 36.0084958182793, "46": 30.502791422554775, "47": 33.38809705467763, "48": 41.292776438147065, "49": 38.70306094884292, "50": 41.27548564830566, "51": 35.78174734400886, "52": 37.51424782538283, "53": 42.476280196917095, "54": 36.18979970700022, "55": 36.326210067995085, "56": 40.8630435995282, "57": 39.73460811064092, "58": 41.26763929432541, "59": 43.058734226402365, "60": 40.04326605863539, "61": 35.766697425734996, "62": 30.350818711690298, "63": 31.90813029231105, "64": 34.591534863948496, "65": 33.90627101753887, "66": 37.436515469337415, "67": 40.22359767636677, "68": 25.122273361137317, "69": 28.150249385482727, "70": 27.454737736389585, "71": 24.712243764920757, "72": 26.241102465080875, "73": 26.911819277528167, "74": 23.43873361253287, "75": 24.953109070419405, "76": 25.389405029382573, "77": 29.37655224941782, "78": 23.652725172825015, "79": 28.216200943808115, "80": 24.78514535603829, "81": 25.188082909704004, "82": 23.1120813031098, "83": 32.76101426910082, "84": 37.32995509804989, "85": 36.71926393903151, "86": 30.1698931374509, "87": 31.899733892554107, "88": 33.39030598150494, "89": 33.73849192596745, "90": 29.254665787327934, "91": 27.4538646974157, "92": 32.519446913197456, "93": 27.698566464567314, "94": 24.494219605893193, "95": 23.0646177870699, "96": 27.46068806750911, "97": 24.210357881880824, "98": 25.20417687199801, "99": 30.494695740460898, "100": 30.439800503255995 } }, "geometry": { "type": "Polygon", "coordinates": [ [ [ 135.625, -13.125 ], [ 135.625, -13.375 ], [ 135.375, -13.375 ], [ 135.375, -13.625 ], [ 135.125, -13.625 ], [ 135.125, -13.875 ], [ 134.875, -13.875 ], [ 134.875, -14.125 ], [ 134.375, -14.125 ], [ 134.375, -13.375 ], [ 134.125, -13.375 ], [ 134.125, -13.625 ], [ 133.625, -13.625 ], [ 133.625, -13.875 ], [ 133.375, -13.875 ], [ 133.375, -14.125 ], [ 133.125, -14.125 ], [ 133.125, -14.375 ], [ 132.875, -14.375 ], [ 132.875, -14.625 ], [ 132.625, -14.625 ], [ 132.625, -15.125 ], [ 132.875, -15.125 ], [ 132.875, -15.375 ], [ 133.875, -15.375 ], [ 133.875, -15.625 ], [ 134.125, -15.625 ], [ 134.125, -15.375 ], [ 134.375, -15.375 ], [ 134.375, -15.125 ], [ 134.625, -15.125 ], [ 134.625, -14.875 ], [ 135.375, -14.875 ], [ 135.375, -15.125 ], [ 136.125, -15.125 ], [ 136.125, -14.875 ], [ 135.875, -14.875 ], [ 135.875, -14.375 ], [ 136.125, -14.375 ], [ 136.125, -14.125 ], [ 136.375, -14.125 ], [ 136.375, -13.875 ], [ 136.125, -13.875 ], [ 136.125, -13.625 ], [ 135.875, -13.625 ], [ 135.875, -13.125 ], [ 135.625, -13.125 ] ] ] } },
{ "type": "Feature", "properties": { "cluster_id": 27, "cohesion": 8.2306609211844854, "distances": { "1": 28.03846895796907, "2": 24.95469572475408, "3": 23.441251464679635, "4": 26.018471552224252, "5": 25.99704060577821, "6": 26.354916389398465, "7": 24.35349215635506, "8": 25.007669163357022, "9": 20.198384622349888, "10": 25.527646277887666, "11": 24.97012401482496, "12": 24.63171736849017, "13": 23.867410152430637, "14": 23.379411044848993, "15": 23.435473611434784, "16": 19.357660476760923, "17": 24.74099385613904, "18": 15.075498613251183, "19": 25.985480365854496, "20": 22.139156463231384, "21": 16.766417580239093, "22": 11.690251783102998, "23": 13.968294201839043, "24": 18.86517971281787, "25": 11.889854385404483, "26": 16.674631738815027, "28": 13.837351500173765, "29": 28.22867072775018, "30": 31.906392299491703, "31": 30.6904385876454, "32": 32.410810207656, "33": 33.10320237966462, "34": 35.90071944619634, "35": 33.6516782857997, "36": 30.882397321641147, "37": 32.18821562767248, "38": 33.59854981370473, "39": 33.7219180430591, "40": 34.224615238151436, "41": 35.967823128666964, "42": 34.9427015441257, "43": 27.661367996228076, "44": 27.60060591537162, "45": 32.42119324213836, "46": 29.759509870744118, "47": 31.522662843029273, "48": 36.54396231556264, "49": 33.017483459967984, "50": 35.26511698376668, "51": 32.85365935739155, "52": 33.518103328981105, "53": 37.05128996711743, "54": 29.131801554058033, "55": 30.472171918490417, "56": 34.81181896291419, "57": 34.1143466837886, "58": 35.86150834789727, "59": 36.25052559192355, "60": 33.92154722798461, "61": 29.003166535459997, "62": 23.268759890338114, "63": 26.343788066833785, "64": 26.91656218163282, "65": 25.924528412974382, "66": 30.781030989111965, "67": 32.76055415560623, "68": 24.630113133844954, "69": 26.28672756205325, "70": 27.307832340320566, "71": 25.303730431330187, "72": 25.706436169212154, "73": 25.549212927917637, "74": 23.32300488239769, "75": 23.753525414085004, "76": 24.115147972427476, "77": 26.372246604147676, "78": 20.460874465641048, "79": 27.666480945067647, "80": 24.84761701404605, "81": 24.693317288920916, "82": 22.202045863248113, "83": 29.73147799063221, "84": 31.99806705252491, "85": 32.24044468145199, "86": 27.716287499926278, "87": 28.595293915452693, "88": 29.69238625589927, "89": 30.047683545377065, "90": 27.125083397775274, "91": 26.292830933110775, "92": 28.340439843772632, "93": 25.28062128972357, "94": 18.377257658330112, "95": 15.678458713229059, "96": 19.469727808561515, "97": 18.018973039804948, "98": 20.41218313629993, "99": 24.1754778021925, "100": 23.07941900708805 } }, "geometry": { "type": "MultiPolygon", "coordinates": [ [ [ [ 126.125, -16.875 ], [ 126.125, -17.625 ], [ 125.875, -17.625 ], [ 125.875, -17.875 ], [ 125.375, -17.875 ], [ 125.375, -17.625 ], [ 125.625, -17.625 ], [ 125.625, -16.875 ], [ 126.125, -16.875 ] ] ], [ [ [ 124.625, -16.375 ], [ 124.375, -16.375 ], [ 124.375, -16.625 ], [ 123.875, -16.625 ], [ 123.875, -17.125 ], [ 123.625, -17.125 ], [ 123.625, -17.375 ], [ 123.375, -17.375 ], [ 123.375, -17.625 ], [ 123.125, -17.625 ], [ 123.125, -17.875 ], [ 122.625, -17.875 ], [ 122.625, -17.375 ], [ 122.875, -17.375 ], [ 122.875, -17.125 ], [ 123.125, -17.125 ], [ 123.125, -16.875 ], [ 122.625, -16.875 ], [ 122.625, -17.125 ], [ 122.375, -17.125 ], [ 122.375, -18.125 ], [ 122.125, -18.125 ], [ 122.125, -17.875 ], [ 121.875, -17.875 ], [ 121.875, -17.125 ], [ 122.125, -17.125 ], [ 122.125, -16.875 ], [ 122.375, -16.875 ], [ 122.375, -16.625 ], [ 122.625, -16.625 ], [ 122.625, -16.375 ], [ 123.625, -16.375 ], [ 123.625, -16.125 ], [ 124.375, -16.125 ], [ 124.375, -15.875 ], [ 124.625, -15.875 ], [ 124.625, -16.375 ] ] ], [ [ [ 128.375, -14.625 ], [ 128.625, -14.625 ], [ 128.625, -14.875 ], [ 128.375, -14.875 ], [ 128.375, -15.125 ], [ 128.125, -15.125 ], [ 128.125, -15.375 ], [ 127.875, -15.375 ], [ 127.875, -15.875 ], [ 126.875, -15.875 ], [ 126.875, -15.625 ], [ 127.125, -15.625 ], [ 127.125, -15.125 ], [ 127.375, -15.125 ], [ 127.375, -14.375 ], [ 128.375, -14.375 ], [ 128.375, -14.625 ] ] ] ] } },
{ "type": "Feature", "properties": { "cluster_id": 28, "cohesion": 8.2888809823311895, "distances": { "1": 27.120299279449245, "2": 23.693968598993905, "3": 20.593610891783907, "4": 22.186491080873534, "5": 24.280722497638063, "6": 23.92062687423242, "7": 25.359617699183016, "8": 25.24595384389305, "9": 22.668645968327105, "10": 28.15595256479952, "11": 28.241423613161537, "12": 24.698342252149533, "13": 25.048360621207667, "14": 22.57659549436659, "15": 21.82148370373982, "16": 23.270064761500855, "17": 26.288694674960297, "18": 21.187469069865397, "19": 28.84574151690924, "20": 25.567845637111795, "21": 22.986161507472232, "22": 20.18705902385763, "23": 21.921637973164714, "24": 16.085946900114124, "25": 14.492827856051806, "26": 17.634116918138986, "27": 13.837351500173767, "29": 29.059760712648796, "30": 31.661767736945134, "31": 30.338461908696708, "32": 31.75618088649091, "33": 30.31214795469225, "34": 32.829031405670875, "35": 32.45914942402218, "36": 30.666171453039986, "37": 31.28787717591527, "38": 33.16806079426038, "39": 33.520167961300764, "40": 33.58343329753288, "41": 33.761063458276475, "42": 33.47746569796779, "43": 23.080016110901184, "44": 23.041582148088533, "45": 26.027060104447003, "46": 23.723805217742637, "47": 25.53062498464839, "48": 30.187784666831508, "49": 27.462272024747264, "50": 29.643973734579916, "51": 27.046099639726307, "52": 28.538430631691874, "53": 31.232077694990853, "54": 27.34188832116424, "55": 27.689722479651063, "56": 32.1101135691424, "57": 31.715236018825394, "58": 31.37157380720648, "59": 31.158406530183917, "60": 29.24433953413899, "61": 26.205946702575602, "62": 23.342630403830984, "63": 24.921165518813364, "64": 25.120987762138302, "65": 25.5090943306054, "66": 26.543485556423466, "67": 29.399901070805615, "68": 22.157446875231827, "69": 22.9100337677803, "70": 22.05561368242818, "71": 22.03050299056363, "72": 22.017381332297877, "73": 23.225006206967162, "74": 22.119436960244396, "75": 22.260216505957573, "76": 25.598554390709214, "77": 26.42219525724528, "78": 20.255105360781222, "79": 28.803920285578666, "80": 24.011734004905254, "81": 26.834934251515527, "82": 23.629666908688513, "83": 28.071312732090398, "84": 29.847510089739057, "85": 30.347250146679055, "86": 25.407369136851965, "87": 27.443637839908984, "88": 27.67343806332461, "89": 28.665890466177995, "90": 25.619592682142024, "91": 25.544501336955463, "92": 27.534477490784983, "93": 25.810645420510937, "94": 20.077935836801135, "95": 21.891922576680688, "96": 22.700143128667253, "97": 23.011976096639284, "98": 23.582207524653704, "99": 24.91657308128504, "100": 24.628415189843487 } }, "geometry": { "type": "MultiPolygon", "coordinates": [ [ [ [ 123.375, -16.375 ], [ 123.375, -16.125 ], [ 123.625, -16.125 ], [ 123.625, -16.375 ], [ 123.375, -16.375 ] ] ], [ [ [ 125.875, -14.625 ], [ 125.625, -14.625 ], [ 125.625, -14.875 ], [ 125.375, -14.875 ], [ 125.375, -15.125 ], [ 125.125, -15.125 ], [ 125.125, -15.375 ], [ 124.875, -15.375 ], [ 124.875, -15.625 ], [ 124.625, -15.625 ], [ 124.625, -15.875 ], [ 124.375, -15.875 ], [ 124.375, -16.125 ], [ 123.625, -16.125 ], [ 123.625, -15.875 ], [ 124.125, -15.875 ], [ 124.125, -15.625 ], [ 124.375, -15.625 ], [ 124.375, -15.375 ], [ 124.625, -15.375 ], [ 124.625, -15.125 ], [ 124.875, -15.125 ], [ 124.875, -14.625 ], [ 125.125, -14.625 ], [ 125.125, -14.375 ], [ 125.375, -14.375 ], [ 125.375, -14.125 ], [ 126.125, -14.125 ], [ 126.125, -14.375 ], [ 125.875, -14.375 ], [ 125.875, -14.625 ] ] ], [ [ [ 126.625, -14.125 ], [ 126.125, -14.125 ], [ 126.125, -13.875 ], [ 126.625, -13.875 ], [ 126.625, -14.125 ] ] ], [ [ [ 127.875, -13.875 ], [ 127.875, -14.125 ], [ 128.125, -14.125 ], [ 128.125, -14.375 ], [ 127.625, -14.375 ], [ 127.625, -14.125 ], [ 127.375, -14.125 ], [ 127.375, -13.875 ], [ 126.625, -13.875 ], [ 126.625, -13.625 ], [ 127.625, -13.625 ], [ 127.625, -13.875 ], [ 127.875, -13.875 ] ] ], [ [ [ 129.375, -13.875 ], [ 129.375, -13.625 ], [ 129.625, -13.625 ], [ 129.625, -13.875 ], [ 129.375, -13.875 ] ] ], [ [ [ 129.625, -13.375 ], [ 129.875, -13.375 ], [ 129.875, -13.625 ], [ 129.625, -13.625 ], [ 129.625, -13.375 ] ] ], [ [ [ 130.125, -12.375 ], [ 130.375, -12.375 ], [ 130.375, -11.875 ], [ 130.125, -11.875 ], [ 130.125, -11.625 ], [ 129.875, -11.625 ], [ 129.875, -11.375 ], [ 130.125, -11.375 ], [ 130.125, -11.125 ], [ 131.125, -11.125 ], [ 131.125, -11.375 ], [ 130.875, -11.375 ], [ 130.875, -11.875 ], [ 131.625, -11.875 ], [ 131.625, -12.125 ], [ 132.375, -12.125 ], [ 132.375, -12.375 ], [ 131.125, -12.375 ], [ 131.125, -12.625 ], [ 130.625, -12.625 ], [ 130.625, -12.875 ], [ 130.375, -12.875 ], [ 130.375, -13.125 ], [ 130.125, -13.125 ], [ 130.125, -13.375 ], [ 129.875, -13.375 ], [ 129.875, -12.625 ], [ 130.125, -12.625 ], [ 130.125, -12.375 ] ], [ [ 130.625, -11.875 ], [ 130.625, -12.125 ], [ 130.875, -12.125 ], [ 130.875, -11.875 ], [ 130.625, -11.875 ] ] ] ] } },
{ "type": "Feature", "properties": { "cluster_id": 29, "cohesion": 5.5593848762603928, "distances": { "1": 35.72442960315265, "2": 35.61700860399768, "3": 31.046025268080577, "4": 32.57203090046001, "5": 29.849005550438182, "6": 34.00040736030576, "7": 40.716395859819436, "8": 39.251184339781325, "9": 38.020879440904764, "10": 42.054801274622605, "11": 40.847350880855934, "12": 37.737386695204385, "13": 36.475803084692416, "14": 32.415967230866414, "15": 33.74791059166007, "16": 32.838365762551575, "17": 35.359092182355205, "18": 35.551297214222494, "19": 40.68299838986427, "20": 36.787964751372755, "21": 32.61444747251169, "22": 31.502457300184158, "23": 28.51167175255191, "24": 34.747424379494596, "25": 33.46509924732212, "26": 32.23739252144264, "27": 28.22867072775018, "28": 29.05976071264879, "30": 11.552313038644476, "31": 17.46338749322707, "32": 16.95372163597268, "33": 23.616941498016306, "34": 26.11010254910585, "35": 21.430438100470006, "36": 11.616630560711645, "37": 19.35113316728645, "38": 15.641605772112905, "39": 12.988773666876842, "40": 16.67668673544509, "41": 24.16176689841585, "42": 20.106488275744, "43": 29.869411272323134, "44": 31.711393780261357, "45": 35.75669769001208, "46": 33.848871763261485, "47": 34.58762755650521, "48": 36.79627309965883, "49": 34.788732152150274, "50": 35.398216240093, "51": 32.75037289198108, "52": 29.35237797984095, "53": 33.93624773467523, "54": 27.096718691869025, "55": 28.888043454194317, "56": 26.44624443743491, "57": 26.188434503629413, "58": 29.948638607639896, "59": 33.6116259422412, "60": 30.420861971127202, "61": 27.677160064265166, "62": 24.807241654853005, "63": 24.03782163848038, "64": 28.970486630804036, "65": 27.274602414420983, "66": 32.153019632237765, "67": 30.695440248702837, "68": 28.45456702265605, "69": 27.464360427350545, "70": 30.50254957537218, "71": 28.646626190557093, "72": 26.198303746267147, "73": 26.93500160262805, "74": 28.921592332210828, "75": 21.492452511832248, "76": 15.481286395217138, "77": 13.704171292609828, "78": 16.3683734033341, "79": 16.392707792243048, "80": 20.221787596943116, "81": 16.557055653801218, "82": 17.34697685725071, "83": 27.54847708615603, "84": 27.5235297998468, "85": 26.6492548844148, "86": 23.340218139523575, "87": 18.372630992145496, "88": 23.75582416933324, "89": 22.84163481297356, "90": 27.275392440652276, "91": 29.665481439927074, "92": 29.282037195036605, "93": 32.052724813871876, "94": 23.346065074278858, "95": 26.14296100589997, "96": 25.820760186891075, "97": 28.673702063320018, "98": 30.16719542893492, "99": 27.647097219199864, "100": 26.147765188935164 } }, "geometry": { "type": "MultiPolygon", "coordinates": [ [ [ [ 149.125, -36.375 ], [ 149.125, -36.625 ], [ 148.875, -36.625 ], [ 148.875, -36.375 ], [ 149.125, -36.375 ] ] ], [ [ [ 148.375, -35.375 ], [ 148.375, -36.375 ], [ 148.125, -36.375 ], [ 148.125, -36.625 ], [ 147.375, -36.625 ], [ 147.375, -36.875 ], [ 146.125, -36.875 ], [ 146.125, -36.625 ], [ 146.375, -36.625 ], [ 146.375, -36.125 ], [ 146.625, -36.125 ], [ 146.625, -35.875 ], [ 147.375, -35.875 ], [ 147.375, -35.625 ], [ 147.625, -35.625 ], [ 147.625, -35.375 ], [ 148.375, -35.375 ] ] ] ] } },
{ "type": "Feature", "properties": { "cluster_id": 30, "cohesion": 6.183350644078411, "distances": { "1": 38.24501601408791, "2": 38.66754924167979, "3": 33.098718739008575, "4": 33.93581462361203, "5": 31.243616288246137, "6": 35.86346127423217, "7": 45.08584909590917, "8": 43.47624601424497, "9": 42.674710410295326, "10": 47.153148742487765, "11": 46.208756576025024, "12": 41.928206982620765, "13": 41.32135506832261, "14": 36.183408418026545, "15": 36.877355516219936, "16": 37.710078186387165, "17": 40.293798707277304, "18": 40.24953242055542, "19": 46.1649894599692, "20": 42.05543872054801, "21": 37.500770474203314, "22": 35.998849050235954, "23": 32.94346036688055, "24": 38.24313149963532, "25": 37.37798251524071, "26": 36.279784039179766, "27": 31.9063922994917, "28": 31.661767736945126, "29": 11.552313038644476, "31": 14.943594630275614, "32": 11.713054585114115, "33": 19.50537307632476, "34": 20.940093050651356, "35": 22.203999956619313, "36": 15.362162618414912, "37": 22.686459753307957, "38": 15.902766728008482, "39": 9.176125737914834, "40": 9.88784685761097, "41": 19.51687375573809, "42": 17.247647334599797, "43": 30.78748065240564, "44": 33.11238130083322, "45": 36.09554773625732, "46": 34.94703735355302, "47": 34.68781684012066, "48": 35.089212918833326, "49": 34.863600607999466, "50": 34.06828276824369, "51": 31.9904988947381, "52": 26.90986078134061, "53": 31.382903974604545, "54": 27.259846893127648, "55": 29.710862806985585, "56": 24.154853523668447, "57": 25.501741524938495, "58": 26.86154184074944, "59": 31.455105191967693, "60": 28.791515214310362, "61": 28.433522357857736, "62": 25.946444592788488, "63": 24.47045879216546, "64": 29.284160958442406, "65": 27.717561236357028, "66": 32.35882152355488, "67": 29.578438609858264, "68": 30.402264451528165, "69": 28.653938077500452, "70": 31.797415947552455, "71": 29.465570635128973, "72": 29.96290702796807, "73": 30.19908910168585, "74": 32.7012582997695, "75": 27.164422402148208, "76": 23.097613452657292, "77": 20.816440000751914, "78": 22.240197080674772, "79": 18.57839115307983, "80": 23.058415461932675, "81": 22.528906338907635, "82": 23.777784833684393, "83": 30.681788637417238, "84": 28.40061716421071, "85": 28.372934610371505, "86": 27.80648647510679, "87": 23.855777841094422, "88": 26.120183356375048, "89": 25.890413736337667, "90": 30.522390453628056, "91": 33.50812920287508, "92": 32.33393822356299, "93": 36.288592147334725, "94": 25.750508668510342, "95": 29.885948589837277, "96": 28.211651558405315, "97": 32.51957193381322, "98": 34.3554862137235, "99": 30.26142912351074, "100": 28.01291735445663 } }, "geometry": { "type": "MultiPolygon", "coordinates": [ [ [ [ 147.625, -36.625 ], [ 147.625, -36.875 ], [ 147.375, -36.875 ], [ 147.375, -36.625 ], [ 147.625, -36.625 ] ] ], [ [ [ 142.875, -34.125 ], [ 142.875, -34.875 ], [ 143.375, -34.875 ], [ 143.375, -35.125 ], [ 144.375, -35.125 ], [ 144.375, -35.375 ], [ 144.875, -35.375 ], [ 144.875, -35.625 ], [ 145.375, -35.625 ], [ 145.375, -35.875 ], [ 146.125, -35.875 ], [ 146.125, -36.375 ], [ 146.375, -36.375 ], [ 146.375, -36.625 ], [ 146.125, -36.625 ], [ 146.125, -36.875 ], [ 146.875, -36.875 ], [ 146.875, -37.125 ], [ 146.375, -37.125 ], [ 146.375, -37.375 ], [ 144.125, -37.375 ], [ 144.125, -36.875 ], [ 143.875, -36.875 ], [ 143.875, -37.125 ], [ 143.625, -37.125 ], [ 143.625, -36.625 ], [ 143.375, -36.625 ], [ 143.375, -36.375 ], [ 142.875, -36.375 ], [ 142.875, -36.125 ], [ 142.625, -36.125 ], [ 142.625, -35.375 ], [ 142.375, -35.375 ], [ 142.375, -34.125 ], [ 142.875, -34.125 ] ] ] ] } },
{ "type": "Feature", "properties": { "cluster_id": 31, "cohesion": 5.9841408639776281, "distances": { "1": 31.07840361554247, "2": 32.54713068987188, "3": 29.788241007781906, "4": 28.871076927644463, "5": 25.438860237589584, "6": 29.46430727896995, "7": 39.530653109883346, "8": 37.89254359399831, "9": 38.58819987766898, "10": 42.77214617642598, "11": 42.92970772282376, "12": 37.75335542142433, "13": 39.71772964430733, "14": 35.34921029956038, "15": 33.36190829350073, "16": 38.73785566314722, "17": 41.09781327921311, "18": 37.97647927790824, "19": 44.30508709904326, "20": 41.51036762829043, "21": 37.24132403249341, "22": 34.299867852900505, "23": 31.955677500678664, "24": 33.76940803961461, "25": 34.882208194420635, "26": 32.24800521979027, "27": 30.6904385876454, "28": 30.338461908696708, "29": 17.463387493227074, "30": 14.94359463027561, "32": 10.421145071315157, "33": 18.12494168812369, "34": 24.21063122902195, "35": 30.435801288145843, "36": 22.54855482273681, "37": 29.311102876476372, "38": 24.77119545149007, "39": 20.042280247318562, "40": 16.422217804972693, "41": 26.416389691301013, "42": 26.841413171797956, "43": 27.773376985213158, "44": 28.69356454565312, "45": 36.43236812868619, "46": 32.655415680641894, "47": 33.18161169319435, "48": 36.26745070794966, "49": 37.463562245164816, "50": 37.26382995386632, "51": 30.973310939601255, "52": 26.844624599326636, "53": 34.50822712911007, "54": 34.1009461166232, "55": 35.935878943290255, "56": 31.331307850155813, "57": 33.02618217847294, "58": 30.780759365840623, "59": 36.56601264688523, "60": 34.549553234404385, "61": 31.727481664473512, "62": 28.209110418062348, "63": 25.55407914210554, "64": 33.06767635648498, "65": 32.247151927270615, "66": 35.741294336623305, "67": 35.43830974922419, "68": 29.127115581931896, "69": 27.962609953811583, "70": 28.717756937124413, "71": 26.299584083803268, "72": 27.725497789498956, "73": 29.628581462403464, "74": 32.09828141878275, "75": 26.629052618072457, "76": 22.97841805660586, "77": 23.33757207771342, "78": 24.27898294172213, "79": 12.645548270390204, "80": 18.987832034856865, "81": 20.029468310526706, "82": 23.08253864908235, "83": 34.96267259339276, "84": 35.05187815166866, "85": 34.73140117991421, "86": 28.277106613314032, "87": 27.125000078446014, "88": 28.50541691879827, "89": 29.978367612164234, "90": 32.61375025947863, "91": 35.71329015680464, "92": 37.515655956919474, "93": 39.527463551570385, "94": 25.604009109130253, "95": 29.976628407884075, "96": 30.709883563177087, "97": 34.64867571178444, "98": 37.24911036021272, "99": 35.48441926880531, "100": 32.48543071439164 } }, "geometry": { "type": "MultiPolygon", "coordinates": [ [ [ [ 146.125, -37.375 ], [ 146.125, -37.625 ], [ 144.875, -37.625 ], [ 144.875, -37.375 ], [ 146.125, -37.375 ] ] ], [ [ [ 140.875, -36.125 ], [ 141.125, -36.125 ], [ 141.125, -36.375 ], [ 141.625, -36.375 ], [ 141.625, -36.625 ], [ 141.875, -36.625 ], [ 141.875, -36.875 ], [ 142.125, -36.875 ], [ 142.125, -37.125 ], [ 143.375, -37.125 ], [ 143.375, -37.375 ], [ 144.125, -37.375 ], [ 144.125, -37.625 ], [ 142.125, -37.625 ], [ 142.125, -37.875 ], [ 141.625, -37.875 ], [ 141.625, -38.125 ], [ 140.125, -38.125 ], [ 140.125, -37.875 ], [ 139.875, -37.875 ], [ 139.875, -37.625 ], [ 139.625, -37.625 ], [ 139.625, -37.375 ], [ 139.375, -37.375 ], [ 139.375, -36.375 ], [ 139.875, -36.375 ], [ 139.875, -35.875 ], [ 140.875, -35.875 ], [ 140.875, -36.125 ] ] ], [ [ [ 139.125, -35.375 ], [ 138.875, -35.375 ], [ 138.875, -35.625 ], [ 138.375, -35.625 ], [ 138.375, -35.125 ], [ 138.625, -35.125 ], [ 138.625, -34.875 ], [ 138.875, -34.875 ], [ 138.875, -34.625 ], [ 139.125, -34.625 ], [ 139.125, -35.375 ] ] ] ] } },
{ "type": "Feature", "properties": { "cluster_id": 32, "cohesion": 7.4570843510987563, "distances": { "1": 36.08173458894632, "2": 37.07810118290341, "3": 32.07466361327972, "4": 31.96194664213825, "5": 29.053586076445768, "6": 33.638779216743714, "7": 44.25065205366107, "8": 42.55265134720712, "9": 42.44033251034534, "10": 47.05918113344381, "11": 46.73861411470464, "12": 41.59113633397854, "13": 42.3557016535849, "14": 36.94377018967032, "15": 36.2737833865625, "16": 39.82594920314153, "17": 42.531452612602806, "18": 40.75760811531999, "19": 47.44348517398529, "20": 43.743262927835936, "21": 38.95158530041931, "22": 36.672452211851144, "23": 33.93881397612978, "24": 37.50055664207739, "25": 37.42088935767509, "26": 35.82727736133474, "27": 32.41081020765599, "28": 31.75618088649091, "29": 16.95372163597268, "30": 11.713054585114115, "31": 10.421145071315156, "33": 14.138742611842082, "34": 18.320379850327694, "35": 26.5225695860634, "36": 20.461295843546907, "37": 26.805805426774874, "38": 21.013697371173066, "39": 15.458668609466384, "40": 10.3141100167833, "41": 20.0369629343679, "42": 21.227881022587365, "43": 29.22403515162949, "44": 31.4200598592632, "45": 36.19872229186077, "46": 34.192073088732, "47": 33.543723611372954, "48": 34.446376329036006, "49": 35.970009493359996, "50": 34.86996404276965, "51": 30.27482467268187, "52": 24.042950717311378, "53": 30.965633377134136, "54": 30.643315675471378, "55": 32.724838265790474, "56": 26.087660808752965, "57": 28.496471174561897, "58": 26.102411485287867, "59": 32.78605779328378, "60": 30.569628017380605, "61": 29.987184834968073, "62": 27.022987654021893, "63": 24.491476453968104, "64": 31.11502425597145, "65": 29.973587075619548, "66": 33.9311943699701, "67": 31.938150635615678, "68": 30.06341499929498, "69": 28.156435931320278, "70": 30.273936301538356, "71": 27.936810511302713, "72": 29.70336952584114, "73": 30.403818283523535, "74": 33.27661078272071, "75": 28.469561613067444, "76": 25.8139098917722, "77": 24.152665791383622, "78": 25.290847336610998, "79": 18.35664421995313, "80": 23.413231320190278, "81": 24.52015248467316, "82": 26.541311987755506, "83": 33.486045924999026, "84": 31.671651109492107, "85": 31.75511068248672, "86": 28.816068453037136, "87": 26.657898657210897, "88": 27.219030433301317, "89": 28.267733183784067, "90": 32.057817473804405, "91": 35.68048554133927, "92": 35.810660915350915, "93": 39.360990020152485, "94": 26.074554407881834, "95": 31.05934712856242, "96": 30.02334625562975, "97": 34.74677879674381, "98": 37.07054946176841, "99": 33.66347529847946, "100": 30.803504709693403 } }, "geometry": { "type": "Polygon", "coordinates": [ [ [ 138.125, -32.375 ], [ 138.125, -33.125 ], [ 137.875, -33.125 ], [ 137.875, -33.625 ], [ 137.625, -33.625 ], [ 137.625, -33.875 ], [ 137.375, -33.875 ], [ 137.375, -33.625 ], [ 137.125, -33.625 ], [ 137.125, -33.125 ], [ 136.625, -33.125 ], [ 136.625, -33.875 ], [ 136.375, -33.875 ], [ 136.375, -34.125 ], [ 136.125, -34.125 ], [ 136.125, -34.375 ], [ 135.875, -34.375 ], [ 135.875, -34.875 ], [ 136.125, -34.875 ], [ 136.125, -34.625 ], [ 136.375, -34.625 ], [ 136.375, -34.375 ], [ 136.625, -34.375 ], [ 136.625, -34.125 ], [ 137.125, -34.125 ], [ 137.125, -34.375 ], [ 137.375, -34.375 ], [ 137.375, -34.625 ], [ 137.625, -34.625 ], [ 137.625, -34.875 ], [ 137.875, -34.875 ], [ 137.875, -34.625 ], [ 138.125, -34.625 ], [ 138.125, -35.375 ], [ 138.375, -35.375 ], [ 138.375, -35.125 ], [ 138.625, -35.125 ], [ 138.625, -34.875 ], [ 138.875, -34.875 ], [ 138.875, -34.625 ], [ 139.125, -34.625 ], [ 139.125, -35.375 ], [ 138.875, -35.375 ], [ 138.875, -35.625 ], [ 138.625, -35.625 ], [ 138.625, -35.875 ], [ 139.125, -35.875 ], [ 139.125, -36.125 ], [ 139.375, -36.125 ], [ 139.375, -36.375 ], [ 139.875, -36.375 ], [ 139.875, -35.875 ], [ 140.875, -35.875 ], [ 140.875, -36.125 ], [ 141.125, -36.125 ], [ 141.125, -36.375 ], [ 141.625, -36.375 ], [ 141.625, -36.625 ], [ 141.875, -36.625 ], [ 141.875, -36.875 ], [ 142.125, -36.875 ], [ 142.125, -37.125 ], [ 143.375, -37.125 ], [ 143.375, -37.375 ], [ 144.125, -37.375 ], [ 144.125, -36.875 ], [ 143.875, -36.875 ], [ 143.875, -37.125 ], [ 143.625, -37.125 ], [ 143.625, -36.625 ], [ 143.375, -36.625 ], [ 143.375, -36.375 ], [ 142.875, -36.375 ], [ 142.875, -36.125 ], [ 142.625, -36.125 ], [ 142.625, -35.375 ], [ 142.375, -35.375 ], [ 142.375, -35.125 ], [ 141.875, -35.125 ], [ 141.875, -34.625 ], [ 141.625, -34.625 ], [ 141.625, -35.125 ], [ 141.375, -35.125 ], [ 141.375, -34.875 ], [ 141.125, -34.875 ], [ 141.125, -35.125 ], [ 140.125, -35.125 ], [ 140.125, -34.875 ], [ 139.625, -34.875 ], [ 139.625, -33.375 ], [ 139.875, -33.375 ], [ 139.875, -32.875 ], [ 138.375, -32.875 ], [ 138.375, -32.375 ], [ 138.125, -32.375 ] ] ] } },
{ "type": "Feature", "properties": { "cluster_id": 33, "cohesion": 7.2523532668295632, "distances": { "1": 36.68057934347469, "2": 37.231630298351156, "3": 30.029982880343205, "4": 29.596963848441465, "5": 28.418959121190568, "6": 32.915040999218036, "7": 45.85362563668291, "8": 43.406391591789685, "9": 43.8204597121699, "10": 48.70549639861944, "11": 48.52445640894603, "12": 41.782132524907865, "13": 42.780843584306346, "14": 35.78390007991737, "15": 35.097375873625424, "16": 40.80967315196507, "17": 43.14653841967149, "18": 42.28237055693588, "19": 48.99667337676745, "20": 45.046429361083774, "21": 40.569410746384605, "22": 38.50036178511439, "23": 36.21641802873134, "24": 37.7694944193998, "25": 37.86806427841848, "26": 36.9486338344016, "27": 33.10320237966463, "28": 30.312147954692247, "29": 23.616941498016303, "30": 19.505373076324755, "31": 18.124941688123688, "32": 14.138742611842083, "34": 11.558892675833428, "35": 26.45458148784521, "36": 24.504621543825007, "37": 27.73544332932715, "38": 23.957623021393776, "39": 21.243476528300782, "40": 16.04992693772845, "41": 17.058474468128626, "42": 21.80393467466099, "43": 25.309561779763555, "44": 28.844501226595597, "45": 31.234147407186956, "46": 30.508877068207777, "47": 27.970124440762792, "48": 27.259768037350828, "49": 31.25322873990803, "50": 29.272468069428605, "51": 22.873798738425116, "52": 13.627263675397732, "53": 22.40708218318415, "54": 28.87377660972199, "55": 29.29342452712219, "56": 22.098112523213604, "57": 25.46765531342686, "58": 17.72143618082398, "59": 26.955219832840253, "60": 25.01492822933762, "61": 27.13576846920262, "62": 25.749254188609672, "63": 22.0358350529285, "64": 29.007879601309337, "65": 28.82973607722204, "66": 30.249075266851086, "67": 28.560122892773805, "68": 27.57117066404134, "69": 24.965441645709518, "70": 26.501724595292934, "71": 25.111567529894657, "72": 28.387289106410574, "73": 28.703209044304227, "74": 31.836241385200875, "75": 29.51115964131279, "76": 30.9336792101134, "77": 28.03080482936288, "78": 27.342594852157674, "79": 25.817565041874225, "80": 26.6982625570379, "81": 31.01286351016519, "82": 31.18503806999289, "83": 31.813863759666475, "84": 28.936131544071987, "85": 29.79938903268582, "86": 28.18540049921116, "87": 27.958406306756153, "88": 25.533645324087626, "89": 27.30265524660415, "90": 29.97975674810319, "91": 34.54790817757453, "92": 34.65373377289353, "93": 39.259877969909574, "94": 25.568704012804098, "95": 32.814914429790214, "96": 30.492325261835695, "97": 36.053013785696876, "98": 37.6546478580494, "99": 33.3975161746652, "100": 31.11970597676552 } }, "geometry": { "type": "Polygon", "coordinates": [ [ [ 134.625, -31.375 ], [ 134.625, -31.625 ], [ 133.625, -31.625 ], [ 133.625, -31.875 ], [ 132.125, -31.875 ], [ 132.125, -32.375 ], [ 133.625, -32.375 ], [ 133.625, -32.625 ], [ 133.875, -32.625 ], [ 133.875, -33.125 ], [ 134.125, -33.125 ], [ 134.125, -33.375 ], [ 134.375, -33.375 ], [ 134.375, -33.625 ], [ 134.625, -33.625 ], [ 134.625, -33.875 ], [ 134.875, -33.875 ], [ 134.875, -34.375 ], [ 135.125, -34.375 ], [ 135.125, -34.625 ], [ 135.375, -34.625 ], [ 135.375, -34.875 ], [ 135.875, -34.875 ], [ 135.875, -34.375 ], [ 136.125, -34.375 ], [ 136.125, -34.125 ], [ 136.375, -34.125 ], [ 136.375, -33.875 ], [ 136.625, -33.875 ], [ 136.625, -33.125 ], [ 137.125, -33.125 ], [ 137.125, -33.625 ], [ 137.375, -33.625 ], [ 137.375, -33.875 ], [ 137.625, -33.875 ], [ 137.625, -33.625 ], [ 137.875, -33.625 ], [ 137.875, -33.125 ], [ 138.125, -33.125 ], [ 138.125, -32.375 ], [ 137.875, -32.375 ], [ 137.875, -32.625 ], [ 135.875, -32.625 ], [ 135.875, -32.375 ], [ 135.375, -32.375 ], [ 135.375, -32.125 ], [ 135.125, -32.125 ], [ 135.125, -31.625 ], [ 134.875, -31.625 ], [ 134.875, -31.375 ], [ 134.625, -31.375 ] ] ] } },
{ "type": "Feature", "properties": { "cluster_id": 34, "cohesion": 6.5199880090649573, "distances": { "1": 42.64549817246463, "2": 42.71395879300711, "3": 34.09642535252806, "4": 34.5751953617956, "5": 33.67593603011952, "6": 38.49388719891149, "7": 50.89952432731131, "8": 48.56429828152705, "9": 48.166096855175, "10": 53.21248005023947, "11": 52.486873673839085, "12": 46.228798949811726, "13": 45.86644163564906, "14": 38.44452266480148, "15": 39.18567648334799, "16": 42.29955775330826, "17": 44.880759056893694, "18": 45.65662091879266, "19": 52.2000705903701, "20": 47.51066786702252, "21": 42.79066292510924, "22": 41.584414297492636, "23": 38.85840533883185, "24": 42.18865143435667, "25": 41.262793891362776, "26": 41.26964819426346, "27": 35.90071944619634, "28": 32.829031405670875, "29": 26.110102549105846, "30": 20.940093050651356, "31": 24.21063122902195, "32": 18.320379850327697, "33": 11.558892675833428, "35": 24.85585148294706, "36": 25.90202549602234, "37": 27.93971447750875, "38": 23.843594294758255, "39": 21.012285994977553, "40": 16.074446215797824, "41": 10.623892355255618, "42": 18.419370258015437, "43": 29.21844415925517, "44": 33.09223932105281, "45": 30.948077953051886, "46": 32.825633569727266, "47": 29.716890898105845, "48": 25.53395915772726, "49": 28.978656137588857, "50": 25.917521029481335, "51": 24.68799524693512, "52": 14.994120343839628, "53": 18.73491817185192, "54": 24.829281804106376, "55": 25.801482173453827, "56": 16.509134292828897, "57": 21.472252354392086, "58": 12.221266094260269, "59": 21.685998274833693, "60": 19.91018018180356, "61": 25.514432805032648, "62": 25.41653836013164, "63": 22.68920044648575, "64": 26.525811965407968, "65": 26.14231581977483, "66": 27.619104491411584, "67": 23.673372724629132, "68": 30.66718732588853, "69": 27.685811155453397, "70": 30.542033305895554, "71": 29.173971421578674, "72": 32.39864431479744, "73": 31.586436136949605, "74": 34.58892184209271, "75": 33.07889811635926, "76": 34.89146676499482, "77": 31.010943483579616, "78": 29.737825848549353, "79": 31.138720384454846, "80": 30.93439249599288, "81": 35.469069388101985, "82": 34.8875049089297, "83": 31.73567846553023, "84": 25.97196645199518, "85": 28.123351805371026, "86": 31.19067912583456, "87": 30.17447029795257, "88": 26.83314168326276, "89": 28.08413125885426, "90": 31.219058172771362, "91": 35.61965565906284, "92": 33.41779306831005, "93": 39.43397596103815, "94": 27.466089138375022, "95": 34.65693478844615, "96": 30.3034185929536, "97": 36.56832919663811, "98": 37.84675256682703, "99": 31.68635192430733, "100": 29.482023645097037 } }, "geometry": { "type": "Polygon", "coordinates": [ [ [ 134.125, -28.625 ], [ 134.125, -29.375 ], [ 133.875, -29.375 ], [ 133.875, -30.125 ], [ 133.375, -30.125 ], [ 133.375, -30.375 ], [ 133.125, -30.375 ], [ 133.125, -30.625 ], [ 132.875, -30.625 ], [ 132.875, -30.875 ], [ 133.125, -30.875 ], [ 133.125, -31.125 ], [ 133.625, -31.125 ], [ 133.625, -31.625 ], [ 134.625, -31.625 ], [ 134.625, -31.375 ], [ 134.875, -31.375 ], [ 134.875, -31.625 ], [ 135.125, -31.625 ], [ 135.125, -32.125 ], [ 135.375, -32.125 ], [ 135.375, -32.375 ], [ 135.875, -32.375 ], [ 135.875, -32.625 ], [ 137.875, -32.625 ], [ 137.875, -32.375 ], [ 138.375, -32.375 ], [ 138.375, -32.125 ], [ 138.125, -32.125 ], [ 138.125, -31.875 ], [ 137.625, -31.875 ], [ 137.625, -31.625 ], [ 137.375, -31.625 ], [ 137.375, -31.375 ], [ 137.125, -31.375 ], [ 137.125, -31.125 ], [ 136.125, -31.125 ], [ 136.125, -30.625 ], [ 135.875, -30.625 ], [ 135.875, -30.375 ], [ 135.625, -30.375 ], [ 135.625, -29.875 ], [ 135.125, -29.875 ], [ 135.125, -29.625 ], [ 134.875, -29.625 ], [ 134.875, -29.125 ], [ 134.625, -29.125 ], [ 134.625, -28.625 ], [ 134.125, -28.625 ] ] ] } },
{ "type": "Feature", "properties": { "cluster_id": 35, "cohesion": 6.9543852868113341, "distances": { "1": 43.159599228566876, "2": 42.04657638250277, "3": 32.98321406980356, "4": 35.934263484279114, "5": 35.53455609284389, "6": 39.6032687252698, "7": 48.86401601143708, "8": 46.408626148145764, "9": 44.759581221952885, "10": 49.12247436393458, "11": 47.00794864179843, "12": 42.43925988703487, "13": 38.900996508602915, "14": 31.67076235573896, "15": 36.25861020603343, "16": 34.47535223343466, "17": 35.30230777431277, "18": 41.474063683155045, "19": 44.97082689427445, "20": 39.888201776321644, "21": 36.77619388517902, "22": 37.94208624247832, "23": 35.6084119634785, "24": 41.194220029680714, "25": 38.65692143445856, "26": 38.758174908132666, "27": 33.6516782857997, "28": 32.45914942402217, "29": 21.430438100470006, "30": 22.203999956619313, "31": 30.435801288145843, "32": 26.522569586063398, "33": 26.454581487845207, "34": 24.855851482947067, "36": 16.461360388902698, "37": 10.87703981475207, "38": 12.04996672370113, "39": 17.654464555390675, "40": 22.141031235979803, "41": 20.091933544075754, "42": 13.061726264546863, "43": 32.90018232705596, "44": 37.03077735605063, "45": 35.501322449590745, "46": 36.868802352859745, "47": 35.09935763974573, "48": 34.63655934600841, "49": 32.623242875373386, "50": 32.52774550667683, "51": 32.113133294289945, "52": 27.876387766864617, "53": 28.89878903128085, "54": 22.203727124396696, "55": 20.162225058342962, "56": 17.81240607534516, "57": 13.491881635820485, "58": 24.529726336756188, "59": 28.47187136596048, "60": 23.959798834402676, "61": 26.322626837602805, "62": 26.215313645944185, "63": 25.327613005279904, "64": 28.62955810006102, "65": 27.107062254266772, "66": 30.374597946562265, "67": 26.804999719627503, "68": 27.682795187963592, "69": 25.847182852460666, "70": 30.84248511486299, "71": 30.169759382061795, "72": 28.49887118616774, "73": 26.111737441511075, "74": 27.805145178524217, "75": 25.800938051698473, "76": 28.64052221758372, "77": 22.066297540894872, "78": 23.266196000947303, "79": 32.82748451679253, "80": 31.833302169295578, "81": 33.13486382477964, "82": 30.487308867086572, "83": 17.068210340048545, "84": 15.773683328653624, "85": 12.361819678694136, "86": 23.13889561877938, "87": 18.044025818030555, "88": 19.25776109188968, "89": 14.300483566867083, "90": 20.19583059912914, "91": 24.20647940918943, "92": 20.942769730024498, "93": 28.425509930983523, "94": 27.684265108976476, "95": 32.345000820019536, "96": 28.654949074839987, "97": 30.97623013714384, "98": 29.853467814437586, "99": 24.683260840149277, "100": 26.403776809416915 } }, "geometry": { "type": "Polygon", "coordinates": [ [ [ 142.625, -28.125 ], [ 142.625, -28.375 ], [ 142.125, -28.375 ], [ 142.125, -28.625 ], [ 141.625, -28.625 ], [ 141.625, -28.375 ], [ 140.375, -28.375 ], [ 140.375, -29.125 ], [ 140.625, -29.125 ], [ 140.625, -29.375 ], [ 141.125, -29.375 ], [ 141.125, -29.625 ], [ 141.375, -29.625 ], [ 141.375, -29.875 ], [ 141.875, -29.875 ], [ 141.875, -30.375 ], [ 142.375, -30.375 ], [ 142.375, -30.625 ], [ 142.625, -30.625 ], [ 142.625, -30.875 ], [ 143.625, -30.875 ], [ 143.625, -30.625 ], [ 143.875, -30.625 ], [ 143.875, -30.875 ], [ 144.625, -30.875 ], [ 144.625, -31.375 ], [ 145.875, -31.375 ], [ 145.875, -31.125 ], [ 145.625, -31.125 ], [ 145.625, -30.875 ], [ 145.375, -30.875 ], [ 145.375, -30.625 ], [ 145.125, -30.625 ], [ 145.125, -30.125 ], [ 145.625, -30.125 ], [ 145.625, -30.375 ], [ 146.125, -30.375 ], [ 146.125, -29.625 ], [ 145.875, -29.625 ], [ 145.875, -29.125 ], [ 145.125, -29.125 ], [ 145.125, -28.875 ], [ 144.875, -28.875 ], [ 144.875, -28.375 ], [ 144.375, -28.375 ], [ 144.375, -28.625 ], [ 143.625, -28.625 ], [ 143.625, -28.875 ], [ 143.375, -28.875 ], [ 143.375, -28.625 ], [ 143.125, -28.625 ], [ 143.125, -28.125 ], [ 142.625, -28.125 ] ] ] } },
{ "type": "Feature", "properties": { "cluster_id": 36, "cohesion": 6.1391389619574221, "distances": { "1": 39.74570865493867, "2": 38.48946235945734, "3": 31.567964986799264, "4": 34.099172391714404, "5": 32.86242403003597, "6": 36.83901045040927, "7": 44.75089159431146, "8": 42.48297920533689, "9": 41.34321825669672, "10": 45.63073090431709, "11": 44.22516286657865, "12": 40.20494441542098, "13": 38.38618871227546, "14": 32.64302054015736, "15": 34.979333365123345, "16": 35.02400709556771, "17": 37.06897873384625, "18": 38.82280590789497, "19": 43.76897225248992, "20": 39.50583175443899, "21": 35.614969808467634, "22": 34.99109288673094, "23": 32.48377318678266, "24": 37.87561101780074, "25": 36.08765035090506, "26": 35.4676568706999, "27": 30.88239732164115, "28": 30.66617145303999, "29": 11.616630560711645, "30": 15.362162618414912, "31": 22.548554822736808, "32": 20.461295843546903, "33": 24.504621543825007, "34": 25.90202549602234, "35": 16.461360388902698, "37": 12.26596604254615, "38": 9.615697048909304, "39": 12.336417903404678, "40": 18.575726585941254, "41": 23.284493060337077, "42": 17.941822751909804, "43": 32.037184557564636, "44": 34.69664408970169, "45": 36.31532221618634, "46": 35.862884702844816, "47": 35.637216116669244, "48": 36.498250925468106, "49": 34.377080056053096, "50": 34.93036912523036, "51": 33.04318941447465, "52": 28.831007659951425, "53": 32.455828264609025, "54": 26.720940510069166, "55": 27.589683843776665, "56": 24.403686640350216, "57": 23.410128092566378, "58": 28.351575369051602, "59": 32.195827144969115, "60": 28.990571227244462, "61": 26.82857682365399, "62": 25.513869458908797, "63": 24.21875596811677, "64": 29.338993491826024, "65": 28.140901098967255, "66": 31.784714256930947, "67": 29.987082615359178, "68": 27.113324132100296, "69": 25.32068666504631, "70": 29.452469297601795, "71": 28.943741519741916, "72": 24.918048675736717, "73": 24.30908340565519, "74": 27.74146242530834, "75": 20.81325903311128, "76": 19.358375115511787, "77": 13.29444074845982, "78": 18.289493520013192, "79": 23.739260023878295, "80": 26.24470294703394, "81": 23.770675190166248, "82": 22.80228765841208, "83": 24.99624563493917, "84": 25.427500222442397, "85": 23.428473813027892, "86": 19.209096256438702, "87": 13.54158287396859, "88": 18.524040957524555, "89": 17.389738788731105, "90": 24.66656625975558, "91": 28.668261831626932, "92": 28.37680761721258, "93": 32.71246226756907, "94": 25.520050463517425, "95": 29.735663225875253, "96": 27.971427972785804, "97": 31.197951204476777, "98": 31.784384302473878, "99": 28.416308323731187, "100": 27.777299508417276 } }, "geometry": { "type": "Polygon", "coordinates": [ [ [ 146.625, -32.625 ], [ 146.625, -33.125 ], [ 146.375, -33.125 ], [ 146.375, -33.625 ], [ 146.125, -33.625 ], [ 146.125, -35.375 ], [ 146.375, -35.375 ], [ 146.375, -35.625 ], [ 146.625, -35.625 ], [ 146.625, -35.875 ], [ 147.375, -35.875 ], [ 147.375, -35.625 ], [ 147.625, -35.625 ], [ 147.625, -35.375 ], [ 148.125, -35.375 ], [ 148.125, -35.125 ], [ 147.875, -35.125 ], [ 147.875, -34.875 ], [ 148.625, -34.875 ], [ 148.625, -34.625 ], [ 148.875, -34.625 ], [ 148.875, -34.375 ], [ 149.125, -34.375 ], [ 149.125, -33.375 ], [ 148.875, -33.375 ], [ 148.875, -33.125 ], [ 148.625, -33.125 ], [ 148.625, -32.875 ], [ 147.625, -32.875 ], [ 147.625, -32.625 ], [ 146.625, -32.625 ] ] ] } },
{ "type": "Feature", "properties": { "cluster_id": 37, "cohesion": 5.1514922634253146, "distances": { "1": 41.5418484515588, "2": 39.6345499109396, "3": 31.03296814137775, "4": 34.57085933774, "5": 34.44772931491951, "6": 38.07275821015582, "7": 46.316056524617416, "8": 43.52446718857134, "9": 42.19543161548996, "10": 46.30282551323739, "11": 44.35315538580504, "12": 39.88610906071991, "13": 36.71831369721957, "14": 29.75650481051387, "15": 34.036647172740395, "16": 33.67556036005971, "17": 34.3847546203583, "18": 39.556238696249416, "19": 42.915112488744796, "20": 38.42149093091838, "21": 35.53585527250302, "22": 36.32023798941974, "23": 34.38316003136079, "24": 39.16742064919972, "25": 36.80386497617147, "26": 36.55373981473548, "27": 32.188215627672484, "28": 31.28787717591527, "29": 19.35113316728645, "30": 22.686459753307957, "31": 29.311102876476372, "32": 26.80580542677487, "33": 27.73544332932715, "34": 27.939714477508748, "35": 10.877039814752068, "36": 12.26596604254615, "38": 11.270343492844853, "39": 18.54510286129534, "40": 24.155194557904334, "41": 24.4874651631411, "42": 18.252800853902123, "43": 32.79728188466914, "44": 36.131634435835736, "45": 35.835944692881206, "46": 36.350311721944074, "47": 35.5240931490389, "48": 36.23123816093987, "49": 33.49346927266955, "50": 34.40678097758967, "51": 32.979207607051016, "52": 29.35301117856255, "53": 31.441626883876634, "54": 25.242754027683596, "55": 23.759603770872634, "56": 22.70381167585017, "57": 19.384730023985004, "58": 27.658693462440247, "59": 31.193369421036895, "60": 27.270253281659734, "61": 26.60721730263887, "62": 26.510017450292537, "63": 25.331290326791663, "64": 29.727790691713114, "65": 28.612401573128746, "66": 31.289346961331162, "67": 29.32212975438717, "68": 25.30758644600846, "69": 23.789446091355874, "70": 28.684302629904007, "71": 28.926710285008397, "72": 24.2567266534717, "73": 22.010816989160794, "74": 24.67320695374, "75": 20.85339690323883, "76": 24.10884250560319, "77": 16.859101665790288, "78": 20.119896342159386, "79": 30.668407890296173, "80": 30.22784363965752, "81": 30.004874737321256, "82": 27.21364658537899, "83": 17.910300458803203, "84": 20.416422650649494, "85": 16.485086874020215, "86": 17.19921840511155, "87": 11.615732233216916, "88": 14.8349252472716, "89": 10.10217507679812, "90": 18.541213747494414, "91": 23.456232543289943, "92": 23.133741562349442, "93": 28.93584485432336, "94": 27.108249838382285, "95": 31.686820584482792, "96": 29.023062093211692, "97": 30.997644910002865, "98": 30.026328331785944, "99": 26.427203010863924, "100": 27.78455100342783 } }, "geometry": { "type": "Polygon", "coordinates": [ [ [ 145.875, -29.125 ], [ 145.875, -29.625 ], [ 146.125, -29.625 ], [ 146.125, -30.375 ], [ 145.625, -30.375 ], [ 145.625, -30.125 ], [ 145.125, -30.125 ], [ 145.125, -30.625 ], [ 145.375, -30.625 ], [ 145.375, -30.875 ], [ 145.625, -30.875 ], [ 145.625, -31.125 ], [ 145.875, -31.125 ], [ 145.875, -31.375 ], [ 146.375, -31.375 ], [ 146.375, -32.125 ], [ 146.625, -32.125 ], [ 146.625, -32.375 ], [ 147.125, -32.375 ], [ 147.125, -32.625 ], [ 147.625, -32.625 ], [ 147.625, -32.875 ], [ 148.375, -32.875 ], [ 148.375, -31.625 ], [ 148.625, -31.625 ], [ 148.625, -31.375 ], [ 148.125, -31.375 ], [ 148.125, -30.875 ], [ 147.875, -30.875 ], [ 147.875, -30.375 ], [ 147.625, -30.375 ], [ 147.625, -29.875 ], [ 147.125, -29.875 ], [ 147.125, -29.625 ], [ 146.875, -29.625 ], [ 146.875, -29.375 ], [ 146.625, -29.375 ], [ 146.625, -29.125 ], [ 145.875, -29.125 ] ] ] } },
{ "type": "Feature", "properties": { "cluster_id": 38, "cohesion": 5.5557074028888787, "distances": { "1": 42.112810111191685, "2": 41.07904194009971, "3": 33.02117425280962, "4": 35.681650296188835, "5": 34.42003759689806, "6": 38.76695242358837, "7": 48.24927028812722, "8": 45.74604359647316, "9": 44.5371311340942, "10": 49.069753026168605, "11": 47.48840316440411, "12": 42.89735792169898, "13": 40.71852005306007, "14": 33.9507465163239, "15": 36.87849974252471, "16": 36.96168407786794, "17": 38.781999151467886, "18": 41.72714151891872, "19": 46.645294310195204, "20": 42.00759188443566, "21": 37.94383087964826, "22": 37.81455222635632, "23": 35.23417721235936, "24": 40.997464767852726, "25": 38.90078747212475, "26": 38.36283878585057, "27": 33.59854981370473, "28": 33.16806079426038, "29": 15.641605772112905, "30": 15.902766728008482, "31": 24.77119545149007, "32": 21.013697371173066, "33": 23.957623021393776, "34": 23.843594294758255, "35": 12.04996672370113, "36": 9.615697048909302, "37": 11.270343492844855, "39": 10.511690090374524, "40": 17.12998686981433, "41": 20.043983438592683, "42": 13.703817496051633, "43": 33.801866691186376, "44": 37.17831465778029, "45": 37.792299661252244, "46": 38.07480329378429, "47": 36.93947503307815, "48": 36.756689043036566, "49": 35.35869975441686, "50": 35.14128797145102, "51": 33.70930931514351, "52": 28.346632086350045, "53": 31.412395942328498, "54": 25.936437082170812, "55": 26.31101278916752, "56": 21.207173304268647, "57": 19.94382208449689, "58": 26.41963691037548, "59": 31.344014035617818, "60": 27.688868832727824, "61": 27.840370487748395, "62": 26.596403591602154, "63": 25.191247991133654, "64": 30.181857393637287, "65": 28.696096901974922, "66": 32.72690068640182, "67": 29.583257256285933, "68": 27.919153920252427, "69": 25.879333847492816, "70": 30.97176992901932, "71": 29.756091471737676, "72": 28.179438515436676, "73": 26.098051010997548, "74": 29.204888769084672, "75": 25.079067178691822, "76": 25.099207582899716, "77": 19.024716281005126, "78": 22.186375808786998, "79": 27.61976759588541, "80": 29.721487373362812, "81": 28.98804405249746, "82": 27.8458595587564, "83": 23.959608705489813, "84": 23.119597345110545, "85": 20.827704313237938, "86": 22.545277755855555, "87": 17.26401134084643, "88": 19.00410293875499, "89": 16.760774465929106, "90": 24.448374808645497, "91": 28.885913453160686, "92": 27.68239065800383, "93": 33.45901230781902, "94": 27.428104566589365, "95": 32.06908519370562, "96": 29.33201248810336, "97": 32.65522572173556, "98": 33.02897773163181, "99": 28.62658231025828, "100": 28.40051332085645 } }, "geometry": { "type": "Polygon", "coordinates": [ [ [ 143.625, -30.625 ], [ 143.625, -31.625 ], [ 144.125, -31.625 ], [ 144.125, -32.375 ], [ 144.625, -32.375 ], [ 144.625, -32.625 ], [ 144.875, -32.625 ], [ 144.875, -32.875 ], [ 145.125, -32.875 ], [ 145.125, -33.125 ], [ 145.375, -33.125 ], [ 145.375, -33.625 ], [ 145.625, -33.625 ], [ 145.625, -33.875 ], [ 146.125, -33.875 ], [ 146.125, -33.625 ], [ 146.375, -33.625 ], [ 146.375, -33.125 ], [ 146.625, -33.125 ], [ 146.625, -32.625 ], [ 147.125, -32.625 ], [ 147.125, -32.375 ], [ 146.625, -32.375 ], [ 146.625, -32.125 ], [ 146.375, -32.125 ], [ 146.375, -31.375 ], [ 144.625, -31.375 ], [ 144.625, -30.875 ], [ 143.875, -30.875 ], [ 143.875, -30.625 ], [ 143.625, -30.625 ] ] ] } },
{ "type": "Feature", "properties": { "cluster_id": 39, "cohesion": 5.5416990014484986, "distances": { "1": 41.675996755369354, "2": 41.473954009125876, "3": 34.61854671184177, "4": 36.32826000044367, "5": 34.116185587729355, "6": 38.81054823452289, "7": 48.16423541045836, "8": 46.25035558766984, "9": 45.03012786384414, "10": 49.65952206208508, "11": 48.36189002213161, "12": 44.1194619245607, "13": 42.612897908608474, "14": 36.723163208527545, "15": 38.56540590107736, "16": 38.396394942998185, "17": 40.902148623566326, "18": 42.18842991459575, "19": 47.890385956184566, "20": 43.3482282374882, "21": 38.71245553277098, "22": 37.903911417997605, "23": 34.815612978242214, "24": 41.04269566336705, "25": 39.36042568448433, "26": 38.67409114181515, "27": 33.721918043059105, "28": 33.520167961300764, "29": 12.988773666876842, "30": 9.176125737914836, "31": 20.042280247318562, "32": 15.45866860946638, "33": 21.24347652830079, "34": 21.012285994977553, "35": 17.654464555390675, "36": 12.336417903404678, "37": 18.545102861295344, "38": 10.511690090374524, "40": 10.509721663987461, "41": 17.646620976491334, "42": 13.216249953672229, "43": 33.39886899725755, "44": 36.33222180025007, "45": 37.70380949390498, "46": 37.56955144692004, "47": 36.77224464920416, "48": 36.27439157307523, "49": 35.52769984146268, "50": 34.6988634122518, "51": 33.64382416697506, "52": 27.889590845638228, "53": 31.374494010304456, "54": 26.138580078922388, "55": 28.223533522250914, "56": 21.701464112180847, "57": 22.495172761455077, "58": 26.1429320344633, "59": 31.066765396330997, "60": 27.91855379243927, "61": 28.414637619419917, "62": 26.435057554626955, "63": 25.1860423336552, "64": 29.648667113144963, "65": 27.86670879769114, "66": 32.74619831870014, "67": 29.09780957660979, "68": 30.738416648464433, "69": 28.673046671833575, "70": 32.9544117984799, "71": 30.951174831315523, "72": 30.775893742904348, "73": 29.8737687612, "74": 32.72469329885529, "75": 27.66683471196605, "76": 25.0273539429608, "77": 20.813234431752115, "78": 23.16511475026222, "79": 23.70376338838291, "80": 27.430102383370773, "81": 26.527664850483635, "82": 26.78219569335809, "83": 28.754624636917118, "84": 26.113842794618765, "85": 25.48885706046907, "86": 26.951265243245874, "87": 22.050967054309783, "88": 24.05768213535077, "89": 23.051582328708133, "90": 29.206216266729665, "91": 32.72568166879493, "92": 30.88111698703636, "93": 35.96141965632004, "94": 27.16485363457207, "95": 31.43539582814584, "96": 28.84175835728727, "97": 33.04081892457012, "98": 34.41390306500487, "99": 29.636586264079803, "100": 28.024452903514774 } }, "geometry": { "type": "Polygon", "coordinates": [ [ [ 142.125, -31.625 ], [ 142.125, -31.875 ], [ 141.375, -31.875 ], [ 141.375, -32.125 ], [ 141.875, -32.125 ], [ 141.875, -32.625 ], [ 142.125, -32.625 ], [ 142.125, -32.875 ], [ 142.375, -32.875 ], [ 142.375, -33.625 ], [ 142.625, -33.625 ], [ 142.625, -34.125 ], [ 142.875, -34.125 ], [ 142.875, -34.875 ], [ 143.375, -34.875 ], [ 143.375, -35.125 ], [ 144.375, -35.125 ], [ 144.375, -35.375 ], [ 144.875, -35.375 ], [ 144.875, -35.625 ], [ 145.375, -35.625 ], [ 145.375, -35.875 ], [ 146.125, -35.875 ], [ 146.125, -36.375 ], [ 146.375, -36.375 ], [ 146.375, -36.125 ], [ 146.625, -36.125 ], [ 146.625, -35.625 ], [ 146.375, -35.625 ], [ 146.375, -35.375 ], [ 146.125, -35.375 ], [ 146.125, -33.875 ], [ 145.625, -33.875 ], [ 145.625, -33.625 ], [ 145.375, -33.625 ], [ 145.375, -33.125 ], [ 145.125, -33.125 ], [ 145.125, -32.875 ], [ 144.875, -32.875 ], [ 144.875, -32.625 ], [ 144.625, -32.625 ], [ 144.625, -32.375 ], [ 144.125, -32.375 ], [ 144.125, -32.625 ], [ 143.625, -32.625 ], [ 143.625, -32.375 ], [ 143.375, -32.375 ], [ 143.375, -32.125 ], [ 143.125, -32.125 ], [ 143.125, -31.875 ], [ 142.875, -31.875 ], [ 142.875, -31.625 ], [ 142.125, -31.625 ] ] ] } },
{ "type": "Feature", "properties": { "cluster_id": 40, "cohesion": 5.6461524130778056, "distances": { "1": 40.953648213909936, "2": 41.527509302006614, "3": 35.05674124650705, "4": 35.79544283414523, "5": 33.24932268169297, "6": 38.15151463826102, "7": 48.35970047413539, "8": 46.73786623338829, "9": 45.74264200522969, "10": 50.54219356961998, "11": 49.61649066500758, "12": 44.98253223448025, "13": 44.27906235212457, "14": 38.392599239671725, "15": 39.293986439279514, "16": 40.20886680303695, "17": 43.00518231051874, "18": 43.09721607031966, "19": 49.488484615422294, "20": 45.05778249549901, "21": 40.089097389794745, "22": 38.71920749417559, "23": 35.571739885933475, "24": 41.06505633625904, "25": 39.87232479353791, "26": 39.11817395810733, "27": 34.22461523815142, "28": 33.58343329753287, "29": 16.67668673544509, "30": 9.88784685761097, "31": 16.422217804972693, "32": 10.314110016783298, "33": 16.04992693772845, "34": 16.074446215797828, "35": 22.141031235979803, "36": 18.57572658594125, "37": 24.155194557904334, "38": 17.12998686981433, "39": 10.509721663987461, "41": 14.829014425165619, "42": 14.938429700538746, "43": 31.742226342750477, "44": 34.695717788802696, "45": 36.550232670953285, "46": 36.19524079132415, "47": 34.99999109572343, "48": 34.09093565461486, "49": 34.912534738386945, "50": 33.31743623266627, "51": 31.489474965733073, "52": 24.799722548418654, "53": 29.354885258204774, "54": 26.99115840378281, "55": 29.406926158138145, "56": 21.422127826838313, "57": 23.94866044245953, "58": 23.785291728375856, "59": 29.924047585376538, "60": 27.359211337975992, "61": 28.72571822295706, "62": 26.549918879813724, "63": 24.736705876250504, "64": 29.507665493613462, "65": 27.898924325578868, "66": 32.45783310348467, "67": 28.739737021501757, "68": 31.921957329844258, "69": 29.650305669789354, "70": 33.06418891493751, "71": 30.807803076661184, "72": 32.20321891194051, "73": 31.931377844547512, "74": 34.719006128856215, "75": 30.216593600716045, "76": 27.91118791505948, "77": 24.728998329296385, "78": 25.933796779407135, "79": 23.01954173061266, "80": 26.869325838112385, "81": 27.794430420473642, "82": 28.847835467140943, "83": 31.693985850282257, "84": 27.958411202586742, "85": 28.418648765428063, "86": 29.918224617902897, "87": 26.306407420524817, "88": 26.919579172176448, "89": 26.905001449421956, "90": 31.73063996544279, "91": 35.2701420212836, "92": 33.38131193219735, "93": 38.30396296741415, "94": 27.192356404978362, "95": 32.030082443585684, "96": 29.425610570713296, "97": 34.38266692509937, "98": 36.255425414311176, "99": 31.310176223739294, "100": 28.87825566068044 } }, "geometry": { "type": "Polygon", "coordinates": [ [ [ 139.125, -30.375 ], [ 139.125, -30.625 ], [ 138.875, -30.625 ], [ 138.875, -31.375 ], [ 138.625, -31.375 ], [ 138.625, -32.125 ], [ 138.375, -32.125 ], [ 138.375, -32.875 ], [ 139.875, -32.875 ], [ 139.875, -33.375 ], [ 139.625, -33.375 ], [ 139.625, -34.875 ], [ 140.125, -34.875 ], [ 140.125, -35.125 ], [ 141.125, -35.125 ], [ 141.125, -34.875 ], [ 141.375, -34.875 ], [ 141.375, -35.125 ], [ 141.625, -35.125 ], [ 141.625, -34.625 ], [ 141.875, -34.625 ], [ 141.875, -35.125 ], [ 142.375, -35.125 ], [ 142.375, -34.125 ], [ 142.625, -34.125 ], [ 142.625, -33.625 ], [ 142.375, -33.625 ], [ 142.375, -32.875 ], [ 142.125, -32.875 ], [ 142.125, -32.625 ], [ 141.875, -32.625 ], [ 141.875, -32.125 ], [ 140.875, -32.125 ], [ 140.875, -32.375 ], [ 139.375, -32.375 ], [ 139.375, -32.125 ], [ 139.125, -32.125 ], [ 139.125, -31.125 ], [ 139.375, -31.125 ], [ 139.375, -30.375 ], [ 139.125, -30.375 ] ] ] } },
{ "type": "Feature", "properties": { "cluster_id": 41, "cohesion": 6.0382654929360893, "distances": { "1": 44.75535989985955, "2": 44.66367539930102, "3": 35.94152257250155, "4": 37.3083475524134, "5": 35.83864456971457, "6": 40.91054145657234, "7": 52.00042907495246, "8": 49.98278035695655, "9": 48.66788965412718, "10": 53.741657223148835, "11": 52.49624400745093, "12": 47.29481066078728, "13": 45.65394016569628, "14": 38.47639741269489, "15": 40.5653859161262, "16": 40.5099947775547, "17": 43.29261877325556, "18": 45.50166896397647, "19": 51.57744890667835, "20": 46.36810068434256, "21": 41.52278944726959, "22": 41.24703545959567, "23": 38.117317411874474, "24": 43.49235628038802, "25": 41.69269608945911, "26": 41.85234902434912, "27": 35.96782312866695, "28": 33.76106345827648, "29": 24.16176689841585, "30": 19.51687375573809, "31": 26.416389691301013, "32": 20.036962934367896, "33": 17.058474468128622, "34": 10.623892355255618, "35": 20.091933544075754, "36": 23.284493060337077, "37": 24.487465163141096, "38": 20.04398343859268, "39": 17.64662097649133, "40": 14.829014425165616, "42": 12.639666271380115, "43": 32.15391607147032, "44": 36.047620728595696, "45": 33.12404792273676, "46": 35.46066341695199, "47": 32.937633713888005, "48": 28.893481619289705, "49": 29.92540475357402, "50": 27.291988026870353, "51": 28.788633204909925, "52": 20.924122677273502, "53": 21.853245644498603, "54": 21.002206415447528, "55": 22.39230279696223, "56": 11.53048131677392, "57": 16.333925293824528, "58": 14.382308284351252, "59": 21.931524494905016, "60": 18.850000230771997, "61": 25.190315391567548, "62": 24.902934190658957, "63": 23.37589274974122, "64": 25.65790493037895, "65": 24.17925265449585, "66": 27.6914905323598, "67": 21.89260212239313, "68": 31.851375480161096, "69": 29.03202748742051, "70": 33.21519662485447, "71": 31.41433581302323, "72": 33.76250957499426, "73": 32.110862152368966, "74": 34.72499434875999, "75": 32.88032770865994, "76": 33.989661005510975, "77": 29.445173032705277, "78": 28.487070782899906, "79": 32.02341358245501, "80": 31.87343841592519, "81": 35.24432564443723, "82": 34.27825857865187, "83": 29.061657934596063, "84": 21.64184905400142, "85": 24.094342007708985, "86": 31.149396025081845, "87": 28.407489104132104, "88": 26.093791185663235, "89": 25.907057215888656, "90": 30.061676237023935, "91": 33.984175725238956, "92": 29.867978288043115, "93": 36.76315866731728, "94": 27.6076479454826, "95": 33.69320331108669, "96": 28.651715263368427, "97": 34.306649894123794, "98": 35.26074176178047, "99": 28.162708741863447, "100": 26.534248197637133 } }, "geometry": { "type": "Polygon", "coordinates": [ [ [ 134.625, -27.375 ], [ 134.625, -27.875 ], [ 134.375, -27.875 ], [ 134.375, -28.625 ], [ 134.625, -28.625 ], [ 134.625, -29.125 ], [ 134.875, -29.125 ], [ 134.875, -29.625 ], [ 135.125, -29.625 ], [ 135.125, -29.875 ], [ 135.625, -29.875 ], [ 135.625, -30.375 ], [ 135.875, -30.375 ], [ 135.875, -30.625 ], [ 136.125, -30.625 ], [ 136.125, -31.125 ], [ 137.125, -31.125 ], [ 137.125, -31.375 ], [ 137.375, -31.375 ], [ 137.375, -31.625 ], [ 137.625, -31.625 ], [ 137.625, -31.875 ], [ 138.125, -31.875 ], [ 138.125, -32.125 ], [ 138.375, -32.125 ], [ 138.375, -31.375 ], [ 138.125, -31.375 ], [ 138.125, -30.375 ], [ 138.375, -30.375 ], [ 138.375, -29.875 ], [ 137.625, -29.875 ], [ 137.625, -29.625 ], [ 137.375, -29.625 ], [ 137.375, -28.875 ], [ 137.125, -28.875 ], [ 137.125, -28.625 ], [ 136.875, -28.625 ], [ 136.875, -28.375 ], [ 136.625, -28.375 ], [ 136.625, -28.125 ], [ 135.875, -28.125 ], [ 135.875, -27.625 ], [ 135.375, -27.625 ], [ 135.375, -27.375 ], [ 134.625, -27.375 ] ] ] } },
{ "type": "Feature", "properties": { "cluster_id": 42, "cohesion": 7.8134263885890949, "distances": { "1": 44.46813288445692, "2": 44.098041976210794, "3": 35.598008400561625, "4": 37.62656567261398, "5": 36.39599294844801, "6": 41.02984422038151, "7": 50.695330455336176, "8": 48.78584925659226, "9": 47.03123881879503, "10": 51.78657012260406, "11": 50.045934413274274, "12": 45.607748145891684, "13": 42.88973678695502, "14": 36.176600765151385, "15": 39.462781491890155, "16": 37.60607205429797, "17": 39.597259456268716, "18": 43.67617920700495, "19": 48.499066782932545, "20": 43.29228948807754, "21": 39.24798110176332, "22": 39.7172873208536, "23": 36.80919431450253, "24": 42.67125248136824, "25": 40.460920768510015, "26": 40.636715012028155, "27": 34.94270154412569, "28": 33.477465697967794, "29": 20.106488275744, "30": 17.2476473345998, "31": 26.841413171797956, "32": 21.22788102258737, "33": 21.80393467466099, "34": 18.419370258015437, "35": 13.061726264546861, "36": 17.941822751909804, "37": 18.252800853902126, "38": 13.703817496051633, "39": 13.216249953672229, "40": 14.93842970053875, "41": 12.639666271380115, "43": 32.69986056509594, "44": 36.77055713533321, "45": 35.01435122331363, "46": 36.58178465036023, "47": 34.61663459297523, "48": 32.65076793584202, "49": 32.01961291178657, "50": 30.548482133217025, "51": 31.186941843161186, "52": 25.433268550617022, "53": 26.413953150076185, "54": 20.92949370724317, "55": 21.317647650220845, "56": 14.225504472869702, "57": 14.082016501725768, "58": 20.9088888280556, "59": 25.788857510638262, "60": 21.68159718476013, "61": 26.465584459821873, "62": 26.114132260795937, "63": 25.178142694378405, "64": 27.52136791033998, "65": 25.65374668804181, "66": 29.65365284098037, "67": 24.460558275591055, "68": 31.16813781714422, "69": 28.746732854983716, "70": 33.278652739767956, "71": 31.94199053311893, "72": 32.06051706457048, "73": 30.563854973129338, "74": 32.73986100263966, "75": 29.646176815888847, "76": 30.26825187530719, "77": 24.77888122707107, "78": 25.458045062091525, "79": 30.943092331036915, "80": 31.314018259526065, "81": 32.822303040736934, "82": 31.447921871717178, "83": 24.433290635490895, "84": 18.681034689507435, "85": 18.97487269157938, "86": 28.159460098015433, "87": 23.348346103584287, "88": 24.156800146672527, "89": 21.768751308812448, "90": 26.9324380175271, "91": 30.25792121172949, "92": 25.72635055385134, "93": 32.74855204467067, "94": 28.174871484555975, "95": 32.985356448186984, "96": 28.674841731177313, "97": 32.48933690804234, "98": 32.49625263781649, "99": 25.972387769283035, "100": 26.035213671583264 } }, "geometry": { "type": "Polygon", "coordinates": [ [ [ 137.625, -28.625 ], [ 137.625, -29.125 ], [ 137.875, -29.125 ], [ 137.875, -29.375 ], [ 138.125, -29.375 ], [ 138.125, -29.625 ], [ 138.375, -29.625 ], [ 138.375, -30.375 ], [ 138.125, -30.375 ], [ 138.125, -31.375 ], [ 138.375, -31.375 ], [ 138.375, -32.125 ], [ 138.625, -32.125 ], [ 138.625, -31.375 ], [ 138.875, -31.375 ], [ 138.875, -30.625 ], [ 139.125, -30.625 ], [ 139.125, -30.375 ], [ 139.375, -30.375 ], [ 139.375, -31.125 ], [ 139.125, -31.125 ], [ 139.125, -32.125 ], [ 139.375, -32.125 ], [ 139.375, -32.375 ], [ 140.875, -32.375 ], [ 140.875, -32.125 ], [ 141.375, -32.125 ], [ 141.375, -31.875 ], [ 142.125, -31.875 ], [ 142.125, -31.625 ], [ 142.875, -31.625 ], [ 142.875, -31.875 ], [ 143.125, -31.875 ], [ 143.125, -32.125 ], [ 143.375, -32.125 ], [ 143.375, -32.375 ], [ 143.625, -32.375 ], [ 143.625, -32.625 ], [ 144.125, -32.625 ], [ 144.125, -31.625 ], [ 143.625, -31.625 ], [ 143.625, -30.875 ], [ 142.625, -30.875 ], [ 142.625, -30.625 ], [ 142.375, -30.625 ], [ 142.375, -30.375 ], [ 141.875, -30.375 ], [ 141.875, -29.875 ], [ 141.375, -29.875 ], [ 141.375, -29.625 ], [ 140.375, -29.625 ], [ 140.375, -29.375 ], [ 140.125, -29.375 ], [ 140.125, -29.125 ], [ 139.375, -29.125 ], [ 139.375, -29.375 ], [ 138.625, -29.375 ], [ 138.625, -29.125 ], [ 138.375, -29.125 ], [ 138.375, -28.875 ], [ 137.875, -28.875 ], [ 137.875, -28.625 ], [ 137.625, -28.625 ] ] ] } },
{ "type": "Feature", "properties": { "cluster_id": 43, "cohesion": 5.4495558555584989, "distances": { "1": 28.649483747455577, "2": 28.151555638161668, "3": 24.440577926504858, "4": 23.339571950947857, "5": 24.14646811870578, "6": 25.73172911568018, "7": 34.55809143464449, "8": 32.13507714864496, "9": 33.12729389837163, "10": 36.82041335606994, "11": 37.01193032009819, "12": 30.65251092405071, "13": 31.98930321592056, "14": 27.479879287141824, "15": 26.400336551403726, "16": 33.57442207923495, "17": 33.689806457016665, "18": 33.72619403885689, "19": 37.2245293717949, "20": 35.23191591736835, "21": 34.059795281400504, "22": 32.38121069626531, "23": 32.245225293684584, "24": 27.481335688829734, "25": 29.175002440796085, "26": 27.97878414656287, "27": 27.661367996228083, "28": 23.080016110901187, "29": 29.86941127232313, "30": 30.787480652405637, "31": 27.773376985213154, "32": 29.22403515162949, "33": 25.30956177976356, "34": 29.218444159255167, "35": 32.90018232705595, "36": 32.037184557564636, "37": 32.79728188466914, "38": 33.801866691186376, "39": 33.39886899725755, "40": 31.742226342750477, "41": 32.15391607147032, "42": 32.699860565095946, "44": 10.8485605776891, "45": 20.21427950687026, "46": 14.364355112218313, "47": 11.390615669418596, "48": 22.195300157487925, "49": 26.290931297445166, "50": 26.701205256295513, "51": 14.104167677504421, "52": 20.848410061148208, "53": 26.13608858907505, "54": 31.988917323405595, "55": 29.853826042086776, "56": 31.81570304371054, "57": 31.757600720950702, "58": 28.258789482004534, "59": 30.588566013481348, "60": 29.101782336364927, "61": 28.762505771741186, "62": 27.474587558714514, "63": 25.164014299273035, "64": 29.777625038887372, "65": 31.48663033096553, "66": 28.38376828786297, "67": 32.251419313740186, "68": 25.20965862352525, "69": 25.12082298164007, "70": 23.255029921640816, "71": 23.10892463349673, "72": 24.530833277034233, "73": 27.274593213343625, "74": 26.967976421434564, "75": 25.600375531439933, "76": 28.887888777449543, "77": 28.658951776000684, "78": 24.586586475093657, "79": 28.88437125448237, "80": 24.152924141540936, "81": 29.432686036928306, "82": 27.217979971771996, "83": 29.679288022805064, "84": 30.746185758076646, "85": 31.233197197761825, "86": 27.677908863620175, "87": 29.236329927278742, "88": 29.726054805771042, "89": 30.369325849779138, "90": 27.82585623347069, "91": 28.989693907427544, "92": 31.52051859428046, "93": 32.54274913878921, "94": 24.105047478915797, "95": 30.891295853089048, "96": 30.728393314047622, "97": 33.18463684831888, "98": 32.94330467496285, "99": 32.17021292359422, "100": 32.289086252144955 } }, "geometry": { "type": "MultiPolygon", "coordinates": [ [ [ [ 125.375, -33.125 ], [ 124.875, -33.125 ], [ 124.875, -33.375 ], [ 124.375, -33.375 ], [ 124.375, -33.625 ], [ 124.125, -33.625 ], [ 124.125, -33.875 ], [ 123.875, -33.875 ], [ 123.875, -34.125 ], [ 123.625, -34.125 ], [ 123.625, -34.375 ], [ 122.125, -34.375 ], [ 122.125, -34.125 ], [ 120.875, -34.125 ], [ 120.875, -33.625 ], [ 121.875, -33.625 ], [ 121.875, -33.375 ], [ 122.125, -33.375 ], [ 122.125, -33.125 ], [ 122.875, -33.125 ], [ 122.875, -32.625 ], [ 125.375, -32.625 ], [ 125.375, -33.125 ] ] ], [ [ [ 125.375, -32.375 ], [ 125.625, -32.375 ], [ 125.625, -32.625 ], [ 125.375, -32.625 ], [ 125.375, -32.375 ] ] ] ] } },
{ "type": "Feature", "properties": { "cluster_id": 44, "cohesion": 7.3762443774972768, "distances": { "1": 26.4652514675006, "2": 25.979855462539458, "3": 24.634716457486043, "4": 22.932040896353186, "5": 23.522580963319342, "6": 24.239582257064942, "7": 31.65963880216153, "8": 29.390135745630754, "9": 31.072160124657646, "10": 34.32815269898549, "11": 35.02387286493111, "12": 29.01260278427984, "13": 31.394532497188163, "14": 28.332798275765786, "15": 25.980190351409735, "16": 33.96285452080331, "17": 34.08608827621701, "18": 32.608578331678565, "19": 35.83358161849373, "20": 34.70199792137808, "21": 33.90849665183436, "22": 31.739366478513343, "23": 32.061454197390375, "24": 25.361772812410173, "25": 28.164777940909524, "26": 26.47224853151453, "27": 27.60060591537162, "28": 23.041582148088533, "29": 31.711393780261357, "30": 33.11238130083323, "31": 28.69356454565312, "32": 31.4200598592632, "33": 28.844501226595597, "34": 33.09223932105281, "35": 37.03077735605063, "36": 34.69664408970169, "37": 36.131634435835736, "38": 37.17831465778029, "39": 36.33222180025007, "40": 34.69571778880269, "41": 36.04762072859569, "42": 36.770557135333206, "43": 10.8485605776891, "45": 20.205767497630536, "46": 11.128998970024979, "47": 14.735979782506321, "48": 25.775051169097715, "49": 27.722769577991578, "50": 29.43092999784977, "51": 19.696766869162357, "52": 25.74840851220669, "53": 30.60834199124338, "54": 34.95876272247564, "55": 33.58235142092717, "56": 35.96203226306527, "57": 36.220489676900854, "58": 32.4672510493989, "59": 34.110628796534805, "60": 32.9118305316472, "61": 31.41997466716285, "62": 29.886471108423528, "63": 28.180065475357555, "64": 31.766949324760574, "65": 33.46966732470232, "66": 30.201748387215915, "67": 35.00847606667308, "68": 26.918431539418002, "69": 27.14771027902186, "70": 24.223889365271962, "71": 24.132377739310396, "72": 25.26042216316254, "73": 28.872009910829107, "74": 28.465210252341407, "75": 26.47999025726496, "76": 28.866853136109935, "77": 30.13503155003941, "78": 25.649732270060344, "79": 28.378625847504527, "80": 23.17460477027007, "81": 28.4726766522663, "82": 26.653815391468957, "83": 33.26748128625558, "84": 34.91718845810805, "85": 35.45015914938771, "86": 29.593989009136163, "87": 31.778769805548936, "88": 32.48484269658489, "89": 33.68082961244682, "90": 30.916432142614795, "91": 31.376880143736226, "92": 34.60397537872667, "93": 34.29286371979748, "94": 25.68717640490046, "95": 31.382370237861096, "96": 32.11368542747756, "97": 34.111851262966866, "98": 34.21900262151621, "99": 34.390975505302244, "100": 34.07063462551855 } }, "geometry": { "type": "Polygon", "coordinates": [ [ [ 122.375, -32.625 ], [ 122.375, -32.875 ], [ 121.875, -32.875 ], [ 121.875, -33.125 ], [ 121.125, -33.125 ], [ 121.125, -32.875 ], [ 119.875, -32.875 ], [ 119.875, -33.375 ], [ 119.375, -33.375 ], [ 119.375, -33.625 ], [ 118.875, -33.625 ], [ 118.875, -33.875 ], [ 118.125, -33.875 ], [ 118.125, -34.125 ], [ 115.875, -34.125 ], [ 115.875, -34.375 ], [ 115.375, -34.375 ], [ 115.375, -34.125 ], [ 114.875, -34.125 ], [ 114.875, -34.375 ], [ 115.125, -34.375 ], [ 115.125, -34.625 ], [ 115.625, -34.625 ], [ 115.625, -34.875 ], [ 115.875, -34.875 ], [ 115.875, -35.125 ], [ 116.125, -35.125 ], [ 116.125, -35.375 ], [ 118.375, -35.375 ], [ 118.375, -35.125 ], [ 118.625, -35.125 ], [ 118.625, -34.875 ], [ 119.375, -34.875 ], [ 119.375, -34.625 ], [ 119.625, -34.625 ], [ 119.625, -34.375 ], [ 120.875, -34.375 ], [ 120.875, -33.625 ], [ 121.875, -33.625 ], [ 121.875, -33.375 ], [ 122.125, -33.375 ], [ 122.125, -33.125 ], [ 122.875, -33.125 ], [ 122.875, -32.625 ], [ 122.375, -32.625 ] ] ] } },
{ "type": "Feature", "properties": { "cluster_id": 45, "cohesion": 6.9985339404739557, "distances": { "1": 39.1365310598128, "2": 37.19519167419675, "3": 30.33015260526975, "4": 30.448944432767785, "5": 33.26885170831966, "6": 35.07554711777556, "7": 43.14352121765982, "8": 40.47353534748396, "9": 40.880154884296935, "10": 44.46949426265738, "11": 43.84626878173313, "12": 38.04409237924878, "13": 37.427249638976086, "14": 32.362034717472476, "15": 33.02685358143547, "16": 37.22332285672765, "17": 37.50909181940658, "18": 40.01284562733237, "19": 42.93107454828474, "20": 40.08377084074308, "21": 38.7907683805147, "22": 37.990812124699794, "23": 37.278262708859984, "24": 34.5535769074571, "25": 35.064823237276435, "26": 36.0084958182793, "27": 32.42119324213836, "28": 26.027060104447003, "29": 35.75669769001208, "30": 36.09554773625733, "31": 36.43236812868619, "32": 36.198722291860776, "33": 31.234147407186956, "34": 30.948077953051882, "35": 35.501322449590745, "36": 36.31532221618634, "37": 35.83594469288121, "38": 37.79229966125224, "39": 37.70380949390498, "40": 36.5502326709533, "41": 33.12404792273676, "42": 35.01435122331364, "43": 20.21427950687026, "44": 20.205767497630536, "46": 12.603141495545259, "47": 13.768959526329382, "48": 14.433990370450504, "49": 12.083905297842705, "50": 15.156636334658998, "51": 17.857216589243674, "52": 24.296669522170788, "53": 21.54426188105933, "54": 28.371372394657033, "55": 27.20782930200713, "56": 30.790772904364424, "57": 31.791585333013625, "58": 26.443186352294873, "59": 22.005691577386504, "60": 23.800279298416314, "61": 23.396754331549733, "62": 27.147545526905333, "63": 26.689773988605918, "64": 23.506802091827577, "65": 27.301858661486605, "66": 17.44482934223265, "67": 24.261608126029213, "68": 29.748796912646046, "69": 28.414300770985562, "70": 27.203994725113578, "71": 28.81346727077014, "72": 28.796747772785384, "73": 30.802402648455335, "74": 31.479076161965025, "75": 30.652457057906446, "76": 35.378703164481124, "77": 33.84127139277338, "78": 28.742475378888653, "79": 37.22091572491462, "80": 30.570488074093564, "81": 36.714097207445754, "82": 33.363940172096456, "83": 32.15182007022886, "84": 30.3738560614725, "85": 32.70550435092472, "86": 31.09871993955868, "87": 33.36153114394693, "88": 31.711212294132206, "89": 33.41462981261833, "90": 31.471876834207034, "91": 32.36265157038747, "92": 32.006258946776995, "93": 34.340942719981314, "94": 28.0032101352602, "95": 34.72351092262644, "96": 31.227344167999888, "97": 35.48183204153144, "98": 34.73132627273064, "99": 31.42585201648035, "100": 31.166523318234958 } }, "geometry": { "type": "Polygon", "coordinates": [ [ [ 118.375, -30.125 ], [ 118.375, -30.375 ], [ 118.125, -30.375 ], [ 118.125, -30.625 ], [ 117.875, -30.625 ], [ 117.875, -30.875 ], [ 116.375, -30.875 ], [ 116.375, -30.625 ], [ 115.625, -30.625 ], [ 115.625, -30.375 ], [ 115.375, -30.375 ], [ 115.375, -30.625 ], [ 115.125, -30.625 ], [ 115.125, -30.875 ], [ 114.875, -30.875 ], [ 114.875, -31.125 ], [ 115.125, -31.125 ], [ 115.125, -31.375 ], [ 115.375, -31.375 ], [ 115.375, -33.375 ], [ 115.625, -33.375 ], [ 115.625, -33.125 ], [ 117.875, -33.125 ], [ 117.875, -32.875 ], [ 119.625, -32.875 ], [ 119.625, -32.375 ], [ 119.875, -32.375 ], [ 119.875, -32.125 ], [ 120.375, -32.125 ], [ 120.375, -31.625 ], [ 120.625, -31.625 ], [ 120.625, -31.375 ], [ 120.875, -31.375 ], [ 120.875, -31.125 ], [ 121.625, -31.125 ], [ 121.625, -30.875 ], [ 121.125, -30.875 ], [ 121.125, -30.625 ], [ 120.375, -30.625 ], [ 120.375, -30.375 ], [ 119.625, -30.375 ], [ 119.625, -30.125 ], [ 118.375, -30.125 ] ] ] } },
{ "type": "Feature", "properties": { "cluster_id": 46, "cohesion": 5.4006762703379927, "distances": { "1": 31.81051206871825, "2": 30.54301579156212, "3": 26.722203324415148, "4": 25.6719136748798, "5": 27.760064608668646, "6": 28.716664914064406, "7": 36.249565231365544, "8": 33.68635028282376, "9": 35.038055033720816, "10": 38.23652969353033, "11": 38.34265957802868, "12": 32.34670207426035, "13": 33.386250356058845, "14": 29.657410400087546, "15": 28.570176523430415, "16": 35.15318087840761, "17": 34.95769587650965, "18": 35.76562116773066, "19": 38.22780670741885, "20": 36.56065967170805, "21": 36.031462917483196, "22": 34.64607344306444, "23": 34.662104055918235, "24": 28.79576527672965, "25": 30.914645734765166, "26": 30.502791422554775, "27": 29.759509870744118, "28": 23.72380521774264, "29": 33.84887176326149, "30": 34.94703735355302, "31": 32.655415680641894, "32": 34.192073088732, "33": 30.508877068207777, "34": 32.82563356972727, "35": 36.86880235285975, "36": 35.862884702844816, "37": 36.350311721944074, "38": 38.07480329378429, "39": 37.56955144692004, "40": 36.19524079132415, "41": 35.46066341695198, "42": 36.58178465036023, "43": 14.36435511221831, "44": 11.128998970024979, "45": 12.603141495545259, "47": 12.48554185297066, "48": 20.98808847046023, "49": 21.325893380260144, "50": 23.903408923484733, "51": 18.464330422884434, "52": 25.373551804162393, "53": 27.032845554376316, "54": 32.44530126691858, "55": 30.91515795438702, "56": 34.29671962485932, "57": 34.78606140493023, "58": 30.340052027137347, "59": 29.50814825440834, "60": 29.287064063250053, "61": 28.685213497237424, "62": 29.628323287875375, "63": 28.38195274559356, "64": 28.99210905125589, "65": 31.42188765067359, "66": 25.299946256027052, "67": 30.993061907544668, "68": 28.063265746772245, "69": 27.58661970876777, "70": 24.81404108895324, "71": 25.978729522414262, "72": 26.187947706664236, "73": 29.58423153744455, "74": 29.633270372049225, "75": 27.944181421561566, "76": 31.628648628975665, "77": 31.775955538662753, "78": 26.71106763288583, "79": 32.5547714887374, "80": 25.934803281029968, "81": 32.07142526850138, "82": 29.317875536524078, "83": 32.78186198440547, "84": 33.16206257577603, "85": 34.50791940623718, "86": 30.092182153988936, "87": 32.527611658811644, "88": 32.40289217178244, "89": 33.82945321786757, "90": 31.22165544394202, "91": 31.586519319550725, "92": 33.364565414883465, "93": 33.8808988698473, "94": 27.259208353039988, "95": 33.30817850163891, "96": 32.313508853923594, "97": 34.92968091492069, "98": 34.360049994832494, "99": 33.16100547198128, "100": 33.17208326316486 } }, "geometry": { "type": "Polygon", "coordinates": [ [ [ 117.875, -32.875 ], [ 117.875, -33.125 ], [ 115.625, -33.125 ], [ 115.625, -33.375 ], [ 115.125, -33.375 ], [ 115.125, -33.625 ], [ 114.875, -33.625 ], [ 114.875, -33.875 ], [ 114.625, -33.875 ], [ 114.625, -34.125 ], [ 115.375, -34.125 ], [ 115.375, -34.375 ], [ 115.875, -34.375 ], [ 115.875, -34.125 ], [ 118.125, -34.125 ], [ 118.125, -33.875 ], [ 118.875, -33.875 ], [ 118.875, -33.625 ], [ 119.375, -33.625 ], [ 119.375, -33.375 ], [ 119.875, -33.375 ], [ 119.875, -33.125 ], [ 119.625, -33.125 ], [ 119.625, -32.875 ], [ 117.875, -32.875 ] ] ] } },
{ "type": "Feature", "properties": { "cluster_id": 47, "cohesion": 7.0877801525500894, "distances": { "1": 34.795981700095886, "2": 33.504752595612445, "3": 27.782942573539394, "4": 27.076959833278632, "5": 29.391082756463717, "6": 30.955772579012798, "7": 40.150573842565706, "8": 37.37307352060191, "9": 38.36790848104234, "10": 42.002656799444615, "11": 41.90497359570579, "12": 35.274515182263485, "13": 35.89033235799097, "14": 30.65083893638624, "15": 30.310886295105306, "16": 37.10017534363529, "17": 37.05010728376004, "18": 38.37847691540285, "19": 41.61776641830192, "20": 39.27352219635548, "21": 38.23925775979475, "22": 36.92172841334731, "23": 36.739972222060146, "24": 32.141068761355164, "25": 33.38856640388326, "26": 33.38809705467762, "27": 31.522662843029273, "28": 25.53062498464839, "29": 34.58762755650521, "30": 34.68781684012066, "31": 33.18161169319435, "32": 33.54372361137295, "33": 27.970124440762792, "34": 29.716890898105845, "35": 35.09935763974573, "36": 35.637216116669244, "37": 35.5240931490389, "38": 36.93947503307815, "39": 36.77224464920416, "40": 34.99999109572343, "41": 32.93763371388801, "42": 34.61663459297523, "43": 11.390615669418596, "44": 14.735979782506323, "45": 13.768959526329382, "46": 12.48554185297066, "48": 15.149507775930964, "49": 20.503771838265024, "50": 20.493686425480057, "51": 11.644451039361126, "52": 20.551769145289338, "53": 22.00997367432704, "54": 31.543057700787454, "55": 29.278314345358158, "56": 31.685829959399843, "57": 32.288604963618596, "58": 26.589854336907244, "59": 26.129443566018896, "60": 26.445891575036782, "61": 27.284766042968865, "62": 28.520492303455754, "63": 26.535522625810746, "64": 28.10109213893366, "65": 31.1369726139601, "66": 24.336826675513596, "67": 29.376245030257778, "68": 27.822342008349207, "69": 26.995385916421448, "70": 25.250885761207567, "71": 26.16960693625593, "72": 27.555287891896384, "73": 29.7768822248587, "74": 29.981567587589932, "75": 29.63110924581971, "76": 34.19538982229542, "77": 33.057118937441054, "78": 28.523828739096636, "79": 34.798817417719896, "80": 29.059509432129925, "81": 35.19253714976436, "82": 32.379591832343415, "83": 31.73229666603706, "84": 31.273855702023365, "85": 32.6995214351906, "86": 30.485647630886856, "87": 32.704516865927204, "88": 31.562454566108407, "89": 32.841843841223344, "90": 30.308640926142346, "91": 31.591335201532726, "92": 32.95040522246101, "93": 34.88665466465182, "94": 27.346335056402793, "95": 34.78531337574982, "96": 32.849414652395936, "97": 36.30318134473343, "98": 35.629215347866065, "99": 33.528592757941865, "100": 33.7141506193648 } }, "geometry": { "type": "Polygon", "coordinates": [ [ [ 120.875, -31.125 ], [ 120.875, -31.375 ], [ 120.625, -31.375 ], [ 120.625, -31.625 ], [ 120.375, -31.625 ], [ 120.375, -32.125 ], [ 119.875, -32.125 ], [ 119.875, -32.375 ], [ 119.625, -32.375 ], [ 119.625, -33.125 ], [ 119.875, -33.125 ], [ 119.875, -32.875 ], [ 121.125, -32.875 ], [ 121.125, -33.125 ], [ 121.875, -33.125 ], [ 121.875, -32.875 ], [ 122.375, -32.875 ], [ 122.375, -32.625 ], [ 125.375, -32.625 ], [ 125.375, -32.375 ], [ 125.875, -32.375 ], [ 125.875, -32.125 ], [ 126.375, -32.125 ], [ 126.375, -31.875 ], [ 126.875, -31.875 ], [ 126.875, -31.625 ], [ 125.125, -31.625 ], [ 125.125, -31.875 ], [ 123.625, -31.875 ], [ 123.625, -31.625 ], [ 123.125, -31.625 ], [ 123.125, -31.375 ], [ 121.625, -31.375 ], [ 121.625, -31.125 ], [ 120.875, -31.125 ] ] ] } },
{ "type": "Feature", "properties": { "cluster_id": 48, "cohesion": 6.5547076073281518, "distances": { "1": 43.41088929562553, "2": 41.97161893747295, "3": 33.54842533301908, "4": 33.3459923580519, "5": 35.98206191982907, "6": 38.683981805227795, "7": 49.32039333934887, "8": 46.47656020490938, "9": 46.90347104902805, "10": 51.12164620443957, "11": 50.599026967609035, "12": 43.83617644210196, "13": 43.50666271781074, "14": 36.857037697567876, "15": 37.50615769941535, "16": 42.63834610602871, "17": 43.421395535928795, "18": 45.514512520963955, "19": 49.91032032061664, "20": 46.371082569958574, "21": 44.09290182831641, "22": 42.86407216963706, "23": 41.60207316689502, "24": 40.05527419477387, "25": 40.16974180883623, "26": 41.292776438147065, "27": 36.54396231556264, "28": 30.1877846668315, "29": 36.79627309965883, "30": 35.089212918833326, "31": 36.26745070794967, "32": 34.446376329036006, "33": 27.259768037350828, "34": 25.53395915772726, "35": 34.636559346008404, "36": 36.498250925468106, "37": 36.23123816093987, "38": 36.756689043036566, "39": 36.27439157307523, "40": 34.09093565461485, "41": 28.89348161928971, "42": 32.65076793584202, "43": 22.195300157487925, "44": 25.775051169097715, "45": 14.433990370450504, "46": 20.98808847046023, "47": 15.14950777593096, "49": 15.015082713976579, "50": 11.31889487165943, "51": 13.463243370784621, "52": 18.3939855407122, "53": 13.386822625966014, "54": 28.40675895667836, "55": 27.304408928095178, "56": 27.402764896585946, "57": 29.717539967235233, "58": 20.501735275167565, "59": 16.289320660140095, "60": 20.0796485918995, "61": 23.184354347296484, "62": 27.47544783999697, "63": 25.553084413889366, "64": 24.102495310147155, "65": 28.125749352084977, "66": 18.757978462093728, "67": 22.382966178135227, "68": 31.705396797656302, "69": 29.383324991542352, "70": 29.18968446287724, "71": 30.398463136356373, "72": 32.12043414722166, "73": 33.099029222390776, "74": 34.80572971988904, "75": 34.546022412771265, "76": 39.38535502991729, "77": 36.60683891239833, "78": 32.4758469104384, "79": 39.408593331105365, "80": 34.107891208471166, "81": 40.6262412245107, "82": 37.83914942796284, "83": 33.98983633612378, "84": 30.132748222999368, "85": 32.90496864747217, "86": 33.430382578101025, "87": 35.30944207780686, "88": 32.07504674624124, "89": 34.087267207277336, "90": 33.40804257213682, "91": 35.890215567835256, "92": 34.712459533548504, "93": 39.054417200986364, "94": 29.879812694028043, "95": 38.191978126369015, "96": 33.66861517933602, "97": 39.56014972436853, "98": 39.263626975712896, "99": 34.29773430996873, "100": 33.481769261500105 } }, "geometry": { "type": "Polygon", "coordinates": [ [ [ 123.625, -28.625 ], [ 123.625, -29.125 ], [ 123.875, -29.125 ], [ 123.875, -29.375 ], [ 123.375, -29.375 ], [ 123.375, -29.625 ], [ 122.875, -29.625 ], [ 122.875, -29.875 ], [ 121.625, -29.875 ], [ 121.625, -29.625 ], [ 120.625, -29.625 ], [ 120.625, -29.875 ], [ 120.375, -29.875 ], [ 120.375, -30.625 ], [ 121.125, -30.625 ], [ 121.125, -30.875 ], [ 121.625, -30.875 ], [ 121.625, -31.375 ], [ 123.125, -31.375 ], [ 123.125, -31.125 ], [ 123.375, -31.125 ], [ 123.375, -30.875 ], [ 124.125, -30.875 ], [ 124.125, -31.125 ], [ 124.375, -31.125 ], [ 124.375, -31.375 ], [ 125.625, -31.375 ], [ 125.625, -31.125 ], [ 125.875, -31.125 ], [ 125.875, -30.875 ], [ 127.625, -30.875 ], [ 127.625, -30.375 ], [ 126.875, -30.375 ], [ 126.875, -30.125 ], [ 126.375, -30.125 ], [ 126.375, -29.625 ], [ 126.125, -29.625 ], [ 126.125, -29.375 ], [ 125.875, -29.375 ], [ 125.875, -28.875 ], [ 125.375, -28.875 ], [ 125.375, -28.625 ], [ 123.625, -28.625 ] ] ] } },
{ "type": "Feature", "properties": { "cluster_id": 49, "cohesion": 5.9364322215855312, "distances": { "1": 43.30788926058851, "2": 41.1159680822505, "3": 32.61522388909653, "4": 33.7368389265927, "5": 36.220388962665645, "6": 38.928286950229975, "7": 47.057632639374354, "8": 44.50354969812136, "9": 43.99071835626179, "10": 47.97014117158478, "11": 46.77154198515908, "12": 41.47685793542214, "13": 39.64101802866367, "14": 33.83036999379379, "15": 35.786135012931, "16": 37.381021769479034, "17": 38.48137216061866, "18": 41.793017097203084, "19": 45.41965326689819, "20": 41.53931060394179, "21": 39.14193725891159, "22": 38.714638955590836, "23": 37.026077815664614, "24": 38.00024697490115, "25": 37.18099539190884, "26": 38.703060948842925, "27": 33.01748345996798, "28": 27.462272024747264, "29": 34.788732152150274, "30": 34.863600607999466, "31": 37.46356224516481, "32": 35.970009493359996, "33": 31.25322873990803, "34": 28.978656137588857, "35": 32.62324287537338, "36": 34.377080056053096, "37": 33.49346927266955, "38": 35.358699754416854, "39": 35.52769984146268, "40": 34.912534738386945, "41": 29.92540475357402, "42": 32.01961291178657, "43": 26.290931297445166, "44": 27.722769577991578, "45": 12.083905297842705, "46": 21.325893380260144, "47": 20.503771838265024, "48": 15.015082713976579, "50": 10.303824259779972, "51": 21.529506926463725, "52": 24.98286225827934, "53": 19.403833870200835, "54": 23.433521718374713, "55": 23.510201142590187, "56": 26.729017678049587, "57": 28.05716215354892, "58": 23.648105762671538, "59": 16.124135129341106, "60": 19.436576224174942, "61": 16.746860613729027, "62": 22.799823399021598, "63": 23.49742755513194, "64": 16.780574274927552, "65": 21.647571417899304, "66": 9.331871791644025, "67": 17.142261711723155, "68": 30.471454381150586, "69": 28.605998768588048, "70": 29.24068990316566, "71": 30.487484476794727, "72": 30.143391332795936, "73": 30.832580533794577, "74": 32.027610064934066, "75": 31.292950864818028, "76": 35.98710419560321, "77": 33.297121302775075, "78": 28.52452645750135, "79": 38.498040615109424, "80": 32.42406653772026, "81": 37.86451758115085, "82": 34.345636912433044, "83": 30.600763053734703, "84": 27.041275761983123, "85": 30.012610972021694, "86": 30.649293624273124, "87": 32.20081860091322, "88": 29.773079645570334, "89": 31.525964182416875, "90": 30.695670808267494, "91": 32.08155960934776, "92": 29.82720694143322, "93": 33.68080523686283, "94": 26.70289883962218, "95": 33.40671146589219, "96": 27.980348705181974, "97": 33.82382063893934, "98": 33.431021080174766, "99": 28.388595947103614, "100": 27.285717814409963 } }, "geometry": { "type": "MultiPolygon", "coordinates": [ [ [ [ 114.875, -29.125 ], [ 114.875, -29.625 ], [ 115.125, -29.625 ], [ 115.125, -30.125 ], [ 115.625, -30.125 ], [ 115.625, -29.875 ], [ 115.875, -29.875 ], [ 115.875, -29.375 ], [ 116.125, -29.375 ], [ 116.125, -29.625 ], [ 116.375, -29.625 ], [ 116.375, -29.375 ], [ 116.625, -29.375 ], [ 116.625, -28.375 ], [ 117.125, -28.375 ], [ 117.125, -28.625 ], [ 117.375, -28.625 ], [ 117.375, -28.875 ], [ 118.125, -28.875 ], [ 118.125, -28.625 ], [ 118.375, -28.625 ], [ 118.375, -28.375 ], [ 118.625, -28.375 ], [ 118.625, -28.125 ], [ 118.875, -28.125 ], [ 118.875, -27.875 ], [ 119.125, -27.875 ], [ 119.125, -27.625 ], [ 119.375, -27.625 ], [ 119.375, -27.875 ], [ 119.875, -27.875 ], [ 119.875, -28.125 ], [ 120.125, -28.125 ], [ 120.125, -28.625 ], [ 119.375, -28.625 ], [ 119.375, -28.875 ], [ 118.625, -28.875 ], [ 118.625, -29.375 ], [ 118.875, -29.375 ], [ 118.875, -29.625 ], [ 119.125, -29.625 ], [ 119.125, -29.875 ], [ 119.375, -29.875 ], [ 119.375, -30.125 ], [ 118.375, -30.125 ], [ 118.375, -30.375 ], [ 118.125, -30.375 ], [ 118.125, -30.625 ], [ 117.875, -30.625 ], [ 117.875, -30.875 ], [ 116.375, -30.875 ], [ 116.375, -30.625 ], [ 115.625, -30.625 ], [ 115.625, -30.375 ], [ 115.375, -30.375 ], [ 115.375, -30.625 ], [ 115.125, -30.625 ], [ 115.125, -30.875 ], [ 114.875, -30.875 ], [ 114.875, -30.625 ], [ 114.625, -30.625 ], [ 114.625, -29.125 ], [ 114.875, -29.125 ] ] ], [ [ [ 114.375, -29.125 ], [ 114.375, -28.875 ], [ 114.625, -28.875 ], [ 114.625, -29.125 ], [ 114.375, -29.125 ] ] ] ] } },
{ "type": "Feature", "properties": { "cluster_id": 50, "cohesion": 7.0697416109182818, "distances": { "1": 45.307795306198486, "2": 43.51821691722158, "3": 34.68871340454275, "4": 35.579848089853655, "5": 37.69647240281981, "6": 40.751060515404085, "7": 49.84001883815608, "8": 47.41049437762227, "9": 46.85726991509445, "10": 51.10799237683257, "11": 49.974324165163935, "12": 44.399663640158415, "13": 42.67817809876604, "14": 36.412509179161525, "15": 38.31129193063735, "16": 40.01391224676332, "17": 41.34590213359725, "18": 44.40554733673163, "19": 48.66422589290489, "20": 44.52237893319646, "21": 41.77786889823297, "22": 41.255894591945605, "23": 39.44621764882888, "24": 40.50674138168121, "25": 39.59720523365443, "26": 41.27548564830567, "27": 35.26511698376668, "28": 29.64397373457992, "29": 35.39821624009299, "30": 34.06828276824369, "31": 37.26382995386631, "32": 34.86996404276965, "33": 29.272468069428605, "34": 25.917521029481335, "35": 32.52774550667684, "36": 34.93036912523036, "37": 34.40678097758968, "38": 35.141287971451014, "39": 34.698863412251804, "40": 33.31743623266627, "41": 27.291988026870353, "42": 30.54848213321703, "43": 26.701205256295513, "44": 29.43092999784977, "45": 15.156636334658998, "46": 23.903408923484736, "47": 20.493686425480053, "48": 11.31889487165943, "49": 10.303824259779972, "51": 19.959061889308558, "52": 22.507778898009754, "53": 15.125597444730218, "54": 22.890391894777927, "55": 23.56949192607255, "56": 24.830915863163703, "57": 27.077648751997913, "58": 20.562191171494693, "59": 11.806216680530396, "60": 16.670487299356225, "61": 19.227314702037383, "62": 24.27548242155184, "63": 24.431031817431666, "64": 18.02055050161802, "65": 22.26195837561273, "66": 12.527873120639953, "67": 15.387286482496823, "68": 32.280882365921, "69": 30.115246896702168, "70": 31.205713194871652, "71": 31.937036954199748, "72": 32.93021949374073, "73": 33.16188835506527, "74": 34.50498411111226, "75": 34.146726848347775, "76": 38.34037632255373, "77": 35.32471501187736, "78": 30.92422120972598, "79": 39.50837436696854, "80": 34.16364006268569, "81": 39.827098167200646, "82": 36.6996525816806, "83": 32.10087322379591, "84": 27.17883652739175, "85": 30.513885192187672, "86": 33.22551114049851, "87": 34.16140069806751, "88": 31.350173345730184, "89": 32.84966639111042, "90": 32.462273262643805, "91": 34.27929027412429, "92": 31.406673090257048, "93": 36.06736468702345, "94": 28.445790841908625, "95": 35.56821265933374, "96": 29.67906614335228, "97": 35.91618819340426, "98": 35.67203355338025, "99": 29.66416574615044, "100": 28.463820877920014 } }, "geometry": { "type": "Polygon", "coordinates": [ [ [ 121.125, -26.125 ], [ 121.125, -26.375 ], [ 120.625, -26.375 ], [ 120.625, -26.875 ], [ 119.625, -26.875 ], [ 119.625, -27.125 ], [ 119.375, -27.125 ], [ 119.375, -27.875 ], [ 119.875, -27.875 ], [ 119.875, -28.125 ], [ 120.125, -28.125 ], [ 120.125, -28.625 ], [ 119.375, -28.625 ], [ 119.375, -28.875 ], [ 118.625, -28.875 ], [ 118.625, -29.375 ], [ 118.875, -29.375 ], [ 118.875, -29.625 ], [ 119.125, -29.625 ], [ 119.125, -29.875 ], [ 119.375, -29.875 ], [ 119.375, -30.125 ], [ 119.625, -30.125 ], [ 119.625, -30.375 ], [ 120.375, -30.375 ], [ 120.375, -29.875 ], [ 120.625, -29.875 ], [ 120.625, -29.625 ], [ 121.625, -29.625 ], [ 121.625, -29.875 ], [ 122.875, -29.875 ], [ 122.875, -29.625 ], [ 123.375, -29.625 ], [ 123.375, -29.375 ], [ 123.875, -29.375 ], [ 123.875, -29.125 ], [ 123.625, -29.125 ], [ 123.625, -28.625 ], [ 125.375, -28.625 ], [ 125.375, -28.875 ], [ 125.875, -28.875 ], [ 125.875, -28.625 ], [ 126.125, -28.625 ], [ 126.125, -28.375 ], [ 125.875, -28.375 ], [ 125.875, -28.125 ], [ 123.625, -28.125 ], [ 123.625, -27.875 ], [ 122.625, -27.875 ], [ 122.625, -27.625 ], [ 122.375, -27.625 ], [ 122.375, -27.375 ], [ 122.125, -27.375 ], [ 122.125, -27.125 ], [ 122.375, -27.125 ], [ 122.375, -26.875 ], [ 121.875, -26.875 ], [ 121.875, -26.625 ], [ 121.625, -26.625 ], [ 121.625, -26.125 ], [ 121.125, -26.125 ] ] ] } },
{ "type": "Feature", "properties": { "cluster_id": 51, "cohesion": 7.9503255044167727, "distances": { "1": 36.3233161510957, "2": 35.478008782711385, "3": 28.193333231323763, "4": 27.30299892203491, "5": 29.537841363032058, "6": 32.01397360139199, "7": 43.43596224547143, "8": 40.385975089323296, "9": 41.4348817855937, "10": 45.51948776419485, "11": 45.36472405500016, "12": 37.99296747061684, "13": 38.6746383788126, "14": 32.11107170896658, "15": 31.872550176579427, "16": 39.204787723919814, "17": 39.54568494646448, "18": 40.96648398816414, "19": 45.146338491707404, "20": 42.16315412848165, "21": 40.26069495842069, "22": 38.77205466695865, "23": 37.89512373537962, "24": 34.8996461565454, "25": 35.775818444594805, "26": 35.78174734400888, "27": 32.85365935739155, "28": 27.046099639726314, "29": 32.75037289198108, "30": 31.9904988947381, "31": 30.973310939601255, "32": 30.27482467268187, "33": 22.87379873842512, "34": 24.68799524693512, "35": 32.113133294289945, "36": 33.04318941447464, "37": 32.979207607051016, "38": 33.70930931514351, "39": 33.64382416697506, "40": 31.489474965733073, "41": 28.788633204909925, "42": 31.186941843161193, "43": 14.104167677504421, "44": 19.69676686916235, "45": 17.857216589243674, "46": 18.464330422884434, "47": 11.644451039361126, "48": 13.463243370784621, "49": 21.529506926463725, "50": 19.959061889308558, "52": 13.871648570061089, "53": 17.09955110239792, "54": 30.23606773069318, "55": 27.760916389049683, "56": 27.996213744975257, "57": 29.14469428987025, "58": 21.6151064358313, "59": 23.31285615948453, "60": 23.52824517810954, "61": 25.362494119669712, "62": 27.041705470259654, "63": 23.78632948999049, "64": 27.545016744920954, "65": 30.334559095564053, "66": 24.27545432107537, "67": 27.758971103549005, "68": 27.005308194211782, "69": 25.31907110790374, "70": 24.15030119383618, "71": 25.13341219916122, "72": 26.9834411266487, "73": 28.788175151461484, "74": 30.108845182160668, "75": 29.562237619419268, "76": 34.49122272026112, "77": 32.18440273735815, "78": 28.536869961940415, "79": 34.19183301599686, "80": 29.3543249579886, "81": 35.76475160123647, "82": 33.27103086384637, "83": 30.643356911602506, "84": 29.273484332033398, "85": 30.653161021999022, "86": 28.97303982423713, "87": 30.99618786716892, "88": 28.94568996147027, "89": 30.42115564780747, "90": 29.16554482731788, "91": 31.983224891202124, "92": 32.88222455152655, "93": 36.34700821105093, "94": 26.686528303862445, "95": 35.21781008628208, "96": 32.73043168832587, "97": 37.28070361879563, "98": 36.93960395162715, "99": 33.66533857399762, "100": 33.473139980967616 } }, "geometry": { "type": "Polygon", "coordinates": [ [ [ 123.375, -30.875 ], [ 123.375, -31.125 ], [ 123.125, -31.125 ], [ 123.125, -31.625 ], [ 123.625, -31.625 ], [ 123.625, -31.875 ], [ 125.125, -31.875 ], [ 125.125, -31.625 ], [ 126.875, -31.625 ], [ 126.875, -31.875 ], [ 126.375, -31.875 ], [ 126.375, -32.125 ], [ 125.875, -32.125 ], [ 125.875, -32.375 ], [ 125.625, -32.375 ], [ 125.625, -32.625 ], [ 125.375, -32.625 ], [ 125.375, -32.875 ], [ 125.875, -32.875 ], [ 125.875, -32.625 ], [ 127.375, -32.625 ], [ 127.375, -32.375 ], [ 128.375, -32.375 ], [ 128.375, -32.125 ], [ 128.875, -32.125 ], [ 128.875, -31.625 ], [ 129.375, -31.625 ], [ 129.375, -31.375 ], [ 128.875, -31.375 ], [ 128.875, -31.125 ], [ 127.375, -31.125 ], [ 127.375, -30.875 ], [ 125.875, -30.875 ], [ 125.875, -31.125 ], [ 125.625, -31.125 ], [ 125.625, -31.375 ], [ 124.375, -31.375 ], [ 124.375, -31.125 ], [ 124.125, -31.125 ], [ 124.125, -30.875 ], [ 123.375, -30.875 ] ] ] } },
{ "type": "Feature", "properties": { "cluster_id": 52, "cohesion": 5.2656154376710269, "distances": { "1": 37.9064965345302, "2": 37.440415066803205, "3": 28.77975697530647, "4": 28.381146850065658, "5": 29.577087953744297, "6": 33.219944662344766, "7": 46.33722909059979, "8": 43.318537095334996, "9": 44.01156999023827, "10": 48.721855139892625, "11": 48.447153587081026, "12": 40.892229326156276, "13": 41.50207233182501, "14": 33.840585590701416, "15": 33.73300157077509, "16": 40.4726375385376, "17": 41.87132028887456, "18": 42.71943539311552, "19": 48.390712737378614, "20": 44.528422005529904, "21": 41.21553346330512, "22": 39.67360204060546, "23": 38.085010142665425, "24": 37.366820273620625, "25": 37.5796377120563, "26": 37.51424782538283, "27": 33.5181033289811, "28": 28.53843063169187, "29": 29.35237797984094, "30": 26.909860781340605, "31": 26.844624599326636, "32": 24.04295071731138, "33": 13.627263675397732, "34": 14.994120343839628, "35": 27.876387766864617, "36": 28.831007659951428, "37": 29.35301117856255, "38": 28.346632086350045, "39": 27.88959084563823, "40": 24.799722548418647, "41": 20.9241226772735, "42": 25.433268550617022, "43": 20.848410061148208, "44": 25.748408512206698, "45": 24.296669522170788, "46": 25.373551804162393, "47": 20.551769145289338, "48": 18.3939855407122, "49": 24.98286225827934, "50": 22.507778898009757, "51": 13.871648570061089, "53": 13.769193374667982, "54": 27.691951887262203, "55": 26.05815106336293, "56": 21.97993225363465, "57": 24.764741940475872, "58": 13.66600688333411, "59": 21.362995203478842, "60": 20.211102838750985, "61": 24.47014670519078, "62": 25.47654211705425, "63": 21.51522277886156, "64": 26.992417413405168, "65": 28.448582250840094, "66": 25.667066060995445, "67": 25.755225524171905, "68": 26.22295398465941, "69": 23.57942122770047, "70": 24.03456400264504, "71": 24.31453970076724, "72": 27.215500202484474, "73": 27.730615158201953, "74": 30.327112275779836, "75": 29.86208476907819, "76": 34.31402009045548, "77": 30.912909529726743, "78": 28.397221035992366, "79": 32.30913049945157, "80": 29.425175137199293, "81": 35.54526517404987, "82": 33.82611558207739, "83": 29.91802033455975, "84": 26.996417167828533, "85": 28.460968844052815, "86": 27.835017614818348, "87": 29.192552522498243, "88": 25.57423385929081, "89": 27.40576689929329, "90": 28.142265763279998, "91": 32.59982216091642, "92": 32.752187081722596, "93": 37.645709647827786, "94": 26.01007287425264, "95": 34.66907933295638, "96": 31.454071401329063, "97": 36.9344348849784, "98": 37.29812664614929, "99": 32.76486426175441, "100": 31.784286760309932 } }, "geometry": { "type": "Polygon", "coordinates": [ [ [ 128.875, -30.875 ], [ 128.875, -31.375 ], [ 129.375, -31.375 ], [ 129.375, -31.625 ], [ 128.875, -31.625 ], [ 128.875, -32.125 ], [ 129.375, -32.125 ], [ 129.375, -31.875 ], [ 131.625, -31.875 ], [ 131.625, -32.125 ], [ 132.125, -32.125 ], [ 132.125, -31.875 ], [ 133.625, -31.875 ], [ 133.625, -31.125 ], [ 133.125, -31.125 ], [ 133.125, -30.875 ], [ 128.875, -30.875 ] ] ] } },
{ "type": "Feature", "properties": { "cluster_id": 53, "cohesion": 7.439724718392239, "distances": { "1": 44.79548854277408, "2": 43.54716591945841, "3": 33.68898705745304, "4": 34.27346709755899, "5": 36.343428233977676, "6": 39.81052701691388, "7": 51.54449580161281, "8": 48.63753509317584, "9": 48.629960983650655, "10": 53.2081439067821, "11": 52.30947003255478, "12": 45.399799903758414, "13": 44.40411723628107, "14": 36.72365112301646, "15": 38.236515839821756, "16": 42.19179828641065, "17": 43.324252780787035, "18": 46.52408741837602, "19": 51.257778131445114, "20": 46.886071919601484, "21": 44.00040642201528, "22": 43.48901264576429, "23": 41.709860049266666, "24": 41.94797476294734, "25": 41.33241963212555, "26": 42.476280196917095, "27": 37.05128996711743, "28": 31.232077694990853, "29": 33.93624773467523, "30": 31.382903974604545, "31": 34.50822712911006, "32": 30.965633377134136, "33": 22.407082183184148, "34": 18.73491817185192, "35": 28.898789031280845, "36": 32.455828264609025, "37": 31.441626883876637, "38": 31.412395942328498, "39": 31.374494010304463, "40": 29.354885258204774, "41": 21.8532456444986, "42": 26.413953150076185, "43": 26.136088589075055, "44": 30.608341991243375, "45": 21.54426188105933, "46": 27.032845554376316, "47": 22.00997367432704, "48": 13.386822625966014, "49": 19.40383387020083, "50": 15.125597444730218, "51": 17.09955110239792, "52": 13.769193374667982, "54": 23.871873110578274, "55": 22.530471738390233, "56": 20.165155691968756, "57": 23.295329448951456, "58": 12.077487482320297, "59": 12.313384845674008, "60": 13.320597056901004, "61": 22.5904714600329, "62": 26.599925261639623, "63": 24.238032115910308, "64": 24.08140947811956, "65": 26.20654433514852, "66": 20.742656905714394, "67": 19.35291751195257, "68": 30.47151334336334, "69": 27.66079291882472, "70": 28.86710021379226, "71": 29.886532455752693, "72": 31.565127325465056, "73": 31.473583376406978, "74": 33.71233087567423, "75": 33.77458956807212, "76": 38.912644708894554, "77": 34.791928977628814, "78": 31.512688259995738, "79": 38.86009684084005, "80": 34.43656756101567, "81": 40.75121956020407, "82": 38.0001098231177, "83": 30.478227628586136, "84": 25.18615722310001, "85": 28.040658958263368, "86": 31.481474152909446, "87": 32.41182435541752, "88": 28.466870305328154, "89": 29.807106913560865, "90": 30.343449707412258, "91": 33.9796721350247, "92": 31.67792546766171, "93": 37.61898351228103, "94": 29.591841594316232, "95": 37.77007409730283, "96": 32.49134951016152, "97": 38.28236165565484, "98": 37.84867488282302, "99": 31.437840428820504, "100": 31.02107275834396 } }, "geometry": { "type": "Polygon", "coordinates": [ [ [ 130.375, -26.625 ], [ 130.375, -26.875 ], [ 129.875, -26.875 ], [ 129.875, -27.625 ], [ 130.125, -27.625 ], [ 130.125, -27.875 ], [ 129.625, -27.875 ], [ 129.625, -28.125 ], [ 127.125, -28.125 ], [ 127.125, -28.625 ], [ 125.875, -28.625 ], [ 125.875, -29.375 ], [ 126.125, -29.375 ], [ 126.125, -29.625 ], [ 126.375, -29.625 ], [ 126.375, -30.125 ], [ 126.875, -30.125 ], [ 126.875, -30.375 ], [ 127.625, -30.375 ], [ 127.625, -30.875 ], [ 127.375, -30.875 ], [ 127.375, -31.125 ], [ 128.875, -31.125 ], [ 128.875, -30.875 ], [ 132.375, -30.875 ], [ 132.375, -30.625 ], [ 132.125, -30.625 ], [ 132.125, -30.375 ], [ 131.875, -30.375 ], [ 131.875, -30.125 ], [ 131.625, -30.125 ], [ 131.625, -29.875 ], [ 131.375, -29.875 ], [ 131.375, -29.125 ], [ 132.125, -29.125 ], [ 132.125, -28.625 ], [ 131.875, -28.625 ], [ 131.875, -28.125 ], [ 131.375, -28.125 ], [ 131.375, -27.625 ], [ 131.625, -27.625 ], [ 131.625, -26.875 ], [ 130.875, -26.875 ], [ 130.875, -26.625 ], [ 130.375, -26.625 ] ] ] } },
{ "type": "Feature", "properties": { "cluster_id": 54, "cohesion": 6.2807957326503239, "distances": { "1": 43.043165971235005, "2": 41.462657437921294, "3": 32.922372503127576, "4": 35.94695851119824, "5": 35.86763383834306, "6": 39.5841300077364, "7": 45.84069677322526, "8": 44.39400559712834, "9": 41.662400647128344, "10": 45.98274700694477, "11": 43.63840765002211, "12": 40.70555174049014, "13": 36.465334894889956, "14": 31.26932345452038, "15": 35.4610719323042, "16": 28.922941471779822, "17": 32.01734270905334, "18": 37.07886191156094, "19": 41.156167068243306, "20": 35.407682055272275, "21": 31.20981492651963, "22": 33.2620710963988, "23": 30.359423409338195, "24": 37.696684794638685, "25": 34.31039672012915, "26": 36.18979970700022, "27": 29.131801554058033, "28": 27.341888321164237, "29": 27.096718691869025, "30": 27.259846893127648, "31": 34.1009461166232, "32": 30.643315675471378, "33": 28.873776609721993, "34": 24.829281804106373, "35": 22.203727124396696, "36": 26.720940510069166, "37": 25.2427540276836, "38": 25.93643708217081, "39": 26.13858007892239, "40": 26.99115840378281, "41": 21.002206415447525, "42": 20.929493707243164, "43": 31.98891732340559, "44": 34.958762722475655, "45": 28.371372394657033, "46": 32.44530126691858, "47": 31.543057700787454, "48": 28.406758956678363, "49": 23.433521718374713, "50": 22.890391894777927, "51": 30.236067730693176, "52": 27.691951887262206, "53": 23.871873110578267, "55": 12.465447749435675, "56": 16.925403316478402, "57": 17.324362421649425, "58": 21.601046846100864, "59": 18.21438605117839, "60": 13.85668590997421, "61": 20.408933634377835, "62": 20.496149454327195, "63": 23.52438390525389, "64": 17.283076364324227, "65": 13.582039008297357, "66": 20.17399464404734, "67": 12.713056166543945, "68": 29.6495190741188, "69": 28.59144842440461, "70": 32.3330329701626, "71": 31.25769278004724, "72": 31.353926833708588, "73": 29.693813618790777, "74": 29.602055957561237, "75": 29.375377620906878, "76": 31.63419009872227, "77": 28.222735259005525, "78": 23.929861700757428, "79": 34.88289000148092, "80": 31.121384733247133, "81": 33.892281491260945, "82": 30.4519238794176, "83": 23.121268188268424, "84": 16.75796148776907, "85": 20.3606662525913, "86": 29.456598821430898, "87": 27.23095408322019, "88": 26.801332019983004, "89": 25.29921435149303, "90": 25.504883273341182, "91": 26.04292244814708, "92": 19.237236336639082, "93": 24.490222581244126, "94": 23.974497523115847, "95": 26.315068318241554, "96": 19.75597126449437, "97": 22.50467463340389, "98": 22.14994463373076, "99": 13.051000106109996, "100": 13.522764551706592 } }, "geometry": { "type": "Polygon", "coordinates": [ [ [ 126.875, -24.375 ], [ 126.875, -24.625 ], [ 124.625, -24.625 ], [ 124.625, -25.125 ], [ 125.625, -25.125 ], [ 125.625, -25.375 ], [ 125.875, -25.375 ], [ 125.875, -25.625 ], [ 129.875, -25.625 ], [ 129.875, -25.375 ], [ 130.625, -25.375 ], [ 130.625, -25.125 ], [ 130.375, -25.125 ], [ 130.375, -24.625 ], [ 128.875, -24.625 ], [ 128.875, -24.375 ], [ 126.875, -24.375 ] ] ] } },
{ "type": "Feature", "properties": { "cluster_id": 55, "cohesion": 7.3334075865000692, "distances": { "1": 42.279767908072294, "2": 40.730420831551925, "3": 31.452902506196942, "4": 34.41557054622485, "5": 35.09716216733679, "6": 38.55598320044962, "7": 45.9655870401833, "8": 43.92333748372291, "9": 41.76069712591251, "10": 45.77498495476429, "11": 43.316505642197505, "12": 39.38259306038281, "13": 34.87467144896156, "14": 28.82023269088408, "15": 33.7817199661002, "16": 28.64098378844527, "17": 29.876674763421196, "18": 37.79948425358851, "19": 40.25871855844983, "20": 34.592962965721156, "21": 32.26127422813317, "22": 34.88521435563905, "23": 32.802378282758994, "24": 37.73729186807607, "25": 34.8664362484701, "26": 36.32621006799508, "27": 30.472171918490417, "28": 27.689722479651056, "29": 28.888043454194317, "30": 29.710862806985585, "31": 35.93587894329025, "32": 32.72483826579048, "33": 29.293424527122188, "34": 25.801482173453827, "35": 20.162225058342965, "36": 27.589683843776665, "37": 23.759603770872634, "38": 26.31101278916752, "39": 28.223533522250914, "40": 29.40692615813815, "41": 22.39230279696223, "42": 21.31764765022085, "43": 29.85382604208678, "44": 33.582351420927175, "45": 27.207829302007124, "46": 30.915157954387016, "47": 29.278314345358158, "48": 27.30440892809517, "49": 23.510201142590187, "50": 23.56949192607255, "51": 27.760916389049687, "52": 26.058151063362935, "53": 22.530471738390226, "54": 12.465447749435674, "56": 15.721653625522547, "57": 13.752738514389803, "58": 20.472331998834303, "59": 19.87371814622449, "60": 14.360644000373599, "61": 21.620521869674384, "62": 22.984805931533412, "63": 24.24617270578217, "64": 21.30194131905164, "65": 19.950016329490495, "66": 21.84481639801276, "67": 17.816383047619368, "68": 27.918090887226175, "69": 26.876040729474212, "70": 30.368781561069223, "71": 29.87883101516159, "72": 29.673637108364353, "73": 27.880023426982966, "74": 27.373000879608593, "75": 28.285391529987475, "76": 32.54095422944689, "77": 28.36294410731375, "78": 24.160807378486663, "79": 36.87929104911247, "80": 31.7984662441683, "81": 35.6681977792531, "82": 31.561909028989316, "83": 18.03524119789954, "84": 11.1567851437006, "85": 15.259393991242144, "86": 27.64018734711812, "87": 25.79567032516356, "88": 25.15641705638734, "89": 22.729731933839876, "90": 21.56402640302266, "91": 22.248081805664466, "92": 14.582450032666175, "93": 21.40764928001782, "94": 25.576171268658484, "95": 29.410122800283066, "96": 24.02622248040334, "97": 25.421345309223756, "98": 22.80435635198327, "99": 15.49941620774893, "100": 19.602489619830152 } }, "geometry": { "type": "Polygon", "coordinates": [ [ [ 133.875, -23.625 ], [ 133.875, -23.875 ], [ 131.875, -23.875 ], [ 131.875, -24.125 ], [ 131.375, -24.125 ], [ 131.375, -23.875 ], [ 130.375, -23.875 ], [ 130.375, -24.125 ], [ 130.125, -24.125 ], [ 130.125, -24.625 ], [ 130.375, -24.625 ], [ 130.375, -25.125 ], [ 130.625, -25.125 ], [ 130.625, -25.375 ], [ 129.875, -25.375 ], [ 129.875, -25.875 ], [ 130.125, -25.875 ], [ 130.125, -25.625 ], [ 130.625, -25.625 ], [ 130.625, -25.875 ], [ 131.375, -25.875 ], [ 131.375, -25.625 ], [ 131.875, -25.625 ], [ 131.875, -25.375 ], [ 132.875, -25.375 ], [ 132.875, -24.875 ], [ 133.375, -24.875 ], [ 133.375, -24.625 ], [ 134.375, -24.625 ], [ 134.375, -24.375 ], [ 134.125, -24.375 ], [ 134.125, -24.125 ], [ 134.375, -24.125 ], [ 134.375, -23.875 ], [ 134.625, -23.875 ], [ 134.625, -23.625 ], [ 133.875, -23.625 ] ] ] } },
{ "type": "Feature", "properties": { "cluster_id": 56, "cohesion": 8.124790364100674, "distances": { "1": 44.82366368861659, "2": 44.18315689388005, "3": 34.59226218629557, "4": 36.61169979349767, "5": 35.963811361428554, "6": 40.74256376693156, "7": 51.27624440133395, "8": 49.05963623607401, "9": 47.47585847392748, "10": 52.368690119365446, "11": 50.718418870559525, "12": 45.60807357528834, "13": 42.98585133070707, "14": 35.543336729013525, "15": 38.79230065832292, "16": 37.39498946987695, "17": 39.674225120705216, "18": 44.0460698617515, "19": 49.062128863852635, "20": 43.53007166919357, "21": 39.39885098662317, "22": 40.08848208504982, "23": 37.19672842982312, "24": 42.518852817487534, "25": 40.3372150952793, "26": 40.86304359952819, "27": 34.811818962914195, "28": 32.1101135691424, "29": 26.44624443743491, "30": 24.154853523668447, "31": 31.33130785015582, "32": 26.08766080875296, "33": 22.098112523213604, "34": 16.509134292828897, "35": 17.81240607534516, "36": 24.403686640350216, "37": 22.703811675850165, "38": 21.207173304268643, "39": 21.701464112180847, "40": 21.42212782683831, "41": 11.53048131677392, "42": 14.225504472869705, "43": 31.81570304371054, "44": 35.96203226306527, "45": 30.790772904364424, "46": 34.29671962485932, "47": 31.68582995939985, "48": 27.402764896585946, "49": 26.729017678049583, "50": 24.830915863163703, "51": 27.996213744975257, "52": 21.979932253634647, "53": 20.165155691968756, "54": 16.925403316478402, "55": 15.721653625522547, "57": 10.96564744850476, "58": 13.77386480627768, "59": 19.157870563259568, "60": 14.742271051146131, "61": 22.454950962429333, "62": 23.40919405984884, "63": 22.520246004615533, "64": 23.25892895430607, "65": 22.02484818232153, "66": 24.586321354484678, "67": 18.806252765169585, "68": 30.070261352968362, "69": 27.460897956829914, "70": 31.945310707719003, "71": 30.657881029525, "72": 32.3264668553655, "73": 30.028157357071976, "74": 32.012219340060284, "75": 31.491557137636224, "76": 34.39213225553388, "77": 29.293173947350102, "78": 27.290612500550864, "79": 35.18556409228621, "80": 32.79472564232416, "81": 36.741054237426965, "82": 34.38087802591413, "83": 24.218880114407767, "84": 15.380776666090835, "85": 18.877814480711958, "86": 29.271336158382606, "87": 26.878069957333437, "88": 24.143487730872057, "89": 23.150436496739715, "90": 26.26401505014846, "91": 29.84450505723124, "92": 24.324902353901056, "93": 32.135517697840164, "94": 26.689938453768235, "95": 32.78146525049916, "96": 27.0703140786406, "97": 31.953078040820973, "98": 31.711985153289273, "99": 24.042283746483985, "100": 24.078542912669302 } }, "geometry": { "type": "MultiPolygon", "coordinates": [ [ [ [ 137.625, -28.875 ], [ 137.625, -29.125 ], [ 137.875, -29.125 ], [ 137.875, -29.375 ], [ 138.125, -29.375 ], [ 138.125, -29.625 ], [ 138.375, -29.625 ], [ 138.375, -29.875 ], [ 137.625, -29.875 ], [ 137.625, -29.625 ], [ 137.375, -29.625 ], [ 137.375, -28.875 ], [ 137.625, -28.875 ] ] ], [ [ [ 138.125, -28.875 ], [ 137.875, -28.875 ], [ 137.875, -28.625 ], [ 138.125, -28.625 ], [ 138.125, -28.875 ] ] ], [ [ [ 137.375, -28.375 ], [ 137.125, -28.375 ], [ 137.125, -28.625 ], [ 136.875, -28.625 ], [ 136.875, -28.375 ], [ 136.625, -28.375 ], [ 136.625, -28.125 ], [ 135.875, -28.125 ], [ 135.875, -27.625 ], [ 135.375, -27.625 ], [ 135.375, -27.375 ], [ 134.125, -27.375 ], [ 134.125, -27.125 ], [ 133.875, -27.125 ], [ 133.875, -26.875 ], [ 134.375, -26.875 ], [ 134.375, -26.375 ], [ 134.125, -26.375 ], [ 134.125, -26.125 ], [ 133.875, -26.125 ], [ 133.875, -26.375 ], [ 133.125, -26.375 ], [ 133.125, -26.625 ], [ 132.625, -26.625 ], [ 132.625, -26.375 ], [ 131.375, -26.375 ], [ 131.375, -26.125 ], [ 130.375, -26.125 ], [ 130.375, -25.875 ], [ 131.375, -25.875 ], [ 131.375, -25.625 ], [ 131.875, -25.625 ], [ 131.875, -25.375 ], [ 132.625, -25.375 ], [ 132.625, -25.625 ], [ 133.125, -25.625 ], [ 133.125, -25.875 ], [ 134.625, -25.875 ], [ 134.625, -26.125 ], [ 135.125, -26.125 ], [ 135.125, -26.375 ], [ 135.375, -26.375 ], [ 135.375, -26.625 ], [ 135.625, -26.625 ], [ 135.625, -26.875 ], [ 135.875, -26.875 ], [ 135.875, -27.125 ], [ 136.625, -27.125 ], [ 136.625, -27.375 ], [ 136.875, -27.375 ], [ 136.875, -27.625 ], [ 137.125, -27.625 ], [ 137.125, -27.875 ], [ 137.625, -27.875 ], [ 137.625, -28.125 ], [ 137.875, -28.125 ], [ 137.875, -28.625 ], [ 137.375, -28.625 ], [ 137.375, -28.375 ] ] ] ] } },
{ "type": "Feature", "properties": { "cluster_id": 57, "cohesion": 7.3961793821137105, "distances": { "1": 44.136700067127656, "2": 43.40251970567412, "3": 33.768863640957015, "4": 36.25399987203124, "5": 35.855656901105846, "6": 40.29594485515993, "7": 50.1130055423293, "8": 47.89820478637712, "9": 46.081727388920285, "10": 50.692181135803075, "11": 48.65325206309844, "12": 43.827217650398666, "13": 40.331210815106985, "14": 32.93610222526351, "15": 37.29511872950268, "16": 34.79012478263638, "17": 36.08877901424888, "18": 42.592829325132904, "19": 46.33765947860941, "20": 40.77908276866455, "21": 37.533622750419276, "22": 38.9897291224597, "23": 36.40125700414323, "24": 41.65679053801765, "25": 39.2930604023286, "26": 39.73460811064092, "27": 34.1143466837886, "28": 31.71523601882539, "29": 26.188434503629413, "30": 25.5017415249385, "31": 33.02618217847294, "32": 28.496471174561897, "33": 25.46765531342686, "34": 21.472252354392086, "35": 13.491881635820485, "36": 23.410128092566374, "37": 19.384730023985004, "38": 19.94382208449689, "39": 22.495172761455073, "40": 23.94866044245953, "41": 16.333925293824528, "42": 14.08201650172577, "43": 31.757600720950702, "44": 36.220489676900854, "45": 31.791585333013625, "46": 34.78606140493023, "47": 32.288604963618596, "48": 29.717539967235233, "49": 28.057162153548916, "50": 27.077648751997913, "51": 29.14469428987025, "52": 24.764741940475872, "53": 23.295329448951463, "54": 17.324362421649425, "55": 13.752738514389803, "56": 10.965647448504757, "58": 18.4914369969675, "59": 22.252852894800707, "60": 17.35150981254626, "61": 23.37348020320177, "62": 24.338431162747455, "63": 23.762115567208006, "64": 24.7740603910228, "65": 23.403852655592292, "66": 26.014149545790776, "67": 21.124889656997468, "68": 28.989621829218216, "69": 26.812492296463944, "70": 31.519034568845072, "71": 30.512171578363894, "72": 31.094225576255216, "73": 28.557123137912026, "74": 29.78140980854528, "75": 29.596064816498515, "76": 33.19017747899553, "77": 27.536570409138715, "78": 25.91017054206763, "79": 35.89165131447791, "80": 32.93369202896878, "81": 36.4688061636553, "82": 33.47305118472361, "83": 18.81529221645167, "84": 10.111781015551047, "85": 12.487277691593663, "86": 27.346448977793546, "87": 24.132425798419053, "88": 22.786851918821306, "89": 19.87887870933545, "90": 22.564434270829267, "91": 25.69788571831418, "92": 19.336020236768913, "93": 27.9742537937057, "94": 27.08372822136975, "95": 32.45114948507917, "96": 27.24312828290986, "97": 30.569361519361014, "98": 29.21487014852609, "99": 22.15528930204169, "100": 23.955662804887904 } }, "geometry": { "type": "Polygon", "coordinates": [ [ [ 133.375, -24.625 ], [ 133.375, -24.875 ], [ 132.875, -24.875 ], [ 132.875, -25.375 ], [ 132.625, -25.375 ], [ 132.625, -25.625 ], [ 133.125, -25.625 ], [ 133.125, -25.875 ], [ 134.625, -25.875 ], [ 134.625, -26.125 ], [ 135.125, -26.125 ], [ 135.125, -26.375 ], [ 135.375, -26.375 ], [ 135.375, -26.625 ], [ 135.625, -26.625 ], [ 135.625, -26.875 ], [ 135.875, -26.875 ], [ 135.875, -27.125 ], [ 136.625, -27.125 ], [ 136.625, -27.375 ], [ 136.875, -27.375 ], [ 136.875, -27.625 ], [ 137.125, -27.625 ], [ 137.125, -27.875 ], [ 137.625, -27.875 ], [ 137.625, -28.125 ], [ 137.875, -28.125 ], [ 137.875, -28.625 ], [ 138.125, -28.625 ], [ 138.125, -28.875 ], [ 138.375, -28.875 ], [ 138.375, -29.125 ], [ 138.625, -29.125 ], [ 138.625, -29.375 ], [ 139.375, -29.375 ], [ 139.375, -29.125 ], [ 140.125, -29.125 ], [ 140.125, -29.375 ], [ 140.375, -29.375 ], [ 140.375, -29.625 ], [ 141.125, -29.625 ], [ 141.125, -29.375 ], [ 140.625, -29.375 ], [ 140.625, -29.125 ], [ 140.375, -29.125 ], [ 140.375, -27.625 ], [ 140.125, -27.625 ], [ 140.125, -27.375 ], [ 139.875, -27.375 ], [ 139.875, -27.125 ], [ 139.375, -27.125 ], [ 139.375, -27.375 ], [ 138.625, -27.375 ], [ 138.625, -27.125 ], [ 138.375, -27.125 ], [ 138.375, -27.375 ], [ 137.875, -27.375 ], [ 137.875, -27.125 ], [ 137.625, -27.125 ], [ 137.625, -26.875 ], [ 137.375, -26.875 ], [ 137.375, -26.625 ], [ 137.125, -26.625 ], [ 137.125, -26.125 ], [ 136.875, -26.125 ], [ 136.875, -25.875 ], [ 136.625, -25.875 ], [ 136.625, -25.625 ], [ 136.125, -25.625 ], [ 136.125, -25.375 ], [ 135.875, -25.375 ], [ 135.875, -25.125 ], [ 135.625, -25.125 ], [ 135.625, -24.875 ], [ 134.625, -24.875 ], [ 134.625, -24.625 ], [ 133.375, -24.625 ] ] ] } },
{ "type": "Feature", "properties": { "cluster_id": 58, "cohesion": 6.6791156884839795, "distances": { "1": 43.56781427394974, "2": 42.76694627575331, "3": 32.894462909502415, "4": 33.897494911505646, "5": 34.44841338217844, "6": 38.80265149438366, "7": 51.076620143237605, "8": 48.275283688461734, "9": 47.93038782123871, "10": 52.78604001255336, "11": 51.798641968794065, "12": 45.14895899804313, "13": 44.0996210578457, "14": 36.13039943097094, "15": 37.75633431910836, "16": 40.7590486042763, "17": 42.67570372734338, "18": 45.467882076348964, "19": 50.90976551918972, "20": 46.06895777831192, "21": 42.269721265994036, "22": 41.935732142508854, "23": 39.58677317131431, "24": 41.78679081425162, "25": 40.7695989026188, "26": 41.267639294325406, "27": 35.86150834789727, "28": 31.37157380720648, "29": 29.948638607639896, "30": 26.861541840749435, "31": 30.780759365840623, "32": 26.10241148528786, "33": 17.72143618082398, "34": 12.221266094260269, "35": 24.52972633675619, "36": 28.351575369051602, "37": 27.65869346244025, "38": 26.41963691037548, "39": 26.1429320344633, "40": 23.785291728375856, "41": 14.382308284351252, "42": 20.9088888280556, "43": 28.258789482004534, "44": 32.467251049398904, "45": 26.443186352294877, "46": 30.34005202713735, "47": 26.58985433690724, "48": 20.501735275167565, "49": 23.648105762671538, "50": 20.562191171494693, "51": 21.6151064358313, "52": 13.666006883334111, "53": 12.077487482320294, "54": 21.601046846100864, "55": 20.472331998834303, "56": 13.773864806277683, "57": 18.4914369969675, "59": 15.653531746558794, "60": 13.33134265704552, "61": 22.215634462626365, "62": 24.411048227657243, "63": 21.832062452407563, "64": 23.827637383773315, "65": 24.373657848554373, "66": 23.07524379106928, "67": 19.473425077621737, "68": 29.060759464607756, "69": 26.07162891487158, "70": 28.73031189950762, "71": 28.495022582085014, "72": 30.942996408524042, "73": 29.78977509804167, "74": 32.43082392279723, "75": 32.402299502032804, "76": 36.6316626492251, "77": 32.17159053235636, "78": 29.52517291529112, "79": 35.81796666628157, "80": 32.72416057387651, "81": 38.36599192783593, "82": 36.19347998070486, "83": 28.527038774068142, "84": 22.08883865393125, "85": 25.09683688504941, "86": 29.818676687723936, "87": 29.842130032079467, "88": 25.383690607957686, "89": 26.55213795879835, "90": 28.37862193671377, "91": 32.704416648227806, "92": 29.905827712089106, "93": 36.54566584493544, "94": 27.33700909674667, "95": 35.28736395365556, "96": 29.964889580743087, "97": 35.94556110134109, "98": 36.04491048509044, "99": 29.291498810080817, "100": 28.39149893303253 } }, "geometry": { "type": "Polygon", "coordinates": [ [ [ 133.875, -26.125 ], [ 133.875, -26.375 ], [ 133.125, -26.375 ], [ 133.125, -26.625 ], [ 132.625, -26.625 ], [ 132.625, -26.375 ], [ 131.875, -26.375 ], [ 131.875, -26.875 ], [ 131.625, -26.875 ], [ 131.625, -27.625 ], [ 131.375, -27.625 ], [ 131.375, -28.125 ], [ 131.875, -28.125 ], [ 131.875, -28.625 ], [ 132.125, -28.625 ], [ 132.125, -29.125 ], [ 131.375, -29.125 ], [ 131.375, -29.875 ], [ 131.625, -29.875 ], [ 131.625, -30.125 ], [ 131.875, -30.125 ], [ 131.875, -30.375 ], [ 132.125, -30.375 ], [ 132.125, -30.625 ], [ 132.375, -30.625 ], [ 132.375, -30.875 ], [ 132.875, -30.875 ], [ 132.875, -30.625 ], [ 133.125, -30.625 ], [ 133.125, -30.375 ], [ 133.375, -30.375 ], [ 133.375, -30.125 ], [ 133.875, -30.125 ], [ 133.875, -29.375 ], [ 134.125, -29.375 ], [ 134.125, -28.625 ], [ 134.375, -28.625 ], [ 134.375, -27.875 ], [ 134.625, -27.875 ], [ 134.625, -27.375 ], [ 134.125, -27.375 ], [ 134.125, -27.125 ], [ 133.875, -27.125 ], [ 133.875, -26.875 ], [ 134.375, -26.875 ], [ 134.375, -26.375 ], [ 134.125, -26.375 ], [ 134.125, -26.125 ], [ 133.875, -26.125 ] ] ] } },
{ "type": "Feature", "properties": { "cluster_id": 59, "cohesion": 6.1397084169348144, "distances": { "1": 47.36420301929384, "2": 45.72057065344649, "3": 35.90167865930483, "4": 37.33602683193634, "5": 39.05003902319867, "6": 42.65035430967112, "7": 52.36420920265477, "8": 49.97488890164358, "9": 48.98784163801142, "10": 53.54519371708417, "11": 52.14023310115186, "12": 46.61446858002008, "13": 44.361996672981164, "14": 37.44173900659486, "15": 39.984654940691655, "16": 40.362558015855164, "17": 42.13205926739044, "18": 45.877342728732096, "19": 50.57550305340403, "20": 45.718664163099824, "21": 42.34532089235048, "22": 42.35703154732194, "23": 40.0683878967169, "24": 42.78343329728849, "25": 41.1754026275118, "26": 43.058734226402365, "27": 36.25052559192355, "28": 31.158406530183917, "29": 33.61162594224119, "30": 31.455105191967693, "31": 36.56601264688523, "32": 32.78605779328378, "33": 26.955219832840253, "34": 21.685998274833693, "35": 28.47187136596048, "36": 32.195827144969115, "37": 31.193369421036888, "38": 31.34401403561781, "39": 31.066765396330997, "40": 29.924047585376538, "41": 21.931524494905016, "42": 25.788857510638255, "43": 30.588566013481348, "44": 34.110628796534805, "45": 22.005691577386504, "46": 29.508148254408344, "47": 26.1294435660189, "48": 16.289320660140095, "49": 16.124135129341106, "50": 11.806216680530396, "51": 23.31285615948453, "52": 21.36299520347884, "53": 12.313384845674008, "54": 18.21438605117839, "55": 19.873718146224494, "56": 19.157870563259568, "57": 22.252852894800707, "58": 15.653531746558796, "60": 10.502494294955579, "61": 19.293601385468115, "62": 24.19806107161961, "63": 24.119925113739903, "64": 18.608867633454036, "65": 20.45820736389915, "66": 15.724052810908335, "67": 11.202662113861031, "68": 32.464333639617784, "69": 29.830354052697462, "70": 32.03555178002811, "71": 32.671101310851796, "72": 33.41987705926263, "73": 32.81624014054573, "74": 34.72803284457632, "75": 34.34413972575994, "76": 38.58600580926792, "77": 34.512901488276576, "78": 30.822681720082077, "79": 39.65227190972056, "80": 35.05277404430849, "81": 40.476246999622106, "82": 37.417954577870375, "83": 30.24591686871535, "84": 23.63337731748481, "85": 27.322388943113367, "86": 32.55934890454722, "87": 32.62544443098605, "88": 29.301962685659575, "89": 30.283899325211003, "90": 31.203864488962562, "91": 33.819095065058335, "92": 29.57065243074473, "93": 35.63007948129159, "94": 29.002263324374557, "95": 35.72263439947858, "96": 29.08415562555131, "97": 35.2843856202686, "98": 35.04840206017071, "99": 27.420467132306097, "100": 26.34058335326466 } }, "geometry": { "type": "Polygon", "coordinates": [ [ [ 125.875, -26.125 ], [ 125.875, -26.375 ], [ 125.375, -26.375 ], [ 125.375, -26.625 ], [ 124.375, -26.625 ], [ 124.375, -26.875 ], [ 123.875, -26.875 ], [ 123.875, -27.125 ], [ 123.125, -27.125 ], [ 123.125, -26.875 ], [ 122.375, -26.875 ], [ 122.375, -27.125 ], [ 122.125, -27.125 ], [ 122.125, -27.375 ], [ 122.375, -27.375 ], [ 122.375, -27.625 ], [ 122.625, -27.625 ], [ 122.625, -27.875 ], [ 123.625, -27.875 ], [ 123.625, -28.125 ], [ 125.875, -28.125 ], [ 125.875, -28.375 ], [ 126.125, -28.375 ], [ 126.125, -28.625 ], [ 127.125, -28.625 ], [ 127.125, -28.125 ], [ 129.125, -28.125 ], [ 129.125, -27.375 ], [ 128.875, -27.375 ], [ 128.875, -26.625 ], [ 128.625, -26.625 ], [ 128.625, -26.375 ], [ 127.625, -26.375 ], [ 127.625, -26.125 ], [ 126.875, -26.125 ], [ 126.875, -26.375 ], [ 126.375, -26.375 ], [ 126.375, -26.125 ], [ 125.875, -26.125 ] ] ] } },
{ "type": "Feature", "properties": { "cluster_id": 60, "cohesion": 6.5517850092667391, "distances": { "1": 44.51791564035283, "2": 43.061607988459485, "3": 33.371494471097115, "4": 35.25870684295363, "5": 36.37100176300913, "6": 40.06630215971162, "7": 49.5637470699999, "8": 47.26130887413295, "9": 46.03565624353299, "10": 50.526214072161295, "11": 48.89047631420225, "12": 43.58463627362989, "13": 40.903338995392986, "14": 34.02462790232106, "15": 37.083118815172696, "16": 36.266084947730654, "17": 37.97617323960411, "18": 42.86223827052968, "19": 46.97085948070252, "20": 41.84058330574828, "21": 38.74711577432407, "22": 39.64826685229515, "23": 37.37850600102072, "24": 40.27342400032709, "25": 38.54366414538926, "26": 40.04326605863539, "27": 33.92154722798461, "28": 29.24433953413899, "29": 30.420861971127206, "30": 28.791515214310365, "31": 34.54955323440438, "32": 30.56962801738061, "33": 25.01492822933762, "34": 19.910180181803565, "35": 23.959798834402676, "36": 28.990571227244462, "37": 27.270253281659734, "38": 27.688868832727824, "39": 27.91855379243927, "40": 27.359211337975992, "41": 18.850000230771997, "42": 21.681597184760125, "43": 29.10178233636492, "44": 32.9118305316472, "45": 23.800279298416317, "46": 29.287064063250057, "47": 26.445891575036786, "48": 20.0796485918995, "49": 19.436576224174942, "50": 16.670487299356225, "51": 23.52824517810954, "52": 20.211102838750985, "53": 13.320597056901002, "54": 13.85668590997421, "55": 14.360644000373599, "56": 14.742271051146133, "57": 17.35150981254626, "58": 13.331342657045518, "59": 10.502494294955579, "61": 20.39867319315916, "62": 23.488165928891018, "63": 23.535901889281952, "64": 19.707406563109462, "65": 19.69720119297388, "66": 18.576255465973848, "67": 12.766140359617335, "68": 29.914088444119677, "69": 27.73987176426345, "70": 30.308908574723247, "71": 30.505974055802863, "72": 31.15738660096277, "73": 30.338416852838144, "74": 31.598857755437596, "75": 31.419129297371338, "76": 35.65968649592475, "77": 31.37893680993236, "78": 27.66123812060116, "79": 37.41344226068843, "80": 32.88692730993043, "81": 37.927750946080955, "82": 34.62504833174789, "83": 25.61343879403633, "84": 18.708196861118203, "85": 22.39573231084364, "86": 30.043406145465095, "87": 29.244844351822234, "88": 26.884870187491913, "89": 26.61894177344849, "90": 27.153361084127805, "91": 29.539595759023456, "92": 24.6081339950358, "93": 30.96639286236592, "94": 27.16161989654024, "95": 33.23614019434659, "96": 26.957631876218013, "97": 31.62037206107936, "98": 30.781425220621376, "99": 22.776987070346692, "100": 23.223681834388984 } }, "geometry": { "type": "Polygon", "coordinates": [ [ [ 127.375, -25.625 ], [ 127.375, -25.875 ], [ 127.625, -25.875 ], [ 127.625, -26.375 ], [ 128.625, -26.375 ], [ 128.625, -26.625 ], [ 128.875, -26.625 ], [ 128.875, -27.375 ], [ 129.125, -27.375 ], [ 129.125, -28.125 ], [ 129.625, -28.125 ], [ 129.625, -27.875 ], [ 130.125, -27.875 ], [ 130.125, -27.625 ], [ 129.875, -27.625 ], [ 129.875, -26.875 ], [ 130.375, -26.875 ], [ 130.375, -26.625 ], [ 130.875, -26.625 ], [ 130.875, -26.875 ], [ 131.875, -26.875 ], [ 131.875, -26.375 ], [ 131.375, -26.375 ], [ 131.375, -26.125 ], [ 130.375, -26.125 ], [ 130.375, -25.875 ], [ 130.625, -25.875 ], [ 130.625, -25.625 ], [ 130.125, -25.625 ], [ 130.125, -25.875 ], [ 129.875, -25.875 ], [ 129.875, -25.625 ], [ 127.375, -25.625 ] ] ] } },
{ "type": "Feature", "properties": { "cluster_id": 61, "cohesion": 6.7077737110313507, "distances": { "1": 40.68277139436427, "2": 38.95225229183438, "3": 30.034516047501814, "4": 31.60504990785226, "5": 32.68654370174816, "6": 36.59055801992426, "7": 45.44982337741008, "8": 42.963874965751835, "9": 41.88578407237833, "10": 46.36221753855883, "11": 44.957782501933025, "12": 39.883060305308845, "13": 37.90763589945116, "14": 31.4521346919535, "15": 33.66610128104558, "16": 34.29721870579866, "17": 36.56087966151514, "18": 38.8861589002377, "19": 43.96892080332624, "20": 39.36081281338079, "21": 35.16767283048681, "22": 34.24671827895937, "23": 31.157117519993943, "24": 36.86303512324693, "25": 35.105200647379576, "26": 35.766697425735, "27": 29.003166535459997, "28": 26.205946702575595, "29": 27.67716006426517, "30": 28.433522357857736, "31": 31.727481664473512, "32": 29.987184834968073, "33": 27.13576846920262, "34": 25.514432805032648, "35": 26.322626837602805, "36": 26.82857682365399, "37": 26.60721730263887, "38": 27.840370487748395, "39": 28.41463761941992, "40": 28.72571822295706, "41": 25.190315391567545, "42": 26.46558445982187, "43": 28.762505771741186, "44": 31.419974667162855, "45": 23.39675433154973, "46": 28.685213497237424, "47": 27.28476604296886, "48": 23.184354347296484, "49": 16.746860613729027, "50": 19.227314702037383, "51": 25.362494119669716, "52": 24.470146705190782, "53": 22.590471460032898, "54": 20.40893363437783, "55": 21.620521869674384, "56": 22.454950962429333, "57": 23.373480203201765, "58": 22.21563446262636, "59": 19.29360138546812, "60": 20.39867319315916, "62": 12.84176338203733, "63": 12.927925146973148, "64": 12.291726038658506, "65": 16.127917600746123, "66": 12.305997774314987, "67": 16.659732418316587, "68": 26.478961601801892, "69": 24.179323606163482, "70": 26.74154302544637, "71": 26.922025863321217, "72": 26.2597962821533, "73": 25.739923954819112, "74": 27.98781335901089, "75": 26.39546840461886, "76": 30.311465886686648, "77": 26.823927131813416, "78": 23.322734949136322, "79": 32.67893047282163, "80": 28.57060925396909, "81": 32.45573184050277, "82": 29.576457758178847, "83": 26.345343910188763, "84": 23.102767282788314, "85": 25.402219193524328, "86": 24.686034828077986, "87": 25.63147942658181, "88": 22.80036415691297, "89": 24.89967469726532, "90": 25.987049846840012, "91": 28.700545545661775, "92": 26.64908052185784, "93": 31.352478225460967, "94": 19.432369532841165, "95": 26.5626998654132, "96": 20.982338456273364, "97": 28.713253048299926, "98": 29.691991244825804, "99": 24.702007055762795, "100": 21.612583270975303 } }, "geometry": { "type": "Polygon", "coordinates": [ [ [ 113.125, -24.375 ], [ 113.125, -24.875 ], [ 113.375, -24.875 ], [ 113.375, -25.375 ], [ 113.625, -25.375 ], [ 113.625, -25.875 ], [ 113.875, -25.875 ], [ 113.875, -26.125 ], [ 113.625, -26.125 ], [ 113.625, -26.375 ], [ 113.375, -26.375 ], [ 113.375, -27.125 ], [ 113.625, -27.125 ], [ 113.625, -27.875 ], [ 113.875, -27.875 ], [ 113.875, -28.125 ], [ 115.375, -28.125 ], [ 115.375, -27.875 ], [ 116.625, -27.875 ], [ 116.625, -26.625 ], [ 116.375, -26.625 ], [ 116.375, -25.875 ], [ 116.125, -25.875 ], [ 116.125, -25.625 ], [ 115.875, -25.625 ], [ 115.875, -25.375 ], [ 115.625, -25.375 ], [ 115.625, -25.625 ], [ 115.125, -25.625 ], [ 115.125, -25.375 ], [ 114.625, -25.375 ], [ 114.625, -25.125 ], [ 114.375, -25.125 ], [ 114.375, -24.875 ], [ 113.875, -24.875 ], [ 113.875, -24.625 ], [ 113.625, -24.625 ], [ 113.625, -24.375 ], [ 113.125, -24.375 ] ] ] } },
{ "type": "Feature", "properties": { "cluster_id": 62, "cohesion": 5.3708409300054694, "distances": { "1": 35.92992450278845, "2": 34.48359452085982, "3": 27.261148729641537, "4": 29.27434143651012, "5": 28.208153445319102, "6": 32.50530179567767, "7": 40.30899376766747, "8": 38.36398115180587, "9": 36.59713826088758, "10": 41.38013777704653, "11": 40.11489687953322, "12": 35.934452781883806, "13": 34.2771600338594, "14": 28.74803715763073, "15": 30.43630883484373, "16": 29.79428092784099, "17": 33.43665272201162, "18": 32.873744458911055, "19": 39.72881405512413, "20": 35.038382439532725, "21": 29.38110023410014, "22": 27.40716348908125, "23": 23.80152521286203, "24": 32.679345948964226, "25": 29.98556015561286, "26": 30.3508187116903, "27": 23.268759890338114, "28": 23.342630403830984, "29": 24.80724165485301, "30": 25.946444592788488, "31": 28.209110418062348, "32": 27.02298765402189, "33": 25.749254188609672, "34": 25.416538360131636, "35": 26.215313645944185, "36": 25.513869458908797, "37": 26.510017450292537, "38": 26.596403591602154, "39": 26.43505755462696, "40": 26.549918879813717, "41": 24.90293419065896, "42": 26.114132260795937, "43": 27.474587558714514, "44": 29.88647110842353, "45": 27.147545526905333, "46": 29.628323287875375, "47": 28.520492303455754, "48": 27.475447839996974, "49": 22.799823399021598, "50": 24.27548242155184, "51": 27.041705470259654, "52": 25.47654211705425, "53": 26.599925261639623, "54": 20.4961494543272, "55": 22.984805931533412, "56": 23.40919405984884, "57": 24.338431162747458, "58": 24.411048227657243, "59": 24.19806107161961, "60": 23.488165928891014, "61": 12.841763382037328, "63": 10.356759348756377, "64": 11.587429704374347, "65": 13.35816425754844, "66": 17.98004855896238, "67": 19.940314256893434, "68": 24.703102014338292, "69": 23.63333627276247, "70": 27.175887877973995, "71": 24.584938915863315, "72": 26.521972062691887, "73": 25.13377157180479, "74": 26.006159413755828, "75": 25.295383247640856, "76": 27.11278338469767, "77": 25.15181329207168, "78": 20.998259667120927, "79": 28.45907390122881, "80": 25.78266467458899, "81": 28.28650752164303, "82": 26.097549431293213, "83": 26.255653263989572, "84": 24.15293489648909, "85": 25.865987700659502, "86": 25.2300078172916, "87": 25.46803982139408, "88": 23.517144913303994, "89": 24.904800784510847, "90": 25.07889572068292, "91": 27.107780307553053, "92": 26.122512702281142, "93": 29.360585186052596, "94": 11.392334782724136, "95": 18.754258790697108, "96": 13.674516561729943, "97": 22.915852329043183, "98": 25.72164222953944, "99": 22.292608905849498, "100": 17.646180554928943 } }, "geometry": { "type": "Polygon", "coordinates": [ [ [ 116.375, -22.625 ], [ 116.375, -22.875 ], [ 116.625, -22.875 ], [ 116.625, -23.125 ], [ 116.375, -23.125 ], [ 116.375, -23.375 ], [ 115.625, -23.375 ], [ 115.625, -25.375 ], [ 115.875, -25.375 ], [ 115.875, -25.625 ], [ 116.375, -25.625 ], [ 116.375, -25.375 ], [ 116.625, -25.375 ], [ 116.625, -25.125 ], [ 116.875, -25.125 ], [ 116.875, -24.625 ], [ 117.625, -24.625 ], [ 117.625, -24.375 ], [ 117.875, -24.375 ], [ 117.875, -24.125 ], [ 118.125, -24.125 ], [ 118.125, -23.875 ], [ 117.875, -23.875 ], [ 117.875, -23.625 ], [ 117.625, -23.625 ], [ 117.625, -23.375 ], [ 117.375, -23.375 ], [ 117.375, -22.875 ], [ 117.125, -22.875 ], [ 117.125, -22.625 ], [ 116.375, -22.625 ] ] ] } },
{ "type": "Feature", "properties": { "cluster_id": 63, "cohesion": 6.6652340098455438, "distances": { "1": 35.05621936357173, "2": 34.24910231216108, "3": 26.49677388885921, "4": 27.3278917304915, "5": 26.592706958785215, "6": 31.293561090606374, "7": 41.85988124962161, "8": 39.276427032889984, "9": 38.71518892190063, "10": 43.48058561152054, "11": 42.62253705074806, "12": 36.88140865544979, "13": 36.25906079566334, "14": 29.540001119546815, "15": 30.494278940489835, "16": 33.64012552749403, "17": 36.18806033633878, "18": 36.24958889237589, "19": 42.54869467484064, "20": 38.30108634987131, "21": 33.48205740872717, "22": 31.257864253416944, "23": 28.018243159418354, "24": 33.88756000095443, "25": 32.648882854348976, "26": 31.908130292311057, "27": 26.34378806683379, "28": 24.92116551881336, "29": 24.03782163848038, "30": 24.470458792165456, "31": 25.55407914210554, "32": 24.491476453968108, "33": 22.03583505292851, "34": 22.68920044648575, "35": 25.3276130052799, "36": 24.218755968116774, "37": 25.331290326791667, "38": 25.191247991133654, "39": 25.1860423336552, "40": 24.736705876250504, "41": 23.37589274974122, "42": 25.17814269437841, "43": 25.164014299273035, "44": 28.180065475357555, "45": 26.68977398860592, "46": 28.38195274559355, "47": 26.53552262581075, "48": 25.55308441388937, "49": 23.49742755513194, "50": 24.431031817431663, "51": 23.78632948999049, "52": 21.515222778861563, "53": 24.238032115910308, "54": 23.52438390525389, "55": 24.24617270578217, "56": 22.520246004615537, "57": 23.762115567208006, "58": 21.832062452407566, "59": 24.119925113739903, "60": 23.535901889281952, "61": 12.927925146973148, "62": 10.356759348756377, "64": 16.844726977576443, "65": 18.79670487158826, "66": 20.074892420962165, "67": 22.155800635142008, "68": 23.347887742862543, "69": 21.28182199866466, "70": 24.119946362041834, "71": 22.44347557986255, "72": 24.164935676618715, "73": 23.469547718264817, "74": 25.73163795343841, "75": 24.30384225105273, "76": 27.1430358299984, "77": 24.392282419878512, "78": 21.395296193228738, "79": 27.21000296914003, "80": 24.595799814929336, "81": 28.397335566613407, "82": 26.592853513515344, "83": 26.092258794458395, "84": 24.405802961366025, "85": 25.67023729141924, "86": 22.946974489546516, "87": 23.972056249811263, "88": 21.01493650415904, "89": 23.244415339083165, "90": 24.33325694229967, "91": 27.867112273827477, "92": 28.03718191318777, "93": 32.24510647397163, "94": 13.455875186721338, "95": 23.414705908727953, "96": 19.841539552864667, "97": 28.070812527385247, "98": 30.046499371938957, "99": 26.4437669964825, "100": 22.776928003734856 } }, "geometry": { "type": "Polygon", "coordinates": [ [ [ 115.875, -20.625 ], [ 115.875, -20.875 ], [ 115.625, -20.875 ], [ 115.625, -21.125 ], [ 115.125, -21.125 ], [ 115.125, -21.375 ], [ 114.625, -21.375 ], [ 114.625, -21.625 ], [ 114.375, -21.625 ], [ 114.375, -21.875 ], [ 113.875, -21.875 ], [ 113.875, -22.125 ], [ 113.625, -22.125 ], [ 113.625, -22.375 ], [ 113.375, -22.375 ], [ 113.375, -23.625 ], [ 113.125, -23.625 ], [ 113.125, -24.375 ], [ 113.625, -24.375 ], [ 113.625, -24.625 ], [ 113.875, -24.625 ], [ 113.875, -24.875 ], [ 114.375, -24.875 ], [ 114.375, -25.125 ], [ 114.625, -25.125 ], [ 114.625, -25.375 ], [ 115.125, -25.375 ], [ 115.125, -25.625 ], [ 115.625, -25.625 ], [ 115.625, -23.375 ], [ 116.375, -23.375 ], [ 116.375, -23.125 ], [ 116.625, -23.125 ], [ 116.625, -22.875 ], [ 116.375, -22.875 ], [ 116.375, -22.625 ], [ 116.625, -22.625 ], [ 116.625, -22.375 ], [ 116.375, -22.375 ], [ 116.375, -22.125 ], [ 116.125, -22.125 ], [ 116.125, -21.125 ], [ 116.375, -21.125 ], [ 116.375, -20.625 ], [ 115.875, -20.625 ] ] ] } },
{ "type": "Feature", "properties": { "cluster_id": 64, "cohesion": 6.1577977575771223, "distances": { "1": 41.05791995461814, "2": 39.15260375626521, "3": 31.30591670513705, "4": 33.49075861941467, "5": 33.559894381016136, "6": 37.32668901452866, "7": 44.07580891650881, "8": 42.39578663864016, "9": 40.33699629178939, "10": 44.930142807579784, "11": 43.37933990165362, "12": 39.69529771482941, "13": 37.180543696590036, "14": 32.005807445151156, "15": 34.36607580608775, "16": 31.893487859663193, "17": 35.30937641122099, "18": 36.335918423715704, "19": 42.27367423358572, "20": 37.40064109365382, "21": 32.41333599167874, "22": 31.505308756106132, "23": 28.316980656103738, "24": 35.75609686310932, "25": 33.00527420877612, "26": 34.591534863948496, "27": 26.91656218163282, "28": 25.120987762138302, "29": 28.970486630804036, "30": 29.284160958442406, "31": 33.06767635648498, "32": 31.115024255971445, "33": 29.007879601309337, "34": 26.525811965407968, "35": 28.62955810006102, "36": 29.338993491826024, "37": 29.72779069171311, "38": 30.18185739363729, "39": 29.648667113144963, "40": 29.50766549361346, "41": 25.65790493037895, "42": 27.521367910339983, "43": 29.777625038887372, "44": 31.766949324760574, "45": 23.506802091827577, "46": 28.99210905125589, "47": 28.101092138933655, "48": 24.102495310147155, "49": 16.780574274927552, "50": 18.02055050161802, "51": 27.54501674492096, "52": 26.992417413405175, "53": 24.08140947811956, "54": 17.28307636432423, "55": 21.30194131905164, "56": 23.25892895430607, "57": 24.7740603910228, "58": 23.827637383773318, "59": 18.60886763345404, "60": 19.707406563109462, "61": 12.291726038658505, "62": 11.587429704374347, "63": 16.84472697757644, "65": 10.152678151271788, "66": 11.321350325735112, "67": 13.31027625519557, "68": 28.80810315149039, "69": 27.50722661579514, "70": 30.57214079082699, "71": 29.071566984946678, "72": 30.288646403286503, "73": 29.217922624499238, "74": 29.907159657561618, "75": 29.31185525671794, "76": 31.508770486038756, "77": 29.270754349144802, "78": 24.556214236930227, "79": 33.42614273354246, "80": 29.553906531149764, "81": 32.75378240354587, "82": 29.969818763699134, "83": 28.458842687978013, "84": 24.319335021258272, "85": 27.303195819472258, "86": 29.298577470025304, "87": 29.310455814222745, "88": 27.345425180471445, "89": 28.564375037744735, "90": 28.50948597258343, "91": 29.712532986799207, "92": 26.55650492584835, "93": 30.19460462214544, "94": 18.46594982404803, "95": 23.49453088413317, "96": 16.4690023941903, "97": 24.990782524629275, "98": 26.907076261126427, "99": 21.585705584465593, "100": 17.23844441008902 } }, "geometry": { "type": "Polygon", "coordinates": [ [ [ 117.875, -24.125 ], [ 117.875, -24.375 ], [ 117.625, -24.375 ], [ 117.625, -24.625 ], [ 116.875, -24.625 ], [ 116.875, -25.125 ], [ 116.625, -25.125 ], [ 116.625, -25.375 ], [ 116.375, -25.375 ], [ 116.375, -25.625 ], [ 116.125, -25.625 ], [ 116.125, -25.875 ], [ 116.375, -25.875 ], [ 116.375, -26.625 ], [ 116.625, -26.625 ], [ 116.625, -26.875 ], [ 117.375, -26.875 ], [ 117.375, -26.625 ], [ 117.625, -26.625 ], [ 117.625, -26.375 ], [ 118.125, -26.375 ], [ 118.125, -26.625 ], [ 118.375, -26.625 ], [ 118.375, -26.875 ], [ 118.875, -26.875 ], [ 118.875, -26.625 ], [ 119.375, -26.625 ], [ 119.375, -26.375 ], [ 119.625, -26.375 ], [ 119.625, -26.125 ], [ 120.375, -26.125 ], [ 120.375, -25.625 ], [ 120.625, -25.625 ], [ 120.625, -25.375 ], [ 120.875, -25.375 ], [ 120.875, -25.125 ], [ 121.375, -25.125 ], [ 121.375, -24.875 ], [ 120.875, -24.875 ], [ 120.875, -24.625 ], [ 120.625, -24.625 ], [ 120.625, -24.375 ], [ 119.625, -24.375 ], [ 119.625, -24.625 ], [ 118.625, -24.625 ], [ 118.625, -24.375 ], [ 118.375, -24.375 ], [ 118.375, -24.125 ], [ 117.875, -24.125 ] ] ] } },
{ "type": "Feature", "properties": { "cluster_id": 65, "cohesion": 6.2459871505422573, "distances": { "1": 40.67261971818534, "2": 39.211298803330884, "3": 31.75651870290598, "4": 34.23219428348449, "5": 33.47140211475485, "6": 37.47449753913916, "7": 43.48534795379587, "8": 42.21940664765953, "9": 39.59467062074765, "10": 44.12151382169948, "11": 42.25046792999751, "12": 39.460454605498434, "13": 36.352572857574344, "14": 31.67604128468267, "15": 34.46436298811451, "16": 29.43892176889366, "17": 33.60739416908557, "18": 34.87233986142873, "19": 40.813401557025195, "20": 35.544154544612475, "21": 29.728506053202075, "22": 29.59303004095052, "23": 25.67771887858, "24": 35.66026935465909, "25": 32.28731060378153, "26": 33.90627101753887, "27": 25.924528412974382, "28": 25.5090943306054, "29": 27.274602414420983, "30": 27.717561236357028, "31": 32.247151927270615, "32": 29.97358707561955, "33": 28.82973607722204, "34": 26.14231581977483, "35": 27.107062254266772, "36": 28.14090109896725, "37": 28.612401573128746, "38": 28.696096901974922, "39": 27.86670879769114, "40": 27.898924325578868, "41": 24.17925265449585, "42": 25.653746688041807, "43": 31.48663033096553, "44": 33.469667324702314, "45": 27.301858661486605, "46": 31.42188765067359, "47": 31.1369726139601, "48": 28.125749352084974, "49": 21.647571417899304, "50": 22.261958375612732, "51": 30.334559095564053, "52": 28.448582250840097, "53": 26.206544335148518, "54": 13.582039008297356, "55": 19.9500163294905, "56": 22.02484818232153, "57": 23.403852655592296, "58": 24.373657848554373, "59": 20.45820736389915, "60": 19.69720119297388, "61": 16.127917600746123, "62": 13.358164257548442, "63": 18.79670487158826, "64": 10.152678151271788, "66": 16.684772539938635, "67": 13.10684319143216, "68": 29.200128834627353, "69": 28.263081492287025, "70": 31.717078524926567, "71": 29.74579467257851, "72": 31.02728751829485, "73": 29.649176381976144, "74": 29.799980170296575, "75": 29.281380492880306, "76": 30.530540928119628, "77": 28.480917747251386, "78": 23.767867878335018, "79": 32.30753767874353, "80": 28.90320369607648, "81": 31.539587435626974, "82": 28.885383084592952, "83": 27.41931963443294, "84": 22.916202926457924, "85": 26.014532853444027, "86": 29.732435344111643, "87": 28.810367896698924, "88": 27.55055495622115, "89": 27.858318959980604, "90": 27.908917576927742, "91": 28.701814991700815, "92": 24.62066808507726, "93": 28.108817934133846, "94": 18.04757225873074, "95": 20.50900139831117, "96": 12.948714286359081, "97": 20.949312465067692, "98": 23.61491045020127, "99": 17.510743565272342, "100": 11.526650576362135 } }, "geometry": { "type": "Polygon", "coordinates": [ [ [ 119.125, -23.125 ], [ 119.125, -24.125 ], [ 118.375, -24.125 ], [ 118.375, -24.375 ], [ 118.625, -24.375 ], [ 118.625, -24.625 ], [ 119.625, -24.625 ], [ 119.625, -24.375 ], [ 120.625, -24.375 ], [ 120.625, -24.625 ], [ 120.875, -24.625 ], [ 120.875, -24.875 ], [ 121.375, -24.875 ], [ 121.375, -25.125 ], [ 122.875, -25.125 ], [ 122.875, -24.875 ], [ 124.625, -24.875 ], [ 124.625, -24.375 ], [ 123.125, -24.375 ], [ 123.125, -23.875 ], [ 121.875, -23.875 ], [ 121.875, -23.625 ], [ 121.625, -23.625 ], [ 121.625, -23.375 ], [ 121.125, -23.375 ], [ 121.125, -23.625 ], [ 120.125, -23.625 ], [ 120.125, -23.125 ], [ 119.125, -23.125 ] ] ] } },
{ "type": "Feature", "properties": { "cluster_id": 66, "cohesion": 6.6606489466712189, "distances": { "1": 42.94920744232563, "2": 40.76511772832966, "3": 32.19882468909748, "4": 33.84388808086758, "5": 35.524761795213074, "6": 38.72381510054778, "7": 46.379044262122704, "8": 44.113363121623195, "9": 42.94804518805387, "10": 47.19689830627864, "11": 45.788205122034526, "12": 41.09962449760186, "13": 38.85549219915189, "14": 33.12888154290693, "15": 35.420207394835614, "16": 35.27178936848518, "17": 37.28021059606758, "18": 39.99255540893264, "19": 44.472574917558234, "20": 40.085766027067386, "21": 36.6759669068374, "22": 36.184222821518034, "23": 33.84073993206464, "24": 37.48094993342985, "25": 35.841011240768424, "26": 37.43651546933741, "27": 30.781030989111965, "28": 26.54348555642346, "29": 32.15301963223777, "30": 32.35882152355488, "31": 35.74129433662331, "32": 33.93119436997011, "33": 30.249075266851086, "34": 27.619104491411584, "35": 30.37459794656227, "36": 31.784714256930947, "37": 31.289346961331162, "38": 32.72690068640182, "39": 32.74619831870014, "40": 32.45783310348466, "41": 27.691490532359797, "42": 29.65365284098037, "43": 28.38376828786297, "44": 30.201748387215915, "45": 17.444829342232655, "46": 25.299946256027052, "47": 24.3368266755136, "48": 18.757978462093728, "49": 9.331871791644025, "50": 12.527873120639951, "51": 24.27545432107537, "52": 25.667066060995438, "53": 20.74265690571439, "54": 20.17399464404734, "55": 21.84481639801276, "56": 24.586321354484678, "57": 26.014149545790776, "58": 23.07524379106928, "59": 15.724052810908335, "60": 18.576255465973848, "61": 12.305997774314987, "62": 17.98004855896238, "63": 20.07489242096217, "64": 11.321350325735112, "65": 16.684772539938635, "67": 13.912523704469539, "68": 29.639952657576785, "69": 27.83708302436935, "70": 29.599851615999615, "71": 29.927798424177485, "72": 29.81668417920248, "73": 29.760231716682124, "74": 30.970874033089654, "75": 30.103319310486462, "76": 34.00396003334816, "77": 31.22525020581836, "78": 26.560652567151077, "79": 36.53313994247773, "80": 31.280854801108465, "81": 35.81797460973308, "82": 32.499664179670106, "83": 29.236432116278987, "84": 25.24391123284918, "85": 28.298544206306914, "86": 29.47406648538, "87": 30.40122127292042, "88": 28.0237996416927, "89": 29.68523643733478, "90": 29.420253597545816, "91": 30.88604654781681, "92": 28.036487309956645, "93": 32.10071254536484, "94": 23.51732193699299, "95": 29.69233849962688, "96": 23.51935852553685, "97": 30.380408550234044, "98": 30.75020020556102, "99": 25.32822638491912, "100": 23.075275998297453 } }, "geometry": { "type": "Polygon", "coordinates": [ [ [ 119.625, -26.125 ], [ 119.625, -26.375 ], [ 119.375, -26.375 ], [ 119.375, -26.625 ], [ 118.875, -26.625 ], [ 118.875, -26.875 ], [ 118.375, -26.875 ], [ 118.375, -26.625 ], [ 118.125, -26.625 ], [ 118.125, -26.375 ], [ 117.625, -26.375 ], [ 117.625, -26.625 ], [ 117.375, -26.625 ], [ 117.375, -26.875 ], [ 116.625, -26.875 ], [ 116.625, -27.875 ], [ 115.375, -27.875 ], [ 115.375, -28.125 ], [ 114.125, -28.125 ], [ 114.125, -28.625 ], [ 114.375, -28.625 ], [ 114.375, -28.875 ], [ 114.625, -28.875 ], [ 114.625, -29.125 ], [ 114.875, -29.125 ], [ 114.875, -29.625 ], [ 115.125, -29.625 ], [ 115.125, -30.125 ], [ 115.625, -30.125 ], [ 115.625, -29.875 ], [ 115.875, -29.875 ], [ 115.875, -29.375 ], [ 116.125, -29.375 ], [ 116.125, -29.625 ], [ 116.375, -29.625 ], [ 116.375, -29.375 ], [ 116.625, -29.375 ], [ 116.625, -28.375 ], [ 117.125, -28.375 ], [ 117.125, -28.625 ], [ 117.375, -28.625 ], [ 117.375, -28.875 ], [ 118.125, -28.875 ], [ 118.125, -28.625 ], [ 118.375, -28.625 ], [ 118.375, -28.375 ], [ 118.625, -28.375 ], [ 118.625, -28.125 ], [ 118.875, -28.125 ], [ 118.875, -27.875 ], [ 119.125, -27.875 ], [ 119.125, -27.625 ], [ 119.375, -27.625 ], [ 119.375, -27.125 ], [ 119.625, -27.125 ], [ 119.625, -26.875 ], [ 120.625, -26.875 ], [ 120.625, -26.125 ], [ 119.625, -26.125 ] ] ] } },
{ "type": "Feature", "properties": { "cluster_id": 67, "cohesion": 6.7610640230242138, "distances": { "1": 45.89020713414093, "2": 44.27605581934023, "3": 35.1434787341221, "4": 37.24019939915485, "5": 37.9425484537532, "6": 41.81257809835498, "7": 49.747356834456056, "8": 47.87298145289346, "9": 46.041464672744056, "10": 50.51320010140349, "11": 48.68704421351171, "12": 44.5430315753799, "13": 41.4102100718967, "14": 35.420865747465754, "15": 38.58331409077899, "16": 35.73514727286796, "17": 38.371894324142666, "18": 42.09617350544983, "19": 46.83376785465149, "20": 41.631860799330966, "21": 37.43334636723069, "22": 37.90879455606477, "23": 34.89286638133787, "24": 40.78018107124595, "25": 38.339532928687305, "26": 40.22359767636678, "27": 32.76055415560623, "28": 29.399901070805615, "29": 30.69544024870283, "30": 29.578438609858267, "31": 35.43830974922419, "32": 31.938150635615678, "33": 28.560122892773805, "34": 23.673372724629132, "35": 26.8049997196275, "36": 29.987082615359174, "37": 29.32212975438717, "38": 29.583257256285933, "39": 29.09780957660979, "40": 28.739737021501757, "41": 21.89260212239313, "42": 24.46055827559105, "43": 32.251419313740186, "44": 35.008476066673076, "45": 24.261608126029213, "46": 30.993061907544657, "47": 29.376245030257778, "48": 22.382966178135227, "49": 17.142261711723155, "50": 15.387286482496823, "51": 27.758971103549005, "52": 25.755225524171905, "53": 19.35291751195257, "54": 12.713056166543945, "55": 17.816383047619368, "56": 18.806252765169585, "57": 21.12488965699747, "58": 19.473425077621737, "59": 11.202662113861031, "60": 12.766140359617335, "61": 16.659732418316587, "62": 19.940314256893434, "63": 22.155800635142008, "64": 13.31027625519557, "65": 13.10684319143216, "66": 13.912523704469539, "68": 31.766430868130342, "69": 29.739480388031744, "70": 32.75044221464196, "71": 32.46106243231137, "72": 32.88940642283463, "73": 31.85056210714904, "74": 33.05203165312849, "75": 32.399448804746896, "76": 35.33729600175427, "77": 31.761344827551575, "78": 27.738686637132954, "79": 37.14485853730313, "80": 32.87921949351533, "81": 37.06839273735984, "82": 33.998078797436484, "83": 28.271354346309955, "84": 21.675530815066857, "85": 25.526204803757064, "86": 31.46472169724365, "87": 30.65900950880583, "88": 28.408441716022732, "89": 28.81124637270541, "90": 29.670442769986103, "91": 31.34888515759877, "92": 26.133898080730372, "93": 31.665067100836186, "94": 25.385301559478336, "95": 30.215466310616723, "96": 22.839694630622155, "97": 29.249085450447208, "98": 29.713445043828, "99": 21.682442098631974, "100": 19.153217750846327 } }, "geometry": { "type": "Polygon", "coordinates": [ [ [ 122.875, -24.875 ], [ 122.875, -25.125 ], [ 120.875, -25.125 ], [ 120.875, -25.375 ], [ 120.625, -25.375 ], [ 120.625, -25.625 ], [ 120.375, -25.625 ], [ 120.375, -26.125 ], [ 120.625, -26.125 ], [ 120.625, -26.375 ], [ 121.125, -26.375 ], [ 121.125, -26.125 ], [ 121.625, -26.125 ], [ 121.625, -26.625 ], [ 121.875, -26.625 ], [ 121.875, -26.875 ], [ 123.125, -26.875 ], [ 123.125, -27.125 ], [ 123.875, -27.125 ], [ 123.875, -26.875 ], [ 124.375, -26.875 ], [ 124.375, -26.625 ], [ 125.375, -26.625 ], [ 125.375, -26.375 ], [ 125.875, -26.375 ], [ 125.875, -26.125 ], [ 126.375, -26.125 ], [ 126.375, -26.375 ], [ 126.875, -26.375 ], [ 126.875, -26.125 ], [ 127.625, -26.125 ], [ 127.625, -25.875 ], [ 127.375, -25.875 ], [ 127.375, -25.625 ], [ 125.875, -25.625 ], [ 125.875, -25.375 ], [ 125.625, -25.375 ], [ 125.625, -25.125 ], [ 124.625, -25.125 ], [ 124.625, -24.875 ], [ 122.875, -24.875 ] ] ] } },
{ "type": "Feature", "properties": { "cluster_id": 68, "cohesion": 6.049578027757919, "distances": { "1": 26.97317827192793, "2": 23.234475269632295, "3": 11.108764684613432, "4": 17.153022979238916, "5": 20.048748852670354, "6": 21.84045862709451, "7": 33.86942842521313, "8": 28.420706677909898, "9": 30.531867809717568, "10": 34.038143291109165, "11": 33.14844841036575, "12": 23.842175793035207, "13": 24.809489981110122, "14": 15.717376730409184, "15": 15.083547311975686, "16": 28.58632807263389, "17": 28.201019828748894, "18": 30.26470988386398, "19": 33.458622904706296, "20": 30.946649162531877, "21": 29.185680845013252, "22": 28.689290209945362, "23": 28.963801744420948, "24": 26.8138766560548, "25": 26.615330334596084, "26": 25.122273361137317, "27": 24.630113133844954, "28": 22.15744687523183, "29": 28.454567022656057, "30": 30.40226445152816, "31": 29.127115581931896, "32": 30.06341499929498, "33": 27.57117066404134, "34": 30.667187325888534, "35": 27.682795187963595, "36": 27.1133241321003, "37": 25.307586446008457, "38": 27.919153920252427, "39": 30.738416648464433, "40": 31.921957329844258, "41": 31.851375480161096, "42": 31.16813781714422, "43": 25.209658623525254, "44": 26.918431539418002, "45": 29.748796912646043, "46": 28.063265746772245, "47": 27.82234200834921, "48": 31.705396797656302, "49": 30.471454381150586, "50": 32.280882365921, "51": 27.00530819421178, "52": 26.222953984659416, "53": 30.47151334336334, "54": 29.6495190741188, "55": 27.918090887226175, "56": 30.070261352968362, "57": 28.989621829218216, "58": 29.060759464607756, "59": 32.464333639617784, "60": 29.914088444119677, "61": 26.478961601801895, "62": 24.703102014338292, "63": 23.347887742862547, "64": 28.808103151490396, "65": 29.200128834627353, "66": 29.639952657576785, "67": 31.766430868130346, "69": 10.03174260043381, "70": 14.032159299633387, "71": 11.975330105598912, "72": 17.204348462470303, "73": 11.838191003258066, "74": 11.660223139945199, "75": 20.390944990067293, "76": 26.75067342648359, "77": 25.23950817404408, "78": 20.90255298150478, "79": 29.72664815482577, "80": 26.133106935104706, "81": 29.730799952788058, "82": 26.605577071618498, "83": 23.37810544743146, "84": 27.962708771601488, "85": 26.637663855165084, "86": 18.574572622832612, "87": 23.21630917650953, "88": 17.505575997877262, "89": 20.365712067460308, "90": 16.626700008148063, "91": 20.001268806179684, "92": 27.03377560569323, "93": 27.63966799317882, "94": 22.54950147265333, "95": 27.808626606118743, "96": 27.289645636178527, "97": 28.348689529323178, "98": 28.034640917128407, "99": 28.143760235685544, "100": 28.70352104121202 } }, "geometry": { "type": "MultiPolygon", "coordinates": [ [ [ [ 144.375, -21.375 ], [ 144.375, -21.625 ], [ 144.875, -21.625 ], [ 144.875, -22.125 ], [ 145.625, -22.125 ], [ 145.625, -22.375 ], [ 145.875, -22.375 ], [ 145.875, -23.125 ], [ 146.125, -23.125 ], [ 146.125, -23.625 ], [ 146.375, -23.625 ], [ 146.375, -24.125 ], [ 145.625, -24.125 ], [ 145.625, -23.875 ], [ 145.125, -23.875 ], [ 145.125, -23.625 ], [ 144.875, -23.625 ], [ 144.875, -23.375 ], [ 144.625, -23.375 ], [ 144.625, -23.125 ], [ 143.875, -23.125 ], [ 143.875, -22.375 ], [ 143.625, -22.375 ], [ 143.625, -21.625 ], [ 143.875, -21.625 ], [ 143.875, -21.375 ], [ 144.375, -21.375 ] ] ], [ [ [ 146.125, -19.875 ], [ 146.125, -20.125 ], [ 144.625, -20.125 ], [ 144.625, -19.875 ], [ 146.125, -19.875 ] ] ] ] } },
{ "type": "Feature", "properties": { "cluster_id": 69, "cohesion": 7.6186080239697391, "distances": { "1": 29.640540622862783, "2": 26.69134978925007, "3": 14.740822028456321, "4": 18.415419286402457, "5": 21.69550503217224, "6": 24.20720909289345, "7": 37.32309627607663, "8": 32.34394270872592, "9": 34.2063983964618, "10": 38.24285207888525, "11": 37.55784538220303, "12": 28.616782957630555, "13": 29.569817885152855, "14": 20.743543673287117, "15": 20.24150419830474, "16": 31.680949343726628, "17": 31.82135227307445, "18": 33.59024594133881, "19": 37.78547491847761, "20": 34.695644971300084, "21": 32.270460025382285, "22": 31.282910779295516, "23": 31.00697885522519, "24": 29.299560257358348, "25": 29.286222754886907, "26": 28.150249385482727, "27": 26.286727562053247, "28": 22.9100337677803, "29": 27.464360427350545, "30": 28.653938077500452, "31": 27.962609953811583, "32": 28.156435931320278, "33": 24.965441645709518, "34": 27.685811155453397, "35": 25.847182852460662, "36": 25.32068666504631, "37": 23.78944609135587, "38": 25.879333847492816, "39": 28.673046671833575, "40": 29.650305669789354, "41": 29.03202748742051, "42": 28.746732854983723, "43": 25.12082298164007, "44": 27.14771027902186, "45": 28.414300770985562, "46": 27.58661970876777, "47": 26.995385916421448, "48": 29.38332499154235, "49": 28.605998768588044, "50": 30.115246896702168, "51": 25.31907110790374, "52": 23.579421227700468, "53": 27.660792918824725, "54": 28.59144842440461, "55": 26.876040729474212, "56": 27.460897956829918, "57": 26.812492296463944, "58": 26.07162891487158, "59": 29.830354052697455, "60": 27.73987176426345, "61": 24.179323606163475, "62": 23.63333627276247, "63": 21.28182199866466, "64": 27.50722661579514, "65": 28.263081492287025, "66": 27.837083024369345, "67": 29.73948038803174, "68": 10.03174260043381, "70": 11.94377266298063, "71": 12.52398812727207, "72": 16.046546092850768, "73": 11.895015857690101, "74": 15.706392137311608, "75": 20.317285831480064, "76": 27.242433880621814, "77": 24.487740133842692, "78": 21.31092735579347, "79": 29.73251909581713, "80": 26.506562574147104, "81": 30.449943058447516, "82": 27.627954456376695, "83": 23.642709351748945, "84": 26.63033570331231, "85": 25.604452223687343, "86": 16.987636935798836, "87": 21.978798402257013, "88": 15.390877384665185, "89": 19.389346753881373, "90": 18.213251850277008, "91": 22.728032017041475, "92": 27.62764640812116, "93": 29.832181372586405, "94": 22.606484852178838, "95": 29.129522130014113, "96": 27.71175307335639, "97": 30.31263525789669, "98": 30.133864622603205, "99": 28.81262327963637, "100": 28.89956578429866 } }, "geometry": { "type": "MultiPolygon", "coordinates": [ [ [ [ 150.375, -23.625 ], [ 150.375, -23.875 ], [ 150.625, -23.875 ], [ 150.625, -24.375 ], [ 150.375, -24.375 ], [ 150.375, -24.125 ], [ 150.125, -24.125 ], [ 150.125, -23.625 ], [ 150.375, -23.625 ] ] ], [ [ [ 149.875, -23.625 ], [ 149.875, -23.375 ], [ 149.125, -23.375 ], [ 149.125, -23.625 ], [ 147.875, -23.625 ], [ 147.875, -24.125 ], [ 147.375, -24.125 ], [ 147.375, -23.875 ], [ 147.125, -23.875 ], [ 147.125, -23.375 ], [ 146.875, -23.375 ], [ 146.875, -22.875 ], [ 146.625, -22.875 ], [ 146.625, -22.625 ], [ 146.375, -22.625 ], [ 146.375, -22.875 ], [ 146.125, -22.875 ], [ 146.125, -23.125 ], [ 145.875, -23.125 ], [ 145.875, -22.375 ], [ 145.625, -22.375 ], [ 145.625, -22.125 ], [ 144.875, -22.125 ], [ 144.875, -21.125 ], [ 144.625, -21.125 ], [ 144.625, -20.125 ], [ 146.125, -20.125 ], [ 146.125, -19.375 ], [ 146.625, -19.375 ], [ 146.625, -19.625 ], [ 146.875, -19.625 ], [ 146.875, -19.875 ], [ 147.125, -19.875 ], [ 147.125, -20.125 ], [ 147.375, -20.125 ], [ 147.375, -20.375 ], [ 147.625, -20.375 ], [ 147.625, -20.625 ], [ 147.875, -20.625 ], [ 147.875, -21.375 ], [ 148.875, -21.375 ], [ 148.875, -21.625 ], [ 149.125, -21.625 ], [ 149.125, -21.875 ], [ 149.625, -21.875 ], [ 149.625, -22.125 ], [ 149.875, -22.125 ], [ 149.875, -22.375 ], [ 150.125, -22.375 ], [ 150.125, -22.625 ], [ 150.375, -22.625 ], [ 150.375, -23.375 ], [ 150.125, -23.375 ], [ 150.125, -23.625 ], [ 149.875, -23.625 ] ] ] ] } },
{ "type": "Feature", "properties": { "cluster_id": 70, "cohesion": 6.0717072467165929, "distances": { "1": 26.315591499920167, "2": 23.9243400364208, "3": 14.287178123305647, "4": 14.039962776724751, "5": 20.4004018454748, "6": 20.92665810433737, "7": 34.73589804195409, "8": 29.818490704359796, "9": 33.045606425743586, "10": 36.61920974647181, "11": 36.627443924085036, "12": 26.694826989394475, "13": 29.42249174910759, "14": 21.798440564144883, "15": 19.033267953905483, "16": 33.36650685400579, "17": 32.718577834807846, "18": 33.853790947641215, "19": 37.17588154623092, "20": 35.05070723954182, "21": 33.779957410130635, "22": 32.336973496338196, "23": 32.55867348635877, "24": 26.64632683566157, "25": 28.867257390287246, "26": 27.454737736389585, "27": 27.307832340320566, "28": 22.05561368242818, "29": 30.50254957537218, "30": 31.797415947552455, "31": 28.717756937124417, "32": 30.273936301538356, "33": 26.501724595292934, "34": 30.54203330589555, "35": 30.84248511486299, "36": 29.452469297601795, "37": 28.684302629904007, "38": 30.97176992901932, "39": 32.9544117984799, "40": 33.0641889149375, "41": 33.21519662485447, "42": 33.278652739767956, "43": 23.255029921640816, "44": 24.223889365271962, "45": 27.203994725113574, "46": 24.814041088953243, "47": 25.250885761207567, "48": 29.18968446287724, "49": 29.24068990316565, "50": 31.205713194871652, "51": 24.15030119383618, "52": 24.03456400264504, "53": 28.867100213792256, "54": 32.33303297016259, "55": 30.368781561069216, "56": 31.945310707719003, "57": 31.519034568845075, "58": 28.73031189950762, "59": 32.03555178002811, "60": 30.308908574723247, "61": 26.74154302544637, "62": 27.17588787797399, "63": 24.119946362041834, "64": 30.57214079082699, "65": 31.71707852492656, "66": 29.599851615999615, "67": 32.750442214641964, "68": 14.032159299633387, "69": 11.943772662980628, "71": 12.979593942041259, "72": 13.270075168766146, "73": 15.30194980698765, "74": 18.65072342684784, "75": 20.600933883910635, "76": 28.450387506592094, "77": 26.74576508266114, "78": 23.507323345057323, "79": 30.142940677034264, "80": 25.75195339930597, "81": 30.940579855518287, "82": 28.29041051842556, "83": 27.061752738548794, "84": 30.86730841468682, "85": 29.841599242733306, "86": 18.773740409091943, "87": 24.897747511208703, "88": 20.7188308845263, "89": 24.279831808727128, "90": 22.0138249136836, "91": 25.48175787866418, "92": 31.023060835743127, "93": 31.99096309880994, "94": 25.070383785231375, "95": 31.362567866806792, "96": 31.07350920853777, "97": 33.145124998587235, "98": 32.821282645421064, "99": 32.2938324685567, "100": 32.37017852915527 } }, "geometry": { "type": "MultiPolygon", "coordinates": [ [ [ [ 150.625, -22.125 ], [ 150.625, -22.375 ], [ 150.875, -22.375 ], [ 150.875, -22.625 ], [ 151.125, -22.625 ], [ 151.125, -23.375 ], [ 151.375, -23.375 ], [ 151.375, -23.625 ], [ 151.875, -23.625 ], [ 151.875, -23.875 ], [ 152.125, -23.875 ], [ 152.125, -24.125 ], [ 152.375, -24.125 ], [ 152.375, -24.375 ], [ 151.625, -24.375 ], [ 151.625, -24.125 ], [ 150.875, -24.125 ], [ 150.875, -24.625 ], [ 150.625, -24.625 ], [ 150.625, -23.875 ], [ 150.375, -23.875 ], [ 150.375, -23.625 ], [ 150.125, -23.625 ], [ 150.125, -23.375 ], [ 150.375, -23.375 ], [ 150.375, -22.625 ], [ 150.125, -22.625 ], [ 150.125, -22.375 ], [ 149.875, -22.375 ], [ 149.875, -22.125 ], [ 150.625, -22.125 ] ] ], [ [ [ 149.625, -22.125 ], [ 149.625, -21.875 ], [ 149.125, -21.875 ], [ 149.125, -21.625 ], [ 148.875, -21.625 ], [ 148.875, -21.375 ], [ 147.875, -21.375 ], [ 147.875, -20.625 ], [ 147.625, -20.625 ], [ 147.625, -20.375 ], [ 148.125, -20.375 ], [ 148.125, -20.625 ], [ 148.375, -20.625 ], [ 148.375, -20.375 ], [ 148.625, -20.375 ], [ 148.625, -20.625 ], [ 148.875, -20.625 ], [ 148.875, -20.875 ], [ 149.375, -20.875 ], [ 149.375, -21.125 ], [ 149.625, -21.125 ], [ 149.625, -21.625 ], [ 149.875, -21.625 ], [ 149.875, -22.125 ], [ 149.625, -22.125 ] ] ] ] } },
{ "type": "Feature", "properties": { "cluster_id": 71, "cohesion": 7.381954378380934, "distances": { "1": 22.012719894294683, "2": 20.324890862999617, "3": 10.616723080170932, "4": 11.376945704654617, "5": 13.886181477375425, "6": 16.40601394361672, "7": 32.84580008631982, "8": 27.5142510126595, "9": 30.924840742853917, "10": 34.745866943419266, "11": 34.773194721252956, "12": 24.75986825347281, "13": 28.029350059524727, "14": 20.569007157771125, "15": 16.89464147716722, "16": 31.155828481150245, "17": 31.363416573443526, "18": 31.336424061920773, "19": 35.61503808678296, "20": 33.23563789042569, "21": 31.077264830199937, "22": 29.405060739816765, "23": 29.263474839924857, "24": 25.5242408419901, "25": 27.258660423445427, "26": 24.712243764920757, "27": 25.303730431330187, "28": 22.03050299056363, "29": 28.646626190557093, "30": 29.465570635128973, "31": 26.299584083803268, "32": 27.936810511302713, "33": 25.111567529894664, "34": 29.17397142157867, "35": 30.16975938206179, "36": 28.94374151974191, "37": 28.926710285008397, "38": 29.756091471737676, "39": 30.951174831315527, "40": 30.807803076661184, "41": 31.41433581302323, "42": 31.94199053311893, "43": 23.10892463349673, "44": 24.132377739310396, "45": 28.813467270770136, "46": 25.978729522414255, "47": 26.16960693625593, "48": 30.398463136356373, "49": 30.487484476794727, "50": 31.937036954199748, "51": 25.13341219916122, "52": 24.31453970076724, "53": 29.886532455752704, "54": 31.25769278004724, "55": 29.878831015161587, "56": 30.657881029525, "57": 30.512171578363894, "58": 28.495022582085017, "59": 32.67110131085179, "60": 30.505974055802863, "61": 26.922025863321217, "62": 24.584938915863315, "63": 22.44347557986255, "64": 29.071566984946678, "65": 29.74579467257851, "66": 29.927798424177485, "67": 32.46106243231137, "68": 11.975330105598918, "69": 12.523988127272071, "70": 12.979593942041259, "72": 19.375713067919555, "73": 17.653530484340774, "74": 18.387731550139037, "75": 23.09505936703196, "76": 27.78531524222248, "77": 27.201040578283674, "78": 22.6596530611538, "79": 27.368321394595984, "80": 23.47302312371405, "81": 28.7857548351613, "82": 26.76812819008126, "83": 26.935042484286605, "84": 30.022010424542003, "85": 29.37996519886168, "86": 22.516934469552208, "87": 26.522591272684885, "88": 21.87214130691263, "89": 24.64040070112759, "90": 21.803664776332198, "91": 24.645152431584055, "92": 30.13304756502202, "93": 30.91797158775097, "94": 21.925362333977894, "95": 27.872299704616086, "96": 27.82675563182917, "97": 30.16645669402485, "98": 30.820306884653935, "99": 30.54976316343462, "100": 29.951739895343426 } }, "geometry": { "type": "MultiPolygon", "coordinates": [ [ [ [ 144.125, -19.625 ], [ 144.125, -19.875 ], [ 144.625, -19.875 ], [ 144.625, -21.125 ], [ 144.875, -21.125 ], [ 144.875, -21.625 ], [ 144.375, -21.625 ], [ 144.375, -20.875 ], [ 144.125, -20.875 ], [ 144.125, -20.625 ], [ 143.875, -20.625 ], [ 143.875, -20.375 ], [ 143.625, -20.375 ], [ 143.625, -19.625 ], [ 144.125, -19.625 ] ] ], [ [ [ 147.625, -20.375 ], [ 147.375, -20.375 ], [ 147.375, -20.125 ], [ 147.625, -20.125 ], [ 147.625, -20.375 ] ] ], [ [ [ 147.125, -19.875 ], [ 146.875, -19.875 ], [ 146.875, -19.625 ], [ 146.625, -19.625 ], [ 146.625, -19.375 ], [ 146.125, -19.375 ], [ 146.125, -19.875 ], [ 145.875, -19.875 ], [ 145.875, -19.625 ], [ 145.625, -19.625 ], [ 145.625, -19.375 ], [ 145.375, -19.375 ], [ 145.375, -19.125 ], [ 145.125, -19.125 ], [ 145.125, -18.375 ], [ 145.375, -18.375 ], [ 145.375, -18.625 ], [ 145.875, -18.625 ], [ 145.875, -18.875 ], [ 146.125, -18.875 ], [ 146.125, -19.125 ], [ 146.875, -19.125 ], [ 146.875, -19.375 ], [ 147.125, -19.375 ], [ 147.125, -19.625 ], [ 147.375, -19.625 ], [ 147.375, -20.125 ], [ 147.125, -20.125 ], [ 147.125, -19.875 ] ] ] ] } },
{ "type": "Feature", "properties": { "cluster_id": 72, "cohesion": 6.6604437017141844, "distances": { "1": 28.721108405833583, "2": 25.642919415960847, "3": 18.789257850567683, "4": 20.868950384217985, "5": 24.26229876213279, "6": 25.004302573483514, "7": 33.31028413810933, "8": 29.2617955797116, "9": 31.064019779265426, "10": 34.21996191802703, "11": 33.72986725526748, "12": 26.260457314798447, "13": 27.222698677688832, "14": 21.30524482063729, "15": 20.869594688222335, "16": 30.69202034801606, "17": 29.993854896910186, "18": 31.644947387914897, "19": 34.13788795313837, "20": 32.1260415027123, "21": 31.207986570891872, "22": 30.196038847282157, "23": 30.18168777763935, "24": 26.329189483130914, "25": 27.481605234409134, "26": 26.24110246508087, "27": 25.706436169212154, "28": 22.017381332297877, "29": 26.19830374626715, "30": 29.962907027968072, "31": 27.725497789498952, "32": 29.70336952584114, "33": 28.387289106410574, "34": 32.398644314797444, "35": 28.49887118616774, "36": 24.918048675736713, "37": 24.2567266534717, "38": 28.179438515436676, "39": 30.775893742904348, "40": 32.20321891194052, "41": 33.76250957499426, "42": 32.06051706457048, "43": 24.53083327703423, "44": 25.260422163162538, "45": 28.796747772785384, "46": 26.187947706664236, "47": 27.555287891896388, "48": 32.12043414722166, "49": 30.14339133279593, "50": 32.930219493740736, "51": 26.983441126648692, "52": 27.215500202484474, "53": 31.565127325465056, "54": 31.353926833708595, "55": 29.67363710836435, "56": 32.3264668553655, "57": 31.094225576255212, "58": 30.942996408524046, "59": 33.419877059262625, "60": 31.15738660096277, "61": 26.2597962821533, "62": 26.521972062691887, "63": 24.164935676618715, "64": 30.288646403286496, "65": 31.02728751829485, "66": 29.81668417920248, "67": 32.88940642283463, "68": 17.2043484624703, "69": 16.046546092850768, "70": 13.270075168766148, "71": 19.375713067919555, "73": 12.826501223482976, "74": 16.936007998518, "75": 11.747838578593797, "76": 21.36752557937724, "77": 19.31751295440063, "78": 18.365306868277976, "79": 27.397055564131197, "80": 23.762762970705346, "81": 25.960695357420946, "82": 22.78499971068275, "83": 24.63000725400944, "84": 30.028479133471436, "85": 28.081300175211112, "86": 11.698418794669838, "87": 18.134574445770717, "88": 18.149805854074447, "89": 21.07297817697156, "90": 20.060606249404675, "91": 23.3535454742381, "92": 28.92811395208716, "93": 29.42786797564913, "94": 24.06703813809819, "95": 29.322897690680186, "96": 29.63490734844771, "97": 30.93732356537476, "98": 30.326465223110024, "99": 30.4294403254047, "100": 30.839602019449146 } }, "geometry": { "type": "Polygon", "coordinates": [ [ [ 150.875, -24.125 ], [ 150.875, -24.625 ], [ 151.375, -24.625 ], [ 151.375, -24.875 ], [ 151.625, -24.875 ], [ 151.625, -25.875 ], [ 151.375, -25.875 ], [ 151.375, -26.625 ], [ 151.875, -26.625 ], [ 151.875, -26.375 ], [ 152.875, -26.375 ], [ 152.875, -26.625 ], [ 153.125, -26.625 ], [ 153.125, -28.125 ], [ 153.375, -28.125 ], [ 153.375, -27.625 ], [ 153.625, -27.625 ], [ 153.625, -26.375 ], [ 153.375, -26.375 ], [ 153.375, -26.125 ], [ 153.625, -26.125 ], [ 153.625, -25.875 ], [ 153.375, -25.875 ], [ 153.375, -25.375 ], [ 153.125, -25.375 ], [ 153.125, -25.125 ], [ 152.875, -25.125 ], [ 152.875, -24.875 ], [ 152.625, -24.875 ], [ 152.625, -24.625 ], [ 152.375, -24.625 ], [ 152.375, -24.375 ], [ 151.625, -24.375 ], [ 151.625, -24.125 ], [ 150.875, -24.125 ] ] ] } },
{ "type": "Feature", "properties": { "cluster_id": 73, "cohesion": 8.2568702580574698, "distances": { "1": 30.913873672962072, "2": 26.9992283894685, "3": 17.153090658556817, "4": 22.147643706167923, "5": 24.700402703375026, "6": 26.428148257423956, "7": 35.631357362596034, "8": 30.93496244874528, "9": 32.038121526190544, "10": 35.603477688099325, "11": 34.60452941501227, "12": 27.07888866492346, "13": 26.929230820692073, "14": 19.068968618052576, "15": 20.13089815869373, "16": 29.532724091059972, "17": 29.35272504343439, "18": 31.584472230130572, "19": 34.82238513473769, "20": 32.04931365172925, "21": 30.22932530002847, "22": 29.880340481274096, "23": 29.961931020080524, "24": 28.65235750162445, "25": 27.94403473349955, "26": 26.911819277528167, "27": 25.549212927917637, "28": 23.225006206967162, "29": 26.93500160262805, "30": 30.19908910168585, "31": 29.628581462403464, "32": 30.40381828352354, "33": 28.703209044304227, "34": 31.586436136949597, "35": 26.111737441511067, "36": 24.30908340565519, "37": 22.010816989160794, "38": 26.098051010997548, "39": 29.873768761199997, "40": 31.93137784454751, "41": 32.11086215236897, "42": 30.56385497312934, "43": 27.274593213343625, "44": 28.872009910829107, "45": 30.80240264845533, "46": 29.584231537444552, "47": 29.7768822248587, "48": 33.099029222390776, "49": 30.832580533794577, "50": 33.16188835506527, "51": 28.78817515146148, "52": 27.730615158201953, "53": 31.47358337640697, "54": 29.693813618790777, "55": 27.880023426982966, "56": 30.028157357071976, "57": 28.55712313791203, "58": 29.789775098041673, "59": 32.81624014054573, "60": 30.338416852838144, "61": 25.739923954819112, "62": 25.13377157180479, "63": 23.469547718264817, "64": 29.21792262449923, "65": 29.649176381976144, "66": 29.760231716682124, "67": 31.850562107149035, "68": 11.838191003258068, "69": 11.895015857690101, "70": 15.301949806987652, "71": 17.653530484340777, "72": 12.826501223482975, "74": 12.444447425663457, "75": 15.828222899868894, "76": 24.107048258843886, "77": 21.40807082181779, "78": 19.12710651731343, "79": 29.859844685848252, "80": 26.816812074287864, "81": 28.861510670815278, "82": 25.421118380687034, "83": 22.465460145237167, "84": 27.58845927047297, "85": 25.70630422757384, "86": 12.43657547318015, "87": 18.702391908070204, "88": 13.375365863302635, "89": 17.489769932720414, "90": 16.214392311664238, "91": 20.77792042319111, "92": 26.816818931254247, "93": 28.061193102670487, "94": 23.55001782072541, "95": 28.76092751347397, "96": 28.12095527774001, "97": 29.250645494990803, "98": 28.592565948054855, "99": 28.488040807871748, "100": 29.222106521678207 } }, "geometry": { "type": "MultiPolygon", "coordinates": [ [ [ [ 148.375, -25.375 ], [ 148.125, -25.375 ], [ 148.125, -25.125 ], [ 148.375, -25.125 ], [ 148.375, -25.375 ] ] ], [ [ [ 147.625, -24.875 ], [ 148.125, -24.875 ], [ 148.125, -25.125 ], [ 147.625, -25.125 ], [ 147.625, -24.875 ] ] ], [ [ [ 146.375, -23.625 ], [ 146.125, -23.625 ], [ 146.125, -22.875 ], [ 146.375, -22.875 ], [ 146.375, -22.625 ], [ 146.625, -22.625 ], [ 146.625, -22.875 ], [ 146.875, -22.875 ], [ 146.875, -23.375 ], [ 147.125, -23.375 ], [ 147.125, -23.875 ], [ 147.375, -23.875 ], [ 147.375, -24.125 ], [ 147.875, -24.125 ], [ 147.875, -23.625 ], [ 149.125, -23.625 ], [ 149.125, -23.375 ], [ 149.875, -23.375 ], [ 149.875, -23.625 ], [ 150.125, -23.625 ], [ 150.125, -24.125 ], [ 150.375, -24.125 ], [ 150.375, -24.375 ], [ 150.625, -24.375 ], [ 150.625, -24.625 ], [ 151.375, -24.625 ], [ 151.375, -24.875 ], [ 151.625, -24.875 ], [ 151.625, -25.875 ], [ 151.375, -25.875 ], [ 151.375, -26.625 ], [ 151.125, -26.625 ], [ 151.125, -26.375 ], [ 149.125, -26.375 ], [ 149.125, -26.125 ], [ 148.875, -26.125 ], [ 148.875, -25.875 ], [ 149.125, -25.875 ], [ 149.125, -25.625 ], [ 148.375, -25.625 ], [ 148.375, -25.375 ], [ 149.875, -25.375 ], [ 149.875, -24.625 ], [ 148.875, -24.625 ], [ 148.875, -24.375 ], [ 148.625, -24.375 ], [ 148.625, -23.875 ], [ 148.125, -23.875 ], [ 148.125, -24.625 ], [ 147.375, -24.625 ], [ 147.375, -24.375 ], [ 146.875, -24.375 ], [ 146.875, -24.875 ], [ 147.125, -24.875 ], [ 147.125, -25.125 ], [ 146.375, -25.125 ], [ 146.375, -25.375 ], [ 146.125, -25.375 ], [ 146.125, -24.625 ], [ 145.875, -24.625 ], [ 145.875, -24.375 ], [ 145.625, -24.375 ], [ 145.625, -24.125 ], [ 146.375, -24.125 ], [ 146.375, -23.625 ] ] ], [ [ [ 145.375, -23.875 ], [ 145.625, -23.875 ], [ 145.625, -24.125 ], [ 145.375, -24.125 ], [ 145.375, -23.875 ] ] ] ] } },
{ "type": "Feature", "properties": { "cluster_id": 74, "cohesion": 8.485408749201591, "distances": { "1": 28.598602183393123, "2": 24.311558010070918, "3": 15.44100637947387, "4": 21.686768670664723, "5": 23.777008457291505, "6": 24.789586904880867, "7": 31.726022687278764, "8": 27.1270989866637, "9": 27.668913111147322, "10": 30.605101508531654, "11": 28.95594196067972, "12": 21.94712192401318, "13": 20.21975073426119, "14": 12.17710188564095, "15": 15.539635448631229, "16": 24.206967921195847, "17": 22.871124649340107, "18": 27.06968121237585, "19": 28.468531115239927, "20": 26.103664378304195, "21": 25.42473606262666, "22": 26.320323333585726, "23": 27.06236794708885, "24": 25.914561455161383, "25": 24.47677799154693, "26": 23.43873361253287, "27": 23.32300488239769, "28": 22.119436960244396, "29": 28.921592332210828, "30": 32.701258299769506, "31": 32.09828141878275, "32": 33.2766107827207, "33": 31.836241385200875, "34": 34.58892184209271, "35": 27.80514517852422, "36": 27.741462425308338, "37": 24.67320695374, "38": 29.204888769084675, "39": 32.724693298855286, "40": 34.71900612885621, "41": 34.72499434876, "42": 32.739861002639664, "43": 26.967976421434564, "44": 28.465210252341407, "45": 31.479076161965025, "46": 29.633270372049225, "47": 29.98156758758994, "48": 34.80572971988904, "49": 32.02761006493407, "50": 34.504984111112265, "51": 30.108845182160668, "52": 30.327112275779836, "53": 33.71233087567423, "54": 29.60205595756124, "55": 27.373000879608597, "56": 32.012219340060284, "57": 29.781409808545273, "58": 32.43082392279723, "59": 34.72803284457631, "60": 31.598857755437596, "61": 27.98781335901089, "62": 26.006159413755828, "63": 25.731637953438412, "64": 29.907159657561618, "65": 29.799980170296575, "66": 30.970874033089654, "67": 33.052031653128495, "68": 11.660223139945199, "69": 15.706392137311608, "70": 18.65072342684784, "71": 18.387731550139037, "72": 16.936007998518, "73": 12.444447425663455, "75": 18.03503521697573, "76": 24.90804081902002, "77": 23.80459168386497, "78": 19.42223217393622, "79": 30.983671148866325, "80": 26.744469344168753, "81": 28.99244088012399, "82": 24.953434959927634, "83": 20.365227925092835, "84": 27.38201560466344, "85": 25.359406473389612, "86": 17.79590965666011, "87": 21.77774833925935, "88": 18.7560543528948, "89": 19.615248600764215, "90": 13.320995143007172, "91": 15.197236131137446, "92": 23.808684415130912, "93": 23.042603368494266, "94": 23.304042674603096, "95": 26.715676114675414, "96": 26.87485604334773, "97": 25.671058435415013, "98": 24.32371068266171, "99": 26.047025613127673, "100": 27.859823665359464 } }, "geometry": { "type": "MultiPolygon", "coordinates": [ [ [ [ 148.625, -23.875 ], [ 148.625, -24.375 ], [ 148.875, -24.375 ], [ 148.875, -24.625 ], [ 149.875, -24.625 ], [ 149.875, -25.375 ], [ 148.375, -25.375 ], [ 148.375, -25.125 ], [ 148.125, -25.125 ], [ 148.125, -24.875 ], [ 147.625, -24.875 ], [ 147.625, -25.125 ], [ 147.125, -25.125 ], [ 147.125, -24.875 ], [ 146.875, -24.875 ], [ 146.875, -24.375 ], [ 147.375, -24.375 ], [ 147.375, -24.625 ], [ 148.125, -24.625 ], [ 148.125, -23.875 ], [ 148.625, -23.875 ] ] ], [ [ [ 143.875, -22.375 ], [ 143.875, -23.125 ], [ 144.625, -23.125 ], [ 144.625, -23.375 ], [ 144.875, -23.375 ], [ 144.875, -23.625 ], [ 145.125, -23.625 ], [ 145.125, -23.875 ], [ 145.375, -23.875 ], [ 145.375, -24.125 ], [ 145.625, -24.125 ], [ 145.625, -24.375 ], [ 145.875, -24.375 ], [ 145.875, -24.625 ], [ 146.125, -24.625 ], [ 146.125, -25.125 ], [ 144.125, -25.125 ], [ 144.125, -24.625 ], [ 143.875, -24.625 ], [ 143.875, -24.125 ], [ 143.625, -24.125 ], [ 143.625, -23.875 ], [ 143.375, -23.875 ], [ 143.375, -23.625 ], [ 143.125, -23.625 ], [ 143.125, -23.375 ], [ 142.875, -23.375 ], [ 142.875, -23.125 ], [ 143.125, -23.125 ], [ 143.125, -22.875 ], [ 143.375, -22.875 ], [ 143.375, -22.375 ], [ 143.875, -22.375 ] ] ] ] } },
{ "type": "Feature", "properties": { "cluster_id": 75, "cohesion": 8.1378678342155606, "distances": { "1": 30.063771979800567, "2": 27.137147966320633, "3": 22.21724932823981, "4": 25.211591508488556, "5": 26.127575623945646, "6": 27.544475821906417, "7": 32.358362163907586, "8": 29.405185950289503, "9": 29.45783244733223, "10": 32.60203116266203, "11": 31.55743936013097, "12": 26.778162422538408, "13": 26.03516860676253, "14": 21.893317164424463, "15": 23.159167892058644, "16": 27.31642688175508, "17": 27.37360207896016, "18": 29.122490470239068, "19": 31.57542276963964, "20": 29.13156525903243, "21": 27.93458707898574, "22": 27.373641939155604, "23": 26.86422442782637, "24": 26.385632238656353, "25": 26.11478474086874, "26": 24.953109070419405, "27": 23.753525414085004, "28": 22.260216505957573, "29": 21.492452511832248, "30": 27.164422402148208, "31": 26.62905261807246, "32": 28.469561613067444, "33": 29.51115964131279, "34": 33.07889811635926, "35": 25.800938051698473, "36": 20.813259033111276, "37": 20.85339690323883, "38": 25.07906717869182, "39": 27.666834711966047, "40": 30.216593600716052, "41": 32.880327708659934, "42": 29.646176815888847, "43": 25.600375531439926, "44": 26.47999025726496, "45": 30.65245705790645, "46": 27.944181421561566, "47": 29.63110924581972, "48": 34.546022412771265, "49": 31.292950864818025, "50": 34.146726848347775, "51": 29.56223761941926, "52": 29.86208476907819, "53": 33.77458956807212, "54": 29.375377620906878, "55": 28.28539152998747, "56": 31.491557137636217, "57": 29.596064816498515, "58": 32.402299502032804, "59": 34.34413972575994, "60": 31.419129297371338, "61": 26.39546840461886, "62": 25.295383247640853, "63": 24.30384225105273, "64": 29.311855256717944, "65": 29.281380492880306, "66": 30.103319310486462, "67": 32.39944880474689, "68": 20.390944990067293, "69": 20.317285831480064, "70": 20.60093388391063, "71": 23.09505936703196, "72": 11.747838578593793, "73": 15.828222899868894, "74": 18.03503521697573, "76": 15.156906470630355, "77": 13.145209120274274, "78": 13.667429681425642, "79": 24.6797958360684, "80": 22.120283175390004, "81": 21.26628414104367, "82": 17.814033551787443, "83": 22.80114742081877, "84": 28.25230777275097, "85": 25.990766748854238, "86": 11.496773382612213, "87": 13.810799258314916, "88": 18.67210720040846, "89": 19.548019471281574, "90": 19.78695548778425, "91": 22.034829447690097, "92": 26.25853181819506, "93": 26.456788595907835, "94": 22.49829771315238, "95": 26.147911028287652, "96": 26.85910348482988, "97": 27.40474612325174, "98": 26.885476238973382, "99": 27.357771595883055, "100": 27.94808293215547 } }, "geometry": { "type": "MultiPolygon", "coordinates": [ [ [ [ 152.875, -31.125 ], [ 152.625, -31.125 ], [ 152.625, -30.875 ], [ 152.875, -30.875 ], [ 152.875, -31.125 ] ] ], [ [ [ 151.625, -30.125 ], [ 151.375, -30.125 ], [ 151.375, -29.875 ], [ 151.625, -29.875 ], [ 151.625, -30.125 ] ] ], [ [ [ 151.625, -29.875 ], [ 151.625, -29.375 ], [ 151.875, -29.375 ], [ 151.875, -29.875 ], [ 151.625, -29.875 ] ] ], [ [ [ 151.625, -26.875 ], [ 151.625, -26.625 ], [ 151.875, -26.625 ], [ 151.875, -26.375 ], [ 152.875, -26.375 ], [ 152.875, -26.625 ], [ 153.125, -26.625 ], [ 153.125, -28.125 ], [ 153.375, -28.125 ], [ 153.375, -27.625 ], [ 153.875, -27.625 ], [ 153.875, -29.125 ], [ 153.625, -29.125 ], [ 153.625, -30.125 ], [ 153.125, -30.125 ], [ 153.125, -30.375 ], [ 152.625, -30.375 ], [ 152.625, -29.625 ], [ 152.875, -29.625 ], [ 152.875, -29.125 ], [ 153.125, -29.125 ], [ 153.125, -28.875 ], [ 153.375, -28.875 ], [ 153.375, -28.375 ], [ 152.375, -28.375 ], [ 152.375, -28.625 ], [ 152.125, -28.625 ], [ 152.125, -29.375 ], [ 151.875, -29.375 ], [ 151.875, -26.875 ], [ 151.625, -26.875 ] ] ] ] } },
{ "type": "Feature", "properties": { "cluster_id": 76, "cohesion": 8.0601699304175671, "distances": { "1": 30.535542651602427, "2": 28.86784029397245, "3": 27.35646019927895, "4": 29.4938426377915, "5": 27.645765076983853, "6": 29.743451698173928, "7": 31.882927431199935, "8": 30.269566186810813, "9": 29.464067853964526, "10": 32.334481506459525, "11": 31.358045779562993, "12": 29.378804936578213, "13": 28.727376598917353, "14": 27.3305788807245, "15": 27.862106424875325, "16": 27.87065048519819, "17": 29.584968996459516, "18": 28.45915394666597, "19": 31.910703788850366, "20": 29.587193316650712, "21": 27.24021358844952, "22": 26.01334343284787, "23": 24.528898508403596, "24": 27.849813044441476, "25": 27.155766543696213, "26": 25.389405029382573, "27": 24.115147972427476, "28": 25.598554390709214, "29": 15.481286395217138, "30": 23.097613452657292, "31": 22.97841805660586, "32": 25.813909891772198, "33": 30.9336792101134, "34": 34.89146676499482, "35": 28.64052221758372, "36": 19.358375115511784, "37": 24.10884250560319, "38": 25.09920758289972, "39": 25.027353942960797, "40": 27.91118791505948, "41": 33.989661005510975, "42": 30.26825187530719, "43": 28.887888777449547, "44": 28.866853136109928, "45": 35.378703164481124, "46": 31.628648628975665, "47": 34.19538982229542, "48": 39.38535502991729, "49": 35.98710419560321, "50": 38.34037632255373, "51": 34.49122272026112, "52": 34.314020090455486, "53": 38.912644708894554, "54": 31.63419009872227, "55": 32.54095422944689, "56": 34.39213225553388, "57": 33.19017747899553, "58": 36.6316626492251, "59": 38.586005809267924, "60": 35.65968649592476, "61": 30.31146588668665, "62": 27.11278338469767, "63": 27.143035829998404, "64": 31.508770486038763, "65": 30.53054092811963, "66": 34.003960033348164, "67": 35.337296001754275, "68": 26.75067342648359, "69": 27.242433880621814, "70": 28.450387506592097, "71": 27.78531524222248, "72": 21.36752557937724, "73": 24.107048258843886, "74": 24.90804081902002, "75": 15.156906470630355, "77": 11.697718742522952, "78": 13.227999280525498, "79": 17.766469484810035, "80": 19.03460457102033, "81": 11.938963179987475, "82": 11.133566060457431, "83": 28.605939980413638, "84": 32.34520805549159, "85": 30.800906541878785, "86": 20.44099332078127, "87": 18.076502773518584, "88": 25.42805776108382, "89": 25.29310328930815, "90": 26.771053885577807, "91": 27.560490601280097, "92": 30.219280559314818, "93": 29.41203227475053, "94": 23.383223089089753, "95": 24.32730594572901, "96": 26.64792829708878, "97": 26.91938605638324, "98": 27.826785350176788, "99": 28.906870918370643, "100": 28.286650555389517 } }, "geometry": { "type": "MultiPolygon", "coordinates": [ [ [ [ 149.375, -36.625 ], [ 149.375, -36.875 ], [ 149.125, -36.875 ], [ 149.125, -37.375 ], [ 148.875, -37.375 ], [ 148.875, -37.625 ], [ 148.625, -37.625 ], [ 148.625, -36.625 ], [ 149.125, -36.625 ], [ 149.125, -36.375 ], [ 149.625, -36.375 ], [ 149.625, -36.625 ], [ 149.375, -36.625 ] ] ], [ [ [ 149.625, -36.125 ], [ 149.875, -36.125 ], [ 149.875, -35.875 ], [ 150.125, -35.875 ], [ 150.125, -36.375 ], [ 149.625, -36.375 ], [ 149.625, -36.125 ] ] ], [ [ [ 150.375, -35.875 ], [ 150.125, -35.875 ], [ 150.125, -35.625 ], [ 150.375, -35.625 ], [ 150.375, -35.875 ] ] ], [ [ [ 148.375, -35.625 ], [ 148.375, -35.375 ], [ 148.625, -35.375 ], [ 148.625, -35.625 ], [ 148.375, -35.625 ] ] ], [ [ [ 148.625, -35.125 ], [ 148.875, -35.125 ], [ 148.875, -35.375 ], [ 148.625, -35.375 ], [ 148.625, -35.125 ] ] ], [ [ [ 149.125, -34.625 ], [ 149.375, -34.625 ], [ 149.375, -33.125 ], [ 149.625, -33.125 ], [ 149.625, -32.625 ], [ 150.875, -32.625 ], [ 150.875, -32.125 ], [ 151.125, -32.125 ], [ 151.125, -31.625 ], [ 151.375, -31.625 ], [ 151.375, -31.375 ], [ 151.625, -31.375 ], [ 151.625, -30.625 ], [ 151.875, -30.625 ], [ 151.875, -30.125 ], [ 151.625, -30.125 ], [ 151.625, -29.875 ], [ 151.875, -29.875 ], [ 151.875, -29.375 ], [ 152.125, -29.375 ], [ 152.125, -28.625 ], [ 152.375, -28.625 ], [ 152.375, -29.125 ], [ 152.625, -29.125 ], [ 152.625, -30.375 ], [ 152.875, -30.375 ], [ 152.875, -30.875 ], [ 152.625, -30.875 ], [ 152.625, -31.625 ], [ 152.375, -31.625 ], [ 152.375, -31.875 ], [ 152.125, -31.875 ], [ 152.125, -32.375 ], [ 151.875, -32.375 ], [ 151.875, -32.125 ], [ 151.375, -32.125 ], [ 151.375, -32.625 ], [ 151.875, -32.625 ], [ 151.875, -32.875 ], [ 151.375, -32.875 ], [ 151.375, -33.375 ], [ 151.125, -33.375 ], [ 151.125, -33.625 ], [ 150.875, -33.625 ], [ 150.875, -34.125 ], [ 150.625, -34.125 ], [ 150.625, -33.875 ], [ 150.375, -33.875 ], [ 150.375, -33.625 ], [ 150.625, -33.625 ], [ 150.625, -33.125 ], [ 150.375, -33.125 ], [ 150.375, -33.375 ], [ 150.125, -33.375 ], [ 150.125, -33.625 ], [ 149.875, -33.625 ], [ 149.875, -34.125 ], [ 149.625, -34.125 ], [ 149.625, -34.875 ], [ 149.375, -34.875 ], [ 149.375, -35.125 ], [ 148.875, -35.125 ], [ 148.875, -34.875 ], [ 149.125, -34.875 ], [ 149.125, -34.625 ] ] ] ] } },
{ "type": "Feature", "properties": { "cluster_id": 77, "cohesion": 7.2667999499692471, "distances": { "1": 34.45525183925164, "2": 32.764307375952974, "3": 27.965036827507568, "4": 30.531681358016513, "5": 29.57752377127402, "6": 32.44075269396834, "7": 37.428735713023954, "8": 35.36349548285639, "9": 34.39827470341249, "10": 37.88909097717799, "11": 36.504402036834975, "12": 33.264793018880184, "13": 31.586918308825805, "14": 27.72617048450504, "15": 29.727014558396604, "16": 29.838965431181286, "17": 31.074515047287257, "18": 32.718302084866345, "19": 36.1680192163883, "20": 32.85509409627575, "21": 30.34201017194367, "22": 29.72477560538076, "23": 27.865462295359386, "24": 31.61332360549829, "25": 30.452404342451175, "26": 29.37655224941782, "27": 26.37224660414767, "28": 26.42219525724529, "29": 13.70417129260983, "30": 20.816440000751914, "31": 23.33757207771342, "32": 24.152665791383626, "33": 28.03080482936288, "34": 31.01094348357962, "35": 22.066297540894872, "36": 13.29444074845982, "37": 16.859101665790288, "38": 19.024716281005126, "39": 20.813234431752115, "40": 24.728998329296385, "41": 29.44517303270527, "42": 24.77888122707107, "43": 28.658951776000684, "44": 30.13503155003941, "45": 33.841271392773386, "46": 31.775955538662753, "47": 33.05711893744106, "48": 36.60683891239834, "49": 33.29712130277507, "50": 35.32471501187736, "51": 32.18440273735815, "52": 30.912909529726747, "53": 34.79192897762882, "54": 28.222735259005525, "55": 28.36294410731375, "56": 29.293173947350105, "57": 27.536570409138715, "58": 32.17159053235636, "59": 34.51290148827658, "60": 31.378936809932362, "61": 26.823927131813416, "62": 25.151813292071683, "63": 24.392282419878512, "64": 29.270754349144802, "65": 28.480917747251386, "66": 31.22525020581836, "67": 31.761344827551575, "68": 25.23950817404408, "69": 24.487740133842692, "70": 26.745765082661137, "71": 27.201040578283674, "72": 19.31751295440063, "73": 21.40807082181779, "74": 23.804591683864974, "75": 13.145209120274272, "76": 11.697718742522952, "78": 13.201093440069723, "79": 21.291060466251867, "80": 21.956475981307367, "81": 17.89558101052789, "82": 16.143252093169053, "83": 23.968882939804644, "84": 27.33455693230304, "85": 25.128437725992256, "86": 15.301890277609017, "87": 10.938313505205297, "88": 19.821570797422584, "89": 19.089456650715384, "90": 22.9508699558223, "91": 25.36882366018186, "92": 26.90487523537865, "93": 28.603174153276832, "94": 23.272473852043877, "95": 26.35405552708429, "96": 26.496482953579743, "97": 28.04562613399779, "98": 28.1783358093755, "99": 27.207341789075464, "100": 27.1165543996513 } }, "geometry": { "type": "MultiPolygon", "coordinates": [ [ [ [ 149.125, -34.625 ], [ 149.125, -34.875 ], [ 148.875, -34.875 ], [ 148.875, -35.125 ], [ 148.625, -35.125 ], [ 148.625, -35.375 ], [ 148.125, -35.375 ], [ 148.125, -35.125 ], [ 147.875, -35.125 ], [ 147.875, -34.875 ], [ 148.625, -34.875 ], [ 148.625, -34.625 ], [ 148.875, -34.625 ], [ 148.875, -34.375 ], [ 149.125, -34.375 ], [ 149.125, -33.375 ], [ 148.875, -33.375 ], [ 148.875, -33.125 ], [ 149.375, -33.125 ], [ 149.375, -34.625 ], [ 149.125, -34.625 ] ] ], [ [ [ 149.375, -33.125 ], [ 149.375, -32.875 ], [ 149.625, -32.875 ], [ 149.625, -33.125 ], [ 149.375, -33.125 ] ] ], [ [ [ 151.125, -31.625 ], [ 151.125, -32.125 ], [ 150.875, -32.125 ], [ 150.875, -32.625 ], [ 149.625, -32.625 ], [ 149.625, -32.375 ], [ 149.875, -32.375 ], [ 149.875, -31.875 ], [ 150.625, -31.875 ], [ 150.625, -31.625 ], [ 150.875, -31.625 ], [ 150.875, -31.375 ], [ 151.375, -31.375 ], [ 151.375, -31.625 ], [ 151.125, -31.625 ] ] ], [ [ [ 151.375, -31.375 ], [ 151.375, -30.625 ], [ 151.625, -30.625 ], [ 151.625, -31.375 ], [ 151.375, -31.375 ] ] ], [ [ [ 151.625, -30.625 ], [ 151.625, -30.125 ], [ 151.875, -30.125 ], [ 151.875, -30.625 ], [ 151.625, -30.625 ] ] ], [ [ [ 153.125, -28.875 ], [ 153.125, -29.125 ], [ 152.875, -29.125 ], [ 152.875, -29.625 ], [ 152.625, -29.625 ], [ 152.625, -29.125 ], [ 152.375, -29.125 ], [ 152.375, -28.375 ], [ 153.375, -28.375 ], [ 153.375, -28.875 ], [ 153.125, -28.875 ] ] ] ] } },
{ "type": "Feature", "properties": { "cluster_id": 78, "cohesion": 8.0470786598598938, "distances": { "1": 29.904490775009315, "2": 27.595017029366318, "3": 22.656300885917013, "4": 25.595263508321704, "5": 24.99261686020674, "6": 27.58269354531941, "7": 32.162256203052685, "8": 29.8770049004656, "9": 28.62604059052758, "10": 32.322646689221585, "11": 30.92249472352991, "12": 27.53305044222448, "13": 25.764140422053785, "14": 22.1516173760384, "15": 24.014120569013656, "16": 23.671491461039686, "17": 25.49621173974292, "18": 26.727415710549696, "19": 30.501633829961857, "20": 26.932177134861195, "21": 24.256112154489674, "22": 24.004595178412494, "23": 22.461113477007096, "24": 25.941564540876637, "25": 24.249405662475482, "26": 23.652725172825015, "27": 20.460874465641048, "28": 20.25510536078122, "29": 16.3683734033341, "30": 22.240197080674772, "31": 24.27898294172213, "32": 25.290847336610998, "33": 27.342594852157674, "34": 29.737825848549345, "35": 23.266196000947303, "36": 18.289493520013195, "37": 20.119896342159386, "38": 22.186375808786998, "39": 23.16511475026222, "40": 25.933796779407142, "41": 28.487070782899906, "42": 25.458045062091525, "43": 24.58658647509366, "44": 25.649732270060344, "45": 28.742475378888653, "46": 26.71106763288583, "47": 28.523828739096636, "48": 32.4758469104384, "49": 28.524526457501352, "50": 30.924221209725978, "51": 28.536869961940415, "52": 28.397221035992366, "53": 31.512688259995734, "54": 23.929861700757435, "55": 24.160807378486663, "56": 27.29061250055086, "57": 25.91017054206763, "58": 29.52517291529112, "59": 30.822681720082073, "60": 27.66123812060116, "61": 23.32273494913632, "62": 20.998259667120927, "63": 21.395296193228734, "64": 24.556214236930227, "65": 23.76786787833502, "66": 26.560652567151077, "67": 27.738686637132954, "68": 20.90255298150478, "69": 21.310927355793467, "70": 23.507323345057326, "71": 22.659653061153804, "72": 18.365306868277976, "73": 19.12710651731343, "74": 19.42223217393622, "75": 13.667429681425642, "76": 13.2279992805255, "77": 13.201093440069725, "79": 21.10847906062463, "80": 18.373467064093767, "81": 17.175402379862764, "82": 13.278136641531283, "83": 21.801023232351657, "84": 24.47733795132361, "85": 23.73932164217556, "86": 17.405528092505616, "87": 15.986737592043019, "88": 20.009990210275916, "89": 19.785027249094792, "90": 20.17400831174251, "91": 21.25106293879168, "92": 22.87154993432835, "93": 23.38913791393217, "94": 18.335230604066872, "95": 21.053113760072584, "96": 21.22230514127892, "97": 22.073171610134057, "98": 22.182430074594787, "99": 21.76655825966613, "100": 21.924488833713813 } }, "geometry": { "type": "MultiPolygon", "coordinates": [ [ [ [ 150.625, -36.375 ], [ 150.375, -36.375 ], [ 150.375, -37.375 ], [ 150.125, -37.375 ], [ 150.125, -37.625 ], [ 149.875, -37.625 ], [ 149.875, -37.875 ], [ 149.625, -37.875 ], [ 149.625, -38.125 ], [ 148.625, -38.125 ], [ 148.625, -37.875 ], [ 148.875, -37.875 ], [ 148.875, -37.625 ], [ 149.375, -37.625 ], [ 149.375, -37.375 ], [ 149.625, -37.375 ], [ 149.625, -36.875 ], [ 149.875, -36.875 ], [ 149.875, -36.375 ], [ 150.125, -36.375 ], [ 150.125, -35.875 ], [ 150.375, -35.875 ], [ 150.375, -35.375 ], [ 150.625, -35.375 ], [ 150.625, -36.375 ] ] ], [ [ [ 150.625, -35.375 ], [ 150.625, -35.125 ], [ 150.875, -35.125 ], [ 150.875, -35.375 ], [ 150.625, -35.375 ] ] ], [ [ [ 151.125, -33.625 ], [ 151.125, -33.375 ], [ 151.375, -33.375 ], [ 151.375, -32.875 ], [ 151.875, -32.875 ], [ 151.875, -32.375 ], [ 152.125, -32.375 ], [ 152.125, -31.875 ], [ 152.375, -31.875 ], [ 152.375, -31.625 ], [ 152.625, -31.625 ], [ 152.625, -31.125 ], [ 152.875, -31.125 ], [ 152.875, -30.375 ], [ 153.125, -30.375 ], [ 153.125, -30.125 ], [ 153.375, -30.125 ], [ 153.375, -31.375 ], [ 153.125, -31.375 ], [ 153.125, -31.875 ], [ 152.875, -31.875 ], [ 152.875, -32.375 ], [ 152.625, -32.375 ], [ 152.625, -32.625 ], [ 152.375, -32.625 ], [ 152.375, -32.875 ], [ 152.125, -32.875 ], [ 152.125, -33.125 ], [ 151.875, -33.125 ], [ 151.875, -33.375 ], [ 151.625, -33.375 ], [ 151.625, -34.125 ], [ 151.375, -34.125 ], [ 151.375, -34.375 ], [ 151.125, -34.375 ], [ 151.125, -35.125 ], [ 150.875, -35.125 ], [ 150.875, -33.625 ], [ 151.125, -33.625 ] ] ] ] } },
{ "type": "Feature", "properties": { "cluster_id": 79, "cohesion": 8.467567179143936, "distances": { "1": 28.091036327355468, "2": 29.45668922137861, "3": 29.266891006169796, "4": 28.639992249970263, "5": 24.54758420106581, "6": 27.89293519435349, "7": 34.36796579746387, "8": 33.28855775759165, "9": 33.689959252100884, "10": 37.15411395496346, "11": 37.21248570060257, "12": 33.70178358968398, "13": 35.46381709018248, "14": 33.2212750021721, "15": 31.24356835138399, "16": 34.62127545436955, "17": 37.010713914383395, "18": 33.20327389448038, "19": 38.706391934648046, "20": 36.51815637239467, "21": 32.66607297585373, "22": 29.794864118533347, "23": 27.474245400009544, "24": 30.212618379105436, "25": 31.328668305676302, "26": 28.216200943808115, "27": 27.666480945067644, "28": 28.803920285578666, "29": 16.392707792243048, "30": 18.57839115307983, "31": 12.645548270390204, "32": 18.35664421995313, "33": 25.817565041874232, "34": 31.138720384454846, "35": 32.82748451679253, "36": 23.739260023878295, "37": 30.668407890296173, "38": 27.61976759588541, "39": 23.703763388382907, "40": 23.019541730612662, "41": 32.023413582455014, "42": 30.94309233103692, "43": 28.88437125448237, "44": 28.378625847504523, "45": 37.22091572491462, "46": 32.5547714887374, "47": 34.7988174177199, "48": 39.40859333110536, "49": 38.49804061510942, "50": 39.50837436696854, "51": 34.19183301599686, "52": 32.30913049945157, "53": 38.86009684084004, "54": 34.882890001480924, "55": 36.879291049112474, "56": 35.18556409228621, "57": 35.89165131447791, "58": 35.81796666628157, "59": 39.65227190972056, "60": 37.413442260688434, "61": 32.67893047282163, "62": 28.45907390122881, "63": 27.21000296914003, "64": 33.42614273354246, "65": 32.30753767874353, "66": 36.53313994247773, "67": 37.144858537303136, "68": 29.72664815482577, "69": 29.732519095817132, "70": 30.142940677034264, "71": 27.368321394595984, "72": 27.397055564131197, "73": 29.859844685848252, "74": 30.983671148866325, "75": 24.6797958360684, "76": 17.766469484810035, "77": 21.291060466251867, "78": 21.10847906062463, "80": 14.35211834124479, "81": 12.309558424808282, "82": 16.38652022041569, "83": 34.97341729132643, "84": 36.38918939007715, "85": 36.002047317174494, "86": 28.58605485908964, "87": 27.155671240123112, "88": 30.458322526677307, "89": 31.321482885589376, "90": 32.72871018260479, "91": 34.30122119432917, "92": 36.56155509544458, "93": 36.75463392692573, "94": 24.5461576936749, "95": 26.52664992121202, "96": 29.00113205477247, "97": 31.40728052353331, "98": 34.14584273261607, "99": 34.06833714531741, "100": 31.259501266665456 } }, "geometry": { "type": "Polygon", "coordinates": [ [ [ 149.125, -35.375 ], [ 149.125, -35.625 ], [ 148.375, -35.625 ], [ 148.375, -36.375 ], [ 148.125, -36.375 ], [ 148.125, -36.625 ], [ 147.625, -36.625 ], [ 147.625, -36.875 ], [ 146.875, -36.875 ], [ 146.875, -37.125 ], [ 146.375, -37.125 ], [ 146.375, -37.375 ], [ 146.125, -37.375 ], [ 146.125, -37.625 ], [ 144.875, -37.625 ], [ 144.875, -37.375 ], [ 144.125, -37.375 ], [ 144.125, -37.625 ], [ 142.125, -37.625 ], [ 142.125, -37.875 ], [ 141.625, -37.875 ], [ 141.625, -38.125 ], [ 140.625, -38.125 ], [ 140.625, -38.375 ], [ 141.125, -38.375 ], [ 141.125, -38.625 ], [ 142.625, -38.625 ], [ 142.625, -38.875 ], [ 143.125, -38.875 ], [ 143.125, -39.125 ], [ 143.875, -39.125 ], [ 143.875, -38.875 ], [ 144.125, -38.875 ], [ 144.125, -38.625 ], [ 144.375, -38.625 ], [ 144.375, -38.375 ], [ 145.125, -38.375 ], [ 145.125, -38.625 ], [ 145.375, -38.625 ], [ 145.375, -38.875 ], [ 146.375, -38.875 ], [ 146.375, -38.625 ], [ 145.625, -38.625 ], [ 145.625, -38.375 ], [ 145.875, -38.375 ], [ 145.875, -38.125 ], [ 146.125, -38.125 ], [ 146.125, -37.875 ], [ 147.125, -37.875 ], [ 147.125, -37.625 ], [ 148.625, -37.625 ], [ 148.625, -36.625 ], [ 148.875, -36.625 ], [ 148.875, -36.375 ], [ 149.375, -36.375 ], [ 149.375, -35.875 ], [ 149.625, -35.875 ], [ 149.625, -35.375 ], [ 149.125, -35.375 ] ] ] } },
{ "type": "Feature", "properties": { "cluster_id": 80, "cohesion": 6.8898779192984287, "distances": { "1": 24.443430877784156, "2": 25.689613909137215, "3": 24.952993390605673, "4": 23.822209914213815, "5": 20.814595270650315, "6": 23.843120060148674, "7": 31.062020544118266, "8": 29.49798747366754, "9": 30.33962724650273, "10": 33.555406193351125, "11": 33.38464016674564, "12": 28.949937897707393, "13": 30.420085687008466, "14": 28.017896383008747, "15": 26.362434004422525, "16": 30.407265529394785, "17": 31.619432445299964, "18": 30.301327264181296, "19": 34.03414161660487, "20": 31.970114346530277, "21": 29.4626510188728, "22": 27.580778398283343, "23": 25.69210182561208, "24": 25.967904744603626, "25": 27.816550386143984, "26": 24.7851453560383, "27": 24.84761701404605, "28": 24.01173400490525, "29": 20.221787596943116, "30": 23.05841546193268, "31": 18.98783203485686, "32": 23.413231320190278, "33": 26.6982625570379, "34": 30.93439249599289, "35": 31.833302169295578, "36": 26.24470294703394, "37": 30.227843639657518, "38": 29.721487373362812, "39": 27.430102383370773, "40": 26.869325838112385, "41": 31.87343841592519, "42": 31.314018259526065, "43": 24.152924141540936, "44": 23.174604770270072, "45": 30.570488074093568, "46": 25.934803281029968, "47": 29.059509432129925, "48": 34.10789120847117, "49": 32.42406653772026, "50": 34.16364006268568, "51": 29.3543249579886, "52": 29.425175137199293, "53": 34.43656756101567, "54": 31.121384733247133, "55": 31.7984662441683, "56": 32.79472564232416, "57": 32.93369202896878, "58": 32.72416057387652, "59": 35.05277404430849, "60": 32.88692730993043, "61": 28.57060925396909, "62": 25.782664674588986, "63": 24.595799814929336, "64": 29.553906531149757, "65": 28.90320369607648, "66": 31.280854801108465, "67": 32.87921949351532, "68": 26.1331069351047, "69": 26.506562574147107, "70": 25.75195339930597, "71": 23.473023123714047, "72": 23.762762970705346, "73": 26.816812074287864, "74": 26.74446934416875, "75": 22.120283175390004, "76": 19.034604571020335, "77": 21.956475981307367, "78": 18.373467064093767, "79": 14.352118341244793, "81": 14.725716881898155, "82": 14.691063049953078, "83": 30.17741361951004, "84": 31.934353258025645, "85": 32.151190068068686, "86": 26.530363659171943, "87": 26.367992060226673, "88": 28.65244722471494, "89": 29.1547571760972, "90": 28.2739624502642, "91": 29.10693151374775, "92": 31.340278436089914, "93": 31.28902399862061, "94": 21.730803819793156, "95": 24.610861764400102, "96": 26.509034000061998, "97": 28.395832479700868, "98": 30.035139103503894, "99": 30.00051375794148, "100": 28.11164109968001 } }, "geometry": { "type": "Polygon", "coordinates": [ [ [ 144.875, -40.375 ], [ 144.875, -40.625 ], [ 144.625, -40.625 ], [ 144.625, -40.875 ], [ 144.375, -40.875 ], [ 144.375, -41.375 ], [ 144.625, -41.375 ], [ 144.625, -41.875 ], [ 144.875, -41.875 ], [ 144.875, -42.125 ], [ 145.125, -42.125 ], [ 145.125, -42.375 ], [ 144.875, -42.375 ], [ 144.875, -42.625 ], [ 145.125, -42.625 ], [ 145.125, -42.875 ], [ 145.375, -42.875 ], [ 145.375, -43.125 ], [ 145.625, -43.125 ], [ 145.625, -43.375 ], [ 145.875, -43.375 ], [ 145.875, -43.625 ], [ 147.125, -43.625 ], [ 147.125, -43.375 ], [ 147.375, -43.375 ], [ 147.375, -43.125 ], [ 147.875, -43.125 ], [ 147.875, -42.875 ], [ 148.125, -42.875 ], [ 148.125, -42.625 ], [ 148.375, -42.625 ], [ 148.375, -42.125 ], [ 148.625, -42.125 ], [ 148.625, -40.875 ], [ 148.375, -40.875 ], [ 148.375, -40.625 ], [ 148.125, -40.625 ], [ 148.125, -40.375 ], [ 147.875, -40.375 ], [ 147.875, -40.625 ], [ 146.625, -40.625 ], [ 146.625, -40.875 ], [ 146.125, -40.875 ], [ 146.125, -40.625 ], [ 145.125, -40.625 ], [ 145.125, -40.375 ], [ 144.875, -40.375 ] ] ] } },
{ "type": "Feature", "properties": { "cluster_id": 81, "cohesion": 6.9068921227008273, "distances": { "1": 28.15285611449917, "2": 28.193860825819563, "3": 28.922787469051787, "4": 29.50163744319149, "5": 26.096748475003647, "6": 28.508052240549077, "7": 30.626623897433117, "8": 29.89234728602539, "9": 29.44491415245748, "10": 32.18388119406119, "11": 31.740743566502932, "12": 30.15026079462974, "13": 30.757211186328586, "14": 30.37859398327789, "15": 29.380950251818067, "16": 29.72116898586602, "17": 32.00712545175837, "18": 28.628513190026922, "19": 32.8951474322701, "20": 30.99860545785567, "21": 27.988557124216133, "22": 25.792424656241707, "23": 23.80596376224118, "24": 27.504912360499322, "25": 27.79052284182464, "26": 25.188082909704008, "27": 24.693317288920916, "28": 26.83493425151553, "29": 16.557055653801218, "30": 22.52890633890764, "31": 20.029468310526706, "32": 24.52015248467316, "33": 31.01286351016519, "34": 35.46906938810199, "35": 33.13486382477964, "36": 23.770675190166248, "37": 30.004874737321256, "38": 28.988044052497465, "39": 26.527664850483635, "40": 27.794430420473642, "41": 35.24432564443723, "42": 32.822303040736934, "43": 29.432686036928303, "44": 28.4726766522663, "45": 36.714097207445754, "46": 32.07142526850138, "47": 35.192537149764355, "48": 40.6262412245107, "49": 37.86451758115085, "50": 39.82709816720064, "51": 35.76475160123647, "52": 35.54526517404987, "53": 40.75121956020407, "54": 33.892281491260945, "55": 35.668197779253106, "56": 36.741054237426965, "57": 36.46880616365531, "58": 38.365991927835935, "59": 40.476246999622106, "60": 37.927750946080955, "61": 32.45573184050277, "62": 28.28650752164303, "63": 28.397335566613407, "64": 32.75378240354587, "65": 31.539587435626977, "66": 35.817974609733085, "67": 37.06839273735984, "68": 29.73079995278806, "69": 30.449943058447516, "70": 30.940579855518287, "71": 28.7857548351613, "72": 25.960695357420946, "73": 28.86151067081528, "74": 28.99244088012399, "75": 21.26628414104367, "76": 11.938963179987475, "77": 17.89558101052789, "78": 17.17540237986276, "79": 12.309558424808282, "80": 14.725716881898155, "82": 10.236659712726663, "83": 33.24552058936332, "84": 35.758035805869675, "85": 35.1864161580075, "86": 26.940403942241335, "87": 25.020839281606968, "88": 30.633359563537038, "89": 30.849277987919116, "90": 31.42051929719396, "91": 31.60659845265895, "92": 33.902330636718844, "93": 32.56324836929267, "94": 23.869595682058588, "95": 23.847586790756907, "96": 27.211966573367064, "97": 27.88381390875896, "98": 30.01190260376099, "99": 31.285397504667916, "100": 29.41290026465107 } }, "geometry": { "type": "MultiPolygon", "coordinates": [ [ [ [ 148.375, -37.625 ], [ 148.375, -37.875 ], [ 147.625, -37.875 ], [ 147.625, -38.125 ], [ 147.125, -38.125 ], [ 147.125, -38.375 ], [ 146.625, -38.375 ], [ 146.625, -38.625 ], [ 145.625, -38.625 ], [ 145.625, -38.375 ], [ 145.875, -38.375 ], [ 145.875, -38.125 ], [ 146.125, -38.125 ], [ 146.125, -37.875 ], [ 147.125, -37.875 ], [ 147.125, -37.625 ], [ 148.375, -37.625 ] ] ], [ [ [ 150.625, -33.125 ], [ 150.625, -33.625 ], [ 150.375, -33.625 ], [ 150.375, -33.875 ], [ 150.125, -33.875 ], [ 150.125, -34.625 ], [ 150.625, -34.625 ], [ 150.625, -35.125 ], [ 150.375, -35.125 ], [ 150.375, -35.625 ], [ 150.125, -35.625 ], [ 150.125, -35.875 ], [ 149.875, -35.875 ], [ 149.875, -36.125 ], [ 149.625, -36.125 ], [ 149.625, -36.375 ], [ 149.375, -36.375 ], [ 149.375, -35.875 ], [ 149.625, -35.875 ], [ 149.625, -35.375 ], [ 149.125, -35.375 ], [ 149.125, -35.625 ], [ 148.625, -35.625 ], [ 148.625, -35.375 ], [ 148.875, -35.375 ], [ 148.875, -35.125 ], [ 149.375, -35.125 ], [ 149.375, -34.875 ], [ 149.625, -34.875 ], [ 149.625, -34.125 ], [ 149.875, -34.125 ], [ 149.875, -33.625 ], [ 150.125, -33.625 ], [ 150.125, -33.375 ], [ 150.375, -33.375 ], [ 150.375, -33.125 ], [ 150.625, -33.125 ] ] ] ] } },
{ "type": "Feature", "properties": { "cluster_id": 82, "cohesion": 8.1189471840081691, "distances": { "1": 27.955633239750455, "2": 26.786382834777235, "3": 26.201963904060307, "4": 27.725049515166155, "5": 25.526403918407908, "6": 27.573570797986676, "7": 29.219866446512388, "8": 27.9886782726814, "9": 27.176381542550022, "10": 29.902426722669208, "11": 28.983906674565443, "12": 27.24606022714183, "13": 26.83383561269958, "14": 26.214437621779407, "15": 26.265109883299402, "16": 25.78069505881807, "17": 27.672573196199533, "18": 26.130571714435348, "19": 29.481245190256505, "20": 27.269297140865273, "21": 24.942193565468244, "22": 23.766066698591516, "23": 22.234188880525146, "24": 25.377399454109486, "25": 25.012186981512766, "26": 23.112081303109807, "27": 22.202045863248113, "28": 23.629666908688513, "29": 17.34697685725071, "30": 23.777784833684393, "31": 23.08253864908235, "32": 26.541311987755503, "33": 31.1850380699929, "34": 34.8875049089297, "35": 30.487308867086576, "36": 22.80228765841208, "37": 27.213646585378985, "38": 27.8458595587564, "39": 26.782195693358087, "40": 28.847835467140943, "41": 34.27825857865187, "42": 31.447921871717178, "43": 27.217979971772003, "44": 26.653815391468957, "45": 33.363940172096456, "46": 29.31787553652408, "47": 32.379591832343415, "48": 37.83914942796284, "49": 34.34563691243304, "50": 36.6996525816806, "51": 33.27103086384637, "52": 33.82611558207739, "53": 38.00010982311771, "54": 30.4519238794176, "55": 31.561909028989316, "56": 34.38087802591412, "57": 33.47305118472361, "58": 36.19347998070486, "59": 37.417954577870375, "60": 34.62504833174789, "61": 29.576457758178844, "62": 26.097549431293213, "63": 26.59285351351534, "64": 29.969818763699134, "65": 28.885383084592952, "66": 32.499664179670106, "67": 33.99807879743648, "68": 26.605577071618498, "69": 27.627954456376692, "70": 28.29041051842556, "71": 26.76812819008126, "72": 22.78499971068275, "73": 25.42111838068703, "74": 24.953434959927634, "75": 17.814033551787443, "76": 11.133566060457433, "77": 16.143252093169053, "78": 13.278136641531283, "79": 16.38652022041569, "80": 14.691063049953076, "81": 10.236659712726665, "83": 28.927859011876883, "84": 31.98461441620154, "85": 31.381886157691977, "86": 23.659701965902492, "87": 22.13832682862884, "88": 27.666484884640386, "89": 27.476863560202936, "90": 27.236683692280675, "91": 27.086379514795688, "92": 29.41351269098339, "93": 27.907110572840256, "94": 21.87729453170628, "95": 22.20884717788518, "96": 24.899185071757884, "97": 24.819220264055687, "98": 25.951465678085956, "99": 27.331242286171026, "100": 26.50135489413985 } }, "geometry": { "type": "MultiPolygon", "coordinates": [ [ [ [ 148.625, -37.875 ], [ 148.625, -38.125 ], [ 148.125, -38.125 ], [ 148.125, -38.375 ], [ 147.375, -38.375 ], [ 147.375, -38.625 ], [ 147.125, -38.625 ], [ 147.125, -38.875 ], [ 146.625, -38.875 ], [ 146.625, -39.125 ], [ 145.875, -39.125 ], [ 145.875, -38.875 ], [ 146.375, -38.875 ], [ 146.375, -38.625 ], [ 146.625, -38.625 ], [ 146.625, -38.375 ], [ 147.125, -38.375 ], [ 147.125, -38.125 ], [ 147.625, -38.125 ], [ 147.625, -37.875 ], [ 148.375, -37.875 ], [ 148.375, -37.625 ], [ 148.875, -37.625 ], [ 148.875, -37.875 ], [ 148.625, -37.875 ] ] ], [ [ [ 149.125, -37.375 ], [ 149.125, -36.875 ], [ 149.375, -36.875 ], [ 149.375, -36.625 ], [ 149.625, -36.625 ], [ 149.625, -36.375 ], [ 149.875, -36.375 ], [ 149.875, -36.875 ], [ 149.625, -36.875 ], [ 149.625, -37.375 ], [ 149.375, -37.375 ], [ 149.375, -37.625 ], [ 148.875, -37.625 ], [ 148.875, -37.375 ], [ 149.125, -37.375 ] ] ], [ [ [ 150.375, -35.375 ], [ 150.375, -35.125 ], [ 150.625, -35.125 ], [ 150.625, -35.375 ], [ 150.375, -35.375 ] ] ], [ [ [ 150.875, -34.125 ], [ 150.875, -35.125 ], [ 150.625, -35.125 ], [ 150.625, -34.625 ], [ 150.125, -34.625 ], [ 150.125, -33.875 ], [ 150.625, -33.875 ], [ 150.625, -34.125 ], [ 150.875, -34.125 ] ] ], [ [ [ 151.375, -32.625 ], [ 151.375, -32.125 ], [ 151.875, -32.125 ], [ 151.875, -32.625 ], [ 151.375, -32.625 ] ] ] ] } },
{ "type": "Feature", "properties": { "cluster_id": 83, "cohesion": 6.0394918107731366, "distances": { "1": 37.52977103135783, "2": 35.97555769071773, "3": 27.515014304242353, "4": 30.96807696090072, "5": 31.601476890188916, "6": 34.36880883577052, "7": 41.90023261800066, "8": 39.26173320686421, "9": 37.831842834946826, "10": 41.17941691059556, "11": 38.51101989534333, "12": 33.97790608279634, "13": 28.973379116973824, "14": 22.035026746011532, "15": 28.626462295414036, "16": 26.51667843116018, "17": 24.497136694855044, "18": 35.053011704221774, "19": 35.22276156422871, "20": 30.72268360573682, "21": 30.19232372062231, "22": 33.00924627748153, "23": 31.859206774594877, "24": 35.06429473361748, "25": 32.86690992879094, "26": 32.76101426910082, "27": 29.731477990632218, "28": 28.071312732090398, "29": 27.54847708615603, "30": 30.681788637417238, "31": 34.96267259339276, "32": 33.486045924999026, "33": 31.813863759666475, "34": 31.73567846553023, "35": 17.068210340048545, "36": 24.99624563493917, "37": 17.910300458803203, "38": 23.959608705489817, "39": 28.75462463691712, "40": 31.693985850282253, "41": 29.06165793459607, "42": 24.433290635490895, "43": 29.679288022805068, "44": 33.26748128625558, "45": 32.15182007022885, "46": 32.781861984405474, "47": 31.73229666603706, "48": 33.98983633612379, "49": 30.600763053734703, "50": 32.10087322379591, "51": 30.643356911602506, "52": 29.918020334559742, "53": 30.47822762858614, "54": 23.121268188268424, "55": 18.035241197899538, "56": 24.218880114407767, "57": 18.815292216451667, "58": 28.52703877406814, "59": 30.24591686871535, "60": 25.61343879403633, "61": 26.34534391018877, "62": 26.25565326398957, "63": 26.092258794458395, "64": 28.458842687978013, "65": 27.41931963443294, "66": 29.236432116278984, "67": 28.271354346309955, "68": 23.37810544743146, "69": 23.642709351748945, "70": 27.06175273854879, "71": 26.9350424842866, "72": 24.63000725400944, "73": 22.465460145237167, "74": 20.365227925092835, "75": 22.80114742081877, "76": 28.605939980413638, "77": 23.968882939804644, "78": 21.801023232351657, "79": 34.97341729132643, "80": 30.17741361951004, "81": 33.24552058936333, "82": 28.92785901187688, "84": 14.887446550656682, "85": 10.435702168846268, "86": 21.62046124352896, "87": 19.49591102379165, "88": 20.43617339047076, "89": 14.788177371721911, "90": 10.744781024429201, "91": 12.20064390449018, "92": 11.938702851037998, "93": 18.23331123764339, "94": 26.108787250485207, "95": 29.82976929818293, "96": 27.30144225325343, "97": 26.5124762566243, "98": 23.232795964836836, "99": 21.024099572367284, "100": 25.239922983069224 } }, "geometry": { "type": "Polygon", "coordinates": [ [ [ 139.875, -24.625 ], [ 139.875, -25.125 ], [ 140.125, -25.125 ], [ 140.125, -25.375 ], [ 140.375, -25.375 ], [ 140.375, -25.625 ], [ 140.125, -25.625 ], [ 140.125, -26.125 ], [ 140.375, -26.125 ], [ 140.375, -26.375 ], [ 141.375, -26.375 ], [ 141.375, -26.625 ], [ 141.625, -26.625 ], [ 141.625, -26.875 ], [ 142.375, -26.875 ], [ 142.375, -27.125 ], [ 143.375, -27.125 ], [ 143.375, -27.375 ], [ 144.125, -27.375 ], [ 144.125, -27.875 ], [ 144.625, -27.875 ], [ 144.625, -27.375 ], [ 145.125, -27.375 ], [ 145.125, -26.875 ], [ 144.375, -26.875 ], [ 144.375, -26.625 ], [ 143.875, -26.625 ], [ 143.875, -26.375 ], [ 143.625, -26.375 ], [ 143.625, -26.125 ], [ 143.125, -26.125 ], [ 143.125, -26.375 ], [ 142.625, -26.375 ], [ 142.625, -26.125 ], [ 142.375, -26.125 ], [ 142.375, -25.625 ], [ 142.125, -25.625 ], [ 142.125, -25.375 ], [ 141.875, -25.375 ], [ 141.875, -25.625 ], [ 141.625, -25.625 ], [ 141.625, -25.375 ], [ 141.375, -25.375 ], [ 141.375, -25.125 ], [ 140.875, -25.125 ], [ 140.875, -24.875 ], [ 140.625, -24.875 ], [ 140.625, -24.625 ], [ 139.875, -24.625 ] ] ] } },
{ "type": "Feature", "properties": { "cluster_id": 84, "cohesion": 6.3076563802132464, "distances": { "1": 42.4568961301176, "2": 41.551579659512555, "3": 32.29919668112642, "4": 35.032126206304596, "5": 35.009062269712906, "6": 38.946822179901396, "7": 47.378921367644615, "8": 45.305576730471955, "9": 43.1815531239204, "10": 47.36478794956607, "11": 44.92665673302825, "12": 40.751358206169535, "13": 36.263953935996184, "14": 29.503554857776596, "15": 34.84211404487246, "16": 30.374698948209748, "17": 30.955058387785854, "18": 39.461761031961345, "19": 41.859418295851704, "20": 36.24842609261648, "21": 33.85350643474395, "22": 36.252562347131345, "23": 33.97090831648901, "24": 39.35300493029137, "25": 36.70189276558292, "26": 37.32995509804989, "27": 31.998067052524906, "28": 29.84751008973906, "29": 27.523529799846795, "30": 28.40061716421071, "31": 35.05187815166867, "32": 31.671651109492107, "33": 28.936131544071987, "34": 25.97196645199518, "35": 15.773683328653624, "36": 25.427500222442397, "37": 20.416422650649494, "38": 23.119597345110552, "39": 26.113842794618765, "40": 27.958411202586742, "41": 21.641849054001423, "42": 18.681034689507435, "43": 30.746185758076646, "44": 34.91718845810805, "45": 30.3738560614725, "46": 33.16206257577603, "47": 31.273855702023365, "48": 30.132748222999368, "49": 27.041275761983123, "50": 27.17883652739175, "51": 29.2734843320334, "52": 26.996417167828533, "53": 25.18615722310001, "54": 16.757961487769066, "55": 11.1567851437006, "56": 15.380776666090831, "57": 10.111781015551047, "58": 22.088838653931248, "59": 23.633377317484815, "60": 18.7081968611182, "61": 23.102767282788314, "62": 24.152934896489093, "63": 24.405802961366028, "64": 24.31933502125828, "65": 22.916202926457924, "66": 25.24391123284918, "67": 21.675530815066857, "68": 27.962708771601488, "69": 26.63033570331231, "70": 30.86730841468683, "71": 30.022010424542003, "72": 30.028479133471436, "73": 27.58845927047297, "74": 27.38201560466344, "75": 28.252307772750974, "76": 32.3452080554916, "77": 27.33455693230304, "78": 24.477337951323605, "79": 36.38918939007714, "80": 31.934353258025645, "81": 35.758035805869675, "82": 31.98461441620154, "83": 14.88744655065668, "85": 10.060867216042315, "86": 26.73686970794675, "87": 23.912549279127393, "88": 23.314999676369688, "89": 19.655254517054377, "90": 19.82235168416753, "91": 21.337750672810415, "92": 13.261327629141439, "93": 22.233141073962756, "94": 26.284567475950396, "95": 30.535897522893688, "96": 25.76938239002857, "97": 27.388189312864494, "98": 24.85918147609943, "99": 18.690244654427058, "100": 22.20152360774016 } }, "geometry": { "type": "MultiPolygon", "coordinates": [ [ [ [ 135.875, -23.375 ], [ 135.875, -23.625 ], [ 136.375, -23.625 ], [ 136.375, -23.875 ], [ 136.625, -23.875 ], [ 136.625, -24.125 ], [ 137.125, -24.125 ], [ 137.125, -24.375 ], [ 137.375, -24.375 ], [ 137.375, -24.625 ], [ 137.875, -24.625 ], [ 137.875, -24.875 ], [ 138.375, -24.875 ], [ 138.375, -25.125 ], [ 137.125, -25.125 ], [ 137.125, -24.875 ], [ 136.875, -24.875 ], [ 136.875, -25.375 ], [ 137.125, -25.375 ], [ 137.125, -25.625 ], [ 137.625, -25.625 ], [ 137.625, -25.875 ], [ 138.125, -25.875 ], [ 138.125, -26.375 ], [ 138.375, -26.375 ], [ 138.375, -26.625 ], [ 138.625, -26.625 ], [ 138.625, -27.125 ], [ 138.375, -27.125 ], [ 138.375, -27.375 ], [ 137.875, -27.375 ], [ 137.875, -27.125 ], [ 137.625, -27.125 ], [ 137.625, -26.875 ], [ 137.375, -26.875 ], [ 137.375, -26.625 ], [ 137.125, -26.625 ], [ 137.125, -26.125 ], [ 136.875, -26.125 ], [ 136.875, -25.875 ], [ 136.625, -25.875 ], [ 136.625, -25.625 ], [ 136.125, -25.625 ], [ 136.125, -25.375 ], [ 135.875, -25.375 ], [ 135.875, -25.125 ], [ 135.625, -25.125 ], [ 135.625, -24.875 ], [ 134.625, -24.875 ], [ 134.625, -24.625 ], [ 134.375, -24.625 ], [ 134.375, -24.375 ], [ 134.125, -24.375 ], [ 134.125, -24.125 ], [ 134.375, -24.125 ], [ 134.375, -23.875 ], [ 134.625, -23.875 ], [ 134.625, -23.625 ], [ 134.375, -23.625 ], [ 134.375, -23.375 ], [ 135.875, -23.375 ] ] ], [ [ [ 133.875, -23.625 ], [ 133.875, -23.875 ], [ 133.625, -23.875 ], [ 133.625, -23.625 ], [ 133.875, -23.625 ] ] ] ] } },
{ "type": "Feature", "properties": { "cluster_id": 85, "cohesion": 6.4994500377217417, "distances": { "1": 41.47401358236685, "2": 40.356532034150305, "3": 31.258046200277963, "4": 34.3041082855298, "5": 34.47545111949677, "6": 38.03118575058117, "7": 46.53042817047272, "8": 44.17769270374897, "9": 42.37795294558441, "10": 46.336550865840266, "11": 43.86056945785477, "12": 39.371992890876946, "13": 34.85499334555003, "14": 27.754421933633548, "15": 33.51978162197139, "16": 30.435086593519728, "17": 29.974125999644205, "18": 39.0721385737077, "19": 40.82648920445425, "20": 35.66186613844238, "21": 33.90036469893469, "22": 36.23542805263022, "23": 34.36486606088689, "24": 38.88933699618836, "25": 36.443912510192916, "26": 36.7192639390315, "27": 32.24044468145198, "28": 30.347250146679055, "29": 26.6492548844148, "30": 28.372934610371505, "31": 34.7314011799142, "32": 31.755110682486723, "33": 29.79938903268582, "34": 28.123351805371026, "35": 12.361819678694138, "36": 23.428473813027896, "37": 16.485086874020215, "38": 20.827704313237938, "39": 25.48885706046907, "40": 28.41864876542806, "41": 24.094342007708985, "42": 18.974872691579385, "43": 31.233197197761825, "44": 35.450159149387716, "45": 32.70550435092471, "46": 34.50791940623718, "47": 32.69952143519059, "48": 32.90496864747216, "49": 30.012610972021694, "50": 30.513885192187676, "51": 30.653161021999022, "52": 28.460968844052818, "53": 28.040658958263375, "54": 20.3606662525913, "55": 15.259393991242144, "56": 18.877814480711958, "57": 12.487277691593661, "58": 25.09683688504941, "59": 27.322388943113367, "60": 22.39573231084364, "61": 25.402219193524328, "62": 25.86598770065951, "63": 25.67023729141924, "64": 27.303195819472258, "65": 26.014532853444027, "66": 28.298544206306914, "67": 25.526204803757068, "68": 26.637663855165084, "69": 25.604452223687346, "70": 29.841599242733306, "71": 29.379965198861672, "72": 28.081300175211112, "73": 25.70630422757383, "74": 25.359406473389612, "75": 25.990766748854238, "76": 30.800906541878785, "77": 25.128437725992256, "78": 23.739321642175554, "79": 36.002047317174494, "80": 32.151190068068686, "81": 35.18641615800751, "82": 31.381886157691977, "83": 10.43570216884627, "84": 10.060867216042316, "86": 24.11539972248617, "87": 20.609795438765374, "88": 21.271458170471778, "89": 15.78070710957217, "90": 16.27570404008266, "91": 18.642065083570884, "92": 13.48649815646046, "93": 22.171817435925057, "94": 27.142160949242918, "95": 31.420430386910944, "96": 27.578425455442126, "97": 28.471013613956966, "98": 25.815052153866638, "99": 21.044832717607587, "100": 24.727748120054056 } }, "geometry": { "type": "Polygon", "coordinates": [ [ [ 136.875, -24.875 ], [ 136.875, -25.375 ], [ 137.125, -25.375 ], [ 137.125, -25.625 ], [ 137.625, -25.625 ], [ 137.625, -25.875 ], [ 138.125, -25.875 ], [ 138.125, -26.375 ], [ 138.375, -26.375 ], [ 138.375, -26.625 ], [ 138.625, -26.625 ], [ 138.625, -27.375 ], [ 139.375, -27.375 ], [ 139.375, -27.125 ], [ 139.875, -27.125 ], [ 139.875, -27.375 ], [ 140.125, -27.375 ], [ 140.125, -27.625 ], [ 140.375, -27.625 ], [ 140.375, -28.375 ], [ 141.625, -28.375 ], [ 141.625, -28.625 ], [ 142.125, -28.625 ], [ 142.125, -28.375 ], [ 142.625, -28.375 ], [ 142.625, -28.125 ], [ 143.125, -28.125 ], [ 143.125, -28.625 ], [ 143.375, -28.625 ], [ 143.375, -28.875 ], [ 143.625, -28.875 ], [ 143.625, -28.625 ], [ 144.375, -28.625 ], [ 144.375, -28.375 ], [ 144.625, -28.375 ], [ 144.625, -27.875 ], [ 144.125, -27.875 ], [ 144.125, -27.375 ], [ 143.375, -27.375 ], [ 143.375, -27.125 ], [ 142.375, -27.125 ], [ 142.375, -26.875 ], [ 141.625, -26.875 ], [ 141.625, -26.625 ], [ 141.375, -26.625 ], [ 141.375, -26.375 ], [ 140.375, -26.375 ], [ 140.375, -26.125 ], [ 140.125, -26.125 ], [ 140.125, -25.875 ], [ 139.625, -25.875 ], [ 139.625, -25.375 ], [ 138.875, -25.375 ], [ 138.875, -25.125 ], [ 138.625, -25.125 ], [ 138.625, -24.875 ], [ 138.375, -24.875 ], [ 138.375, -25.125 ], [ 137.125, -25.125 ], [ 137.125, -24.875 ], [ 136.875, -24.875 ] ] ] } },
{ "type": "Feature", "properties": { "cluster_id": 86, "cohesion": 4.8470458187316341, "distances": { "1": 34.35089313648092, "2": 31.343959329555158, "3": 23.172139490837818, "4": 26.52383274578205, "5": 28.453738385115567, "6": 30.604177440692105, "7": 38.67710549250006, "8": 34.93750298483643, "9": 35.38481553748181, "10": 38.94606460894549, "11": 37.795282193787656, "12": 31.688901805835528, "13": 30.72750086511863, "14": 24.00359847752092, "15": 25.897439845286428, "16": 31.742121659854565, "17": 31.69238930967545, "18": 34.59540858883298, "19": 37.59197483195811, "20": 34.5414174109313, "21": 32.692478426738, "22": 32.1935645591989, "23": 31.347128318374303, "24": 31.629783840406503, "25": 31.04727251179812, "26": 30.1698931374509, "27": 27.716287499926274, "28": 25.407369136851965, "29": 23.340218139523575, "30": 27.806486475106794, "31": 28.277106613314032, "32": 28.81606845303714, "33": 28.18540049921116, "34": 31.190679125834563, "35": 23.138895618779383, "36": 19.209096256438702, "37": 17.199218405111555, "38": 22.545277755855555, "39": 26.951265243245874, "40": 29.918224617902897, "41": 31.149396025081845, "42": 28.159460098015433, "43": 27.677908863620175, "44": 29.59398900913616, "45": 31.09871993955868, "46": 30.092182153988936, "47": 30.485647630886852, "48": 33.43038257810102, "49": 30.649293624273124, "50": 33.22551114049851, "51": 28.973039824237127, "52": 27.835017614818348, "53": 31.481474152909446, "54": 29.456598821430898, "55": 27.640187347118122, "56": 29.271336158382606, "57": 27.34644897779355, "58": 29.818676687723936, "59": 32.559348904547214, "60": 30.043406145465102, "61": 24.686034828077982, "62": 25.2300078172916, "63": 22.946974489546513, "64": 29.298577470025307, "65": 29.732435344111643, "66": 29.474066485380007, "67": 31.46472169724365, "68": 18.574572622832616, "69": 16.987636935798836, "70": 18.773740409091943, "71": 22.516934469552204, "72": 11.698418794669838, "73": 12.436575473180149, "74": 17.795909656660115, "75": 11.496773382612213, "76": 20.44099332078127, "77": 15.301890277609019, "78": 17.40552809250562, "79": 28.58605485908964, "80": 26.53036365917194, "81": 26.940403942241335, "82": 23.659701965902492, "83": 21.62046124352896, "84": 26.736869707946752, "85": 24.11539972248617, "87": 11.25186429177831, "88": 11.817413098209402, "89": 14.901013843430405, "90": 17.794798017178778, "91": 22.68877492136636, "92": 26.818860563431766, "93": 29.26677654313239, "94": 24.120468271471, "95": 29.67057104319611, "96": 28.824708931916646, "97": 30.82903529031385, "98": 30.11862219986745, "99": 29.0897930665059, "100": 29.625546792749734 } }, "geometry": { "type": "MultiPolygon", "coordinates": [ [ [ [ 151.875, -26.875 ], [ 151.875, -29.375 ], [ 151.625, -29.375 ], [ 151.625, -29.875 ], [ 151.375, -29.875 ], [ 151.375, -30.125 ], [ 151.125, -30.125 ], [ 151.125, -29.875 ], [ 150.875, -29.875 ], [ 150.875, -29.125 ], [ 151.125, -29.125 ], [ 151.125, -28.875 ], [ 151.375, -28.875 ], [ 151.375, -27.625 ], [ 151.625, -27.625 ], [ 151.625, -26.875 ], [ 151.875, -26.875 ] ] ], [ [ [ 151.375, -26.875 ], [ 151.375, -26.625 ], [ 151.625, -26.625 ], [ 151.625, -26.875 ], [ 151.375, -26.875 ] ] ] ] } },
{ "type": "Feature", "properties": { "cluster_id": 87, "cohesion": 6.4500872019078033, "distances": { "1": 36.948819204739834, "2": 34.80827424489509, "3": 27.648159518130345, "4": 30.768963309856478, "5": 31.123706036473575, "6": 33.96068666353944, "7": 40.715345547055755, "8": 38.017678031675814, "9": 37.15759266546649, "10": 40.85391351798296, "11": 39.22244062752708, "12": 34.85594673798409, "13": 32.501704178361805, "14": 26.71918972761201, "15": 29.934183053714808, "16": 31.02940750283851, "17": 31.43290045988881, "18": 35.41113168872738, "19": 38.29315782966953, "20": 34.58556188192373, "21": 32.478754222613524, "22": 32.645648992397724, "23": 31.114581508820685, "24": 34.0212484515733, "25": 32.56370468387068, "26": 31.899733892554107, "27": 28.595293915452693, "28": 27.443637839908984, "29": 18.372630992145496, "30": 23.855777841094422, "31": 27.125000078446014, "32": 26.657898657210893, "33": 27.958406306756153, "34": 30.17447029795257, "35": 18.044025818030562, "36": 13.54158287396859, "37": 11.615732233216916, "38": 17.264011340846434, "39": 22.050967054309783, "40": 26.306407420524817, "41": 28.407489104132107, "42": 23.348346103584287, "43": 29.236329927278742, "44": 31.77876980554894, "45": 33.36153114394693, "46": 32.52761165881164, "47": 32.704516865927204, "48": 35.30944207780685, "49": 32.20081860091322, "50": 34.16140069806752, "51": 30.99618786716892, "52": 29.192552522498243, "53": 32.41182435541752, "54": 27.23095408322019, "55": 25.79567032516356, "56": 26.878069957333434, "57": 24.132425798419053, "58": 29.842130032079467, "59": 32.62544443098606, "60": 29.244844351822227, "61": 25.63147942658181, "62": 25.468039821394076, "63": 23.972056249811263, "64": 29.310455814222745, "65": 28.810367896698924, "66": 30.40122127292042, "67": 30.659009508805834, "68": 23.216309176509533, "69": 21.978798402257013, "70": 24.897747511208706, "71": 26.522591272684885, "72": 18.134574445770717, "73": 18.702391908070204, "74": 21.77774833925935, "75": 13.810799258314917, "76": 18.076502773518587, "77": 10.938313505205297, "78": 15.986737592043019, "79": 27.155671240123112, "80": 26.36799206022667, "81": 25.020839281606964, "82": 22.138326828628845, "83": 19.49591102379165, "84": 23.91254927912739, "85": 20.609795438765378, "86": 11.251864291778308, "88": 14.842500803527987, "89": 13.07797690924328, "90": 18.542546185635665, "91": 22.6231439784012, "92": 24.329038203209116, "93": 27.742201733572962, "94": 24.701895658396904, "95": 29.159541342259182, "96": 27.98572953211284, "97": 29.600768361687056, "98": 28.703358501695284, "99": 26.901066468641883, "100": 27.87093164035765 } }, "geometry": { "type": "Polygon", "coordinates": [ [ [ 150.125, -29.875 ], [ 150.125, -30.375 ], [ 148.875, -30.375 ], [ 148.875, -30.625 ], [ 148.625, -30.625 ], [ 148.625, -31.625 ], [ 148.375, -31.625 ], [ 148.375, -32.875 ], [ 148.625, -32.875 ], [ 148.625, -33.125 ], [ 149.375, -33.125 ], [ 149.375, -32.875 ], [ 149.625, -32.875 ], [ 149.625, -32.375 ], [ 149.875, -32.375 ], [ 149.875, -31.875 ], [ 150.625, -31.875 ], [ 150.625, -31.625 ], [ 150.875, -31.625 ], [ 150.875, -31.375 ], [ 151.375, -31.375 ], [ 151.375, -30.625 ], [ 151.625, -30.625 ], [ 151.625, -30.125 ], [ 151.125, -30.125 ], [ 151.125, -29.875 ], [ 150.125, -29.875 ] ] ] } },
{ "type": "Feature", "properties": { "cluster_id": 88, "cohesion": 6.4286129491347239, "distances": { "1": 37.26950401446904, "2": 34.65982220147887, "3": 24.41475674490024, "4": 28.18877298354824, "5": 29.283765362848495, "6": 32.78855151571135, "7": 43.328029095223954, "8": 39.38834137518916, "9": 39.409740867140975, "10": 43.68288764458498, "11": 42.382742680997985, "12": 35.89000910637653, "13": 34.496836907155185, "14": 26.03476796480545, "15": 28.610712945981945, "16": 33.875017095537466, "17": 34.59240323144562, "18": 37.74012671598035, "19": 41.98941435255325, "20": 38.04922704884602, "21": 34.87794181639906, "22": 34.56074657382487, "23": 33.16924354046937, "24": 35.62414723409104, "25": 34.08596694985117, "26": 33.39030598150494, "27": 29.69238625589927, "28": 27.67343806332461, "29": 23.75582416933324, "30": 26.120183356375048, "31": 28.50541691879827, "32": 27.219030433301317, "33": 25.533645324087626, "34": 26.833141683262763, "35": 19.257761091889684, "36": 18.524040957524555, "37": 14.8349252472716, "38": 19.00410293875499, "39": 24.057682135350763, "40": 26.919579172176448, "41": 26.093791185663235, "42": 24.156800146672527, "43": 29.726054805771042, "44": 32.48484269658489, "45": 31.71121229413221, "46": 32.40289217178244, "47": 31.562454566108407, "48": 32.07504674624124, "49": 29.773079645570334, "50": 31.350173345730184, "51": 28.94568996147027, "52": 25.57423385929081, "53": 28.46687030532815, "54": 26.801332019983004, "55": 25.15641705638734, "56": 24.143487730872053, "57": 22.786851918821306, "58": 25.383690607957686, "59": 29.301962685659575, "60": 26.884870187491913, "61": 22.800364156912966, "62": 23.517144913303994, "63": 21.01493650415904, "64": 27.345425180471448, "65": 27.55055495622115, "66": 28.0237996416927, "67": 28.40844171602273, "68": 17.505575997877262, "69": 15.390877384665188, "70": 20.7188308845263, "71": 21.872141306912628, "72": 18.149805854074447, "73": 13.375365863302637, "74": 18.7560543528948, "75": 18.672107200408462, "76": 25.428057761083817, "77": 19.821570797422588, "78": 20.009990210275912, "79": 30.458322526677307, "80": 28.65244722471494, "81": 30.633359563537034, "82": 27.666484884640386, "83": 20.43617339047076, "84": 23.314999676369688, "85": 21.271458170471778, "86": 11.817413098209402, "87": 14.842500803527987, "89": 11.218778539752721, "90": 16.353579524769092, "91": 23.12654722245662, "92": 25.933810628090793, "93": 30.5830697809668, "94": 24.019879587148992, "95": 30.476898532781295, "96": 27.97226335877074, "97": 31.20087555846761, "98": 30.93076531525429, "99": 28.153474153653534, "100": 28.214330050471244 } }, "geometry": { "type": "Polygon", "coordinates": [ [ [ 146.375, -25.125 ], [ 146.375, -26.125 ], [ 147.125, -26.125 ], [ 147.125, -26.375 ], [ 146.875, -26.375 ], [ 146.875, -26.625 ], [ 146.625, -26.625 ], [ 146.625, -26.875 ], [ 146.375, -26.875 ], [ 146.375, -27.375 ], [ 146.625, -27.375 ], [ 146.625, -27.625 ], [ 146.875, -27.625 ], [ 146.875, -27.875 ], [ 147.375, -27.875 ], [ 147.375, -28.125 ], [ 148.125, -28.125 ], [ 148.125, -28.375 ], [ 148.375, -28.375 ], [ 148.375, -28.625 ], [ 148.625, -28.625 ], [ 148.625, -28.875 ], [ 149.125, -28.875 ], [ 149.125, -29.125 ], [ 149.375, -29.125 ], [ 149.375, -29.375 ], [ 149.625, -29.375 ], [ 149.625, -29.625 ], [ 150.375, -29.625 ], [ 150.375, -29.875 ], [ 150.875, -29.875 ], [ 150.875, -29.125 ], [ 151.125, -29.125 ], [ 151.125, -28.875 ], [ 151.375, -28.875 ], [ 151.375, -27.625 ], [ 151.625, -27.625 ], [ 151.625, -26.875 ], [ 151.375, -26.875 ], [ 151.375, -26.625 ], [ 151.125, -26.625 ], [ 151.125, -26.375 ], [ 149.125, -26.375 ], [ 149.125, -26.125 ], [ 148.875, -26.125 ], [ 148.875, -25.875 ], [ 149.125, -25.875 ], [ 149.125, -25.625 ], [ 148.375, -25.625 ], [ 148.375, -25.375 ], [ 148.125, -25.375 ], [ 148.125, -25.125 ], [ 146.375, -25.125 ] ] ] } },
{ "type": "Feature", "properties": { "cluster_id": 89, "cohesion": 7.3728615150701948, "distances": { "1": 38.12066081380832, "2": 36.01141454978999, "3": 26.59708098643311, "4": 30.33951164795336, "5": 30.850001602676226, "6": 34.26796302030151, "7": 43.58936655123174, "8": 40.26653768216457, "9": 39.480151682051925, "10": 43.536127922976874, "11": 41.68781329519747, "12": 36.20076727238783, "13": 33.3483890437061, "14": 25.317726967986747, "15": 29.648779640747534, "16": 31.627146352350078, "17": 31.72704031790677, "18": 37.222529274125165, "19": 40.31118903490012, "20": 36.05420822751031, "21": 33.4876580489108, "22": 34.27549256907477, "23": 32.81019111015794, "24": 36.33570286516792, "25": 34.217925641182745, "26": 33.73849192596745, "27": 30.047683545377065, "28": 28.66589046617799, "29": 22.84163481297356, "30": 25.890413736337667, "31": 29.978367612164227, "32": 28.267733183784067, "33": 27.30265524660415, "34": 28.08413125885426, "35": 14.300483566867083, "36": 17.389738788731105, "37": 10.102175076798119, "38": 16.760774465929103, "39": 23.051582328708136, "40": 26.90500144942196, "41": 25.90705721588866, "42": 21.76875130881245, "43": 30.369325849779138, "44": 33.68082961244683, "45": 33.41462981261833, "46": 33.829453217867574, "47": 32.841843841223344, "48": 34.087267207277336, "49": 31.525964182416875, "50": 32.84966639111041, "51": 30.42115564780747, "52": 27.40576689929329, "53": 29.807106913560865, "54": 25.29921435149303, "55": 22.729731933839872, "56": 23.150436496739715, "57": 19.87887870933545, "58": 26.55213795879835, "59": 30.283899325211, "60": 26.61894177344849, "61": 24.89967469726532, "62": 24.904800784510847, "63": 23.244415339083165, "64": 28.564375037744732, "65": 27.858318959980604, "66": 29.685236437334776, "67": 28.811246372705405, "68": 20.365712067460308, "69": 19.389346753881373, "70": 24.279831808727128, "71": 24.64040070112759, "72": 21.07297817697156, "73": 17.48976993272041, "74": 19.615248600764215, "75": 19.548019471281577, "76": 25.293103289308156, "77": 19.089456650715384, "78": 19.785027249094796, "79": 31.32148288558938, "80": 29.1547571760972, "81": 30.849277987919116, "82": 27.47686356020294, "83": 14.788177371721913, "84": 19.65525451705438, "85": 15.78070710957217, "86": 14.901013843430405, "87": 13.07797690924328, "88": 11.218778539752721, "90": 12.931597063603594, "91": 19.46389939675065, "92": 21.41831208430312, "93": 26.865875861228577, "94": 24.997311737202303, "95": 30.294068046741998, "96": 27.86153470795911, "97": 29.588632101982494, "98": 28.43834480238749, "99": 25.65185823476546, "100": 27.113830473606935 } }, "geometry": { "type": "Polygon", "coordinates": [ [ [ 145.875, -25.375 ], [ 145.875, -25.625 ], [ 145.625, -25.625 ], [ 145.625, -25.875 ], [ 145.125, -25.875 ], [ 145.125, -26.625 ], [ 144.875, -26.625 ], [ 144.875, -26.875 ], [ 145.125, -26.875 ], [ 145.125, -27.375 ], [ 144.625, -27.375 ], [ 144.625, -28.375 ], [ 144.875, -28.375 ], [ 144.875, -28.875 ], [ 145.125, -28.875 ], [ 145.125, -29.125 ], [ 146.625, -29.125 ], [ 146.625, -29.375 ], [ 146.875, -29.375 ], [ 146.875, -29.625 ], [ 147.125, -29.625 ], [ 147.125, -29.875 ], [ 147.625, -29.875 ], [ 147.625, -30.375 ], [ 147.875, -30.375 ], [ 147.875, -30.875 ], [ 148.125, -30.875 ], [ 148.125, -31.375 ], [ 148.625, -31.375 ], [ 148.625, -30.625 ], [ 148.875, -30.625 ], [ 148.875, -30.375 ], [ 150.125, -30.375 ], [ 150.125, -29.875 ], [ 150.375, -29.875 ], [ 150.375, -29.625 ], [ 149.625, -29.625 ], [ 149.625, -29.375 ], [ 149.375, -29.375 ], [ 149.375, -29.125 ], [ 149.125, -29.125 ], [ 149.125, -28.875 ], [ 148.625, -28.875 ], [ 148.625, -28.625 ], [ 148.375, -28.625 ], [ 148.375, -28.375 ], [ 148.125, -28.375 ], [ 148.125, -28.125 ], [ 147.375, -28.125 ], [ 147.375, -27.875 ], [ 146.875, -27.875 ], [ 146.875, -27.625 ], [ 146.625, -27.625 ], [ 146.625, -27.375 ], [ 146.375, -27.375 ], [ 146.375, -26.875 ], [ 146.625, -26.875 ], [ 146.625, -26.625 ], [ 146.875, -26.625 ], [ 146.875, -26.375 ], [ 147.125, -26.375 ], [ 147.125, -26.125 ], [ 146.375, -26.125 ], [ 146.375, -25.375 ], [ 145.875, -25.375 ] ] ] } },
{ "type": "Feature", "properties": { "cluster_id": 90, "cohesion": 5.1117108267834697, "distances": { "1": 33.57962018838212, "2": 31.163609320805936, "3": 21.74471727451512, "4": 26.255786151330515, "5": 27.4019524942623, "6": 29.895379120719806, "7": 38.4586282569766, "8": 34.864109480727194, "9": 34.343910585625885, "10": 37.698205417363454, "11": 35.41520224203973, "12": 29.462904348865365, "13": 25.66382881300286, "14": 17.078170806806877, "15": 23.030229436498015, "16": 26.009156605369977, "17": 24.19829006162208, "18": 32.327539668210605, "19": 33.284559130981656, "20": 29.528279685249117, "21": 28.613203423567352, "22": 30.50985864866036, "23": 29.96020670802609, "24": 31.83213583136987, "25": 29.824927512690465, "26": 29.254665787327934, "27": 27.125083397775274, "28": 25.61959268214203, "29": 27.275392440652276, "30": 30.52239045362805, "31": 32.61375025947863, "32": 32.057817473804405, "33": 29.97975674810318, "34": 31.219058172771362, "35": 20.195830599129135, "36": 24.66656625975558, "37": 18.54121374749442, "38": 24.448374808645497, "39": 29.206216266729662, "40": 31.73063996544279, "41": 30.06167623702394, "42": 26.9324380175271, "43": 27.82585623347069, "44": 30.916432142614795, "45": 31.471876834207034, "46": 31.22165544394202, "47": 30.308640926142346, "48": 33.408042572136814, "49": 30.695670808267487, "50": 32.462273262643805, "51": 29.16554482731788, "52": 28.14226576327999, "53": 30.343449707412258, "54": 25.504883273341182, "55": 21.56402640302266, "56": 26.26401505014846, "57": 22.56443427082927, "58": 28.378621936713774, "59": 31.203864488962562, "60": 27.153361084127805, "61": 25.987049846840012, "62": 25.07889572068292, "63": 24.33325694229967, "64": 28.50948597258343, "65": 27.90891757692774, "66": 29.420253597545816, "67": 29.670442769986103, "68": 16.626700008148063, "69": 18.213251850277008, "70": 22.0138249136836, "71": 21.803664776332205, "72": 20.060606249404675, "73": 16.214392311664238, "74": 13.32099514300717, "75": 19.78695548778425, "76": 26.771053885577807, "77": 22.9508699558223, "78": 20.17400831174251, "79": 32.728710182604786, "80": 28.273962450264204, "81": 31.42051929719396, "82": 27.23668369228068, "83": 10.7447810244292, "84": 19.82235168416753, "85": 16.27570404008266, "86": 17.794798017178774, "87": 18.542546185635665, "88": 16.353579524769092, "89": 12.931597063603592, "91": 11.027561838448632, "92": 17.297138915819435, "93": 20.636948202225177, "94": 23.927515814496765, "95": 28.337273915859072, "96": 26.70067991885183, "97": 26.22591335718041, "98": 23.941248466360886, "99": 23.18485276347477, "100": 26.1055651923672 } }, "geometry": { "type": "Polygon", "coordinates": [ [ [ 144.375, -25.125 ], [ 144.375, -25.375 ], [ 144.125, -25.375 ], [ 144.125, -25.625 ], [ 143.375, -25.625 ], [ 143.375, -26.125 ], [ 143.625, -26.125 ], [ 143.625, -26.375 ], [ 143.875, -26.375 ], [ 143.875, -26.625 ], [ 144.375, -26.625 ], [ 144.375, -26.875 ], [ 144.875, -26.875 ], [ 144.875, -26.625 ], [ 145.125, -26.625 ], [ 145.125, -25.875 ], [ 145.625, -25.875 ], [ 145.625, -25.625 ], [ 145.875, -25.625 ], [ 145.875, -25.375 ], [ 146.125, -25.375 ], [ 146.125, -25.125 ], [ 144.375, -25.125 ] ] ] } },
{ "type": "Feature", "properties": { "cluster_id": 91, "cohesion": 7.5277261250383649, "distances": { "1": 33.004722170365774, "2": 30.332131985380077, "3": 22.67739389083938, "4": 27.46882455062673, "5": 28.55500816331782, "6": 30.139426207609194, "7": 35.70244782782071, "8": 32.494177066091574, "9": 31.390561070317357, "10": 33.89318479371637, "11": 30.87221315505677, "12": 26.249234537469196, "13": 20.173743355388556, "14": 13.455965643076036, "15": 21.58606445016306, "16": 21.24412316219036, "17": 17.338299471524113, "18": 29.17203645385651, "19": 27.466550259521895, "20": 24.034845035066997, "21": 24.87960536271406, "22": 28.301103272115625, "23": 28.220709777904197, "24": 30.187524726000614, "25": 27.86543329099987, "26": 27.453864697415693, "27": 26.292830933110775, "28": 25.544501336955467, "29": 29.665481439927074, "30": 33.50812920287508, "31": 35.71329015680464, "32": 35.68048554133927, "33": 34.54790817757453, "34": 35.61965565906284, "35": 24.206479409189434, "36": 28.668261831626932, "37": 23.456232543289946, "38": 28.885913453160686, "39": 32.72568166879492, "40": 35.2701420212836, "41": 33.98417572523896, "42": 30.257921211729496, "43": 28.989693907427544, "44": 31.376880143736226, "45": 32.36265157038747, "46": 31.586519319550725, "47": 31.591335201532733, "48": 35.89021556783525, "49": 32.08155960934775, "50": 34.27929027412429, "51": 31.983224891202124, "52": 32.59982216091642, "53": 33.9796721350247, "54": 26.04292244814708, "55": 22.248081805664466, "56": 29.84450505723124, "57": 25.697885718314172, "58": 32.704416648227806, "59": 33.819095065058335, "60": 29.539595759023456, "61": 28.70054554566178, "62": 27.107780307553053, "63": 27.867112273827484, "64": 29.71253298679921, "65": 28.70181499170081, "66": 30.88604654781681, "67": 31.34888515759877, "68": 20.001268806179677, "69": 22.72803201704147, "70": 25.48175787866418, "71": 24.645152431584055, "72": 23.3535454742381, "73": 20.77792042319111, "74": 15.197236131137446, "75": 22.034829447690097, "76": 27.5604906012801, "77": 25.368823660181864, "78": 21.25106293879168, "79": 34.30122119432917, "80": 29.106931513747746, "81": 31.60659845265895, "82": 27.086379514795688, "83": 12.200643904490182, "84": 21.337750672810415, "85": 18.642065083570884, "86": 22.68877492136636, "87": 22.623143978401203, "88": 23.12654722245662, "89": 19.463899396750648, "90": 11.027561838448635, "92": 14.593880920567091, "93": 14.832880181315113, "94": 25.383095642831726, "95": 27.48899568829814, "96": 26.509022094468847, "97": 23.58061811399532, "98": 20.05213922084708, "99": 21.16290097552191, "100": 25.43723491342318 } }, "geometry": { "type": "Polygon", "coordinates": [ [ [ 140.125, -22.375 ], [ 140.125, -22.625 ], [ 139.125, -22.625 ], [ 139.125, -22.875 ], [ 139.625, -22.875 ], [ 139.625, -23.125 ], [ 139.875, -23.125 ], [ 139.875, -23.375 ], [ 138.875, -23.375 ], [ 138.875, -23.625 ], [ 139.125, -23.625 ], [ 139.125, -23.875 ], [ 139.625, -23.875 ], [ 139.625, -24.125 ], [ 139.875, -24.125 ], [ 139.875, -24.375 ], [ 140.125, -24.375 ], [ 140.125, -24.625 ], [ 140.625, -24.625 ], [ 140.625, -24.875 ], [ 140.875, -24.875 ], [ 140.875, -25.125 ], [ 141.375, -25.125 ], [ 141.375, -25.375 ], [ 141.625, -25.375 ], [ 141.625, -25.625 ], [ 141.875, -25.625 ], [ 141.875, -25.375 ], [ 142.125, -25.375 ], [ 142.125, -25.625 ], [ 142.375, -25.625 ], [ 142.375, -26.125 ], [ 142.625, -26.125 ], [ 142.625, -26.375 ], [ 143.125, -26.375 ], [ 143.125, -26.125 ], [ 143.375, -26.125 ], [ 143.375, -25.625 ], [ 144.125, -25.625 ], [ 144.125, -25.375 ], [ 144.375, -25.375 ], [ 144.375, -25.125 ], [ 144.125, -25.125 ], [ 144.125, -24.625 ], [ 143.875, -24.625 ], [ 143.875, -24.125 ], [ 143.625, -24.125 ], [ 143.625, -23.875 ], [ 143.375, -23.875 ], [ 143.375, -23.625 ], [ 143.125, -23.625 ], [ 143.125, -23.375 ], [ 142.125, -23.375 ], [ 142.125, -23.125 ], [ 141.875, -23.125 ], [ 141.875, -22.625 ], [ 141.625, -22.625 ], [ 141.625, -22.375 ], [ 141.125, -22.375 ], [ 141.125, -22.625 ], [ 140.625, -22.625 ], [ 140.625, -22.375 ], [ 140.125, -22.375 ] ] ] } },
{ "type": "Feature", "properties": { "cluster_id": 92, "cohesion": 7.278675044147171, "distances": { "1": 39.27994607621173, "2": 37.65006229476637, "3": 29.96014562220451, "4": 33.61174139634773, "5": 33.96509238370227, "6": 36.56089377870051, "7": 41.458243166798454, "8": 39.71845998542853, "9": 36.983656153609914, "10": 40.20685996855373, "11": 36.999439728205246, "12": 34.47069034999647, "13": 28.10093937184728, "14": 23.378937624478382, "15": 30.32348985797423, "16": 22.060829286986646, "17": 21.23448433970793, "18": 32.86737220414223, "19": 32.77008639814546, "20": 27.31854859067345, "21": 26.646418700502075, "22": 30.8459882212556, "23": 29.55681168044613, "24": 34.91442405752662, "25": 31.54941288067072, "26": 32.519446913197456, "27": 28.340439843772636, "28": 27.53447749078498, "29": 29.282037195036605, "30": 32.33393822356299, "31": 37.515655956919474, "32": 35.810660915350915, "33": 34.65373377289353, "34": 33.41779306831005, "35": 20.94276973002449, "36": 28.37680761721258, "37": 23.133741562349442, "38": 27.68239065800383, "39": 30.881116987036364, "40": 33.38131193219735, "41": 29.867978288043115, "42": 25.72635055385134, "43": 31.520518594280453, "44": 34.60397537872667, "45": 32.006258946776995, "46": 33.364565414883465, "47": 32.950405222460994, "48": 34.712459533548504, "49": 29.82720694143323, "50": 31.406673090257048, "51": 32.88222455152654, "52": 32.75218708172259, "53": 31.67792546766171, "54": 19.237236336639082, "55": 14.582450032666175, "56": 24.324902353901056, "57": 19.336020236768917, "58": 29.905827712089113, "59": 29.57065243074473, "60": 24.6081339950358, "61": 26.64908052185784, "62": 26.122512702281142, "63": 28.037181913187776, "64": 26.55650492584835, "65": 24.62066808507726, "66": 28.036487309956645, "67": 26.133898080730372, "68": 27.03377560569323, "69": 27.62764640812116, "70": 31.023060835743134, "71": 30.13304756502202, "72": 28.92811395208716, "73": 26.816818931254247, "74": 23.808684415130912, "75": 26.25853181819506, "76": 30.219280559314818, "77": 26.90487523537865, "78": 22.87154993432835, "79": 36.56155509544458, "80": 31.34027843608992, "81": 33.902330636718844, "82": 29.41351269098339, "83": 11.938702851037998, "84": 13.261327629141439, "85": 13.48649815646046, "86": 26.818860563431755, "87": 24.329038203209116, "88": 25.933810628090793, "89": 21.418312084303118, "90": 17.297138915819435, "91": 14.593880920567091, "93": 12.716479475724288, "94": 26.560708725733242, "95": 27.7125135901586, "96": 24.608082847474098, "97": 21.963409684602333, "98": 17.55864587095887, "99": 14.863454430022436, "100": 21.02586187120303 } }, "geometry": { "type": "MultiPolygon", "coordinates": [ [ [ [ 134.375, -23.125 ], [ 135.375, -23.125 ], [ 135.375, -22.875 ], [ 137.125, -22.875 ], [ 137.125, -23.125 ], [ 138.125, -23.125 ], [ 138.125, -23.375 ], [ 138.875, -23.375 ], [ 138.875, -23.625 ], [ 139.125, -23.625 ], [ 139.125, -23.875 ], [ 139.625, -23.875 ], [ 139.625, -24.125 ], [ 139.875, -24.125 ], [ 139.875, -24.375 ], [ 140.125, -24.375 ], [ 140.125, -24.625 ], [ 139.875, -24.625 ], [ 139.875, -25.125 ], [ 140.125, -25.125 ], [ 140.125, -25.375 ], [ 140.375, -25.375 ], [ 140.375, -25.625 ], [ 140.125, -25.625 ], [ 140.125, -25.875 ], [ 139.625, -25.875 ], [ 139.625, -25.375 ], [ 138.875, -25.375 ], [ 138.875, -25.125 ], [ 138.625, -25.125 ], [ 138.625, -24.875 ], [ 137.875, -24.875 ], [ 137.875, -24.625 ], [ 137.375, -24.625 ], [ 137.375, -24.375 ], [ 137.125, -24.375 ], [ 137.125, -24.125 ], [ 136.625, -24.125 ], [ 136.625, -23.875 ], [ 136.375, -23.875 ], [ 136.375, -23.625 ], [ 135.875, -23.625 ], [ 135.875, -23.375 ], [ 134.375, -23.375 ], [ 134.375, -23.125 ] ] ], [ [ [ 134.375, -23.625 ], [ 133.625, -23.625 ], [ 133.625, -23.875 ], [ 131.875, -23.875 ], [ 131.875, -24.125 ], [ 131.375, -24.125 ], [ 131.375, -23.875 ], [ 130.375, -23.875 ], [ 130.375, -23.625 ], [ 130.875, -23.625 ], [ 130.875, -23.375 ], [ 134.375, -23.375 ], [ 134.375, -23.625 ] ] ] ] } },
{ "type": "Feature", "properties": { "cluster_id": 93, "cohesion": 7.0675128528794939, "distances": { "1": 35.98351712094762, "2": 33.61599199688476, "3": 28.386916527427623, "4": 32.518222268366195, "5": 33.179550272028656, "6": 34.2065470876238, "7": 34.85470759174534, "8": 33.65113177277126, "9": 30.37666399501843, "10": 32.474145564306625, "11": 28.65900038170266, "12": 28.169284357927623, "13": 20.49464821273883, "14": 19.5789502831546, "15": 26.53547722599027, "16": 14.339038542909593, "17": 12.279387211479323, "18": 26.149647806366886, "19": 23.38091102730011, "20": 18.204140625117592, "21": 20.07718557726906, "22": 25.838074154758072, "23": 26.01307796682762, "24": 30.168395024266587, "25": 26.397481125161026, "26": 27.698566464567314, "27": 25.28062128972357, "28": 25.810645420510937, "29": 32.052724813871876, "30": 36.288592147334725, "31": 39.527463551570385, "32": 39.360990020152485, "33": 39.259877969909574, "34": 39.43397596103815, "35": 28.425509930983523, "36": 32.71246226756907, "37": 28.93584485432336, "38": 33.45901230781903, "39": 35.96141965632003, "40": 38.303962967414144, "41": 36.76315866731728, "42": 32.74855204467067, "43": 32.54274913878922, "44": 34.29286371979748, "45": 34.340942719981314, "46": 33.88089886984731, "47": 34.88665466465183, "48": 39.054417200986364, "49": 33.68080523686284, "50": 36.06736468702345, "51": 36.34700821105093, "52": 37.64570964782778, "53": 37.61898351228102, "54": 24.49022258124413, "55": 21.40764928001782, "56": 32.13551769784016, "57": 27.9742537937057, "58": 36.54566584493545, "59": 35.63007948129159, "60": 30.96639286236592, "61": 31.352478225460974, "62": 29.360585186052596, "63": 32.245106473971624, "64": 30.19460462214544, "65": 28.108817934133846, "66": 32.100712545364836, "67": 31.665067100836183, "68": 27.639667993178826, "69": 29.832181372586405, "70": 31.990963098809935, "71": 30.917971587750973, "72": 29.42786797564913, "73": 28.061193102670487, "74": 23.04260336849427, "75": 26.456788595907827, "76": 29.41203227475053, "77": 28.603174153276836, "78": 23.38913791393217, "79": 36.75463392692573, "80": 31.28902399862061, "81": 32.56324836929267, "82": 27.907110572840256, "83": 18.23331123764339, "84": 22.233141073962756, "85": 22.171817435925057, "86": 29.266776543132387, "87": 27.742201733572962, "88": 30.5830697809668, "89": 26.865875861228574, "90": 20.636948202225174, "91": 14.832880181315113, "92": 12.716479475724288, "94": 28.0328970292139, "95": 26.223187692312383, "96": 25.41561645809367, "97": 18.8800218354412, "98": 12.905293230882574, "99": 16.046327345273646, "100": 22.7496314747224 } }, "geometry": { "type": "Polygon", "coordinates": [ [ [ 132.875, -21.875 ], [ 132.875, -22.125 ], [ 131.625, -22.125 ], [ 131.625, -22.375 ], [ 130.625, -22.375 ], [ 130.625, -22.625 ], [ 130.375, -22.625 ], [ 130.375, -22.875 ], [ 130.625, -22.875 ], [ 130.625, -23.125 ], [ 130.875, -23.125 ], [ 130.875, -23.375 ], [ 134.375, -23.375 ], [ 134.375, -23.125 ], [ 135.375, -23.125 ], [ 135.375, -22.875 ], [ 137.125, -22.875 ], [ 137.125, -23.125 ], [ 138.125, -23.125 ], [ 138.125, -23.375 ], [ 139.875, -23.375 ], [ 139.875, -23.125 ], [ 139.625, -23.125 ], [ 139.625, -22.875 ], [ 139.125, -22.875 ], [ 139.125, -22.625 ], [ 138.375, -22.625 ], [ 138.375, -22.375 ], [ 138.125, -22.375 ], [ 138.125, -22.125 ], [ 137.625, -22.125 ], [ 137.625, -21.875 ], [ 136.625, -21.875 ], [ 136.625, -22.125 ], [ 136.125, -22.125 ], [ 136.125, -21.875 ], [ 132.875, -21.875 ] ] ] } },
{ "type": "Feature", "properties": { "cluster_id": 94, "cohesion": 5.0842496537616482, "distances": { "1": 29.713900052188627, "2": 28.719122007519438, "3": 23.82658660449695, "4": 25.355073307496095, "5": 23.210998093175803, "6": 27.193061428350973, "7": 33.98084490265814, "8": 32.32252010074511, "9": 30.57396929440652, "10": 35.31843210394483, "11": 34.51227199927281, "12": 30.65947339529661, "13": 29.934292112233916, "14": 25.39236986865264, "15": 26.07860358758797, "16": 26.524411233943777, "17": 30.255257289623323, "18": 27.34796467831736, "19": 34.82824498144376, "20": 30.82852554530415, "21": 25.01518743662943, "22": 21.684258214644974, "23": 18.12512254069194, "24": 27.309329305063944, "25": 24.784092034952057, "26": 24.494219605893193, "27": 18.377257658330112, "28": 20.077935836801135, "29": 23.346065074278858, "30": 25.750508668510342, "31": 25.604009109130253, "32": 26.074554407881834, "33": 25.568704012804098, "34": 27.46608913837502, "35": 27.684265108976472, "36": 25.520050463517425, "37": 27.10824983838228, "38": 27.428104566589365, "39": 27.16485363457206, "40": 27.192356404978366, "41": 27.607647945482604, "42": 28.174871484555975, "43": 24.105047478915797, "44": 25.68717640490046, "45": 28.0032101352602, "46": 27.259208353039988, "47": 27.346335056402793, "48": 29.879812694028043, "49": 26.70289883962218, "50": 28.445790841908625, "51": 26.686528303862445, "52": 26.010072874252636, "53": 29.59184159431623, "54": 23.97449752311585, "55": 25.57617126865848, "56": 26.689938453768235, "57": 27.08372822136975, "58": 27.337009096746673, "59": 29.002263324374553, "60": 27.16161989654024, "61": 19.432369532841165, "62": 11.392334782724134, "63": 13.45587518672134, "64": 18.46594982404803, "65": 18.047572258730742, "66": 23.51732193699299, "67": 25.385301559478332, "68": 22.54950147265333, "69": 22.606484852178838, "70": 25.070383785231375, "71": 21.925362333977898, "72": 24.06703813809819, "73": 23.550017820725408, "74": 23.304042674603096, "75": 22.49829771315238, "76": 23.383223089089753, "77": 23.272473852043877, "78": 18.335230604066872, "79": 24.5461576936749, "80": 21.73080381979316, "81": 23.869595682058588, "82": 21.877294531706283, "83": 26.1087872504852, "84": 26.284567475950396, "85": 27.142160949242918, "86": 24.120468271471, "87": 24.701895658396904, "88": 24.019879587148992, "89": 24.997311737202303, "90": 23.927515814496765, "91": 25.383095642831726, "92": 26.560708725733242, "93": 28.0328970292139, "95": 13.776109451652989, "96": 13.466406302040129, "97": 20.61380958206962, "98": 24.060804936552127, "99": 23.14672739203238, "100": 19.065959176539327 } }, "geometry": { "type": "Polygon", "coordinates": [ [ [ 117.875, -20.125 ], [ 117.875, -20.375 ], [ 116.375, -20.375 ], [ 116.375, -21.125 ], [ 116.125, -21.125 ], [ 116.125, -22.125 ], [ 116.375, -22.125 ], [ 116.375, -22.375 ], [ 116.625, -22.375 ], [ 116.625, -22.625 ], [ 117.125, -22.625 ], [ 117.125, -22.875 ], [ 117.375, -22.875 ], [ 117.375, -22.625 ], [ 117.625, -22.625 ], [ 117.625, -22.375 ], [ 117.875, -22.375 ], [ 117.875, -21.375 ], [ 117.625, -21.375 ], [ 117.625, -20.875 ], [ 117.875, -20.875 ], [ 117.875, -20.625 ], [ 118.125, -20.625 ], [ 118.125, -20.375 ], [ 118.375, -20.375 ], [ 118.375, -20.125 ], [ 117.875, -20.125 ] ] ] } },
{ "type": "Feature", "properties": { "cluster_id": 95, "cohesion": 6.8120283500550043, "distances": { "1": 30.89630958980204, "2": 29.855139732124673, "3": 27.72660354143555, "4": 29.852836291729446, "5": 27.30321747893751, "6": 30.035213596218252, "7": 31.070725823298698, "8": 31.064545798089473, "9": 27.319682838701816, "10": 31.466442182714797, "11": 30.03534706019437, "12": 29.987715297801603, "13": 28.0754268068089, "14": 27.003060476080336, "15": 28.10008392666274, "16": 21.26708324153522, "17": 27.226903059840556, "18": 21.703952749230417, "19": 30.05637987159244, "20": 25.722119066352395, "21": 17.84059796172497, "22": 14.65744052597293, "23": 9.560482495364091, "24": 26.744200206352417, "25": 21.94541575951196, "26": 23.0646177870699, "27": 15.678458713229059, "28": 21.891922576680688, "29": 26.14296100589997, "30": 29.885948589837277, "31": 29.976628407884075, "32": 31.05934712856241, "33": 32.81491442979022, "34": 34.65693478844614, "35": 32.345000820019536, "36": 29.735663225875246, "37": 31.686820584482792, "38": 32.06908519370561, "39": 31.435395828145847, "40": 32.030082443585684, "41": 33.6932033110867, "42": 32.98535644818699, "43": 30.891295853089048, "44": 31.382370237861096, "45": 34.72351092262644, "46": 33.308178501638906, "47": 34.78531337574982, "48": 38.191978126369015, "49": 33.40671146589218, "50": 35.56821265933374, "51": 35.21781008628208, "52": 34.66907933295638, "53": 37.77007409730284, "54": 26.315068318241554, "55": 29.410122800283066, "56": 32.78146525049917, "57": 32.45114948507916, "58": 35.28736395365556, "59": 35.72263439947858, "60": 33.23614019434658, "61": 26.5626998654132, "62": 18.754258790697108, "63": 23.414705908727953, "64": 23.494530884133166, "65": 20.50900139831117, "66": 29.692338499626885, "67": 30.215466310616716, "68": 27.808626606118743, "69": 29.129522130014113, "70": 31.362567866806792, "71": 27.872299704616086, "72": 29.322897690680186, "73": 28.76092751347397, "74": 26.715676114675414, "75": 26.147911028287652, "76": 24.32730594572901, "77": 26.35405552708429, "78": 21.053113760072584, "79": 26.52664992121202, "80": 24.610861764400102, "81": 23.847586790756907, "82": 22.208847177885183, "83": 29.829769298182935, "84": 30.535897522893688, "85": 31.420430386910944, "86": 29.67057104319611, "87": 29.15954134225918, "88": 30.476898532781295, "89": 30.294068046741998, "90": 28.33727391585907, "91": 27.48899568829814, "92": 27.712513590158604, "93": 26.223187692312383, "94": 13.776109451652992, "96": 11.440080775449864, "97": 13.39513237933444, "98": 19.331608542805835, "99": 21.476148634005025, "100": 16.945992142418877 } }, "geometry": { "type": "MultiPolygon", "coordinates": [ [ [ [ 120.375, -19.875 ], [ 119.625, -19.875 ], [ 119.625, -20.125 ], [ 119.125, -20.125 ], [ 119.125, -20.375 ], [ 118.625, -20.375 ], [ 118.625, -21.375 ], [ 119.125, -21.375 ], [ 119.125, -21.125 ], [ 119.625, -21.125 ], [ 119.625, -21.375 ], [ 120.375, -21.375 ], [ 120.375, -21.125 ], [ 120.625, -21.125 ], [ 120.625, -20.875 ], [ 121.125, -20.875 ], [ 121.125, -20.625 ], [ 122.375, -20.625 ], [ 122.375, -20.875 ], [ 122.625, -20.875 ], [ 122.625, -21.125 ], [ 123.125, -21.125 ], [ 123.125, -21.375 ], [ 122.625, -21.375 ], [ 122.625, -21.625 ], [ 122.375, -21.625 ], [ 122.375, -21.875 ], [ 122.125, -21.875 ], [ 122.125, -22.125 ], [ 121.625, -22.125 ], [ 121.625, -22.375 ], [ 121.125, -22.375 ], [ 121.125, -22.125 ], [ 120.375, -22.125 ], [ 120.375, -22.375 ], [ 119.625, -22.375 ], [ 119.625, -22.125 ], [ 119.375, -22.125 ], [ 119.375, -21.875 ], [ 117.875, -21.875 ], [ 117.875, -21.375 ], [ 117.625, -21.375 ], [ 117.625, -20.875 ], [ 117.875, -20.875 ], [ 117.875, -20.625 ], [ 118.125, -20.625 ], [ 118.125, -20.375 ], [ 118.375, -20.375 ], [ 118.375, -20.125 ], [ 118.625, -20.125 ], [ 118.625, -19.875 ], [ 119.125, -19.875 ], [ 119.125, -19.625 ], [ 120.375, -19.625 ], [ 120.375, -19.875 ] ] ], [ [ [ 120.375, -19.375 ], [ 120.625, -19.375 ], [ 120.625, -19.625 ], [ 120.375, -19.625 ], [ 120.375, -19.375 ] ] ] ] } },
{ "type": "Feature", "properties": { "cluster_id": 96, "cohesion": 7.7091374289206858, "distances": { "1": 35.27256482219453, "2": 33.82331737367682, "3": 28.683122859791307, "4": 31.40920087341979, "5": 29.553809447773464, "6": 33.09595250129448, "7": 36.685868950429715, "8": 35.9683325584484, "9": 32.54174792203071, "10": 36.99652826715438, "11": 35.18456712593822, "12": 33.86405620283143, "13": 30.985046236561992, "14": 27.93424027953157, "15": 30.251956366208383, "16": 23.3742378312937, "17": 28.89181295007087, "18": 27.064259742137228, "19": 34.31735419316152, "20": 29.195889084360246, "21": 21.89939719063796, "22": 20.882132237882498, "23": 16.359522672874903, "24": 30.532337102842746, "25": 25.99682790620082, "26": 27.46068806750911, "27": 19.46972780856151, "28": 22.700143128667257, "29": 25.820760186891075, "30": 28.211651558405315, "31": 30.709883563177087, "32": 30.023346255629754, "33": 30.492325261835695, "34": 30.303418592953598, "35": 28.654949074839994, "36": 27.971427972785804, "37": 29.023062093211692, "38": 29.33201248810336, "39": 28.84175835728727, "40": 29.425610570713303, "41": 28.651715263368427, "42": 28.674841731177313, "43": 30.728393314047622, "44": 32.11368542747756, "45": 31.227344167999888, "46": 32.3135088539236, "47": 32.849414652395936, "48": 33.66861517933601, "49": 27.980348705181974, "50": 29.679066143352276, "51": 32.73043168832587, "52": 31.454071401329063, "53": 32.49134951016153, "54": 19.755971264494363, "55": 24.02622248040334, "56": 27.070314078640596, "57": 27.243128282909858, "58": 29.964889580743087, "59": 29.08415562555131, "60": 26.957631876218016, "61": 20.982338456273364, "62": 13.674516561729943, "63": 19.841539552864667, "64": 16.4690023941903, "65": 12.948714286359078, "66": 23.519358525536845, "67": 22.839694630622155, "68": 27.289645636178527, "69": 27.711753073356395, "70": 31.07350920853777, "71": 27.82675563182917, "72": 29.634907348447715, "73": 28.120955277740002, "74": 26.874856043347727, "75": 26.859103484829873, "76": 26.64792829708878, "77": 26.496482953579743, "78": 21.222305141278916, "79": 29.001132054772476, "80": 26.509034000061998, "81": 27.211966573367068, "82": 24.89918507175788, "83": 27.30144225325343, "84": 25.76938239002857, "85": 27.578425455442126, "86": 28.824708931916646, "87": 27.98572953211284, "88": 27.97226335877074, "89": 27.861534707959105, "90": 26.70067991885183, "91": 26.509022094468847, "92": 24.608082847474098, "93": 25.415616458093677, "94": 13.46640630204013, "95": 11.440080775449864, "97": 13.836236520616305, "98": 18.946685493709197, "99": 17.374637998725436, "100": 11.519757038437366 } }, "geometry": { "type": "Polygon", "coordinates": [ [ [ 122.625, -21.375 ], [ 122.625, -21.625 ], [ 122.375, -21.625 ], [ 122.375, -21.875 ], [ 122.125, -21.875 ], [ 122.125, -22.125 ], [ 121.625, -22.125 ], [ 121.625, -22.375 ], [ 121.125, -22.375 ], [ 121.125, -22.125 ], [ 120.375, -22.125 ], [ 120.375, -22.375 ], [ 119.625, -22.375 ], [ 119.625, -22.125 ], [ 119.375, -22.125 ], [ 119.375, -21.875 ], [ 117.875, -21.875 ], [ 117.875, -22.375 ], [ 117.625, -22.375 ], [ 117.625, -22.625 ], [ 117.375, -22.625 ], [ 117.375, -23.375 ], [ 117.625, -23.375 ], [ 117.625, -23.625 ], [ 117.875, -23.625 ], [ 117.875, -23.875 ], [ 118.125, -23.875 ], [ 118.125, -24.125 ], [ 119.125, -24.125 ], [ 119.125, -23.125 ], [ 120.125, -23.125 ], [ 120.125, -23.625 ], [ 121.125, -23.625 ], [ 121.125, -23.375 ], [ 121.875, -23.375 ], [ 121.875, -23.125 ], [ 122.125, -23.125 ], [ 122.125, -22.875 ], [ 123.125, -22.875 ], [ 123.125, -22.375 ], [ 124.375, -22.375 ], [ 124.375, -22.125 ], [ 124.125, -22.125 ], [ 124.125, -21.375 ], [ 122.625, -21.375 ] ] ] } },
{ "type": "Feature", "properties": { "cluster_id": 97, "cohesion": 4.6155649917341428, "distances": { "1": 34.14660235668839, "2": 32.1511834877764, "3": 28.72583447808399, "4": 32.3340373483492, "5": 30.92433386088389, "6": 32.931380096438986, "7": 32.143673512325, "8": 32.22129701420936, "9": 27.388832618503823, "10": 30.909321568716052, "11": 28.086099438997447, "12": 29.62621947186684, "13": 24.931731339361146, "14": 24.695373557556742, "15": 28.17151091494612, "16": 13.969441210480495, "17": 21.09860487997318, "18": 20.45045528452442, "19": 26.016144232776345, "20": 20.305522360243135, "21": 12.285660229346247, "22": 16.022978722431212, "23": 13.537444911663998, "24": 27.955905080806154, "25": 21.912076579022436, "26": 24.21035788188082, "27": 18.018973039804948, "28": 23.011976096639284, "29": 28.673702063320018, "30": 32.51957193381321, "31": 34.648675711784435, "32": 34.74677879674381, "33": 36.05301378569686, "34": 36.56832919663811, "35": 30.97623013714384, "36": 31.197951204476777, "37": 30.997644910002865, "38": 32.65522572173556, "39": 33.04081892457012, "40": 34.38266692509937, "41": 34.306649894123794, "42": 32.48933690804235, "43": 33.18463684831888, "44": 34.111851262966866, "45": 35.481832041531426, "46": 34.92968091492069, "47": 36.303181344733424, "48": 39.56014972436853, "49": 33.82382063893933, "50": 35.91618819340426, "51": 37.28070361879563, "52": 36.9344348849784, "53": 38.28236165565483, "54": 22.50467463340389, "55": 25.421345309223756, "56": 31.953078040820973, "57": 30.569361519361014, "58": 35.9455611013411, "59": 35.28438562026861, "60": 31.620372061079365, "61": 28.713253048299926, "62": 22.915852329043183, "63": 28.070812527385247, "64": 24.990782524629275, "65": 20.949312465067692, "66": 30.380408550234044, "67": 29.24908545044721, "68": 28.34868952932317, "69": 30.31263525789669, "70": 33.145124998587235, "71": 30.16645669402484, "72": 30.937323565374758, "73": 29.250645494990803, "74": 25.671058435415016, "75": 27.40474612325174, "76": 26.91938605638324, "77": 28.045626133997786, "78": 22.073171610134057, "79": 31.40728052353331, "80": 28.395832479700868, "81": 27.88381390875896, "82": 24.81922026405569, "83": 26.5124762566243, "84": 27.388189312864494, "85": 28.471013613956966, "86": 30.82903529031385, "87": 29.600768361687056, "88": 31.20087555846761, "89": 29.588632101982494, "90": 26.22591335718041, "91": 23.580618113995325, "92": 21.963409684602333, "93": 18.880021835441195, "94": 20.61380958206962, "95": 13.39513237933444, "96": 13.836236520616305, "98": 9.747153044044008, "99": 13.82097047439068, "100": 13.330893881820446 } }, "geometry": { "type": "Polygon", "coordinates": [ [ [ 124.125, -21.125 ], [ 124.125, -22.125 ], [ 125.375, -22.125 ], [ 125.375, -22.625 ], [ 126.625, -22.625 ], [ 126.625, -21.875 ], [ 126.375, -21.875 ], [ 126.375, -21.375 ], [ 125.375, -21.375 ], [ 125.375, -21.125 ], [ 124.125, -21.125 ] ] ] } },
{ "type": "Feature", "properties": { "cluster_id": 98, "cohesion": 5.785874632809425, "distances": { "1": 35.46054298410968, "2": 33.000064744944005, "3": 28.663570427279932, "4": 32.79321296057143, "5": 32.49712476509537, "6": 33.96064005496047, "7": 32.90837183958822, "8": 32.62305726663727, "9": 27.923706395957403, "10": 30.815993625754796, "11": 27.308385319831043, "12": 28.765350755938204, "13": 22.41589100333217, "14": 22.385090787337337, "15": 27.4415603174943, "16": 10.359243155317815, "17": 16.397231065589253, "18": 21.55795754816429, "19": 23.633728409708993, "20": 17.34122071000974, "21": 13.135164501124496, "22": 19.53095485986554, "23": 18.941818506174727, "24": 28.528841238534877, "25": 22.86240410728, "26": 25.204176871998012, "27": 20.41218313629993, "28": 23.582207524653704, "29": 30.167195428934924, "30": 34.355486213723516, "31": 37.24911036021272, "32": 37.0705494617684, "33": 37.654647858049394, "34": 37.84675256682702, "35": 29.853467814437586, "36": 31.78438430247388, "37": 30.026328331785944, "38": 33.02897773163181, "39": 34.41390306500486, "40": 36.255425414311176, "41": 35.26074176178047, "42": 32.49625263781649, "43": 32.94330467496285, "44": 34.21900262151621, "45": 34.73132627273065, "46": 34.36004999483249, "47": 35.629215347866065, "48": 39.263626975712896, "49": 33.43102108017476, "50": 35.67203355338024, "51": 36.939603951627156, "52": 37.29812664614929, "53": 37.84867488282301, "54": 22.149944633730758, "55": 22.804356351983266, "56": 31.711985153289273, "57": 29.214870148526085, "58": 36.04491048509044, "59": 35.04840206017071, "60": 30.781425220621376, "61": 29.6919912448258, "62": 25.721642229539434, "63": 30.046499371938957, "64": 26.907076261126427, "65": 23.61491045020127, "66": 30.75020020556102, "67": 29.713445043828006, "68": 28.034640917128407, "69": 30.133864622603205, "70": 32.821282645421064, "71": 30.820306884653935, "72": 30.326465223110024, "73": 28.592565948054855, "74": 24.32371068266171, "75": 26.885476238973386, "76": 27.826785350176788, "77": 28.1783358093755, "78": 22.182430074594787, "79": 34.14584273261607, "80": 30.035139103503894, "81": 30.01190260376099, "82": 25.951465678085963, "83": 23.232795964836836, "84": 24.85918147609943, "85": 25.815052153866638, "86": 30.11862219986745, "87": 28.703358501695284, "88": 30.93076531525429, "89": 28.43834480238749, "90": 23.941248466360886, "91": 20.052139220847078, "92": 17.55864587095887, "93": 12.905293230882574, "94": 24.060804936552127, "95": 19.331608542805835, "96": 18.946685493709197, "97": 9.747153044044007, "99": 11.882626953092926, "100": 16.618641194038727 } }, "geometry": { "type": "Polygon", "coordinates": [ [ [ 128.375, -20.875 ], [ 128.375, -21.125 ], [ 128.125, -21.125 ], [ 128.125, -21.375 ], [ 127.875, -21.375 ], [ 127.875, -21.625 ], [ 127.625, -21.625 ], [ 127.625, -21.375 ], [ 126.875, -21.375 ], [ 126.875, -21.625 ], [ 126.375, -21.625 ], [ 126.375, -21.875 ], [ 126.625, -21.875 ], [ 126.625, -22.625 ], [ 127.625, -22.625 ], [ 127.625, -22.875 ], [ 128.125, -22.875 ], [ 128.125, -22.625 ], [ 128.625, -22.625 ], [ 128.625, -22.875 ], [ 129.375, -22.875 ], [ 129.375, -23.125 ], [ 130.625, -23.125 ], [ 130.625, -22.875 ], [ 130.375, -22.875 ], [ 130.375, -22.625 ], [ 130.625, -22.625 ], [ 130.625, -22.375 ], [ 130.875, -22.375 ], [ 130.875, -22.125 ], [ 130.125, -22.125 ], [ 130.125, -21.875 ], [ 129.875, -21.875 ], [ 129.875, -21.625 ], [ 128.875, -21.625 ], [ 128.875, -20.875 ], [ 128.375, -20.875 ] ] ] } },
{ "type": "Feature", "properties": { "cluster_id": 99, "cohesion": 6.6304973738714592, "distances": { "1": 39.05073707407489, "2": 37.141735871659854, "3": 30.28584249672882, "4": 34.05543593613821, "5": 33.805525014967756, "6": 36.564366182989325, "7": 39.44497149344966, "8": 38.53357452126141, "9": 34.788329595762285, "10": 38.436366817660605, "11": 35.39956031477712, "12": 34.53357349193899, "13": 28.906768910207116, "14": 25.904685947604627, "15": 30.993638813334854, "16": 19.13119257753757, "17": 23.09107844051953, "18": 29.2451128681048, "19": 32.083574428437, "20": 25.97705615545329, "21": 21.87459686063811, "22": 26.020281413877377, "23": 23.786082131376112, "24": 33.00138162265485, "25": 28.382268061119735, "26": 30.494695740460898, "27": 24.1754778021925, "28": 24.91657308128504, "29": 27.647097219199864, "30": 30.26142912351074, "31": 35.484419268805304, "32": 33.66347529847947, "33": 33.397516174665206, "34": 31.686351924307335, "35": 24.68326084014927, "36": 28.416308323731187, "37": 26.427203010863924, "38": 28.62658231025828, "39": 29.636586264079803, "40": 31.310176223739294, "41": 28.16270874186345, "42": 25.972387769283035, "43": 32.17021292359422, "44": 34.390975505302244, "45": 31.42585201648035, "46": 33.161005471981284, "47": 33.528592757941865, "48": 34.29773430996873, "49": 28.388595947103614, "50": 29.664165746150445, "51": 33.665338573997616, "52": 32.76486426175441, "53": 31.437840428820508, "54": 13.05100010611, "55": 15.49941620774893, "56": 24.04228374648399, "57": 22.155289302041687, "58": 29.291498810080817, "59": 27.420467132306097, "60": 22.77698707034669, "61": 24.70200705576279, "62": 22.292608905849498, "63": 26.44376699648249, "64": 21.58570558446559, "65": 17.51074356527234, "66": 25.328226384919123, "67": 21.682442098631974, "68": 28.143760235685537, "69": 28.81262327963637, "70": 32.2938324685567, "71": 30.549763163434626, "72": 30.429440325404702, "73": 28.488040807871755, "74": 26.047025613127673, "75": 27.357771595883055, "76": 28.906870918370647, "77": 27.20734178907546, "78": 21.76655825966613, "79": 34.06833714531741, "80": 30.00051375794148, "81": 31.285397504667916, "82": 27.331242286171026, "83": 21.024099572367284, "84": 18.690244654427058, "85": 21.04483271760759, "86": 29.089793066505905, "87": 26.901066468641883, "88": 28.153474153653534, "89": 25.65185823476546, "90": 23.18485276347477, "91": 21.162900975521914, "92": 14.863454430022434, "93": 16.046327345273646, "94": 23.146727392032375, "95": 21.476148634005025, "96": 17.374637998725433, "97": 13.82097047439068, "98": 11.882626953092924, "100": 11.716157769533933 } }, "geometry": { "type": "Polygon", "coordinates": [ [ [ 126.625, -22.625 ], [ 126.625, -22.875 ], [ 126.125, -22.875 ], [ 126.125, -23.125 ], [ 125.125, -23.125 ], [ 125.125, -23.375 ], [ 125.625, -23.375 ], [ 125.625, -23.625 ], [ 126.125, -23.625 ], [ 126.125, -23.875 ], [ 126.375, -23.875 ], [ 126.375, -24.375 ], [ 128.875, -24.375 ], [ 128.875, -24.625 ], [ 130.125, -24.625 ], [ 130.125, -24.125 ], [ 130.375, -24.125 ], [ 130.375, -23.625 ], [ 130.875, -23.625 ], [ 130.875, -23.125 ], [ 129.375, -23.125 ], [ 129.375, -22.875 ], [ 128.625, -22.875 ], [ 128.625, -22.625 ], [ 128.125, -22.625 ], [ 128.125, -22.875 ], [ 127.625, -22.875 ], [ 127.625, -22.625 ], [ 126.625, -22.625 ] ] ] } },
{ "type": "Feature", "properties": { "cluster_id": 100, "cohesion": 7.0516806050869967, "distances": { "1": 38.33557661717451, "2": 36.92185020861811, "3": 30.723410752594383, "4": 33.75934754809518, "5": 32.47753959611931, "6": 35.97211303293813, "7": 39.66258211302132, "8": 38.956693986857765, "9": 35.41980804975998, "10": 39.60178192701436, "11": 37.217778457801764, "12": 36.07085699257938, "13": 31.954467150375734, "14": 28.707249078935597, "15": 32.22649832664385, "16": 23.013773476972204, "17": 28.0556870689436, "18": 29.924738716547857, "19": 35.20294845330412, "20": 29.565620044398216, "21": 23.23077168572235, "22": 24.909987098745763, "23": 21.005079517626182, "24": 33.0662840888089, "25": 28.733122615299735, "26": 30.439800503256, "27": 23.07941900708805, "28": 24.628415189843487, "29": 26.147765188935164, "30": 28.01291735445663, "31": 32.48543071439163, "32": 30.80350470969341, "33": 31.11970597676552, "34": 29.482023645097037, "35": 26.403776809416915, "36": 27.77729950841728, "37": 27.78455100342783, "38": 28.40051332085645, "39": 28.02445290351478, "40": 28.878255660680438, "41": 26.534248197637133, "42": 26.035213671583264, "43": 32.289086252144955, "44": 34.070634625518544, "45": 31.166523318234958, "46": 33.17208326316486, "47": 33.7141506193648, "48": 33.481769261500105, "49": 27.285717814409963, "50": 28.463820877920014, "51": 33.47313998096761, "52": 31.784286760309932, "53": 31.02107275834396, "54": 13.522764551706596, "55": 19.602489619830152, "56": 24.0785429126693, "57": 23.955662804887897, "58": 28.391498933032526, "59": 26.34058335326466, "60": 23.223681834388987, "61": 21.612583270975303, "62": 17.646180554928947, "63": 22.77692800373486, "64": 17.238444410089016, "65": 11.526650576362133, "66": 23.075275998297453, "67": 19.153217750846327, "68": 28.703521041212017, "69": 28.89956578429865, "70": 32.37017852915527, "71": 29.951739895343426, "72": 30.83960201944914, "73": 29.222106521678203, "74": 27.859823665359468, "75": 27.94808293215547, "76": 28.286650555389517, "77": 27.1165543996513, "78": 21.924488833713813, "79": 31.25950126666546, "80": 28.11164109968001, "81": 29.41290026465107, "82": 26.50135489413985, "83": 25.239922983069224, "84": 22.20152360774016, "85": 24.727748120054056, "86": 29.62554679274973, "87": 27.87093164035765, "88": 28.21433005047124, "89": 27.113830473606935, "90": 26.10556519236721, "91": 25.43723491342318, "92": 21.02586187120303, "93": 22.749631474722403, "94": 19.065959176539323, "95": 16.945992142418877, "96": 11.519757038437366, "97": 13.330893881820446, "98": 16.618641194038727, "99": 11.716157769533933 } }, "geometry": { "type": "Polygon", "coordinates": [ [ [ 124.375, -22.125 ], [ 124.375, -22.375 ], [ 123.125, -22.375 ], [ 123.125, -22.875 ], [ 122.125, -22.875 ], [ 122.125, -23.125 ], [ 121.875, -23.125 ], [ 121.875, -23.375 ], [ 121.625, -23.375 ], [ 121.625, -23.625 ], [ 121.875, -23.625 ], [ 121.875, -23.875 ], [ 123.125, -23.875 ], [ 123.125, -24.375 ], [ 124.625, -24.375 ], [ 124.625, -24.625 ], [ 126.875, -24.625 ], [ 126.875, -24.375 ], [ 126.375, -24.375 ], [ 126.375, -23.875 ], [ 126.125, -23.875 ], [ 126.125, -23.625 ], [ 125.625, -23.625 ], [ 125.625, -23.375 ], [ 125.125, -23.375 ], [ 125.125, -23.125 ], [ 126.125, -23.125 ], [ 126.125, -22.875 ], [ 126.625, -22.875 ], [ 126.625, -22.625 ], [ 125.375, -22.625 ], [ 125.375, -22.125 ], [ 124.375, -22.125 ] ] ] } }
]
}
