{
"type": "FeatureCollection",
"name": "44_clusters",
"crs": { "type": "name", "properties": { "name": "urn:ogc:def:crs:OGC:1.3:CRS84" } },
"features": [
{ "type": "Feature", "properties": { "cluster_id": 1, "cohesion": 8.6487465638442682, "distances": { "2": 13.250369952054145, "3": 18.90891003463502, "4": 24.180438772686287, "5": 22.659505945916994, "6": 23.239301063618836, "7": 31.28635470849942, "8": 26.527482853515856, "9": 29.087553766751377, "10": 28.5688859101616, "11": 20.82427286707156, "12": 26.722347056664468, "13": 37.711049798453395, "14": 34.58948496119196, "15": 39.87863754826864, "16": 42.861468109085415, "17": 40.63612392067549, "18": 41.38529953404568, "19": 44.52252490134172, "20": 27.143376350708664, "21": 38.61652943866565, "22": 33.31743331578965, "23": 43.69595920892411, "24": 36.096894534564186, "25": 42.99395110033378, "26": 42.236100904424816, "27": 44.20031290308304, "28": 44.97719900122243, "29": 36.95487444699999, "30": 40.43808361313947, "31": 43.926329450547875, "32": 27.04416451430068, "33": 28.643438069265653, "34": 29.279854833332728, "35": 30.725440396193086, "36": 28.456836209683093, "37": 25.990828386969387, "38": 40.48563410256881, "39": 36.73051222073077, "40": 32.41757472356624, "41": 36.92768791924734, "42": 32.40589410299943, "43": 34.40807893144623, "44": 38.23844039067955 } }, "geometry": { "type": "MultiPolygon", "coordinates": [ [ [ [ 142.125, -16.375 ], [ 142.375, -16.375 ], [ 142.375, -16.625 ], [ 142.625, -16.625 ], [ 142.625, -17.625 ], [ 142.875, -17.625 ], [ 142.875, -18.125 ], [ 143.125, -18.125 ], [ 143.125, -18.375 ], [ 143.375, -18.375 ], [ 143.375, -19.375 ], [ 143.625, -19.375 ], [ 143.625, -19.625 ], [ 143.375, -19.625 ], [ 143.375, -20.125 ], [ 143.125, -20.125 ], [ 143.125, -19.875 ], [ 142.875, -19.875 ], [ 142.875, -19.625 ], [ 142.625, -19.625 ], [ 142.625, -18.875 ], [ 142.375, -18.875 ], [ 142.375, -18.375 ], [ 142.125, -18.375 ], [ 142.125, -17.625 ], [ 141.875, -17.625 ], [ 141.875, -16.125 ], [ 142.125, -16.125 ], [ 142.125, -16.375 ] ] ], [ [ [ 144.625, -17.375 ], [ 143.875, -17.375 ], [ 143.875, -17.125 ], [ 144.625, -17.125 ], [ 144.625, -17.375 ] ] ], [ [ [ 141.875, -16.125 ], [ 141.625, -16.125 ], [ 141.625, -15.625 ], [ 141.875, -15.625 ], [ 141.875, -16.125 ] ] ], [ [ [ 141.625, -14.125 ], [ 141.625, -15.625 ], [ 141.375, -15.625 ], [ 141.375, -15.125 ], [ 141.125, -15.125 ], [ 141.125, -13.625 ], [ 141.375, -13.625 ], [ 141.375, -14.125 ], [ 141.625, -14.125 ] ] ], [ [ [ 142.875, -10.875 ], [ 142.875, -11.125 ], [ 143.125, -11.125 ], [ 143.125, -11.875 ], [ 143.375, -11.875 ], [ 143.375, -12.375 ], [ 143.625, -12.375 ], [ 143.625, -12.875 ], [ 143.875, -12.875 ], [ 143.875, -13.875 ], [ 144.625, -13.875 ], [ 144.625, -14.125 ], [ 144.875, -14.125 ], [ 144.875, -14.375 ], [ 145.125, -14.375 ], [ 145.125, -14.625 ], [ 145.375, -14.625 ], [ 145.375, -14.875 ], [ 145.625, -14.875 ], [ 145.625, -16.125 ], [ 145.875, -16.125 ], [ 145.875, -16.625 ], [ 145.625, -16.625 ], [ 145.625, -16.375 ], [ 145.375, -16.375 ], [ 145.375, -16.125 ], [ 145.125, -16.125 ], [ 145.125, -16.625 ], [ 144.875, -16.625 ], [ 144.875, -16.875 ], [ 144.125, -16.875 ], [ 144.125, -16.375 ], [ 144.375, -16.375 ], [ 144.375, -15.625 ], [ 144.125, -15.625 ], [ 144.125, -15.375 ], [ 143.875, -15.375 ], [ 143.875, -15.125 ], [ 143.625, -15.125 ], [ 143.625, -14.625 ], [ 143.125, -14.625 ], [ 143.125, -14.875 ], [ 142.375, -14.875 ], [ 142.375, -14.375 ], [ 142.125, -14.375 ], [ 142.125, -13.625 ], [ 141.875, -13.625 ], [ 141.875, -11.625 ], [ 142.125, -11.625 ], [ 142.125, -10.625 ], [ 142.625, -10.625 ], [ 142.625, -10.875 ], [ 142.875, -10.875 ] ] ] ] } },
{ "type": "Feature", "properties": { "cluster_id": 2, "cohesion": 10.389644273938883, "distances": { "1": 13.250369952054145, "3": 24.386121194100017, "4": 28.488039238871835, "5": 23.66089976031765, "6": 20.1701027753368, "7": 30.943898864591844, "8": 28.534970364110055, "9": 31.46791688160797, "10": 29.059057720080652, "11": 22.344647610215496, "12": 24.57610194889921, "13": 33.95025814379347, "14": 31.03233978263042, "15": 33.779661972214114, "16": 37.31931892905718, "17": 35.73986862942186, "18": 36.74942703780864, "19": 38.77494942300609, "20": 24.164272862629684, "21": 33.08942837555634, "22": 28.68329018018281, "23": 37.17811602994408, "24": 30.001911602070013, "25": 35.81201460208792, "26": 36.76517639201582, "27": 38.018490056781005, "28": 38.035573539600946, "29": 31.13239086694275, "30": 35.232128365940135, "31": 37.80885038289185, "32": 19.67845468141384, "33": 23.45961697775793, "34": 26.152430377406013, "35": 28.630018261749157, "36": 27.720771496436814, "37": 25.176523666270228, "38": 35.187544847922325, "39": 31.01454005420806, "40": 28.264411570776225, "41": 33.75848284659127, "42": 29.741668015814955, "43": 32.587206732836584, "44": 34.55156840864495 } }, "geometry": { "type": "MultiPolygon", "coordinates": [ [ [ [ 143.625, -20.375 ], [ 143.875, -20.375 ], [ 143.875, -20.625 ], [ 144.125, -20.625 ], [ 144.125, -20.875 ], [ 144.375, -20.875 ], [ 144.375, -21.375 ], [ 143.875, -21.375 ], [ 143.875, -21.625 ], [ 143.625, -21.625 ], [ 143.625, -22.375 ], [ 143.375, -22.375 ], [ 143.375, -22.125 ], [ 143.125, -22.125 ], [ 143.125, -21.625 ], [ 143.375, -21.625 ], [ 143.375, -21.375 ], [ 143.625, -21.375 ], [ 143.625, -20.625 ], [ 143.375, -20.625 ], [ 143.375, -19.625 ], [ 143.625, -19.625 ], [ 143.625, -20.375 ] ] ], [ [ [ 143.625, -19.375 ], [ 143.375, -19.375 ], [ 143.375, -18.375 ], [ 143.125, -18.375 ], [ 143.125, -18.125 ], [ 142.875, -18.125 ], [ 142.875, -17.625 ], [ 142.625, -17.625 ], [ 142.625, -16.625 ], [ 142.375, -16.625 ], [ 142.375, -16.375 ], [ 142.125, -16.375 ], [ 142.125, -16.125 ], [ 141.875, -16.125 ], [ 141.875, -15.625 ], [ 141.625, -15.625 ], [ 141.625, -14.125 ], [ 141.375, -14.125 ], [ 141.375, -13.625 ], [ 141.125, -13.625 ], [ 141.125, -12.875 ], [ 141.375, -12.875 ], [ 141.375, -12.125 ], [ 141.625, -12.125 ], [ 141.625, -11.125 ], [ 141.875, -11.125 ], [ 141.875, -10.875 ], [ 142.125, -10.875 ], [ 142.125, -11.625 ], [ 141.875, -11.625 ], [ 141.875, -13.625 ], [ 142.125, -13.625 ], [ 142.125, -14.375 ], [ 142.375, -14.375 ], [ 142.375, -14.875 ], [ 143.125, -14.875 ], [ 143.125, -14.625 ], [ 143.625, -14.625 ], [ 143.625, -15.125 ], [ 143.875, -15.125 ], [ 143.875, -15.375 ], [ 144.125, -15.375 ], [ 144.125, -15.625 ], [ 144.375, -15.625 ], [ 144.375, -16.375 ], [ 144.125, -16.375 ], [ 144.125, -16.875 ], [ 144.875, -16.875 ], [ 144.875, -16.625 ], [ 145.125, -16.625 ], [ 145.125, -16.125 ], [ 145.375, -16.125 ], [ 145.375, -16.375 ], [ 145.625, -16.375 ], [ 145.625, -16.625 ], [ 145.875, -16.625 ], [ 145.875, -16.875 ], [ 146.125, -16.875 ], [ 146.125, -17.125 ], [ 146.375, -17.125 ], [ 146.375, -17.375 ], [ 146.625, -17.375 ], [ 146.625, -17.875 ], [ 146.375, -17.875 ], [ 146.375, -18.125 ], [ 146.625, -18.125 ], [ 146.625, -18.875 ], [ 147.375, -18.875 ], [ 147.375, -19.125 ], [ 147.625, -19.125 ], [ 147.625, -19.375 ], [ 147.875, -19.375 ], [ 147.875, -19.625 ], [ 148.375, -19.625 ], [ 148.375, -19.875 ], [ 148.625, -19.875 ], [ 148.625, -20.125 ], [ 148.875, -20.125 ], [ 148.875, -20.375 ], [ 149.125, -20.375 ], [ 149.125, -20.875 ], [ 148.875, -20.875 ], [ 148.875, -20.625 ], [ 148.625, -20.625 ], [ 148.625, -20.375 ], [ 148.375, -20.375 ], [ 148.375, -20.625 ], [ 148.125, -20.625 ], [ 148.125, -20.375 ], [ 147.625, -20.375 ], [ 147.625, -20.125 ], [ 147.375, -20.125 ], [ 147.375, -19.625 ], [ 147.125, -19.625 ], [ 147.125, -19.375 ], [ 146.875, -19.375 ], [ 146.875, -19.125 ], [ 146.125, -19.125 ], [ 146.125, -18.875 ], [ 145.875, -18.875 ], [ 145.875, -18.625 ], [ 145.375, -18.625 ], [ 145.375, -18.375 ], [ 145.125, -18.375 ], [ 145.125, -19.125 ], [ 145.375, -19.125 ], [ 145.375, -19.375 ], [ 145.625, -19.375 ], [ 145.625, -19.625 ], [ 145.875, -19.625 ], [ 145.875, -19.875 ], [ 144.125, -19.875 ], [ 144.125, -19.625 ], [ 143.625, -19.625 ], [ 143.625, -19.375 ] ], [ [ 143.875, -17.375 ], [ 144.625, -17.375 ], [ 144.625, -17.125 ], [ 143.875, -17.125 ], [ 143.875, -17.375 ] ] ] ] } },
{ "type": "Feature", "properties": { "cluster_id": 3, "cohesion": 8.5311386439412491, "distances": { "1": 18.90891003463502, "2": 24.38612119410002, "4": 13.045817225583196, "5": 19.48332768759154, "6": 25.606418457886207, "7": 27.660800882331685, "8": 18.195001503537913, "9": 21.375803011387013, "10": 24.93011720711623, "11": 15.22618408087, "12": 24.915316641778126, "13": 43.61247128959111, "14": 42.11010338577427, "15": 47.86718379624397, "16": 48.22251775886547, "17": 45.59103447819432, "18": 47.78917234341921, "19": 50.7382609210647, "20": 32.12588965716056, "21": 42.445957341667935, "22": 37.963010383776535, "23": 48.31450347482716, "24": 42.63911875422553, "25": 49.63481498406526, "26": 45.44712768950653, "27": 49.959375162748024, "28": 50.65946507820941, "29": 42.24439235762349, "30": 43.43865989063538, "31": 47.53956327281968, "32": 34.4873906903054, "33": 32.66853431458539, "34": 31.58681162161097, "35": 32.71734891264319, "36": 34.08595829155131, "37": 30.310273380945315, "38": 45.03543033735629, "39": 41.81351614830151, "40": 35.39530471928827, "41": 37.45995414003778, "42": 34.09183598599405, "43": 32.6122556041944, "44": 39.347031532926344 } }, "geometry": { "type": "MultiPolygon", "coordinates": [ [ [ [ 141.375, -15.125 ], [ 141.375, -15.625 ], [ 141.625, -15.625 ], [ 141.625, -16.125 ], [ 141.875, -16.125 ], [ 141.875, -17.625 ], [ 142.125, -17.625 ], [ 142.125, -18.375 ], [ 142.375, -18.375 ], [ 142.375, -18.875 ], [ 142.625, -18.875 ], [ 142.625, -19.625 ], [ 142.875, -19.625 ], [ 142.875, -20.125 ], [ 142.375, -20.125 ], [ 142.375, -19.375 ], [ 142.125, -19.375 ], [ 142.125, -18.875 ], [ 141.875, -18.875 ], [ 141.875, -18.625 ], [ 141.625, -18.625 ], [ 141.625, -18.125 ], [ 141.375, -18.125 ], [ 141.375, -17.875 ], [ 141.125, -17.875 ], [ 141.125, -17.625 ], [ 140.375, -17.625 ], [ 140.375, -17.375 ], [ 140.625, -17.375 ], [ 140.625, -16.875 ], [ 140.875, -16.875 ], [ 140.875, -15.875 ], [ 141.125, -15.875 ], [ 141.125, -15.125 ], [ 141.375, -15.125 ] ] ], [ [ [ 133.875, -11.875 ], [ 133.875, -12.125 ], [ 135.625, -12.125 ], [ 135.625, -12.375 ], [ 135.875, -12.375 ], [ 135.875, -12.875 ], [ 135.625, -12.875 ], [ 135.625, -13.125 ], [ 135.375, -13.125 ], [ 135.375, -13.375 ], [ 134.875, -13.375 ], [ 134.875, -13.125 ], [ 133.875, -13.125 ], [ 133.875, -13.375 ], [ 133.625, -13.375 ], [ 133.625, -13.625 ], [ 133.375, -13.625 ], [ 133.375, -14.125 ], [ 133.125, -14.125 ], [ 133.125, -14.375 ], [ 132.875, -14.375 ], [ 132.875, -14.625 ], [ 132.625, -14.625 ], [ 132.625, -14.875 ], [ 132.375, -14.875 ], [ 132.375, -15.375 ], [ 132.625, -15.375 ], [ 132.625, -16.125 ], [ 132.125, -16.125 ], [ 132.125, -15.875 ], [ 131.625, -15.875 ], [ 131.625, -16.125 ], [ 131.375, -16.125 ], [ 131.375, -15.375 ], [ 130.875, -15.375 ], [ 130.875, -14.625 ], [ 130.375, -14.625 ], [ 130.375, -14.875 ], [ 129.875, -14.875 ], [ 129.875, -14.125 ], [ 130.125, -14.125 ], [ 130.125, -13.875 ], [ 130.375, -13.875 ], [ 130.375, -13.625 ], [ 130.875, -13.625 ], [ 130.875, -13.375 ], [ 131.125, -13.375 ], [ 131.125, -13.125 ], [ 131.875, -13.125 ], [ 131.875, -12.875 ], [ 132.125, -12.875 ], [ 132.125, -12.625 ], [ 132.625, -12.625 ], [ 132.625, -12.375 ], [ 133.125, -12.375 ], [ 133.125, -11.875 ], [ 133.875, -11.875 ] ] ] ] } },
{ "type": "Feature", "properties": { "cluster_id": 4, "cohesion": 9.8110680516314019, "distances": { "1": 24.18043877268628, "2": 28.488039238871835, "3": 13.04581722558319, "5": 16.42529344538226, "6": 24.194971707552103, "7": 22.932388391475673, "8": 15.10360224498097, "9": 15.33008514448466, "10": 22.47885907686377, "11": 17.31111691086553, "12": 25.399038615456817, "13": 44.52070551459275, "14": 44.37123764985784, "15": 49.694199011315895, "16": 47.37848585724638, "17": 45.222002481287255, "18": 48.55170768220119, "19": 50.92894027861768, "20": 34.57557781120832, "21": 43.39053584359431, "22": 39.71353016008982, "23": 49.04210851120776, "24": 44.468368243645315, "25": 50.850008828013394, "26": 44.09002305730386, "27": 49.54432632970287, "28": 51.11855994612955, "29": 42.62420765070242, "30": 42.94172406383299, "31": 47.28562241379705, "32": 35.755510005561476, "33": 32.52831503738658, "34": 31.49795020418558, "35": 32.401265536487166, "36": 36.32309733894967, "37": 31.787029213863526, "38": 43.6259558012101, "39": 41.407376077078546, "40": 33.082813370933025, "41": 34.19958252376311, "42": 33.23930002856182, "43": 29.04074041103279, "44": 37.215724926842604 } }, "geometry": { "type": "MultiPolygon", "coordinates": [ [ [ [ 130.375, -14.875 ], [ 130.375, -14.625 ], [ 130.875, -14.625 ], [ 130.875, -15.375 ], [ 131.375, -15.375 ], [ 131.375, -16.125 ], [ 131.625, -16.125 ], [ 131.625, -15.875 ], [ 132.125, -15.875 ], [ 132.125, -16.125 ], [ 132.625, -16.125 ], [ 132.625, -15.375 ], [ 132.375, -15.375 ], [ 132.375, -14.875 ], [ 132.625, -14.875 ], [ 132.625, -15.125 ], [ 132.875, -15.125 ], [ 132.875, -15.375 ], [ 133.875, -15.375 ], [ 133.875, -15.625 ], [ 134.125, -15.625 ], [ 134.125, -15.375 ], [ 134.375, -15.375 ], [ 134.375, -15.125 ], [ 134.625, -15.125 ], [ 134.625, -14.875 ], [ 135.375, -14.875 ], [ 135.375, -15.125 ], [ 136.375, -15.125 ], [ 136.375, -15.375 ], [ 136.625, -15.375 ], [ 136.625, -15.625 ], [ 137.375, -15.625 ], [ 137.375, -15.875 ], [ 137.875, -15.875 ], [ 137.875, -16.125 ], [ 138.125, -16.125 ], [ 138.125, -16.375 ], [ 138.875, -16.375 ], [ 138.875, -16.625 ], [ 139.125, -16.625 ], [ 139.125, -16.875 ], [ 139.375, -16.875 ], [ 139.375, -17.125 ], [ 139.625, -17.125 ], [ 139.625, -17.375 ], [ 140.375, -17.375 ], [ 140.375, -17.625 ], [ 141.125, -17.625 ], [ 141.125, -17.875 ], [ 141.375, -17.875 ], [ 141.375, -18.125 ], [ 141.625, -18.125 ], [ 141.625, -18.625 ], [ 141.875, -18.625 ], [ 141.875, -18.875 ], [ 142.125, -18.875 ], [ 142.125, -19.375 ], [ 142.375, -19.375 ], [ 142.375, -20.125 ], [ 141.625, -20.125 ], [ 141.625, -20.625 ], [ 141.375, -20.625 ], [ 141.375, -21.125 ], [ 140.375, -21.125 ], [ 140.375, -20.875 ], [ 139.125, -20.875 ], [ 139.125, -20.625 ], [ 138.875, -20.625 ], [ 138.875, -20.375 ], [ 138.625, -20.375 ], [ 138.625, -20.125 ], [ 138.375, -20.125 ], [ 138.375, -19.875 ], [ 138.125, -19.875 ], [ 138.125, -20.125 ], [ 137.625, -20.125 ], [ 137.625, -19.875 ], [ 137.125, -19.875 ], [ 137.125, -19.375 ], [ 135.875, -19.375 ], [ 135.875, -19.125 ], [ 134.875, -19.125 ], [ 134.875, -19.375 ], [ 132.875, -19.375 ], [ 132.875, -19.125 ], [ 130.875, -19.125 ], [ 130.875, -18.875 ], [ 130.125, -18.875 ], [ 130.125, -19.125 ], [ 128.625, -19.125 ], [ 128.625, -18.625 ], [ 128.375, -18.625 ], [ 128.375, -17.625 ], [ 128.625, -17.625 ], [ 128.625, -16.625 ], [ 128.875, -16.625 ], [ 128.875, -15.875 ], [ 128.375, -15.875 ], [ 128.375, -15.125 ], [ 128.625, -15.125 ], [ 128.625, -14.875 ], [ 129.625, -14.875 ], [ 129.625, -14.125 ], [ 129.875, -14.125 ], [ 129.875, -14.875 ], [ 130.375, -14.875 ] ] ], [ [ [ 129.875, -13.875 ], [ 130.125, -13.875 ], [ 130.125, -14.125 ], [ 129.875, -14.125 ], [ 129.875, -13.875 ] ] ], [ [ [ 130.375, -13.875 ], [ 130.125, -13.875 ], [ 130.125, -13.625 ], [ 130.375, -13.625 ], [ 130.375, -13.875 ] ] ], [ [ [ 134.875, -13.375 ], [ 135.375, -13.375 ], [ 135.375, -13.625 ], [ 135.125, -13.625 ], [ 135.125, -13.875 ], [ 134.875, -13.875 ], [ 134.875, -14.125 ], [ 134.375, -14.125 ], [ 134.375, -13.125 ], [ 134.875, -13.125 ], [ 134.875, -13.375 ] ] ], [ [ [ 130.875, -13.625 ], [ 130.375, -13.625 ], [ 130.375, -13.375 ], [ 130.625, -13.375 ], [ 130.625, -13.125 ], [ 131.125, -13.125 ], [ 131.125, -13.375 ], [ 130.875, -13.375 ], [ 130.875, -13.625 ] ] ], [ [ [ 131.875, -13.125 ], [ 131.125, -13.125 ], [ 131.125, -12.875 ], [ 131.875, -12.875 ], [ 131.875, -13.125 ] ] ] ] } },
{ "type": "Feature", "properties": { "cluster_id": 5, "cohesion": 9.0510530766706356, "distances": { "1": 22.659505945916994, "2": 23.66089976031765, "3": 19.483327687591544, "4": 16.425293445382255, "6": 13.954498781386324, "7": 18.019538634394024, "8": 19.756025360177397, "9": 15.19467023851051, "10": 23.604120200051703, "11": 19.91137994583469, "12": 24.532085615047205, "13": 40.45739499289193, "14": 40.91366529513919, "15": 44.27610382616778, "16": 40.35040560338227, "17": 39.41137069226078, "18": 43.8448922528236, "19": 44.98884819423252, "20": 30.797846156704836, "21": 37.67993220728056, "22": 34.62000178707455, "23": 42.760226773547764, "24": 38.395399693527594, "25": 44.03008120673462, "26": 37.449651212207044, "27": 42.602795151928966, "28": 44.36212827580912, "29": 37.020181034625175, "30": 37.9702378087984, "31": 41.24860422941953, "32": 27.937338717833082, "33": 24.99703075756311, "34": 26.339527519249035, "35": 28.966340378906995, "36": 34.742020234556584, "37": 29.492123373931996, "38": 35.72454515629439, "39": 34.392632986469685, "40": 23.574014348073568, "41": 26.832959705491355, "42": 30.673466783109415, "43": 25.62479533671673, "44": 32.46669497109549 } }, "geometry": { "type": "Polygon", "coordinates": [ [ [ 142.875, -19.875 ], [ 142.875, -20.125 ], [ 141.625, -20.125 ], [ 141.625, -20.625 ], [ 141.375, -20.625 ], [ 141.375, -21.125 ], [ 140.375, -21.125 ], [ 140.375, -20.875 ], [ 139.125, -20.875 ], [ 139.125, -20.625 ], [ 138.875, -20.625 ], [ 138.875, -20.375 ], [ 138.375, -20.375 ], [ 138.375, -20.625 ], [ 138.625, -20.625 ], [ 138.625, -21.375 ], [ 138.875, -21.375 ], [ 138.875, -21.875 ], [ 140.625, -21.875 ], [ 140.625, -21.625 ], [ 140.875, -21.625 ], [ 140.875, -21.875 ], [ 142.375, -21.875 ], [ 142.375, -21.375 ], [ 143.125, -21.375 ], [ 143.125, -19.875 ], [ 142.875, -19.875 ] ] ] } },
{ "type": "Feature", "properties": { "cluster_id": 6, "cohesion": 8.0158196982204011, "distances": { "1": 23.239301063618836, "2": 20.170102775336797, "3": 25.606418457886207, "4": 24.1949717075521, "5": 13.954498781386325, "7": 20.011685320630416, "8": 24.078295054744423, "9": 22.32540153479907, "10": 25.112657337218014, "11": 22.035857503351966, "12": 22.882636181483786, "13": 35.53723968003372, "14": 36.00504641483268, "15": 37.193652141744884, "16": 33.12722199075308, "17": 32.992882528601925, "18": 37.93828350875842, "19": 38.03443865961135, "20": 27.419642649687134, "21": 32.57308832507978, "22": 30.075010019008122, "23": 36.4203413748757, "24": 32.03535058757383, "25": 36.457655343208046, "26": 31.479601085517672, "27": 35.14409873767614, "28": 36.99605398233433, "29": 30.58406647822155, "30": 32.675412579764995, "31": 35.15326758901029, "32": 19.627171356024366, "33": 17.812880191208546, "34": 22.295174538276584, "35": 26.23644655334242, "36": 32.593431620969525, "37": 27.833785929993056, "38": 28.72159500134221, "39": 26.837986111872265, "40": 16.623102158872314, "41": 23.50220031369219, "42": 27.64426955856524, "43": 24.58854513829611, "44": 28.710752876491405 } }, "geometry": { "type": "Polygon", "coordinates": [ [ [ 143.125, -20.125 ], [ 143.125, -21.375 ], [ 142.375, -21.375 ], [ 142.375, -21.875 ], [ 140.875, -21.875 ], [ 140.875, -21.625 ], [ 140.625, -21.625 ], [ 140.625, -21.875 ], [ 140.125, -21.875 ], [ 140.125, -22.125 ], [ 140.375, -22.125 ], [ 140.375, -22.375 ], [ 140.625, -22.375 ], [ 140.625, -22.625 ], [ 141.125, -22.625 ], [ 141.125, -22.375 ], [ 141.625, -22.375 ], [ 141.625, -22.625 ], [ 141.875, -22.625 ], [ 141.875, -23.125 ], [ 142.125, -23.125 ], [ 142.125, -23.375 ], [ 142.875, -23.375 ], [ 142.875, -23.125 ], [ 143.125, -23.125 ], [ 143.125, -22.875 ], [ 143.375, -22.875 ], [ 143.375, -22.125 ], [ 143.125, -22.125 ], [ 143.125, -21.625 ], [ 143.375, -21.625 ], [ 143.375, -21.375 ], [ 143.625, -21.375 ], [ 143.625, -20.625 ], [ 143.375, -20.625 ], [ 143.375, -20.125 ], [ 143.125, -20.125 ] ] ] } },
{ "type": "Feature", "properties": { "cluster_id": 7, "cohesion": 9.7282918018884281, "distances": { "1": 31.286354708499413, "2": 30.94389886459184, "3": 27.66080088233169, "4": 22.932388391475673, "5": 18.01953863439402, "6": 20.011685320630416, "8": 19.047471094044486, "9": 13.89949655339526, "10": 19.38682150259148, "11": 23.228208069772396, "12": 23.599969292536933, "13": 37.94708106420372, "14": 40.86144690531705, "15": 42.95213085784355, "16": 34.93290631442814, "17": 35.91365782040669, "18": 40.690136696027295, "19": 40.125839125046554, "20": 33.88549344450622, "21": 37.38143867871751, "22": 36.30161796289336, "23": 40.9027279557799, "24": 39.39340598410951, "25": 42.473121442364594, "26": 29.969140712705507, "27": 36.65910574496524, "28": 40.74748699358658, "29": 34.60185668968383, "30": 32.945778204311004, "31": 36.792567848341136, "32": 31.317671832816856, "33": 27.703685332318962, "34": 27.348061889345708, "35": 27.935520526927874, "36": 35.94335054138229, "37": 30.341371626128684, "38": 29.163556330668023, "39": 32.69973221935732, "40": 20.26786733062425, "41": 16.995804812911093, "42": 26.19922975472816, "43": 15.093902163412283, "44": 23.637516333290925 } }, "geometry": { "type": "Polygon", "coordinates": [ [ [ 129.875, -19.625 ], [ 129.875, -19.875 ], [ 128.875, -19.875 ], [ 128.875, -20.125 ], [ 128.125, -20.125 ], [ 128.125, -20.375 ], [ 128.625, -20.375 ], [ 128.625, -20.875 ], [ 128.875, -20.875 ], [ 128.875, -21.625 ], [ 129.875, -21.625 ], [ 129.875, -21.875 ], [ 130.125, -21.875 ], [ 130.125, -22.125 ], [ 130.875, -22.125 ], [ 130.875, -22.375 ], [ 131.625, -22.375 ], [ 131.625, -22.125 ], [ 132.875, -22.125 ], [ 132.875, -21.875 ], [ 136.125, -21.875 ], [ 136.125, -22.125 ], [ 136.625, -22.125 ], [ 136.625, -21.875 ], [ 137.625, -21.875 ], [ 137.625, -22.125 ], [ 138.125, -22.125 ], [ 138.125, -22.375 ], [ 138.375, -22.375 ], [ 138.375, -22.625 ], [ 140.125, -22.625 ], [ 140.125, -22.375 ], [ 140.375, -22.375 ], [ 140.375, -22.125 ], [ 140.125, -22.125 ], [ 140.125, -21.875 ], [ 138.875, -21.875 ], [ 138.875, -21.375 ], [ 138.625, -21.375 ], [ 138.625, -21.125 ], [ 137.625, -21.125 ], [ 137.625, -20.875 ], [ 136.125, -20.875 ], [ 136.125, -21.125 ], [ 134.875, -21.125 ], [ 134.875, -21.375 ], [ 133.625, -21.375 ], [ 133.625, -21.125 ], [ 132.125, -21.125 ], [ 132.125, -21.625 ], [ 131.375, -21.625 ], [ 131.375, -21.375 ], [ 131.125, -21.375 ], [ 131.125, -20.625 ], [ 130.875, -20.625 ], [ 130.875, -20.375 ], [ 130.625, -20.375 ], [ 130.625, -20.125 ], [ 130.375, -20.125 ], [ 130.375, -19.625 ], [ 129.875, -19.625 ] ] ] } },
{ "type": "Feature", "properties": { "cluster_id": 8, "cohesion": 6.9615330663153552, "distances": { "1": 26.527482853515856, "2": 28.534970364110055, "3": 18.195001503537913, "4": 15.10360224498097, "5": 19.75602536017739, "6": 24.078295054744423, "7": 19.047471094044482, "9": 16.291138360319476, "10": 13.380468799950155, "11": 14.584549227154865, "12": 18.04160192307867, "13": 39.1076002523495, "14": 39.754415213253615, "15": 44.04618324608829, "16": 41.47406368315505, "17": 39.86715917635698, "18": 42.606296217709954, "19": 44.450793554918675, "20": 33.02272019271419, "21": 40.01284562733237, "22": 37.38504738633999, "23": 44.16962052141378, "24": 40.96648398816414, "25": 45.68838350531302, "26": 37.44507982308315, "27": 43.12401379713832, "28": 45.14274361905267, "29": 36.56078145698654, "30": 35.73436282819945, "31": 41.05477840816409, "32": 32.8086564252343, "33": 30.14075404149673, "34": 29.122490470239068, "35": 28.88915266293937, "36": 33.203273894480375, "37": 29.237220351563387, "38": 38.204843681510965, "39": 36.9898624730049, "40": 29.80313709672733, "41": 29.184206068810234, "42": 25.290307313706162, "43": 21.191629876344948, "44": 29.596252889800382 } }, "geometry": { "type": "Polygon", "coordinates": [ [ [ 128.125, -15.375 ], [ 128.125, -15.625 ], [ 127.875, -15.625 ], [ 127.875, -16.125 ], [ 128.125, -16.125 ], [ 128.125, -16.375 ], [ 127.875, -16.375 ], [ 127.875, -16.625 ], [ 127.625, -16.625 ], [ 127.625, -16.125 ], [ 127.125, -16.125 ], [ 127.125, -16.375 ], [ 126.875, -16.375 ], [ 126.875, -16.625 ], [ 126.625, -16.625 ], [ 126.625, -16.875 ], [ 126.375, -16.875 ], [ 126.375, -17.125 ], [ 126.125, -17.125 ], [ 126.125, -17.625 ], [ 125.875, -17.625 ], [ 125.875, -17.875 ], [ 125.375, -17.875 ], [ 125.375, -17.625 ], [ 125.625, -17.625 ], [ 125.625, -16.625 ], [ 125.875, -16.625 ], [ 125.875, -16.125 ], [ 125.625, -16.125 ], [ 125.625, -15.875 ], [ 125.375, -15.875 ], [ 125.375, -16.125 ], [ 125.125, -16.125 ], [ 125.125, -16.375 ], [ 124.625, -16.375 ], [ 124.625, -16.875 ], [ 124.875, -16.875 ], [ 124.875, -17.375 ], [ 124.625, -17.375 ], [ 124.625, -18.125 ], [ 124.875, -18.125 ], [ 124.875, -18.375 ], [ 125.625, -18.375 ], [ 125.625, -19.125 ], [ 125.875, -19.125 ], [ 125.875, -19.625 ], [ 127.125, -19.625 ], [ 127.125, -19.375 ], [ 127.375, -19.375 ], [ 127.375, -19.125 ], [ 127.625, -19.125 ], [ 127.625, -18.875 ], [ 128.125, -18.875 ], [ 128.125, -19.375 ], [ 128.375, -19.375 ], [ 128.375, -19.125 ], [ 128.625, -19.125 ], [ 128.625, -18.625 ], [ 128.375, -18.625 ], [ 128.375, -17.625 ], [ 128.625, -17.625 ], [ 128.625, -16.625 ], [ 128.875, -16.625 ], [ 128.875, -15.875 ], [ 128.375, -15.875 ], [ 128.375, -15.375 ], [ 128.125, -15.375 ] ] ] } },
{ "type": "Feature", "properties": { "cluster_id": 9, "cohesion": 8.2391740989302633, "distances": { "1": 29.087553766751384, "2": 31.467916881607962, "3": 21.37580301138701, "4": 15.330085144484663, "5": 15.19467023851051, "6": 22.32540153479907, "7": 13.89949655339526, "8": 16.29113836031947, "10": 20.792334745571186, "11": 21.457678595608467, "12": 26.020225301899934, "13": 43.2946713586235, "14": 45.032719028389316, "15": 49.02745667328069, "16": 43.04434801892138, "17": 42.56331980658804, "18": 46.92300340071244, "19": 47.831373833795325, "20": 35.79916752458325, "21": 41.85185459461975, "22": 39.53790860933923, "23": 46.858935811602464, "24": 44.01561538629119, "25": 49.013412137688306, "26": 38.53716100815063, "27": 45.23029421910558, "28": 48.165818511953475, "29": 40.828108226755624, "30": 39.76471502136474, "31": 43.846114683601115, "32": 35.65270543677309, "33": 31.681348614610858, "34": 30.649121939006267, "35": 31.329194294173956, "36": 37.87698006831008, "37": 32.24263784304339, "38": 37.81406417384873, "39": 39.023369094895976, "40": 27.304820233576827, "41": 25.613020071457413, "42": 31.201540512527863, "43": 22.109647167781905, "44": 31.472566613079 } }, "geometry": { "type": "Polygon", "coordinates": [ [ [ 130.125, -18.875 ], [ 130.125, -19.125 ], [ 128.375, -19.125 ], [ 128.375, -19.625 ], [ 129.125, -19.625 ], [ 129.125, -19.875 ], [ 129.875, -19.875 ], [ 129.875, -19.625 ], [ 130.375, -19.625 ], [ 130.375, -20.125 ], [ 130.625, -20.125 ], [ 130.625, -20.375 ], [ 130.875, -20.375 ], [ 130.875, -20.625 ], [ 131.125, -20.625 ], [ 131.125, -21.375 ], [ 131.375, -21.375 ], [ 131.375, -21.625 ], [ 132.125, -21.625 ], [ 132.125, -21.125 ], [ 133.625, -21.125 ], [ 133.625, -21.375 ], [ 134.875, -21.375 ], [ 134.875, -21.125 ], [ 136.125, -21.125 ], [ 136.125, -20.875 ], [ 137.625, -20.875 ], [ 137.625, -21.125 ], [ 138.625, -21.125 ], [ 138.625, -20.625 ], [ 138.375, -20.625 ], [ 138.375, -20.375 ], [ 138.625, -20.375 ], [ 138.625, -20.125 ], [ 138.375, -20.125 ], [ 138.375, -19.875 ], [ 138.125, -19.875 ], [ 138.125, -20.125 ], [ 137.625, -20.125 ], [ 137.625, -19.875 ], [ 137.125, -19.875 ], [ 137.125, -19.375 ], [ 135.875, -19.375 ], [ 135.875, -19.125 ], [ 134.875, -19.125 ], [ 134.875, -19.375 ], [ 132.875, -19.375 ], [ 132.875, -19.125 ], [ 130.875, -19.125 ], [ 130.875, -18.875 ], [ 130.125, -18.875 ] ] ] } },
{ "type": "Feature", "properties": { "cluster_id": 10, "cohesion": 9.8418411623220958, "distances": { "1": 28.5688859101616, "2": 29.05905772008065, "3": 24.93011720711623, "4": 22.47885907686376, "5": 23.604120200051703, "6": 25.112657337218014, "7": 19.38682150259148, "8": 13.380468799950155, "9": 20.792334745571186, "11": 19.241540594849006, "12": 17.54424944926951, "13": 34.248790065259755, "14": 35.603964093551916, "15": 39.6885699230454, "16": 36.8443120947096, "17": 35.433952829395764, "18": 37.50601804698487, "19": 39.30985335400287, "20": 32.553635506132736, "21": 37.96091205151538, "22": 36.37521730739549, "23": 40.870409986271135, "24": 38.86840099273342, "25": 42.25778081901325, "26": 32.626789026671034, "27": 38.16715351878455, "28": 40.88290960839886, "29": 30.951998065635564, "30": 29.695021651303062, "31": 36.14782954812199, "32": 31.045951796511286, "33": 28.920037254328616, "34": 27.349370754301876, "35": 25.90656414172003, "36": 29.767717558171444, "37": 26.40924936483509, "38": 34.18690740661263, "39": 33.486525100368, "40": 27.860795656160274, "41": 26.600443784681428, "42": 17.95427098915288, "43": 16.50200904860271, "44": 23.639950237825804 } }, "geometry": { "type": "Polygon", "coordinates": [ [ [ 124.375, -16.375 ], [ 124.375, -16.625 ], [ 123.875, -16.625 ], [ 123.875, -17.125 ], [ 123.625, -17.125 ], [ 123.625, -17.375 ], [ 123.375, -17.375 ], [ 123.375, -17.625 ], [ 123.125, -17.625 ], [ 123.125, -17.875 ], [ 122.625, -17.875 ], [ 122.625, -17.375 ], [ 122.875, -17.375 ], [ 122.875, -17.125 ], [ 123.125, -17.125 ], [ 123.125, -16.875 ], [ 122.625, -16.875 ], [ 122.625, -17.125 ], [ 122.375, -17.125 ], [ 122.375, -18.125 ], [ 121.875, -18.125 ], [ 121.875, -18.375 ], [ 121.625, -18.375 ], [ 121.625, -18.625 ], [ 121.375, -18.625 ], [ 121.375, -18.875 ], [ 121.125, -18.875 ], [ 121.125, -19.125 ], [ 120.875, -19.125 ], [ 120.875, -19.375 ], [ 120.625, -19.375 ], [ 120.625, -19.625 ], [ 120.375, -19.625 ], [ 120.375, -19.875 ], [ 119.625, -19.875 ], [ 119.625, -20.125 ], [ 119.125, -20.125 ], [ 119.125, -20.375 ], [ 118.625, -20.375 ], [ 118.625, -21.375 ], [ 119.125, -21.375 ], [ 119.125, -21.125 ], [ 119.625, -21.125 ], [ 119.625, -21.375 ], [ 120.375, -21.375 ], [ 120.375, -21.125 ], [ 120.625, -21.125 ], [ 120.625, -20.875 ], [ 121.125, -20.875 ], [ 121.125, -20.625 ], [ 122.375, -20.625 ], [ 122.375, -20.875 ], [ 122.625, -20.875 ], [ 122.625, -21.125 ], [ 123.125, -21.125 ], [ 123.125, -21.375 ], [ 124.125, -21.375 ], [ 124.125, -21.125 ], [ 125.375, -21.125 ], [ 125.375, -21.375 ], [ 126.375, -21.375 ], [ 126.375, -21.625 ], [ 126.875, -21.625 ], [ 126.875, -21.375 ], [ 127.625, -21.375 ], [ 127.625, -21.625 ], [ 127.875, -21.625 ], [ 127.875, -21.375 ], [ 128.125, -21.375 ], [ 128.125, -21.125 ], [ 128.375, -21.125 ], [ 128.375, -20.875 ], [ 128.625, -20.875 ], [ 128.625, -20.375 ], [ 128.125, -20.375 ], [ 128.125, -20.125 ], [ 128.875, -20.125 ], [ 128.875, -19.875 ], [ 129.125, -19.875 ], [ 129.125, -19.625 ], [ 128.375, -19.625 ], [ 128.375, -19.375 ], [ 128.125, -19.375 ], [ 128.125, -18.875 ], [ 127.625, -18.875 ], [ 127.625, -19.125 ], [ 127.375, -19.125 ], [ 127.375, -19.375 ], [ 127.125, -19.375 ], [ 127.125, -19.625 ], [ 125.875, -19.625 ], [ 125.875, -19.125 ], [ 125.625, -19.125 ], [ 125.625, -18.375 ], [ 124.875, -18.375 ], [ 124.875, -18.125 ], [ 124.625, -18.125 ], [ 124.625, -17.375 ], [ 124.875, -17.375 ], [ 124.875, -16.875 ], [ 124.625, -16.875 ], [ 124.625, -16.375 ], [ 124.375, -16.375 ] ] ] } },
{ "type": "Feature", "properties": { "cluster_id": 11, "cohesion": 10.705478764781745, "distances": { "1": 20.82427286707156, "2": 22.3446476102155, "3": 15.226184080869999, "4": 17.311116910865522, "5": 19.91137994583469, "6": 22.035857503351963, "7": 23.228208069772396, "8": 14.584549227154866, "9": 21.457678595608463, "10": 19.241540594849006, "12": 15.806496103360146, "13": 36.462431470429756, "14": 35.839669304337555, "15": 39.67932482858133, "16": 39.59153452083483, "17": 37.71403043242647, "18": 39.91973267866337, "19": 41.75764907691252, "20": 27.27033077837664, "21": 35.141017206605326, "22": 31.84065197162089, "23": 39.80736710312083, "24": 35.46430053787487, "25": 40.904040759218844, "26": 36.16675636010043, "27": 40.62532682939509, "28": 41.36023851071169, "29": 33.64245408261726, "30": 34.22362247806292, "31": 38.310993580413516, "32": 27.969351789721127, "33": 26.612280278414993, "34": 25.892858933384353, "35": 27.060203846565173, "36": 30.07582909184057, "37": 26.17725386141534, "38": 36.59806795820406, "39": 34.14112098257513, "40": 28.943111982437202, "41": 30.322875216034507, "42": 26.18385716148698, "43": 25.256428949617476, "44": 30.683679575163264 } }, "geometry": { "type": "MultiPolygon", "coordinates": [ [ [ [ 127.375, -14.125 ], [ 127.625, -14.125 ], [ 127.625, -14.375 ], [ 127.375, -14.375 ], [ 127.375, -15.125 ], [ 127.125, -15.125 ], [ 127.125, -15.625 ], [ 126.875, -15.625 ], [ 126.875, -15.875 ], [ 127.875, -15.875 ], [ 127.875, -16.125 ], [ 128.125, -16.125 ], [ 128.125, -16.375 ], [ 127.875, -16.375 ], [ 127.875, -16.625 ], [ 127.625, -16.625 ], [ 127.625, -16.125 ], [ 127.125, -16.125 ], [ 127.125, -16.375 ], [ 126.875, -16.375 ], [ 126.875, -16.625 ], [ 126.625, -16.625 ], [ 126.625, -16.875 ], [ 126.375, -16.875 ], [ 126.375, -17.125 ], [ 126.125, -17.125 ], [ 126.125, -16.875 ], [ 125.625, -16.875 ], [ 125.625, -16.625 ], [ 125.875, -16.625 ], [ 125.875, -16.125 ], [ 125.625, -16.125 ], [ 125.625, -15.875 ], [ 125.375, -15.875 ], [ 125.375, -16.125 ], [ 125.125, -16.125 ], [ 125.125, -16.375 ], [ 124.625, -16.375 ], [ 124.625, -15.625 ], [ 124.875, -15.625 ], [ 124.875, -15.375 ], [ 125.125, -15.375 ], [ 125.125, -15.125 ], [ 125.375, -15.125 ], [ 125.375, -14.875 ], [ 125.625, -14.875 ], [ 125.625, -14.625 ], [ 125.875, -14.625 ], [ 125.875, -14.375 ], [ 126.125, -14.375 ], [ 126.125, -14.125 ], [ 126.625, -14.125 ], [ 126.625, -13.875 ], [ 127.375, -13.875 ], [ 127.375, -14.125 ] ] ], [ [ [ 127.875, -15.375 ], [ 128.125, -15.375 ], [ 128.125, -15.625 ], [ 127.875, -15.625 ], [ 127.875, -15.375 ] ] ], [ [ [ 128.375, -15.375 ], [ 128.125, -15.375 ], [ 128.125, -15.125 ], [ 128.375, -15.125 ], [ 128.375, -15.375 ] ] ], [ [ [ 128.375, -14.875 ], [ 128.625, -14.875 ], [ 128.625, -15.125 ], [ 128.375, -15.125 ], [ 128.375, -14.875 ] ] ], [ [ [ 129.375, -14.375 ], [ 129.125, -14.375 ], [ 129.125, -14.125 ], [ 129.375, -14.125 ], [ 129.375, -13.875 ], [ 129.625, -13.875 ], [ 129.625, -13.625 ], [ 129.875, -13.625 ], [ 129.875, -13.375 ], [ 130.125, -13.375 ], [ 130.125, -13.125 ], [ 130.375, -13.125 ], [ 130.375, -12.875 ], [ 130.625, -12.875 ], [ 130.625, -12.625 ], [ 131.125, -12.625 ], [ 131.125, -12.375 ], [ 132.375, -12.375 ], [ 132.375, -12.125 ], [ 131.625, -12.125 ], [ 131.625, -11.875 ], [ 132.125, -11.875 ], [ 132.125, -11.625 ], [ 132.375, -11.625 ], [ 132.375, -11.375 ], [ 132.625, -11.375 ], [ 132.625, -11.125 ], [ 133.125, -11.125 ], [ 133.125, -11.375 ], [ 133.875, -11.375 ], [ 133.875, -11.625 ], [ 134.875, -11.625 ], [ 134.875, -11.875 ], [ 135.375, -11.875 ], [ 135.375, -11.625 ], [ 135.625, -11.625 ], [ 135.625, -11.875 ], [ 136.625, -11.875 ], [ 136.625, -12.125 ], [ 136.875, -12.125 ], [ 136.875, -12.375 ], [ 137.125, -12.375 ], [ 137.125, -12.625 ], [ 136.875, -12.625 ], [ 136.875, -13.125 ], [ 136.625, -13.125 ], [ 136.625, -13.375 ], [ 136.375, -13.375 ], [ 136.375, -13.625 ], [ 136.125, -13.625 ], [ 136.125, -13.875 ], [ 136.375, -13.875 ], [ 136.375, -14.125 ], [ 136.125, -14.125 ], [ 136.125, -14.375 ], [ 135.875, -14.375 ], [ 135.875, -14.875 ], [ 136.125, -14.875 ], [ 136.125, -15.125 ], [ 135.375, -15.125 ], [ 135.375, -14.875 ], [ 134.625, -14.875 ], [ 134.625, -15.125 ], [ 134.375, -15.125 ], [ 134.375, -15.375 ], [ 134.125, -15.375 ], [ 134.125, -15.625 ], [ 133.875, -15.625 ], [ 133.875, -15.375 ], [ 132.875, -15.375 ], [ 132.875, -15.125 ], [ 132.625, -15.125 ], [ 132.625, -14.625 ], [ 132.875, -14.625 ], [ 132.875, -14.375 ], [ 133.125, -14.375 ], [ 133.125, -14.125 ], [ 133.375, -14.125 ], [ 133.375, -13.625 ], [ 133.625, -13.625 ], [ 133.625, -13.375 ], [ 133.875, -13.375 ], [ 133.875, -13.125 ], [ 134.375, -13.125 ], [ 134.375, -14.125 ], [ 134.875, -14.125 ], [ 134.875, -13.875 ], [ 135.125, -13.875 ], [ 135.125, -13.625 ], [ 135.375, -13.625 ], [ 135.375, -13.125 ], [ 135.625, -13.125 ], [ 135.625, -12.875 ], [ 135.875, -12.875 ], [ 135.875, -12.375 ], [ 135.625, -12.375 ], [ 135.625, -12.125 ], [ 133.875, -12.125 ], [ 133.875, -11.875 ], [ 133.125, -11.875 ], [ 133.125, -12.375 ], [ 132.625, -12.375 ], [ 132.625, -12.625 ], [ 132.125, -12.625 ], [ 132.125, -12.875 ], [ 131.125, -12.875 ], [ 131.125, -13.125 ], [ 130.625, -13.125 ], [ 130.625, -13.375 ], [ 130.375, -13.375 ], [ 130.375, -13.625 ], [ 130.125, -13.625 ], [ 130.125, -13.875 ], [ 129.875, -13.875 ], [ 129.875, -14.125 ], [ 129.625, -14.125 ], [ 129.625, -14.875 ], [ 128.625, -14.875 ], [ 128.625, -14.625 ], [ 129.375, -14.625 ], [ 129.375, -14.375 ] ] ], [ [ [ 131.625, -11.125 ], [ 131.625, -11.375 ], [ 131.875, -11.375 ], [ 131.875, -11.625 ], [ 131.625, -11.625 ], [ 131.625, -11.875 ], [ 130.875, -11.875 ], [ 130.875, -11.375 ], [ 131.125, -11.375 ], [ 131.125, -10.875 ], [ 131.375, -10.875 ], [ 131.375, -11.125 ], [ 131.625, -11.125 ] ] ], [ [ [ 130.375, -11.125 ], [ 130.375, -10.875 ], [ 130.625, -10.875 ], [ 130.625, -11.125 ], [ 130.375, -11.125 ] ] ] ] } },
{ "type": "Feature", "properties": { "cluster_id": 12, "cohesion": 11.045292600261908, "distances": { "1": 26.72234705666447, "2": 24.57610194889921, "3": 24.915316641778126, "4": 25.399038615456817, "5": 24.532085615047205, "6": 22.88263618148379, "7": 23.59996929253693, "8": 18.04160192307867, "9": 26.020225301899938, "10": 17.54424944926951, "11": 15.806496103360146, "13": 31.02067100050611, "14": 31.525539936789873, "15": 33.13986840666694, "16": 33.072951044054726, "17": 31.827087193912583, "18": 33.75709808344262, "19": 34.51392442405255, "20": 25.406639135877484, "21": 29.318158042964615, "22": 27.936339579137893, "23": 32.33071401130945, "24": 30.035284788524592, "25": 33.540676697169374, "26": 28.699554893432655, "27": 33.15133526202729, "28": 33.33718485878296, "29": 25.927959412364668, "30": 25.912726245818046, "31": 29.93901835599412, "32": 24.352468646665237, "33": 23.76475174866504, "34": 23.02883138514081, "35": 23.816429479247045, "36": 28.218473566197996, "37": 24.459461775483742, "38": 30.630828253557528, "39": 28.721130702417426, "40": 26.022632307489566, "41": 26.62715907074511, "42": 19.892948015492998, "43": 21.45160225784521, "44": 24.171399208312646 } }, "geometry": { "type": "MultiPolygon", "coordinates": [ [ [ [ 126.125, -17.625 ], [ 125.875, -17.625 ], [ 125.875, -17.875 ], [ 125.375, -17.875 ], [ 125.375, -17.625 ], [ 125.625, -17.625 ], [ 125.625, -16.875 ], [ 126.125, -16.875 ], [ 126.125, -17.625 ] ] ], [ [ [ 125.875, -14.375 ], [ 125.875, -14.625 ], [ 125.625, -14.625 ], [ 125.625, -14.875 ], [ 125.375, -14.875 ], [ 125.375, -15.125 ], [ 125.125, -15.125 ], [ 125.125, -15.375 ], [ 124.875, -15.375 ], [ 124.875, -15.625 ], [ 124.625, -15.625 ], [ 124.625, -16.375 ], [ 124.375, -16.375 ], [ 124.375, -16.625 ], [ 123.875, -16.625 ], [ 123.875, -17.125 ], [ 123.625, -17.125 ], [ 123.625, -17.375 ], [ 123.375, -17.375 ], [ 123.375, -17.625 ], [ 123.125, -17.625 ], [ 123.125, -17.875 ], [ 122.625, -17.875 ], [ 122.625, -17.375 ], [ 122.875, -17.375 ], [ 122.875, -17.125 ], [ 123.125, -17.125 ], [ 123.125, -16.875 ], [ 122.625, -16.875 ], [ 122.625, -17.125 ], [ 122.375, -17.125 ], [ 122.375, -18.125 ], [ 122.125, -18.125 ], [ 122.125, -17.875 ], [ 121.875, -17.875 ], [ 121.875, -17.125 ], [ 122.125, -17.125 ], [ 122.125, -16.875 ], [ 122.375, -16.875 ], [ 122.375, -16.625 ], [ 122.625, -16.625 ], [ 122.625, -16.375 ], [ 123.375, -16.375 ], [ 123.375, -16.125 ], [ 123.625, -16.125 ], [ 123.625, -15.875 ], [ 124.125, -15.875 ], [ 124.125, -15.625 ], [ 124.375, -15.625 ], [ 124.375, -15.375 ], [ 124.625, -15.375 ], [ 124.625, -15.125 ], [ 124.875, -15.125 ], [ 124.875, -14.625 ], [ 125.125, -14.625 ], [ 125.125, -14.375 ], [ 125.375, -14.375 ], [ 125.375, -14.125 ], [ 126.125, -14.125 ], [ 126.125, -14.375 ], [ 125.875, -14.375 ] ] ], [ [ [ 127.875, -13.875 ], [ 127.875, -14.125 ], [ 128.125, -14.125 ], [ 128.125, -14.375 ], [ 128.375, -14.375 ], [ 128.375, -14.625 ], [ 128.625, -14.625 ], [ 128.625, -14.875 ], [ 128.375, -14.875 ], [ 128.375, -15.125 ], [ 128.125, -15.125 ], [ 128.125, -15.375 ], [ 127.875, -15.375 ], [ 127.875, -15.875 ], [ 126.875, -15.875 ], [ 126.875, -15.625 ], [ 127.125, -15.625 ], [ 127.125, -15.125 ], [ 127.375, -15.125 ], [ 127.375, -14.375 ], [ 127.625, -14.375 ], [ 127.625, -14.125 ], [ 127.375, -14.125 ], [ 127.375, -13.875 ], [ 126.625, -13.875 ], [ 126.625, -13.625 ], [ 127.625, -13.625 ], [ 127.625, -13.875 ], [ 127.875, -13.875 ] ] ], [ [ [ 126.125, -14.125 ], [ 126.125, -13.875 ], [ 126.625, -13.875 ], [ 126.625, -14.125 ], [ 126.125, -14.125 ] ] ], [ [ [ 129.375, -13.875 ], [ 129.375, -13.625 ], [ 129.625, -13.625 ], [ 129.625, -13.875 ], [ 129.375, -13.875 ] ] ], [ [ [ 129.625, -13.375 ], [ 129.875, -13.375 ], [ 129.875, -13.625 ], [ 129.625, -13.625 ], [ 129.625, -13.375 ] ] ], [ [ [ 130.125, -12.375 ], [ 130.375, -12.375 ], [ 130.375, -11.875 ], [ 130.125, -11.875 ], [ 130.125, -11.625 ], [ 129.875, -11.625 ], [ 129.875, -11.375 ], [ 130.125, -11.375 ], [ 130.125, -11.125 ], [ 131.125, -11.125 ], [ 131.125, -11.375 ], [ 130.875, -11.375 ], [ 130.875, -11.875 ], [ 131.625, -11.875 ], [ 131.625, -12.125 ], [ 132.375, -12.125 ], [ 132.375, -12.375 ], [ 131.125, -12.375 ], [ 131.125, -12.625 ], [ 130.625, -12.625 ], [ 130.625, -12.875 ], [ 130.375, -12.875 ], [ 130.375, -13.125 ], [ 130.125, -13.125 ], [ 130.125, -13.375 ], [ 129.875, -13.375 ], [ 129.875, -12.625 ], [ 130.125, -12.625 ], [ 130.125, -12.375 ] ], [ [ 130.625, -11.875 ], [ 130.625, -12.125 ], [ 130.875, -12.125 ], [ 130.875, -11.875 ], [ 130.625, -11.875 ] ] ] ] } },
{ "type": "Feature", "properties": { "cluster_id": 13, "cohesion": 8.1220478376047449, "distances": { "1": 37.711049798453395, "2": 33.95025814379348, "3": 43.61247128959111, "4": 44.520705514592755, "5": 40.457394992891935, "6": 35.53723968003372, "7": 37.94708106420373, "8": 39.10760025234949, "9": 43.294671358623496, "10": 34.248790065259755, "11": 36.46243147042976, "12": 31.02067100050611, "14": 13.913580906071239, "15": 21.38915669235519, "16": 22.015981449916357, "17": 17.434758382351944, "18": 10.762680639389451, "19": 19.089617550424705, "20": 31.953846729426587, "21": 36.01318835001717, "22": 34.66979834286038, "23": 34.88835990531655, "24": 32.175190491290216, "25": 31.015073402462576, "26": 28.384310853779034, "27": 25.31889824480098, "28": 29.71736763716412, "29": 26.0478548571051, "30": 28.551106117266496, "31": 31.067193532448215, "32": 29.23914505070348, "33": 30.092547502436698, "34": 25.785818609363076, "35": 20.62678833382445, "36": 18.04714866954311, "37": 22.064384258339217, "38": 28.501248850506105, "39": 24.935189072209106, "40": 32.00595976237724, "41": 33.60262089387343, "42": 27.62519845868386, "43": 32.757763947912714, "44": 28.558351169862142 } }, "geometry": { "type": "MultiPolygon", "coordinates": [ [ [ [ 149.125, -36.375 ], [ 149.125, -36.625 ], [ 148.875, -36.625 ], [ 148.875, -36.375 ], [ 149.125, -36.375 ] ] ], [ [ [ 142.875, -34.125 ], [ 142.875, -34.875 ], [ 143.375, -34.875 ], [ 143.375, -35.125 ], [ 144.375, -35.125 ], [ 144.375, -35.375 ], [ 144.875, -35.375 ], [ 144.875, -35.625 ], [ 145.375, -35.625 ], [ 145.375, -35.875 ], [ 146.125, -35.875 ], [ 146.125, -36.375 ], [ 146.375, -36.375 ], [ 146.375, -36.125 ], [ 146.625, -36.125 ], [ 146.625, -35.875 ], [ 147.375, -35.875 ], [ 147.375, -35.625 ], [ 147.625, -35.625 ], [ 147.625, -35.375 ], [ 148.375, -35.375 ], [ 148.375, -36.375 ], [ 148.125, -36.375 ], [ 148.125, -36.625 ], [ 147.625, -36.625 ], [ 147.625, -36.875 ], [ 146.875, -36.875 ], [ 146.875, -37.125 ], [ 146.375, -37.125 ], [ 146.375, -37.375 ], [ 144.125, -37.375 ], [ 144.125, -36.875 ], [ 143.875, -36.875 ], [ 143.875, -37.125 ], [ 143.625, -37.125 ], [ 143.625, -36.625 ], [ 143.375, -36.625 ], [ 143.375, -36.375 ], [ 142.875, -36.375 ], [ 142.875, -36.125 ], [ 142.625, -36.125 ], [ 142.625, -35.375 ], [ 142.375, -35.375 ], [ 142.375, -34.125 ], [ 142.875, -34.125 ] ] ] ] } },
{ "type": "Feature", "properties": { "cluster_id": 14, "cohesion": 8.6324543894847512, "distances": { "1": 34.589484961191964, "2": 31.032339782630416, "3": 42.110103385774266, "4": 44.37123764985784, "5": 40.91366529513919, "6": 36.005046414832684, "7": 40.861446905317045, "8": 39.75441521325361, "9": 45.03271902838933, "10": 35.603964093551916, "11": 35.83966930433756, "12": 31.52553993678988, "13": 13.913580906071239, "15": 18.121496346367035, "16": 27.93412816431457, "17": 23.808019522143603, "18": 14.999389751001345, "19": 22.86464712400438, "20": 29.793354366285083, "21": 36.283001683001366, "22": 33.49852764974315, "23": 35.69832116022081, "24": 30.526778647534933, "25": 30.664203704690955, "26": 32.90315201516176, "27": 29.344071456147272, "28": 31.220424086739907, "29": 27.487658481239702, "30": 31.397802159609125, "31": 33.88556706796214, "32": 28.55454785885022, "33": 30.749691020168083, "34": 27.805663725587113, "35": 24.622092378407118, "36": 16.296570323860788, "37": 22.636871621391244, "38": 33.13699113047552, "39": 28.004067219556298, "40": 35.0055249821188, "41": 38.06796189542234, "42": 29.584404912087823, "43": 36.33331743181664, "44": 32.81675568533254 } }, "geometry": { "type": "MultiPolygon", "coordinates": [ [ [ [ 146.125, -37.375 ], [ 146.125, -37.625 ], [ 144.875, -37.625 ], [ 144.875, -37.375 ], [ 146.125, -37.375 ] ] ], [ [ [ 138.375, -32.375 ], [ 138.375, -32.875 ], [ 139.875, -32.875 ], [ 139.875, -33.375 ], [ 139.625, -33.375 ], [ 139.625, -34.875 ], [ 140.125, -34.875 ], [ 140.125, -35.125 ], [ 141.125, -35.125 ], [ 141.125, -34.875 ], [ 141.375, -34.875 ], [ 141.375, -35.125 ], [ 141.625, -35.125 ], [ 141.625, -34.625 ], [ 141.875, -34.625 ], [ 141.875, -35.125 ], [ 142.375, -35.125 ], [ 142.375, -35.375 ], [ 142.625, -35.375 ], [ 142.625, -36.125 ], [ 142.875, -36.125 ], [ 142.875, -36.375 ], [ 143.375, -36.375 ], [ 143.375, -36.625 ], [ 143.625, -36.625 ], [ 143.625, -37.125 ], [ 143.875, -37.125 ], [ 143.875, -36.875 ], [ 144.125, -36.875 ], [ 144.125, -37.625 ], [ 142.125, -37.625 ], [ 142.125, -37.875 ], [ 141.625, -37.875 ], [ 141.625, -38.125 ], [ 140.125, -38.125 ], [ 140.125, -37.875 ], [ 139.875, -37.875 ], [ 139.875, -37.625 ], [ 139.625, -37.625 ], [ 139.625, -37.375 ], [ 139.375, -37.375 ], [ 139.375, -36.125 ], [ 139.125, -36.125 ], [ 139.125, -35.875 ], [ 138.625, -35.875 ], [ 138.625, -35.625 ], [ 138.375, -35.625 ], [ 138.375, -35.375 ], [ 138.125, -35.375 ], [ 138.125, -34.625 ], [ 137.875, -34.625 ], [ 137.875, -34.875 ], [ 137.625, -34.875 ], [ 137.625, -34.625 ], [ 137.375, -34.625 ], [ 137.375, -34.375 ], [ 137.125, -34.375 ], [ 137.125, -34.125 ], [ 136.625, -34.125 ], [ 136.625, -34.375 ], [ 136.375, -34.375 ], [ 136.375, -34.625 ], [ 136.125, -34.625 ], [ 136.125, -34.875 ], [ 135.875, -34.875 ], [ 135.875, -34.375 ], [ 136.125, -34.375 ], [ 136.125, -34.125 ], [ 136.375, -34.125 ], [ 136.375, -33.875 ], [ 136.625, -33.875 ], [ 136.625, -33.125 ], [ 137.125, -33.125 ], [ 137.125, -33.625 ], [ 137.375, -33.625 ], [ 137.375, -33.875 ], [ 137.625, -33.875 ], [ 137.625, -33.625 ], [ 137.875, -33.625 ], [ 137.875, -33.125 ], [ 138.125, -33.125 ], [ 138.125, -32.375 ], [ 138.375, -32.375 ] ] ] ] } },
{ "type": "Feature", "properties": { "cluster_id": 15, "cohesion": 9.2010597997532475, "distances": { "1": 39.87863754826863, "2": 33.77966197221412, "3": 47.86718379624397, "4": 49.69419901131588, "5": 44.27610382616778, "6": 37.19365214174488, "7": 42.95213085784355, "8": 44.04618324608829, "9": 49.027456673280696, "10": 39.68856992304539, "11": 39.67932482858133, "12": 33.139868406666935, "13": 21.389156692355193, "14": 18.12149634636703, "16": 25.618881712557542, "17": 25.788417993503664, "18": 18.796056889374164, "19": 17.344553597252478, "20": 29.689371676218794, "21": 31.08461110161635, "22": 29.96174463479126, "23": 27.720473808884073, "24": 23.82212873150989, "25": 19.137600697111207, "26": 27.11965717801318, "27": 21.84304545277892, "28": 20.13900167982704, "29": 24.438911723951772, "30": 27.593095184211304, "31": 27.425800409421164, "32": 27.327536244601774, "33": 31.261133423967564, "34": 31.376113844177993, "35": 30.882077252806905, "36": 28.59907806185955, "37": 30.5775690566764, "38": 29.17275972378764, "39": 27.430008405159434, "40": 34.21202653288159, "41": 36.9372268616844, "42": 30.825476657302428, "43": 37.28117876692945, "44": 31.34602103549721 } }, "geometry": { "type": "Polygon", "coordinates": [ [ [ 134.125, -28.625 ], [ 134.125, -29.375 ], [ 133.875, -29.375 ], [ 133.875, -30.125 ], [ 133.375, -30.125 ], [ 133.375, -30.375 ], [ 133.125, -30.375 ], [ 133.125, -30.625 ], [ 132.875, -30.625 ], [ 132.875, -30.875 ], [ 133.125, -30.875 ], [ 133.125, -31.125 ], [ 133.625, -31.125 ], [ 133.625, -31.875 ], [ 132.125, -31.875 ], [ 132.125, -32.375 ], [ 133.625, -32.375 ], [ 133.625, -32.625 ], [ 133.875, -32.625 ], [ 133.875, -33.125 ], [ 134.125, -33.125 ], [ 134.125, -33.375 ], [ 134.375, -33.375 ], [ 134.375, -33.625 ], [ 134.625, -33.625 ], [ 134.625, -33.875 ], [ 134.875, -33.875 ], [ 134.875, -34.375 ], [ 135.125, -34.375 ], [ 135.125, -34.625 ], [ 135.375, -34.625 ], [ 135.375, -34.875 ], [ 135.875, -34.875 ], [ 135.875, -34.375 ], [ 136.125, -34.375 ], [ 136.125, -34.125 ], [ 136.375, -34.125 ], [ 136.375, -33.875 ], [ 136.625, -33.875 ], [ 136.625, -33.125 ], [ 137.125, -33.125 ], [ 137.125, -33.625 ], [ 137.375, -33.625 ], [ 137.375, -33.875 ], [ 137.625, -33.875 ], [ 137.625, -33.625 ], [ 137.875, -33.625 ], [ 137.875, -33.125 ], [ 138.125, -33.125 ], [ 138.125, -32.375 ], [ 138.375, -32.375 ], [ 138.375, -32.125 ], [ 138.125, -32.125 ], [ 138.125, -31.875 ], [ 137.625, -31.875 ], [ 137.625, -31.625 ], [ 137.375, -31.625 ], [ 137.375, -31.375 ], [ 137.125, -31.375 ], [ 137.125, -31.125 ], [ 136.125, -31.125 ], [ 136.125, -30.625 ], [ 135.875, -30.625 ], [ 135.875, -30.375 ], [ 135.625, -30.375 ], [ 135.625, -29.875 ], [ 135.125, -29.875 ], [ 135.125, -29.625 ], [ 134.875, -29.625 ], [ 134.875, -29.125 ], [ 134.625, -29.125 ], [ 134.625, -28.625 ], [ 134.125, -28.625 ] ] ] } },
{ "type": "Feature", "properties": { "cluster_id": 16, "cohesion": 6.9543852868113341, "distances": { "1": 42.861468109085415, "2": 37.31931892905718, "3": 48.22251775886548, "4": 47.37848585724639, "5": 40.35040560338227, "6": 33.12722199075308, "7": 34.932906314428145, "8": 41.474063683155045, "9": 43.04434801892137, "10": 36.844312094709586, "11": 39.59153452083482, "12": 33.072951044054726, "13": 22.015981449916357, "14": 27.93412816431457, "15": 25.61888171255754, "17": 13.305251535500881, "18": 19.71741965289629, "19": 16.044870599777227, "20": 35.50015077170236, "21": 35.501322449590745, "22": 35.77211526504429, "23": 33.28700142973932, "24": 32.113133294289945, "25": 28.674215343143175, "26": 21.166242467877588, "27": 15.071107810267437, "28": 26.052135849605715, "29": 25.866556934842915, "30": 28.00378650242525, "31": 28.57212755474372, "32": 27.443716657299806, "33": 27.1946934068464, "34": 25.800938051698473, "35": 25.51122266242487, "36": 32.82748451679253, "37": 31.887059734223566, "38": 14.499067836058803, "39": 17.493331304926155, "40": 23.404349647177373, "41": 25.045375564343413, "42": 29.73013012426781, "43": 30.224843044255806, "44": 25.572194090937554 } }, "geometry": { "type": "Polygon", "coordinates": [ [ [ 142.625, -28.125 ], [ 142.625, -28.375 ], [ 142.125, -28.375 ], [ 142.125, -28.625 ], [ 141.625, -28.625 ], [ 141.625, -28.375 ], [ 140.375, -28.375 ], [ 140.375, -29.125 ], [ 140.625, -29.125 ], [ 140.625, -29.375 ], [ 141.125, -29.375 ], [ 141.125, -29.625 ], [ 141.375, -29.625 ], [ 141.375, -29.875 ], [ 141.875, -29.875 ], [ 141.875, -30.375 ], [ 142.375, -30.375 ], [ 142.375, -30.625 ], [ 142.625, -30.625 ], [ 142.625, -30.875 ], [ 143.625, -30.875 ], [ 143.625, -30.625 ], [ 143.875, -30.625 ], [ 143.875, -30.875 ], [ 144.625, -30.875 ], [ 144.625, -31.375 ], [ 145.875, -31.375 ], [ 145.875, -31.125 ], [ 145.625, -31.125 ], [ 145.625, -30.875 ], [ 145.375, -30.875 ], [ 145.375, -30.625 ], [ 145.125, -30.625 ], [ 145.125, -30.125 ], [ 145.625, -30.125 ], [ 145.625, -30.375 ], [ 146.125, -30.375 ], [ 146.125, -29.625 ], [ 145.875, -29.625 ], [ 145.875, -29.125 ], [ 145.125, -29.125 ], [ 145.125, -28.875 ], [ 144.875, -28.875 ], [ 144.875, -28.375 ], [ 144.375, -28.375 ], [ 144.375, -28.625 ], [ 143.625, -28.625 ], [ 143.625, -28.875 ], [ 143.375, -28.875 ], [ 143.375, -28.625 ], [ 143.125, -28.625 ], [ 143.125, -28.125 ], [ 142.625, -28.125 ] ] ] } },
{ "type": "Feature", "properties": { "cluster_id": 17, "cohesion": 9.288953491125346, "distances": { "1": 40.63612392067547, "2": 35.73986862942186, "3": 45.59103447819431, "4": 45.222002481287255, "5": 39.41137069226079, "6": 32.992882528601925, "7": 35.91365782040669, "8": 39.867159176356985, "9": 42.56331980658805, "10": 35.43395282939576, "11": 37.714030432426476, "12": 31.827087193912575, "13": 17.434758382351944, "14": 23.80801952214361, "15": 25.78841799350367, "16": 13.30525153550088, "18": 16.836887167337196, "19": 19.417592299257446, "20": 34.72757904637372, "21": 36.54709657439136, "22": 36.20995638239526, "23": 35.27482234275203, "24": 33.20117477291844, "25": 31.17256105981413, "26": 25.943052333930183, "27": 21.745873189160996, "28": 29.336228391553654, "29": 25.914549337028472, "30": 29.19133224652145, "31": 30.74408598136863, "32": 26.45327048248244, "33": 25.334415422005808, "34": 21.982974538647788, "35": 20.324923730713255, "36": 27.223814001491856, "37": 27.84037150484998, "38": 21.558562246626607, "39": 15.899511628897788, "40": 26.00881322089685, "41": 29.220986097757315, "42": 29.110082879890697, "43": 31.51019707546476, "44": 27.86461538654171 } }, "geometry": { "type": "Polygon", "coordinates": [ [ [ 145.875, -29.125 ], [ 145.875, -29.625 ], [ 146.125, -29.625 ], [ 146.125, -30.375 ], [ 145.625, -30.375 ], [ 145.625, -30.125 ], [ 145.125, -30.125 ], [ 145.125, -30.625 ], [ 145.375, -30.625 ], [ 145.375, -30.875 ], [ 145.625, -30.875 ], [ 145.625, -31.125 ], [ 145.875, -31.125 ], [ 145.875, -31.375 ], [ 144.625, -31.375 ], [ 144.625, -30.875 ], [ 143.875, -30.875 ], [ 143.875, -30.625 ], [ 143.625, -30.625 ], [ 143.625, -31.625 ], [ 144.125, -31.625 ], [ 144.125, -32.375 ], [ 144.625, -32.375 ], [ 144.625, -32.625 ], [ 144.875, -32.625 ], [ 144.875, -32.875 ], [ 145.125, -32.875 ], [ 145.125, -33.125 ], [ 145.375, -33.125 ], [ 145.375, -33.625 ], [ 145.625, -33.625 ], [ 145.625, -33.875 ], [ 146.125, -33.875 ], [ 146.125, -35.375 ], [ 146.375, -35.375 ], [ 146.375, -35.625 ], [ 146.625, -35.625 ], [ 146.625, -35.875 ], [ 147.375, -35.875 ], [ 147.375, -35.625 ], [ 147.625, -35.625 ], [ 147.625, -35.375 ], [ 148.125, -35.375 ], [ 148.125, -35.125 ], [ 147.875, -35.125 ], [ 147.875, -34.875 ], [ 148.625, -34.875 ], [ 148.625, -34.625 ], [ 148.875, -34.625 ], [ 148.875, -34.375 ], [ 149.125, -34.375 ], [ 149.125, -33.375 ], [ 148.875, -33.375 ], [ 148.875, -33.125 ], [ 148.625, -33.125 ], [ 148.625, -32.875 ], [ 148.375, -32.875 ], [ 148.375, -31.625 ], [ 148.625, -31.625 ], [ 148.625, -31.375 ], [ 148.125, -31.375 ], [ 148.125, -30.875 ], [ 147.875, -30.875 ], [ 147.875, -30.375 ], [ 147.625, -30.375 ], [ 147.625, -29.875 ], [ 147.125, -29.875 ], [ 147.125, -29.625 ], [ 146.875, -29.625 ], [ 146.875, -29.375 ], [ 146.625, -29.375 ], [ 146.625, -29.125 ], [ 145.875, -29.125 ] ] ] } },
{ "type": "Feature", "properties": { "cluster_id": 18, "cohesion": 8.0317427427671362, "distances": { "1": 41.38529953404567, "2": 36.74942703780863, "3": 47.7891723434192, "4": 48.55170768220118, "5": 43.8448922528236, "6": 37.93828350875842, "7": 40.690136696027295, "8": 42.606296217709954, "9": 46.92300340071243, "10": 37.50601804698487, "11": 39.919732678663365, "12": 33.75709808344262, "13": 10.762680639389451, "14": 14.999389751001345, "15": 18.796056889374164, "16": 19.71741965289629, "17": 16.836887167337196, "19": 15.002307799687719, "20": 34.48933589939442, "21": 37.17338671036127, "22": 36.33006198198813, "23": 34.766882076078225, "24": 32.65323916447472, "25": 29.572299395015325, "26": 27.667470317479637, "27": 22.58215124152374, "28": 27.820461461012524, "29": 26.589234673614023, "30": 28.884154549702917, "31": 30.755165614504524, "32": 30.317693501182987, "33": 31.868290083084347, "34": 28.839231885892897, "35": 24.923174442742113, "36": 23.389153429986944, "37": 27.253241981047992, "38": 27.67013226800468, "39": 25.088951989272026, "40": 33.18990685882528, "41": 34.77638748116494, "42": 29.63215723164019, "43": 34.73047859537687, "44": 29.378424820136395 } }, "geometry": { "type": "Polygon", "coordinates": [ [ [ 139.125, -30.375 ], [ 139.125, -30.625 ], [ 138.875, -30.625 ], [ 138.875, -31.375 ], [ 138.625, -31.375 ], [ 138.625, -32.125 ], [ 138.375, -32.125 ], [ 138.375, -32.875 ], [ 139.875, -32.875 ], [ 139.875, -33.375 ], [ 139.625, -33.375 ], [ 139.625, -34.875 ], [ 140.125, -34.875 ], [ 140.125, -35.125 ], [ 141.125, -35.125 ], [ 141.125, -34.875 ], [ 141.375, -34.875 ], [ 141.375, -35.125 ], [ 141.625, -35.125 ], [ 141.625, -34.625 ], [ 141.875, -34.625 ], [ 141.875, -35.125 ], [ 142.375, -35.125 ], [ 142.375, -34.125 ], [ 142.875, -34.125 ], [ 142.875, -34.875 ], [ 143.375, -34.875 ], [ 143.375, -35.125 ], [ 144.375, -35.125 ], [ 144.375, -35.375 ], [ 144.875, -35.375 ], [ 144.875, -35.625 ], [ 145.375, -35.625 ], [ 145.375, -35.875 ], [ 146.125, -35.875 ], [ 146.125, -36.375 ], [ 146.375, -36.375 ], [ 146.375, -36.125 ], [ 146.625, -36.125 ], [ 146.625, -35.625 ], [ 146.375, -35.625 ], [ 146.375, -35.375 ], [ 146.125, -35.375 ], [ 146.125, -33.875 ], [ 145.625, -33.875 ], [ 145.625, -33.625 ], [ 145.375, -33.625 ], [ 145.375, -33.125 ], [ 145.125, -33.125 ], [ 145.125, -32.875 ], [ 144.875, -32.875 ], [ 144.875, -32.625 ], [ 144.625, -32.625 ], [ 144.625, -32.375 ], [ 144.125, -32.375 ], [ 144.125, -32.625 ], [ 143.625, -32.625 ], [ 143.625, -32.375 ], [ 143.375, -32.375 ], [ 143.375, -32.125 ], [ 143.125, -32.125 ], [ 143.125, -31.875 ], [ 142.875, -31.875 ], [ 142.875, -31.625 ], [ 142.125, -31.625 ], [ 142.125, -31.875 ], [ 141.375, -31.875 ], [ 141.375, -32.125 ], [ 140.875, -32.125 ], [ 140.875, -32.375 ], [ 139.375, -32.375 ], [ 139.375, -32.125 ], [ 139.125, -32.125 ], [ 139.125, -31.125 ], [ 139.375, -31.125 ], [ 139.375, -30.375 ], [ 139.125, -30.375 ] ] ] } },
{ "type": "Feature", "properties": { "cluster_id": 19, "cohesion": 9.8516483373741384, "distances": { "1": 44.522524901341725, "2": 38.774949423006085, "3": 50.7382609210647, "4": 50.92894027861768, "5": 44.98884819423252, "6": 38.03443865961134, "7": 40.12583912504656, "8": 44.450793554918675, "9": 47.831373833795325, "10": 39.30985335400287, "11": 41.75764907691252, "12": 34.51392442405255, "13": 19.089617550424705, "14": 22.86464712400438, "15": 17.34455359725248, "16": 16.044870599777223, "17": 19.417592299257443, "18": 15.002307799687719, "20": 34.98319131783882, "21": 34.21223439250505, "22": 34.74135198365823, "23": 30.295217275911813, "24": 30.16926191654418, "25": 24.268092803742537, "26": 21.373669804241224, "27": 14.32274852303761, "28": 21.070623280170167, "29": 25.200395145088738, "30": 26.030855531326424, "31": 26.06898671214247, "32": 30.337143134289345, "33": 32.333742850842356, "34": 31.018531645759072, "35": 29.135982575104403, "36": 31.40150758015498, "37": 32.2322581592685, "38": 22.07690711577706, "39": 24.78189475534016, "40": 31.123328221028753, "41": 31.304329123444123, "42": 30.10263650288599, "43": 33.5340853450179, "44": 26.563476954674638 } }, "geometry": { "type": "Polygon", "coordinates": [ [ [ 134.625, -27.375 ], [ 134.625, -27.875 ], [ 134.375, -27.875 ], [ 134.375, -28.625 ], [ 134.625, -28.625 ], [ 134.625, -29.125 ], [ 134.875, -29.125 ], [ 134.875, -29.625 ], [ 135.125, -29.625 ], [ 135.125, -29.875 ], [ 135.625, -29.875 ], [ 135.625, -30.375 ], [ 135.875, -30.375 ], [ 135.875, -30.625 ], [ 136.125, -30.625 ], [ 136.125, -31.125 ], [ 137.125, -31.125 ], [ 137.125, -31.375 ], [ 137.375, -31.375 ], [ 137.375, -31.625 ], [ 137.625, -31.625 ], [ 137.625, -31.875 ], [ 138.125, -31.875 ], [ 138.125, -32.125 ], [ 138.625, -32.125 ], [ 138.625, -31.375 ], [ 138.875, -31.375 ], [ 138.875, -30.625 ], [ 139.125, -30.625 ], [ 139.125, -30.375 ], [ 139.375, -30.375 ], [ 139.375, -31.125 ], [ 139.125, -31.125 ], [ 139.125, -32.125 ], [ 139.375, -32.125 ], [ 139.375, -32.375 ], [ 140.875, -32.375 ], [ 140.875, -32.125 ], [ 141.375, -32.125 ], [ 141.375, -31.875 ], [ 142.125, -31.875 ], [ 142.125, -31.625 ], [ 142.875, -31.625 ], [ 142.875, -31.875 ], [ 143.125, -31.875 ], [ 143.125, -32.125 ], [ 143.375, -32.125 ], [ 143.375, -32.375 ], [ 143.625, -32.375 ], [ 143.625, -32.625 ], [ 144.125, -32.625 ], [ 144.125, -31.625 ], [ 143.625, -31.625 ], [ 143.625, -30.875 ], [ 142.625, -30.875 ], [ 142.625, -30.625 ], [ 142.375, -30.625 ], [ 142.375, -30.375 ], [ 141.875, -30.375 ], [ 141.875, -29.875 ], [ 141.375, -29.875 ], [ 141.375, -29.625 ], [ 140.375, -29.625 ], [ 140.375, -29.375 ], [ 140.125, -29.375 ], [ 140.125, -29.125 ], [ 139.375, -29.125 ], [ 139.375, -29.375 ], [ 138.625, -29.375 ], [ 138.625, -29.125 ], [ 138.375, -29.125 ], [ 138.375, -28.875 ], [ 137.875, -28.875 ], [ 137.875, -28.625 ], [ 137.625, -28.625 ], [ 137.625, -29.125 ], [ 137.875, -29.125 ], [ 137.875, -29.375 ], [ 138.125, -29.375 ], [ 138.125, -29.625 ], [ 138.375, -29.625 ], [ 138.375, -29.875 ], [ 137.625, -29.875 ], [ 137.625, -29.625 ], [ 137.375, -29.625 ], [ 137.375, -28.875 ], [ 137.125, -28.875 ], [ 137.125, -28.625 ], [ 136.875, -28.625 ], [ 136.875, -28.375 ], [ 136.625, -28.375 ], [ 136.625, -28.125 ], [ 135.875, -28.125 ], [ 135.875, -27.625 ], [ 135.375, -27.625 ], [ 135.375, -27.375 ], [ 134.625, -27.375 ] ] ] } },
{ "type": "Feature", "properties": { "cluster_id": 20, "cohesion": 8.7314838671739263, "distances": { "1": 27.14337635070867, "2": 24.164272862629684, "3": 32.125889657160556, "4": 34.57557781120832, "5": 30.797846156704836, "6": 27.419642649687127, "7": 33.88549344450621, "8": 33.02272019271419, "9": 35.79916752458324, "10": 32.55363550613273, "11": 27.27033077837664, "12": 25.40663913587749, "13": 31.953846729426584, "14": 29.793354366285076, "15": 29.689371676218794, "16": 35.500150771702344, "17": 34.72757904637372, "18": 34.48933589939442, "19": 34.98319131783883, "21": 20.208921693947794, "22": 13.052076540307219, "23": 26.73988439207172, "24": 17.62438239712667, "25": 27.848795176136022, "26": 33.01590192736573, "27": 34.515134737789985, "28": 31.805110070033876, "29": 28.678953737440384, "30": 31.730592097269415, "31": 31.77952610957098, "32": 25.68099962264866, "33": 27.42153755056678, "34": 26.154041653279034, "35": 27.926783532732603, "36": 28.566034043998854, "37": 25.23919859180345, "38": 33.2623876471764, "39": 31.571711530781105, "40": 30.348069302527524, "41": 33.5616923809311, "42": 30.240083297446986, "43": 33.753553075853894, "44": 33.48663370265763 } }, "geometry": { "type": "MultiPolygon", "coordinates": [ [ [ [ 125.375, -33.125 ], [ 124.875, -33.125 ], [ 124.875, -33.375 ], [ 124.375, -33.375 ], [ 124.375, -33.625 ], [ 124.125, -33.625 ], [ 124.125, -33.875 ], [ 123.875, -33.875 ], [ 123.875, -34.125 ], [ 123.625, -34.125 ], [ 123.625, -34.375 ], [ 122.125, -34.375 ], [ 122.125, -34.125 ], [ 120.875, -34.125 ], [ 120.875, -34.375 ], [ 119.625, -34.375 ], [ 119.625, -34.625 ], [ 119.375, -34.625 ], [ 119.375, -34.875 ], [ 118.625, -34.875 ], [ 118.625, -35.125 ], [ 118.375, -35.125 ], [ 118.375, -35.375 ], [ 116.125, -35.375 ], [ 116.125, -35.125 ], [ 115.875, -35.125 ], [ 115.875, -34.875 ], [ 115.625, -34.875 ], [ 115.625, -34.625 ], [ 115.125, -34.625 ], [ 115.125, -34.375 ], [ 114.875, -34.375 ], [ 114.875, -34.125 ], [ 115.375, -34.125 ], [ 115.375, -34.375 ], [ 115.875, -34.375 ], [ 115.875, -34.125 ], [ 118.125, -34.125 ], [ 118.125, -33.875 ], [ 118.875, -33.875 ], [ 118.875, -33.625 ], [ 119.375, -33.625 ], [ 119.375, -33.375 ], [ 119.875, -33.375 ], [ 119.875, -32.875 ], [ 121.125, -32.875 ], [ 121.125, -33.125 ], [ 121.875, -33.125 ], [ 121.875, -32.875 ], [ 122.375, -32.875 ], [ 122.375, -32.625 ], [ 125.375, -32.625 ], [ 125.375, -33.125 ] ] ], [ [ [ 125.375, -32.375 ], [ 125.625, -32.375 ], [ 125.625, -32.625 ], [ 125.375, -32.625 ], [ 125.375, -32.375 ] ] ] ] } },
{ "type": "Feature", "properties": { "cluster_id": 21, "cohesion": 6.9985339404739557, "distances": { "1": 38.61652943866565, "2": 33.08942837555634, "3": 42.445957341667935, "4": 43.39053584359431, "5": 37.67993220728056, "6": 32.57308832507978, "7": 37.38143867871751, "8": 40.01284562733237, "9": 41.85185459461975, "10": 37.96091205151538, "11": 35.141017206605326, "12": 29.318158042964615, "13": 36.01318835001716, "14": 36.28300168300137, "15": 31.084611101616357, "16": 35.501322449590745, "17": 36.54709657439136, "18": 37.17338671036128, "19": 34.21223439250505, "20": 20.208921693947794, "22": 13.325705795875, "23": 14.171263069292223, "24": 17.857216589243674, "25": 22.14883696985838, "26": 27.780063609867735, "27": 31.42577113495564, "28": 24.106152624954355, "29": 25.56822917788041, "30": 25.066634664950143, "31": 20.886965163753697, "32": 28.494565433433806, "33": 30.57018493391553, "34": 30.652457057906446, "35": 32.998735996552746, "36": 37.22091572491462, "37": 32.36663294683276, "38": 31.894344588772917, "39": 32.57033988655312, "40": 32.18449662315138, "41": 33.28630970518901, "42": 31.81207707493783, "43": 34.97957048856475, "44": 31.291865522386892 } }, "geometry": { "type": "Polygon", "coordinates": [ [ [ 118.375, -30.125 ], [ 118.375, -30.375 ], [ 118.125, -30.375 ], [ 118.125, -30.625 ], [ 117.875, -30.625 ], [ 117.875, -30.875 ], [ 116.375, -30.875 ], [ 116.375, -30.625 ], [ 115.625, -30.625 ], [ 115.625, -30.375 ], [ 115.375, -30.375 ], [ 115.375, -30.625 ], [ 115.125, -30.625 ], [ 115.125, -30.875 ], [ 114.875, -30.875 ], [ 114.875, -31.125 ], [ 115.125, -31.125 ], [ 115.125, -31.375 ], [ 115.375, -31.375 ], [ 115.375, -33.375 ], [ 115.625, -33.375 ], [ 115.625, -33.125 ], [ 117.875, -33.125 ], [ 117.875, -32.875 ], [ 119.625, -32.875 ], [ 119.625, -32.375 ], [ 119.875, -32.375 ], [ 119.875, -32.125 ], [ 120.375, -32.125 ], [ 120.375, -31.625 ], [ 120.625, -31.625 ], [ 120.625, -31.375 ], [ 120.875, -31.375 ], [ 120.875, -31.125 ], [ 121.625, -31.125 ], [ 121.625, -30.875 ], [ 121.125, -30.875 ], [ 121.125, -30.625 ], [ 120.375, -30.625 ], [ 120.375, -30.375 ], [ 119.625, -30.375 ], [ 119.625, -30.125 ], [ 118.375, -30.125 ] ] ] } },
{ "type": "Feature", "properties": { "cluster_id": 22, "cohesion": 9.3878597748048289, "distances": { "1": 33.31743331578965, "2": 28.68329018018281, "3": 37.96301038377652, "4": 39.71353016008982, "5": 34.62000178707455, "6": 30.075010019008126, "7": 36.30161796289335, "8": 37.38504738633999, "9": 39.53790860933923, "10": 36.375217307395495, "11": 31.840651971620886, "12": 27.936339579137893, "13": 34.66979834286038, "14": 33.498527649743146, "15": 29.96174463479126, "16": 35.77211526504429, "17": 36.20995638239527, "18": 36.33006198198813, "19": 34.74135198365823, "20": 13.052076540307219, "21": 13.325705795875002, "23": 20.013932845185664, "24": 14.237426013304884, "25": 23.582618400655935, "26": 30.877102957408383, "27": 33.03359817958776, "28": 27.673937489827956, "29": 27.78297621846614, "30": 29.592945730723795, "31": 27.373170540647067, "32": 26.873991111642432, "33": 29.15109699318504, "34": 28.989725229304895, "35": 31.423175055343005, "36": 33.94561245513801, "37": 29.75847030101836, "38": 32.67620605753509, "39": 32.40707013039273, "40": 31.402758661309477, "41": 33.8734768708274, "42": 32.179462808052506, "43": 35.35647401228267, "44": 33.45042953569622 } }, "geometry": { "type": "Polygon", "coordinates": [ [ [ 120.875, -31.125 ], [ 120.875, -31.375 ], [ 120.625, -31.375 ], [ 120.625, -31.625 ], [ 120.375, -31.625 ], [ 120.375, -32.125 ], [ 119.875, -32.125 ], [ 119.875, -32.375 ], [ 119.625, -32.375 ], [ 119.625, -32.875 ], [ 117.875, -32.875 ], [ 117.875, -33.125 ], [ 115.625, -33.125 ], [ 115.625, -33.375 ], [ 115.125, -33.375 ], [ 115.125, -33.625 ], [ 114.875, -33.625 ], [ 114.875, -33.875 ], [ 114.625, -33.875 ], [ 114.625, -34.125 ], [ 115.375, -34.125 ], [ 115.375, -34.375 ], [ 115.875, -34.375 ], [ 115.875, -34.125 ], [ 118.125, -34.125 ], [ 118.125, -33.875 ], [ 118.875, -33.875 ], [ 118.875, -33.625 ], [ 119.375, -33.625 ], [ 119.375, -33.375 ], [ 119.875, -33.375 ], [ 119.875, -32.875 ], [ 121.125, -32.875 ], [ 121.125, -33.125 ], [ 121.875, -33.125 ], [ 121.875, -32.875 ], [ 122.375, -32.875 ], [ 122.375, -32.625 ], [ 125.375, -32.625 ], [ 125.375, -32.375 ], [ 125.875, -32.375 ], [ 125.875, -32.125 ], [ 126.375, -32.125 ], [ 126.375, -31.875 ], [ 126.875, -31.875 ], [ 126.875, -31.625 ], [ 125.125, -31.625 ], [ 125.125, -31.875 ], [ 123.625, -31.875 ], [ 123.625, -31.625 ], [ 123.125, -31.625 ], [ 123.125, -31.375 ], [ 121.625, -31.375 ], [ 121.625, -31.125 ], [ 120.875, -31.125 ] ] ] } },
{ "type": "Feature", "properties": { "cluster_id": 23, "cohesion": 10.125744122900564, "distances": { "1": 43.69595920892411, "2": 37.17811602994407, "3": 48.314503474827156, "4": 49.042108511207765, "5": 42.76022677354778, "6": 36.42034137487569, "7": 40.90272795577991, "8": 44.16962052141378, "9": 46.858935811602436, "10": 40.870409986271135, "11": 39.80736710312083, "12": 32.330714011309446, "13": 34.888359905316555, "14": 35.6983211602208, "15": 27.720473808884073, "16": 33.28700142973933, "17": 35.27482234275203, "18": 34.76688207607823, "19": 30.295217275911803, "20": 26.739884392071716, "21": 14.171263069292221, "22": 20.013932845185668, "24": 18.065113112122518, "25": 16.88377301542455, "26": 24.902384301333782, "27": 27.483448108771398, "28": 17.91033250289722, "29": 23.001157431412746, "30": 21.6221066079731, "31": 16.116491969102878, "32": 30.128954577183507, "33": 32.912214432544125, "34": 33.605408318478084, "35": 35.27865602425671, "36": 39.232512442263676, "37": 35.47696101535858, "38": 30.63062760958893, "39": 32.416996953963164, "40": 33.92832292505274, "41": 34.57314742048252, "42": 32.072265680242566, "43": 36.49029395064652, "44": 30.439282718671194 } }, "geometry": { "type": "MultiPolygon", "coordinates": [ [ [ [ 114.375, -29.125 ], [ 114.375, -28.875 ], [ 114.625, -28.875 ], [ 114.625, -29.125 ], [ 114.375, -29.125 ] ] ], [ [ [ 114.875, -29.125 ], [ 114.875, -29.625 ], [ 115.125, -29.625 ], [ 115.125, -30.125 ], [ 115.625, -30.125 ], [ 115.625, -29.875 ], [ 115.875, -29.875 ], [ 115.875, -29.375 ], [ 116.125, -29.375 ], [ 116.125, -29.625 ], [ 116.375, -29.625 ], [ 116.375, -29.375 ], [ 116.625, -29.375 ], [ 116.625, -28.375 ], [ 117.125, -28.375 ], [ 117.125, -28.625 ], [ 117.375, -28.625 ], [ 117.375, -28.875 ], [ 118.125, -28.875 ], [ 118.125, -28.625 ], [ 118.375, -28.625 ], [ 118.375, -28.375 ], [ 118.625, -28.375 ], [ 118.625, -28.125 ], [ 118.875, -28.125 ], [ 118.875, -27.875 ], [ 119.125, -27.875 ], [ 119.125, -27.625 ], [ 119.375, -27.625 ], [ 119.375, -27.125 ], [ 119.625, -27.125 ], [ 119.625, -26.875 ], [ 120.625, -26.875 ], [ 120.625, -26.375 ], [ 121.125, -26.375 ], [ 121.125, -26.125 ], [ 121.625, -26.125 ], [ 121.625, -26.625 ], [ 121.875, -26.625 ], [ 121.875, -26.875 ], [ 122.375, -26.875 ], [ 122.375, -27.125 ], [ 122.125, -27.125 ], [ 122.125, -27.375 ], [ 122.375, -27.375 ], [ 122.375, -27.625 ], [ 122.625, -27.625 ], [ 122.625, -27.875 ], [ 123.625, -27.875 ], [ 123.625, -28.125 ], [ 125.875, -28.125 ], [ 125.875, -28.375 ], [ 126.125, -28.375 ], [ 126.125, -28.625 ], [ 125.875, -28.625 ], [ 125.875, -29.375 ], [ 126.125, -29.375 ], [ 126.125, -29.625 ], [ 126.375, -29.625 ], [ 126.375, -30.125 ], [ 126.875, -30.125 ], [ 126.875, -30.375 ], [ 127.625, -30.375 ], [ 127.625, -30.875 ], [ 125.875, -30.875 ], [ 125.875, -31.125 ], [ 125.625, -31.125 ], [ 125.625, -31.375 ], [ 124.375, -31.375 ], [ 124.375, -31.125 ], [ 124.125, -31.125 ], [ 124.125, -30.875 ], [ 123.375, -30.875 ], [ 123.375, -31.125 ], [ 123.125, -31.125 ], [ 123.125, -31.375 ], [ 121.625, -31.375 ], [ 121.625, -30.875 ], [ 121.125, -30.875 ], [ 121.125, -30.625 ], [ 120.375, -30.625 ], [ 120.375, -30.375 ], [ 119.625, -30.375 ], [ 119.625, -30.125 ], [ 118.375, -30.125 ], [ 118.375, -30.375 ], [ 118.125, -30.375 ], [ 118.125, -30.625 ], [ 117.875, -30.625 ], [ 117.875, -30.875 ], [ 116.375, -30.875 ], [ 116.375, -30.625 ], [ 115.625, -30.625 ], [ 115.625, -30.375 ], [ 115.375, -30.375 ], [ 115.375, -30.625 ], [ 115.125, -30.625 ], [ 115.125, -30.875 ], [ 114.875, -30.875 ], [ 114.875, -30.625 ], [ 114.625, -30.625 ], [ 114.625, -29.125 ], [ 114.875, -29.125 ] ] ] ] } },
{ "type": "Feature", "properties": { "cluster_id": 24, "cohesion": 7.9503255044167727, "distances": { "1": 36.096894534564186, "2": 30.001911602070017, "3": 42.63911875422553, "4": 44.468368243645315, "5": 38.395399693527594, "6": 32.03535058757383, "7": 39.393405984109506, "8": 40.96648398816414, "9": 44.015615386291195, "10": 38.86840099273341, "11": 35.46430053787487, "12": 30.0352847885246, "13": 32.175190491290216, "14": 30.526778647534933, "15": 23.82212873150989, "16": 32.113133294289945, "17": 33.20117477291845, "18": 32.65323916447472, "19": 30.16926191654418, "20": 17.62438239712667, "21": 17.857216589243674, "22": 14.237426013304884, "23": 18.065113112122518, "25": 16.390532049052258, "26": 28.978203934120256, "27": 28.724904849322424, "28": 22.68041610716646, "29": 25.000619322125583, "30": 28.69156593141409, "31": 26.034457844898693, "32": 25.403833106335565, "33": 28.80897333933999, "34": 29.562237619419268, "35": 32.14664885773794, "36": 34.19183301599686, "37": 31.39743013183377, "38": 30.250700925083013, "39": 29.82702793949196, "40": 31.41968887842527, "41": 34.78188179933475, "42": 32.440263946399, "43": 37.05242922615211, "44": 33.566035967598786 } }, "geometry": { "type": "Polygon", "coordinates": [ [ [ 123.375, -30.875 ], [ 123.375, -31.125 ], [ 123.125, -31.125 ], [ 123.125, -31.625 ], [ 123.625, -31.625 ], [ 123.625, -31.875 ], [ 125.125, -31.875 ], [ 125.125, -31.625 ], [ 126.875, -31.625 ], [ 126.875, -31.875 ], [ 126.375, -31.875 ], [ 126.375, -32.125 ], [ 125.875, -32.125 ], [ 125.875, -32.375 ], [ 125.625, -32.375 ], [ 125.625, -32.625 ], [ 125.375, -32.625 ], [ 125.375, -32.875 ], [ 125.875, -32.875 ], [ 125.875, -32.625 ], [ 127.375, -32.625 ], [ 127.375, -32.375 ], [ 128.375, -32.375 ], [ 128.375, -32.125 ], [ 128.875, -32.125 ], [ 128.875, -31.625 ], [ 129.375, -31.625 ], [ 129.375, -31.375 ], [ 128.875, -31.375 ], [ 128.875, -31.125 ], [ 127.375, -31.125 ], [ 127.375, -30.875 ], [ 125.875, -30.875 ], [ 125.875, -31.125 ], [ 125.625, -31.125 ], [ 125.625, -31.375 ], [ 124.375, -31.375 ], [ 124.375, -31.125 ], [ 124.125, -31.125 ], [ 124.125, -30.875 ], [ 123.375, -30.875 ] ] ] } },
{ "type": "Feature", "properties": { "cluster_id": 25, "cohesion": 9.5046428450261953, "distances": { "1": 42.99395110033378, "2": 35.81201460208792, "3": 49.63481498406526, "4": 50.85000882801341, "5": 44.03008120673462, "6": 36.457655343208046, "7": 42.47312144236459, "8": 45.68838350531302, "9": 49.013412137688306, "10": 42.257780819013256, "11": 40.90404075921884, "12": 33.54067669716938, "13": 31.015073402462573, "14": 30.664203704690948, "15": 19.137600697111207, "16": 28.67421534314317, "17": 31.17256105981413, "18": 29.572299395015335, "19": 24.268092803742537, "20": 27.848795176136022, "21": 22.148836969858376, "22": 23.58261840065593, "23": 16.883773015424552, "24": 16.390532049052258, "26": 23.99663009827779, "27": 22.50168635099611, "28": 13.658791974034106, "29": 23.93492300127665, "30": 25.533892668753946, "31": 21.286489084021184, "32": 27.62207811601817, "33": 31.390055208733603, "34": 32.915195450374036, "35": 34.841430480251525, "36": 37.42115625718247, "37": 35.32049335048964, "38": 27.93578272630592, "39": 29.165785299729237, "40": 32.91325749234442, "41": 35.0450739081463, "42": 33.25727886886959, "43": 37.81326230342627, "44": 31.45001011489405 } }, "geometry": { "type": "Polygon", "coordinates": [ [ [ 130.375, -26.625 ], [ 130.375, -26.875 ], [ 129.875, -26.875 ], [ 129.875, -27.625 ], [ 130.125, -27.625 ], [ 130.125, -27.875 ], [ 129.625, -27.875 ], [ 129.625, -28.125 ], [ 127.125, -28.125 ], [ 127.125, -28.625 ], [ 125.875, -28.625 ], [ 125.875, -29.375 ], [ 126.125, -29.375 ], [ 126.125, -29.625 ], [ 126.375, -29.625 ], [ 126.375, -30.125 ], [ 126.875, -30.125 ], [ 126.875, -30.375 ], [ 127.625, -30.375 ], [ 127.625, -30.875 ], [ 127.375, -30.875 ], [ 127.375, -31.125 ], [ 128.875, -31.125 ], [ 128.875, -31.375 ], [ 129.375, -31.375 ], [ 129.375, -31.625 ], [ 128.875, -31.625 ], [ 128.875, -32.125 ], [ 129.375, -32.125 ], [ 129.375, -31.875 ], [ 131.625, -31.875 ], [ 131.625, -32.125 ], [ 132.125, -32.125 ], [ 132.125, -31.875 ], [ 133.625, -31.875 ], [ 133.625, -31.125 ], [ 133.125, -31.125 ], [ 133.125, -30.875 ], [ 132.375, -30.875 ], [ 132.375, -30.625 ], [ 132.125, -30.625 ], [ 132.125, -30.375 ], [ 131.875, -30.375 ], [ 131.875, -30.125 ], [ 131.625, -30.125 ], [ 131.625, -29.875 ], [ 131.375, -29.875 ], [ 131.375, -29.125 ], [ 132.125, -29.125 ], [ 132.125, -28.625 ], [ 131.875, -28.625 ], [ 131.875, -28.125 ], [ 131.375, -28.125 ], [ 131.375, -27.625 ], [ 131.625, -27.625 ], [ 131.625, -26.875 ], [ 130.875, -26.875 ], [ 130.875, -26.625 ], [ 130.375, -26.625 ] ] ] } },
{ "type": "Feature", "properties": { "cluster_id": 26, "cohesion": 9.6441423445208869, "distances": { "1": 42.236100904424816, "2": 36.76517639201582, "3": 45.44712768950652, "4": 44.090023057303874, "5": 37.449651212207044, "6": 31.479601085517672, "7": 29.969140712705507, "8": 37.44507982308315, "9": 38.53716100815063, "10": 32.62678902667104, "11": 36.16675636010043, "12": 28.699554893432662, "13": 28.38431085377903, "14": 32.903152015161744, "15": 27.11965717801318, "16": 21.166242467877588, "17": 25.943052333930186, "18": 27.66747031747964, "19": 21.373669804241228, "20": 33.01590192736574, "21": 27.780063609867735, "22": 30.877102957408383, "23": 24.902384301333775, "24": 28.978203934120256, "25": 23.996630098277794, "27": 15.803292109296365, "28": 18.900417150548396, "29": 22.421821369064617, "30": 18.294937913305695, "31": 18.13652571272346, "32": 28.79497638750754, "33": 29.062557777505546, "34": 28.821450263226524, "35": 28.772052376752768, "36": 35.897454468310066, "37": 32.107772775201525, "38": 17.325069366588135, "39": 25.494104508685886, "40": 23.991948047127813, "41": 20.189843606522967, "42": 24.49756981044365, "43": 22.980124609031833, "44": 15.492488748859534 } }, "geometry": { "type": "Polygon", "coordinates": [ [ [ 133.875, -23.625 ], [ 133.875, -23.875 ], [ 131.875, -23.875 ], [ 131.875, -24.125 ], [ 131.375, -24.125 ], [ 131.375, -23.875 ], [ 130.375, -23.875 ], [ 130.375, -24.125 ], [ 130.125, -24.125 ], [ 130.125, -24.625 ], [ 128.875, -24.625 ], [ 128.875, -24.375 ], [ 126.875, -24.375 ], [ 126.875, -24.625 ], [ 124.625, -24.625 ], [ 124.625, -25.125 ], [ 125.625, -25.125 ], [ 125.625, -25.375 ], [ 125.875, -25.375 ], [ 125.875, -25.625 ], [ 129.875, -25.625 ], [ 129.875, -25.875 ], [ 130.125, -25.875 ], [ 130.125, -25.625 ], [ 130.625, -25.625 ], [ 130.625, -25.875 ], [ 131.375, -25.875 ], [ 131.375, -25.625 ], [ 131.875, -25.625 ], [ 131.875, -25.375 ], [ 132.875, -25.375 ], [ 132.875, -24.875 ], [ 133.375, -24.875 ], [ 133.375, -24.625 ], [ 134.375, -24.625 ], [ 134.375, -24.375 ], [ 134.125, -24.375 ], [ 134.125, -24.125 ], [ 134.375, -24.125 ], [ 134.375, -23.875 ], [ 134.625, -23.875 ], [ 134.625, -23.625 ], [ 133.875, -23.625 ] ] ] } },
{ "type": "Feature", "properties": { "cluster_id": 27, "cohesion": 9.1491458901682599, "distances": { "1": 44.20031290308304, "2": 38.018490056781, "3": 49.95937516274803, "4": 49.54432632970286, "5": 42.60279515192897, "6": 35.14409873767614, "7": 36.65910574496524, "8": 43.12401379713832, "9": 45.23029421910559, "10": 38.16715351878455, "11": 40.6253268293951, "12": 33.151335262027295, "13": 25.31889824480098, "14": 29.344071456147276, "15": 21.84304545277892, "16": 15.071107810267437, "17": 21.745873189161, "18": 22.58215124152374, "19": 14.32274852303761, "20": 34.51513473778998, "21": 31.42577113495564, "22": 33.03359817958776, "23": 27.483448108771398, "24": 28.724904849322428, "25": 22.501686350996106, "26": 15.803292109296363, "28": 18.498129427936565, "29": 23.343405079783476, "30": 23.67752599329611, "31": 22.85900464287521, "32": 28.58568461318334, "33": 30.130067661462537, "34": 30.28889994077644, "35": 30.189685019604475, "36": 35.63356426084922, "37": 33.83326311113521, "38": 15.47085830270776, "39": 23.07058394788619, "40": 26.554176230409386, "41": 25.729819383369797, "42": 28.972890679117235, "43": 30.44102086133914, "44": 23.44205727600564 } }, "geometry": { "type": "MultiPolygon", "coordinates": [ [ [ [ 137.625, -28.875 ], [ 137.625, -29.125 ], [ 137.875, -29.125 ], [ 137.875, -29.375 ], [ 138.125, -29.375 ], [ 138.125, -29.625 ], [ 138.375, -29.625 ], [ 138.375, -29.875 ], [ 137.625, -29.875 ], [ 137.625, -29.625 ], [ 137.375, -29.625 ], [ 137.375, -28.875 ], [ 137.625, -28.875 ] ] ], [ [ [ 134.625, -24.625 ], [ 134.625, -24.875 ], [ 135.625, -24.875 ], [ 135.625, -25.125 ], [ 135.875, -25.125 ], [ 135.875, -25.375 ], [ 136.125, -25.375 ], [ 136.125, -25.625 ], [ 136.625, -25.625 ], [ 136.625, -25.875 ], [ 136.875, -25.875 ], [ 136.875, -26.125 ], [ 137.125, -26.125 ], [ 137.125, -26.625 ], [ 137.375, -26.625 ], [ 137.375, -26.875 ], [ 137.625, -26.875 ], [ 137.625, -27.125 ], [ 137.875, -27.125 ], [ 137.875, -27.375 ], [ 138.375, -27.375 ], [ 138.375, -27.125 ], [ 138.625, -27.125 ], [ 138.625, -27.375 ], [ 139.375, -27.375 ], [ 139.375, -27.125 ], [ 139.875, -27.125 ], [ 139.875, -27.375 ], [ 140.125, -27.375 ], [ 140.125, -27.625 ], [ 140.375, -27.625 ], [ 140.375, -29.125 ], [ 140.625, -29.125 ], [ 140.625, -29.375 ], [ 141.125, -29.375 ], [ 141.125, -29.625 ], [ 140.375, -29.625 ], [ 140.375, -29.375 ], [ 140.125, -29.375 ], [ 140.125, -29.125 ], [ 139.375, -29.125 ], [ 139.375, -29.375 ], [ 138.625, -29.375 ], [ 138.625, -29.125 ], [ 138.375, -29.125 ], [ 138.375, -28.875 ], [ 137.875, -28.875 ], [ 137.875, -28.625 ], [ 137.375, -28.625 ], [ 137.375, -28.375 ], [ 137.125, -28.375 ], [ 137.125, -28.625 ], [ 136.875, -28.625 ], [ 136.875, -28.375 ], [ 136.625, -28.375 ], [ 136.625, -28.125 ], [ 135.875, -28.125 ], [ 135.875, -27.625 ], [ 135.375, -27.625 ], [ 135.375, -27.375 ], [ 134.125, -27.375 ], [ 134.125, -27.125 ], [ 133.875, -27.125 ], [ 133.875, -26.875 ], [ 134.375, -26.875 ], [ 134.375, -26.375 ], [ 134.125, -26.375 ], [ 134.125, -26.125 ], [ 133.875, -26.125 ], [ 133.875, -26.375 ], [ 133.125, -26.375 ], [ 133.125, -26.625 ], [ 132.625, -26.625 ], [ 132.625, -26.375 ], [ 131.375, -26.375 ], [ 131.375, -26.125 ], [ 130.375, -26.125 ], [ 130.375, -25.875 ], [ 131.375, -25.875 ], [ 131.375, -25.625 ], [ 131.875, -25.625 ], [ 131.875, -25.375 ], [ 132.875, -25.375 ], [ 132.875, -24.875 ], [ 133.375, -24.875 ], [ 133.375, -24.625 ], [ 134.625, -24.625 ] ] ] ] } },
{ "type": "Feature", "properties": { "cluster_id": 28, "cohesion": 11.128221577855857, "distances": { "1": 44.97719900122242, "2": 38.03557353960095, "3": 50.65946507820941, "4": 51.11855994612955, "5": 44.36212827580911, "6": 36.99605398233434, "7": 40.747486993586584, "8": 45.14274361905267, "9": 48.165818511953475, "10": 40.882909608398855, "11": 41.36023851071169, "12": 33.33718485878297, "13": 29.71736763716412, "14": 31.220424086739907, "15": 20.139001679827047, "16": 26.052135849605712, "17": 29.336228391553654, "18": 27.82046146101252, "19": 21.07062328017017, "20": 31.805110070033884, "21": 24.10615262495436, "22": 27.673937489827964, "23": 17.91033250289722, "24": 22.680416107166465, "25": 13.658791974034104, "26": 18.900417150548396, "27": 18.49812942793656, "29": 22.408710898939024, "30": 21.28969021650516, "31": 16.958359269958226, "32": 29.096798660455306, "33": 32.010053189645504, "34": 33.01890670901581, "35": 33.98104089385067, "36": 37.70672332746981, "37": 35.34361608909836, "38": 25.28913168951644, "39": 28.395578901948443, "40": 31.91481882193161, "41": 32.24132692584752, "42": 30.896429622166863, "43": 34.70573681718983, "44": 26.909867949980374 } }, "geometry": { "type": "Polygon", "coordinates": [ [ [ 127.375, -25.625 ], [ 127.375, -25.875 ], [ 127.625, -25.875 ], [ 127.625, -26.125 ], [ 126.875, -26.125 ], [ 126.875, -26.375 ], [ 126.375, -26.375 ], [ 126.375, -26.125 ], [ 125.875, -26.125 ], [ 125.875, -26.375 ], [ 125.375, -26.375 ], [ 125.375, -26.625 ], [ 124.375, -26.625 ], [ 124.375, -26.875 ], [ 123.875, -26.875 ], [ 123.875, -27.125 ], [ 123.125, -27.125 ], [ 123.125, -26.875 ], [ 122.375, -26.875 ], [ 122.375, -27.125 ], [ 122.125, -27.125 ], [ 122.125, -27.375 ], [ 122.375, -27.375 ], [ 122.375, -27.625 ], [ 122.625, -27.625 ], [ 122.625, -27.875 ], [ 123.625, -27.875 ], [ 123.625, -28.125 ], [ 125.875, -28.125 ], [ 125.875, -28.375 ], [ 126.125, -28.375 ], [ 126.125, -28.625 ], [ 127.125, -28.625 ], [ 127.125, -28.125 ], [ 129.625, -28.125 ], [ 129.625, -27.875 ], [ 130.125, -27.875 ], [ 130.125, -27.625 ], [ 129.875, -27.625 ], [ 129.875, -26.875 ], [ 130.375, -26.875 ], [ 130.375, -26.625 ], [ 130.875, -26.625 ], [ 130.875, -26.875 ], [ 131.625, -26.875 ], [ 131.625, -27.625 ], [ 131.375, -27.625 ], [ 131.375, -28.125 ], [ 131.875, -28.125 ], [ 131.875, -28.625 ], [ 132.125, -28.625 ], [ 132.125, -29.125 ], [ 131.375, -29.125 ], [ 131.375, -29.875 ], [ 131.625, -29.875 ], [ 131.625, -30.125 ], [ 131.875, -30.125 ], [ 131.875, -30.375 ], [ 132.125, -30.375 ], [ 132.125, -30.625 ], [ 132.375, -30.625 ], [ 132.375, -30.875 ], [ 132.875, -30.875 ], [ 132.875, -30.625 ], [ 133.125, -30.625 ], [ 133.125, -30.375 ], [ 133.375, -30.375 ], [ 133.375, -30.125 ], [ 133.875, -30.125 ], [ 133.875, -29.375 ], [ 134.125, -29.375 ], [ 134.125, -28.625 ], [ 134.375, -28.625 ], [ 134.375, -27.875 ], [ 134.625, -27.875 ], [ 134.625, -27.375 ], [ 134.125, -27.375 ], [ 134.125, -27.125 ], [ 133.875, -27.125 ], [ 133.875, -26.875 ], [ 134.375, -26.875 ], [ 134.375, -26.375 ], [ 134.125, -26.375 ], [ 134.125, -26.125 ], [ 133.875, -26.125 ], [ 133.875, -26.375 ], [ 133.125, -26.375 ], [ 133.125, -26.625 ], [ 132.625, -26.625 ], [ 132.625, -26.375 ], [ 131.375, -26.375 ], [ 131.375, -26.125 ], [ 130.375, -26.125 ], [ 130.375, -25.875 ], [ 130.625, -25.875 ], [ 130.625, -25.625 ], [ 130.125, -25.625 ], [ 130.125, -25.875 ], [ 129.875, -25.875 ], [ 129.875, -25.625 ], [ 127.375, -25.625 ] ] ] } },
{ "type": "Feature", "properties": { "cluster_id": 29, "cohesion": 10.151059675857402, "distances": { "1": 36.95487444699999, "2": 31.132390866942742, "3": 42.244392357623504, "4": 42.62420765070243, "5": 37.02018103462518, "6": 30.58406647822155, "7": 34.60185668968383, "8": 36.56078145698653, "9": 40.82810822675561, "10": 30.95199806563556, "11": 33.64245408261726, "12": 25.92795941236466, "13": 26.047854857105104, "14": 27.487658481239706, "15": 24.438911723951772, "16": 25.86655693484292, "17": 25.914549337028483, "18": 26.589234673614012, "19": 25.200395145088738, "20": 28.67895373744038, "21": 25.568229177880408, "22": 27.782976218466143, "23": 23.001157431412743, "24": 25.000619322125583, "25": 23.93492300127665, "26": 22.421821369064617, "27": 23.343405079783476, "28": 22.408710898939024, "30": 15.218067701839434, "31": 18.270757522110344, "32": 23.79612872224336, "33": 25.441949959356027, "34": 25.26624481938671, "35": 25.7326578428452, "36": 29.46441354221019, "37": 27.280695531406653, "38": 25.255614690837007, "39": 23.44167370847777, "40": 27.437742430283937, "41": 29.456764780510134, "42": 19.9113835151648, "43": 28.48707861023649, "44": 23.110397463626907 } }, "geometry": { "type": "Polygon", "coordinates": [ [ [ 115.875, -20.625 ], [ 115.875, -20.875 ], [ 115.625, -20.875 ], [ 115.625, -21.125 ], [ 115.125, -21.125 ], [ 115.125, -21.375 ], [ 114.625, -21.375 ], [ 114.625, -21.625 ], [ 114.375, -21.625 ], [ 114.375, -21.875 ], [ 113.875, -21.875 ], [ 113.875, -22.125 ], [ 113.625, -22.125 ], [ 113.625, -22.375 ], [ 113.375, -22.375 ], [ 113.375, -23.625 ], [ 113.125, -23.625 ], [ 113.125, -24.875 ], [ 113.375, -24.875 ], [ 113.375, -25.375 ], [ 113.625, -25.375 ], [ 113.625, -25.875 ], [ 113.875, -25.875 ], [ 113.875, -26.125 ], [ 113.625, -26.125 ], [ 113.625, -26.375 ], [ 113.375, -26.375 ], [ 113.375, -27.125 ], [ 113.625, -27.125 ], [ 113.625, -27.875 ], [ 113.875, -27.875 ], [ 113.875, -28.125 ], [ 115.375, -28.125 ], [ 115.375, -27.875 ], [ 116.625, -27.875 ], [ 116.625, -26.625 ], [ 116.375, -26.625 ], [ 116.375, -25.875 ], [ 116.125, -25.875 ], [ 116.125, -25.625 ], [ 116.375, -25.625 ], [ 116.375, -25.375 ], [ 116.625, -25.375 ], [ 116.625, -25.125 ], [ 116.875, -25.125 ], [ 116.875, -24.625 ], [ 117.625, -24.625 ], [ 117.625, -24.375 ], [ 117.875, -24.375 ], [ 117.875, -24.125 ], [ 118.125, -24.125 ], [ 118.125, -23.875 ], [ 117.875, -23.875 ], [ 117.875, -23.625 ], [ 117.625, -23.625 ], [ 117.625, -23.375 ], [ 117.375, -23.375 ], [ 117.375, -22.875 ], [ 117.125, -22.875 ], [ 117.125, -22.625 ], [ 116.625, -22.625 ], [ 116.625, -22.375 ], [ 116.375, -22.375 ], [ 116.375, -22.125 ], [ 116.125, -22.125 ], [ 116.125, -21.125 ], [ 116.375, -21.125 ], [ 116.375, -20.625 ], [ 115.875, -20.625 ] ] ] } },
{ "type": "Feature", "properties": { "cluster_id": 30, "cohesion": 8.10687343078129, "distances": { "1": 40.43808361313947, "2": 35.232128365940135, "3": 43.438659890635385, "4": 42.941724063832986, "5": 37.97023780879841, "6": 32.675412579764995, "7": 32.945778204311004, "8": 35.73436282819945, "9": 39.764715021364744, "10": 29.695021651303065, "11": 34.22362247806292, "12": 25.912726245818043, "13": 28.5511061172665, "14": 31.397802159609117, "15": 27.593095184211307, "16": 28.00378650242525, "17": 29.19133224652145, "18": 28.88415454970292, "19": 26.03085553132642, "20": 31.73059209726941, "21": 25.066634664950143, "22": 29.592945730723784, "23": 21.6221066079731, "24": 28.69156593141409, "25": 25.533892668753943, "26": 18.294937913305695, "27": 23.67752599329611, "28": 21.289690216505157, "29": 15.218067701839434, "31": 13.374753869091196, "32": 28.705914890203072, "33": 29.815177369715677, "34": 29.29932961225925, "35": 28.5131878688934, "36": 32.9663770966124, "37": 29.96674470517572, "38": 26.201492744463835, "39": 28.12499503174318, "40": 29.09021704456895, "41": 27.721734121917475, "42": 18.10823514469188, "43": 24.818220076810853, "44": 17.317146617675593 } }, "geometry": { "type": "Polygon", "coordinates": [ [ [ 119.125, -23.125 ], [ 119.125, -24.125 ], [ 117.875, -24.125 ], [ 117.875, -24.375 ], [ 117.625, -24.375 ], [ 117.625, -24.625 ], [ 116.875, -24.625 ], [ 116.875, -25.125 ], [ 116.625, -25.125 ], [ 116.625, -25.375 ], [ 116.375, -25.375 ], [ 116.375, -25.625 ], [ 116.125, -25.625 ], [ 116.125, -25.875 ], [ 116.375, -25.875 ], [ 116.375, -26.625 ], [ 116.625, -26.625 ], [ 116.625, -26.875 ], [ 117.375, -26.875 ], [ 117.375, -26.625 ], [ 117.625, -26.625 ], [ 117.625, -26.375 ], [ 118.125, -26.375 ], [ 118.125, -26.625 ], [ 118.375, -26.625 ], [ 118.375, -26.875 ], [ 118.875, -26.875 ], [ 118.875, -26.625 ], [ 119.375, -26.625 ], [ 119.375, -26.375 ], [ 119.625, -26.375 ], [ 119.625, -26.125 ], [ 120.375, -26.125 ], [ 120.375, -25.625 ], [ 120.625, -25.625 ], [ 120.625, -25.375 ], [ 120.875, -25.375 ], [ 120.875, -25.125 ], [ 122.875, -25.125 ], [ 122.875, -24.875 ], [ 124.625, -24.875 ], [ 124.625, -24.375 ], [ 123.125, -24.375 ], [ 123.125, -23.875 ], [ 121.875, -23.875 ], [ 121.875, -23.625 ], [ 121.625, -23.625 ], [ 121.625, -23.375 ], [ 121.125, -23.375 ], [ 121.125, -23.625 ], [ 120.125, -23.625 ], [ 120.125, -23.125 ], [ 119.125, -23.125 ] ] ] } },
{ "type": "Feature", "properties": { "cluster_id": 31, "cohesion": 10.311834210700781, "distances": { "1": 43.926329450547875, "2": 37.80885038289185, "3": 47.53956327281968, "4": 47.28562241379705, "5": 41.24860422941953, "6": 35.15326758901029, "7": 36.79256784834113, "8": 41.05477840816409, "9": 43.846114683601115, "10": 36.14782954812199, "11": 38.31099358041351, "12": 29.939018355994126, "13": 31.067193532448215, "14": 33.88556706796214, "15": 27.42580040942117, "16": 28.57212755474372, "17": 30.74408598136863, "18": 30.755165614504516, "19": 26.06898671214246, "20": 31.77952610957098, "21": 20.886965163753693, "22": 27.373170540647067, "23": 16.116491969102878, "24": 26.034457844898693, "25": 21.28648908402118, "26": 18.136525712723465, "27": 22.859004642875213, "28": 16.958359269958226, "29": 18.270757522110348, "30": 13.374753869091197, "32": 29.77991887191719, "33": 31.329167249758733, "34": 31.262751035311037, "35": 31.655219946949355, "36": 36.8420275497658, "37": 33.225663260237155, "38": 26.347664451398682, "39": 29.100049022518217, "40": 30.805123055168497, "41": 29.71021709846045, "42": 25.729505141770712, "43": 30.08857953766102, "44": 22.25118402367302 } }, "geometry": { "type": "Polygon", "coordinates": [ [ [ 122.875, -24.875 ], [ 122.875, -25.125 ], [ 120.875, -25.125 ], [ 120.875, -25.375 ], [ 120.625, -25.375 ], [ 120.625, -25.625 ], [ 120.375, -25.625 ], [ 120.375, -26.125 ], [ 119.625, -26.125 ], [ 119.625, -26.375 ], [ 119.375, -26.375 ], [ 119.375, -26.625 ], [ 118.875, -26.625 ], [ 118.875, -26.875 ], [ 118.375, -26.875 ], [ 118.375, -26.625 ], [ 118.125, -26.625 ], [ 118.125, -26.375 ], [ 117.625, -26.375 ], [ 117.625, -26.625 ], [ 117.375, -26.625 ], [ 117.375, -26.875 ], [ 116.625, -26.875 ], [ 116.625, -27.875 ], [ 115.375, -27.875 ], [ 115.375, -28.125 ], [ 114.125, -28.125 ], [ 114.125, -28.625 ], [ 114.375, -28.625 ], [ 114.375, -28.875 ], [ 114.625, -28.875 ], [ 114.625, -29.125 ], [ 114.875, -29.125 ], [ 114.875, -29.625 ], [ 115.125, -29.625 ], [ 115.125, -30.125 ], [ 115.625, -30.125 ], [ 115.625, -29.875 ], [ 115.875, -29.875 ], [ 115.875, -29.375 ], [ 116.125, -29.375 ], [ 116.125, -29.625 ], [ 116.375, -29.625 ], [ 116.375, -29.375 ], [ 116.625, -29.375 ], [ 116.625, -28.375 ], [ 117.125, -28.375 ], [ 117.125, -28.625 ], [ 117.375, -28.625 ], [ 117.375, -28.875 ], [ 118.125, -28.875 ], [ 118.125, -28.625 ], [ 118.375, -28.625 ], [ 118.375, -28.375 ], [ 118.625, -28.375 ], [ 118.625, -28.125 ], [ 118.875, -28.125 ], [ 118.875, -27.875 ], [ 119.125, -27.875 ], [ 119.125, -27.625 ], [ 119.375, -27.625 ], [ 119.375, -27.125 ], [ 119.625, -27.125 ], [ 119.625, -26.875 ], [ 120.625, -26.875 ], [ 120.625, -26.375 ], [ 121.125, -26.375 ], [ 121.125, -26.125 ], [ 121.625, -26.125 ], [ 121.625, -26.625 ], [ 121.875, -26.625 ], [ 121.875, -26.875 ], [ 123.125, -26.875 ], [ 123.125, -27.125 ], [ 123.875, -27.125 ], [ 123.875, -26.875 ], [ 124.375, -26.875 ], [ 124.375, -26.625 ], [ 125.375, -26.625 ], [ 125.375, -26.375 ], [ 125.875, -26.375 ], [ 125.875, -26.125 ], [ 126.375, -26.125 ], [ 126.375, -26.375 ], [ 126.875, -26.375 ], [ 126.875, -26.125 ], [ 127.625, -26.125 ], [ 127.625, -25.875 ], [ 127.375, -25.875 ], [ 127.375, -25.625 ], [ 125.875, -25.625 ], [ 125.875, -25.375 ], [ 125.625, -25.375 ], [ 125.625, -25.125 ], [ 124.625, -25.125 ], [ 124.625, -24.875 ], [ 122.875, -24.875 ] ] ] } },
{ "type": "Feature", "properties": { "cluster_id": 32, "cohesion": 10.077728928318169, "distances": { "1": 27.04416451430067, "2": 19.67845468141384, "3": 34.4873906903054, "4": 35.75551000556146, "5": 27.937338717833082, "6": 19.627171356024363, "7": 31.317671832816856, "8": 32.8086564252343, "9": 35.65270543677309, "10": 31.04595179651128, "11": 27.969351789721134, "12": 24.352468646665233, "13": 29.23914505070348, "14": 28.554547858850217, "15": 27.327536244601777, "16": 27.443716657299806, "17": 26.453270482482438, "18": 30.317693501182987, "19": 30.33714313428935, "20": 25.680999622648653, "21": 28.494565433433806, "22": 26.873991111642432, "23": 30.128954577183507, "24": 25.403833106335565, "25": 27.622078116018162, "26": 28.794976387507536, "27": 28.585684613183336, "28": 29.096798660455306, "29": 23.79612872224336, "30": 28.70591489020307, "31": 29.7799188719172, "33": 14.631446289434075, "34": 20.677589415638668, "35": 25.192838198267783, "36": 29.541108452173148, "37": 27.1516057517039, "38": 26.601066103702504, "39": 19.657714176747785, "40": 22.11308822634029, "41": 29.20684935882735, "42": 27.51795663227027, "43": 30.321737411109375, "44": 29.495500089248203 } }, "geometry": { "type": "Polygon", "coordinates": [ [ [ 145.125, -18.375 ], [ 145.125, -19.125 ], [ 145.375, -19.125 ], [ 145.375, -19.375 ], [ 145.625, -19.375 ], [ 145.625, -19.625 ], [ 145.875, -19.625 ], [ 145.875, -19.875 ], [ 144.125, -19.875 ], [ 144.125, -19.625 ], [ 143.625, -19.625 ], [ 143.625, -20.375 ], [ 143.875, -20.375 ], [ 143.875, -20.625 ], [ 144.125, -20.625 ], [ 144.125, -20.875 ], [ 144.375, -20.875 ], [ 144.375, -21.375 ], [ 143.875, -21.375 ], [ 143.875, -21.625 ], [ 143.625, -21.625 ], [ 143.625, -22.375 ], [ 143.875, -22.375 ], [ 143.875, -23.125 ], [ 144.625, -23.125 ], [ 144.625, -23.375 ], [ 144.875, -23.375 ], [ 144.875, -23.625 ], [ 145.125, -23.625 ], [ 145.125, -23.875 ], [ 145.625, -23.875 ], [ 145.625, -24.125 ], [ 146.375, -24.125 ], [ 146.375, -23.625 ], [ 146.125, -23.625 ], [ 146.125, -22.875 ], [ 146.375, -22.875 ], [ 146.375, -22.625 ], [ 146.625, -22.625 ], [ 146.625, -22.875 ], [ 146.875, -22.875 ], [ 146.875, -23.375 ], [ 147.125, -23.375 ], [ 147.125, -23.875 ], [ 147.375, -23.875 ], [ 147.375, -24.125 ], [ 147.875, -24.125 ], [ 147.875, -23.625 ], [ 149.125, -23.625 ], [ 149.125, -23.375 ], [ 149.875, -23.375 ], [ 149.875, -23.625 ], [ 150.125, -23.625 ], [ 150.125, -24.125 ], [ 150.375, -24.125 ], [ 150.375, -24.375 ], [ 150.625, -24.375 ], [ 150.625, -24.625 ], [ 150.875, -24.625 ], [ 150.875, -24.125 ], [ 151.625, -24.125 ], [ 151.625, -24.375 ], [ 152.375, -24.375 ], [ 152.375, -24.125 ], [ 152.125, -24.125 ], [ 152.125, -23.875 ], [ 151.875, -23.875 ], [ 151.875, -23.625 ], [ 151.375, -23.625 ], [ 151.375, -23.375 ], [ 151.125, -23.375 ], [ 151.125, -22.625 ], [ 150.875, -22.625 ], [ 150.875, -22.375 ], [ 150.625, -22.375 ], [ 150.625, -22.125 ], [ 149.875, -22.125 ], [ 149.875, -21.625 ], [ 149.625, -21.625 ], [ 149.625, -21.125 ], [ 149.375, -21.125 ], [ 149.375, -20.875 ], [ 148.875, -20.875 ], [ 148.875, -20.625 ], [ 148.625, -20.625 ], [ 148.625, -20.375 ], [ 148.375, -20.375 ], [ 148.375, -20.625 ], [ 148.125, -20.625 ], [ 148.125, -20.375 ], [ 147.625, -20.375 ], [ 147.625, -20.125 ], [ 147.375, -20.125 ], [ 147.375, -19.625 ], [ 147.125, -19.625 ], [ 147.125, -19.375 ], [ 146.875, -19.375 ], [ 146.875, -19.125 ], [ 146.125, -19.125 ], [ 146.125, -18.875 ], [ 145.875, -18.875 ], [ 145.875, -18.625 ], [ 145.375, -18.625 ], [ 145.375, -18.375 ], [ 145.125, -18.375 ] ] ] } },
{ "type": "Feature", "properties": { "cluster_id": 33, "cohesion": 11.611597933324848, "distances": { "1": 28.643438069265656, "2": 23.459616977757925, "3": 32.66853431458539, "4": 32.528315037386584, "5": 24.997030757563113, "6": 17.812880191208546, "7": 27.703685332318962, "8": 30.140754041496727, "9": 31.681348614610858, "10": 28.920037254328616, "11": 26.612280278414993, "12": 23.764751748665038, "13": 30.092547502436695, "14": 30.749691020168086, "15": 31.261133423967564, "16": 27.1946934068464, "17": 25.3344154220058, "18": 31.868290083084343, "19": 32.33374285084236, "20": 27.42153755056678, "21": 30.57018493391553, "22": 29.15109699318504, "23": 32.91221443254412, "24": 28.808973339339992, "25": 31.390055208733603, "26": 29.062557777505546, "27": 30.130067661462533, "28": 32.0100531896455, "29": 25.441949959356023, "30": 29.815177369715677, "31": 31.32916724975874, "32": 14.631446289434075, "34": 15.623753183205492, "35": 21.850749596326143, "36": 29.66925060858854, "37": 26.328821242241197, "38": 25.751091077910647, "39": 17.653579500016292, "40": 18.873134422224975, "41": 26.55494313231437, "42": 27.274058309274455, "43": 27.891977301177185, "44": 28.657887621791023 } }, "geometry": { "type": "Polygon", "coordinates": [ [ [ 143.375, -22.375 ], [ 143.375, -22.875 ], [ 143.125, -22.875 ], [ 143.125, -23.125 ], [ 142.875, -23.125 ], [ 142.875, -23.375 ], [ 143.125, -23.375 ], [ 143.125, -23.625 ], [ 143.375, -23.625 ], [ 143.375, -23.875 ], [ 143.625, -23.875 ], [ 143.625, -24.125 ], [ 143.875, -24.125 ], [ 143.875, -24.625 ], [ 144.125, -24.625 ], [ 144.125, -25.125 ], [ 146.125, -25.125 ], [ 146.125, -25.375 ], [ 146.375, -25.375 ], [ 146.375, -25.125 ], [ 148.125, -25.125 ], [ 148.125, -25.375 ], [ 148.375, -25.375 ], [ 148.375, -25.625 ], [ 149.125, -25.625 ], [ 149.125, -25.875 ], [ 148.875, -25.875 ], [ 148.875, -26.125 ], [ 149.125, -26.125 ], [ 149.125, -26.375 ], [ 151.125, -26.375 ], [ 151.125, -26.625 ], [ 151.875, -26.625 ], [ 151.875, -26.375 ], [ 152.875, -26.375 ], [ 152.875, -26.625 ], [ 153.125, -26.625 ], [ 153.125, -28.125 ], [ 153.375, -28.125 ], [ 153.375, -27.625 ], [ 153.625, -27.625 ], [ 153.625, -26.375 ], [ 153.375, -26.375 ], [ 153.375, -26.125 ], [ 153.625, -26.125 ], [ 153.625, -25.875 ], [ 153.375, -25.875 ], [ 153.375, -25.375 ], [ 153.125, -25.375 ], [ 153.125, -25.125 ], [ 152.875, -25.125 ], [ 152.875, -24.875 ], [ 152.625, -24.875 ], [ 152.625, -24.625 ], [ 152.375, -24.625 ], [ 152.375, -24.375 ], [ 151.625, -24.375 ], [ 151.625, -24.125 ], [ 150.875, -24.125 ], [ 150.875, -24.625 ], [ 150.625, -24.625 ], [ 150.625, -24.375 ], [ 150.375, -24.375 ], [ 150.375, -24.125 ], [ 150.125, -24.125 ], [ 150.125, -23.625 ], [ 149.875, -23.625 ], [ 149.875, -23.375 ], [ 149.125, -23.375 ], [ 149.125, -23.625 ], [ 147.875, -23.625 ], [ 147.875, -24.125 ], [ 147.375, -24.125 ], [ 147.375, -23.875 ], [ 147.125, -23.875 ], [ 147.125, -23.375 ], [ 146.875, -23.375 ], [ 146.875, -22.875 ], [ 146.625, -22.875 ], [ 146.625, -22.625 ], [ 146.375, -22.625 ], [ 146.375, -22.875 ], [ 146.125, -22.875 ], [ 146.125, -23.625 ], [ 146.375, -23.625 ], [ 146.375, -24.125 ], [ 145.625, -24.125 ], [ 145.625, -23.875 ], [ 145.125, -23.875 ], [ 145.125, -23.625 ], [ 144.875, -23.625 ], [ 144.875, -23.375 ], [ 144.625, -23.375 ], [ 144.625, -23.125 ], [ 143.875, -23.125 ], [ 143.875, -22.375 ], [ 143.375, -22.375 ] ] ] } },
{ "type": "Feature", "properties": { "cluster_id": 34, "cohesion": 8.1378678342155606, "distances": { "1": 29.27985483333273, "2": 26.152430377406017, "3": 31.586811621610963, "4": 31.497950204185585, "5": 26.339527519249035, "6": 22.295174538276584, "7": 27.34806188934571, "8": 29.122490470239068, "9": 30.649121939006267, "10": 27.34937075430187, "11": 25.892858933384353, "12": 23.02883138514081, "13": 25.785818609363076, "14": 27.805663725587113, "15": 31.376113844177993, "16": 25.800938051698473, "17": 21.982974538647788, "18": 28.839231885892897, "19": 31.018531645759072, "20": 26.154041653279034, "21": 30.65245705790645, "22": 28.9897252293049, "23": 33.60540831847808, "24": 29.56223761941926, "25": 32.91519545037403, "26": 28.821450263226524, "27": 30.28889994077644, "28": 33.01890670901581, "29": 25.26624481938671, "30": 29.29932961225925, "31": 31.262751035311037, "32": 20.677589415638664, "33": 15.62375318320549, "35": 14.24685417960222, "36": 24.6797958360684, "37": 21.2099354079235, "38": 25.868596423742467, "39": 17.76495833158186, "40": 21.585254655708926, "41": 26.367231223906547, "42": 25.79546081374472, "43": 27.057234739157767, "44": 27.662765786290464 } }, "geometry": { "type": "MultiPolygon", "coordinates": [ [ [ [ 152.875, -31.125 ], [ 152.625, -31.125 ], [ 152.625, -30.875 ], [ 152.875, -30.875 ], [ 152.875, -31.125 ] ] ], [ [ [ 151.625, -30.125 ], [ 151.375, -30.125 ], [ 151.375, -29.875 ], [ 151.625, -29.875 ], [ 151.625, -30.125 ] ] ], [ [ [ 151.625, -29.875 ], [ 151.625, -29.375 ], [ 151.875, -29.375 ], [ 151.875, -29.875 ], [ 151.625, -29.875 ] ] ], [ [ [ 151.625, -26.875 ], [ 151.625, -26.625 ], [ 151.875, -26.625 ], [ 151.875, -26.375 ], [ 152.875, -26.375 ], [ 152.875, -26.625 ], [ 153.125, -26.625 ], [ 153.125, -28.125 ], [ 153.375, -28.125 ], [ 153.375, -27.625 ], [ 153.875, -27.625 ], [ 153.875, -29.125 ], [ 153.625, -29.125 ], [ 153.625, -30.125 ], [ 153.125, -30.125 ], [ 153.125, -30.375 ], [ 152.625, -30.375 ], [ 152.625, -29.625 ], [ 152.875, -29.625 ], [ 152.875, -29.125 ], [ 153.125, -29.125 ], [ 153.125, -28.875 ], [ 153.375, -28.875 ], [ 153.375, -28.375 ], [ 152.375, -28.375 ], [ 152.375, -28.625 ], [ 152.125, -28.625 ], [ 152.125, -29.375 ], [ 151.875, -29.375 ], [ 151.875, -26.875 ], [ 151.625, -26.875 ] ] ] ] } },
{ "type": "Feature", "properties": { "cluster_id": 35, "cohesion": 10.979342820573718, "distances": { "1": 30.725440396193086, "2": 28.630018261749157, "3": 32.71734891264318, "4": 32.40126553648716, "5": 28.966340378906995, "6": 26.23644655334242, "7": 27.935520526927874, "8": 28.88915266293937, "9": 31.329194294173952, "10": 25.906564141720036, "11": 27.060203846565177, "12": 23.816429479247045, "13": 20.626788333824454, "14": 24.622092378407114, "15": 30.88207725280691, "16": 25.511222662424863, "17": 20.32492373071325, "18": 24.92317444274211, "19": 29.135982575104396, "20": 27.926783532732603, "21": 32.998735996552746, "22": 31.423175055343005, "23": 35.278656024256705, "24": 32.14664885773794, "25": 34.84143048025152, "26": 28.772052376752775, "27": 30.18968501960447, "28": 33.98104089385066, "29": 25.7326578428452, "30": 28.513187868893393, "31": 31.655219946949355, "32": 25.192838198267783, "33": 21.850749596326146, "34": 14.24685417960222, "36": 19.585312086831603, "37": 17.389961094899327, "38": 27.318267197451647, "39": 21.01735997445758, "40": 24.884130417371406, "41": 27.310331394178895, "42": 23.961253207398173, "43": 26.015273372063263, "44": 26.20032713155665 } }, "geometry": { "type": "MultiPolygon", "coordinates": [ [ [ [ 148.625, -36.625 ], [ 149.125, -36.625 ], [ 149.125, -36.375 ], [ 149.625, -36.375 ], [ 149.625, -36.625 ], [ 149.375, -36.625 ], [ 149.375, -36.875 ], [ 149.125, -36.875 ], [ 149.125, -37.375 ], [ 148.875, -37.375 ], [ 148.875, -37.625 ], [ 148.625, -37.625 ], [ 148.625, -36.625 ] ] ], [ [ [ 149.875, -36.125 ], [ 149.875, -35.875 ], [ 150.125, -35.875 ], [ 150.125, -35.625 ], [ 150.375, -35.625 ], [ 150.375, -35.375 ], [ 150.625, -35.375 ], [ 150.625, -36.375 ], [ 150.375, -36.375 ], [ 150.375, -37.375 ], [ 150.125, -37.375 ], [ 150.125, -37.625 ], [ 149.875, -37.625 ], [ 149.875, -37.875 ], [ 149.625, -37.875 ], [ 149.625, -38.125 ], [ 148.625, -38.125 ], [ 148.625, -37.875 ], [ 148.875, -37.875 ], [ 148.875, -37.625 ], [ 149.375, -37.625 ], [ 149.375, -37.375 ], [ 149.625, -37.375 ], [ 149.625, -36.875 ], [ 149.875, -36.875 ], [ 149.875, -36.375 ], [ 149.625, -36.375 ], [ 149.625, -36.125 ], [ 149.875, -36.125 ] ] ], [ [ [ 150.625, -35.375 ], [ 150.625, -35.125 ], [ 150.875, -35.125 ], [ 150.875, -35.375 ], [ 150.625, -35.375 ] ] ], [ [ [ 150.625, -34.125 ], [ 150.625, -33.875 ], [ 150.375, -33.875 ], [ 150.375, -33.625 ], [ 150.625, -33.625 ], [ 150.625, -33.125 ], [ 150.375, -33.125 ], [ 150.375, -33.375 ], [ 150.125, -33.375 ], [ 150.125, -33.625 ], [ 149.875, -33.625 ], [ 149.875, -34.125 ], [ 149.625, -34.125 ], [ 149.625, -34.875 ], [ 149.375, -34.875 ], [ 149.375, -35.125 ], [ 148.875, -35.125 ], [ 148.875, -35.375 ], [ 148.625, -35.375 ], [ 148.625, -35.625 ], [ 148.375, -35.625 ], [ 148.375, -35.375 ], [ 148.125, -35.375 ], [ 148.125, -35.125 ], [ 147.875, -35.125 ], [ 147.875, -34.875 ], [ 148.625, -34.875 ], [ 148.625, -34.625 ], [ 148.875, -34.625 ], [ 148.875, -34.375 ], [ 149.125, -34.375 ], [ 149.125, -33.375 ], [ 148.875, -33.375 ], [ 148.875, -33.125 ], [ 149.375, -33.125 ], [ 149.375, -32.875 ], [ 149.625, -32.875 ], [ 149.625, -32.375 ], [ 149.875, -32.375 ], [ 149.875, -31.875 ], [ 150.625, -31.875 ], [ 150.625, -31.625 ], [ 150.875, -31.625 ], [ 150.875, -31.375 ], [ 151.375, -31.375 ], [ 151.375, -30.625 ], [ 151.625, -30.625 ], [ 151.625, -29.875 ], [ 151.875, -29.875 ], [ 151.875, -29.375 ], [ 152.125, -29.375 ], [ 152.125, -28.625 ], [ 152.375, -28.625 ], [ 152.375, -28.375 ], [ 153.375, -28.375 ], [ 153.375, -28.875 ], [ 153.125, -28.875 ], [ 153.125, -29.125 ], [ 152.875, -29.125 ], [ 152.875, -29.625 ], [ 152.625, -29.625 ], [ 152.625, -30.375 ], [ 153.125, -30.375 ], [ 153.125, -30.125 ], [ 153.375, -30.125 ], [ 153.375, -31.375 ], [ 153.125, -31.375 ], [ 153.125, -31.875 ], [ 152.875, -31.875 ], [ 152.875, -32.375 ], [ 152.625, -32.375 ], [ 152.625, -32.625 ], [ 152.375, -32.625 ], [ 152.375, -32.875 ], [ 152.125, -32.875 ], [ 152.125, -33.125 ], [ 151.875, -33.125 ], [ 151.875, -33.375 ], [ 151.625, -33.375 ], [ 151.625, -34.125 ], [ 151.375, -34.125 ], [ 151.375, -34.375 ], [ 151.125, -34.375 ], [ 151.125, -35.125 ], [ 150.875, -35.125 ], [ 150.875, -34.125 ], [ 150.625, -34.125 ] ], [ [ 152.875, -31.125 ], [ 152.875, -30.875 ], [ 152.625, -30.875 ], [ 152.625, -31.125 ], [ 152.875, -31.125 ] ], [ [ 151.875, -32.625 ], [ 151.875, -32.125 ], [ 151.375, -32.125 ], [ 151.375, -32.625 ], [ 151.875, -32.625 ] ] ] ] } },
{ "type": "Feature", "properties": { "cluster_id": 36, "cohesion": 8.467567179143936, "distances": { "1": 28.456836209683093, "2": 27.720771496436814, "3": 34.08595829155131, "4": 36.32309733894967, "5": 34.742020234556584, "6": 32.593431620969525, "7": 35.94335054138228, "8": 33.20327389448038, "9": 37.876980068310075, "10": 29.767717558171444, "11": 30.07582909184057, "12": 28.21847356619799, "13": 18.047148669543112, "14": 16.29657032386079, "15": 28.599078061859554, "16": 32.82748451679253, "17": 27.223814001491856, "18": 23.389153429986944, "19": 31.40150758015498, "20": 28.56603404399885, "21": 37.22091572491462, "22": 33.94561245513801, "23": 39.23251244226366, "24": 34.19183301599686, "25": 37.42115625718246, "26": 35.89745446831007, "27": 35.63356426084921, "28": 37.70672332746981, "29": 29.46441354221019, "30": 32.9663770966124, "31": 36.84202754976581, "32": 29.541108452173148, "33": 29.66925060858854, "34": 24.6797958360684, "35": 19.585312086831603, "37": 14.254622205559853, "38": 35.863422654503104, "39": 30.088585818720063, "40": 33.9867189919843, "41": 36.667415558222174, "42": 27.318634856826023, "43": 33.24001061730407, "44": 32.61710527468056 } }, "geometry": { "type": "Polygon", "coordinates": [ [ [ 149.125, -35.375 ], [ 149.125, -35.625 ], [ 148.375, -35.625 ], [ 148.375, -36.375 ], [ 148.125, -36.375 ], [ 148.125, -36.625 ], [ 147.625, -36.625 ], [ 147.625, -36.875 ], [ 146.875, -36.875 ], [ 146.875, -37.125 ], [ 146.375, -37.125 ], [ 146.375, -37.375 ], [ 146.125, -37.375 ], [ 146.125, -37.625 ], [ 144.875, -37.625 ], [ 144.875, -37.375 ], [ 144.125, -37.375 ], [ 144.125, -37.625 ], [ 142.125, -37.625 ], [ 142.125, -37.875 ], [ 141.625, -37.875 ], [ 141.625, -38.125 ], [ 140.625, -38.125 ], [ 140.625, -38.375 ], [ 141.125, -38.375 ], [ 141.125, -38.625 ], [ 142.625, -38.625 ], [ 142.625, -38.875 ], [ 143.125, -38.875 ], [ 143.125, -39.125 ], [ 143.875, -39.125 ], [ 143.875, -38.875 ], [ 144.125, -38.875 ], [ 144.125, -38.625 ], [ 144.375, -38.625 ], [ 144.375, -38.375 ], [ 145.125, -38.375 ], [ 145.125, -38.625 ], [ 145.375, -38.625 ], [ 145.375, -38.875 ], [ 146.375, -38.875 ], [ 146.375, -38.625 ], [ 145.625, -38.625 ], [ 145.625, -38.375 ], [ 145.875, -38.375 ], [ 145.875, -38.125 ], [ 146.125, -38.125 ], [ 146.125, -37.875 ], [ 147.125, -37.875 ], [ 147.125, -37.625 ], [ 148.625, -37.625 ], [ 148.625, -36.625 ], [ 148.875, -36.625 ], [ 148.875, -36.375 ], [ 149.375, -36.375 ], [ 149.375, -35.875 ], [ 149.625, -35.875 ], [ 149.625, -35.375 ], [ 149.125, -35.375 ] ] ] } },
{ "type": "Feature", "properties": { "cluster_id": 37, "cohesion": 10.870052243586816, "distances": { "1": 25.990828386969387, "2": 25.176523666270228, "3": 30.310273380945315, "4": 31.787029213863516, "5": 29.492123373931996, "6": 27.833785929993056, "7": 30.34137162612868, "8": 29.237220351563387, "9": 32.24263784304339, "10": 26.40924936483509, "11": 26.177253861415345, "12": 24.459461775483735, "13": 22.064384258339217, "14": 22.63687162139124, "15": 30.577569056676392, "16": 31.887059734223563, "17": 27.84037150484998, "18": 27.253241981047992, "19": 32.2322581592685, "20": 25.239198591803454, "21": 32.366632946832766, "22": 29.75847030101836, "23": 35.47696101535859, "24": 31.39743013183376, "25": 35.320493350489635, "26": 32.107772775201525, "27": 33.83326311113521, "28": 35.343616089098354, "29": 27.280695531406653, "30": 29.96674470517572, "31": 33.225663260237155, "32": 27.1516057517039, "33": 26.328821242241197, "34": 21.2099354079235, "35": 17.389961094899327, "36": 14.254622205559851, "38": 32.20320007694581, "39": 28.264385752229767, "40": 29.199827444367553, "41": 31.253043189648, "42": 24.80302404683233, "43": 28.792687037960484, "44": 28.945703630586227 } }, "geometry": { "type": "MultiPolygon", "coordinates": [ [ [ [ 145.125, -40.625 ], [ 146.125, -40.625 ], [ 146.125, -40.875 ], [ 146.625, -40.875 ], [ 146.625, -40.625 ], [ 147.875, -40.625 ], [ 147.875, -40.375 ], [ 148.125, -40.375 ], [ 148.125, -40.625 ], [ 148.375, -40.625 ], [ 148.375, -40.875 ], [ 148.625, -40.875 ], [ 148.625, -42.125 ], [ 148.375, -42.125 ], [ 148.375, -42.625 ], [ 148.125, -42.625 ], [ 148.125, -42.875 ], [ 147.875, -42.875 ], [ 147.875, -43.125 ], [ 147.375, -43.125 ], [ 147.375, -43.375 ], [ 147.125, -43.375 ], [ 147.125, -43.625 ], [ 145.875, -43.625 ], [ 145.875, -43.375 ], [ 145.625, -43.375 ], [ 145.625, -43.125 ], [ 145.375, -43.125 ], [ 145.375, -42.875 ], [ 145.125, -42.875 ], [ 145.125, -42.625 ], [ 144.875, -42.625 ], [ 144.875, -42.375 ], [ 145.125, -42.375 ], [ 145.125, -42.125 ], [ 144.875, -42.125 ], [ 144.875, -41.875 ], [ 144.625, -41.875 ], [ 144.625, -41.375 ], [ 144.375, -41.375 ], [ 144.375, -40.875 ], [ 144.625, -40.875 ], [ 144.625, -40.625 ], [ 144.875, -40.625 ], [ 144.875, -40.375 ], [ 145.125, -40.375 ], [ 145.125, -40.625 ] ] ], [ [ [ 148.875, -37.875 ], [ 148.625, -37.875 ], [ 148.625, -38.125 ], [ 148.125, -38.125 ], [ 148.125, -38.375 ], [ 147.375, -38.375 ], [ 147.375, -38.625 ], [ 147.125, -38.625 ], [ 147.125, -38.875 ], [ 146.625, -38.875 ], [ 146.625, -39.125 ], [ 145.875, -39.125 ], [ 145.875, -38.875 ], [ 146.375, -38.875 ], [ 146.375, -38.625 ], [ 145.625, -38.625 ], [ 145.625, -38.375 ], [ 145.875, -38.375 ], [ 145.875, -38.125 ], [ 146.125, -38.125 ], [ 146.125, -37.875 ], [ 147.125, -37.875 ], [ 147.125, -37.625 ], [ 148.875, -37.625 ], [ 148.875, -37.875 ] ] ], [ [ [ 149.875, -36.875 ], [ 149.625, -36.875 ], [ 149.625, -37.375 ], [ 149.375, -37.375 ], [ 149.375, -37.625 ], [ 148.875, -37.625 ], [ 148.875, -37.375 ], [ 149.125, -37.375 ], [ 149.125, -36.875 ], [ 149.375, -36.875 ], [ 149.375, -36.625 ], [ 149.625, -36.625 ], [ 149.625, -36.375 ], [ 149.875, -36.375 ], [ 149.875, -36.875 ] ] ], [ [ [ 150.375, -33.625 ], [ 150.375, -33.875 ], [ 150.625, -33.875 ], [ 150.625, -34.125 ], [ 150.875, -34.125 ], [ 150.875, -35.125 ], [ 150.625, -35.125 ], [ 150.625, -35.375 ], [ 150.375, -35.375 ], [ 150.375, -35.625 ], [ 150.125, -35.625 ], [ 150.125, -35.875 ], [ 149.875, -35.875 ], [ 149.875, -36.125 ], [ 149.625, -36.125 ], [ 149.625, -36.375 ], [ 149.375, -36.375 ], [ 149.375, -35.875 ], [ 149.625, -35.875 ], [ 149.625, -35.375 ], [ 149.125, -35.375 ], [ 149.125, -35.625 ], [ 148.625, -35.625 ], [ 148.625, -35.375 ], [ 148.875, -35.375 ], [ 148.875, -35.125 ], [ 149.375, -35.125 ], [ 149.375, -34.875 ], [ 149.625, -34.875 ], [ 149.625, -34.125 ], [ 149.875, -34.125 ], [ 149.875, -33.625 ], [ 150.125, -33.625 ], [ 150.125, -33.375 ], [ 150.375, -33.375 ], [ 150.375, -33.125 ], [ 150.625, -33.125 ], [ 150.625, -33.625 ], [ 150.375, -33.625 ] ] ], [ [ [ 151.375, -32.625 ], [ 151.375, -32.125 ], [ 151.875, -32.125 ], [ 151.875, -32.625 ], [ 151.375, -32.625 ] ] ] ] } },
{ "type": "Feature", "properties": { "cluster_id": 38, "cohesion": 9.5002088092882513, "distances": { "1": 40.4856341025688, "2": 35.18754484792233, "3": 45.03543033735628, "4": 43.62595580121009, "5": 35.72454515629438, "6": 28.72159500134221, "7": 29.163556330668015, "8": 38.20484368151097, "9": 37.81406417384873, "10": 34.18690740661264, "11": 36.59806795820406, "12": 30.630828253557535, "13": 28.5012488505061, "14": 33.13699113047553, "15": 29.17275972378764, "16": 14.499067836058805, "17": 21.558562246626604, "18": 27.670132268004686, "19": 22.076907115777054, "20": 33.26238764717641, "21": 31.894344588772917, "22": 32.67620605753509, "23": 30.63062760958893, "24": 30.250700925083013, "25": 27.93578272630592, "26": 17.325069366588135, "27": 15.470858302707764, "28": 25.28913168951644, "29": 25.255614690837, "30": 26.201492744463835, "31": 26.347664451398682, "32": 26.601066103702504, "33": 25.75109107791064, "34": 25.868596423742474, "35": 27.318267197451643, "36": 35.863422654503104, "37": 32.20320007694581, "39": 19.965894596828342, "40": 17.473156037059546, "41": 17.531493211778944, "42": 28.213290696187098, "43": 25.82470944395651, "44": 22.301289365300722 } }, "geometry": { "type": "MultiPolygon", "coordinates": [ [ [ [ 135.875, -23.375 ], [ 135.875, -23.625 ], [ 136.375, -23.625 ], [ 136.375, -23.875 ], [ 136.625, -23.875 ], [ 136.625, -24.125 ], [ 137.125, -24.125 ], [ 137.125, -24.375 ], [ 137.375, -24.375 ], [ 137.375, -24.625 ], [ 137.875, -24.625 ], [ 137.875, -24.875 ], [ 138.625, -24.875 ], [ 138.625, -25.125 ], [ 138.875, -25.125 ], [ 138.875, -25.375 ], [ 139.625, -25.375 ], [ 139.625, -25.875 ], [ 140.125, -25.875 ], [ 140.125, -25.625 ], [ 140.375, -25.625 ], [ 140.375, -25.375 ], [ 140.125, -25.375 ], [ 140.125, -25.125 ], [ 139.875, -25.125 ], [ 139.875, -24.625 ], [ 140.625, -24.625 ], [ 140.625, -24.875 ], [ 140.875, -24.875 ], [ 140.875, -25.125 ], [ 141.375, -25.125 ], [ 141.375, -25.375 ], [ 141.625, -25.375 ], [ 141.625, -25.625 ], [ 141.875, -25.625 ], [ 141.875, -25.375 ], [ 142.125, -25.375 ], [ 142.125, -25.625 ], [ 142.375, -25.625 ], [ 142.375, -26.125 ], [ 142.625, -26.125 ], [ 142.625, -26.375 ], [ 143.125, -26.375 ], [ 143.125, -26.125 ], [ 143.625, -26.125 ], [ 143.625, -26.375 ], [ 143.875, -26.375 ], [ 143.875, -26.625 ], [ 144.375, -26.625 ], [ 144.375, -26.875 ], [ 145.125, -26.875 ], [ 145.125, -27.375 ], [ 144.625, -27.375 ], [ 144.625, -28.375 ], [ 144.375, -28.375 ], [ 144.375, -28.625 ], [ 143.625, -28.625 ], [ 143.625, -28.875 ], [ 143.375, -28.875 ], [ 143.375, -28.625 ], [ 143.125, -28.625 ], [ 143.125, -28.125 ], [ 142.625, -28.125 ], [ 142.625, -28.375 ], [ 142.125, -28.375 ], [ 142.125, -28.625 ], [ 141.625, -28.625 ], [ 141.625, -28.375 ], [ 140.375, -28.375 ], [ 140.375, -27.625 ], [ 140.125, -27.625 ], [ 140.125, -27.375 ], [ 139.875, -27.375 ], [ 139.875, -27.125 ], [ 139.375, -27.125 ], [ 139.375, -27.375 ], [ 138.625, -27.375 ], [ 138.625, -27.125 ], [ 138.375, -27.125 ], [ 138.375, -27.375 ], [ 137.875, -27.375 ], [ 137.875, -27.125 ], [ 137.625, -27.125 ], [ 137.625, -26.875 ], [ 137.375, -26.875 ], [ 137.375, -26.625 ], [ 137.125, -26.625 ], [ 137.125, -26.125 ], [ 136.875, -26.125 ], [ 136.875, -25.875 ], [ 136.625, -25.875 ], [ 136.625, -25.625 ], [ 136.125, -25.625 ], [ 136.125, -25.375 ], [ 135.875, -25.375 ], [ 135.875, -25.125 ], [ 135.625, -25.125 ], [ 135.625, -24.875 ], [ 134.625, -24.875 ], [ 134.625, -24.625 ], [ 134.375, -24.625 ], [ 134.375, -24.375 ], [ 134.125, -24.375 ], [ 134.125, -24.125 ], [ 134.375, -24.125 ], [ 134.375, -23.875 ], [ 134.625, -23.875 ], [ 134.625, -23.625 ], [ 134.375, -23.625 ], [ 134.375, -23.375 ], [ 135.875, -23.375 ] ] ], [ [ [ 133.875, -23.625 ], [ 133.875, -23.875 ], [ 133.625, -23.875 ], [ 133.625, -23.625 ], [ 133.875, -23.625 ] ] ] ] } },
{ "type": "Feature", "properties": { "cluster_id": 39, "cohesion": 10.650369281886626, "distances": { "1": 36.73051222073078, "2": 31.01454005420805, "3": 41.813516148301495, "4": 41.40737607707853, "5": 34.392632986469685, "6": 26.83798611187227, "7": 32.699732219357315, "8": 36.9898624730049, "9": 39.02336909489598, "10": 33.48652510036799, "11": 34.14112098257513, "12": 28.721130702417422, "13": 24.93518907220911, "14": 28.004067219556298, "15": 27.43000840515943, "16": 17.493331304926155, "17": 15.899511628897791, "18": 25.088951989272022, "19": 24.78189475534016, "20": 31.5717115307811, "21": 32.57033988655312, "22": 32.40707013039274, "23": 32.41699695396315, "24": 29.82702793949196, "25": 29.165785299729237, "26": 25.494104508685897, "27": 23.070583947886192, "28": 28.395578901948443, "29": 23.441673708477776, "30": 28.124995031743175, "31": 29.100049022518206, "32": 19.65771417674779, "33": 17.65357950001629, "34": 17.764958331581855, "35": 21.01735997445758, "36": 30.088585818720063, "37": 28.264385752229767, "38": 19.965894596828345, "40": 20.50040975651694, "41": 26.62829885109044, "42": 28.05860561524685, "43": 29.855833705303265, "44": 27.48058988385467 } }, "geometry": { "type": "Polygon", "coordinates": [ [ [ 146.375, -25.125 ], [ 146.375, -25.375 ], [ 145.875, -25.375 ], [ 145.875, -25.625 ], [ 145.625, -25.625 ], [ 145.625, -25.875 ], [ 145.125, -25.875 ], [ 145.125, -26.625 ], [ 144.875, -26.625 ], [ 144.875, -26.875 ], [ 145.125, -26.875 ], [ 145.125, -27.375 ], [ 144.625, -27.375 ], [ 144.625, -28.375 ], [ 144.875, -28.375 ], [ 144.875, -28.875 ], [ 145.125, -28.875 ], [ 145.125, -29.125 ], [ 146.625, -29.125 ], [ 146.625, -29.375 ], [ 146.875, -29.375 ], [ 146.875, -29.625 ], [ 147.125, -29.625 ], [ 147.125, -29.875 ], [ 147.625, -29.875 ], [ 147.625, -30.375 ], [ 147.875, -30.375 ], [ 147.875, -30.875 ], [ 148.125, -30.875 ], [ 148.125, -31.375 ], [ 148.625, -31.375 ], [ 148.625, -31.625 ], [ 148.375, -31.625 ], [ 148.375, -32.875 ], [ 148.625, -32.875 ], [ 148.625, -33.125 ], [ 149.375, -33.125 ], [ 149.375, -32.875 ], [ 149.625, -32.875 ], [ 149.625, -32.375 ], [ 149.875, -32.375 ], [ 149.875, -31.875 ], [ 150.625, -31.875 ], [ 150.625, -31.625 ], [ 150.875, -31.625 ], [ 150.875, -31.375 ], [ 151.375, -31.375 ], [ 151.375, -30.625 ], [ 151.625, -30.625 ], [ 151.625, -30.125 ], [ 151.375, -30.125 ], [ 151.375, -29.875 ], [ 151.625, -29.875 ], [ 151.625, -29.375 ], [ 151.875, -29.375 ], [ 151.875, -26.875 ], [ 151.625, -26.875 ], [ 151.625, -26.625 ], [ 151.125, -26.625 ], [ 151.125, -26.375 ], [ 149.125, -26.375 ], [ 149.125, -26.125 ], [ 148.875, -26.125 ], [ 148.875, -25.875 ], [ 149.125, -25.875 ], [ 149.125, -25.625 ], [ 148.375, -25.625 ], [ 148.375, -25.375 ], [ 148.125, -25.375 ], [ 148.125, -25.125 ], [ 146.375, -25.125 ] ] ] } },
{ "type": "Feature", "properties": { "cluster_id": 40, "cohesion": 8.5510329413994537, "distances": { "1": 32.41757472356624, "2": 28.26441157077623, "3": 35.39530471928826, "4": 33.08281337093302, "5": 23.574014348073568, "6": 16.623102158872314, "7": 20.26786733062425, "8": 29.80313709672733, "9": 27.304820233576834, "10": 27.860795656160267, "11": 28.943111982437202, "12": 26.022632307489562, "13": 32.00595976237724, "14": 35.00552498211881, "15": 34.212026532881595, "16": 23.404349647177373, "17": 26.00881322089685, "18": 33.189906858825275, "19": 31.123328221028753, "20": 30.348069302527524, "21": 32.18449662315138, "22": 31.40275866130947, "23": 33.92832292505275, "24": 31.419688878425276, "25": 32.91325749234442, "26": 23.99194804712781, "27": 26.554176230409386, "28": 31.914818821931608, "29": 27.437742430283937, "30": 29.090217044568945, "31": 30.805123055168497, "32": 22.113088226340285, "33": 18.873134422224975, "34": 21.585254655708923, "35": 24.884130417371406, "36": 33.9867189919843, "37": 29.19982744436755, "38": 17.473156037059546, "39": 20.50040975651694, "41": 15.605589903323946, "42": 26.652141207567297, "43": 21.9147902390679, "44": 23.63582297843056 } }, "geometry": { "type": "Polygon", "coordinates": [ [ [ 140.125, -22.375 ], [ 140.125, -22.625 ], [ 139.125, -22.625 ], [ 139.125, -22.875 ], [ 139.625, -22.875 ], [ 139.625, -23.125 ], [ 139.875, -23.125 ], [ 139.875, -23.375 ], [ 138.875, -23.375 ], [ 138.875, -23.625 ], [ 139.125, -23.625 ], [ 139.125, -23.875 ], [ 139.625, -23.875 ], [ 139.625, -24.125 ], [ 139.875, -24.125 ], [ 139.875, -24.375 ], [ 140.125, -24.375 ], [ 140.125, -24.625 ], [ 140.625, -24.625 ], [ 140.625, -24.875 ], [ 140.875, -24.875 ], [ 140.875, -25.125 ], [ 141.375, -25.125 ], [ 141.375, -25.375 ], [ 141.625, -25.375 ], [ 141.625, -25.625 ], [ 141.875, -25.625 ], [ 141.875, -25.375 ], [ 142.125, -25.375 ], [ 142.125, -25.625 ], [ 142.375, -25.625 ], [ 142.375, -26.125 ], [ 142.625, -26.125 ], [ 142.625, -26.375 ], [ 143.125, -26.375 ], [ 143.125, -26.125 ], [ 143.625, -26.125 ], [ 143.625, -26.375 ], [ 143.875, -26.375 ], [ 143.875, -26.625 ], [ 144.375, -26.625 ], [ 144.375, -26.875 ], [ 144.875, -26.875 ], [ 144.875, -26.625 ], [ 145.125, -26.625 ], [ 145.125, -25.875 ], [ 145.625, -25.875 ], [ 145.625, -25.625 ], [ 145.875, -25.625 ], [ 145.875, -25.375 ], [ 146.125, -25.375 ], [ 146.125, -25.125 ], [ 144.125, -25.125 ], [ 144.125, -24.625 ], [ 143.875, -24.625 ], [ 143.875, -24.125 ], [ 143.625, -24.125 ], [ 143.625, -23.875 ], [ 143.375, -23.875 ], [ 143.375, -23.625 ], [ 143.125, -23.625 ], [ 143.125, -23.375 ], [ 142.125, -23.375 ], [ 142.125, -23.125 ], [ 141.875, -23.125 ], [ 141.875, -22.625 ], [ 141.625, -22.625 ], [ 141.625, -22.375 ], [ 141.125, -22.375 ], [ 141.125, -22.625 ], [ 140.625, -22.625 ], [ 140.625, -22.375 ], [ 140.125, -22.375 ] ] ] } },
{ "type": "Feature", "properties": { "cluster_id": 41, "cohesion": 9.9087543028059279, "distances": { "1": 36.92768791924735, "2": 33.75848284659127, "3": 37.45995414003778, "4": 34.1995825237631, "5": 26.832959705491355, "6": 23.50220031369219, "7": 16.995804812911093, "8": 29.18420606881023, "9": 25.613020071457417, "10": 26.60044378468144, "11": 30.322875216034507, "12": 26.62715907074511, "13": 33.602620893873414, "14": 38.067961895422336, "15": 36.93722686168439, "16": 25.045375564343413, "17": 29.220986097757308, "18": 34.77638748116494, "19": 31.304329123444123, "20": 33.5616923809311, "21": 33.28630970518902, "22": 33.8734768708274, "23": 34.57314742048251, "24": 34.78188179933474, "25": 35.04507390814631, "26": 20.189843606522967, "27": 25.729819383369794, "28": 32.24132692584752, "29": 29.456764780510134, "30": 27.721734121917475, "31": 29.710217098460458, "32": 29.20684935882735, "33": 26.554943132314378, "34": 26.367231223906547, "35": 27.310331394178895, "36": 36.667415558222174, "37": 31.253043189648, "38": 17.531493211778937, "39": 26.62829885109045, "40": 15.605589903323944, "42": 26.11617728824942, "43": 16.74900276648258, "44": 18.84912858428588 } }, "geometry": { "type": "Polygon", "coordinates": [ [ [ 132.875, -21.875 ], [ 132.875, -22.125 ], [ 131.625, -22.125 ], [ 131.625, -22.375 ], [ 130.625, -22.375 ], [ 130.625, -22.625 ], [ 130.375, -22.625 ], [ 130.375, -22.875 ], [ 130.625, -22.875 ], [ 130.625, -23.125 ], [ 130.875, -23.125 ], [ 130.875, -23.625 ], [ 130.375, -23.625 ], [ 130.375, -23.875 ], [ 131.375, -23.875 ], [ 131.375, -24.125 ], [ 131.875, -24.125 ], [ 131.875, -23.875 ], [ 133.625, -23.875 ], [ 133.625, -23.625 ], [ 134.375, -23.625 ], [ 134.375, -23.375 ], [ 135.875, -23.375 ], [ 135.875, -23.625 ], [ 136.375, -23.625 ], [ 136.375, -23.875 ], [ 136.625, -23.875 ], [ 136.625, -24.125 ], [ 137.125, -24.125 ], [ 137.125, -24.375 ], [ 137.375, -24.375 ], [ 137.375, -24.625 ], [ 137.875, -24.625 ], [ 137.875, -24.875 ], [ 138.625, -24.875 ], [ 138.625, -25.125 ], [ 138.875, -25.125 ], [ 138.875, -25.375 ], [ 139.625, -25.375 ], [ 139.625, -25.875 ], [ 140.125, -25.875 ], [ 140.125, -25.625 ], [ 140.375, -25.625 ], [ 140.375, -25.375 ], [ 140.125, -25.375 ], [ 140.125, -25.125 ], [ 139.875, -25.125 ], [ 139.875, -24.625 ], [ 140.125, -24.625 ], [ 140.125, -24.375 ], [ 139.875, -24.375 ], [ 139.875, -24.125 ], [ 139.625, -24.125 ], [ 139.625, -23.875 ], [ 139.125, -23.875 ], [ 139.125, -23.625 ], [ 138.875, -23.625 ], [ 138.875, -23.375 ], [ 139.875, -23.375 ], [ 139.875, -23.125 ], [ 139.625, -23.125 ], [ 139.625, -22.875 ], [ 139.125, -22.875 ], [ 139.125, -22.625 ], [ 138.375, -22.625 ], [ 138.375, -22.375 ], [ 138.125, -22.375 ], [ 138.125, -22.125 ], [ 137.625, -22.125 ], [ 137.625, -21.875 ], [ 136.625, -21.875 ], [ 136.625, -22.125 ], [ 136.125, -22.125 ], [ 136.125, -21.875 ], [ 132.875, -21.875 ] ] ] } },
{ "type": "Feature", "properties": { "cluster_id": 42, "cohesion": 10.509140132943633, "distances": { "1": 32.40589410299943, "2": 29.741668015814955, "3": 34.09183598599405, "4": 33.239300028561814, "5": 30.673466783109415, "6": 27.64426955856524, "7": 26.19922975472816, "8": 25.290307313706162, "9": 31.201540512527863, "10": 17.95427098915288, "11": 26.183857161486976, "12": 19.892948015492998, "13": 27.62519845868387, "14": 29.584404912087823, "15": 30.825476657302424, "16": 29.73013012426781, "17": 29.110082879890697, "18": 29.63215723164019, "19": 30.102636502885982, "20": 30.240083297446983, "21": 31.81207707493783, "22": 32.179462808052506, "23": 32.072265680242566, "24": 32.44026394639899, "25": 33.25727886886959, "26": 24.497569810443647, "27": 28.972890679117235, "28": 30.896429622166863, "29": 19.911383515164804, "30": 18.108235144691875, "31": 25.729505141770712, "32": 27.517956632270273, "33": 27.274058309274455, "34": 25.79546081374472, "35": 23.961253207398176, "36": 27.318634856826023, "37": 24.803024046832334, "38": 28.213290696187105, "39": 28.05860561524685, "40": 26.652141207567297, "41": 26.11617728824942, "43": 18.361046497201155, "44": 17.240753666631566 } }, "geometry": { "type": "MultiPolygon", "coordinates": [ [ [ [ 120.375, -19.875 ], [ 119.625, -19.875 ], [ 119.625, -20.125 ], [ 119.125, -20.125 ], [ 119.125, -20.375 ], [ 118.625, -20.375 ], [ 118.625, -21.375 ], [ 119.125, -21.375 ], [ 119.125, -21.125 ], [ 119.625, -21.125 ], [ 119.625, -21.375 ], [ 120.375, -21.375 ], [ 120.375, -21.125 ], [ 120.625, -21.125 ], [ 120.625, -20.875 ], [ 121.125, -20.875 ], [ 121.125, -20.625 ], [ 122.375, -20.625 ], [ 122.375, -20.875 ], [ 122.625, -20.875 ], [ 122.625, -21.125 ], [ 123.125, -21.125 ], [ 123.125, -21.375 ], [ 124.125, -21.375 ], [ 124.125, -22.125 ], [ 124.375, -22.125 ], [ 124.375, -22.375 ], [ 123.125, -22.375 ], [ 123.125, -22.875 ], [ 122.125, -22.875 ], [ 122.125, -23.125 ], [ 121.875, -23.125 ], [ 121.875, -23.375 ], [ 121.125, -23.375 ], [ 121.125, -23.625 ], [ 120.125, -23.625 ], [ 120.125, -23.125 ], [ 119.125, -23.125 ], [ 119.125, -24.125 ], [ 118.125, -24.125 ], [ 118.125, -23.875 ], [ 117.875, -23.875 ], [ 117.875, -23.625 ], [ 117.625, -23.625 ], [ 117.625, -23.375 ], [ 117.375, -23.375 ], [ 117.375, -22.875 ], [ 117.125, -22.875 ], [ 117.125, -22.625 ], [ 116.625, -22.625 ], [ 116.625, -22.375 ], [ 116.375, -22.375 ], [ 116.375, -22.125 ], [ 116.125, -22.125 ], [ 116.125, -21.125 ], [ 116.375, -21.125 ], [ 116.375, -20.375 ], [ 117.875, -20.375 ], [ 117.875, -20.125 ], [ 118.625, -20.125 ], [ 118.625, -19.875 ], [ 119.125, -19.875 ], [ 119.125, -19.625 ], [ 120.375, -19.625 ], [ 120.375, -19.875 ] ] ], [ [ [ 120.375, -19.375 ], [ 120.625, -19.375 ], [ 120.625, -19.625 ], [ 120.375, -19.625 ], [ 120.375, -19.375 ] ] ] ] } },
{ "type": "Feature", "properties": { "cluster_id": 43, "cohesion": 7.4115777420703095, "distances": { "1": 34.408078931446234, "2": 32.587206732836584, "3": 32.6122556041944, "4": 29.040740411032786, "5": 25.62479533671673, "6": 24.58854513829611, "7": 15.093902163412283, "8": 21.191629876344948, "9": 22.109647167781905, "10": 16.50200904860271, "11": 25.256428949617472, "12": 21.45160225784521, "13": 32.757763947912714, "14": 36.333317431816624, "15": 37.28117876692945, "16": 30.224843044255806, "17": 31.510197075464756, "18": 34.73047859537688, "19": 33.5340853450179, "20": 33.7535530758539, "21": 34.97957048856475, "22": 35.356474012282675, "23": 36.49029395064652, "24": 37.05242922615211, "25": 37.81326230342628, "26": 22.980124609031833, "27": 30.44102086133914, "28": 34.70573681718983, "29": 28.48707861023649, "30": 24.818220076810853, "31": 30.088579537661023, "32": 30.321737411109375, "33": 27.891977301177185, "34": 27.05723473915776, "35": 26.015273372063263, "36": 33.24001061730407, "37": 28.792687037960487, "38": 25.82470944395651, "39": 29.855833705303272, "40": 21.914790239067898, "41": 16.74900276648258, "42": 18.361046497201155, "44": 14.077586516539451 } }, "geometry": { "type": "Polygon", "coordinates": [ [ [ 128.375, -20.875 ], [ 128.375, -21.125 ], [ 128.125, -21.125 ], [ 128.125, -21.375 ], [ 127.875, -21.375 ], [ 127.875, -21.625 ], [ 127.625, -21.625 ], [ 127.625, -21.375 ], [ 126.875, -21.375 ], [ 126.875, -21.625 ], [ 126.375, -21.625 ], [ 126.375, -21.375 ], [ 125.375, -21.375 ], [ 125.375, -21.125 ], [ 124.125, -21.125 ], [ 124.125, -22.125 ], [ 125.375, -22.125 ], [ 125.375, -22.625 ], [ 127.625, -22.625 ], [ 127.625, -22.875 ], [ 128.125, -22.875 ], [ 128.125, -22.625 ], [ 128.625, -22.625 ], [ 128.625, -22.875 ], [ 129.375, -22.875 ], [ 129.375, -23.125 ], [ 130.625, -23.125 ], [ 130.625, -22.875 ], [ 130.375, -22.875 ], [ 130.375, -22.625 ], [ 130.625, -22.625 ], [ 130.625, -22.375 ], [ 130.875, -22.375 ], [ 130.875, -22.125 ], [ 130.125, -22.125 ], [ 130.125, -21.875 ], [ 129.875, -21.875 ], [ 129.875, -21.625 ], [ 128.875, -21.625 ], [ 128.875, -20.875 ], [ 128.375, -20.875 ] ] ] } },
{ "type": "Feature", "properties": { "cluster_id": 44, "cohesion": 9.2829347284823633, "distances": { "1": 38.23844039067956, "2": 34.551568408644954, "3": 39.347031532926344, "4": 37.21572492684261, "5": 32.46669497109549, "6": 28.710752876491405, "7": 23.637516333290925, "8": 29.596252889800382, "9": 31.472566613079007, "10": 23.639950237825804, "11": 30.683679575163268, "12": 24.171399208312646, "13": 28.558351169862146, "14": 32.81675568533253, "15": 31.34602103549721, "16": 25.572194090937554, "17": 27.86461538654171, "18": 29.378424820136388, "19": 26.563476954674638, "20": 33.48663370265763, "21": 31.291865522386892, "22": 33.45042953569622, "23": 30.43928271867119, "24": 33.566035967598786, "25": 31.45001011489405, "26": 15.492488748859534, "27": 23.44205727600564, "28": 26.909867949980377, "29": 23.110397463626903, "30": 17.317146617675593, "31": 22.251184023673023, "32": 29.495500089248203, "33": 28.657887621791023, "34": 27.662765786290468, "35": 26.200327131556655, "36": 32.61710527468056, "37": 28.94570363058623, "38": 22.30128936530072, "39": 27.48058988385467, "40": 23.63582297843056, "41": 18.849128584285875, "42": 17.240753666631566, "43": 14.077586516539451 } }, "geometry": { "type": "Polygon", "coordinates": [ [ [ 124.375, -22.125 ], [ 124.375, -22.375 ], [ 123.125, -22.375 ], [ 123.125, -22.875 ], [ 122.125, -22.875 ], [ 122.125, -23.125 ], [ 121.875, -23.125 ], [ 121.875, -23.375 ], [ 121.625, -23.375 ], [ 121.625, -23.625 ], [ 121.875, -23.625 ], [ 121.875, -23.875 ], [ 123.125, -23.875 ], [ 123.125, -24.375 ], [ 124.625, -24.375 ], [ 124.625, -24.625 ], [ 126.875, -24.625 ], [ 126.875, -24.375 ], [ 128.875, -24.375 ], [ 128.875, -24.625 ], [ 130.125, -24.625 ], [ 130.125, -24.125 ], [ 130.375, -24.125 ], [ 130.375, -23.625 ], [ 130.875, -23.625 ], [ 130.875, -23.125 ], [ 129.375, -23.125 ], [ 129.375, -22.875 ], [ 128.625, -22.875 ], [ 128.625, -22.625 ], [ 128.125, -22.625 ], [ 128.125, -22.875 ], [ 127.625, -22.875 ], [ 127.625, -22.625 ], [ 125.375, -22.625 ], [ 125.375, -22.125 ], [ 124.375, -22.125 ] ] ] } }
]
}
