{
"type": "FeatureCollection",
"name": "54_clusters",
"crs": { "type": "name", "properties": { "name": "urn:ogc:def:crs:OGC:1.3:CRS84" } },
"features": [
{ "type": "Feature", "properties": { "cluster_id": 1, "cohesion": 8.6487465638442682, "distances": { "2": 13.250369952054145, "3": 18.90891003463502, "4": 24.180438772686287, "5": 22.659505945916994, "6": 23.239301063618836, "7": 31.28635470849942, "8": 26.527482853515856, "9": 29.087553766751377, "10": 28.5688859101616, "11": 20.82427286707156, "12": 26.722347056664468, "13": 37.711049798453395, "14": 34.58948496119196, "15": 36.8281822778166, "16": 42.66383583868136, "17": 42.861468109085415, "18": 40.63612392067549, "19": 41.38529953404568, "20": 44.52252490134172, "21": 27.143376350708664, "22": 38.61652943866565, "23": 33.31743331578965, "24": 43.025370449691806, "25": 44.0558352879256, "26": 36.096894534564186, "27": 37.78165328424618, "28": 44.461116411528806, "29": 42.236100904424816, "30": 44.20031290308304, "31": 43.35329606014713, "32": 46.04452230523563, "33": 36.95487444699999, "34": 40.43808361313947, "35": 43.926329450547875, "36": 28.163243571311238, "37": 24.02160519209459, "38": 27.896593497831955, "39": 28.85987057772195, "40": 29.279854833332728, "41": 30.725440396193086, "42": 28.456836209683093, "43": 24.777229904039437, "44": 27.935062691255126, "45": 40.48563410256881, "46": 35.7415401775237, "47": 37.019347513723496, "48": 32.41757472356624, "49": 38.84337006332458, "50": 35.349358605573634, "51": 32.40589410299943, "52": 34.40807893144623, "53": 38.539397466285145, "54": 37.95689990059691 } }, "geometry": { "type": "MultiPolygon", "coordinates": [ [ [ [ 142.125, -16.375 ], [ 142.375, -16.375 ], [ 142.375, -16.625 ], [ 142.625, -16.625 ], [ 142.625, -17.625 ], [ 142.875, -17.625 ], [ 142.875, -18.125 ], [ 143.125, -18.125 ], [ 143.125, -18.375 ], [ 143.375, -18.375 ], [ 143.375, -19.375 ], [ 143.625, -19.375 ], [ 143.625, -19.625 ], [ 143.375, -19.625 ], [ 143.375, -20.125 ], [ 143.125, -20.125 ], [ 143.125, -19.875 ], [ 142.875, -19.875 ], [ 142.875, -19.625 ], [ 142.625, -19.625 ], [ 142.625, -18.875 ], [ 142.375, -18.875 ], [ 142.375, -18.375 ], [ 142.125, -18.375 ], [ 142.125, -17.625 ], [ 141.875, -17.625 ], [ 141.875, -16.125 ], [ 142.125, -16.125 ], [ 142.125, -16.375 ] ] ], [ [ [ 144.625, -17.375 ], [ 143.875, -17.375 ], [ 143.875, -17.125 ], [ 144.625, -17.125 ], [ 144.625, -17.375 ] ] ], [ [ [ 141.875, -16.125 ], [ 141.625, -16.125 ], [ 141.625, -15.625 ], [ 141.875, -15.625 ], [ 141.875, -16.125 ] ] ], [ [ [ 141.625, -14.125 ], [ 141.625, -15.625 ], [ 141.375, -15.625 ], [ 141.375, -15.125 ], [ 141.125, -15.125 ], [ 141.125, -13.625 ], [ 141.375, -13.625 ], [ 141.375, -14.125 ], [ 141.625, -14.125 ] ] ], [ [ [ 142.875, -10.875 ], [ 142.875, -11.125 ], [ 143.125, -11.125 ], [ 143.125, -11.875 ], [ 143.375, -11.875 ], [ 143.375, -12.375 ], [ 143.625, -12.375 ], [ 143.625, -12.875 ], [ 143.875, -12.875 ], [ 143.875, -13.875 ], [ 144.625, -13.875 ], [ 144.625, -14.125 ], [ 144.875, -14.125 ], [ 144.875, -14.375 ], [ 145.125, -14.375 ], [ 145.125, -14.625 ], [ 145.375, -14.625 ], [ 145.375, -14.875 ], [ 145.625, -14.875 ], [ 145.625, -16.125 ], [ 145.875, -16.125 ], [ 145.875, -16.625 ], [ 145.625, -16.625 ], [ 145.625, -16.375 ], [ 145.375, -16.375 ], [ 145.375, -16.125 ], [ 145.125, -16.125 ], [ 145.125, -16.625 ], [ 144.875, -16.625 ], [ 144.875, -16.875 ], [ 144.125, -16.875 ], [ 144.125, -16.375 ], [ 144.375, -16.375 ], [ 144.375, -15.625 ], [ 144.125, -15.625 ], [ 144.125, -15.375 ], [ 143.875, -15.375 ], [ 143.875, -15.125 ], [ 143.625, -15.125 ], [ 143.625, -14.625 ], [ 143.125, -14.625 ], [ 143.125, -14.875 ], [ 142.375, -14.875 ], [ 142.375, -14.375 ], [ 142.125, -14.375 ], [ 142.125, -13.625 ], [ 141.875, -13.625 ], [ 141.875, -11.625 ], [ 142.125, -11.625 ], [ 142.125, -10.625 ], [ 142.625, -10.625 ], [ 142.625, -10.875 ], [ 142.875, -10.875 ] ] ] ] } },
{ "type": "Feature", "properties": { "cluster_id": 2, "cohesion": 10.389644273938883, "distances": { "1": 13.250369952054145, "3": 24.386121194100017, "4": 28.488039238871835, "5": 23.66089976031765, "6": 20.1701027753368, "7": 30.943898864591844, "8": 28.534970364110055, "9": 31.46791688160797, "10": 29.059057720080652, "11": 22.344647610215496, "12": 24.57610194889921, "13": 33.95025814379347, "14": 31.03233978263042, "15": 31.0552021860386, "16": 36.26721221176568, "17": 37.31931892905718, "18": 35.73986862942186, "19": 36.74942703780864, "20": 38.77494942300609, "21": 24.164272862629684, "22": 33.08942837555634, "23": 28.68329018018281, "24": 36.33401747616533, "25": 37.63110733593091, "26": 30.001911602070013, "27": 30.92966584921604, "28": 37.186305362155565, "29": 36.76517639201582, "30": 38.018490056781005, "31": 36.22945415657657, "32": 39.22266006957261, "33": 31.13239086694275, "34": 35.232128365940135, "35": 37.80885038289185, "36": 20.804084485565436, "37": 16.638202219733365, "38": 23.152398982756345, "39": 23.548647498758385, "40": 26.152430377406013, "41": 28.630018261749157, "42": 27.720771496436814, "43": 23.491696109731272, "44": 27.875686180317317, "45": 35.187544847922325, "46": 31.21571886344514, "47": 30.95578456085611, "48": 28.264411570776225, "49": 34.69201147536282, "50": 32.9893491964713, "51": 29.741668015814955, "52": 32.587206732836584, "53": 34.819312813176936, "54": 34.301097836663416 } }, "geometry": { "type": "MultiPolygon", "coordinates": [ [ [ [ 143.625, -20.375 ], [ 143.875, -20.375 ], [ 143.875, -20.625 ], [ 144.125, -20.625 ], [ 144.125, -20.875 ], [ 144.375, -20.875 ], [ 144.375, -21.375 ], [ 143.875, -21.375 ], [ 143.875, -21.625 ], [ 143.625, -21.625 ], [ 143.625, -22.375 ], [ 143.375, -22.375 ], [ 143.375, -22.125 ], [ 143.125, -22.125 ], [ 143.125, -21.625 ], [ 143.375, -21.625 ], [ 143.375, -21.375 ], [ 143.625, -21.375 ], [ 143.625, -20.625 ], [ 143.375, -20.625 ], [ 143.375, -19.625 ], [ 143.625, -19.625 ], [ 143.625, -20.375 ] ] ], [ [ [ 143.625, -19.375 ], [ 143.375, -19.375 ], [ 143.375, -18.375 ], [ 143.125, -18.375 ], [ 143.125, -18.125 ], [ 142.875, -18.125 ], [ 142.875, -17.625 ], [ 142.625, -17.625 ], [ 142.625, -16.625 ], [ 142.375, -16.625 ], [ 142.375, -16.375 ], [ 142.125, -16.375 ], [ 142.125, -16.125 ], [ 141.875, -16.125 ], [ 141.875, -15.625 ], [ 141.625, -15.625 ], [ 141.625, -14.125 ], [ 141.375, -14.125 ], [ 141.375, -13.625 ], [ 141.125, -13.625 ], [ 141.125, -12.875 ], [ 141.375, -12.875 ], [ 141.375, -12.125 ], [ 141.625, -12.125 ], [ 141.625, -11.125 ], [ 141.875, -11.125 ], [ 141.875, -10.875 ], [ 142.125, -10.875 ], [ 142.125, -11.625 ], [ 141.875, -11.625 ], [ 141.875, -13.625 ], [ 142.125, -13.625 ], [ 142.125, -14.375 ], [ 142.375, -14.375 ], [ 142.375, -14.875 ], [ 143.125, -14.875 ], [ 143.125, -14.625 ], [ 143.625, -14.625 ], [ 143.625, -15.125 ], [ 143.875, -15.125 ], [ 143.875, -15.375 ], [ 144.125, -15.375 ], [ 144.125, -15.625 ], [ 144.375, -15.625 ], [ 144.375, -16.375 ], [ 144.125, -16.375 ], [ 144.125, -16.875 ], [ 144.875, -16.875 ], [ 144.875, -16.625 ], [ 145.125, -16.625 ], [ 145.125, -16.125 ], [ 145.375, -16.125 ], [ 145.375, -16.375 ], [ 145.625, -16.375 ], [ 145.625, -16.625 ], [ 145.875, -16.625 ], [ 145.875, -16.875 ], [ 146.125, -16.875 ], [ 146.125, -17.125 ], [ 146.375, -17.125 ], [ 146.375, -17.375 ], [ 146.625, -17.375 ], [ 146.625, -17.875 ], [ 146.375, -17.875 ], [ 146.375, -18.125 ], [ 146.625, -18.125 ], [ 146.625, -18.875 ], [ 147.375, -18.875 ], [ 147.375, -19.125 ], [ 147.625, -19.125 ], [ 147.625, -19.375 ], [ 147.875, -19.375 ], [ 147.875, -19.625 ], [ 148.375, -19.625 ], [ 148.375, -19.875 ], [ 148.625, -19.875 ], [ 148.625, -20.125 ], [ 148.875, -20.125 ], [ 148.875, -20.375 ], [ 149.125, -20.375 ], [ 149.125, -20.875 ], [ 148.875, -20.875 ], [ 148.875, -20.625 ], [ 148.625, -20.625 ], [ 148.625, -20.375 ], [ 148.375, -20.375 ], [ 148.375, -20.625 ], [ 148.125, -20.625 ], [ 148.125, -20.375 ], [ 147.625, -20.375 ], [ 147.625, -20.125 ], [ 147.375, -20.125 ], [ 147.375, -19.625 ], [ 147.125, -19.625 ], [ 147.125, -19.375 ], [ 146.875, -19.375 ], [ 146.875, -19.125 ], [ 146.125, -19.125 ], [ 146.125, -18.875 ], [ 145.875, -18.875 ], [ 145.875, -18.625 ], [ 145.375, -18.625 ], [ 145.375, -18.375 ], [ 145.125, -18.375 ], [ 145.125, -19.125 ], [ 145.375, -19.125 ], [ 145.375, -19.375 ], [ 145.625, -19.375 ], [ 145.625, -19.625 ], [ 145.875, -19.625 ], [ 145.875, -19.875 ], [ 144.125, -19.875 ], [ 144.125, -19.625 ], [ 143.625, -19.625 ], [ 143.625, -19.375 ] ], [ [ 143.875, -17.375 ], [ 144.625, -17.375 ], [ 144.625, -17.125 ], [ 143.875, -17.125 ], [ 143.875, -17.375 ] ] ] ] } },
{ "type": "Feature", "properties": { "cluster_id": 3, "cohesion": 8.5311386439412491, "distances": { "1": 18.90891003463502, "2": 24.38612119410002, "4": 13.045817225583196, "5": 19.48332768759154, "6": 25.606418457886207, "7": 27.660800882331685, "8": 18.195001503537913, "9": 21.375803011387013, "10": 24.93011720711623, "11": 15.22618408087, "12": 24.915316641778126, "13": 43.61247128959111, "14": 42.11010338577427, "15": 45.2142581835126, "16": 50.28942022525956, "17": 48.22251775886547, "18": 45.59103447819432, "19": 47.78917234341921, "20": 50.7382609210647, "21": 32.12588965716056, "22": 42.445957341667935, "23": 37.963010383776535, "24": 48.577409907828645, "25": 48.173412925738376, "26": 42.63911875422553, "27": 45.54856181255764, "28": 50.78501958048963, "29": 45.44712768950653, "30": 49.959375162748024, "31": 50.344739447845704, "32": 50.86632103687586, "33": 42.24439235762349, "34": 43.43865989063538, "35": 47.53956327281968, "36": 35.16836782301342, "37": 32.64811600476694, "38": 32.25257091114056, "39": 32.7890788110939, "40": 31.58681162161097, "41": 32.71734891264319, "42": 34.08595829155131, "43": 30.65339929147799, "44": 29.760571667132766, "45": 45.03543033735629, "46": 39.49300709325066, "47": 42.491234914379426, "48": 35.39530471928827, "49": 41.00370521851262, "50": 34.540259855256615, "51": 34.09183598599405, "52": 32.6122556041944, "53": 39.20685877098606, "54": 39.478160890870484 } }, "geometry": { "type": "MultiPolygon", "coordinates": [ [ [ [ 141.375, -15.125 ], [ 141.375, -15.625 ], [ 141.625, -15.625 ], [ 141.625, -16.125 ], [ 141.875, -16.125 ], [ 141.875, -17.625 ], [ 142.125, -17.625 ], [ 142.125, -18.375 ], [ 142.375, -18.375 ], [ 142.375, -18.875 ], [ 142.625, -18.875 ], [ 142.625, -19.625 ], [ 142.875, -19.625 ], [ 142.875, -20.125 ], [ 142.375, -20.125 ], [ 142.375, -19.375 ], [ 142.125, -19.375 ], [ 142.125, -18.875 ], [ 141.875, -18.875 ], [ 141.875, -18.625 ], [ 141.625, -18.625 ], [ 141.625, -18.125 ], [ 141.375, -18.125 ], [ 141.375, -17.875 ], [ 141.125, -17.875 ], [ 141.125, -17.625 ], [ 140.375, -17.625 ], [ 140.375, -17.375 ], [ 140.625, -17.375 ], [ 140.625, -16.875 ], [ 140.875, -16.875 ], [ 140.875, -15.875 ], [ 141.125, -15.875 ], [ 141.125, -15.125 ], [ 141.375, -15.125 ] ] ], [ [ [ 133.875, -11.875 ], [ 133.875, -12.125 ], [ 135.625, -12.125 ], [ 135.625, -12.375 ], [ 135.875, -12.375 ], [ 135.875, -12.875 ], [ 135.625, -12.875 ], [ 135.625, -13.125 ], [ 135.375, -13.125 ], [ 135.375, -13.375 ], [ 134.875, -13.375 ], [ 134.875, -13.125 ], [ 133.875, -13.125 ], [ 133.875, -13.375 ], [ 133.625, -13.375 ], [ 133.625, -13.625 ], [ 133.375, -13.625 ], [ 133.375, -14.125 ], [ 133.125, -14.125 ], [ 133.125, -14.375 ], [ 132.875, -14.375 ], [ 132.875, -14.625 ], [ 132.625, -14.625 ], [ 132.625, -14.875 ], [ 132.375, -14.875 ], [ 132.375, -15.375 ], [ 132.625, -15.375 ], [ 132.625, -16.125 ], [ 132.125, -16.125 ], [ 132.125, -15.875 ], [ 131.625, -15.875 ], [ 131.625, -16.125 ], [ 131.375, -16.125 ], [ 131.375, -15.375 ], [ 130.875, -15.375 ], [ 130.875, -14.625 ], [ 130.375, -14.625 ], [ 130.375, -14.875 ], [ 129.875, -14.875 ], [ 129.875, -14.125 ], [ 130.125, -14.125 ], [ 130.125, -13.875 ], [ 130.375, -13.875 ], [ 130.375, -13.625 ], [ 130.875, -13.625 ], [ 130.875, -13.375 ], [ 131.125, -13.375 ], [ 131.125, -13.125 ], [ 131.875, -13.125 ], [ 131.875, -12.875 ], [ 132.125, -12.875 ], [ 132.125, -12.625 ], [ 132.625, -12.625 ], [ 132.625, -12.375 ], [ 133.125, -12.375 ], [ 133.125, -11.875 ], [ 133.875, -11.875 ] ] ] ] } },
{ "type": "Feature", "properties": { "cluster_id": 4, "cohesion": 9.8110680516314019, "distances": { "1": 24.18043877268628, "2": 28.488039238871835, "3": 13.04581722558319, "5": 16.42529344538226, "6": 24.194971707552103, "7": 22.932388391475673, "8": 15.10360224498097, "9": 15.33008514448466, "10": 22.47885907686377, "11": 17.31111691086553, "12": 25.399038615456817, "13": 44.52070551459275, "14": 44.37123764985784, "15": 47.44968792549479, "16": 51.743535220109074, "17": 47.37848585724638, "18": 45.222002481287255, "19": 48.55170768220119, "20": 50.92894027861768, "21": 34.57557781120832, "22": 43.39053584359431, "23": 39.71353016008982, "24": 49.920524365722045, "25": 48.570700589283675, "26": 44.468368243645315, "27": 47.47905449571635, "28": 51.798870047474786, "29": 44.09002305730386, "30": 49.54432632970287, "31": 51.280435655475884, "32": 51.01216583071241, "33": 42.62420765070242, "34": 42.94172406383299, "35": 47.28562241379705, "36": 36.04612051000769, "37": 34.97059004495444, "38": 33.28973029835171, "39": 32.30766000257627, "40": 31.49795020418558, "41": 32.401265536487166, "42": 36.32309733894967, "43": 32.712275502409774, "44": 30.30474689445777, "45": 43.6259558012101, "46": 39.04174833584183, "47": 42.09827202954254, "48": 33.082813370933025, "49": 38.394064667194584, "50": 30.743751323829002, "51": 33.23930002856182, "52": 29.04074041103279, "53": 36.57375466812433, "54": 37.81627774951454 } }, "geometry": { "type": "MultiPolygon", "coordinates": [ [ [ [ 130.375, -14.875 ], [ 130.375, -14.625 ], [ 130.875, -14.625 ], [ 130.875, -15.375 ], [ 131.375, -15.375 ], [ 131.375, -16.125 ], [ 131.625, -16.125 ], [ 131.625, -15.875 ], [ 132.125, -15.875 ], [ 132.125, -16.125 ], [ 132.625, -16.125 ], [ 132.625, -15.375 ], [ 132.375, -15.375 ], [ 132.375, -14.875 ], [ 132.625, -14.875 ], [ 132.625, -15.125 ], [ 132.875, -15.125 ], [ 132.875, -15.375 ], [ 133.875, -15.375 ], [ 133.875, -15.625 ], [ 134.125, -15.625 ], [ 134.125, -15.375 ], [ 134.375, -15.375 ], [ 134.375, -15.125 ], [ 134.625, -15.125 ], [ 134.625, -14.875 ], [ 135.375, -14.875 ], [ 135.375, -15.125 ], [ 136.375, -15.125 ], [ 136.375, -15.375 ], [ 136.625, -15.375 ], [ 136.625, -15.625 ], [ 137.375, -15.625 ], [ 137.375, -15.875 ], [ 137.875, -15.875 ], [ 137.875, -16.125 ], [ 138.125, -16.125 ], [ 138.125, -16.375 ], [ 138.875, -16.375 ], [ 138.875, -16.625 ], [ 139.125, -16.625 ], [ 139.125, -16.875 ], [ 139.375, -16.875 ], [ 139.375, -17.125 ], [ 139.625, -17.125 ], [ 139.625, -17.375 ], [ 140.375, -17.375 ], [ 140.375, -17.625 ], [ 141.125, -17.625 ], [ 141.125, -17.875 ], [ 141.375, -17.875 ], [ 141.375, -18.125 ], [ 141.625, -18.125 ], [ 141.625, -18.625 ], [ 141.875, -18.625 ], [ 141.875, -18.875 ], [ 142.125, -18.875 ], [ 142.125, -19.375 ], [ 142.375, -19.375 ], [ 142.375, -20.125 ], [ 141.625, -20.125 ], [ 141.625, -20.625 ], [ 141.375, -20.625 ], [ 141.375, -21.125 ], [ 140.375, -21.125 ], [ 140.375, -20.875 ], [ 139.125, -20.875 ], [ 139.125, -20.625 ], [ 138.875, -20.625 ], [ 138.875, -20.375 ], [ 138.625, -20.375 ], [ 138.625, -20.125 ], [ 138.375, -20.125 ], [ 138.375, -19.875 ], [ 138.125, -19.875 ], [ 138.125, -20.125 ], [ 137.625, -20.125 ], [ 137.625, -19.875 ], [ 137.125, -19.875 ], [ 137.125, -19.375 ], [ 135.875, -19.375 ], [ 135.875, -19.125 ], [ 134.875, -19.125 ], [ 134.875, -19.375 ], [ 132.875, -19.375 ], [ 132.875, -19.125 ], [ 130.875, -19.125 ], [ 130.875, -18.875 ], [ 130.125, -18.875 ], [ 130.125, -19.125 ], [ 128.625, -19.125 ], [ 128.625, -18.625 ], [ 128.375, -18.625 ], [ 128.375, -17.625 ], [ 128.625, -17.625 ], [ 128.625, -16.625 ], [ 128.875, -16.625 ], [ 128.875, -15.875 ], [ 128.375, -15.875 ], [ 128.375, -15.125 ], [ 128.625, -15.125 ], [ 128.625, -14.875 ], [ 129.625, -14.875 ], [ 129.625, -14.125 ], [ 129.875, -14.125 ], [ 129.875, -14.875 ], [ 130.375, -14.875 ] ] ], [ [ [ 129.875, -13.875 ], [ 130.125, -13.875 ], [ 130.125, -14.125 ], [ 129.875, -14.125 ], [ 129.875, -13.875 ] ] ], [ [ [ 130.375, -13.875 ], [ 130.125, -13.875 ], [ 130.125, -13.625 ], [ 130.375, -13.625 ], [ 130.375, -13.875 ] ] ], [ [ [ 134.875, -13.375 ], [ 135.375, -13.375 ], [ 135.375, -13.625 ], [ 135.125, -13.625 ], [ 135.125, -13.875 ], [ 134.875, -13.875 ], [ 134.875, -14.125 ], [ 134.375, -14.125 ], [ 134.375, -13.125 ], [ 134.875, -13.125 ], [ 134.875, -13.375 ] ] ], [ [ [ 130.875, -13.625 ], [ 130.375, -13.625 ], [ 130.375, -13.375 ], [ 130.625, -13.375 ], [ 130.625, -13.125 ], [ 131.125, -13.125 ], [ 131.125, -13.375 ], [ 130.875, -13.375 ], [ 130.875, -13.625 ] ] ], [ [ [ 131.875, -13.125 ], [ 131.125, -13.125 ], [ 131.125, -12.875 ], [ 131.875, -12.875 ], [ 131.875, -13.125 ] ] ] ] } },
{ "type": "Feature", "properties": { "cluster_id": 5, "cohesion": 9.0510530766706356, "distances": { "1": 22.659505945916994, "2": 23.66089976031765, "3": 19.483327687591544, "4": 16.425293445382255, "6": 13.954498781386324, "7": 18.019538634394024, "8": 19.756025360177397, "9": 15.19467023851051, "10": 23.604120200051703, "11": 19.91137994583469, "12": 24.532085615047205, "13": 40.45739499289193, "14": 40.91366529513919, "15": 42.37173302985396, "16": 46.01487716193256, "17": 40.35040560338227, "18": 39.41137069226078, "19": 43.8448922528236, "20": 44.98884819423252, "21": 30.797846156704836, "22": 37.67993220728056, "23": 34.62000178707455, "24": 43.641644243424004, "25": 42.287208014054066, "26": 38.395399693527594, "27": 41.2522571246836, "28": 44.81198724464528, "29": 37.449651212207044, "30": 42.602795151928966, "31": 44.52947033455309, "32": 44.25214135816691, "33": 37.020181034625175, "34": 37.9702378087984, "35": 41.24860422941953, "36": 28.04147260439481, "37": 27.656079902727125, "38": 26.828527516986753, "39": 24.46627047217912, "40": 26.339527519249035, "41": 28.966340378906995, "42": 34.742020234556584, "43": 29.817856472114048, "44": 28.97028565541585, "45": 35.72454515629439, "46": 32.94086535014201, "47": 34.81663054380837, "48": 23.574014348073568, "49": 30.71023495325779, "50": 23.638475067394484, "51": 30.673466783109415, "52": 25.62479533671673, "53": 31.211725003928603, "54": 33.64069913392903 } }, "geometry": { "type": "Polygon", "coordinates": [ [ [ 142.875, -19.875 ], [ 142.875, -20.125 ], [ 141.625, -20.125 ], [ 141.625, -20.625 ], [ 141.375, -20.625 ], [ 141.375, -21.125 ], [ 140.375, -21.125 ], [ 140.375, -20.875 ], [ 139.125, -20.875 ], [ 139.125, -20.625 ], [ 138.875, -20.625 ], [ 138.875, -20.375 ], [ 138.375, -20.375 ], [ 138.375, -20.625 ], [ 138.625, -20.625 ], [ 138.625, -21.375 ], [ 138.875, -21.375 ], [ 138.875, -21.875 ], [ 140.625, -21.875 ], [ 140.625, -21.625 ], [ 140.875, -21.625 ], [ 140.875, -21.875 ], [ 142.375, -21.875 ], [ 142.375, -21.375 ], [ 143.125, -21.375 ], [ 143.125, -19.875 ], [ 142.875, -19.875 ] ] ] } },
{ "type": "Feature", "properties": { "cluster_id": 6, "cohesion": 8.0158196982204011, "distances": { "1": 23.239301063618836, "2": 20.170102775336797, "3": 25.606418457886207, "4": 24.1949717075521, "5": 13.954498781386325, "7": 20.011685320630416, "8": 24.078295054744423, "9": 22.32540153479907, "10": 25.112657337218014, "11": 22.035857503351966, "12": 22.882636181483786, "13": 35.53723968003372, "14": 36.00504641483268, "15": 35.565955887443735, "16": 38.67980959132418, "17": 33.12722199075308, "18": 32.992882528601925, "19": 37.93828350875842, "20": 38.03443865961135, "21": 27.419642649687134, "22": 32.57308832507978, "23": 30.075010019008122, "24": 37.06310753942421, "25": 36.07539648305053, "26": 32.03535058757383, "27": 33.80643193358194, "28": 37.203925636287984, "29": 31.479601085517672, "30": 35.14409873767614, "31": 36.64656923672886, "32": 37.225755649808896, "33": 30.58406647822155, "34": 32.675412579764995, "35": 35.15326758901029, "36": 19.374157943180506, "37": 20.310544031836276, "38": 21.16694319129921, "39": 16.84088642383533, "40": 22.295174538276584, "41": 26.23644655334242, "42": 32.593431620969525, "43": 27.49235277075915, "44": 28.38077578713309, "45": 28.72159500134221, "46": 27.03758150582502, "47": 26.77969306457298, "48": 16.623102158872314, "49": 25.583557381143727, "50": 21.787371534848468, "51": 27.64426955856524, "52": 24.58854513829611, "53": 27.520226539899937, "54": 29.82447106233504 } }, "geometry": { "type": "Polygon", "coordinates": [ [ [ 143.125, -20.125 ], [ 143.125, -21.375 ], [ 142.375, -21.375 ], [ 142.375, -21.875 ], [ 140.875, -21.875 ], [ 140.875, -21.625 ], [ 140.625, -21.625 ], [ 140.625, -21.875 ], [ 140.125, -21.875 ], [ 140.125, -22.125 ], [ 140.375, -22.125 ], [ 140.375, -22.375 ], [ 140.625, -22.375 ], [ 140.625, -22.625 ], [ 141.125, -22.625 ], [ 141.125, -22.375 ], [ 141.625, -22.375 ], [ 141.625, -22.625 ], [ 141.875, -22.625 ], [ 141.875, -23.125 ], [ 142.125, -23.125 ], [ 142.125, -23.375 ], [ 142.875, -23.375 ], [ 142.875, -23.125 ], [ 143.125, -23.125 ], [ 143.125, -22.875 ], [ 143.375, -22.875 ], [ 143.375, -22.125 ], [ 143.125, -22.125 ], [ 143.125, -21.625 ], [ 143.375, -21.625 ], [ 143.375, -21.375 ], [ 143.625, -21.375 ], [ 143.625, -20.625 ], [ 143.375, -20.625 ], [ 143.375, -20.125 ], [ 143.125, -20.125 ] ] ] } },
{ "type": "Feature", "properties": { "cluster_id": 7, "cohesion": 9.7282918018884281, "distances": { "1": 31.286354708499413, "2": 30.94389886459184, "3": 27.66080088233169, "4": 22.932388391475673, "5": 18.01953863439402, "6": 20.011685320630416, "8": 19.047471094044486, "9": 13.89949655339526, "10": 19.38682150259148, "11": 23.228208069772396, "12": 23.599969292536933, "13": 37.94708106420372, "14": 40.86144690531705, "15": 42.102659518361, "16": 43.72773512432761, "17": 34.93290631442814, "18": 35.91365782040669, "19": 40.690136696027295, "20": 40.125839125046554, "21": 33.88549344450622, "22": 37.38143867871751, "23": 36.30161796289336, "24": 43.071606958105406, "25": 39.73878409236181, "26": 39.39340598410951, "27": 41.2465279943078, "28": 42.81838478329911, "29": 29.969140712705507, "30": 36.65910574496524, "31": 41.81953291094794, "32": 40.042876168869235, "33": 34.60185668968383, "34": 32.945778204311004, "35": 36.792567848341136, "36": 30.95033216222448, "37": 32.30983225151964, "38": 30.305725758317887, "39": 26.94962463743764, "40": 27.348061889345708, "41": 27.935520526927874, "42": 35.94335054138229, "43": 31.077956868651967, "44": 29.161332002902604, "45": 29.163556330668023, "46": 31.35613559186376, "47": 33.092137776452404, "48": 20.26786733062425, "49": 21.603613047121772, "50": 13.199434506737513, "51": 26.19922975472816, "52": 15.093902163412283, "53": 21.32219541543114, "54": 25.803461708062976 } }, "geometry": { "type": "Polygon", "coordinates": [ [ [ 129.875, -19.625 ], [ 129.875, -19.875 ], [ 128.875, -19.875 ], [ 128.875, -20.125 ], [ 128.125, -20.125 ], [ 128.125, -20.375 ], [ 128.625, -20.375 ], [ 128.625, -20.875 ], [ 128.875, -20.875 ], [ 128.875, -21.625 ], [ 129.875, -21.625 ], [ 129.875, -21.875 ], [ 130.125, -21.875 ], [ 130.125, -22.125 ], [ 130.875, -22.125 ], [ 130.875, -22.375 ], [ 131.625, -22.375 ], [ 131.625, -22.125 ], [ 132.875, -22.125 ], [ 132.875, -21.875 ], [ 136.125, -21.875 ], [ 136.125, -22.125 ], [ 136.625, -22.125 ], [ 136.625, -21.875 ], [ 137.625, -21.875 ], [ 137.625, -22.125 ], [ 138.125, -22.125 ], [ 138.125, -22.375 ], [ 138.375, -22.375 ], [ 138.375, -22.625 ], [ 140.125, -22.625 ], [ 140.125, -22.375 ], [ 140.375, -22.375 ], [ 140.375, -22.125 ], [ 140.125, -22.125 ], [ 140.125, -21.875 ], [ 138.875, -21.875 ], [ 138.875, -21.375 ], [ 138.625, -21.375 ], [ 138.625, -21.125 ], [ 137.625, -21.125 ], [ 137.625, -20.875 ], [ 136.125, -20.875 ], [ 136.125, -21.125 ], [ 134.875, -21.125 ], [ 134.875, -21.375 ], [ 133.625, -21.375 ], [ 133.625, -21.125 ], [ 132.125, -21.125 ], [ 132.125, -21.625 ], [ 131.375, -21.625 ], [ 131.375, -21.375 ], [ 131.125, -21.375 ], [ 131.125, -20.625 ], [ 130.875, -20.625 ], [ 130.875, -20.375 ], [ 130.625, -20.375 ], [ 130.625, -20.125 ], [ 130.375, -20.125 ], [ 130.375, -19.625 ], [ 129.875, -19.625 ] ] ] } },
{ "type": "Feature", "properties": { "cluster_id": 8, "cohesion": 6.9615330663153552, "distances": { "1": 26.527482853515856, "2": 28.534970364110055, "3": 18.195001503537913, "4": 15.10360224498097, "5": 19.75602536017739, "6": 24.078295054744423, "7": 19.047471094044482, "9": 16.291138360319476, "10": 13.380468799950155, "11": 14.584549227154865, "12": 18.04160192307867, "13": 39.1076002523495, "14": 39.754415213253615, "15": 42.28237055693588, "16": 45.65662091879266, "17": 41.47406368315505, "18": 39.86715917635698, "19": 42.606296217709954, "20": 44.450793554918675, "21": 33.02272019271419, "22": 40.01284562733237, "23": 37.38504738633999, "24": 45.514512520963955, "25": 43.44787496153788, "26": 40.96648398816414, "27": 42.71943539311551, "28": 46.52408741837601, "29": 37.44507982308315, "30": 43.12401379713832, "31": 45.467882076348964, "32": 44.92904374591036, "33": 36.56078145698654, "34": 35.73436282819945, "35": 41.05477840816409, "36": 32.79625982381021, "37": 32.842138834688136, "38": 31.644947387914897, "39": 29.70484494926942, "40": 29.122490470239068, "41": 28.88915266293937, "42": 33.203273894480375, "43": 30.3013272641813, "44": 27.53247764461429, "45": 38.204843681510965, "46": 35.22840971435104, "47": 37.50430545158371, "48": 29.80313709672733, "49": 32.86737220414223, "50": 26.149647806366893, "51": 25.290307313706162, "52": 21.191629876344948, "53": 29.2451128681048, "54": 29.924738716547864 } }, "geometry": { "type": "Polygon", "coordinates": [ [ [ 128.125, -15.375 ], [ 128.125, -15.625 ], [ 127.875, -15.625 ], [ 127.875, -16.125 ], [ 128.125, -16.125 ], [ 128.125, -16.375 ], [ 127.875, -16.375 ], [ 127.875, -16.625 ], [ 127.625, -16.625 ], [ 127.625, -16.125 ], [ 127.125, -16.125 ], [ 127.125, -16.375 ], [ 126.875, -16.375 ], [ 126.875, -16.625 ], [ 126.625, -16.625 ], [ 126.625, -16.875 ], [ 126.375, -16.875 ], [ 126.375, -17.125 ], [ 126.125, -17.125 ], [ 126.125, -17.625 ], [ 125.875, -17.625 ], [ 125.875, -17.875 ], [ 125.375, -17.875 ], [ 125.375, -17.625 ], [ 125.625, -17.625 ], [ 125.625, -16.625 ], [ 125.875, -16.625 ], [ 125.875, -16.125 ], [ 125.625, -16.125 ], [ 125.625, -15.875 ], [ 125.375, -15.875 ], [ 125.375, -16.125 ], [ 125.125, -16.125 ], [ 125.125, -16.375 ], [ 124.625, -16.375 ], [ 124.625, -16.875 ], [ 124.875, -16.875 ], [ 124.875, -17.375 ], [ 124.625, -17.375 ], [ 124.625, -18.125 ], [ 124.875, -18.125 ], [ 124.875, -18.375 ], [ 125.625, -18.375 ], [ 125.625, -19.125 ], [ 125.875, -19.125 ], [ 125.875, -19.625 ], [ 127.125, -19.625 ], [ 127.125, -19.375 ], [ 127.375, -19.375 ], [ 127.375, -19.125 ], [ 127.625, -19.125 ], [ 127.625, -18.875 ], [ 128.125, -18.875 ], [ 128.125, -19.375 ], [ 128.375, -19.375 ], [ 128.375, -19.125 ], [ 128.625, -19.125 ], [ 128.625, -18.625 ], [ 128.375, -18.625 ], [ 128.375, -17.625 ], [ 128.625, -17.625 ], [ 128.625, -16.625 ], [ 128.875, -16.625 ], [ 128.875, -15.875 ], [ 128.375, -15.875 ], [ 128.375, -15.375 ], [ 128.125, -15.375 ] ] ] } },
{ "type": "Feature", "properties": { "cluster_id": 9, "cohesion": 8.2391740989302633, "distances": { "1": 29.087553766751384, "2": 31.467916881607962, "3": 21.37580301138701, "4": 15.330085144484663, "5": 15.19467023851051, "6": 22.32540153479907, "7": 13.89949655339526, "8": 16.29113836031947, "10": 20.792334745571186, "11": 21.457678595608467, "12": 26.020225301899934, "13": 43.2946713586235, "14": 45.032719028389316, "15": 47.49940346759702, "16": 50.42263568716578, "17": 43.04434801892138, "18": 42.56331980658804, "19": 46.92300340071244, "20": 47.831373833795325, "21": 35.79916752458325, "22": 41.85185459461975, "23": 39.53790860933923, "24": 48.56883504415753, "25": 45.94130660468871, "26": 44.01561538629119, "27": 46.92677995998434, "28": 49.60076045437535, "29": 38.53716100815063, "30": 45.23029421910558, "31": 49.07494323030863, "32": 47.56828895916361, "33": 40.828108226755624, "34": 39.76471502136474, "35": 43.846114683601115, "36": 35.63356850231748, "37": 35.7043930447887, "38": 33.3753332501543, "39": 31.190438781453377, "40": 30.649121939006267, "41": 31.329194294173956, "42": 37.87698006831008, "43": 33.251808699721764, "44": 30.625904939997433, "45": 37.81406417384873, "46": 36.786579064514804, "47": 39.67663721124563, "48": 27.304820233576827, "49": 30.70377771305526, "50": 21.418748052279316, "51": 31.201540512527863, "52": 22.109647167781905, "53": 29.769007018515754, "54": 33.066219137025264 } }, "geometry": { "type": "Polygon", "coordinates": [ [ [ 130.125, -18.875 ], [ 130.125, -19.125 ], [ 128.375, -19.125 ], [ 128.375, -19.625 ], [ 129.125, -19.625 ], [ 129.125, -19.875 ], [ 129.875, -19.875 ], [ 129.875, -19.625 ], [ 130.375, -19.625 ], [ 130.375, -20.125 ], [ 130.625, -20.125 ], [ 130.625, -20.375 ], [ 130.875, -20.375 ], [ 130.875, -20.625 ], [ 131.125, -20.625 ], [ 131.125, -21.375 ], [ 131.375, -21.375 ], [ 131.375, -21.625 ], [ 132.125, -21.625 ], [ 132.125, -21.125 ], [ 133.625, -21.125 ], [ 133.625, -21.375 ], [ 134.875, -21.375 ], [ 134.875, -21.125 ], [ 136.125, -21.125 ], [ 136.125, -20.875 ], [ 137.625, -20.875 ], [ 137.625, -21.125 ], [ 138.625, -21.125 ], [ 138.625, -20.625 ], [ 138.375, -20.625 ], [ 138.375, -20.375 ], [ 138.625, -20.375 ], [ 138.625, -20.125 ], [ 138.375, -20.125 ], [ 138.375, -19.875 ], [ 138.125, -19.875 ], [ 138.125, -20.125 ], [ 137.625, -20.125 ], [ 137.625, -19.875 ], [ 137.125, -19.875 ], [ 137.125, -19.375 ], [ 135.875, -19.375 ], [ 135.875, -19.125 ], [ 134.875, -19.125 ], [ 134.875, -19.375 ], [ 132.875, -19.375 ], [ 132.875, -19.125 ], [ 130.875, -19.125 ], [ 130.875, -18.875 ], [ 130.125, -18.875 ] ] ] } },
{ "type": "Feature", "properties": { "cluster_id": 10, "cohesion": 9.8418411623220958, "distances": { "1": 28.5688859101616, "2": 29.05905772008065, "3": 24.93011720711623, "4": 22.47885907686376, "5": 23.604120200051703, "6": 25.112657337218014, "7": 19.38682150259148, "8": 13.380468799950155, "9": 20.792334745571186, "11": 19.241540594849006, "12": 17.54424944926951, "13": 34.248790065259755, "14": 35.603964093551916, "15": 38.273775803494566, "16": 40.98033846698312, "17": 36.8443120947096, "18": 35.433952829395764, "19": 37.50601804698487, "20": 39.30985335400287, "21": 32.553635506132736, "22": 37.96091205151538, "23": 36.37521730739549, "24": 42.76147110933455, "25": 39.85555900233973, "26": 38.86840099273342, "27": 39.54315282524643, "28": 43.021898328369836, "29": 32.626789026671034, "30": 38.16715351878455, "31": 41.22890725923013, "32": 40.65549986208638, "33": 30.951998065635564, "34": 29.695021651303062, "35": 36.14782954812199, "36": 30.844605150864528, "37": 31.58977591419273, "38": 30.458439550715358, "39": 28.474214548028783, "40": 27.349370754301876, "41": 25.90656414172003, "42": 29.767717558171444, "43": 27.43854140425285, "44": 24.76028150576787, "45": 34.18690740661263, "46": 32.07339142383833, "47": 33.89923937505539, "48": 27.860795656160274, "49": 29.300534467346722, "50": 24.375840769403744, "51": 17.95427098915288, "52": 16.50200904860271, "53": 24.169204967021454, "54": 23.144840975029876 } }, "geometry": { "type": "Polygon", "coordinates": [ [ [ 124.375, -16.375 ], [ 124.375, -16.625 ], [ 123.875, -16.625 ], [ 123.875, -17.125 ], [ 123.625, -17.125 ], [ 123.625, -17.375 ], [ 123.375, -17.375 ], [ 123.375, -17.625 ], [ 123.125, -17.625 ], [ 123.125, -17.875 ], [ 122.625, -17.875 ], [ 122.625, -17.375 ], [ 122.875, -17.375 ], [ 122.875, -17.125 ], [ 123.125, -17.125 ], [ 123.125, -16.875 ], [ 122.625, -16.875 ], [ 122.625, -17.125 ], [ 122.375, -17.125 ], [ 122.375, -18.125 ], [ 121.875, -18.125 ], [ 121.875, -18.375 ], [ 121.625, -18.375 ], [ 121.625, -18.625 ], [ 121.375, -18.625 ], [ 121.375, -18.875 ], [ 121.125, -18.875 ], [ 121.125, -19.125 ], [ 120.875, -19.125 ], [ 120.875, -19.375 ], [ 120.625, -19.375 ], [ 120.625, -19.625 ], [ 120.375, -19.625 ], [ 120.375, -19.875 ], [ 119.625, -19.875 ], [ 119.625, -20.125 ], [ 119.125, -20.125 ], [ 119.125, -20.375 ], [ 118.625, -20.375 ], [ 118.625, -21.375 ], [ 119.125, -21.375 ], [ 119.125, -21.125 ], [ 119.625, -21.125 ], [ 119.625, -21.375 ], [ 120.375, -21.375 ], [ 120.375, -21.125 ], [ 120.625, -21.125 ], [ 120.625, -20.875 ], [ 121.125, -20.875 ], [ 121.125, -20.625 ], [ 122.375, -20.625 ], [ 122.375, -20.875 ], [ 122.625, -20.875 ], [ 122.625, -21.125 ], [ 123.125, -21.125 ], [ 123.125, -21.375 ], [ 124.125, -21.375 ], [ 124.125, -21.125 ], [ 125.375, -21.125 ], [ 125.375, -21.375 ], [ 126.375, -21.375 ], [ 126.375, -21.625 ], [ 126.875, -21.625 ], [ 126.875, -21.375 ], [ 127.625, -21.375 ], [ 127.625, -21.625 ], [ 127.875, -21.625 ], [ 127.875, -21.375 ], [ 128.125, -21.375 ], [ 128.125, -21.125 ], [ 128.375, -21.125 ], [ 128.375, -20.875 ], [ 128.625, -20.875 ], [ 128.625, -20.375 ], [ 128.125, -20.375 ], [ 128.125, -20.125 ], [ 128.875, -20.125 ], [ 128.875, -19.875 ], [ 129.125, -19.875 ], [ 129.125, -19.625 ], [ 128.375, -19.625 ], [ 128.375, -19.375 ], [ 128.125, -19.375 ], [ 128.125, -18.875 ], [ 127.625, -18.875 ], [ 127.625, -19.125 ], [ 127.375, -19.125 ], [ 127.375, -19.375 ], [ 127.125, -19.375 ], [ 127.125, -19.625 ], [ 125.875, -19.625 ], [ 125.875, -19.125 ], [ 125.625, -19.125 ], [ 125.625, -18.375 ], [ 124.875, -18.375 ], [ 124.875, -18.125 ], [ 124.625, -18.125 ], [ 124.625, -17.375 ], [ 124.875, -17.375 ], [ 124.875, -16.875 ], [ 124.625, -16.875 ], [ 124.625, -16.375 ], [ 124.375, -16.375 ] ] ] } },
{ "type": "Feature", "properties": { "cluster_id": 11, "cohesion": 10.705478764781745, "distances": { "1": 20.82427286707156, "2": 22.3446476102155, "3": 15.226184080869999, "4": 17.311116910865522, "5": 19.91137994583469, "6": 22.035857503351963, "7": 23.228208069772396, "8": 14.584549227154866, "9": 21.457678595608463, "10": 19.241540594849006, "12": 15.806496103360146, "13": 36.462431470429756, "14": 35.839669304337555, "15": 37.58057283514002, "16": 41.595576648679916, "17": 39.59153452083483, "18": 37.71403043242647, "19": 39.91973267866337, "20": 41.75764907691252, "21": 27.27033077837664, "22": 35.141017206605326, "23": 31.84065197162089, "24": 40.43695602557071, "25": 39.46949386907881, "26": 35.46430053787487, "27": 37.485635698365634, "28": 41.86625848005159, "29": 36.16675636010043, "30": 40.62532682939509, "31": 41.26979048753343, "32": 41.419686203365146, "33": 33.64245408261726, "34": 34.22362247806292, "35": 38.310993580413516, "36": 28.33404018073526, "37": 26.984352303711002, "38": 26.729376462403746, "39": 26.578346282238655, "40": 25.892858933384353, "41": 27.060203846565173, "42": 30.07582909184057, "43": 26.324121863398393, "44": 25.941965327626157, "45": 36.59806795820406, "46": 32.47960967435038, "47": 34.626375453435166, "48": 28.943111982437202, "49": 33.01821682644965, "50": 28.10218495839687, "51": 26.18385716148698, "52": 25.256428949617476, "53": 30.61272562870784, "54": 30.750055847653826 } }, "geometry": { "type": "MultiPolygon", "coordinates": [ [ [ [ 127.375, -14.125 ], [ 127.625, -14.125 ], [ 127.625, -14.375 ], [ 127.375, -14.375 ], [ 127.375, -15.125 ], [ 127.125, -15.125 ], [ 127.125, -15.625 ], [ 126.875, -15.625 ], [ 126.875, -15.875 ], [ 127.875, -15.875 ], [ 127.875, -16.125 ], [ 128.125, -16.125 ], [ 128.125, -16.375 ], [ 127.875, -16.375 ], [ 127.875, -16.625 ], [ 127.625, -16.625 ], [ 127.625, -16.125 ], [ 127.125, -16.125 ], [ 127.125, -16.375 ], [ 126.875, -16.375 ], [ 126.875, -16.625 ], [ 126.625, -16.625 ], [ 126.625, -16.875 ], [ 126.375, -16.875 ], [ 126.375, -17.125 ], [ 126.125, -17.125 ], [ 126.125, -16.875 ], [ 125.625, -16.875 ], [ 125.625, -16.625 ], [ 125.875, -16.625 ], [ 125.875, -16.125 ], [ 125.625, -16.125 ], [ 125.625, -15.875 ], [ 125.375, -15.875 ], [ 125.375, -16.125 ], [ 125.125, -16.125 ], [ 125.125, -16.375 ], [ 124.625, -16.375 ], [ 124.625, -15.625 ], [ 124.875, -15.625 ], [ 124.875, -15.375 ], [ 125.125, -15.375 ], [ 125.125, -15.125 ], [ 125.375, -15.125 ], [ 125.375, -14.875 ], [ 125.625, -14.875 ], [ 125.625, -14.625 ], [ 125.875, -14.625 ], [ 125.875, -14.375 ], [ 126.125, -14.375 ], [ 126.125, -14.125 ], [ 126.625, -14.125 ], [ 126.625, -13.875 ], [ 127.375, -13.875 ], [ 127.375, -14.125 ] ] ], [ [ [ 127.875, -15.375 ], [ 128.125, -15.375 ], [ 128.125, -15.625 ], [ 127.875, -15.625 ], [ 127.875, -15.375 ] ] ], [ [ [ 128.375, -15.375 ], [ 128.125, -15.375 ], [ 128.125, -15.125 ], [ 128.375, -15.125 ], [ 128.375, -15.375 ] ] ], [ [ [ 128.375, -14.875 ], [ 128.625, -14.875 ], [ 128.625, -15.125 ], [ 128.375, -15.125 ], [ 128.375, -14.875 ] ] ], [ [ [ 129.375, -14.375 ], [ 129.125, -14.375 ], [ 129.125, -14.125 ], [ 129.375, -14.125 ], [ 129.375, -13.875 ], [ 129.625, -13.875 ], [ 129.625, -13.625 ], [ 129.875, -13.625 ], [ 129.875, -13.375 ], [ 130.125, -13.375 ], [ 130.125, -13.125 ], [ 130.375, -13.125 ], [ 130.375, -12.875 ], [ 130.625, -12.875 ], [ 130.625, -12.625 ], [ 131.125, -12.625 ], [ 131.125, -12.375 ], [ 132.375, -12.375 ], [ 132.375, -12.125 ], [ 131.625, -12.125 ], [ 131.625, -11.875 ], [ 132.125, -11.875 ], [ 132.125, -11.625 ], [ 132.375, -11.625 ], [ 132.375, -11.375 ], [ 132.625, -11.375 ], [ 132.625, -11.125 ], [ 133.125, -11.125 ], [ 133.125, -11.375 ], [ 133.875, -11.375 ], [ 133.875, -11.625 ], [ 134.875, -11.625 ], [ 134.875, -11.875 ], [ 135.375, -11.875 ], [ 135.375, -11.625 ], [ 135.625, -11.625 ], [ 135.625, -11.875 ], [ 136.625, -11.875 ], [ 136.625, -12.125 ], [ 136.875, -12.125 ], [ 136.875, -12.375 ], [ 137.125, -12.375 ], [ 137.125, -12.625 ], [ 136.875, -12.625 ], [ 136.875, -13.125 ], [ 136.625, -13.125 ], [ 136.625, -13.375 ], [ 136.375, -13.375 ], [ 136.375, -13.625 ], [ 136.125, -13.625 ], [ 136.125, -13.875 ], [ 136.375, -13.875 ], [ 136.375, -14.125 ], [ 136.125, -14.125 ], [ 136.125, -14.375 ], [ 135.875, -14.375 ], [ 135.875, -14.875 ], [ 136.125, -14.875 ], [ 136.125, -15.125 ], [ 135.375, -15.125 ], [ 135.375, -14.875 ], [ 134.625, -14.875 ], [ 134.625, -15.125 ], [ 134.375, -15.125 ], [ 134.375, -15.375 ], [ 134.125, -15.375 ], [ 134.125, -15.625 ], [ 133.875, -15.625 ], [ 133.875, -15.375 ], [ 132.875, -15.375 ], [ 132.875, -15.125 ], [ 132.625, -15.125 ], [ 132.625, -14.625 ], [ 132.875, -14.625 ], [ 132.875, -14.375 ], [ 133.125, -14.375 ], [ 133.125, -14.125 ], [ 133.375, -14.125 ], [ 133.375, -13.625 ], [ 133.625, -13.625 ], [ 133.625, -13.375 ], [ 133.875, -13.375 ], [ 133.875, -13.125 ], [ 134.375, -13.125 ], [ 134.375, -14.125 ], [ 134.875, -14.125 ], [ 134.875, -13.875 ], [ 135.125, -13.875 ], [ 135.125, -13.625 ], [ 135.375, -13.625 ], [ 135.375, -13.125 ], [ 135.625, -13.125 ], [ 135.625, -12.875 ], [ 135.875, -12.875 ], [ 135.875, -12.375 ], [ 135.625, -12.375 ], [ 135.625, -12.125 ], [ 133.875, -12.125 ], [ 133.875, -11.875 ], [ 133.125, -11.875 ], [ 133.125, -12.375 ], [ 132.625, -12.375 ], [ 132.625, -12.625 ], [ 132.125, -12.625 ], [ 132.125, -12.875 ], [ 131.125, -12.875 ], [ 131.125, -13.125 ], [ 130.625, -13.125 ], [ 130.625, -13.375 ], [ 130.375, -13.375 ], [ 130.375, -13.625 ], [ 130.125, -13.625 ], [ 130.125, -13.875 ], [ 129.875, -13.875 ], [ 129.875, -14.125 ], [ 129.625, -14.125 ], [ 129.625, -14.875 ], [ 128.625, -14.875 ], [ 128.625, -14.625 ], [ 129.375, -14.625 ], [ 129.375, -14.375 ] ] ], [ [ [ 131.625, -11.125 ], [ 131.625, -11.375 ], [ 131.875, -11.375 ], [ 131.875, -11.625 ], [ 131.625, -11.625 ], [ 131.625, -11.875 ], [ 130.875, -11.875 ], [ 130.875, -11.375 ], [ 131.125, -11.375 ], [ 131.125, -10.875 ], [ 131.375, -10.875 ], [ 131.375, -11.125 ], [ 131.625, -11.125 ] ] ], [ [ [ 130.375, -11.125 ], [ 130.375, -10.875 ], [ 130.625, -10.875 ], [ 130.625, -11.125 ], [ 130.375, -11.125 ] ] ] ] } },
{ "type": "Feature", "properties": { "cluster_id": 12, "cohesion": 11.045292600261908, "distances": { "1": 26.72234705666447, "2": 24.57610194889921, "3": 24.915316641778126, "4": 25.399038615456817, "5": 24.532085615047205, "6": 22.88263618148379, "7": 23.59996929253693, "8": 18.04160192307867, "9": 26.020225301899938, "10": 17.54424944926951, "11": 15.806496103360146, "13": 31.02067100050611, "14": 31.525539936789873, "15": 31.748720085192737, "16": 34.41004730888252, "17": 33.072951044054726, "18": 31.827087193912583, "19": 33.75709808344262, "20": 34.51392442405255, "21": 25.406639135877484, "22": 29.318158042964615, "23": 27.936339579137893, "24": 33.45934669191371, "25": 31.725025505296017, "26": 30.035284788524592, "27": 31.101497461178973, "28": 34.22726048211483, "29": 28.699554893432655, "30": 33.15133526202729, "31": 33.68256952667968, "32": 33.11017800044762, "33": 25.927959412364668, "34": 25.912726245818046, "35": 29.93901835599412, "36": 24.35726018395244, "37": 24.33952701791755, "38": 23.916159557180222, "39": 23.720874383748388, "40": 23.02883138514081, "41": 23.816429479247045, "42": 28.218473566197996, "43": 24.441967906668896, "44": 24.487487667360575, "45": 30.630828253557528, "46": 27.71370334128112, "47": 29.01535598312312, "48": 26.022632307489566, "49": 27.949311054822747, "50": 25.537838882605673, "51": 19.892948015492998, "52": 21.45160225784521, "53": 24.535126981752118, "54": 23.83113774283701 } }, "geometry": { "type": "MultiPolygon", "coordinates": [ [ [ [ 126.125, -17.625 ], [ 125.875, -17.625 ], [ 125.875, -17.875 ], [ 125.375, -17.875 ], [ 125.375, -17.625 ], [ 125.625, -17.625 ], [ 125.625, -16.875 ], [ 126.125, -16.875 ], [ 126.125, -17.625 ] ] ], [ [ [ 125.875, -14.375 ], [ 125.875, -14.625 ], [ 125.625, -14.625 ], [ 125.625, -14.875 ], [ 125.375, -14.875 ], [ 125.375, -15.125 ], [ 125.125, -15.125 ], [ 125.125, -15.375 ], [ 124.875, -15.375 ], [ 124.875, -15.625 ], [ 124.625, -15.625 ], [ 124.625, -16.375 ], [ 124.375, -16.375 ], [ 124.375, -16.625 ], [ 123.875, -16.625 ], [ 123.875, -17.125 ], [ 123.625, -17.125 ], [ 123.625, -17.375 ], [ 123.375, -17.375 ], [ 123.375, -17.625 ], [ 123.125, -17.625 ], [ 123.125, -17.875 ], [ 122.625, -17.875 ], [ 122.625, -17.375 ], [ 122.875, -17.375 ], [ 122.875, -17.125 ], [ 123.125, -17.125 ], [ 123.125, -16.875 ], [ 122.625, -16.875 ], [ 122.625, -17.125 ], [ 122.375, -17.125 ], [ 122.375, -18.125 ], [ 122.125, -18.125 ], [ 122.125, -17.875 ], [ 121.875, -17.875 ], [ 121.875, -17.125 ], [ 122.125, -17.125 ], [ 122.125, -16.875 ], [ 122.375, -16.875 ], [ 122.375, -16.625 ], [ 122.625, -16.625 ], [ 122.625, -16.375 ], [ 123.375, -16.375 ], [ 123.375, -16.125 ], [ 123.625, -16.125 ], [ 123.625, -15.875 ], [ 124.125, -15.875 ], [ 124.125, -15.625 ], [ 124.375, -15.625 ], [ 124.375, -15.375 ], [ 124.625, -15.375 ], [ 124.625, -15.125 ], [ 124.875, -15.125 ], [ 124.875, -14.625 ], [ 125.125, -14.625 ], [ 125.125, -14.375 ], [ 125.375, -14.375 ], [ 125.375, -14.125 ], [ 126.125, -14.125 ], [ 126.125, -14.375 ], [ 125.875, -14.375 ] ] ], [ [ [ 127.875, -13.875 ], [ 127.875, -14.125 ], [ 128.125, -14.125 ], [ 128.125, -14.375 ], [ 128.375, -14.375 ], [ 128.375, -14.625 ], [ 128.625, -14.625 ], [ 128.625, -14.875 ], [ 128.375, -14.875 ], [ 128.375, -15.125 ], [ 128.125, -15.125 ], [ 128.125, -15.375 ], [ 127.875, -15.375 ], [ 127.875, -15.875 ], [ 126.875, -15.875 ], [ 126.875, -15.625 ], [ 127.125, -15.625 ], [ 127.125, -15.125 ], [ 127.375, -15.125 ], [ 127.375, -14.375 ], [ 127.625, -14.375 ], [ 127.625, -14.125 ], [ 127.375, -14.125 ], [ 127.375, -13.875 ], [ 126.625, -13.875 ], [ 126.625, -13.625 ], [ 127.625, -13.625 ], [ 127.625, -13.875 ], [ 127.875, -13.875 ] ] ], [ [ [ 126.125, -14.125 ], [ 126.125, -13.875 ], [ 126.625, -13.875 ], [ 126.625, -14.125 ], [ 126.125, -14.125 ] ] ], [ [ [ 129.375, -13.875 ], [ 129.375, -13.625 ], [ 129.625, -13.625 ], [ 129.625, -13.875 ], [ 129.375, -13.875 ] ] ], [ [ [ 129.625, -13.375 ], [ 129.875, -13.375 ], [ 129.875, -13.625 ], [ 129.625, -13.625 ], [ 129.625, -13.375 ] ] ], [ [ [ 130.125, -12.375 ], [ 130.375, -12.375 ], [ 130.375, -11.875 ], [ 130.125, -11.875 ], [ 130.125, -11.625 ], [ 129.875, -11.625 ], [ 129.875, -11.375 ], [ 130.125, -11.375 ], [ 130.125, -11.125 ], [ 131.125, -11.125 ], [ 131.125, -11.375 ], [ 130.875, -11.375 ], [ 130.875, -11.875 ], [ 131.625, -11.875 ], [ 131.625, -12.125 ], [ 132.375, -12.125 ], [ 132.375, -12.375 ], [ 131.125, -12.375 ], [ 131.125, -12.625 ], [ 130.625, -12.625 ], [ 130.625, -12.875 ], [ 130.375, -12.875 ], [ 130.375, -13.125 ], [ 130.125, -13.125 ], [ 130.125, -13.375 ], [ 129.875, -13.375 ], [ 129.875, -12.625 ], [ 130.125, -12.625 ], [ 130.125, -12.375 ] ], [ [ 130.625, -11.875 ], [ 130.625, -12.125 ], [ 130.875, -12.125 ], [ 130.875, -11.875 ], [ 130.625, -11.875 ] ] ] ] } },
{ "type": "Feature", "properties": { "cluster_id": 13, "cohesion": 8.1220478376047449, "distances": { "1": 37.711049798453395, "2": 33.95025814379348, "3": 43.61247128959111, "4": 44.520705514592755, "5": 40.457394992891935, "6": 35.53723968003372, "7": 37.94708106420373, "8": 39.10760025234949, "9": 43.294671358623496, "10": 34.248790065259755, "11": 36.46243147042976, "12": 31.02067100050611, "14": 13.913580906071239, "15": 20.50471262326367, "16": 22.19669258152571, "17": 22.015981449916357, "18": 17.434758382351944, "19": 10.762680639389451, "20": 19.089617550424705, "21": 31.953846729426587, "22": 36.01318835001717, "23": 34.66979834286038, "24": 35.50412337945063, "25": 34.557906193391226, "26": 32.175190491290216, "27": 27.503528155976102, "28": 32.00350836073284, "29": 28.384310853779034, "30": 25.31889824480098, "31": 27.611877860479755, "32": 31.101217772646184, "33": 26.0478548571051, "34": 28.551106117266496, "35": 31.067193532448215, "36": 28.73823098540748, "37": 30.592081170988937, "38": 29.047899285887986, "39": 30.39528229172224, "40": 25.785818609363076, "41": 20.62678833382445, "42": 18.04714866954311, "43": 22.36895730030327, "44": 21.57644581356007, "45": 28.501248850506105, "46": 23.463390657276907, "47": 25.365036740121553, "48": 32.00595976237724, "49": 31.59215672357394, "50": 35.259041059340284, "51": 27.62519845868386, "52": 32.757763947912714, "53": 29.626001230101846, "54": 27.559581758670163 } }, "geometry": { "type": "MultiPolygon", "coordinates": [ [ [ [ 149.125, -36.375 ], [ 149.125, -36.625 ], [ 148.875, -36.625 ], [ 148.875, -36.375 ], [ 149.125, -36.375 ] ] ], [ [ [ 142.875, -34.125 ], [ 142.875, -34.875 ], [ 143.375, -34.875 ], [ 143.375, -35.125 ], [ 144.375, -35.125 ], [ 144.375, -35.375 ], [ 144.875, -35.375 ], [ 144.875, -35.625 ], [ 145.375, -35.625 ], [ 145.375, -35.875 ], [ 146.125, -35.875 ], [ 146.125, -36.375 ], [ 146.375, -36.375 ], [ 146.375, -36.125 ], [ 146.625, -36.125 ], [ 146.625, -35.875 ], [ 147.375, -35.875 ], [ 147.375, -35.625 ], [ 147.625, -35.625 ], [ 147.625, -35.375 ], [ 148.375, -35.375 ], [ 148.375, -36.375 ], [ 148.125, -36.375 ], [ 148.125, -36.625 ], [ 147.625, -36.625 ], [ 147.625, -36.875 ], [ 146.875, -36.875 ], [ 146.875, -37.125 ], [ 146.375, -37.125 ], [ 146.375, -37.375 ], [ 144.125, -37.375 ], [ 144.125, -36.875 ], [ 143.875, -36.875 ], [ 143.875, -37.125 ], [ 143.625, -37.125 ], [ 143.625, -36.625 ], [ 143.375, -36.625 ], [ 143.375, -36.375 ], [ 142.875, -36.375 ], [ 142.875, -36.125 ], [ 142.625, -36.125 ], [ 142.625, -35.375 ], [ 142.375, -35.375 ], [ 142.375, -34.125 ], [ 142.875, -34.125 ] ] ] ] } },
{ "type": "Feature", "properties": { "cluster_id": 14, "cohesion": 8.6324543894847512, "distances": { "1": 34.589484961191964, "2": 31.032339782630416, "3": 42.110103385774266, "4": 44.37123764985784, "5": 40.91366529513919, "6": 36.005046414832684, "7": 40.861446905317045, "8": 39.75441521325361, "9": 45.03271902838933, "10": 35.603964093551916, "11": 35.83966930433756, "12": 31.52553993678988, "13": 13.913580906071239, "15": 15.576621564357946, "16": 20.445077669070983, "17": 27.93412816431457, "18": 23.808019522143603, "19": 14.999389751001345, "20": 22.86464712400438, "21": 29.793354366285083, "22": 36.283001683001366, "23": 33.49852764974315, "24": 35.10326387285844, "25": 36.017662754318486, "26": 30.526778647534933, "27": 25.053554510466885, "28": 32.24349755195402, "29": 32.90315201516176, "30": 29.344071456147272, "31": 27.7899583993444, "32": 33.47512532482648, "33": 27.487658481239702, "34": 31.397802159609125, "35": 33.88556706796214, "36": 28.477876264160425, "37": 28.76163282020862, "38": 28.989922935231995, "39": 31.25966462845567, "40": 27.805663725587113, "41": 24.622092378407118, "42": 16.296570323860788, "43": 21.816926577980727, "44": 23.950457048079514, "45": 33.13699113047552, "46": 27.2285289355075, "47": 28.23056788662663, "48": 35.0055249821188, "49": 36.42567698391672, "50": 39.42103940112823, "51": 29.584404912087823, "52": 36.33331743181664, "53": 34.320315802061295, "54": 31.41019944710241 } }, "geometry": { "type": "MultiPolygon", "coordinates": [ [ [ [ 146.125, -37.375 ], [ 146.125, -37.625 ], [ 144.875, -37.625 ], [ 144.875, -37.375 ], [ 146.125, -37.375 ] ] ], [ [ [ 138.375, -32.375 ], [ 138.375, -32.875 ], [ 139.875, -32.875 ], [ 139.875, -33.375 ], [ 139.625, -33.375 ], [ 139.625, -34.875 ], [ 140.125, -34.875 ], [ 140.125, -35.125 ], [ 141.125, -35.125 ], [ 141.125, -34.875 ], [ 141.375, -34.875 ], [ 141.375, -35.125 ], [ 141.625, -35.125 ], [ 141.625, -34.625 ], [ 141.875, -34.625 ], [ 141.875, -35.125 ], [ 142.375, -35.125 ], [ 142.375, -35.375 ], [ 142.625, -35.375 ], [ 142.625, -36.125 ], [ 142.875, -36.125 ], [ 142.875, -36.375 ], [ 143.375, -36.375 ], [ 143.375, -36.625 ], [ 143.625, -36.625 ], [ 143.625, -37.125 ], [ 143.875, -37.125 ], [ 143.875, -36.875 ], [ 144.125, -36.875 ], [ 144.125, -37.625 ], [ 142.125, -37.625 ], [ 142.125, -37.875 ], [ 141.625, -37.875 ], [ 141.625, -38.125 ], [ 140.125, -38.125 ], [ 140.125, -37.875 ], [ 139.875, -37.875 ], [ 139.875, -37.625 ], [ 139.625, -37.625 ], [ 139.625, -37.375 ], [ 139.375, -37.375 ], [ 139.375, -36.125 ], [ 139.125, -36.125 ], [ 139.125, -35.875 ], [ 138.625, -35.875 ], [ 138.625, -35.625 ], [ 138.375, -35.625 ], [ 138.375, -35.375 ], [ 138.125, -35.375 ], [ 138.125, -34.625 ], [ 137.875, -34.625 ], [ 137.875, -34.875 ], [ 137.625, -34.875 ], [ 137.625, -34.625 ], [ 137.375, -34.625 ], [ 137.375, -34.375 ], [ 137.125, -34.375 ], [ 137.125, -34.125 ], [ 136.625, -34.125 ], [ 136.625, -34.375 ], [ 136.375, -34.375 ], [ 136.375, -34.625 ], [ 136.125, -34.625 ], [ 136.125, -34.875 ], [ 135.875, -34.875 ], [ 135.875, -34.375 ], [ 136.125, -34.375 ], [ 136.125, -34.125 ], [ 136.375, -34.125 ], [ 136.375, -33.875 ], [ 136.625, -33.875 ], [ 136.625, -33.125 ], [ 137.125, -33.125 ], [ 137.125, -33.625 ], [ 137.375, -33.625 ], [ 137.375, -33.875 ], [ 137.625, -33.875 ], [ 137.625, -33.625 ], [ 137.875, -33.625 ], [ 137.875, -33.125 ], [ 138.125, -33.125 ], [ 138.125, -32.375 ], [ 138.375, -32.375 ] ] ] ] } },
{ "type": "Feature", "properties": { "cluster_id": 15, "cohesion": 7.2523532668295632, "distances": { "1": 36.8281822778166, "2": 31.0552021860386, "3": 45.214258183512605, "4": 47.44968792549479, "5": 42.37173302985396, "6": 35.565955887443735, "7": 42.10265951836101, "8": 42.28237055693588, "9": 47.49940346759702, "10": 38.27377580349457, "11": 37.58057283514002, "12": 31.748720085192737, "13": 20.50471262326367, "14": 15.576621564357946, "16": 11.558892675833428, "17": 26.45458148784521, "18": 25.491007520951417, "19": 18.855445687619618, "20": 19.790282420850524, "21": 27.534599807211134, "22": 31.234147407186956, "23": 28.935379345989276, "24": 27.259768037350828, "25": 29.99855335919379, "26": 22.873798738425116, "27": 13.627263675397732, "28": 22.40708218318415, "29": 29.087040305449964, "30": 24.236029328038565, "31": 17.72143618082398, "32": 26.34496682851281, "33": 24.635084497067407, "34": 28.934659593527694, "35": 29.39623792944573, "36": 25.58757071929047, "37": 25.94306334471232, "38": 28.387289106410574, "39": 30.00757352908569, "40": 29.51115964131279, "41": 29.178741269889613, "42": 25.817565041874225, "43": 26.6982625570379, "44": 31.08840949049775, "45": 30.040403054763267, "46": 28.00925300586607, "47": 26.339619471028563, "48": 33.63427789168026, "49": 34.65373377289353, "50": 39.259877969909574, "51": 30.356941593625926, "52": 37.12487658796356, "53": 33.3975161746652, "54": 31.11970597676552 } }, "geometry": { "type": "Polygon", "coordinates": [ [ [ 134.625, -31.375 ], [ 134.625, -31.625 ], [ 133.625, -31.625 ], [ 133.625, -31.875 ], [ 132.125, -31.875 ], [ 132.125, -32.375 ], [ 133.625, -32.375 ], [ 133.625, -32.625 ], [ 133.875, -32.625 ], [ 133.875, -33.125 ], [ 134.125, -33.125 ], [ 134.125, -33.375 ], [ 134.375, -33.375 ], [ 134.375, -33.625 ], [ 134.625, -33.625 ], [ 134.625, -33.875 ], [ 134.875, -33.875 ], [ 134.875, -34.375 ], [ 135.125, -34.375 ], [ 135.125, -34.625 ], [ 135.375, -34.625 ], [ 135.375, -34.875 ], [ 135.875, -34.875 ], [ 135.875, -34.375 ], [ 136.125, -34.375 ], [ 136.125, -34.125 ], [ 136.375, -34.125 ], [ 136.375, -33.875 ], [ 136.625, -33.875 ], [ 136.625, -33.125 ], [ 137.125, -33.125 ], [ 137.125, -33.625 ], [ 137.375, -33.625 ], [ 137.375, -33.875 ], [ 137.625, -33.875 ], [ 137.625, -33.625 ], [ 137.875, -33.625 ], [ 137.875, -33.125 ], [ 138.125, -33.125 ], [ 138.125, -32.375 ], [ 137.875, -32.375 ], [ 137.875, -32.625 ], [ 135.875, -32.625 ], [ 135.875, -32.375 ], [ 135.375, -32.375 ], [ 135.375, -32.125 ], [ 135.125, -32.125 ], [ 135.125, -31.625 ], [ 134.875, -31.625 ], [ 134.875, -31.375 ], [ 134.625, -31.375 ] ] ] } },
{ "type": "Feature", "properties": { "cluster_id": 16, "cohesion": 6.5199880090649573, "distances": { "1": 42.66383583868136, "2": 36.26721221176569, "3": 50.28942022525956, "4": 51.74353522010907, "5": 46.01487716193256, "6": 38.67980959132418, "7": 43.72773512432761, "8": 45.65662091879266, "9": 50.42263568716578, "10": 40.98033846698311, "11": 41.59557664867992, "12": 34.41004730888252, "13": 22.19669258152571, "14": 20.445077669070983, "15": 11.558892675833428, "17": 24.85585148294706, "18": 26.059966685833984, "19": 18.7418323344544, "20": 15.111496845271654, "21": 31.656772078356216, "22": 30.948077953051886, "23": 30.898860768045246, "24": 25.53395915772726, "25": 27.039638004594057, "26": 24.68799524693512, "27": 14.994120343839628, "28": 18.73491817185192, "29": 25.32335084426656, "30": 19.658147131889677, "31": 12.221266094260269, "32": 21.127474842348413, "33": 24.259797452846207, "34": 26.36818854961808, "35": 25.626705282442224, "36": 28.39762761137044, "37": 29.992251427151388, "38": 32.39864431479744, "39": 32.83645059378469, "40": 33.07889811635926, "41": 32.43729706329661, "42": 31.138720384454846, "43": 30.93439249599288, "44": 35.2138931370366, "45": 28.380563638983798, "46": 30.402101075398143, "47": 27.403101887095342, "48": 34.739536161804544, "49": 33.41779306831005, "50": 39.43397596103815, "51": 31.253269541528795, "52": 37.423889452072224, "53": 31.68635192430733, "54": 29.482023645097037 } }, "geometry": { "type": "Polygon", "coordinates": [ [ [ 134.125, -28.625 ], [ 134.125, -29.375 ], [ 133.875, -29.375 ], [ 133.875, -30.125 ], [ 133.375, -30.125 ], [ 133.375, -30.375 ], [ 133.125, -30.375 ], [ 133.125, -30.625 ], [ 132.875, -30.625 ], [ 132.875, -30.875 ], [ 133.125, -30.875 ], [ 133.125, -31.125 ], [ 133.625, -31.125 ], [ 133.625, -31.625 ], [ 134.625, -31.625 ], [ 134.625, -31.375 ], [ 134.875, -31.375 ], [ 134.875, -31.625 ], [ 135.125, -31.625 ], [ 135.125, -32.125 ], [ 135.375, -32.125 ], [ 135.375, -32.375 ], [ 135.875, -32.375 ], [ 135.875, -32.625 ], [ 137.875, -32.625 ], [ 137.875, -32.375 ], [ 138.375, -32.375 ], [ 138.375, -32.125 ], [ 138.125, -32.125 ], [ 138.125, -31.875 ], [ 137.625, -31.875 ], [ 137.625, -31.625 ], [ 137.375, -31.625 ], [ 137.375, -31.375 ], [ 137.125, -31.375 ], [ 137.125, -31.125 ], [ 136.125, -31.125 ], [ 136.125, -30.625 ], [ 135.875, -30.625 ], [ 135.875, -30.375 ], [ 135.625, -30.375 ], [ 135.625, -29.875 ], [ 135.125, -29.875 ], [ 135.125, -29.625 ], [ 134.875, -29.625 ], [ 134.875, -29.125 ], [ 134.625, -29.125 ], [ 134.625, -28.625 ], [ 134.125, -28.625 ] ] ] } },
{ "type": "Feature", "properties": { "cluster_id": 17, "cohesion": 6.9543852868113341, "distances": { "1": 42.861468109085415, "2": 37.31931892905718, "3": 48.22251775886548, "4": 47.37848585724639, "5": 40.35040560338227, "6": 33.12722199075308, "7": 34.932906314428145, "8": 41.474063683155045, "9": 43.04434801892137, "10": 36.844312094709586, "11": 39.59153452083482, "12": 33.072951044054726, "13": 22.015981449916357, "14": 27.93412816431457, "15": 26.454581487845207, "16": 24.855851482947067, "18": 13.305251535500881, "19": 19.71741965289629, "20": 16.044870599777227, "21": 35.50015077170236, "22": 35.501322449590745, "23": 35.77211526504429, "24": 34.63655934600841, "25": 32.56275187350108, "26": 32.113133294289945, "27": 27.876387766864617, "28": 28.89878903128085, "29": 21.166242467877588, "30": 15.071107810267437, "31": 24.529726336756188, "32": 27.052751779422138, "33": 25.866556934842915, "34": 28.00378650242525, "35": 28.57212755474372, "36": 26.28544323706171, "37": 30.572137390466246, "38": 28.49887118616774, "39": 26.816748009573686, "40": 25.800938051698473, "41": 25.51122266242487, "42": 32.82748451679253, "43": 31.833302169295578, "44": 31.973181547424517, "45": 14.499067836058803, "46": 19.185276653398294, "47": 16.99918838773219, "48": 23.404349647177373, "49": 20.942769730024498, "50": 28.425509930983523, "51": 29.73013012426781, "52": 30.224843044255806, "53": 24.683260840149277, "54": 26.403776809416915 } }, "geometry": { "type": "Polygon", "coordinates": [ [ [ 142.625, -28.125 ], [ 142.625, -28.375 ], [ 142.125, -28.375 ], [ 142.125, -28.625 ], [ 141.625, -28.625 ], [ 141.625, -28.375 ], [ 140.375, -28.375 ], [ 140.375, -29.125 ], [ 140.625, -29.125 ], [ 140.625, -29.375 ], [ 141.125, -29.375 ], [ 141.125, -29.625 ], [ 141.375, -29.625 ], [ 141.375, -29.875 ], [ 141.875, -29.875 ], [ 141.875, -30.375 ], [ 142.375, -30.375 ], [ 142.375, -30.625 ], [ 142.625, -30.625 ], [ 142.625, -30.875 ], [ 143.625, -30.875 ], [ 143.625, -30.625 ], [ 143.875, -30.625 ], [ 143.875, -30.875 ], [ 144.625, -30.875 ], [ 144.625, -31.375 ], [ 145.875, -31.375 ], [ 145.875, -31.125 ], [ 145.625, -31.125 ], [ 145.625, -30.875 ], [ 145.375, -30.875 ], [ 145.375, -30.625 ], [ 145.125, -30.625 ], [ 145.125, -30.125 ], [ 145.625, -30.125 ], [ 145.625, -30.375 ], [ 146.125, -30.375 ], [ 146.125, -29.625 ], [ 145.875, -29.625 ], [ 145.875, -29.125 ], [ 145.125, -29.125 ], [ 145.125, -28.875 ], [ 144.875, -28.875 ], [ 144.875, -28.375 ], [ 144.375, -28.375 ], [ 144.375, -28.625 ], [ 143.625, -28.625 ], [ 143.625, -28.875 ], [ 143.375, -28.875 ], [ 143.375, -28.625 ], [ 143.125, -28.625 ], [ 143.125, -28.125 ], [ 142.625, -28.125 ] ] ] } },
{ "type": "Feature", "properties": { "cluster_id": 18, "cohesion": 9.288953491125346, "distances": { "1": 40.63612392067547, "2": 35.73986862942186, "3": 45.59103447819431, "4": 45.222002481287255, "5": 39.41137069226079, "6": 32.992882528601925, "7": 35.91365782040669, "8": 39.867159176356985, "9": 42.56331980658805, "10": 35.43395282939576, "11": 37.714030432426476, "12": 31.827087193912575, "13": 17.434758382351944, "14": 23.80801952214361, "15": 25.49100752095141, "16": 26.059966685833984, "17": 13.30525153550088, "19": 16.836887167337196, "20": 19.417592299257446, "21": 34.72757904637372, "22": 36.54709657439136, "23": 36.20995638239526, "24": 36.47449556509211, "25": 34.631009440440494, "26": 33.20117477291844, "27": 28.8831011314981, "28": 31.81700163222901, "29": 25.943052333930183, "30": 21.745873189160996, "31": 27.584887692305923, "32": 30.487311189849535, "33": 25.914549337028472, "34": 29.19133224652145, "35": 30.74408598136863, "36": 25.35527198719263, "37": 29.418892586582952, "38": 25.569332169642635, "39": 25.26633750738452, "40": 21.982974538647788, "41": 20.324923730713255, "42": 27.223814001491856, "43": 28.585336095054387, "44": 26.646907824624552, "45": 21.558562246626607, "46": 15.11317277320655, "47": 16.129166668527244, "48": 26.00881322089685, "49": 26.347477485250913, "50": 31.588468036363206, "51": 29.110082879890697, "52": 31.51019707546476, "53": 27.774756935964067, "54": 27.948676517727247 } }, "geometry": { "type": "Polygon", "coordinates": [ [ [ 145.875, -29.125 ], [ 145.875, -29.625 ], [ 146.125, -29.625 ], [ 146.125, -30.375 ], [ 145.625, -30.375 ], [ 145.625, -30.125 ], [ 145.125, -30.125 ], [ 145.125, -30.625 ], [ 145.375, -30.625 ], [ 145.375, -30.875 ], [ 145.625, -30.875 ], [ 145.625, -31.125 ], [ 145.875, -31.125 ], [ 145.875, -31.375 ], [ 144.625, -31.375 ], [ 144.625, -30.875 ], [ 143.875, -30.875 ], [ 143.875, -30.625 ], [ 143.625, -30.625 ], [ 143.625, -31.625 ], [ 144.125, -31.625 ], [ 144.125, -32.375 ], [ 144.625, -32.375 ], [ 144.625, -32.625 ], [ 144.875, -32.625 ], [ 144.875, -32.875 ], [ 145.125, -32.875 ], [ 145.125, -33.125 ], [ 145.375, -33.125 ], [ 145.375, -33.625 ], [ 145.625, -33.625 ], [ 145.625, -33.875 ], [ 146.125, -33.875 ], [ 146.125, -35.375 ], [ 146.375, -35.375 ], [ 146.375, -35.625 ], [ 146.625, -35.625 ], [ 146.625, -35.875 ], [ 147.375, -35.875 ], [ 147.375, -35.625 ], [ 147.625, -35.625 ], [ 147.625, -35.375 ], [ 148.125, -35.375 ], [ 148.125, -35.125 ], [ 147.875, -35.125 ], [ 147.875, -34.875 ], [ 148.625, -34.875 ], [ 148.625, -34.625 ], [ 148.875, -34.625 ], [ 148.875, -34.375 ], [ 149.125, -34.375 ], [ 149.125, -33.375 ], [ 148.875, -33.375 ], [ 148.875, -33.125 ], [ 148.625, -33.125 ], [ 148.625, -32.875 ], [ 148.375, -32.875 ], [ 148.375, -31.625 ], [ 148.625, -31.625 ], [ 148.625, -31.375 ], [ 148.125, -31.375 ], [ 148.125, -30.875 ], [ 147.875, -30.875 ], [ 147.875, -30.375 ], [ 147.625, -30.375 ], [ 147.625, -29.875 ], [ 147.125, -29.875 ], [ 147.125, -29.625 ], [ 146.875, -29.625 ], [ 146.875, -29.375 ], [ 146.625, -29.375 ], [ 146.625, -29.125 ], [ 145.875, -29.125 ] ] ] } },
{ "type": "Feature", "properties": { "cluster_id": 19, "cohesion": 8.0317427427671362, "distances": { "1": 41.38529953404567, "2": 36.74942703780863, "3": 47.7891723434192, "4": 48.55170768220118, "5": 43.8448922528236, "6": 37.93828350875842, "7": 40.690136696027295, "8": 42.606296217709954, "9": 46.92300340071243, "10": 37.50601804698487, "11": 39.919732678663365, "12": 33.75709808344262, "13": 10.762680639389451, "14": 14.999389751001345, "15": 18.855445687619614, "16": 18.741832334454397, "17": 19.71741965289629, "18": 16.836887167337196, "20": 15.002307799687719, "21": 34.48933589939442, "22": 37.17338671036127, "23": 36.33006198198813, "24": 35.27042309609828, "25": 34.49665331753375, "26": 32.65323916447472, "27": 26.468847544987426, "28": 30.445863619467627, "29": 27.667470317479637, "30": 22.58215124152374, "31": 25.058872343882904, "32": 29.635538179125938, "33": 26.589234673614023, "34": 28.884154549702917, "35": 30.755165614504524, "36": 29.638159081933654, "37": 32.153071512052676, "38": 31.43218795246117, "39": 31.994670700530246, "40": 28.839231885892897, "41": 24.923174442742113, "42": 23.389153429986944, "43": 27.172253360952926, "44": 27.38298905609825, "45": 27.67013226800468, "46": 24.972606032705947, "47": 25.122931532661646, "48": 33.18990685882528, "49": 32.03072430908788, "50": 37.03853764180704, "51": 29.63215723164019, "52": 34.73047859537687, "53": 30.40611476643127, "54": 28.41703745102182 } }, "geometry": { "type": "Polygon", "coordinates": [ [ [ 139.125, -30.375 ], [ 139.125, -30.625 ], [ 138.875, -30.625 ], [ 138.875, -31.375 ], [ 138.625, -31.375 ], [ 138.625, -32.125 ], [ 138.375, -32.125 ], [ 138.375, -32.875 ], [ 139.875, -32.875 ], [ 139.875, -33.375 ], [ 139.625, -33.375 ], [ 139.625, -34.875 ], [ 140.125, -34.875 ], [ 140.125, -35.125 ], [ 141.125, -35.125 ], [ 141.125, -34.875 ], [ 141.375, -34.875 ], [ 141.375, -35.125 ], [ 141.625, -35.125 ], [ 141.625, -34.625 ], [ 141.875, -34.625 ], [ 141.875, -35.125 ], [ 142.375, -35.125 ], [ 142.375, -34.125 ], [ 142.875, -34.125 ], [ 142.875, -34.875 ], [ 143.375, -34.875 ], [ 143.375, -35.125 ], [ 144.375, -35.125 ], [ 144.375, -35.375 ], [ 144.875, -35.375 ], [ 144.875, -35.625 ], [ 145.375, -35.625 ], [ 145.375, -35.875 ], [ 146.125, -35.875 ], [ 146.125, -36.375 ], [ 146.375, -36.375 ], [ 146.375, -36.125 ], [ 146.625, -36.125 ], [ 146.625, -35.625 ], [ 146.375, -35.625 ], [ 146.375, -35.375 ], [ 146.125, -35.375 ], [ 146.125, -33.875 ], [ 145.625, -33.875 ], [ 145.625, -33.625 ], [ 145.375, -33.625 ], [ 145.375, -33.125 ], [ 145.125, -33.125 ], [ 145.125, -32.875 ], [ 144.875, -32.875 ], [ 144.875, -32.625 ], [ 144.625, -32.625 ], [ 144.625, -32.375 ], [ 144.125, -32.375 ], [ 144.125, -32.625 ], [ 143.625, -32.625 ], [ 143.625, -32.375 ], [ 143.375, -32.375 ], [ 143.375, -32.125 ], [ 143.125, -32.125 ], [ 143.125, -31.875 ], [ 142.875, -31.875 ], [ 142.875, -31.625 ], [ 142.125, -31.625 ], [ 142.125, -31.875 ], [ 141.375, -31.875 ], [ 141.375, -32.125 ], [ 140.875, -32.125 ], [ 140.875, -32.375 ], [ 139.375, -32.375 ], [ 139.375, -32.125 ], [ 139.125, -32.125 ], [ 139.125, -31.125 ], [ 139.375, -31.125 ], [ 139.375, -30.375 ], [ 139.125, -30.375 ] ] ] } },
{ "type": "Feature", "properties": { "cluster_id": 20, "cohesion": 9.8516483373741384, "distances": { "1": 44.522524901341725, "2": 38.774949423006085, "3": 50.7382609210647, "4": 50.92894027861768, "5": 44.98884819423252, "6": 38.03443865961134, "7": 40.12583912504656, "8": 44.450793554918675, "9": 47.831373833795325, "10": 39.30985335400287, "11": 41.75764907691252, "12": 34.51392442405255, "13": 19.089617550424705, "14": 22.86464712400438, "15": 19.790282420850524, "16": 15.111496845271654, "17": 16.044870599777223, "18": 19.417592299257443, "19": 15.002307799687719, "21": 34.98319131783882, "22": 34.21223439250505, "23": 34.74135198365823, "24": 31.0564298252575, "25": 29.886707315412504, "26": 30.16926191654418, "27": 23.51989211177986, "28": 24.478697442961657, "29": 21.373669804241224, "30": 14.32274852303761, "31": 18.139449606246334, "32": 22.997160815853974, "33": 25.200395145088738, "34": 26.030855531326424, "35": 26.06898671214247, "36": 29.486229582084917, "37": 32.635404971551765, "38": 32.78272753635269, "39": 32.203628921572026, "40": 31.018531645759072, "41": 29.135982575104403, "42": 31.40150758015498, "43": 31.551398325891274, "44": 33.323023402536094, "45": 22.07690711577706, "46": 26.37611459412494, "47": 24.31629316691003, "48": 31.123328221028753, "49": 27.483777159161203, "50": 34.452079483953945, "51": 30.10263650288599, "52": 33.5340853450179, "53": 26.901811802158406, "54": 26.246970161867253 } }, "geometry": { "type": "Polygon", "coordinates": [ [ [ 134.625, -27.375 ], [ 134.625, -27.875 ], [ 134.375, -27.875 ], [ 134.375, -28.625 ], [ 134.625, -28.625 ], [ 134.625, -29.125 ], [ 134.875, -29.125 ], [ 134.875, -29.625 ], [ 135.125, -29.625 ], [ 135.125, -29.875 ], [ 135.625, -29.875 ], [ 135.625, -30.375 ], [ 135.875, -30.375 ], [ 135.875, -30.625 ], [ 136.125, -30.625 ], [ 136.125, -31.125 ], [ 137.125, -31.125 ], [ 137.125, -31.375 ], [ 137.375, -31.375 ], [ 137.375, -31.625 ], [ 137.625, -31.625 ], [ 137.625, -31.875 ], [ 138.125, -31.875 ], [ 138.125, -32.125 ], [ 138.625, -32.125 ], [ 138.625, -31.375 ], [ 138.875, -31.375 ], [ 138.875, -30.625 ], [ 139.125, -30.625 ], [ 139.125, -30.375 ], [ 139.375, -30.375 ], [ 139.375, -31.125 ], [ 139.125, -31.125 ], [ 139.125, -32.125 ], [ 139.375, -32.125 ], [ 139.375, -32.375 ], [ 140.875, -32.375 ], [ 140.875, -32.125 ], [ 141.375, -32.125 ], [ 141.375, -31.875 ], [ 142.125, -31.875 ], [ 142.125, -31.625 ], [ 142.875, -31.625 ], [ 142.875, -31.875 ], [ 143.125, -31.875 ], [ 143.125, -32.125 ], [ 143.375, -32.125 ], [ 143.375, -32.375 ], [ 143.625, -32.375 ], [ 143.625, -32.625 ], [ 144.125, -32.625 ], [ 144.125, -31.625 ], [ 143.625, -31.625 ], [ 143.625, -30.875 ], [ 142.625, -30.875 ], [ 142.625, -30.625 ], [ 142.375, -30.625 ], [ 142.375, -30.375 ], [ 141.875, -30.375 ], [ 141.875, -29.875 ], [ 141.375, -29.875 ], [ 141.375, -29.625 ], [ 140.375, -29.625 ], [ 140.375, -29.375 ], [ 140.125, -29.375 ], [ 140.125, -29.125 ], [ 139.375, -29.125 ], [ 139.375, -29.375 ], [ 138.625, -29.375 ], [ 138.625, -29.125 ], [ 138.375, -29.125 ], [ 138.375, -28.875 ], [ 137.875, -28.875 ], [ 137.875, -28.625 ], [ 137.625, -28.625 ], [ 137.625, -29.125 ], [ 137.875, -29.125 ], [ 137.875, -29.375 ], [ 138.125, -29.375 ], [ 138.125, -29.625 ], [ 138.375, -29.625 ], [ 138.375, -29.875 ], [ 137.625, -29.875 ], [ 137.625, -29.625 ], [ 137.375, -29.625 ], [ 137.375, -28.875 ], [ 137.125, -28.875 ], [ 137.125, -28.625 ], [ 136.875, -28.625 ], [ 136.875, -28.375 ], [ 136.625, -28.375 ], [ 136.625, -28.125 ], [ 135.875, -28.125 ], [ 135.875, -27.625 ], [ 135.375, -27.625 ], [ 135.375, -27.375 ], [ 134.625, -27.375 ] ] ] } },
{ "type": "Feature", "properties": { "cluster_id": 21, "cohesion": 8.7314838671739263, "distances": { "1": 27.14337635070867, "2": 24.164272862629684, "3": 32.125889657160556, "4": 34.57557781120832, "5": 30.797846156704836, "6": 27.419642649687127, "7": 33.88549344450621, "8": 33.02272019271419, "9": 35.79916752458324, "10": 32.55363550613273, "11": 27.27033077837664, "12": 25.40663913587749, "13": 31.953846729426584, "14": 29.793354366285076, "15": 27.534599807211134, "16": 31.656772078356216, "17": 35.500150771702344, "18": 34.72757904637372, "19": 34.48933589939442, "20": 34.98319131783883, "22": 20.208921693947794, "23": 13.052076540307219, "24": 24.44854444905957, "25": 27.969547763248322, "26": 17.62438239712667, "27": 23.932673045570805, "28": 28.95111103510993, "29": 33.01590192736573, "30": 34.515134737789985, "31": 30.90777036706495, "32": 32.39489382642072, "33": 28.678953737440384, "34": 31.730592097269415, "35": 31.77952610957098, "36": 26.37003327129807, "37": 23.819964814614234, "38": 24.990066890637838, "39": 28.126167823444145, "40": 26.154041653279034, "41": 27.926783532732603, "42": 28.566034043998854, "43": 23.53712920733998, "44": 27.965983217933704, "45": 33.2623876471764, "46": 30.39924755302188, "47": 31.91413675793041, "48": 30.348069302527524, "49": 33.46137464134305, "50": 33.64434410348477, "51": 30.240083297446986, "52": 33.753553075853894, "53": 33.568053330354594, "54": 33.410466954166914 } }, "geometry": { "type": "MultiPolygon", "coordinates": [ [ [ [ 125.375, -33.125 ], [ 124.875, -33.125 ], [ 124.875, -33.375 ], [ 124.375, -33.375 ], [ 124.375, -33.625 ], [ 124.125, -33.625 ], [ 124.125, -33.875 ], [ 123.875, -33.875 ], [ 123.875, -34.125 ], [ 123.625, -34.125 ], [ 123.625, -34.375 ], [ 122.125, -34.375 ], [ 122.125, -34.125 ], [ 120.875, -34.125 ], [ 120.875, -34.375 ], [ 119.625, -34.375 ], [ 119.625, -34.625 ], [ 119.375, -34.625 ], [ 119.375, -34.875 ], [ 118.625, -34.875 ], [ 118.625, -35.125 ], [ 118.375, -35.125 ], [ 118.375, -35.375 ], [ 116.125, -35.375 ], [ 116.125, -35.125 ], [ 115.875, -35.125 ], [ 115.875, -34.875 ], [ 115.625, -34.875 ], [ 115.625, -34.625 ], [ 115.125, -34.625 ], [ 115.125, -34.375 ], [ 114.875, -34.375 ], [ 114.875, -34.125 ], [ 115.375, -34.125 ], [ 115.375, -34.375 ], [ 115.875, -34.375 ], [ 115.875, -34.125 ], [ 118.125, -34.125 ], [ 118.125, -33.875 ], [ 118.875, -33.875 ], [ 118.875, -33.625 ], [ 119.375, -33.625 ], [ 119.375, -33.375 ], [ 119.875, -33.375 ], [ 119.875, -32.875 ], [ 121.125, -32.875 ], [ 121.125, -33.125 ], [ 121.875, -33.125 ], [ 121.875, -32.875 ], [ 122.375, -32.875 ], [ 122.375, -32.625 ], [ 125.375, -32.625 ], [ 125.375, -33.125 ] ] ], [ [ [ 125.375, -32.375 ], [ 125.625, -32.375 ], [ 125.625, -32.625 ], [ 125.375, -32.625 ], [ 125.375, -32.375 ] ] ] ] } },
{ "type": "Feature", "properties": { "cluster_id": 22, "cohesion": 6.9985339404739557, "distances": { "1": 38.61652943866565, "2": 33.08942837555634, "3": 42.445957341667935, "4": 43.39053584359431, "5": 37.67993220728056, "6": 32.57308832507978, "7": 37.38143867871751, "8": 40.01284562733237, "9": 41.85185459461975, "10": 37.96091205151538, "11": 35.141017206605326, "12": 29.318158042964615, "13": 36.01318835001716, "14": 36.28300168300137, "15": 31.234147407186956, "16": 30.948077953051882, "17": 35.501322449590745, "18": 36.54709657439136, "19": 37.17338671036128, "20": 34.21223439250505, "21": 20.208921693947794, "23": 13.325705795875, "24": 14.433990370450504, "25": 14.030268652541588, "26": 17.857216589243674, "27": 24.296669522170788, "28": 21.54426188105933, "29": 27.780063609867735, "30": 31.42577113495564, "31": 26.443186352294873, "32": 22.57011836061362, "33": 25.56822917788041, "34": 25.066634664950143, "35": 20.886965163753697, "36": 28.732917496849137, "37": 27.850792103274625, "38": 28.796747772785384, "39": 31.08411978469202, "40": 30.652457057906446, "41": 32.998735996552746, "42": 37.22091572491462, "43": 30.570488074093564, "44": 35.24413034499658, "45": 31.894344588772917, "46": 32.85466143416396, "47": 32.4873020513864, "48": 32.18449662315138, "49": 32.006258946776995, "50": 34.340942719981314, "51": 31.81207707493783, "52": 34.97957048856475, "53": 31.42585201648035, "54": 31.166523318234958 } }, "geometry": { "type": "Polygon", "coordinates": [ [ [ 118.375, -30.125 ], [ 118.375, -30.375 ], [ 118.125, -30.375 ], [ 118.125, -30.625 ], [ 117.875, -30.625 ], [ 117.875, -30.875 ], [ 116.375, -30.875 ], [ 116.375, -30.625 ], [ 115.625, -30.625 ], [ 115.625, -30.375 ], [ 115.375, -30.375 ], [ 115.375, -30.625 ], [ 115.125, -30.625 ], [ 115.125, -30.875 ], [ 114.875, -30.875 ], [ 114.875, -31.125 ], [ 115.125, -31.125 ], [ 115.125, -31.375 ], [ 115.375, -31.375 ], [ 115.375, -33.375 ], [ 115.625, -33.375 ], [ 115.625, -33.125 ], [ 117.875, -33.125 ], [ 117.875, -32.875 ], [ 119.625, -32.875 ], [ 119.625, -32.375 ], [ 119.875, -32.375 ], [ 119.875, -32.125 ], [ 120.375, -32.125 ], [ 120.375, -31.625 ], [ 120.625, -31.625 ], [ 120.625, -31.375 ], [ 120.875, -31.375 ], [ 120.875, -31.125 ], [ 121.625, -31.125 ], [ 121.625, -30.875 ], [ 121.125, -30.875 ], [ 121.125, -30.625 ], [ 120.375, -30.625 ], [ 120.375, -30.375 ], [ 119.625, -30.375 ], [ 119.625, -30.125 ], [ 118.375, -30.125 ] ] ] } },
{ "type": "Feature", "properties": { "cluster_id": 23, "cohesion": 9.3878597748048289, "distances": { "1": 33.31743331578965, "2": 28.68329018018281, "3": 37.96301038377652, "4": 39.71353016008982, "5": 34.62000178707455, "6": 30.075010019008126, "7": 36.30161796289335, "8": 37.38504738633999, "9": 39.53790860933923, "10": 36.375217307395495, "11": 31.840651971620886, "12": 27.936339579137893, "13": 34.66979834286038, "14": 33.498527649743146, "15": 28.935379345989276, "16": 30.898860768045243, "17": 35.77211526504429, "18": 36.20995638239527, "19": 36.33006198198813, "20": 34.74135198365823, "21": 13.052076540307219, "22": 13.325705795875002, "24": 17.36938481083011, "25": 21.43314777271372, "26": 14.237426013304884, "27": 22.38505109371503, "28": 23.919711420387443, "29": 30.877102957408383, "30": 33.03359817958776, "31": 28.015710750380148, "32": 27.44930425809406, "33": 27.78297621846614, "34": 29.592945730723795, "35": 27.373170540647067, "36": 27.385817394964153, "37": 25.49158180435292, "38": 27.03541375896958, "39": 29.7642133590189, "40": 28.989725229304895, "41": 31.423175055343005, "42": 33.94561245513801, "43": 27.871470114263797, "44": 32.78152162061496, "45": 32.67620605753509, "46": 32.12178560701298, "47": 32.49038920848262, "48": 31.402758661309477, "49": 33.10787237895496, "50": 34.50425793016885, "51": 32.179462808052506, "52": 35.35647401228267, "53": 33.388833008592265, "54": 33.50805209330961 } }, "geometry": { "type": "Polygon", "coordinates": [ [ [ 120.875, -31.125 ], [ 120.875, -31.375 ], [ 120.625, -31.375 ], [ 120.625, -31.625 ], [ 120.375, -31.625 ], [ 120.375, -32.125 ], [ 119.875, -32.125 ], [ 119.875, -32.375 ], [ 119.625, -32.375 ], [ 119.625, -32.875 ], [ 117.875, -32.875 ], [ 117.875, -33.125 ], [ 115.625, -33.125 ], [ 115.625, -33.375 ], [ 115.125, -33.375 ], [ 115.125, -33.625 ], [ 114.875, -33.625 ], [ 114.875, -33.875 ], [ 114.625, -33.875 ], [ 114.625, -34.125 ], [ 115.375, -34.125 ], [ 115.375, -34.375 ], [ 115.875, -34.375 ], [ 115.875, -34.125 ], [ 118.125, -34.125 ], [ 118.125, -33.875 ], [ 118.875, -33.875 ], [ 118.875, -33.625 ], [ 119.375, -33.625 ], [ 119.375, -33.375 ], [ 119.875, -33.375 ], [ 119.875, -32.875 ], [ 121.125, -32.875 ], [ 121.125, -33.125 ], [ 121.875, -33.125 ], [ 121.875, -32.875 ], [ 122.375, -32.875 ], [ 122.375, -32.625 ], [ 125.375, -32.625 ], [ 125.375, -32.375 ], [ 125.875, -32.375 ], [ 125.875, -32.125 ], [ 126.375, -32.125 ], [ 126.375, -31.875 ], [ 126.875, -31.875 ], [ 126.875, -31.625 ], [ 125.125, -31.625 ], [ 125.125, -31.875 ], [ 123.625, -31.875 ], [ 123.625, -31.625 ], [ 123.125, -31.625 ], [ 123.125, -31.375 ], [ 121.625, -31.375 ], [ 121.625, -31.125 ], [ 120.875, -31.125 ] ] ] } },
{ "type": "Feature", "properties": { "cluster_id": 24, "cohesion": 6.5547076073281518, "distances": { "1": 43.0253704496918, "2": 36.33401747616533, "3": 48.577409907828645, "4": 49.92052436572203, "5": 43.64164424342401, "6": 37.063107539424216, "7": 43.071606958105406, "8": 45.514512520963955, "9": 48.56883504415753, "10": 42.76147110933456, "11": 40.43695602557071, "12": 33.45934669191371, "13": 35.50412337945063, "14": 35.103263872858435, "15": 27.259768037350828, "16": 25.53395915772726, "17": 34.636559346008404, "18": 36.47449556509212, "19": 35.27042309609828, "20": 31.056429825257496, "21": 24.44854444905957, "22": 14.433990370450504, "23": 17.369384810830113, "25": 12.673802438491228, "26": 13.463243370784621, "27": 18.3939855407122, "28": 13.386822625966014, "29": 27.84654828641477, "30": 28.87144976899791, "31": 20.501735275167565, "32": 17.481439928999908, "33": 25.056964834606003, "34": 25.756120912130072, "35": 20.588417803857258, "36": 29.937729678815227, "37": 29.675455331658576, "38": 32.12043414722166, "39": 33.80957391930842, "40": 34.546022412771265, "41": 36.64175529021097, "42": 39.408593331105365, "43": 34.107891208471166, "44": 39.4033335994948, "45": 32.36570172758071, "46": 34.888532749872745, "47": 32.99182943292825, "48": 35.393780968695566, "49": 34.712459533548504, "50": 39.054417200986364, "51": 34.49719493677304, "52": 39.36170757719129, "53": 34.29773430996873, "54": 33.481769261500105 } }, "geometry": { "type": "Polygon", "coordinates": [ [ [ 123.625, -28.625 ], [ 123.625, -29.125 ], [ 123.875, -29.125 ], [ 123.875, -29.375 ], [ 123.375, -29.375 ], [ 123.375, -29.625 ], [ 122.875, -29.625 ], [ 122.875, -29.875 ], [ 121.625, -29.875 ], [ 121.625, -29.625 ], [ 120.625, -29.625 ], [ 120.625, -29.875 ], [ 120.375, -29.875 ], [ 120.375, -30.625 ], [ 121.125, -30.625 ], [ 121.125, -30.875 ], [ 121.625, -30.875 ], [ 121.625, -31.375 ], [ 123.125, -31.375 ], [ 123.125, -31.125 ], [ 123.375, -31.125 ], [ 123.375, -30.875 ], [ 124.125, -30.875 ], [ 124.125, -31.125 ], [ 124.375, -31.125 ], [ 124.375, -31.375 ], [ 125.625, -31.375 ], [ 125.625, -31.125 ], [ 125.875, -31.125 ], [ 125.875, -30.875 ], [ 127.625, -30.875 ], [ 127.625, -30.375 ], [ 126.875, -30.375 ], [ 126.875, -30.125 ], [ 126.375, -30.125 ], [ 126.375, -29.625 ], [ 126.125, -29.625 ], [ 126.125, -29.375 ], [ 125.875, -29.375 ], [ 125.875, -28.875 ], [ 125.375, -28.875 ], [ 125.375, -28.625 ], [ 123.625, -28.625 ] ] ] } },
{ "type": "Feature", "properties": { "cluster_id": 25, "cohesion": 8.4193387405457081, "distances": { "1": 44.05583528792562, "2": 37.631107335930906, "3": 48.17341292573838, "4": 48.57070058928369, "5": 42.287208014054066, "6": 36.07539648305053, "7": 39.73878409236182, "8": 43.44787496153789, "9": 45.941306604688705, "10": 39.85555900233973, "11": 39.46949386907881, "12": 31.725025505296017, "13": 34.557906193391226, "14": 36.01766275431848, "15": 29.99855335919379, "16": 27.039638004594064, "17": 32.56275187350108, "18": 34.63100944044049, "19": 34.496653317533756, "20": 29.886707315412497, "21": 27.969547763248322, "22": 14.03026865254159, "23": 21.43314777271372, "24": 12.67380243849123, "26": 20.53473822257658, "27": 23.415067519809458, "28": 16.693865929140266, "29": 23.32237840904692, "30": 26.738567452403515, "31": 21.693391534829313, "32": 14.740009651556546, "33": 21.8978942209014, "34": 19.40355934210588, "35": 13.716602151624713, "36": 30.052786567966887, "37": 30.855228621827226, "38": 31.908654918614346, "39": 32.84460617411896, "40": 33.10062128253775, "41": 34.54713940938975, "42": 39.138017419806104, "43": 33.52596648315291, "44": 37.6724716075089, "45": 29.699488126912975, "46": 33.18252227623869, "47": 31.497559364712952, "48": 33.141874766734176, "49": 30.82768989787295, "50": 35.19252617890006, "51": 30.77091068333619, "52": 34.949330039626886, "53": 29.196581508963188, "54": 28.031964916222773 } }, "geometry": { "type": "MultiPolygon", "coordinates": [ [ [ [ 114.375, -29.125 ], [ 114.375, -28.875 ], [ 114.625, -28.875 ], [ 114.625, -29.125 ], [ 114.375, -29.125 ] ] ], [ [ [ 114.875, -29.125 ], [ 114.875, -29.625 ], [ 115.125, -29.625 ], [ 115.125, -30.125 ], [ 115.625, -30.125 ], [ 115.625, -29.875 ], [ 115.875, -29.875 ], [ 115.875, -29.375 ], [ 116.125, -29.375 ], [ 116.125, -29.625 ], [ 116.375, -29.625 ], [ 116.375, -29.375 ], [ 116.625, -29.375 ], [ 116.625, -28.375 ], [ 117.125, -28.375 ], [ 117.125, -28.625 ], [ 117.375, -28.625 ], [ 117.375, -28.875 ], [ 118.125, -28.875 ], [ 118.125, -28.625 ], [ 118.375, -28.625 ], [ 118.375, -28.375 ], [ 118.625, -28.375 ], [ 118.625, -28.125 ], [ 118.875, -28.125 ], [ 118.875, -27.875 ], [ 119.125, -27.875 ], [ 119.125, -27.625 ], [ 119.375, -27.625 ], [ 119.375, -27.125 ], [ 119.625, -27.125 ], [ 119.625, -26.875 ], [ 120.625, -26.875 ], [ 120.625, -26.375 ], [ 121.125, -26.375 ], [ 121.125, -26.125 ], [ 121.625, -26.125 ], [ 121.625, -26.625 ], [ 121.875, -26.625 ], [ 121.875, -26.875 ], [ 122.375, -26.875 ], [ 122.375, -27.125 ], [ 122.125, -27.125 ], [ 122.125, -27.375 ], [ 122.375, -27.375 ], [ 122.375, -27.625 ], [ 122.625, -27.625 ], [ 122.625, -27.875 ], [ 123.625, -27.875 ], [ 123.625, -28.125 ], [ 125.875, -28.125 ], [ 125.875, -28.375 ], [ 126.125, -28.375 ], [ 126.125, -28.625 ], [ 125.875, -28.625 ], [ 125.875, -28.875 ], [ 125.375, -28.875 ], [ 125.375, -28.625 ], [ 123.625, -28.625 ], [ 123.625, -29.125 ], [ 123.875, -29.125 ], [ 123.875, -29.375 ], [ 123.375, -29.375 ], [ 123.375, -29.625 ], [ 122.875, -29.625 ], [ 122.875, -29.875 ], [ 121.625, -29.875 ], [ 121.625, -29.625 ], [ 120.625, -29.625 ], [ 120.625, -29.875 ], [ 120.375, -29.875 ], [ 120.375, -30.375 ], [ 119.625, -30.375 ], [ 119.625, -30.125 ], [ 118.375, -30.125 ], [ 118.375, -30.375 ], [ 118.125, -30.375 ], [ 118.125, -30.625 ], [ 117.875, -30.625 ], [ 117.875, -30.875 ], [ 116.375, -30.875 ], [ 116.375, -30.625 ], [ 115.625, -30.625 ], [ 115.625, -30.375 ], [ 115.375, -30.375 ], [ 115.375, -30.625 ], [ 115.125, -30.625 ], [ 115.125, -30.875 ], [ 114.875, -30.875 ], [ 114.875, -30.625 ], [ 114.625, -30.625 ], [ 114.625, -29.125 ], [ 114.875, -29.125 ] ] ] ] } },
{ "type": "Feature", "properties": { "cluster_id": 26, "cohesion": 7.9503255044167727, "distances": { "1": 36.096894534564186, "2": 30.001911602070017, "3": 42.63911875422553, "4": 44.468368243645315, "5": 38.395399693527594, "6": 32.03535058757383, "7": 39.393405984109506, "8": 40.96648398816414, "9": 44.015615386291195, "10": 38.86840099273341, "11": 35.46430053787487, "12": 30.0352847885246, "13": 32.175190491290216, "14": 30.526778647534933, "15": 22.87379873842512, "16": 24.68799524693512, "17": 32.113133294289945, "18": 33.20117477291845, "19": 32.65323916447472, "20": 30.16926191654418, "21": 17.62438239712667, "22": 17.857216589243674, "23": 14.237426013304884, "24": 13.463243370784621, "25": 20.53473822257658, "27": 13.871648570061089, "28": 17.09955110239792, "29": 28.978203934120256, "30": 28.724904849322424, "31": 21.6151064358313, "32": 23.38059947985852, "33": 25.000619322125583, "34": 28.69156593141409, "35": 26.034457844898693, "36": 25.721667505672787, "37": 24.54538318663036, "38": 26.9834411266487, "39": 29.338005123426043, "40": 29.562237619419268, "41": 32.14664885773794, "42": 34.19183301599686, "43": 29.3543249579886, "44": 34.67056801238163, "45": 30.250700925083013, "46": 30.543002705552198, "47": 29.617923159684647, "48": 31.41968887842527, "49": 32.88222455152655, "50": 36.34700821105093, "51": 32.440263946399, "52": 37.05242922615211, "53": 33.66533857399762, "54": 33.473139980967616 } }, "geometry": { "type": "Polygon", "coordinates": [ [ [ 123.375, -30.875 ], [ 123.375, -31.125 ], [ 123.125, -31.125 ], [ 123.125, -31.625 ], [ 123.625, -31.625 ], [ 123.625, -31.875 ], [ 125.125, -31.875 ], [ 125.125, -31.625 ], [ 126.875, -31.625 ], [ 126.875, -31.875 ], [ 126.375, -31.875 ], [ 126.375, -32.125 ], [ 125.875, -32.125 ], [ 125.875, -32.375 ], [ 125.625, -32.375 ], [ 125.625, -32.625 ], [ 125.375, -32.625 ], [ 125.375, -32.875 ], [ 125.875, -32.875 ], [ 125.875, -32.625 ], [ 127.375, -32.625 ], [ 127.375, -32.375 ], [ 128.375, -32.375 ], [ 128.375, -32.125 ], [ 128.875, -32.125 ], [ 128.875, -31.625 ], [ 129.375, -31.625 ], [ 129.375, -31.375 ], [ 128.875, -31.375 ], [ 128.875, -31.125 ], [ 127.375, -31.125 ], [ 127.375, -30.875 ], [ 125.875, -30.875 ], [ 125.875, -31.125 ], [ 125.625, -31.125 ], [ 125.625, -31.375 ], [ 124.375, -31.375 ], [ 124.375, -31.125 ], [ 124.125, -31.125 ], [ 124.125, -30.875 ], [ 123.375, -30.875 ] ] ] } },
{ "type": "Feature", "properties": { "cluster_id": 27, "cohesion": 5.2656154376710269, "distances": { "1": 37.781653284246175, "2": 30.92966584921604, "3": 45.54856181255764, "4": 47.47905449571635, "5": 41.2522571246836, "6": 33.80643193358195, "7": 41.2465279943078, "8": 42.71943539311552, "9": 46.92677995998434, "10": 39.54315282524643, "11": 37.485635698365634, "12": 31.101497461178973, "13": 27.503528155976102, "14": 25.053554510466885, "15": 13.627263675397732, "16": 14.994120343839628, "17": 27.876387766864617, "18": 28.8831011314981, "19": 26.468847544987426, "20": 23.51989211177986, "21": 23.932673045570805, "22": 24.296669522170788, "23": 22.38505109371503, "24": 18.3939855407122, "25": 23.415067519809458, "26": 13.871648570061089, "28": 13.769193374667982, "29": 26.861659665280612, "30": 23.746845985975288, "31": 13.66600688333411, "32": 21.000706475862824, "33": 23.374115012702635, "34": 27.590925842350885, "35": 25.711582225569696, "36": 24.210576107389628, "37": 24.147077600955832, "38": 27.215500202484474, "39": 28.811605794907845, "40": 29.86208476907819, "41": 31.734154594115196, "42": 32.30913049945157, "43": 29.425175137199293, "44": 34.790944434715, "45": 28.391666960013865, "46": 28.88846470317795, "47": 26.40869400602091, "48": 31.70831088138913, "49": 32.752187081722596, "50": 37.645709647827786, "51": 31.524928278765543, "52": 37.177828602069695, "53": 32.76486426175441, "54": 31.784286760309932 } }, "geometry": { "type": "Polygon", "coordinates": [ [ [ 128.875, -30.875 ], [ 128.875, -31.375 ], [ 129.375, -31.375 ], [ 129.375, -31.625 ], [ 128.875, -31.625 ], [ 128.875, -32.125 ], [ 129.375, -32.125 ], [ 129.375, -31.875 ], [ 131.625, -31.875 ], [ 131.625, -32.125 ], [ 132.125, -32.125 ], [ 132.125, -31.875 ], [ 133.625, -31.875 ], [ 133.625, -31.125 ], [ 133.125, -31.125 ], [ 133.125, -30.875 ], [ 128.875, -30.875 ] ] ] } },
{ "type": "Feature", "properties": { "cluster_id": 28, "cohesion": 7.439724718392239, "distances": { "1": 44.461116411528806, "2": 37.186305362155565, "3": 50.78501958048963, "4": 51.7988700474748, "5": 44.81198724464528, "6": 37.20392563628799, "7": 42.8183847832991, "8": 46.52408741837602, "9": 49.60076045437535, "10": 43.021898328369836, "11": 41.8662584800516, "12": 34.22726048211483, "13": 32.00350836073283, "14": 32.24349755195402, "15": 22.407082183184148, "16": 18.73491817185192, "17": 28.898789031280845, "18": 31.81700163222901, "19": 30.445863619467627, "20": 24.478697442961668, "21": 28.951111035109932, "22": 21.54426188105933, "23": 23.919711420387443, "24": 13.386822625966014, "25": 16.693865929140266, "26": 17.09955110239792, "27": 13.769193374667982, "29": 23.19017733126959, "30": 22.151196972261232, "31": 12.077487482320297, "32": 12.630169331463142, "33": 24.09278006472712, "34": 24.954875923593324, "35": 20.040907310844563, "36": 28.331864577278573, "37": 29.276778591402532, "38": 31.565127325465056, "39": 32.40563335569375, "40": 33.77458956807212, "41": 35.71607110005286, "42": 38.86009684084005, "43": 34.43656756101567, "44": 39.544099981686585, "45": 27.807459756817757, "46": 32.20342591005571, "47": 29.0774921244996, "48": 33.25242764950221, "49": 31.67792546766171, "50": 37.61898351228103, "51": 33.7449034794174, "52": 37.99212512306738, "53": 31.437840428820504, "54": 31.02107275834396 } }, "geometry": { "type": "Polygon", "coordinates": [ [ [ 130.375, -26.625 ], [ 130.375, -26.875 ], [ 129.875, -26.875 ], [ 129.875, -27.625 ], [ 130.125, -27.625 ], [ 130.125, -27.875 ], [ 129.625, -27.875 ], [ 129.625, -28.125 ], [ 127.125, -28.125 ], [ 127.125, -28.625 ], [ 125.875, -28.625 ], [ 125.875, -29.375 ], [ 126.125, -29.375 ], [ 126.125, -29.625 ], [ 126.375, -29.625 ], [ 126.375, -30.125 ], [ 126.875, -30.125 ], [ 126.875, -30.375 ], [ 127.625, -30.375 ], [ 127.625, -30.875 ], [ 127.375, -30.875 ], [ 127.375, -31.125 ], [ 128.875, -31.125 ], [ 128.875, -30.875 ], [ 132.375, -30.875 ], [ 132.375, -30.625 ], [ 132.125, -30.625 ], [ 132.125, -30.375 ], [ 131.875, -30.375 ], [ 131.875, -30.125 ], [ 131.625, -30.125 ], [ 131.625, -29.875 ], [ 131.375, -29.875 ], [ 131.375, -29.125 ], [ 132.125, -29.125 ], [ 132.125, -28.625 ], [ 131.875, -28.625 ], [ 131.875, -28.125 ], [ 131.375, -28.125 ], [ 131.375, -27.625 ], [ 131.625, -27.625 ], [ 131.625, -26.875 ], [ 130.875, -26.875 ], [ 130.875, -26.625 ], [ 130.375, -26.625 ] ] ] } },
{ "type": "Feature", "properties": { "cluster_id": 29, "cohesion": 9.6441423445208869, "distances": { "1": 42.236100904424816, "2": 36.76517639201582, "3": 45.44712768950652, "4": 44.090023057303874, "5": 37.449651212207044, "6": 31.479601085517672, "7": 29.969140712705507, "8": 37.44507982308315, "9": 38.53716100815063, "10": 32.62678902667104, "11": 36.16675636010043, "12": 28.699554893432662, "13": 28.38431085377903, "14": 32.903152015161744, "15": 29.087040305449964, "16": 25.323350844266557, "17": 21.166242467877588, "18": 25.943052333930186, "19": 27.66747031747964, "20": 21.373669804241228, "21": 33.01590192736574, "22": 27.780063609867735, "23": 30.877102957408383, "24": 27.84654828641477, "25": 23.32237840904692, "26": 28.978203934120256, "27": 26.861659665280612, "28": 23.19017733126959, "30": 15.803292109296365, "31": 21.027437661424415, "32": 17.502415766383915, "33": 22.421821369064617, "34": 18.294937913305695, "35": 18.13652571272346, "36": 27.97035896915805, "37": 31.0222140875356, "38": 30.50000910443529, "39": 28.64599025010958, "40": 28.821450263226524, "41": 28.772052376752768, "42": 35.897454468310066, "43": 31.46547533715789, "44": 33.13675948716938, "45": 17.325069366588135, "46": 26.95670592488368, "47": 25.066942880123452, "48": 23.991948047127813, "49": 16.871689198554492, "50": 22.92366893635863, "51": 24.49756981044365, "52": 22.980124609031833, "53": 14.295277141369127, "54": 16.612460897802173 } }, "geometry": { "type": "Polygon", "coordinates": [ [ [ 133.875, -23.625 ], [ 133.875, -23.875 ], [ 131.875, -23.875 ], [ 131.875, -24.125 ], [ 131.375, -24.125 ], [ 131.375, -23.875 ], [ 130.375, -23.875 ], [ 130.375, -24.125 ], [ 130.125, -24.125 ], [ 130.125, -24.625 ], [ 128.875, -24.625 ], [ 128.875, -24.375 ], [ 126.875, -24.375 ], [ 126.875, -24.625 ], [ 124.625, -24.625 ], [ 124.625, -25.125 ], [ 125.625, -25.125 ], [ 125.625, -25.375 ], [ 125.875, -25.375 ], [ 125.875, -25.625 ], [ 129.875, -25.625 ], [ 129.875, -25.875 ], [ 130.125, -25.875 ], [ 130.125, -25.625 ], [ 130.625, -25.625 ], [ 130.625, -25.875 ], [ 131.375, -25.875 ], [ 131.375, -25.625 ], [ 131.875, -25.625 ], [ 131.875, -25.375 ], [ 132.875, -25.375 ], [ 132.875, -24.875 ], [ 133.375, -24.875 ], [ 133.375, -24.625 ], [ 134.375, -24.625 ], [ 134.375, -24.375 ], [ 134.125, -24.375 ], [ 134.125, -24.125 ], [ 134.375, -24.125 ], [ 134.375, -23.875 ], [ 134.625, -23.875 ], [ 134.625, -23.625 ], [ 133.875, -23.625 ] ] ] } },
{ "type": "Feature", "properties": { "cluster_id": 30, "cohesion": 9.1491458901682599, "distances": { "1": 44.20031290308304, "2": 38.018490056781, "3": 49.95937516274803, "4": 49.54432632970286, "5": 42.60279515192897, "6": 35.14409873767614, "7": 36.65910574496524, "8": 43.12401379713832, "9": 45.23029421910559, "10": 38.16715351878455, "11": 40.6253268293951, "12": 33.151335262027295, "13": 25.31889824480098, "14": 29.344071456147276, "15": 24.236029328038565, "16": 19.65814713188968, "17": 15.071107810267437, "18": 21.745873189161, "19": 22.58215124152374, "20": 14.32274852303761, "21": 34.51513473778998, "22": 31.42577113495564, "23": 33.03359817958776, "24": 28.87144976899791, "25": 26.73856745240352, "26": 28.724904849322428, "27": 23.746845985975284, "28": 22.151196972261232, "29": 15.803292109296363, "31": 16.76708302381881, "32": 19.635873637094598, "33": 23.343405079783476, "34": 23.67752599329611, "35": 22.85900464287521, "36": 27.607015377562337, "37": 31.22900619350549, "38": 31.54463100930932, "39": 29.720132976984488, "40": 30.28889994077644, "41": 30.189685019604475, "42": 35.63356426084922, "43": 32.88289741867799, "44": 35.355787740888125, "45": 15.47085830270776, "46": 25.78874708422504, "47": 22.27672789171246, "48": 26.554176230409386, "49": 21.15954266578963, "50": 29.495267496596227, "51": 28.972890679117235, "52": 30.44102086133914, "53": 22.845018305872316, "54": 24.000577602904553 } }, "geometry": { "type": "MultiPolygon", "coordinates": [ [ [ [ 137.625, -28.875 ], [ 137.625, -29.125 ], [ 137.875, -29.125 ], [ 137.875, -29.375 ], [ 138.125, -29.375 ], [ 138.125, -29.625 ], [ 138.375, -29.625 ], [ 138.375, -29.875 ], [ 137.625, -29.875 ], [ 137.625, -29.625 ], [ 137.375, -29.625 ], [ 137.375, -28.875 ], [ 137.625, -28.875 ] ] ], [ [ [ 134.625, -24.625 ], [ 134.625, -24.875 ], [ 135.625, -24.875 ], [ 135.625, -25.125 ], [ 135.875, -25.125 ], [ 135.875, -25.375 ], [ 136.125, -25.375 ], [ 136.125, -25.625 ], [ 136.625, -25.625 ], [ 136.625, -25.875 ], [ 136.875, -25.875 ], [ 136.875, -26.125 ], [ 137.125, -26.125 ], [ 137.125, -26.625 ], [ 137.375, -26.625 ], [ 137.375, -26.875 ], [ 137.625, -26.875 ], [ 137.625, -27.125 ], [ 137.875, -27.125 ], [ 137.875, -27.375 ], [ 138.375, -27.375 ], [ 138.375, -27.125 ], [ 138.625, -27.125 ], [ 138.625, -27.375 ], [ 139.375, -27.375 ], [ 139.375, -27.125 ], [ 139.875, -27.125 ], [ 139.875, -27.375 ], [ 140.125, -27.375 ], [ 140.125, -27.625 ], [ 140.375, -27.625 ], [ 140.375, -29.125 ], [ 140.625, -29.125 ], [ 140.625, -29.375 ], [ 141.125, -29.375 ], [ 141.125, -29.625 ], [ 140.375, -29.625 ], [ 140.375, -29.375 ], [ 140.125, -29.375 ], [ 140.125, -29.125 ], [ 139.375, -29.125 ], [ 139.375, -29.375 ], [ 138.625, -29.375 ], [ 138.625, -29.125 ], [ 138.375, -29.125 ], [ 138.375, -28.875 ], [ 137.875, -28.875 ], [ 137.875, -28.625 ], [ 137.375, -28.625 ], [ 137.375, -28.375 ], [ 137.125, -28.375 ], [ 137.125, -28.625 ], [ 136.875, -28.625 ], [ 136.875, -28.375 ], [ 136.625, -28.375 ], [ 136.625, -28.125 ], [ 135.875, -28.125 ], [ 135.875, -27.625 ], [ 135.375, -27.625 ], [ 135.375, -27.375 ], [ 134.125, -27.375 ], [ 134.125, -27.125 ], [ 133.875, -27.125 ], [ 133.875, -26.875 ], [ 134.375, -26.875 ], [ 134.375, -26.375 ], [ 134.125, -26.375 ], [ 134.125, -26.125 ], [ 133.875, -26.125 ], [ 133.875, -26.375 ], [ 133.125, -26.375 ], [ 133.125, -26.625 ], [ 132.625, -26.625 ], [ 132.625, -26.375 ], [ 131.375, -26.375 ], [ 131.375, -26.125 ], [ 130.375, -26.125 ], [ 130.375, -25.875 ], [ 131.375, -25.875 ], [ 131.375, -25.625 ], [ 131.875, -25.625 ], [ 131.875, -25.375 ], [ 132.875, -25.375 ], [ 132.875, -24.875 ], [ 133.375, -24.875 ], [ 133.375, -24.625 ], [ 134.625, -24.625 ] ] ] ] } },
{ "type": "Feature", "properties": { "cluster_id": 31, "cohesion": 6.6791156884839795, "distances": { "1": 43.35329606014714, "2": 36.22945415657657, "3": 50.34473944784572, "4": 51.280435655475884, "5": 44.52947033455308, "6": 36.64656923672885, "7": 41.81953291094794, "8": 45.467882076348964, "9": 49.07494323030862, "10": 41.22890725923012, "11": 41.26979048753343, "12": 33.682569526679686, "13": 27.61187786047976, "14": 27.789958399344396, "15": 17.72143618082398, "16": 12.221266094260269, "17": 24.52972633675619, "18": 27.584887692305923, "19": 25.058872343882904, "20": 18.139449606246338, "21": 30.907770367064945, "22": 26.443186352294877, "23": 28.015710750380148, "24": 20.501735275167565, "25": 21.69339153482931, "26": 21.6151064358313, "27": 13.666006883334111, "28": 12.077487482320294, "29": 21.02743766142442, "30": 16.76708302381881, "32": 14.923165823244137, "33": 22.475963593400206, "34": 24.052061049382484, "35": 21.256503648635373, "36": 26.78529676238645, "37": 28.635756379421903, "38": 30.942996408524042, "39": 30.8893137924297, "40": 32.402299502032804, "41": 33.44846655119407, "42": 35.81796666628157, "43": 32.72416057387651, "44": 37.41274688980904, "45": 25.061233522670122, "46": 29.836876482943826, "47": 25.916043957055646, "48": 31.839257705925, "49": 29.905827712089106, "50": 36.54566584493544, "51": 31.28450886997691, "52": 36.012048765850274, "53": 29.291498810080817, "54": 28.39149893303253 } }, "geometry": { "type": "Polygon", "coordinates": [ [ [ 133.875, -26.125 ], [ 133.875, -26.375 ], [ 133.125, -26.375 ], [ 133.125, -26.625 ], [ 132.625, -26.625 ], [ 132.625, -26.375 ], [ 131.875, -26.375 ], [ 131.875, -26.875 ], [ 131.625, -26.875 ], [ 131.625, -27.625 ], [ 131.375, -27.625 ], [ 131.375, -28.125 ], [ 131.875, -28.125 ], [ 131.875, -28.625 ], [ 132.125, -28.625 ], [ 132.125, -29.125 ], [ 131.375, -29.125 ], [ 131.375, -29.875 ], [ 131.625, -29.875 ], [ 131.625, -30.125 ], [ 131.875, -30.125 ], [ 131.875, -30.375 ], [ 132.125, -30.375 ], [ 132.125, -30.625 ], [ 132.375, -30.625 ], [ 132.375, -30.875 ], [ 132.875, -30.875 ], [ 132.875, -30.625 ], [ 133.125, -30.625 ], [ 133.125, -30.375 ], [ 133.375, -30.375 ], [ 133.375, -30.125 ], [ 133.875, -30.125 ], [ 133.875, -29.375 ], [ 134.125, -29.375 ], [ 134.125, -28.625 ], [ 134.375, -28.625 ], [ 134.375, -27.875 ], [ 134.625, -27.875 ], [ 134.625, -27.375 ], [ 134.125, -27.375 ], [ 134.125, -27.125 ], [ 133.875, -27.125 ], [ 133.875, -26.875 ], [ 134.375, -26.875 ], [ 134.375, -26.375 ], [ 134.125, -26.375 ], [ 134.125, -26.125 ], [ 133.875, -26.125 ] ] ] } },
{ "type": "Feature", "properties": { "cluster_id": 32, "cohesion": 8.0616672403098484, "distances": { "1": 46.04452230523563, "2": 39.22266006957262, "3": 50.86632103687586, "4": 51.0121658307124, "5": 44.25214135816691, "6": 37.225755649808896, "7": 40.042876168869235, "8": 44.92904374591038, "9": 47.568288959163596, "10": 40.65549986208638, "11": 41.41968620336514, "12": 33.110178000447625, "13": 31.101217772646176, "14": 33.47512532482648, "15": 26.344966828512813, "16": 21.12747484234841, "17": 27.05275177942214, "18": 30.487311189849535, "19": 29.635538179125938, "20": 22.99716081585397, "21": 32.39489382642073, "22": 22.570118360613623, "23": 27.44930425809407, "24": 17.481439928999908, "25": 14.740009651556546, "26": 23.380599479858525, "27": 21.00070647586282, "28": 12.630169331463142, "29": 17.502415766383915, "30": 19.635873637094598, "31": 14.923165823244133, "33": 22.36450852314397, "34": 19.4740997094124, "35": 14.133369214618003, "36": 29.767213118716015, "37": 31.69248049959352, "38": 32.70828731834574, "39": 32.74756585287094, "40": 33.42417676844418, "41": 34.33107967551609, "42": 38.94812387494432, "43": 34.371580313334746, "44": 38.29907097901864, "45": 25.438919597564627, "46": 31.608302285167344, "47": 28.81031183836439, "48": 31.964481974790797, "49": 28.00986034209434, "50": 34.163274818887544, "51": 30.641361406872353, "52": 33.84715275415897, "53": 25.960017757980154, "54": 25.36026755297312 } }, "geometry": { "type": "Polygon", "coordinates": [ [ [ 127.375, -25.625 ], [ 127.375, -25.875 ], [ 127.625, -25.875 ], [ 127.625, -26.125 ], [ 126.875, -26.125 ], [ 126.875, -26.375 ], [ 126.375, -26.375 ], [ 126.375, -26.125 ], [ 125.875, -26.125 ], [ 125.875, -26.375 ], [ 125.375, -26.375 ], [ 125.375, -26.625 ], [ 124.375, -26.625 ], [ 124.375, -26.875 ], [ 123.875, -26.875 ], [ 123.875, -27.125 ], [ 123.125, -27.125 ], [ 123.125, -26.875 ], [ 122.375, -26.875 ], [ 122.375, -27.125 ], [ 122.125, -27.125 ], [ 122.125, -27.375 ], [ 122.375, -27.375 ], [ 122.375, -27.625 ], [ 122.625, -27.625 ], [ 122.625, -27.875 ], [ 123.625, -27.875 ], [ 123.625, -28.125 ], [ 125.875, -28.125 ], [ 125.875, -28.375 ], [ 126.125, -28.375 ], [ 126.125, -28.625 ], [ 127.125, -28.625 ], [ 127.125, -28.125 ], [ 129.625, -28.125 ], [ 129.625, -27.875 ], [ 130.125, -27.875 ], [ 130.125, -27.625 ], [ 129.875, -27.625 ], [ 129.875, -26.875 ], [ 130.375, -26.875 ], [ 130.375, -26.625 ], [ 130.875, -26.625 ], [ 130.875, -26.875 ], [ 131.875, -26.875 ], [ 131.875, -26.375 ], [ 131.375, -26.375 ], [ 131.375, -26.125 ], [ 130.375, -26.125 ], [ 130.375, -25.875 ], [ 130.625, -25.875 ], [ 130.625, -25.625 ], [ 130.125, -25.625 ], [ 130.125, -25.875 ], [ 129.875, -25.875 ], [ 129.875, -25.625 ], [ 127.375, -25.625 ] ] ] } },
{ "type": "Feature", "properties": { "cluster_id": 33, "cohesion": 10.151059675857402, "distances": { "1": 36.95487444699999, "2": 31.132390866942742, "3": 42.244392357623504, "4": 42.62420765070243, "5": 37.02018103462518, "6": 30.58406647822155, "7": 34.60185668968383, "8": 36.56078145698653, "9": 40.82810822675561, "10": 30.95199806563556, "11": 33.64245408261726, "12": 25.92795941236466, "13": 26.047854857105104, "14": 27.487658481239706, "15": 24.635084497067407, "16": 24.2597974528462, "17": 25.86655693484292, "18": 25.914549337028483, "19": 26.589234673614012, "20": 25.200395145088738, "21": 28.67895373744038, "22": 25.568229177880408, "23": 27.782976218466143, "24": 25.056964834606003, "25": 21.8978942209014, "26": 25.000619322125583, "27": 23.374115012702635, "28": 24.09278006472712, "29": 22.421821369064617, "30": 23.343405079783476, "31": 22.47596359340021, "32": 22.36450852314397, "34": 15.218067701839434, "35": 18.270757522110344, "36": 23.273116412124246, "37": 25.208750756116483, "38": 25.394780097108093, "39": 25.45561959290543, "40": 25.26624481938671, "41": 25.7326578428452, "42": 29.46441354221019, "43": 26.28871175400851, "44": 28.869894031932244, "45": 25.255614690837007, "46": 24.68521888570717, "47": 23.078488785221534, "48": 27.437742430283937, "49": 27.153459828455137, "50": 31.354456281888787, "51": 19.9113835151648, "52": 28.48707861023649, "53": 24.99392471648442, "54": 21.348388098050524 } }, "geometry": { "type": "Polygon", "coordinates": [ [ [ 115.875, -20.625 ], [ 115.875, -20.875 ], [ 115.625, -20.875 ], [ 115.625, -21.125 ], [ 115.125, -21.125 ], [ 115.125, -21.375 ], [ 114.625, -21.375 ], [ 114.625, -21.625 ], [ 114.375, -21.625 ], [ 114.375, -21.875 ], [ 113.875, -21.875 ], [ 113.875, -22.125 ], [ 113.625, -22.125 ], [ 113.625, -22.375 ], [ 113.375, -22.375 ], [ 113.375, -23.625 ], [ 113.125, -23.625 ], [ 113.125, -24.875 ], [ 113.375, -24.875 ], [ 113.375, -25.375 ], [ 113.625, -25.375 ], [ 113.625, -25.875 ], [ 113.875, -25.875 ], [ 113.875, -26.125 ], [ 113.625, -26.125 ], [ 113.625, -26.375 ], [ 113.375, -26.375 ], [ 113.375, -27.125 ], [ 113.625, -27.125 ], [ 113.625, -27.875 ], [ 113.875, -27.875 ], [ 113.875, -28.125 ], [ 115.375, -28.125 ], [ 115.375, -27.875 ], [ 116.625, -27.875 ], [ 116.625, -26.625 ], [ 116.375, -26.625 ], [ 116.375, -25.875 ], [ 116.125, -25.875 ], [ 116.125, -25.625 ], [ 116.375, -25.625 ], [ 116.375, -25.375 ], [ 116.625, -25.375 ], [ 116.625, -25.125 ], [ 116.875, -25.125 ], [ 116.875, -24.625 ], [ 117.625, -24.625 ], [ 117.625, -24.375 ], [ 117.875, -24.375 ], [ 117.875, -24.125 ], [ 118.125, -24.125 ], [ 118.125, -23.875 ], [ 117.875, -23.875 ], [ 117.875, -23.625 ], [ 117.625, -23.625 ], [ 117.625, -23.375 ], [ 117.375, -23.375 ], [ 117.375, -22.875 ], [ 117.125, -22.875 ], [ 117.125, -22.625 ], [ 116.625, -22.625 ], [ 116.625, -22.375 ], [ 116.375, -22.375 ], [ 116.375, -22.125 ], [ 116.125, -22.125 ], [ 116.125, -21.125 ], [ 116.375, -21.125 ], [ 116.375, -20.625 ], [ 115.875, -20.625 ] ] ] } },
{ "type": "Feature", "properties": { "cluster_id": 34, "cohesion": 8.10687343078129, "distances": { "1": 40.43808361313947, "2": 35.232128365940135, "3": 43.438659890635385, "4": 42.941724063832986, "5": 37.97023780879841, "6": 32.675412579764995, "7": 32.945778204311004, "8": 35.73436282819945, "9": 39.764715021364744, "10": 29.695021651303065, "11": 34.22362247806292, "12": 25.912726245818043, "13": 28.5511061172665, "14": 31.397802159609117, "15": 28.934659593527694, "16": 26.36818854961808, "17": 28.00378650242525, "18": 29.19133224652145, "19": 28.88415454970292, "20": 26.03085553132642, "21": 31.73059209726941, "22": 25.066634664950143, "23": 29.592945730723784, "24": 25.756120912130076, "25": 19.40355934210588, "26": 28.69156593141409, "27": 27.59092584235088, "28": 24.954875923593328, "29": 18.294937913305695, "30": 23.67752599329611, "31": 24.052061049382484, "32": 19.474099709412403, "33": 15.218067701839434, "35": 13.374753869091196, "36": 28.09278236720025, "37": 30.36194572336022, "38": 30.592240420895862, "39": 29.589987669169577, "40": 29.29932961225925, "41": 28.5131878688934, "42": 32.9663770966124, "43": 29.28645663707303, "44": 31.05659395713616, "45": 26.201492744463835, "46": 29.188236786140717, "47": 27.814468818426135, "48": 29.09021704456895, "49": 25.76084317349752, "50": 29.337310941055932, "51": 18.10823514469188, "52": 24.818220076810853, "53": 19.910827127424298, "54": 14.890800334362291 } }, "geometry": { "type": "Polygon", "coordinates": [ [ [ 119.125, -23.125 ], [ 119.125, -24.125 ], [ 117.875, -24.125 ], [ 117.875, -24.375 ], [ 117.625, -24.375 ], [ 117.625, -24.625 ], [ 116.875, -24.625 ], [ 116.875, -25.125 ], [ 116.625, -25.125 ], [ 116.625, -25.375 ], [ 116.375, -25.375 ], [ 116.375, -25.625 ], [ 116.125, -25.625 ], [ 116.125, -25.875 ], [ 116.375, -25.875 ], [ 116.375, -26.625 ], [ 116.625, -26.625 ], [ 116.625, -26.875 ], [ 117.375, -26.875 ], [ 117.375, -26.625 ], [ 117.625, -26.625 ], [ 117.625, -26.375 ], [ 118.125, -26.375 ], [ 118.125, -26.625 ], [ 118.375, -26.625 ], [ 118.375, -26.875 ], [ 118.875, -26.875 ], [ 118.875, -26.625 ], [ 119.375, -26.625 ], [ 119.375, -26.375 ], [ 119.625, -26.375 ], [ 119.625, -26.125 ], [ 120.375, -26.125 ], [ 120.375, -25.625 ], [ 120.625, -25.625 ], [ 120.625, -25.375 ], [ 120.875, -25.375 ], [ 120.875, -25.125 ], [ 122.875, -25.125 ], [ 122.875, -24.875 ], [ 124.625, -24.875 ], [ 124.625, -24.375 ], [ 123.125, -24.375 ], [ 123.125, -23.875 ], [ 121.875, -23.875 ], [ 121.875, -23.625 ], [ 121.625, -23.625 ], [ 121.625, -23.375 ], [ 121.125, -23.375 ], [ 121.125, -23.625 ], [ 120.125, -23.625 ], [ 120.125, -23.125 ], [ 119.125, -23.125 ] ] ] } },
{ "type": "Feature", "properties": { "cluster_id": 35, "cohesion": 10.311834210700781, "distances": { "1": 43.926329450547875, "2": 37.80885038289185, "3": 47.53956327281968, "4": 47.28562241379705, "5": 41.24860422941953, "6": 35.15326758901029, "7": 36.79256784834113, "8": 41.05477840816409, "9": 43.846114683601115, "10": 36.14782954812199, "11": 38.31099358041351, "12": 29.939018355994126, "13": 31.067193532448215, "14": 33.88556706796214, "15": 29.39623792944573, "16": 25.626705282442224, "17": 28.57212755474372, "18": 30.74408598136863, "19": 30.755165614504516, "20": 26.06898671214246, "21": 31.77952610957098, "22": 20.886965163753693, "23": 27.373170540647067, "24": 20.588417803857258, "25": 13.716602151624711, "26": 26.034457844898693, "27": 25.71158222556969, "28": 20.04090731084456, "29": 18.136525712723465, "30": 22.859004642875213, "31": 21.25650364863537, "32": 14.133369214618003, "33": 18.270757522110348, "34": 13.374753869091197, "36": 29.255157426269125, "37": 31.197265206424586, "38": 31.36825679727416, "39": 31.317839258437942, "40": 31.262751035311037, "41": 31.655219946949355, "42": 36.8420275497658, "43": 32.08794984380896, "44": 35.04832659063742, "45": 26.347664451398682, "46": 30.519711594211675, "47": 28.685427944336713, "48": 30.805123055168497, "49": 27.075773936782983, "50": 31.88073316248404, "51": 25.729505141770712, "52": 30.08857953766102, "53": 23.48728580471472, "54": 21.094830744634013 } }, "geometry": { "type": "Polygon", "coordinates": [ [ [ 122.875, -24.875 ], [ 122.875, -25.125 ], [ 120.875, -25.125 ], [ 120.875, -25.375 ], [ 120.625, -25.375 ], [ 120.625, -25.625 ], [ 120.375, -25.625 ], [ 120.375, -26.125 ], [ 119.625, -26.125 ], [ 119.625, -26.375 ], [ 119.375, -26.375 ], [ 119.375, -26.625 ], [ 118.875, -26.625 ], [ 118.875, -26.875 ], [ 118.375, -26.875 ], [ 118.375, -26.625 ], [ 118.125, -26.625 ], [ 118.125, -26.375 ], [ 117.625, -26.375 ], [ 117.625, -26.625 ], [ 117.375, -26.625 ], [ 117.375, -26.875 ], [ 116.625, -26.875 ], [ 116.625, -27.875 ], [ 115.375, -27.875 ], [ 115.375, -28.125 ], [ 114.125, -28.125 ], [ 114.125, -28.625 ], [ 114.375, -28.625 ], [ 114.375, -28.875 ], [ 114.625, -28.875 ], [ 114.625, -29.125 ], [ 114.875, -29.125 ], [ 114.875, -29.625 ], [ 115.125, -29.625 ], [ 115.125, -30.125 ], [ 115.625, -30.125 ], [ 115.625, -29.875 ], [ 115.875, -29.875 ], [ 115.875, -29.375 ], [ 116.125, -29.375 ], [ 116.125, -29.625 ], [ 116.375, -29.625 ], [ 116.375, -29.375 ], [ 116.625, -29.375 ], [ 116.625, -28.375 ], [ 117.125, -28.375 ], [ 117.125, -28.625 ], [ 117.375, -28.625 ], [ 117.375, -28.875 ], [ 118.125, -28.875 ], [ 118.125, -28.625 ], [ 118.375, -28.625 ], [ 118.375, -28.375 ], [ 118.625, -28.375 ], [ 118.625, -28.125 ], [ 118.875, -28.125 ], [ 118.875, -27.875 ], [ 119.125, -27.875 ], [ 119.125, -27.625 ], [ 119.375, -27.625 ], [ 119.375, -27.125 ], [ 119.625, -27.125 ], [ 119.625, -26.875 ], [ 120.625, -26.875 ], [ 120.625, -26.375 ], [ 121.125, -26.375 ], [ 121.125, -26.125 ], [ 121.625, -26.125 ], [ 121.625, -26.625 ], [ 121.875, -26.625 ], [ 121.875, -26.875 ], [ 123.125, -26.875 ], [ 123.125, -27.125 ], [ 123.875, -27.125 ], [ 123.875, -26.875 ], [ 124.375, -26.875 ], [ 124.375, -26.625 ], [ 125.375, -26.625 ], [ 125.375, -26.375 ], [ 125.875, -26.375 ], [ 125.875, -26.125 ], [ 126.375, -26.125 ], [ 126.375, -26.375 ], [ 126.875, -26.375 ], [ 126.875, -26.125 ], [ 127.625, -26.125 ], [ 127.625, -25.875 ], [ 127.375, -25.875 ], [ 127.375, -25.625 ], [ 125.875, -25.625 ], [ 125.875, -25.375 ], [ 125.625, -25.375 ], [ 125.625, -25.125 ], [ 124.625, -25.125 ], [ 124.625, -24.875 ], [ 122.875, -24.875 ] ] ] } },
{ "type": "Feature", "properties": { "cluster_id": 36, "cohesion": 8.4063454065380139, "distances": { "1": 28.163243571311234, "2": 20.804084485565433, "3": 35.16836782301341, "4": 36.0461205100077, "5": 28.04147260439481, "6": 19.37415794318051, "7": 30.95033216222448, "8": 32.79625982381021, "9": 35.63356850231748, "10": 30.84460515086452, "11": 28.33404018073526, "12": 24.357260183952445, "13": 28.73823098540748, "14": 28.477876264160432, "15": 25.58757071929047, "16": 28.39762761137044, "17": 26.28544323706171, "18": 25.355271987192623, "19": 29.638159081933658, "20": 29.48622958208492, "21": 26.37003327129807, "22": 28.73291749684914, "23": 27.385817394964153, "24": 29.93772967881523, "25": 30.05278656796689, "26": 25.721667505672787, "27": 24.210576107389635, "28": 28.33186457727858, "29": 27.970358969158045, "30": 27.60701537756233, "31": 26.78529676238645, "32": 29.767213118716022, "33": 23.27311641212424, "34": 28.09278236720025, "35": 29.255157426269125, "37": 12.422535545362807, "38": 16.322976416393143, "39": 13.071685891282884, "40": 20.334872274187738, "41": 24.7594995965402, "42": 29.7311173832621, "43": 26.417398425033177, "44": 29.008258355937485, "45": 25.61527675178695, "46": 21.174926866557133, "47": 17.59367745420075, "48": 21.22849555233581, "49": 27.48585718539616, "50": 29.308709320063482, "51": 27.076182314767127, "52": 29.70248096021697, "53": 28.652929334886863, "54": 28.85275925394233 } }, "geometry": { "type": "MultiPolygon", "coordinates": [ [ [ [ 150.375, -23.625 ], [ 150.375, -23.875 ], [ 150.625, -23.875 ], [ 150.625, -24.375 ], [ 150.375, -24.375 ], [ 150.375, -24.125 ], [ 150.125, -24.125 ], [ 150.125, -23.625 ], [ 150.375, -23.625 ] ] ], [ [ [ 149.875, -23.625 ], [ 149.875, -23.375 ], [ 149.125, -23.375 ], [ 149.125, -23.625 ], [ 147.875, -23.625 ], [ 147.875, -24.125 ], [ 147.375, -24.125 ], [ 147.375, -23.875 ], [ 147.125, -23.875 ], [ 147.125, -23.375 ], [ 146.875, -23.375 ], [ 146.875, -22.875 ], [ 146.625, -22.875 ], [ 146.625, -22.625 ], [ 146.375, -22.625 ], [ 146.375, -22.875 ], [ 146.125, -22.875 ], [ 146.125, -23.625 ], [ 146.375, -23.625 ], [ 146.375, -24.125 ], [ 145.625, -24.125 ], [ 145.625, -23.875 ], [ 145.125, -23.875 ], [ 145.125, -23.625 ], [ 144.875, -23.625 ], [ 144.875, -23.375 ], [ 144.625, -23.375 ], [ 144.625, -23.125 ], [ 143.875, -23.125 ], [ 143.875, -22.375 ], [ 143.625, -22.375 ], [ 143.625, -21.625 ], [ 143.875, -21.625 ], [ 143.875, -21.375 ], [ 144.375, -21.375 ], [ 144.375, -21.625 ], [ 144.875, -21.625 ], [ 144.875, -21.125 ], [ 144.625, -21.125 ], [ 144.625, -19.875 ], [ 146.125, -19.875 ], [ 146.125, -19.375 ], [ 146.625, -19.375 ], [ 146.625, -19.625 ], [ 146.875, -19.625 ], [ 146.875, -19.875 ], [ 147.125, -19.875 ], [ 147.125, -20.125 ], [ 147.375, -20.125 ], [ 147.375, -20.375 ], [ 147.625, -20.375 ], [ 147.625, -20.625 ], [ 147.875, -20.625 ], [ 147.875, -21.375 ], [ 148.875, -21.375 ], [ 148.875, -21.625 ], [ 149.125, -21.625 ], [ 149.125, -21.875 ], [ 149.625, -21.875 ], [ 149.625, -22.125 ], [ 149.875, -22.125 ], [ 149.875, -22.375 ], [ 150.125, -22.375 ], [ 150.125, -22.625 ], [ 150.375, -22.625 ], [ 150.375, -23.375 ], [ 150.125, -23.375 ], [ 150.125, -23.625 ], [ 149.875, -23.625 ] ] ] ] } },
{ "type": "Feature", "properties": { "cluster_id": 37, "cohesion": 9.6042127334415746, "distances": { "1": 24.021605192094587, "2": 16.638202219733365, "3": 32.64811600476694, "4": 34.97059004495443, "5": 27.656079902727125, "6": 20.310544031836276, "7": 32.30983225151964, "8": 32.84213883468814, "9": 35.7043930447887, "10": 31.589775914192728, "11": 26.984352303711002, "12": 24.33952701791755, "13": 30.592081170988934, "14": 28.761632820208618, "15": 25.94306334471232, "16": 29.992251427151388, "17": 30.572137390466246, "18": 29.418892586582952, "19": 32.153071512052676, "20": 32.63540497155177, "21": 23.819964814614234, "22": 27.850792103274625, "23": 25.491581804352915, "24": 29.67545533165857, "25": 30.855228621827226, "26": 24.545383186630357, "27": 24.147077600955832, "28": 29.27677859140253, "29": 31.0222140875356, "30": 31.229006193505494, "31": 28.6357563794219, "32": 31.69248049959352, "33": 25.20875075611649, "34": 30.361945723360215, "35": 31.197265206424586, "36": 12.422535545362805, "38": 15.723742735715646, "39": 17.203719881408926, "40": 21.603245993950047, "41": 26.363257412279662, "42": 29.027906759792714, "43": 24.836121606311092, "44": 29.02332920529737, "45": 29.263618652334234, "46": 24.369635638309227, "47": 22.659582731153016, "48": 24.50231516827761, "49": 30.66539195124773, "50": 31.559760902776894, "51": 28.71116016272267, "52": 31.994308572865485, "53": 31.592944803881476, "54": 31.398282629586028 } }, "geometry": { "type": "MultiPolygon", "coordinates": [ [ [ [ 150.625, -22.375 ], [ 150.875, -22.375 ], [ 150.875, -22.625 ], [ 151.125, -22.625 ], [ 151.125, -23.375 ], [ 151.375, -23.375 ], [ 151.375, -23.625 ], [ 151.875, -23.625 ], [ 151.875, -23.875 ], [ 152.125, -23.875 ], [ 152.125, -24.125 ], [ 152.375, -24.125 ], [ 152.375, -24.375 ], [ 151.625, -24.375 ], [ 151.625, -24.125 ], [ 150.875, -24.125 ], [ 150.875, -24.625 ], [ 150.625, -24.625 ], [ 150.625, -23.875 ], [ 150.375, -23.875 ], [ 150.375, -23.625 ], [ 150.125, -23.625 ], [ 150.125, -23.375 ], [ 150.375, -23.375 ], [ 150.375, -22.625 ], [ 150.125, -22.625 ], [ 150.125, -22.375 ], [ 149.875, -22.375 ], [ 149.875, -22.125 ], [ 150.625, -22.125 ], [ 150.625, -22.375 ] ] ], [ [ [ 149.625, -21.875 ], [ 149.125, -21.875 ], [ 149.125, -21.625 ], [ 148.875, -21.625 ], [ 148.875, -21.375 ], [ 147.875, -21.375 ], [ 147.875, -20.625 ], [ 147.625, -20.625 ], [ 147.625, -20.375 ], [ 148.125, -20.375 ], [ 148.125, -20.625 ], [ 148.375, -20.625 ], [ 148.375, -20.375 ], [ 148.625, -20.375 ], [ 148.625, -20.625 ], [ 148.875, -20.625 ], [ 148.875, -20.875 ], [ 149.375, -20.875 ], [ 149.375, -21.125 ], [ 149.625, -21.125 ], [ 149.625, -21.625 ], [ 149.875, -21.625 ], [ 149.875, -22.125 ], [ 149.625, -22.125 ], [ 149.625, -21.875 ] ] ], [ [ [ 144.125, -19.875 ], [ 144.625, -19.875 ], [ 144.625, -21.125 ], [ 144.875, -21.125 ], [ 144.875, -21.625 ], [ 144.375, -21.625 ], [ 144.375, -20.875 ], [ 144.125, -20.875 ], [ 144.125, -20.625 ], [ 143.875, -20.625 ], [ 143.875, -20.375 ], [ 143.625, -20.375 ], [ 143.625, -19.625 ], [ 144.125, -19.625 ], [ 144.125, -19.875 ] ] ], [ [ [ 147.375, -20.375 ], [ 147.375, -20.125 ], [ 147.625, -20.125 ], [ 147.625, -20.375 ], [ 147.375, -20.375 ] ] ], [ [ [ 146.875, -19.875 ], [ 146.875, -19.625 ], [ 146.625, -19.625 ], [ 146.625, -19.375 ], [ 146.125, -19.375 ], [ 146.125, -19.875 ], [ 145.875, -19.875 ], [ 145.875, -19.625 ], [ 145.625, -19.625 ], [ 145.625, -19.375 ], [ 145.375, -19.375 ], [ 145.375, -19.125 ], [ 145.125, -19.125 ], [ 145.125, -18.375 ], [ 145.375, -18.375 ], [ 145.375, -18.625 ], [ 145.875, -18.625 ], [ 145.875, -18.875 ], [ 146.125, -18.875 ], [ 146.125, -19.125 ], [ 146.875, -19.125 ], [ 146.875, -19.375 ], [ 147.125, -19.375 ], [ 147.125, -19.625 ], [ 147.375, -19.625 ], [ 147.375, -20.125 ], [ 147.125, -20.125 ], [ 147.125, -19.875 ], [ 146.875, -19.875 ] ] ] ] } },
{ "type": "Feature", "properties": { "cluster_id": 38, "cohesion": 6.6604437017141844, "distances": { "1": 27.896593497831955, "2": 23.152398982756342, "3": 32.25257091114055, "4": 33.289730298351714, "5": 26.828527516986746, "6": 21.16694319129921, "7": 30.305725758317887, "8": 31.644947387914897, "9": 33.37533325015429, "10": 30.458439550715365, "11": 26.729376462403746, "12": 23.91615955718022, "13": 29.047899285887986, "14": 28.989922935231995, "15": 28.387289106410574, "16": 32.398644314797444, "17": 28.49887118616774, "18": 25.569332169642635, "19": 31.432187952461174, "20": 32.78272753635268, "21": 24.990066890637838, "22": 28.796747772785384, "23": 27.03541375896958, "24": 32.12043414722166, "25": 31.90865491861434, "26": 26.983441126648692, "27": 27.215500202484474, "28": 31.565127325465056, "29": 30.500009104435293, "30": 31.544631009309327, "31": 30.942996408524046, "32": 32.70828731834574, "33": 25.394780097108093, "34": 30.592240420895866, "35": 31.36825679727416, "36": 16.322976416393146, "37": 15.723742735715648, "39": 14.537397921660824, "40": 11.747838578593797, "41": 19.985353595024442, "42": 27.397055564131197, "43": 23.762762970705346, "44": 24.567277879770515, "45": 27.80415054276045, "46": 16.692875579924124, "47": 19.481625019880376, "48": 22.694957629271414, "49": 28.92811395208716, "50": 29.42786797564913, "51": 28.480045568363746, "52": 30.528518367089898, "53": 30.4294403254047, "54": 30.839602019449146 } }, "geometry": { "type": "Polygon", "coordinates": [ [ [ 150.875, -24.125 ], [ 150.875, -24.625 ], [ 151.375, -24.625 ], [ 151.375, -24.875 ], [ 151.625, -24.875 ], [ 151.625, -25.875 ], [ 151.375, -25.875 ], [ 151.375, -26.625 ], [ 151.875, -26.625 ], [ 151.875, -26.375 ], [ 152.875, -26.375 ], [ 152.875, -26.625 ], [ 153.125, -26.625 ], [ 153.125, -28.125 ], [ 153.375, -28.125 ], [ 153.375, -27.625 ], [ 153.625, -27.625 ], [ 153.625, -26.375 ], [ 153.375, -26.375 ], [ 153.375, -26.125 ], [ 153.625, -26.125 ], [ 153.625, -25.875 ], [ 153.375, -25.875 ], [ 153.375, -25.375 ], [ 153.125, -25.375 ], [ 153.125, -25.125 ], [ 152.875, -25.125 ], [ 152.875, -24.875 ], [ 152.625, -24.875 ], [ 152.625, -24.625 ], [ 152.375, -24.625 ], [ 152.375, -24.375 ], [ 151.625, -24.375 ], [ 151.625, -24.125 ], [ 150.875, -24.125 ] ] ] } },
{ "type": "Feature", "properties": { "cluster_id": 39, "cohesion": 10.331634366266803, "distances": { "1": 28.859870577721946, "2": 23.548647498758385, "3": 32.7890788110939, "4": 32.30766000257628, "5": 24.46627047217912, "6": 16.84088642383533, "7": 26.94962463743764, "8": 29.70484494926942, "9": 31.190438781453377, "10": 28.474214548028783, "11": 26.578346282238662, "12": 23.72087438374839, "13": 30.39528229172224, "14": 31.259664628455678, "15": 30.00757352908569, "16": 32.83645059378469, "17": 26.816748009573686, "18": 25.266337507384517, "19": 31.99467070053024, "20": 32.203628921572026, "21": 28.126167823444142, "22": 31.084119784692028, "23": 29.764213359018907, "24": 33.80957391930841, "25": 32.844606174118965, "26": 29.338005123426036, "27": 28.811605794907845, "28": 32.405633355693745, "29": 28.64599025010958, "30": 29.720132976984488, "31": 30.8893137924297, "32": 32.74756585287094, "33": 25.45561959290542, "34": 29.589987669169577, "35": 31.31783925843794, "36": 13.071685891282884, "37": 17.203719881408922, "38": 14.537397921660824, "40": 16.746977415562352, "41": 22.391333743642146, "42": 30.327723458206798, "43": 26.78669387644235, "44": 27.297109430260097, "45": 25.15612282483172, "46": 18.792198739575785, "47": 16.872589473520765, "48": 17.765585656101315, "49": 25.56445272454167, "50": 25.97182105007467, "51": 26.924568123987353, "52": 27.127918461667793, "53": 27.471781420672176, "54": 28.654952026394486 } }, "geometry": { "type": "Polygon", "coordinates": [ [ [ 143.375, -22.375 ], [ 143.375, -22.875 ], [ 143.125, -22.875 ], [ 143.125, -23.125 ], [ 142.875, -23.125 ], [ 142.875, -23.375 ], [ 143.125, -23.375 ], [ 143.125, -23.625 ], [ 143.375, -23.625 ], [ 143.375, -23.875 ], [ 143.625, -23.875 ], [ 143.625, -24.125 ], [ 143.875, -24.125 ], [ 143.875, -24.625 ], [ 144.125, -24.625 ], [ 144.125, -25.125 ], [ 146.125, -25.125 ], [ 146.125, -25.375 ], [ 146.375, -25.375 ], [ 146.375, -25.125 ], [ 148.125, -25.125 ], [ 148.125, -25.375 ], [ 148.375, -25.375 ], [ 148.375, -25.625 ], [ 149.125, -25.625 ], [ 149.125, -25.875 ], [ 148.875, -25.875 ], [ 148.875, -26.125 ], [ 149.125, -26.125 ], [ 149.125, -26.375 ], [ 151.125, -26.375 ], [ 151.125, -26.625 ], [ 151.375, -26.625 ], [ 151.375, -25.875 ], [ 151.625, -25.875 ], [ 151.625, -24.875 ], [ 151.375, -24.875 ], [ 151.375, -24.625 ], [ 150.625, -24.625 ], [ 150.625, -24.375 ], [ 150.375, -24.375 ], [ 150.375, -24.125 ], [ 150.125, -24.125 ], [ 150.125, -23.625 ], [ 149.875, -23.625 ], [ 149.875, -23.375 ], [ 149.125, -23.375 ], [ 149.125, -23.625 ], [ 147.875, -23.625 ], [ 147.875, -24.125 ], [ 147.375, -24.125 ], [ 147.375, -23.875 ], [ 147.125, -23.875 ], [ 147.125, -23.375 ], [ 146.875, -23.375 ], [ 146.875, -22.875 ], [ 146.625, -22.875 ], [ 146.625, -22.625 ], [ 146.375, -22.625 ], [ 146.375, -22.875 ], [ 146.125, -22.875 ], [ 146.125, -23.625 ], [ 146.375, -23.625 ], [ 146.375, -24.125 ], [ 145.625, -24.125 ], [ 145.625, -23.875 ], [ 145.125, -23.875 ], [ 145.125, -23.625 ], [ 144.875, -23.625 ], [ 144.875, -23.375 ], [ 144.625, -23.375 ], [ 144.625, -23.125 ], [ 143.875, -23.125 ], [ 143.875, -22.375 ], [ 143.375, -22.375 ] ] ] } },
{ "type": "Feature", "properties": { "cluster_id": 40, "cohesion": 8.1378678342155606, "distances": { "1": 29.27985483333273, "2": 26.152430377406017, "3": 31.586811621610963, "4": 31.497950204185585, "5": 26.339527519249035, "6": 22.295174538276584, "7": 27.34806188934571, "8": 29.122490470239068, "9": 30.649121939006267, "10": 27.34937075430187, "11": 25.892858933384353, "12": 23.02883138514081, "13": 25.785818609363076, "14": 27.805663725587113, "15": 29.51115964131279, "16": 33.07889811635926, "17": 25.800938051698473, "18": 21.982974538647788, "19": 28.839231885892897, "20": 31.018531645759072, "21": 26.154041653279034, "22": 30.65245705790645, "23": 28.9897252293049, "24": 34.546022412771265, "25": 33.10062128253775, "26": 29.56223761941926, "27": 29.86208476907819, "28": 33.77458956807212, "29": 28.821450263226524, "30": 30.28889994077644, "31": 32.402299502032804, "32": 33.42417676844418, "33": 25.26624481938671, "34": 29.29932961225925, "35": 31.262751035311037, "36": 20.33487227418774, "37": 21.603245993950047, "38": 11.747838578593793, "39": 16.746977415562352, "41": 14.24685417960222, "42": 24.6797958360684, "43": 22.120283175390004, "44": 19.751521127390426, "45": 25.868596423742467, "46": 13.292457462157511, "47": 19.071179379895042, "48": 21.585254655708926, "49": 26.25853181819506, "50": 26.456788595907835, "51": 25.79546081374472, "52": 27.057234739157767, "53": 27.357771595883055, "54": 27.94808293215547 } }, "geometry": { "type": "MultiPolygon", "coordinates": [ [ [ [ 152.875, -31.125 ], [ 152.625, -31.125 ], [ 152.625, -30.875 ], [ 152.875, -30.875 ], [ 152.875, -31.125 ] ] ], [ [ [ 151.625, -30.125 ], [ 151.375, -30.125 ], [ 151.375, -29.875 ], [ 151.625, -29.875 ], [ 151.625, -30.125 ] ] ], [ [ [ 151.625, -29.875 ], [ 151.625, -29.375 ], [ 151.875, -29.375 ], [ 151.875, -29.875 ], [ 151.625, -29.875 ] ] ], [ [ [ 151.625, -26.875 ], [ 151.625, -26.625 ], [ 151.875, -26.625 ], [ 151.875, -26.375 ], [ 152.875, -26.375 ], [ 152.875, -26.625 ], [ 153.125, -26.625 ], [ 153.125, -28.125 ], [ 153.375, -28.125 ], [ 153.375, -27.625 ], [ 153.875, -27.625 ], [ 153.875, -29.125 ], [ 153.625, -29.125 ], [ 153.625, -30.125 ], [ 153.125, -30.125 ], [ 153.125, -30.375 ], [ 152.625, -30.375 ], [ 152.625, -29.625 ], [ 152.875, -29.625 ], [ 152.875, -29.125 ], [ 153.125, -29.125 ], [ 153.125, -28.875 ], [ 153.375, -28.875 ], [ 153.375, -28.375 ], [ 152.375, -28.375 ], [ 152.375, -28.625 ], [ 152.125, -28.625 ], [ 152.125, -29.375 ], [ 151.875, -29.375 ], [ 151.875, -26.875 ], [ 151.625, -26.875 ] ] ] ] } },
{ "type": "Feature", "properties": { "cluster_id": 41, "cohesion": 10.979342820573718, "distances": { "1": 30.725440396193086, "2": 28.630018261749157, "3": 32.71734891264318, "4": 32.40126553648716, "5": 28.966340378906995, "6": 26.23644655334242, "7": 27.935520526927874, "8": 28.88915266293937, "9": 31.329194294173952, "10": 25.906564141720036, "11": 27.060203846565177, "12": 23.816429479247045, "13": 20.626788333824454, "14": 24.622092378407114, "15": 29.17874126988961, "16": 32.43729706329661, "17": 25.511222662424863, "18": 20.32492373071325, "19": 24.92317444274211, "20": 29.135982575104396, "21": 27.926783532732603, "22": 32.998735996552746, "23": 31.423175055343005, "24": 36.64175529021097, "25": 34.54713940938976, "26": 32.14664885773794, "27": 31.734154594115203, "28": 35.71607110005285, "29": 28.772052376752775, "30": 30.18968501960447, "31": 33.44846655119407, "32": 34.33107967551609, "33": 25.7326578428452, "34": 28.513187868893393, "35": 31.655219946949355, "36": 24.759499596540195, "37": 26.363257412279655, "38": 19.985353595024442, "39": 22.391333743642143, "40": 14.24685417960222, "42": 19.585312086831603, "43": 19.491018546537354, "44": 14.023981299928195, "45": 27.318267197451647, "46": 16.392079622161756, "47": 22.36820119884304, "48": 24.884130417371406, "49": 27.220556784133358, "50": 27.384296638933392, "51": 23.961253207398173, "52": 26.015273372063263, "53": 26.3359025980329, "54": 26.073498469369188 } }, "geometry": { "type": "MultiPolygon", "coordinates": [ [ [ [ 148.625, -36.625 ], [ 149.125, -36.625 ], [ 149.125, -36.375 ], [ 149.625, -36.375 ], [ 149.625, -36.625 ], [ 149.375, -36.625 ], [ 149.375, -36.875 ], [ 149.125, -36.875 ], [ 149.125, -37.375 ], [ 148.875, -37.375 ], [ 148.875, -37.625 ], [ 148.625, -37.625 ], [ 148.625, -36.625 ] ] ], [ [ [ 149.875, -36.125 ], [ 149.875, -35.875 ], [ 150.125, -35.875 ], [ 150.125, -35.625 ], [ 150.375, -35.625 ], [ 150.375, -35.375 ], [ 150.625, -35.375 ], [ 150.625, -36.375 ], [ 150.375, -36.375 ], [ 150.375, -37.375 ], [ 150.125, -37.375 ], [ 150.125, -37.625 ], [ 149.875, -37.625 ], [ 149.875, -37.875 ], [ 149.625, -37.875 ], [ 149.625, -38.125 ], [ 148.625, -38.125 ], [ 148.625, -37.875 ], [ 148.875, -37.875 ], [ 148.875, -37.625 ], [ 149.375, -37.625 ], [ 149.375, -37.375 ], [ 149.625, -37.375 ], [ 149.625, -36.875 ], [ 149.875, -36.875 ], [ 149.875, -36.375 ], [ 149.625, -36.375 ], [ 149.625, -36.125 ], [ 149.875, -36.125 ] ] ], [ [ [ 150.625, -35.375 ], [ 150.625, -35.125 ], [ 150.875, -35.125 ], [ 150.875, -35.375 ], [ 150.625, -35.375 ] ] ], [ [ [ 150.625, -34.125 ], [ 150.625, -33.875 ], [ 150.375, -33.875 ], [ 150.375, -33.625 ], [ 150.625, -33.625 ], [ 150.625, -33.125 ], [ 150.375, -33.125 ], [ 150.375, -33.375 ], [ 150.125, -33.375 ], [ 150.125, -33.625 ], [ 149.875, -33.625 ], [ 149.875, -34.125 ], [ 149.625, -34.125 ], [ 149.625, -34.875 ], [ 149.375, -34.875 ], [ 149.375, -35.125 ], [ 148.875, -35.125 ], [ 148.875, -35.375 ], [ 148.625, -35.375 ], [ 148.625, -35.625 ], [ 148.375, -35.625 ], [ 148.375, -35.375 ], [ 148.125, -35.375 ], [ 148.125, -35.125 ], [ 147.875, -35.125 ], [ 147.875, -34.875 ], [ 148.625, -34.875 ], [ 148.625, -34.625 ], [ 148.875, -34.625 ], [ 148.875, -34.375 ], [ 149.125, -34.375 ], [ 149.125, -33.375 ], [ 148.875, -33.375 ], [ 148.875, -33.125 ], [ 149.375, -33.125 ], [ 149.375, -32.875 ], [ 149.625, -32.875 ], [ 149.625, -32.375 ], [ 149.875, -32.375 ], [ 149.875, -31.875 ], [ 150.625, -31.875 ], [ 150.625, -31.625 ], [ 150.875, -31.625 ], [ 150.875, -31.375 ], [ 151.375, -31.375 ], [ 151.375, -30.625 ], [ 151.625, -30.625 ], [ 151.625, -29.875 ], [ 151.875, -29.875 ], [ 151.875, -29.375 ], [ 152.125, -29.375 ], [ 152.125, -28.625 ], [ 152.375, -28.625 ], [ 152.375, -28.375 ], [ 153.375, -28.375 ], [ 153.375, -28.875 ], [ 153.125, -28.875 ], [ 153.125, -29.125 ], [ 152.875, -29.125 ], [ 152.875, -29.625 ], [ 152.625, -29.625 ], [ 152.625, -30.375 ], [ 153.125, -30.375 ], [ 153.125, -30.125 ], [ 153.375, -30.125 ], [ 153.375, -31.375 ], [ 153.125, -31.375 ], [ 153.125, -31.875 ], [ 152.875, -31.875 ], [ 152.875, -32.375 ], [ 152.625, -32.375 ], [ 152.625, -32.625 ], [ 152.375, -32.625 ], [ 152.375, -32.875 ], [ 152.125, -32.875 ], [ 152.125, -33.125 ], [ 151.875, -33.125 ], [ 151.875, -33.375 ], [ 151.625, -33.375 ], [ 151.625, -34.125 ], [ 151.375, -34.125 ], [ 151.375, -34.375 ], [ 151.125, -34.375 ], [ 151.125, -35.125 ], [ 150.875, -35.125 ], [ 150.875, -34.125 ], [ 150.625, -34.125 ] ], [ [ 152.875, -31.125 ], [ 152.875, -30.875 ], [ 152.625, -30.875 ], [ 152.625, -31.125 ], [ 152.875, -31.125 ] ], [ [ 151.875, -32.625 ], [ 151.875, -32.125 ], [ 151.375, -32.125 ], [ 151.375, -32.625 ], [ 151.875, -32.625 ] ] ] ] } },
{ "type": "Feature", "properties": { "cluster_id": 42, "cohesion": 8.467567179143936, "distances": { "1": 28.456836209683093, "2": 27.720771496436814, "3": 34.08595829155131, "4": 36.32309733894967, "5": 34.742020234556584, "6": 32.593431620969525, "7": 35.94335054138228, "8": 33.20327389448038, "9": 37.876980068310075, "10": 29.767717558171444, "11": 30.07582909184057, "12": 28.21847356619799, "13": 18.047148669543112, "14": 16.29657032386079, "15": 25.817565041874232, "16": 31.138720384454846, "17": 32.82748451679253, "18": 27.223814001491856, "19": 23.389153429986944, "20": 31.40150758015498, "21": 28.56603404399885, "22": 37.22091572491462, "23": 33.94561245513801, "24": 39.40859333110536, "25": 39.13801741980611, "26": 34.19183301599686, "27": 32.30913049945157, "28": 38.86009684084004, "29": 35.89745446831007, "30": 35.63356426084921, "31": 35.81796666628157, "32": 38.94812387494432, "33": 29.46441354221019, "34": 32.9663770966124, "35": 36.84202754976581, "36": 29.7311173832621, "37": 29.027906759792714, "38": 27.397055564131197, "39": 30.327723458206794, "40": 24.6797958360684, "41": 19.585312086831603, "43": 14.35211834124479, "44": 14.098429416758472, "45": 35.863422654503104, "46": 27.476077170771617, "47": 30.85158483973304, "48": 33.9867189919843, "49": 36.56155509544458, "50": 36.75463392692573, "51": 27.318634856826023, "52": 33.24001061730407, "53": 34.06833714531741, "54": 31.259501266665456 } }, "geometry": { "type": "Polygon", "coordinates": [ [ [ 149.125, -35.375 ], [ 149.125, -35.625 ], [ 148.375, -35.625 ], [ 148.375, -36.375 ], [ 148.125, -36.375 ], [ 148.125, -36.625 ], [ 147.625, -36.625 ], [ 147.625, -36.875 ], [ 146.875, -36.875 ], [ 146.875, -37.125 ], [ 146.375, -37.125 ], [ 146.375, -37.375 ], [ 146.125, -37.375 ], [ 146.125, -37.625 ], [ 144.875, -37.625 ], [ 144.875, -37.375 ], [ 144.125, -37.375 ], [ 144.125, -37.625 ], [ 142.125, -37.625 ], [ 142.125, -37.875 ], [ 141.625, -37.875 ], [ 141.625, -38.125 ], [ 140.625, -38.125 ], [ 140.625, -38.375 ], [ 141.125, -38.375 ], [ 141.125, -38.625 ], [ 142.625, -38.625 ], [ 142.625, -38.875 ], [ 143.125, -38.875 ], [ 143.125, -39.125 ], [ 143.875, -39.125 ], [ 143.875, -38.875 ], [ 144.125, -38.875 ], [ 144.125, -38.625 ], [ 144.375, -38.625 ], [ 144.375, -38.375 ], [ 145.125, -38.375 ], [ 145.125, -38.625 ], [ 145.375, -38.625 ], [ 145.375, -38.875 ], [ 146.375, -38.875 ], [ 146.375, -38.625 ], [ 145.625, -38.625 ], [ 145.625, -38.375 ], [ 145.875, -38.375 ], [ 145.875, -38.125 ], [ 146.125, -38.125 ], [ 146.125, -37.875 ], [ 147.125, -37.875 ], [ 147.125, -37.625 ], [ 148.625, -37.625 ], [ 148.625, -36.625 ], [ 148.875, -36.625 ], [ 148.875, -36.375 ], [ 149.375, -36.375 ], [ 149.375, -35.875 ], [ 149.625, -35.875 ], [ 149.625, -35.375 ], [ 149.125, -35.375 ] ] ] } },
{ "type": "Feature", "properties": { "cluster_id": 43, "cohesion": 6.8898779192984287, "distances": { "1": 24.777229904039437, "2": 23.491696109731276, "3": 30.65339929147799, "4": 32.71227550240978, "5": 29.817856472114055, "6": 27.49235277075915, "7": 31.077956868651967, "8": 30.301327264181296, "9": 33.25180869972176, "10": 27.438541404252845, "11": 26.324121863398403, "12": 24.441967906668896, "13": 22.368957300303272, "14": 21.816926577980727, "15": 26.6982625570379, "16": 30.93439249599289, "17": 31.833302169295578, "18": 28.585336095054387, "19": 27.172253360952936, "20": 31.551398325891274, "21": 23.537129207339987, "22": 30.570488074093568, "23": 27.871470114263797, "24": 34.10789120847117, "25": 33.52596648315291, "26": 29.3543249579886, "27": 29.425175137199293, "28": 34.43656756101567, "29": 31.46547533715789, "30": 32.882897418677985, "31": 32.72416057387652, "32": 34.371580313334746, "33": 26.288711754008514, "34": 29.286456637073034, "35": 32.08794984380896, "36": 26.41739842503318, "37": 24.836121606311092, "38": 23.762762970705346, "39": 26.786693876442353, "40": 22.120283175390004, "41": 19.491018546537358, "42": 14.352118341244793, "44": 14.710511629105929, "45": 31.606904379600167, "46": 26.40436329839041, "47": 28.881303394153118, "48": 28.94033770105104, "49": 31.340278436089914, "50": 31.28902399862061, "51": 24.962133236425334, "52": 29.49290691255366, "53": 30.00051375794148, "54": 28.11164109968001 } }, "geometry": { "type": "Polygon", "coordinates": [ [ [ 144.875, -40.375 ], [ 144.875, -40.625 ], [ 144.625, -40.625 ], [ 144.625, -40.875 ], [ 144.375, -40.875 ], [ 144.375, -41.375 ], [ 144.625, -41.375 ], [ 144.625, -41.875 ], [ 144.875, -41.875 ], [ 144.875, -42.125 ], [ 145.125, -42.125 ], [ 145.125, -42.375 ], [ 144.875, -42.375 ], [ 144.875, -42.625 ], [ 145.125, -42.625 ], [ 145.125, -42.875 ], [ 145.375, -42.875 ], [ 145.375, -43.125 ], [ 145.625, -43.125 ], [ 145.625, -43.375 ], [ 145.875, -43.375 ], [ 145.875, -43.625 ], [ 147.125, -43.625 ], [ 147.125, -43.375 ], [ 147.375, -43.375 ], [ 147.375, -43.125 ], [ 147.875, -43.125 ], [ 147.875, -42.875 ], [ 148.125, -42.875 ], [ 148.125, -42.625 ], [ 148.375, -42.625 ], [ 148.375, -42.125 ], [ 148.625, -42.125 ], [ 148.625, -40.875 ], [ 148.375, -40.875 ], [ 148.375, -40.625 ], [ 148.125, -40.625 ], [ 148.125, -40.375 ], [ 147.875, -40.375 ], [ 147.875, -40.625 ], [ 146.625, -40.625 ], [ 146.625, -40.875 ], [ 146.125, -40.875 ], [ 146.125, -40.625 ], [ 145.125, -40.625 ], [ 145.125, -40.375 ], [ 144.875, -40.375 ] ] ] } },
{ "type": "Feature", "properties": { "cluster_id": 44, "cohesion": 8.7801626880048129, "distances": { "1": 27.935062691255126, "2": 27.875686180317317, "3": 29.760571667132766, "4": 30.30474689445778, "5": 28.97028565541585, "6": 28.38077578713309, "7": 29.161332002902604, "8": 27.53247764461429, "9": 30.625904939997433, "10": 24.76028150576787, "11": 25.941965327626157, "12": 24.487487667360575, "13": 21.576445813560067, "14": 23.950457048079514, "15": 31.08840949049775, "16": 35.2138931370366, "17": 31.973181547424517, "18": 26.646907824624552, "19": 27.38298905609825, "20": 33.323023402536094, "21": 27.965983217933704, "22": 35.24413034499658, "23": 32.78152162061497, "24": 39.40333359949481, "25": 37.6724716075089, "26": 34.67056801238163, "27": 34.79094443471501, "28": 39.544099981686585, "29": 33.13675948716938, "30": 35.35578774088813, "31": 37.412746889809036, "32": 38.29907097901864, "33": 28.869894031932247, "34": 31.05659395713616, "35": 35.04832659063743, "36": 29.008258355937475, "37": 29.02332920529737, "38": 24.567277879770515, "39": 27.297109430260093, "40": 19.751521127390426, "41": 14.023981299928195, "42": 14.098429416758472, "43": 14.71051162910593, "45": 33.15849012269342, "46": 24.14690955163937, "47": 29.34887045199965, "48": 29.6155406045787, "49": 31.93274725236553, "50": 30.520249132073754, "51": 24.5481246308517, "52": 27.670906218459166, "53": 29.550411031245808, "54": 28.135385459222682 } }, "geometry": { "type": "MultiPolygon", "coordinates": [ [ [ [ 148.625, -37.875 ], [ 148.625, -38.125 ], [ 148.125, -38.125 ], [ 148.125, -38.375 ], [ 147.375, -38.375 ], [ 147.375, -38.625 ], [ 147.125, -38.625 ], [ 147.125, -38.875 ], [ 146.625, -38.875 ], [ 146.625, -39.125 ], [ 145.875, -39.125 ], [ 145.875, -38.875 ], [ 146.375, -38.875 ], [ 146.375, -38.625 ], [ 145.625, -38.625 ], [ 145.625, -38.375 ], [ 145.875, -38.375 ], [ 145.875, -38.125 ], [ 146.125, -38.125 ], [ 146.125, -37.875 ], [ 147.125, -37.875 ], [ 147.125, -37.625 ], [ 148.875, -37.625 ], [ 148.875, -37.875 ], [ 148.625, -37.875 ] ] ], [ [ [ 149.125, -37.375 ], [ 149.125, -36.875 ], [ 149.375, -36.875 ], [ 149.375, -36.625 ], [ 149.625, -36.625 ], [ 149.625, -36.375 ], [ 149.875, -36.375 ], [ 149.875, -36.875 ], [ 149.625, -36.875 ], [ 149.625, -37.375 ], [ 149.375, -37.375 ], [ 149.375, -37.625 ], [ 148.875, -37.625 ], [ 148.875, -37.375 ], [ 149.125, -37.375 ] ] ], [ [ [ 150.625, -33.625 ], [ 150.375, -33.625 ], [ 150.375, -33.875 ], [ 150.625, -33.875 ], [ 150.625, -34.125 ], [ 150.875, -34.125 ], [ 150.875, -35.125 ], [ 150.625, -35.125 ], [ 150.625, -35.375 ], [ 150.375, -35.375 ], [ 150.375, -35.625 ], [ 150.125, -35.625 ], [ 150.125, -35.875 ], [ 149.875, -35.875 ], [ 149.875, -36.125 ], [ 149.625, -36.125 ], [ 149.625, -36.375 ], [ 149.375, -36.375 ], [ 149.375, -35.875 ], [ 149.625, -35.875 ], [ 149.625, -35.375 ], [ 149.125, -35.375 ], [ 149.125, -35.625 ], [ 148.625, -35.625 ], [ 148.625, -35.375 ], [ 148.875, -35.375 ], [ 148.875, -35.125 ], [ 149.375, -35.125 ], [ 149.375, -34.875 ], [ 149.625, -34.875 ], [ 149.625, -34.125 ], [ 149.875, -34.125 ], [ 149.875, -33.625 ], [ 150.125, -33.625 ], [ 150.125, -33.375 ], [ 150.375, -33.375 ], [ 150.375, -33.125 ], [ 150.625, -33.125 ], [ 150.625, -33.625 ] ] ], [ [ [ 151.875, -32.625 ], [ 151.375, -32.625 ], [ 151.375, -32.125 ], [ 151.875, -32.125 ], [ 151.875, -32.625 ] ] ] ] } },
{ "type": "Feature", "properties": { "cluster_id": 45, "cohesion": 9.5002088092882513, "distances": { "1": 40.4856341025688, "2": 35.18754484792233, "3": 45.03543033735628, "4": 43.62595580121009, "5": 35.72454515629438, "6": 28.72159500134221, "7": 29.163556330668015, "8": 38.20484368151097, "9": 37.81406417384873, "10": 34.18690740661264, "11": 36.59806795820406, "12": 30.630828253557535, "13": 28.5012488505061, "14": 33.13699113047553, "15": 30.040403054763267, "16": 28.380563638983798, "17": 14.499067836058805, "18": 21.558562246626604, "19": 27.670132268004686, "20": 22.076907115777054, "21": 33.26238764717641, "22": 31.894344588772917, "23": 32.67620605753509, "24": 32.36570172758071, "25": 29.69948812691297, "26": 30.250700925083013, "27": 28.391666960013854, "28": 27.807459756817764, "29": 17.325069366588135, "30": 15.470858302707764, "31": 25.061233522670125, "32": 25.438919597564635, "33": 25.255614690837, "34": 26.201492744463835, "35": 26.347664451398682, "36": 25.61527675178695, "37": 29.263618652334234, "38": 27.804150542760443, "39": 25.15612282483172, "40": 25.868596423742474, "41": 27.318267197451643, "42": 35.863422654503104, "43": 31.606904379600167, "44": 33.158490122693415, "46": 21.961376007551667, "47": 19.383102128743264, "48": 17.473156037059546, "49": 13.043693755617216, "50": 21.228988361195206, "51": 28.213290696187098, "52": 25.82470944395651, "53": 20.357009124567085, "54": 24.120132171148303 } }, "geometry": { "type": "MultiPolygon", "coordinates": [ [ [ [ 135.875, -23.375 ], [ 135.875, -23.625 ], [ 136.375, -23.625 ], [ 136.375, -23.875 ], [ 136.625, -23.875 ], [ 136.625, -24.125 ], [ 137.125, -24.125 ], [ 137.125, -24.375 ], [ 137.375, -24.375 ], [ 137.375, -24.625 ], [ 137.875, -24.625 ], [ 137.875, -24.875 ], [ 138.625, -24.875 ], [ 138.625, -25.125 ], [ 138.875, -25.125 ], [ 138.875, -25.375 ], [ 139.625, -25.375 ], [ 139.625, -25.875 ], [ 140.125, -25.875 ], [ 140.125, -25.625 ], [ 140.375, -25.625 ], [ 140.375, -25.375 ], [ 140.125, -25.375 ], [ 140.125, -25.125 ], [ 139.875, -25.125 ], [ 139.875, -24.625 ], [ 140.625, -24.625 ], [ 140.625, -24.875 ], [ 140.875, -24.875 ], [ 140.875, -25.125 ], [ 141.375, -25.125 ], [ 141.375, -25.375 ], [ 141.625, -25.375 ], [ 141.625, -25.625 ], [ 141.875, -25.625 ], [ 141.875, -25.375 ], [ 142.125, -25.375 ], [ 142.125, -25.625 ], [ 142.375, -25.625 ], [ 142.375, -26.125 ], [ 142.625, -26.125 ], [ 142.625, -26.375 ], [ 143.125, -26.375 ], [ 143.125, -26.125 ], [ 143.625, -26.125 ], [ 143.625, -26.375 ], [ 143.875, -26.375 ], [ 143.875, -26.625 ], [ 144.375, -26.625 ], [ 144.375, -26.875 ], [ 145.125, -26.875 ], [ 145.125, -27.375 ], [ 144.625, -27.375 ], [ 144.625, -28.375 ], [ 144.375, -28.375 ], [ 144.375, -28.625 ], [ 143.625, -28.625 ], [ 143.625, -28.875 ], [ 143.375, -28.875 ], [ 143.375, -28.625 ], [ 143.125, -28.625 ], [ 143.125, -28.125 ], [ 142.625, -28.125 ], [ 142.625, -28.375 ], [ 142.125, -28.375 ], [ 142.125, -28.625 ], [ 141.625, -28.625 ], [ 141.625, -28.375 ], [ 140.375, -28.375 ], [ 140.375, -27.625 ], [ 140.125, -27.625 ], [ 140.125, -27.375 ], [ 139.875, -27.375 ], [ 139.875, -27.125 ], [ 139.375, -27.125 ], [ 139.375, -27.375 ], [ 138.625, -27.375 ], [ 138.625, -27.125 ], [ 138.375, -27.125 ], [ 138.375, -27.375 ], [ 137.875, -27.375 ], [ 137.875, -27.125 ], [ 137.625, -27.125 ], [ 137.625, -26.875 ], [ 137.375, -26.875 ], [ 137.375, -26.625 ], [ 137.125, -26.625 ], [ 137.125, -26.125 ], [ 136.875, -26.125 ], [ 136.875, -25.875 ], [ 136.625, -25.875 ], [ 136.625, -25.625 ], [ 136.125, -25.625 ], [ 136.125, -25.375 ], [ 135.875, -25.375 ], [ 135.875, -25.125 ], [ 135.625, -25.125 ], [ 135.625, -24.875 ], [ 134.625, -24.875 ], [ 134.625, -24.625 ], [ 134.375, -24.625 ], [ 134.375, -24.375 ], [ 134.125, -24.375 ], [ 134.125, -24.125 ], [ 134.375, -24.125 ], [ 134.375, -23.875 ], [ 134.625, -23.875 ], [ 134.625, -23.625 ], [ 134.375, -23.625 ], [ 134.375, -23.375 ], [ 135.875, -23.375 ] ] ], [ [ [ 133.875, -23.625 ], [ 133.875, -23.875 ], [ 133.625, -23.875 ], [ 133.625, -23.625 ], [ 133.875, -23.625 ] ] ] ] } },
{ "type": "Feature", "properties": { "cluster_id": 46, "cohesion": 8.0389811992048568, "distances": { "1": 35.74154017752372, "2": 31.21571886344514, "3": 39.49300709325066, "4": 39.041748335841824, "5": 32.94086535014202, "6": 27.037581505825013, "7": 31.356135591863758, "8": 35.228409714351024, "9": 36.7865790645148, "10": 32.07339142383833, "11": 32.47960967435037, "12": 27.71370334128112, "13": 23.463390657276904, "14": 27.2285289355075, "15": 28.00925300586607, "16": 30.402101075398136, "17": 19.185276653398294, "18": 15.11317277320655, "19": 24.972606032705947, "20": 26.37611459412494, "21": 30.39924755302188, "22": 32.85466143416396, "23": 32.121785607012974, "24": 34.888532749872745, "25": 33.1825222762387, "26": 30.543002705552198, "27": 28.88846470317795, "28": 32.203425910055714, "29": 26.95670592488368, "30": 25.78874708422504, "31": 29.836876482943826, "32": 31.608302285167344, "33": 24.685218885707172, "34": 29.188236786140717, "35": 30.519711594211675, "36": 21.174926866557126, "37": 24.36963563830923, "38": 16.692875579924117, "39": 18.792198739575785, "40": 13.29245746215751, "41": 16.392079622161756, "42": 27.476077170771617, "43": 26.404363298390408, "44": 24.146909551639375, "45": 21.961376007551667, "47": 13.855731449284502, "48": 21.785286366880577, "49": 24.886758411898988, "50": 28.083706490914274, "51": 27.870480961497787, "52": 29.303358116973428, "53": 27.39134122656342, "54": 28.26396543449348 } }, "geometry": { "type": "MultiPolygon", "coordinates": [ [ [ [ 151.875, -26.875 ], [ 151.875, -29.375 ], [ 151.625, -29.375 ], [ 151.625, -29.875 ], [ 151.375, -29.875 ], [ 151.375, -30.125 ], [ 151.625, -30.125 ], [ 151.625, -30.625 ], [ 151.375, -30.625 ], [ 151.375, -31.375 ], [ 150.875, -31.375 ], [ 150.875, -31.625 ], [ 150.625, -31.625 ], [ 150.625, -31.875 ], [ 149.875, -31.875 ], [ 149.875, -32.375 ], [ 149.625, -32.375 ], [ 149.625, -32.875 ], [ 149.375, -32.875 ], [ 149.375, -33.125 ], [ 148.625, -33.125 ], [ 148.625, -32.875 ], [ 148.375, -32.875 ], [ 148.375, -31.625 ], [ 148.625, -31.625 ], [ 148.625, -30.625 ], [ 148.875, -30.625 ], [ 148.875, -30.375 ], [ 150.125, -30.375 ], [ 150.125, -29.875 ], [ 150.875, -29.875 ], [ 150.875, -29.125 ], [ 151.125, -29.125 ], [ 151.125, -28.875 ], [ 151.375, -28.875 ], [ 151.375, -27.625 ], [ 151.625, -27.625 ], [ 151.625, -26.875 ], [ 151.875, -26.875 ] ] ], [ [ [ 151.375, -26.875 ], [ 151.375, -26.625 ], [ 151.625, -26.625 ], [ 151.625, -26.875 ], [ 151.375, -26.875 ] ] ] ] } },
{ "type": "Feature", "properties": { "cluster_id": 47, "cohesion": 9.0008212148083295, "distances": { "1": 37.01934751372349, "2": 30.95578456085611, "3": 42.491234914379426, "4": 42.09827202954255, "5": 34.81663054380837, "6": 26.779693064572985, "7": 33.0921377764524, "8": 37.50430545158371, "9": 39.67663721124563, "10": 33.8992393750554, "11": 34.62637545343516, "12": 29.015355983123122, "13": 25.36503674012155, "14": 28.23056788662663, "15": 26.339619471028563, "16": 27.403101887095335, "17": 16.999188387732186, "18": 16.129166668527244, "19": 25.122931532661653, "20": 24.316293166910025, "21": 31.91413675793041, "22": 32.48730205138639, "23": 32.490389208482625, "24": 32.991829432928256, "25": 31.49755936471296, "26": 29.617923159684644, "27": 26.408694006020912, "28": 29.0774921244996, "29": 25.066942880123456, "30": 22.27672789171246, "31": 25.916043957055653, "32": 28.81031183836439, "33": 23.07848878522153, "34": 27.814468818426132, "35": 28.68542794433671, "36": 17.59367745420075, "37": 22.659582731153012, "38": 19.481625019880376, "39": 16.872589473520765, "40": 19.071179379895042, "41": 22.36820119884304, "42": 30.85158483973304, "43": 28.88130339415312, "44": 29.34887045199965, "45": 19.383102128743264, "46": 13.855731449284503, "48": 20.125153737135037, "49": 23.876515730804353, "50": 28.88948843902999, "51": 28.11354856318759, "52": 30.017187557035115, "53": 27.013719237337707, "54": 27.712934215217647 } }, "geometry": { "type": "Polygon", "coordinates": [ [ [ 146.375, -25.125 ], [ 146.375, -25.375 ], [ 145.875, -25.375 ], [ 145.875, -25.625 ], [ 145.625, -25.625 ], [ 145.625, -25.875 ], [ 145.125, -25.875 ], [ 145.125, -26.625 ], [ 144.875, -26.625 ], [ 144.875, -26.875 ], [ 145.125, -26.875 ], [ 145.125, -27.375 ], [ 144.625, -27.375 ], [ 144.625, -28.375 ], [ 144.875, -28.375 ], [ 144.875, -28.875 ], [ 145.125, -28.875 ], [ 145.125, -29.125 ], [ 146.625, -29.125 ], [ 146.625, -29.375 ], [ 146.875, -29.375 ], [ 146.875, -29.625 ], [ 147.125, -29.625 ], [ 147.125, -29.875 ], [ 147.625, -29.875 ], [ 147.625, -30.375 ], [ 147.875, -30.375 ], [ 147.875, -30.875 ], [ 148.125, -30.875 ], [ 148.125, -31.375 ], [ 148.625, -31.375 ], [ 148.625, -30.625 ], [ 148.875, -30.625 ], [ 148.875, -30.375 ], [ 150.125, -30.375 ], [ 150.125, -29.875 ], [ 150.875, -29.875 ], [ 150.875, -29.125 ], [ 151.125, -29.125 ], [ 151.125, -28.875 ], [ 151.375, -28.875 ], [ 151.375, -27.625 ], [ 151.625, -27.625 ], [ 151.625, -26.875 ], [ 151.375, -26.875 ], [ 151.375, -26.625 ], [ 151.125, -26.625 ], [ 151.125, -26.375 ], [ 149.125, -26.375 ], [ 149.125, -26.125 ], [ 148.875, -26.125 ], [ 148.875, -25.875 ], [ 149.125, -25.875 ], [ 149.125, -25.625 ], [ 148.375, -25.625 ], [ 148.375, -25.375 ], [ 148.125, -25.375 ], [ 148.125, -25.125 ], [ 146.375, -25.125 ] ] ] } },
{ "type": "Feature", "properties": { "cluster_id": 48, "cohesion": 8.5510329413994537, "distances": { "1": 32.41757472356624, "2": 28.26441157077623, "3": 35.39530471928826, "4": 33.08281337093302, "5": 23.574014348073568, "6": 16.623102158872314, "7": 20.26786733062425, "8": 29.80313709672733, "9": 27.304820233576834, "10": 27.860795656160267, "11": 28.943111982437202, "12": 26.022632307489562, "13": 32.00595976237724, "14": 35.00552498211881, "15": 33.63427789168026, "16": 34.739536161804544, "17": 23.404349647177373, "18": 26.00881322089685, "19": 33.189906858825275, "20": 31.123328221028753, "21": 30.348069302527524, "22": 32.18449662315138, "23": 31.40275866130947, "24": 35.39378096869556, "25": 33.14187476673417, "26": 31.419688878425276, "27": 31.708310881389128, "28": 33.252427649502216, "29": 23.99194804712781, "30": 26.554176230409386, "31": 31.839257705925, "32": 31.964481974790797, "33": 27.437742430283937, "34": 29.090217044568945, "35": 30.805123055168497, "36": 21.22849555233581, "37": 24.50231516827761, "38": 22.69495762927141, "39": 17.76558565610131, "40": 21.585254655708923, "41": 24.884130417371406, "42": 33.9867189919843, "43": 28.94033770105104, "44": 29.615540604578705, "45": 17.473156037059546, "46": 21.78528636688058, "47": 20.125153737135037, "49": 15.134532519617563, "50": 15.993693785497124, "51": 26.652141207567297, "52": 21.9147902390679, "53": 21.567291333112482, "54": 25.570900969211987 } }, "geometry": { "type": "Polygon", "coordinates": [ [ [ 140.125, -22.375 ], [ 140.125, -22.625 ], [ 139.125, -22.625 ], [ 139.125, -22.875 ], [ 139.625, -22.875 ], [ 139.625, -23.125 ], [ 139.875, -23.125 ], [ 139.875, -23.375 ], [ 138.875, -23.375 ], [ 138.875, -23.625 ], [ 139.125, -23.625 ], [ 139.125, -23.875 ], [ 139.625, -23.875 ], [ 139.625, -24.125 ], [ 139.875, -24.125 ], [ 139.875, -24.375 ], [ 140.125, -24.375 ], [ 140.125, -24.625 ], [ 140.625, -24.625 ], [ 140.625, -24.875 ], [ 140.875, -24.875 ], [ 140.875, -25.125 ], [ 141.375, -25.125 ], [ 141.375, -25.375 ], [ 141.625, -25.375 ], [ 141.625, -25.625 ], [ 141.875, -25.625 ], [ 141.875, -25.375 ], [ 142.125, -25.375 ], [ 142.125, -25.625 ], [ 142.375, -25.625 ], [ 142.375, -26.125 ], [ 142.625, -26.125 ], [ 142.625, -26.375 ], [ 143.125, -26.375 ], [ 143.125, -26.125 ], [ 143.625, -26.125 ], [ 143.625, -26.375 ], [ 143.875, -26.375 ], [ 143.875, -26.625 ], [ 144.375, -26.625 ], [ 144.375, -26.875 ], [ 144.875, -26.875 ], [ 144.875, -26.625 ], [ 145.125, -26.625 ], [ 145.125, -25.875 ], [ 145.625, -25.875 ], [ 145.625, -25.625 ], [ 145.875, -25.625 ], [ 145.875, -25.375 ], [ 146.125, -25.375 ], [ 146.125, -25.125 ], [ 144.125, -25.125 ], [ 144.125, -24.625 ], [ 143.875, -24.625 ], [ 143.875, -24.125 ], [ 143.625, -24.125 ], [ 143.625, -23.875 ], [ 143.375, -23.875 ], [ 143.375, -23.625 ], [ 143.125, -23.625 ], [ 143.125, -23.375 ], [ 142.125, -23.375 ], [ 142.125, -23.125 ], [ 141.875, -23.125 ], [ 141.875, -22.625 ], [ 141.625, -22.625 ], [ 141.625, -22.375 ], [ 141.125, -22.375 ], [ 141.125, -22.625 ], [ 140.625, -22.625 ], [ 140.625, -22.375 ], [ 140.125, -22.375 ] ] ] } },
{ "type": "Feature", "properties": { "cluster_id": 49, "cohesion": 7.278675044147171, "distances": { "1": 38.84337006332458, "2": 34.69201147536282, "3": 41.003705218512614, "4": 38.394064667194584, "5": 30.71023495325779, "6": 25.583557381143727, "7": 21.60361304712177, "8": 32.86737220414223, "9": 30.703777713055267, "10": 29.300534467346722, "11": 33.01821682644965, "12": 27.949311054822743, "13": 31.592156723573943, "14": 36.425676983916716, "15": 34.65373377289353, "16": 33.41779306831005, "17": 20.94276973002449, "18": 26.347477485250913, "19": 32.03072430908788, "20": 27.483777159161203, "21": 33.46137464134304, "22": 32.006258946776995, "23": 33.10787237895496, "24": 34.712459533548504, "25": 30.82768989787295, "26": 32.88222455152654, "27": 32.75218708172259, "28": 31.67792546766171, "29": 16.871689198554492, "30": 21.159542665789626, "31": 29.905827712089113, "32": 28.009860342094342, "33": 27.15345982845514, "34": 25.76084317349752, "35": 27.075773936782983, "36": 27.485857185396153, "37": 30.66539195124773, "38": 28.92811395208716, "39": 25.564452724541674, "40": 26.25853181819506, "41": 27.22055678413336, "42": 36.56155509544458, "43": 31.34027843608992, "44": 31.932747252365534, "45": 13.043693755617216, "46": 24.886758411898988, "47": 23.876515730804357, "48": 15.134532519617563, "50": 12.716479475724288, "51": 26.03411378552898, "52": 19.015606209317863, "53": 14.863454430022436, "54": 21.02586187120303 } }, "geometry": { "type": "MultiPolygon", "coordinates": [ [ [ [ 134.375, -23.125 ], [ 135.375, -23.125 ], [ 135.375, -22.875 ], [ 137.125, -22.875 ], [ 137.125, -23.125 ], [ 138.125, -23.125 ], [ 138.125, -23.375 ], [ 138.875, -23.375 ], [ 138.875, -23.625 ], [ 139.125, -23.625 ], [ 139.125, -23.875 ], [ 139.625, -23.875 ], [ 139.625, -24.125 ], [ 139.875, -24.125 ], [ 139.875, -24.375 ], [ 140.125, -24.375 ], [ 140.125, -24.625 ], [ 139.875, -24.625 ], [ 139.875, -25.125 ], [ 140.125, -25.125 ], [ 140.125, -25.375 ], [ 140.375, -25.375 ], [ 140.375, -25.625 ], [ 140.125, -25.625 ], [ 140.125, -25.875 ], [ 139.625, -25.875 ], [ 139.625, -25.375 ], [ 138.875, -25.375 ], [ 138.875, -25.125 ], [ 138.625, -25.125 ], [ 138.625, -24.875 ], [ 137.875, -24.875 ], [ 137.875, -24.625 ], [ 137.375, -24.625 ], [ 137.375, -24.375 ], [ 137.125, -24.375 ], [ 137.125, -24.125 ], [ 136.625, -24.125 ], [ 136.625, -23.875 ], [ 136.375, -23.875 ], [ 136.375, -23.625 ], [ 135.875, -23.625 ], [ 135.875, -23.375 ], [ 134.375, -23.375 ], [ 134.375, -23.125 ] ] ], [ [ [ 134.375, -23.625 ], [ 133.625, -23.625 ], [ 133.625, -23.875 ], [ 131.875, -23.875 ], [ 131.875, -24.125 ], [ 131.375, -24.125 ], [ 131.375, -23.875 ], [ 130.375, -23.875 ], [ 130.375, -23.625 ], [ 130.875, -23.625 ], [ 130.875, -23.375 ], [ 134.375, -23.375 ], [ 134.375, -23.625 ] ] ] ] } },
{ "type": "Feature", "properties": { "cluster_id": 50, "cohesion": 7.0675128528794939, "distances": { "1": 35.349358605573634, "2": 32.98934919647131, "3": 34.54025985525662, "4": 30.74375132382899, "5": 23.638475067394484, "6": 21.787371534848468, "7": 13.199434506737514, "8": 26.149647806366886, "9": 21.41874805227932, "10": 24.375840769403744, "11": 28.10218495839687, "12": 25.537838882605673, "13": 35.259041059340284, "14": 39.421039401128226, "15": 39.259877969909574, "16": 39.43397596103815, "17": 28.425509930983523, "18": 31.58846803636321, "19": 37.038537641807046, "20": 34.452079483953945, "21": 33.64434410348478, "22": 34.340942719981314, "23": 34.50425793016885, "24": 39.054417200986364, "25": 35.19252617890005, "26": 36.34700821105093, "27": 37.64570964782778, "28": 37.61898351228102, "29": 22.923668936358627, "30": 29.495267496596227, "31": 36.54566584493545, "32": 34.163274818887544, "33": 31.354456281888787, "34": 29.337310941055932, "35": 31.880733162484034, "36": 29.308709320063482, "37": 31.559760902776894, "38": 29.42786797564913, "39": 25.97182105007467, "40": 26.456788595907827, "41": 27.384296638933392, "42": 36.75463392692573, "43": 31.28902399862061, "44": 30.520249132073758, "45": 21.2289883611952, "46": 28.083706490914274, "47": 28.889488439029993, "48": 15.993693785497127, "49": 12.716479475724288, "51": 26.183789356528536, "52": 14.881549615467351, "53": 16.046327345273646, "54": 22.7496314747224 } }, "geometry": { "type": "Polygon", "coordinates": [ [ [ 132.875, -21.875 ], [ 132.875, -22.125 ], [ 131.625, -22.125 ], [ 131.625, -22.375 ], [ 130.625, -22.375 ], [ 130.625, -22.625 ], [ 130.375, -22.625 ], [ 130.375, -22.875 ], [ 130.625, -22.875 ], [ 130.625, -23.125 ], [ 130.875, -23.125 ], [ 130.875, -23.375 ], [ 134.375, -23.375 ], [ 134.375, -23.125 ], [ 135.375, -23.125 ], [ 135.375, -22.875 ], [ 137.125, -22.875 ], [ 137.125, -23.125 ], [ 138.125, -23.125 ], [ 138.125, -23.375 ], [ 139.875, -23.375 ], [ 139.875, -23.125 ], [ 139.625, -23.125 ], [ 139.625, -22.875 ], [ 139.125, -22.875 ], [ 139.125, -22.625 ], [ 138.375, -22.625 ], [ 138.375, -22.375 ], [ 138.125, -22.375 ], [ 138.125, -22.125 ], [ 137.625, -22.125 ], [ 137.625, -21.875 ], [ 136.625, -21.875 ], [ 136.625, -22.125 ], [ 136.125, -22.125 ], [ 136.125, -21.875 ], [ 132.875, -21.875 ] ] ] } },
{ "type": "Feature", "properties": { "cluster_id": 51, "cohesion": 10.509140132943633, "distances": { "1": 32.40589410299943, "2": 29.741668015814955, "3": 34.09183598599405, "4": 33.239300028561814, "5": 30.673466783109415, "6": 27.64426955856524, "7": 26.19922975472816, "8": 25.290307313706162, "9": 31.201540512527863, "10": 17.95427098915288, "11": 26.183857161486976, "12": 19.892948015492998, "13": 27.62519845868387, "14": 29.584404912087823, "15": 30.356941593625933, "16": 31.25326954152879, "17": 29.73013012426781, "18": 29.110082879890697, "19": 29.63215723164019, "20": 30.102636502885982, "21": 30.240083297446983, "22": 31.81207707493783, "23": 32.179462808052506, "24": 34.497194936773035, "25": 30.77091068333619, "26": 32.44026394639899, "27": 31.524928278765543, "28": 33.7449034794174, "29": 24.497569810443647, "30": 28.972890679117235, "31": 31.284508869976907, "32": 30.641361406872353, "33": 19.911383515164804, "34": 18.108235144691875, "35": 25.729505141770712, "36": 27.076182314767127, "37": 28.71116016272267, "38": 28.480045568363742, "39": 26.924568123987356, "40": 25.79546081374472, "41": 23.961253207398176, "42": 27.318634856826023, "43": 24.962133236425338, "44": 24.548124630851703, "45": 28.213290696187105, "46": 27.870480961497787, "47": 28.11354856318758, "48": 26.652141207567297, "49": 26.03411378552898, "50": 26.183789356528536, "52": 18.361046497201155, "53": 19.859832159492186, "54": 14.79064797976195 } }, "geometry": { "type": "MultiPolygon", "coordinates": [ [ [ [ 120.375, -19.875 ], [ 119.625, -19.875 ], [ 119.625, -20.125 ], [ 119.125, -20.125 ], [ 119.125, -20.375 ], [ 118.625, -20.375 ], [ 118.625, -21.375 ], [ 119.125, -21.375 ], [ 119.125, -21.125 ], [ 119.625, -21.125 ], [ 119.625, -21.375 ], [ 120.375, -21.375 ], [ 120.375, -21.125 ], [ 120.625, -21.125 ], [ 120.625, -20.875 ], [ 121.125, -20.875 ], [ 121.125, -20.625 ], [ 122.375, -20.625 ], [ 122.375, -20.875 ], [ 122.625, -20.875 ], [ 122.625, -21.125 ], [ 123.125, -21.125 ], [ 123.125, -21.375 ], [ 124.125, -21.375 ], [ 124.125, -22.125 ], [ 124.375, -22.125 ], [ 124.375, -22.375 ], [ 123.125, -22.375 ], [ 123.125, -22.875 ], [ 122.125, -22.875 ], [ 122.125, -23.125 ], [ 121.875, -23.125 ], [ 121.875, -23.375 ], [ 121.125, -23.375 ], [ 121.125, -23.625 ], [ 120.125, -23.625 ], [ 120.125, -23.125 ], [ 119.125, -23.125 ], [ 119.125, -24.125 ], [ 118.125, -24.125 ], [ 118.125, -23.875 ], [ 117.875, -23.875 ], [ 117.875, -23.625 ], [ 117.625, -23.625 ], [ 117.625, -23.375 ], [ 117.375, -23.375 ], [ 117.375, -22.875 ], [ 117.125, -22.875 ], [ 117.125, -22.625 ], [ 116.625, -22.625 ], [ 116.625, -22.375 ], [ 116.375, -22.375 ], [ 116.375, -22.125 ], [ 116.125, -22.125 ], [ 116.125, -21.125 ], [ 116.375, -21.125 ], [ 116.375, -20.375 ], [ 117.875, -20.375 ], [ 117.875, -20.125 ], [ 118.625, -20.125 ], [ 118.625, -19.875 ], [ 119.125, -19.875 ], [ 119.125, -19.625 ], [ 120.375, -19.625 ], [ 120.375, -19.875 ] ] ], [ [ [ 120.375, -19.375 ], [ 120.625, -19.375 ], [ 120.625, -19.625 ], [ 120.375, -19.625 ], [ 120.375, -19.375 ] ] ] ] } },
{ "type": "Feature", "properties": { "cluster_id": 52, "cohesion": 7.4115777420703095, "distances": { "1": 34.408078931446234, "2": 32.587206732836584, "3": 32.6122556041944, "4": 29.040740411032786, "5": 25.62479533671673, "6": 24.58854513829611, "7": 15.093902163412283, "8": 21.191629876344948, "9": 22.109647167781905, "10": 16.50200904860271, "11": 25.256428949617472, "12": 21.45160225784521, "13": 32.757763947912714, "14": 36.333317431816624, "15": 37.12487658796356, "16": 37.42388945207223, "17": 30.224843044255806, "18": 31.510197075464756, "19": 34.73047859537688, "20": 33.5340853450179, "21": 33.7535530758539, "22": 34.97957048856475, "23": 35.356474012282675, "24": 39.36170757719129, "25": 34.949330039626886, "26": 37.05242922615211, "27": 37.17782860206969, "28": 37.992125123067375, "29": 22.980124609031833, "30": 30.44102086133914, "31": 36.012048765850274, "32": 33.84715275415897, "33": 28.48707861023649, "34": 24.818220076810853, "35": 30.088579537661023, "36": 29.70248096021697, "37": 31.994308572865485, "38": 30.528518367089898, "39": 27.127918461667786, "40": 27.05723473915776, "41": 26.015273372063263, "42": 33.24001061730407, "43": 29.492906912553664, "44": 27.67090621845917, "45": 25.82470944395651, "46": 29.303358116973424, "47": 30.017187557035115, "48": 21.914790239067898, "49": 19.015606209317863, "50": 14.881549615467348, "51": 18.361046497201155, "53": 12.523771348599105, "54": 15.53115554461268 } }, "geometry": { "type": "Polygon", "coordinates": [ [ [ 128.375, -20.875 ], [ 128.375, -21.125 ], [ 128.125, -21.125 ], [ 128.125, -21.375 ], [ 127.875, -21.375 ], [ 127.875, -21.625 ], [ 127.625, -21.625 ], [ 127.625, -21.375 ], [ 126.875, -21.375 ], [ 126.875, -21.625 ], [ 126.375, -21.625 ], [ 126.375, -21.375 ], [ 125.375, -21.375 ], [ 125.375, -21.125 ], [ 124.125, -21.125 ], [ 124.125, -22.125 ], [ 125.375, -22.125 ], [ 125.375, -22.625 ], [ 127.625, -22.625 ], [ 127.625, -22.875 ], [ 128.125, -22.875 ], [ 128.125, -22.625 ], [ 128.625, -22.625 ], [ 128.625, -22.875 ], [ 129.375, -22.875 ], [ 129.375, -23.125 ], [ 130.625, -23.125 ], [ 130.625, -22.875 ], [ 130.375, -22.875 ], [ 130.375, -22.625 ], [ 130.625, -22.625 ], [ 130.625, -22.375 ], [ 130.875, -22.375 ], [ 130.875, -22.125 ], [ 130.125, -22.125 ], [ 130.125, -21.875 ], [ 129.875, -21.875 ], [ 129.875, -21.625 ], [ 128.875, -21.625 ], [ 128.875, -20.875 ], [ 128.375, -20.875 ] ] ] } },
{ "type": "Feature", "properties": { "cluster_id": 53, "cohesion": 6.6304973738714592, "distances": { "1": 38.539397466285145, "2": 34.819312813176936, "3": 39.20685877098606, "4": 36.57375466812434, "5": 31.211725003928603, "6": 27.520226539899937, "7": 21.32219541543114, "8": 29.2451128681048, "9": 29.769007018515754, "10": 24.169204967021447, "11": 30.612725628707835, "12": 24.53512698175211, "13": 29.626001230101842, "14": 34.32031580206129, "15": 33.397516174665206, "16": 31.686351924307335, "17": 24.68326084014927, "18": 27.77475693596407, "19": 30.40611476643127, "20": 26.901811802158406, "21": 33.568053330354594, "22": 31.42585201648035, "23": 33.388833008592265, "24": 34.29773430996873, "25": 29.196581508963188, "26": 33.665338573997616, "27": 32.76486426175441, "28": 31.437840428820508, "29": 14.295277141369127, "30": 22.84501830587232, "31": 29.291498810080817, "32": 25.960017757980154, "33": 24.993924716484415, "34": 19.910827127424298, "35": 23.48728580471472, "36": 28.65292933488686, "37": 31.592944803881476, "38": 30.429440325404702, "39": 27.471781420672176, "40": 27.357771595883055, "41": 26.335902598032902, "42": 34.06833714531741, "43": 30.00051375794148, "44": 29.550411031245808, "45": 20.357009124567092, "46": 27.39134122656342, "47": 27.013719237337707, "48": 21.567291333112493, "49": 14.863454430022434, "50": 16.046327345273646, "51": 19.859832159492186, "52": 12.523771348599105, "54": 11.716157769533933 } }, "geometry": { "type": "Polygon", "coordinates": [ [ [ 126.625, -22.625 ], [ 126.625, -22.875 ], [ 126.125, -22.875 ], [ 126.125, -23.125 ], [ 125.125, -23.125 ], [ 125.125, -23.375 ], [ 125.625, -23.375 ], [ 125.625, -23.625 ], [ 126.125, -23.625 ], [ 126.125, -23.875 ], [ 126.375, -23.875 ], [ 126.375, -24.375 ], [ 128.875, -24.375 ], [ 128.875, -24.625 ], [ 130.125, -24.625 ], [ 130.125, -24.125 ], [ 130.375, -24.125 ], [ 130.375, -23.625 ], [ 130.875, -23.625 ], [ 130.875, -23.125 ], [ 129.375, -23.125 ], [ 129.375, -22.875 ], [ 128.625, -22.875 ], [ 128.625, -22.625 ], [ 128.125, -22.625 ], [ 128.125, -22.875 ], [ 127.625, -22.875 ], [ 127.625, -22.625 ], [ 126.625, -22.625 ] ] ] } },
{ "type": "Feature", "properties": { "cluster_id": 54, "cohesion": 7.0516806050869967, "distances": { "1": 37.9568999005969, "2": 34.301097836663416, "3": 39.47816089087047, "4": 37.81627774951455, "5": 33.64069913392903, "6": 29.82447106233504, "7": 25.803461708062976, "8": 29.924738716547857, "9": 33.06621913702527, "10": 23.144840975029876, "11": 30.750055847653826, "12": 23.831137742837015, "13": 27.559581758670166, "14": 31.41019944710241, "15": 31.11970597676552, "16": 29.482023645097037, "17": 26.403776809416915, "18": 27.948676517727247, "19": 28.41703745102182, "20": 26.246970161867246, "21": 33.41046695416691, "22": 31.166523318234958, "23": 33.508052093309615, "24": 33.481769261500105, "25": 28.031964916222783, "26": 33.47313998096761, "27": 31.784286760309932, "28": 31.02107275834396, "29": 16.612460897802173, "30": 24.000577602904553, "31": 28.391498933032526, "32": 25.360267552973124, "33": 21.348388098050524, "34": 14.89080033436229, "35": 21.09483074463401, "36": 28.85275925394233, "37": 31.398282629586024, "38": 30.83960201944914, "39": 28.654952026394483, "40": 27.94808293215547, "41": 26.073498469369188, "42": 31.25950126666546, "43": 28.11164109968001, "44": 28.135385459222682, "45": 24.120132171148303, "46": 28.263965434493482, "47": 27.712934215217643, "48": 25.570900969211987, "49": 21.02586187120303, "50": 22.749631474722403, "51": 14.790647979761953, "52": 15.53115554461268, "53": 11.716157769533933 } }, "geometry": { "type": "Polygon", "coordinates": [ [ [ 124.375, -22.125 ], [ 124.375, -22.375 ], [ 123.125, -22.375 ], [ 123.125, -22.875 ], [ 122.125, -22.875 ], [ 122.125, -23.125 ], [ 121.875, -23.125 ], [ 121.875, -23.375 ], [ 121.625, -23.375 ], [ 121.625, -23.625 ], [ 121.875, -23.625 ], [ 121.875, -23.875 ], [ 123.125, -23.875 ], [ 123.125, -24.375 ], [ 124.625, -24.375 ], [ 124.625, -24.625 ], [ 126.875, -24.625 ], [ 126.875, -24.375 ], [ 126.375, -24.375 ], [ 126.375, -23.875 ], [ 126.125, -23.875 ], [ 126.125, -23.625 ], [ 125.625, -23.625 ], [ 125.625, -23.375 ], [ 125.125, -23.375 ], [ 125.125, -23.125 ], [ 126.125, -23.125 ], [ 126.125, -22.875 ], [ 126.625, -22.875 ], [ 126.625, -22.625 ], [ 125.375, -22.625 ], [ 125.375, -22.125 ], [ 124.375, -22.125 ] ] ] } }
]
}
