{
"type": "FeatureCollection",
"name": "58_clusters",
"crs": { "type": "name", "properties": { "name": "urn:ogc:def:crs:OGC:1.3:CRS84" } },
"features": [
{ "type": "Feature", "properties": { "cluster_id": 1, "cohesion": 8.6487465638442682, "distances": { "2": 13.250369952054145, "3": 18.90891003463502, "4": 24.180438772686287, "5": 22.659505945916994, "6": 23.239301063618836, "7": 31.28635470849942, "8": 26.527482853515856, "9": 29.087553766751377, "10": 28.5688859101616, "11": 20.82427286707156, "12": 27.212458270500765, "13": 26.202532132898707, "14": 37.711049798453395, "15": 31.47181265330928, "16": 36.34861849804197, "17": 36.8281822778166, "18": 42.66383583868136, "19": 42.861468109085415, "20": 40.63612392067549, "21": 41.38529953404568, "22": 44.52252490134172, "23": 27.143376350708664, "24": 38.61652943866565, "25": 33.31743331578965, "26": 43.025370449691806, "27": 44.0558352879256, "28": 36.096894534564186, "29": 37.78165328424618, "30": 44.461116411528806, "31": 42.236100904424816, "32": 44.20031290308304, "33": 43.35329606014713, "34": 46.04452230523563, "35": 40.21923949190091, "36": 35.05665336362148, "37": 40.43808361313947, "38": 43.926329450547875, "39": 28.163243571311238, "40": 24.02160519209459, "41": 27.896593497831955, "42": 28.85987057772195, "43": 29.279854833332728, "44": 30.725440396193086, "45": 28.456836209683093, "46": 24.777229904039437, "47": 27.935062691255126, "48": 40.48563410256881, "49": 35.7415401775237, "50": 37.019347513723496, "51": 32.41757472356624, "52": 38.84337006332458, "53": 35.349358605573634, "54": 29.447441647366524, "55": 33.092255072706266, "56": 34.40807893144623, "57": 38.539397466285145, "58": 37.95689990059691 } }, "geometry": { "type": "MultiPolygon", "coordinates": [ [ [ [ 142.125, -16.375 ], [ 142.375, -16.375 ], [ 142.375, -16.625 ], [ 142.625, -16.625 ], [ 142.625, -17.625 ], [ 142.875, -17.625 ], [ 142.875, -18.125 ], [ 143.125, -18.125 ], [ 143.125, -18.375 ], [ 143.375, -18.375 ], [ 143.375, -19.375 ], [ 143.625, -19.375 ], [ 143.625, -19.625 ], [ 143.375, -19.625 ], [ 143.375, -20.125 ], [ 143.125, -20.125 ], [ 143.125, -19.875 ], [ 142.875, -19.875 ], [ 142.875, -19.625 ], [ 142.625, -19.625 ], [ 142.625, -18.875 ], [ 142.375, -18.875 ], [ 142.375, -18.375 ], [ 142.125, -18.375 ], [ 142.125, -17.625 ], [ 141.875, -17.625 ], [ 141.875, -16.125 ], [ 142.125, -16.125 ], [ 142.125, -16.375 ] ] ], [ [ [ 144.625, -17.375 ], [ 143.875, -17.375 ], [ 143.875, -17.125 ], [ 144.625, -17.125 ], [ 144.625, -17.375 ] ] ], [ [ [ 141.875, -16.125 ], [ 141.625, -16.125 ], [ 141.625, -15.625 ], [ 141.875, -15.625 ], [ 141.875, -16.125 ] ] ], [ [ [ 141.625, -14.125 ], [ 141.625, -15.625 ], [ 141.375, -15.625 ], [ 141.375, -15.125 ], [ 141.125, -15.125 ], [ 141.125, -13.625 ], [ 141.375, -13.625 ], [ 141.375, -14.125 ], [ 141.625, -14.125 ] ] ], [ [ [ 142.875, -10.875 ], [ 142.875, -11.125 ], [ 143.125, -11.125 ], [ 143.125, -11.875 ], [ 143.375, -11.875 ], [ 143.375, -12.375 ], [ 143.625, -12.375 ], [ 143.625, -12.875 ], [ 143.875, -12.875 ], [ 143.875, -13.875 ], [ 144.625, -13.875 ], [ 144.625, -14.125 ], [ 144.875, -14.125 ], [ 144.875, -14.375 ], [ 145.125, -14.375 ], [ 145.125, -14.625 ], [ 145.375, -14.625 ], [ 145.375, -14.875 ], [ 145.625, -14.875 ], [ 145.625, -16.125 ], [ 145.875, -16.125 ], [ 145.875, -16.625 ], [ 145.625, -16.625 ], [ 145.625, -16.375 ], [ 145.375, -16.375 ], [ 145.375, -16.125 ], [ 145.125, -16.125 ], [ 145.125, -16.625 ], [ 144.875, -16.625 ], [ 144.875, -16.875 ], [ 144.125, -16.875 ], [ 144.125, -16.375 ], [ 144.375, -16.375 ], [ 144.375, -15.625 ], [ 144.125, -15.625 ], [ 144.125, -15.375 ], [ 143.875, -15.375 ], [ 143.875, -15.125 ], [ 143.625, -15.125 ], [ 143.625, -14.625 ], [ 143.125, -14.625 ], [ 143.125, -14.875 ], [ 142.375, -14.875 ], [ 142.375, -14.375 ], [ 142.125, -14.375 ], [ 142.125, -13.625 ], [ 141.875, -13.625 ], [ 141.875, -11.625 ], [ 142.125, -11.625 ], [ 142.125, -10.625 ], [ 142.625, -10.625 ], [ 142.625, -10.875 ], [ 142.875, -10.875 ] ] ] ] } },
{ "type": "Feature", "properties": { "cluster_id": 2, "cohesion": 10.389644273938883, "distances": { "1": 13.250369952054145, "3": 24.386121194100017, "4": 28.488039238871835, "5": 23.66089976031765, "6": 20.1701027753368, "7": 30.943898864591844, "8": 28.534970364110055, "9": 31.46791688160797, "10": 29.059057720080652, "11": 22.344647610215496, "12": 25.90177551960806, "13": 23.170084525420133, "14": 33.95025814379347, "15": 28.727385105686945, "16": 32.33290080146445, "17": 31.0552021860386, "18": 36.26721221176568, "19": 37.31931892905718, "20": 35.73986862942186, "21": 36.74942703780864, "22": 38.77494942300609, "23": 24.164272862629684, "24": 33.08942837555634, "25": 28.68329018018281, "26": 36.33401747616533, "27": 37.63110733593091, "28": 30.001911602070013, "29": 30.92966584921604, "30": 37.186305362155565, "31": 36.76517639201582, "32": 38.018490056781005, "33": 36.22945415657657, "34": 39.22266006957261, "35": 33.996399238273476, "36": 29.466976307402412, "37": 35.232128365940135, "38": 37.80885038289185, "39": 20.804084485565436, "40": 16.638202219733365, "41": 23.152398982756345, "42": 23.548647498758385, "43": 26.152430377406013, "44": 28.630018261749157, "45": 27.720771496436814, "46": 23.491696109731272, "47": 27.875686180317317, "48": 35.187544847922325, "49": 31.21571886344514, "50": 30.95578456085611, "51": 28.264411570776225, "52": 34.69201147536282, "53": 32.9893491964713, "54": 25.745510824324086, "55": 30.66877648424084, "56": 32.587206732836584, "57": 34.819312813176936, "58": 34.301097836663416 } }, "geometry": { "type": "MultiPolygon", "coordinates": [ [ [ [ 143.625, -20.375 ], [ 143.875, -20.375 ], [ 143.875, -20.625 ], [ 144.125, -20.625 ], [ 144.125, -20.875 ], [ 144.375, -20.875 ], [ 144.375, -21.375 ], [ 143.875, -21.375 ], [ 143.875, -21.625 ], [ 143.625, -21.625 ], [ 143.625, -22.375 ], [ 143.375, -22.375 ], [ 143.375, -22.125 ], [ 143.125, -22.125 ], [ 143.125, -21.625 ], [ 143.375, -21.625 ], [ 143.375, -21.375 ], [ 143.625, -21.375 ], [ 143.625, -20.625 ], [ 143.375, -20.625 ], [ 143.375, -19.625 ], [ 143.625, -19.625 ], [ 143.625, -20.375 ] ] ], [ [ [ 143.625, -19.375 ], [ 143.375, -19.375 ], [ 143.375, -18.375 ], [ 143.125, -18.375 ], [ 143.125, -18.125 ], [ 142.875, -18.125 ], [ 142.875, -17.625 ], [ 142.625, -17.625 ], [ 142.625, -16.625 ], [ 142.375, -16.625 ], [ 142.375, -16.375 ], [ 142.125, -16.375 ], [ 142.125, -16.125 ], [ 141.875, -16.125 ], [ 141.875, -15.625 ], [ 141.625, -15.625 ], [ 141.625, -14.125 ], [ 141.375, -14.125 ], [ 141.375, -13.625 ], [ 141.125, -13.625 ], [ 141.125, -12.875 ], [ 141.375, -12.875 ], [ 141.375, -12.125 ], [ 141.625, -12.125 ], [ 141.625, -11.125 ], [ 141.875, -11.125 ], [ 141.875, -10.875 ], [ 142.125, -10.875 ], [ 142.125, -11.625 ], [ 141.875, -11.625 ], [ 141.875, -13.625 ], [ 142.125, -13.625 ], [ 142.125, -14.375 ], [ 142.375, -14.375 ], [ 142.375, -14.875 ], [ 143.125, -14.875 ], [ 143.125, -14.625 ], [ 143.625, -14.625 ], [ 143.625, -15.125 ], [ 143.875, -15.125 ], [ 143.875, -15.375 ], [ 144.125, -15.375 ], [ 144.125, -15.625 ], [ 144.375, -15.625 ], [ 144.375, -16.375 ], [ 144.125, -16.375 ], [ 144.125, -16.875 ], [ 144.875, -16.875 ], [ 144.875, -16.625 ], [ 145.125, -16.625 ], [ 145.125, -16.125 ], [ 145.375, -16.125 ], [ 145.375, -16.375 ], [ 145.625, -16.375 ], [ 145.625, -16.625 ], [ 145.875, -16.625 ], [ 145.875, -16.875 ], [ 146.125, -16.875 ], [ 146.125, -17.125 ], [ 146.375, -17.125 ], [ 146.375, -17.375 ], [ 146.625, -17.375 ], [ 146.625, -17.875 ], [ 146.375, -17.875 ], [ 146.375, -18.125 ], [ 146.625, -18.125 ], [ 146.625, -18.875 ], [ 147.375, -18.875 ], [ 147.375, -19.125 ], [ 147.625, -19.125 ], [ 147.625, -19.375 ], [ 147.875, -19.375 ], [ 147.875, -19.625 ], [ 148.375, -19.625 ], [ 148.375, -19.875 ], [ 148.625, -19.875 ], [ 148.625, -20.125 ], [ 148.875, -20.125 ], [ 148.875, -20.375 ], [ 149.125, -20.375 ], [ 149.125, -20.875 ], [ 148.875, -20.875 ], [ 148.875, -20.625 ], [ 148.625, -20.625 ], [ 148.625, -20.375 ], [ 148.375, -20.375 ], [ 148.375, -20.625 ], [ 148.125, -20.625 ], [ 148.125, -20.375 ], [ 147.625, -20.375 ], [ 147.625, -20.125 ], [ 147.375, -20.125 ], [ 147.375, -19.625 ], [ 147.125, -19.625 ], [ 147.125, -19.375 ], [ 146.875, -19.375 ], [ 146.875, -19.125 ], [ 146.125, -19.125 ], [ 146.125, -18.875 ], [ 145.875, -18.875 ], [ 145.875, -18.625 ], [ 145.375, -18.625 ], [ 145.375, -18.375 ], [ 145.125, -18.375 ], [ 145.125, -19.125 ], [ 145.375, -19.125 ], [ 145.375, -19.375 ], [ 145.625, -19.375 ], [ 145.625, -19.625 ], [ 145.875, -19.625 ], [ 145.875, -19.875 ], [ 144.125, -19.875 ], [ 144.125, -19.625 ], [ 143.625, -19.625 ], [ 143.625, -19.375 ] ], [ [ 143.875, -17.375 ], [ 144.625, -17.375 ], [ 144.625, -17.125 ], [ 143.875, -17.125 ], [ 143.875, -17.375 ] ] ] ] } },
{ "type": "Feature", "properties": { "cluster_id": 3, "cohesion": 8.5311386439412491, "distances": { "1": 18.90891003463502, "2": 24.38612119410002, "4": 13.045817225583196, "5": 19.48332768759154, "6": 25.606418457886207, "7": 27.660800882331685, "8": 18.195001503537913, "9": 21.375803011387013, "10": 24.93011720711623, "11": 15.22618408087, "12": 24.52440326629251, "13": 25.32992173699014, "14": 43.61247128959111, "15": 39.10267855167915, "16": 43.80703024747041, "17": 45.2142581835126, "18": 50.28942022525956, "19": 48.22251775886547, "20": 45.59103447819432, "21": 47.78917234341921, "22": 50.7382609210647, "23": 32.12588965716056, "24": 42.445957341667935, "25": 37.963010383776535, "26": 48.577409907828645, "27": 48.173412925738376, "28": 42.63911875422553, "29": 45.54856181255764, "30": 50.78501958048963, "31": 45.44712768950653, "32": 49.959375162748024, "33": 50.344739447845704, "34": 50.86632103687586, "35": 44.80034135994982, "36": 40.75811364261436, "37": 43.43865989063538, "38": 47.53956327281968, "39": 35.16836782301342, "40": 32.64811600476694, "41": 32.25257091114056, "42": 32.7890788110939, "43": 31.58681162161097, "44": 32.71734891264319, "45": 34.08595829155131, "46": 30.65339929147799, "47": 29.760571667132766, "48": 45.03543033735629, "49": 39.49300709325066, "50": 42.491234914379426, "51": 35.39530471928827, "52": 41.00370521851262, "53": 34.540259855256615, "54": 33.54758887332951, "55": 34.21810131613222, "56": 32.6122556041944, "57": 39.20685877098606, "58": 39.478160890870484 } }, "geometry": { "type": "MultiPolygon", "coordinates": [ [ [ [ 141.375, -15.125 ], [ 141.375, -15.625 ], [ 141.625, -15.625 ], [ 141.625, -16.125 ], [ 141.875, -16.125 ], [ 141.875, -17.625 ], [ 142.125, -17.625 ], [ 142.125, -18.375 ], [ 142.375, -18.375 ], [ 142.375, -18.875 ], [ 142.625, -18.875 ], [ 142.625, -19.625 ], [ 142.875, -19.625 ], [ 142.875, -20.125 ], [ 142.375, -20.125 ], [ 142.375, -19.375 ], [ 142.125, -19.375 ], [ 142.125, -18.875 ], [ 141.875, -18.875 ], [ 141.875, -18.625 ], [ 141.625, -18.625 ], [ 141.625, -18.125 ], [ 141.375, -18.125 ], [ 141.375, -17.875 ], [ 141.125, -17.875 ], [ 141.125, -17.625 ], [ 140.375, -17.625 ], [ 140.375, -17.375 ], [ 140.625, -17.375 ], [ 140.625, -16.875 ], [ 140.875, -16.875 ], [ 140.875, -15.875 ], [ 141.125, -15.875 ], [ 141.125, -15.125 ], [ 141.375, -15.125 ] ] ], [ [ [ 133.875, -11.875 ], [ 133.875, -12.125 ], [ 135.625, -12.125 ], [ 135.625, -12.375 ], [ 135.875, -12.375 ], [ 135.875, -12.875 ], [ 135.625, -12.875 ], [ 135.625, -13.125 ], [ 135.375, -13.125 ], [ 135.375, -13.375 ], [ 134.875, -13.375 ], [ 134.875, -13.125 ], [ 133.875, -13.125 ], [ 133.875, -13.375 ], [ 133.625, -13.375 ], [ 133.625, -13.625 ], [ 133.375, -13.625 ], [ 133.375, -14.125 ], [ 133.125, -14.125 ], [ 133.125, -14.375 ], [ 132.875, -14.375 ], [ 132.875, -14.625 ], [ 132.625, -14.625 ], [ 132.625, -14.875 ], [ 132.375, -14.875 ], [ 132.375, -15.375 ], [ 132.625, -15.375 ], [ 132.625, -16.125 ], [ 132.125, -16.125 ], [ 132.125, -15.875 ], [ 131.625, -15.875 ], [ 131.625, -16.125 ], [ 131.375, -16.125 ], [ 131.375, -15.375 ], [ 130.875, -15.375 ], [ 130.875, -14.625 ], [ 130.375, -14.625 ], [ 130.375, -14.875 ], [ 129.875, -14.875 ], [ 129.875, -14.125 ], [ 130.125, -14.125 ], [ 130.125, -13.875 ], [ 130.375, -13.875 ], [ 130.375, -13.625 ], [ 130.875, -13.625 ], [ 130.875, -13.375 ], [ 131.125, -13.375 ], [ 131.125, -13.125 ], [ 131.875, -13.125 ], [ 131.875, -12.875 ], [ 132.125, -12.875 ], [ 132.125, -12.625 ], [ 132.625, -12.625 ], [ 132.625, -12.375 ], [ 133.125, -12.375 ], [ 133.125, -11.875 ], [ 133.875, -11.875 ] ] ] ] } },
{ "type": "Feature", "properties": { "cluster_id": 4, "cohesion": 9.8110680516314019, "distances": { "1": 24.18043877268628, "2": 28.488039238871835, "3": 13.04581722558319, "5": 16.42529344538226, "6": 24.194971707552103, "7": 22.932388391475673, "8": 15.10360224498097, "9": 15.33008514448466, "10": 22.47885907686377, "11": 17.31111691086553, "12": 24.042894321181283, "13": 26.837373473021785, "14": 44.52070551459275, "15": 41.796206806921596, "16": 45.824188013749236, "17": 47.44968792549479, "18": 51.743535220109074, "19": 47.37848585724638, "20": 45.222002481287255, "21": 48.55170768220119, "22": 50.92894027861768, "23": 34.57557781120832, "24": 43.39053584359431, "25": 39.71353016008982, "26": 49.920524365722045, "27": 48.570700589283675, "28": 44.468368243645315, "29": 47.47905449571635, "30": 51.798870047474786, "31": 44.09002305730386, "32": 49.54432632970287, "33": 51.280435655475884, "34": 51.01216583071241, "35": 44.816702429137386, "36": 41.34927676632614, "37": 42.94172406383299, "38": 47.28562241379705, "39": 36.04612051000769, "40": 34.97059004495444, "41": 33.28973029835171, "42": 32.30766000257627, "43": 31.49795020418558, "44": 32.401265536487166, "45": 36.32309733894967, "46": 32.712275502409774, "47": 30.30474689445777, "48": 43.6259558012101, "49": 39.04174833584183, "50": 42.09827202954254, "51": 33.082813370933025, "52": 38.394064667194584, "53": 30.743751323829002, "54": 33.897862353078466, "55": 33.08651356927396, "56": 29.04074041103279, "57": 36.57375466812433, "58": 37.81627774951454 } }, "geometry": { "type": "MultiPolygon", "coordinates": [ [ [ [ 130.375, -14.875 ], [ 130.375, -14.625 ], [ 130.875, -14.625 ], [ 130.875, -15.375 ], [ 131.375, -15.375 ], [ 131.375, -16.125 ], [ 131.625, -16.125 ], [ 131.625, -15.875 ], [ 132.125, -15.875 ], [ 132.125, -16.125 ], [ 132.625, -16.125 ], [ 132.625, -15.375 ], [ 132.375, -15.375 ], [ 132.375, -14.875 ], [ 132.625, -14.875 ], [ 132.625, -15.125 ], [ 132.875, -15.125 ], [ 132.875, -15.375 ], [ 133.875, -15.375 ], [ 133.875, -15.625 ], [ 134.125, -15.625 ], [ 134.125, -15.375 ], [ 134.375, -15.375 ], [ 134.375, -15.125 ], [ 134.625, -15.125 ], [ 134.625, -14.875 ], [ 135.375, -14.875 ], [ 135.375, -15.125 ], [ 136.375, -15.125 ], [ 136.375, -15.375 ], [ 136.625, -15.375 ], [ 136.625, -15.625 ], [ 137.375, -15.625 ], [ 137.375, -15.875 ], [ 137.875, -15.875 ], [ 137.875, -16.125 ], [ 138.125, -16.125 ], [ 138.125, -16.375 ], [ 138.875, -16.375 ], [ 138.875, -16.625 ], [ 139.125, -16.625 ], [ 139.125, -16.875 ], [ 139.375, -16.875 ], [ 139.375, -17.125 ], [ 139.625, -17.125 ], [ 139.625, -17.375 ], [ 140.375, -17.375 ], [ 140.375, -17.625 ], [ 141.125, -17.625 ], [ 141.125, -17.875 ], [ 141.375, -17.875 ], [ 141.375, -18.125 ], [ 141.625, -18.125 ], [ 141.625, -18.625 ], [ 141.875, -18.625 ], [ 141.875, -18.875 ], [ 142.125, -18.875 ], [ 142.125, -19.375 ], [ 142.375, -19.375 ], [ 142.375, -20.125 ], [ 141.625, -20.125 ], [ 141.625, -20.625 ], [ 141.375, -20.625 ], [ 141.375, -21.125 ], [ 140.375, -21.125 ], [ 140.375, -20.875 ], [ 139.125, -20.875 ], [ 139.125, -20.625 ], [ 138.875, -20.625 ], [ 138.875, -20.375 ], [ 138.625, -20.375 ], [ 138.625, -20.125 ], [ 138.375, -20.125 ], [ 138.375, -19.875 ], [ 138.125, -19.875 ], [ 138.125, -20.125 ], [ 137.625, -20.125 ], [ 137.625, -19.875 ], [ 137.125, -19.875 ], [ 137.125, -19.375 ], [ 135.875, -19.375 ], [ 135.875, -19.125 ], [ 134.875, -19.125 ], [ 134.875, -19.375 ], [ 132.875, -19.375 ], [ 132.875, -19.125 ], [ 130.875, -19.125 ], [ 130.875, -18.875 ], [ 130.125, -18.875 ], [ 130.125, -19.125 ], [ 128.625, -19.125 ], [ 128.625, -18.625 ], [ 128.375, -18.625 ], [ 128.375, -17.625 ], [ 128.625, -17.625 ], [ 128.625, -16.625 ], [ 128.875, -16.625 ], [ 128.875, -15.875 ], [ 128.375, -15.875 ], [ 128.375, -15.125 ], [ 128.625, -15.125 ], [ 128.625, -14.875 ], [ 129.625, -14.875 ], [ 129.625, -14.125 ], [ 129.875, -14.125 ], [ 129.875, -14.875 ], [ 130.375, -14.875 ] ] ], [ [ [ 129.875, -13.875 ], [ 130.125, -13.875 ], [ 130.125, -14.125 ], [ 129.875, -14.125 ], [ 129.875, -13.875 ] ] ], [ [ [ 130.375, -13.875 ], [ 130.125, -13.875 ], [ 130.125, -13.625 ], [ 130.375, -13.625 ], [ 130.375, -13.875 ] ] ], [ [ [ 134.875, -13.375 ], [ 135.375, -13.375 ], [ 135.375, -13.625 ], [ 135.125, -13.625 ], [ 135.125, -13.875 ], [ 134.875, -13.875 ], [ 134.875, -14.125 ], [ 134.375, -14.125 ], [ 134.375, -13.125 ], [ 134.875, -13.125 ], [ 134.875, -13.375 ] ] ], [ [ [ 130.875, -13.625 ], [ 130.375, -13.625 ], [ 130.375, -13.375 ], [ 130.625, -13.375 ], [ 130.625, -13.125 ], [ 131.125, -13.125 ], [ 131.125, -13.375 ], [ 130.875, -13.375 ], [ 130.875, -13.625 ] ] ], [ [ [ 131.875, -13.125 ], [ 131.125, -13.125 ], [ 131.125, -12.875 ], [ 131.875, -12.875 ], [ 131.875, -13.125 ] ] ] ] } },
{ "type": "Feature", "properties": { "cluster_id": 5, "cohesion": 9.0510530766706356, "distances": { "1": 22.659505945916994, "2": 23.66089976031765, "3": 19.483327687591544, "4": 16.425293445382255, "6": 13.954498781386324, "7": 18.019538634394024, "8": 19.756025360177397, "9": 15.19467023851051, "10": 23.604120200051703, "11": 19.91137994583469, "12": 24.180499855394782, "13": 24.90497960255735, "14": 40.45739499289193, "15": 38.913046227704655, "16": 42.042506221456996, "17": 42.37173302985396, "18": 46.01487716193256, "19": 40.35040560338227, "20": 39.41137069226078, "21": 43.8448922528236, "22": 44.98884819423252, "23": 30.797846156704836, "24": 37.67993220728056, "25": 34.62000178707455, "26": 43.641644243424004, "27": 42.287208014054066, "28": 38.395399693527594, "29": 41.2522571246836, "30": 44.81198724464528, "31": 37.449651212207044, "32": 42.602795151928966, "33": 44.52947033455309, "34": 44.25214135816691, "35": 38.71684589703142, "36": 36.03357415428323, "37": 37.9702378087984, "38": 41.24860422941953, "39": 28.04147260439481, "40": 27.656079902727125, "41": 26.828527516986753, "42": 24.46627047217912, "43": 26.339527519249035, "44": 28.966340378906995, "45": 34.742020234556584, "46": 29.817856472114048, "47": 28.97028565541585, "48": 35.72454515629439, "49": 32.94086535014201, "50": 34.81663054380837, "51": 23.574014348073568, "52": 30.71023495325779, "53": 23.638475067394484, "54": 30.231354324572848, "55": 30.7760368734899, "56": 25.62479533671673, "57": 31.211725003928603, "58": 33.64069913392903 } }, "geometry": { "type": "Polygon", "coordinates": [ [ [ 142.875, -19.875 ], [ 142.875, -20.125 ], [ 141.625, -20.125 ], [ 141.625, -20.625 ], [ 141.375, -20.625 ], [ 141.375, -21.125 ], [ 140.375, -21.125 ], [ 140.375, -20.875 ], [ 139.125, -20.875 ], [ 139.125, -20.625 ], [ 138.875, -20.625 ], [ 138.875, -20.375 ], [ 138.375, -20.375 ], [ 138.375, -20.625 ], [ 138.625, -20.625 ], [ 138.625, -21.375 ], [ 138.875, -21.375 ], [ 138.875, -21.875 ], [ 140.625, -21.875 ], [ 140.625, -21.625 ], [ 140.875, -21.625 ], [ 140.875, -21.875 ], [ 142.375, -21.875 ], [ 142.375, -21.375 ], [ 143.125, -21.375 ], [ 143.125, -19.875 ], [ 142.875, -19.875 ] ] ] } },
{ "type": "Feature", "properties": { "cluster_id": 6, "cohesion": 8.0158196982204011, "distances": { "1": 23.239301063618836, "2": 20.170102775336797, "3": 25.606418457886207, "4": 24.1949717075521, "5": 13.954498781386325, "7": 20.011685320630416, "8": 24.078295054744423, "9": 22.32540153479907, "10": 25.112657337218014, "11": 22.035857503351966, "12": 23.397208685034958, "13": 22.336877465596185, "14": 35.53723968003372, "15": 34.71832077382716, "16": 36.73107596646149, "17": 35.565955887443735, "18": 38.67980959132418, "19": 33.12722199075308, "20": 32.992882528601925, "21": 37.93828350875842, "22": 38.03443865961135, "23": 27.419642649687134, "24": 32.57308832507978, "25": 30.075010019008122, "26": 37.06310753942421, "27": 36.07539648305053, "28": 32.03535058757383, "29": 33.80643193358194, "30": 37.203925636287984, "31": 31.479601085517672, "32": 35.14409873767614, "33": 36.64656923672886, "34": 37.225755649808896, "35": 32.154981228173206, "36": 29.670583011289306, "37": 32.675412579764995, "38": 35.15326758901029, "39": 19.374157943180506, "40": 20.310544031836276, "41": 21.16694319129921, "42": 16.84088642383533, "43": 22.295174538276584, "44": 26.23644655334242, "45": 32.593431620969525, "46": 27.49235277075915, "47": 28.38077578713309, "48": 28.72159500134221, "49": 27.03758150582502, "50": 26.77969306457298, "51": 16.623102158872314, "52": 25.583557381143727, "53": 21.787371534848468, "54": 25.610221842917824, "55": 28.116168628595435, "56": 24.58854513829611, "57": 27.520226539899937, "58": 29.82447106233504 } }, "geometry": { "type": "Polygon", "coordinates": [ [ [ 143.125, -20.125 ], [ 143.125, -21.375 ], [ 142.375, -21.375 ], [ 142.375, -21.875 ], [ 140.875, -21.875 ], [ 140.875, -21.625 ], [ 140.625, -21.625 ], [ 140.625, -21.875 ], [ 140.125, -21.875 ], [ 140.125, -22.125 ], [ 140.375, -22.125 ], [ 140.375, -22.375 ], [ 140.625, -22.375 ], [ 140.625, -22.625 ], [ 141.125, -22.625 ], [ 141.125, -22.375 ], [ 141.625, -22.375 ], [ 141.625, -22.625 ], [ 141.875, -22.625 ], [ 141.875, -23.125 ], [ 142.125, -23.125 ], [ 142.125, -23.375 ], [ 142.875, -23.375 ], [ 142.875, -23.125 ], [ 143.125, -23.125 ], [ 143.125, -22.875 ], [ 143.375, -22.875 ], [ 143.375, -22.125 ], [ 143.125, -22.125 ], [ 143.125, -21.625 ], [ 143.375, -21.625 ], [ 143.375, -21.375 ], [ 143.625, -21.375 ], [ 143.625, -20.625 ], [ 143.375, -20.625 ], [ 143.375, -20.125 ], [ 143.125, -20.125 ] ] ] } },
{ "type": "Feature", "properties": { "cluster_id": 7, "cohesion": 9.7282918018884281, "distances": { "1": 31.286354708499413, "2": 30.94389886459184, "3": 27.66080088233169, "4": 22.932388391475673, "5": 18.01953863439402, "6": 20.011685320630416, "8": 19.047471094044486, "9": 13.89949655339526, "10": 19.38682150259148, "11": 23.228208069772396, "12": 22.336256102914298, "13": 24.940271160318513, "14": 37.94708106420372, "15": 40.04361901416845, "16": 41.32290286624447, "17": 42.102659518361, "18": 43.72773512432761, "19": 34.93290631442814, "20": 35.91365782040669, "21": 40.690136696027295, "22": 40.125839125046554, "23": 33.88549344450622, "24": 37.38143867871751, "25": 36.30161796289336, "26": 43.071606958105406, "27": 39.73878409236181, "28": 39.39340598410951, "29": 41.2465279943078, "30": 42.81838478329911, "31": 29.969140712705507, "32": 36.65910574496524, "33": 41.81953291094794, "34": 40.042876168869235, "35": 35.549701163530116, "36": 34.05068721590537, "37": 32.945778204311004, "38": 36.792567848341136, "39": 30.95033216222448, "40": 32.30983225151964, "41": 30.305725758317887, "42": 26.94962463743764, "43": 27.348061889345708, "44": 27.935520526927874, "45": 35.94335054138229, "46": 31.077956868651967, "47": 29.161332002902604, "48": 29.163556330668023, "49": 31.35613559186376, "50": 33.092137776452404, "51": 20.26786733062425, "52": 21.603613047121772, "53": 13.199434506737513, "54": 28.58868646272078, "55": 25.644875798473876, "56": 15.093902163412283, "57": 21.32219541543114, "58": 25.803461708062976 } }, "geometry": { "type": "Polygon", "coordinates": [ [ [ 129.875, -19.625 ], [ 129.875, -19.875 ], [ 128.875, -19.875 ], [ 128.875, -20.125 ], [ 128.125, -20.125 ], [ 128.125, -20.375 ], [ 128.625, -20.375 ], [ 128.625, -20.875 ], [ 128.875, -20.875 ], [ 128.875, -21.625 ], [ 129.875, -21.625 ], [ 129.875, -21.875 ], [ 130.125, -21.875 ], [ 130.125, -22.125 ], [ 130.875, -22.125 ], [ 130.875, -22.375 ], [ 131.625, -22.375 ], [ 131.625, -22.125 ], [ 132.875, -22.125 ], [ 132.875, -21.875 ], [ 136.125, -21.875 ], [ 136.125, -22.125 ], [ 136.625, -22.125 ], [ 136.625, -21.875 ], [ 137.625, -21.875 ], [ 137.625, -22.125 ], [ 138.125, -22.125 ], [ 138.125, -22.375 ], [ 138.375, -22.375 ], [ 138.375, -22.625 ], [ 140.125, -22.625 ], [ 140.125, -22.375 ], [ 140.375, -22.375 ], [ 140.375, -22.125 ], [ 140.125, -22.125 ], [ 140.125, -21.875 ], [ 138.875, -21.875 ], [ 138.875, -21.375 ], [ 138.625, -21.375 ], [ 138.625, -21.125 ], [ 137.625, -21.125 ], [ 137.625, -20.875 ], [ 136.125, -20.875 ], [ 136.125, -21.125 ], [ 134.875, -21.125 ], [ 134.875, -21.375 ], [ 133.625, -21.375 ], [ 133.625, -21.125 ], [ 132.125, -21.125 ], [ 132.125, -21.625 ], [ 131.375, -21.625 ], [ 131.375, -21.375 ], [ 131.125, -21.375 ], [ 131.125, -20.625 ], [ 130.875, -20.625 ], [ 130.875, -20.375 ], [ 130.625, -20.375 ], [ 130.625, -20.125 ], [ 130.375, -20.125 ], [ 130.375, -19.625 ], [ 129.875, -19.625 ] ] ] } },
{ "type": "Feature", "properties": { "cluster_id": 8, "cohesion": 6.9615330663153552, "distances": { "1": 26.527482853515856, "2": 28.534970364110055, "3": 18.195001503537913, "4": 15.10360224498097, "5": 19.75602536017739, "6": 24.078295054744423, "7": 19.047471094044482, "9": 16.291138360319476, "10": 13.380468799950155, "11": 14.584549227154865, "12": 15.075498613251183, "13": 21.187469069865397, "14": 39.1076002523495, "15": 37.97647927790824, "16": 40.75760811531999, "17": 42.28237055693588, "18": 45.65662091879266, "19": 41.47406368315505, "20": 39.86715917635698, "21": 42.606296217709954, "22": 44.450793554918675, "23": 33.02272019271419, "24": 40.01284562733237, "25": 37.38504738633999, "26": 45.514512520963955, "27": 43.44787496153788, "28": 40.96648398816414, "29": 42.71943539311551, "30": 46.52408741837601, "31": 37.44507982308315, "32": 43.12401379713832, "33": 45.467882076348964, "34": 44.92904374591036, "35": 38.88615890023771, "36": 35.20857959571273, "37": 35.73436282819945, "38": 41.05477840816409, "39": 32.79625982381021, "40": 32.842138834688136, "41": 31.644947387914897, "42": 29.70484494926942, "43": 29.122490470239068, "44": 28.88915266293937, "45": 33.203273894480375, "46": 30.3013272641813, "47": 27.53247764461429, "48": 38.204843681510965, "49": 35.22840971435104, "50": 37.50430545158371, "51": 29.80313709672733, "52": 32.86737220414223, "53": 26.149647806366893, "54": 27.34796467831736, "55": 24.812930805116366, "56": 21.191629876344948, "57": 29.2451128681048, "58": 29.924738716547864 } }, "geometry": { "type": "Polygon", "coordinates": [ [ [ 128.125, -15.375 ], [ 128.125, -15.625 ], [ 127.875, -15.625 ], [ 127.875, -16.125 ], [ 128.125, -16.125 ], [ 128.125, -16.375 ], [ 127.875, -16.375 ], [ 127.875, -16.625 ], [ 127.625, -16.625 ], [ 127.625, -16.125 ], [ 127.125, -16.125 ], [ 127.125, -16.375 ], [ 126.875, -16.375 ], [ 126.875, -16.625 ], [ 126.625, -16.625 ], [ 126.625, -16.875 ], [ 126.375, -16.875 ], [ 126.375, -17.125 ], [ 126.125, -17.125 ], [ 126.125, -17.625 ], [ 125.875, -17.625 ], [ 125.875, -17.875 ], [ 125.375, -17.875 ], [ 125.375, -17.625 ], [ 125.625, -17.625 ], [ 125.625, -16.625 ], [ 125.875, -16.625 ], [ 125.875, -16.125 ], [ 125.625, -16.125 ], [ 125.625, -15.875 ], [ 125.375, -15.875 ], [ 125.375, -16.125 ], [ 125.125, -16.125 ], [ 125.125, -16.375 ], [ 124.625, -16.375 ], [ 124.625, -16.875 ], [ 124.875, -16.875 ], [ 124.875, -17.375 ], [ 124.625, -17.375 ], [ 124.625, -18.125 ], [ 124.875, -18.125 ], [ 124.875, -18.375 ], [ 125.625, -18.375 ], [ 125.625, -19.125 ], [ 125.875, -19.125 ], [ 125.875, -19.625 ], [ 127.125, -19.625 ], [ 127.125, -19.375 ], [ 127.375, -19.375 ], [ 127.375, -19.125 ], [ 127.625, -19.125 ], [ 127.625, -18.875 ], [ 128.125, -18.875 ], [ 128.125, -19.375 ], [ 128.375, -19.375 ], [ 128.375, -19.125 ], [ 128.625, -19.125 ], [ 128.625, -18.625 ], [ 128.375, -18.625 ], [ 128.375, -17.625 ], [ 128.625, -17.625 ], [ 128.625, -16.625 ], [ 128.875, -16.625 ], [ 128.875, -15.875 ], [ 128.375, -15.875 ], [ 128.375, -15.375 ], [ 128.125, -15.375 ] ] ] } },
{ "type": "Feature", "properties": { "cluster_id": 9, "cohesion": 8.2391740989302633, "distances": { "1": 29.087553766751384, "2": 31.467916881607962, "3": 21.37580301138701, "4": 15.330085144484663, "5": 15.19467023851051, "6": 22.32540153479907, "7": 13.89949655339526, "8": 16.29113836031947, "10": 20.792334745571186, "11": 21.457678595608467, "12": 24.527599531795733, "13": 27.60331323988924, "14": 43.2946713586235, "15": 43.24579826738695, "16": 46.04098158068675, "17": 47.49940346759702, "18": 50.42263568716578, "19": 43.04434801892138, "20": 42.56331980658804, "21": 46.92300340071244, "22": 47.831373833795325, "23": 35.79916752458325, "24": 41.85185459461975, "25": 39.53790860933923, "26": 48.56883504415753, "27": 45.94130660468871, "28": 44.01561538629119, "29": 46.92677995998434, "30": 49.60076045437535, "31": 38.53716100815063, "32": 45.23029421910558, "33": 49.07494323030863, "34": 47.56828895916361, "35": 42.222299226492076, "36": 40.01738923131415, "37": 39.76471502136474, "38": 43.846114683601115, "39": 35.63356850231748, "40": 35.7043930447887, "41": 33.3753332501543, "42": 31.190438781453377, "43": 30.649121939006267, "44": 31.329194294173956, "45": 37.87698006831008, "46": 33.251808699721764, "47": 30.625904939997433, "48": 37.81406417384873, "49": 36.786579064514804, "50": 39.67663721124563, "51": 27.304820233576827, "52": 30.70377771305526, "53": 21.418748052279316, "54": 33.312222291939236, "55": 30.71186233970443, "56": 22.109647167781905, "57": 29.769007018515754, "58": 33.066219137025264 } }, "geometry": { "type": "Polygon", "coordinates": [ [ [ 130.125, -18.875 ], [ 130.125, -19.125 ], [ 128.375, -19.125 ], [ 128.375, -19.625 ], [ 129.125, -19.625 ], [ 129.125, -19.875 ], [ 129.875, -19.875 ], [ 129.875, -19.625 ], [ 130.375, -19.625 ], [ 130.375, -20.125 ], [ 130.625, -20.125 ], [ 130.625, -20.375 ], [ 130.875, -20.375 ], [ 130.875, -20.625 ], [ 131.125, -20.625 ], [ 131.125, -21.375 ], [ 131.375, -21.375 ], [ 131.375, -21.625 ], [ 132.125, -21.625 ], [ 132.125, -21.125 ], [ 133.625, -21.125 ], [ 133.625, -21.375 ], [ 134.875, -21.375 ], [ 134.875, -21.125 ], [ 136.125, -21.125 ], [ 136.125, -20.875 ], [ 137.625, -20.875 ], [ 137.625, -21.125 ], [ 138.625, -21.125 ], [ 138.625, -20.625 ], [ 138.375, -20.625 ], [ 138.375, -20.375 ], [ 138.625, -20.375 ], [ 138.625, -20.125 ], [ 138.375, -20.125 ], [ 138.375, -19.875 ], [ 138.125, -19.875 ], [ 138.125, -20.125 ], [ 137.625, -20.125 ], [ 137.625, -19.875 ], [ 137.125, -19.875 ], [ 137.125, -19.375 ], [ 135.875, -19.375 ], [ 135.875, -19.125 ], [ 134.875, -19.125 ], [ 134.875, -19.375 ], [ 132.875, -19.375 ], [ 132.875, -19.125 ], [ 130.875, -19.125 ], [ 130.875, -18.875 ], [ 130.125, -18.875 ] ] ] } },
{ "type": "Feature", "properties": { "cluster_id": 10, "cohesion": 9.8418411623220958, "distances": { "1": 28.5688859101616, "2": 29.05905772008065, "3": 24.93011720711623, "4": 22.47885907686376, "5": 23.604120200051703, "6": 25.112657337218014, "7": 19.38682150259148, "8": 13.380468799950155, "9": 20.792334745571186, "11": 19.241540594849006, "12": 13.801909927662422, "13": 21.513397426731572, "14": 34.248790065259755, "15": 34.28329569906662, "16": 36.34914570161345, "17": 38.273775803494566, "18": 40.98033846698312, "19": 36.8443120947096, "20": 35.433952829395764, "21": 37.50601804698487, "22": 39.30985335400287, "23": 32.553635506132736, "24": 37.96091205151538, "25": 36.37521730739549, "26": 42.76147110933455, "27": 39.85555900233973, "28": 38.86840099273342, "29": 39.54315282524643, "30": 43.021898328369836, "31": 32.626789026671034, "32": 38.16715351878455, "33": 41.22890725923013, "34": 40.65549986208638, "35": 33.44423371132832, "36": 29.50276852717105, "37": 29.695021651303062, "38": 36.14782954812199, "39": 30.844605150864528, "40": 31.58977591419273, "41": 30.458439550715358, "42": 28.474214548028783, "43": 27.349370754301876, "44": 25.90656414172003, "45": 29.767717558171444, "46": 27.43854140425285, "47": 24.76028150576787, "48": 34.18690740661263, "49": 32.07339142383833, "50": 33.89923937505539, "51": 27.860795656160274, "52": 29.300534467346722, "53": 24.375840769403744, "54": 21.359334627215738, "55": 17.164296225122296, "56": 16.50200904860271, "57": 24.169204967021454, "58": 23.144840975029876 } }, "geometry": { "type": "Polygon", "coordinates": [ [ [ 124.375, -16.375 ], [ 124.375, -16.625 ], [ 123.875, -16.625 ], [ 123.875, -17.125 ], [ 123.625, -17.125 ], [ 123.625, -17.375 ], [ 123.375, -17.375 ], [ 123.375, -17.625 ], [ 123.125, -17.625 ], [ 123.125, -17.875 ], [ 122.625, -17.875 ], [ 122.625, -17.375 ], [ 122.875, -17.375 ], [ 122.875, -17.125 ], [ 123.125, -17.125 ], [ 123.125, -16.875 ], [ 122.625, -16.875 ], [ 122.625, -17.125 ], [ 122.375, -17.125 ], [ 122.375, -18.125 ], [ 121.875, -18.125 ], [ 121.875, -18.375 ], [ 121.625, -18.375 ], [ 121.625, -18.625 ], [ 121.375, -18.625 ], [ 121.375, -18.875 ], [ 121.125, -18.875 ], [ 121.125, -19.125 ], [ 120.875, -19.125 ], [ 120.875, -19.375 ], [ 120.625, -19.375 ], [ 120.625, -19.625 ], [ 120.375, -19.625 ], [ 120.375, -19.875 ], [ 119.625, -19.875 ], [ 119.625, -20.125 ], [ 119.125, -20.125 ], [ 119.125, -20.375 ], [ 118.625, -20.375 ], [ 118.625, -21.375 ], [ 119.125, -21.375 ], [ 119.125, -21.125 ], [ 119.625, -21.125 ], [ 119.625, -21.375 ], [ 120.375, -21.375 ], [ 120.375, -21.125 ], [ 120.625, -21.125 ], [ 120.625, -20.875 ], [ 121.125, -20.875 ], [ 121.125, -20.625 ], [ 122.375, -20.625 ], [ 122.375, -20.875 ], [ 122.625, -20.875 ], [ 122.625, -21.125 ], [ 123.125, -21.125 ], [ 123.125, -21.375 ], [ 124.125, -21.375 ], [ 124.125, -21.125 ], [ 125.375, -21.125 ], [ 125.375, -21.375 ], [ 126.375, -21.375 ], [ 126.375, -21.625 ], [ 126.875, -21.625 ], [ 126.875, -21.375 ], [ 127.625, -21.375 ], [ 127.625, -21.625 ], [ 127.875, -21.625 ], [ 127.875, -21.375 ], [ 128.125, -21.375 ], [ 128.125, -21.125 ], [ 128.375, -21.125 ], [ 128.375, -20.875 ], [ 128.625, -20.875 ], [ 128.625, -20.375 ], [ 128.125, -20.375 ], [ 128.125, -20.125 ], [ 128.875, -20.125 ], [ 128.875, -19.875 ], [ 129.125, -19.875 ], [ 129.125, -19.625 ], [ 128.375, -19.625 ], [ 128.375, -19.375 ], [ 128.125, -19.375 ], [ 128.125, -18.875 ], [ 127.625, -18.875 ], [ 127.625, -19.125 ], [ 127.375, -19.125 ], [ 127.375, -19.375 ], [ 127.125, -19.375 ], [ 127.125, -19.625 ], [ 125.875, -19.625 ], [ 125.875, -19.125 ], [ 125.625, -19.125 ], [ 125.625, -18.375 ], [ 124.875, -18.375 ], [ 124.875, -18.125 ], [ 124.625, -18.125 ], [ 124.625, -17.375 ], [ 124.875, -17.375 ], [ 124.875, -16.875 ], [ 124.625, -16.875 ], [ 124.625, -16.375 ], [ 124.375, -16.375 ] ] ] } },
{ "type": "Feature", "properties": { "cluster_id": 11, "cohesion": 10.705478764781745, "distances": { "1": 20.82427286707156, "2": 22.3446476102155, "3": 15.226184080869999, "4": 17.311116910865522, "5": 19.91137994583469, "6": 22.035857503351963, "7": 23.228208069772396, "8": 14.584549227154866, "9": 21.457678595608463, "10": 19.241540594849006, "12": 15.695631592166675, "13": 15.92407967583807, "14": 36.462431470429756, "15": 33.76175100525925, "16": 37.01212599823091, "17": 37.58057283514002, "18": 41.595576648679916, "19": 39.59153452083483, "20": 37.71403043242647, "21": 39.91973267866337, "22": 41.75764907691252, "23": 27.27033077837664, "24": 35.141017206605326, "25": 31.84065197162089, "26": 40.43695602557071, "27": 39.46949386907881, "28": 35.46430053787487, "29": 37.485635698365634, "30": 41.86625848005159, "31": 36.16675636010043, "32": 40.62532682939509, "33": 41.26979048753343, "34": 41.419686203365146, "35": 35.91494565916975, "36": 32.321005236340035, "37": 34.22362247806292, "38": 38.310993580413516, "39": 28.33404018073526, "40": 26.984352303711002, "41": 26.729376462403746, "42": 26.578346282238655, "43": 25.892858933384353, "44": 27.060203846565173, "45": 30.07582909184057, "46": 26.324121863398393, "47": 25.941965327626157, "48": 36.59806795820406, "49": 32.47960967435038, "50": 34.626375453435166, "51": 28.943111982437202, "52": 33.01821682644965, "53": 28.10218495839687, "54": 25.6070818729759, "55": 26.317669028421555, "56": 25.256428949617476, "57": 30.61272562870784, "58": 30.750055847653826 } }, "geometry": { "type": "MultiPolygon", "coordinates": [ [ [ [ 127.375, -14.125 ], [ 127.625, -14.125 ], [ 127.625, -14.375 ], [ 127.375, -14.375 ], [ 127.375, -15.125 ], [ 127.125, -15.125 ], [ 127.125, -15.625 ], [ 126.875, -15.625 ], [ 126.875, -15.875 ], [ 127.875, -15.875 ], [ 127.875, -16.125 ], [ 128.125, -16.125 ], [ 128.125, -16.375 ], [ 127.875, -16.375 ], [ 127.875, -16.625 ], [ 127.625, -16.625 ], [ 127.625, -16.125 ], [ 127.125, -16.125 ], [ 127.125, -16.375 ], [ 126.875, -16.375 ], [ 126.875, -16.625 ], [ 126.625, -16.625 ], [ 126.625, -16.875 ], [ 126.375, -16.875 ], [ 126.375, -17.125 ], [ 126.125, -17.125 ], [ 126.125, -16.875 ], [ 125.625, -16.875 ], [ 125.625, -16.625 ], [ 125.875, -16.625 ], [ 125.875, -16.125 ], [ 125.625, -16.125 ], [ 125.625, -15.875 ], [ 125.375, -15.875 ], [ 125.375, -16.125 ], [ 125.125, -16.125 ], [ 125.125, -16.375 ], [ 124.625, -16.375 ], [ 124.625, -15.625 ], [ 124.875, -15.625 ], [ 124.875, -15.375 ], [ 125.125, -15.375 ], [ 125.125, -15.125 ], [ 125.375, -15.125 ], [ 125.375, -14.875 ], [ 125.625, -14.875 ], [ 125.625, -14.625 ], [ 125.875, -14.625 ], [ 125.875, -14.375 ], [ 126.125, -14.375 ], [ 126.125, -14.125 ], [ 126.625, -14.125 ], [ 126.625, -13.875 ], [ 127.375, -13.875 ], [ 127.375, -14.125 ] ] ], [ [ [ 127.875, -15.375 ], [ 128.125, -15.375 ], [ 128.125, -15.625 ], [ 127.875, -15.625 ], [ 127.875, -15.375 ] ] ], [ [ [ 128.375, -15.375 ], [ 128.125, -15.375 ], [ 128.125, -15.125 ], [ 128.375, -15.125 ], [ 128.375, -15.375 ] ] ], [ [ [ 128.375, -14.875 ], [ 128.625, -14.875 ], [ 128.625, -15.125 ], [ 128.375, -15.125 ], [ 128.375, -14.875 ] ] ], [ [ [ 129.375, -14.375 ], [ 129.125, -14.375 ], [ 129.125, -14.125 ], [ 129.375, -14.125 ], [ 129.375, -13.875 ], [ 129.625, -13.875 ], [ 129.625, -13.625 ], [ 129.875, -13.625 ], [ 129.875, -13.375 ], [ 130.125, -13.375 ], [ 130.125, -13.125 ], [ 130.375, -13.125 ], [ 130.375, -12.875 ], [ 130.625, -12.875 ], [ 130.625, -12.625 ], [ 131.125, -12.625 ], [ 131.125, -12.375 ], [ 132.375, -12.375 ], [ 132.375, -12.125 ], [ 131.625, -12.125 ], [ 131.625, -11.875 ], [ 132.125, -11.875 ], [ 132.125, -11.625 ], [ 132.375, -11.625 ], [ 132.375, -11.375 ], [ 132.625, -11.375 ], [ 132.625, -11.125 ], [ 133.125, -11.125 ], [ 133.125, -11.375 ], [ 133.875, -11.375 ], [ 133.875, -11.625 ], [ 134.875, -11.625 ], [ 134.875, -11.875 ], [ 135.375, -11.875 ], [ 135.375, -11.625 ], [ 135.625, -11.625 ], [ 135.625, -11.875 ], [ 136.625, -11.875 ], [ 136.625, -12.125 ], [ 136.875, -12.125 ], [ 136.875, -12.375 ], [ 137.125, -12.375 ], [ 137.125, -12.625 ], [ 136.875, -12.625 ], [ 136.875, -13.125 ], [ 136.625, -13.125 ], [ 136.625, -13.375 ], [ 136.375, -13.375 ], [ 136.375, -13.625 ], [ 136.125, -13.625 ], [ 136.125, -13.875 ], [ 136.375, -13.875 ], [ 136.375, -14.125 ], [ 136.125, -14.125 ], [ 136.125, -14.375 ], [ 135.875, -14.375 ], [ 135.875, -14.875 ], [ 136.125, -14.875 ], [ 136.125, -15.125 ], [ 135.375, -15.125 ], [ 135.375, -14.875 ], [ 134.625, -14.875 ], [ 134.625, -15.125 ], [ 134.375, -15.125 ], [ 134.375, -15.375 ], [ 134.125, -15.375 ], [ 134.125, -15.625 ], [ 133.875, -15.625 ], [ 133.875, -15.375 ], [ 132.875, -15.375 ], [ 132.875, -15.125 ], [ 132.625, -15.125 ], [ 132.625, -14.625 ], [ 132.875, -14.625 ], [ 132.875, -14.375 ], [ 133.125, -14.375 ], [ 133.125, -14.125 ], [ 133.375, -14.125 ], [ 133.375, -13.625 ], [ 133.625, -13.625 ], [ 133.625, -13.375 ], [ 133.875, -13.375 ], [ 133.875, -13.125 ], [ 134.375, -13.125 ], [ 134.375, -14.125 ], [ 134.875, -14.125 ], [ 134.875, -13.875 ], [ 135.125, -13.875 ], [ 135.125, -13.625 ], [ 135.375, -13.625 ], [ 135.375, -13.125 ], [ 135.625, -13.125 ], [ 135.625, -12.875 ], [ 135.875, -12.875 ], [ 135.875, -12.375 ], [ 135.625, -12.375 ], [ 135.625, -12.125 ], [ 133.875, -12.125 ], [ 133.875, -11.875 ], [ 133.125, -11.875 ], [ 133.125, -12.375 ], [ 132.625, -12.375 ], [ 132.625, -12.625 ], [ 132.125, -12.625 ], [ 132.125, -12.875 ], [ 131.125, -12.875 ], [ 131.125, -13.125 ], [ 130.625, -13.125 ], [ 130.625, -13.375 ], [ 130.375, -13.375 ], [ 130.375, -13.625 ], [ 130.125, -13.625 ], [ 130.125, -13.875 ], [ 129.875, -13.875 ], [ 129.875, -14.125 ], [ 129.625, -14.125 ], [ 129.625, -14.875 ], [ 128.625, -14.875 ], [ 128.625, -14.625 ], [ 129.375, -14.625 ], [ 129.375, -14.375 ] ] ], [ [ [ 131.625, -11.125 ], [ 131.625, -11.375 ], [ 131.875, -11.375 ], [ 131.875, -11.625 ], [ 131.625, -11.625 ], [ 131.625, -11.875 ], [ 130.875, -11.875 ], [ 130.875, -11.375 ], [ 131.125, -11.375 ], [ 131.125, -10.875 ], [ 131.375, -10.875 ], [ 131.375, -11.125 ], [ 131.625, -11.125 ] ] ], [ [ [ 130.375, -11.125 ], [ 130.375, -10.875 ], [ 130.625, -10.875 ], [ 130.625, -11.125 ], [ 130.375, -11.125 ] ] ] ] } },
{ "type": "Feature", "properties": { "cluster_id": 12, "cohesion": 8.2306609211844854, "distances": { "1": 27.212458270500772, "2": 25.901775519608055, "3": 24.52440326629251, "4": 24.042894321181286, "5": 24.180499855394782, "6": 23.397208685034954, "7": 22.336256102914298, "8": 15.075498613251183, "9": 24.527599531795737, "10": 13.801909927662422, "11": 15.695631592166672, "13": 13.837351500173765, "14": 31.012501639693415, "15": 30.6904385876454, "16": 32.410810207656, "17": 33.10320237966462, "18": 35.90071944619634, "19": 33.6516782857997, "20": 32.07677616441854, "21": 33.95306176941988, "22": 35.3776937891981, "23": 27.62312181335396, "24": 32.42119324213836, "25": 30.852297390025022, "26": 36.54396231556264, "27": 34.44120440172903, "28": 32.85365935739155, "29": 33.518103328981105, "30": 37.05128996711743, "31": 29.812973378605633, "32": 34.36928482719312, "33": 35.86150834789727, "34": 35.51802433229759, "35": 29.003166535459997, "36": 25.395541492584016, "37": 26.508819488582528, "38": 31.78059219199521, "39": 25.891203702031202, "40": 26.502445591847795, "41": 25.706436169212154, "42": 24.622383455905254, "43": 23.753525414085004, "44": 23.504588546863854, "45": 27.666480945067647, "46": 24.84761701404605, "47": 23.60020839806448, "48": 31.558218642240668, "49": 28.398396478374774, "50": 29.854262357413685, "51": 26.459281426043674, "52": 28.340439843772632, "53": 25.28062128972357, "54": 18.377257658330112, "55": 17.877394788521883, "56": 19.620582873613124, "57": 24.1754778021925, "58": 23.07941900708805 } }, "geometry": { "type": "MultiPolygon", "coordinates": [ [ [ [ 126.125, -16.875 ], [ 126.125, -17.625 ], [ 125.875, -17.625 ], [ 125.875, -17.875 ], [ 125.375, -17.875 ], [ 125.375, -17.625 ], [ 125.625, -17.625 ], [ 125.625, -16.875 ], [ 126.125, -16.875 ] ] ], [ [ [ 124.625, -16.375 ], [ 124.375, -16.375 ], [ 124.375, -16.625 ], [ 123.875, -16.625 ], [ 123.875, -17.125 ], [ 123.625, -17.125 ], [ 123.625, -17.375 ], [ 123.375, -17.375 ], [ 123.375, -17.625 ], [ 123.125, -17.625 ], [ 123.125, -17.875 ], [ 122.625, -17.875 ], [ 122.625, -17.375 ], [ 122.875, -17.375 ], [ 122.875, -17.125 ], [ 123.125, -17.125 ], [ 123.125, -16.875 ], [ 122.625, -16.875 ], [ 122.625, -17.125 ], [ 122.375, -17.125 ], [ 122.375, -18.125 ], [ 122.125, -18.125 ], [ 122.125, -17.875 ], [ 121.875, -17.875 ], [ 121.875, -17.125 ], [ 122.125, -17.125 ], [ 122.125, -16.875 ], [ 122.375, -16.875 ], [ 122.375, -16.625 ], [ 122.625, -16.625 ], [ 122.625, -16.375 ], [ 123.625, -16.375 ], [ 123.625, -16.125 ], [ 124.375, -16.125 ], [ 124.375, -15.875 ], [ 124.625, -15.875 ], [ 124.625, -16.375 ] ] ], [ [ [ 128.375, -14.625 ], [ 128.625, -14.625 ], [ 128.625, -14.875 ], [ 128.375, -14.875 ], [ 128.375, -15.125 ], [ 128.125, -15.125 ], [ 128.125, -15.375 ], [ 127.875, -15.375 ], [ 127.875, -15.875 ], [ 126.875, -15.875 ], [ 126.875, -15.625 ], [ 127.125, -15.625 ], [ 127.125, -15.125 ], [ 127.375, -15.125 ], [ 127.375, -14.375 ], [ 128.375, -14.375 ], [ 128.375, -14.625 ] ] ] ] } },
{ "type": "Feature", "properties": { "cluster_id": 13, "cohesion": 8.2888809823311895, "distances": { "1": 26.202532132898703, "2": 23.170084525420133, "3": 25.32992173699014, "4": 26.83737347302178, "5": 24.90497960255735, "6": 22.336877465596185, "7": 24.940271160318513, "8": 21.187469069865397, "9": 27.60331323988924, "10": 21.51339742673158, "11": 15.92407967583807, "12": 13.837351500173767, "14": 31.029335474095323, "15": 30.338461908696708, "16": 31.75618088649091, "17": 30.31214795469225, "18": 32.829031405670875, "19": 32.45914942402218, "20": 31.56226555852747, "21": 33.54925781043644, "22": 33.597805400413314, "23": 23.055824174917586, "24": 26.027060104447003, "25": 24.843657052439433, "26": 30.187784666831508, "27": 28.844229706048885, "28": 27.046099639726307, "29": 28.538430631691874, "30": 31.232077694990853, "31": 27.518656500067383, "32": 31.859570571699884, "33": 31.37157380720648, "34": 30.556401587879467, "35": 26.205946702575602, "36": 24.434392575867257, "37": 25.28050613985571, "38": 27.985833984477814, "39": 22.73035039205073, "40": 22.04552246980972, "41": 22.017381332297877, "42": 22.76472839812748, "43": 22.260216505957573, "44": 24.147169862077707, "45": 28.803920285578666, "46": 24.011734004905254, "47": 25.428541437826123, "48": 29.647232386772387, "49": 26.987513650424216, "50": 28.125606798269494, "51": 25.559519605992776, "52": 27.534477490784983, "53": 25.810645420510937, "54": 20.077935836801135, "55": 22.3606904968329, "56": 23.39359251384893, "57": 24.91657308128504, "58": 24.628415189843487 } }, "geometry": { "type": "MultiPolygon", "coordinates": [ [ [ [ 123.375, -16.375 ], [ 123.375, -16.125 ], [ 123.625, -16.125 ], [ 123.625, -16.375 ], [ 123.375, -16.375 ] ] ], [ [ [ 125.875, -14.625 ], [ 125.625, -14.625 ], [ 125.625, -14.875 ], [ 125.375, -14.875 ], [ 125.375, -15.125 ], [ 125.125, -15.125 ], [ 125.125, -15.375 ], [ 124.875, -15.375 ], [ 124.875, -15.625 ], [ 124.625, -15.625 ], [ 124.625, -15.875 ], [ 124.375, -15.875 ], [ 124.375, -16.125 ], [ 123.625, -16.125 ], [ 123.625, -15.875 ], [ 124.125, -15.875 ], [ 124.125, -15.625 ], [ 124.375, -15.625 ], [ 124.375, -15.375 ], [ 124.625, -15.375 ], [ 124.625, -15.125 ], [ 124.875, -15.125 ], [ 124.875, -14.625 ], [ 125.125, -14.625 ], [ 125.125, -14.375 ], [ 125.375, -14.375 ], [ 125.375, -14.125 ], [ 126.125, -14.125 ], [ 126.125, -14.375 ], [ 125.875, -14.375 ], [ 125.875, -14.625 ] ] ], [ [ [ 126.625, -14.125 ], [ 126.125, -14.125 ], [ 126.125, -13.875 ], [ 126.625, -13.875 ], [ 126.625, -14.125 ] ] ], [ [ [ 127.875, -13.875 ], [ 127.875, -14.125 ], [ 128.125, -14.125 ], [ 128.125, -14.375 ], [ 127.625, -14.375 ], [ 127.625, -14.125 ], [ 127.375, -14.125 ], [ 127.375, -13.875 ], [ 126.625, -13.875 ], [ 126.625, -13.625 ], [ 127.625, -13.625 ], [ 127.625, -13.875 ], [ 127.875, -13.875 ] ] ], [ [ [ 129.375, -13.875 ], [ 129.375, -13.625 ], [ 129.625, -13.625 ], [ 129.625, -13.875 ], [ 129.375, -13.875 ] ] ], [ [ [ 129.625, -13.375 ], [ 129.875, -13.375 ], [ 129.875, -13.625 ], [ 129.625, -13.625 ], [ 129.625, -13.375 ] ] ], [ [ [ 130.125, -12.375 ], [ 130.375, -12.375 ], [ 130.375, -11.875 ], [ 130.125, -11.875 ], [ 130.125, -11.625 ], [ 129.875, -11.625 ], [ 129.875, -11.375 ], [ 130.125, -11.375 ], [ 130.125, -11.125 ], [ 131.125, -11.125 ], [ 131.125, -11.375 ], [ 130.875, -11.375 ], [ 130.875, -11.875 ], [ 131.625, -11.875 ], [ 131.625, -12.125 ], [ 132.375, -12.125 ], [ 132.375, -12.375 ], [ 131.125, -12.375 ], [ 131.125, -12.625 ], [ 130.625, -12.625 ], [ 130.625, -12.875 ], [ 130.375, -12.875 ], [ 130.375, -13.125 ], [ 130.125, -13.125 ], [ 130.125, -13.375 ], [ 129.875, -13.375 ], [ 129.875, -12.625 ], [ 130.125, -12.625 ], [ 130.125, -12.375 ] ], [ [ 130.625, -11.875 ], [ 130.625, -12.125 ], [ 130.875, -12.125 ], [ 130.875, -11.875 ], [ 130.625, -11.875 ] ] ] ] } },
{ "type": "Feature", "properties": { "cluster_id": 14, "cohesion": 8.1220478376047449, "distances": { "1": 37.711049798453395, "2": 33.95025814379348, "3": 43.61247128959111, "4": 44.520705514592755, "5": 40.457394992891935, "6": 35.53723968003372, "7": 37.94708106420373, "8": 39.10760025234949, "9": 43.294671358623496, "10": 34.248790065259755, "11": 36.46243147042976, "12": 31.01250163969342, "13": 31.029335474095323, "15": 15.556044284465203, "16": 12.986827826642239, "17": 20.50471262326367, "18": 22.19669258152571, "19": 22.015981449916357, "20": 17.434758382351944, "21": 10.762680639389451, "22": 19.089617550424705, "23": 31.953846729426587, "24": 36.01318835001717, "25": 34.66979834286038, "26": 35.50412337945063, "27": 34.557906193391226, "28": 32.175190491290216, "29": 27.503528155976102, "30": 32.00350836073284, "31": 28.384310853779034, "32": 25.31889824480098, "33": 27.611877860479755, "34": 31.101217772646184, "35": 28.249684300387322, "36": 24.76749588568108, "37": 28.551106117266496, "38": 31.067193532448215, "39": 28.73823098540748, "40": 30.592081170988937, "41": 29.047899285887986, "42": 30.39528229172224, "43": 25.785818609363076, "44": 20.62678833382445, "45": 18.04714866954311, "46": 22.36895730030327, "47": 21.57644581356007, "48": 28.501248850506105, "49": 23.463390657276907, "50": 25.365036740121553, "51": 32.00595976237724, "52": 31.59215672357394, "53": 35.259041059340284, "54": 25.166095294912413, "55": 28.19571039267884, "56": 32.757763947912714, "57": 29.626001230101846, "58": 27.559581758670163 } }, "geometry": { "type": "MultiPolygon", "coordinates": [ [ [ [ 149.125, -36.375 ], [ 149.125, -36.625 ], [ 148.875, -36.625 ], [ 148.875, -36.375 ], [ 149.125, -36.375 ] ] ], [ [ [ 142.875, -34.125 ], [ 142.875, -34.875 ], [ 143.375, -34.875 ], [ 143.375, -35.125 ], [ 144.375, -35.125 ], [ 144.375, -35.375 ], [ 144.875, -35.375 ], [ 144.875, -35.625 ], [ 145.375, -35.625 ], [ 145.375, -35.875 ], [ 146.125, -35.875 ], [ 146.125, -36.375 ], [ 146.375, -36.375 ], [ 146.375, -36.125 ], [ 146.625, -36.125 ], [ 146.625, -35.875 ], [ 147.375, -35.875 ], [ 147.375, -35.625 ], [ 147.625, -35.625 ], [ 147.625, -35.375 ], [ 148.375, -35.375 ], [ 148.375, -36.375 ], [ 148.125, -36.375 ], [ 148.125, -36.625 ], [ 147.625, -36.625 ], [ 147.625, -36.875 ], [ 146.875, -36.875 ], [ 146.875, -37.125 ], [ 146.375, -37.125 ], [ 146.375, -37.375 ], [ 144.125, -37.375 ], [ 144.125, -36.875 ], [ 143.875, -36.875 ], [ 143.875, -37.125 ], [ 143.625, -37.125 ], [ 143.625, -36.625 ], [ 143.375, -36.625 ], [ 143.375, -36.375 ], [ 142.875, -36.375 ], [ 142.875, -36.125 ], [ 142.625, -36.125 ], [ 142.625, -35.375 ], [ 142.375, -35.375 ], [ 142.375, -34.125 ], [ 142.875, -34.125 ] ] ] ] } },
{ "type": "Feature", "properties": { "cluster_id": 15, "cohesion": 5.9841408639776281, "distances": { "1": 31.47181265330928, "2": 28.727385105686942, "3": 39.10267855167914, "4": 41.796206806921596, "5": 38.913046227704655, "6": 34.718320773827166, "7": 40.04361901416845, "8": 37.97647927790824, "9": 43.24579826738695, "10": 34.28329569906663, "11": 33.76175100525925, "12": 30.6904385876454, "13": 30.338461908696708, "14": 15.556044284465203, "16": 10.421145071315157, "17": 18.12494168812369, "18": 24.21063122902195, "19": 30.435801288145843, "20": 25.525482704247402, "21": 18.377749928169177, "22": 26.661061961972845, "23": 28.3525813379774, "24": 36.43236812868619, "25": 32.981547584255146, "26": 36.26745070794966, "27": 37.33704560316928, "28": 30.973310939601255, "29": 26.844624599326636, "30": 34.50822712911007, "31": 35.033452962962194, "32": 32.406676389501854, "33": 30.780759365840623, "34": 35.93180363812108, "35": 31.727481664473512, "36": 26.372811253634065, "37": 32.73042690888417, "38": 35.588302119223755, "39": 28.240640709314352, "40": 27.74596784653741, "41": 27.725497789498956, "42": 30.656783076896065, "43": 26.629052618072457, "44": 23.457889694252977, "45": 12.645548270390204, "46": 18.987832034856865, "47": 21.3690808060154, "48": 34.88073847853425, "49": 27.38307194225645, "50": 29.176504267411268, "51": 35.09338217733943, "52": 37.515655956919474, "53": 39.527463551570385, "54": 25.604009109130253, "55": 30.401916397954025, "56": 36.388966591886444, "57": 35.48441926880531, "58": 32.48543071439164 } }, "geometry": { "type": "MultiPolygon", "coordinates": [ [ [ [ 146.125, -37.375 ], [ 146.125, -37.625 ], [ 144.875, -37.625 ], [ 144.875, -37.375 ], [ 146.125, -37.375 ] ] ], [ [ [ 140.875, -36.125 ], [ 141.125, -36.125 ], [ 141.125, -36.375 ], [ 141.625, -36.375 ], [ 141.625, -36.625 ], [ 141.875, -36.625 ], [ 141.875, -36.875 ], [ 142.125, -36.875 ], [ 142.125, -37.125 ], [ 143.375, -37.125 ], [ 143.375, -37.375 ], [ 144.125, -37.375 ], [ 144.125, -37.625 ], [ 142.125, -37.625 ], [ 142.125, -37.875 ], [ 141.625, -37.875 ], [ 141.625, -38.125 ], [ 140.125, -38.125 ], [ 140.125, -37.875 ], [ 139.875, -37.875 ], [ 139.875, -37.625 ], [ 139.625, -37.625 ], [ 139.625, -37.375 ], [ 139.375, -37.375 ], [ 139.375, -36.375 ], [ 139.875, -36.375 ], [ 139.875, -35.875 ], [ 140.875, -35.875 ], [ 140.875, -36.125 ] ] ], [ [ [ 139.125, -35.375 ], [ 138.875, -35.375 ], [ 138.875, -35.625 ], [ 138.375, -35.625 ], [ 138.375, -35.125 ], [ 138.625, -35.125 ], [ 138.625, -34.875 ], [ 138.875, -34.875 ], [ 138.875, -34.625 ], [ 139.125, -34.625 ], [ 139.125, -35.375 ] ] ] ] } },
{ "type": "Feature", "properties": { "cluster_id": 16, "cohesion": 7.4570843510987563, "distances": { "1": 36.34861849804197, "2": 32.332900801464454, "3": 43.8070302474704, "4": 45.824188013749236, "5": 42.042506221456996, "6": 36.731075966461496, "7": 41.322902866244476, "8": 40.75760811531999, "9": 46.04098158068675, "10": 36.34914570161345, "11": 37.0121259982309, "12": 32.41081020765599, "13": 31.75618088649091, "14": 12.986827826642239, "15": 10.421145071315156, "17": 14.138742611842082, "18": 18.320379850327694, "19": 26.5225695860634, "20": 22.838948117716324, "21": 13.093164176174804, "22": 20.72253595844676, "23": 30.60630451074919, "24": 36.19872229186077, "25": 33.79023148557717, "26": 34.446376329036006, "27": 35.27320650999484, "28": 30.27482467268187, "29": 24.042950717311378, "30": 30.965633377134136, "31": 31.70113863120732, "32": 27.616009454645532, "33": 26.102411485287867, "34": 32.088954879894885, "35": 29.987184834968073, "36": 25.27211867424901, "37": 30.645874228453927, "38": 32.92480594965252, "39": 28.611735431978595, "40": 29.334717526023102, "41": 29.70336952584114, "42": 31.599838017883172, "43": 28.469561613067444, "44": 25.278988864996876, "45": 18.35664421995313, "46": 23.413231320190278, "47": 25.406987776841945, "48": 32.15308899553736, "49": 27.141328691475977, "50": 27.696827247189486, "51": 34.955951927832295, "52": 35.810660915350915, "53": 39.360990020152485, "54": 26.074554407881834, "55": 30.458466622261472, "56": 36.301917626414124, "57": 33.66347529847946, "58": 30.803504709693403 } }, "geometry": { "type": "Polygon", "coordinates": [ [ [ 138.125, -32.375 ], [ 138.125, -33.125 ], [ 137.875, -33.125 ], [ 137.875, -33.625 ], [ 137.625, -33.625 ], [ 137.625, -33.875 ], [ 137.375, -33.875 ], [ 137.375, -33.625 ], [ 137.125, -33.625 ], [ 137.125, -33.125 ], [ 136.625, -33.125 ], [ 136.625, -33.875 ], [ 136.375, -33.875 ], [ 136.375, -34.125 ], [ 136.125, -34.125 ], [ 136.125, -34.375 ], [ 135.875, -34.375 ], [ 135.875, -34.875 ], [ 136.125, -34.875 ], [ 136.125, -34.625 ], [ 136.375, -34.625 ], [ 136.375, -34.375 ], [ 136.625, -34.375 ], [ 136.625, -34.125 ], [ 137.125, -34.125 ], [ 137.125, -34.375 ], [ 137.375, -34.375 ], [ 137.375, -34.625 ], [ 137.625, -34.625 ], [ 137.625, -34.875 ], [ 137.875, -34.875 ], [ 137.875, -34.625 ], [ 138.125, -34.625 ], [ 138.125, -35.375 ], [ 138.375, -35.375 ], [ 138.375, -35.125 ], [ 138.625, -35.125 ], [ 138.625, -34.875 ], [ 138.875, -34.875 ], [ 138.875, -34.625 ], [ 139.125, -34.625 ], [ 139.125, -35.375 ], [ 138.875, -35.375 ], [ 138.875, -35.625 ], [ 138.625, -35.625 ], [ 138.625, -35.875 ], [ 139.125, -35.875 ], [ 139.125, -36.125 ], [ 139.375, -36.125 ], [ 139.375, -36.375 ], [ 139.875, -36.375 ], [ 139.875, -35.875 ], [ 140.875, -35.875 ], [ 140.875, -36.125 ], [ 141.125, -36.125 ], [ 141.125, -36.375 ], [ 141.625, -36.375 ], [ 141.625, -36.625 ], [ 141.875, -36.625 ], [ 141.875, -36.875 ], [ 142.125, -36.875 ], [ 142.125, -37.125 ], [ 143.375, -37.125 ], [ 143.375, -37.375 ], [ 144.125, -37.375 ], [ 144.125, -36.875 ], [ 143.875, -36.875 ], [ 143.875, -37.125 ], [ 143.625, -37.125 ], [ 143.625, -36.625 ], [ 143.375, -36.625 ], [ 143.375, -36.375 ], [ 142.875, -36.375 ], [ 142.875, -36.125 ], [ 142.625, -36.125 ], [ 142.625, -35.375 ], [ 142.375, -35.375 ], [ 142.375, -35.125 ], [ 141.875, -35.125 ], [ 141.875, -34.625 ], [ 141.625, -34.625 ], [ 141.625, -35.125 ], [ 141.375, -35.125 ], [ 141.375, -34.875 ], [ 141.125, -34.875 ], [ 141.125, -35.125 ], [ 140.125, -35.125 ], [ 140.125, -34.875 ], [ 139.625, -34.875 ], [ 139.625, -33.375 ], [ 139.875, -33.375 ], [ 139.875, -32.875 ], [ 138.375, -32.875 ], [ 138.375, -32.375 ], [ 138.125, -32.375 ] ] ] } },
{ "type": "Feature", "properties": { "cluster_id": 17, "cohesion": 7.2523532668295632, "distances": { "1": 36.8281822778166, "2": 31.0552021860386, "3": 45.214258183512605, "4": 47.44968792549479, "5": 42.37173302985396, "6": 35.565955887443735, "7": 42.10265951836101, "8": 42.28237055693588, "9": 47.49940346759702, "10": 38.27377580349457, "11": 37.58057283514002, "12": 33.10320237966463, "13": 30.312147954692247, "14": 20.50471262326367, "15": 18.124941688123688, "16": 14.138742611842083, "18": 11.558892675833428, "19": 26.45458148784521, "20": 25.491007520951417, "21": 18.855445687619618, "22": 19.790282420850524, "23": 27.534599807211134, "24": 31.234147407186956, "25": 28.935379345989276, "26": 27.259768037350828, "27": 29.99855335919379, "28": 22.873798738425116, "29": 13.627263675397732, "30": 22.40708218318415, "31": 29.087040305449964, "32": 24.236029328038565, "33": 17.72143618082398, "34": 26.34496682851281, "35": 27.13576846920262, "36": 23.180942275385256, "37": 28.934659593527694, "38": 29.39623792944573, "39": 25.58757071929047, "40": 25.94306334471232, "41": 28.387289106410574, "42": 30.00757352908569, "43": 29.51115964131279, "44": 29.178741269889613, "45": 25.817565041874225, "46": 26.6982625570379, "47": 31.08840949049775, "48": 30.040403054763267, "49": 28.00925300586607, "50": 26.339619471028563, "51": 33.63427789168026, "52": 34.65373377289353, "53": 39.259877969909574, "54": 25.568704012804098, "55": 31.4678127123766, "56": 37.12487658796356, "57": 33.3975161746652, "58": 31.11970597676552 } }, "geometry": { "type": "Polygon", "coordinates": [ [ [ 134.625, -31.375 ], [ 134.625, -31.625 ], [ 133.625, -31.625 ], [ 133.625, -31.875 ], [ 132.125, -31.875 ], [ 132.125, -32.375 ], [ 133.625, -32.375 ], [ 133.625, -32.625 ], [ 133.875, -32.625 ], [ 133.875, -33.125 ], [ 134.125, -33.125 ], [ 134.125, -33.375 ], [ 134.375, -33.375 ], [ 134.375, -33.625 ], [ 134.625, -33.625 ], [ 134.625, -33.875 ], [ 134.875, -33.875 ], [ 134.875, -34.375 ], [ 135.125, -34.375 ], [ 135.125, -34.625 ], [ 135.375, -34.625 ], [ 135.375, -34.875 ], [ 135.875, -34.875 ], [ 135.875, -34.375 ], [ 136.125, -34.375 ], [ 136.125, -34.125 ], [ 136.375, -34.125 ], [ 136.375, -33.875 ], [ 136.625, -33.875 ], [ 136.625, -33.125 ], [ 137.125, -33.125 ], [ 137.125, -33.625 ], [ 137.375, -33.625 ], [ 137.375, -33.875 ], [ 137.625, -33.875 ], [ 137.625, -33.625 ], [ 137.875, -33.625 ], [ 137.875, -33.125 ], [ 138.125, -33.125 ], [ 138.125, -32.375 ], [ 137.875, -32.375 ], [ 137.875, -32.625 ], [ 135.875, -32.625 ], [ 135.875, -32.375 ], [ 135.375, -32.375 ], [ 135.375, -32.125 ], [ 135.125, -32.125 ], [ 135.125, -31.625 ], [ 134.875, -31.625 ], [ 134.875, -31.375 ], [ 134.625, -31.375 ] ] ] } },
{ "type": "Feature", "properties": { "cluster_id": 18, "cohesion": 6.5199880090649573, "distances": { "1": 42.66383583868136, "2": 36.26721221176569, "3": 50.28942022525956, "4": 51.74353522010907, "5": 46.01487716193256, "6": 38.67980959132418, "7": 43.72773512432761, "8": 45.65662091879266, "9": 50.42263568716578, "10": 40.98033846698311, "11": 41.59557664867992, "12": 35.90071944619634, "13": 32.829031405670875, "14": 22.19669258152571, "15": 24.21063122902195, "16": 18.320379850327697, "17": 11.558892675833428, "19": 24.85585148294706, "20": 26.059966685833984, "21": 18.7418323344544, "22": 15.111496845271654, "23": 31.656772078356216, "24": 30.948077953051886, "25": 30.898860768045246, "26": 25.53395915772726, "27": 27.039638004594057, "28": 24.68799524693512, "29": 14.994120343839628, "30": 18.73491817185192, "31": 25.32335084426656, "32": 19.658147131889677, "33": 12.221266094260269, "34": 21.127474842348413, "35": 25.514432805032648, "36": 23.530229759063776, "37": 26.36818854961808, "38": 25.626705282442224, "39": 28.39762761137044, "40": 29.992251427151388, "41": 32.39864431479744, "42": 32.83645059378469, "43": 33.07889811635926, "44": 32.43729706329661, "45": 31.138720384454846, "46": 30.93439249599288, "47": 35.2138931370366, "48": 28.380563638983798, "49": 30.402101075398143, "50": 27.403101887095342, "51": 34.739536161804544, "52": 33.41779306831005, "53": 39.43397596103815, "54": 27.466089138375022, "55": 32.131895395060475, "56": 37.423889452072224, "57": 31.68635192430733, "58": 29.482023645097037 } }, "geometry": { "type": "Polygon", "coordinates": [ [ [ 134.125, -28.625 ], [ 134.125, -29.375 ], [ 133.875, -29.375 ], [ 133.875, -30.125 ], [ 133.375, -30.125 ], [ 133.375, -30.375 ], [ 133.125, -30.375 ], [ 133.125, -30.625 ], [ 132.875, -30.625 ], [ 132.875, -30.875 ], [ 133.125, -30.875 ], [ 133.125, -31.125 ], [ 133.625, -31.125 ], [ 133.625, -31.625 ], [ 134.625, -31.625 ], [ 134.625, -31.375 ], [ 134.875, -31.375 ], [ 134.875, -31.625 ], [ 135.125, -31.625 ], [ 135.125, -32.125 ], [ 135.375, -32.125 ], [ 135.375, -32.375 ], [ 135.875, -32.375 ], [ 135.875, -32.625 ], [ 137.875, -32.625 ], [ 137.875, -32.375 ], [ 138.375, -32.375 ], [ 138.375, -32.125 ], [ 138.125, -32.125 ], [ 138.125, -31.875 ], [ 137.625, -31.875 ], [ 137.625, -31.625 ], [ 137.375, -31.625 ], [ 137.375, -31.375 ], [ 137.125, -31.375 ], [ 137.125, -31.125 ], [ 136.125, -31.125 ], [ 136.125, -30.625 ], [ 135.875, -30.625 ], [ 135.875, -30.375 ], [ 135.625, -30.375 ], [ 135.625, -29.875 ], [ 135.125, -29.875 ], [ 135.125, -29.625 ], [ 134.875, -29.625 ], [ 134.875, -29.125 ], [ 134.625, -29.125 ], [ 134.625, -28.625 ], [ 134.125, -28.625 ] ] ] } },
{ "type": "Feature", "properties": { "cluster_id": 19, "cohesion": 6.9543852868113341, "distances": { "1": 42.861468109085415, "2": 37.31931892905718, "3": 48.22251775886548, "4": 47.37848585724639, "5": 40.35040560338227, "6": 33.12722199075308, "7": 34.932906314428145, "8": 41.474063683155045, "9": 43.04434801892137, "10": 36.844312094709586, "11": 39.59153452083482, "12": 33.6516782857997, "13": 32.45914942402217, "14": 22.015981449916357, "15": 30.435801288145843, "16": 26.522569586063398, "17": 26.454581487845207, "18": 24.855851482947067, "20": 13.305251535500881, "21": 19.71741965289629, "22": 16.044870599777227, "23": 35.50015077170236, "24": 35.501322449590745, "25": 35.77211526504429, "26": 34.63655934600841, "27": 32.56275187350108, "28": 32.113133294289945, "29": 27.876387766864617, "30": 28.89878903128085, "31": 21.166242467877588, "32": 15.071107810267437, "33": 24.529726336756188, "34": 27.052751779422138, "35": 26.322626837602805, "36": 25.6013532909473, "37": 28.00378650242525, "38": 28.57212755474372, "39": 26.28544323706171, "40": 30.572137390466246, "41": 28.49887118616774, "42": 26.816748009573686, "43": 25.800938051698473, "44": 25.51122266242487, "45": 32.82748451679253, "46": 31.833302169295578, "47": 31.973181547424517, "48": 14.499067836058803, "49": 19.185276653398294, "50": 16.99918838773219, "51": 23.404349647177373, "52": 20.942769730024498, "53": 28.425509930983523, "54": 27.684265108976476, "55": 30.204770807815397, "56": 30.224843044255806, "57": 24.683260840149277, "58": 26.403776809416915 } }, "geometry": { "type": "Polygon", "coordinates": [ [ [ 142.625, -28.125 ], [ 142.625, -28.375 ], [ 142.125, -28.375 ], [ 142.125, -28.625 ], [ 141.625, -28.625 ], [ 141.625, -28.375 ], [ 140.375, -28.375 ], [ 140.375, -29.125 ], [ 140.625, -29.125 ], [ 140.625, -29.375 ], [ 141.125, -29.375 ], [ 141.125, -29.625 ], [ 141.375, -29.625 ], [ 141.375, -29.875 ], [ 141.875, -29.875 ], [ 141.875, -30.375 ], [ 142.375, -30.375 ], [ 142.375, -30.625 ], [ 142.625, -30.625 ], [ 142.625, -30.875 ], [ 143.625, -30.875 ], [ 143.625, -30.625 ], [ 143.875, -30.625 ], [ 143.875, -30.875 ], [ 144.625, -30.875 ], [ 144.625, -31.375 ], [ 145.875, -31.375 ], [ 145.875, -31.125 ], [ 145.625, -31.125 ], [ 145.625, -30.875 ], [ 145.375, -30.875 ], [ 145.375, -30.625 ], [ 145.125, -30.625 ], [ 145.125, -30.125 ], [ 145.625, -30.125 ], [ 145.625, -30.375 ], [ 146.125, -30.375 ], [ 146.125, -29.625 ], [ 145.875, -29.625 ], [ 145.875, -29.125 ], [ 145.125, -29.125 ], [ 145.125, -28.875 ], [ 144.875, -28.875 ], [ 144.875, -28.375 ], [ 144.375, -28.375 ], [ 144.375, -28.625 ], [ 143.625, -28.625 ], [ 143.625, -28.875 ], [ 143.375, -28.875 ], [ 143.375, -28.625 ], [ 143.125, -28.625 ], [ 143.125, -28.125 ], [ 142.625, -28.125 ] ] ] } },
{ "type": "Feature", "properties": { "cluster_id": 20, "cohesion": 9.288953491125346, "distances": { "1": 40.63612392067547, "2": 35.73986862942186, "3": 45.59103447819431, "4": 45.222002481287255, "5": 39.41137069226079, "6": 32.992882528601925, "7": 35.91365782040669, "8": 39.867159176356985, "9": 42.56331980658805, "10": 35.43395282939576, "11": 37.714030432426476, "12": 32.07677616441855, "13": 31.562265558527468, "14": 17.434758382351944, "15": 25.525482704247402, "16": 22.838948117716324, "17": 25.49100752095141, "18": 26.059966685833984, "19": 13.30525153550088, "21": 16.836887167337196, "22": 19.417592299257446, "23": 34.72757904637372, "24": 36.54709657439136, "25": 36.20995638239526, "26": 36.47449556509211, "27": 34.631009440440494, "28": 33.20117477291844, "29": 28.8831011314981, "30": 31.81700163222901, "31": 25.943052333930183, "32": 21.745873189160996, "33": 27.584887692305923, "34": 30.487311189849535, "35": 27.024939823938467, "36": 25.26885971468434, "37": 29.19133224652145, "38": 30.74408598136863, "39": 25.35527198719263, "40": 29.418892586582952, "41": 25.569332169642635, "42": 25.26633750738452, "43": 21.982974538647788, "44": 20.324923730713255, "45": 27.223814001491856, "46": 28.585336095054387, "47": 26.646907824624552, "48": 21.558562246626607, "49": 15.11317277320655, "50": 16.129166668527244, "51": 26.00881322089685, "52": 26.347477485250913, "53": 31.588468036363206, "54": 26.59467694080718, "55": 29.693657057758077, "56": 31.51019707546476, "57": 27.774756935964067, "58": 27.948676517727247 } }, "geometry": { "type": "Polygon", "coordinates": [ [ [ 145.875, -29.125 ], [ 145.875, -29.625 ], [ 146.125, -29.625 ], [ 146.125, -30.375 ], [ 145.625, -30.375 ], [ 145.625, -30.125 ], [ 145.125, -30.125 ], [ 145.125, -30.625 ], [ 145.375, -30.625 ], [ 145.375, -30.875 ], [ 145.625, -30.875 ], [ 145.625, -31.125 ], [ 145.875, -31.125 ], [ 145.875, -31.375 ], [ 144.625, -31.375 ], [ 144.625, -30.875 ], [ 143.875, -30.875 ], [ 143.875, -30.625 ], [ 143.625, -30.625 ], [ 143.625, -31.625 ], [ 144.125, -31.625 ], [ 144.125, -32.375 ], [ 144.625, -32.375 ], [ 144.625, -32.625 ], [ 144.875, -32.625 ], [ 144.875, -32.875 ], [ 145.125, -32.875 ], [ 145.125, -33.125 ], [ 145.375, -33.125 ], [ 145.375, -33.625 ], [ 145.625, -33.625 ], [ 145.625, -33.875 ], [ 146.125, -33.875 ], [ 146.125, -35.375 ], [ 146.375, -35.375 ], [ 146.375, -35.625 ], [ 146.625, -35.625 ], [ 146.625, -35.875 ], [ 147.375, -35.875 ], [ 147.375, -35.625 ], [ 147.625, -35.625 ], [ 147.625, -35.375 ], [ 148.125, -35.375 ], [ 148.125, -35.125 ], [ 147.875, -35.125 ], [ 147.875, -34.875 ], [ 148.625, -34.875 ], [ 148.625, -34.625 ], [ 148.875, -34.625 ], [ 148.875, -34.375 ], [ 149.125, -34.375 ], [ 149.125, -33.375 ], [ 148.875, -33.375 ], [ 148.875, -33.125 ], [ 148.625, -33.125 ], [ 148.625, -32.875 ], [ 148.375, -32.875 ], [ 148.375, -31.625 ], [ 148.625, -31.625 ], [ 148.625, -31.375 ], [ 148.125, -31.375 ], [ 148.125, -30.875 ], [ 147.875, -30.875 ], [ 147.875, -30.375 ], [ 147.625, -30.375 ], [ 147.625, -29.875 ], [ 147.125, -29.875 ], [ 147.125, -29.625 ], [ 146.875, -29.625 ], [ 146.875, -29.375 ], [ 146.625, -29.375 ], [ 146.625, -29.125 ], [ 145.875, -29.125 ] ] ] } },
{ "type": "Feature", "properties": { "cluster_id": 21, "cohesion": 8.0317427427671362, "distances": { "1": 41.38529953404567, "2": 36.74942703780863, "3": 47.7891723434192, "4": 48.55170768220118, "5": 43.8448922528236, "6": 37.93828350875842, "7": 40.690136696027295, "8": 42.606296217709954, "9": 46.92300340071243, "10": 37.50601804698487, "11": 39.919732678663365, "12": 33.95306176941988, "13": 33.54925781043644, "14": 10.762680639389451, "15": 18.377749928169177, "16": 13.093164176174804, "17": 18.855445687619614, "18": 18.741832334454397, "19": 19.71741965289629, "20": 16.836887167337196, "22": 15.002307799687719, "23": 34.48933589939442, "24": 37.17338671036127, "25": 36.33006198198813, "26": 35.27042309609828, "27": 34.49665331753375, "28": 32.65323916447472, "29": 26.468847544987426, "30": 30.445863619467627, "31": 27.667470317479637, "32": 22.58215124152374, "33": 25.058872343882904, "34": 29.635538179125938, "35": 28.55767468149648, "36": 25.44459114480131, "37": 28.884154549702917, "38": 30.755165614504524, "39": 29.638159081933654, "40": 32.153071512052676, "41": 31.43218795246117, "42": 31.994670700530246, "43": 28.839231885892897, "44": 24.923174442742113, "45": 23.389153429986944, "46": 27.172253360952926, "47": 27.38298905609825, "48": 27.67013226800468, "49": 24.972606032705947, "50": 25.122931532661646, "51": 33.18990685882528, "52": 32.03072430908788, "53": 37.03853764180704, "54": 27.17749960295824, "55": 30.201637801494407, "56": 34.73047859537687, "57": 30.40611476643127, "58": 28.41703745102182 } }, "geometry": { "type": "Polygon", "coordinates": [ [ [ 139.125, -30.375 ], [ 139.125, -30.625 ], [ 138.875, -30.625 ], [ 138.875, -31.375 ], [ 138.625, -31.375 ], [ 138.625, -32.125 ], [ 138.375, -32.125 ], [ 138.375, -32.875 ], [ 139.875, -32.875 ], [ 139.875, -33.375 ], [ 139.625, -33.375 ], [ 139.625, -34.875 ], [ 140.125, -34.875 ], [ 140.125, -35.125 ], [ 141.125, -35.125 ], [ 141.125, -34.875 ], [ 141.375, -34.875 ], [ 141.375, -35.125 ], [ 141.625, -35.125 ], [ 141.625, -34.625 ], [ 141.875, -34.625 ], [ 141.875, -35.125 ], [ 142.375, -35.125 ], [ 142.375, -34.125 ], [ 142.875, -34.125 ], [ 142.875, -34.875 ], [ 143.375, -34.875 ], [ 143.375, -35.125 ], [ 144.375, -35.125 ], [ 144.375, -35.375 ], [ 144.875, -35.375 ], [ 144.875, -35.625 ], [ 145.375, -35.625 ], [ 145.375, -35.875 ], [ 146.125, -35.875 ], [ 146.125, -36.375 ], [ 146.375, -36.375 ], [ 146.375, -36.125 ], [ 146.625, -36.125 ], [ 146.625, -35.625 ], [ 146.375, -35.625 ], [ 146.375, -35.375 ], [ 146.125, -35.375 ], [ 146.125, -33.875 ], [ 145.625, -33.875 ], [ 145.625, -33.625 ], [ 145.375, -33.625 ], [ 145.375, -33.125 ], [ 145.125, -33.125 ], [ 145.125, -32.875 ], [ 144.875, -32.875 ], [ 144.875, -32.625 ], [ 144.625, -32.625 ], [ 144.625, -32.375 ], [ 144.125, -32.375 ], [ 144.125, -32.625 ], [ 143.625, -32.625 ], [ 143.625, -32.375 ], [ 143.375, -32.375 ], [ 143.375, -32.125 ], [ 143.125, -32.125 ], [ 143.125, -31.875 ], [ 142.875, -31.875 ], [ 142.875, -31.625 ], [ 142.125, -31.625 ], [ 142.125, -31.875 ], [ 141.375, -31.875 ], [ 141.375, -32.125 ], [ 140.875, -32.125 ], [ 140.875, -32.375 ], [ 139.375, -32.375 ], [ 139.375, -32.125 ], [ 139.125, -32.125 ], [ 139.125, -31.125 ], [ 139.375, -31.125 ], [ 139.375, -30.375 ], [ 139.125, -30.375 ] ] ] } },
{ "type": "Feature", "properties": { "cluster_id": 22, "cohesion": 9.8516483373741384, "distances": { "1": 44.522524901341725, "2": 38.774949423006085, "3": 50.7382609210647, "4": 50.92894027861768, "5": 44.98884819423252, "6": 38.03443865961134, "7": 40.12583912504656, "8": 44.450793554918675, "9": 47.831373833795325, "10": 39.30985335400287, "11": 41.75764907691252, "12": 35.3776937891981, "13": 33.597805400413314, "14": 19.089617550424705, "15": 26.661061961972845, "16": 20.72253595844676, "17": 19.790282420850524, "18": 15.111496845271654, "19": 16.044870599777223, "20": 19.417592299257443, "21": 15.002307799687719, "23": 34.98319131783882, "24": 34.21223439250505, "25": 34.74135198365823, "26": 31.0564298252575, "27": 29.886707315412504, "28": 30.16926191654418, "29": 23.51989211177986, "30": 24.478697442961657, "31": 21.373669804241224, "32": 14.32274852303761, "33": 18.139449606246334, "34": 22.997160815853974, "35": 25.924446546586356, "36": 24.77936084994474, "37": 26.030855531326424, "38": 26.06898671214247, "39": 29.486229582084917, "40": 32.635404971551765, "41": 32.78272753635269, "42": 32.203628921572026, "43": 31.018531645759072, "44": 29.135982575104403, "45": 31.40150758015498, "46": 31.551398325891274, "47": 33.323023402536094, "48": 22.07690711577706, "49": 26.37611459412494, "50": 24.31629316691003, "51": 31.123328221028753, "52": 27.483777159161203, "53": 34.452079483953945, "54": 27.934180190527808, "55": 30.60571836735309, "56": 33.5340853450179, "57": 26.901811802158406, "58": 26.246970161867253 } }, "geometry": { "type": "Polygon", "coordinates": [ [ [ 134.625, -27.375 ], [ 134.625, -27.875 ], [ 134.375, -27.875 ], [ 134.375, -28.625 ], [ 134.625, -28.625 ], [ 134.625, -29.125 ], [ 134.875, -29.125 ], [ 134.875, -29.625 ], [ 135.125, -29.625 ], [ 135.125, -29.875 ], [ 135.625, -29.875 ], [ 135.625, -30.375 ], [ 135.875, -30.375 ], [ 135.875, -30.625 ], [ 136.125, -30.625 ], [ 136.125, -31.125 ], [ 137.125, -31.125 ], [ 137.125, -31.375 ], [ 137.375, -31.375 ], [ 137.375, -31.625 ], [ 137.625, -31.625 ], [ 137.625, -31.875 ], [ 138.125, -31.875 ], [ 138.125, -32.125 ], [ 138.625, -32.125 ], [ 138.625, -31.375 ], [ 138.875, -31.375 ], [ 138.875, -30.625 ], [ 139.125, -30.625 ], [ 139.125, -30.375 ], [ 139.375, -30.375 ], [ 139.375, -31.125 ], [ 139.125, -31.125 ], [ 139.125, -32.125 ], [ 139.375, -32.125 ], [ 139.375, -32.375 ], [ 140.875, -32.375 ], [ 140.875, -32.125 ], [ 141.375, -32.125 ], [ 141.375, -31.875 ], [ 142.125, -31.875 ], [ 142.125, -31.625 ], [ 142.875, -31.625 ], [ 142.875, -31.875 ], [ 143.125, -31.875 ], [ 143.125, -32.125 ], [ 143.375, -32.125 ], [ 143.375, -32.375 ], [ 143.625, -32.375 ], [ 143.625, -32.625 ], [ 144.125, -32.625 ], [ 144.125, -31.625 ], [ 143.625, -31.625 ], [ 143.625, -30.875 ], [ 142.625, -30.875 ], [ 142.625, -30.625 ], [ 142.375, -30.625 ], [ 142.375, -30.375 ], [ 141.875, -30.375 ], [ 141.875, -29.875 ], [ 141.375, -29.875 ], [ 141.375, -29.625 ], [ 140.375, -29.625 ], [ 140.375, -29.375 ], [ 140.125, -29.375 ], [ 140.125, -29.125 ], [ 139.375, -29.125 ], [ 139.375, -29.375 ], [ 138.625, -29.375 ], [ 138.625, -29.125 ], [ 138.375, -29.125 ], [ 138.375, -28.875 ], [ 137.875, -28.875 ], [ 137.875, -28.625 ], [ 137.625, -28.625 ], [ 137.625, -29.125 ], [ 137.875, -29.125 ], [ 137.875, -29.375 ], [ 138.125, -29.375 ], [ 138.125, -29.625 ], [ 138.375, -29.625 ], [ 138.375, -29.875 ], [ 137.625, -29.875 ], [ 137.625, -29.625 ], [ 137.375, -29.625 ], [ 137.375, -28.875 ], [ 137.125, -28.875 ], [ 137.125, -28.625 ], [ 136.875, -28.625 ], [ 136.875, -28.375 ], [ 136.625, -28.375 ], [ 136.625, -28.125 ], [ 135.875, -28.125 ], [ 135.875, -27.625 ], [ 135.375, -27.625 ], [ 135.375, -27.375 ], [ 134.625, -27.375 ] ] ] } },
{ "type": "Feature", "properties": { "cluster_id": 23, "cohesion": 8.7314838671739263, "distances": { "1": 27.14337635070867, "2": 24.164272862629684, "3": 32.125889657160556, "4": 34.57557781120832, "5": 30.797846156704836, "6": 27.419642649687127, "7": 33.88549344450621, "8": 33.02272019271419, "9": 35.79916752458324, "10": 32.55363550613273, "11": 27.27033077837664, "12": 27.62312181335396, "13": 23.055824174917586, "14": 31.953846729426584, "15": 28.352581337977394, "16": 30.60630451074919, "17": 27.534599807211134, "18": 31.656772078356216, "19": 35.500150771702344, "20": 34.72757904637372, "21": 34.48933589939442, "22": 34.98319131783883, "24": 20.208921693947794, "25": 13.052076540307219, "26": 24.44854444905957, "27": 27.969547763248322, "28": 17.62438239712667, "29": 23.932673045570805, "30": 28.95111103510993, "31": 33.01590192736573, "32": 34.515134737789985, "33": 30.90777036706495, "34": 32.39489382642072, "35": 30.43522730997615, "36": 27.65768452345483, "37": 31.730592097269415, "38": 31.77952610957098, "39": 26.37003327129807, "40": 23.819964814614234, "41": 24.990066890637838, "42": 28.126167823444145, "43": 26.154041653279034, "44": 27.926783532732603, "45": 28.566034043998854, "46": 23.53712920733998, "47": 27.965983217933704, "48": 33.2623876471764, "49": 30.39924755302188, "50": 31.91413675793041, "51": 30.348069302527524, "52": 33.46137464134305, "53": 33.64434410348477, "54": 25.100905280043197, "55": 31.432372597484665, "56": 33.753553075853894, "57": 33.568053330354594, "58": 33.410466954166914 } }, "geometry": { "type": "MultiPolygon", "coordinates": [ [ [ [ 125.375, -33.125 ], [ 124.875, -33.125 ], [ 124.875, -33.375 ], [ 124.375, -33.375 ], [ 124.375, -33.625 ], [ 124.125, -33.625 ], [ 124.125, -33.875 ], [ 123.875, -33.875 ], [ 123.875, -34.125 ], [ 123.625, -34.125 ], [ 123.625, -34.375 ], [ 122.125, -34.375 ], [ 122.125, -34.125 ], [ 120.875, -34.125 ], [ 120.875, -34.375 ], [ 119.625, -34.375 ], [ 119.625, -34.625 ], [ 119.375, -34.625 ], [ 119.375, -34.875 ], [ 118.625, -34.875 ], [ 118.625, -35.125 ], [ 118.375, -35.125 ], [ 118.375, -35.375 ], [ 116.125, -35.375 ], [ 116.125, -35.125 ], [ 115.875, -35.125 ], [ 115.875, -34.875 ], [ 115.625, -34.875 ], [ 115.625, -34.625 ], [ 115.125, -34.625 ], [ 115.125, -34.375 ], [ 114.875, -34.375 ], [ 114.875, -34.125 ], [ 115.375, -34.125 ], [ 115.375, -34.375 ], [ 115.875, -34.375 ], [ 115.875, -34.125 ], [ 118.125, -34.125 ], [ 118.125, -33.875 ], [ 118.875, -33.875 ], [ 118.875, -33.625 ], [ 119.375, -33.625 ], [ 119.375, -33.375 ], [ 119.875, -33.375 ], [ 119.875, -32.875 ], [ 121.125, -32.875 ], [ 121.125, -33.125 ], [ 121.875, -33.125 ], [ 121.875, -32.875 ], [ 122.375, -32.875 ], [ 122.375, -32.625 ], [ 125.375, -32.625 ], [ 125.375, -33.125 ] ] ], [ [ [ 125.375, -32.375 ], [ 125.625, -32.375 ], [ 125.625, -32.625 ], [ 125.375, -32.625 ], [ 125.375, -32.375 ] ] ] ] } },
{ "type": "Feature", "properties": { "cluster_id": 24, "cohesion": 6.9985339404739557, "distances": { "1": 38.61652943866565, "2": 33.08942837555634, "3": 42.445957341667935, "4": 43.39053584359431, "5": 37.67993220728056, "6": 32.57308832507978, "7": 37.38143867871751, "8": 40.01284562733237, "9": 41.85185459461975, "10": 37.96091205151538, "11": 35.141017206605326, "12": 32.42119324213836, "13": 26.027060104447003, "14": 36.01318835001716, "15": 36.43236812868619, "16": 36.198722291860776, "17": 31.234147407186956, "18": 30.948077953051882, "19": 35.501322449590745, "20": 36.54709657439136, "21": 37.17338671036128, "22": 34.21223439250505, "23": 20.208921693947794, "25": 13.325705795875, "26": 14.433990370450504, "27": 14.030268652541588, "28": 17.857216589243674, "29": 24.296669522170788, "30": 21.54426188105933, "31": 27.780063609867735, "32": 31.42577113495564, "33": 26.443186352294873, "34": 22.57011836061362, "35": 23.396754331549733, "36": 26.830937018037453, "37": 25.066634664950143, "38": 20.886965163753697, "39": 28.732917496849137, "40": 27.850792103274625, "41": 28.796747772785384, "42": 31.08411978469202, "43": 30.652457057906446, "44": 32.998735996552746, "45": 37.22091572491462, "46": 30.570488074093564, "47": 35.24413034499658, "48": 31.894344588772917, "49": 32.85466143416396, "50": 32.4873020513864, "51": 32.18449662315138, "52": 32.006258946776995, "53": 34.340942719981314, "54": 28.0032101352602, "55": 32.69573420494304, "56": 34.97957048856475, "57": 31.42585201648035, "58": 31.166523318234958 } }, "geometry": { "type": "Polygon", "coordinates": [ [ [ 118.375, -30.125 ], [ 118.375, -30.375 ], [ 118.125, -30.375 ], [ 118.125, -30.625 ], [ 117.875, -30.625 ], [ 117.875, -30.875 ], [ 116.375, -30.875 ], [ 116.375, -30.625 ], [ 115.625, -30.625 ], [ 115.625, -30.375 ], [ 115.375, -30.375 ], [ 115.375, -30.625 ], [ 115.125, -30.625 ], [ 115.125, -30.875 ], [ 114.875, -30.875 ], [ 114.875, -31.125 ], [ 115.125, -31.125 ], [ 115.125, -31.375 ], [ 115.375, -31.375 ], [ 115.375, -33.375 ], [ 115.625, -33.375 ], [ 115.625, -33.125 ], [ 117.875, -33.125 ], [ 117.875, -32.875 ], [ 119.625, -32.875 ], [ 119.625, -32.375 ], [ 119.875, -32.375 ], [ 119.875, -32.125 ], [ 120.375, -32.125 ], [ 120.375, -31.625 ], [ 120.625, -31.625 ], [ 120.625, -31.375 ], [ 120.875, -31.375 ], [ 120.875, -31.125 ], [ 121.625, -31.125 ], [ 121.625, -30.875 ], [ 121.125, -30.875 ], [ 121.125, -30.625 ], [ 120.375, -30.625 ], [ 120.375, -30.375 ], [ 119.625, -30.375 ], [ 119.625, -30.125 ], [ 118.375, -30.125 ] ] ] } },
{ "type": "Feature", "properties": { "cluster_id": 25, "cohesion": 9.3878597748048289, "distances": { "1": 33.31743331578965, "2": 28.68329018018281, "3": 37.96301038377652, "4": 39.71353016008982, "5": 34.62000178707455, "6": 30.075010019008126, "7": 36.30161796289335, "8": 37.38504738633999, "9": 39.53790860933923, "10": 36.375217307395495, "11": 31.840651971620886, "12": 30.852297390025022, "13": 24.843657052439433, "14": 34.66979834286038, "15": 32.98154758425513, "16": 33.79023148557717, "17": 28.935379345989276, "18": 30.898860768045243, "19": 35.77211526504429, "20": 36.20995638239527, "21": 36.33006198198813, "22": 34.74135198365823, "23": 13.052076540307219, "24": 13.325705795875002, "26": 17.36938481083011, "27": 21.43314777271372, "28": 14.237426013304884, "29": 22.38505109371503, "30": 23.919711420387443, "31": 30.877102957408383, "32": 33.03359817958776, "33": 28.015710750380148, "34": 27.44930425809406, "35": 27.81722783547722, "36": 27.76305897861829, "37": 29.592945730723795, "38": 27.373170540647067, "39": 27.385817394964153, "40": 25.49158180435292, "41": 27.03541375896958, "42": 29.7642133590189, "43": 28.989725229304895, "44": 31.423175055343005, "45": 33.94561245513801, "46": 27.871470114263797, "47": 32.78152162061496, "48": 32.67620605753509, "49": 32.12178560701298, "50": 32.49038920848262, "51": 31.402758661309477, "52": 33.10787237895496, "53": 34.50425793016885, "54": 27.313208757728393, "55": 33.3084337477277, "56": 35.35647401228267, "57": 33.388833008592265, "58": 33.50805209330961 } }, "geometry": { "type": "Polygon", "coordinates": [ [ [ 120.875, -31.125 ], [ 120.875, -31.375 ], [ 120.625, -31.375 ], [ 120.625, -31.625 ], [ 120.375, -31.625 ], [ 120.375, -32.125 ], [ 119.875, -32.125 ], [ 119.875, -32.375 ], [ 119.625, -32.375 ], [ 119.625, -32.875 ], [ 117.875, -32.875 ], [ 117.875, -33.125 ], [ 115.625, -33.125 ], [ 115.625, -33.375 ], [ 115.125, -33.375 ], [ 115.125, -33.625 ], [ 114.875, -33.625 ], [ 114.875, -33.875 ], [ 114.625, -33.875 ], [ 114.625, -34.125 ], [ 115.375, -34.125 ], [ 115.375, -34.375 ], [ 115.875, -34.375 ], [ 115.875, -34.125 ], [ 118.125, -34.125 ], [ 118.125, -33.875 ], [ 118.875, -33.875 ], [ 118.875, -33.625 ], [ 119.375, -33.625 ], [ 119.375, -33.375 ], [ 119.875, -33.375 ], [ 119.875, -32.875 ], [ 121.125, -32.875 ], [ 121.125, -33.125 ], [ 121.875, -33.125 ], [ 121.875, -32.875 ], [ 122.375, -32.875 ], [ 122.375, -32.625 ], [ 125.375, -32.625 ], [ 125.375, -32.375 ], [ 125.875, -32.375 ], [ 125.875, -32.125 ], [ 126.375, -32.125 ], [ 126.375, -31.875 ], [ 126.875, -31.875 ], [ 126.875, -31.625 ], [ 125.125, -31.625 ], [ 125.125, -31.875 ], [ 123.625, -31.875 ], [ 123.625, -31.625 ], [ 123.125, -31.625 ], [ 123.125, -31.375 ], [ 121.625, -31.375 ], [ 121.625, -31.125 ], [ 120.875, -31.125 ] ] ] } },
{ "type": "Feature", "properties": { "cluster_id": 26, "cohesion": 6.5547076073281518, "distances": { "1": 43.0253704496918, "2": 36.33401747616533, "3": 48.577409907828645, "4": 49.92052436572203, "5": 43.64164424342401, "6": 37.063107539424216, "7": 43.071606958105406, "8": 45.514512520963955, "9": 48.56883504415753, "10": 42.76147110933456, "11": 40.43695602557071, "12": 36.54396231556264, "13": 30.1877846668315, "14": 35.50412337945063, "15": 36.26745070794967, "16": 34.446376329036006, "17": 27.259768037350828, "18": 25.53395915772726, "19": 34.636559346008404, "20": 36.47449556509212, "21": 35.27042309609828, "22": 31.056429825257496, "23": 24.44854444905957, "24": 14.433990370450504, "25": 17.369384810830113, "27": 12.673802438491228, "28": 13.463243370784621, "29": 18.3939855407122, "30": 13.386822625966014, "31": 27.84654828641477, "32": 28.87144976899791, "33": 20.501735275167565, "34": 17.481439928999908, "35": 23.184354347296484, "36": 26.145883708283787, "37": 25.756120912130072, "38": 20.588417803857258, "39": 29.937729678815227, "40": 29.675455331658576, "41": 32.12043414722166, "42": 33.80957391930842, "43": 34.546022412771265, "44": 36.64175529021097, "45": 39.408593331105365, "46": 34.107891208471166, "47": 39.4033335994948, "48": 32.36570172758071, "49": 34.888532749872745, "50": 32.99182943292825, "51": 35.393780968695566, "52": 34.712459533548504, "53": 39.054417200986364, "54": 29.879812694028043, "55": 35.568427617089874, "56": 39.36170757719129, "57": 34.29773430996873, "58": 33.481769261500105 } }, "geometry": { "type": "Polygon", "coordinates": [ [ [ 123.625, -28.625 ], [ 123.625, -29.125 ], [ 123.875, -29.125 ], [ 123.875, -29.375 ], [ 123.375, -29.375 ], [ 123.375, -29.625 ], [ 122.875, -29.625 ], [ 122.875, -29.875 ], [ 121.625, -29.875 ], [ 121.625, -29.625 ], [ 120.625, -29.625 ], [ 120.625, -29.875 ], [ 120.375, -29.875 ], [ 120.375, -30.625 ], [ 121.125, -30.625 ], [ 121.125, -30.875 ], [ 121.625, -30.875 ], [ 121.625, -31.375 ], [ 123.125, -31.375 ], [ 123.125, -31.125 ], [ 123.375, -31.125 ], [ 123.375, -30.875 ], [ 124.125, -30.875 ], [ 124.125, -31.125 ], [ 124.375, -31.125 ], [ 124.375, -31.375 ], [ 125.625, -31.375 ], [ 125.625, -31.125 ], [ 125.875, -31.125 ], [ 125.875, -30.875 ], [ 127.625, -30.875 ], [ 127.625, -30.375 ], [ 126.875, -30.375 ], [ 126.875, -30.125 ], [ 126.375, -30.125 ], [ 126.375, -29.625 ], [ 126.125, -29.625 ], [ 126.125, -29.375 ], [ 125.875, -29.375 ], [ 125.875, -28.875 ], [ 125.375, -28.875 ], [ 125.375, -28.625 ], [ 123.625, -28.625 ] ] ] } },
{ "type": "Feature", "properties": { "cluster_id": 27, "cohesion": 8.4193387405457081, "distances": { "1": 44.05583528792562, "2": 37.631107335930906, "3": 48.17341292573838, "4": 48.57070058928369, "5": 42.287208014054066, "6": 36.07539648305053, "7": 39.73878409236182, "8": 43.44787496153789, "9": 45.941306604688705, "10": 39.85555900233973, "11": 39.46949386907881, "12": 34.44120440172903, "13": 28.844229706048885, "14": 34.557906193391226, "15": 37.33704560316928, "16": 35.27320650999486, "17": 29.99855335919379, "18": 27.039638004594064, "19": 32.56275187350108, "20": 34.63100944044049, "21": 34.496653317533756, "22": 29.886707315412497, "23": 27.969547763248322, "24": 14.03026865254159, "25": 21.43314777271372, "26": 12.67380243849123, "28": 20.53473822257658, "29": 23.415067519809458, "30": 16.693865929140266, "31": 23.32237840904692, "32": 26.738567452403515, "33": 21.693391534829313, "34": 14.740009651556546, "35": 18.318057338287986, "36": 23.979561483037834, "37": 19.40355934210588, "38": 13.716602151624713, "39": 30.052786567966887, "40": 30.855228621827226, "41": 31.908654918614346, "42": 32.84460617411896, "43": 33.10062128253775, "44": 34.54713940938975, "45": 39.138017419806104, "46": 33.52596648315291, "47": 37.6724716075089, "48": 29.699488126912975, "49": 33.18252227623869, "50": 31.497559364712952, "51": 33.141874766734176, "52": 30.82768989787295, "53": 35.19252617890006, "54": 27.80690081174497, "55": 31.45856097354535, "56": 34.949330039626886, "57": 29.196581508963188, "58": 28.031964916222773 } }, "geometry": { "type": "MultiPolygon", "coordinates": [ [ [ [ 114.375, -29.125 ], [ 114.375, -28.875 ], [ 114.625, -28.875 ], [ 114.625, -29.125 ], [ 114.375, -29.125 ] ] ], [ [ [ 114.875, -29.125 ], [ 114.875, -29.625 ], [ 115.125, -29.625 ], [ 115.125, -30.125 ], [ 115.625, -30.125 ], [ 115.625, -29.875 ], [ 115.875, -29.875 ], [ 115.875, -29.375 ], [ 116.125, -29.375 ], [ 116.125, -29.625 ], [ 116.375, -29.625 ], [ 116.375, -29.375 ], [ 116.625, -29.375 ], [ 116.625, -28.375 ], [ 117.125, -28.375 ], [ 117.125, -28.625 ], [ 117.375, -28.625 ], [ 117.375, -28.875 ], [ 118.125, -28.875 ], [ 118.125, -28.625 ], [ 118.375, -28.625 ], [ 118.375, -28.375 ], [ 118.625, -28.375 ], [ 118.625, -28.125 ], [ 118.875, -28.125 ], [ 118.875, -27.875 ], [ 119.125, -27.875 ], [ 119.125, -27.625 ], [ 119.375, -27.625 ], [ 119.375, -27.125 ], [ 119.625, -27.125 ], [ 119.625, -26.875 ], [ 120.625, -26.875 ], [ 120.625, -26.375 ], [ 121.125, -26.375 ], [ 121.125, -26.125 ], [ 121.625, -26.125 ], [ 121.625, -26.625 ], [ 121.875, -26.625 ], [ 121.875, -26.875 ], [ 122.375, -26.875 ], [ 122.375, -27.125 ], [ 122.125, -27.125 ], [ 122.125, -27.375 ], [ 122.375, -27.375 ], [ 122.375, -27.625 ], [ 122.625, -27.625 ], [ 122.625, -27.875 ], [ 123.625, -27.875 ], [ 123.625, -28.125 ], [ 125.875, -28.125 ], [ 125.875, -28.375 ], [ 126.125, -28.375 ], [ 126.125, -28.625 ], [ 125.875, -28.625 ], [ 125.875, -28.875 ], [ 125.375, -28.875 ], [ 125.375, -28.625 ], [ 123.625, -28.625 ], [ 123.625, -29.125 ], [ 123.875, -29.125 ], [ 123.875, -29.375 ], [ 123.375, -29.375 ], [ 123.375, -29.625 ], [ 122.875, -29.625 ], [ 122.875, -29.875 ], [ 121.625, -29.875 ], [ 121.625, -29.625 ], [ 120.625, -29.625 ], [ 120.625, -29.875 ], [ 120.375, -29.875 ], [ 120.375, -30.375 ], [ 119.625, -30.375 ], [ 119.625, -30.125 ], [ 118.375, -30.125 ], [ 118.375, -30.375 ], [ 118.125, -30.375 ], [ 118.125, -30.625 ], [ 117.875, -30.625 ], [ 117.875, -30.875 ], [ 116.375, -30.875 ], [ 116.375, -30.625 ], [ 115.625, -30.625 ], [ 115.625, -30.375 ], [ 115.375, -30.375 ], [ 115.375, -30.625 ], [ 115.125, -30.625 ], [ 115.125, -30.875 ], [ 114.875, -30.875 ], [ 114.875, -30.625 ], [ 114.625, -30.625 ], [ 114.625, -29.125 ], [ 114.875, -29.125 ] ] ] ] } },
{ "type": "Feature", "properties": { "cluster_id": 28, "cohesion": 7.9503255044167727, "distances": { "1": 36.096894534564186, "2": 30.001911602070017, "3": 42.63911875422553, "4": 44.468368243645315, "5": 38.395399693527594, "6": 32.03535058757383, "7": 39.393405984109506, "8": 40.96648398816414, "9": 44.015615386291195, "10": 38.86840099273341, "11": 35.46430053787487, "12": 32.85365935739155, "13": 27.046099639726314, "14": 32.175190491290216, "15": 30.973310939601255, "16": 30.27482467268187, "17": 22.87379873842512, "18": 24.68799524693512, "19": 32.113133294289945, "20": 33.20117477291845, "21": 32.65323916447472, "22": 30.16926191654418, "23": 17.62438239712667, "24": 17.857216589243674, "25": 14.237426013304884, "26": 13.463243370784621, "27": 20.53473822257658, "29": 13.871648570061089, "30": 17.09955110239792, "31": 28.978203934120256, "32": 28.724904849322424, "33": 21.6151064358313, "34": 23.38059947985852, "35": 25.362494119669712, "36": 24.790189924434728, "37": 28.69156593141409, "38": 26.034457844898693, "39": 25.721667505672787, "40": 24.54538318663036, "41": 26.9834411266487, "42": 29.338005123426043, "43": 29.562237619419268, "44": 32.14664885773794, "45": 34.19183301599686, "46": 29.3543249579886, "47": 34.67056801238163, "48": 30.250700925083013, "49": 30.543002705552198, "50": 29.617923159684647, "51": 31.41968887842527, "52": 32.88222455152655, "53": 36.34700821105093, "54": 26.686528303862445, "55": 33.77513061546748, "56": 37.05242922615211, "57": 33.66533857399762, "58": 33.473139980967616 } }, "geometry": { "type": "Polygon", "coordinates": [ [ [ 123.375, -30.875 ], [ 123.375, -31.125 ], [ 123.125, -31.125 ], [ 123.125, -31.625 ], [ 123.625, -31.625 ], [ 123.625, -31.875 ], [ 125.125, -31.875 ], [ 125.125, -31.625 ], [ 126.875, -31.625 ], [ 126.875, -31.875 ], [ 126.375, -31.875 ], [ 126.375, -32.125 ], [ 125.875, -32.125 ], [ 125.875, -32.375 ], [ 125.625, -32.375 ], [ 125.625, -32.625 ], [ 125.375, -32.625 ], [ 125.375, -32.875 ], [ 125.875, -32.875 ], [ 125.875, -32.625 ], [ 127.375, -32.625 ], [ 127.375, -32.375 ], [ 128.375, -32.375 ], [ 128.375, -32.125 ], [ 128.875, -32.125 ], [ 128.875, -31.625 ], [ 129.375, -31.625 ], [ 129.375, -31.375 ], [ 128.875, -31.375 ], [ 128.875, -31.125 ], [ 127.375, -31.125 ], [ 127.375, -30.875 ], [ 125.875, -30.875 ], [ 125.875, -31.125 ], [ 125.625, -31.125 ], [ 125.625, -31.375 ], [ 124.375, -31.375 ], [ 124.375, -31.125 ], [ 124.125, -31.125 ], [ 124.125, -30.875 ], [ 123.375, -30.875 ] ] ] } },
{ "type": "Feature", "properties": { "cluster_id": 29, "cohesion": 5.2656154376710269, "distances": { "1": 37.781653284246175, "2": 30.92966584921604, "3": 45.54856181255764, "4": 47.47905449571635, "5": 41.2522571246836, "6": 33.80643193358195, "7": 41.2465279943078, "8": 42.71943539311552, "9": 46.92677995998434, "10": 39.54315282524643, "11": 37.485635698365634, "12": 33.5181033289811, "13": 28.53843063169187, "14": 27.503528155976102, "15": 26.844624599326636, "16": 24.04295071731138, "17": 13.627263675397732, "18": 14.994120343839628, "19": 27.876387766864617, "20": 28.8831011314981, "21": 26.468847544987426, "22": 23.51989211177986, "23": 23.932673045570805, "24": 24.296669522170788, "25": 22.38505109371503, "26": 18.3939855407122, "27": 23.415067519809458, "28": 13.871648570061089, "30": 13.769193374667982, "31": 26.861659665280612, "32": 23.746845985975288, "33": 13.66600688333411, "34": 21.000706475862824, "35": 24.47014670519078, "36": 22.7367749976875, "37": 27.590925842350885, "38": 25.711582225569696, "39": 24.210576107389628, "40": 24.147077600955832, "41": 27.215500202484474, "42": 28.811605794907845, "43": 29.86208476907819, "44": 31.734154594115196, "45": 32.30913049945157, "46": 29.425175137199293, "47": 34.790944434715, "48": 28.391666960013865, "49": 28.88846470317795, "50": 26.40869400602091, "51": 31.70831088138913, "52": 32.752187081722596, "53": 37.645709647827786, "54": 26.01007287425264, "55": 32.80437473261254, "56": 37.177828602069695, "57": 32.76486426175441, "58": 31.784286760309932 } }, "geometry": { "type": "Polygon", "coordinates": [ [ [ 128.875, -30.875 ], [ 128.875, -31.375 ], [ 129.375, -31.375 ], [ 129.375, -31.625 ], [ 128.875, -31.625 ], [ 128.875, -32.125 ], [ 129.375, -32.125 ], [ 129.375, -31.875 ], [ 131.625, -31.875 ], [ 131.625, -32.125 ], [ 132.125, -32.125 ], [ 132.125, -31.875 ], [ 133.625, -31.875 ], [ 133.625, -31.125 ], [ 133.125, -31.125 ], [ 133.125, -30.875 ], [ 128.875, -30.875 ] ] ] } },
{ "type": "Feature", "properties": { "cluster_id": 30, "cohesion": 7.439724718392239, "distances": { "1": 44.461116411528806, "2": 37.186305362155565, "3": 50.78501958048963, "4": 51.7988700474748, "5": 44.81198724464528, "6": 37.20392563628799, "7": 42.8183847832991, "8": 46.52408741837602, "9": 49.60076045437535, "10": 43.021898328369836, "11": 41.8662584800516, "12": 37.05128996711743, "13": 31.232077694990853, "14": 32.00350836073283, "15": 34.50822712911006, "16": 30.965633377134136, "17": 22.407082183184148, "18": 18.73491817185192, "19": 28.898789031280845, "20": 31.81700163222901, "21": 30.445863619467627, "22": 24.478697442961668, "23": 28.951111035109932, "24": 21.54426188105933, "25": 23.919711420387443, "26": 13.386822625966014, "27": 16.693865929140266, "28": 17.09955110239792, "29": 13.769193374667982, "31": 23.19017733126959, "32": 22.151196972261232, "33": 12.077487482320297, "34": 12.630169331463142, "35": 22.5904714600329, "36": 24.966369209307015, "37": 24.954875923593324, "38": 20.040907310844563, "39": 28.331864577278573, "40": 29.276778591402532, "41": 31.565127325465056, "42": 32.40563335569375, "43": 33.77458956807212, "44": 35.71607110005286, "45": 38.86009684084005, "46": 34.43656756101567, "47": 39.544099981686585, "48": 27.807459756817757, "49": 32.20342591005571, "50": 29.0774921244996, "51": 33.25242764950221, "52": 31.67792546766171, "53": 37.61898351228103, "54": 29.591841594316232, "55": 34.70841383676087, "56": 37.99212512306738, "57": 31.437840428820504, "58": 31.02107275834396 } }, "geometry": { "type": "Polygon", "coordinates": [ [ [ 130.375, -26.625 ], [ 130.375, -26.875 ], [ 129.875, -26.875 ], [ 129.875, -27.625 ], [ 130.125, -27.625 ], [ 130.125, -27.875 ], [ 129.625, -27.875 ], [ 129.625, -28.125 ], [ 127.125, -28.125 ], [ 127.125, -28.625 ], [ 125.875, -28.625 ], [ 125.875, -29.375 ], [ 126.125, -29.375 ], [ 126.125, -29.625 ], [ 126.375, -29.625 ], [ 126.375, -30.125 ], [ 126.875, -30.125 ], [ 126.875, -30.375 ], [ 127.625, -30.375 ], [ 127.625, -30.875 ], [ 127.375, -30.875 ], [ 127.375, -31.125 ], [ 128.875, -31.125 ], [ 128.875, -30.875 ], [ 132.375, -30.875 ], [ 132.375, -30.625 ], [ 132.125, -30.625 ], [ 132.125, -30.375 ], [ 131.875, -30.375 ], [ 131.875, -30.125 ], [ 131.625, -30.125 ], [ 131.625, -29.875 ], [ 131.375, -29.875 ], [ 131.375, -29.125 ], [ 132.125, -29.125 ], [ 132.125, -28.625 ], [ 131.875, -28.625 ], [ 131.875, -28.125 ], [ 131.375, -28.125 ], [ 131.375, -27.625 ], [ 131.625, -27.625 ], [ 131.625, -26.875 ], [ 130.875, -26.875 ], [ 130.875, -26.625 ], [ 130.375, -26.625 ] ] ] } },
{ "type": "Feature", "properties": { "cluster_id": 31, "cohesion": 9.6441423445208869, "distances": { "1": 42.236100904424816, "2": 36.76517639201582, "3": 45.44712768950652, "4": 44.090023057303874, "5": 37.449651212207044, "6": 31.479601085517672, "7": 29.969140712705507, "8": 37.44507982308315, "9": 38.53716100815063, "10": 32.62678902667104, "11": 36.16675636010043, "12": 29.812973378605633, "13": 27.51865650006738, "14": 28.38431085377903, "15": 35.033452962962194, "16": 31.70113863120732, "17": 29.087040305449964, "18": 25.323350844266557, "19": 21.166242467877588, "20": 25.943052333930186, "21": 27.66747031747964, "22": 21.373669804241228, "23": 33.01590192736574, "24": 27.780063609867735, "25": 30.877102957408383, "26": 27.84654828641477, "27": 23.32237840904692, "28": 28.978203934120256, "29": 26.861659665280612, "30": 23.19017733126959, "32": 15.803292109296365, "33": 21.027437661424415, "34": 17.502415766383915, "35": 21.024658803135097, "36": 23.234268323702054, "37": 18.294937913305695, "38": 18.13652571272346, "39": 27.97035896915805, "40": 31.0222140875356, "41": 30.50000910443529, "42": 28.64599025010958, "43": 28.821450263226524, "44": 28.772052376752768, "45": 35.897454468310066, "46": 31.46547533715789, "47": 33.13675948716938, "48": 17.325069366588135, "49": 26.95670592488368, "50": 25.066942880123452, "51": 23.991948047127813, "52": 16.871689198554492, "53": 22.92366893635863, "54": 24.788462869211283, "55": 24.43008262080956, "56": 22.980124609031833, "57": 14.295277141369127, "58": 16.612460897802173 } }, "geometry": { "type": "Polygon", "coordinates": [ [ [ 133.875, -23.625 ], [ 133.875, -23.875 ], [ 131.875, -23.875 ], [ 131.875, -24.125 ], [ 131.375, -24.125 ], [ 131.375, -23.875 ], [ 130.375, -23.875 ], [ 130.375, -24.125 ], [ 130.125, -24.125 ], [ 130.125, -24.625 ], [ 128.875, -24.625 ], [ 128.875, -24.375 ], [ 126.875, -24.375 ], [ 126.875, -24.625 ], [ 124.625, -24.625 ], [ 124.625, -25.125 ], [ 125.625, -25.125 ], [ 125.625, -25.375 ], [ 125.875, -25.375 ], [ 125.875, -25.625 ], [ 129.875, -25.625 ], [ 129.875, -25.875 ], [ 130.125, -25.875 ], [ 130.125, -25.625 ], [ 130.625, -25.625 ], [ 130.625, -25.875 ], [ 131.375, -25.875 ], [ 131.375, -25.625 ], [ 131.875, -25.625 ], [ 131.875, -25.375 ], [ 132.875, -25.375 ], [ 132.875, -24.875 ], [ 133.375, -24.875 ], [ 133.375, -24.625 ], [ 134.375, -24.625 ], [ 134.375, -24.375 ], [ 134.125, -24.375 ], [ 134.125, -24.125 ], [ 134.375, -24.125 ], [ 134.375, -23.875 ], [ 134.625, -23.875 ], [ 134.625, -23.625 ], [ 133.875, -23.625 ] ] ] } },
{ "type": "Feature", "properties": { "cluster_id": 32, "cohesion": 9.1491458901682599, "distances": { "1": 44.20031290308304, "2": 38.018490056781, "3": 49.95937516274803, "4": 49.54432632970286, "5": 42.60279515192897, "6": 35.14409873767614, "7": 36.65910574496524, "8": 43.12401379713832, "9": 45.23029421910559, "10": 38.16715351878455, "11": 40.6253268293951, "12": 34.36928482719313, "13": 31.859570571699884, "14": 25.31889824480098, "15": 32.40667638950186, "16": 27.61600945464553, "17": 24.236029328038565, "18": 19.65814713188968, "19": 15.071107810267437, "20": 21.745873189161, "21": 22.58215124152374, "22": 14.32274852303761, "23": 34.51513473778998, "24": 31.42577113495564, "25": 33.03359817958776, "26": 28.87144976899791, "27": 26.73856745240352, "28": 28.724904849322428, "29": 23.746845985975284, "30": 22.151196972261232, "31": 15.803292109296363, "33": 16.76708302381881, "34": 19.635873637094598, "35": 23.037741928988396, "36": 23.52114752870397, "37": 23.67752599329611, "38": 22.85900464287521, "39": 27.607015377562337, "40": 31.22900619350549, "41": 31.54463100930932, "42": 29.720132976984488, "43": 30.28889994077644, "44": 30.189685019604475, "45": 35.63356426084922, "46": 32.88289741867799, "47": 35.355787740888125, "48": 15.47085830270776, "49": 25.78874708422504, "50": 22.27672789171246, "51": 26.554176230409386, "52": 21.15954266578963, "53": 29.495267496596227, "54": 26.939791271832643, "55": 29.444569741607264, "56": 30.44102086133914, "57": 22.845018305872316, "58": 24.000577602904553 } }, "geometry": { "type": "MultiPolygon", "coordinates": [ [ [ [ 137.625, -28.875 ], [ 137.625, -29.125 ], [ 137.875, -29.125 ], [ 137.875, -29.375 ], [ 138.125, -29.375 ], [ 138.125, -29.625 ], [ 138.375, -29.625 ], [ 138.375, -29.875 ], [ 137.625, -29.875 ], [ 137.625, -29.625 ], [ 137.375, -29.625 ], [ 137.375, -28.875 ], [ 137.625, -28.875 ] ] ], [ [ [ 134.625, -24.625 ], [ 134.625, -24.875 ], [ 135.625, -24.875 ], [ 135.625, -25.125 ], [ 135.875, -25.125 ], [ 135.875, -25.375 ], [ 136.125, -25.375 ], [ 136.125, -25.625 ], [ 136.625, -25.625 ], [ 136.625, -25.875 ], [ 136.875, -25.875 ], [ 136.875, -26.125 ], [ 137.125, -26.125 ], [ 137.125, -26.625 ], [ 137.375, -26.625 ], [ 137.375, -26.875 ], [ 137.625, -26.875 ], [ 137.625, -27.125 ], [ 137.875, -27.125 ], [ 137.875, -27.375 ], [ 138.375, -27.375 ], [ 138.375, -27.125 ], [ 138.625, -27.125 ], [ 138.625, -27.375 ], [ 139.375, -27.375 ], [ 139.375, -27.125 ], [ 139.875, -27.125 ], [ 139.875, -27.375 ], [ 140.125, -27.375 ], [ 140.125, -27.625 ], [ 140.375, -27.625 ], [ 140.375, -29.125 ], [ 140.625, -29.125 ], [ 140.625, -29.375 ], [ 141.125, -29.375 ], [ 141.125, -29.625 ], [ 140.375, -29.625 ], [ 140.375, -29.375 ], [ 140.125, -29.375 ], [ 140.125, -29.125 ], [ 139.375, -29.125 ], [ 139.375, -29.375 ], [ 138.625, -29.375 ], [ 138.625, -29.125 ], [ 138.375, -29.125 ], [ 138.375, -28.875 ], [ 137.875, -28.875 ], [ 137.875, -28.625 ], [ 137.375, -28.625 ], [ 137.375, -28.375 ], [ 137.125, -28.375 ], [ 137.125, -28.625 ], [ 136.875, -28.625 ], [ 136.875, -28.375 ], [ 136.625, -28.375 ], [ 136.625, -28.125 ], [ 135.875, -28.125 ], [ 135.875, -27.625 ], [ 135.375, -27.625 ], [ 135.375, -27.375 ], [ 134.125, -27.375 ], [ 134.125, -27.125 ], [ 133.875, -27.125 ], [ 133.875, -26.875 ], [ 134.375, -26.875 ], [ 134.375, -26.375 ], [ 134.125, -26.375 ], [ 134.125, -26.125 ], [ 133.875, -26.125 ], [ 133.875, -26.375 ], [ 133.125, -26.375 ], [ 133.125, -26.625 ], [ 132.625, -26.625 ], [ 132.625, -26.375 ], [ 131.375, -26.375 ], [ 131.375, -26.125 ], [ 130.375, -26.125 ], [ 130.375, -25.875 ], [ 131.375, -25.875 ], [ 131.375, -25.625 ], [ 131.875, -25.625 ], [ 131.875, -25.375 ], [ 132.875, -25.375 ], [ 132.875, -24.875 ], [ 133.375, -24.875 ], [ 133.375, -24.625 ], [ 134.625, -24.625 ] ] ] ] } },
{ "type": "Feature", "properties": { "cluster_id": 33, "cohesion": 6.6791156884839795, "distances": { "1": 43.35329606014714, "2": 36.22945415657657, "3": 50.34473944784572, "4": 51.280435655475884, "5": 44.52947033455308, "6": 36.64656923672885, "7": 41.81953291094794, "8": 45.467882076348964, "9": 49.07494323030862, "10": 41.22890725923012, "11": 41.26979048753343, "12": 35.86150834789727, "13": 31.37157380720648, "14": 27.61187786047976, "15": 30.780759365840623, "16": 26.10241148528786, "17": 17.72143618082398, "18": 12.221266094260269, "19": 24.52972633675619, "20": 27.584887692305923, "21": 25.058872343882904, "22": 18.139449606246338, "23": 30.907770367064945, "24": 26.443186352294877, "25": 28.015710750380148, "26": 20.501735275167565, "27": 21.69339153482931, "28": 21.6151064358313, "29": 13.666006883334111, "30": 12.077487482320294, "31": 21.02743766142442, "32": 16.76708302381881, "34": 14.923165823244137, "35": 22.215634462626365, "36": 22.62734440953302, "37": 24.052061049382484, "38": 21.256503648635373, "39": 26.78529676238645, "40": 28.635756379421903, "41": 30.942996408524042, "42": 30.8893137924297, "43": 32.402299502032804, "44": 33.44846655119407, "45": 35.81796666628157, "46": 32.72416057387651, "47": 37.41274688980904, "48": 25.061233522670122, "49": 29.836876482943826, "50": 25.916043957055646, "51": 31.839257705925, "52": 29.905827712089106, "53": 36.54566584493544, "54": 27.33700909674667, "55": 32.20032881736632, "56": 36.012048765850274, "57": 29.291498810080817, "58": 28.39149893303253 } }, "geometry": { "type": "Polygon", "coordinates": [ [ [ 133.875, -26.125 ], [ 133.875, -26.375 ], [ 133.125, -26.375 ], [ 133.125, -26.625 ], [ 132.625, -26.625 ], [ 132.625, -26.375 ], [ 131.875, -26.375 ], [ 131.875, -26.875 ], [ 131.625, -26.875 ], [ 131.625, -27.625 ], [ 131.375, -27.625 ], [ 131.375, -28.125 ], [ 131.875, -28.125 ], [ 131.875, -28.625 ], [ 132.125, -28.625 ], [ 132.125, -29.125 ], [ 131.375, -29.125 ], [ 131.375, -29.875 ], [ 131.625, -29.875 ], [ 131.625, -30.125 ], [ 131.875, -30.125 ], [ 131.875, -30.375 ], [ 132.125, -30.375 ], [ 132.125, -30.625 ], [ 132.375, -30.625 ], [ 132.375, -30.875 ], [ 132.875, -30.875 ], [ 132.875, -30.625 ], [ 133.125, -30.625 ], [ 133.125, -30.375 ], [ 133.375, -30.375 ], [ 133.375, -30.125 ], [ 133.875, -30.125 ], [ 133.875, -29.375 ], [ 134.125, -29.375 ], [ 134.125, -28.625 ], [ 134.375, -28.625 ], [ 134.375, -27.875 ], [ 134.625, -27.875 ], [ 134.625, -27.375 ], [ 134.125, -27.375 ], [ 134.125, -27.125 ], [ 133.875, -27.125 ], [ 133.875, -26.875 ], [ 134.375, -26.875 ], [ 134.375, -26.375 ], [ 134.125, -26.375 ], [ 134.125, -26.125 ], [ 133.875, -26.125 ] ] ] } },
{ "type": "Feature", "properties": { "cluster_id": 34, "cohesion": 8.0616672403098484, "distances": { "1": 46.04452230523563, "2": 39.22266006957262, "3": 50.86632103687586, "4": 51.0121658307124, "5": 44.25214135816691, "6": 37.225755649808896, "7": 40.042876168869235, "8": 44.92904374591038, "9": 47.568288959163596, "10": 40.65549986208638, "11": 41.41968620336514, "12": 35.518024332297585, "13": 30.556401587879467, "14": 31.101217772646176, "15": 35.93180363812108, "16": 32.08895487989488, "17": 26.344966828512813, "18": 21.12747484234841, "19": 27.05275177942214, "20": 30.487311189849535, "21": 29.635538179125938, "22": 22.99716081585397, "23": 32.39489382642073, "24": 22.570118360613623, "25": 27.44930425809407, "26": 17.481439928999908, "27": 14.740009651556546, "28": 23.380599479858525, "29": 21.00070647586282, "30": 12.630169331463142, "31": 17.502415766383915, "32": 19.635873637094598, "33": 14.923165823244133, "35": 19.641164292725783, "36": 23.94812719457658, "37": 19.4740997094124, "38": 14.133369214618003, "39": 29.767213118716015, "40": 31.69248049959352, "41": 32.70828731834574, "42": 32.74756585287094, "43": 33.42417676844418, "44": 34.33107967551609, "45": 38.94812387494432, "46": 34.371580313334746, "47": 38.29907097901864, "48": 25.438919597564627, "49": 31.608302285167344, "50": 28.81031183836439, "51": 31.964481974790797, "52": 28.00986034209434, "53": 34.163274818887544, "54": 28.42335127852344, "55": 31.155939756649303, "56": 33.84715275415897, "57": 25.960017757980154, "58": 25.36026755297312 } }, "geometry": { "type": "Polygon", "coordinates": [ [ [ 127.375, -25.625 ], [ 127.375, -25.875 ], [ 127.625, -25.875 ], [ 127.625, -26.125 ], [ 126.875, -26.125 ], [ 126.875, -26.375 ], [ 126.375, -26.375 ], [ 126.375, -26.125 ], [ 125.875, -26.125 ], [ 125.875, -26.375 ], [ 125.375, -26.375 ], [ 125.375, -26.625 ], [ 124.375, -26.625 ], [ 124.375, -26.875 ], [ 123.875, -26.875 ], [ 123.875, -27.125 ], [ 123.125, -27.125 ], [ 123.125, -26.875 ], [ 122.375, -26.875 ], [ 122.375, -27.125 ], [ 122.125, -27.125 ], [ 122.125, -27.375 ], [ 122.375, -27.375 ], [ 122.375, -27.625 ], [ 122.625, -27.625 ], [ 122.625, -27.875 ], [ 123.625, -27.875 ], [ 123.625, -28.125 ], [ 125.875, -28.125 ], [ 125.875, -28.375 ], [ 126.125, -28.375 ], [ 126.125, -28.625 ], [ 127.125, -28.625 ], [ 127.125, -28.125 ], [ 129.625, -28.125 ], [ 129.625, -27.875 ], [ 130.125, -27.875 ], [ 130.125, -27.625 ], [ 129.875, -27.625 ], [ 129.875, -26.875 ], [ 130.375, -26.875 ], [ 130.375, -26.625 ], [ 130.875, -26.625 ], [ 130.875, -26.875 ], [ 131.875, -26.875 ], [ 131.875, -26.375 ], [ 131.375, -26.375 ], [ 131.375, -26.125 ], [ 130.375, -26.125 ], [ 130.375, -25.875 ], [ 130.625, -25.875 ], [ 130.625, -25.625 ], [ 130.125, -25.625 ], [ 130.125, -25.875 ], [ 129.875, -25.875 ], [ 129.875, -25.625 ], [ 127.375, -25.625 ] ] ] } },
{ "type": "Feature", "properties": { "cluster_id": 35, "cohesion": 6.7077737110313507, "distances": { "1": 40.2192394919009, "2": 33.996399238273476, "3": 44.80034135994982, "4": 44.816702429137386, "5": 38.71684589703142, "6": 32.154981228173206, "7": 35.549701163530116, "8": 38.8861589002377, "9": 42.222299226492076, "10": 33.44423371132832, "11": 35.91494565916976, "12": 29.003166535459997, "13": 26.205946702575595, "14": 28.249684300387322, "15": 31.727481664473512, "16": 29.987184834968073, "17": 27.13576846920262, "18": 25.514432805032648, "19": 26.322626837602805, "20": 27.024939823938467, "21": 28.55767468149648, "22": 25.924446546586356, "23": 30.435227309976142, "24": 23.39675433154973, "25": 27.817227835477222, "26": 23.184354347296484, "27": 18.318057338287982, "28": 25.362494119669716, "29": 24.470146705190782, "30": 22.590471460032898, "31": 21.024658803135097, "32": 23.037741928988396, "33": 22.21563446262636, "34": 19.641164292725783, "36": 12.901355439724217, "37": 13.868465790872484, "38": 14.504418238117777, "39": 24.728372124153275, "40": 26.81407351169514, "41": 26.2597962821533, "42": 26.675779951666303, "43": 26.39546840461886, "44": 27.38368639089131, "45": 32.67893047282163, "46": 28.57060925396909, "47": 31.1923768860137, "48": 24.965470873879465, "49": 25.419699836516955, "50": 23.756825734877243, "51": 28.157846405897423, "52": 26.64908052185784, "53": 31.352478225460967, "54": 19.432369532841165, "55": 23.3260902481121, "56": 29.368254764436475, "57": 24.702007055762795, "58": 21.612583270975303 } }, "geometry": { "type": "Polygon", "coordinates": [ [ [ 113.125, -24.375 ], [ 113.125, -24.875 ], [ 113.375, -24.875 ], [ 113.375, -25.375 ], [ 113.625, -25.375 ], [ 113.625, -25.875 ], [ 113.875, -25.875 ], [ 113.875, -26.125 ], [ 113.625, -26.125 ], [ 113.625, -26.375 ], [ 113.375, -26.375 ], [ 113.375, -27.125 ], [ 113.625, -27.125 ], [ 113.625, -27.875 ], [ 113.875, -27.875 ], [ 113.875, -28.125 ], [ 115.375, -28.125 ], [ 115.375, -27.875 ], [ 116.625, -27.875 ], [ 116.625, -26.625 ], [ 116.375, -26.625 ], [ 116.375, -25.875 ], [ 116.125, -25.875 ], [ 116.125, -25.625 ], [ 115.875, -25.625 ], [ 115.875, -25.375 ], [ 115.625, -25.375 ], [ 115.625, -25.625 ], [ 115.125, -25.625 ], [ 115.125, -25.375 ], [ 114.625, -25.375 ], [ 114.625, -25.125 ], [ 114.375, -25.125 ], [ 114.375, -24.875 ], [ 113.875, -24.875 ], [ 113.875, -24.625 ], [ 113.625, -24.625 ], [ 113.625, -24.375 ], [ 113.125, -24.375 ] ] ] } },
{ "type": "Feature", "properties": { "cluster_id": 36, "cohesion": 8.1167894613009128, "distances": { "1": 35.056653363621486, "2": 29.46697630740241, "3": 40.758113642614354, "4": 41.34927676632614, "5": 36.03357415428322, "6": 29.670583011289303, "7": 34.05068721590538, "8": 35.20857959571272, "9": 40.01738923131415, "10": 29.502768527171053, "11": 32.321005236340035, "12": 25.39554149258402, "13": 24.434392575867253, "14": 24.76749588568108, "15": 26.372811253634076, "16": 25.272118674249004, "17": 23.180942275385256, "18": 23.530229759063776, "19": 25.6013532909473, "20": 25.268859714684336, "21": 25.444591144801308, "22": 24.77936084994474, "23": 27.657684523454826, "24": 26.830937018037453, "25": 27.763058978618293, "26": 26.145883708283787, "27": 23.979561483037834, "28": 24.790189924434728, "29": 22.736774997687498, "30": 24.96636920930701, "31": 23.234268323702047, "32": 23.52114752870397, "33": 22.627344409533013, "34": 23.948127194576575, "35": 12.901355439724218, "37": 16.002858240375282, "38": 20.460875519850525, "39": 22.42688842098842, "40": 24.27525910970071, "41": 24.891775090826297, "42": 24.746099031863857, "43": 24.60960379185083, "44": 24.77258837878314, "45": 27.595179027493398, "46": 24.96179338398738, "47": 27.51937536788488, "48": 25.42433268131452, "49": 24.258119830610735, "50": 22.68403734313099, "51": 27.0190035545968, "52": 27.446755284273834, "53": 31.355606517344615, "54": 12.819541141435856, "55": 19.63566907558638, "56": 27.97467661748584, "57": 25.163674193203597, "58": 21.19475918692246 } }, "geometry": { "type": "Polygon", "coordinates": [ [ [ 115.875, -20.625 ], [ 115.875, -20.875 ], [ 115.625, -20.875 ], [ 115.625, -21.125 ], [ 115.125, -21.125 ], [ 115.125, -21.375 ], [ 114.625, -21.375 ], [ 114.625, -21.625 ], [ 114.375, -21.625 ], [ 114.375, -21.875 ], [ 113.875, -21.875 ], [ 113.875, -22.125 ], [ 113.625, -22.125 ], [ 113.625, -22.375 ], [ 113.375, -22.375 ], [ 113.375, -23.625 ], [ 113.125, -23.625 ], [ 113.125, -24.375 ], [ 113.625, -24.375 ], [ 113.625, -24.625 ], [ 113.875, -24.625 ], [ 113.875, -24.875 ], [ 114.375, -24.875 ], [ 114.375, -25.125 ], [ 114.625, -25.125 ], [ 114.625, -25.375 ], [ 115.125, -25.375 ], [ 115.125, -25.625 ], [ 115.625, -25.625 ], [ 115.625, -25.375 ], [ 115.875, -25.375 ], [ 115.875, -25.625 ], [ 116.375, -25.625 ], [ 116.375, -25.375 ], [ 116.625, -25.375 ], [ 116.625, -25.125 ], [ 116.875, -25.125 ], [ 116.875, -24.625 ], [ 117.625, -24.625 ], [ 117.625, -24.375 ], [ 117.875, -24.375 ], [ 117.875, -24.125 ], [ 118.125, -24.125 ], [ 118.125, -23.875 ], [ 117.875, -23.875 ], [ 117.875, -23.625 ], [ 117.625, -23.625 ], [ 117.625, -23.375 ], [ 117.375, -23.375 ], [ 117.375, -22.875 ], [ 117.125, -22.875 ], [ 117.125, -22.625 ], [ 116.625, -22.625 ], [ 116.625, -22.375 ], [ 116.375, -22.375 ], [ 116.375, -22.125 ], [ 116.125, -22.125 ], [ 116.125, -21.125 ], [ 116.375, -21.125 ], [ 116.375, -20.625 ], [ 115.875, -20.625 ] ] ] } },
{ "type": "Feature", "properties": { "cluster_id": 37, "cohesion": 8.10687343078129, "distances": { "1": 40.43808361313947, "2": 35.232128365940135, "3": 43.438659890635385, "4": 42.941724063832986, "5": 37.97023780879841, "6": 32.675412579764995, "7": 32.945778204311004, "8": 35.73436282819945, "9": 39.764715021364744, "10": 29.695021651303065, "11": 34.22362247806292, "12": 26.508819488582528, "13": 25.28050613985571, "14": 28.5511061172665, "15": 32.73042690888417, "16": 30.64587422845393, "17": 28.934659593527694, "18": 26.36818854961808, "19": 28.00378650242525, "20": 29.19133224652145, "21": 28.88415454970292, "22": 26.03085553132642, "23": 31.73059209726941, "24": 25.066634664950143, "25": 29.592945730723784, "26": 25.756120912130076, "27": 19.40355934210588, "28": 28.69156593141409, "29": 27.59092584235088, "30": 24.954875923593328, "31": 18.294937913305695, "32": 23.67752599329611, "33": 24.052061049382484, "34": 19.474099709412403, "35": 13.868465790872486, "36": 16.002858240375282, "38": 13.374753869091196, "39": 28.09278236720025, "40": 30.36194572336022, "41": 30.592240420895862, "42": 29.589987669169577, "43": 29.29932961225925, "44": 28.5131878688934, "45": 32.9663770966124, "46": 29.28645663707303, "47": 31.05659395713616, "48": 26.201492744463835, "49": 29.188236786140717, "50": 27.814468818426135, "51": 29.09021704456895, "52": 25.76084317349752, "53": 29.337310941055932, "54": 18.29398955355745, "55": 18.065140121835064, "56": 24.818220076810853, "57": 19.910827127424298, "58": 14.890800334362291 } }, "geometry": { "type": "Polygon", "coordinates": [ [ [ 119.125, -23.125 ], [ 119.125, -24.125 ], [ 117.875, -24.125 ], [ 117.875, -24.375 ], [ 117.625, -24.375 ], [ 117.625, -24.625 ], [ 116.875, -24.625 ], [ 116.875, -25.125 ], [ 116.625, -25.125 ], [ 116.625, -25.375 ], [ 116.375, -25.375 ], [ 116.375, -25.625 ], [ 116.125, -25.625 ], [ 116.125, -25.875 ], [ 116.375, -25.875 ], [ 116.375, -26.625 ], [ 116.625, -26.625 ], [ 116.625, -26.875 ], [ 117.375, -26.875 ], [ 117.375, -26.625 ], [ 117.625, -26.625 ], [ 117.625, -26.375 ], [ 118.125, -26.375 ], [ 118.125, -26.625 ], [ 118.375, -26.625 ], [ 118.375, -26.875 ], [ 118.875, -26.875 ], [ 118.875, -26.625 ], [ 119.375, -26.625 ], [ 119.375, -26.375 ], [ 119.625, -26.375 ], [ 119.625, -26.125 ], [ 120.375, -26.125 ], [ 120.375, -25.625 ], [ 120.625, -25.625 ], [ 120.625, -25.375 ], [ 120.875, -25.375 ], [ 120.875, -25.125 ], [ 122.875, -25.125 ], [ 122.875, -24.875 ], [ 124.625, -24.875 ], [ 124.625, -24.375 ], [ 123.125, -24.375 ], [ 123.125, -23.875 ], [ 121.875, -23.875 ], [ 121.875, -23.625 ], [ 121.625, -23.625 ], [ 121.625, -23.375 ], [ 121.125, -23.375 ], [ 121.125, -23.625 ], [ 120.125, -23.625 ], [ 120.125, -23.125 ], [ 119.125, -23.125 ] ] ] } },
{ "type": "Feature", "properties": { "cluster_id": 38, "cohesion": 10.311834210700781, "distances": { "1": 43.926329450547875, "2": 37.80885038289185, "3": 47.53956327281968, "4": 47.28562241379705, "5": 41.24860422941953, "6": 35.15326758901029, "7": 36.79256784834113, "8": 41.05477840816409, "9": 43.846114683601115, "10": 36.14782954812199, "11": 38.31099358041351, "12": 31.78059219199521, "13": 27.985833984477814, "14": 31.067193532448215, "15": 35.588302119223755, "16": 32.92480594965252, "17": 29.39623792944573, "18": 25.626705282442224, "19": 28.57212755474372, "20": 30.74408598136863, "21": 30.755165614504516, "22": 26.06898671214246, "23": 31.77952610957098, "24": 20.886965163753693, "25": 27.373170540647067, "26": 20.588417803857258, "27": 13.716602151624711, "28": 26.034457844898693, "29": 25.71158222556969, "30": 20.04090731084456, "31": 18.136525712723465, "32": 22.859004642875213, "33": 21.25650364863537, "34": 14.133369214618003, "35": 14.504418238117777, "36": 20.46087551985052, "37": 13.374753869091197, "39": 29.255157426269125, "40": 31.197265206424586, "41": 31.36825679727416, "42": 31.317839258437942, "43": 31.262751035311037, "44": 31.655219946949355, "45": 36.8420275497658, "46": 32.08794984380896, "47": 35.04832659063742, "48": 26.347664451398682, "49": 30.519711594211675, "50": 28.685427944336713, "51": 30.805123055168497, "52": 27.075773936782983, "53": 31.88073316248404, "54": 24.460559172109352, "55": 26.02390060673214, "56": 30.08857953766102, "57": 23.48728580471472, "58": 21.094830744634013 } }, "geometry": { "type": "Polygon", "coordinates": [ [ [ 122.875, -24.875 ], [ 122.875, -25.125 ], [ 120.875, -25.125 ], [ 120.875, -25.375 ], [ 120.625, -25.375 ], [ 120.625, -25.625 ], [ 120.375, -25.625 ], [ 120.375, -26.125 ], [ 119.625, -26.125 ], [ 119.625, -26.375 ], [ 119.375, -26.375 ], [ 119.375, -26.625 ], [ 118.875, -26.625 ], [ 118.875, -26.875 ], [ 118.375, -26.875 ], [ 118.375, -26.625 ], [ 118.125, -26.625 ], [ 118.125, -26.375 ], [ 117.625, -26.375 ], [ 117.625, -26.625 ], [ 117.375, -26.625 ], [ 117.375, -26.875 ], [ 116.625, -26.875 ], [ 116.625, -27.875 ], [ 115.375, -27.875 ], [ 115.375, -28.125 ], [ 114.125, -28.125 ], [ 114.125, -28.625 ], [ 114.375, -28.625 ], [ 114.375, -28.875 ], [ 114.625, -28.875 ], [ 114.625, -29.125 ], [ 114.875, -29.125 ], [ 114.875, -29.625 ], [ 115.125, -29.625 ], [ 115.125, -30.125 ], [ 115.625, -30.125 ], [ 115.625, -29.875 ], [ 115.875, -29.875 ], [ 115.875, -29.375 ], [ 116.125, -29.375 ], [ 116.125, -29.625 ], [ 116.375, -29.625 ], [ 116.375, -29.375 ], [ 116.625, -29.375 ], [ 116.625, -28.375 ], [ 117.125, -28.375 ], [ 117.125, -28.625 ], [ 117.375, -28.625 ], [ 117.375, -28.875 ], [ 118.125, -28.875 ], [ 118.125, -28.625 ], [ 118.375, -28.625 ], [ 118.375, -28.375 ], [ 118.625, -28.375 ], [ 118.625, -28.125 ], [ 118.875, -28.125 ], [ 118.875, -27.875 ], [ 119.125, -27.875 ], [ 119.125, -27.625 ], [ 119.375, -27.625 ], [ 119.375, -27.125 ], [ 119.625, -27.125 ], [ 119.625, -26.875 ], [ 120.625, -26.875 ], [ 120.625, -26.375 ], [ 121.125, -26.375 ], [ 121.125, -26.125 ], [ 121.625, -26.125 ], [ 121.625, -26.625 ], [ 121.875, -26.625 ], [ 121.875, -26.875 ], [ 123.125, -26.875 ], [ 123.125, -27.125 ], [ 123.875, -27.125 ], [ 123.875, -26.875 ], [ 124.375, -26.875 ], [ 124.375, -26.625 ], [ 125.375, -26.625 ], [ 125.375, -26.375 ], [ 125.875, -26.375 ], [ 125.875, -26.125 ], [ 126.375, -26.125 ], [ 126.375, -26.375 ], [ 126.875, -26.375 ], [ 126.875, -26.125 ], [ 127.625, -26.125 ], [ 127.625, -25.875 ], [ 127.375, -25.875 ], [ 127.375, -25.625 ], [ 125.875, -25.625 ], [ 125.875, -25.375 ], [ 125.625, -25.375 ], [ 125.625, -25.125 ], [ 124.625, -25.125 ], [ 124.625, -24.875 ], [ 122.875, -24.875 ] ] ] } },
{ "type": "Feature", "properties": { "cluster_id": 39, "cohesion": 8.4063454065380139, "distances": { "1": 28.163243571311234, "2": 20.804084485565433, "3": 35.16836782301341, "4": 36.0461205100077, "5": 28.04147260439481, "6": 19.37415794318051, "7": 30.95033216222448, "8": 32.79625982381021, "9": 35.63356850231748, "10": 30.84460515086452, "11": 28.33404018073526, "12": 25.891203702031202, "13": 22.73035039205073, "14": 28.73823098540748, "15": 28.240640709314356, "16": 28.6117354319786, "17": 25.58757071929047, "18": 28.39762761137044, "19": 26.28544323706171, "20": 25.355271987192623, "21": 29.638159081933658, "22": 29.48622958208492, "23": 26.37003327129807, "24": 28.73291749684914, "25": 27.385817394964153, "26": 29.93772967881523, "27": 30.05278656796689, "28": 25.721667505672787, "29": 24.210576107389635, "30": 28.33186457727858, "31": 27.970358969158045, "32": 27.60701537756233, "33": 26.78529676238645, "34": 29.767213118716022, "35": 24.728372124153275, "36": 22.426888420988423, "37": 28.09278236720025, "38": 29.255157426269125, "40": 12.422535545362807, "41": 16.322976416393143, "42": 13.071685891282884, "43": 20.334872274187738, "44": 24.7594995965402, "45": 29.7311173832621, "46": 26.417398425033177, "47": 29.008258355937485, "48": 25.61527675178695, "49": 21.174926866557133, "50": 17.59367745420075, "51": 21.22849555233581, "52": 27.48585718539616, "53": 29.308709320063482, "54": 22.592879823849216, "55": 28.11630849266009, "56": 29.70248096021697, "57": 28.652929334886863, "58": 28.85275925394233 } }, "geometry": { "type": "MultiPolygon", "coordinates": [ [ [ [ 150.375, -23.625 ], [ 150.375, -23.875 ], [ 150.625, -23.875 ], [ 150.625, -24.375 ], [ 150.375, -24.375 ], [ 150.375, -24.125 ], [ 150.125, -24.125 ], [ 150.125, -23.625 ], [ 150.375, -23.625 ] ] ], [ [ [ 149.875, -23.625 ], [ 149.875, -23.375 ], [ 149.125, -23.375 ], [ 149.125, -23.625 ], [ 147.875, -23.625 ], [ 147.875, -24.125 ], [ 147.375, -24.125 ], [ 147.375, -23.875 ], [ 147.125, -23.875 ], [ 147.125, -23.375 ], [ 146.875, -23.375 ], [ 146.875, -22.875 ], [ 146.625, -22.875 ], [ 146.625, -22.625 ], [ 146.375, -22.625 ], [ 146.375, -22.875 ], [ 146.125, -22.875 ], [ 146.125, -23.625 ], [ 146.375, -23.625 ], [ 146.375, -24.125 ], [ 145.625, -24.125 ], [ 145.625, -23.875 ], [ 145.125, -23.875 ], [ 145.125, -23.625 ], [ 144.875, -23.625 ], [ 144.875, -23.375 ], [ 144.625, -23.375 ], [ 144.625, -23.125 ], [ 143.875, -23.125 ], [ 143.875, -22.375 ], [ 143.625, -22.375 ], [ 143.625, -21.625 ], [ 143.875, -21.625 ], [ 143.875, -21.375 ], [ 144.375, -21.375 ], [ 144.375, -21.625 ], [ 144.875, -21.625 ], [ 144.875, -21.125 ], [ 144.625, -21.125 ], [ 144.625, -19.875 ], [ 146.125, -19.875 ], [ 146.125, -19.375 ], [ 146.625, -19.375 ], [ 146.625, -19.625 ], [ 146.875, -19.625 ], [ 146.875, -19.875 ], [ 147.125, -19.875 ], [ 147.125, -20.125 ], [ 147.375, -20.125 ], [ 147.375, -20.375 ], [ 147.625, -20.375 ], [ 147.625, -20.625 ], [ 147.875, -20.625 ], [ 147.875, -21.375 ], [ 148.875, -21.375 ], [ 148.875, -21.625 ], [ 149.125, -21.625 ], [ 149.125, -21.875 ], [ 149.625, -21.875 ], [ 149.625, -22.125 ], [ 149.875, -22.125 ], [ 149.875, -22.375 ], [ 150.125, -22.375 ], [ 150.125, -22.625 ], [ 150.375, -22.625 ], [ 150.375, -23.375 ], [ 150.125, -23.375 ], [ 150.125, -23.625 ], [ 149.875, -23.625 ] ] ] ] } },
{ "type": "Feature", "properties": { "cluster_id": 40, "cohesion": 9.6042127334415746, "distances": { "1": 24.021605192094587, "2": 16.638202219733365, "3": 32.64811600476694, "4": 34.97059004495443, "5": 27.656079902727125, "6": 20.310544031836276, "7": 32.30983225151964, "8": 32.84213883468814, "9": 35.7043930447887, "10": 31.589775914192728, "11": 26.984352303711002, "12": 26.5024455918478, "13": 22.04552246980972, "14": 30.592081170988934, "15": 27.74596784653741, "16": 29.3347175260231, "17": 25.94306334471232, "18": 29.992251427151388, "19": 30.572137390466246, "20": 29.418892586582952, "21": 32.153071512052676, "22": 32.63540497155177, "23": 23.819964814614234, "24": 27.850792103274625, "25": 25.491581804352915, "26": 29.67545533165857, "27": 30.855228621827226, "28": 24.545383186630357, "29": 24.147077600955832, "30": 29.27677859140253, "31": 31.0222140875356, "32": 31.229006193505494, "33": 28.6357563794219, "34": 31.69248049959352, "35": 26.81407351169514, "36": 24.27525910970071, "37": 30.361945723360215, "38": 31.197265206424586, "39": 12.422535545362805, "41": 15.723742735715646, "42": 17.203719881408926, "43": 21.603245993950047, "44": 26.363257412279662, "45": 29.027906759792714, "46": 24.836121606311092, "47": 29.02332920529737, "48": 29.263618652334234, "49": 24.369635638309227, "50": 22.659582731153016, "51": 24.50231516827761, "52": 30.66539195124773, "53": 31.559760902776894, "54": 23.806496659961283, "55": 29.84904209536332, "56": 31.994308572865485, "57": 31.592944803881476, "58": 31.398282629586028 } }, "geometry": { "type": "MultiPolygon", "coordinates": [ [ [ [ 150.625, -22.375 ], [ 150.875, -22.375 ], [ 150.875, -22.625 ], [ 151.125, -22.625 ], [ 151.125, -23.375 ], [ 151.375, -23.375 ], [ 151.375, -23.625 ], [ 151.875, -23.625 ], [ 151.875, -23.875 ], [ 152.125, -23.875 ], [ 152.125, -24.125 ], [ 152.375, -24.125 ], [ 152.375, -24.375 ], [ 151.625, -24.375 ], [ 151.625, -24.125 ], [ 150.875, -24.125 ], [ 150.875, -24.625 ], [ 150.625, -24.625 ], [ 150.625, -23.875 ], [ 150.375, -23.875 ], [ 150.375, -23.625 ], [ 150.125, -23.625 ], [ 150.125, -23.375 ], [ 150.375, -23.375 ], [ 150.375, -22.625 ], [ 150.125, -22.625 ], [ 150.125, -22.375 ], [ 149.875, -22.375 ], [ 149.875, -22.125 ], [ 150.625, -22.125 ], [ 150.625, -22.375 ] ] ], [ [ [ 149.625, -21.875 ], [ 149.125, -21.875 ], [ 149.125, -21.625 ], [ 148.875, -21.625 ], [ 148.875, -21.375 ], [ 147.875, -21.375 ], [ 147.875, -20.625 ], [ 147.625, -20.625 ], [ 147.625, -20.375 ], [ 148.125, -20.375 ], [ 148.125, -20.625 ], [ 148.375, -20.625 ], [ 148.375, -20.375 ], [ 148.625, -20.375 ], [ 148.625, -20.625 ], [ 148.875, -20.625 ], [ 148.875, -20.875 ], [ 149.375, -20.875 ], [ 149.375, -21.125 ], [ 149.625, -21.125 ], [ 149.625, -21.625 ], [ 149.875, -21.625 ], [ 149.875, -22.125 ], [ 149.625, -22.125 ], [ 149.625, -21.875 ] ] ], [ [ [ 144.125, -19.875 ], [ 144.625, -19.875 ], [ 144.625, -21.125 ], [ 144.875, -21.125 ], [ 144.875, -21.625 ], [ 144.375, -21.625 ], [ 144.375, -20.875 ], [ 144.125, -20.875 ], [ 144.125, -20.625 ], [ 143.875, -20.625 ], [ 143.875, -20.375 ], [ 143.625, -20.375 ], [ 143.625, -19.625 ], [ 144.125, -19.625 ], [ 144.125, -19.875 ] ] ], [ [ [ 147.375, -20.375 ], [ 147.375, -20.125 ], [ 147.625, -20.125 ], [ 147.625, -20.375 ], [ 147.375, -20.375 ] ] ], [ [ [ 146.875, -19.875 ], [ 146.875, -19.625 ], [ 146.625, -19.625 ], [ 146.625, -19.375 ], [ 146.125, -19.375 ], [ 146.125, -19.875 ], [ 145.875, -19.875 ], [ 145.875, -19.625 ], [ 145.625, -19.625 ], [ 145.625, -19.375 ], [ 145.375, -19.375 ], [ 145.375, -19.125 ], [ 145.125, -19.125 ], [ 145.125, -18.375 ], [ 145.375, -18.375 ], [ 145.375, -18.625 ], [ 145.875, -18.625 ], [ 145.875, -18.875 ], [ 146.125, -18.875 ], [ 146.125, -19.125 ], [ 146.875, -19.125 ], [ 146.875, -19.375 ], [ 147.125, -19.375 ], [ 147.125, -19.625 ], [ 147.375, -19.625 ], [ 147.375, -20.125 ], [ 147.125, -20.125 ], [ 147.125, -19.875 ], [ 146.875, -19.875 ] ] ] ] } },
{ "type": "Feature", "properties": { "cluster_id": 41, "cohesion": 6.6604437017141844, "distances": { "1": 27.896593497831955, "2": 23.152398982756342, "3": 32.25257091114055, "4": 33.289730298351714, "5": 26.828527516986746, "6": 21.16694319129921, "7": 30.305725758317887, "8": 31.644947387914897, "9": 33.37533325015429, "10": 30.458439550715365, "11": 26.729376462403746, "12": 25.706436169212154, "13": 22.017381332297877, "14": 29.047899285887986, "15": 27.725497789498952, "16": 29.70336952584114, "17": 28.387289106410574, "18": 32.398644314797444, "19": 28.49887118616774, "20": 25.569332169642635, "21": 31.432187952461174, "22": 32.78272753635268, "23": 24.990066890637838, "24": 28.796747772785384, "25": 27.03541375896958, "26": 32.12043414722166, "27": 31.90865491861434, "28": 26.983441126648692, "29": 27.215500202484474, "30": 31.565127325465056, "31": 30.500009104435293, "32": 31.544631009309327, "33": 30.942996408524046, "34": 32.70828731834574, "35": 26.2597962821533, "36": 24.891775090826297, "37": 30.592240420895866, "38": 31.36825679727416, "39": 16.322976416393146, "40": 15.723742735715648, "42": 14.537397921660824, "43": 11.747838578593797, "44": 19.985353595024442, "45": 27.397055564131197, "46": 23.762762970705346, "47": 24.567277879770515, "48": 27.80415054276045, "49": 16.692875579924124, "50": 19.481625019880376, "51": 22.694957629271414, "52": 28.92811395208716, "53": 29.42786797564913, "54": 24.06703813809819, "55": 29.503863292185354, "56": 30.528518367089898, "57": 30.4294403254047, "58": 30.839602019449146 } }, "geometry": { "type": "Polygon", "coordinates": [ [ [ 150.875, -24.125 ], [ 150.875, -24.625 ], [ 151.375, -24.625 ], [ 151.375, -24.875 ], [ 151.625, -24.875 ], [ 151.625, -25.875 ], [ 151.375, -25.875 ], [ 151.375, -26.625 ], [ 151.875, -26.625 ], [ 151.875, -26.375 ], [ 152.875, -26.375 ], [ 152.875, -26.625 ], [ 153.125, -26.625 ], [ 153.125, -28.125 ], [ 153.375, -28.125 ], [ 153.375, -27.625 ], [ 153.625, -27.625 ], [ 153.625, -26.375 ], [ 153.375, -26.375 ], [ 153.375, -26.125 ], [ 153.625, -26.125 ], [ 153.625, -25.875 ], [ 153.375, -25.875 ], [ 153.375, -25.375 ], [ 153.125, -25.375 ], [ 153.125, -25.125 ], [ 152.875, -25.125 ], [ 152.875, -24.875 ], [ 152.625, -24.875 ], [ 152.625, -24.625 ], [ 152.375, -24.625 ], [ 152.375, -24.375 ], [ 151.625, -24.375 ], [ 151.625, -24.125 ], [ 150.875, -24.125 ] ] ] } },
{ "type": "Feature", "properties": { "cluster_id": 42, "cohesion": 10.331634366266803, "distances": { "1": 28.859870577721946, "2": 23.548647498758385, "3": 32.7890788110939, "4": 32.30766000257628, "5": 24.46627047217912, "6": 16.84088642383533, "7": 26.94962463743764, "8": 29.70484494926942, "9": 31.190438781453377, "10": 28.474214548028783, "11": 26.578346282238662, "12": 24.62238345590525, "13": 22.76472839812748, "14": 30.39528229172224, "15": 30.656783076896065, "16": 31.599838017883172, "17": 30.00757352908569, "18": 32.83645059378469, "19": 26.816748009573686, "20": 25.266337507384517, "21": 31.99467070053024, "22": 32.203628921572026, "23": 28.126167823444142, "24": 31.084119784692028, "25": 29.764213359018907, "26": 33.80957391930841, "27": 32.844606174118965, "28": 29.338005123426036, "29": 28.811605794907845, "30": 32.405633355693745, "31": 28.64599025010958, "32": 29.720132976984488, "33": 30.8893137924297, "34": 32.74756585287094, "35": 26.675779951666303, "36": 24.74609903186386, "37": 29.589987669169577, "38": 31.31783925843794, "39": 13.071685891282884, "40": 17.203719881408922, "41": 14.537397921660824, "43": 16.746977415562352, "44": 22.391333743642146, "45": 30.327723458206798, "46": 26.78669387644235, "47": 27.297109430260097, "48": 25.15612282483172, "49": 18.792198739575785, "50": 16.872589473520765, "51": 17.765585656101315, "52": 25.56445272454167, "53": 25.97182105007467, "54": 23.447611841523464, "55": 27.731221981518974, "56": 27.127918461667793, "57": 27.471781420672176, "58": 28.654952026394486 } }, "geometry": { "type": "Polygon", "coordinates": [ [ [ 143.375, -22.375 ], [ 143.375, -22.875 ], [ 143.125, -22.875 ], [ 143.125, -23.125 ], [ 142.875, -23.125 ], [ 142.875, -23.375 ], [ 143.125, -23.375 ], [ 143.125, -23.625 ], [ 143.375, -23.625 ], [ 143.375, -23.875 ], [ 143.625, -23.875 ], [ 143.625, -24.125 ], [ 143.875, -24.125 ], [ 143.875, -24.625 ], [ 144.125, -24.625 ], [ 144.125, -25.125 ], [ 146.125, -25.125 ], [ 146.125, -25.375 ], [ 146.375, -25.375 ], [ 146.375, -25.125 ], [ 148.125, -25.125 ], [ 148.125, -25.375 ], [ 148.375, -25.375 ], [ 148.375, -25.625 ], [ 149.125, -25.625 ], [ 149.125, -25.875 ], [ 148.875, -25.875 ], [ 148.875, -26.125 ], [ 149.125, -26.125 ], [ 149.125, -26.375 ], [ 151.125, -26.375 ], [ 151.125, -26.625 ], [ 151.375, -26.625 ], [ 151.375, -25.875 ], [ 151.625, -25.875 ], [ 151.625, -24.875 ], [ 151.375, -24.875 ], [ 151.375, -24.625 ], [ 150.625, -24.625 ], [ 150.625, -24.375 ], [ 150.375, -24.375 ], [ 150.375, -24.125 ], [ 150.125, -24.125 ], [ 150.125, -23.625 ], [ 149.875, -23.625 ], [ 149.875, -23.375 ], [ 149.125, -23.375 ], [ 149.125, -23.625 ], [ 147.875, -23.625 ], [ 147.875, -24.125 ], [ 147.375, -24.125 ], [ 147.375, -23.875 ], [ 147.125, -23.875 ], [ 147.125, -23.375 ], [ 146.875, -23.375 ], [ 146.875, -22.875 ], [ 146.625, -22.875 ], [ 146.625, -22.625 ], [ 146.375, -22.625 ], [ 146.375, -22.875 ], [ 146.125, -22.875 ], [ 146.125, -23.625 ], [ 146.375, -23.625 ], [ 146.375, -24.125 ], [ 145.625, -24.125 ], [ 145.625, -23.875 ], [ 145.125, -23.875 ], [ 145.125, -23.625 ], [ 144.875, -23.625 ], [ 144.875, -23.375 ], [ 144.625, -23.375 ], [ 144.625, -23.125 ], [ 143.875, -23.125 ], [ 143.875, -22.375 ], [ 143.375, -22.375 ] ] ] } },
{ "type": "Feature", "properties": { "cluster_id": 43, "cohesion": 8.1378678342155606, "distances": { "1": 29.27985483333273, "2": 26.152430377406017, "3": 31.586811621610963, "4": 31.497950204185585, "5": 26.339527519249035, "6": 22.295174538276584, "7": 27.34806188934571, "8": 29.122490470239068, "9": 30.649121939006267, "10": 27.34937075430187, "11": 25.892858933384353, "12": 23.753525414085004, "13": 22.260216505957573, "14": 25.785818609363076, "15": 26.62905261807246, "16": 28.469561613067444, "17": 29.51115964131279, "18": 33.07889811635926, "19": 25.800938051698473, "20": 21.982974538647788, "21": 28.839231885892897, "22": 31.018531645759072, "23": 26.154041653279034, "24": 30.65245705790645, "25": 28.9897252293049, "26": 34.546022412771265, "27": 33.10062128253775, "28": 29.56223761941926, "29": 29.86208476907819, "30": 33.77458956807212, "31": 28.821450263226524, "32": 30.28889994077644, "33": 32.402299502032804, "34": 33.42417676844418, "35": 26.39546840461886, "36": 24.609603791850827, "37": 29.29932961225925, "38": 31.262751035311037, "39": 20.33487227418774, "40": 21.603245993950047, "41": 11.747838578593793, "42": 16.746977415562352, "44": 14.24685417960222, "45": 24.6797958360684, "46": 22.120283175390004, "47": 19.751521127390426, "48": 25.868596423742467, "49": 13.292457462157511, "50": 19.071179379895042, "51": 21.585254655708926, "52": 26.25853181819506, "53": 26.456788595907835, "54": 22.49829771315238, "55": 26.560402653082143, "56": 27.057234739157767, "57": 27.357771595883055, "58": 27.94808293215547 } }, "geometry": { "type": "MultiPolygon", "coordinates": [ [ [ [ 152.875, -31.125 ], [ 152.625, -31.125 ], [ 152.625, -30.875 ], [ 152.875, -30.875 ], [ 152.875, -31.125 ] ] ], [ [ [ 151.625, -30.125 ], [ 151.375, -30.125 ], [ 151.375, -29.875 ], [ 151.625, -29.875 ], [ 151.625, -30.125 ] ] ], [ [ [ 151.625, -29.875 ], [ 151.625, -29.375 ], [ 151.875, -29.375 ], [ 151.875, -29.875 ], [ 151.625, -29.875 ] ] ], [ [ [ 151.625, -26.875 ], [ 151.625, -26.625 ], [ 151.875, -26.625 ], [ 151.875, -26.375 ], [ 152.875, -26.375 ], [ 152.875, -26.625 ], [ 153.125, -26.625 ], [ 153.125, -28.125 ], [ 153.375, -28.125 ], [ 153.375, -27.625 ], [ 153.875, -27.625 ], [ 153.875, -29.125 ], [ 153.625, -29.125 ], [ 153.625, -30.125 ], [ 153.125, -30.125 ], [ 153.125, -30.375 ], [ 152.625, -30.375 ], [ 152.625, -29.625 ], [ 152.875, -29.625 ], [ 152.875, -29.125 ], [ 153.125, -29.125 ], [ 153.125, -28.875 ], [ 153.375, -28.875 ], [ 153.375, -28.375 ], [ 152.375, -28.375 ], [ 152.375, -28.625 ], [ 152.125, -28.625 ], [ 152.125, -29.375 ], [ 151.875, -29.375 ], [ 151.875, -26.875 ], [ 151.625, -26.875 ] ] ] ] } },
{ "type": "Feature", "properties": { "cluster_id": 44, "cohesion": 10.979342820573718, "distances": { "1": 30.725440396193086, "2": 28.630018261749157, "3": 32.71734891264318, "4": 32.40126553648716, "5": 28.966340378906995, "6": 26.23644655334242, "7": 27.935520526927874, "8": 28.88915266293937, "9": 31.329194294173952, "10": 25.906564141720036, "11": 27.060203846565177, "12": 23.504588546863847, "13": 24.14716986207771, "14": 20.626788333824454, "15": 23.45788969425298, "16": 25.278988864996876, "17": 29.17874126988961, "18": 32.43729706329661, "19": 25.511222662424863, "20": 20.32492373071325, "21": 24.92317444274211, "22": 29.135982575104396, "23": 27.926783532732603, "24": 32.998735996552746, "25": 31.423175055343005, "26": 36.64175529021097, "27": 34.54713940938976, "28": 32.14664885773794, "29": 31.734154594115203, "30": 35.71607110005285, "31": 28.772052376752775, "32": 30.18968501960447, "33": 33.44846655119407, "34": 34.33107967551609, "35": 27.383686390891306, "36": 24.77258837878314, "37": 28.513187868893393, "38": 31.655219946949355, "39": 24.759499596540195, "40": 26.363257412279655, "41": 19.985353595024442, "42": 22.391333743642143, "43": 14.24685417960222, "45": 19.585312086831603, "46": 19.491018546537354, "47": 14.023981299928195, "48": 27.318267197451647, "49": 16.392079622161756, "50": 22.36820119884304, "51": 24.884130417371406, "52": 27.220556784133358, "53": 27.384296638933392, "54": 21.81162662745112, "55": 24.45996657394589, "56": 26.015273372063263, "57": 26.3359025980329, "58": 26.073498469369188 } }, "geometry": { "type": "MultiPolygon", "coordinates": [ [ [ [ 148.625, -36.625 ], [ 149.125, -36.625 ], [ 149.125, -36.375 ], [ 149.625, -36.375 ], [ 149.625, -36.625 ], [ 149.375, -36.625 ], [ 149.375, -36.875 ], [ 149.125, -36.875 ], [ 149.125, -37.375 ], [ 148.875, -37.375 ], [ 148.875, -37.625 ], [ 148.625, -37.625 ], [ 148.625, -36.625 ] ] ], [ [ [ 149.875, -36.125 ], [ 149.875, -35.875 ], [ 150.125, -35.875 ], [ 150.125, -35.625 ], [ 150.375, -35.625 ], [ 150.375, -35.375 ], [ 150.625, -35.375 ], [ 150.625, -36.375 ], [ 150.375, -36.375 ], [ 150.375, -37.375 ], [ 150.125, -37.375 ], [ 150.125, -37.625 ], [ 149.875, -37.625 ], [ 149.875, -37.875 ], [ 149.625, -37.875 ], [ 149.625, -38.125 ], [ 148.625, -38.125 ], [ 148.625, -37.875 ], [ 148.875, -37.875 ], [ 148.875, -37.625 ], [ 149.375, -37.625 ], [ 149.375, -37.375 ], [ 149.625, -37.375 ], [ 149.625, -36.875 ], [ 149.875, -36.875 ], [ 149.875, -36.375 ], [ 149.625, -36.375 ], [ 149.625, -36.125 ], [ 149.875, -36.125 ] ] ], [ [ [ 150.625, -35.375 ], [ 150.625, -35.125 ], [ 150.875, -35.125 ], [ 150.875, -35.375 ], [ 150.625, -35.375 ] ] ], [ [ [ 150.625, -34.125 ], [ 150.625, -33.875 ], [ 150.375, -33.875 ], [ 150.375, -33.625 ], [ 150.625, -33.625 ], [ 150.625, -33.125 ], [ 150.375, -33.125 ], [ 150.375, -33.375 ], [ 150.125, -33.375 ], [ 150.125, -33.625 ], [ 149.875, -33.625 ], [ 149.875, -34.125 ], [ 149.625, -34.125 ], [ 149.625, -34.875 ], [ 149.375, -34.875 ], [ 149.375, -35.125 ], [ 148.875, -35.125 ], [ 148.875, -35.375 ], [ 148.625, -35.375 ], [ 148.625, -35.625 ], [ 148.375, -35.625 ], [ 148.375, -35.375 ], [ 148.125, -35.375 ], [ 148.125, -35.125 ], [ 147.875, -35.125 ], [ 147.875, -34.875 ], [ 148.625, -34.875 ], [ 148.625, -34.625 ], [ 148.875, -34.625 ], [ 148.875, -34.375 ], [ 149.125, -34.375 ], [ 149.125, -33.375 ], [ 148.875, -33.375 ], [ 148.875, -33.125 ], [ 149.375, -33.125 ], [ 149.375, -32.875 ], [ 149.625, -32.875 ], [ 149.625, -32.375 ], [ 149.875, -32.375 ], [ 149.875, -31.875 ], [ 150.625, -31.875 ], [ 150.625, -31.625 ], [ 150.875, -31.625 ], [ 150.875, -31.375 ], [ 151.375, -31.375 ], [ 151.375, -30.625 ], [ 151.625, -30.625 ], [ 151.625, -29.875 ], [ 151.875, -29.875 ], [ 151.875, -29.375 ], [ 152.125, -29.375 ], [ 152.125, -28.625 ], [ 152.375, -28.625 ], [ 152.375, -28.375 ], [ 153.375, -28.375 ], [ 153.375, -28.875 ], [ 153.125, -28.875 ], [ 153.125, -29.125 ], [ 152.875, -29.125 ], [ 152.875, -29.625 ], [ 152.625, -29.625 ], [ 152.625, -30.375 ], [ 153.125, -30.375 ], [ 153.125, -30.125 ], [ 153.375, -30.125 ], [ 153.375, -31.375 ], [ 153.125, -31.375 ], [ 153.125, -31.875 ], [ 152.875, -31.875 ], [ 152.875, -32.375 ], [ 152.625, -32.375 ], [ 152.625, -32.625 ], [ 152.375, -32.625 ], [ 152.375, -32.875 ], [ 152.125, -32.875 ], [ 152.125, -33.125 ], [ 151.875, -33.125 ], [ 151.875, -33.375 ], [ 151.625, -33.375 ], [ 151.625, -34.125 ], [ 151.375, -34.125 ], [ 151.375, -34.375 ], [ 151.125, -34.375 ], [ 151.125, -35.125 ], [ 150.875, -35.125 ], [ 150.875, -34.125 ], [ 150.625, -34.125 ] ], [ [ 152.875, -31.125 ], [ 152.875, -30.875 ], [ 152.625, -30.875 ], [ 152.625, -31.125 ], [ 152.875, -31.125 ] ], [ [ 151.875, -32.625 ], [ 151.875, -32.125 ], [ 151.375, -32.125 ], [ 151.375, -32.625 ], [ 151.875, -32.625 ] ] ] ] } },
{ "type": "Feature", "properties": { "cluster_id": 45, "cohesion": 8.467567179143936, "distances": { "1": 28.456836209683093, "2": 27.720771496436814, "3": 34.08595829155131, "4": 36.32309733894967, "5": 34.742020234556584, "6": 32.593431620969525, "7": 35.94335054138228, "8": 33.20327389448038, "9": 37.876980068310075, "10": 29.767717558171444, "11": 30.07582909184057, "12": 27.666480945067644, "13": 28.803920285578666, "14": 18.047148669543112, "15": 12.645548270390204, "16": 18.35664421995313, "17": 25.817565041874232, "18": 31.138720384454846, "19": 32.82748451679253, "20": 27.223814001491856, "21": 23.389153429986944, "22": 31.40150758015498, "23": 28.56603404399885, "24": 37.22091572491462, "25": 33.94561245513801, "26": 39.40859333110536, "27": 39.13801741980611, "28": 34.19183301599686, "29": 32.30913049945157, "30": 38.86009684084004, "31": 35.89745446831007, "32": 35.63356426084921, "33": 35.81796666628157, "34": 38.94812387494432, "35": 32.67893047282163, "36": 27.5951790274934, "37": 32.9663770966124, "38": 36.84202754976581, "39": 29.7311173832621, "40": 29.027906759792714, "41": 27.397055564131197, "42": 30.327723458206794, "43": 24.6797958360684, "44": 19.585312086831603, "46": 14.35211834124479, "47": 14.098429416758472, "48": 35.863422654503104, "49": 27.476077170771617, "50": 30.85158483973304, "51": 33.9867189919843, "52": 36.56155509544458, "53": 36.75463392692573, "54": 24.5461576936749, "55": 27.96184955867708, "56": 33.24001061730407, "57": 34.06833714531741, "58": 31.259501266665456 } }, "geometry": { "type": "Polygon", "coordinates": [ [ [ 149.125, -35.375 ], [ 149.125, -35.625 ], [ 148.375, -35.625 ], [ 148.375, -36.375 ], [ 148.125, -36.375 ], [ 148.125, -36.625 ], [ 147.625, -36.625 ], [ 147.625, -36.875 ], [ 146.875, -36.875 ], [ 146.875, -37.125 ], [ 146.375, -37.125 ], [ 146.375, -37.375 ], [ 146.125, -37.375 ], [ 146.125, -37.625 ], [ 144.875, -37.625 ], [ 144.875, -37.375 ], [ 144.125, -37.375 ], [ 144.125, -37.625 ], [ 142.125, -37.625 ], [ 142.125, -37.875 ], [ 141.625, -37.875 ], [ 141.625, -38.125 ], [ 140.625, -38.125 ], [ 140.625, -38.375 ], [ 141.125, -38.375 ], [ 141.125, -38.625 ], [ 142.625, -38.625 ], [ 142.625, -38.875 ], [ 143.125, -38.875 ], [ 143.125, -39.125 ], [ 143.875, -39.125 ], [ 143.875, -38.875 ], [ 144.125, -38.875 ], [ 144.125, -38.625 ], [ 144.375, -38.625 ], [ 144.375, -38.375 ], [ 145.125, -38.375 ], [ 145.125, -38.625 ], [ 145.375, -38.625 ], [ 145.375, -38.875 ], [ 146.375, -38.875 ], [ 146.375, -38.625 ], [ 145.625, -38.625 ], [ 145.625, -38.375 ], [ 145.875, -38.375 ], [ 145.875, -38.125 ], [ 146.125, -38.125 ], [ 146.125, -37.875 ], [ 147.125, -37.875 ], [ 147.125, -37.625 ], [ 148.625, -37.625 ], [ 148.625, -36.625 ], [ 148.875, -36.625 ], [ 148.875, -36.375 ], [ 149.375, -36.375 ], [ 149.375, -35.875 ], [ 149.625, -35.875 ], [ 149.625, -35.375 ], [ 149.125, -35.375 ] ] ] } },
{ "type": "Feature", "properties": { "cluster_id": 46, "cohesion": 6.8898779192984287, "distances": { "1": 24.777229904039437, "2": 23.491696109731276, "3": 30.65339929147799, "4": 32.71227550240978, "5": 29.817856472114055, "6": 27.49235277075915, "7": 31.077956868651967, "8": 30.301327264181296, "9": 33.25180869972176, "10": 27.438541404252845, "11": 26.324121863398403, "12": 24.84761701404605, "13": 24.01173400490525, "14": 22.368957300303272, "15": 18.98783203485686, "16": 23.413231320190278, "17": 26.6982625570379, "18": 30.93439249599289, "19": 31.833302169295578, "20": 28.585336095054387, "21": 27.172253360952936, "22": 31.551398325891274, "23": 23.537129207339987, "24": 30.570488074093568, "25": 27.871470114263797, "26": 34.10789120847117, "27": 33.52596648315291, "28": 29.3543249579886, "29": 29.425175137199293, "30": 34.43656756101567, "31": 31.46547533715789, "32": 32.882897418677985, "33": 32.72416057387652, "34": 34.371580313334746, "35": 28.57060925396909, "36": 24.961793383987384, "37": 29.286456637073034, "38": 32.08794984380896, "39": 26.41739842503318, "40": 24.836121606311092, "41": 23.762762970705346, "42": 26.786693876442353, "43": 22.120283175390004, "44": 19.491018546537358, "45": 14.352118341244793, "47": 14.710511629105929, "48": 31.606904379600167, "49": 26.40436329839041, "50": 28.881303394153118, "51": 28.94033770105104, "52": 31.340278436089914, "53": 31.28902399862061, "54": 21.730803819793156, "55": 25.711801661084, "56": 29.49290691255366, "57": 30.00051375794148, "58": 28.11164109968001 } }, "geometry": { "type": "Polygon", "coordinates": [ [ [ 144.875, -40.375 ], [ 144.875, -40.625 ], [ 144.625, -40.625 ], [ 144.625, -40.875 ], [ 144.375, -40.875 ], [ 144.375, -41.375 ], [ 144.625, -41.375 ], [ 144.625, -41.875 ], [ 144.875, -41.875 ], [ 144.875, -42.125 ], [ 145.125, -42.125 ], [ 145.125, -42.375 ], [ 144.875, -42.375 ], [ 144.875, -42.625 ], [ 145.125, -42.625 ], [ 145.125, -42.875 ], [ 145.375, -42.875 ], [ 145.375, -43.125 ], [ 145.625, -43.125 ], [ 145.625, -43.375 ], [ 145.875, -43.375 ], [ 145.875, -43.625 ], [ 147.125, -43.625 ], [ 147.125, -43.375 ], [ 147.375, -43.375 ], [ 147.375, -43.125 ], [ 147.875, -43.125 ], [ 147.875, -42.875 ], [ 148.125, -42.875 ], [ 148.125, -42.625 ], [ 148.375, -42.625 ], [ 148.375, -42.125 ], [ 148.625, -42.125 ], [ 148.625, -40.875 ], [ 148.375, -40.875 ], [ 148.375, -40.625 ], [ 148.125, -40.625 ], [ 148.125, -40.375 ], [ 147.875, -40.375 ], [ 147.875, -40.625 ], [ 146.625, -40.625 ], [ 146.625, -40.875 ], [ 146.125, -40.875 ], [ 146.125, -40.625 ], [ 145.125, -40.625 ], [ 145.125, -40.375 ], [ 144.875, -40.375 ] ] ] } },
{ "type": "Feature", "properties": { "cluster_id": 47, "cohesion": 8.7801626880048129, "distances": { "1": 27.935062691255126, "2": 27.875686180317317, "3": 29.760571667132766, "4": 30.30474689445778, "5": 28.97028565541585, "6": 28.38077578713309, "7": 29.161332002902604, "8": 27.53247764461429, "9": 30.625904939997433, "10": 24.76028150576787, "11": 25.941965327626157, "12": 23.60020839806448, "13": 25.428541437826127, "14": 21.576445813560067, "15": 21.369080806015404, "16": 25.406987776841945, "17": 31.08840949049775, "18": 35.2138931370366, "19": 31.973181547424517, "20": 26.646907824624552, "21": 27.38298905609825, "22": 33.323023402536094, "23": 27.965983217933704, "24": 35.24413034499658, "25": 32.78152162061497, "26": 39.40333359949481, "27": 37.6724716075089, "28": 34.67056801238163, "29": 34.79094443471501, "30": 39.544099981686585, "31": 33.13675948716938, "32": 35.35578774088813, "33": 37.412746889809036, "34": 38.29907097901864, "35": 31.1923768860137, "36": 27.51937536788488, "37": 31.05659395713616, "38": 35.04832659063743, "39": 29.008258355937475, "40": 29.02332920529737, "41": 24.567277879770515, "42": 27.297109430260093, "43": 19.751521127390426, "44": 14.023981299928195, "45": 14.098429416758472, "46": 14.71051162910593, "48": 33.15849012269342, "49": 24.14690955163937, "50": 29.34887045199965, "51": 29.6155406045787, "52": 31.93274725236553, "53": 30.520249132073754, "54": 22.995422728332578, "55": 24.90835147223614, "56": 27.670906218459166, "57": 29.550411031245808, "58": 28.135385459222682 } }, "geometry": { "type": "MultiPolygon", "coordinates": [ [ [ [ 148.625, -37.875 ], [ 148.625, -38.125 ], [ 148.125, -38.125 ], [ 148.125, -38.375 ], [ 147.375, -38.375 ], [ 147.375, -38.625 ], [ 147.125, -38.625 ], [ 147.125, -38.875 ], [ 146.625, -38.875 ], [ 146.625, -39.125 ], [ 145.875, -39.125 ], [ 145.875, -38.875 ], [ 146.375, -38.875 ], [ 146.375, -38.625 ], [ 145.625, -38.625 ], [ 145.625, -38.375 ], [ 145.875, -38.375 ], [ 145.875, -38.125 ], [ 146.125, -38.125 ], [ 146.125, -37.875 ], [ 147.125, -37.875 ], [ 147.125, -37.625 ], [ 148.875, -37.625 ], [ 148.875, -37.875 ], [ 148.625, -37.875 ] ] ], [ [ [ 149.125, -37.375 ], [ 149.125, -36.875 ], [ 149.375, -36.875 ], [ 149.375, -36.625 ], [ 149.625, -36.625 ], [ 149.625, -36.375 ], [ 149.875, -36.375 ], [ 149.875, -36.875 ], [ 149.625, -36.875 ], [ 149.625, -37.375 ], [ 149.375, -37.375 ], [ 149.375, -37.625 ], [ 148.875, -37.625 ], [ 148.875, -37.375 ], [ 149.125, -37.375 ] ] ], [ [ [ 150.625, -33.625 ], [ 150.375, -33.625 ], [ 150.375, -33.875 ], [ 150.625, -33.875 ], [ 150.625, -34.125 ], [ 150.875, -34.125 ], [ 150.875, -35.125 ], [ 150.625, -35.125 ], [ 150.625, -35.375 ], [ 150.375, -35.375 ], [ 150.375, -35.625 ], [ 150.125, -35.625 ], [ 150.125, -35.875 ], [ 149.875, -35.875 ], [ 149.875, -36.125 ], [ 149.625, -36.125 ], [ 149.625, -36.375 ], [ 149.375, -36.375 ], [ 149.375, -35.875 ], [ 149.625, -35.875 ], [ 149.625, -35.375 ], [ 149.125, -35.375 ], [ 149.125, -35.625 ], [ 148.625, -35.625 ], [ 148.625, -35.375 ], [ 148.875, -35.375 ], [ 148.875, -35.125 ], [ 149.375, -35.125 ], [ 149.375, -34.875 ], [ 149.625, -34.875 ], [ 149.625, -34.125 ], [ 149.875, -34.125 ], [ 149.875, -33.625 ], [ 150.125, -33.625 ], [ 150.125, -33.375 ], [ 150.375, -33.375 ], [ 150.375, -33.125 ], [ 150.625, -33.125 ], [ 150.625, -33.625 ] ] ], [ [ [ 151.875, -32.625 ], [ 151.375, -32.625 ], [ 151.375, -32.125 ], [ 151.875, -32.125 ], [ 151.875, -32.625 ] ] ] ] } },
{ "type": "Feature", "properties": { "cluster_id": 48, "cohesion": 9.5002088092882513, "distances": { "1": 40.4856341025688, "2": 35.18754484792233, "3": 45.03543033735628, "4": 43.62595580121009, "5": 35.72454515629438, "6": 28.72159500134221, "7": 29.163556330668015, "8": 38.20484368151097, "9": 37.81406417384873, "10": 34.18690740661264, "11": 36.59806795820406, "12": 31.558218642240668, "13": 29.647232386772394, "14": 28.5012488505061, "15": 34.880738478534255, "16": 32.15308899553735, "17": 30.040403054763267, "18": 28.380563638983798, "19": 14.499067836058805, "20": 21.558562246626604, "21": 27.670132268004686, "22": 22.076907115777054, "23": 33.26238764717641, "24": 31.894344588772917, "25": 32.67620605753509, "26": 32.36570172758071, "27": 29.69948812691297, "28": 30.250700925083013, "29": 28.391666960013854, "30": 27.807459756817764, "31": 17.325069366588135, "32": 15.470858302707764, "33": 25.061233522670125, "34": 25.438919597564635, "35": 24.96547087387946, "36": 25.42433268131452, "37": 26.201492744463835, "38": 26.347664451398682, "39": 25.61527675178695, "40": 29.263618652334234, "41": 27.804150542760443, "42": 25.15612282483172, "43": 25.868596423742474, "44": 27.318267197451643, "45": 35.863422654503104, "46": 31.606904379600167, "47": 33.158490122693415, "49": 21.961376007551667, "50": 19.383102128743264, "51": 17.473156037059546, "52": 13.043693755617216, "53": 21.228988361195206, "54": 26.64143971745296, "55": 28.577960123253423, "56": 25.82470944395651, "57": 20.357009124567085, "58": 24.120132171148303 } }, "geometry": { "type": "MultiPolygon", "coordinates": [ [ [ [ 135.875, -23.375 ], [ 135.875, -23.625 ], [ 136.375, -23.625 ], [ 136.375, -23.875 ], [ 136.625, -23.875 ], [ 136.625, -24.125 ], [ 137.125, -24.125 ], [ 137.125, -24.375 ], [ 137.375, -24.375 ], [ 137.375, -24.625 ], [ 137.875, -24.625 ], [ 137.875, -24.875 ], [ 138.625, -24.875 ], [ 138.625, -25.125 ], [ 138.875, -25.125 ], [ 138.875, -25.375 ], [ 139.625, -25.375 ], [ 139.625, -25.875 ], [ 140.125, -25.875 ], [ 140.125, -25.625 ], [ 140.375, -25.625 ], [ 140.375, -25.375 ], [ 140.125, -25.375 ], [ 140.125, -25.125 ], [ 139.875, -25.125 ], [ 139.875, -24.625 ], [ 140.625, -24.625 ], [ 140.625, -24.875 ], [ 140.875, -24.875 ], [ 140.875, -25.125 ], [ 141.375, -25.125 ], [ 141.375, -25.375 ], [ 141.625, -25.375 ], [ 141.625, -25.625 ], [ 141.875, -25.625 ], [ 141.875, -25.375 ], [ 142.125, -25.375 ], [ 142.125, -25.625 ], [ 142.375, -25.625 ], [ 142.375, -26.125 ], [ 142.625, -26.125 ], [ 142.625, -26.375 ], [ 143.125, -26.375 ], [ 143.125, -26.125 ], [ 143.625, -26.125 ], [ 143.625, -26.375 ], [ 143.875, -26.375 ], [ 143.875, -26.625 ], [ 144.375, -26.625 ], [ 144.375, -26.875 ], [ 145.125, -26.875 ], [ 145.125, -27.375 ], [ 144.625, -27.375 ], [ 144.625, -28.375 ], [ 144.375, -28.375 ], [ 144.375, -28.625 ], [ 143.625, -28.625 ], [ 143.625, -28.875 ], [ 143.375, -28.875 ], [ 143.375, -28.625 ], [ 143.125, -28.625 ], [ 143.125, -28.125 ], [ 142.625, -28.125 ], [ 142.625, -28.375 ], [ 142.125, -28.375 ], [ 142.125, -28.625 ], [ 141.625, -28.625 ], [ 141.625, -28.375 ], [ 140.375, -28.375 ], [ 140.375, -27.625 ], [ 140.125, -27.625 ], [ 140.125, -27.375 ], [ 139.875, -27.375 ], [ 139.875, -27.125 ], [ 139.375, -27.125 ], [ 139.375, -27.375 ], [ 138.625, -27.375 ], [ 138.625, -27.125 ], [ 138.375, -27.125 ], [ 138.375, -27.375 ], [ 137.875, -27.375 ], [ 137.875, -27.125 ], [ 137.625, -27.125 ], [ 137.625, -26.875 ], [ 137.375, -26.875 ], [ 137.375, -26.625 ], [ 137.125, -26.625 ], [ 137.125, -26.125 ], [ 136.875, -26.125 ], [ 136.875, -25.875 ], [ 136.625, -25.875 ], [ 136.625, -25.625 ], [ 136.125, -25.625 ], [ 136.125, -25.375 ], [ 135.875, -25.375 ], [ 135.875, -25.125 ], [ 135.625, -25.125 ], [ 135.625, -24.875 ], [ 134.625, -24.875 ], [ 134.625, -24.625 ], [ 134.375, -24.625 ], [ 134.375, -24.375 ], [ 134.125, -24.375 ], [ 134.125, -24.125 ], [ 134.375, -24.125 ], [ 134.375, -23.875 ], [ 134.625, -23.875 ], [ 134.625, -23.625 ], [ 134.375, -23.625 ], [ 134.375, -23.375 ], [ 135.875, -23.375 ] ] ], [ [ [ 133.875, -23.625 ], [ 133.875, -23.875 ], [ 133.625, -23.875 ], [ 133.625, -23.625 ], [ 133.875, -23.625 ] ] ] ] } },
{ "type": "Feature", "properties": { "cluster_id": 49, "cohesion": 8.0389811992048568, "distances": { "1": 35.74154017752372, "2": 31.21571886344514, "3": 39.49300709325066, "4": 39.041748335841824, "5": 32.94086535014202, "6": 27.037581505825013, "7": 31.356135591863758, "8": 35.228409714351024, "9": 36.7865790645148, "10": 32.07339142383833, "11": 32.47960967435037, "12": 28.398396478374774, "13": 26.98751365042422, "14": 23.463390657276904, "15": 27.38307194225645, "16": 27.141328691475973, "17": 28.00925300586607, "18": 30.402101075398136, "19": 19.185276653398294, "20": 15.11317277320655, "21": 24.972606032705947, "22": 26.37611459412494, "23": 30.39924755302188, "24": 32.85466143416396, "25": 32.121785607012974, "26": 34.888532749872745, "27": 33.1825222762387, "28": 30.543002705552198, "29": 28.88846470317795, "30": 32.203425910055714, "31": 26.95670592488368, "32": 25.78874708422504, "33": 29.836876482943826, "34": 31.608302285167344, "35": 25.419699836516955, "36": 24.25811983061073, "37": 29.188236786140717, "38": 30.519711594211675, "39": 21.174926866557126, "40": 24.36963563830923, "41": 16.692875579924117, "42": 18.792198739575785, "43": 13.29245746215751, "44": 16.392079622161756, "45": 27.476077170771617, "46": 26.404363298390408, "47": 24.146909551639375, "48": 21.961376007551667, "50": 13.855731449284502, "51": 21.785286366880577, "52": 24.886758411898988, "53": 28.083706490914274, "54": 24.57165592372551, "55": 28.635808370260957, "56": 29.303358116973428, "57": 27.39134122656342, "58": 28.26396543449348 } }, "geometry": { "type": "MultiPolygon", "coordinates": [ [ [ [ 151.875, -26.875 ], [ 151.875, -29.375 ], [ 151.625, -29.375 ], [ 151.625, -29.875 ], [ 151.375, -29.875 ], [ 151.375, -30.125 ], [ 151.625, -30.125 ], [ 151.625, -30.625 ], [ 151.375, -30.625 ], [ 151.375, -31.375 ], [ 150.875, -31.375 ], [ 150.875, -31.625 ], [ 150.625, -31.625 ], [ 150.625, -31.875 ], [ 149.875, -31.875 ], [ 149.875, -32.375 ], [ 149.625, -32.375 ], [ 149.625, -32.875 ], [ 149.375, -32.875 ], [ 149.375, -33.125 ], [ 148.625, -33.125 ], [ 148.625, -32.875 ], [ 148.375, -32.875 ], [ 148.375, -31.625 ], [ 148.625, -31.625 ], [ 148.625, -30.625 ], [ 148.875, -30.625 ], [ 148.875, -30.375 ], [ 150.125, -30.375 ], [ 150.125, -29.875 ], [ 150.875, -29.875 ], [ 150.875, -29.125 ], [ 151.125, -29.125 ], [ 151.125, -28.875 ], [ 151.375, -28.875 ], [ 151.375, -27.625 ], [ 151.625, -27.625 ], [ 151.625, -26.875 ], [ 151.875, -26.875 ] ] ], [ [ [ 151.375, -26.875 ], [ 151.375, -26.625 ], [ 151.625, -26.625 ], [ 151.625, -26.875 ], [ 151.375, -26.875 ] ] ] ] } },
{ "type": "Feature", "properties": { "cluster_id": 50, "cohesion": 9.0008212148083295, "distances": { "1": 37.01934751372349, "2": 30.95578456085611, "3": 42.491234914379426, "4": 42.09827202954255, "5": 34.81663054380837, "6": 26.779693064572985, "7": 33.0921377764524, "8": 37.50430545158371, "9": 39.67663721124563, "10": 33.8992393750554, "11": 34.62637545343516, "12": 29.854262357413685, "13": 28.125606798269494, "14": 25.36503674012155, "15": 29.176504267411268, "16": 27.696827247189486, "17": 26.339619471028563, "18": 27.403101887095335, "19": 16.999188387732186, "20": 16.129166668527244, "21": 25.122931532661653, "22": 24.316293166910025, "23": 31.91413675793041, "24": 32.48730205138639, "25": 32.490389208482625, "26": 32.991829432928256, "27": 31.49755936471296, "28": 29.617923159684644, "29": 26.408694006020912, "30": 29.0774921244996, "31": 25.066942880123456, "32": 22.27672789171246, "33": 25.916043957055653, "34": 28.81031183836439, "35": 23.75682573487724, "36": 22.68403734313099, "37": 27.814468818426132, "38": 28.68542794433671, "39": 17.59367745420075, "40": 22.659582731153012, "41": 19.481625019880376, "42": 16.872589473520765, "43": 19.071179379895042, "44": 22.36820119884304, "45": 30.85158483973304, "46": 28.88130339415312, "47": 29.34887045199965, "48": 19.383102128743264, "49": 13.855731449284503, "51": 20.125153737135037, "52": 23.876515730804353, "53": 28.88948843902999, "54": 24.465204982617202, "55": 28.959964273879915, "56": 30.017187557035115, "57": 27.013719237337707, "58": 27.712934215217647 } }, "geometry": { "type": "Polygon", "coordinates": [ [ [ 146.375, -25.125 ], [ 146.375, -25.375 ], [ 145.875, -25.375 ], [ 145.875, -25.625 ], [ 145.625, -25.625 ], [ 145.625, -25.875 ], [ 145.125, -25.875 ], [ 145.125, -26.625 ], [ 144.875, -26.625 ], [ 144.875, -26.875 ], [ 145.125, -26.875 ], [ 145.125, -27.375 ], [ 144.625, -27.375 ], [ 144.625, -28.375 ], [ 144.875, -28.375 ], [ 144.875, -28.875 ], [ 145.125, -28.875 ], [ 145.125, -29.125 ], [ 146.625, -29.125 ], [ 146.625, -29.375 ], [ 146.875, -29.375 ], [ 146.875, -29.625 ], [ 147.125, -29.625 ], [ 147.125, -29.875 ], [ 147.625, -29.875 ], [ 147.625, -30.375 ], [ 147.875, -30.375 ], [ 147.875, -30.875 ], [ 148.125, -30.875 ], [ 148.125, -31.375 ], [ 148.625, -31.375 ], [ 148.625, -30.625 ], [ 148.875, -30.625 ], [ 148.875, -30.375 ], [ 150.125, -30.375 ], [ 150.125, -29.875 ], [ 150.875, -29.875 ], [ 150.875, -29.125 ], [ 151.125, -29.125 ], [ 151.125, -28.875 ], [ 151.375, -28.875 ], [ 151.375, -27.625 ], [ 151.625, -27.625 ], [ 151.625, -26.875 ], [ 151.375, -26.875 ], [ 151.375, -26.625 ], [ 151.125, -26.625 ], [ 151.125, -26.375 ], [ 149.125, -26.375 ], [ 149.125, -26.125 ], [ 148.875, -26.125 ], [ 148.875, -25.875 ], [ 149.125, -25.875 ], [ 149.125, -25.625 ], [ 148.375, -25.625 ], [ 148.375, -25.375 ], [ 148.125, -25.375 ], [ 148.125, -25.125 ], [ 146.375, -25.125 ] ] ] } },
{ "type": "Feature", "properties": { "cluster_id": 51, "cohesion": 8.5510329413994537, "distances": { "1": 32.41757472356624, "2": 28.26441157077623, "3": 35.39530471928826, "4": 33.08281337093302, "5": 23.574014348073568, "6": 16.623102158872314, "7": 20.26786733062425, "8": 29.80313709672733, "9": 27.304820233576834, "10": 27.860795656160267, "11": 28.943111982437202, "12": 26.459281426043677, "13": 25.559519605992776, "14": 32.00595976237724, "15": 35.093382177339436, "16": 34.955951927832295, "17": 33.63427789168026, "18": 34.739536161804544, "19": 23.404349647177373, "20": 26.00881322089685, "21": 33.189906858825275, "22": 31.123328221028753, "23": 30.348069302527524, "24": 32.18449662315138, "25": 31.40275866130947, "26": 35.39378096869556, "27": 33.14187476673417, "28": 31.419688878425276, "29": 31.708310881389128, "30": 33.252427649502216, "31": 23.99194804712781, "32": 26.554176230409386, "33": 31.839257705925, "34": 31.964481974790797, "35": 28.157846405897423, "36": 27.019003554596797, "37": 29.090217044568945, "38": 30.805123055168497, "39": 21.22849555233581, "40": 24.50231516827761, "41": 22.69495762927141, "42": 17.76558565610131, "43": 21.585254655708923, "44": 24.884130417371406, "45": 33.9867189919843, "46": 28.94033770105104, "47": 29.615540604578705, "48": 17.473156037059546, "49": 21.78528636688058, "50": 20.125153737135037, "52": 15.134532519617563, "53": 15.993693785497124, "54": 25.091979677164733, "55": 27.01409868262069, "56": 21.9147902390679, "57": 21.567291333112482, "58": 25.570900969211987 } }, "geometry": { "type": "Polygon", "coordinates": [ [ [ 140.125, -22.375 ], [ 140.125, -22.625 ], [ 139.125, -22.625 ], [ 139.125, -22.875 ], [ 139.625, -22.875 ], [ 139.625, -23.125 ], [ 139.875, -23.125 ], [ 139.875, -23.375 ], [ 138.875, -23.375 ], [ 138.875, -23.625 ], [ 139.125, -23.625 ], [ 139.125, -23.875 ], [ 139.625, -23.875 ], [ 139.625, -24.125 ], [ 139.875, -24.125 ], [ 139.875, -24.375 ], [ 140.125, -24.375 ], [ 140.125, -24.625 ], [ 140.625, -24.625 ], [ 140.625, -24.875 ], [ 140.875, -24.875 ], [ 140.875, -25.125 ], [ 141.375, -25.125 ], [ 141.375, -25.375 ], [ 141.625, -25.375 ], [ 141.625, -25.625 ], [ 141.875, -25.625 ], [ 141.875, -25.375 ], [ 142.125, -25.375 ], [ 142.125, -25.625 ], [ 142.375, -25.625 ], [ 142.375, -26.125 ], [ 142.625, -26.125 ], [ 142.625, -26.375 ], [ 143.125, -26.375 ], [ 143.125, -26.125 ], [ 143.625, -26.125 ], [ 143.625, -26.375 ], [ 143.875, -26.375 ], [ 143.875, -26.625 ], [ 144.375, -26.625 ], [ 144.375, -26.875 ], [ 144.875, -26.875 ], [ 144.875, -26.625 ], [ 145.125, -26.625 ], [ 145.125, -25.875 ], [ 145.625, -25.875 ], [ 145.625, -25.625 ], [ 145.875, -25.625 ], [ 145.875, -25.375 ], [ 146.125, -25.375 ], [ 146.125, -25.125 ], [ 144.125, -25.125 ], [ 144.125, -24.625 ], [ 143.875, -24.625 ], [ 143.875, -24.125 ], [ 143.625, -24.125 ], [ 143.625, -23.875 ], [ 143.375, -23.875 ], [ 143.375, -23.625 ], [ 143.125, -23.625 ], [ 143.125, -23.375 ], [ 142.125, -23.375 ], [ 142.125, -23.125 ], [ 141.875, -23.125 ], [ 141.875, -22.625 ], [ 141.625, -22.625 ], [ 141.625, -22.375 ], [ 141.125, -22.375 ], [ 141.125, -22.625 ], [ 140.625, -22.625 ], [ 140.625, -22.375 ], [ 140.125, -22.375 ] ] ] } },
{ "type": "Feature", "properties": { "cluster_id": 52, "cohesion": 7.278675044147171, "distances": { "1": 38.84337006332458, "2": 34.69201147536282, "3": 41.003705218512614, "4": 38.394064667194584, "5": 30.71023495325779, "6": 25.583557381143727, "7": 21.60361304712177, "8": 32.86737220414223, "9": 30.703777713055267, "10": 29.300534467346722, "11": 33.01821682644965, "12": 28.340439843772636, "13": 27.53447749078498, "14": 31.592156723573943, "15": 37.515655956919474, "16": 35.810660915350915, "17": 34.65373377289353, "18": 33.41779306831005, "19": 20.94276973002449, "20": 26.347477485250913, "21": 32.03072430908788, "22": 27.483777159161203, "23": 33.46137464134304, "24": 32.006258946776995, "25": 33.10787237895496, "26": 34.712459533548504, "27": 30.82768989787295, "28": 32.88222455152654, "29": 32.75218708172259, "30": 31.67792546766171, "31": 16.871689198554492, "32": 21.159542665789626, "33": 29.905827712089113, "34": 28.009860342094342, "35": 26.64908052185784, "36": 27.446755284273838, "37": 25.76084317349752, "38": 27.075773936782983, "39": 27.485857185396153, "40": 30.66539195124773, "41": 28.92811395208716, "42": 25.564452724541674, "43": 26.25853181819506, "44": 27.22055678413336, "45": 36.56155509544458, "46": 31.34027843608992, "47": 31.932747252365534, "48": 13.043693755617216, "49": 24.886758411898988, "50": 23.876515730804357, "51": 15.134532519617563, "53": 12.716479475724288, "54": 26.560708725733242, "55": 25.911943759401588, "56": 19.015606209317863, "57": 14.863454430022436, "58": 21.02586187120303 } }, "geometry": { "type": "MultiPolygon", "coordinates": [ [ [ [ 134.375, -23.125 ], [ 135.375, -23.125 ], [ 135.375, -22.875 ], [ 137.125, -22.875 ], [ 137.125, -23.125 ], [ 138.125, -23.125 ], [ 138.125, -23.375 ], [ 138.875, -23.375 ], [ 138.875, -23.625 ], [ 139.125, -23.625 ], [ 139.125, -23.875 ], [ 139.625, -23.875 ], [ 139.625, -24.125 ], [ 139.875, -24.125 ], [ 139.875, -24.375 ], [ 140.125, -24.375 ], [ 140.125, -24.625 ], [ 139.875, -24.625 ], [ 139.875, -25.125 ], [ 140.125, -25.125 ], [ 140.125, -25.375 ], [ 140.375, -25.375 ], [ 140.375, -25.625 ], [ 140.125, -25.625 ], [ 140.125, -25.875 ], [ 139.625, -25.875 ], [ 139.625, -25.375 ], [ 138.875, -25.375 ], [ 138.875, -25.125 ], [ 138.625, -25.125 ], [ 138.625, -24.875 ], [ 137.875, -24.875 ], [ 137.875, -24.625 ], [ 137.375, -24.625 ], [ 137.375, -24.375 ], [ 137.125, -24.375 ], [ 137.125, -24.125 ], [ 136.625, -24.125 ], [ 136.625, -23.875 ], [ 136.375, -23.875 ], [ 136.375, -23.625 ], [ 135.875, -23.625 ], [ 135.875, -23.375 ], [ 134.375, -23.375 ], [ 134.375, -23.125 ] ] ], [ [ [ 134.375, -23.625 ], [ 133.625, -23.625 ], [ 133.625, -23.875 ], [ 131.875, -23.875 ], [ 131.875, -24.125 ], [ 131.375, -24.125 ], [ 131.375, -23.875 ], [ 130.375, -23.875 ], [ 130.375, -23.625 ], [ 130.875, -23.625 ], [ 130.875, -23.375 ], [ 134.375, -23.375 ], [ 134.375, -23.625 ] ] ] ] } },
{ "type": "Feature", "properties": { "cluster_id": 53, "cohesion": 7.0675128528794939, "distances": { "1": 35.349358605573634, "2": 32.98934919647131, "3": 34.54025985525662, "4": 30.74375132382899, "5": 23.638475067394484, "6": 21.787371534848468, "7": 13.199434506737514, "8": 26.149647806366886, "9": 21.41874805227932, "10": 24.375840769403744, "11": 28.10218495839687, "12": 25.28062128972357, "13": 25.810645420510937, "14": 35.259041059340284, "15": 39.527463551570385, "16": 39.360990020152485, "17": 39.259877969909574, "18": 39.43397596103815, "19": 28.425509930983523, "20": 31.58846803636321, "21": 37.038537641807046, "22": 34.452079483953945, "23": 33.64434410348478, "24": 34.340942719981314, "25": 34.50425793016885, "26": 39.054417200986364, "27": 35.19252617890005, "28": 36.34700821105093, "29": 37.64570964782778, "30": 37.61898351228102, "31": 22.923668936358627, "32": 29.495267496596227, "33": 36.54566584493545, "34": 34.163274818887544, "35": 31.352478225460974, "36": 31.355606517344615, "37": 29.337310941055932, "38": 31.880733162484034, "39": 29.308709320063482, "40": 31.559760902776894, "41": 29.42786797564913, "42": 25.97182105007467, "43": 26.456788595907827, "44": 27.384296638933392, "45": 36.75463392692573, "46": 31.28902399862061, "47": 30.520249132073758, "48": 21.2289883611952, "49": 28.083706490914274, "50": 28.889488439029993, "51": 15.993693785497127, "52": 12.716479475724288, "54": 28.0328970292139, "55": 25.75479637646553, "56": 14.881549615467351, "57": 16.046327345273646, "58": 22.7496314747224 } }, "geometry": { "type": "Polygon", "coordinates": [ [ [ 132.875, -21.875 ], [ 132.875, -22.125 ], [ 131.625, -22.125 ], [ 131.625, -22.375 ], [ 130.625, -22.375 ], [ 130.625, -22.625 ], [ 130.375, -22.625 ], [ 130.375, -22.875 ], [ 130.625, -22.875 ], [ 130.625, -23.125 ], [ 130.875, -23.125 ], [ 130.875, -23.375 ], [ 134.375, -23.375 ], [ 134.375, -23.125 ], [ 135.375, -23.125 ], [ 135.375, -22.875 ], [ 137.125, -22.875 ], [ 137.125, -23.125 ], [ 138.125, -23.125 ], [ 138.125, -23.375 ], [ 139.875, -23.375 ], [ 139.875, -23.125 ], [ 139.625, -23.125 ], [ 139.625, -22.875 ], [ 139.125, -22.875 ], [ 139.125, -22.625 ], [ 138.375, -22.625 ], [ 138.375, -22.375 ], [ 138.125, -22.375 ], [ 138.125, -22.125 ], [ 137.625, -22.125 ], [ 137.625, -21.875 ], [ 136.625, -21.875 ], [ 136.625, -22.125 ], [ 136.125, -22.125 ], [ 136.125, -21.875 ], [ 132.875, -21.875 ] ] ] } },
{ "type": "Feature", "properties": { "cluster_id": 54, "cohesion": 5.0842496537616482, "distances": { "1": 29.447441647366524, "2": 25.745510824324082, "3": 33.54758887332951, "4": 33.89786235307848, "5": 30.231354324572848, "6": 25.610221842917824, "7": 28.588686462720787, "8": 27.34796467831736, "9": 33.31222229193923, "10": 21.35933462721574, "11": 25.607081872975897, "12": 18.377257658330112, "13": 20.077935836801135, "14": 25.16609529491241, "15": 25.604009109130253, "16": 26.074554407881834, "17": 25.568704012804098, "18": 27.46608913837502, "19": 27.684265108976472, "20": 26.59467694080718, "21": 27.17749960295824, "22": 27.934180190527808, "23": 25.100905280043197, "24": 28.0032101352602, "25": 27.313208757728393, "26": 29.879812694028043, "27": 27.80690081174497, "28": 26.686528303862445, "29": 26.010072874252636, "30": 29.59184159431623, "31": 24.788462869211287, "32": 26.939791271832643, "33": 27.337009096746673, "34": 28.423351278523437, "35": 19.432369532841165, "36": 12.819541141435858, "37": 18.29398955355745, "38": 24.46055917210935, "39": 22.592879823849216, "40": 23.806496659961283, "41": 24.06703813809819, "42": 23.447611841523468, "43": 22.49829771315238, "44": 21.81162662745112, "45": 24.5461576936749, "46": 21.73080381979316, "47": 22.995422728332578, "48": 26.64143971745296, "49": 24.571655923725498, "50": 24.465204982617205, "51": 25.091979677164733, "52": 26.560708725733242, "53": 28.0328970292139, "55": 13.59648162487753, "56": 22.920644934684837, "57": 23.14672739203238, "58": 19.065959176539327 } }, "geometry": { "type": "Polygon", "coordinates": [ [ [ 117.875, -20.125 ], [ 117.875, -20.375 ], [ 116.375, -20.375 ], [ 116.375, -21.125 ], [ 116.125, -21.125 ], [ 116.125, -22.125 ], [ 116.375, -22.125 ], [ 116.375, -22.375 ], [ 116.625, -22.375 ], [ 116.625, -22.625 ], [ 117.125, -22.625 ], [ 117.125, -22.875 ], [ 117.375, -22.875 ], [ 117.375, -22.625 ], [ 117.625, -22.625 ], [ 117.625, -22.375 ], [ 117.875, -22.375 ], [ 117.875, -21.375 ], [ 117.625, -21.375 ], [ 117.625, -20.875 ], [ 117.875, -20.875 ], [ 117.875, -20.625 ], [ 118.125, -20.625 ], [ 118.125, -20.375 ], [ 118.375, -20.375 ], [ 118.375, -20.125 ], [ 117.875, -20.125 ] ] ] } },
{ "type": "Feature", "properties": { "cluster_id": 55, "cohesion": 9.3686029858377946, "distances": { "1": 33.09225507270627, "2": 30.668776484240833, "3": 34.21810131613222, "4": 33.086513569273954, "5": 30.7760368734899, "6": 28.116168628595435, "7": 25.644875798473876, "8": 24.812930805116363, "9": 30.71186233970443, "10": 17.1642962251223, "11": 26.31766902842155, "12": 17.877394788521883, "13": 22.360690496832895, "14": 28.19571039267884, "15": 30.401916397954025, "16": 30.458466622261472, "17": 31.4678127123766, "18": 32.13189539506047, "19": 30.204770807815397, "20": 29.693657057758077, "21": 30.201637801494403, "22": 30.60571836735309, "23": 31.43237259748466, "24": 32.695734204943044, "25": 33.3084337477277, "26": 35.568427617089874, "27": 31.458560973545346, "28": 33.77513061546748, "29": 32.80437473261254, "30": 34.70841383676087, "31": 24.430082620809557, "32": 29.444569741607257, "33": 32.20032881736632, "34": 31.155939756649307, "35": 23.3260902481121, "36": 19.635669075586378, "37": 18.065140121835064, "38": 26.02390060673214, "39": 28.11630849266009, "40": 29.849042095363313, "41": 29.50386329218535, "42": 27.731221981518974, "43": 26.560402653082143, "44": 24.45996657394589, "45": 27.961849558677084, "46": 25.711801661084003, "47": 24.90835147223614, "48": 28.577960123253426, "49": 28.635808370260957, "50": 28.959964273879905, "51": 27.0140986826207, "52": 25.91194375940159, "53": 25.75479637646553, "54": 13.59648162487753, "56": 17.303219659704936, "57": 19.09727246554286, "58": 13.798775782109601 } }, "geometry": { "type": "MultiPolygon", "coordinates": [ [ [ [ 120.375, -19.875 ], [ 119.625, -19.875 ], [ 119.625, -20.125 ], [ 119.125, -20.125 ], [ 119.125, -20.375 ], [ 118.625, -20.375 ], [ 118.625, -21.375 ], [ 119.125, -21.375 ], [ 119.125, -21.125 ], [ 119.625, -21.125 ], [ 119.625, -21.375 ], [ 120.375, -21.375 ], [ 120.375, -21.125 ], [ 120.625, -21.125 ], [ 120.625, -20.875 ], [ 121.125, -20.875 ], [ 121.125, -20.625 ], [ 122.375, -20.625 ], [ 122.375, -20.875 ], [ 122.625, -20.875 ], [ 122.625, -21.125 ], [ 123.125, -21.125 ], [ 123.125, -21.375 ], [ 124.125, -21.375 ], [ 124.125, -22.125 ], [ 124.375, -22.125 ], [ 124.375, -22.375 ], [ 123.125, -22.375 ], [ 123.125, -22.875 ], [ 122.125, -22.875 ], [ 122.125, -23.125 ], [ 121.875, -23.125 ], [ 121.875, -23.375 ], [ 121.125, -23.375 ], [ 121.125, -23.625 ], [ 120.125, -23.625 ], [ 120.125, -23.125 ], [ 119.125, -23.125 ], [ 119.125, -24.125 ], [ 118.125, -24.125 ], [ 118.125, -23.875 ], [ 117.875, -23.875 ], [ 117.875, -23.625 ], [ 117.625, -23.625 ], [ 117.625, -23.375 ], [ 117.375, -23.375 ], [ 117.375, -22.625 ], [ 117.625, -22.625 ], [ 117.625, -22.375 ], [ 117.875, -22.375 ], [ 117.875, -21.375 ], [ 117.625, -21.375 ], [ 117.625, -20.875 ], [ 117.875, -20.875 ], [ 117.875, -20.625 ], [ 118.125, -20.625 ], [ 118.125, -20.375 ], [ 118.375, -20.375 ], [ 118.375, -20.125 ], [ 118.625, -20.125 ], [ 118.625, -19.875 ], [ 119.125, -19.875 ], [ 119.125, -19.625 ], [ 120.375, -19.625 ], [ 120.375, -19.875 ] ] ], [ [ [ 120.375, -19.375 ], [ 120.625, -19.375 ], [ 120.625, -19.625 ], [ 120.375, -19.625 ], [ 120.375, -19.375 ] ] ] ] } },
{ "type": "Feature", "properties": { "cluster_id": 56, "cohesion": 7.4115777420703095, "distances": { "1": 34.408078931446234, "2": 32.587206732836584, "3": 32.6122556041944, "4": 29.040740411032786, "5": 25.62479533671673, "6": 24.58854513829611, "7": 15.093902163412283, "8": 21.191629876344948, "9": 22.109647167781905, "10": 16.50200904860271, "11": 25.256428949617472, "12": 19.62058287361313, "13": 23.393592513848933, "14": 32.757763947912714, "15": 36.388966591886444, "16": 36.30191762641412, "17": 37.12487658796356, "18": 37.42388945207223, "19": 30.224843044255806, "20": 31.510197075464756, "21": 34.73047859537688, "22": 33.5340853450179, "23": 33.7535530758539, "24": 34.97957048856475, "25": 35.356474012282675, "26": 39.36170757719129, "27": 34.949330039626886, "28": 37.05242922615211, "29": 37.17782860206969, "30": 37.992125123067375, "31": 22.980124609031833, "32": 30.44102086133914, "33": 36.012048765850274, "34": 33.84715275415897, "35": 29.368254764436475, "36": 27.97467661748584, "37": 24.818220076810853, "38": 30.088579537661023, "39": 29.70248096021697, "40": 31.994308572865485, "41": 30.528518367089898, "42": 27.127918461667786, "43": 27.05723473915776, "44": 26.015273372063263, "45": 33.24001061730407, "46": 29.492906912553664, "47": 27.67090621845917, "48": 25.82470944395651, "49": 29.303358116973424, "50": 30.017187557035115, "51": 21.914790239067898, "52": 19.015606209317863, "53": 14.881549615467348, "54": 22.920644934684837, "55": 17.303219659704936, "57": 12.523771348599105, "58": 15.53115554461268 } }, "geometry": { "type": "Polygon", "coordinates": [ [ [ 128.375, -20.875 ], [ 128.375, -21.125 ], [ 128.125, -21.125 ], [ 128.125, -21.375 ], [ 127.875, -21.375 ], [ 127.875, -21.625 ], [ 127.625, -21.625 ], [ 127.625, -21.375 ], [ 126.875, -21.375 ], [ 126.875, -21.625 ], [ 126.375, -21.625 ], [ 126.375, -21.375 ], [ 125.375, -21.375 ], [ 125.375, -21.125 ], [ 124.125, -21.125 ], [ 124.125, -22.125 ], [ 125.375, -22.125 ], [ 125.375, -22.625 ], [ 127.625, -22.625 ], [ 127.625, -22.875 ], [ 128.125, -22.875 ], [ 128.125, -22.625 ], [ 128.625, -22.625 ], [ 128.625, -22.875 ], [ 129.375, -22.875 ], [ 129.375, -23.125 ], [ 130.625, -23.125 ], [ 130.625, -22.875 ], [ 130.375, -22.875 ], [ 130.375, -22.625 ], [ 130.625, -22.625 ], [ 130.625, -22.375 ], [ 130.875, -22.375 ], [ 130.875, -22.125 ], [ 130.125, -22.125 ], [ 130.125, -21.875 ], [ 129.875, -21.875 ], [ 129.875, -21.625 ], [ 128.875, -21.625 ], [ 128.875, -20.875 ], [ 128.375, -20.875 ] ] ] } },
{ "type": "Feature", "properties": { "cluster_id": 57, "cohesion": 6.6304973738714592, "distances": { "1": 38.539397466285145, "2": 34.819312813176936, "3": 39.20685877098606, "4": 36.57375466812434, "5": 31.211725003928603, "6": 27.520226539899937, "7": 21.32219541543114, "8": 29.2451128681048, "9": 29.769007018515754, "10": 24.169204967021447, "11": 30.612725628707835, "12": 24.1754778021925, "13": 24.91657308128504, "14": 29.626001230101842, "15": 35.484419268805304, "16": 33.66347529847947, "17": 33.397516174665206, "18": 31.686351924307335, "19": 24.68326084014927, "20": 27.77475693596407, "21": 30.40611476643127, "22": 26.901811802158406, "23": 33.568053330354594, "24": 31.42585201648035, "25": 33.388833008592265, "26": 34.29773430996873, "27": 29.196581508963188, "28": 33.665338573997616, "29": 32.76486426175441, "30": 31.437840428820508, "31": 14.295277141369127, "32": 22.84501830587232, "33": 29.291498810080817, "34": 25.960017757980154, "35": 24.70200705576279, "36": 25.163674193203597, "37": 19.910827127424298, "38": 23.48728580471472, "39": 28.65292933488686, "40": 31.592944803881476, "41": 30.429440325404702, "42": 27.471781420672176, "43": 27.357771595883055, "44": 26.335902598032902, "45": 34.06833714531741, "46": 30.00051375794148, "47": 29.550411031245808, "48": 20.357009124567092, "49": 27.39134122656342, "50": 27.013719237337707, "51": 21.567291333112493, "52": 14.863454430022434, "53": 16.046327345273646, "54": 23.146727392032375, "55": 19.097272465542865, "56": 12.523771348599105, "58": 11.716157769533933 } }, "geometry": { "type": "Polygon", "coordinates": [ [ [ 126.625, -22.625 ], [ 126.625, -22.875 ], [ 126.125, -22.875 ], [ 126.125, -23.125 ], [ 125.125, -23.125 ], [ 125.125, -23.375 ], [ 125.625, -23.375 ], [ 125.625, -23.625 ], [ 126.125, -23.625 ], [ 126.125, -23.875 ], [ 126.375, -23.875 ], [ 126.375, -24.375 ], [ 128.875, -24.375 ], [ 128.875, -24.625 ], [ 130.125, -24.625 ], [ 130.125, -24.125 ], [ 130.375, -24.125 ], [ 130.375, -23.625 ], [ 130.875, -23.625 ], [ 130.875, -23.125 ], [ 129.375, -23.125 ], [ 129.375, -22.875 ], [ 128.625, -22.875 ], [ 128.625, -22.625 ], [ 128.125, -22.625 ], [ 128.125, -22.875 ], [ 127.625, -22.875 ], [ 127.625, -22.625 ], [ 126.625, -22.625 ] ] ] } },
{ "type": "Feature", "properties": { "cluster_id": 58, "cohesion": 7.0516806050869967, "distances": { "1": 37.9568999005969, "2": 34.301097836663416, "3": 39.47816089087047, "4": 37.81627774951455, "5": 33.64069913392903, "6": 29.82447106233504, "7": 25.803461708062976, "8": 29.924738716547857, "9": 33.06621913702527, "10": 23.144840975029876, "11": 30.750055847653826, "12": 23.07941900708805, "13": 24.628415189843487, "14": 27.559581758670166, "15": 32.48543071439163, "16": 30.80350470969341, "17": 31.11970597676552, "18": 29.482023645097037, "19": 26.403776809416915, "20": 27.948676517727247, "21": 28.41703745102182, "22": 26.246970161867246, "23": 33.41046695416691, "24": 31.166523318234958, "25": 33.508052093309615, "26": 33.481769261500105, "27": 28.031964916222783, "28": 33.47313998096761, "29": 31.784286760309932, "30": 31.02107275834396, "31": 16.612460897802173, "32": 24.000577602904553, "33": 28.391498933032526, "34": 25.360267552973124, "35": 21.612583270975303, "36": 21.19475918692246, "37": 14.89080033436229, "38": 21.09483074463401, "39": 28.85275925394233, "40": 31.398282629586024, "41": 30.83960201944914, "42": 28.654952026394483, "43": 27.94808293215547, "44": 26.073498469369188, "45": 31.25950126666546, "46": 28.11164109968001, "47": 28.135385459222682, "48": 24.120132171148303, "49": 28.263965434493482, "50": 27.712934215217643, "51": 25.570900969211987, "52": 21.02586187120303, "53": 22.749631474722403, "54": 19.065959176539323, "55": 13.798775782109603, "56": 15.53115554461268, "57": 11.716157769533933 } }, "geometry": { "type": "Polygon", "coordinates": [ [ [ 124.375, -22.125 ], [ 124.375, -22.375 ], [ 123.125, -22.375 ], [ 123.125, -22.875 ], [ 122.125, -22.875 ], [ 122.125, -23.125 ], [ 121.875, -23.125 ], [ 121.875, -23.375 ], [ 121.625, -23.375 ], [ 121.625, -23.625 ], [ 121.875, -23.625 ], [ 121.875, -23.875 ], [ 123.125, -23.875 ], [ 123.125, -24.375 ], [ 124.625, -24.375 ], [ 124.625, -24.625 ], [ 126.875, -24.625 ], [ 126.875, -24.375 ], [ 126.375, -24.375 ], [ 126.375, -23.875 ], [ 126.125, -23.875 ], [ 126.125, -23.625 ], [ 125.625, -23.625 ], [ 125.625, -23.375 ], [ 125.125, -23.375 ], [ 125.125, -23.125 ], [ 126.125, -23.125 ], [ 126.125, -22.875 ], [ 126.625, -22.875 ], [ 126.625, -22.625 ], [ 125.375, -22.625 ], [ 125.375, -22.125 ], [ 124.375, -22.125 ] ] ] } }
]
}
