{
"type": "FeatureCollection",
"name": "60_clusters",
"crs": { "type": "name", "properties": { "name": "urn:ogc:def:crs:OGC:1.3:CRS84" } },
"features": [
{ "type": "Feature", "properties": { "cluster_id": 1, "cohesion": 8.6487465638442682, "distances": { "2": 13.250369952054145, "3": 18.90891003463502, "4": 24.180438772686287, "5": 22.659505945916994, "6": 23.239301063618836, "7": 31.28635470849942, "8": 26.527482853515856, "9": 29.087553766751377, "10": 28.5688859101616, "11": 20.82427286707156, "12": 27.212458270500765, "13": 26.202532132898707, "14": 37.711049798453395, "15": 31.47181265330928, "16": 36.34861849804197, "17": 36.8281822778166, "18": 42.66383583868136, "19": 42.861468109085415, "20": 40.63612392067549, "21": 41.38529953404568, "22": 44.73080155149566, "23": 44.36900139117672, "24": 27.143376350708664, "25": 38.61652943866565, "26": 33.31743331578965, "27": 43.025370449691806, "28": 44.0558352879256, "29": 36.096894534564186, "30": 37.78165328424618, "31": 44.461116411528806, "32": 42.236100904424816, "33": 44.20031290308304, "34": 43.35329606014713, "35": 46.04452230523563, "36": 40.21923949190091, "37": 35.05665336362148, "38": 40.43808361313947, "39": 43.926329450547875, "40": 28.163243571311238, "41": 24.02160519209459, "42": 27.896593497831955, "43": 28.85987057772195, "44": 29.279854833332728, "45": 30.725440396193086, "46": 28.456836209683093, "47": 24.777229904039437, "48": 27.935062691255126, "49": 37.11346388654352, "50": 41.57343094644793, "51": 35.7415401775237, "52": 37.019347513723496, "53": 32.41757472356624, "54": 38.84337006332458, "55": 35.349358605573634, "56": 29.447441647366524, "57": 33.092255072706266, "58": 34.40807893144623, "59": 38.539397466285145, "60": 37.95689990059691 } }, "geometry": { "type": "MultiPolygon", "coordinates": [ [ [ [ 142.125, -16.375 ], [ 142.375, -16.375 ], [ 142.375, -16.625 ], [ 142.625, -16.625 ], [ 142.625, -17.625 ], [ 142.875, -17.625 ], [ 142.875, -18.125 ], [ 143.125, -18.125 ], [ 143.125, -18.375 ], [ 143.375, -18.375 ], [ 143.375, -19.375 ], [ 143.625, -19.375 ], [ 143.625, -19.625 ], [ 143.375, -19.625 ], [ 143.375, -20.125 ], [ 143.125, -20.125 ], [ 143.125, -19.875 ], [ 142.875, -19.875 ], [ 142.875, -19.625 ], [ 142.625, -19.625 ], [ 142.625, -18.875 ], [ 142.375, -18.875 ], [ 142.375, -18.375 ], [ 142.125, -18.375 ], [ 142.125, -17.625 ], [ 141.875, -17.625 ], [ 141.875, -16.125 ], [ 142.125, -16.125 ], [ 142.125, -16.375 ] ] ], [ [ [ 144.625, -17.375 ], [ 143.875, -17.375 ], [ 143.875, -17.125 ], [ 144.625, -17.125 ], [ 144.625, -17.375 ] ] ], [ [ [ 141.875, -16.125 ], [ 141.625, -16.125 ], [ 141.625, -15.625 ], [ 141.875, -15.625 ], [ 141.875, -16.125 ] ] ], [ [ [ 141.625, -14.125 ], [ 141.625, -15.625 ], [ 141.375, -15.625 ], [ 141.375, -15.125 ], [ 141.125, -15.125 ], [ 141.125, -13.625 ], [ 141.375, -13.625 ], [ 141.375, -14.125 ], [ 141.625, -14.125 ] ] ], [ [ [ 142.875, -10.875 ], [ 142.875, -11.125 ], [ 143.125, -11.125 ], [ 143.125, -11.875 ], [ 143.375, -11.875 ], [ 143.375, -12.375 ], [ 143.625, -12.375 ], [ 143.625, -12.875 ], [ 143.875, -12.875 ], [ 143.875, -13.875 ], [ 144.625, -13.875 ], [ 144.625, -14.125 ], [ 144.875, -14.125 ], [ 144.875, -14.375 ], [ 145.125, -14.375 ], [ 145.125, -14.625 ], [ 145.375, -14.625 ], [ 145.375, -14.875 ], [ 145.625, -14.875 ], [ 145.625, -16.125 ], [ 145.875, -16.125 ], [ 145.875, -16.625 ], [ 145.625, -16.625 ], [ 145.625, -16.375 ], [ 145.375, -16.375 ], [ 145.375, -16.125 ], [ 145.125, -16.125 ], [ 145.125, -16.625 ], [ 144.875, -16.625 ], [ 144.875, -16.875 ], [ 144.125, -16.875 ], [ 144.125, -16.375 ], [ 144.375, -16.375 ], [ 144.375, -15.625 ], [ 144.125, -15.625 ], [ 144.125, -15.375 ], [ 143.875, -15.375 ], [ 143.875, -15.125 ], [ 143.625, -15.125 ], [ 143.625, -14.625 ], [ 143.125, -14.625 ], [ 143.125, -14.875 ], [ 142.375, -14.875 ], [ 142.375, -14.375 ], [ 142.125, -14.375 ], [ 142.125, -13.625 ], [ 141.875, -13.625 ], [ 141.875, -11.625 ], [ 142.125, -11.625 ], [ 142.125, -10.625 ], [ 142.625, -10.625 ], [ 142.625, -10.875 ], [ 142.875, -10.875 ] ] ] ] } },
{ "type": "Feature", "properties": { "cluster_id": 2, "cohesion": 10.389644273938883, "distances": { "1": 13.250369952054145, "3": 24.386121194100017, "4": 28.488039238871835, "5": 23.66089976031765, "6": 20.1701027753368, "7": 30.943898864591844, "8": 28.534970364110055, "9": 31.46791688160797, "10": 29.059057720080652, "11": 22.344647610215496, "12": 25.90177551960806, "13": 23.170084525420133, "14": 33.95025814379347, "15": 28.727385105686945, "16": 32.33290080146445, "17": 31.0552021860386, "18": 36.26721221176568, "19": 37.31931892905718, "20": 35.73986862942186, "21": 36.74942703780864, "22": 38.6662515045386, "23": 38.855072115484695, "24": 24.164272862629684, "25": 33.08942837555634, "26": 28.68329018018281, "27": 36.33401747616533, "28": 37.63110733593091, "29": 30.001911602070013, "30": 30.92966584921604, "31": 37.186305362155565, "32": 36.76517639201582, "33": 38.018490056781005, "34": 36.22945415657657, "35": 39.22266006957261, "36": 33.996399238273476, "37": 29.466976307402412, "38": 35.232128365940135, "39": 37.80885038289185, "40": 20.804084485565436, "41": 16.638202219733365, "42": 23.152398982756345, "43": 23.548647498758385, "44": 26.152430377406013, "45": 28.630018261749157, "46": 27.720771496436814, "47": 23.491696109731272, "48": 27.875686180317317, "49": 32.3292228999522, "50": 36.10958418597721, "51": 31.21571886344514, "52": 30.95578456085611, "53": 28.264411570776225, "54": 34.69201147536282, "55": 32.9893491964713, "56": 25.745510824324086, "57": 30.66877648424084, "58": 32.587206732836584, "59": 34.819312813176936, "60": 34.301097836663416 } }, "geometry": { "type": "MultiPolygon", "coordinates": [ [ [ [ 143.625, -20.375 ], [ 143.875, -20.375 ], [ 143.875, -20.625 ], [ 144.125, -20.625 ], [ 144.125, -20.875 ], [ 144.375, -20.875 ], [ 144.375, -21.375 ], [ 143.875, -21.375 ], [ 143.875, -21.625 ], [ 143.625, -21.625 ], [ 143.625, -22.375 ], [ 143.375, -22.375 ], [ 143.375, -22.125 ], [ 143.125, -22.125 ], [ 143.125, -21.625 ], [ 143.375, -21.625 ], [ 143.375, -21.375 ], [ 143.625, -21.375 ], [ 143.625, -20.625 ], [ 143.375, -20.625 ], [ 143.375, -19.625 ], [ 143.625, -19.625 ], [ 143.625, -20.375 ] ] ], [ [ [ 143.625, -19.375 ], [ 143.375, -19.375 ], [ 143.375, -18.375 ], [ 143.125, -18.375 ], [ 143.125, -18.125 ], [ 142.875, -18.125 ], [ 142.875, -17.625 ], [ 142.625, -17.625 ], [ 142.625, -16.625 ], [ 142.375, -16.625 ], [ 142.375, -16.375 ], [ 142.125, -16.375 ], [ 142.125, -16.125 ], [ 141.875, -16.125 ], [ 141.875, -15.625 ], [ 141.625, -15.625 ], [ 141.625, -14.125 ], [ 141.375, -14.125 ], [ 141.375, -13.625 ], [ 141.125, -13.625 ], [ 141.125, -12.875 ], [ 141.375, -12.875 ], [ 141.375, -12.125 ], [ 141.625, -12.125 ], [ 141.625, -11.125 ], [ 141.875, -11.125 ], [ 141.875, -10.875 ], [ 142.125, -10.875 ], [ 142.125, -11.625 ], [ 141.875, -11.625 ], [ 141.875, -13.625 ], [ 142.125, -13.625 ], [ 142.125, -14.375 ], [ 142.375, -14.375 ], [ 142.375, -14.875 ], [ 143.125, -14.875 ], [ 143.125, -14.625 ], [ 143.625, -14.625 ], [ 143.625, -15.125 ], [ 143.875, -15.125 ], [ 143.875, -15.375 ], [ 144.125, -15.375 ], [ 144.125, -15.625 ], [ 144.375, -15.625 ], [ 144.375, -16.375 ], [ 144.125, -16.375 ], [ 144.125, -16.875 ], [ 144.875, -16.875 ], [ 144.875, -16.625 ], [ 145.125, -16.625 ], [ 145.125, -16.125 ], [ 145.375, -16.125 ], [ 145.375, -16.375 ], [ 145.625, -16.375 ], [ 145.625, -16.625 ], [ 145.875, -16.625 ], [ 145.875, -16.875 ], [ 146.125, -16.875 ], [ 146.125, -17.125 ], [ 146.375, -17.125 ], [ 146.375, -17.375 ], [ 146.625, -17.375 ], [ 146.625, -17.875 ], [ 146.375, -17.875 ], [ 146.375, -18.125 ], [ 146.625, -18.125 ], [ 146.625, -18.875 ], [ 147.375, -18.875 ], [ 147.375, -19.125 ], [ 147.625, -19.125 ], [ 147.625, -19.375 ], [ 147.875, -19.375 ], [ 147.875, -19.625 ], [ 148.375, -19.625 ], [ 148.375, -19.875 ], [ 148.625, -19.875 ], [ 148.625, -20.125 ], [ 148.875, -20.125 ], [ 148.875, -20.375 ], [ 149.125, -20.375 ], [ 149.125, -20.875 ], [ 148.875, -20.875 ], [ 148.875, -20.625 ], [ 148.625, -20.625 ], [ 148.625, -20.375 ], [ 148.375, -20.375 ], [ 148.375, -20.625 ], [ 148.125, -20.625 ], [ 148.125, -20.375 ], [ 147.625, -20.375 ], [ 147.625, -20.125 ], [ 147.375, -20.125 ], [ 147.375, -19.625 ], [ 147.125, -19.625 ], [ 147.125, -19.375 ], [ 146.875, -19.375 ], [ 146.875, -19.125 ], [ 146.125, -19.125 ], [ 146.125, -18.875 ], [ 145.875, -18.875 ], [ 145.875, -18.625 ], [ 145.375, -18.625 ], [ 145.375, -18.375 ], [ 145.125, -18.375 ], [ 145.125, -19.125 ], [ 145.375, -19.125 ], [ 145.375, -19.375 ], [ 145.625, -19.375 ], [ 145.625, -19.625 ], [ 145.875, -19.625 ], [ 145.875, -19.875 ], [ 144.125, -19.875 ], [ 144.125, -19.625 ], [ 143.625, -19.625 ], [ 143.625, -19.375 ] ], [ [ 143.875, -17.375 ], [ 144.625, -17.375 ], [ 144.625, -17.125 ], [ 143.875, -17.125 ], [ 143.875, -17.375 ] ] ] ] } },
{ "type": "Feature", "properties": { "cluster_id": 3, "cohesion": 8.5311386439412491, "distances": { "1": 18.90891003463502, "2": 24.38612119410002, "4": 13.045817225583196, "5": 19.48332768759154, "6": 25.606418457886207, "7": 27.660800882331685, "8": 18.195001503537913, "9": 21.375803011387013, "10": 24.93011720711623, "11": 15.22618408087, "12": 24.52440326629251, "13": 25.32992173699014, "14": 43.61247128959111, "15": 39.10267855167915, "16": 43.80703024747041, "17": 45.2142581835126, "18": 50.28942022525956, "19": 48.22251775886547, "20": 45.59103447819432, "21": 47.78917234341921, "22": 51.473295626106676, "23": 50.196456988997674, "24": 32.12588965716056, "25": 42.445957341667935, "26": 37.963010383776535, "27": 48.577409907828645, "28": 48.173412925738376, "29": 42.63911875422553, "30": 45.54856181255764, "31": 50.78501958048963, "32": 45.44712768950653, "33": 49.959375162748024, "34": 50.344739447845704, "35": 50.86632103687586, "36": 44.80034135994982, "37": 40.75811364261436, "38": 43.43865989063538, "39": 47.53956327281968, "40": 35.16836782301342, "41": 32.64811600476694, "42": 32.25257091114056, "43": 32.7890788110939, "44": 31.58681162161097, "45": 32.71734891264319, "46": 34.08595829155131, "47": 30.65339929147799, "48": 29.760571667132766, "49": 41.21089493401005, "50": 46.26915143520989, "51": 39.49300709325066, "52": 42.491234914379426, "53": 35.39530471928827, "54": 41.00370521851262, "55": 34.540259855256615, "56": 33.54758887332951, "57": 34.21810131613222, "58": 32.6122556041944, "59": 39.20685877098606, "60": 39.478160890870484 } }, "geometry": { "type": "MultiPolygon", "coordinates": [ [ [ [ 141.375, -15.125 ], [ 141.375, -15.625 ], [ 141.625, -15.625 ], [ 141.625, -16.125 ], [ 141.875, -16.125 ], [ 141.875, -17.625 ], [ 142.125, -17.625 ], [ 142.125, -18.375 ], [ 142.375, -18.375 ], [ 142.375, -18.875 ], [ 142.625, -18.875 ], [ 142.625, -19.625 ], [ 142.875, -19.625 ], [ 142.875, -20.125 ], [ 142.375, -20.125 ], [ 142.375, -19.375 ], [ 142.125, -19.375 ], [ 142.125, -18.875 ], [ 141.875, -18.875 ], [ 141.875, -18.625 ], [ 141.625, -18.625 ], [ 141.625, -18.125 ], [ 141.375, -18.125 ], [ 141.375, -17.875 ], [ 141.125, -17.875 ], [ 141.125, -17.625 ], [ 140.375, -17.625 ], [ 140.375, -17.375 ], [ 140.625, -17.375 ], [ 140.625, -16.875 ], [ 140.875, -16.875 ], [ 140.875, -15.875 ], [ 141.125, -15.875 ], [ 141.125, -15.125 ], [ 141.375, -15.125 ] ] ], [ [ [ 133.875, -11.875 ], [ 133.875, -12.125 ], [ 135.625, -12.125 ], [ 135.625, -12.375 ], [ 135.875, -12.375 ], [ 135.875, -12.875 ], [ 135.625, -12.875 ], [ 135.625, -13.125 ], [ 135.375, -13.125 ], [ 135.375, -13.375 ], [ 134.875, -13.375 ], [ 134.875, -13.125 ], [ 133.875, -13.125 ], [ 133.875, -13.375 ], [ 133.625, -13.375 ], [ 133.625, -13.625 ], [ 133.375, -13.625 ], [ 133.375, -14.125 ], [ 133.125, -14.125 ], [ 133.125, -14.375 ], [ 132.875, -14.375 ], [ 132.875, -14.625 ], [ 132.625, -14.625 ], [ 132.625, -14.875 ], [ 132.375, -14.875 ], [ 132.375, -15.375 ], [ 132.625, -15.375 ], [ 132.625, -16.125 ], [ 132.125, -16.125 ], [ 132.125, -15.875 ], [ 131.625, -15.875 ], [ 131.625, -16.125 ], [ 131.375, -16.125 ], [ 131.375, -15.375 ], [ 130.875, -15.375 ], [ 130.875, -14.625 ], [ 130.375, -14.625 ], [ 130.375, -14.875 ], [ 129.875, -14.875 ], [ 129.875, -14.125 ], [ 130.125, -14.125 ], [ 130.125, -13.875 ], [ 130.375, -13.875 ], [ 130.375, -13.625 ], [ 130.875, -13.625 ], [ 130.875, -13.375 ], [ 131.125, -13.375 ], [ 131.125, -13.125 ], [ 131.875, -13.125 ], [ 131.875, -12.875 ], [ 132.125, -12.875 ], [ 132.125, -12.625 ], [ 132.625, -12.625 ], [ 132.625, -12.375 ], [ 133.125, -12.375 ], [ 133.125, -11.875 ], [ 133.875, -11.875 ] ] ] ] } },
{ "type": "Feature", "properties": { "cluster_id": 4, "cohesion": 9.8110680516314019, "distances": { "1": 24.18043877268628, "2": 28.488039238871835, "3": 13.04581722558319, "5": 16.42529344538226, "6": 24.194971707552103, "7": 22.932388391475673, "8": 15.10360224498097, "9": 15.33008514448466, "10": 22.47885907686377, "11": 17.31111691086553, "12": 24.042894321181283, "13": 26.837373473021785, "14": 44.52070551459275, "15": 41.796206806921596, "16": 45.824188013749236, "17": 47.44968792549479, "18": 51.743535220109074, "19": 47.37848585724638, "20": 45.222002481287255, "21": 48.55170768220119, "22": 52.1003230503879, "23": 50.06549833860148, "24": 34.57557781120832, "25": 43.39053584359431, "26": 39.71353016008982, "27": 49.920524365722045, "28": 48.570700589283675, "29": 44.468368243645315, "30": 47.47905449571635, "31": 51.798870047474786, "32": 44.09002305730386, "33": 49.54432632970287, "34": 51.280435655475884, "35": 51.01216583071241, "36": 44.816702429137386, "37": 41.34927676632614, "38": 42.94172406383299, "39": 47.28562241379705, "40": 36.04612051000769, "41": 34.97059004495444, "42": 33.28973029835171, "43": 32.30766000257627, "44": 31.49795020418558, "45": 32.401265536487166, "46": 36.32309733894967, "47": 32.712275502409774, "48": 30.30474689445777, "49": 39.50791616324706, "50": 44.954355684423966, "51": 39.04174833584183, "52": 42.09827202954254, "53": 33.082813370933025, "54": 38.394064667194584, "55": 30.743751323829002, "56": 33.897862353078466, "57": 33.08651356927396, "58": 29.04074041103279, "59": 36.57375466812433, "60": 37.81627774951454 } }, "geometry": { "type": "MultiPolygon", "coordinates": [ [ [ [ 130.375, -14.875 ], [ 130.375, -14.625 ], [ 130.875, -14.625 ], [ 130.875, -15.375 ], [ 131.375, -15.375 ], [ 131.375, -16.125 ], [ 131.625, -16.125 ], [ 131.625, -15.875 ], [ 132.125, -15.875 ], [ 132.125, -16.125 ], [ 132.625, -16.125 ], [ 132.625, -15.375 ], [ 132.375, -15.375 ], [ 132.375, -14.875 ], [ 132.625, -14.875 ], [ 132.625, -15.125 ], [ 132.875, -15.125 ], [ 132.875, -15.375 ], [ 133.875, -15.375 ], [ 133.875, -15.625 ], [ 134.125, -15.625 ], [ 134.125, -15.375 ], [ 134.375, -15.375 ], [ 134.375, -15.125 ], [ 134.625, -15.125 ], [ 134.625, -14.875 ], [ 135.375, -14.875 ], [ 135.375, -15.125 ], [ 136.375, -15.125 ], [ 136.375, -15.375 ], [ 136.625, -15.375 ], [ 136.625, -15.625 ], [ 137.375, -15.625 ], [ 137.375, -15.875 ], [ 137.875, -15.875 ], [ 137.875, -16.125 ], [ 138.125, -16.125 ], [ 138.125, -16.375 ], [ 138.875, -16.375 ], [ 138.875, -16.625 ], [ 139.125, -16.625 ], [ 139.125, -16.875 ], [ 139.375, -16.875 ], [ 139.375, -17.125 ], [ 139.625, -17.125 ], [ 139.625, -17.375 ], [ 140.375, -17.375 ], [ 140.375, -17.625 ], [ 141.125, -17.625 ], [ 141.125, -17.875 ], [ 141.375, -17.875 ], [ 141.375, -18.125 ], [ 141.625, -18.125 ], [ 141.625, -18.625 ], [ 141.875, -18.625 ], [ 141.875, -18.875 ], [ 142.125, -18.875 ], [ 142.125, -19.375 ], [ 142.375, -19.375 ], [ 142.375, -20.125 ], [ 141.625, -20.125 ], [ 141.625, -20.625 ], [ 141.375, -20.625 ], [ 141.375, -21.125 ], [ 140.375, -21.125 ], [ 140.375, -20.875 ], [ 139.125, -20.875 ], [ 139.125, -20.625 ], [ 138.875, -20.625 ], [ 138.875, -20.375 ], [ 138.625, -20.375 ], [ 138.625, -20.125 ], [ 138.375, -20.125 ], [ 138.375, -19.875 ], [ 138.125, -19.875 ], [ 138.125, -20.125 ], [ 137.625, -20.125 ], [ 137.625, -19.875 ], [ 137.125, -19.875 ], [ 137.125, -19.375 ], [ 135.875, -19.375 ], [ 135.875, -19.125 ], [ 134.875, -19.125 ], [ 134.875, -19.375 ], [ 132.875, -19.375 ], [ 132.875, -19.125 ], [ 130.875, -19.125 ], [ 130.875, -18.875 ], [ 130.125, -18.875 ], [ 130.125, -19.125 ], [ 128.625, -19.125 ], [ 128.625, -18.625 ], [ 128.375, -18.625 ], [ 128.375, -17.625 ], [ 128.625, -17.625 ], [ 128.625, -16.625 ], [ 128.875, -16.625 ], [ 128.875, -15.875 ], [ 128.375, -15.875 ], [ 128.375, -15.125 ], [ 128.625, -15.125 ], [ 128.625, -14.875 ], [ 129.625, -14.875 ], [ 129.625, -14.125 ], [ 129.875, -14.125 ], [ 129.875, -14.875 ], [ 130.375, -14.875 ] ] ], [ [ [ 129.875, -13.875 ], [ 130.125, -13.875 ], [ 130.125, -14.125 ], [ 129.875, -14.125 ], [ 129.875, -13.875 ] ] ], [ [ [ 130.375, -13.875 ], [ 130.125, -13.875 ], [ 130.125, -13.625 ], [ 130.375, -13.625 ], [ 130.375, -13.875 ] ] ], [ [ [ 134.875, -13.375 ], [ 135.375, -13.375 ], [ 135.375, -13.625 ], [ 135.125, -13.625 ], [ 135.125, -13.875 ], [ 134.875, -13.875 ], [ 134.875, -14.125 ], [ 134.375, -14.125 ], [ 134.375, -13.125 ], [ 134.875, -13.125 ], [ 134.875, -13.375 ] ] ], [ [ [ 130.875, -13.625 ], [ 130.375, -13.625 ], [ 130.375, -13.375 ], [ 130.625, -13.375 ], [ 130.625, -13.125 ], [ 131.125, -13.125 ], [ 131.125, -13.375 ], [ 130.875, -13.375 ], [ 130.875, -13.625 ] ] ], [ [ [ 131.875, -13.125 ], [ 131.125, -13.125 ], [ 131.125, -12.875 ], [ 131.875, -12.875 ], [ 131.875, -13.125 ] ] ] ] } },
{ "type": "Feature", "properties": { "cluster_id": 5, "cohesion": 9.0510530766706356, "distances": { "1": 22.659505945916994, "2": 23.66089976031765, "3": 19.483327687591544, "4": 16.425293445382255, "6": 13.954498781386324, "7": 18.019538634394024, "8": 19.756025360177397, "9": 15.19467023851051, "10": 23.604120200051703, "11": 19.91137994583469, "12": 24.180499855394782, "13": 24.90497960255735, "14": 40.45739499289193, "15": 38.913046227704655, "16": 42.042506221456996, "17": 42.37173302985396, "18": 46.01487716193256, "19": 40.35040560338227, "20": 39.41137069226078, "21": 43.8448922528236, "22": 46.32610398296247, "23": 44.00313903037487, "24": 30.797846156704836, "25": 37.67993220728056, "26": 34.62000178707455, "27": 43.641644243424004, "28": 42.287208014054066, "29": 38.395399693527594, "30": 41.2522571246836, "31": 44.81198724464528, "32": 37.449651212207044, "33": 42.602795151928966, "34": 44.52947033455309, "35": 44.25214135816691, "36": 38.71684589703142, "37": 36.03357415428323, "38": 37.9702378087984, "39": 41.24860422941953, "40": 28.04147260439481, "41": 27.656079902727125, "42": 26.828527516986753, "43": 24.46627047217912, "44": 26.339527519249035, "45": 28.966340378906995, "46": 34.742020234556584, "47": 29.817856472114048, "48": 28.97028565541585, "49": 31.023426307792683, "50": 37.24103510742397, "51": 32.94086535014201, "52": 34.81663054380837, "53": 23.574014348073568, "54": 30.71023495325779, "55": 23.638475067394484, "56": 30.231354324572848, "57": 30.7760368734899, "58": 25.62479533671673, "59": 31.211725003928603, "60": 33.64069913392903 } }, "geometry": { "type": "Polygon", "coordinates": [ [ [ 142.875, -19.875 ], [ 142.875, -20.125 ], [ 141.625, -20.125 ], [ 141.625, -20.625 ], [ 141.375, -20.625 ], [ 141.375, -21.125 ], [ 140.375, -21.125 ], [ 140.375, -20.875 ], [ 139.125, -20.875 ], [ 139.125, -20.625 ], [ 138.875, -20.625 ], [ 138.875, -20.375 ], [ 138.375, -20.375 ], [ 138.375, -20.625 ], [ 138.625, -20.625 ], [ 138.625, -21.375 ], [ 138.875, -21.375 ], [ 138.875, -21.875 ], [ 140.625, -21.875 ], [ 140.625, -21.625 ], [ 140.875, -21.625 ], [ 140.875, -21.875 ], [ 142.375, -21.875 ], [ 142.375, -21.375 ], [ 143.125, -21.375 ], [ 143.125, -19.875 ], [ 142.875, -19.875 ] ] ] } },
{ "type": "Feature", "properties": { "cluster_id": 6, "cohesion": 8.0158196982204011, "distances": { "1": 23.239301063618836, "2": 20.170102775336797, "3": 25.606418457886207, "4": 24.1949717075521, "5": 13.954498781386325, "7": 20.011685320630416, "8": 24.078295054744423, "9": 22.32540153479907, "10": 25.112657337218014, "11": 22.035857503351966, "12": 23.397208685034958, "13": 22.336877465596185, "14": 35.53723968003372, "15": 34.71832077382716, "16": 36.73107596646149, "17": 35.565955887443735, "18": 38.67980959132418, "19": 33.12722199075308, "20": 32.992882528601925, "21": 37.93828350875842, "22": 39.13956836616514, "23": 37.21983274189385, "24": 27.419642649687134, "25": 32.57308832507978, "26": 30.075010019008122, "27": 37.06310753942421, "28": 36.07539648305053, "29": 32.03535058757383, "30": 33.80643193358194, "31": 37.203925636287984, "32": 31.479601085517672, "33": 35.14409873767614, "34": 36.64656923672886, "35": 37.225755649808896, "36": 32.154981228173206, "37": 29.670583011289306, "38": 32.675412579764995, "39": 35.15326758901029, "40": 19.374157943180506, "41": 20.310544031836276, "42": 21.16694319129921, "43": 16.84088642383533, "44": 22.295174538276584, "45": 26.23644655334242, "46": 32.593431620969525, "47": 27.49235277075915, "48": 28.38077578713309, "49": 24.127545968044075, "50": 30.203546302406128, "51": 27.03758150582502, "52": 26.77969306457298, "53": 16.623102158872314, "54": 25.583557381143727, "55": 21.787371534848468, "56": 25.610221842917824, "57": 28.116168628595435, "58": 24.58854513829611, "59": 27.520226539899937, "60": 29.82447106233504 } }, "geometry": { "type": "Polygon", "coordinates": [ [ [ 143.125, -20.125 ], [ 143.125, -21.375 ], [ 142.375, -21.375 ], [ 142.375, -21.875 ], [ 140.875, -21.875 ], [ 140.875, -21.625 ], [ 140.625, -21.625 ], [ 140.625, -21.875 ], [ 140.125, -21.875 ], [ 140.125, -22.125 ], [ 140.375, -22.125 ], [ 140.375, -22.375 ], [ 140.625, -22.375 ], [ 140.625, -22.625 ], [ 141.125, -22.625 ], [ 141.125, -22.375 ], [ 141.625, -22.375 ], [ 141.625, -22.625 ], [ 141.875, -22.625 ], [ 141.875, -23.125 ], [ 142.125, -23.125 ], [ 142.125, -23.375 ], [ 142.875, -23.375 ], [ 142.875, -23.125 ], [ 143.125, -23.125 ], [ 143.125, -22.875 ], [ 143.375, -22.875 ], [ 143.375, -22.125 ], [ 143.125, -22.125 ], [ 143.125, -21.625 ], [ 143.375, -21.625 ], [ 143.375, -21.375 ], [ 143.625, -21.375 ], [ 143.625, -20.625 ], [ 143.375, -20.625 ], [ 143.375, -20.125 ], [ 143.125, -20.125 ] ] ] } },
{ "type": "Feature", "properties": { "cluster_id": 7, "cohesion": 9.7282918018884281, "distances": { "1": 31.286354708499413, "2": 30.94389886459184, "3": 27.66080088233169, "4": 22.932388391475673, "5": 18.01953863439402, "6": 20.011685320630416, "8": 19.047471094044486, "9": 13.89949655339526, "10": 19.38682150259148, "11": 23.228208069772396, "12": 22.336256102914298, "13": 24.940271160318513, "14": 37.94708106420372, "15": 40.04361901416845, "16": 41.32290286624447, "17": 42.102659518361, "18": 43.72773512432761, "19": 34.93290631442814, "20": 35.91365782040669, "21": 40.690136696027295, "22": 42.0496192218765, "23": 38.70779503305336, "24": 33.88549344450622, "25": 37.38143867871751, "26": 36.30161796289336, "27": 43.071606958105406, "28": 39.73878409236181, "29": 39.39340598410951, "30": 41.2465279943078, "31": 42.81838478329911, "32": 29.969140712705507, "33": 36.65910574496524, "34": 41.81953291094794, "35": 40.042876168869235, "36": 35.549701163530116, "37": 34.05068721590537, "38": 32.945778204311004, "39": 36.792567848341136, "40": 30.95033216222448, "41": 32.30983225151964, "42": 30.305725758317887, "43": 26.94962463743764, "44": 27.348061889345708, "45": 27.935520526927874, "46": 35.94335054138229, "47": 31.077956868651967, "48": 29.161332002902604, "49": 25.399267013610636, "50": 30.377843207138138, "51": 31.35613559186376, "52": 33.092137776452404, "53": 20.26786733062425, "54": 21.603613047121772, "55": 13.199434506737513, "56": 28.58868646272078, "57": 25.644875798473876, "58": 15.093902163412283, "59": 21.32219541543114, "60": 25.803461708062976 } }, "geometry": { "type": "Polygon", "coordinates": [ [ [ 129.875, -19.625 ], [ 129.875, -19.875 ], [ 128.875, -19.875 ], [ 128.875, -20.125 ], [ 128.125, -20.125 ], [ 128.125, -20.375 ], [ 128.625, -20.375 ], [ 128.625, -20.875 ], [ 128.875, -20.875 ], [ 128.875, -21.625 ], [ 129.875, -21.625 ], [ 129.875, -21.875 ], [ 130.125, -21.875 ], [ 130.125, -22.125 ], [ 130.875, -22.125 ], [ 130.875, -22.375 ], [ 131.625, -22.375 ], [ 131.625, -22.125 ], [ 132.875, -22.125 ], [ 132.875, -21.875 ], [ 136.125, -21.875 ], [ 136.125, -22.125 ], [ 136.625, -22.125 ], [ 136.625, -21.875 ], [ 137.625, -21.875 ], [ 137.625, -22.125 ], [ 138.125, -22.125 ], [ 138.125, -22.375 ], [ 138.375, -22.375 ], [ 138.375, -22.625 ], [ 140.125, -22.625 ], [ 140.125, -22.375 ], [ 140.375, -22.375 ], [ 140.375, -22.125 ], [ 140.125, -22.125 ], [ 140.125, -21.875 ], [ 138.875, -21.875 ], [ 138.875, -21.375 ], [ 138.625, -21.375 ], [ 138.625, -21.125 ], [ 137.625, -21.125 ], [ 137.625, -20.875 ], [ 136.125, -20.875 ], [ 136.125, -21.125 ], [ 134.875, -21.125 ], [ 134.875, -21.375 ], [ 133.625, -21.375 ], [ 133.625, -21.125 ], [ 132.125, -21.125 ], [ 132.125, -21.625 ], [ 131.375, -21.625 ], [ 131.375, -21.375 ], [ 131.125, -21.375 ], [ 131.125, -20.625 ], [ 130.875, -20.625 ], [ 130.875, -20.375 ], [ 130.625, -20.375 ], [ 130.625, -20.125 ], [ 130.375, -20.125 ], [ 130.375, -19.625 ], [ 129.875, -19.625 ] ] ] } },
{ "type": "Feature", "properties": { "cluster_id": 8, "cohesion": 6.9615330663153552, "distances": { "1": 26.527482853515856, "2": 28.534970364110055, "3": 18.195001503537913, "4": 15.10360224498097, "5": 19.75602536017739, "6": 24.078295054744423, "7": 19.047471094044482, "9": 16.291138360319476, "10": 13.380468799950155, "11": 14.584549227154865, "12": 15.075498613251183, "13": 21.187469069865397, "14": 39.1076002523495, "15": 37.97647927790824, "16": 40.75760811531999, "17": 42.28237055693588, "18": 45.65662091879266, "19": 41.47406368315505, "20": 39.86715917635698, "21": 42.606296217709954, "22": 45.50166896397646, "23": 43.67617920700494, "24": 33.02272019271419, "25": 40.01284562733237, "26": 37.38504738633999, "27": 45.514512520963955, "28": 43.44787496153788, "29": 40.96648398816414, "30": 42.71943539311551, "31": 46.52408741837601, "32": 37.44507982308315, "33": 43.12401379713832, "34": 45.467882076348964, "35": 44.92904374591036, "36": 38.88615890023771, "37": 35.20857959571273, "38": 35.73436282819945, "39": 41.05477840816409, "40": 32.79625982381021, "41": 32.842138834688136, "42": 31.644947387914897, "43": 29.70484494926942, "44": 29.122490470239068, "45": 28.88915266293937, "46": 33.203273894480375, "47": 30.3013272641813, "48": 27.53247764461429, "49": 35.053011704221774, "50": 39.22156367418491, "51": 35.22840971435104, "52": 37.50430545158371, "53": 29.80313709672733, "54": 32.86737220414223, "55": 26.149647806366893, "56": 27.34796467831736, "57": 24.812930805116366, "58": 21.191629876344948, "59": 29.2451128681048, "60": 29.924738716547864 } }, "geometry": { "type": "Polygon", "coordinates": [ [ [ 128.125, -15.375 ], [ 128.125, -15.625 ], [ 127.875, -15.625 ], [ 127.875, -16.125 ], [ 128.125, -16.125 ], [ 128.125, -16.375 ], [ 127.875, -16.375 ], [ 127.875, -16.625 ], [ 127.625, -16.625 ], [ 127.625, -16.125 ], [ 127.125, -16.125 ], [ 127.125, -16.375 ], [ 126.875, -16.375 ], [ 126.875, -16.625 ], [ 126.625, -16.625 ], [ 126.625, -16.875 ], [ 126.375, -16.875 ], [ 126.375, -17.125 ], [ 126.125, -17.125 ], [ 126.125, -17.625 ], [ 125.875, -17.625 ], [ 125.875, -17.875 ], [ 125.375, -17.875 ], [ 125.375, -17.625 ], [ 125.625, -17.625 ], [ 125.625, -16.625 ], [ 125.875, -16.625 ], [ 125.875, -16.125 ], [ 125.625, -16.125 ], [ 125.625, -15.875 ], [ 125.375, -15.875 ], [ 125.375, -16.125 ], [ 125.125, -16.125 ], [ 125.125, -16.375 ], [ 124.625, -16.375 ], [ 124.625, -16.875 ], [ 124.875, -16.875 ], [ 124.875, -17.375 ], [ 124.625, -17.375 ], [ 124.625, -18.125 ], [ 124.875, -18.125 ], [ 124.875, -18.375 ], [ 125.625, -18.375 ], [ 125.625, -19.125 ], [ 125.875, -19.125 ], [ 125.875, -19.625 ], [ 127.125, -19.625 ], [ 127.125, -19.375 ], [ 127.375, -19.375 ], [ 127.375, -19.125 ], [ 127.625, -19.125 ], [ 127.625, -18.875 ], [ 128.125, -18.875 ], [ 128.125, -19.375 ], [ 128.375, -19.375 ], [ 128.375, -19.125 ], [ 128.625, -19.125 ], [ 128.625, -18.625 ], [ 128.375, -18.625 ], [ 128.375, -17.625 ], [ 128.625, -17.625 ], [ 128.625, -16.625 ], [ 128.875, -16.625 ], [ 128.875, -15.875 ], [ 128.375, -15.875 ], [ 128.375, -15.375 ], [ 128.125, -15.375 ] ] ] } },
{ "type": "Feature", "properties": { "cluster_id": 9, "cohesion": 8.2391740989302633, "distances": { "1": 29.087553766751384, "2": 31.467916881607962, "3": 21.37580301138701, "4": 15.330085144484663, "5": 15.19467023851051, "6": 22.32540153479907, "7": 13.89949655339526, "8": 16.29113836031947, "10": 20.792334745571186, "11": 21.457678595608467, "12": 24.527599531795733, "13": 27.60331323988924, "14": 43.2946713586235, "15": 43.24579826738695, "16": 46.04098158068675, "17": 47.49940346759702, "18": 50.42263568716578, "19": 43.04434801892138, "20": 42.56331980658804, "21": 46.92300340071244, "22": 49.60293788692204, "23": 46.52553022762459, "24": 35.79916752458325, "25": 41.85185459461975, "26": 39.53790860933923, "27": 48.56883504415753, "28": 45.94130660468871, "29": 44.01561538629119, "30": 46.92677995998434, "31": 49.60076045437535, "32": 38.53716100815063, "33": 45.23029421910558, "34": 49.07494323030863, "35": 47.56828895916361, "36": 42.222299226492076, "37": 40.01738923131415, "38": 39.76471502136474, "39": 43.846114683601115, "40": 35.63356850231748, "41": 35.7043930447887, "42": 33.3753332501543, "43": 31.190438781453377, "44": 30.649121939006267, "45": 31.329194294173956, "46": 37.87698006831008, "47": 33.251808699721764, "48": 30.625904939997433, "49": 33.517086854155174, "50": 39.20018588987891, "51": 36.786579064514804, "52": 39.67663721124563, "53": 27.304820233576827, "54": 30.70377771305526, "55": 21.418748052279316, "56": 33.312222291939236, "57": 30.71186233970443, "58": 22.109647167781905, "59": 29.769007018515754, "60": 33.066219137025264 } }, "geometry": { "type": "Polygon", "coordinates": [ [ [ 130.125, -18.875 ], [ 130.125, -19.125 ], [ 128.375, -19.125 ], [ 128.375, -19.625 ], [ 129.125, -19.625 ], [ 129.125, -19.875 ], [ 129.875, -19.875 ], [ 129.875, -19.625 ], [ 130.375, -19.625 ], [ 130.375, -20.125 ], [ 130.625, -20.125 ], [ 130.625, -20.375 ], [ 130.875, -20.375 ], [ 130.875, -20.625 ], [ 131.125, -20.625 ], [ 131.125, -21.375 ], [ 131.375, -21.375 ], [ 131.375, -21.625 ], [ 132.125, -21.625 ], [ 132.125, -21.125 ], [ 133.625, -21.125 ], [ 133.625, -21.375 ], [ 134.875, -21.375 ], [ 134.875, -21.125 ], [ 136.125, -21.125 ], [ 136.125, -20.875 ], [ 137.625, -20.875 ], [ 137.625, -21.125 ], [ 138.625, -21.125 ], [ 138.625, -20.625 ], [ 138.375, -20.625 ], [ 138.375, -20.375 ], [ 138.625, -20.375 ], [ 138.625, -20.125 ], [ 138.375, -20.125 ], [ 138.375, -19.875 ], [ 138.125, -19.875 ], [ 138.125, -20.125 ], [ 137.625, -20.125 ], [ 137.625, -19.875 ], [ 137.125, -19.875 ], [ 137.125, -19.375 ], [ 135.875, -19.375 ], [ 135.875, -19.125 ], [ 134.875, -19.125 ], [ 134.875, -19.375 ], [ 132.875, -19.375 ], [ 132.875, -19.125 ], [ 130.875, -19.125 ], [ 130.875, -18.875 ], [ 130.125, -18.875 ] ] ] } },
{ "type": "Feature", "properties": { "cluster_id": 10, "cohesion": 9.8418411623220958, "distances": { "1": 28.5688859101616, "2": 29.05905772008065, "3": 24.93011720711623, "4": 22.47885907686376, "5": 23.604120200051703, "6": 25.112657337218014, "7": 19.38682150259148, "8": 13.380468799950155, "9": 20.792334745571186, "11": 19.241540594849006, "12": 13.801909927662422, "13": 21.513397426731572, "14": 34.248790065259755, "15": 34.28329569906662, "16": 36.34914570161345, "17": 38.273775803494566, "18": 40.98033846698312, "19": 36.8443120947096, "20": 35.433952829395764, "21": 37.50601804698487, "22": 40.2605736094193, "23": 38.609064712123754, "24": 32.553635506132736, "25": 37.96091205151538, "26": 36.37521730739549, "27": 42.76147110933455, "28": 39.85555900233973, "29": 38.86840099273342, "30": 39.54315282524643, "31": 43.021898328369836, "32": 32.626789026671034, "33": 38.16715351878455, "34": 41.22890725923013, "35": 40.65549986208638, "36": 33.44423371132832, "37": 29.50276852717105, "38": 29.695021651303062, "39": 36.14782954812199, "40": 30.844605150864528, "41": 31.58977591419273, "42": 30.458439550715358, "43": 28.474214548028783, "44": 27.349370754301876, "45": 25.90656414172003, "46": 29.767717558171444, "47": 27.43854140425285, "48": 24.76028150576787, "49": 31.876045667898094, "50": 34.93234667716572, "51": 32.07339142383833, "52": 33.89923937505539, "53": 27.860795656160274, "54": 29.300534467346722, "55": 24.375840769403744, "56": 21.359334627215738, "57": 17.164296225122296, "58": 16.50200904860271, "59": 24.169204967021454, "60": 23.144840975029876 } }, "geometry": { "type": "Polygon", "coordinates": [ [ [ 124.375, -16.375 ], [ 124.375, -16.625 ], [ 123.875, -16.625 ], [ 123.875, -17.125 ], [ 123.625, -17.125 ], [ 123.625, -17.375 ], [ 123.375, -17.375 ], [ 123.375, -17.625 ], [ 123.125, -17.625 ], [ 123.125, -17.875 ], [ 122.625, -17.875 ], [ 122.625, -17.375 ], [ 122.875, -17.375 ], [ 122.875, -17.125 ], [ 123.125, -17.125 ], [ 123.125, -16.875 ], [ 122.625, -16.875 ], [ 122.625, -17.125 ], [ 122.375, -17.125 ], [ 122.375, -18.125 ], [ 121.875, -18.125 ], [ 121.875, -18.375 ], [ 121.625, -18.375 ], [ 121.625, -18.625 ], [ 121.375, -18.625 ], [ 121.375, -18.875 ], [ 121.125, -18.875 ], [ 121.125, -19.125 ], [ 120.875, -19.125 ], [ 120.875, -19.375 ], [ 120.625, -19.375 ], [ 120.625, -19.625 ], [ 120.375, -19.625 ], [ 120.375, -19.875 ], [ 119.625, -19.875 ], [ 119.625, -20.125 ], [ 119.125, -20.125 ], [ 119.125, -20.375 ], [ 118.625, -20.375 ], [ 118.625, -21.375 ], [ 119.125, -21.375 ], [ 119.125, -21.125 ], [ 119.625, -21.125 ], [ 119.625, -21.375 ], [ 120.375, -21.375 ], [ 120.375, -21.125 ], [ 120.625, -21.125 ], [ 120.625, -20.875 ], [ 121.125, -20.875 ], [ 121.125, -20.625 ], [ 122.375, -20.625 ], [ 122.375, -20.875 ], [ 122.625, -20.875 ], [ 122.625, -21.125 ], [ 123.125, -21.125 ], [ 123.125, -21.375 ], [ 124.125, -21.375 ], [ 124.125, -21.125 ], [ 125.375, -21.125 ], [ 125.375, -21.375 ], [ 126.375, -21.375 ], [ 126.375, -21.625 ], [ 126.875, -21.625 ], [ 126.875, -21.375 ], [ 127.625, -21.375 ], [ 127.625, -21.625 ], [ 127.875, -21.625 ], [ 127.875, -21.375 ], [ 128.125, -21.375 ], [ 128.125, -21.125 ], [ 128.375, -21.125 ], [ 128.375, -20.875 ], [ 128.625, -20.875 ], [ 128.625, -20.375 ], [ 128.125, -20.375 ], [ 128.125, -20.125 ], [ 128.875, -20.125 ], [ 128.875, -19.875 ], [ 129.125, -19.875 ], [ 129.125, -19.625 ], [ 128.375, -19.625 ], [ 128.375, -19.375 ], [ 128.125, -19.375 ], [ 128.125, -18.875 ], [ 127.625, -18.875 ], [ 127.625, -19.125 ], [ 127.375, -19.125 ], [ 127.375, -19.375 ], [ 127.125, -19.375 ], [ 127.125, -19.625 ], [ 125.875, -19.625 ], [ 125.875, -19.125 ], [ 125.625, -19.125 ], [ 125.625, -18.375 ], [ 124.875, -18.375 ], [ 124.875, -18.125 ], [ 124.625, -18.125 ], [ 124.625, -17.375 ], [ 124.875, -17.375 ], [ 124.875, -16.875 ], [ 124.625, -16.875 ], [ 124.625, -16.375 ], [ 124.375, -16.375 ] ] ] } },
{ "type": "Feature", "properties": { "cluster_id": 11, "cohesion": 10.705478764781745, "distances": { "1": 20.82427286707156, "2": 22.3446476102155, "3": 15.226184080869999, "4": 17.311116910865522, "5": 19.91137994583469, "6": 22.035857503351963, "7": 23.228208069772396, "8": 14.584549227154866, "9": 21.457678595608463, "10": 19.241540594849006, "12": 15.695631592166675, "13": 15.92407967583807, "14": 36.462431470429756, "15": 33.76175100525925, "16": 37.01212599823091, "17": 37.58057283514002, "18": 41.595576648679916, "19": 39.59153452083483, "20": 37.71403043242647, "21": 39.91973267866337, "22": 42.37969963441796, "23": 41.29912727421522, "24": 27.27033077837664, "25": 35.141017206605326, "26": 31.84065197162089, "27": 40.43695602557071, "28": 39.46949386907881, "29": 35.46430053787487, "30": 37.485635698365634, "31": 41.86625848005159, "32": 36.16675636010043, "33": 40.62532682939509, "34": 41.26979048753343, "35": 41.419686203365146, "36": 35.91494565916975, "37": 32.321005236340035, "38": 34.22362247806292, "39": 38.310993580413516, "40": 28.33404018073526, "41": 26.984352303711002, "42": 26.729376462403746, "43": 26.578346282238655, "44": 25.892858933384353, "45": 27.060203846565173, "46": 30.07582909184057, "47": 26.324121863398393, "48": 25.941965327626157, "49": 33.62320243977065, "50": 37.5577019964084, "51": 32.47960967435038, "52": 34.626375453435166, "53": 28.943111982437202, "54": 33.01821682644965, "55": 28.10218495839687, "56": 25.6070818729759, "57": 26.317669028421555, "58": 25.256428949617476, "59": 30.61272562870784, "60": 30.750055847653826 } }, "geometry": { "type": "MultiPolygon", "coordinates": [ [ [ [ 127.375, -14.125 ], [ 127.625, -14.125 ], [ 127.625, -14.375 ], [ 127.375, -14.375 ], [ 127.375, -15.125 ], [ 127.125, -15.125 ], [ 127.125, -15.625 ], [ 126.875, -15.625 ], [ 126.875, -15.875 ], [ 127.875, -15.875 ], [ 127.875, -16.125 ], [ 128.125, -16.125 ], [ 128.125, -16.375 ], [ 127.875, -16.375 ], [ 127.875, -16.625 ], [ 127.625, -16.625 ], [ 127.625, -16.125 ], [ 127.125, -16.125 ], [ 127.125, -16.375 ], [ 126.875, -16.375 ], [ 126.875, -16.625 ], [ 126.625, -16.625 ], [ 126.625, -16.875 ], [ 126.375, -16.875 ], [ 126.375, -17.125 ], [ 126.125, -17.125 ], [ 126.125, -16.875 ], [ 125.625, -16.875 ], [ 125.625, -16.625 ], [ 125.875, -16.625 ], [ 125.875, -16.125 ], [ 125.625, -16.125 ], [ 125.625, -15.875 ], [ 125.375, -15.875 ], [ 125.375, -16.125 ], [ 125.125, -16.125 ], [ 125.125, -16.375 ], [ 124.625, -16.375 ], [ 124.625, -15.625 ], [ 124.875, -15.625 ], [ 124.875, -15.375 ], [ 125.125, -15.375 ], [ 125.125, -15.125 ], [ 125.375, -15.125 ], [ 125.375, -14.875 ], [ 125.625, -14.875 ], [ 125.625, -14.625 ], [ 125.875, -14.625 ], [ 125.875, -14.375 ], [ 126.125, -14.375 ], [ 126.125, -14.125 ], [ 126.625, -14.125 ], [ 126.625, -13.875 ], [ 127.375, -13.875 ], [ 127.375, -14.125 ] ] ], [ [ [ 127.875, -15.375 ], [ 128.125, -15.375 ], [ 128.125, -15.625 ], [ 127.875, -15.625 ], [ 127.875, -15.375 ] ] ], [ [ [ 128.375, -15.375 ], [ 128.125, -15.375 ], [ 128.125, -15.125 ], [ 128.375, -15.125 ], [ 128.375, -15.375 ] ] ], [ [ [ 128.375, -14.875 ], [ 128.625, -14.875 ], [ 128.625, -15.125 ], [ 128.375, -15.125 ], [ 128.375, -14.875 ] ] ], [ [ [ 129.375, -14.375 ], [ 129.125, -14.375 ], [ 129.125, -14.125 ], [ 129.375, -14.125 ], [ 129.375, -13.875 ], [ 129.625, -13.875 ], [ 129.625, -13.625 ], [ 129.875, -13.625 ], [ 129.875, -13.375 ], [ 130.125, -13.375 ], [ 130.125, -13.125 ], [ 130.375, -13.125 ], [ 130.375, -12.875 ], [ 130.625, -12.875 ], [ 130.625, -12.625 ], [ 131.125, -12.625 ], [ 131.125, -12.375 ], [ 132.375, -12.375 ], [ 132.375, -12.125 ], [ 131.625, -12.125 ], [ 131.625, -11.875 ], [ 132.125, -11.875 ], [ 132.125, -11.625 ], [ 132.375, -11.625 ], [ 132.375, -11.375 ], [ 132.625, -11.375 ], [ 132.625, -11.125 ], [ 133.125, -11.125 ], [ 133.125, -11.375 ], [ 133.875, -11.375 ], [ 133.875, -11.625 ], [ 134.875, -11.625 ], [ 134.875, -11.875 ], [ 135.375, -11.875 ], [ 135.375, -11.625 ], [ 135.625, -11.625 ], [ 135.625, -11.875 ], [ 136.625, -11.875 ], [ 136.625, -12.125 ], [ 136.875, -12.125 ], [ 136.875, -12.375 ], [ 137.125, -12.375 ], [ 137.125, -12.625 ], [ 136.875, -12.625 ], [ 136.875, -13.125 ], [ 136.625, -13.125 ], [ 136.625, -13.375 ], [ 136.375, -13.375 ], [ 136.375, -13.625 ], [ 136.125, -13.625 ], [ 136.125, -13.875 ], [ 136.375, -13.875 ], [ 136.375, -14.125 ], [ 136.125, -14.125 ], [ 136.125, -14.375 ], [ 135.875, -14.375 ], [ 135.875, -14.875 ], [ 136.125, -14.875 ], [ 136.125, -15.125 ], [ 135.375, -15.125 ], [ 135.375, -14.875 ], [ 134.625, -14.875 ], [ 134.625, -15.125 ], [ 134.375, -15.125 ], [ 134.375, -15.375 ], [ 134.125, -15.375 ], [ 134.125, -15.625 ], [ 133.875, -15.625 ], [ 133.875, -15.375 ], [ 132.875, -15.375 ], [ 132.875, -15.125 ], [ 132.625, -15.125 ], [ 132.625, -14.625 ], [ 132.875, -14.625 ], [ 132.875, -14.375 ], [ 133.125, -14.375 ], [ 133.125, -14.125 ], [ 133.375, -14.125 ], [ 133.375, -13.625 ], [ 133.625, -13.625 ], [ 133.625, -13.375 ], [ 133.875, -13.375 ], [ 133.875, -13.125 ], [ 134.375, -13.125 ], [ 134.375, -14.125 ], [ 134.875, -14.125 ], [ 134.875, -13.875 ], [ 135.125, -13.875 ], [ 135.125, -13.625 ], [ 135.375, -13.625 ], [ 135.375, -13.125 ], [ 135.625, -13.125 ], [ 135.625, -12.875 ], [ 135.875, -12.875 ], [ 135.875, -12.375 ], [ 135.625, -12.375 ], [ 135.625, -12.125 ], [ 133.875, -12.125 ], [ 133.875, -11.875 ], [ 133.125, -11.875 ], [ 133.125, -12.375 ], [ 132.625, -12.375 ], [ 132.625, -12.625 ], [ 132.125, -12.625 ], [ 132.125, -12.875 ], [ 131.125, -12.875 ], [ 131.125, -13.125 ], [ 130.625, -13.125 ], [ 130.625, -13.375 ], [ 130.375, -13.375 ], [ 130.375, -13.625 ], [ 130.125, -13.625 ], [ 130.125, -13.875 ], [ 129.875, -13.875 ], [ 129.875, -14.125 ], [ 129.625, -14.125 ], [ 129.625, -14.875 ], [ 128.625, -14.875 ], [ 128.625, -14.625 ], [ 129.375, -14.625 ], [ 129.375, -14.375 ] ] ], [ [ [ 131.625, -11.125 ], [ 131.625, -11.375 ], [ 131.875, -11.375 ], [ 131.875, -11.625 ], [ 131.625, -11.625 ], [ 131.625, -11.875 ], [ 130.875, -11.875 ], [ 130.875, -11.375 ], [ 131.125, -11.375 ], [ 131.125, -10.875 ], [ 131.375, -10.875 ], [ 131.375, -11.125 ], [ 131.625, -11.125 ] ] ], [ [ [ 130.375, -11.125 ], [ 130.375, -10.875 ], [ 130.625, -10.875 ], [ 130.625, -11.125 ], [ 130.375, -11.125 ] ] ] ] } },
{ "type": "Feature", "properties": { "cluster_id": 12, "cohesion": 8.2306609211844854, "distances": { "1": 27.212458270500772, "2": 25.901775519608055, "3": 24.52440326629251, "4": 24.042894321181286, "5": 24.180499855394782, "6": 23.397208685034954, "7": 22.336256102914298, "8": 15.075498613251183, "9": 24.527599531795737, "10": 13.801909927662422, "11": 15.695631592166672, "13": 13.837351500173765, "14": 31.012501639693415, "15": 30.6904385876454, "16": 32.410810207656, "17": 33.10320237966462, "18": 35.90071944619634, "19": 33.6516782857997, "20": 32.07677616441854, "21": 33.95306176941988, "22": 35.967823128666964, "23": 34.9427015441257, "24": 27.62312181335396, "25": 32.42119324213836, "26": 30.852297390025022, "27": 36.54396231556264, "28": 34.44120440172903, "29": 32.85365935739155, "30": 33.518103328981105, "31": 37.05128996711743, "32": 29.812973378605633, "33": 34.36928482719312, "34": 35.86150834789727, "35": 35.51802433229759, "36": 29.003166535459997, "37": 25.395541492584016, "38": 26.508819488582528, "39": 31.78059219199521, "40": 25.891203702031202, "41": 26.502445591847795, "42": 25.706436169212154, "43": 24.622383455905254, "44": 23.753525414085004, "45": 23.504588546863854, "46": 27.666480945067647, "47": 24.84761701404605, "48": 23.60020839806448, "49": 29.73147799063221, "50": 32.147489820178876, "51": 28.398396478374774, "52": 29.854262357413685, "53": 26.459281426043674, "54": 28.340439843772632, "55": 25.28062128972357, "56": 18.377257658330112, "57": 17.877394788521883, "58": 19.620582873613124, "59": 24.1754778021925, "60": 23.07941900708805 } }, "geometry": { "type": "MultiPolygon", "coordinates": [ [ [ [ 126.125, -16.875 ], [ 126.125, -17.625 ], [ 125.875, -17.625 ], [ 125.875, -17.875 ], [ 125.375, -17.875 ], [ 125.375, -17.625 ], [ 125.625, -17.625 ], [ 125.625, -16.875 ], [ 126.125, -16.875 ] ] ], [ [ [ 124.625, -16.375 ], [ 124.375, -16.375 ], [ 124.375, -16.625 ], [ 123.875, -16.625 ], [ 123.875, -17.125 ], [ 123.625, -17.125 ], [ 123.625, -17.375 ], [ 123.375, -17.375 ], [ 123.375, -17.625 ], [ 123.125, -17.625 ], [ 123.125, -17.875 ], [ 122.625, -17.875 ], [ 122.625, -17.375 ], [ 122.875, -17.375 ], [ 122.875, -17.125 ], [ 123.125, -17.125 ], [ 123.125, -16.875 ], [ 122.625, -16.875 ], [ 122.625, -17.125 ], [ 122.375, -17.125 ], [ 122.375, -18.125 ], [ 122.125, -18.125 ], [ 122.125, -17.875 ], [ 121.875, -17.875 ], [ 121.875, -17.125 ], [ 122.125, -17.125 ], [ 122.125, -16.875 ], [ 122.375, -16.875 ], [ 122.375, -16.625 ], [ 122.625, -16.625 ], [ 122.625, -16.375 ], [ 123.625, -16.375 ], [ 123.625, -16.125 ], [ 124.375, -16.125 ], [ 124.375, -15.875 ], [ 124.625, -15.875 ], [ 124.625, -16.375 ] ] ], [ [ [ 128.375, -14.625 ], [ 128.625, -14.625 ], [ 128.625, -14.875 ], [ 128.375, -14.875 ], [ 128.375, -15.125 ], [ 128.125, -15.125 ], [ 128.125, -15.375 ], [ 127.875, -15.375 ], [ 127.875, -15.875 ], [ 126.875, -15.875 ], [ 126.875, -15.625 ], [ 127.125, -15.625 ], [ 127.125, -15.125 ], [ 127.375, -15.125 ], [ 127.375, -14.375 ], [ 128.375, -14.375 ], [ 128.375, -14.625 ] ] ] ] } },
{ "type": "Feature", "properties": { "cluster_id": 13, "cohesion": 8.2888809823311895, "distances": { "1": 26.202532132898703, "2": 23.170084525420133, "3": 25.32992173699014, "4": 26.83737347302178, "5": 24.90497960255735, "6": 22.336877465596185, "7": 24.940271160318513, "8": 21.187469069865397, "9": 27.60331323988924, "10": 21.51339742673158, "11": 15.92407967583807, "12": 13.837351500173767, "14": 31.029335474095323, "15": 30.338461908696708, "16": 31.75618088649091, "17": 30.31214795469225, "18": 32.829031405670875, "19": 32.45914942402218, "20": 31.56226555852747, "21": 33.54925781043644, "22": 33.761063458276475, "23": 33.47746569796779, "24": 23.055824174917586, "25": 26.027060104447003, "26": 24.843657052439433, "27": 30.187784666831508, "28": 28.844229706048885, "29": 27.046099639726307, "30": 28.538430631691874, "31": 31.232077694990853, "32": 27.518656500067383, "33": 31.859570571699884, "34": 31.37157380720648, "35": 30.556401587879467, "36": 26.205946702575602, "37": 24.434392575867257, "38": 25.28050613985571, "39": 27.985833984477814, "40": 22.73035039205073, "41": 22.04552246980972, "42": 22.017381332297877, "43": 22.76472839812748, "44": 22.260216505957573, "45": 24.147169862077707, "46": 28.803920285578666, "47": 24.011734004905254, "48": 25.428541437826123, "49": 28.071312732090398, "50": 30.15559356570207, "51": 26.987513650424216, "52": 28.125606798269494, "53": 25.559519605992776, "54": 27.534477490784983, "55": 25.810645420510937, "56": 20.077935836801135, "57": 22.3606904968329, "58": 23.39359251384893, "59": 24.91657308128504, "60": 24.628415189843487 } }, "geometry": { "type": "MultiPolygon", "coordinates": [ [ [ [ 123.375, -16.375 ], [ 123.375, -16.125 ], [ 123.625, -16.125 ], [ 123.625, -16.375 ], [ 123.375, -16.375 ] ] ], [ [ [ 125.875, -14.625 ], [ 125.625, -14.625 ], [ 125.625, -14.875 ], [ 125.375, -14.875 ], [ 125.375, -15.125 ], [ 125.125, -15.125 ], [ 125.125, -15.375 ], [ 124.875, -15.375 ], [ 124.875, -15.625 ], [ 124.625, -15.625 ], [ 124.625, -15.875 ], [ 124.375, -15.875 ], [ 124.375, -16.125 ], [ 123.625, -16.125 ], [ 123.625, -15.875 ], [ 124.125, -15.875 ], [ 124.125, -15.625 ], [ 124.375, -15.625 ], [ 124.375, -15.375 ], [ 124.625, -15.375 ], [ 124.625, -15.125 ], [ 124.875, -15.125 ], [ 124.875, -14.625 ], [ 125.125, -14.625 ], [ 125.125, -14.375 ], [ 125.375, -14.375 ], [ 125.375, -14.125 ], [ 126.125, -14.125 ], [ 126.125, -14.375 ], [ 125.875, -14.375 ], [ 125.875, -14.625 ] ] ], [ [ [ 126.625, -14.125 ], [ 126.125, -14.125 ], [ 126.125, -13.875 ], [ 126.625, -13.875 ], [ 126.625, -14.125 ] ] ], [ [ [ 127.875, -13.875 ], [ 127.875, -14.125 ], [ 128.125, -14.125 ], [ 128.125, -14.375 ], [ 127.625, -14.375 ], [ 127.625, -14.125 ], [ 127.375, -14.125 ], [ 127.375, -13.875 ], [ 126.625, -13.875 ], [ 126.625, -13.625 ], [ 127.625, -13.625 ], [ 127.625, -13.875 ], [ 127.875, -13.875 ] ] ], [ [ [ 129.375, -13.875 ], [ 129.375, -13.625 ], [ 129.625, -13.625 ], [ 129.625, -13.875 ], [ 129.375, -13.875 ] ] ], [ [ [ 129.625, -13.375 ], [ 129.875, -13.375 ], [ 129.875, -13.625 ], [ 129.625, -13.625 ], [ 129.625, -13.375 ] ] ], [ [ [ 130.125, -12.375 ], [ 130.375, -12.375 ], [ 130.375, -11.875 ], [ 130.125, -11.875 ], [ 130.125, -11.625 ], [ 129.875, -11.625 ], [ 129.875, -11.375 ], [ 130.125, -11.375 ], [ 130.125, -11.125 ], [ 131.125, -11.125 ], [ 131.125, -11.375 ], [ 130.875, -11.375 ], [ 130.875, -11.875 ], [ 131.625, -11.875 ], [ 131.625, -12.125 ], [ 132.375, -12.125 ], [ 132.375, -12.375 ], [ 131.125, -12.375 ], [ 131.125, -12.625 ], [ 130.625, -12.625 ], [ 130.625, -12.875 ], [ 130.375, -12.875 ], [ 130.375, -13.125 ], [ 130.125, -13.125 ], [ 130.125, -13.375 ], [ 129.875, -13.375 ], [ 129.875, -12.625 ], [ 130.125, -12.625 ], [ 130.125, -12.375 ] ], [ [ 130.625, -11.875 ], [ 130.625, -12.125 ], [ 130.875, -12.125 ], [ 130.875, -11.875 ], [ 130.625, -11.875 ] ] ] ] } },
{ "type": "Feature", "properties": { "cluster_id": 14, "cohesion": 8.1220478376047449, "distances": { "1": 37.711049798453395, "2": 33.95025814379348, "3": 43.61247128959111, "4": 44.520705514592755, "5": 40.457394992891935, "6": 35.53723968003372, "7": 37.94708106420373, "8": 39.10760025234949, "9": 43.294671358623496, "10": 34.248790065259755, "11": 36.46243147042976, "12": 31.01250163969342, "13": 31.029335474095323, "15": 15.556044284465203, "16": 12.986827826642239, "17": 20.50471262326367, "18": 22.19669258152571, "19": 22.015981449916357, "20": 17.434758382351944, "21": 10.762680639389451, "22": 20.645840839027823, "23": 17.94250450779457, "24": 31.953846729426587, "25": 36.01318835001717, "26": 34.66979834286038, "27": 35.50412337945063, "28": 34.557906193391226, "29": 32.175190491290216, "30": 27.503528155976102, "31": 32.00350836073284, "32": 28.384310853779034, "33": 25.31889824480098, "34": 27.611877860479755, "35": 31.101217772646184, "36": 28.249684300387322, "37": 24.76749588568108, "38": 28.551106117266496, "39": 31.067193532448215, "40": 28.73823098540748, "41": 30.592081170988937, "42": 29.047899285887986, "43": 30.39528229172224, "44": 25.785818609363076, "45": 20.62678833382445, "46": 18.04714866954311, "47": 22.36895730030327, "48": 21.57644581356007, "49": 29.920219857596805, "50": 28.04351626757362, "51": 23.463390657276907, "52": 25.365036740121553, "53": 32.00595976237724, "54": 31.59215672357394, "55": 35.259041059340284, "56": 25.166095294912413, "57": 28.19571039267884, "58": 32.757763947912714, "59": 29.626001230101846, "60": 27.559581758670163 } }, "geometry": { "type": "MultiPolygon", "coordinates": [ [ [ [ 149.125, -36.375 ], [ 149.125, -36.625 ], [ 148.875, -36.625 ], [ 148.875, -36.375 ], [ 149.125, -36.375 ] ] ], [ [ [ 142.875, -34.125 ], [ 142.875, -34.875 ], [ 143.375, -34.875 ], [ 143.375, -35.125 ], [ 144.375, -35.125 ], [ 144.375, -35.375 ], [ 144.875, -35.375 ], [ 144.875, -35.625 ], [ 145.375, -35.625 ], [ 145.375, -35.875 ], [ 146.125, -35.875 ], [ 146.125, -36.375 ], [ 146.375, -36.375 ], [ 146.375, -36.125 ], [ 146.625, -36.125 ], [ 146.625, -35.875 ], [ 147.375, -35.875 ], [ 147.375, -35.625 ], [ 147.625, -35.625 ], [ 147.625, -35.375 ], [ 148.375, -35.375 ], [ 148.375, -36.375 ], [ 148.125, -36.375 ], [ 148.125, -36.625 ], [ 147.625, -36.625 ], [ 147.625, -36.875 ], [ 146.875, -36.875 ], [ 146.875, -37.125 ], [ 146.375, -37.125 ], [ 146.375, -37.375 ], [ 144.125, -37.375 ], [ 144.125, -36.875 ], [ 143.875, -36.875 ], [ 143.875, -37.125 ], [ 143.625, -37.125 ], [ 143.625, -36.625 ], [ 143.375, -36.625 ], [ 143.375, -36.375 ], [ 142.875, -36.375 ], [ 142.875, -36.125 ], [ 142.625, -36.125 ], [ 142.625, -35.375 ], [ 142.375, -35.375 ], [ 142.375, -34.125 ], [ 142.875, -34.125 ] ] ] ] } },
{ "type": "Feature", "properties": { "cluster_id": 15, "cohesion": 5.9841408639776281, "distances": { "1": 31.47181265330928, "2": 28.727385105686942, "3": 39.10267855167914, "4": 41.796206806921596, "5": 38.913046227704655, "6": 34.718320773827166, "7": 40.04361901416845, "8": 37.97647927790824, "9": 43.24579826738695, "10": 34.28329569906663, "11": 33.76175100525925, "12": 30.6904385876454, "13": 30.338461908696708, "14": 15.556044284465203, "16": 10.421145071315157, "17": 18.12494168812369, "18": 24.21063122902195, "19": 30.435801288145843, "20": 25.525482704247402, "21": 18.377749928169177, "22": 26.416389691301013, "23": 26.841413171797956, "24": 28.3525813379774, "25": 36.43236812868619, "26": 32.981547584255146, "27": 36.26745070794966, "28": 37.33704560316928, "29": 30.973310939601255, "30": 26.844624599326636, "31": 34.50822712911007, "32": 35.033452962962194, "33": 32.406676389501854, "34": 30.780759365840623, "35": 35.93180363812108, "36": 31.727481664473512, "37": 26.372811253634065, "38": 32.73042690888417, "39": 35.588302119223755, "40": 28.240640709314352, "41": 27.74596784653741, "42": 27.725497789498956, "43": 30.656783076896065, "44": 26.629052618072457, "45": 23.457889694252977, "46": 12.645548270390204, "47": 18.987832034856865, "48": 21.3690808060154, "49": 34.96267259339276, "50": 34.85430811890247, "51": 27.38307194225645, "52": 29.176504267411268, "53": 35.09338217733943, "54": 37.515655956919474, "55": 39.527463551570385, "56": 25.604009109130253, "57": 30.401916397954025, "58": 36.388966591886444, "59": 35.48441926880531, "60": 32.48543071439164 } }, "geometry": { "type": "MultiPolygon", "coordinates": [ [ [ [ 146.125, -37.375 ], [ 146.125, -37.625 ], [ 144.875, -37.625 ], [ 144.875, -37.375 ], [ 146.125, -37.375 ] ] ], [ [ [ 140.875, -36.125 ], [ 141.125, -36.125 ], [ 141.125, -36.375 ], [ 141.625, -36.375 ], [ 141.625, -36.625 ], [ 141.875, -36.625 ], [ 141.875, -36.875 ], [ 142.125, -36.875 ], [ 142.125, -37.125 ], [ 143.375, -37.125 ], [ 143.375, -37.375 ], [ 144.125, -37.375 ], [ 144.125, -37.625 ], [ 142.125, -37.625 ], [ 142.125, -37.875 ], [ 141.625, -37.875 ], [ 141.625, -38.125 ], [ 140.125, -38.125 ], [ 140.125, -37.875 ], [ 139.875, -37.875 ], [ 139.875, -37.625 ], [ 139.625, -37.625 ], [ 139.625, -37.375 ], [ 139.375, -37.375 ], [ 139.375, -36.375 ], [ 139.875, -36.375 ], [ 139.875, -35.875 ], [ 140.875, -35.875 ], [ 140.875, -36.125 ] ] ], [ [ [ 139.125, -35.375 ], [ 138.875, -35.375 ], [ 138.875, -35.625 ], [ 138.375, -35.625 ], [ 138.375, -35.125 ], [ 138.625, -35.125 ], [ 138.625, -34.875 ], [ 138.875, -34.875 ], [ 138.875, -34.625 ], [ 139.125, -34.625 ], [ 139.125, -35.375 ] ] ] ] } },
{ "type": "Feature", "properties": { "cluster_id": 16, "cohesion": 7.4570843510987563, "distances": { "1": 36.34861849804197, "2": 32.332900801464454, "3": 43.8070302474704, "4": 45.824188013749236, "5": 42.042506221456996, "6": 36.731075966461496, "7": 41.322902866244476, "8": 40.75760811531999, "9": 46.04098158068675, "10": 36.34914570161345, "11": 37.0121259982309, "12": 32.41081020765599, "13": 31.75618088649091, "14": 12.986827826642239, "15": 10.421145071315156, "17": 14.138742611842082, "18": 18.320379850327694, "19": 26.5225695860634, "20": 22.838948117716324, "21": 13.093164176174804, "22": 20.0369629343679, "23": 21.227881022587365, "24": 30.60630451074919, "25": 36.19872229186077, "26": 33.79023148557717, "27": 34.446376329036006, "28": 35.27320650999484, "29": 30.27482467268187, "30": 24.042950717311378, "31": 30.965633377134136, "32": 31.70113863120732, "33": 27.616009454645532, "34": 26.102411485287867, "35": 32.088954879894885, "36": 29.987184834968073, "37": 25.27211867424901, "38": 30.645874228453927, "39": 32.92480594965252, "40": 28.611735431978595, "41": 29.334717526023102, "42": 29.70336952584114, "43": 31.599838017883172, "44": 28.469561613067444, "45": 25.278988864996876, "46": 18.35664421995313, "47": 23.413231320190278, "48": 25.406987776841945, "49": 33.486045924999026, "50": 31.72310288925939, "51": 27.141328691475977, "52": 27.696827247189486, "53": 34.955951927832295, "54": 35.810660915350915, "55": 39.360990020152485, "56": 26.074554407881834, "57": 30.458466622261472, "58": 36.301917626414124, "59": 33.66347529847946, "60": 30.803504709693403 } }, "geometry": { "type": "Polygon", "coordinates": [ [ [ 138.125, -32.375 ], [ 138.125, -33.125 ], [ 137.875, -33.125 ], [ 137.875, -33.625 ], [ 137.625, -33.625 ], [ 137.625, -33.875 ], [ 137.375, -33.875 ], [ 137.375, -33.625 ], [ 137.125, -33.625 ], [ 137.125, -33.125 ], [ 136.625, -33.125 ], [ 136.625, -33.875 ], [ 136.375, -33.875 ], [ 136.375, -34.125 ], [ 136.125, -34.125 ], [ 136.125, -34.375 ], [ 135.875, -34.375 ], [ 135.875, -34.875 ], [ 136.125, -34.875 ], [ 136.125, -34.625 ], [ 136.375, -34.625 ], [ 136.375, -34.375 ], [ 136.625, -34.375 ], [ 136.625, -34.125 ], [ 137.125, -34.125 ], [ 137.125, -34.375 ], [ 137.375, -34.375 ], [ 137.375, -34.625 ], [ 137.625, -34.625 ], [ 137.625, -34.875 ], [ 137.875, -34.875 ], [ 137.875, -34.625 ], [ 138.125, -34.625 ], [ 138.125, -35.375 ], [ 138.375, -35.375 ], [ 138.375, -35.125 ], [ 138.625, -35.125 ], [ 138.625, -34.875 ], [ 138.875, -34.875 ], [ 138.875, -34.625 ], [ 139.125, -34.625 ], [ 139.125, -35.375 ], [ 138.875, -35.375 ], [ 138.875, -35.625 ], [ 138.625, -35.625 ], [ 138.625, -35.875 ], [ 139.125, -35.875 ], [ 139.125, -36.125 ], [ 139.375, -36.125 ], [ 139.375, -36.375 ], [ 139.875, -36.375 ], [ 139.875, -35.875 ], [ 140.875, -35.875 ], [ 140.875, -36.125 ], [ 141.125, -36.125 ], [ 141.125, -36.375 ], [ 141.625, -36.375 ], [ 141.625, -36.625 ], [ 141.875, -36.625 ], [ 141.875, -36.875 ], [ 142.125, -36.875 ], [ 142.125, -37.125 ], [ 143.375, -37.125 ], [ 143.375, -37.375 ], [ 144.125, -37.375 ], [ 144.125, -36.875 ], [ 143.875, -36.875 ], [ 143.875, -37.125 ], [ 143.625, -37.125 ], [ 143.625, -36.625 ], [ 143.375, -36.625 ], [ 143.375, -36.375 ], [ 142.875, -36.375 ], [ 142.875, -36.125 ], [ 142.625, -36.125 ], [ 142.625, -35.375 ], [ 142.375, -35.375 ], [ 142.375, -35.125 ], [ 141.875, -35.125 ], [ 141.875, -34.625 ], [ 141.625, -34.625 ], [ 141.625, -35.125 ], [ 141.375, -35.125 ], [ 141.375, -34.875 ], [ 141.125, -34.875 ], [ 141.125, -35.125 ], [ 140.125, -35.125 ], [ 140.125, -34.875 ], [ 139.625, -34.875 ], [ 139.625, -33.375 ], [ 139.875, -33.375 ], [ 139.875, -32.875 ], [ 138.375, -32.875 ], [ 138.375, -32.375 ], [ 138.125, -32.375 ] ] ] } },
{ "type": "Feature", "properties": { "cluster_id": 17, "cohesion": 7.2523532668295632, "distances": { "1": 36.8281822778166, "2": 31.0552021860386, "3": 45.214258183512605, "4": 47.44968792549479, "5": 42.37173302985396, "6": 35.565955887443735, "7": 42.10265951836101, "8": 42.28237055693588, "9": 47.49940346759702, "10": 38.27377580349457, "11": 37.58057283514002, "12": 33.10320237966463, "13": 30.312147954692247, "14": 20.50471262326367, "15": 18.124941688123688, "16": 14.138742611842083, "18": 11.558892675833428, "19": 26.45458148784521, "20": 25.491007520951417, "21": 18.855445687619618, "22": 17.058474468128626, "23": 21.80393467466099, "24": 27.534599807211134, "25": 31.234147407186956, "26": 28.935379345989276, "27": 27.259768037350828, "28": 29.99855335919379, "29": 22.873798738425116, "30": 13.627263675397732, "31": 22.40708218318415, "32": 29.087040305449964, "33": 24.236029328038565, "34": 17.72143618082398, "35": 26.34496682851281, "36": 27.13576846920262, "37": 23.180942275385256, "38": 28.934659593527694, "39": 29.39623792944573, "40": 25.58757071929047, "41": 25.94306334471232, "42": 28.387289106410574, "43": 30.00757352908569, "44": 29.51115964131279, "45": 29.178741269889613, "46": 25.817565041874225, "47": 26.6982625570379, "48": 31.08840949049775, "49": 31.813863759666475, "50": 29.468318956407394, "51": 28.00925300586607, "52": 26.339619471028563, "53": 33.63427789168026, "54": 34.65373377289353, "55": 39.259877969909574, "56": 25.568704012804098, "57": 31.4678127123766, "58": 37.12487658796356, "59": 33.3975161746652, "60": 31.11970597676552 } }, "geometry": { "type": "Polygon", "coordinates": [ [ [ 134.625, -31.375 ], [ 134.625, -31.625 ], [ 133.625, -31.625 ], [ 133.625, -31.875 ], [ 132.125, -31.875 ], [ 132.125, -32.375 ], [ 133.625, -32.375 ], [ 133.625, -32.625 ], [ 133.875, -32.625 ], [ 133.875, -33.125 ], [ 134.125, -33.125 ], [ 134.125, -33.375 ], [ 134.375, -33.375 ], [ 134.375, -33.625 ], [ 134.625, -33.625 ], [ 134.625, -33.875 ], [ 134.875, -33.875 ], [ 134.875, -34.375 ], [ 135.125, -34.375 ], [ 135.125, -34.625 ], [ 135.375, -34.625 ], [ 135.375, -34.875 ], [ 135.875, -34.875 ], [ 135.875, -34.375 ], [ 136.125, -34.375 ], [ 136.125, -34.125 ], [ 136.375, -34.125 ], [ 136.375, -33.875 ], [ 136.625, -33.875 ], [ 136.625, -33.125 ], [ 137.125, -33.125 ], [ 137.125, -33.625 ], [ 137.375, -33.625 ], [ 137.375, -33.875 ], [ 137.625, -33.875 ], [ 137.625, -33.625 ], [ 137.875, -33.625 ], [ 137.875, -33.125 ], [ 138.125, -33.125 ], [ 138.125, -32.375 ], [ 137.875, -32.375 ], [ 137.875, -32.625 ], [ 135.875, -32.625 ], [ 135.875, -32.375 ], [ 135.375, -32.375 ], [ 135.375, -32.125 ], [ 135.125, -32.125 ], [ 135.125, -31.625 ], [ 134.875, -31.625 ], [ 134.875, -31.375 ], [ 134.625, -31.375 ] ] ] } },
{ "type": "Feature", "properties": { "cluster_id": 18, "cohesion": 6.5199880090649573, "distances": { "1": 42.66383583868136, "2": 36.26721221176569, "3": 50.28942022525956, "4": 51.74353522010907, "5": 46.01487716193256, "6": 38.67980959132418, "7": 43.72773512432761, "8": 45.65662091879266, "9": 50.42263568716578, "10": 40.98033846698311, "11": 41.59557664867992, "12": 35.90071944619634, "13": 32.829031405670875, "14": 22.19669258152571, "15": 24.21063122902195, "16": 18.320379850327697, "17": 11.558892675833428, "19": 24.85585148294706, "20": 26.059966685833984, "21": 18.7418323344544, "22": 10.623892355255618, "23": 18.419370258015437, "24": 31.656772078356216, "25": 30.948077953051886, "26": 30.898860768045246, "27": 25.53395915772726, "28": 27.039638004594057, "29": 24.68799524693512, "30": 14.994120343839628, "31": 18.73491817185192, "32": 25.32335084426656, "33": 19.658147131889677, "34": 12.221266094260269, "35": 21.127474842348413, "36": 25.514432805032648, "37": 23.530229759063776, "38": 26.36818854961808, "39": 25.626705282442224, "40": 28.39762761137044, "41": 29.992251427151388, "42": 32.39864431479744, "43": 32.83645059378469, "44": 33.07889811635926, "45": 32.43729706329661, "46": 31.138720384454846, "47": 30.93439249599288, "48": 35.2138931370366, "49": 31.73567846553023, "50": 27.298268533646244, "51": 30.402101075398143, "52": 27.403101887095342, "53": 34.739536161804544, "54": 33.41779306831005, "55": 39.43397596103815, "56": 27.466089138375022, "57": 32.131895395060475, "58": 37.423889452072224, "59": 31.68635192430733, "60": 29.482023645097037 } }, "geometry": { "type": "Polygon", "coordinates": [ [ [ 134.125, -28.625 ], [ 134.125, -29.375 ], [ 133.875, -29.375 ], [ 133.875, -30.125 ], [ 133.375, -30.125 ], [ 133.375, -30.375 ], [ 133.125, -30.375 ], [ 133.125, -30.625 ], [ 132.875, -30.625 ], [ 132.875, -30.875 ], [ 133.125, -30.875 ], [ 133.125, -31.125 ], [ 133.625, -31.125 ], [ 133.625, -31.625 ], [ 134.625, -31.625 ], [ 134.625, -31.375 ], [ 134.875, -31.375 ], [ 134.875, -31.625 ], [ 135.125, -31.625 ], [ 135.125, -32.125 ], [ 135.375, -32.125 ], [ 135.375, -32.375 ], [ 135.875, -32.375 ], [ 135.875, -32.625 ], [ 137.875, -32.625 ], [ 137.875, -32.375 ], [ 138.375, -32.375 ], [ 138.375, -32.125 ], [ 138.125, -32.125 ], [ 138.125, -31.875 ], [ 137.625, -31.875 ], [ 137.625, -31.625 ], [ 137.375, -31.625 ], [ 137.375, -31.375 ], [ 137.125, -31.375 ], [ 137.125, -31.125 ], [ 136.125, -31.125 ], [ 136.125, -30.625 ], [ 135.875, -30.625 ], [ 135.875, -30.375 ], [ 135.625, -30.375 ], [ 135.625, -29.875 ], [ 135.125, -29.875 ], [ 135.125, -29.625 ], [ 134.875, -29.625 ], [ 134.875, -29.125 ], [ 134.625, -29.125 ], [ 134.625, -28.625 ], [ 134.125, -28.625 ] ] ] } },
{ "type": "Feature", "properties": { "cluster_id": 19, "cohesion": 6.9543852868113341, "distances": { "1": 42.861468109085415, "2": 37.31931892905718, "3": 48.22251775886548, "4": 47.37848585724639, "5": 40.35040560338227, "6": 33.12722199075308, "7": 34.932906314428145, "8": 41.474063683155045, "9": 43.04434801892137, "10": 36.844312094709586, "11": 39.59153452083482, "12": 33.6516782857997, "13": 32.45914942402217, "14": 22.015981449916357, "15": 30.435801288145843, "16": 26.522569586063398, "17": 26.454581487845207, "18": 24.855851482947067, "20": 13.305251535500881, "21": 19.71741965289629, "22": 20.091933544075754, "23": 13.061726264546863, "24": 35.50015077170236, "25": 35.501322449590745, "26": 35.77211526504429, "27": 34.63655934600841, "28": 32.56275187350108, "29": 32.113133294289945, "30": 27.876387766864617, "31": 28.89878903128085, "32": 21.166242467877588, "33": 15.071107810267437, "34": 24.529726336756188, "35": 27.052751779422138, "36": 26.322626837602805, "37": 25.6013532909473, "38": 28.00378650242525, "39": 28.57212755474372, "40": 26.28544323706171, "41": 30.572137390466246, "42": 28.49887118616774, "43": 26.816748009573686, "44": 25.800938051698473, "45": 25.51122266242487, "46": 32.82748451679253, "47": 31.833302169295578, "48": 31.973181547424517, "49": 17.068210340048545, "50": 13.670312189610499, "51": 19.185276653398294, "52": 16.99918838773219, "53": 23.404349647177373, "54": 20.942769730024498, "55": 28.425509930983523, "56": 27.684265108976476, "57": 30.204770807815397, "58": 30.224843044255806, "59": 24.683260840149277, "60": 26.403776809416915 } }, "geometry": { "type": "Polygon", "coordinates": [ [ [ 142.625, -28.125 ], [ 142.625, -28.375 ], [ 142.125, -28.375 ], [ 142.125, -28.625 ], [ 141.625, -28.625 ], [ 141.625, -28.375 ], [ 140.375, -28.375 ], [ 140.375, -29.125 ], [ 140.625, -29.125 ], [ 140.625, -29.375 ], [ 141.125, -29.375 ], [ 141.125, -29.625 ], [ 141.375, -29.625 ], [ 141.375, -29.875 ], [ 141.875, -29.875 ], [ 141.875, -30.375 ], [ 142.375, -30.375 ], [ 142.375, -30.625 ], [ 142.625, -30.625 ], [ 142.625, -30.875 ], [ 143.625, -30.875 ], [ 143.625, -30.625 ], [ 143.875, -30.625 ], [ 143.875, -30.875 ], [ 144.625, -30.875 ], [ 144.625, -31.375 ], [ 145.875, -31.375 ], [ 145.875, -31.125 ], [ 145.625, -31.125 ], [ 145.625, -30.875 ], [ 145.375, -30.875 ], [ 145.375, -30.625 ], [ 145.125, -30.625 ], [ 145.125, -30.125 ], [ 145.625, -30.125 ], [ 145.625, -30.375 ], [ 146.125, -30.375 ], [ 146.125, -29.625 ], [ 145.875, -29.625 ], [ 145.875, -29.125 ], [ 145.125, -29.125 ], [ 145.125, -28.875 ], [ 144.875, -28.875 ], [ 144.875, -28.375 ], [ 144.375, -28.375 ], [ 144.375, -28.625 ], [ 143.625, -28.625 ], [ 143.625, -28.875 ], [ 143.375, -28.875 ], [ 143.375, -28.625 ], [ 143.125, -28.625 ], [ 143.125, -28.125 ], [ 142.625, -28.125 ] ] ] } },
{ "type": "Feature", "properties": { "cluster_id": 20, "cohesion": 9.288953491125346, "distances": { "1": 40.63612392067547, "2": 35.73986862942186, "3": 45.59103447819431, "4": 45.222002481287255, "5": 39.41137069226079, "6": 32.992882528601925, "7": 35.91365782040669, "8": 39.867159176356985, "9": 42.56331980658805, "10": 35.43395282939576, "11": 37.714030432426476, "12": 32.07677616441855, "13": 31.562265558527468, "14": 17.434758382351944, "15": 25.525482704247402, "16": 22.838948117716324, "17": 25.49100752095141, "18": 26.059966685833984, "19": 13.30525153550088, "21": 16.836887167337196, "22": 22.82907764706994, "23": 16.902940728447202, "24": 34.72757904637372, "25": 36.54709657439136, "26": 36.20995638239526, "27": 36.47449556509211, "28": 34.631009440440494, "29": 33.20117477291844, "30": 28.8831011314981, "31": 31.81700163222901, "32": 25.943052333930183, "33": 21.745873189160996, "34": 27.584887692305923, "35": 30.487311189849535, "36": 27.024939823938467, "37": 25.26885971468434, "38": 29.19133224652145, "39": 30.74408598136863, "40": 25.35527198719263, "41": 29.418892586582952, "42": 25.569332169642635, "43": 25.26633750738452, "44": 21.982974538647788, "45": 20.324923730713255, "46": 27.223814001491856, "47": 28.585336095054387, "48": 26.646907824624552, "49": 22.227042174137587, "50": 21.342923560332736, "51": 15.11317277320655, "52": 16.129166668527244, "53": 26.00881322089685, "54": 26.347477485250913, "55": 31.588468036363206, "56": 26.59467694080718, "57": 29.693657057758077, "58": 31.51019707546476, "59": 27.774756935964067, "60": 27.948676517727247 } }, "geometry": { "type": "Polygon", "coordinates": [ [ [ 145.875, -29.125 ], [ 145.875, -29.625 ], [ 146.125, -29.625 ], [ 146.125, -30.375 ], [ 145.625, -30.375 ], [ 145.625, -30.125 ], [ 145.125, -30.125 ], [ 145.125, -30.625 ], [ 145.375, -30.625 ], [ 145.375, -30.875 ], [ 145.625, -30.875 ], [ 145.625, -31.125 ], [ 145.875, -31.125 ], [ 145.875, -31.375 ], [ 144.625, -31.375 ], [ 144.625, -30.875 ], [ 143.875, -30.875 ], [ 143.875, -30.625 ], [ 143.625, -30.625 ], [ 143.625, -31.625 ], [ 144.125, -31.625 ], [ 144.125, -32.375 ], [ 144.625, -32.375 ], [ 144.625, -32.625 ], [ 144.875, -32.625 ], [ 144.875, -32.875 ], [ 145.125, -32.875 ], [ 145.125, -33.125 ], [ 145.375, -33.125 ], [ 145.375, -33.625 ], [ 145.625, -33.625 ], [ 145.625, -33.875 ], [ 146.125, -33.875 ], [ 146.125, -35.375 ], [ 146.375, -35.375 ], [ 146.375, -35.625 ], [ 146.625, -35.625 ], [ 146.625, -35.875 ], [ 147.375, -35.875 ], [ 147.375, -35.625 ], [ 147.625, -35.625 ], [ 147.625, -35.375 ], [ 148.125, -35.375 ], [ 148.125, -35.125 ], [ 147.875, -35.125 ], [ 147.875, -34.875 ], [ 148.625, -34.875 ], [ 148.625, -34.625 ], [ 148.875, -34.625 ], [ 148.875, -34.375 ], [ 149.125, -34.375 ], [ 149.125, -33.375 ], [ 148.875, -33.375 ], [ 148.875, -33.125 ], [ 148.625, -33.125 ], [ 148.625, -32.875 ], [ 148.375, -32.875 ], [ 148.375, -31.625 ], [ 148.625, -31.625 ], [ 148.625, -31.375 ], [ 148.125, -31.375 ], [ 148.125, -30.875 ], [ 147.875, -30.875 ], [ 147.875, -30.375 ], [ 147.625, -30.375 ], [ 147.625, -29.875 ], [ 147.125, -29.875 ], [ 147.125, -29.625 ], [ 146.875, -29.625 ], [ 146.875, -29.375 ], [ 146.625, -29.375 ], [ 146.625, -29.125 ], [ 145.875, -29.125 ] ] ] } },
{ "type": "Feature", "properties": { "cluster_id": 21, "cohesion": 8.0317427427671362, "distances": { "1": 41.38529953404567, "2": 36.74942703780863, "3": 47.7891723434192, "4": 48.55170768220118, "5": 43.8448922528236, "6": 37.93828350875842, "7": 40.690136696027295, "8": 42.606296217709954, "9": 46.92300340071243, "10": 37.50601804698487, "11": 39.919732678663365, "12": 33.95306176941988, "13": 33.54925781043644, "14": 10.762680639389451, "15": 18.377749928169177, "16": 13.093164176174804, "17": 18.855445687619614, "18": 18.741832334454397, "19": 19.71741965289629, "20": 16.836887167337196, "22": 16.351065552569864, "23": 14.008120383903458, "24": 34.48933589939442, "25": 37.17338671036127, "26": 36.33006198198813, "27": 35.27042309609828, "28": 34.49665331753375, "29": 32.65323916447472, "30": 26.468847544987426, "31": 30.445863619467627, "32": 27.667470317479637, "33": 22.58215124152374, "34": 25.058872343882904, "35": 29.635538179125938, "36": 28.55767468149648, "37": 25.44459114480131, "38": 28.884154549702917, "39": 30.755165614504524, "40": 29.638159081933654, "41": 32.153071512052676, "42": 31.43218795246117, "43": 31.994670700530246, "44": 28.839231885892897, "45": 24.923174442742113, "46": 23.389153429986944, "47": 27.172253360952926, "48": 27.38298905609825, "49": 30.10616371573132, "50": 26.884315671963833, "51": 24.972606032705947, "52": 25.122931532661646, "53": 33.18990685882528, "54": 32.03072430908788, "55": 37.03853764180704, "56": 27.17749960295824, "57": 30.201637801494407, "58": 34.73047859537687, "59": 30.40611476643127, "60": 28.41703745102182 } }, "geometry": { "type": "Polygon", "coordinates": [ [ [ 139.125, -30.375 ], [ 139.125, -30.625 ], [ 138.875, -30.625 ], [ 138.875, -31.375 ], [ 138.625, -31.375 ], [ 138.625, -32.125 ], [ 138.375, -32.125 ], [ 138.375, -32.875 ], [ 139.875, -32.875 ], [ 139.875, -33.375 ], [ 139.625, -33.375 ], [ 139.625, -34.875 ], [ 140.125, -34.875 ], [ 140.125, -35.125 ], [ 141.125, -35.125 ], [ 141.125, -34.875 ], [ 141.375, -34.875 ], [ 141.375, -35.125 ], [ 141.625, -35.125 ], [ 141.625, -34.625 ], [ 141.875, -34.625 ], [ 141.875, -35.125 ], [ 142.375, -35.125 ], [ 142.375, -34.125 ], [ 142.875, -34.125 ], [ 142.875, -34.875 ], [ 143.375, -34.875 ], [ 143.375, -35.125 ], [ 144.375, -35.125 ], [ 144.375, -35.375 ], [ 144.875, -35.375 ], [ 144.875, -35.625 ], [ 145.375, -35.625 ], [ 145.375, -35.875 ], [ 146.125, -35.875 ], [ 146.125, -36.375 ], [ 146.375, -36.375 ], [ 146.375, -36.125 ], [ 146.625, -36.125 ], [ 146.625, -35.625 ], [ 146.375, -35.625 ], [ 146.375, -35.375 ], [ 146.125, -35.375 ], [ 146.125, -33.875 ], [ 145.625, -33.875 ], [ 145.625, -33.625 ], [ 145.375, -33.625 ], [ 145.375, -33.125 ], [ 145.125, -33.125 ], [ 145.125, -32.875 ], [ 144.875, -32.875 ], [ 144.875, -32.625 ], [ 144.625, -32.625 ], [ 144.625, -32.375 ], [ 144.125, -32.375 ], [ 144.125, -32.625 ], [ 143.625, -32.625 ], [ 143.625, -32.375 ], [ 143.375, -32.375 ], [ 143.375, -32.125 ], [ 143.125, -32.125 ], [ 143.125, -31.875 ], [ 142.875, -31.875 ], [ 142.875, -31.625 ], [ 142.125, -31.625 ], [ 142.125, -31.875 ], [ 141.375, -31.875 ], [ 141.375, -32.125 ], [ 140.875, -32.125 ], [ 140.875, -32.375 ], [ 139.375, -32.375 ], [ 139.375, -32.125 ], [ 139.125, -32.125 ], [ 139.125, -31.125 ], [ 139.375, -31.125 ], [ 139.375, -30.375 ], [ 139.125, -30.375 ] ] ] } },
{ "type": "Feature", "properties": { "cluster_id": 22, "cohesion": 6.0382654929360893, "distances": { "1": 44.73080155149567, "2": 38.6662515045386, "3": 51.47329562610667, "4": 52.10032305038791, "5": 46.32610398296247, "6": 39.13956836616514, "7": 42.0496192218765, "8": 45.50166896397647, "9": 49.60293788692205, "10": 40.260573609419296, "11": 42.379699634417975, "12": 35.96782312866695, "13": 33.76106345827648, "14": 20.645840839027823, "15": 26.416389691301013, "16": 20.036962934367896, "17": 17.058474468128622, "18": 10.623892355255618, "19": 20.091933544075754, "20": 22.829077647069937, "21": 16.351065552569867, "23": 12.639666271380115, "24": 34.60477585565076, "25": 33.12404792273676, "26": 33.896910632240456, "27": 28.893481619289705, "28": 28.25731673900513, "29": 28.788633204909925, "30": 20.924122677273502, "31": 21.853245644498603, "32": 21.708648838840244, "33": 14.578183702212927, "34": 14.382308284351252, "35": 20.962335411830924, "36": 25.190315391567548, "37": 23.84678658614757, "38": 25.05015378308801, "39": 24.76333895901029, "40": 29.705159015099063, "41": 32.49148620514659, "42": 33.76250957499426, "43": 33.19919474025421, "44": 32.88032770865994, "45": 31.27883394769524, "46": 32.02341358245501, "47": 31.87343841592519, "48": 34.82043907475591, "49": 29.061657934596063, "50": 23.153780193921495, "51": 29.021676254424847, "52": 26.008713792892106, "53": 33.199675827595954, "54": 29.867978288043115, "55": 36.76315866731728, "56": 27.6076479454826, "57": 30.7691402434101, "58": 34.94515752863249, "59": 28.162708741863447, "60": 26.534248197637133 } }, "geometry": { "type": "Polygon", "coordinates": [ [ [ 134.625, -27.375 ], [ 134.625, -27.875 ], [ 134.375, -27.875 ], [ 134.375, -28.625 ], [ 134.625, -28.625 ], [ 134.625, -29.125 ], [ 134.875, -29.125 ], [ 134.875, -29.625 ], [ 135.125, -29.625 ], [ 135.125, -29.875 ], [ 135.625, -29.875 ], [ 135.625, -30.375 ], [ 135.875, -30.375 ], [ 135.875, -30.625 ], [ 136.125, -30.625 ], [ 136.125, -31.125 ], [ 137.125, -31.125 ], [ 137.125, -31.375 ], [ 137.375, -31.375 ], [ 137.375, -31.625 ], [ 137.625, -31.625 ], [ 137.625, -31.875 ], [ 138.125, -31.875 ], [ 138.125, -32.125 ], [ 138.375, -32.125 ], [ 138.375, -31.375 ], [ 138.125, -31.375 ], [ 138.125, -30.375 ], [ 138.375, -30.375 ], [ 138.375, -29.875 ], [ 137.625, -29.875 ], [ 137.625, -29.625 ], [ 137.375, -29.625 ], [ 137.375, -28.875 ], [ 137.125, -28.875 ], [ 137.125, -28.625 ], [ 136.875, -28.625 ], [ 136.875, -28.375 ], [ 136.625, -28.375 ], [ 136.625, -28.125 ], [ 135.875, -28.125 ], [ 135.875, -27.625 ], [ 135.375, -27.625 ], [ 135.375, -27.375 ], [ 134.625, -27.375 ] ] ] } },
{ "type": "Feature", "properties": { "cluster_id": 23, "cohesion": 7.8134263885890949, "distances": { "1": 44.3690013911767, "2": 38.855072115484695, "3": 50.196456988997674, "4": 50.06549833860148, "5": 44.00313903037486, "6": 37.21983274189385, "7": 38.70779503305335, "8": 43.67617920700495, "9": 46.5255302276246, "10": 38.609064712123754, "11": 41.29912727421522, "12": 34.94270154412569, "13": 33.477465697967794, "14": 17.94250450779457, "15": 26.841413171797956, "16": 21.22788102258737, "17": 21.80393467466099, "18": 18.419370258015437, "19": 13.061726264546861, "20": 16.902940728447202, "21": 14.008120383903456, "22": 12.639666271380115, "24": 35.26212642656508, "25": 35.01435122331363, "26": 35.36380102104348, "27": 32.65076793584202, "28": 31.087752946475653, "29": 31.186941843161186, "30": 25.433268550617022, "31": 26.413953150076185, "32": 21.126752268428547, "33": 14.134463829109414, "34": 20.9088888280556, "35": 24.49705789201529, "36": 26.465584459821873, "37": 25.466773838207605, "38": 26.75374393337845, "39": 27.031397169348143, "40": 29.324853762904393, "41": 32.74148942307722, "42": 32.06051706457048, "43": 31.469784013986697, "44": 29.646176815888847, "45": 27.556458109741058, "46": 30.943092331036915, "47": 31.314018259526065, "48": 32.21925824208541, "49": 24.433290635490895, "50": 18.862182131644982, "51": 24.426035638336867, "52": 23.06878724157273, "53": 29.59282457288902, "54": 25.72635055385134, "55": 32.74855204467067, "56": 28.174871484555975, "57": 30.485257912321376, "58": 32.49396512719889, "59": 25.972387769283035, "60": 26.035213671583264 } }, "geometry": { "type": "Polygon", "coordinates": [ [ [ 137.625, -28.625 ], [ 137.625, -29.125 ], [ 137.875, -29.125 ], [ 137.875, -29.375 ], [ 138.125, -29.375 ], [ 138.125, -29.625 ], [ 138.375, -29.625 ], [ 138.375, -30.375 ], [ 138.125, -30.375 ], [ 138.125, -31.375 ], [ 138.375, -31.375 ], [ 138.375, -32.125 ], [ 138.625, -32.125 ], [ 138.625, -31.375 ], [ 138.875, -31.375 ], [ 138.875, -30.625 ], [ 139.125, -30.625 ], [ 139.125, -30.375 ], [ 139.375, -30.375 ], [ 139.375, -31.125 ], [ 139.125, -31.125 ], [ 139.125, -32.125 ], [ 139.375, -32.125 ], [ 139.375, -32.375 ], [ 140.875, -32.375 ], [ 140.875, -32.125 ], [ 141.375, -32.125 ], [ 141.375, -31.875 ], [ 142.125, -31.875 ], [ 142.125, -31.625 ], [ 142.875, -31.625 ], [ 142.875, -31.875 ], [ 143.125, -31.875 ], [ 143.125, -32.125 ], [ 143.375, -32.125 ], [ 143.375, -32.375 ], [ 143.625, -32.375 ], [ 143.625, -32.625 ], [ 144.125, -32.625 ], [ 144.125, -31.625 ], [ 143.625, -31.625 ], [ 143.625, -30.875 ], [ 142.625, -30.875 ], [ 142.625, -30.625 ], [ 142.375, -30.625 ], [ 142.375, -30.375 ], [ 141.875, -30.375 ], [ 141.875, -29.875 ], [ 141.375, -29.875 ], [ 141.375, -29.625 ], [ 140.375, -29.625 ], [ 140.375, -29.375 ], [ 140.125, -29.375 ], [ 140.125, -29.125 ], [ 139.375, -29.125 ], [ 139.375, -29.375 ], [ 138.625, -29.375 ], [ 138.625, -29.125 ], [ 138.375, -29.125 ], [ 138.375, -28.875 ], [ 137.875, -28.875 ], [ 137.875, -28.625 ], [ 137.625, -28.625 ] ] ] } },
{ "type": "Feature", "properties": { "cluster_id": 24, "cohesion": 8.7314838671739263, "distances": { "1": 27.14337635070867, "2": 24.164272862629684, "3": 32.125889657160556, "4": 34.57557781120832, "5": 30.797846156704836, "6": 27.419642649687127, "7": 33.88549344450621, "8": 33.02272019271419, "9": 35.79916752458324, "10": 32.55363550613273, "11": 27.27033077837664, "12": 27.62312181335396, "13": 23.055824174917586, "14": 31.953846729426584, "15": 28.352581337977394, "16": 30.60630451074919, "17": 27.534599807211134, "18": 31.656772078356216, "19": 35.500150771702344, "20": 34.72757904637372, "21": 34.48933589939442, "22": 34.60477585565076, "23": 35.26212642656508, "25": 20.208921693947794, "26": 13.052076540307219, "27": 24.44854444905957, "28": 27.969547763248322, "29": 17.62438239712667, "30": 23.932673045570805, "31": 28.95111103510993, "32": 33.01590192736573, "33": 34.515134737789985, "34": 30.90777036706495, "35": 32.39489382642072, "36": 30.43522730997615, "37": 27.65768452345483, "38": 31.730592097269415, "39": 31.77952610957098, "40": 26.37003327129807, "41": 23.819964814614234, "42": 24.990066890637838, "43": 28.126167823444145, "44": 26.154041653279034, "45": 27.926783532732603, "46": 28.566034043998854, "47": 23.53712920733998, "48": 27.965983217933704, "49": 31.937846219088645, "50": 33.68965907559181, "51": 30.39924755302188, "52": 31.91413675793041, "53": 30.348069302527524, "54": 33.46137464134305, "55": 33.64434410348477, "56": 25.100905280043197, "57": 31.432372597484665, "58": 33.753553075853894, "59": 33.568053330354594, "60": 33.410466954166914 } }, "geometry": { "type": "MultiPolygon", "coordinates": [ [ [ [ 125.375, -33.125 ], [ 124.875, -33.125 ], [ 124.875, -33.375 ], [ 124.375, -33.375 ], [ 124.375, -33.625 ], [ 124.125, -33.625 ], [ 124.125, -33.875 ], [ 123.875, -33.875 ], [ 123.875, -34.125 ], [ 123.625, -34.125 ], [ 123.625, -34.375 ], [ 122.125, -34.375 ], [ 122.125, -34.125 ], [ 120.875, -34.125 ], [ 120.875, -34.375 ], [ 119.625, -34.375 ], [ 119.625, -34.625 ], [ 119.375, -34.625 ], [ 119.375, -34.875 ], [ 118.625, -34.875 ], [ 118.625, -35.125 ], [ 118.375, -35.125 ], [ 118.375, -35.375 ], [ 116.125, -35.375 ], [ 116.125, -35.125 ], [ 115.875, -35.125 ], [ 115.875, -34.875 ], [ 115.625, -34.875 ], [ 115.625, -34.625 ], [ 115.125, -34.625 ], [ 115.125, -34.375 ], [ 114.875, -34.375 ], [ 114.875, -34.125 ], [ 115.375, -34.125 ], [ 115.375, -34.375 ], [ 115.875, -34.375 ], [ 115.875, -34.125 ], [ 118.125, -34.125 ], [ 118.125, -33.875 ], [ 118.875, -33.875 ], [ 118.875, -33.625 ], [ 119.375, -33.625 ], [ 119.375, -33.375 ], [ 119.875, -33.375 ], [ 119.875, -32.875 ], [ 121.125, -32.875 ], [ 121.125, -33.125 ], [ 121.875, -33.125 ], [ 121.875, -32.875 ], [ 122.375, -32.875 ], [ 122.375, -32.625 ], [ 125.375, -32.625 ], [ 125.375, -33.125 ] ] ], [ [ [ 125.375, -32.375 ], [ 125.625, -32.375 ], [ 125.625, -32.625 ], [ 125.375, -32.625 ], [ 125.375, -32.375 ] ] ] ] } },
{ "type": "Feature", "properties": { "cluster_id": 25, "cohesion": 6.9985339404739557, "distances": { "1": 38.61652943866565, "2": 33.08942837555634, "3": 42.445957341667935, "4": 43.39053584359431, "5": 37.67993220728056, "6": 32.57308832507978, "7": 37.38143867871751, "8": 40.01284562733237, "9": 41.85185459461975, "10": 37.96091205151538, "11": 35.141017206605326, "12": 32.42119324213836, "13": 26.027060104447003, "14": 36.01318835001716, "15": 36.43236812868619, "16": 36.198722291860776, "17": 31.234147407186956, "18": 30.948077953051882, "19": 35.501322449590745, "20": 36.54709657439136, "21": 37.17338671036128, "22": 33.12404792273676, "23": 35.01435122331364, "24": 20.208921693947794, "26": 13.325705795875, "27": 14.433990370450504, "28": 14.030268652541588, "29": 17.857216589243674, "30": 24.296669522170788, "31": 21.54426188105933, "32": 27.780063609867735, "33": 31.42577113495564, "34": 26.443186352294873, "35": 22.57011836061362, "36": 23.396754331549733, "37": 26.830937018037453, "38": 25.066634664950143, "39": 20.886965163753697, "40": 28.732917496849137, "41": 27.850792103274625, "42": 28.796747772785384, "43": 31.08411978469202, "44": 30.652457057906446, "45": 32.998735996552746, "46": 37.22091572491462, "47": 30.570488074093564, "48": 35.24413034499658, "49": 32.15182007022886, "50": 31.811287981851645, "51": 32.85466143416396, "52": 32.4873020513864, "53": 32.18449662315138, "54": 32.006258946776995, "55": 34.340942719981314, "56": 28.0032101352602, "57": 32.69573420494304, "58": 34.97957048856475, "59": 31.42585201648035, "60": 31.166523318234958 } }, "geometry": { "type": "Polygon", "coordinates": [ [ [ 118.375, -30.125 ], [ 118.375, -30.375 ], [ 118.125, -30.375 ], [ 118.125, -30.625 ], [ 117.875, -30.625 ], [ 117.875, -30.875 ], [ 116.375, -30.875 ], [ 116.375, -30.625 ], [ 115.625, -30.625 ], [ 115.625, -30.375 ], [ 115.375, -30.375 ], [ 115.375, -30.625 ], [ 115.125, -30.625 ], [ 115.125, -30.875 ], [ 114.875, -30.875 ], [ 114.875, -31.125 ], [ 115.125, -31.125 ], [ 115.125, -31.375 ], [ 115.375, -31.375 ], [ 115.375, -33.375 ], [ 115.625, -33.375 ], [ 115.625, -33.125 ], [ 117.875, -33.125 ], [ 117.875, -32.875 ], [ 119.625, -32.875 ], [ 119.625, -32.375 ], [ 119.875, -32.375 ], [ 119.875, -32.125 ], [ 120.375, -32.125 ], [ 120.375, -31.625 ], [ 120.625, -31.625 ], [ 120.625, -31.375 ], [ 120.875, -31.375 ], [ 120.875, -31.125 ], [ 121.625, -31.125 ], [ 121.625, -30.875 ], [ 121.125, -30.875 ], [ 121.125, -30.625 ], [ 120.375, -30.625 ], [ 120.375, -30.375 ], [ 119.625, -30.375 ], [ 119.625, -30.125 ], [ 118.375, -30.125 ] ] ] } },
{ "type": "Feature", "properties": { "cluster_id": 26, "cohesion": 9.3878597748048289, "distances": { "1": 33.31743331578965, "2": 28.68329018018281, "3": 37.96301038377652, "4": 39.71353016008982, "5": 34.62000178707455, "6": 30.075010019008126, "7": 36.30161796289335, "8": 37.38504738633999, "9": 39.53790860933923, "10": 36.375217307395495, "11": 31.840651971620886, "12": 30.852297390025022, "13": 24.843657052439433, "14": 34.66979834286038, "15": 32.98154758425513, "16": 33.79023148557717, "17": 28.935379345989276, "18": 30.898860768045243, "19": 35.77211526504429, "20": 36.20995638239527, "21": 36.33006198198813, "22": 33.896910632240456, "23": 35.36380102104348, "24": 13.052076540307219, "25": 13.325705795875002, "27": 17.36938481083011, "28": 21.43314777271372, "29": 14.237426013304884, "30": 22.38505109371503, "31": 23.919711420387443, "32": 30.877102957408383, "33": 33.03359817958776, "34": 28.015710750380148, "35": 27.44930425809406, "36": 27.81722783547722, "37": 27.76305897861829, "38": 29.592945730723795, "39": 27.373170540647067, "40": 27.385817394964153, "41": 25.49158180435292, "42": 27.03541375896958, "43": 29.7642133590189, "44": 28.989725229304895, "45": 31.423175055343005, "46": 33.94561245513801, "47": 27.871470114263797, "48": 32.78152162061496, "49": 32.13135014645838, "50": 32.851966028850164, "51": 32.12178560701298, "52": 32.49038920848262, "53": 31.402758661309477, "54": 33.10787237895496, "55": 34.50425793016885, "56": 27.313208757728393, "57": 33.3084337477277, "58": 35.35647401228267, "59": 33.388833008592265, "60": 33.50805209330961 } }, "geometry": { "type": "Polygon", "coordinates": [ [ [ 120.875, -31.125 ], [ 120.875, -31.375 ], [ 120.625, -31.375 ], [ 120.625, -31.625 ], [ 120.375, -31.625 ], [ 120.375, -32.125 ], [ 119.875, -32.125 ], [ 119.875, -32.375 ], [ 119.625, -32.375 ], [ 119.625, -32.875 ], [ 117.875, -32.875 ], [ 117.875, -33.125 ], [ 115.625, -33.125 ], [ 115.625, -33.375 ], [ 115.125, -33.375 ], [ 115.125, -33.625 ], [ 114.875, -33.625 ], [ 114.875, -33.875 ], [ 114.625, -33.875 ], [ 114.625, -34.125 ], [ 115.375, -34.125 ], [ 115.375, -34.375 ], [ 115.875, -34.375 ], [ 115.875, -34.125 ], [ 118.125, -34.125 ], [ 118.125, -33.875 ], [ 118.875, -33.875 ], [ 118.875, -33.625 ], [ 119.375, -33.625 ], [ 119.375, -33.375 ], [ 119.875, -33.375 ], [ 119.875, -32.875 ], [ 121.125, -32.875 ], [ 121.125, -33.125 ], [ 121.875, -33.125 ], [ 121.875, -32.875 ], [ 122.375, -32.875 ], [ 122.375, -32.625 ], [ 125.375, -32.625 ], [ 125.375, -32.375 ], [ 125.875, -32.375 ], [ 125.875, -32.125 ], [ 126.375, -32.125 ], [ 126.375, -31.875 ], [ 126.875, -31.875 ], [ 126.875, -31.625 ], [ 125.125, -31.625 ], [ 125.125, -31.875 ], [ 123.625, -31.875 ], [ 123.625, -31.625 ], [ 123.125, -31.625 ], [ 123.125, -31.375 ], [ 121.625, -31.375 ], [ 121.625, -31.125 ], [ 120.875, -31.125 ] ] ] } },
{ "type": "Feature", "properties": { "cluster_id": 27, "cohesion": 6.5547076073281518, "distances": { "1": 43.0253704496918, "2": 36.33401747616533, "3": 48.577409907828645, "4": 49.92052436572203, "5": 43.64164424342401, "6": 37.063107539424216, "7": 43.071606958105406, "8": 45.514512520963955, "9": 48.56883504415753, "10": 42.76147110933456, "11": 40.43695602557071, "12": 36.54396231556264, "13": 30.1877846668315, "14": 35.50412337945063, "15": 36.26745070794967, "16": 34.446376329036006, "17": 27.259768037350828, "18": 25.53395915772726, "19": 34.636559346008404, "20": 36.47449556509212, "21": 35.27042309609828, "22": 28.89348161928971, "23": 32.65076793584202, "24": 24.44854444905957, "25": 14.433990370450504, "26": 17.369384810830113, "28": 12.673802438491228, "29": 13.463243370784621, "30": 18.3939855407122, "31": 13.386822625966014, "32": 27.84654828641477, "33": 28.87144976899791, "34": 20.501735275167565, "35": 17.481439928999908, "36": 23.184354347296484, "37": 26.145883708283787, "38": 25.756120912130072, "39": 20.588417803857258, "40": 29.937729678815227, "41": 29.675455331658576, "42": 32.12043414722166, "43": 33.80957391930842, "44": 34.546022412771265, "45": 36.64175529021097, "46": 39.408593331105365, "47": 34.107891208471166, "48": 39.4033335994948, "49": 33.98983633612378, "50": 31.841787337728118, "51": 34.888532749872745, "52": 32.99182943292825, "53": 35.393780968695566, "54": 34.712459533548504, "55": 39.054417200986364, "56": 29.879812694028043, "57": 35.568427617089874, "58": 39.36170757719129, "59": 34.29773430996873, "60": 33.481769261500105 } }, "geometry": { "type": "Polygon", "coordinates": [ [ [ 123.625, -28.625 ], [ 123.625, -29.125 ], [ 123.875, -29.125 ], [ 123.875, -29.375 ], [ 123.375, -29.375 ], [ 123.375, -29.625 ], [ 122.875, -29.625 ], [ 122.875, -29.875 ], [ 121.625, -29.875 ], [ 121.625, -29.625 ], [ 120.625, -29.625 ], [ 120.625, -29.875 ], [ 120.375, -29.875 ], [ 120.375, -30.625 ], [ 121.125, -30.625 ], [ 121.125, -30.875 ], [ 121.625, -30.875 ], [ 121.625, -31.375 ], [ 123.125, -31.375 ], [ 123.125, -31.125 ], [ 123.375, -31.125 ], [ 123.375, -30.875 ], [ 124.125, -30.875 ], [ 124.125, -31.125 ], [ 124.375, -31.125 ], [ 124.375, -31.375 ], [ 125.625, -31.375 ], [ 125.625, -31.125 ], [ 125.875, -31.125 ], [ 125.875, -30.875 ], [ 127.625, -30.875 ], [ 127.625, -30.375 ], [ 126.875, -30.375 ], [ 126.875, -30.125 ], [ 126.375, -30.125 ], [ 126.375, -29.625 ], [ 126.125, -29.625 ], [ 126.125, -29.375 ], [ 125.875, -29.375 ], [ 125.875, -28.875 ], [ 125.375, -28.875 ], [ 125.375, -28.625 ], [ 123.625, -28.625 ] ] ] } },
{ "type": "Feature", "properties": { "cluster_id": 28, "cohesion": 8.4193387405457081, "distances": { "1": 44.05583528792562, "2": 37.631107335930906, "3": 48.17341292573838, "4": 48.57070058928369, "5": 42.287208014054066, "6": 36.07539648305053, "7": 39.73878409236182, "8": 43.44787496153789, "9": 45.941306604688705, "10": 39.85555900233973, "11": 39.46949386907881, "12": 34.44120440172903, "13": 28.844229706048885, "14": 34.557906193391226, "15": 37.33704560316928, "16": 35.27320650999486, "17": 29.99855335919379, "18": 27.039638004594064, "19": 32.56275187350108, "20": 34.63100944044049, "21": 34.496653317533756, "22": 28.25731673900513, "23": 31.087752946475657, "24": 27.969547763248322, "25": 14.03026865254159, "26": 21.43314777271372, "27": 12.67380243849123, "29": 20.53473822257658, "30": 23.415067519809458, "31": 16.693865929140266, "32": 23.32237840904692, "33": 26.738567452403515, "34": 21.693391534829313, "35": 14.740009651556546, "36": 18.318057338287986, "37": 23.979561483037834, "38": 19.40355934210588, "39": 13.716602151624713, "40": 30.052786567966887, "41": 30.855228621827226, "42": 31.908654918614346, "43": 32.84460617411896, "44": 33.10062128253775, "45": 34.54713940938975, "46": 39.138017419806104, "47": 33.52596648315291, "48": 37.6724716075089, "49": 31.550979466442097, "50": 29.10223285609714, "51": 33.18252227623869, "52": 31.497559364712952, "53": 33.141874766734176, "54": 30.82768989787295, "55": 35.19252617890006, "56": 27.80690081174497, "57": 31.45856097354535, "58": 34.949330039626886, "59": 29.196581508963188, "60": 28.031964916222773 } }, "geometry": { "type": "MultiPolygon", "coordinates": [ [ [ [ 114.375, -29.125 ], [ 114.375, -28.875 ], [ 114.625, -28.875 ], [ 114.625, -29.125 ], [ 114.375, -29.125 ] ] ], [ [ [ 114.875, -29.125 ], [ 114.875, -29.625 ], [ 115.125, -29.625 ], [ 115.125, -30.125 ], [ 115.625, -30.125 ], [ 115.625, -29.875 ], [ 115.875, -29.875 ], [ 115.875, -29.375 ], [ 116.125, -29.375 ], [ 116.125, -29.625 ], [ 116.375, -29.625 ], [ 116.375, -29.375 ], [ 116.625, -29.375 ], [ 116.625, -28.375 ], [ 117.125, -28.375 ], [ 117.125, -28.625 ], [ 117.375, -28.625 ], [ 117.375, -28.875 ], [ 118.125, -28.875 ], [ 118.125, -28.625 ], [ 118.375, -28.625 ], [ 118.375, -28.375 ], [ 118.625, -28.375 ], [ 118.625, -28.125 ], [ 118.875, -28.125 ], [ 118.875, -27.875 ], [ 119.125, -27.875 ], [ 119.125, -27.625 ], [ 119.375, -27.625 ], [ 119.375, -27.125 ], [ 119.625, -27.125 ], [ 119.625, -26.875 ], [ 120.625, -26.875 ], [ 120.625, -26.375 ], [ 121.125, -26.375 ], [ 121.125, -26.125 ], [ 121.625, -26.125 ], [ 121.625, -26.625 ], [ 121.875, -26.625 ], [ 121.875, -26.875 ], [ 122.375, -26.875 ], [ 122.375, -27.125 ], [ 122.125, -27.125 ], [ 122.125, -27.375 ], [ 122.375, -27.375 ], [ 122.375, -27.625 ], [ 122.625, -27.625 ], [ 122.625, -27.875 ], [ 123.625, -27.875 ], [ 123.625, -28.125 ], [ 125.875, -28.125 ], [ 125.875, -28.375 ], [ 126.125, -28.375 ], [ 126.125, -28.625 ], [ 125.875, -28.625 ], [ 125.875, -28.875 ], [ 125.375, -28.875 ], [ 125.375, -28.625 ], [ 123.625, -28.625 ], [ 123.625, -29.125 ], [ 123.875, -29.125 ], [ 123.875, -29.375 ], [ 123.375, -29.375 ], [ 123.375, -29.625 ], [ 122.875, -29.625 ], [ 122.875, -29.875 ], [ 121.625, -29.875 ], [ 121.625, -29.625 ], [ 120.625, -29.625 ], [ 120.625, -29.875 ], [ 120.375, -29.875 ], [ 120.375, -30.375 ], [ 119.625, -30.375 ], [ 119.625, -30.125 ], [ 118.375, -30.125 ], [ 118.375, -30.375 ], [ 118.125, -30.375 ], [ 118.125, -30.625 ], [ 117.875, -30.625 ], [ 117.875, -30.875 ], [ 116.375, -30.875 ], [ 116.375, -30.625 ], [ 115.625, -30.625 ], [ 115.625, -30.375 ], [ 115.375, -30.375 ], [ 115.375, -30.625 ], [ 115.125, -30.625 ], [ 115.125, -30.875 ], [ 114.875, -30.875 ], [ 114.875, -30.625 ], [ 114.625, -30.625 ], [ 114.625, -29.125 ], [ 114.875, -29.125 ] ] ] ] } },
{ "type": "Feature", "properties": { "cluster_id": 29, "cohesion": 7.9503255044167727, "distances": { "1": 36.096894534564186, "2": 30.001911602070017, "3": 42.63911875422553, "4": 44.468368243645315, "5": 38.395399693527594, "6": 32.03535058757383, "7": 39.393405984109506, "8": 40.96648398816414, "9": 44.015615386291195, "10": 38.86840099273341, "11": 35.46430053787487, "12": 32.85365935739155, "13": 27.046099639726314, "14": 32.175190491290216, "15": 30.973310939601255, "16": 30.27482467268187, "17": 22.87379873842512, "18": 24.68799524693512, "19": 32.113133294289945, "20": 33.20117477291845, "21": 32.65323916447472, "22": 28.788633204909925, "23": 31.186941843161193, "24": 17.62438239712667, "25": 17.857216589243674, "26": 14.237426013304884, "27": 13.463243370784621, "28": 20.53473822257658, "30": 13.871648570061089, "31": 17.09955110239792, "32": 28.978203934120256, "33": 28.724904849322424, "34": 21.6151064358313, "35": 23.38059947985852, "36": 25.362494119669712, "37": 24.790189924434728, "38": 28.69156593141409, "39": 26.034457844898693, "40": 25.721667505672787, "41": 24.54538318663036, "42": 26.9834411266487, "43": 29.338005123426043, "44": 29.562237619419268, "45": 32.14664885773794, "46": 34.19183301599686, "47": 29.3543249579886, "48": 34.67056801238163, "49": 30.643356911602506, "50": 30.12403770362511, "51": 30.543002705552198, "52": 29.617923159684647, "53": 31.41968887842527, "54": 32.88222455152655, "55": 36.34700821105093, "56": 26.686528303862445, "57": 33.77513061546748, "58": 37.05242922615211, "59": 33.66533857399762, "60": 33.473139980967616 } }, "geometry": { "type": "Polygon", "coordinates": [ [ [ 123.375, -30.875 ], [ 123.375, -31.125 ], [ 123.125, -31.125 ], [ 123.125, -31.625 ], [ 123.625, -31.625 ], [ 123.625, -31.875 ], [ 125.125, -31.875 ], [ 125.125, -31.625 ], [ 126.875, -31.625 ], [ 126.875, -31.875 ], [ 126.375, -31.875 ], [ 126.375, -32.125 ], [ 125.875, -32.125 ], [ 125.875, -32.375 ], [ 125.625, -32.375 ], [ 125.625, -32.625 ], [ 125.375, -32.625 ], [ 125.375, -32.875 ], [ 125.875, -32.875 ], [ 125.875, -32.625 ], [ 127.375, -32.625 ], [ 127.375, -32.375 ], [ 128.375, -32.375 ], [ 128.375, -32.125 ], [ 128.875, -32.125 ], [ 128.875, -31.625 ], [ 129.375, -31.625 ], [ 129.375, -31.375 ], [ 128.875, -31.375 ], [ 128.875, -31.125 ], [ 127.375, -31.125 ], [ 127.375, -30.875 ], [ 125.875, -30.875 ], [ 125.875, -31.125 ], [ 125.625, -31.125 ], [ 125.625, -31.375 ], [ 124.375, -31.375 ], [ 124.375, -31.125 ], [ 124.125, -31.125 ], [ 124.125, -30.875 ], [ 123.375, -30.875 ] ] ] } },
{ "type": "Feature", "properties": { "cluster_id": 30, "cohesion": 5.2656154376710269, "distances": { "1": 37.781653284246175, "2": 30.92966584921604, "3": 45.54856181255764, "4": 47.47905449571635, "5": 41.2522571246836, "6": 33.80643193358195, "7": 41.2465279943078, "8": 42.71943539311552, "9": 46.92677995998434, "10": 39.54315282524643, "11": 37.485635698365634, "12": 33.5181033289811, "13": 28.53843063169187, "14": 27.503528155976102, "15": 26.844624599326636, "16": 24.04295071731138, "17": 13.627263675397732, "18": 14.994120343839628, "19": 27.876387766864617, "20": 28.8831011314981, "21": 26.468847544987426, "22": 20.9241226772735, "23": 25.433268550617022, "24": 23.932673045570805, "25": 24.296669522170788, "26": 22.38505109371503, "27": 18.3939855407122, "28": 23.415067519809458, "29": 13.871648570061089, "31": 13.769193374667982, "32": 26.861659665280612, "33": 23.746845985975288, "34": 13.66600688333411, "35": 21.000706475862824, "36": 24.47014670519078, "37": 22.7367749976875, "38": 27.590925842350885, "39": 25.711582225569696, "40": 24.210576107389628, "41": 24.147077600955832, "42": 27.215500202484474, "43": 28.811605794907845, "44": 29.86208476907819, "45": 31.734154594115196, "46": 32.30913049945157, "47": 29.425175137199293, "48": 34.790944434715, "49": 29.91802033455975, "50": 27.899294903708736, "51": 28.88846470317795, "52": 26.40869400602091, "53": 31.70831088138913, "54": 32.752187081722596, "55": 37.645709647827786, "56": 26.01007287425264, "57": 32.80437473261254, "58": 37.177828602069695, "59": 32.76486426175441, "60": 31.784286760309932 } }, "geometry": { "type": "Polygon", "coordinates": [ [ [ 128.875, -30.875 ], [ 128.875, -31.375 ], [ 129.375, -31.375 ], [ 129.375, -31.625 ], [ 128.875, -31.625 ], [ 128.875, -32.125 ], [ 129.375, -32.125 ], [ 129.375, -31.875 ], [ 131.625, -31.875 ], [ 131.625, -32.125 ], [ 132.125, -32.125 ], [ 132.125, -31.875 ], [ 133.625, -31.875 ], [ 133.625, -31.125 ], [ 133.125, -31.125 ], [ 133.125, -30.875 ], [ 128.875, -30.875 ] ] ] } },
{ "type": "Feature", "properties": { "cluster_id": 31, "cohesion": 7.439724718392239, "distances": { "1": 44.461116411528806, "2": 37.186305362155565, "3": 50.78501958048963, "4": 51.7988700474748, "5": 44.81198724464528, "6": 37.20392563628799, "7": 42.8183847832991, "8": 46.52408741837602, "9": 49.60076045437535, "10": 43.021898328369836, "11": 41.8662584800516, "12": 37.05128996711743, "13": 31.232077694990853, "14": 32.00350836073283, "15": 34.50822712911006, "16": 30.965633377134136, "17": 22.407082183184148, "18": 18.73491817185192, "19": 28.898789031280845, "20": 31.81700163222901, "21": 30.445863619467627, "22": 21.8532456444986, "23": 26.413953150076185, "24": 28.951111035109932, "25": 21.54426188105933, "26": 23.919711420387443, "27": 13.386822625966014, "28": 16.693865929140266, "29": 17.09955110239792, "30": 13.769193374667982, "32": 23.19017733126959, "33": 22.151196972261232, "34": 12.077487482320297, "35": 12.630169331463142, "36": 22.5904714600329, "37": 24.966369209307015, "38": 24.954875923593324, "39": 20.040907310844563, "40": 28.331864577278573, "41": 29.276778591402532, "42": 31.565127325465056, "43": 32.40563335569375, "44": 33.77458956807212, "45": 35.71607110005286, "46": 38.86009684084005, "47": 34.43656756101567, "48": 39.544099981686585, "49": 30.478227628586136, "50": 26.945921733666673, "51": 32.20342591005571, "52": 29.0774921244996, "53": 33.25242764950221, "54": 31.67792546766171, "55": 37.61898351228103, "56": 29.591841594316232, "57": 34.70841383676087, "58": 37.99212512306738, "59": 31.437840428820504, "60": 31.02107275834396 } }, "geometry": { "type": "Polygon", "coordinates": [ [ [ 130.375, -26.625 ], [ 130.375, -26.875 ], [ 129.875, -26.875 ], [ 129.875, -27.625 ], [ 130.125, -27.625 ], [ 130.125, -27.875 ], [ 129.625, -27.875 ], [ 129.625, -28.125 ], [ 127.125, -28.125 ], [ 127.125, -28.625 ], [ 125.875, -28.625 ], [ 125.875, -29.375 ], [ 126.125, -29.375 ], [ 126.125, -29.625 ], [ 126.375, -29.625 ], [ 126.375, -30.125 ], [ 126.875, -30.125 ], [ 126.875, -30.375 ], [ 127.625, -30.375 ], [ 127.625, -30.875 ], [ 127.375, -30.875 ], [ 127.375, -31.125 ], [ 128.875, -31.125 ], [ 128.875, -30.875 ], [ 132.375, -30.875 ], [ 132.375, -30.625 ], [ 132.125, -30.625 ], [ 132.125, -30.375 ], [ 131.875, -30.375 ], [ 131.875, -30.125 ], [ 131.625, -30.125 ], [ 131.625, -29.875 ], [ 131.375, -29.875 ], [ 131.375, -29.125 ], [ 132.125, -29.125 ], [ 132.125, -28.625 ], [ 131.875, -28.625 ], [ 131.875, -28.125 ], [ 131.375, -28.125 ], [ 131.375, -27.625 ], [ 131.625, -27.625 ], [ 131.625, -26.875 ], [ 130.875, -26.875 ], [ 130.875, -26.625 ], [ 130.375, -26.625 ] ] ] } },
{ "type": "Feature", "properties": { "cluster_id": 32, "cohesion": 9.6441423445208869, "distances": { "1": 42.236100904424816, "2": 36.76517639201582, "3": 45.44712768950652, "4": 44.090023057303874, "5": 37.449651212207044, "6": 31.479601085517672, "7": 29.969140712705507, "8": 37.44507982308315, "9": 38.53716100815063, "10": 32.62678902667104, "11": 36.16675636010043, "12": 29.812973378605633, "13": 27.51865650006738, "14": 28.38431085377903, "15": 35.033452962962194, "16": 31.70113863120732, "17": 29.087040305449964, "18": 25.323350844266557, "19": 21.166242467877588, "20": 25.943052333930186, "21": 27.66747031747964, "22": 21.708648838840244, "23": 21.126752268428547, "24": 33.01590192736574, "25": 27.780063609867735, "26": 30.877102957408383, "27": 27.84654828641477, "28": 23.32237840904692, "29": 28.978203934120256, "30": 26.861659665280612, "31": 23.19017733126959, "33": 15.803292109296365, "34": 21.027437661424415, "35": 17.502415766383915, "36": 21.024658803135097, "37": 23.234268323702054, "38": 18.294937913305695, "39": 18.13652571272346, "40": 27.97035896915805, "41": 31.0222140875356, "42": 30.50000910443529, "43": 28.64599025010958, "44": 28.821450263226524, "45": 28.772052376752768, "46": 35.897454468310066, "47": 31.46547533715789, "48": 33.13675948716938, "49": 20.536565947261288, "50": 16.28910272766131, "51": 26.95670592488368, "52": 25.066942880123452, "53": 23.991948047127813, "54": 16.871689198554492, "55": 22.92366893635863, "56": 24.788462869211283, "57": 24.43008262080956, "58": 22.980124609031833, "59": 14.295277141369127, "60": 16.612460897802173 } }, "geometry": { "type": "Polygon", "coordinates": [ [ [ 133.875, -23.625 ], [ 133.875, -23.875 ], [ 131.875, -23.875 ], [ 131.875, -24.125 ], [ 131.375, -24.125 ], [ 131.375, -23.875 ], [ 130.375, -23.875 ], [ 130.375, -24.125 ], [ 130.125, -24.125 ], [ 130.125, -24.625 ], [ 128.875, -24.625 ], [ 128.875, -24.375 ], [ 126.875, -24.375 ], [ 126.875, -24.625 ], [ 124.625, -24.625 ], [ 124.625, -25.125 ], [ 125.625, -25.125 ], [ 125.625, -25.375 ], [ 125.875, -25.375 ], [ 125.875, -25.625 ], [ 129.875, -25.625 ], [ 129.875, -25.875 ], [ 130.125, -25.875 ], [ 130.125, -25.625 ], [ 130.625, -25.625 ], [ 130.625, -25.875 ], [ 131.375, -25.875 ], [ 131.375, -25.625 ], [ 131.875, -25.625 ], [ 131.875, -25.375 ], [ 132.875, -25.375 ], [ 132.875, -24.875 ], [ 133.375, -24.875 ], [ 133.375, -24.625 ], [ 134.375, -24.625 ], [ 134.375, -24.375 ], [ 134.125, -24.375 ], [ 134.125, -24.125 ], [ 134.375, -24.125 ], [ 134.375, -23.875 ], [ 134.625, -23.875 ], [ 134.625, -23.625 ], [ 133.875, -23.625 ] ] ] } },
{ "type": "Feature", "properties": { "cluster_id": 33, "cohesion": 9.1491458901682599, "distances": { "1": 44.20031290308304, "2": 38.018490056781, "3": 49.95937516274803, "4": 49.54432632970286, "5": 42.60279515192897, "6": 35.14409873767614, "7": 36.65910574496524, "8": 43.12401379713832, "9": 45.23029421910559, "10": 38.16715351878455, "11": 40.6253268293951, "12": 34.36928482719313, "13": 31.859570571699884, "14": 25.31889824480098, "15": 32.40667638950186, "16": 27.61600945464553, "17": 24.236029328038565, "18": 19.65814713188968, "19": 15.071107810267437, "20": 21.745873189161, "21": 22.58215124152374, "22": 14.578183702212927, "23": 14.134463829109416, "24": 34.51513473778998, "25": 31.42577113495564, "26": 33.03359817958776, "27": 28.87144976899791, "28": 26.73856745240352, "29": 28.724904849322428, "30": 23.746845985975284, "31": 22.151196972261232, "32": 15.803292109296363, "34": 16.76708302381881, "35": 19.635873637094598, "36": 23.037741928988396, "37": 23.52114752870397, "38": 23.67752599329611, "39": 22.85900464287521, "40": 27.607015377562337, "41": 31.22900619350549, "42": 31.54463100930932, "43": 29.720132976984488, "44": 30.28889994077644, "45": 30.189685019604475, "46": 35.63356426084922, "47": 32.88289741867799, "48": 35.355787740888125, "49": 20.790396758463206, "50": 13.754878155689875, "51": 25.78874708422504, "52": 22.27672789171246, "53": 26.554176230409386, "54": 21.15954266578963, "55": 29.495267496596227, "56": 26.939791271832643, "57": 29.444569741607264, "58": 30.44102086133914, "59": 22.845018305872316, "60": 24.000577602904553 } }, "geometry": { "type": "MultiPolygon", "coordinates": [ [ [ [ 137.625, -28.875 ], [ 137.625, -29.125 ], [ 137.875, -29.125 ], [ 137.875, -29.375 ], [ 138.125, -29.375 ], [ 138.125, -29.625 ], [ 138.375, -29.625 ], [ 138.375, -29.875 ], [ 137.625, -29.875 ], [ 137.625, -29.625 ], [ 137.375, -29.625 ], [ 137.375, -28.875 ], [ 137.625, -28.875 ] ] ], [ [ [ 134.625, -24.625 ], [ 134.625, -24.875 ], [ 135.625, -24.875 ], [ 135.625, -25.125 ], [ 135.875, -25.125 ], [ 135.875, -25.375 ], [ 136.125, -25.375 ], [ 136.125, -25.625 ], [ 136.625, -25.625 ], [ 136.625, -25.875 ], [ 136.875, -25.875 ], [ 136.875, -26.125 ], [ 137.125, -26.125 ], [ 137.125, -26.625 ], [ 137.375, -26.625 ], [ 137.375, -26.875 ], [ 137.625, -26.875 ], [ 137.625, -27.125 ], [ 137.875, -27.125 ], [ 137.875, -27.375 ], [ 138.375, -27.375 ], [ 138.375, -27.125 ], [ 138.625, -27.125 ], [ 138.625, -27.375 ], [ 139.375, -27.375 ], [ 139.375, -27.125 ], [ 139.875, -27.125 ], [ 139.875, -27.375 ], [ 140.125, -27.375 ], [ 140.125, -27.625 ], [ 140.375, -27.625 ], [ 140.375, -29.125 ], [ 140.625, -29.125 ], [ 140.625, -29.375 ], [ 141.125, -29.375 ], [ 141.125, -29.625 ], [ 140.375, -29.625 ], [ 140.375, -29.375 ], [ 140.125, -29.375 ], [ 140.125, -29.125 ], [ 139.375, -29.125 ], [ 139.375, -29.375 ], [ 138.625, -29.375 ], [ 138.625, -29.125 ], [ 138.375, -29.125 ], [ 138.375, -28.875 ], [ 137.875, -28.875 ], [ 137.875, -28.625 ], [ 137.375, -28.625 ], [ 137.375, -28.375 ], [ 137.125, -28.375 ], [ 137.125, -28.625 ], [ 136.875, -28.625 ], [ 136.875, -28.375 ], [ 136.625, -28.375 ], [ 136.625, -28.125 ], [ 135.875, -28.125 ], [ 135.875, -27.625 ], [ 135.375, -27.625 ], [ 135.375, -27.375 ], [ 134.125, -27.375 ], [ 134.125, -27.125 ], [ 133.875, -27.125 ], [ 133.875, -26.875 ], [ 134.375, -26.875 ], [ 134.375, -26.375 ], [ 134.125, -26.375 ], [ 134.125, -26.125 ], [ 133.875, -26.125 ], [ 133.875, -26.375 ], [ 133.125, -26.375 ], [ 133.125, -26.625 ], [ 132.625, -26.625 ], [ 132.625, -26.375 ], [ 131.375, -26.375 ], [ 131.375, -26.125 ], [ 130.375, -26.125 ], [ 130.375, -25.875 ], [ 131.375, -25.875 ], [ 131.375, -25.625 ], [ 131.875, -25.625 ], [ 131.875, -25.375 ], [ 132.875, -25.375 ], [ 132.875, -24.875 ], [ 133.375, -24.875 ], [ 133.375, -24.625 ], [ 134.625, -24.625 ] ] ] ] } },
{ "type": "Feature", "properties": { "cluster_id": 34, "cohesion": 6.6791156884839795, "distances": { "1": 43.35329606014714, "2": 36.22945415657657, "3": 50.34473944784572, "4": 51.280435655475884, "5": 44.52947033455308, "6": 36.64656923672885, "7": 41.81953291094794, "8": 45.467882076348964, "9": 49.07494323030862, "10": 41.22890725923012, "11": 41.26979048753343, "12": 35.86150834789727, "13": 31.37157380720648, "14": 27.61187786047976, "15": 30.780759365840623, "16": 26.10241148528786, "17": 17.72143618082398, "18": 12.221266094260269, "19": 24.52972633675619, "20": 27.584887692305923, "21": 25.058872343882904, "22": 14.382308284351252, "23": 20.9088888280556, "24": 30.907770367064945, "25": 26.443186352294877, "26": 28.015710750380148, "27": 20.501735275167565, "28": 21.69339153482931, "29": 21.6151064358313, "30": 13.666006883334111, "31": 12.077487482320294, "32": 21.02743766142442, "33": 16.76708302381881, "35": 14.923165823244137, "36": 22.215634462626365, "37": 22.62734440953302, "38": 24.052061049382484, "39": 21.256503648635373, "40": 26.78529676238645, "41": 28.635756379421903, "42": 30.942996408524042, "43": 30.8893137924297, "44": 32.402299502032804, "45": 33.44846655119407, "46": 35.81796666628157, "47": 32.72416057387651, "48": 37.41274688980904, "49": 28.527038774068142, "50": 23.943231828670765, "51": 29.836876482943826, "52": 25.916043957055646, "53": 31.839257705925, "54": 29.905827712089106, "55": 36.54566584493544, "56": 27.33700909674667, "57": 32.20032881736632, "58": 36.012048765850274, "59": 29.291498810080817, "60": 28.39149893303253 } }, "geometry": { "type": "Polygon", "coordinates": [ [ [ 133.875, -26.125 ], [ 133.875, -26.375 ], [ 133.125, -26.375 ], [ 133.125, -26.625 ], [ 132.625, -26.625 ], [ 132.625, -26.375 ], [ 131.875, -26.375 ], [ 131.875, -26.875 ], [ 131.625, -26.875 ], [ 131.625, -27.625 ], [ 131.375, -27.625 ], [ 131.375, -28.125 ], [ 131.875, -28.125 ], [ 131.875, -28.625 ], [ 132.125, -28.625 ], [ 132.125, -29.125 ], [ 131.375, -29.125 ], [ 131.375, -29.875 ], [ 131.625, -29.875 ], [ 131.625, -30.125 ], [ 131.875, -30.125 ], [ 131.875, -30.375 ], [ 132.125, -30.375 ], [ 132.125, -30.625 ], [ 132.375, -30.625 ], [ 132.375, -30.875 ], [ 132.875, -30.875 ], [ 132.875, -30.625 ], [ 133.125, -30.625 ], [ 133.125, -30.375 ], [ 133.375, -30.375 ], [ 133.375, -30.125 ], [ 133.875, -30.125 ], [ 133.875, -29.375 ], [ 134.125, -29.375 ], [ 134.125, -28.625 ], [ 134.375, -28.625 ], [ 134.375, -27.875 ], [ 134.625, -27.875 ], [ 134.625, -27.375 ], [ 134.125, -27.375 ], [ 134.125, -27.125 ], [ 133.875, -27.125 ], [ 133.875, -26.875 ], [ 134.375, -26.875 ], [ 134.375, -26.375 ], [ 134.125, -26.375 ], [ 134.125, -26.125 ], [ 133.875, -26.125 ] ] ] } },
{ "type": "Feature", "properties": { "cluster_id": 35, "cohesion": 8.0616672403098484, "distances": { "1": 46.04452230523563, "2": 39.22266006957262, "3": 50.86632103687586, "4": 51.0121658307124, "5": 44.25214135816691, "6": 37.225755649808896, "7": 40.042876168869235, "8": 44.92904374591038, "9": 47.568288959163596, "10": 40.65549986208638, "11": 41.41968620336514, "12": 35.518024332297585, "13": 30.556401587879467, "14": 31.101217772646176, "15": 35.93180363812108, "16": 32.08895487989488, "17": 26.344966828512813, "18": 21.12747484234841, "19": 27.05275177942214, "20": 30.487311189849535, "21": 29.635538179125938, "22": 20.962335411830924, "23": 24.4970578920153, "24": 32.39489382642073, "25": 22.570118360613623, "26": 27.44930425809407, "27": 17.481439928999908, "28": 14.740009651556546, "29": 23.380599479858525, "30": 21.00070647586282, "31": 12.630169331463142, "32": 17.502415766383915, "33": 19.635873637094598, "34": 14.923165823244133, "36": 19.641164292725783, "37": 23.94812719457658, "38": 19.4740997094124, "39": 14.133369214618003, "40": 29.767213118716015, "41": 31.69248049959352, "42": 32.70828731834574, "43": 32.74756585287094, "44": 33.42417676844418, "45": 34.33107967551609, "46": 38.94812387494432, "47": 34.371580313334746, "48": 38.29907097901864, "49": 28.788927796840497, "50": 24.358271791346606, "51": 31.608302285167344, "52": 28.81031183836439, "53": 31.964481974790797, "54": 28.00986034209434, "55": 34.163274818887544, "56": 28.42335127852344, "57": 31.155939756649303, "58": 33.84715275415897, "59": 25.960017757980154, "60": 25.36026755297312 } }, "geometry": { "type": "Polygon", "coordinates": [ [ [ 127.375, -25.625 ], [ 127.375, -25.875 ], [ 127.625, -25.875 ], [ 127.625, -26.125 ], [ 126.875, -26.125 ], [ 126.875, -26.375 ], [ 126.375, -26.375 ], [ 126.375, -26.125 ], [ 125.875, -26.125 ], [ 125.875, -26.375 ], [ 125.375, -26.375 ], [ 125.375, -26.625 ], [ 124.375, -26.625 ], [ 124.375, -26.875 ], [ 123.875, -26.875 ], [ 123.875, -27.125 ], [ 123.125, -27.125 ], [ 123.125, -26.875 ], [ 122.375, -26.875 ], [ 122.375, -27.125 ], [ 122.125, -27.125 ], [ 122.125, -27.375 ], [ 122.375, -27.375 ], [ 122.375, -27.625 ], [ 122.625, -27.625 ], [ 122.625, -27.875 ], [ 123.625, -27.875 ], [ 123.625, -28.125 ], [ 125.875, -28.125 ], [ 125.875, -28.375 ], [ 126.125, -28.375 ], [ 126.125, -28.625 ], [ 127.125, -28.625 ], [ 127.125, -28.125 ], [ 129.625, -28.125 ], [ 129.625, -27.875 ], [ 130.125, -27.875 ], [ 130.125, -27.625 ], [ 129.875, -27.625 ], [ 129.875, -26.875 ], [ 130.375, -26.875 ], [ 130.375, -26.625 ], [ 130.875, -26.625 ], [ 130.875, -26.875 ], [ 131.875, -26.875 ], [ 131.875, -26.375 ], [ 131.375, -26.375 ], [ 131.375, -26.125 ], [ 130.375, -26.125 ], [ 130.375, -25.875 ], [ 130.625, -25.875 ], [ 130.625, -25.625 ], [ 130.125, -25.625 ], [ 130.125, -25.875 ], [ 129.875, -25.875 ], [ 129.875, -25.625 ], [ 127.375, -25.625 ] ] ] } },
{ "type": "Feature", "properties": { "cluster_id": 36, "cohesion": 6.7077737110313507, "distances": { "1": 40.2192394919009, "2": 33.996399238273476, "3": 44.80034135994982, "4": 44.816702429137386, "5": 38.71684589703142, "6": 32.154981228173206, "7": 35.549701163530116, "8": 38.8861589002377, "9": 42.222299226492076, "10": 33.44423371132832, "11": 35.91494565916976, "12": 29.003166535459997, "13": 26.205946702575595, "14": 28.249684300387322, "15": 31.727481664473512, "16": 29.987184834968073, "17": 27.13576846920262, "18": 25.514432805032648, "19": 26.322626837602805, "20": 27.024939823938467, "21": 28.55767468149648, "22": 25.190315391567545, "23": 26.46558445982187, "24": 30.435227309976142, "25": 23.39675433154973, "26": 27.817227835477222, "27": 23.184354347296484, "28": 18.318057338287982, "29": 25.362494119669716, "30": 24.470146705190782, "31": 22.590471460032898, "32": 21.024658803135097, "33": 23.037741928988396, "34": 22.21563446262636, "35": 19.641164292725783, "37": 12.901355439724217, "38": 13.868465790872484, "39": 14.504418238117777, "40": 24.728372124153275, "41": 26.81407351169514, "42": 26.2597962821533, "43": 26.675779951666303, "44": 26.39546840461886, "45": 27.38368639089131, "46": 32.67893047282163, "47": 28.57060925396909, "48": 31.1923768860137, "49": 26.345343910188763, "50": 24.52035053958614, "51": 25.419699836516955, "52": 23.756825734877243, "53": 28.157846405897423, "54": 26.64908052185784, "55": 31.352478225460967, "56": 19.432369532841165, "57": 23.3260902481121, "58": 29.368254764436475, "59": 24.702007055762795, "60": 21.612583270975303 } }, "geometry": { "type": "Polygon", "coordinates": [ [ [ 113.125, -24.375 ], [ 113.125, -24.875 ], [ 113.375, -24.875 ], [ 113.375, -25.375 ], [ 113.625, -25.375 ], [ 113.625, -25.875 ], [ 113.875, -25.875 ], [ 113.875, -26.125 ], [ 113.625, -26.125 ], [ 113.625, -26.375 ], [ 113.375, -26.375 ], [ 113.375, -27.125 ], [ 113.625, -27.125 ], [ 113.625, -27.875 ], [ 113.875, -27.875 ], [ 113.875, -28.125 ], [ 115.375, -28.125 ], [ 115.375, -27.875 ], [ 116.625, -27.875 ], [ 116.625, -26.625 ], [ 116.375, -26.625 ], [ 116.375, -25.875 ], [ 116.125, -25.875 ], [ 116.125, -25.625 ], [ 115.875, -25.625 ], [ 115.875, -25.375 ], [ 115.625, -25.375 ], [ 115.625, -25.625 ], [ 115.125, -25.625 ], [ 115.125, -25.375 ], [ 114.625, -25.375 ], [ 114.625, -25.125 ], [ 114.375, -25.125 ], [ 114.375, -24.875 ], [ 113.875, -24.875 ], [ 113.875, -24.625 ], [ 113.625, -24.625 ], [ 113.625, -24.375 ], [ 113.125, -24.375 ] ] ] } },
{ "type": "Feature", "properties": { "cluster_id": 37, "cohesion": 8.1167894613009128, "distances": { "1": 35.056653363621486, "2": 29.46697630740241, "3": 40.758113642614354, "4": 41.34927676632614, "5": 36.03357415428322, "6": 29.670583011289303, "7": 34.05068721590538, "8": 35.20857959571272, "9": 40.01738923131415, "10": 29.502768527171053, "11": 32.321005236340035, "12": 25.39554149258402, "13": 24.434392575867253, "14": 24.76749588568108, "15": 26.372811253634076, "16": 25.272118674249004, "17": 23.180942275385256, "18": 23.530229759063776, "19": 25.6013532909473, "20": 25.268859714684336, "21": 25.444591144801308, "22": 23.84678658614757, "23": 25.466773838207605, "24": 27.657684523454826, "25": 26.830937018037453, "26": 27.763058978618293, "27": 26.145883708283787, "28": 23.979561483037834, "29": 24.790189924434728, "30": 22.736774997687498, "31": 24.96636920930701, "32": 23.234268323702047, "33": 23.52114752870397, "34": 22.627344409533013, "35": 23.948127194576575, "36": 12.901355439724218, "38": 16.002858240375282, "39": 20.460875519850525, "40": 22.42688842098842, "41": 24.27525910970071, "42": 24.891775090826297, "43": 24.746099031863857, "44": 24.60960379185083, "45": 24.77258837878314, "46": 27.595179027493398, "47": 24.96179338398738, "48": 27.51937536788488, "49": 26.14264475422572, "50": 25.192619109407683, "51": 24.258119830610735, "52": 22.68403734313099, "53": 27.0190035545968, "54": 27.446755284273834, "55": 31.355606517344615, "56": 12.819541141435856, "57": 19.63566907558638, "58": 27.97467661748584, "59": 25.163674193203597, "60": 21.19475918692246 } }, "geometry": { "type": "Polygon", "coordinates": [ [ [ 115.875, -20.625 ], [ 115.875, -20.875 ], [ 115.625, -20.875 ], [ 115.625, -21.125 ], [ 115.125, -21.125 ], [ 115.125, -21.375 ], [ 114.625, -21.375 ], [ 114.625, -21.625 ], [ 114.375, -21.625 ], [ 114.375, -21.875 ], [ 113.875, -21.875 ], [ 113.875, -22.125 ], [ 113.625, -22.125 ], [ 113.625, -22.375 ], [ 113.375, -22.375 ], [ 113.375, -23.625 ], [ 113.125, -23.625 ], [ 113.125, -24.375 ], [ 113.625, -24.375 ], [ 113.625, -24.625 ], [ 113.875, -24.625 ], [ 113.875, -24.875 ], [ 114.375, -24.875 ], [ 114.375, -25.125 ], [ 114.625, -25.125 ], [ 114.625, -25.375 ], [ 115.125, -25.375 ], [ 115.125, -25.625 ], [ 115.625, -25.625 ], [ 115.625, -25.375 ], [ 115.875, -25.375 ], [ 115.875, -25.625 ], [ 116.375, -25.625 ], [ 116.375, -25.375 ], [ 116.625, -25.375 ], [ 116.625, -25.125 ], [ 116.875, -25.125 ], [ 116.875, -24.625 ], [ 117.625, -24.625 ], [ 117.625, -24.375 ], [ 117.875, -24.375 ], [ 117.875, -24.125 ], [ 118.125, -24.125 ], [ 118.125, -23.875 ], [ 117.875, -23.875 ], [ 117.875, -23.625 ], [ 117.625, -23.625 ], [ 117.625, -23.375 ], [ 117.375, -23.375 ], [ 117.375, -22.875 ], [ 117.125, -22.875 ], [ 117.125, -22.625 ], [ 116.625, -22.625 ], [ 116.625, -22.375 ], [ 116.375, -22.375 ], [ 116.375, -22.125 ], [ 116.125, -22.125 ], [ 116.125, -21.125 ], [ 116.375, -21.125 ], [ 116.375, -20.625 ], [ 115.875, -20.625 ] ] ] } },
{ "type": "Feature", "properties": { "cluster_id": 38, "cohesion": 8.10687343078129, "distances": { "1": 40.43808361313947, "2": 35.232128365940135, "3": 43.438659890635385, "4": 42.941724063832986, "5": 37.97023780879841, "6": 32.675412579764995, "7": 32.945778204311004, "8": 35.73436282819945, "9": 39.764715021364744, "10": 29.695021651303065, "11": 34.22362247806292, "12": 26.508819488582528, "13": 25.28050613985571, "14": 28.5511061172665, "15": 32.73042690888417, "16": 30.64587422845393, "17": 28.934659593527694, "18": 26.36818854961808, "19": 28.00378650242525, "20": 29.19133224652145, "21": 28.88415454970292, "22": 25.050153783088017, "23": 26.75374393337845, "24": 31.73059209726941, "25": 25.066634664950143, "26": 29.592945730723784, "27": 25.756120912130076, "28": 19.40355934210588, "29": 28.69156593141409, "30": 27.59092584235088, "31": 24.954875923593328, "32": 18.294937913305695, "33": 23.67752599329611, "34": 24.052061049382484, "35": 19.474099709412403, "36": 13.868465790872486, "37": 16.002858240375282, "39": 13.374753869091196, "40": 28.09278236720025, "41": 30.36194572336022, "42": 30.592240420895862, "43": 29.589987669169577, "44": 29.29932961225925, "45": 28.5131878688934, "46": 32.9663770966124, "47": 29.28645663707303, "48": 31.05659395713616, "49": 28.031581093936182, "50": 25.61114166398888, "51": 29.188236786140717, "52": 27.814468818426135, "53": 29.09021704456895, "54": 25.76084317349752, "55": 29.337310941055932, "56": 18.29398955355745, "57": 18.065140121835064, "58": 24.818220076810853, "59": 19.910827127424298, "60": 14.890800334362291 } }, "geometry": { "type": "Polygon", "coordinates": [ [ [ 119.125, -23.125 ], [ 119.125, -24.125 ], [ 117.875, -24.125 ], [ 117.875, -24.375 ], [ 117.625, -24.375 ], [ 117.625, -24.625 ], [ 116.875, -24.625 ], [ 116.875, -25.125 ], [ 116.625, -25.125 ], [ 116.625, -25.375 ], [ 116.375, -25.375 ], [ 116.375, -25.625 ], [ 116.125, -25.625 ], [ 116.125, -25.875 ], [ 116.375, -25.875 ], [ 116.375, -26.625 ], [ 116.625, -26.625 ], [ 116.625, -26.875 ], [ 117.375, -26.875 ], [ 117.375, -26.625 ], [ 117.625, -26.625 ], [ 117.625, -26.375 ], [ 118.125, -26.375 ], [ 118.125, -26.625 ], [ 118.375, -26.625 ], [ 118.375, -26.875 ], [ 118.875, -26.875 ], [ 118.875, -26.625 ], [ 119.375, -26.625 ], [ 119.375, -26.375 ], [ 119.625, -26.375 ], [ 119.625, -26.125 ], [ 120.375, -26.125 ], [ 120.375, -25.625 ], [ 120.625, -25.625 ], [ 120.625, -25.375 ], [ 120.875, -25.375 ], [ 120.875, -25.125 ], [ 122.875, -25.125 ], [ 122.875, -24.875 ], [ 124.625, -24.875 ], [ 124.625, -24.375 ], [ 123.125, -24.375 ], [ 123.125, -23.875 ], [ 121.875, -23.875 ], [ 121.875, -23.625 ], [ 121.625, -23.625 ], [ 121.625, -23.375 ], [ 121.125, -23.375 ], [ 121.125, -23.625 ], [ 120.125, -23.625 ], [ 120.125, -23.125 ], [ 119.125, -23.125 ] ] ] } },
{ "type": "Feature", "properties": { "cluster_id": 39, "cohesion": 10.311834210700781, "distances": { "1": 43.926329450547875, "2": 37.80885038289185, "3": 47.53956327281968, "4": 47.28562241379705, "5": 41.24860422941953, "6": 35.15326758901029, "7": 36.79256784834113, "8": 41.05477840816409, "9": 43.846114683601115, "10": 36.14782954812199, "11": 38.31099358041351, "12": 31.78059219199521, "13": 27.985833984477814, "14": 31.067193532448215, "15": 35.588302119223755, "16": 32.92480594965252, "17": 29.39623792944573, "18": 25.626705282442224, "19": 28.57212755474372, "20": 30.74408598136863, "21": 30.755165614504516, "22": 24.76333895901029, "23": 27.031397169348143, "24": 31.77952610957098, "25": 20.886965163753693, "26": 27.373170540647067, "27": 20.588417803857258, "28": 13.716602151624711, "29": 26.034457844898693, "30": 25.71158222556969, "31": 20.04090731084456, "32": 18.136525712723465, "33": 22.859004642875213, "34": 21.25650364863537, "35": 14.133369214618003, "36": 14.504418238117777, "37": 20.46087551985052, "38": 13.374753869091197, "40": 29.255157426269125, "41": 31.197265206424586, "42": 31.36825679727416, "43": 31.317839258437942, "44": 31.262751035311037, "45": 31.655219946949355, "46": 36.8420275497658, "47": 32.08794984380896, "48": 35.04832659063742, "49": 28.74911561857185, "50": 25.573002784568633, "51": 30.519711594211675, "52": 28.685427944336713, "53": 30.805123055168497, "54": 27.075773936782983, "55": 31.88073316248404, "56": 24.460559172109352, "57": 26.02390060673214, "58": 30.08857953766102, "59": 23.48728580471472, "60": 21.094830744634013 } }, "geometry": { "type": "Polygon", "coordinates": [ [ [ 122.875, -24.875 ], [ 122.875, -25.125 ], [ 120.875, -25.125 ], [ 120.875, -25.375 ], [ 120.625, -25.375 ], [ 120.625, -25.625 ], [ 120.375, -25.625 ], [ 120.375, -26.125 ], [ 119.625, -26.125 ], [ 119.625, -26.375 ], [ 119.375, -26.375 ], [ 119.375, -26.625 ], [ 118.875, -26.625 ], [ 118.875, -26.875 ], [ 118.375, -26.875 ], [ 118.375, -26.625 ], [ 118.125, -26.625 ], [ 118.125, -26.375 ], [ 117.625, -26.375 ], [ 117.625, -26.625 ], [ 117.375, -26.625 ], [ 117.375, -26.875 ], [ 116.625, -26.875 ], [ 116.625, -27.875 ], [ 115.375, -27.875 ], [ 115.375, -28.125 ], [ 114.125, -28.125 ], [ 114.125, -28.625 ], [ 114.375, -28.625 ], [ 114.375, -28.875 ], [ 114.625, -28.875 ], [ 114.625, -29.125 ], [ 114.875, -29.125 ], [ 114.875, -29.625 ], [ 115.125, -29.625 ], [ 115.125, -30.125 ], [ 115.625, -30.125 ], [ 115.625, -29.875 ], [ 115.875, -29.875 ], [ 115.875, -29.375 ], [ 116.125, -29.375 ], [ 116.125, -29.625 ], [ 116.375, -29.625 ], [ 116.375, -29.375 ], [ 116.625, -29.375 ], [ 116.625, -28.375 ], [ 117.125, -28.375 ], [ 117.125, -28.625 ], [ 117.375, -28.625 ], [ 117.375, -28.875 ], [ 118.125, -28.875 ], [ 118.125, -28.625 ], [ 118.375, -28.625 ], [ 118.375, -28.375 ], [ 118.625, -28.375 ], [ 118.625, -28.125 ], [ 118.875, -28.125 ], [ 118.875, -27.875 ], [ 119.125, -27.875 ], [ 119.125, -27.625 ], [ 119.375, -27.625 ], [ 119.375, -27.125 ], [ 119.625, -27.125 ], [ 119.625, -26.875 ], [ 120.625, -26.875 ], [ 120.625, -26.375 ], [ 121.125, -26.375 ], [ 121.125, -26.125 ], [ 121.625, -26.125 ], [ 121.625, -26.625 ], [ 121.875, -26.625 ], [ 121.875, -26.875 ], [ 123.125, -26.875 ], [ 123.125, -27.125 ], [ 123.875, -27.125 ], [ 123.875, -26.875 ], [ 124.375, -26.875 ], [ 124.375, -26.625 ], [ 125.375, -26.625 ], [ 125.375, -26.375 ], [ 125.875, -26.375 ], [ 125.875, -26.125 ], [ 126.375, -26.125 ], [ 126.375, -26.375 ], [ 126.875, -26.375 ], [ 126.875, -26.125 ], [ 127.625, -26.125 ], [ 127.625, -25.875 ], [ 127.375, -25.875 ], [ 127.375, -25.625 ], [ 125.875, -25.625 ], [ 125.875, -25.375 ], [ 125.625, -25.375 ], [ 125.625, -25.125 ], [ 124.625, -25.125 ], [ 124.625, -24.875 ], [ 122.875, -24.875 ] ] ] } },
{ "type": "Feature", "properties": { "cluster_id": 40, "cohesion": 8.4063454065380139, "distances": { "1": 28.163243571311234, "2": 20.804084485565433, "3": 35.16836782301341, "4": 36.0461205100077, "5": 28.04147260439481, "6": 19.37415794318051, "7": 30.95033216222448, "8": 32.79625982381021, "9": 35.63356850231748, "10": 30.84460515086452, "11": 28.33404018073526, "12": 25.891203702031202, "13": 22.73035039205073, "14": 28.73823098540748, "15": 28.240640709314356, "16": 28.6117354319786, "17": 25.58757071929047, "18": 28.39762761137044, "19": 26.28544323706171, "20": 25.355271987192623, "21": 29.638159081933658, "22": 29.70515901509906, "23": 29.32485376290439, "24": 26.37003327129807, "25": 28.73291749684914, "26": 27.385817394964153, "27": 29.93772967881523, "28": 30.05278656796689, "29": 25.721667505672787, "30": 24.210576107389635, "31": 28.33186457727858, "32": 27.970358969158045, "33": 27.60701537756233, "34": 26.78529676238645, "35": 29.767213118716022, "36": 24.728372124153275, "37": 22.426888420988423, "38": 28.09278236720025, "39": 29.255157426269125, "41": 12.422535545362807, "42": 16.322976416393143, "43": 13.071685891282884, "44": 20.334872274187738, "45": 24.7594995965402, "46": 29.7311173832621, "47": 26.417398425033177, "48": 29.008258355937485, "49": 23.579534025112594, "50": 26.27196795393997, "51": 21.174926866557133, "52": 17.59367745420075, "53": 21.22849555233581, "54": 27.48585718539616, "55": 29.308709320063482, "56": 22.592879823849216, "57": 28.11630849266009, "58": 29.70248096021697, "59": 28.652929334886863, "60": 28.85275925394233 } }, "geometry": { "type": "MultiPolygon", "coordinates": [ [ [ [ 150.375, -23.625 ], [ 150.375, -23.875 ], [ 150.625, -23.875 ], [ 150.625, -24.375 ], [ 150.375, -24.375 ], [ 150.375, -24.125 ], [ 150.125, -24.125 ], [ 150.125, -23.625 ], [ 150.375, -23.625 ] ] ], [ [ [ 149.875, -23.625 ], [ 149.875, -23.375 ], [ 149.125, -23.375 ], [ 149.125, -23.625 ], [ 147.875, -23.625 ], [ 147.875, -24.125 ], [ 147.375, -24.125 ], [ 147.375, -23.875 ], [ 147.125, -23.875 ], [ 147.125, -23.375 ], [ 146.875, -23.375 ], [ 146.875, -22.875 ], [ 146.625, -22.875 ], [ 146.625, -22.625 ], [ 146.375, -22.625 ], [ 146.375, -22.875 ], [ 146.125, -22.875 ], [ 146.125, -23.625 ], [ 146.375, -23.625 ], [ 146.375, -24.125 ], [ 145.625, -24.125 ], [ 145.625, -23.875 ], [ 145.125, -23.875 ], [ 145.125, -23.625 ], [ 144.875, -23.625 ], [ 144.875, -23.375 ], [ 144.625, -23.375 ], [ 144.625, -23.125 ], [ 143.875, -23.125 ], [ 143.875, -22.375 ], [ 143.625, -22.375 ], [ 143.625, -21.625 ], [ 143.875, -21.625 ], [ 143.875, -21.375 ], [ 144.375, -21.375 ], [ 144.375, -21.625 ], [ 144.875, -21.625 ], [ 144.875, -21.125 ], [ 144.625, -21.125 ], [ 144.625, -19.875 ], [ 146.125, -19.875 ], [ 146.125, -19.375 ], [ 146.625, -19.375 ], [ 146.625, -19.625 ], [ 146.875, -19.625 ], [ 146.875, -19.875 ], [ 147.125, -19.875 ], [ 147.125, -20.125 ], [ 147.375, -20.125 ], [ 147.375, -20.375 ], [ 147.625, -20.375 ], [ 147.625, -20.625 ], [ 147.875, -20.625 ], [ 147.875, -21.375 ], [ 148.875, -21.375 ], [ 148.875, -21.625 ], [ 149.125, -21.625 ], [ 149.125, -21.875 ], [ 149.625, -21.875 ], [ 149.625, -22.125 ], [ 149.875, -22.125 ], [ 149.875, -22.375 ], [ 150.125, -22.375 ], [ 150.125, -22.625 ], [ 150.375, -22.625 ], [ 150.375, -23.375 ], [ 150.125, -23.375 ], [ 150.125, -23.625 ], [ 149.875, -23.625 ] ] ] ] } },
{ "type": "Feature", "properties": { "cluster_id": 41, "cohesion": 9.6042127334415746, "distances": { "1": 24.021605192094587, "2": 16.638202219733365, "3": 32.64811600476694, "4": 34.97059004495443, "5": 27.656079902727125, "6": 20.310544031836276, "7": 32.30983225151964, "8": 32.84213883468814, "9": 35.7043930447887, "10": 31.589775914192728, "11": 26.984352303711002, "12": 26.5024455918478, "13": 22.04552246980972, "14": 30.592081170988934, "15": 27.74596784653741, "16": 29.3347175260231, "17": 25.94306334471232, "18": 29.992251427151388, "19": 30.572137390466246, "20": 29.418892586582952, "21": 32.153071512052676, "22": 32.49148620514659, "23": 32.741489423077226, "24": 23.819964814614234, "25": 27.850792103274625, "26": 25.491581804352915, "27": 29.67545533165857, "28": 30.855228621827226, "29": 24.545383186630357, "30": 24.147077600955832, "31": 29.27677859140253, "32": 31.0222140875356, "33": 31.229006193505494, "34": 28.6357563794219, "35": 31.69248049959352, "36": 26.81407351169514, "37": 24.27525910970071, "38": 30.361945723360215, "39": 31.197265206424586, "40": 12.422535545362805, "42": 15.723742735715646, "43": 17.203719881408926, "44": 21.603245993950047, "45": 26.363257412279662, "46": 29.027906759792714, "47": 24.836121606311092, "48": 29.02332920529737, "49": 27.010831795247164, "50": 29.990324090104256, "51": 24.369635638309227, "52": 22.659582731153016, "53": 24.50231516827761, "54": 30.66539195124773, "55": 31.559760902776894, "56": 23.806496659961283, "57": 29.84904209536332, "58": 31.994308572865485, "59": 31.592944803881476, "60": 31.398282629586028 } }, "geometry": { "type": "MultiPolygon", "coordinates": [ [ [ [ 150.625, -22.375 ], [ 150.875, -22.375 ], [ 150.875, -22.625 ], [ 151.125, -22.625 ], [ 151.125, -23.375 ], [ 151.375, -23.375 ], [ 151.375, -23.625 ], [ 151.875, -23.625 ], [ 151.875, -23.875 ], [ 152.125, -23.875 ], [ 152.125, -24.125 ], [ 152.375, -24.125 ], [ 152.375, -24.375 ], [ 151.625, -24.375 ], [ 151.625, -24.125 ], [ 150.875, -24.125 ], [ 150.875, -24.625 ], [ 150.625, -24.625 ], [ 150.625, -23.875 ], [ 150.375, -23.875 ], [ 150.375, -23.625 ], [ 150.125, -23.625 ], [ 150.125, -23.375 ], [ 150.375, -23.375 ], [ 150.375, -22.625 ], [ 150.125, -22.625 ], [ 150.125, -22.375 ], [ 149.875, -22.375 ], [ 149.875, -22.125 ], [ 150.625, -22.125 ], [ 150.625, -22.375 ] ] ], [ [ [ 149.625, -21.875 ], [ 149.125, -21.875 ], [ 149.125, -21.625 ], [ 148.875, -21.625 ], [ 148.875, -21.375 ], [ 147.875, -21.375 ], [ 147.875, -20.625 ], [ 147.625, -20.625 ], [ 147.625, -20.375 ], [ 148.125, -20.375 ], [ 148.125, -20.625 ], [ 148.375, -20.625 ], [ 148.375, -20.375 ], [ 148.625, -20.375 ], [ 148.625, -20.625 ], [ 148.875, -20.625 ], [ 148.875, -20.875 ], [ 149.375, -20.875 ], [ 149.375, -21.125 ], [ 149.625, -21.125 ], [ 149.625, -21.625 ], [ 149.875, -21.625 ], [ 149.875, -22.125 ], [ 149.625, -22.125 ], [ 149.625, -21.875 ] ] ], [ [ [ 144.125, -19.875 ], [ 144.625, -19.875 ], [ 144.625, -21.125 ], [ 144.875, -21.125 ], [ 144.875, -21.625 ], [ 144.375, -21.625 ], [ 144.375, -20.875 ], [ 144.125, -20.875 ], [ 144.125, -20.625 ], [ 143.875, -20.625 ], [ 143.875, -20.375 ], [ 143.625, -20.375 ], [ 143.625, -19.625 ], [ 144.125, -19.625 ], [ 144.125, -19.875 ] ] ], [ [ [ 147.375, -20.375 ], [ 147.375, -20.125 ], [ 147.625, -20.125 ], [ 147.625, -20.375 ], [ 147.375, -20.375 ] ] ], [ [ [ 146.875, -19.875 ], [ 146.875, -19.625 ], [ 146.625, -19.625 ], [ 146.625, -19.375 ], [ 146.125, -19.375 ], [ 146.125, -19.875 ], [ 145.875, -19.875 ], [ 145.875, -19.625 ], [ 145.625, -19.625 ], [ 145.625, -19.375 ], [ 145.375, -19.375 ], [ 145.375, -19.125 ], [ 145.125, -19.125 ], [ 145.125, -18.375 ], [ 145.375, -18.375 ], [ 145.375, -18.625 ], [ 145.875, -18.625 ], [ 145.875, -18.875 ], [ 146.125, -18.875 ], [ 146.125, -19.125 ], [ 146.875, -19.125 ], [ 146.875, -19.375 ], [ 147.125, -19.375 ], [ 147.125, -19.625 ], [ 147.375, -19.625 ], [ 147.375, -20.125 ], [ 147.125, -20.125 ], [ 147.125, -19.875 ], [ 146.875, -19.875 ] ] ] ] } },
{ "type": "Feature", "properties": { "cluster_id": 42, "cohesion": 6.6604437017141844, "distances": { "1": 27.896593497831955, "2": 23.152398982756342, "3": 32.25257091114055, "4": 33.289730298351714, "5": 26.828527516986746, "6": 21.16694319129921, "7": 30.305725758317887, "8": 31.644947387914897, "9": 33.37533325015429, "10": 30.458439550715365, "11": 26.729376462403746, "12": 25.706436169212154, "13": 22.017381332297877, "14": 29.047899285887986, "15": 27.725497789498952, "16": 29.70336952584114, "17": 28.387289106410574, "18": 32.398644314797444, "19": 28.49887118616774, "20": 25.569332169642635, "21": 31.432187952461174, "22": 33.76250957499426, "23": 32.06051706457048, "24": 24.990066890637838, "25": 28.796747772785384, "26": 27.03541375896958, "27": 32.12043414722166, "28": 31.90865491861434, "29": 26.983441126648692, "30": 27.215500202484474, "31": 31.565127325465056, "32": 30.500009104435293, "33": 31.544631009309327, "34": 30.942996408524046, "35": 32.70828731834574, "36": 26.2597962821533, "37": 24.891775090826297, "38": 30.592240420895866, "39": 31.36825679727416, "40": 16.322976416393146, "41": 15.723742735715648, "43": 14.537397921660824, "44": 11.747838578593797, "45": 19.985353595024442, "46": 27.397055564131197, "47": 23.762762970705346, "48": 24.567277879770515, "49": 24.63000725400944, "50": 28.828067732680125, "51": 16.692875579924124, "52": 19.481625019880376, "53": 22.694957629271414, "54": 28.92811395208716, "55": 29.42786797564913, "56": 24.06703813809819, "57": 29.503863292185354, "58": 30.528518367089898, "59": 30.4294403254047, "60": 30.839602019449146 } }, "geometry": { "type": "Polygon", "coordinates": [ [ [ 150.875, -24.125 ], [ 150.875, -24.625 ], [ 151.375, -24.625 ], [ 151.375, -24.875 ], [ 151.625, -24.875 ], [ 151.625, -25.875 ], [ 151.375, -25.875 ], [ 151.375, -26.625 ], [ 151.875, -26.625 ], [ 151.875, -26.375 ], [ 152.875, -26.375 ], [ 152.875, -26.625 ], [ 153.125, -26.625 ], [ 153.125, -28.125 ], [ 153.375, -28.125 ], [ 153.375, -27.625 ], [ 153.625, -27.625 ], [ 153.625, -26.375 ], [ 153.375, -26.375 ], [ 153.375, -26.125 ], [ 153.625, -26.125 ], [ 153.625, -25.875 ], [ 153.375, -25.875 ], [ 153.375, -25.375 ], [ 153.125, -25.375 ], [ 153.125, -25.125 ], [ 152.875, -25.125 ], [ 152.875, -24.875 ], [ 152.625, -24.875 ], [ 152.625, -24.625 ], [ 152.375, -24.625 ], [ 152.375, -24.375 ], [ 151.625, -24.375 ], [ 151.625, -24.125 ], [ 150.875, -24.125 ] ] ] } },
{ "type": "Feature", "properties": { "cluster_id": 43, "cohesion": 10.331634366266803, "distances": { "1": 28.859870577721946, "2": 23.548647498758385, "3": 32.7890788110939, "4": 32.30766000257628, "5": 24.46627047217912, "6": 16.84088642383533, "7": 26.94962463743764, "8": 29.70484494926942, "9": 31.190438781453377, "10": 28.474214548028783, "11": 26.578346282238662, "12": 24.62238345590525, "13": 22.76472839812748, "14": 30.39528229172224, "15": 30.656783076896065, "16": 31.599838017883172, "17": 30.00757352908569, "18": 32.83645059378469, "19": 26.816748009573686, "20": 25.266337507384517, "21": 31.99467070053024, "22": 33.19919474025421, "23": 31.469784013986697, "24": 28.126167823444142, "25": 31.084119784692028, "26": 29.764213359018907, "27": 33.80957391930841, "28": 32.844606174118965, "29": 29.338005123426036, "30": 28.811605794907845, "31": 32.405633355693745, "32": 28.64599025010958, "33": 29.720132976984488, "34": 30.8893137924297, "35": 32.74756585287094, "36": 26.675779951666303, "37": 24.74609903186386, "38": 29.589987669169577, "39": 31.31783925843794, "40": 13.071685891282884, "41": 17.203719881408922, "42": 14.537397921660824, "44": 16.746977415562352, "45": 22.391333743642146, "46": 30.327723458206798, "47": 26.78669387644235, "48": 27.297109430260097, "49": 21.59107775154443, "50": 26.306137364601813, "51": 18.792198739575785, "52": 16.872589473520765, "53": 17.765585656101315, "54": 25.56445272454167, "55": 25.97182105007467, "56": 23.447611841523464, "57": 27.731221981518974, "58": 27.127918461667793, "59": 27.471781420672176, "60": 28.654952026394486 } }, "geometry": { "type": "Polygon", "coordinates": [ [ [ 143.375, -22.375 ], [ 143.375, -22.875 ], [ 143.125, -22.875 ], [ 143.125, -23.125 ], [ 142.875, -23.125 ], [ 142.875, -23.375 ], [ 143.125, -23.375 ], [ 143.125, -23.625 ], [ 143.375, -23.625 ], [ 143.375, -23.875 ], [ 143.625, -23.875 ], [ 143.625, -24.125 ], [ 143.875, -24.125 ], [ 143.875, -24.625 ], [ 144.125, -24.625 ], [ 144.125, -25.125 ], [ 146.125, -25.125 ], [ 146.125, -25.375 ], [ 146.375, -25.375 ], [ 146.375, -25.125 ], [ 148.125, -25.125 ], [ 148.125, -25.375 ], [ 148.375, -25.375 ], [ 148.375, -25.625 ], [ 149.125, -25.625 ], [ 149.125, -25.875 ], [ 148.875, -25.875 ], [ 148.875, -26.125 ], [ 149.125, -26.125 ], [ 149.125, -26.375 ], [ 151.125, -26.375 ], [ 151.125, -26.625 ], [ 151.375, -26.625 ], [ 151.375, -25.875 ], [ 151.625, -25.875 ], [ 151.625, -24.875 ], [ 151.375, -24.875 ], [ 151.375, -24.625 ], [ 150.625, -24.625 ], [ 150.625, -24.375 ], [ 150.375, -24.375 ], [ 150.375, -24.125 ], [ 150.125, -24.125 ], [ 150.125, -23.625 ], [ 149.875, -23.625 ], [ 149.875, -23.375 ], [ 149.125, -23.375 ], [ 149.125, -23.625 ], [ 147.875, -23.625 ], [ 147.875, -24.125 ], [ 147.375, -24.125 ], [ 147.375, -23.875 ], [ 147.125, -23.875 ], [ 147.125, -23.375 ], [ 146.875, -23.375 ], [ 146.875, -22.875 ], [ 146.625, -22.875 ], [ 146.625, -22.625 ], [ 146.375, -22.625 ], [ 146.375, -22.875 ], [ 146.125, -22.875 ], [ 146.125, -23.625 ], [ 146.375, -23.625 ], [ 146.375, -24.125 ], [ 145.625, -24.125 ], [ 145.625, -23.875 ], [ 145.125, -23.875 ], [ 145.125, -23.625 ], [ 144.875, -23.625 ], [ 144.875, -23.375 ], [ 144.625, -23.375 ], [ 144.625, -23.125 ], [ 143.875, -23.125 ], [ 143.875, -22.375 ], [ 143.375, -22.375 ] ] ] } },
{ "type": "Feature", "properties": { "cluster_id": 44, "cohesion": 8.1378678342155606, "distances": { "1": 29.27985483333273, "2": 26.152430377406017, "3": 31.586811621610963, "4": 31.497950204185585, "5": 26.339527519249035, "6": 22.295174538276584, "7": 27.34806188934571, "8": 29.122490470239068, "9": 30.649121939006267, "10": 27.34937075430187, "11": 25.892858933384353, "12": 23.753525414085004, "13": 22.260216505957573, "14": 25.785818609363076, "15": 26.62905261807246, "16": 28.469561613067444, "17": 29.51115964131279, "18": 33.07889811635926, "19": 25.800938051698473, "20": 21.982974538647788, "21": 28.839231885892897, "22": 32.880327708659934, "23": 29.646176815888847, "24": 26.154041653279034, "25": 30.65245705790645, "26": 28.9897252293049, "27": 34.546022412771265, "28": 33.10062128253775, "29": 29.56223761941926, "30": 29.86208476907819, "31": 33.77458956807212, "32": 28.821450263226524, "33": 30.28889994077644, "34": 32.402299502032804, "35": 33.42417676844418, "36": 26.39546840461886, "37": 24.609603791850827, "38": 29.29932961225925, "39": 31.262751035311037, "40": 20.33487227418774, "41": 21.603245993950047, "42": 11.747838578593793, "43": 16.746977415562352, "45": 14.24685417960222, "46": 24.6797958360684, "47": 22.120283175390004, "48": 19.751521127390426, "49": 22.80114742081877, "50": 26.858096102104955, "51": 13.292457462157511, "52": 19.071179379895042, "53": 21.585254655708926, "54": 26.25853181819506, "55": 26.456788595907835, "56": 22.49829771315238, "57": 26.560402653082143, "58": 27.057234739157767, "59": 27.357771595883055, "60": 27.94808293215547 } }, "geometry": { "type": "MultiPolygon", "coordinates": [ [ [ [ 152.875, -31.125 ], [ 152.625, -31.125 ], [ 152.625, -30.875 ], [ 152.875, -30.875 ], [ 152.875, -31.125 ] ] ], [ [ [ 151.625, -30.125 ], [ 151.375, -30.125 ], [ 151.375, -29.875 ], [ 151.625, -29.875 ], [ 151.625, -30.125 ] ] ], [ [ [ 151.625, -29.875 ], [ 151.625, -29.375 ], [ 151.875, -29.375 ], [ 151.875, -29.875 ], [ 151.625, -29.875 ] ] ], [ [ [ 151.625, -26.875 ], [ 151.625, -26.625 ], [ 151.875, -26.625 ], [ 151.875, -26.375 ], [ 152.875, -26.375 ], [ 152.875, -26.625 ], [ 153.125, -26.625 ], [ 153.125, -28.125 ], [ 153.375, -28.125 ], [ 153.375, -27.625 ], [ 153.875, -27.625 ], [ 153.875, -29.125 ], [ 153.625, -29.125 ], [ 153.625, -30.125 ], [ 153.125, -30.125 ], [ 153.125, -30.375 ], [ 152.625, -30.375 ], [ 152.625, -29.625 ], [ 152.875, -29.625 ], [ 152.875, -29.125 ], [ 153.125, -29.125 ], [ 153.125, -28.875 ], [ 153.375, -28.875 ], [ 153.375, -28.375 ], [ 152.375, -28.375 ], [ 152.375, -28.625 ], [ 152.125, -28.625 ], [ 152.125, -29.375 ], [ 151.875, -29.375 ], [ 151.875, -26.875 ], [ 151.625, -26.875 ] ] ] ] } },
{ "type": "Feature", "properties": { "cluster_id": 45, "cohesion": 10.979342820573718, "distances": { "1": 30.725440396193086, "2": 28.630018261749157, "3": 32.71734891264318, "4": 32.40126553648716, "5": 28.966340378906995, "6": 26.23644655334242, "7": 27.935520526927874, "8": 28.88915266293937, "9": 31.329194294173952, "10": 25.906564141720036, "11": 27.060203846565177, "12": 23.504588546863847, "13": 24.14716986207771, "14": 20.626788333824454, "15": 23.45788969425298, "16": 25.278988864996876, "17": 29.17874126988961, "18": 32.43729706329661, "19": 25.511222662424863, "20": 20.32492373071325, "21": 24.92317444274211, "22": 31.27883394769524, "23": 27.556458109741055, "24": 27.926783532732603, "25": 32.998735996552746, "26": 31.423175055343005, "27": 36.64175529021097, "28": 34.54713940938976, "29": 32.14664885773794, "30": 31.734154594115203, "31": 35.71607110005285, "32": 28.772052376752775, "33": 30.18968501960447, "34": 33.44846655119407, "35": 34.33107967551609, "36": 27.383686390891306, "37": 24.77258837878314, "38": 28.513187868893393, "39": 31.655219946949355, "40": 24.759499596540195, "41": 26.363257412279655, "42": 19.985353595024442, "43": 22.391333743642143, "44": 14.24685417960222, "46": 19.585312086831603, "47": 19.491018546537354, "48": 14.023981299928195, "49": 25.475224963338153, "50": 27.912796950391485, "51": 16.392079622161756, "52": 22.36820119884304, "53": 24.884130417371406, "54": 27.220556784133358, "55": 27.384296638933392, "56": 21.81162662745112, "57": 24.45996657394589, "58": 26.015273372063263, "59": 26.3359025980329, "60": 26.073498469369188 } }, "geometry": { "type": "MultiPolygon", "coordinates": [ [ [ [ 148.625, -36.625 ], [ 149.125, -36.625 ], [ 149.125, -36.375 ], [ 149.625, -36.375 ], [ 149.625, -36.625 ], [ 149.375, -36.625 ], [ 149.375, -36.875 ], [ 149.125, -36.875 ], [ 149.125, -37.375 ], [ 148.875, -37.375 ], [ 148.875, -37.625 ], [ 148.625, -37.625 ], [ 148.625, -36.625 ] ] ], [ [ [ 149.875, -36.125 ], [ 149.875, -35.875 ], [ 150.125, -35.875 ], [ 150.125, -35.625 ], [ 150.375, -35.625 ], [ 150.375, -35.375 ], [ 150.625, -35.375 ], [ 150.625, -36.375 ], [ 150.375, -36.375 ], [ 150.375, -37.375 ], [ 150.125, -37.375 ], [ 150.125, -37.625 ], [ 149.875, -37.625 ], [ 149.875, -37.875 ], [ 149.625, -37.875 ], [ 149.625, -38.125 ], [ 148.625, -38.125 ], [ 148.625, -37.875 ], [ 148.875, -37.875 ], [ 148.875, -37.625 ], [ 149.375, -37.625 ], [ 149.375, -37.375 ], [ 149.625, -37.375 ], [ 149.625, -36.875 ], [ 149.875, -36.875 ], [ 149.875, -36.375 ], [ 149.625, -36.375 ], [ 149.625, -36.125 ], [ 149.875, -36.125 ] ] ], [ [ [ 150.625, -35.375 ], [ 150.625, -35.125 ], [ 150.875, -35.125 ], [ 150.875, -35.375 ], [ 150.625, -35.375 ] ] ], [ [ [ 150.625, -34.125 ], [ 150.625, -33.875 ], [ 150.375, -33.875 ], [ 150.375, -33.625 ], [ 150.625, -33.625 ], [ 150.625, -33.125 ], [ 150.375, -33.125 ], [ 150.375, -33.375 ], [ 150.125, -33.375 ], [ 150.125, -33.625 ], [ 149.875, -33.625 ], [ 149.875, -34.125 ], [ 149.625, -34.125 ], [ 149.625, -34.875 ], [ 149.375, -34.875 ], [ 149.375, -35.125 ], [ 148.875, -35.125 ], [ 148.875, -35.375 ], [ 148.625, -35.375 ], [ 148.625, -35.625 ], [ 148.375, -35.625 ], [ 148.375, -35.375 ], [ 148.125, -35.375 ], [ 148.125, -35.125 ], [ 147.875, -35.125 ], [ 147.875, -34.875 ], [ 148.625, -34.875 ], [ 148.625, -34.625 ], [ 148.875, -34.625 ], [ 148.875, -34.375 ], [ 149.125, -34.375 ], [ 149.125, -33.375 ], [ 148.875, -33.375 ], [ 148.875, -33.125 ], [ 149.375, -33.125 ], [ 149.375, -32.875 ], [ 149.625, -32.875 ], [ 149.625, -32.375 ], [ 149.875, -32.375 ], [ 149.875, -31.875 ], [ 150.625, -31.875 ], [ 150.625, -31.625 ], [ 150.875, -31.625 ], [ 150.875, -31.375 ], [ 151.375, -31.375 ], [ 151.375, -30.625 ], [ 151.625, -30.625 ], [ 151.625, -29.875 ], [ 151.875, -29.875 ], [ 151.875, -29.375 ], [ 152.125, -29.375 ], [ 152.125, -28.625 ], [ 152.375, -28.625 ], [ 152.375, -28.375 ], [ 153.375, -28.375 ], [ 153.375, -28.875 ], [ 153.125, -28.875 ], [ 153.125, -29.125 ], [ 152.875, -29.125 ], [ 152.875, -29.625 ], [ 152.625, -29.625 ], [ 152.625, -30.375 ], [ 153.125, -30.375 ], [ 153.125, -30.125 ], [ 153.375, -30.125 ], [ 153.375, -31.375 ], [ 153.125, -31.375 ], [ 153.125, -31.875 ], [ 152.875, -31.875 ], [ 152.875, -32.375 ], [ 152.625, -32.375 ], [ 152.625, -32.625 ], [ 152.375, -32.625 ], [ 152.375, -32.875 ], [ 152.125, -32.875 ], [ 152.125, -33.125 ], [ 151.875, -33.125 ], [ 151.875, -33.375 ], [ 151.625, -33.375 ], [ 151.625, -34.125 ], [ 151.375, -34.125 ], [ 151.375, -34.375 ], [ 151.125, -34.375 ], [ 151.125, -35.125 ], [ 150.875, -35.125 ], [ 150.875, -34.125 ], [ 150.625, -34.125 ] ], [ [ 152.875, -31.125 ], [ 152.875, -30.875 ], [ 152.625, -30.875 ], [ 152.625, -31.125 ], [ 152.875, -31.125 ] ], [ [ 151.875, -32.625 ], [ 151.875, -32.125 ], [ 151.375, -32.125 ], [ 151.375, -32.625 ], [ 151.875, -32.625 ] ] ] ] } },
{ "type": "Feature", "properties": { "cluster_id": 46, "cohesion": 8.467567179143936, "distances": { "1": 28.456836209683093, "2": 27.720771496436814, "3": 34.08595829155131, "4": 36.32309733894967, "5": 34.742020234556584, "6": 32.593431620969525, "7": 35.94335054138228, "8": 33.20327389448038, "9": 37.876980068310075, "10": 29.767717558171444, "11": 30.07582909184057, "12": 27.666480945067644, "13": 28.803920285578666, "14": 18.047148669543112, "15": 12.645548270390204, "16": 18.35664421995313, "17": 25.817565041874232, "18": 31.138720384454846, "19": 32.82748451679253, "20": 27.223814001491856, "21": 23.389153429986944, "22": 32.023413582455014, "23": 30.94309233103692, "24": 28.56603404399885, "25": 37.22091572491462, "26": 33.94561245513801, "27": 39.40859333110536, "28": 39.13801741980611, "29": 34.19183301599686, "30": 32.30913049945157, "31": 38.86009684084004, "32": 35.89745446831007, "33": 35.63356426084921, "34": 35.81796666628157, "35": 38.94812387494432, "36": 32.67893047282163, "37": 27.5951790274934, "38": 32.9663770966124, "39": 36.84202754976581, "40": 29.7311173832621, "41": 29.027906759792714, "42": 27.397055564131197, "43": 30.327723458206794, "44": 24.6797958360684, "45": 19.585312086831603, "47": 14.35211834124479, "48": 14.098429416758472, "49": 34.97341729132643, "50": 36.15052115875365, "51": 27.476077170771617, "52": 30.85158483973304, "53": 33.9867189919843, "54": 36.56155509544458, "55": 36.75463392692573, "56": 24.5461576936749, "57": 27.96184955867708, "58": 33.24001061730407, "59": 34.06833714531741, "60": 31.259501266665456 } }, "geometry": { "type": "Polygon", "coordinates": [ [ [ 149.125, -35.375 ], [ 149.125, -35.625 ], [ 148.375, -35.625 ], [ 148.375, -36.375 ], [ 148.125, -36.375 ], [ 148.125, -36.625 ], [ 147.625, -36.625 ], [ 147.625, -36.875 ], [ 146.875, -36.875 ], [ 146.875, -37.125 ], [ 146.375, -37.125 ], [ 146.375, -37.375 ], [ 146.125, -37.375 ], [ 146.125, -37.625 ], [ 144.875, -37.625 ], [ 144.875, -37.375 ], [ 144.125, -37.375 ], [ 144.125, -37.625 ], [ 142.125, -37.625 ], [ 142.125, -37.875 ], [ 141.625, -37.875 ], [ 141.625, -38.125 ], [ 140.625, -38.125 ], [ 140.625, -38.375 ], [ 141.125, -38.375 ], [ 141.125, -38.625 ], [ 142.625, -38.625 ], [ 142.625, -38.875 ], [ 143.125, -38.875 ], [ 143.125, -39.125 ], [ 143.875, -39.125 ], [ 143.875, -38.875 ], [ 144.125, -38.875 ], [ 144.125, -38.625 ], [ 144.375, -38.625 ], [ 144.375, -38.375 ], [ 145.125, -38.375 ], [ 145.125, -38.625 ], [ 145.375, -38.625 ], [ 145.375, -38.875 ], [ 146.375, -38.875 ], [ 146.375, -38.625 ], [ 145.625, -38.625 ], [ 145.625, -38.375 ], [ 145.875, -38.375 ], [ 145.875, -38.125 ], [ 146.125, -38.125 ], [ 146.125, -37.875 ], [ 147.125, -37.875 ], [ 147.125, -37.625 ], [ 148.625, -37.625 ], [ 148.625, -36.625 ], [ 148.875, -36.625 ], [ 148.875, -36.375 ], [ 149.375, -36.375 ], [ 149.375, -35.875 ], [ 149.625, -35.875 ], [ 149.625, -35.375 ], [ 149.125, -35.375 ] ] ] } },
{ "type": "Feature", "properties": { "cluster_id": 47, "cohesion": 6.8898779192984287, "distances": { "1": 24.777229904039437, "2": 23.491696109731276, "3": 30.65339929147799, "4": 32.71227550240978, "5": 29.817856472114055, "6": 27.49235277075915, "7": 31.077956868651967, "8": 30.301327264181296, "9": 33.25180869972176, "10": 27.438541404252845, "11": 26.324121863398403, "12": 24.84761701404605, "13": 24.01173400490525, "14": 22.368957300303272, "15": 18.98783203485686, "16": 23.413231320190278, "17": 26.6982625570379, "18": 30.93439249599289, "19": 31.833302169295578, "20": 28.585336095054387, "21": 27.172253360952936, "22": 31.87343841592519, "23": 31.314018259526065, "24": 23.537129207339987, "25": 30.570488074093568, "26": 27.871470114263797, "27": 34.10789120847117, "28": 33.52596648315291, "29": 29.3543249579886, "30": 29.425175137199293, "31": 34.43656756101567, "32": 31.46547533715789, "33": 32.882897418677985, "34": 32.72416057387652, "35": 34.371580313334746, "36": 28.57060925396909, "37": 24.961793383987384, "38": 29.286456637073034, "39": 32.08794984380896, "40": 26.41739842503318, "41": 24.836121606311092, "42": 23.762762970705346, "43": 26.786693876442353, "44": 22.120283175390004, "45": 19.491018546537358, "46": 14.352118341244793, "48": 14.710511629105929, "49": 30.17741361951004, "50": 32.06803043124214, "51": 26.40436329839041, "52": 28.881303394153118, "53": 28.94033770105104, "54": 31.340278436089914, "55": 31.28902399862061, "56": 21.730803819793156, "57": 25.711801661084, "58": 29.49290691255366, "59": 30.00051375794148, "60": 28.11164109968001 } }, "geometry": { "type": "Polygon", "coordinates": [ [ [ 144.875, -40.375 ], [ 144.875, -40.625 ], [ 144.625, -40.625 ], [ 144.625, -40.875 ], [ 144.375, -40.875 ], [ 144.375, -41.375 ], [ 144.625, -41.375 ], [ 144.625, -41.875 ], [ 144.875, -41.875 ], [ 144.875, -42.125 ], [ 145.125, -42.125 ], [ 145.125, -42.375 ], [ 144.875, -42.375 ], [ 144.875, -42.625 ], [ 145.125, -42.625 ], [ 145.125, -42.875 ], [ 145.375, -42.875 ], [ 145.375, -43.125 ], [ 145.625, -43.125 ], [ 145.625, -43.375 ], [ 145.875, -43.375 ], [ 145.875, -43.625 ], [ 147.125, -43.625 ], [ 147.125, -43.375 ], [ 147.375, -43.375 ], [ 147.375, -43.125 ], [ 147.875, -43.125 ], [ 147.875, -42.875 ], [ 148.125, -42.875 ], [ 148.125, -42.625 ], [ 148.375, -42.625 ], [ 148.375, -42.125 ], [ 148.625, -42.125 ], [ 148.625, -40.875 ], [ 148.375, -40.875 ], [ 148.375, -40.625 ], [ 148.125, -40.625 ], [ 148.125, -40.375 ], [ 147.875, -40.375 ], [ 147.875, -40.625 ], [ 146.625, -40.625 ], [ 146.625, -40.875 ], [ 146.125, -40.875 ], [ 146.125, -40.625 ], [ 145.125, -40.625 ], [ 145.125, -40.375 ], [ 144.875, -40.375 ] ] ] } },
{ "type": "Feature", "properties": { "cluster_id": 48, "cohesion": 8.7801626880048129, "distances": { "1": 27.935062691255126, "2": 27.875686180317317, "3": 29.760571667132766, "4": 30.30474689445778, "5": 28.97028565541585, "6": 28.38077578713309, "7": 29.161332002902604, "8": 27.53247764461429, "9": 30.625904939997433, "10": 24.76028150576787, "11": 25.941965327626157, "12": 23.60020839806448, "13": 25.428541437826127, "14": 21.576445813560067, "15": 21.369080806015404, "16": 25.406987776841945, "17": 31.08840949049775, "18": 35.2138931370366, "19": 31.973181547424517, "20": 26.646907824624552, "21": 27.38298905609825, "22": 34.8204390747559, "23": 32.21925824208541, "24": 27.965983217933704, "25": 35.24413034499658, "26": 32.78152162061497, "27": 39.40333359949481, "28": 37.6724716075089, "29": 34.67056801238163, "30": 34.79094443471501, "31": 39.544099981686585, "32": 33.13675948716938, "33": 35.35578774088813, "34": 37.412746889809036, "35": 38.29907097901864, "36": 31.1923768860137, "37": 27.51937536788488, "38": 31.05659395713616, "39": 35.04832659063743, "40": 29.008258355937475, "41": 29.02332920529737, "42": 24.567277879770515, "43": 27.297109430260093, "44": 19.751521127390426, "45": 14.023981299928195, "46": 14.098429416758472, "47": 14.71051162910593, "49": 31.351036427813153, "50": 33.74153970168704, "51": 24.14690955163937, "52": 29.34887045199965, "53": 29.6155406045787, "54": 31.93274725236553, "55": 30.520249132073754, "56": 22.995422728332578, "57": 24.90835147223614, "58": 27.670906218459166, "59": 29.550411031245808, "60": 28.135385459222682 } }, "geometry": { "type": "MultiPolygon", "coordinates": [ [ [ [ 148.625, -37.875 ], [ 148.625, -38.125 ], [ 148.125, -38.125 ], [ 148.125, -38.375 ], [ 147.375, -38.375 ], [ 147.375, -38.625 ], [ 147.125, -38.625 ], [ 147.125, -38.875 ], [ 146.625, -38.875 ], [ 146.625, -39.125 ], [ 145.875, -39.125 ], [ 145.875, -38.875 ], [ 146.375, -38.875 ], [ 146.375, -38.625 ], [ 145.625, -38.625 ], [ 145.625, -38.375 ], [ 145.875, -38.375 ], [ 145.875, -38.125 ], [ 146.125, -38.125 ], [ 146.125, -37.875 ], [ 147.125, -37.875 ], [ 147.125, -37.625 ], [ 148.875, -37.625 ], [ 148.875, -37.875 ], [ 148.625, -37.875 ] ] ], [ [ [ 149.125, -37.375 ], [ 149.125, -36.875 ], [ 149.375, -36.875 ], [ 149.375, -36.625 ], [ 149.625, -36.625 ], [ 149.625, -36.375 ], [ 149.875, -36.375 ], [ 149.875, -36.875 ], [ 149.625, -36.875 ], [ 149.625, -37.375 ], [ 149.375, -37.375 ], [ 149.375, -37.625 ], [ 148.875, -37.625 ], [ 148.875, -37.375 ], [ 149.125, -37.375 ] ] ], [ [ [ 150.625, -33.625 ], [ 150.375, -33.625 ], [ 150.375, -33.875 ], [ 150.625, -33.875 ], [ 150.625, -34.125 ], [ 150.875, -34.125 ], [ 150.875, -35.125 ], [ 150.625, -35.125 ], [ 150.625, -35.375 ], [ 150.375, -35.375 ], [ 150.375, -35.625 ], [ 150.125, -35.625 ], [ 150.125, -35.875 ], [ 149.875, -35.875 ], [ 149.875, -36.125 ], [ 149.625, -36.125 ], [ 149.625, -36.375 ], [ 149.375, -36.375 ], [ 149.375, -35.875 ], [ 149.625, -35.875 ], [ 149.625, -35.375 ], [ 149.125, -35.375 ], [ 149.125, -35.625 ], [ 148.625, -35.625 ], [ 148.625, -35.375 ], [ 148.875, -35.375 ], [ 148.875, -35.125 ], [ 149.375, -35.125 ], [ 149.375, -34.875 ], [ 149.625, -34.875 ], [ 149.625, -34.125 ], [ 149.875, -34.125 ], [ 149.875, -33.625 ], [ 150.125, -33.625 ], [ 150.125, -33.375 ], [ 150.375, -33.375 ], [ 150.375, -33.125 ], [ 150.625, -33.125 ], [ 150.625, -33.625 ] ] ], [ [ [ 151.875, -32.625 ], [ 151.375, -32.625 ], [ 151.375, -32.125 ], [ 151.875, -32.125 ], [ 151.875, -32.625 ] ] ] ] } },
{ "type": "Feature", "properties": { "cluster_id": 49, "cohesion": 6.0394918107731366, "distances": { "1": 37.11346388654352, "2": 32.329222899952185, "3": 41.210894934010064, "4": 39.50791616324706, "5": 31.023426307792683, "6": 24.127545968044075, "7": 25.399267013610636, "8": 35.053011704221774, "9": 33.517086854155174, "10": 31.8760456678981, "11": 33.62320243977065, "12": 29.731477990632218, "13": 28.071312732090398, "14": 29.920219857596805, "15": 34.96267259339276, "16": 33.486045924999026, "17": 31.813863759666475, "18": 31.73567846553023, "19": 17.068210340048545, "20": 22.227042174137587, "21": 30.106163715731313, "22": 29.06165793459607, "23": 24.433290635490895, "24": 31.937846219088637, "25": 32.15182007022885, "26": 32.13135014645838, "27": 33.98983633612379, "28": 31.550979466442097, "29": 30.643356911602506, "30": 29.918020334559742, "31": 30.47822762858614, "32": 20.536565947261288, "33": 20.790396758463213, "34": 28.52703877406814, "35": 28.788927796840497, "36": 26.34534391018877, "37": 26.14264475422572, "38": 28.031581093936182, "39": 28.74911561857185, "40": 23.579534025112594, "41": 27.010831795247164, "42": 24.63000725400944, "43": 21.591077751544425, "44": 22.80114742081877, "45": 25.475224963338153, "46": 34.97341729132643, "47": 30.17741361951004, "48": 31.351036427813153, "50": 12.143001985526247, "51": 19.971810273012803, "52": 17.86290417632117, "53": 11.909471328477984, "54": 11.938702851037998, "55": 18.23331123764339, "56": 26.108787250485207, "57": 28.36333961212382, "58": 24.31761329212038, "59": 21.024099572367284, "60": 25.239922983069224 } }, "geometry": { "type": "Polygon", "coordinates": [ [ [ 139.875, -24.625 ], [ 139.875, -25.125 ], [ 140.125, -25.125 ], [ 140.125, -25.375 ], [ 140.375, -25.375 ], [ 140.375, -25.625 ], [ 140.125, -25.625 ], [ 140.125, -26.125 ], [ 140.375, -26.125 ], [ 140.375, -26.375 ], [ 141.375, -26.375 ], [ 141.375, -26.625 ], [ 141.625, -26.625 ], [ 141.625, -26.875 ], [ 142.375, -26.875 ], [ 142.375, -27.125 ], [ 143.375, -27.125 ], [ 143.375, -27.375 ], [ 144.125, -27.375 ], [ 144.125, -27.875 ], [ 144.625, -27.875 ], [ 144.625, -27.375 ], [ 145.125, -27.375 ], [ 145.125, -26.875 ], [ 144.375, -26.875 ], [ 144.375, -26.625 ], [ 143.875, -26.625 ], [ 143.875, -26.375 ], [ 143.625, -26.375 ], [ 143.625, -26.125 ], [ 143.125, -26.125 ], [ 143.125, -26.375 ], [ 142.625, -26.375 ], [ 142.625, -26.125 ], [ 142.375, -26.125 ], [ 142.375, -25.625 ], [ 142.125, -25.625 ], [ 142.125, -25.375 ], [ 141.875, -25.375 ], [ 141.875, -25.625 ], [ 141.625, -25.625 ], [ 141.625, -25.375 ], [ 141.375, -25.375 ], [ 141.375, -25.125 ], [ 140.875, -25.125 ], [ 140.875, -24.875 ], [ 140.625, -24.875 ], [ 140.625, -24.625 ], [ 139.875, -24.625 ] ] ] } },
{ "type": "Feature", "properties": { "cluster_id": 50, "cohesion": 8.1552971865868518, "distances": { "1": 41.57343094644793, "2": 36.10958418597722, "3": 46.2691514352099, "4": 44.954355684423966, "5": 37.24103510742397, "6": 30.203546302406128, "7": 30.37784320713814, "8": 39.2215636741849, "9": 39.2001858898789, "10": 34.93234667716572, "11": 37.55770199640839, "12": 32.14748982017888, "13": 30.15559356570207, "14": 28.04351626757362, "15": 34.85430811890247, "16": 31.723102889259394, "17": 29.468318956407394, "18": 27.29826853364624, "19": 13.670312189610499, "20": 21.34292356033274, "21": 26.884315671963833, "22": 23.153780193921495, "23": 18.86218213164498, "24": 33.68965907559181, "25": 31.811287981851645, "26": 32.85196602885015, "27": 31.841787337728118, "28": 29.102232856097135, "29": 30.12403770362511, "30": 27.899294903708736, "31": 26.945921733666673, "32": 16.28910272766131, "33": 13.754878155689873, "34": 23.943231828670758, "35": 24.35827179134661, "36": 24.520350539586143, "37": 25.192619109407683, "38": 25.61114166398888, "39": 25.573002784568626, "40": 26.27196795393997, "41": 29.990324090104256, "42": 28.828067732680125, "43": 26.306137364601813, "44": 26.858096102104955, "45": 27.912796950391478, "46": 36.15052115875365, "47": 32.06803043124214, "48": 33.741539701687046, "49": 12.143001985526247, "51": 22.60317140579001, "52": 19.873488565008454, "53": 19.26789303982779, "54": 13.400142434513738, "55": 22.195335820405468, "56": 26.81326309389417, "57": 28.647192546198454, "58": 26.3108694929359, "59": 20.14181865753477, "60": 23.75890932859317 } }, "geometry": { "type": "MultiPolygon", "coordinates": [ [ [ [ 135.875, -23.375 ], [ 135.875, -23.625 ], [ 136.375, -23.625 ], [ 136.375, -23.875 ], [ 136.625, -23.875 ], [ 136.625, -24.125 ], [ 137.125, -24.125 ], [ 137.125, -24.375 ], [ 137.375, -24.375 ], [ 137.375, -24.625 ], [ 137.875, -24.625 ], [ 137.875, -24.875 ], [ 138.625, -24.875 ], [ 138.625, -25.125 ], [ 138.875, -25.125 ], [ 138.875, -25.375 ], [ 139.625, -25.375 ], [ 139.625, -25.875 ], [ 140.125, -25.875 ], [ 140.125, -26.125 ], [ 140.375, -26.125 ], [ 140.375, -26.375 ], [ 141.375, -26.375 ], [ 141.375, -26.625 ], [ 141.625, -26.625 ], [ 141.625, -26.875 ], [ 142.375, -26.875 ], [ 142.375, -27.125 ], [ 143.375, -27.125 ], [ 143.375, -27.375 ], [ 144.125, -27.375 ], [ 144.125, -27.875 ], [ 144.625, -27.875 ], [ 144.625, -28.375 ], [ 144.375, -28.375 ], [ 144.375, -28.625 ], [ 143.625, -28.625 ], [ 143.625, -28.875 ], [ 143.375, -28.875 ], [ 143.375, -28.625 ], [ 143.125, -28.625 ], [ 143.125, -28.125 ], [ 142.625, -28.125 ], [ 142.625, -28.375 ], [ 142.125, -28.375 ], [ 142.125, -28.625 ], [ 141.625, -28.625 ], [ 141.625, -28.375 ], [ 140.375, -28.375 ], [ 140.375, -27.625 ], [ 140.125, -27.625 ], [ 140.125, -27.375 ], [ 139.875, -27.375 ], [ 139.875, -27.125 ], [ 139.375, -27.125 ], [ 139.375, -27.375 ], [ 138.625, -27.375 ], [ 138.625, -27.125 ], [ 138.375, -27.125 ], [ 138.375, -27.375 ], [ 137.875, -27.375 ], [ 137.875, -27.125 ], [ 137.625, -27.125 ], [ 137.625, -26.875 ], [ 137.375, -26.875 ], [ 137.375, -26.625 ], [ 137.125, -26.625 ], [ 137.125, -26.125 ], [ 136.875, -26.125 ], [ 136.875, -25.875 ], [ 136.625, -25.875 ], [ 136.625, -25.625 ], [ 136.125, -25.625 ], [ 136.125, -25.375 ], [ 135.875, -25.375 ], [ 135.875, -25.125 ], [ 135.625, -25.125 ], [ 135.625, -24.875 ], [ 134.625, -24.875 ], [ 134.625, -24.625 ], [ 134.375, -24.625 ], [ 134.375, -24.375 ], [ 134.125, -24.375 ], [ 134.125, -24.125 ], [ 134.375, -24.125 ], [ 134.375, -23.875 ], [ 134.625, -23.875 ], [ 134.625, -23.625 ], [ 134.375, -23.625 ], [ 134.375, -23.375 ], [ 135.875, -23.375 ] ] ], [ [ [ 133.875, -23.625 ], [ 133.875, -23.875 ], [ 133.625, -23.875 ], [ 133.625, -23.625 ], [ 133.875, -23.625 ] ] ] ] } },
{ "type": "Feature", "properties": { "cluster_id": 51, "cohesion": 8.0389811992048568, "distances": { "1": 35.74154017752372, "2": 31.21571886344514, "3": 39.49300709325066, "4": 39.041748335841824, "5": 32.94086535014202, "6": 27.037581505825013, "7": 31.356135591863758, "8": 35.228409714351024, "9": 36.7865790645148, "10": 32.07339142383833, "11": 32.47960967435037, "12": 28.398396478374774, "13": 26.98751365042422, "14": 23.463390657276904, "15": 27.38307194225645, "16": 27.141328691475973, "17": 28.00925300586607, "18": 30.402101075398136, "19": 19.185276653398294, "20": 15.11317277320655, "21": 24.972606032705947, "22": 29.021676254424847, "23": 24.42603563833686, "24": 30.39924755302188, "25": 32.85466143416396, "26": 32.121785607012974, "27": 34.888532749872745, "28": 33.1825222762387, "29": 30.543002705552198, "30": 28.88846470317795, "31": 32.203425910055714, "32": 26.95670592488368, "33": 25.78874708422504, "34": 29.836876482943826, "35": 31.608302285167344, "36": 25.419699836516955, "37": 24.25811983061073, "38": 29.188236786140717, "39": 30.519711594211675, "40": 21.174926866557126, "41": 24.36963563830923, "42": 16.692875579924117, "43": 18.792198739575785, "44": 13.29245746215751, "45": 16.392079622161756, "46": 27.476077170771617, "47": 26.404363298390408, "48": 24.146909551639375, "49": 19.97181027301281, "50": 22.60317140579001, "52": 13.855731449284502, "53": 21.785286366880577, "54": 24.886758411898988, "55": 28.083706490914274, "56": 24.57165592372551, "57": 28.635808370260957, "58": 29.303358116973428, "59": 27.39134122656342, "60": 28.26396543449348 } }, "geometry": { "type": "MultiPolygon", "coordinates": [ [ [ [ 151.875, -26.875 ], [ 151.875, -29.375 ], [ 151.625, -29.375 ], [ 151.625, -29.875 ], [ 151.375, -29.875 ], [ 151.375, -30.125 ], [ 151.625, -30.125 ], [ 151.625, -30.625 ], [ 151.375, -30.625 ], [ 151.375, -31.375 ], [ 150.875, -31.375 ], [ 150.875, -31.625 ], [ 150.625, -31.625 ], [ 150.625, -31.875 ], [ 149.875, -31.875 ], [ 149.875, -32.375 ], [ 149.625, -32.375 ], [ 149.625, -32.875 ], [ 149.375, -32.875 ], [ 149.375, -33.125 ], [ 148.625, -33.125 ], [ 148.625, -32.875 ], [ 148.375, -32.875 ], [ 148.375, -31.625 ], [ 148.625, -31.625 ], [ 148.625, -30.625 ], [ 148.875, -30.625 ], [ 148.875, -30.375 ], [ 150.125, -30.375 ], [ 150.125, -29.875 ], [ 150.875, -29.875 ], [ 150.875, -29.125 ], [ 151.125, -29.125 ], [ 151.125, -28.875 ], [ 151.375, -28.875 ], [ 151.375, -27.625 ], [ 151.625, -27.625 ], [ 151.625, -26.875 ], [ 151.875, -26.875 ] ] ], [ [ [ 151.375, -26.875 ], [ 151.375, -26.625 ], [ 151.625, -26.625 ], [ 151.625, -26.875 ], [ 151.375, -26.875 ] ] ] ] } },
{ "type": "Feature", "properties": { "cluster_id": 52, "cohesion": 9.0008212148083295, "distances": { "1": 37.01934751372349, "2": 30.95578456085611, "3": 42.491234914379426, "4": 42.09827202954255, "5": 34.81663054380837, "6": 26.779693064572985, "7": 33.0921377764524, "8": 37.50430545158371, "9": 39.67663721124563, "10": 33.8992393750554, "11": 34.62637545343516, "12": 29.854262357413685, "13": 28.125606798269494, "14": 25.36503674012155, "15": 29.176504267411268, "16": 27.696827247189486, "17": 26.339619471028563, "18": 27.403101887095335, "19": 16.999188387732186, "20": 16.129166668527244, "21": 25.122931532661653, "22": 26.008713792892106, "23": 23.068787241572725, "24": 31.91413675793041, "25": 32.48730205138639, "26": 32.490389208482625, "27": 32.991829432928256, "28": 31.49755936471296, "29": 29.617923159684644, "30": 26.408694006020912, "31": 29.0774921244996, "32": 25.066942880123456, "33": 22.27672789171246, "34": 25.916043957055653, "35": 28.81031183836439, "36": 23.75682573487724, "37": 22.68403734313099, "38": 27.814468818426132, "39": 28.68542794433671, "40": 17.59367745420075, "41": 22.659582731153012, "42": 19.481625019880376, "43": 16.872589473520765, "44": 19.071179379895042, "45": 22.36820119884304, "46": 30.85158483973304, "47": 28.88130339415312, "48": 29.34887045199965, "49": 17.86290417632117, "50": 19.873488565008458, "51": 13.855731449284503, "53": 20.125153737135037, "54": 23.876515730804353, "55": 28.88948843902999, "56": 24.465204982617202, "57": 28.959964273879915, "58": 30.017187557035115, "59": 27.013719237337707, "60": 27.712934215217647 } }, "geometry": { "type": "Polygon", "coordinates": [ [ [ 146.375, -25.125 ], [ 146.375, -25.375 ], [ 145.875, -25.375 ], [ 145.875, -25.625 ], [ 145.625, -25.625 ], [ 145.625, -25.875 ], [ 145.125, -25.875 ], [ 145.125, -26.625 ], [ 144.875, -26.625 ], [ 144.875, -26.875 ], [ 145.125, -26.875 ], [ 145.125, -27.375 ], [ 144.625, -27.375 ], [ 144.625, -28.375 ], [ 144.875, -28.375 ], [ 144.875, -28.875 ], [ 145.125, -28.875 ], [ 145.125, -29.125 ], [ 146.625, -29.125 ], [ 146.625, -29.375 ], [ 146.875, -29.375 ], [ 146.875, -29.625 ], [ 147.125, -29.625 ], [ 147.125, -29.875 ], [ 147.625, -29.875 ], [ 147.625, -30.375 ], [ 147.875, -30.375 ], [ 147.875, -30.875 ], [ 148.125, -30.875 ], [ 148.125, -31.375 ], [ 148.625, -31.375 ], [ 148.625, -30.625 ], [ 148.875, -30.625 ], [ 148.875, -30.375 ], [ 150.125, -30.375 ], [ 150.125, -29.875 ], [ 150.875, -29.875 ], [ 150.875, -29.125 ], [ 151.125, -29.125 ], [ 151.125, -28.875 ], [ 151.375, -28.875 ], [ 151.375, -27.625 ], [ 151.625, -27.625 ], [ 151.625, -26.875 ], [ 151.375, -26.875 ], [ 151.375, -26.625 ], [ 151.125, -26.625 ], [ 151.125, -26.375 ], [ 149.125, -26.375 ], [ 149.125, -26.125 ], [ 148.875, -26.125 ], [ 148.875, -25.875 ], [ 149.125, -25.875 ], [ 149.125, -25.625 ], [ 148.375, -25.625 ], [ 148.375, -25.375 ], [ 148.125, -25.375 ], [ 148.125, -25.125 ], [ 146.375, -25.125 ] ] ] } },
{ "type": "Feature", "properties": { "cluster_id": 53, "cohesion": 8.5510329413994537, "distances": { "1": 32.41757472356624, "2": 28.26441157077623, "3": 35.39530471928826, "4": 33.08281337093302, "5": 23.574014348073568, "6": 16.623102158872314, "7": 20.26786733062425, "8": 29.80313709672733, "9": 27.304820233576834, "10": 27.860795656160267, "11": 28.943111982437202, "12": 26.459281426043677, "13": 25.559519605992776, "14": 32.00595976237724, "15": 35.093382177339436, "16": 34.955951927832295, "17": 33.63427789168026, "18": 34.739536161804544, "19": 23.404349647177373, "20": 26.00881322089685, "21": 33.189906858825275, "22": 33.199675827595954, "23": 29.59282457288902, "24": 30.348069302527524, "25": 32.18449662315138, "26": 31.40275866130947, "27": 35.39378096869556, "28": 33.14187476673417, "29": 31.419688878425276, "30": 31.708310881389128, "31": 33.252427649502216, "32": 23.99194804712781, "33": 26.554176230409386, "34": 31.839257705925, "35": 31.964481974790797, "36": 28.157846405897423, "37": 27.019003554596797, "38": 29.090217044568945, "39": 30.805123055168497, "40": 21.22849555233581, "41": 24.50231516827761, "42": 22.69495762927141, "43": 17.76558565610131, "44": 21.585254655708923, "45": 24.884130417371406, "46": 33.9867189919843, "47": 28.94033770105104, "48": 29.615540604578705, "49": 11.909471328477984, "50": 19.26789303982779, "51": 21.78528636688058, "52": 20.125153737135037, "54": 15.134532519617563, "55": 15.993693785497124, "56": 25.091979677164733, "57": 27.01409868262069, "58": 21.9147902390679, "59": 21.567291333112482, "60": 25.570900969211987 } }, "geometry": { "type": "Polygon", "coordinates": [ [ [ 140.125, -22.375 ], [ 140.125, -22.625 ], [ 139.125, -22.625 ], [ 139.125, -22.875 ], [ 139.625, -22.875 ], [ 139.625, -23.125 ], [ 139.875, -23.125 ], [ 139.875, -23.375 ], [ 138.875, -23.375 ], [ 138.875, -23.625 ], [ 139.125, -23.625 ], [ 139.125, -23.875 ], [ 139.625, -23.875 ], [ 139.625, -24.125 ], [ 139.875, -24.125 ], [ 139.875, -24.375 ], [ 140.125, -24.375 ], [ 140.125, -24.625 ], [ 140.625, -24.625 ], [ 140.625, -24.875 ], [ 140.875, -24.875 ], [ 140.875, -25.125 ], [ 141.375, -25.125 ], [ 141.375, -25.375 ], [ 141.625, -25.375 ], [ 141.625, -25.625 ], [ 141.875, -25.625 ], [ 141.875, -25.375 ], [ 142.125, -25.375 ], [ 142.125, -25.625 ], [ 142.375, -25.625 ], [ 142.375, -26.125 ], [ 142.625, -26.125 ], [ 142.625, -26.375 ], [ 143.125, -26.375 ], [ 143.125, -26.125 ], [ 143.625, -26.125 ], [ 143.625, -26.375 ], [ 143.875, -26.375 ], [ 143.875, -26.625 ], [ 144.375, -26.625 ], [ 144.375, -26.875 ], [ 144.875, -26.875 ], [ 144.875, -26.625 ], [ 145.125, -26.625 ], [ 145.125, -25.875 ], [ 145.625, -25.875 ], [ 145.625, -25.625 ], [ 145.875, -25.625 ], [ 145.875, -25.375 ], [ 146.125, -25.375 ], [ 146.125, -25.125 ], [ 144.125, -25.125 ], [ 144.125, -24.625 ], [ 143.875, -24.625 ], [ 143.875, -24.125 ], [ 143.625, -24.125 ], [ 143.625, -23.875 ], [ 143.375, -23.875 ], [ 143.375, -23.625 ], [ 143.125, -23.625 ], [ 143.125, -23.375 ], [ 142.125, -23.375 ], [ 142.125, -23.125 ], [ 141.875, -23.125 ], [ 141.875, -22.625 ], [ 141.625, -22.625 ], [ 141.625, -22.375 ], [ 141.125, -22.375 ], [ 141.125, -22.625 ], [ 140.625, -22.625 ], [ 140.625, -22.375 ], [ 140.125, -22.375 ] ] ] } },
{ "type": "Feature", "properties": { "cluster_id": 54, "cohesion": 7.278675044147171, "distances": { "1": 38.84337006332458, "2": 34.69201147536282, "3": 41.003705218512614, "4": 38.394064667194584, "5": 30.71023495325779, "6": 25.583557381143727, "7": 21.60361304712177, "8": 32.86737220414223, "9": 30.703777713055267, "10": 29.300534467346722, "11": 33.01821682644965, "12": 28.340439843772636, "13": 27.53447749078498, "14": 31.592156723573943, "15": 37.515655956919474, "16": 35.810660915350915, "17": 34.65373377289353, "18": 33.41779306831005, "19": 20.94276973002449, "20": 26.347477485250913, "21": 32.03072430908788, "22": 29.867978288043115, "23": 25.72635055385134, "24": 33.46137464134304, "25": 32.006258946776995, "26": 33.10787237895496, "27": 34.712459533548504, "28": 30.82768989787295, "29": 32.88222455152654, "30": 32.75218708172259, "31": 31.67792546766171, "32": 16.871689198554492, "33": 21.159542665789626, "34": 29.905827712089113, "35": 28.009860342094342, "36": 26.64908052185784, "37": 27.446755284273838, "38": 25.76084317349752, "39": 27.075773936782983, "40": 27.485857185396153, "41": 30.66539195124773, "42": 28.92811395208716, "43": 25.564452724541674, "44": 26.25853181819506, "45": 27.22055678413336, "46": 36.56155509544458, "47": 31.34027843608992, "48": 31.932747252365534, "49": 11.938702851037998, "50": 13.40014243451374, "51": 24.886758411898988, "52": 23.876515730804357, "53": 15.134532519617563, "55": 12.716479475724288, "56": 26.560708725733242, "57": 25.911943759401588, "58": 19.015606209317863, "59": 14.863454430022436, "60": 21.02586187120303 } }, "geometry": { "type": "MultiPolygon", "coordinates": [ [ [ [ 134.375, -23.125 ], [ 135.375, -23.125 ], [ 135.375, -22.875 ], [ 137.125, -22.875 ], [ 137.125, -23.125 ], [ 138.125, -23.125 ], [ 138.125, -23.375 ], [ 138.875, -23.375 ], [ 138.875, -23.625 ], [ 139.125, -23.625 ], [ 139.125, -23.875 ], [ 139.625, -23.875 ], [ 139.625, -24.125 ], [ 139.875, -24.125 ], [ 139.875, -24.375 ], [ 140.125, -24.375 ], [ 140.125, -24.625 ], [ 139.875, -24.625 ], [ 139.875, -25.125 ], [ 140.125, -25.125 ], [ 140.125, -25.375 ], [ 140.375, -25.375 ], [ 140.375, -25.625 ], [ 140.125, -25.625 ], [ 140.125, -25.875 ], [ 139.625, -25.875 ], [ 139.625, -25.375 ], [ 138.875, -25.375 ], [ 138.875, -25.125 ], [ 138.625, -25.125 ], [ 138.625, -24.875 ], [ 137.875, -24.875 ], [ 137.875, -24.625 ], [ 137.375, -24.625 ], [ 137.375, -24.375 ], [ 137.125, -24.375 ], [ 137.125, -24.125 ], [ 136.625, -24.125 ], [ 136.625, -23.875 ], [ 136.375, -23.875 ], [ 136.375, -23.625 ], [ 135.875, -23.625 ], [ 135.875, -23.375 ], [ 134.375, -23.375 ], [ 134.375, -23.125 ] ] ], [ [ [ 134.375, -23.625 ], [ 133.625, -23.625 ], [ 133.625, -23.875 ], [ 131.875, -23.875 ], [ 131.875, -24.125 ], [ 131.375, -24.125 ], [ 131.375, -23.875 ], [ 130.375, -23.875 ], [ 130.375, -23.625 ], [ 130.875, -23.625 ], [ 130.875, -23.375 ], [ 134.375, -23.375 ], [ 134.375, -23.625 ] ] ] ] } },
{ "type": "Feature", "properties": { "cluster_id": 55, "cohesion": 7.0675128528794939, "distances": { "1": 35.349358605573634, "2": 32.98934919647131, "3": 34.54025985525662, "4": 30.74375132382899, "5": 23.638475067394484, "6": 21.787371534848468, "7": 13.199434506737514, "8": 26.149647806366886, "9": 21.41874805227932, "10": 24.375840769403744, "11": 28.10218495839687, "12": 25.28062128972357, "13": 25.810645420510937, "14": 35.259041059340284, "15": 39.527463551570385, "16": 39.360990020152485, "17": 39.259877969909574, "18": 39.43397596103815, "19": 28.425509930983523, "20": 31.58846803636321, "21": 37.038537641807046, "22": 36.76315866731728, "23": 32.74855204467067, "24": 33.64434410348478, "25": 34.340942719981314, "26": 34.50425793016885, "27": 39.054417200986364, "28": 35.19252617890005, "29": 36.34700821105093, "30": 37.64570964782778, "31": 37.61898351228102, "32": 22.923668936358627, "33": 29.495267496596227, "34": 36.54566584493545, "35": 34.163274818887544, "36": 31.352478225460974, "37": 31.355606517344615, "38": 29.337310941055932, "39": 31.880733162484034, "40": 29.308709320063482, "41": 31.559760902776894, "42": 29.42786797564913, "43": 25.97182105007467, "44": 26.456788595907827, "45": 27.384296638933392, "46": 36.75463392692573, "47": 31.28902399862061, "48": 30.520249132073758, "49": 18.23331123764339, "50": 22.19533582040546, "51": 28.083706490914274, "52": 28.889488439029993, "53": 15.993693785497127, "54": 12.716479475724288, "56": 28.0328970292139, "57": 25.75479637646553, "58": 14.881549615467351, "59": 16.046327345273646, "60": 22.7496314747224 } }, "geometry": { "type": "Polygon", "coordinates": [ [ [ 132.875, -21.875 ], [ 132.875, -22.125 ], [ 131.625, -22.125 ], [ 131.625, -22.375 ], [ 130.625, -22.375 ], [ 130.625, -22.625 ], [ 130.375, -22.625 ], [ 130.375, -22.875 ], [ 130.625, -22.875 ], [ 130.625, -23.125 ], [ 130.875, -23.125 ], [ 130.875, -23.375 ], [ 134.375, -23.375 ], [ 134.375, -23.125 ], [ 135.375, -23.125 ], [ 135.375, -22.875 ], [ 137.125, -22.875 ], [ 137.125, -23.125 ], [ 138.125, -23.125 ], [ 138.125, -23.375 ], [ 139.875, -23.375 ], [ 139.875, -23.125 ], [ 139.625, -23.125 ], [ 139.625, -22.875 ], [ 139.125, -22.875 ], [ 139.125, -22.625 ], [ 138.375, -22.625 ], [ 138.375, -22.375 ], [ 138.125, -22.375 ], [ 138.125, -22.125 ], [ 137.625, -22.125 ], [ 137.625, -21.875 ], [ 136.625, -21.875 ], [ 136.625, -22.125 ], [ 136.125, -22.125 ], [ 136.125, -21.875 ], [ 132.875, -21.875 ] ] ] } },
{ "type": "Feature", "properties": { "cluster_id": 56, "cohesion": 5.0842496537616482, "distances": { "1": 29.447441647366524, "2": 25.745510824324082, "3": 33.54758887332951, "4": 33.89786235307848, "5": 30.231354324572848, "6": 25.610221842917824, "7": 28.588686462720787, "8": 27.34796467831736, "9": 33.31222229193923, "10": 21.35933462721574, "11": 25.607081872975897, "12": 18.377257658330112, "13": 20.077935836801135, "14": 25.16609529491241, "15": 25.604009109130253, "16": 26.074554407881834, "17": 25.568704012804098, "18": 27.46608913837502, "19": 27.684265108976472, "20": 26.59467694080718, "21": 27.17749960295824, "22": 27.607647945482604, "23": 28.174871484555975, "24": 25.100905280043197, "25": 28.0032101352602, "26": 27.313208757728393, "27": 29.879812694028043, "28": 27.80690081174497, "29": 26.686528303862445, "30": 26.010072874252636, "31": 29.59184159431623, "32": 24.788462869211287, "33": 26.939791271832643, "34": 27.337009096746673, "35": 28.423351278523437, "36": 19.432369532841165, "37": 12.819541141435858, "38": 18.29398955355745, "39": 24.46055917210935, "40": 22.592879823849216, "41": 23.806496659961283, "42": 24.06703813809819, "43": 23.447611841523468, "44": 22.49829771315238, "45": 21.81162662745112, "46": 24.5461576936749, "47": 21.73080381979316, "48": 22.995422728332578, "49": 26.1087872504852, "50": 26.81326309389417, "51": 24.571655923725498, "52": 24.465204982617205, "53": 25.091979677164733, "54": 26.560708725733242, "55": 28.0328970292139, "57": 13.59648162487753, "58": 22.920644934684837, "59": 23.14672739203238, "60": 19.065959176539327 } }, "geometry": { "type": "Polygon", "coordinates": [ [ [ 117.875, -20.125 ], [ 117.875, -20.375 ], [ 116.375, -20.375 ], [ 116.375, -21.125 ], [ 116.125, -21.125 ], [ 116.125, -22.125 ], [ 116.375, -22.125 ], [ 116.375, -22.375 ], [ 116.625, -22.375 ], [ 116.625, -22.625 ], [ 117.125, -22.625 ], [ 117.125, -22.875 ], [ 117.375, -22.875 ], [ 117.375, -22.625 ], [ 117.625, -22.625 ], [ 117.625, -22.375 ], [ 117.875, -22.375 ], [ 117.875, -21.375 ], [ 117.625, -21.375 ], [ 117.625, -20.875 ], [ 117.875, -20.875 ], [ 117.875, -20.625 ], [ 118.125, -20.625 ], [ 118.125, -20.375 ], [ 118.375, -20.375 ], [ 118.375, -20.125 ], [ 117.875, -20.125 ] ] ] } },
{ "type": "Feature", "properties": { "cluster_id": 57, "cohesion": 9.3686029858377946, "distances": { "1": 33.09225507270627, "2": 30.668776484240833, "3": 34.21810131613222, "4": 33.086513569273954, "5": 30.7760368734899, "6": 28.116168628595435, "7": 25.644875798473876, "8": 24.812930805116363, "9": 30.71186233970443, "10": 17.1642962251223, "11": 26.31766902842155, "12": 17.877394788521883, "13": 22.360690496832895, "14": 28.19571039267884, "15": 30.401916397954025, "16": 30.458466622261472, "17": 31.4678127123766, "18": 32.13189539506047, "19": 30.204770807815397, "20": 29.693657057758077, "21": 30.201637801494403, "22": 30.7691402434101, "23": 30.485257912321376, "24": 31.43237259748466, "25": 32.695734204943044, "26": 33.3084337477277, "27": 35.568427617089874, "28": 31.458560973545346, "29": 33.77513061546748, "30": 32.80437473261254, "31": 34.70841383676087, "32": 24.430082620809557, "33": 29.444569741607257, "34": 32.20032881736632, "35": 31.155939756649307, "36": 23.3260902481121, "37": 19.635669075586378, "38": 18.065140121835064, "39": 26.02390060673214, "40": 28.11630849266009, "41": 29.849042095363313, "42": 29.50386329218535, "43": 27.731221981518974, "44": 26.560402653082143, "45": 24.45996657394589, "46": 27.961849558677084, "47": 25.711801661084003, "48": 24.90835147223614, "49": 28.36333961212382, "50": 28.64719254619845, "51": 28.635808370260957, "52": 28.959964273879905, "53": 27.0140986826207, "54": 25.91194375940159, "55": 25.75479637646553, "56": 13.59648162487753, "58": 17.303219659704936, "59": 19.09727246554286, "60": 13.798775782109601 } }, "geometry": { "type": "MultiPolygon", "coordinates": [ [ [ [ 120.375, -19.875 ], [ 119.625, -19.875 ], [ 119.625, -20.125 ], [ 119.125, -20.125 ], [ 119.125, -20.375 ], [ 118.625, -20.375 ], [ 118.625, -21.375 ], [ 119.125, -21.375 ], [ 119.125, -21.125 ], [ 119.625, -21.125 ], [ 119.625, -21.375 ], [ 120.375, -21.375 ], [ 120.375, -21.125 ], [ 120.625, -21.125 ], [ 120.625, -20.875 ], [ 121.125, -20.875 ], [ 121.125, -20.625 ], [ 122.375, -20.625 ], [ 122.375, -20.875 ], [ 122.625, -20.875 ], [ 122.625, -21.125 ], [ 123.125, -21.125 ], [ 123.125, -21.375 ], [ 124.125, -21.375 ], [ 124.125, -22.125 ], [ 124.375, -22.125 ], [ 124.375, -22.375 ], [ 123.125, -22.375 ], [ 123.125, -22.875 ], [ 122.125, -22.875 ], [ 122.125, -23.125 ], [ 121.875, -23.125 ], [ 121.875, -23.375 ], [ 121.125, -23.375 ], [ 121.125, -23.625 ], [ 120.125, -23.625 ], [ 120.125, -23.125 ], [ 119.125, -23.125 ], [ 119.125, -24.125 ], [ 118.125, -24.125 ], [ 118.125, -23.875 ], [ 117.875, -23.875 ], [ 117.875, -23.625 ], [ 117.625, -23.625 ], [ 117.625, -23.375 ], [ 117.375, -23.375 ], [ 117.375, -22.625 ], [ 117.625, -22.625 ], [ 117.625, -22.375 ], [ 117.875, -22.375 ], [ 117.875, -21.375 ], [ 117.625, -21.375 ], [ 117.625, -20.875 ], [ 117.875, -20.875 ], [ 117.875, -20.625 ], [ 118.125, -20.625 ], [ 118.125, -20.375 ], [ 118.375, -20.375 ], [ 118.375, -20.125 ], [ 118.625, -20.125 ], [ 118.625, -19.875 ], [ 119.125, -19.875 ], [ 119.125, -19.625 ], [ 120.375, -19.625 ], [ 120.375, -19.875 ] ] ], [ [ [ 120.375, -19.375 ], [ 120.625, -19.375 ], [ 120.625, -19.625 ], [ 120.375, -19.625 ], [ 120.375, -19.375 ] ] ] ] } },
{ "type": "Feature", "properties": { "cluster_id": 58, "cohesion": 7.4115777420703095, "distances": { "1": 34.408078931446234, "2": 32.587206732836584, "3": 32.6122556041944, "4": 29.040740411032786, "5": 25.62479533671673, "6": 24.58854513829611, "7": 15.093902163412283, "8": 21.191629876344948, "9": 22.109647167781905, "10": 16.50200904860271, "11": 25.256428949617472, "12": 19.62058287361313, "13": 23.393592513848933, "14": 32.757763947912714, "15": 36.388966591886444, "16": 36.30191762641412, "17": 37.12487658796356, "18": 37.42388945207223, "19": 30.224843044255806, "20": 31.510197075464756, "21": 34.73047859537688, "22": 34.9451575286325, "23": 32.49396512719889, "24": 33.7535530758539, "25": 34.97957048856475, "26": 35.356474012282675, "27": 39.36170757719129, "28": 34.949330039626886, "29": 37.05242922615211, "30": 37.17782860206969, "31": 37.992125123067375, "32": 22.980124609031833, "33": 30.44102086133914, "34": 36.012048765850274, "35": 33.84715275415897, "36": 29.368254764436475, "37": 27.97467661748584, "38": 24.818220076810853, "39": 30.088579537661023, "40": 29.70248096021697, "41": 31.994308572865485, "42": 30.528518367089898, "43": 27.127918461667786, "44": 27.05723473915776, "45": 26.015273372063263, "46": 33.24001061730407, "47": 29.492906912553664, "48": 27.67090621845917, "49": 24.31761329212038, "50": 26.310869492935904, "51": 29.303358116973424, "52": 30.017187557035115, "53": 21.914790239067898, "54": 19.015606209317863, "55": 14.881549615467348, "56": 22.920644934684837, "57": 17.303219659704936, "59": 12.523771348599105, "60": 15.53115554461268 } }, "geometry": { "type": "Polygon", "coordinates": [ [ [ 128.375, -20.875 ], [ 128.375, -21.125 ], [ 128.125, -21.125 ], [ 128.125, -21.375 ], [ 127.875, -21.375 ], [ 127.875, -21.625 ], [ 127.625, -21.625 ], [ 127.625, -21.375 ], [ 126.875, -21.375 ], [ 126.875, -21.625 ], [ 126.375, -21.625 ], [ 126.375, -21.375 ], [ 125.375, -21.375 ], [ 125.375, -21.125 ], [ 124.125, -21.125 ], [ 124.125, -22.125 ], [ 125.375, -22.125 ], [ 125.375, -22.625 ], [ 127.625, -22.625 ], [ 127.625, -22.875 ], [ 128.125, -22.875 ], [ 128.125, -22.625 ], [ 128.625, -22.625 ], [ 128.625, -22.875 ], [ 129.375, -22.875 ], [ 129.375, -23.125 ], [ 130.625, -23.125 ], [ 130.625, -22.875 ], [ 130.375, -22.875 ], [ 130.375, -22.625 ], [ 130.625, -22.625 ], [ 130.625, -22.375 ], [ 130.875, -22.375 ], [ 130.875, -22.125 ], [ 130.125, -22.125 ], [ 130.125, -21.875 ], [ 129.875, -21.875 ], [ 129.875, -21.625 ], [ 128.875, -21.625 ], [ 128.875, -20.875 ], [ 128.375, -20.875 ] ] ] } },
{ "type": "Feature", "properties": { "cluster_id": 59, "cohesion": 6.6304973738714592, "distances": { "1": 38.539397466285145, "2": 34.819312813176936, "3": 39.20685877098606, "4": 36.57375466812434, "5": 31.211725003928603, "6": 27.520226539899937, "7": 21.32219541543114, "8": 29.2451128681048, "9": 29.769007018515754, "10": 24.169204967021447, "11": 30.612725628707835, "12": 24.1754778021925, "13": 24.91657308128504, "14": 29.626001230101842, "15": 35.484419268805304, "16": 33.66347529847947, "17": 33.397516174665206, "18": 31.686351924307335, "19": 24.68326084014927, "20": 27.77475693596407, "21": 30.40611476643127, "22": 28.16270874186345, "23": 25.972387769283035, "24": 33.568053330354594, "25": 31.42585201648035, "26": 33.388833008592265, "27": 34.29773430996873, "28": 29.196581508963188, "29": 33.665338573997616, "30": 32.76486426175441, "31": 31.437840428820508, "32": 14.295277141369127, "33": 22.84501830587232, "34": 29.291498810080817, "35": 25.960017757980154, "36": 24.70200705576279, "37": 25.163674193203597, "38": 19.910827127424298, "39": 23.48728580471472, "40": 28.65292933488686, "41": 31.592944803881476, "42": 30.429440325404702, "43": 27.471781420672176, "44": 27.357771595883055, "45": 26.335902598032902, "46": 34.06833714531741, "47": 30.00051375794148, "48": 29.550411031245808, "49": 21.024099572367284, "50": 20.14181865753477, "51": 27.39134122656342, "52": 27.013719237337707, "53": 21.567291333112493, "54": 14.863454430022434, "55": 16.046327345273646, "56": 23.146727392032375, "57": 19.097272465542865, "58": 12.523771348599105, "60": 11.716157769533933 } }, "geometry": { "type": "Polygon", "coordinates": [ [ [ 126.625, -22.625 ], [ 126.625, -22.875 ], [ 126.125, -22.875 ], [ 126.125, -23.125 ], [ 125.125, -23.125 ], [ 125.125, -23.375 ], [ 125.625, -23.375 ], [ 125.625, -23.625 ], [ 126.125, -23.625 ], [ 126.125, -23.875 ], [ 126.375, -23.875 ], [ 126.375, -24.375 ], [ 128.875, -24.375 ], [ 128.875, -24.625 ], [ 130.125, -24.625 ], [ 130.125, -24.125 ], [ 130.375, -24.125 ], [ 130.375, -23.625 ], [ 130.875, -23.625 ], [ 130.875, -23.125 ], [ 129.375, -23.125 ], [ 129.375, -22.875 ], [ 128.625, -22.875 ], [ 128.625, -22.625 ], [ 128.125, -22.625 ], [ 128.125, -22.875 ], [ 127.625, -22.875 ], [ 127.625, -22.625 ], [ 126.625, -22.625 ] ] ] } },
{ "type": "Feature", "properties": { "cluster_id": 60, "cohesion": 7.0516806050869967, "distances": { "1": 37.9568999005969, "2": 34.301097836663416, "3": 39.47816089087047, "4": 37.81627774951455, "5": 33.64069913392903, "6": 29.82447106233504, "7": 25.803461708062976, "8": 29.924738716547857, "9": 33.06621913702527, "10": 23.144840975029876, "11": 30.750055847653826, "12": 23.07941900708805, "13": 24.628415189843487, "14": 27.559581758670166, "15": 32.48543071439163, "16": 30.80350470969341, "17": 31.11970597676552, "18": 29.482023645097037, "19": 26.403776809416915, "20": 27.948676517727247, "21": 28.41703745102182, "22": 26.534248197637133, "23": 26.035213671583264, "24": 33.41046695416691, "25": 31.166523318234958, "26": 33.508052093309615, "27": 33.481769261500105, "28": 28.031964916222783, "29": 33.47313998096761, "30": 31.784286760309932, "31": 31.02107275834396, "32": 16.612460897802173, "33": 24.000577602904553, "34": 28.391498933032526, "35": 25.360267552973124, "36": 21.612583270975303, "37": 21.19475918692246, "38": 14.89080033436229, "39": 21.09483074463401, "40": 28.85275925394233, "41": 31.398282629586024, "42": 30.83960201944914, "43": 28.654952026394483, "44": 27.94808293215547, "45": 26.073498469369188, "46": 31.25950126666546, "47": 28.11164109968001, "48": 28.135385459222682, "49": 25.239922983069224, "50": 23.75890932859317, "51": 28.263965434493482, "52": 27.712934215217643, "53": 25.570900969211987, "54": 21.02586187120303, "55": 22.749631474722403, "56": 19.065959176539323, "57": 13.798775782109603, "58": 15.53115554461268, "59": 11.716157769533933 } }, "geometry": { "type": "Polygon", "coordinates": [ [ [ 124.375, -22.125 ], [ 124.375, -22.375 ], [ 123.125, -22.375 ], [ 123.125, -22.875 ], [ 122.125, -22.875 ], [ 122.125, -23.125 ], [ 121.875, -23.125 ], [ 121.875, -23.375 ], [ 121.625, -23.375 ], [ 121.625, -23.625 ], [ 121.875, -23.625 ], [ 121.875, -23.875 ], [ 123.125, -23.875 ], [ 123.125, -24.375 ], [ 124.625, -24.375 ], [ 124.625, -24.625 ], [ 126.875, -24.625 ], [ 126.875, -24.375 ], [ 126.375, -24.375 ], [ 126.375, -23.875 ], [ 126.125, -23.875 ], [ 126.125, -23.625 ], [ 125.625, -23.625 ], [ 125.625, -23.375 ], [ 125.125, -23.375 ], [ 125.125, -23.125 ], [ 126.125, -23.125 ], [ 126.125, -22.875 ], [ 126.625, -22.875 ], [ 126.625, -22.625 ], [ 125.375, -22.625 ], [ 125.375, -22.125 ], [ 124.375, -22.125 ] ] ] } }
]
}
