{
"type": "FeatureCollection",
"name": "62_clusters",
"crs": { "type": "name", "properties": { "name": "urn:ogc:def:crs:OGC:1.3:CRS84" } },
"features": [
{ "type": "Feature", "properties": { "cluster_id": 1, "cohesion": 8.6487465638442682, "distances": { "2": 17.24033202182467, "3": 10.940391911660678, "4": 18.90891003463502, "5": 24.180438772686287, "6": 22.659505945916994, "7": 23.239301063618836, "8": 31.28635470849942, "9": 26.527482853515856, "10": 29.087553766751377, "11": 29.676584319249294, "12": 28.171349547318282, "13": 20.82427286707156, "14": 27.212458270500765, "15": 26.202532132898707, "16": 37.711049798453395, "17": 31.47181265330928, "18": 36.34861849804197, "19": 36.8281822778166, "20": 42.66383583868136, "21": 42.861468109085415, "22": 40.63612392067549, "23": 41.38529953404568, "24": 44.73080155149566, "25": 44.36900139117672, "26": 27.143376350708664, "27": 38.61652943866565, "28": 33.31743331578965, "29": 43.025370449691806, "30": 44.0558352879256, "31": 36.096894534564186, "32": 37.78165328424618, "33": 44.461116411528806, "34": 42.236100904424816, "35": 44.20031290308304, "36": 43.35329606014713, "37": 46.04452230523563, "38": 40.21923949190091, "39": 35.05665336362148, "40": 40.43808361313947, "41": 43.926329450547875, "42": 28.163243571311238, "43": 24.02160519209459, "44": 27.896593497831955, "45": 28.85987057772195, "46": 29.279854833332728, "47": 30.725440396193086, "48": 28.456836209683093, "49": 24.777229904039437, "50": 27.935062691255126, "51": 37.11346388654352, "52": 41.57343094644793, "53": 35.7415401775237, "54": 37.019347513723496, "55": 32.41757472356624, "56": 38.84337006332458, "57": 35.349358605573634, "58": 29.447441647366524, "59": 33.092255072706266, "60": 34.40807893144623, "61": 38.539397466285145, "62": 37.95689990059691 } }, "geometry": { "type": "MultiPolygon", "coordinates": [ [ [ [ 142.125, -16.375 ], [ 142.375, -16.375 ], [ 142.375, -16.625 ], [ 142.625, -16.625 ], [ 142.625, -17.625 ], [ 142.875, -17.625 ], [ 142.875, -18.125 ], [ 143.125, -18.125 ], [ 143.125, -18.375 ], [ 143.375, -18.375 ], [ 143.375, -19.375 ], [ 143.625, -19.375 ], [ 143.625, -19.625 ], [ 143.375, -19.625 ], [ 143.375, -20.125 ], [ 143.125, -20.125 ], [ 143.125, -19.875 ], [ 142.875, -19.875 ], [ 142.875, -19.625 ], [ 142.625, -19.625 ], [ 142.625, -18.875 ], [ 142.375, -18.875 ], [ 142.375, -18.375 ], [ 142.125, -18.375 ], [ 142.125, -17.625 ], [ 141.875, -17.625 ], [ 141.875, -16.125 ], [ 142.125, -16.125 ], [ 142.125, -16.375 ] ] ], [ [ [ 144.625, -17.375 ], [ 143.875, -17.375 ], [ 143.875, -17.125 ], [ 144.625, -17.125 ], [ 144.625, -17.375 ] ] ], [ [ [ 141.875, -16.125 ], [ 141.625, -16.125 ], [ 141.625, -15.625 ], [ 141.875, -15.625 ], [ 141.875, -16.125 ] ] ], [ [ [ 141.625, -14.125 ], [ 141.625, -15.625 ], [ 141.375, -15.625 ], [ 141.375, -15.125 ], [ 141.125, -15.125 ], [ 141.125, -13.625 ], [ 141.375, -13.625 ], [ 141.375, -14.125 ], [ 141.625, -14.125 ] ] ], [ [ [ 142.875, -10.875 ], [ 142.875, -11.125 ], [ 143.125, -11.125 ], [ 143.125, -11.875 ], [ 143.375, -11.875 ], [ 143.375, -12.375 ], [ 143.625, -12.375 ], [ 143.625, -12.875 ], [ 143.875, -12.875 ], [ 143.875, -13.875 ], [ 144.625, -13.875 ], [ 144.625, -14.125 ], [ 144.875, -14.125 ], [ 144.875, -14.375 ], [ 145.125, -14.375 ], [ 145.125, -14.625 ], [ 145.375, -14.625 ], [ 145.375, -14.875 ], [ 145.625, -14.875 ], [ 145.625, -16.125 ], [ 145.875, -16.125 ], [ 145.875, -16.625 ], [ 145.625, -16.625 ], [ 145.625, -16.375 ], [ 145.375, -16.375 ], [ 145.375, -16.125 ], [ 145.125, -16.125 ], [ 145.125, -16.625 ], [ 144.875, -16.625 ], [ 144.875, -16.875 ], [ 144.125, -16.875 ], [ 144.125, -16.375 ], [ 144.375, -16.375 ], [ 144.375, -15.625 ], [ 144.125, -15.625 ], [ 144.125, -15.375 ], [ 143.875, -15.375 ], [ 143.875, -15.125 ], [ 143.625, -15.125 ], [ 143.625, -14.625 ], [ 143.125, -14.625 ], [ 143.125, -14.875 ], [ 142.375, -14.875 ], [ 142.375, -14.375 ], [ 142.125, -14.375 ], [ 142.125, -13.625 ], [ 141.875, -13.625 ], [ 141.875, -11.625 ], [ 142.125, -11.625 ], [ 142.125, -10.625 ], [ 142.625, -10.625 ], [ 142.625, -10.875 ], [ 142.875, -10.875 ] ] ] ] } },
{ "type": "Feature", "properties": { "cluster_id": 2, "cohesion": 9.0112697687720367, "distances": { "1": 17.240332021824674, "3": 12.754155438804473, "4": 26.70425412361443, "5": 29.74927739528258, "6": 23.13582873597127, "7": 17.793526655225058, "8": 30.103402595370124, "9": 29.067010259210623, "10": 31.661516908049514, "11": 30.163866655353296, "12": 28.919197044473677, "13": 23.18139374696788, "14": 25.268734799484, "15": 21.723107753138372, "16": 33.31210982008317, "17": 29.13788829641172, "18": 31.994737033743043, "19": 29.722933021358333, "20": 34.43591681364504, "21": 35.075776381886214, "22": 33.84413280688843, "23": 35.715780283096976, "24": 36.91072574007541, "25": 37.0364399207442, "26": 23.51351948213406, "27": 30.4143868102229, "28": 26.78620880317849, "29": 33.40488195076963, "30": 34.620441022679785, "31": 27.562005266555303, "32": 28.497106159226625, "33": 34.103436540437265, "34": 34.29798649569678, "35": 35.711315439181845, "36": 33.60570378365016, "37": 36.223976185134994, "38": 31.14816733029577, "39": 27.58029761902162, "40": 33.12513630426838, "41": 35.01394721168899, "42": 16.880456248282133, "43": 12.923918592155198, "44": 20.263948919883358, "45": 20.35127039400981, "46": 24.340510146961652, "47": 27.812058028282145, "48": 28.822362797228315, "49": 24.151165107345992, "50": 28.433195638467247, "51": 29.963549642600107, "52": 33.732120488725734, "53": 28.895138272525767, "54": 28.074956329942545, "55": 25.848658091656805, "56": 32.54945898932424, "57": 31.31638787100225, "58": 24.910422630259987, "59": 30.03577705731989, "60": 31.490156134838585, "61": 32.958826935582756, "62": 32.876165934858584 } }, "geometry": { "type": "MultiPolygon", "coordinates": [ [ [ [ 143.625, -20.375 ], [ 143.875, -20.375 ], [ 143.875, -20.625 ], [ 144.125, -20.625 ], [ 144.125, -20.875 ], [ 144.375, -20.875 ], [ 144.375, -21.375 ], [ 143.875, -21.375 ], [ 143.875, -21.625 ], [ 143.625, -21.625 ], [ 143.625, -22.375 ], [ 143.375, -22.375 ], [ 143.375, -22.125 ], [ 143.125, -22.125 ], [ 143.125, -21.625 ], [ 143.375, -21.625 ], [ 143.375, -21.375 ], [ 143.625, -21.375 ], [ 143.625, -20.625 ], [ 143.375, -20.625 ], [ 143.375, -19.625 ], [ 143.625, -19.625 ], [ 143.625, -20.375 ] ] ], [ [ [ 145.375, -19.125 ], [ 145.375, -19.375 ], [ 145.625, -19.375 ], [ 145.625, -19.625 ], [ 145.875, -19.625 ], [ 145.875, -19.875 ], [ 144.125, -19.875 ], [ 144.125, -19.625 ], [ 143.625, -19.625 ], [ 143.625, -19.375 ], [ 143.875, -19.375 ], [ 143.875, -19.125 ], [ 144.125, -19.125 ], [ 144.125, -18.875 ], [ 144.625, -18.875 ], [ 144.625, -18.625 ], [ 144.875, -18.625 ], [ 144.875, -18.375 ], [ 145.125, -18.375 ], [ 145.125, -19.125 ], [ 145.375, -19.125 ] ] ], [ [ [ 145.375, -17.125 ], [ 145.375, -16.625 ], [ 145.625, -16.625 ], [ 145.625, -17.125 ], [ 145.875, -17.125 ], [ 145.875, -17.375 ], [ 146.125, -17.375 ], [ 146.125, -17.625 ], [ 146.375, -17.625 ], [ 146.375, -18.125 ], [ 146.625, -18.125 ], [ 146.625, -18.875 ], [ 147.375, -18.875 ], [ 147.375, -19.125 ], [ 147.625, -19.125 ], [ 147.625, -19.375 ], [ 147.875, -19.375 ], [ 147.875, -19.625 ], [ 148.375, -19.625 ], [ 148.375, -19.875 ], [ 148.625, -19.875 ], [ 148.625, -20.125 ], [ 148.875, -20.125 ], [ 148.875, -20.375 ], [ 149.125, -20.375 ], [ 149.125, -20.875 ], [ 148.875, -20.875 ], [ 148.875, -20.625 ], [ 148.625, -20.625 ], [ 148.625, -20.375 ], [ 148.375, -20.375 ], [ 148.375, -20.625 ], [ 148.125, -20.625 ], [ 148.125, -20.375 ], [ 147.625, -20.375 ], [ 147.625, -20.125 ], [ 147.375, -20.125 ], [ 147.375, -19.625 ], [ 147.125, -19.625 ], [ 147.125, -19.375 ], [ 146.875, -19.375 ], [ 146.875, -19.125 ], [ 146.125, -19.125 ], [ 146.125, -18.875 ], [ 145.875, -18.875 ], [ 145.875, -18.625 ], [ 145.375, -18.625 ], [ 145.375, -18.375 ], [ 145.125, -18.375 ], [ 145.125, -17.125 ], [ 145.375, -17.125 ] ] ] ] } },
{ "type": "Feature", "properties": { "cluster_id": 3, "cohesion": 8.1137928839426863, "distances": { "1": 10.940391911660678, "2": 12.754155438804473, "4": 23.044044234907467, "5": 27.75784872726561, "6": 23.964888248097136, "7": 21.54601526592781, "8": 31.430501967825464, "9": 28.226947266946567, "10": 31.355832655773376, "11": 30.293827819925163, "12": 28.467336932226537, "13": 21.860215636306222, "14": 26.26827277862725, "15": 24.007807919899047, "16": 34.31971243646787, "17": 28.48972536368839, "18": 32.528679824882104, "19": 31.826515912958754, "20": 37.32743586330921, "21": 38.618211982682475, "22": 36.83739989509911, "23": 37.347854106325904, "24": 39.68260852606993, "25": 39.907964438755506, "26": 24.541024819758725, "27": 34.638136650223075, "28": 29.78160045108005, "29": 38.02983278034179, "30": 39.37412467518156, "31": 31.414488954210114, "32": 32.337989880262555, "33": 38.97112415367669, "34": 38.19354948988474, "35": 39.35422273012788, "36": 37.74846753037607, "37": 40.9587402131944, "38": 35.645375606050045, "39": 30.55926396909655, "40": 36.45196587532905, "41": 39.42695221885139, "42": 23.07565872820314, "43": 18.788576951489144, "44": 24.824659545472286, "45": 25.3997605594023, "46": 27.20143682661065, "47": 29.103574186387952, "48": 27.083008111768056, "49": 23.109898269006965, "50": 27.552917546651567, "51": 33.69882320684024, "52": 37.486010537017556, "53": 32.55921288976688, "54": 32.62363248401659, "55": 29.66300569026641, "56": 35.932436598858835, "57": 33.95790575332182, "58": 26.228982936676985, "59": 31.035249836668754, "60": 33.22234128957227, "61": 35.89643621599462, "62": 35.12605841139252 } }, "geometry": { "type": "MultiPolygon", "coordinates": [ [ [ [ 145.875, -16.625 ], [ 145.875, -16.875 ], [ 146.125, -16.875 ], [ 146.125, -17.125 ], [ 146.375, -17.125 ], [ 146.375, -17.375 ], [ 146.625, -17.375 ], [ 146.625, -17.875 ], [ 146.375, -17.875 ], [ 146.375, -17.625 ], [ 146.125, -17.625 ], [ 146.125, -17.375 ], [ 145.875, -17.375 ], [ 145.875, -17.125 ], [ 145.625, -17.125 ], [ 145.625, -16.625 ], [ 145.875, -16.625 ] ] ], [ [ [ 145.375, -16.625 ], [ 145.375, -17.125 ], [ 145.125, -17.125 ], [ 145.125, -18.375 ], [ 144.875, -18.375 ], [ 144.875, -18.625 ], [ 144.625, -18.625 ], [ 144.625, -18.875 ], [ 144.125, -18.875 ], [ 144.125, -19.125 ], [ 143.875, -19.125 ], [ 143.875, -19.375 ], [ 143.375, -19.375 ], [ 143.375, -18.375 ], [ 143.125, -18.375 ], [ 143.125, -18.125 ], [ 142.875, -18.125 ], [ 142.875, -17.625 ], [ 142.625, -17.625 ], [ 142.625, -16.625 ], [ 142.375, -16.625 ], [ 142.375, -16.375 ], [ 142.125, -16.375 ], [ 142.125, -16.125 ], [ 141.875, -16.125 ], [ 141.875, -15.625 ], [ 141.625, -15.625 ], [ 141.625, -14.125 ], [ 141.375, -14.125 ], [ 141.375, -13.625 ], [ 141.125, -13.625 ], [ 141.125, -12.875 ], [ 141.375, -12.875 ], [ 141.375, -12.125 ], [ 141.625, -12.125 ], [ 141.625, -11.125 ], [ 141.875, -11.125 ], [ 141.875, -10.875 ], [ 142.125, -10.875 ], [ 142.125, -11.625 ], [ 141.875, -11.625 ], [ 141.875, -13.625 ], [ 142.125, -13.625 ], [ 142.125, -14.375 ], [ 142.375, -14.375 ], [ 142.375, -14.875 ], [ 143.125, -14.875 ], [ 143.125, -14.625 ], [ 143.625, -14.625 ], [ 143.625, -15.125 ], [ 143.875, -15.125 ], [ 143.875, -15.375 ], [ 144.125, -15.375 ], [ 144.125, -15.625 ], [ 144.375, -15.625 ], [ 144.375, -16.375 ], [ 144.125, -16.375 ], [ 144.125, -16.875 ], [ 144.875, -16.875 ], [ 144.875, -16.625 ], [ 145.125, -16.625 ], [ 145.125, -16.125 ], [ 145.375, -16.125 ], [ 145.375, -16.375 ], [ 145.625, -16.375 ], [ 145.625, -16.625 ], [ 145.375, -16.625 ] ], [ [ 143.875, -17.375 ], [ 144.625, -17.375 ], [ 144.625, -17.125 ], [ 143.875, -17.125 ], [ 143.875, -17.375 ] ] ] ] } },
{ "type": "Feature", "properties": { "cluster_id": 4, "cohesion": 8.5311386439412491, "distances": { "1": 18.90891003463502, "2": 26.70425412361443, "3": 23.044044234907467, "5": 13.045817225583196, "6": 19.48332768759154, "7": 25.606418457886207, "8": 27.660800882331685, "9": 18.195001503537913, "10": 21.375803011387013, "11": 24.799058171237643, "12": 24.977152331490775, "13": 15.22618408087, "14": 24.52440326629251, "15": 25.32992173699014, "16": 43.61247128959111, "17": 39.10267855167915, "18": 43.80703024747041, "19": 45.2142581835126, "20": 50.28942022525956, "21": 48.22251775886547, "22": 45.59103447819432, "23": 47.78917234341921, "24": 51.473295626106676, "25": 50.196456988997674, "26": 32.12588965716056, "27": 42.445957341667935, "28": 37.963010383776535, "29": 48.577409907828645, "30": 48.173412925738376, "31": 42.63911875422553, "32": 45.54856181255764, "33": 50.78501958048963, "34": 45.44712768950653, "35": 49.959375162748024, "36": 50.344739447845704, "37": 50.86632103687586, "38": 44.80034135994982, "39": 40.75811364261436, "40": 43.43865989063538, "41": 47.53956327281968, "42": 35.16836782301342, "43": 32.64811600476694, "44": 32.25257091114056, "45": 32.7890788110939, "46": 31.58681162161097, "47": 32.71734891264319, "48": 34.08595829155131, "49": 30.65339929147799, "50": 29.760571667132766, "51": 41.21089493401005, "52": 46.26915143520989, "53": 39.49300709325066, "54": 42.491234914379426, "55": 35.39530471928827, "56": 41.00370521851262, "57": 34.540259855256615, "58": 33.54758887332951, "59": 34.21810131613222, "60": 32.6122556041944, "61": 39.20685877098606, "62": 39.478160890870484 } }, "geometry": { "type": "MultiPolygon", "coordinates": [ [ [ [ 141.375, -15.125 ], [ 141.375, -15.625 ], [ 141.625, -15.625 ], [ 141.625, -16.125 ], [ 141.875, -16.125 ], [ 141.875, -17.625 ], [ 142.125, -17.625 ], [ 142.125, -18.375 ], [ 142.375, -18.375 ], [ 142.375, -18.875 ], [ 142.625, -18.875 ], [ 142.625, -19.625 ], [ 142.875, -19.625 ], [ 142.875, -20.125 ], [ 142.375, -20.125 ], [ 142.375, -19.375 ], [ 142.125, -19.375 ], [ 142.125, -18.875 ], [ 141.875, -18.875 ], [ 141.875, -18.625 ], [ 141.625, -18.625 ], [ 141.625, -18.125 ], [ 141.375, -18.125 ], [ 141.375, -17.875 ], [ 141.125, -17.875 ], [ 141.125, -17.625 ], [ 140.375, -17.625 ], [ 140.375, -17.375 ], [ 140.625, -17.375 ], [ 140.625, -16.875 ], [ 140.875, -16.875 ], [ 140.875, -15.875 ], [ 141.125, -15.875 ], [ 141.125, -15.125 ], [ 141.375, -15.125 ] ] ], [ [ [ 133.875, -11.875 ], [ 133.875, -12.125 ], [ 135.625, -12.125 ], [ 135.625, -12.375 ], [ 135.875, -12.375 ], [ 135.875, -12.875 ], [ 135.625, -12.875 ], [ 135.625, -13.125 ], [ 135.375, -13.125 ], [ 135.375, -13.375 ], [ 134.875, -13.375 ], [ 134.875, -13.125 ], [ 133.875, -13.125 ], [ 133.875, -13.375 ], [ 133.625, -13.375 ], [ 133.625, -13.625 ], [ 133.375, -13.625 ], [ 133.375, -14.125 ], [ 133.125, -14.125 ], [ 133.125, -14.375 ], [ 132.875, -14.375 ], [ 132.875, -14.625 ], [ 132.625, -14.625 ], [ 132.625, -14.875 ], [ 132.375, -14.875 ], [ 132.375, -15.375 ], [ 132.625, -15.375 ], [ 132.625, -16.125 ], [ 132.125, -16.125 ], [ 132.125, -15.875 ], [ 131.625, -15.875 ], [ 131.625, -16.125 ], [ 131.375, -16.125 ], [ 131.375, -15.375 ], [ 130.875, -15.375 ], [ 130.875, -14.625 ], [ 130.375, -14.625 ], [ 130.375, -14.875 ], [ 129.875, -14.875 ], [ 129.875, -14.125 ], [ 130.125, -14.125 ], [ 130.125, -13.875 ], [ 130.375, -13.875 ], [ 130.375, -13.625 ], [ 130.875, -13.625 ], [ 130.875, -13.375 ], [ 131.125, -13.375 ], [ 131.125, -13.125 ], [ 131.875, -13.125 ], [ 131.875, -12.875 ], [ 132.125, -12.875 ], [ 132.125, -12.625 ], [ 132.625, -12.625 ], [ 132.625, -12.375 ], [ 133.125, -12.375 ], [ 133.125, -11.875 ], [ 133.875, -11.875 ] ] ] ] } },
{ "type": "Feature", "properties": { "cluster_id": 5, "cohesion": 9.8110680516314019, "distances": { "1": 24.18043877268628, "2": 29.749277395282576, "3": 27.757848727265607, "4": 13.04581722558319, "6": 16.42529344538226, "7": 24.194971707552103, "8": 22.932388391475673, "9": 15.10360224498097, "10": 15.33008514448466, "11": 20.619680108297377, "12": 23.14609055338759, "13": 17.31111691086553, "14": 24.042894321181283, "15": 26.837373473021785, "16": 44.52070551459275, "17": 41.796206806921596, "18": 45.824188013749236, "19": 47.44968792549479, "20": 51.743535220109074, "21": 47.37848585724638, "22": 45.222002481287255, "23": 48.55170768220119, "24": 52.1003230503879, "25": 50.06549833860148, "26": 34.57557781120832, "27": 43.39053584359431, "28": 39.71353016008982, "29": 49.920524365722045, "30": 48.570700589283675, "31": 44.468368243645315, "32": 47.47905449571635, "33": 51.798870047474786, "34": 44.09002305730386, "35": 49.54432632970287, "36": 51.280435655475884, "37": 51.01216583071241, "38": 44.816702429137386, "39": 41.34927676632614, "40": 42.94172406383299, "41": 47.28562241379705, "42": 36.04612051000769, "43": 34.97059004495444, "44": 33.28973029835171, "45": 32.30766000257627, "46": 31.49795020418558, "47": 32.401265536487166, "48": 36.32309733894967, "49": 32.712275502409774, "50": 30.30474689445777, "51": 39.50791616324706, "52": 44.954355684423966, "53": 39.04174833584183, "54": 42.09827202954254, "55": 33.082813370933025, "56": 38.394064667194584, "57": 30.743751323829002, "58": 33.897862353078466, "59": 33.08651356927396, "60": 29.04074041103279, "61": 36.57375466812433, "62": 37.81627774951454 } }, "geometry": { "type": "MultiPolygon", "coordinates": [ [ [ [ 130.375, -14.875 ], [ 130.375, -14.625 ], [ 130.875, -14.625 ], [ 130.875, -15.375 ], [ 131.375, -15.375 ], [ 131.375, -16.125 ], [ 131.625, -16.125 ], [ 131.625, -15.875 ], [ 132.125, -15.875 ], [ 132.125, -16.125 ], [ 132.625, -16.125 ], [ 132.625, -15.375 ], [ 132.375, -15.375 ], [ 132.375, -14.875 ], [ 132.625, -14.875 ], [ 132.625, -15.125 ], [ 132.875, -15.125 ], [ 132.875, -15.375 ], [ 133.875, -15.375 ], [ 133.875, -15.625 ], [ 134.125, -15.625 ], [ 134.125, -15.375 ], [ 134.375, -15.375 ], [ 134.375, -15.125 ], [ 134.625, -15.125 ], [ 134.625, -14.875 ], [ 135.375, -14.875 ], [ 135.375, -15.125 ], [ 136.375, -15.125 ], [ 136.375, -15.375 ], [ 136.625, -15.375 ], [ 136.625, -15.625 ], [ 137.375, -15.625 ], [ 137.375, -15.875 ], [ 137.875, -15.875 ], [ 137.875, -16.125 ], [ 138.125, -16.125 ], [ 138.125, -16.375 ], [ 138.875, -16.375 ], [ 138.875, -16.625 ], [ 139.125, -16.625 ], [ 139.125, -16.875 ], [ 139.375, -16.875 ], [ 139.375, -17.125 ], [ 139.625, -17.125 ], [ 139.625, -17.375 ], [ 140.375, -17.375 ], [ 140.375, -17.625 ], [ 141.125, -17.625 ], [ 141.125, -17.875 ], [ 141.375, -17.875 ], [ 141.375, -18.125 ], [ 141.625, -18.125 ], [ 141.625, -18.625 ], [ 141.875, -18.625 ], [ 141.875, -18.875 ], [ 142.125, -18.875 ], [ 142.125, -19.375 ], [ 142.375, -19.375 ], [ 142.375, -20.125 ], [ 141.625, -20.125 ], [ 141.625, -20.625 ], [ 141.375, -20.625 ], [ 141.375, -21.125 ], [ 140.375, -21.125 ], [ 140.375, -20.875 ], [ 139.125, -20.875 ], [ 139.125, -20.625 ], [ 138.875, -20.625 ], [ 138.875, -20.375 ], [ 138.625, -20.375 ], [ 138.625, -20.125 ], [ 138.375, -20.125 ], [ 138.375, -19.875 ], [ 138.125, -19.875 ], [ 138.125, -20.125 ], [ 137.625, -20.125 ], [ 137.625, -19.875 ], [ 137.125, -19.875 ], [ 137.125, -19.375 ], [ 135.875, -19.375 ], [ 135.875, -19.125 ], [ 134.875, -19.125 ], [ 134.875, -19.375 ], [ 132.875, -19.375 ], [ 132.875, -19.125 ], [ 130.875, -19.125 ], [ 130.875, -18.875 ], [ 130.125, -18.875 ], [ 130.125, -19.125 ], [ 128.625, -19.125 ], [ 128.625, -18.625 ], [ 128.375, -18.625 ], [ 128.375, -17.625 ], [ 128.625, -17.625 ], [ 128.625, -16.625 ], [ 128.875, -16.625 ], [ 128.875, -15.875 ], [ 128.375, -15.875 ], [ 128.375, -15.125 ], [ 128.625, -15.125 ], [ 128.625, -14.875 ], [ 129.625, -14.875 ], [ 129.625, -14.125 ], [ 129.875, -14.125 ], [ 129.875, -14.875 ], [ 130.375, -14.875 ] ] ], [ [ [ 129.875, -13.875 ], [ 130.125, -13.875 ], [ 130.125, -14.125 ], [ 129.875, -14.125 ], [ 129.875, -13.875 ] ] ], [ [ [ 130.375, -13.875 ], [ 130.125, -13.875 ], [ 130.125, -13.625 ], [ 130.375, -13.625 ], [ 130.375, -13.875 ] ] ], [ [ [ 134.875, -13.375 ], [ 135.375, -13.375 ], [ 135.375, -13.625 ], [ 135.125, -13.625 ], [ 135.125, -13.875 ], [ 134.875, -13.875 ], [ 134.875, -14.125 ], [ 134.375, -14.125 ], [ 134.375, -13.125 ], [ 134.875, -13.125 ], [ 134.875, -13.375 ] ] ], [ [ [ 130.875, -13.625 ], [ 130.375, -13.625 ], [ 130.375, -13.375 ], [ 130.625, -13.375 ], [ 130.625, -13.125 ], [ 131.125, -13.125 ], [ 131.125, -13.375 ], [ 130.875, -13.375 ], [ 130.875, -13.625 ] ] ], [ [ [ 131.875, -13.125 ], [ 131.125, -13.125 ], [ 131.125, -12.875 ], [ 131.875, -12.875 ], [ 131.875, -13.125 ] ] ] ] } },
{ "type": "Feature", "properties": { "cluster_id": 6, "cohesion": 9.0510530766706356, "distances": { "1": 22.659505945916994, "2": 23.13582873597127, "3": 23.96488824809713, "4": 19.483327687591544, "5": 16.425293445382255, "7": 13.954498781386324, "8": 18.019538634394024, "9": 19.756025360177397, "10": 15.19467023851051, "11": 20.984079519458906, "12": 24.544413545351553, "13": 19.91137994583469, "14": 24.180499855394782, "15": 24.90497960255735, "16": 40.45739499289193, "17": 38.913046227704655, "18": 42.042506221456996, "19": 42.37173302985396, "20": 46.01487716193256, "21": 40.35040560338227, "22": 39.41137069226078, "23": 43.8448922528236, "24": 46.32610398296247, "25": 44.00313903037487, "26": 30.797846156704836, "27": 37.67993220728056, "28": 34.62000178707455, "29": 43.641644243424004, "30": 42.287208014054066, "31": 38.395399693527594, "32": 41.2522571246836, "33": 44.81198724464528, "34": 37.449651212207044, "35": 42.602795151928966, "36": 44.52947033455309, "37": 44.25214135816691, "38": 38.71684589703142, "39": 36.03357415428323, "40": 37.9702378087984, "41": 41.24860422941953, "42": 28.04147260439481, "43": 27.656079902727125, "44": 26.828527516986753, "45": 24.46627047217912, "46": 26.339527519249035, "47": 28.966340378906995, "48": 34.742020234556584, "49": 29.817856472114048, "50": 28.97028565541585, "51": 31.023426307792683, "52": 37.24103510742397, "53": 32.94086535014201, "54": 34.81663054380837, "55": 23.574014348073568, "56": 30.71023495325779, "57": 23.638475067394484, "58": 30.231354324572848, "59": 30.7760368734899, "60": 25.62479533671673, "61": 31.211725003928603, "62": 33.64069913392903 } }, "geometry": { "type": "Polygon", "coordinates": [ [ [ 142.875, -19.875 ], [ 142.875, -20.125 ], [ 141.625, -20.125 ], [ 141.625, -20.625 ], [ 141.375, -20.625 ], [ 141.375, -21.125 ], [ 140.375, -21.125 ], [ 140.375, -20.875 ], [ 139.125, -20.875 ], [ 139.125, -20.625 ], [ 138.875, -20.625 ], [ 138.875, -20.375 ], [ 138.375, -20.375 ], [ 138.375, -20.625 ], [ 138.625, -20.625 ], [ 138.625, -21.375 ], [ 138.875, -21.375 ], [ 138.875, -21.875 ], [ 140.625, -21.875 ], [ 140.625, -21.625 ], [ 140.875, -21.625 ], [ 140.875, -21.875 ], [ 142.375, -21.875 ], [ 142.375, -21.375 ], [ 143.125, -21.375 ], [ 143.125, -19.875 ], [ 142.875, -19.875 ] ] ] } },
{ "type": "Feature", "properties": { "cluster_id": 7, "cohesion": 8.0158196982204011, "distances": { "1": 23.239301063618836, "2": 17.793526655225058, "3": 21.54601526592781, "4": 25.606418457886207, "5": 24.1949717075521, "6": 13.954498781386325, "8": 20.011685320630416, "9": 24.078295054744423, "10": 22.32540153479907, "11": 23.454705371934526, "12": 25.707671457162963, "13": 22.035857503351966, "14": 23.397208685034958, "15": 22.336877465596185, "16": 35.53723968003372, "17": 34.71832077382716, "18": 36.73107596646149, "19": 35.565955887443735, "20": 38.67980959132418, "21": 33.12722199075308, "22": 32.992882528601925, "23": 37.93828350875842, "24": 39.13956836616514, "25": 37.21983274189385, "26": 27.419642649687134, "27": 32.57308832507978, "28": 30.075010019008122, "29": 37.06310753942421, "30": 36.07539648305053, "31": 32.03535058757383, "32": 33.80643193358194, "33": 37.203925636287984, "34": 31.479601085517672, "35": 35.14409873767614, "36": 36.64656923672886, "37": 37.225755649808896, "38": 32.154981228173206, "39": 29.670583011289306, "40": 32.675412579764995, "41": 35.15326758901029, "42": 19.374157943180506, "43": 20.310544031836276, "44": 21.16694319129921, "45": 16.84088642383533, "46": 22.295174538276584, "47": 26.23644655334242, "48": 32.593431620969525, "49": 27.49235277075915, "50": 28.38077578713309, "51": 24.127545968044075, "52": 30.203546302406128, "53": 27.03758150582502, "54": 26.77969306457298, "55": 16.623102158872314, "56": 25.583557381143727, "57": 21.787371534848468, "58": 25.610221842917824, "59": 28.116168628595435, "60": 24.58854513829611, "61": 27.520226539899937, "62": 29.82447106233504 } }, "geometry": { "type": "Polygon", "coordinates": [ [ [ 143.125, -20.125 ], [ 143.125, -21.375 ], [ 142.375, -21.375 ], [ 142.375, -21.875 ], [ 140.875, -21.875 ], [ 140.875, -21.625 ], [ 140.625, -21.625 ], [ 140.625, -21.875 ], [ 140.125, -21.875 ], [ 140.125, -22.125 ], [ 140.375, -22.125 ], [ 140.375, -22.375 ], [ 140.625, -22.375 ], [ 140.625, -22.625 ], [ 141.125, -22.625 ], [ 141.125, -22.375 ], [ 141.625, -22.375 ], [ 141.625, -22.625 ], [ 141.875, -22.625 ], [ 141.875, -23.125 ], [ 142.125, -23.125 ], [ 142.125, -23.375 ], [ 142.875, -23.375 ], [ 142.875, -23.125 ], [ 143.125, -23.125 ], [ 143.125, -22.875 ], [ 143.375, -22.875 ], [ 143.375, -22.125 ], [ 143.125, -22.125 ], [ 143.125, -21.625 ], [ 143.375, -21.625 ], [ 143.375, -21.375 ], [ 143.625, -21.375 ], [ 143.625, -20.625 ], [ 143.375, -20.625 ], [ 143.375, -20.125 ], [ 143.125, -20.125 ] ] ] } },
{ "type": "Feature", "properties": { "cluster_id": 8, "cohesion": 9.7282918018884281, "distances": { "1": 31.286354708499413, "2": 30.103402595370124, "3": 31.430501967825464, "4": 27.66080088233169, "5": 22.932388391475673, "6": 18.01953863439402, "7": 20.011685320630416, "9": 19.047471094044486, "10": 13.89949655339526, "11": 14.054654901469432, "12": 21.300456206130058, "13": 23.228208069772396, "14": 22.336256102914298, "15": 24.940271160318513, "16": 37.94708106420372, "17": 40.04361901416845, "18": 41.32290286624447, "19": 42.102659518361, "20": 43.72773512432761, "21": 34.93290631442814, "22": 35.91365782040669, "23": 40.690136696027295, "24": 42.0496192218765, "25": 38.70779503305336, "26": 33.88549344450622, "27": 37.38143867871751, "28": 36.30161796289336, "29": 43.071606958105406, "30": 39.73878409236181, "31": 39.39340598410951, "32": 41.2465279943078, "33": 42.81838478329911, "34": 29.969140712705507, "35": 36.65910574496524, "36": 41.81953291094794, "37": 40.042876168869235, "38": 35.549701163530116, "39": 34.05068721590537, "40": 32.945778204311004, "41": 36.792567848341136, "42": 30.95033216222448, "43": 32.30983225151964, "44": 30.305725758317887, "45": 26.94962463743764, "46": 27.348061889345708, "47": 27.935520526927874, "48": 35.94335054138229, "49": 31.077956868651967, "50": 29.161332002902604, "51": 25.399267013610636, "52": 30.377843207138138, "53": 31.35613559186376, "54": 33.092137776452404, "55": 20.26786733062425, "56": 21.603613047121772, "57": 13.199434506737513, "58": 28.58868646272078, "59": 25.644875798473876, "60": 15.093902163412283, "61": 21.32219541543114, "62": 25.803461708062976 } }, "geometry": { "type": "Polygon", "coordinates": [ [ [ 129.875, -19.625 ], [ 129.875, -19.875 ], [ 128.875, -19.875 ], [ 128.875, -20.125 ], [ 128.125, -20.125 ], [ 128.125, -20.375 ], [ 128.625, -20.375 ], [ 128.625, -20.875 ], [ 128.875, -20.875 ], [ 128.875, -21.625 ], [ 129.875, -21.625 ], [ 129.875, -21.875 ], [ 130.125, -21.875 ], [ 130.125, -22.125 ], [ 130.875, -22.125 ], [ 130.875, -22.375 ], [ 131.625, -22.375 ], [ 131.625, -22.125 ], [ 132.875, -22.125 ], [ 132.875, -21.875 ], [ 136.125, -21.875 ], [ 136.125, -22.125 ], [ 136.625, -22.125 ], [ 136.625, -21.875 ], [ 137.625, -21.875 ], [ 137.625, -22.125 ], [ 138.125, -22.125 ], [ 138.125, -22.375 ], [ 138.375, -22.375 ], [ 138.375, -22.625 ], [ 140.125, -22.625 ], [ 140.125, -22.375 ], [ 140.375, -22.375 ], [ 140.375, -22.125 ], [ 140.125, -22.125 ], [ 140.125, -21.875 ], [ 138.875, -21.875 ], [ 138.875, -21.375 ], [ 138.625, -21.375 ], [ 138.625, -21.125 ], [ 137.625, -21.125 ], [ 137.625, -20.875 ], [ 136.125, -20.875 ], [ 136.125, -21.125 ], [ 134.875, -21.125 ], [ 134.875, -21.375 ], [ 133.625, -21.375 ], [ 133.625, -21.125 ], [ 132.125, -21.125 ], [ 132.125, -21.625 ], [ 131.375, -21.625 ], [ 131.375, -21.375 ], [ 131.125, -21.375 ], [ 131.125, -20.625 ], [ 130.875, -20.625 ], [ 130.875, -20.375 ], [ 130.625, -20.375 ], [ 130.625, -20.125 ], [ 130.375, -20.125 ], [ 130.375, -19.625 ], [ 129.875, -19.625 ] ] ] } },
{ "type": "Feature", "properties": { "cluster_id": 9, "cohesion": 6.9615330663153552, "distances": { "1": 26.527482853515856, "2": 29.067010259210623, "3": 28.226947266946567, "4": 18.195001503537913, "5": 15.10360224498097, "6": 19.75602536017739, "7": 24.078295054744423, "8": 19.047471094044482, "10": 16.291138360319476, "11": 12.22806875795528, "12": 13.794047909098143, "13": 14.584549227154865, "14": 15.075498613251183, "15": 21.187469069865397, "16": 39.1076002523495, "17": 37.97647927790824, "18": 40.75760811531999, "19": 42.28237055693588, "20": 45.65662091879266, "21": 41.47406368315505, "22": 39.86715917635698, "23": 42.606296217709954, "24": 45.50166896397646, "25": 43.67617920700494, "26": 33.02272019271419, "27": 40.01284562733237, "28": 37.38504738633999, "29": 45.514512520963955, "30": 43.44787496153788, "31": 40.96648398816414, "32": 42.71943539311551, "33": 46.52408741837601, "34": 37.44507982308315, "35": 43.12401379713832, "36": 45.467882076348964, "37": 44.92904374591036, "38": 38.88615890023771, "39": 35.20857959571273, "40": 35.73436282819945, "41": 41.05477840816409, "42": 32.79625982381021, "43": 32.842138834688136, "44": 31.644947387914897, "45": 29.70484494926942, "46": 29.122490470239068, "47": 28.88915266293937, "48": 33.203273894480375, "49": 30.3013272641813, "50": 27.53247764461429, "51": 35.053011704221774, "52": 39.22156367418491, "53": 35.22840971435104, "54": 37.50430545158371, "55": 29.80313709672733, "56": 32.86737220414223, "57": 26.149647806366893, "58": 27.34796467831736, "59": 24.812930805116366, "60": 21.191629876344948, "61": 29.2451128681048, "62": 29.924738716547864 } }, "geometry": { "type": "Polygon", "coordinates": [ [ [ 128.125, -15.375 ], [ 128.125, -15.625 ], [ 127.875, -15.625 ], [ 127.875, -16.125 ], [ 128.125, -16.125 ], [ 128.125, -16.375 ], [ 127.875, -16.375 ], [ 127.875, -16.625 ], [ 127.625, -16.625 ], [ 127.625, -16.125 ], [ 127.125, -16.125 ], [ 127.125, -16.375 ], [ 126.875, -16.375 ], [ 126.875, -16.625 ], [ 126.625, -16.625 ], [ 126.625, -16.875 ], [ 126.375, -16.875 ], [ 126.375, -17.125 ], [ 126.125, -17.125 ], [ 126.125, -17.625 ], [ 125.875, -17.625 ], [ 125.875, -17.875 ], [ 125.375, -17.875 ], [ 125.375, -17.625 ], [ 125.625, -17.625 ], [ 125.625, -16.625 ], [ 125.875, -16.625 ], [ 125.875, -16.125 ], [ 125.625, -16.125 ], [ 125.625, -15.875 ], [ 125.375, -15.875 ], [ 125.375, -16.125 ], [ 125.125, -16.125 ], [ 125.125, -16.375 ], [ 124.625, -16.375 ], [ 124.625, -16.875 ], [ 124.875, -16.875 ], [ 124.875, -17.375 ], [ 124.625, -17.375 ], [ 124.625, -18.125 ], [ 124.875, -18.125 ], [ 124.875, -18.375 ], [ 125.625, -18.375 ], [ 125.625, -19.125 ], [ 125.875, -19.125 ], [ 125.875, -19.625 ], [ 127.125, -19.625 ], [ 127.125, -19.375 ], [ 127.375, -19.375 ], [ 127.375, -19.125 ], [ 127.625, -19.125 ], [ 127.625, -18.875 ], [ 128.125, -18.875 ], [ 128.125, -19.375 ], [ 128.375, -19.375 ], [ 128.375, -19.125 ], [ 128.625, -19.125 ], [ 128.625, -18.625 ], [ 128.375, -18.625 ], [ 128.375, -17.625 ], [ 128.625, -17.625 ], [ 128.625, -16.625 ], [ 128.875, -16.625 ], [ 128.875, -15.875 ], [ 128.375, -15.875 ], [ 128.375, -15.375 ], [ 128.125, -15.375 ] ] ] } },
{ "type": "Feature", "properties": { "cluster_id": 10, "cohesion": 8.2391740989302633, "distances": { "1": 29.087553766751384, "2": 31.661516908049514, "3": 31.355832655773384, "4": 21.37580301138701, "5": 15.330085144484663, "6": 15.19467023851051, "7": 22.32540153479907, "8": 13.89949655339526, "9": 16.29113836031947, "11": 15.928706411001022, "12": 22.537818085155603, "13": 21.457678595608467, "14": 24.527599531795733, "15": 27.60331323988924, "16": 43.2946713586235, "17": 43.24579826738695, "18": 46.04098158068675, "19": 47.49940346759702, "20": 50.42263568716578, "21": 43.04434801892138, "22": 42.56331980658804, "23": 46.92300340071244, "24": 49.60293788692204, "25": 46.52553022762459, "26": 35.79916752458325, "27": 41.85185459461975, "28": 39.53790860933923, "29": 48.56883504415753, "30": 45.94130660468871, "31": 44.01561538629119, "32": 46.92677995998434, "33": 49.60076045437535, "34": 38.53716100815063, "35": 45.23029421910558, "36": 49.07494323030863, "37": 47.56828895916361, "38": 42.222299226492076, "39": 40.01738923131415, "40": 39.76471502136474, "41": 43.846114683601115, "42": 35.63356850231748, "43": 35.7043930447887, "44": 33.3753332501543, "45": 31.190438781453377, "46": 30.649121939006267, "47": 31.329194294173956, "48": 37.87698006831008, "49": 33.251808699721764, "50": 30.625904939997433, "51": 33.517086854155174, "52": 39.20018588987891, "53": 36.786579064514804, "54": 39.67663721124563, "55": 27.304820233576827, "56": 30.70377771305526, "57": 21.418748052279316, "58": 33.312222291939236, "59": 30.71186233970443, "60": 22.109647167781905, "61": 29.769007018515754, "62": 33.066219137025264 } }, "geometry": { "type": "Polygon", "coordinates": [ [ [ 130.125, -18.875 ], [ 130.125, -19.125 ], [ 128.375, -19.125 ], [ 128.375, -19.625 ], [ 129.125, -19.625 ], [ 129.125, -19.875 ], [ 129.875, -19.875 ], [ 129.875, -19.625 ], [ 130.375, -19.625 ], [ 130.375, -20.125 ], [ 130.625, -20.125 ], [ 130.625, -20.375 ], [ 130.875, -20.375 ], [ 130.875, -20.625 ], [ 131.125, -20.625 ], [ 131.125, -21.375 ], [ 131.375, -21.375 ], [ 131.375, -21.625 ], [ 132.125, -21.625 ], [ 132.125, -21.125 ], [ 133.625, -21.125 ], [ 133.625, -21.375 ], [ 134.875, -21.375 ], [ 134.875, -21.125 ], [ 136.125, -21.125 ], [ 136.125, -20.875 ], [ 137.625, -20.875 ], [ 137.625, -21.125 ], [ 138.625, -21.125 ], [ 138.625, -20.625 ], [ 138.375, -20.625 ], [ 138.375, -20.375 ], [ 138.625, -20.375 ], [ 138.625, -20.125 ], [ 138.375, -20.125 ], [ 138.375, -19.875 ], [ 138.125, -19.875 ], [ 138.125, -20.125 ], [ 137.625, -20.125 ], [ 137.625, -19.875 ], [ 137.125, -19.875 ], [ 137.125, -19.375 ], [ 135.875, -19.375 ], [ 135.875, -19.125 ], [ 134.875, -19.125 ], [ 134.875, -19.375 ], [ 132.875, -19.375 ], [ 132.875, -19.125 ], [ 130.875, -19.125 ], [ 130.875, -18.875 ], [ 130.125, -18.875 ] ] ] } },
{ "type": "Feature", "properties": { "cluster_id": 11, "cohesion": 6.1203294704682429, "distances": { "1": 29.676584319249294, "2": 30.163866655353296, "3": 30.293827819925166, "4": 24.799058171237647, "5": 20.619680108297377, "6": 20.984079519458902, "7": 23.45470537193453, "8": 14.054654901469428, "9": 12.22806875795528, "10": 15.928706411001022, "12": 12.760753246042835, "13": 19.775987972667345, "14": 16.766417580239093, "15": 22.986161507472232, "16": 36.31312252240327, "17": 37.24132403249341, "18": 38.95158530041931, "19": 40.569410746384605, "20": 42.790662925109245, "21": 36.77619388517901, "22": 36.21808258602398, "23": 39.34544519693304, "24": 41.522789447269574, "25": 39.24798110176332, "26": 33.96456162624213, "27": 38.79076838051469, "28": 37.39983576245754, "29": 44.09290182831641, "30": 40.81161829730871, "31": 40.26069495842069, "32": 41.215533463305114, "33": 44.00040642201528, "34": 31.744163096192082, "35": 38.21539582985931, "36": 42.26972126599404, "37": 41.213627347164746, "38": 35.16767283048681, "39": 32.217445064128526, "40": 31.30982538137265, "41": 37.058406040303325, "42": 31.53395565359868, "43": 32.693828616326705, "44": 31.20798657089187, "45": 28.229047331804047, "46": 27.934587078985736, "47": 27.025489825386032, "48": 32.66607297585373, "49": 29.4626510188728, "50": 26.651887399459405, "51": 30.1923237206223, "52": 33.882393966789856, "53": 32.526628444337405, "54": 34.24451813728641, "55": 25.626324974884717, "56": 26.646418700502075, "57": 20.07718557726906, "58": 25.015187436629425, "59": 20.194701514494504, "60": 12.85417462661323, "61": 21.87459686063811, "62": 23.23077168572235 } }, "geometry": { "type": "Polygon", "coordinates": [ [ [ 127.625, -18.875 ], [ 127.625, -19.125 ], [ 127.375, -19.125 ], [ 127.375, -19.375 ], [ 127.125, -19.375 ], [ 127.125, -19.625 ], [ 125.875, -19.625 ], [ 125.875, -19.375 ], [ 125.375, -19.375 ], [ 125.375, -19.875 ], [ 125.625, -19.875 ], [ 125.625, -20.125 ], [ 125.875, -20.125 ], [ 125.875, -20.375 ], [ 125.125, -20.375 ], [ 125.125, -20.625 ], [ 125.375, -20.625 ], [ 125.375, -20.875 ], [ 125.125, -20.875 ], [ 125.125, -21.125 ], [ 125.375, -21.125 ], [ 125.375, -21.375 ], [ 126.375, -21.375 ], [ 126.375, -21.625 ], [ 126.875, -21.625 ], [ 126.875, -21.375 ], [ 127.625, -21.375 ], [ 127.625, -21.625 ], [ 127.875, -21.625 ], [ 127.875, -21.375 ], [ 128.125, -21.375 ], [ 128.125, -21.125 ], [ 128.375, -21.125 ], [ 128.375, -20.875 ], [ 128.625, -20.875 ], [ 128.625, -20.375 ], [ 128.125, -20.375 ], [ 128.125, -20.125 ], [ 128.875, -20.125 ], [ 128.875, -19.875 ], [ 129.125, -19.875 ], [ 129.125, -19.625 ], [ 128.375, -19.625 ], [ 128.375, -19.375 ], [ 128.125, -19.375 ], [ 128.125, -18.875 ], [ 127.625, -18.875 ] ] ] } },
{ "type": "Feature", "properties": { "cluster_id": 12, "cohesion": 8.2260584931764207, "distances": { "1": 28.171349547318282, "2": 28.919197044473677, "3": 28.467336932226537, "4": 24.977152331490775, "5": 23.146090553387587, "6": 24.544413545351546, "7": 25.70767145716296, "8": 21.30045620613006, "9": 13.794047909098147, "10": 22.537818085155603, "11": 12.760753246042835, "13": 19.049735438349735, "14": 12.737992547120971, "15": 20.984844463957057, "16": 33.50793207541383, "17": 33.22170364909116, "18": 35.41516912085735, "19": 37.449906817021834, "20": 40.33064014228977, "21": 36.8687586995237, "22": 35.15254040802744, "23": 36.845875202229955, "24": 39.80758325646258, "25": 38.379767192497006, "26": 32.04727526093668, "27": 37.663089048425036, "28": 36.007497095300046, "29": 42.283640572557104, "30": 39.5124436456087, "31": 38.36872754860175, "32": 38.942960470821184, "33": 42.67072643413472, "34": 32.94355024910774, "35": 38.149840076134026, "36": 40.85537470628, "37": 40.45519626988054, "38": 32.82571723302405, "39": 28.52851179091105, "40": 29.115492786504568, "41": 35.82103728786179, "42": 30.59720758368118, "43": 31.19354794095301, "44": 30.189438355321002, "45": 28.562201388694806, "46": 27.1393453834223, "47": 25.504998478244087, "48": 28.727541223602536, "49": 26.71211878994673, "50": 24.081412491655573, "51": 32.4803082482793, "52": 35.30915897392082, "53": 31.9107314478404, "54": 33.77532400045679, "55": 28.662713705537914, "56": 30.253056850569713, "57": 25.91856371292247, "58": 20.04730382801849, "59": 16.076729170051436, "60": 17.811162168689528, "61": 24.99270543725659, "62": 23.114001730425958 } }, "geometry": { "type": "Polygon", "coordinates": [ [ [ 124.375, -16.375 ], [ 124.375, -16.625 ], [ 123.875, -16.625 ], [ 123.875, -17.125 ], [ 123.625, -17.125 ], [ 123.625, -17.375 ], [ 123.375, -17.375 ], [ 123.375, -17.625 ], [ 123.125, -17.625 ], [ 123.125, -17.875 ], [ 122.625, -17.875 ], [ 122.625, -17.375 ], [ 122.875, -17.375 ], [ 122.875, -17.125 ], [ 123.125, -17.125 ], [ 123.125, -16.875 ], [ 122.625, -16.875 ], [ 122.625, -17.125 ], [ 122.375, -17.125 ], [ 122.375, -18.125 ], [ 121.875, -18.125 ], [ 121.875, -18.375 ], [ 121.625, -18.375 ], [ 121.625, -18.625 ], [ 121.375, -18.625 ], [ 121.375, -18.875 ], [ 121.125, -18.875 ], [ 121.125, -19.125 ], [ 120.875, -19.125 ], [ 120.875, -19.375 ], [ 120.625, -19.375 ], [ 120.625, -19.625 ], [ 120.375, -19.625 ], [ 120.375, -19.875 ], [ 119.625, -19.875 ], [ 119.625, -20.125 ], [ 119.125, -20.125 ], [ 119.125, -20.375 ], [ 118.625, -20.375 ], [ 118.625, -21.375 ], [ 119.125, -21.375 ], [ 119.125, -21.125 ], [ 119.625, -21.125 ], [ 119.625, -21.375 ], [ 120.375, -21.375 ], [ 120.375, -21.125 ], [ 120.625, -21.125 ], [ 120.625, -20.875 ], [ 121.125, -20.875 ], [ 121.125, -20.625 ], [ 122.375, -20.625 ], [ 122.375, -20.875 ], [ 122.625, -20.875 ], [ 122.625, -21.125 ], [ 123.125, -21.125 ], [ 123.125, -21.375 ], [ 124.125, -21.375 ], [ 124.125, -21.125 ], [ 125.125, -21.125 ], [ 125.125, -20.875 ], [ 125.375, -20.875 ], [ 125.375, -20.625 ], [ 125.125, -20.625 ], [ 125.125, -20.375 ], [ 125.875, -20.375 ], [ 125.875, -20.125 ], [ 125.625, -20.125 ], [ 125.625, -19.875 ], [ 125.375, -19.875 ], [ 125.375, -19.375 ], [ 125.875, -19.375 ], [ 125.875, -19.125 ], [ 125.625, -19.125 ], [ 125.625, -18.375 ], [ 124.875, -18.375 ], [ 124.875, -18.125 ], [ 124.625, -18.125 ], [ 124.625, -17.375 ], [ 124.875, -17.375 ], [ 124.875, -16.875 ], [ 124.625, -16.875 ], [ 124.625, -16.375 ], [ 124.375, -16.375 ] ] ] } },
{ "type": "Feature", "properties": { "cluster_id": 13, "cohesion": 10.705478764781745, "distances": { "1": 20.82427286707156, "2": 23.181393746967878, "3": 21.860215636306222, "4": 15.226184080869999, "5": 17.311116910865522, "6": 19.91137994583469, "7": 22.035857503351963, "8": 23.228208069772396, "9": 14.584549227154866, "10": 21.457678595608463, "11": 19.775987972667345, "12": 19.049735438349735, "14": 15.695631592166675, "15": 15.92407967583807, "16": 36.462431470429756, "17": 33.76175100525925, "18": 37.01212599823091, "19": 37.58057283514002, "20": 41.595576648679916, "21": 39.59153452083483, "22": 37.71403043242647, "23": 39.91973267866337, "24": 42.37969963441796, "25": 41.29912727421522, "26": 27.27033077837664, "27": 35.141017206605326, "28": 31.84065197162089, "29": 40.43695602557071, "30": 39.46949386907881, "31": 35.46430053787487, "32": 37.485635698365634, "33": 41.86625848005159, "34": 36.16675636010043, "35": 40.62532682939509, "36": 41.26979048753343, "37": 41.419686203365146, "38": 35.91494565916975, "39": 32.321005236340035, "40": 34.22362247806292, "41": 38.310993580413516, "42": 28.33404018073526, "43": 26.984352303711002, "44": 26.729376462403746, "45": 26.578346282238655, "46": 25.892858933384353, "47": 27.060203846565173, "48": 30.07582909184057, "49": 26.324121863398393, "50": 25.941965327626157, "51": 33.62320243977065, "52": 37.5577019964084, "53": 32.47960967435038, "54": 34.626375453435166, "55": 28.943111982437202, "56": 33.01821682644965, "57": 28.10218495839687, "58": 25.6070818729759, "59": 26.317669028421555, "60": 25.256428949617476, "61": 30.61272562870784, "62": 30.750055847653826 } }, "geometry": { "type": "MultiPolygon", "coordinates": [ [ [ [ 127.375, -14.125 ], [ 127.625, -14.125 ], [ 127.625, -14.375 ], [ 127.375, -14.375 ], [ 127.375, -15.125 ], [ 127.125, -15.125 ], [ 127.125, -15.625 ], [ 126.875, -15.625 ], [ 126.875, -15.875 ], [ 127.875, -15.875 ], [ 127.875, -16.125 ], [ 128.125, -16.125 ], [ 128.125, -16.375 ], [ 127.875, -16.375 ], [ 127.875, -16.625 ], [ 127.625, -16.625 ], [ 127.625, -16.125 ], [ 127.125, -16.125 ], [ 127.125, -16.375 ], [ 126.875, -16.375 ], [ 126.875, -16.625 ], [ 126.625, -16.625 ], [ 126.625, -16.875 ], [ 126.375, -16.875 ], [ 126.375, -17.125 ], [ 126.125, -17.125 ], [ 126.125, -16.875 ], [ 125.625, -16.875 ], [ 125.625, -16.625 ], [ 125.875, -16.625 ], [ 125.875, -16.125 ], [ 125.625, -16.125 ], [ 125.625, -15.875 ], [ 125.375, -15.875 ], [ 125.375, -16.125 ], [ 125.125, -16.125 ], [ 125.125, -16.375 ], [ 124.625, -16.375 ], [ 124.625, -15.625 ], [ 124.875, -15.625 ], [ 124.875, -15.375 ], [ 125.125, -15.375 ], [ 125.125, -15.125 ], [ 125.375, -15.125 ], [ 125.375, -14.875 ], [ 125.625, -14.875 ], [ 125.625, -14.625 ], [ 125.875, -14.625 ], [ 125.875, -14.375 ], [ 126.125, -14.375 ], [ 126.125, -14.125 ], [ 126.625, -14.125 ], [ 126.625, -13.875 ], [ 127.375, -13.875 ], [ 127.375, -14.125 ] ] ], [ [ [ 127.875, -15.375 ], [ 128.125, -15.375 ], [ 128.125, -15.625 ], [ 127.875, -15.625 ], [ 127.875, -15.375 ] ] ], [ [ [ 128.375, -15.375 ], [ 128.125, -15.375 ], [ 128.125, -15.125 ], [ 128.375, -15.125 ], [ 128.375, -15.375 ] ] ], [ [ [ 128.375, -14.875 ], [ 128.625, -14.875 ], [ 128.625, -15.125 ], [ 128.375, -15.125 ], [ 128.375, -14.875 ] ] ], [ [ [ 129.375, -14.375 ], [ 129.125, -14.375 ], [ 129.125, -14.125 ], [ 129.375, -14.125 ], [ 129.375, -13.875 ], [ 129.625, -13.875 ], [ 129.625, -13.625 ], [ 129.875, -13.625 ], [ 129.875, -13.375 ], [ 130.125, -13.375 ], [ 130.125, -13.125 ], [ 130.375, -13.125 ], [ 130.375, -12.875 ], [ 130.625, -12.875 ], [ 130.625, -12.625 ], [ 131.125, -12.625 ], [ 131.125, -12.375 ], [ 132.375, -12.375 ], [ 132.375, -12.125 ], [ 131.625, -12.125 ], [ 131.625, -11.875 ], [ 132.125, -11.875 ], [ 132.125, -11.625 ], [ 132.375, -11.625 ], [ 132.375, -11.375 ], [ 132.625, -11.375 ], [ 132.625, -11.125 ], [ 133.125, -11.125 ], [ 133.125, -11.375 ], [ 133.875, -11.375 ], [ 133.875, -11.625 ], [ 134.875, -11.625 ], [ 134.875, -11.875 ], [ 135.375, -11.875 ], [ 135.375, -11.625 ], [ 135.625, -11.625 ], [ 135.625, -11.875 ], [ 136.625, -11.875 ], [ 136.625, -12.125 ], [ 136.875, -12.125 ], [ 136.875, -12.375 ], [ 137.125, -12.375 ], [ 137.125, -12.625 ], [ 136.875, -12.625 ], [ 136.875, -13.125 ], [ 136.625, -13.125 ], [ 136.625, -13.375 ], [ 136.375, -13.375 ], [ 136.375, -13.625 ], [ 136.125, -13.625 ], [ 136.125, -13.875 ], [ 136.375, -13.875 ], [ 136.375, -14.125 ], [ 136.125, -14.125 ], [ 136.125, -14.375 ], [ 135.875, -14.375 ], [ 135.875, -14.875 ], [ 136.125, -14.875 ], [ 136.125, -15.125 ], [ 135.375, -15.125 ], [ 135.375, -14.875 ], [ 134.625, -14.875 ], [ 134.625, -15.125 ], [ 134.375, -15.125 ], [ 134.375, -15.375 ], [ 134.125, -15.375 ], [ 134.125, -15.625 ], [ 133.875, -15.625 ], [ 133.875, -15.375 ], [ 132.875, -15.375 ], [ 132.875, -15.125 ], [ 132.625, -15.125 ], [ 132.625, -14.625 ], [ 132.875, -14.625 ], [ 132.875, -14.375 ], [ 133.125, -14.375 ], [ 133.125, -14.125 ], [ 133.375, -14.125 ], [ 133.375, -13.625 ], [ 133.625, -13.625 ], [ 133.625, -13.375 ], [ 133.875, -13.375 ], [ 133.875, -13.125 ], [ 134.375, -13.125 ], [ 134.375, -14.125 ], [ 134.875, -14.125 ], [ 134.875, -13.875 ], [ 135.125, -13.875 ], [ 135.125, -13.625 ], [ 135.375, -13.625 ], [ 135.375, -13.125 ], [ 135.625, -13.125 ], [ 135.625, -12.875 ], [ 135.875, -12.875 ], [ 135.875, -12.375 ], [ 135.625, -12.375 ], [ 135.625, -12.125 ], [ 133.875, -12.125 ], [ 133.875, -11.875 ], [ 133.125, -11.875 ], [ 133.125, -12.375 ], [ 132.625, -12.375 ], [ 132.625, -12.625 ], [ 132.125, -12.625 ], [ 132.125, -12.875 ], [ 131.125, -12.875 ], [ 131.125, -13.125 ], [ 130.625, -13.125 ], [ 130.625, -13.375 ], [ 130.375, -13.375 ], [ 130.375, -13.625 ], [ 130.125, -13.625 ], [ 130.125, -13.875 ], [ 129.875, -13.875 ], [ 129.875, -14.125 ], [ 129.625, -14.125 ], [ 129.625, -14.875 ], [ 128.625, -14.875 ], [ 128.625, -14.625 ], [ 129.375, -14.625 ], [ 129.375, -14.375 ] ] ], [ [ [ 131.625, -11.125 ], [ 131.625, -11.375 ], [ 131.875, -11.375 ], [ 131.875, -11.625 ], [ 131.625, -11.625 ], [ 131.625, -11.875 ], [ 130.875, -11.875 ], [ 130.875, -11.375 ], [ 131.125, -11.375 ], [ 131.125, -10.875 ], [ 131.375, -10.875 ], [ 131.375, -11.125 ], [ 131.625, -11.125 ] ] ], [ [ [ 130.375, -11.125 ], [ 130.375, -10.875 ], [ 130.625, -10.875 ], [ 130.625, -11.125 ], [ 130.375, -11.125 ] ] ] ] } },
{ "type": "Feature", "properties": { "cluster_id": 14, "cohesion": 8.2306609211844854, "distances": { "1": 27.212458270500772, "2": 25.268734799484, "3": 26.26827277862725, "4": 24.52440326629251, "5": 24.042894321181286, "6": 24.180499855394782, "7": 23.397208685034954, "8": 22.336256102914298, "9": 15.075498613251183, "10": 24.527599531795737, "11": 16.766417580239093, "12": 12.737992547120971, "13": 15.695631592166672, "15": 13.837351500173765, "16": 31.012501639693415, "17": 30.6904385876454, "18": 32.410810207656, "19": 33.10320237966462, "20": 35.90071944619634, "21": 33.6516782857997, "22": 32.07677616441854, "23": 33.95306176941988, "24": 35.967823128666964, "25": 34.9427015441257, "26": 27.62312181335396, "27": 32.42119324213836, "28": 30.852297390025022, "29": 36.54396231556264, "30": 34.44120440172903, "31": 32.85365935739155, "32": 33.518103328981105, "33": 37.05128996711743, "34": 29.812973378605633, "35": 34.36928482719312, "36": 35.86150834789727, "37": 35.51802433229759, "38": 29.003166535459997, "39": 25.395541492584016, "40": 26.508819488582528, "41": 31.78059219199521, "42": 25.891203702031202, "43": 26.502445591847795, "44": 25.706436169212154, "45": 24.622383455905254, "46": 23.753525414085004, "47": 23.504588546863854, "48": 27.666480945067647, "49": 24.84761701404605, "50": 23.60020839806448, "51": 29.73147799063221, "52": 32.147489820178876, "53": 28.398396478374774, "54": 29.854262357413685, "55": 26.459281426043674, "56": 28.340439843772632, "57": 25.28062128972357, "58": 18.377257658330112, "59": 17.877394788521883, "60": 19.620582873613124, "61": 24.1754778021925, "62": 23.07941900708805 } }, "geometry": { "type": "MultiPolygon", "coordinates": [ [ [ [ 126.125, -16.875 ], [ 126.125, -17.625 ], [ 125.875, -17.625 ], [ 125.875, -17.875 ], [ 125.375, -17.875 ], [ 125.375, -17.625 ], [ 125.625, -17.625 ], [ 125.625, -16.875 ], [ 126.125, -16.875 ] ] ], [ [ [ 124.625, -16.375 ], [ 124.375, -16.375 ], [ 124.375, -16.625 ], [ 123.875, -16.625 ], [ 123.875, -17.125 ], [ 123.625, -17.125 ], [ 123.625, -17.375 ], [ 123.375, -17.375 ], [ 123.375, -17.625 ], [ 123.125, -17.625 ], [ 123.125, -17.875 ], [ 122.625, -17.875 ], [ 122.625, -17.375 ], [ 122.875, -17.375 ], [ 122.875, -17.125 ], [ 123.125, -17.125 ], [ 123.125, -16.875 ], [ 122.625, -16.875 ], [ 122.625, -17.125 ], [ 122.375, -17.125 ], [ 122.375, -18.125 ], [ 122.125, -18.125 ], [ 122.125, -17.875 ], [ 121.875, -17.875 ], [ 121.875, -17.125 ], [ 122.125, -17.125 ], [ 122.125, -16.875 ], [ 122.375, -16.875 ], [ 122.375, -16.625 ], [ 122.625, -16.625 ], [ 122.625, -16.375 ], [ 123.625, -16.375 ], [ 123.625, -16.125 ], [ 124.375, -16.125 ], [ 124.375, -15.875 ], [ 124.625, -15.875 ], [ 124.625, -16.375 ] ] ], [ [ [ 128.375, -14.625 ], [ 128.625, -14.625 ], [ 128.625, -14.875 ], [ 128.375, -14.875 ], [ 128.375, -15.125 ], [ 128.125, -15.125 ], [ 128.125, -15.375 ], [ 127.875, -15.375 ], [ 127.875, -15.875 ], [ 126.875, -15.875 ], [ 126.875, -15.625 ], [ 127.125, -15.625 ], [ 127.125, -15.125 ], [ 127.375, -15.125 ], [ 127.375, -14.375 ], [ 128.375, -14.375 ], [ 128.375, -14.625 ] ] ] ] } },
{ "type": "Feature", "properties": { "cluster_id": 15, "cohesion": 8.2888809823311895, "distances": { "1": 26.202532132898703, "2": 21.723107753138372, "3": 24.007807919899047, "4": 25.32992173699014, "5": 26.83737347302178, "6": 24.90497960255735, "7": 22.336877465596185, "8": 24.940271160318513, "9": 21.187469069865397, "10": 27.60331323988924, "11": 22.986161507472232, "12": 20.984844463957053, "13": 15.92407967583807, "14": 13.837351500173767, "16": 31.029335474095323, "17": 30.338461908696708, "18": 31.75618088649091, "19": 30.31214795469225, "20": 32.829031405670875, "21": 32.45914942402218, "22": 31.56226555852747, "23": 33.54925781043644, "24": 33.761063458276475, "25": 33.47746569796779, "26": 23.055824174917586, "27": 26.027060104447003, "28": 24.843657052439433, "29": 30.187784666831508, "30": 28.844229706048885, "31": 27.046099639726307, "32": 28.538430631691874, "33": 31.232077694990853, "34": 27.518656500067383, "35": 31.859570571699884, "36": 31.37157380720648, "37": 30.556401587879467, "38": 26.205946702575602, "39": 24.434392575867257, "40": 25.28050613985571, "41": 27.985833984477814, "42": 22.73035039205073, "43": 22.04552246980972, "44": 22.017381332297877, "45": 22.76472839812748, "46": 22.260216505957573, "47": 24.147169862077707, "48": 28.803920285578666, "49": 24.011734004905254, "50": 25.428541437826123, "51": 28.071312732090398, "52": 30.15559356570207, "53": 26.987513650424216, "54": 28.125606798269494, "55": 25.559519605992776, "56": 27.534477490784983, "57": 25.810645420510937, "58": 20.077935836801135, "59": 22.3606904968329, "60": 23.39359251384893, "61": 24.91657308128504, "62": 24.628415189843487 } }, "geometry": { "type": "MultiPolygon", "coordinates": [ [ [ [ 123.375, -16.375 ], [ 123.375, -16.125 ], [ 123.625, -16.125 ], [ 123.625, -16.375 ], [ 123.375, -16.375 ] ] ], [ [ [ 125.875, -14.625 ], [ 125.625, -14.625 ], [ 125.625, -14.875 ], [ 125.375, -14.875 ], [ 125.375, -15.125 ], [ 125.125, -15.125 ], [ 125.125, -15.375 ], [ 124.875, -15.375 ], [ 124.875, -15.625 ], [ 124.625, -15.625 ], [ 124.625, -15.875 ], [ 124.375, -15.875 ], [ 124.375, -16.125 ], [ 123.625, -16.125 ], [ 123.625, -15.875 ], [ 124.125, -15.875 ], [ 124.125, -15.625 ], [ 124.375, -15.625 ], [ 124.375, -15.375 ], [ 124.625, -15.375 ], [ 124.625, -15.125 ], [ 124.875, -15.125 ], [ 124.875, -14.625 ], [ 125.125, -14.625 ], [ 125.125, -14.375 ], [ 125.375, -14.375 ], [ 125.375, -14.125 ], [ 126.125, -14.125 ], [ 126.125, -14.375 ], [ 125.875, -14.375 ], [ 125.875, -14.625 ] ] ], [ [ [ 126.625, -14.125 ], [ 126.125, -14.125 ], [ 126.125, -13.875 ], [ 126.625, -13.875 ], [ 126.625, -14.125 ] ] ], [ [ [ 127.875, -13.875 ], [ 127.875, -14.125 ], [ 128.125, -14.125 ], [ 128.125, -14.375 ], [ 127.625, -14.375 ], [ 127.625, -14.125 ], [ 127.375, -14.125 ], [ 127.375, -13.875 ], [ 126.625, -13.875 ], [ 126.625, -13.625 ], [ 127.625, -13.625 ], [ 127.625, -13.875 ], [ 127.875, -13.875 ] ] ], [ [ [ 129.375, -13.875 ], [ 129.375, -13.625 ], [ 129.625, -13.625 ], [ 129.625, -13.875 ], [ 129.375, -13.875 ] ] ], [ [ [ 129.625, -13.375 ], [ 129.875, -13.375 ], [ 129.875, -13.625 ], [ 129.625, -13.625 ], [ 129.625, -13.375 ] ] ], [ [ [ 130.125, -12.375 ], [ 130.375, -12.375 ], [ 130.375, -11.875 ], [ 130.125, -11.875 ], [ 130.125, -11.625 ], [ 129.875, -11.625 ], [ 129.875, -11.375 ], [ 130.125, -11.375 ], [ 130.125, -11.125 ], [ 131.125, -11.125 ], [ 131.125, -11.375 ], [ 130.875, -11.375 ], [ 130.875, -11.875 ], [ 131.625, -11.875 ], [ 131.625, -12.125 ], [ 132.375, -12.125 ], [ 132.375, -12.375 ], [ 131.125, -12.375 ], [ 131.125, -12.625 ], [ 130.625, -12.625 ], [ 130.625, -12.875 ], [ 130.375, -12.875 ], [ 130.375, -13.125 ], [ 130.125, -13.125 ], [ 130.125, -13.375 ], [ 129.875, -13.375 ], [ 129.875, -12.625 ], [ 130.125, -12.625 ], [ 130.125, -12.375 ] ], [ [ 130.625, -11.875 ], [ 130.625, -12.125 ], [ 130.875, -12.125 ], [ 130.875, -11.875 ], [ 130.625, -11.875 ] ] ] ] } },
{ "type": "Feature", "properties": { "cluster_id": 16, "cohesion": 8.1220478376047449, "distances": { "1": 37.711049798453395, "2": 33.31210982008317, "3": 34.31971243646787, "4": 43.61247128959111, "5": 44.520705514592755, "6": 40.457394992891935, "7": 35.53723968003372, "8": 37.94708106420373, "9": 39.10760025234949, "10": 43.294671358623496, "11": 36.31312252240327, "12": 33.50793207541383, "13": 36.46243147042976, "14": 31.01250163969342, "15": 31.029335474095323, "17": 15.556044284465203, "18": 12.986827826642239, "19": 20.50471262326367, "20": 22.19669258152571, "21": 22.015981449916357, "22": 17.434758382351944, "23": 10.762680639389451, "24": 20.645840839027823, "25": 17.94250450779457, "26": 31.953846729426587, "27": 36.01318835001717, "28": 34.66979834286038, "29": 35.50412337945063, "30": 34.557906193391226, "31": 32.175190491290216, "32": 27.503528155976102, "33": 32.00350836073284, "34": 28.384310853779034, "35": 25.31889824480098, "36": 27.611877860479755, "37": 31.101217772646184, "38": 28.249684300387322, "39": 24.76749588568108, "40": 28.551106117266496, "41": 31.067193532448215, "42": 28.73823098540748, "43": 30.592081170988937, "44": 29.047899285887986, "45": 30.39528229172224, "46": 25.785818609363076, "47": 20.62678833382445, "48": 18.04714866954311, "49": 22.36895730030327, "50": 21.57644581356007, "51": 29.920219857596805, "52": 28.04351626757362, "53": 23.463390657276907, "54": 25.365036740121553, "55": 32.00595976237724, "56": 31.59215672357394, "57": 35.259041059340284, "58": 25.166095294912413, "59": 28.19571039267884, "60": 32.757763947912714, "61": 29.626001230101846, "62": 27.559581758670163 } }, "geometry": { "type": "MultiPolygon", "coordinates": [ [ [ [ 149.125, -36.375 ], [ 149.125, -36.625 ], [ 148.875, -36.625 ], [ 148.875, -36.375 ], [ 149.125, -36.375 ] ] ], [ [ [ 142.875, -34.125 ], [ 142.875, -34.875 ], [ 143.375, -34.875 ], [ 143.375, -35.125 ], [ 144.375, -35.125 ], [ 144.375, -35.375 ], [ 144.875, -35.375 ], [ 144.875, -35.625 ], [ 145.375, -35.625 ], [ 145.375, -35.875 ], [ 146.125, -35.875 ], [ 146.125, -36.375 ], [ 146.375, -36.375 ], [ 146.375, -36.125 ], [ 146.625, -36.125 ], [ 146.625, -35.875 ], [ 147.375, -35.875 ], [ 147.375, -35.625 ], [ 147.625, -35.625 ], [ 147.625, -35.375 ], [ 148.375, -35.375 ], [ 148.375, -36.375 ], [ 148.125, -36.375 ], [ 148.125, -36.625 ], [ 147.625, -36.625 ], [ 147.625, -36.875 ], [ 146.875, -36.875 ], [ 146.875, -37.125 ], [ 146.375, -37.125 ], [ 146.375, -37.375 ], [ 144.125, -37.375 ], [ 144.125, -36.875 ], [ 143.875, -36.875 ], [ 143.875, -37.125 ], [ 143.625, -37.125 ], [ 143.625, -36.625 ], [ 143.375, -36.625 ], [ 143.375, -36.375 ], [ 142.875, -36.375 ], [ 142.875, -36.125 ], [ 142.625, -36.125 ], [ 142.625, -35.375 ], [ 142.375, -35.375 ], [ 142.375, -34.125 ], [ 142.875, -34.125 ] ] ] ] } },
{ "type": "Feature", "properties": { "cluster_id": 17, "cohesion": 5.9841408639776281, "distances": { "1": 31.47181265330928, "2": 29.13788829641172, "3": 28.48972536368839, "4": 39.10267855167914, "5": 41.796206806921596, "6": 38.913046227704655, "7": 34.718320773827166, "8": 40.04361901416845, "9": 37.97647927790824, "10": 43.24579826738695, "11": 37.24132403249341, "12": 33.221703649091154, "13": 33.76175100525925, "14": 30.6904385876454, "15": 30.338461908696708, "16": 15.556044284465203, "18": 10.421145071315157, "19": 18.12494168812369, "20": 24.21063122902195, "21": 30.435801288145843, "22": 25.525482704247402, "23": 18.377749928169177, "24": 26.416389691301013, "25": 26.841413171797956, "26": 28.3525813379774, "27": 36.43236812868619, "28": 32.981547584255146, "29": 36.26745070794966, "30": 37.33704560316928, "31": 30.973310939601255, "32": 26.844624599326636, "33": 34.50822712911007, "34": 35.033452962962194, "35": 32.406676389501854, "36": 30.780759365840623, "37": 35.93180363812108, "38": 31.727481664473512, "39": 26.372811253634065, "40": 32.73042690888417, "41": 35.588302119223755, "42": 28.240640709314352, "43": 27.74596784653741, "44": 27.725497789498956, "45": 30.656783076896065, "46": 26.629052618072457, "47": 23.457889694252977, "48": 12.645548270390204, "49": 18.987832034856865, "50": 21.3690808060154, "51": 34.96267259339276, "52": 34.85430811890247, "53": 27.38307194225645, "54": 29.176504267411268, "55": 35.09338217733943, "56": 37.515655956919474, "57": 39.527463551570385, "58": 25.604009109130253, "59": 30.401916397954025, "60": 36.388966591886444, "61": 35.48441926880531, "62": 32.48543071439164 } }, "geometry": { "type": "MultiPolygon", "coordinates": [ [ [ [ 146.125, -37.375 ], [ 146.125, -37.625 ], [ 144.875, -37.625 ], [ 144.875, -37.375 ], [ 146.125, -37.375 ] ] ], [ [ [ 140.875, -36.125 ], [ 141.125, -36.125 ], [ 141.125, -36.375 ], [ 141.625, -36.375 ], [ 141.625, -36.625 ], [ 141.875, -36.625 ], [ 141.875, -36.875 ], [ 142.125, -36.875 ], [ 142.125, -37.125 ], [ 143.375, -37.125 ], [ 143.375, -37.375 ], [ 144.125, -37.375 ], [ 144.125, -37.625 ], [ 142.125, -37.625 ], [ 142.125, -37.875 ], [ 141.625, -37.875 ], [ 141.625, -38.125 ], [ 140.125, -38.125 ], [ 140.125, -37.875 ], [ 139.875, -37.875 ], [ 139.875, -37.625 ], [ 139.625, -37.625 ], [ 139.625, -37.375 ], [ 139.375, -37.375 ], [ 139.375, -36.375 ], [ 139.875, -36.375 ], [ 139.875, -35.875 ], [ 140.875, -35.875 ], [ 140.875, -36.125 ] ] ], [ [ [ 139.125, -35.375 ], [ 138.875, -35.375 ], [ 138.875, -35.625 ], [ 138.375, -35.625 ], [ 138.375, -35.125 ], [ 138.625, -35.125 ], [ 138.625, -34.875 ], [ 138.875, -34.875 ], [ 138.875, -34.625 ], [ 139.125, -34.625 ], [ 139.125, -35.375 ] ] ] ] } },
{ "type": "Feature", "properties": { "cluster_id": 18, "cohesion": 7.4570843510987563, "distances": { "1": 36.34861849804197, "2": 31.994737033743043, "3": 32.52867982488211, "4": 43.8070302474704, "5": 45.824188013749236, "6": 42.042506221456996, "7": 36.731075966461496, "8": 41.322902866244476, "9": 40.75760811531999, "10": 46.04098158068675, "11": 38.95158530041931, "12": 35.41516912085735, "13": 37.0121259982309, "14": 32.41081020765599, "15": 31.75618088649091, "16": 12.986827826642239, "17": 10.421145071315156, "19": 14.138742611842082, "20": 18.320379850327694, "21": 26.5225695860634, "22": 22.838948117716324, "23": 13.093164176174804, "24": 20.0369629343679, "25": 21.227881022587365, "26": 30.60630451074919, "27": 36.19872229186077, "28": 33.79023148557717, "29": 34.446376329036006, "30": 35.27320650999484, "31": 30.27482467268187, "32": 24.042950717311378, "33": 30.965633377134136, "34": 31.70113863120732, "35": 27.616009454645532, "36": 26.102411485287867, "37": 32.088954879894885, "38": 29.987184834968073, "39": 25.27211867424901, "40": 30.645874228453927, "41": 32.92480594965252, "42": 28.611735431978595, "43": 29.334717526023102, "44": 29.70336952584114, "45": 31.599838017883172, "46": 28.469561613067444, "47": 25.278988864996876, "48": 18.35664421995313, "49": 23.413231320190278, "50": 25.406987776841945, "51": 33.486045924999026, "52": 31.72310288925939, "53": 27.141328691475977, "54": 27.696827247189486, "55": 34.955951927832295, "56": 35.810660915350915, "57": 39.360990020152485, "58": 26.074554407881834, "59": 30.458466622261472, "60": 36.301917626414124, "61": 33.66347529847946, "62": 30.803504709693403 } }, "geometry": { "type": "Polygon", "coordinates": [ [ [ 138.125, -32.375 ], [ 138.125, -33.125 ], [ 137.875, -33.125 ], [ 137.875, -33.625 ], [ 137.625, -33.625 ], [ 137.625, -33.875 ], [ 137.375, -33.875 ], [ 137.375, -33.625 ], [ 137.125, -33.625 ], [ 137.125, -33.125 ], [ 136.625, -33.125 ], [ 136.625, -33.875 ], [ 136.375, -33.875 ], [ 136.375, -34.125 ], [ 136.125, -34.125 ], [ 136.125, -34.375 ], [ 135.875, -34.375 ], [ 135.875, -34.875 ], [ 136.125, -34.875 ], [ 136.125, -34.625 ], [ 136.375, -34.625 ], [ 136.375, -34.375 ], [ 136.625, -34.375 ], [ 136.625, -34.125 ], [ 137.125, -34.125 ], [ 137.125, -34.375 ], [ 137.375, -34.375 ], [ 137.375, -34.625 ], [ 137.625, -34.625 ], [ 137.625, -34.875 ], [ 137.875, -34.875 ], [ 137.875, -34.625 ], [ 138.125, -34.625 ], [ 138.125, -35.375 ], [ 138.375, -35.375 ], [ 138.375, -35.125 ], [ 138.625, -35.125 ], [ 138.625, -34.875 ], [ 138.875, -34.875 ], [ 138.875, -34.625 ], [ 139.125, -34.625 ], [ 139.125, -35.375 ], [ 138.875, -35.375 ], [ 138.875, -35.625 ], [ 138.625, -35.625 ], [ 138.625, -35.875 ], [ 139.125, -35.875 ], [ 139.125, -36.125 ], [ 139.375, -36.125 ], [ 139.375, -36.375 ], [ 139.875, -36.375 ], [ 139.875, -35.875 ], [ 140.875, -35.875 ], [ 140.875, -36.125 ], [ 141.125, -36.125 ], [ 141.125, -36.375 ], [ 141.625, -36.375 ], [ 141.625, -36.625 ], [ 141.875, -36.625 ], [ 141.875, -36.875 ], [ 142.125, -36.875 ], [ 142.125, -37.125 ], [ 143.375, -37.125 ], [ 143.375, -37.375 ], [ 144.125, -37.375 ], [ 144.125, -36.875 ], [ 143.875, -36.875 ], [ 143.875, -37.125 ], [ 143.625, -37.125 ], [ 143.625, -36.625 ], [ 143.375, -36.625 ], [ 143.375, -36.375 ], [ 142.875, -36.375 ], [ 142.875, -36.125 ], [ 142.625, -36.125 ], [ 142.625, -35.375 ], [ 142.375, -35.375 ], [ 142.375, -35.125 ], [ 141.875, -35.125 ], [ 141.875, -34.625 ], [ 141.625, -34.625 ], [ 141.625, -35.125 ], [ 141.375, -35.125 ], [ 141.375, -34.875 ], [ 141.125, -34.875 ], [ 141.125, -35.125 ], [ 140.125, -35.125 ], [ 140.125, -34.875 ], [ 139.625, -34.875 ], [ 139.625, -33.375 ], [ 139.875, -33.375 ], [ 139.875, -32.875 ], [ 138.375, -32.875 ], [ 138.375, -32.375 ], [ 138.125, -32.375 ] ] ] } },
{ "type": "Feature", "properties": { "cluster_id": 19, "cohesion": 7.2523532668295632, "distances": { "1": 36.8281822778166, "2": 29.722933021358333, "3": 31.826515912958758, "4": 45.214258183512605, "5": 47.44968792549479, "6": 42.37173302985396, "7": 35.565955887443735, "8": 42.10265951836101, "9": 42.28237055693588, "10": 47.49940346759702, "11": 40.569410746384605, "12": 37.449906817021834, "13": 37.58057283514002, "14": 33.10320237966463, "15": 30.312147954692247, "16": 20.50471262326367, "17": 18.124941688123688, "18": 14.138742611842083, "20": 11.558892675833428, "21": 26.45458148784521, "22": 25.491007520951417, "23": 18.855445687619618, "24": 17.058474468128626, "25": 21.80393467466099, "26": 27.534599807211134, "27": 31.234147407186956, "28": 28.935379345989276, "29": 27.259768037350828, "30": 29.99855335919379, "31": 22.873798738425116, "32": 13.627263675397732, "33": 22.40708218318415, "34": 29.087040305449964, "35": 24.236029328038565, "36": 17.72143618082398, "37": 26.34496682851281, "38": 27.13576846920262, "39": 23.180942275385256, "40": 28.934659593527694, "41": 29.39623792944573, "42": 25.58757071929047, "43": 25.94306334471232, "44": 28.387289106410574, "45": 30.00757352908569, "46": 29.51115964131279, "47": 29.178741269889613, "48": 25.817565041874225, "49": 26.6982625570379, "50": 31.08840949049775, "51": 31.813863759666475, "52": 29.468318956407394, "53": 28.00925300586607, "54": 26.339619471028563, "55": 33.63427789168026, "56": 34.65373377289353, "57": 39.259877969909574, "58": 25.568704012804098, "59": 31.4678127123766, "60": 37.12487658796356, "61": 33.3975161746652, "62": 31.11970597676552 } }, "geometry": { "type": "Polygon", "coordinates": [ [ [ 134.625, -31.375 ], [ 134.625, -31.625 ], [ 133.625, -31.625 ], [ 133.625, -31.875 ], [ 132.125, -31.875 ], [ 132.125, -32.375 ], [ 133.625, -32.375 ], [ 133.625, -32.625 ], [ 133.875, -32.625 ], [ 133.875, -33.125 ], [ 134.125, -33.125 ], [ 134.125, -33.375 ], [ 134.375, -33.375 ], [ 134.375, -33.625 ], [ 134.625, -33.625 ], [ 134.625, -33.875 ], [ 134.875, -33.875 ], [ 134.875, -34.375 ], [ 135.125, -34.375 ], [ 135.125, -34.625 ], [ 135.375, -34.625 ], [ 135.375, -34.875 ], [ 135.875, -34.875 ], [ 135.875, -34.375 ], [ 136.125, -34.375 ], [ 136.125, -34.125 ], [ 136.375, -34.125 ], [ 136.375, -33.875 ], [ 136.625, -33.875 ], [ 136.625, -33.125 ], [ 137.125, -33.125 ], [ 137.125, -33.625 ], [ 137.375, -33.625 ], [ 137.375, -33.875 ], [ 137.625, -33.875 ], [ 137.625, -33.625 ], [ 137.875, -33.625 ], [ 137.875, -33.125 ], [ 138.125, -33.125 ], [ 138.125, -32.375 ], [ 137.875, -32.375 ], [ 137.875, -32.625 ], [ 135.875, -32.625 ], [ 135.875, -32.375 ], [ 135.375, -32.375 ], [ 135.375, -32.125 ], [ 135.125, -32.125 ], [ 135.125, -31.625 ], [ 134.875, -31.625 ], [ 134.875, -31.375 ], [ 134.625, -31.375 ] ] ] } },
{ "type": "Feature", "properties": { "cluster_id": 20, "cohesion": 6.5199880090649573, "distances": { "1": 42.66383583868136, "2": 34.43591681364504, "3": 37.327435863309205, "4": 50.28942022525956, "5": 51.74353522010907, "6": 46.01487716193256, "7": 38.67980959132418, "8": 43.72773512432761, "9": 45.65662091879266, "10": 50.42263568716578, "11": 42.79066292510924, "12": 40.33064014228977, "13": 41.59557664867992, "14": 35.90071944619634, "15": 32.829031405670875, "16": 22.19669258152571, "17": 24.21063122902195, "18": 18.320379850327697, "19": 11.558892675833428, "21": 24.85585148294706, "22": 26.059966685833984, "23": 18.7418323344544, "24": 10.623892355255618, "25": 18.419370258015437, "26": 31.656772078356216, "27": 30.948077953051886, "28": 30.898860768045246, "29": 25.53395915772726, "30": 27.039638004594057, "31": 24.68799524693512, "32": 14.994120343839628, "33": 18.73491817185192, "34": 25.32335084426656, "35": 19.658147131889677, "36": 12.221266094260269, "37": 21.127474842348413, "38": 25.514432805032648, "39": 23.530229759063776, "40": 26.36818854961808, "41": 25.626705282442224, "42": 28.39762761137044, "43": 29.992251427151388, "44": 32.39864431479744, "45": 32.83645059378469, "46": 33.07889811635926, "47": 32.43729706329661, "48": 31.138720384454846, "49": 30.93439249599288, "50": 35.2138931370366, "51": 31.73567846553023, "52": 27.298268533646244, "53": 30.402101075398143, "54": 27.403101887095342, "55": 34.739536161804544, "56": 33.41779306831005, "57": 39.43397596103815, "58": 27.466089138375022, "59": 32.131895395060475, "60": 37.423889452072224, "61": 31.68635192430733, "62": 29.482023645097037 } }, "geometry": { "type": "Polygon", "coordinates": [ [ [ 134.125, -28.625 ], [ 134.125, -29.375 ], [ 133.875, -29.375 ], [ 133.875, -30.125 ], [ 133.375, -30.125 ], [ 133.375, -30.375 ], [ 133.125, -30.375 ], [ 133.125, -30.625 ], [ 132.875, -30.625 ], [ 132.875, -30.875 ], [ 133.125, -30.875 ], [ 133.125, -31.125 ], [ 133.625, -31.125 ], [ 133.625, -31.625 ], [ 134.625, -31.625 ], [ 134.625, -31.375 ], [ 134.875, -31.375 ], [ 134.875, -31.625 ], [ 135.125, -31.625 ], [ 135.125, -32.125 ], [ 135.375, -32.125 ], [ 135.375, -32.375 ], [ 135.875, -32.375 ], [ 135.875, -32.625 ], [ 137.875, -32.625 ], [ 137.875, -32.375 ], [ 138.375, -32.375 ], [ 138.375, -32.125 ], [ 138.125, -32.125 ], [ 138.125, -31.875 ], [ 137.625, -31.875 ], [ 137.625, -31.625 ], [ 137.375, -31.625 ], [ 137.375, -31.375 ], [ 137.125, -31.375 ], [ 137.125, -31.125 ], [ 136.125, -31.125 ], [ 136.125, -30.625 ], [ 135.875, -30.625 ], [ 135.875, -30.375 ], [ 135.625, -30.375 ], [ 135.625, -29.875 ], [ 135.125, -29.875 ], [ 135.125, -29.625 ], [ 134.875, -29.625 ], [ 134.875, -29.125 ], [ 134.625, -29.125 ], [ 134.625, -28.625 ], [ 134.125, -28.625 ] ] ] } },
{ "type": "Feature", "properties": { "cluster_id": 21, "cohesion": 6.9543852868113341, "distances": { "1": 42.861468109085415, "2": 35.075776381886214, "3": 38.61821198268248, "4": 48.22251775886548, "5": 47.37848585724639, "6": 40.35040560338227, "7": 33.12722199075308, "8": 34.932906314428145, "9": 41.474063683155045, "10": 43.04434801892137, "11": 36.77619388517902, "12": 36.8687586995237, "13": 39.59153452083482, "14": 33.6516782857997, "15": 32.45914942402217, "16": 22.015981449916357, "17": 30.435801288145843, "18": 26.522569586063398, "19": 26.454581487845207, "20": 24.855851482947067, "22": 13.305251535500881, "23": 19.71741965289629, "24": 20.091933544075754, "25": 13.061726264546863, "26": 35.50015077170236, "27": 35.501322449590745, "28": 35.77211526504429, "29": 34.63655934600841, "30": 32.56275187350108, "31": 32.113133294289945, "32": 27.876387766864617, "33": 28.89878903128085, "34": 21.166242467877588, "35": 15.071107810267437, "36": 24.529726336756188, "37": 27.052751779422138, "38": 26.322626837602805, "39": 25.6013532909473, "40": 28.00378650242525, "41": 28.57212755474372, "42": 26.28544323706171, "43": 30.572137390466246, "44": 28.49887118616774, "45": 26.816748009573686, "46": 25.800938051698473, "47": 25.51122266242487, "48": 32.82748451679253, "49": 31.833302169295578, "50": 31.973181547424517, "51": 17.068210340048545, "52": 13.670312189610499, "53": 19.185276653398294, "54": 16.99918838773219, "55": 23.404349647177373, "56": 20.942769730024498, "57": 28.425509930983523, "58": 27.684265108976476, "59": 30.204770807815397, "60": 30.224843044255806, "61": 24.683260840149277, "62": 26.403776809416915 } }, "geometry": { "type": "Polygon", "coordinates": [ [ [ 142.625, -28.125 ], [ 142.625, -28.375 ], [ 142.125, -28.375 ], [ 142.125, -28.625 ], [ 141.625, -28.625 ], [ 141.625, -28.375 ], [ 140.375, -28.375 ], [ 140.375, -29.125 ], [ 140.625, -29.125 ], [ 140.625, -29.375 ], [ 141.125, -29.375 ], [ 141.125, -29.625 ], [ 141.375, -29.625 ], [ 141.375, -29.875 ], [ 141.875, -29.875 ], [ 141.875, -30.375 ], [ 142.375, -30.375 ], [ 142.375, -30.625 ], [ 142.625, -30.625 ], [ 142.625, -30.875 ], [ 143.625, -30.875 ], [ 143.625, -30.625 ], [ 143.875, -30.625 ], [ 143.875, -30.875 ], [ 144.625, -30.875 ], [ 144.625, -31.375 ], [ 145.875, -31.375 ], [ 145.875, -31.125 ], [ 145.625, -31.125 ], [ 145.625, -30.875 ], [ 145.375, -30.875 ], [ 145.375, -30.625 ], [ 145.125, -30.625 ], [ 145.125, -30.125 ], [ 145.625, -30.125 ], [ 145.625, -30.375 ], [ 146.125, -30.375 ], [ 146.125, -29.625 ], [ 145.875, -29.625 ], [ 145.875, -29.125 ], [ 145.125, -29.125 ], [ 145.125, -28.875 ], [ 144.875, -28.875 ], [ 144.875, -28.375 ], [ 144.375, -28.375 ], [ 144.375, -28.625 ], [ 143.625, -28.625 ], [ 143.625, -28.875 ], [ 143.375, -28.875 ], [ 143.375, -28.625 ], [ 143.125, -28.625 ], [ 143.125, -28.125 ], [ 142.625, -28.125 ] ] ] } },
{ "type": "Feature", "properties": { "cluster_id": 22, "cohesion": 9.288953491125346, "distances": { "1": 40.63612392067547, "2": 33.84413280688843, "3": 36.83739989509912, "4": 45.59103447819431, "5": 45.222002481287255, "6": 39.41137069226079, "7": 32.992882528601925, "8": 35.91365782040669, "9": 39.867159176356985, "10": 42.56331980658805, "11": 36.218082586023975, "12": 35.15254040802744, "13": 37.714030432426476, "14": 32.07677616441855, "15": 31.562265558527468, "16": 17.434758382351944, "17": 25.525482704247402, "18": 22.838948117716324, "19": 25.49100752095141, "20": 26.059966685833984, "21": 13.30525153550088, "23": 16.836887167337196, "24": 22.82907764706994, "25": 16.902940728447202, "26": 34.72757904637372, "27": 36.54709657439136, "28": 36.20995638239526, "29": 36.47449556509211, "30": 34.631009440440494, "31": 33.20117477291844, "32": 28.8831011314981, "33": 31.81700163222901, "34": 25.943052333930183, "35": 21.745873189160996, "36": 27.584887692305923, "37": 30.487311189849535, "38": 27.024939823938467, "39": 25.26885971468434, "40": 29.19133224652145, "41": 30.74408598136863, "42": 25.35527198719263, "43": 29.418892586582952, "44": 25.569332169642635, "45": 25.26633750738452, "46": 21.982974538647788, "47": 20.324923730713255, "48": 27.223814001491856, "49": 28.585336095054387, "50": 26.646907824624552, "51": 22.227042174137587, "52": 21.342923560332736, "53": 15.11317277320655, "54": 16.129166668527244, "55": 26.00881322089685, "56": 26.347477485250913, "57": 31.588468036363206, "58": 26.59467694080718, "59": 29.693657057758077, "60": 31.51019707546476, "61": 27.774756935964067, "62": 27.948676517727247 } }, "geometry": { "type": "Polygon", "coordinates": [ [ [ 145.875, -29.125 ], [ 145.875, -29.625 ], [ 146.125, -29.625 ], [ 146.125, -30.375 ], [ 145.625, -30.375 ], [ 145.625, -30.125 ], [ 145.125, -30.125 ], [ 145.125, -30.625 ], [ 145.375, -30.625 ], [ 145.375, -30.875 ], [ 145.625, -30.875 ], [ 145.625, -31.125 ], [ 145.875, -31.125 ], [ 145.875, -31.375 ], [ 144.625, -31.375 ], [ 144.625, -30.875 ], [ 143.875, -30.875 ], [ 143.875, -30.625 ], [ 143.625, -30.625 ], [ 143.625, -31.625 ], [ 144.125, -31.625 ], [ 144.125, -32.375 ], [ 144.625, -32.375 ], [ 144.625, -32.625 ], [ 144.875, -32.625 ], [ 144.875, -32.875 ], [ 145.125, -32.875 ], [ 145.125, -33.125 ], [ 145.375, -33.125 ], [ 145.375, -33.625 ], [ 145.625, -33.625 ], [ 145.625, -33.875 ], [ 146.125, -33.875 ], [ 146.125, -35.375 ], [ 146.375, -35.375 ], [ 146.375, -35.625 ], [ 146.625, -35.625 ], [ 146.625, -35.875 ], [ 147.375, -35.875 ], [ 147.375, -35.625 ], [ 147.625, -35.625 ], [ 147.625, -35.375 ], [ 148.125, -35.375 ], [ 148.125, -35.125 ], [ 147.875, -35.125 ], [ 147.875, -34.875 ], [ 148.625, -34.875 ], [ 148.625, -34.625 ], [ 148.875, -34.625 ], [ 148.875, -34.375 ], [ 149.125, -34.375 ], [ 149.125, -33.375 ], [ 148.875, -33.375 ], [ 148.875, -33.125 ], [ 148.625, -33.125 ], [ 148.625, -32.875 ], [ 148.375, -32.875 ], [ 148.375, -31.625 ], [ 148.625, -31.625 ], [ 148.625, -31.375 ], [ 148.125, -31.375 ], [ 148.125, -30.875 ], [ 147.875, -30.875 ], [ 147.875, -30.375 ], [ 147.625, -30.375 ], [ 147.625, -29.875 ], [ 147.125, -29.875 ], [ 147.125, -29.625 ], [ 146.875, -29.625 ], [ 146.875, -29.375 ], [ 146.625, -29.375 ], [ 146.625, -29.125 ], [ 145.875, -29.125 ] ] ] } },
{ "type": "Feature", "properties": { "cluster_id": 23, "cohesion": 8.0317427427671362, "distances": { "1": 41.38529953404567, "2": 35.71578028309697, "3": 37.3478541063259, "4": 47.7891723434192, "5": 48.55170768220118, "6": 43.8448922528236, "7": 37.93828350875842, "8": 40.690136696027295, "9": 42.606296217709954, "10": 46.92300340071243, "11": 39.34544519693304, "12": 36.845875202229955, "13": 39.919732678663365, "14": 33.95306176941988, "15": 33.54925781043644, "16": 10.762680639389451, "17": 18.377749928169177, "18": 13.093164176174804, "19": 18.855445687619614, "20": 18.741832334454397, "21": 19.71741965289629, "22": 16.836887167337196, "24": 16.351065552569864, "25": 14.008120383903458, "26": 34.48933589939442, "27": 37.17338671036127, "28": 36.33006198198813, "29": 35.27042309609828, "30": 34.49665331753375, "31": 32.65323916447472, "32": 26.468847544987426, "33": 30.445863619467627, "34": 27.667470317479637, "35": 22.58215124152374, "36": 25.058872343882904, "37": 29.635538179125938, "38": 28.55767468149648, "39": 25.44459114480131, "40": 28.884154549702917, "41": 30.755165614504524, "42": 29.638159081933654, "43": 32.153071512052676, "44": 31.43218795246117, "45": 31.994670700530246, "46": 28.839231885892897, "47": 24.923174442742113, "48": 23.389153429986944, "49": 27.172253360952926, "50": 27.38298905609825, "51": 30.10616371573132, "52": 26.884315671963833, "53": 24.972606032705947, "54": 25.122931532661646, "55": 33.18990685882528, "56": 32.03072430908788, "57": 37.03853764180704, "58": 27.17749960295824, "59": 30.201637801494407, "60": 34.73047859537687, "61": 30.40611476643127, "62": 28.41703745102182 } }, "geometry": { "type": "Polygon", "coordinates": [ [ [ 139.125, -30.375 ], [ 139.125, -30.625 ], [ 138.875, -30.625 ], [ 138.875, -31.375 ], [ 138.625, -31.375 ], [ 138.625, -32.125 ], [ 138.375, -32.125 ], [ 138.375, -32.875 ], [ 139.875, -32.875 ], [ 139.875, -33.375 ], [ 139.625, -33.375 ], [ 139.625, -34.875 ], [ 140.125, -34.875 ], [ 140.125, -35.125 ], [ 141.125, -35.125 ], [ 141.125, -34.875 ], [ 141.375, -34.875 ], [ 141.375, -35.125 ], [ 141.625, -35.125 ], [ 141.625, -34.625 ], [ 141.875, -34.625 ], [ 141.875, -35.125 ], [ 142.375, -35.125 ], [ 142.375, -34.125 ], [ 142.875, -34.125 ], [ 142.875, -34.875 ], [ 143.375, -34.875 ], [ 143.375, -35.125 ], [ 144.375, -35.125 ], [ 144.375, -35.375 ], [ 144.875, -35.375 ], [ 144.875, -35.625 ], [ 145.375, -35.625 ], [ 145.375, -35.875 ], [ 146.125, -35.875 ], [ 146.125, -36.375 ], [ 146.375, -36.375 ], [ 146.375, -36.125 ], [ 146.625, -36.125 ], [ 146.625, -35.625 ], [ 146.375, -35.625 ], [ 146.375, -35.375 ], [ 146.125, -35.375 ], [ 146.125, -33.875 ], [ 145.625, -33.875 ], [ 145.625, -33.625 ], [ 145.375, -33.625 ], [ 145.375, -33.125 ], [ 145.125, -33.125 ], [ 145.125, -32.875 ], [ 144.875, -32.875 ], [ 144.875, -32.625 ], [ 144.625, -32.625 ], [ 144.625, -32.375 ], [ 144.125, -32.375 ], [ 144.125, -32.625 ], [ 143.625, -32.625 ], [ 143.625, -32.375 ], [ 143.375, -32.375 ], [ 143.375, -32.125 ], [ 143.125, -32.125 ], [ 143.125, -31.875 ], [ 142.875, -31.875 ], [ 142.875, -31.625 ], [ 142.125, -31.625 ], [ 142.125, -31.875 ], [ 141.375, -31.875 ], [ 141.375, -32.125 ], [ 140.875, -32.125 ], [ 140.875, -32.375 ], [ 139.375, -32.375 ], [ 139.375, -32.125 ], [ 139.125, -32.125 ], [ 139.125, -31.125 ], [ 139.375, -31.125 ], [ 139.375, -30.375 ], [ 139.125, -30.375 ] ] ] } },
{ "type": "Feature", "properties": { "cluster_id": 24, "cohesion": 6.0382654929360893, "distances": { "1": 44.73080155149567, "2": 36.91072574007541, "3": 39.68260852606993, "4": 51.47329562610667, "5": 52.10032305038791, "6": 46.32610398296247, "7": 39.13956836616514, "8": 42.0496192218765, "9": 45.50166896397647, "10": 49.60293788692205, "11": 41.52278944726959, "12": 39.80758325646258, "13": 42.379699634417975, "14": 35.96782312866695, "15": 33.76106345827648, "16": 20.645840839027823, "17": 26.416389691301013, "18": 20.036962934367896, "19": 17.058474468128622, "20": 10.623892355255618, "21": 20.091933544075754, "22": 22.829077647069937, "23": 16.351065552569867, "25": 12.639666271380115, "26": 34.60477585565076, "27": 33.12404792273676, "28": 33.896910632240456, "29": 28.893481619289705, "30": 28.25731673900513, "31": 28.788633204909925, "32": 20.924122677273502, "33": 21.853245644498603, "34": 21.708648838840244, "35": 14.578183702212927, "36": 14.382308284351252, "37": 20.962335411830924, "38": 25.190315391567548, "39": 23.84678658614757, "40": 25.05015378308801, "41": 24.76333895901029, "42": 29.705159015099063, "43": 32.49148620514659, "44": 33.76250957499426, "45": 33.19919474025421, "46": 32.88032770865994, "47": 31.27883394769524, "48": 32.02341358245501, "49": 31.87343841592519, "50": 34.82043907475591, "51": 29.061657934596063, "52": 23.153780193921495, "53": 29.021676254424847, "54": 26.008713792892106, "55": 33.199675827595954, "56": 29.867978288043115, "57": 36.76315866731728, "58": 27.6076479454826, "59": 30.7691402434101, "60": 34.94515752863249, "61": 28.162708741863447, "62": 26.534248197637133 } }, "geometry": { "type": "Polygon", "coordinates": [ [ [ 134.625, -27.375 ], [ 134.625, -27.875 ], [ 134.375, -27.875 ], [ 134.375, -28.625 ], [ 134.625, -28.625 ], [ 134.625, -29.125 ], [ 134.875, -29.125 ], [ 134.875, -29.625 ], [ 135.125, -29.625 ], [ 135.125, -29.875 ], [ 135.625, -29.875 ], [ 135.625, -30.375 ], [ 135.875, -30.375 ], [ 135.875, -30.625 ], [ 136.125, -30.625 ], [ 136.125, -31.125 ], [ 137.125, -31.125 ], [ 137.125, -31.375 ], [ 137.375, -31.375 ], [ 137.375, -31.625 ], [ 137.625, -31.625 ], [ 137.625, -31.875 ], [ 138.125, -31.875 ], [ 138.125, -32.125 ], [ 138.375, -32.125 ], [ 138.375, -31.375 ], [ 138.125, -31.375 ], [ 138.125, -30.375 ], [ 138.375, -30.375 ], [ 138.375, -29.875 ], [ 137.625, -29.875 ], [ 137.625, -29.625 ], [ 137.375, -29.625 ], [ 137.375, -28.875 ], [ 137.125, -28.875 ], [ 137.125, -28.625 ], [ 136.875, -28.625 ], [ 136.875, -28.375 ], [ 136.625, -28.375 ], [ 136.625, -28.125 ], [ 135.875, -28.125 ], [ 135.875, -27.625 ], [ 135.375, -27.625 ], [ 135.375, -27.375 ], [ 134.625, -27.375 ] ] ] } },
{ "type": "Feature", "properties": { "cluster_id": 25, "cohesion": 7.8134263885890949, "distances": { "1": 44.3690013911767, "2": 37.0364399207442, "3": 39.90796443875551, "4": 50.196456988997674, "5": 50.06549833860148, "6": 44.00313903037486, "7": 37.21983274189385, "8": 38.70779503305335, "9": 43.67617920700495, "10": 46.5255302276246, "11": 39.24798110176332, "12": 38.379767192497006, "13": 41.29912727421522, "14": 34.94270154412569, "15": 33.477465697967794, "16": 17.94250450779457, "17": 26.841413171797956, "18": 21.22788102258737, "19": 21.80393467466099, "20": 18.419370258015437, "21": 13.061726264546861, "22": 16.902940728447202, "23": 14.008120383903456, "24": 12.639666271380115, "26": 35.26212642656508, "27": 35.01435122331363, "28": 35.36380102104348, "29": 32.65076793584202, "30": 31.087752946475653, "31": 31.186941843161186, "32": 25.433268550617022, "33": 26.413953150076185, "34": 21.126752268428547, "35": 14.134463829109414, "36": 20.9088888280556, "37": 24.49705789201529, "38": 26.465584459821873, "39": 25.466773838207605, "40": 26.75374393337845, "41": 27.031397169348143, "42": 29.324853762904393, "43": 32.74148942307722, "44": 32.06051706457048, "45": 31.469784013986697, "46": 29.646176815888847, "47": 27.556458109741058, "48": 30.943092331036915, "49": 31.314018259526065, "50": 32.21925824208541, "51": 24.433290635490895, "52": 18.862182131644982, "53": 24.426035638336867, "54": 23.06878724157273, "55": 29.59282457288902, "56": 25.72635055385134, "57": 32.74855204467067, "58": 28.174871484555975, "59": 30.485257912321376, "60": 32.49396512719889, "61": 25.972387769283035, "62": 26.035213671583264 } }, "geometry": { "type": "Polygon", "coordinates": [ [ [ 137.625, -28.625 ], [ 137.625, -29.125 ], [ 137.875, -29.125 ], [ 137.875, -29.375 ], [ 138.125, -29.375 ], [ 138.125, -29.625 ], [ 138.375, -29.625 ], [ 138.375, -30.375 ], [ 138.125, -30.375 ], [ 138.125, -31.375 ], [ 138.375, -31.375 ], [ 138.375, -32.125 ], [ 138.625, -32.125 ], [ 138.625, -31.375 ], [ 138.875, -31.375 ], [ 138.875, -30.625 ], [ 139.125, -30.625 ], [ 139.125, -30.375 ], [ 139.375, -30.375 ], [ 139.375, -31.125 ], [ 139.125, -31.125 ], [ 139.125, -32.125 ], [ 139.375, -32.125 ], [ 139.375, -32.375 ], [ 140.875, -32.375 ], [ 140.875, -32.125 ], [ 141.375, -32.125 ], [ 141.375, -31.875 ], [ 142.125, -31.875 ], [ 142.125, -31.625 ], [ 142.875, -31.625 ], [ 142.875, -31.875 ], [ 143.125, -31.875 ], [ 143.125, -32.125 ], [ 143.375, -32.125 ], [ 143.375, -32.375 ], [ 143.625, -32.375 ], [ 143.625, -32.625 ], [ 144.125, -32.625 ], [ 144.125, -31.625 ], [ 143.625, -31.625 ], [ 143.625, -30.875 ], [ 142.625, -30.875 ], [ 142.625, -30.625 ], [ 142.375, -30.625 ], [ 142.375, -30.375 ], [ 141.875, -30.375 ], [ 141.875, -29.875 ], [ 141.375, -29.875 ], [ 141.375, -29.625 ], [ 140.375, -29.625 ], [ 140.375, -29.375 ], [ 140.125, -29.375 ], [ 140.125, -29.125 ], [ 139.375, -29.125 ], [ 139.375, -29.375 ], [ 138.625, -29.375 ], [ 138.625, -29.125 ], [ 138.375, -29.125 ], [ 138.375, -28.875 ], [ 137.875, -28.875 ], [ 137.875, -28.625 ], [ 137.625, -28.625 ] ] ] } },
{ "type": "Feature", "properties": { "cluster_id": 26, "cohesion": 8.7314838671739263, "distances": { "1": 27.14337635070867, "2": 23.513519482134058, "3": 24.541024819758732, "4": 32.125889657160556, "5": 34.57557781120832, "6": 30.797846156704836, "7": 27.419642649687127, "8": 33.88549344450621, "9": 33.02272019271419, "10": 35.79916752458324, "11": 33.96456162624213, "12": 32.04727526093667, "13": 27.27033077837664, "14": 27.62312181335396, "15": 23.055824174917586, "16": 31.953846729426584, "17": 28.352581337977394, "18": 30.60630451074919, "19": 27.534599807211134, "20": 31.656772078356216, "21": 35.500150771702344, "22": 34.72757904637372, "23": 34.48933589939442, "24": 34.60477585565076, "25": 35.26212642656508, "27": 20.208921693947794, "28": 13.052076540307219, "29": 24.44854444905957, "30": 27.969547763248322, "31": 17.62438239712667, "32": 23.932673045570805, "33": 28.95111103510993, "34": 33.01590192736573, "35": 34.515134737789985, "36": 30.90777036706495, "37": 32.39489382642072, "38": 30.43522730997615, "39": 27.65768452345483, "40": 31.730592097269415, "41": 31.77952610957098, "42": 26.37003327129807, "43": 23.819964814614234, "44": 24.990066890637838, "45": 28.126167823444145, "46": 26.154041653279034, "47": 27.926783532732603, "48": 28.566034043998854, "49": 23.53712920733998, "50": 27.965983217933704, "51": 31.937846219088645, "52": 33.68965907559181, "53": 30.39924755302188, "54": 31.91413675793041, "55": 30.348069302527524, "56": 33.46137464134305, "57": 33.64434410348477, "58": 25.100905280043197, "59": 31.432372597484665, "60": 33.753553075853894, "61": 33.568053330354594, "62": 33.410466954166914 } }, "geometry": { "type": "MultiPolygon", "coordinates": [ [ [ [ 125.375, -33.125 ], [ 124.875, -33.125 ], [ 124.875, -33.375 ], [ 124.375, -33.375 ], [ 124.375, -33.625 ], [ 124.125, -33.625 ], [ 124.125, -33.875 ], [ 123.875, -33.875 ], [ 123.875, -34.125 ], [ 123.625, -34.125 ], [ 123.625, -34.375 ], [ 122.125, -34.375 ], [ 122.125, -34.125 ], [ 120.875, -34.125 ], [ 120.875, -34.375 ], [ 119.625, -34.375 ], [ 119.625, -34.625 ], [ 119.375, -34.625 ], [ 119.375, -34.875 ], [ 118.625, -34.875 ], [ 118.625, -35.125 ], [ 118.375, -35.125 ], [ 118.375, -35.375 ], [ 116.125, -35.375 ], [ 116.125, -35.125 ], [ 115.875, -35.125 ], [ 115.875, -34.875 ], [ 115.625, -34.875 ], [ 115.625, -34.625 ], [ 115.125, -34.625 ], [ 115.125, -34.375 ], [ 114.875, -34.375 ], [ 114.875, -34.125 ], [ 115.375, -34.125 ], [ 115.375, -34.375 ], [ 115.875, -34.375 ], [ 115.875, -34.125 ], [ 118.125, -34.125 ], [ 118.125, -33.875 ], [ 118.875, -33.875 ], [ 118.875, -33.625 ], [ 119.375, -33.625 ], [ 119.375, -33.375 ], [ 119.875, -33.375 ], [ 119.875, -32.875 ], [ 121.125, -32.875 ], [ 121.125, -33.125 ], [ 121.875, -33.125 ], [ 121.875, -32.875 ], [ 122.375, -32.875 ], [ 122.375, -32.625 ], [ 125.375, -32.625 ], [ 125.375, -33.125 ] ] ], [ [ [ 125.375, -32.375 ], [ 125.625, -32.375 ], [ 125.625, -32.625 ], [ 125.375, -32.625 ], [ 125.375, -32.375 ] ] ] ] } },
{ "type": "Feature", "properties": { "cluster_id": 27, "cohesion": 6.9985339404739557, "distances": { "1": 38.61652943866565, "2": 30.414386810222908, "3": 34.638136650223075, "4": 42.445957341667935, "5": 43.39053584359431, "6": 37.67993220728056, "7": 32.57308832507978, "8": 37.38143867871751, "9": 40.01284562733237, "10": 41.85185459461975, "11": 38.7907683805147, "12": 37.66308904842504, "13": 35.141017206605326, "14": 32.42119324213836, "15": 26.027060104447003, "16": 36.01318835001716, "17": 36.43236812868619, "18": 36.198722291860776, "19": 31.234147407186956, "20": 30.948077953051882, "21": 35.501322449590745, "22": 36.54709657439136, "23": 37.17338671036128, "24": 33.12404792273676, "25": 35.01435122331364, "26": 20.208921693947794, "28": 13.325705795875, "29": 14.433990370450504, "30": 14.030268652541588, "31": 17.857216589243674, "32": 24.296669522170788, "33": 21.54426188105933, "34": 27.780063609867735, "35": 31.42577113495564, "36": 26.443186352294873, "37": 22.57011836061362, "38": 23.396754331549733, "39": 26.830937018037453, "40": 25.066634664950143, "41": 20.886965163753697, "42": 28.732917496849137, "43": 27.850792103274625, "44": 28.796747772785384, "45": 31.08411978469202, "46": 30.652457057906446, "47": 32.998735996552746, "48": 37.22091572491462, "49": 30.570488074093564, "50": 35.24413034499658, "51": 32.15182007022886, "52": 31.811287981851645, "53": 32.85466143416396, "54": 32.4873020513864, "55": 32.18449662315138, "56": 32.006258946776995, "57": 34.340942719981314, "58": 28.0032101352602, "59": 32.69573420494304, "60": 34.97957048856475, "61": 31.42585201648035, "62": 31.166523318234958 } }, "geometry": { "type": "Polygon", "coordinates": [ [ [ 118.375, -30.125 ], [ 118.375, -30.375 ], [ 118.125, -30.375 ], [ 118.125, -30.625 ], [ 117.875, -30.625 ], [ 117.875, -30.875 ], [ 116.375, -30.875 ], [ 116.375, -30.625 ], [ 115.625, -30.625 ], [ 115.625, -30.375 ], [ 115.375, -30.375 ], [ 115.375, -30.625 ], [ 115.125, -30.625 ], [ 115.125, -30.875 ], [ 114.875, -30.875 ], [ 114.875, -31.125 ], [ 115.125, -31.125 ], [ 115.125, -31.375 ], [ 115.375, -31.375 ], [ 115.375, -33.375 ], [ 115.625, -33.375 ], [ 115.625, -33.125 ], [ 117.875, -33.125 ], [ 117.875, -32.875 ], [ 119.625, -32.875 ], [ 119.625, -32.375 ], [ 119.875, -32.375 ], [ 119.875, -32.125 ], [ 120.375, -32.125 ], [ 120.375, -31.625 ], [ 120.625, -31.625 ], [ 120.625, -31.375 ], [ 120.875, -31.375 ], [ 120.875, -31.125 ], [ 121.625, -31.125 ], [ 121.625, -30.875 ], [ 121.125, -30.875 ], [ 121.125, -30.625 ], [ 120.375, -30.625 ], [ 120.375, -30.375 ], [ 119.625, -30.375 ], [ 119.625, -30.125 ], [ 118.375, -30.125 ] ] ] } },
{ "type": "Feature", "properties": { "cluster_id": 28, "cohesion": 9.3878597748048289, "distances": { "1": 33.31743331578965, "2": 26.78620880317849, "3": 29.78160045108005, "4": 37.96301038377652, "5": 39.71353016008982, "6": 34.62000178707455, "7": 30.075010019008126, "8": 36.30161796289335, "9": 37.38504738633999, "10": 39.53790860933923, "11": 37.39983576245754, "12": 36.00749709530005, "13": 31.840651971620886, "14": 30.852297390025022, "15": 24.843657052439433, "16": 34.66979834286038, "17": 32.98154758425513, "18": 33.79023148557717, "19": 28.935379345989276, "20": 30.898860768045243, "21": 35.77211526504429, "22": 36.20995638239527, "23": 36.33006198198813, "24": 33.896910632240456, "25": 35.36380102104348, "26": 13.052076540307219, "27": 13.325705795875002, "29": 17.36938481083011, "30": 21.43314777271372, "31": 14.237426013304884, "32": 22.38505109371503, "33": 23.919711420387443, "34": 30.877102957408383, "35": 33.03359817958776, "36": 28.015710750380148, "37": 27.44930425809406, "38": 27.81722783547722, "39": 27.76305897861829, "40": 29.592945730723795, "41": 27.373170540647067, "42": 27.385817394964153, "43": 25.49158180435292, "44": 27.03541375896958, "45": 29.7642133590189, "46": 28.989725229304895, "47": 31.423175055343005, "48": 33.94561245513801, "49": 27.871470114263797, "50": 32.78152162061496, "51": 32.13135014645838, "52": 32.851966028850164, "53": 32.12178560701298, "54": 32.49038920848262, "55": 31.402758661309477, "56": 33.10787237895496, "57": 34.50425793016885, "58": 27.313208757728393, "59": 33.3084337477277, "60": 35.35647401228267, "61": 33.388833008592265, "62": 33.50805209330961 } }, "geometry": { "type": "Polygon", "coordinates": [ [ [ 120.875, -31.125 ], [ 120.875, -31.375 ], [ 120.625, -31.375 ], [ 120.625, -31.625 ], [ 120.375, -31.625 ], [ 120.375, -32.125 ], [ 119.875, -32.125 ], [ 119.875, -32.375 ], [ 119.625, -32.375 ], [ 119.625, -32.875 ], [ 117.875, -32.875 ], [ 117.875, -33.125 ], [ 115.625, -33.125 ], [ 115.625, -33.375 ], [ 115.125, -33.375 ], [ 115.125, -33.625 ], [ 114.875, -33.625 ], [ 114.875, -33.875 ], [ 114.625, -33.875 ], [ 114.625, -34.125 ], [ 115.375, -34.125 ], [ 115.375, -34.375 ], [ 115.875, -34.375 ], [ 115.875, -34.125 ], [ 118.125, -34.125 ], [ 118.125, -33.875 ], [ 118.875, -33.875 ], [ 118.875, -33.625 ], [ 119.375, -33.625 ], [ 119.375, -33.375 ], [ 119.875, -33.375 ], [ 119.875, -32.875 ], [ 121.125, -32.875 ], [ 121.125, -33.125 ], [ 121.875, -33.125 ], [ 121.875, -32.875 ], [ 122.375, -32.875 ], [ 122.375, -32.625 ], [ 125.375, -32.625 ], [ 125.375, -32.375 ], [ 125.875, -32.375 ], [ 125.875, -32.125 ], [ 126.375, -32.125 ], [ 126.375, -31.875 ], [ 126.875, -31.875 ], [ 126.875, -31.625 ], [ 125.125, -31.625 ], [ 125.125, -31.875 ], [ 123.625, -31.875 ], [ 123.625, -31.625 ], [ 123.125, -31.625 ], [ 123.125, -31.375 ], [ 121.625, -31.375 ], [ 121.625, -31.125 ], [ 120.875, -31.125 ] ] ] } },
{ "type": "Feature", "properties": { "cluster_id": 29, "cohesion": 6.5547076073281518, "distances": { "1": 43.0253704496918, "2": 33.40488195076963, "3": 38.02983278034179, "4": 48.577409907828645, "5": 49.92052436572203, "6": 43.64164424342401, "7": 37.063107539424216, "8": 43.071606958105406, "9": 45.514512520963955, "10": 48.56883504415753, "11": 44.09290182831641, "12": 42.28364057255709, "13": 40.43695602557071, "14": 36.54396231556264, "15": 30.1877846668315, "16": 35.50412337945063, "17": 36.26745070794967, "18": 34.446376329036006, "19": 27.259768037350828, "20": 25.53395915772726, "21": 34.636559346008404, "22": 36.47449556509212, "23": 35.27042309609828, "24": 28.89348161928971, "25": 32.65076793584202, "26": 24.44854444905957, "27": 14.433990370450504, "28": 17.369384810830113, "30": 12.673802438491228, "31": 13.463243370784621, "32": 18.3939855407122, "33": 13.386822625966014, "34": 27.84654828641477, "35": 28.87144976899791, "36": 20.501735275167565, "37": 17.481439928999908, "38": 23.184354347296484, "39": 26.145883708283787, "40": 25.756120912130072, "41": 20.588417803857258, "42": 29.937729678815227, "43": 29.675455331658576, "44": 32.12043414722166, "45": 33.80957391930842, "46": 34.546022412771265, "47": 36.64175529021097, "48": 39.408593331105365, "49": 34.107891208471166, "50": 39.4033335994948, "51": 33.98983633612378, "52": 31.841787337728118, "53": 34.888532749872745, "54": 32.99182943292825, "55": 35.393780968695566, "56": 34.712459533548504, "57": 39.054417200986364, "58": 29.879812694028043, "59": 35.568427617089874, "60": 39.36170757719129, "61": 34.29773430996873, "62": 33.481769261500105 } }, "geometry": { "type": "Polygon", "coordinates": [ [ [ 123.625, -28.625 ], [ 123.625, -29.125 ], [ 123.875, -29.125 ], [ 123.875, -29.375 ], [ 123.375, -29.375 ], [ 123.375, -29.625 ], [ 122.875, -29.625 ], [ 122.875, -29.875 ], [ 121.625, -29.875 ], [ 121.625, -29.625 ], [ 120.625, -29.625 ], [ 120.625, -29.875 ], [ 120.375, -29.875 ], [ 120.375, -30.625 ], [ 121.125, -30.625 ], [ 121.125, -30.875 ], [ 121.625, -30.875 ], [ 121.625, -31.375 ], [ 123.125, -31.375 ], [ 123.125, -31.125 ], [ 123.375, -31.125 ], [ 123.375, -30.875 ], [ 124.125, -30.875 ], [ 124.125, -31.125 ], [ 124.375, -31.125 ], [ 124.375, -31.375 ], [ 125.625, -31.375 ], [ 125.625, -31.125 ], [ 125.875, -31.125 ], [ 125.875, -30.875 ], [ 127.625, -30.875 ], [ 127.625, -30.375 ], [ 126.875, -30.375 ], [ 126.875, -30.125 ], [ 126.375, -30.125 ], [ 126.375, -29.625 ], [ 126.125, -29.625 ], [ 126.125, -29.375 ], [ 125.875, -29.375 ], [ 125.875, -28.875 ], [ 125.375, -28.875 ], [ 125.375, -28.625 ], [ 123.625, -28.625 ] ] ] } },
{ "type": "Feature", "properties": { "cluster_id": 30, "cohesion": 8.4193387405457081, "distances": { "1": 44.05583528792562, "2": 34.62044102267979, "3": 39.37412467518156, "4": 48.17341292573838, "5": 48.57070058928369, "6": 42.287208014054066, "7": 36.07539648305053, "8": 39.73878409236182, "9": 43.44787496153789, "10": 45.941306604688705, "11": 40.811618297308705, "12": 39.5124436456087, "13": 39.46949386907881, "14": 34.44120440172903, "15": 28.844229706048885, "16": 34.557906193391226, "17": 37.33704560316928, "18": 35.27320650999486, "19": 29.99855335919379, "20": 27.039638004594064, "21": 32.56275187350108, "22": 34.63100944044049, "23": 34.496653317533756, "24": 28.25731673900513, "25": 31.087752946475657, "26": 27.969547763248322, "27": 14.03026865254159, "28": 21.43314777271372, "29": 12.67380243849123, "31": 20.53473822257658, "32": 23.415067519809458, "33": 16.693865929140266, "34": 23.32237840904692, "35": 26.738567452403515, "36": 21.693391534829313, "37": 14.740009651556546, "38": 18.318057338287986, "39": 23.979561483037834, "40": 19.40355934210588, "41": 13.716602151624713, "42": 30.052786567966887, "43": 30.855228621827226, "44": 31.908654918614346, "45": 32.84460617411896, "46": 33.10062128253775, "47": 34.54713940938975, "48": 39.138017419806104, "49": 33.52596648315291, "50": 37.6724716075089, "51": 31.550979466442097, "52": 29.10223285609714, "53": 33.18252227623869, "54": 31.497559364712952, "55": 33.141874766734176, "56": 30.82768989787295, "57": 35.19252617890006, "58": 27.80690081174497, "59": 31.45856097354535, "60": 34.949330039626886, "61": 29.196581508963188, "62": 28.031964916222773 } }, "geometry": { "type": "MultiPolygon", "coordinates": [ [ [ [ 114.375, -29.125 ], [ 114.375, -28.875 ], [ 114.625, -28.875 ], [ 114.625, -29.125 ], [ 114.375, -29.125 ] ] ], [ [ [ 114.875, -29.125 ], [ 114.875, -29.625 ], [ 115.125, -29.625 ], [ 115.125, -30.125 ], [ 115.625, -30.125 ], [ 115.625, -29.875 ], [ 115.875, -29.875 ], [ 115.875, -29.375 ], [ 116.125, -29.375 ], [ 116.125, -29.625 ], [ 116.375, -29.625 ], [ 116.375, -29.375 ], [ 116.625, -29.375 ], [ 116.625, -28.375 ], [ 117.125, -28.375 ], [ 117.125, -28.625 ], [ 117.375, -28.625 ], [ 117.375, -28.875 ], [ 118.125, -28.875 ], [ 118.125, -28.625 ], [ 118.375, -28.625 ], [ 118.375, -28.375 ], [ 118.625, -28.375 ], [ 118.625, -28.125 ], [ 118.875, -28.125 ], [ 118.875, -27.875 ], [ 119.125, -27.875 ], [ 119.125, -27.625 ], [ 119.375, -27.625 ], [ 119.375, -27.125 ], [ 119.625, -27.125 ], [ 119.625, -26.875 ], [ 120.625, -26.875 ], [ 120.625, -26.375 ], [ 121.125, -26.375 ], [ 121.125, -26.125 ], [ 121.625, -26.125 ], [ 121.625, -26.625 ], [ 121.875, -26.625 ], [ 121.875, -26.875 ], [ 122.375, -26.875 ], [ 122.375, -27.125 ], [ 122.125, -27.125 ], [ 122.125, -27.375 ], [ 122.375, -27.375 ], [ 122.375, -27.625 ], [ 122.625, -27.625 ], [ 122.625, -27.875 ], [ 123.625, -27.875 ], [ 123.625, -28.125 ], [ 125.875, -28.125 ], [ 125.875, -28.375 ], [ 126.125, -28.375 ], [ 126.125, -28.625 ], [ 125.875, -28.625 ], [ 125.875, -28.875 ], [ 125.375, -28.875 ], [ 125.375, -28.625 ], [ 123.625, -28.625 ], [ 123.625, -29.125 ], [ 123.875, -29.125 ], [ 123.875, -29.375 ], [ 123.375, -29.375 ], [ 123.375, -29.625 ], [ 122.875, -29.625 ], [ 122.875, -29.875 ], [ 121.625, -29.875 ], [ 121.625, -29.625 ], [ 120.625, -29.625 ], [ 120.625, -29.875 ], [ 120.375, -29.875 ], [ 120.375, -30.375 ], [ 119.625, -30.375 ], [ 119.625, -30.125 ], [ 118.375, -30.125 ], [ 118.375, -30.375 ], [ 118.125, -30.375 ], [ 118.125, -30.625 ], [ 117.875, -30.625 ], [ 117.875, -30.875 ], [ 116.375, -30.875 ], [ 116.375, -30.625 ], [ 115.625, -30.625 ], [ 115.625, -30.375 ], [ 115.375, -30.375 ], [ 115.375, -30.625 ], [ 115.125, -30.625 ], [ 115.125, -30.875 ], [ 114.875, -30.875 ], [ 114.875, -30.625 ], [ 114.625, -30.625 ], [ 114.625, -29.125 ], [ 114.875, -29.125 ] ] ] ] } },
{ "type": "Feature", "properties": { "cluster_id": 31, "cohesion": 7.9503255044167727, "distances": { "1": 36.096894534564186, "2": 27.562005266555303, "3": 31.414488954210114, "4": 42.63911875422553, "5": 44.468368243645315, "6": 38.395399693527594, "7": 32.03535058757383, "8": 39.393405984109506, "9": 40.96648398816414, "10": 44.015615386291195, "11": 40.26069495842069, "12": 38.36872754860175, "13": 35.46430053787487, "14": 32.85365935739155, "15": 27.046099639726314, "16": 32.175190491290216, "17": 30.973310939601255, "18": 30.27482467268187, "19": 22.87379873842512, "20": 24.68799524693512, "21": 32.113133294289945, "22": 33.20117477291845, "23": 32.65323916447472, "24": 28.788633204909925, "25": 31.186941843161193, "26": 17.62438239712667, "27": 17.857216589243674, "28": 14.237426013304884, "29": 13.463243370784621, "30": 20.53473822257658, "32": 13.871648570061089, "33": 17.09955110239792, "34": 28.978203934120256, "35": 28.724904849322424, "36": 21.6151064358313, "37": 23.38059947985852, "38": 25.362494119669712, "39": 24.790189924434728, "40": 28.69156593141409, "41": 26.034457844898693, "42": 25.721667505672787, "43": 24.54538318663036, "44": 26.9834411266487, "45": 29.338005123426043, "46": 29.562237619419268, "47": 32.14664885773794, "48": 34.19183301599686, "49": 29.3543249579886, "50": 34.67056801238163, "51": 30.643356911602506, "52": 30.12403770362511, "53": 30.543002705552198, "54": 29.617923159684647, "55": 31.41968887842527, "56": 32.88222455152655, "57": 36.34700821105093, "58": 26.686528303862445, "59": 33.77513061546748, "60": 37.05242922615211, "61": 33.66533857399762, "62": 33.473139980967616 } }, "geometry": { "type": "Polygon", "coordinates": [ [ [ 123.375, -30.875 ], [ 123.375, -31.125 ], [ 123.125, -31.125 ], [ 123.125, -31.625 ], [ 123.625, -31.625 ], [ 123.625, -31.875 ], [ 125.125, -31.875 ], [ 125.125, -31.625 ], [ 126.875, -31.625 ], [ 126.875, -31.875 ], [ 126.375, -31.875 ], [ 126.375, -32.125 ], [ 125.875, -32.125 ], [ 125.875, -32.375 ], [ 125.625, -32.375 ], [ 125.625, -32.625 ], [ 125.375, -32.625 ], [ 125.375, -32.875 ], [ 125.875, -32.875 ], [ 125.875, -32.625 ], [ 127.375, -32.625 ], [ 127.375, -32.375 ], [ 128.375, -32.375 ], [ 128.375, -32.125 ], [ 128.875, -32.125 ], [ 128.875, -31.625 ], [ 129.375, -31.625 ], [ 129.375, -31.375 ], [ 128.875, -31.375 ], [ 128.875, -31.125 ], [ 127.375, -31.125 ], [ 127.375, -30.875 ], [ 125.875, -30.875 ], [ 125.875, -31.125 ], [ 125.625, -31.125 ], [ 125.625, -31.375 ], [ 124.375, -31.375 ], [ 124.375, -31.125 ], [ 124.125, -31.125 ], [ 124.125, -30.875 ], [ 123.375, -30.875 ] ] ] } },
{ "type": "Feature", "properties": { "cluster_id": 32, "cohesion": 5.2656154376710269, "distances": { "1": 37.781653284246175, "2": 28.49710615922662, "3": 32.33798988026255, "4": 45.54856181255764, "5": 47.47905449571635, "6": 41.2522571246836, "7": 33.80643193358195, "8": 41.2465279943078, "9": 42.71943539311552, "10": 46.92677995998434, "11": 41.21553346330512, "12": 38.94296047082119, "13": 37.485635698365634, "14": 33.5181033289811, "15": 28.53843063169187, "16": 27.503528155976102, "17": 26.844624599326636, "18": 24.04295071731138, "19": 13.627263675397732, "20": 14.994120343839628, "21": 27.876387766864617, "22": 28.8831011314981, "23": 26.468847544987426, "24": 20.9241226772735, "25": 25.433268550617022, "26": 23.932673045570805, "27": 24.296669522170788, "28": 22.38505109371503, "29": 18.3939855407122, "30": 23.415067519809458, "31": 13.871648570061089, "33": 13.769193374667982, "34": 26.861659665280612, "35": 23.746845985975288, "36": 13.66600688333411, "37": 21.000706475862824, "38": 24.47014670519078, "39": 22.7367749976875, "40": 27.590925842350885, "41": 25.711582225569696, "42": 24.210576107389628, "43": 24.147077600955832, "44": 27.215500202484474, "45": 28.811605794907845, "46": 29.86208476907819, "47": 31.734154594115196, "48": 32.30913049945157, "49": 29.425175137199293, "50": 34.790944434715, "51": 29.91802033455975, "52": 27.899294903708736, "53": 28.88846470317795, "54": 26.40869400602091, "55": 31.70831088138913, "56": 32.752187081722596, "57": 37.645709647827786, "58": 26.01007287425264, "59": 32.80437473261254, "60": 37.177828602069695, "61": 32.76486426175441, "62": 31.784286760309932 } }, "geometry": { "type": "Polygon", "coordinates": [ [ [ 128.875, -30.875 ], [ 128.875, -31.375 ], [ 129.375, -31.375 ], [ 129.375, -31.625 ], [ 128.875, -31.625 ], [ 128.875, -32.125 ], [ 129.375, -32.125 ], [ 129.375, -31.875 ], [ 131.625, -31.875 ], [ 131.625, -32.125 ], [ 132.125, -32.125 ], [ 132.125, -31.875 ], [ 133.625, -31.875 ], [ 133.625, -31.125 ], [ 133.125, -31.125 ], [ 133.125, -30.875 ], [ 128.875, -30.875 ] ] ] } },
{ "type": "Feature", "properties": { "cluster_id": 33, "cohesion": 7.439724718392239, "distances": { "1": 44.461116411528806, "2": 34.10343654043726, "3": 38.97112415367669, "4": 50.78501958048963, "5": 51.7988700474748, "6": 44.81198724464528, "7": 37.20392563628799, "8": 42.8183847832991, "9": 46.52408741837602, "10": 49.60076045437535, "11": 44.00040642201528, "12": 42.67072643413472, "13": 41.8662584800516, "14": 37.05128996711743, "15": 31.232077694990853, "16": 32.00350836073283, "17": 34.50822712911006, "18": 30.965633377134136, "19": 22.407082183184148, "20": 18.73491817185192, "21": 28.898789031280845, "22": 31.81700163222901, "23": 30.445863619467627, "24": 21.8532456444986, "25": 26.413953150076185, "26": 28.951111035109932, "27": 21.54426188105933, "28": 23.919711420387443, "29": 13.386822625966014, "30": 16.693865929140266, "31": 17.09955110239792, "32": 13.769193374667982, "34": 23.19017733126959, "35": 22.151196972261232, "36": 12.077487482320297, "37": 12.630169331463142, "38": 22.5904714600329, "39": 24.966369209307015, "40": 24.954875923593324, "41": 20.040907310844563, "42": 28.331864577278573, "43": 29.276778591402532, "44": 31.565127325465056, "45": 32.40563335569375, "46": 33.77458956807212, "47": 35.71607110005286, "48": 38.86009684084005, "49": 34.43656756101567, "50": 39.544099981686585, "51": 30.478227628586136, "52": 26.945921733666673, "53": 32.20342591005571, "54": 29.0774921244996, "55": 33.25242764950221, "56": 31.67792546766171, "57": 37.61898351228103, "58": 29.591841594316232, "59": 34.70841383676087, "60": 37.99212512306738, "61": 31.437840428820504, "62": 31.02107275834396 } }, "geometry": { "type": "Polygon", "coordinates": [ [ [ 130.375, -26.625 ], [ 130.375, -26.875 ], [ 129.875, -26.875 ], [ 129.875, -27.625 ], [ 130.125, -27.625 ], [ 130.125, -27.875 ], [ 129.625, -27.875 ], [ 129.625, -28.125 ], [ 127.125, -28.125 ], [ 127.125, -28.625 ], [ 125.875, -28.625 ], [ 125.875, -29.375 ], [ 126.125, -29.375 ], [ 126.125, -29.625 ], [ 126.375, -29.625 ], [ 126.375, -30.125 ], [ 126.875, -30.125 ], [ 126.875, -30.375 ], [ 127.625, -30.375 ], [ 127.625, -30.875 ], [ 127.375, -30.875 ], [ 127.375, -31.125 ], [ 128.875, -31.125 ], [ 128.875, -30.875 ], [ 132.375, -30.875 ], [ 132.375, -30.625 ], [ 132.125, -30.625 ], [ 132.125, -30.375 ], [ 131.875, -30.375 ], [ 131.875, -30.125 ], [ 131.625, -30.125 ], [ 131.625, -29.875 ], [ 131.375, -29.875 ], [ 131.375, -29.125 ], [ 132.125, -29.125 ], [ 132.125, -28.625 ], [ 131.875, -28.625 ], [ 131.875, -28.125 ], [ 131.375, -28.125 ], [ 131.375, -27.625 ], [ 131.625, -27.625 ], [ 131.625, -26.875 ], [ 130.875, -26.875 ], [ 130.875, -26.625 ], [ 130.375, -26.625 ] ] ] } },
{ "type": "Feature", "properties": { "cluster_id": 34, "cohesion": 9.6441423445208869, "distances": { "1": 42.236100904424816, "2": 34.297986495696776, "3": 38.19354948988473, "4": 45.44712768950652, "5": 44.090023057303874, "6": 37.449651212207044, "7": 31.479601085517672, "8": 29.969140712705507, "9": 37.44507982308315, "10": 38.53716100815063, "11": 31.744163096192082, "12": 32.94355024910774, "13": 36.16675636010043, "14": 29.812973378605633, "15": 27.51865650006738, "16": 28.38431085377903, "17": 35.033452962962194, "18": 31.70113863120732, "19": 29.087040305449964, "20": 25.323350844266557, "21": 21.166242467877588, "22": 25.943052333930186, "23": 27.66747031747964, "24": 21.708648838840244, "25": 21.126752268428547, "26": 33.01590192736574, "27": 27.780063609867735, "28": 30.877102957408383, "29": 27.84654828641477, "30": 23.32237840904692, "31": 28.978203934120256, "32": 26.861659665280612, "33": 23.19017733126959, "35": 15.803292109296365, "36": 21.027437661424415, "37": 17.502415766383915, "38": 21.024658803135097, "39": 23.234268323702054, "40": 18.294937913305695, "41": 18.13652571272346, "42": 27.97035896915805, "43": 31.0222140875356, "44": 30.50000910443529, "45": 28.64599025010958, "46": 28.821450263226524, "47": 28.772052376752768, "48": 35.897454468310066, "49": 31.46547533715789, "50": 33.13675948716938, "51": 20.536565947261288, "52": 16.28910272766131, "53": 26.95670592488368, "54": 25.066942880123452, "55": 23.991948047127813, "56": 16.871689198554492, "57": 22.92366893635863, "58": 24.788462869211283, "59": 24.43008262080956, "60": 22.980124609031833, "61": 14.295277141369127, "62": 16.612460897802173 } }, "geometry": { "type": "Polygon", "coordinates": [ [ [ 133.875, -23.625 ], [ 133.875, -23.875 ], [ 131.875, -23.875 ], [ 131.875, -24.125 ], [ 131.375, -24.125 ], [ 131.375, -23.875 ], [ 130.375, -23.875 ], [ 130.375, -24.125 ], [ 130.125, -24.125 ], [ 130.125, -24.625 ], [ 128.875, -24.625 ], [ 128.875, -24.375 ], [ 126.875, -24.375 ], [ 126.875, -24.625 ], [ 124.625, -24.625 ], [ 124.625, -25.125 ], [ 125.625, -25.125 ], [ 125.625, -25.375 ], [ 125.875, -25.375 ], [ 125.875, -25.625 ], [ 129.875, -25.625 ], [ 129.875, -25.875 ], [ 130.125, -25.875 ], [ 130.125, -25.625 ], [ 130.625, -25.625 ], [ 130.625, -25.875 ], [ 131.375, -25.875 ], [ 131.375, -25.625 ], [ 131.875, -25.625 ], [ 131.875, -25.375 ], [ 132.875, -25.375 ], [ 132.875, -24.875 ], [ 133.375, -24.875 ], [ 133.375, -24.625 ], [ 134.375, -24.625 ], [ 134.375, -24.375 ], [ 134.125, -24.375 ], [ 134.125, -24.125 ], [ 134.375, -24.125 ], [ 134.375, -23.875 ], [ 134.625, -23.875 ], [ 134.625, -23.625 ], [ 133.875, -23.625 ] ] ] } },
{ "type": "Feature", "properties": { "cluster_id": 35, "cohesion": 9.1491458901682599, "distances": { "1": 44.20031290308304, "2": 35.711315439181845, "3": 39.35422273012788, "4": 49.95937516274803, "5": 49.54432632970286, "6": 42.60279515192897, "7": 35.14409873767614, "8": 36.65910574496524, "9": 43.12401379713832, "10": 45.23029421910559, "11": 38.21539582985932, "12": 38.149840076134026, "13": 40.6253268293951, "14": 34.36928482719313, "15": 31.859570571699884, "16": 25.31889824480098, "17": 32.40667638950186, "18": 27.61600945464553, "19": 24.236029328038565, "20": 19.65814713188968, "21": 15.071107810267437, "22": 21.745873189161, "23": 22.58215124152374, "24": 14.578183702212927, "25": 14.134463829109416, "26": 34.51513473778998, "27": 31.42577113495564, "28": 33.03359817958776, "29": 28.87144976899791, "30": 26.73856745240352, "31": 28.724904849322428, "32": 23.746845985975284, "33": 22.151196972261232, "34": 15.803292109296363, "36": 16.76708302381881, "37": 19.635873637094598, "38": 23.037741928988396, "39": 23.52114752870397, "40": 23.67752599329611, "41": 22.85900464287521, "42": 27.607015377562337, "43": 31.22900619350549, "44": 31.54463100930932, "45": 29.720132976984488, "46": 30.28889994077644, "47": 30.189685019604475, "48": 35.63356426084922, "49": 32.88289741867799, "50": 35.355787740888125, "51": 20.790396758463206, "52": 13.754878155689875, "53": 25.78874708422504, "54": 22.27672789171246, "55": 26.554176230409386, "56": 21.15954266578963, "57": 29.495267496596227, "58": 26.939791271832643, "59": 29.444569741607264, "60": 30.44102086133914, "61": 22.845018305872316, "62": 24.000577602904553 } }, "geometry": { "type": "MultiPolygon", "coordinates": [ [ [ [ 137.625, -28.875 ], [ 137.625, -29.125 ], [ 137.875, -29.125 ], [ 137.875, -29.375 ], [ 138.125, -29.375 ], [ 138.125, -29.625 ], [ 138.375, -29.625 ], [ 138.375, -29.875 ], [ 137.625, -29.875 ], [ 137.625, -29.625 ], [ 137.375, -29.625 ], [ 137.375, -28.875 ], [ 137.625, -28.875 ] ] ], [ [ [ 134.625, -24.625 ], [ 134.625, -24.875 ], [ 135.625, -24.875 ], [ 135.625, -25.125 ], [ 135.875, -25.125 ], [ 135.875, -25.375 ], [ 136.125, -25.375 ], [ 136.125, -25.625 ], [ 136.625, -25.625 ], [ 136.625, -25.875 ], [ 136.875, -25.875 ], [ 136.875, -26.125 ], [ 137.125, -26.125 ], [ 137.125, -26.625 ], [ 137.375, -26.625 ], [ 137.375, -26.875 ], [ 137.625, -26.875 ], [ 137.625, -27.125 ], [ 137.875, -27.125 ], [ 137.875, -27.375 ], [ 138.375, -27.375 ], [ 138.375, -27.125 ], [ 138.625, -27.125 ], [ 138.625, -27.375 ], [ 139.375, -27.375 ], [ 139.375, -27.125 ], [ 139.875, -27.125 ], [ 139.875, -27.375 ], [ 140.125, -27.375 ], [ 140.125, -27.625 ], [ 140.375, -27.625 ], [ 140.375, -29.125 ], [ 140.625, -29.125 ], [ 140.625, -29.375 ], [ 141.125, -29.375 ], [ 141.125, -29.625 ], [ 140.375, -29.625 ], [ 140.375, -29.375 ], [ 140.125, -29.375 ], [ 140.125, -29.125 ], [ 139.375, -29.125 ], [ 139.375, -29.375 ], [ 138.625, -29.375 ], [ 138.625, -29.125 ], [ 138.375, -29.125 ], [ 138.375, -28.875 ], [ 137.875, -28.875 ], [ 137.875, -28.625 ], [ 137.375, -28.625 ], [ 137.375, -28.375 ], [ 137.125, -28.375 ], [ 137.125, -28.625 ], [ 136.875, -28.625 ], [ 136.875, -28.375 ], [ 136.625, -28.375 ], [ 136.625, -28.125 ], [ 135.875, -28.125 ], [ 135.875, -27.625 ], [ 135.375, -27.625 ], [ 135.375, -27.375 ], [ 134.125, -27.375 ], [ 134.125, -27.125 ], [ 133.875, -27.125 ], [ 133.875, -26.875 ], [ 134.375, -26.875 ], [ 134.375, -26.375 ], [ 134.125, -26.375 ], [ 134.125, -26.125 ], [ 133.875, -26.125 ], [ 133.875, -26.375 ], [ 133.125, -26.375 ], [ 133.125, -26.625 ], [ 132.625, -26.625 ], [ 132.625, -26.375 ], [ 131.375, -26.375 ], [ 131.375, -26.125 ], [ 130.375, -26.125 ], [ 130.375, -25.875 ], [ 131.375, -25.875 ], [ 131.375, -25.625 ], [ 131.875, -25.625 ], [ 131.875, -25.375 ], [ 132.875, -25.375 ], [ 132.875, -24.875 ], [ 133.375, -24.875 ], [ 133.375, -24.625 ], [ 134.625, -24.625 ] ] ] ] } },
{ "type": "Feature", "properties": { "cluster_id": 36, "cohesion": 6.6791156884839795, "distances": { "1": 43.35329606014714, "2": 33.605703783650156, "3": 37.74846753037607, "4": 50.34473944784572, "5": 51.280435655475884, "6": 44.52947033455308, "7": 36.64656923672885, "8": 41.81953291094794, "9": 45.467882076348964, "10": 49.07494323030862, "11": 42.269721265994036, "12": 40.85537470628, "13": 41.26979048753343, "14": 35.86150834789727, "15": 31.37157380720648, "16": 27.61187786047976, "17": 30.780759365840623, "18": 26.10241148528786, "19": 17.72143618082398, "20": 12.221266094260269, "21": 24.52972633675619, "22": 27.584887692305923, "23": 25.058872343882904, "24": 14.382308284351252, "25": 20.9088888280556, "26": 30.907770367064945, "27": 26.443186352294877, "28": 28.015710750380148, "29": 20.501735275167565, "30": 21.69339153482931, "31": 21.6151064358313, "32": 13.666006883334111, "33": 12.077487482320294, "34": 21.02743766142442, "35": 16.76708302381881, "37": 14.923165823244137, "38": 22.215634462626365, "39": 22.62734440953302, "40": 24.052061049382484, "41": 21.256503648635373, "42": 26.78529676238645, "43": 28.635756379421903, "44": 30.942996408524042, "45": 30.8893137924297, "46": 32.402299502032804, "47": 33.44846655119407, "48": 35.81796666628157, "49": 32.72416057387651, "50": 37.41274688980904, "51": 28.527038774068142, "52": 23.943231828670765, "53": 29.836876482943826, "54": 25.916043957055646, "55": 31.839257705925, "56": 29.905827712089106, "57": 36.54566584493544, "58": 27.33700909674667, "59": 32.20032881736632, "60": 36.012048765850274, "61": 29.291498810080817, "62": 28.39149893303253 } }, "geometry": { "type": "Polygon", "coordinates": [ [ [ 133.875, -26.125 ], [ 133.875, -26.375 ], [ 133.125, -26.375 ], [ 133.125, -26.625 ], [ 132.625, -26.625 ], [ 132.625, -26.375 ], [ 131.875, -26.375 ], [ 131.875, -26.875 ], [ 131.625, -26.875 ], [ 131.625, -27.625 ], [ 131.375, -27.625 ], [ 131.375, -28.125 ], [ 131.875, -28.125 ], [ 131.875, -28.625 ], [ 132.125, -28.625 ], [ 132.125, -29.125 ], [ 131.375, -29.125 ], [ 131.375, -29.875 ], [ 131.625, -29.875 ], [ 131.625, -30.125 ], [ 131.875, -30.125 ], [ 131.875, -30.375 ], [ 132.125, -30.375 ], [ 132.125, -30.625 ], [ 132.375, -30.625 ], [ 132.375, -30.875 ], [ 132.875, -30.875 ], [ 132.875, -30.625 ], [ 133.125, -30.625 ], [ 133.125, -30.375 ], [ 133.375, -30.375 ], [ 133.375, -30.125 ], [ 133.875, -30.125 ], [ 133.875, -29.375 ], [ 134.125, -29.375 ], [ 134.125, -28.625 ], [ 134.375, -28.625 ], [ 134.375, -27.875 ], [ 134.625, -27.875 ], [ 134.625, -27.375 ], [ 134.125, -27.375 ], [ 134.125, -27.125 ], [ 133.875, -27.125 ], [ 133.875, -26.875 ], [ 134.375, -26.875 ], [ 134.375, -26.375 ], [ 134.125, -26.375 ], [ 134.125, -26.125 ], [ 133.875, -26.125 ] ] ] } },
{ "type": "Feature", "properties": { "cluster_id": 37, "cohesion": 8.0616672403098484, "distances": { "1": 46.04452230523563, "2": 36.22397618513499, "3": 40.95874021319441, "4": 50.86632103687586, "5": 51.0121658307124, "6": 44.25214135816691, "7": 37.225755649808896, "8": 40.042876168869235, "9": 44.92904374591038, "10": 47.568288959163596, "11": 41.21362734716475, "12": 40.45519626988055, "13": 41.41968620336514, "14": 35.518024332297585, "15": 30.556401587879467, "16": 31.101217772646176, "17": 35.93180363812108, "18": 32.08895487989488, "19": 26.344966828512813, "20": 21.12747484234841, "21": 27.05275177942214, "22": 30.487311189849535, "23": 29.635538179125938, "24": 20.962335411830924, "25": 24.4970578920153, "26": 32.39489382642073, "27": 22.570118360613623, "28": 27.44930425809407, "29": 17.481439928999908, "30": 14.740009651556546, "31": 23.380599479858525, "32": 21.00070647586282, "33": 12.630169331463142, "34": 17.502415766383915, "35": 19.635873637094598, "36": 14.923165823244133, "38": 19.641164292725783, "39": 23.94812719457658, "40": 19.4740997094124, "41": 14.133369214618003, "42": 29.767213118716015, "43": 31.69248049959352, "44": 32.70828731834574, "45": 32.74756585287094, "46": 33.42417676844418, "47": 34.33107967551609, "48": 38.94812387494432, "49": 34.371580313334746, "50": 38.29907097901864, "51": 28.788927796840497, "52": 24.358271791346606, "53": 31.608302285167344, "54": 28.81031183836439, "55": 31.964481974790797, "56": 28.00986034209434, "57": 34.163274818887544, "58": 28.42335127852344, "59": 31.155939756649303, "60": 33.84715275415897, "61": 25.960017757980154, "62": 25.36026755297312 } }, "geometry": { "type": "Polygon", "coordinates": [ [ [ 127.375, -25.625 ], [ 127.375, -25.875 ], [ 127.625, -25.875 ], [ 127.625, -26.125 ], [ 126.875, -26.125 ], [ 126.875, -26.375 ], [ 126.375, -26.375 ], [ 126.375, -26.125 ], [ 125.875, -26.125 ], [ 125.875, -26.375 ], [ 125.375, -26.375 ], [ 125.375, -26.625 ], [ 124.375, -26.625 ], [ 124.375, -26.875 ], [ 123.875, -26.875 ], [ 123.875, -27.125 ], [ 123.125, -27.125 ], [ 123.125, -26.875 ], [ 122.375, -26.875 ], [ 122.375, -27.125 ], [ 122.125, -27.125 ], [ 122.125, -27.375 ], [ 122.375, -27.375 ], [ 122.375, -27.625 ], [ 122.625, -27.625 ], [ 122.625, -27.875 ], [ 123.625, -27.875 ], [ 123.625, -28.125 ], [ 125.875, -28.125 ], [ 125.875, -28.375 ], [ 126.125, -28.375 ], [ 126.125, -28.625 ], [ 127.125, -28.625 ], [ 127.125, -28.125 ], [ 129.625, -28.125 ], [ 129.625, -27.875 ], [ 130.125, -27.875 ], [ 130.125, -27.625 ], [ 129.875, -27.625 ], [ 129.875, -26.875 ], [ 130.375, -26.875 ], [ 130.375, -26.625 ], [ 130.875, -26.625 ], [ 130.875, -26.875 ], [ 131.875, -26.875 ], [ 131.875, -26.375 ], [ 131.375, -26.375 ], [ 131.375, -26.125 ], [ 130.375, -26.125 ], [ 130.375, -25.875 ], [ 130.625, -25.875 ], [ 130.625, -25.625 ], [ 130.125, -25.625 ], [ 130.125, -25.875 ], [ 129.875, -25.875 ], [ 129.875, -25.625 ], [ 127.375, -25.625 ] ] ] } },
{ "type": "Feature", "properties": { "cluster_id": 38, "cohesion": 6.7077737110313507, "distances": { "1": 40.2192394919009, "2": 31.14816733029577, "3": 35.645375606050045, "4": 44.80034135994982, "5": 44.816702429137386, "6": 38.71684589703142, "7": 32.154981228173206, "8": 35.549701163530116, "9": 38.8861589002377, "10": 42.222299226492076, "11": 35.16767283048681, "12": 32.825717233024044, "13": 35.91494565916976, "14": 29.003166535459997, "15": 26.205946702575595, "16": 28.249684300387322, "17": 31.727481664473512, "18": 29.987184834968073, "19": 27.13576846920262, "20": 25.514432805032648, "21": 26.322626837602805, "22": 27.024939823938467, "23": 28.55767468149648, "24": 25.190315391567545, "25": 26.46558445982187, "26": 30.435227309976142, "27": 23.39675433154973, "28": 27.817227835477222, "29": 23.184354347296484, "30": 18.318057338287982, "31": 25.362494119669716, "32": 24.470146705190782, "33": 22.590471460032898, "34": 21.024658803135097, "35": 23.037741928988396, "36": 22.21563446262636, "37": 19.641164292725783, "39": 12.901355439724217, "40": 13.868465790872484, "41": 14.504418238117777, "42": 24.728372124153275, "43": 26.81407351169514, "44": 26.2597962821533, "45": 26.675779951666303, "46": 26.39546840461886, "47": 27.38368639089131, "48": 32.67893047282163, "49": 28.57060925396909, "50": 31.1923768860137, "51": 26.345343910188763, "52": 24.52035053958614, "53": 25.419699836516955, "54": 23.756825734877243, "55": 28.157846405897423, "56": 26.64908052185784, "57": 31.352478225460967, "58": 19.432369532841165, "59": 23.3260902481121, "60": 29.368254764436475, "61": 24.702007055762795, "62": 21.612583270975303 } }, "geometry": { "type": "Polygon", "coordinates": [ [ [ 113.125, -24.375 ], [ 113.125, -24.875 ], [ 113.375, -24.875 ], [ 113.375, -25.375 ], [ 113.625, -25.375 ], [ 113.625, -25.875 ], [ 113.875, -25.875 ], [ 113.875, -26.125 ], [ 113.625, -26.125 ], [ 113.625, -26.375 ], [ 113.375, -26.375 ], [ 113.375, -27.125 ], [ 113.625, -27.125 ], [ 113.625, -27.875 ], [ 113.875, -27.875 ], [ 113.875, -28.125 ], [ 115.375, -28.125 ], [ 115.375, -27.875 ], [ 116.625, -27.875 ], [ 116.625, -26.625 ], [ 116.375, -26.625 ], [ 116.375, -25.875 ], [ 116.125, -25.875 ], [ 116.125, -25.625 ], [ 115.875, -25.625 ], [ 115.875, -25.375 ], [ 115.625, -25.375 ], [ 115.625, -25.625 ], [ 115.125, -25.625 ], [ 115.125, -25.375 ], [ 114.625, -25.375 ], [ 114.625, -25.125 ], [ 114.375, -25.125 ], [ 114.375, -24.875 ], [ 113.875, -24.875 ], [ 113.875, -24.625 ], [ 113.625, -24.625 ], [ 113.625, -24.375 ], [ 113.125, -24.375 ] ] ] } },
{ "type": "Feature", "properties": { "cluster_id": 39, "cohesion": 8.1167894613009128, "distances": { "1": 35.056653363621486, "2": 27.58029761902162, "3": 30.55926396909655, "4": 40.758113642614354, "5": 41.34927676632614, "6": 36.03357415428322, "7": 29.670583011289303, "8": 34.05068721590538, "9": 35.20857959571272, "10": 40.01738923131415, "11": 32.217445064128526, "12": 28.52851179091105, "13": 32.321005236340035, "14": 25.39554149258402, "15": 24.434392575867253, "16": 24.76749588568108, "17": 26.372811253634076, "18": 25.272118674249004, "19": 23.180942275385256, "20": 23.530229759063776, "21": 25.6013532909473, "22": 25.268859714684336, "23": 25.444591144801308, "24": 23.84678658614757, "25": 25.466773838207605, "26": 27.657684523454826, "27": 26.830937018037453, "28": 27.763058978618293, "29": 26.145883708283787, "30": 23.979561483037834, "31": 24.790189924434728, "32": 22.736774997687498, "33": 24.96636920930701, "34": 23.234268323702047, "35": 23.52114752870397, "36": 22.627344409533013, "37": 23.948127194576575, "38": 12.901355439724218, "40": 16.002858240375282, "41": 20.460875519850525, "42": 22.42688842098842, "43": 24.27525910970071, "44": 24.891775090826297, "45": 24.746099031863857, "46": 24.60960379185083, "47": 24.77258837878314, "48": 27.595179027493398, "49": 24.96179338398738, "50": 27.51937536788488, "51": 26.14264475422572, "52": 25.192619109407683, "53": 24.258119830610735, "54": 22.68403734313099, "55": 27.0190035545968, "56": 27.446755284273834, "57": 31.355606517344615, "58": 12.819541141435856, "59": 19.63566907558638, "60": 27.97467661748584, "61": 25.163674193203597, "62": 21.19475918692246 } }, "geometry": { "type": "Polygon", "coordinates": [ [ [ 115.875, -20.625 ], [ 115.875, -20.875 ], [ 115.625, -20.875 ], [ 115.625, -21.125 ], [ 115.125, -21.125 ], [ 115.125, -21.375 ], [ 114.625, -21.375 ], [ 114.625, -21.625 ], [ 114.375, -21.625 ], [ 114.375, -21.875 ], [ 113.875, -21.875 ], [ 113.875, -22.125 ], [ 113.625, -22.125 ], [ 113.625, -22.375 ], [ 113.375, -22.375 ], [ 113.375, -23.625 ], [ 113.125, -23.625 ], [ 113.125, -24.375 ], [ 113.625, -24.375 ], [ 113.625, -24.625 ], [ 113.875, -24.625 ], [ 113.875, -24.875 ], [ 114.375, -24.875 ], [ 114.375, -25.125 ], [ 114.625, -25.125 ], [ 114.625, -25.375 ], [ 115.125, -25.375 ], [ 115.125, -25.625 ], [ 115.625, -25.625 ], [ 115.625, -25.375 ], [ 115.875, -25.375 ], [ 115.875, -25.625 ], [ 116.375, -25.625 ], [ 116.375, -25.375 ], [ 116.625, -25.375 ], [ 116.625, -25.125 ], [ 116.875, -25.125 ], [ 116.875, -24.625 ], [ 117.625, -24.625 ], [ 117.625, -24.375 ], [ 117.875, -24.375 ], [ 117.875, -24.125 ], [ 118.125, -24.125 ], [ 118.125, -23.875 ], [ 117.875, -23.875 ], [ 117.875, -23.625 ], [ 117.625, -23.625 ], [ 117.625, -23.375 ], [ 117.375, -23.375 ], [ 117.375, -22.875 ], [ 117.125, -22.875 ], [ 117.125, -22.625 ], [ 116.625, -22.625 ], [ 116.625, -22.375 ], [ 116.375, -22.375 ], [ 116.375, -22.125 ], [ 116.125, -22.125 ], [ 116.125, -21.125 ], [ 116.375, -21.125 ], [ 116.375, -20.625 ], [ 115.875, -20.625 ] ] ] } },
{ "type": "Feature", "properties": { "cluster_id": 40, "cohesion": 8.10687343078129, "distances": { "1": 40.43808361313947, "2": 33.12513630426837, "3": 36.45196587532905, "4": 43.438659890635385, "5": 42.941724063832986, "6": 37.97023780879841, "7": 32.675412579764995, "8": 32.945778204311004, "9": 35.73436282819945, "10": 39.764715021364744, "11": 31.30982538137265, "12": 29.11549278650457, "13": 34.22362247806292, "14": 26.508819488582528, "15": 25.28050613985571, "16": 28.5511061172665, "17": 32.73042690888417, "18": 30.64587422845393, "19": 28.934659593527694, "20": 26.36818854961808, "21": 28.00378650242525, "22": 29.19133224652145, "23": 28.88415454970292, "24": 25.050153783088017, "25": 26.75374393337845, "26": 31.73059209726941, "27": 25.066634664950143, "28": 29.592945730723784, "29": 25.756120912130076, "30": 19.40355934210588, "31": 28.69156593141409, "32": 27.59092584235088, "33": 24.954875923593328, "34": 18.294937913305695, "35": 23.67752599329611, "36": 24.052061049382484, "37": 19.474099709412403, "38": 13.868465790872486, "39": 16.002858240375282, "41": 13.374753869091196, "42": 28.09278236720025, "43": 30.36194572336022, "44": 30.592240420895862, "45": 29.589987669169577, "46": 29.29932961225925, "47": 28.5131878688934, "48": 32.9663770966124, "49": 29.28645663707303, "50": 31.05659395713616, "51": 28.031581093936182, "52": 25.61114166398888, "53": 29.188236786140717, "54": 27.814468818426135, "55": 29.09021704456895, "56": 25.76084317349752, "57": 29.337310941055932, "58": 18.29398955355745, "59": 18.065140121835064, "60": 24.818220076810853, "61": 19.910827127424298, "62": 14.890800334362291 } }, "geometry": { "type": "Polygon", "coordinates": [ [ [ 119.125, -23.125 ], [ 119.125, -24.125 ], [ 117.875, -24.125 ], [ 117.875, -24.375 ], [ 117.625, -24.375 ], [ 117.625, -24.625 ], [ 116.875, -24.625 ], [ 116.875, -25.125 ], [ 116.625, -25.125 ], [ 116.625, -25.375 ], [ 116.375, -25.375 ], [ 116.375, -25.625 ], [ 116.125, -25.625 ], [ 116.125, -25.875 ], [ 116.375, -25.875 ], [ 116.375, -26.625 ], [ 116.625, -26.625 ], [ 116.625, -26.875 ], [ 117.375, -26.875 ], [ 117.375, -26.625 ], [ 117.625, -26.625 ], [ 117.625, -26.375 ], [ 118.125, -26.375 ], [ 118.125, -26.625 ], [ 118.375, -26.625 ], [ 118.375, -26.875 ], [ 118.875, -26.875 ], [ 118.875, -26.625 ], [ 119.375, -26.625 ], [ 119.375, -26.375 ], [ 119.625, -26.375 ], [ 119.625, -26.125 ], [ 120.375, -26.125 ], [ 120.375, -25.625 ], [ 120.625, -25.625 ], [ 120.625, -25.375 ], [ 120.875, -25.375 ], [ 120.875, -25.125 ], [ 122.875, -25.125 ], [ 122.875, -24.875 ], [ 124.625, -24.875 ], [ 124.625, -24.375 ], [ 123.125, -24.375 ], [ 123.125, -23.875 ], [ 121.875, -23.875 ], [ 121.875, -23.625 ], [ 121.625, -23.625 ], [ 121.625, -23.375 ], [ 121.125, -23.375 ], [ 121.125, -23.625 ], [ 120.125, -23.625 ], [ 120.125, -23.125 ], [ 119.125, -23.125 ] ] ] } },
{ "type": "Feature", "properties": { "cluster_id": 41, "cohesion": 10.311834210700781, "distances": { "1": 43.926329450547875, "2": 35.013947211689, "3": 39.42695221885139, "4": 47.53956327281968, "5": 47.28562241379705, "6": 41.24860422941953, "7": 35.15326758901029, "8": 36.79256784834113, "9": 41.05477840816409, "10": 43.846114683601115, "11": 37.05840604030332, "12": 35.8210372878618, "13": 38.31099358041351, "14": 31.78059219199521, "15": 27.985833984477814, "16": 31.067193532448215, "17": 35.588302119223755, "18": 32.92480594965252, "19": 29.39623792944573, "20": 25.626705282442224, "21": 28.57212755474372, "22": 30.74408598136863, "23": 30.755165614504516, "24": 24.76333895901029, "25": 27.031397169348143, "26": 31.77952610957098, "27": 20.886965163753693, "28": 27.373170540647067, "29": 20.588417803857258, "30": 13.716602151624711, "31": 26.034457844898693, "32": 25.71158222556969, "33": 20.04090731084456, "34": 18.136525712723465, "35": 22.859004642875213, "36": 21.25650364863537, "37": 14.133369214618003, "38": 14.504418238117777, "39": 20.46087551985052, "40": 13.374753869091197, "42": 29.255157426269125, "43": 31.197265206424586, "44": 31.36825679727416, "45": 31.317839258437942, "46": 31.262751035311037, "47": 31.655219946949355, "48": 36.8420275497658, "49": 32.08794984380896, "50": 35.04832659063742, "51": 28.74911561857185, "52": 25.573002784568633, "53": 30.519711594211675, "54": 28.685427944336713, "55": 30.805123055168497, "56": 27.075773936782983, "57": 31.88073316248404, "58": 24.460559172109352, "59": 26.02390060673214, "60": 30.08857953766102, "61": 23.48728580471472, "62": 21.094830744634013 } }, "geometry": { "type": "Polygon", "coordinates": [ [ [ 122.875, -24.875 ], [ 122.875, -25.125 ], [ 120.875, -25.125 ], [ 120.875, -25.375 ], [ 120.625, -25.375 ], [ 120.625, -25.625 ], [ 120.375, -25.625 ], [ 120.375, -26.125 ], [ 119.625, -26.125 ], [ 119.625, -26.375 ], [ 119.375, -26.375 ], [ 119.375, -26.625 ], [ 118.875, -26.625 ], [ 118.875, -26.875 ], [ 118.375, -26.875 ], [ 118.375, -26.625 ], [ 118.125, -26.625 ], [ 118.125, -26.375 ], [ 117.625, -26.375 ], [ 117.625, -26.625 ], [ 117.375, -26.625 ], [ 117.375, -26.875 ], [ 116.625, -26.875 ], [ 116.625, -27.875 ], [ 115.375, -27.875 ], [ 115.375, -28.125 ], [ 114.125, -28.125 ], [ 114.125, -28.625 ], [ 114.375, -28.625 ], [ 114.375, -28.875 ], [ 114.625, -28.875 ], [ 114.625, -29.125 ], [ 114.875, -29.125 ], [ 114.875, -29.625 ], [ 115.125, -29.625 ], [ 115.125, -30.125 ], [ 115.625, -30.125 ], [ 115.625, -29.875 ], [ 115.875, -29.875 ], [ 115.875, -29.375 ], [ 116.125, -29.375 ], [ 116.125, -29.625 ], [ 116.375, -29.625 ], [ 116.375, -29.375 ], [ 116.625, -29.375 ], [ 116.625, -28.375 ], [ 117.125, -28.375 ], [ 117.125, -28.625 ], [ 117.375, -28.625 ], [ 117.375, -28.875 ], [ 118.125, -28.875 ], [ 118.125, -28.625 ], [ 118.375, -28.625 ], [ 118.375, -28.375 ], [ 118.625, -28.375 ], [ 118.625, -28.125 ], [ 118.875, -28.125 ], [ 118.875, -27.875 ], [ 119.125, -27.875 ], [ 119.125, -27.625 ], [ 119.375, -27.625 ], [ 119.375, -27.125 ], [ 119.625, -27.125 ], [ 119.625, -26.875 ], [ 120.625, -26.875 ], [ 120.625, -26.375 ], [ 121.125, -26.375 ], [ 121.125, -26.125 ], [ 121.625, -26.125 ], [ 121.625, -26.625 ], [ 121.875, -26.625 ], [ 121.875, -26.875 ], [ 123.125, -26.875 ], [ 123.125, -27.125 ], [ 123.875, -27.125 ], [ 123.875, -26.875 ], [ 124.375, -26.875 ], [ 124.375, -26.625 ], [ 125.375, -26.625 ], [ 125.375, -26.375 ], [ 125.875, -26.375 ], [ 125.875, -26.125 ], [ 126.375, -26.125 ], [ 126.375, -26.375 ], [ 126.875, -26.375 ], [ 126.875, -26.125 ], [ 127.625, -26.125 ], [ 127.625, -25.875 ], [ 127.375, -25.875 ], [ 127.375, -25.625 ], [ 125.875, -25.625 ], [ 125.875, -25.375 ], [ 125.625, -25.375 ], [ 125.625, -25.125 ], [ 124.625, -25.125 ], [ 124.625, -24.875 ], [ 122.875, -24.875 ] ] ] } },
{ "type": "Feature", "properties": { "cluster_id": 42, "cohesion": 8.4063454065380139, "distances": { "1": 28.163243571311234, "2": 16.88045624828213, "3": 23.07565872820314, "4": 35.16836782301341, "5": 36.0461205100077, "6": 28.04147260439481, "7": 19.37415794318051, "8": 30.95033216222448, "9": 32.79625982381021, "10": 35.63356850231748, "11": 31.533955653598678, "12": 30.597207583681186, "13": 28.33404018073526, "14": 25.891203702031202, "15": 22.73035039205073, "16": 28.73823098540748, "17": 28.240640709314356, "18": 28.6117354319786, "19": 25.58757071929047, "20": 28.39762761137044, "21": 26.28544323706171, "22": 25.355271987192623, "23": 29.638159081933658, "24": 29.70515901509906, "25": 29.32485376290439, "26": 26.37003327129807, "27": 28.73291749684914, "28": 27.385817394964153, "29": 29.93772967881523, "30": 30.05278656796689, "31": 25.721667505672787, "32": 24.210576107389635, "33": 28.33186457727858, "34": 27.970358969158045, "35": 27.60701537756233, "36": 26.78529676238645, "37": 29.767213118716022, "38": 24.728372124153275, "39": 22.426888420988423, "40": 28.09278236720025, "41": 29.255157426269125, "43": 12.422535545362807, "44": 16.322976416393143, "45": 13.071685891282884, "46": 20.334872274187738, "47": 24.7594995965402, "48": 29.7311173832621, "49": 26.417398425033177, "50": 29.008258355937485, "51": 23.579534025112594, "52": 26.27196795393997, "53": 21.174926866557133, "54": 17.59367745420075, "55": 21.22849555233581, "56": 27.48585718539616, "57": 29.308709320063482, "58": 22.592879823849216, "59": 28.11630849266009, "60": 29.70248096021697, "61": 28.652929334886863, "62": 28.85275925394233 } }, "geometry": { "type": "MultiPolygon", "coordinates": [ [ [ [ 150.375, -23.625 ], [ 150.375, -23.875 ], [ 150.625, -23.875 ], [ 150.625, -24.375 ], [ 150.375, -24.375 ], [ 150.375, -24.125 ], [ 150.125, -24.125 ], [ 150.125, -23.625 ], [ 150.375, -23.625 ] ] ], [ [ [ 149.875, -23.625 ], [ 149.875, -23.375 ], [ 149.125, -23.375 ], [ 149.125, -23.625 ], [ 147.875, -23.625 ], [ 147.875, -24.125 ], [ 147.375, -24.125 ], [ 147.375, -23.875 ], [ 147.125, -23.875 ], [ 147.125, -23.375 ], [ 146.875, -23.375 ], [ 146.875, -22.875 ], [ 146.625, -22.875 ], [ 146.625, -22.625 ], [ 146.375, -22.625 ], [ 146.375, -22.875 ], [ 146.125, -22.875 ], [ 146.125, -23.625 ], [ 146.375, -23.625 ], [ 146.375, -24.125 ], [ 145.625, -24.125 ], [ 145.625, -23.875 ], [ 145.125, -23.875 ], [ 145.125, -23.625 ], [ 144.875, -23.625 ], [ 144.875, -23.375 ], [ 144.625, -23.375 ], [ 144.625, -23.125 ], [ 143.875, -23.125 ], [ 143.875, -22.375 ], [ 143.625, -22.375 ], [ 143.625, -21.625 ], [ 143.875, -21.625 ], [ 143.875, -21.375 ], [ 144.375, -21.375 ], [ 144.375, -21.625 ], [ 144.875, -21.625 ], [ 144.875, -21.125 ], [ 144.625, -21.125 ], [ 144.625, -19.875 ], [ 146.125, -19.875 ], [ 146.125, -19.375 ], [ 146.625, -19.375 ], [ 146.625, -19.625 ], [ 146.875, -19.625 ], [ 146.875, -19.875 ], [ 147.125, -19.875 ], [ 147.125, -20.125 ], [ 147.375, -20.125 ], [ 147.375, -20.375 ], [ 147.625, -20.375 ], [ 147.625, -20.625 ], [ 147.875, -20.625 ], [ 147.875, -21.375 ], [ 148.875, -21.375 ], [ 148.875, -21.625 ], [ 149.125, -21.625 ], [ 149.125, -21.875 ], [ 149.625, -21.875 ], [ 149.625, -22.125 ], [ 149.875, -22.125 ], [ 149.875, -22.375 ], [ 150.125, -22.375 ], [ 150.125, -22.625 ], [ 150.375, -22.625 ], [ 150.375, -23.375 ], [ 150.125, -23.375 ], [ 150.125, -23.625 ], [ 149.875, -23.625 ] ] ] ] } },
{ "type": "Feature", "properties": { "cluster_id": 43, "cohesion": 9.6042127334415746, "distances": { "1": 24.021605192094587, "2": 12.923918592155198, "3": 18.788576951489144, "4": 32.64811600476694, "5": 34.97059004495443, "6": 27.656079902727125, "7": 20.310544031836276, "8": 32.30983225151964, "9": 32.84213883468814, "10": 35.7043930447887, "11": 32.693828616326705, "12": 31.19354794095301, "13": 26.984352303711002, "14": 26.5024455918478, "15": 22.04552246980972, "16": 30.592081170988934, "17": 27.74596784653741, "18": 29.3347175260231, "19": 25.94306334471232, "20": 29.992251427151388, "21": 30.572137390466246, "22": 29.418892586582952, "23": 32.153071512052676, "24": 32.49148620514659, "25": 32.741489423077226, "26": 23.819964814614234, "27": 27.850792103274625, "28": 25.491581804352915, "29": 29.67545533165857, "30": 30.855228621827226, "31": 24.545383186630357, "32": 24.147077600955832, "33": 29.27677859140253, "34": 31.0222140875356, "35": 31.229006193505494, "36": 28.6357563794219, "37": 31.69248049959352, "38": 26.81407351169514, "39": 24.27525910970071, "40": 30.361945723360215, "41": 31.197265206424586, "42": 12.422535545362805, "44": 15.723742735715646, "45": 17.203719881408926, "46": 21.603245993950047, "47": 26.363257412279662, "48": 29.027906759792714, "49": 24.836121606311092, "50": 29.02332920529737, "51": 27.010831795247164, "52": 29.990324090104256, "53": 24.369635638309227, "54": 22.659582731153016, "55": 24.50231516827761, "56": 30.66539195124773, "57": 31.559760902776894, "58": 23.806496659961283, "59": 29.84904209536332, "60": 31.994308572865485, "61": 31.592944803881476, "62": 31.398282629586028 } }, "geometry": { "type": "MultiPolygon", "coordinates": [ [ [ [ 150.625, -22.375 ], [ 150.875, -22.375 ], [ 150.875, -22.625 ], [ 151.125, -22.625 ], [ 151.125, -23.375 ], [ 151.375, -23.375 ], [ 151.375, -23.625 ], [ 151.875, -23.625 ], [ 151.875, -23.875 ], [ 152.125, -23.875 ], [ 152.125, -24.125 ], [ 152.375, -24.125 ], [ 152.375, -24.375 ], [ 151.625, -24.375 ], [ 151.625, -24.125 ], [ 150.875, -24.125 ], [ 150.875, -24.625 ], [ 150.625, -24.625 ], [ 150.625, -23.875 ], [ 150.375, -23.875 ], [ 150.375, -23.625 ], [ 150.125, -23.625 ], [ 150.125, -23.375 ], [ 150.375, -23.375 ], [ 150.375, -22.625 ], [ 150.125, -22.625 ], [ 150.125, -22.375 ], [ 149.875, -22.375 ], [ 149.875, -22.125 ], [ 150.625, -22.125 ], [ 150.625, -22.375 ] ] ], [ [ [ 149.625, -21.875 ], [ 149.125, -21.875 ], [ 149.125, -21.625 ], [ 148.875, -21.625 ], [ 148.875, -21.375 ], [ 147.875, -21.375 ], [ 147.875, -20.625 ], [ 147.625, -20.625 ], [ 147.625, -20.375 ], [ 148.125, -20.375 ], [ 148.125, -20.625 ], [ 148.375, -20.625 ], [ 148.375, -20.375 ], [ 148.625, -20.375 ], [ 148.625, -20.625 ], [ 148.875, -20.625 ], [ 148.875, -20.875 ], [ 149.375, -20.875 ], [ 149.375, -21.125 ], [ 149.625, -21.125 ], [ 149.625, -21.625 ], [ 149.875, -21.625 ], [ 149.875, -22.125 ], [ 149.625, -22.125 ], [ 149.625, -21.875 ] ] ], [ [ [ 144.125, -19.875 ], [ 144.625, -19.875 ], [ 144.625, -21.125 ], [ 144.875, -21.125 ], [ 144.875, -21.625 ], [ 144.375, -21.625 ], [ 144.375, -20.875 ], [ 144.125, -20.875 ], [ 144.125, -20.625 ], [ 143.875, -20.625 ], [ 143.875, -20.375 ], [ 143.625, -20.375 ], [ 143.625, -19.625 ], [ 144.125, -19.625 ], [ 144.125, -19.875 ] ] ], [ [ [ 147.375, -20.375 ], [ 147.375, -20.125 ], [ 147.625, -20.125 ], [ 147.625, -20.375 ], [ 147.375, -20.375 ] ] ], [ [ [ 146.875, -19.875 ], [ 146.875, -19.625 ], [ 146.625, -19.625 ], [ 146.625, -19.375 ], [ 146.125, -19.375 ], [ 146.125, -19.875 ], [ 145.875, -19.875 ], [ 145.875, -19.625 ], [ 145.625, -19.625 ], [ 145.625, -19.375 ], [ 145.375, -19.375 ], [ 145.375, -19.125 ], [ 145.125, -19.125 ], [ 145.125, -18.375 ], [ 145.375, -18.375 ], [ 145.375, -18.625 ], [ 145.875, -18.625 ], [ 145.875, -18.875 ], [ 146.125, -18.875 ], [ 146.125, -19.125 ], [ 146.875, -19.125 ], [ 146.875, -19.375 ], [ 147.125, -19.375 ], [ 147.125, -19.625 ], [ 147.375, -19.625 ], [ 147.375, -20.125 ], [ 147.125, -20.125 ], [ 147.125, -19.875 ], [ 146.875, -19.875 ] ] ] ] } },
{ "type": "Feature", "properties": { "cluster_id": 44, "cohesion": 6.6604437017141844, "distances": { "1": 27.896593497831955, "2": 20.263948919883354, "3": 24.824659545472286, "4": 32.25257091114055, "5": 33.289730298351714, "6": 26.828527516986746, "7": 21.16694319129921, "8": 30.305725758317887, "9": 31.644947387914897, "10": 33.37533325015429, "11": 31.207986570891872, "12": 30.189438355321002, "13": 26.729376462403746, "14": 25.706436169212154, "15": 22.017381332297877, "16": 29.047899285887986, "17": 27.725497789498952, "18": 29.70336952584114, "19": 28.387289106410574, "20": 32.398644314797444, "21": 28.49887118616774, "22": 25.569332169642635, "23": 31.432187952461174, "24": 33.76250957499426, "25": 32.06051706457048, "26": 24.990066890637838, "27": 28.796747772785384, "28": 27.03541375896958, "29": 32.12043414722166, "30": 31.90865491861434, "31": 26.983441126648692, "32": 27.215500202484474, "33": 31.565127325465056, "34": 30.500009104435293, "35": 31.544631009309327, "36": 30.942996408524046, "37": 32.70828731834574, "38": 26.2597962821533, "39": 24.891775090826297, "40": 30.592240420895866, "41": 31.36825679727416, "42": 16.322976416393146, "43": 15.723742735715648, "45": 14.537397921660824, "46": 11.747838578593797, "47": 19.985353595024442, "48": 27.397055564131197, "49": 23.762762970705346, "50": 24.567277879770515, "51": 24.63000725400944, "52": 28.828067732680125, "53": 16.692875579924124, "54": 19.481625019880376, "55": 22.694957629271414, "56": 28.92811395208716, "57": 29.42786797564913, "58": 24.06703813809819, "59": 29.503863292185354, "60": 30.528518367089898, "61": 30.4294403254047, "62": 30.839602019449146 } }, "geometry": { "type": "Polygon", "coordinates": [ [ [ 150.875, -24.125 ], [ 150.875, -24.625 ], [ 151.375, -24.625 ], [ 151.375, -24.875 ], [ 151.625, -24.875 ], [ 151.625, -25.875 ], [ 151.375, -25.875 ], [ 151.375, -26.625 ], [ 151.875, -26.625 ], [ 151.875, -26.375 ], [ 152.875, -26.375 ], [ 152.875, -26.625 ], [ 153.125, -26.625 ], [ 153.125, -28.125 ], [ 153.375, -28.125 ], [ 153.375, -27.625 ], [ 153.625, -27.625 ], [ 153.625, -26.375 ], [ 153.375, -26.375 ], [ 153.375, -26.125 ], [ 153.625, -26.125 ], [ 153.625, -25.875 ], [ 153.375, -25.875 ], [ 153.375, -25.375 ], [ 153.125, -25.375 ], [ 153.125, -25.125 ], [ 152.875, -25.125 ], [ 152.875, -24.875 ], [ 152.625, -24.875 ], [ 152.625, -24.625 ], [ 152.375, -24.625 ], [ 152.375, -24.375 ], [ 151.625, -24.375 ], [ 151.625, -24.125 ], [ 150.875, -24.125 ] ] ] } },
{ "type": "Feature", "properties": { "cluster_id": 45, "cohesion": 10.331634366266803, "distances": { "1": 28.859870577721946, "2": 20.35127039400981, "3": 25.399760559402296, "4": 32.7890788110939, "5": 32.30766000257628, "6": 24.46627047217912, "7": 16.84088642383533, "8": 26.94962463743764, "9": 29.70484494926942, "10": 31.190438781453377, "11": 28.229047331804047, "12": 28.562201388694803, "13": 26.578346282238662, "14": 24.62238345590525, "15": 22.76472839812748, "16": 30.39528229172224, "17": 30.656783076896065, "18": 31.599838017883172, "19": 30.00757352908569, "20": 32.83645059378469, "21": 26.816748009573686, "22": 25.266337507384517, "23": 31.99467070053024, "24": 33.19919474025421, "25": 31.469784013986697, "26": 28.126167823444142, "27": 31.084119784692028, "28": 29.764213359018907, "29": 33.80957391930841, "30": 32.844606174118965, "31": 29.338005123426036, "32": 28.811605794907845, "33": 32.405633355693745, "34": 28.64599025010958, "35": 29.720132976984488, "36": 30.8893137924297, "37": 32.74756585287094, "38": 26.675779951666303, "39": 24.74609903186386, "40": 29.589987669169577, "41": 31.31783925843794, "42": 13.071685891282884, "43": 17.203719881408922, "44": 14.537397921660824, "46": 16.746977415562352, "47": 22.391333743642146, "48": 30.327723458206798, "49": 26.78669387644235, "50": 27.297109430260097, "51": 21.59107775154443, "52": 26.306137364601813, "53": 18.792198739575785, "54": 16.872589473520765, "55": 17.765585656101315, "56": 25.56445272454167, "57": 25.97182105007467, "58": 23.447611841523464, "59": 27.731221981518974, "60": 27.127918461667793, "61": 27.471781420672176, "62": 28.654952026394486 } }, "geometry": { "type": "Polygon", "coordinates": [ [ [ 143.375, -22.375 ], [ 143.375, -22.875 ], [ 143.125, -22.875 ], [ 143.125, -23.125 ], [ 142.875, -23.125 ], [ 142.875, -23.375 ], [ 143.125, -23.375 ], [ 143.125, -23.625 ], [ 143.375, -23.625 ], [ 143.375, -23.875 ], [ 143.625, -23.875 ], [ 143.625, -24.125 ], [ 143.875, -24.125 ], [ 143.875, -24.625 ], [ 144.125, -24.625 ], [ 144.125, -25.125 ], [ 146.125, -25.125 ], [ 146.125, -25.375 ], [ 146.375, -25.375 ], [ 146.375, -25.125 ], [ 148.125, -25.125 ], [ 148.125, -25.375 ], [ 148.375, -25.375 ], [ 148.375, -25.625 ], [ 149.125, -25.625 ], [ 149.125, -25.875 ], [ 148.875, -25.875 ], [ 148.875, -26.125 ], [ 149.125, -26.125 ], [ 149.125, -26.375 ], [ 151.125, -26.375 ], [ 151.125, -26.625 ], [ 151.375, -26.625 ], [ 151.375, -25.875 ], [ 151.625, -25.875 ], [ 151.625, -24.875 ], [ 151.375, -24.875 ], [ 151.375, -24.625 ], [ 150.625, -24.625 ], [ 150.625, -24.375 ], [ 150.375, -24.375 ], [ 150.375, -24.125 ], [ 150.125, -24.125 ], [ 150.125, -23.625 ], [ 149.875, -23.625 ], [ 149.875, -23.375 ], [ 149.125, -23.375 ], [ 149.125, -23.625 ], [ 147.875, -23.625 ], [ 147.875, -24.125 ], [ 147.375, -24.125 ], [ 147.375, -23.875 ], [ 147.125, -23.875 ], [ 147.125, -23.375 ], [ 146.875, -23.375 ], [ 146.875, -22.875 ], [ 146.625, -22.875 ], [ 146.625, -22.625 ], [ 146.375, -22.625 ], [ 146.375, -22.875 ], [ 146.125, -22.875 ], [ 146.125, -23.625 ], [ 146.375, -23.625 ], [ 146.375, -24.125 ], [ 145.625, -24.125 ], [ 145.625, -23.875 ], [ 145.125, -23.875 ], [ 145.125, -23.625 ], [ 144.875, -23.625 ], [ 144.875, -23.375 ], [ 144.625, -23.375 ], [ 144.625, -23.125 ], [ 143.875, -23.125 ], [ 143.875, -22.375 ], [ 143.375, -22.375 ] ] ] } },
{ "type": "Feature", "properties": { "cluster_id": 46, "cohesion": 8.1378678342155606, "distances": { "1": 29.27985483333273, "2": 24.34051014696165, "3": 27.20143682661065, "4": 31.586811621610963, "5": 31.497950204185585, "6": 26.339527519249035, "7": 22.295174538276584, "8": 27.34806188934571, "9": 29.122490470239068, "10": 30.649121939006267, "11": 27.93458707898574, "12": 27.1393453834223, "13": 25.892858933384353, "14": 23.753525414085004, "15": 22.260216505957573, "16": 25.785818609363076, "17": 26.62905261807246, "18": 28.469561613067444, "19": 29.51115964131279, "20": 33.07889811635926, "21": 25.800938051698473, "22": 21.982974538647788, "23": 28.839231885892897, "24": 32.880327708659934, "25": 29.646176815888847, "26": 26.154041653279034, "27": 30.65245705790645, "28": 28.9897252293049, "29": 34.546022412771265, "30": 33.10062128253775, "31": 29.56223761941926, "32": 29.86208476907819, "33": 33.77458956807212, "34": 28.821450263226524, "35": 30.28889994077644, "36": 32.402299502032804, "37": 33.42417676844418, "38": 26.39546840461886, "39": 24.609603791850827, "40": 29.29932961225925, "41": 31.262751035311037, "42": 20.33487227418774, "43": 21.603245993950047, "44": 11.747838578593793, "45": 16.746977415562352, "47": 14.24685417960222, "48": 24.6797958360684, "49": 22.120283175390004, "50": 19.751521127390426, "51": 22.80114742081877, "52": 26.858096102104955, "53": 13.292457462157511, "54": 19.071179379895042, "55": 21.585254655708926, "56": 26.25853181819506, "57": 26.456788595907835, "58": 22.49829771315238, "59": 26.560402653082143, "60": 27.057234739157767, "61": 27.357771595883055, "62": 27.94808293215547 } }, "geometry": { "type": "MultiPolygon", "coordinates": [ [ [ [ 152.875, -31.125 ], [ 152.625, -31.125 ], [ 152.625, -30.875 ], [ 152.875, -30.875 ], [ 152.875, -31.125 ] ] ], [ [ [ 151.625, -30.125 ], [ 151.375, -30.125 ], [ 151.375, -29.875 ], [ 151.625, -29.875 ], [ 151.625, -30.125 ] ] ], [ [ [ 151.625, -29.875 ], [ 151.625, -29.375 ], [ 151.875, -29.375 ], [ 151.875, -29.875 ], [ 151.625, -29.875 ] ] ], [ [ [ 151.625, -26.875 ], [ 151.625, -26.625 ], [ 151.875, -26.625 ], [ 151.875, -26.375 ], [ 152.875, -26.375 ], [ 152.875, -26.625 ], [ 153.125, -26.625 ], [ 153.125, -28.125 ], [ 153.375, -28.125 ], [ 153.375, -27.625 ], [ 153.875, -27.625 ], [ 153.875, -29.125 ], [ 153.625, -29.125 ], [ 153.625, -30.125 ], [ 153.125, -30.125 ], [ 153.125, -30.375 ], [ 152.625, -30.375 ], [ 152.625, -29.625 ], [ 152.875, -29.625 ], [ 152.875, -29.125 ], [ 153.125, -29.125 ], [ 153.125, -28.875 ], [ 153.375, -28.875 ], [ 153.375, -28.375 ], [ 152.375, -28.375 ], [ 152.375, -28.625 ], [ 152.125, -28.625 ], [ 152.125, -29.375 ], [ 151.875, -29.375 ], [ 151.875, -26.875 ], [ 151.625, -26.875 ] ] ] ] } },
{ "type": "Feature", "properties": { "cluster_id": 47, "cohesion": 10.979342820573718, "distances": { "1": 30.725440396193086, "2": 27.81205802828215, "3": 29.10357418638795, "4": 32.71734891264318, "5": 32.40126553648716, "6": 28.966340378906995, "7": 26.23644655334242, "8": 27.935520526927874, "9": 28.88915266293937, "10": 31.329194294173952, "11": 27.025489825386035, "12": 25.504998478244083, "13": 27.060203846565177, "14": 23.504588546863847, "15": 24.14716986207771, "16": 20.626788333824454, "17": 23.45788969425298, "18": 25.278988864996876, "19": 29.17874126988961, "20": 32.43729706329661, "21": 25.511222662424863, "22": 20.32492373071325, "23": 24.92317444274211, "24": 31.27883394769524, "25": 27.556458109741055, "26": 27.926783532732603, "27": 32.998735996552746, "28": 31.423175055343005, "29": 36.64175529021097, "30": 34.54713940938976, "31": 32.14664885773794, "32": 31.734154594115203, "33": 35.71607110005285, "34": 28.772052376752775, "35": 30.18968501960447, "36": 33.44846655119407, "37": 34.33107967551609, "38": 27.383686390891306, "39": 24.77258837878314, "40": 28.513187868893393, "41": 31.655219946949355, "42": 24.759499596540195, "43": 26.363257412279655, "44": 19.985353595024442, "45": 22.391333743642143, "46": 14.24685417960222, "48": 19.585312086831603, "49": 19.491018546537354, "50": 14.023981299928195, "51": 25.475224963338153, "52": 27.912796950391485, "53": 16.392079622161756, "54": 22.36820119884304, "55": 24.884130417371406, "56": 27.220556784133358, "57": 27.384296638933392, "58": 21.81162662745112, "59": 24.45996657394589, "60": 26.015273372063263, "61": 26.3359025980329, "62": 26.073498469369188 } }, "geometry": { "type": "MultiPolygon", "coordinates": [ [ [ [ 148.625, -36.625 ], [ 149.125, -36.625 ], [ 149.125, -36.375 ], [ 149.625, -36.375 ], [ 149.625, -36.625 ], [ 149.375, -36.625 ], [ 149.375, -36.875 ], [ 149.125, -36.875 ], [ 149.125, -37.375 ], [ 148.875, -37.375 ], [ 148.875, -37.625 ], [ 148.625, -37.625 ], [ 148.625, -36.625 ] ] ], [ [ [ 149.875, -36.125 ], [ 149.875, -35.875 ], [ 150.125, -35.875 ], [ 150.125, -35.625 ], [ 150.375, -35.625 ], [ 150.375, -35.375 ], [ 150.625, -35.375 ], [ 150.625, -36.375 ], [ 150.375, -36.375 ], [ 150.375, -37.375 ], [ 150.125, -37.375 ], [ 150.125, -37.625 ], [ 149.875, -37.625 ], [ 149.875, -37.875 ], [ 149.625, -37.875 ], [ 149.625, -38.125 ], [ 148.625, -38.125 ], [ 148.625, -37.875 ], [ 148.875, -37.875 ], [ 148.875, -37.625 ], [ 149.375, -37.625 ], [ 149.375, -37.375 ], [ 149.625, -37.375 ], [ 149.625, -36.875 ], [ 149.875, -36.875 ], [ 149.875, -36.375 ], [ 149.625, -36.375 ], [ 149.625, -36.125 ], [ 149.875, -36.125 ] ] ], [ [ [ 150.625, -35.375 ], [ 150.625, -35.125 ], [ 150.875, -35.125 ], [ 150.875, -35.375 ], [ 150.625, -35.375 ] ] ], [ [ [ 150.625, -34.125 ], [ 150.625, -33.875 ], [ 150.375, -33.875 ], [ 150.375, -33.625 ], [ 150.625, -33.625 ], [ 150.625, -33.125 ], [ 150.375, -33.125 ], [ 150.375, -33.375 ], [ 150.125, -33.375 ], [ 150.125, -33.625 ], [ 149.875, -33.625 ], [ 149.875, -34.125 ], [ 149.625, -34.125 ], [ 149.625, -34.875 ], [ 149.375, -34.875 ], [ 149.375, -35.125 ], [ 148.875, -35.125 ], [ 148.875, -35.375 ], [ 148.625, -35.375 ], [ 148.625, -35.625 ], [ 148.375, -35.625 ], [ 148.375, -35.375 ], [ 148.125, -35.375 ], [ 148.125, -35.125 ], [ 147.875, -35.125 ], [ 147.875, -34.875 ], [ 148.625, -34.875 ], [ 148.625, -34.625 ], [ 148.875, -34.625 ], [ 148.875, -34.375 ], [ 149.125, -34.375 ], [ 149.125, -33.375 ], [ 148.875, -33.375 ], [ 148.875, -33.125 ], [ 149.375, -33.125 ], [ 149.375, -32.875 ], [ 149.625, -32.875 ], [ 149.625, -32.375 ], [ 149.875, -32.375 ], [ 149.875, -31.875 ], [ 150.625, -31.875 ], [ 150.625, -31.625 ], [ 150.875, -31.625 ], [ 150.875, -31.375 ], [ 151.375, -31.375 ], [ 151.375, -30.625 ], [ 151.625, -30.625 ], [ 151.625, -29.875 ], [ 151.875, -29.875 ], [ 151.875, -29.375 ], [ 152.125, -29.375 ], [ 152.125, -28.625 ], [ 152.375, -28.625 ], [ 152.375, -28.375 ], [ 153.375, -28.375 ], [ 153.375, -28.875 ], [ 153.125, -28.875 ], [ 153.125, -29.125 ], [ 152.875, -29.125 ], [ 152.875, -29.625 ], [ 152.625, -29.625 ], [ 152.625, -30.375 ], [ 153.125, -30.375 ], [ 153.125, -30.125 ], [ 153.375, -30.125 ], [ 153.375, -31.375 ], [ 153.125, -31.375 ], [ 153.125, -31.875 ], [ 152.875, -31.875 ], [ 152.875, -32.375 ], [ 152.625, -32.375 ], [ 152.625, -32.625 ], [ 152.375, -32.625 ], [ 152.375, -32.875 ], [ 152.125, -32.875 ], [ 152.125, -33.125 ], [ 151.875, -33.125 ], [ 151.875, -33.375 ], [ 151.625, -33.375 ], [ 151.625, -34.125 ], [ 151.375, -34.125 ], [ 151.375, -34.375 ], [ 151.125, -34.375 ], [ 151.125, -35.125 ], [ 150.875, -35.125 ], [ 150.875, -34.125 ], [ 150.625, -34.125 ] ], [ [ 152.875, -31.125 ], [ 152.875, -30.875 ], [ 152.625, -30.875 ], [ 152.625, -31.125 ], [ 152.875, -31.125 ] ], [ [ 151.875, -32.625 ], [ 151.875, -32.125 ], [ 151.375, -32.125 ], [ 151.375, -32.625 ], [ 151.875, -32.625 ] ] ] ] } },
{ "type": "Feature", "properties": { "cluster_id": 48, "cohesion": 8.467567179143936, "distances": { "1": 28.456836209683093, "2": 28.822362797228315, "3": 27.083008111768052, "4": 34.08595829155131, "5": 36.32309733894967, "6": 34.742020234556584, "7": 32.593431620969525, "8": 35.94335054138228, "9": 33.20327389448038, "10": 37.876980068310075, "11": 32.66607297585373, "12": 28.727541223602543, "13": 30.07582909184057, "14": 27.666480945067644, "15": 28.803920285578666, "16": 18.047148669543112, "17": 12.645548270390204, "18": 18.35664421995313, "19": 25.817565041874232, "20": 31.138720384454846, "21": 32.82748451679253, "22": 27.223814001491856, "23": 23.389153429986944, "24": 32.023413582455014, "25": 30.94309233103692, "26": 28.56603404399885, "27": 37.22091572491462, "28": 33.94561245513801, "29": 39.40859333110536, "30": 39.13801741980611, "31": 34.19183301599686, "32": 32.30913049945157, "33": 38.86009684084004, "34": 35.89745446831007, "35": 35.63356426084921, "36": 35.81796666628157, "37": 38.94812387494432, "38": 32.67893047282163, "39": 27.5951790274934, "40": 32.9663770966124, "41": 36.84202754976581, "42": 29.7311173832621, "43": 29.027906759792714, "44": 27.397055564131197, "45": 30.327723458206794, "46": 24.6797958360684, "47": 19.585312086831603, "49": 14.35211834124479, "50": 14.098429416758472, "51": 34.97341729132643, "52": 36.15052115875365, "53": 27.476077170771617, "54": 30.85158483973304, "55": 33.9867189919843, "56": 36.56155509544458, "57": 36.75463392692573, "58": 24.5461576936749, "59": 27.96184955867708, "60": 33.24001061730407, "61": 34.06833714531741, "62": 31.259501266665456 } }, "geometry": { "type": "Polygon", "coordinates": [ [ [ 149.125, -35.375 ], [ 149.125, -35.625 ], [ 148.375, -35.625 ], [ 148.375, -36.375 ], [ 148.125, -36.375 ], [ 148.125, -36.625 ], [ 147.625, -36.625 ], [ 147.625, -36.875 ], [ 146.875, -36.875 ], [ 146.875, -37.125 ], [ 146.375, -37.125 ], [ 146.375, -37.375 ], [ 146.125, -37.375 ], [ 146.125, -37.625 ], [ 144.875, -37.625 ], [ 144.875, -37.375 ], [ 144.125, -37.375 ], [ 144.125, -37.625 ], [ 142.125, -37.625 ], [ 142.125, -37.875 ], [ 141.625, -37.875 ], [ 141.625, -38.125 ], [ 140.625, -38.125 ], [ 140.625, -38.375 ], [ 141.125, -38.375 ], [ 141.125, -38.625 ], [ 142.625, -38.625 ], [ 142.625, -38.875 ], [ 143.125, -38.875 ], [ 143.125, -39.125 ], [ 143.875, -39.125 ], [ 143.875, -38.875 ], [ 144.125, -38.875 ], [ 144.125, -38.625 ], [ 144.375, -38.625 ], [ 144.375, -38.375 ], [ 145.125, -38.375 ], [ 145.125, -38.625 ], [ 145.375, -38.625 ], [ 145.375, -38.875 ], [ 146.375, -38.875 ], [ 146.375, -38.625 ], [ 145.625, -38.625 ], [ 145.625, -38.375 ], [ 145.875, -38.375 ], [ 145.875, -38.125 ], [ 146.125, -38.125 ], [ 146.125, -37.875 ], [ 147.125, -37.875 ], [ 147.125, -37.625 ], [ 148.625, -37.625 ], [ 148.625, -36.625 ], [ 148.875, -36.625 ], [ 148.875, -36.375 ], [ 149.375, -36.375 ], [ 149.375, -35.875 ], [ 149.625, -35.875 ], [ 149.625, -35.375 ], [ 149.125, -35.375 ] ] ] } },
{ "type": "Feature", "properties": { "cluster_id": 49, "cohesion": 6.8898779192984287, "distances": { "1": 24.777229904039437, "2": 24.15116510734599, "3": 23.10989826900697, "4": 30.65339929147799, "5": 32.71227550240978, "6": 29.817856472114055, "7": 27.49235277075915, "8": 31.077956868651967, "9": 30.301327264181296, "10": 33.25180869972176, "11": 29.4626510188728, "12": 26.712118789946736, "13": 26.324121863398403, "14": 24.84761701404605, "15": 24.01173400490525, "16": 22.368957300303272, "17": 18.98783203485686, "18": 23.413231320190278, "19": 26.6982625570379, "20": 30.93439249599289, "21": 31.833302169295578, "22": 28.585336095054387, "23": 27.172253360952936, "24": 31.87343841592519, "25": 31.314018259526065, "26": 23.537129207339987, "27": 30.570488074093568, "28": 27.871470114263797, "29": 34.10789120847117, "30": 33.52596648315291, "31": 29.3543249579886, "32": 29.425175137199293, "33": 34.43656756101567, "34": 31.46547533715789, "35": 32.882897418677985, "36": 32.72416057387652, "37": 34.371580313334746, "38": 28.57060925396909, "39": 24.961793383987384, "40": 29.286456637073034, "41": 32.08794984380896, "42": 26.41739842503318, "43": 24.836121606311092, "44": 23.762762970705346, "45": 26.786693876442353, "46": 22.120283175390004, "47": 19.491018546537358, "48": 14.352118341244793, "50": 14.710511629105929, "51": 30.17741361951004, "52": 32.06803043124214, "53": 26.40436329839041, "54": 28.881303394153118, "55": 28.94033770105104, "56": 31.340278436089914, "57": 31.28902399862061, "58": 21.730803819793156, "59": 25.711801661084, "60": 29.49290691255366, "61": 30.00051375794148, "62": 28.11164109968001 } }, "geometry": { "type": "Polygon", "coordinates": [ [ [ 144.875, -40.375 ], [ 144.875, -40.625 ], [ 144.625, -40.625 ], [ 144.625, -40.875 ], [ 144.375, -40.875 ], [ 144.375, -41.375 ], [ 144.625, -41.375 ], [ 144.625, -41.875 ], [ 144.875, -41.875 ], [ 144.875, -42.125 ], [ 145.125, -42.125 ], [ 145.125, -42.375 ], [ 144.875, -42.375 ], [ 144.875, -42.625 ], [ 145.125, -42.625 ], [ 145.125, -42.875 ], [ 145.375, -42.875 ], [ 145.375, -43.125 ], [ 145.625, -43.125 ], [ 145.625, -43.375 ], [ 145.875, -43.375 ], [ 145.875, -43.625 ], [ 147.125, -43.625 ], [ 147.125, -43.375 ], [ 147.375, -43.375 ], [ 147.375, -43.125 ], [ 147.875, -43.125 ], [ 147.875, -42.875 ], [ 148.125, -42.875 ], [ 148.125, -42.625 ], [ 148.375, -42.625 ], [ 148.375, -42.125 ], [ 148.625, -42.125 ], [ 148.625, -40.875 ], [ 148.375, -40.875 ], [ 148.375, -40.625 ], [ 148.125, -40.625 ], [ 148.125, -40.375 ], [ 147.875, -40.375 ], [ 147.875, -40.625 ], [ 146.625, -40.625 ], [ 146.625, -40.875 ], [ 146.125, -40.875 ], [ 146.125, -40.625 ], [ 145.125, -40.625 ], [ 145.125, -40.375 ], [ 144.875, -40.375 ] ] ] } },
{ "type": "Feature", "properties": { "cluster_id": 50, "cohesion": 8.7801626880048129, "distances": { "1": 27.935062691255126, "2": 28.433195638467247, "3": 27.552917546651575, "4": 29.760571667132766, "5": 30.30474689445778, "6": 28.97028565541585, "7": 28.38077578713309, "8": 29.161332002902604, "9": 27.53247764461429, "10": 30.625904939997433, "11": 26.651887399459405, "12": 24.081412491655577, "13": 25.941965327626157, "14": 23.60020839806448, "15": 25.428541437826127, "16": 21.576445813560067, "17": 21.369080806015404, "18": 25.406987776841945, "19": 31.08840949049775, "20": 35.2138931370366, "21": 31.973181547424517, "22": 26.646907824624552, "23": 27.38298905609825, "24": 34.8204390747559, "25": 32.21925824208541, "26": 27.965983217933704, "27": 35.24413034499658, "28": 32.78152162061497, "29": 39.40333359949481, "30": 37.6724716075089, "31": 34.67056801238163, "32": 34.79094443471501, "33": 39.544099981686585, "34": 33.13675948716938, "35": 35.35578774088813, "36": 37.412746889809036, "37": 38.29907097901864, "38": 31.1923768860137, "39": 27.51937536788488, "40": 31.05659395713616, "41": 35.04832659063743, "42": 29.008258355937475, "43": 29.02332920529737, "44": 24.567277879770515, "45": 27.297109430260093, "46": 19.751521127390426, "47": 14.023981299928195, "48": 14.098429416758472, "49": 14.71051162910593, "51": 31.351036427813153, "52": 33.74153970168704, "53": 24.14690955163937, "54": 29.34887045199965, "55": 29.6155406045787, "56": 31.93274725236553, "57": 30.520249132073754, "58": 22.995422728332578, "59": 24.90835147223614, "60": 27.670906218459166, "61": 29.550411031245808, "62": 28.135385459222682 } }, "geometry": { "type": "MultiPolygon", "coordinates": [ [ [ [ 148.625, -37.875 ], [ 148.625, -38.125 ], [ 148.125, -38.125 ], [ 148.125, -38.375 ], [ 147.375, -38.375 ], [ 147.375, -38.625 ], [ 147.125, -38.625 ], [ 147.125, -38.875 ], [ 146.625, -38.875 ], [ 146.625, -39.125 ], [ 145.875, -39.125 ], [ 145.875, -38.875 ], [ 146.375, -38.875 ], [ 146.375, -38.625 ], [ 145.625, -38.625 ], [ 145.625, -38.375 ], [ 145.875, -38.375 ], [ 145.875, -38.125 ], [ 146.125, -38.125 ], [ 146.125, -37.875 ], [ 147.125, -37.875 ], [ 147.125, -37.625 ], [ 148.875, -37.625 ], [ 148.875, -37.875 ], [ 148.625, -37.875 ] ] ], [ [ [ 149.125, -37.375 ], [ 149.125, -36.875 ], [ 149.375, -36.875 ], [ 149.375, -36.625 ], [ 149.625, -36.625 ], [ 149.625, -36.375 ], [ 149.875, -36.375 ], [ 149.875, -36.875 ], [ 149.625, -36.875 ], [ 149.625, -37.375 ], [ 149.375, -37.375 ], [ 149.375, -37.625 ], [ 148.875, -37.625 ], [ 148.875, -37.375 ], [ 149.125, -37.375 ] ] ], [ [ [ 150.625, -33.625 ], [ 150.375, -33.625 ], [ 150.375, -33.875 ], [ 150.625, -33.875 ], [ 150.625, -34.125 ], [ 150.875, -34.125 ], [ 150.875, -35.125 ], [ 150.625, -35.125 ], [ 150.625, -35.375 ], [ 150.375, -35.375 ], [ 150.375, -35.625 ], [ 150.125, -35.625 ], [ 150.125, -35.875 ], [ 149.875, -35.875 ], [ 149.875, -36.125 ], [ 149.625, -36.125 ], [ 149.625, -36.375 ], [ 149.375, -36.375 ], [ 149.375, -35.875 ], [ 149.625, -35.875 ], [ 149.625, -35.375 ], [ 149.125, -35.375 ], [ 149.125, -35.625 ], [ 148.625, -35.625 ], [ 148.625, -35.375 ], [ 148.875, -35.375 ], [ 148.875, -35.125 ], [ 149.375, -35.125 ], [ 149.375, -34.875 ], [ 149.625, -34.875 ], [ 149.625, -34.125 ], [ 149.875, -34.125 ], [ 149.875, -33.625 ], [ 150.125, -33.625 ], [ 150.125, -33.375 ], [ 150.375, -33.375 ], [ 150.375, -33.125 ], [ 150.625, -33.125 ], [ 150.625, -33.625 ] ] ], [ [ [ 151.875, -32.625 ], [ 151.375, -32.625 ], [ 151.375, -32.125 ], [ 151.875, -32.125 ], [ 151.875, -32.625 ] ] ] ] } },
{ "type": "Feature", "properties": { "cluster_id": 51, "cohesion": 6.0394918107731366, "distances": { "1": 37.11346388654352, "2": 29.963549642600107, "3": 33.69882320684024, "4": 41.210894934010064, "5": 39.50791616324706, "6": 31.023426307792683, "7": 24.127545968044075, "8": 25.399267013610636, "9": 35.053011704221774, "10": 33.517086854155174, "11": 30.19232372062231, "12": 32.4803082482793, "13": 33.62320243977065, "14": 29.731477990632218, "15": 28.071312732090398, "16": 29.920219857596805, "17": 34.96267259339276, "18": 33.486045924999026, "19": 31.813863759666475, "20": 31.73567846553023, "21": 17.068210340048545, "22": 22.227042174137587, "23": 30.106163715731313, "24": 29.06165793459607, "25": 24.433290635490895, "26": 31.937846219088637, "27": 32.15182007022885, "28": 32.13135014645838, "29": 33.98983633612379, "30": 31.550979466442097, "31": 30.643356911602506, "32": 29.918020334559742, "33": 30.47822762858614, "34": 20.536565947261288, "35": 20.790396758463213, "36": 28.52703877406814, "37": 28.788927796840497, "38": 26.34534391018877, "39": 26.14264475422572, "40": 28.031581093936182, "41": 28.74911561857185, "42": 23.579534025112594, "43": 27.010831795247164, "44": 24.63000725400944, "45": 21.591077751544425, "46": 22.80114742081877, "47": 25.475224963338153, "48": 34.97341729132643, "49": 30.17741361951004, "50": 31.351036427813153, "52": 12.143001985526247, "53": 19.971810273012803, "54": 17.86290417632117, "55": 11.909471328477984, "56": 11.938702851037998, "57": 18.23331123764339, "58": 26.108787250485207, "59": 28.36333961212382, "60": 24.31761329212038, "61": 21.024099572367284, "62": 25.239922983069224 } }, "geometry": { "type": "Polygon", "coordinates": [ [ [ 139.875, -24.625 ], [ 139.875, -25.125 ], [ 140.125, -25.125 ], [ 140.125, -25.375 ], [ 140.375, -25.375 ], [ 140.375, -25.625 ], [ 140.125, -25.625 ], [ 140.125, -26.125 ], [ 140.375, -26.125 ], [ 140.375, -26.375 ], [ 141.375, -26.375 ], [ 141.375, -26.625 ], [ 141.625, -26.625 ], [ 141.625, -26.875 ], [ 142.375, -26.875 ], [ 142.375, -27.125 ], [ 143.375, -27.125 ], [ 143.375, -27.375 ], [ 144.125, -27.375 ], [ 144.125, -27.875 ], [ 144.625, -27.875 ], [ 144.625, -27.375 ], [ 145.125, -27.375 ], [ 145.125, -26.875 ], [ 144.375, -26.875 ], [ 144.375, -26.625 ], [ 143.875, -26.625 ], [ 143.875, -26.375 ], [ 143.625, -26.375 ], [ 143.625, -26.125 ], [ 143.125, -26.125 ], [ 143.125, -26.375 ], [ 142.625, -26.375 ], [ 142.625, -26.125 ], [ 142.375, -26.125 ], [ 142.375, -25.625 ], [ 142.125, -25.625 ], [ 142.125, -25.375 ], [ 141.875, -25.375 ], [ 141.875, -25.625 ], [ 141.625, -25.625 ], [ 141.625, -25.375 ], [ 141.375, -25.375 ], [ 141.375, -25.125 ], [ 140.875, -25.125 ], [ 140.875, -24.875 ], [ 140.625, -24.875 ], [ 140.625, -24.625 ], [ 139.875, -24.625 ] ] ] } },
{ "type": "Feature", "properties": { "cluster_id": 52, "cohesion": 8.1552971865868518, "distances": { "1": 41.57343094644793, "2": 33.732120488725734, "3": 37.48601053701755, "4": 46.2691514352099, "5": 44.954355684423966, "6": 37.24103510742397, "7": 30.203546302406128, "8": 30.37784320713814, "9": 39.2215636741849, "10": 39.2001858898789, "11": 33.88239396678985, "12": 35.30915897392082, "13": 37.55770199640839, "14": 32.14748982017888, "15": 30.15559356570207, "16": 28.04351626757362, "17": 34.85430811890247, "18": 31.723102889259394, "19": 29.468318956407394, "20": 27.29826853364624, "21": 13.670312189610499, "22": 21.34292356033274, "23": 26.884315671963833, "24": 23.153780193921495, "25": 18.86218213164498, "26": 33.68965907559181, "27": 31.811287981851645, "28": 32.85196602885015, "29": 31.841787337728118, "30": 29.102232856097135, "31": 30.12403770362511, "32": 27.899294903708736, "33": 26.945921733666673, "34": 16.28910272766131, "35": 13.754878155689873, "36": 23.943231828670758, "37": 24.35827179134661, "38": 24.520350539586143, "39": 25.192619109407683, "40": 25.61114166398888, "41": 25.573002784568626, "42": 26.27196795393997, "43": 29.990324090104256, "44": 28.828067732680125, "45": 26.306137364601813, "46": 26.858096102104955, "47": 27.912796950391478, "48": 36.15052115875365, "49": 32.06803043124214, "50": 33.741539701687046, "51": 12.143001985526247, "53": 22.60317140579001, "54": 19.873488565008454, "55": 19.26789303982779, "56": 13.400142434513738, "57": 22.195335820405468, "58": 26.81326309389417, "59": 28.647192546198454, "60": 26.3108694929359, "61": 20.14181865753477, "62": 23.75890932859317 } }, "geometry": { "type": "MultiPolygon", "coordinates": [ [ [ [ 135.875, -23.375 ], [ 135.875, -23.625 ], [ 136.375, -23.625 ], [ 136.375, -23.875 ], [ 136.625, -23.875 ], [ 136.625, -24.125 ], [ 137.125, -24.125 ], [ 137.125, -24.375 ], [ 137.375, -24.375 ], [ 137.375, -24.625 ], [ 137.875, -24.625 ], [ 137.875, -24.875 ], [ 138.625, -24.875 ], [ 138.625, -25.125 ], [ 138.875, -25.125 ], [ 138.875, -25.375 ], [ 139.625, -25.375 ], [ 139.625, -25.875 ], [ 140.125, -25.875 ], [ 140.125, -26.125 ], [ 140.375, -26.125 ], [ 140.375, -26.375 ], [ 141.375, -26.375 ], [ 141.375, -26.625 ], [ 141.625, -26.625 ], [ 141.625, -26.875 ], [ 142.375, -26.875 ], [ 142.375, -27.125 ], [ 143.375, -27.125 ], [ 143.375, -27.375 ], [ 144.125, -27.375 ], [ 144.125, -27.875 ], [ 144.625, -27.875 ], [ 144.625, -28.375 ], [ 144.375, -28.375 ], [ 144.375, -28.625 ], [ 143.625, -28.625 ], [ 143.625, -28.875 ], [ 143.375, -28.875 ], [ 143.375, -28.625 ], [ 143.125, -28.625 ], [ 143.125, -28.125 ], [ 142.625, -28.125 ], [ 142.625, -28.375 ], [ 142.125, -28.375 ], [ 142.125, -28.625 ], [ 141.625, -28.625 ], [ 141.625, -28.375 ], [ 140.375, -28.375 ], [ 140.375, -27.625 ], [ 140.125, -27.625 ], [ 140.125, -27.375 ], [ 139.875, -27.375 ], [ 139.875, -27.125 ], [ 139.375, -27.125 ], [ 139.375, -27.375 ], [ 138.625, -27.375 ], [ 138.625, -27.125 ], [ 138.375, -27.125 ], [ 138.375, -27.375 ], [ 137.875, -27.375 ], [ 137.875, -27.125 ], [ 137.625, -27.125 ], [ 137.625, -26.875 ], [ 137.375, -26.875 ], [ 137.375, -26.625 ], [ 137.125, -26.625 ], [ 137.125, -26.125 ], [ 136.875, -26.125 ], [ 136.875, -25.875 ], [ 136.625, -25.875 ], [ 136.625, -25.625 ], [ 136.125, -25.625 ], [ 136.125, -25.375 ], [ 135.875, -25.375 ], [ 135.875, -25.125 ], [ 135.625, -25.125 ], [ 135.625, -24.875 ], [ 134.625, -24.875 ], [ 134.625, -24.625 ], [ 134.375, -24.625 ], [ 134.375, -24.375 ], [ 134.125, -24.375 ], [ 134.125, -24.125 ], [ 134.375, -24.125 ], [ 134.375, -23.875 ], [ 134.625, -23.875 ], [ 134.625, -23.625 ], [ 134.375, -23.625 ], [ 134.375, -23.375 ], [ 135.875, -23.375 ] ] ], [ [ [ 133.875, -23.625 ], [ 133.875, -23.875 ], [ 133.625, -23.875 ], [ 133.625, -23.625 ], [ 133.875, -23.625 ] ] ] ] } },
{ "type": "Feature", "properties": { "cluster_id": 53, "cohesion": 8.0389811992048568, "distances": { "1": 35.74154017752372, "2": 28.895138272525767, "3": 32.55921288976688, "4": 39.49300709325066, "5": 39.041748335841824, "6": 32.94086535014202, "7": 27.037581505825013, "8": 31.356135591863758, "9": 35.228409714351024, "10": 36.7865790645148, "11": 32.526628444337405, "12": 31.91073144784041, "13": 32.47960967435037, "14": 28.398396478374774, "15": 26.98751365042422, "16": 23.463390657276904, "17": 27.38307194225645, "18": 27.141328691475973, "19": 28.00925300586607, "20": 30.402101075398136, "21": 19.185276653398294, "22": 15.11317277320655, "23": 24.972606032705947, "24": 29.021676254424847, "25": 24.42603563833686, "26": 30.39924755302188, "27": 32.85466143416396, "28": 32.121785607012974, "29": 34.888532749872745, "30": 33.1825222762387, "31": 30.543002705552198, "32": 28.88846470317795, "33": 32.203425910055714, "34": 26.95670592488368, "35": 25.78874708422504, "36": 29.836876482943826, "37": 31.608302285167344, "38": 25.419699836516955, "39": 24.25811983061073, "40": 29.188236786140717, "41": 30.519711594211675, "42": 21.174926866557126, "43": 24.36963563830923, "44": 16.692875579924117, "45": 18.792198739575785, "46": 13.29245746215751, "47": 16.392079622161756, "48": 27.476077170771617, "49": 26.404363298390408, "50": 24.146909551639375, "51": 19.97181027301281, "52": 22.60317140579001, "54": 13.855731449284502, "55": 21.785286366880577, "56": 24.886758411898988, "57": 28.083706490914274, "58": 24.57165592372551, "59": 28.635808370260957, "60": 29.303358116973428, "61": 27.39134122656342, "62": 28.26396543449348 } }, "geometry": { "type": "MultiPolygon", "coordinates": [ [ [ [ 151.875, -26.875 ], [ 151.875, -29.375 ], [ 151.625, -29.375 ], [ 151.625, -29.875 ], [ 151.375, -29.875 ], [ 151.375, -30.125 ], [ 151.625, -30.125 ], [ 151.625, -30.625 ], [ 151.375, -30.625 ], [ 151.375, -31.375 ], [ 150.875, -31.375 ], [ 150.875, -31.625 ], [ 150.625, -31.625 ], [ 150.625, -31.875 ], [ 149.875, -31.875 ], [ 149.875, -32.375 ], [ 149.625, -32.375 ], [ 149.625, -32.875 ], [ 149.375, -32.875 ], [ 149.375, -33.125 ], [ 148.625, -33.125 ], [ 148.625, -32.875 ], [ 148.375, -32.875 ], [ 148.375, -31.625 ], [ 148.625, -31.625 ], [ 148.625, -30.625 ], [ 148.875, -30.625 ], [ 148.875, -30.375 ], [ 150.125, -30.375 ], [ 150.125, -29.875 ], [ 150.875, -29.875 ], [ 150.875, -29.125 ], [ 151.125, -29.125 ], [ 151.125, -28.875 ], [ 151.375, -28.875 ], [ 151.375, -27.625 ], [ 151.625, -27.625 ], [ 151.625, -26.875 ], [ 151.875, -26.875 ] ] ], [ [ [ 151.375, -26.875 ], [ 151.375, -26.625 ], [ 151.625, -26.625 ], [ 151.625, -26.875 ], [ 151.375, -26.875 ] ] ] ] } },
{ "type": "Feature", "properties": { "cluster_id": 54, "cohesion": 9.0008212148083295, "distances": { "1": 37.01934751372349, "2": 28.074956329942548, "3": 32.62363248401658, "4": 42.491234914379426, "5": 42.09827202954255, "6": 34.81663054380837, "7": 26.779693064572985, "8": 33.0921377764524, "9": 37.50430545158371, "10": 39.67663721124563, "11": 34.24451813728642, "12": 33.7753240004568, "13": 34.62637545343516, "14": 29.854262357413685, "15": 28.125606798269494, "16": 25.36503674012155, "17": 29.176504267411268, "18": 27.696827247189486, "19": 26.339619471028563, "20": 27.403101887095335, "21": 16.999188387732186, "22": 16.129166668527244, "23": 25.122931532661653, "24": 26.008713792892106, "25": 23.068787241572725, "26": 31.91413675793041, "27": 32.48730205138639, "28": 32.490389208482625, "29": 32.991829432928256, "30": 31.49755936471296, "31": 29.617923159684644, "32": 26.408694006020912, "33": 29.0774921244996, "34": 25.066942880123456, "35": 22.27672789171246, "36": 25.916043957055653, "37": 28.81031183836439, "38": 23.75682573487724, "39": 22.68403734313099, "40": 27.814468818426132, "41": 28.68542794433671, "42": 17.59367745420075, "43": 22.659582731153012, "44": 19.481625019880376, "45": 16.872589473520765, "46": 19.071179379895042, "47": 22.36820119884304, "48": 30.85158483973304, "49": 28.88130339415312, "50": 29.34887045199965, "51": 17.86290417632117, "52": 19.873488565008458, "53": 13.855731449284503, "55": 20.125153737135037, "56": 23.876515730804353, "57": 28.88948843902999, "58": 24.465204982617202, "59": 28.959964273879915, "60": 30.017187557035115, "61": 27.013719237337707, "62": 27.712934215217647 } }, "geometry": { "type": "Polygon", "coordinates": [ [ [ 146.375, -25.125 ], [ 146.375, -25.375 ], [ 145.875, -25.375 ], [ 145.875, -25.625 ], [ 145.625, -25.625 ], [ 145.625, -25.875 ], [ 145.125, -25.875 ], [ 145.125, -26.625 ], [ 144.875, -26.625 ], [ 144.875, -26.875 ], [ 145.125, -26.875 ], [ 145.125, -27.375 ], [ 144.625, -27.375 ], [ 144.625, -28.375 ], [ 144.875, -28.375 ], [ 144.875, -28.875 ], [ 145.125, -28.875 ], [ 145.125, -29.125 ], [ 146.625, -29.125 ], [ 146.625, -29.375 ], [ 146.875, -29.375 ], [ 146.875, -29.625 ], [ 147.125, -29.625 ], [ 147.125, -29.875 ], [ 147.625, -29.875 ], [ 147.625, -30.375 ], [ 147.875, -30.375 ], [ 147.875, -30.875 ], [ 148.125, -30.875 ], [ 148.125, -31.375 ], [ 148.625, -31.375 ], [ 148.625, -30.625 ], [ 148.875, -30.625 ], [ 148.875, -30.375 ], [ 150.125, -30.375 ], [ 150.125, -29.875 ], [ 150.875, -29.875 ], [ 150.875, -29.125 ], [ 151.125, -29.125 ], [ 151.125, -28.875 ], [ 151.375, -28.875 ], [ 151.375, -27.625 ], [ 151.625, -27.625 ], [ 151.625, -26.875 ], [ 151.375, -26.875 ], [ 151.375, -26.625 ], [ 151.125, -26.625 ], [ 151.125, -26.375 ], [ 149.125, -26.375 ], [ 149.125, -26.125 ], [ 148.875, -26.125 ], [ 148.875, -25.875 ], [ 149.125, -25.875 ], [ 149.125, -25.625 ], [ 148.375, -25.625 ], [ 148.375, -25.375 ], [ 148.125, -25.375 ], [ 148.125, -25.125 ], [ 146.375, -25.125 ] ] ] } },
{ "type": "Feature", "properties": { "cluster_id": 55, "cohesion": 8.5510329413994537, "distances": { "1": 32.41757472356624, "2": 25.848658091656805, "3": 29.663005690266413, "4": 35.39530471928826, "5": 33.08281337093302, "6": 23.574014348073568, "7": 16.623102158872314, "8": 20.26786733062425, "9": 29.80313709672733, "10": 27.304820233576834, "11": 25.626324974884717, "12": 28.662713705537914, "13": 28.943111982437202, "14": 26.459281426043677, "15": 25.559519605992776, "16": 32.00595976237724, "17": 35.093382177339436, "18": 34.955951927832295, "19": 33.63427789168026, "20": 34.739536161804544, "21": 23.404349647177373, "22": 26.00881322089685, "23": 33.189906858825275, "24": 33.199675827595954, "25": 29.59282457288902, "26": 30.348069302527524, "27": 32.18449662315138, "28": 31.40275866130947, "29": 35.39378096869556, "30": 33.14187476673417, "31": 31.419688878425276, "32": 31.708310881389128, "33": 33.252427649502216, "34": 23.99194804712781, "35": 26.554176230409386, "36": 31.839257705925, "37": 31.964481974790797, "38": 28.157846405897423, "39": 27.019003554596797, "40": 29.090217044568945, "41": 30.805123055168497, "42": 21.22849555233581, "43": 24.50231516827761, "44": 22.69495762927141, "45": 17.76558565610131, "46": 21.585254655708923, "47": 24.884130417371406, "48": 33.9867189919843, "49": 28.94033770105104, "50": 29.615540604578705, "51": 11.909471328477984, "52": 19.26789303982779, "53": 21.78528636688058, "54": 20.125153737135037, "56": 15.134532519617563, "57": 15.993693785497124, "58": 25.091979677164733, "59": 27.01409868262069, "60": 21.9147902390679, "61": 21.567291333112482, "62": 25.570900969211987 } }, "geometry": { "type": "Polygon", "coordinates": [ [ [ 140.125, -22.375 ], [ 140.125, -22.625 ], [ 139.125, -22.625 ], [ 139.125, -22.875 ], [ 139.625, -22.875 ], [ 139.625, -23.125 ], [ 139.875, -23.125 ], [ 139.875, -23.375 ], [ 138.875, -23.375 ], [ 138.875, -23.625 ], [ 139.125, -23.625 ], [ 139.125, -23.875 ], [ 139.625, -23.875 ], [ 139.625, -24.125 ], [ 139.875, -24.125 ], [ 139.875, -24.375 ], [ 140.125, -24.375 ], [ 140.125, -24.625 ], [ 140.625, -24.625 ], [ 140.625, -24.875 ], [ 140.875, -24.875 ], [ 140.875, -25.125 ], [ 141.375, -25.125 ], [ 141.375, -25.375 ], [ 141.625, -25.375 ], [ 141.625, -25.625 ], [ 141.875, -25.625 ], [ 141.875, -25.375 ], [ 142.125, -25.375 ], [ 142.125, -25.625 ], [ 142.375, -25.625 ], [ 142.375, -26.125 ], [ 142.625, -26.125 ], [ 142.625, -26.375 ], [ 143.125, -26.375 ], [ 143.125, -26.125 ], [ 143.625, -26.125 ], [ 143.625, -26.375 ], [ 143.875, -26.375 ], [ 143.875, -26.625 ], [ 144.375, -26.625 ], [ 144.375, -26.875 ], [ 144.875, -26.875 ], [ 144.875, -26.625 ], [ 145.125, -26.625 ], [ 145.125, -25.875 ], [ 145.625, -25.875 ], [ 145.625, -25.625 ], [ 145.875, -25.625 ], [ 145.875, -25.375 ], [ 146.125, -25.375 ], [ 146.125, -25.125 ], [ 144.125, -25.125 ], [ 144.125, -24.625 ], [ 143.875, -24.625 ], [ 143.875, -24.125 ], [ 143.625, -24.125 ], [ 143.625, -23.875 ], [ 143.375, -23.875 ], [ 143.375, -23.625 ], [ 143.125, -23.625 ], [ 143.125, -23.375 ], [ 142.125, -23.375 ], [ 142.125, -23.125 ], [ 141.875, -23.125 ], [ 141.875, -22.625 ], [ 141.625, -22.625 ], [ 141.625, -22.375 ], [ 141.125, -22.375 ], [ 141.125, -22.625 ], [ 140.625, -22.625 ], [ 140.625, -22.375 ], [ 140.125, -22.375 ] ] ] } },
{ "type": "Feature", "properties": { "cluster_id": 56, "cohesion": 7.278675044147171, "distances": { "1": 38.84337006332458, "2": 32.549458989324236, "3": 35.932436598858835, "4": 41.003705218512614, "5": 38.394064667194584, "6": 30.71023495325779, "7": 25.583557381143727, "8": 21.60361304712177, "9": 32.86737220414223, "10": 30.703777713055267, "11": 26.646418700502075, "12": 30.253056850569713, "13": 33.01821682644965, "14": 28.340439843772636, "15": 27.53447749078498, "16": 31.592156723573943, "17": 37.515655956919474, "18": 35.810660915350915, "19": 34.65373377289353, "20": 33.41779306831005, "21": 20.94276973002449, "22": 26.347477485250913, "23": 32.03072430908788, "24": 29.867978288043115, "25": 25.72635055385134, "26": 33.46137464134304, "27": 32.006258946776995, "28": 33.10787237895496, "29": 34.712459533548504, "30": 30.82768989787295, "31": 32.88222455152654, "32": 32.75218708172259, "33": 31.67792546766171, "34": 16.871689198554492, "35": 21.159542665789626, "36": 29.905827712089113, "37": 28.009860342094342, "38": 26.64908052185784, "39": 27.446755284273838, "40": 25.76084317349752, "41": 27.075773936782983, "42": 27.485857185396153, "43": 30.66539195124773, "44": 28.92811395208716, "45": 25.564452724541674, "46": 26.25853181819506, "47": 27.22055678413336, "48": 36.56155509544458, "49": 31.34027843608992, "50": 31.932747252365534, "51": 11.938702851037998, "52": 13.40014243451374, "53": 24.886758411898988, "54": 23.876515730804357, "55": 15.134532519617563, "57": 12.716479475724288, "58": 26.560708725733242, "59": 25.911943759401588, "60": 19.015606209317863, "61": 14.863454430022436, "62": 21.02586187120303 } }, "geometry": { "type": "MultiPolygon", "coordinates": [ [ [ [ 134.375, -23.125 ], [ 135.375, -23.125 ], [ 135.375, -22.875 ], [ 137.125, -22.875 ], [ 137.125, -23.125 ], [ 138.125, -23.125 ], [ 138.125, -23.375 ], [ 138.875, -23.375 ], [ 138.875, -23.625 ], [ 139.125, -23.625 ], [ 139.125, -23.875 ], [ 139.625, -23.875 ], [ 139.625, -24.125 ], [ 139.875, -24.125 ], [ 139.875, -24.375 ], [ 140.125, -24.375 ], [ 140.125, -24.625 ], [ 139.875, -24.625 ], [ 139.875, -25.125 ], [ 140.125, -25.125 ], [ 140.125, -25.375 ], [ 140.375, -25.375 ], [ 140.375, -25.625 ], [ 140.125, -25.625 ], [ 140.125, -25.875 ], [ 139.625, -25.875 ], [ 139.625, -25.375 ], [ 138.875, -25.375 ], [ 138.875, -25.125 ], [ 138.625, -25.125 ], [ 138.625, -24.875 ], [ 137.875, -24.875 ], [ 137.875, -24.625 ], [ 137.375, -24.625 ], [ 137.375, -24.375 ], [ 137.125, -24.375 ], [ 137.125, -24.125 ], [ 136.625, -24.125 ], [ 136.625, -23.875 ], [ 136.375, -23.875 ], [ 136.375, -23.625 ], [ 135.875, -23.625 ], [ 135.875, -23.375 ], [ 134.375, -23.375 ], [ 134.375, -23.125 ] ] ], [ [ [ 134.375, -23.625 ], [ 133.625, -23.625 ], [ 133.625, -23.875 ], [ 131.875, -23.875 ], [ 131.875, -24.125 ], [ 131.375, -24.125 ], [ 131.375, -23.875 ], [ 130.375, -23.875 ], [ 130.375, -23.625 ], [ 130.875, -23.625 ], [ 130.875, -23.375 ], [ 134.375, -23.375 ], [ 134.375, -23.625 ] ] ] ] } },
{ "type": "Feature", "properties": { "cluster_id": 57, "cohesion": 7.0675128528794939, "distances": { "1": 35.349358605573634, "2": 31.31638787100225, "3": 33.95790575332182, "4": 34.54025985525662, "5": 30.74375132382899, "6": 23.638475067394484, "7": 21.787371534848468, "8": 13.199434506737514, "9": 26.149647806366886, "10": 21.41874805227932, "11": 20.07718557726906, "12": 25.91856371292247, "13": 28.10218495839687, "14": 25.28062128972357, "15": 25.810645420510937, "16": 35.259041059340284, "17": 39.527463551570385, "18": 39.360990020152485, "19": 39.259877969909574, "20": 39.43397596103815, "21": 28.425509930983523, "22": 31.58846803636321, "23": 37.038537641807046, "24": 36.76315866731728, "25": 32.74855204467067, "26": 33.64434410348478, "27": 34.340942719981314, "28": 34.50425793016885, "29": 39.054417200986364, "30": 35.19252617890005, "31": 36.34700821105093, "32": 37.64570964782778, "33": 37.61898351228102, "34": 22.923668936358627, "35": 29.495267496596227, "36": 36.54566584493545, "37": 34.163274818887544, "38": 31.352478225460974, "39": 31.355606517344615, "40": 29.337310941055932, "41": 31.880733162484034, "42": 29.308709320063482, "43": 31.559760902776894, "44": 29.42786797564913, "45": 25.97182105007467, "46": 26.456788595907827, "47": 27.384296638933392, "48": 36.75463392692573, "49": 31.28902399862061, "50": 30.520249132073758, "51": 18.23331123764339, "52": 22.19533582040546, "53": 28.083706490914274, "54": 28.889488439029993, "55": 15.993693785497127, "56": 12.716479475724288, "58": 28.0328970292139, "59": 25.75479637646553, "60": 14.881549615467351, "61": 16.046327345273646, "62": 22.7496314747224 } }, "geometry": { "type": "Polygon", "coordinates": [ [ [ 132.875, -21.875 ], [ 132.875, -22.125 ], [ 131.625, -22.125 ], [ 131.625, -22.375 ], [ 130.625, -22.375 ], [ 130.625, -22.625 ], [ 130.375, -22.625 ], [ 130.375, -22.875 ], [ 130.625, -22.875 ], [ 130.625, -23.125 ], [ 130.875, -23.125 ], [ 130.875, -23.375 ], [ 134.375, -23.375 ], [ 134.375, -23.125 ], [ 135.375, -23.125 ], [ 135.375, -22.875 ], [ 137.125, -22.875 ], [ 137.125, -23.125 ], [ 138.125, -23.125 ], [ 138.125, -23.375 ], [ 139.875, -23.375 ], [ 139.875, -23.125 ], [ 139.625, -23.125 ], [ 139.625, -22.875 ], [ 139.125, -22.875 ], [ 139.125, -22.625 ], [ 138.375, -22.625 ], [ 138.375, -22.375 ], [ 138.125, -22.375 ], [ 138.125, -22.125 ], [ 137.625, -22.125 ], [ 137.625, -21.875 ], [ 136.625, -21.875 ], [ 136.625, -22.125 ], [ 136.125, -22.125 ], [ 136.125, -21.875 ], [ 132.875, -21.875 ] ] ] } },
{ "type": "Feature", "properties": { "cluster_id": 58, "cohesion": 5.0842496537616482, "distances": { "1": 29.447441647366524, "2": 24.910422630259987, "3": 26.228982936676985, "4": 33.54758887332951, "5": 33.89786235307848, "6": 30.231354324572848, "7": 25.610221842917824, "8": 28.588686462720787, "9": 27.34796467831736, "10": 33.31222229193923, "11": 25.01518743662943, "12": 20.047303828018492, "13": 25.607081872975897, "14": 18.377257658330112, "15": 20.077935836801135, "16": 25.16609529491241, "17": 25.604009109130253, "18": 26.074554407881834, "19": 25.568704012804098, "20": 27.46608913837502, "21": 27.684265108976472, "22": 26.59467694080718, "23": 27.17749960295824, "24": 27.607647945482604, "25": 28.174871484555975, "26": 25.100905280043197, "27": 28.0032101352602, "28": 27.313208757728393, "29": 29.879812694028043, "30": 27.80690081174497, "31": 26.686528303862445, "32": 26.010072874252636, "33": 29.59184159431623, "34": 24.788462869211287, "35": 26.939791271832643, "36": 27.337009096746673, "37": 28.423351278523437, "38": 19.432369532841165, "39": 12.819541141435858, "40": 18.29398955355745, "41": 24.46055917210935, "42": 22.592879823849216, "43": 23.806496659961283, "44": 24.06703813809819, "45": 23.447611841523468, "46": 22.49829771315238, "47": 21.81162662745112, "48": 24.5461576936749, "49": 21.73080381979316, "50": 22.995422728332578, "51": 26.1087872504852, "52": 26.81326309389417, "53": 24.571655923725498, "54": 24.465204982617205, "55": 25.091979677164733, "56": 26.560708725733242, "57": 28.0328970292139, "59": 13.59648162487753, "60": 22.920644934684837, "61": 23.14672739203238, "62": 19.065959176539327 } }, "geometry": { "type": "Polygon", "coordinates": [ [ [ 117.875, -20.125 ], [ 117.875, -20.375 ], [ 116.375, -20.375 ], [ 116.375, -21.125 ], [ 116.125, -21.125 ], [ 116.125, -22.125 ], [ 116.375, -22.125 ], [ 116.375, -22.375 ], [ 116.625, -22.375 ], [ 116.625, -22.625 ], [ 117.125, -22.625 ], [ 117.125, -22.875 ], [ 117.375, -22.875 ], [ 117.375, -22.625 ], [ 117.625, -22.625 ], [ 117.625, -22.375 ], [ 117.875, -22.375 ], [ 117.875, -21.375 ], [ 117.625, -21.375 ], [ 117.625, -20.875 ], [ 117.875, -20.875 ], [ 117.875, -20.625 ], [ 118.125, -20.625 ], [ 118.125, -20.375 ], [ 118.375, -20.375 ], [ 118.375, -20.125 ], [ 117.875, -20.125 ] ] ] } },
{ "type": "Feature", "properties": { "cluster_id": 59, "cohesion": 9.3686029858377946, "distances": { "1": 33.09225507270627, "2": 30.035777057319887, "3": 31.035249836668754, "4": 34.21810131613222, "5": 33.086513569273954, "6": 30.7760368734899, "7": 28.116168628595435, "8": 25.644875798473876, "9": 24.812930805116363, "10": 30.71186233970443, "11": 20.1947015144945, "12": 16.076729170051436, "13": 26.31766902842155, "14": 17.877394788521883, "15": 22.360690496832895, "16": 28.19571039267884, "17": 30.401916397954025, "18": 30.458466622261472, "19": 31.4678127123766, "20": 32.13189539506047, "21": 30.204770807815397, "22": 29.693657057758077, "23": 30.201637801494403, "24": 30.7691402434101, "25": 30.485257912321376, "26": 31.43237259748466, "27": 32.695734204943044, "28": 33.3084337477277, "29": 35.568427617089874, "30": 31.458560973545346, "31": 33.77513061546748, "32": 32.80437473261254, "33": 34.70841383676087, "34": 24.430082620809557, "35": 29.444569741607257, "36": 32.20032881736632, "37": 31.155939756649307, "38": 23.3260902481121, "39": 19.635669075586378, "40": 18.065140121835064, "41": 26.02390060673214, "42": 28.11630849266009, "43": 29.849042095363313, "44": 29.50386329218535, "45": 27.731221981518974, "46": 26.560402653082143, "47": 24.45996657394589, "48": 27.961849558677084, "49": 25.711801661084003, "50": 24.90835147223614, "51": 28.36333961212382, "52": 28.64719254619845, "53": 28.635808370260957, "54": 28.959964273879905, "55": 27.0140986826207, "56": 25.91194375940159, "57": 25.75479637646553, "58": 13.59648162487753, "60": 17.303219659704936, "61": 19.09727246554286, "62": 13.798775782109601 } }, "geometry": { "type": "MultiPolygon", "coordinates": [ [ [ [ 120.375, -19.875 ], [ 119.625, -19.875 ], [ 119.625, -20.125 ], [ 119.125, -20.125 ], [ 119.125, -20.375 ], [ 118.625, -20.375 ], [ 118.625, -21.375 ], [ 119.125, -21.375 ], [ 119.125, -21.125 ], [ 119.625, -21.125 ], [ 119.625, -21.375 ], [ 120.375, -21.375 ], [ 120.375, -21.125 ], [ 120.625, -21.125 ], [ 120.625, -20.875 ], [ 121.125, -20.875 ], [ 121.125, -20.625 ], [ 122.375, -20.625 ], [ 122.375, -20.875 ], [ 122.625, -20.875 ], [ 122.625, -21.125 ], [ 123.125, -21.125 ], [ 123.125, -21.375 ], [ 124.125, -21.375 ], [ 124.125, -22.125 ], [ 124.375, -22.125 ], [ 124.375, -22.375 ], [ 123.125, -22.375 ], [ 123.125, -22.875 ], [ 122.125, -22.875 ], [ 122.125, -23.125 ], [ 121.875, -23.125 ], [ 121.875, -23.375 ], [ 121.125, -23.375 ], [ 121.125, -23.625 ], [ 120.125, -23.625 ], [ 120.125, -23.125 ], [ 119.125, -23.125 ], [ 119.125, -24.125 ], [ 118.125, -24.125 ], [ 118.125, -23.875 ], [ 117.875, -23.875 ], [ 117.875, -23.625 ], [ 117.625, -23.625 ], [ 117.625, -23.375 ], [ 117.375, -23.375 ], [ 117.375, -22.625 ], [ 117.625, -22.625 ], [ 117.625, -22.375 ], [ 117.875, -22.375 ], [ 117.875, -21.375 ], [ 117.625, -21.375 ], [ 117.625, -20.875 ], [ 117.875, -20.875 ], [ 117.875, -20.625 ], [ 118.125, -20.625 ], [ 118.125, -20.375 ], [ 118.375, -20.375 ], [ 118.375, -20.125 ], [ 118.625, -20.125 ], [ 118.625, -19.875 ], [ 119.125, -19.875 ], [ 119.125, -19.625 ], [ 120.375, -19.625 ], [ 120.375, -19.875 ] ] ], [ [ [ 120.375, -19.375 ], [ 120.625, -19.375 ], [ 120.625, -19.625 ], [ 120.375, -19.625 ], [ 120.375, -19.375 ] ] ] ] } },
{ "type": "Feature", "properties": { "cluster_id": 60, "cohesion": 7.4115777420703095, "distances": { "1": 34.408078931446234, "2": 31.490156134838585, "3": 33.22234128957226, "4": 32.6122556041944, "5": 29.040740411032786, "6": 25.62479533671673, "7": 24.58854513829611, "8": 15.093902163412283, "9": 21.191629876344948, "10": 22.109647167781905, "11": 12.85417462661323, "12": 17.811162168689524, "13": 25.256428949617472, "14": 19.62058287361313, "15": 23.393592513848933, "16": 32.757763947912714, "17": 36.388966591886444, "18": 36.30191762641412, "19": 37.12487658796356, "20": 37.42388945207223, "21": 30.224843044255806, "22": 31.510197075464756, "23": 34.73047859537688, "24": 34.9451575286325, "25": 32.49396512719889, "26": 33.7535530758539, "27": 34.97957048856475, "28": 35.356474012282675, "29": 39.36170757719129, "30": 34.949330039626886, "31": 37.05242922615211, "32": 37.17782860206969, "33": 37.992125123067375, "34": 22.980124609031833, "35": 30.44102086133914, "36": 36.012048765850274, "37": 33.84715275415897, "38": 29.368254764436475, "39": 27.97467661748584, "40": 24.818220076810853, "41": 30.088579537661023, "42": 29.70248096021697, "43": 31.994308572865485, "44": 30.528518367089898, "45": 27.127918461667786, "46": 27.05723473915776, "47": 26.015273372063263, "48": 33.24001061730407, "49": 29.492906912553664, "50": 27.67090621845917, "51": 24.31761329212038, "52": 26.310869492935904, "53": 29.303358116973424, "54": 30.017187557035115, "55": 21.914790239067898, "56": 19.015606209317863, "57": 14.881549615467348, "58": 22.920644934684837, "59": 17.303219659704936, "61": 12.523771348599105, "62": 15.53115554461268 } }, "geometry": { "type": "Polygon", "coordinates": [ [ [ 128.375, -20.875 ], [ 128.375, -21.125 ], [ 128.125, -21.125 ], [ 128.125, -21.375 ], [ 127.875, -21.375 ], [ 127.875, -21.625 ], [ 127.625, -21.625 ], [ 127.625, -21.375 ], [ 126.875, -21.375 ], [ 126.875, -21.625 ], [ 126.375, -21.625 ], [ 126.375, -21.375 ], [ 125.375, -21.375 ], [ 125.375, -21.125 ], [ 124.125, -21.125 ], [ 124.125, -22.125 ], [ 125.375, -22.125 ], [ 125.375, -22.625 ], [ 127.625, -22.625 ], [ 127.625, -22.875 ], [ 128.125, -22.875 ], [ 128.125, -22.625 ], [ 128.625, -22.625 ], [ 128.625, -22.875 ], [ 129.375, -22.875 ], [ 129.375, -23.125 ], [ 130.625, -23.125 ], [ 130.625, -22.875 ], [ 130.375, -22.875 ], [ 130.375, -22.625 ], [ 130.625, -22.625 ], [ 130.625, -22.375 ], [ 130.875, -22.375 ], [ 130.875, -22.125 ], [ 130.125, -22.125 ], [ 130.125, -21.875 ], [ 129.875, -21.875 ], [ 129.875, -21.625 ], [ 128.875, -21.625 ], [ 128.875, -20.875 ], [ 128.375, -20.875 ] ] ] } },
{ "type": "Feature", "properties": { "cluster_id": 61, "cohesion": 6.6304973738714592, "distances": { "1": 38.539397466285145, "2": 32.958826935582756, "3": 35.89643621599462, "4": 39.20685877098606, "5": 36.57375466812434, "6": 31.211725003928603, "7": 27.520226539899937, "8": 21.32219541543114, "9": 29.2451128681048, "10": 29.769007018515754, "11": 21.87459686063811, "12": 24.992705437256586, "13": 30.612725628707835, "14": 24.1754778021925, "15": 24.91657308128504, "16": 29.626001230101842, "17": 35.484419268805304, "18": 33.66347529847947, "19": 33.397516174665206, "20": 31.686351924307335, "21": 24.68326084014927, "22": 27.77475693596407, "23": 30.40611476643127, "24": 28.16270874186345, "25": 25.972387769283035, "26": 33.568053330354594, "27": 31.42585201648035, "28": 33.388833008592265, "29": 34.29773430996873, "30": 29.196581508963188, "31": 33.665338573997616, "32": 32.76486426175441, "33": 31.437840428820508, "34": 14.295277141369127, "35": 22.84501830587232, "36": 29.291498810080817, "37": 25.960017757980154, "38": 24.70200705576279, "39": 25.163674193203597, "40": 19.910827127424298, "41": 23.48728580471472, "42": 28.65292933488686, "43": 31.592944803881476, "44": 30.429440325404702, "45": 27.471781420672176, "46": 27.357771595883055, "47": 26.335902598032902, "48": 34.06833714531741, "49": 30.00051375794148, "50": 29.550411031245808, "51": 21.024099572367284, "52": 20.14181865753477, "53": 27.39134122656342, "54": 27.013719237337707, "55": 21.567291333112493, "56": 14.863454430022434, "57": 16.046327345273646, "58": 23.146727392032375, "59": 19.097272465542865, "60": 12.523771348599105, "62": 11.716157769533933 } }, "geometry": { "type": "Polygon", "coordinates": [ [ [ 126.625, -22.625 ], [ 126.625, -22.875 ], [ 126.125, -22.875 ], [ 126.125, -23.125 ], [ 125.125, -23.125 ], [ 125.125, -23.375 ], [ 125.625, -23.375 ], [ 125.625, -23.625 ], [ 126.125, -23.625 ], [ 126.125, -23.875 ], [ 126.375, -23.875 ], [ 126.375, -24.375 ], [ 128.875, -24.375 ], [ 128.875, -24.625 ], [ 130.125, -24.625 ], [ 130.125, -24.125 ], [ 130.375, -24.125 ], [ 130.375, -23.625 ], [ 130.875, -23.625 ], [ 130.875, -23.125 ], [ 129.375, -23.125 ], [ 129.375, -22.875 ], [ 128.625, -22.875 ], [ 128.625, -22.625 ], [ 128.125, -22.625 ], [ 128.125, -22.875 ], [ 127.625, -22.875 ], [ 127.625, -22.625 ], [ 126.625, -22.625 ] ] ] } },
{ "type": "Feature", "properties": { "cluster_id": 62, "cohesion": 7.0516806050869967, "distances": { "1": 37.9568999005969, "2": 32.876165934858584, "3": 35.12605841139252, "4": 39.47816089087047, "5": 37.81627774951455, "6": 33.64069913392903, "7": 29.82447106233504, "8": 25.803461708062976, "9": 29.924738716547857, "10": 33.06621913702527, "11": 23.23077168572235, "12": 23.11400173042596, "13": 30.750055847653826, "14": 23.07941900708805, "15": 24.628415189843487, "16": 27.559581758670166, "17": 32.48543071439163, "18": 30.80350470969341, "19": 31.11970597676552, "20": 29.482023645097037, "21": 26.403776809416915, "22": 27.948676517727247, "23": 28.41703745102182, "24": 26.534248197637133, "25": 26.035213671583264, "26": 33.41046695416691, "27": 31.166523318234958, "28": 33.508052093309615, "29": 33.481769261500105, "30": 28.031964916222783, "31": 33.47313998096761, "32": 31.784286760309932, "33": 31.02107275834396, "34": 16.612460897802173, "35": 24.000577602904553, "36": 28.391498933032526, "37": 25.360267552973124, "38": 21.612583270975303, "39": 21.19475918692246, "40": 14.89080033436229, "41": 21.09483074463401, "42": 28.85275925394233, "43": 31.398282629586024, "44": 30.83960201944914, "45": 28.654952026394483, "46": 27.94808293215547, "47": 26.073498469369188, "48": 31.25950126666546, "49": 28.11164109968001, "50": 28.135385459222682, "51": 25.239922983069224, "52": 23.75890932859317, "53": 28.263965434493482, "54": 27.712934215217643, "55": 25.570900969211987, "56": 21.02586187120303, "57": 22.749631474722403, "58": 19.065959176539323, "59": 13.798775782109603, "60": 15.53115554461268, "61": 11.716157769533933 } }, "geometry": { "type": "Polygon", "coordinates": [ [ [ 124.375, -22.125 ], [ 124.375, -22.375 ], [ 123.125, -22.375 ], [ 123.125, -22.875 ], [ 122.125, -22.875 ], [ 122.125, -23.125 ], [ 121.875, -23.125 ], [ 121.875, -23.375 ], [ 121.625, -23.375 ], [ 121.625, -23.625 ], [ 121.875, -23.625 ], [ 121.875, -23.875 ], [ 123.125, -23.875 ], [ 123.125, -24.375 ], [ 124.625, -24.375 ], [ 124.625, -24.625 ], [ 126.875, -24.625 ], [ 126.875, -24.375 ], [ 126.375, -24.375 ], [ 126.375, -23.875 ], [ 126.125, -23.875 ], [ 126.125, -23.625 ], [ 125.625, -23.625 ], [ 125.625, -23.375 ], [ 125.125, -23.375 ], [ 125.125, -23.125 ], [ 126.125, -23.125 ], [ 126.125, -22.875 ], [ 126.625, -22.875 ], [ 126.625, -22.625 ], [ 125.375, -22.625 ], [ 125.375, -22.125 ], [ 124.375, -22.125 ] ] ] } }
]
}
