{
"type": "FeatureCollection",
"name": "67_clusters",
"crs": { "type": "name", "properties": { "name": "urn:ogc:def:crs:OGC:1.3:CRS84" } },
"features": [
{ "type": "Feature", "properties": { "cluster_id": 1, "cohesion": 8.6487465638442682, "distances": { "2": 17.24033202182467, "3": 10.940391911660678, "4": 18.90891003463502, "5": 24.180438772686287, "6": 22.659505945916994, "7": 23.239301063618836, "8": 31.28635470849942, "9": 26.527482853515856, "10": 29.087553766751377, "11": 29.676584319249294, "12": 28.171349547318282, "13": 18.61031585876883, "14": 22.055630978430944, "15": 27.212458270500765, "16": 26.202532132898707, "17": 37.711049798453395, "18": 31.47181265330928, "19": 36.34861849804197, "20": 36.8281822778166, "21": 42.66383583868136, "22": 42.861468109085415, "23": 40.63612392067549, "24": 41.38529953404568, "25": 44.73080155149566, "26": 44.36900139117672, "27": 27.143376350708664, "28": 38.61652943866565, "29": 33.31743331578965, "30": 43.025370449691806, "31": 44.0558352879256, "32": 36.096894534564186, "33": 37.78165328424618, "34": 44.461116411528806, "35": 42.236100904424816, "36": 44.652099368597874, "37": 43.94004461316689, "38": 43.35329606014713, "39": 46.04452230523563, "40": 40.21923949190091, "41": 35.05665336362148, "42": 40.43808361313947, "43": 42.364183411791004, "44": 45.45784517481931, "45": 28.163243571311238, "46": 24.02160519209459, "47": 27.896593497831955, "48": 28.85987057772195, "49": 29.279854833332728, "50": 30.088836662951536, "51": 31.285651681445646, "52": 28.456836209683093, "53": 24.777229904039437, "54": 27.935062691255126, "55": 37.11346388654352, "56": 41.57343094644793, "57": 35.7415401775237, "58": 37.019347513723496, "59": 32.41757472356624, "60": 38.84337006332458, "61": 35.349358605573634, "62": 29.447441647366524, "63": 30.617424806495602, "64": 34.88437354134158, "65": 34.40807893144623, "66": 38.539397466285145, "67": 37.95689990059691 } }, "geometry": { "type": "MultiPolygon", "coordinates": [ [ [ [ 142.125, -16.375 ], [ 142.375, -16.375 ], [ 142.375, -16.625 ], [ 142.625, -16.625 ], [ 142.625, -17.625 ], [ 142.875, -17.625 ], [ 142.875, -18.125 ], [ 143.125, -18.125 ], [ 143.125, -18.375 ], [ 143.375, -18.375 ], [ 143.375, -19.375 ], [ 143.625, -19.375 ], [ 143.625, -19.625 ], [ 143.375, -19.625 ], [ 143.375, -20.125 ], [ 143.125, -20.125 ], [ 143.125, -19.875 ], [ 142.875, -19.875 ], [ 142.875, -19.625 ], [ 142.625, -19.625 ], [ 142.625, -18.875 ], [ 142.375, -18.875 ], [ 142.375, -18.375 ], [ 142.125, -18.375 ], [ 142.125, -17.625 ], [ 141.875, -17.625 ], [ 141.875, -16.125 ], [ 142.125, -16.125 ], [ 142.125, -16.375 ] ] ], [ [ [ 144.625, -17.375 ], [ 143.875, -17.375 ], [ 143.875, -17.125 ], [ 144.625, -17.125 ], [ 144.625, -17.375 ] ] ], [ [ [ 141.875, -16.125 ], [ 141.625, -16.125 ], [ 141.625, -15.625 ], [ 141.875, -15.625 ], [ 141.875, -16.125 ] ] ], [ [ [ 141.625, -14.125 ], [ 141.625, -15.625 ], [ 141.375, -15.625 ], [ 141.375, -15.125 ], [ 141.125, -15.125 ], [ 141.125, -13.625 ], [ 141.375, -13.625 ], [ 141.375, -14.125 ], [ 141.625, -14.125 ] ] ], [ [ [ 142.875, -10.875 ], [ 142.875, -11.125 ], [ 143.125, -11.125 ], [ 143.125, -11.875 ], [ 143.375, -11.875 ], [ 143.375, -12.375 ], [ 143.625, -12.375 ], [ 143.625, -12.875 ], [ 143.875, -12.875 ], [ 143.875, -13.875 ], [ 144.625, -13.875 ], [ 144.625, -14.125 ], [ 144.875, -14.125 ], [ 144.875, -14.375 ], [ 145.125, -14.375 ], [ 145.125, -14.625 ], [ 145.375, -14.625 ], [ 145.375, -14.875 ], [ 145.625, -14.875 ], [ 145.625, -16.125 ], [ 145.875, -16.125 ], [ 145.875, -16.625 ], [ 145.625, -16.625 ], [ 145.625, -16.375 ], [ 145.375, -16.375 ], [ 145.375, -16.125 ], [ 145.125, -16.125 ], [ 145.125, -16.625 ], [ 144.875, -16.625 ], [ 144.875, -16.875 ], [ 144.125, -16.875 ], [ 144.125, -16.375 ], [ 144.375, -16.375 ], [ 144.375, -15.625 ], [ 144.125, -15.625 ], [ 144.125, -15.375 ], [ 143.875, -15.375 ], [ 143.875, -15.125 ], [ 143.625, -15.125 ], [ 143.625, -14.625 ], [ 143.125, -14.625 ], [ 143.125, -14.875 ], [ 142.375, -14.875 ], [ 142.375, -14.375 ], [ 142.125, -14.375 ], [ 142.125, -13.625 ], [ 141.875, -13.625 ], [ 141.875, -11.625 ], [ 142.125, -11.625 ], [ 142.125, -10.625 ], [ 142.625, -10.625 ], [ 142.625, -10.875 ], [ 142.875, -10.875 ] ] ] ] } },
{ "type": "Feature", "properties": { "cluster_id": 2, "cohesion": 9.0112697687720367, "distances": { "1": 17.240332021824674, "3": 12.754155438804473, "4": 26.70425412361443, "5": 29.74927739528258, "6": 23.13582873597127, "7": 17.793526655225058, "8": 30.103402595370124, "9": 29.067010259210623, "10": 31.661516908049514, "11": 30.163866655353296, "12": 28.919197044473677, "13": 21.905197685711595, "14": 23.891188185531767, "15": 25.268734799484, "16": 21.723107753138372, "17": 33.31210982008317, "18": 29.13788829641172, "19": 31.994737033743043, "20": 29.722933021358333, "21": 34.43591681364504, "22": 35.075776381886214, "23": 33.84413280688843, "24": 35.715780283096976, "25": 36.91072574007541, "26": 37.0364399207442, "27": 23.51351948213406, "28": 30.4143868102229, "29": 26.78620880317849, "30": 33.40488195076963, "31": 34.620441022679785, "32": 27.562005266555303, "33": 28.497106159226625, "34": 34.103436540437265, "35": 34.29798649569678, "36": 36.024227035038884, "37": 35.5310511502642, "38": 33.60570378365016, "39": 36.223976185134994, "40": 31.14816733029577, "41": 27.58029761902162, "42": 33.12513630426838, "43": 33.36532418507991, "44": 36.63024429659988, "45": 16.880456248282133, "46": 12.923918592155198, "47": 20.263948919883358, "48": 20.35127039400981, "49": 24.340510146961652, "50": 28.872058655678757, "51": 26.87925747617313, "52": 28.822362797228315, "53": 24.151165107345992, "54": 28.433195638467247, "55": 29.963549642600107, "56": 33.732120488725734, "57": 28.895138272525767, "58": 28.074956329942545, "59": 25.848658091656805, "60": 32.54945898932424, "61": 31.31638787100225, "62": 24.910422630259987, "63": 29.234295855280312, "64": 30.616159996727863, "65": 31.490156134838585, "66": 32.958826935582756, "67": 32.876165934858584 } }, "geometry": { "type": "MultiPolygon", "coordinates": [ [ [ [ 143.625, -20.375 ], [ 143.875, -20.375 ], [ 143.875, -20.625 ], [ 144.125, -20.625 ], [ 144.125, -20.875 ], [ 144.375, -20.875 ], [ 144.375, -21.375 ], [ 143.875, -21.375 ], [ 143.875, -21.625 ], [ 143.625, -21.625 ], [ 143.625, -22.375 ], [ 143.375, -22.375 ], [ 143.375, -22.125 ], [ 143.125, -22.125 ], [ 143.125, -21.625 ], [ 143.375, -21.625 ], [ 143.375, -21.375 ], [ 143.625, -21.375 ], [ 143.625, -20.625 ], [ 143.375, -20.625 ], [ 143.375, -19.625 ], [ 143.625, -19.625 ], [ 143.625, -20.375 ] ] ], [ [ [ 145.375, -19.125 ], [ 145.375, -19.375 ], [ 145.625, -19.375 ], [ 145.625, -19.625 ], [ 145.875, -19.625 ], [ 145.875, -19.875 ], [ 144.125, -19.875 ], [ 144.125, -19.625 ], [ 143.625, -19.625 ], [ 143.625, -19.375 ], [ 143.875, -19.375 ], [ 143.875, -19.125 ], [ 144.125, -19.125 ], [ 144.125, -18.875 ], [ 144.625, -18.875 ], [ 144.625, -18.625 ], [ 144.875, -18.625 ], [ 144.875, -18.375 ], [ 145.125, -18.375 ], [ 145.125, -19.125 ], [ 145.375, -19.125 ] ] ], [ [ [ 145.375, -17.125 ], [ 145.375, -16.625 ], [ 145.625, -16.625 ], [ 145.625, -17.125 ], [ 145.875, -17.125 ], [ 145.875, -17.375 ], [ 146.125, -17.375 ], [ 146.125, -17.625 ], [ 146.375, -17.625 ], [ 146.375, -18.125 ], [ 146.625, -18.125 ], [ 146.625, -18.875 ], [ 147.375, -18.875 ], [ 147.375, -19.125 ], [ 147.625, -19.125 ], [ 147.625, -19.375 ], [ 147.875, -19.375 ], [ 147.875, -19.625 ], [ 148.375, -19.625 ], [ 148.375, -19.875 ], [ 148.625, -19.875 ], [ 148.625, -20.125 ], [ 148.875, -20.125 ], [ 148.875, -20.375 ], [ 149.125, -20.375 ], [ 149.125, -20.875 ], [ 148.875, -20.875 ], [ 148.875, -20.625 ], [ 148.625, -20.625 ], [ 148.625, -20.375 ], [ 148.375, -20.375 ], [ 148.375, -20.625 ], [ 148.125, -20.625 ], [ 148.125, -20.375 ], [ 147.625, -20.375 ], [ 147.625, -20.125 ], [ 147.375, -20.125 ], [ 147.375, -19.625 ], [ 147.125, -19.625 ], [ 147.125, -19.375 ], [ 146.875, -19.375 ], [ 146.875, -19.125 ], [ 146.125, -19.125 ], [ 146.125, -18.875 ], [ 145.875, -18.875 ], [ 145.875, -18.625 ], [ 145.375, -18.625 ], [ 145.375, -18.375 ], [ 145.125, -18.375 ], [ 145.125, -17.125 ], [ 145.375, -17.125 ] ] ] ] } },
{ "type": "Feature", "properties": { "cluster_id": 3, "cohesion": 8.1137928839426863, "distances": { "1": 10.940391911660678, "2": 12.754155438804473, "4": 23.044044234907467, "5": 27.75784872726561, "6": 23.964888248097136, "7": 21.54601526592781, "8": 31.430501967825464, "9": 28.226947266946567, "10": 31.355832655773376, "11": 30.293827819925163, "12": 28.467336932226537, "13": 19.951158488530787, "14": 22.92199461175436, "15": 26.26827277862725, "16": 24.007807919899047, "17": 34.31971243646787, "18": 28.48972536368839, "19": 32.528679824882104, "20": 31.826515912958754, "21": 37.32743586330921, "22": 38.618211982682475, "23": 36.83739989509911, "24": 37.347854106325904, "25": 39.68260852606993, "26": 39.907964438755506, "27": 24.541024819758725, "28": 34.638136650223075, "29": 29.78160045108005, "30": 38.02983278034179, "31": 39.37412467518156, "32": 31.414488954210114, "33": 32.337989880262555, "34": 38.97112415367669, "35": 38.19354948988474, "36": 39.58560265823083, "37": 39.22092777154684, "38": 37.74846753037607, "39": 40.9587402131944, "40": 35.645375606050045, "41": 30.55926396909655, "42": 36.45196587532905, "43": 37.94930745820359, "44": 40.87562355281982, "45": 23.07565872820314, "46": 18.788576951489144, "47": 24.824659545472286, "48": 25.3997605594023, "49": 27.20143682661065, "50": 29.23559072672791, "51": 28.98739963088879, "52": 27.083008111768056, "53": 23.109898269006965, "54": 27.552917546651567, "55": 33.69882320684024, "56": 37.486010537017556, "57": 32.55921288976688, "58": 32.62363248401659, "59": 29.66300569026641, "60": 35.932436598858835, "61": 33.95790575332182, "62": 26.228982936676985, "63": 29.373782957297653, "64": 32.23838102517886, "65": 33.22234128957227, "66": 35.89643621599462, "67": 35.12605841139252 } }, "geometry": { "type": "MultiPolygon", "coordinates": [ [ [ [ 145.875, -16.625 ], [ 145.875, -16.875 ], [ 146.125, -16.875 ], [ 146.125, -17.125 ], [ 146.375, -17.125 ], [ 146.375, -17.375 ], [ 146.625, -17.375 ], [ 146.625, -17.875 ], [ 146.375, -17.875 ], [ 146.375, -17.625 ], [ 146.125, -17.625 ], [ 146.125, -17.375 ], [ 145.875, -17.375 ], [ 145.875, -17.125 ], [ 145.625, -17.125 ], [ 145.625, -16.625 ], [ 145.875, -16.625 ] ] ], [ [ [ 145.375, -16.625 ], [ 145.375, -17.125 ], [ 145.125, -17.125 ], [ 145.125, -18.375 ], [ 144.875, -18.375 ], [ 144.875, -18.625 ], [ 144.625, -18.625 ], [ 144.625, -18.875 ], [ 144.125, -18.875 ], [ 144.125, -19.125 ], [ 143.875, -19.125 ], [ 143.875, -19.375 ], [ 143.375, -19.375 ], [ 143.375, -18.375 ], [ 143.125, -18.375 ], [ 143.125, -18.125 ], [ 142.875, -18.125 ], [ 142.875, -17.625 ], [ 142.625, -17.625 ], [ 142.625, -16.625 ], [ 142.375, -16.625 ], [ 142.375, -16.375 ], [ 142.125, -16.375 ], [ 142.125, -16.125 ], [ 141.875, -16.125 ], [ 141.875, -15.625 ], [ 141.625, -15.625 ], [ 141.625, -14.125 ], [ 141.375, -14.125 ], [ 141.375, -13.625 ], [ 141.125, -13.625 ], [ 141.125, -12.875 ], [ 141.375, -12.875 ], [ 141.375, -12.125 ], [ 141.625, -12.125 ], [ 141.625, -11.125 ], [ 141.875, -11.125 ], [ 141.875, -10.875 ], [ 142.125, -10.875 ], [ 142.125, -11.625 ], [ 141.875, -11.625 ], [ 141.875, -13.625 ], [ 142.125, -13.625 ], [ 142.125, -14.375 ], [ 142.375, -14.375 ], [ 142.375, -14.875 ], [ 143.125, -14.875 ], [ 143.125, -14.625 ], [ 143.625, -14.625 ], [ 143.625, -15.125 ], [ 143.875, -15.125 ], [ 143.875, -15.375 ], [ 144.125, -15.375 ], [ 144.125, -15.625 ], [ 144.375, -15.625 ], [ 144.375, -16.375 ], [ 144.125, -16.375 ], [ 144.125, -16.875 ], [ 144.875, -16.875 ], [ 144.875, -16.625 ], [ 145.125, -16.625 ], [ 145.125, -16.125 ], [ 145.375, -16.125 ], [ 145.375, -16.375 ], [ 145.625, -16.375 ], [ 145.625, -16.625 ], [ 145.375, -16.625 ] ], [ [ 143.875, -17.375 ], [ 144.625, -17.375 ], [ 144.625, -17.125 ], [ 143.875, -17.125 ], [ 143.875, -17.375 ] ] ] ] } },
{ "type": "Feature", "properties": { "cluster_id": 4, "cohesion": 8.5311386439412491, "distances": { "1": 18.90891003463502, "2": 26.70425412361443, "3": 23.044044234907467, "5": 13.045817225583196, "6": 19.48332768759154, "7": 25.606418457886207, "8": 27.660800882331685, "9": 18.195001503537913, "10": 21.375803011387013, "11": 24.799058171237643, "12": 24.977152331490775, "13": 13.437887213213756, "14": 16.220798630858578, "15": 24.52440326629251, "16": 25.32992173699014, "17": 43.61247128959111, "18": 39.10267855167915, "19": 43.80703024747041, "20": 45.2142581835126, "21": 50.28942022525956, "22": 48.22251775886547, "23": 45.59103447819432, "24": 47.78917234341921, "25": 51.473295626106676, "26": 50.196456988997674, "27": 32.12588965716056, "28": 42.445957341667935, "29": 37.963010383776535, "30": 48.577409907828645, "31": 48.173412925738376, "32": 42.63911875422553, "33": 45.54856181255764, "34": 50.78501958048963, "35": 45.44712768950653, "36": 50.697130556356136, "37": 49.53436390338684, "38": 50.344739447845704, "39": 50.86632103687586, "40": 44.80034135994982, "41": 40.75811364261436, "42": 43.43865989063538, "43": 45.787109549739945, "44": 49.25765515819195, "45": 35.16836782301342, "46": 32.64811600476694, "47": 32.25257091114056, "48": 32.7890788110939, "49": 31.58681162161097, "50": 31.461418637620795, "51": 33.82256755466288, "52": 34.08595829155131, "53": 30.65339929147799, "54": 29.760571667132766, "55": 41.21089493401005, "56": 46.26915143520989, "57": 39.49300709325066, "58": 42.491234914379426, "59": 35.39530471928827, "60": 41.00370521851262, "61": 34.540259855256615, "62": 33.54758887332951, "63": 31.069111222117908, "64": 36.49840448765982, "65": 32.6122556041944, "66": 39.20685877098606, "67": 39.478160890870484 } }, "geometry": { "type": "MultiPolygon", "coordinates": [ [ [ [ 141.375, -15.125 ], [ 141.375, -15.625 ], [ 141.625, -15.625 ], [ 141.625, -16.125 ], [ 141.875, -16.125 ], [ 141.875, -17.625 ], [ 142.125, -17.625 ], [ 142.125, -18.375 ], [ 142.375, -18.375 ], [ 142.375, -18.875 ], [ 142.625, -18.875 ], [ 142.625, -19.625 ], [ 142.875, -19.625 ], [ 142.875, -20.125 ], [ 142.375, -20.125 ], [ 142.375, -19.375 ], [ 142.125, -19.375 ], [ 142.125, -18.875 ], [ 141.875, -18.875 ], [ 141.875, -18.625 ], [ 141.625, -18.625 ], [ 141.625, -18.125 ], [ 141.375, -18.125 ], [ 141.375, -17.875 ], [ 141.125, -17.875 ], [ 141.125, -17.625 ], [ 140.375, -17.625 ], [ 140.375, -17.375 ], [ 140.625, -17.375 ], [ 140.625, -16.875 ], [ 140.875, -16.875 ], [ 140.875, -15.875 ], [ 141.125, -15.875 ], [ 141.125, -15.125 ], [ 141.375, -15.125 ] ] ], [ [ [ 133.875, -11.875 ], [ 133.875, -12.125 ], [ 135.625, -12.125 ], [ 135.625, -12.375 ], [ 135.875, -12.375 ], [ 135.875, -12.875 ], [ 135.625, -12.875 ], [ 135.625, -13.125 ], [ 135.375, -13.125 ], [ 135.375, -13.375 ], [ 134.875, -13.375 ], [ 134.875, -13.125 ], [ 133.875, -13.125 ], [ 133.875, -13.375 ], [ 133.625, -13.375 ], [ 133.625, -13.625 ], [ 133.375, -13.625 ], [ 133.375, -14.125 ], [ 133.125, -14.125 ], [ 133.125, -14.375 ], [ 132.875, -14.375 ], [ 132.875, -14.625 ], [ 132.625, -14.625 ], [ 132.625, -14.875 ], [ 132.375, -14.875 ], [ 132.375, -15.375 ], [ 132.625, -15.375 ], [ 132.625, -16.125 ], [ 132.125, -16.125 ], [ 132.125, -15.875 ], [ 131.625, -15.875 ], [ 131.625, -16.125 ], [ 131.375, -16.125 ], [ 131.375, -15.375 ], [ 130.875, -15.375 ], [ 130.875, -14.625 ], [ 130.375, -14.625 ], [ 130.375, -14.875 ], [ 129.875, -14.875 ], [ 129.875, -14.125 ], [ 130.125, -14.125 ], [ 130.125, -13.875 ], [ 130.375, -13.875 ], [ 130.375, -13.625 ], [ 130.875, -13.625 ], [ 130.875, -13.375 ], [ 131.125, -13.375 ], [ 131.125, -13.125 ], [ 131.875, -13.125 ], [ 131.875, -12.875 ], [ 132.125, -12.875 ], [ 132.125, -12.625 ], [ 132.625, -12.625 ], [ 132.625, -12.375 ], [ 133.125, -12.375 ], [ 133.125, -11.875 ], [ 133.875, -11.875 ] ] ] ] } },
{ "type": "Feature", "properties": { "cluster_id": 5, "cohesion": 9.8110680516314019, "distances": { "1": 24.18043877268628, "2": 29.749277395282576, "3": 27.757848727265607, "4": 13.04581722558319, "6": 16.42529344538226, "7": 24.194971707552103, "8": 22.932388391475673, "9": 15.10360224498097, "10": 15.33008514448466, "11": 20.619680108297377, "12": 23.14609055338759, "13": 17.9731780055598, "14": 16.942891919996242, "15": 24.042894321181283, "16": 26.837373473021785, "17": 44.52070551459275, "18": 41.796206806921596, "19": 45.824188013749236, "20": 47.44968792549479, "21": 51.743535220109074, "22": 47.37848585724638, "23": 45.222002481287255, "24": 48.55170768220119, "25": 52.1003230503879, "26": 50.06549833860148, "27": 34.57557781120832, "28": 43.39053584359431, "29": 39.71353016008982, "30": 49.920524365722045, "31": 48.570700589283675, "32": 44.468368243645315, "33": 47.47905449571635, "34": 51.798870047474786, "35": 44.09002305730386, "36": 50.64269590546208, "37": 48.91156994366767, "38": 51.280435655475884, "39": 51.01216583071241, "40": 44.816702429137386, "41": 41.34927676632614, "42": 42.94172406383299, "43": 45.70584254557461, "44": 48.83442620617199, "45": 36.04612051000769, "46": 34.97059004495444, "47": 33.28973029835171, "48": 32.30766000257627, "49": 31.49795020418558, "50": 31.31927198441968, "51": 33.35341986230654, "52": 36.32309733894967, "53": 32.712275502409774, "54": 30.30474689445777, "55": 39.50791616324706, "56": 44.954355684423966, "57": 39.04174833584183, "58": 42.09827202954254, "59": 33.082813370933025, "60": 38.394064667194584, "61": 30.743751323829002, "62": 33.897862353078466, "63": 29.99328605455285, "64": 35.32643694200303, "65": 29.04074041103279, "66": 36.57375466812433, "67": 37.81627774951454 } }, "geometry": { "type": "MultiPolygon", "coordinates": [ [ [ [ 130.375, -14.875 ], [ 130.375, -14.625 ], [ 130.875, -14.625 ], [ 130.875, -15.375 ], [ 131.375, -15.375 ], [ 131.375, -16.125 ], [ 131.625, -16.125 ], [ 131.625, -15.875 ], [ 132.125, -15.875 ], [ 132.125, -16.125 ], [ 132.625, -16.125 ], [ 132.625, -15.375 ], [ 132.375, -15.375 ], [ 132.375, -14.875 ], [ 132.625, -14.875 ], [ 132.625, -15.125 ], [ 132.875, -15.125 ], [ 132.875, -15.375 ], [ 133.875, -15.375 ], [ 133.875, -15.625 ], [ 134.125, -15.625 ], [ 134.125, -15.375 ], [ 134.375, -15.375 ], [ 134.375, -15.125 ], [ 134.625, -15.125 ], [ 134.625, -14.875 ], [ 135.375, -14.875 ], [ 135.375, -15.125 ], [ 136.375, -15.125 ], [ 136.375, -15.375 ], [ 136.625, -15.375 ], [ 136.625, -15.625 ], [ 137.375, -15.625 ], [ 137.375, -15.875 ], [ 137.875, -15.875 ], [ 137.875, -16.125 ], [ 138.125, -16.125 ], [ 138.125, -16.375 ], [ 138.875, -16.375 ], [ 138.875, -16.625 ], [ 139.125, -16.625 ], [ 139.125, -16.875 ], [ 139.375, -16.875 ], [ 139.375, -17.125 ], [ 139.625, -17.125 ], [ 139.625, -17.375 ], [ 140.375, -17.375 ], [ 140.375, -17.625 ], [ 141.125, -17.625 ], [ 141.125, -17.875 ], [ 141.375, -17.875 ], [ 141.375, -18.125 ], [ 141.625, -18.125 ], [ 141.625, -18.625 ], [ 141.875, -18.625 ], [ 141.875, -18.875 ], [ 142.125, -18.875 ], [ 142.125, -19.375 ], [ 142.375, -19.375 ], [ 142.375, -20.125 ], [ 141.625, -20.125 ], [ 141.625, -20.625 ], [ 141.375, -20.625 ], [ 141.375, -21.125 ], [ 140.375, -21.125 ], [ 140.375, -20.875 ], [ 139.125, -20.875 ], [ 139.125, -20.625 ], [ 138.875, -20.625 ], [ 138.875, -20.375 ], [ 138.625, -20.375 ], [ 138.625, -20.125 ], [ 138.375, -20.125 ], [ 138.375, -19.875 ], [ 138.125, -19.875 ], [ 138.125, -20.125 ], [ 137.625, -20.125 ], [ 137.625, -19.875 ], [ 137.125, -19.875 ], [ 137.125, -19.375 ], [ 135.875, -19.375 ], [ 135.875, -19.125 ], [ 134.875, -19.125 ], [ 134.875, -19.375 ], [ 132.875, -19.375 ], [ 132.875, -19.125 ], [ 130.875, -19.125 ], [ 130.875, -18.875 ], [ 130.125, -18.875 ], [ 130.125, -19.125 ], [ 128.625, -19.125 ], [ 128.625, -18.625 ], [ 128.375, -18.625 ], [ 128.375, -17.625 ], [ 128.625, -17.625 ], [ 128.625, -16.625 ], [ 128.875, -16.625 ], [ 128.875, -15.875 ], [ 128.375, -15.875 ], [ 128.375, -15.125 ], [ 128.625, -15.125 ], [ 128.625, -14.875 ], [ 129.625, -14.875 ], [ 129.625, -14.125 ], [ 129.875, -14.125 ], [ 129.875, -14.875 ], [ 130.375, -14.875 ] ] ], [ [ [ 129.875, -13.875 ], [ 130.125, -13.875 ], [ 130.125, -14.125 ], [ 129.875, -14.125 ], [ 129.875, -13.875 ] ] ], [ [ [ 130.375, -13.875 ], [ 130.125, -13.875 ], [ 130.125, -13.625 ], [ 130.375, -13.625 ], [ 130.375, -13.875 ] ] ], [ [ [ 134.875, -13.375 ], [ 135.375, -13.375 ], [ 135.375, -13.625 ], [ 135.125, -13.625 ], [ 135.125, -13.875 ], [ 134.875, -13.875 ], [ 134.875, -14.125 ], [ 134.375, -14.125 ], [ 134.375, -13.125 ], [ 134.875, -13.125 ], [ 134.875, -13.375 ] ] ], [ [ [ 130.875, -13.625 ], [ 130.375, -13.625 ], [ 130.375, -13.375 ], [ 130.625, -13.375 ], [ 130.625, -13.125 ], [ 131.125, -13.125 ], [ 131.125, -13.375 ], [ 130.875, -13.375 ], [ 130.875, -13.625 ] ] ], [ [ [ 131.875, -13.125 ], [ 131.125, -13.125 ], [ 131.125, -12.875 ], [ 131.875, -12.875 ], [ 131.875, -13.125 ] ] ] ] } },
{ "type": "Feature", "properties": { "cluster_id": 6, "cohesion": 9.0510530766706356, "distances": { "1": 22.659505945916994, "2": 23.13582873597127, "3": 23.96488824809713, "4": 19.483327687591544, "5": 16.425293445382255, "7": 13.954498781386324, "8": 18.019538634394024, "9": 19.756025360177397, "10": 15.19467023851051, "11": 20.984079519458906, "12": 24.544413545351553, "13": 20.450662855599845, "14": 19.61144169826867, "15": 24.180499855394782, "16": 24.90497960255735, "17": 40.45739499289193, "18": 38.913046227704655, "19": 42.042506221456996, "20": 42.37173302985396, "21": 46.01487716193256, "22": 40.35040560338227, "23": 39.41137069226078, "24": 43.8448922528236, "25": 46.32610398296247, "26": 44.00313903037487, "27": 30.797846156704836, "28": 37.67993220728056, "29": 34.62000178707455, "30": 43.641644243424004, "31": 42.287208014054066, "32": 38.395399693527594, "33": 41.2522571246836, "34": 44.81198724464528, "35": 37.449651212207044, "36": 44.06001465981265, "37": 41.763310000648154, "38": 44.52947033455309, "39": 44.25214135816691, "40": 38.71684589703142, "41": 36.03357415428323, "42": 37.9702378087984, "43": 39.77477530936031, "44": 42.69353454320308, "45": 28.04147260439481, "46": 27.656079902727125, "47": 26.828527516986753, "48": 24.46627047217912, "49": 26.339527519249035, "50": 28.994226761332644, "51": 28.94180036237243, "52": 34.742020234556584, "53": 29.817856472114048, "54": 28.97028565541585, "55": 31.023426307792683, "56": 37.24103510742397, "57": 32.94086535014201, "58": 34.81663054380837, "59": 23.574014348073568, "60": 30.71023495325779, "61": 23.638475067394484, "62": 30.231354324572848, "63": 28.85877389950471, "64": 32.16439971672056, "65": 25.62479533671673, "66": 31.211725003928603, "67": 33.64069913392903 } }, "geometry": { "type": "Polygon", "coordinates": [ [ [ 142.875, -19.875 ], [ 142.875, -20.125 ], [ 141.625, -20.125 ], [ 141.625, -20.625 ], [ 141.375, -20.625 ], [ 141.375, -21.125 ], [ 140.375, -21.125 ], [ 140.375, -20.875 ], [ 139.125, -20.875 ], [ 139.125, -20.625 ], [ 138.875, -20.625 ], [ 138.875, -20.375 ], [ 138.375, -20.375 ], [ 138.375, -20.625 ], [ 138.625, -20.625 ], [ 138.625, -21.375 ], [ 138.875, -21.375 ], [ 138.875, -21.875 ], [ 140.625, -21.875 ], [ 140.625, -21.625 ], [ 140.875, -21.625 ], [ 140.875, -21.875 ], [ 142.375, -21.875 ], [ 142.375, -21.375 ], [ 143.125, -21.375 ], [ 143.125, -19.875 ], [ 142.875, -19.875 ] ] ] } },
{ "type": "Feature", "properties": { "cluster_id": 7, "cohesion": 8.0158196982204011, "distances": { "1": 23.239301063618836, "2": 17.793526655225058, "3": 21.54601526592781, "4": 25.606418457886207, "5": 24.1949717075521, "6": 13.954498781386325, "8": 20.011685320630416, "9": 24.078295054744423, "10": 22.32540153479907, "11": 23.454705371934526, "12": 25.707671457162963, "13": 22.70306419105857, "14": 21.664770637717393, "15": 23.397208685034958, "16": 22.336877465596185, "17": 35.53723968003372, "18": 34.71832077382716, "19": 36.73107596646149, "20": 35.565955887443735, "21": 38.67980959132418, "22": 33.12722199075308, "23": 32.992882528601925, "24": 37.93828350875842, "25": 39.13956836616514, "26": 37.21983274189385, "27": 27.419642649687134, "28": 32.57308832507978, "29": 30.075010019008122, "30": 37.06310753942421, "31": 36.07539648305053, "32": 32.03535058757383, "33": 33.80643193358194, "34": 37.203925636287984, "35": 31.479601085517672, "36": 36.57475384942921, "37": 34.31991698851404, "38": 36.64656923672886, "39": 37.225755649808896, "40": 32.154981228173206, "41": 29.670583011289306, "42": 32.675412579764995, "43": 33.856286575265244, "44": 36.42481760248584, "45": 19.374157943180506, "46": 20.310544031836276, "47": 21.16694319129921, "48": 16.84088642383533, "49": 22.295174538276584, "50": 27.49931778362952, "51": 25.125119870689772, "52": 32.593431620969525, "53": 27.49235277075915, "54": 28.38077578713309, "55": 24.127545968044075, "56": 30.203546302406128, "57": 27.03758150582502, "58": 26.77969306457298, "59": 16.623102158872314, "60": 25.583557381143727, "61": 21.787371534848468, "62": 25.610221842917824, "63": 27.351321888963636, "64": 28.670023164190873, "65": 24.58854513829611, "66": 27.520226539899937, "67": 29.82447106233504 } }, "geometry": { "type": "Polygon", "coordinates": [ [ [ 143.125, -20.125 ], [ 143.125, -21.375 ], [ 142.375, -21.375 ], [ 142.375, -21.875 ], [ 140.875, -21.875 ], [ 140.875, -21.625 ], [ 140.625, -21.625 ], [ 140.625, -21.875 ], [ 140.125, -21.875 ], [ 140.125, -22.125 ], [ 140.375, -22.125 ], [ 140.375, -22.375 ], [ 140.625, -22.375 ], [ 140.625, -22.625 ], [ 141.125, -22.625 ], [ 141.125, -22.375 ], [ 141.625, -22.375 ], [ 141.625, -22.625 ], [ 141.875, -22.625 ], [ 141.875, -23.125 ], [ 142.125, -23.125 ], [ 142.125, -23.375 ], [ 142.875, -23.375 ], [ 142.875, -23.125 ], [ 143.125, -23.125 ], [ 143.125, -22.875 ], [ 143.375, -22.875 ], [ 143.375, -22.125 ], [ 143.125, -22.125 ], [ 143.125, -21.625 ], [ 143.375, -21.625 ], [ 143.375, -21.375 ], [ 143.625, -21.375 ], [ 143.625, -20.625 ], [ 143.375, -20.625 ], [ 143.375, -20.125 ], [ 143.125, -20.125 ] ] ] } },
{ "type": "Feature", "properties": { "cluster_id": 8, "cohesion": 9.7282918018884281, "distances": { "1": 31.286354708499413, "2": 30.103402595370124, "3": 31.430501967825464, "4": 27.66080088233169, "5": 22.932388391475673, "6": 18.01953863439402, "7": 20.011685320630416, "9": 19.047471094044486, "10": 13.89949655339526, "11": 14.054654901469432, "12": 21.300456206130058, "13": 25.61070335592995, "14": 21.90311237690949, "15": 22.336256102914298, "16": 24.940271160318513, "17": 37.94708106420372, "18": 40.04361901416845, "19": 41.32290286624447, "20": 42.102659518361, "21": 43.72773512432761, "22": 34.93290631442814, "23": 35.91365782040669, "24": 40.690136696027295, "25": 42.0496192218765, "26": 38.70779503305336, "27": 33.88549344450622, "28": 37.38143867871751, "29": 36.30161796289336, "30": 43.071606958105406, "31": 39.73878409236181, "32": 39.39340598410951, "33": 41.2465279943078, "34": 42.81838478329911, "35": 29.969140712705507, "36": 38.65608939850782, "37": 35.50866950977223, "38": 41.81953291094794, "39": 40.042876168869235, "40": 35.549701163530116, "41": 34.05068721590537, "42": 32.945778204311004, "43": 36.38304781420336, "44": 37.19405807788797, "45": 30.95033216222448, "46": 32.30983225151964, "47": 30.305725758317887, "48": 26.94962463743764, "49": 27.348061889345708, "50": 28.81918204726664, "51": 27.15789838902976, "52": 35.94335054138229, "53": 31.077956868651967, "54": 29.161332002902604, "55": 25.399267013610636, "56": 30.377843207138138, "57": 31.35613559186376, "58": 33.092137776452404, "59": 20.26786733062425, "60": 21.603613047121772, "61": 13.199434506737513, "62": 28.58868646272078, "63": 24.564648521714318, "64": 26.427109343713557, "65": 15.093902163412283, "66": 21.32219541543114, "67": 25.803461708062976 } }, "geometry": { "type": "Polygon", "coordinates": [ [ [ 129.875, -19.625 ], [ 129.875, -19.875 ], [ 128.875, -19.875 ], [ 128.875, -20.125 ], [ 128.125, -20.125 ], [ 128.125, -20.375 ], [ 128.625, -20.375 ], [ 128.625, -20.875 ], [ 128.875, -20.875 ], [ 128.875, -21.625 ], [ 129.875, -21.625 ], [ 129.875, -21.875 ], [ 130.125, -21.875 ], [ 130.125, -22.125 ], [ 130.875, -22.125 ], [ 130.875, -22.375 ], [ 131.625, -22.375 ], [ 131.625, -22.125 ], [ 132.875, -22.125 ], [ 132.875, -21.875 ], [ 136.125, -21.875 ], [ 136.125, -22.125 ], [ 136.625, -22.125 ], [ 136.625, -21.875 ], [ 137.625, -21.875 ], [ 137.625, -22.125 ], [ 138.125, -22.125 ], [ 138.125, -22.375 ], [ 138.375, -22.375 ], [ 138.375, -22.625 ], [ 140.125, -22.625 ], [ 140.125, -22.375 ], [ 140.375, -22.375 ], [ 140.375, -22.125 ], [ 140.125, -22.125 ], [ 140.125, -21.875 ], [ 138.875, -21.875 ], [ 138.875, -21.375 ], [ 138.625, -21.375 ], [ 138.625, -21.125 ], [ 137.625, -21.125 ], [ 137.625, -20.875 ], [ 136.125, -20.875 ], [ 136.125, -21.125 ], [ 134.875, -21.125 ], [ 134.875, -21.375 ], [ 133.625, -21.375 ], [ 133.625, -21.125 ], [ 132.125, -21.125 ], [ 132.125, -21.625 ], [ 131.375, -21.625 ], [ 131.375, -21.375 ], [ 131.125, -21.375 ], [ 131.125, -20.625 ], [ 130.875, -20.625 ], [ 130.875, -20.375 ], [ 130.625, -20.375 ], [ 130.625, -20.125 ], [ 130.375, -20.125 ], [ 130.375, -19.625 ], [ 129.875, -19.625 ] ] ] } },
{ "type": "Feature", "properties": { "cluster_id": 9, "cohesion": 6.9615330663153552, "distances": { "1": 26.527482853515856, "2": 29.067010259210623, "3": 28.226947266946567, "4": 18.195001503537913, "5": 15.10360224498097, "6": 19.75602536017739, "7": 24.078295054744423, "8": 19.047471094044482, "10": 16.291138360319476, "11": 12.22806875795528, "12": 13.794047909098143, "13": 18.057804142392122, "14": 12.652795088904933, "15": 15.075498613251183, "16": 21.187469069865397, "17": 39.1076002523495, "18": 37.97647927790824, "19": 40.75760811531999, "20": 42.28237055693588, "21": 45.65662091879266, "22": 41.47406368315505, "23": 39.86715917635698, "24": 42.606296217709954, "25": 45.50166896397646, "26": 43.67617920700494, "27": 33.02272019271419, "28": 40.01284562733237, "29": 37.38504738633999, "30": 45.514512520963955, "31": 43.44787496153788, "32": 40.96648398816414, "33": 42.71943539311551, "34": 46.52408741837601, "35": 37.44507982308315, "36": 44.0460698617515, "37": 42.59282932513289, "38": 45.467882076348964, "39": 44.92904374591036, "40": 38.88615890023771, "41": 35.20857959571273, "42": 35.73436282819945, "43": 39.99255540893264, "44": 42.096173505449826, "45": 32.79625982381021, "46": 32.842138834688136, "47": 31.644947387914897, "48": 29.70484494926942, "49": 29.122490470239068, "50": 28.459153946665968, "51": 29.267551533259958, "52": 33.203273894480375, "53": 30.3013272641813, "54": 27.53247764461429, "55": 35.053011704221774, "56": 39.22156367418491, "57": 35.22840971435104, "58": 37.50430545158371, "59": 29.80313709672733, "60": 32.86737220414223, "61": 26.149647806366893, "62": 27.34796467831736, "63": 21.703952749230417, "64": 27.064259742137224, "65": 21.191629876344948, "66": 29.2451128681048, "67": 29.924738716547864 } }, "geometry": { "type": "Polygon", "coordinates": [ [ [ 128.125, -15.375 ], [ 128.125, -15.625 ], [ 127.875, -15.625 ], [ 127.875, -16.125 ], [ 128.125, -16.125 ], [ 128.125, -16.375 ], [ 127.875, -16.375 ], [ 127.875, -16.625 ], [ 127.625, -16.625 ], [ 127.625, -16.125 ], [ 127.125, -16.125 ], [ 127.125, -16.375 ], [ 126.875, -16.375 ], [ 126.875, -16.625 ], [ 126.625, -16.625 ], [ 126.625, -16.875 ], [ 126.375, -16.875 ], [ 126.375, -17.125 ], [ 126.125, -17.125 ], [ 126.125, -17.625 ], [ 125.875, -17.625 ], [ 125.875, -17.875 ], [ 125.375, -17.875 ], [ 125.375, -17.625 ], [ 125.625, -17.625 ], [ 125.625, -16.625 ], [ 125.875, -16.625 ], [ 125.875, -16.125 ], [ 125.625, -16.125 ], [ 125.625, -15.875 ], [ 125.375, -15.875 ], [ 125.375, -16.125 ], [ 125.125, -16.125 ], [ 125.125, -16.375 ], [ 124.625, -16.375 ], [ 124.625, -16.875 ], [ 124.875, -16.875 ], [ 124.875, -17.375 ], [ 124.625, -17.375 ], [ 124.625, -18.125 ], [ 124.875, -18.125 ], [ 124.875, -18.375 ], [ 125.625, -18.375 ], [ 125.625, -19.125 ], [ 125.875, -19.125 ], [ 125.875, -19.625 ], [ 127.125, -19.625 ], [ 127.125, -19.375 ], [ 127.375, -19.375 ], [ 127.375, -19.125 ], [ 127.625, -19.125 ], [ 127.625, -18.875 ], [ 128.125, -18.875 ], [ 128.125, -19.375 ], [ 128.375, -19.375 ], [ 128.375, -19.125 ], [ 128.625, -19.125 ], [ 128.625, -18.625 ], [ 128.375, -18.625 ], [ 128.375, -17.625 ], [ 128.625, -17.625 ], [ 128.625, -16.625 ], [ 128.875, -16.625 ], [ 128.875, -15.875 ], [ 128.375, -15.875 ], [ 128.375, -15.375 ], [ 128.125, -15.375 ] ] ] } },
{ "type": "Feature", "properties": { "cluster_id": 10, "cohesion": 8.2391740989302633, "distances": { "1": 29.087553766751384, "2": 31.661516908049514, "3": 31.355832655773384, "4": 21.37580301138701, "5": 15.330085144484663, "6": 15.19467023851051, "7": 22.32540153479907, "8": 13.89949655339526, "9": 16.29113836031947, "11": 15.928706411001022, "12": 22.537818085155603, "13": 23.132658323968872, "14": 20.52608874668892, "15": 24.527599531795733, "16": 27.60331323988924, "17": 43.2946713586235, "18": 43.24579826738695, "19": 46.04098158068675, "20": 47.49940346759702, "21": 50.42263568716578, "22": 43.04434801892138, "23": 42.56331980658804, "24": 46.92300340071244, "25": 49.60293788692204, "26": 46.52553022762459, "27": 35.79916752458325, "28": 41.85185459461975, "29": 39.53790860933923, "30": 48.56883504415753, "31": 45.94130660468871, "32": 44.01561538629119, "33": 46.92677995998434, "34": 49.60076045437535, "35": 38.53716100815063, "36": 46.96530073361896, "37": 44.230779596614184, "38": 49.07494323030863, "39": 47.56828895916361, "40": 42.222299226492076, "41": 40.01738923131415, "42": 39.76471502136474, "43": 42.80983283809799, "44": 44.86207727723161, "45": 35.63356850231748, "46": 35.7043930447887, "47": 33.3753332501543, "48": 31.190438781453377, "49": 30.649121939006267, "50": 31.03001836793598, "51": 31.592469109263376, "52": 37.87698006831008, "53": 33.251808699721764, "54": 30.625904939997433, "55": 33.517086854155174, "56": 39.20018588987891, "57": 36.786579064514804, "58": 39.67663721124563, "59": 27.304820233576827, "60": 30.70377771305526, "61": 21.418748052279316, "62": 33.312222291939236, "63": 28.413555211541777, "64": 32.37615370837395, "65": 22.109647167781905, "66": 29.769007018515754, "67": 33.066219137025264 } }, "geometry": { "type": "Polygon", "coordinates": [ [ [ 130.125, -18.875 ], [ 130.125, -19.125 ], [ 128.375, -19.125 ], [ 128.375, -19.625 ], [ 129.125, -19.625 ], [ 129.125, -19.875 ], [ 129.875, -19.875 ], [ 129.875, -19.625 ], [ 130.375, -19.625 ], [ 130.375, -20.125 ], [ 130.625, -20.125 ], [ 130.625, -20.375 ], [ 130.875, -20.375 ], [ 130.875, -20.625 ], [ 131.125, -20.625 ], [ 131.125, -21.375 ], [ 131.375, -21.375 ], [ 131.375, -21.625 ], [ 132.125, -21.625 ], [ 132.125, -21.125 ], [ 133.625, -21.125 ], [ 133.625, -21.375 ], [ 134.875, -21.375 ], [ 134.875, -21.125 ], [ 136.125, -21.125 ], [ 136.125, -20.875 ], [ 137.625, -20.875 ], [ 137.625, -21.125 ], [ 138.625, -21.125 ], [ 138.625, -20.625 ], [ 138.375, -20.625 ], [ 138.375, -20.375 ], [ 138.625, -20.375 ], [ 138.625, -20.125 ], [ 138.375, -20.125 ], [ 138.375, -19.875 ], [ 138.125, -19.875 ], [ 138.125, -20.125 ], [ 137.625, -20.125 ], [ 137.625, -19.875 ], [ 137.125, -19.875 ], [ 137.125, -19.375 ], [ 135.875, -19.375 ], [ 135.875, -19.125 ], [ 134.875, -19.125 ], [ 134.875, -19.375 ], [ 132.875, -19.375 ], [ 132.875, -19.125 ], [ 130.875, -19.125 ], [ 130.875, -18.875 ], [ 130.125, -18.875 ] ] ] } },
{ "type": "Feature", "properties": { "cluster_id": 11, "cohesion": 6.1203294704682429, "distances": { "1": 29.676584319249294, "2": 30.163866655353296, "3": 30.293827819925166, "4": 24.799058171237647, "5": 20.619680108297377, "6": 20.984079519458902, "7": 23.45470537193453, "8": 14.054654901469428, "9": 12.22806875795528, "10": 15.928706411001022, "12": 12.760753246042835, "13": 23.283627068705403, "14": 17.825110048466403, "15": 16.766417580239093, "16": 22.986161507472232, "17": 36.31312252240327, "18": 37.24132403249341, "19": 38.95158530041931, "20": 40.569410746384605, "21": 42.790662925109245, "22": 36.77619388517901, "23": 36.21808258602398, "24": 39.34544519693304, "25": 41.522789447269574, "26": 39.24798110176332, "27": 33.96456162624213, "28": 38.79076838051469, "29": 37.39983576245754, "30": 44.09290182831641, "31": 40.81161829730871, "32": 40.26069495842069, "33": 41.215533463305114, "34": 44.00040642201528, "35": 31.744163096192082, "36": 39.39885098662317, "37": 37.53362275041926, "38": 42.26972126599404, "39": 41.213627347164746, "40": 35.16767283048681, "41": 32.217445064128526, "42": 31.30982538137265, "43": 36.67596690683741, "44": 37.43334636723068, "45": 31.53395565359868, "46": 32.693828616326705, "47": 31.20798657089187, "48": 28.229047331804047, "49": 27.934587078985736, "50": 27.24021358844952, "51": 26.836532913890167, "52": 32.66607297585373, "53": 29.4626510188728, "54": 26.651887399459405, "55": 30.1923237206223, "56": 33.882393966789856, "57": 32.526628444337405, "58": 34.24451813728641, "59": 25.626324974884717, "60": 26.646418700502075, "61": 20.07718557726906, "62": 25.015187436629425, "63": 17.840597961724974, "64": 21.899397190637956, "65": 12.85417462661323, "66": 21.87459686063811, "67": 23.23077168572235 } }, "geometry": { "type": "Polygon", "coordinates": [ [ [ 127.625, -18.875 ], [ 127.625, -19.125 ], [ 127.375, -19.125 ], [ 127.375, -19.375 ], [ 127.125, -19.375 ], [ 127.125, -19.625 ], [ 125.875, -19.625 ], [ 125.875, -19.375 ], [ 125.375, -19.375 ], [ 125.375, -19.875 ], [ 125.625, -19.875 ], [ 125.625, -20.125 ], [ 125.875, -20.125 ], [ 125.875, -20.375 ], [ 125.125, -20.375 ], [ 125.125, -20.625 ], [ 125.375, -20.625 ], [ 125.375, -20.875 ], [ 125.125, -20.875 ], [ 125.125, -21.125 ], [ 125.375, -21.125 ], [ 125.375, -21.375 ], [ 126.375, -21.375 ], [ 126.375, -21.625 ], [ 126.875, -21.625 ], [ 126.875, -21.375 ], [ 127.625, -21.375 ], [ 127.625, -21.625 ], [ 127.875, -21.625 ], [ 127.875, -21.375 ], [ 128.125, -21.375 ], [ 128.125, -21.125 ], [ 128.375, -21.125 ], [ 128.375, -20.875 ], [ 128.625, -20.875 ], [ 128.625, -20.375 ], [ 128.125, -20.375 ], [ 128.125, -20.125 ], [ 128.875, -20.125 ], [ 128.875, -19.875 ], [ 129.125, -19.875 ], [ 129.125, -19.625 ], [ 128.375, -19.625 ], [ 128.375, -19.375 ], [ 128.125, -19.375 ], [ 128.125, -18.875 ], [ 127.625, -18.875 ] ] ] } },
{ "type": "Feature", "properties": { "cluster_id": 12, "cohesion": 8.2260584931764207, "distances": { "1": 28.171349547318282, "2": 28.919197044473677, "3": 28.467336932226537, "4": 24.977152331490775, "5": 23.146090553387587, "6": 24.544413545351546, "7": 25.70767145716296, "8": 21.30045620613006, "9": 13.794047909098147, "10": 22.537818085155603, "11": 12.760753246042835, "13": 22.45339769819458, "14": 17.156687327537156, "15": 12.737992547120971, "16": 20.984844463957057, "17": 33.50793207541383, "18": 33.22170364909116, "19": 35.41516912085735, "20": 37.449906817021834, "21": 40.33064014228977, "22": 36.8687586995237, "23": 35.15254040802744, "24": 36.845875202229955, "25": 39.80758325646258, "26": 38.379767192497006, "27": 32.04727526093668, "28": 37.663089048425036, "29": 36.007497095300046, "30": 42.283640572557104, "31": 39.5124436456087, "32": 38.36872754860175, "33": 38.942960470821184, "34": 42.67072643413472, "35": 32.94355024910774, "36": 38.75847691957971, "37": 37.79921232936641, "38": 40.85537470628, "39": 40.45519626988054, "40": 32.82571723302405, "41": 28.52851179091105, "42": 29.115492786504568, "43": 35.106384001281626, "44": 36.52167776490116, "45": 30.59720758368118, "46": 31.19354794095301, "47": 30.189438355321002, "48": 28.562201388694806, "49": 27.1393453834223, "50": 25.330602213242834, "51": 25.658467191445187, "52": 28.727541223602536, "53": 26.71211878994673, "54": 24.081412491655573, "55": 32.4803082482793, "56": 35.30915897392082, "57": 31.9107314478404, "58": 33.77532400045679, "59": 28.662713705537914, "60": 30.253056850569713, "61": 25.91856371292247, "62": 20.04730382801849, "63": 12.313195020605798, "64": 18.80204700240862, "65": 17.811162168689528, "66": 24.99270543725659, "67": 23.114001730425958 } }, "geometry": { "type": "Polygon", "coordinates": [ [ [ 124.375, -16.375 ], [ 124.375, -16.625 ], [ 123.875, -16.625 ], [ 123.875, -17.125 ], [ 123.625, -17.125 ], [ 123.625, -17.375 ], [ 123.375, -17.375 ], [ 123.375, -17.625 ], [ 123.125, -17.625 ], [ 123.125, -17.875 ], [ 122.625, -17.875 ], [ 122.625, -17.375 ], [ 122.875, -17.375 ], [ 122.875, -17.125 ], [ 123.125, -17.125 ], [ 123.125, -16.875 ], [ 122.625, -16.875 ], [ 122.625, -17.125 ], [ 122.375, -17.125 ], [ 122.375, -18.125 ], [ 121.875, -18.125 ], [ 121.875, -18.375 ], [ 121.625, -18.375 ], [ 121.625, -18.625 ], [ 121.375, -18.625 ], [ 121.375, -18.875 ], [ 121.125, -18.875 ], [ 121.125, -19.125 ], [ 120.875, -19.125 ], [ 120.875, -19.375 ], [ 120.625, -19.375 ], [ 120.625, -19.625 ], [ 120.375, -19.625 ], [ 120.375, -19.875 ], [ 119.625, -19.875 ], [ 119.625, -20.125 ], [ 119.125, -20.125 ], [ 119.125, -20.375 ], [ 118.625, -20.375 ], [ 118.625, -21.375 ], [ 119.125, -21.375 ], [ 119.125, -21.125 ], [ 119.625, -21.125 ], [ 119.625, -21.375 ], [ 120.375, -21.375 ], [ 120.375, -21.125 ], [ 120.625, -21.125 ], [ 120.625, -20.875 ], [ 121.125, -20.875 ], [ 121.125, -20.625 ], [ 122.375, -20.625 ], [ 122.375, -20.875 ], [ 122.625, -20.875 ], [ 122.625, -21.125 ], [ 123.125, -21.125 ], [ 123.125, -21.375 ], [ 124.125, -21.375 ], [ 124.125, -21.125 ], [ 125.125, -21.125 ], [ 125.125, -20.875 ], [ 125.375, -20.875 ], [ 125.375, -20.625 ], [ 125.125, -20.625 ], [ 125.125, -20.375 ], [ 125.875, -20.375 ], [ 125.875, -20.125 ], [ 125.625, -20.125 ], [ 125.625, -19.875 ], [ 125.375, -19.875 ], [ 125.375, -19.375 ], [ 125.875, -19.375 ], [ 125.875, -19.125 ], [ 125.625, -19.125 ], [ 125.625, -18.375 ], [ 124.875, -18.375 ], [ 124.875, -18.125 ], [ 124.625, -18.125 ], [ 124.625, -17.375 ], [ 124.875, -17.375 ], [ 124.875, -16.875 ], [ 124.625, -16.875 ], [ 124.625, -16.375 ], [ 124.375, -16.375 ] ] ] } },
{ "type": "Feature", "properties": { "cluster_id": 13, "cohesion": 7.9707431067182677, "distances": { "1": 18.61031585876883, "2": 21.90519768571159, "3": 19.95115848853079, "4": 13.437887213213756, "5": 17.973178005559795, "6": 20.450662855599845, "7": 22.70306419105857, "8": 25.610703355929946, "9": 18.057804142392126, "10": 23.132658323968865, "11": 23.283627068705403, "12": 22.45339769819458, "14": 12.533698118449504, "15": 18.86517971281787, "16": 16.085946900114124, "17": 37.39348046349, "18": 33.76940803961461, "19": 37.50055664207739, "20": 37.76949441939979, "21": 42.18865143435667, "22": 41.19422002968071, "23": 39.174976118306105, "24": 41.05297725894118, "25": 43.49235628038802, "26": 42.67125248136824, "27": 26.147194588951432, "28": 34.5535769074571, "29": 30.8691564989715, "30": 40.055274194773865, "31": 39.58793844664452, "32": 34.89964615654541, "33": 37.36682027362063, "34": 41.94797476294734, "35": 37.717321176221624, "36": 42.518852817487534, "37": 41.656790538017646, "38": 41.786790814251624, "39": 41.99399488937321, "40": 36.86303512324694, "41": 33.514982980516926, "42": 35.716710132941216, "43": 37.480949933429855, "44": 40.78018107124594, "45": 28.70609254632048, "46": 26.195395081195468, "47": 26.32918948313091, "48": 27.512540372076558, "49": 26.385632238656353, "50": 27.849813044441483, "51": 28.34639038427622, "52": 30.212618379105436, "53": 25.96790474460363, "54": 26.57141179953235, "55": 35.06429473361748, "56": 39.06715946553969, "57": 33.48556037867194, "58": 35.94833729965176, "59": 30.516446947074467, "60": 34.91442405752662, "61": 30.168395024266587, "62": 27.309329305063944, "63": 26.744200206352417, "64": 30.532337102842746, "65": 28.339331586363073, "66": 33.00138162265485, "67": 33.0662840888089 } }, "geometry": { "type": "MultiPolygon", "coordinates": [ [ [ [ 129.875, -13.875 ], [ 129.875, -13.625 ], [ 130.125, -13.625 ], [ 130.125, -13.875 ], [ 129.875, -13.875 ] ] ], [ [ [ 133.375, -13.875 ], [ 133.375, -13.625 ], [ 133.625, -13.625 ], [ 133.625, -13.875 ], [ 133.375, -13.875 ] ] ], [ [ [ 130.125, -13.625 ], [ 130.125, -13.375 ], [ 130.375, -13.375 ], [ 130.375, -13.625 ], [ 130.125, -13.625 ] ] ], [ [ [ 134.125, -13.375 ], [ 134.125, -13.625 ], [ 133.625, -13.625 ], [ 133.625, -13.375 ], [ 133.875, -13.375 ], [ 133.875, -13.125 ], [ 134.375, -13.125 ], [ 134.375, -13.375 ], [ 134.125, -13.375 ] ] ], [ [ [ 135.375, -13.125 ], [ 135.625, -13.125 ], [ 135.625, -13.375 ], [ 135.375, -13.375 ], [ 135.375, -13.125 ] ] ], [ [ [ 135.875, -12.375 ], [ 135.625, -12.375 ], [ 135.625, -12.125 ], [ 133.875, -12.125 ], [ 133.875, -11.875 ], [ 133.125, -11.875 ], [ 133.125, -12.375 ], [ 132.625, -12.375 ], [ 132.625, -12.625 ], [ 132.125, -12.625 ], [ 132.125, -12.875 ], [ 131.125, -12.875 ], [ 131.125, -13.125 ], [ 130.625, -13.125 ], [ 130.625, -13.375 ], [ 130.375, -13.375 ], [ 130.375, -12.875 ], [ 130.625, -12.875 ], [ 130.625, -12.625 ], [ 131.125, -12.625 ], [ 131.125, -12.375 ], [ 132.375, -12.375 ], [ 132.375, -12.125 ], [ 131.625, -12.125 ], [ 131.625, -11.875 ], [ 132.125, -11.875 ], [ 132.125, -11.625 ], [ 132.375, -11.625 ], [ 132.375, -11.375 ], [ 132.625, -11.375 ], [ 132.625, -11.125 ], [ 133.125, -11.125 ], [ 133.125, -11.375 ], [ 133.875, -11.375 ], [ 133.875, -11.625 ], [ 134.875, -11.625 ], [ 134.875, -11.875 ], [ 135.375, -11.875 ], [ 135.375, -11.625 ], [ 135.625, -11.625 ], [ 135.625, -11.875 ], [ 136.625, -11.875 ], [ 136.625, -12.125 ], [ 136.875, -12.125 ], [ 136.875, -12.375 ], [ 137.125, -12.375 ], [ 137.125, -12.625 ], [ 136.875, -12.625 ], [ 136.875, -13.125 ], [ 136.625, -13.125 ], [ 136.625, -13.375 ], [ 136.375, -13.375 ], [ 136.375, -13.625 ], [ 135.875, -13.625 ], [ 135.875, -13.125 ], [ 135.625, -13.125 ], [ 135.625, -12.875 ], [ 135.875, -12.875 ], [ 135.875, -12.375 ] ] ], [ [ [ 131.625, -11.125 ], [ 131.625, -11.375 ], [ 131.875, -11.375 ], [ 131.875, -11.625 ], [ 131.625, -11.625 ], [ 131.625, -11.875 ], [ 130.875, -11.875 ], [ 130.875, -11.375 ], [ 131.125, -11.375 ], [ 131.125, -10.875 ], [ 131.375, -10.875 ], [ 131.375, -11.125 ], [ 131.625, -11.125 ] ] ], [ [ [ 130.375, -11.125 ], [ 130.375, -10.875 ], [ 130.625, -10.875 ], [ 130.625, -11.125 ], [ 130.375, -11.125 ] ] ] ] } },
{ "type": "Feature", "properties": { "cluster_id": 14, "cohesion": 9.5177935382956154, "distances": { "1": 22.055630978430944, "2": 23.891188185531767, "3": 22.921994611754357, "4": 16.22079863085858, "5": 16.942891919996242, "6": 19.611441698268674, "7": 21.664770637717393, "8": 21.90311237690949, "9": 12.652795088904933, "10": 20.526088746688917, "11": 17.825110048466403, "12": 17.156687327537156, "13": 12.533698118449504, "15": 13.932793030680894, "16": 15.834052399414873, "17": 35.94460085069401, "18": 33.75749231761216, "19": 36.74047075249606, "20": 37.47549847086071, "21": 41.26572044765745, "22": 38.700153254678966, "23": 36.90148198915634, "24": 39.289444962666174, "25": 41.76086251109755, "26": 40.535978984843595, "27": 27.894996411820998, "28": 35.46773962017653, "29": 32.38097810528543, "30": 40.64923974045209, "31": 39.40361739054508, "32": 35.77834988479407, "33": 37.55171843460021, "34": 41.82080953619385, "35": 35.30436356911168, "36": 40.56172614203726, "37": 39.48158639014734, "38": 40.98224536199915, "39": 41.10026732743931, "40": 35.387637474093125, "41": 31.656938962893335, "42": 33.393197321698025, "43": 36.52223776532597, "44": 39.14396506814597, "45": 28.12711217965135, "46": 27.42315435443593, "47": 26.951952366606054, "48": 26.058766423283874, "49": 25.618788387193742, "50": 26.40158971736005, "51": 26.537968434465817, "52": 29.99974965678876, "53": 26.52224262048088, "54": 25.591879930330016, "55": 32.82169605161988, "56": 36.71817228043086, "57": 31.92012023767714, "58": 33.89112701087648, "59": 28.068054895363673, "60": 31.96358471478326, "61": 26.953000708278317, "62": 24.66032627872468, "63": 22.423277299368156, "64": 26.62184685147852, "65": 23.541780853899418, "66": 29.284203474771022, "67": 29.461816544988924 } }, "geometry": { "type": "MultiPolygon", "coordinates": [ [ [ [ 127.625, -14.125 ], [ 127.625, -14.375 ], [ 127.375, -14.375 ], [ 127.375, -15.125 ], [ 127.125, -15.125 ], [ 127.125, -15.625 ], [ 126.875, -15.625 ], [ 126.875, -15.875 ], [ 127.875, -15.875 ], [ 127.875, -16.125 ], [ 128.125, -16.125 ], [ 128.125, -16.375 ], [ 127.875, -16.375 ], [ 127.875, -16.625 ], [ 127.625, -16.625 ], [ 127.625, -16.125 ], [ 127.125, -16.125 ], [ 127.125, -16.375 ], [ 126.875, -16.375 ], [ 126.875, -16.625 ], [ 126.625, -16.625 ], [ 126.625, -16.875 ], [ 126.375, -16.875 ], [ 126.375, -17.125 ], [ 126.125, -17.125 ], [ 126.125, -16.875 ], [ 125.625, -16.875 ], [ 125.625, -16.625 ], [ 125.875, -16.625 ], [ 125.875, -16.125 ], [ 125.625, -16.125 ], [ 125.625, -15.875 ], [ 125.375, -15.875 ], [ 125.375, -16.125 ], [ 125.125, -16.125 ], [ 125.125, -16.375 ], [ 124.625, -16.375 ], [ 124.625, -15.625 ], [ 124.875, -15.625 ], [ 124.875, -15.375 ], [ 125.125, -15.375 ], [ 125.125, -15.125 ], [ 125.375, -15.125 ], [ 125.375, -14.875 ], [ 125.625, -14.875 ], [ 125.625, -14.625 ], [ 125.875, -14.625 ], [ 125.875, -14.375 ], [ 126.125, -14.375 ], [ 126.125, -14.125 ], [ 126.625, -14.125 ], [ 126.625, -13.875 ], [ 127.375, -13.875 ], [ 127.375, -14.125 ], [ 127.625, -14.125 ] ] ], [ [ [ 127.875, -15.625 ], [ 127.875, -15.375 ], [ 128.125, -15.375 ], [ 128.125, -15.625 ], [ 127.875, -15.625 ] ] ], [ [ [ 128.125, -15.125 ], [ 128.375, -15.125 ], [ 128.375, -15.375 ], [ 128.125, -15.375 ], [ 128.125, -15.125 ] ] ], [ [ [ 128.625, -15.125 ], [ 128.375, -15.125 ], [ 128.375, -14.875 ], [ 128.625, -14.875 ], [ 128.625, -15.125 ] ] ], [ [ [ 136.125, -13.625 ], [ 136.125, -13.875 ], [ 136.375, -13.875 ], [ 136.375, -14.125 ], [ 136.125, -14.125 ], [ 136.125, -14.375 ], [ 135.875, -14.375 ], [ 135.875, -14.875 ], [ 136.125, -14.875 ], [ 136.125, -15.125 ], [ 135.375, -15.125 ], [ 135.375, -14.875 ], [ 134.625, -14.875 ], [ 134.625, -15.125 ], [ 134.375, -15.125 ], [ 134.375, -15.375 ], [ 134.125, -15.375 ], [ 134.125, -15.625 ], [ 133.875, -15.625 ], [ 133.875, -15.375 ], [ 132.875, -15.375 ], [ 132.875, -15.125 ], [ 132.625, -15.125 ], [ 132.625, -14.625 ], [ 132.875, -14.625 ], [ 132.875, -14.375 ], [ 133.125, -14.375 ], [ 133.125, -14.125 ], [ 133.375, -14.125 ], [ 133.375, -13.875 ], [ 133.625, -13.875 ], [ 133.625, -13.625 ], [ 134.125, -13.625 ], [ 134.125, -13.375 ], [ 134.375, -13.375 ], [ 134.375, -14.125 ], [ 134.875, -14.125 ], [ 134.875, -13.875 ], [ 135.125, -13.875 ], [ 135.125, -13.625 ], [ 135.375, -13.625 ], [ 135.375, -13.375 ], [ 135.625, -13.375 ], [ 135.625, -13.125 ], [ 135.875, -13.125 ], [ 135.875, -13.625 ], [ 136.125, -13.625 ] ] ], [ [ [ 129.625, -14.125 ], [ 129.625, -14.875 ], [ 128.625, -14.875 ], [ 128.625, -14.625 ], [ 129.375, -14.625 ], [ 129.375, -14.375 ], [ 129.125, -14.375 ], [ 129.125, -14.125 ], [ 129.375, -14.125 ], [ 129.375, -13.875 ], [ 129.625, -13.875 ], [ 129.625, -13.625 ], [ 129.875, -13.625 ], [ 129.875, -14.125 ], [ 129.625, -14.125 ] ] ], [ [ [ 129.875, -13.375 ], [ 130.125, -13.375 ], [ 130.125, -13.625 ], [ 129.875, -13.625 ], [ 129.875, -13.375 ] ] ], [ [ [ 130.375, -13.375 ], [ 130.125, -13.375 ], [ 130.125, -13.125 ], [ 130.375, -13.125 ], [ 130.375, -13.375 ] ] ] ] } },
{ "type": "Feature", "properties": { "cluster_id": 15, "cohesion": 8.2306609211844854, "distances": { "1": 27.212458270500772, "2": 25.268734799484, "3": 26.26827277862725, "4": 24.52440326629251, "5": 24.042894321181286, "6": 24.180499855394782, "7": 23.397208685034954, "8": 22.336256102914298, "9": 15.075498613251183, "10": 24.527599531795737, "11": 16.766417580239093, "12": 12.737992547120971, "13": 18.86517971281787, "14": 13.932793030680894, "16": 13.837351500173765, "17": 31.012501639693415, "18": 30.6904385876454, "19": 32.410810207656, "20": 33.10320237966462, "21": 35.90071944619634, "22": 33.6516782857997, "23": 32.07677616441854, "24": 33.95306176941988, "25": 35.967823128666964, "26": 34.9427015441257, "27": 27.62312181335396, "28": 32.42119324213836, "29": 30.852297390025022, "30": 36.54396231556264, "31": 34.44120440172903, "32": 32.85365935739155, "33": 33.518103328981105, "34": 37.05128996711743, "35": 29.812973378605633, "36": 34.81181896291419, "37": 34.1143466837886, "38": 35.86150834789727, "39": 35.51802433229759, "40": 29.003166535459997, "41": 25.395541492584016, "42": 26.508819488582528, "43": 30.781030989111965, "44": 32.76055415560623, "45": 25.891203702031202, "46": 26.502445591847795, "47": 25.706436169212154, "48": 24.622383455905254, "49": 23.753525414085004, "50": 24.115147972427476, "51": 22.96729625236786, "52": 27.666480945067647, "53": 24.84761701404605, "54": 23.60020839806448, "55": 29.73147799063221, "56": 32.147489820178876, "57": 28.398396478374774, "58": 29.854262357413685, "59": 26.459281426043674, "60": 28.340439843772632, "61": 25.28062128972357, "62": 18.377257658330112, "63": 15.678458713229059, "64": 19.469727808561515, "65": 19.620582873613124, "66": 24.1754778021925, "67": 23.07941900708805 } }, "geometry": { "type": "MultiPolygon", "coordinates": [ [ [ [ 126.125, -16.875 ], [ 126.125, -17.625 ], [ 125.875, -17.625 ], [ 125.875, -17.875 ], [ 125.375, -17.875 ], [ 125.375, -17.625 ], [ 125.625, -17.625 ], [ 125.625, -16.875 ], [ 126.125, -16.875 ] ] ], [ [ [ 124.625, -16.375 ], [ 124.375, -16.375 ], [ 124.375, -16.625 ], [ 123.875, -16.625 ], [ 123.875, -17.125 ], [ 123.625, -17.125 ], [ 123.625, -17.375 ], [ 123.375, -17.375 ], [ 123.375, -17.625 ], [ 123.125, -17.625 ], [ 123.125, -17.875 ], [ 122.625, -17.875 ], [ 122.625, -17.375 ], [ 122.875, -17.375 ], [ 122.875, -17.125 ], [ 123.125, -17.125 ], [ 123.125, -16.875 ], [ 122.625, -16.875 ], [ 122.625, -17.125 ], [ 122.375, -17.125 ], [ 122.375, -18.125 ], [ 122.125, -18.125 ], [ 122.125, -17.875 ], [ 121.875, -17.875 ], [ 121.875, -17.125 ], [ 122.125, -17.125 ], [ 122.125, -16.875 ], [ 122.375, -16.875 ], [ 122.375, -16.625 ], [ 122.625, -16.625 ], [ 122.625, -16.375 ], [ 123.625, -16.375 ], [ 123.625, -16.125 ], [ 124.375, -16.125 ], [ 124.375, -15.875 ], [ 124.625, -15.875 ], [ 124.625, -16.375 ] ] ], [ [ [ 128.375, -14.625 ], [ 128.625, -14.625 ], [ 128.625, -14.875 ], [ 128.375, -14.875 ], [ 128.375, -15.125 ], [ 128.125, -15.125 ], [ 128.125, -15.375 ], [ 127.875, -15.375 ], [ 127.875, -15.875 ], [ 126.875, -15.875 ], [ 126.875, -15.625 ], [ 127.125, -15.625 ], [ 127.125, -15.125 ], [ 127.375, -15.125 ], [ 127.375, -14.375 ], [ 128.375, -14.375 ], [ 128.375, -14.625 ] ] ] ] } },
{ "type": "Feature", "properties": { "cluster_id": 16, "cohesion": 8.2888809823311895, "distances": { "1": 26.202532132898703, "2": 21.723107753138372, "3": 24.007807919899047, "4": 25.32992173699014, "5": 26.83737347302178, "6": 24.90497960255735, "7": 22.336877465596185, "8": 24.940271160318513, "9": 21.187469069865397, "10": 27.60331323988924, "11": 22.986161507472232, "12": 20.984844463957053, "13": 16.085946900114124, "14": 15.834052399414873, "15": 13.837351500173767, "17": 31.029335474095323, "18": 30.338461908696708, "19": 31.75618088649091, "20": 30.31214795469225, "21": 32.829031405670875, "22": 32.45914942402218, "23": 31.56226555852747, "24": 33.54925781043644, "25": 33.761063458276475, "26": 33.47746569796779, "27": 23.055824174917586, "28": 26.027060104447003, "29": 24.843657052439433, "30": 30.187784666831508, "31": 28.844229706048885, "32": 27.046099639726307, "33": 28.538430631691874, "34": 31.232077694990853, "35": 27.518656500067383, "36": 32.1101135691424, "37": 31.715236018825394, "38": 31.37157380720648, "39": 30.556401587879467, "40": 26.205946702575602, "41": 24.434392575867257, "42": 25.28050613985571, "43": 26.543485556423466, "44": 29.399901070805615, "45": 22.73035039205073, "46": 22.04552246980972, "47": 22.017381332297877, "48": 22.76472839812748, "49": 22.260216505957573, "50": 25.598554390709214, "51": 22.869951476881987, "52": 28.803920285578666, "53": 24.011734004905254, "54": 25.428541437826123, "55": 28.071312732090398, "56": 30.15559356570207, "57": 26.987513650424216, "58": 28.125606798269494, "59": 25.559519605992776, "60": 27.534477490784983, "61": 25.810645420510937, "62": 20.077935836801135, "63": 21.891922576680688, "64": 22.700143128667253, "65": 23.39359251384893, "66": 24.91657308128504, "67": 24.628415189843487 } }, "geometry": { "type": "MultiPolygon", "coordinates": [ [ [ [ 123.375, -16.375 ], [ 123.375, -16.125 ], [ 123.625, -16.125 ], [ 123.625, -16.375 ], [ 123.375, -16.375 ] ] ], [ [ [ 125.875, -14.625 ], [ 125.625, -14.625 ], [ 125.625, -14.875 ], [ 125.375, -14.875 ], [ 125.375, -15.125 ], [ 125.125, -15.125 ], [ 125.125, -15.375 ], [ 124.875, -15.375 ], [ 124.875, -15.625 ], [ 124.625, -15.625 ], [ 124.625, -15.875 ], [ 124.375, -15.875 ], [ 124.375, -16.125 ], [ 123.625, -16.125 ], [ 123.625, -15.875 ], [ 124.125, -15.875 ], [ 124.125, -15.625 ], [ 124.375, -15.625 ], [ 124.375, -15.375 ], [ 124.625, -15.375 ], [ 124.625, -15.125 ], [ 124.875, -15.125 ], [ 124.875, -14.625 ], [ 125.125, -14.625 ], [ 125.125, -14.375 ], [ 125.375, -14.375 ], [ 125.375, -14.125 ], [ 126.125, -14.125 ], [ 126.125, -14.375 ], [ 125.875, -14.375 ], [ 125.875, -14.625 ] ] ], [ [ [ 126.625, -14.125 ], [ 126.125, -14.125 ], [ 126.125, -13.875 ], [ 126.625, -13.875 ], [ 126.625, -14.125 ] ] ], [ [ [ 127.875, -13.875 ], [ 127.875, -14.125 ], [ 128.125, -14.125 ], [ 128.125, -14.375 ], [ 127.625, -14.375 ], [ 127.625, -14.125 ], [ 127.375, -14.125 ], [ 127.375, -13.875 ], [ 126.625, -13.875 ], [ 126.625, -13.625 ], [ 127.625, -13.625 ], [ 127.625, -13.875 ], [ 127.875, -13.875 ] ] ], [ [ [ 129.375, -13.875 ], [ 129.375, -13.625 ], [ 129.625, -13.625 ], [ 129.625, -13.875 ], [ 129.375, -13.875 ] ] ], [ [ [ 129.625, -13.375 ], [ 129.875, -13.375 ], [ 129.875, -13.625 ], [ 129.625, -13.625 ], [ 129.625, -13.375 ] ] ], [ [ [ 130.125, -12.375 ], [ 130.375, -12.375 ], [ 130.375, -11.875 ], [ 130.125, -11.875 ], [ 130.125, -11.625 ], [ 129.875, -11.625 ], [ 129.875, -11.375 ], [ 130.125, -11.375 ], [ 130.125, -11.125 ], [ 131.125, -11.125 ], [ 131.125, -11.375 ], [ 130.875, -11.375 ], [ 130.875, -11.875 ], [ 131.625, -11.875 ], [ 131.625, -12.125 ], [ 132.375, -12.125 ], [ 132.375, -12.375 ], [ 131.125, -12.375 ], [ 131.125, -12.625 ], [ 130.625, -12.625 ], [ 130.625, -12.875 ], [ 130.375, -12.875 ], [ 130.375, -13.125 ], [ 130.125, -13.125 ], [ 130.125, -13.375 ], [ 129.875, -13.375 ], [ 129.875, -12.625 ], [ 130.125, -12.625 ], [ 130.125, -12.375 ] ], [ [ 130.625, -11.875 ], [ 130.625, -12.125 ], [ 130.875, -12.125 ], [ 130.875, -11.875 ], [ 130.625, -11.875 ] ] ] ] } },
{ "type": "Feature", "properties": { "cluster_id": 17, "cohesion": 8.1220478376047449, "distances": { "1": 37.711049798453395, "2": 33.31210982008317, "3": 34.31971243646787, "4": 43.61247128959111, "5": 44.520705514592755, "6": 40.457394992891935, "7": 35.53723968003372, "8": 37.94708106420373, "9": 39.10760025234949, "10": 43.294671358623496, "11": 36.31312252240327, "12": 33.50793207541383, "13": 37.39348046349, "14": 35.944600850694, "15": 31.01250163969342, "16": 31.029335474095323, "18": 15.556044284465203, "19": 12.986827826642239, "20": 20.50471262326367, "21": 22.19669258152571, "22": 22.015981449916357, "23": 17.434758382351944, "24": 10.762680639389451, "25": 20.645840839027823, "26": 17.94250450779457, "27": 31.953846729426587, "28": 36.01318835001717, "29": 34.66979834286038, "30": 35.50412337945063, "31": 34.557906193391226, "32": 32.175190491290216, "33": 27.503528155976102, "34": 32.00350836073284, "35": 28.384310853779034, "36": 24.71178881520891, "37": 25.66864606837032, "38": 27.611877860479755, "39": 31.101217772646184, "40": 28.249684300387322, "41": 24.76749588568108, "42": 28.551106117266496, "43": 32.308800230526415, "44": 29.8499320637441, "45": 28.73823098540748, "46": 30.592081170988937, "47": 29.047899285887986, "48": 30.39528229172224, "49": 25.785818609363076, "50": 21.246422848418366, "51": 20.081509960981812, "52": 18.04714866954311, "53": 22.36895730030327, "54": 21.57644581356007, "55": 29.920219857596805, "56": 28.04351626757362, "57": 23.463390657276907, "58": 25.365036740121553, "59": 32.00595976237724, "60": 31.59215672357394, "61": 35.259041059340284, "62": 25.166095294912413, "63": 28.97619466318585, "64": 27.63053212782894, "65": 32.757763947912714, "66": 29.626001230101846, "67": 27.559581758670163 } }, "geometry": { "type": "MultiPolygon", "coordinates": [ [ [ [ 149.125, -36.375 ], [ 149.125, -36.625 ], [ 148.875, -36.625 ], [ 148.875, -36.375 ], [ 149.125, -36.375 ] ] ], [ [ [ 142.875, -34.125 ], [ 142.875, -34.875 ], [ 143.375, -34.875 ], [ 143.375, -35.125 ], [ 144.375, -35.125 ], [ 144.375, -35.375 ], [ 144.875, -35.375 ], [ 144.875, -35.625 ], [ 145.375, -35.625 ], [ 145.375, -35.875 ], [ 146.125, -35.875 ], [ 146.125, -36.375 ], [ 146.375, -36.375 ], [ 146.375, -36.125 ], [ 146.625, -36.125 ], [ 146.625, -35.875 ], [ 147.375, -35.875 ], [ 147.375, -35.625 ], [ 147.625, -35.625 ], [ 147.625, -35.375 ], [ 148.375, -35.375 ], [ 148.375, -36.375 ], [ 148.125, -36.375 ], [ 148.125, -36.625 ], [ 147.625, -36.625 ], [ 147.625, -36.875 ], [ 146.875, -36.875 ], [ 146.875, -37.125 ], [ 146.375, -37.125 ], [ 146.375, -37.375 ], [ 144.125, -37.375 ], [ 144.125, -36.875 ], [ 143.875, -36.875 ], [ 143.875, -37.125 ], [ 143.625, -37.125 ], [ 143.625, -36.625 ], [ 143.375, -36.625 ], [ 143.375, -36.375 ], [ 142.875, -36.375 ], [ 142.875, -36.125 ], [ 142.625, -36.125 ], [ 142.625, -35.375 ], [ 142.375, -35.375 ], [ 142.375, -34.125 ], [ 142.875, -34.125 ] ] ] ] } },
{ "type": "Feature", "properties": { "cluster_id": 18, "cohesion": 5.9841408639776281, "distances": { "1": 31.47181265330928, "2": 29.13788829641172, "3": 28.48972536368839, "4": 39.10267855167914, "5": 41.796206806921596, "6": 38.913046227704655, "7": 34.718320773827166, "8": 40.04361901416845, "9": 37.97647927790824, "10": 43.24579826738695, "11": 37.24132403249341, "12": 33.221703649091154, "13": 33.76940803961461, "14": 33.75749231761217, "15": 30.6904385876454, "16": 30.338461908696708, "17": 15.556044284465203, "19": 10.421145071315157, "20": 18.12494168812369, "21": 24.21063122902195, "22": 30.435801288145843, "23": 25.525482704247402, "24": 18.377749928169177, "25": 26.416389691301013, "26": 26.841413171797956, "27": 28.3525813379774, "28": 36.43236812868619, "29": 32.981547584255146, "30": 36.26745070794966, "31": 37.33704560316928, "32": 30.973310939601255, "33": 26.844624599326636, "34": 34.50822712911007, "35": 35.033452962962194, "36": 31.331307850155813, "37": 33.02618217847294, "38": 30.780759365840623, "39": 35.93180363812108, "40": 31.727481664473512, "41": 26.372811253634065, "42": 32.73042690888417, "43": 35.741294336623305, "44": 35.43830974922419, "45": 28.240640709314352, "46": 27.74596784653741, "47": 27.725497789498956, "48": 30.656783076896065, "49": 26.629052618072457, "50": 22.97841805660586, "51": 23.879824735382435, "52": 12.645548270390204, "53": 18.987832034856865, "54": 21.3690808060154, "55": 34.96267259339276, "56": 34.85430811890247, "57": 27.38307194225645, "58": 29.176504267411268, "59": 35.09338217733943, "60": 37.515655956919474, "61": 39.527463551570385, "62": 25.604009109130253, "63": 29.976628407884075, "64": 30.709883563177087, "65": 36.388966591886444, "66": 35.48441926880531, "67": 32.48543071439164 } }, "geometry": { "type": "MultiPolygon", "coordinates": [ [ [ [ 146.125, -37.375 ], [ 146.125, -37.625 ], [ 144.875, -37.625 ], [ 144.875, -37.375 ], [ 146.125, -37.375 ] ] ], [ [ [ 140.875, -36.125 ], [ 141.125, -36.125 ], [ 141.125, -36.375 ], [ 141.625, -36.375 ], [ 141.625, -36.625 ], [ 141.875, -36.625 ], [ 141.875, -36.875 ], [ 142.125, -36.875 ], [ 142.125, -37.125 ], [ 143.375, -37.125 ], [ 143.375, -37.375 ], [ 144.125, -37.375 ], [ 144.125, -37.625 ], [ 142.125, -37.625 ], [ 142.125, -37.875 ], [ 141.625, -37.875 ], [ 141.625, -38.125 ], [ 140.125, -38.125 ], [ 140.125, -37.875 ], [ 139.875, -37.875 ], [ 139.875, -37.625 ], [ 139.625, -37.625 ], [ 139.625, -37.375 ], [ 139.375, -37.375 ], [ 139.375, -36.375 ], [ 139.875, -36.375 ], [ 139.875, -35.875 ], [ 140.875, -35.875 ], [ 140.875, -36.125 ] ] ], [ [ [ 139.125, -35.375 ], [ 138.875, -35.375 ], [ 138.875, -35.625 ], [ 138.375, -35.625 ], [ 138.375, -35.125 ], [ 138.625, -35.125 ], [ 138.625, -34.875 ], [ 138.875, -34.875 ], [ 138.875, -34.625 ], [ 139.125, -34.625 ], [ 139.125, -35.375 ] ] ] ] } },
{ "type": "Feature", "properties": { "cluster_id": 19, "cohesion": 7.4570843510987563, "distances": { "1": 36.34861849804197, "2": 31.994737033743043, "3": 32.52867982488211, "4": 43.8070302474704, "5": 45.824188013749236, "6": 42.042506221456996, "7": 36.731075966461496, "8": 41.322902866244476, "9": 40.75760811531999, "10": 46.04098158068675, "11": 38.95158530041931, "12": 35.41516912085735, "13": 37.50055664207739, "14": 36.74047075249606, "15": 32.41081020765599, "16": 31.75618088649091, "17": 12.986827826642239, "18": 10.421145071315156, "20": 14.138742611842082, "21": 18.320379850327694, "22": 26.5225695860634, "23": 22.838948117716324, "24": 13.093164176174804, "25": 20.0369629343679, "26": 21.227881022587365, "27": 30.60630451074919, "28": 36.19872229186077, "29": 33.79023148557717, "30": 34.446376329036006, "31": 35.27320650999484, "32": 30.27482467268187, "33": 24.042950717311378, "34": 30.965633377134136, "35": 31.70113863120732, "36": 26.087660808752965, "37": 28.496471174561897, "38": 26.102411485287867, "39": 32.088954879894885, "40": 29.987184834968073, "41": 25.27211867424901, "42": 30.645874228453927, "43": 33.9311943699701, "44": 31.938150635615678, "45": 28.611735431978595, "46": 29.334717526023102, "47": 29.70336952584114, "48": 31.599838017883172, "49": 28.469561613067444, "50": 25.8139098917722, "51": 24.80825836143459, "52": 18.35664421995313, "53": 23.413231320190278, "54": 25.406987776841945, "55": 33.486045924999026, "56": 31.72310288925939, "57": 27.141328691475977, "58": 27.696827247189486, "59": 34.955951927832295, "60": 35.810660915350915, "61": 39.360990020152485, "62": 26.074554407881834, "63": 31.05934712856242, "64": 30.02334625562975, "65": 36.301917626414124, "66": 33.66347529847946, "67": 30.803504709693403 } }, "geometry": { "type": "Polygon", "coordinates": [ [ [ 138.125, -32.375 ], [ 138.125, -33.125 ], [ 137.875, -33.125 ], [ 137.875, -33.625 ], [ 137.625, -33.625 ], [ 137.625, -33.875 ], [ 137.375, -33.875 ], [ 137.375, -33.625 ], [ 137.125, -33.625 ], [ 137.125, -33.125 ], [ 136.625, -33.125 ], [ 136.625, -33.875 ], [ 136.375, -33.875 ], [ 136.375, -34.125 ], [ 136.125, -34.125 ], [ 136.125, -34.375 ], [ 135.875, -34.375 ], [ 135.875, -34.875 ], [ 136.125, -34.875 ], [ 136.125, -34.625 ], [ 136.375, -34.625 ], [ 136.375, -34.375 ], [ 136.625, -34.375 ], [ 136.625, -34.125 ], [ 137.125, -34.125 ], [ 137.125, -34.375 ], [ 137.375, -34.375 ], [ 137.375, -34.625 ], [ 137.625, -34.625 ], [ 137.625, -34.875 ], [ 137.875, -34.875 ], [ 137.875, -34.625 ], [ 138.125, -34.625 ], [ 138.125, -35.375 ], [ 138.375, -35.375 ], [ 138.375, -35.125 ], [ 138.625, -35.125 ], [ 138.625, -34.875 ], [ 138.875, -34.875 ], [ 138.875, -34.625 ], [ 139.125, -34.625 ], [ 139.125, -35.375 ], [ 138.875, -35.375 ], [ 138.875, -35.625 ], [ 138.625, -35.625 ], [ 138.625, -35.875 ], [ 139.125, -35.875 ], [ 139.125, -36.125 ], [ 139.375, -36.125 ], [ 139.375, -36.375 ], [ 139.875, -36.375 ], [ 139.875, -35.875 ], [ 140.875, -35.875 ], [ 140.875, -36.125 ], [ 141.125, -36.125 ], [ 141.125, -36.375 ], [ 141.625, -36.375 ], [ 141.625, -36.625 ], [ 141.875, -36.625 ], [ 141.875, -36.875 ], [ 142.125, -36.875 ], [ 142.125, -37.125 ], [ 143.375, -37.125 ], [ 143.375, -37.375 ], [ 144.125, -37.375 ], [ 144.125, -36.875 ], [ 143.875, -36.875 ], [ 143.875, -37.125 ], [ 143.625, -37.125 ], [ 143.625, -36.625 ], [ 143.375, -36.625 ], [ 143.375, -36.375 ], [ 142.875, -36.375 ], [ 142.875, -36.125 ], [ 142.625, -36.125 ], [ 142.625, -35.375 ], [ 142.375, -35.375 ], [ 142.375, -35.125 ], [ 141.875, -35.125 ], [ 141.875, -34.625 ], [ 141.625, -34.625 ], [ 141.625, -35.125 ], [ 141.375, -35.125 ], [ 141.375, -34.875 ], [ 141.125, -34.875 ], [ 141.125, -35.125 ], [ 140.125, -35.125 ], [ 140.125, -34.875 ], [ 139.625, -34.875 ], [ 139.625, -33.375 ], [ 139.875, -33.375 ], [ 139.875, -32.875 ], [ 138.375, -32.875 ], [ 138.375, -32.375 ], [ 138.125, -32.375 ] ] ] } },
{ "type": "Feature", "properties": { "cluster_id": 20, "cohesion": 7.2523532668295632, "distances": { "1": 36.8281822778166, "2": 29.722933021358333, "3": 31.826515912958758, "4": 45.214258183512605, "5": 47.44968792549479, "6": 42.37173302985396, "7": 35.565955887443735, "8": 42.10265951836101, "9": 42.28237055693588, "10": 47.49940346759702, "11": 40.569410746384605, "12": 37.449906817021834, "13": 37.7694944193998, "14": 37.47549847086071, "15": 33.10320237966463, "16": 30.312147954692247, "17": 20.50471262326367, "18": 18.124941688123688, "19": 14.138742611842083, "21": 11.558892675833428, "22": 26.45458148784521, "23": 25.491007520951417, "24": 18.855445687619618, "25": 17.058474468128626, "26": 21.80393467466099, "27": 27.534599807211134, "28": 31.234147407186956, "29": 28.935379345989276, "30": 27.259768037350828, "31": 29.99855335919379, "32": 22.873798738425116, "33": 13.627263675397732, "34": 22.40708218318415, "35": 29.087040305449964, "36": 22.098112523213604, "37": 25.46765531342686, "38": 17.72143618082398, "39": 26.34496682851281, "40": 27.13576846920262, "41": 23.180942275385256, "42": 28.934659593527694, "43": 30.249075266851086, "44": 28.560122892773805, "45": 25.58757071929047, "46": 25.94306334471232, "47": 28.387289106410574, "48": 30.00757352908569, "49": 29.51115964131279, "50": 30.9336792101134, "51": 27.63439588249268, "52": 25.817565041874225, "53": 26.6982625570379, "54": 31.08840949049775, "55": 31.813863759666475, "56": 29.468318956407394, "57": 28.00925300586607, "58": 26.339619471028563, "59": 33.63427789168026, "60": 34.65373377289353, "61": 39.259877969909574, "62": 25.568704012804098, "63": 32.814914429790214, "64": 30.492325261835695, "65": 37.12487658796356, "66": 33.3975161746652, "67": 31.11970597676552 } }, "geometry": { "type": "Polygon", "coordinates": [ [ [ 134.625, -31.375 ], [ 134.625, -31.625 ], [ 133.625, -31.625 ], [ 133.625, -31.875 ], [ 132.125, -31.875 ], [ 132.125, -32.375 ], [ 133.625, -32.375 ], [ 133.625, -32.625 ], [ 133.875, -32.625 ], [ 133.875, -33.125 ], [ 134.125, -33.125 ], [ 134.125, -33.375 ], [ 134.375, -33.375 ], [ 134.375, -33.625 ], [ 134.625, -33.625 ], [ 134.625, -33.875 ], [ 134.875, -33.875 ], [ 134.875, -34.375 ], [ 135.125, -34.375 ], [ 135.125, -34.625 ], [ 135.375, -34.625 ], [ 135.375, -34.875 ], [ 135.875, -34.875 ], [ 135.875, -34.375 ], [ 136.125, -34.375 ], [ 136.125, -34.125 ], [ 136.375, -34.125 ], [ 136.375, -33.875 ], [ 136.625, -33.875 ], [ 136.625, -33.125 ], [ 137.125, -33.125 ], [ 137.125, -33.625 ], [ 137.375, -33.625 ], [ 137.375, -33.875 ], [ 137.625, -33.875 ], [ 137.625, -33.625 ], [ 137.875, -33.625 ], [ 137.875, -33.125 ], [ 138.125, -33.125 ], [ 138.125, -32.375 ], [ 137.875, -32.375 ], [ 137.875, -32.625 ], [ 135.875, -32.625 ], [ 135.875, -32.375 ], [ 135.375, -32.375 ], [ 135.375, -32.125 ], [ 135.125, -32.125 ], [ 135.125, -31.625 ], [ 134.875, -31.625 ], [ 134.875, -31.375 ], [ 134.625, -31.375 ] ] ] } },
{ "type": "Feature", "properties": { "cluster_id": 21, "cohesion": 6.5199880090649573, "distances": { "1": 42.66383583868136, "2": 34.43591681364504, "3": 37.327435863309205, "4": 50.28942022525956, "5": 51.74353522010907, "6": 46.01487716193256, "7": 38.67980959132418, "8": 43.72773512432761, "9": 45.65662091879266, "10": 50.42263568716578, "11": 42.79066292510924, "12": 40.33064014228977, "13": 42.18865143435667, "14": 41.26572044765745, "15": 35.90071944619634, "16": 32.829031405670875, "17": 22.19669258152571, "18": 24.21063122902195, "19": 18.320379850327697, "20": 11.558892675833428, "22": 24.85585148294706, "23": 26.059966685833984, "24": 18.7418323344544, "25": 10.623892355255618, "26": 18.419370258015437, "27": 31.656772078356216, "28": 30.948077953051886, "29": 30.898860768045246, "30": 25.53395915772726, "31": 27.039638004594057, "32": 24.68799524693512, "33": 14.994120343839628, "34": 18.73491817185192, "35": 25.32335084426656, "36": 16.509134292828897, "37": 21.472252354392086, "38": 12.221266094260269, "39": 21.127474842348413, "40": 25.514432805032648, "41": 23.530229759063776, "42": 26.36818854961808, "43": 27.619104491411584, "44": 23.673372724629132, "45": 28.39762761137044, "46": 29.992251427151388, "47": 32.39864431479744, "48": 32.83645059378469, "49": 33.07889811635926, "50": 34.89146676499482, "51": 30.277627725802184, "52": 31.138720384454846, "53": 30.93439249599288, "54": 35.2138931370366, "55": 31.73567846553023, "56": 27.298268533646244, "57": 30.402101075398143, "58": 27.403101887095342, "59": 34.739536161804544, "60": 33.41779306831005, "61": 39.43397596103815, "62": 27.466089138375022, "63": 34.65693478844615, "64": 30.3034185929536, "65": 37.423889452072224, "66": 31.68635192430733, "67": 29.482023645097037 } }, "geometry": { "type": "Polygon", "coordinates": [ [ [ 134.125, -28.625 ], [ 134.125, -29.375 ], [ 133.875, -29.375 ], [ 133.875, -30.125 ], [ 133.375, -30.125 ], [ 133.375, -30.375 ], [ 133.125, -30.375 ], [ 133.125, -30.625 ], [ 132.875, -30.625 ], [ 132.875, -30.875 ], [ 133.125, -30.875 ], [ 133.125, -31.125 ], [ 133.625, -31.125 ], [ 133.625, -31.625 ], [ 134.625, -31.625 ], [ 134.625, -31.375 ], [ 134.875, -31.375 ], [ 134.875, -31.625 ], [ 135.125, -31.625 ], [ 135.125, -32.125 ], [ 135.375, -32.125 ], [ 135.375, -32.375 ], [ 135.875, -32.375 ], [ 135.875, -32.625 ], [ 137.875, -32.625 ], [ 137.875, -32.375 ], [ 138.375, -32.375 ], [ 138.375, -32.125 ], [ 138.125, -32.125 ], [ 138.125, -31.875 ], [ 137.625, -31.875 ], [ 137.625, -31.625 ], [ 137.375, -31.625 ], [ 137.375, -31.375 ], [ 137.125, -31.375 ], [ 137.125, -31.125 ], [ 136.125, -31.125 ], [ 136.125, -30.625 ], [ 135.875, -30.625 ], [ 135.875, -30.375 ], [ 135.625, -30.375 ], [ 135.625, -29.875 ], [ 135.125, -29.875 ], [ 135.125, -29.625 ], [ 134.875, -29.625 ], [ 134.875, -29.125 ], [ 134.625, -29.125 ], [ 134.625, -28.625 ], [ 134.125, -28.625 ] ] ] } },
{ "type": "Feature", "properties": { "cluster_id": 22, "cohesion": 6.9543852868113341, "distances": { "1": 42.861468109085415, "2": 35.075776381886214, "3": 38.61821198268248, "4": 48.22251775886548, "5": 47.37848585724639, "6": 40.35040560338227, "7": 33.12722199075308, "8": 34.932906314428145, "9": 41.474063683155045, "10": 43.04434801892137, "11": 36.77619388517902, "12": 36.8687586995237, "13": 41.194220029680714, "14": 38.700153254678966, "15": 33.6516782857997, "16": 32.45914942402217, "17": 22.015981449916357, "18": 30.435801288145843, "19": 26.522569586063398, "20": 26.454581487845207, "21": 24.855851482947067, "23": 13.305251535500881, "24": 19.71741965289629, "25": 20.091933544075754, "26": 13.061726264546863, "27": 35.50015077170236, "28": 35.501322449590745, "29": 35.77211526504429, "30": 34.63655934600841, "31": 32.56275187350108, "32": 32.113133294289945, "33": 27.876387766864617, "34": 28.89878903128085, "35": 21.166242467877588, "36": 17.81240607534516, "37": 13.491881635820485, "38": 24.529726336756188, "39": 27.052751779422138, "40": 26.322626837602805, "41": 25.6013532909473, "42": 28.00378650242525, "43": 30.374597946562265, "44": 26.804999719627503, "45": 26.28544323706171, "46": 30.572137390466246, "47": 28.49887118616774, "48": 26.816748009573686, "49": 25.800938051698473, "50": 28.64052221758372, "51": 22.75743905388507, "52": 32.82748451679253, "53": 31.833302169295578, "54": 31.973181547424517, "55": 17.068210340048545, "56": 13.670312189610499, "57": 19.185276653398294, "58": 16.99918838773219, "59": 23.404349647177373, "60": 20.942769730024498, "61": 28.425509930983523, "62": 27.684265108976476, "63": 32.345000820019536, "64": 28.654949074839987, "65": 30.224843044255806, "66": 24.683260840149277, "67": 26.403776809416915 } }, "geometry": { "type": "Polygon", "coordinates": [ [ [ 142.625, -28.125 ], [ 142.625, -28.375 ], [ 142.125, -28.375 ], [ 142.125, -28.625 ], [ 141.625, -28.625 ], [ 141.625, -28.375 ], [ 140.375, -28.375 ], [ 140.375, -29.125 ], [ 140.625, -29.125 ], [ 140.625, -29.375 ], [ 141.125, -29.375 ], [ 141.125, -29.625 ], [ 141.375, -29.625 ], [ 141.375, -29.875 ], [ 141.875, -29.875 ], [ 141.875, -30.375 ], [ 142.375, -30.375 ], [ 142.375, -30.625 ], [ 142.625, -30.625 ], [ 142.625, -30.875 ], [ 143.625, -30.875 ], [ 143.625, -30.625 ], [ 143.875, -30.625 ], [ 143.875, -30.875 ], [ 144.625, -30.875 ], [ 144.625, -31.375 ], [ 145.875, -31.375 ], [ 145.875, -31.125 ], [ 145.625, -31.125 ], [ 145.625, -30.875 ], [ 145.375, -30.875 ], [ 145.375, -30.625 ], [ 145.125, -30.625 ], [ 145.125, -30.125 ], [ 145.625, -30.125 ], [ 145.625, -30.375 ], [ 146.125, -30.375 ], [ 146.125, -29.625 ], [ 145.875, -29.625 ], [ 145.875, -29.125 ], [ 145.125, -29.125 ], [ 145.125, -28.875 ], [ 144.875, -28.875 ], [ 144.875, -28.375 ], [ 144.375, -28.375 ], [ 144.375, -28.625 ], [ 143.625, -28.625 ], [ 143.625, -28.875 ], [ 143.375, -28.875 ], [ 143.375, -28.625 ], [ 143.125, -28.625 ], [ 143.125, -28.125 ], [ 142.625, -28.125 ] ] ] } },
{ "type": "Feature", "properties": { "cluster_id": 23, "cohesion": 9.288953491125346, "distances": { "1": 40.63612392067547, "2": 33.84413280688843, "3": 36.83739989509912, "4": 45.59103447819431, "5": 45.222002481287255, "6": 39.41137069226079, "7": 32.992882528601925, "8": 35.91365782040669, "9": 39.867159176356985, "10": 42.56331980658805, "11": 36.218082586023975, "12": 35.15254040802744, "13": 39.174976118306105, "14": 36.901481989156345, "15": 32.07677616441855, "16": 31.562265558527468, "17": 17.434758382351944, "18": 25.525482704247402, "19": 22.838948117716324, "20": 25.49100752095141, "21": 26.059966685833984, "22": 13.30525153550088, "24": 16.836887167337196, "25": 22.82907764706994, "26": 16.902940728447202, "27": 34.72757904637372, "28": 36.54709657439136, "29": 36.20995638239526, "30": 36.47449556509211, "31": 34.631009440440494, "32": 33.20117477291844, "33": 28.8831011314981, "34": 31.81700163222901, "35": 25.943052333930183, "36": 22.940795498226098, "37": 21.057494032851753, "38": 27.584887692305923, "39": 30.487311189849535, "40": 27.024939823938467, "41": 25.26885971468434, "42": 29.19133224652145, "43": 31.865996981844543, "44": 29.64417323580402, "45": 25.35527198719263, "46": 29.418892586582952, "47": 25.569332169642635, "48": 25.26633750738452, "49": 21.982974538647788, "50": 22.58180824533794, "51": 18.33886535784353, "52": 27.223814001491856, "53": 28.585336095054387, "54": 26.646907824624552, "55": 22.227042174137587, "56": 21.342923560332736, "57": 15.11317277320655, "58": 16.129166668527244, "59": 26.00881322089685, "60": 26.347477485250913, "61": 31.588468036363206, "62": 26.59467694080718, "63": 31.052983299614553, "64": 28.709317365379253, "65": 31.51019707546476, "66": 27.774756935964067, "67": 27.948676517727247 } }, "geometry": { "type": "Polygon", "coordinates": [ [ [ 145.875, -29.125 ], [ 145.875, -29.625 ], [ 146.125, -29.625 ], [ 146.125, -30.375 ], [ 145.625, -30.375 ], [ 145.625, -30.125 ], [ 145.125, -30.125 ], [ 145.125, -30.625 ], [ 145.375, -30.625 ], [ 145.375, -30.875 ], [ 145.625, -30.875 ], [ 145.625, -31.125 ], [ 145.875, -31.125 ], [ 145.875, -31.375 ], [ 144.625, -31.375 ], [ 144.625, -30.875 ], [ 143.875, -30.875 ], [ 143.875, -30.625 ], [ 143.625, -30.625 ], [ 143.625, -31.625 ], [ 144.125, -31.625 ], [ 144.125, -32.375 ], [ 144.625, -32.375 ], [ 144.625, -32.625 ], [ 144.875, -32.625 ], [ 144.875, -32.875 ], [ 145.125, -32.875 ], [ 145.125, -33.125 ], [ 145.375, -33.125 ], [ 145.375, -33.625 ], [ 145.625, -33.625 ], [ 145.625, -33.875 ], [ 146.125, -33.875 ], [ 146.125, -35.375 ], [ 146.375, -35.375 ], [ 146.375, -35.625 ], [ 146.625, -35.625 ], [ 146.625, -35.875 ], [ 147.375, -35.875 ], [ 147.375, -35.625 ], [ 147.625, -35.625 ], [ 147.625, -35.375 ], [ 148.125, -35.375 ], [ 148.125, -35.125 ], [ 147.875, -35.125 ], [ 147.875, -34.875 ], [ 148.625, -34.875 ], [ 148.625, -34.625 ], [ 148.875, -34.625 ], [ 148.875, -34.375 ], [ 149.125, -34.375 ], [ 149.125, -33.375 ], [ 148.875, -33.375 ], [ 148.875, -33.125 ], [ 148.625, -33.125 ], [ 148.625, -32.875 ], [ 148.375, -32.875 ], [ 148.375, -31.625 ], [ 148.625, -31.625 ], [ 148.625, -31.375 ], [ 148.125, -31.375 ], [ 148.125, -30.875 ], [ 147.875, -30.875 ], [ 147.875, -30.375 ], [ 147.625, -30.375 ], [ 147.625, -29.875 ], [ 147.125, -29.875 ], [ 147.125, -29.625 ], [ 146.875, -29.625 ], [ 146.875, -29.375 ], [ 146.625, -29.375 ], [ 146.625, -29.125 ], [ 145.875, -29.125 ] ] ] } },
{ "type": "Feature", "properties": { "cluster_id": 24, "cohesion": 8.0317427427671362, "distances": { "1": 41.38529953404567, "2": 35.71578028309697, "3": 37.3478541063259, "4": 47.7891723434192, "5": 48.55170768220118, "6": 43.8448922528236, "7": 37.93828350875842, "8": 40.690136696027295, "9": 42.606296217709954, "10": 46.92300340071243, "11": 39.34544519693304, "12": 36.845875202229955, "13": 41.05297725894118, "14": 39.289444962666174, "15": 33.95306176941988, "16": 33.54925781043644, "17": 10.762680639389451, "18": 18.377749928169177, "19": 13.093164176174804, "20": 18.855445687619614, "21": 18.741832334454397, "22": 19.71741965289629, "23": 16.836887167337196, "25": 16.351065552569864, "26": 14.008120383903458, "27": 34.48933589939442, "28": 37.17338671036127, "29": 36.33006198198813, "30": 35.27042309609828, "31": 34.49665331753375, "32": 32.65323916447472, "33": 26.468847544987426, "34": 30.445863619467627, "35": 27.667470317479637, "36": 21.57302331216804, "37": 23.163496679087345, "38": 25.058872343882904, "39": 29.635538179125938, "40": 28.55767468149648, "41": 25.44459114480131, "42": 28.884154549702917, "43": 32.61360595286151, "44": 28.933165282781978, "45": 29.638159081933654, "46": 32.153071512052676, "47": 31.43218795246117, "48": 31.994670700530246, "49": 28.839231885892897, "50": 26.353361203443473, "51": 23.664610093324914, "52": 23.389153429986944, "53": 27.172253360952926, "54": 27.38298905609825, "55": 30.10616371573132, "56": 26.884315671963833, "57": 24.972606032705947, "58": 25.122931532661646, "59": 33.18990685882528, "60": 32.03072430908788, "61": 37.03853764180704, "62": 27.17749960295824, "63": 31.708836940711432, "64": 29.110217735164834, "65": 34.73047859537687, "66": 30.40611476643127, "67": 28.41703745102182 } }, "geometry": { "type": "Polygon", "coordinates": [ [ [ 139.125, -30.375 ], [ 139.125, -30.625 ], [ 138.875, -30.625 ], [ 138.875, -31.375 ], [ 138.625, -31.375 ], [ 138.625, -32.125 ], [ 138.375, -32.125 ], [ 138.375, -32.875 ], [ 139.875, -32.875 ], [ 139.875, -33.375 ], [ 139.625, -33.375 ], [ 139.625, -34.875 ], [ 140.125, -34.875 ], [ 140.125, -35.125 ], [ 141.125, -35.125 ], [ 141.125, -34.875 ], [ 141.375, -34.875 ], [ 141.375, -35.125 ], [ 141.625, -35.125 ], [ 141.625, -34.625 ], [ 141.875, -34.625 ], [ 141.875, -35.125 ], [ 142.375, -35.125 ], [ 142.375, -34.125 ], [ 142.875, -34.125 ], [ 142.875, -34.875 ], [ 143.375, -34.875 ], [ 143.375, -35.125 ], [ 144.375, -35.125 ], [ 144.375, -35.375 ], [ 144.875, -35.375 ], [ 144.875, -35.625 ], [ 145.375, -35.625 ], [ 145.375, -35.875 ], [ 146.125, -35.875 ], [ 146.125, -36.375 ], [ 146.375, -36.375 ], [ 146.375, -36.125 ], [ 146.625, -36.125 ], [ 146.625, -35.625 ], [ 146.375, -35.625 ], [ 146.375, -35.375 ], [ 146.125, -35.375 ], [ 146.125, -33.875 ], [ 145.625, -33.875 ], [ 145.625, -33.625 ], [ 145.375, -33.625 ], [ 145.375, -33.125 ], [ 145.125, -33.125 ], [ 145.125, -32.875 ], [ 144.875, -32.875 ], [ 144.875, -32.625 ], [ 144.625, -32.625 ], [ 144.625, -32.375 ], [ 144.125, -32.375 ], [ 144.125, -32.625 ], [ 143.625, -32.625 ], [ 143.625, -32.375 ], [ 143.375, -32.375 ], [ 143.375, -32.125 ], [ 143.125, -32.125 ], [ 143.125, -31.875 ], [ 142.875, -31.875 ], [ 142.875, -31.625 ], [ 142.125, -31.625 ], [ 142.125, -31.875 ], [ 141.375, -31.875 ], [ 141.375, -32.125 ], [ 140.875, -32.125 ], [ 140.875, -32.375 ], [ 139.375, -32.375 ], [ 139.375, -32.125 ], [ 139.125, -32.125 ], [ 139.125, -31.125 ], [ 139.375, -31.125 ], [ 139.375, -30.375 ], [ 139.125, -30.375 ] ] ] } },
{ "type": "Feature", "properties": { "cluster_id": 25, "cohesion": 6.0382654929360893, "distances": { "1": 44.73080155149567, "2": 36.91072574007541, "3": 39.68260852606993, "4": 51.47329562610667, "5": 52.10032305038791, "6": 46.32610398296247, "7": 39.13956836616514, "8": 42.0496192218765, "9": 45.50166896397647, "10": 49.60293788692205, "11": 41.52278944726959, "12": 39.80758325646258, "13": 43.49235628038802, "14": 41.76086251109755, "15": 35.96782312866695, "16": 33.76106345827648, "17": 20.645840839027823, "18": 26.416389691301013, "19": 20.036962934367896, "20": 17.058474468128622, "21": 10.623892355255618, "22": 20.091933544075754, "23": 22.829077647069937, "24": 16.351065552569867, "26": 12.639666271380115, "27": 34.60477585565076, "28": 33.12404792273676, "29": 33.896910632240456, "30": 28.893481619289705, "31": 28.25731673900513, "32": 28.788633204909925, "33": 20.924122677273502, "34": 21.853245644498603, "35": 21.708648838840244, "36": 11.53048131677392, "37": 16.333925293824528, "38": 14.382308284351252, "39": 20.962335411830924, "40": 25.190315391567548, "41": 23.84678658614757, "42": 25.05015378308801, "43": 27.6914905323598, "44": 21.89260212239313, "45": 29.705159015099063, "46": 32.49148620514659, "47": 33.76250957499426, "48": 33.19919474025421, "49": 32.88032770865994, "50": 33.989661005510975, "51": 28.893306136817383, "52": 32.02341358245501, "53": 31.87343841592519, "54": 34.82043907475591, "55": 29.061657934596063, "56": 23.153780193921495, "57": 29.021676254424847, "58": 26.008713792892106, "59": 33.199675827595954, "60": 29.867978288043115, "61": 36.76315866731728, "62": 27.6076479454826, "63": 33.69320331108669, "64": 28.651715263368427, "65": 34.94515752863249, "66": 28.162708741863447, "67": 26.534248197637133 } }, "geometry": { "type": "Polygon", "coordinates": [ [ [ 134.625, -27.375 ], [ 134.625, -27.875 ], [ 134.375, -27.875 ], [ 134.375, -28.625 ], [ 134.625, -28.625 ], [ 134.625, -29.125 ], [ 134.875, -29.125 ], [ 134.875, -29.625 ], [ 135.125, -29.625 ], [ 135.125, -29.875 ], [ 135.625, -29.875 ], [ 135.625, -30.375 ], [ 135.875, -30.375 ], [ 135.875, -30.625 ], [ 136.125, -30.625 ], [ 136.125, -31.125 ], [ 137.125, -31.125 ], [ 137.125, -31.375 ], [ 137.375, -31.375 ], [ 137.375, -31.625 ], [ 137.625, -31.625 ], [ 137.625, -31.875 ], [ 138.125, -31.875 ], [ 138.125, -32.125 ], [ 138.375, -32.125 ], [ 138.375, -31.375 ], [ 138.125, -31.375 ], [ 138.125, -30.375 ], [ 138.375, -30.375 ], [ 138.375, -29.875 ], [ 137.625, -29.875 ], [ 137.625, -29.625 ], [ 137.375, -29.625 ], [ 137.375, -28.875 ], [ 137.125, -28.875 ], [ 137.125, -28.625 ], [ 136.875, -28.625 ], [ 136.875, -28.375 ], [ 136.625, -28.375 ], [ 136.625, -28.125 ], [ 135.875, -28.125 ], [ 135.875, -27.625 ], [ 135.375, -27.625 ], [ 135.375, -27.375 ], [ 134.625, -27.375 ] ] ] } },
{ "type": "Feature", "properties": { "cluster_id": 26, "cohesion": 7.8134263885890949, "distances": { "1": 44.3690013911767, "2": 37.0364399207442, "3": 39.90796443875551, "4": 50.196456988997674, "5": 50.06549833860148, "6": 44.00313903037486, "7": 37.21983274189385, "8": 38.70779503305335, "9": 43.67617920700495, "10": 46.5255302276246, "11": 39.24798110176332, "12": 38.379767192497006, "13": 42.67125248136824, "14": 40.5359789848436, "15": 34.94270154412569, "16": 33.477465697967794, "17": 17.94250450779457, "18": 26.841413171797956, "19": 21.22788102258737, "20": 21.80393467466099, "21": 18.419370258015437, "22": 13.061726264546861, "23": 16.902940728447202, "24": 14.008120383903456, "25": 12.639666271380115, "27": 35.26212642656508, "28": 35.01435122331363, "29": 35.36380102104348, "30": 32.65076793584202, "31": 31.087752946475653, "32": 31.186941843161186, "33": 25.433268550617022, "34": 26.413953150076185, "35": 21.126752268428547, "36": 14.225504472869702, "37": 14.082016501725768, "38": 20.9088888280556, "39": 24.49705789201529, "40": 26.465584459821873, "41": 25.466773838207605, "42": 26.75374393337845, "43": 29.65365284098037, "44": 24.460558275591055, "45": 29.324853762904393, "46": 32.74148942307722, "47": 32.06051706457048, "48": 31.469784013986697, "49": 29.646176815888847, "50": 30.26825187530719, "51": 25.17007959604285, "52": 30.943092331036915, "53": 31.314018259526065, "54": 32.21925824208541, "55": 24.433290635490895, "56": 18.862182131644982, "57": 24.426035638336867, "58": 23.06878724157273, "59": 29.59282457288902, "60": 25.72635055385134, "61": 32.74855204467067, "62": 28.174871484555975, "63": 32.985356448186984, "64": 28.674841731177313, "65": 32.49396512719889, "66": 25.972387769283035, "67": 26.035213671583264 } }, "geometry": { "type": "Polygon", "coordinates": [ [ [ 137.625, -28.625 ], [ 137.625, -29.125 ], [ 137.875, -29.125 ], [ 137.875, -29.375 ], [ 138.125, -29.375 ], [ 138.125, -29.625 ], [ 138.375, -29.625 ], [ 138.375, -30.375 ], [ 138.125, -30.375 ], [ 138.125, -31.375 ], [ 138.375, -31.375 ], [ 138.375, -32.125 ], [ 138.625, -32.125 ], [ 138.625, -31.375 ], [ 138.875, -31.375 ], [ 138.875, -30.625 ], [ 139.125, -30.625 ], [ 139.125, -30.375 ], [ 139.375, -30.375 ], [ 139.375, -31.125 ], [ 139.125, -31.125 ], [ 139.125, -32.125 ], [ 139.375, -32.125 ], [ 139.375, -32.375 ], [ 140.875, -32.375 ], [ 140.875, -32.125 ], [ 141.375, -32.125 ], [ 141.375, -31.875 ], [ 142.125, -31.875 ], [ 142.125, -31.625 ], [ 142.875, -31.625 ], [ 142.875, -31.875 ], [ 143.125, -31.875 ], [ 143.125, -32.125 ], [ 143.375, -32.125 ], [ 143.375, -32.375 ], [ 143.625, -32.375 ], [ 143.625, -32.625 ], [ 144.125, -32.625 ], [ 144.125, -31.625 ], [ 143.625, -31.625 ], [ 143.625, -30.875 ], [ 142.625, -30.875 ], [ 142.625, -30.625 ], [ 142.375, -30.625 ], [ 142.375, -30.375 ], [ 141.875, -30.375 ], [ 141.875, -29.875 ], [ 141.375, -29.875 ], [ 141.375, -29.625 ], [ 140.375, -29.625 ], [ 140.375, -29.375 ], [ 140.125, -29.375 ], [ 140.125, -29.125 ], [ 139.375, -29.125 ], [ 139.375, -29.375 ], [ 138.625, -29.375 ], [ 138.625, -29.125 ], [ 138.375, -29.125 ], [ 138.375, -28.875 ], [ 137.875, -28.875 ], [ 137.875, -28.625 ], [ 137.625, -28.625 ] ] ] } },
{ "type": "Feature", "properties": { "cluster_id": 27, "cohesion": 8.7314838671739263, "distances": { "1": 27.14337635070867, "2": 23.513519482134058, "3": 24.541024819758732, "4": 32.125889657160556, "5": 34.57557781120832, "6": 30.797846156704836, "7": 27.419642649687127, "8": 33.88549344450621, "9": 33.02272019271419, "10": 35.79916752458324, "11": 33.96456162624213, "12": 32.04727526093667, "13": 26.14719458895143, "14": 27.894996411820994, "15": 27.62312181335396, "16": 23.055824174917586, "17": 31.953846729426584, "18": 28.352581337977394, "19": 30.60630451074919, "20": 27.534599807211134, "21": 31.656772078356216, "22": 35.500150771702344, "23": 34.72757904637372, "24": 34.48933589939442, "25": 34.60477585565076, "26": 35.26212642656508, "28": 20.208921693947794, "29": 13.052076540307219, "30": 24.44854444905957, "31": 27.969547763248322, "32": 17.62438239712667, "33": 23.932673045570805, "34": 28.95111103510993, "35": 33.01590192736573, "36": 34.425575242695245, "37": 34.56672879474673, "38": 30.90777036706495, "39": 32.39489382642072, "40": 30.43522730997615, "41": 27.65768452345483, "42": 31.730592097269415, "43": 29.52808063466381, "44": 33.98682559477409, "45": 26.37003327129807, "46": 23.819964814614234, "47": 24.990066890637838, "48": 28.126167823444145, "49": 26.154041653279034, "50": 28.874648069195164, "51": 27.09266274064555, "52": 28.566034043998854, "53": 23.53712920733998, "54": 27.965983217933704, "55": 31.937846219088645, "56": 33.68965907559181, "57": 30.39924755302188, "58": 31.91413675793041, "59": 30.348069302527524, "60": 33.46137464134305, "61": 33.64434410348477, "62": 25.100905280043197, "63": 31.200398511524245, "64": 31.600353832145654, "65": 33.753553075853894, "66": 33.568053330354594, "67": 33.410466954166914 } }, "geometry": { "type": "MultiPolygon", "coordinates": [ [ [ [ 125.375, -33.125 ], [ 124.875, -33.125 ], [ 124.875, -33.375 ], [ 124.375, -33.375 ], [ 124.375, -33.625 ], [ 124.125, -33.625 ], [ 124.125, -33.875 ], [ 123.875, -33.875 ], [ 123.875, -34.125 ], [ 123.625, -34.125 ], [ 123.625, -34.375 ], [ 122.125, -34.375 ], [ 122.125, -34.125 ], [ 120.875, -34.125 ], [ 120.875, -34.375 ], [ 119.625, -34.375 ], [ 119.625, -34.625 ], [ 119.375, -34.625 ], [ 119.375, -34.875 ], [ 118.625, -34.875 ], [ 118.625, -35.125 ], [ 118.375, -35.125 ], [ 118.375, -35.375 ], [ 116.125, -35.375 ], [ 116.125, -35.125 ], [ 115.875, -35.125 ], [ 115.875, -34.875 ], [ 115.625, -34.875 ], [ 115.625, -34.625 ], [ 115.125, -34.625 ], [ 115.125, -34.375 ], [ 114.875, -34.375 ], [ 114.875, -34.125 ], [ 115.375, -34.125 ], [ 115.375, -34.375 ], [ 115.875, -34.375 ], [ 115.875, -34.125 ], [ 118.125, -34.125 ], [ 118.125, -33.875 ], [ 118.875, -33.875 ], [ 118.875, -33.625 ], [ 119.375, -33.625 ], [ 119.375, -33.375 ], [ 119.875, -33.375 ], [ 119.875, -32.875 ], [ 121.125, -32.875 ], [ 121.125, -33.125 ], [ 121.875, -33.125 ], [ 121.875, -32.875 ], [ 122.375, -32.875 ], [ 122.375, -32.625 ], [ 125.375, -32.625 ], [ 125.375, -33.125 ] ] ], [ [ [ 125.375, -32.375 ], [ 125.625, -32.375 ], [ 125.625, -32.625 ], [ 125.375, -32.625 ], [ 125.375, -32.375 ] ] ] ] } },
{ "type": "Feature", "properties": { "cluster_id": 28, "cohesion": 6.9985339404739557, "distances": { "1": 38.61652943866565, "2": 30.414386810222908, "3": 34.638136650223075, "4": 42.445957341667935, "5": 43.39053584359431, "6": 37.67993220728056, "7": 32.57308832507978, "8": 37.38143867871751, "9": 40.01284562733237, "10": 41.85185459461975, "11": 38.7907683805147, "12": 37.66308904842504, "13": 34.5535769074571, "14": 35.46773962017654, "15": 32.42119324213836, "16": 26.027060104447003, "17": 36.01318835001716, "18": 36.43236812868619, "19": 36.198722291860776, "20": 31.234147407186956, "21": 30.948077953051882, "22": 35.501322449590745, "23": 36.54709657439136, "24": 37.17338671036128, "25": 33.12404792273676, "26": 35.01435122331364, "27": 20.208921693947794, "29": 13.325705795875, "30": 14.433990370450504, "31": 14.030268652541588, "32": 17.857216589243674, "33": 24.296669522170788, "34": 21.54426188105933, "35": 27.780063609867735, "36": 30.790772904364424, "37": 31.791585333013625, "38": 26.443186352294873, "39": 22.57011836061362, "40": 23.396754331549733, "41": 26.830937018037453, "42": 25.066634664950143, "43": 17.44482934223265, "44": 24.261608126029213, "45": 28.732917496849137, "46": 27.850792103274625, "47": 28.796747772785384, "48": 31.08411978469202, "49": 30.652457057906446, "50": 35.378703164481124, "51": 30.904364888775774, "52": 37.22091572491462, "53": 30.570488074093564, "54": 35.24413034499658, "55": 32.15182007022886, "56": 31.811287981851645, "57": 32.85466143416396, "58": 32.4873020513864, "59": 32.18449662315138, "60": 32.006258946776995, "61": 34.340942719981314, "62": 28.0032101352602, "63": 34.72351092262644, "64": 31.227344167999888, "65": 34.97957048856475, "66": 31.42585201648035, "67": 31.166523318234958 } }, "geometry": { "type": "Polygon", "coordinates": [ [ [ 118.375, -30.125 ], [ 118.375, -30.375 ], [ 118.125, -30.375 ], [ 118.125, -30.625 ], [ 117.875, -30.625 ], [ 117.875, -30.875 ], [ 116.375, -30.875 ], [ 116.375, -30.625 ], [ 115.625, -30.625 ], [ 115.625, -30.375 ], [ 115.375, -30.375 ], [ 115.375, -30.625 ], [ 115.125, -30.625 ], [ 115.125, -30.875 ], [ 114.875, -30.875 ], [ 114.875, -31.125 ], [ 115.125, -31.125 ], [ 115.125, -31.375 ], [ 115.375, -31.375 ], [ 115.375, -33.375 ], [ 115.625, -33.375 ], [ 115.625, -33.125 ], [ 117.875, -33.125 ], [ 117.875, -32.875 ], [ 119.625, -32.875 ], [ 119.625, -32.375 ], [ 119.875, -32.375 ], [ 119.875, -32.125 ], [ 120.375, -32.125 ], [ 120.375, -31.625 ], [ 120.625, -31.625 ], [ 120.625, -31.375 ], [ 120.875, -31.375 ], [ 120.875, -31.125 ], [ 121.625, -31.125 ], [ 121.625, -30.875 ], [ 121.125, -30.875 ], [ 121.125, -30.625 ], [ 120.375, -30.625 ], [ 120.375, -30.375 ], [ 119.625, -30.375 ], [ 119.625, -30.125 ], [ 118.375, -30.125 ] ] ] } },
{ "type": "Feature", "properties": { "cluster_id": 29, "cohesion": 9.3878597748048289, "distances": { "1": 33.31743331578965, "2": 26.78620880317849, "3": 29.78160045108005, "4": 37.96301038377652, "5": 39.71353016008982, "6": 34.62000178707455, "7": 30.075010019008126, "8": 36.30161796289335, "9": 37.38504738633999, "10": 39.53790860933923, "11": 37.39983576245754, "12": 36.00749709530005, "13": 30.869156498971506, "14": 32.38097810528542, "15": 30.852297390025022, "16": 24.843657052439433, "17": 34.66979834286038, "18": 32.98154758425513, "19": 33.79023148557717, "20": 28.935379345989276, "21": 30.898860768045243, "22": 35.77211526504429, "23": 36.20995638239527, "24": 36.33006198198813, "25": 33.896910632240456, "26": 35.36380102104348, "27": 13.052076540307219, "28": 13.325705795875002, "30": 17.36938481083011, "31": 21.43314777271372, "32": 14.237426013304884, "33": 22.38505109371503, "34": 23.919711420387443, "35": 30.877102957408383, "36": 32.67851196762142, "37": 33.23815871474229, "38": 28.015710750380148, "39": 27.44930425809406, "40": 27.81722783547722, "41": 27.76305897861829, "42": 29.592945730723795, "43": 24.703012766021317, "44": 29.99097228047623, "45": 27.385817394964153, "46": 25.49158180435292, "47": 27.03541375896958, "48": 29.7642133590189, "49": 28.989725229304895, "50": 33.219493431085304, "51": 29.842414884689784, "52": 33.94561245513801, "53": 27.871470114263797, "54": 32.78152162061496, "55": 32.13135014645838, "56": 32.851966028850164, "57": 32.12178560701298, "58": 32.49038920848262, "59": 31.402758661309477, "60": 33.10787237895496, "61": 34.50425793016885, "62": 27.313208757728393, "63": 34.223694387155575, "64": 32.6456588019351, "65": 35.35647401228267, "66": 33.388833008592265, "67": 33.50805209330961 } }, "geometry": { "type": "Polygon", "coordinates": [ [ [ 120.875, -31.125 ], [ 120.875, -31.375 ], [ 120.625, -31.375 ], [ 120.625, -31.625 ], [ 120.375, -31.625 ], [ 120.375, -32.125 ], [ 119.875, -32.125 ], [ 119.875, -32.375 ], [ 119.625, -32.375 ], [ 119.625, -32.875 ], [ 117.875, -32.875 ], [ 117.875, -33.125 ], [ 115.625, -33.125 ], [ 115.625, -33.375 ], [ 115.125, -33.375 ], [ 115.125, -33.625 ], [ 114.875, -33.625 ], [ 114.875, -33.875 ], [ 114.625, -33.875 ], [ 114.625, -34.125 ], [ 115.375, -34.125 ], [ 115.375, -34.375 ], [ 115.875, -34.375 ], [ 115.875, -34.125 ], [ 118.125, -34.125 ], [ 118.125, -33.875 ], [ 118.875, -33.875 ], [ 118.875, -33.625 ], [ 119.375, -33.625 ], [ 119.375, -33.375 ], [ 119.875, -33.375 ], [ 119.875, -32.875 ], [ 121.125, -32.875 ], [ 121.125, -33.125 ], [ 121.875, -33.125 ], [ 121.875, -32.875 ], [ 122.375, -32.875 ], [ 122.375, -32.625 ], [ 125.375, -32.625 ], [ 125.375, -32.375 ], [ 125.875, -32.375 ], [ 125.875, -32.125 ], [ 126.375, -32.125 ], [ 126.375, -31.875 ], [ 126.875, -31.875 ], [ 126.875, -31.625 ], [ 125.125, -31.625 ], [ 125.125, -31.875 ], [ 123.625, -31.875 ], [ 123.625, -31.625 ], [ 123.125, -31.625 ], [ 123.125, -31.375 ], [ 121.625, -31.375 ], [ 121.625, -31.125 ], [ 120.875, -31.125 ] ] ] } },
{ "type": "Feature", "properties": { "cluster_id": 30, "cohesion": 6.5547076073281518, "distances": { "1": 43.0253704496918, "2": 33.40488195076963, "3": 38.02983278034179, "4": 48.577409907828645, "5": 49.92052436572203, "6": 43.64164424342401, "7": 37.063107539424216, "8": 43.071606958105406, "9": 45.514512520963955, "10": 48.56883504415753, "11": 44.09290182831641, "12": 42.28364057255709, "13": 40.05527419477387, "14": 40.64923974045209, "15": 36.54396231556264, "16": 30.1877846668315, "17": 35.50412337945063, "18": 36.26745070794967, "19": 34.446376329036006, "20": 27.259768037350828, "21": 25.53395915772726, "22": 34.636559346008404, "23": 36.47449556509212, "24": 35.27042309609828, "25": 28.89348161928971, "26": 32.65076793584202, "27": 24.44854444905957, "28": 14.433990370450504, "29": 17.369384810830113, "31": 12.673802438491228, "32": 13.463243370784621, "33": 18.3939855407122, "34": 13.386822625966014, "35": 27.84654828641477, "36": 27.402764896585946, "37": 29.717539967235233, "38": 20.501735275167565, "39": 17.481439928999908, "40": 23.184354347296484, "41": 26.145883708283787, "42": 25.756120912130072, "43": 18.757978462093728, "44": 22.382966178135227, "45": 29.937729678815227, "46": 29.675455331658576, "47": 32.12043414722166, "48": 33.80957391930842, "49": 34.546022412771265, "50": 39.38535502991729, "51": 34.22738751926941, "52": 39.408593331105365, "53": 34.107891208471166, "54": 39.4033335994948, "55": 33.98983633612378, "56": 31.841787337728118, "57": 34.888532749872745, "58": 32.99182943292825, "59": 35.393780968695566, "60": 34.712459533548504, "61": 39.054417200986364, "62": 29.879812694028043, "63": 38.191978126369015, "64": 33.66861517933602, "65": 39.36170757719129, "66": 34.29773430996873, "67": 33.481769261500105 } }, "geometry": { "type": "Polygon", "coordinates": [ [ [ 123.625, -28.625 ], [ 123.625, -29.125 ], [ 123.875, -29.125 ], [ 123.875, -29.375 ], [ 123.375, -29.375 ], [ 123.375, -29.625 ], [ 122.875, -29.625 ], [ 122.875, -29.875 ], [ 121.625, -29.875 ], [ 121.625, -29.625 ], [ 120.625, -29.625 ], [ 120.625, -29.875 ], [ 120.375, -29.875 ], [ 120.375, -30.625 ], [ 121.125, -30.625 ], [ 121.125, -30.875 ], [ 121.625, -30.875 ], [ 121.625, -31.375 ], [ 123.125, -31.375 ], [ 123.125, -31.125 ], [ 123.375, -31.125 ], [ 123.375, -30.875 ], [ 124.125, -30.875 ], [ 124.125, -31.125 ], [ 124.375, -31.125 ], [ 124.375, -31.375 ], [ 125.625, -31.375 ], [ 125.625, -31.125 ], [ 125.875, -31.125 ], [ 125.875, -30.875 ], [ 127.625, -30.875 ], [ 127.625, -30.375 ], [ 126.875, -30.375 ], [ 126.875, -30.125 ], [ 126.375, -30.125 ], [ 126.375, -29.625 ], [ 126.125, -29.625 ], [ 126.125, -29.375 ], [ 125.875, -29.375 ], [ 125.875, -28.875 ], [ 125.375, -28.875 ], [ 125.375, -28.625 ], [ 123.625, -28.625 ] ] ] } },
{ "type": "Feature", "properties": { "cluster_id": 31, "cohesion": 8.4193387405457081, "distances": { "1": 44.05583528792562, "2": 34.62044102267979, "3": 39.37412467518156, "4": 48.17341292573838, "5": 48.57070058928369, "6": 42.287208014054066, "7": 36.07539648305053, "8": 39.73878409236182, "9": 43.44787496153789, "10": 45.941306604688705, "11": 40.811618297308705, "12": 39.5124436456087, "13": 39.58793844664453, "14": 39.40361739054508, "15": 34.44120440172903, "16": 28.844229706048885, "17": 34.557906193391226, "18": 37.33704560316928, "19": 35.27320650999486, "20": 29.99855335919379, "21": 27.039638004594064, "22": 32.56275187350108, "23": 34.63100944044049, "24": 34.496653317533756, "25": 28.25731673900513, "26": 31.087752946475657, "27": 27.969547763248322, "28": 14.03026865254159, "29": 21.43314777271372, "30": 12.67380243849123, "32": 20.53473822257658, "33": 23.415067519809458, "34": 16.693865929140266, "35": 23.32237840904692, "36": 25.52670098592246, "37": 27.436707916789338, "38": 21.693391534829313, "39": 14.740009651556546, "40": 18.318057338287986, "41": 23.979561483037834, "42": 19.40355934210588, "43": 11.356318381271944, "44": 16.030605848048996, "45": 30.052786567966887, "46": 30.855228621827226, "47": 31.908654918614346, "48": 32.84460617411896, "49": 33.10062128253775, "50": 37.47773991238125, "51": 31.968210966757244, "52": 39.138017419806104, "53": 33.52596648315291, "54": 37.6724716075089, "55": 31.550979466442097, "56": 29.10223285609714, "57": 33.18252227623869, "58": 31.497559364712952, "59": 33.141874766734176, "60": 30.82768989787295, "61": 35.19252617890006, "62": 27.80690081174497, "63": 34.77587351217774, "64": 29.05636913522534, "65": 34.949330039626886, "66": 29.196581508963188, "67": 28.031964916222773 } }, "geometry": { "type": "MultiPolygon", "coordinates": [ [ [ [ 114.375, -29.125 ], [ 114.375, -28.875 ], [ 114.625, -28.875 ], [ 114.625, -29.125 ], [ 114.375, -29.125 ] ] ], [ [ [ 114.875, -29.125 ], [ 114.875, -29.625 ], [ 115.125, -29.625 ], [ 115.125, -30.125 ], [ 115.625, -30.125 ], [ 115.625, -29.875 ], [ 115.875, -29.875 ], [ 115.875, -29.375 ], [ 116.125, -29.375 ], [ 116.125, -29.625 ], [ 116.375, -29.625 ], [ 116.375, -29.375 ], [ 116.625, -29.375 ], [ 116.625, -28.375 ], [ 117.125, -28.375 ], [ 117.125, -28.625 ], [ 117.375, -28.625 ], [ 117.375, -28.875 ], [ 118.125, -28.875 ], [ 118.125, -28.625 ], [ 118.375, -28.625 ], [ 118.375, -28.375 ], [ 118.625, -28.375 ], [ 118.625, -28.125 ], [ 118.875, -28.125 ], [ 118.875, -27.875 ], [ 119.125, -27.875 ], [ 119.125, -27.625 ], [ 119.375, -27.625 ], [ 119.375, -27.125 ], [ 119.625, -27.125 ], [ 119.625, -26.875 ], [ 120.625, -26.875 ], [ 120.625, -26.375 ], [ 121.125, -26.375 ], [ 121.125, -26.125 ], [ 121.625, -26.125 ], [ 121.625, -26.625 ], [ 121.875, -26.625 ], [ 121.875, -26.875 ], [ 122.375, -26.875 ], [ 122.375, -27.125 ], [ 122.125, -27.125 ], [ 122.125, -27.375 ], [ 122.375, -27.375 ], [ 122.375, -27.625 ], [ 122.625, -27.625 ], [ 122.625, -27.875 ], [ 123.625, -27.875 ], [ 123.625, -28.125 ], [ 125.875, -28.125 ], [ 125.875, -28.375 ], [ 126.125, -28.375 ], [ 126.125, -28.625 ], [ 125.875, -28.625 ], [ 125.875, -28.875 ], [ 125.375, -28.875 ], [ 125.375, -28.625 ], [ 123.625, -28.625 ], [ 123.625, -29.125 ], [ 123.875, -29.125 ], [ 123.875, -29.375 ], [ 123.375, -29.375 ], [ 123.375, -29.625 ], [ 122.875, -29.625 ], [ 122.875, -29.875 ], [ 121.625, -29.875 ], [ 121.625, -29.625 ], [ 120.625, -29.625 ], [ 120.625, -29.875 ], [ 120.375, -29.875 ], [ 120.375, -30.375 ], [ 119.625, -30.375 ], [ 119.625, -30.125 ], [ 118.375, -30.125 ], [ 118.375, -30.375 ], [ 118.125, -30.375 ], [ 118.125, -30.625 ], [ 117.875, -30.625 ], [ 117.875, -30.875 ], [ 116.375, -30.875 ], [ 116.375, -30.625 ], [ 115.625, -30.625 ], [ 115.625, -30.375 ], [ 115.375, -30.375 ], [ 115.375, -30.625 ], [ 115.125, -30.625 ], [ 115.125, -30.875 ], [ 114.875, -30.875 ], [ 114.875, -30.625 ], [ 114.625, -30.625 ], [ 114.625, -29.125 ], [ 114.875, -29.125 ] ] ] ] } },
{ "type": "Feature", "properties": { "cluster_id": 32, "cohesion": 7.9503255044167727, "distances": { "1": 36.096894534564186, "2": 27.562005266555303, "3": 31.414488954210114, "4": 42.63911875422553, "5": 44.468368243645315, "6": 38.395399693527594, "7": 32.03535058757383, "8": 39.393405984109506, "9": 40.96648398816414, "10": 44.015615386291195, "11": 40.26069495842069, "12": 38.36872754860175, "13": 34.8996461565454, "14": 35.77834988479406, "15": 32.85365935739155, "16": 27.046099639726314, "17": 32.175190491290216, "18": 30.973310939601255, "19": 30.27482467268187, "20": 22.87379873842512, "21": 24.68799524693512, "22": 32.113133294289945, "23": 33.20117477291845, "24": 32.65323916447472, "25": 28.788633204909925, "26": 31.186941843161193, "27": 17.62438239712667, "28": 17.857216589243674, "29": 14.237426013304884, "30": 13.463243370784621, "31": 20.53473822257658, "33": 13.871648570061089, "34": 17.09955110239792, "35": 28.978203934120256, "36": 27.996213744975257, "37": 29.14469428987025, "38": 21.6151064358313, "39": 23.38059947985852, "40": 25.362494119669712, "41": 24.790189924434728, "42": 28.69156593141409, "43": 24.27545432107537, "44": 27.758971103549005, "45": 25.721667505672787, "46": 24.54538318663036, "47": 26.9834411266487, "48": 29.338005123426043, "49": 29.562237619419268, "50": 34.49122272026112, "51": 30.083423858717534, "52": 34.19183301599686, "53": 29.3543249579886, "54": 34.67056801238163, "55": 30.643356911602506, "56": 30.12403770362511, "57": 30.543002705552198, "58": 29.617923159684647, "59": 31.41968887842527, "60": 32.88222455152655, "61": 36.34700821105093, "62": 26.686528303862445, "63": 35.21781008628208, "64": 32.73043168832587, "65": 37.05242922615211, "66": 33.66533857399762, "67": 33.473139980967616 } }, "geometry": { "type": "Polygon", "coordinates": [ [ [ 123.375, -30.875 ], [ 123.375, -31.125 ], [ 123.125, -31.125 ], [ 123.125, -31.625 ], [ 123.625, -31.625 ], [ 123.625, -31.875 ], [ 125.125, -31.875 ], [ 125.125, -31.625 ], [ 126.875, -31.625 ], [ 126.875, -31.875 ], [ 126.375, -31.875 ], [ 126.375, -32.125 ], [ 125.875, -32.125 ], [ 125.875, -32.375 ], [ 125.625, -32.375 ], [ 125.625, -32.625 ], [ 125.375, -32.625 ], [ 125.375, -32.875 ], [ 125.875, -32.875 ], [ 125.875, -32.625 ], [ 127.375, -32.625 ], [ 127.375, -32.375 ], [ 128.375, -32.375 ], [ 128.375, -32.125 ], [ 128.875, -32.125 ], [ 128.875, -31.625 ], [ 129.375, -31.625 ], [ 129.375, -31.375 ], [ 128.875, -31.375 ], [ 128.875, -31.125 ], [ 127.375, -31.125 ], [ 127.375, -30.875 ], [ 125.875, -30.875 ], [ 125.875, -31.125 ], [ 125.625, -31.125 ], [ 125.625, -31.375 ], [ 124.375, -31.375 ], [ 124.375, -31.125 ], [ 124.125, -31.125 ], [ 124.125, -30.875 ], [ 123.375, -30.875 ] ] ] } },
{ "type": "Feature", "properties": { "cluster_id": 33, "cohesion": 5.2656154376710269, "distances": { "1": 37.781653284246175, "2": 28.49710615922662, "3": 32.33798988026255, "4": 45.54856181255764, "5": 47.47905449571635, "6": 41.2522571246836, "7": 33.80643193358195, "8": 41.2465279943078, "9": 42.71943539311552, "10": 46.92677995998434, "11": 41.21553346330512, "12": 38.94296047082119, "13": 37.366820273620625, "14": 37.55171843460021, "15": 33.5181033289811, "16": 28.53843063169187, "17": 27.503528155976102, "18": 26.844624599326636, "19": 24.04295071731138, "20": 13.627263675397732, "21": 14.994120343839628, "22": 27.876387766864617, "23": 28.8831011314981, "24": 26.468847544987426, "25": 20.9241226772735, "26": 25.433268550617022, "27": 23.932673045570805, "28": 24.296669522170788, "29": 22.38505109371503, "30": 18.3939855407122, "31": 23.415067519809458, "32": 13.871648570061089, "34": 13.769193374667982, "35": 26.861659665280612, "36": 21.97993225363465, "37": 24.764741940475872, "38": 13.66600688333411, "39": 21.000706475862824, "40": 24.47014670519078, "41": 22.7367749976875, "42": 27.590925842350885, "43": 25.667066060995445, "44": 25.755225524171905, "45": 24.210576107389628, "46": 24.147077600955832, "47": 27.215500202484474, "48": 28.811605794907845, "49": 29.86208476907819, "50": 34.31402009045548, "51": 29.46387295733575, "52": 32.30913049945157, "53": 29.425175137199293, "54": 34.790944434715, "55": 29.91802033455975, "56": 27.899294903708736, "57": 28.88846470317795, "58": 26.40869400602091, "59": 31.70831088138913, "60": 32.752187081722596, "61": 37.645709647827786, "62": 26.01007287425264, "63": 34.66907933295638, "64": 31.454071401329063, "65": 37.177828602069695, "66": 32.76486426175441, "67": 31.784286760309932 } }, "geometry": { "type": "Polygon", "coordinates": [ [ [ 128.875, -30.875 ], [ 128.875, -31.375 ], [ 129.375, -31.375 ], [ 129.375, -31.625 ], [ 128.875, -31.625 ], [ 128.875, -32.125 ], [ 129.375, -32.125 ], [ 129.375, -31.875 ], [ 131.625, -31.875 ], [ 131.625, -32.125 ], [ 132.125, -32.125 ], [ 132.125, -31.875 ], [ 133.625, -31.875 ], [ 133.625, -31.125 ], [ 133.125, -31.125 ], [ 133.125, -30.875 ], [ 128.875, -30.875 ] ] ] } },
{ "type": "Feature", "properties": { "cluster_id": 34, "cohesion": 7.439724718392239, "distances": { "1": 44.461116411528806, "2": 34.10343654043726, "3": 38.97112415367669, "4": 50.78501958048963, "5": 51.7988700474748, "6": 44.81198724464528, "7": 37.20392563628799, "8": 42.8183847832991, "9": 46.52408741837602, "10": 49.60076045437535, "11": 44.00040642201528, "12": 42.67072643413472, "13": 41.94797476294734, "14": 41.82080953619385, "15": 37.05128996711743, "16": 31.232077694990853, "17": 32.00350836073283, "18": 34.50822712911006, "19": 30.965633377134136, "20": 22.407082183184148, "21": 18.73491817185192, "22": 28.898789031280845, "23": 31.81700163222901, "24": 30.445863619467627, "25": 21.8532456444986, "26": 26.413953150076185, "27": 28.951111035109932, "28": 21.54426188105933, "29": 23.919711420387443, "30": 13.386822625966014, "31": 16.693865929140266, "32": 17.09955110239792, "33": 13.769193374667982, "35": 23.19017733126959, "36": 20.165155691968756, "37": 23.295329448951456, "38": 12.077487482320297, "39": 12.630169331463142, "40": 22.5904714600329, "41": 24.966369209307015, "42": 24.954875923593324, "43": 20.742656905714394, "44": 19.35291751195257, "45": 28.331864577278573, "46": 29.276778591402532, "47": 31.565127325465056, "48": 32.40563335569375, "49": 33.77458956807212, "50": 38.912644708894554, "51": 32.90308632427216, "52": 38.86009684084005, "53": 34.43656756101567, "54": 39.544099981686585, "55": 30.478227628586136, "56": 26.945921733666673, "57": 32.20342591005571, "58": 29.0774921244996, "59": 33.25242764950221, "60": 31.67792546766171, "61": 37.61898351228103, "62": 29.591841594316232, "63": 37.77007409730283, "64": 32.49134951016152, "65": 37.99212512306738, "66": 31.437840428820504, "67": 31.02107275834396 } }, "geometry": { "type": "Polygon", "coordinates": [ [ [ 130.375, -26.625 ], [ 130.375, -26.875 ], [ 129.875, -26.875 ], [ 129.875, -27.625 ], [ 130.125, -27.625 ], [ 130.125, -27.875 ], [ 129.625, -27.875 ], [ 129.625, -28.125 ], [ 127.125, -28.125 ], [ 127.125, -28.625 ], [ 125.875, -28.625 ], [ 125.875, -29.375 ], [ 126.125, -29.375 ], [ 126.125, -29.625 ], [ 126.375, -29.625 ], [ 126.375, -30.125 ], [ 126.875, -30.125 ], [ 126.875, -30.375 ], [ 127.625, -30.375 ], [ 127.625, -30.875 ], [ 127.375, -30.875 ], [ 127.375, -31.125 ], [ 128.875, -31.125 ], [ 128.875, -30.875 ], [ 132.375, -30.875 ], [ 132.375, -30.625 ], [ 132.125, -30.625 ], [ 132.125, -30.375 ], [ 131.875, -30.375 ], [ 131.875, -30.125 ], [ 131.625, -30.125 ], [ 131.625, -29.875 ], [ 131.375, -29.875 ], [ 131.375, -29.125 ], [ 132.125, -29.125 ], [ 132.125, -28.625 ], [ 131.875, -28.625 ], [ 131.875, -28.125 ], [ 131.375, -28.125 ], [ 131.375, -27.625 ], [ 131.625, -27.625 ], [ 131.625, -26.875 ], [ 130.875, -26.875 ], [ 130.875, -26.625 ], [ 130.375, -26.625 ] ] ] } },
{ "type": "Feature", "properties": { "cluster_id": 35, "cohesion": 9.6441423445208869, "distances": { "1": 42.236100904424816, "2": 34.297986495696776, "3": 38.19354948988473, "4": 45.44712768950652, "5": 44.090023057303874, "6": 37.449651212207044, "7": 31.479601085517672, "8": 29.969140712705507, "9": 37.44507982308315, "10": 38.53716100815063, "11": 31.744163096192082, "12": 32.94355024910774, "13": 37.71732117622162, "14": 35.30436356911168, "15": 29.812973378605633, "16": 27.51865650006738, "17": 28.38431085377903, "18": 35.033452962962194, "19": 31.70113863120732, "20": 29.087040305449964, "21": 25.323350844266557, "22": 21.166242467877588, "23": 25.943052333930186, "24": 27.66747031747964, "25": 21.708648838840244, "26": 21.126752268428547, "27": 33.01590192736574, "28": 27.780063609867735, "29": 30.877102957408383, "30": 27.84654828641477, "31": 23.32237840904692, "32": 28.978203934120256, "33": 26.861659665280612, "34": 23.19017733126959, "36": 16.313661670254938, "37": 15.509274862222403, "38": 21.027437661424415, "39": 17.502415766383915, "40": 21.024658803135097, "41": 23.234268323702054, "42": 18.294937913305695, "43": 21.023100781308457, "44": 15.30655015528719, "45": 27.97035896915805, "46": 31.0222140875356, "47": 30.50000910443529, "48": 28.64599025010958, "49": 28.821450263226524, "50": 32.09500465695937, "51": 25.84785437017096, "52": 35.897454468310066, "53": 31.46547533715789, "54": 33.13675948716938, "55": 20.536565947261288, "56": 16.28910272766131, "57": 26.95670592488368, "58": 25.066942880123452, "59": 23.991948047127813, "60": 16.871689198554492, "61": 22.92366893635863, "62": 24.788462869211283, "63": 27.887964858295433, "64": 21.92609893159565, "65": 22.980124609031833, "66": 14.295277141369127, "67": 16.612460897802173 } }, "geometry": { "type": "Polygon", "coordinates": [ [ [ 133.875, -23.625 ], [ 133.875, -23.875 ], [ 131.875, -23.875 ], [ 131.875, -24.125 ], [ 131.375, -24.125 ], [ 131.375, -23.875 ], [ 130.375, -23.875 ], [ 130.375, -24.125 ], [ 130.125, -24.125 ], [ 130.125, -24.625 ], [ 128.875, -24.625 ], [ 128.875, -24.375 ], [ 126.875, -24.375 ], [ 126.875, -24.625 ], [ 124.625, -24.625 ], [ 124.625, -25.125 ], [ 125.625, -25.125 ], [ 125.625, -25.375 ], [ 125.875, -25.375 ], [ 125.875, -25.625 ], [ 129.875, -25.625 ], [ 129.875, -25.875 ], [ 130.125, -25.875 ], [ 130.125, -25.625 ], [ 130.625, -25.625 ], [ 130.625, -25.875 ], [ 131.375, -25.875 ], [ 131.375, -25.625 ], [ 131.875, -25.625 ], [ 131.875, -25.375 ], [ 132.875, -25.375 ], [ 132.875, -24.875 ], [ 133.375, -24.875 ], [ 133.375, -24.625 ], [ 134.375, -24.625 ], [ 134.375, -24.375 ], [ 134.125, -24.375 ], [ 134.125, -24.125 ], [ 134.375, -24.125 ], [ 134.375, -23.875 ], [ 134.625, -23.875 ], [ 134.625, -23.625 ], [ 133.875, -23.625 ] ] ] } },
{ "type": "Feature", "properties": { "cluster_id": 36, "cohesion": 8.124790364100674, "distances": { "1": 44.652099368597874, "2": 36.02422703503888, "3": 39.58560265823083, "4": 50.697130556356136, "5": 50.64269590546206, "6": 44.06001465981265, "7": 36.57475384942921, "8": 38.656089398507824, "9": 44.0460698617515, "10": 46.96530073361896, "11": 39.39885098662317, "12": 38.7584769195797, "13": 42.518852817487534, "14": 40.56172614203725, "15": 34.811818962914195, "16": 32.1101135691424, "17": 24.711788815208905, "18": 31.33130785015582, "19": 26.08766080875296, "20": 22.098112523213604, "21": 16.509134292828897, "22": 17.81240607534516, "23": 22.940795498226098, "24": 21.57302331216804, "25": 11.53048131677392, "26": 14.225504472869705, "27": 34.425575242695245, "28": 30.790772904364424, "29": 32.67851196762142, "30": 27.402764896585946, "31": 25.526700985922457, "32": 27.996213744975257, "33": 21.979932253634647, "34": 20.165155691968756, "35": 16.313661670254934, "37": 10.96564744850476, "38": 13.77386480627768, "39": 17.769093297352924, "40": 22.454950962429333, "41": 22.79437095556854, "42": 22.75170084039717, "43": 24.586321354484678, "44": 18.806252765169585, "45": 28.083894753831828, "46": 31.42793242582795, "47": 32.3264668553655, "48": 30.85417499896915, "49": 31.491557137636224, "50": 34.39213225553388, "51": 28.139698553993735, "52": 35.18556409228621, "53": 32.79472564232416, "54": 35.70546671604888, "55": 24.218880114407767, "56": 17.53665660915475, "57": 27.41416158636845, "58": 23.69104616391924, "59": 29.12840705581468, "60": 24.324902353901056, "61": 32.135517697840164, "62": 26.689938453768235, "63": 32.78146525049916, "64": 27.0703140786406, "65": 31.791731262242067, "66": 24.042283746483985, "67": 24.078542912669302 } }, "geometry": { "type": "MultiPolygon", "coordinates": [ [ [ [ 137.625, -28.875 ], [ 137.625, -29.125 ], [ 137.875, -29.125 ], [ 137.875, -29.375 ], [ 138.125, -29.375 ], [ 138.125, -29.625 ], [ 138.375, -29.625 ], [ 138.375, -29.875 ], [ 137.625, -29.875 ], [ 137.625, -29.625 ], [ 137.375, -29.625 ], [ 137.375, -28.875 ], [ 137.625, -28.875 ] ] ], [ [ [ 138.125, -28.875 ], [ 137.875, -28.875 ], [ 137.875, -28.625 ], [ 138.125, -28.625 ], [ 138.125, -28.875 ] ] ], [ [ [ 137.375, -28.375 ], [ 137.125, -28.375 ], [ 137.125, -28.625 ], [ 136.875, -28.625 ], [ 136.875, -28.375 ], [ 136.625, -28.375 ], [ 136.625, -28.125 ], [ 135.875, -28.125 ], [ 135.875, -27.625 ], [ 135.375, -27.625 ], [ 135.375, -27.375 ], [ 134.125, -27.375 ], [ 134.125, -27.125 ], [ 133.875, -27.125 ], [ 133.875, -26.875 ], [ 134.375, -26.875 ], [ 134.375, -26.375 ], [ 134.125, -26.375 ], [ 134.125, -26.125 ], [ 133.875, -26.125 ], [ 133.875, -26.375 ], [ 133.125, -26.375 ], [ 133.125, -26.625 ], [ 132.625, -26.625 ], [ 132.625, -26.375 ], [ 131.375, -26.375 ], [ 131.375, -26.125 ], [ 130.375, -26.125 ], [ 130.375, -25.875 ], [ 131.375, -25.875 ], [ 131.375, -25.625 ], [ 131.875, -25.625 ], [ 131.875, -25.375 ], [ 132.625, -25.375 ], [ 132.625, -25.625 ], [ 133.125, -25.625 ], [ 133.125, -25.875 ], [ 134.625, -25.875 ], [ 134.625, -26.125 ], [ 135.125, -26.125 ], [ 135.125, -26.375 ], [ 135.375, -26.375 ], [ 135.375, -26.625 ], [ 135.625, -26.625 ], [ 135.625, -26.875 ], [ 135.875, -26.875 ], [ 135.875, -27.125 ], [ 136.625, -27.125 ], [ 136.625, -27.375 ], [ 136.875, -27.375 ], [ 136.875, -27.625 ], [ 137.125, -27.625 ], [ 137.125, -27.875 ], [ 137.625, -27.875 ], [ 137.625, -28.125 ], [ 137.875, -28.125 ], [ 137.875, -28.625 ], [ 137.375, -28.625 ], [ 137.375, -28.375 ] ] ] ] } },
{ "type": "Feature", "properties": { "cluster_id": 37, "cohesion": 7.3961793821137105, "distances": { "1": 43.94004461316689, "2": 35.5310511502642, "3": 39.22092777154683, "4": 49.53436390338684, "5": 48.91156994366766, "6": 41.76331000064816, "7": 34.31991698851404, "8": 35.50866950977223, "9": 42.592829325132904, "10": 44.23077959661419, "11": 37.533622750419276, "12": 37.79921232936641, "13": 41.65679053801765, "14": 39.48158639014734, "15": 34.1143466837886, "16": 31.71523601882539, "17": 25.668646068370318, "18": 33.02618217847294, "19": 28.496471174561897, "20": 25.46765531342686, "21": 21.472252354392086, "22": 13.491881635820485, "23": 21.057494032851753, "24": 23.16349667908735, "25": 16.333925293824528, "26": 14.08201650172577, "27": 34.56672879474673, "28": 31.791585333013625, "29": 33.23815871474229, "30": 29.717539967235233, "31": 27.436707916789338, "32": 29.14469428987025, "33": 24.764741940475872, "34": 23.295329448951463, "35": 15.509274862222407, "36": 10.965647448504757, "38": 18.4914369969675, "39": 20.711301441511004, "40": 23.37348020320177, "41": 23.93983403279286, "42": 24.21088178790094, "43": 26.014149545790776, "44": 21.124889656997468, "45": 27.332291389059257, "46": 31.114407385754507, "47": 31.094225576255216, "48": 29.066826159971583, "49": 29.596064816498515, "50": 33.19017747899553, "51": 26.599764085705772, "52": 35.89165131447791, "53": 32.93369202896878, "54": 35.15434224432813, "55": 18.81529221645167, "56": 11.576244916193806, "57": 24.85236699059894, "58": 21.461957582723777, "59": 25.071195428817195, "60": 19.336020236768913, "61": 27.9742537937057, "62": 27.08372822136975, "63": 32.45114948507917, "64": 27.24312828290986, "65": 29.66289421734072, "66": 22.15528930204169, "67": 23.955662804887904 } }, "geometry": { "type": "Polygon", "coordinates": [ [ [ 133.375, -24.625 ], [ 133.375, -24.875 ], [ 132.875, -24.875 ], [ 132.875, -25.375 ], [ 132.625, -25.375 ], [ 132.625, -25.625 ], [ 133.125, -25.625 ], [ 133.125, -25.875 ], [ 134.625, -25.875 ], [ 134.625, -26.125 ], [ 135.125, -26.125 ], [ 135.125, -26.375 ], [ 135.375, -26.375 ], [ 135.375, -26.625 ], [ 135.625, -26.625 ], [ 135.625, -26.875 ], [ 135.875, -26.875 ], [ 135.875, -27.125 ], [ 136.625, -27.125 ], [ 136.625, -27.375 ], [ 136.875, -27.375 ], [ 136.875, -27.625 ], [ 137.125, -27.625 ], [ 137.125, -27.875 ], [ 137.625, -27.875 ], [ 137.625, -28.125 ], [ 137.875, -28.125 ], [ 137.875, -28.625 ], [ 138.125, -28.625 ], [ 138.125, -28.875 ], [ 138.375, -28.875 ], [ 138.375, -29.125 ], [ 138.625, -29.125 ], [ 138.625, -29.375 ], [ 139.375, -29.375 ], [ 139.375, -29.125 ], [ 140.125, -29.125 ], [ 140.125, -29.375 ], [ 140.375, -29.375 ], [ 140.375, -29.625 ], [ 141.125, -29.625 ], [ 141.125, -29.375 ], [ 140.625, -29.375 ], [ 140.625, -29.125 ], [ 140.375, -29.125 ], [ 140.375, -27.625 ], [ 140.125, -27.625 ], [ 140.125, -27.375 ], [ 139.875, -27.375 ], [ 139.875, -27.125 ], [ 139.375, -27.125 ], [ 139.375, -27.375 ], [ 138.625, -27.375 ], [ 138.625, -27.125 ], [ 138.375, -27.125 ], [ 138.375, -27.375 ], [ 137.875, -27.375 ], [ 137.875, -27.125 ], [ 137.625, -27.125 ], [ 137.625, -26.875 ], [ 137.375, -26.875 ], [ 137.375, -26.625 ], [ 137.125, -26.625 ], [ 137.125, -26.125 ], [ 136.875, -26.125 ], [ 136.875, -25.875 ], [ 136.625, -25.875 ], [ 136.625, -25.625 ], [ 136.125, -25.625 ], [ 136.125, -25.375 ], [ 135.875, -25.375 ], [ 135.875, -25.125 ], [ 135.625, -25.125 ], [ 135.625, -24.875 ], [ 134.625, -24.875 ], [ 134.625, -24.625 ], [ 133.375, -24.625 ] ] ] } },
{ "type": "Feature", "properties": { "cluster_id": 38, "cohesion": 6.6791156884839795, "distances": { "1": 43.35329606014714, "2": 33.605703783650156, "3": 37.74846753037607, "4": 50.34473944784572, "5": 51.280435655475884, "6": 44.52947033455308, "7": 36.64656923672885, "8": 41.81953291094794, "9": 45.467882076348964, "10": 49.07494323030862, "11": 42.269721265994036, "12": 40.85537470628, "13": 41.78679081425162, "14": 40.98224536199915, "15": 35.86150834789727, "16": 31.37157380720648, "17": 27.61187786047976, "18": 30.780759365840623, "19": 26.10241148528786, "20": 17.72143618082398, "21": 12.221266094260269, "22": 24.52972633675619, "23": 27.584887692305923, "24": 25.058872343882904, "25": 14.382308284351252, "26": 20.9088888280556, "27": 30.907770367064945, "28": 26.443186352294877, "29": 28.015710750380148, "30": 20.501735275167565, "31": 21.69339153482931, "32": 21.6151064358313, "33": 13.666006883334111, "34": 12.077487482320294, "35": 21.02743766142442, "36": 13.773864806277683, "37": 18.4914369969675, "39": 14.923165823244137, "40": 22.215634462626365, "41": 22.62734440953302, "42": 24.052061049382484, "43": 23.07524379106928, "44": 19.473425077621737, "45": 26.78529676238645, "46": 28.635756379421903, "47": 30.942996408524042, "48": 30.8893137924297, "49": 32.402299502032804, "50": 36.6316626492251, "51": 30.647253984926778, "52": 35.81796666628157, "53": 32.72416057387651, "54": 37.41274688980904, "55": 28.527038774068142, "56": 23.943231828670765, "57": 29.836876482943826, "58": 25.916043957055646, "59": 31.839257705925, "60": 29.905827712089106, "61": 36.54566584493544, "62": 27.33700909674667, "63": 35.28736395365556, "64": 29.964889580743087, "65": 36.012048765850274, "66": 29.291498810080817, "67": 28.39149893303253 } }, "geometry": { "type": "Polygon", "coordinates": [ [ [ 133.875, -26.125 ], [ 133.875, -26.375 ], [ 133.125, -26.375 ], [ 133.125, -26.625 ], [ 132.625, -26.625 ], [ 132.625, -26.375 ], [ 131.875, -26.375 ], [ 131.875, -26.875 ], [ 131.625, -26.875 ], [ 131.625, -27.625 ], [ 131.375, -27.625 ], [ 131.375, -28.125 ], [ 131.875, -28.125 ], [ 131.875, -28.625 ], [ 132.125, -28.625 ], [ 132.125, -29.125 ], [ 131.375, -29.125 ], [ 131.375, -29.875 ], [ 131.625, -29.875 ], [ 131.625, -30.125 ], [ 131.875, -30.125 ], [ 131.875, -30.375 ], [ 132.125, -30.375 ], [ 132.125, -30.625 ], [ 132.375, -30.625 ], [ 132.375, -30.875 ], [ 132.875, -30.875 ], [ 132.875, -30.625 ], [ 133.125, -30.625 ], [ 133.125, -30.375 ], [ 133.375, -30.375 ], [ 133.375, -30.125 ], [ 133.875, -30.125 ], [ 133.875, -29.375 ], [ 134.125, -29.375 ], [ 134.125, -28.625 ], [ 134.375, -28.625 ], [ 134.375, -27.875 ], [ 134.625, -27.875 ], [ 134.625, -27.375 ], [ 134.125, -27.375 ], [ 134.125, -27.125 ], [ 133.875, -27.125 ], [ 133.875, -26.875 ], [ 134.375, -26.875 ], [ 134.375, -26.375 ], [ 134.125, -26.375 ], [ 134.125, -26.125 ], [ 133.875, -26.125 ] ] ] } },
{ "type": "Feature", "properties": { "cluster_id": 39, "cohesion": 8.0616672403098484, "distances": { "1": 46.04452230523563, "2": 36.22397618513499, "3": 40.95874021319441, "4": 50.86632103687586, "5": 51.0121658307124, "6": 44.25214135816691, "7": 37.225755649808896, "8": 40.042876168869235, "9": 44.92904374591038, "10": 47.568288959163596, "11": 41.21362734716475, "12": 40.45519626988055, "13": 41.99399488937321, "14": 41.100267327439305, "15": 35.518024332297585, "16": 30.556401587879467, "17": 31.101217772646176, "18": 35.93180363812108, "19": 32.08895487989488, "20": 26.344966828512813, "21": 21.12747484234841, "22": 27.05275177942214, "23": 30.487311189849535, "24": 29.635538179125938, "25": 20.962335411830924, "26": 24.4970578920153, "27": 32.39489382642073, "28": 22.570118360613623, "29": 27.44930425809407, "30": 17.481439928999908, "31": 14.740009651556546, "32": 23.380599479858525, "33": 21.00070647586282, "34": 12.630169331463142, "35": 17.502415766383915, "36": 17.769093297352924, "37": 20.711301441511, "38": 14.923165823244133, "40": 19.641164292725783, "41": 23.94812719457658, "42": 19.4740997094124, "43": 16.621116549195072, "44": 11.694401239542449, "45": 29.767213118716015, "46": 31.69248049959352, "47": 32.70828731834574, "48": 32.74756585287094, "49": 33.42417676844418, "50": 37.66563118652289, "51": 31.3966743458301, "52": 38.94812387494432, "53": 34.371580313334746, "54": 38.29907097901864, "55": 28.788927796840497, "56": 24.358271791346606, "57": 31.608302285167344, "58": 28.81031183836439, "59": 31.964481974790797, "60": 28.00986034209434, "61": 34.163274818887544, "62": 28.42335127852344, "63": 34.94059186721932, "64": 28.415329607615842, "65": 33.84715275415897, "66": 25.960017757980154, "67": 25.36026755297312 } }, "geometry": { "type": "Polygon", "coordinates": [ [ [ 127.375, -25.625 ], [ 127.375, -25.875 ], [ 127.625, -25.875 ], [ 127.625, -26.125 ], [ 126.875, -26.125 ], [ 126.875, -26.375 ], [ 126.375, -26.375 ], [ 126.375, -26.125 ], [ 125.875, -26.125 ], [ 125.875, -26.375 ], [ 125.375, -26.375 ], [ 125.375, -26.625 ], [ 124.375, -26.625 ], [ 124.375, -26.875 ], [ 123.875, -26.875 ], [ 123.875, -27.125 ], [ 123.125, -27.125 ], [ 123.125, -26.875 ], [ 122.375, -26.875 ], [ 122.375, -27.125 ], [ 122.125, -27.125 ], [ 122.125, -27.375 ], [ 122.375, -27.375 ], [ 122.375, -27.625 ], [ 122.625, -27.625 ], [ 122.625, -27.875 ], [ 123.625, -27.875 ], [ 123.625, -28.125 ], [ 125.875, -28.125 ], [ 125.875, -28.375 ], [ 126.125, -28.375 ], [ 126.125, -28.625 ], [ 127.125, -28.625 ], [ 127.125, -28.125 ], [ 129.625, -28.125 ], [ 129.625, -27.875 ], [ 130.125, -27.875 ], [ 130.125, -27.625 ], [ 129.875, -27.625 ], [ 129.875, -26.875 ], [ 130.375, -26.875 ], [ 130.375, -26.625 ], [ 130.875, -26.625 ], [ 130.875, -26.875 ], [ 131.875, -26.875 ], [ 131.875, -26.375 ], [ 131.375, -26.375 ], [ 131.375, -26.125 ], [ 130.375, -26.125 ], [ 130.375, -25.875 ], [ 130.625, -25.875 ], [ 130.625, -25.625 ], [ 130.125, -25.625 ], [ 130.125, -25.875 ], [ 129.875, -25.875 ], [ 129.875, -25.625 ], [ 127.375, -25.625 ] ] ] } },
{ "type": "Feature", "properties": { "cluster_id": 40, "cohesion": 6.7077737110313507, "distances": { "1": 40.2192394919009, "2": 31.14816733029577, "3": 35.645375606050045, "4": 44.80034135994982, "5": 44.816702429137386, "6": 38.71684589703142, "7": 32.154981228173206, "8": 35.549701163530116, "9": 38.8861589002377, "10": 42.222299226492076, "11": 35.16767283048681, "12": 32.825717233024044, "13": 36.86303512324693, "14": 35.387637474093125, "15": 29.003166535459997, "16": 26.205946702575595, "17": 28.249684300387322, "18": 31.727481664473512, "19": 29.987184834968073, "20": 27.13576846920262, "21": 25.514432805032648, "22": 26.322626837602805, "23": 27.024939823938467, "24": 28.55767468149648, "25": 25.190315391567545, "26": 26.46558445982187, "27": 30.435227309976142, "28": 23.39675433154973, "29": 27.817227835477222, "30": 23.184354347296484, "31": 18.318057338287982, "32": 25.362494119669716, "33": 24.470146705190782, "34": 22.590471460032898, "35": 21.024658803135097, "36": 22.454950962429333, "37": 23.373480203201765, "38": 22.21563446262636, "39": 19.641164292725783, "41": 12.901355439724217, "42": 13.868465790872484, "43": 12.305997774314987, "44": 16.659732418316587, "45": 24.728372124153275, "46": 26.81407351169514, "47": 26.2597962821533, "48": 26.675779951666303, "49": 26.39546840461886, "50": 30.311465886686648, "51": 24.807240434591407, "52": 32.67893047282163, "53": 28.57060925396909, "54": 31.1923768860137, "55": 26.345343910188763, "56": 24.52035053958614, "57": 25.419699836516955, "58": 23.756825734877243, "59": 28.157846405897423, "60": 26.64908052185784, "61": 31.352478225460967, "62": 19.432369532841165, "63": 26.5626998654132, "64": 20.982338456273364, "65": 29.368254764436475, "66": 24.702007055762795, "67": 21.612583270975303 } }, "geometry": { "type": "Polygon", "coordinates": [ [ [ 113.125, -24.375 ], [ 113.125, -24.875 ], [ 113.375, -24.875 ], [ 113.375, -25.375 ], [ 113.625, -25.375 ], [ 113.625, -25.875 ], [ 113.875, -25.875 ], [ 113.875, -26.125 ], [ 113.625, -26.125 ], [ 113.625, -26.375 ], [ 113.375, -26.375 ], [ 113.375, -27.125 ], [ 113.625, -27.125 ], [ 113.625, -27.875 ], [ 113.875, -27.875 ], [ 113.875, -28.125 ], [ 115.375, -28.125 ], [ 115.375, -27.875 ], [ 116.625, -27.875 ], [ 116.625, -26.625 ], [ 116.375, -26.625 ], [ 116.375, -25.875 ], [ 116.125, -25.875 ], [ 116.125, -25.625 ], [ 115.875, -25.625 ], [ 115.875, -25.375 ], [ 115.625, -25.375 ], [ 115.625, -25.625 ], [ 115.125, -25.625 ], [ 115.125, -25.375 ], [ 114.625, -25.375 ], [ 114.625, -25.125 ], [ 114.375, -25.125 ], [ 114.375, -24.875 ], [ 113.875, -24.875 ], [ 113.875, -24.625 ], [ 113.625, -24.625 ], [ 113.625, -24.375 ], [ 113.125, -24.375 ] ] ] } },
{ "type": "Feature", "properties": { "cluster_id": 41, "cohesion": 8.1167894613009128, "distances": { "1": 35.056653363621486, "2": 27.58029761902162, "3": 30.55926396909655, "4": 40.758113642614354, "5": 41.34927676632614, "6": 36.03357415428322, "7": 29.670583011289303, "8": 34.05068721590538, "9": 35.20857959571272, "10": 40.01738923131415, "11": 32.217445064128526, "12": 28.52851179091105, "13": 33.51498298051692, "14": 31.656938962893335, "15": 25.39554149258402, "16": 24.434392575867253, "17": 24.76749588568108, "18": 26.372811253634076, "19": 25.272118674249004, "20": 23.180942275385256, "21": 23.530229759063776, "22": 25.6013532909473, "23": 25.268859714684336, "24": 25.444591144801308, "25": 23.84678658614757, "26": 25.466773838207605, "27": 27.657684523454826, "28": 26.830937018037453, "29": 27.763058978618293, "30": 26.145883708283787, "31": 23.979561483037834, "32": 24.790189924434728, "33": 22.736774997687498, "34": 24.96636920930701, "35": 23.234268323702047, "36": 22.79437095556854, "37": 23.939834032792863, "38": 22.627344409533013, "39": 23.948127194576575, "40": 12.901355439724218, "42": 16.002858240375282, "43": 19.42890532695342, "44": 21.472611003082974, "45": 22.42688842098842, "46": 24.27525910970071, "47": 24.891775090826297, "48": 24.746099031863857, "49": 24.60960379185083, "50": 27.133706882108307, "51": 22.694804095856995, "52": 27.595179027493398, "53": 24.96179338398738, "54": 27.51937536788488, "55": 26.14264475422572, "56": 25.192619109407683, "57": 24.258119830610735, "58": 22.68403734313099, "59": 27.0190035545968, "60": 27.446755284273834, "61": 31.355606517344615, "62": 12.819541141435856, "63": 21.977563625634744, "64": 17.93981440141343, "65": 27.97467661748584, "66": 25.163674193203597, "67": 21.19475918692246 } }, "geometry": { "type": "Polygon", "coordinates": [ [ [ 115.875, -20.625 ], [ 115.875, -20.875 ], [ 115.625, -20.875 ], [ 115.625, -21.125 ], [ 115.125, -21.125 ], [ 115.125, -21.375 ], [ 114.625, -21.375 ], [ 114.625, -21.625 ], [ 114.375, -21.625 ], [ 114.375, -21.875 ], [ 113.875, -21.875 ], [ 113.875, -22.125 ], [ 113.625, -22.125 ], [ 113.625, -22.375 ], [ 113.375, -22.375 ], [ 113.375, -23.625 ], [ 113.125, -23.625 ], [ 113.125, -24.375 ], [ 113.625, -24.375 ], [ 113.625, -24.625 ], [ 113.875, -24.625 ], [ 113.875, -24.875 ], [ 114.375, -24.875 ], [ 114.375, -25.125 ], [ 114.625, -25.125 ], [ 114.625, -25.375 ], [ 115.125, -25.375 ], [ 115.125, -25.625 ], [ 115.625, -25.625 ], [ 115.625, -25.375 ], [ 115.875, -25.375 ], [ 115.875, -25.625 ], [ 116.375, -25.625 ], [ 116.375, -25.375 ], [ 116.625, -25.375 ], [ 116.625, -25.125 ], [ 116.875, -25.125 ], [ 116.875, -24.625 ], [ 117.625, -24.625 ], [ 117.625, -24.375 ], [ 117.875, -24.375 ], [ 117.875, -24.125 ], [ 118.125, -24.125 ], [ 118.125, -23.875 ], [ 117.875, -23.875 ], [ 117.875, -23.625 ], [ 117.625, -23.625 ], [ 117.625, -23.375 ], [ 117.375, -23.375 ], [ 117.375, -22.875 ], [ 117.125, -22.875 ], [ 117.125, -22.625 ], [ 116.625, -22.625 ], [ 116.625, -22.375 ], [ 116.375, -22.375 ], [ 116.375, -22.125 ], [ 116.125, -22.125 ], [ 116.125, -21.125 ], [ 116.375, -21.125 ], [ 116.375, -20.625 ], [ 115.875, -20.625 ] ] ] } },
{ "type": "Feature", "properties": { "cluster_id": 42, "cohesion": 8.10687343078129, "distances": { "1": 40.43808361313947, "2": 33.12513630426837, "3": 36.45196587532905, "4": 43.438659890635385, "5": 42.941724063832986, "6": 37.97023780879841, "7": 32.675412579764995, "8": 32.945778204311004, "9": 35.73436282819945, "10": 39.764715021364744, "11": 31.30982538137265, "12": 29.11549278650457, "13": 35.71671013294122, "14": 33.393197321698025, "15": 26.508819488582528, "16": 25.28050613985571, "17": 28.5511061172665, "18": 32.73042690888417, "19": 30.64587422845393, "20": 28.934659593527694, "21": 26.36818854961808, "22": 28.00378650242525, "23": 29.19133224652145, "24": 28.88415454970292, "25": 25.050153783088017, "26": 26.75374393337845, "27": 31.73059209726941, "28": 25.066634664950143, "29": 29.592945730723784, "30": 25.756120912130076, "31": 19.40355934210588, "32": 28.69156593141409, "33": 27.59092584235088, "34": 24.954875923593328, "35": 18.294937913305695, "36": 22.75170084039717, "37": 24.21088178790094, "38": 24.052061049382484, "39": 19.474099709412403, "40": 13.868465790872486, "41": 16.002858240375282, "43": 13.525807761234017, "44": 13.22666181797078, "45": 28.09278236720025, "46": 30.36194572336022, "47": 30.592240420895862, "48": 29.589987669169577, "49": 29.29932961225925, "50": 31.106701557571995, "51": 26.230895822856223, "52": 32.9663770966124, "53": 29.28645663707303, "54": 31.05659395713616, "55": 28.031581093936182, "56": 25.61114166398888, "57": 29.188236786140717, "58": 27.814468818426135, "59": 29.09021704456895, "60": 25.76084317349752, "61": 29.337310941055932, "62": 18.29398955355745, "63": 22.26742766326565, "64": 15.022104315971536, "65": 24.818220076810853, "66": 19.910827127424298, "67": 14.890800334362291 } }, "geometry": { "type": "Polygon", "coordinates": [ [ [ 119.125, -23.125 ], [ 119.125, -24.125 ], [ 117.875, -24.125 ], [ 117.875, -24.375 ], [ 117.625, -24.375 ], [ 117.625, -24.625 ], [ 116.875, -24.625 ], [ 116.875, -25.125 ], [ 116.625, -25.125 ], [ 116.625, -25.375 ], [ 116.375, -25.375 ], [ 116.375, -25.625 ], [ 116.125, -25.625 ], [ 116.125, -25.875 ], [ 116.375, -25.875 ], [ 116.375, -26.625 ], [ 116.625, -26.625 ], [ 116.625, -26.875 ], [ 117.375, -26.875 ], [ 117.375, -26.625 ], [ 117.625, -26.625 ], [ 117.625, -26.375 ], [ 118.125, -26.375 ], [ 118.125, -26.625 ], [ 118.375, -26.625 ], [ 118.375, -26.875 ], [ 118.875, -26.875 ], [ 118.875, -26.625 ], [ 119.375, -26.625 ], [ 119.375, -26.375 ], [ 119.625, -26.375 ], [ 119.625, -26.125 ], [ 120.375, -26.125 ], [ 120.375, -25.625 ], [ 120.625, -25.625 ], [ 120.625, -25.375 ], [ 120.875, -25.375 ], [ 120.875, -25.125 ], [ 122.875, -25.125 ], [ 122.875, -24.875 ], [ 124.625, -24.875 ], [ 124.625, -24.375 ], [ 123.125, -24.375 ], [ 123.125, -23.875 ], [ 121.875, -23.875 ], [ 121.875, -23.625 ], [ 121.625, -23.625 ], [ 121.625, -23.375 ], [ 121.125, -23.375 ], [ 121.125, -23.625 ], [ 120.125, -23.625 ], [ 120.125, -23.125 ], [ 119.125, -23.125 ] ] ] } },
{ "type": "Feature", "properties": { "cluster_id": 43, "cohesion": 6.6606489466712189, "distances": { "1": 42.364183411791004, "2": 33.365324185079906, "3": 37.94930745820358, "4": 45.787109549739945, "5": 45.705842545574605, "6": 39.77477530936031, "7": 33.85628657526524, "8": 36.383047814203366, "9": 39.99255540893264, "10": 42.809832838097996, "11": 36.6759669068374, "12": 35.10638400128163, "13": 37.48094993342985, "14": 36.52223776532597, "15": 30.781030989111965, "16": 26.54348555642346, "17": 32.308800230526415, "18": 35.74129433662331, "19": 33.93119436997011, "20": 30.249075266851086, "21": 27.619104491411584, "22": 30.37459794656227, "23": 31.865996981844543, "24": 32.61360595286151, "25": 27.691490532359797, "26": 29.65365284098037, "27": 29.52808063466381, "28": 17.444829342232655, "29": 24.703012766021324, "30": 18.757978462093728, "31": 11.356318381271942, "32": 24.27545432107537, "33": 25.667066060995438, "34": 20.74265690571439, "35": 21.023100781308457, "36": 24.586321354484678, "37": 26.014149545790776, "38": 23.07524379106928, "39": 16.621116549195072, "40": 12.305997774314987, "41": 19.428905326953423, "42": 13.525807761234018, "44": 13.912523704469539, "45": 28.26752594717666, "46": 29.73164332395894, "47": 29.81668417920248, "48": 30.264254232084443, "49": 30.103319310486462, "50": 34.00396003334816, "51": 28.53844196594601, "52": 36.53313994247773, "53": 31.280854801108465, "54": 34.36198125776667, "55": 29.236432116278987, "56": 27.127054141217393, "57": 30.193538600511364, "58": 28.78076266774458, "59": 30.592887957762617, "60": 28.036487309956645, "61": 32.10071254536484, "62": 23.51732193699299, "63": 29.69233849962688, "64": 23.51935852553685, "65": 30.627884504183637, "66": 25.32822638491912, "67": 23.075275998297453 } }, "geometry": { "type": "Polygon", "coordinates": [ [ [ 119.625, -26.125 ], [ 119.625, -26.375 ], [ 119.375, -26.375 ], [ 119.375, -26.625 ], [ 118.875, -26.625 ], [ 118.875, -26.875 ], [ 118.375, -26.875 ], [ 118.375, -26.625 ], [ 118.125, -26.625 ], [ 118.125, -26.375 ], [ 117.625, -26.375 ], [ 117.625, -26.625 ], [ 117.375, -26.625 ], [ 117.375, -26.875 ], [ 116.625, -26.875 ], [ 116.625, -27.875 ], [ 115.375, -27.875 ], [ 115.375, -28.125 ], [ 114.125, -28.125 ], [ 114.125, -28.625 ], [ 114.375, -28.625 ], [ 114.375, -28.875 ], [ 114.625, -28.875 ], [ 114.625, -29.125 ], [ 114.875, -29.125 ], [ 114.875, -29.625 ], [ 115.125, -29.625 ], [ 115.125, -30.125 ], [ 115.625, -30.125 ], [ 115.625, -29.875 ], [ 115.875, -29.875 ], [ 115.875, -29.375 ], [ 116.125, -29.375 ], [ 116.125, -29.625 ], [ 116.375, -29.625 ], [ 116.375, -29.375 ], [ 116.625, -29.375 ], [ 116.625, -28.375 ], [ 117.125, -28.375 ], [ 117.125, -28.625 ], [ 117.375, -28.625 ], [ 117.375, -28.875 ], [ 118.125, -28.875 ], [ 118.125, -28.625 ], [ 118.375, -28.625 ], [ 118.375, -28.375 ], [ 118.625, -28.375 ], [ 118.625, -28.125 ], [ 118.875, -28.125 ], [ 118.875, -27.875 ], [ 119.125, -27.875 ], [ 119.125, -27.625 ], [ 119.375, -27.625 ], [ 119.375, -27.125 ], [ 119.625, -27.125 ], [ 119.625, -26.875 ], [ 120.625, -26.875 ], [ 120.625, -26.125 ], [ 119.625, -26.125 ] ] ] } },
{ "type": "Feature", "properties": { "cluster_id": 44, "cohesion": 6.7610640230242138, "distances": { "1": 45.45784517481931, "2": 36.63024429659987, "3": 40.87562355281982, "4": 49.25765515819195, "5": 48.834426206171976, "6": 42.69353454320307, "7": 36.42481760248583, "8": 37.19405807788797, "9": 42.09617350544983, "10": 44.86207727723162, "11": 37.43334636723069, "12": 36.52167776490117, "13": 40.78018107124595, "14": 39.14396506814596, "15": 32.76055415560623, "16": 29.399901070805615, "17": 29.8499320637441, "18": 35.43830974922419, "19": 31.938150635615678, "20": 28.560122892773805, "21": 23.673372724629132, "22": 26.8049997196275, "23": 29.64417323580401, "24": 28.93316528278198, "25": 21.89260212239313, "26": 24.46055827559105, "27": 33.98682559477409, "28": 24.261608126029213, "29": 29.99097228047623, "30": 22.382966178135227, "31": 16.030605848048996, "32": 27.758971103549005, "33": 25.755225524171905, "34": 19.35291751195257, "35": 15.306550155287193, "36": 18.806252765169585, "37": 21.12488965699747, "38": 19.473425077621737, "39": 11.694401239542449, "40": 16.659732418316587, "41": 21.47261100308297, "42": 13.22666181797078, "43": 13.912523704469539, "45": 30.223423582242134, "46": 32.63414940492032, "47": 32.88940642283463, "48": 32.350765754862934, "49": 32.399448804746896, "50": 35.33729600175427, "51": 29.44429370987045, "52": 37.14485853730313, "53": 32.87921949351533, "54": 35.72121417188326, "55": 28.271354346309955, "56": 24.049423023148275, "57": 30.83948903901591, "58": 28.591962529230962, "59": 31.013196680076238, "60": 26.133898080730372, "61": 31.665067100836186, "62": 25.385301559478336, "63": 30.215466310616723, "64": 22.839694630622155, "65": 29.559849178325127, "66": 21.682442098631974, "67": 19.153217750846327 } }, "geometry": { "type": "Polygon", "coordinates": [ [ [ 122.875, -24.875 ], [ 122.875, -25.125 ], [ 120.875, -25.125 ], [ 120.875, -25.375 ], [ 120.625, -25.375 ], [ 120.625, -25.625 ], [ 120.375, -25.625 ], [ 120.375, -26.125 ], [ 120.625, -26.125 ], [ 120.625, -26.375 ], [ 121.125, -26.375 ], [ 121.125, -26.125 ], [ 121.625, -26.125 ], [ 121.625, -26.625 ], [ 121.875, -26.625 ], [ 121.875, -26.875 ], [ 123.125, -26.875 ], [ 123.125, -27.125 ], [ 123.875, -27.125 ], [ 123.875, -26.875 ], [ 124.375, -26.875 ], [ 124.375, -26.625 ], [ 125.375, -26.625 ], [ 125.375, -26.375 ], [ 125.875, -26.375 ], [ 125.875, -26.125 ], [ 126.375, -26.125 ], [ 126.375, -26.375 ], [ 126.875, -26.375 ], [ 126.875, -26.125 ], [ 127.625, -26.125 ], [ 127.625, -25.875 ], [ 127.375, -25.875 ], [ 127.375, -25.625 ], [ 125.875, -25.625 ], [ 125.875, -25.375 ], [ 125.625, -25.375 ], [ 125.625, -25.125 ], [ 124.625, -25.125 ], [ 124.625, -24.875 ], [ 122.875, -24.875 ] ] ] } },
{ "type": "Feature", "properties": { "cluster_id": 45, "cohesion": 8.4063454065380139, "distances": { "1": 28.163243571311234, "2": 16.88045624828213, "3": 23.07565872820314, "4": 35.16836782301341, "5": 36.0461205100077, "6": 28.04147260439481, "7": 19.37415794318051, "8": 30.95033216222448, "9": 32.79625982381021, "10": 35.63356850231748, "11": 31.533955653598678, "12": 30.597207583681186, "13": 28.70609254632048, "14": 28.127112179651352, "15": 25.891203702031202, "16": 22.73035039205073, "17": 28.73823098540748, "18": 28.240640709314356, "19": 28.6117354319786, "20": 25.58757071929047, "21": 28.39762761137044, "22": 26.28544323706171, "23": 25.355271987192623, "24": 29.638159081933658, "25": 29.70515901509906, "26": 29.32485376290439, "27": 26.37003327129807, "28": 28.73291749684914, "29": 27.385817394964153, "30": 29.93772967881523, "31": 30.05278656796689, "32": 25.721667505672787, "33": 24.210576107389635, "34": 28.33186457727858, "35": 27.970358969158045, "36": 28.083894753831828, "37": 27.332291389059257, "38": 26.78529676238645, "39": 29.767213118716022, "40": 24.728372124153275, "41": 22.426888420988423, "42": 28.09278236720025, "43": 28.267525947176654, "44": 30.22342358224213, "46": 12.422535545362807, "47": 16.322976416393143, "48": 13.071685891282884, "49": 20.334872274187738, "50": 27.12502394520473, "51": 22.677838169715407, "52": 29.7311173832621, "53": 26.417398425033177, "54": 29.008258355937485, "55": 23.579534025112594, "56": 26.27196795393997, "57": 21.174926866557133, "58": 17.59367745420075, "59": 21.22849555233581, "60": 27.48585718539616, "61": 29.308709320063482, "62": 22.592879823849216, "63": 28.81415261046816, "64": 27.610973097005967, "65": 29.70248096021697, "66": 28.652929334886863, "67": 28.85275925394233 } }, "geometry": { "type": "MultiPolygon", "coordinates": [ [ [ [ 150.375, -23.625 ], [ 150.375, -23.875 ], [ 150.625, -23.875 ], [ 150.625, -24.375 ], [ 150.375, -24.375 ], [ 150.375, -24.125 ], [ 150.125, -24.125 ], [ 150.125, -23.625 ], [ 150.375, -23.625 ] ] ], [ [ [ 149.875, -23.625 ], [ 149.875, -23.375 ], [ 149.125, -23.375 ], [ 149.125, -23.625 ], [ 147.875, -23.625 ], [ 147.875, -24.125 ], [ 147.375, -24.125 ], [ 147.375, -23.875 ], [ 147.125, -23.875 ], [ 147.125, -23.375 ], [ 146.875, -23.375 ], [ 146.875, -22.875 ], [ 146.625, -22.875 ], [ 146.625, -22.625 ], [ 146.375, -22.625 ], [ 146.375, -22.875 ], [ 146.125, -22.875 ], [ 146.125, -23.625 ], [ 146.375, -23.625 ], [ 146.375, -24.125 ], [ 145.625, -24.125 ], [ 145.625, -23.875 ], [ 145.125, -23.875 ], [ 145.125, -23.625 ], [ 144.875, -23.625 ], [ 144.875, -23.375 ], [ 144.625, -23.375 ], [ 144.625, -23.125 ], [ 143.875, -23.125 ], [ 143.875, -22.375 ], [ 143.625, -22.375 ], [ 143.625, -21.625 ], [ 143.875, -21.625 ], [ 143.875, -21.375 ], [ 144.375, -21.375 ], [ 144.375, -21.625 ], [ 144.875, -21.625 ], [ 144.875, -21.125 ], [ 144.625, -21.125 ], [ 144.625, -19.875 ], [ 146.125, -19.875 ], [ 146.125, -19.375 ], [ 146.625, -19.375 ], [ 146.625, -19.625 ], [ 146.875, -19.625 ], [ 146.875, -19.875 ], [ 147.125, -19.875 ], [ 147.125, -20.125 ], [ 147.375, -20.125 ], [ 147.375, -20.375 ], [ 147.625, -20.375 ], [ 147.625, -20.625 ], [ 147.875, -20.625 ], [ 147.875, -21.375 ], [ 148.875, -21.375 ], [ 148.875, -21.625 ], [ 149.125, -21.625 ], [ 149.125, -21.875 ], [ 149.625, -21.875 ], [ 149.625, -22.125 ], [ 149.875, -22.125 ], [ 149.875, -22.375 ], [ 150.125, -22.375 ], [ 150.125, -22.625 ], [ 150.375, -22.625 ], [ 150.375, -23.375 ], [ 150.125, -23.375 ], [ 150.125, -23.625 ], [ 149.875, -23.625 ] ] ] ] } },
{ "type": "Feature", "properties": { "cluster_id": 46, "cohesion": 9.6042127334415746, "distances": { "1": 24.021605192094587, "2": 12.923918592155198, "3": 18.788576951489144, "4": 32.64811600476694, "5": 34.97059004495443, "6": 27.656079902727125, "7": 20.310544031836276, "8": 32.30983225151964, "9": 32.84213883468814, "10": 35.7043930447887, "11": 32.693828616326705, "12": 31.19354794095301, "13": 26.19539508119546, "14": 27.423154354435933, "15": 26.5024455918478, "16": 22.04552246980972, "17": 30.592081170988934, "18": 27.74596784653741, "19": 29.3347175260231, "20": 25.94306334471232, "21": 29.992251427151388, "22": 30.572137390466246, "23": 29.418892586582952, "24": 32.153071512052676, "25": 32.49148620514659, "26": 32.741489423077226, "27": 23.819964814614234, "28": 27.850792103274625, "29": 25.491581804352915, "30": 29.67545533165857, "31": 30.855228621827226, "32": 24.545383186630357, "33": 24.147077600955832, "34": 29.27677859140253, "35": 31.0222140875356, "36": 31.42793242582795, "37": 31.114407385754507, "38": 28.6357563794219, "39": 31.69248049959352, "40": 26.81407351169514, "41": 24.27525910970071, "42": 30.361945723360215, "43": 29.73164332395894, "44": 32.63414940492032, "45": 12.422535545362805, "47": 15.723742735715646, "48": 17.203719881408926, "49": 21.603245993950047, "50": 28.18311547511645, "51": 24.761782316983286, "52": 29.027906759792714, "53": 24.836121606311092, "54": 29.02332920529737, "55": 27.010831795247164, "56": 29.990324090104256, "57": 24.369635638309227, "58": 22.659582731153016, "59": 24.50231516827761, "60": 30.66539195124773, "61": 31.559760902776894, "62": 23.806496659961283, "63": 29.95993673620679, "64": 29.76873907958011, "65": 31.994308572865485, "66": 31.592944803881476, "67": 31.398282629586028 } }, "geometry": { "type": "MultiPolygon", "coordinates": [ [ [ [ 150.625, -22.375 ], [ 150.875, -22.375 ], [ 150.875, -22.625 ], [ 151.125, -22.625 ], [ 151.125, -23.375 ], [ 151.375, -23.375 ], [ 151.375, -23.625 ], [ 151.875, -23.625 ], [ 151.875, -23.875 ], [ 152.125, -23.875 ], [ 152.125, -24.125 ], [ 152.375, -24.125 ], [ 152.375, -24.375 ], [ 151.625, -24.375 ], [ 151.625, -24.125 ], [ 150.875, -24.125 ], [ 150.875, -24.625 ], [ 150.625, -24.625 ], [ 150.625, -23.875 ], [ 150.375, -23.875 ], [ 150.375, -23.625 ], [ 150.125, -23.625 ], [ 150.125, -23.375 ], [ 150.375, -23.375 ], [ 150.375, -22.625 ], [ 150.125, -22.625 ], [ 150.125, -22.375 ], [ 149.875, -22.375 ], [ 149.875, -22.125 ], [ 150.625, -22.125 ], [ 150.625, -22.375 ] ] ], [ [ [ 149.625, -21.875 ], [ 149.125, -21.875 ], [ 149.125, -21.625 ], [ 148.875, -21.625 ], [ 148.875, -21.375 ], [ 147.875, -21.375 ], [ 147.875, -20.625 ], [ 147.625, -20.625 ], [ 147.625, -20.375 ], [ 148.125, -20.375 ], [ 148.125, -20.625 ], [ 148.375, -20.625 ], [ 148.375, -20.375 ], [ 148.625, -20.375 ], [ 148.625, -20.625 ], [ 148.875, -20.625 ], [ 148.875, -20.875 ], [ 149.375, -20.875 ], [ 149.375, -21.125 ], [ 149.625, -21.125 ], [ 149.625, -21.625 ], [ 149.875, -21.625 ], [ 149.875, -22.125 ], [ 149.625, -22.125 ], [ 149.625, -21.875 ] ] ], [ [ [ 144.125, -19.875 ], [ 144.625, -19.875 ], [ 144.625, -21.125 ], [ 144.875, -21.125 ], [ 144.875, -21.625 ], [ 144.375, -21.625 ], [ 144.375, -20.875 ], [ 144.125, -20.875 ], [ 144.125, -20.625 ], [ 143.875, -20.625 ], [ 143.875, -20.375 ], [ 143.625, -20.375 ], [ 143.625, -19.625 ], [ 144.125, -19.625 ], [ 144.125, -19.875 ] ] ], [ [ [ 147.375, -20.375 ], [ 147.375, -20.125 ], [ 147.625, -20.125 ], [ 147.625, -20.375 ], [ 147.375, -20.375 ] ] ], [ [ [ 146.875, -19.875 ], [ 146.875, -19.625 ], [ 146.625, -19.625 ], [ 146.625, -19.375 ], [ 146.125, -19.375 ], [ 146.125, -19.875 ], [ 145.875, -19.875 ], [ 145.875, -19.625 ], [ 145.625, -19.625 ], [ 145.625, -19.375 ], [ 145.375, -19.375 ], [ 145.375, -19.125 ], [ 145.125, -19.125 ], [ 145.125, -18.375 ], [ 145.375, -18.375 ], [ 145.375, -18.625 ], [ 145.875, -18.625 ], [ 145.875, -18.875 ], [ 146.125, -18.875 ], [ 146.125, -19.125 ], [ 146.875, -19.125 ], [ 146.875, -19.375 ], [ 147.125, -19.375 ], [ 147.125, -19.625 ], [ 147.375, -19.625 ], [ 147.375, -20.125 ], [ 147.125, -20.125 ], [ 147.125, -19.875 ], [ 146.875, -19.875 ] ] ] ] } },
{ "type": "Feature", "properties": { "cluster_id": 47, "cohesion": 6.6604437017141844, "distances": { "1": 27.896593497831955, "2": 20.263948919883354, "3": 24.824659545472286, "4": 32.25257091114055, "5": 33.289730298351714, "6": 26.828527516986746, "7": 21.16694319129921, "8": 30.305725758317887, "9": 31.644947387914897, "10": 33.37533325015429, "11": 31.207986570891872, "12": 30.189438355321002, "13": 26.329189483130914, "14": 26.951952366606054, "15": 25.706436169212154, "16": 22.017381332297877, "17": 29.047899285887986, "18": 27.725497789498952, "19": 29.70336952584114, "20": 28.387289106410574, "21": 32.398644314797444, "22": 28.49887118616774, "23": 25.569332169642635, "24": 31.432187952461174, "25": 33.76250957499426, "26": 32.06051706457048, "27": 24.990066890637838, "28": 28.796747772785384, "29": 27.03541375896958, "30": 32.12043414722166, "31": 31.90865491861434, "32": 26.983441126648692, "33": 27.215500202484474, "34": 31.565127325465056, "35": 30.500009104435293, "36": 32.3264668553655, "37": 31.094225576255212, "38": 30.942996408524046, "39": 32.70828731834574, "40": 26.2597962821533, "41": 24.891775090826297, "42": 30.592240420895866, "43": 29.81668417920248, "44": 32.88940642283463, "45": 16.322976416393146, "46": 15.723742735715648, "48": 14.537397921660824, "49": 11.747838578593797, "50": 21.36752557937724, "51": 18.769042248793983, "52": 27.397055564131197, "53": 23.762762970705346, "54": 24.567277879770515, "55": 24.63000725400944, "56": 28.828067732680125, "57": 16.692875579924124, "58": 19.481625019880376, "59": 22.694957629271414, "60": 28.92811395208716, "61": 29.42786797564913, "62": 24.06703813809819, "63": 29.322897690680186, "64": 29.63490734844771, "65": 30.528518367089898, "66": 30.4294403254047, "67": 30.839602019449146 } }, "geometry": { "type": "Polygon", "coordinates": [ [ [ 150.875, -24.125 ], [ 150.875, -24.625 ], [ 151.375, -24.625 ], [ 151.375, -24.875 ], [ 151.625, -24.875 ], [ 151.625, -25.875 ], [ 151.375, -25.875 ], [ 151.375, -26.625 ], [ 151.875, -26.625 ], [ 151.875, -26.375 ], [ 152.875, -26.375 ], [ 152.875, -26.625 ], [ 153.125, -26.625 ], [ 153.125, -28.125 ], [ 153.375, -28.125 ], [ 153.375, -27.625 ], [ 153.625, -27.625 ], [ 153.625, -26.375 ], [ 153.375, -26.375 ], [ 153.375, -26.125 ], [ 153.625, -26.125 ], [ 153.625, -25.875 ], [ 153.375, -25.875 ], [ 153.375, -25.375 ], [ 153.125, -25.375 ], [ 153.125, -25.125 ], [ 152.875, -25.125 ], [ 152.875, -24.875 ], [ 152.625, -24.875 ], [ 152.625, -24.625 ], [ 152.375, -24.625 ], [ 152.375, -24.375 ], [ 151.625, -24.375 ], [ 151.625, -24.125 ], [ 150.875, -24.125 ] ] ] } },
{ "type": "Feature", "properties": { "cluster_id": 48, "cohesion": 10.331634366266803, "distances": { "1": 28.859870577721946, "2": 20.35127039400981, "3": 25.399760559402296, "4": 32.7890788110939, "5": 32.30766000257628, "6": 24.46627047217912, "7": 16.84088642383533, "8": 26.94962463743764, "9": 29.70484494926942, "10": 31.190438781453377, "11": 28.229047331804047, "12": 28.562201388694803, "13": 27.512540372076558, "14": 26.058766423283867, "15": 24.62238345590525, "16": 22.76472839812748, "17": 30.39528229172224, "18": 30.656783076896065, "19": 31.599838017883172, "20": 30.00757352908569, "21": 32.83645059378469, "22": 26.816748009573686, "23": 25.266337507384517, "24": 31.99467070053024, "25": 33.19919474025421, "26": 31.469784013986697, "27": 28.126167823444142, "28": 31.084119784692028, "29": 29.764213359018907, "30": 33.80957391930841, "31": 32.844606174118965, "32": 29.338005123426036, "33": 28.811605794907845, "34": 32.405633355693745, "35": 28.64599025010958, "36": 30.85417499896915, "37": 29.066826159971583, "38": 30.8893137924297, "39": 32.74756585287094, "40": 26.675779951666303, "41": 24.74609903186386, "42": 29.589987669169577, "43": 30.264254232084443, "44": 32.35076575486294, "45": 13.071685891282884, "46": 17.203719881408922, "47": 14.537397921660824, "49": 16.746977415562352, "50": 24.440522712468233, "51": 20.588047451075195, "52": 30.327723458206798, "53": 26.78669387644235, "54": 27.297109430260097, "55": 21.59107775154443, "56": 26.306137364601813, "57": 18.792198739575785, "58": 16.872589473520765, "59": 17.765585656101315, "60": 25.56445272454167, "61": 25.97182105007467, "62": 23.447611841523464, "63": 27.909435094382324, "64": 27.602171106686892, "65": 27.127918461667793, "66": 27.471781420672176, "67": 28.654952026394486 } }, "geometry": { "type": "Polygon", "coordinates": [ [ [ 143.375, -22.375 ], [ 143.375, -22.875 ], [ 143.125, -22.875 ], [ 143.125, -23.125 ], [ 142.875, -23.125 ], [ 142.875, -23.375 ], [ 143.125, -23.375 ], [ 143.125, -23.625 ], [ 143.375, -23.625 ], [ 143.375, -23.875 ], [ 143.625, -23.875 ], [ 143.625, -24.125 ], [ 143.875, -24.125 ], [ 143.875, -24.625 ], [ 144.125, -24.625 ], [ 144.125, -25.125 ], [ 146.125, -25.125 ], [ 146.125, -25.375 ], [ 146.375, -25.375 ], [ 146.375, -25.125 ], [ 148.125, -25.125 ], [ 148.125, -25.375 ], [ 148.375, -25.375 ], [ 148.375, -25.625 ], [ 149.125, -25.625 ], [ 149.125, -25.875 ], [ 148.875, -25.875 ], [ 148.875, -26.125 ], [ 149.125, -26.125 ], [ 149.125, -26.375 ], [ 151.125, -26.375 ], [ 151.125, -26.625 ], [ 151.375, -26.625 ], [ 151.375, -25.875 ], [ 151.625, -25.875 ], [ 151.625, -24.875 ], [ 151.375, -24.875 ], [ 151.375, -24.625 ], [ 150.625, -24.625 ], [ 150.625, -24.375 ], [ 150.375, -24.375 ], [ 150.375, -24.125 ], [ 150.125, -24.125 ], [ 150.125, -23.625 ], [ 149.875, -23.625 ], [ 149.875, -23.375 ], [ 149.125, -23.375 ], [ 149.125, -23.625 ], [ 147.875, -23.625 ], [ 147.875, -24.125 ], [ 147.375, -24.125 ], [ 147.375, -23.875 ], [ 147.125, -23.875 ], [ 147.125, -23.375 ], [ 146.875, -23.375 ], [ 146.875, -22.875 ], [ 146.625, -22.875 ], [ 146.625, -22.625 ], [ 146.375, -22.625 ], [ 146.375, -22.875 ], [ 146.125, -22.875 ], [ 146.125, -23.625 ], [ 146.375, -23.625 ], [ 146.375, -24.125 ], [ 145.625, -24.125 ], [ 145.625, -23.875 ], [ 145.125, -23.875 ], [ 145.125, -23.625 ], [ 144.875, -23.625 ], [ 144.875, -23.375 ], [ 144.625, -23.375 ], [ 144.625, -23.125 ], [ 143.875, -23.125 ], [ 143.875, -22.375 ], [ 143.375, -22.375 ] ] ] } },
{ "type": "Feature", "properties": { "cluster_id": 49, "cohesion": 8.1378678342155606, "distances": { "1": 29.27985483333273, "2": 24.34051014696165, "3": 27.20143682661065, "4": 31.586811621610963, "5": 31.497950204185585, "6": 26.339527519249035, "7": 22.295174538276584, "8": 27.34806188934571, "9": 29.122490470239068, "10": 30.649121939006267, "11": 27.93458707898574, "12": 27.1393453834223, "13": 26.385632238656353, "14": 25.618788387193746, "15": 23.753525414085004, "16": 22.260216505957573, "17": 25.785818609363076, "18": 26.62905261807246, "19": 28.469561613067444, "20": 29.51115964131279, "21": 33.07889811635926, "22": 25.800938051698473, "23": 21.982974538647788, "24": 28.839231885892897, "25": 32.880327708659934, "26": 29.646176815888847, "27": 26.154041653279034, "28": 30.65245705790645, "29": 28.9897252293049, "30": 34.546022412771265, "31": 33.10062128253775, "32": 29.56223761941926, "33": 29.86208476907819, "34": 33.77458956807212, "35": 28.821450263226524, "36": 31.491557137636217, "37": 29.596064816498515, "38": 32.402299502032804, "39": 33.42417676844418, "40": 26.39546840461886, "41": 24.609603791850827, "42": 29.29932961225925, "43": 30.103319310486462, "44": 32.39944880474689, "45": 20.33487227418774, "46": 21.603245993950047, "47": 11.747838578593793, "48": 16.746977415562352, "50": 15.156906470630355, "51": 13.446008163497458, "52": 24.6797958360684, "53": 22.120283175390004, "54": 19.751521127390426, "55": 22.80114742081877, "56": 26.858096102104955, "57": 13.292457462157511, "58": 19.071179379895042, "59": 21.585254655708926, "60": 26.25853181819506, "61": 26.456788595907835, "62": 22.49829771315238, "63": 26.147911028287652, "64": 26.85910348482988, "65": 27.057234739157767, "66": 27.357771595883055, "67": 27.94808293215547 } }, "geometry": { "type": "MultiPolygon", "coordinates": [ [ [ [ 152.875, -31.125 ], [ 152.625, -31.125 ], [ 152.625, -30.875 ], [ 152.875, -30.875 ], [ 152.875, -31.125 ] ] ], [ [ [ 151.625, -30.125 ], [ 151.375, -30.125 ], [ 151.375, -29.875 ], [ 151.625, -29.875 ], [ 151.625, -30.125 ] ] ], [ [ [ 151.625, -29.875 ], [ 151.625, -29.375 ], [ 151.875, -29.375 ], [ 151.875, -29.875 ], [ 151.625, -29.875 ] ] ], [ [ [ 151.625, -26.875 ], [ 151.625, -26.625 ], [ 151.875, -26.625 ], [ 151.875, -26.375 ], [ 152.875, -26.375 ], [ 152.875, -26.625 ], [ 153.125, -26.625 ], [ 153.125, -28.125 ], [ 153.375, -28.125 ], [ 153.375, -27.625 ], [ 153.875, -27.625 ], [ 153.875, -29.125 ], [ 153.625, -29.125 ], [ 153.625, -30.125 ], [ 153.125, -30.125 ], [ 153.125, -30.375 ], [ 152.625, -30.375 ], [ 152.625, -29.625 ], [ 152.875, -29.625 ], [ 152.875, -29.125 ], [ 153.125, -29.125 ], [ 153.125, -28.875 ], [ 153.375, -28.875 ], [ 153.375, -28.375 ], [ 152.375, -28.375 ], [ 152.375, -28.625 ], [ 152.125, -28.625 ], [ 152.125, -29.375 ], [ 151.875, -29.375 ], [ 151.875, -26.875 ], [ 151.625, -26.875 ] ] ] ] } },
{ "type": "Feature", "properties": { "cluster_id": 50, "cohesion": 8.0601699304175671, "distances": { "1": 30.08883666295154, "2": 28.872058655678753, "3": 29.23559072672791, "4": 31.461418637620792, "5": 31.319271984419675, "6": 28.994226761332644, "7": 27.499317783629525, "8": 28.819182047266636, "9": 28.45915394666597, "10": 31.03001836793598, "11": 27.24021358844952, "12": 25.330602213242834, "13": 27.849813044441476, "14": 26.40158971736005, "15": 24.115147972427476, "16": 25.598554390709214, "17": 21.246422848418362, "18": 22.97841805660586, "19": 25.813909891772198, "20": 30.9336792101134, "21": 34.89146676499482, "22": 28.64052221758372, "23": 22.581808245337935, "24": 26.353361203443477, "25": 33.989661005510975, "26": 30.26825187530719, "27": 28.874648069195164, "28": 35.378703164481124, "29": 33.219493431085304, "30": 39.38535502991729, "31": 37.47773991238125, "32": 34.49122272026112, "33": 34.314020090455486, "34": 38.912644708894554, "35": 32.095004656959375, "36": 34.39213225553388, "37": 33.19017747899553, "38": 36.6316626492251, "39": 37.66563118652289, "40": 30.31146588668665, "41": 27.13370688210831, "42": 31.106701557571995, "43": 34.003960033348164, "44": 35.337296001754275, "45": 27.12502394520473, "46": 28.18311547511646, "47": 21.36752557937724, "48": 24.440522712468233, "49": 15.156906470630355, "51": 12.57916033241242, "52": 17.766469484810035, "53": 19.03460457102033, "54": 11.585574647948784, "55": 28.605939980413638, "56": 31.393165545307355, "57": 18.606148656105425, "58": 25.36657149473743, "59": 27.402603258139642, "60": 30.219280559314818, "61": 29.41203227475053, "62": 23.383223089089753, "63": 24.32730594572901, "64": 26.64792829708878, "65": 27.526645583768154, "66": 28.906870918370643, "67": 28.286650555389517 } }, "geometry": { "type": "MultiPolygon", "coordinates": [ [ [ [ 149.375, -36.625 ], [ 149.375, -36.875 ], [ 149.125, -36.875 ], [ 149.125, -37.375 ], [ 148.875, -37.375 ], [ 148.875, -37.625 ], [ 148.625, -37.625 ], [ 148.625, -36.625 ], [ 149.125, -36.625 ], [ 149.125, -36.375 ], [ 149.625, -36.375 ], [ 149.625, -36.625 ], [ 149.375, -36.625 ] ] ], [ [ [ 149.625, -36.125 ], [ 149.875, -36.125 ], [ 149.875, -35.875 ], [ 150.125, -35.875 ], [ 150.125, -36.375 ], [ 149.625, -36.375 ], [ 149.625, -36.125 ] ] ], [ [ [ 150.375, -35.875 ], [ 150.125, -35.875 ], [ 150.125, -35.625 ], [ 150.375, -35.625 ], [ 150.375, -35.875 ] ] ], [ [ [ 148.375, -35.625 ], [ 148.375, -35.375 ], [ 148.625, -35.375 ], [ 148.625, -35.625 ], [ 148.375, -35.625 ] ] ], [ [ [ 148.625, -35.125 ], [ 148.875, -35.125 ], [ 148.875, -35.375 ], [ 148.625, -35.375 ], [ 148.625, -35.125 ] ] ], [ [ [ 149.125, -34.625 ], [ 149.375, -34.625 ], [ 149.375, -33.125 ], [ 149.625, -33.125 ], [ 149.625, -32.625 ], [ 150.875, -32.625 ], [ 150.875, -32.125 ], [ 151.125, -32.125 ], [ 151.125, -31.625 ], [ 151.375, -31.625 ], [ 151.375, -31.375 ], [ 151.625, -31.375 ], [ 151.625, -30.625 ], [ 151.875, -30.625 ], [ 151.875, -30.125 ], [ 151.625, -30.125 ], [ 151.625, -29.875 ], [ 151.875, -29.875 ], [ 151.875, -29.375 ], [ 152.125, -29.375 ], [ 152.125, -28.625 ], [ 152.375, -28.625 ], [ 152.375, -29.125 ], [ 152.625, -29.125 ], [ 152.625, -30.375 ], [ 152.875, -30.375 ], [ 152.875, -30.875 ], [ 152.625, -30.875 ], [ 152.625, -31.625 ], [ 152.375, -31.625 ], [ 152.375, -31.875 ], [ 152.125, -31.875 ], [ 152.125, -32.375 ], [ 151.875, -32.375 ], [ 151.875, -32.125 ], [ 151.375, -32.125 ], [ 151.375, -32.625 ], [ 151.875, -32.625 ], [ 151.875, -32.875 ], [ 151.375, -32.875 ], [ 151.375, -33.375 ], [ 151.125, -33.375 ], [ 151.125, -33.625 ], [ 150.875, -33.625 ], [ 150.875, -34.125 ], [ 150.625, -34.125 ], [ 150.625, -33.875 ], [ 150.375, -33.875 ], [ 150.375, -33.625 ], [ 150.625, -33.625 ], [ 150.625, -33.125 ], [ 150.375, -33.125 ], [ 150.375, -33.375 ], [ 150.125, -33.375 ], [ 150.125, -33.625 ], [ 149.875, -33.625 ], [ 149.875, -34.125 ], [ 149.625, -34.125 ], [ 149.625, -34.875 ], [ 149.375, -34.875 ], [ 149.375, -35.125 ], [ 148.875, -35.125 ], [ 148.875, -34.875 ], [ 149.125, -34.875 ], [ 149.125, -34.625 ] ] ] ] } },
{ "type": "Feature", "properties": { "cluster_id": 51, "cohesion": 10.424271485874522, "distances": { "1": 31.285651681445646, "2": 26.87925747617313, "3": 28.987399630888792, "4": 33.82256755466288, "5": 33.35341986230653, "6": 28.941800362372433, "7": 25.125119870689772, "8": 27.15789838902976, "9": 29.267551533259958, "10": 31.59246910926338, "11": 26.836532913890167, "12": 25.65846719144519, "13": 28.34639038427622, "14": 26.537968434465817, "15": 22.967296252367856, "16": 22.869951476881983, "17": 20.081509960981812, "18": 23.87982473538244, "19": 24.80825836143459, "20": 27.634395882492683, "21": 30.277627725802184, "22": 22.757439053885072, "23": 18.338865357843524, "24": 23.66461009332491, "25": 28.893306136817383, "26": 25.170079596042854, "27": 27.092662740645547, "28": 30.904364888775778, "29": 29.842414884689784, "30": 34.22738751926942, "31": 31.96821096675724, "32": 30.083423858717534, "33": 29.46387295733574, "34": 32.90308632427216, "35": 25.84785437017096, "36": 28.13969855399374, "37": 26.59976408570577, "38": 30.647253984926778, "39": 31.3966743458301, "40": 24.80724043459141, "41": 22.694804095856995, "42": 26.230895822856223, "43": 28.538441965946003, "44": 29.44429370987045, "45": 22.67783816971541, "46": 24.761782316983286, "47": 18.769042248793983, "48": 20.58804745107519, "49": 13.446008163497458, "50": 12.579160332412421, "52": 21.18589357661058, "53": 19.892662844992334, "54": 16.169779153670078, "55": 22.72019574831172, "56": 24.850072586865522, "57": 14.443698872291327, "58": 19.729635338455978, "59": 22.66787431749536, "60": 24.581679861973676, "61": 25.59988927941431, "62": 20.428621741209124, "63": 23.30071306928555, "64": 23.45855653369447, "65": 24.685265825762965, "66": 24.07345047613569, "67": 24.125924633671303 } }, "geometry": { "type": "MultiPolygon", "coordinates": [ [ [ [ 150.375, -37.375 ], [ 150.125, -37.375 ], [ 150.125, -37.625 ], [ 149.875, -37.625 ], [ 149.875, -37.875 ], [ 149.625, -37.875 ], [ 149.625, -38.125 ], [ 148.625, -38.125 ], [ 148.625, -37.875 ], [ 148.875, -37.875 ], [ 148.875, -37.625 ], [ 149.375, -37.625 ], [ 149.375, -37.375 ], [ 149.625, -37.375 ], [ 149.625, -36.875 ], [ 149.875, -36.875 ], [ 149.875, -36.375 ], [ 150.125, -36.375 ], [ 150.125, -35.875 ], [ 150.375, -35.875 ], [ 150.375, -35.375 ], [ 150.625, -35.375 ], [ 150.625, -36.375 ], [ 150.375, -36.375 ], [ 150.375, -37.375 ] ] ], [ [ [ 150.875, -35.375 ], [ 150.625, -35.375 ], [ 150.625, -35.125 ], [ 150.875, -35.125 ], [ 150.875, -35.375 ] ] ], [ [ [ 149.125, -34.875 ], [ 148.875, -34.875 ], [ 148.875, -35.125 ], [ 148.625, -35.125 ], [ 148.625, -35.375 ], [ 148.125, -35.375 ], [ 148.125, -35.125 ], [ 147.875, -35.125 ], [ 147.875, -34.875 ], [ 148.625, -34.875 ], [ 148.625, -34.625 ], [ 148.875, -34.625 ], [ 148.875, -34.375 ], [ 149.125, -34.375 ], [ 149.125, -33.375 ], [ 148.875, -33.375 ], [ 148.875, -33.125 ], [ 149.375, -33.125 ], [ 149.375, -34.625 ], [ 149.125, -34.625 ], [ 149.125, -34.875 ] ] ], [ [ [ 149.625, -33.125 ], [ 149.375, -33.125 ], [ 149.375, -32.875 ], [ 149.625, -32.875 ], [ 149.625, -33.125 ] ] ], [ [ [ 153.125, -31.375 ], [ 153.125, -31.875 ], [ 152.875, -31.875 ], [ 152.875, -32.375 ], [ 152.625, -32.375 ], [ 152.625, -32.625 ], [ 152.375, -32.625 ], [ 152.375, -32.875 ], [ 152.125, -32.875 ], [ 152.125, -33.125 ], [ 151.875, -33.125 ], [ 151.875, -33.375 ], [ 151.625, -33.375 ], [ 151.625, -34.125 ], [ 151.375, -34.125 ], [ 151.375, -34.375 ], [ 151.125, -34.375 ], [ 151.125, -35.125 ], [ 150.875, -35.125 ], [ 150.875, -33.625 ], [ 151.125, -33.625 ], [ 151.125, -33.375 ], [ 151.375, -33.375 ], [ 151.375, -32.875 ], [ 151.875, -32.875 ], [ 151.875, -32.375 ], [ 152.125, -32.375 ], [ 152.125, -31.875 ], [ 152.375, -31.875 ], [ 152.375, -31.625 ], [ 152.625, -31.625 ], [ 152.625, -31.125 ], [ 152.875, -31.125 ], [ 152.875, -30.375 ], [ 153.125, -30.375 ], [ 153.125, -30.125 ], [ 153.375, -30.125 ], [ 153.375, -31.375 ], [ 153.125, -31.375 ] ] ], [ [ [ 151.125, -31.625 ], [ 151.125, -32.125 ], [ 150.875, -32.125 ], [ 150.875, -32.625 ], [ 149.625, -32.625 ], [ 149.625, -32.375 ], [ 149.875, -32.375 ], [ 149.875, -31.875 ], [ 150.625, -31.875 ], [ 150.625, -31.625 ], [ 150.875, -31.625 ], [ 150.875, -31.375 ], [ 151.375, -31.375 ], [ 151.375, -31.625 ], [ 151.125, -31.625 ] ] ], [ [ [ 151.375, -30.625 ], [ 151.625, -30.625 ], [ 151.625, -31.375 ], [ 151.375, -31.375 ], [ 151.375, -30.625 ] ] ], [ [ [ 151.625, -30.125 ], [ 151.875, -30.125 ], [ 151.875, -30.625 ], [ 151.625, -30.625 ], [ 151.625, -30.125 ] ] ], [ [ [ 153.125, -29.125 ], [ 152.875, -29.125 ], [ 152.875, -29.625 ], [ 152.625, -29.625 ], [ 152.625, -29.125 ], [ 152.375, -29.125 ], [ 152.375, -28.375 ], [ 153.375, -28.375 ], [ 153.375, -28.875 ], [ 153.125, -28.875 ], [ 153.125, -29.125 ] ] ] ] } },
{ "type": "Feature", "properties": { "cluster_id": 52, "cohesion": 8.467567179143936, "distances": { "1": 28.456836209683093, "2": 28.822362797228315, "3": 27.083008111768052, "4": 34.08595829155131, "5": 36.32309733894967, "6": 34.742020234556584, "7": 32.593431620969525, "8": 35.94335054138228, "9": 33.20327389448038, "10": 37.876980068310075, "11": 32.66607297585373, "12": 28.727541223602543, "13": 30.212618379105436, "14": 29.99974965678876, "15": 27.666480945067644, "16": 28.803920285578666, "17": 18.047148669543112, "18": 12.645548270390204, "19": 18.35664421995313, "20": 25.817565041874232, "21": 31.138720384454846, "22": 32.82748451679253, "23": 27.223814001491856, "24": 23.389153429986944, "25": 32.023413582455014, "26": 30.94309233103692, "27": 28.56603404399885, "28": 37.22091572491462, "29": 33.94561245513801, "30": 39.40859333110536, "31": 39.13801741980611, "32": 34.19183301599686, "33": 32.30913049945157, "34": 38.86009684084004, "35": 35.89745446831007, "36": 35.18556409228621, "37": 35.89165131447791, "38": 35.81796666628157, "39": 38.94812387494432, "40": 32.67893047282163, "41": 27.5951790274934, "42": 32.9663770966124, "43": 36.53313994247773, "44": 37.144858537303136, "45": 29.7311173832621, "46": 29.027906759792714, "47": 27.397055564131197, "48": 30.327723458206794, "49": 24.6797958360684, "50": 17.766469484810035, "51": 21.185893576610578, "53": 14.35211834124479, "54": 14.098429416758472, "55": 34.97341729132643, "56": 36.15052115875365, "57": 27.476077170771617, "58": 30.85158483973304, "59": 33.9867189919843, "60": 36.56155509544458, "61": 36.75463392692573, "62": 24.5461576936749, "63": 26.52664992121202, "64": 29.00113205477247, "65": 33.24001061730407, "66": 34.06833714531741, "67": 31.259501266665456 } }, "geometry": { "type": "Polygon", "coordinates": [ [ [ 149.125, -35.375 ], [ 149.125, -35.625 ], [ 148.375, -35.625 ], [ 148.375, -36.375 ], [ 148.125, -36.375 ], [ 148.125, -36.625 ], [ 147.625, -36.625 ], [ 147.625, -36.875 ], [ 146.875, -36.875 ], [ 146.875, -37.125 ], [ 146.375, -37.125 ], [ 146.375, -37.375 ], [ 146.125, -37.375 ], [ 146.125, -37.625 ], [ 144.875, -37.625 ], [ 144.875, -37.375 ], [ 144.125, -37.375 ], [ 144.125, -37.625 ], [ 142.125, -37.625 ], [ 142.125, -37.875 ], [ 141.625, -37.875 ], [ 141.625, -38.125 ], [ 140.625, -38.125 ], [ 140.625, -38.375 ], [ 141.125, -38.375 ], [ 141.125, -38.625 ], [ 142.625, -38.625 ], [ 142.625, -38.875 ], [ 143.125, -38.875 ], [ 143.125, -39.125 ], [ 143.875, -39.125 ], [ 143.875, -38.875 ], [ 144.125, -38.875 ], [ 144.125, -38.625 ], [ 144.375, -38.625 ], [ 144.375, -38.375 ], [ 145.125, -38.375 ], [ 145.125, -38.625 ], [ 145.375, -38.625 ], [ 145.375, -38.875 ], [ 146.375, -38.875 ], [ 146.375, -38.625 ], [ 145.625, -38.625 ], [ 145.625, -38.375 ], [ 145.875, -38.375 ], [ 145.875, -38.125 ], [ 146.125, -38.125 ], [ 146.125, -37.875 ], [ 147.125, -37.875 ], [ 147.125, -37.625 ], [ 148.625, -37.625 ], [ 148.625, -36.625 ], [ 148.875, -36.625 ], [ 148.875, -36.375 ], [ 149.375, -36.375 ], [ 149.375, -35.875 ], [ 149.625, -35.875 ], [ 149.625, -35.375 ], [ 149.125, -35.375 ] ] ] } },
{ "type": "Feature", "properties": { "cluster_id": 53, "cohesion": 6.8898779192984287, "distances": { "1": 24.777229904039437, "2": 24.15116510734599, "3": 23.10989826900697, "4": 30.65339929147799, "5": 32.71227550240978, "6": 29.817856472114055, "7": 27.49235277075915, "8": 31.077956868651967, "9": 30.301327264181296, "10": 33.25180869972176, "11": 29.4626510188728, "12": 26.712118789946736, "13": 25.967904744603626, "14": 26.522242620480885, "15": 24.84761701404605, "16": 24.01173400490525, "17": 22.368957300303272, "18": 18.98783203485686, "19": 23.413231320190278, "20": 26.6982625570379, "21": 30.93439249599289, "22": 31.833302169295578, "23": 28.585336095054387, "24": 27.172253360952936, "25": 31.87343841592519, "26": 31.314018259526065, "27": 23.537129207339987, "28": 30.570488074093568, "29": 27.871470114263797, "30": 34.10789120847117, "31": 33.52596648315291, "32": 29.3543249579886, "33": 29.425175137199293, "34": 34.43656756101567, "35": 31.46547533715789, "36": 32.79472564232416, "37": 32.93369202896878, "38": 32.72416057387652, "39": 34.371580313334746, "40": 28.57060925396909, "41": 24.961793383987384, "42": 29.286456637073034, "43": 31.280854801108465, "44": 32.87921949351532, "45": 26.41739842503318, "46": 24.836121606311092, "47": 23.762762970705346, "48": 26.786693876442353, "49": 22.120283175390004, "50": 19.034604571020335, "51": 19.892662844992334, "52": 14.352118341244793, "54": 14.710511629105929, "55": 30.17741361951004, "56": 32.06803043124214, "57": 26.40436329839041, "58": 28.881303394153118, "59": 28.94033770105104, "60": 31.340278436089914, "61": 31.28902399862061, "62": 21.730803819793156, "63": 24.610861764400102, "64": 26.509034000061998, "65": 29.49290691255366, "66": 30.00051375794148, "67": 28.11164109968001 } }, "geometry": { "type": "Polygon", "coordinates": [ [ [ 144.875, -40.375 ], [ 144.875, -40.625 ], [ 144.625, -40.625 ], [ 144.625, -40.875 ], [ 144.375, -40.875 ], [ 144.375, -41.375 ], [ 144.625, -41.375 ], [ 144.625, -41.875 ], [ 144.875, -41.875 ], [ 144.875, -42.125 ], [ 145.125, -42.125 ], [ 145.125, -42.375 ], [ 144.875, -42.375 ], [ 144.875, -42.625 ], [ 145.125, -42.625 ], [ 145.125, -42.875 ], [ 145.375, -42.875 ], [ 145.375, -43.125 ], [ 145.625, -43.125 ], [ 145.625, -43.375 ], [ 145.875, -43.375 ], [ 145.875, -43.625 ], [ 147.125, -43.625 ], [ 147.125, -43.375 ], [ 147.375, -43.375 ], [ 147.375, -43.125 ], [ 147.875, -43.125 ], [ 147.875, -42.875 ], [ 148.125, -42.875 ], [ 148.125, -42.625 ], [ 148.375, -42.625 ], [ 148.375, -42.125 ], [ 148.625, -42.125 ], [ 148.625, -40.875 ], [ 148.375, -40.875 ], [ 148.375, -40.625 ], [ 148.125, -40.625 ], [ 148.125, -40.375 ], [ 147.875, -40.375 ], [ 147.875, -40.625 ], [ 146.625, -40.625 ], [ 146.625, -40.875 ], [ 146.125, -40.875 ], [ 146.125, -40.625 ], [ 145.125, -40.625 ], [ 145.125, -40.375 ], [ 144.875, -40.375 ] ] ] } },
{ "type": "Feature", "properties": { "cluster_id": 54, "cohesion": 8.7801626880048129, "distances": { "1": 27.935062691255126, "2": 28.433195638467247, "3": 27.552917546651575, "4": 29.760571667132766, "5": 30.30474689445778, "6": 28.97028565541585, "7": 28.38077578713309, "8": 29.161332002902604, "9": 27.53247764461429, "10": 30.625904939997433, "11": 26.651887399459405, "12": 24.081412491655577, "13": 26.57141179953235, "14": 25.59187993033002, "15": 23.60020839806448, "16": 25.428541437826127, "17": 21.576445813560067, "18": 21.369080806015404, "19": 25.406987776841945, "20": 31.08840949049775, "21": 35.2138931370366, "22": 31.973181547424517, "23": 26.646907824624552, "24": 27.38298905609825, "25": 34.8204390747559, "26": 32.21925824208541, "27": 27.965983217933704, "28": 35.24413034499658, "29": 32.78152162061497, "30": 39.40333359949481, "31": 37.6724716075089, "32": 34.67056801238163, "33": 34.79094443471501, "34": 39.544099981686585, "35": 33.13675948716938, "36": 35.70546671604889, "37": 35.15434224432813, "38": 37.412746889809036, "39": 38.29907097901864, "40": 31.1923768860137, "41": 27.51937536788488, "42": 31.05659395713616, "43": 34.36198125776668, "44": 35.72121417188326, "45": 29.008258355937475, "46": 29.02332920529737, "47": 24.567277879770515, "48": 27.297109430260093, "49": 19.751521127390426, "50": 11.585574647948784, "51": 16.169779153670078, "52": 14.098429416758472, "53": 14.71051162910593, "55": 31.351036427813153, "56": 33.74153970168704, "57": 24.14690955163937, "58": 29.34887045199965, "59": 29.6155406045787, "60": 31.93274725236553, "61": 30.520249132073754, "62": 22.995422728332578, "63": 23.128547981027474, "64": 26.19717469000793, "65": 27.670906218459166, "66": 29.550411031245808, "67": 28.135385459222682 } }, "geometry": { "type": "MultiPolygon", "coordinates": [ [ [ [ 148.625, -37.875 ], [ 148.625, -38.125 ], [ 148.125, -38.125 ], [ 148.125, -38.375 ], [ 147.375, -38.375 ], [ 147.375, -38.625 ], [ 147.125, -38.625 ], [ 147.125, -38.875 ], [ 146.625, -38.875 ], [ 146.625, -39.125 ], [ 145.875, -39.125 ], [ 145.875, -38.875 ], [ 146.375, -38.875 ], [ 146.375, -38.625 ], [ 145.625, -38.625 ], [ 145.625, -38.375 ], [ 145.875, -38.375 ], [ 145.875, -38.125 ], [ 146.125, -38.125 ], [ 146.125, -37.875 ], [ 147.125, -37.875 ], [ 147.125, -37.625 ], [ 148.875, -37.625 ], [ 148.875, -37.875 ], [ 148.625, -37.875 ] ] ], [ [ [ 149.125, -37.375 ], [ 149.125, -36.875 ], [ 149.375, -36.875 ], [ 149.375, -36.625 ], [ 149.625, -36.625 ], [ 149.625, -36.375 ], [ 149.875, -36.375 ], [ 149.875, -36.875 ], [ 149.625, -36.875 ], [ 149.625, -37.375 ], [ 149.375, -37.375 ], [ 149.375, -37.625 ], [ 148.875, -37.625 ], [ 148.875, -37.375 ], [ 149.125, -37.375 ] ] ], [ [ [ 150.625, -33.625 ], [ 150.375, -33.625 ], [ 150.375, -33.875 ], [ 150.625, -33.875 ], [ 150.625, -34.125 ], [ 150.875, -34.125 ], [ 150.875, -35.125 ], [ 150.625, -35.125 ], [ 150.625, -35.375 ], [ 150.375, -35.375 ], [ 150.375, -35.625 ], [ 150.125, -35.625 ], [ 150.125, -35.875 ], [ 149.875, -35.875 ], [ 149.875, -36.125 ], [ 149.625, -36.125 ], [ 149.625, -36.375 ], [ 149.375, -36.375 ], [ 149.375, -35.875 ], [ 149.625, -35.875 ], [ 149.625, -35.375 ], [ 149.125, -35.375 ], [ 149.125, -35.625 ], [ 148.625, -35.625 ], [ 148.625, -35.375 ], [ 148.875, -35.375 ], [ 148.875, -35.125 ], [ 149.375, -35.125 ], [ 149.375, -34.875 ], [ 149.625, -34.875 ], [ 149.625, -34.125 ], [ 149.875, -34.125 ], [ 149.875, -33.625 ], [ 150.125, -33.625 ], [ 150.125, -33.375 ], [ 150.375, -33.375 ], [ 150.375, -33.125 ], [ 150.625, -33.125 ], [ 150.625, -33.625 ] ] ], [ [ [ 151.875, -32.625 ], [ 151.375, -32.625 ], [ 151.375, -32.125 ], [ 151.875, -32.125 ], [ 151.875, -32.625 ] ] ] ] } },
{ "type": "Feature", "properties": { "cluster_id": 55, "cohesion": 6.0394918107731366, "distances": { "1": 37.11346388654352, "2": 29.963549642600107, "3": 33.69882320684024, "4": 41.210894934010064, "5": 39.50791616324706, "6": 31.023426307792683, "7": 24.127545968044075, "8": 25.399267013610636, "9": 35.053011704221774, "10": 33.517086854155174, "11": 30.19232372062231, "12": 32.4803082482793, "13": 35.06429473361748, "14": 32.82169605161988, "15": 29.731477990632218, "16": 28.071312732090398, "17": 29.920219857596805, "18": 34.96267259339276, "19": 33.486045924999026, "20": 31.813863759666475, "21": 31.73567846553023, "22": 17.068210340048545, "23": 22.227042174137587, "24": 30.106163715731313, "25": 29.06165793459607, "26": 24.433290635490895, "27": 31.937846219088637, "28": 32.15182007022885, "29": 32.13135014645838, "30": 33.98983633612379, "31": 31.550979466442097, "32": 30.643356911602506, "33": 29.918020334559742, "34": 30.47822762858614, "35": 20.536565947261288, "36": 24.218880114407767, "37": 18.815292216451667, "38": 28.52703877406814, "39": 28.788927796840497, "40": 26.34534391018877, "41": 26.14264475422572, "42": 28.031581093936182, "43": 29.236432116278984, "44": 28.271354346309955, "45": 23.579534025112594, "46": 27.010831795247164, "47": 24.63000725400944, "48": 21.591077751544425, "49": 22.80114742081877, "50": 28.605939980413638, "51": 22.72019574831172, "52": 34.97341729132643, "53": 30.17741361951004, "54": 31.351036427813153, "56": 12.143001985526247, "57": 19.971810273012803, "58": 17.86290417632117, "59": 11.909471328477984, "60": 11.938702851037998, "61": 18.23331123764339, "62": 26.108787250485207, "63": 29.82976929818293, "64": 27.30144225325343, "65": 24.31761329212038, "66": 21.024099572367284, "67": 25.239922983069224 } }, "geometry": { "type": "Polygon", "coordinates": [ [ [ 139.875, -24.625 ], [ 139.875, -25.125 ], [ 140.125, -25.125 ], [ 140.125, -25.375 ], [ 140.375, -25.375 ], [ 140.375, -25.625 ], [ 140.125, -25.625 ], [ 140.125, -26.125 ], [ 140.375, -26.125 ], [ 140.375, -26.375 ], [ 141.375, -26.375 ], [ 141.375, -26.625 ], [ 141.625, -26.625 ], [ 141.625, -26.875 ], [ 142.375, -26.875 ], [ 142.375, -27.125 ], [ 143.375, -27.125 ], [ 143.375, -27.375 ], [ 144.125, -27.375 ], [ 144.125, -27.875 ], [ 144.625, -27.875 ], [ 144.625, -27.375 ], [ 145.125, -27.375 ], [ 145.125, -26.875 ], [ 144.375, -26.875 ], [ 144.375, -26.625 ], [ 143.875, -26.625 ], [ 143.875, -26.375 ], [ 143.625, -26.375 ], [ 143.625, -26.125 ], [ 143.125, -26.125 ], [ 143.125, -26.375 ], [ 142.625, -26.375 ], [ 142.625, -26.125 ], [ 142.375, -26.125 ], [ 142.375, -25.625 ], [ 142.125, -25.625 ], [ 142.125, -25.375 ], [ 141.875, -25.375 ], [ 141.875, -25.625 ], [ 141.625, -25.625 ], [ 141.625, -25.375 ], [ 141.375, -25.375 ], [ 141.375, -25.125 ], [ 140.875, -25.125 ], [ 140.875, -24.875 ], [ 140.625, -24.875 ], [ 140.625, -24.625 ], [ 139.875, -24.625 ] ] ] } },
{ "type": "Feature", "properties": { "cluster_id": 56, "cohesion": 8.1552971865868518, "distances": { "1": 41.57343094644793, "2": 33.732120488725734, "3": 37.48601053701755, "4": 46.2691514352099, "5": 44.954355684423966, "6": 37.24103510742397, "7": 30.203546302406128, "8": 30.37784320713814, "9": 39.2215636741849, "10": 39.2001858898789, "11": 33.88239396678985, "12": 35.30915897392082, "13": 39.06715946553969, "14": 36.71817228043087, "15": 32.14748982017888, "16": 30.15559356570207, "17": 28.04351626757362, "18": 34.85430811890247, "19": 31.723102889259394, "20": 29.468318956407394, "21": 27.29826853364624, "22": 13.670312189610499, "23": 21.34292356033274, "24": 26.884315671963833, "25": 23.153780193921495, "26": 18.86218213164498, "27": 33.68965907559181, "28": 31.811287981851645, "29": 32.85196602885015, "30": 31.841787337728118, "31": 29.102232856097135, "32": 30.12403770362511, "33": 27.899294903708736, "34": 26.945921733666673, "35": 16.28910272766131, "36": 17.53665660915475, "37": 11.576244916193808, "38": 23.943231828670758, "39": 24.35827179134661, "40": 24.520350539586143, "41": 25.192619109407683, "42": 25.61114166398888, "43": 27.127054141217393, "44": 24.04942302314827, "45": 26.27196795393997, "46": 29.990324090104256, "47": 28.828067732680125, "48": 26.306137364601813, "49": 26.858096102104955, "50": 31.39316554530735, "51": 24.850072586865522, "52": 36.15052115875365, "53": 32.06803043124214, "54": 33.741539701687046, "55": 12.143001985526247, "57": 22.60317140579001, "58": 19.873488565008454, "59": 19.26789303982779, "60": 13.400142434513738, "61": 22.195335820405468, "62": 26.81326309389417, "63": 31.081200937269916, "64": 26.884634745767393, "65": 26.3108694929359, "66": 20.14181865753477, "67": 23.75890932859317 } }, "geometry": { "type": "MultiPolygon", "coordinates": [ [ [ [ 135.875, -23.375 ], [ 135.875, -23.625 ], [ 136.375, -23.625 ], [ 136.375, -23.875 ], [ 136.625, -23.875 ], [ 136.625, -24.125 ], [ 137.125, -24.125 ], [ 137.125, -24.375 ], [ 137.375, -24.375 ], [ 137.375, -24.625 ], [ 137.875, -24.625 ], [ 137.875, -24.875 ], [ 138.625, -24.875 ], [ 138.625, -25.125 ], [ 138.875, -25.125 ], [ 138.875, -25.375 ], [ 139.625, -25.375 ], [ 139.625, -25.875 ], [ 140.125, -25.875 ], [ 140.125, -26.125 ], [ 140.375, -26.125 ], [ 140.375, -26.375 ], [ 141.375, -26.375 ], [ 141.375, -26.625 ], [ 141.625, -26.625 ], [ 141.625, -26.875 ], [ 142.375, -26.875 ], [ 142.375, -27.125 ], [ 143.375, -27.125 ], [ 143.375, -27.375 ], [ 144.125, -27.375 ], [ 144.125, -27.875 ], [ 144.625, -27.875 ], [ 144.625, -28.375 ], [ 144.375, -28.375 ], [ 144.375, -28.625 ], [ 143.625, -28.625 ], [ 143.625, -28.875 ], [ 143.375, -28.875 ], [ 143.375, -28.625 ], [ 143.125, -28.625 ], [ 143.125, -28.125 ], [ 142.625, -28.125 ], [ 142.625, -28.375 ], [ 142.125, -28.375 ], [ 142.125, -28.625 ], [ 141.625, -28.625 ], [ 141.625, -28.375 ], [ 140.375, -28.375 ], [ 140.375, -27.625 ], [ 140.125, -27.625 ], [ 140.125, -27.375 ], [ 139.875, -27.375 ], [ 139.875, -27.125 ], [ 139.375, -27.125 ], [ 139.375, -27.375 ], [ 138.625, -27.375 ], [ 138.625, -27.125 ], [ 138.375, -27.125 ], [ 138.375, -27.375 ], [ 137.875, -27.375 ], [ 137.875, -27.125 ], [ 137.625, -27.125 ], [ 137.625, -26.875 ], [ 137.375, -26.875 ], [ 137.375, -26.625 ], [ 137.125, -26.625 ], [ 137.125, -26.125 ], [ 136.875, -26.125 ], [ 136.875, -25.875 ], [ 136.625, -25.875 ], [ 136.625, -25.625 ], [ 136.125, -25.625 ], [ 136.125, -25.375 ], [ 135.875, -25.375 ], [ 135.875, -25.125 ], [ 135.625, -25.125 ], [ 135.625, -24.875 ], [ 134.625, -24.875 ], [ 134.625, -24.625 ], [ 134.375, -24.625 ], [ 134.375, -24.375 ], [ 134.125, -24.375 ], [ 134.125, -24.125 ], [ 134.375, -24.125 ], [ 134.375, -23.875 ], [ 134.625, -23.875 ], [ 134.625, -23.625 ], [ 134.375, -23.625 ], [ 134.375, -23.375 ], [ 135.875, -23.375 ] ] ], [ [ [ 133.875, -23.625 ], [ 133.875, -23.875 ], [ 133.625, -23.875 ], [ 133.625, -23.625 ], [ 133.875, -23.625 ] ] ] ] } },
{ "type": "Feature", "properties": { "cluster_id": 57, "cohesion": 8.0389811992048568, "distances": { "1": 35.74154017752372, "2": 28.895138272525767, "3": 32.55921288976688, "4": 39.49300709325066, "5": 39.041748335841824, "6": 32.94086535014202, "7": 27.037581505825013, "8": 31.356135591863758, "9": 35.228409714351024, "10": 36.7865790645148, "11": 32.526628444337405, "12": 31.91073144784041, "13": 33.48556037867194, "14": 31.92012023767714, "15": 28.398396478374774, "16": 26.98751365042422, "17": 23.463390657276904, "18": 27.38307194225645, "19": 27.141328691475973, "20": 28.00925300586607, "21": 30.402101075398136, "22": 19.185276653398294, "23": 15.11317277320655, "24": 24.972606032705947, "25": 29.021676254424847, "26": 24.42603563833686, "27": 30.39924755302188, "28": 32.85466143416396, "29": 32.121785607012974, "30": 34.888532749872745, "31": 33.1825222762387, "32": 30.543002705552198, "33": 28.88846470317795, "34": 32.203425910055714, "35": 26.95670592488368, "36": 27.414161586368447, "37": 24.85236699059894, "38": 29.836876482943826, "39": 31.608302285167344, "40": 25.419699836516955, "41": 24.25811983061073, "42": 29.188236786140717, "43": 30.193538600511364, "44": 30.83948903901591, "45": 21.174926866557126, "46": 24.36963563830923, "47": 16.692875579924117, "48": 18.792198739575785, "49": 13.29245746215751, "50": 18.606148656105425, "51": 14.443698872291327, "52": 27.476077170771617, "53": 26.404363298390408, "54": 24.146909551639375, "55": 19.97181027301281, "56": 22.60317140579001, "58": 13.855731449284502, "59": 21.785286366880577, "60": 24.886758411898988, "61": 28.083706490914274, "62": 24.57165592372551, "63": 29.274011995269053, "64": 28.173660917668894, "65": 29.303358116973428, "66": 27.39134122656342, "67": 28.26396543449348 } }, "geometry": { "type": "MultiPolygon", "coordinates": [ [ [ [ 151.875, -26.875 ], [ 151.875, -29.375 ], [ 151.625, -29.375 ], [ 151.625, -29.875 ], [ 151.375, -29.875 ], [ 151.375, -30.125 ], [ 151.625, -30.125 ], [ 151.625, -30.625 ], [ 151.375, -30.625 ], [ 151.375, -31.375 ], [ 150.875, -31.375 ], [ 150.875, -31.625 ], [ 150.625, -31.625 ], [ 150.625, -31.875 ], [ 149.875, -31.875 ], [ 149.875, -32.375 ], [ 149.625, -32.375 ], [ 149.625, -32.875 ], [ 149.375, -32.875 ], [ 149.375, -33.125 ], [ 148.625, -33.125 ], [ 148.625, -32.875 ], [ 148.375, -32.875 ], [ 148.375, -31.625 ], [ 148.625, -31.625 ], [ 148.625, -30.625 ], [ 148.875, -30.625 ], [ 148.875, -30.375 ], [ 150.125, -30.375 ], [ 150.125, -29.875 ], [ 150.875, -29.875 ], [ 150.875, -29.125 ], [ 151.125, -29.125 ], [ 151.125, -28.875 ], [ 151.375, -28.875 ], [ 151.375, -27.625 ], [ 151.625, -27.625 ], [ 151.625, -26.875 ], [ 151.875, -26.875 ] ] ], [ [ [ 151.375, -26.875 ], [ 151.375, -26.625 ], [ 151.625, -26.625 ], [ 151.625, -26.875 ], [ 151.375, -26.875 ] ] ] ] } },
{ "type": "Feature", "properties": { "cluster_id": 58, "cohesion": 9.0008212148083295, "distances": { "1": 37.01934751372349, "2": 28.074956329942548, "3": 32.62363248401658, "4": 42.491234914379426, "5": 42.09827202954255, "6": 34.81663054380837, "7": 26.779693064572985, "8": 33.0921377764524, "9": 37.50430545158371, "10": 39.67663721124563, "11": 34.24451813728642, "12": 33.7753240004568, "13": 35.94833729965177, "14": 33.891127010876495, "15": 29.854262357413685, "16": 28.125606798269494, "17": 25.36503674012155, "18": 29.176504267411268, "19": 27.696827247189486, "20": 26.339619471028563, "21": 27.403101887095335, "22": 16.999188387732186, "23": 16.129166668527244, "24": 25.122931532661653, "25": 26.008713792892106, "26": 23.068787241572725, "27": 31.91413675793041, "28": 32.48730205138639, "29": 32.490389208482625, "30": 32.991829432928256, "31": 31.49755936471296, "32": 29.617923159684644, "33": 26.408694006020912, "34": 29.0774921244996, "35": 25.066942880123456, "36": 23.69104616391924, "37": 21.461957582723777, "38": 25.916043957055653, "39": 28.81031183836439, "40": 23.75682573487724, "41": 22.68403734313099, "42": 27.814468818426132, "43": 28.780762667744575, "44": 28.591962529230962, "45": 17.59367745420075, "46": 22.659582731153012, "47": 19.481625019880376, "48": 16.872589473520765, "49": 19.071179379895042, "50": 25.36657149473743, "51": 19.729635338455978, "52": 30.85158483973304, "53": 28.88130339415312, "54": 29.34887045199965, "55": 17.86290417632117, "56": 19.873488565008458, "57": 13.855731449284503, "59": 20.125153737135037, "60": 23.876515730804353, "61": 28.88948843902999, "62": 24.465204982617202, "63": 30.393599596384888, "64": 27.9218145575832, "65": 30.017187557035115, "66": 27.013719237337707, "67": 27.712934215217647 } }, "geometry": { "type": "Polygon", "coordinates": [ [ [ 146.375, -25.125 ], [ 146.375, -25.375 ], [ 145.875, -25.375 ], [ 145.875, -25.625 ], [ 145.625, -25.625 ], [ 145.625, -25.875 ], [ 145.125, -25.875 ], [ 145.125, -26.625 ], [ 144.875, -26.625 ], [ 144.875, -26.875 ], [ 145.125, -26.875 ], [ 145.125, -27.375 ], [ 144.625, -27.375 ], [ 144.625, -28.375 ], [ 144.875, -28.375 ], [ 144.875, -28.875 ], [ 145.125, -28.875 ], [ 145.125, -29.125 ], [ 146.625, -29.125 ], [ 146.625, -29.375 ], [ 146.875, -29.375 ], [ 146.875, -29.625 ], [ 147.125, -29.625 ], [ 147.125, -29.875 ], [ 147.625, -29.875 ], [ 147.625, -30.375 ], [ 147.875, -30.375 ], [ 147.875, -30.875 ], [ 148.125, -30.875 ], [ 148.125, -31.375 ], [ 148.625, -31.375 ], [ 148.625, -30.625 ], [ 148.875, -30.625 ], [ 148.875, -30.375 ], [ 150.125, -30.375 ], [ 150.125, -29.875 ], [ 150.875, -29.875 ], [ 150.875, -29.125 ], [ 151.125, -29.125 ], [ 151.125, -28.875 ], [ 151.375, -28.875 ], [ 151.375, -27.625 ], [ 151.625, -27.625 ], [ 151.625, -26.875 ], [ 151.375, -26.875 ], [ 151.375, -26.625 ], [ 151.125, -26.625 ], [ 151.125, -26.375 ], [ 149.125, -26.375 ], [ 149.125, -26.125 ], [ 148.875, -26.125 ], [ 148.875, -25.875 ], [ 149.125, -25.875 ], [ 149.125, -25.625 ], [ 148.375, -25.625 ], [ 148.375, -25.375 ], [ 148.125, -25.375 ], [ 148.125, -25.125 ], [ 146.375, -25.125 ] ] ] } },
{ "type": "Feature", "properties": { "cluster_id": 59, "cohesion": 8.5510329413994537, "distances": { "1": 32.41757472356624, "2": 25.848658091656805, "3": 29.663005690266413, "4": 35.39530471928826, "5": 33.08281337093302, "6": 23.574014348073568, "7": 16.623102158872314, "8": 20.26786733062425, "9": 29.80313709672733, "10": 27.304820233576834, "11": 25.626324974884717, "12": 28.662713705537914, "13": 30.516446947074467, "14": 28.068054895363673, "15": 26.459281426043677, "16": 25.559519605992776, "17": 32.00595976237724, "18": 35.093382177339436, "19": 34.955951927832295, "20": 33.63427789168026, "21": 34.739536161804544, "22": 23.404349647177373, "23": 26.00881322089685, "24": 33.189906858825275, "25": 33.199675827595954, "26": 29.59282457288902, "27": 30.348069302527524, "28": 32.18449662315138, "29": 31.40275866130947, "30": 35.39378096869556, "31": 33.14187476673417, "32": 31.419688878425276, "33": 31.708310881389128, "34": 33.252427649502216, "35": 23.99194804712781, "36": 29.12840705581468, "37": 25.071195428817195, "38": 31.839257705925, "39": 31.964481974790797, "40": 28.157846405897423, "41": 27.019003554596797, "42": 29.090217044568945, "43": 30.592887957762613, "44": 31.013196680076238, "45": 21.22849555233581, "46": 24.50231516827761, "47": 22.69495762927141, "48": 17.76558565610131, "49": 21.585254655708923, "50": 27.402603258139642, "51": 22.66787431749536, "52": 33.9867189919843, "53": 28.94033770105104, "54": 29.615540604578705, "55": 11.909471328477984, "56": 19.26789303982779, "57": 21.78528636688058, "58": 20.125153737135037, "60": 15.134532519617563, "61": 15.993693785497124, "62": 25.091979677164733, "63": 27.658651333810326, "64": 26.54735365934544, "65": 21.9147902390679, "66": 21.567291333112482, "67": 25.570900969211987 } }, "geometry": { "type": "Polygon", "coordinates": [ [ [ 140.125, -22.375 ], [ 140.125, -22.625 ], [ 139.125, -22.625 ], [ 139.125, -22.875 ], [ 139.625, -22.875 ], [ 139.625, -23.125 ], [ 139.875, -23.125 ], [ 139.875, -23.375 ], [ 138.875, -23.375 ], [ 138.875, -23.625 ], [ 139.125, -23.625 ], [ 139.125, -23.875 ], [ 139.625, -23.875 ], [ 139.625, -24.125 ], [ 139.875, -24.125 ], [ 139.875, -24.375 ], [ 140.125, -24.375 ], [ 140.125, -24.625 ], [ 140.625, -24.625 ], [ 140.625, -24.875 ], [ 140.875, -24.875 ], [ 140.875, -25.125 ], [ 141.375, -25.125 ], [ 141.375, -25.375 ], [ 141.625, -25.375 ], [ 141.625, -25.625 ], [ 141.875, -25.625 ], [ 141.875, -25.375 ], [ 142.125, -25.375 ], [ 142.125, -25.625 ], [ 142.375, -25.625 ], [ 142.375, -26.125 ], [ 142.625, -26.125 ], [ 142.625, -26.375 ], [ 143.125, -26.375 ], [ 143.125, -26.125 ], [ 143.625, -26.125 ], [ 143.625, -26.375 ], [ 143.875, -26.375 ], [ 143.875, -26.625 ], [ 144.375, -26.625 ], [ 144.375, -26.875 ], [ 144.875, -26.875 ], [ 144.875, -26.625 ], [ 145.125, -26.625 ], [ 145.125, -25.875 ], [ 145.625, -25.875 ], [ 145.625, -25.625 ], [ 145.875, -25.625 ], [ 145.875, -25.375 ], [ 146.125, -25.375 ], [ 146.125, -25.125 ], [ 144.125, -25.125 ], [ 144.125, -24.625 ], [ 143.875, -24.625 ], [ 143.875, -24.125 ], [ 143.625, -24.125 ], [ 143.625, -23.875 ], [ 143.375, -23.875 ], [ 143.375, -23.625 ], [ 143.125, -23.625 ], [ 143.125, -23.375 ], [ 142.125, -23.375 ], [ 142.125, -23.125 ], [ 141.875, -23.125 ], [ 141.875, -22.625 ], [ 141.625, -22.625 ], [ 141.625, -22.375 ], [ 141.125, -22.375 ], [ 141.125, -22.625 ], [ 140.625, -22.625 ], [ 140.625, -22.375 ], [ 140.125, -22.375 ] ] ] } },
{ "type": "Feature", "properties": { "cluster_id": 60, "cohesion": 7.278675044147171, "distances": { "1": 38.84337006332458, "2": 32.549458989324236, "3": 35.932436598858835, "4": 41.003705218512614, "5": 38.394064667194584, "6": 30.71023495325779, "7": 25.583557381143727, "8": 21.60361304712177, "9": 32.86737220414223, "10": 30.703777713055267, "11": 26.646418700502075, "12": 30.253056850569713, "13": 34.91442405752662, "14": 31.963584714783256, "15": 28.340439843772636, "16": 27.53447749078498, "17": 31.592156723573943, "18": 37.515655956919474, "19": 35.810660915350915, "20": 34.65373377289353, "21": 33.41779306831005, "22": 20.94276973002449, "23": 26.347477485250913, "24": 32.03072430908788, "25": 29.867978288043115, "26": 25.72635055385134, "27": 33.46137464134304, "28": 32.006258946776995, "29": 33.10787237895496, "30": 34.712459533548504, "31": 30.82768989787295, "32": 32.88222455152654, "33": 32.75218708172259, "34": 31.67792546766171, "35": 16.871689198554492, "36": 24.324902353901056, "37": 19.336020236768917, "38": 29.905827712089113, "39": 28.009860342094342, "40": 26.64908052185784, "41": 27.446755284273838, "42": 25.76084317349752, "43": 28.036487309956645, "44": 26.133898080730372, "45": 27.485857185396153, "46": 30.66539195124773, "47": 28.92811395208716, "48": 25.564452724541674, "49": 26.25853181819506, "50": 30.219280559314818, "51": 24.581679861973672, "52": 36.56155509544458, "53": 31.34027843608992, "54": 31.932747252365534, "55": 11.938702851037998, "56": 13.40014243451374, "57": 24.886758411898988, "58": 23.876515730804357, "59": 15.134532519617563, "61": 12.716479475724288, "62": 26.560708725733242, "63": 27.7125135901586, "64": 24.608082847474098, "65": 19.015606209317863, "66": 14.863454430022436, "67": 21.02586187120303 } }, "geometry": { "type": "MultiPolygon", "coordinates": [ [ [ [ 134.375, -23.125 ], [ 135.375, -23.125 ], [ 135.375, -22.875 ], [ 137.125, -22.875 ], [ 137.125, -23.125 ], [ 138.125, -23.125 ], [ 138.125, -23.375 ], [ 138.875, -23.375 ], [ 138.875, -23.625 ], [ 139.125, -23.625 ], [ 139.125, -23.875 ], [ 139.625, -23.875 ], [ 139.625, -24.125 ], [ 139.875, -24.125 ], [ 139.875, -24.375 ], [ 140.125, -24.375 ], [ 140.125, -24.625 ], [ 139.875, -24.625 ], [ 139.875, -25.125 ], [ 140.125, -25.125 ], [ 140.125, -25.375 ], [ 140.375, -25.375 ], [ 140.375, -25.625 ], [ 140.125, -25.625 ], [ 140.125, -25.875 ], [ 139.625, -25.875 ], [ 139.625, -25.375 ], [ 138.875, -25.375 ], [ 138.875, -25.125 ], [ 138.625, -25.125 ], [ 138.625, -24.875 ], [ 137.875, -24.875 ], [ 137.875, -24.625 ], [ 137.375, -24.625 ], [ 137.375, -24.375 ], [ 137.125, -24.375 ], [ 137.125, -24.125 ], [ 136.625, -24.125 ], [ 136.625, -23.875 ], [ 136.375, -23.875 ], [ 136.375, -23.625 ], [ 135.875, -23.625 ], [ 135.875, -23.375 ], [ 134.375, -23.375 ], [ 134.375, -23.125 ] ] ], [ [ [ 134.375, -23.625 ], [ 133.625, -23.625 ], [ 133.625, -23.875 ], [ 131.875, -23.875 ], [ 131.875, -24.125 ], [ 131.375, -24.125 ], [ 131.375, -23.875 ], [ 130.375, -23.875 ], [ 130.375, -23.625 ], [ 130.875, -23.625 ], [ 130.875, -23.375 ], [ 134.375, -23.375 ], [ 134.375, -23.625 ] ] ] ] } },
{ "type": "Feature", "properties": { "cluster_id": 61, "cohesion": 7.0675128528794939, "distances": { "1": 35.349358605573634, "2": 31.31638787100225, "3": 33.95790575332182, "4": 34.54025985525662, "5": 30.74375132382899, "6": 23.638475067394484, "7": 21.787371534848468, "8": 13.199434506737514, "9": 26.149647806366886, "10": 21.41874805227932, "11": 20.07718557726906, "12": 25.91856371292247, "13": 30.168395024266587, "14": 26.953000708278317, "15": 25.28062128972357, "16": 25.810645420510937, "17": 35.259041059340284, "18": 39.527463551570385, "19": 39.360990020152485, "20": 39.259877969909574, "21": 39.43397596103815, "22": 28.425509930983523, "23": 31.58846803636321, "24": 37.038537641807046, "25": 36.76315866731728, "26": 32.74855204467067, "27": 33.64434410348478, "28": 34.340942719981314, "29": 34.50425793016885, "30": 39.054417200986364, "31": 35.19252617890005, "32": 36.34700821105093, "33": 37.64570964782778, "34": 37.61898351228102, "35": 22.923668936358627, "36": 32.13551769784016, "37": 27.9742537937057, "38": 36.54566584493545, "39": 34.163274818887544, "40": 31.352478225460974, "41": 31.355606517344615, "42": 29.337310941055932, "43": 32.100712545364836, "44": 31.665067100836183, "45": 29.308709320063482, "46": 31.559760902776894, "47": 29.42786797564913, "48": 25.97182105007467, "49": 26.456788595907827, "50": 29.41203227475053, "51": 25.59988927941431, "52": 36.75463392692573, "53": 31.28902399862061, "54": 30.520249132073758, "55": 18.23331123764339, "56": 22.19533582040546, "57": 28.083706490914274, "58": 28.889488439029993, "59": 15.993693785497127, "60": 12.716479475724288, "62": 28.0328970292139, "63": 26.223187692312383, "64": 25.41561645809367, "65": 14.881549615467351, "66": 16.046327345273646, "67": 22.7496314747224 } }, "geometry": { "type": "Polygon", "coordinates": [ [ [ 132.875, -21.875 ], [ 132.875, -22.125 ], [ 131.625, -22.125 ], [ 131.625, -22.375 ], [ 130.625, -22.375 ], [ 130.625, -22.625 ], [ 130.375, -22.625 ], [ 130.375, -22.875 ], [ 130.625, -22.875 ], [ 130.625, -23.125 ], [ 130.875, -23.125 ], [ 130.875, -23.375 ], [ 134.375, -23.375 ], [ 134.375, -23.125 ], [ 135.375, -23.125 ], [ 135.375, -22.875 ], [ 137.125, -22.875 ], [ 137.125, -23.125 ], [ 138.125, -23.125 ], [ 138.125, -23.375 ], [ 139.875, -23.375 ], [ 139.875, -23.125 ], [ 139.625, -23.125 ], [ 139.625, -22.875 ], [ 139.125, -22.875 ], [ 139.125, -22.625 ], [ 138.375, -22.625 ], [ 138.375, -22.375 ], [ 138.125, -22.375 ], [ 138.125, -22.125 ], [ 137.625, -22.125 ], [ 137.625, -21.875 ], [ 136.625, -21.875 ], [ 136.625, -22.125 ], [ 136.125, -22.125 ], [ 136.125, -21.875 ], [ 132.875, -21.875 ] ] ] } },
{ "type": "Feature", "properties": { "cluster_id": 62, "cohesion": 5.0842496537616482, "distances": { "1": 29.447441647366524, "2": 24.910422630259987, "3": 26.228982936676985, "4": 33.54758887332951, "5": 33.89786235307848, "6": 30.231354324572848, "7": 25.610221842917824, "8": 28.588686462720787, "9": 27.34796467831736, "10": 33.31222229193923, "11": 25.01518743662943, "12": 20.047303828018492, "13": 27.309329305063944, "14": 24.66032627872468, "15": 18.377257658330112, "16": 20.077935836801135, "17": 25.16609529491241, "18": 25.604009109130253, "19": 26.074554407881834, "20": 25.568704012804098, "21": 27.46608913837502, "22": 27.684265108976472, "23": 26.59467694080718, "24": 27.17749960295824, "25": 27.607647945482604, "26": 28.174871484555975, "27": 25.100905280043197, "28": 28.0032101352602, "29": 27.313208757728393, "30": 29.879812694028043, "31": 27.80690081174497, "32": 26.686528303862445, "33": 26.010072874252636, "34": 29.59184159431623, "35": 24.788462869211287, "36": 26.689938453768235, "37": 27.08372822136975, "38": 27.337009096746673, "39": 28.423351278523437, "40": 19.432369532841165, "41": 12.819541141435858, "42": 18.29398955355745, "43": 23.51732193699299, "44": 25.385301559478332, "45": 22.592879823849216, "46": 23.806496659961283, "47": 24.06703813809819, "48": 23.447611841523468, "49": 22.49829771315238, "50": 23.383223089089753, "51": 20.428621741209124, "52": 24.5461576936749, "53": 21.73080381979316, "54": 22.995422728332578, "55": 26.1087872504852, "56": 26.81326309389417, "57": 24.571655923725498, "58": 24.465204982617205, "59": 25.091979677164733, "60": 26.560708725733242, "61": 28.0328970292139, "63": 13.776109451652989, "64": 13.466406302040129, "65": 22.920644934684837, "66": 23.14672739203238, "67": 19.065959176539327 } }, "geometry": { "type": "Polygon", "coordinates": [ [ [ 117.875, -20.125 ], [ 117.875, -20.375 ], [ 116.375, -20.375 ], [ 116.375, -21.125 ], [ 116.125, -21.125 ], [ 116.125, -22.125 ], [ 116.375, -22.125 ], [ 116.375, -22.375 ], [ 116.625, -22.375 ], [ 116.625, -22.625 ], [ 117.125, -22.625 ], [ 117.125, -22.875 ], [ 117.375, -22.875 ], [ 117.375, -22.625 ], [ 117.625, -22.625 ], [ 117.625, -22.375 ], [ 117.875, -22.375 ], [ 117.875, -21.375 ], [ 117.625, -21.375 ], [ 117.625, -20.875 ], [ 117.875, -20.875 ], [ 117.875, -20.625 ], [ 118.125, -20.625 ], [ 118.125, -20.375 ], [ 118.375, -20.375 ], [ 118.375, -20.125 ], [ 117.875, -20.125 ] ] ] } },
{ "type": "Feature", "properties": { "cluster_id": 63, "cohesion": 6.8120283500550043, "distances": { "1": 30.617424806495606, "2": 29.234295855280312, "3": 29.37378295729765, "4": 31.069111222117908, "5": 29.99328605455285, "6": 28.858773899504705, "7": 27.351321888963643, "8": 24.564648521714314, "9": 21.703952749230417, "10": 28.413555211541777, "11": 17.84059796172497, "12": 12.313195020605797, "13": 26.744200206352417, "14": 22.42327729936816, "15": 15.678458713229059, "16": 21.891922576680688, "17": 28.97619466318585, "18": 29.976628407884075, "19": 31.05934712856241, "20": 32.81491442979022, "21": 34.65693478844614, "22": 32.345000820019536, "23": 31.052983299614553, "24": 31.70883694071143, "25": 33.6932033110867, "26": 32.98535644818699, "27": 31.200398511524245, "28": 34.72351092262644, "29": 34.22369438715557, "30": 38.191978126369015, "31": 34.775873512177746, "32": 35.21781008628208, "33": 34.66907933295638, "34": 37.77007409730284, "35": 27.887964858295433, "36": 32.78146525049917, "37": 32.45114948507916, "38": 35.28736395365556, "39": 34.940591867219325, "40": 26.5626998654132, "41": 21.97756362563474, "42": 22.26742766326565, "43": 29.692338499626885, "44": 30.215466310616716, "45": 28.814152610468156, "46": 29.95993673620679, "47": 29.322897690680186, "48": 27.909435094382324, "49": 26.147911028287652, "50": 24.32730594572901, "51": 23.30071306928555, "52": 26.52664992121202, "53": 24.610861764400102, "54": 23.128547981027474, "55": 29.829769298182935, "56": 31.081200937269916, "57": 29.27401199526905, "58": 30.393599596384885, "59": 27.65865133381032, "60": 27.712513590158604, "61": 26.223187692312383, "62": 13.776109451652992, "64": 11.440080775449864, "65": 17.36800488873453, "66": 21.476148634005025, "67": 16.945992142418877 } }, "geometry": { "type": "MultiPolygon", "coordinates": [ [ [ [ 120.375, -19.875 ], [ 119.625, -19.875 ], [ 119.625, -20.125 ], [ 119.125, -20.125 ], [ 119.125, -20.375 ], [ 118.625, -20.375 ], [ 118.625, -21.375 ], [ 119.125, -21.375 ], [ 119.125, -21.125 ], [ 119.625, -21.125 ], [ 119.625, -21.375 ], [ 120.375, -21.375 ], [ 120.375, -21.125 ], [ 120.625, -21.125 ], [ 120.625, -20.875 ], [ 121.125, -20.875 ], [ 121.125, -20.625 ], [ 122.375, -20.625 ], [ 122.375, -20.875 ], [ 122.625, -20.875 ], [ 122.625, -21.125 ], [ 123.125, -21.125 ], [ 123.125, -21.375 ], [ 122.625, -21.375 ], [ 122.625, -21.625 ], [ 122.375, -21.625 ], [ 122.375, -21.875 ], [ 122.125, -21.875 ], [ 122.125, -22.125 ], [ 121.625, -22.125 ], [ 121.625, -22.375 ], [ 121.125, -22.375 ], [ 121.125, -22.125 ], [ 120.375, -22.125 ], [ 120.375, -22.375 ], [ 119.625, -22.375 ], [ 119.625, -22.125 ], [ 119.375, -22.125 ], [ 119.375, -21.875 ], [ 117.875, -21.875 ], [ 117.875, -21.375 ], [ 117.625, -21.375 ], [ 117.625, -20.875 ], [ 117.875, -20.875 ], [ 117.875, -20.625 ], [ 118.125, -20.625 ], [ 118.125, -20.375 ], [ 118.375, -20.375 ], [ 118.375, -20.125 ], [ 118.625, -20.125 ], [ 118.625, -19.875 ], [ 119.125, -19.875 ], [ 119.125, -19.625 ], [ 120.375, -19.625 ], [ 120.375, -19.875 ] ] ], [ [ [ 120.375, -19.375 ], [ 120.625, -19.375 ], [ 120.625, -19.625 ], [ 120.375, -19.625 ], [ 120.375, -19.375 ] ] ] ] } },
{ "type": "Feature", "properties": { "cluster_id": 64, "cohesion": 7.7091374289206858, "distances": { "1": 34.88437354134158, "2": 30.616159996727863, "3": 32.23838102517886, "4": 36.49840448765982, "5": 35.32643694200302, "6": 32.16439971672056, "7": 28.670023164190873, "8": 26.427109343713557, "9": 27.064259742137228, "10": 32.37615370837394, "11": 21.89939719063796, "12": 18.80204700240862, "13": 30.532337102842746, "14": 26.62184685147852, "15": 19.46972780856151, "16": 22.700143128667257, "17": 27.63053212782894, "18": 30.709883563177087, "19": 30.023346255629754, "20": 30.492325261835695, "21": 30.303418592953598, "22": 28.654949074839994, "23": 28.709317365379246, "24": 29.110217735164834, "25": 28.651715263368427, "26": 28.674841731177313, "27": 31.600353832145654, "28": 31.227344167999888, "29": 32.6456588019351, "30": 33.66861517933601, "31": 29.056369135225335, "32": 32.73043168832587, "33": 31.454071401329063, "34": 32.49134951016153, "35": 21.926098931595654, "36": 27.070314078640596, "37": 27.243128282909858, "38": 29.964889580743087, "39": 28.41532960761584, "40": 20.982338456273364, "41": 17.93981440141343, "42": 15.022104315971536, "43": 23.519358525536845, "44": 22.839694630622155, "45": 27.610973097005967, "46": 29.76873907958011, "47": 29.634907348447715, "48": 27.602171106686896, "49": 26.859103484829873, "50": 26.64792829708878, "51": 23.458556533694473, "52": 29.001132054772476, "53": 26.509034000061998, "54": 26.19717469000793, "55": 27.30144225325343, "56": 26.884634745767393, "57": 28.173660917668894, "58": 27.921814557583197, "59": 26.547353659345443, "60": 24.608082847474098, "61": 25.415616458093677, "62": 13.46640630204013, "63": 11.440080775449864, "65": 17.256306217993856, "66": 17.374637998725436, "67": 11.519757038437366 } }, "geometry": { "type": "Polygon", "coordinates": [ [ [ 122.625, -21.375 ], [ 122.625, -21.625 ], [ 122.375, -21.625 ], [ 122.375, -21.875 ], [ 122.125, -21.875 ], [ 122.125, -22.125 ], [ 121.625, -22.125 ], [ 121.625, -22.375 ], [ 121.125, -22.375 ], [ 121.125, -22.125 ], [ 120.375, -22.125 ], [ 120.375, -22.375 ], [ 119.625, -22.375 ], [ 119.625, -22.125 ], [ 119.375, -22.125 ], [ 119.375, -21.875 ], [ 117.875, -21.875 ], [ 117.875, -22.375 ], [ 117.625, -22.375 ], [ 117.625, -22.625 ], [ 117.375, -22.625 ], [ 117.375, -23.375 ], [ 117.625, -23.375 ], [ 117.625, -23.625 ], [ 117.875, -23.625 ], [ 117.875, -23.875 ], [ 118.125, -23.875 ], [ 118.125, -24.125 ], [ 119.125, -24.125 ], [ 119.125, -23.125 ], [ 120.125, -23.125 ], [ 120.125, -23.625 ], [ 121.125, -23.625 ], [ 121.125, -23.375 ], [ 121.875, -23.375 ], [ 121.875, -23.125 ], [ 122.125, -23.125 ], [ 122.125, -22.875 ], [ 123.125, -22.875 ], [ 123.125, -22.375 ], [ 124.375, -22.375 ], [ 124.375, -22.125 ], [ 124.125, -22.125 ], [ 124.125, -21.375 ], [ 122.625, -21.375 ] ] ] } },
{ "type": "Feature", "properties": { "cluster_id": 65, "cohesion": 7.4115777420703095, "distances": { "1": 34.408078931446234, "2": 31.490156134838585, "3": 33.22234128957226, "4": 32.6122556041944, "5": 29.040740411032786, "6": 25.62479533671673, "7": 24.58854513829611, "8": 15.093902163412283, "9": 21.191629876344948, "10": 22.109647167781905, "11": 12.85417462661323, "12": 17.811162168689524, "13": 28.339331586363073, "14": 23.541780853899418, "15": 19.62058287361313, "16": 23.393592513848933, "17": 32.757763947912714, "18": 36.388966591886444, "19": 36.30191762641412, "20": 37.12487658796356, "21": 37.42388945207223, "22": 30.224843044255806, "23": 31.510197075464756, "24": 34.73047859537688, "25": 34.9451575286325, "26": 32.49396512719889, "27": 33.7535530758539, "28": 34.97957048856475, "29": 35.356474012282675, "30": 39.36170757719129, "31": 34.949330039626886, "32": 37.05242922615211, "33": 37.17782860206969, "34": 37.992125123067375, "35": 22.980124609031833, "36": 31.791731262242067, "37": 29.662894217340718, "38": 36.012048765850274, "39": 33.84715275415897, "40": 29.368254764436475, "41": 27.97467661748584, "42": 24.818220076810853, "43": 30.627884504183637, "44": 29.559849178325127, "45": 29.70248096021697, "46": 31.994308572865485, "47": 30.528518367089898, "48": 27.127918461667786, "49": 27.05723473915776, "50": 27.526645583768154, "51": 24.68526582576296, "52": 33.24001061730407, "53": 29.492906912553664, "54": 27.67090621845917, "55": 24.31761329212038, "56": 26.310869492935904, "57": 29.303358116973424, "58": 30.017187557035115, "59": 21.914790239067898, "60": 19.015606209317863, "61": 14.881549615467348, "62": 22.920644934684837, "63": 17.36800488873453, "64": 17.256306217993856, "66": 12.523771348599105, "67": 15.53115554461268 } }, "geometry": { "type": "Polygon", "coordinates": [ [ [ 128.375, -20.875 ], [ 128.375, -21.125 ], [ 128.125, -21.125 ], [ 128.125, -21.375 ], [ 127.875, -21.375 ], [ 127.875, -21.625 ], [ 127.625, -21.625 ], [ 127.625, -21.375 ], [ 126.875, -21.375 ], [ 126.875, -21.625 ], [ 126.375, -21.625 ], [ 126.375, -21.375 ], [ 125.375, -21.375 ], [ 125.375, -21.125 ], [ 124.125, -21.125 ], [ 124.125, -22.125 ], [ 125.375, -22.125 ], [ 125.375, -22.625 ], [ 127.625, -22.625 ], [ 127.625, -22.875 ], [ 128.125, -22.875 ], [ 128.125, -22.625 ], [ 128.625, -22.625 ], [ 128.625, -22.875 ], [ 129.375, -22.875 ], [ 129.375, -23.125 ], [ 130.625, -23.125 ], [ 130.625, -22.875 ], [ 130.375, -22.875 ], [ 130.375, -22.625 ], [ 130.625, -22.625 ], [ 130.625, -22.375 ], [ 130.875, -22.375 ], [ 130.875, -22.125 ], [ 130.125, -22.125 ], [ 130.125, -21.875 ], [ 129.875, -21.875 ], [ 129.875, -21.625 ], [ 128.875, -21.625 ], [ 128.875, -20.875 ], [ 128.375, -20.875 ] ] ] } },
{ "type": "Feature", "properties": { "cluster_id": 66, "cohesion": 6.6304973738714592, "distances": { "1": 38.539397466285145, "2": 32.958826935582756, "3": 35.89643621599462, "4": 39.20685877098606, "5": 36.57375466812434, "6": 31.211725003928603, "7": 27.520226539899937, "8": 21.32219541543114, "9": 29.2451128681048, "10": 29.769007018515754, "11": 21.87459686063811, "12": 24.992705437256586, "13": 33.00138162265485, "14": 29.284203474771022, "15": 24.1754778021925, "16": 24.91657308128504, "17": 29.626001230101842, "18": 35.484419268805304, "19": 33.66347529847947, "20": 33.397516174665206, "21": 31.686351924307335, "22": 24.68326084014927, "23": 27.77475693596407, "24": 30.40611476643127, "25": 28.16270874186345, "26": 25.972387769283035, "27": 33.568053330354594, "28": 31.42585201648035, "29": 33.388833008592265, "30": 34.29773430996873, "31": 29.196581508963188, "32": 33.665338573997616, "33": 32.76486426175441, "34": 31.437840428820508, "35": 14.295277141369127, "36": 24.04228374648399, "37": 22.155289302041687, "38": 29.291498810080817, "39": 25.960017757980154, "40": 24.70200705576279, "41": 25.163674193203597, "42": 19.910827127424298, "43": 25.328226384919123, "44": 21.682442098631974, "45": 28.65292933488686, "46": 31.592944803881476, "47": 30.429440325404702, "48": 27.471781420672176, "49": 27.357771595883055, "50": 28.906870918370647, "51": 24.07345047613569, "52": 34.06833714531741, "53": 30.00051375794148, "54": 29.550411031245808, "55": 21.024099572367284, "56": 20.14181865753477, "57": 27.39134122656342, "58": 27.013719237337707, "59": 21.567291333112493, "60": 14.863454430022434, "61": 16.046327345273646, "62": 23.146727392032375, "63": 21.476148634005025, "64": 17.374637998725433, "65": 12.523771348599105, "67": 11.716157769533933 } }, "geometry": { "type": "Polygon", "coordinates": [ [ [ 126.625, -22.625 ], [ 126.625, -22.875 ], [ 126.125, -22.875 ], [ 126.125, -23.125 ], [ 125.125, -23.125 ], [ 125.125, -23.375 ], [ 125.625, -23.375 ], [ 125.625, -23.625 ], [ 126.125, -23.625 ], [ 126.125, -23.875 ], [ 126.375, -23.875 ], [ 126.375, -24.375 ], [ 128.875, -24.375 ], [ 128.875, -24.625 ], [ 130.125, -24.625 ], [ 130.125, -24.125 ], [ 130.375, -24.125 ], [ 130.375, -23.625 ], [ 130.875, -23.625 ], [ 130.875, -23.125 ], [ 129.375, -23.125 ], [ 129.375, -22.875 ], [ 128.625, -22.875 ], [ 128.625, -22.625 ], [ 128.125, -22.625 ], [ 128.125, -22.875 ], [ 127.625, -22.875 ], [ 127.625, -22.625 ], [ 126.625, -22.625 ] ] ] } },
{ "type": "Feature", "properties": { "cluster_id": 67, "cohesion": 7.0516806050869967, "distances": { "1": 37.9568999005969, "2": 32.876165934858584, "3": 35.12605841139252, "4": 39.47816089087047, "5": 37.81627774951455, "6": 33.64069913392903, "7": 29.82447106233504, "8": 25.803461708062976, "9": 29.924738716547857, "10": 33.06621913702527, "11": 23.23077168572235, "12": 23.11400173042596, "13": 33.0662840888089, "14": 29.461816544988917, "15": 23.07941900708805, "16": 24.628415189843487, "17": 27.559581758670166, "18": 32.48543071439163, "19": 30.80350470969341, "20": 31.11970597676552, "21": 29.482023645097037, "22": 26.403776809416915, "23": 27.948676517727247, "24": 28.41703745102182, "25": 26.534248197637133, "26": 26.035213671583264, "27": 33.41046695416691, "28": 31.166523318234958, "29": 33.508052093309615, "30": 33.481769261500105, "31": 28.031964916222783, "32": 33.47313998096761, "33": 31.784286760309932, "34": 31.02107275834396, "35": 16.612460897802173, "36": 24.0785429126693, "37": 23.955662804887897, "38": 28.391498933032526, "39": 25.360267552973124, "40": 21.612583270975303, "41": 21.19475918692246, "42": 14.89080033436229, "43": 23.075275998297453, "44": 19.153217750846327, "45": 28.85275925394233, "46": 31.398282629586024, "47": 30.83960201944914, "48": 28.654952026394483, "49": 27.94808293215547, "50": 28.286650555389517, "51": 24.125924633671307, "52": 31.25950126666546, "53": 28.11164109968001, "54": 28.135385459222682, "55": 25.239922983069224, "56": 23.75890932859317, "57": 28.263965434493482, "58": 27.712934215217643, "59": 25.570900969211987, "60": 21.02586187120303, "61": 22.749631474722403, "62": 19.065959176539323, "63": 16.945992142418877, "64": 11.519757038437366, "65": 15.53115554461268, "66": 11.716157769533933 } }, "geometry": { "type": "Polygon", "coordinates": [ [ [ 124.375, -22.125 ], [ 124.375, -22.375 ], [ 123.125, -22.375 ], [ 123.125, -22.875 ], [ 122.125, -22.875 ], [ 122.125, -23.125 ], [ 121.875, -23.125 ], [ 121.875, -23.375 ], [ 121.625, -23.375 ], [ 121.625, -23.625 ], [ 121.875, -23.625 ], [ 121.875, -23.875 ], [ 123.125, -23.875 ], [ 123.125, -24.375 ], [ 124.625, -24.375 ], [ 124.625, -24.625 ], [ 126.875, -24.625 ], [ 126.875, -24.375 ], [ 126.375, -24.375 ], [ 126.375, -23.875 ], [ 126.125, -23.875 ], [ 126.125, -23.625 ], [ 125.625, -23.625 ], [ 125.625, -23.375 ], [ 125.125, -23.375 ], [ 125.125, -23.125 ], [ 126.125, -23.125 ], [ 126.125, -22.875 ], [ 126.625, -22.875 ], [ 126.625, -22.625 ], [ 125.375, -22.625 ], [ 125.375, -22.125 ], [ 124.375, -22.125 ] ] ] } }
]
}
