{
"type": "FeatureCollection",
"name": "68_clusters",
"crs": { "type": "name", "properties": { "name": "urn:ogc:def:crs:OGC:1.3:CRS84" } },
"features": [
{ "type": "Feature", "properties": { "cluster_id": 1, "cohesion": 8.6487465638442682, "distances": { "2": 17.24033202182467, "3": 10.940391911660678, "4": 18.90891003463502, "5": 24.180438772686287, "6": 22.659505945916994, "7": 25.488703469196913, "8": 18.403085891625967, "9": 31.28635470849942, "10": 26.527482853515856, "11": 29.087553766751377, "12": 29.676584319249294, "13": 28.171349547318282, "14": 18.61031585876883, "15": 22.055630978430944, "16": 27.212458270500765, "17": 26.202532132898707, "18": 37.711049798453395, "19": 31.47181265330928, "20": 36.34861849804197, "21": 36.8281822778166, "22": 42.66383583868136, "23": 42.861468109085415, "24": 40.63612392067549, "25": 41.38529953404568, "26": 44.73080155149566, "27": 44.36900139117672, "28": 27.143376350708664, "29": 38.61652943866565, "30": 33.31743331578965, "31": 43.025370449691806, "32": 44.0558352879256, "33": 36.096894534564186, "34": 37.78165328424618, "35": 44.461116411528806, "36": 42.236100904424816, "37": 44.652099368597874, "38": 43.94004461316689, "39": 43.35329606014713, "40": 46.04452230523563, "41": 40.21923949190091, "42": 35.05665336362148, "43": 40.43808361313947, "44": 42.364183411791004, "45": 45.45784517481931, "46": 28.163243571311238, "47": 24.02160519209459, "48": 27.896593497831955, "49": 28.85987057772195, "50": 29.279854833332728, "51": 30.088836662951536, "52": 31.285651681445646, "53": 28.456836209683093, "54": 24.777229904039437, "55": 27.935062691255126, "56": 37.11346388654352, "57": 41.57343094644793, "58": 35.7415401775237, "59": 37.019347513723496, "60": 32.41757472356624, "61": 38.84337006332458, "62": 35.349358605573634, "63": 29.447441647366524, "64": 30.617424806495602, "65": 34.88437354134158, "66": 34.40807893144623, "67": 38.539397466285145, "68": 37.95689990059691 } }, "geometry": { "type": "MultiPolygon", "coordinates": [ [ [ [ 142.125, -16.375 ], [ 142.375, -16.375 ], [ 142.375, -16.625 ], [ 142.625, -16.625 ], [ 142.625, -17.625 ], [ 142.875, -17.625 ], [ 142.875, -18.125 ], [ 143.125, -18.125 ], [ 143.125, -18.375 ], [ 143.375, -18.375 ], [ 143.375, -19.375 ], [ 143.625, -19.375 ], [ 143.625, -19.625 ], [ 143.375, -19.625 ], [ 143.375, -20.125 ], [ 143.125, -20.125 ], [ 143.125, -19.875 ], [ 142.875, -19.875 ], [ 142.875, -19.625 ], [ 142.625, -19.625 ], [ 142.625, -18.875 ], [ 142.375, -18.875 ], [ 142.375, -18.375 ], [ 142.125, -18.375 ], [ 142.125, -17.625 ], [ 141.875, -17.625 ], [ 141.875, -16.125 ], [ 142.125, -16.125 ], [ 142.125, -16.375 ] ] ], [ [ [ 144.625, -17.375 ], [ 143.875, -17.375 ], [ 143.875, -17.125 ], [ 144.625, -17.125 ], [ 144.625, -17.375 ] ] ], [ [ [ 141.875, -16.125 ], [ 141.625, -16.125 ], [ 141.625, -15.625 ], [ 141.875, -15.625 ], [ 141.875, -16.125 ] ] ], [ [ [ 141.625, -14.125 ], [ 141.625, -15.625 ], [ 141.375, -15.625 ], [ 141.375, -15.125 ], [ 141.125, -15.125 ], [ 141.125, -13.625 ], [ 141.375, -13.625 ], [ 141.375, -14.125 ], [ 141.625, -14.125 ] ] ], [ [ [ 142.875, -10.875 ], [ 142.875, -11.125 ], [ 143.125, -11.125 ], [ 143.125, -11.875 ], [ 143.375, -11.875 ], [ 143.375, -12.375 ], [ 143.625, -12.375 ], [ 143.625, -12.875 ], [ 143.875, -12.875 ], [ 143.875, -13.875 ], [ 144.625, -13.875 ], [ 144.625, -14.125 ], [ 144.875, -14.125 ], [ 144.875, -14.375 ], [ 145.125, -14.375 ], [ 145.125, -14.625 ], [ 145.375, -14.625 ], [ 145.375, -14.875 ], [ 145.625, -14.875 ], [ 145.625, -16.125 ], [ 145.875, -16.125 ], [ 145.875, -16.625 ], [ 145.625, -16.625 ], [ 145.625, -16.375 ], [ 145.375, -16.375 ], [ 145.375, -16.125 ], [ 145.125, -16.125 ], [ 145.125, -16.625 ], [ 144.875, -16.625 ], [ 144.875, -16.875 ], [ 144.125, -16.875 ], [ 144.125, -16.375 ], [ 144.375, -16.375 ], [ 144.375, -15.625 ], [ 144.125, -15.625 ], [ 144.125, -15.375 ], [ 143.875, -15.375 ], [ 143.875, -15.125 ], [ 143.625, -15.125 ], [ 143.625, -14.625 ], [ 143.125, -14.625 ], [ 143.125, -14.875 ], [ 142.375, -14.875 ], [ 142.375, -14.375 ], [ 142.125, -14.375 ], [ 142.125, -13.625 ], [ 141.875, -13.625 ], [ 141.875, -11.625 ], [ 142.125, -11.625 ], [ 142.125, -10.625 ], [ 142.625, -10.625 ], [ 142.625, -10.875 ], [ 142.875, -10.875 ] ] ] ] } },
{ "type": "Feature", "properties": { "cluster_id": 2, "cohesion": 9.0112697687720367, "distances": { "1": 17.240332021824674, "3": 12.754155438804473, "4": 26.70425412361443, "5": 29.74927739528258, "6": 23.13582873597127, "7": 19.668686467407795, "8": 13.761933059032168, "9": 30.103402595370124, "10": 29.067010259210623, "11": 31.661516908049514, "12": 30.163866655353296, "13": 28.919197044473677, "14": 21.905197685711595, "15": 23.891188185531767, "16": 25.268734799484, "17": 21.723107753138372, "18": 33.31210982008317, "19": 29.13788829641172, "20": 31.994737033743043, "21": 29.722933021358333, "22": 34.43591681364504, "23": 35.075776381886214, "24": 33.84413280688843, "25": 35.715780283096976, "26": 36.91072574007541, "27": 37.0364399207442, "28": 23.51351948213406, "29": 30.4143868102229, "30": 26.78620880317849, "31": 33.40488195076963, "32": 34.620441022679785, "33": 27.562005266555303, "34": 28.497106159226625, "35": 34.103436540437265, "36": 34.29798649569678, "37": 36.024227035038884, "38": 35.5310511502642, "39": 33.60570378365016, "40": 36.223976185134994, "41": 31.14816733029577, "42": 27.58029761902162, "43": 33.12513630426838, "44": 33.36532418507991, "45": 36.63024429659988, "46": 16.880456248282133, "47": 12.923918592155198, "48": 20.263948919883358, "49": 20.35127039400981, "50": 24.340510146961652, "51": 28.872058655678757, "52": 26.87925747617313, "53": 28.822362797228315, "54": 24.151165107345992, "55": 28.433195638467247, "56": 29.963549642600107, "57": 33.732120488725734, "58": 28.895138272525767, "59": 28.074956329942545, "60": 25.848658091656805, "61": 32.54945898932424, "62": 31.31638787100225, "63": 24.910422630259987, "64": 29.234295855280312, "65": 30.616159996727863, "66": 31.490156134838585, "67": 32.958826935582756, "68": 32.876165934858584 } }, "geometry": { "type": "MultiPolygon", "coordinates": [ [ [ [ 143.625, -20.375 ], [ 143.875, -20.375 ], [ 143.875, -20.625 ], [ 144.125, -20.625 ], [ 144.125, -20.875 ], [ 144.375, -20.875 ], [ 144.375, -21.375 ], [ 143.875, -21.375 ], [ 143.875, -21.625 ], [ 143.625, -21.625 ], [ 143.625, -22.375 ], [ 143.375, -22.375 ], [ 143.375, -22.125 ], [ 143.125, -22.125 ], [ 143.125, -21.625 ], [ 143.375, -21.625 ], [ 143.375, -21.375 ], [ 143.625, -21.375 ], [ 143.625, -20.625 ], [ 143.375, -20.625 ], [ 143.375, -19.625 ], [ 143.625, -19.625 ], [ 143.625, -20.375 ] ] ], [ [ [ 145.375, -19.125 ], [ 145.375, -19.375 ], [ 145.625, -19.375 ], [ 145.625, -19.625 ], [ 145.875, -19.625 ], [ 145.875, -19.875 ], [ 144.125, -19.875 ], [ 144.125, -19.625 ], [ 143.625, -19.625 ], [ 143.625, -19.375 ], [ 143.875, -19.375 ], [ 143.875, -19.125 ], [ 144.125, -19.125 ], [ 144.125, -18.875 ], [ 144.625, -18.875 ], [ 144.625, -18.625 ], [ 144.875, -18.625 ], [ 144.875, -18.375 ], [ 145.125, -18.375 ], [ 145.125, -19.125 ], [ 145.375, -19.125 ] ] ], [ [ [ 145.375, -17.125 ], [ 145.375, -16.625 ], [ 145.625, -16.625 ], [ 145.625, -17.125 ], [ 145.875, -17.125 ], [ 145.875, -17.375 ], [ 146.125, -17.375 ], [ 146.125, -17.625 ], [ 146.375, -17.625 ], [ 146.375, -18.125 ], [ 146.625, -18.125 ], [ 146.625, -18.875 ], [ 147.375, -18.875 ], [ 147.375, -19.125 ], [ 147.625, -19.125 ], [ 147.625, -19.375 ], [ 147.875, -19.375 ], [ 147.875, -19.625 ], [ 148.375, -19.625 ], [ 148.375, -19.875 ], [ 148.625, -19.875 ], [ 148.625, -20.125 ], [ 148.875, -20.125 ], [ 148.875, -20.375 ], [ 149.125, -20.375 ], [ 149.125, -20.875 ], [ 148.875, -20.875 ], [ 148.875, -20.625 ], [ 148.625, -20.625 ], [ 148.625, -20.375 ], [ 148.375, -20.375 ], [ 148.375, -20.625 ], [ 148.125, -20.625 ], [ 148.125, -20.375 ], [ 147.625, -20.375 ], [ 147.625, -20.125 ], [ 147.375, -20.125 ], [ 147.375, -19.625 ], [ 147.125, -19.625 ], [ 147.125, -19.375 ], [ 146.875, -19.375 ], [ 146.875, -19.125 ], [ 146.125, -19.125 ], [ 146.125, -18.875 ], [ 145.875, -18.875 ], [ 145.875, -18.625 ], [ 145.375, -18.625 ], [ 145.375, -18.375 ], [ 145.125, -18.375 ], [ 145.125, -17.125 ], [ 145.375, -17.125 ] ] ] ] } },
{ "type": "Feature", "properties": { "cluster_id": 3, "cohesion": 8.1137928839426863, "distances": { "1": 10.940391911660678, "2": 12.754155438804473, "4": 23.044044234907467, "5": 27.75784872726561, "6": 23.964888248097136, "7": 23.7093454413715, "8": 16.894855388723865, "9": 31.430501967825464, "10": 28.226947266946567, "11": 31.355832655773376, "12": 30.293827819925163, "13": 28.467336932226537, "14": 19.951158488530787, "15": 22.92199461175436, "16": 26.26827277862725, "17": 24.007807919899047, "18": 34.31971243646787, "19": 28.48972536368839, "20": 32.528679824882104, "21": 31.826515912958754, "22": 37.32743586330921, "23": 38.618211982682475, "24": 36.83739989509911, "25": 37.347854106325904, "26": 39.68260852606993, "27": 39.907964438755506, "28": 24.541024819758725, "29": 34.638136650223075, "30": 29.78160045108005, "31": 38.02983278034179, "32": 39.37412467518156, "33": 31.414488954210114, "34": 32.337989880262555, "35": 38.97112415367669, "36": 38.19354948988474, "37": 39.58560265823083, "38": 39.22092777154684, "39": 37.74846753037607, "40": 40.9587402131944, "41": 35.645375606050045, "42": 30.55926396909655, "43": 36.45196587532905, "44": 37.94930745820359, "45": 40.87562355281982, "46": 23.07565872820314, "47": 18.788576951489144, "48": 24.824659545472286, "49": 25.3997605594023, "50": 27.20143682661065, "51": 29.23559072672791, "52": 28.98739963088879, "53": 27.083008111768056, "54": 23.109898269006965, "55": 27.552917546651567, "56": 33.69882320684024, "57": 37.486010537017556, "58": 32.55921288976688, "59": 32.62363248401659, "60": 29.66300569026641, "61": 35.932436598858835, "62": 33.95790575332182, "63": 26.228982936676985, "64": 29.373782957297653, "65": 32.23838102517886, "66": 33.22234128957227, "67": 35.89643621599462, "68": 35.12605841139252 } }, "geometry": { "type": "MultiPolygon", "coordinates": [ [ [ [ 145.875, -16.625 ], [ 145.875, -16.875 ], [ 146.125, -16.875 ], [ 146.125, -17.125 ], [ 146.375, -17.125 ], [ 146.375, -17.375 ], [ 146.625, -17.375 ], [ 146.625, -17.875 ], [ 146.375, -17.875 ], [ 146.375, -17.625 ], [ 146.125, -17.625 ], [ 146.125, -17.375 ], [ 145.875, -17.375 ], [ 145.875, -17.125 ], [ 145.625, -17.125 ], [ 145.625, -16.625 ], [ 145.875, -16.625 ] ] ], [ [ [ 145.375, -16.625 ], [ 145.375, -17.125 ], [ 145.125, -17.125 ], [ 145.125, -18.375 ], [ 144.875, -18.375 ], [ 144.875, -18.625 ], [ 144.625, -18.625 ], [ 144.625, -18.875 ], [ 144.125, -18.875 ], [ 144.125, -19.125 ], [ 143.875, -19.125 ], [ 143.875, -19.375 ], [ 143.375, -19.375 ], [ 143.375, -18.375 ], [ 143.125, -18.375 ], [ 143.125, -18.125 ], [ 142.875, -18.125 ], [ 142.875, -17.625 ], [ 142.625, -17.625 ], [ 142.625, -16.625 ], [ 142.375, -16.625 ], [ 142.375, -16.375 ], [ 142.125, -16.375 ], [ 142.125, -16.125 ], [ 141.875, -16.125 ], [ 141.875, -15.625 ], [ 141.625, -15.625 ], [ 141.625, -14.125 ], [ 141.375, -14.125 ], [ 141.375, -13.625 ], [ 141.125, -13.625 ], [ 141.125, -12.875 ], [ 141.375, -12.875 ], [ 141.375, -12.125 ], [ 141.625, -12.125 ], [ 141.625, -11.125 ], [ 141.875, -11.125 ], [ 141.875, -10.875 ], [ 142.125, -10.875 ], [ 142.125, -11.625 ], [ 141.875, -11.625 ], [ 141.875, -13.625 ], [ 142.125, -13.625 ], [ 142.125, -14.375 ], [ 142.375, -14.375 ], [ 142.375, -14.875 ], [ 143.125, -14.875 ], [ 143.125, -14.625 ], [ 143.625, -14.625 ], [ 143.625, -15.125 ], [ 143.875, -15.125 ], [ 143.875, -15.375 ], [ 144.125, -15.375 ], [ 144.125, -15.625 ], [ 144.375, -15.625 ], [ 144.375, -16.375 ], [ 144.125, -16.375 ], [ 144.125, -16.875 ], [ 144.875, -16.875 ], [ 144.875, -16.625 ], [ 145.125, -16.625 ], [ 145.125, -16.125 ], [ 145.375, -16.125 ], [ 145.375, -16.375 ], [ 145.625, -16.375 ], [ 145.625, -16.625 ], [ 145.375, -16.625 ] ], [ [ 143.875, -17.375 ], [ 144.625, -17.375 ], [ 144.625, -17.125 ], [ 143.875, -17.125 ], [ 143.875, -17.375 ] ] ] ] } },
{ "type": "Feature", "properties": { "cluster_id": 4, "cohesion": 8.5311386439412491, "distances": { "1": 18.90891003463502, "2": 26.70425412361443, "3": 23.044044234907467, "5": 13.045817225583196, "6": 19.48332768759154, "7": 27.144741389569322, "8": 22.29902415476751, "9": 27.660800882331685, "10": 18.195001503537913, "11": 21.375803011387013, "12": 24.799058171237643, "13": 24.977152331490775, "14": 13.437887213213756, "15": 16.220798630858578, "16": 24.52440326629251, "17": 25.32992173699014, "18": 43.61247128959111, "19": 39.10267855167915, "20": 43.80703024747041, "21": 45.2142581835126, "22": 50.28942022525956, "23": 48.22251775886547, "24": 45.59103447819432, "25": 47.78917234341921, "26": 51.473295626106676, "27": 50.196456988997674, "28": 32.12588965716056, "29": 42.445957341667935, "30": 37.963010383776535, "31": 48.577409907828645, "32": 48.173412925738376, "33": 42.63911875422553, "34": 45.54856181255764, "35": 50.78501958048963, "36": 45.44712768950653, "37": 50.697130556356136, "38": 49.53436390338684, "39": 50.344739447845704, "40": 50.86632103687586, "41": 44.80034135994982, "42": 40.75811364261436, "43": 43.43865989063538, "44": 45.787109549739945, "45": 49.25765515819195, "46": 35.16836782301342, "47": 32.64811600476694, "48": 32.25257091114056, "49": 32.7890788110939, "50": 31.58681162161097, "51": 31.461418637620795, "52": 33.82256755466288, "53": 34.08595829155131, "54": 30.65339929147799, "55": 29.760571667132766, "56": 41.21089493401005, "57": 46.26915143520989, "58": 39.49300709325066, "59": 42.491234914379426, "60": 35.39530471928827, "61": 41.00370521851262, "62": 34.540259855256615, "63": 33.54758887332951, "64": 31.069111222117908, "65": 36.49840448765982, "66": 32.6122556041944, "67": 39.20685877098606, "68": 39.478160890870484 } }, "geometry": { "type": "MultiPolygon", "coordinates": [ [ [ [ 141.375, -15.125 ], [ 141.375, -15.625 ], [ 141.625, -15.625 ], [ 141.625, -16.125 ], [ 141.875, -16.125 ], [ 141.875, -17.625 ], [ 142.125, -17.625 ], [ 142.125, -18.375 ], [ 142.375, -18.375 ], [ 142.375, -18.875 ], [ 142.625, -18.875 ], [ 142.625, -19.625 ], [ 142.875, -19.625 ], [ 142.875, -20.125 ], [ 142.375, -20.125 ], [ 142.375, -19.375 ], [ 142.125, -19.375 ], [ 142.125, -18.875 ], [ 141.875, -18.875 ], [ 141.875, -18.625 ], [ 141.625, -18.625 ], [ 141.625, -18.125 ], [ 141.375, -18.125 ], [ 141.375, -17.875 ], [ 141.125, -17.875 ], [ 141.125, -17.625 ], [ 140.375, -17.625 ], [ 140.375, -17.375 ], [ 140.625, -17.375 ], [ 140.625, -16.875 ], [ 140.875, -16.875 ], [ 140.875, -15.875 ], [ 141.125, -15.875 ], [ 141.125, -15.125 ], [ 141.375, -15.125 ] ] ], [ [ [ 133.875, -11.875 ], [ 133.875, -12.125 ], [ 135.625, -12.125 ], [ 135.625, -12.375 ], [ 135.875, -12.375 ], [ 135.875, -12.875 ], [ 135.625, -12.875 ], [ 135.625, -13.125 ], [ 135.375, -13.125 ], [ 135.375, -13.375 ], [ 134.875, -13.375 ], [ 134.875, -13.125 ], [ 133.875, -13.125 ], [ 133.875, -13.375 ], [ 133.625, -13.375 ], [ 133.625, -13.625 ], [ 133.375, -13.625 ], [ 133.375, -14.125 ], [ 133.125, -14.125 ], [ 133.125, -14.375 ], [ 132.875, -14.375 ], [ 132.875, -14.625 ], [ 132.625, -14.625 ], [ 132.625, -14.875 ], [ 132.375, -14.875 ], [ 132.375, -15.375 ], [ 132.625, -15.375 ], [ 132.625, -16.125 ], [ 132.125, -16.125 ], [ 132.125, -15.875 ], [ 131.625, -15.875 ], [ 131.625, -16.125 ], [ 131.375, -16.125 ], [ 131.375, -15.375 ], [ 130.875, -15.375 ], [ 130.875, -14.625 ], [ 130.375, -14.625 ], [ 130.375, -14.875 ], [ 129.875, -14.875 ], [ 129.875, -14.125 ], [ 130.125, -14.125 ], [ 130.125, -13.875 ], [ 130.375, -13.875 ], [ 130.375, -13.625 ], [ 130.875, -13.625 ], [ 130.875, -13.375 ], [ 131.125, -13.375 ], [ 131.125, -13.125 ], [ 131.875, -13.125 ], [ 131.875, -12.875 ], [ 132.125, -12.875 ], [ 132.125, -12.625 ], [ 132.625, -12.625 ], [ 132.625, -12.375 ], [ 133.125, -12.375 ], [ 133.125, -11.875 ], [ 133.875, -11.875 ] ] ] ] } },
{ "type": "Feature", "properties": { "cluster_id": 5, "cohesion": 9.8110680516314019, "distances": { "1": 24.18043877268628, "2": 29.749277395282576, "3": 27.757848727265607, "4": 13.04581722558319, "6": 16.42529344538226, "7": 24.885573499366856, "8": 22.710177855150388, "9": 22.932388391475673, "10": 15.10360224498097, "11": 15.33008514448466, "12": 20.619680108297377, "13": 23.14609055338759, "14": 17.9731780055598, "15": 16.942891919996242, "16": 24.042894321181283, "17": 26.837373473021785, "18": 44.52070551459275, "19": 41.796206806921596, "20": 45.824188013749236, "21": 47.44968792549479, "22": 51.743535220109074, "23": 47.37848585724638, "24": 45.222002481287255, "25": 48.55170768220119, "26": 52.1003230503879, "27": 50.06549833860148, "28": 34.57557781120832, "29": 43.39053584359431, "30": 39.71353016008982, "31": 49.920524365722045, "32": 48.570700589283675, "33": 44.468368243645315, "34": 47.47905449571635, "35": 51.798870047474786, "36": 44.09002305730386, "37": 50.64269590546208, "38": 48.91156994366767, "39": 51.280435655475884, "40": 51.01216583071241, "41": 44.816702429137386, "42": 41.34927676632614, "43": 42.94172406383299, "44": 45.70584254557461, "45": 48.83442620617199, "46": 36.04612051000769, "47": 34.97059004495444, "48": 33.28973029835171, "49": 32.30766000257627, "50": 31.49795020418558, "51": 31.31927198441968, "52": 33.35341986230654, "53": 36.32309733894967, "54": 32.712275502409774, "55": 30.30474689445777, "56": 39.50791616324706, "57": 44.954355684423966, "58": 39.04174833584183, "59": 42.09827202954254, "60": 33.082813370933025, "61": 38.394064667194584, "62": 30.743751323829002, "63": 33.897862353078466, "64": 29.99328605455285, "65": 35.32643694200303, "66": 29.04074041103279, "67": 36.57375466812433, "68": 37.81627774951454 } }, "geometry": { "type": "MultiPolygon", "coordinates": [ [ [ [ 130.375, -14.875 ], [ 130.375, -14.625 ], [ 130.875, -14.625 ], [ 130.875, -15.375 ], [ 131.375, -15.375 ], [ 131.375, -16.125 ], [ 131.625, -16.125 ], [ 131.625, -15.875 ], [ 132.125, -15.875 ], [ 132.125, -16.125 ], [ 132.625, -16.125 ], [ 132.625, -15.375 ], [ 132.375, -15.375 ], [ 132.375, -14.875 ], [ 132.625, -14.875 ], [ 132.625, -15.125 ], [ 132.875, -15.125 ], [ 132.875, -15.375 ], [ 133.875, -15.375 ], [ 133.875, -15.625 ], [ 134.125, -15.625 ], [ 134.125, -15.375 ], [ 134.375, -15.375 ], [ 134.375, -15.125 ], [ 134.625, -15.125 ], [ 134.625, -14.875 ], [ 135.375, -14.875 ], [ 135.375, -15.125 ], [ 136.375, -15.125 ], [ 136.375, -15.375 ], [ 136.625, -15.375 ], [ 136.625, -15.625 ], [ 137.375, -15.625 ], [ 137.375, -15.875 ], [ 137.875, -15.875 ], [ 137.875, -16.125 ], [ 138.125, -16.125 ], [ 138.125, -16.375 ], [ 138.875, -16.375 ], [ 138.875, -16.625 ], [ 139.125, -16.625 ], [ 139.125, -16.875 ], [ 139.375, -16.875 ], [ 139.375, -17.125 ], [ 139.625, -17.125 ], [ 139.625, -17.375 ], [ 140.375, -17.375 ], [ 140.375, -17.625 ], [ 141.125, -17.625 ], [ 141.125, -17.875 ], [ 141.375, -17.875 ], [ 141.375, -18.125 ], [ 141.625, -18.125 ], [ 141.625, -18.625 ], [ 141.875, -18.625 ], [ 141.875, -18.875 ], [ 142.125, -18.875 ], [ 142.125, -19.375 ], [ 142.375, -19.375 ], [ 142.375, -20.125 ], [ 141.625, -20.125 ], [ 141.625, -20.625 ], [ 141.375, -20.625 ], [ 141.375, -21.125 ], [ 140.375, -21.125 ], [ 140.375, -20.875 ], [ 139.125, -20.875 ], [ 139.125, -20.625 ], [ 138.875, -20.625 ], [ 138.875, -20.375 ], [ 138.625, -20.375 ], [ 138.625, -20.125 ], [ 138.375, -20.125 ], [ 138.375, -19.875 ], [ 138.125, -19.875 ], [ 138.125, -20.125 ], [ 137.625, -20.125 ], [ 137.625, -19.875 ], [ 137.125, -19.875 ], [ 137.125, -19.375 ], [ 135.875, -19.375 ], [ 135.875, -19.125 ], [ 134.875, -19.125 ], [ 134.875, -19.375 ], [ 132.875, -19.375 ], [ 132.875, -19.125 ], [ 130.875, -19.125 ], [ 130.875, -18.875 ], [ 130.125, -18.875 ], [ 130.125, -19.125 ], [ 128.625, -19.125 ], [ 128.625, -18.625 ], [ 128.375, -18.625 ], [ 128.375, -17.625 ], [ 128.625, -17.625 ], [ 128.625, -16.625 ], [ 128.875, -16.625 ], [ 128.875, -15.875 ], [ 128.375, -15.875 ], [ 128.375, -15.125 ], [ 128.625, -15.125 ], [ 128.625, -14.875 ], [ 129.625, -14.875 ], [ 129.625, -14.125 ], [ 129.875, -14.125 ], [ 129.875, -14.875 ], [ 130.375, -14.875 ] ] ], [ [ [ 129.875, -13.875 ], [ 130.125, -13.875 ], [ 130.125, -14.125 ], [ 129.875, -14.125 ], [ 129.875, -13.875 ] ] ], [ [ [ 130.375, -13.875 ], [ 130.125, -13.875 ], [ 130.125, -13.625 ], [ 130.375, -13.625 ], [ 130.375, -13.875 ] ] ], [ [ [ 134.875, -13.375 ], [ 135.375, -13.375 ], [ 135.375, -13.625 ], [ 135.125, -13.625 ], [ 135.125, -13.875 ], [ 134.875, -13.875 ], [ 134.875, -14.125 ], [ 134.375, -14.125 ], [ 134.375, -13.125 ], [ 134.875, -13.125 ], [ 134.875, -13.375 ] ] ], [ [ [ 130.875, -13.625 ], [ 130.375, -13.625 ], [ 130.375, -13.375 ], [ 130.625, -13.375 ], [ 130.625, -13.125 ], [ 131.125, -13.125 ], [ 131.125, -13.375 ], [ 130.875, -13.375 ], [ 130.875, -13.625 ] ] ], [ [ [ 131.875, -13.125 ], [ 131.125, -13.125 ], [ 131.125, -12.875 ], [ 131.875, -12.875 ], [ 131.875, -13.125 ] ] ] ] } },
{ "type": "Feature", "properties": { "cluster_id": 6, "cohesion": 9.0510530766706356, "distances": { "1": 22.659505945916994, "2": 23.13582873597127, "3": 23.96488824809713, "4": 19.483327687591544, "5": 16.425293445382255, "7": 14.043224603879182, "8": 13.763738263026678, "9": 18.019538634394024, "10": 19.756025360177397, "11": 15.19467023851051, "12": 20.984079519458906, "13": 24.544413545351553, "14": 20.450662855599845, "15": 19.61144169826867, "16": 24.180499855394782, "17": 24.90497960255735, "18": 40.45739499289193, "19": 38.913046227704655, "20": 42.042506221456996, "21": 42.37173302985396, "22": 46.01487716193256, "23": 40.35040560338227, "24": 39.41137069226078, "25": 43.8448922528236, "26": 46.32610398296247, "27": 44.00313903037487, "28": 30.797846156704836, "29": 37.67993220728056, "30": 34.62000178707455, "31": 43.641644243424004, "32": 42.287208014054066, "33": 38.395399693527594, "34": 41.2522571246836, "35": 44.81198724464528, "36": 37.449651212207044, "37": 44.06001465981265, "38": 41.763310000648154, "39": 44.52947033455309, "40": 44.25214135816691, "41": 38.71684589703142, "42": 36.03357415428323, "43": 37.9702378087984, "44": 39.77477530936031, "45": 42.69353454320308, "46": 28.04147260439481, "47": 27.656079902727125, "48": 26.828527516986753, "49": 24.46627047217912, "50": 26.339527519249035, "51": 28.994226761332644, "52": 28.94180036237243, "53": 34.742020234556584, "54": 29.817856472114048, "55": 28.97028565541585, "56": 31.023426307792683, "57": 37.24103510742397, "58": 32.94086535014201, "59": 34.81663054380837, "60": 23.574014348073568, "61": 30.71023495325779, "62": 23.638475067394484, "63": 30.231354324572848, "64": 28.85877389950471, "65": 32.16439971672056, "66": 25.62479533671673, "67": 31.211725003928603, "68": 33.64069913392903 } }, "geometry": { "type": "Polygon", "coordinates": [ [ [ 142.875, -19.875 ], [ 142.875, -20.125 ], [ 141.625, -20.125 ], [ 141.625, -20.625 ], [ 141.375, -20.625 ], [ 141.375, -21.125 ], [ 140.375, -21.125 ], [ 140.375, -20.875 ], [ 139.125, -20.875 ], [ 139.125, -20.625 ], [ 138.875, -20.625 ], [ 138.875, -20.375 ], [ 138.375, -20.375 ], [ 138.375, -20.625 ], [ 138.625, -20.625 ], [ 138.625, -21.375 ], [ 138.875, -21.375 ], [ 138.875, -21.875 ], [ 140.625, -21.875 ], [ 140.625, -21.625 ], [ 140.875, -21.625 ], [ 140.875, -21.875 ], [ 142.375, -21.875 ], [ 142.375, -21.375 ], [ 143.125, -21.375 ], [ 143.125, -19.875 ], [ 142.875, -19.875 ] ] ] } },
{ "type": "Feature", "properties": { "cluster_id": 7, "cohesion": 5.4460712654939654, "distances": { "1": 25.488703469196913, "2": 19.668686467407795, "3": 23.709345441371504, "4": 27.144741389569322, "5": 24.885573499366856, "6": 14.043224603879182, "8": 11.338032714400939, "9": 18.36087974942599, "10": 24.170859028431295, "11": 21.64364845830253, "12": 22.727382110033894, "13": 25.584860131993437, "14": 23.97174742525986, "15": 22.248971603892365, "16": 23.379411044848993, "17": 22.57659549436659, "18": 35.26771090725846, "19": 35.34921029956038, "20": 36.94377018967032, "21": 35.78390007991737, "22": 38.44452266480148, "23": 31.67076235573896, "24": 31.983628073458107, "25": 37.490781705162966, "26": 38.47639741269488, "27": 36.17660076515138, "28": 28.016742000793453, "29": 32.36203471747248, "30": 30.27312912831434, "31": 36.857037697567876, "32": 35.46597721971587, "33": 32.11107170896658, "34": 33.840585590701416, "35": 36.72365112301646, "36": 30.02470355824619, "37": 35.543336729013525, "38": 32.93610222526351, "39": 36.13039943097094, "40": 36.36700244960551, "41": 31.4521346919535, "42": 29.29578315772247, "43": 31.870267963941654, "44": 33.128881542906925, "45": 35.420865747465754, "46": 19.543524576198617, "47": 21.304369195228325, "48": 21.30524482063729, "49": 16.1997016519057, "50": 21.893317164424463, "51": 27.3305788807245, "52": 24.51522789402826, "53": 33.221275002172106, "54": 28.017896383008747, "55": 28.55146415119182, "56": 22.035026746011532, "57": 28.425236352570128, "58": 26.110897287591605, "59": 25.708078725600668, "60": 14.180406675822203, "61": 23.378937624478382, "62": 19.5789502831546, "63": 25.39236986865264, "64": 27.003060476080332, "65": 27.93424027953157, "66": 23.149261242102217, "67": 25.904685947604623, "68": 28.707249078935597 } }, "geometry": { "type": "Polygon", "coordinates": [ [ [ 140.625, -21.625 ], [ 140.625, -21.875 ], [ 140.125, -21.875 ], [ 140.125, -22.125 ], [ 140.375, -22.125 ], [ 140.375, -22.375 ], [ 140.625, -22.375 ], [ 140.625, -22.625 ], [ 141.125, -22.625 ], [ 141.125, -22.375 ], [ 141.625, -22.375 ], [ 141.625, -22.625 ], [ 141.875, -22.625 ], [ 141.875, -23.125 ], [ 142.125, -23.125 ], [ 142.125, -23.375 ], [ 142.875, -23.375 ], [ 142.875, -23.125 ], [ 143.125, -23.125 ], [ 143.125, -22.875 ], [ 143.375, -22.875 ], [ 143.375, -22.625 ], [ 143.125, -22.625 ], [ 143.125, -22.375 ], [ 142.875, -22.375 ], [ 142.875, -22.125 ], [ 142.625, -22.125 ], [ 142.625, -21.875 ], [ 140.875, -21.875 ], [ 140.875, -21.625 ], [ 140.625, -21.625 ] ] ] } },
{ "type": "Feature", "properties": { "cluster_id": 8, "cohesion": 5.6089658589220424, "distances": { "1": 18.403085891625967, "2": 13.761933059032168, "3": 16.894855388723865, "4": 22.29902415476751, "5": 22.710177855150388, "6": 13.763738263026678, "7": 11.338032714400937, "9": 23.56091729871993, "10": 23.87928251131765, "11": 23.79117064926664, "12": 25.018450385020902, "13": 25.971715806277444, "14": 19.975395237525806, "15": 20.40873856044121, "16": 23.435473611434784, "17": 21.82148370373982, "18": 36.116726541500526, "19": 33.36190829350073, "20": 36.2737833865625, "21": 35.097375873625424, "22": 39.18567648334798, "23": 36.25861020603343, "24": 35.16277960716114, "25": 38.90041238648864, "26": 40.5653859161262, "27": 39.462781491890155, "28": 26.135879044808526, "29": 33.02685358143546, "30": 29.649053933999745, "31": 37.50615769941533, "32": 37.38564789922006, "33": 31.872550176579427, "34": 33.73300157077509, "35": 38.236515839821756, "36": 34.60763076915135, "37": 38.79230065832292, "38": 37.29511872950268, "39": 37.75633431910836, "40": 39.072075030246175, "41": 33.66610128104558, "42": 30.476402696457995, "43": 34.406473503785186, "44": 35.420207394835614, "45": 38.58331409077899, "46": 19.010019682191576, "47": 18.173819930543374, "48": 20.86959468822233, "49": 18.219433683484034, "50": 23.159167892058644, "51": 27.862106424875325, "52": 26.436387620512022, "53": 31.24356835138399, "54": 26.362434004422525, "55": 28.01379580440682, "56": 28.626462295414036, "57": 34.02691269455352, "58": 29.029952575026847, "59": 29.08366389336346, "60": 21.874897447430047, "61": 30.323489857974224, "62": 26.53547722599027, "63": 26.07860358758797, "64": 28.10008392666274, "65": 30.251956366208383, "66": 27.683005515112974, "67": 30.99363881333486, "68": 32.22649832664385 } }, "geometry": { "type": "Polygon", "coordinates": [ [ [ 143.125, -20.125 ], [ 143.125, -21.375 ], [ 142.375, -21.375 ], [ 142.375, -21.875 ], [ 142.625, -21.875 ], [ 142.625, -22.125 ], [ 142.875, -22.125 ], [ 142.875, -22.375 ], [ 143.125, -22.375 ], [ 143.125, -22.625 ], [ 143.375, -22.625 ], [ 143.375, -22.125 ], [ 143.125, -22.125 ], [ 143.125, -21.625 ], [ 143.375, -21.625 ], [ 143.375, -21.375 ], [ 143.625, -21.375 ], [ 143.625, -20.625 ], [ 143.375, -20.625 ], [ 143.375, -20.125 ], [ 143.125, -20.125 ] ] ] } },
{ "type": "Feature", "properties": { "cluster_id": 9, "cohesion": 9.7282918018884281, "distances": { "1": 31.286354708499413, "2": 30.103402595370124, "3": 31.430501967825464, "4": 27.66080088233169, "5": 22.932388391475673, "6": 18.01953863439402, "7": 18.36087974942599, "8": 23.56091729871993, "10": 19.047471094044486, "11": 13.89949655339526, "12": 14.054654901469432, "13": 21.300456206130058, "14": 25.61070335592995, "15": 21.90311237690949, "16": 22.336256102914298, "17": 24.940271160318513, "18": 37.94708106420372, "19": 40.04361901416845, "20": 41.32290286624447, "21": 42.102659518361, "22": 43.72773512432761, "23": 34.93290631442814, "24": 35.91365782040669, "25": 40.690136696027295, "26": 42.0496192218765, "27": 38.70779503305336, "28": 33.88549344450622, "29": 37.38143867871751, "30": 36.30161796289336, "31": 43.071606958105406, "32": 39.73878409236181, "33": 39.39340598410951, "34": 41.2465279943078, "35": 42.81838478329911, "36": 29.969140712705507, "37": 38.65608939850782, "38": 35.50866950977223, "39": 41.81953291094794, "40": 40.042876168869235, "41": 35.549701163530116, "42": 34.05068721590537, "43": 32.945778204311004, "44": 36.38304781420336, "45": 37.19405807788797, "46": 30.95033216222448, "47": 32.30983225151964, "48": 30.305725758317887, "49": 26.94962463743764, "50": 27.348061889345708, "51": 28.81918204726664, "52": 27.15789838902976, "53": 35.94335054138229, "54": 31.077956868651967, "55": 29.161332002902604, "56": 25.399267013610636, "57": 30.377843207138138, "58": 31.35613559186376, "59": 33.092137776452404, "60": 20.26786733062425, "61": 21.603613047121772, "62": 13.199434506737513, "63": 28.58868646272078, "64": 24.564648521714318, "65": 26.427109343713557, "66": 15.093902163412283, "67": 21.32219541543114, "68": 25.803461708062976 } }, "geometry": { "type": "Polygon", "coordinates": [ [ [ 129.875, -19.625 ], [ 129.875, -19.875 ], [ 128.875, -19.875 ], [ 128.875, -20.125 ], [ 128.125, -20.125 ], [ 128.125, -20.375 ], [ 128.625, -20.375 ], [ 128.625, -20.875 ], [ 128.875, -20.875 ], [ 128.875, -21.625 ], [ 129.875, -21.625 ], [ 129.875, -21.875 ], [ 130.125, -21.875 ], [ 130.125, -22.125 ], [ 130.875, -22.125 ], [ 130.875, -22.375 ], [ 131.625, -22.375 ], [ 131.625, -22.125 ], [ 132.875, -22.125 ], [ 132.875, -21.875 ], [ 136.125, -21.875 ], [ 136.125, -22.125 ], [ 136.625, -22.125 ], [ 136.625, -21.875 ], [ 137.625, -21.875 ], [ 137.625, -22.125 ], [ 138.125, -22.125 ], [ 138.125, -22.375 ], [ 138.375, -22.375 ], [ 138.375, -22.625 ], [ 140.125, -22.625 ], [ 140.125, -22.375 ], [ 140.375, -22.375 ], [ 140.375, -22.125 ], [ 140.125, -22.125 ], [ 140.125, -21.875 ], [ 138.875, -21.875 ], [ 138.875, -21.375 ], [ 138.625, -21.375 ], [ 138.625, -21.125 ], [ 137.625, -21.125 ], [ 137.625, -20.875 ], [ 136.125, -20.875 ], [ 136.125, -21.125 ], [ 134.875, -21.125 ], [ 134.875, -21.375 ], [ 133.625, -21.375 ], [ 133.625, -21.125 ], [ 132.125, -21.125 ], [ 132.125, -21.625 ], [ 131.375, -21.625 ], [ 131.375, -21.375 ], [ 131.125, -21.375 ], [ 131.125, -20.625 ], [ 130.875, -20.625 ], [ 130.875, -20.375 ], [ 130.625, -20.375 ], [ 130.625, -20.125 ], [ 130.375, -20.125 ], [ 130.375, -19.625 ], [ 129.875, -19.625 ] ] ] } },
{ "type": "Feature", "properties": { "cluster_id": 10, "cohesion": 6.9615330663153552, "distances": { "1": 26.527482853515856, "2": 29.067010259210623, "3": 28.226947266946567, "4": 18.195001503537913, "5": 15.10360224498097, "6": 19.75602536017739, "7": 24.170859028431295, "8": 23.87928251131765, "9": 19.047471094044482, "11": 16.291138360319476, "12": 12.22806875795528, "13": 13.794047909098143, "14": 18.057804142392122, "15": 12.652795088904933, "16": 15.075498613251183, "17": 21.187469069865397, "18": 39.1076002523495, "19": 37.97647927790824, "20": 40.75760811531999, "21": 42.28237055693588, "22": 45.65662091879266, "23": 41.47406368315505, "24": 39.86715917635698, "25": 42.606296217709954, "26": 45.50166896397646, "27": 43.67617920700494, "28": 33.02272019271419, "29": 40.01284562733237, "30": 37.38504738633999, "31": 45.514512520963955, "32": 43.44787496153788, "33": 40.96648398816414, "34": 42.71943539311551, "35": 46.52408741837601, "36": 37.44507982308315, "37": 44.0460698617515, "38": 42.59282932513289, "39": 45.467882076348964, "40": 44.92904374591036, "41": 38.88615890023771, "42": 35.20857959571273, "43": 35.73436282819945, "44": 39.99255540893264, "45": 42.096173505449826, "46": 32.79625982381021, "47": 32.842138834688136, "48": 31.644947387914897, "49": 29.70484494926942, "50": 29.122490470239068, "51": 28.459153946665968, "52": 29.267551533259958, "53": 33.203273894480375, "54": 30.3013272641813, "55": 27.53247764461429, "56": 35.053011704221774, "57": 39.22156367418491, "58": 35.22840971435104, "59": 37.50430545158371, "60": 29.80313709672733, "61": 32.86737220414223, "62": 26.149647806366893, "63": 27.34796467831736, "64": 21.703952749230417, "65": 27.064259742137224, "66": 21.191629876344948, "67": 29.2451128681048, "68": 29.924738716547864 } }, "geometry": { "type": "Polygon", "coordinates": [ [ [ 128.125, -15.375 ], [ 128.125, -15.625 ], [ 127.875, -15.625 ], [ 127.875, -16.125 ], [ 128.125, -16.125 ], [ 128.125, -16.375 ], [ 127.875, -16.375 ], [ 127.875, -16.625 ], [ 127.625, -16.625 ], [ 127.625, -16.125 ], [ 127.125, -16.125 ], [ 127.125, -16.375 ], [ 126.875, -16.375 ], [ 126.875, -16.625 ], [ 126.625, -16.625 ], [ 126.625, -16.875 ], [ 126.375, -16.875 ], [ 126.375, -17.125 ], [ 126.125, -17.125 ], [ 126.125, -17.625 ], [ 125.875, -17.625 ], [ 125.875, -17.875 ], [ 125.375, -17.875 ], [ 125.375, -17.625 ], [ 125.625, -17.625 ], [ 125.625, -16.625 ], [ 125.875, -16.625 ], [ 125.875, -16.125 ], [ 125.625, -16.125 ], [ 125.625, -15.875 ], [ 125.375, -15.875 ], [ 125.375, -16.125 ], [ 125.125, -16.125 ], [ 125.125, -16.375 ], [ 124.625, -16.375 ], [ 124.625, -16.875 ], [ 124.875, -16.875 ], [ 124.875, -17.375 ], [ 124.625, -17.375 ], [ 124.625, -18.125 ], [ 124.875, -18.125 ], [ 124.875, -18.375 ], [ 125.625, -18.375 ], [ 125.625, -19.125 ], [ 125.875, -19.125 ], [ 125.875, -19.625 ], [ 127.125, -19.625 ], [ 127.125, -19.375 ], [ 127.375, -19.375 ], [ 127.375, -19.125 ], [ 127.625, -19.125 ], [ 127.625, -18.875 ], [ 128.125, -18.875 ], [ 128.125, -19.375 ], [ 128.375, -19.375 ], [ 128.375, -19.125 ], [ 128.625, -19.125 ], [ 128.625, -18.625 ], [ 128.375, -18.625 ], [ 128.375, -17.625 ], [ 128.625, -17.625 ], [ 128.625, -16.625 ], [ 128.875, -16.625 ], [ 128.875, -15.875 ], [ 128.375, -15.875 ], [ 128.375, -15.375 ], [ 128.125, -15.375 ] ] ] } },
{ "type": "Feature", "properties": { "cluster_id": 11, "cohesion": 8.2391740989302633, "distances": { "1": 29.087553766751384, "2": 31.661516908049514, "3": 31.355832655773384, "4": 21.37580301138701, "5": 15.330085144484663, "6": 15.19467023851051, "7": 21.643648458302533, "8": 23.791170649266636, "9": 13.89949655339526, "10": 16.29113836031947, "12": 15.928706411001022, "13": 22.537818085155603, "14": 23.132658323968872, "15": 20.52608874668892, "16": 24.527599531795733, "17": 27.60331323988924, "18": 43.2946713586235, "19": 43.24579826738695, "20": 46.04098158068675, "21": 47.49940346759702, "22": 50.42263568716578, "23": 43.04434801892138, "24": 42.56331980658804, "25": 46.92300340071244, "26": 49.60293788692204, "27": 46.52553022762459, "28": 35.79916752458325, "29": 41.85185459461975, "30": 39.53790860933923, "31": 48.56883504415753, "32": 45.94130660468871, "33": 44.01561538629119, "34": 46.92677995998434, "35": 49.60076045437535, "36": 38.53716100815063, "37": 46.96530073361896, "38": 44.230779596614184, "39": 49.07494323030863, "40": 47.56828895916361, "41": 42.222299226492076, "42": 40.01738923131415, "43": 39.76471502136474, "44": 42.80983283809799, "45": 44.86207727723161, "46": 35.63356850231748, "47": 35.7043930447887, "48": 33.3753332501543, "49": 31.190438781453377, "50": 30.649121939006267, "51": 31.03001836793598, "52": 31.592469109263376, "53": 37.87698006831008, "54": 33.251808699721764, "55": 30.625904939997433, "56": 33.517086854155174, "57": 39.20018588987891, "58": 36.786579064514804, "59": 39.67663721124563, "60": 27.304820233576827, "61": 30.70377771305526, "62": 21.418748052279316, "63": 33.312222291939236, "64": 28.413555211541777, "65": 32.37615370837395, "66": 22.109647167781905, "67": 29.769007018515754, "68": 33.066219137025264 } }, "geometry": { "type": "Polygon", "coordinates": [ [ [ 130.125, -18.875 ], [ 130.125, -19.125 ], [ 128.375, -19.125 ], [ 128.375, -19.625 ], [ 129.125, -19.625 ], [ 129.125, -19.875 ], [ 129.875, -19.875 ], [ 129.875, -19.625 ], [ 130.375, -19.625 ], [ 130.375, -20.125 ], [ 130.625, -20.125 ], [ 130.625, -20.375 ], [ 130.875, -20.375 ], [ 130.875, -20.625 ], [ 131.125, -20.625 ], [ 131.125, -21.375 ], [ 131.375, -21.375 ], [ 131.375, -21.625 ], [ 132.125, -21.625 ], [ 132.125, -21.125 ], [ 133.625, -21.125 ], [ 133.625, -21.375 ], [ 134.875, -21.375 ], [ 134.875, -21.125 ], [ 136.125, -21.125 ], [ 136.125, -20.875 ], [ 137.625, -20.875 ], [ 137.625, -21.125 ], [ 138.625, -21.125 ], [ 138.625, -20.625 ], [ 138.375, -20.625 ], [ 138.375, -20.375 ], [ 138.625, -20.375 ], [ 138.625, -20.125 ], [ 138.375, -20.125 ], [ 138.375, -19.875 ], [ 138.125, -19.875 ], [ 138.125, -20.125 ], [ 137.625, -20.125 ], [ 137.625, -19.875 ], [ 137.125, -19.875 ], [ 137.125, -19.375 ], [ 135.875, -19.375 ], [ 135.875, -19.125 ], [ 134.875, -19.125 ], [ 134.875, -19.375 ], [ 132.875, -19.375 ], [ 132.875, -19.125 ], [ 130.875, -19.125 ], [ 130.875, -18.875 ], [ 130.125, -18.875 ] ] ] } },
{ "type": "Feature", "properties": { "cluster_id": 12, "cohesion": 6.1203294704682429, "distances": { "1": 29.676584319249294, "2": 30.163866655353296, "3": 30.293827819925166, "4": 24.799058171237647, "5": 20.619680108297377, "6": 20.984079519458902, "7": 22.72738211003389, "8": 25.018450385020902, "9": 14.054654901469428, "10": 12.22806875795528, "11": 15.928706411001022, "13": 12.760753246042835, "14": 23.283627068705403, "15": 17.825110048466403, "16": 16.766417580239093, "17": 22.986161507472232, "18": 36.31312252240327, "19": 37.24132403249341, "20": 38.95158530041931, "21": 40.569410746384605, "22": 42.790662925109245, "23": 36.77619388517901, "24": 36.21808258602398, "25": 39.34544519693304, "26": 41.522789447269574, "27": 39.24798110176332, "28": 33.96456162624213, "29": 38.79076838051469, "30": 37.39983576245754, "31": 44.09290182831641, "32": 40.81161829730871, "33": 40.26069495842069, "34": 41.215533463305114, "35": 44.00040642201528, "36": 31.744163096192082, "37": 39.39885098662317, "38": 37.53362275041926, "39": 42.26972126599404, "40": 41.213627347164746, "41": 35.16767283048681, "42": 32.217445064128526, "43": 31.30982538137265, "44": 36.67596690683741, "45": 37.43334636723068, "46": 31.53395565359868, "47": 32.693828616326705, "48": 31.20798657089187, "49": 28.229047331804047, "50": 27.934587078985736, "51": 27.24021358844952, "52": 26.836532913890167, "53": 32.66607297585373, "54": 29.4626510188728, "55": 26.651887399459405, "56": 30.1923237206223, "57": 33.882393966789856, "58": 32.526628444337405, "59": 34.24451813728641, "60": 25.626324974884717, "61": 26.646418700502075, "62": 20.07718557726906, "63": 25.015187436629425, "64": 17.840597961724974, "65": 21.899397190637956, "66": 12.85417462661323, "67": 21.87459686063811, "68": 23.23077168572235 } }, "geometry": { "type": "Polygon", "coordinates": [ [ [ 127.625, -18.875 ], [ 127.625, -19.125 ], [ 127.375, -19.125 ], [ 127.375, -19.375 ], [ 127.125, -19.375 ], [ 127.125, -19.625 ], [ 125.875, -19.625 ], [ 125.875, -19.375 ], [ 125.375, -19.375 ], [ 125.375, -19.875 ], [ 125.625, -19.875 ], [ 125.625, -20.125 ], [ 125.875, -20.125 ], [ 125.875, -20.375 ], [ 125.125, -20.375 ], [ 125.125, -20.625 ], [ 125.375, -20.625 ], [ 125.375, -20.875 ], [ 125.125, -20.875 ], [ 125.125, -21.125 ], [ 125.375, -21.125 ], [ 125.375, -21.375 ], [ 126.375, -21.375 ], [ 126.375, -21.625 ], [ 126.875, -21.625 ], [ 126.875, -21.375 ], [ 127.625, -21.375 ], [ 127.625, -21.625 ], [ 127.875, -21.625 ], [ 127.875, -21.375 ], [ 128.125, -21.375 ], [ 128.125, -21.125 ], [ 128.375, -21.125 ], [ 128.375, -20.875 ], [ 128.625, -20.875 ], [ 128.625, -20.375 ], [ 128.125, -20.375 ], [ 128.125, -20.125 ], [ 128.875, -20.125 ], [ 128.875, -19.875 ], [ 129.125, -19.875 ], [ 129.125, -19.625 ], [ 128.375, -19.625 ], [ 128.375, -19.375 ], [ 128.125, -19.375 ], [ 128.125, -18.875 ], [ 127.625, -18.875 ] ] ] } },
{ "type": "Feature", "properties": { "cluster_id": 13, "cohesion": 8.2260584931764207, "distances": { "1": 28.171349547318282, "2": 28.919197044473677, "3": 28.467336932226537, "4": 24.977152331490775, "5": 23.146090553387587, "6": 24.544413545351546, "7": 25.584860131993437, "8": 25.97171580627745, "9": 21.30045620613006, "10": 13.794047909098147, "11": 22.537818085155603, "12": 12.760753246042835, "14": 22.45339769819458, "15": 17.156687327537156, "16": 12.737992547120971, "17": 20.984844463957057, "18": 33.50793207541383, "19": 33.22170364909116, "20": 35.41516912085735, "21": 37.449906817021834, "22": 40.33064014228977, "23": 36.8687586995237, "24": 35.15254040802744, "25": 36.845875202229955, "26": 39.80758325646258, "27": 38.379767192497006, "28": 32.04727526093668, "29": 37.663089048425036, "30": 36.007497095300046, "31": 42.283640572557104, "32": 39.5124436456087, "33": 38.36872754860175, "34": 38.942960470821184, "35": 42.67072643413472, "36": 32.94355024910774, "37": 38.75847691957971, "38": 37.79921232936641, "39": 40.85537470628, "40": 40.45519626988054, "41": 32.82571723302405, "42": 28.52851179091105, "43": 29.115492786504568, "44": 35.106384001281626, "45": 36.52167776490116, "46": 30.59720758368118, "47": 31.19354794095301, "48": 30.189438355321002, "49": 28.562201388694806, "50": 27.1393453834223, "51": 25.330602213242834, "52": 25.658467191445187, "53": 28.727541223602536, "54": 26.71211878994673, "55": 24.081412491655573, "56": 32.4803082482793, "57": 35.30915897392082, "58": 31.9107314478404, "59": 33.77532400045679, "60": 28.662713705537914, "61": 30.253056850569713, "62": 25.91856371292247, "63": 20.04730382801849, "64": 12.313195020605798, "65": 18.80204700240862, "66": 17.811162168689528, "67": 24.99270543725659, "68": 23.114001730425958 } }, "geometry": { "type": "Polygon", "coordinates": [ [ [ 124.375, -16.375 ], [ 124.375, -16.625 ], [ 123.875, -16.625 ], [ 123.875, -17.125 ], [ 123.625, -17.125 ], [ 123.625, -17.375 ], [ 123.375, -17.375 ], [ 123.375, -17.625 ], [ 123.125, -17.625 ], [ 123.125, -17.875 ], [ 122.625, -17.875 ], [ 122.625, -17.375 ], [ 122.875, -17.375 ], [ 122.875, -17.125 ], [ 123.125, -17.125 ], [ 123.125, -16.875 ], [ 122.625, -16.875 ], [ 122.625, -17.125 ], [ 122.375, -17.125 ], [ 122.375, -18.125 ], [ 121.875, -18.125 ], [ 121.875, -18.375 ], [ 121.625, -18.375 ], [ 121.625, -18.625 ], [ 121.375, -18.625 ], [ 121.375, -18.875 ], [ 121.125, -18.875 ], [ 121.125, -19.125 ], [ 120.875, -19.125 ], [ 120.875, -19.375 ], [ 120.625, -19.375 ], [ 120.625, -19.625 ], [ 120.375, -19.625 ], [ 120.375, -19.875 ], [ 119.625, -19.875 ], [ 119.625, -20.125 ], [ 119.125, -20.125 ], [ 119.125, -20.375 ], [ 118.625, -20.375 ], [ 118.625, -21.375 ], [ 119.125, -21.375 ], [ 119.125, -21.125 ], [ 119.625, -21.125 ], [ 119.625, -21.375 ], [ 120.375, -21.375 ], [ 120.375, -21.125 ], [ 120.625, -21.125 ], [ 120.625, -20.875 ], [ 121.125, -20.875 ], [ 121.125, -20.625 ], [ 122.375, -20.625 ], [ 122.375, -20.875 ], [ 122.625, -20.875 ], [ 122.625, -21.125 ], [ 123.125, -21.125 ], [ 123.125, -21.375 ], [ 124.125, -21.375 ], [ 124.125, -21.125 ], [ 125.125, -21.125 ], [ 125.125, -20.875 ], [ 125.375, -20.875 ], [ 125.375, -20.625 ], [ 125.125, -20.625 ], [ 125.125, -20.375 ], [ 125.875, -20.375 ], [ 125.875, -20.125 ], [ 125.625, -20.125 ], [ 125.625, -19.875 ], [ 125.375, -19.875 ], [ 125.375, -19.375 ], [ 125.875, -19.375 ], [ 125.875, -19.125 ], [ 125.625, -19.125 ], [ 125.625, -18.375 ], [ 124.875, -18.375 ], [ 124.875, -18.125 ], [ 124.625, -18.125 ], [ 124.625, -17.375 ], [ 124.875, -17.375 ], [ 124.875, -16.875 ], [ 124.625, -16.875 ], [ 124.625, -16.375 ], [ 124.375, -16.375 ] ] ] } },
{ "type": "Feature", "properties": { "cluster_id": 14, "cohesion": 7.9707431067182677, "distances": { "1": 18.61031585876883, "2": 21.90519768571159, "3": 19.95115848853079, "4": 13.437887213213756, "5": 17.973178005559795, "6": 20.450662855599845, "7": 23.971747425259856, "8": 19.975395237525806, "9": 25.610703355929946, "10": 18.057804142392126, "11": 23.132658323968865, "12": 23.283627068705403, "13": 22.45339769819458, "15": 12.533698118449504, "16": 18.86517971281787, "17": 16.085946900114124, "18": 37.39348046349, "19": 33.76940803961461, "20": 37.50055664207739, "21": 37.76949441939979, "22": 42.18865143435667, "23": 41.19422002968071, "24": 39.174976118306105, "25": 41.05297725894118, "26": 43.49235628038802, "27": 42.67125248136824, "28": 26.147194588951432, "29": 34.5535769074571, "30": 30.8691564989715, "31": 40.055274194773865, "32": 39.58793844664452, "33": 34.89964615654541, "34": 37.36682027362063, "35": 41.94797476294734, "36": 37.717321176221624, "37": 42.518852817487534, "38": 41.656790538017646, "39": 41.786790814251624, "40": 41.99399488937321, "41": 36.86303512324694, "42": 33.514982980516926, "43": 35.716710132941216, "44": 37.480949933429855, "45": 40.78018107124594, "46": 28.70609254632048, "47": 26.195395081195468, "48": 26.32918948313091, "49": 27.512540372076558, "50": 26.385632238656353, "51": 27.849813044441483, "52": 28.34639038427622, "53": 30.212618379105436, "54": 25.96790474460363, "55": 26.57141179953235, "56": 35.06429473361748, "57": 39.06715946553969, "58": 33.48556037867194, "59": 35.94833729965176, "60": 30.516446947074467, "61": 34.91442405752662, "62": 30.168395024266587, "63": 27.309329305063944, "64": 26.744200206352417, "65": 30.532337102842746, "66": 28.339331586363073, "67": 33.00138162265485, "68": 33.0662840888089 } }, "geometry": { "type": "MultiPolygon", "coordinates": [ [ [ [ 129.875, -13.875 ], [ 129.875, -13.625 ], [ 130.125, -13.625 ], [ 130.125, -13.875 ], [ 129.875, -13.875 ] ] ], [ [ [ 133.375, -13.875 ], [ 133.375, -13.625 ], [ 133.625, -13.625 ], [ 133.625, -13.875 ], [ 133.375, -13.875 ] ] ], [ [ [ 130.125, -13.625 ], [ 130.125, -13.375 ], [ 130.375, -13.375 ], [ 130.375, -13.625 ], [ 130.125, -13.625 ] ] ], [ [ [ 134.125, -13.375 ], [ 134.125, -13.625 ], [ 133.625, -13.625 ], [ 133.625, -13.375 ], [ 133.875, -13.375 ], [ 133.875, -13.125 ], [ 134.375, -13.125 ], [ 134.375, -13.375 ], [ 134.125, -13.375 ] ] ], [ [ [ 135.375, -13.125 ], [ 135.625, -13.125 ], [ 135.625, -13.375 ], [ 135.375, -13.375 ], [ 135.375, -13.125 ] ] ], [ [ [ 135.875, -12.375 ], [ 135.625, -12.375 ], [ 135.625, -12.125 ], [ 133.875, -12.125 ], [ 133.875, -11.875 ], [ 133.125, -11.875 ], [ 133.125, -12.375 ], [ 132.625, -12.375 ], [ 132.625, -12.625 ], [ 132.125, -12.625 ], [ 132.125, -12.875 ], [ 131.125, -12.875 ], [ 131.125, -13.125 ], [ 130.625, -13.125 ], [ 130.625, -13.375 ], [ 130.375, -13.375 ], [ 130.375, -12.875 ], [ 130.625, -12.875 ], [ 130.625, -12.625 ], [ 131.125, -12.625 ], [ 131.125, -12.375 ], [ 132.375, -12.375 ], [ 132.375, -12.125 ], [ 131.625, -12.125 ], [ 131.625, -11.875 ], [ 132.125, -11.875 ], [ 132.125, -11.625 ], [ 132.375, -11.625 ], [ 132.375, -11.375 ], [ 132.625, -11.375 ], [ 132.625, -11.125 ], [ 133.125, -11.125 ], [ 133.125, -11.375 ], [ 133.875, -11.375 ], [ 133.875, -11.625 ], [ 134.875, -11.625 ], [ 134.875, -11.875 ], [ 135.375, -11.875 ], [ 135.375, -11.625 ], [ 135.625, -11.625 ], [ 135.625, -11.875 ], [ 136.625, -11.875 ], [ 136.625, -12.125 ], [ 136.875, -12.125 ], [ 136.875, -12.375 ], [ 137.125, -12.375 ], [ 137.125, -12.625 ], [ 136.875, -12.625 ], [ 136.875, -13.125 ], [ 136.625, -13.125 ], [ 136.625, -13.375 ], [ 136.375, -13.375 ], [ 136.375, -13.625 ], [ 135.875, -13.625 ], [ 135.875, -13.125 ], [ 135.625, -13.125 ], [ 135.625, -12.875 ], [ 135.875, -12.875 ], [ 135.875, -12.375 ] ] ], [ [ [ 131.625, -11.125 ], [ 131.625, -11.375 ], [ 131.875, -11.375 ], [ 131.875, -11.625 ], [ 131.625, -11.625 ], [ 131.625, -11.875 ], [ 130.875, -11.875 ], [ 130.875, -11.375 ], [ 131.125, -11.375 ], [ 131.125, -10.875 ], [ 131.375, -10.875 ], [ 131.375, -11.125 ], [ 131.625, -11.125 ] ] ], [ [ [ 130.375, -11.125 ], [ 130.375, -10.875 ], [ 130.625, -10.875 ], [ 130.625, -11.125 ], [ 130.375, -11.125 ] ] ] ] } },
{ "type": "Feature", "properties": { "cluster_id": 15, "cohesion": 9.5177935382956154, "distances": { "1": 22.055630978430944, "2": 23.891188185531767, "3": 22.921994611754357, "4": 16.22079863085858, "5": 16.942891919996242, "6": 19.611441698268674, "7": 22.24897160389236, "8": 20.40873856044121, "9": 21.90311237690949, "10": 12.652795088904933, "11": 20.526088746688917, "12": 17.825110048466403, "13": 17.156687327537156, "14": 12.533698118449504, "16": 13.932793030680894, "17": 15.834052399414873, "18": 35.94460085069401, "19": 33.75749231761216, "20": 36.74047075249606, "21": 37.47549847086071, "22": 41.26572044765745, "23": 38.700153254678966, "24": 36.90148198915634, "25": 39.289444962666174, "26": 41.76086251109755, "27": 40.535978984843595, "28": 27.894996411820998, "29": 35.46773962017653, "30": 32.38097810528543, "31": 40.64923974045209, "32": 39.40361739054508, "33": 35.77834988479407, "34": 37.55171843460021, "35": 41.82080953619385, "36": 35.30436356911168, "37": 40.56172614203726, "38": 39.48158639014734, "39": 40.98224536199915, "40": 41.10026732743931, "41": 35.387637474093125, "42": 31.656938962893335, "43": 33.393197321698025, "44": 36.52223776532597, "45": 39.14396506814597, "46": 28.12711217965135, "47": 27.42315435443593, "48": 26.951952366606054, "49": 26.058766423283874, "50": 25.618788387193742, "51": 26.40158971736005, "52": 26.537968434465817, "53": 29.99974965678876, "54": 26.52224262048088, "55": 25.591879930330016, "56": 32.82169605161988, "57": 36.71817228043086, "58": 31.92012023767714, "59": 33.89112701087648, "60": 28.068054895363673, "61": 31.96358471478326, "62": 26.953000708278317, "63": 24.66032627872468, "64": 22.423277299368156, "65": 26.62184685147852, "66": 23.541780853899418, "67": 29.284203474771022, "68": 29.461816544988924 } }, "geometry": { "type": "MultiPolygon", "coordinates": [ [ [ [ 127.625, -14.125 ], [ 127.625, -14.375 ], [ 127.375, -14.375 ], [ 127.375, -15.125 ], [ 127.125, -15.125 ], [ 127.125, -15.625 ], [ 126.875, -15.625 ], [ 126.875, -15.875 ], [ 127.875, -15.875 ], [ 127.875, -16.125 ], [ 128.125, -16.125 ], [ 128.125, -16.375 ], [ 127.875, -16.375 ], [ 127.875, -16.625 ], [ 127.625, -16.625 ], [ 127.625, -16.125 ], [ 127.125, -16.125 ], [ 127.125, -16.375 ], [ 126.875, -16.375 ], [ 126.875, -16.625 ], [ 126.625, -16.625 ], [ 126.625, -16.875 ], [ 126.375, -16.875 ], [ 126.375, -17.125 ], [ 126.125, -17.125 ], [ 126.125, -16.875 ], [ 125.625, -16.875 ], [ 125.625, -16.625 ], [ 125.875, -16.625 ], [ 125.875, -16.125 ], [ 125.625, -16.125 ], [ 125.625, -15.875 ], [ 125.375, -15.875 ], [ 125.375, -16.125 ], [ 125.125, -16.125 ], [ 125.125, -16.375 ], [ 124.625, -16.375 ], [ 124.625, -15.625 ], [ 124.875, -15.625 ], [ 124.875, -15.375 ], [ 125.125, -15.375 ], [ 125.125, -15.125 ], [ 125.375, -15.125 ], [ 125.375, -14.875 ], [ 125.625, -14.875 ], [ 125.625, -14.625 ], [ 125.875, -14.625 ], [ 125.875, -14.375 ], [ 126.125, -14.375 ], [ 126.125, -14.125 ], [ 126.625, -14.125 ], [ 126.625, -13.875 ], [ 127.375, -13.875 ], [ 127.375, -14.125 ], [ 127.625, -14.125 ] ] ], [ [ [ 127.875, -15.625 ], [ 127.875, -15.375 ], [ 128.125, -15.375 ], [ 128.125, -15.625 ], [ 127.875, -15.625 ] ] ], [ [ [ 128.125, -15.125 ], [ 128.375, -15.125 ], [ 128.375, -15.375 ], [ 128.125, -15.375 ], [ 128.125, -15.125 ] ] ], [ [ [ 128.625, -15.125 ], [ 128.375, -15.125 ], [ 128.375, -14.875 ], [ 128.625, -14.875 ], [ 128.625, -15.125 ] ] ], [ [ [ 136.125, -13.625 ], [ 136.125, -13.875 ], [ 136.375, -13.875 ], [ 136.375, -14.125 ], [ 136.125, -14.125 ], [ 136.125, -14.375 ], [ 135.875, -14.375 ], [ 135.875, -14.875 ], [ 136.125, -14.875 ], [ 136.125, -15.125 ], [ 135.375, -15.125 ], [ 135.375, -14.875 ], [ 134.625, -14.875 ], [ 134.625, -15.125 ], [ 134.375, -15.125 ], [ 134.375, -15.375 ], [ 134.125, -15.375 ], [ 134.125, -15.625 ], [ 133.875, -15.625 ], [ 133.875, -15.375 ], [ 132.875, -15.375 ], [ 132.875, -15.125 ], [ 132.625, -15.125 ], [ 132.625, -14.625 ], [ 132.875, -14.625 ], [ 132.875, -14.375 ], [ 133.125, -14.375 ], [ 133.125, -14.125 ], [ 133.375, -14.125 ], [ 133.375, -13.875 ], [ 133.625, -13.875 ], [ 133.625, -13.625 ], [ 134.125, -13.625 ], [ 134.125, -13.375 ], [ 134.375, -13.375 ], [ 134.375, -14.125 ], [ 134.875, -14.125 ], [ 134.875, -13.875 ], [ 135.125, -13.875 ], [ 135.125, -13.625 ], [ 135.375, -13.625 ], [ 135.375, -13.375 ], [ 135.625, -13.375 ], [ 135.625, -13.125 ], [ 135.875, -13.125 ], [ 135.875, -13.625 ], [ 136.125, -13.625 ] ] ], [ [ [ 129.625, -14.125 ], [ 129.625, -14.875 ], [ 128.625, -14.875 ], [ 128.625, -14.625 ], [ 129.375, -14.625 ], [ 129.375, -14.375 ], [ 129.125, -14.375 ], [ 129.125, -14.125 ], [ 129.375, -14.125 ], [ 129.375, -13.875 ], [ 129.625, -13.875 ], [ 129.625, -13.625 ], [ 129.875, -13.625 ], [ 129.875, -14.125 ], [ 129.625, -14.125 ] ] ], [ [ [ 129.875, -13.375 ], [ 130.125, -13.375 ], [ 130.125, -13.625 ], [ 129.875, -13.625 ], [ 129.875, -13.375 ] ] ], [ [ [ 130.375, -13.375 ], [ 130.125, -13.375 ], [ 130.125, -13.125 ], [ 130.375, -13.125 ], [ 130.375, -13.375 ] ] ] ] } },
{ "type": "Feature", "properties": { "cluster_id": 16, "cohesion": 8.2306609211844854, "distances": { "1": 27.212458270500772, "2": 25.268734799484, "3": 26.26827277862725, "4": 24.52440326629251, "5": 24.042894321181286, "6": 24.180499855394782, "7": 23.379411044848993, "8": 23.435473611434784, "9": 22.336256102914298, "10": 15.075498613251183, "11": 24.527599531795737, "12": 16.766417580239093, "13": 12.737992547120971, "14": 18.86517971281787, "15": 13.932793030680894, "17": 13.837351500173765, "18": 31.012501639693415, "19": 30.6904385876454, "20": 32.410810207656, "21": 33.10320237966462, "22": 35.90071944619634, "23": 33.6516782857997, "24": 32.07677616441854, "25": 33.95306176941988, "26": 35.967823128666964, "27": 34.9427015441257, "28": 27.62312181335396, "29": 32.42119324213836, "30": 30.852297390025022, "31": 36.54396231556264, "32": 34.44120440172903, "33": 32.85365935739155, "34": 33.518103328981105, "35": 37.05128996711743, "36": 29.812973378605633, "37": 34.81181896291419, "38": 34.1143466837886, "39": 35.86150834789727, "40": 35.51802433229759, "41": 29.003166535459997, "42": 25.395541492584016, "43": 26.508819488582528, "44": 30.781030989111965, "45": 32.76055415560623, "46": 25.891203702031202, "47": 26.502445591847795, "48": 25.706436169212154, "49": 24.622383455905254, "50": 23.753525414085004, "51": 24.115147972427476, "52": 22.96729625236786, "53": 27.666480945067647, "54": 24.84761701404605, "55": 23.60020839806448, "56": 29.73147799063221, "57": 32.147489820178876, "58": 28.398396478374774, "59": 29.854262357413685, "60": 26.459281426043674, "61": 28.340439843772632, "62": 25.28062128972357, "63": 18.377257658330112, "64": 15.678458713229059, "65": 19.469727808561515, "66": 19.620582873613124, "67": 24.1754778021925, "68": 23.07941900708805 } }, "geometry": { "type": "MultiPolygon", "coordinates": [ [ [ [ 126.125, -16.875 ], [ 126.125, -17.625 ], [ 125.875, -17.625 ], [ 125.875, -17.875 ], [ 125.375, -17.875 ], [ 125.375, -17.625 ], [ 125.625, -17.625 ], [ 125.625, -16.875 ], [ 126.125, -16.875 ] ] ], [ [ [ 124.625, -16.375 ], [ 124.375, -16.375 ], [ 124.375, -16.625 ], [ 123.875, -16.625 ], [ 123.875, -17.125 ], [ 123.625, -17.125 ], [ 123.625, -17.375 ], [ 123.375, -17.375 ], [ 123.375, -17.625 ], [ 123.125, -17.625 ], [ 123.125, -17.875 ], [ 122.625, -17.875 ], [ 122.625, -17.375 ], [ 122.875, -17.375 ], [ 122.875, -17.125 ], [ 123.125, -17.125 ], [ 123.125, -16.875 ], [ 122.625, -16.875 ], [ 122.625, -17.125 ], [ 122.375, -17.125 ], [ 122.375, -18.125 ], [ 122.125, -18.125 ], [ 122.125, -17.875 ], [ 121.875, -17.875 ], [ 121.875, -17.125 ], [ 122.125, -17.125 ], [ 122.125, -16.875 ], [ 122.375, -16.875 ], [ 122.375, -16.625 ], [ 122.625, -16.625 ], [ 122.625, -16.375 ], [ 123.625, -16.375 ], [ 123.625, -16.125 ], [ 124.375, -16.125 ], [ 124.375, -15.875 ], [ 124.625, -15.875 ], [ 124.625, -16.375 ] ] ], [ [ [ 128.375, -14.625 ], [ 128.625, -14.625 ], [ 128.625, -14.875 ], [ 128.375, -14.875 ], [ 128.375, -15.125 ], [ 128.125, -15.125 ], [ 128.125, -15.375 ], [ 127.875, -15.375 ], [ 127.875, -15.875 ], [ 126.875, -15.875 ], [ 126.875, -15.625 ], [ 127.125, -15.625 ], [ 127.125, -15.125 ], [ 127.375, -15.125 ], [ 127.375, -14.375 ], [ 128.375, -14.375 ], [ 128.375, -14.625 ] ] ] ] } },
{ "type": "Feature", "properties": { "cluster_id": 17, "cohesion": 8.2888809823311895, "distances": { "1": 26.202532132898703, "2": 21.723107753138372, "3": 24.007807919899047, "4": 25.32992173699014, "5": 26.83737347302178, "6": 24.90497960255735, "7": 22.57659549436659, "8": 21.82148370373982, "9": 24.940271160318513, "10": 21.187469069865397, "11": 27.60331323988924, "12": 22.986161507472232, "13": 20.984844463957053, "14": 16.085946900114124, "15": 15.834052399414873, "16": 13.837351500173767, "18": 31.029335474095323, "19": 30.338461908696708, "20": 31.75618088649091, "21": 30.31214795469225, "22": 32.829031405670875, "23": 32.45914942402218, "24": 31.56226555852747, "25": 33.54925781043644, "26": 33.761063458276475, "27": 33.47746569796779, "28": 23.055824174917586, "29": 26.027060104447003, "30": 24.843657052439433, "31": 30.187784666831508, "32": 28.844229706048885, "33": 27.046099639726307, "34": 28.538430631691874, "35": 31.232077694990853, "36": 27.518656500067383, "37": 32.1101135691424, "38": 31.715236018825394, "39": 31.37157380720648, "40": 30.556401587879467, "41": 26.205946702575602, "42": 24.434392575867257, "43": 25.28050613985571, "44": 26.543485556423466, "45": 29.399901070805615, "46": 22.73035039205073, "47": 22.04552246980972, "48": 22.017381332297877, "49": 22.76472839812748, "50": 22.260216505957573, "51": 25.598554390709214, "52": 22.869951476881987, "53": 28.803920285578666, "54": 24.011734004905254, "55": 25.428541437826123, "56": 28.071312732090398, "57": 30.15559356570207, "58": 26.987513650424216, "59": 28.125606798269494, "60": 25.559519605992776, "61": 27.534477490784983, "62": 25.810645420510937, "63": 20.077935836801135, "64": 21.891922576680688, "65": 22.700143128667253, "66": 23.39359251384893, "67": 24.91657308128504, "68": 24.628415189843487 } }, "geometry": { "type": "MultiPolygon", "coordinates": [ [ [ [ 123.375, -16.375 ], [ 123.375, -16.125 ], [ 123.625, -16.125 ], [ 123.625, -16.375 ], [ 123.375, -16.375 ] ] ], [ [ [ 125.875, -14.625 ], [ 125.625, -14.625 ], [ 125.625, -14.875 ], [ 125.375, -14.875 ], [ 125.375, -15.125 ], [ 125.125, -15.125 ], [ 125.125, -15.375 ], [ 124.875, -15.375 ], [ 124.875, -15.625 ], [ 124.625, -15.625 ], [ 124.625, -15.875 ], [ 124.375, -15.875 ], [ 124.375, -16.125 ], [ 123.625, -16.125 ], [ 123.625, -15.875 ], [ 124.125, -15.875 ], [ 124.125, -15.625 ], [ 124.375, -15.625 ], [ 124.375, -15.375 ], [ 124.625, -15.375 ], [ 124.625, -15.125 ], [ 124.875, -15.125 ], [ 124.875, -14.625 ], [ 125.125, -14.625 ], [ 125.125, -14.375 ], [ 125.375, -14.375 ], [ 125.375, -14.125 ], [ 126.125, -14.125 ], [ 126.125, -14.375 ], [ 125.875, -14.375 ], [ 125.875, -14.625 ] ] ], [ [ [ 126.625, -14.125 ], [ 126.125, -14.125 ], [ 126.125, -13.875 ], [ 126.625, -13.875 ], [ 126.625, -14.125 ] ] ], [ [ [ 127.875, -13.875 ], [ 127.875, -14.125 ], [ 128.125, -14.125 ], [ 128.125, -14.375 ], [ 127.625, -14.375 ], [ 127.625, -14.125 ], [ 127.375, -14.125 ], [ 127.375, -13.875 ], [ 126.625, -13.875 ], [ 126.625, -13.625 ], [ 127.625, -13.625 ], [ 127.625, -13.875 ], [ 127.875, -13.875 ] ] ], [ [ [ 129.375, -13.875 ], [ 129.375, -13.625 ], [ 129.625, -13.625 ], [ 129.625, -13.875 ], [ 129.375, -13.875 ] ] ], [ [ [ 129.625, -13.375 ], [ 129.875, -13.375 ], [ 129.875, -13.625 ], [ 129.625, -13.625 ], [ 129.625, -13.375 ] ] ], [ [ [ 130.125, -12.375 ], [ 130.375, -12.375 ], [ 130.375, -11.875 ], [ 130.125, -11.875 ], [ 130.125, -11.625 ], [ 129.875, -11.625 ], [ 129.875, -11.375 ], [ 130.125, -11.375 ], [ 130.125, -11.125 ], [ 131.125, -11.125 ], [ 131.125, -11.375 ], [ 130.875, -11.375 ], [ 130.875, -11.875 ], [ 131.625, -11.875 ], [ 131.625, -12.125 ], [ 132.375, -12.125 ], [ 132.375, -12.375 ], [ 131.125, -12.375 ], [ 131.125, -12.625 ], [ 130.625, -12.625 ], [ 130.625, -12.875 ], [ 130.375, -12.875 ], [ 130.375, -13.125 ], [ 130.125, -13.125 ], [ 130.125, -13.375 ], [ 129.875, -13.375 ], [ 129.875, -12.625 ], [ 130.125, -12.625 ], [ 130.125, -12.375 ] ], [ [ 130.625, -11.875 ], [ 130.625, -12.125 ], [ 130.875, -12.125 ], [ 130.875, -11.875 ], [ 130.625, -11.875 ] ] ] ] } },
{ "type": "Feature", "properties": { "cluster_id": 18, "cohesion": 8.1220478376047449, "distances": { "1": 37.711049798453395, "2": 33.31210982008317, "3": 34.31971243646787, "4": 43.61247128959111, "5": 44.520705514592755, "6": 40.457394992891935, "7": 35.26771090725846, "8": 36.11672654150053, "9": 37.94708106420373, "10": 39.10760025234949, "11": 43.294671358623496, "12": 36.31312252240327, "13": 33.50793207541383, "14": 37.39348046349, "15": 35.944600850694, "16": 31.01250163969342, "17": 31.029335474095323, "19": 15.556044284465203, "20": 12.986827826642239, "21": 20.50471262326367, "22": 22.19669258152571, "23": 22.015981449916357, "24": 17.434758382351944, "25": 10.762680639389451, "26": 20.645840839027823, "27": 17.94250450779457, "28": 31.953846729426587, "29": 36.01318835001717, "30": 34.66979834286038, "31": 35.50412337945063, "32": 34.557906193391226, "33": 32.175190491290216, "34": 27.503528155976102, "35": 32.00350836073284, "36": 28.384310853779034, "37": 24.71178881520891, "38": 25.66864606837032, "39": 27.611877860479755, "40": 31.101217772646184, "41": 28.249684300387322, "42": 24.76749588568108, "43": 28.551106117266496, "44": 32.308800230526415, "45": 29.8499320637441, "46": 28.73823098540748, "47": 30.592081170988937, "48": 29.047899285887986, "49": 30.39528229172224, "50": 25.785818609363076, "51": 21.246422848418366, "52": 20.081509960981812, "53": 18.04714866954311, "54": 22.36895730030327, "55": 21.57644581356007, "56": 29.920219857596805, "57": 28.04351626757362, "58": 23.463390657276907, "59": 25.365036740121553, "60": 32.00595976237724, "61": 31.59215672357394, "62": 35.259041059340284, "63": 25.166095294912413, "64": 28.97619466318585, "65": 27.63053212782894, "66": 32.757763947912714, "67": 29.626001230101846, "68": 27.559581758670163 } }, "geometry": { "type": "MultiPolygon", "coordinates": [ [ [ [ 149.125, -36.375 ], [ 149.125, -36.625 ], [ 148.875, -36.625 ], [ 148.875, -36.375 ], [ 149.125, -36.375 ] ] ], [ [ [ 142.875, -34.125 ], [ 142.875, -34.875 ], [ 143.375, -34.875 ], [ 143.375, -35.125 ], [ 144.375, -35.125 ], [ 144.375, -35.375 ], [ 144.875, -35.375 ], [ 144.875, -35.625 ], [ 145.375, -35.625 ], [ 145.375, -35.875 ], [ 146.125, -35.875 ], [ 146.125, -36.375 ], [ 146.375, -36.375 ], [ 146.375, -36.125 ], [ 146.625, -36.125 ], [ 146.625, -35.875 ], [ 147.375, -35.875 ], [ 147.375, -35.625 ], [ 147.625, -35.625 ], [ 147.625, -35.375 ], [ 148.375, -35.375 ], [ 148.375, -36.375 ], [ 148.125, -36.375 ], [ 148.125, -36.625 ], [ 147.625, -36.625 ], [ 147.625, -36.875 ], [ 146.875, -36.875 ], [ 146.875, -37.125 ], [ 146.375, -37.125 ], [ 146.375, -37.375 ], [ 144.125, -37.375 ], [ 144.125, -36.875 ], [ 143.875, -36.875 ], [ 143.875, -37.125 ], [ 143.625, -37.125 ], [ 143.625, -36.625 ], [ 143.375, -36.625 ], [ 143.375, -36.375 ], [ 142.875, -36.375 ], [ 142.875, -36.125 ], [ 142.625, -36.125 ], [ 142.625, -35.375 ], [ 142.375, -35.375 ], [ 142.375, -34.125 ], [ 142.875, -34.125 ] ] ] ] } },
{ "type": "Feature", "properties": { "cluster_id": 19, "cohesion": 5.9841408639776281, "distances": { "1": 31.47181265330928, "2": 29.13788829641172, "3": 28.48972536368839, "4": 39.10267855167914, "5": 41.796206806921596, "6": 38.913046227704655, "7": 35.34921029956038, "8": 33.36190829350073, "9": 40.04361901416845, "10": 37.97647927790824, "11": 43.24579826738695, "12": 37.24132403249341, "13": 33.221703649091154, "14": 33.76940803961461, "15": 33.75749231761217, "16": 30.6904385876454, "17": 30.338461908696708, "18": 15.556044284465203, "20": 10.421145071315157, "21": 18.12494168812369, "22": 24.21063122902195, "23": 30.435801288145843, "24": 25.525482704247402, "25": 18.377749928169177, "26": 26.416389691301013, "27": 26.841413171797956, "28": 28.3525813379774, "29": 36.43236812868619, "30": 32.981547584255146, "31": 36.26745070794966, "32": 37.33704560316928, "33": 30.973310939601255, "34": 26.844624599326636, "35": 34.50822712911007, "36": 35.033452962962194, "37": 31.331307850155813, "38": 33.02618217847294, "39": 30.780759365840623, "40": 35.93180363812108, "41": 31.727481664473512, "42": 26.372811253634065, "43": 32.73042690888417, "44": 35.741294336623305, "45": 35.43830974922419, "46": 28.240640709314352, "47": 27.74596784653741, "48": 27.725497789498956, "49": 30.656783076896065, "50": 26.629052618072457, "51": 22.97841805660586, "52": 23.879824735382435, "53": 12.645548270390204, "54": 18.987832034856865, "55": 21.3690808060154, "56": 34.96267259339276, "57": 34.85430811890247, "58": 27.38307194225645, "59": 29.176504267411268, "60": 35.09338217733943, "61": 37.515655956919474, "62": 39.527463551570385, "63": 25.604009109130253, "64": 29.976628407884075, "65": 30.709883563177087, "66": 36.388966591886444, "67": 35.48441926880531, "68": 32.48543071439164 } }, "geometry": { "type": "MultiPolygon", "coordinates": [ [ [ [ 146.125, -37.375 ], [ 146.125, -37.625 ], [ 144.875, -37.625 ], [ 144.875, -37.375 ], [ 146.125, -37.375 ] ] ], [ [ [ 140.875, -36.125 ], [ 141.125, -36.125 ], [ 141.125, -36.375 ], [ 141.625, -36.375 ], [ 141.625, -36.625 ], [ 141.875, -36.625 ], [ 141.875, -36.875 ], [ 142.125, -36.875 ], [ 142.125, -37.125 ], [ 143.375, -37.125 ], [ 143.375, -37.375 ], [ 144.125, -37.375 ], [ 144.125, -37.625 ], [ 142.125, -37.625 ], [ 142.125, -37.875 ], [ 141.625, -37.875 ], [ 141.625, -38.125 ], [ 140.125, -38.125 ], [ 140.125, -37.875 ], [ 139.875, -37.875 ], [ 139.875, -37.625 ], [ 139.625, -37.625 ], [ 139.625, -37.375 ], [ 139.375, -37.375 ], [ 139.375, -36.375 ], [ 139.875, -36.375 ], [ 139.875, -35.875 ], [ 140.875, -35.875 ], [ 140.875, -36.125 ] ] ], [ [ [ 139.125, -35.375 ], [ 138.875, -35.375 ], [ 138.875, -35.625 ], [ 138.375, -35.625 ], [ 138.375, -35.125 ], [ 138.625, -35.125 ], [ 138.625, -34.875 ], [ 138.875, -34.875 ], [ 138.875, -34.625 ], [ 139.125, -34.625 ], [ 139.125, -35.375 ] ] ] ] } },
{ "type": "Feature", "properties": { "cluster_id": 20, "cohesion": 7.4570843510987563, "distances": { "1": 36.34861849804197, "2": 31.994737033743043, "3": 32.52867982488211, "4": 43.8070302474704, "5": 45.824188013749236, "6": 42.042506221456996, "7": 36.94377018967032, "8": 36.2737833865625, "9": 41.322902866244476, "10": 40.75760811531999, "11": 46.04098158068675, "12": 38.95158530041931, "13": 35.41516912085735, "14": 37.50055664207739, "15": 36.74047075249606, "16": 32.41081020765599, "17": 31.75618088649091, "18": 12.986827826642239, "19": 10.421145071315156, "21": 14.138742611842082, "22": 18.320379850327694, "23": 26.5225695860634, "24": 22.838948117716324, "25": 13.093164176174804, "26": 20.0369629343679, "27": 21.227881022587365, "28": 30.60630451074919, "29": 36.19872229186077, "30": 33.79023148557717, "31": 34.446376329036006, "32": 35.27320650999484, "33": 30.27482467268187, "34": 24.042950717311378, "35": 30.965633377134136, "36": 31.70113863120732, "37": 26.087660808752965, "38": 28.496471174561897, "39": 26.102411485287867, "40": 32.088954879894885, "41": 29.987184834968073, "42": 25.27211867424901, "43": 30.645874228453927, "44": 33.9311943699701, "45": 31.938150635615678, "46": 28.611735431978595, "47": 29.334717526023102, "48": 29.70336952584114, "49": 31.599838017883172, "50": 28.469561613067444, "51": 25.8139098917722, "52": 24.80825836143459, "53": 18.35664421995313, "54": 23.413231320190278, "55": 25.406987776841945, "56": 33.486045924999026, "57": 31.72310288925939, "58": 27.141328691475977, "59": 27.696827247189486, "60": 34.955951927832295, "61": 35.810660915350915, "62": 39.360990020152485, "63": 26.074554407881834, "64": 31.05934712856242, "65": 30.02334625562975, "66": 36.301917626414124, "67": 33.66347529847946, "68": 30.803504709693403 } }, "geometry": { "type": "Polygon", "coordinates": [ [ [ 138.125, -32.375 ], [ 138.125, -33.125 ], [ 137.875, -33.125 ], [ 137.875, -33.625 ], [ 137.625, -33.625 ], [ 137.625, -33.875 ], [ 137.375, -33.875 ], [ 137.375, -33.625 ], [ 137.125, -33.625 ], [ 137.125, -33.125 ], [ 136.625, -33.125 ], [ 136.625, -33.875 ], [ 136.375, -33.875 ], [ 136.375, -34.125 ], [ 136.125, -34.125 ], [ 136.125, -34.375 ], [ 135.875, -34.375 ], [ 135.875, -34.875 ], [ 136.125, -34.875 ], [ 136.125, -34.625 ], [ 136.375, -34.625 ], [ 136.375, -34.375 ], [ 136.625, -34.375 ], [ 136.625, -34.125 ], [ 137.125, -34.125 ], [ 137.125, -34.375 ], [ 137.375, -34.375 ], [ 137.375, -34.625 ], [ 137.625, -34.625 ], [ 137.625, -34.875 ], [ 137.875, -34.875 ], [ 137.875, -34.625 ], [ 138.125, -34.625 ], [ 138.125, -35.375 ], [ 138.375, -35.375 ], [ 138.375, -35.125 ], [ 138.625, -35.125 ], [ 138.625, -34.875 ], [ 138.875, -34.875 ], [ 138.875, -34.625 ], [ 139.125, -34.625 ], [ 139.125, -35.375 ], [ 138.875, -35.375 ], [ 138.875, -35.625 ], [ 138.625, -35.625 ], [ 138.625, -35.875 ], [ 139.125, -35.875 ], [ 139.125, -36.125 ], [ 139.375, -36.125 ], [ 139.375, -36.375 ], [ 139.875, -36.375 ], [ 139.875, -35.875 ], [ 140.875, -35.875 ], [ 140.875, -36.125 ], [ 141.125, -36.125 ], [ 141.125, -36.375 ], [ 141.625, -36.375 ], [ 141.625, -36.625 ], [ 141.875, -36.625 ], [ 141.875, -36.875 ], [ 142.125, -36.875 ], [ 142.125, -37.125 ], [ 143.375, -37.125 ], [ 143.375, -37.375 ], [ 144.125, -37.375 ], [ 144.125, -36.875 ], [ 143.875, -36.875 ], [ 143.875, -37.125 ], [ 143.625, -37.125 ], [ 143.625, -36.625 ], [ 143.375, -36.625 ], [ 143.375, -36.375 ], [ 142.875, -36.375 ], [ 142.875, -36.125 ], [ 142.625, -36.125 ], [ 142.625, -35.375 ], [ 142.375, -35.375 ], [ 142.375, -35.125 ], [ 141.875, -35.125 ], [ 141.875, -34.625 ], [ 141.625, -34.625 ], [ 141.625, -35.125 ], [ 141.375, -35.125 ], [ 141.375, -34.875 ], [ 141.125, -34.875 ], [ 141.125, -35.125 ], [ 140.125, -35.125 ], [ 140.125, -34.875 ], [ 139.625, -34.875 ], [ 139.625, -33.375 ], [ 139.875, -33.375 ], [ 139.875, -32.875 ], [ 138.375, -32.875 ], [ 138.375, -32.375 ], [ 138.125, -32.375 ] ] ] } },
{ "type": "Feature", "properties": { "cluster_id": 21, "cohesion": 7.2523532668295632, "distances": { "1": 36.8281822778166, "2": 29.722933021358333, "3": 31.826515912958758, "4": 45.214258183512605, "5": 47.44968792549479, "6": 42.37173302985396, "7": 35.78390007991737, "8": 35.097375873625424, "9": 42.10265951836101, "10": 42.28237055693588, "11": 47.49940346759702, "12": 40.569410746384605, "13": 37.449906817021834, "14": 37.7694944193998, "15": 37.47549847086071, "16": 33.10320237966463, "17": 30.312147954692247, "18": 20.50471262326367, "19": 18.124941688123688, "20": 14.138742611842083, "22": 11.558892675833428, "23": 26.45458148784521, "24": 25.491007520951417, "25": 18.855445687619618, "26": 17.058474468128626, "27": 21.80393467466099, "28": 27.534599807211134, "29": 31.234147407186956, "30": 28.935379345989276, "31": 27.259768037350828, "32": 29.99855335919379, "33": 22.873798738425116, "34": 13.627263675397732, "35": 22.40708218318415, "36": 29.087040305449964, "37": 22.098112523213604, "38": 25.46765531342686, "39": 17.72143618082398, "40": 26.34496682851281, "41": 27.13576846920262, "42": 23.180942275385256, "43": 28.934659593527694, "44": 30.249075266851086, "45": 28.560122892773805, "46": 25.58757071929047, "47": 25.94306334471232, "48": 28.387289106410574, "49": 30.00757352908569, "50": 29.51115964131279, "51": 30.9336792101134, "52": 27.63439588249268, "53": 25.817565041874225, "54": 26.6982625570379, "55": 31.08840949049775, "56": 31.813863759666475, "57": 29.468318956407394, "58": 28.00925300586607, "59": 26.339619471028563, "60": 33.63427789168026, "61": 34.65373377289353, "62": 39.259877969909574, "63": 25.568704012804098, "64": 32.814914429790214, "65": 30.492325261835695, "66": 37.12487658796356, "67": 33.3975161746652, "68": 31.11970597676552 } }, "geometry": { "type": "Polygon", "coordinates": [ [ [ 134.625, -31.375 ], [ 134.625, -31.625 ], [ 133.625, -31.625 ], [ 133.625, -31.875 ], [ 132.125, -31.875 ], [ 132.125, -32.375 ], [ 133.625, -32.375 ], [ 133.625, -32.625 ], [ 133.875, -32.625 ], [ 133.875, -33.125 ], [ 134.125, -33.125 ], [ 134.125, -33.375 ], [ 134.375, -33.375 ], [ 134.375, -33.625 ], [ 134.625, -33.625 ], [ 134.625, -33.875 ], [ 134.875, -33.875 ], [ 134.875, -34.375 ], [ 135.125, -34.375 ], [ 135.125, -34.625 ], [ 135.375, -34.625 ], [ 135.375, -34.875 ], [ 135.875, -34.875 ], [ 135.875, -34.375 ], [ 136.125, -34.375 ], [ 136.125, -34.125 ], [ 136.375, -34.125 ], [ 136.375, -33.875 ], [ 136.625, -33.875 ], [ 136.625, -33.125 ], [ 137.125, -33.125 ], [ 137.125, -33.625 ], [ 137.375, -33.625 ], [ 137.375, -33.875 ], [ 137.625, -33.875 ], [ 137.625, -33.625 ], [ 137.875, -33.625 ], [ 137.875, -33.125 ], [ 138.125, -33.125 ], [ 138.125, -32.375 ], [ 137.875, -32.375 ], [ 137.875, -32.625 ], [ 135.875, -32.625 ], [ 135.875, -32.375 ], [ 135.375, -32.375 ], [ 135.375, -32.125 ], [ 135.125, -32.125 ], [ 135.125, -31.625 ], [ 134.875, -31.625 ], [ 134.875, -31.375 ], [ 134.625, -31.375 ] ] ] } },
{ "type": "Feature", "properties": { "cluster_id": 22, "cohesion": 6.5199880090649573, "distances": { "1": 42.66383583868136, "2": 34.43591681364504, "3": 37.327435863309205, "4": 50.28942022525956, "5": 51.74353522010907, "6": 46.01487716193256, "7": 38.44452266480148, "8": 39.18567648334799, "9": 43.72773512432761, "10": 45.65662091879266, "11": 50.42263568716578, "12": 42.79066292510924, "13": 40.33064014228977, "14": 42.18865143435667, "15": 41.26572044765745, "16": 35.90071944619634, "17": 32.829031405670875, "18": 22.19669258152571, "19": 24.21063122902195, "20": 18.320379850327697, "21": 11.558892675833428, "23": 24.85585148294706, "24": 26.059966685833984, "25": 18.7418323344544, "26": 10.623892355255618, "27": 18.419370258015437, "28": 31.656772078356216, "29": 30.948077953051886, "30": 30.898860768045246, "31": 25.53395915772726, "32": 27.039638004594057, "33": 24.68799524693512, "34": 14.994120343839628, "35": 18.73491817185192, "36": 25.32335084426656, "37": 16.509134292828897, "38": 21.472252354392086, "39": 12.221266094260269, "40": 21.127474842348413, "41": 25.514432805032648, "42": 23.530229759063776, "43": 26.36818854961808, "44": 27.619104491411584, "45": 23.673372724629132, "46": 28.39762761137044, "47": 29.992251427151388, "48": 32.39864431479744, "49": 32.83645059378469, "50": 33.07889811635926, "51": 34.89146676499482, "52": 30.277627725802184, "53": 31.138720384454846, "54": 30.93439249599288, "55": 35.2138931370366, "56": 31.73567846553023, "57": 27.298268533646244, "58": 30.402101075398143, "59": 27.403101887095342, "60": 34.739536161804544, "61": 33.41779306831005, "62": 39.43397596103815, "63": 27.466089138375022, "64": 34.65693478844615, "65": 30.3034185929536, "66": 37.423889452072224, "67": 31.68635192430733, "68": 29.482023645097037 } }, "geometry": { "type": "Polygon", "coordinates": [ [ [ 134.125, -28.625 ], [ 134.125, -29.375 ], [ 133.875, -29.375 ], [ 133.875, -30.125 ], [ 133.375, -30.125 ], [ 133.375, -30.375 ], [ 133.125, -30.375 ], [ 133.125, -30.625 ], [ 132.875, -30.625 ], [ 132.875, -30.875 ], [ 133.125, -30.875 ], [ 133.125, -31.125 ], [ 133.625, -31.125 ], [ 133.625, -31.625 ], [ 134.625, -31.625 ], [ 134.625, -31.375 ], [ 134.875, -31.375 ], [ 134.875, -31.625 ], [ 135.125, -31.625 ], [ 135.125, -32.125 ], [ 135.375, -32.125 ], [ 135.375, -32.375 ], [ 135.875, -32.375 ], [ 135.875, -32.625 ], [ 137.875, -32.625 ], [ 137.875, -32.375 ], [ 138.375, -32.375 ], [ 138.375, -32.125 ], [ 138.125, -32.125 ], [ 138.125, -31.875 ], [ 137.625, -31.875 ], [ 137.625, -31.625 ], [ 137.375, -31.625 ], [ 137.375, -31.375 ], [ 137.125, -31.375 ], [ 137.125, -31.125 ], [ 136.125, -31.125 ], [ 136.125, -30.625 ], [ 135.875, -30.625 ], [ 135.875, -30.375 ], [ 135.625, -30.375 ], [ 135.625, -29.875 ], [ 135.125, -29.875 ], [ 135.125, -29.625 ], [ 134.875, -29.625 ], [ 134.875, -29.125 ], [ 134.625, -29.125 ], [ 134.625, -28.625 ], [ 134.125, -28.625 ] ] ] } },
{ "type": "Feature", "properties": { "cluster_id": 23, "cohesion": 6.9543852868113341, "distances": { "1": 42.861468109085415, "2": 35.075776381886214, "3": 38.61821198268248, "4": 48.22251775886548, "5": 47.37848585724639, "6": 40.35040560338227, "7": 31.67076235573896, "8": 36.25861020603343, "9": 34.932906314428145, "10": 41.474063683155045, "11": 43.04434801892137, "12": 36.77619388517902, "13": 36.8687586995237, "14": 41.194220029680714, "15": 38.700153254678966, "16": 33.6516782857997, "17": 32.45914942402217, "18": 22.015981449916357, "19": 30.435801288145843, "20": 26.522569586063398, "21": 26.454581487845207, "22": 24.855851482947067, "24": 13.305251535500881, "25": 19.71741965289629, "26": 20.091933544075754, "27": 13.061726264546863, "28": 35.50015077170236, "29": 35.501322449590745, "30": 35.77211526504429, "31": 34.63655934600841, "32": 32.56275187350108, "33": 32.113133294289945, "34": 27.876387766864617, "35": 28.89878903128085, "36": 21.166242467877588, "37": 17.81240607534516, "38": 13.491881635820485, "39": 24.529726336756188, "40": 27.052751779422138, "41": 26.322626837602805, "42": 25.6013532909473, "43": 28.00378650242525, "44": 30.374597946562265, "45": 26.804999719627503, "46": 26.28544323706171, "47": 30.572137390466246, "48": 28.49887118616774, "49": 26.816748009573686, "50": 25.800938051698473, "51": 28.64052221758372, "52": 22.75743905388507, "53": 32.82748451679253, "54": 31.833302169295578, "55": 31.973181547424517, "56": 17.068210340048545, "57": 13.670312189610499, "58": 19.185276653398294, "59": 16.99918838773219, "60": 23.404349647177373, "61": 20.942769730024498, "62": 28.425509930983523, "63": 27.684265108976476, "64": 32.345000820019536, "65": 28.654949074839987, "66": 30.224843044255806, "67": 24.683260840149277, "68": 26.403776809416915 } }, "geometry": { "type": "Polygon", "coordinates": [ [ [ 142.625, -28.125 ], [ 142.625, -28.375 ], [ 142.125, -28.375 ], [ 142.125, -28.625 ], [ 141.625, -28.625 ], [ 141.625, -28.375 ], [ 140.375, -28.375 ], [ 140.375, -29.125 ], [ 140.625, -29.125 ], [ 140.625, -29.375 ], [ 141.125, -29.375 ], [ 141.125, -29.625 ], [ 141.375, -29.625 ], [ 141.375, -29.875 ], [ 141.875, -29.875 ], [ 141.875, -30.375 ], [ 142.375, -30.375 ], [ 142.375, -30.625 ], [ 142.625, -30.625 ], [ 142.625, -30.875 ], [ 143.625, -30.875 ], [ 143.625, -30.625 ], [ 143.875, -30.625 ], [ 143.875, -30.875 ], [ 144.625, -30.875 ], [ 144.625, -31.375 ], [ 145.875, -31.375 ], [ 145.875, -31.125 ], [ 145.625, -31.125 ], [ 145.625, -30.875 ], [ 145.375, -30.875 ], [ 145.375, -30.625 ], [ 145.125, -30.625 ], [ 145.125, -30.125 ], [ 145.625, -30.125 ], [ 145.625, -30.375 ], [ 146.125, -30.375 ], [ 146.125, -29.625 ], [ 145.875, -29.625 ], [ 145.875, -29.125 ], [ 145.125, -29.125 ], [ 145.125, -28.875 ], [ 144.875, -28.875 ], [ 144.875, -28.375 ], [ 144.375, -28.375 ], [ 144.375, -28.625 ], [ 143.625, -28.625 ], [ 143.625, -28.875 ], [ 143.375, -28.875 ], [ 143.375, -28.625 ], [ 143.125, -28.625 ], [ 143.125, -28.125 ], [ 142.625, -28.125 ] ] ] } },
{ "type": "Feature", "properties": { "cluster_id": 24, "cohesion": 9.288953491125346, "distances": { "1": 40.63612392067547, "2": 33.84413280688843, "3": 36.83739989509912, "4": 45.59103447819431, "5": 45.222002481287255, "6": 39.41137069226079, "7": 31.983628073458107, "8": 35.16277960716114, "9": 35.91365782040669, "10": 39.867159176356985, "11": 42.56331980658805, "12": 36.218082586023975, "13": 35.15254040802744, "14": 39.174976118306105, "15": 36.901481989156345, "16": 32.07677616441855, "17": 31.562265558527468, "18": 17.434758382351944, "19": 25.525482704247402, "20": 22.838948117716324, "21": 25.49100752095141, "22": 26.059966685833984, "23": 13.30525153550088, "25": 16.836887167337196, "26": 22.82907764706994, "27": 16.902940728447202, "28": 34.72757904637372, "29": 36.54709657439136, "30": 36.20995638239526, "31": 36.47449556509211, "32": 34.631009440440494, "33": 33.20117477291844, "34": 28.8831011314981, "35": 31.81700163222901, "36": 25.943052333930183, "37": 22.940795498226098, "38": 21.057494032851753, "39": 27.584887692305923, "40": 30.487311189849535, "41": 27.024939823938467, "42": 25.26885971468434, "43": 29.19133224652145, "44": 31.865996981844543, "45": 29.64417323580402, "46": 25.35527198719263, "47": 29.418892586582952, "48": 25.569332169642635, "49": 25.26633750738452, "50": 21.982974538647788, "51": 22.58180824533794, "52": 18.33886535784353, "53": 27.223814001491856, "54": 28.585336095054387, "55": 26.646907824624552, "56": 22.227042174137587, "57": 21.342923560332736, "58": 15.11317277320655, "59": 16.129166668527244, "60": 26.00881322089685, "61": 26.347477485250913, "62": 31.588468036363206, "63": 26.59467694080718, "64": 31.052983299614553, "65": 28.709317365379253, "66": 31.51019707546476, "67": 27.774756935964067, "68": 27.948676517727247 } }, "geometry": { "type": "Polygon", "coordinates": [ [ [ 145.875, -29.125 ], [ 145.875, -29.625 ], [ 146.125, -29.625 ], [ 146.125, -30.375 ], [ 145.625, -30.375 ], [ 145.625, -30.125 ], [ 145.125, -30.125 ], [ 145.125, -30.625 ], [ 145.375, -30.625 ], [ 145.375, -30.875 ], [ 145.625, -30.875 ], [ 145.625, -31.125 ], [ 145.875, -31.125 ], [ 145.875, -31.375 ], [ 144.625, -31.375 ], [ 144.625, -30.875 ], [ 143.875, -30.875 ], [ 143.875, -30.625 ], [ 143.625, -30.625 ], [ 143.625, -31.625 ], [ 144.125, -31.625 ], [ 144.125, -32.375 ], [ 144.625, -32.375 ], [ 144.625, -32.625 ], [ 144.875, -32.625 ], [ 144.875, -32.875 ], [ 145.125, -32.875 ], [ 145.125, -33.125 ], [ 145.375, -33.125 ], [ 145.375, -33.625 ], [ 145.625, -33.625 ], [ 145.625, -33.875 ], [ 146.125, -33.875 ], [ 146.125, -35.375 ], [ 146.375, -35.375 ], [ 146.375, -35.625 ], [ 146.625, -35.625 ], [ 146.625, -35.875 ], [ 147.375, -35.875 ], [ 147.375, -35.625 ], [ 147.625, -35.625 ], [ 147.625, -35.375 ], [ 148.125, -35.375 ], [ 148.125, -35.125 ], [ 147.875, -35.125 ], [ 147.875, -34.875 ], [ 148.625, -34.875 ], [ 148.625, -34.625 ], [ 148.875, -34.625 ], [ 148.875, -34.375 ], [ 149.125, -34.375 ], [ 149.125, -33.375 ], [ 148.875, -33.375 ], [ 148.875, -33.125 ], [ 148.625, -33.125 ], [ 148.625, -32.875 ], [ 148.375, -32.875 ], [ 148.375, -31.625 ], [ 148.625, -31.625 ], [ 148.625, -31.375 ], [ 148.125, -31.375 ], [ 148.125, -30.875 ], [ 147.875, -30.875 ], [ 147.875, -30.375 ], [ 147.625, -30.375 ], [ 147.625, -29.875 ], [ 147.125, -29.875 ], [ 147.125, -29.625 ], [ 146.875, -29.625 ], [ 146.875, -29.375 ], [ 146.625, -29.375 ], [ 146.625, -29.125 ], [ 145.875, -29.125 ] ] ] } },
{ "type": "Feature", "properties": { "cluster_id": 25, "cohesion": 8.0317427427671362, "distances": { "1": 41.38529953404567, "2": 35.71578028309697, "3": 37.3478541063259, "4": 47.7891723434192, "5": 48.55170768220118, "6": 43.8448922528236, "7": 37.490781705162966, "8": 38.90041238648864, "9": 40.690136696027295, "10": 42.606296217709954, "11": 46.92300340071243, "12": 39.34544519693304, "13": 36.845875202229955, "14": 41.05297725894118, "15": 39.289444962666174, "16": 33.95306176941988, "17": 33.54925781043644, "18": 10.762680639389451, "19": 18.377749928169177, "20": 13.093164176174804, "21": 18.855445687619614, "22": 18.741832334454397, "23": 19.71741965289629, "24": 16.836887167337196, "26": 16.351065552569864, "27": 14.008120383903458, "28": 34.48933589939442, "29": 37.17338671036127, "30": 36.33006198198813, "31": 35.27042309609828, "32": 34.49665331753375, "33": 32.65323916447472, "34": 26.468847544987426, "35": 30.445863619467627, "36": 27.667470317479637, "37": 21.57302331216804, "38": 23.163496679087345, "39": 25.058872343882904, "40": 29.635538179125938, "41": 28.55767468149648, "42": 25.44459114480131, "43": 28.884154549702917, "44": 32.61360595286151, "45": 28.933165282781978, "46": 29.638159081933654, "47": 32.153071512052676, "48": 31.43218795246117, "49": 31.994670700530246, "50": 28.839231885892897, "51": 26.353361203443473, "52": 23.664610093324914, "53": 23.389153429986944, "54": 27.172253360952926, "55": 27.38298905609825, "56": 30.10616371573132, "57": 26.884315671963833, "58": 24.972606032705947, "59": 25.122931532661646, "60": 33.18990685882528, "61": 32.03072430908788, "62": 37.03853764180704, "63": 27.17749960295824, "64": 31.708836940711432, "65": 29.110217735164834, "66": 34.73047859537687, "67": 30.40611476643127, "68": 28.41703745102182 } }, "geometry": { "type": "Polygon", "coordinates": [ [ [ 139.125, -30.375 ], [ 139.125, -30.625 ], [ 138.875, -30.625 ], [ 138.875, -31.375 ], [ 138.625, -31.375 ], [ 138.625, -32.125 ], [ 138.375, -32.125 ], [ 138.375, -32.875 ], [ 139.875, -32.875 ], [ 139.875, -33.375 ], [ 139.625, -33.375 ], [ 139.625, -34.875 ], [ 140.125, -34.875 ], [ 140.125, -35.125 ], [ 141.125, -35.125 ], [ 141.125, -34.875 ], [ 141.375, -34.875 ], [ 141.375, -35.125 ], [ 141.625, -35.125 ], [ 141.625, -34.625 ], [ 141.875, -34.625 ], [ 141.875, -35.125 ], [ 142.375, -35.125 ], [ 142.375, -34.125 ], [ 142.875, -34.125 ], [ 142.875, -34.875 ], [ 143.375, -34.875 ], [ 143.375, -35.125 ], [ 144.375, -35.125 ], [ 144.375, -35.375 ], [ 144.875, -35.375 ], [ 144.875, -35.625 ], [ 145.375, -35.625 ], [ 145.375, -35.875 ], [ 146.125, -35.875 ], [ 146.125, -36.375 ], [ 146.375, -36.375 ], [ 146.375, -36.125 ], [ 146.625, -36.125 ], [ 146.625, -35.625 ], [ 146.375, -35.625 ], [ 146.375, -35.375 ], [ 146.125, -35.375 ], [ 146.125, -33.875 ], [ 145.625, -33.875 ], [ 145.625, -33.625 ], [ 145.375, -33.625 ], [ 145.375, -33.125 ], [ 145.125, -33.125 ], [ 145.125, -32.875 ], [ 144.875, -32.875 ], [ 144.875, -32.625 ], [ 144.625, -32.625 ], [ 144.625, -32.375 ], [ 144.125, -32.375 ], [ 144.125, -32.625 ], [ 143.625, -32.625 ], [ 143.625, -32.375 ], [ 143.375, -32.375 ], [ 143.375, -32.125 ], [ 143.125, -32.125 ], [ 143.125, -31.875 ], [ 142.875, -31.875 ], [ 142.875, -31.625 ], [ 142.125, -31.625 ], [ 142.125, -31.875 ], [ 141.375, -31.875 ], [ 141.375, -32.125 ], [ 140.875, -32.125 ], [ 140.875, -32.375 ], [ 139.375, -32.375 ], [ 139.375, -32.125 ], [ 139.125, -32.125 ], [ 139.125, -31.125 ], [ 139.375, -31.125 ], [ 139.375, -30.375 ], [ 139.125, -30.375 ] ] ] } },
{ "type": "Feature", "properties": { "cluster_id": 26, "cohesion": 6.0382654929360893, "distances": { "1": 44.73080155149567, "2": 36.91072574007541, "3": 39.68260852606993, "4": 51.47329562610667, "5": 52.10032305038791, "6": 46.32610398296247, "7": 38.47639741269489, "8": 40.5653859161262, "9": 42.0496192218765, "10": 45.50166896397647, "11": 49.60293788692205, "12": 41.52278944726959, "13": 39.80758325646258, "14": 43.49235628038802, "15": 41.76086251109755, "16": 35.96782312866695, "17": 33.76106345827648, "18": 20.645840839027823, "19": 26.416389691301013, "20": 20.036962934367896, "21": 17.058474468128622, "22": 10.623892355255618, "23": 20.091933544075754, "24": 22.829077647069937, "25": 16.351065552569867, "27": 12.639666271380115, "28": 34.60477585565076, "29": 33.12404792273676, "30": 33.896910632240456, "31": 28.893481619289705, "32": 28.25731673900513, "33": 28.788633204909925, "34": 20.924122677273502, "35": 21.853245644498603, "36": 21.708648838840244, "37": 11.53048131677392, "38": 16.333925293824528, "39": 14.382308284351252, "40": 20.962335411830924, "41": 25.190315391567548, "42": 23.84678658614757, "43": 25.05015378308801, "44": 27.6914905323598, "45": 21.89260212239313, "46": 29.705159015099063, "47": 32.49148620514659, "48": 33.76250957499426, "49": 33.19919474025421, "50": 32.88032770865994, "51": 33.989661005510975, "52": 28.893306136817383, "53": 32.02341358245501, "54": 31.87343841592519, "55": 34.82043907475591, "56": 29.061657934596063, "57": 23.153780193921495, "58": 29.021676254424847, "59": 26.008713792892106, "60": 33.199675827595954, "61": 29.867978288043115, "62": 36.76315866731728, "63": 27.6076479454826, "64": 33.69320331108669, "65": 28.651715263368427, "66": 34.94515752863249, "67": 28.162708741863447, "68": 26.534248197637133 } }, "geometry": { "type": "Polygon", "coordinates": [ [ [ 134.625, -27.375 ], [ 134.625, -27.875 ], [ 134.375, -27.875 ], [ 134.375, -28.625 ], [ 134.625, -28.625 ], [ 134.625, -29.125 ], [ 134.875, -29.125 ], [ 134.875, -29.625 ], [ 135.125, -29.625 ], [ 135.125, -29.875 ], [ 135.625, -29.875 ], [ 135.625, -30.375 ], [ 135.875, -30.375 ], [ 135.875, -30.625 ], [ 136.125, -30.625 ], [ 136.125, -31.125 ], [ 137.125, -31.125 ], [ 137.125, -31.375 ], [ 137.375, -31.375 ], [ 137.375, -31.625 ], [ 137.625, -31.625 ], [ 137.625, -31.875 ], [ 138.125, -31.875 ], [ 138.125, -32.125 ], [ 138.375, -32.125 ], [ 138.375, -31.375 ], [ 138.125, -31.375 ], [ 138.125, -30.375 ], [ 138.375, -30.375 ], [ 138.375, -29.875 ], [ 137.625, -29.875 ], [ 137.625, -29.625 ], [ 137.375, -29.625 ], [ 137.375, -28.875 ], [ 137.125, -28.875 ], [ 137.125, -28.625 ], [ 136.875, -28.625 ], [ 136.875, -28.375 ], [ 136.625, -28.375 ], [ 136.625, -28.125 ], [ 135.875, -28.125 ], [ 135.875, -27.625 ], [ 135.375, -27.625 ], [ 135.375, -27.375 ], [ 134.625, -27.375 ] ] ] } },
{ "type": "Feature", "properties": { "cluster_id": 27, "cohesion": 7.8134263885890949, "distances": { "1": 44.3690013911767, "2": 37.0364399207442, "3": 39.90796443875551, "4": 50.196456988997674, "5": 50.06549833860148, "6": 44.00313903037486, "7": 36.176600765151385, "8": 39.462781491890155, "9": 38.70779503305335, "10": 43.67617920700495, "11": 46.5255302276246, "12": 39.24798110176332, "13": 38.379767192497006, "14": 42.67125248136824, "15": 40.5359789848436, "16": 34.94270154412569, "17": 33.477465697967794, "18": 17.94250450779457, "19": 26.841413171797956, "20": 21.22788102258737, "21": 21.80393467466099, "22": 18.419370258015437, "23": 13.061726264546861, "24": 16.902940728447202, "25": 14.008120383903456, "26": 12.639666271380115, "28": 35.26212642656508, "29": 35.01435122331363, "30": 35.36380102104348, "31": 32.65076793584202, "32": 31.087752946475653, "33": 31.186941843161186, "34": 25.433268550617022, "35": 26.413953150076185, "36": 21.126752268428547, "37": 14.225504472869702, "38": 14.082016501725768, "39": 20.9088888280556, "40": 24.49705789201529, "41": 26.465584459821873, "42": 25.466773838207605, "43": 26.75374393337845, "44": 29.65365284098037, "45": 24.460558275591055, "46": 29.324853762904393, "47": 32.74148942307722, "48": 32.06051706457048, "49": 31.469784013986697, "50": 29.646176815888847, "51": 30.26825187530719, "52": 25.17007959604285, "53": 30.943092331036915, "54": 31.314018259526065, "55": 32.21925824208541, "56": 24.433290635490895, "57": 18.862182131644982, "58": 24.426035638336867, "59": 23.06878724157273, "60": 29.59282457288902, "61": 25.72635055385134, "62": 32.74855204467067, "63": 28.174871484555975, "64": 32.985356448186984, "65": 28.674841731177313, "66": 32.49396512719889, "67": 25.972387769283035, "68": 26.035213671583264 } }, "geometry": { "type": "Polygon", "coordinates": [ [ [ 137.625, -28.625 ], [ 137.625, -29.125 ], [ 137.875, -29.125 ], [ 137.875, -29.375 ], [ 138.125, -29.375 ], [ 138.125, -29.625 ], [ 138.375, -29.625 ], [ 138.375, -30.375 ], [ 138.125, -30.375 ], [ 138.125, -31.375 ], [ 138.375, -31.375 ], [ 138.375, -32.125 ], [ 138.625, -32.125 ], [ 138.625, -31.375 ], [ 138.875, -31.375 ], [ 138.875, -30.625 ], [ 139.125, -30.625 ], [ 139.125, -30.375 ], [ 139.375, -30.375 ], [ 139.375, -31.125 ], [ 139.125, -31.125 ], [ 139.125, -32.125 ], [ 139.375, -32.125 ], [ 139.375, -32.375 ], [ 140.875, -32.375 ], [ 140.875, -32.125 ], [ 141.375, -32.125 ], [ 141.375, -31.875 ], [ 142.125, -31.875 ], [ 142.125, -31.625 ], [ 142.875, -31.625 ], [ 142.875, -31.875 ], [ 143.125, -31.875 ], [ 143.125, -32.125 ], [ 143.375, -32.125 ], [ 143.375, -32.375 ], [ 143.625, -32.375 ], [ 143.625, -32.625 ], [ 144.125, -32.625 ], [ 144.125, -31.625 ], [ 143.625, -31.625 ], [ 143.625, -30.875 ], [ 142.625, -30.875 ], [ 142.625, -30.625 ], [ 142.375, -30.625 ], [ 142.375, -30.375 ], [ 141.875, -30.375 ], [ 141.875, -29.875 ], [ 141.375, -29.875 ], [ 141.375, -29.625 ], [ 140.375, -29.625 ], [ 140.375, -29.375 ], [ 140.125, -29.375 ], [ 140.125, -29.125 ], [ 139.375, -29.125 ], [ 139.375, -29.375 ], [ 138.625, -29.375 ], [ 138.625, -29.125 ], [ 138.375, -29.125 ], [ 138.375, -28.875 ], [ 137.875, -28.875 ], [ 137.875, -28.625 ], [ 137.625, -28.625 ] ] ] } },
{ "type": "Feature", "properties": { "cluster_id": 28, "cohesion": 8.7314838671739263, "distances": { "1": 27.14337635070867, "2": 23.513519482134058, "3": 24.541024819758732, "4": 32.125889657160556, "5": 34.57557781120832, "6": 30.797846156704836, "7": 28.016742000793453, "8": 26.135879044808526, "9": 33.88549344450621, "10": 33.02272019271419, "11": 35.79916752458324, "12": 33.96456162624213, "13": 32.04727526093667, "14": 26.14719458895143, "15": 27.894996411820994, "16": 27.62312181335396, "17": 23.055824174917586, "18": 31.953846729426584, "19": 28.352581337977394, "20": 30.60630451074919, "21": 27.534599807211134, "22": 31.656772078356216, "23": 35.500150771702344, "24": 34.72757904637372, "25": 34.48933589939442, "26": 34.60477585565076, "27": 35.26212642656508, "29": 20.208921693947794, "30": 13.052076540307219, "31": 24.44854444905957, "32": 27.969547763248322, "33": 17.62438239712667, "34": 23.932673045570805, "35": 28.95111103510993, "36": 33.01590192736573, "37": 34.425575242695245, "38": 34.56672879474673, "39": 30.90777036706495, "40": 32.39489382642072, "41": 30.43522730997615, "42": 27.65768452345483, "43": 31.730592097269415, "44": 29.52808063466381, "45": 33.98682559477409, "46": 26.37003327129807, "47": 23.819964814614234, "48": 24.990066890637838, "49": 28.126167823444145, "50": 26.154041653279034, "51": 28.874648069195164, "52": 27.09266274064555, "53": 28.566034043998854, "54": 23.53712920733998, "55": 27.965983217933704, "56": 31.937846219088645, "57": 33.68965907559181, "58": 30.39924755302188, "59": 31.91413675793041, "60": 30.348069302527524, "61": 33.46137464134305, "62": 33.64434410348477, "63": 25.100905280043197, "64": 31.200398511524245, "65": 31.600353832145654, "66": 33.753553075853894, "67": 33.568053330354594, "68": 33.410466954166914 } }, "geometry": { "type": "MultiPolygon", "coordinates": [ [ [ [ 125.375, -33.125 ], [ 124.875, -33.125 ], [ 124.875, -33.375 ], [ 124.375, -33.375 ], [ 124.375, -33.625 ], [ 124.125, -33.625 ], [ 124.125, -33.875 ], [ 123.875, -33.875 ], [ 123.875, -34.125 ], [ 123.625, -34.125 ], [ 123.625, -34.375 ], [ 122.125, -34.375 ], [ 122.125, -34.125 ], [ 120.875, -34.125 ], [ 120.875, -34.375 ], [ 119.625, -34.375 ], [ 119.625, -34.625 ], [ 119.375, -34.625 ], [ 119.375, -34.875 ], [ 118.625, -34.875 ], [ 118.625, -35.125 ], [ 118.375, -35.125 ], [ 118.375, -35.375 ], [ 116.125, -35.375 ], [ 116.125, -35.125 ], [ 115.875, -35.125 ], [ 115.875, -34.875 ], [ 115.625, -34.875 ], [ 115.625, -34.625 ], [ 115.125, -34.625 ], [ 115.125, -34.375 ], [ 114.875, -34.375 ], [ 114.875, -34.125 ], [ 115.375, -34.125 ], [ 115.375, -34.375 ], [ 115.875, -34.375 ], [ 115.875, -34.125 ], [ 118.125, -34.125 ], [ 118.125, -33.875 ], [ 118.875, -33.875 ], [ 118.875, -33.625 ], [ 119.375, -33.625 ], [ 119.375, -33.375 ], [ 119.875, -33.375 ], [ 119.875, -32.875 ], [ 121.125, -32.875 ], [ 121.125, -33.125 ], [ 121.875, -33.125 ], [ 121.875, -32.875 ], [ 122.375, -32.875 ], [ 122.375, -32.625 ], [ 125.375, -32.625 ], [ 125.375, -33.125 ] ] ], [ [ [ 125.375, -32.375 ], [ 125.625, -32.375 ], [ 125.625, -32.625 ], [ 125.375, -32.625 ], [ 125.375, -32.375 ] ] ] ] } },
{ "type": "Feature", "properties": { "cluster_id": 29, "cohesion": 6.9985339404739557, "distances": { "1": 38.61652943866565, "2": 30.414386810222908, "3": 34.638136650223075, "4": 42.445957341667935, "5": 43.39053584359431, "6": 37.67993220728056, "7": 32.362034717472476, "8": 33.02685358143547, "9": 37.38143867871751, "10": 40.01284562733237, "11": 41.85185459461975, "12": 38.7907683805147, "13": 37.66308904842504, "14": 34.5535769074571, "15": 35.46773962017654, "16": 32.42119324213836, "17": 26.027060104447003, "18": 36.01318835001716, "19": 36.43236812868619, "20": 36.198722291860776, "21": 31.234147407186956, "22": 30.948077953051882, "23": 35.501322449590745, "24": 36.54709657439136, "25": 37.17338671036128, "26": 33.12404792273676, "27": 35.01435122331364, "28": 20.208921693947794, "30": 13.325705795875, "31": 14.433990370450504, "32": 14.030268652541588, "33": 17.857216589243674, "34": 24.296669522170788, "35": 21.54426188105933, "36": 27.780063609867735, "37": 30.790772904364424, "38": 31.791585333013625, "39": 26.443186352294873, "40": 22.57011836061362, "41": 23.396754331549733, "42": 26.830937018037453, "43": 25.066634664950143, "44": 17.44482934223265, "45": 24.261608126029213, "46": 28.732917496849137, "47": 27.850792103274625, "48": 28.796747772785384, "49": 31.08411978469202, "50": 30.652457057906446, "51": 35.378703164481124, "52": 30.904364888775774, "53": 37.22091572491462, "54": 30.570488074093564, "55": 35.24413034499658, "56": 32.15182007022886, "57": 31.811287981851645, "58": 32.85466143416396, "59": 32.4873020513864, "60": 32.18449662315138, "61": 32.006258946776995, "62": 34.340942719981314, "63": 28.0032101352602, "64": 34.72351092262644, "65": 31.227344167999888, "66": 34.97957048856475, "67": 31.42585201648035, "68": 31.166523318234958 } }, "geometry": { "type": "Polygon", "coordinates": [ [ [ 118.375, -30.125 ], [ 118.375, -30.375 ], [ 118.125, -30.375 ], [ 118.125, -30.625 ], [ 117.875, -30.625 ], [ 117.875, -30.875 ], [ 116.375, -30.875 ], [ 116.375, -30.625 ], [ 115.625, -30.625 ], [ 115.625, -30.375 ], [ 115.375, -30.375 ], [ 115.375, -30.625 ], [ 115.125, -30.625 ], [ 115.125, -30.875 ], [ 114.875, -30.875 ], [ 114.875, -31.125 ], [ 115.125, -31.125 ], [ 115.125, -31.375 ], [ 115.375, -31.375 ], [ 115.375, -33.375 ], [ 115.625, -33.375 ], [ 115.625, -33.125 ], [ 117.875, -33.125 ], [ 117.875, -32.875 ], [ 119.625, -32.875 ], [ 119.625, -32.375 ], [ 119.875, -32.375 ], [ 119.875, -32.125 ], [ 120.375, -32.125 ], [ 120.375, -31.625 ], [ 120.625, -31.625 ], [ 120.625, -31.375 ], [ 120.875, -31.375 ], [ 120.875, -31.125 ], [ 121.625, -31.125 ], [ 121.625, -30.875 ], [ 121.125, -30.875 ], [ 121.125, -30.625 ], [ 120.375, -30.625 ], [ 120.375, -30.375 ], [ 119.625, -30.375 ], [ 119.625, -30.125 ], [ 118.375, -30.125 ] ] ] } },
{ "type": "Feature", "properties": { "cluster_id": 30, "cohesion": 9.3878597748048289, "distances": { "1": 33.31743331578965, "2": 26.78620880317849, "3": 29.78160045108005, "4": 37.96301038377652, "5": 39.71353016008982, "6": 34.62000178707455, "7": 30.273129128314345, "8": 29.64905393399975, "9": 36.30161796289335, "10": 37.38504738633999, "11": 39.53790860933923, "12": 37.39983576245754, "13": 36.00749709530005, "14": 30.869156498971506, "15": 32.38097810528542, "16": 30.852297390025022, "17": 24.843657052439433, "18": 34.66979834286038, "19": 32.98154758425513, "20": 33.79023148557717, "21": 28.935379345989276, "22": 30.898860768045243, "23": 35.77211526504429, "24": 36.20995638239527, "25": 36.33006198198813, "26": 33.896910632240456, "27": 35.36380102104348, "28": 13.052076540307219, "29": 13.325705795875002, "31": 17.36938481083011, "32": 21.43314777271372, "33": 14.237426013304884, "34": 22.38505109371503, "35": 23.919711420387443, "36": 30.877102957408383, "37": 32.67851196762142, "38": 33.23815871474229, "39": 28.015710750380148, "40": 27.44930425809406, "41": 27.81722783547722, "42": 27.76305897861829, "43": 29.592945730723795, "44": 24.703012766021317, "45": 29.99097228047623, "46": 27.385817394964153, "47": 25.49158180435292, "48": 27.03541375896958, "49": 29.7642133590189, "50": 28.989725229304895, "51": 33.219493431085304, "52": 29.842414884689784, "53": 33.94561245513801, "54": 27.871470114263797, "55": 32.78152162061496, "56": 32.13135014645838, "57": 32.851966028850164, "58": 32.12178560701298, "59": 32.49038920848262, "60": 31.402758661309477, "61": 33.10787237895496, "62": 34.50425793016885, "63": 27.313208757728393, "64": 34.223694387155575, "65": 32.6456588019351, "66": 35.35647401228267, "67": 33.388833008592265, "68": 33.50805209330961 } }, "geometry": { "type": "Polygon", "coordinates": [ [ [ 120.875, -31.125 ], [ 120.875, -31.375 ], [ 120.625, -31.375 ], [ 120.625, -31.625 ], [ 120.375, -31.625 ], [ 120.375, -32.125 ], [ 119.875, -32.125 ], [ 119.875, -32.375 ], [ 119.625, -32.375 ], [ 119.625, -32.875 ], [ 117.875, -32.875 ], [ 117.875, -33.125 ], [ 115.625, -33.125 ], [ 115.625, -33.375 ], [ 115.125, -33.375 ], [ 115.125, -33.625 ], [ 114.875, -33.625 ], [ 114.875, -33.875 ], [ 114.625, -33.875 ], [ 114.625, -34.125 ], [ 115.375, -34.125 ], [ 115.375, -34.375 ], [ 115.875, -34.375 ], [ 115.875, -34.125 ], [ 118.125, -34.125 ], [ 118.125, -33.875 ], [ 118.875, -33.875 ], [ 118.875, -33.625 ], [ 119.375, -33.625 ], [ 119.375, -33.375 ], [ 119.875, -33.375 ], [ 119.875, -32.875 ], [ 121.125, -32.875 ], [ 121.125, -33.125 ], [ 121.875, -33.125 ], [ 121.875, -32.875 ], [ 122.375, -32.875 ], [ 122.375, -32.625 ], [ 125.375, -32.625 ], [ 125.375, -32.375 ], [ 125.875, -32.375 ], [ 125.875, -32.125 ], [ 126.375, -32.125 ], [ 126.375, -31.875 ], [ 126.875, -31.875 ], [ 126.875, -31.625 ], [ 125.125, -31.625 ], [ 125.125, -31.875 ], [ 123.625, -31.875 ], [ 123.625, -31.625 ], [ 123.125, -31.625 ], [ 123.125, -31.375 ], [ 121.625, -31.375 ], [ 121.625, -31.125 ], [ 120.875, -31.125 ] ] ] } },
{ "type": "Feature", "properties": { "cluster_id": 31, "cohesion": 6.5547076073281518, "distances": { "1": 43.0253704496918, "2": 33.40488195076963, "3": 38.02983278034179, "4": 48.577409907828645, "5": 49.92052436572203, "6": 43.64164424342401, "7": 36.857037697567876, "8": 37.50615769941535, "9": 43.071606958105406, "10": 45.514512520963955, "11": 48.56883504415753, "12": 44.09290182831641, "13": 42.28364057255709, "14": 40.05527419477387, "15": 40.64923974045209, "16": 36.54396231556264, "17": 30.1877846668315, "18": 35.50412337945063, "19": 36.26745070794967, "20": 34.446376329036006, "21": 27.259768037350828, "22": 25.53395915772726, "23": 34.636559346008404, "24": 36.47449556509212, "25": 35.27042309609828, "26": 28.89348161928971, "27": 32.65076793584202, "28": 24.44854444905957, "29": 14.433990370450504, "30": 17.369384810830113, "32": 12.673802438491228, "33": 13.463243370784621, "34": 18.3939855407122, "35": 13.386822625966014, "36": 27.84654828641477, "37": 27.402764896585946, "38": 29.717539967235233, "39": 20.501735275167565, "40": 17.481439928999908, "41": 23.184354347296484, "42": 26.145883708283787, "43": 25.756120912130072, "44": 18.757978462093728, "45": 22.382966178135227, "46": 29.937729678815227, "47": 29.675455331658576, "48": 32.12043414722166, "49": 33.80957391930842, "50": 34.546022412771265, "51": 39.38535502991729, "52": 34.22738751926941, "53": 39.408593331105365, "54": 34.107891208471166, "55": 39.4033335994948, "56": 33.98983633612378, "57": 31.841787337728118, "58": 34.888532749872745, "59": 32.99182943292825, "60": 35.393780968695566, "61": 34.712459533548504, "62": 39.054417200986364, "63": 29.879812694028043, "64": 38.191978126369015, "65": 33.66861517933602, "66": 39.36170757719129, "67": 34.29773430996873, "68": 33.481769261500105 } }, "geometry": { "type": "Polygon", "coordinates": [ [ [ 123.625, -28.625 ], [ 123.625, -29.125 ], [ 123.875, -29.125 ], [ 123.875, -29.375 ], [ 123.375, -29.375 ], [ 123.375, -29.625 ], [ 122.875, -29.625 ], [ 122.875, -29.875 ], [ 121.625, -29.875 ], [ 121.625, -29.625 ], [ 120.625, -29.625 ], [ 120.625, -29.875 ], [ 120.375, -29.875 ], [ 120.375, -30.625 ], [ 121.125, -30.625 ], [ 121.125, -30.875 ], [ 121.625, -30.875 ], [ 121.625, -31.375 ], [ 123.125, -31.375 ], [ 123.125, -31.125 ], [ 123.375, -31.125 ], [ 123.375, -30.875 ], [ 124.125, -30.875 ], [ 124.125, -31.125 ], [ 124.375, -31.125 ], [ 124.375, -31.375 ], [ 125.625, -31.375 ], [ 125.625, -31.125 ], [ 125.875, -31.125 ], [ 125.875, -30.875 ], [ 127.625, -30.875 ], [ 127.625, -30.375 ], [ 126.875, -30.375 ], [ 126.875, -30.125 ], [ 126.375, -30.125 ], [ 126.375, -29.625 ], [ 126.125, -29.625 ], [ 126.125, -29.375 ], [ 125.875, -29.375 ], [ 125.875, -28.875 ], [ 125.375, -28.875 ], [ 125.375, -28.625 ], [ 123.625, -28.625 ] ] ] } },
{ "type": "Feature", "properties": { "cluster_id": 32, "cohesion": 8.4193387405457081, "distances": { "1": 44.05583528792562, "2": 34.62044102267979, "3": 39.37412467518156, "4": 48.17341292573838, "5": 48.57070058928369, "6": 42.287208014054066, "7": 35.46597721971587, "8": 37.38564789922006, "9": 39.73878409236182, "10": 43.44787496153789, "11": 45.941306604688705, "12": 40.811618297308705, "13": 39.5124436456087, "14": 39.58793844664453, "15": 39.40361739054508, "16": 34.44120440172903, "17": 28.844229706048885, "18": 34.557906193391226, "19": 37.33704560316928, "20": 35.27320650999486, "21": 29.99855335919379, "22": 27.039638004594064, "23": 32.56275187350108, "24": 34.63100944044049, "25": 34.496653317533756, "26": 28.25731673900513, "27": 31.087752946475657, "28": 27.969547763248322, "29": 14.03026865254159, "30": 21.43314777271372, "31": 12.67380243849123, "33": 20.53473822257658, "34": 23.415067519809458, "35": 16.693865929140266, "36": 23.32237840904692, "37": 25.52670098592246, "38": 27.436707916789338, "39": 21.693391534829313, "40": 14.740009651556546, "41": 18.318057338287986, "42": 23.979561483037834, "43": 19.40355934210588, "44": 11.356318381271944, "45": 16.030605848048996, "46": 30.052786567966887, "47": 30.855228621827226, "48": 31.908654918614346, "49": 32.84460617411896, "50": 33.10062128253775, "51": 37.47773991238125, "52": 31.968210966757244, "53": 39.138017419806104, "54": 33.52596648315291, "55": 37.6724716075089, "56": 31.550979466442097, "57": 29.10223285609714, "58": 33.18252227623869, "59": 31.497559364712952, "60": 33.141874766734176, "61": 30.82768989787295, "62": 35.19252617890006, "63": 27.80690081174497, "64": 34.77587351217774, "65": 29.05636913522534, "66": 34.949330039626886, "67": 29.196581508963188, "68": 28.031964916222773 } }, "geometry": { "type": "MultiPolygon", "coordinates": [ [ [ [ 114.375, -29.125 ], [ 114.375, -28.875 ], [ 114.625, -28.875 ], [ 114.625, -29.125 ], [ 114.375, -29.125 ] ] ], [ [ [ 114.875, -29.125 ], [ 114.875, -29.625 ], [ 115.125, -29.625 ], [ 115.125, -30.125 ], [ 115.625, -30.125 ], [ 115.625, -29.875 ], [ 115.875, -29.875 ], [ 115.875, -29.375 ], [ 116.125, -29.375 ], [ 116.125, -29.625 ], [ 116.375, -29.625 ], [ 116.375, -29.375 ], [ 116.625, -29.375 ], [ 116.625, -28.375 ], [ 117.125, -28.375 ], [ 117.125, -28.625 ], [ 117.375, -28.625 ], [ 117.375, -28.875 ], [ 118.125, -28.875 ], [ 118.125, -28.625 ], [ 118.375, -28.625 ], [ 118.375, -28.375 ], [ 118.625, -28.375 ], [ 118.625, -28.125 ], [ 118.875, -28.125 ], [ 118.875, -27.875 ], [ 119.125, -27.875 ], [ 119.125, -27.625 ], [ 119.375, -27.625 ], [ 119.375, -27.125 ], [ 119.625, -27.125 ], [ 119.625, -26.875 ], [ 120.625, -26.875 ], [ 120.625, -26.375 ], [ 121.125, -26.375 ], [ 121.125, -26.125 ], [ 121.625, -26.125 ], [ 121.625, -26.625 ], [ 121.875, -26.625 ], [ 121.875, -26.875 ], [ 122.375, -26.875 ], [ 122.375, -27.125 ], [ 122.125, -27.125 ], [ 122.125, -27.375 ], [ 122.375, -27.375 ], [ 122.375, -27.625 ], [ 122.625, -27.625 ], [ 122.625, -27.875 ], [ 123.625, -27.875 ], [ 123.625, -28.125 ], [ 125.875, -28.125 ], [ 125.875, -28.375 ], [ 126.125, -28.375 ], [ 126.125, -28.625 ], [ 125.875, -28.625 ], [ 125.875, -28.875 ], [ 125.375, -28.875 ], [ 125.375, -28.625 ], [ 123.625, -28.625 ], [ 123.625, -29.125 ], [ 123.875, -29.125 ], [ 123.875, -29.375 ], [ 123.375, -29.375 ], [ 123.375, -29.625 ], [ 122.875, -29.625 ], [ 122.875, -29.875 ], [ 121.625, -29.875 ], [ 121.625, -29.625 ], [ 120.625, -29.625 ], [ 120.625, -29.875 ], [ 120.375, -29.875 ], [ 120.375, -30.375 ], [ 119.625, -30.375 ], [ 119.625, -30.125 ], [ 118.375, -30.125 ], [ 118.375, -30.375 ], [ 118.125, -30.375 ], [ 118.125, -30.625 ], [ 117.875, -30.625 ], [ 117.875, -30.875 ], [ 116.375, -30.875 ], [ 116.375, -30.625 ], [ 115.625, -30.625 ], [ 115.625, -30.375 ], [ 115.375, -30.375 ], [ 115.375, -30.625 ], [ 115.125, -30.625 ], [ 115.125, -30.875 ], [ 114.875, -30.875 ], [ 114.875, -30.625 ], [ 114.625, -30.625 ], [ 114.625, -29.125 ], [ 114.875, -29.125 ] ] ] ] } },
{ "type": "Feature", "properties": { "cluster_id": 33, "cohesion": 7.9503255044167727, "distances": { "1": 36.096894534564186, "2": 27.562005266555303, "3": 31.414488954210114, "4": 42.63911875422553, "5": 44.468368243645315, "6": 38.395399693527594, "7": 32.11107170896658, "8": 31.872550176579427, "9": 39.393405984109506, "10": 40.96648398816414, "11": 44.015615386291195, "12": 40.26069495842069, "13": 38.36872754860175, "14": 34.8996461565454, "15": 35.77834988479406, "16": 32.85365935739155, "17": 27.046099639726314, "18": 32.175190491290216, "19": 30.973310939601255, "20": 30.27482467268187, "21": 22.87379873842512, "22": 24.68799524693512, "23": 32.113133294289945, "24": 33.20117477291845, "25": 32.65323916447472, "26": 28.788633204909925, "27": 31.186941843161193, "28": 17.62438239712667, "29": 17.857216589243674, "30": 14.237426013304884, "31": 13.463243370784621, "32": 20.53473822257658, "34": 13.871648570061089, "35": 17.09955110239792, "36": 28.978203934120256, "37": 27.996213744975257, "38": 29.14469428987025, "39": 21.6151064358313, "40": 23.38059947985852, "41": 25.362494119669712, "42": 24.790189924434728, "43": 28.69156593141409, "44": 24.27545432107537, "45": 27.758971103549005, "46": 25.721667505672787, "47": 24.54538318663036, "48": 26.9834411266487, "49": 29.338005123426043, "50": 29.562237619419268, "51": 34.49122272026112, "52": 30.083423858717534, "53": 34.19183301599686, "54": 29.3543249579886, "55": 34.67056801238163, "56": 30.643356911602506, "57": 30.12403770362511, "58": 30.543002705552198, "59": 29.617923159684647, "60": 31.41968887842527, "61": 32.88222455152655, "62": 36.34700821105093, "63": 26.686528303862445, "64": 35.21781008628208, "65": 32.73043168832587, "66": 37.05242922615211, "67": 33.66533857399762, "68": 33.473139980967616 } }, "geometry": { "type": "Polygon", "coordinates": [ [ [ 123.375, -30.875 ], [ 123.375, -31.125 ], [ 123.125, -31.125 ], [ 123.125, -31.625 ], [ 123.625, -31.625 ], [ 123.625, -31.875 ], [ 125.125, -31.875 ], [ 125.125, -31.625 ], [ 126.875, -31.625 ], [ 126.875, -31.875 ], [ 126.375, -31.875 ], [ 126.375, -32.125 ], [ 125.875, -32.125 ], [ 125.875, -32.375 ], [ 125.625, -32.375 ], [ 125.625, -32.625 ], [ 125.375, -32.625 ], [ 125.375, -32.875 ], [ 125.875, -32.875 ], [ 125.875, -32.625 ], [ 127.375, -32.625 ], [ 127.375, -32.375 ], [ 128.375, -32.375 ], [ 128.375, -32.125 ], [ 128.875, -32.125 ], [ 128.875, -31.625 ], [ 129.375, -31.625 ], [ 129.375, -31.375 ], [ 128.875, -31.375 ], [ 128.875, -31.125 ], [ 127.375, -31.125 ], [ 127.375, -30.875 ], [ 125.875, -30.875 ], [ 125.875, -31.125 ], [ 125.625, -31.125 ], [ 125.625, -31.375 ], [ 124.375, -31.375 ], [ 124.375, -31.125 ], [ 124.125, -31.125 ], [ 124.125, -30.875 ], [ 123.375, -30.875 ] ] ] } },
{ "type": "Feature", "properties": { "cluster_id": 34, "cohesion": 5.2656154376710269, "distances": { "1": 37.781653284246175, "2": 28.49710615922662, "3": 32.33798988026255, "4": 45.54856181255764, "5": 47.47905449571635, "6": 41.2522571246836, "7": 33.840585590701416, "8": 33.73300157077509, "9": 41.2465279943078, "10": 42.71943539311552, "11": 46.92677995998434, "12": 41.21553346330512, "13": 38.94296047082119, "14": 37.366820273620625, "15": 37.55171843460021, "16": 33.5181033289811, "17": 28.53843063169187, "18": 27.503528155976102, "19": 26.844624599326636, "20": 24.04295071731138, "21": 13.627263675397732, "22": 14.994120343839628, "23": 27.876387766864617, "24": 28.8831011314981, "25": 26.468847544987426, "26": 20.9241226772735, "27": 25.433268550617022, "28": 23.932673045570805, "29": 24.296669522170788, "30": 22.38505109371503, "31": 18.3939855407122, "32": 23.415067519809458, "33": 13.871648570061089, "35": 13.769193374667982, "36": 26.861659665280612, "37": 21.97993225363465, "38": 24.764741940475872, "39": 13.66600688333411, "40": 21.000706475862824, "41": 24.47014670519078, "42": 22.7367749976875, "43": 27.590925842350885, "44": 25.667066060995445, "45": 25.755225524171905, "46": 24.210576107389628, "47": 24.147077600955832, "48": 27.215500202484474, "49": 28.811605794907845, "50": 29.86208476907819, "51": 34.31402009045548, "52": 29.46387295733575, "53": 32.30913049945157, "54": 29.425175137199293, "55": 34.790944434715, "56": 29.91802033455975, "57": 27.899294903708736, "58": 28.88846470317795, "59": 26.40869400602091, "60": 31.70831088138913, "61": 32.752187081722596, "62": 37.645709647827786, "63": 26.01007287425264, "64": 34.66907933295638, "65": 31.454071401329063, "66": 37.177828602069695, "67": 32.76486426175441, "68": 31.784286760309932 } }, "geometry": { "type": "Polygon", "coordinates": [ [ [ 128.875, -30.875 ], [ 128.875, -31.375 ], [ 129.375, -31.375 ], [ 129.375, -31.625 ], [ 128.875, -31.625 ], [ 128.875, -32.125 ], [ 129.375, -32.125 ], [ 129.375, -31.875 ], [ 131.625, -31.875 ], [ 131.625, -32.125 ], [ 132.125, -32.125 ], [ 132.125, -31.875 ], [ 133.625, -31.875 ], [ 133.625, -31.125 ], [ 133.125, -31.125 ], [ 133.125, -30.875 ], [ 128.875, -30.875 ] ] ] } },
{ "type": "Feature", "properties": { "cluster_id": 35, "cohesion": 7.439724718392239, "distances": { "1": 44.461116411528806, "2": 34.10343654043726, "3": 38.97112415367669, "4": 50.78501958048963, "5": 51.7988700474748, "6": 44.81198724464528, "7": 36.72365112301646, "8": 38.236515839821756, "9": 42.8183847832991, "10": 46.52408741837602, "11": 49.60076045437535, "12": 44.00040642201528, "13": 42.67072643413472, "14": 41.94797476294734, "15": 41.82080953619385, "16": 37.05128996711743, "17": 31.232077694990853, "18": 32.00350836073283, "19": 34.50822712911006, "20": 30.965633377134136, "21": 22.407082183184148, "22": 18.73491817185192, "23": 28.898789031280845, "24": 31.81700163222901, "25": 30.445863619467627, "26": 21.8532456444986, "27": 26.413953150076185, "28": 28.951111035109932, "29": 21.54426188105933, "30": 23.919711420387443, "31": 13.386822625966014, "32": 16.693865929140266, "33": 17.09955110239792, "34": 13.769193374667982, "36": 23.19017733126959, "37": 20.165155691968756, "38": 23.295329448951456, "39": 12.077487482320297, "40": 12.630169331463142, "41": 22.5904714600329, "42": 24.966369209307015, "43": 24.954875923593324, "44": 20.742656905714394, "45": 19.35291751195257, "46": 28.331864577278573, "47": 29.276778591402532, "48": 31.565127325465056, "49": 32.40563335569375, "50": 33.77458956807212, "51": 38.912644708894554, "52": 32.90308632427216, "53": 38.86009684084005, "54": 34.43656756101567, "55": 39.544099981686585, "56": 30.478227628586136, "57": 26.945921733666673, "58": 32.20342591005571, "59": 29.0774921244996, "60": 33.25242764950221, "61": 31.67792546766171, "62": 37.61898351228103, "63": 29.591841594316232, "64": 37.77007409730283, "65": 32.49134951016152, "66": 37.99212512306738, "67": 31.437840428820504, "68": 31.02107275834396 } }, "geometry": { "type": "Polygon", "coordinates": [ [ [ 130.375, -26.625 ], [ 130.375, -26.875 ], [ 129.875, -26.875 ], [ 129.875, -27.625 ], [ 130.125, -27.625 ], [ 130.125, -27.875 ], [ 129.625, -27.875 ], [ 129.625, -28.125 ], [ 127.125, -28.125 ], [ 127.125, -28.625 ], [ 125.875, -28.625 ], [ 125.875, -29.375 ], [ 126.125, -29.375 ], [ 126.125, -29.625 ], [ 126.375, -29.625 ], [ 126.375, -30.125 ], [ 126.875, -30.125 ], [ 126.875, -30.375 ], [ 127.625, -30.375 ], [ 127.625, -30.875 ], [ 127.375, -30.875 ], [ 127.375, -31.125 ], [ 128.875, -31.125 ], [ 128.875, -30.875 ], [ 132.375, -30.875 ], [ 132.375, -30.625 ], [ 132.125, -30.625 ], [ 132.125, -30.375 ], [ 131.875, -30.375 ], [ 131.875, -30.125 ], [ 131.625, -30.125 ], [ 131.625, -29.875 ], [ 131.375, -29.875 ], [ 131.375, -29.125 ], [ 132.125, -29.125 ], [ 132.125, -28.625 ], [ 131.875, -28.625 ], [ 131.875, -28.125 ], [ 131.375, -28.125 ], [ 131.375, -27.625 ], [ 131.625, -27.625 ], [ 131.625, -26.875 ], [ 130.875, -26.875 ], [ 130.875, -26.625 ], [ 130.375, -26.625 ] ] ] } },
{ "type": "Feature", "properties": { "cluster_id": 36, "cohesion": 9.6441423445208869, "distances": { "1": 42.236100904424816, "2": 34.297986495696776, "3": 38.19354948988473, "4": 45.44712768950652, "5": 44.090023057303874, "6": 37.449651212207044, "7": 30.02470355824619, "8": 34.60763076915135, "9": 29.969140712705507, "10": 37.44507982308315, "11": 38.53716100815063, "12": 31.744163096192082, "13": 32.94355024910774, "14": 37.71732117622162, "15": 35.30436356911168, "16": 29.812973378605633, "17": 27.51865650006738, "18": 28.38431085377903, "19": 35.033452962962194, "20": 31.70113863120732, "21": 29.087040305449964, "22": 25.323350844266557, "23": 21.166242467877588, "24": 25.943052333930186, "25": 27.66747031747964, "26": 21.708648838840244, "27": 21.126752268428547, "28": 33.01590192736574, "29": 27.780063609867735, "30": 30.877102957408383, "31": 27.84654828641477, "32": 23.32237840904692, "33": 28.978203934120256, "34": 26.861659665280612, "35": 23.19017733126959, "37": 16.313661670254938, "38": 15.509274862222403, "39": 21.027437661424415, "40": 17.502415766383915, "41": 21.024658803135097, "42": 23.234268323702054, "43": 18.294937913305695, "44": 21.023100781308457, "45": 15.30655015528719, "46": 27.97035896915805, "47": 31.0222140875356, "48": 30.50000910443529, "49": 28.64599025010958, "50": 28.821450263226524, "51": 32.09500465695937, "52": 25.84785437017096, "53": 35.897454468310066, "54": 31.46547533715789, "55": 33.13675948716938, "56": 20.536565947261288, "57": 16.28910272766131, "58": 26.95670592488368, "59": 25.066942880123452, "60": 23.991948047127813, "61": 16.871689198554492, "62": 22.92366893635863, "63": 24.788462869211283, "64": 27.887964858295433, "65": 21.92609893159565, "66": 22.980124609031833, "67": 14.295277141369127, "68": 16.612460897802173 } }, "geometry": { "type": "Polygon", "coordinates": [ [ [ 133.875, -23.625 ], [ 133.875, -23.875 ], [ 131.875, -23.875 ], [ 131.875, -24.125 ], [ 131.375, -24.125 ], [ 131.375, -23.875 ], [ 130.375, -23.875 ], [ 130.375, -24.125 ], [ 130.125, -24.125 ], [ 130.125, -24.625 ], [ 128.875, -24.625 ], [ 128.875, -24.375 ], [ 126.875, -24.375 ], [ 126.875, -24.625 ], [ 124.625, -24.625 ], [ 124.625, -25.125 ], [ 125.625, -25.125 ], [ 125.625, -25.375 ], [ 125.875, -25.375 ], [ 125.875, -25.625 ], [ 129.875, -25.625 ], [ 129.875, -25.875 ], [ 130.125, -25.875 ], [ 130.125, -25.625 ], [ 130.625, -25.625 ], [ 130.625, -25.875 ], [ 131.375, -25.875 ], [ 131.375, -25.625 ], [ 131.875, -25.625 ], [ 131.875, -25.375 ], [ 132.875, -25.375 ], [ 132.875, -24.875 ], [ 133.375, -24.875 ], [ 133.375, -24.625 ], [ 134.375, -24.625 ], [ 134.375, -24.375 ], [ 134.125, -24.375 ], [ 134.125, -24.125 ], [ 134.375, -24.125 ], [ 134.375, -23.875 ], [ 134.625, -23.875 ], [ 134.625, -23.625 ], [ 133.875, -23.625 ] ] ] } },
{ "type": "Feature", "properties": { "cluster_id": 37, "cohesion": 8.124790364100674, "distances": { "1": 44.652099368597874, "2": 36.02422703503888, "3": 39.58560265823083, "4": 50.697130556356136, "5": 50.64269590546206, "6": 44.06001465981265, "7": 35.543336729013525, "8": 38.79230065832292, "9": 38.656089398507824, "10": 44.0460698617515, "11": 46.96530073361896, "12": 39.39885098662317, "13": 38.7584769195797, "14": 42.518852817487534, "15": 40.56172614203725, "16": 34.811818962914195, "17": 32.1101135691424, "18": 24.711788815208905, "19": 31.33130785015582, "20": 26.08766080875296, "21": 22.098112523213604, "22": 16.509134292828897, "23": 17.81240607534516, "24": 22.940795498226098, "25": 21.57302331216804, "26": 11.53048131677392, "27": 14.225504472869705, "28": 34.425575242695245, "29": 30.790772904364424, "30": 32.67851196762142, "31": 27.402764896585946, "32": 25.526700985922457, "33": 27.996213744975257, "34": 21.979932253634647, "35": 20.165155691968756, "36": 16.313661670254934, "38": 10.96564744850476, "39": 13.77386480627768, "40": 17.769093297352924, "41": 22.454950962429333, "42": 22.79437095556854, "43": 22.75170084039717, "44": 24.586321354484678, "45": 18.806252765169585, "46": 28.083894753831828, "47": 31.42793242582795, "48": 32.3264668553655, "49": 30.85417499896915, "50": 31.491557137636224, "51": 34.39213225553388, "52": 28.139698553993735, "53": 35.18556409228621, "54": 32.79472564232416, "55": 35.70546671604888, "56": 24.218880114407767, "57": 17.53665660915475, "58": 27.41416158636845, "59": 23.69104616391924, "60": 29.12840705581468, "61": 24.324902353901056, "62": 32.135517697840164, "63": 26.689938453768235, "64": 32.78146525049916, "65": 27.0703140786406, "66": 31.791731262242067, "67": 24.042283746483985, "68": 24.078542912669302 } }, "geometry": { "type": "MultiPolygon", "coordinates": [ [ [ [ 137.625, -28.875 ], [ 137.625, -29.125 ], [ 137.875, -29.125 ], [ 137.875, -29.375 ], [ 138.125, -29.375 ], [ 138.125, -29.625 ], [ 138.375, -29.625 ], [ 138.375, -29.875 ], [ 137.625, -29.875 ], [ 137.625, -29.625 ], [ 137.375, -29.625 ], [ 137.375, -28.875 ], [ 137.625, -28.875 ] ] ], [ [ [ 138.125, -28.875 ], [ 137.875, -28.875 ], [ 137.875, -28.625 ], [ 138.125, -28.625 ], [ 138.125, -28.875 ] ] ], [ [ [ 137.375, -28.375 ], [ 137.125, -28.375 ], [ 137.125, -28.625 ], [ 136.875, -28.625 ], [ 136.875, -28.375 ], [ 136.625, -28.375 ], [ 136.625, -28.125 ], [ 135.875, -28.125 ], [ 135.875, -27.625 ], [ 135.375, -27.625 ], [ 135.375, -27.375 ], [ 134.125, -27.375 ], [ 134.125, -27.125 ], [ 133.875, -27.125 ], [ 133.875, -26.875 ], [ 134.375, -26.875 ], [ 134.375, -26.375 ], [ 134.125, -26.375 ], [ 134.125, -26.125 ], [ 133.875, -26.125 ], [ 133.875, -26.375 ], [ 133.125, -26.375 ], [ 133.125, -26.625 ], [ 132.625, -26.625 ], [ 132.625, -26.375 ], [ 131.375, -26.375 ], [ 131.375, -26.125 ], [ 130.375, -26.125 ], [ 130.375, -25.875 ], [ 131.375, -25.875 ], [ 131.375, -25.625 ], [ 131.875, -25.625 ], [ 131.875, -25.375 ], [ 132.625, -25.375 ], [ 132.625, -25.625 ], [ 133.125, -25.625 ], [ 133.125, -25.875 ], [ 134.625, -25.875 ], [ 134.625, -26.125 ], [ 135.125, -26.125 ], [ 135.125, -26.375 ], [ 135.375, -26.375 ], [ 135.375, -26.625 ], [ 135.625, -26.625 ], [ 135.625, -26.875 ], [ 135.875, -26.875 ], [ 135.875, -27.125 ], [ 136.625, -27.125 ], [ 136.625, -27.375 ], [ 136.875, -27.375 ], [ 136.875, -27.625 ], [ 137.125, -27.625 ], [ 137.125, -27.875 ], [ 137.625, -27.875 ], [ 137.625, -28.125 ], [ 137.875, -28.125 ], [ 137.875, -28.625 ], [ 137.375, -28.625 ], [ 137.375, -28.375 ] ] ] ] } },
{ "type": "Feature", "properties": { "cluster_id": 38, "cohesion": 7.3961793821137105, "distances": { "1": 43.94004461316689, "2": 35.5310511502642, "3": 39.22092777154683, "4": 49.53436390338684, "5": 48.91156994366766, "6": 41.76331000064816, "7": 32.93610222526351, "8": 37.29511872950268, "9": 35.50866950977223, "10": 42.592829325132904, "11": 44.23077959661419, "12": 37.533622750419276, "13": 37.79921232936641, "14": 41.65679053801765, "15": 39.48158639014734, "16": 34.1143466837886, "17": 31.71523601882539, "18": 25.668646068370318, "19": 33.02618217847294, "20": 28.496471174561897, "21": 25.46765531342686, "22": 21.472252354392086, "23": 13.491881635820485, "24": 21.057494032851753, "25": 23.16349667908735, "26": 16.333925293824528, "27": 14.08201650172577, "28": 34.56672879474673, "29": 31.791585333013625, "30": 33.23815871474229, "31": 29.717539967235233, "32": 27.436707916789338, "33": 29.14469428987025, "34": 24.764741940475872, "35": 23.295329448951463, "36": 15.509274862222407, "37": 10.965647448504757, "39": 18.4914369969675, "40": 20.711301441511004, "41": 23.37348020320177, "42": 23.93983403279286, "43": 24.21088178790094, "44": 26.014149545790776, "45": 21.124889656997468, "46": 27.332291389059257, "47": 31.114407385754507, "48": 31.094225576255216, "49": 29.066826159971583, "50": 29.596064816498515, "51": 33.19017747899553, "52": 26.599764085705772, "53": 35.89165131447791, "54": 32.93369202896878, "55": 35.15434224432813, "56": 18.81529221645167, "57": 11.576244916193806, "58": 24.85236699059894, "59": 21.461957582723777, "60": 25.071195428817195, "61": 19.336020236768913, "62": 27.9742537937057, "63": 27.08372822136975, "64": 32.45114948507917, "65": 27.24312828290986, "66": 29.66289421734072, "67": 22.15528930204169, "68": 23.955662804887904 } }, "geometry": { "type": "Polygon", "coordinates": [ [ [ 133.375, -24.625 ], [ 133.375, -24.875 ], [ 132.875, -24.875 ], [ 132.875, -25.375 ], [ 132.625, -25.375 ], [ 132.625, -25.625 ], [ 133.125, -25.625 ], [ 133.125, -25.875 ], [ 134.625, -25.875 ], [ 134.625, -26.125 ], [ 135.125, -26.125 ], [ 135.125, -26.375 ], [ 135.375, -26.375 ], [ 135.375, -26.625 ], [ 135.625, -26.625 ], [ 135.625, -26.875 ], [ 135.875, -26.875 ], [ 135.875, -27.125 ], [ 136.625, -27.125 ], [ 136.625, -27.375 ], [ 136.875, -27.375 ], [ 136.875, -27.625 ], [ 137.125, -27.625 ], [ 137.125, -27.875 ], [ 137.625, -27.875 ], [ 137.625, -28.125 ], [ 137.875, -28.125 ], [ 137.875, -28.625 ], [ 138.125, -28.625 ], [ 138.125, -28.875 ], [ 138.375, -28.875 ], [ 138.375, -29.125 ], [ 138.625, -29.125 ], [ 138.625, -29.375 ], [ 139.375, -29.375 ], [ 139.375, -29.125 ], [ 140.125, -29.125 ], [ 140.125, -29.375 ], [ 140.375, -29.375 ], [ 140.375, -29.625 ], [ 141.125, -29.625 ], [ 141.125, -29.375 ], [ 140.625, -29.375 ], [ 140.625, -29.125 ], [ 140.375, -29.125 ], [ 140.375, -27.625 ], [ 140.125, -27.625 ], [ 140.125, -27.375 ], [ 139.875, -27.375 ], [ 139.875, -27.125 ], [ 139.375, -27.125 ], [ 139.375, -27.375 ], [ 138.625, -27.375 ], [ 138.625, -27.125 ], [ 138.375, -27.125 ], [ 138.375, -27.375 ], [ 137.875, -27.375 ], [ 137.875, -27.125 ], [ 137.625, -27.125 ], [ 137.625, -26.875 ], [ 137.375, -26.875 ], [ 137.375, -26.625 ], [ 137.125, -26.625 ], [ 137.125, -26.125 ], [ 136.875, -26.125 ], [ 136.875, -25.875 ], [ 136.625, -25.875 ], [ 136.625, -25.625 ], [ 136.125, -25.625 ], [ 136.125, -25.375 ], [ 135.875, -25.375 ], [ 135.875, -25.125 ], [ 135.625, -25.125 ], [ 135.625, -24.875 ], [ 134.625, -24.875 ], [ 134.625, -24.625 ], [ 133.375, -24.625 ] ] ] } },
{ "type": "Feature", "properties": { "cluster_id": 39, "cohesion": 6.6791156884839795, "distances": { "1": 43.35329606014714, "2": 33.605703783650156, "3": 37.74846753037607, "4": 50.34473944784572, "5": 51.280435655475884, "6": 44.52947033455308, "7": 36.13039943097094, "8": 37.75633431910836, "9": 41.81953291094794, "10": 45.467882076348964, "11": 49.07494323030862, "12": 42.269721265994036, "13": 40.85537470628, "14": 41.78679081425162, "15": 40.98224536199915, "16": 35.86150834789727, "17": 31.37157380720648, "18": 27.61187786047976, "19": 30.780759365840623, "20": 26.10241148528786, "21": 17.72143618082398, "22": 12.221266094260269, "23": 24.52972633675619, "24": 27.584887692305923, "25": 25.058872343882904, "26": 14.382308284351252, "27": 20.9088888280556, "28": 30.907770367064945, "29": 26.443186352294877, "30": 28.015710750380148, "31": 20.501735275167565, "32": 21.69339153482931, "33": 21.6151064358313, "34": 13.666006883334111, "35": 12.077487482320294, "36": 21.02743766142442, "37": 13.773864806277683, "38": 18.4914369969675, "40": 14.923165823244137, "41": 22.215634462626365, "42": 22.62734440953302, "43": 24.052061049382484, "44": 23.07524379106928, "45": 19.473425077621737, "46": 26.78529676238645, "47": 28.635756379421903, "48": 30.942996408524042, "49": 30.8893137924297, "50": 32.402299502032804, "51": 36.6316626492251, "52": 30.647253984926778, "53": 35.81796666628157, "54": 32.72416057387651, "55": 37.41274688980904, "56": 28.527038774068142, "57": 23.943231828670765, "58": 29.836876482943826, "59": 25.916043957055646, "60": 31.839257705925, "61": 29.905827712089106, "62": 36.54566584493544, "63": 27.33700909674667, "64": 35.28736395365556, "65": 29.964889580743087, "66": 36.012048765850274, "67": 29.291498810080817, "68": 28.39149893303253 } }, "geometry": { "type": "Polygon", "coordinates": [ [ [ 133.875, -26.125 ], [ 133.875, -26.375 ], [ 133.125, -26.375 ], [ 133.125, -26.625 ], [ 132.625, -26.625 ], [ 132.625, -26.375 ], [ 131.875, -26.375 ], [ 131.875, -26.875 ], [ 131.625, -26.875 ], [ 131.625, -27.625 ], [ 131.375, -27.625 ], [ 131.375, -28.125 ], [ 131.875, -28.125 ], [ 131.875, -28.625 ], [ 132.125, -28.625 ], [ 132.125, -29.125 ], [ 131.375, -29.125 ], [ 131.375, -29.875 ], [ 131.625, -29.875 ], [ 131.625, -30.125 ], [ 131.875, -30.125 ], [ 131.875, -30.375 ], [ 132.125, -30.375 ], [ 132.125, -30.625 ], [ 132.375, -30.625 ], [ 132.375, -30.875 ], [ 132.875, -30.875 ], [ 132.875, -30.625 ], [ 133.125, -30.625 ], [ 133.125, -30.375 ], [ 133.375, -30.375 ], [ 133.375, -30.125 ], [ 133.875, -30.125 ], [ 133.875, -29.375 ], [ 134.125, -29.375 ], [ 134.125, -28.625 ], [ 134.375, -28.625 ], [ 134.375, -27.875 ], [ 134.625, -27.875 ], [ 134.625, -27.375 ], [ 134.125, -27.375 ], [ 134.125, -27.125 ], [ 133.875, -27.125 ], [ 133.875, -26.875 ], [ 134.375, -26.875 ], [ 134.375, -26.375 ], [ 134.125, -26.375 ], [ 134.125, -26.125 ], [ 133.875, -26.125 ] ] ] } },
{ "type": "Feature", "properties": { "cluster_id": 40, "cohesion": 8.0616672403098484, "distances": { "1": 46.04452230523563, "2": 36.22397618513499, "3": 40.95874021319441, "4": 50.86632103687586, "5": 51.0121658307124, "6": 44.25214135816691, "7": 36.36700244960551, "8": 39.072075030246175, "9": 40.042876168869235, "10": 44.92904374591038, "11": 47.568288959163596, "12": 41.21362734716475, "13": 40.45519626988055, "14": 41.99399488937321, "15": 41.100267327439305, "16": 35.518024332297585, "17": 30.556401587879467, "18": 31.101217772646176, "19": 35.93180363812108, "20": 32.08895487989488, "21": 26.344966828512813, "22": 21.12747484234841, "23": 27.05275177942214, "24": 30.487311189849535, "25": 29.635538179125938, "26": 20.962335411830924, "27": 24.4970578920153, "28": 32.39489382642073, "29": 22.570118360613623, "30": 27.44930425809407, "31": 17.481439928999908, "32": 14.740009651556546, "33": 23.380599479858525, "34": 21.00070647586282, "35": 12.630169331463142, "36": 17.502415766383915, "37": 17.769093297352924, "38": 20.711301441511, "39": 14.923165823244133, "41": 19.641164292725783, "42": 23.94812719457658, "43": 19.4740997094124, "44": 16.621116549195072, "45": 11.694401239542449, "46": 29.767213118716015, "47": 31.69248049959352, "48": 32.70828731834574, "49": 32.74756585287094, "50": 33.42417676844418, "51": 37.66563118652289, "52": 31.3966743458301, "53": 38.94812387494432, "54": 34.371580313334746, "55": 38.29907097901864, "56": 28.788927796840497, "57": 24.358271791346606, "58": 31.608302285167344, "59": 28.81031183836439, "60": 31.964481974790797, "61": 28.00986034209434, "62": 34.163274818887544, "63": 28.42335127852344, "64": 34.94059186721932, "65": 28.415329607615842, "66": 33.84715275415897, "67": 25.960017757980154, "68": 25.36026755297312 } }, "geometry": { "type": "Polygon", "coordinates": [ [ [ 127.375, -25.625 ], [ 127.375, -25.875 ], [ 127.625, -25.875 ], [ 127.625, -26.125 ], [ 126.875, -26.125 ], [ 126.875, -26.375 ], [ 126.375, -26.375 ], [ 126.375, -26.125 ], [ 125.875, -26.125 ], [ 125.875, -26.375 ], [ 125.375, -26.375 ], [ 125.375, -26.625 ], [ 124.375, -26.625 ], [ 124.375, -26.875 ], [ 123.875, -26.875 ], [ 123.875, -27.125 ], [ 123.125, -27.125 ], [ 123.125, -26.875 ], [ 122.375, -26.875 ], [ 122.375, -27.125 ], [ 122.125, -27.125 ], [ 122.125, -27.375 ], [ 122.375, -27.375 ], [ 122.375, -27.625 ], [ 122.625, -27.625 ], [ 122.625, -27.875 ], [ 123.625, -27.875 ], [ 123.625, -28.125 ], [ 125.875, -28.125 ], [ 125.875, -28.375 ], [ 126.125, -28.375 ], [ 126.125, -28.625 ], [ 127.125, -28.625 ], [ 127.125, -28.125 ], [ 129.625, -28.125 ], [ 129.625, -27.875 ], [ 130.125, -27.875 ], [ 130.125, -27.625 ], [ 129.875, -27.625 ], [ 129.875, -26.875 ], [ 130.375, -26.875 ], [ 130.375, -26.625 ], [ 130.875, -26.625 ], [ 130.875, -26.875 ], [ 131.875, -26.875 ], [ 131.875, -26.375 ], [ 131.375, -26.375 ], [ 131.375, -26.125 ], [ 130.375, -26.125 ], [ 130.375, -25.875 ], [ 130.625, -25.875 ], [ 130.625, -25.625 ], [ 130.125, -25.625 ], [ 130.125, -25.875 ], [ 129.875, -25.875 ], [ 129.875, -25.625 ], [ 127.375, -25.625 ] ] ] } },
{ "type": "Feature", "properties": { "cluster_id": 41, "cohesion": 6.7077737110313507, "distances": { "1": 40.2192394919009, "2": 31.14816733029577, "3": 35.645375606050045, "4": 44.80034135994982, "5": 44.816702429137386, "6": 38.71684589703142, "7": 31.4521346919535, "8": 33.66610128104558, "9": 35.549701163530116, "10": 38.8861589002377, "11": 42.222299226492076, "12": 35.16767283048681, "13": 32.825717233024044, "14": 36.86303512324693, "15": 35.387637474093125, "16": 29.003166535459997, "17": 26.205946702575595, "18": 28.249684300387322, "19": 31.727481664473512, "20": 29.987184834968073, "21": 27.13576846920262, "22": 25.514432805032648, "23": 26.322626837602805, "24": 27.024939823938467, "25": 28.55767468149648, "26": 25.190315391567545, "27": 26.46558445982187, "28": 30.435227309976142, "29": 23.39675433154973, "30": 27.817227835477222, "31": 23.184354347296484, "32": 18.318057338287982, "33": 25.362494119669716, "34": 24.470146705190782, "35": 22.590471460032898, "36": 21.024658803135097, "37": 22.454950962429333, "38": 23.373480203201765, "39": 22.21563446262636, "40": 19.641164292725783, "42": 12.901355439724217, "43": 13.868465790872484, "44": 12.305997774314987, "45": 16.659732418316587, "46": 24.728372124153275, "47": 26.81407351169514, "48": 26.2597962821533, "49": 26.675779951666303, "50": 26.39546840461886, "51": 30.311465886686648, "52": 24.807240434591407, "53": 32.67893047282163, "54": 28.57060925396909, "55": 31.1923768860137, "56": 26.345343910188763, "57": 24.52035053958614, "58": 25.419699836516955, "59": 23.756825734877243, "60": 28.157846405897423, "61": 26.64908052185784, "62": 31.352478225460967, "63": 19.432369532841165, "64": 26.5626998654132, "65": 20.982338456273364, "66": 29.368254764436475, "67": 24.702007055762795, "68": 21.612583270975303 } }, "geometry": { "type": "Polygon", "coordinates": [ [ [ 113.125, -24.375 ], [ 113.125, -24.875 ], [ 113.375, -24.875 ], [ 113.375, -25.375 ], [ 113.625, -25.375 ], [ 113.625, -25.875 ], [ 113.875, -25.875 ], [ 113.875, -26.125 ], [ 113.625, -26.125 ], [ 113.625, -26.375 ], [ 113.375, -26.375 ], [ 113.375, -27.125 ], [ 113.625, -27.125 ], [ 113.625, -27.875 ], [ 113.875, -27.875 ], [ 113.875, -28.125 ], [ 115.375, -28.125 ], [ 115.375, -27.875 ], [ 116.625, -27.875 ], [ 116.625, -26.625 ], [ 116.375, -26.625 ], [ 116.375, -25.875 ], [ 116.125, -25.875 ], [ 116.125, -25.625 ], [ 115.875, -25.625 ], [ 115.875, -25.375 ], [ 115.625, -25.375 ], [ 115.625, -25.625 ], [ 115.125, -25.625 ], [ 115.125, -25.375 ], [ 114.625, -25.375 ], [ 114.625, -25.125 ], [ 114.375, -25.125 ], [ 114.375, -24.875 ], [ 113.875, -24.875 ], [ 113.875, -24.625 ], [ 113.625, -24.625 ], [ 113.625, -24.375 ], [ 113.125, -24.375 ] ] ] } },
{ "type": "Feature", "properties": { "cluster_id": 42, "cohesion": 8.1167894613009128, "distances": { "1": 35.056653363621486, "2": 27.58029761902162, "3": 30.55926396909655, "4": 40.758113642614354, "5": 41.34927676632614, "6": 36.03357415428322, "7": 29.295783157722465, "8": 30.476402696458, "9": 34.05068721590538, "10": 35.20857959571272, "11": 40.01738923131415, "12": 32.217445064128526, "13": 28.52851179091105, "14": 33.51498298051692, "15": 31.656938962893335, "16": 25.39554149258402, "17": 24.434392575867253, "18": 24.76749588568108, "19": 26.372811253634076, "20": 25.272118674249004, "21": 23.180942275385256, "22": 23.530229759063776, "23": 25.6013532909473, "24": 25.268859714684336, "25": 25.444591144801308, "26": 23.84678658614757, "27": 25.466773838207605, "28": 27.657684523454826, "29": 26.830937018037453, "30": 27.763058978618293, "31": 26.145883708283787, "32": 23.979561483037834, "33": 24.790189924434728, "34": 22.736774997687498, "35": 24.96636920930701, "36": 23.234268323702047, "37": 22.79437095556854, "38": 23.939834032792863, "39": 22.627344409533013, "40": 23.948127194576575, "41": 12.901355439724218, "43": 16.002858240375282, "44": 19.42890532695342, "45": 21.472611003082974, "46": 22.42688842098842, "47": 24.27525910970071, "48": 24.891775090826297, "49": 24.746099031863857, "50": 24.60960379185083, "51": 27.133706882108307, "52": 22.694804095856995, "53": 27.595179027493398, "54": 24.96179338398738, "55": 27.51937536788488, "56": 26.14264475422572, "57": 25.192619109407683, "58": 24.258119830610735, "59": 22.68403734313099, "60": 27.0190035545968, "61": 27.446755284273834, "62": 31.355606517344615, "63": 12.819541141435856, "64": 21.977563625634744, "65": 17.93981440141343, "66": 27.97467661748584, "67": 25.163674193203597, "68": 21.19475918692246 } }, "geometry": { "type": "Polygon", "coordinates": [ [ [ 115.875, -20.625 ], [ 115.875, -20.875 ], [ 115.625, -20.875 ], [ 115.625, -21.125 ], [ 115.125, -21.125 ], [ 115.125, -21.375 ], [ 114.625, -21.375 ], [ 114.625, -21.625 ], [ 114.375, -21.625 ], [ 114.375, -21.875 ], [ 113.875, -21.875 ], [ 113.875, -22.125 ], [ 113.625, -22.125 ], [ 113.625, -22.375 ], [ 113.375, -22.375 ], [ 113.375, -23.625 ], [ 113.125, -23.625 ], [ 113.125, -24.375 ], [ 113.625, -24.375 ], [ 113.625, -24.625 ], [ 113.875, -24.625 ], [ 113.875, -24.875 ], [ 114.375, -24.875 ], [ 114.375, -25.125 ], [ 114.625, -25.125 ], [ 114.625, -25.375 ], [ 115.125, -25.375 ], [ 115.125, -25.625 ], [ 115.625, -25.625 ], [ 115.625, -25.375 ], [ 115.875, -25.375 ], [ 115.875, -25.625 ], [ 116.375, -25.625 ], [ 116.375, -25.375 ], [ 116.625, -25.375 ], [ 116.625, -25.125 ], [ 116.875, -25.125 ], [ 116.875, -24.625 ], [ 117.625, -24.625 ], [ 117.625, -24.375 ], [ 117.875, -24.375 ], [ 117.875, -24.125 ], [ 118.125, -24.125 ], [ 118.125, -23.875 ], [ 117.875, -23.875 ], [ 117.875, -23.625 ], [ 117.625, -23.625 ], [ 117.625, -23.375 ], [ 117.375, -23.375 ], [ 117.375, -22.875 ], [ 117.125, -22.875 ], [ 117.125, -22.625 ], [ 116.625, -22.625 ], [ 116.625, -22.375 ], [ 116.375, -22.375 ], [ 116.375, -22.125 ], [ 116.125, -22.125 ], [ 116.125, -21.125 ], [ 116.375, -21.125 ], [ 116.375, -20.625 ], [ 115.875, -20.625 ] ] ] } },
{ "type": "Feature", "properties": { "cluster_id": 43, "cohesion": 8.10687343078129, "distances": { "1": 40.43808361313947, "2": 33.12513630426837, "3": 36.45196587532905, "4": 43.438659890635385, "5": 42.941724063832986, "6": 37.97023780879841, "7": 31.87026796394165, "8": 34.40647350378519, "9": 32.945778204311004, "10": 35.73436282819945, "11": 39.764715021364744, "12": 31.30982538137265, "13": 29.11549278650457, "14": 35.71671013294122, "15": 33.393197321698025, "16": 26.508819488582528, "17": 25.28050613985571, "18": 28.5511061172665, "19": 32.73042690888417, "20": 30.64587422845393, "21": 28.934659593527694, "22": 26.36818854961808, "23": 28.00378650242525, "24": 29.19133224652145, "25": 28.88415454970292, "26": 25.050153783088017, "27": 26.75374393337845, "28": 31.73059209726941, "29": 25.066634664950143, "30": 29.592945730723784, "31": 25.756120912130076, "32": 19.40355934210588, "33": 28.69156593141409, "34": 27.59092584235088, "35": 24.954875923593328, "36": 18.294937913305695, "37": 22.75170084039717, "38": 24.21088178790094, "39": 24.052061049382484, "40": 19.474099709412403, "41": 13.868465790872486, "42": 16.002858240375282, "44": 13.525807761234017, "45": 13.22666181797078, "46": 28.09278236720025, "47": 30.36194572336022, "48": 30.592240420895862, "49": 29.589987669169577, "50": 29.29932961225925, "51": 31.106701557571995, "52": 26.230895822856223, "53": 32.9663770966124, "54": 29.28645663707303, "55": 31.05659395713616, "56": 28.031581093936182, "57": 25.61114166398888, "58": 29.188236786140717, "59": 27.814468818426135, "60": 29.09021704456895, "61": 25.76084317349752, "62": 29.337310941055932, "63": 18.29398955355745, "64": 22.26742766326565, "65": 15.022104315971536, "66": 24.818220076810853, "67": 19.910827127424298, "68": 14.890800334362291 } }, "geometry": { "type": "Polygon", "coordinates": [ [ [ 119.125, -23.125 ], [ 119.125, -24.125 ], [ 117.875, -24.125 ], [ 117.875, -24.375 ], [ 117.625, -24.375 ], [ 117.625, -24.625 ], [ 116.875, -24.625 ], [ 116.875, -25.125 ], [ 116.625, -25.125 ], [ 116.625, -25.375 ], [ 116.375, -25.375 ], [ 116.375, -25.625 ], [ 116.125, -25.625 ], [ 116.125, -25.875 ], [ 116.375, -25.875 ], [ 116.375, -26.625 ], [ 116.625, -26.625 ], [ 116.625, -26.875 ], [ 117.375, -26.875 ], [ 117.375, -26.625 ], [ 117.625, -26.625 ], [ 117.625, -26.375 ], [ 118.125, -26.375 ], [ 118.125, -26.625 ], [ 118.375, -26.625 ], [ 118.375, -26.875 ], [ 118.875, -26.875 ], [ 118.875, -26.625 ], [ 119.375, -26.625 ], [ 119.375, -26.375 ], [ 119.625, -26.375 ], [ 119.625, -26.125 ], [ 120.375, -26.125 ], [ 120.375, -25.625 ], [ 120.625, -25.625 ], [ 120.625, -25.375 ], [ 120.875, -25.375 ], [ 120.875, -25.125 ], [ 122.875, -25.125 ], [ 122.875, -24.875 ], [ 124.625, -24.875 ], [ 124.625, -24.375 ], [ 123.125, -24.375 ], [ 123.125, -23.875 ], [ 121.875, -23.875 ], [ 121.875, -23.625 ], [ 121.625, -23.625 ], [ 121.625, -23.375 ], [ 121.125, -23.375 ], [ 121.125, -23.625 ], [ 120.125, -23.625 ], [ 120.125, -23.125 ], [ 119.125, -23.125 ] ] ] } },
{ "type": "Feature", "properties": { "cluster_id": 44, "cohesion": 6.6606489466712189, "distances": { "1": 42.364183411791004, "2": 33.365324185079906, "3": 37.94930745820358, "4": 45.787109549739945, "5": 45.705842545574605, "6": 39.77477530936031, "7": 33.12888154290693, "8": 35.420207394835614, "9": 36.383047814203366, "10": 39.99255540893264, "11": 42.809832838097996, "12": 36.6759669068374, "13": 35.10638400128163, "14": 37.48094993342985, "15": 36.52223776532597, "16": 30.781030989111965, "17": 26.54348555642346, "18": 32.308800230526415, "19": 35.74129433662331, "20": 33.93119436997011, "21": 30.249075266851086, "22": 27.619104491411584, "23": 30.37459794656227, "24": 31.865996981844543, "25": 32.61360595286151, "26": 27.691490532359797, "27": 29.65365284098037, "28": 29.52808063466381, "29": 17.444829342232655, "30": 24.703012766021324, "31": 18.757978462093728, "32": 11.356318381271942, "33": 24.27545432107537, "34": 25.667066060995438, "35": 20.74265690571439, "36": 21.023100781308457, "37": 24.586321354484678, "38": 26.014149545790776, "39": 23.07524379106928, "40": 16.621116549195072, "41": 12.305997774314987, "42": 19.428905326953423, "43": 13.525807761234018, "45": 13.912523704469539, "46": 28.26752594717666, "47": 29.73164332395894, "48": 29.81668417920248, "49": 30.264254232084443, "50": 30.103319310486462, "51": 34.00396003334816, "52": 28.53844196594601, "53": 36.53313994247773, "54": 31.280854801108465, "55": 34.36198125776667, "56": 29.236432116278987, "57": 27.127054141217393, "58": 30.193538600511364, "59": 28.78076266774458, "60": 30.592887957762617, "61": 28.036487309956645, "62": 32.10071254536484, "63": 23.51732193699299, "64": 29.69233849962688, "65": 23.51935852553685, "66": 30.627884504183637, "67": 25.32822638491912, "68": 23.075275998297453 } }, "geometry": { "type": "Polygon", "coordinates": [ [ [ 119.625, -26.125 ], [ 119.625, -26.375 ], [ 119.375, -26.375 ], [ 119.375, -26.625 ], [ 118.875, -26.625 ], [ 118.875, -26.875 ], [ 118.375, -26.875 ], [ 118.375, -26.625 ], [ 118.125, -26.625 ], [ 118.125, -26.375 ], [ 117.625, -26.375 ], [ 117.625, -26.625 ], [ 117.375, -26.625 ], [ 117.375, -26.875 ], [ 116.625, -26.875 ], [ 116.625, -27.875 ], [ 115.375, -27.875 ], [ 115.375, -28.125 ], [ 114.125, -28.125 ], [ 114.125, -28.625 ], [ 114.375, -28.625 ], [ 114.375, -28.875 ], [ 114.625, -28.875 ], [ 114.625, -29.125 ], [ 114.875, -29.125 ], [ 114.875, -29.625 ], [ 115.125, -29.625 ], [ 115.125, -30.125 ], [ 115.625, -30.125 ], [ 115.625, -29.875 ], [ 115.875, -29.875 ], [ 115.875, -29.375 ], [ 116.125, -29.375 ], [ 116.125, -29.625 ], [ 116.375, -29.625 ], [ 116.375, -29.375 ], [ 116.625, -29.375 ], [ 116.625, -28.375 ], [ 117.125, -28.375 ], [ 117.125, -28.625 ], [ 117.375, -28.625 ], [ 117.375, -28.875 ], [ 118.125, -28.875 ], [ 118.125, -28.625 ], [ 118.375, -28.625 ], [ 118.375, -28.375 ], [ 118.625, -28.375 ], [ 118.625, -28.125 ], [ 118.875, -28.125 ], [ 118.875, -27.875 ], [ 119.125, -27.875 ], [ 119.125, -27.625 ], [ 119.375, -27.625 ], [ 119.375, -27.125 ], [ 119.625, -27.125 ], [ 119.625, -26.875 ], [ 120.625, -26.875 ], [ 120.625, -26.125 ], [ 119.625, -26.125 ] ] ] } },
{ "type": "Feature", "properties": { "cluster_id": 45, "cohesion": 6.7610640230242138, "distances": { "1": 45.45784517481931, "2": 36.63024429659987, "3": 40.87562355281982, "4": 49.25765515819195, "5": 48.834426206171976, "6": 42.69353454320307, "7": 35.420865747465754, "8": 38.58331409077899, "9": 37.19405807788797, "10": 42.09617350544983, "11": 44.86207727723162, "12": 37.43334636723069, "13": 36.52167776490117, "14": 40.78018107124595, "15": 39.14396506814596, "16": 32.76055415560623, "17": 29.399901070805615, "18": 29.8499320637441, "19": 35.43830974922419, "20": 31.938150635615678, "21": 28.560122892773805, "22": 23.673372724629132, "23": 26.8049997196275, "24": 29.64417323580401, "25": 28.93316528278198, "26": 21.89260212239313, "27": 24.46055827559105, "28": 33.98682559477409, "29": 24.261608126029213, "30": 29.99097228047623, "31": 22.382966178135227, "32": 16.030605848048996, "33": 27.758971103549005, "34": 25.755225524171905, "35": 19.35291751195257, "36": 15.306550155287193, "37": 18.806252765169585, "38": 21.12488965699747, "39": 19.473425077621737, "40": 11.694401239542449, "41": 16.659732418316587, "42": 21.47261100308297, "43": 13.22666181797078, "44": 13.912523704469539, "46": 30.223423582242134, "47": 32.63414940492032, "48": 32.88940642283463, "49": 32.350765754862934, "50": 32.399448804746896, "51": 35.33729600175427, "52": 29.44429370987045, "53": 37.14485853730313, "54": 32.87921949351533, "55": 35.72121417188326, "56": 28.271354346309955, "57": 24.049423023148275, "58": 30.83948903901591, "59": 28.591962529230962, "60": 31.013196680076238, "61": 26.133898080730372, "62": 31.665067100836186, "63": 25.385301559478336, "64": 30.215466310616723, "65": 22.839694630622155, "66": 29.559849178325127, "67": 21.682442098631974, "68": 19.153217750846327 } }, "geometry": { "type": "Polygon", "coordinates": [ [ [ 122.875, -24.875 ], [ 122.875, -25.125 ], [ 120.875, -25.125 ], [ 120.875, -25.375 ], [ 120.625, -25.375 ], [ 120.625, -25.625 ], [ 120.375, -25.625 ], [ 120.375, -26.125 ], [ 120.625, -26.125 ], [ 120.625, -26.375 ], [ 121.125, -26.375 ], [ 121.125, -26.125 ], [ 121.625, -26.125 ], [ 121.625, -26.625 ], [ 121.875, -26.625 ], [ 121.875, -26.875 ], [ 123.125, -26.875 ], [ 123.125, -27.125 ], [ 123.875, -27.125 ], [ 123.875, -26.875 ], [ 124.375, -26.875 ], [ 124.375, -26.625 ], [ 125.375, -26.625 ], [ 125.375, -26.375 ], [ 125.875, -26.375 ], [ 125.875, -26.125 ], [ 126.375, -26.125 ], [ 126.375, -26.375 ], [ 126.875, -26.375 ], [ 126.875, -26.125 ], [ 127.625, -26.125 ], [ 127.625, -25.875 ], [ 127.375, -25.875 ], [ 127.375, -25.625 ], [ 125.875, -25.625 ], [ 125.875, -25.375 ], [ 125.625, -25.375 ], [ 125.625, -25.125 ], [ 124.625, -25.125 ], [ 124.625, -24.875 ], [ 122.875, -24.875 ] ] ] } },
{ "type": "Feature", "properties": { "cluster_id": 46, "cohesion": 8.4063454065380139, "distances": { "1": 28.163243571311234, "2": 16.88045624828213, "3": 23.07565872820314, "4": 35.16836782301341, "5": 36.0461205100077, "6": 28.04147260439481, "7": 19.543524576198617, "8": 19.010019682191576, "9": 30.95033216222448, "10": 32.79625982381021, "11": 35.63356850231748, "12": 31.533955653598678, "13": 30.597207583681186, "14": 28.70609254632048, "15": 28.127112179651352, "16": 25.891203702031202, "17": 22.73035039205073, "18": 28.73823098540748, "19": 28.240640709314356, "20": 28.6117354319786, "21": 25.58757071929047, "22": 28.39762761137044, "23": 26.28544323706171, "24": 25.355271987192623, "25": 29.638159081933658, "26": 29.70515901509906, "27": 29.32485376290439, "28": 26.37003327129807, "29": 28.73291749684914, "30": 27.385817394964153, "31": 29.93772967881523, "32": 30.05278656796689, "33": 25.721667505672787, "34": 24.210576107389635, "35": 28.33186457727858, "36": 27.970358969158045, "37": 28.083894753831828, "38": 27.332291389059257, "39": 26.78529676238645, "40": 29.767213118716022, "41": 24.728372124153275, "42": 22.426888420988423, "43": 28.09278236720025, "44": 28.267525947176654, "45": 30.22342358224213, "47": 12.422535545362807, "48": 16.322976416393143, "49": 13.071685891282884, "50": 20.334872274187738, "51": 27.12502394520473, "52": 22.677838169715407, "53": 29.7311173832621, "54": 26.417398425033177, "55": 29.008258355937485, "56": 23.579534025112594, "57": 26.27196795393997, "58": 21.174926866557133, "59": 17.59367745420075, "60": 21.22849555233581, "61": 27.48585718539616, "62": 29.308709320063482, "63": 22.592879823849216, "64": 28.81415261046816, "65": 27.610973097005967, "66": 29.70248096021697, "67": 28.652929334886863, "68": 28.85275925394233 } }, "geometry": { "type": "MultiPolygon", "coordinates": [ [ [ [ 150.375, -23.625 ], [ 150.375, -23.875 ], [ 150.625, -23.875 ], [ 150.625, -24.375 ], [ 150.375, -24.375 ], [ 150.375, -24.125 ], [ 150.125, -24.125 ], [ 150.125, -23.625 ], [ 150.375, -23.625 ] ] ], [ [ [ 149.875, -23.625 ], [ 149.875, -23.375 ], [ 149.125, -23.375 ], [ 149.125, -23.625 ], [ 147.875, -23.625 ], [ 147.875, -24.125 ], [ 147.375, -24.125 ], [ 147.375, -23.875 ], [ 147.125, -23.875 ], [ 147.125, -23.375 ], [ 146.875, -23.375 ], [ 146.875, -22.875 ], [ 146.625, -22.875 ], [ 146.625, -22.625 ], [ 146.375, -22.625 ], [ 146.375, -22.875 ], [ 146.125, -22.875 ], [ 146.125, -23.625 ], [ 146.375, -23.625 ], [ 146.375, -24.125 ], [ 145.625, -24.125 ], [ 145.625, -23.875 ], [ 145.125, -23.875 ], [ 145.125, -23.625 ], [ 144.875, -23.625 ], [ 144.875, -23.375 ], [ 144.625, -23.375 ], [ 144.625, -23.125 ], [ 143.875, -23.125 ], [ 143.875, -22.375 ], [ 143.625, -22.375 ], [ 143.625, -21.625 ], [ 143.875, -21.625 ], [ 143.875, -21.375 ], [ 144.375, -21.375 ], [ 144.375, -21.625 ], [ 144.875, -21.625 ], [ 144.875, -21.125 ], [ 144.625, -21.125 ], [ 144.625, -19.875 ], [ 146.125, -19.875 ], [ 146.125, -19.375 ], [ 146.625, -19.375 ], [ 146.625, -19.625 ], [ 146.875, -19.625 ], [ 146.875, -19.875 ], [ 147.125, -19.875 ], [ 147.125, -20.125 ], [ 147.375, -20.125 ], [ 147.375, -20.375 ], [ 147.625, -20.375 ], [ 147.625, -20.625 ], [ 147.875, -20.625 ], [ 147.875, -21.375 ], [ 148.875, -21.375 ], [ 148.875, -21.625 ], [ 149.125, -21.625 ], [ 149.125, -21.875 ], [ 149.625, -21.875 ], [ 149.625, -22.125 ], [ 149.875, -22.125 ], [ 149.875, -22.375 ], [ 150.125, -22.375 ], [ 150.125, -22.625 ], [ 150.375, -22.625 ], [ 150.375, -23.375 ], [ 150.125, -23.375 ], [ 150.125, -23.625 ], [ 149.875, -23.625 ] ] ] ] } },
{ "type": "Feature", "properties": { "cluster_id": 47, "cohesion": 9.6042127334415746, "distances": { "1": 24.021605192094587, "2": 12.923918592155198, "3": 18.788576951489144, "4": 32.64811600476694, "5": 34.97059004495443, "6": 27.656079902727125, "7": 21.304369195228325, "8": 18.173819930543374, "9": 32.30983225151964, "10": 32.84213883468814, "11": 35.7043930447887, "12": 32.693828616326705, "13": 31.19354794095301, "14": 26.19539508119546, "15": 27.423154354435933, "16": 26.5024455918478, "17": 22.04552246980972, "18": 30.592081170988934, "19": 27.74596784653741, "20": 29.3347175260231, "21": 25.94306334471232, "22": 29.992251427151388, "23": 30.572137390466246, "24": 29.418892586582952, "25": 32.153071512052676, "26": 32.49148620514659, "27": 32.741489423077226, "28": 23.819964814614234, "29": 27.850792103274625, "30": 25.491581804352915, "31": 29.67545533165857, "32": 30.855228621827226, "33": 24.545383186630357, "34": 24.147077600955832, "35": 29.27677859140253, "36": 31.0222140875356, "37": 31.42793242582795, "38": 31.114407385754507, "39": 28.6357563794219, "40": 31.69248049959352, "41": 26.81407351169514, "42": 24.27525910970071, "43": 30.361945723360215, "44": 29.73164332395894, "45": 32.63414940492032, "46": 12.422535545362805, "48": 15.723742735715646, "49": 17.203719881408926, "50": 21.603245993950047, "51": 28.18311547511645, "52": 24.761782316983286, "53": 29.027906759792714, "54": 24.836121606311092, "55": 29.02332920529737, "56": 27.010831795247164, "57": 29.990324090104256, "58": 24.369635638309227, "59": 22.659582731153016, "60": 24.50231516827761, "61": 30.66539195124773, "62": 31.559760902776894, "63": 23.806496659961283, "64": 29.95993673620679, "65": 29.76873907958011, "66": 31.994308572865485, "67": 31.592944803881476, "68": 31.398282629586028 } }, "geometry": { "type": "MultiPolygon", "coordinates": [ [ [ [ 150.625, -22.375 ], [ 150.875, -22.375 ], [ 150.875, -22.625 ], [ 151.125, -22.625 ], [ 151.125, -23.375 ], [ 151.375, -23.375 ], [ 151.375, -23.625 ], [ 151.875, -23.625 ], [ 151.875, -23.875 ], [ 152.125, -23.875 ], [ 152.125, -24.125 ], [ 152.375, -24.125 ], [ 152.375, -24.375 ], [ 151.625, -24.375 ], [ 151.625, -24.125 ], [ 150.875, -24.125 ], [ 150.875, -24.625 ], [ 150.625, -24.625 ], [ 150.625, -23.875 ], [ 150.375, -23.875 ], [ 150.375, -23.625 ], [ 150.125, -23.625 ], [ 150.125, -23.375 ], [ 150.375, -23.375 ], [ 150.375, -22.625 ], [ 150.125, -22.625 ], [ 150.125, -22.375 ], [ 149.875, -22.375 ], [ 149.875, -22.125 ], [ 150.625, -22.125 ], [ 150.625, -22.375 ] ] ], [ [ [ 149.625, -21.875 ], [ 149.125, -21.875 ], [ 149.125, -21.625 ], [ 148.875, -21.625 ], [ 148.875, -21.375 ], [ 147.875, -21.375 ], [ 147.875, -20.625 ], [ 147.625, -20.625 ], [ 147.625, -20.375 ], [ 148.125, -20.375 ], [ 148.125, -20.625 ], [ 148.375, -20.625 ], [ 148.375, -20.375 ], [ 148.625, -20.375 ], [ 148.625, -20.625 ], [ 148.875, -20.625 ], [ 148.875, -20.875 ], [ 149.375, -20.875 ], [ 149.375, -21.125 ], [ 149.625, -21.125 ], [ 149.625, -21.625 ], [ 149.875, -21.625 ], [ 149.875, -22.125 ], [ 149.625, -22.125 ], [ 149.625, -21.875 ] ] ], [ [ [ 144.125, -19.875 ], [ 144.625, -19.875 ], [ 144.625, -21.125 ], [ 144.875, -21.125 ], [ 144.875, -21.625 ], [ 144.375, -21.625 ], [ 144.375, -20.875 ], [ 144.125, -20.875 ], [ 144.125, -20.625 ], [ 143.875, -20.625 ], [ 143.875, -20.375 ], [ 143.625, -20.375 ], [ 143.625, -19.625 ], [ 144.125, -19.625 ], [ 144.125, -19.875 ] ] ], [ [ [ 147.375, -20.375 ], [ 147.375, -20.125 ], [ 147.625, -20.125 ], [ 147.625, -20.375 ], [ 147.375, -20.375 ] ] ], [ [ [ 146.875, -19.875 ], [ 146.875, -19.625 ], [ 146.625, -19.625 ], [ 146.625, -19.375 ], [ 146.125, -19.375 ], [ 146.125, -19.875 ], [ 145.875, -19.875 ], [ 145.875, -19.625 ], [ 145.625, -19.625 ], [ 145.625, -19.375 ], [ 145.375, -19.375 ], [ 145.375, -19.125 ], [ 145.125, -19.125 ], [ 145.125, -18.375 ], [ 145.375, -18.375 ], [ 145.375, -18.625 ], [ 145.875, -18.625 ], [ 145.875, -18.875 ], [ 146.125, -18.875 ], [ 146.125, -19.125 ], [ 146.875, -19.125 ], [ 146.875, -19.375 ], [ 147.125, -19.375 ], [ 147.125, -19.625 ], [ 147.375, -19.625 ], [ 147.375, -20.125 ], [ 147.125, -20.125 ], [ 147.125, -19.875 ], [ 146.875, -19.875 ] ] ] ] } },
{ "type": "Feature", "properties": { "cluster_id": 48, "cohesion": 6.6604437017141844, "distances": { "1": 27.896593497831955, "2": 20.263948919883354, "3": 24.824659545472286, "4": 32.25257091114055, "5": 33.289730298351714, "6": 26.828527516986746, "7": 21.30524482063729, "8": 20.869594688222335, "9": 30.305725758317887, "10": 31.644947387914897, "11": 33.37533325015429, "12": 31.207986570891872, "13": 30.189438355321002, "14": 26.329189483130914, "15": 26.951952366606054, "16": 25.706436169212154, "17": 22.017381332297877, "18": 29.047899285887986, "19": 27.725497789498952, "20": 29.70336952584114, "21": 28.387289106410574, "22": 32.398644314797444, "23": 28.49887118616774, "24": 25.569332169642635, "25": 31.432187952461174, "26": 33.76250957499426, "27": 32.06051706457048, "28": 24.990066890637838, "29": 28.796747772785384, "30": 27.03541375896958, "31": 32.12043414722166, "32": 31.90865491861434, "33": 26.983441126648692, "34": 27.215500202484474, "35": 31.565127325465056, "36": 30.500009104435293, "37": 32.3264668553655, "38": 31.094225576255212, "39": 30.942996408524046, "40": 32.70828731834574, "41": 26.2597962821533, "42": 24.891775090826297, "43": 30.592240420895866, "44": 29.81668417920248, "45": 32.88940642283463, "46": 16.322976416393146, "47": 15.723742735715648, "49": 14.537397921660824, "50": 11.747838578593797, "51": 21.36752557937724, "52": 18.769042248793983, "53": 27.397055564131197, "54": 23.762762970705346, "55": 24.567277879770515, "56": 24.63000725400944, "57": 28.828067732680125, "58": 16.692875579924124, "59": 19.481625019880376, "60": 22.694957629271414, "61": 28.92811395208716, "62": 29.42786797564913, "63": 24.06703813809819, "64": 29.322897690680186, "65": 29.63490734844771, "66": 30.528518367089898, "67": 30.4294403254047, "68": 30.839602019449146 } }, "geometry": { "type": "Polygon", "coordinates": [ [ [ 150.875, -24.125 ], [ 150.875, -24.625 ], [ 151.375, -24.625 ], [ 151.375, -24.875 ], [ 151.625, -24.875 ], [ 151.625, -25.875 ], [ 151.375, -25.875 ], [ 151.375, -26.625 ], [ 151.875, -26.625 ], [ 151.875, -26.375 ], [ 152.875, -26.375 ], [ 152.875, -26.625 ], [ 153.125, -26.625 ], [ 153.125, -28.125 ], [ 153.375, -28.125 ], [ 153.375, -27.625 ], [ 153.625, -27.625 ], [ 153.625, -26.375 ], [ 153.375, -26.375 ], [ 153.375, -26.125 ], [ 153.625, -26.125 ], [ 153.625, -25.875 ], [ 153.375, -25.875 ], [ 153.375, -25.375 ], [ 153.125, -25.375 ], [ 153.125, -25.125 ], [ 152.875, -25.125 ], [ 152.875, -24.875 ], [ 152.625, -24.875 ], [ 152.625, -24.625 ], [ 152.375, -24.625 ], [ 152.375, -24.375 ], [ 151.625, -24.375 ], [ 151.625, -24.125 ], [ 150.875, -24.125 ] ] ] } },
{ "type": "Feature", "properties": { "cluster_id": 49, "cohesion": 10.331634366266803, "distances": { "1": 28.859870577721946, "2": 20.35127039400981, "3": 25.399760559402296, "4": 32.7890788110939, "5": 32.30766000257628, "6": 24.46627047217912, "7": 16.1997016519057, "8": 18.219433683484034, "9": 26.94962463743764, "10": 29.70484494926942, "11": 31.190438781453377, "12": 28.229047331804047, "13": 28.562201388694803, "14": 27.512540372076558, "15": 26.058766423283867, "16": 24.62238345590525, "17": 22.76472839812748, "18": 30.39528229172224, "19": 30.656783076896065, "20": 31.599838017883172, "21": 30.00757352908569, "22": 32.83645059378469, "23": 26.816748009573686, "24": 25.266337507384517, "25": 31.99467070053024, "26": 33.19919474025421, "27": 31.469784013986697, "28": 28.126167823444142, "29": 31.084119784692028, "30": 29.764213359018907, "31": 33.80957391930841, "32": 32.844606174118965, "33": 29.338005123426036, "34": 28.811605794907845, "35": 32.405633355693745, "36": 28.64599025010958, "37": 30.85417499896915, "38": 29.066826159971583, "39": 30.8893137924297, "40": 32.74756585287094, "41": 26.675779951666303, "42": 24.74609903186386, "43": 29.589987669169577, "44": 30.264254232084443, "45": 32.35076575486294, "46": 13.071685891282884, "47": 17.203719881408922, "48": 14.537397921660824, "50": 16.746977415562352, "51": 24.440522712468233, "52": 20.588047451075195, "53": 30.327723458206798, "54": 26.78669387644235, "55": 27.297109430260097, "56": 21.59107775154443, "57": 26.306137364601813, "58": 18.792198739575785, "59": 16.872589473520765, "60": 17.765585656101315, "61": 25.56445272454167, "62": 25.97182105007467, "63": 23.447611841523464, "64": 27.909435094382324, "65": 27.602171106686892, "66": 27.127918461667793, "67": 27.471781420672176, "68": 28.654952026394486 } }, "geometry": { "type": "Polygon", "coordinates": [ [ [ 143.375, -22.375 ], [ 143.375, -22.875 ], [ 143.125, -22.875 ], [ 143.125, -23.125 ], [ 142.875, -23.125 ], [ 142.875, -23.375 ], [ 143.125, -23.375 ], [ 143.125, -23.625 ], [ 143.375, -23.625 ], [ 143.375, -23.875 ], [ 143.625, -23.875 ], [ 143.625, -24.125 ], [ 143.875, -24.125 ], [ 143.875, -24.625 ], [ 144.125, -24.625 ], [ 144.125, -25.125 ], [ 146.125, -25.125 ], [ 146.125, -25.375 ], [ 146.375, -25.375 ], [ 146.375, -25.125 ], [ 148.125, -25.125 ], [ 148.125, -25.375 ], [ 148.375, -25.375 ], [ 148.375, -25.625 ], [ 149.125, -25.625 ], [ 149.125, -25.875 ], [ 148.875, -25.875 ], [ 148.875, -26.125 ], [ 149.125, -26.125 ], [ 149.125, -26.375 ], [ 151.125, -26.375 ], [ 151.125, -26.625 ], [ 151.375, -26.625 ], [ 151.375, -25.875 ], [ 151.625, -25.875 ], [ 151.625, -24.875 ], [ 151.375, -24.875 ], [ 151.375, -24.625 ], [ 150.625, -24.625 ], [ 150.625, -24.375 ], [ 150.375, -24.375 ], [ 150.375, -24.125 ], [ 150.125, -24.125 ], [ 150.125, -23.625 ], [ 149.875, -23.625 ], [ 149.875, -23.375 ], [ 149.125, -23.375 ], [ 149.125, -23.625 ], [ 147.875, -23.625 ], [ 147.875, -24.125 ], [ 147.375, -24.125 ], [ 147.375, -23.875 ], [ 147.125, -23.875 ], [ 147.125, -23.375 ], [ 146.875, -23.375 ], [ 146.875, -22.875 ], [ 146.625, -22.875 ], [ 146.625, -22.625 ], [ 146.375, -22.625 ], [ 146.375, -22.875 ], [ 146.125, -22.875 ], [ 146.125, -23.625 ], [ 146.375, -23.625 ], [ 146.375, -24.125 ], [ 145.625, -24.125 ], [ 145.625, -23.875 ], [ 145.125, -23.875 ], [ 145.125, -23.625 ], [ 144.875, -23.625 ], [ 144.875, -23.375 ], [ 144.625, -23.375 ], [ 144.625, -23.125 ], [ 143.875, -23.125 ], [ 143.875, -22.375 ], [ 143.375, -22.375 ] ] ] } },
{ "type": "Feature", "properties": { "cluster_id": 50, "cohesion": 8.1378678342155606, "distances": { "1": 29.27985483333273, "2": 24.34051014696165, "3": 27.20143682661065, "4": 31.586811621610963, "5": 31.497950204185585, "6": 26.339527519249035, "7": 21.893317164424463, "8": 23.159167892058644, "9": 27.34806188934571, "10": 29.122490470239068, "11": 30.649121939006267, "12": 27.93458707898574, "13": 27.1393453834223, "14": 26.385632238656353, "15": 25.618788387193746, "16": 23.753525414085004, "17": 22.260216505957573, "18": 25.785818609363076, "19": 26.62905261807246, "20": 28.469561613067444, "21": 29.51115964131279, "22": 33.07889811635926, "23": 25.800938051698473, "24": 21.982974538647788, "25": 28.839231885892897, "26": 32.880327708659934, "27": 29.646176815888847, "28": 26.154041653279034, "29": 30.65245705790645, "30": 28.9897252293049, "31": 34.546022412771265, "32": 33.10062128253775, "33": 29.56223761941926, "34": 29.86208476907819, "35": 33.77458956807212, "36": 28.821450263226524, "37": 31.491557137636217, "38": 29.596064816498515, "39": 32.402299502032804, "40": 33.42417676844418, "41": 26.39546840461886, "42": 24.609603791850827, "43": 29.29932961225925, "44": 30.103319310486462, "45": 32.39944880474689, "46": 20.33487227418774, "47": 21.603245993950047, "48": 11.747838578593793, "49": 16.746977415562352, "51": 15.156906470630355, "52": 13.446008163497458, "53": 24.6797958360684, "54": 22.120283175390004, "55": 19.751521127390426, "56": 22.80114742081877, "57": 26.858096102104955, "58": 13.292457462157511, "59": 19.071179379895042, "60": 21.585254655708926, "61": 26.25853181819506, "62": 26.456788595907835, "63": 22.49829771315238, "64": 26.147911028287652, "65": 26.85910348482988, "66": 27.057234739157767, "67": 27.357771595883055, "68": 27.94808293215547 } }, "geometry": { "type": "MultiPolygon", "coordinates": [ [ [ [ 152.875, -31.125 ], [ 152.625, -31.125 ], [ 152.625, -30.875 ], [ 152.875, -30.875 ], [ 152.875, -31.125 ] ] ], [ [ [ 151.625, -30.125 ], [ 151.375, -30.125 ], [ 151.375, -29.875 ], [ 151.625, -29.875 ], [ 151.625, -30.125 ] ] ], [ [ [ 151.625, -29.875 ], [ 151.625, -29.375 ], [ 151.875, -29.375 ], [ 151.875, -29.875 ], [ 151.625, -29.875 ] ] ], [ [ [ 151.625, -26.875 ], [ 151.625, -26.625 ], [ 151.875, -26.625 ], [ 151.875, -26.375 ], [ 152.875, -26.375 ], [ 152.875, -26.625 ], [ 153.125, -26.625 ], [ 153.125, -28.125 ], [ 153.375, -28.125 ], [ 153.375, -27.625 ], [ 153.875, -27.625 ], [ 153.875, -29.125 ], [ 153.625, -29.125 ], [ 153.625, -30.125 ], [ 153.125, -30.125 ], [ 153.125, -30.375 ], [ 152.625, -30.375 ], [ 152.625, -29.625 ], [ 152.875, -29.625 ], [ 152.875, -29.125 ], [ 153.125, -29.125 ], [ 153.125, -28.875 ], [ 153.375, -28.875 ], [ 153.375, -28.375 ], [ 152.375, -28.375 ], [ 152.375, -28.625 ], [ 152.125, -28.625 ], [ 152.125, -29.375 ], [ 151.875, -29.375 ], [ 151.875, -26.875 ], [ 151.625, -26.875 ] ] ] ] } },
{ "type": "Feature", "properties": { "cluster_id": 51, "cohesion": 8.0601699304175671, "distances": { "1": 30.08883666295154, "2": 28.872058655678753, "3": 29.23559072672791, "4": 31.461418637620792, "5": 31.319271984419675, "6": 28.994226761332644, "7": 27.3305788807245, "8": 27.862106424875325, "9": 28.819182047266636, "10": 28.45915394666597, "11": 31.03001836793598, "12": 27.24021358844952, "13": 25.330602213242834, "14": 27.849813044441476, "15": 26.40158971736005, "16": 24.115147972427476, "17": 25.598554390709214, "18": 21.246422848418362, "19": 22.97841805660586, "20": 25.813909891772198, "21": 30.9336792101134, "22": 34.89146676499482, "23": 28.64052221758372, "24": 22.581808245337935, "25": 26.353361203443477, "26": 33.989661005510975, "27": 30.26825187530719, "28": 28.874648069195164, "29": 35.378703164481124, "30": 33.219493431085304, "31": 39.38535502991729, "32": 37.47773991238125, "33": 34.49122272026112, "34": 34.314020090455486, "35": 38.912644708894554, "36": 32.095004656959375, "37": 34.39213225553388, "38": 33.19017747899553, "39": 36.6316626492251, "40": 37.66563118652289, "41": 30.31146588668665, "42": 27.13370688210831, "43": 31.106701557571995, "44": 34.003960033348164, "45": 35.337296001754275, "46": 27.12502394520473, "47": 28.18311547511646, "48": 21.36752557937724, "49": 24.440522712468233, "50": 15.156906470630355, "52": 12.57916033241242, "53": 17.766469484810035, "54": 19.03460457102033, "55": 11.585574647948784, "56": 28.605939980413638, "57": 31.393165545307355, "58": 18.606148656105425, "59": 25.36657149473743, "60": 27.402603258139642, "61": 30.219280559314818, "62": 29.41203227475053, "63": 23.383223089089753, "64": 24.32730594572901, "65": 26.64792829708878, "66": 27.526645583768154, "67": 28.906870918370643, "68": 28.286650555389517 } }, "geometry": { "type": "MultiPolygon", "coordinates": [ [ [ [ 149.375, -36.625 ], [ 149.375, -36.875 ], [ 149.125, -36.875 ], [ 149.125, -37.375 ], [ 148.875, -37.375 ], [ 148.875, -37.625 ], [ 148.625, -37.625 ], [ 148.625, -36.625 ], [ 149.125, -36.625 ], [ 149.125, -36.375 ], [ 149.625, -36.375 ], [ 149.625, -36.625 ], [ 149.375, -36.625 ] ] ], [ [ [ 149.625, -36.125 ], [ 149.875, -36.125 ], [ 149.875, -35.875 ], [ 150.125, -35.875 ], [ 150.125, -36.375 ], [ 149.625, -36.375 ], [ 149.625, -36.125 ] ] ], [ [ [ 150.375, -35.875 ], [ 150.125, -35.875 ], [ 150.125, -35.625 ], [ 150.375, -35.625 ], [ 150.375, -35.875 ] ] ], [ [ [ 148.375, -35.625 ], [ 148.375, -35.375 ], [ 148.625, -35.375 ], [ 148.625, -35.625 ], [ 148.375, -35.625 ] ] ], [ [ [ 148.625, -35.125 ], [ 148.875, -35.125 ], [ 148.875, -35.375 ], [ 148.625, -35.375 ], [ 148.625, -35.125 ] ] ], [ [ [ 149.125, -34.625 ], [ 149.375, -34.625 ], [ 149.375, -33.125 ], [ 149.625, -33.125 ], [ 149.625, -32.625 ], [ 150.875, -32.625 ], [ 150.875, -32.125 ], [ 151.125, -32.125 ], [ 151.125, -31.625 ], [ 151.375, -31.625 ], [ 151.375, -31.375 ], [ 151.625, -31.375 ], [ 151.625, -30.625 ], [ 151.875, -30.625 ], [ 151.875, -30.125 ], [ 151.625, -30.125 ], [ 151.625, -29.875 ], [ 151.875, -29.875 ], [ 151.875, -29.375 ], [ 152.125, -29.375 ], [ 152.125, -28.625 ], [ 152.375, -28.625 ], [ 152.375, -29.125 ], [ 152.625, -29.125 ], [ 152.625, -30.375 ], [ 152.875, -30.375 ], [ 152.875, -30.875 ], [ 152.625, -30.875 ], [ 152.625, -31.625 ], [ 152.375, -31.625 ], [ 152.375, -31.875 ], [ 152.125, -31.875 ], [ 152.125, -32.375 ], [ 151.875, -32.375 ], [ 151.875, -32.125 ], [ 151.375, -32.125 ], [ 151.375, -32.625 ], [ 151.875, -32.625 ], [ 151.875, -32.875 ], [ 151.375, -32.875 ], [ 151.375, -33.375 ], [ 151.125, -33.375 ], [ 151.125, -33.625 ], [ 150.875, -33.625 ], [ 150.875, -34.125 ], [ 150.625, -34.125 ], [ 150.625, -33.875 ], [ 150.375, -33.875 ], [ 150.375, -33.625 ], [ 150.625, -33.625 ], [ 150.625, -33.125 ], [ 150.375, -33.125 ], [ 150.375, -33.375 ], [ 150.125, -33.375 ], [ 150.125, -33.625 ], [ 149.875, -33.625 ], [ 149.875, -34.125 ], [ 149.625, -34.125 ], [ 149.625, -34.875 ], [ 149.375, -34.875 ], [ 149.375, -35.125 ], [ 148.875, -35.125 ], [ 148.875, -34.875 ], [ 149.125, -34.875 ], [ 149.125, -34.625 ] ] ] ] } },
{ "type": "Feature", "properties": { "cluster_id": 52, "cohesion": 10.424271485874522, "distances": { "1": 31.285651681445646, "2": 26.87925747617313, "3": 28.987399630888792, "4": 33.82256755466288, "5": 33.35341986230653, "6": 28.941800362372433, "7": 24.51522789402826, "8": 26.436387620512022, "9": 27.15789838902976, "10": 29.267551533259958, "11": 31.59246910926338, "12": 26.836532913890167, "13": 25.65846719144519, "14": 28.34639038427622, "15": 26.537968434465817, "16": 22.967296252367856, "17": 22.869951476881983, "18": 20.081509960981812, "19": 23.87982473538244, "20": 24.80825836143459, "21": 27.634395882492683, "22": 30.277627725802184, "23": 22.757439053885072, "24": 18.338865357843524, "25": 23.66461009332491, "26": 28.893306136817383, "27": 25.170079596042854, "28": 27.092662740645547, "29": 30.904364888775778, "30": 29.842414884689784, "31": 34.22738751926942, "32": 31.96821096675724, "33": 30.083423858717534, "34": 29.46387295733574, "35": 32.90308632427216, "36": 25.84785437017096, "37": 28.13969855399374, "38": 26.59976408570577, "39": 30.647253984926778, "40": 31.3966743458301, "41": 24.80724043459141, "42": 22.694804095856995, "43": 26.230895822856223, "44": 28.538441965946003, "45": 29.44429370987045, "46": 22.67783816971541, "47": 24.761782316983286, "48": 18.769042248793983, "49": 20.58804745107519, "50": 13.446008163497458, "51": 12.579160332412421, "53": 21.18589357661058, "54": 19.892662844992334, "55": 16.169779153670078, "56": 22.72019574831172, "57": 24.850072586865522, "58": 14.443698872291327, "59": 19.729635338455978, "60": 22.66787431749536, "61": 24.581679861973676, "62": 25.59988927941431, "63": 20.428621741209124, "64": 23.30071306928555, "65": 23.45855653369447, "66": 24.685265825762965, "67": 24.07345047613569, "68": 24.125924633671303 } }, "geometry": { "type": "MultiPolygon", "coordinates": [ [ [ [ 150.375, -37.375 ], [ 150.125, -37.375 ], [ 150.125, -37.625 ], [ 149.875, -37.625 ], [ 149.875, -37.875 ], [ 149.625, -37.875 ], [ 149.625, -38.125 ], [ 148.625, -38.125 ], [ 148.625, -37.875 ], [ 148.875, -37.875 ], [ 148.875, -37.625 ], [ 149.375, -37.625 ], [ 149.375, -37.375 ], [ 149.625, -37.375 ], [ 149.625, -36.875 ], [ 149.875, -36.875 ], [ 149.875, -36.375 ], [ 150.125, -36.375 ], [ 150.125, -35.875 ], [ 150.375, -35.875 ], [ 150.375, -35.375 ], [ 150.625, -35.375 ], [ 150.625, -36.375 ], [ 150.375, -36.375 ], [ 150.375, -37.375 ] ] ], [ [ [ 150.875, -35.375 ], [ 150.625, -35.375 ], [ 150.625, -35.125 ], [ 150.875, -35.125 ], [ 150.875, -35.375 ] ] ], [ [ [ 149.125, -34.875 ], [ 148.875, -34.875 ], [ 148.875, -35.125 ], [ 148.625, -35.125 ], [ 148.625, -35.375 ], [ 148.125, -35.375 ], [ 148.125, -35.125 ], [ 147.875, -35.125 ], [ 147.875, -34.875 ], [ 148.625, -34.875 ], [ 148.625, -34.625 ], [ 148.875, -34.625 ], [ 148.875, -34.375 ], [ 149.125, -34.375 ], [ 149.125, -33.375 ], [ 148.875, -33.375 ], [ 148.875, -33.125 ], [ 149.375, -33.125 ], [ 149.375, -34.625 ], [ 149.125, -34.625 ], [ 149.125, -34.875 ] ] ], [ [ [ 149.625, -33.125 ], [ 149.375, -33.125 ], [ 149.375, -32.875 ], [ 149.625, -32.875 ], [ 149.625, -33.125 ] ] ], [ [ [ 153.125, -31.375 ], [ 153.125, -31.875 ], [ 152.875, -31.875 ], [ 152.875, -32.375 ], [ 152.625, -32.375 ], [ 152.625, -32.625 ], [ 152.375, -32.625 ], [ 152.375, -32.875 ], [ 152.125, -32.875 ], [ 152.125, -33.125 ], [ 151.875, -33.125 ], [ 151.875, -33.375 ], [ 151.625, -33.375 ], [ 151.625, -34.125 ], [ 151.375, -34.125 ], [ 151.375, -34.375 ], [ 151.125, -34.375 ], [ 151.125, -35.125 ], [ 150.875, -35.125 ], [ 150.875, -33.625 ], [ 151.125, -33.625 ], [ 151.125, -33.375 ], [ 151.375, -33.375 ], [ 151.375, -32.875 ], [ 151.875, -32.875 ], [ 151.875, -32.375 ], [ 152.125, -32.375 ], [ 152.125, -31.875 ], [ 152.375, -31.875 ], [ 152.375, -31.625 ], [ 152.625, -31.625 ], [ 152.625, -31.125 ], [ 152.875, -31.125 ], [ 152.875, -30.375 ], [ 153.125, -30.375 ], [ 153.125, -30.125 ], [ 153.375, -30.125 ], [ 153.375, -31.375 ], [ 153.125, -31.375 ] ] ], [ [ [ 151.125, -31.625 ], [ 151.125, -32.125 ], [ 150.875, -32.125 ], [ 150.875, -32.625 ], [ 149.625, -32.625 ], [ 149.625, -32.375 ], [ 149.875, -32.375 ], [ 149.875, -31.875 ], [ 150.625, -31.875 ], [ 150.625, -31.625 ], [ 150.875, -31.625 ], [ 150.875, -31.375 ], [ 151.375, -31.375 ], [ 151.375, -31.625 ], [ 151.125, -31.625 ] ] ], [ [ [ 151.375, -30.625 ], [ 151.625, -30.625 ], [ 151.625, -31.375 ], [ 151.375, -31.375 ], [ 151.375, -30.625 ] ] ], [ [ [ 151.625, -30.125 ], [ 151.875, -30.125 ], [ 151.875, -30.625 ], [ 151.625, -30.625 ], [ 151.625, -30.125 ] ] ], [ [ [ 153.125, -29.125 ], [ 152.875, -29.125 ], [ 152.875, -29.625 ], [ 152.625, -29.625 ], [ 152.625, -29.125 ], [ 152.375, -29.125 ], [ 152.375, -28.375 ], [ 153.375, -28.375 ], [ 153.375, -28.875 ], [ 153.125, -28.875 ], [ 153.125, -29.125 ] ] ] ] } },
{ "type": "Feature", "properties": { "cluster_id": 53, "cohesion": 8.467567179143936, "distances": { "1": 28.456836209683093, "2": 28.822362797228315, "3": 27.083008111768052, "4": 34.08595829155131, "5": 36.32309733894967, "6": 34.742020234556584, "7": 33.2212750021721, "8": 31.24356835138399, "9": 35.94335054138228, "10": 33.20327389448038, "11": 37.876980068310075, "12": 32.66607297585373, "13": 28.727541223602543, "14": 30.212618379105436, "15": 29.99974965678876, "16": 27.666480945067644, "17": 28.803920285578666, "18": 18.047148669543112, "19": 12.645548270390204, "20": 18.35664421995313, "21": 25.817565041874232, "22": 31.138720384454846, "23": 32.82748451679253, "24": 27.223814001491856, "25": 23.389153429986944, "26": 32.023413582455014, "27": 30.94309233103692, "28": 28.56603404399885, "29": 37.22091572491462, "30": 33.94561245513801, "31": 39.40859333110536, "32": 39.13801741980611, "33": 34.19183301599686, "34": 32.30913049945157, "35": 38.86009684084004, "36": 35.89745446831007, "37": 35.18556409228621, "38": 35.89165131447791, "39": 35.81796666628157, "40": 38.94812387494432, "41": 32.67893047282163, "42": 27.5951790274934, "43": 32.9663770966124, "44": 36.53313994247773, "45": 37.144858537303136, "46": 29.7311173832621, "47": 29.027906759792714, "48": 27.397055564131197, "49": 30.327723458206794, "50": 24.6797958360684, "51": 17.766469484810035, "52": 21.185893576610578, "54": 14.35211834124479, "55": 14.098429416758472, "56": 34.97341729132643, "57": 36.15052115875365, "58": 27.476077170771617, "59": 30.85158483973304, "60": 33.9867189919843, "61": 36.56155509544458, "62": 36.75463392692573, "63": 24.5461576936749, "64": 26.52664992121202, "65": 29.00113205477247, "66": 33.24001061730407, "67": 34.06833714531741, "68": 31.259501266665456 } }, "geometry": { "type": "Polygon", "coordinates": [ [ [ 149.125, -35.375 ], [ 149.125, -35.625 ], [ 148.375, -35.625 ], [ 148.375, -36.375 ], [ 148.125, -36.375 ], [ 148.125, -36.625 ], [ 147.625, -36.625 ], [ 147.625, -36.875 ], [ 146.875, -36.875 ], [ 146.875, -37.125 ], [ 146.375, -37.125 ], [ 146.375, -37.375 ], [ 146.125, -37.375 ], [ 146.125, -37.625 ], [ 144.875, -37.625 ], [ 144.875, -37.375 ], [ 144.125, -37.375 ], [ 144.125, -37.625 ], [ 142.125, -37.625 ], [ 142.125, -37.875 ], [ 141.625, -37.875 ], [ 141.625, -38.125 ], [ 140.625, -38.125 ], [ 140.625, -38.375 ], [ 141.125, -38.375 ], [ 141.125, -38.625 ], [ 142.625, -38.625 ], [ 142.625, -38.875 ], [ 143.125, -38.875 ], [ 143.125, -39.125 ], [ 143.875, -39.125 ], [ 143.875, -38.875 ], [ 144.125, -38.875 ], [ 144.125, -38.625 ], [ 144.375, -38.625 ], [ 144.375, -38.375 ], [ 145.125, -38.375 ], [ 145.125, -38.625 ], [ 145.375, -38.625 ], [ 145.375, -38.875 ], [ 146.375, -38.875 ], [ 146.375, -38.625 ], [ 145.625, -38.625 ], [ 145.625, -38.375 ], [ 145.875, -38.375 ], [ 145.875, -38.125 ], [ 146.125, -38.125 ], [ 146.125, -37.875 ], [ 147.125, -37.875 ], [ 147.125, -37.625 ], [ 148.625, -37.625 ], [ 148.625, -36.625 ], [ 148.875, -36.625 ], [ 148.875, -36.375 ], [ 149.375, -36.375 ], [ 149.375, -35.875 ], [ 149.625, -35.875 ], [ 149.625, -35.375 ], [ 149.125, -35.375 ] ] ] } },
{ "type": "Feature", "properties": { "cluster_id": 54, "cohesion": 6.8898779192984287, "distances": { "1": 24.777229904039437, "2": 24.15116510734599, "3": 23.10989826900697, "4": 30.65339929147799, "5": 32.71227550240978, "6": 29.817856472114055, "7": 28.017896383008747, "8": 26.362434004422525, "9": 31.077956868651967, "10": 30.301327264181296, "11": 33.25180869972176, "12": 29.4626510188728, "13": 26.712118789946736, "14": 25.967904744603626, "15": 26.522242620480885, "16": 24.84761701404605, "17": 24.01173400490525, "18": 22.368957300303272, "19": 18.98783203485686, "20": 23.413231320190278, "21": 26.6982625570379, "22": 30.93439249599289, "23": 31.833302169295578, "24": 28.585336095054387, "25": 27.172253360952936, "26": 31.87343841592519, "27": 31.314018259526065, "28": 23.537129207339987, "29": 30.570488074093568, "30": 27.871470114263797, "31": 34.10789120847117, "32": 33.52596648315291, "33": 29.3543249579886, "34": 29.425175137199293, "35": 34.43656756101567, "36": 31.46547533715789, "37": 32.79472564232416, "38": 32.93369202896878, "39": 32.72416057387652, "40": 34.371580313334746, "41": 28.57060925396909, "42": 24.961793383987384, "43": 29.286456637073034, "44": 31.280854801108465, "45": 32.87921949351532, "46": 26.41739842503318, "47": 24.836121606311092, "48": 23.762762970705346, "49": 26.786693876442353, "50": 22.120283175390004, "51": 19.034604571020335, "52": 19.892662844992334, "53": 14.352118341244793, "55": 14.710511629105929, "56": 30.17741361951004, "57": 32.06803043124214, "58": 26.40436329839041, "59": 28.881303394153118, "60": 28.94033770105104, "61": 31.340278436089914, "62": 31.28902399862061, "63": 21.730803819793156, "64": 24.610861764400102, "65": 26.509034000061998, "66": 29.49290691255366, "67": 30.00051375794148, "68": 28.11164109968001 } }, "geometry": { "type": "Polygon", "coordinates": [ [ [ 144.875, -40.375 ], [ 144.875, -40.625 ], [ 144.625, -40.625 ], [ 144.625, -40.875 ], [ 144.375, -40.875 ], [ 144.375, -41.375 ], [ 144.625, -41.375 ], [ 144.625, -41.875 ], [ 144.875, -41.875 ], [ 144.875, -42.125 ], [ 145.125, -42.125 ], [ 145.125, -42.375 ], [ 144.875, -42.375 ], [ 144.875, -42.625 ], [ 145.125, -42.625 ], [ 145.125, -42.875 ], [ 145.375, -42.875 ], [ 145.375, -43.125 ], [ 145.625, -43.125 ], [ 145.625, -43.375 ], [ 145.875, -43.375 ], [ 145.875, -43.625 ], [ 147.125, -43.625 ], [ 147.125, -43.375 ], [ 147.375, -43.375 ], [ 147.375, -43.125 ], [ 147.875, -43.125 ], [ 147.875, -42.875 ], [ 148.125, -42.875 ], [ 148.125, -42.625 ], [ 148.375, -42.625 ], [ 148.375, -42.125 ], [ 148.625, -42.125 ], [ 148.625, -40.875 ], [ 148.375, -40.875 ], [ 148.375, -40.625 ], [ 148.125, -40.625 ], [ 148.125, -40.375 ], [ 147.875, -40.375 ], [ 147.875, -40.625 ], [ 146.625, -40.625 ], [ 146.625, -40.875 ], [ 146.125, -40.875 ], [ 146.125, -40.625 ], [ 145.125, -40.625 ], [ 145.125, -40.375 ], [ 144.875, -40.375 ] ] ] } },
{ "type": "Feature", "properties": { "cluster_id": 55, "cohesion": 8.7801626880048129, "distances": { "1": 27.935062691255126, "2": 28.433195638467247, "3": 27.552917546651575, "4": 29.760571667132766, "5": 30.30474689445778, "6": 28.97028565541585, "7": 28.55146415119182, "8": 28.01379580440682, "9": 29.161332002902604, "10": 27.53247764461429, "11": 30.625904939997433, "12": 26.651887399459405, "13": 24.081412491655577, "14": 26.57141179953235, "15": 25.59187993033002, "16": 23.60020839806448, "17": 25.428541437826127, "18": 21.576445813560067, "19": 21.369080806015404, "20": 25.406987776841945, "21": 31.08840949049775, "22": 35.2138931370366, "23": 31.973181547424517, "24": 26.646907824624552, "25": 27.38298905609825, "26": 34.8204390747559, "27": 32.21925824208541, "28": 27.965983217933704, "29": 35.24413034499658, "30": 32.78152162061497, "31": 39.40333359949481, "32": 37.6724716075089, "33": 34.67056801238163, "34": 34.79094443471501, "35": 39.544099981686585, "36": 33.13675948716938, "37": 35.70546671604889, "38": 35.15434224432813, "39": 37.412746889809036, "40": 38.29907097901864, "41": 31.1923768860137, "42": 27.51937536788488, "43": 31.05659395713616, "44": 34.36198125776668, "45": 35.72121417188326, "46": 29.008258355937475, "47": 29.02332920529737, "48": 24.567277879770515, "49": 27.297109430260093, "50": 19.751521127390426, "51": 11.585574647948784, "52": 16.169779153670078, "53": 14.098429416758472, "54": 14.71051162910593, "56": 31.351036427813153, "57": 33.74153970168704, "58": 24.14690955163937, "59": 29.34887045199965, "60": 29.6155406045787, "61": 31.93274725236553, "62": 30.520249132073754, "63": 22.995422728332578, "64": 23.128547981027474, "65": 26.19717469000793, "66": 27.670906218459166, "67": 29.550411031245808, "68": 28.135385459222682 } }, "geometry": { "type": "MultiPolygon", "coordinates": [ [ [ [ 148.625, -37.875 ], [ 148.625, -38.125 ], [ 148.125, -38.125 ], [ 148.125, -38.375 ], [ 147.375, -38.375 ], [ 147.375, -38.625 ], [ 147.125, -38.625 ], [ 147.125, -38.875 ], [ 146.625, -38.875 ], [ 146.625, -39.125 ], [ 145.875, -39.125 ], [ 145.875, -38.875 ], [ 146.375, -38.875 ], [ 146.375, -38.625 ], [ 145.625, -38.625 ], [ 145.625, -38.375 ], [ 145.875, -38.375 ], [ 145.875, -38.125 ], [ 146.125, -38.125 ], [ 146.125, -37.875 ], [ 147.125, -37.875 ], [ 147.125, -37.625 ], [ 148.875, -37.625 ], [ 148.875, -37.875 ], [ 148.625, -37.875 ] ] ], [ [ [ 149.125, -37.375 ], [ 149.125, -36.875 ], [ 149.375, -36.875 ], [ 149.375, -36.625 ], [ 149.625, -36.625 ], [ 149.625, -36.375 ], [ 149.875, -36.375 ], [ 149.875, -36.875 ], [ 149.625, -36.875 ], [ 149.625, -37.375 ], [ 149.375, -37.375 ], [ 149.375, -37.625 ], [ 148.875, -37.625 ], [ 148.875, -37.375 ], [ 149.125, -37.375 ] ] ], [ [ [ 150.625, -33.625 ], [ 150.375, -33.625 ], [ 150.375, -33.875 ], [ 150.625, -33.875 ], [ 150.625, -34.125 ], [ 150.875, -34.125 ], [ 150.875, -35.125 ], [ 150.625, -35.125 ], [ 150.625, -35.375 ], [ 150.375, -35.375 ], [ 150.375, -35.625 ], [ 150.125, -35.625 ], [ 150.125, -35.875 ], [ 149.875, -35.875 ], [ 149.875, -36.125 ], [ 149.625, -36.125 ], [ 149.625, -36.375 ], [ 149.375, -36.375 ], [ 149.375, -35.875 ], [ 149.625, -35.875 ], [ 149.625, -35.375 ], [ 149.125, -35.375 ], [ 149.125, -35.625 ], [ 148.625, -35.625 ], [ 148.625, -35.375 ], [ 148.875, -35.375 ], [ 148.875, -35.125 ], [ 149.375, -35.125 ], [ 149.375, -34.875 ], [ 149.625, -34.875 ], [ 149.625, -34.125 ], [ 149.875, -34.125 ], [ 149.875, -33.625 ], [ 150.125, -33.625 ], [ 150.125, -33.375 ], [ 150.375, -33.375 ], [ 150.375, -33.125 ], [ 150.625, -33.125 ], [ 150.625, -33.625 ] ] ], [ [ [ 151.875, -32.625 ], [ 151.375, -32.625 ], [ 151.375, -32.125 ], [ 151.875, -32.125 ], [ 151.875, -32.625 ] ] ] ] } },
{ "type": "Feature", "properties": { "cluster_id": 56, "cohesion": 6.0394918107731366, "distances": { "1": 37.11346388654352, "2": 29.963549642600107, "3": 33.69882320684024, "4": 41.210894934010064, "5": 39.50791616324706, "6": 31.023426307792683, "7": 22.035026746011532, "8": 28.626462295414036, "9": 25.399267013610636, "10": 35.053011704221774, "11": 33.517086854155174, "12": 30.19232372062231, "13": 32.4803082482793, "14": 35.06429473361748, "15": 32.82169605161988, "16": 29.731477990632218, "17": 28.071312732090398, "18": 29.920219857596805, "19": 34.96267259339276, "20": 33.486045924999026, "21": 31.813863759666475, "22": 31.73567846553023, "23": 17.068210340048545, "24": 22.227042174137587, "25": 30.106163715731313, "26": 29.06165793459607, "27": 24.433290635490895, "28": 31.937846219088637, "29": 32.15182007022885, "30": 32.13135014645838, "31": 33.98983633612379, "32": 31.550979466442097, "33": 30.643356911602506, "34": 29.918020334559742, "35": 30.47822762858614, "36": 20.536565947261288, "37": 24.218880114407767, "38": 18.815292216451667, "39": 28.52703877406814, "40": 28.788927796840497, "41": 26.34534391018877, "42": 26.14264475422572, "43": 28.031581093936182, "44": 29.236432116278984, "45": 28.271354346309955, "46": 23.579534025112594, "47": 27.010831795247164, "48": 24.63000725400944, "49": 21.591077751544425, "50": 22.80114742081877, "51": 28.605939980413638, "52": 22.72019574831172, "53": 34.97341729132643, "54": 30.17741361951004, "55": 31.351036427813153, "57": 12.143001985526247, "58": 19.971810273012803, "59": 17.86290417632117, "60": 11.909471328477984, "61": 11.938702851037998, "62": 18.23331123764339, "63": 26.108787250485207, "64": 29.82976929818293, "65": 27.30144225325343, "66": 24.31761329212038, "67": 21.024099572367284, "68": 25.239922983069224 } }, "geometry": { "type": "Polygon", "coordinates": [ [ [ 139.875, -24.625 ], [ 139.875, -25.125 ], [ 140.125, -25.125 ], [ 140.125, -25.375 ], [ 140.375, -25.375 ], [ 140.375, -25.625 ], [ 140.125, -25.625 ], [ 140.125, -26.125 ], [ 140.375, -26.125 ], [ 140.375, -26.375 ], [ 141.375, -26.375 ], [ 141.375, -26.625 ], [ 141.625, -26.625 ], [ 141.625, -26.875 ], [ 142.375, -26.875 ], [ 142.375, -27.125 ], [ 143.375, -27.125 ], [ 143.375, -27.375 ], [ 144.125, -27.375 ], [ 144.125, -27.875 ], [ 144.625, -27.875 ], [ 144.625, -27.375 ], [ 145.125, -27.375 ], [ 145.125, -26.875 ], [ 144.375, -26.875 ], [ 144.375, -26.625 ], [ 143.875, -26.625 ], [ 143.875, -26.375 ], [ 143.625, -26.375 ], [ 143.625, -26.125 ], [ 143.125, -26.125 ], [ 143.125, -26.375 ], [ 142.625, -26.375 ], [ 142.625, -26.125 ], [ 142.375, -26.125 ], [ 142.375, -25.625 ], [ 142.125, -25.625 ], [ 142.125, -25.375 ], [ 141.875, -25.375 ], [ 141.875, -25.625 ], [ 141.625, -25.625 ], [ 141.625, -25.375 ], [ 141.375, -25.375 ], [ 141.375, -25.125 ], [ 140.875, -25.125 ], [ 140.875, -24.875 ], [ 140.625, -24.875 ], [ 140.625, -24.625 ], [ 139.875, -24.625 ] ] ] } },
{ "type": "Feature", "properties": { "cluster_id": 57, "cohesion": 8.1552971865868518, "distances": { "1": 41.57343094644793, "2": 33.732120488725734, "3": 37.48601053701755, "4": 46.2691514352099, "5": 44.954355684423966, "6": 37.24103510742397, "7": 28.425236352570128, "8": 34.02691269455352, "9": 30.37784320713814, "10": 39.2215636741849, "11": 39.2001858898789, "12": 33.88239396678985, "13": 35.30915897392082, "14": 39.06715946553969, "15": 36.71817228043087, "16": 32.14748982017888, "17": 30.15559356570207, "18": 28.04351626757362, "19": 34.85430811890247, "20": 31.723102889259394, "21": 29.468318956407394, "22": 27.29826853364624, "23": 13.670312189610499, "24": 21.34292356033274, "25": 26.884315671963833, "26": 23.153780193921495, "27": 18.86218213164498, "28": 33.68965907559181, "29": 31.811287981851645, "30": 32.85196602885015, "31": 31.841787337728118, "32": 29.102232856097135, "33": 30.12403770362511, "34": 27.899294903708736, "35": 26.945921733666673, "36": 16.28910272766131, "37": 17.53665660915475, "38": 11.576244916193808, "39": 23.943231828670758, "40": 24.35827179134661, "41": 24.520350539586143, "42": 25.192619109407683, "43": 25.61114166398888, "44": 27.127054141217393, "45": 24.04942302314827, "46": 26.27196795393997, "47": 29.990324090104256, "48": 28.828067732680125, "49": 26.306137364601813, "50": 26.858096102104955, "51": 31.39316554530735, "52": 24.850072586865522, "53": 36.15052115875365, "54": 32.06803043124214, "55": 33.741539701687046, "56": 12.143001985526247, "58": 22.60317140579001, "59": 19.873488565008454, "60": 19.26789303982779, "61": 13.400142434513738, "62": 22.195335820405468, "63": 26.81326309389417, "64": 31.081200937269916, "65": 26.884634745767393, "66": 26.3108694929359, "67": 20.14181865753477, "68": 23.75890932859317 } }, "geometry": { "type": "MultiPolygon", "coordinates": [ [ [ [ 135.875, -23.375 ], [ 135.875, -23.625 ], [ 136.375, -23.625 ], [ 136.375, -23.875 ], [ 136.625, -23.875 ], [ 136.625, -24.125 ], [ 137.125, -24.125 ], [ 137.125, -24.375 ], [ 137.375, -24.375 ], [ 137.375, -24.625 ], [ 137.875, -24.625 ], [ 137.875, -24.875 ], [ 138.625, -24.875 ], [ 138.625, -25.125 ], [ 138.875, -25.125 ], [ 138.875, -25.375 ], [ 139.625, -25.375 ], [ 139.625, -25.875 ], [ 140.125, -25.875 ], [ 140.125, -26.125 ], [ 140.375, -26.125 ], [ 140.375, -26.375 ], [ 141.375, -26.375 ], [ 141.375, -26.625 ], [ 141.625, -26.625 ], [ 141.625, -26.875 ], [ 142.375, -26.875 ], [ 142.375, -27.125 ], [ 143.375, -27.125 ], [ 143.375, -27.375 ], [ 144.125, -27.375 ], [ 144.125, -27.875 ], [ 144.625, -27.875 ], [ 144.625, -28.375 ], [ 144.375, -28.375 ], [ 144.375, -28.625 ], [ 143.625, -28.625 ], [ 143.625, -28.875 ], [ 143.375, -28.875 ], [ 143.375, -28.625 ], [ 143.125, -28.625 ], [ 143.125, -28.125 ], [ 142.625, -28.125 ], [ 142.625, -28.375 ], [ 142.125, -28.375 ], [ 142.125, -28.625 ], [ 141.625, -28.625 ], [ 141.625, -28.375 ], [ 140.375, -28.375 ], [ 140.375, -27.625 ], [ 140.125, -27.625 ], [ 140.125, -27.375 ], [ 139.875, -27.375 ], [ 139.875, -27.125 ], [ 139.375, -27.125 ], [ 139.375, -27.375 ], [ 138.625, -27.375 ], [ 138.625, -27.125 ], [ 138.375, -27.125 ], [ 138.375, -27.375 ], [ 137.875, -27.375 ], [ 137.875, -27.125 ], [ 137.625, -27.125 ], [ 137.625, -26.875 ], [ 137.375, -26.875 ], [ 137.375, -26.625 ], [ 137.125, -26.625 ], [ 137.125, -26.125 ], [ 136.875, -26.125 ], [ 136.875, -25.875 ], [ 136.625, -25.875 ], [ 136.625, -25.625 ], [ 136.125, -25.625 ], [ 136.125, -25.375 ], [ 135.875, -25.375 ], [ 135.875, -25.125 ], [ 135.625, -25.125 ], [ 135.625, -24.875 ], [ 134.625, -24.875 ], [ 134.625, -24.625 ], [ 134.375, -24.625 ], [ 134.375, -24.375 ], [ 134.125, -24.375 ], [ 134.125, -24.125 ], [ 134.375, -24.125 ], [ 134.375, -23.875 ], [ 134.625, -23.875 ], [ 134.625, -23.625 ], [ 134.375, -23.625 ], [ 134.375, -23.375 ], [ 135.875, -23.375 ] ] ], [ [ [ 133.875, -23.625 ], [ 133.875, -23.875 ], [ 133.625, -23.875 ], [ 133.625, -23.625 ], [ 133.875, -23.625 ] ] ] ] } },
{ "type": "Feature", "properties": { "cluster_id": 58, "cohesion": 8.0389811992048568, "distances": { "1": 35.74154017752372, "2": 28.895138272525767, "3": 32.55921288976688, "4": 39.49300709325066, "5": 39.041748335841824, "6": 32.94086535014202, "7": 26.110897287591605, "8": 29.029952575026847, "9": 31.356135591863758, "10": 35.228409714351024, "11": 36.7865790645148, "12": 32.526628444337405, "13": 31.91073144784041, "14": 33.48556037867194, "15": 31.92012023767714, "16": 28.398396478374774, "17": 26.98751365042422, "18": 23.463390657276904, "19": 27.38307194225645, "20": 27.141328691475973, "21": 28.00925300586607, "22": 30.402101075398136, "23": 19.185276653398294, "24": 15.11317277320655, "25": 24.972606032705947, "26": 29.021676254424847, "27": 24.42603563833686, "28": 30.39924755302188, "29": 32.85466143416396, "30": 32.121785607012974, "31": 34.888532749872745, "32": 33.1825222762387, "33": 30.543002705552198, "34": 28.88846470317795, "35": 32.203425910055714, "36": 26.95670592488368, "37": 27.414161586368447, "38": 24.85236699059894, "39": 29.836876482943826, "40": 31.608302285167344, "41": 25.419699836516955, "42": 24.25811983061073, "43": 29.188236786140717, "44": 30.193538600511364, "45": 30.83948903901591, "46": 21.174926866557126, "47": 24.36963563830923, "48": 16.692875579924117, "49": 18.792198739575785, "50": 13.29245746215751, "51": 18.606148656105425, "52": 14.443698872291327, "53": 27.476077170771617, "54": 26.404363298390408, "55": 24.146909551639375, "56": 19.97181027301281, "57": 22.60317140579001, "59": 13.855731449284502, "60": 21.785286366880577, "61": 24.886758411898988, "62": 28.083706490914274, "63": 24.57165592372551, "64": 29.274011995269053, "65": 28.173660917668894, "66": 29.303358116973428, "67": 27.39134122656342, "68": 28.26396543449348 } }, "geometry": { "type": "MultiPolygon", "coordinates": [ [ [ [ 151.875, -26.875 ], [ 151.875, -29.375 ], [ 151.625, -29.375 ], [ 151.625, -29.875 ], [ 151.375, -29.875 ], [ 151.375, -30.125 ], [ 151.625, -30.125 ], [ 151.625, -30.625 ], [ 151.375, -30.625 ], [ 151.375, -31.375 ], [ 150.875, -31.375 ], [ 150.875, -31.625 ], [ 150.625, -31.625 ], [ 150.625, -31.875 ], [ 149.875, -31.875 ], [ 149.875, -32.375 ], [ 149.625, -32.375 ], [ 149.625, -32.875 ], [ 149.375, -32.875 ], [ 149.375, -33.125 ], [ 148.625, -33.125 ], [ 148.625, -32.875 ], [ 148.375, -32.875 ], [ 148.375, -31.625 ], [ 148.625, -31.625 ], [ 148.625, -30.625 ], [ 148.875, -30.625 ], [ 148.875, -30.375 ], [ 150.125, -30.375 ], [ 150.125, -29.875 ], [ 150.875, -29.875 ], [ 150.875, -29.125 ], [ 151.125, -29.125 ], [ 151.125, -28.875 ], [ 151.375, -28.875 ], [ 151.375, -27.625 ], [ 151.625, -27.625 ], [ 151.625, -26.875 ], [ 151.875, -26.875 ] ] ], [ [ [ 151.375, -26.875 ], [ 151.375, -26.625 ], [ 151.625, -26.625 ], [ 151.625, -26.875 ], [ 151.375, -26.875 ] ] ] ] } },
{ "type": "Feature", "properties": { "cluster_id": 59, "cohesion": 9.0008212148083295, "distances": { "1": 37.01934751372349, "2": 28.074956329942548, "3": 32.62363248401658, "4": 42.491234914379426, "5": 42.09827202954255, "6": 34.81663054380837, "7": 25.70807872560067, "8": 29.08366389336346, "9": 33.0921377764524, "10": 37.50430545158371, "11": 39.67663721124563, "12": 34.24451813728642, "13": 33.7753240004568, "14": 35.94833729965177, "15": 33.891127010876495, "16": 29.854262357413685, "17": 28.125606798269494, "18": 25.36503674012155, "19": 29.176504267411268, "20": 27.696827247189486, "21": 26.339619471028563, "22": 27.403101887095335, "23": 16.999188387732186, "24": 16.129166668527244, "25": 25.122931532661653, "26": 26.008713792892106, "27": 23.068787241572725, "28": 31.91413675793041, "29": 32.48730205138639, "30": 32.490389208482625, "31": 32.991829432928256, "32": 31.49755936471296, "33": 29.617923159684644, "34": 26.408694006020912, "35": 29.0774921244996, "36": 25.066942880123456, "37": 23.69104616391924, "38": 21.461957582723777, "39": 25.916043957055653, "40": 28.81031183836439, "41": 23.75682573487724, "42": 22.68403734313099, "43": 27.814468818426132, "44": 28.780762667744575, "45": 28.591962529230962, "46": 17.59367745420075, "47": 22.659582731153012, "48": 19.481625019880376, "49": 16.872589473520765, "50": 19.071179379895042, "51": 25.36657149473743, "52": 19.729635338455978, "53": 30.85158483973304, "54": 28.88130339415312, "55": 29.34887045199965, "56": 17.86290417632117, "57": 19.873488565008458, "58": 13.855731449284503, "60": 20.125153737135037, "61": 23.876515730804353, "62": 28.88948843902999, "63": 24.465204982617202, "64": 30.393599596384888, "65": 27.9218145575832, "66": 30.017187557035115, "67": 27.013719237337707, "68": 27.712934215217647 } }, "geometry": { "type": "Polygon", "coordinates": [ [ [ 146.375, -25.125 ], [ 146.375, -25.375 ], [ 145.875, -25.375 ], [ 145.875, -25.625 ], [ 145.625, -25.625 ], [ 145.625, -25.875 ], [ 145.125, -25.875 ], [ 145.125, -26.625 ], [ 144.875, -26.625 ], [ 144.875, -26.875 ], [ 145.125, -26.875 ], [ 145.125, -27.375 ], [ 144.625, -27.375 ], [ 144.625, -28.375 ], [ 144.875, -28.375 ], [ 144.875, -28.875 ], [ 145.125, -28.875 ], [ 145.125, -29.125 ], [ 146.625, -29.125 ], [ 146.625, -29.375 ], [ 146.875, -29.375 ], [ 146.875, -29.625 ], [ 147.125, -29.625 ], [ 147.125, -29.875 ], [ 147.625, -29.875 ], [ 147.625, -30.375 ], [ 147.875, -30.375 ], [ 147.875, -30.875 ], [ 148.125, -30.875 ], [ 148.125, -31.375 ], [ 148.625, -31.375 ], [ 148.625, -30.625 ], [ 148.875, -30.625 ], [ 148.875, -30.375 ], [ 150.125, -30.375 ], [ 150.125, -29.875 ], [ 150.875, -29.875 ], [ 150.875, -29.125 ], [ 151.125, -29.125 ], [ 151.125, -28.875 ], [ 151.375, -28.875 ], [ 151.375, -27.625 ], [ 151.625, -27.625 ], [ 151.625, -26.875 ], [ 151.375, -26.875 ], [ 151.375, -26.625 ], [ 151.125, -26.625 ], [ 151.125, -26.375 ], [ 149.125, -26.375 ], [ 149.125, -26.125 ], [ 148.875, -26.125 ], [ 148.875, -25.875 ], [ 149.125, -25.875 ], [ 149.125, -25.625 ], [ 148.375, -25.625 ], [ 148.375, -25.375 ], [ 148.125, -25.375 ], [ 148.125, -25.125 ], [ 146.375, -25.125 ] ] ] } },
{ "type": "Feature", "properties": { "cluster_id": 60, "cohesion": 8.5510329413994537, "distances": { "1": 32.41757472356624, "2": 25.848658091656805, "3": 29.663005690266413, "4": 35.39530471928826, "5": 33.08281337093302, "6": 23.574014348073568, "7": 14.180406675822207, "8": 21.874897447430055, "9": 20.26786733062425, "10": 29.80313709672733, "11": 27.304820233576834, "12": 25.626324974884717, "13": 28.662713705537914, "14": 30.516446947074467, "15": 28.068054895363673, "16": 26.459281426043677, "17": 25.559519605992776, "18": 32.00595976237724, "19": 35.093382177339436, "20": 34.955951927832295, "21": 33.63427789168026, "22": 34.739536161804544, "23": 23.404349647177373, "24": 26.00881322089685, "25": 33.189906858825275, "26": 33.199675827595954, "27": 29.59282457288902, "28": 30.348069302527524, "29": 32.18449662315138, "30": 31.40275866130947, "31": 35.39378096869556, "32": 33.14187476673417, "33": 31.419688878425276, "34": 31.708310881389128, "35": 33.252427649502216, "36": 23.99194804712781, "37": 29.12840705581468, "38": 25.071195428817195, "39": 31.839257705925, "40": 31.964481974790797, "41": 28.157846405897423, "42": 27.019003554596797, "43": 29.090217044568945, "44": 30.592887957762613, "45": 31.013196680076238, "46": 21.22849555233581, "47": 24.50231516827761, "48": 22.69495762927141, "49": 17.76558565610131, "50": 21.585254655708923, "51": 27.402603258139642, "52": 22.66787431749536, "53": 33.9867189919843, "54": 28.94033770105104, "55": 29.615540604578705, "56": 11.909471328477984, "57": 19.26789303982779, "58": 21.78528636688058, "59": 20.125153737135037, "61": 15.134532519617563, "62": 15.993693785497124, "63": 25.091979677164733, "64": 27.658651333810326, "65": 26.54735365934544, "66": 21.9147902390679, "67": 21.567291333112482, "68": 25.570900969211987 } }, "geometry": { "type": "Polygon", "coordinates": [ [ [ 140.125, -22.375 ], [ 140.125, -22.625 ], [ 139.125, -22.625 ], [ 139.125, -22.875 ], [ 139.625, -22.875 ], [ 139.625, -23.125 ], [ 139.875, -23.125 ], [ 139.875, -23.375 ], [ 138.875, -23.375 ], [ 138.875, -23.625 ], [ 139.125, -23.625 ], [ 139.125, -23.875 ], [ 139.625, -23.875 ], [ 139.625, -24.125 ], [ 139.875, -24.125 ], [ 139.875, -24.375 ], [ 140.125, -24.375 ], [ 140.125, -24.625 ], [ 140.625, -24.625 ], [ 140.625, -24.875 ], [ 140.875, -24.875 ], [ 140.875, -25.125 ], [ 141.375, -25.125 ], [ 141.375, -25.375 ], [ 141.625, -25.375 ], [ 141.625, -25.625 ], [ 141.875, -25.625 ], [ 141.875, -25.375 ], [ 142.125, -25.375 ], [ 142.125, -25.625 ], [ 142.375, -25.625 ], [ 142.375, -26.125 ], [ 142.625, -26.125 ], [ 142.625, -26.375 ], [ 143.125, -26.375 ], [ 143.125, -26.125 ], [ 143.625, -26.125 ], [ 143.625, -26.375 ], [ 143.875, -26.375 ], [ 143.875, -26.625 ], [ 144.375, -26.625 ], [ 144.375, -26.875 ], [ 144.875, -26.875 ], [ 144.875, -26.625 ], [ 145.125, -26.625 ], [ 145.125, -25.875 ], [ 145.625, -25.875 ], [ 145.625, -25.625 ], [ 145.875, -25.625 ], [ 145.875, -25.375 ], [ 146.125, -25.375 ], [ 146.125, -25.125 ], [ 144.125, -25.125 ], [ 144.125, -24.625 ], [ 143.875, -24.625 ], [ 143.875, -24.125 ], [ 143.625, -24.125 ], [ 143.625, -23.875 ], [ 143.375, -23.875 ], [ 143.375, -23.625 ], [ 143.125, -23.625 ], [ 143.125, -23.375 ], [ 142.125, -23.375 ], [ 142.125, -23.125 ], [ 141.875, -23.125 ], [ 141.875, -22.625 ], [ 141.625, -22.625 ], [ 141.625, -22.375 ], [ 141.125, -22.375 ], [ 141.125, -22.625 ], [ 140.625, -22.625 ], [ 140.625, -22.375 ], [ 140.125, -22.375 ] ] ] } },
{ "type": "Feature", "properties": { "cluster_id": 61, "cohesion": 7.278675044147171, "distances": { "1": 38.84337006332458, "2": 32.549458989324236, "3": 35.932436598858835, "4": 41.003705218512614, "5": 38.394064667194584, "6": 30.71023495325779, "7": 23.378937624478382, "8": 30.32348985797423, "9": 21.60361304712177, "10": 32.86737220414223, "11": 30.703777713055267, "12": 26.646418700502075, "13": 30.253056850569713, "14": 34.91442405752662, "15": 31.963584714783256, "16": 28.340439843772636, "17": 27.53447749078498, "18": 31.592156723573943, "19": 37.515655956919474, "20": 35.810660915350915, "21": 34.65373377289353, "22": 33.41779306831005, "23": 20.94276973002449, "24": 26.347477485250913, "25": 32.03072430908788, "26": 29.867978288043115, "27": 25.72635055385134, "28": 33.46137464134304, "29": 32.006258946776995, "30": 33.10787237895496, "31": 34.712459533548504, "32": 30.82768989787295, "33": 32.88222455152654, "34": 32.75218708172259, "35": 31.67792546766171, "36": 16.871689198554492, "37": 24.324902353901056, "38": 19.336020236768917, "39": 29.905827712089113, "40": 28.009860342094342, "41": 26.64908052185784, "42": 27.446755284273838, "43": 25.76084317349752, "44": 28.036487309956645, "45": 26.133898080730372, "46": 27.485857185396153, "47": 30.66539195124773, "48": 28.92811395208716, "49": 25.564452724541674, "50": 26.25853181819506, "51": 30.219280559314818, "52": 24.581679861973672, "53": 36.56155509544458, "54": 31.34027843608992, "55": 31.932747252365534, "56": 11.938702851037998, "57": 13.40014243451374, "58": 24.886758411898988, "59": 23.876515730804357, "60": 15.134532519617563, "62": 12.716479475724288, "63": 26.560708725733242, "64": 27.7125135901586, "65": 24.608082847474098, "66": 19.015606209317863, "67": 14.863454430022436, "68": 21.02586187120303 } }, "geometry": { "type": "MultiPolygon", "coordinates": [ [ [ [ 134.375, -23.125 ], [ 135.375, -23.125 ], [ 135.375, -22.875 ], [ 137.125, -22.875 ], [ 137.125, -23.125 ], [ 138.125, -23.125 ], [ 138.125, -23.375 ], [ 138.875, -23.375 ], [ 138.875, -23.625 ], [ 139.125, -23.625 ], [ 139.125, -23.875 ], [ 139.625, -23.875 ], [ 139.625, -24.125 ], [ 139.875, -24.125 ], [ 139.875, -24.375 ], [ 140.125, -24.375 ], [ 140.125, -24.625 ], [ 139.875, -24.625 ], [ 139.875, -25.125 ], [ 140.125, -25.125 ], [ 140.125, -25.375 ], [ 140.375, -25.375 ], [ 140.375, -25.625 ], [ 140.125, -25.625 ], [ 140.125, -25.875 ], [ 139.625, -25.875 ], [ 139.625, -25.375 ], [ 138.875, -25.375 ], [ 138.875, -25.125 ], [ 138.625, -25.125 ], [ 138.625, -24.875 ], [ 137.875, -24.875 ], [ 137.875, -24.625 ], [ 137.375, -24.625 ], [ 137.375, -24.375 ], [ 137.125, -24.375 ], [ 137.125, -24.125 ], [ 136.625, -24.125 ], [ 136.625, -23.875 ], [ 136.375, -23.875 ], [ 136.375, -23.625 ], [ 135.875, -23.625 ], [ 135.875, -23.375 ], [ 134.375, -23.375 ], [ 134.375, -23.125 ] ] ], [ [ [ 134.375, -23.625 ], [ 133.625, -23.625 ], [ 133.625, -23.875 ], [ 131.875, -23.875 ], [ 131.875, -24.125 ], [ 131.375, -24.125 ], [ 131.375, -23.875 ], [ 130.375, -23.875 ], [ 130.375, -23.625 ], [ 130.875, -23.625 ], [ 130.875, -23.375 ], [ 134.375, -23.375 ], [ 134.375, -23.625 ] ] ] ] } },
{ "type": "Feature", "properties": { "cluster_id": 62, "cohesion": 7.0675128528794939, "distances": { "1": 35.349358605573634, "2": 31.31638787100225, "3": 33.95790575332182, "4": 34.54025985525662, "5": 30.74375132382899, "6": 23.638475067394484, "7": 19.5789502831546, "8": 26.53547722599027, "9": 13.199434506737514, "10": 26.149647806366886, "11": 21.41874805227932, "12": 20.07718557726906, "13": 25.91856371292247, "14": 30.168395024266587, "15": 26.953000708278317, "16": 25.28062128972357, "17": 25.810645420510937, "18": 35.259041059340284, "19": 39.527463551570385, "20": 39.360990020152485, "21": 39.259877969909574, "22": 39.43397596103815, "23": 28.425509930983523, "24": 31.58846803636321, "25": 37.038537641807046, "26": 36.76315866731728, "27": 32.74855204467067, "28": 33.64434410348478, "29": 34.340942719981314, "30": 34.50425793016885, "31": 39.054417200986364, "32": 35.19252617890005, "33": 36.34700821105093, "34": 37.64570964782778, "35": 37.61898351228102, "36": 22.923668936358627, "37": 32.13551769784016, "38": 27.9742537937057, "39": 36.54566584493545, "40": 34.163274818887544, "41": 31.352478225460974, "42": 31.355606517344615, "43": 29.337310941055932, "44": 32.100712545364836, "45": 31.665067100836183, "46": 29.308709320063482, "47": 31.559760902776894, "48": 29.42786797564913, "49": 25.97182105007467, "50": 26.456788595907827, "51": 29.41203227475053, "52": 25.59988927941431, "53": 36.75463392692573, "54": 31.28902399862061, "55": 30.520249132073758, "56": 18.23331123764339, "57": 22.19533582040546, "58": 28.083706490914274, "59": 28.889488439029993, "60": 15.993693785497127, "61": 12.716479475724288, "63": 28.0328970292139, "64": 26.223187692312383, "65": 25.41561645809367, "66": 14.881549615467351, "67": 16.046327345273646, "68": 22.7496314747224 } }, "geometry": { "type": "Polygon", "coordinates": [ [ [ 132.875, -21.875 ], [ 132.875, -22.125 ], [ 131.625, -22.125 ], [ 131.625, -22.375 ], [ 130.625, -22.375 ], [ 130.625, -22.625 ], [ 130.375, -22.625 ], [ 130.375, -22.875 ], [ 130.625, -22.875 ], [ 130.625, -23.125 ], [ 130.875, -23.125 ], [ 130.875, -23.375 ], [ 134.375, -23.375 ], [ 134.375, -23.125 ], [ 135.375, -23.125 ], [ 135.375, -22.875 ], [ 137.125, -22.875 ], [ 137.125, -23.125 ], [ 138.125, -23.125 ], [ 138.125, -23.375 ], [ 139.875, -23.375 ], [ 139.875, -23.125 ], [ 139.625, -23.125 ], [ 139.625, -22.875 ], [ 139.125, -22.875 ], [ 139.125, -22.625 ], [ 138.375, -22.625 ], [ 138.375, -22.375 ], [ 138.125, -22.375 ], [ 138.125, -22.125 ], [ 137.625, -22.125 ], [ 137.625, -21.875 ], [ 136.625, -21.875 ], [ 136.625, -22.125 ], [ 136.125, -22.125 ], [ 136.125, -21.875 ], [ 132.875, -21.875 ] ] ] } },
{ "type": "Feature", "properties": { "cluster_id": 63, "cohesion": 5.0842496537616482, "distances": { "1": 29.447441647366524, "2": 24.910422630259987, "3": 26.228982936676985, "4": 33.54758887332951, "5": 33.89786235307848, "6": 30.231354324572848, "7": 25.39236986865264, "8": 26.07860358758797, "9": 28.588686462720787, "10": 27.34796467831736, "11": 33.31222229193923, "12": 25.01518743662943, "13": 20.047303828018492, "14": 27.309329305063944, "15": 24.66032627872468, "16": 18.377257658330112, "17": 20.077935836801135, "18": 25.16609529491241, "19": 25.604009109130253, "20": 26.074554407881834, "21": 25.568704012804098, "22": 27.46608913837502, "23": 27.684265108976472, "24": 26.59467694080718, "25": 27.17749960295824, "26": 27.607647945482604, "27": 28.174871484555975, "28": 25.100905280043197, "29": 28.0032101352602, "30": 27.313208757728393, "31": 29.879812694028043, "32": 27.80690081174497, "33": 26.686528303862445, "34": 26.010072874252636, "35": 29.59184159431623, "36": 24.788462869211287, "37": 26.689938453768235, "38": 27.08372822136975, "39": 27.337009096746673, "40": 28.423351278523437, "41": 19.432369532841165, "42": 12.819541141435858, "43": 18.29398955355745, "44": 23.51732193699299, "45": 25.385301559478332, "46": 22.592879823849216, "47": 23.806496659961283, "48": 24.06703813809819, "49": 23.447611841523468, "50": 22.49829771315238, "51": 23.383223089089753, "52": 20.428621741209124, "53": 24.5461576936749, "54": 21.73080381979316, "55": 22.995422728332578, "56": 26.1087872504852, "57": 26.81326309389417, "58": 24.571655923725498, "59": 24.465204982617205, "60": 25.091979677164733, "61": 26.560708725733242, "62": 28.0328970292139, "64": 13.776109451652989, "65": 13.466406302040129, "66": 22.920644934684837, "67": 23.14672739203238, "68": 19.065959176539327 } }, "geometry": { "type": "Polygon", "coordinates": [ [ [ 117.875, -20.125 ], [ 117.875, -20.375 ], [ 116.375, -20.375 ], [ 116.375, -21.125 ], [ 116.125, -21.125 ], [ 116.125, -22.125 ], [ 116.375, -22.125 ], [ 116.375, -22.375 ], [ 116.625, -22.375 ], [ 116.625, -22.625 ], [ 117.125, -22.625 ], [ 117.125, -22.875 ], [ 117.375, -22.875 ], [ 117.375, -22.625 ], [ 117.625, -22.625 ], [ 117.625, -22.375 ], [ 117.875, -22.375 ], [ 117.875, -21.375 ], [ 117.625, -21.375 ], [ 117.625, -20.875 ], [ 117.875, -20.875 ], [ 117.875, -20.625 ], [ 118.125, -20.625 ], [ 118.125, -20.375 ], [ 118.375, -20.375 ], [ 118.375, -20.125 ], [ 117.875, -20.125 ] ] ] } },
{ "type": "Feature", "properties": { "cluster_id": 64, "cohesion": 6.8120283500550043, "distances": { "1": 30.617424806495606, "2": 29.234295855280312, "3": 29.37378295729765, "4": 31.069111222117908, "5": 29.99328605455285, "6": 28.858773899504705, "7": 27.003060476080336, "8": 28.10008392666274, "9": 24.564648521714314, "10": 21.703952749230417, "11": 28.413555211541777, "12": 17.84059796172497, "13": 12.313195020605797, "14": 26.744200206352417, "15": 22.42327729936816, "16": 15.678458713229059, "17": 21.891922576680688, "18": 28.97619466318585, "19": 29.976628407884075, "20": 31.05934712856241, "21": 32.81491442979022, "22": 34.65693478844614, "23": 32.345000820019536, "24": 31.052983299614553, "25": 31.70883694071143, "26": 33.6932033110867, "27": 32.98535644818699, "28": 31.200398511524245, "29": 34.72351092262644, "30": 34.22369438715557, "31": 38.191978126369015, "32": 34.775873512177746, "33": 35.21781008628208, "34": 34.66907933295638, "35": 37.77007409730284, "36": 27.887964858295433, "37": 32.78146525049917, "38": 32.45114948507916, "39": 35.28736395365556, "40": 34.940591867219325, "41": 26.5626998654132, "42": 21.97756362563474, "43": 22.26742766326565, "44": 29.692338499626885, "45": 30.215466310616716, "46": 28.814152610468156, "47": 29.95993673620679, "48": 29.322897690680186, "49": 27.909435094382324, "50": 26.147911028287652, "51": 24.32730594572901, "52": 23.30071306928555, "53": 26.52664992121202, "54": 24.610861764400102, "55": 23.128547981027474, "56": 29.829769298182935, "57": 31.081200937269916, "58": 29.27401199526905, "59": 30.393599596384885, "60": 27.65865133381032, "61": 27.712513590158604, "62": 26.223187692312383, "63": 13.776109451652992, "65": 11.440080775449864, "66": 17.36800488873453, "67": 21.476148634005025, "68": 16.945992142418877 } }, "geometry": { "type": "MultiPolygon", "coordinates": [ [ [ [ 120.375, -19.875 ], [ 119.625, -19.875 ], [ 119.625, -20.125 ], [ 119.125, -20.125 ], [ 119.125, -20.375 ], [ 118.625, -20.375 ], [ 118.625, -21.375 ], [ 119.125, -21.375 ], [ 119.125, -21.125 ], [ 119.625, -21.125 ], [ 119.625, -21.375 ], [ 120.375, -21.375 ], [ 120.375, -21.125 ], [ 120.625, -21.125 ], [ 120.625, -20.875 ], [ 121.125, -20.875 ], [ 121.125, -20.625 ], [ 122.375, -20.625 ], [ 122.375, -20.875 ], [ 122.625, -20.875 ], [ 122.625, -21.125 ], [ 123.125, -21.125 ], [ 123.125, -21.375 ], [ 122.625, -21.375 ], [ 122.625, -21.625 ], [ 122.375, -21.625 ], [ 122.375, -21.875 ], [ 122.125, -21.875 ], [ 122.125, -22.125 ], [ 121.625, -22.125 ], [ 121.625, -22.375 ], [ 121.125, -22.375 ], [ 121.125, -22.125 ], [ 120.375, -22.125 ], [ 120.375, -22.375 ], [ 119.625, -22.375 ], [ 119.625, -22.125 ], [ 119.375, -22.125 ], [ 119.375, -21.875 ], [ 117.875, -21.875 ], [ 117.875, -21.375 ], [ 117.625, -21.375 ], [ 117.625, -20.875 ], [ 117.875, -20.875 ], [ 117.875, -20.625 ], [ 118.125, -20.625 ], [ 118.125, -20.375 ], [ 118.375, -20.375 ], [ 118.375, -20.125 ], [ 118.625, -20.125 ], [ 118.625, -19.875 ], [ 119.125, -19.875 ], [ 119.125, -19.625 ], [ 120.375, -19.625 ], [ 120.375, -19.875 ] ] ], [ [ [ 120.375, -19.375 ], [ 120.625, -19.375 ], [ 120.625, -19.625 ], [ 120.375, -19.625 ], [ 120.375, -19.375 ] ] ] ] } },
{ "type": "Feature", "properties": { "cluster_id": 65, "cohesion": 7.7091374289206858, "distances": { "1": 34.88437354134158, "2": 30.616159996727863, "3": 32.23838102517886, "4": 36.49840448765982, "5": 35.32643694200302, "6": 32.16439971672056, "7": 27.93424027953157, "8": 30.251956366208383, "9": 26.427109343713557, "10": 27.064259742137228, "11": 32.37615370837394, "12": 21.89939719063796, "13": 18.80204700240862, "14": 30.532337102842746, "15": 26.62184685147852, "16": 19.46972780856151, "17": 22.700143128667257, "18": 27.63053212782894, "19": 30.709883563177087, "20": 30.023346255629754, "21": 30.492325261835695, "22": 30.303418592953598, "23": 28.654949074839994, "24": 28.709317365379246, "25": 29.110217735164834, "26": 28.651715263368427, "27": 28.674841731177313, "28": 31.600353832145654, "29": 31.227344167999888, "30": 32.6456588019351, "31": 33.66861517933601, "32": 29.056369135225335, "33": 32.73043168832587, "34": 31.454071401329063, "35": 32.49134951016153, "36": 21.926098931595654, "37": 27.070314078640596, "38": 27.243128282909858, "39": 29.964889580743087, "40": 28.41532960761584, "41": 20.982338456273364, "42": 17.93981440141343, "43": 15.022104315971536, "44": 23.519358525536845, "45": 22.839694630622155, "46": 27.610973097005967, "47": 29.76873907958011, "48": 29.634907348447715, "49": 27.602171106686896, "50": 26.859103484829873, "51": 26.64792829708878, "52": 23.458556533694473, "53": 29.001132054772476, "54": 26.509034000061998, "55": 26.19717469000793, "56": 27.30144225325343, "57": 26.884634745767393, "58": 28.173660917668894, "59": 27.921814557583197, "60": 26.547353659345443, "61": 24.608082847474098, "62": 25.415616458093677, "63": 13.46640630204013, "64": 11.440080775449864, "66": 17.256306217993856, "67": 17.374637998725436, "68": 11.519757038437366 } }, "geometry": { "type": "Polygon", "coordinates": [ [ [ 122.625, -21.375 ], [ 122.625, -21.625 ], [ 122.375, -21.625 ], [ 122.375, -21.875 ], [ 122.125, -21.875 ], [ 122.125, -22.125 ], [ 121.625, -22.125 ], [ 121.625, -22.375 ], [ 121.125, -22.375 ], [ 121.125, -22.125 ], [ 120.375, -22.125 ], [ 120.375, -22.375 ], [ 119.625, -22.375 ], [ 119.625, -22.125 ], [ 119.375, -22.125 ], [ 119.375, -21.875 ], [ 117.875, -21.875 ], [ 117.875, -22.375 ], [ 117.625, -22.375 ], [ 117.625, -22.625 ], [ 117.375, -22.625 ], [ 117.375, -23.375 ], [ 117.625, -23.375 ], [ 117.625, -23.625 ], [ 117.875, -23.625 ], [ 117.875, -23.875 ], [ 118.125, -23.875 ], [ 118.125, -24.125 ], [ 119.125, -24.125 ], [ 119.125, -23.125 ], [ 120.125, -23.125 ], [ 120.125, -23.625 ], [ 121.125, -23.625 ], [ 121.125, -23.375 ], [ 121.875, -23.375 ], [ 121.875, -23.125 ], [ 122.125, -23.125 ], [ 122.125, -22.875 ], [ 123.125, -22.875 ], [ 123.125, -22.375 ], [ 124.375, -22.375 ], [ 124.375, -22.125 ], [ 124.125, -22.125 ], [ 124.125, -21.375 ], [ 122.625, -21.375 ] ] ] } },
{ "type": "Feature", "properties": { "cluster_id": 66, "cohesion": 7.4115777420703095, "distances": { "1": 34.408078931446234, "2": 31.490156134838585, "3": 33.22234128957226, "4": 32.6122556041944, "5": 29.040740411032786, "6": 25.62479533671673, "7": 23.149261242102217, "8": 27.683005515112974, "9": 15.093902163412283, "10": 21.191629876344948, "11": 22.109647167781905, "12": 12.85417462661323, "13": 17.811162168689524, "14": 28.339331586363073, "15": 23.541780853899418, "16": 19.62058287361313, "17": 23.393592513848933, "18": 32.757763947912714, "19": 36.388966591886444, "20": 36.30191762641412, "21": 37.12487658796356, "22": 37.42388945207223, "23": 30.224843044255806, "24": 31.510197075464756, "25": 34.73047859537688, "26": 34.9451575286325, "27": 32.49396512719889, "28": 33.7535530758539, "29": 34.97957048856475, "30": 35.356474012282675, "31": 39.36170757719129, "32": 34.949330039626886, "33": 37.05242922615211, "34": 37.17782860206969, "35": 37.992125123067375, "36": 22.980124609031833, "37": 31.791731262242067, "38": 29.662894217340718, "39": 36.012048765850274, "40": 33.84715275415897, "41": 29.368254764436475, "42": 27.97467661748584, "43": 24.818220076810853, "44": 30.627884504183637, "45": 29.559849178325127, "46": 29.70248096021697, "47": 31.994308572865485, "48": 30.528518367089898, "49": 27.127918461667786, "50": 27.05723473915776, "51": 27.526645583768154, "52": 24.68526582576296, "53": 33.24001061730407, "54": 29.492906912553664, "55": 27.67090621845917, "56": 24.31761329212038, "57": 26.310869492935904, "58": 29.303358116973424, "59": 30.017187557035115, "60": 21.914790239067898, "61": 19.015606209317863, "62": 14.881549615467348, "63": 22.920644934684837, "64": 17.36800488873453, "65": 17.256306217993856, "67": 12.523771348599105, "68": 15.53115554461268 } }, "geometry": { "type": "Polygon", "coordinates": [ [ [ 128.375, -20.875 ], [ 128.375, -21.125 ], [ 128.125, -21.125 ], [ 128.125, -21.375 ], [ 127.875, -21.375 ], [ 127.875, -21.625 ], [ 127.625, -21.625 ], [ 127.625, -21.375 ], [ 126.875, -21.375 ], [ 126.875, -21.625 ], [ 126.375, -21.625 ], [ 126.375, -21.375 ], [ 125.375, -21.375 ], [ 125.375, -21.125 ], [ 124.125, -21.125 ], [ 124.125, -22.125 ], [ 125.375, -22.125 ], [ 125.375, -22.625 ], [ 127.625, -22.625 ], [ 127.625, -22.875 ], [ 128.125, -22.875 ], [ 128.125, -22.625 ], [ 128.625, -22.625 ], [ 128.625, -22.875 ], [ 129.375, -22.875 ], [ 129.375, -23.125 ], [ 130.625, -23.125 ], [ 130.625, -22.875 ], [ 130.375, -22.875 ], [ 130.375, -22.625 ], [ 130.625, -22.625 ], [ 130.625, -22.375 ], [ 130.875, -22.375 ], [ 130.875, -22.125 ], [ 130.125, -22.125 ], [ 130.125, -21.875 ], [ 129.875, -21.875 ], [ 129.875, -21.625 ], [ 128.875, -21.625 ], [ 128.875, -20.875 ], [ 128.375, -20.875 ] ] ] } },
{ "type": "Feature", "properties": { "cluster_id": 67, "cohesion": 6.6304973738714592, "distances": { "1": 38.539397466285145, "2": 32.958826935582756, "3": 35.89643621599462, "4": 39.20685877098606, "5": 36.57375466812434, "6": 31.211725003928603, "7": 25.904685947604627, "8": 30.993638813334854, "9": 21.32219541543114, "10": 29.2451128681048, "11": 29.769007018515754, "12": 21.87459686063811, "13": 24.992705437256586, "14": 33.00138162265485, "15": 29.284203474771022, "16": 24.1754778021925, "17": 24.91657308128504, "18": 29.626001230101842, "19": 35.484419268805304, "20": 33.66347529847947, "21": 33.397516174665206, "22": 31.686351924307335, "23": 24.68326084014927, "24": 27.77475693596407, "25": 30.40611476643127, "26": 28.16270874186345, "27": 25.972387769283035, "28": 33.568053330354594, "29": 31.42585201648035, "30": 33.388833008592265, "31": 34.29773430996873, "32": 29.196581508963188, "33": 33.665338573997616, "34": 32.76486426175441, "35": 31.437840428820508, "36": 14.295277141369127, "37": 24.04228374648399, "38": 22.155289302041687, "39": 29.291498810080817, "40": 25.960017757980154, "41": 24.70200705576279, "42": 25.163674193203597, "43": 19.910827127424298, "44": 25.328226384919123, "45": 21.682442098631974, "46": 28.65292933488686, "47": 31.592944803881476, "48": 30.429440325404702, "49": 27.471781420672176, "50": 27.357771595883055, "51": 28.906870918370647, "52": 24.07345047613569, "53": 34.06833714531741, "54": 30.00051375794148, "55": 29.550411031245808, "56": 21.024099572367284, "57": 20.14181865753477, "58": 27.39134122656342, "59": 27.013719237337707, "60": 21.567291333112493, "61": 14.863454430022434, "62": 16.046327345273646, "63": 23.146727392032375, "64": 21.476148634005025, "65": 17.374637998725433, "66": 12.523771348599105, "68": 11.716157769533933 } }, "geometry": { "type": "Polygon", "coordinates": [ [ [ 126.625, -22.625 ], [ 126.625, -22.875 ], [ 126.125, -22.875 ], [ 126.125, -23.125 ], [ 125.125, -23.125 ], [ 125.125, -23.375 ], [ 125.625, -23.375 ], [ 125.625, -23.625 ], [ 126.125, -23.625 ], [ 126.125, -23.875 ], [ 126.375, -23.875 ], [ 126.375, -24.375 ], [ 128.875, -24.375 ], [ 128.875, -24.625 ], [ 130.125, -24.625 ], [ 130.125, -24.125 ], [ 130.375, -24.125 ], [ 130.375, -23.625 ], [ 130.875, -23.625 ], [ 130.875, -23.125 ], [ 129.375, -23.125 ], [ 129.375, -22.875 ], [ 128.625, -22.875 ], [ 128.625, -22.625 ], [ 128.125, -22.625 ], [ 128.125, -22.875 ], [ 127.625, -22.875 ], [ 127.625, -22.625 ], [ 126.625, -22.625 ] ] ] } },
{ "type": "Feature", "properties": { "cluster_id": 68, "cohesion": 7.0516806050869967, "distances": { "1": 37.9568999005969, "2": 32.876165934858584, "3": 35.12605841139252, "4": 39.47816089087047, "5": 37.81627774951455, "6": 33.64069913392903, "7": 28.707249078935597, "8": 32.22649832664385, "9": 25.803461708062976, "10": 29.924738716547857, "11": 33.06621913702527, "12": 23.23077168572235, "13": 23.11400173042596, "14": 33.0662840888089, "15": 29.461816544988917, "16": 23.07941900708805, "17": 24.628415189843487, "18": 27.559581758670166, "19": 32.48543071439163, "20": 30.80350470969341, "21": 31.11970597676552, "22": 29.482023645097037, "23": 26.403776809416915, "24": 27.948676517727247, "25": 28.41703745102182, "26": 26.534248197637133, "27": 26.035213671583264, "28": 33.41046695416691, "29": 31.166523318234958, "30": 33.508052093309615, "31": 33.481769261500105, "32": 28.031964916222783, "33": 33.47313998096761, "34": 31.784286760309932, "35": 31.02107275834396, "36": 16.612460897802173, "37": 24.0785429126693, "38": 23.955662804887897, "39": 28.391498933032526, "40": 25.360267552973124, "41": 21.612583270975303, "42": 21.19475918692246, "43": 14.89080033436229, "44": 23.075275998297453, "45": 19.153217750846327, "46": 28.85275925394233, "47": 31.398282629586024, "48": 30.83960201944914, "49": 28.654952026394483, "50": 27.94808293215547, "51": 28.286650555389517, "52": 24.125924633671307, "53": 31.25950126666546, "54": 28.11164109968001, "55": 28.135385459222682, "56": 25.239922983069224, "57": 23.75890932859317, "58": 28.263965434493482, "59": 27.712934215217643, "60": 25.570900969211987, "61": 21.02586187120303, "62": 22.749631474722403, "63": 19.065959176539323, "64": 16.945992142418877, "65": 11.519757038437366, "66": 15.53115554461268, "67": 11.716157769533933 } }, "geometry": { "type": "Polygon", "coordinates": [ [ [ 124.375, -22.125 ], [ 124.375, -22.375 ], [ 123.125, -22.375 ], [ 123.125, -22.875 ], [ 122.125, -22.875 ], [ 122.125, -23.125 ], [ 121.875, -23.125 ], [ 121.875, -23.375 ], [ 121.625, -23.375 ], [ 121.625, -23.625 ], [ 121.875, -23.625 ], [ 121.875, -23.875 ], [ 123.125, -23.875 ], [ 123.125, -24.375 ], [ 124.625, -24.375 ], [ 124.625, -24.625 ], [ 126.875, -24.625 ], [ 126.875, -24.375 ], [ 126.375, -24.375 ], [ 126.375, -23.875 ], [ 126.125, -23.875 ], [ 126.125, -23.625 ], [ 125.625, -23.625 ], [ 125.625, -23.375 ], [ 125.125, -23.375 ], [ 125.125, -23.125 ], [ 126.125, -23.125 ], [ 126.125, -22.875 ], [ 126.625, -22.875 ], [ 126.625, -22.625 ], [ 125.375, -22.625 ], [ 125.375, -22.125 ], [ 124.375, -22.125 ] ] ] } }
]
}
