{
"type": "FeatureCollection",
"name": "70_clusters",
"crs": { "type": "name", "properties": { "name": "urn:ogc:def:crs:OGC:1.3:CRS84" } },
"features": [
{ "type": "Feature", "properties": { "cluster_id": 1, "cohesion": 8.6487465638442682, "distances": { "2": 17.24033202182467, "3": 10.940391911660678, "4": 18.90891003463502, "5": 24.180438772686287, "6": 22.659505945916994, "7": 25.488703469196913, "8": 18.403085891625967, "9": 31.28635470849942, "10": 26.527482853515856, "11": 28.776791287616042, "12": 29.596675275122042, "13": 29.676584319249294, "14": 28.171349547318282, "15": 18.61031585876883, "16": 22.055630978430944, "17": 27.212458270500765, "18": 26.202532132898707, "19": 37.711049798453395, "20": 31.47181265330928, "21": 36.34861849804197, "22": 36.8281822778166, "23": 42.66383583868136, "24": 42.861468109085415, "25": 40.63612392067549, "26": 41.38529953404568, "27": 44.73080155149566, "28": 44.36900139117672, "29": 27.143376350708664, "30": 38.61652943866565, "31": 33.31743331578965, "32": 43.025370449691806, "33": 44.0558352879256, "34": 36.096894534564186, "35": 37.78165328424618, "36": 44.461116411528806, "37": 42.236100904424816, "38": 44.652099368597874, "39": 43.94004461316689, "40": 43.35329606014713, "41": 46.04452230523563, "42": 40.21923949190091, "43": 35.05665336362148, "44": 40.43808361313947, "45": 42.364183411791004, "46": 45.45784517481931, "47": 28.163243571311238, "48": 24.02160519209459, "49": 27.896593497831955, "50": 29.865307972026297, "51": 27.450286779824676, "52": 29.279854833332728, "53": 30.088836662951536, "54": 31.285651681445646, "55": 28.456836209683093, "56": 24.777229904039437, "57": 27.935062691255126, "58": 37.11346388654352, "59": 41.57343094644793, "60": 35.7415401775237, "61": 37.019347513723496, "62": 32.41757472356624, "63": 38.84337006332458, "64": 35.349358605573634, "65": 29.447441647366524, "66": 30.617424806495602, "67": 34.88437354134158, "68": 34.40807893144623, "69": 38.539397466285145, "70": 37.95689990059691 } }, "geometry": { "type": "MultiPolygon", "coordinates": [ [ [ [ 142.125, -16.375 ], [ 142.375, -16.375 ], [ 142.375, -16.625 ], [ 142.625, -16.625 ], [ 142.625, -17.625 ], [ 142.875, -17.625 ], [ 142.875, -18.125 ], [ 143.125, -18.125 ], [ 143.125, -18.375 ], [ 143.375, -18.375 ], [ 143.375, -19.375 ], [ 143.625, -19.375 ], [ 143.625, -19.625 ], [ 143.375, -19.625 ], [ 143.375, -20.125 ], [ 143.125, -20.125 ], [ 143.125, -19.875 ], [ 142.875, -19.875 ], [ 142.875, -19.625 ], [ 142.625, -19.625 ], [ 142.625, -18.875 ], [ 142.375, -18.875 ], [ 142.375, -18.375 ], [ 142.125, -18.375 ], [ 142.125, -17.625 ], [ 141.875, -17.625 ], [ 141.875, -16.125 ], [ 142.125, -16.125 ], [ 142.125, -16.375 ] ] ], [ [ [ 144.625, -17.375 ], [ 143.875, -17.375 ], [ 143.875, -17.125 ], [ 144.625, -17.125 ], [ 144.625, -17.375 ] ] ], [ [ [ 141.875, -16.125 ], [ 141.625, -16.125 ], [ 141.625, -15.625 ], [ 141.875, -15.625 ], [ 141.875, -16.125 ] ] ], [ [ [ 141.625, -14.125 ], [ 141.625, -15.625 ], [ 141.375, -15.625 ], [ 141.375, -15.125 ], [ 141.125, -15.125 ], [ 141.125, -13.625 ], [ 141.375, -13.625 ], [ 141.375, -14.125 ], [ 141.625, -14.125 ] ] ], [ [ [ 142.875, -10.875 ], [ 142.875, -11.125 ], [ 143.125, -11.125 ], [ 143.125, -11.875 ], [ 143.375, -11.875 ], [ 143.375, -12.375 ], [ 143.625, -12.375 ], [ 143.625, -12.875 ], [ 143.875, -12.875 ], [ 143.875, -13.875 ], [ 144.625, -13.875 ], [ 144.625, -14.125 ], [ 144.875, -14.125 ], [ 144.875, -14.375 ], [ 145.125, -14.375 ], [ 145.125, -14.625 ], [ 145.375, -14.625 ], [ 145.375, -14.875 ], [ 145.625, -14.875 ], [ 145.625, -16.125 ], [ 145.875, -16.125 ], [ 145.875, -16.625 ], [ 145.625, -16.625 ], [ 145.625, -16.375 ], [ 145.375, -16.375 ], [ 145.375, -16.125 ], [ 145.125, -16.125 ], [ 145.125, -16.625 ], [ 144.875, -16.625 ], [ 144.875, -16.875 ], [ 144.125, -16.875 ], [ 144.125, -16.375 ], [ 144.375, -16.375 ], [ 144.375, -15.625 ], [ 144.125, -15.625 ], [ 144.125, -15.375 ], [ 143.875, -15.375 ], [ 143.875, -15.125 ], [ 143.625, -15.125 ], [ 143.625, -14.625 ], [ 143.125, -14.625 ], [ 143.125, -14.875 ], [ 142.375, -14.875 ], [ 142.375, -14.375 ], [ 142.125, -14.375 ], [ 142.125, -13.625 ], [ 141.875, -13.625 ], [ 141.875, -11.625 ], [ 142.125, -11.625 ], [ 142.125, -10.625 ], [ 142.625, -10.625 ], [ 142.625, -10.875 ], [ 142.875, -10.875 ] ] ] ] } },
{ "type": "Feature", "properties": { "cluster_id": 2, "cohesion": 9.0112697687720367, "distances": { "1": 17.240332021824674, "3": 12.754155438804473, "4": 26.70425412361443, "5": 29.74927739528258, "6": 23.13582873597127, "7": 19.668686467407795, "8": 13.761933059032168, "9": 30.103402595370124, "10": 29.067010259210623, "11": 32.12178295530165, "12": 30.90746402212581, "13": 30.163866655353296, "14": 28.919197044473677, "15": 21.905197685711595, "16": 23.891188185531767, "17": 25.268734799484, "18": 21.723107753138372, "19": 33.31210982008317, "20": 29.13788829641172, "21": 31.994737033743043, "22": 29.722933021358333, "23": 34.43591681364504, "24": 35.075776381886214, "25": 33.84413280688843, "26": 35.715780283096976, "27": 36.91072574007541, "28": 37.0364399207442, "29": 23.51351948213406, "30": 30.4143868102229, "31": 26.78620880317849, "32": 33.40488195076963, "33": 34.620441022679785, "34": 27.562005266555303, "35": 28.497106159226625, "36": 34.103436540437265, "37": 34.29798649569678, "38": 36.024227035038884, "39": 35.5310511502642, "40": 33.60570378365016, "41": 36.223976185134994, "42": 31.14816733029577, "43": 27.58029761902162, "44": 33.12513630426838, "45": 33.36532418507991, "46": 36.63024429659988, "47": 16.880456248282133, "48": 12.923918592155198, "49": 20.263948919883358, "50": 20.69468281959015, "51": 19.869819640500108, "52": 24.340510146961652, "53": 28.872058655678757, "54": 26.87925747617313, "55": 28.822362797228315, "56": 24.151165107345992, "57": 28.433195638467247, "58": 29.963549642600107, "59": 33.732120488725734, "60": 28.895138272525767, "61": 28.074956329942545, "62": 25.848658091656805, "63": 32.54945898932424, "64": 31.31638787100225, "65": 24.910422630259987, "66": 29.234295855280312, "67": 30.616159996727863, "68": 31.490156134838585, "69": 32.958826935582756, "70": 32.876165934858584 } }, "geometry": { "type": "MultiPolygon", "coordinates": [ [ [ [ 143.625, -20.375 ], [ 143.875, -20.375 ], [ 143.875, -20.625 ], [ 144.125, -20.625 ], [ 144.125, -20.875 ], [ 144.375, -20.875 ], [ 144.375, -21.375 ], [ 143.875, -21.375 ], [ 143.875, -21.625 ], [ 143.625, -21.625 ], [ 143.625, -22.375 ], [ 143.375, -22.375 ], [ 143.375, -22.125 ], [ 143.125, -22.125 ], [ 143.125, -21.625 ], [ 143.375, -21.625 ], [ 143.375, -21.375 ], [ 143.625, -21.375 ], [ 143.625, -20.625 ], [ 143.375, -20.625 ], [ 143.375, -19.625 ], [ 143.625, -19.625 ], [ 143.625, -20.375 ] ] ], [ [ [ 145.375, -19.125 ], [ 145.375, -19.375 ], [ 145.625, -19.375 ], [ 145.625, -19.625 ], [ 145.875, -19.625 ], [ 145.875, -19.875 ], [ 144.125, -19.875 ], [ 144.125, -19.625 ], [ 143.625, -19.625 ], [ 143.625, -19.375 ], [ 143.875, -19.375 ], [ 143.875, -19.125 ], [ 144.125, -19.125 ], [ 144.125, -18.875 ], [ 144.625, -18.875 ], [ 144.625, -18.625 ], [ 144.875, -18.625 ], [ 144.875, -18.375 ], [ 145.125, -18.375 ], [ 145.125, -19.125 ], [ 145.375, -19.125 ] ] ], [ [ [ 145.375, -17.125 ], [ 145.375, -16.625 ], [ 145.625, -16.625 ], [ 145.625, -17.125 ], [ 145.875, -17.125 ], [ 145.875, -17.375 ], [ 146.125, -17.375 ], [ 146.125, -17.625 ], [ 146.375, -17.625 ], [ 146.375, -18.125 ], [ 146.625, -18.125 ], [ 146.625, -18.875 ], [ 147.375, -18.875 ], [ 147.375, -19.125 ], [ 147.625, -19.125 ], [ 147.625, -19.375 ], [ 147.875, -19.375 ], [ 147.875, -19.625 ], [ 148.375, -19.625 ], [ 148.375, -19.875 ], [ 148.625, -19.875 ], [ 148.625, -20.125 ], [ 148.875, -20.125 ], [ 148.875, -20.375 ], [ 149.125, -20.375 ], [ 149.125, -20.875 ], [ 148.875, -20.875 ], [ 148.875, -20.625 ], [ 148.625, -20.625 ], [ 148.625, -20.375 ], [ 148.375, -20.375 ], [ 148.375, -20.625 ], [ 148.125, -20.625 ], [ 148.125, -20.375 ], [ 147.625, -20.375 ], [ 147.625, -20.125 ], [ 147.375, -20.125 ], [ 147.375, -19.625 ], [ 147.125, -19.625 ], [ 147.125, -19.375 ], [ 146.875, -19.375 ], [ 146.875, -19.125 ], [ 146.125, -19.125 ], [ 146.125, -18.875 ], [ 145.875, -18.875 ], [ 145.875, -18.625 ], [ 145.375, -18.625 ], [ 145.375, -18.375 ], [ 145.125, -18.375 ], [ 145.125, -17.125 ], [ 145.375, -17.125 ] ] ] ] } },
{ "type": "Feature", "properties": { "cluster_id": 3, "cohesion": 8.1137928839426863, "distances": { "1": 10.940391911660678, "2": 12.754155438804473, "4": 23.044044234907467, "5": 27.75784872726561, "6": 23.964888248097136, "7": 23.7093454413715, "8": 16.894855388723865, "9": 31.430501967825464, "10": 28.226947266946567, "11": 31.528272617995906, "12": 31.07332463255776, "13": 30.293827819925163, "14": 28.467336932226537, "15": 19.951158488530787, "16": 22.92199461175436, "17": 26.26827277862725, "18": 24.007807919899047, "19": 34.31971243646787, "20": 28.48972536368839, "21": 32.528679824882104, "22": 31.826515912958754, "23": 37.32743586330921, "24": 38.618211982682475, "25": 36.83739989509911, "26": 37.347854106325904, "27": 39.68260852606993, "28": 39.907964438755506, "29": 24.541024819758725, "30": 34.638136650223075, "31": 29.78160045108005, "32": 38.02983278034179, "33": 39.37412467518156, "34": 31.414488954210114, "35": 32.337989880262555, "36": 38.97112415367669, "37": 38.19354948988474, "38": 39.58560265823083, "39": 39.22092777154684, "40": 37.74846753037607, "41": 40.9587402131944, "42": 35.645375606050045, "43": 30.55926396909655, "44": 36.45196587532905, "45": 37.94930745820359, "46": 40.87562355281982, "47": 23.07565872820314, "48": 18.788576951489144, "49": 24.824659545472286, "50": 26.009851965391057, "51": 24.544436333359236, "52": 27.20143682661065, "53": 29.23559072672791, "54": 28.98739963088879, "55": 27.083008111768056, "56": 23.109898269006965, "57": 27.552917546651567, "58": 33.69882320684024, "59": 37.486010537017556, "60": 32.55921288976688, "61": 32.62363248401659, "62": 29.66300569026641, "63": 35.932436598858835, "64": 33.95790575332182, "65": 26.228982936676985, "66": 29.373782957297653, "67": 32.23838102517886, "68": 33.22234128957227, "69": 35.89643621599462, "70": 35.12605841139252 } }, "geometry": { "type": "MultiPolygon", "coordinates": [ [ [ [ 145.875, -16.625 ], [ 145.875, -16.875 ], [ 146.125, -16.875 ], [ 146.125, -17.125 ], [ 146.375, -17.125 ], [ 146.375, -17.375 ], [ 146.625, -17.375 ], [ 146.625, -17.875 ], [ 146.375, -17.875 ], [ 146.375, -17.625 ], [ 146.125, -17.625 ], [ 146.125, -17.375 ], [ 145.875, -17.375 ], [ 145.875, -17.125 ], [ 145.625, -17.125 ], [ 145.625, -16.625 ], [ 145.875, -16.625 ] ] ], [ [ [ 145.375, -16.625 ], [ 145.375, -17.125 ], [ 145.125, -17.125 ], [ 145.125, -18.375 ], [ 144.875, -18.375 ], [ 144.875, -18.625 ], [ 144.625, -18.625 ], [ 144.625, -18.875 ], [ 144.125, -18.875 ], [ 144.125, -19.125 ], [ 143.875, -19.125 ], [ 143.875, -19.375 ], [ 143.375, -19.375 ], [ 143.375, -18.375 ], [ 143.125, -18.375 ], [ 143.125, -18.125 ], [ 142.875, -18.125 ], [ 142.875, -17.625 ], [ 142.625, -17.625 ], [ 142.625, -16.625 ], [ 142.375, -16.625 ], [ 142.375, -16.375 ], [ 142.125, -16.375 ], [ 142.125, -16.125 ], [ 141.875, -16.125 ], [ 141.875, -15.625 ], [ 141.625, -15.625 ], [ 141.625, -14.125 ], [ 141.375, -14.125 ], [ 141.375, -13.625 ], [ 141.125, -13.625 ], [ 141.125, -12.875 ], [ 141.375, -12.875 ], [ 141.375, -12.125 ], [ 141.625, -12.125 ], [ 141.625, -11.125 ], [ 141.875, -11.125 ], [ 141.875, -10.875 ], [ 142.125, -10.875 ], [ 142.125, -11.625 ], [ 141.875, -11.625 ], [ 141.875, -13.625 ], [ 142.125, -13.625 ], [ 142.125, -14.375 ], [ 142.375, -14.375 ], [ 142.375, -14.875 ], [ 143.125, -14.875 ], [ 143.125, -14.625 ], [ 143.625, -14.625 ], [ 143.625, -15.125 ], [ 143.875, -15.125 ], [ 143.875, -15.375 ], [ 144.125, -15.375 ], [ 144.125, -15.625 ], [ 144.375, -15.625 ], [ 144.375, -16.375 ], [ 144.125, -16.375 ], [ 144.125, -16.875 ], [ 144.875, -16.875 ], [ 144.875, -16.625 ], [ 145.125, -16.625 ], [ 145.125, -16.125 ], [ 145.375, -16.125 ], [ 145.375, -16.375 ], [ 145.625, -16.375 ], [ 145.625, -16.625 ], [ 145.375, -16.625 ] ], [ [ 143.875, -17.375 ], [ 144.625, -17.375 ], [ 144.625, -17.125 ], [ 143.875, -17.125 ], [ 143.875, -17.375 ] ] ] ] } },
{ "type": "Feature", "properties": { "cluster_id": 4, "cohesion": 8.5311386439412491, "distances": { "1": 18.90891003463502, "2": 26.70425412361443, "3": 23.044044234907467, "5": 13.045817225583196, "6": 19.48332768759154, "7": 27.144741389569322, "8": 22.29902415476751, "9": 27.660800882331685, "10": 18.195001503537913, "11": 20.344329427132735, "12": 23.065663989846147, "13": 24.799058171237643, "14": 24.977152331490775, "15": 13.437887213213756, "16": 16.220798630858578, "17": 24.52440326629251, "18": 25.32992173699014, "19": 43.61247128959111, "20": 39.10267855167915, "21": 43.80703024747041, "22": 45.2142581835126, "23": 50.28942022525956, "24": 48.22251775886547, "25": 45.59103447819432, "26": 47.78917234341921, "27": 51.473295626106676, "28": 50.196456988997674, "29": 32.12588965716056, "30": 42.445957341667935, "31": 37.963010383776535, "32": 48.577409907828645, "33": 48.173412925738376, "34": 42.63911875422553, "35": 45.54856181255764, "36": 50.78501958048963, "37": 45.44712768950653, "38": 50.697130556356136, "39": 49.53436390338684, "40": 50.344739447845704, "41": 50.86632103687586, "42": 44.80034135994982, "43": 40.75811364261436, "44": 43.43865989063538, "45": 45.787109549739945, "46": 49.25765515819195, "47": 35.16836782301342, "48": 32.64811600476694, "49": 32.25257091114056, "50": 34.40437130402241, "51": 30.52450208081176, "52": 31.58681162161097, "53": 31.461418637620795, "54": 33.82256755466288, "55": 34.08595829155131, "56": 30.65339929147799, "57": 29.760571667132766, "58": 41.21089493401005, "59": 46.26915143520989, "60": 39.49300709325066, "61": 42.491234914379426, "62": 35.39530471928827, "63": 41.00370521851262, "64": 34.540259855256615, "65": 33.54758887332951, "66": 31.069111222117908, "67": 36.49840448765982, "68": 32.6122556041944, "69": 39.20685877098606, "70": 39.478160890870484 } }, "geometry": { "type": "MultiPolygon", "coordinates": [ [ [ [ 141.375, -15.125 ], [ 141.375, -15.625 ], [ 141.625, -15.625 ], [ 141.625, -16.125 ], [ 141.875, -16.125 ], [ 141.875, -17.625 ], [ 142.125, -17.625 ], [ 142.125, -18.375 ], [ 142.375, -18.375 ], [ 142.375, -18.875 ], [ 142.625, -18.875 ], [ 142.625, -19.625 ], [ 142.875, -19.625 ], [ 142.875, -20.125 ], [ 142.375, -20.125 ], [ 142.375, -19.375 ], [ 142.125, -19.375 ], [ 142.125, -18.875 ], [ 141.875, -18.875 ], [ 141.875, -18.625 ], [ 141.625, -18.625 ], [ 141.625, -18.125 ], [ 141.375, -18.125 ], [ 141.375, -17.875 ], [ 141.125, -17.875 ], [ 141.125, -17.625 ], [ 140.375, -17.625 ], [ 140.375, -17.375 ], [ 140.625, -17.375 ], [ 140.625, -16.875 ], [ 140.875, -16.875 ], [ 140.875, -15.875 ], [ 141.125, -15.875 ], [ 141.125, -15.125 ], [ 141.375, -15.125 ] ] ], [ [ [ 133.875, -11.875 ], [ 133.875, -12.125 ], [ 135.625, -12.125 ], [ 135.625, -12.375 ], [ 135.875, -12.375 ], [ 135.875, -12.875 ], [ 135.625, -12.875 ], [ 135.625, -13.125 ], [ 135.375, -13.125 ], [ 135.375, -13.375 ], [ 134.875, -13.375 ], [ 134.875, -13.125 ], [ 133.875, -13.125 ], [ 133.875, -13.375 ], [ 133.625, -13.375 ], [ 133.625, -13.625 ], [ 133.375, -13.625 ], [ 133.375, -14.125 ], [ 133.125, -14.125 ], [ 133.125, -14.375 ], [ 132.875, -14.375 ], [ 132.875, -14.625 ], [ 132.625, -14.625 ], [ 132.625, -14.875 ], [ 132.375, -14.875 ], [ 132.375, -15.375 ], [ 132.625, -15.375 ], [ 132.625, -16.125 ], [ 132.125, -16.125 ], [ 132.125, -15.875 ], [ 131.625, -15.875 ], [ 131.625, -16.125 ], [ 131.375, -16.125 ], [ 131.375, -15.375 ], [ 130.875, -15.375 ], [ 130.875, -14.625 ], [ 130.375, -14.625 ], [ 130.375, -14.875 ], [ 129.875, -14.875 ], [ 129.875, -14.125 ], [ 130.125, -14.125 ], [ 130.125, -13.875 ], [ 130.375, -13.875 ], [ 130.375, -13.625 ], [ 130.875, -13.625 ], [ 130.875, -13.375 ], [ 131.125, -13.375 ], [ 131.125, -13.125 ], [ 131.875, -13.125 ], [ 131.875, -12.875 ], [ 132.125, -12.875 ], [ 132.125, -12.625 ], [ 132.625, -12.625 ], [ 132.625, -12.375 ], [ 133.125, -12.375 ], [ 133.125, -11.875 ], [ 133.875, -11.875 ] ] ] ] } },
{ "type": "Feature", "properties": { "cluster_id": 5, "cohesion": 9.8110680516314019, "distances": { "1": 24.18043877268628, "2": 29.749277395282576, "3": 27.757848727265607, "4": 13.04581722558319, "6": 16.42529344538226, "7": 24.885573499366856, "8": 22.710177855150388, "9": 22.932388391475673, "10": 15.10360224498097, "11": 13.93448270684761, "12": 17.616497648698555, "13": 20.619680108297377, "14": 23.14609055338759, "15": 17.9731780055598, "16": 16.942891919996242, "17": 24.042894321181283, "18": 26.837373473021785, "19": 44.52070551459275, "20": 41.796206806921596, "21": 45.824188013749236, "22": 47.44968792549479, "23": 51.743535220109074, "24": 47.37848585724638, "25": 45.222002481287255, "26": 48.55170768220119, "27": 52.1003230503879, "28": 50.06549833860148, "29": 34.57557781120832, "30": 43.39053584359431, "31": 39.71353016008982, "32": 49.920524365722045, "33": 48.570700589283675, "34": 44.468368243645315, "35": 47.47905449571635, "36": 51.798870047474786, "37": 44.09002305730386, "38": 50.64269590546208, "39": 48.91156994366767, "40": 51.280435655475884, "41": 51.01216583071241, "42": 44.816702429137386, "43": 41.34927676632614, "44": 42.94172406383299, "45": 45.70584254557461, "46": 48.83442620617199, "47": 36.04612051000769, "48": 34.97059004495444, "49": 33.28973029835171, "50": 34.41065089784395, "51": 29.35934923764217, "52": 31.49795020418558, "53": 31.31927198441968, "54": 33.35341986230654, "55": 36.32309733894967, "56": 32.712275502409774, "57": 30.30474689445777, "58": 39.50791616324706, "59": 44.954355684423966, "60": 39.04174833584183, "61": 42.09827202954254, "62": 33.082813370933025, "63": 38.394064667194584, "64": 30.743751323829002, "65": 33.897862353078466, "66": 29.99328605455285, "67": 35.32643694200303, "68": 29.04074041103279, "69": 36.57375466812433, "70": 37.81627774951454 } }, "geometry": { "type": "MultiPolygon", "coordinates": [ [ [ [ 130.375, -14.875 ], [ 130.375, -14.625 ], [ 130.875, -14.625 ], [ 130.875, -15.375 ], [ 131.375, -15.375 ], [ 131.375, -16.125 ], [ 131.625, -16.125 ], [ 131.625, -15.875 ], [ 132.125, -15.875 ], [ 132.125, -16.125 ], [ 132.625, -16.125 ], [ 132.625, -15.375 ], [ 132.375, -15.375 ], [ 132.375, -14.875 ], [ 132.625, -14.875 ], [ 132.625, -15.125 ], [ 132.875, -15.125 ], [ 132.875, -15.375 ], [ 133.875, -15.375 ], [ 133.875, -15.625 ], [ 134.125, -15.625 ], [ 134.125, -15.375 ], [ 134.375, -15.375 ], [ 134.375, -15.125 ], [ 134.625, -15.125 ], [ 134.625, -14.875 ], [ 135.375, -14.875 ], [ 135.375, -15.125 ], [ 136.375, -15.125 ], [ 136.375, -15.375 ], [ 136.625, -15.375 ], [ 136.625, -15.625 ], [ 137.375, -15.625 ], [ 137.375, -15.875 ], [ 137.875, -15.875 ], [ 137.875, -16.125 ], [ 138.125, -16.125 ], [ 138.125, -16.375 ], [ 138.875, -16.375 ], [ 138.875, -16.625 ], [ 139.125, -16.625 ], [ 139.125, -16.875 ], [ 139.375, -16.875 ], [ 139.375, -17.125 ], [ 139.625, -17.125 ], [ 139.625, -17.375 ], [ 140.375, -17.375 ], [ 140.375, -17.625 ], [ 141.125, -17.625 ], [ 141.125, -17.875 ], [ 141.375, -17.875 ], [ 141.375, -18.125 ], [ 141.625, -18.125 ], [ 141.625, -18.625 ], [ 141.875, -18.625 ], [ 141.875, -18.875 ], [ 142.125, -18.875 ], [ 142.125, -19.375 ], [ 142.375, -19.375 ], [ 142.375, -20.125 ], [ 141.625, -20.125 ], [ 141.625, -20.625 ], [ 141.375, -20.625 ], [ 141.375, -21.125 ], [ 140.375, -21.125 ], [ 140.375, -20.875 ], [ 139.125, -20.875 ], [ 139.125, -20.625 ], [ 138.875, -20.625 ], [ 138.875, -20.375 ], [ 138.625, -20.375 ], [ 138.625, -20.125 ], [ 138.375, -20.125 ], [ 138.375, -19.875 ], [ 138.125, -19.875 ], [ 138.125, -20.125 ], [ 137.625, -20.125 ], [ 137.625, -19.875 ], [ 137.125, -19.875 ], [ 137.125, -19.375 ], [ 135.875, -19.375 ], [ 135.875, -19.125 ], [ 134.875, -19.125 ], [ 134.875, -19.375 ], [ 132.875, -19.375 ], [ 132.875, -19.125 ], [ 130.875, -19.125 ], [ 130.875, -18.875 ], [ 130.125, -18.875 ], [ 130.125, -19.125 ], [ 128.625, -19.125 ], [ 128.625, -18.625 ], [ 128.375, -18.625 ], [ 128.375, -17.625 ], [ 128.625, -17.625 ], [ 128.625, -16.625 ], [ 128.875, -16.625 ], [ 128.875, -15.875 ], [ 128.375, -15.875 ], [ 128.375, -15.125 ], [ 128.625, -15.125 ], [ 128.625, -14.875 ], [ 129.625, -14.875 ], [ 129.625, -14.125 ], [ 129.875, -14.125 ], [ 129.875, -14.875 ], [ 130.375, -14.875 ] ] ], [ [ [ 129.875, -13.875 ], [ 130.125, -13.875 ], [ 130.125, -14.125 ], [ 129.875, -14.125 ], [ 129.875, -13.875 ] ] ], [ [ [ 130.375, -13.875 ], [ 130.125, -13.875 ], [ 130.125, -13.625 ], [ 130.375, -13.625 ], [ 130.375, -13.875 ] ] ], [ [ [ 134.875, -13.375 ], [ 135.375, -13.375 ], [ 135.375, -13.625 ], [ 135.125, -13.625 ], [ 135.125, -13.875 ], [ 134.875, -13.875 ], [ 134.875, -14.125 ], [ 134.375, -14.125 ], [ 134.375, -13.125 ], [ 134.875, -13.125 ], [ 134.875, -13.375 ] ] ], [ [ [ 130.875, -13.625 ], [ 130.375, -13.625 ], [ 130.375, -13.375 ], [ 130.625, -13.375 ], [ 130.625, -13.125 ], [ 131.125, -13.125 ], [ 131.125, -13.375 ], [ 130.875, -13.375 ], [ 130.875, -13.625 ] ] ], [ [ [ 131.875, -13.125 ], [ 131.125, -13.125 ], [ 131.125, -12.875 ], [ 131.875, -12.875 ], [ 131.875, -13.125 ] ] ] ] } },
{ "type": "Feature", "properties": { "cluster_id": 6, "cohesion": 9.0510530766706356, "distances": { "1": 22.659505945916994, "2": 23.13582873597127, "3": 23.96488824809713, "4": 19.483327687591544, "5": 16.425293445382255, "7": 14.043224603879182, "8": 13.763738263026678, "9": 18.019538634394024, "10": 19.756025360177397, "11": 14.32488987639887, "12": 16.619629555161495, "13": 20.984079519458906, "14": 24.544413545351553, "15": 20.450662855599845, "16": 19.61144169826867, "17": 24.180499855394782, "18": 24.90497960255735, "19": 40.45739499289193, "20": 38.913046227704655, "21": 42.042506221456996, "22": 42.37173302985396, "23": 46.01487716193256, "24": 40.35040560338227, "25": 39.41137069226078, "26": 43.8448922528236, "27": 46.32610398296247, "28": 44.00313903037487, "29": 30.797846156704836, "30": 37.67993220728056, "31": 34.62000178707455, "32": 43.641644243424004, "33": 42.287208014054066, "34": 38.395399693527594, "35": 41.2522571246836, "36": 44.81198724464528, "37": 37.449651212207044, "38": 44.06001465981265, "39": 41.763310000648154, "40": 44.52947033455309, "41": 44.25214135816691, "42": 38.71684589703142, "43": 36.03357415428323, "44": 37.9702378087984, "45": 39.77477530936031, "46": 42.69353454320308, "47": 28.04147260439481, "48": 27.656079902727125, "49": 26.828527516986753, "50": 26.99053644363023, "51": 20.92734857102707, "52": 26.339527519249035, "53": 28.994226761332644, "54": 28.94180036237243, "55": 34.742020234556584, "56": 29.817856472114048, "57": 28.97028565541585, "58": 31.023426307792683, "59": 37.24103510742397, "60": 32.94086535014201, "61": 34.81663054380837, "62": 23.574014348073568, "63": 30.71023495325779, "64": 23.638475067394484, "65": 30.231354324572848, "66": 28.85877389950471, "67": 32.16439971672056, "68": 25.62479533671673, "69": 31.211725003928603, "70": 33.64069913392903 } }, "geometry": { "type": "Polygon", "coordinates": [ [ [ 142.875, -19.875 ], [ 142.875, -20.125 ], [ 141.625, -20.125 ], [ 141.625, -20.625 ], [ 141.375, -20.625 ], [ 141.375, -21.125 ], [ 140.375, -21.125 ], [ 140.375, -20.875 ], [ 139.125, -20.875 ], [ 139.125, -20.625 ], [ 138.875, -20.625 ], [ 138.875, -20.375 ], [ 138.375, -20.375 ], [ 138.375, -20.625 ], [ 138.625, -20.625 ], [ 138.625, -21.375 ], [ 138.875, -21.375 ], [ 138.875, -21.875 ], [ 140.625, -21.875 ], [ 140.625, -21.625 ], [ 140.875, -21.625 ], [ 140.875, -21.875 ], [ 142.375, -21.875 ], [ 142.375, -21.375 ], [ 143.125, -21.375 ], [ 143.125, -19.875 ], [ 142.875, -19.875 ] ] ] } },
{ "type": "Feature", "properties": { "cluster_id": 7, "cohesion": 5.4460712654939654, "distances": { "1": 25.488703469196913, "2": 19.668686467407795, "3": 23.709345441371504, "4": 27.144741389569322, "5": 24.885573499366856, "6": 14.043224603879182, "8": 11.338032714400939, "9": 18.36087974942599, "10": 24.170859028431295, "11": 22.094885894637805, "12": 20.904387126434106, "13": 22.727382110033894, "14": 25.584860131993437, "15": 23.97174742525986, "16": 22.248971603892365, "17": 23.379411044848993, "18": 22.57659549436659, "19": 35.26771090725846, "20": 35.34921029956038, "21": 36.94377018967032, "22": 35.78390007991737, "23": 38.44452266480148, "24": 31.67076235573896, "25": 31.983628073458107, "26": 37.490781705162966, "27": 38.47639741269488, "28": 36.17660076515138, "29": 28.016742000793453, "30": 32.36203471747248, "31": 30.27312912831434, "32": 36.857037697567876, "33": 35.46597721971587, "34": 32.11107170896658, "35": 33.840585590701416, "36": 36.72365112301646, "37": 30.02470355824619, "38": 35.543336729013525, "39": 32.93610222526351, "40": 36.13039943097094, "41": 36.36700244960551, "42": 31.4521346919535, "43": 29.29578315772247, "44": 31.870267963941654, "45": 33.128881542906925, "46": 35.420865747465754, "47": 19.543524576198617, "48": 21.304369195228325, "49": 21.30524482063729, "50": 19.06896861805258, "51": 12.17710188564095, "52": 21.893317164424463, "53": 27.3305788807245, "54": 24.51522789402826, "55": 33.221275002172106, "56": 28.017896383008747, "57": 28.55146415119182, "58": 22.035026746011532, "59": 28.425236352570128, "60": 26.110897287591605, "61": 25.708078725600668, "62": 14.180406675822203, "63": 23.378937624478382, "64": 19.5789502831546, "65": 25.39236986865264, "66": 27.003060476080332, "67": 27.93424027953157, "68": 23.149261242102217, "69": 25.904685947604623, "70": 28.707249078935597 } }, "geometry": { "type": "Polygon", "coordinates": [ [ [ 140.625, -21.625 ], [ 140.625, -21.875 ], [ 140.125, -21.875 ], [ 140.125, -22.125 ], [ 140.375, -22.125 ], [ 140.375, -22.375 ], [ 140.625, -22.375 ], [ 140.625, -22.625 ], [ 141.125, -22.625 ], [ 141.125, -22.375 ], [ 141.625, -22.375 ], [ 141.625, -22.625 ], [ 141.875, -22.625 ], [ 141.875, -23.125 ], [ 142.125, -23.125 ], [ 142.125, -23.375 ], [ 142.875, -23.375 ], [ 142.875, -23.125 ], [ 143.125, -23.125 ], [ 143.125, -22.875 ], [ 143.375, -22.875 ], [ 143.375, -22.625 ], [ 143.125, -22.625 ], [ 143.125, -22.375 ], [ 142.875, -22.375 ], [ 142.875, -22.125 ], [ 142.625, -22.125 ], [ 142.625, -21.875 ], [ 140.875, -21.875 ], [ 140.875, -21.625 ], [ 140.625, -21.625 ] ] ] } },
{ "type": "Feature", "properties": { "cluster_id": 8, "cohesion": 5.6089658589220424, "distances": { "1": 18.403085891625967, "2": 13.761933059032168, "3": 16.894855388723865, "4": 22.29902415476751, "5": 22.710177855150388, "6": 13.763738263026678, "7": 11.338032714400937, "9": 23.56091729871993, "10": 23.87928251131765, "11": 23.771095052976694, "12": 23.824060455954417, "13": 25.018450385020902, "14": 25.971715806277444, "15": 19.975395237525806, "16": 20.40873856044121, "17": 23.435473611434784, "18": 21.82148370373982, "19": 36.116726541500526, "20": 33.36190829350073, "21": 36.2737833865625, "22": 35.097375873625424, "23": 39.18567648334798, "24": 36.25861020603343, "25": 35.16277960716114, "26": 38.90041238648864, "27": 40.5653859161262, "28": 39.462781491890155, "29": 26.135879044808526, "30": 33.02685358143546, "31": 29.649053933999745, "32": 37.50615769941533, "33": 37.38564789922006, "34": 31.872550176579427, "35": 33.73300157077509, "36": 38.236515839821756, "37": 34.60763076915135, "38": 38.79230065832292, "39": 37.29511872950268, "40": 37.75633431910836, "41": 39.072075030246175, "42": 33.66610128104558, "43": 30.476402696457995, "44": 34.406473503785186, "45": 35.420207394835614, "46": 38.58331409077899, "47": 19.010019682191576, "48": 18.173819930543374, "49": 20.86959468822233, "50": 20.13089815869373, "51": 15.539635448631227, "52": 23.159167892058644, "53": 27.862106424875325, "54": 26.436387620512022, "55": 31.24356835138399, "56": 26.362434004422525, "57": 28.01379580440682, "58": 28.626462295414036, "59": 34.02691269455352, "60": 29.029952575026847, "61": 29.08366389336346, "62": 21.874897447430047, "63": 30.323489857974224, "64": 26.53547722599027, "65": 26.07860358758797, "66": 28.10008392666274, "67": 30.251956366208383, "68": 27.683005515112974, "69": 30.99363881333486, "70": 32.22649832664385 } }, "geometry": { "type": "Polygon", "coordinates": [ [ [ 143.125, -20.125 ], [ 143.125, -21.375 ], [ 142.375, -21.375 ], [ 142.375, -21.875 ], [ 142.625, -21.875 ], [ 142.625, -22.125 ], [ 142.875, -22.125 ], [ 142.875, -22.375 ], [ 143.125, -22.375 ], [ 143.125, -22.625 ], [ 143.375, -22.625 ], [ 143.375, -22.125 ], [ 143.125, -22.125 ], [ 143.125, -21.625 ], [ 143.375, -21.625 ], [ 143.375, -21.375 ], [ 143.625, -21.375 ], [ 143.625, -20.625 ], [ 143.375, -20.625 ], [ 143.375, -20.125 ], [ 143.125, -20.125 ] ] ] } },
{ "type": "Feature", "properties": { "cluster_id": 9, "cohesion": 9.7282918018884281, "distances": { "1": 31.286354708499413, "2": 30.103402595370124, "3": 31.430501967825464, "4": 27.66080088233169, "5": 22.932388391475673, "6": 18.01953863439402, "7": 18.36087974942599, "8": 23.56091729871993, "10": 19.047471094044486, "11": 15.488179975107293, "12": 11.296759883781927, "13": 14.054654901469432, "14": 21.300456206130058, "15": 25.61070335592995, "16": 21.90311237690949, "17": 22.336256102914298, "18": 24.940271160318513, "19": 37.94708106420372, "20": 40.04361901416845, "21": 41.32290286624447, "22": 42.102659518361, "23": 43.72773512432761, "24": 34.93290631442814, "25": 35.91365782040669, "26": 40.690136696027295, "27": 42.0496192218765, "28": 38.70779503305336, "29": 33.88549344450622, "30": 37.38143867871751, "31": 36.30161796289336, "32": 43.071606958105406, "33": 39.73878409236181, "34": 39.39340598410951, "35": 41.2465279943078, "36": 42.81838478329911, "37": 29.969140712705507, "38": 38.65608939850782, "39": 35.50866950977223, "40": 41.81953291094794, "41": 40.042876168869235, "42": 35.549701163530116, "43": 34.05068721590537, "44": 32.945778204311004, "45": 36.38304781420336, "46": 37.19405807788797, "47": 30.95033216222448, "48": 32.30983225151964, "49": 30.305725758317887, "50": 29.43313070937881, "51": 23.467846516971093, "52": 27.348061889345708, "53": 28.81918204726664, "54": 27.15789838902976, "55": 35.94335054138229, "56": 31.077956868651967, "57": 29.161332002902604, "58": 25.399267013610636, "59": 30.377843207138138, "60": 31.35613559186376, "61": 33.092137776452404, "62": 20.26786733062425, "63": 21.603613047121772, "64": 13.199434506737513, "65": 28.58868646272078, "66": 24.564648521714318, "67": 26.427109343713557, "68": 15.093902163412283, "69": 21.32219541543114, "70": 25.803461708062976 } }, "geometry": { "type": "Polygon", "coordinates": [ [ [ 129.875, -19.625 ], [ 129.875, -19.875 ], [ 128.875, -19.875 ], [ 128.875, -20.125 ], [ 128.125, -20.125 ], [ 128.125, -20.375 ], [ 128.625, -20.375 ], [ 128.625, -20.875 ], [ 128.875, -20.875 ], [ 128.875, -21.625 ], [ 129.875, -21.625 ], [ 129.875, -21.875 ], [ 130.125, -21.875 ], [ 130.125, -22.125 ], [ 130.875, -22.125 ], [ 130.875, -22.375 ], [ 131.625, -22.375 ], [ 131.625, -22.125 ], [ 132.875, -22.125 ], [ 132.875, -21.875 ], [ 136.125, -21.875 ], [ 136.125, -22.125 ], [ 136.625, -22.125 ], [ 136.625, -21.875 ], [ 137.625, -21.875 ], [ 137.625, -22.125 ], [ 138.125, -22.125 ], [ 138.125, -22.375 ], [ 138.375, -22.375 ], [ 138.375, -22.625 ], [ 140.125, -22.625 ], [ 140.125, -22.375 ], [ 140.375, -22.375 ], [ 140.375, -22.125 ], [ 140.125, -22.125 ], [ 140.125, -21.875 ], [ 138.875, -21.875 ], [ 138.875, -21.375 ], [ 138.625, -21.375 ], [ 138.625, -21.125 ], [ 137.625, -21.125 ], [ 137.625, -20.875 ], [ 136.125, -20.875 ], [ 136.125, -21.125 ], [ 134.875, -21.125 ], [ 134.875, -21.375 ], [ 133.625, -21.375 ], [ 133.625, -21.125 ], [ 132.125, -21.125 ], [ 132.125, -21.625 ], [ 131.375, -21.625 ], [ 131.375, -21.375 ], [ 131.125, -21.375 ], [ 131.125, -20.625 ], [ 130.875, -20.625 ], [ 130.875, -20.375 ], [ 130.625, -20.375 ], [ 130.625, -20.125 ], [ 130.375, -20.125 ], [ 130.375, -19.625 ], [ 129.875, -19.625 ] ] ] } },
{ "type": "Feature", "properties": { "cluster_id": 10, "cohesion": 6.9615330663153552, "distances": { "1": 26.527482853515856, "2": 29.067010259210623, "3": 28.226947266946567, "4": 18.195001503537913, "5": 15.10360224498097, "6": 19.75602536017739, "7": 24.170859028431295, "8": 23.87928251131765, "9": 19.047471094044482, "11": 17.109349911182143, "12": 14.950664117416801, "13": 12.22806875795528, "14": 13.794047909098143, "15": 18.057804142392122, "16": 12.652795088904933, "17": 15.075498613251183, "18": 21.187469069865397, "19": 39.1076002523495, "20": 37.97647927790824, "21": 40.75760811531999, "22": 42.28237055693588, "23": 45.65662091879266, "24": 41.47406368315505, "25": 39.86715917635698, "26": 42.606296217709954, "27": 45.50166896397646, "28": 43.67617920700494, "29": 33.02272019271419, "30": 40.01284562733237, "31": 37.38504738633999, "32": 45.514512520963955, "33": 43.44787496153788, "34": 40.96648398816414, "35": 42.71943539311551, "36": 46.52408741837601, "37": 37.44507982308315, "38": 44.0460698617515, "39": 42.59282932513289, "40": 45.467882076348964, "41": 44.92904374591036, "42": 38.88615890023771, "43": 35.20857959571273, "44": 35.73436282819945, "45": 39.99255540893264, "46": 42.096173505449826, "47": 32.79625982381021, "48": 32.842138834688136, "49": 31.644947387914897, "50": 31.584472230130576, "51": 27.06968121237585, "52": 29.122490470239068, "53": 28.459153946665968, "54": 29.267551533259958, "55": 33.203273894480375, "56": 30.3013272641813, "57": 27.53247764461429, "58": 35.053011704221774, "59": 39.22156367418491, "60": 35.22840971435104, "61": 37.50430545158371, "62": 29.80313709672733, "63": 32.86737220414223, "64": 26.149647806366893, "65": 27.34796467831736, "66": 21.703952749230417, "67": 27.064259742137224, "68": 21.191629876344948, "69": 29.2451128681048, "70": 29.924738716547864 } }, "geometry": { "type": "Polygon", "coordinates": [ [ [ 128.125, -15.375 ], [ 128.125, -15.625 ], [ 127.875, -15.625 ], [ 127.875, -16.125 ], [ 128.125, -16.125 ], [ 128.125, -16.375 ], [ 127.875, -16.375 ], [ 127.875, -16.625 ], [ 127.625, -16.625 ], [ 127.625, -16.125 ], [ 127.125, -16.125 ], [ 127.125, -16.375 ], [ 126.875, -16.375 ], [ 126.875, -16.625 ], [ 126.625, -16.625 ], [ 126.625, -16.875 ], [ 126.375, -16.875 ], [ 126.375, -17.125 ], [ 126.125, -17.125 ], [ 126.125, -17.625 ], [ 125.875, -17.625 ], [ 125.875, -17.875 ], [ 125.375, -17.875 ], [ 125.375, -17.625 ], [ 125.625, -17.625 ], [ 125.625, -16.625 ], [ 125.875, -16.625 ], [ 125.875, -16.125 ], [ 125.625, -16.125 ], [ 125.625, -15.875 ], [ 125.375, -15.875 ], [ 125.375, -16.125 ], [ 125.125, -16.125 ], [ 125.125, -16.375 ], [ 124.625, -16.375 ], [ 124.625, -16.875 ], [ 124.875, -16.875 ], [ 124.875, -17.375 ], [ 124.625, -17.375 ], [ 124.625, -18.125 ], [ 124.875, -18.125 ], [ 124.875, -18.375 ], [ 125.625, -18.375 ], [ 125.625, -19.125 ], [ 125.875, -19.125 ], [ 125.875, -19.625 ], [ 127.125, -19.625 ], [ 127.125, -19.375 ], [ 127.375, -19.375 ], [ 127.375, -19.125 ], [ 127.625, -19.125 ], [ 127.625, -18.875 ], [ 128.125, -18.875 ], [ 128.125, -19.375 ], [ 128.375, -19.375 ], [ 128.375, -19.125 ], [ 128.625, -19.125 ], [ 128.625, -18.625 ], [ 128.375, -18.625 ], [ 128.375, -17.625 ], [ 128.625, -17.625 ], [ 128.625, -16.625 ], [ 128.875, -16.625 ], [ 128.875, -15.875 ], [ 128.375, -15.875 ], [ 128.375, -15.375 ], [ 128.125, -15.375 ] ] ] } },
{ "type": "Feature", "properties": { "cluster_id": 11, "cohesion": 5.7194552176550069, "distances": { "1": 28.776791287616042, "2": 32.12178295530164, "3": 31.52827261799591, "4": 20.344329427132735, "5": 13.934482706847609, "6": 14.32488987639887, "7": 22.094885894637798, "8": 23.771095052976694, "9": 15.488179975107293, "10": 17.109349911182143, "12": 10.49309590535747, "13": 17.786223657213753, "14": 23.919601617731978, "15": 23.168685030419024, "16": 21.121635257063836, "17": 25.985480365854496, "18": 28.845741516909232, "19": 44.83256107487425, "20": 44.30508709904327, "21": 47.44348517398529, "22": 48.99667337676745, "23": 52.20007059037012, "24": 44.97082689427445, "25": 44.248326137041396, "26": 48.62520302458005, "27": 51.57744890667834, "28": 48.499066782932545, "29": 36.34900895854949, "30": 42.93107454828474, "31": 40.328875486559916, "32": 49.91032032061664, "33": 47.47486642589364, "34": 45.146338491707404, "35": 48.390712737378614, "36": 51.257778131445114, "37": 40.7000866780204, "38": 49.062128863852635, "39": 46.3376594786094, "40": 50.90976551918972, "41": 49.44178451037695, "42": 43.96892080332624, "43": 41.679127963914844, "44": 41.67347741313499, "45": 44.47257491755823, "46": 46.8337678546515, "47": 36.75242028543187, "48": 36.54862669804155, "49": 34.13788795313836, "50": 34.82238513473769, "51": 28.468531115239927, "52": 31.57542276963964, "53": 31.910703788850366, "54": 32.90418123380667, "55": 38.706391934648046, "56": 34.03414161660487, "57": 31.39721073424373, "58": 35.22276156422871, "59": 41.22263046889701, "60": 38.13609283818217, "61": 41.224802350351474, "62": 28.630152033813847, "63": 32.770086398145466, "64": 23.38091102730011, "65": 34.828244981443774, "66": 30.05637987159244, "67": 34.31735419316153, "68": 24.42175825887743, "69": 32.083574428437, "70": 35.20294845330412 } }, "geometry": { "type": "Polygon", "coordinates": [ [ [ 131.125, -19.125 ], [ 131.125, -19.375 ], [ 131.375, -19.375 ], [ 131.375, -19.875 ], [ 131.625, -19.875 ], [ 131.625, -20.125 ], [ 131.875, -20.125 ], [ 131.875, -20.375 ], [ 132.125, -20.375 ], [ 132.125, -20.625 ], [ 134.625, -20.625 ], [ 134.625, -20.875 ], [ 137.625, -20.875 ], [ 137.625, -21.125 ], [ 138.625, -21.125 ], [ 138.625, -20.625 ], [ 138.375, -20.625 ], [ 138.375, -20.375 ], [ 138.625, -20.375 ], [ 138.625, -20.125 ], [ 138.375, -20.125 ], [ 138.375, -19.875 ], [ 138.125, -19.875 ], [ 138.125, -20.125 ], [ 137.625, -20.125 ], [ 137.625, -19.875 ], [ 137.125, -19.875 ], [ 137.125, -19.375 ], [ 135.875, -19.375 ], [ 135.875, -19.125 ], [ 134.875, -19.125 ], [ 134.875, -19.375 ], [ 132.875, -19.375 ], [ 132.875, -19.125 ], [ 131.125, -19.125 ] ] ] } },
{ "type": "Feature", "properties": { "cluster_id": 12, "cohesion": 7.6169591655490407, "distances": { "1": 29.596675275122042, "2": 30.90746402212581, "3": 31.07332463255776, "4": 23.065663989846147, "5": 17.61649764869856, "6": 16.619629555161495, "7": 20.904387126434102, "8": 23.824060455954417, "9": 11.296759883781927, "10": 14.950664117416801, "11": 10.49309590535747, "13": 12.885539858695058, "14": 20.274045063700694, "15": 23.073635847444145, "16": 19.55040616586193, "17": 22.139156463231384, "18": 25.567845637111795, "19": 40.77514990859569, "20": 41.51036762829043, "21": 43.743262927835936, "22": 45.04642936108377, "23": 47.51066786702251, "24": 39.888201776321644, "25": 39.80277752052616, "26": 44.13429337863143, "27": 46.368100684342565, "28": 43.292289488077536, "29": 34.89836347319172, "30": 40.08377084074308, "31": 38.24206925729682, "32": 46.371082569958574, "33": 43.42887881250193, "34": 42.16315412848165, "35": 44.528422005529904, "36": 46.886071919601484, "37": 34.993644485172524, "38": 43.53007166919357, "39": 40.77908276866455, "40": 46.06895777831192, "41": 44.49894518377152, "42": 39.36081281338079, "43": 37.29496620130876, "44": 36.63759365612411, "45": 40.085766027067386, "46": 41.63186079933097, "47": 33.80055600657687, "48": 34.321286846906375, "49": 32.1260415027123, "50": 32.04931365172925, "51": 26.1036643783042, "52": 29.13156525903243, "53": 29.587193316650712, "54": 29.443493926500967, "55": 36.51815637239468, "56": 31.970114346530277, "57": 29.362276298359884, "58": 30.72268360573682, "59": 35.88681923914714, "60": 34.575673520421425, "61": 37.140281557816905, "62": 25.133531965103423, "63": 27.318548590673455, "64": 18.2041406251176, "65": 30.82852554530415, "66": 25.722119066352395, "67": 29.19588908436024, "68": 18.321720486625406, "69": 25.97705615545329, "70": 29.565620044398216 } }, "geometry": { "type": "Polygon", "coordinates": [ [ [ 130.125, -18.875 ], [ 130.125, -19.125 ], [ 128.375, -19.125 ], [ 128.375, -19.625 ], [ 129.125, -19.625 ], [ 129.125, -19.875 ], [ 129.875, -19.875 ], [ 129.875, -19.625 ], [ 130.375, -19.625 ], [ 130.375, -20.125 ], [ 130.625, -20.125 ], [ 130.625, -20.375 ], [ 130.875, -20.375 ], [ 130.875, -20.625 ], [ 131.125, -20.625 ], [ 131.125, -21.375 ], [ 131.375, -21.375 ], [ 131.375, -21.625 ], [ 132.125, -21.625 ], [ 132.125, -21.125 ], [ 133.625, -21.125 ], [ 133.625, -21.375 ], [ 134.875, -21.375 ], [ 134.875, -21.125 ], [ 136.125, -21.125 ], [ 136.125, -20.875 ], [ 134.625, -20.875 ], [ 134.625, -20.625 ], [ 132.125, -20.625 ], [ 132.125, -20.375 ], [ 131.875, -20.375 ], [ 131.875, -20.125 ], [ 131.625, -20.125 ], [ 131.625, -19.875 ], [ 131.375, -19.875 ], [ 131.375, -19.375 ], [ 131.125, -19.375 ], [ 131.125, -19.125 ], [ 130.875, -19.125 ], [ 130.875, -18.875 ], [ 130.125, -18.875 ] ] ] } },
{ "type": "Feature", "properties": { "cluster_id": 13, "cohesion": 6.1203294704682429, "distances": { "1": 29.676584319249294, "2": 30.163866655353296, "3": 30.293827819925166, "4": 24.799058171237647, "5": 20.619680108297377, "6": 20.984079519458902, "7": 22.72738211003389, "8": 25.018450385020902, "9": 14.054654901469428, "10": 12.22806875795528, "11": 17.786223657213753, "12": 12.885539858695058, "14": 12.760753246042835, "15": 23.283627068705403, "16": 17.825110048466403, "17": 16.766417580239093, "18": 22.986161507472232, "19": 36.31312252240327, "20": 37.24132403249341, "21": 38.95158530041931, "22": 40.569410746384605, "23": 42.790662925109245, "24": 36.77619388517901, "25": 36.21808258602398, "26": 39.34544519693304, "27": 41.522789447269574, "28": 39.24798110176332, "29": 33.96456162624213, "30": 38.79076838051469, "31": 37.39983576245754, "32": 44.09290182831641, "33": 40.81161829730871, "34": 40.26069495842069, "35": 41.215533463305114, "36": 44.00040642201528, "37": 31.744163096192082, "38": 39.39885098662317, "39": 37.53362275041926, "40": 42.26972126599404, "41": 41.213627347164746, "42": 35.16767283048681, "43": 32.217445064128526, "44": 31.30982538137265, "45": 36.67596690683741, "46": 37.43334636723068, "47": 31.53395565359868, "48": 32.693828616326705, "49": 31.20798657089187, "50": 30.229325300028474, "51": 25.42473606262666, "52": 27.934587078985736, "53": 27.24021358844952, "54": 26.836532913890167, "55": 32.66607297585373, "56": 29.4626510188728, "57": 26.651887399459405, "58": 30.1923237206223, "59": 33.882393966789856, "60": 32.526628444337405, "61": 34.24451813728641, "62": 25.626324974884717, "63": 26.646418700502075, "64": 20.07718557726906, "65": 25.015187436629425, "66": 17.840597961724974, "67": 21.899397190637956, "68": 12.85417462661323, "69": 21.87459686063811, "70": 23.23077168572235 } }, "geometry": { "type": "Polygon", "coordinates": [ [ [ 127.625, -18.875 ], [ 127.625, -19.125 ], [ 127.375, -19.125 ], [ 127.375, -19.375 ], [ 127.125, -19.375 ], [ 127.125, -19.625 ], [ 125.875, -19.625 ], [ 125.875, -19.375 ], [ 125.375, -19.375 ], [ 125.375, -19.875 ], [ 125.625, -19.875 ], [ 125.625, -20.125 ], [ 125.875, -20.125 ], [ 125.875, -20.375 ], [ 125.125, -20.375 ], [ 125.125, -20.625 ], [ 125.375, -20.625 ], [ 125.375, -20.875 ], [ 125.125, -20.875 ], [ 125.125, -21.125 ], [ 125.375, -21.125 ], [ 125.375, -21.375 ], [ 126.375, -21.375 ], [ 126.375, -21.625 ], [ 126.875, -21.625 ], [ 126.875, -21.375 ], [ 127.625, -21.375 ], [ 127.625, -21.625 ], [ 127.875, -21.625 ], [ 127.875, -21.375 ], [ 128.125, -21.375 ], [ 128.125, -21.125 ], [ 128.375, -21.125 ], [ 128.375, -20.875 ], [ 128.625, -20.875 ], [ 128.625, -20.375 ], [ 128.125, -20.375 ], [ 128.125, -20.125 ], [ 128.875, -20.125 ], [ 128.875, -19.875 ], [ 129.125, -19.875 ], [ 129.125, -19.625 ], [ 128.375, -19.625 ], [ 128.375, -19.375 ], [ 128.125, -19.375 ], [ 128.125, -18.875 ], [ 127.625, -18.875 ] ] ] } },
{ "type": "Feature", "properties": { "cluster_id": 14, "cohesion": 8.2260584931764207, "distances": { "1": 28.171349547318282, "2": 28.919197044473677, "3": 28.467336932226537, "4": 24.977152331490775, "5": 23.146090553387587, "6": 24.544413545351546, "7": 25.584860131993437, "8": 25.97171580627745, "9": 21.30045620613006, "10": 13.794047909098147, "11": 23.919601617731978, "12": 20.274045063700694, "13": 12.760753246042835, "15": 22.45339769819458, "16": 17.156687327537156, "17": 12.737992547120971, "18": 20.984844463957057, "19": 33.50793207541383, "20": 33.22170364909116, "21": 35.41516912085735, "22": 37.449906817021834, "23": 40.33064014228977, "24": 36.8687586995237, "25": 35.15254040802744, "26": 36.845875202229955, "27": 39.80758325646258, "28": 38.379767192497006, "29": 32.04727526093668, "30": 37.663089048425036, "31": 36.007497095300046, "32": 42.283640572557104, "33": 39.5124436456087, "34": 38.36872754860175, "35": 38.942960470821184, "36": 42.67072643413472, "37": 32.94355024910774, "38": 38.75847691957971, "39": 37.79921232936641, "40": 40.85537470628, "41": 40.45519626988054, "42": 32.82571723302405, "43": 28.52851179091105, "44": 29.115492786504568, "45": 35.106384001281626, "46": 36.52167776490116, "47": 30.59720758368118, "48": 31.19354794095301, "49": 30.189438355321002, "50": 29.917866443373217, "51": 26.661612145371137, "52": 27.1393453834223, "53": 25.330602213242834, "54": 25.658467191445187, "55": 28.727541223602536, "56": 26.71211878994673, "57": 24.081412491655573, "58": 32.4803082482793, "59": 35.30915897392082, "60": 31.9107314478404, "61": 33.77532400045679, "62": 28.662713705537914, "63": 30.253056850569713, "64": 25.91856371292247, "65": 20.04730382801849, "66": 12.313195020605798, "67": 18.80204700240862, "68": 17.811162168689528, "69": 24.99270543725659, "70": 23.114001730425958 } }, "geometry": { "type": "Polygon", "coordinates": [ [ [ 124.375, -16.375 ], [ 124.375, -16.625 ], [ 123.875, -16.625 ], [ 123.875, -17.125 ], [ 123.625, -17.125 ], [ 123.625, -17.375 ], [ 123.375, -17.375 ], [ 123.375, -17.625 ], [ 123.125, -17.625 ], [ 123.125, -17.875 ], [ 122.625, -17.875 ], [ 122.625, -17.375 ], [ 122.875, -17.375 ], [ 122.875, -17.125 ], [ 123.125, -17.125 ], [ 123.125, -16.875 ], [ 122.625, -16.875 ], [ 122.625, -17.125 ], [ 122.375, -17.125 ], [ 122.375, -18.125 ], [ 121.875, -18.125 ], [ 121.875, -18.375 ], [ 121.625, -18.375 ], [ 121.625, -18.625 ], [ 121.375, -18.625 ], [ 121.375, -18.875 ], [ 121.125, -18.875 ], [ 121.125, -19.125 ], [ 120.875, -19.125 ], [ 120.875, -19.375 ], [ 120.625, -19.375 ], [ 120.625, -19.625 ], [ 120.375, -19.625 ], [ 120.375, -19.875 ], [ 119.625, -19.875 ], [ 119.625, -20.125 ], [ 119.125, -20.125 ], [ 119.125, -20.375 ], [ 118.625, -20.375 ], [ 118.625, -21.375 ], [ 119.125, -21.375 ], [ 119.125, -21.125 ], [ 119.625, -21.125 ], [ 119.625, -21.375 ], [ 120.375, -21.375 ], [ 120.375, -21.125 ], [ 120.625, -21.125 ], [ 120.625, -20.875 ], [ 121.125, -20.875 ], [ 121.125, -20.625 ], [ 122.375, -20.625 ], [ 122.375, -20.875 ], [ 122.625, -20.875 ], [ 122.625, -21.125 ], [ 123.125, -21.125 ], [ 123.125, -21.375 ], [ 124.125, -21.375 ], [ 124.125, -21.125 ], [ 125.125, -21.125 ], [ 125.125, -20.875 ], [ 125.375, -20.875 ], [ 125.375, -20.625 ], [ 125.125, -20.625 ], [ 125.125, -20.375 ], [ 125.875, -20.375 ], [ 125.875, -20.125 ], [ 125.625, -20.125 ], [ 125.625, -19.875 ], [ 125.375, -19.875 ], [ 125.375, -19.375 ], [ 125.875, -19.375 ], [ 125.875, -19.125 ], [ 125.625, -19.125 ], [ 125.625, -18.375 ], [ 124.875, -18.375 ], [ 124.875, -18.125 ], [ 124.625, -18.125 ], [ 124.625, -17.375 ], [ 124.875, -17.375 ], [ 124.875, -16.875 ], [ 124.625, -16.875 ], [ 124.625, -16.375 ], [ 124.375, -16.375 ] ] ] } },
{ "type": "Feature", "properties": { "cluster_id": 15, "cohesion": 7.9707431067182677, "distances": { "1": 18.61031585876883, "2": 21.90519768571159, "3": 19.95115848853079, "4": 13.437887213213756, "5": 17.973178005559795, "6": 20.450662855599845, "7": 23.971747425259856, "8": 19.975395237525806, "9": 25.610703355929946, "10": 18.057804142392126, "11": 23.16868503041902, "12": 23.07363584744414, "13": 23.283627068705403, "14": 22.45339769819458, "16": 12.533698118449504, "17": 18.86517971281787, "18": 16.085946900114124, "19": 37.39348046349, "20": 33.76940803961461, "21": 37.50055664207739, "22": 37.76949441939979, "23": 42.18865143435667, "24": 41.19422002968071, "25": 39.174976118306105, "26": 41.05297725894118, "27": 43.49235628038802, "28": 42.67125248136824, "29": 26.147194588951432, "30": 34.5535769074571, "31": 30.8691564989715, "32": 40.055274194773865, "33": 39.58793844664452, "34": 34.89964615654541, "35": 37.36682027362063, "36": 41.94797476294734, "37": 37.717321176221624, "38": 42.518852817487534, "39": 41.656790538017646, "40": 41.786790814251624, "41": 41.99399488937321, "42": 36.86303512324694, "43": 33.514982980516926, "44": 35.716710132941216, "45": 37.480949933429855, "46": 40.78018107124594, "47": 28.70609254632048, "48": 26.195395081195468, "49": 26.32918948313091, "50": 28.652357501624447, "51": 25.914561455161376, "52": 26.385632238656353, "53": 27.849813044441483, "54": 28.34639038427622, "55": 30.212618379105436, "56": 25.96790474460363, "57": 26.57141179953235, "58": 35.06429473361748, "59": 39.06715946553969, "60": 33.48556037867194, "61": 35.94833729965176, "62": 30.516446947074467, "63": 34.91442405752662, "64": 30.168395024266587, "65": 27.309329305063944, "66": 26.744200206352417, "67": 30.532337102842746, "68": 28.339331586363073, "69": 33.00138162265485, "70": 33.0662840888089 } }, "geometry": { "type": "MultiPolygon", "coordinates": [ [ [ [ 129.875, -13.875 ], [ 129.875, -13.625 ], [ 130.125, -13.625 ], [ 130.125, -13.875 ], [ 129.875, -13.875 ] ] ], [ [ [ 133.375, -13.875 ], [ 133.375, -13.625 ], [ 133.625, -13.625 ], [ 133.625, -13.875 ], [ 133.375, -13.875 ] ] ], [ [ [ 130.125, -13.625 ], [ 130.125, -13.375 ], [ 130.375, -13.375 ], [ 130.375, -13.625 ], [ 130.125, -13.625 ] ] ], [ [ [ 134.125, -13.375 ], [ 134.125, -13.625 ], [ 133.625, -13.625 ], [ 133.625, -13.375 ], [ 133.875, -13.375 ], [ 133.875, -13.125 ], [ 134.375, -13.125 ], [ 134.375, -13.375 ], [ 134.125, -13.375 ] ] ], [ [ [ 135.375, -13.125 ], [ 135.625, -13.125 ], [ 135.625, -13.375 ], [ 135.375, -13.375 ], [ 135.375, -13.125 ] ] ], [ [ [ 135.875, -12.375 ], [ 135.625, -12.375 ], [ 135.625, -12.125 ], [ 133.875, -12.125 ], [ 133.875, -11.875 ], [ 133.125, -11.875 ], [ 133.125, -12.375 ], [ 132.625, -12.375 ], [ 132.625, -12.625 ], [ 132.125, -12.625 ], [ 132.125, -12.875 ], [ 131.125, -12.875 ], [ 131.125, -13.125 ], [ 130.625, -13.125 ], [ 130.625, -13.375 ], [ 130.375, -13.375 ], [ 130.375, -12.875 ], [ 130.625, -12.875 ], [ 130.625, -12.625 ], [ 131.125, -12.625 ], [ 131.125, -12.375 ], [ 132.375, -12.375 ], [ 132.375, -12.125 ], [ 131.625, -12.125 ], [ 131.625, -11.875 ], [ 132.125, -11.875 ], [ 132.125, -11.625 ], [ 132.375, -11.625 ], [ 132.375, -11.375 ], [ 132.625, -11.375 ], [ 132.625, -11.125 ], [ 133.125, -11.125 ], [ 133.125, -11.375 ], [ 133.875, -11.375 ], [ 133.875, -11.625 ], [ 134.875, -11.625 ], [ 134.875, -11.875 ], [ 135.375, -11.875 ], [ 135.375, -11.625 ], [ 135.625, -11.625 ], [ 135.625, -11.875 ], [ 136.625, -11.875 ], [ 136.625, -12.125 ], [ 136.875, -12.125 ], [ 136.875, -12.375 ], [ 137.125, -12.375 ], [ 137.125, -12.625 ], [ 136.875, -12.625 ], [ 136.875, -13.125 ], [ 136.625, -13.125 ], [ 136.625, -13.375 ], [ 136.375, -13.375 ], [ 136.375, -13.625 ], [ 135.875, -13.625 ], [ 135.875, -13.125 ], [ 135.625, -13.125 ], [ 135.625, -12.875 ], [ 135.875, -12.875 ], [ 135.875, -12.375 ] ] ], [ [ [ 131.625, -11.125 ], [ 131.625, -11.375 ], [ 131.875, -11.375 ], [ 131.875, -11.625 ], [ 131.625, -11.625 ], [ 131.625, -11.875 ], [ 130.875, -11.875 ], [ 130.875, -11.375 ], [ 131.125, -11.375 ], [ 131.125, -10.875 ], [ 131.375, -10.875 ], [ 131.375, -11.125 ], [ 131.625, -11.125 ] ] ], [ [ [ 130.375, -11.125 ], [ 130.375, -10.875 ], [ 130.625, -10.875 ], [ 130.625, -11.125 ], [ 130.375, -11.125 ] ] ] ] } },
{ "type": "Feature", "properties": { "cluster_id": 16, "cohesion": 9.5177935382956154, "distances": { "1": 22.055630978430944, "2": 23.891188185531767, "3": 22.921994611754357, "4": 16.22079863085858, "5": 16.942891919996242, "6": 19.611441698268674, "7": 22.24897160389236, "8": 20.40873856044121, "9": 21.90311237690949, "10": 12.652795088904933, "11": 21.121635257063836, "12": 19.55040616586193, "13": 17.825110048466403, "14": 17.156687327537156, "15": 12.533698118449504, "17": 13.932793030680894, "18": 15.834052399414873, "19": 35.94460085069401, "20": 33.75749231761216, "21": 36.74047075249606, "22": 37.47549847086071, "23": 41.26572044765745, "24": 38.700153254678966, "25": 36.90148198915634, "26": 39.289444962666174, "27": 41.76086251109755, "28": 40.535978984843595, "29": 27.894996411820998, "30": 35.46773962017653, "31": 32.38097810528543, "32": 40.64923974045209, "33": 39.40361739054508, "34": 35.77834988479407, "35": 37.55171843460021, "36": 41.82080953619385, "37": 35.30436356911168, "38": 40.56172614203726, "39": 39.48158639014734, "40": 40.98224536199915, "41": 41.10026732743931, "42": 35.387637474093125, "43": 31.656938962893335, "44": 33.393197321698025, "45": 36.52223776532597, "46": 39.14396506814597, "47": 28.12711217965135, "48": 27.42315435443593, "49": 26.951952366606054, "50": 27.50331352757918, "51": 24.033568031967892, "52": 25.618788387193742, "53": 26.40158971736005, "54": 26.537968434465817, "55": 29.99974965678876, "56": 26.52224262048088, "57": 25.591879930330016, "58": 32.82169605161988, "59": 36.71817228043086, "60": 31.92012023767714, "61": 33.89112701087648, "62": 28.068054895363673, "63": 31.96358471478326, "64": 26.953000708278317, "65": 24.66032627872468, "66": 22.423277299368156, "67": 26.62184685147852, "68": 23.541780853899418, "69": 29.284203474771022, "70": 29.461816544988924 } }, "geometry": { "type": "MultiPolygon", "coordinates": [ [ [ [ 127.625, -14.125 ], [ 127.625, -14.375 ], [ 127.375, -14.375 ], [ 127.375, -15.125 ], [ 127.125, -15.125 ], [ 127.125, -15.625 ], [ 126.875, -15.625 ], [ 126.875, -15.875 ], [ 127.875, -15.875 ], [ 127.875, -16.125 ], [ 128.125, -16.125 ], [ 128.125, -16.375 ], [ 127.875, -16.375 ], [ 127.875, -16.625 ], [ 127.625, -16.625 ], [ 127.625, -16.125 ], [ 127.125, -16.125 ], [ 127.125, -16.375 ], [ 126.875, -16.375 ], [ 126.875, -16.625 ], [ 126.625, -16.625 ], [ 126.625, -16.875 ], [ 126.375, -16.875 ], [ 126.375, -17.125 ], [ 126.125, -17.125 ], [ 126.125, -16.875 ], [ 125.625, -16.875 ], [ 125.625, -16.625 ], [ 125.875, -16.625 ], [ 125.875, -16.125 ], [ 125.625, -16.125 ], [ 125.625, -15.875 ], [ 125.375, -15.875 ], [ 125.375, -16.125 ], [ 125.125, -16.125 ], [ 125.125, -16.375 ], [ 124.625, -16.375 ], [ 124.625, -15.625 ], [ 124.875, -15.625 ], [ 124.875, -15.375 ], [ 125.125, -15.375 ], [ 125.125, -15.125 ], [ 125.375, -15.125 ], [ 125.375, -14.875 ], [ 125.625, -14.875 ], [ 125.625, -14.625 ], [ 125.875, -14.625 ], [ 125.875, -14.375 ], [ 126.125, -14.375 ], [ 126.125, -14.125 ], [ 126.625, -14.125 ], [ 126.625, -13.875 ], [ 127.375, -13.875 ], [ 127.375, -14.125 ], [ 127.625, -14.125 ] ] ], [ [ [ 127.875, -15.625 ], [ 127.875, -15.375 ], [ 128.125, -15.375 ], [ 128.125, -15.625 ], [ 127.875, -15.625 ] ] ], [ [ [ 128.125, -15.125 ], [ 128.375, -15.125 ], [ 128.375, -15.375 ], [ 128.125, -15.375 ], [ 128.125, -15.125 ] ] ], [ [ [ 128.625, -15.125 ], [ 128.375, -15.125 ], [ 128.375, -14.875 ], [ 128.625, -14.875 ], [ 128.625, -15.125 ] ] ], [ [ [ 136.125, -13.625 ], [ 136.125, -13.875 ], [ 136.375, -13.875 ], [ 136.375, -14.125 ], [ 136.125, -14.125 ], [ 136.125, -14.375 ], [ 135.875, -14.375 ], [ 135.875, -14.875 ], [ 136.125, -14.875 ], [ 136.125, -15.125 ], [ 135.375, -15.125 ], [ 135.375, -14.875 ], [ 134.625, -14.875 ], [ 134.625, -15.125 ], [ 134.375, -15.125 ], [ 134.375, -15.375 ], [ 134.125, -15.375 ], [ 134.125, -15.625 ], [ 133.875, -15.625 ], [ 133.875, -15.375 ], [ 132.875, -15.375 ], [ 132.875, -15.125 ], [ 132.625, -15.125 ], [ 132.625, -14.625 ], [ 132.875, -14.625 ], [ 132.875, -14.375 ], [ 133.125, -14.375 ], [ 133.125, -14.125 ], [ 133.375, -14.125 ], [ 133.375, -13.875 ], [ 133.625, -13.875 ], [ 133.625, -13.625 ], [ 134.125, -13.625 ], [ 134.125, -13.375 ], [ 134.375, -13.375 ], [ 134.375, -14.125 ], [ 134.875, -14.125 ], [ 134.875, -13.875 ], [ 135.125, -13.875 ], [ 135.125, -13.625 ], [ 135.375, -13.625 ], [ 135.375, -13.375 ], [ 135.625, -13.375 ], [ 135.625, -13.125 ], [ 135.875, -13.125 ], [ 135.875, -13.625 ], [ 136.125, -13.625 ] ] ], [ [ [ 129.625, -14.125 ], [ 129.625, -14.875 ], [ 128.625, -14.875 ], [ 128.625, -14.625 ], [ 129.375, -14.625 ], [ 129.375, -14.375 ], [ 129.125, -14.375 ], [ 129.125, -14.125 ], [ 129.375, -14.125 ], [ 129.375, -13.875 ], [ 129.625, -13.875 ], [ 129.625, -13.625 ], [ 129.875, -13.625 ], [ 129.875, -14.125 ], [ 129.625, -14.125 ] ] ], [ [ [ 129.875, -13.375 ], [ 130.125, -13.375 ], [ 130.125, -13.625 ], [ 129.875, -13.625 ], [ 129.875, -13.375 ] ] ], [ [ [ 130.375, -13.375 ], [ 130.125, -13.375 ], [ 130.125, -13.125 ], [ 130.375, -13.125 ], [ 130.375, -13.375 ] ] ] ] } },
{ "type": "Feature", "properties": { "cluster_id": 17, "cohesion": 8.2306609211844854, "distances": { "1": 27.212458270500772, "2": 25.268734799484, "3": 26.26827277862725, "4": 24.52440326629251, "5": 24.042894321181286, "6": 24.180499855394782, "7": 23.379411044848993, "8": 23.435473611434784, "9": 22.336256102914298, "10": 15.075498613251183, "11": 25.985480365854496, "12": 22.139156463231384, "13": 16.766417580239093, "14": 12.737992547120971, "15": 18.86517971281787, "16": 13.932793030680894, "18": 13.837351500173765, "19": 31.012501639693415, "20": 30.6904385876454, "21": 32.410810207656, "22": 33.10320237966462, "23": 35.90071944619634, "24": 33.6516782857997, "25": 32.07677616441854, "26": 33.95306176941988, "27": 35.967823128666964, "28": 34.9427015441257, "29": 27.62312181335396, "30": 32.42119324213836, "31": 30.852297390025022, "32": 36.54396231556264, "33": 34.44120440172903, "34": 32.85365935739155, "35": 33.518103328981105, "36": 37.05128996711743, "37": 29.812973378605633, "38": 34.81181896291419, "39": 34.1143466837886, "40": 35.86150834789727, "41": 35.51802433229759, "42": 29.003166535459997, "43": 25.395541492584016, "44": 26.508819488582528, "45": 30.781030989111965, "46": 32.76055415560623, "47": 25.891203702031202, "48": 26.502445591847795, "49": 25.706436169212154, "50": 25.549212927917637, "51": 23.32300488239769, "52": 23.753525414085004, "53": 24.115147972427476, "54": 22.96729625236786, "55": 27.666480945067647, "56": 24.84761701404605, "57": 23.60020839806448, "58": 29.73147799063221, "59": 32.147489820178876, "60": 28.398396478374774, "61": 29.854262357413685, "62": 26.459281426043674, "63": 28.340439843772632, "64": 25.28062128972357, "65": 18.377257658330112, "66": 15.678458713229059, "67": 19.469727808561515, "68": 19.620582873613124, "69": 24.1754778021925, "70": 23.07941900708805 } }, "geometry": { "type": "MultiPolygon", "coordinates": [ [ [ [ 126.125, -16.875 ], [ 126.125, -17.625 ], [ 125.875, -17.625 ], [ 125.875, -17.875 ], [ 125.375, -17.875 ], [ 125.375, -17.625 ], [ 125.625, -17.625 ], [ 125.625, -16.875 ], [ 126.125, -16.875 ] ] ], [ [ [ 124.625, -16.375 ], [ 124.375, -16.375 ], [ 124.375, -16.625 ], [ 123.875, -16.625 ], [ 123.875, -17.125 ], [ 123.625, -17.125 ], [ 123.625, -17.375 ], [ 123.375, -17.375 ], [ 123.375, -17.625 ], [ 123.125, -17.625 ], [ 123.125, -17.875 ], [ 122.625, -17.875 ], [ 122.625, -17.375 ], [ 122.875, -17.375 ], [ 122.875, -17.125 ], [ 123.125, -17.125 ], [ 123.125, -16.875 ], [ 122.625, -16.875 ], [ 122.625, -17.125 ], [ 122.375, -17.125 ], [ 122.375, -18.125 ], [ 122.125, -18.125 ], [ 122.125, -17.875 ], [ 121.875, -17.875 ], [ 121.875, -17.125 ], [ 122.125, -17.125 ], [ 122.125, -16.875 ], [ 122.375, -16.875 ], [ 122.375, -16.625 ], [ 122.625, -16.625 ], [ 122.625, -16.375 ], [ 123.625, -16.375 ], [ 123.625, -16.125 ], [ 124.375, -16.125 ], [ 124.375, -15.875 ], [ 124.625, -15.875 ], [ 124.625, -16.375 ] ] ], [ [ [ 128.375, -14.625 ], [ 128.625, -14.625 ], [ 128.625, -14.875 ], [ 128.375, -14.875 ], [ 128.375, -15.125 ], [ 128.125, -15.125 ], [ 128.125, -15.375 ], [ 127.875, -15.375 ], [ 127.875, -15.875 ], [ 126.875, -15.875 ], [ 126.875, -15.625 ], [ 127.125, -15.625 ], [ 127.125, -15.125 ], [ 127.375, -15.125 ], [ 127.375, -14.375 ], [ 128.375, -14.375 ], [ 128.375, -14.625 ] ] ] ] } },
{ "type": "Feature", "properties": { "cluster_id": 18, "cohesion": 8.2888809823311895, "distances": { "1": 26.202532132898703, "2": 21.723107753138372, "3": 24.007807919899047, "4": 25.32992173699014, "5": 26.83737347302178, "6": 24.90497960255735, "7": 22.57659549436659, "8": 21.82148370373982, "9": 24.940271160318513, "10": 21.187469069865397, "11": 28.84574151690924, "12": 25.567845637111795, "13": 22.986161507472232, "14": 20.984844463957053, "15": 16.085946900114124, "16": 15.834052399414873, "17": 13.837351500173767, "19": 31.029335474095323, "20": 30.338461908696708, "21": 31.75618088649091, "22": 30.31214795469225, "23": 32.829031405670875, "24": 32.45914942402218, "25": 31.56226555852747, "26": 33.54925781043644, "27": 33.761063458276475, "28": 33.47746569796779, "29": 23.055824174917586, "30": 26.027060104447003, "31": 24.843657052439433, "32": 30.187784666831508, "33": 28.844229706048885, "34": 27.046099639726307, "35": 28.538430631691874, "36": 31.232077694990853, "37": 27.518656500067383, "38": 32.1101135691424, "39": 31.715236018825394, "40": 31.37157380720648, "41": 30.556401587879467, "42": 26.205946702575602, "43": 24.434392575867257, "44": 25.28050613985571, "45": 26.543485556423466, "46": 29.399901070805615, "47": 22.73035039205073, "48": 22.04552246980972, "49": 22.017381332297877, "50": 23.225006206967162, "51": 22.119436960244396, "52": 22.260216505957573, "53": 25.598554390709214, "54": 22.869951476881987, "55": 28.803920285578666, "56": 24.011734004905254, "57": 25.428541437826123, "58": 28.071312732090398, "59": 30.15559356570207, "60": 26.987513650424216, "61": 28.125606798269494, "62": 25.559519605992776, "63": 27.534477490784983, "64": 25.810645420510937, "65": 20.077935836801135, "66": 21.891922576680688, "67": 22.700143128667253, "68": 23.39359251384893, "69": 24.91657308128504, "70": 24.628415189843487 } }, "geometry": { "type": "MultiPolygon", "coordinates": [ [ [ [ 123.375, -16.375 ], [ 123.375, -16.125 ], [ 123.625, -16.125 ], [ 123.625, -16.375 ], [ 123.375, -16.375 ] ] ], [ [ [ 125.875, -14.625 ], [ 125.625, -14.625 ], [ 125.625, -14.875 ], [ 125.375, -14.875 ], [ 125.375, -15.125 ], [ 125.125, -15.125 ], [ 125.125, -15.375 ], [ 124.875, -15.375 ], [ 124.875, -15.625 ], [ 124.625, -15.625 ], [ 124.625, -15.875 ], [ 124.375, -15.875 ], [ 124.375, -16.125 ], [ 123.625, -16.125 ], [ 123.625, -15.875 ], [ 124.125, -15.875 ], [ 124.125, -15.625 ], [ 124.375, -15.625 ], [ 124.375, -15.375 ], [ 124.625, -15.375 ], [ 124.625, -15.125 ], [ 124.875, -15.125 ], [ 124.875, -14.625 ], [ 125.125, -14.625 ], [ 125.125, -14.375 ], [ 125.375, -14.375 ], [ 125.375, -14.125 ], [ 126.125, -14.125 ], [ 126.125, -14.375 ], [ 125.875, -14.375 ], [ 125.875, -14.625 ] ] ], [ [ [ 126.625, -14.125 ], [ 126.125, -14.125 ], [ 126.125, -13.875 ], [ 126.625, -13.875 ], [ 126.625, -14.125 ] ] ], [ [ [ 127.875, -13.875 ], [ 127.875, -14.125 ], [ 128.125, -14.125 ], [ 128.125, -14.375 ], [ 127.625, -14.375 ], [ 127.625, -14.125 ], [ 127.375, -14.125 ], [ 127.375, -13.875 ], [ 126.625, -13.875 ], [ 126.625, -13.625 ], [ 127.625, -13.625 ], [ 127.625, -13.875 ], [ 127.875, -13.875 ] ] ], [ [ [ 129.375, -13.875 ], [ 129.375, -13.625 ], [ 129.625, -13.625 ], [ 129.625, -13.875 ], [ 129.375, -13.875 ] ] ], [ [ [ 129.625, -13.375 ], [ 129.875, -13.375 ], [ 129.875, -13.625 ], [ 129.625, -13.625 ], [ 129.625, -13.375 ] ] ], [ [ [ 130.125, -12.375 ], [ 130.375, -12.375 ], [ 130.375, -11.875 ], [ 130.125, -11.875 ], [ 130.125, -11.625 ], [ 129.875, -11.625 ], [ 129.875, -11.375 ], [ 130.125, -11.375 ], [ 130.125, -11.125 ], [ 131.125, -11.125 ], [ 131.125, -11.375 ], [ 130.875, -11.375 ], [ 130.875, -11.875 ], [ 131.625, -11.875 ], [ 131.625, -12.125 ], [ 132.375, -12.125 ], [ 132.375, -12.375 ], [ 131.125, -12.375 ], [ 131.125, -12.625 ], [ 130.625, -12.625 ], [ 130.625, -12.875 ], [ 130.375, -12.875 ], [ 130.375, -13.125 ], [ 130.125, -13.125 ], [ 130.125, -13.375 ], [ 129.875, -13.375 ], [ 129.875, -12.625 ], [ 130.125, -12.625 ], [ 130.125, -12.375 ] ], [ [ 130.625, -11.875 ], [ 130.625, -12.125 ], [ 130.875, -12.125 ], [ 130.875, -11.875 ], [ 130.625, -11.875 ] ] ] ] } },
{ "type": "Feature", "properties": { "cluster_id": 19, "cohesion": 8.1220478376047449, "distances": { "1": 37.711049798453395, "2": 33.31210982008317, "3": 34.31971243646787, "4": 43.61247128959111, "5": 44.520705514592755, "6": 40.457394992891935, "7": 35.26771090725846, "8": 36.11672654150053, "9": 37.94708106420373, "10": 39.10760025234949, "11": 44.832561074874256, "12": 40.77514990859569, "13": 36.31312252240327, "14": 33.50793207541383, "15": 37.39348046349, "16": 35.944600850694, "17": 31.01250163969342, "18": 31.029335474095323, "20": 15.556044284465203, "21": 12.986827826642239, "22": 20.50471262326367, "23": 22.19669258152571, "24": 22.015981449916357, "25": 17.434758382351944, "26": 10.762680639389451, "27": 20.645840839027823, "28": 17.94250450779457, "29": 31.953846729426587, "30": 36.01318835001717, "31": 34.66979834286038, "32": 35.50412337945063, "33": 34.557906193391226, "34": 32.175190491290216, "35": 27.503528155976102, "36": 32.00350836073284, "37": 28.384310853779034, "38": 24.71178881520891, "39": 25.66864606837032, "40": 27.611877860479755, "41": 31.101217772646184, "42": 28.249684300387322, "43": 24.76749588568108, "44": 28.551106117266496, "45": 32.308800230526415, "46": 29.8499320637441, "47": 28.73823098540748, "48": 30.592081170988937, "49": 29.047899285887986, "50": 29.405734501220415, "51": 31.782589488210103, "52": 25.785818609363076, "53": 21.246422848418366, "54": 20.081509960981812, "55": 18.04714866954311, "56": 22.36895730030327, "57": 21.57644581356007, "58": 29.920219857596805, "59": 28.04351626757362, "60": 23.463390657276907, "61": 25.365036740121553, "62": 32.00595976237724, "63": 31.59215672357394, "64": 35.259041059340284, "65": 25.166095294912413, "66": 28.97619466318585, "67": 27.63053212782894, "68": 32.757763947912714, "69": 29.626001230101846, "70": 27.559581758670163 } }, "geometry": { "type": "MultiPolygon", "coordinates": [ [ [ [ 149.125, -36.375 ], [ 149.125, -36.625 ], [ 148.875, -36.625 ], [ 148.875, -36.375 ], [ 149.125, -36.375 ] ] ], [ [ [ 142.875, -34.125 ], [ 142.875, -34.875 ], [ 143.375, -34.875 ], [ 143.375, -35.125 ], [ 144.375, -35.125 ], [ 144.375, -35.375 ], [ 144.875, -35.375 ], [ 144.875, -35.625 ], [ 145.375, -35.625 ], [ 145.375, -35.875 ], [ 146.125, -35.875 ], [ 146.125, -36.375 ], [ 146.375, -36.375 ], [ 146.375, -36.125 ], [ 146.625, -36.125 ], [ 146.625, -35.875 ], [ 147.375, -35.875 ], [ 147.375, -35.625 ], [ 147.625, -35.625 ], [ 147.625, -35.375 ], [ 148.375, -35.375 ], [ 148.375, -36.375 ], [ 148.125, -36.375 ], [ 148.125, -36.625 ], [ 147.625, -36.625 ], [ 147.625, -36.875 ], [ 146.875, -36.875 ], [ 146.875, -37.125 ], [ 146.375, -37.125 ], [ 146.375, -37.375 ], [ 144.125, -37.375 ], [ 144.125, -36.875 ], [ 143.875, -36.875 ], [ 143.875, -37.125 ], [ 143.625, -37.125 ], [ 143.625, -36.625 ], [ 143.375, -36.625 ], [ 143.375, -36.375 ], [ 142.875, -36.375 ], [ 142.875, -36.125 ], [ 142.625, -36.125 ], [ 142.625, -35.375 ], [ 142.375, -35.375 ], [ 142.375, -34.125 ], [ 142.875, -34.125 ] ] ] ] } },
{ "type": "Feature", "properties": { "cluster_id": 20, "cohesion": 5.9841408639776281, "distances": { "1": 31.47181265330928, "2": 29.13788829641172, "3": 28.48972536368839, "4": 39.10267855167914, "5": 41.796206806921596, "6": 38.913046227704655, "7": 35.34921029956038, "8": 33.36190829350073, "9": 40.04361901416845, "10": 37.97647927790824, "11": 44.30508709904326, "12": 41.51036762829043, "13": 37.24132403249341, "14": 33.221703649091154, "15": 33.76940803961461, "16": 33.75749231761217, "17": 30.6904385876454, "18": 30.338461908696708, "19": 15.556044284465203, "21": 10.421145071315157, "22": 18.12494168812369, "23": 24.21063122902195, "24": 30.435801288145843, "25": 25.525482704247402, "26": 18.377749928169177, "27": 26.416389691301013, "28": 26.841413171797956, "29": 28.3525813379774, "30": 36.43236812868619, "31": 32.981547584255146, "32": 36.26745070794966, "33": 37.33704560316928, "34": 30.973310939601255, "35": 26.844624599326636, "36": 34.50822712911007, "37": 35.033452962962194, "38": 31.331307850155813, "39": 33.02618217847294, "40": 30.780759365840623, "41": 35.93180363812108, "42": 31.727481664473512, "43": 26.372811253634065, "44": 32.73042690888417, "45": 35.741294336623305, "46": 35.43830974922419, "47": 28.240640709314352, "48": 27.74596784653741, "49": 27.725497789498956, "50": 29.628581462403464, "51": 32.09828141878275, "52": 26.629052618072457, "53": 22.97841805660586, "54": 23.879824735382435, "55": 12.645548270390204, "56": 18.987832034856865, "57": 21.3690808060154, "58": 34.96267259339276, "59": 34.85430811890247, "60": 27.38307194225645, "61": 29.176504267411268, "62": 35.09338217733943, "63": 37.515655956919474, "64": 39.527463551570385, "65": 25.604009109130253, "66": 29.976628407884075, "67": 30.709883563177087, "68": 36.388966591886444, "69": 35.48441926880531, "70": 32.48543071439164 } }, "geometry": { "type": "MultiPolygon", "coordinates": [ [ [ [ 146.125, -37.375 ], [ 146.125, -37.625 ], [ 144.875, -37.625 ], [ 144.875, -37.375 ], [ 146.125, -37.375 ] ] ], [ [ [ 140.875, -36.125 ], [ 141.125, -36.125 ], [ 141.125, -36.375 ], [ 141.625, -36.375 ], [ 141.625, -36.625 ], [ 141.875, -36.625 ], [ 141.875, -36.875 ], [ 142.125, -36.875 ], [ 142.125, -37.125 ], [ 143.375, -37.125 ], [ 143.375, -37.375 ], [ 144.125, -37.375 ], [ 144.125, -37.625 ], [ 142.125, -37.625 ], [ 142.125, -37.875 ], [ 141.625, -37.875 ], [ 141.625, -38.125 ], [ 140.125, -38.125 ], [ 140.125, -37.875 ], [ 139.875, -37.875 ], [ 139.875, -37.625 ], [ 139.625, -37.625 ], [ 139.625, -37.375 ], [ 139.375, -37.375 ], [ 139.375, -36.375 ], [ 139.875, -36.375 ], [ 139.875, -35.875 ], [ 140.875, -35.875 ], [ 140.875, -36.125 ] ] ], [ [ [ 139.125, -35.375 ], [ 138.875, -35.375 ], [ 138.875, -35.625 ], [ 138.375, -35.625 ], [ 138.375, -35.125 ], [ 138.625, -35.125 ], [ 138.625, -34.875 ], [ 138.875, -34.875 ], [ 138.875, -34.625 ], [ 139.125, -34.625 ], [ 139.125, -35.375 ] ] ] ] } },
{ "type": "Feature", "properties": { "cluster_id": 21, "cohesion": 7.4570843510987563, "distances": { "1": 36.34861849804197, "2": 31.994737033743043, "3": 32.52867982488211, "4": 43.8070302474704, "5": 45.824188013749236, "6": 42.042506221456996, "7": 36.94377018967032, "8": 36.2737833865625, "9": 41.322902866244476, "10": 40.75760811531999, "11": 47.44348517398529, "12": 43.743262927835936, "13": 38.95158530041931, "14": 35.41516912085735, "15": 37.50055664207739, "16": 36.74047075249606, "17": 32.41081020765599, "18": 31.75618088649091, "19": 12.986827826642239, "20": 10.421145071315156, "22": 14.138742611842082, "23": 18.320379850327694, "24": 26.5225695860634, "25": 22.838948117716324, "26": 13.093164176174804, "27": 20.0369629343679, "28": 21.227881022587365, "29": 30.60630451074919, "30": 36.19872229186077, "31": 33.79023148557717, "32": 34.446376329036006, "33": 35.27320650999484, "34": 30.27482467268187, "35": 24.042950717311378, "36": 30.965633377134136, "37": 31.70113863120732, "38": 26.087660808752965, "39": 28.496471174561897, "40": 26.102411485287867, "41": 32.088954879894885, "42": 29.987184834968073, "43": 25.27211867424901, "44": 30.645874228453927, "45": 33.9311943699701, "46": 31.938150635615678, "47": 28.611735431978595, "48": 29.334717526023102, "49": 29.70336952584114, "50": 30.403818283523535, "51": 33.27661078272071, "52": 28.469561613067444, "53": 25.8139098917722, "54": 24.80825836143459, "55": 18.35664421995313, "56": 23.413231320190278, "57": 25.406987776841945, "58": 33.486045924999026, "59": 31.72310288925939, "60": 27.141328691475977, "61": 27.696827247189486, "62": 34.955951927832295, "63": 35.810660915350915, "64": 39.360990020152485, "65": 26.074554407881834, "66": 31.05934712856242, "67": 30.02334625562975, "68": 36.301917626414124, "69": 33.66347529847946, "70": 30.803504709693403 } }, "geometry": { "type": "Polygon", "coordinates": [ [ [ 138.125, -32.375 ], [ 138.125, -33.125 ], [ 137.875, -33.125 ], [ 137.875, -33.625 ], [ 137.625, -33.625 ], [ 137.625, -33.875 ], [ 137.375, -33.875 ], [ 137.375, -33.625 ], [ 137.125, -33.625 ], [ 137.125, -33.125 ], [ 136.625, -33.125 ], [ 136.625, -33.875 ], [ 136.375, -33.875 ], [ 136.375, -34.125 ], [ 136.125, -34.125 ], [ 136.125, -34.375 ], [ 135.875, -34.375 ], [ 135.875, -34.875 ], [ 136.125, -34.875 ], [ 136.125, -34.625 ], [ 136.375, -34.625 ], [ 136.375, -34.375 ], [ 136.625, -34.375 ], [ 136.625, -34.125 ], [ 137.125, -34.125 ], [ 137.125, -34.375 ], [ 137.375, -34.375 ], [ 137.375, -34.625 ], [ 137.625, -34.625 ], [ 137.625, -34.875 ], [ 137.875, -34.875 ], [ 137.875, -34.625 ], [ 138.125, -34.625 ], [ 138.125, -35.375 ], [ 138.375, -35.375 ], [ 138.375, -35.125 ], [ 138.625, -35.125 ], [ 138.625, -34.875 ], [ 138.875, -34.875 ], [ 138.875, -34.625 ], [ 139.125, -34.625 ], [ 139.125, -35.375 ], [ 138.875, -35.375 ], [ 138.875, -35.625 ], [ 138.625, -35.625 ], [ 138.625, -35.875 ], [ 139.125, -35.875 ], [ 139.125, -36.125 ], [ 139.375, -36.125 ], [ 139.375, -36.375 ], [ 139.875, -36.375 ], [ 139.875, -35.875 ], [ 140.875, -35.875 ], [ 140.875, -36.125 ], [ 141.125, -36.125 ], [ 141.125, -36.375 ], [ 141.625, -36.375 ], [ 141.625, -36.625 ], [ 141.875, -36.625 ], [ 141.875, -36.875 ], [ 142.125, -36.875 ], [ 142.125, -37.125 ], [ 143.375, -37.125 ], [ 143.375, -37.375 ], [ 144.125, -37.375 ], [ 144.125, -36.875 ], [ 143.875, -36.875 ], [ 143.875, -37.125 ], [ 143.625, -37.125 ], [ 143.625, -36.625 ], [ 143.375, -36.625 ], [ 143.375, -36.375 ], [ 142.875, -36.375 ], [ 142.875, -36.125 ], [ 142.625, -36.125 ], [ 142.625, -35.375 ], [ 142.375, -35.375 ], [ 142.375, -35.125 ], [ 141.875, -35.125 ], [ 141.875, -34.625 ], [ 141.625, -34.625 ], [ 141.625, -35.125 ], [ 141.375, -35.125 ], [ 141.375, -34.875 ], [ 141.125, -34.875 ], [ 141.125, -35.125 ], [ 140.125, -35.125 ], [ 140.125, -34.875 ], [ 139.625, -34.875 ], [ 139.625, -33.375 ], [ 139.875, -33.375 ], [ 139.875, -32.875 ], [ 138.375, -32.875 ], [ 138.375, -32.375 ], [ 138.125, -32.375 ] ] ] } },
{ "type": "Feature", "properties": { "cluster_id": 22, "cohesion": 7.2523532668295632, "distances": { "1": 36.8281822778166, "2": 29.722933021358333, "3": 31.826515912958758, "4": 45.214258183512605, "5": 47.44968792549479, "6": 42.37173302985396, "7": 35.78390007991737, "8": 35.097375873625424, "9": 42.10265951836101, "10": 42.28237055693588, "11": 48.99667337676745, "12": 45.046429361083774, "13": 40.569410746384605, "14": 37.449906817021834, "15": 37.7694944193998, "16": 37.47549847086071, "17": 33.10320237966463, "18": 30.312147954692247, "19": 20.50471262326367, "20": 18.124941688123688, "21": 14.138742611842083, "23": 11.558892675833428, "24": 26.45458148784521, "25": 25.491007520951417, "26": 18.855445687619618, "27": 17.058474468128626, "28": 21.80393467466099, "29": 27.534599807211134, "30": 31.234147407186956, "31": 28.935379345989276, "32": 27.259768037350828, "33": 29.99855335919379, "34": 22.873798738425116, "35": 13.627263675397732, "36": 22.40708218318415, "37": 29.087040305449964, "38": 22.098112523213604, "39": 25.46765531342686, "40": 17.72143618082398, "41": 26.34496682851281, "42": 27.13576846920262, "43": 23.180942275385256, "44": 28.934659593527694, "45": 30.249075266851086, "46": 28.560122892773805, "47": 25.58757071929047, "48": 25.94306334471232, "49": 28.387289106410574, "50": 28.703209044304227, "51": 31.836241385200875, "52": 29.51115964131279, "53": 30.9336792101134, "54": 27.63439588249268, "55": 25.817565041874225, "56": 26.6982625570379, "57": 31.08840949049775, "58": 31.813863759666475, "59": 29.468318956407394, "60": 28.00925300586607, "61": 26.339619471028563, "62": 33.63427789168026, "63": 34.65373377289353, "64": 39.259877969909574, "65": 25.568704012804098, "66": 32.814914429790214, "67": 30.492325261835695, "68": 37.12487658796356, "69": 33.3975161746652, "70": 31.11970597676552 } }, "geometry": { "type": "Polygon", "coordinates": [ [ [ 134.625, -31.375 ], [ 134.625, -31.625 ], [ 133.625, -31.625 ], [ 133.625, -31.875 ], [ 132.125, -31.875 ], [ 132.125, -32.375 ], [ 133.625, -32.375 ], [ 133.625, -32.625 ], [ 133.875, -32.625 ], [ 133.875, -33.125 ], [ 134.125, -33.125 ], [ 134.125, -33.375 ], [ 134.375, -33.375 ], [ 134.375, -33.625 ], [ 134.625, -33.625 ], [ 134.625, -33.875 ], [ 134.875, -33.875 ], [ 134.875, -34.375 ], [ 135.125, -34.375 ], [ 135.125, -34.625 ], [ 135.375, -34.625 ], [ 135.375, -34.875 ], [ 135.875, -34.875 ], [ 135.875, -34.375 ], [ 136.125, -34.375 ], [ 136.125, -34.125 ], [ 136.375, -34.125 ], [ 136.375, -33.875 ], [ 136.625, -33.875 ], [ 136.625, -33.125 ], [ 137.125, -33.125 ], [ 137.125, -33.625 ], [ 137.375, -33.625 ], [ 137.375, -33.875 ], [ 137.625, -33.875 ], [ 137.625, -33.625 ], [ 137.875, -33.625 ], [ 137.875, -33.125 ], [ 138.125, -33.125 ], [ 138.125, -32.375 ], [ 137.875, -32.375 ], [ 137.875, -32.625 ], [ 135.875, -32.625 ], [ 135.875, -32.375 ], [ 135.375, -32.375 ], [ 135.375, -32.125 ], [ 135.125, -32.125 ], [ 135.125, -31.625 ], [ 134.875, -31.625 ], [ 134.875, -31.375 ], [ 134.625, -31.375 ] ] ] } },
{ "type": "Feature", "properties": { "cluster_id": 23, "cohesion": 6.5199880090649573, "distances": { "1": 42.66383583868136, "2": 34.43591681364504, "3": 37.327435863309205, "4": 50.28942022525956, "5": 51.74353522010907, "6": 46.01487716193256, "7": 38.44452266480148, "8": 39.18567648334799, "9": 43.72773512432761, "10": 45.65662091879266, "11": 52.2000705903701, "12": 47.51066786702252, "13": 42.79066292510924, "14": 40.33064014228977, "15": 42.18865143435667, "16": 41.26572044765745, "17": 35.90071944619634, "18": 32.829031405670875, "19": 22.19669258152571, "20": 24.21063122902195, "21": 18.320379850327697, "22": 11.558892675833428, "24": 24.85585148294706, "25": 26.059966685833984, "26": 18.7418323344544, "27": 10.623892355255618, "28": 18.419370258015437, "29": 31.656772078356216, "30": 30.948077953051886, "31": 30.898860768045246, "32": 25.53395915772726, "33": 27.039638004594057, "34": 24.68799524693512, "35": 14.994120343839628, "36": 18.73491817185192, "37": 25.32335084426656, "38": 16.509134292828897, "39": 21.472252354392086, "40": 12.221266094260269, "41": 21.127474842348413, "42": 25.514432805032648, "43": 23.530229759063776, "44": 26.36818854961808, "45": 27.619104491411584, "46": 23.673372724629132, "47": 28.39762761137044, "48": 29.992251427151388, "49": 32.39864431479744, "50": 31.586436136949605, "51": 34.58892184209271, "52": 33.07889811635926, "53": 34.89146676499482, "54": 30.277627725802184, "55": 31.138720384454846, "56": 30.93439249599288, "57": 35.2138931370366, "58": 31.73567846553023, "59": 27.298268533646244, "60": 30.402101075398143, "61": 27.403101887095342, "62": 34.739536161804544, "63": 33.41779306831005, "64": 39.43397596103815, "65": 27.466089138375022, "66": 34.65693478844615, "67": 30.3034185929536, "68": 37.423889452072224, "69": 31.68635192430733, "70": 29.482023645097037 } }, "geometry": { "type": "Polygon", "coordinates": [ [ [ 134.125, -28.625 ], [ 134.125, -29.375 ], [ 133.875, -29.375 ], [ 133.875, -30.125 ], [ 133.375, -30.125 ], [ 133.375, -30.375 ], [ 133.125, -30.375 ], [ 133.125, -30.625 ], [ 132.875, -30.625 ], [ 132.875, -30.875 ], [ 133.125, -30.875 ], [ 133.125, -31.125 ], [ 133.625, -31.125 ], [ 133.625, -31.625 ], [ 134.625, -31.625 ], [ 134.625, -31.375 ], [ 134.875, -31.375 ], [ 134.875, -31.625 ], [ 135.125, -31.625 ], [ 135.125, -32.125 ], [ 135.375, -32.125 ], [ 135.375, -32.375 ], [ 135.875, -32.375 ], [ 135.875, -32.625 ], [ 137.875, -32.625 ], [ 137.875, -32.375 ], [ 138.375, -32.375 ], [ 138.375, -32.125 ], [ 138.125, -32.125 ], [ 138.125, -31.875 ], [ 137.625, -31.875 ], [ 137.625, -31.625 ], [ 137.375, -31.625 ], [ 137.375, -31.375 ], [ 137.125, -31.375 ], [ 137.125, -31.125 ], [ 136.125, -31.125 ], [ 136.125, -30.625 ], [ 135.875, -30.625 ], [ 135.875, -30.375 ], [ 135.625, -30.375 ], [ 135.625, -29.875 ], [ 135.125, -29.875 ], [ 135.125, -29.625 ], [ 134.875, -29.625 ], [ 134.875, -29.125 ], [ 134.625, -29.125 ], [ 134.625, -28.625 ], [ 134.125, -28.625 ] ] ] } },
{ "type": "Feature", "properties": { "cluster_id": 24, "cohesion": 6.9543852868113341, "distances": { "1": 42.861468109085415, "2": 35.075776381886214, "3": 38.61821198268248, "4": 48.22251775886548, "5": 47.37848585724639, "6": 40.35040560338227, "7": 31.67076235573896, "8": 36.25861020603343, "9": 34.932906314428145, "10": 41.474063683155045, "11": 44.97082689427445, "12": 39.888201776321644, "13": 36.77619388517902, "14": 36.8687586995237, "15": 41.194220029680714, "16": 38.700153254678966, "17": 33.6516782857997, "18": 32.45914942402217, "19": 22.015981449916357, "20": 30.435801288145843, "21": 26.522569586063398, "22": 26.454581487845207, "23": 24.855851482947067, "25": 13.305251535500881, "26": 19.71741965289629, "27": 20.091933544075754, "28": 13.061726264546863, "29": 35.50015077170236, "30": 35.501322449590745, "31": 35.77211526504429, "32": 34.63655934600841, "33": 32.56275187350108, "34": 32.113133294289945, "35": 27.876387766864617, "36": 28.89878903128085, "37": 21.166242467877588, "38": 17.81240607534516, "39": 13.491881635820485, "40": 24.529726336756188, "41": 27.052751779422138, "42": 26.322626837602805, "43": 25.6013532909473, "44": 28.00378650242525, "45": 30.374597946562265, "46": 26.804999719627503, "47": 26.28544323706171, "48": 30.572137390466246, "49": 28.49887118616774, "50": 26.111737441511075, "51": 27.805145178524217, "52": 25.800938051698473, "53": 28.64052221758372, "54": 22.75743905388507, "55": 32.82748451679253, "56": 31.833302169295578, "57": 31.973181547424517, "58": 17.068210340048545, "59": 13.670312189610499, "60": 19.185276653398294, "61": 16.99918838773219, "62": 23.404349647177373, "63": 20.942769730024498, "64": 28.425509930983523, "65": 27.684265108976476, "66": 32.345000820019536, "67": 28.654949074839987, "68": 30.224843044255806, "69": 24.683260840149277, "70": 26.403776809416915 } }, "geometry": { "type": "Polygon", "coordinates": [ [ [ 142.625, -28.125 ], [ 142.625, -28.375 ], [ 142.125, -28.375 ], [ 142.125, -28.625 ], [ 141.625, -28.625 ], [ 141.625, -28.375 ], [ 140.375, -28.375 ], [ 140.375, -29.125 ], [ 140.625, -29.125 ], [ 140.625, -29.375 ], [ 141.125, -29.375 ], [ 141.125, -29.625 ], [ 141.375, -29.625 ], [ 141.375, -29.875 ], [ 141.875, -29.875 ], [ 141.875, -30.375 ], [ 142.375, -30.375 ], [ 142.375, -30.625 ], [ 142.625, -30.625 ], [ 142.625, -30.875 ], [ 143.625, -30.875 ], [ 143.625, -30.625 ], [ 143.875, -30.625 ], [ 143.875, -30.875 ], [ 144.625, -30.875 ], [ 144.625, -31.375 ], [ 145.875, -31.375 ], [ 145.875, -31.125 ], [ 145.625, -31.125 ], [ 145.625, -30.875 ], [ 145.375, -30.875 ], [ 145.375, -30.625 ], [ 145.125, -30.625 ], [ 145.125, -30.125 ], [ 145.625, -30.125 ], [ 145.625, -30.375 ], [ 146.125, -30.375 ], [ 146.125, -29.625 ], [ 145.875, -29.625 ], [ 145.875, -29.125 ], [ 145.125, -29.125 ], [ 145.125, -28.875 ], [ 144.875, -28.875 ], [ 144.875, -28.375 ], [ 144.375, -28.375 ], [ 144.375, -28.625 ], [ 143.625, -28.625 ], [ 143.625, -28.875 ], [ 143.375, -28.875 ], [ 143.375, -28.625 ], [ 143.125, -28.625 ], [ 143.125, -28.125 ], [ 142.625, -28.125 ] ] ] } },
{ "type": "Feature", "properties": { "cluster_id": 25, "cohesion": 9.288953491125346, "distances": { "1": 40.63612392067547, "2": 33.84413280688843, "3": 36.83739989509912, "4": 45.59103447819431, "5": 45.222002481287255, "6": 39.41137069226079, "7": 31.983628073458107, "8": 35.16277960716114, "9": 35.91365782040669, "10": 39.867159176356985, "11": 44.2483261370414, "12": 39.80277752052616, "13": 36.218082586023975, "14": 35.15254040802744, "15": 39.174976118306105, "16": 36.901481989156345, "17": 32.07677616441855, "18": 31.562265558527468, "19": 17.434758382351944, "20": 25.525482704247402, "21": 22.838948117716324, "22": 25.49100752095141, "23": 26.059966685833984, "24": 13.30525153550088, "26": 16.836887167337196, "27": 22.82907764706994, "28": 16.902940728447202, "29": 34.72757904637372, "30": 36.54709657439136, "31": 36.20995638239526, "32": 36.47449556509211, "33": 34.631009440440494, "34": 33.20117477291844, "35": 28.8831011314981, "36": 31.81700163222901, "37": 25.943052333930183, "38": 22.940795498226098, "39": 21.057494032851753, "40": 27.584887692305923, "41": 30.487311189849535, "42": 27.024939823938467, "43": 25.26885971468434, "44": 29.19133224652145, "45": 31.865996981844543, "46": 29.64417323580402, "47": 25.35527198719263, "48": 29.418892586582952, "49": 25.569332169642635, "50": 23.986636590607766, "51": 27.06042800835586, "52": 21.982974538647788, "53": 22.58180824533794, "54": 18.33886535784353, "55": 27.223814001491856, "56": 28.585336095054387, "57": 26.646907824624552, "58": 22.227042174137587, "59": 21.342923560332736, "60": 15.11317277320655, "61": 16.129166668527244, "62": 26.00881322089685, "63": 26.347477485250913, "64": 31.588468036363206, "65": 26.59467694080718, "66": 31.052983299614553, "67": 28.709317365379253, "68": 31.51019707546476, "69": 27.774756935964067, "70": 27.948676517727247 } }, "geometry": { "type": "Polygon", "coordinates": [ [ [ 145.875, -29.125 ], [ 145.875, -29.625 ], [ 146.125, -29.625 ], [ 146.125, -30.375 ], [ 145.625, -30.375 ], [ 145.625, -30.125 ], [ 145.125, -30.125 ], [ 145.125, -30.625 ], [ 145.375, -30.625 ], [ 145.375, -30.875 ], [ 145.625, -30.875 ], [ 145.625, -31.125 ], [ 145.875, -31.125 ], [ 145.875, -31.375 ], [ 144.625, -31.375 ], [ 144.625, -30.875 ], [ 143.875, -30.875 ], [ 143.875, -30.625 ], [ 143.625, -30.625 ], [ 143.625, -31.625 ], [ 144.125, -31.625 ], [ 144.125, -32.375 ], [ 144.625, -32.375 ], [ 144.625, -32.625 ], [ 144.875, -32.625 ], [ 144.875, -32.875 ], [ 145.125, -32.875 ], [ 145.125, -33.125 ], [ 145.375, -33.125 ], [ 145.375, -33.625 ], [ 145.625, -33.625 ], [ 145.625, -33.875 ], [ 146.125, -33.875 ], [ 146.125, -35.375 ], [ 146.375, -35.375 ], [ 146.375, -35.625 ], [ 146.625, -35.625 ], [ 146.625, -35.875 ], [ 147.375, -35.875 ], [ 147.375, -35.625 ], [ 147.625, -35.625 ], [ 147.625, -35.375 ], [ 148.125, -35.375 ], [ 148.125, -35.125 ], [ 147.875, -35.125 ], [ 147.875, -34.875 ], [ 148.625, -34.875 ], [ 148.625, -34.625 ], [ 148.875, -34.625 ], [ 148.875, -34.375 ], [ 149.125, -34.375 ], [ 149.125, -33.375 ], [ 148.875, -33.375 ], [ 148.875, -33.125 ], [ 148.625, -33.125 ], [ 148.625, -32.875 ], [ 148.375, -32.875 ], [ 148.375, -31.625 ], [ 148.625, -31.625 ], [ 148.625, -31.375 ], [ 148.125, -31.375 ], [ 148.125, -30.875 ], [ 147.875, -30.875 ], [ 147.875, -30.375 ], [ 147.625, -30.375 ], [ 147.625, -29.875 ], [ 147.125, -29.875 ], [ 147.125, -29.625 ], [ 146.875, -29.625 ], [ 146.875, -29.375 ], [ 146.625, -29.375 ], [ 146.625, -29.125 ], [ 145.875, -29.125 ] ] ] } },
{ "type": "Feature", "properties": { "cluster_id": 26, "cohesion": 8.0317427427671362, "distances": { "1": 41.38529953404567, "2": 35.71578028309697, "3": 37.3478541063259, "4": 47.7891723434192, "5": 48.55170768220118, "6": 43.8448922528236, "7": 37.490781705162966, "8": 38.90041238648864, "9": 40.690136696027295, "10": 42.606296217709954, "11": 48.62520302458005, "12": 44.13429337863144, "13": 39.34544519693304, "14": 36.845875202229955, "15": 41.05297725894118, "16": 39.289444962666174, "17": 33.95306176941988, "18": 33.54925781043644, "19": 10.762680639389451, "20": 18.377749928169177, "21": 13.093164176174804, "22": 18.855445687619614, "23": 18.741832334454397, "24": 19.71741965289629, "25": 16.836887167337196, "27": 16.351065552569864, "28": 14.008120383903458, "29": 34.48933589939442, "30": 37.17338671036127, "31": 36.33006198198813, "32": 35.27042309609828, "33": 34.49665331753375, "34": 32.65323916447472, "35": 26.468847544987426, "36": 30.445863619467627, "37": 27.667470317479637, "38": 21.57302331216804, "39": 23.163496679087345, "40": 25.058872343882904, "41": 29.635538179125938, "42": 28.55767468149648, "43": 25.44459114480131, "44": 28.884154549702917, "45": 32.61360595286151, "46": 28.933165282781978, "47": 29.638159081933654, "48": 32.153071512052676, "49": 31.43218795246117, "50": 30.819871973157216, "51": 33.64169244576889, "52": 28.839231885892897, "53": 26.353361203443473, "54": 23.664610093324914, "55": 23.389153429986944, "56": 27.172253360952926, "57": 27.38298905609825, "58": 30.10616371573132, "59": 26.884315671963833, "60": 24.972606032705947, "61": 25.122931532661646, "62": 33.18990685882528, "63": 32.03072430908788, "64": 37.03853764180704, "65": 27.17749960295824, "66": 31.708836940711432, "67": 29.110217735164834, "68": 34.73047859537687, "69": 30.40611476643127, "70": 28.41703745102182 } }, "geometry": { "type": "Polygon", "coordinates": [ [ [ 139.125, -30.375 ], [ 139.125, -30.625 ], [ 138.875, -30.625 ], [ 138.875, -31.375 ], [ 138.625, -31.375 ], [ 138.625, -32.125 ], [ 138.375, -32.125 ], [ 138.375, -32.875 ], [ 139.875, -32.875 ], [ 139.875, -33.375 ], [ 139.625, -33.375 ], [ 139.625, -34.875 ], [ 140.125, -34.875 ], [ 140.125, -35.125 ], [ 141.125, -35.125 ], [ 141.125, -34.875 ], [ 141.375, -34.875 ], [ 141.375, -35.125 ], [ 141.625, -35.125 ], [ 141.625, -34.625 ], [ 141.875, -34.625 ], [ 141.875, -35.125 ], [ 142.375, -35.125 ], [ 142.375, -34.125 ], [ 142.875, -34.125 ], [ 142.875, -34.875 ], [ 143.375, -34.875 ], [ 143.375, -35.125 ], [ 144.375, -35.125 ], [ 144.375, -35.375 ], [ 144.875, -35.375 ], [ 144.875, -35.625 ], [ 145.375, -35.625 ], [ 145.375, -35.875 ], [ 146.125, -35.875 ], [ 146.125, -36.375 ], [ 146.375, -36.375 ], [ 146.375, -36.125 ], [ 146.625, -36.125 ], [ 146.625, -35.625 ], [ 146.375, -35.625 ], [ 146.375, -35.375 ], [ 146.125, -35.375 ], [ 146.125, -33.875 ], [ 145.625, -33.875 ], [ 145.625, -33.625 ], [ 145.375, -33.625 ], [ 145.375, -33.125 ], [ 145.125, -33.125 ], [ 145.125, -32.875 ], [ 144.875, -32.875 ], [ 144.875, -32.625 ], [ 144.625, -32.625 ], [ 144.625, -32.375 ], [ 144.125, -32.375 ], [ 144.125, -32.625 ], [ 143.625, -32.625 ], [ 143.625, -32.375 ], [ 143.375, -32.375 ], [ 143.375, -32.125 ], [ 143.125, -32.125 ], [ 143.125, -31.875 ], [ 142.875, -31.875 ], [ 142.875, -31.625 ], [ 142.125, -31.625 ], [ 142.125, -31.875 ], [ 141.375, -31.875 ], [ 141.375, -32.125 ], [ 140.875, -32.125 ], [ 140.875, -32.375 ], [ 139.375, -32.375 ], [ 139.375, -32.125 ], [ 139.125, -32.125 ], [ 139.125, -31.125 ], [ 139.375, -31.125 ], [ 139.375, -30.375 ], [ 139.125, -30.375 ] ] ] } },
{ "type": "Feature", "properties": { "cluster_id": 27, "cohesion": 6.0382654929360893, "distances": { "1": 44.73080155149567, "2": 36.91072574007541, "3": 39.68260852606993, "4": 51.47329562610667, "5": 52.10032305038791, "6": 46.32610398296247, "7": 38.47639741269489, "8": 40.5653859161262, "9": 42.0496192218765, "10": 45.50166896397647, "11": 51.57744890667835, "12": 46.36810068434256, "13": 41.52278944726959, "14": 39.80758325646258, "15": 43.49235628038802, "16": 41.76086251109755, "17": 35.96782312866695, "18": 33.76106345827648, "19": 20.645840839027823, "20": 26.416389691301013, "21": 20.036962934367896, "22": 17.058474468128622, "23": 10.623892355255618, "24": 20.091933544075754, "25": 22.829077647069937, "26": 16.351065552569867, "28": 12.639666271380115, "29": 34.60477585565076, "30": 33.12404792273676, "31": 33.896910632240456, "32": 28.893481619289705, "33": 28.25731673900513, "34": 28.788633204909925, "35": 20.924122677273502, "36": 21.853245644498603, "37": 21.708648838840244, "38": 11.53048131677392, "39": 16.333925293824528, "40": 14.382308284351252, "41": 20.962335411830924, "42": 25.190315391567548, "43": 23.84678658614757, "44": 25.05015378308801, "45": 27.6914905323598, "46": 21.89260212239313, "47": 29.705159015099063, "48": 32.49148620514659, "49": 33.76250957499426, "50": 32.110862152368966, "51": 34.72499434875999, "52": 32.88032770865994, "53": 33.989661005510975, "54": 28.893306136817383, "55": 32.02341358245501, "56": 31.87343841592519, "57": 34.82043907475591, "58": 29.061657934596063, "59": 23.153780193921495, "60": 29.021676254424847, "61": 26.008713792892106, "62": 33.199675827595954, "63": 29.867978288043115, "64": 36.76315866731728, "65": 27.6076479454826, "66": 33.69320331108669, "67": 28.651715263368427, "68": 34.94515752863249, "69": 28.162708741863447, "70": 26.534248197637133 } }, "geometry": { "type": "Polygon", "coordinates": [ [ [ 134.625, -27.375 ], [ 134.625, -27.875 ], [ 134.375, -27.875 ], [ 134.375, -28.625 ], [ 134.625, -28.625 ], [ 134.625, -29.125 ], [ 134.875, -29.125 ], [ 134.875, -29.625 ], [ 135.125, -29.625 ], [ 135.125, -29.875 ], [ 135.625, -29.875 ], [ 135.625, -30.375 ], [ 135.875, -30.375 ], [ 135.875, -30.625 ], [ 136.125, -30.625 ], [ 136.125, -31.125 ], [ 137.125, -31.125 ], [ 137.125, -31.375 ], [ 137.375, -31.375 ], [ 137.375, -31.625 ], [ 137.625, -31.625 ], [ 137.625, -31.875 ], [ 138.125, -31.875 ], [ 138.125, -32.125 ], [ 138.375, -32.125 ], [ 138.375, -31.375 ], [ 138.125, -31.375 ], [ 138.125, -30.375 ], [ 138.375, -30.375 ], [ 138.375, -29.875 ], [ 137.625, -29.875 ], [ 137.625, -29.625 ], [ 137.375, -29.625 ], [ 137.375, -28.875 ], [ 137.125, -28.875 ], [ 137.125, -28.625 ], [ 136.875, -28.625 ], [ 136.875, -28.375 ], [ 136.625, -28.375 ], [ 136.625, -28.125 ], [ 135.875, -28.125 ], [ 135.875, -27.625 ], [ 135.375, -27.625 ], [ 135.375, -27.375 ], [ 134.625, -27.375 ] ] ] } },
{ "type": "Feature", "properties": { "cluster_id": 28, "cohesion": 7.8134263885890949, "distances": { "1": 44.3690013911767, "2": 37.0364399207442, "3": 39.90796443875551, "4": 50.196456988997674, "5": 50.06549833860148, "6": 44.00313903037486, "7": 36.176600765151385, "8": 39.462781491890155, "9": 38.70779503305335, "10": 43.67617920700495, "11": 48.499066782932545, "12": 43.29228948807754, "13": 39.24798110176332, "14": 38.379767192497006, "15": 42.67125248136824, "16": 40.5359789848436, "17": 34.94270154412569, "18": 33.477465697967794, "19": 17.94250450779457, "20": 26.841413171797956, "21": 21.22788102258737, "22": 21.80393467466099, "23": 18.419370258015437, "24": 13.061726264546861, "25": 16.902940728447202, "26": 14.008120383903456, "27": 12.639666271380115, "29": 35.26212642656508, "30": 35.01435122331363, "31": 35.36380102104348, "32": 32.65076793584202, "33": 31.087752946475653, "34": 31.186941843161186, "35": 25.433268550617022, "36": 26.413953150076185, "37": 21.126752268428547, "38": 14.225504472869702, "39": 14.082016501725768, "40": 20.9088888280556, "41": 24.49705789201529, "42": 26.465584459821873, "43": 25.466773838207605, "44": 26.75374393337845, "45": 29.65365284098037, "46": 24.460558275591055, "47": 29.324853762904393, "48": 32.74148942307722, "49": 32.06051706457048, "50": 30.563854973129338, "51": 32.73986100263966, "52": 29.646176815888847, "53": 30.26825187530719, "54": 25.17007959604285, "55": 30.943092331036915, "56": 31.314018259526065, "57": 32.21925824208541, "58": 24.433290635490895, "59": 18.862182131644982, "60": 24.426035638336867, "61": 23.06878724157273, "62": 29.59282457288902, "63": 25.72635055385134, "64": 32.74855204467067, "65": 28.174871484555975, "66": 32.985356448186984, "67": 28.674841731177313, "68": 32.49396512719889, "69": 25.972387769283035, "70": 26.035213671583264 } }, "geometry": { "type": "Polygon", "coordinates": [ [ [ 137.625, -28.625 ], [ 137.625, -29.125 ], [ 137.875, -29.125 ], [ 137.875, -29.375 ], [ 138.125, -29.375 ], [ 138.125, -29.625 ], [ 138.375, -29.625 ], [ 138.375, -30.375 ], [ 138.125, -30.375 ], [ 138.125, -31.375 ], [ 138.375, -31.375 ], [ 138.375, -32.125 ], [ 138.625, -32.125 ], [ 138.625, -31.375 ], [ 138.875, -31.375 ], [ 138.875, -30.625 ], [ 139.125, -30.625 ], [ 139.125, -30.375 ], [ 139.375, -30.375 ], [ 139.375, -31.125 ], [ 139.125, -31.125 ], [ 139.125, -32.125 ], [ 139.375, -32.125 ], [ 139.375, -32.375 ], [ 140.875, -32.375 ], [ 140.875, -32.125 ], [ 141.375, -32.125 ], [ 141.375, -31.875 ], [ 142.125, -31.875 ], [ 142.125, -31.625 ], [ 142.875, -31.625 ], [ 142.875, -31.875 ], [ 143.125, -31.875 ], [ 143.125, -32.125 ], [ 143.375, -32.125 ], [ 143.375, -32.375 ], [ 143.625, -32.375 ], [ 143.625, -32.625 ], [ 144.125, -32.625 ], [ 144.125, -31.625 ], [ 143.625, -31.625 ], [ 143.625, -30.875 ], [ 142.625, -30.875 ], [ 142.625, -30.625 ], [ 142.375, -30.625 ], [ 142.375, -30.375 ], [ 141.875, -30.375 ], [ 141.875, -29.875 ], [ 141.375, -29.875 ], [ 141.375, -29.625 ], [ 140.375, -29.625 ], [ 140.375, -29.375 ], [ 140.125, -29.375 ], [ 140.125, -29.125 ], [ 139.375, -29.125 ], [ 139.375, -29.375 ], [ 138.625, -29.375 ], [ 138.625, -29.125 ], [ 138.375, -29.125 ], [ 138.375, -28.875 ], [ 137.875, -28.875 ], [ 137.875, -28.625 ], [ 137.625, -28.625 ] ] ] } },
{ "type": "Feature", "properties": { "cluster_id": 29, "cohesion": 8.7314838671739263, "distances": { "1": 27.14337635070867, "2": 23.513519482134058, "3": 24.541024819758732, "4": 32.125889657160556, "5": 34.57557781120832, "6": 30.797846156704836, "7": 28.016742000793453, "8": 26.135879044808526, "9": 33.88549344450621, "10": 33.02272019271419, "11": 36.34900895854949, "12": 34.89836347319172, "13": 33.96456162624213, "14": 32.04727526093667, "15": 26.14719458895143, "16": 27.894996411820994, "17": 27.62312181335396, "18": 23.055824174917586, "19": 31.953846729426584, "20": 28.352581337977394, "21": 30.60630451074919, "22": 27.534599807211134, "23": 31.656772078356216, "24": 35.500150771702344, "25": 34.72757904637372, "26": 34.48933589939442, "27": 34.60477585565076, "28": 35.26212642656508, "30": 20.208921693947794, "31": 13.052076540307219, "32": 24.44854444905957, "33": 27.969547763248322, "34": 17.62438239712667, "35": 23.932673045570805, "36": 28.95111103510993, "37": 33.01590192736573, "38": 34.425575242695245, "39": 34.56672879474673, "40": 30.90777036706495, "41": 32.39489382642072, "42": 30.43522730997615, "43": 27.65768452345483, "44": 31.730592097269415, "45": 29.52808063466381, "46": 33.98682559477409, "47": 26.37003327129807, "48": 23.819964814614234, "49": 24.990066890637838, "50": 28.28007377419743, "51": 27.910397716015524, "52": 26.154041653279034, "53": 28.874648069195164, "54": 27.09266274064555, "55": 28.566034043998854, "56": 23.53712920733998, "57": 27.965983217933704, "58": 31.937846219088645, "59": 33.68965907559181, "60": 30.39924755302188, "61": 31.91413675793041, "62": 30.348069302527524, "63": 33.46137464134305, "64": 33.64434410348477, "65": 25.100905280043197, "66": 31.200398511524245, "67": 31.600353832145654, "68": 33.753553075853894, "69": 33.568053330354594, "70": 33.410466954166914 } }, "geometry": { "type": "MultiPolygon", "coordinates": [ [ [ [ 125.375, -33.125 ], [ 124.875, -33.125 ], [ 124.875, -33.375 ], [ 124.375, -33.375 ], [ 124.375, -33.625 ], [ 124.125, -33.625 ], [ 124.125, -33.875 ], [ 123.875, -33.875 ], [ 123.875, -34.125 ], [ 123.625, -34.125 ], [ 123.625, -34.375 ], [ 122.125, -34.375 ], [ 122.125, -34.125 ], [ 120.875, -34.125 ], [ 120.875, -34.375 ], [ 119.625, -34.375 ], [ 119.625, -34.625 ], [ 119.375, -34.625 ], [ 119.375, -34.875 ], [ 118.625, -34.875 ], [ 118.625, -35.125 ], [ 118.375, -35.125 ], [ 118.375, -35.375 ], [ 116.125, -35.375 ], [ 116.125, -35.125 ], [ 115.875, -35.125 ], [ 115.875, -34.875 ], [ 115.625, -34.875 ], [ 115.625, -34.625 ], [ 115.125, -34.625 ], [ 115.125, -34.375 ], [ 114.875, -34.375 ], [ 114.875, -34.125 ], [ 115.375, -34.125 ], [ 115.375, -34.375 ], [ 115.875, -34.375 ], [ 115.875, -34.125 ], [ 118.125, -34.125 ], [ 118.125, -33.875 ], [ 118.875, -33.875 ], [ 118.875, -33.625 ], [ 119.375, -33.625 ], [ 119.375, -33.375 ], [ 119.875, -33.375 ], [ 119.875, -32.875 ], [ 121.125, -32.875 ], [ 121.125, -33.125 ], [ 121.875, -33.125 ], [ 121.875, -32.875 ], [ 122.375, -32.875 ], [ 122.375, -32.625 ], [ 125.375, -32.625 ], [ 125.375, -33.125 ] ] ], [ [ [ 125.375, -32.375 ], [ 125.625, -32.375 ], [ 125.625, -32.625 ], [ 125.375, -32.625 ], [ 125.375, -32.375 ] ] ] ] } },
{ "type": "Feature", "properties": { "cluster_id": 30, "cohesion": 6.9985339404739557, "distances": { "1": 38.61652943866565, "2": 30.414386810222908, "3": 34.638136650223075, "4": 42.445957341667935, "5": 43.39053584359431, "6": 37.67993220728056, "7": 32.362034717472476, "8": 33.02685358143547, "9": 37.38143867871751, "10": 40.01284562733237, "11": 42.93107454828474, "12": 40.08377084074308, "13": 38.7907683805147, "14": 37.66308904842504, "15": 34.5535769074571, "16": 35.46773962017654, "17": 32.42119324213836, "18": 26.027060104447003, "19": 36.01318835001716, "20": 36.43236812868619, "21": 36.198722291860776, "22": 31.234147407186956, "23": 30.948077953051882, "24": 35.501322449590745, "25": 36.54709657439136, "26": 37.17338671036128, "27": 33.12404792273676, "28": 35.01435122331364, "29": 20.208921693947794, "31": 13.325705795875, "32": 14.433990370450504, "33": 14.030268652541588, "34": 17.857216589243674, "35": 24.296669522170788, "36": 21.54426188105933, "37": 27.780063609867735, "38": 30.790772904364424, "39": 31.791585333013625, "40": 26.443186352294873, "41": 22.57011836061362, "42": 23.396754331549733, "43": 26.830937018037453, "44": 25.066634664950143, "45": 17.44482934223265, "46": 24.261608126029213, "47": 28.732917496849137, "48": 27.850792103274625, "49": 28.796747772785384, "50": 30.802402648455335, "51": 31.479076161965025, "52": 30.652457057906446, "53": 35.378703164481124, "54": 30.904364888775774, "55": 37.22091572491462, "56": 30.570488074093564, "57": 35.24413034499658, "58": 32.15182007022886, "59": 31.811287981851645, "60": 32.85466143416396, "61": 32.4873020513864, "62": 32.18449662315138, "63": 32.006258946776995, "64": 34.340942719981314, "65": 28.0032101352602, "66": 34.72351092262644, "67": 31.227344167999888, "68": 34.97957048856475, "69": 31.42585201648035, "70": 31.166523318234958 } }, "geometry": { "type": "Polygon", "coordinates": [ [ [ 118.375, -30.125 ], [ 118.375, -30.375 ], [ 118.125, -30.375 ], [ 118.125, -30.625 ], [ 117.875, -30.625 ], [ 117.875, -30.875 ], [ 116.375, -30.875 ], [ 116.375, -30.625 ], [ 115.625, -30.625 ], [ 115.625, -30.375 ], [ 115.375, -30.375 ], [ 115.375, -30.625 ], [ 115.125, -30.625 ], [ 115.125, -30.875 ], [ 114.875, -30.875 ], [ 114.875, -31.125 ], [ 115.125, -31.125 ], [ 115.125, -31.375 ], [ 115.375, -31.375 ], [ 115.375, -33.375 ], [ 115.625, -33.375 ], [ 115.625, -33.125 ], [ 117.875, -33.125 ], [ 117.875, -32.875 ], [ 119.625, -32.875 ], [ 119.625, -32.375 ], [ 119.875, -32.375 ], [ 119.875, -32.125 ], [ 120.375, -32.125 ], [ 120.375, -31.625 ], [ 120.625, -31.625 ], [ 120.625, -31.375 ], [ 120.875, -31.375 ], [ 120.875, -31.125 ], [ 121.625, -31.125 ], [ 121.625, -30.875 ], [ 121.125, -30.875 ], [ 121.125, -30.625 ], [ 120.375, -30.625 ], [ 120.375, -30.375 ], [ 119.625, -30.375 ], [ 119.625, -30.125 ], [ 118.375, -30.125 ] ] ] } },
{ "type": "Feature", "properties": { "cluster_id": 31, "cohesion": 9.3878597748048289, "distances": { "1": 33.31743331578965, "2": 26.78620880317849, "3": 29.78160045108005, "4": 37.96301038377652, "5": 39.71353016008982, "6": 34.62000178707455, "7": 30.273129128314345, "8": 29.64905393399975, "9": 36.30161796289335, "10": 37.38504738633999, "11": 40.328875486559916, "12": 38.24206925729682, "13": 37.39983576245754, "14": 36.00749709530005, "15": 30.869156498971506, "16": 32.38097810528542, "17": 30.852297390025022, "18": 24.843657052439433, "19": 34.66979834286038, "20": 32.98154758425513, "21": 33.79023148557717, "22": 28.935379345989276, "23": 30.898860768045243, "24": 35.77211526504429, "25": 36.20995638239527, "26": 36.33006198198813, "27": 33.896910632240456, "28": 35.36380102104348, "29": 13.052076540307219, "30": 13.325705795875002, "32": 17.36938481083011, "33": 21.43314777271372, "34": 14.237426013304884, "35": 22.38505109371503, "36": 23.919711420387443, "37": 30.877102957408383, "38": 32.67851196762142, "39": 33.23815871474229, "40": 28.015710750380148, "41": 27.44930425809406, "42": 27.81722783547722, "43": 27.76305897861829, "44": 29.592945730723795, "45": 24.703012766021317, "46": 29.99097228047623, "47": 27.385817394964153, "48": 25.49158180435292, "49": 27.03541375896958, "50": 29.703634828081444, "51": 29.849142083764562, "52": 28.989725229304895, "53": 33.219493431085304, "54": 29.842414884689784, "55": 33.94561245513801, "56": 27.871470114263797, "57": 32.78152162061496, "58": 32.13135014645838, "59": 32.851966028850164, "60": 32.12178560701298, "61": 32.49038920848262, "62": 31.402758661309477, "63": 33.10787237895496, "64": 34.50425793016885, "65": 27.313208757728393, "66": 34.223694387155575, "67": 32.6456588019351, "68": 35.35647401228267, "69": 33.388833008592265, "70": 33.50805209330961 } }, "geometry": { "type": "Polygon", "coordinates": [ [ [ 120.875, -31.125 ], [ 120.875, -31.375 ], [ 120.625, -31.375 ], [ 120.625, -31.625 ], [ 120.375, -31.625 ], [ 120.375, -32.125 ], [ 119.875, -32.125 ], [ 119.875, -32.375 ], [ 119.625, -32.375 ], [ 119.625, -32.875 ], [ 117.875, -32.875 ], [ 117.875, -33.125 ], [ 115.625, -33.125 ], [ 115.625, -33.375 ], [ 115.125, -33.375 ], [ 115.125, -33.625 ], [ 114.875, -33.625 ], [ 114.875, -33.875 ], [ 114.625, -33.875 ], [ 114.625, -34.125 ], [ 115.375, -34.125 ], [ 115.375, -34.375 ], [ 115.875, -34.375 ], [ 115.875, -34.125 ], [ 118.125, -34.125 ], [ 118.125, -33.875 ], [ 118.875, -33.875 ], [ 118.875, -33.625 ], [ 119.375, -33.625 ], [ 119.375, -33.375 ], [ 119.875, -33.375 ], [ 119.875, -32.875 ], [ 121.125, -32.875 ], [ 121.125, -33.125 ], [ 121.875, -33.125 ], [ 121.875, -32.875 ], [ 122.375, -32.875 ], [ 122.375, -32.625 ], [ 125.375, -32.625 ], [ 125.375, -32.375 ], [ 125.875, -32.375 ], [ 125.875, -32.125 ], [ 126.375, -32.125 ], [ 126.375, -31.875 ], [ 126.875, -31.875 ], [ 126.875, -31.625 ], [ 125.125, -31.625 ], [ 125.125, -31.875 ], [ 123.625, -31.875 ], [ 123.625, -31.625 ], [ 123.125, -31.625 ], [ 123.125, -31.375 ], [ 121.625, -31.375 ], [ 121.625, -31.125 ], [ 120.875, -31.125 ] ] ] } },
{ "type": "Feature", "properties": { "cluster_id": 32, "cohesion": 6.5547076073281518, "distances": { "1": 43.0253704496918, "2": 33.40488195076963, "3": 38.02983278034179, "4": 48.577409907828645, "5": 49.92052436572203, "6": 43.64164424342401, "7": 36.857037697567876, "8": 37.50615769941535, "9": 43.071606958105406, "10": 45.514512520963955, "11": 49.91032032061664, "12": 46.371082569958574, "13": 44.09290182831641, "14": 42.28364057255709, "15": 40.05527419477387, "16": 40.64923974045209, "17": 36.54396231556264, "18": 30.1877846668315, "19": 35.50412337945063, "20": 36.26745070794967, "21": 34.446376329036006, "22": 27.259768037350828, "23": 25.53395915772726, "24": 34.636559346008404, "25": 36.47449556509212, "26": 35.27042309609828, "27": 28.89348161928971, "28": 32.65076793584202, "29": 24.44854444905957, "30": 14.433990370450504, "31": 17.369384810830113, "33": 12.673802438491228, "34": 13.463243370784621, "35": 18.3939855407122, "36": 13.386822625966014, "37": 27.84654828641477, "38": 27.402764896585946, "39": 29.717539967235233, "40": 20.501735275167565, "41": 17.481439928999908, "42": 23.184354347296484, "43": 26.145883708283787, "44": 25.756120912130072, "45": 18.757978462093728, "46": 22.382966178135227, "47": 29.937729678815227, "48": 29.675455331658576, "49": 32.12043414722166, "50": 33.099029222390776, "51": 34.80572971988904, "52": 34.546022412771265, "53": 39.38535502991729, "54": 34.22738751926941, "55": 39.408593331105365, "56": 34.107891208471166, "57": 39.4033335994948, "58": 33.98983633612378, "59": 31.841787337728118, "60": 34.888532749872745, "61": 32.99182943292825, "62": 35.393780968695566, "63": 34.712459533548504, "64": 39.054417200986364, "65": 29.879812694028043, "66": 38.191978126369015, "67": 33.66861517933602, "68": 39.36170757719129, "69": 34.29773430996873, "70": 33.481769261500105 } }, "geometry": { "type": "Polygon", "coordinates": [ [ [ 123.625, -28.625 ], [ 123.625, -29.125 ], [ 123.875, -29.125 ], [ 123.875, -29.375 ], [ 123.375, -29.375 ], [ 123.375, -29.625 ], [ 122.875, -29.625 ], [ 122.875, -29.875 ], [ 121.625, -29.875 ], [ 121.625, -29.625 ], [ 120.625, -29.625 ], [ 120.625, -29.875 ], [ 120.375, -29.875 ], [ 120.375, -30.625 ], [ 121.125, -30.625 ], [ 121.125, -30.875 ], [ 121.625, -30.875 ], [ 121.625, -31.375 ], [ 123.125, -31.375 ], [ 123.125, -31.125 ], [ 123.375, -31.125 ], [ 123.375, -30.875 ], [ 124.125, -30.875 ], [ 124.125, -31.125 ], [ 124.375, -31.125 ], [ 124.375, -31.375 ], [ 125.625, -31.375 ], [ 125.625, -31.125 ], [ 125.875, -31.125 ], [ 125.875, -30.875 ], [ 127.625, -30.875 ], [ 127.625, -30.375 ], [ 126.875, -30.375 ], [ 126.875, -30.125 ], [ 126.375, -30.125 ], [ 126.375, -29.625 ], [ 126.125, -29.625 ], [ 126.125, -29.375 ], [ 125.875, -29.375 ], [ 125.875, -28.875 ], [ 125.375, -28.875 ], [ 125.375, -28.625 ], [ 123.625, -28.625 ] ] ] } },
{ "type": "Feature", "properties": { "cluster_id": 33, "cohesion": 8.4193387405457081, "distances": { "1": 44.05583528792562, "2": 34.62044102267979, "3": 39.37412467518156, "4": 48.17341292573838, "5": 48.57070058928369, "6": 42.287208014054066, "7": 35.46597721971587, "8": 37.38564789922006, "9": 39.73878409236182, "10": 43.44787496153789, "11": 47.47486642589363, "12": 43.428878812501935, "13": 40.811618297308705, "14": 39.5124436456087, "15": 39.58793844664453, "16": 39.40361739054508, "17": 34.44120440172903, "18": 28.844229706048885, "19": 34.557906193391226, "20": 37.33704560316928, "21": 35.27320650999486, "22": 29.99855335919379, "23": 27.039638004594064, "24": 32.56275187350108, "25": 34.63100944044049, "26": 34.496653317533756, "27": 28.25731673900513, "28": 31.087752946475657, "29": 27.969547763248322, "30": 14.03026865254159, "31": 21.43314777271372, "32": 12.67380243849123, "34": 20.53473822257658, "35": 23.415067519809458, "36": 16.693865929140266, "37": 23.32237840904692, "38": 25.52670098592246, "39": 27.436707916789338, "40": 21.693391534829313, "41": 14.740009651556546, "42": 18.318057338287986, "43": 23.979561483037834, "44": 19.40355934210588, "45": 11.356318381271944, "46": 16.030605848048996, "47": 30.052786567966887, "48": 30.855228621827226, "49": 31.908654918614346, "50": 32.30803651442353, "51": 33.596855795064535, "52": 33.10062128253775, "53": 37.47773991238125, "54": 31.968210966757244, "55": 39.138017419806104, "56": 33.52596648315291, "57": 37.6724716075089, "58": 31.550979466442097, "59": 29.10223285609714, "60": 33.18252227623869, "61": 31.497559364712952, "62": 33.141874766734176, "63": 30.82768989787295, "64": 35.19252617890006, "65": 27.80690081174497, "66": 34.77587351217774, "67": 29.05636913522534, "68": 34.949330039626886, "69": 29.196581508963188, "70": 28.031964916222773 } }, "geometry": { "type": "MultiPolygon", "coordinates": [ [ [ [ 114.375, -29.125 ], [ 114.375, -28.875 ], [ 114.625, -28.875 ], [ 114.625, -29.125 ], [ 114.375, -29.125 ] ] ], [ [ [ 114.875, -29.125 ], [ 114.875, -29.625 ], [ 115.125, -29.625 ], [ 115.125, -30.125 ], [ 115.625, -30.125 ], [ 115.625, -29.875 ], [ 115.875, -29.875 ], [ 115.875, -29.375 ], [ 116.125, -29.375 ], [ 116.125, -29.625 ], [ 116.375, -29.625 ], [ 116.375, -29.375 ], [ 116.625, -29.375 ], [ 116.625, -28.375 ], [ 117.125, -28.375 ], [ 117.125, -28.625 ], [ 117.375, -28.625 ], [ 117.375, -28.875 ], [ 118.125, -28.875 ], [ 118.125, -28.625 ], [ 118.375, -28.625 ], [ 118.375, -28.375 ], [ 118.625, -28.375 ], [ 118.625, -28.125 ], [ 118.875, -28.125 ], [ 118.875, -27.875 ], [ 119.125, -27.875 ], [ 119.125, -27.625 ], [ 119.375, -27.625 ], [ 119.375, -27.125 ], [ 119.625, -27.125 ], [ 119.625, -26.875 ], [ 120.625, -26.875 ], [ 120.625, -26.375 ], [ 121.125, -26.375 ], [ 121.125, -26.125 ], [ 121.625, -26.125 ], [ 121.625, -26.625 ], [ 121.875, -26.625 ], [ 121.875, -26.875 ], [ 122.375, -26.875 ], [ 122.375, -27.125 ], [ 122.125, -27.125 ], [ 122.125, -27.375 ], [ 122.375, -27.375 ], [ 122.375, -27.625 ], [ 122.625, -27.625 ], [ 122.625, -27.875 ], [ 123.625, -27.875 ], [ 123.625, -28.125 ], [ 125.875, -28.125 ], [ 125.875, -28.375 ], [ 126.125, -28.375 ], [ 126.125, -28.625 ], [ 125.875, -28.625 ], [ 125.875, -28.875 ], [ 125.375, -28.875 ], [ 125.375, -28.625 ], [ 123.625, -28.625 ], [ 123.625, -29.125 ], [ 123.875, -29.125 ], [ 123.875, -29.375 ], [ 123.375, -29.375 ], [ 123.375, -29.625 ], [ 122.875, -29.625 ], [ 122.875, -29.875 ], [ 121.625, -29.875 ], [ 121.625, -29.625 ], [ 120.625, -29.625 ], [ 120.625, -29.875 ], [ 120.375, -29.875 ], [ 120.375, -30.375 ], [ 119.625, -30.375 ], [ 119.625, -30.125 ], [ 118.375, -30.125 ], [ 118.375, -30.375 ], [ 118.125, -30.375 ], [ 118.125, -30.625 ], [ 117.875, -30.625 ], [ 117.875, -30.875 ], [ 116.375, -30.875 ], [ 116.375, -30.625 ], [ 115.625, -30.625 ], [ 115.625, -30.375 ], [ 115.375, -30.375 ], [ 115.375, -30.625 ], [ 115.125, -30.625 ], [ 115.125, -30.875 ], [ 114.875, -30.875 ], [ 114.875, -30.625 ], [ 114.625, -30.625 ], [ 114.625, -29.125 ], [ 114.875, -29.125 ] ] ] ] } },
{ "type": "Feature", "properties": { "cluster_id": 34, "cohesion": 7.9503255044167727, "distances": { "1": 36.096894534564186, "2": 27.562005266555303, "3": 31.414488954210114, "4": 42.63911875422553, "5": 44.468368243645315, "6": 38.395399693527594, "7": 32.11107170896658, "8": 31.872550176579427, "9": 39.393405984109506, "10": 40.96648398816414, "11": 45.146338491707404, "12": 42.16315412848165, "13": 40.26069495842069, "14": 38.36872754860175, "15": 34.8996461565454, "16": 35.77834988479406, "17": 32.85365935739155, "18": 27.046099639726314, "19": 32.175190491290216, "20": 30.973310939601255, "21": 30.27482467268187, "22": 22.87379873842512, "23": 24.68799524693512, "24": 32.113133294289945, "25": 33.20117477291845, "26": 32.65323916447472, "27": 28.788633204909925, "28": 31.186941843161193, "29": 17.62438239712667, "30": 17.857216589243674, "31": 14.237426013304884, "32": 13.463243370784621, "33": 20.53473822257658, "35": 13.871648570061089, "36": 17.09955110239792, "37": 28.978203934120256, "38": 27.996213744975257, "39": 29.14469428987025, "40": 21.6151064358313, "41": 23.38059947985852, "42": 25.362494119669712, "43": 24.790189924434728, "44": 28.69156593141409, "45": 24.27545432107537, "46": 27.758971103549005, "47": 25.721667505672787, "48": 24.54538318663036, "49": 26.9834411266487, "50": 28.788175151461484, "51": 30.108845182160668, "52": 29.562237619419268, "53": 34.49122272026112, "54": 30.083423858717534, "55": 34.19183301599686, "56": 29.3543249579886, "57": 34.67056801238163, "58": 30.643356911602506, "59": 30.12403770362511, "60": 30.543002705552198, "61": 29.617923159684647, "62": 31.41968887842527, "63": 32.88222455152655, "64": 36.34700821105093, "65": 26.686528303862445, "66": 35.21781008628208, "67": 32.73043168832587, "68": 37.05242922615211, "69": 33.66533857399762, "70": 33.473139980967616 } }, "geometry": { "type": "Polygon", "coordinates": [ [ [ 123.375, -30.875 ], [ 123.375, -31.125 ], [ 123.125, -31.125 ], [ 123.125, -31.625 ], [ 123.625, -31.625 ], [ 123.625, -31.875 ], [ 125.125, -31.875 ], [ 125.125, -31.625 ], [ 126.875, -31.625 ], [ 126.875, -31.875 ], [ 126.375, -31.875 ], [ 126.375, -32.125 ], [ 125.875, -32.125 ], [ 125.875, -32.375 ], [ 125.625, -32.375 ], [ 125.625, -32.625 ], [ 125.375, -32.625 ], [ 125.375, -32.875 ], [ 125.875, -32.875 ], [ 125.875, -32.625 ], [ 127.375, -32.625 ], [ 127.375, -32.375 ], [ 128.375, -32.375 ], [ 128.375, -32.125 ], [ 128.875, -32.125 ], [ 128.875, -31.625 ], [ 129.375, -31.625 ], [ 129.375, -31.375 ], [ 128.875, -31.375 ], [ 128.875, -31.125 ], [ 127.375, -31.125 ], [ 127.375, -30.875 ], [ 125.875, -30.875 ], [ 125.875, -31.125 ], [ 125.625, -31.125 ], [ 125.625, -31.375 ], [ 124.375, -31.375 ], [ 124.375, -31.125 ], [ 124.125, -31.125 ], [ 124.125, -30.875 ], [ 123.375, -30.875 ] ] ] } },
{ "type": "Feature", "properties": { "cluster_id": 35, "cohesion": 5.2656154376710269, "distances": { "1": 37.781653284246175, "2": 28.49710615922662, "3": 32.33798988026255, "4": 45.54856181255764, "5": 47.47905449571635, "6": 41.2522571246836, "7": 33.840585590701416, "8": 33.73300157077509, "9": 41.2465279943078, "10": 42.71943539311552, "11": 48.390712737378614, "12": 44.528422005529904, "13": 41.21553346330512, "14": 38.94296047082119, "15": 37.366820273620625, "16": 37.55171843460021, "17": 33.5181033289811, "18": 28.53843063169187, "19": 27.503528155976102, "20": 26.844624599326636, "21": 24.04295071731138, "22": 13.627263675397732, "23": 14.994120343839628, "24": 27.876387766864617, "25": 28.8831011314981, "26": 26.468847544987426, "27": 20.9241226772735, "28": 25.433268550617022, "29": 23.932673045570805, "30": 24.296669522170788, "31": 22.38505109371503, "32": 18.3939855407122, "33": 23.415067519809458, "34": 13.871648570061089, "36": 13.769193374667982, "37": 26.861659665280612, "38": 21.97993225363465, "39": 24.764741940475872, "40": 13.66600688333411, "41": 21.000706475862824, "42": 24.47014670519078, "43": 22.7367749976875, "44": 27.590925842350885, "45": 25.667066060995445, "46": 25.755225524171905, "47": 24.210576107389628, "48": 24.147077600955832, "49": 27.215500202484474, "50": 27.730615158201953, "51": 30.327112275779836, "52": 29.86208476907819, "53": 34.31402009045548, "54": 29.46387295733575, "55": 32.30913049945157, "56": 29.425175137199293, "57": 34.790944434715, "58": 29.91802033455975, "59": 27.899294903708736, "60": 28.88846470317795, "61": 26.40869400602091, "62": 31.70831088138913, "63": 32.752187081722596, "64": 37.645709647827786, "65": 26.01007287425264, "66": 34.66907933295638, "67": 31.454071401329063, "68": 37.177828602069695, "69": 32.76486426175441, "70": 31.784286760309932 } }, "geometry": { "type": "Polygon", "coordinates": [ [ [ 128.875, -30.875 ], [ 128.875, -31.375 ], [ 129.375, -31.375 ], [ 129.375, -31.625 ], [ 128.875, -31.625 ], [ 128.875, -32.125 ], [ 129.375, -32.125 ], [ 129.375, -31.875 ], [ 131.625, -31.875 ], [ 131.625, -32.125 ], [ 132.125, -32.125 ], [ 132.125, -31.875 ], [ 133.625, -31.875 ], [ 133.625, -31.125 ], [ 133.125, -31.125 ], [ 133.125, -30.875 ], [ 128.875, -30.875 ] ] ] } },
{ "type": "Feature", "properties": { "cluster_id": 36, "cohesion": 7.439724718392239, "distances": { "1": 44.461116411528806, "2": 34.10343654043726, "3": 38.97112415367669, "4": 50.78501958048963, "5": 51.7988700474748, "6": 44.81198724464528, "7": 36.72365112301646, "8": 38.236515839821756, "9": 42.8183847832991, "10": 46.52408741837602, "11": 51.257778131445114, "12": 46.886071919601484, "13": 44.00040642201528, "14": 42.67072643413472, "15": 41.94797476294734, "16": 41.82080953619385, "17": 37.05128996711743, "18": 31.232077694990853, "19": 32.00350836073283, "20": 34.50822712911006, "21": 30.965633377134136, "22": 22.407082183184148, "23": 18.73491817185192, "24": 28.898789031280845, "25": 31.81700163222901, "26": 30.445863619467627, "27": 21.8532456444986, "28": 26.413953150076185, "29": 28.951111035109932, "30": 21.54426188105933, "31": 23.919711420387443, "32": 13.386822625966014, "33": 16.693865929140266, "34": 17.09955110239792, "35": 13.769193374667982, "37": 23.19017733126959, "38": 20.165155691968756, "39": 23.295329448951456, "40": 12.077487482320297, "41": 12.630169331463142, "42": 22.5904714600329, "43": 24.966369209307015, "44": 24.954875923593324, "45": 20.742656905714394, "46": 19.35291751195257, "47": 28.331864577278573, "48": 29.276778591402532, "49": 31.565127325465056, "50": 31.473583376406978, "51": 33.71233087567423, "52": 33.77458956807212, "53": 38.912644708894554, "54": 32.90308632427216, "55": 38.86009684084005, "56": 34.43656756101567, "57": 39.544099981686585, "58": 30.478227628586136, "59": 26.945921733666673, "60": 32.20342591005571, "61": 29.0774921244996, "62": 33.25242764950221, "63": 31.67792546766171, "64": 37.61898351228103, "65": 29.591841594316232, "66": 37.77007409730283, "67": 32.49134951016152, "68": 37.99212512306738, "69": 31.437840428820504, "70": 31.02107275834396 } }, "geometry": { "type": "Polygon", "coordinates": [ [ [ 130.375, -26.625 ], [ 130.375, -26.875 ], [ 129.875, -26.875 ], [ 129.875, -27.625 ], [ 130.125, -27.625 ], [ 130.125, -27.875 ], [ 129.625, -27.875 ], [ 129.625, -28.125 ], [ 127.125, -28.125 ], [ 127.125, -28.625 ], [ 125.875, -28.625 ], [ 125.875, -29.375 ], [ 126.125, -29.375 ], [ 126.125, -29.625 ], [ 126.375, -29.625 ], [ 126.375, -30.125 ], [ 126.875, -30.125 ], [ 126.875, -30.375 ], [ 127.625, -30.375 ], [ 127.625, -30.875 ], [ 127.375, -30.875 ], [ 127.375, -31.125 ], [ 128.875, -31.125 ], [ 128.875, -30.875 ], [ 132.375, -30.875 ], [ 132.375, -30.625 ], [ 132.125, -30.625 ], [ 132.125, -30.375 ], [ 131.875, -30.375 ], [ 131.875, -30.125 ], [ 131.625, -30.125 ], [ 131.625, -29.875 ], [ 131.375, -29.875 ], [ 131.375, -29.125 ], [ 132.125, -29.125 ], [ 132.125, -28.625 ], [ 131.875, -28.625 ], [ 131.875, -28.125 ], [ 131.375, -28.125 ], [ 131.375, -27.625 ], [ 131.625, -27.625 ], [ 131.625, -26.875 ], [ 130.875, -26.875 ], [ 130.875, -26.625 ], [ 130.375, -26.625 ] ] ] } },
{ "type": "Feature", "properties": { "cluster_id": 37, "cohesion": 9.6441423445208869, "distances": { "1": 42.236100904424816, "2": 34.297986495696776, "3": 38.19354948988473, "4": 45.44712768950652, "5": 44.090023057303874, "6": 37.449651212207044, "7": 30.02470355824619, "8": 34.60763076915135, "9": 29.969140712705507, "10": 37.44507982308315, "11": 40.7000866780204, "12": 34.99364448517252, "13": 31.744163096192082, "14": 32.94355024910774, "15": 37.71732117622162, "16": 35.30436356911168, "17": 29.812973378605633, "18": 27.51865650006738, "19": 28.38431085377903, "20": 35.033452962962194, "21": 31.70113863120732, "22": 29.087040305449964, "23": 25.323350844266557, "24": 21.166242467877588, "25": 25.943052333930186, "26": 27.66747031747964, "27": 21.708648838840244, "28": 21.126752268428547, "29": 33.01590192736574, "30": 27.780063609867735, "31": 30.877102957408383, "32": 27.84654828641477, "33": 23.32237840904692, "34": 28.978203934120256, "35": 26.861659665280612, "36": 23.19017733126959, "38": 16.313661670254938, "39": 15.509274862222403, "40": 21.027437661424415, "41": 17.502415766383915, "42": 21.024658803135097, "43": 23.234268323702054, "44": 18.294937913305695, "45": 21.023100781308457, "46": 15.30655015528719, "47": 27.97035896915805, "48": 31.0222140875356, "49": 30.50000910443529, "50": 28.772051390167135, "51": 28.469257475323012, "52": 28.821450263226524, "53": 32.09500465695937, "54": 25.84785437017096, "55": 35.897454468310066, "56": 31.46547533715789, "57": 33.13675948716938, "58": 20.536565947261288, "59": 16.28910272766131, "60": 26.95670592488368, "61": 25.066942880123452, "62": 23.991948047127813, "63": 16.871689198554492, "64": 22.92366893635863, "65": 24.788462869211283, "66": 27.887964858295433, "67": 21.92609893159565, "68": 22.980124609031833, "69": 14.295277141369127, "70": 16.612460897802173 } }, "geometry": { "type": "Polygon", "coordinates": [ [ [ 133.875, -23.625 ], [ 133.875, -23.875 ], [ 131.875, -23.875 ], [ 131.875, -24.125 ], [ 131.375, -24.125 ], [ 131.375, -23.875 ], [ 130.375, -23.875 ], [ 130.375, -24.125 ], [ 130.125, -24.125 ], [ 130.125, -24.625 ], [ 128.875, -24.625 ], [ 128.875, -24.375 ], [ 126.875, -24.375 ], [ 126.875, -24.625 ], [ 124.625, -24.625 ], [ 124.625, -25.125 ], [ 125.625, -25.125 ], [ 125.625, -25.375 ], [ 125.875, -25.375 ], [ 125.875, -25.625 ], [ 129.875, -25.625 ], [ 129.875, -25.875 ], [ 130.125, -25.875 ], [ 130.125, -25.625 ], [ 130.625, -25.625 ], [ 130.625, -25.875 ], [ 131.375, -25.875 ], [ 131.375, -25.625 ], [ 131.875, -25.625 ], [ 131.875, -25.375 ], [ 132.875, -25.375 ], [ 132.875, -24.875 ], [ 133.375, -24.875 ], [ 133.375, -24.625 ], [ 134.375, -24.625 ], [ 134.375, -24.375 ], [ 134.125, -24.375 ], [ 134.125, -24.125 ], [ 134.375, -24.125 ], [ 134.375, -23.875 ], [ 134.625, -23.875 ], [ 134.625, -23.625 ], [ 133.875, -23.625 ] ] ] } },
{ "type": "Feature", "properties": { "cluster_id": 38, "cohesion": 8.124790364100674, "distances": { "1": 44.652099368597874, "2": 36.02422703503888, "3": 39.58560265823083, "4": 50.697130556356136, "5": 50.64269590546206, "6": 44.06001465981265, "7": 35.543336729013525, "8": 38.79230065832292, "9": 38.656089398507824, "10": 44.0460698617515, "11": 49.062128863852635, "12": 43.53007166919357, "13": 39.39885098662317, "14": 38.7584769195797, "15": 42.518852817487534, "16": 40.56172614203725, "17": 34.811818962914195, "18": 32.1101135691424, "19": 24.711788815208905, "20": 31.33130785015582, "21": 26.08766080875296, "22": 22.098112523213604, "23": 16.509134292828897, "24": 17.81240607534516, "25": 22.940795498226098, "26": 21.57302331216804, "27": 11.53048131677392, "28": 14.225504472869705, "29": 34.425575242695245, "30": 30.790772904364424, "31": 32.67851196762142, "32": 27.402764896585946, "33": 25.526700985922457, "34": 27.996213744975257, "35": 21.979932253634647, "36": 20.165155691968756, "37": 16.313661670254934, "39": 10.96564744850476, "40": 13.77386480627768, "41": 17.769093297352924, "42": 22.454950962429333, "43": 22.79437095556854, "44": 22.75170084039717, "45": 24.586321354484678, "46": 18.806252765169585, "47": 28.083894753831828, "48": 31.42793242582795, "49": 32.3264668553655, "50": 30.028157357071976, "51": 32.012219340060284, "52": 31.491557137636224, "53": 34.39213225553388, "54": 28.139698553993735, "55": 35.18556409228621, "56": 32.79472564232416, "57": 35.70546671604888, "58": 24.218880114407767, "59": 17.53665660915475, "60": 27.41416158636845, "61": 23.69104616391924, "62": 29.12840705581468, "63": 24.324902353901056, "64": 32.135517697840164, "65": 26.689938453768235, "66": 32.78146525049916, "67": 27.0703140786406, "68": 31.791731262242067, "69": 24.042283746483985, "70": 24.078542912669302 } }, "geometry": { "type": "MultiPolygon", "coordinates": [ [ [ [ 137.625, -28.875 ], [ 137.625, -29.125 ], [ 137.875, -29.125 ], [ 137.875, -29.375 ], [ 138.125, -29.375 ], [ 138.125, -29.625 ], [ 138.375, -29.625 ], [ 138.375, -29.875 ], [ 137.625, -29.875 ], [ 137.625, -29.625 ], [ 137.375, -29.625 ], [ 137.375, -28.875 ], [ 137.625, -28.875 ] ] ], [ [ [ 138.125, -28.875 ], [ 137.875, -28.875 ], [ 137.875, -28.625 ], [ 138.125, -28.625 ], [ 138.125, -28.875 ] ] ], [ [ [ 137.375, -28.375 ], [ 137.125, -28.375 ], [ 137.125, -28.625 ], [ 136.875, -28.625 ], [ 136.875, -28.375 ], [ 136.625, -28.375 ], [ 136.625, -28.125 ], [ 135.875, -28.125 ], [ 135.875, -27.625 ], [ 135.375, -27.625 ], [ 135.375, -27.375 ], [ 134.125, -27.375 ], [ 134.125, -27.125 ], [ 133.875, -27.125 ], [ 133.875, -26.875 ], [ 134.375, -26.875 ], [ 134.375, -26.375 ], [ 134.125, -26.375 ], [ 134.125, -26.125 ], [ 133.875, -26.125 ], [ 133.875, -26.375 ], [ 133.125, -26.375 ], [ 133.125, -26.625 ], [ 132.625, -26.625 ], [ 132.625, -26.375 ], [ 131.375, -26.375 ], [ 131.375, -26.125 ], [ 130.375, -26.125 ], [ 130.375, -25.875 ], [ 131.375, -25.875 ], [ 131.375, -25.625 ], [ 131.875, -25.625 ], [ 131.875, -25.375 ], [ 132.625, -25.375 ], [ 132.625, -25.625 ], [ 133.125, -25.625 ], [ 133.125, -25.875 ], [ 134.625, -25.875 ], [ 134.625, -26.125 ], [ 135.125, -26.125 ], [ 135.125, -26.375 ], [ 135.375, -26.375 ], [ 135.375, -26.625 ], [ 135.625, -26.625 ], [ 135.625, -26.875 ], [ 135.875, -26.875 ], [ 135.875, -27.125 ], [ 136.625, -27.125 ], [ 136.625, -27.375 ], [ 136.875, -27.375 ], [ 136.875, -27.625 ], [ 137.125, -27.625 ], [ 137.125, -27.875 ], [ 137.625, -27.875 ], [ 137.625, -28.125 ], [ 137.875, -28.125 ], [ 137.875, -28.625 ], [ 137.375, -28.625 ], [ 137.375, -28.375 ] ] ] ] } },
{ "type": "Feature", "properties": { "cluster_id": 39, "cohesion": 7.3961793821137105, "distances": { "1": 43.94004461316689, "2": 35.5310511502642, "3": 39.22092777154683, "4": 49.53436390338684, "5": 48.91156994366766, "6": 41.76331000064816, "7": 32.93610222526351, "8": 37.29511872950268, "9": 35.50866950977223, "10": 42.592829325132904, "11": 46.33765947860941, "12": 40.77908276866455, "13": 37.533622750419276, "14": 37.79921232936641, "15": 41.65679053801765, "16": 39.48158639014734, "17": 34.1143466837886, "18": 31.71523601882539, "19": 25.668646068370318, "20": 33.02618217847294, "21": 28.496471174561897, "22": 25.46765531342686, "23": 21.472252354392086, "24": 13.491881635820485, "25": 21.057494032851753, "26": 23.16349667908735, "27": 16.333925293824528, "28": 14.08201650172577, "29": 34.56672879474673, "30": 31.791585333013625, "31": 33.23815871474229, "32": 29.717539967235233, "33": 27.436707916789338, "34": 29.14469428987025, "35": 24.764741940475872, "36": 23.295329448951463, "37": 15.509274862222407, "38": 10.965647448504757, "40": 18.4914369969675, "41": 20.711301441511004, "42": 23.37348020320177, "43": 23.93983403279286, "44": 24.21088178790094, "45": 26.014149545790776, "46": 21.124889656997468, "47": 27.332291389059257, "48": 31.114407385754507, "49": 31.094225576255216, "50": 28.557123137912026, "51": 29.78140980854528, "52": 29.596064816498515, "53": 33.19017747899553, "54": 26.599764085705772, "55": 35.89165131447791, "56": 32.93369202896878, "57": 35.15434224432813, "58": 18.81529221645167, "59": 11.576244916193806, "60": 24.85236699059894, "61": 21.461957582723777, "62": 25.071195428817195, "63": 19.336020236768913, "64": 27.9742537937057, "65": 27.08372822136975, "66": 32.45114948507917, "67": 27.24312828290986, "68": 29.66289421734072, "69": 22.15528930204169, "70": 23.955662804887904 } }, "geometry": { "type": "Polygon", "coordinates": [ [ [ 133.375, -24.625 ], [ 133.375, -24.875 ], [ 132.875, -24.875 ], [ 132.875, -25.375 ], [ 132.625, -25.375 ], [ 132.625, -25.625 ], [ 133.125, -25.625 ], [ 133.125, -25.875 ], [ 134.625, -25.875 ], [ 134.625, -26.125 ], [ 135.125, -26.125 ], [ 135.125, -26.375 ], [ 135.375, -26.375 ], [ 135.375, -26.625 ], [ 135.625, -26.625 ], [ 135.625, -26.875 ], [ 135.875, -26.875 ], [ 135.875, -27.125 ], [ 136.625, -27.125 ], [ 136.625, -27.375 ], [ 136.875, -27.375 ], [ 136.875, -27.625 ], [ 137.125, -27.625 ], [ 137.125, -27.875 ], [ 137.625, -27.875 ], [ 137.625, -28.125 ], [ 137.875, -28.125 ], [ 137.875, -28.625 ], [ 138.125, -28.625 ], [ 138.125, -28.875 ], [ 138.375, -28.875 ], [ 138.375, -29.125 ], [ 138.625, -29.125 ], [ 138.625, -29.375 ], [ 139.375, -29.375 ], [ 139.375, -29.125 ], [ 140.125, -29.125 ], [ 140.125, -29.375 ], [ 140.375, -29.375 ], [ 140.375, -29.625 ], [ 141.125, -29.625 ], [ 141.125, -29.375 ], [ 140.625, -29.375 ], [ 140.625, -29.125 ], [ 140.375, -29.125 ], [ 140.375, -27.625 ], [ 140.125, -27.625 ], [ 140.125, -27.375 ], [ 139.875, -27.375 ], [ 139.875, -27.125 ], [ 139.375, -27.125 ], [ 139.375, -27.375 ], [ 138.625, -27.375 ], [ 138.625, -27.125 ], [ 138.375, -27.125 ], [ 138.375, -27.375 ], [ 137.875, -27.375 ], [ 137.875, -27.125 ], [ 137.625, -27.125 ], [ 137.625, -26.875 ], [ 137.375, -26.875 ], [ 137.375, -26.625 ], [ 137.125, -26.625 ], [ 137.125, -26.125 ], [ 136.875, -26.125 ], [ 136.875, -25.875 ], [ 136.625, -25.875 ], [ 136.625, -25.625 ], [ 136.125, -25.625 ], [ 136.125, -25.375 ], [ 135.875, -25.375 ], [ 135.875, -25.125 ], [ 135.625, -25.125 ], [ 135.625, -24.875 ], [ 134.625, -24.875 ], [ 134.625, -24.625 ], [ 133.375, -24.625 ] ] ] } },
{ "type": "Feature", "properties": { "cluster_id": 40, "cohesion": 6.6791156884839795, "distances": { "1": 43.35329606014714, "2": 33.605703783650156, "3": 37.74846753037607, "4": 50.34473944784572, "5": 51.280435655475884, "6": 44.52947033455308, "7": 36.13039943097094, "8": 37.75633431910836, "9": 41.81953291094794, "10": 45.467882076348964, "11": 50.90976551918972, "12": 46.06895777831192, "13": 42.269721265994036, "14": 40.85537470628, "15": 41.78679081425162, "16": 40.98224536199915, "17": 35.86150834789727, "18": 31.37157380720648, "19": 27.61187786047976, "20": 30.780759365840623, "21": 26.10241148528786, "22": 17.72143618082398, "23": 12.221266094260269, "24": 24.52972633675619, "25": 27.584887692305923, "26": 25.058872343882904, "27": 14.382308284351252, "28": 20.9088888280556, "29": 30.907770367064945, "30": 26.443186352294877, "31": 28.015710750380148, "32": 20.501735275167565, "33": 21.69339153482931, "34": 21.6151064358313, "35": 13.666006883334111, "36": 12.077487482320294, "37": 21.02743766142442, "38": 13.773864806277683, "39": 18.4914369969675, "41": 14.923165823244137, "42": 22.215634462626365, "43": 22.62734440953302, "44": 24.052061049382484, "45": 23.07524379106928, "46": 19.473425077621737, "47": 26.78529676238645, "48": 28.635756379421903, "49": 30.942996408524042, "50": 29.78977509804167, "51": 32.43082392279723, "52": 32.402299502032804, "53": 36.6316626492251, "54": 30.647253984926778, "55": 35.81796666628157, "56": 32.72416057387651, "57": 37.41274688980904, "58": 28.527038774068142, "59": 23.943231828670765, "60": 29.836876482943826, "61": 25.916043957055646, "62": 31.839257705925, "63": 29.905827712089106, "64": 36.54566584493544, "65": 27.33700909674667, "66": 35.28736395365556, "67": 29.964889580743087, "68": 36.012048765850274, "69": 29.291498810080817, "70": 28.39149893303253 } }, "geometry": { "type": "Polygon", "coordinates": [ [ [ 133.875, -26.125 ], [ 133.875, -26.375 ], [ 133.125, -26.375 ], [ 133.125, -26.625 ], [ 132.625, -26.625 ], [ 132.625, -26.375 ], [ 131.875, -26.375 ], [ 131.875, -26.875 ], [ 131.625, -26.875 ], [ 131.625, -27.625 ], [ 131.375, -27.625 ], [ 131.375, -28.125 ], [ 131.875, -28.125 ], [ 131.875, -28.625 ], [ 132.125, -28.625 ], [ 132.125, -29.125 ], [ 131.375, -29.125 ], [ 131.375, -29.875 ], [ 131.625, -29.875 ], [ 131.625, -30.125 ], [ 131.875, -30.125 ], [ 131.875, -30.375 ], [ 132.125, -30.375 ], [ 132.125, -30.625 ], [ 132.375, -30.625 ], [ 132.375, -30.875 ], [ 132.875, -30.875 ], [ 132.875, -30.625 ], [ 133.125, -30.625 ], [ 133.125, -30.375 ], [ 133.375, -30.375 ], [ 133.375, -30.125 ], [ 133.875, -30.125 ], [ 133.875, -29.375 ], [ 134.125, -29.375 ], [ 134.125, -28.625 ], [ 134.375, -28.625 ], [ 134.375, -27.875 ], [ 134.625, -27.875 ], [ 134.625, -27.375 ], [ 134.125, -27.375 ], [ 134.125, -27.125 ], [ 133.875, -27.125 ], [ 133.875, -26.875 ], [ 134.375, -26.875 ], [ 134.375, -26.375 ], [ 134.125, -26.375 ], [ 134.125, -26.125 ], [ 133.875, -26.125 ] ] ] } },
{ "type": "Feature", "properties": { "cluster_id": 41, "cohesion": 8.0616672403098484, "distances": { "1": 46.04452230523563, "2": 36.22397618513499, "3": 40.95874021319441, "4": 50.86632103687586, "5": 51.0121658307124, "6": 44.25214135816691, "7": 36.36700244960551, "8": 39.072075030246175, "9": 40.042876168869235, "10": 44.92904374591038, "11": 49.44178451037695, "12": 44.49894518377151, "13": 41.21362734716475, "14": 40.45519626988055, "15": 41.99399488937321, "16": 41.100267327439305, "17": 35.518024332297585, "18": 30.556401587879467, "19": 31.101217772646176, "20": 35.93180363812108, "21": 32.08895487989488, "22": 26.344966828512813, "23": 21.12747484234841, "24": 27.05275177942214, "25": 30.487311189849535, "26": 29.635538179125938, "27": 20.962335411830924, "28": 24.4970578920153, "29": 32.39489382642073, "30": 22.570118360613623, "31": 27.44930425809407, "32": 17.481439928999908, "33": 14.740009651556546, "34": 23.380599479858525, "35": 21.00070647586282, "36": 12.630169331463142, "37": 17.502415766383915, "38": 17.769093297352924, "39": 20.711301441511, "40": 14.923165823244133, "42": 19.641164292725783, "43": 23.94812719457658, "44": 19.4740997094124, "45": 16.621116549195072, "46": 11.694401239542449, "47": 29.767213118716015, "48": 31.69248049959352, "49": 32.70828731834574, "50": 32.03692475166996, "51": 33.74385680847624, "52": 33.42417676844418, "53": 37.66563118652289, "54": 31.3966743458301, "55": 38.94812387494432, "56": 34.371580313334746, "57": 38.29907097901864, "58": 28.788927796840497, "59": 24.358271791346606, "60": 31.608302285167344, "61": 28.81031183836439, "62": 31.964481974790797, "63": 28.00986034209434, "64": 34.163274818887544, "65": 28.42335127852344, "66": 34.94059186721932, "67": 28.415329607615842, "68": 33.84715275415897, "69": 25.960017757980154, "70": 25.36026755297312 } }, "geometry": { "type": "Polygon", "coordinates": [ [ [ 127.375, -25.625 ], [ 127.375, -25.875 ], [ 127.625, -25.875 ], [ 127.625, -26.125 ], [ 126.875, -26.125 ], [ 126.875, -26.375 ], [ 126.375, -26.375 ], [ 126.375, -26.125 ], [ 125.875, -26.125 ], [ 125.875, -26.375 ], [ 125.375, -26.375 ], [ 125.375, -26.625 ], [ 124.375, -26.625 ], [ 124.375, -26.875 ], [ 123.875, -26.875 ], [ 123.875, -27.125 ], [ 123.125, -27.125 ], [ 123.125, -26.875 ], [ 122.375, -26.875 ], [ 122.375, -27.125 ], [ 122.125, -27.125 ], [ 122.125, -27.375 ], [ 122.375, -27.375 ], [ 122.375, -27.625 ], [ 122.625, -27.625 ], [ 122.625, -27.875 ], [ 123.625, -27.875 ], [ 123.625, -28.125 ], [ 125.875, -28.125 ], [ 125.875, -28.375 ], [ 126.125, -28.375 ], [ 126.125, -28.625 ], [ 127.125, -28.625 ], [ 127.125, -28.125 ], [ 129.625, -28.125 ], [ 129.625, -27.875 ], [ 130.125, -27.875 ], [ 130.125, -27.625 ], [ 129.875, -27.625 ], [ 129.875, -26.875 ], [ 130.375, -26.875 ], [ 130.375, -26.625 ], [ 130.875, -26.625 ], [ 130.875, -26.875 ], [ 131.875, -26.875 ], [ 131.875, -26.375 ], [ 131.375, -26.375 ], [ 131.375, -26.125 ], [ 130.375, -26.125 ], [ 130.375, -25.875 ], [ 130.625, -25.875 ], [ 130.625, -25.625 ], [ 130.125, -25.625 ], [ 130.125, -25.875 ], [ 129.875, -25.875 ], [ 129.875, -25.625 ], [ 127.375, -25.625 ] ] ] } },
{ "type": "Feature", "properties": { "cluster_id": 42, "cohesion": 6.7077737110313507, "distances": { "1": 40.2192394919009, "2": 31.14816733029577, "3": 35.645375606050045, "4": 44.80034135994982, "5": 44.816702429137386, "6": 38.71684589703142, "7": 31.4521346919535, "8": 33.66610128104558, "9": 35.549701163530116, "10": 38.8861589002377, "11": 43.96892080332624, "12": 39.36081281338079, "13": 35.16767283048681, "14": 32.825717233024044, "15": 36.86303512324693, "16": 35.387637474093125, "17": 29.003166535459997, "18": 26.205946702575595, "19": 28.249684300387322, "20": 31.727481664473512, "21": 29.987184834968073, "22": 27.13576846920262, "23": 25.514432805032648, "24": 26.322626837602805, "25": 27.024939823938467, "26": 28.55767468149648, "27": 25.190315391567545, "28": 26.46558445982187, "29": 30.435227309976142, "30": 23.39675433154973, "31": 27.817227835477222, "32": 23.184354347296484, "33": 18.318057338287982, "34": 25.362494119669716, "35": 24.470146705190782, "36": 22.590471460032898, "37": 21.024658803135097, "38": 22.454950962429333, "39": 23.373480203201765, "40": 22.21563446262636, "41": 19.641164292725783, "43": 12.901355439724217, "44": 13.868465790872484, "45": 12.305997774314987, "46": 16.659732418316587, "47": 24.728372124153275, "48": 26.81407351169514, "49": 26.2597962821533, "50": 25.739923954819112, "51": 27.98781335901089, "52": 26.39546840461886, "53": 30.311465886686648, "54": 24.807240434591407, "55": 32.67893047282163, "56": 28.57060925396909, "57": 31.1923768860137, "58": 26.345343910188763, "59": 24.52035053958614, "60": 25.419699836516955, "61": 23.756825734877243, "62": 28.157846405897423, "63": 26.64908052185784, "64": 31.352478225460967, "65": 19.432369532841165, "66": 26.5626998654132, "67": 20.982338456273364, "68": 29.368254764436475, "69": 24.702007055762795, "70": 21.612583270975303 } }, "geometry": { "type": "Polygon", "coordinates": [ [ [ 113.125, -24.375 ], [ 113.125, -24.875 ], [ 113.375, -24.875 ], [ 113.375, -25.375 ], [ 113.625, -25.375 ], [ 113.625, -25.875 ], [ 113.875, -25.875 ], [ 113.875, -26.125 ], [ 113.625, -26.125 ], [ 113.625, -26.375 ], [ 113.375, -26.375 ], [ 113.375, -27.125 ], [ 113.625, -27.125 ], [ 113.625, -27.875 ], [ 113.875, -27.875 ], [ 113.875, -28.125 ], [ 115.375, -28.125 ], [ 115.375, -27.875 ], [ 116.625, -27.875 ], [ 116.625, -26.625 ], [ 116.375, -26.625 ], [ 116.375, -25.875 ], [ 116.125, -25.875 ], [ 116.125, -25.625 ], [ 115.875, -25.625 ], [ 115.875, -25.375 ], [ 115.625, -25.375 ], [ 115.625, -25.625 ], [ 115.125, -25.625 ], [ 115.125, -25.375 ], [ 114.625, -25.375 ], [ 114.625, -25.125 ], [ 114.375, -25.125 ], [ 114.375, -24.875 ], [ 113.875, -24.875 ], [ 113.875, -24.625 ], [ 113.625, -24.625 ], [ 113.625, -24.375 ], [ 113.125, -24.375 ] ] ] } },
{ "type": "Feature", "properties": { "cluster_id": 43, "cohesion": 8.1167894613009128, "distances": { "1": 35.056653363621486, "2": 27.58029761902162, "3": 30.55926396909655, "4": 40.758113642614354, "5": 41.34927676632614, "6": 36.03357415428322, "7": 29.295783157722465, "8": 30.476402696458, "9": 34.05068721590538, "10": 35.20857959571272, "11": 41.679127963914844, "12": 37.29496620130875, "13": 32.217445064128526, "14": 28.52851179091105, "15": 33.51498298051692, "16": 31.656938962893335, "17": 25.39554149258402, "18": 24.434392575867253, "19": 24.76749588568108, "20": 26.372811253634076, "21": 25.272118674249004, "22": 23.180942275385256, "23": 23.530229759063776, "24": 25.6013532909473, "25": 25.268859714684336, "26": 25.444591144801308, "27": 23.84678658614757, "28": 25.466773838207605, "29": 27.657684523454826, "30": 26.830937018037453, "31": 27.763058978618293, "32": 26.145883708283787, "33": 23.979561483037834, "34": 24.790189924434728, "35": 22.736774997687498, "36": 24.96636920930701, "37": 23.234268323702047, "38": 22.79437095556854, "39": 23.939834032792863, "40": 22.627344409533013, "41": 23.948127194576575, "42": 12.901355439724218, "44": 16.002858240375282, "45": 19.42890532695342, "46": 21.472611003082974, "47": 22.42688842098842, "48": 24.27525910970071, "49": 24.891775090826297, "50": 23.98274450129476, "51": 25.816292148249946, "52": 24.60960379185083, "53": 27.133706882108307, "54": 22.694804095856995, "55": 27.595179027493398, "56": 24.96179338398738, "57": 27.51937536788488, "58": 26.14264475422572, "59": 25.192619109407683, "60": 24.258119830610735, "61": 22.68403734313099, "62": 27.0190035545968, "63": 27.446755284273834, "64": 31.355606517344615, "65": 12.819541141435856, "66": 21.977563625634744, "67": 17.93981440141343, "68": 27.97467661748584, "69": 25.163674193203597, "70": 21.19475918692246 } }, "geometry": { "type": "Polygon", "coordinates": [ [ [ 115.875, -20.625 ], [ 115.875, -20.875 ], [ 115.625, -20.875 ], [ 115.625, -21.125 ], [ 115.125, -21.125 ], [ 115.125, -21.375 ], [ 114.625, -21.375 ], [ 114.625, -21.625 ], [ 114.375, -21.625 ], [ 114.375, -21.875 ], [ 113.875, -21.875 ], [ 113.875, -22.125 ], [ 113.625, -22.125 ], [ 113.625, -22.375 ], [ 113.375, -22.375 ], [ 113.375, -23.625 ], [ 113.125, -23.625 ], [ 113.125, -24.375 ], [ 113.625, -24.375 ], [ 113.625, -24.625 ], [ 113.875, -24.625 ], [ 113.875, -24.875 ], [ 114.375, -24.875 ], [ 114.375, -25.125 ], [ 114.625, -25.125 ], [ 114.625, -25.375 ], [ 115.125, -25.375 ], [ 115.125, -25.625 ], [ 115.625, -25.625 ], [ 115.625, -25.375 ], [ 115.875, -25.375 ], [ 115.875, -25.625 ], [ 116.375, -25.625 ], [ 116.375, -25.375 ], [ 116.625, -25.375 ], [ 116.625, -25.125 ], [ 116.875, -25.125 ], [ 116.875, -24.625 ], [ 117.625, -24.625 ], [ 117.625, -24.375 ], [ 117.875, -24.375 ], [ 117.875, -24.125 ], [ 118.125, -24.125 ], [ 118.125, -23.875 ], [ 117.875, -23.875 ], [ 117.875, -23.625 ], [ 117.625, -23.625 ], [ 117.625, -23.375 ], [ 117.375, -23.375 ], [ 117.375, -22.875 ], [ 117.125, -22.875 ], [ 117.125, -22.625 ], [ 116.625, -22.625 ], [ 116.625, -22.375 ], [ 116.375, -22.375 ], [ 116.375, -22.125 ], [ 116.125, -22.125 ], [ 116.125, -21.125 ], [ 116.375, -21.125 ], [ 116.375, -20.625 ], [ 115.875, -20.625 ] ] ] } },
{ "type": "Feature", "properties": { "cluster_id": 44, "cohesion": 8.10687343078129, "distances": { "1": 40.43808361313947, "2": 33.12513630426837, "3": 36.45196587532905, "4": 43.438659890635385, "5": 42.941724063832986, "6": 37.97023780879841, "7": 31.87026796394165, "8": 34.40647350378519, "9": 32.945778204311004, "10": 35.73436282819945, "11": 41.673477413135, "12": 36.63759365612411, "13": 31.30982538137265, "14": 29.11549278650457, "15": 35.71671013294122, "16": 33.393197321698025, "17": 26.508819488582528, "18": 25.28050613985571, "19": 28.5511061172665, "20": 32.73042690888417, "21": 30.64587422845393, "22": 28.934659593527694, "23": 26.36818854961808, "24": 28.00378650242525, "25": 29.19133224652145, "26": 28.88415454970292, "27": 25.050153783088017, "28": 26.75374393337845, "29": 31.73059209726941, "30": 25.066634664950143, "31": 29.592945730723784, "32": 25.756120912130076, "33": 19.40355934210588, "34": 28.69156593141409, "35": 27.59092584235088, "36": 24.954875923593328, "37": 18.294937913305695, "38": 22.75170084039717, "39": 24.21088178790094, "40": 24.052061049382484, "41": 19.474099709412403, "42": 13.868465790872486, "43": 16.002858240375282, "45": 13.525807761234017, "46": 13.22666181797078, "47": 28.09278236720025, "48": 30.36194572336022, "49": 30.592240420895862, "50": 29.395175228207965, "51": 29.863107071694206, "52": 29.29932961225925, "53": 31.106701557571995, "54": 26.230895822856223, "55": 32.9663770966124, "56": 29.28645663707303, "57": 31.05659395713616, "58": 28.031581093936182, "59": 25.61114166398888, "60": 29.188236786140717, "61": 27.814468818426135, "62": 29.09021704456895, "63": 25.76084317349752, "64": 29.337310941055932, "65": 18.29398955355745, "66": 22.26742766326565, "67": 15.022104315971536, "68": 24.818220076810853, "69": 19.910827127424298, "70": 14.890800334362291 } }, "geometry": { "type": "Polygon", "coordinates": [ [ [ 119.125, -23.125 ], [ 119.125, -24.125 ], [ 117.875, -24.125 ], [ 117.875, -24.375 ], [ 117.625, -24.375 ], [ 117.625, -24.625 ], [ 116.875, -24.625 ], [ 116.875, -25.125 ], [ 116.625, -25.125 ], [ 116.625, -25.375 ], [ 116.375, -25.375 ], [ 116.375, -25.625 ], [ 116.125, -25.625 ], [ 116.125, -25.875 ], [ 116.375, -25.875 ], [ 116.375, -26.625 ], [ 116.625, -26.625 ], [ 116.625, -26.875 ], [ 117.375, -26.875 ], [ 117.375, -26.625 ], [ 117.625, -26.625 ], [ 117.625, -26.375 ], [ 118.125, -26.375 ], [ 118.125, -26.625 ], [ 118.375, -26.625 ], [ 118.375, -26.875 ], [ 118.875, -26.875 ], [ 118.875, -26.625 ], [ 119.375, -26.625 ], [ 119.375, -26.375 ], [ 119.625, -26.375 ], [ 119.625, -26.125 ], [ 120.375, -26.125 ], [ 120.375, -25.625 ], [ 120.625, -25.625 ], [ 120.625, -25.375 ], [ 120.875, -25.375 ], [ 120.875, -25.125 ], [ 122.875, -25.125 ], [ 122.875, -24.875 ], [ 124.625, -24.875 ], [ 124.625, -24.375 ], [ 123.125, -24.375 ], [ 123.125, -23.875 ], [ 121.875, -23.875 ], [ 121.875, -23.625 ], [ 121.625, -23.625 ], [ 121.625, -23.375 ], [ 121.125, -23.375 ], [ 121.125, -23.625 ], [ 120.125, -23.625 ], [ 120.125, -23.125 ], [ 119.125, -23.125 ] ] ] } },
{ "type": "Feature", "properties": { "cluster_id": 45, "cohesion": 6.6606489466712189, "distances": { "1": 42.364183411791004, "2": 33.365324185079906, "3": 37.94930745820358, "4": 45.787109549739945, "5": 45.705842545574605, "6": 39.77477530936031, "7": 33.12888154290693, "8": 35.420207394835614, "9": 36.383047814203366, "10": 39.99255540893264, "11": 44.472574917558234, "12": 40.085766027067386, "13": 36.6759669068374, "14": 35.10638400128163, "15": 37.48094993342985, "16": 36.52223776532597, "17": 30.781030989111965, "18": 26.54348555642346, "19": 32.308800230526415, "20": 35.74129433662331, "21": 33.93119436997011, "22": 30.249075266851086, "23": 27.619104491411584, "24": 30.37459794656227, "25": 31.865996981844543, "26": 32.61360595286151, "27": 27.691490532359797, "28": 29.65365284098037, "29": 29.52808063466381, "30": 17.444829342232655, "31": 24.703012766021324, "32": 18.757978462093728, "33": 11.356318381271942, "34": 24.27545432107537, "35": 25.667066060995438, "36": 20.74265690571439, "37": 21.023100781308457, "38": 24.586321354484678, "39": 26.014149545790776, "40": 23.07524379106928, "41": 16.621116549195072, "42": 12.305997774314987, "43": 19.428905326953423, "44": 13.525807761234018, "46": 13.912523704469539, "47": 28.26752594717666, "48": 29.73164332395894, "49": 29.81668417920248, "50": 29.760231716682124, "51": 30.970874033089654, "52": 30.103319310486462, "53": 34.00396003334816, "54": 28.53844196594601, "55": 36.53313994247773, "56": 31.280854801108465, "57": 34.36198125776667, "58": 29.236432116278987, "59": 27.127054141217393, "60": 30.193538600511364, "61": 28.78076266774458, "62": 30.592887957762617, "63": 28.036487309956645, "64": 32.10071254536484, "65": 23.51732193699299, "66": 29.69233849962688, "67": 23.51935852553685, "68": 30.627884504183637, "69": 25.32822638491912, "70": 23.075275998297453 } }, "geometry": { "type": "Polygon", "coordinates": [ [ [ 119.625, -26.125 ], [ 119.625, -26.375 ], [ 119.375, -26.375 ], [ 119.375, -26.625 ], [ 118.875, -26.625 ], [ 118.875, -26.875 ], [ 118.375, -26.875 ], [ 118.375, -26.625 ], [ 118.125, -26.625 ], [ 118.125, -26.375 ], [ 117.625, -26.375 ], [ 117.625, -26.625 ], [ 117.375, -26.625 ], [ 117.375, -26.875 ], [ 116.625, -26.875 ], [ 116.625, -27.875 ], [ 115.375, -27.875 ], [ 115.375, -28.125 ], [ 114.125, -28.125 ], [ 114.125, -28.625 ], [ 114.375, -28.625 ], [ 114.375, -28.875 ], [ 114.625, -28.875 ], [ 114.625, -29.125 ], [ 114.875, -29.125 ], [ 114.875, -29.625 ], [ 115.125, -29.625 ], [ 115.125, -30.125 ], [ 115.625, -30.125 ], [ 115.625, -29.875 ], [ 115.875, -29.875 ], [ 115.875, -29.375 ], [ 116.125, -29.375 ], [ 116.125, -29.625 ], [ 116.375, -29.625 ], [ 116.375, -29.375 ], [ 116.625, -29.375 ], [ 116.625, -28.375 ], [ 117.125, -28.375 ], [ 117.125, -28.625 ], [ 117.375, -28.625 ], [ 117.375, -28.875 ], [ 118.125, -28.875 ], [ 118.125, -28.625 ], [ 118.375, -28.625 ], [ 118.375, -28.375 ], [ 118.625, -28.375 ], [ 118.625, -28.125 ], [ 118.875, -28.125 ], [ 118.875, -27.875 ], [ 119.125, -27.875 ], [ 119.125, -27.625 ], [ 119.375, -27.625 ], [ 119.375, -27.125 ], [ 119.625, -27.125 ], [ 119.625, -26.875 ], [ 120.625, -26.875 ], [ 120.625, -26.125 ], [ 119.625, -26.125 ] ] ] } },
{ "type": "Feature", "properties": { "cluster_id": 46, "cohesion": 6.7610640230242138, "distances": { "1": 45.45784517481931, "2": 36.63024429659987, "3": 40.87562355281982, "4": 49.25765515819195, "5": 48.834426206171976, "6": 42.69353454320307, "7": 35.420865747465754, "8": 38.58331409077899, "9": 37.19405807788797, "10": 42.09617350544983, "11": 46.83376785465149, "12": 41.631860799330966, "13": 37.43334636723069, "14": 36.52167776490117, "15": 40.78018107124595, "16": 39.14396506814596, "17": 32.76055415560623, "18": 29.399901070805615, "19": 29.8499320637441, "20": 35.43830974922419, "21": 31.938150635615678, "22": 28.560122892773805, "23": 23.673372724629132, "24": 26.8049997196275, "25": 29.64417323580401, "26": 28.93316528278198, "27": 21.89260212239313, "28": 24.46055827559105, "29": 33.98682559477409, "30": 24.261608126029213, "31": 29.99097228047623, "32": 22.382966178135227, "33": 16.030605848048996, "34": 27.758971103549005, "35": 25.755225524171905, "36": 19.35291751195257, "37": 15.306550155287193, "38": 18.806252765169585, "39": 21.12488965699747, "40": 19.473425077621737, "41": 11.694401239542449, "42": 16.659732418316587, "43": 21.47261100308297, "44": 13.22666181797078, "45": 13.912523704469539, "47": 30.223423582242134, "48": 32.63414940492032, "49": 32.88940642283463, "50": 31.85056210714904, "51": 33.05203165312849, "52": 32.399448804746896, "53": 35.33729600175427, "54": 29.44429370987045, "55": 37.14485853730313, "56": 32.87921949351533, "57": 35.72121417188326, "58": 28.271354346309955, "59": 24.049423023148275, "60": 30.83948903901591, "61": 28.591962529230962, "62": 31.013196680076238, "63": 26.133898080730372, "64": 31.665067100836186, "65": 25.385301559478336, "66": 30.215466310616723, "67": 22.839694630622155, "68": 29.559849178325127, "69": 21.682442098631974, "70": 19.153217750846327 } }, "geometry": { "type": "Polygon", "coordinates": [ [ [ 122.875, -24.875 ], [ 122.875, -25.125 ], [ 120.875, -25.125 ], [ 120.875, -25.375 ], [ 120.625, -25.375 ], [ 120.625, -25.625 ], [ 120.375, -25.625 ], [ 120.375, -26.125 ], [ 120.625, -26.125 ], [ 120.625, -26.375 ], [ 121.125, -26.375 ], [ 121.125, -26.125 ], [ 121.625, -26.125 ], [ 121.625, -26.625 ], [ 121.875, -26.625 ], [ 121.875, -26.875 ], [ 123.125, -26.875 ], [ 123.125, -27.125 ], [ 123.875, -27.125 ], [ 123.875, -26.875 ], [ 124.375, -26.875 ], [ 124.375, -26.625 ], [ 125.375, -26.625 ], [ 125.375, -26.375 ], [ 125.875, -26.375 ], [ 125.875, -26.125 ], [ 126.375, -26.125 ], [ 126.375, -26.375 ], [ 126.875, -26.375 ], [ 126.875, -26.125 ], [ 127.625, -26.125 ], [ 127.625, -25.875 ], [ 127.375, -25.875 ], [ 127.375, -25.625 ], [ 125.875, -25.625 ], [ 125.875, -25.375 ], [ 125.625, -25.375 ], [ 125.625, -25.125 ], [ 124.625, -25.125 ], [ 124.625, -24.875 ], [ 122.875, -24.875 ] ] ] } },
{ "type": "Feature", "properties": { "cluster_id": 47, "cohesion": 8.4063454065380139, "distances": { "1": 28.163243571311234, "2": 16.88045624828213, "3": 23.07565872820314, "4": 35.16836782301341, "5": 36.0461205100077, "6": 28.04147260439481, "7": 19.543524576198617, "8": 19.010019682191576, "9": 30.95033216222448, "10": 32.79625982381021, "11": 36.75242028543187, "12": 33.80055600657687, "13": 31.533955653598678, "14": 30.597207583681186, "15": 28.70609254632048, "16": 28.127112179651352, "17": 25.891203702031202, "18": 22.73035039205073, "19": 28.73823098540748, "20": 28.240640709314356, "21": 28.6117354319786, "22": 25.58757071929047, "23": 28.39762761137044, "24": 26.28544323706171, "25": 25.355271987192623, "26": 29.638159081933658, "27": 29.70515901509906, "28": 29.32485376290439, "29": 26.37003327129807, "30": 28.73291749684914, "31": 27.385817394964153, "32": 29.93772967881523, "33": 30.05278656796689, "34": 25.721667505672787, "35": 24.210576107389635, "36": 28.33186457727858, "37": 27.970358969158045, "38": 28.083894753831828, "39": 27.332291389059257, "40": 26.78529676238645, "41": 29.767213118716022, "42": 24.728372124153275, "43": 22.426888420988423, "44": 28.09278236720025, "45": 28.267525947176654, "46": 30.22342358224213, "48": 12.422535545362807, "49": 16.322976416393143, "50": 11.88144867791221, "51": 14.740351788459419, "52": 20.334872274187738, "53": 27.12502394520473, "54": 22.677838169715407, "55": 29.7311173832621, "56": 26.417398425033177, "57": 29.008258355937485, "58": 23.579534025112594, "59": 26.27196795393997, "60": 21.174926866557133, "61": 17.59367745420075, "62": 21.22849555233581, "63": 27.48585718539616, "64": 29.308709320063482, "65": 22.592879823849216, "66": 28.81415261046816, "67": 27.610973097005967, "68": 29.70248096021697, "69": 28.652929334886863, "70": 28.85275925394233 } }, "geometry": { "type": "MultiPolygon", "coordinates": [ [ [ [ 150.375, -23.625 ], [ 150.375, -23.875 ], [ 150.625, -23.875 ], [ 150.625, -24.375 ], [ 150.375, -24.375 ], [ 150.375, -24.125 ], [ 150.125, -24.125 ], [ 150.125, -23.625 ], [ 150.375, -23.625 ] ] ], [ [ [ 149.875, -23.625 ], [ 149.875, -23.375 ], [ 149.125, -23.375 ], [ 149.125, -23.625 ], [ 147.875, -23.625 ], [ 147.875, -24.125 ], [ 147.375, -24.125 ], [ 147.375, -23.875 ], [ 147.125, -23.875 ], [ 147.125, -23.375 ], [ 146.875, -23.375 ], [ 146.875, -22.875 ], [ 146.625, -22.875 ], [ 146.625, -22.625 ], [ 146.375, -22.625 ], [ 146.375, -22.875 ], [ 146.125, -22.875 ], [ 146.125, -23.625 ], [ 146.375, -23.625 ], [ 146.375, -24.125 ], [ 145.625, -24.125 ], [ 145.625, -23.875 ], [ 145.125, -23.875 ], [ 145.125, -23.625 ], [ 144.875, -23.625 ], [ 144.875, -23.375 ], [ 144.625, -23.375 ], [ 144.625, -23.125 ], [ 143.875, -23.125 ], [ 143.875, -22.375 ], [ 143.625, -22.375 ], [ 143.625, -21.625 ], [ 143.875, -21.625 ], [ 143.875, -21.375 ], [ 144.375, -21.375 ], [ 144.375, -21.625 ], [ 144.875, -21.625 ], [ 144.875, -21.125 ], [ 144.625, -21.125 ], [ 144.625, -19.875 ], [ 146.125, -19.875 ], [ 146.125, -19.375 ], [ 146.625, -19.375 ], [ 146.625, -19.625 ], [ 146.875, -19.625 ], [ 146.875, -19.875 ], [ 147.125, -19.875 ], [ 147.125, -20.125 ], [ 147.375, -20.125 ], [ 147.375, -20.375 ], [ 147.625, -20.375 ], [ 147.625, -20.625 ], [ 147.875, -20.625 ], [ 147.875, -21.375 ], [ 148.875, -21.375 ], [ 148.875, -21.625 ], [ 149.125, -21.625 ], [ 149.125, -21.875 ], [ 149.625, -21.875 ], [ 149.625, -22.125 ], [ 149.875, -22.125 ], [ 149.875, -22.375 ], [ 150.125, -22.375 ], [ 150.125, -22.625 ], [ 150.375, -22.625 ], [ 150.375, -23.375 ], [ 150.125, -23.375 ], [ 150.125, -23.625 ], [ 149.875, -23.625 ] ] ] ] } },
{ "type": "Feature", "properties": { "cluster_id": 48, "cohesion": 9.6042127334415746, "distances": { "1": 24.021605192094587, "2": 12.923918592155198, "3": 18.788576951489144, "4": 32.64811600476694, "5": 34.97059004495443, "6": 27.656079902727125, "7": 21.304369195228325, "8": 18.173819930543374, "9": 32.30983225151964, "10": 32.84213883468814, "11": 36.548626698041545, "12": 34.321286846906375, "13": 32.693828616326705, "14": 31.19354794095301, "15": 26.19539508119546, "16": 27.423154354435933, "17": 26.5024455918478, "18": 22.04552246980972, "19": 30.592081170988934, "20": 27.74596784653741, "21": 29.3347175260231, "22": 25.94306334471232, "23": 29.992251427151388, "24": 30.572137390466246, "25": 29.418892586582952, "26": 32.153071512052676, "27": 32.49148620514659, "28": 32.741489423077226, "29": 23.819964814614234, "30": 27.850792103274625, "31": 25.491581804352915, "32": 29.67545533165857, "33": 30.855228621827226, "34": 24.545383186630357, "35": 24.147077600955832, "36": 29.27677859140253, "37": 31.0222140875356, "38": 31.42793242582795, "39": 31.114407385754507, "40": 28.6357563794219, "41": 31.69248049959352, "42": 26.81407351169514, "43": 24.27525910970071, "44": 30.361945723360215, "45": 29.73164332395894, "46": 32.63414940492032, "47": 12.422535545362805, "49": 15.723742735715646, "50": 16.246977555830497, "51": 18.545035102562995, "52": 21.603245993950047, "53": 28.18311547511645, "54": 24.761782316983286, "55": 29.027906759792714, "56": 24.836121606311092, "57": 29.02332920529737, "58": 27.010831795247164, "59": 29.990324090104256, "60": 24.369635638309227, "61": 22.659582731153016, "62": 24.50231516827761, "63": 30.66539195124773, "64": 31.559760902776894, "65": 23.806496659961283, "66": 29.95993673620679, "67": 29.76873907958011, "68": 31.994308572865485, "69": 31.592944803881476, "70": 31.398282629586028 } }, "geometry": { "type": "MultiPolygon", "coordinates": [ [ [ [ 150.625, -22.375 ], [ 150.875, -22.375 ], [ 150.875, -22.625 ], [ 151.125, -22.625 ], [ 151.125, -23.375 ], [ 151.375, -23.375 ], [ 151.375, -23.625 ], [ 151.875, -23.625 ], [ 151.875, -23.875 ], [ 152.125, -23.875 ], [ 152.125, -24.125 ], [ 152.375, -24.125 ], [ 152.375, -24.375 ], [ 151.625, -24.375 ], [ 151.625, -24.125 ], [ 150.875, -24.125 ], [ 150.875, -24.625 ], [ 150.625, -24.625 ], [ 150.625, -23.875 ], [ 150.375, -23.875 ], [ 150.375, -23.625 ], [ 150.125, -23.625 ], [ 150.125, -23.375 ], [ 150.375, -23.375 ], [ 150.375, -22.625 ], [ 150.125, -22.625 ], [ 150.125, -22.375 ], [ 149.875, -22.375 ], [ 149.875, -22.125 ], [ 150.625, -22.125 ], [ 150.625, -22.375 ] ] ], [ [ [ 149.625, -21.875 ], [ 149.125, -21.875 ], [ 149.125, -21.625 ], [ 148.875, -21.625 ], [ 148.875, -21.375 ], [ 147.875, -21.375 ], [ 147.875, -20.625 ], [ 147.625, -20.625 ], [ 147.625, -20.375 ], [ 148.125, -20.375 ], [ 148.125, -20.625 ], [ 148.375, -20.625 ], [ 148.375, -20.375 ], [ 148.625, -20.375 ], [ 148.625, -20.625 ], [ 148.875, -20.625 ], [ 148.875, -20.875 ], [ 149.375, -20.875 ], [ 149.375, -21.125 ], [ 149.625, -21.125 ], [ 149.625, -21.625 ], [ 149.875, -21.625 ], [ 149.875, -22.125 ], [ 149.625, -22.125 ], [ 149.625, -21.875 ] ] ], [ [ [ 144.125, -19.875 ], [ 144.625, -19.875 ], [ 144.625, -21.125 ], [ 144.875, -21.125 ], [ 144.875, -21.625 ], [ 144.375, -21.625 ], [ 144.375, -20.875 ], [ 144.125, -20.875 ], [ 144.125, -20.625 ], [ 143.875, -20.625 ], [ 143.875, -20.375 ], [ 143.625, -20.375 ], [ 143.625, -19.625 ], [ 144.125, -19.625 ], [ 144.125, -19.875 ] ] ], [ [ [ 147.375, -20.375 ], [ 147.375, -20.125 ], [ 147.625, -20.125 ], [ 147.625, -20.375 ], [ 147.375, -20.375 ] ] ], [ [ [ 146.875, -19.875 ], [ 146.875, -19.625 ], [ 146.625, -19.625 ], [ 146.625, -19.375 ], [ 146.125, -19.375 ], [ 146.125, -19.875 ], [ 145.875, -19.875 ], [ 145.875, -19.625 ], [ 145.625, -19.625 ], [ 145.625, -19.375 ], [ 145.375, -19.375 ], [ 145.375, -19.125 ], [ 145.125, -19.125 ], [ 145.125, -18.375 ], [ 145.375, -18.375 ], [ 145.375, -18.625 ], [ 145.875, -18.625 ], [ 145.875, -18.875 ], [ 146.125, -18.875 ], [ 146.125, -19.125 ], [ 146.875, -19.125 ], [ 146.875, -19.375 ], [ 147.125, -19.375 ], [ 147.125, -19.625 ], [ 147.375, -19.625 ], [ 147.375, -20.125 ], [ 147.125, -20.125 ], [ 147.125, -19.875 ], [ 146.875, -19.875 ] ] ] ] } },
{ "type": "Feature", "properties": { "cluster_id": 49, "cohesion": 6.6604437017141844, "distances": { "1": 27.896593497831955, "2": 20.263948919883354, "3": 24.824659545472286, "4": 32.25257091114055, "5": 33.289730298351714, "6": 26.828527516986746, "7": 21.30524482063729, "8": 20.869594688222335, "9": 30.305725758317887, "10": 31.644947387914897, "11": 34.13788795313837, "12": 32.1260415027123, "13": 31.207986570891872, "14": 30.189438355321002, "15": 26.329189483130914, "16": 26.951952366606054, "17": 25.706436169212154, "18": 22.017381332297877, "19": 29.047899285887986, "20": 27.725497789498952, "21": 29.70336952584114, "22": 28.387289106410574, "23": 32.398644314797444, "24": 28.49887118616774, "25": 25.569332169642635, "26": 31.432187952461174, "27": 33.76250957499426, "28": 32.06051706457048, "29": 24.990066890637838, "30": 28.796747772785384, "31": 27.03541375896958, "32": 32.12043414722166, "33": 31.90865491861434, "34": 26.983441126648692, "35": 27.215500202484474, "36": 31.565127325465056, "37": 30.500009104435293, "38": 32.3264668553655, "39": 31.094225576255212, "40": 30.942996408524046, "41": 32.70828731834574, "42": 26.2597962821533, "43": 24.891775090826297, "44": 30.592240420895866, "45": 29.81668417920248, "46": 32.88940642283463, "47": 16.322976416393146, "48": 15.723742735715648, "50": 12.826501223482976, "51": 16.936007998518, "52": 11.747838578593797, "53": 21.36752557937724, "54": 18.769042248793983, "55": 27.397055564131197, "56": 23.762762970705346, "57": 24.567277879770515, "58": 24.63000725400944, "59": 28.828067732680125, "60": 16.692875579924124, "61": 19.481625019880376, "62": 22.694957629271414, "63": 28.92811395208716, "64": 29.42786797564913, "65": 24.06703813809819, "66": 29.322897690680186, "67": 29.63490734844771, "68": 30.528518367089898, "69": 30.4294403254047, "70": 30.839602019449146 } }, "geometry": { "type": "Polygon", "coordinates": [ [ [ 150.875, -24.125 ], [ 150.875, -24.625 ], [ 151.375, -24.625 ], [ 151.375, -24.875 ], [ 151.625, -24.875 ], [ 151.625, -25.875 ], [ 151.375, -25.875 ], [ 151.375, -26.625 ], [ 151.875, -26.625 ], [ 151.875, -26.375 ], [ 152.875, -26.375 ], [ 152.875, -26.625 ], [ 153.125, -26.625 ], [ 153.125, -28.125 ], [ 153.375, -28.125 ], [ 153.375, -27.625 ], [ 153.625, -27.625 ], [ 153.625, -26.375 ], [ 153.375, -26.375 ], [ 153.375, -26.125 ], [ 153.625, -26.125 ], [ 153.625, -25.875 ], [ 153.375, -25.875 ], [ 153.375, -25.375 ], [ 153.125, -25.375 ], [ 153.125, -25.125 ], [ 152.875, -25.125 ], [ 152.875, -24.875 ], [ 152.625, -24.875 ], [ 152.625, -24.625 ], [ 152.375, -24.625 ], [ 152.375, -24.375 ], [ 151.625, -24.375 ], [ 151.625, -24.125 ], [ 150.875, -24.125 ] ] ] } },
{ "type": "Feature", "properties": { "cluster_id": 50, "cohesion": 8.2568702580574698, "distances": { "1": 29.8653079720263, "2": 20.69468281959015, "3": 26.00985196539106, "4": 34.40437130402242, "5": 34.41065089784395, "6": 26.99053644363023, "7": 19.068968618052576, "8": 20.13089815869373, "9": 29.433130709378805, "10": 31.584472230130572, "11": 34.82238513473769, "12": 32.04931365172925, "13": 30.22932530002847, "14": 29.917866443373217, "15": 28.65235750162445, "16": 27.503313527579188, "17": 25.549212927917637, "18": 23.225006206967162, "19": 29.405734501220408, "20": 29.628581462403464, "21": 30.40381828352354, "22": 28.703209044304227, "23": 31.586436136949597, "24": 26.111737441511067, "25": 23.986636590607766, "26": 30.819871973157216, "27": 32.11086215236897, "28": 30.56385497312934, "29": 28.28007377419743, "30": 30.80240264845533, "31": 29.703634828081444, "32": 33.099029222390776, "33": 32.30803651442352, "34": 28.78817515146148, "35": 27.730615158201953, "36": 31.47358337640697, "37": 28.77205139016713, "38": 30.028157357071976, "39": 28.55712313791203, "40": 29.789775098041673, "41": 32.03692475166996, "42": 25.739923954819112, "43": 23.982744501294764, "44": 29.395175228207965, "45": 29.760231716682124, "46": 31.850562107149035, "47": 11.881448677912209, "48": 16.246977555830494, "49": 12.826501223482975, "51": 12.444447425663457, "52": 15.828222899868894, "53": 24.107048258843886, "54": 20.09423538242328, "55": 29.859844685848252, "56": 26.816812074287864, "57": 27.35195078841207, "58": 22.465460145237167, "59": 26.428134297789633, "60": 17.298849026654832, "61": 15.24991911922896, "62": 19.86521480088573, "63": 26.816818931254247, "64": 28.061193102670487, "65": 23.55001782072541, "66": 28.76092751347397, "67": 28.12095527774001, "68": 28.81023841357982, "69": 28.488040807871748, "70": 29.222106521678207 } }, "geometry": { "type": "MultiPolygon", "coordinates": [ [ [ [ 148.375, -25.375 ], [ 148.125, -25.375 ], [ 148.125, -25.125 ], [ 148.375, -25.125 ], [ 148.375, -25.375 ] ] ], [ [ [ 147.625, -24.875 ], [ 148.125, -24.875 ], [ 148.125, -25.125 ], [ 147.625, -25.125 ], [ 147.625, -24.875 ] ] ], [ [ [ 146.375, -23.625 ], [ 146.125, -23.625 ], [ 146.125, -22.875 ], [ 146.375, -22.875 ], [ 146.375, -22.625 ], [ 146.625, -22.625 ], [ 146.625, -22.875 ], [ 146.875, -22.875 ], [ 146.875, -23.375 ], [ 147.125, -23.375 ], [ 147.125, -23.875 ], [ 147.375, -23.875 ], [ 147.375, -24.125 ], [ 147.875, -24.125 ], [ 147.875, -23.625 ], [ 149.125, -23.625 ], [ 149.125, -23.375 ], [ 149.875, -23.375 ], [ 149.875, -23.625 ], [ 150.125, -23.625 ], [ 150.125, -24.125 ], [ 150.375, -24.125 ], [ 150.375, -24.375 ], [ 150.625, -24.375 ], [ 150.625, -24.625 ], [ 151.375, -24.625 ], [ 151.375, -24.875 ], [ 151.625, -24.875 ], [ 151.625, -25.875 ], [ 151.375, -25.875 ], [ 151.375, -26.625 ], [ 151.125, -26.625 ], [ 151.125, -26.375 ], [ 149.125, -26.375 ], [ 149.125, -26.125 ], [ 148.875, -26.125 ], [ 148.875, -25.875 ], [ 149.125, -25.875 ], [ 149.125, -25.625 ], [ 148.375, -25.625 ], [ 148.375, -25.375 ], [ 149.875, -25.375 ], [ 149.875, -24.625 ], [ 148.875, -24.625 ], [ 148.875, -24.375 ], [ 148.625, -24.375 ], [ 148.625, -23.875 ], [ 148.125, -23.875 ], [ 148.125, -24.625 ], [ 147.375, -24.625 ], [ 147.375, -24.375 ], [ 146.875, -24.375 ], [ 146.875, -24.875 ], [ 147.125, -24.875 ], [ 147.125, -25.125 ], [ 146.375, -25.125 ], [ 146.375, -25.375 ], [ 146.125, -25.375 ], [ 146.125, -24.625 ], [ 145.875, -24.625 ], [ 145.875, -24.375 ], [ 145.625, -24.375 ], [ 145.625, -24.125 ], [ 146.375, -24.125 ], [ 146.375, -23.625 ] ] ], [ [ [ 145.375, -23.875 ], [ 145.625, -23.875 ], [ 145.625, -24.125 ], [ 145.375, -24.125 ], [ 145.375, -23.875 ] ] ] ] } },
{ "type": "Feature", "properties": { "cluster_id": 51, "cohesion": 8.485408749201591, "distances": { "1": 27.450286779824676, "2": 19.86981964050011, "3": 24.544436333359233, "4": 30.52450208081176, "5": 29.359349237642167, "6": 20.927348571027068, "7": 12.17710188564095, "8": 15.539635448631229, "9": 23.467846516971097, "10": 27.06968121237585, "11": 28.468531115239927, "12": 26.103664378304195, "13": 25.42473606262666, "14": 26.661612145371134, "15": 25.914561455161383, "16": 24.03356803196789, "17": 23.32300488239769, "18": 22.119436960244396, "19": 31.782589488210103, "20": 32.09828141878275, "21": 33.2766107827207, "22": 31.836241385200875, "23": 34.58892184209271, "24": 27.80514517852422, "25": 27.06042800835586, "26": 33.641692445768896, "27": 34.72499434876, "28": 32.739861002639664, "29": 27.910397716015524, "30": 31.479076161965025, "31": 29.849142083764562, "32": 34.80572971988904, "33": 33.596855795064535, "34": 30.108845182160668, "35": 30.327112275779836, "36": 33.71233087567423, "37": 28.469257475323012, "38": 32.012219340060284, "39": 29.781409808545273, "40": 32.43082392279723, "41": 33.74385680847624, "42": 27.98781335901089, "43": 25.81629214824995, "44": 29.863107071694202, "45": 30.970874033089654, "46": 33.052031653128495, "47": 14.740351788459419, "48": 18.545035102562995, "49": 16.936007998518, "50": 12.444447425663455, "52": 18.03503521697573, "53": 24.90804081902002, "54": 21.28035260614601, "55": 30.983671148866325, "56": 26.744469344168753, "57": 27.220223996772525, "58": 20.365227925092835, "59": 26.135102448465958, "60": 20.88581647435712, "61": 19.14750967610633, "62": 14.821987933511389, "63": 23.808684415130912, "64": 23.042603368494266, "65": 23.304042674603096, "66": 26.715676114675414, "67": 26.87485604334773, "68": 24.769371862418573, "69": 26.047025613127673, "70": 27.859823665359464 } }, "geometry": { "type": "MultiPolygon", "coordinates": [ [ [ [ 148.625, -23.875 ], [ 148.625, -24.375 ], [ 148.875, -24.375 ], [ 148.875, -24.625 ], [ 149.875, -24.625 ], [ 149.875, -25.375 ], [ 148.375, -25.375 ], [ 148.375, -25.125 ], [ 148.125, -25.125 ], [ 148.125, -24.875 ], [ 147.625, -24.875 ], [ 147.625, -25.125 ], [ 147.125, -25.125 ], [ 147.125, -24.875 ], [ 146.875, -24.875 ], [ 146.875, -24.375 ], [ 147.375, -24.375 ], [ 147.375, -24.625 ], [ 148.125, -24.625 ], [ 148.125, -23.875 ], [ 148.625, -23.875 ] ] ], [ [ [ 143.875, -22.375 ], [ 143.875, -23.125 ], [ 144.625, -23.125 ], [ 144.625, -23.375 ], [ 144.875, -23.375 ], [ 144.875, -23.625 ], [ 145.125, -23.625 ], [ 145.125, -23.875 ], [ 145.375, -23.875 ], [ 145.375, -24.125 ], [ 145.625, -24.125 ], [ 145.625, -24.375 ], [ 145.875, -24.375 ], [ 145.875, -24.625 ], [ 146.125, -24.625 ], [ 146.125, -25.125 ], [ 144.125, -25.125 ], [ 144.125, -24.625 ], [ 143.875, -24.625 ], [ 143.875, -24.125 ], [ 143.625, -24.125 ], [ 143.625, -23.875 ], [ 143.375, -23.875 ], [ 143.375, -23.625 ], [ 143.125, -23.625 ], [ 143.125, -23.375 ], [ 142.875, -23.375 ], [ 142.875, -23.125 ], [ 143.125, -23.125 ], [ 143.125, -22.875 ], [ 143.375, -22.875 ], [ 143.375, -22.375 ], [ 143.875, -22.375 ] ] ] ] } },
{ "type": "Feature", "properties": { "cluster_id": 52, "cohesion": 8.1378678342155606, "distances": { "1": 29.27985483333273, "2": 24.34051014696165, "3": 27.20143682661065, "4": 31.586811621610963, "5": 31.497950204185585, "6": 26.339527519249035, "7": 21.893317164424463, "8": 23.159167892058644, "9": 27.34806188934571, "10": 29.122490470239068, "11": 31.57542276963964, "12": 29.13156525903243, "13": 27.93458707898574, "14": 27.1393453834223, "15": 26.385632238656353, "16": 25.618788387193746, "17": 23.753525414085004, "18": 22.260216505957573, "19": 25.785818609363076, "20": 26.62905261807246, "21": 28.469561613067444, "22": 29.51115964131279, "23": 33.07889811635926, "24": 25.800938051698473, "25": 21.982974538647788, "26": 28.839231885892897, "27": 32.880327708659934, "28": 29.646176815888847, "29": 26.154041653279034, "30": 30.65245705790645, "31": 28.9897252293049, "32": 34.546022412771265, "33": 33.10062128253775, "34": 29.56223761941926, "35": 29.86208476907819, "36": 33.77458956807212, "37": 28.821450263226524, "38": 31.491557137636217, "39": 29.596064816498515, "40": 32.402299502032804, "41": 33.42417676844418, "42": 26.39546840461886, "43": 24.609603791850827, "44": 29.29932961225925, "45": 30.103319310486462, "46": 32.39944880474689, "47": 20.33487227418774, "48": 21.603245993950047, "49": 11.747838578593793, "50": 15.828222899868894, "51": 18.03503521697573, "53": 15.156906470630355, "54": 13.446008163497458, "55": 24.6797958360684, "56": 22.120283175390004, "57": 19.751521127390426, "58": 22.80114742081877, "59": 26.858096102104955, "60": 13.292457462157511, "61": 19.071179379895042, "62": 21.585254655708926, "63": 26.25853181819506, "64": 26.456788595907835, "65": 22.49829771315238, "66": 26.147911028287652, "67": 26.85910348482988, "68": 27.057234739157767, "69": 27.357771595883055, "70": 27.94808293215547 } }, "geometry": { "type": "MultiPolygon", "coordinates": [ [ [ [ 152.875, -31.125 ], [ 152.625, -31.125 ], [ 152.625, -30.875 ], [ 152.875, -30.875 ], [ 152.875, -31.125 ] ] ], [ [ [ 151.625, -30.125 ], [ 151.375, -30.125 ], [ 151.375, -29.875 ], [ 151.625, -29.875 ], [ 151.625, -30.125 ] ] ], [ [ [ 151.625, -29.875 ], [ 151.625, -29.375 ], [ 151.875, -29.375 ], [ 151.875, -29.875 ], [ 151.625, -29.875 ] ] ], [ [ [ 151.625, -26.875 ], [ 151.625, -26.625 ], [ 151.875, -26.625 ], [ 151.875, -26.375 ], [ 152.875, -26.375 ], [ 152.875, -26.625 ], [ 153.125, -26.625 ], [ 153.125, -28.125 ], [ 153.375, -28.125 ], [ 153.375, -27.625 ], [ 153.875, -27.625 ], [ 153.875, -29.125 ], [ 153.625, -29.125 ], [ 153.625, -30.125 ], [ 153.125, -30.125 ], [ 153.125, -30.375 ], [ 152.625, -30.375 ], [ 152.625, -29.625 ], [ 152.875, -29.625 ], [ 152.875, -29.125 ], [ 153.125, -29.125 ], [ 153.125, -28.875 ], [ 153.375, -28.875 ], [ 153.375, -28.375 ], [ 152.375, -28.375 ], [ 152.375, -28.625 ], [ 152.125, -28.625 ], [ 152.125, -29.375 ], [ 151.875, -29.375 ], [ 151.875, -26.875 ], [ 151.625, -26.875 ] ] ] ] } },
{ "type": "Feature", "properties": { "cluster_id": 53, "cohesion": 8.0601699304175671, "distances": { "1": 30.08883666295154, "2": 28.872058655678753, "3": 29.23559072672791, "4": 31.461418637620792, "5": 31.319271984419675, "6": 28.994226761332644, "7": 27.3305788807245, "8": 27.862106424875325, "9": 28.819182047266636, "10": 28.45915394666597, "11": 31.910703788850366, "12": 29.587193316650712, "13": 27.24021358844952, "14": 25.330602213242834, "15": 27.849813044441476, "16": 26.40158971736005, "17": 24.115147972427476, "18": 25.598554390709214, "19": 21.246422848418362, "20": 22.97841805660586, "21": 25.813909891772198, "22": 30.9336792101134, "23": 34.89146676499482, "24": 28.64052221758372, "25": 22.581808245337935, "26": 26.353361203443477, "27": 33.989661005510975, "28": 30.26825187530719, "29": 28.874648069195164, "30": 35.378703164481124, "31": 33.219493431085304, "32": 39.38535502991729, "33": 37.47773991238125, "34": 34.49122272026112, "35": 34.314020090455486, "36": 38.912644708894554, "37": 32.095004656959375, "38": 34.39213225553388, "39": 33.19017747899553, "40": 36.6316626492251, "41": 37.66563118652289, "42": 30.31146588668665, "43": 27.13370688210831, "44": 31.106701557571995, "45": 34.003960033348164, "46": 35.337296001754275, "47": 27.12502394520473, "48": 28.18311547511646, "49": 21.36752557937724, "50": 24.107048258843886, "51": 24.90804081902002, "52": 15.156906470630355, "54": 12.57916033241242, "55": 17.766469484810035, "56": 19.03460457102033, "57": 11.585574647948784, "58": 28.605939980413638, "59": 31.393165545307355, "60": 18.606148656105425, "61": 25.36657149473743, "62": 27.402603258139642, "63": 30.219280559314818, "64": 29.41203227475053, "65": 23.383223089089753, "66": 24.32730594572901, "67": 26.64792829708878, "68": 27.526645583768154, "69": 28.906870918370643, "70": 28.286650555389517 } }, "geometry": { "type": "MultiPolygon", "coordinates": [ [ [ [ 149.375, -36.625 ], [ 149.375, -36.875 ], [ 149.125, -36.875 ], [ 149.125, -37.375 ], [ 148.875, -37.375 ], [ 148.875, -37.625 ], [ 148.625, -37.625 ], [ 148.625, -36.625 ], [ 149.125, -36.625 ], [ 149.125, -36.375 ], [ 149.625, -36.375 ], [ 149.625, -36.625 ], [ 149.375, -36.625 ] ] ], [ [ [ 149.625, -36.125 ], [ 149.875, -36.125 ], [ 149.875, -35.875 ], [ 150.125, -35.875 ], [ 150.125, -36.375 ], [ 149.625, -36.375 ], [ 149.625, -36.125 ] ] ], [ [ [ 150.375, -35.875 ], [ 150.125, -35.875 ], [ 150.125, -35.625 ], [ 150.375, -35.625 ], [ 150.375, -35.875 ] ] ], [ [ [ 148.375, -35.625 ], [ 148.375, -35.375 ], [ 148.625, -35.375 ], [ 148.625, -35.625 ], [ 148.375, -35.625 ] ] ], [ [ [ 148.625, -35.125 ], [ 148.875, -35.125 ], [ 148.875, -35.375 ], [ 148.625, -35.375 ], [ 148.625, -35.125 ] ] ], [ [ [ 149.125, -34.625 ], [ 149.375, -34.625 ], [ 149.375, -33.125 ], [ 149.625, -33.125 ], [ 149.625, -32.625 ], [ 150.875, -32.625 ], [ 150.875, -32.125 ], [ 151.125, -32.125 ], [ 151.125, -31.625 ], [ 151.375, -31.625 ], [ 151.375, -31.375 ], [ 151.625, -31.375 ], [ 151.625, -30.625 ], [ 151.875, -30.625 ], [ 151.875, -30.125 ], [ 151.625, -30.125 ], [ 151.625, -29.875 ], [ 151.875, -29.875 ], [ 151.875, -29.375 ], [ 152.125, -29.375 ], [ 152.125, -28.625 ], [ 152.375, -28.625 ], [ 152.375, -29.125 ], [ 152.625, -29.125 ], [ 152.625, -30.375 ], [ 152.875, -30.375 ], [ 152.875, -30.875 ], [ 152.625, -30.875 ], [ 152.625, -31.625 ], [ 152.375, -31.625 ], [ 152.375, -31.875 ], [ 152.125, -31.875 ], [ 152.125, -32.375 ], [ 151.875, -32.375 ], [ 151.875, -32.125 ], [ 151.375, -32.125 ], [ 151.375, -32.625 ], [ 151.875, -32.625 ], [ 151.875, -32.875 ], [ 151.375, -32.875 ], [ 151.375, -33.375 ], [ 151.125, -33.375 ], [ 151.125, -33.625 ], [ 150.875, -33.625 ], [ 150.875, -34.125 ], [ 150.625, -34.125 ], [ 150.625, -33.875 ], [ 150.375, -33.875 ], [ 150.375, -33.625 ], [ 150.625, -33.625 ], [ 150.625, -33.125 ], [ 150.375, -33.125 ], [ 150.375, -33.375 ], [ 150.125, -33.375 ], [ 150.125, -33.625 ], [ 149.875, -33.625 ], [ 149.875, -34.125 ], [ 149.625, -34.125 ], [ 149.625, -34.875 ], [ 149.375, -34.875 ], [ 149.375, -35.125 ], [ 148.875, -35.125 ], [ 148.875, -34.875 ], [ 149.125, -34.875 ], [ 149.125, -34.625 ] ] ] ] } },
{ "type": "Feature", "properties": { "cluster_id": 54, "cohesion": 10.424271485874522, "distances": { "1": 31.285651681445646, "2": 26.87925747617313, "3": 28.987399630888792, "4": 33.82256755466288, "5": 33.35341986230653, "6": 28.941800362372433, "7": 24.51522789402826, "8": 26.436387620512022, "9": 27.15789838902976, "10": 29.267551533259958, "11": 32.90418123380667, "12": 29.443493926500967, "13": 26.836532913890167, "14": 25.65846719144519, "15": 28.34639038427622, "16": 26.537968434465817, "17": 22.967296252367856, "18": 22.869951476881983, "19": 20.081509960981812, "20": 23.87982473538244, "21": 24.80825836143459, "22": 27.634395882492683, "23": 30.277627725802184, "24": 22.757439053885072, "25": 18.338865357843524, "26": 23.66461009332491, "27": 28.893306136817383, "28": 25.170079596042854, "29": 27.092662740645547, "30": 30.904364888775778, "31": 29.842414884689784, "32": 34.22738751926942, "33": 31.96821096675724, "34": 30.083423858717534, "35": 29.46387295733574, "36": 32.90308632427216, "37": 25.84785437017096, "38": 28.13969855399374, "39": 26.59976408570577, "40": 30.647253984926778, "41": 31.3966743458301, "42": 24.80724043459141, "43": 22.694804095856995, "44": 26.230895822856223, "45": 28.538441965946003, "46": 29.44429370987045, "47": 22.67783816971541, "48": 24.761782316983286, "49": 18.769042248793983, "50": 20.09423538242328, "51": 21.28035260614601, "52": 13.446008163497458, "53": 12.579160332412421, "55": 21.18589357661058, "56": 19.892662844992334, "57": 16.169779153670078, "58": 22.72019574831172, "59": 24.850072586865522, "60": 14.443698872291327, "61": 19.729635338455978, "62": 22.66787431749536, "63": 24.581679861973676, "64": 25.59988927941431, "65": 20.428621741209124, "66": 23.30071306928555, "67": 23.45855653369447, "68": 24.685265825762965, "69": 24.07345047613569, "70": 24.125924633671303 } }, "geometry": { "type": "MultiPolygon", "coordinates": [ [ [ [ 150.375, -37.375 ], [ 150.125, -37.375 ], [ 150.125, -37.625 ], [ 149.875, -37.625 ], [ 149.875, -37.875 ], [ 149.625, -37.875 ], [ 149.625, -38.125 ], [ 148.625, -38.125 ], [ 148.625, -37.875 ], [ 148.875, -37.875 ], [ 148.875, -37.625 ], [ 149.375, -37.625 ], [ 149.375, -37.375 ], [ 149.625, -37.375 ], [ 149.625, -36.875 ], [ 149.875, -36.875 ], [ 149.875, -36.375 ], [ 150.125, -36.375 ], [ 150.125, -35.875 ], [ 150.375, -35.875 ], [ 150.375, -35.375 ], [ 150.625, -35.375 ], [ 150.625, -36.375 ], [ 150.375, -36.375 ], [ 150.375, -37.375 ] ] ], [ [ [ 150.875, -35.375 ], [ 150.625, -35.375 ], [ 150.625, -35.125 ], [ 150.875, -35.125 ], [ 150.875, -35.375 ] ] ], [ [ [ 149.125, -34.875 ], [ 148.875, -34.875 ], [ 148.875, -35.125 ], [ 148.625, -35.125 ], [ 148.625, -35.375 ], [ 148.125, -35.375 ], [ 148.125, -35.125 ], [ 147.875, -35.125 ], [ 147.875, -34.875 ], [ 148.625, -34.875 ], [ 148.625, -34.625 ], [ 148.875, -34.625 ], [ 148.875, -34.375 ], [ 149.125, -34.375 ], [ 149.125, -33.375 ], [ 148.875, -33.375 ], [ 148.875, -33.125 ], [ 149.375, -33.125 ], [ 149.375, -34.625 ], [ 149.125, -34.625 ], [ 149.125, -34.875 ] ] ], [ [ [ 149.625, -33.125 ], [ 149.375, -33.125 ], [ 149.375, -32.875 ], [ 149.625, -32.875 ], [ 149.625, -33.125 ] ] ], [ [ [ 153.125, -31.375 ], [ 153.125, -31.875 ], [ 152.875, -31.875 ], [ 152.875, -32.375 ], [ 152.625, -32.375 ], [ 152.625, -32.625 ], [ 152.375, -32.625 ], [ 152.375, -32.875 ], [ 152.125, -32.875 ], [ 152.125, -33.125 ], [ 151.875, -33.125 ], [ 151.875, -33.375 ], [ 151.625, -33.375 ], [ 151.625, -34.125 ], [ 151.375, -34.125 ], [ 151.375, -34.375 ], [ 151.125, -34.375 ], [ 151.125, -35.125 ], [ 150.875, -35.125 ], [ 150.875, -33.625 ], [ 151.125, -33.625 ], [ 151.125, -33.375 ], [ 151.375, -33.375 ], [ 151.375, -32.875 ], [ 151.875, -32.875 ], [ 151.875, -32.375 ], [ 152.125, -32.375 ], [ 152.125, -31.875 ], [ 152.375, -31.875 ], [ 152.375, -31.625 ], [ 152.625, -31.625 ], [ 152.625, -31.125 ], [ 152.875, -31.125 ], [ 152.875, -30.375 ], [ 153.125, -30.375 ], [ 153.125, -30.125 ], [ 153.375, -30.125 ], [ 153.375, -31.375 ], [ 153.125, -31.375 ] ] ], [ [ [ 151.125, -31.625 ], [ 151.125, -32.125 ], [ 150.875, -32.125 ], [ 150.875, -32.625 ], [ 149.625, -32.625 ], [ 149.625, -32.375 ], [ 149.875, -32.375 ], [ 149.875, -31.875 ], [ 150.625, -31.875 ], [ 150.625, -31.625 ], [ 150.875, -31.625 ], [ 150.875, -31.375 ], [ 151.375, -31.375 ], [ 151.375, -31.625 ], [ 151.125, -31.625 ] ] ], [ [ [ 151.375, -30.625 ], [ 151.625, -30.625 ], [ 151.625, -31.375 ], [ 151.375, -31.375 ], [ 151.375, -30.625 ] ] ], [ [ [ 151.625, -30.125 ], [ 151.875, -30.125 ], [ 151.875, -30.625 ], [ 151.625, -30.625 ], [ 151.625, -30.125 ] ] ], [ [ [ 153.125, -29.125 ], [ 152.875, -29.125 ], [ 152.875, -29.625 ], [ 152.625, -29.625 ], [ 152.625, -29.125 ], [ 152.375, -29.125 ], [ 152.375, -28.375 ], [ 153.375, -28.375 ], [ 153.375, -28.875 ], [ 153.125, -28.875 ], [ 153.125, -29.125 ] ] ] ] } },
{ "type": "Feature", "properties": { "cluster_id": 55, "cohesion": 8.467567179143936, "distances": { "1": 28.456836209683093, "2": 28.822362797228315, "3": 27.083008111768052, "4": 34.08595829155131, "5": 36.32309733894967, "6": 34.742020234556584, "7": 33.2212750021721, "8": 31.24356835138399, "9": 35.94335054138228, "10": 33.20327389448038, "11": 38.706391934648046, "12": 36.51815637239467, "13": 32.66607297585373, "14": 28.727541223602543, "15": 30.212618379105436, "16": 29.99974965678876, "17": 27.666480945067644, "18": 28.803920285578666, "19": 18.047148669543112, "20": 12.645548270390204, "21": 18.35664421995313, "22": 25.817565041874232, "23": 31.138720384454846, "24": 32.82748451679253, "25": 27.223814001491856, "26": 23.389153429986944, "27": 32.023413582455014, "28": 30.94309233103692, "29": 28.56603404399885, "30": 37.22091572491462, "31": 33.94561245513801, "32": 39.40859333110536, "33": 39.13801741980611, "34": 34.19183301599686, "35": 32.30913049945157, "36": 38.86009684084004, "37": 35.89745446831007, "38": 35.18556409228621, "39": 35.89165131447791, "40": 35.81796666628157, "41": 38.94812387494432, "42": 32.67893047282163, "43": 27.5951790274934, "44": 32.9663770966124, "45": 36.53313994247773, "46": 37.144858537303136, "47": 29.7311173832621, "48": 29.027906759792714, "49": 27.397055564131197, "50": 29.859844685848252, "51": 30.983671148866325, "52": 24.6797958360684, "53": 17.766469484810035, "54": 21.185893576610578, "56": 14.35211834124479, "57": 14.098429416758472, "58": 34.97341729132643, "59": 36.15052115875365, "60": 27.476077170771617, "61": 30.85158483973304, "62": 33.9867189919843, "63": 36.56155509544458, "64": 36.75463392692573, "65": 24.5461576936749, "66": 26.52664992121202, "67": 29.00113205477247, "68": 33.24001061730407, "69": 34.06833714531741, "70": 31.259501266665456 } }, "geometry": { "type": "Polygon", "coordinates": [ [ [ 149.125, -35.375 ], [ 149.125, -35.625 ], [ 148.375, -35.625 ], [ 148.375, -36.375 ], [ 148.125, -36.375 ], [ 148.125, -36.625 ], [ 147.625, -36.625 ], [ 147.625, -36.875 ], [ 146.875, -36.875 ], [ 146.875, -37.125 ], [ 146.375, -37.125 ], [ 146.375, -37.375 ], [ 146.125, -37.375 ], [ 146.125, -37.625 ], [ 144.875, -37.625 ], [ 144.875, -37.375 ], [ 144.125, -37.375 ], [ 144.125, -37.625 ], [ 142.125, -37.625 ], [ 142.125, -37.875 ], [ 141.625, -37.875 ], [ 141.625, -38.125 ], [ 140.625, -38.125 ], [ 140.625, -38.375 ], [ 141.125, -38.375 ], [ 141.125, -38.625 ], [ 142.625, -38.625 ], [ 142.625, -38.875 ], [ 143.125, -38.875 ], [ 143.125, -39.125 ], [ 143.875, -39.125 ], [ 143.875, -38.875 ], [ 144.125, -38.875 ], [ 144.125, -38.625 ], [ 144.375, -38.625 ], [ 144.375, -38.375 ], [ 145.125, -38.375 ], [ 145.125, -38.625 ], [ 145.375, -38.625 ], [ 145.375, -38.875 ], [ 146.375, -38.875 ], [ 146.375, -38.625 ], [ 145.625, -38.625 ], [ 145.625, -38.375 ], [ 145.875, -38.375 ], [ 145.875, -38.125 ], [ 146.125, -38.125 ], [ 146.125, -37.875 ], [ 147.125, -37.875 ], [ 147.125, -37.625 ], [ 148.625, -37.625 ], [ 148.625, -36.625 ], [ 148.875, -36.625 ], [ 148.875, -36.375 ], [ 149.375, -36.375 ], [ 149.375, -35.875 ], [ 149.625, -35.875 ], [ 149.625, -35.375 ], [ 149.125, -35.375 ] ] ] } },
{ "type": "Feature", "properties": { "cluster_id": 56, "cohesion": 6.8898779192984287, "distances": { "1": 24.777229904039437, "2": 24.15116510734599, "3": 23.10989826900697, "4": 30.65339929147799, "5": 32.71227550240978, "6": 29.817856472114055, "7": 28.017896383008747, "8": 26.362434004422525, "9": 31.077956868651967, "10": 30.301327264181296, "11": 34.03414161660487, "12": 31.970114346530277, "13": 29.4626510188728, "14": 26.712118789946736, "15": 25.967904744603626, "16": 26.522242620480885, "17": 24.84761701404605, "18": 24.01173400490525, "19": 22.368957300303272, "20": 18.98783203485686, "21": 23.413231320190278, "22": 26.6982625570379, "23": 30.93439249599289, "24": 31.833302169295578, "25": 28.585336095054387, "26": 27.172253360952936, "27": 31.87343841592519, "28": 31.314018259526065, "29": 23.537129207339987, "30": 30.570488074093568, "31": 27.871470114263797, "32": 34.10789120847117, "33": 33.52596648315291, "34": 29.3543249579886, "35": 29.425175137199293, "36": 34.43656756101567, "37": 31.46547533715789, "38": 32.79472564232416, "39": 32.93369202896878, "40": 32.72416057387652, "41": 34.371580313334746, "42": 28.57060925396909, "43": 24.961793383987384, "44": 29.286456637073034, "45": 31.280854801108465, "46": 32.87921949351532, "47": 26.41739842503318, "48": 24.836121606311092, "49": 23.762762970705346, "50": 26.816812074287864, "51": 26.74446934416875, "52": 22.120283175390004, "53": 19.034604571020335, "54": 19.892662844992334, "55": 14.352118341244793, "57": 14.710511629105929, "58": 30.17741361951004, "59": 32.06803043124214, "60": 26.40436329839041, "61": 28.881303394153118, "62": 28.94033770105104, "63": 31.340278436089914, "64": 31.28902399862061, "65": 21.730803819793156, "66": 24.610861764400102, "67": 26.509034000061998, "68": 29.49290691255366, "69": 30.00051375794148, "70": 28.11164109968001 } }, "geometry": { "type": "Polygon", "coordinates": [ [ [ 144.875, -40.375 ], [ 144.875, -40.625 ], [ 144.625, -40.625 ], [ 144.625, -40.875 ], [ 144.375, -40.875 ], [ 144.375, -41.375 ], [ 144.625, -41.375 ], [ 144.625, -41.875 ], [ 144.875, -41.875 ], [ 144.875, -42.125 ], [ 145.125, -42.125 ], [ 145.125, -42.375 ], [ 144.875, -42.375 ], [ 144.875, -42.625 ], [ 145.125, -42.625 ], [ 145.125, -42.875 ], [ 145.375, -42.875 ], [ 145.375, -43.125 ], [ 145.625, -43.125 ], [ 145.625, -43.375 ], [ 145.875, -43.375 ], [ 145.875, -43.625 ], [ 147.125, -43.625 ], [ 147.125, -43.375 ], [ 147.375, -43.375 ], [ 147.375, -43.125 ], [ 147.875, -43.125 ], [ 147.875, -42.875 ], [ 148.125, -42.875 ], [ 148.125, -42.625 ], [ 148.375, -42.625 ], [ 148.375, -42.125 ], [ 148.625, -42.125 ], [ 148.625, -40.875 ], [ 148.375, -40.875 ], [ 148.375, -40.625 ], [ 148.125, -40.625 ], [ 148.125, -40.375 ], [ 147.875, -40.375 ], [ 147.875, -40.625 ], [ 146.625, -40.625 ], [ 146.625, -40.875 ], [ 146.125, -40.875 ], [ 146.125, -40.625 ], [ 145.125, -40.625 ], [ 145.125, -40.375 ], [ 144.875, -40.375 ] ] ] } },
{ "type": "Feature", "properties": { "cluster_id": 57, "cohesion": 8.7801626880048129, "distances": { "1": 27.935062691255126, "2": 28.433195638467247, "3": 27.552917546651575, "4": 29.760571667132766, "5": 30.30474689445778, "6": 28.97028565541585, "7": 28.55146415119182, "8": 28.01379580440682, "9": 29.161332002902604, "10": 27.53247764461429, "11": 31.39721073424373, "12": 29.362276298359884, "13": 26.651887399459405, "14": 24.081412491655577, "15": 26.57141179953235, "16": 25.59187993033002, "17": 23.60020839806448, "18": 25.428541437826127, "19": 21.576445813560067, "20": 21.369080806015404, "21": 25.406987776841945, "22": 31.08840949049775, "23": 35.2138931370366, "24": 31.973181547424517, "25": 26.646907824624552, "26": 27.38298905609825, "27": 34.8204390747559, "28": 32.21925824208541, "29": 27.965983217933704, "30": 35.24413034499658, "31": 32.78152162061497, "32": 39.40333359949481, "33": 37.6724716075089, "34": 34.67056801238163, "35": 34.79094443471501, "36": 39.544099981686585, "37": 33.13675948716938, "38": 35.70546671604889, "39": 35.15434224432813, "40": 37.412746889809036, "41": 38.29907097901864, "42": 31.1923768860137, "43": 27.51937536788488, "44": 31.05659395713616, "45": 34.36198125776668, "46": 35.72121417188326, "47": 29.008258355937475, "48": 29.02332920529737, "49": 24.567277879770515, "50": 27.35195078841207, "51": 27.220223996772525, "52": 19.751521127390426, "53": 11.585574647948784, "54": 16.169779153670078, "55": 14.098429416758472, "56": 14.71051162910593, "58": 31.351036427813153, "59": 33.74153970168704, "60": 24.14690955163937, "61": 29.34887045199965, "62": 29.6155406045787, "63": 31.93274725236553, "64": 30.520249132073754, "65": 22.995422728332578, "66": 23.128547981027474, "67": 26.19717469000793, "68": 27.670906218459166, "69": 29.550411031245808, "70": 28.135385459222682 } }, "geometry": { "type": "MultiPolygon", "coordinates": [ [ [ [ 148.625, -37.875 ], [ 148.625, -38.125 ], [ 148.125, -38.125 ], [ 148.125, -38.375 ], [ 147.375, -38.375 ], [ 147.375, -38.625 ], [ 147.125, -38.625 ], [ 147.125, -38.875 ], [ 146.625, -38.875 ], [ 146.625, -39.125 ], [ 145.875, -39.125 ], [ 145.875, -38.875 ], [ 146.375, -38.875 ], [ 146.375, -38.625 ], [ 145.625, -38.625 ], [ 145.625, -38.375 ], [ 145.875, -38.375 ], [ 145.875, -38.125 ], [ 146.125, -38.125 ], [ 146.125, -37.875 ], [ 147.125, -37.875 ], [ 147.125, -37.625 ], [ 148.875, -37.625 ], [ 148.875, -37.875 ], [ 148.625, -37.875 ] ] ], [ [ [ 149.125, -37.375 ], [ 149.125, -36.875 ], [ 149.375, -36.875 ], [ 149.375, -36.625 ], [ 149.625, -36.625 ], [ 149.625, -36.375 ], [ 149.875, -36.375 ], [ 149.875, -36.875 ], [ 149.625, -36.875 ], [ 149.625, -37.375 ], [ 149.375, -37.375 ], [ 149.375, -37.625 ], [ 148.875, -37.625 ], [ 148.875, -37.375 ], [ 149.125, -37.375 ] ] ], [ [ [ 150.625, -33.625 ], [ 150.375, -33.625 ], [ 150.375, -33.875 ], [ 150.625, -33.875 ], [ 150.625, -34.125 ], [ 150.875, -34.125 ], [ 150.875, -35.125 ], [ 150.625, -35.125 ], [ 150.625, -35.375 ], [ 150.375, -35.375 ], [ 150.375, -35.625 ], [ 150.125, -35.625 ], [ 150.125, -35.875 ], [ 149.875, -35.875 ], [ 149.875, -36.125 ], [ 149.625, -36.125 ], [ 149.625, -36.375 ], [ 149.375, -36.375 ], [ 149.375, -35.875 ], [ 149.625, -35.875 ], [ 149.625, -35.375 ], [ 149.125, -35.375 ], [ 149.125, -35.625 ], [ 148.625, -35.625 ], [ 148.625, -35.375 ], [ 148.875, -35.375 ], [ 148.875, -35.125 ], [ 149.375, -35.125 ], [ 149.375, -34.875 ], [ 149.625, -34.875 ], [ 149.625, -34.125 ], [ 149.875, -34.125 ], [ 149.875, -33.625 ], [ 150.125, -33.625 ], [ 150.125, -33.375 ], [ 150.375, -33.375 ], [ 150.375, -33.125 ], [ 150.625, -33.125 ], [ 150.625, -33.625 ] ] ], [ [ [ 151.875, -32.625 ], [ 151.375, -32.625 ], [ 151.375, -32.125 ], [ 151.875, -32.125 ], [ 151.875, -32.625 ] ] ] ] } },
{ "type": "Feature", "properties": { "cluster_id": 58, "cohesion": 6.0394918107731366, "distances": { "1": 37.11346388654352, "2": 29.963549642600107, "3": 33.69882320684024, "4": 41.210894934010064, "5": 39.50791616324706, "6": 31.023426307792683, "7": 22.035026746011532, "8": 28.626462295414036, "9": 25.399267013610636, "10": 35.053011704221774, "11": 35.22276156422871, "12": 30.72268360573682, "13": 30.19232372062231, "14": 32.4803082482793, "15": 35.06429473361748, "16": 32.82169605161988, "17": 29.731477990632218, "18": 28.071312732090398, "19": 29.920219857596805, "20": 34.96267259339276, "21": 33.486045924999026, "22": 31.813863759666475, "23": 31.73567846553023, "24": 17.068210340048545, "25": 22.227042174137587, "26": 30.106163715731313, "27": 29.06165793459607, "28": 24.433290635490895, "29": 31.937846219088637, "30": 32.15182007022885, "31": 32.13135014645838, "32": 33.98983633612379, "33": 31.550979466442097, "34": 30.643356911602506, "35": 29.918020334559742, "36": 30.47822762858614, "37": 20.536565947261288, "38": 24.218880114407767, "39": 18.815292216451667, "40": 28.52703877406814, "41": 28.788927796840497, "42": 26.34534391018877, "43": 26.14264475422572, "44": 28.031581093936182, "45": 29.236432116278984, "46": 28.271354346309955, "47": 23.579534025112594, "48": 27.010831795247164, "49": 24.63000725400944, "50": 22.465460145237167, "51": 20.365227925092835, "52": 22.80114742081877, "53": 28.605939980413638, "54": 22.72019574831172, "55": 34.97341729132643, "56": 30.17741361951004, "57": 31.351036427813153, "59": 12.143001985526247, "60": 19.971810273012803, "61": 17.86290417632117, "62": 11.909471328477984, "63": 11.938702851037998, "64": 18.23331123764339, "65": 26.108787250485207, "66": 29.82976929818293, "67": 27.30144225325343, "68": 24.31761329212038, "69": 21.024099572367284, "70": 25.239922983069224 } }, "geometry": { "type": "Polygon", "coordinates": [ [ [ 139.875, -24.625 ], [ 139.875, -25.125 ], [ 140.125, -25.125 ], [ 140.125, -25.375 ], [ 140.375, -25.375 ], [ 140.375, -25.625 ], [ 140.125, -25.625 ], [ 140.125, -26.125 ], [ 140.375, -26.125 ], [ 140.375, -26.375 ], [ 141.375, -26.375 ], [ 141.375, -26.625 ], [ 141.625, -26.625 ], [ 141.625, -26.875 ], [ 142.375, -26.875 ], [ 142.375, -27.125 ], [ 143.375, -27.125 ], [ 143.375, -27.375 ], [ 144.125, -27.375 ], [ 144.125, -27.875 ], [ 144.625, -27.875 ], [ 144.625, -27.375 ], [ 145.125, -27.375 ], [ 145.125, -26.875 ], [ 144.375, -26.875 ], [ 144.375, -26.625 ], [ 143.875, -26.625 ], [ 143.875, -26.375 ], [ 143.625, -26.375 ], [ 143.625, -26.125 ], [ 143.125, -26.125 ], [ 143.125, -26.375 ], [ 142.625, -26.375 ], [ 142.625, -26.125 ], [ 142.375, -26.125 ], [ 142.375, -25.625 ], [ 142.125, -25.625 ], [ 142.125, -25.375 ], [ 141.875, -25.375 ], [ 141.875, -25.625 ], [ 141.625, -25.625 ], [ 141.625, -25.375 ], [ 141.375, -25.375 ], [ 141.375, -25.125 ], [ 140.875, -25.125 ], [ 140.875, -24.875 ], [ 140.625, -24.875 ], [ 140.625, -24.625 ], [ 139.875, -24.625 ] ] ] } },
{ "type": "Feature", "properties": { "cluster_id": 59, "cohesion": 8.1552971865868518, "distances": { "1": 41.57343094644793, "2": 33.732120488725734, "3": 37.48601053701755, "4": 46.2691514352099, "5": 44.954355684423966, "6": 37.24103510742397, "7": 28.425236352570128, "8": 34.02691269455352, "9": 30.37784320713814, "10": 39.2215636741849, "11": 41.222630468897, "12": 35.88681923914714, "13": 33.88239396678985, "14": 35.30915897392082, "15": 39.06715946553969, "16": 36.71817228043087, "17": 32.14748982017888, "18": 30.15559356570207, "19": 28.04351626757362, "20": 34.85430811890247, "21": 31.723102889259394, "22": 29.468318956407394, "23": 27.29826853364624, "24": 13.670312189610499, "25": 21.34292356033274, "26": 26.884315671963833, "27": 23.153780193921495, "28": 18.86218213164498, "29": 33.68965907559181, "30": 31.811287981851645, "31": 32.85196602885015, "32": 31.841787337728118, "33": 29.102232856097135, "34": 30.12403770362511, "35": 27.899294903708736, "36": 26.945921733666673, "37": 16.28910272766131, "38": 17.53665660915475, "39": 11.576244916193808, "40": 23.943231828670758, "41": 24.35827179134661, "42": 24.520350539586143, "43": 25.192619109407683, "44": 25.61114166398888, "45": 27.127054141217393, "46": 24.04942302314827, "47": 26.27196795393997, "48": 29.990324090104256, "49": 28.828067732680125, "50": 26.42813429778963, "51": 26.135102448465954, "52": 26.858096102104955, "53": 31.39316554530735, "54": 24.850072586865522, "55": 36.15052115875365, "56": 32.06803043124214, "57": 33.741539701687046, "58": 12.143001985526247, "60": 22.60317140579001, "61": 19.873488565008454, "62": 19.26789303982779, "63": 13.400142434513738, "64": 22.195335820405468, "65": 26.81326309389417, "66": 31.081200937269916, "67": 26.884634745767393, "68": 26.3108694929359, "69": 20.14181865753477, "70": 23.75890932859317 } }, "geometry": { "type": "MultiPolygon", "coordinates": [ [ [ [ 135.875, -23.375 ], [ 135.875, -23.625 ], [ 136.375, -23.625 ], [ 136.375, -23.875 ], [ 136.625, -23.875 ], [ 136.625, -24.125 ], [ 137.125, -24.125 ], [ 137.125, -24.375 ], [ 137.375, -24.375 ], [ 137.375, -24.625 ], [ 137.875, -24.625 ], [ 137.875, -24.875 ], [ 138.625, -24.875 ], [ 138.625, -25.125 ], [ 138.875, -25.125 ], [ 138.875, -25.375 ], [ 139.625, -25.375 ], [ 139.625, -25.875 ], [ 140.125, -25.875 ], [ 140.125, -26.125 ], [ 140.375, -26.125 ], [ 140.375, -26.375 ], [ 141.375, -26.375 ], [ 141.375, -26.625 ], [ 141.625, -26.625 ], [ 141.625, -26.875 ], [ 142.375, -26.875 ], [ 142.375, -27.125 ], [ 143.375, -27.125 ], [ 143.375, -27.375 ], [ 144.125, -27.375 ], [ 144.125, -27.875 ], [ 144.625, -27.875 ], [ 144.625, -28.375 ], [ 144.375, -28.375 ], [ 144.375, -28.625 ], [ 143.625, -28.625 ], [ 143.625, -28.875 ], [ 143.375, -28.875 ], [ 143.375, -28.625 ], [ 143.125, -28.625 ], [ 143.125, -28.125 ], [ 142.625, -28.125 ], [ 142.625, -28.375 ], [ 142.125, -28.375 ], [ 142.125, -28.625 ], [ 141.625, -28.625 ], [ 141.625, -28.375 ], [ 140.375, -28.375 ], [ 140.375, -27.625 ], [ 140.125, -27.625 ], [ 140.125, -27.375 ], [ 139.875, -27.375 ], [ 139.875, -27.125 ], [ 139.375, -27.125 ], [ 139.375, -27.375 ], [ 138.625, -27.375 ], [ 138.625, -27.125 ], [ 138.375, -27.125 ], [ 138.375, -27.375 ], [ 137.875, -27.375 ], [ 137.875, -27.125 ], [ 137.625, -27.125 ], [ 137.625, -26.875 ], [ 137.375, -26.875 ], [ 137.375, -26.625 ], [ 137.125, -26.625 ], [ 137.125, -26.125 ], [ 136.875, -26.125 ], [ 136.875, -25.875 ], [ 136.625, -25.875 ], [ 136.625, -25.625 ], [ 136.125, -25.625 ], [ 136.125, -25.375 ], [ 135.875, -25.375 ], [ 135.875, -25.125 ], [ 135.625, -25.125 ], [ 135.625, -24.875 ], [ 134.625, -24.875 ], [ 134.625, -24.625 ], [ 134.375, -24.625 ], [ 134.375, -24.375 ], [ 134.125, -24.375 ], [ 134.125, -24.125 ], [ 134.375, -24.125 ], [ 134.375, -23.875 ], [ 134.625, -23.875 ], [ 134.625, -23.625 ], [ 134.375, -23.625 ], [ 134.375, -23.375 ], [ 135.875, -23.375 ] ] ], [ [ [ 133.875, -23.625 ], [ 133.875, -23.875 ], [ 133.625, -23.875 ], [ 133.625, -23.625 ], [ 133.875, -23.625 ] ] ] ] } },
{ "type": "Feature", "properties": { "cluster_id": 60, "cohesion": 8.0389811992048568, "distances": { "1": 35.74154017752372, "2": 28.895138272525767, "3": 32.55921288976688, "4": 39.49300709325066, "5": 39.041748335841824, "6": 32.94086535014202, "7": 26.110897287591605, "8": 29.029952575026847, "9": 31.356135591863758, "10": 35.228409714351024, "11": 38.13609283818218, "12": 34.57567352042143, "13": 32.526628444337405, "14": 31.91073144784041, "15": 33.48556037867194, "16": 31.92012023767714, "17": 28.398396478374774, "18": 26.98751365042422, "19": 23.463390657276904, "20": 27.38307194225645, "21": 27.141328691475973, "22": 28.00925300586607, "23": 30.402101075398136, "24": 19.185276653398294, "25": 15.11317277320655, "26": 24.972606032705947, "27": 29.021676254424847, "28": 24.42603563833686, "29": 30.39924755302188, "30": 32.85466143416396, "31": 32.121785607012974, "32": 34.888532749872745, "33": 33.1825222762387, "34": 30.543002705552198, "35": 28.88846470317795, "36": 32.203425910055714, "37": 26.95670592488368, "38": 27.414161586368447, "39": 24.85236699059894, "40": 29.836876482943826, "41": 31.608302285167344, "42": 25.419699836516955, "43": 24.25811983061073, "44": 29.188236786140717, "45": 30.193538600511364, "46": 30.83948903901591, "47": 21.174926866557126, "48": 24.36963563830923, "49": 16.692875579924117, "50": 17.298849026654832, "51": 20.885816474357117, "52": 13.29245746215751, "53": 18.606148656105425, "54": 14.443698872291327, "55": 27.476077170771617, "56": 26.404363298390408, "57": 24.146909551639375, "58": 19.97181027301281, "59": 22.60317140579001, "61": 13.855731449284502, "62": 21.785286366880577, "63": 24.886758411898988, "64": 28.083706490914274, "65": 24.57165592372551, "66": 29.274011995269053, "67": 28.173660917668894, "68": 29.303358116973428, "69": 27.39134122656342, "70": 28.26396543449348 } }, "geometry": { "type": "MultiPolygon", "coordinates": [ [ [ [ 151.875, -26.875 ], [ 151.875, -29.375 ], [ 151.625, -29.375 ], [ 151.625, -29.875 ], [ 151.375, -29.875 ], [ 151.375, -30.125 ], [ 151.625, -30.125 ], [ 151.625, -30.625 ], [ 151.375, -30.625 ], [ 151.375, -31.375 ], [ 150.875, -31.375 ], [ 150.875, -31.625 ], [ 150.625, -31.625 ], [ 150.625, -31.875 ], [ 149.875, -31.875 ], [ 149.875, -32.375 ], [ 149.625, -32.375 ], [ 149.625, -32.875 ], [ 149.375, -32.875 ], [ 149.375, -33.125 ], [ 148.625, -33.125 ], [ 148.625, -32.875 ], [ 148.375, -32.875 ], [ 148.375, -31.625 ], [ 148.625, -31.625 ], [ 148.625, -30.625 ], [ 148.875, -30.625 ], [ 148.875, -30.375 ], [ 150.125, -30.375 ], [ 150.125, -29.875 ], [ 150.875, -29.875 ], [ 150.875, -29.125 ], [ 151.125, -29.125 ], [ 151.125, -28.875 ], [ 151.375, -28.875 ], [ 151.375, -27.625 ], [ 151.625, -27.625 ], [ 151.625, -26.875 ], [ 151.875, -26.875 ] ] ], [ [ [ 151.375, -26.875 ], [ 151.375, -26.625 ], [ 151.625, -26.625 ], [ 151.625, -26.875 ], [ 151.375, -26.875 ] ] ] ] } },
{ "type": "Feature", "properties": { "cluster_id": 61, "cohesion": 9.0008212148083295, "distances": { "1": 37.01934751372349, "2": 28.074956329942548, "3": 32.62363248401658, "4": 42.491234914379426, "5": 42.09827202954255, "6": 34.81663054380837, "7": 25.70807872560067, "8": 29.08366389336346, "9": 33.0921377764524, "10": 37.50430545158371, "11": 41.22480235035146, "12": 37.140281557816905, "13": 34.24451813728642, "14": 33.7753240004568, "15": 35.94833729965177, "16": 33.891127010876495, "17": 29.854262357413685, "18": 28.125606798269494, "19": 25.36503674012155, "20": 29.176504267411268, "21": 27.696827247189486, "22": 26.339619471028563, "23": 27.403101887095335, "24": 16.999188387732186, "25": 16.129166668527244, "26": 25.122931532661653, "27": 26.008713792892106, "28": 23.068787241572725, "29": 31.91413675793041, "30": 32.48730205138639, "31": 32.490389208482625, "32": 32.991829432928256, "33": 31.49755936471296, "34": 29.617923159684644, "35": 26.408694006020912, "36": 29.0774921244996, "37": 25.066942880123456, "38": 23.69104616391924, "39": 21.461957582723777, "40": 25.916043957055653, "41": 28.81031183836439, "42": 23.75682573487724, "43": 22.68403734313099, "44": 27.814468818426132, "45": 28.780762667744575, "46": 28.591962529230962, "47": 17.59367745420075, "48": 22.659582731153012, "49": 19.481625019880376, "50": 15.24991911922896, "51": 19.147509676106335, "52": 19.071179379895042, "53": 25.36657149473743, "54": 19.729635338455978, "55": 30.85158483973304, "56": 28.88130339415312, "57": 29.34887045199965, "58": 17.86290417632117, "59": 19.873488565008458, "60": 13.855731449284503, "62": 20.125153737135037, "63": 23.876515730804353, "64": 28.88948843902999, "65": 24.465204982617202, "66": 30.393599596384888, "67": 27.9218145575832, "68": 30.017187557035115, "69": 27.013719237337707, "70": 27.712934215217647 } }, "geometry": { "type": "Polygon", "coordinates": [ [ [ 146.375, -25.125 ], [ 146.375, -25.375 ], [ 145.875, -25.375 ], [ 145.875, -25.625 ], [ 145.625, -25.625 ], [ 145.625, -25.875 ], [ 145.125, -25.875 ], [ 145.125, -26.625 ], [ 144.875, -26.625 ], [ 144.875, -26.875 ], [ 145.125, -26.875 ], [ 145.125, -27.375 ], [ 144.625, -27.375 ], [ 144.625, -28.375 ], [ 144.875, -28.375 ], [ 144.875, -28.875 ], [ 145.125, -28.875 ], [ 145.125, -29.125 ], [ 146.625, -29.125 ], [ 146.625, -29.375 ], [ 146.875, -29.375 ], [ 146.875, -29.625 ], [ 147.125, -29.625 ], [ 147.125, -29.875 ], [ 147.625, -29.875 ], [ 147.625, -30.375 ], [ 147.875, -30.375 ], [ 147.875, -30.875 ], [ 148.125, -30.875 ], [ 148.125, -31.375 ], [ 148.625, -31.375 ], [ 148.625, -30.625 ], [ 148.875, -30.625 ], [ 148.875, -30.375 ], [ 150.125, -30.375 ], [ 150.125, -29.875 ], [ 150.875, -29.875 ], [ 150.875, -29.125 ], [ 151.125, -29.125 ], [ 151.125, -28.875 ], [ 151.375, -28.875 ], [ 151.375, -27.625 ], [ 151.625, -27.625 ], [ 151.625, -26.875 ], [ 151.375, -26.875 ], [ 151.375, -26.625 ], [ 151.125, -26.625 ], [ 151.125, -26.375 ], [ 149.125, -26.375 ], [ 149.125, -26.125 ], [ 148.875, -26.125 ], [ 148.875, -25.875 ], [ 149.125, -25.875 ], [ 149.125, -25.625 ], [ 148.375, -25.625 ], [ 148.375, -25.375 ], [ 148.125, -25.375 ], [ 148.125, -25.125 ], [ 146.375, -25.125 ] ] ] } },
{ "type": "Feature", "properties": { "cluster_id": 62, "cohesion": 8.5510329413994537, "distances": { "1": 32.41757472356624, "2": 25.848658091656805, "3": 29.663005690266413, "4": 35.39530471928826, "5": 33.08281337093302, "6": 23.574014348073568, "7": 14.180406675822207, "8": 21.874897447430055, "9": 20.26786733062425, "10": 29.80313709672733, "11": 28.630152033813847, "12": 25.133531965103423, "13": 25.626324974884717, "14": 28.662713705537914, "15": 30.516446947074467, "16": 28.068054895363673, "17": 26.459281426043677, "18": 25.559519605992776, "19": 32.00595976237724, "20": 35.093382177339436, "21": 34.955951927832295, "22": 33.63427789168026, "23": 34.739536161804544, "24": 23.404349647177373, "25": 26.00881322089685, "26": 33.189906858825275, "27": 33.199675827595954, "28": 29.59282457288902, "29": 30.348069302527524, "30": 32.18449662315138, "31": 31.40275866130947, "32": 35.39378096869556, "33": 33.14187476673417, "34": 31.419688878425276, "35": 31.708310881389128, "36": 33.252427649502216, "37": 23.99194804712781, "38": 29.12840705581468, "39": 25.071195428817195, "40": 31.839257705925, "41": 31.964481974790797, "42": 28.157846405897423, "43": 27.019003554596797, "44": 29.090217044568945, "45": 30.592887957762613, "46": 31.013196680076238, "47": 21.22849555233581, "48": 24.50231516827761, "49": 22.69495762927141, "50": 19.865214800885735, "51": 14.821987933511393, "52": 21.585254655708923, "53": 27.402603258139642, "54": 22.66787431749536, "55": 33.9867189919843, "56": 28.94033770105104, "57": 29.615540604578705, "58": 11.909471328477984, "59": 19.26789303982779, "60": 21.78528636688058, "61": 20.125153737135037, "63": 15.134532519617563, "64": 15.993693785497124, "65": 25.091979677164733, "66": 27.658651333810326, "67": 26.54735365934544, "68": 21.9147902390679, "69": 21.567291333112482, "70": 25.570900969211987 } }, "geometry": { "type": "Polygon", "coordinates": [ [ [ 140.125, -22.375 ], [ 140.125, -22.625 ], [ 139.125, -22.625 ], [ 139.125, -22.875 ], [ 139.625, -22.875 ], [ 139.625, -23.125 ], [ 139.875, -23.125 ], [ 139.875, -23.375 ], [ 138.875, -23.375 ], [ 138.875, -23.625 ], [ 139.125, -23.625 ], [ 139.125, -23.875 ], [ 139.625, -23.875 ], [ 139.625, -24.125 ], [ 139.875, -24.125 ], [ 139.875, -24.375 ], [ 140.125, -24.375 ], [ 140.125, -24.625 ], [ 140.625, -24.625 ], [ 140.625, -24.875 ], [ 140.875, -24.875 ], [ 140.875, -25.125 ], [ 141.375, -25.125 ], [ 141.375, -25.375 ], [ 141.625, -25.375 ], [ 141.625, -25.625 ], [ 141.875, -25.625 ], [ 141.875, -25.375 ], [ 142.125, -25.375 ], [ 142.125, -25.625 ], [ 142.375, -25.625 ], [ 142.375, -26.125 ], [ 142.625, -26.125 ], [ 142.625, -26.375 ], [ 143.125, -26.375 ], [ 143.125, -26.125 ], [ 143.625, -26.125 ], [ 143.625, -26.375 ], [ 143.875, -26.375 ], [ 143.875, -26.625 ], [ 144.375, -26.625 ], [ 144.375, -26.875 ], [ 144.875, -26.875 ], [ 144.875, -26.625 ], [ 145.125, -26.625 ], [ 145.125, -25.875 ], [ 145.625, -25.875 ], [ 145.625, -25.625 ], [ 145.875, -25.625 ], [ 145.875, -25.375 ], [ 146.125, -25.375 ], [ 146.125, -25.125 ], [ 144.125, -25.125 ], [ 144.125, -24.625 ], [ 143.875, -24.625 ], [ 143.875, -24.125 ], [ 143.625, -24.125 ], [ 143.625, -23.875 ], [ 143.375, -23.875 ], [ 143.375, -23.625 ], [ 143.125, -23.625 ], [ 143.125, -23.375 ], [ 142.125, -23.375 ], [ 142.125, -23.125 ], [ 141.875, -23.125 ], [ 141.875, -22.625 ], [ 141.625, -22.625 ], [ 141.625, -22.375 ], [ 141.125, -22.375 ], [ 141.125, -22.625 ], [ 140.625, -22.625 ], [ 140.625, -22.375 ], [ 140.125, -22.375 ] ] ] } },
{ "type": "Feature", "properties": { "cluster_id": 63, "cohesion": 7.278675044147171, "distances": { "1": 38.84337006332458, "2": 32.549458989324236, "3": 35.932436598858835, "4": 41.003705218512614, "5": 38.394064667194584, "6": 30.71023495325779, "7": 23.378937624478382, "8": 30.32348985797423, "9": 21.60361304712177, "10": 32.86737220414223, "11": 32.77008639814546, "12": 27.31854859067345, "13": 26.646418700502075, "14": 30.253056850569713, "15": 34.91442405752662, "16": 31.963584714783256, "17": 28.340439843772636, "18": 27.53447749078498, "19": 31.592156723573943, "20": 37.515655956919474, "21": 35.810660915350915, "22": 34.65373377289353, "23": 33.41779306831005, "24": 20.94276973002449, "25": 26.347477485250913, "26": 32.03072430908788, "27": 29.867978288043115, "28": 25.72635055385134, "29": 33.46137464134304, "30": 32.006258946776995, "31": 33.10787237895496, "32": 34.712459533548504, "33": 30.82768989787295, "34": 32.88222455152654, "35": 32.75218708172259, "36": 31.67792546766171, "37": 16.871689198554492, "38": 24.324902353901056, "39": 19.336020236768917, "40": 29.905827712089113, "41": 28.009860342094342, "42": 26.64908052185784, "43": 27.446755284273838, "44": 25.76084317349752, "45": 28.036487309956645, "46": 26.133898080730372, "47": 27.485857185396153, "48": 30.66539195124773, "49": 28.92811395208716, "50": 26.816818931254247, "51": 23.808684415130912, "52": 26.25853181819506, "53": 30.219280559314818, "54": 24.581679861973672, "55": 36.56155509544458, "56": 31.34027843608992, "57": 31.932747252365534, "58": 11.938702851037998, "59": 13.40014243451374, "60": 24.886758411898988, "61": 23.876515730804357, "62": 15.134532519617563, "64": 12.716479475724288, "65": 26.560708725733242, "66": 27.7125135901586, "67": 24.608082847474098, "68": 19.015606209317863, "69": 14.863454430022436, "70": 21.02586187120303 } }, "geometry": { "type": "MultiPolygon", "coordinates": [ [ [ [ 134.375, -23.125 ], [ 135.375, -23.125 ], [ 135.375, -22.875 ], [ 137.125, -22.875 ], [ 137.125, -23.125 ], [ 138.125, -23.125 ], [ 138.125, -23.375 ], [ 138.875, -23.375 ], [ 138.875, -23.625 ], [ 139.125, -23.625 ], [ 139.125, -23.875 ], [ 139.625, -23.875 ], [ 139.625, -24.125 ], [ 139.875, -24.125 ], [ 139.875, -24.375 ], [ 140.125, -24.375 ], [ 140.125, -24.625 ], [ 139.875, -24.625 ], [ 139.875, -25.125 ], [ 140.125, -25.125 ], [ 140.125, -25.375 ], [ 140.375, -25.375 ], [ 140.375, -25.625 ], [ 140.125, -25.625 ], [ 140.125, -25.875 ], [ 139.625, -25.875 ], [ 139.625, -25.375 ], [ 138.875, -25.375 ], [ 138.875, -25.125 ], [ 138.625, -25.125 ], [ 138.625, -24.875 ], [ 137.875, -24.875 ], [ 137.875, -24.625 ], [ 137.375, -24.625 ], [ 137.375, -24.375 ], [ 137.125, -24.375 ], [ 137.125, -24.125 ], [ 136.625, -24.125 ], [ 136.625, -23.875 ], [ 136.375, -23.875 ], [ 136.375, -23.625 ], [ 135.875, -23.625 ], [ 135.875, -23.375 ], [ 134.375, -23.375 ], [ 134.375, -23.125 ] ] ], [ [ [ 134.375, -23.625 ], [ 133.625, -23.625 ], [ 133.625, -23.875 ], [ 131.875, -23.875 ], [ 131.875, -24.125 ], [ 131.375, -24.125 ], [ 131.375, -23.875 ], [ 130.375, -23.875 ], [ 130.375, -23.625 ], [ 130.875, -23.625 ], [ 130.875, -23.375 ], [ 134.375, -23.375 ], [ 134.375, -23.625 ] ] ] ] } },
{ "type": "Feature", "properties": { "cluster_id": 64, "cohesion": 7.0675128528794939, "distances": { "1": 35.349358605573634, "2": 31.31638787100225, "3": 33.95790575332182, "4": 34.54025985525662, "5": 30.74375132382899, "6": 23.638475067394484, "7": 19.5789502831546, "8": 26.53547722599027, "9": 13.199434506737514, "10": 26.149647806366886, "11": 23.38091102730011, "12": 18.204140625117592, "13": 20.07718557726906, "14": 25.91856371292247, "15": 30.168395024266587, "16": 26.953000708278317, "17": 25.28062128972357, "18": 25.810645420510937, "19": 35.259041059340284, "20": 39.527463551570385, "21": 39.360990020152485, "22": 39.259877969909574, "23": 39.43397596103815, "24": 28.425509930983523, "25": 31.58846803636321, "26": 37.038537641807046, "27": 36.76315866731728, "28": 32.74855204467067, "29": 33.64434410348478, "30": 34.340942719981314, "31": 34.50425793016885, "32": 39.054417200986364, "33": 35.19252617890005, "34": 36.34700821105093, "35": 37.64570964782778, "36": 37.61898351228102, "37": 22.923668936358627, "38": 32.13551769784016, "39": 27.9742537937057, "40": 36.54566584493545, "41": 34.163274818887544, "42": 31.352478225460974, "43": 31.355606517344615, "44": 29.337310941055932, "45": 32.100712545364836, "46": 31.665067100836183, "47": 29.308709320063482, "48": 31.559760902776894, "49": 29.42786797564913, "50": 28.061193102670487, "51": 23.04260336849427, "52": 26.456788595907827, "53": 29.41203227475053, "54": 25.59988927941431, "55": 36.75463392692573, "56": 31.28902399862061, "57": 30.520249132073758, "58": 18.23331123764339, "59": 22.19533582040546, "60": 28.083706490914274, "61": 28.889488439029993, "62": 15.993693785497127, "63": 12.716479475724288, "65": 28.0328970292139, "66": 26.223187692312383, "67": 25.41561645809367, "68": 14.881549615467351, "69": 16.046327345273646, "70": 22.7496314747224 } }, "geometry": { "type": "Polygon", "coordinates": [ [ [ 132.875, -21.875 ], [ 132.875, -22.125 ], [ 131.625, -22.125 ], [ 131.625, -22.375 ], [ 130.625, -22.375 ], [ 130.625, -22.625 ], [ 130.375, -22.625 ], [ 130.375, -22.875 ], [ 130.625, -22.875 ], [ 130.625, -23.125 ], [ 130.875, -23.125 ], [ 130.875, -23.375 ], [ 134.375, -23.375 ], [ 134.375, -23.125 ], [ 135.375, -23.125 ], [ 135.375, -22.875 ], [ 137.125, -22.875 ], [ 137.125, -23.125 ], [ 138.125, -23.125 ], [ 138.125, -23.375 ], [ 139.875, -23.375 ], [ 139.875, -23.125 ], [ 139.625, -23.125 ], [ 139.625, -22.875 ], [ 139.125, -22.875 ], [ 139.125, -22.625 ], [ 138.375, -22.625 ], [ 138.375, -22.375 ], [ 138.125, -22.375 ], [ 138.125, -22.125 ], [ 137.625, -22.125 ], [ 137.625, -21.875 ], [ 136.625, -21.875 ], [ 136.625, -22.125 ], [ 136.125, -22.125 ], [ 136.125, -21.875 ], [ 132.875, -21.875 ] ] ] } },
{ "type": "Feature", "properties": { "cluster_id": 65, "cohesion": 5.0842496537616482, "distances": { "1": 29.447441647366524, "2": 24.910422630259987, "3": 26.228982936676985, "4": 33.54758887332951, "5": 33.89786235307848, "6": 30.231354324572848, "7": 25.39236986865264, "8": 26.07860358758797, "9": 28.588686462720787, "10": 27.34796467831736, "11": 34.82824498144376, "12": 30.82852554530415, "13": 25.01518743662943, "14": 20.047303828018492, "15": 27.309329305063944, "16": 24.66032627872468, "17": 18.377257658330112, "18": 20.077935836801135, "19": 25.16609529491241, "20": 25.604009109130253, "21": 26.074554407881834, "22": 25.568704012804098, "23": 27.46608913837502, "24": 27.684265108976472, "25": 26.59467694080718, "26": 27.17749960295824, "27": 27.607647945482604, "28": 28.174871484555975, "29": 25.100905280043197, "30": 28.0032101352602, "31": 27.313208757728393, "32": 29.879812694028043, "33": 27.80690081174497, "34": 26.686528303862445, "35": 26.010072874252636, "36": 29.59184159431623, "37": 24.788462869211287, "38": 26.689938453768235, "39": 27.08372822136975, "40": 27.337009096746673, "41": 28.423351278523437, "42": 19.432369532841165, "43": 12.819541141435858, "44": 18.29398955355745, "45": 23.51732193699299, "46": 25.385301559478332, "47": 22.592879823849216, "48": 23.806496659961283, "49": 24.06703813809819, "50": 23.550017820725408, "51": 23.304042674603096, "52": 22.49829771315238, "53": 23.383223089089753, "54": 20.428621741209124, "55": 24.5461576936749, "56": 21.73080381979316, "57": 22.995422728332578, "58": 26.1087872504852, "59": 26.81326309389417, "60": 24.571655923725498, "61": 24.465204982617205, "62": 25.091979677164733, "63": 26.560708725733242, "64": 28.0328970292139, "66": 13.776109451652989, "67": 13.466406302040129, "68": 22.920644934684837, "69": 23.14672739203238, "70": 19.065959176539327 } }, "geometry": { "type": "Polygon", "coordinates": [ [ [ 117.875, -20.125 ], [ 117.875, -20.375 ], [ 116.375, -20.375 ], [ 116.375, -21.125 ], [ 116.125, -21.125 ], [ 116.125, -22.125 ], [ 116.375, -22.125 ], [ 116.375, -22.375 ], [ 116.625, -22.375 ], [ 116.625, -22.625 ], [ 117.125, -22.625 ], [ 117.125, -22.875 ], [ 117.375, -22.875 ], [ 117.375, -22.625 ], [ 117.625, -22.625 ], [ 117.625, -22.375 ], [ 117.875, -22.375 ], [ 117.875, -21.375 ], [ 117.625, -21.375 ], [ 117.625, -20.875 ], [ 117.875, -20.875 ], [ 117.875, -20.625 ], [ 118.125, -20.625 ], [ 118.125, -20.375 ], [ 118.375, -20.375 ], [ 118.375, -20.125 ], [ 117.875, -20.125 ] ] ] } },
{ "type": "Feature", "properties": { "cluster_id": 66, "cohesion": 6.8120283500550043, "distances": { "1": 30.617424806495606, "2": 29.234295855280312, "3": 29.37378295729765, "4": 31.069111222117908, "5": 29.99328605455285, "6": 28.858773899504705, "7": 27.003060476080336, "8": 28.10008392666274, "9": 24.564648521714314, "10": 21.703952749230417, "11": 30.05637987159244, "12": 25.722119066352395, "13": 17.84059796172497, "14": 12.313195020605797, "15": 26.744200206352417, "16": 22.42327729936816, "17": 15.678458713229059, "18": 21.891922576680688, "19": 28.97619466318585, "20": 29.976628407884075, "21": 31.05934712856241, "22": 32.81491442979022, "23": 34.65693478844614, "24": 32.345000820019536, "25": 31.052983299614553, "26": 31.70883694071143, "27": 33.6932033110867, "28": 32.98535644818699, "29": 31.200398511524245, "30": 34.72351092262644, "31": 34.22369438715557, "32": 38.191978126369015, "33": 34.775873512177746, "34": 35.21781008628208, "35": 34.66907933295638, "36": 37.77007409730284, "37": 27.887964858295433, "38": 32.78146525049917, "39": 32.45114948507916, "40": 35.28736395365556, "41": 34.940591867219325, "42": 26.5626998654132, "43": 21.97756362563474, "44": 22.26742766326565, "45": 29.692338499626885, "46": 30.215466310616716, "47": 28.814152610468156, "48": 29.95993673620679, "49": 29.322897690680186, "50": 28.76092751347397, "51": 26.715676114675414, "52": 26.147911028287652, "53": 24.32730594572901, "54": 23.30071306928555, "55": 26.52664992121202, "56": 24.610861764400102, "57": 23.128547981027474, "58": 29.829769298182935, "59": 31.081200937269916, "60": 29.27401199526905, "61": 30.393599596384885, "62": 27.65865133381032, "63": 27.712513590158604, "64": 26.223187692312383, "65": 13.776109451652992, "67": 11.440080775449864, "68": 17.36800488873453, "69": 21.476148634005025, "70": 16.945992142418877 } }, "geometry": { "type": "MultiPolygon", "coordinates": [ [ [ [ 120.375, -19.875 ], [ 119.625, -19.875 ], [ 119.625, -20.125 ], [ 119.125, -20.125 ], [ 119.125, -20.375 ], [ 118.625, -20.375 ], [ 118.625, -21.375 ], [ 119.125, -21.375 ], [ 119.125, -21.125 ], [ 119.625, -21.125 ], [ 119.625, -21.375 ], [ 120.375, -21.375 ], [ 120.375, -21.125 ], [ 120.625, -21.125 ], [ 120.625, -20.875 ], [ 121.125, -20.875 ], [ 121.125, -20.625 ], [ 122.375, -20.625 ], [ 122.375, -20.875 ], [ 122.625, -20.875 ], [ 122.625, -21.125 ], [ 123.125, -21.125 ], [ 123.125, -21.375 ], [ 122.625, -21.375 ], [ 122.625, -21.625 ], [ 122.375, -21.625 ], [ 122.375, -21.875 ], [ 122.125, -21.875 ], [ 122.125, -22.125 ], [ 121.625, -22.125 ], [ 121.625, -22.375 ], [ 121.125, -22.375 ], [ 121.125, -22.125 ], [ 120.375, -22.125 ], [ 120.375, -22.375 ], [ 119.625, -22.375 ], [ 119.625, -22.125 ], [ 119.375, -22.125 ], [ 119.375, -21.875 ], [ 117.875, -21.875 ], [ 117.875, -21.375 ], [ 117.625, -21.375 ], [ 117.625, -20.875 ], [ 117.875, -20.875 ], [ 117.875, -20.625 ], [ 118.125, -20.625 ], [ 118.125, -20.375 ], [ 118.375, -20.375 ], [ 118.375, -20.125 ], [ 118.625, -20.125 ], [ 118.625, -19.875 ], [ 119.125, -19.875 ], [ 119.125, -19.625 ], [ 120.375, -19.625 ], [ 120.375, -19.875 ] ] ], [ [ [ 120.375, -19.375 ], [ 120.625, -19.375 ], [ 120.625, -19.625 ], [ 120.375, -19.625 ], [ 120.375, -19.375 ] ] ] ] } },
{ "type": "Feature", "properties": { "cluster_id": 67, "cohesion": 7.7091374289206858, "distances": { "1": 34.88437354134158, "2": 30.616159996727863, "3": 32.23838102517886, "4": 36.49840448765982, "5": 35.32643694200302, "6": 32.16439971672056, "7": 27.93424027953157, "8": 30.251956366208383, "9": 26.427109343713557, "10": 27.064259742137228, "11": 34.31735419316152, "12": 29.195889084360246, "13": 21.89939719063796, "14": 18.80204700240862, "15": 30.532337102842746, "16": 26.62184685147852, "17": 19.46972780856151, "18": 22.700143128667257, "19": 27.63053212782894, "20": 30.709883563177087, "21": 30.023346255629754, "22": 30.492325261835695, "23": 30.303418592953598, "24": 28.654949074839994, "25": 28.709317365379246, "26": 29.110217735164834, "27": 28.651715263368427, "28": 28.674841731177313, "29": 31.600353832145654, "30": 31.227344167999888, "31": 32.6456588019351, "32": 33.66861517933601, "33": 29.056369135225335, "34": 32.73043168832587, "35": 31.454071401329063, "36": 32.49134951016153, "37": 21.926098931595654, "38": 27.070314078640596, "39": 27.243128282909858, "40": 29.964889580743087, "41": 28.41532960761584, "42": 20.982338456273364, "43": 17.93981440141343, "44": 15.022104315971536, "45": 23.519358525536845, "46": 22.839694630622155, "47": 27.610973097005967, "48": 29.76873907958011, "49": 29.634907348447715, "50": 28.120955277740002, "51": 26.874856043347727, "52": 26.859103484829873, "53": 26.64792829708878, "54": 23.458556533694473, "55": 29.001132054772476, "56": 26.509034000061998, "57": 26.19717469000793, "58": 27.30144225325343, "59": 26.884634745767393, "60": 28.173660917668894, "61": 27.921814557583197, "62": 26.547353659345443, "63": 24.608082847474098, "64": 25.415616458093677, "65": 13.46640630204013, "66": 11.440080775449864, "68": 17.256306217993856, "69": 17.374637998725436, "70": 11.519757038437366 } }, "geometry": { "type": "Polygon", "coordinates": [ [ [ 122.625, -21.375 ], [ 122.625, -21.625 ], [ 122.375, -21.625 ], [ 122.375, -21.875 ], [ 122.125, -21.875 ], [ 122.125, -22.125 ], [ 121.625, -22.125 ], [ 121.625, -22.375 ], [ 121.125, -22.375 ], [ 121.125, -22.125 ], [ 120.375, -22.125 ], [ 120.375, -22.375 ], [ 119.625, -22.375 ], [ 119.625, -22.125 ], [ 119.375, -22.125 ], [ 119.375, -21.875 ], [ 117.875, -21.875 ], [ 117.875, -22.375 ], [ 117.625, -22.375 ], [ 117.625, -22.625 ], [ 117.375, -22.625 ], [ 117.375, -23.375 ], [ 117.625, -23.375 ], [ 117.625, -23.625 ], [ 117.875, -23.625 ], [ 117.875, -23.875 ], [ 118.125, -23.875 ], [ 118.125, -24.125 ], [ 119.125, -24.125 ], [ 119.125, -23.125 ], [ 120.125, -23.125 ], [ 120.125, -23.625 ], [ 121.125, -23.625 ], [ 121.125, -23.375 ], [ 121.875, -23.375 ], [ 121.875, -23.125 ], [ 122.125, -23.125 ], [ 122.125, -22.875 ], [ 123.125, -22.875 ], [ 123.125, -22.375 ], [ 124.375, -22.375 ], [ 124.375, -22.125 ], [ 124.125, -22.125 ], [ 124.125, -21.375 ], [ 122.625, -21.375 ] ] ] } },
{ "type": "Feature", "properties": { "cluster_id": 68, "cohesion": 7.4115777420703095, "distances": { "1": 34.408078931446234, "2": 31.490156134838585, "3": 33.22234128957226, "4": 32.6122556041944, "5": 29.040740411032786, "6": 25.62479533671673, "7": 23.149261242102217, "8": 27.683005515112974, "9": 15.093902163412283, "10": 21.191629876344948, "11": 24.42175825887743, "12": 18.321720486625406, "13": 12.85417462661323, "14": 17.811162168689524, "15": 28.339331586363073, "16": 23.541780853899418, "17": 19.62058287361313, "18": 23.393592513848933, "19": 32.757763947912714, "20": 36.388966591886444, "21": 36.30191762641412, "22": 37.12487658796356, "23": 37.42388945207223, "24": 30.224843044255806, "25": 31.510197075464756, "26": 34.73047859537688, "27": 34.9451575286325, "28": 32.49396512719889, "29": 33.7535530758539, "30": 34.97957048856475, "31": 35.356474012282675, "32": 39.36170757719129, "33": 34.949330039626886, "34": 37.05242922615211, "35": 37.17782860206969, "36": 37.992125123067375, "37": 22.980124609031833, "38": 31.791731262242067, "39": 29.662894217340718, "40": 36.012048765850274, "41": 33.84715275415897, "42": 29.368254764436475, "43": 27.97467661748584, "44": 24.818220076810853, "45": 30.627884504183637, "46": 29.559849178325127, "47": 29.70248096021697, "48": 31.994308572865485, "49": 30.528518367089898, "50": 28.81023841357982, "51": 24.769371862418573, "52": 27.05723473915776, "53": 27.526645583768154, "54": 24.68526582576296, "55": 33.24001061730407, "56": 29.492906912553664, "57": 27.67090621845917, "58": 24.31761329212038, "59": 26.310869492935904, "60": 29.303358116973424, "61": 30.017187557035115, "62": 21.914790239067898, "63": 19.015606209317863, "64": 14.881549615467348, "65": 22.920644934684837, "66": 17.36800488873453, "67": 17.256306217993856, "69": 12.523771348599105, "70": 15.53115554461268 } }, "geometry": { "type": "Polygon", "coordinates": [ [ [ 128.375, -20.875 ], [ 128.375, -21.125 ], [ 128.125, -21.125 ], [ 128.125, -21.375 ], [ 127.875, -21.375 ], [ 127.875, -21.625 ], [ 127.625, -21.625 ], [ 127.625, -21.375 ], [ 126.875, -21.375 ], [ 126.875, -21.625 ], [ 126.375, -21.625 ], [ 126.375, -21.375 ], [ 125.375, -21.375 ], [ 125.375, -21.125 ], [ 124.125, -21.125 ], [ 124.125, -22.125 ], [ 125.375, -22.125 ], [ 125.375, -22.625 ], [ 127.625, -22.625 ], [ 127.625, -22.875 ], [ 128.125, -22.875 ], [ 128.125, -22.625 ], [ 128.625, -22.625 ], [ 128.625, -22.875 ], [ 129.375, -22.875 ], [ 129.375, -23.125 ], [ 130.625, -23.125 ], [ 130.625, -22.875 ], [ 130.375, -22.875 ], [ 130.375, -22.625 ], [ 130.625, -22.625 ], [ 130.625, -22.375 ], [ 130.875, -22.375 ], [ 130.875, -22.125 ], [ 130.125, -22.125 ], [ 130.125, -21.875 ], [ 129.875, -21.875 ], [ 129.875, -21.625 ], [ 128.875, -21.625 ], [ 128.875, -20.875 ], [ 128.375, -20.875 ] ] ] } },
{ "type": "Feature", "properties": { "cluster_id": 69, "cohesion": 6.6304973738714592, "distances": { "1": 38.539397466285145, "2": 32.958826935582756, "3": 35.89643621599462, "4": 39.20685877098606, "5": 36.57375466812434, "6": 31.211725003928603, "7": 25.904685947604627, "8": 30.993638813334854, "9": 21.32219541543114, "10": 29.2451128681048, "11": 32.083574428437, "12": 25.97705615545329, "13": 21.87459686063811, "14": 24.992705437256586, "15": 33.00138162265485, "16": 29.284203474771022, "17": 24.1754778021925, "18": 24.91657308128504, "19": 29.626001230101842, "20": 35.484419268805304, "21": 33.66347529847947, "22": 33.397516174665206, "23": 31.686351924307335, "24": 24.68326084014927, "25": 27.77475693596407, "26": 30.40611476643127, "27": 28.16270874186345, "28": 25.972387769283035, "29": 33.568053330354594, "30": 31.42585201648035, "31": 33.388833008592265, "32": 34.29773430996873, "33": 29.196581508963188, "34": 33.665338573997616, "35": 32.76486426175441, "36": 31.437840428820508, "37": 14.295277141369127, "38": 24.04228374648399, "39": 22.155289302041687, "40": 29.291498810080817, "41": 25.960017757980154, "42": 24.70200705576279, "43": 25.163674193203597, "44": 19.910827127424298, "45": 25.328226384919123, "46": 21.682442098631974, "47": 28.65292933488686, "48": 31.592944803881476, "49": 30.429440325404702, "50": 28.488040807871755, "51": 26.047025613127673, "52": 27.357771595883055, "53": 28.906870918370647, "54": 24.07345047613569, "55": 34.06833714531741, "56": 30.00051375794148, "57": 29.550411031245808, "58": 21.024099572367284, "59": 20.14181865753477, "60": 27.39134122656342, "61": 27.013719237337707, "62": 21.567291333112493, "63": 14.863454430022434, "64": 16.046327345273646, "65": 23.146727392032375, "66": 21.476148634005025, "67": 17.374637998725433, "68": 12.523771348599105, "70": 11.716157769533933 } }, "geometry": { "type": "Polygon", "coordinates": [ [ [ 126.625, -22.625 ], [ 126.625, -22.875 ], [ 126.125, -22.875 ], [ 126.125, -23.125 ], [ 125.125, -23.125 ], [ 125.125, -23.375 ], [ 125.625, -23.375 ], [ 125.625, -23.625 ], [ 126.125, -23.625 ], [ 126.125, -23.875 ], [ 126.375, -23.875 ], [ 126.375, -24.375 ], [ 128.875, -24.375 ], [ 128.875, -24.625 ], [ 130.125, -24.625 ], [ 130.125, -24.125 ], [ 130.375, -24.125 ], [ 130.375, -23.625 ], [ 130.875, -23.625 ], [ 130.875, -23.125 ], [ 129.375, -23.125 ], [ 129.375, -22.875 ], [ 128.625, -22.875 ], [ 128.625, -22.625 ], [ 128.125, -22.625 ], [ 128.125, -22.875 ], [ 127.625, -22.875 ], [ 127.625, -22.625 ], [ 126.625, -22.625 ] ] ] } },
{ "type": "Feature", "properties": { "cluster_id": 70, "cohesion": 7.0516806050869967, "distances": { "1": 37.9568999005969, "2": 32.876165934858584, "3": 35.12605841139252, "4": 39.47816089087047, "5": 37.81627774951455, "6": 33.64069913392903, "7": 28.707249078935597, "8": 32.22649832664385, "9": 25.803461708062976, "10": 29.924738716547857, "11": 35.20294845330412, "12": 29.565620044398216, "13": 23.23077168572235, "14": 23.11400173042596, "15": 33.0662840888089, "16": 29.461816544988917, "17": 23.07941900708805, "18": 24.628415189843487, "19": 27.559581758670166, "20": 32.48543071439163, "21": 30.80350470969341, "22": 31.11970597676552, "23": 29.482023645097037, "24": 26.403776809416915, "25": 27.948676517727247, "26": 28.41703745102182, "27": 26.534248197637133, "28": 26.035213671583264, "29": 33.41046695416691, "30": 31.166523318234958, "31": 33.508052093309615, "32": 33.481769261500105, "33": 28.031964916222783, "34": 33.47313998096761, "35": 31.784286760309932, "36": 31.02107275834396, "37": 16.612460897802173, "38": 24.0785429126693, "39": 23.955662804887897, "40": 28.391498933032526, "41": 25.360267552973124, "42": 21.612583270975303, "43": 21.19475918692246, "44": 14.89080033436229, "45": 23.075275998297453, "46": 19.153217750846327, "47": 28.85275925394233, "48": 31.398282629586024, "49": 30.83960201944914, "50": 29.222106521678203, "51": 27.859823665359468, "52": 27.94808293215547, "53": 28.286650555389517, "54": 24.125924633671307, "55": 31.25950126666546, "56": 28.11164109968001, "57": 28.135385459222682, "58": 25.239922983069224, "59": 23.75890932859317, "60": 28.263965434493482, "61": 27.712934215217643, "62": 25.570900969211987, "63": 21.02586187120303, "64": 22.749631474722403, "65": 19.065959176539323, "66": 16.945992142418877, "67": 11.519757038437366, "68": 15.53115554461268, "69": 11.716157769533933 } }, "geometry": { "type": "Polygon", "coordinates": [ [ [ 124.375, -22.125 ], [ 124.375, -22.375 ], [ 123.125, -22.375 ], [ 123.125, -22.875 ], [ 122.125, -22.875 ], [ 122.125, -23.125 ], [ 121.875, -23.125 ], [ 121.875, -23.375 ], [ 121.625, -23.375 ], [ 121.625, -23.625 ], [ 121.875, -23.625 ], [ 121.875, -23.875 ], [ 123.125, -23.875 ], [ 123.125, -24.375 ], [ 124.625, -24.375 ], [ 124.625, -24.625 ], [ 126.875, -24.625 ], [ 126.875, -24.375 ], [ 126.375, -24.375 ], [ 126.375, -23.875 ], [ 126.125, -23.875 ], [ 126.125, -23.625 ], [ 125.625, -23.625 ], [ 125.625, -23.375 ], [ 125.125, -23.375 ], [ 125.125, -23.125 ], [ 126.125, -23.125 ], [ 126.125, -22.875 ], [ 126.625, -22.875 ], [ 126.625, -22.625 ], [ 125.375, -22.625 ], [ 125.375, -22.125 ], [ 124.375, -22.125 ] ] ] } }
]
}
