{
"type": "FeatureCollection",
"name": "73_clusters",
"crs": { "type": "name", "properties": { "name": "urn:ogc:def:crs:OGC:1.3:CRS84" } },
"features": [
{ "type": "Feature", "properties": { "cluster_id": 1, "cohesion": 8.6487465638442682, "distances": { "2": 17.24033202182467, "3": 10.940391911660678, "4": 18.90891003463502, "5": 22.132863930473302, "6": 24.84582023632535, "7": 22.659505945916994, "8": 25.488703469196913, "9": 18.403085891625967, "10": 31.38539878431128, "11": 31.206392518853146, "12": 26.527482853515856, "13": 28.776791287616042, "14": 29.596675275122042, "15": 29.676584319249294, "16": 28.171349547318282, "17": 18.61031585876883, "18": 22.055630978430944, "19": 27.212458270500765, "20": 26.202532132898707, "21": 37.711049798453395, "22": 31.47181265330928, "23": 36.34861849804197, "24": 36.8281822778166, "25": 42.66383583868136, "26": 42.861468109085415, "27": 40.63612392067549, "28": 41.38529953404568, "29": 44.73080155149566, "30": 44.36900139117672, "31": 27.143376350708664, "32": 38.61652943866565, "33": 33.31743331578965, "34": 43.025370449691806, "35": 44.0558352879256, "36": 36.096894534564186, "37": 37.78165328424618, "38": 44.461116411528806, "39": 42.236100904424816, "40": 44.652099368597874, "41": 43.94004461316689, "42": 43.35329606014713, "43": 46.92394434987043, "44": 44.12783323359568, "45": 40.21923949190091, "46": 35.05665336362148, "47": 40.43808361313947, "48": 42.364183411791004, "49": 45.45784517481931, "50": 28.163243571311238, "51": 24.02160519209459, "52": 27.896593497831955, "53": 29.865307972026297, "54": 27.450286779824676, "55": 29.279854833332728, "56": 30.088836662951536, "57": 31.285651681445646, "58": 28.456836209683093, "59": 24.777229904039437, "60": 27.935062691255126, "61": 37.11346388654352, "62": 41.57343094644793, "63": 35.7415401775237, "64": 37.019347513723496, "65": 32.41757472356624, "66": 38.84337006332458, "67": 35.349358605573634, "68": 29.447441647366524, "69": 30.617424806495602, "70": 34.88437354134158, "71": 34.40807893144623, "72": 38.539397466285145, "73": 37.95689990059691 } }, "geometry": { "type": "MultiPolygon", "coordinates": [ [ [ [ 142.125, -16.375 ], [ 142.375, -16.375 ], [ 142.375, -16.625 ], [ 142.625, -16.625 ], [ 142.625, -17.625 ], [ 142.875, -17.625 ], [ 142.875, -18.125 ], [ 143.125, -18.125 ], [ 143.125, -18.375 ], [ 143.375, -18.375 ], [ 143.375, -19.375 ], [ 143.625, -19.375 ], [ 143.625, -19.625 ], [ 143.375, -19.625 ], [ 143.375, -20.125 ], [ 143.125, -20.125 ], [ 143.125, -19.875 ], [ 142.875, -19.875 ], [ 142.875, -19.625 ], [ 142.625, -19.625 ], [ 142.625, -18.875 ], [ 142.375, -18.875 ], [ 142.375, -18.375 ], [ 142.125, -18.375 ], [ 142.125, -17.625 ], [ 141.875, -17.625 ], [ 141.875, -16.125 ], [ 142.125, -16.125 ], [ 142.125, -16.375 ] ] ], [ [ [ 144.625, -17.375 ], [ 143.875, -17.375 ], [ 143.875, -17.125 ], [ 144.625, -17.125 ], [ 144.625, -17.375 ] ] ], [ [ [ 141.875, -16.125 ], [ 141.625, -16.125 ], [ 141.625, -15.625 ], [ 141.875, -15.625 ], [ 141.875, -16.125 ] ] ], [ [ [ 141.625, -14.125 ], [ 141.625, -15.625 ], [ 141.375, -15.625 ], [ 141.375, -15.125 ], [ 141.125, -15.125 ], [ 141.125, -13.625 ], [ 141.375, -13.625 ], [ 141.375, -14.125 ], [ 141.625, -14.125 ] ] ], [ [ [ 142.875, -10.875 ], [ 142.875, -11.125 ], [ 143.125, -11.125 ], [ 143.125, -11.875 ], [ 143.375, -11.875 ], [ 143.375, -12.375 ], [ 143.625, -12.375 ], [ 143.625, -12.875 ], [ 143.875, -12.875 ], [ 143.875, -13.875 ], [ 144.625, -13.875 ], [ 144.625, -14.125 ], [ 144.875, -14.125 ], [ 144.875, -14.375 ], [ 145.125, -14.375 ], [ 145.125, -14.625 ], [ 145.375, -14.625 ], [ 145.375, -14.875 ], [ 145.625, -14.875 ], [ 145.625, -16.125 ], [ 145.875, -16.125 ], [ 145.875, -16.625 ], [ 145.625, -16.625 ], [ 145.625, -16.375 ], [ 145.375, -16.375 ], [ 145.375, -16.125 ], [ 145.125, -16.125 ], [ 145.125, -16.625 ], [ 144.875, -16.625 ], [ 144.875, -16.875 ], [ 144.125, -16.875 ], [ 144.125, -16.375 ], [ 144.375, -16.375 ], [ 144.375, -15.625 ], [ 144.125, -15.625 ], [ 144.125, -15.375 ], [ 143.875, -15.375 ], [ 143.875, -15.125 ], [ 143.625, -15.125 ], [ 143.625, -14.625 ], [ 143.125, -14.625 ], [ 143.125, -14.875 ], [ 142.375, -14.875 ], [ 142.375, -14.375 ], [ 142.125, -14.375 ], [ 142.125, -13.625 ], [ 141.875, -13.625 ], [ 141.875, -11.625 ], [ 142.125, -11.625 ], [ 142.125, -10.625 ], [ 142.625, -10.625 ], [ 142.625, -10.875 ], [ 142.875, -10.875 ] ] ] ] } },
{ "type": "Feature", "properties": { "cluster_id": 2, "cohesion": 9.0112697687720367, "distances": { "1": 17.240332021824674, "3": 12.754155438804473, "4": 26.70425412361443, "5": 27.277805434298735, "6": 30.552408786057548, "7": 23.13582873597127, "8": 19.668686467407795, "9": 13.761933059032168, "10": 30.40167821503343, "11": 29.862592920779562, "12": 29.067010259210623, "13": 32.12178295530165, "14": 30.90746402212581, "15": 30.163866655353296, "16": 28.919197044473677, "17": 21.905197685711595, "18": 23.891188185531767, "19": 25.268734799484, "20": 21.723107753138372, "21": 33.31210982008317, "22": 29.13788829641172, "23": 31.994737033743043, "24": 29.722933021358333, "25": 34.43591681364504, "26": 35.075776381886214, "27": 33.84413280688843, "28": 35.715780283096976, "29": 36.91072574007541, "30": 37.0364399207442, "31": 23.51351948213406, "32": 30.4143868102229, "33": 26.78620880317849, "34": 33.40488195076963, "35": 34.620441022679785, "36": 27.562005266555303, "37": 28.497106159226625, "38": 34.103436540437265, "39": 34.29798649569678, "40": 36.024227035038884, "41": 35.5310511502642, "42": 33.60570378365016, "43": 36.91876190898899, "44": 34.70969960750446, "45": 31.14816733029577, "46": 27.58029761902162, "47": 33.12513630426838, "48": 33.36532418507991, "49": 36.63024429659988, "50": 16.880456248282133, "51": 12.923918592155198, "52": 20.263948919883358, "53": 20.69468281959015, "54": 19.869819640500108, "55": 24.340510146961652, "56": 28.872058655678757, "57": 26.87925747617313, "58": 28.822362797228315, "59": 24.151165107345992, "60": 28.433195638467247, "61": 29.963549642600107, "62": 33.732120488725734, "63": 28.895138272525767, "64": 28.074956329942545, "65": 25.848658091656805, "66": 32.54945898932424, "67": 31.31638787100225, "68": 24.910422630259987, "69": 29.234295855280312, "70": 30.616159996727863, "71": 31.490156134838585, "72": 32.958826935582756, "73": 32.876165934858584 } }, "geometry": { "type": "MultiPolygon", "coordinates": [ [ [ [ 143.625, -20.375 ], [ 143.875, -20.375 ], [ 143.875, -20.625 ], [ 144.125, -20.625 ], [ 144.125, -20.875 ], [ 144.375, -20.875 ], [ 144.375, -21.375 ], [ 143.875, -21.375 ], [ 143.875, -21.625 ], [ 143.625, -21.625 ], [ 143.625, -22.375 ], [ 143.375, -22.375 ], [ 143.375, -22.125 ], [ 143.125, -22.125 ], [ 143.125, -21.625 ], [ 143.375, -21.625 ], [ 143.375, -21.375 ], [ 143.625, -21.375 ], [ 143.625, -20.625 ], [ 143.375, -20.625 ], [ 143.375, -19.625 ], [ 143.625, -19.625 ], [ 143.625, -20.375 ] ] ], [ [ [ 145.375, -19.125 ], [ 145.375, -19.375 ], [ 145.625, -19.375 ], [ 145.625, -19.625 ], [ 145.875, -19.625 ], [ 145.875, -19.875 ], [ 144.125, -19.875 ], [ 144.125, -19.625 ], [ 143.625, -19.625 ], [ 143.625, -19.375 ], [ 143.875, -19.375 ], [ 143.875, -19.125 ], [ 144.125, -19.125 ], [ 144.125, -18.875 ], [ 144.625, -18.875 ], [ 144.625, -18.625 ], [ 144.875, -18.625 ], [ 144.875, -18.375 ], [ 145.125, -18.375 ], [ 145.125, -19.125 ], [ 145.375, -19.125 ] ] ], [ [ [ 145.375, -17.125 ], [ 145.375, -16.625 ], [ 145.625, -16.625 ], [ 145.625, -17.125 ], [ 145.875, -17.125 ], [ 145.875, -17.375 ], [ 146.125, -17.375 ], [ 146.125, -17.625 ], [ 146.375, -17.625 ], [ 146.375, -18.125 ], [ 146.625, -18.125 ], [ 146.625, -18.875 ], [ 147.375, -18.875 ], [ 147.375, -19.125 ], [ 147.625, -19.125 ], [ 147.625, -19.375 ], [ 147.875, -19.375 ], [ 147.875, -19.625 ], [ 148.375, -19.625 ], [ 148.375, -19.875 ], [ 148.625, -19.875 ], [ 148.625, -20.125 ], [ 148.875, -20.125 ], [ 148.875, -20.375 ], [ 149.125, -20.375 ], [ 149.125, -20.875 ], [ 148.875, -20.875 ], [ 148.875, -20.625 ], [ 148.625, -20.625 ], [ 148.625, -20.375 ], [ 148.375, -20.375 ], [ 148.375, -20.625 ], [ 148.125, -20.625 ], [ 148.125, -20.375 ], [ 147.625, -20.375 ], [ 147.625, -20.125 ], [ 147.375, -20.125 ], [ 147.375, -19.625 ], [ 147.125, -19.625 ], [ 147.125, -19.375 ], [ 146.875, -19.375 ], [ 146.875, -19.125 ], [ 146.125, -19.125 ], [ 146.125, -18.875 ], [ 145.875, -18.875 ], [ 145.875, -18.625 ], [ 145.375, -18.625 ], [ 145.375, -18.375 ], [ 145.125, -18.375 ], [ 145.125, -17.125 ], [ 145.375, -17.125 ] ] ] ] } },
{ "type": "Feature", "properties": { "cluster_id": 3, "cohesion": 8.1137928839426863, "distances": { "1": 10.940391911660678, "2": 12.754155438804473, "4": 23.044044234907467, "5": 25.09770865609064, "6": 28.622289849295782, "7": 23.964888248097136, "8": 23.7093454413715, "9": 16.894855388723865, "10": 31.442681146520293, "11": 31.42066923640212, "12": 28.226947266946567, "13": 31.528272617995906, "14": 31.07332463255776, "15": 30.293827819925163, "16": 28.467336932226537, "17": 19.951158488530787, "18": 22.92199461175436, "19": 26.26827277862725, "20": 24.007807919899047, "21": 34.31971243646787, "22": 28.48972536368839, "23": 32.528679824882104, "24": 31.826515912958754, "25": 37.32743586330921, "26": 38.618211982682475, "27": 36.83739989509911, "28": 37.347854106325904, "29": 39.68260852606993, "30": 39.907964438755506, "31": 24.541024819758725, "32": 34.638136650223075, "33": 29.78160045108005, "34": 38.02983278034179, "35": 39.37412467518156, "36": 31.414488954210114, "37": 32.337989880262555, "38": 38.97112415367669, "39": 38.19354948988474, "40": 39.58560265823083, "41": 39.22092777154684, "42": 37.74846753037607, "43": 41.77869902978832, "44": 39.17165048472049, "45": 35.645375606050045, "46": 30.55926396909655, "47": 36.45196587532905, "48": 37.94930745820359, "49": 40.87562355281982, "50": 23.07565872820314, "51": 18.788576951489144, "52": 24.824659545472286, "53": 26.009851965391057, "54": 24.544436333359236, "55": 27.20143682661065, "56": 29.23559072672791, "57": 28.98739963088879, "58": 27.083008111768056, "59": 23.109898269006965, "60": 27.552917546651567, "61": 33.69882320684024, "62": 37.486010537017556, "63": 32.55921288976688, "64": 32.62363248401659, "65": 29.66300569026641, "66": 35.932436598858835, "67": 33.95790575332182, "68": 26.228982936676985, "69": 29.373782957297653, "70": 32.23838102517886, "71": 33.22234128957227, "72": 35.89643621599462, "73": 35.12605841139252 } }, "geometry": { "type": "MultiPolygon", "coordinates": [ [ [ [ 145.875, -16.625 ], [ 145.875, -16.875 ], [ 146.125, -16.875 ], [ 146.125, -17.125 ], [ 146.375, -17.125 ], [ 146.375, -17.375 ], [ 146.625, -17.375 ], [ 146.625, -17.875 ], [ 146.375, -17.875 ], [ 146.375, -17.625 ], [ 146.125, -17.625 ], [ 146.125, -17.375 ], [ 145.875, -17.375 ], [ 145.875, -17.125 ], [ 145.625, -17.125 ], [ 145.625, -16.625 ], [ 145.875, -16.625 ] ] ], [ [ [ 145.375, -16.625 ], [ 145.375, -17.125 ], [ 145.125, -17.125 ], [ 145.125, -18.375 ], [ 144.875, -18.375 ], [ 144.875, -18.625 ], [ 144.625, -18.625 ], [ 144.625, -18.875 ], [ 144.125, -18.875 ], [ 144.125, -19.125 ], [ 143.875, -19.125 ], [ 143.875, -19.375 ], [ 143.375, -19.375 ], [ 143.375, -18.375 ], [ 143.125, -18.375 ], [ 143.125, -18.125 ], [ 142.875, -18.125 ], [ 142.875, -17.625 ], [ 142.625, -17.625 ], [ 142.625, -16.625 ], [ 142.375, -16.625 ], [ 142.375, -16.375 ], [ 142.125, -16.375 ], [ 142.125, -16.125 ], [ 141.875, -16.125 ], [ 141.875, -15.625 ], [ 141.625, -15.625 ], [ 141.625, -14.125 ], [ 141.375, -14.125 ], [ 141.375, -13.625 ], [ 141.125, -13.625 ], [ 141.125, -12.875 ], [ 141.375, -12.875 ], [ 141.375, -12.125 ], [ 141.625, -12.125 ], [ 141.625, -11.125 ], [ 141.875, -11.125 ], [ 141.875, -10.875 ], [ 142.125, -10.875 ], [ 142.125, -11.625 ], [ 141.875, -11.625 ], [ 141.875, -13.625 ], [ 142.125, -13.625 ], [ 142.125, -14.375 ], [ 142.375, -14.375 ], [ 142.375, -14.875 ], [ 143.125, -14.875 ], [ 143.125, -14.625 ], [ 143.625, -14.625 ], [ 143.625, -15.125 ], [ 143.875, -15.125 ], [ 143.875, -15.375 ], [ 144.125, -15.375 ], [ 144.125, -15.625 ], [ 144.375, -15.625 ], [ 144.375, -16.375 ], [ 144.125, -16.375 ], [ 144.125, -16.875 ], [ 144.875, -16.875 ], [ 144.875, -16.625 ], [ 145.125, -16.625 ], [ 145.125, -16.125 ], [ 145.375, -16.125 ], [ 145.375, -16.375 ], [ 145.625, -16.375 ], [ 145.625, -16.625 ], [ 145.375, -16.625 ] ], [ [ 143.875, -17.375 ], [ 144.625, -17.375 ], [ 144.625, -17.125 ], [ 143.875, -17.125 ], [ 143.875, -17.375 ] ] ] ] } },
{ "type": "Feature", "properties": { "cluster_id": 4, "cohesion": 8.5311386439412491, "distances": { "1": 18.90891003463502, "2": 26.70425412361443, "3": 23.044044234907467, "5": 11.313795080543747, "6": 13.608656446969635, "7": 19.48332768759154, "8": 27.144741389569322, "9": 22.29902415476751, "10": 27.17634654446826, "11": 28.051919980790238, "12": 18.195001503537913, "13": 20.344329427132735, "14": 23.065663989846147, "15": 24.799058171237643, "16": 24.977152331490775, "17": 13.437887213213756, "18": 16.220798630858578, "19": 24.52440326629251, "20": 25.32992173699014, "21": 43.61247128959111, "22": 39.10267855167915, "23": 43.80703024747041, "24": 45.2142581835126, "25": 50.28942022525956, "26": 48.22251775886547, "27": 45.59103447819432, "28": 47.78917234341921, "29": 51.473295626106676, "30": 50.196456988997674, "31": 32.12588965716056, "32": 42.445957341667935, "33": 37.963010383776535, "34": 48.577409907828645, "35": 48.173412925738376, "36": 42.63911875422553, "37": 45.54856181255764, "38": 50.78501958048963, "39": 45.44712768950653, "40": 50.697130556356136, "41": 49.53436390338684, "42": 50.344739447845704, "43": 51.73997236725545, "44": 48.9622091629716, "45": 44.80034135994982, "46": 40.75811364261436, "47": 43.43865989063538, "48": 45.787109549739945, "49": 49.25765515819195, "50": 35.16836782301342, "51": 32.64811600476694, "52": 32.25257091114056, "53": 34.40437130402241, "54": 30.52450208081176, "55": 31.58681162161097, "56": 31.461418637620795, "57": 33.82256755466288, "58": 34.08595829155131, "59": 30.65339929147799, "60": 29.760571667132766, "61": 41.21089493401005, "62": 46.26915143520989, "63": 39.49300709325066, "64": 42.491234914379426, "65": 35.39530471928827, "66": 41.00370521851262, "67": 34.540259855256615, "68": 33.54758887332951, "69": 31.069111222117908, "70": 36.49840448765982, "71": 32.6122556041944, "72": 39.20685877098606, "73": 39.478160890870484 } }, "geometry": { "type": "MultiPolygon", "coordinates": [ [ [ [ 141.375, -15.125 ], [ 141.375, -15.625 ], [ 141.625, -15.625 ], [ 141.625, -16.125 ], [ 141.875, -16.125 ], [ 141.875, -17.625 ], [ 142.125, -17.625 ], [ 142.125, -18.375 ], [ 142.375, -18.375 ], [ 142.375, -18.875 ], [ 142.625, -18.875 ], [ 142.625, -19.625 ], [ 142.875, -19.625 ], [ 142.875, -20.125 ], [ 142.375, -20.125 ], [ 142.375, -19.375 ], [ 142.125, -19.375 ], [ 142.125, -18.875 ], [ 141.875, -18.875 ], [ 141.875, -18.625 ], [ 141.625, -18.625 ], [ 141.625, -18.125 ], [ 141.375, -18.125 ], [ 141.375, -17.875 ], [ 141.125, -17.875 ], [ 141.125, -17.625 ], [ 140.375, -17.625 ], [ 140.375, -17.375 ], [ 140.625, -17.375 ], [ 140.625, -16.875 ], [ 140.875, -16.875 ], [ 140.875, -15.875 ], [ 141.125, -15.875 ], [ 141.125, -15.125 ], [ 141.375, -15.125 ] ] ], [ [ [ 133.875, -11.875 ], [ 133.875, -12.125 ], [ 135.625, -12.125 ], [ 135.625, -12.375 ], [ 135.875, -12.375 ], [ 135.875, -12.875 ], [ 135.625, -12.875 ], [ 135.625, -13.125 ], [ 135.375, -13.125 ], [ 135.375, -13.375 ], [ 134.875, -13.375 ], [ 134.875, -13.125 ], [ 133.875, -13.125 ], [ 133.875, -13.375 ], [ 133.625, -13.375 ], [ 133.625, -13.625 ], [ 133.375, -13.625 ], [ 133.375, -14.125 ], [ 133.125, -14.125 ], [ 133.125, -14.375 ], [ 132.875, -14.375 ], [ 132.875, -14.625 ], [ 132.625, -14.625 ], [ 132.625, -14.875 ], [ 132.375, -14.875 ], [ 132.375, -15.375 ], [ 132.625, -15.375 ], [ 132.625, -16.125 ], [ 132.125, -16.125 ], [ 132.125, -15.875 ], [ 131.625, -15.875 ], [ 131.625, -16.125 ], [ 131.375, -16.125 ], [ 131.375, -15.375 ], [ 130.875, -15.375 ], [ 130.875, -14.625 ], [ 130.375, -14.625 ], [ 130.375, -14.875 ], [ 129.875, -14.875 ], [ 129.875, -14.125 ], [ 130.125, -14.125 ], [ 130.125, -13.875 ], [ 130.375, -13.875 ], [ 130.375, -13.625 ], [ 130.875, -13.625 ], [ 130.875, -13.375 ], [ 131.125, -13.375 ], [ 131.125, -13.125 ], [ 131.875, -13.125 ], [ 131.875, -12.875 ], [ 132.125, -12.875 ], [ 132.125, -12.625 ], [ 132.625, -12.625 ], [ 132.625, -12.375 ], [ 133.125, -12.375 ], [ 133.125, -11.875 ], [ 133.875, -11.875 ] ] ] ] } },
{ "type": "Feature", "properties": { "cluster_id": 5, "cohesion": 7.8643133186188914, "distances": { "1": 22.132863930473306, "2": 27.277805434298735, "3": 25.09770865609064, "4": 11.313795080543747, "6": 11.787765108723983, "7": 17.81357786094941, "8": 24.36988446607294, "9": 21.71942992746608, "10": 22.232404950087115, "11": 24.27288843379406, "12": 13.066092646880438, "13": 17.373622182559252, "14": 18.855743463868077, "15": 19.76240423712889, "16": 20.736053593653885, "17": 13.923162766681813, "18": 12.627947047488556, "19": 20.198384622349888, "20": 22.668645968327105, "21": 41.54357093856845, "22": 38.58819987766897, "23": 42.44033251034534, "24": 43.8204597121699, "25": 48.166096855175, "26": 44.759581221952885, "27": 42.507731118711725, "28": 45.35774690634618, "29": 48.66788965412718, "30": 47.031238818795025, "31": 31.83370715755674, "32": 40.880154884296935, "33": 37.10187045159197, "34": 46.90347104902805, "35": 45.8064812205077, "36": 41.4348817855937, "37": 44.01156999023827, "38": 48.62996098365066, "39": 41.712354595362925, "40": 47.47585847392749, "41": 46.081727388920285, "42": 47.9303878212387, "43": 48.98784163801142, "44": 46.03565624353299, "45": 41.88578407237833, "46": 38.062045546257835, "47": 40.031887859200204, "48": 42.94804518805387, "49": 46.041464672744056, "50": 33.32908832557823, "51": 32.193336104582315, "52": 31.064019779265422, "53": 32.038121526190544, "54": 27.668913111147322, "55": 29.45783244733223, "56": 29.464067853964526, "57": 31.07346785439078, "58": 33.68995925210089, "59": 30.339627246502733, "60": 28.44953759913074, "61": 37.83184283494683, "62": 42.68614369498209, "63": 36.76049058879792, "64": 39.44182056085041, "65": 31.981230973379056, "66": 36.983656153609914, "67": 30.376663995018426, "68": 30.573969294406528, "69": 27.319682838701816, "70": 32.54174792203071, "71": 27.746786608030444, "72": 34.788329595762285, "73": 35.41980804975998 } }, "geometry": { "type": "MultiPolygon", "coordinates": [ [ [ [ 132.625, -15.125 ], [ 132.875, -15.125 ], [ 132.875, -15.375 ], [ 133.875, -15.375 ], [ 133.875, -15.625 ], [ 134.125, -15.625 ], [ 134.125, -15.375 ], [ 134.375, -15.375 ], [ 134.375, -15.125 ], [ 134.625, -15.125 ], [ 134.625, -14.875 ], [ 135.375, -14.875 ], [ 135.375, -15.125 ], [ 136.375, -15.125 ], [ 136.375, -15.375 ], [ 136.625, -15.375 ], [ 136.625, -15.625 ], [ 137.375, -15.625 ], [ 137.375, -15.875 ], [ 137.875, -15.875 ], [ 137.875, -16.125 ], [ 138.125, -16.125 ], [ 138.125, -16.375 ], [ 137.375, -16.375 ], [ 137.375, -16.125 ], [ 136.375, -16.125 ], [ 136.375, -17.375 ], [ 135.875, -17.375 ], [ 135.875, -17.125 ], [ 135.375, -17.125 ], [ 135.375, -16.875 ], [ 134.875, -16.875 ], [ 134.875, -17.125 ], [ 134.375, -17.125 ], [ 134.375, -16.875 ], [ 133.875, -16.875 ], [ 133.875, -17.125 ], [ 132.625, -17.125 ], [ 132.625, -15.375 ], [ 132.375, -15.375 ], [ 132.375, -14.875 ], [ 132.625, -14.875 ], [ 132.625, -15.125 ] ] ], [ [ [ 130.375, -14.625 ], [ 130.875, -14.625 ], [ 130.875, -15.375 ], [ 131.375, -15.375 ], [ 131.375, -16.125 ], [ 131.125, -16.125 ], [ 131.125, -16.375 ], [ 130.875, -16.375 ], [ 130.875, -16.625 ], [ 130.375, -16.625 ], [ 130.375, -16.125 ], [ 130.625, -16.125 ], [ 130.625, -15.625 ], [ 129.875, -15.625 ], [ 129.875, -15.875 ], [ 129.625, -15.875 ], [ 129.625, -16.125 ], [ 129.125, -16.125 ], [ 129.125, -16.375 ], [ 128.875, -16.375 ], [ 128.875, -15.875 ], [ 128.375, -15.875 ], [ 128.375, -15.125 ], [ 128.625, -15.125 ], [ 128.625, -14.875 ], [ 129.625, -14.875 ], [ 129.625, -14.125 ], [ 129.875, -14.125 ], [ 129.875, -14.875 ], [ 130.375, -14.875 ], [ 130.375, -14.625 ] ] ], [ [ [ 130.125, -14.125 ], [ 129.875, -14.125 ], [ 129.875, -13.875 ], [ 130.125, -13.875 ], [ 130.125, -14.125 ] ] ], [ [ [ 130.125, -13.875 ], [ 130.125, -13.625 ], [ 130.375, -13.625 ], [ 130.375, -13.875 ], [ 130.125, -13.875 ] ] ], [ [ [ 135.375, -13.375 ], [ 135.375, -13.625 ], [ 135.125, -13.625 ], [ 135.125, -13.875 ], [ 134.875, -13.875 ], [ 134.875, -14.125 ], [ 134.375, -14.125 ], [ 134.375, -13.125 ], [ 134.875, -13.125 ], [ 134.875, -13.375 ], [ 135.375, -13.375 ] ] ], [ [ [ 130.875, -13.625 ], [ 130.375, -13.625 ], [ 130.375, -13.375 ], [ 130.625, -13.375 ], [ 130.625, -13.125 ], [ 131.125, -13.125 ], [ 131.125, -13.375 ], [ 130.875, -13.375 ], [ 130.875, -13.625 ] ] ], [ [ [ 131.875, -13.125 ], [ 131.125, -13.125 ], [ 131.125, -12.875 ], [ 131.875, -12.875 ], [ 131.875, -13.125 ] ] ] ] } },
{ "type": "Feature", "properties": { "cluster_id": 6, "cohesion": 8.7319464308385708, "distances": { "1": 24.845820236325345, "2": 30.552408786057548, "3": 28.62228984929578, "4": 13.608656446969638, "5": 11.787765108723985, "7": 15.974155495582572, "8": 25.053152196214327, "9": 23.03213204829113, "10": 22.693940509824277, "11": 22.87293007003422, "12": 15.76571289930877, "13": 12.816897351318083, "14": 17.213791394789464, "15": 20.89826112137724, "16": 23.92925797986306, "17": 19.28927400940241, "18": 18.345079657216164, "19": 25.292209089875318, "20": 28.1920463042177, "21": 45.48815740978433, "22": 42.83868315598799, "23": 46.92380824797939, "24": 48.629044660437096, "25": 52.90606228689299, "26": 48.2295270809603, "27": 46.104034148560636, "28": 49.58961958267527, "29": 53.21572919328583, "30": 51.051513598569976, "31": 35.46657816490671, "32": 44.20631113178042, "33": 40.56221706693293, "34": 50.90094828496168, "35": 49.4689633982894, "36": 45.45413228888343, "37": 48.60585087347768, "38": 52.82864112473005, "39": 44.8626719923459, "40": 51.67179378352747, "41": 49.831157712635815, "42": 52.36906972405846, "43": 52.951890097483236, "44": 49.83545511314877, "45": 45.7691358668911, "46": 42.417497900634054, "47": 43.887306629545684, "48": 46.60201845296362, "49": 49.74202909066112, "50": 36.929049336031085, "51": 35.87308857816798, "52": 34.0129988657785, "53": 35.181629830233675, "54": 29.908674635105957, "55": 32.16090840774702, "56": 31.9221405166084, "57": 34.09431478481605, "58": 37.17876387580635, "59": 33.48329306751615, "60": 30.907617105027164, "61": 40.0525742149867, "62": 45.691435561683726, "63": 39.78306757232235, "64": 42.96151450053043, "65": 33.440784416919946, "66": 38.852392080557266, "67": 30.863040298811388, "68": 34.9779971460849, "69": 30.86210217022187, "70": 36.23135158428602, "71": 29.461224613892256, "72": 37.15394774501436, "73": 38.59503634896383 } }, "geometry": { "type": "Polygon", "coordinates": [ [ [ 129.875, -15.625 ], [ 129.875, -15.875 ], [ 129.625, -15.875 ], [ 129.625, -16.125 ], [ 129.125, -16.125 ], [ 129.125, -16.375 ], [ 128.875, -16.375 ], [ 128.875, -16.625 ], [ 128.625, -16.625 ], [ 128.625, -17.625 ], [ 128.375, -17.625 ], [ 128.375, -18.625 ], [ 128.625, -18.625 ], [ 128.625, -19.125 ], [ 130.125, -19.125 ], [ 130.125, -18.875 ], [ 130.875, -18.875 ], [ 130.875, -19.125 ], [ 132.875, -19.125 ], [ 132.875, -19.375 ], [ 134.875, -19.375 ], [ 134.875, -19.125 ], [ 135.875, -19.125 ], [ 135.875, -19.375 ], [ 137.125, -19.375 ], [ 137.125, -19.875 ], [ 137.625, -19.875 ], [ 137.625, -20.125 ], [ 138.125, -20.125 ], [ 138.125, -19.875 ], [ 138.375, -19.875 ], [ 138.375, -20.125 ], [ 138.625, -20.125 ], [ 138.625, -20.375 ], [ 138.875, -20.375 ], [ 138.875, -20.625 ], [ 139.125, -20.625 ], [ 139.125, -20.875 ], [ 140.375, -20.875 ], [ 140.375, -21.125 ], [ 141.375, -21.125 ], [ 141.375, -20.625 ], [ 141.625, -20.625 ], [ 141.625, -20.125 ], [ 142.375, -20.125 ], [ 142.375, -19.375 ], [ 142.125, -19.375 ], [ 142.125, -18.875 ], [ 141.875, -18.875 ], [ 141.875, -18.625 ], [ 141.625, -18.625 ], [ 141.625, -18.125 ], [ 141.375, -18.125 ], [ 141.375, -17.875 ], [ 141.125, -17.875 ], [ 141.125, -17.625 ], [ 140.375, -17.625 ], [ 140.375, -17.375 ], [ 139.625, -17.375 ], [ 139.625, -17.125 ], [ 139.375, -17.125 ], [ 139.375, -16.875 ], [ 139.125, -16.875 ], [ 139.125, -16.625 ], [ 138.875, -16.625 ], [ 138.875, -16.375 ], [ 137.375, -16.375 ], [ 137.375, -16.125 ], [ 136.375, -16.125 ], [ 136.375, -17.375 ], [ 135.875, -17.375 ], [ 135.875, -17.125 ], [ 135.375, -17.125 ], [ 135.375, -16.875 ], [ 134.875, -16.875 ], [ 134.875, -17.125 ], [ 134.375, -17.125 ], [ 134.375, -16.875 ], [ 133.875, -16.875 ], [ 133.875, -17.125 ], [ 132.625, -17.125 ], [ 132.625, -16.125 ], [ 132.125, -16.125 ], [ 132.125, -15.875 ], [ 131.625, -15.875 ], [ 131.625, -16.125 ], [ 131.125, -16.125 ], [ 131.125, -16.375 ], [ 130.875, -16.375 ], [ 130.875, -16.625 ], [ 130.375, -16.625 ], [ 130.375, -16.125 ], [ 130.625, -16.125 ], [ 130.625, -15.625 ], [ 129.875, -15.625 ] ] ] } },
{ "type": "Feature", "properties": { "cluster_id": 7, "cohesion": 9.0510530766706356, "distances": { "1": 22.659505945916994, "2": 23.13582873597127, "3": 23.96488824809713, "4": 19.483327687591544, "5": 17.81357786094941, "6": 15.974155495582572, "8": 14.043224603879182, "9": 13.763738263026678, "10": 20.139137461278825, "11": 16.308302884248494, "12": 19.756025360177397, "13": 14.32488987639887, "14": 16.619629555161495, "15": 20.984079519458906, "16": 24.544413545351553, "17": 20.450662855599845, "18": 19.61144169826867, "19": 24.180499855394782, "20": 24.90497960255735, "21": 40.45739499289193, "22": 38.913046227704655, "23": 42.042506221456996, "24": 42.37173302985396, "25": 46.01487716193256, "26": 40.35040560338227, "27": 39.41137069226078, "28": 43.8448922528236, "29": 46.32610398296247, "30": 44.00313903037487, "31": 30.797846156704836, "32": 37.67993220728056, "33": 34.62000178707455, "34": 43.641644243424004, "35": 42.287208014054066, "36": 38.395399693527594, "37": 41.2522571246836, "38": 44.81198724464528, "39": 37.449651212207044, "40": 44.06001465981265, "41": 41.763310000648154, "42": 44.52947033455309, "43": 45.284696008394704, "44": 42.00170173587558, "45": 38.71684589703142, "46": 36.03357415428323, "47": 37.9702378087984, "48": 39.77477530936031, "49": 42.69353454320308, "50": 28.04147260439481, "51": 27.656079902727125, "52": 26.828527516986753, "53": 26.99053644363023, "54": 20.92734857102707, "55": 26.339527519249035, "56": 28.994226761332644, "57": 28.94180036237243, "58": 34.742020234556584, "59": 29.817856472114048, "60": 28.97028565541585, "61": 31.023426307792683, "62": 37.24103510742397, "63": 32.94086535014201, "64": 34.81663054380837, "65": 23.574014348073568, "66": 30.71023495325779, "67": 23.638475067394484, "68": 30.231354324572848, "69": 28.85877389950471, "70": 32.16439971672056, "71": 25.62479533671673, "72": 31.211725003928603, "73": 33.64069913392903 } }, "geometry": { "type": "Polygon", "coordinates": [ [ [ 142.875, -19.875 ], [ 142.875, -20.125 ], [ 141.625, -20.125 ], [ 141.625, -20.625 ], [ 141.375, -20.625 ], [ 141.375, -21.125 ], [ 140.375, -21.125 ], [ 140.375, -20.875 ], [ 139.125, -20.875 ], [ 139.125, -20.625 ], [ 138.875, -20.625 ], [ 138.875, -20.375 ], [ 138.375, -20.375 ], [ 138.375, -20.625 ], [ 138.625, -20.625 ], [ 138.625, -21.375 ], [ 138.875, -21.375 ], [ 138.875, -21.875 ], [ 140.625, -21.875 ], [ 140.625, -21.625 ], [ 140.875, -21.625 ], [ 140.875, -21.875 ], [ 142.375, -21.875 ], [ 142.375, -21.375 ], [ 143.125, -21.375 ], [ 143.125, -19.875 ], [ 142.875, -19.875 ] ] ] } },
{ "type": "Feature", "properties": { "cluster_id": 8, "cohesion": 5.4460712654939654, "distances": { "1": 25.488703469196913, "2": 19.668686467407795, "3": 23.709345441371504, "4": 27.144741389569322, "5": 24.369884466072936, "6": 25.053152196214327, "7": 14.043224603879182, "9": 11.338032714400939, "10": 20.634508428916448, "11": 16.525289622864893, "12": 24.170859028431295, "13": 22.094885894637805, "14": 20.904387126434106, "15": 22.727382110033894, "16": 25.584860131993437, "17": 23.97174742525986, "18": 22.248971603892365, "19": 23.379411044848993, "20": 22.57659549436659, "21": 35.26771090725846, "22": 35.34921029956038, "23": 36.94377018967032, "24": 35.78390007991737, "25": 38.44452266480148, "26": 31.67076235573896, "27": 31.983628073458107, "28": 37.490781705162966, "29": 38.47639741269488, "30": 36.17660076515138, "31": 28.016742000793453, "32": 32.36203471747248, "33": 30.27312912831434, "34": 36.857037697567876, "35": 35.46597721971587, "36": 32.11107170896658, "37": 33.840585590701416, "38": 36.72365112301646, "39": 30.02470355824619, "40": 35.543336729013525, "41": 32.93610222526351, "42": 36.13039943097094, "43": 37.44173900659486, "44": 34.02462790232105, "45": 31.4521346919535, "46": 29.29578315772247, "47": 31.870267963941654, "48": 33.128881542906925, "49": 35.420865747465754, "50": 19.543524576198617, "51": 21.304369195228325, "52": 21.30524482063729, "53": 19.06896861805258, "54": 12.17710188564095, "55": 21.893317164424463, "56": 27.3305788807245, "57": 24.51522789402826, "58": 33.221275002172106, "59": 28.017896383008747, "60": 28.55146415119182, "61": 22.035026746011532, "62": 28.425236352570128, "63": 26.110897287591605, "64": 25.708078725600668, "65": 14.180406675822203, "66": 23.378937624478382, "67": 19.5789502831546, "68": 25.39236986865264, "69": 27.003060476080332, "70": 27.93424027953157, "71": 23.149261242102217, "72": 25.904685947604623, "73": 28.707249078935597 } }, "geometry": { "type": "Polygon", "coordinates": [ [ [ 140.625, -21.625 ], [ 140.625, -21.875 ], [ 140.125, -21.875 ], [ 140.125, -22.125 ], [ 140.375, -22.125 ], [ 140.375, -22.375 ], [ 140.625, -22.375 ], [ 140.625, -22.625 ], [ 141.125, -22.625 ], [ 141.125, -22.375 ], [ 141.625, -22.375 ], [ 141.625, -22.625 ], [ 141.875, -22.625 ], [ 141.875, -23.125 ], [ 142.125, -23.125 ], [ 142.125, -23.375 ], [ 142.875, -23.375 ], [ 142.875, -23.125 ], [ 143.125, -23.125 ], [ 143.125, -22.875 ], [ 143.375, -22.875 ], [ 143.375, -22.625 ], [ 143.125, -22.625 ], [ 143.125, -22.375 ], [ 142.875, -22.375 ], [ 142.875, -22.125 ], [ 142.625, -22.125 ], [ 142.625, -21.875 ], [ 140.875, -21.875 ], [ 140.875, -21.625 ], [ 140.625, -21.625 ] ] ] } },
{ "type": "Feature", "properties": { "cluster_id": 9, "cohesion": 5.6089658589220424, "distances": { "1": 18.403085891625967, "2": 13.761933059032168, "3": 16.894855388723865, "4": 22.29902415476751, "5": 21.71942992746608, "6": 23.03213204829113, "7": 13.763738263026678, "8": 11.338032714400937, "10": 24.72709644388085, "11": 22.619414869599186, "12": 23.87928251131765, "13": 23.771095052976694, "14": 23.824060455954417, "15": 25.018450385020902, "16": 25.971715806277444, "17": 19.975395237525806, "18": 20.40873856044121, "19": 23.435473611434784, "20": 21.82148370373982, "21": 36.116726541500526, "22": 33.36190829350073, "23": 36.2737833865625, "24": 35.097375873625424, "25": 39.18567648334798, "26": 36.25861020603343, "27": 35.16277960716114, "28": 38.90041238648864, "29": 40.5653859161262, "30": 39.462781491890155, "31": 26.135879044808526, "32": 33.02685358143546, "33": 29.649053933999745, "34": 37.50615769941533, "35": 37.38564789922006, "36": 31.872550176579427, "37": 33.73300157077509, "38": 38.236515839821756, "39": 34.60763076915135, "40": 38.79230065832292, "41": 37.29511872950268, "42": 37.75633431910836, "43": 39.984654940691655, "44": 37.083118815172696, "45": 33.66610128104558, "46": 30.476402696457995, "47": 34.406473503785186, "48": 35.420207394835614, "49": 38.58331409077899, "50": 19.010019682191576, "51": 18.173819930543374, "52": 20.86959468822233, "53": 20.13089815869373, "54": 15.539635448631227, "55": 23.159167892058644, "56": 27.862106424875325, "57": 26.436387620512022, "58": 31.24356835138399, "59": 26.362434004422525, "60": 28.01379580440682, "61": 28.626462295414036, "62": 34.02691269455352, "63": 29.029952575026847, "64": 29.08366389336346, "65": 21.874897447430047, "66": 30.323489857974224, "67": 26.53547722599027, "68": 26.07860358758797, "69": 28.10008392666274, "70": 30.251956366208383, "71": 27.683005515112974, "72": 30.99363881333486, "73": 32.22649832664385 } }, "geometry": { "type": "Polygon", "coordinates": [ [ [ 143.125, -20.125 ], [ 143.125, -21.375 ], [ 142.375, -21.375 ], [ 142.375, -21.875 ], [ 142.625, -21.875 ], [ 142.625, -22.125 ], [ 142.875, -22.125 ], [ 142.875, -22.375 ], [ 143.125, -22.375 ], [ 143.125, -22.625 ], [ 143.375, -22.625 ], [ 143.375, -22.125 ], [ 143.125, -22.125 ], [ 143.125, -21.625 ], [ 143.375, -21.625 ], [ 143.375, -21.375 ], [ 143.625, -21.375 ], [ 143.625, -20.625 ], [ 143.375, -20.625 ], [ 143.375, -20.125 ], [ 143.125, -20.125 ] ] ] } },
{ "type": "Feature", "properties": { "cluster_id": 10, "cohesion": 6.1054725229256164, "distances": { "1": 31.38539878431128, "2": 30.40167821503343, "3": 31.442681146520293, "4": 27.176346544468256, "5": 22.232404950087115, "6": 22.693940509824277, "7": 20.139137461278825, "8": 20.63450842891644, "9": 24.72709644388085, "11": 12.77717824523071, "12": 16.117970973955227, "13": 16.851648054332465, "14": 10.756745091861479, "15": 9.814497136922638, "16": 17.74483193575689, "17": 24.706881347964497, "18": 19.980566213154926, "19": 19.35766047676092, "20": 23.270064761500855, "21": 36.5259814167049, "22": 38.737855663147215, "23": 39.82594920314153, "24": 40.80967315196508, "25": 42.29955775330826, "26": 34.47535223343466, "27": 35.07539481576162, "28": 39.22978232558835, "29": 40.509994777554695, "30": 37.60607205429796, "31": 33.81891762621199, "32": 37.22332285672764, "33": 36.35991182300186, "34": 42.63834610602872, "35": 39.0487764413072, "36": 39.204787723919814, "37": 40.472637538537604, "38": 42.19179828641065, "39": 28.779651501560622, "40": 37.394989469876954, "41": 34.79012478263638, "42": 40.75904860427631, "43": 40.36255801585516, "44": 36.26608494773066, "45": 34.29721870579866, "46": 32.454182258878554, "47": 30.88461959354181, "48": 35.27178936848519, "49": 35.73514727286796, "50": 30.942095130213136, "51": 32.47810339575543, "52": 30.69202034801606, "53": 29.532724091059972, "54": 24.206967921195847, "55": 27.316426881755085, "56": 27.87065048519819, "57": 26.28650042437972, "58": 34.62127545436955, "59": 30.407265529394785, "60": 27.99218552807967, "61": 26.516678431160177, "62": 30.411927173992247, "63": 31.189055474010107, "64": 32.85087037843107, "65": 22.19712985082628, "66": 22.06082928698665, "67": 14.339038542909593, "68": 26.524411233943777, "69": 21.267083241535225, "70": 23.3742378312937, "71": 11.553385588948547, "72": 19.131192577537572, "73": 23.013773476972204 } }, "geometry": { "type": "Polygon", "coordinates": [ [ [ 129.875, -19.625 ], [ 129.875, -19.875 ], [ 128.875, -19.875 ], [ 128.875, -20.125 ], [ 128.125, -20.125 ], [ 128.125, -20.375 ], [ 128.625, -20.375 ], [ 128.625, -20.875 ], [ 128.875, -20.875 ], [ 128.875, -21.625 ], [ 129.875, -21.625 ], [ 129.875, -21.875 ], [ 130.125, -21.875 ], [ 130.125, -22.125 ], [ 130.875, -22.125 ], [ 130.875, -22.375 ], [ 131.625, -22.375 ], [ 131.625, -22.125 ], [ 132.875, -22.125 ], [ 132.875, -21.875 ], [ 132.125, -21.875 ], [ 132.125, -21.625 ], [ 131.375, -21.625 ], [ 131.375, -21.375 ], [ 131.125, -21.375 ], [ 131.125, -20.625 ], [ 130.875, -20.625 ], [ 130.875, -20.375 ], [ 130.625, -20.375 ], [ 130.625, -20.125 ], [ 130.375, -20.125 ], [ 130.375, -19.625 ], [ 129.875, -19.625 ] ] ] } },
{ "type": "Feature", "properties": { "cluster_id": 11, "cohesion": 7.1666618858215729, "distances": { "1": 31.206392518853146, "2": 29.862592920779562, "3": 31.42066923640212, "4": 28.051919980790238, "5": 24.27288843379406, "6": 22.87293007003422, "7": 16.30830288424849, "8": 16.525289622864893, "9": 22.619414869599186, "10": 12.777178245230708, "12": 21.412572108428474, "13": 14.38739840655853, "14": 11.732735128635133, "15": 17.477901537066835, "16": 24.171051947348765, "17": 26.340394518324075, "18": 23.455259738472805, "19": 24.74099385613904, "20": 26.288694674960293, "21": 39.09439087135874, "22": 41.097813279213106, "23": 42.531452612602806, "24": 43.14653841967149, "25": 44.880759056893694, "26": 35.30230777431278, "27": 36.59042061314765, "28": 41.86913838959268, "29": 43.29261877325556, "30": 39.597259456268716, "31": 33.93924272900064, "32": 37.50909181940658, "33": 36.254555029961715, "34": 43.421395535928795, "35": 40.29585448954352, "36": 39.54568494646448, "37": 41.87132028887455, "38": 43.324252780787035, "39": 30.92946227766651, "40": 39.67422512070522, "41": 36.088779014248885, "42": 42.675703727343375, "43": 42.13205926739044, "44": 37.97617323960411, "45": 36.56087966151514, "46": 35.339608649101336, "47": 34.60983286254669, "48": 37.28021059606758, "49": 38.371894324142666, "50": 30.956982243114368, "51": 32.173980318558634, "52": 29.993854896910182, "53": 29.352725043434386, "54": 22.871124649340107, "55": 27.37360207896016, "56": 29.584968996459516, "57": 27.86141234214172, "58": 37.010713914383395, "59": 31.61943244529997, "60": 30.105230074319284, "61": 24.49713669485504, "62": 30.350325876099966, "63": 31.491025962241014, "64": 33.2869224647632, "65": 18.71029758954371, "66": 21.23448433970793, "67": 12.279387211479321, "68": 30.255257289623316, "69": 27.226903059840556, "70": 28.891812950070868, "71": 17.95230086573163, "72": 23.09107844051953, "73": 28.0556870689436 } }, "geometry": { "type": "Polygon", "coordinates": [ [ [ 136.125, -20.875 ], [ 136.125, -21.125 ], [ 134.875, -21.125 ], [ 134.875, -21.375 ], [ 133.625, -21.375 ], [ 133.625, -21.125 ], [ 132.125, -21.125 ], [ 132.125, -21.875 ], [ 136.125, -21.875 ], [ 136.125, -22.125 ], [ 136.625, -22.125 ], [ 136.625, -21.875 ], [ 137.625, -21.875 ], [ 137.625, -22.125 ], [ 138.125, -22.125 ], [ 138.125, -22.375 ], [ 138.375, -22.375 ], [ 138.375, -22.625 ], [ 140.125, -22.625 ], [ 140.125, -22.375 ], [ 140.375, -22.375 ], [ 140.375, -22.125 ], [ 140.125, -22.125 ], [ 140.125, -21.875 ], [ 138.875, -21.875 ], [ 138.875, -21.375 ], [ 138.625, -21.375 ], [ 138.625, -21.125 ], [ 137.625, -21.125 ], [ 137.625, -20.875 ], [ 136.125, -20.875 ] ] ] } },
{ "type": "Feature", "properties": { "cluster_id": 12, "cohesion": 6.9615330663153552, "distances": { "1": 26.527482853515856, "2": 29.067010259210623, "3": 28.226947266946567, "4": 18.195001503537913, "5": 13.066092646880438, "6": 15.765712899308769, "7": 19.75602536017739, "8": 24.170859028431295, "9": 23.87928251131765, "10": 16.117970973955224, "11": 21.412572108428474, "13": 17.109349911182143, "14": 14.950664117416801, "15": 12.22806875795528, "16": 13.794047909098143, "17": 18.057804142392122, "18": 12.652795088904933, "19": 15.075498613251183, "20": 21.187469069865397, "21": 39.1076002523495, "22": 37.97647927790824, "23": 40.75760811531999, "24": 42.28237055693588, "25": 45.65662091879266, "26": 41.47406368315505, "27": 39.86715917635698, "28": 42.606296217709954, "29": 45.50166896397646, "30": 43.67617920700494, "31": 33.02272019271419, "32": 40.01284562733237, "33": 37.38504738633999, "34": 45.514512520963955, "35": 43.44787496153788, "36": 40.96648398816414, "37": 42.71943539311551, "38": 46.52408741837601, "39": 37.44507982308315, "40": 44.0460698617515, "41": 42.59282932513289, "42": 45.467882076348964, "43": 45.87734272873211, "44": 42.86223827052968, "45": 38.88615890023771, "46": 35.20857959571273, "47": 35.73436282819945, "48": 39.99255540893264, "49": 42.096173505449826, "50": 32.79625982381021, "51": 32.842138834688136, "52": 31.644947387914897, "53": 31.584472230130576, "54": 27.06968121237585, "55": 29.122490470239068, "56": 28.459153946665968, "57": 29.267551533259958, "58": 33.203273894480375, "59": 30.3013272641813, "60": 27.53247764461429, "61": 35.053011704221774, "62": 39.22156367418491, "63": 35.22840971435104, "64": 37.50430545158371, "65": 29.80313709672733, "66": 32.86737220414223, "67": 26.149647806366893, "68": 27.34796467831736, "69": 21.703952749230417, "70": 27.064259742137224, "71": 21.191629876344948, "72": 29.2451128681048, "73": 29.924738716547864 } }, "geometry": { "type": "Polygon", "coordinates": [ [ [ 128.125, -15.375 ], [ 128.125, -15.625 ], [ 127.875, -15.625 ], [ 127.875, -16.125 ], [ 128.125, -16.125 ], [ 128.125, -16.375 ], [ 127.875, -16.375 ], [ 127.875, -16.625 ], [ 127.625, -16.625 ], [ 127.625, -16.125 ], [ 127.125, -16.125 ], [ 127.125, -16.375 ], [ 126.875, -16.375 ], [ 126.875, -16.625 ], [ 126.625, -16.625 ], [ 126.625, -16.875 ], [ 126.375, -16.875 ], [ 126.375, -17.125 ], [ 126.125, -17.125 ], [ 126.125, -17.625 ], [ 125.875, -17.625 ], [ 125.875, -17.875 ], [ 125.375, -17.875 ], [ 125.375, -17.625 ], [ 125.625, -17.625 ], [ 125.625, -16.625 ], [ 125.875, -16.625 ], [ 125.875, -16.125 ], [ 125.625, -16.125 ], [ 125.625, -15.875 ], [ 125.375, -15.875 ], [ 125.375, -16.125 ], [ 125.125, -16.125 ], [ 125.125, -16.375 ], [ 124.625, -16.375 ], [ 124.625, -16.875 ], [ 124.875, -16.875 ], [ 124.875, -17.375 ], [ 124.625, -17.375 ], [ 124.625, -18.125 ], [ 124.875, -18.125 ], [ 124.875, -18.375 ], [ 125.625, -18.375 ], [ 125.625, -19.125 ], [ 125.875, -19.125 ], [ 125.875, -19.625 ], [ 127.125, -19.625 ], [ 127.125, -19.375 ], [ 127.375, -19.375 ], [ 127.375, -19.125 ], [ 127.625, -19.125 ], [ 127.625, -18.875 ], [ 128.125, -18.875 ], [ 128.125, -19.375 ], [ 128.375, -19.375 ], [ 128.375, -19.125 ], [ 128.625, -19.125 ], [ 128.625, -18.625 ], [ 128.375, -18.625 ], [ 128.375, -17.625 ], [ 128.625, -17.625 ], [ 128.625, -16.625 ], [ 128.875, -16.625 ], [ 128.875, -15.875 ], [ 128.375, -15.875 ], [ 128.375, -15.375 ], [ 128.125, -15.375 ] ] ] } },
{ "type": "Feature", "properties": { "cluster_id": 13, "cohesion": 5.7194552176550069, "distances": { "1": 28.776791287616042, "2": 32.12178295530164, "3": 31.52827261799591, "4": 20.344329427132735, "5": 17.373622182559252, "6": 12.816897351318083, "7": 14.32488987639887, "8": 22.094885894637798, "9": 23.771095052976694, "10": 16.851648054332465, "11": 14.387398406558532, "12": 17.109349911182143, "14": 10.49309590535747, "15": 17.786223657213753, "16": 23.919601617731978, "17": 23.168685030419024, "18": 21.121635257063836, "19": 25.985480365854496, "20": 28.845741516909232, "21": 44.83256107487425, "22": 44.30508709904327, "23": 47.44348517398529, "24": 48.99667337676745, "25": 52.20007059037012, "26": 44.97082689427445, "27": 44.248326137041396, "28": 48.62520302458005, "29": 51.57744890667834, "30": 48.499066782932545, "31": 36.34900895854949, "32": 42.93107454828474, "33": 40.328875486559916, "34": 49.91032032061664, "35": 47.47486642589364, "36": 45.146338491707404, "37": 48.390712737378614, "38": 51.257778131445114, "39": 40.7000866780204, "40": 49.062128863852635, "41": 46.3376594786094, "42": 50.90976551918972, "43": 50.57550305340403, "44": 46.97085948070253, "45": 43.96892080332624, "46": 41.679127963914844, "47": 41.67347741313499, "48": 44.47257491755823, "49": 46.8337678546515, "50": 36.75242028543187, "51": 36.54862669804155, "52": 34.13788795313836, "53": 34.82238513473769, "54": 28.468531115239927, "55": 31.57542276963964, "56": 31.910703788850366, "57": 32.90418123380667, "58": 38.706391934648046, "59": 34.03414161660487, "60": 31.39721073424373, "61": 35.22276156422871, "62": 41.22263046889701, "63": 38.13609283818217, "64": 41.224802350351474, "65": 28.630152033813847, "66": 32.770086398145466, "67": 23.38091102730011, "68": 34.828244981443774, "69": 30.05637987159244, "70": 34.31735419316153, "71": 24.42175825887743, "72": 32.083574428437, "73": 35.20294845330412 } }, "geometry": { "type": "Polygon", "coordinates": [ [ [ 131.125, -19.125 ], [ 131.125, -19.375 ], [ 131.375, -19.375 ], [ 131.375, -19.875 ], [ 131.625, -19.875 ], [ 131.625, -20.125 ], [ 131.875, -20.125 ], [ 131.875, -20.375 ], [ 132.125, -20.375 ], [ 132.125, -20.625 ], [ 134.625, -20.625 ], [ 134.625, -20.875 ], [ 137.625, -20.875 ], [ 137.625, -21.125 ], [ 138.625, -21.125 ], [ 138.625, -20.625 ], [ 138.375, -20.625 ], [ 138.375, -20.375 ], [ 138.625, -20.375 ], [ 138.625, -20.125 ], [ 138.375, -20.125 ], [ 138.375, -19.875 ], [ 138.125, -19.875 ], [ 138.125, -20.125 ], [ 137.625, -20.125 ], [ 137.625, -19.875 ], [ 137.125, -19.875 ], [ 137.125, -19.375 ], [ 135.875, -19.375 ], [ 135.875, -19.125 ], [ 134.875, -19.125 ], [ 134.875, -19.375 ], [ 132.875, -19.375 ], [ 132.875, -19.125 ], [ 131.125, -19.125 ] ] ] } },
{ "type": "Feature", "properties": { "cluster_id": 14, "cohesion": 7.6169591655490407, "distances": { "1": 29.596675275122042, "2": 30.90746402212581, "3": 31.07332463255776, "4": 23.065663989846147, "5": 18.855743463868077, "6": 17.213791394789464, "7": 16.619629555161495, "8": 20.904387126434102, "9": 23.824060455954417, "10": 10.756745091861477, "11": 11.732735128635134, "12": 14.950664117416801, "13": 10.49309590535747, "15": 12.885539858695058, "16": 20.274045063700694, "17": 23.073635847444145, "18": 19.55040616586193, "19": 22.139156463231384, "20": 25.567845637111795, "21": 40.77514990859569, "22": 41.51036762829043, "23": 43.743262927835936, "24": 45.04642936108377, "25": 47.51066786702251, "26": 39.888201776321644, "27": 39.80277752052616, "28": 44.13429337863143, "29": 46.368100684342565, "30": 43.292289488077536, "31": 34.89836347319172, "32": 40.08377084074308, "33": 38.24206925729682, "34": 46.371082569958574, "35": 43.42887881250193, "36": 42.16315412848165, "37": 44.528422005529904, "38": 46.886071919601484, "39": 34.993644485172524, "40": 43.53007166919357, "41": 40.77908276866455, "42": 46.06895777831192, "43": 45.718664163099824, "44": 41.84058330574828, "45": 39.36081281338079, "46": 37.29496620130876, "47": 36.63759365612411, "48": 40.085766027067386, "49": 41.63186079933097, "50": 33.80055600657687, "51": 34.321286846906375, "52": 32.1260415027123, "53": 32.04931365172925, "54": 26.1036643783042, "55": 29.13156525903243, "56": 29.587193316650712, "57": 29.443493926500967, "58": 36.51815637239468, "59": 31.970114346530277, "60": 29.362276298359884, "61": 30.72268360573682, "62": 35.88681923914714, "63": 34.575673520421425, "64": 37.140281557816905, "65": 25.133531965103423, "66": 27.318548590673455, "67": 18.2041406251176, "68": 30.82852554530415, "69": 25.722119066352395, "70": 29.19588908436024, "71": 18.321720486625406, "72": 25.97705615545329, "73": 29.565620044398216 } }, "geometry": { "type": "Polygon", "coordinates": [ [ [ 130.125, -18.875 ], [ 130.125, -19.125 ], [ 128.375, -19.125 ], [ 128.375, -19.625 ], [ 129.125, -19.625 ], [ 129.125, -19.875 ], [ 129.875, -19.875 ], [ 129.875, -19.625 ], [ 130.375, -19.625 ], [ 130.375, -20.125 ], [ 130.625, -20.125 ], [ 130.625, -20.375 ], [ 130.875, -20.375 ], [ 130.875, -20.625 ], [ 131.125, -20.625 ], [ 131.125, -21.375 ], [ 131.375, -21.375 ], [ 131.375, -21.625 ], [ 132.125, -21.625 ], [ 132.125, -21.125 ], [ 133.625, -21.125 ], [ 133.625, -21.375 ], [ 134.875, -21.375 ], [ 134.875, -21.125 ], [ 136.125, -21.125 ], [ 136.125, -20.875 ], [ 134.625, -20.875 ], [ 134.625, -20.625 ], [ 132.125, -20.625 ], [ 132.125, -20.375 ], [ 131.875, -20.375 ], [ 131.875, -20.125 ], [ 131.625, -20.125 ], [ 131.625, -19.875 ], [ 131.375, -19.875 ], [ 131.375, -19.375 ], [ 131.125, -19.375 ], [ 131.125, -19.125 ], [ 130.875, -19.125 ], [ 130.875, -18.875 ], [ 130.125, -18.875 ] ] ] } },
{ "type": "Feature", "properties": { "cluster_id": 15, "cohesion": 6.1203294704682429, "distances": { "1": 29.676584319249294, "2": 30.163866655353296, "3": 30.293827819925166, "4": 24.799058171237647, "5": 19.76240423712889, "6": 20.898261121377242, "7": 20.984079519458902, "8": 22.72738211003389, "9": 25.018450385020902, "10": 9.814497136922636, "11": 17.477901537066835, "12": 12.22806875795528, "13": 17.786223657213753, "14": 12.885539858695058, "16": 12.760753246042835, "17": 23.283627068705403, "18": 17.825110048466403, "19": 16.766417580239093, "20": 22.986161507472232, "21": 36.31312252240327, "22": 37.24132403249341, "23": 38.95158530041931, "24": 40.569410746384605, "25": 42.790662925109245, "26": 36.77619388517901, "27": 36.21808258602398, "28": 39.34544519693304, "29": 41.522789447269574, "30": 39.24798110176332, "31": 33.96456162624213, "32": 38.79076838051469, "33": 37.39983576245754, "34": 44.09290182831641, "35": 40.81161829730871, "36": 40.26069495842069, "37": 41.215533463305114, "38": 44.00040642201528, "39": 31.744163096192082, "40": 39.39885098662317, "41": 37.53362275041926, "42": 42.26972126599404, "43": 42.34532089235047, "44": 38.747115774324065, "45": 35.16767283048681, "46": 32.217445064128526, "47": 31.30982538137265, "48": 36.67596690683741, "49": 37.43334636723068, "50": 31.53395565359868, "51": 32.693828616326705, "52": 31.20798657089187, "53": 30.229325300028474, "54": 25.42473606262666, "55": 27.934587078985736, "56": 27.24021358844952, "57": 26.836532913890167, "58": 32.66607297585373, "59": 29.4626510188728, "60": 26.651887399459405, "61": 30.1923237206223, "62": 33.882393966789856, "63": 32.526628444337405, "64": 34.24451813728641, "65": 25.626324974884717, "66": 26.646418700502075, "67": 20.07718557726906, "68": 25.015187436629425, "69": 17.840597961724974, "70": 21.899397190637956, "71": 12.85417462661323, "72": 21.87459686063811, "73": 23.23077168572235 } }, "geometry": { "type": "Polygon", "coordinates": [ [ [ 127.625, -18.875 ], [ 127.625, -19.125 ], [ 127.375, -19.125 ], [ 127.375, -19.375 ], [ 127.125, -19.375 ], [ 127.125, -19.625 ], [ 125.875, -19.625 ], [ 125.875, -19.375 ], [ 125.375, -19.375 ], [ 125.375, -19.875 ], [ 125.625, -19.875 ], [ 125.625, -20.125 ], [ 125.875, -20.125 ], [ 125.875, -20.375 ], [ 125.125, -20.375 ], [ 125.125, -20.625 ], [ 125.375, -20.625 ], [ 125.375, -20.875 ], [ 125.125, -20.875 ], [ 125.125, -21.125 ], [ 125.375, -21.125 ], [ 125.375, -21.375 ], [ 126.375, -21.375 ], [ 126.375, -21.625 ], [ 126.875, -21.625 ], [ 126.875, -21.375 ], [ 127.625, -21.375 ], [ 127.625, -21.625 ], [ 127.875, -21.625 ], [ 127.875, -21.375 ], [ 128.125, -21.375 ], [ 128.125, -21.125 ], [ 128.375, -21.125 ], [ 128.375, -20.875 ], [ 128.625, -20.875 ], [ 128.625, -20.375 ], [ 128.125, -20.375 ], [ 128.125, -20.125 ], [ 128.875, -20.125 ], [ 128.875, -19.875 ], [ 129.125, -19.875 ], [ 129.125, -19.625 ], [ 128.375, -19.625 ], [ 128.375, -19.375 ], [ 128.125, -19.375 ], [ 128.125, -18.875 ], [ 127.625, -18.875 ] ] ] } },
{ "type": "Feature", "properties": { "cluster_id": 16, "cohesion": 8.2260584931764207, "distances": { "1": 28.171349547318282, "2": 28.919197044473677, "3": 28.467336932226537, "4": 24.977152331490775, "5": 20.73605359365389, "6": 23.929257979863063, "7": 24.544413545351546, "8": 25.584860131993437, "9": 25.97171580627745, "10": 17.744831935756885, "11": 24.171051947348765, "12": 13.794047909098147, "13": 23.919601617731978, "14": 20.274045063700694, "15": 12.760753246042835, "17": 22.45339769819458, "18": 17.156687327537156, "19": 12.737992547120971, "20": 20.984844463957057, "21": 33.50793207541383, "22": 33.22170364909116, "23": 35.41516912085735, "24": 37.449906817021834, "25": 40.33064014228977, "26": 36.8687586995237, "27": 35.15254040802744, "28": 36.845875202229955, "29": 39.80758325646258, "30": 38.379767192497006, "31": 32.04727526093668, "32": 37.663089048425036, "33": 36.007497095300046, "34": 42.283640572557104, "35": 39.5124436456087, "36": 38.36872754860175, "37": 38.942960470821184, "38": 42.67072643413472, "39": 32.94355024910774, "40": 38.75847691957971, "41": 37.79921232936641, "42": 40.85537470628, "43": 41.30441495540603, "44": 38.60433503219679, "45": 32.82571723302405, "46": 28.52851179091105, "47": 29.115492786504568, "48": 35.106384001281626, "49": 36.52167776490116, "50": 30.59720758368118, "51": 31.19354794095301, "52": 30.189438355321002, "53": 29.917866443373217, "54": 26.661612145371137, "55": 27.1393453834223, "56": 25.330602213242834, "57": 25.658467191445187, "58": 28.727541223602536, "59": 26.71211878994673, "60": 24.081412491655573, "61": 32.4803082482793, "62": 35.30915897392082, "63": 31.9107314478404, "64": 33.77532400045679, "65": 28.662713705537914, "66": 30.253056850569713, "67": 25.91856371292247, "68": 20.04730382801849, "69": 12.313195020605798, "70": 18.80204700240862, "71": 17.811162168689528, "72": 24.99270543725659, "73": 23.114001730425958 } }, "geometry": { "type": "Polygon", "coordinates": [ [ [ 124.375, -16.375 ], [ 124.375, -16.625 ], [ 123.875, -16.625 ], [ 123.875, -17.125 ], [ 123.625, -17.125 ], [ 123.625, -17.375 ], [ 123.375, -17.375 ], [ 123.375, -17.625 ], [ 123.125, -17.625 ], [ 123.125, -17.875 ], [ 122.625, -17.875 ], [ 122.625, -17.375 ], [ 122.875, -17.375 ], [ 122.875, -17.125 ], [ 123.125, -17.125 ], [ 123.125, -16.875 ], [ 122.625, -16.875 ], [ 122.625, -17.125 ], [ 122.375, -17.125 ], [ 122.375, -18.125 ], [ 121.875, -18.125 ], [ 121.875, -18.375 ], [ 121.625, -18.375 ], [ 121.625, -18.625 ], [ 121.375, -18.625 ], [ 121.375, -18.875 ], [ 121.125, -18.875 ], [ 121.125, -19.125 ], [ 120.875, -19.125 ], [ 120.875, -19.375 ], [ 120.625, -19.375 ], [ 120.625, -19.625 ], [ 120.375, -19.625 ], [ 120.375, -19.875 ], [ 119.625, -19.875 ], [ 119.625, -20.125 ], [ 119.125, -20.125 ], [ 119.125, -20.375 ], [ 118.625, -20.375 ], [ 118.625, -21.375 ], [ 119.125, -21.375 ], [ 119.125, -21.125 ], [ 119.625, -21.125 ], [ 119.625, -21.375 ], [ 120.375, -21.375 ], [ 120.375, -21.125 ], [ 120.625, -21.125 ], [ 120.625, -20.875 ], [ 121.125, -20.875 ], [ 121.125, -20.625 ], [ 122.375, -20.625 ], [ 122.375, -20.875 ], [ 122.625, -20.875 ], [ 122.625, -21.125 ], [ 123.125, -21.125 ], [ 123.125, -21.375 ], [ 124.125, -21.375 ], [ 124.125, -21.125 ], [ 125.125, -21.125 ], [ 125.125, -20.875 ], [ 125.375, -20.875 ], [ 125.375, -20.625 ], [ 125.125, -20.625 ], [ 125.125, -20.375 ], [ 125.875, -20.375 ], [ 125.875, -20.125 ], [ 125.625, -20.125 ], [ 125.625, -19.875 ], [ 125.375, -19.875 ], [ 125.375, -19.375 ], [ 125.875, -19.375 ], [ 125.875, -19.125 ], [ 125.625, -19.125 ], [ 125.625, -18.375 ], [ 124.875, -18.375 ], [ 124.875, -18.125 ], [ 124.625, -18.125 ], [ 124.625, -17.375 ], [ 124.875, -17.375 ], [ 124.875, -16.875 ], [ 124.625, -16.875 ], [ 124.625, -16.375 ], [ 124.375, -16.375 ] ] ] } },
{ "type": "Feature", "properties": { "cluster_id": 17, "cohesion": 7.9707431067182677, "distances": { "1": 18.61031585876883, "2": 21.90519768571159, "3": 19.95115848853079, "4": 13.437887213213756, "5": 13.923162766681813, "6": 19.28927400940241, "7": 20.450662855599845, "8": 23.971747425259856, "9": 19.975395237525806, "10": 24.706881347964494, "11": 26.340394518324075, "12": 18.057804142392126, "13": 23.16868503041902, "14": 23.07363584744414, "15": 23.283627068705403, "16": 22.45339769819458, "18": 12.533698118449504, "19": 18.86517971281787, "20": 16.085946900114124, "21": 37.39348046349, "22": 33.76940803961461, "23": 37.50055664207739, "24": 37.76949441939979, "25": 42.18865143435667, "26": 41.19422002968071, "27": 39.174976118306105, "28": 41.05297725894118, "29": 43.49235628038802, "30": 42.67125248136824, "31": 26.147194588951432, "32": 34.5535769074571, "33": 30.8691564989715, "34": 40.055274194773865, "35": 39.58793844664452, "36": 34.89964615654541, "37": 37.36682027362063, "38": 41.94797476294734, "39": 37.717321176221624, "40": 42.518852817487534, "41": 41.656790538017646, "42": 41.786790814251624, "43": 42.7834332972885, "44": 40.27342400032709, "45": 36.86303512324694, "46": 33.514982980516926, "47": 35.716710132941216, "48": 37.480949933429855, "49": 40.78018107124594, "50": 28.70609254632048, "51": 26.195395081195468, "52": 26.32918948313091, "53": 28.652357501624447, "54": 25.914561455161376, "55": 26.385632238656353, "56": 27.849813044441483, "57": 28.34639038427622, "58": 30.212618379105436, "59": 25.96790474460363, "60": 26.57141179953235, "61": 35.06429473361748, "62": 39.06715946553969, "63": 33.48556037867194, "64": 35.94833729965176, "65": 30.516446947074467, "66": 34.91442405752662, "67": 30.168395024266587, "68": 27.309329305063944, "69": 26.744200206352417, "70": 30.532337102842746, "71": 28.339331586363073, "72": 33.00138162265485, "73": 33.0662840888089 } }, "geometry": { "type": "MultiPolygon", "coordinates": [ [ [ [ 129.875, -13.875 ], [ 129.875, -13.625 ], [ 130.125, -13.625 ], [ 130.125, -13.875 ], [ 129.875, -13.875 ] ] ], [ [ [ 133.375, -13.875 ], [ 133.375, -13.625 ], [ 133.625, -13.625 ], [ 133.625, -13.875 ], [ 133.375, -13.875 ] ] ], [ [ [ 130.125, -13.625 ], [ 130.125, -13.375 ], [ 130.375, -13.375 ], [ 130.375, -13.625 ], [ 130.125, -13.625 ] ] ], [ [ [ 134.125, -13.375 ], [ 134.125, -13.625 ], [ 133.625, -13.625 ], [ 133.625, -13.375 ], [ 133.875, -13.375 ], [ 133.875, -13.125 ], [ 134.375, -13.125 ], [ 134.375, -13.375 ], [ 134.125, -13.375 ] ] ], [ [ [ 135.375, -13.125 ], [ 135.625, -13.125 ], [ 135.625, -13.375 ], [ 135.375, -13.375 ], [ 135.375, -13.125 ] ] ], [ [ [ 135.875, -12.375 ], [ 135.625, -12.375 ], [ 135.625, -12.125 ], [ 133.875, -12.125 ], [ 133.875, -11.875 ], [ 133.125, -11.875 ], [ 133.125, -12.375 ], [ 132.625, -12.375 ], [ 132.625, -12.625 ], [ 132.125, -12.625 ], [ 132.125, -12.875 ], [ 131.125, -12.875 ], [ 131.125, -13.125 ], [ 130.625, -13.125 ], [ 130.625, -13.375 ], [ 130.375, -13.375 ], [ 130.375, -12.875 ], [ 130.625, -12.875 ], [ 130.625, -12.625 ], [ 131.125, -12.625 ], [ 131.125, -12.375 ], [ 132.375, -12.375 ], [ 132.375, -12.125 ], [ 131.625, -12.125 ], [ 131.625, -11.875 ], [ 132.125, -11.875 ], [ 132.125, -11.625 ], [ 132.375, -11.625 ], [ 132.375, -11.375 ], [ 132.625, -11.375 ], [ 132.625, -11.125 ], [ 133.125, -11.125 ], [ 133.125, -11.375 ], [ 133.875, -11.375 ], [ 133.875, -11.625 ], [ 134.875, -11.625 ], [ 134.875, -11.875 ], [ 135.375, -11.875 ], [ 135.375, -11.625 ], [ 135.625, -11.625 ], [ 135.625, -11.875 ], [ 136.625, -11.875 ], [ 136.625, -12.125 ], [ 136.875, -12.125 ], [ 136.875, -12.375 ], [ 137.125, -12.375 ], [ 137.125, -12.625 ], [ 136.875, -12.625 ], [ 136.875, -13.125 ], [ 136.625, -13.125 ], [ 136.625, -13.375 ], [ 136.375, -13.375 ], [ 136.375, -13.625 ], [ 135.875, -13.625 ], [ 135.875, -13.125 ], [ 135.625, -13.125 ], [ 135.625, -12.875 ], [ 135.875, -12.875 ], [ 135.875, -12.375 ] ] ], [ [ [ 131.625, -11.125 ], [ 131.625, -11.375 ], [ 131.875, -11.375 ], [ 131.875, -11.625 ], [ 131.625, -11.625 ], [ 131.625, -11.875 ], [ 130.875, -11.875 ], [ 130.875, -11.375 ], [ 131.125, -11.375 ], [ 131.125, -10.875 ], [ 131.375, -10.875 ], [ 131.375, -11.125 ], [ 131.625, -11.125 ] ] ], [ [ [ 130.375, -11.125 ], [ 130.375, -10.875 ], [ 130.625, -10.875 ], [ 130.625, -11.125 ], [ 130.375, -11.125 ] ] ] ] } },
{ "type": "Feature", "properties": { "cluster_id": 18, "cohesion": 9.5177935382956154, "distances": { "1": 22.055630978430944, "2": 23.891188185531767, "3": 22.921994611754357, "4": 16.22079863085858, "5": 12.627947047488556, "6": 18.34507965721616, "7": 19.611441698268674, "8": 22.24897160389236, "9": 20.40873856044121, "10": 19.980566213154926, "11": 23.455259738472805, "12": 12.652795088904933, "13": 21.121635257063836, "14": 19.55040616586193, "15": 17.825110048466403, "16": 17.156687327537156, "17": 12.533698118449504, "19": 13.932793030680894, "20": 15.834052399414873, "21": 35.94460085069401, "22": 33.75749231761216, "23": 36.74047075249606, "24": 37.47549847086071, "25": 41.26572044765745, "26": 38.700153254678966, "27": 36.90148198915634, "28": 39.289444962666174, "29": 41.76086251109755, "30": 40.535978984843595, "31": 27.894996411820998, "32": 35.46773962017653, "33": 32.38097810528543, "34": 40.64923974045209, "35": 39.40361739054508, "36": 35.77834988479407, "37": 37.55171843460021, "38": 41.82080953619385, "39": 35.30436356911168, "40": 40.56172614203726, "41": 39.48158639014734, "42": 40.98224536199915, "43": 41.97952173715046, "44": 39.183943613966264, "45": 35.387637474093125, "46": 31.656938962893335, "47": 33.393197321698025, "48": 36.52223776532597, "49": 39.14396506814597, "50": 28.12711217965135, "51": 27.42315435443593, "52": 26.951952366606054, "53": 27.50331352757918, "54": 24.033568031967892, "55": 25.618788387193742, "56": 26.40158971736005, "57": 26.537968434465817, "58": 29.99974965678876, "59": 26.52224262048088, "60": 25.591879930330016, "61": 32.82169605161988, "62": 36.71817228043086, "63": 31.92012023767714, "64": 33.89112701087648, "65": 28.068054895363673, "66": 31.96358471478326, "67": 26.953000708278317, "68": 24.66032627872468, "69": 22.423277299368156, "70": 26.62184685147852, "71": 23.541780853899418, "72": 29.284203474771022, "73": 29.461816544988924 } }, "geometry": { "type": "MultiPolygon", "coordinates": [ [ [ [ 127.625, -14.125 ], [ 127.625, -14.375 ], [ 127.375, -14.375 ], [ 127.375, -15.125 ], [ 127.125, -15.125 ], [ 127.125, -15.625 ], [ 126.875, -15.625 ], [ 126.875, -15.875 ], [ 127.875, -15.875 ], [ 127.875, -16.125 ], [ 128.125, -16.125 ], [ 128.125, -16.375 ], [ 127.875, -16.375 ], [ 127.875, -16.625 ], [ 127.625, -16.625 ], [ 127.625, -16.125 ], [ 127.125, -16.125 ], [ 127.125, -16.375 ], [ 126.875, -16.375 ], [ 126.875, -16.625 ], [ 126.625, -16.625 ], [ 126.625, -16.875 ], [ 126.375, -16.875 ], [ 126.375, -17.125 ], [ 126.125, -17.125 ], [ 126.125, -16.875 ], [ 125.625, -16.875 ], [ 125.625, -16.625 ], [ 125.875, -16.625 ], [ 125.875, -16.125 ], [ 125.625, -16.125 ], [ 125.625, -15.875 ], [ 125.375, -15.875 ], [ 125.375, -16.125 ], [ 125.125, -16.125 ], [ 125.125, -16.375 ], [ 124.625, -16.375 ], [ 124.625, -15.625 ], [ 124.875, -15.625 ], [ 124.875, -15.375 ], [ 125.125, -15.375 ], [ 125.125, -15.125 ], [ 125.375, -15.125 ], [ 125.375, -14.875 ], [ 125.625, -14.875 ], [ 125.625, -14.625 ], [ 125.875, -14.625 ], [ 125.875, -14.375 ], [ 126.125, -14.375 ], [ 126.125, -14.125 ], [ 126.625, -14.125 ], [ 126.625, -13.875 ], [ 127.375, -13.875 ], [ 127.375, -14.125 ], [ 127.625, -14.125 ] ] ], [ [ [ 127.875, -15.625 ], [ 127.875, -15.375 ], [ 128.125, -15.375 ], [ 128.125, -15.625 ], [ 127.875, -15.625 ] ] ], [ [ [ 128.125, -15.125 ], [ 128.375, -15.125 ], [ 128.375, -15.375 ], [ 128.125, -15.375 ], [ 128.125, -15.125 ] ] ], [ [ [ 128.625, -15.125 ], [ 128.375, -15.125 ], [ 128.375, -14.875 ], [ 128.625, -14.875 ], [ 128.625, -15.125 ] ] ], [ [ [ 136.125, -13.625 ], [ 136.125, -13.875 ], [ 136.375, -13.875 ], [ 136.375, -14.125 ], [ 136.125, -14.125 ], [ 136.125, -14.375 ], [ 135.875, -14.375 ], [ 135.875, -14.875 ], [ 136.125, -14.875 ], [ 136.125, -15.125 ], [ 135.375, -15.125 ], [ 135.375, -14.875 ], [ 134.625, -14.875 ], [ 134.625, -15.125 ], [ 134.375, -15.125 ], [ 134.375, -15.375 ], [ 134.125, -15.375 ], [ 134.125, -15.625 ], [ 133.875, -15.625 ], [ 133.875, -15.375 ], [ 132.875, -15.375 ], [ 132.875, -15.125 ], [ 132.625, -15.125 ], [ 132.625, -14.625 ], [ 132.875, -14.625 ], [ 132.875, -14.375 ], [ 133.125, -14.375 ], [ 133.125, -14.125 ], [ 133.375, -14.125 ], [ 133.375, -13.875 ], [ 133.625, -13.875 ], [ 133.625, -13.625 ], [ 134.125, -13.625 ], [ 134.125, -13.375 ], [ 134.375, -13.375 ], [ 134.375, -14.125 ], [ 134.875, -14.125 ], [ 134.875, -13.875 ], [ 135.125, -13.875 ], [ 135.125, -13.625 ], [ 135.375, -13.625 ], [ 135.375, -13.375 ], [ 135.625, -13.375 ], [ 135.625, -13.125 ], [ 135.875, -13.125 ], [ 135.875, -13.625 ], [ 136.125, -13.625 ] ] ], [ [ [ 129.625, -14.125 ], [ 129.625, -14.875 ], [ 128.625, -14.875 ], [ 128.625, -14.625 ], [ 129.375, -14.625 ], [ 129.375, -14.375 ], [ 129.125, -14.375 ], [ 129.125, -14.125 ], [ 129.375, -14.125 ], [ 129.375, -13.875 ], [ 129.625, -13.875 ], [ 129.625, -13.625 ], [ 129.875, -13.625 ], [ 129.875, -14.125 ], [ 129.625, -14.125 ] ] ], [ [ [ 129.875, -13.375 ], [ 130.125, -13.375 ], [ 130.125, -13.625 ], [ 129.875, -13.625 ], [ 129.875, -13.375 ] ] ], [ [ [ 130.375, -13.375 ], [ 130.125, -13.375 ], [ 130.125, -13.125 ], [ 130.375, -13.125 ], [ 130.375, -13.375 ] ] ] ] } },
{ "type": "Feature", "properties": { "cluster_id": 19, "cohesion": 8.2306609211844854, "distances": { "1": 27.212458270500772, "2": 25.268734799484, "3": 26.26827277862725, "4": 24.52440326629251, "5": 20.198384622349888, "6": 25.29220908987532, "7": 24.180499855394782, "8": 23.379411044848993, "9": 23.435473611434784, "10": 19.357660476760923, "11": 24.74099385613904, "12": 15.075498613251183, "13": 25.985480365854496, "14": 22.139156463231384, "15": 16.766417580239093, "16": 12.737992547120971, "17": 18.86517971281787, "18": 13.932793030680894, "20": 13.837351500173765, "21": 31.012501639693415, "22": 30.6904385876454, "23": 32.410810207656, "24": 33.10320237966462, "25": 35.90071944619634, "26": 33.6516782857997, "27": 32.07677616441854, "28": 33.95306176941988, "29": 35.967823128666964, "30": 34.9427015441257, "31": 27.62312181335396, "32": 32.42119324213836, "33": 30.852297390025022, "34": 36.54396231556264, "35": 34.44120440172903, "36": 32.85365935739155, "37": 33.518103328981105, "38": 37.05128996711743, "39": 29.812973378605633, "40": 34.81181896291419, "41": 34.1143466837886, "42": 35.86150834789727, "43": 36.25052559192355, "44": 33.92154722798461, "45": 29.003166535459997, "46": 25.395541492584016, "47": 26.508819488582528, "48": 30.781030989111965, "49": 32.76055415560623, "50": 25.891203702031202, "51": 26.502445591847795, "52": 25.706436169212154, "53": 25.549212927917637, "54": 23.32300488239769, "55": 23.753525414085004, "56": 24.115147972427476, "57": 22.96729625236786, "58": 27.666480945067647, "59": 24.84761701404605, "60": 23.60020839806448, "61": 29.73147799063221, "62": 32.147489820178876, "63": 28.398396478374774, "64": 29.854262357413685, "65": 26.459281426043674, "66": 28.340439843772632, "67": 25.28062128972357, "68": 18.377257658330112, "69": 15.678458713229059, "70": 19.469727808561515, "71": 19.620582873613124, "72": 24.1754778021925, "73": 23.07941900708805 } }, "geometry": { "type": "MultiPolygon", "coordinates": [ [ [ [ 126.125, -16.875 ], [ 126.125, -17.625 ], [ 125.875, -17.625 ], [ 125.875, -17.875 ], [ 125.375, -17.875 ], [ 125.375, -17.625 ], [ 125.625, -17.625 ], [ 125.625, -16.875 ], [ 126.125, -16.875 ] ] ], [ [ [ 124.625, -16.375 ], [ 124.375, -16.375 ], [ 124.375, -16.625 ], [ 123.875, -16.625 ], [ 123.875, -17.125 ], [ 123.625, -17.125 ], [ 123.625, -17.375 ], [ 123.375, -17.375 ], [ 123.375, -17.625 ], [ 123.125, -17.625 ], [ 123.125, -17.875 ], [ 122.625, -17.875 ], [ 122.625, -17.375 ], [ 122.875, -17.375 ], [ 122.875, -17.125 ], [ 123.125, -17.125 ], [ 123.125, -16.875 ], [ 122.625, -16.875 ], [ 122.625, -17.125 ], [ 122.375, -17.125 ], [ 122.375, -18.125 ], [ 122.125, -18.125 ], [ 122.125, -17.875 ], [ 121.875, -17.875 ], [ 121.875, -17.125 ], [ 122.125, -17.125 ], [ 122.125, -16.875 ], [ 122.375, -16.875 ], [ 122.375, -16.625 ], [ 122.625, -16.625 ], [ 122.625, -16.375 ], [ 123.625, -16.375 ], [ 123.625, -16.125 ], [ 124.375, -16.125 ], [ 124.375, -15.875 ], [ 124.625, -15.875 ], [ 124.625, -16.375 ] ] ], [ [ [ 128.375, -14.625 ], [ 128.625, -14.625 ], [ 128.625, -14.875 ], [ 128.375, -14.875 ], [ 128.375, -15.125 ], [ 128.125, -15.125 ], [ 128.125, -15.375 ], [ 127.875, -15.375 ], [ 127.875, -15.875 ], [ 126.875, -15.875 ], [ 126.875, -15.625 ], [ 127.125, -15.625 ], [ 127.125, -15.125 ], [ 127.375, -15.125 ], [ 127.375, -14.375 ], [ 128.375, -14.375 ], [ 128.375, -14.625 ] ] ] ] } },
{ "type": "Feature", "properties": { "cluster_id": 20, "cohesion": 8.2888809823311895, "distances": { "1": 26.202532132898703, "2": 21.723107753138372, "3": 24.007807919899047, "4": 25.32992173699014, "5": 22.668645968327105, "6": 28.1920463042177, "7": 24.90497960255735, "8": 22.57659549436659, "9": 21.82148370373982, "10": 23.270064761500855, "11": 26.288694674960297, "12": 21.187469069865397, "13": 28.84574151690924, "14": 25.567845637111795, "15": 22.986161507472232, "16": 20.984844463957053, "17": 16.085946900114124, "18": 15.834052399414873, "19": 13.837351500173767, "21": 31.029335474095323, "22": 30.338461908696708, "23": 31.75618088649091, "24": 30.31214795469225, "25": 32.829031405670875, "26": 32.45914942402218, "27": 31.56226555852747, "28": 33.54925781043644, "29": 33.761063458276475, "30": 33.47746569796779, "31": 23.055824174917586, "32": 26.027060104447003, "33": 24.843657052439433, "34": 30.187784666831508, "35": 28.844229706048885, "36": 27.046099639726307, "37": 28.538430631691874, "38": 31.232077694990853, "39": 27.518656500067383, "40": 32.1101135691424, "41": 31.715236018825394, "42": 31.37157380720648, "43": 31.158406530183917, "44": 29.24433953413899, "45": 26.205946702575602, "46": 24.434392575867257, "47": 25.28050613985571, "48": 26.543485556423466, "49": 29.399901070805615, "50": 22.73035039205073, "51": 22.04552246980972, "52": 22.017381332297877, "53": 23.225006206967162, "54": 22.119436960244396, "55": 22.260216505957573, "56": 25.598554390709214, "57": 22.869951476881987, "58": 28.803920285578666, "59": 24.011734004905254, "60": 25.428541437826123, "61": 28.071312732090398, "62": 30.15559356570207, "63": 26.987513650424216, "64": 28.125606798269494, "65": 25.559519605992776, "66": 27.534477490784983, "67": 25.810645420510937, "68": 20.077935836801135, "69": 21.891922576680688, "70": 22.700143128667253, "71": 23.39359251384893, "72": 24.91657308128504, "73": 24.628415189843487 } }, "geometry": { "type": "MultiPolygon", "coordinates": [ [ [ [ 123.375, -16.375 ], [ 123.375, -16.125 ], [ 123.625, -16.125 ], [ 123.625, -16.375 ], [ 123.375, -16.375 ] ] ], [ [ [ 125.875, -14.625 ], [ 125.625, -14.625 ], [ 125.625, -14.875 ], [ 125.375, -14.875 ], [ 125.375, -15.125 ], [ 125.125, -15.125 ], [ 125.125, -15.375 ], [ 124.875, -15.375 ], [ 124.875, -15.625 ], [ 124.625, -15.625 ], [ 124.625, -15.875 ], [ 124.375, -15.875 ], [ 124.375, -16.125 ], [ 123.625, -16.125 ], [ 123.625, -15.875 ], [ 124.125, -15.875 ], [ 124.125, -15.625 ], [ 124.375, -15.625 ], [ 124.375, -15.375 ], [ 124.625, -15.375 ], [ 124.625, -15.125 ], [ 124.875, -15.125 ], [ 124.875, -14.625 ], [ 125.125, -14.625 ], [ 125.125, -14.375 ], [ 125.375, -14.375 ], [ 125.375, -14.125 ], [ 126.125, -14.125 ], [ 126.125, -14.375 ], [ 125.875, -14.375 ], [ 125.875, -14.625 ] ] ], [ [ [ 126.625, -14.125 ], [ 126.125, -14.125 ], [ 126.125, -13.875 ], [ 126.625, -13.875 ], [ 126.625, -14.125 ] ] ], [ [ [ 127.875, -13.875 ], [ 127.875, -14.125 ], [ 128.125, -14.125 ], [ 128.125, -14.375 ], [ 127.625, -14.375 ], [ 127.625, -14.125 ], [ 127.375, -14.125 ], [ 127.375, -13.875 ], [ 126.625, -13.875 ], [ 126.625, -13.625 ], [ 127.625, -13.625 ], [ 127.625, -13.875 ], [ 127.875, -13.875 ] ] ], [ [ [ 129.375, -13.875 ], [ 129.375, -13.625 ], [ 129.625, -13.625 ], [ 129.625, -13.875 ], [ 129.375, -13.875 ] ] ], [ [ [ 129.625, -13.375 ], [ 129.875, -13.375 ], [ 129.875, -13.625 ], [ 129.625, -13.625 ], [ 129.625, -13.375 ] ] ], [ [ [ 130.125, -12.375 ], [ 130.375, -12.375 ], [ 130.375, -11.875 ], [ 130.125, -11.875 ], [ 130.125, -11.625 ], [ 129.875, -11.625 ], [ 129.875, -11.375 ], [ 130.125, -11.375 ], [ 130.125, -11.125 ], [ 131.125, -11.125 ], [ 131.125, -11.375 ], [ 130.875, -11.375 ], [ 130.875, -11.875 ], [ 131.625, -11.875 ], [ 131.625, -12.125 ], [ 132.375, -12.125 ], [ 132.375, -12.375 ], [ 131.125, -12.375 ], [ 131.125, -12.625 ], [ 130.625, -12.625 ], [ 130.625, -12.875 ], [ 130.375, -12.875 ], [ 130.375, -13.125 ], [ 130.125, -13.125 ], [ 130.125, -13.375 ], [ 129.875, -13.375 ], [ 129.875, -12.625 ], [ 130.125, -12.625 ], [ 130.125, -12.375 ] ], [ [ 130.625, -11.875 ], [ 130.625, -12.125 ], [ 130.875, -12.125 ], [ 130.875, -11.875 ], [ 130.625, -11.875 ] ] ] ] } },
{ "type": "Feature", "properties": { "cluster_id": 21, "cohesion": 8.1220478376047449, "distances": { "1": 37.711049798453395, "2": 33.31210982008317, "3": 34.31971243646787, "4": 43.61247128959111, "5": 41.54357093856844, "6": 45.48815740978432, "7": 40.457394992891935, "8": 35.26771090725846, "9": 36.11672654150053, "10": 36.5259814167049, "11": 39.09439087135875, "12": 39.10760025234949, "13": 44.832561074874256, "14": 40.77514990859569, "15": 36.31312252240327, "16": 33.50793207541383, "17": 37.39348046349, "18": 35.944600850694, "19": 31.01250163969342, "20": 31.029335474095323, "22": 15.556044284465203, "23": 12.986827826642239, "24": 20.50471262326367, "25": 22.19669258152571, "26": 22.015981449916357, "27": 17.434758382351944, "28": 10.762680639389451, "29": 20.645840839027823, "30": 17.94250450779457, "31": 31.953846729426587, "32": 36.01318835001717, "33": 34.66979834286038, "34": 35.50412337945063, "35": 34.557906193391226, "36": 32.175190491290216, "37": 27.503528155976102, "38": 32.00350836073284, "39": 28.384310853779034, "40": 24.71178881520891, "41": 25.66864606837032, "42": 27.611877860479755, "43": 31.9792595409925, "44": 29.18753699548112, "45": 28.249684300387322, "46": 24.76749588568108, "47": 28.551106117266496, "48": 32.308800230526415, "49": 29.8499320637441, "50": 28.73823098540748, "51": 30.592081170988937, "52": 29.047899285887986, "53": 29.405734501220415, "54": 31.782589488210103, "55": 25.785818609363076, "56": 21.246422848418366, "57": 20.081509960981812, "58": 18.04714866954311, "59": 22.36895730030327, "60": 21.57644581356007, "61": 29.920219857596805, "62": 28.04351626757362, "63": 23.463390657276907, "64": 25.365036740121553, "65": 32.00595976237724, "66": 31.59215672357394, "67": 35.259041059340284, "68": 25.166095294912413, "69": 28.97619466318585, "70": 27.63053212782894, "71": 32.757763947912714, "72": 29.626001230101846, "73": 27.559581758670163 } }, "geometry": { "type": "MultiPolygon", "coordinates": [ [ [ [ 149.125, -36.375 ], [ 149.125, -36.625 ], [ 148.875, -36.625 ], [ 148.875, -36.375 ], [ 149.125, -36.375 ] ] ], [ [ [ 142.875, -34.125 ], [ 142.875, -34.875 ], [ 143.375, -34.875 ], [ 143.375, -35.125 ], [ 144.375, -35.125 ], [ 144.375, -35.375 ], [ 144.875, -35.375 ], [ 144.875, -35.625 ], [ 145.375, -35.625 ], [ 145.375, -35.875 ], [ 146.125, -35.875 ], [ 146.125, -36.375 ], [ 146.375, -36.375 ], [ 146.375, -36.125 ], [ 146.625, -36.125 ], [ 146.625, -35.875 ], [ 147.375, -35.875 ], [ 147.375, -35.625 ], [ 147.625, -35.625 ], [ 147.625, -35.375 ], [ 148.375, -35.375 ], [ 148.375, -36.375 ], [ 148.125, -36.375 ], [ 148.125, -36.625 ], [ 147.625, -36.625 ], [ 147.625, -36.875 ], [ 146.875, -36.875 ], [ 146.875, -37.125 ], [ 146.375, -37.125 ], [ 146.375, -37.375 ], [ 144.125, -37.375 ], [ 144.125, -36.875 ], [ 143.875, -36.875 ], [ 143.875, -37.125 ], [ 143.625, -37.125 ], [ 143.625, -36.625 ], [ 143.375, -36.625 ], [ 143.375, -36.375 ], [ 142.875, -36.375 ], [ 142.875, -36.125 ], [ 142.625, -36.125 ], [ 142.625, -35.375 ], [ 142.375, -35.375 ], [ 142.375, -34.125 ], [ 142.875, -34.125 ] ] ] ] } },
{ "type": "Feature", "properties": { "cluster_id": 22, "cohesion": 5.9841408639776281, "distances": { "1": 31.47181265330928, "2": 29.13788829641172, "3": 28.48972536368839, "4": 39.10267855167914, "5": 38.58819987766898, "6": 42.83868315598799, "7": 38.913046227704655, "8": 35.34921029956038, "9": 33.36190829350073, "10": 38.73785566314722, "11": 41.09781327921311, "12": 37.97647927790824, "13": 44.30508709904326, "14": 41.51036762829043, "15": 37.24132403249341, "16": 33.221703649091154, "17": 33.76940803961461, "18": 33.75749231761217, "19": 30.6904385876454, "20": 30.338461908696708, "21": 15.556044284465203, "23": 10.421145071315157, "24": 18.12494168812369, "25": 24.21063122902195, "26": 30.435801288145843, "27": 25.525482704247402, "28": 18.377749928169177, "29": 26.416389691301013, "30": 26.841413171797956, "31": 28.3525813379774, "32": 36.43236812868619, "33": 32.981547584255146, "34": 36.26745070794966, "35": 37.33704560316928, "36": 30.973310939601255, "37": 26.844624599326636, "38": 34.50822712911007, "39": 35.033452962962194, "40": 31.331307850155813, "41": 33.02618217847294, "42": 30.780759365840623, "43": 36.56601264688523, "44": 34.549553234404385, "45": 31.727481664473512, "46": 26.372811253634065, "47": 32.73042690888417, "48": 35.741294336623305, "49": 35.43830974922419, "50": 28.240640709314352, "51": 27.74596784653741, "52": 27.725497789498956, "53": 29.628581462403464, "54": 32.09828141878275, "55": 26.629052618072457, "56": 22.97841805660586, "57": 23.879824735382435, "58": 12.645548270390204, "59": 18.987832034856865, "60": 21.3690808060154, "61": 34.96267259339276, "62": 34.85430811890247, "63": 27.38307194225645, "64": 29.176504267411268, "65": 35.09338217733943, "66": 37.515655956919474, "67": 39.527463551570385, "68": 25.604009109130253, "69": 29.976628407884075, "70": 30.709883563177087, "71": 36.388966591886444, "72": 35.48441926880531, "73": 32.48543071439164 } }, "geometry": { "type": "MultiPolygon", "coordinates": [ [ [ [ 146.125, -37.375 ], [ 146.125, -37.625 ], [ 144.875, -37.625 ], [ 144.875, -37.375 ], [ 146.125, -37.375 ] ] ], [ [ [ 140.875, -36.125 ], [ 141.125, -36.125 ], [ 141.125, -36.375 ], [ 141.625, -36.375 ], [ 141.625, -36.625 ], [ 141.875, -36.625 ], [ 141.875, -36.875 ], [ 142.125, -36.875 ], [ 142.125, -37.125 ], [ 143.375, -37.125 ], [ 143.375, -37.375 ], [ 144.125, -37.375 ], [ 144.125, -37.625 ], [ 142.125, -37.625 ], [ 142.125, -37.875 ], [ 141.625, -37.875 ], [ 141.625, -38.125 ], [ 140.125, -38.125 ], [ 140.125, -37.875 ], [ 139.875, -37.875 ], [ 139.875, -37.625 ], [ 139.625, -37.625 ], [ 139.625, -37.375 ], [ 139.375, -37.375 ], [ 139.375, -36.375 ], [ 139.875, -36.375 ], [ 139.875, -35.875 ], [ 140.875, -35.875 ], [ 140.875, -36.125 ] ] ], [ [ [ 139.125, -35.375 ], [ 138.875, -35.375 ], [ 138.875, -35.625 ], [ 138.375, -35.625 ], [ 138.375, -35.125 ], [ 138.625, -35.125 ], [ 138.625, -34.875 ], [ 138.875, -34.875 ], [ 138.875, -34.625 ], [ 139.125, -34.625 ], [ 139.125, -35.375 ] ] ] ] } },
{ "type": "Feature", "properties": { "cluster_id": 23, "cohesion": 7.4570843510987563, "distances": { "1": 36.34861849804197, "2": 31.994737033743043, "3": 32.52867982488211, "4": 43.8070302474704, "5": 42.44033251034534, "6": 46.92380824797938, "7": 42.042506221456996, "8": 36.94377018967032, "9": 36.2737833865625, "10": 39.82594920314153, "11": 42.531452612602806, "12": 40.75760811531999, "13": 47.44348517398529, "14": 43.743262927835936, "15": 38.95158530041931, "16": 35.41516912085735, "17": 37.50055664207739, "18": 36.74047075249606, "19": 32.41081020765599, "20": 31.75618088649091, "21": 12.986827826642239, "22": 10.421145071315156, "24": 14.138742611842082, "25": 18.320379850327694, "26": 26.5225695860634, "27": 22.838948117716324, "28": 13.093164176174804, "29": 20.0369629343679, "30": 21.227881022587365, "31": 30.60630451074919, "32": 36.19872229186077, "33": 33.79023148557717, "34": 34.446376329036006, "35": 35.27320650999484, "36": 30.27482467268187, "37": 24.042950717311378, "38": 30.965633377134136, "39": 31.70113863120732, "40": 26.087660808752965, "41": 28.496471174561897, "42": 26.102411485287867, "43": 32.78605779328378, "44": 30.569628017380605, "45": 29.987184834968073, "46": 25.27211867424901, "47": 30.645874228453927, "48": 33.9311943699701, "49": 31.938150635615678, "50": 28.611735431978595, "51": 29.334717526023102, "52": 29.70336952584114, "53": 30.403818283523535, "54": 33.27661078272071, "55": 28.469561613067444, "56": 25.8139098917722, "57": 24.80825836143459, "58": 18.35664421995313, "59": 23.413231320190278, "60": 25.406987776841945, "61": 33.486045924999026, "62": 31.72310288925939, "63": 27.141328691475977, "64": 27.696827247189486, "65": 34.955951927832295, "66": 35.810660915350915, "67": 39.360990020152485, "68": 26.074554407881834, "69": 31.05934712856242, "70": 30.02334625562975, "71": 36.301917626414124, "72": 33.66347529847946, "73": 30.803504709693403 } }, "geometry": { "type": "Polygon", "coordinates": [ [ [ 138.125, -32.375 ], [ 138.125, -33.125 ], [ 137.875, -33.125 ], [ 137.875, -33.625 ], [ 137.625, -33.625 ], [ 137.625, -33.875 ], [ 137.375, -33.875 ], [ 137.375, -33.625 ], [ 137.125, -33.625 ], [ 137.125, -33.125 ], [ 136.625, -33.125 ], [ 136.625, -33.875 ], [ 136.375, -33.875 ], [ 136.375, -34.125 ], [ 136.125, -34.125 ], [ 136.125, -34.375 ], [ 135.875, -34.375 ], [ 135.875, -34.875 ], [ 136.125, -34.875 ], [ 136.125, -34.625 ], [ 136.375, -34.625 ], [ 136.375, -34.375 ], [ 136.625, -34.375 ], [ 136.625, -34.125 ], [ 137.125, -34.125 ], [ 137.125, -34.375 ], [ 137.375, -34.375 ], [ 137.375, -34.625 ], [ 137.625, -34.625 ], [ 137.625, -34.875 ], [ 137.875, -34.875 ], [ 137.875, -34.625 ], [ 138.125, -34.625 ], [ 138.125, -35.375 ], [ 138.375, -35.375 ], [ 138.375, -35.125 ], [ 138.625, -35.125 ], [ 138.625, -34.875 ], [ 138.875, -34.875 ], [ 138.875, -34.625 ], [ 139.125, -34.625 ], [ 139.125, -35.375 ], [ 138.875, -35.375 ], [ 138.875, -35.625 ], [ 138.625, -35.625 ], [ 138.625, -35.875 ], [ 139.125, -35.875 ], [ 139.125, -36.125 ], [ 139.375, -36.125 ], [ 139.375, -36.375 ], [ 139.875, -36.375 ], [ 139.875, -35.875 ], [ 140.875, -35.875 ], [ 140.875, -36.125 ], [ 141.125, -36.125 ], [ 141.125, -36.375 ], [ 141.625, -36.375 ], [ 141.625, -36.625 ], [ 141.875, -36.625 ], [ 141.875, -36.875 ], [ 142.125, -36.875 ], [ 142.125, -37.125 ], [ 143.375, -37.125 ], [ 143.375, -37.375 ], [ 144.125, -37.375 ], [ 144.125, -36.875 ], [ 143.875, -36.875 ], [ 143.875, -37.125 ], [ 143.625, -37.125 ], [ 143.625, -36.625 ], [ 143.375, -36.625 ], [ 143.375, -36.375 ], [ 142.875, -36.375 ], [ 142.875, -36.125 ], [ 142.625, -36.125 ], [ 142.625, -35.375 ], [ 142.375, -35.375 ], [ 142.375, -35.125 ], [ 141.875, -35.125 ], [ 141.875, -34.625 ], [ 141.625, -34.625 ], [ 141.625, -35.125 ], [ 141.375, -35.125 ], [ 141.375, -34.875 ], [ 141.125, -34.875 ], [ 141.125, -35.125 ], [ 140.125, -35.125 ], [ 140.125, -34.875 ], [ 139.625, -34.875 ], [ 139.625, -33.375 ], [ 139.875, -33.375 ], [ 139.875, -32.875 ], [ 138.375, -32.875 ], [ 138.375, -32.375 ], [ 138.125, -32.375 ] ] ] } },
{ "type": "Feature", "properties": { "cluster_id": 24, "cohesion": 7.2523532668295632, "distances": { "1": 36.8281822778166, "2": 29.722933021358333, "3": 31.826515912958758, "4": 45.214258183512605, "5": 43.8204597121699, "6": 48.629044660437096, "7": 42.37173302985396, "8": 35.78390007991737, "9": 35.097375873625424, "10": 40.80967315196507, "11": 43.14653841967149, "12": 42.28237055693588, "13": 48.99667337676745, "14": 45.046429361083774, "15": 40.569410746384605, "16": 37.449906817021834, "17": 37.7694944193998, "18": 37.47549847086071, "19": 33.10320237966463, "20": 30.312147954692247, "21": 20.50471262326367, "22": 18.124941688123688, "23": 14.138742611842083, "25": 11.558892675833428, "26": 26.45458148784521, "27": 25.491007520951417, "28": 18.855445687619618, "29": 17.058474468128626, "30": 21.80393467466099, "31": 27.534599807211134, "32": 31.234147407186956, "33": 28.935379345989276, "34": 27.259768037350828, "35": 29.99855335919379, "36": 22.873798738425116, "37": 13.627263675397732, "38": 22.40708218318415, "39": 29.087040305449964, "40": 22.098112523213604, "41": 25.46765531342686, "42": 17.72143618082398, "43": 26.955219832840253, "44": 25.01492822933762, "45": 27.13576846920262, "46": 23.180942275385256, "47": 28.934659593527694, "48": 30.249075266851086, "49": 28.560122892773805, "50": 25.58757071929047, "51": 25.94306334471232, "52": 28.387289106410574, "53": 28.703209044304227, "54": 31.836241385200875, "55": 29.51115964131279, "56": 30.9336792101134, "57": 27.63439588249268, "58": 25.817565041874225, "59": 26.6982625570379, "60": 31.08840949049775, "61": 31.813863759666475, "62": 29.468318956407394, "63": 28.00925300586607, "64": 26.339619471028563, "65": 33.63427789168026, "66": 34.65373377289353, "67": 39.259877969909574, "68": 25.568704012804098, "69": 32.814914429790214, "70": 30.492325261835695, "71": 37.12487658796356, "72": 33.3975161746652, "73": 31.11970597676552 } }, "geometry": { "type": "Polygon", "coordinates": [ [ [ 134.625, -31.375 ], [ 134.625, -31.625 ], [ 133.625, -31.625 ], [ 133.625, -31.875 ], [ 132.125, -31.875 ], [ 132.125, -32.375 ], [ 133.625, -32.375 ], [ 133.625, -32.625 ], [ 133.875, -32.625 ], [ 133.875, -33.125 ], [ 134.125, -33.125 ], [ 134.125, -33.375 ], [ 134.375, -33.375 ], [ 134.375, -33.625 ], [ 134.625, -33.625 ], [ 134.625, -33.875 ], [ 134.875, -33.875 ], [ 134.875, -34.375 ], [ 135.125, -34.375 ], [ 135.125, -34.625 ], [ 135.375, -34.625 ], [ 135.375, -34.875 ], [ 135.875, -34.875 ], [ 135.875, -34.375 ], [ 136.125, -34.375 ], [ 136.125, -34.125 ], [ 136.375, -34.125 ], [ 136.375, -33.875 ], [ 136.625, -33.875 ], [ 136.625, -33.125 ], [ 137.125, -33.125 ], [ 137.125, -33.625 ], [ 137.375, -33.625 ], [ 137.375, -33.875 ], [ 137.625, -33.875 ], [ 137.625, -33.625 ], [ 137.875, -33.625 ], [ 137.875, -33.125 ], [ 138.125, -33.125 ], [ 138.125, -32.375 ], [ 137.875, -32.375 ], [ 137.875, -32.625 ], [ 135.875, -32.625 ], [ 135.875, -32.375 ], [ 135.375, -32.375 ], [ 135.375, -32.125 ], [ 135.125, -32.125 ], [ 135.125, -31.625 ], [ 134.875, -31.625 ], [ 134.875, -31.375 ], [ 134.625, -31.375 ] ] ] } },
{ "type": "Feature", "properties": { "cluster_id": 25, "cohesion": 6.5199880090649573, "distances": { "1": 42.66383583868136, "2": 34.43591681364504, "3": 37.327435863309205, "4": 50.28942022525956, "5": 48.166096855175, "6": 52.90606228689299, "7": 46.01487716193256, "8": 38.44452266480148, "9": 39.18567648334799, "10": 42.29955775330826, "11": 44.880759056893694, "12": 45.65662091879266, "13": 52.2000705903701, "14": 47.51066786702252, "15": 42.79066292510924, "16": 40.33064014228977, "17": 42.18865143435667, "18": 41.26572044765745, "19": 35.90071944619634, "20": 32.829031405670875, "21": 22.19669258152571, "22": 24.21063122902195, "23": 18.320379850327697, "24": 11.558892675833428, "26": 24.85585148294706, "27": 26.059966685833984, "28": 18.7418323344544, "29": 10.623892355255618, "30": 18.419370258015437, "31": 31.656772078356216, "32": 30.948077953051886, "33": 30.898860768045246, "34": 25.53395915772726, "35": 27.039638004594057, "36": 24.68799524693512, "37": 14.994120343839628, "38": 18.73491817185192, "39": 25.32335084426656, "40": 16.509134292828897, "41": 21.472252354392086, "42": 12.221266094260269, "43": 21.685998274833693, "44": 19.91018018180356, "45": 25.514432805032648, "46": 23.530229759063776, "47": 26.36818854961808, "48": 27.619104491411584, "49": 23.673372724629132, "50": 28.39762761137044, "51": 29.992251427151388, "52": 32.39864431479744, "53": 31.586436136949605, "54": 34.58892184209271, "55": 33.07889811635926, "56": 34.89146676499482, "57": 30.277627725802184, "58": 31.138720384454846, "59": 30.93439249599288, "60": 35.2138931370366, "61": 31.73567846553023, "62": 27.298268533646244, "63": 30.402101075398143, "64": 27.403101887095342, "65": 34.739536161804544, "66": 33.41779306831005, "67": 39.43397596103815, "68": 27.466089138375022, "69": 34.65693478844615, "70": 30.3034185929536, "71": 37.423889452072224, "72": 31.68635192430733, "73": 29.482023645097037 } }, "geometry": { "type": "Polygon", "coordinates": [ [ [ 134.125, -28.625 ], [ 134.125, -29.375 ], [ 133.875, -29.375 ], [ 133.875, -30.125 ], [ 133.375, -30.125 ], [ 133.375, -30.375 ], [ 133.125, -30.375 ], [ 133.125, -30.625 ], [ 132.875, -30.625 ], [ 132.875, -30.875 ], [ 133.125, -30.875 ], [ 133.125, -31.125 ], [ 133.625, -31.125 ], [ 133.625, -31.625 ], [ 134.625, -31.625 ], [ 134.625, -31.375 ], [ 134.875, -31.375 ], [ 134.875, -31.625 ], [ 135.125, -31.625 ], [ 135.125, -32.125 ], [ 135.375, -32.125 ], [ 135.375, -32.375 ], [ 135.875, -32.375 ], [ 135.875, -32.625 ], [ 137.875, -32.625 ], [ 137.875, -32.375 ], [ 138.375, -32.375 ], [ 138.375, -32.125 ], [ 138.125, -32.125 ], [ 138.125, -31.875 ], [ 137.625, -31.875 ], [ 137.625, -31.625 ], [ 137.375, -31.625 ], [ 137.375, -31.375 ], [ 137.125, -31.375 ], [ 137.125, -31.125 ], [ 136.125, -31.125 ], [ 136.125, -30.625 ], [ 135.875, -30.625 ], [ 135.875, -30.375 ], [ 135.625, -30.375 ], [ 135.625, -29.875 ], [ 135.125, -29.875 ], [ 135.125, -29.625 ], [ 134.875, -29.625 ], [ 134.875, -29.125 ], [ 134.625, -29.125 ], [ 134.625, -28.625 ], [ 134.125, -28.625 ] ] ] } },
{ "type": "Feature", "properties": { "cluster_id": 26, "cohesion": 6.9543852868113341, "distances": { "1": 42.861468109085415, "2": 35.075776381886214, "3": 38.61821198268248, "4": 48.22251775886548, "5": 44.759581221952885, "6": 48.22952708096028, "7": 40.35040560338227, "8": 31.67076235573896, "9": 36.25861020603343, "10": 34.47535223343466, "11": 35.30230777431277, "12": 41.474063683155045, "13": 44.97082689427445, "14": 39.888201776321644, "15": 36.77619388517902, "16": 36.8687586995237, "17": 41.194220029680714, "18": 38.700153254678966, "19": 33.6516782857997, "20": 32.45914942402217, "21": 22.015981449916357, "22": 30.435801288145843, "23": 26.522569586063398, "24": 26.454581487845207, "25": 24.855851482947067, "27": 13.305251535500881, "28": 19.71741965289629, "29": 20.091933544075754, "30": 13.061726264546863, "31": 35.50015077170236, "32": 35.501322449590745, "33": 35.77211526504429, "34": 34.63655934600841, "35": 32.56275187350108, "36": 32.113133294289945, "37": 27.876387766864617, "38": 28.89878903128085, "39": 21.166242467877588, "40": 17.81240607534516, "41": 13.491881635820485, "42": 24.529726336756188, "43": 28.47187136596048, "44": 23.959798834402676, "45": 26.322626837602805, "46": 25.6013532909473, "47": 28.00378650242525, "48": 30.374597946562265, "49": 26.804999719627503, "50": 26.28544323706171, "51": 30.572137390466246, "52": 28.49887118616774, "53": 26.111737441511075, "54": 27.805145178524217, "55": 25.800938051698473, "56": 28.64052221758372, "57": 22.75743905388507, "58": 32.82748451679253, "59": 31.833302169295578, "60": 31.973181547424517, "61": 17.068210340048545, "62": 13.670312189610499, "63": 19.185276653398294, "64": 16.99918838773219, "65": 23.404349647177373, "66": 20.942769730024498, "67": 28.425509930983523, "68": 27.684265108976476, "69": 32.345000820019536, "70": 28.654949074839987, "71": 30.224843044255806, "72": 24.683260840149277, "73": 26.403776809416915 } }, "geometry": { "type": "Polygon", "coordinates": [ [ [ 142.625, -28.125 ], [ 142.625, -28.375 ], [ 142.125, -28.375 ], [ 142.125, -28.625 ], [ 141.625, -28.625 ], [ 141.625, -28.375 ], [ 140.375, -28.375 ], [ 140.375, -29.125 ], [ 140.625, -29.125 ], [ 140.625, -29.375 ], [ 141.125, -29.375 ], [ 141.125, -29.625 ], [ 141.375, -29.625 ], [ 141.375, -29.875 ], [ 141.875, -29.875 ], [ 141.875, -30.375 ], [ 142.375, -30.375 ], [ 142.375, -30.625 ], [ 142.625, -30.625 ], [ 142.625, -30.875 ], [ 143.625, -30.875 ], [ 143.625, -30.625 ], [ 143.875, -30.625 ], [ 143.875, -30.875 ], [ 144.625, -30.875 ], [ 144.625, -31.375 ], [ 145.875, -31.375 ], [ 145.875, -31.125 ], [ 145.625, -31.125 ], [ 145.625, -30.875 ], [ 145.375, -30.875 ], [ 145.375, -30.625 ], [ 145.125, -30.625 ], [ 145.125, -30.125 ], [ 145.625, -30.125 ], [ 145.625, -30.375 ], [ 146.125, -30.375 ], [ 146.125, -29.625 ], [ 145.875, -29.625 ], [ 145.875, -29.125 ], [ 145.125, -29.125 ], [ 145.125, -28.875 ], [ 144.875, -28.875 ], [ 144.875, -28.375 ], [ 144.375, -28.375 ], [ 144.375, -28.625 ], [ 143.625, -28.625 ], [ 143.625, -28.875 ], [ 143.375, -28.875 ], [ 143.375, -28.625 ], [ 143.125, -28.625 ], [ 143.125, -28.125 ], [ 142.625, -28.125 ] ] ] } },
{ "type": "Feature", "properties": { "cluster_id": 27, "cohesion": 9.288953491125346, "distances": { "1": 40.63612392067547, "2": 33.84413280688843, "3": 36.83739989509912, "4": 45.59103447819431, "5": 42.50773111871172, "6": 46.104034148560636, "7": 39.41137069226079, "8": 31.983628073458107, "9": 35.16277960716114, "10": 35.07539481576162, "11": 36.59042061314765, "12": 39.867159176356985, "13": 44.2483261370414, "14": 39.80277752052616, "15": 36.218082586023975, "16": 35.15254040802744, "17": 39.174976118306105, "18": 36.901481989156345, "19": 32.07677616441855, "20": 31.562265558527468, "21": 17.434758382351944, "22": 25.525482704247402, "23": 22.838948117716324, "24": 25.49100752095141, "25": 26.059966685833984, "26": 13.30525153550088, "28": 16.836887167337196, "29": 22.82907764706994, "30": 16.902940728447202, "31": 34.72757904637372, "32": 36.54709657439136, "33": 36.20995638239526, "34": 36.47449556509211, "35": 34.631009440440494, "36": 33.20117477291844, "37": 28.8831011314981, "38": 31.81700163222901, "39": 25.943052333930183, "40": 22.940795498226098, "41": 21.057494032851753, "42": 27.584887692305923, "43": 31.61303476078738, "44": 28.033811099343982, "45": 27.024939823938467, "46": 25.26885971468434, "47": 29.19133224652145, "48": 31.865996981844543, "49": 29.64417323580402, "50": 25.35527198719263, "51": 29.418892586582952, "52": 25.569332169642635, "53": 23.986636590607766, "54": 27.06042800835586, "55": 21.982974538647788, "56": 22.58180824533794, "57": 18.33886535784353, "58": 27.223814001491856, "59": 28.585336095054387, "60": 26.646907824624552, "61": 22.227042174137587, "62": 21.342923560332736, "63": 15.11317277320655, "64": 16.129166668527244, "65": 26.00881322089685, "66": 26.347477485250913, "67": 31.588468036363206, "68": 26.59467694080718, "69": 31.052983299614553, "70": 28.709317365379253, "71": 31.51019707546476, "72": 27.774756935964067, "73": 27.948676517727247 } }, "geometry": { "type": "Polygon", "coordinates": [ [ [ 145.875, -29.125 ], [ 145.875, -29.625 ], [ 146.125, -29.625 ], [ 146.125, -30.375 ], [ 145.625, -30.375 ], [ 145.625, -30.125 ], [ 145.125, -30.125 ], [ 145.125, -30.625 ], [ 145.375, -30.625 ], [ 145.375, -30.875 ], [ 145.625, -30.875 ], [ 145.625, -31.125 ], [ 145.875, -31.125 ], [ 145.875, -31.375 ], [ 144.625, -31.375 ], [ 144.625, -30.875 ], [ 143.875, -30.875 ], [ 143.875, -30.625 ], [ 143.625, -30.625 ], [ 143.625, -31.625 ], [ 144.125, -31.625 ], [ 144.125, -32.375 ], [ 144.625, -32.375 ], [ 144.625, -32.625 ], [ 144.875, -32.625 ], [ 144.875, -32.875 ], [ 145.125, -32.875 ], [ 145.125, -33.125 ], [ 145.375, -33.125 ], [ 145.375, -33.625 ], [ 145.625, -33.625 ], [ 145.625, -33.875 ], [ 146.125, -33.875 ], [ 146.125, -35.375 ], [ 146.375, -35.375 ], [ 146.375, -35.625 ], [ 146.625, -35.625 ], [ 146.625, -35.875 ], [ 147.375, -35.875 ], [ 147.375, -35.625 ], [ 147.625, -35.625 ], [ 147.625, -35.375 ], [ 148.125, -35.375 ], [ 148.125, -35.125 ], [ 147.875, -35.125 ], [ 147.875, -34.875 ], [ 148.625, -34.875 ], [ 148.625, -34.625 ], [ 148.875, -34.625 ], [ 148.875, -34.375 ], [ 149.125, -34.375 ], [ 149.125, -33.375 ], [ 148.875, -33.375 ], [ 148.875, -33.125 ], [ 148.625, -33.125 ], [ 148.625, -32.875 ], [ 148.375, -32.875 ], [ 148.375, -31.625 ], [ 148.625, -31.625 ], [ 148.625, -31.375 ], [ 148.125, -31.375 ], [ 148.125, -30.875 ], [ 147.875, -30.875 ], [ 147.875, -30.375 ], [ 147.625, -30.375 ], [ 147.625, -29.875 ], [ 147.125, -29.875 ], [ 147.125, -29.625 ], [ 146.875, -29.625 ], [ 146.875, -29.375 ], [ 146.625, -29.375 ], [ 146.625, -29.125 ], [ 145.875, -29.125 ] ] ] } },
{ "type": "Feature", "properties": { "cluster_id": 28, "cohesion": 8.0317427427671362, "distances": { "1": 41.38529953404567, "2": 35.71578028309697, "3": 37.3478541063259, "4": 47.7891723434192, "5": 45.35774690634618, "6": 49.58961958267527, "7": 43.8448922528236, "8": 37.490781705162966, "9": 38.90041238648864, "10": 39.22978232558837, "11": 41.86913838959268, "12": 42.606296217709954, "13": 48.62520302458005, "14": 44.13429337863144, "15": 39.34544519693304, "16": 36.845875202229955, "17": 41.05297725894118, "18": 39.289444962666174, "19": 33.95306176941988, "20": 33.54925781043644, "21": 10.762680639389451, "22": 18.377749928169177, "23": 13.093164176174804, "24": 18.855445687619614, "25": 18.741832334454397, "26": 19.71741965289629, "27": 16.836887167337196, "29": 16.351065552569864, "30": 14.008120383903458, "31": 34.48933589939442, "32": 37.17338671036127, "33": 36.33006198198813, "34": 35.27042309609828, "35": 34.49665331753375, "36": 32.65323916447472, "37": 26.468847544987426, "38": 30.445863619467627, "39": 27.667470317479637, "40": 21.57302331216804, "41": 23.163496679087345, "42": 25.058872343882904, "43": 30.541335663319785, "44": 27.661364175113707, "45": 28.55767468149648, "46": 25.44459114480131, "47": 28.884154549702917, "48": 32.61360595286151, "49": 28.933165282781978, "50": 29.638159081933654, "51": 32.153071512052676, "52": 31.43218795246117, "53": 30.819871973157216, "54": 33.64169244576889, "55": 28.839231885892897, "56": 26.353361203443473, "57": 23.664610093324914, "58": 23.389153429986944, "59": 27.172253360952926, "60": 27.38298905609825, "61": 30.10616371573132, "62": 26.884315671963833, "63": 24.972606032705947, "64": 25.122931532661646, "65": 33.18990685882528, "66": 32.03072430908788, "67": 37.03853764180704, "68": 27.17749960295824, "69": 31.708836940711432, "70": 29.110217735164834, "71": 34.73047859537687, "72": 30.40611476643127, "73": 28.41703745102182 } }, "geometry": { "type": "Polygon", "coordinates": [ [ [ 139.125, -30.375 ], [ 139.125, -30.625 ], [ 138.875, -30.625 ], [ 138.875, -31.375 ], [ 138.625, -31.375 ], [ 138.625, -32.125 ], [ 138.375, -32.125 ], [ 138.375, -32.875 ], [ 139.875, -32.875 ], [ 139.875, -33.375 ], [ 139.625, -33.375 ], [ 139.625, -34.875 ], [ 140.125, -34.875 ], [ 140.125, -35.125 ], [ 141.125, -35.125 ], [ 141.125, -34.875 ], [ 141.375, -34.875 ], [ 141.375, -35.125 ], [ 141.625, -35.125 ], [ 141.625, -34.625 ], [ 141.875, -34.625 ], [ 141.875, -35.125 ], [ 142.375, -35.125 ], [ 142.375, -34.125 ], [ 142.875, -34.125 ], [ 142.875, -34.875 ], [ 143.375, -34.875 ], [ 143.375, -35.125 ], [ 144.375, -35.125 ], [ 144.375, -35.375 ], [ 144.875, -35.375 ], [ 144.875, -35.625 ], [ 145.375, -35.625 ], [ 145.375, -35.875 ], [ 146.125, -35.875 ], [ 146.125, -36.375 ], [ 146.375, -36.375 ], [ 146.375, -36.125 ], [ 146.625, -36.125 ], [ 146.625, -35.625 ], [ 146.375, -35.625 ], [ 146.375, -35.375 ], [ 146.125, -35.375 ], [ 146.125, -33.875 ], [ 145.625, -33.875 ], [ 145.625, -33.625 ], [ 145.375, -33.625 ], [ 145.375, -33.125 ], [ 145.125, -33.125 ], [ 145.125, -32.875 ], [ 144.875, -32.875 ], [ 144.875, -32.625 ], [ 144.625, -32.625 ], [ 144.625, -32.375 ], [ 144.125, -32.375 ], [ 144.125, -32.625 ], [ 143.625, -32.625 ], [ 143.625, -32.375 ], [ 143.375, -32.375 ], [ 143.375, -32.125 ], [ 143.125, -32.125 ], [ 143.125, -31.875 ], [ 142.875, -31.875 ], [ 142.875, -31.625 ], [ 142.125, -31.625 ], [ 142.125, -31.875 ], [ 141.375, -31.875 ], [ 141.375, -32.125 ], [ 140.875, -32.125 ], [ 140.875, -32.375 ], [ 139.375, -32.375 ], [ 139.375, -32.125 ], [ 139.125, -32.125 ], [ 139.125, -31.125 ], [ 139.375, -31.125 ], [ 139.375, -30.375 ], [ 139.125, -30.375 ] ] ] } },
{ "type": "Feature", "properties": { "cluster_id": 29, "cohesion": 6.0382654929360893, "distances": { "1": 44.73080155149567, "2": 36.91072574007541, "3": 39.68260852606993, "4": 51.47329562610667, "5": 48.66788965412718, "6": 53.21572919328583, "7": 46.32610398296247, "8": 38.47639741269489, "9": 40.5653859161262, "10": 40.5099947775547, "11": 43.29261877325556, "12": 45.50166896397647, "13": 51.57744890667835, "14": 46.36810068434256, "15": 41.52278944726959, "16": 39.80758325646258, "17": 43.49235628038802, "18": 41.76086251109755, "19": 35.96782312866695, "20": 33.76106345827648, "21": 20.645840839027823, "22": 26.416389691301013, "23": 20.036962934367896, "24": 17.058474468128622, "25": 10.623892355255618, "26": 20.091933544075754, "27": 22.829077647069937, "28": 16.351065552569867, "30": 12.639666271380115, "31": 34.60477585565076, "32": 33.12404792273676, "33": 33.896910632240456, "34": 28.893481619289705, "35": 28.25731673900513, "36": 28.788633204909925, "37": 20.924122677273502, "38": 21.853245644498603, "39": 21.708648838840244, "40": 11.53048131677392, "41": 16.333925293824528, "42": 14.382308284351252, "43": 21.931524494905016, "44": 18.850000230771997, "45": 25.190315391567548, "46": 23.84678658614757, "47": 25.05015378308801, "48": 27.6914905323598, "49": 21.89260212239313, "50": 29.705159015099063, "51": 32.49148620514659, "52": 33.76250957499426, "53": 32.110862152368966, "54": 34.72499434875999, "55": 32.88032770865994, "56": 33.989661005510975, "57": 28.893306136817383, "58": 32.02341358245501, "59": 31.87343841592519, "60": 34.82043907475591, "61": 29.061657934596063, "62": 23.153780193921495, "63": 29.021676254424847, "64": 26.008713792892106, "65": 33.199675827595954, "66": 29.867978288043115, "67": 36.76315866731728, "68": 27.6076479454826, "69": 33.69320331108669, "70": 28.651715263368427, "71": 34.94515752863249, "72": 28.162708741863447, "73": 26.534248197637133 } }, "geometry": { "type": "Polygon", "coordinates": [ [ [ 134.625, -27.375 ], [ 134.625, -27.875 ], [ 134.375, -27.875 ], [ 134.375, -28.625 ], [ 134.625, -28.625 ], [ 134.625, -29.125 ], [ 134.875, -29.125 ], [ 134.875, -29.625 ], [ 135.125, -29.625 ], [ 135.125, -29.875 ], [ 135.625, -29.875 ], [ 135.625, -30.375 ], [ 135.875, -30.375 ], [ 135.875, -30.625 ], [ 136.125, -30.625 ], [ 136.125, -31.125 ], [ 137.125, -31.125 ], [ 137.125, -31.375 ], [ 137.375, -31.375 ], [ 137.375, -31.625 ], [ 137.625, -31.625 ], [ 137.625, -31.875 ], [ 138.125, -31.875 ], [ 138.125, -32.125 ], [ 138.375, -32.125 ], [ 138.375, -31.375 ], [ 138.125, -31.375 ], [ 138.125, -30.375 ], [ 138.375, -30.375 ], [ 138.375, -29.875 ], [ 137.625, -29.875 ], [ 137.625, -29.625 ], [ 137.375, -29.625 ], [ 137.375, -28.875 ], [ 137.125, -28.875 ], [ 137.125, -28.625 ], [ 136.875, -28.625 ], [ 136.875, -28.375 ], [ 136.625, -28.375 ], [ 136.625, -28.125 ], [ 135.875, -28.125 ], [ 135.875, -27.625 ], [ 135.375, -27.625 ], [ 135.375, -27.375 ], [ 134.625, -27.375 ] ] ] } },
{ "type": "Feature", "properties": { "cluster_id": 30, "cohesion": 7.8134263885890949, "distances": { "1": 44.3690013911767, "2": 37.0364399207442, "3": 39.90796443875551, "4": 50.196456988997674, "5": 47.03123881879503, "6": 51.05151359856999, "7": 44.00313903037486, "8": 36.176600765151385, "9": 39.462781491890155, "10": 37.60607205429797, "11": 39.597259456268716, "12": 43.67617920700495, "13": 48.499066782932545, "14": 43.29228948807754, "15": 39.24798110176332, "16": 38.379767192497006, "17": 42.67125248136824, "18": 40.5359789848436, "19": 34.94270154412569, "20": 33.477465697967794, "21": 17.94250450779457, "22": 26.841413171797956, "23": 21.22788102258737, "24": 21.80393467466099, "25": 18.419370258015437, "26": 13.061726264546861, "27": 16.902940728447202, "28": 14.008120383903456, "29": 12.639666271380115, "31": 35.26212642656508, "32": 35.01435122331363, "33": 35.36380102104348, "34": 32.65076793584202, "35": 31.087752946475653, "36": 31.186941843161186, "37": 25.433268550617022, "38": 26.413953150076185, "39": 21.126752268428547, "40": 14.225504472869702, "41": 14.082016501725768, "42": 20.9088888280556, "43": 25.788857510638262, "44": 21.68159718476013, "45": 26.465584459821873, "46": 25.466773838207605, "47": 26.75374393337845, "48": 29.65365284098037, "49": 24.460558275591055, "50": 29.324853762904393, "51": 32.74148942307722, "52": 32.06051706457048, "53": 30.563854973129338, "54": 32.73986100263966, "55": 29.646176815888847, "56": 30.26825187530719, "57": 25.17007959604285, "58": 30.943092331036915, "59": 31.314018259526065, "60": 32.21925824208541, "61": 24.433290635490895, "62": 18.862182131644982, "63": 24.426035638336867, "64": 23.06878724157273, "65": 29.59282457288902, "66": 25.72635055385134, "67": 32.74855204467067, "68": 28.174871484555975, "69": 32.985356448186984, "70": 28.674841731177313, "71": 32.49396512719889, "72": 25.972387769283035, "73": 26.035213671583264 } }, "geometry": { "type": "Polygon", "coordinates": [ [ [ 137.625, -28.625 ], [ 137.625, -29.125 ], [ 137.875, -29.125 ], [ 137.875, -29.375 ], [ 138.125, -29.375 ], [ 138.125, -29.625 ], [ 138.375, -29.625 ], [ 138.375, -30.375 ], [ 138.125, -30.375 ], [ 138.125, -31.375 ], [ 138.375, -31.375 ], [ 138.375, -32.125 ], [ 138.625, -32.125 ], [ 138.625, -31.375 ], [ 138.875, -31.375 ], [ 138.875, -30.625 ], [ 139.125, -30.625 ], [ 139.125, -30.375 ], [ 139.375, -30.375 ], [ 139.375, -31.125 ], [ 139.125, -31.125 ], [ 139.125, -32.125 ], [ 139.375, -32.125 ], [ 139.375, -32.375 ], [ 140.875, -32.375 ], [ 140.875, -32.125 ], [ 141.375, -32.125 ], [ 141.375, -31.875 ], [ 142.125, -31.875 ], [ 142.125, -31.625 ], [ 142.875, -31.625 ], [ 142.875, -31.875 ], [ 143.125, -31.875 ], [ 143.125, -32.125 ], [ 143.375, -32.125 ], [ 143.375, -32.375 ], [ 143.625, -32.375 ], [ 143.625, -32.625 ], [ 144.125, -32.625 ], [ 144.125, -31.625 ], [ 143.625, -31.625 ], [ 143.625, -30.875 ], [ 142.625, -30.875 ], [ 142.625, -30.625 ], [ 142.375, -30.625 ], [ 142.375, -30.375 ], [ 141.875, -30.375 ], [ 141.875, -29.875 ], [ 141.375, -29.875 ], [ 141.375, -29.625 ], [ 140.375, -29.625 ], [ 140.375, -29.375 ], [ 140.125, -29.375 ], [ 140.125, -29.125 ], [ 139.375, -29.125 ], [ 139.375, -29.375 ], [ 138.625, -29.375 ], [ 138.625, -29.125 ], [ 138.375, -29.125 ], [ 138.375, -28.875 ], [ 137.875, -28.875 ], [ 137.875, -28.625 ], [ 137.625, -28.625 ] ] ] } },
{ "type": "Feature", "properties": { "cluster_id": 31, "cohesion": 8.7314838671739263, "distances": { "1": 27.14337635070867, "2": 23.513519482134058, "3": 24.541024819758732, "4": 32.125889657160556, "5": 31.83370715755674, "6": 35.46657816490672, "7": 30.797846156704836, "8": 28.016742000793453, "9": 26.135879044808526, "10": 33.81891762621199, "11": 33.93924272900063, "12": 33.02272019271419, "13": 36.34900895854949, "14": 34.89836347319172, "15": 33.96456162624213, "16": 32.04727526093667, "17": 26.14719458895143, "18": 27.894996411820994, "19": 27.62312181335396, "20": 23.055824174917586, "21": 31.953846729426584, "22": 28.352581337977394, "23": 30.60630451074919, "24": 27.534599807211134, "25": 31.656772078356216, "26": 35.500150771702344, "27": 34.72757904637372, "28": 34.48933589939442, "29": 34.60477585565076, "30": 35.26212642656508, "32": 20.208921693947794, "33": 13.052076540307219, "34": 24.44854444905957, "35": 27.969547763248322, "36": 17.62438239712667, "37": 23.932673045570805, "38": 28.95111103510993, "39": 33.01590192736573, "40": 34.425575242695245, "41": 34.56672879474673, "42": 30.90777036706495, "43": 32.805498932763726, "44": 31.49998526131417, "45": 30.43522730997615, "46": 27.65768452345483, "47": 31.730592097269415, "48": 29.52808063466381, "49": 33.98682559477409, "50": 26.37003327129807, "51": 23.819964814614234, "52": 24.990066890637838, "53": 28.28007377419743, "54": 27.910397716015524, "55": 26.154041653279034, "56": 28.874648069195164, "57": 27.09266274064555, "58": 28.566034043998854, "59": 23.53712920733998, "60": 27.965983217933704, "61": 31.937846219088645, "62": 33.68965907559181, "63": 30.39924755302188, "64": 31.91413675793041, "65": 30.348069302527524, "66": 33.46137464134305, "67": 33.64434410348477, "68": 25.100905280043197, "69": 31.200398511524245, "70": 31.600353832145654, "71": 33.753553075853894, "72": 33.568053330354594, "73": 33.410466954166914 } }, "geometry": { "type": "MultiPolygon", "coordinates": [ [ [ [ 125.375, -33.125 ], [ 124.875, -33.125 ], [ 124.875, -33.375 ], [ 124.375, -33.375 ], [ 124.375, -33.625 ], [ 124.125, -33.625 ], [ 124.125, -33.875 ], [ 123.875, -33.875 ], [ 123.875, -34.125 ], [ 123.625, -34.125 ], [ 123.625, -34.375 ], [ 122.125, -34.375 ], [ 122.125, -34.125 ], [ 120.875, -34.125 ], [ 120.875, -34.375 ], [ 119.625, -34.375 ], [ 119.625, -34.625 ], [ 119.375, -34.625 ], [ 119.375, -34.875 ], [ 118.625, -34.875 ], [ 118.625, -35.125 ], [ 118.375, -35.125 ], [ 118.375, -35.375 ], [ 116.125, -35.375 ], [ 116.125, -35.125 ], [ 115.875, -35.125 ], [ 115.875, -34.875 ], [ 115.625, -34.875 ], [ 115.625, -34.625 ], [ 115.125, -34.625 ], [ 115.125, -34.375 ], [ 114.875, -34.375 ], [ 114.875, -34.125 ], [ 115.375, -34.125 ], [ 115.375, -34.375 ], [ 115.875, -34.375 ], [ 115.875, -34.125 ], [ 118.125, -34.125 ], [ 118.125, -33.875 ], [ 118.875, -33.875 ], [ 118.875, -33.625 ], [ 119.375, -33.625 ], [ 119.375, -33.375 ], [ 119.875, -33.375 ], [ 119.875, -32.875 ], [ 121.125, -32.875 ], [ 121.125, -33.125 ], [ 121.875, -33.125 ], [ 121.875, -32.875 ], [ 122.375, -32.875 ], [ 122.375, -32.625 ], [ 125.375, -32.625 ], [ 125.375, -33.125 ] ] ], [ [ [ 125.375, -32.375 ], [ 125.625, -32.375 ], [ 125.625, -32.625 ], [ 125.375, -32.625 ], [ 125.375, -32.375 ] ] ] ] } },
{ "type": "Feature", "properties": { "cluster_id": 32, "cohesion": 6.9985339404739557, "distances": { "1": 38.61652943866565, "2": 30.414386810222908, "3": 34.638136650223075, "4": 42.445957341667935, "5": 40.880154884296935, "6": 44.206311131780424, "7": 37.67993220728056, "8": 32.362034717472476, "9": 33.02685358143547, "10": 37.22332285672765, "11": 37.50909181940658, "12": 40.01284562733237, "13": 42.93107454828474, "14": 40.08377084074308, "15": 38.7907683805147, "16": 37.66308904842504, "17": 34.5535769074571, "18": 35.46773962017654, "19": 32.42119324213836, "20": 26.027060104447003, "21": 36.01318835001716, "22": 36.43236812868619, "23": 36.198722291860776, "24": 31.234147407186956, "25": 30.948077953051882, "26": 35.501322449590745, "27": 36.54709657439136, "28": 37.17338671036128, "29": 33.12404792273676, "30": 35.01435122331364, "31": 20.208921693947794, "33": 13.325705795875, "34": 14.433990370450504, "35": 14.030268652541588, "36": 17.857216589243674, "37": 24.296669522170788, "38": 21.54426188105933, "39": 27.780063609867735, "40": 30.790772904364424, "41": 31.791585333013625, "42": 26.443186352294873, "43": 22.005691577386504, "44": 23.800279298416314, "45": 23.396754331549733, "46": 26.830937018037453, "47": 25.066634664950143, "48": 17.44482934223265, "49": 24.261608126029213, "50": 28.732917496849137, "51": 27.850792103274625, "52": 28.796747772785384, "53": 30.802402648455335, "54": 31.479076161965025, "55": 30.652457057906446, "56": 35.378703164481124, "57": 30.904364888775774, "58": 37.22091572491462, "59": 30.570488074093564, "60": 35.24413034499658, "61": 32.15182007022886, "62": 31.811287981851645, "63": 32.85466143416396, "64": 32.4873020513864, "65": 32.18449662315138, "66": 32.006258946776995, "67": 34.340942719981314, "68": 28.0032101352602, "69": 34.72351092262644, "70": 31.227344167999888, "71": 34.97957048856475, "72": 31.42585201648035, "73": 31.166523318234958 } }, "geometry": { "type": "Polygon", "coordinates": [ [ [ 118.375, -30.125 ], [ 118.375, -30.375 ], [ 118.125, -30.375 ], [ 118.125, -30.625 ], [ 117.875, -30.625 ], [ 117.875, -30.875 ], [ 116.375, -30.875 ], [ 116.375, -30.625 ], [ 115.625, -30.625 ], [ 115.625, -30.375 ], [ 115.375, -30.375 ], [ 115.375, -30.625 ], [ 115.125, -30.625 ], [ 115.125, -30.875 ], [ 114.875, -30.875 ], [ 114.875, -31.125 ], [ 115.125, -31.125 ], [ 115.125, -31.375 ], [ 115.375, -31.375 ], [ 115.375, -33.375 ], [ 115.625, -33.375 ], [ 115.625, -33.125 ], [ 117.875, -33.125 ], [ 117.875, -32.875 ], [ 119.625, -32.875 ], [ 119.625, -32.375 ], [ 119.875, -32.375 ], [ 119.875, -32.125 ], [ 120.375, -32.125 ], [ 120.375, -31.625 ], [ 120.625, -31.625 ], [ 120.625, -31.375 ], [ 120.875, -31.375 ], [ 120.875, -31.125 ], [ 121.625, -31.125 ], [ 121.625, -30.875 ], [ 121.125, -30.875 ], [ 121.125, -30.625 ], [ 120.375, -30.625 ], [ 120.375, -30.375 ], [ 119.625, -30.375 ], [ 119.625, -30.125 ], [ 118.375, -30.125 ] ] ] } },
{ "type": "Feature", "properties": { "cluster_id": 33, "cohesion": 9.3878597748048289, "distances": { "1": 33.31743331578965, "2": 26.78620880317849, "3": 29.78160045108005, "4": 37.96301038377652, "5": 37.10187045159197, "6": 40.56221706693293, "7": 34.62000178707455, "8": 30.273129128314345, "9": 29.64905393399975, "10": 36.35991182300186, "11": 36.254555029961715, "12": 37.38504738633999, "13": 40.328875486559916, "14": 38.24206925729682, "15": 37.39983576245754, "16": 36.00749709530005, "17": 30.869156498971506, "18": 32.38097810528542, "19": 30.852297390025022, "20": 24.843657052439433, "21": 34.66979834286038, "22": 32.98154758425513, "23": 33.79023148557717, "24": 28.935379345989276, "25": 30.898860768045243, "26": 35.77211526504429, "27": 36.20995638239527, "28": 36.33006198198813, "29": 33.896910632240456, "30": 35.36380102104348, "31": 13.052076540307219, "32": 13.325705795875002, "34": 17.36938481083011, "35": 21.43314777271372, "36": 14.237426013304884, "37": 22.38505109371503, "38": 23.919711420387443, "39": 30.877102957408383, "40": 32.67851196762142, "41": 33.23815871474229, "42": 28.015710750380148, "43": 27.414055244416968, "44": 27.52612903149287, "45": 27.81722783547722, "46": 27.76305897861829, "47": 29.592945730723795, "48": 24.703012766021317, "49": 29.99097228047623, "50": 27.385817394964153, "51": 25.49158180435292, "52": 27.03541375896958, "53": 29.703634828081444, "54": 29.849142083764562, "55": 28.989725229304895, "56": 33.219493431085304, "57": 29.842414884689784, "58": 33.94561245513801, "59": 27.871470114263797, "60": 32.78152162061496, "61": 32.13135014645838, "62": 32.851966028850164, "63": 32.12178560701298, "64": 32.49038920848262, "65": 31.402758661309477, "66": 33.10787237895496, "67": 34.50425793016885, "68": 27.313208757728393, "69": 34.223694387155575, "70": 32.6456588019351, "71": 35.35647401228267, "72": 33.388833008592265, "73": 33.50805209330961 } }, "geometry": { "type": "Polygon", "coordinates": [ [ [ 120.875, -31.125 ], [ 120.875, -31.375 ], [ 120.625, -31.375 ], [ 120.625, -31.625 ], [ 120.375, -31.625 ], [ 120.375, -32.125 ], [ 119.875, -32.125 ], [ 119.875, -32.375 ], [ 119.625, -32.375 ], [ 119.625, -32.875 ], [ 117.875, -32.875 ], [ 117.875, -33.125 ], [ 115.625, -33.125 ], [ 115.625, -33.375 ], [ 115.125, -33.375 ], [ 115.125, -33.625 ], [ 114.875, -33.625 ], [ 114.875, -33.875 ], [ 114.625, -33.875 ], [ 114.625, -34.125 ], [ 115.375, -34.125 ], [ 115.375, -34.375 ], [ 115.875, -34.375 ], [ 115.875, -34.125 ], [ 118.125, -34.125 ], [ 118.125, -33.875 ], [ 118.875, -33.875 ], [ 118.875, -33.625 ], [ 119.375, -33.625 ], [ 119.375, -33.375 ], [ 119.875, -33.375 ], [ 119.875, -32.875 ], [ 121.125, -32.875 ], [ 121.125, -33.125 ], [ 121.875, -33.125 ], [ 121.875, -32.875 ], [ 122.375, -32.875 ], [ 122.375, -32.625 ], [ 125.375, -32.625 ], [ 125.375, -32.375 ], [ 125.875, -32.375 ], [ 125.875, -32.125 ], [ 126.375, -32.125 ], [ 126.375, -31.875 ], [ 126.875, -31.875 ], [ 126.875, -31.625 ], [ 125.125, -31.625 ], [ 125.125, -31.875 ], [ 123.625, -31.875 ], [ 123.625, -31.625 ], [ 123.125, -31.625 ], [ 123.125, -31.375 ], [ 121.625, -31.375 ], [ 121.625, -31.125 ], [ 120.875, -31.125 ] ] ] } },
{ "type": "Feature", "properties": { "cluster_id": 34, "cohesion": 6.5547076073281518, "distances": { "1": 43.0253704496918, "2": 33.40488195076963, "3": 38.02983278034179, "4": 48.577409907828645, "5": 46.90347104902805, "6": 50.90094828496168, "7": 43.64164424342401, "8": 36.857037697567876, "9": 37.50615769941535, "10": 42.63834610602871, "11": 43.421395535928795, "12": 45.514512520963955, "13": 49.91032032061664, "14": 46.371082569958574, "15": 44.09290182831641, "16": 42.28364057255709, "17": 40.05527419477387, "18": 40.64923974045209, "19": 36.54396231556264, "20": 30.1877846668315, "21": 35.50412337945063, "22": 36.26745070794967, "23": 34.446376329036006, "24": 27.259768037350828, "25": 25.53395915772726, "26": 34.636559346008404, "27": 36.47449556509212, "28": 35.27042309609828, "29": 28.89348161928971, "30": 32.65076793584202, "31": 24.44854444905957, "32": 14.433990370450504, "33": 17.369384810830113, "35": 12.673802438491228, "36": 13.463243370784621, "37": 18.3939855407122, "38": 13.386822625966014, "39": 27.84654828641477, "40": 27.402764896585946, "41": 29.717539967235233, "42": 20.501735275167565, "43": 16.289320660140095, "44": 20.0796485918995, "45": 23.184354347296484, "46": 26.145883708283787, "47": 25.756120912130072, "48": 18.757978462093728, "49": 22.382966178135227, "50": 29.937729678815227, "51": 29.675455331658576, "52": 32.12043414722166, "53": 33.099029222390776, "54": 34.80572971988904, "55": 34.546022412771265, "56": 39.38535502991729, "57": 34.22738751926941, "58": 39.408593331105365, "59": 34.107891208471166, "60": 39.4033335994948, "61": 33.98983633612378, "62": 31.841787337728118, "63": 34.888532749872745, "64": 32.99182943292825, "65": 35.393780968695566, "66": 34.712459533548504, "67": 39.054417200986364, "68": 29.879812694028043, "69": 38.191978126369015, "70": 33.66861517933602, "71": 39.36170757719129, "72": 34.29773430996873, "73": 33.481769261500105 } }, "geometry": { "type": "Polygon", "coordinates": [ [ [ 123.625, -28.625 ], [ 123.625, -29.125 ], [ 123.875, -29.125 ], [ 123.875, -29.375 ], [ 123.375, -29.375 ], [ 123.375, -29.625 ], [ 122.875, -29.625 ], [ 122.875, -29.875 ], [ 121.625, -29.875 ], [ 121.625, -29.625 ], [ 120.625, -29.625 ], [ 120.625, -29.875 ], [ 120.375, -29.875 ], [ 120.375, -30.625 ], [ 121.125, -30.625 ], [ 121.125, -30.875 ], [ 121.625, -30.875 ], [ 121.625, -31.375 ], [ 123.125, -31.375 ], [ 123.125, -31.125 ], [ 123.375, -31.125 ], [ 123.375, -30.875 ], [ 124.125, -30.875 ], [ 124.125, -31.125 ], [ 124.375, -31.125 ], [ 124.375, -31.375 ], [ 125.625, -31.375 ], [ 125.625, -31.125 ], [ 125.875, -31.125 ], [ 125.875, -30.875 ], [ 127.625, -30.875 ], [ 127.625, -30.375 ], [ 126.875, -30.375 ], [ 126.875, -30.125 ], [ 126.375, -30.125 ], [ 126.375, -29.625 ], [ 126.125, -29.625 ], [ 126.125, -29.375 ], [ 125.875, -29.375 ], [ 125.875, -28.875 ], [ 125.375, -28.875 ], [ 125.375, -28.625 ], [ 123.625, -28.625 ] ] ] } },
{ "type": "Feature", "properties": { "cluster_id": 35, "cohesion": 8.4193387405457081, "distances": { "1": 44.05583528792562, "2": 34.62044102267979, "3": 39.37412467518156, "4": 48.17341292573838, "5": 45.80648122050769, "6": 49.4689633982894, "7": 42.287208014054066, "8": 35.46597721971587, "9": 37.38564789922006, "10": 39.0487764413072, "11": 40.295854489543515, "12": 43.44787496153789, "13": 47.47486642589363, "14": 43.428878812501935, "15": 40.811618297308705, "16": 39.5124436456087, "17": 39.58793844664453, "18": 39.40361739054508, "19": 34.44120440172903, "20": 28.844229706048885, "21": 34.557906193391226, "22": 37.33704560316928, "23": 35.27320650999486, "24": 29.99855335919379, "25": 27.039638004594064, "26": 32.56275187350108, "27": 34.63100944044049, "28": 34.496653317533756, "29": 28.25731673900513, "30": 31.087752946475657, "31": 27.969547763248322, "32": 14.03026865254159, "33": 21.43314777271372, "34": 12.67380243849123, "36": 20.53473822257658, "37": 23.415067519809458, "38": 16.693865929140266, "39": 23.32237840904692, "40": 25.52670098592246, "41": 27.436707916789338, "42": 21.693391534829313, "43": 13.389031361179482, "44": 17.684449515198864, "45": 18.318057338287986, "46": 23.979561483037834, "47": 19.40355934210588, "48": 11.356318381271944, "49": 16.030605848048996, "50": 30.052786567966887, "51": 30.855228621827226, "52": 31.908654918614346, "53": 32.30803651442353, "54": 33.596855795064535, "55": 33.10062128253775, "56": 37.47773991238125, "57": 31.968210966757244, "58": 39.138017419806104, "59": 33.52596648315291, "60": 37.6724716075089, "61": 31.550979466442097, "62": 29.10223285609714, "63": 33.18252227623869, "64": 31.497559364712952, "65": 33.141874766734176, "66": 30.82768989787295, "67": 35.19252617890006, "68": 27.80690081174497, "69": 34.77587351217774, "70": 29.05636913522534, "71": 34.949330039626886, "72": 29.196581508963188, "73": 28.031964916222773 } }, "geometry": { "type": "MultiPolygon", "coordinates": [ [ [ [ 114.375, -29.125 ], [ 114.375, -28.875 ], [ 114.625, -28.875 ], [ 114.625, -29.125 ], [ 114.375, -29.125 ] ] ], [ [ [ 114.875, -29.125 ], [ 114.875, -29.625 ], [ 115.125, -29.625 ], [ 115.125, -30.125 ], [ 115.625, -30.125 ], [ 115.625, -29.875 ], [ 115.875, -29.875 ], [ 115.875, -29.375 ], [ 116.125, -29.375 ], [ 116.125, -29.625 ], [ 116.375, -29.625 ], [ 116.375, -29.375 ], [ 116.625, -29.375 ], [ 116.625, -28.375 ], [ 117.125, -28.375 ], [ 117.125, -28.625 ], [ 117.375, -28.625 ], [ 117.375, -28.875 ], [ 118.125, -28.875 ], [ 118.125, -28.625 ], [ 118.375, -28.625 ], [ 118.375, -28.375 ], [ 118.625, -28.375 ], [ 118.625, -28.125 ], [ 118.875, -28.125 ], [ 118.875, -27.875 ], [ 119.125, -27.875 ], [ 119.125, -27.625 ], [ 119.375, -27.625 ], [ 119.375, -27.125 ], [ 119.625, -27.125 ], [ 119.625, -26.875 ], [ 120.625, -26.875 ], [ 120.625, -26.375 ], [ 121.125, -26.375 ], [ 121.125, -26.125 ], [ 121.625, -26.125 ], [ 121.625, -26.625 ], [ 121.875, -26.625 ], [ 121.875, -26.875 ], [ 122.375, -26.875 ], [ 122.375, -27.125 ], [ 122.125, -27.125 ], [ 122.125, -27.375 ], [ 122.375, -27.375 ], [ 122.375, -27.625 ], [ 122.625, -27.625 ], [ 122.625, -27.875 ], [ 123.625, -27.875 ], [ 123.625, -28.125 ], [ 125.875, -28.125 ], [ 125.875, -28.375 ], [ 126.125, -28.375 ], [ 126.125, -28.625 ], [ 125.875, -28.625 ], [ 125.875, -28.875 ], [ 125.375, -28.875 ], [ 125.375, -28.625 ], [ 123.625, -28.625 ], [ 123.625, -29.125 ], [ 123.875, -29.125 ], [ 123.875, -29.375 ], [ 123.375, -29.375 ], [ 123.375, -29.625 ], [ 122.875, -29.625 ], [ 122.875, -29.875 ], [ 121.625, -29.875 ], [ 121.625, -29.625 ], [ 120.625, -29.625 ], [ 120.625, -29.875 ], [ 120.375, -29.875 ], [ 120.375, -30.375 ], [ 119.625, -30.375 ], [ 119.625, -30.125 ], [ 118.375, -30.125 ], [ 118.375, -30.375 ], [ 118.125, -30.375 ], [ 118.125, -30.625 ], [ 117.875, -30.625 ], [ 117.875, -30.875 ], [ 116.375, -30.875 ], [ 116.375, -30.625 ], [ 115.625, -30.625 ], [ 115.625, -30.375 ], [ 115.375, -30.375 ], [ 115.375, -30.625 ], [ 115.125, -30.625 ], [ 115.125, -30.875 ], [ 114.875, -30.875 ], [ 114.875, -30.625 ], [ 114.625, -30.625 ], [ 114.625, -29.125 ], [ 114.875, -29.125 ] ] ] ] } },
{ "type": "Feature", "properties": { "cluster_id": 36, "cohesion": 7.9503255044167727, "distances": { "1": 36.096894534564186, "2": 27.562005266555303, "3": 31.414488954210114, "4": 42.63911875422553, "5": 41.4348817855937, "6": 45.45413228888343, "7": 38.395399693527594, "8": 32.11107170896658, "9": 31.872550176579427, "10": 39.204787723919814, "11": 39.54568494646448, "12": 40.96648398816414, "13": 45.146338491707404, "14": 42.16315412848165, "15": 40.26069495842069, "16": 38.36872754860175, "17": 34.8996461565454, "18": 35.77834988479406, "19": 32.85365935739155, "20": 27.046099639726314, "21": 32.175190491290216, "22": 30.973310939601255, "23": 30.27482467268187, "24": 22.87379873842512, "25": 24.68799524693512, "26": 32.113133294289945, "27": 33.20117477291845, "28": 32.65323916447472, "29": 28.788633204909925, "30": 31.186941843161193, "31": 17.62438239712667, "32": 17.857216589243674, "33": 14.237426013304884, "34": 13.463243370784621, "35": 20.53473822257658, "37": 13.871648570061089, "38": 17.09955110239792, "39": 28.978203934120256, "40": 27.996213744975257, "41": 29.14469428987025, "42": 21.6151064358313, "43": 23.31285615948453, "44": 23.52824517810954, "45": 25.362494119669712, "46": 24.790189924434728, "47": 28.69156593141409, "48": 24.27545432107537, "49": 27.758971103549005, "50": 25.721667505672787, "51": 24.54538318663036, "52": 26.9834411266487, "53": 28.788175151461484, "54": 30.108845182160668, "55": 29.562237619419268, "56": 34.49122272026112, "57": 30.083423858717534, "58": 34.19183301599686, "59": 29.3543249579886, "60": 34.67056801238163, "61": 30.643356911602506, "62": 30.12403770362511, "63": 30.543002705552198, "64": 29.617923159684647, "65": 31.41968887842527, "66": 32.88222455152655, "67": 36.34700821105093, "68": 26.686528303862445, "69": 35.21781008628208, "70": 32.73043168832587, "71": 37.05242922615211, "72": 33.66533857399762, "73": 33.473139980967616 } }, "geometry": { "type": "Polygon", "coordinates": [ [ [ 123.375, -30.875 ], [ 123.375, -31.125 ], [ 123.125, -31.125 ], [ 123.125, -31.625 ], [ 123.625, -31.625 ], [ 123.625, -31.875 ], [ 125.125, -31.875 ], [ 125.125, -31.625 ], [ 126.875, -31.625 ], [ 126.875, -31.875 ], [ 126.375, -31.875 ], [ 126.375, -32.125 ], [ 125.875, -32.125 ], [ 125.875, -32.375 ], [ 125.625, -32.375 ], [ 125.625, -32.625 ], [ 125.375, -32.625 ], [ 125.375, -32.875 ], [ 125.875, -32.875 ], [ 125.875, -32.625 ], [ 127.375, -32.625 ], [ 127.375, -32.375 ], [ 128.375, -32.375 ], [ 128.375, -32.125 ], [ 128.875, -32.125 ], [ 128.875, -31.625 ], [ 129.375, -31.625 ], [ 129.375, -31.375 ], [ 128.875, -31.375 ], [ 128.875, -31.125 ], [ 127.375, -31.125 ], [ 127.375, -30.875 ], [ 125.875, -30.875 ], [ 125.875, -31.125 ], [ 125.625, -31.125 ], [ 125.625, -31.375 ], [ 124.375, -31.375 ], [ 124.375, -31.125 ], [ 124.125, -31.125 ], [ 124.125, -30.875 ], [ 123.375, -30.875 ] ] ] } },
{ "type": "Feature", "properties": { "cluster_id": 37, "cohesion": 5.2656154376710269, "distances": { "1": 37.781653284246175, "2": 28.49710615922662, "3": 32.33798988026255, "4": 45.54856181255764, "5": 44.01156999023827, "6": 48.60585087347768, "7": 41.2522571246836, "8": 33.840585590701416, "9": 33.73300157077509, "10": 40.4726375385376, "11": 41.87132028887456, "12": 42.71943539311552, "13": 48.390712737378614, "14": 44.528422005529904, "15": 41.21553346330512, "16": 38.94296047082119, "17": 37.366820273620625, "18": 37.55171843460021, "19": 33.5181033289811, "20": 28.53843063169187, "21": 27.503528155976102, "22": 26.844624599326636, "23": 24.04295071731138, "24": 13.627263675397732, "25": 14.994120343839628, "26": 27.876387766864617, "27": 28.8831011314981, "28": 26.468847544987426, "29": 20.9241226772735, "30": 25.433268550617022, "31": 23.932673045570805, "32": 24.296669522170788, "33": 22.38505109371503, "34": 18.3939855407122, "35": 23.415067519809458, "36": 13.871648570061089, "38": 13.769193374667982, "39": 26.861659665280612, "40": 21.97993225363465, "41": 24.764741940475872, "42": 13.66600688333411, "43": 21.362995203478842, "44": 20.211102838750985, "45": 24.47014670519078, "46": 22.7367749976875, "47": 27.590925842350885, "48": 25.667066060995445, "49": 25.755225524171905, "50": 24.210576107389628, "51": 24.147077600955832, "52": 27.215500202484474, "53": 27.730615158201953, "54": 30.327112275779836, "55": 29.86208476907819, "56": 34.31402009045548, "57": 29.46387295733575, "58": 32.30913049945157, "59": 29.425175137199293, "60": 34.790944434715, "61": 29.91802033455975, "62": 27.899294903708736, "63": 28.88846470317795, "64": 26.40869400602091, "65": 31.70831088138913, "66": 32.752187081722596, "67": 37.645709647827786, "68": 26.01007287425264, "69": 34.66907933295638, "70": 31.454071401329063, "71": 37.177828602069695, "72": 32.76486426175441, "73": 31.784286760309932 } }, "geometry": { "type": "Polygon", "coordinates": [ [ [ 128.875, -30.875 ], [ 128.875, -31.375 ], [ 129.375, -31.375 ], [ 129.375, -31.625 ], [ 128.875, -31.625 ], [ 128.875, -32.125 ], [ 129.375, -32.125 ], [ 129.375, -31.875 ], [ 131.625, -31.875 ], [ 131.625, -32.125 ], [ 132.125, -32.125 ], [ 132.125, -31.875 ], [ 133.625, -31.875 ], [ 133.625, -31.125 ], [ 133.125, -31.125 ], [ 133.125, -30.875 ], [ 128.875, -30.875 ] ] ] } },
{ "type": "Feature", "properties": { "cluster_id": 38, "cohesion": 7.439724718392239, "distances": { "1": 44.461116411528806, "2": 34.10343654043726, "3": 38.97112415367669, "4": 50.78501958048963, "5": 48.629960983650655, "6": 52.82864112473005, "7": 44.81198724464528, "8": 36.72365112301646, "9": 38.236515839821756, "10": 42.19179828641065, "11": 43.324252780787035, "12": 46.52408741837602, "13": 51.257778131445114, "14": 46.886071919601484, "15": 44.00040642201528, "16": 42.67072643413472, "17": 41.94797476294734, "18": 41.82080953619385, "19": 37.05128996711743, "20": 31.232077694990853, "21": 32.00350836073283, "22": 34.50822712911006, "23": 30.965633377134136, "24": 22.407082183184148, "25": 18.73491817185192, "26": 28.898789031280845, "27": 31.81700163222901, "28": 30.445863619467627, "29": 21.8532456444986, "30": 26.413953150076185, "31": 28.951111035109932, "32": 21.54426188105933, "33": 23.919711420387443, "34": 13.386822625966014, "35": 16.693865929140266, "36": 17.09955110239792, "37": 13.769193374667982, "39": 23.19017733126959, "40": 20.165155691968756, "41": 23.295329448951456, "42": 12.077487482320297, "43": 12.313384845674008, "44": 13.320597056901004, "45": 22.5904714600329, "46": 24.966369209307015, "47": 24.954875923593324, "48": 20.742656905714394, "49": 19.35291751195257, "50": 28.331864577278573, "51": 29.276778591402532, "52": 31.565127325465056, "53": 31.473583376406978, "54": 33.71233087567423, "55": 33.77458956807212, "56": 38.912644708894554, "57": 32.90308632427216, "58": 38.86009684084005, "59": 34.43656756101567, "60": 39.544099981686585, "61": 30.478227628586136, "62": 26.945921733666673, "63": 32.20342591005571, "64": 29.0774921244996, "65": 33.25242764950221, "66": 31.67792546766171, "67": 37.61898351228103, "68": 29.591841594316232, "69": 37.77007409730283, "70": 32.49134951016152, "71": 37.99212512306738, "72": 31.437840428820504, "73": 31.02107275834396 } }, "geometry": { "type": "Polygon", "coordinates": [ [ [ 130.375, -26.625 ], [ 130.375, -26.875 ], [ 129.875, -26.875 ], [ 129.875, -27.625 ], [ 130.125, -27.625 ], [ 130.125, -27.875 ], [ 129.625, -27.875 ], [ 129.625, -28.125 ], [ 127.125, -28.125 ], [ 127.125, -28.625 ], [ 125.875, -28.625 ], [ 125.875, -29.375 ], [ 126.125, -29.375 ], [ 126.125, -29.625 ], [ 126.375, -29.625 ], [ 126.375, -30.125 ], [ 126.875, -30.125 ], [ 126.875, -30.375 ], [ 127.625, -30.375 ], [ 127.625, -30.875 ], [ 127.375, -30.875 ], [ 127.375, -31.125 ], [ 128.875, -31.125 ], [ 128.875, -30.875 ], [ 132.375, -30.875 ], [ 132.375, -30.625 ], [ 132.125, -30.625 ], [ 132.125, -30.375 ], [ 131.875, -30.375 ], [ 131.875, -30.125 ], [ 131.625, -30.125 ], [ 131.625, -29.875 ], [ 131.375, -29.875 ], [ 131.375, -29.125 ], [ 132.125, -29.125 ], [ 132.125, -28.625 ], [ 131.875, -28.625 ], [ 131.875, -28.125 ], [ 131.375, -28.125 ], [ 131.375, -27.625 ], [ 131.625, -27.625 ], [ 131.625, -26.875 ], [ 130.875, -26.875 ], [ 130.875, -26.625 ], [ 130.375, -26.625 ] ] ] } },
{ "type": "Feature", "properties": { "cluster_id": 39, "cohesion": 9.6441423445208869, "distances": { "1": 42.236100904424816, "2": 34.297986495696776, "3": 38.19354948988473, "4": 45.44712768950652, "5": 41.71235459536292, "6": 44.862671992345895, "7": 37.449651212207044, "8": 30.02470355824619, "9": 34.60763076915135, "10": 28.779651501560622, "11": 30.92946227766651, "12": 37.44507982308315, "13": 40.7000866780204, "14": 34.99364448517252, "15": 31.744163096192082, "16": 32.94355024910774, "17": 37.71732117622162, "18": 35.30436356911168, "19": 29.812973378605633, "20": 27.51865650006738, "21": 28.38431085377903, "22": 35.033452962962194, "23": 31.70113863120732, "24": 29.087040305449964, "25": 25.323350844266557, "26": 21.166242467877588, "27": 25.943052333930186, "28": 27.66747031747964, "29": 21.708648838840244, "30": 21.126752268428547, "31": 33.01590192736574, "32": 27.780063609867735, "33": 30.877102957408383, "34": 27.84654828641477, "35": 23.32237840904692, "36": 28.978203934120256, "37": 26.861659665280612, "38": 23.19017733126959, "40": 16.313661670254938, "41": 15.509274862222403, "42": 21.027437661424415, "43": 19.057653181447723, "44": 14.11279575919357, "45": 21.024658803135097, "46": 23.234268323702054, "47": 18.294937913305695, "48": 21.023100781308457, "49": 15.30655015528719, "50": 27.97035896915805, "51": 31.0222140875356, "52": 30.50000910443529, "53": 28.772051390167135, "54": 28.469257475323012, "55": 28.821450263226524, "56": 32.09500465695937, "57": 25.84785437017096, "58": 35.897454468310066, "59": 31.46547533715789, "60": 33.13675948716938, "61": 20.536565947261288, "62": 16.28910272766131, "63": 26.95670592488368, "64": 25.066942880123452, "65": 23.991948047127813, "66": 16.871689198554492, "67": 22.92366893635863, "68": 24.788462869211283, "69": 27.887964858295433, "70": 21.92609893159565, "71": 22.980124609031833, "72": 14.295277141369127, "73": 16.612460897802173 } }, "geometry": { "type": "Polygon", "coordinates": [ [ [ 133.875, -23.625 ], [ 133.875, -23.875 ], [ 131.875, -23.875 ], [ 131.875, -24.125 ], [ 131.375, -24.125 ], [ 131.375, -23.875 ], [ 130.375, -23.875 ], [ 130.375, -24.125 ], [ 130.125, -24.125 ], [ 130.125, -24.625 ], [ 128.875, -24.625 ], [ 128.875, -24.375 ], [ 126.875, -24.375 ], [ 126.875, -24.625 ], [ 124.625, -24.625 ], [ 124.625, -25.125 ], [ 125.625, -25.125 ], [ 125.625, -25.375 ], [ 125.875, -25.375 ], [ 125.875, -25.625 ], [ 129.875, -25.625 ], [ 129.875, -25.875 ], [ 130.125, -25.875 ], [ 130.125, -25.625 ], [ 130.625, -25.625 ], [ 130.625, -25.875 ], [ 131.375, -25.875 ], [ 131.375, -25.625 ], [ 131.875, -25.625 ], [ 131.875, -25.375 ], [ 132.875, -25.375 ], [ 132.875, -24.875 ], [ 133.375, -24.875 ], [ 133.375, -24.625 ], [ 134.375, -24.625 ], [ 134.375, -24.375 ], [ 134.125, -24.375 ], [ 134.125, -24.125 ], [ 134.375, -24.125 ], [ 134.375, -23.875 ], [ 134.625, -23.875 ], [ 134.625, -23.625 ], [ 133.875, -23.625 ] ] ] } },
{ "type": "Feature", "properties": { "cluster_id": 40, "cohesion": 8.124790364100674, "distances": { "1": 44.652099368597874, "2": 36.02422703503888, "3": 39.58560265823083, "4": 50.697130556356136, "5": 47.47585847392748, "6": 51.67179378352748, "7": 44.06001465981265, "8": 35.543336729013525, "9": 38.79230065832292, "10": 37.39498946987695, "11": 39.674225120705216, "12": 44.0460698617515, "13": 49.062128863852635, "14": 43.53007166919357, "15": 39.39885098662317, "16": 38.7584769195797, "17": 42.518852817487534, "18": 40.56172614203725, "19": 34.811818962914195, "20": 32.1101135691424, "21": 24.711788815208905, "22": 31.33130785015582, "23": 26.08766080875296, "24": 22.098112523213604, "25": 16.509134292828897, "26": 17.81240607534516, "27": 22.940795498226098, "28": 21.57302331216804, "29": 11.53048131677392, "30": 14.225504472869705, "31": 34.425575242695245, "32": 30.790772904364424, "33": 32.67851196762142, "34": 27.402764896585946, "35": 25.526700985922457, "36": 27.996213744975257, "37": 21.979932253634647, "38": 20.165155691968756, "39": 16.313661670254934, "41": 10.96564744850476, "42": 13.77386480627768, "43": 19.157870563259568, "44": 14.742271051146131, "45": 22.454950962429333, "46": 22.79437095556854, "47": 22.75170084039717, "48": 24.586321354484678, "49": 18.806252765169585, "50": 28.083894753831828, "51": 31.42793242582795, "52": 32.3264668553655, "53": 30.028157357071976, "54": 32.012219340060284, "55": 31.491557137636224, "56": 34.39213225553388, "57": 28.139698553993735, "58": 35.18556409228621, "59": 32.79472564232416, "60": 35.70546671604888, "61": 24.218880114407767, "62": 17.53665660915475, "63": 27.41416158636845, "64": 23.69104616391924, "65": 29.12840705581468, "66": 24.324902353901056, "67": 32.135517697840164, "68": 26.689938453768235, "69": 32.78146525049916, "70": 27.0703140786406, "71": 31.791731262242067, "72": 24.042283746483985, "73": 24.078542912669302 } }, "geometry": { "type": "MultiPolygon", "coordinates": [ [ [ [ 137.625, -28.875 ], [ 137.625, -29.125 ], [ 137.875, -29.125 ], [ 137.875, -29.375 ], [ 138.125, -29.375 ], [ 138.125, -29.625 ], [ 138.375, -29.625 ], [ 138.375, -29.875 ], [ 137.625, -29.875 ], [ 137.625, -29.625 ], [ 137.375, -29.625 ], [ 137.375, -28.875 ], [ 137.625, -28.875 ] ] ], [ [ [ 138.125, -28.875 ], [ 137.875, -28.875 ], [ 137.875, -28.625 ], [ 138.125, -28.625 ], [ 138.125, -28.875 ] ] ], [ [ [ 137.375, -28.375 ], [ 137.125, -28.375 ], [ 137.125, -28.625 ], [ 136.875, -28.625 ], [ 136.875, -28.375 ], [ 136.625, -28.375 ], [ 136.625, -28.125 ], [ 135.875, -28.125 ], [ 135.875, -27.625 ], [ 135.375, -27.625 ], [ 135.375, -27.375 ], [ 134.125, -27.375 ], [ 134.125, -27.125 ], [ 133.875, -27.125 ], [ 133.875, -26.875 ], [ 134.375, -26.875 ], [ 134.375, -26.375 ], [ 134.125, -26.375 ], [ 134.125, -26.125 ], [ 133.875, -26.125 ], [ 133.875, -26.375 ], [ 133.125, -26.375 ], [ 133.125, -26.625 ], [ 132.625, -26.625 ], [ 132.625, -26.375 ], [ 131.375, -26.375 ], [ 131.375, -26.125 ], [ 130.375, -26.125 ], [ 130.375, -25.875 ], [ 131.375, -25.875 ], [ 131.375, -25.625 ], [ 131.875, -25.625 ], [ 131.875, -25.375 ], [ 132.625, -25.375 ], [ 132.625, -25.625 ], [ 133.125, -25.625 ], [ 133.125, -25.875 ], [ 134.625, -25.875 ], [ 134.625, -26.125 ], [ 135.125, -26.125 ], [ 135.125, -26.375 ], [ 135.375, -26.375 ], [ 135.375, -26.625 ], [ 135.625, -26.625 ], [ 135.625, -26.875 ], [ 135.875, -26.875 ], [ 135.875, -27.125 ], [ 136.625, -27.125 ], [ 136.625, -27.375 ], [ 136.875, -27.375 ], [ 136.875, -27.625 ], [ 137.125, -27.625 ], [ 137.125, -27.875 ], [ 137.625, -27.875 ], [ 137.625, -28.125 ], [ 137.875, -28.125 ], [ 137.875, -28.625 ], [ 137.375, -28.625 ], [ 137.375, -28.375 ] ] ] ] } },
{ "type": "Feature", "properties": { "cluster_id": 41, "cohesion": 7.3961793821137105, "distances": { "1": 43.94004461316689, "2": 35.5310511502642, "3": 39.22092777154683, "4": 49.53436390338684, "5": 46.081727388920285, "6": 49.831157712635815, "7": 41.76331000064816, "8": 32.93610222526351, "9": 37.29511872950268, "10": 34.79012478263638, "11": 36.08877901424888, "12": 42.592829325132904, "13": 46.33765947860941, "14": 40.77908276866455, "15": 37.533622750419276, "16": 37.79921232936641, "17": 41.65679053801765, "18": 39.48158639014734, "19": 34.1143466837886, "20": 31.71523601882539, "21": 25.668646068370318, "22": 33.02618217847294, "23": 28.496471174561897, "24": 25.46765531342686, "25": 21.472252354392086, "26": 13.491881635820485, "27": 21.057494032851753, "28": 23.16349667908735, "29": 16.333925293824528, "30": 14.08201650172577, "31": 34.56672879474673, "32": 31.791585333013625, "33": 33.23815871474229, "34": 29.717539967235233, "35": 27.436707916789338, "36": 29.14469428987025, "37": 24.764741940475872, "38": 23.295329448951463, "39": 15.509274862222407, "40": 10.965647448504757, "42": 18.4914369969675, "43": 22.252852894800707, "44": 17.35150981254626, "45": 23.37348020320177, "46": 23.93983403279286, "47": 24.21088178790094, "48": 26.014149545790776, "49": 21.124889656997468, "50": 27.332291389059257, "51": 31.114407385754507, "52": 31.094225576255216, "53": 28.557123137912026, "54": 29.78140980854528, "55": 29.596064816498515, "56": 33.19017747899553, "57": 26.599764085705772, "58": 35.89165131447791, "59": 32.93369202896878, "60": 35.15434224432813, "61": 18.81529221645167, "62": 11.576244916193806, "63": 24.85236699059894, "64": 21.461957582723777, "65": 25.071195428817195, "66": 19.336020236768913, "67": 27.9742537937057, "68": 27.08372822136975, "69": 32.45114948507917, "70": 27.24312828290986, "71": 29.66289421734072, "72": 22.15528930204169, "73": 23.955662804887904 } }, "geometry": { "type": "Polygon", "coordinates": [ [ [ 133.375, -24.625 ], [ 133.375, -24.875 ], [ 132.875, -24.875 ], [ 132.875, -25.375 ], [ 132.625, -25.375 ], [ 132.625, -25.625 ], [ 133.125, -25.625 ], [ 133.125, -25.875 ], [ 134.625, -25.875 ], [ 134.625, -26.125 ], [ 135.125, -26.125 ], [ 135.125, -26.375 ], [ 135.375, -26.375 ], [ 135.375, -26.625 ], [ 135.625, -26.625 ], [ 135.625, -26.875 ], [ 135.875, -26.875 ], [ 135.875, -27.125 ], [ 136.625, -27.125 ], [ 136.625, -27.375 ], [ 136.875, -27.375 ], [ 136.875, -27.625 ], [ 137.125, -27.625 ], [ 137.125, -27.875 ], [ 137.625, -27.875 ], [ 137.625, -28.125 ], [ 137.875, -28.125 ], [ 137.875, -28.625 ], [ 138.125, -28.625 ], [ 138.125, -28.875 ], [ 138.375, -28.875 ], [ 138.375, -29.125 ], [ 138.625, -29.125 ], [ 138.625, -29.375 ], [ 139.375, -29.375 ], [ 139.375, -29.125 ], [ 140.125, -29.125 ], [ 140.125, -29.375 ], [ 140.375, -29.375 ], [ 140.375, -29.625 ], [ 141.125, -29.625 ], [ 141.125, -29.375 ], [ 140.625, -29.375 ], [ 140.625, -29.125 ], [ 140.375, -29.125 ], [ 140.375, -27.625 ], [ 140.125, -27.625 ], [ 140.125, -27.375 ], [ 139.875, -27.375 ], [ 139.875, -27.125 ], [ 139.375, -27.125 ], [ 139.375, -27.375 ], [ 138.625, -27.375 ], [ 138.625, -27.125 ], [ 138.375, -27.125 ], [ 138.375, -27.375 ], [ 137.875, -27.375 ], [ 137.875, -27.125 ], [ 137.625, -27.125 ], [ 137.625, -26.875 ], [ 137.375, -26.875 ], [ 137.375, -26.625 ], [ 137.125, -26.625 ], [ 137.125, -26.125 ], [ 136.875, -26.125 ], [ 136.875, -25.875 ], [ 136.625, -25.875 ], [ 136.625, -25.625 ], [ 136.125, -25.625 ], [ 136.125, -25.375 ], [ 135.875, -25.375 ], [ 135.875, -25.125 ], [ 135.625, -25.125 ], [ 135.625, -24.875 ], [ 134.625, -24.875 ], [ 134.625, -24.625 ], [ 133.375, -24.625 ] ] ] } },
{ "type": "Feature", "properties": { "cluster_id": 42, "cohesion": 6.6791156884839795, "distances": { "1": 43.35329606014714, "2": 33.605703783650156, "3": 37.74846753037607, "4": 50.34473944784572, "5": 47.93038782123871, "6": 52.36906972405846, "7": 44.52947033455308, "8": 36.13039943097094, "9": 37.75633431910836, "10": 40.7590486042763, "11": 42.67570372734338, "12": 45.467882076348964, "13": 50.90976551918972, "14": 46.06895777831192, "15": 42.269721265994036, "16": 40.85537470628, "17": 41.78679081425162, "18": 40.98224536199915, "19": 35.86150834789727, "20": 31.37157380720648, "21": 27.61187786047976, "22": 30.780759365840623, "23": 26.10241148528786, "24": 17.72143618082398, "25": 12.221266094260269, "26": 24.52972633675619, "27": 27.584887692305923, "28": 25.058872343882904, "29": 14.382308284351252, "30": 20.9088888280556, "31": 30.907770367064945, "32": 26.443186352294877, "33": 28.015710750380148, "34": 20.501735275167565, "35": 21.69339153482931, "36": 21.6151064358313, "37": 13.666006883334111, "38": 12.077487482320294, "39": 21.02743766142442, "40": 13.773864806277683, "41": 18.4914369969675, "43": 15.653531746558794, "44": 13.33134265704552, "45": 22.215634462626365, "46": 22.62734440953302, "47": 24.052061049382484, "48": 23.07524379106928, "49": 19.473425077621737, "50": 26.78529676238645, "51": 28.635756379421903, "52": 30.942996408524042, "53": 29.78977509804167, "54": 32.43082392279723, "55": 32.402299502032804, "56": 36.6316626492251, "57": 30.647253984926778, "58": 35.81796666628157, "59": 32.72416057387651, "60": 37.41274688980904, "61": 28.527038774068142, "62": 23.943231828670765, "63": 29.836876482943826, "64": 25.916043957055646, "65": 31.839257705925, "66": 29.905827712089106, "67": 36.54566584493544, "68": 27.33700909674667, "69": 35.28736395365556, "70": 29.964889580743087, "71": 36.012048765850274, "72": 29.291498810080817, "73": 28.39149893303253 } }, "geometry": { "type": "Polygon", "coordinates": [ [ [ 133.875, -26.125 ], [ 133.875, -26.375 ], [ 133.125, -26.375 ], [ 133.125, -26.625 ], [ 132.625, -26.625 ], [ 132.625, -26.375 ], [ 131.875, -26.375 ], [ 131.875, -26.875 ], [ 131.625, -26.875 ], [ 131.625, -27.625 ], [ 131.375, -27.625 ], [ 131.375, -28.125 ], [ 131.875, -28.125 ], [ 131.875, -28.625 ], [ 132.125, -28.625 ], [ 132.125, -29.125 ], [ 131.375, -29.125 ], [ 131.375, -29.875 ], [ 131.625, -29.875 ], [ 131.625, -30.125 ], [ 131.875, -30.125 ], [ 131.875, -30.375 ], [ 132.125, -30.375 ], [ 132.125, -30.625 ], [ 132.375, -30.625 ], [ 132.375, -30.875 ], [ 132.875, -30.875 ], [ 132.875, -30.625 ], [ 133.125, -30.625 ], [ 133.125, -30.375 ], [ 133.375, -30.375 ], [ 133.375, -30.125 ], [ 133.875, -30.125 ], [ 133.875, -29.375 ], [ 134.125, -29.375 ], [ 134.125, -28.625 ], [ 134.375, -28.625 ], [ 134.375, -27.875 ], [ 134.625, -27.875 ], [ 134.625, -27.375 ], [ 134.125, -27.375 ], [ 134.125, -27.125 ], [ 133.875, -27.125 ], [ 133.875, -26.875 ], [ 134.375, -26.875 ], [ 134.375, -26.375 ], [ 134.125, -26.375 ], [ 134.125, -26.125 ], [ 133.875, -26.125 ] ] ] } },
{ "type": "Feature", "properties": { "cluster_id": 43, "cohesion": 6.1397084169348144, "distances": { "1": 46.92394434987044, "2": 36.91876190898899, "3": 41.778699029788314, "4": 51.739972367255454, "5": 48.98784163801142, "6": 52.951890097483236, "7": 45.284696008394704, "8": 37.44173900659486, "9": 39.984654940691655, "10": 40.362558015855164, "11": 42.13205926739044, "12": 45.877342728732096, "13": 50.57550305340403, "14": 45.718664163099824, "15": 42.34532089235048, "16": 41.30441495540603, "17": 42.78343329728849, "18": 41.97952173715046, "19": 36.25052559192355, "20": 31.158406530183917, "21": 31.979259540992498, "22": 36.56601264688523, "23": 32.78605779328378, "24": 26.955219832840253, "25": 21.685998274833693, "26": 28.47187136596048, "27": 31.61303476078738, "28": 30.54133566331978, "29": 21.931524494905016, "30": 25.788857510638255, "31": 32.805498932763726, "32": 22.005691577386504, "33": 27.414055244416968, "34": 16.289320660140095, "35": 13.38903136117948, "36": 23.31285615948453, "37": 21.36299520347884, "38": 12.313384845674008, "39": 19.057653181447723, "40": 19.157870563259568, "41": 22.252852894800707, "42": 15.653531746558796, "44": 10.502494294955579, "45": 19.293601385468115, "46": 24.14401990251338, "47": 19.36897760740817, "48": 15.724052810908335, "49": 11.202662113861031, "50": 30.459228071719963, "51": 32.290959535405854, "52": 33.41987705926263, "53": 32.81624014054573, "54": 34.72803284457632, "55": 34.34413972575994, "56": 38.58600580926792, "57": 32.387334901796535, "58": 39.65227190972056, "59": 35.05277404430849, "60": 39.134343181914716, "61": 30.24591686871535, "62": 25.907606706761204, "63": 32.610639033063755, "64": 29.749340360221556, "65": 33.29604894983918, "66": 29.57065243074473, "67": 35.63007948129159, "68": 29.002263324374557, "69": 35.72263439947858, "70": 29.08415562555131, "71": 35.12645816081847, "72": 27.420467132306097, "73": 26.34058335326466 } }, "geometry": { "type": "Polygon", "coordinates": [ [ [ 125.875, -26.125 ], [ 125.875, -26.375 ], [ 125.375, -26.375 ], [ 125.375, -26.625 ], [ 124.375, -26.625 ], [ 124.375, -26.875 ], [ 123.875, -26.875 ], [ 123.875, -27.125 ], [ 123.125, -27.125 ], [ 123.125, -26.875 ], [ 122.375, -26.875 ], [ 122.375, -27.125 ], [ 122.125, -27.125 ], [ 122.125, -27.375 ], [ 122.375, -27.375 ], [ 122.375, -27.625 ], [ 122.625, -27.625 ], [ 122.625, -27.875 ], [ 123.625, -27.875 ], [ 123.625, -28.125 ], [ 125.875, -28.125 ], [ 125.875, -28.375 ], [ 126.125, -28.375 ], [ 126.125, -28.625 ], [ 127.125, -28.625 ], [ 127.125, -28.125 ], [ 129.125, -28.125 ], [ 129.125, -27.375 ], [ 128.875, -27.375 ], [ 128.875, -26.625 ], [ 128.625, -26.625 ], [ 128.625, -26.375 ], [ 127.625, -26.375 ], [ 127.625, -26.125 ], [ 126.875, -26.125 ], [ 126.875, -26.375 ], [ 126.375, -26.375 ], [ 126.375, -26.125 ], [ 125.875, -26.125 ] ] ] } },
{ "type": "Feature", "properties": { "cluster_id": 44, "cohesion": 6.5517850092667391, "distances": { "1": 44.12783323359568, "2": 34.70969960750446, "3": 39.17165048472049, "4": 48.962209162971604, "5": 46.03565624353299, "6": 49.83545511314877, "7": 42.00170173587558, "8": 34.02462790232106, "9": 37.083118815172696, "10": 36.266084947730654, "11": 37.97617323960411, "12": 42.86223827052968, "13": 46.97085948070252, "14": 41.84058330574828, "15": 38.74711577432407, "16": 38.6043350321968, "17": 40.27342400032709, "18": 39.183943613966264, "19": 33.92154722798461, "20": 29.24433953413899, "21": 29.18753699548113, "22": 34.54955323440438, "23": 30.56962801738061, "24": 25.01492822933762, "25": 19.910180181803565, "26": 23.959798834402676, "27": 28.03381109934398, "28": 27.661364175113707, "29": 18.850000230771997, "30": 21.681597184760125, "31": 31.49998526131417, "32": 23.800279298416317, "33": 27.526129031492875, "34": 20.0796485918995, "35": 17.684449515198867, "36": 23.52824517810954, "37": 20.211102838750985, "38": 13.320597056901002, "39": 14.11279575919357, "40": 14.742271051146133, "41": 17.35150981254626, "42": 13.331342657045518, "43": 10.502494294955579, "45": 20.39867319315916, "46": 23.521181549073297, "47": 19.70321198301136, "48": 18.576255465973848, "49": 12.766140359617335, "50": 28.25897540063051, "51": 30.3881031138487, "52": 31.15738660096277, "53": 30.338416852838144, "54": 31.598857755437596, "55": 31.419129297371338, "56": 35.65968649592475, "57": 29.237542364877587, "58": 37.41344226068843, "59": 32.88692730993043, "60": 36.47860592142461, "61": 25.61343879403633, "62": 20.98151620646865, "63": 29.423722193598234, "64": 26.7637112138039, "65": 29.06234882404433, "66": 24.6081339950358, "67": 30.96639286236592, "68": 27.16161989654024, "69": 33.23614019434659, "70": 26.957631876218013, "71": 31.058923021695946, "72": 22.776987070346692, "73": 23.223681834388984 } }, "geometry": { "type": "Polygon", "coordinates": [ [ [ 127.375, -25.625 ], [ 127.375, -25.875 ], [ 127.625, -25.875 ], [ 127.625, -26.375 ], [ 128.625, -26.375 ], [ 128.625, -26.625 ], [ 128.875, -26.625 ], [ 128.875, -27.375 ], [ 129.125, -27.375 ], [ 129.125, -28.125 ], [ 129.625, -28.125 ], [ 129.625, -27.875 ], [ 130.125, -27.875 ], [ 130.125, -27.625 ], [ 129.875, -27.625 ], [ 129.875, -26.875 ], [ 130.375, -26.875 ], [ 130.375, -26.625 ], [ 130.875, -26.625 ], [ 130.875, -26.875 ], [ 131.875, -26.875 ], [ 131.875, -26.375 ], [ 131.375, -26.375 ], [ 131.375, -26.125 ], [ 130.375, -26.125 ], [ 130.375, -25.875 ], [ 130.625, -25.875 ], [ 130.625, -25.625 ], [ 130.125, -25.625 ], [ 130.125, -25.875 ], [ 129.875, -25.875 ], [ 129.875, -25.625 ], [ 127.375, -25.625 ] ] ] } },
{ "type": "Feature", "properties": { "cluster_id": 45, "cohesion": 6.7077737110313507, "distances": { "1": 40.2192394919009, "2": 31.14816733029577, "3": 35.645375606050045, "4": 44.80034135994982, "5": 41.88578407237833, "6": 45.76913586689111, "7": 38.71684589703142, "8": 31.4521346919535, "9": 33.66610128104558, "10": 34.29721870579866, "11": 36.56087966151514, "12": 38.8861589002377, "13": 43.96892080332624, "14": 39.36081281338079, "15": 35.16767283048681, "16": 32.825717233024044, "17": 36.86303512324693, "18": 35.387637474093125, "19": 29.003166535459997, "20": 26.205946702575595, "21": 28.249684300387322, "22": 31.727481664473512, "23": 29.987184834968073, "24": 27.13576846920262, "25": 25.514432805032648, "26": 26.322626837602805, "27": 27.024939823938467, "28": 28.55767468149648, "29": 25.190315391567545, "30": 26.46558445982187, "31": 30.435227309976142, "32": 23.39675433154973, "33": 27.817227835477222, "34": 23.184354347296484, "35": 18.318057338287982, "36": 25.362494119669716, "37": 24.470146705190782, "38": 22.590471460032898, "39": 21.024658803135097, "40": 22.454950962429333, "41": 23.373480203201765, "42": 22.21563446262636, "43": 19.29360138546812, "44": 20.39867319315916, "46": 12.901355439724217, "47": 13.868465790872484, "48": 12.305997774314987, "49": 16.659732418316587, "50": 24.728372124153275, "51": 26.81407351169514, "52": 26.2597962821533, "53": 25.739923954819112, "54": 27.98781335901089, "55": 26.39546840461886, "56": 30.311465886686648, "57": 24.807240434591407, "58": 32.67893047282163, "59": 28.57060925396909, "60": 31.1923768860137, "61": 26.345343910188763, "62": 24.52035053958614, "63": 25.419699836516955, "64": 23.756825734877243, "65": 28.157846405897423, "66": 26.64908052185784, "67": 31.352478225460967, "68": 19.432369532841165, "69": 26.5626998654132, "70": 20.982338456273364, "71": 29.368254764436475, "72": 24.702007055762795, "73": 21.612583270975303 } }, "geometry": { "type": "Polygon", "coordinates": [ [ [ 113.125, -24.375 ], [ 113.125, -24.875 ], [ 113.375, -24.875 ], [ 113.375, -25.375 ], [ 113.625, -25.375 ], [ 113.625, -25.875 ], [ 113.875, -25.875 ], [ 113.875, -26.125 ], [ 113.625, -26.125 ], [ 113.625, -26.375 ], [ 113.375, -26.375 ], [ 113.375, -27.125 ], [ 113.625, -27.125 ], [ 113.625, -27.875 ], [ 113.875, -27.875 ], [ 113.875, -28.125 ], [ 115.375, -28.125 ], [ 115.375, -27.875 ], [ 116.625, -27.875 ], [ 116.625, -26.625 ], [ 116.375, -26.625 ], [ 116.375, -25.875 ], [ 116.125, -25.875 ], [ 116.125, -25.625 ], [ 115.875, -25.625 ], [ 115.875, -25.375 ], [ 115.625, -25.375 ], [ 115.625, -25.625 ], [ 115.125, -25.625 ], [ 115.125, -25.375 ], [ 114.625, -25.375 ], [ 114.625, -25.125 ], [ 114.375, -25.125 ], [ 114.375, -24.875 ], [ 113.875, -24.875 ], [ 113.875, -24.625 ], [ 113.625, -24.625 ], [ 113.625, -24.375 ], [ 113.125, -24.375 ] ] ] } },
{ "type": "Feature", "properties": { "cluster_id": 46, "cohesion": 8.1167894613009128, "distances": { "1": 35.056653363621486, "2": 27.58029761902162, "3": 30.55926396909655, "4": 40.758113642614354, "5": 38.062045546257835, "6": 42.417497900634054, "7": 36.03357415428322, "8": 29.295783157722465, "9": 30.476402696458, "10": 32.45418225887856, "11": 35.33960864910133, "12": 35.20857959571272, "13": 41.679127963914844, "14": 37.29496620130875, "15": 32.217445064128526, "16": 28.52851179091105, "17": 33.51498298051692, "18": 31.656938962893335, "19": 25.39554149258402, "20": 24.434392575867253, "21": 24.76749588568108, "22": 26.372811253634076, "23": 25.272118674249004, "24": 23.180942275385256, "25": 23.530229759063776, "26": 25.6013532909473, "27": 25.268859714684336, "28": 25.444591144801308, "29": 23.84678658614757, "30": 25.466773838207605, "31": 27.657684523454826, "32": 26.830937018037453, "33": 27.763058978618293, "34": 26.145883708283787, "35": 23.979561483037834, "36": 24.790189924434728, "37": 22.736774997687498, "38": 24.96636920930701, "39": 23.234268323702047, "40": 22.79437095556854, "41": 23.939834032792863, "42": 22.627344409533013, "43": 24.14401990251338, "44": 23.521181549073294, "45": 12.901355439724218, "47": 16.002858240375282, "48": 19.42890532695342, "49": 21.472611003082974, "50": 22.42688842098842, "51": 24.27525910970071, "52": 24.891775090826297, "53": 23.98274450129476, "54": 25.816292148249946, "55": 24.60960379185083, "56": 27.133706882108307, "57": 22.694804095856995, "58": 27.595179027493398, "59": 24.96179338398738, "60": 27.51937536788488, "61": 26.14264475422572, "62": 25.192619109407683, "63": 24.258119830610735, "64": 22.68403734313099, "65": 27.0190035545968, "66": 27.446755284273834, "67": 31.355606517344615, "68": 12.819541141435856, "69": 21.977563625634744, "70": 17.93981440141343, "71": 27.97467661748584, "72": 25.163674193203597, "73": 21.19475918692246 } }, "geometry": { "type": "Polygon", "coordinates": [ [ [ 115.875, -20.625 ], [ 115.875, -20.875 ], [ 115.625, -20.875 ], [ 115.625, -21.125 ], [ 115.125, -21.125 ], [ 115.125, -21.375 ], [ 114.625, -21.375 ], [ 114.625, -21.625 ], [ 114.375, -21.625 ], [ 114.375, -21.875 ], [ 113.875, -21.875 ], [ 113.875, -22.125 ], [ 113.625, -22.125 ], [ 113.625, -22.375 ], [ 113.375, -22.375 ], [ 113.375, -23.625 ], [ 113.125, -23.625 ], [ 113.125, -24.375 ], [ 113.625, -24.375 ], [ 113.625, -24.625 ], [ 113.875, -24.625 ], [ 113.875, -24.875 ], [ 114.375, -24.875 ], [ 114.375, -25.125 ], [ 114.625, -25.125 ], [ 114.625, -25.375 ], [ 115.125, -25.375 ], [ 115.125, -25.625 ], [ 115.625, -25.625 ], [ 115.625, -25.375 ], [ 115.875, -25.375 ], [ 115.875, -25.625 ], [ 116.375, -25.625 ], [ 116.375, -25.375 ], [ 116.625, -25.375 ], [ 116.625, -25.125 ], [ 116.875, -25.125 ], [ 116.875, -24.625 ], [ 117.625, -24.625 ], [ 117.625, -24.375 ], [ 117.875, -24.375 ], [ 117.875, -24.125 ], [ 118.125, -24.125 ], [ 118.125, -23.875 ], [ 117.875, -23.875 ], [ 117.875, -23.625 ], [ 117.625, -23.625 ], [ 117.625, -23.375 ], [ 117.375, -23.375 ], [ 117.375, -22.875 ], [ 117.125, -22.875 ], [ 117.125, -22.625 ], [ 116.625, -22.625 ], [ 116.625, -22.375 ], [ 116.375, -22.375 ], [ 116.375, -22.125 ], [ 116.125, -22.125 ], [ 116.125, -21.125 ], [ 116.375, -21.125 ], [ 116.375, -20.625 ], [ 115.875, -20.625 ] ] ] } },
{ "type": "Feature", "properties": { "cluster_id": 47, "cohesion": 8.10687343078129, "distances": { "1": 40.43808361313947, "2": 33.12513630426837, "3": 36.45196587532905, "4": 43.438659890635385, "5": 40.031887859200204, "6": 43.88730662954569, "7": 37.97023780879841, "8": 31.87026796394165, "9": 34.40647350378519, "10": 30.88461959354181, "11": 34.60983286254669, "12": 35.73436282819945, "13": 41.673477413135, "14": 36.63759365612411, "15": 31.30982538137265, "16": 29.11549278650457, "17": 35.71671013294122, "18": 33.393197321698025, "19": 26.508819488582528, "20": 25.28050613985571, "21": 28.5511061172665, "22": 32.73042690888417, "23": 30.64587422845393, "24": 28.934659593527694, "25": 26.36818854961808, "26": 28.00378650242525, "27": 29.19133224652145, "28": 28.88415454970292, "29": 25.050153783088017, "30": 26.75374393337845, "31": 31.73059209726941, "32": 25.066634664950143, "33": 29.592945730723784, "34": 25.756120912130076, "35": 19.40355934210588, "36": 28.69156593141409, "37": 27.59092584235088, "38": 24.954875923593328, "39": 18.294937913305695, "40": 22.75170084039717, "41": 24.21088178790094, "42": 24.052061049382484, "43": 19.36897760740817, "44": 19.70321198301136, "45": 13.868465790872486, "46": 16.002858240375282, "48": 13.525807761234017, "49": 13.22666181797078, "50": 28.09278236720025, "51": 30.36194572336022, "52": 30.592240420895862, "53": 29.395175228207965, "54": 29.863107071694206, "55": 29.29932961225925, "56": 31.106701557571995, "57": 26.230895822856223, "58": 32.9663770966124, "59": 29.28645663707303, "60": 31.05659395713616, "61": 28.031581093936182, "62": 25.61114166398888, "63": 29.188236786140717, "64": 27.814468818426135, "65": 29.09021704456895, "66": 25.76084317349752, "67": 29.337310941055932, "68": 18.29398955355745, "69": 22.26742766326565, "70": 15.022104315971536, "71": 24.818220076810853, "72": 19.910827127424298, "73": 14.890800334362291 } }, "geometry": { "type": "Polygon", "coordinates": [ [ [ 119.125, -23.125 ], [ 119.125, -24.125 ], [ 117.875, -24.125 ], [ 117.875, -24.375 ], [ 117.625, -24.375 ], [ 117.625, -24.625 ], [ 116.875, -24.625 ], [ 116.875, -25.125 ], [ 116.625, -25.125 ], [ 116.625, -25.375 ], [ 116.375, -25.375 ], [ 116.375, -25.625 ], [ 116.125, -25.625 ], [ 116.125, -25.875 ], [ 116.375, -25.875 ], [ 116.375, -26.625 ], [ 116.625, -26.625 ], [ 116.625, -26.875 ], [ 117.375, -26.875 ], [ 117.375, -26.625 ], [ 117.625, -26.625 ], [ 117.625, -26.375 ], [ 118.125, -26.375 ], [ 118.125, -26.625 ], [ 118.375, -26.625 ], [ 118.375, -26.875 ], [ 118.875, -26.875 ], [ 118.875, -26.625 ], [ 119.375, -26.625 ], [ 119.375, -26.375 ], [ 119.625, -26.375 ], [ 119.625, -26.125 ], [ 120.375, -26.125 ], [ 120.375, -25.625 ], [ 120.625, -25.625 ], [ 120.625, -25.375 ], [ 120.875, -25.375 ], [ 120.875, -25.125 ], [ 122.875, -25.125 ], [ 122.875, -24.875 ], [ 124.625, -24.875 ], [ 124.625, -24.375 ], [ 123.125, -24.375 ], [ 123.125, -23.875 ], [ 121.875, -23.875 ], [ 121.875, -23.625 ], [ 121.625, -23.625 ], [ 121.625, -23.375 ], [ 121.125, -23.375 ], [ 121.125, -23.625 ], [ 120.125, -23.625 ], [ 120.125, -23.125 ], [ 119.125, -23.125 ] ] ] } },
{ "type": "Feature", "properties": { "cluster_id": 48, "cohesion": 6.6606489466712189, "distances": { "1": 42.364183411791004, "2": 33.365324185079906, "3": 37.94930745820358, "4": 45.787109549739945, "5": 42.94804518805387, "6": 46.60201845296362, "7": 39.77477530936031, "8": 33.12888154290693, "9": 35.420207394835614, "10": 35.27178936848518, "11": 37.28021059606758, "12": 39.99255540893264, "13": 44.472574917558234, "14": 40.085766027067386, "15": 36.6759669068374, "16": 35.10638400128163, "17": 37.48094993342985, "18": 36.52223776532597, "19": 30.781030989111965, "20": 26.54348555642346, "21": 32.308800230526415, "22": 35.74129433662331, "23": 33.93119436997011, "24": 30.249075266851086, "25": 27.619104491411584, "26": 30.37459794656227, "27": 31.865996981844543, "28": 32.61360595286151, "29": 27.691490532359797, "30": 29.65365284098037, "31": 29.52808063466381, "32": 17.444829342232655, "33": 24.703012766021324, "34": 18.757978462093728, "35": 11.356318381271942, "36": 24.27545432107537, "37": 25.667066060995438, "38": 20.74265690571439, "39": 21.023100781308457, "40": 24.586321354484678, "41": 26.014149545790776, "42": 23.07524379106928, "43": 15.724052810908335, "44": 18.576255465973848, "45": 12.305997774314987, "46": 19.428905326953423, "47": 13.525807761234018, "49": 13.912523704469539, "50": 28.26752594717666, "51": 29.73164332395894, "52": 29.81668417920248, "53": 29.760231716682124, "54": 30.970874033089654, "55": 30.103319310486462, "56": 34.00396003334816, "57": 28.53844196594601, "58": 36.53313994247773, "59": 31.280854801108465, "60": 34.36198125776667, "61": 29.236432116278987, "62": 27.127054141217393, "63": 30.193538600511364, "64": 28.78076266774458, "65": 30.592887957762617, "66": 28.036487309956645, "67": 32.10071254536484, "68": 23.51732193699299, "69": 29.69233849962688, "70": 23.51935852553685, "71": 30.627884504183637, "72": 25.32822638491912, "73": 23.075275998297453 } }, "geometry": { "type": "Polygon", "coordinates": [ [ [ 119.625, -26.125 ], [ 119.625, -26.375 ], [ 119.375, -26.375 ], [ 119.375, -26.625 ], [ 118.875, -26.625 ], [ 118.875, -26.875 ], [ 118.375, -26.875 ], [ 118.375, -26.625 ], [ 118.125, -26.625 ], [ 118.125, -26.375 ], [ 117.625, -26.375 ], [ 117.625, -26.625 ], [ 117.375, -26.625 ], [ 117.375, -26.875 ], [ 116.625, -26.875 ], [ 116.625, -27.875 ], [ 115.375, -27.875 ], [ 115.375, -28.125 ], [ 114.125, -28.125 ], [ 114.125, -28.625 ], [ 114.375, -28.625 ], [ 114.375, -28.875 ], [ 114.625, -28.875 ], [ 114.625, -29.125 ], [ 114.875, -29.125 ], [ 114.875, -29.625 ], [ 115.125, -29.625 ], [ 115.125, -30.125 ], [ 115.625, -30.125 ], [ 115.625, -29.875 ], [ 115.875, -29.875 ], [ 115.875, -29.375 ], [ 116.125, -29.375 ], [ 116.125, -29.625 ], [ 116.375, -29.625 ], [ 116.375, -29.375 ], [ 116.625, -29.375 ], [ 116.625, -28.375 ], [ 117.125, -28.375 ], [ 117.125, -28.625 ], [ 117.375, -28.625 ], [ 117.375, -28.875 ], [ 118.125, -28.875 ], [ 118.125, -28.625 ], [ 118.375, -28.625 ], [ 118.375, -28.375 ], [ 118.625, -28.375 ], [ 118.625, -28.125 ], [ 118.875, -28.125 ], [ 118.875, -27.875 ], [ 119.125, -27.875 ], [ 119.125, -27.625 ], [ 119.375, -27.625 ], [ 119.375, -27.125 ], [ 119.625, -27.125 ], [ 119.625, -26.875 ], [ 120.625, -26.875 ], [ 120.625, -26.125 ], [ 119.625, -26.125 ] ] ] } },
{ "type": "Feature", "properties": { "cluster_id": 49, "cohesion": 6.7610640230242138, "distances": { "1": 45.45784517481931, "2": 36.63024429659987, "3": 40.87562355281982, "4": 49.25765515819195, "5": 46.041464672744056, "6": 49.74202909066113, "7": 42.69353454320307, "8": 35.420865747465754, "9": 38.58331409077899, "10": 35.73514727286796, "11": 38.371894324142666, "12": 42.09617350544983, "13": 46.83376785465149, "14": 41.631860799330966, "15": 37.43334636723069, "16": 36.52167776490117, "17": 40.78018107124595, "18": 39.14396506814596, "19": 32.76055415560623, "20": 29.399901070805615, "21": 29.8499320637441, "22": 35.43830974922419, "23": 31.938150635615678, "24": 28.560122892773805, "25": 23.673372724629132, "26": 26.8049997196275, "27": 29.64417323580401, "28": 28.93316528278198, "29": 21.89260212239313, "30": 24.46055827559105, "31": 33.98682559477409, "32": 24.261608126029213, "33": 29.99097228047623, "34": 22.382966178135227, "35": 16.030605848048996, "36": 27.758971103549005, "37": 25.755225524171905, "38": 19.35291751195257, "39": 15.306550155287193, "40": 18.806252765169585, "41": 21.12488965699747, "42": 19.473425077621737, "43": 11.202662113861031, "44": 12.766140359617335, "45": 16.659732418316587, "46": 21.47261100308297, "47": 13.22666181797078, "48": 13.912523704469539, "50": 30.223423582242134, "51": 32.63414940492032, "52": 32.88940642283463, "53": 31.85056210714904, "54": 33.05203165312849, "55": 32.399448804746896, "56": 35.33729600175427, "57": 29.44429370987045, "58": 37.14485853730313, "59": 32.87921949351533, "60": 35.72121417188326, "61": 28.271354346309955, "62": 24.049423023148275, "63": 30.83948903901591, "64": 28.591962529230962, "65": 31.013196680076238, "66": 26.133898080730372, "67": 31.665067100836186, "68": 25.385301559478336, "69": 30.215466310616723, "70": 22.839694630622155, "71": 29.559849178325127, "72": 21.682442098631974, "73": 19.153217750846327 } }, "geometry": { "type": "Polygon", "coordinates": [ [ [ 122.875, -24.875 ], [ 122.875, -25.125 ], [ 120.875, -25.125 ], [ 120.875, -25.375 ], [ 120.625, -25.375 ], [ 120.625, -25.625 ], [ 120.375, -25.625 ], [ 120.375, -26.125 ], [ 120.625, -26.125 ], [ 120.625, -26.375 ], [ 121.125, -26.375 ], [ 121.125, -26.125 ], [ 121.625, -26.125 ], [ 121.625, -26.625 ], [ 121.875, -26.625 ], [ 121.875, -26.875 ], [ 123.125, -26.875 ], [ 123.125, -27.125 ], [ 123.875, -27.125 ], [ 123.875, -26.875 ], [ 124.375, -26.875 ], [ 124.375, -26.625 ], [ 125.375, -26.625 ], [ 125.375, -26.375 ], [ 125.875, -26.375 ], [ 125.875, -26.125 ], [ 126.375, -26.125 ], [ 126.375, -26.375 ], [ 126.875, -26.375 ], [ 126.875, -26.125 ], [ 127.625, -26.125 ], [ 127.625, -25.875 ], [ 127.375, -25.875 ], [ 127.375, -25.625 ], [ 125.875, -25.625 ], [ 125.875, -25.375 ], [ 125.625, -25.375 ], [ 125.625, -25.125 ], [ 124.625, -25.125 ], [ 124.625, -24.875 ], [ 122.875, -24.875 ] ] ] } },
{ "type": "Feature", "properties": { "cluster_id": 50, "cohesion": 8.4063454065380139, "distances": { "1": 28.163243571311234, "2": 16.88045624828213, "3": 23.07565872820314, "4": 35.16836782301341, "5": 33.32908832557823, "6": 36.92904933603108, "7": 28.04147260439481, "8": 19.543524576198617, "9": 19.010019682191576, "10": 30.94209513021314, "11": 30.956982243114368, "12": 32.79625982381021, "13": 36.75242028543187, "14": 33.80055600657687, "15": 31.533955653598678, "16": 30.597207583681186, "17": 28.70609254632048, "18": 28.127112179651352, "19": 25.891203702031202, "20": 22.73035039205073, "21": 28.73823098540748, "22": 28.240640709314356, "23": 28.6117354319786, "24": 25.58757071929047, "25": 28.39762761137044, "26": 26.28544323706171, "27": 25.355271987192623, "28": 29.638159081933658, "29": 29.70515901509906, "30": 29.32485376290439, "31": 26.37003327129807, "32": 28.73291749684914, "33": 27.385817394964153, "34": 29.93772967881523, "35": 30.05278656796689, "36": 25.721667505672787, "37": 24.210576107389635, "38": 28.33186457727858, "39": 27.970358969158045, "40": 28.083894753831828, "41": 27.332291389059257, "42": 26.78529676238645, "43": 30.459228071719963, "44": 28.258975400630515, "45": 24.728372124153275, "46": 22.426888420988423, "47": 28.09278236720025, "48": 28.267525947176654, "49": 30.22342358224213, "51": 12.422535545362807, "52": 16.322976416393143, "53": 11.88144867791221, "54": 14.740351788459419, "55": 20.334872274187738, "56": 27.12502394520473, "57": 22.677838169715407, "58": 29.7311173832621, "59": 26.417398425033177, "60": 29.008258355937485, "61": 23.579534025112594, "62": 26.27196795393997, "63": 21.174926866557133, "64": 17.59367745420075, "65": 21.22849555233581, "66": 27.48585718539616, "67": 29.308709320063482, "68": 22.592879823849216, "69": 28.81415261046816, "70": 27.610973097005967, "71": 29.70248096021697, "72": 28.652929334886863, "73": 28.85275925394233 } }, "geometry": { "type": "MultiPolygon", "coordinates": [ [ [ [ 150.375, -23.625 ], [ 150.375, -23.875 ], [ 150.625, -23.875 ], [ 150.625, -24.375 ], [ 150.375, -24.375 ], [ 150.375, -24.125 ], [ 150.125, -24.125 ], [ 150.125, -23.625 ], [ 150.375, -23.625 ] ] ], [ [ [ 149.875, -23.625 ], [ 149.875, -23.375 ], [ 149.125, -23.375 ], [ 149.125, -23.625 ], [ 147.875, -23.625 ], [ 147.875, -24.125 ], [ 147.375, -24.125 ], [ 147.375, -23.875 ], [ 147.125, -23.875 ], [ 147.125, -23.375 ], [ 146.875, -23.375 ], [ 146.875, -22.875 ], [ 146.625, -22.875 ], [ 146.625, -22.625 ], [ 146.375, -22.625 ], [ 146.375, -22.875 ], [ 146.125, -22.875 ], [ 146.125, -23.625 ], [ 146.375, -23.625 ], [ 146.375, -24.125 ], [ 145.625, -24.125 ], [ 145.625, -23.875 ], [ 145.125, -23.875 ], [ 145.125, -23.625 ], [ 144.875, -23.625 ], [ 144.875, -23.375 ], [ 144.625, -23.375 ], [ 144.625, -23.125 ], [ 143.875, -23.125 ], [ 143.875, -22.375 ], [ 143.625, -22.375 ], [ 143.625, -21.625 ], [ 143.875, -21.625 ], [ 143.875, -21.375 ], [ 144.375, -21.375 ], [ 144.375, -21.625 ], [ 144.875, -21.625 ], [ 144.875, -21.125 ], [ 144.625, -21.125 ], [ 144.625, -19.875 ], [ 146.125, -19.875 ], [ 146.125, -19.375 ], [ 146.625, -19.375 ], [ 146.625, -19.625 ], [ 146.875, -19.625 ], [ 146.875, -19.875 ], [ 147.125, -19.875 ], [ 147.125, -20.125 ], [ 147.375, -20.125 ], [ 147.375, -20.375 ], [ 147.625, -20.375 ], [ 147.625, -20.625 ], [ 147.875, -20.625 ], [ 147.875, -21.375 ], [ 148.875, -21.375 ], [ 148.875, -21.625 ], [ 149.125, -21.625 ], [ 149.125, -21.875 ], [ 149.625, -21.875 ], [ 149.625, -22.125 ], [ 149.875, -22.125 ], [ 149.875, -22.375 ], [ 150.125, -22.375 ], [ 150.125, -22.625 ], [ 150.375, -22.625 ], [ 150.375, -23.375 ], [ 150.125, -23.375 ], [ 150.125, -23.625 ], [ 149.875, -23.625 ] ] ] ] } },
{ "type": "Feature", "properties": { "cluster_id": 51, "cohesion": 9.6042127334415746, "distances": { "1": 24.021605192094587, "2": 12.923918592155198, "3": 18.788576951489144, "4": 32.64811600476694, "5": 32.193336104582315, "6": 35.87308857816799, "7": 27.656079902727125, "8": 21.304369195228325, "9": 18.173819930543374, "10": 32.47810339575543, "11": 32.173980318558634, "12": 32.84213883468814, "13": 36.548626698041545, "14": 34.321286846906375, "15": 32.693828616326705, "16": 31.19354794095301, "17": 26.19539508119546, "18": 27.423154354435933, "19": 26.5024455918478, "20": 22.04552246980972, "21": 30.592081170988934, "22": 27.74596784653741, "23": 29.3347175260231, "24": 25.94306334471232, "25": 29.992251427151388, "26": 30.572137390466246, "27": 29.418892586582952, "28": 32.153071512052676, "29": 32.49148620514659, "30": 32.741489423077226, "31": 23.819964814614234, "32": 27.850792103274625, "33": 25.491581804352915, "34": 29.67545533165857, "35": 30.855228621827226, "36": 24.545383186630357, "37": 24.147077600955832, "38": 29.27677859140253, "39": 31.0222140875356, "40": 31.42793242582795, "41": 31.114407385754507, "42": 28.6357563794219, "43": 32.290959535405854, "44": 30.3881031138487, "45": 26.81407351169514, "46": 24.27525910970071, "47": 30.361945723360215, "48": 29.73164332395894, "49": 32.63414940492032, "50": 12.422535545362805, "52": 15.723742735715646, "53": 16.246977555830497, "54": 18.545035102562995, "55": 21.603245993950047, "56": 28.18311547511645, "57": 24.761782316983286, "58": 29.027906759792714, "59": 24.836121606311092, "60": 29.02332920529737, "61": 27.010831795247164, "62": 29.990324090104256, "63": 24.369635638309227, "64": 22.659582731153016, "65": 24.50231516827761, "66": 30.66539195124773, "67": 31.559760902776894, "68": 23.806496659961283, "69": 29.95993673620679, "70": 29.76873907958011, "71": 31.994308572865485, "72": 31.592944803881476, "73": 31.398282629586028 } }, "geometry": { "type": "MultiPolygon", "coordinates": [ [ [ [ 150.625, -22.375 ], [ 150.875, -22.375 ], [ 150.875, -22.625 ], [ 151.125, -22.625 ], [ 151.125, -23.375 ], [ 151.375, -23.375 ], [ 151.375, -23.625 ], [ 151.875, -23.625 ], [ 151.875, -23.875 ], [ 152.125, -23.875 ], [ 152.125, -24.125 ], [ 152.375, -24.125 ], [ 152.375, -24.375 ], [ 151.625, -24.375 ], [ 151.625, -24.125 ], [ 150.875, -24.125 ], [ 150.875, -24.625 ], [ 150.625, -24.625 ], [ 150.625, -23.875 ], [ 150.375, -23.875 ], [ 150.375, -23.625 ], [ 150.125, -23.625 ], [ 150.125, -23.375 ], [ 150.375, -23.375 ], [ 150.375, -22.625 ], [ 150.125, -22.625 ], [ 150.125, -22.375 ], [ 149.875, -22.375 ], [ 149.875, -22.125 ], [ 150.625, -22.125 ], [ 150.625, -22.375 ] ] ], [ [ [ 149.625, -21.875 ], [ 149.125, -21.875 ], [ 149.125, -21.625 ], [ 148.875, -21.625 ], [ 148.875, -21.375 ], [ 147.875, -21.375 ], [ 147.875, -20.625 ], [ 147.625, -20.625 ], [ 147.625, -20.375 ], [ 148.125, -20.375 ], [ 148.125, -20.625 ], [ 148.375, -20.625 ], [ 148.375, -20.375 ], [ 148.625, -20.375 ], [ 148.625, -20.625 ], [ 148.875, -20.625 ], [ 148.875, -20.875 ], [ 149.375, -20.875 ], [ 149.375, -21.125 ], [ 149.625, -21.125 ], [ 149.625, -21.625 ], [ 149.875, -21.625 ], [ 149.875, -22.125 ], [ 149.625, -22.125 ], [ 149.625, -21.875 ] ] ], [ [ [ 144.125, -19.875 ], [ 144.625, -19.875 ], [ 144.625, -21.125 ], [ 144.875, -21.125 ], [ 144.875, -21.625 ], [ 144.375, -21.625 ], [ 144.375, -20.875 ], [ 144.125, -20.875 ], [ 144.125, -20.625 ], [ 143.875, -20.625 ], [ 143.875, -20.375 ], [ 143.625, -20.375 ], [ 143.625, -19.625 ], [ 144.125, -19.625 ], [ 144.125, -19.875 ] ] ], [ [ [ 147.375, -20.375 ], [ 147.375, -20.125 ], [ 147.625, -20.125 ], [ 147.625, -20.375 ], [ 147.375, -20.375 ] ] ], [ [ [ 146.875, -19.875 ], [ 146.875, -19.625 ], [ 146.625, -19.625 ], [ 146.625, -19.375 ], [ 146.125, -19.375 ], [ 146.125, -19.875 ], [ 145.875, -19.875 ], [ 145.875, -19.625 ], [ 145.625, -19.625 ], [ 145.625, -19.375 ], [ 145.375, -19.375 ], [ 145.375, -19.125 ], [ 145.125, -19.125 ], [ 145.125, -18.375 ], [ 145.375, -18.375 ], [ 145.375, -18.625 ], [ 145.875, -18.625 ], [ 145.875, -18.875 ], [ 146.125, -18.875 ], [ 146.125, -19.125 ], [ 146.875, -19.125 ], [ 146.875, -19.375 ], [ 147.125, -19.375 ], [ 147.125, -19.625 ], [ 147.375, -19.625 ], [ 147.375, -20.125 ], [ 147.125, -20.125 ], [ 147.125, -19.875 ], [ 146.875, -19.875 ] ] ] ] } },
{ "type": "Feature", "properties": { "cluster_id": 52, "cohesion": 6.6604437017141844, "distances": { "1": 27.896593497831955, "2": 20.263948919883354, "3": 24.824659545472286, "4": 32.25257091114055, "5": 31.064019779265426, "6": 34.01299886577849, "7": 26.828527516986746, "8": 21.30524482063729, "9": 20.869594688222335, "10": 30.69202034801606, "11": 29.993854896910186, "12": 31.644947387914897, "13": 34.13788795313837, "14": 32.1260415027123, "15": 31.207986570891872, "16": 30.189438355321002, "17": 26.329189483130914, "18": 26.951952366606054, "19": 25.706436169212154, "20": 22.017381332297877, "21": 29.047899285887986, "22": 27.725497789498952, "23": 29.70336952584114, "24": 28.387289106410574, "25": 32.398644314797444, "26": 28.49887118616774, "27": 25.569332169642635, "28": 31.432187952461174, "29": 33.76250957499426, "30": 32.06051706457048, "31": 24.990066890637838, "32": 28.796747772785384, "33": 27.03541375896958, "34": 32.12043414722166, "35": 31.90865491861434, "36": 26.983441126648692, "37": 27.215500202484474, "38": 31.565127325465056, "39": 30.500009104435293, "40": 32.3264668553655, "41": 31.094225576255212, "42": 30.942996408524046, "43": 33.419877059262625, "44": 31.15738660096277, "45": 26.2597962821533, "46": 24.891775090826297, "47": 30.592240420895866, "48": 29.81668417920248, "49": 32.88940642283463, "50": 16.322976416393146, "51": 15.723742735715648, "53": 12.826501223482976, "54": 16.936007998518, "55": 11.747838578593797, "56": 21.36752557937724, "57": 18.769042248793983, "58": 27.397055564131197, "59": 23.762762970705346, "60": 24.567277879770515, "61": 24.63000725400944, "62": 28.828067732680125, "63": 16.692875579924124, "64": 19.481625019880376, "65": 22.694957629271414, "66": 28.92811395208716, "67": 29.42786797564913, "68": 24.06703813809819, "69": 29.322897690680186, "70": 29.63490734844771, "71": 30.528518367089898, "72": 30.4294403254047, "73": 30.839602019449146 } }, "geometry": { "type": "Polygon", "coordinates": [ [ [ 150.875, -24.125 ], [ 150.875, -24.625 ], [ 151.375, -24.625 ], [ 151.375, -24.875 ], [ 151.625, -24.875 ], [ 151.625, -25.875 ], [ 151.375, -25.875 ], [ 151.375, -26.625 ], [ 151.875, -26.625 ], [ 151.875, -26.375 ], [ 152.875, -26.375 ], [ 152.875, -26.625 ], [ 153.125, -26.625 ], [ 153.125, -28.125 ], [ 153.375, -28.125 ], [ 153.375, -27.625 ], [ 153.625, -27.625 ], [ 153.625, -26.375 ], [ 153.375, -26.375 ], [ 153.375, -26.125 ], [ 153.625, -26.125 ], [ 153.625, -25.875 ], [ 153.375, -25.875 ], [ 153.375, -25.375 ], [ 153.125, -25.375 ], [ 153.125, -25.125 ], [ 152.875, -25.125 ], [ 152.875, -24.875 ], [ 152.625, -24.875 ], [ 152.625, -24.625 ], [ 152.375, -24.625 ], [ 152.375, -24.375 ], [ 151.625, -24.375 ], [ 151.625, -24.125 ], [ 150.875, -24.125 ] ] ] } },
{ "type": "Feature", "properties": { "cluster_id": 53, "cohesion": 8.2568702580574698, "distances": { "1": 29.8653079720263, "2": 20.69468281959015, "3": 26.00985196539106, "4": 34.40437130402242, "5": 32.038121526190544, "6": 35.18162983023368, "7": 26.99053644363023, "8": 19.068968618052576, "9": 20.13089815869373, "10": 29.532724091059972, "11": 29.35272504343439, "12": 31.584472230130572, "13": 34.82238513473769, "14": 32.04931365172925, "15": 30.22932530002847, "16": 29.917866443373217, "17": 28.65235750162445, "18": 27.503313527579188, "19": 25.549212927917637, "20": 23.225006206967162, "21": 29.405734501220408, "22": 29.628581462403464, "23": 30.40381828352354, "24": 28.703209044304227, "25": 31.586436136949597, "26": 26.111737441511067, "27": 23.986636590607766, "28": 30.819871973157216, "29": 32.11086215236897, "30": 30.56385497312934, "31": 28.28007377419743, "32": 30.80240264845533, "33": 29.703634828081444, "34": 33.099029222390776, "35": 32.30803651442352, "36": 28.78817515146148, "37": 27.730615158201953, "38": 31.47358337640697, "39": 28.77205139016713, "40": 30.028157357071976, "41": 28.55712313791203, "42": 29.789775098041673, "43": 32.81624014054573, "44": 30.338416852838144, "45": 25.739923954819112, "46": 23.982744501294764, "47": 29.395175228207965, "48": 29.760231716682124, "49": 31.850562107149035, "50": 11.881448677912209, "51": 16.246977555830494, "52": 12.826501223482975, "54": 12.444447425663457, "55": 15.828222899868894, "56": 24.107048258843886, "57": 20.09423538242328, "58": 29.859844685848252, "59": 26.816812074287864, "60": 27.35195078841207, "61": 22.465460145237167, "62": 26.428134297789633, "63": 17.298849026654832, "64": 15.24991911922896, "65": 19.86521480088573, "66": 26.816818931254247, "67": 28.061193102670487, "68": 23.55001782072541, "69": 28.76092751347397, "70": 28.12095527774001, "71": 28.81023841357982, "72": 28.488040807871748, "73": 29.222106521678207 } }, "geometry": { "type": "MultiPolygon", "coordinates": [ [ [ [ 148.375, -25.375 ], [ 148.125, -25.375 ], [ 148.125, -25.125 ], [ 148.375, -25.125 ], [ 148.375, -25.375 ] ] ], [ [ [ 147.625, -24.875 ], [ 148.125, -24.875 ], [ 148.125, -25.125 ], [ 147.625, -25.125 ], [ 147.625, -24.875 ] ] ], [ [ [ 146.375, -23.625 ], [ 146.125, -23.625 ], [ 146.125, -22.875 ], [ 146.375, -22.875 ], [ 146.375, -22.625 ], [ 146.625, -22.625 ], [ 146.625, -22.875 ], [ 146.875, -22.875 ], [ 146.875, -23.375 ], [ 147.125, -23.375 ], [ 147.125, -23.875 ], [ 147.375, -23.875 ], [ 147.375, -24.125 ], [ 147.875, -24.125 ], [ 147.875, -23.625 ], [ 149.125, -23.625 ], [ 149.125, -23.375 ], [ 149.875, -23.375 ], [ 149.875, -23.625 ], [ 150.125, -23.625 ], [ 150.125, -24.125 ], [ 150.375, -24.125 ], [ 150.375, -24.375 ], [ 150.625, -24.375 ], [ 150.625, -24.625 ], [ 151.375, -24.625 ], [ 151.375, -24.875 ], [ 151.625, -24.875 ], [ 151.625, -25.875 ], [ 151.375, -25.875 ], [ 151.375, -26.625 ], [ 151.125, -26.625 ], [ 151.125, -26.375 ], [ 149.125, -26.375 ], [ 149.125, -26.125 ], [ 148.875, -26.125 ], [ 148.875, -25.875 ], [ 149.125, -25.875 ], [ 149.125, -25.625 ], [ 148.375, -25.625 ], [ 148.375, -25.375 ], [ 149.875, -25.375 ], [ 149.875, -24.625 ], [ 148.875, -24.625 ], [ 148.875, -24.375 ], [ 148.625, -24.375 ], [ 148.625, -23.875 ], [ 148.125, -23.875 ], [ 148.125, -24.625 ], [ 147.375, -24.625 ], [ 147.375, -24.375 ], [ 146.875, -24.375 ], [ 146.875, -24.875 ], [ 147.125, -24.875 ], [ 147.125, -25.125 ], [ 146.375, -25.125 ], [ 146.375, -25.375 ], [ 146.125, -25.375 ], [ 146.125, -24.625 ], [ 145.875, -24.625 ], [ 145.875, -24.375 ], [ 145.625, -24.375 ], [ 145.625, -24.125 ], [ 146.375, -24.125 ], [ 146.375, -23.625 ] ] ], [ [ [ 145.375, -23.875 ], [ 145.625, -23.875 ], [ 145.625, -24.125 ], [ 145.375, -24.125 ], [ 145.375, -23.875 ] ] ] ] } },
{ "type": "Feature", "properties": { "cluster_id": 54, "cohesion": 8.485408749201591, "distances": { "1": 27.450286779824676, "2": 19.86981964050011, "3": 24.544436333359233, "4": 30.52450208081176, "5": 27.668913111147322, "6": 29.908674635105957, "7": 20.927348571027068, "8": 12.17710188564095, "9": 15.539635448631229, "10": 24.206967921195847, "11": 22.871124649340107, "12": 27.06968121237585, "13": 28.468531115239927, "14": 26.103664378304195, "15": 25.42473606262666, "16": 26.661612145371134, "17": 25.914561455161383, "18": 24.03356803196789, "19": 23.32300488239769, "20": 22.119436960244396, "21": 31.782589488210103, "22": 32.09828141878275, "23": 33.2766107827207, "24": 31.836241385200875, "25": 34.58892184209271, "26": 27.80514517852422, "27": 27.06042800835586, "28": 33.641692445768896, "29": 34.72499434876, "30": 32.739861002639664, "31": 27.910397716015524, "32": 31.479076161965025, "33": 29.849142083764562, "34": 34.80572971988904, "35": 33.596855795064535, "36": 30.108845182160668, "37": 30.327112275779836, "38": 33.71233087567423, "39": 28.469257475323012, "40": 32.012219340060284, "41": 29.781409808545273, "42": 32.43082392279723, "43": 34.72803284457631, "44": 31.598857755437596, "45": 27.98781335901089, "46": 25.81629214824995, "47": 29.863107071694202, "48": 30.970874033089654, "49": 33.052031653128495, "50": 14.740351788459419, "51": 18.545035102562995, "52": 16.936007998518, "53": 12.444447425663455, "55": 18.03503521697573, "56": 24.90804081902002, "57": 21.28035260614601, "58": 30.983671148866325, "59": 26.744469344168753, "60": 27.220223996772525, "61": 20.365227925092835, "62": 26.135102448465958, "63": 20.88581647435712, "64": 19.14750967610633, "65": 14.821987933511389, "66": 23.808684415130912, "67": 23.042603368494266, "68": 23.304042674603096, "69": 26.715676114675414, "70": 26.87485604334773, "71": 24.769371862418573, "72": 26.047025613127673, "73": 27.859823665359464 } }, "geometry": { "type": "MultiPolygon", "coordinates": [ [ [ [ 148.625, -23.875 ], [ 148.625, -24.375 ], [ 148.875, -24.375 ], [ 148.875, -24.625 ], [ 149.875, -24.625 ], [ 149.875, -25.375 ], [ 148.375, -25.375 ], [ 148.375, -25.125 ], [ 148.125, -25.125 ], [ 148.125, -24.875 ], [ 147.625, -24.875 ], [ 147.625, -25.125 ], [ 147.125, -25.125 ], [ 147.125, -24.875 ], [ 146.875, -24.875 ], [ 146.875, -24.375 ], [ 147.375, -24.375 ], [ 147.375, -24.625 ], [ 148.125, -24.625 ], [ 148.125, -23.875 ], [ 148.625, -23.875 ] ] ], [ [ [ 143.875, -22.375 ], [ 143.875, -23.125 ], [ 144.625, -23.125 ], [ 144.625, -23.375 ], [ 144.875, -23.375 ], [ 144.875, -23.625 ], [ 145.125, -23.625 ], [ 145.125, -23.875 ], [ 145.375, -23.875 ], [ 145.375, -24.125 ], [ 145.625, -24.125 ], [ 145.625, -24.375 ], [ 145.875, -24.375 ], [ 145.875, -24.625 ], [ 146.125, -24.625 ], [ 146.125, -25.125 ], [ 144.125, -25.125 ], [ 144.125, -24.625 ], [ 143.875, -24.625 ], [ 143.875, -24.125 ], [ 143.625, -24.125 ], [ 143.625, -23.875 ], [ 143.375, -23.875 ], [ 143.375, -23.625 ], [ 143.125, -23.625 ], [ 143.125, -23.375 ], [ 142.875, -23.375 ], [ 142.875, -23.125 ], [ 143.125, -23.125 ], [ 143.125, -22.875 ], [ 143.375, -22.875 ], [ 143.375, -22.375 ], [ 143.875, -22.375 ] ] ] ] } },
{ "type": "Feature", "properties": { "cluster_id": 55, "cohesion": 8.1378678342155606, "distances": { "1": 29.27985483333273, "2": 24.34051014696165, "3": 27.20143682661065, "4": 31.586811621610963, "5": 29.45783244733223, "6": 32.16090840774704, "7": 26.339527519249035, "8": 21.893317164424463, "9": 23.159167892058644, "10": 27.31642688175508, "11": 27.37360207896016, "12": 29.122490470239068, "13": 31.57542276963964, "14": 29.13156525903243, "15": 27.93458707898574, "16": 27.1393453834223, "17": 26.385632238656353, "18": 25.618788387193746, "19": 23.753525414085004, "20": 22.260216505957573, "21": 25.785818609363076, "22": 26.62905261807246, "23": 28.469561613067444, "24": 29.51115964131279, "25": 33.07889811635926, "26": 25.800938051698473, "27": 21.982974538647788, "28": 28.839231885892897, "29": 32.880327708659934, "30": 29.646176815888847, "31": 26.154041653279034, "32": 30.65245705790645, "33": 28.9897252293049, "34": 34.546022412771265, "35": 33.10062128253775, "36": 29.56223761941926, "37": 29.86208476907819, "38": 33.77458956807212, "39": 28.821450263226524, "40": 31.491557137636217, "41": 29.596064816498515, "42": 32.402299502032804, "43": 34.34413972575994, "44": 31.419129297371338, "45": 26.39546840461886, "46": 24.609603791850827, "47": 29.29932961225925, "48": 30.103319310486462, "49": 32.39944880474689, "50": 20.33487227418774, "51": 21.603245993950047, "52": 11.747838578593793, "53": 15.828222899868894, "54": 18.03503521697573, "56": 15.156906470630355, "57": 13.446008163497458, "58": 24.6797958360684, "59": 22.120283175390004, "60": 19.751521127390426, "61": 22.80114742081877, "62": 26.858096102104955, "63": 13.292457462157511, "64": 19.071179379895042, "65": 21.585254655708926, "66": 26.25853181819506, "67": 26.456788595907835, "68": 22.49829771315238, "69": 26.147911028287652, "70": 26.85910348482988, "71": 27.057234739157767, "72": 27.357771595883055, "73": 27.94808293215547 } }, "geometry": { "type": "MultiPolygon", "coordinates": [ [ [ [ 152.875, -31.125 ], [ 152.625, -31.125 ], [ 152.625, -30.875 ], [ 152.875, -30.875 ], [ 152.875, -31.125 ] ] ], [ [ [ 151.625, -30.125 ], [ 151.375, -30.125 ], [ 151.375, -29.875 ], [ 151.625, -29.875 ], [ 151.625, -30.125 ] ] ], [ [ [ 151.625, -29.875 ], [ 151.625, -29.375 ], [ 151.875, -29.375 ], [ 151.875, -29.875 ], [ 151.625, -29.875 ] ] ], [ [ [ 151.625, -26.875 ], [ 151.625, -26.625 ], [ 151.875, -26.625 ], [ 151.875, -26.375 ], [ 152.875, -26.375 ], [ 152.875, -26.625 ], [ 153.125, -26.625 ], [ 153.125, -28.125 ], [ 153.375, -28.125 ], [ 153.375, -27.625 ], [ 153.875, -27.625 ], [ 153.875, -29.125 ], [ 153.625, -29.125 ], [ 153.625, -30.125 ], [ 153.125, -30.125 ], [ 153.125, -30.375 ], [ 152.625, -30.375 ], [ 152.625, -29.625 ], [ 152.875, -29.625 ], [ 152.875, -29.125 ], [ 153.125, -29.125 ], [ 153.125, -28.875 ], [ 153.375, -28.875 ], [ 153.375, -28.375 ], [ 152.375, -28.375 ], [ 152.375, -28.625 ], [ 152.125, -28.625 ], [ 152.125, -29.375 ], [ 151.875, -29.375 ], [ 151.875, -26.875 ], [ 151.625, -26.875 ] ] ] ] } },
{ "type": "Feature", "properties": { "cluster_id": 56, "cohesion": 8.0601699304175671, "distances": { "1": 30.08883666295154, "2": 28.872058655678753, "3": 29.23559072672791, "4": 31.461418637620792, "5": 29.464067853964526, "6": 31.9221405166084, "7": 28.994226761332644, "8": 27.3305788807245, "9": 27.862106424875325, "10": 27.87065048519819, "11": 29.584968996459516, "12": 28.45915394666597, "13": 31.910703788850366, "14": 29.587193316650712, "15": 27.24021358844952, "16": 25.330602213242834, "17": 27.849813044441476, "18": 26.40158971736005, "19": 24.115147972427476, "20": 25.598554390709214, "21": 21.246422848418362, "22": 22.97841805660586, "23": 25.813909891772198, "24": 30.9336792101134, "25": 34.89146676499482, "26": 28.64052221758372, "27": 22.581808245337935, "28": 26.353361203443477, "29": 33.989661005510975, "30": 30.26825187530719, "31": 28.874648069195164, "32": 35.378703164481124, "33": 33.219493431085304, "34": 39.38535502991729, "35": 37.47773991238125, "36": 34.49122272026112, "37": 34.314020090455486, "38": 38.912644708894554, "39": 32.095004656959375, "40": 34.39213225553388, "41": 33.19017747899553, "42": 36.6316626492251, "43": 38.586005809267924, "44": 35.65968649592476, "45": 30.31146588668665, "46": 27.13370688210831, "47": 31.106701557571995, "48": 34.003960033348164, "49": 35.337296001754275, "50": 27.12502394520473, "51": 28.18311547511646, "52": 21.36752557937724, "53": 24.107048258843886, "54": 24.90804081902002, "55": 15.156906470630355, "57": 12.57916033241242, "58": 17.766469484810035, "59": 19.03460457102033, "60": 11.585574647948784, "61": 28.605939980413638, "62": 31.393165545307355, "63": 18.606148656105425, "64": 25.36657149473743, "65": 27.402603258139642, "66": 30.219280559314818, "67": 29.41203227475053, "68": 23.383223089089753, "69": 24.32730594572901, "70": 26.64792829708878, "71": 27.526645583768154, "72": 28.906870918370643, "73": 28.286650555389517 } }, "geometry": { "type": "MultiPolygon", "coordinates": [ [ [ [ 149.375, -36.625 ], [ 149.375, -36.875 ], [ 149.125, -36.875 ], [ 149.125, -37.375 ], [ 148.875, -37.375 ], [ 148.875, -37.625 ], [ 148.625, -37.625 ], [ 148.625, -36.625 ], [ 149.125, -36.625 ], [ 149.125, -36.375 ], [ 149.625, -36.375 ], [ 149.625, -36.625 ], [ 149.375, -36.625 ] ] ], [ [ [ 149.625, -36.125 ], [ 149.875, -36.125 ], [ 149.875, -35.875 ], [ 150.125, -35.875 ], [ 150.125, -36.375 ], [ 149.625, -36.375 ], [ 149.625, -36.125 ] ] ], [ [ [ 150.375, -35.875 ], [ 150.125, -35.875 ], [ 150.125, -35.625 ], [ 150.375, -35.625 ], [ 150.375, -35.875 ] ] ], [ [ [ 148.375, -35.625 ], [ 148.375, -35.375 ], [ 148.625, -35.375 ], [ 148.625, -35.625 ], [ 148.375, -35.625 ] ] ], [ [ [ 148.625, -35.125 ], [ 148.875, -35.125 ], [ 148.875, -35.375 ], [ 148.625, -35.375 ], [ 148.625, -35.125 ] ] ], [ [ [ 149.125, -34.625 ], [ 149.375, -34.625 ], [ 149.375, -33.125 ], [ 149.625, -33.125 ], [ 149.625, -32.625 ], [ 150.875, -32.625 ], [ 150.875, -32.125 ], [ 151.125, -32.125 ], [ 151.125, -31.625 ], [ 151.375, -31.625 ], [ 151.375, -31.375 ], [ 151.625, -31.375 ], [ 151.625, -30.625 ], [ 151.875, -30.625 ], [ 151.875, -30.125 ], [ 151.625, -30.125 ], [ 151.625, -29.875 ], [ 151.875, -29.875 ], [ 151.875, -29.375 ], [ 152.125, -29.375 ], [ 152.125, -28.625 ], [ 152.375, -28.625 ], [ 152.375, -29.125 ], [ 152.625, -29.125 ], [ 152.625, -30.375 ], [ 152.875, -30.375 ], [ 152.875, -30.875 ], [ 152.625, -30.875 ], [ 152.625, -31.625 ], [ 152.375, -31.625 ], [ 152.375, -31.875 ], [ 152.125, -31.875 ], [ 152.125, -32.375 ], [ 151.875, -32.375 ], [ 151.875, -32.125 ], [ 151.375, -32.125 ], [ 151.375, -32.625 ], [ 151.875, -32.625 ], [ 151.875, -32.875 ], [ 151.375, -32.875 ], [ 151.375, -33.375 ], [ 151.125, -33.375 ], [ 151.125, -33.625 ], [ 150.875, -33.625 ], [ 150.875, -34.125 ], [ 150.625, -34.125 ], [ 150.625, -33.875 ], [ 150.375, -33.875 ], [ 150.375, -33.625 ], [ 150.625, -33.625 ], [ 150.625, -33.125 ], [ 150.375, -33.125 ], [ 150.375, -33.375 ], [ 150.125, -33.375 ], [ 150.125, -33.625 ], [ 149.875, -33.625 ], [ 149.875, -34.125 ], [ 149.625, -34.125 ], [ 149.625, -34.875 ], [ 149.375, -34.875 ], [ 149.375, -35.125 ], [ 148.875, -35.125 ], [ 148.875, -34.875 ], [ 149.125, -34.875 ], [ 149.125, -34.625 ] ] ] ] } },
{ "type": "Feature", "properties": { "cluster_id": 57, "cohesion": 10.424271485874522, "distances": { "1": 31.285651681445646, "2": 26.87925747617313, "3": 28.987399630888792, "4": 33.82256755466288, "5": 31.07346785439078, "6": 34.09431478481605, "7": 28.941800362372433, "8": 24.51522789402826, "9": 26.436387620512022, "10": 26.286500424379717, "11": 27.86141234214172, "12": 29.267551533259958, "13": 32.90418123380667, "14": 29.443493926500967, "15": 26.836532913890167, "16": 25.65846719144519, "17": 28.34639038427622, "18": 26.537968434465817, "19": 22.967296252367856, "20": 22.869951476881983, "21": 20.081509960981812, "22": 23.87982473538244, "23": 24.80825836143459, "24": 27.634395882492683, "25": 30.277627725802184, "26": 22.757439053885072, "27": 18.338865357843524, "28": 23.66461009332491, "29": 28.893306136817383, "30": 25.170079596042854, "31": 27.092662740645547, "32": 30.904364888775778, "33": 29.842414884689784, "34": 34.22738751926942, "35": 31.96821096675724, "36": 30.083423858717534, "37": 29.46387295733574, "38": 32.90308632427216, "39": 25.84785437017096, "40": 28.13969855399374, "41": 26.59976408570577, "42": 30.647253984926778, "43": 32.38733490179654, "44": 29.237542364877587, "45": 24.80724043459141, "46": 22.694804095856995, "47": 26.230895822856223, "48": 28.538441965946003, "49": 29.44429370987045, "50": 22.67783816971541, "51": 24.761782316983286, "52": 18.769042248793983, "53": 20.09423538242328, "54": 21.28035260614601, "55": 13.446008163497458, "56": 12.579160332412421, "58": 21.18589357661058, "59": 19.892662844992334, "60": 16.169779153670078, "61": 22.72019574831172, "62": 24.850072586865522, "63": 14.443698872291327, "64": 19.729635338455978, "65": 22.66787431749536, "66": 24.581679861973676, "67": 25.59988927941431, "68": 20.428621741209124, "69": 23.30071306928555, "70": 23.45855653369447, "71": 24.685265825762965, "72": 24.07345047613569, "73": 24.125924633671303 } }, "geometry": { "type": "MultiPolygon", "coordinates": [ [ [ [ 150.375, -37.375 ], [ 150.125, -37.375 ], [ 150.125, -37.625 ], [ 149.875, -37.625 ], [ 149.875, -37.875 ], [ 149.625, -37.875 ], [ 149.625, -38.125 ], [ 148.625, -38.125 ], [ 148.625, -37.875 ], [ 148.875, -37.875 ], [ 148.875, -37.625 ], [ 149.375, -37.625 ], [ 149.375, -37.375 ], [ 149.625, -37.375 ], [ 149.625, -36.875 ], [ 149.875, -36.875 ], [ 149.875, -36.375 ], [ 150.125, -36.375 ], [ 150.125, -35.875 ], [ 150.375, -35.875 ], [ 150.375, -35.375 ], [ 150.625, -35.375 ], [ 150.625, -36.375 ], [ 150.375, -36.375 ], [ 150.375, -37.375 ] ] ], [ [ [ 150.875, -35.375 ], [ 150.625, -35.375 ], [ 150.625, -35.125 ], [ 150.875, -35.125 ], [ 150.875, -35.375 ] ] ], [ [ [ 149.125, -34.875 ], [ 148.875, -34.875 ], [ 148.875, -35.125 ], [ 148.625, -35.125 ], [ 148.625, -35.375 ], [ 148.125, -35.375 ], [ 148.125, -35.125 ], [ 147.875, -35.125 ], [ 147.875, -34.875 ], [ 148.625, -34.875 ], [ 148.625, -34.625 ], [ 148.875, -34.625 ], [ 148.875, -34.375 ], [ 149.125, -34.375 ], [ 149.125, -33.375 ], [ 148.875, -33.375 ], [ 148.875, -33.125 ], [ 149.375, -33.125 ], [ 149.375, -34.625 ], [ 149.125, -34.625 ], [ 149.125, -34.875 ] ] ], [ [ [ 149.625, -33.125 ], [ 149.375, -33.125 ], [ 149.375, -32.875 ], [ 149.625, -32.875 ], [ 149.625, -33.125 ] ] ], [ [ [ 153.125, -31.375 ], [ 153.125, -31.875 ], [ 152.875, -31.875 ], [ 152.875, -32.375 ], [ 152.625, -32.375 ], [ 152.625, -32.625 ], [ 152.375, -32.625 ], [ 152.375, -32.875 ], [ 152.125, -32.875 ], [ 152.125, -33.125 ], [ 151.875, -33.125 ], [ 151.875, -33.375 ], [ 151.625, -33.375 ], [ 151.625, -34.125 ], [ 151.375, -34.125 ], [ 151.375, -34.375 ], [ 151.125, -34.375 ], [ 151.125, -35.125 ], [ 150.875, -35.125 ], [ 150.875, -33.625 ], [ 151.125, -33.625 ], [ 151.125, -33.375 ], [ 151.375, -33.375 ], [ 151.375, -32.875 ], [ 151.875, -32.875 ], [ 151.875, -32.375 ], [ 152.125, -32.375 ], [ 152.125, -31.875 ], [ 152.375, -31.875 ], [ 152.375, -31.625 ], [ 152.625, -31.625 ], [ 152.625, -31.125 ], [ 152.875, -31.125 ], [ 152.875, -30.375 ], [ 153.125, -30.375 ], [ 153.125, -30.125 ], [ 153.375, -30.125 ], [ 153.375, -31.375 ], [ 153.125, -31.375 ] ] ], [ [ [ 151.125, -31.625 ], [ 151.125, -32.125 ], [ 150.875, -32.125 ], [ 150.875, -32.625 ], [ 149.625, -32.625 ], [ 149.625, -32.375 ], [ 149.875, -32.375 ], [ 149.875, -31.875 ], [ 150.625, -31.875 ], [ 150.625, -31.625 ], [ 150.875, -31.625 ], [ 150.875, -31.375 ], [ 151.375, -31.375 ], [ 151.375, -31.625 ], [ 151.125, -31.625 ] ] ], [ [ [ 151.375, -30.625 ], [ 151.625, -30.625 ], [ 151.625, -31.375 ], [ 151.375, -31.375 ], [ 151.375, -30.625 ] ] ], [ [ [ 151.625, -30.125 ], [ 151.875, -30.125 ], [ 151.875, -30.625 ], [ 151.625, -30.625 ], [ 151.625, -30.125 ] ] ], [ [ [ 153.125, -29.125 ], [ 152.875, -29.125 ], [ 152.875, -29.625 ], [ 152.625, -29.625 ], [ 152.625, -29.125 ], [ 152.375, -29.125 ], [ 152.375, -28.375 ], [ 153.375, -28.375 ], [ 153.375, -28.875 ], [ 153.125, -28.875 ], [ 153.125, -29.125 ] ] ] ] } },
{ "type": "Feature", "properties": { "cluster_id": 58, "cohesion": 8.467567179143936, "distances": { "1": 28.456836209683093, "2": 28.822362797228315, "3": 27.083008111768052, "4": 34.08595829155131, "5": 33.689959252100884, "6": 37.17876387580635, "7": 34.742020234556584, "8": 33.2212750021721, "9": 31.24356835138399, "10": 34.62127545436955, "11": 37.010713914383395, "12": 33.20327389448038, "13": 38.706391934648046, "14": 36.51815637239467, "15": 32.66607297585373, "16": 28.727541223602543, "17": 30.212618379105436, "18": 29.99974965678876, "19": 27.666480945067644, "20": 28.803920285578666, "21": 18.047148669543112, "22": 12.645548270390204, "23": 18.35664421995313, "24": 25.817565041874232, "25": 31.138720384454846, "26": 32.82748451679253, "27": 27.223814001491856, "28": 23.389153429986944, "29": 32.023413582455014, "30": 30.94309233103692, "31": 28.56603404399885, "32": 37.22091572491462, "33": 33.94561245513801, "34": 39.40859333110536, "35": 39.13801741980611, "36": 34.19183301599686, "37": 32.30913049945157, "38": 38.86009684084004, "39": 35.89745446831007, "40": 35.18556409228621, "41": 35.89165131447791, "42": 35.81796666628157, "43": 39.65227190972056, "44": 37.413442260688434, "45": 32.67893047282163, "46": 27.5951790274934, "47": 32.9663770966124, "48": 36.53313994247773, "49": 37.144858537303136, "50": 29.7311173832621, "51": 29.027906759792714, "52": 27.397055564131197, "53": 29.859844685848252, "54": 30.983671148866325, "55": 24.6797958360684, "56": 17.766469484810035, "57": 21.185893576610578, "59": 14.35211834124479, "60": 14.098429416758472, "61": 34.97341729132643, "62": 36.15052115875365, "63": 27.476077170771617, "64": 30.85158483973304, "65": 33.9867189919843, "66": 36.56155509544458, "67": 36.75463392692573, "68": 24.5461576936749, "69": 26.52664992121202, "70": 29.00113205477247, "71": 33.24001061730407, "72": 34.06833714531741, "73": 31.259501266665456 } }, "geometry": { "type": "Polygon", "coordinates": [ [ [ 149.125, -35.375 ], [ 149.125, -35.625 ], [ 148.375, -35.625 ], [ 148.375, -36.375 ], [ 148.125, -36.375 ], [ 148.125, -36.625 ], [ 147.625, -36.625 ], [ 147.625, -36.875 ], [ 146.875, -36.875 ], [ 146.875, -37.125 ], [ 146.375, -37.125 ], [ 146.375, -37.375 ], [ 146.125, -37.375 ], [ 146.125, -37.625 ], [ 144.875, -37.625 ], [ 144.875, -37.375 ], [ 144.125, -37.375 ], [ 144.125, -37.625 ], [ 142.125, -37.625 ], [ 142.125, -37.875 ], [ 141.625, -37.875 ], [ 141.625, -38.125 ], [ 140.625, -38.125 ], [ 140.625, -38.375 ], [ 141.125, -38.375 ], [ 141.125, -38.625 ], [ 142.625, -38.625 ], [ 142.625, -38.875 ], [ 143.125, -38.875 ], [ 143.125, -39.125 ], [ 143.875, -39.125 ], [ 143.875, -38.875 ], [ 144.125, -38.875 ], [ 144.125, -38.625 ], [ 144.375, -38.625 ], [ 144.375, -38.375 ], [ 145.125, -38.375 ], [ 145.125, -38.625 ], [ 145.375, -38.625 ], [ 145.375, -38.875 ], [ 146.375, -38.875 ], [ 146.375, -38.625 ], [ 145.625, -38.625 ], [ 145.625, -38.375 ], [ 145.875, -38.375 ], [ 145.875, -38.125 ], [ 146.125, -38.125 ], [ 146.125, -37.875 ], [ 147.125, -37.875 ], [ 147.125, -37.625 ], [ 148.625, -37.625 ], [ 148.625, -36.625 ], [ 148.875, -36.625 ], [ 148.875, -36.375 ], [ 149.375, -36.375 ], [ 149.375, -35.875 ], [ 149.625, -35.875 ], [ 149.625, -35.375 ], [ 149.125, -35.375 ] ] ] } },
{ "type": "Feature", "properties": { "cluster_id": 59, "cohesion": 6.8898779192984287, "distances": { "1": 24.777229904039437, "2": 24.15116510734599, "3": 23.10989826900697, "4": 30.65339929147799, "5": 30.33962724650273, "6": 33.48329306751615, "7": 29.817856472114055, "8": 28.017896383008747, "9": 26.362434004422525, "10": 30.407265529394785, "11": 31.619432445299964, "12": 30.301327264181296, "13": 34.03414161660487, "14": 31.970114346530277, "15": 29.4626510188728, "16": 26.712118789946736, "17": 25.967904744603626, "18": 26.522242620480885, "19": 24.84761701404605, "20": 24.01173400490525, "21": 22.368957300303272, "22": 18.98783203485686, "23": 23.413231320190278, "24": 26.6982625570379, "25": 30.93439249599289, "26": 31.833302169295578, "27": 28.585336095054387, "28": 27.172253360952936, "29": 31.87343841592519, "30": 31.314018259526065, "31": 23.537129207339987, "32": 30.570488074093568, "33": 27.871470114263797, "34": 34.10789120847117, "35": 33.52596648315291, "36": 29.3543249579886, "37": 29.425175137199293, "38": 34.43656756101567, "39": 31.46547533715789, "40": 32.79472564232416, "41": 32.93369202896878, "42": 32.72416057387652, "43": 35.05277404430849, "44": 32.88692730993043, "45": 28.57060925396909, "46": 24.961793383987384, "47": 29.286456637073034, "48": 31.280854801108465, "49": 32.87921949351532, "50": 26.41739842503318, "51": 24.836121606311092, "52": 23.762762970705346, "53": 26.816812074287864, "54": 26.74446934416875, "55": 22.120283175390004, "56": 19.034604571020335, "57": 19.892662844992334, "58": 14.352118341244793, "60": 14.710511629105929, "61": 30.17741361951004, "62": 32.06803043124214, "63": 26.40436329839041, "64": 28.881303394153118, "65": 28.94033770105104, "66": 31.340278436089914, "67": 31.28902399862061, "68": 21.730803819793156, "69": 24.610861764400102, "70": 26.509034000061998, "71": 29.49290691255366, "72": 30.00051375794148, "73": 28.11164109968001 } }, "geometry": { "type": "Polygon", "coordinates": [ [ [ 144.875, -40.375 ], [ 144.875, -40.625 ], [ 144.625, -40.625 ], [ 144.625, -40.875 ], [ 144.375, -40.875 ], [ 144.375, -41.375 ], [ 144.625, -41.375 ], [ 144.625, -41.875 ], [ 144.875, -41.875 ], [ 144.875, -42.125 ], [ 145.125, -42.125 ], [ 145.125, -42.375 ], [ 144.875, -42.375 ], [ 144.875, -42.625 ], [ 145.125, -42.625 ], [ 145.125, -42.875 ], [ 145.375, -42.875 ], [ 145.375, -43.125 ], [ 145.625, -43.125 ], [ 145.625, -43.375 ], [ 145.875, -43.375 ], [ 145.875, -43.625 ], [ 147.125, -43.625 ], [ 147.125, -43.375 ], [ 147.375, -43.375 ], [ 147.375, -43.125 ], [ 147.875, -43.125 ], [ 147.875, -42.875 ], [ 148.125, -42.875 ], [ 148.125, -42.625 ], [ 148.375, -42.625 ], [ 148.375, -42.125 ], [ 148.625, -42.125 ], [ 148.625, -40.875 ], [ 148.375, -40.875 ], [ 148.375, -40.625 ], [ 148.125, -40.625 ], [ 148.125, -40.375 ], [ 147.875, -40.375 ], [ 147.875, -40.625 ], [ 146.625, -40.625 ], [ 146.625, -40.875 ], [ 146.125, -40.875 ], [ 146.125, -40.625 ], [ 145.125, -40.625 ], [ 145.125, -40.375 ], [ 144.875, -40.375 ] ] ] } },
{ "type": "Feature", "properties": { "cluster_id": 60, "cohesion": 8.7801626880048129, "distances": { "1": 27.935062691255126, "2": 28.433195638467247, "3": 27.552917546651575, "4": 29.760571667132766, "5": 28.44953759913074, "6": 30.90761710502716, "7": 28.97028565541585, "8": 28.55146415119182, "9": 28.01379580440682, "10": 27.99218552807967, "11": 30.10523007431929, "12": 27.53247764461429, "13": 31.39721073424373, "14": 29.362276298359884, "15": 26.651887399459405, "16": 24.081412491655577, "17": 26.57141179953235, "18": 25.59187993033002, "19": 23.60020839806448, "20": 25.428541437826127, "21": 21.576445813560067, "22": 21.369080806015404, "23": 25.406987776841945, "24": 31.08840949049775, "25": 35.2138931370366, "26": 31.973181547424517, "27": 26.646907824624552, "28": 27.38298905609825, "29": 34.8204390747559, "30": 32.21925824208541, "31": 27.965983217933704, "32": 35.24413034499658, "33": 32.78152162061497, "34": 39.40333359949481, "35": 37.6724716075089, "36": 34.67056801238163, "37": 34.79094443471501, "38": 39.544099981686585, "39": 33.13675948716938, "40": 35.70546671604889, "41": 35.15434224432813, "42": 37.412746889809036, "43": 39.13434318191472, "44": 36.47860592142461, "45": 31.1923768860137, "46": 27.51937536788488, "47": 31.05659395713616, "48": 34.36198125776668, "49": 35.72121417188326, "50": 29.008258355937475, "51": 29.02332920529737, "52": 24.567277879770515, "53": 27.35195078841207, "54": 27.220223996772525, "55": 19.751521127390426, "56": 11.585574647948784, "57": 16.169779153670078, "58": 14.098429416758472, "59": 14.71051162910593, "61": 31.351036427813153, "62": 33.74153970168704, "63": 24.14690955163937, "64": 29.34887045199965, "65": 29.6155406045787, "66": 31.93274725236553, "67": 30.520249132073754, "68": 22.995422728332578, "69": 23.128547981027474, "70": 26.19717469000793, "71": 27.670906218459166, "72": 29.550411031245808, "73": 28.135385459222682 } }, "geometry": { "type": "MultiPolygon", "coordinates": [ [ [ [ 148.625, -37.875 ], [ 148.625, -38.125 ], [ 148.125, -38.125 ], [ 148.125, -38.375 ], [ 147.375, -38.375 ], [ 147.375, -38.625 ], [ 147.125, -38.625 ], [ 147.125, -38.875 ], [ 146.625, -38.875 ], [ 146.625, -39.125 ], [ 145.875, -39.125 ], [ 145.875, -38.875 ], [ 146.375, -38.875 ], [ 146.375, -38.625 ], [ 145.625, -38.625 ], [ 145.625, -38.375 ], [ 145.875, -38.375 ], [ 145.875, -38.125 ], [ 146.125, -38.125 ], [ 146.125, -37.875 ], [ 147.125, -37.875 ], [ 147.125, -37.625 ], [ 148.875, -37.625 ], [ 148.875, -37.875 ], [ 148.625, -37.875 ] ] ], [ [ [ 149.125, -37.375 ], [ 149.125, -36.875 ], [ 149.375, -36.875 ], [ 149.375, -36.625 ], [ 149.625, -36.625 ], [ 149.625, -36.375 ], [ 149.875, -36.375 ], [ 149.875, -36.875 ], [ 149.625, -36.875 ], [ 149.625, -37.375 ], [ 149.375, -37.375 ], [ 149.375, -37.625 ], [ 148.875, -37.625 ], [ 148.875, -37.375 ], [ 149.125, -37.375 ] ] ], [ [ [ 150.625, -33.625 ], [ 150.375, -33.625 ], [ 150.375, -33.875 ], [ 150.625, -33.875 ], [ 150.625, -34.125 ], [ 150.875, -34.125 ], [ 150.875, -35.125 ], [ 150.625, -35.125 ], [ 150.625, -35.375 ], [ 150.375, -35.375 ], [ 150.375, -35.625 ], [ 150.125, -35.625 ], [ 150.125, -35.875 ], [ 149.875, -35.875 ], [ 149.875, -36.125 ], [ 149.625, -36.125 ], [ 149.625, -36.375 ], [ 149.375, -36.375 ], [ 149.375, -35.875 ], [ 149.625, -35.875 ], [ 149.625, -35.375 ], [ 149.125, -35.375 ], [ 149.125, -35.625 ], [ 148.625, -35.625 ], [ 148.625, -35.375 ], [ 148.875, -35.375 ], [ 148.875, -35.125 ], [ 149.375, -35.125 ], [ 149.375, -34.875 ], [ 149.625, -34.875 ], [ 149.625, -34.125 ], [ 149.875, -34.125 ], [ 149.875, -33.625 ], [ 150.125, -33.625 ], [ 150.125, -33.375 ], [ 150.375, -33.375 ], [ 150.375, -33.125 ], [ 150.625, -33.125 ], [ 150.625, -33.625 ] ] ], [ [ [ 151.875, -32.625 ], [ 151.375, -32.625 ], [ 151.375, -32.125 ], [ 151.875, -32.125 ], [ 151.875, -32.625 ] ] ] ] } },
{ "type": "Feature", "properties": { "cluster_id": 61, "cohesion": 6.0394918107731366, "distances": { "1": 37.11346388654352, "2": 29.963549642600107, "3": 33.69882320684024, "4": 41.210894934010064, "5": 37.831842834946826, "6": 40.0525742149867, "7": 31.023426307792683, "8": 22.035026746011532, "9": 28.626462295414036, "10": 26.51667843116018, "11": 24.497136694855044, "12": 35.053011704221774, "13": 35.22276156422871, "14": 30.72268360573682, "15": 30.19232372062231, "16": 32.4803082482793, "17": 35.06429473361748, "18": 32.82169605161988, "19": 29.731477990632218, "20": 28.071312732090398, "21": 29.920219857596805, "22": 34.96267259339276, "23": 33.486045924999026, "24": 31.813863759666475, "25": 31.73567846553023, "26": 17.068210340048545, "27": 22.227042174137587, "28": 30.106163715731313, "29": 29.06165793459607, "30": 24.433290635490895, "31": 31.937846219088637, "32": 32.15182007022885, "33": 32.13135014645838, "34": 33.98983633612379, "35": 31.550979466442097, "36": 30.643356911602506, "37": 29.918020334559742, "38": 30.47822762858614, "39": 20.536565947261288, "40": 24.218880114407767, "41": 18.815292216451667, "42": 28.52703877406814, "43": 30.24591686871535, "44": 25.61343879403633, "45": 26.34534391018877, "46": 26.14264475422572, "47": 28.031581093936182, "48": 29.236432116278984, "49": 28.271354346309955, "50": 23.579534025112594, "51": 27.010831795247164, "52": 24.63000725400944, "53": 22.465460145237167, "54": 20.365227925092835, "55": 22.80114742081877, "56": 28.605939980413638, "57": 22.72019574831172, "58": 34.97341729132643, "59": 30.17741361951004, "60": 31.351036427813153, "62": 12.143001985526247, "63": 19.971810273012803, "64": 17.86290417632117, "65": 11.909471328477984, "66": 11.938702851037998, "67": 18.23331123764339, "68": 26.108787250485207, "69": 29.82976929818293, "70": 27.30144225325343, "71": 24.31761329212038, "72": 21.024099572367284, "73": 25.239922983069224 } }, "geometry": { "type": "Polygon", "coordinates": [ [ [ 139.875, -24.625 ], [ 139.875, -25.125 ], [ 140.125, -25.125 ], [ 140.125, -25.375 ], [ 140.375, -25.375 ], [ 140.375, -25.625 ], [ 140.125, -25.625 ], [ 140.125, -26.125 ], [ 140.375, -26.125 ], [ 140.375, -26.375 ], [ 141.375, -26.375 ], [ 141.375, -26.625 ], [ 141.625, -26.625 ], [ 141.625, -26.875 ], [ 142.375, -26.875 ], [ 142.375, -27.125 ], [ 143.375, -27.125 ], [ 143.375, -27.375 ], [ 144.125, -27.375 ], [ 144.125, -27.875 ], [ 144.625, -27.875 ], [ 144.625, -27.375 ], [ 145.125, -27.375 ], [ 145.125, -26.875 ], [ 144.375, -26.875 ], [ 144.375, -26.625 ], [ 143.875, -26.625 ], [ 143.875, -26.375 ], [ 143.625, -26.375 ], [ 143.625, -26.125 ], [ 143.125, -26.125 ], [ 143.125, -26.375 ], [ 142.625, -26.375 ], [ 142.625, -26.125 ], [ 142.375, -26.125 ], [ 142.375, -25.625 ], [ 142.125, -25.625 ], [ 142.125, -25.375 ], [ 141.875, -25.375 ], [ 141.875, -25.625 ], [ 141.625, -25.625 ], [ 141.625, -25.375 ], [ 141.375, -25.375 ], [ 141.375, -25.125 ], [ 140.875, -25.125 ], [ 140.875, -24.875 ], [ 140.625, -24.875 ], [ 140.625, -24.625 ], [ 139.875, -24.625 ] ] ] } },
{ "type": "Feature", "properties": { "cluster_id": 62, "cohesion": 8.1552971865868518, "distances": { "1": 41.57343094644793, "2": 33.732120488725734, "3": 37.48601053701755, "4": 46.2691514352099, "5": 42.6861436949821, "6": 45.69143556168373, "7": 37.24103510742397, "8": 28.425236352570128, "9": 34.02691269455352, "10": 30.411927173992247, "11": 30.350325876099962, "12": 39.2215636741849, "13": 41.222630468897, "14": 35.88681923914714, "15": 33.88239396678985, "16": 35.30915897392082, "17": 39.06715946553969, "18": 36.71817228043087, "19": 32.14748982017888, "20": 30.15559356570207, "21": 28.04351626757362, "22": 34.85430811890247, "23": 31.723102889259394, "24": 29.468318956407394, "25": 27.29826853364624, "26": 13.670312189610499, "27": 21.34292356033274, "28": 26.884315671963833, "29": 23.153780193921495, "30": 18.86218213164498, "31": 33.68965907559181, "32": 31.811287981851645, "33": 32.85196602885015, "34": 31.841787337728118, "35": 29.102232856097135, "36": 30.12403770362511, "37": 27.899294903708736, "38": 26.945921733666673, "39": 16.28910272766131, "40": 17.53665660915475, "41": 11.576244916193808, "42": 23.943231828670758, "43": 25.9076067067612, "44": 20.98151620646865, "45": 24.520350539586143, "46": 25.192619109407683, "47": 25.61114166398888, "48": 27.127054141217393, "49": 24.04942302314827, "50": 26.27196795393997, "51": 29.990324090104256, "52": 28.828067732680125, "53": 26.42813429778963, "54": 26.135102448465954, "55": 26.858096102104955, "56": 31.39316554530735, "57": 24.850072586865522, "58": 36.15052115875365, "59": 32.06803043124214, "60": 33.741539701687046, "61": 12.143001985526247, "63": 22.60317140579001, "64": 19.873488565008454, "65": 19.26789303982779, "66": 13.400142434513738, "67": 22.195335820405468, "68": 26.81326309389417, "69": 31.081200937269916, "70": 26.884634745767393, "71": 26.3108694929359, "72": 20.14181865753477, "73": 23.75890932859317 } }, "geometry": { "type": "MultiPolygon", "coordinates": [ [ [ [ 135.875, -23.375 ], [ 135.875, -23.625 ], [ 136.375, -23.625 ], [ 136.375, -23.875 ], [ 136.625, -23.875 ], [ 136.625, -24.125 ], [ 137.125, -24.125 ], [ 137.125, -24.375 ], [ 137.375, -24.375 ], [ 137.375, -24.625 ], [ 137.875, -24.625 ], [ 137.875, -24.875 ], [ 138.625, -24.875 ], [ 138.625, -25.125 ], [ 138.875, -25.125 ], [ 138.875, -25.375 ], [ 139.625, -25.375 ], [ 139.625, -25.875 ], [ 140.125, -25.875 ], [ 140.125, -26.125 ], [ 140.375, -26.125 ], [ 140.375, -26.375 ], [ 141.375, -26.375 ], [ 141.375, -26.625 ], [ 141.625, -26.625 ], [ 141.625, -26.875 ], [ 142.375, -26.875 ], [ 142.375, -27.125 ], [ 143.375, -27.125 ], [ 143.375, -27.375 ], [ 144.125, -27.375 ], [ 144.125, -27.875 ], [ 144.625, -27.875 ], [ 144.625, -28.375 ], [ 144.375, -28.375 ], [ 144.375, -28.625 ], [ 143.625, -28.625 ], [ 143.625, -28.875 ], [ 143.375, -28.875 ], [ 143.375, -28.625 ], [ 143.125, -28.625 ], [ 143.125, -28.125 ], [ 142.625, -28.125 ], [ 142.625, -28.375 ], [ 142.125, -28.375 ], [ 142.125, -28.625 ], [ 141.625, -28.625 ], [ 141.625, -28.375 ], [ 140.375, -28.375 ], [ 140.375, -27.625 ], [ 140.125, -27.625 ], [ 140.125, -27.375 ], [ 139.875, -27.375 ], [ 139.875, -27.125 ], [ 139.375, -27.125 ], [ 139.375, -27.375 ], [ 138.625, -27.375 ], [ 138.625, -27.125 ], [ 138.375, -27.125 ], [ 138.375, -27.375 ], [ 137.875, -27.375 ], [ 137.875, -27.125 ], [ 137.625, -27.125 ], [ 137.625, -26.875 ], [ 137.375, -26.875 ], [ 137.375, -26.625 ], [ 137.125, -26.625 ], [ 137.125, -26.125 ], [ 136.875, -26.125 ], [ 136.875, -25.875 ], [ 136.625, -25.875 ], [ 136.625, -25.625 ], [ 136.125, -25.625 ], [ 136.125, -25.375 ], [ 135.875, -25.375 ], [ 135.875, -25.125 ], [ 135.625, -25.125 ], [ 135.625, -24.875 ], [ 134.625, -24.875 ], [ 134.625, -24.625 ], [ 134.375, -24.625 ], [ 134.375, -24.375 ], [ 134.125, -24.375 ], [ 134.125, -24.125 ], [ 134.375, -24.125 ], [ 134.375, -23.875 ], [ 134.625, -23.875 ], [ 134.625, -23.625 ], [ 134.375, -23.625 ], [ 134.375, -23.375 ], [ 135.875, -23.375 ] ] ], [ [ [ 133.875, -23.625 ], [ 133.875, -23.875 ], [ 133.625, -23.875 ], [ 133.625, -23.625 ], [ 133.875, -23.625 ] ] ] ] } },
{ "type": "Feature", "properties": { "cluster_id": 63, "cohesion": 8.0389811992048568, "distances": { "1": 35.74154017752372, "2": 28.895138272525767, "3": 32.55921288976688, "4": 39.49300709325066, "5": 36.760490588797914, "6": 39.78306757232233, "7": 32.94086535014202, "8": 26.110897287591605, "9": 29.029952575026847, "10": 31.189055474010107, "11": 31.491025962241014, "12": 35.228409714351024, "13": 38.13609283818218, "14": 34.57567352042143, "15": 32.526628444337405, "16": 31.91073144784041, "17": 33.48556037867194, "18": 31.92012023767714, "19": 28.398396478374774, "20": 26.98751365042422, "21": 23.463390657276904, "22": 27.38307194225645, "23": 27.141328691475973, "24": 28.00925300586607, "25": 30.402101075398136, "26": 19.185276653398294, "27": 15.11317277320655, "28": 24.972606032705947, "29": 29.021676254424847, "30": 24.42603563833686, "31": 30.39924755302188, "32": 32.85466143416396, "33": 32.121785607012974, "34": 34.888532749872745, "35": 33.1825222762387, "36": 30.543002705552198, "37": 28.88846470317795, "38": 32.203425910055714, "39": 26.95670592488368, "40": 27.414161586368447, "41": 24.85236699059894, "42": 29.836876482943826, "43": 32.610639033063755, "44": 29.423722193598234, "45": 25.419699836516955, "46": 24.25811983061073, "47": 29.188236786140717, "48": 30.193538600511364, "49": 30.83948903901591, "50": 21.174926866557126, "51": 24.36963563830923, "52": 16.692875579924117, "53": 17.298849026654832, "54": 20.885816474357117, "55": 13.29245746215751, "56": 18.606148656105425, "57": 14.443698872291327, "58": 27.476077170771617, "59": 26.404363298390408, "60": 24.146909551639375, "61": 19.97181027301281, "62": 22.60317140579001, "64": 13.855731449284502, "65": 21.785286366880577, "66": 24.886758411898988, "67": 28.083706490914274, "68": 24.57165592372551, "69": 29.274011995269053, "70": 28.173660917668894, "71": 29.303358116973428, "72": 27.39134122656342, "73": 28.26396543449348 } }, "geometry": { "type": "MultiPolygon", "coordinates": [ [ [ [ 151.875, -26.875 ], [ 151.875, -29.375 ], [ 151.625, -29.375 ], [ 151.625, -29.875 ], [ 151.375, -29.875 ], [ 151.375, -30.125 ], [ 151.625, -30.125 ], [ 151.625, -30.625 ], [ 151.375, -30.625 ], [ 151.375, -31.375 ], [ 150.875, -31.375 ], [ 150.875, -31.625 ], [ 150.625, -31.625 ], [ 150.625, -31.875 ], [ 149.875, -31.875 ], [ 149.875, -32.375 ], [ 149.625, -32.375 ], [ 149.625, -32.875 ], [ 149.375, -32.875 ], [ 149.375, -33.125 ], [ 148.625, -33.125 ], [ 148.625, -32.875 ], [ 148.375, -32.875 ], [ 148.375, -31.625 ], [ 148.625, -31.625 ], [ 148.625, -30.625 ], [ 148.875, -30.625 ], [ 148.875, -30.375 ], [ 150.125, -30.375 ], [ 150.125, -29.875 ], [ 150.875, -29.875 ], [ 150.875, -29.125 ], [ 151.125, -29.125 ], [ 151.125, -28.875 ], [ 151.375, -28.875 ], [ 151.375, -27.625 ], [ 151.625, -27.625 ], [ 151.625, -26.875 ], [ 151.875, -26.875 ] ] ], [ [ [ 151.375, -26.875 ], [ 151.375, -26.625 ], [ 151.625, -26.625 ], [ 151.625, -26.875 ], [ 151.375, -26.875 ] ] ] ] } },
{ "type": "Feature", "properties": { "cluster_id": 64, "cohesion": 9.0008212148083295, "distances": { "1": 37.01934751372349, "2": 28.074956329942548, "3": 32.62363248401658, "4": 42.491234914379426, "5": 39.44182056085041, "6": 42.961514500530406, "7": 34.81663054380837, "8": 25.70807872560067, "9": 29.08366389336346, "10": 32.85087037843106, "11": 33.2869224647632, "12": 37.50430545158371, "13": 41.22480235035146, "14": 37.140281557816905, "15": 34.24451813728642, "16": 33.7753240004568, "17": 35.94833729965177, "18": 33.891127010876495, "19": 29.854262357413685, "20": 28.125606798269494, "21": 25.36503674012155, "22": 29.176504267411268, "23": 27.696827247189486, "24": 26.339619471028563, "25": 27.403101887095335, "26": 16.999188387732186, "27": 16.129166668527244, "28": 25.122931532661653, "29": 26.008713792892106, "30": 23.068787241572725, "31": 31.91413675793041, "32": 32.48730205138639, "33": 32.490389208482625, "34": 32.991829432928256, "35": 31.49755936471296, "36": 29.617923159684644, "37": 26.408694006020912, "38": 29.0774921244996, "39": 25.066942880123456, "40": 23.69104616391924, "41": 21.461957582723777, "42": 25.916043957055653, "43": 29.749340360221556, "44": 26.7637112138039, "45": 23.75682573487724, "46": 22.68403734313099, "47": 27.814468818426132, "48": 28.780762667744575, "49": 28.591962529230962, "50": 17.59367745420075, "51": 22.659582731153012, "52": 19.481625019880376, "53": 15.24991911922896, "54": 19.147509676106335, "55": 19.071179379895042, "56": 25.36657149473743, "57": 19.729635338455978, "58": 30.85158483973304, "59": 28.88130339415312, "60": 29.34887045199965, "61": 17.86290417632117, "62": 19.873488565008458, "63": 13.855731449284503, "65": 20.125153737135037, "66": 23.876515730804353, "67": 28.88948843902999, "68": 24.465204982617202, "69": 30.393599596384888, "70": 27.9218145575832, "71": 30.017187557035115, "72": 27.013719237337707, "73": 27.712934215217647 } }, "geometry": { "type": "Polygon", "coordinates": [ [ [ 146.375, -25.125 ], [ 146.375, -25.375 ], [ 145.875, -25.375 ], [ 145.875, -25.625 ], [ 145.625, -25.625 ], [ 145.625, -25.875 ], [ 145.125, -25.875 ], [ 145.125, -26.625 ], [ 144.875, -26.625 ], [ 144.875, -26.875 ], [ 145.125, -26.875 ], [ 145.125, -27.375 ], [ 144.625, -27.375 ], [ 144.625, -28.375 ], [ 144.875, -28.375 ], [ 144.875, -28.875 ], [ 145.125, -28.875 ], [ 145.125, -29.125 ], [ 146.625, -29.125 ], [ 146.625, -29.375 ], [ 146.875, -29.375 ], [ 146.875, -29.625 ], [ 147.125, -29.625 ], [ 147.125, -29.875 ], [ 147.625, -29.875 ], [ 147.625, -30.375 ], [ 147.875, -30.375 ], [ 147.875, -30.875 ], [ 148.125, -30.875 ], [ 148.125, -31.375 ], [ 148.625, -31.375 ], [ 148.625, -30.625 ], [ 148.875, -30.625 ], [ 148.875, -30.375 ], [ 150.125, -30.375 ], [ 150.125, -29.875 ], [ 150.875, -29.875 ], [ 150.875, -29.125 ], [ 151.125, -29.125 ], [ 151.125, -28.875 ], [ 151.375, -28.875 ], [ 151.375, -27.625 ], [ 151.625, -27.625 ], [ 151.625, -26.875 ], [ 151.375, -26.875 ], [ 151.375, -26.625 ], [ 151.125, -26.625 ], [ 151.125, -26.375 ], [ 149.125, -26.375 ], [ 149.125, -26.125 ], [ 148.875, -26.125 ], [ 148.875, -25.875 ], [ 149.125, -25.875 ], [ 149.125, -25.625 ], [ 148.375, -25.625 ], [ 148.375, -25.375 ], [ 148.125, -25.375 ], [ 148.125, -25.125 ], [ 146.375, -25.125 ] ] ] } },
{ "type": "Feature", "properties": { "cluster_id": 65, "cohesion": 8.5510329413994537, "distances": { "1": 32.41757472356624, "2": 25.848658091656805, "3": 29.663005690266413, "4": 35.39530471928826, "5": 31.981230973379056, "6": 33.44078441691994, "7": 23.574014348073568, "8": 14.180406675822207, "9": 21.874897447430055, "10": 22.197129850826283, "11": 18.710297589543707, "12": 29.80313709672733, "13": 28.630152033813847, "14": 25.133531965103423, "15": 25.626324974884717, "16": 28.662713705537914, "17": 30.516446947074467, "18": 28.068054895363673, "19": 26.459281426043677, "20": 25.559519605992776, "21": 32.00595976237724, "22": 35.093382177339436, "23": 34.955951927832295, "24": 33.63427789168026, "25": 34.739536161804544, "26": 23.404349647177373, "27": 26.00881322089685, "28": 33.189906858825275, "29": 33.199675827595954, "30": 29.59282457288902, "31": 30.348069302527524, "32": 32.18449662315138, "33": 31.40275866130947, "34": 35.39378096869556, "35": 33.14187476673417, "36": 31.419688878425276, "37": 31.708310881389128, "38": 33.252427649502216, "39": 23.99194804712781, "40": 29.12840705581468, "41": 25.071195428817195, "42": 31.839257705925, "43": 33.296048949839175, "44": 29.062348824044328, "45": 28.157846405897423, "46": 27.019003554596797, "47": 29.090217044568945, "48": 30.592887957762613, "49": 31.013196680076238, "50": 21.22849555233581, "51": 24.50231516827761, "52": 22.69495762927141, "53": 19.865214800885735, "54": 14.821987933511393, "55": 21.585254655708923, "56": 27.402603258139642, "57": 22.66787431749536, "58": 33.9867189919843, "59": 28.94033770105104, "60": 29.615540604578705, "61": 11.909471328477984, "62": 19.26789303982779, "63": 21.78528636688058, "64": 20.125153737135037, "66": 15.134532519617563, "67": 15.993693785497124, "68": 25.091979677164733, "69": 27.658651333810326, "70": 26.54735365934544, "71": 21.9147902390679, "72": 21.567291333112482, "73": 25.570900969211987 } }, "geometry": { "type": "Polygon", "coordinates": [ [ [ 140.125, -22.375 ], [ 140.125, -22.625 ], [ 139.125, -22.625 ], [ 139.125, -22.875 ], [ 139.625, -22.875 ], [ 139.625, -23.125 ], [ 139.875, -23.125 ], [ 139.875, -23.375 ], [ 138.875, -23.375 ], [ 138.875, -23.625 ], [ 139.125, -23.625 ], [ 139.125, -23.875 ], [ 139.625, -23.875 ], [ 139.625, -24.125 ], [ 139.875, -24.125 ], [ 139.875, -24.375 ], [ 140.125, -24.375 ], [ 140.125, -24.625 ], [ 140.625, -24.625 ], [ 140.625, -24.875 ], [ 140.875, -24.875 ], [ 140.875, -25.125 ], [ 141.375, -25.125 ], [ 141.375, -25.375 ], [ 141.625, -25.375 ], [ 141.625, -25.625 ], [ 141.875, -25.625 ], [ 141.875, -25.375 ], [ 142.125, -25.375 ], [ 142.125, -25.625 ], [ 142.375, -25.625 ], [ 142.375, -26.125 ], [ 142.625, -26.125 ], [ 142.625, -26.375 ], [ 143.125, -26.375 ], [ 143.125, -26.125 ], [ 143.625, -26.125 ], [ 143.625, -26.375 ], [ 143.875, -26.375 ], [ 143.875, -26.625 ], [ 144.375, -26.625 ], [ 144.375, -26.875 ], [ 144.875, -26.875 ], [ 144.875, -26.625 ], [ 145.125, -26.625 ], [ 145.125, -25.875 ], [ 145.625, -25.875 ], [ 145.625, -25.625 ], [ 145.875, -25.625 ], [ 145.875, -25.375 ], [ 146.125, -25.375 ], [ 146.125, -25.125 ], [ 144.125, -25.125 ], [ 144.125, -24.625 ], [ 143.875, -24.625 ], [ 143.875, -24.125 ], [ 143.625, -24.125 ], [ 143.625, -23.875 ], [ 143.375, -23.875 ], [ 143.375, -23.625 ], [ 143.125, -23.625 ], [ 143.125, -23.375 ], [ 142.125, -23.375 ], [ 142.125, -23.125 ], [ 141.875, -23.125 ], [ 141.875, -22.625 ], [ 141.625, -22.625 ], [ 141.625, -22.375 ], [ 141.125, -22.375 ], [ 141.125, -22.625 ], [ 140.625, -22.625 ], [ 140.625, -22.375 ], [ 140.125, -22.375 ] ] ] } },
{ "type": "Feature", "properties": { "cluster_id": 66, "cohesion": 7.278675044147171, "distances": { "1": 38.84337006332458, "2": 32.549458989324236, "3": 35.932436598858835, "4": 41.003705218512614, "5": 36.983656153609914, "6": 38.852392080557266, "7": 30.71023495325779, "8": 23.378937624478382, "9": 30.32348985797423, "10": 22.060829286986646, "11": 21.23448433970793, "12": 32.86737220414223, "13": 32.77008639814546, "14": 27.31854859067345, "15": 26.646418700502075, "16": 30.253056850569713, "17": 34.91442405752662, "18": 31.963584714783256, "19": 28.340439843772636, "20": 27.53447749078498, "21": 31.592156723573943, "22": 37.515655956919474, "23": 35.810660915350915, "24": 34.65373377289353, "25": 33.41779306831005, "26": 20.94276973002449, "27": 26.347477485250913, "28": 32.03072430908788, "29": 29.867978288043115, "30": 25.72635055385134, "31": 33.46137464134304, "32": 32.006258946776995, "33": 33.10787237895496, "34": 34.712459533548504, "35": 30.82768989787295, "36": 32.88222455152654, "37": 32.75218708172259, "38": 31.67792546766171, "39": 16.871689198554492, "40": 24.324902353901056, "41": 19.336020236768917, "42": 29.905827712089113, "43": 29.57065243074473, "44": 24.6081339950358, "45": 26.64908052185784, "46": 27.446755284273838, "47": 25.76084317349752, "48": 28.036487309956645, "49": 26.133898080730372, "50": 27.485857185396153, "51": 30.66539195124773, "52": 28.92811395208716, "53": 26.816818931254247, "54": 23.808684415130912, "55": 26.25853181819506, "56": 30.219280559314818, "57": 24.581679861973672, "58": 36.56155509544458, "59": 31.34027843608992, "60": 31.932747252365534, "61": 11.938702851037998, "62": 13.40014243451374, "63": 24.886758411898988, "64": 23.876515730804357, "65": 15.134532519617563, "67": 12.716479475724288, "68": 26.560708725733242, "69": 27.7125135901586, "70": 24.608082847474098, "71": 19.015606209317863, "72": 14.863454430022436, "73": 21.02586187120303 } }, "geometry": { "type": "MultiPolygon", "coordinates": [ [ [ [ 134.375, -23.125 ], [ 135.375, -23.125 ], [ 135.375, -22.875 ], [ 137.125, -22.875 ], [ 137.125, -23.125 ], [ 138.125, -23.125 ], [ 138.125, -23.375 ], [ 138.875, -23.375 ], [ 138.875, -23.625 ], [ 139.125, -23.625 ], [ 139.125, -23.875 ], [ 139.625, -23.875 ], [ 139.625, -24.125 ], [ 139.875, -24.125 ], [ 139.875, -24.375 ], [ 140.125, -24.375 ], [ 140.125, -24.625 ], [ 139.875, -24.625 ], [ 139.875, -25.125 ], [ 140.125, -25.125 ], [ 140.125, -25.375 ], [ 140.375, -25.375 ], [ 140.375, -25.625 ], [ 140.125, -25.625 ], [ 140.125, -25.875 ], [ 139.625, -25.875 ], [ 139.625, -25.375 ], [ 138.875, -25.375 ], [ 138.875, -25.125 ], [ 138.625, -25.125 ], [ 138.625, -24.875 ], [ 137.875, -24.875 ], [ 137.875, -24.625 ], [ 137.375, -24.625 ], [ 137.375, -24.375 ], [ 137.125, -24.375 ], [ 137.125, -24.125 ], [ 136.625, -24.125 ], [ 136.625, -23.875 ], [ 136.375, -23.875 ], [ 136.375, -23.625 ], [ 135.875, -23.625 ], [ 135.875, -23.375 ], [ 134.375, -23.375 ], [ 134.375, -23.125 ] ] ], [ [ [ 134.375, -23.625 ], [ 133.625, -23.625 ], [ 133.625, -23.875 ], [ 131.875, -23.875 ], [ 131.875, -24.125 ], [ 131.375, -24.125 ], [ 131.375, -23.875 ], [ 130.375, -23.875 ], [ 130.375, -23.625 ], [ 130.875, -23.625 ], [ 130.875, -23.375 ], [ 134.375, -23.375 ], [ 134.375, -23.625 ] ] ] ] } },
{ "type": "Feature", "properties": { "cluster_id": 67, "cohesion": 7.0675128528794939, "distances": { "1": 35.349358605573634, "2": 31.31638787100225, "3": 33.95790575332182, "4": 34.54025985525662, "5": 30.37666399501843, "6": 30.863040298811388, "7": 23.638475067394484, "8": 19.5789502831546, "9": 26.53547722599027, "10": 14.339038542909593, "11": 12.279387211479323, "12": 26.149647806366886, "13": 23.38091102730011, "14": 18.204140625117592, "15": 20.07718557726906, "16": 25.91856371292247, "17": 30.168395024266587, "18": 26.953000708278317, "19": 25.28062128972357, "20": 25.810645420510937, "21": 35.259041059340284, "22": 39.527463551570385, "23": 39.360990020152485, "24": 39.259877969909574, "25": 39.43397596103815, "26": 28.425509930983523, "27": 31.58846803636321, "28": 37.038537641807046, "29": 36.76315866731728, "30": 32.74855204467067, "31": 33.64434410348478, "32": 34.340942719981314, "33": 34.50425793016885, "34": 39.054417200986364, "35": 35.19252617890005, "36": 36.34700821105093, "37": 37.64570964782778, "38": 37.61898351228102, "39": 22.923668936358627, "40": 32.13551769784016, "41": 27.9742537937057, "42": 36.54566584493545, "43": 35.63007948129159, "44": 30.96639286236592, "45": 31.352478225460974, "46": 31.355606517344615, "47": 29.337310941055932, "48": 32.100712545364836, "49": 31.665067100836183, "50": 29.308709320063482, "51": 31.559760902776894, "52": 29.42786797564913, "53": 28.061193102670487, "54": 23.04260336849427, "55": 26.456788595907827, "56": 29.41203227475053, "57": 25.59988927941431, "58": 36.75463392692573, "59": 31.28902399862061, "60": 30.520249132073758, "61": 18.23331123764339, "62": 22.19533582040546, "63": 28.083706490914274, "64": 28.889488439029993, "65": 15.993693785497127, "66": 12.716479475724288, "68": 28.0328970292139, "69": 26.223187692312383, "70": 25.41561645809367, "71": 14.881549615467351, "72": 16.046327345273646, "73": 22.7496314747224 } }, "geometry": { "type": "Polygon", "coordinates": [ [ [ 132.875, -21.875 ], [ 132.875, -22.125 ], [ 131.625, -22.125 ], [ 131.625, -22.375 ], [ 130.625, -22.375 ], [ 130.625, -22.625 ], [ 130.375, -22.625 ], [ 130.375, -22.875 ], [ 130.625, -22.875 ], [ 130.625, -23.125 ], [ 130.875, -23.125 ], [ 130.875, -23.375 ], [ 134.375, -23.375 ], [ 134.375, -23.125 ], [ 135.375, -23.125 ], [ 135.375, -22.875 ], [ 137.125, -22.875 ], [ 137.125, -23.125 ], [ 138.125, -23.125 ], [ 138.125, -23.375 ], [ 139.875, -23.375 ], [ 139.875, -23.125 ], [ 139.625, -23.125 ], [ 139.625, -22.875 ], [ 139.125, -22.875 ], [ 139.125, -22.625 ], [ 138.375, -22.625 ], [ 138.375, -22.375 ], [ 138.125, -22.375 ], [ 138.125, -22.125 ], [ 137.625, -22.125 ], [ 137.625, -21.875 ], [ 136.625, -21.875 ], [ 136.625, -22.125 ], [ 136.125, -22.125 ], [ 136.125, -21.875 ], [ 132.875, -21.875 ] ] ] } },
{ "type": "Feature", "properties": { "cluster_id": 68, "cohesion": 5.0842496537616482, "distances": { "1": 29.447441647366524, "2": 24.910422630259987, "3": 26.228982936676985, "4": 33.54758887332951, "5": 30.57396929440652, "6": 34.977997146084896, "7": 30.231354324572848, "8": 25.39236986865264, "9": 26.07860358758797, "10": 26.524411233943777, "11": 30.255257289623323, "12": 27.34796467831736, "13": 34.82824498144376, "14": 30.82852554530415, "15": 25.01518743662943, "16": 20.047303828018492, "17": 27.309329305063944, "18": 24.66032627872468, "19": 18.377257658330112, "20": 20.077935836801135, "21": 25.16609529491241, "22": 25.604009109130253, "23": 26.074554407881834, "24": 25.568704012804098, "25": 27.46608913837502, "26": 27.684265108976472, "27": 26.59467694080718, "28": 27.17749960295824, "29": 27.607647945482604, "30": 28.174871484555975, "31": 25.100905280043197, "32": 28.0032101352602, "33": 27.313208757728393, "34": 29.879812694028043, "35": 27.80690081174497, "36": 26.686528303862445, "37": 26.010072874252636, "38": 29.59184159431623, "39": 24.788462869211287, "40": 26.689938453768235, "41": 27.08372822136975, "42": 27.337009096746673, "43": 29.002263324374553, "44": 27.16161989654024, "45": 19.432369532841165, "46": 12.819541141435858, "47": 18.29398955355745, "48": 23.51732193699299, "49": 25.385301559478332, "50": 22.592879823849216, "51": 23.806496659961283, "52": 24.06703813809819, "53": 23.550017820725408, "54": 23.304042674603096, "55": 22.49829771315238, "56": 23.383223089089753, "57": 20.428621741209124, "58": 24.5461576936749, "59": 21.73080381979316, "60": 22.995422728332578, "61": 26.1087872504852, "62": 26.81326309389417, "63": 24.571655923725498, "64": 24.465204982617205, "65": 25.091979677164733, "66": 26.560708725733242, "67": 28.0328970292139, "69": 13.776109451652989, "70": 13.466406302040129, "71": 22.920644934684837, "72": 23.14672739203238, "73": 19.065959176539327 } }, "geometry": { "type": "Polygon", "coordinates": [ [ [ 117.875, -20.125 ], [ 117.875, -20.375 ], [ 116.375, -20.375 ], [ 116.375, -21.125 ], [ 116.125, -21.125 ], [ 116.125, -22.125 ], [ 116.375, -22.125 ], [ 116.375, -22.375 ], [ 116.625, -22.375 ], [ 116.625, -22.625 ], [ 117.125, -22.625 ], [ 117.125, -22.875 ], [ 117.375, -22.875 ], [ 117.375, -22.625 ], [ 117.625, -22.625 ], [ 117.625, -22.375 ], [ 117.875, -22.375 ], [ 117.875, -21.375 ], [ 117.625, -21.375 ], [ 117.625, -20.875 ], [ 117.875, -20.875 ], [ 117.875, -20.625 ], [ 118.125, -20.625 ], [ 118.125, -20.375 ], [ 118.375, -20.375 ], [ 118.375, -20.125 ], [ 117.875, -20.125 ] ] ] } },
{ "type": "Feature", "properties": { "cluster_id": 69, "cohesion": 6.8120283500550043, "distances": { "1": 30.617424806495606, "2": 29.234295855280312, "3": 29.37378295729765, "4": 31.069111222117908, "5": 27.319682838701816, "6": 30.862102170221874, "7": 28.858773899504705, "8": 27.003060476080336, "9": 28.10008392666274, "10": 21.26708324153522, "11": 27.226903059840556, "12": 21.703952749230417, "13": 30.05637987159244, "14": 25.722119066352395, "15": 17.84059796172497, "16": 12.313195020605797, "17": 26.744200206352417, "18": 22.42327729936816, "19": 15.678458713229059, "20": 21.891922576680688, "21": 28.97619466318585, "22": 29.976628407884075, "23": 31.05934712856241, "24": 32.81491442979022, "25": 34.65693478844614, "26": 32.345000820019536, "27": 31.052983299614553, "28": 31.70883694071143, "29": 33.6932033110867, "30": 32.98535644818699, "31": 31.200398511524245, "32": 34.72351092262644, "33": 34.22369438715557, "34": 38.191978126369015, "35": 34.775873512177746, "36": 35.21781008628208, "37": 34.66907933295638, "38": 37.77007409730284, "39": 27.887964858295433, "40": 32.78146525049917, "41": 32.45114948507916, "42": 35.28736395365556, "43": 35.72263439947858, "44": 33.23614019434658, "45": 26.5626998654132, "46": 21.97756362563474, "47": 22.26742766326565, "48": 29.692338499626885, "49": 30.215466310616716, "50": 28.814152610468156, "51": 29.95993673620679, "52": 29.322897690680186, "53": 28.76092751347397, "54": 26.715676114675414, "55": 26.147911028287652, "56": 24.32730594572901, "57": 23.30071306928555, "58": 26.52664992121202, "59": 24.610861764400102, "60": 23.128547981027474, "61": 29.829769298182935, "62": 31.081200937269916, "63": 29.27401199526905, "64": 30.393599596384885, "65": 27.65865133381032, "66": 27.712513590158604, "67": 26.223187692312383, "68": 13.776109451652992, "70": 11.440080775449864, "71": 17.36800488873453, "72": 21.476148634005025, "73": 16.945992142418877 } }, "geometry": { "type": "MultiPolygon", "coordinates": [ [ [ [ 120.375, -19.875 ], [ 119.625, -19.875 ], [ 119.625, -20.125 ], [ 119.125, -20.125 ], [ 119.125, -20.375 ], [ 118.625, -20.375 ], [ 118.625, -21.375 ], [ 119.125, -21.375 ], [ 119.125, -21.125 ], [ 119.625, -21.125 ], [ 119.625, -21.375 ], [ 120.375, -21.375 ], [ 120.375, -21.125 ], [ 120.625, -21.125 ], [ 120.625, -20.875 ], [ 121.125, -20.875 ], [ 121.125, -20.625 ], [ 122.375, -20.625 ], [ 122.375, -20.875 ], [ 122.625, -20.875 ], [ 122.625, -21.125 ], [ 123.125, -21.125 ], [ 123.125, -21.375 ], [ 122.625, -21.375 ], [ 122.625, -21.625 ], [ 122.375, -21.625 ], [ 122.375, -21.875 ], [ 122.125, -21.875 ], [ 122.125, -22.125 ], [ 121.625, -22.125 ], [ 121.625, -22.375 ], [ 121.125, -22.375 ], [ 121.125, -22.125 ], [ 120.375, -22.125 ], [ 120.375, -22.375 ], [ 119.625, -22.375 ], [ 119.625, -22.125 ], [ 119.375, -22.125 ], [ 119.375, -21.875 ], [ 117.875, -21.875 ], [ 117.875, -21.375 ], [ 117.625, -21.375 ], [ 117.625, -20.875 ], [ 117.875, -20.875 ], [ 117.875, -20.625 ], [ 118.125, -20.625 ], [ 118.125, -20.375 ], [ 118.375, -20.375 ], [ 118.375, -20.125 ], [ 118.625, -20.125 ], [ 118.625, -19.875 ], [ 119.125, -19.875 ], [ 119.125, -19.625 ], [ 120.375, -19.625 ], [ 120.375, -19.875 ] ] ], [ [ [ 120.375, -19.375 ], [ 120.625, -19.375 ], [ 120.625, -19.625 ], [ 120.375, -19.625 ], [ 120.375, -19.375 ] ] ] ] } },
{ "type": "Feature", "properties": { "cluster_id": 70, "cohesion": 7.7091374289206858, "distances": { "1": 34.88437354134158, "2": 30.616159996727863, "3": 32.23838102517886, "4": 36.49840448765982, "5": 32.54174792203071, "6": 36.231351584286024, "7": 32.16439971672056, "8": 27.93424027953157, "9": 30.251956366208383, "10": 23.3742378312937, "11": 28.89181295007087, "12": 27.064259742137228, "13": 34.31735419316152, "14": 29.195889084360246, "15": 21.89939719063796, "16": 18.80204700240862, "17": 30.532337102842746, "18": 26.62184685147852, "19": 19.46972780856151, "20": 22.700143128667257, "21": 27.63053212782894, "22": 30.709883563177087, "23": 30.023346255629754, "24": 30.492325261835695, "25": 30.303418592953598, "26": 28.654949074839994, "27": 28.709317365379246, "28": 29.110217735164834, "29": 28.651715263368427, "30": 28.674841731177313, "31": 31.600353832145654, "32": 31.227344167999888, "33": 32.6456588019351, "34": 33.66861517933601, "35": 29.056369135225335, "36": 32.73043168832587, "37": 31.454071401329063, "38": 32.49134951016153, "39": 21.926098931595654, "40": 27.070314078640596, "41": 27.243128282909858, "42": 29.964889580743087, "43": 29.08415562555131, "44": 26.957631876218016, "45": 20.982338456273364, "46": 17.93981440141343, "47": 15.022104315971536, "48": 23.519358525536845, "49": 22.839694630622155, "50": 27.610973097005967, "51": 29.76873907958011, "52": 29.634907348447715, "53": 28.120955277740002, "54": 26.874856043347727, "55": 26.859103484829873, "56": 26.64792829708878, "57": 23.458556533694473, "58": 29.001132054772476, "59": 26.509034000061998, "60": 26.19717469000793, "61": 27.30144225325343, "62": 26.884634745767393, "63": 28.173660917668894, "64": 27.921814557583197, "65": 26.547353659345443, "66": 24.608082847474098, "67": 25.415616458093677, "68": 13.46640630204013, "69": 11.440080775449864, "71": 17.256306217993856, "72": 17.374637998725436, "73": 11.519757038437366 } }, "geometry": { "type": "Polygon", "coordinates": [ [ [ 122.625, -21.375 ], [ 122.625, -21.625 ], [ 122.375, -21.625 ], [ 122.375, -21.875 ], [ 122.125, -21.875 ], [ 122.125, -22.125 ], [ 121.625, -22.125 ], [ 121.625, -22.375 ], [ 121.125, -22.375 ], [ 121.125, -22.125 ], [ 120.375, -22.125 ], [ 120.375, -22.375 ], [ 119.625, -22.375 ], [ 119.625, -22.125 ], [ 119.375, -22.125 ], [ 119.375, -21.875 ], [ 117.875, -21.875 ], [ 117.875, -22.375 ], [ 117.625, -22.375 ], [ 117.625, -22.625 ], [ 117.375, -22.625 ], [ 117.375, -23.375 ], [ 117.625, -23.375 ], [ 117.625, -23.625 ], [ 117.875, -23.625 ], [ 117.875, -23.875 ], [ 118.125, -23.875 ], [ 118.125, -24.125 ], [ 119.125, -24.125 ], [ 119.125, -23.125 ], [ 120.125, -23.125 ], [ 120.125, -23.625 ], [ 121.125, -23.625 ], [ 121.125, -23.375 ], [ 121.875, -23.375 ], [ 121.875, -23.125 ], [ 122.125, -23.125 ], [ 122.125, -22.875 ], [ 123.125, -22.875 ], [ 123.125, -22.375 ], [ 124.375, -22.375 ], [ 124.375, -22.125 ], [ 124.125, -22.125 ], [ 124.125, -21.375 ], [ 122.625, -21.375 ] ] ] } },
{ "type": "Feature", "properties": { "cluster_id": 71, "cohesion": 7.4115777420703095, "distances": { "1": 34.408078931446234, "2": 31.490156134838585, "3": 33.22234128957226, "4": 32.6122556041944, "5": 27.746786608030447, "6": 29.461224613892256, "7": 25.62479533671673, "8": 23.149261242102217, "9": 27.683005515112974, "10": 11.553385588948547, "11": 17.95230086573163, "12": 21.191629876344948, "13": 24.42175825887743, "14": 18.321720486625406, "15": 12.85417462661323, "16": 17.811162168689524, "17": 28.339331586363073, "18": 23.541780853899418, "19": 19.62058287361313, "20": 23.393592513848933, "21": 32.757763947912714, "22": 36.388966591886444, "23": 36.30191762641412, "24": 37.12487658796356, "25": 37.42388945207223, "26": 30.224843044255806, "27": 31.510197075464756, "28": 34.73047859537688, "29": 34.9451575286325, "30": 32.49396512719889, "31": 33.7535530758539, "32": 34.97957048856475, "33": 35.356474012282675, "34": 39.36170757719129, "35": 34.949330039626886, "36": 37.05242922615211, "37": 37.17782860206969, "38": 37.992125123067375, "39": 22.980124609031833, "40": 31.791731262242067, "41": 29.662894217340718, "42": 36.012048765850274, "43": 35.12645816081848, "44": 31.058923021695946, "45": 29.368254764436475, "46": 27.97467661748584, "47": 24.818220076810853, "48": 30.627884504183637, "49": 29.559849178325127, "50": 29.70248096021697, "51": 31.994308572865485, "52": 30.528518367089898, "53": 28.81023841357982, "54": 24.769371862418573, "55": 27.05723473915776, "56": 27.526645583768154, "57": 24.68526582576296, "58": 33.24001061730407, "59": 29.492906912553664, "60": 27.67090621845917, "61": 24.31761329212038, "62": 26.310869492935904, "63": 29.303358116973424, "64": 30.017187557035115, "65": 21.914790239067898, "66": 19.015606209317863, "67": 14.881549615467348, "68": 22.920644934684837, "69": 17.36800488873453, "70": 17.256306217993856, "72": 12.523771348599105, "73": 15.53115554461268 } }, "geometry": { "type": "Polygon", "coordinates": [ [ [ 128.375, -20.875 ], [ 128.375, -21.125 ], [ 128.125, -21.125 ], [ 128.125, -21.375 ], [ 127.875, -21.375 ], [ 127.875, -21.625 ], [ 127.625, -21.625 ], [ 127.625, -21.375 ], [ 126.875, -21.375 ], [ 126.875, -21.625 ], [ 126.375, -21.625 ], [ 126.375, -21.375 ], [ 125.375, -21.375 ], [ 125.375, -21.125 ], [ 124.125, -21.125 ], [ 124.125, -22.125 ], [ 125.375, -22.125 ], [ 125.375, -22.625 ], [ 127.625, -22.625 ], [ 127.625, -22.875 ], [ 128.125, -22.875 ], [ 128.125, -22.625 ], [ 128.625, -22.625 ], [ 128.625, -22.875 ], [ 129.375, -22.875 ], [ 129.375, -23.125 ], [ 130.625, -23.125 ], [ 130.625, -22.875 ], [ 130.375, -22.875 ], [ 130.375, -22.625 ], [ 130.625, -22.625 ], [ 130.625, -22.375 ], [ 130.875, -22.375 ], [ 130.875, -22.125 ], [ 130.125, -22.125 ], [ 130.125, -21.875 ], [ 129.875, -21.875 ], [ 129.875, -21.625 ], [ 128.875, -21.625 ], [ 128.875, -20.875 ], [ 128.375, -20.875 ] ] ] } },
{ "type": "Feature", "properties": { "cluster_id": 72, "cohesion": 6.6304973738714592, "distances": { "1": 38.539397466285145, "2": 32.958826935582756, "3": 35.89643621599462, "4": 39.20685877098606, "5": 34.788329595762285, "6": 37.15394774501436, "7": 31.211725003928603, "8": 25.904685947604627, "9": 30.993638813334854, "10": 19.13119257753757, "11": 23.09107844051953, "12": 29.2451128681048, "13": 32.083574428437, "14": 25.97705615545329, "15": 21.87459686063811, "16": 24.992705437256586, "17": 33.00138162265485, "18": 29.284203474771022, "19": 24.1754778021925, "20": 24.91657308128504, "21": 29.626001230101842, "22": 35.484419268805304, "23": 33.66347529847947, "24": 33.397516174665206, "25": 31.686351924307335, "26": 24.68326084014927, "27": 27.77475693596407, "28": 30.40611476643127, "29": 28.16270874186345, "30": 25.972387769283035, "31": 33.568053330354594, "32": 31.42585201648035, "33": 33.388833008592265, "34": 34.29773430996873, "35": 29.196581508963188, "36": 33.665338573997616, "37": 32.76486426175441, "38": 31.437840428820508, "39": 14.295277141369127, "40": 24.04228374648399, "41": 22.155289302041687, "42": 29.291498810080817, "43": 27.420467132306097, "44": 22.77698707034669, "45": 24.70200705576279, "46": 25.163674193203597, "47": 19.910827127424298, "48": 25.328226384919123, "49": 21.682442098631974, "50": 28.65292933488686, "51": 31.592944803881476, "52": 30.429440325404702, "53": 28.488040807871755, "54": 26.047025613127673, "55": 27.357771595883055, "56": 28.906870918370647, "57": 24.07345047613569, "58": 34.06833714531741, "59": 30.00051375794148, "60": 29.550411031245808, "61": 21.024099572367284, "62": 20.14181865753477, "63": 27.39134122656342, "64": 27.013719237337707, "65": 21.567291333112493, "66": 14.863454430022434, "67": 16.046327345273646, "68": 23.146727392032375, "69": 21.476148634005025, "70": 17.374637998725433, "71": 12.523771348599105, "73": 11.716157769533933 } }, "geometry": { "type": "Polygon", "coordinates": [ [ [ 126.625, -22.625 ], [ 126.625, -22.875 ], [ 126.125, -22.875 ], [ 126.125, -23.125 ], [ 125.125, -23.125 ], [ 125.125, -23.375 ], [ 125.625, -23.375 ], [ 125.625, -23.625 ], [ 126.125, -23.625 ], [ 126.125, -23.875 ], [ 126.375, -23.875 ], [ 126.375, -24.375 ], [ 128.875, -24.375 ], [ 128.875, -24.625 ], [ 130.125, -24.625 ], [ 130.125, -24.125 ], [ 130.375, -24.125 ], [ 130.375, -23.625 ], [ 130.875, -23.625 ], [ 130.875, -23.125 ], [ 129.375, -23.125 ], [ 129.375, -22.875 ], [ 128.625, -22.875 ], [ 128.625, -22.625 ], [ 128.125, -22.625 ], [ 128.125, -22.875 ], [ 127.625, -22.875 ], [ 127.625, -22.625 ], [ 126.625, -22.625 ] ] ] } },
{ "type": "Feature", "properties": { "cluster_id": 73, "cohesion": 7.0516806050869967, "distances": { "1": 37.9568999005969, "2": 32.876165934858584, "3": 35.12605841139252, "4": 39.47816089087047, "5": 35.41980804975998, "6": 38.59503634896382, "7": 33.64069913392903, "8": 28.707249078935597, "9": 32.22649832664385, "10": 23.013773476972204, "11": 28.0556870689436, "12": 29.924738716547857, "13": 35.20294845330412, "14": 29.565620044398216, "15": 23.23077168572235, "16": 23.11400173042596, "17": 33.0662840888089, "18": 29.461816544988917, "19": 23.07941900708805, "20": 24.628415189843487, "21": 27.559581758670166, "22": 32.48543071439163, "23": 30.80350470969341, "24": 31.11970597676552, "25": 29.482023645097037, "26": 26.403776809416915, "27": 27.948676517727247, "28": 28.41703745102182, "29": 26.534248197637133, "30": 26.035213671583264, "31": 33.41046695416691, "32": 31.166523318234958, "33": 33.508052093309615, "34": 33.481769261500105, "35": 28.031964916222783, "36": 33.47313998096761, "37": 31.784286760309932, "38": 31.02107275834396, "39": 16.612460897802173, "40": 24.0785429126693, "41": 23.955662804887897, "42": 28.391498933032526, "43": 26.34058335326466, "44": 23.223681834388987, "45": 21.612583270975303, "46": 21.19475918692246, "47": 14.89080033436229, "48": 23.075275998297453, "49": 19.153217750846327, "50": 28.85275925394233, "51": 31.398282629586024, "52": 30.83960201944914, "53": 29.222106521678203, "54": 27.859823665359468, "55": 27.94808293215547, "56": 28.286650555389517, "57": 24.125924633671307, "58": 31.25950126666546, "59": 28.11164109968001, "60": 28.135385459222682, "61": 25.239922983069224, "62": 23.75890932859317, "63": 28.263965434493482, "64": 27.712934215217643, "65": 25.570900969211987, "66": 21.02586187120303, "67": 22.749631474722403, "68": 19.065959176539323, "69": 16.945992142418877, "70": 11.519757038437366, "71": 15.53115554461268, "72": 11.716157769533933 } }, "geometry": { "type": "Polygon", "coordinates": [ [ [ 124.375, -22.125 ], [ 124.375, -22.375 ], [ 123.125, -22.375 ], [ 123.125, -22.875 ], [ 122.125, -22.875 ], [ 122.125, -23.125 ], [ 121.875, -23.125 ], [ 121.875, -23.375 ], [ 121.625, -23.375 ], [ 121.625, -23.625 ], [ 121.875, -23.625 ], [ 121.875, -23.875 ], [ 123.125, -23.875 ], [ 123.125, -24.375 ], [ 124.625, -24.375 ], [ 124.625, -24.625 ], [ 126.875, -24.625 ], [ 126.875, -24.375 ], [ 126.375, -24.375 ], [ 126.375, -23.875 ], [ 126.125, -23.875 ], [ 126.125, -23.625 ], [ 125.625, -23.625 ], [ 125.625, -23.375 ], [ 125.125, -23.375 ], [ 125.125, -23.125 ], [ 126.125, -23.125 ], [ 126.125, -22.875 ], [ 126.625, -22.875 ], [ 126.625, -22.625 ], [ 125.375, -22.625 ], [ 125.375, -22.125 ], [ 124.375, -22.125 ] ] ] } }
]
}
