{
"type": "FeatureCollection",
"name": "75_clusters",
"crs": { "type": "name", "properties": { "name": "urn:ogc:def:crs:OGC:1.3:CRS84" } },
"features": [
{ "type": "Feature", "properties": { "cluster_id": 1, "cohesion": 8.6487465638442682, "distances": { "2": 17.24033202182467, "3": 10.940391911660678, "4": 18.90891003463502, "5": 22.132863930473302, "6": 24.84582023632535, "7": 18.304630371064174, "8": 25.68125634479446, "9": 25.488703469196913, "10": 18.403085891625967, "11": 31.38539878431128, "12": 31.206392518853146, "13": 26.527482853515856, "14": 28.776791287616042, "15": 29.596675275122042, "16": 29.676584319249294, "17": 28.171349547318282, "18": 18.61031585876883, "19": 22.055630978430944, "20": 27.212458270500765, "21": 26.202532132898707, "22": 37.711049798453395, "23": 31.47181265330928, "24": 36.34861849804197, "25": 36.8281822778166, "26": 42.66383583868136, "27": 42.861468109085415, "28": 40.63612392067549, "29": 41.38529953404568, "30": 44.73080155149566, "31": 44.36900139117672, "32": 27.143376350708664, "33": 38.61652943866565, "34": 33.31743331578965, "35": 43.025370449691806, "36": 44.0558352879256, "37": 36.096894534564186, "38": 37.78165328424618, "39": 44.461116411528806, "40": 42.236100904424816, "41": 44.652099368597874, "42": 43.94004461316689, "43": 43.35329606014713, "44": 46.92394434987043, "45": 44.12783323359568, "46": 40.21923949190091, "47": 35.05665336362148, "48": 40.43808361313947, "49": 42.364183411791004, "50": 45.45784517481931, "51": 28.163243571311238, "52": 24.02160519209459, "53": 27.896593497831955, "54": 29.865307972026297, "55": 27.450286779824676, "56": 29.279854833332728, "57": 30.088836662951536, "58": 31.285651681445646, "59": 28.456836209683093, "60": 24.777229904039437, "61": 27.935062691255126, "62": 37.11346388654352, "63": 41.57343094644793, "64": 35.7415401775237, "65": 37.019347513723496, "66": 32.932474420281366, "67": 32.288849799387464, "68": 38.84337006332458, "69": 35.349358605573634, "70": 29.447441647366524, "71": 30.617424806495602, "72": 34.88437354134158, "73": 34.40807893144623, "74": 38.539397466285145, "75": 37.95689990059691 } }, "geometry": { "type": "MultiPolygon", "coordinates": [ [ [ [ 142.125, -16.375 ], [ 142.375, -16.375 ], [ 142.375, -16.625 ], [ 142.625, -16.625 ], [ 142.625, -17.625 ], [ 142.875, -17.625 ], [ 142.875, -18.125 ], [ 143.125, -18.125 ], [ 143.125, -18.375 ], [ 143.375, -18.375 ], [ 143.375, -19.375 ], [ 143.625, -19.375 ], [ 143.625, -19.625 ], [ 143.375, -19.625 ], [ 143.375, -20.125 ], [ 143.125, -20.125 ], [ 143.125, -19.875 ], [ 142.875, -19.875 ], [ 142.875, -19.625 ], [ 142.625, -19.625 ], [ 142.625, -18.875 ], [ 142.375, -18.875 ], [ 142.375, -18.375 ], [ 142.125, -18.375 ], [ 142.125, -17.625 ], [ 141.875, -17.625 ], [ 141.875, -16.125 ], [ 142.125, -16.125 ], [ 142.125, -16.375 ] ] ], [ [ [ 144.625, -17.375 ], [ 143.875, -17.375 ], [ 143.875, -17.125 ], [ 144.625, -17.125 ], [ 144.625, -17.375 ] ] ], [ [ [ 141.875, -16.125 ], [ 141.625, -16.125 ], [ 141.625, -15.625 ], [ 141.875, -15.625 ], [ 141.875, -16.125 ] ] ], [ [ [ 141.625, -14.125 ], [ 141.625, -15.625 ], [ 141.375, -15.625 ], [ 141.375, -15.125 ], [ 141.125, -15.125 ], [ 141.125, -13.625 ], [ 141.375, -13.625 ], [ 141.375, -14.125 ], [ 141.625, -14.125 ] ] ], [ [ [ 142.875, -10.875 ], [ 142.875, -11.125 ], [ 143.125, -11.125 ], [ 143.125, -11.875 ], [ 143.375, -11.875 ], [ 143.375, -12.375 ], [ 143.625, -12.375 ], [ 143.625, -12.875 ], [ 143.875, -12.875 ], [ 143.875, -13.875 ], [ 144.625, -13.875 ], [ 144.625, -14.125 ], [ 144.875, -14.125 ], [ 144.875, -14.375 ], [ 145.125, -14.375 ], [ 145.125, -14.625 ], [ 145.375, -14.625 ], [ 145.375, -14.875 ], [ 145.625, -14.875 ], [ 145.625, -16.125 ], [ 145.875, -16.125 ], [ 145.875, -16.625 ], [ 145.625, -16.625 ], [ 145.625, -16.375 ], [ 145.375, -16.375 ], [ 145.375, -16.125 ], [ 145.125, -16.125 ], [ 145.125, -16.625 ], [ 144.875, -16.625 ], [ 144.875, -16.875 ], [ 144.125, -16.875 ], [ 144.125, -16.375 ], [ 144.375, -16.375 ], [ 144.375, -15.625 ], [ 144.125, -15.625 ], [ 144.125, -15.375 ], [ 143.875, -15.375 ], [ 143.875, -15.125 ], [ 143.625, -15.125 ], [ 143.625, -14.625 ], [ 143.125, -14.625 ], [ 143.125, -14.875 ], [ 142.375, -14.875 ], [ 142.375, -14.375 ], [ 142.125, -14.375 ], [ 142.125, -13.625 ], [ 141.875, -13.625 ], [ 141.875, -11.625 ], [ 142.125, -11.625 ], [ 142.125, -10.625 ], [ 142.625, -10.625 ], [ 142.625, -10.875 ], [ 142.875, -10.875 ] ] ] ] } },
{ "type": "Feature", "properties": { "cluster_id": 2, "cohesion": 9.0112697687720367, "distances": { "1": 17.240332021824674, "3": 12.754155438804473, "4": 26.70425412361443, "5": 27.277805434298735, "6": 30.552408786057548, "7": 20.203426741408514, "8": 25.17055665056584, "9": 19.668686467407795, "10": 13.761933059032168, "11": 30.40167821503343, "12": 29.862592920779562, "13": 29.067010259210623, "14": 32.12178295530165, "15": 30.90746402212581, "16": 30.163866655353296, "17": 28.919197044473677, "18": 21.905197685711595, "19": 23.891188185531767, "20": 25.268734799484, "21": 21.723107753138372, "22": 33.31210982008317, "23": 29.13788829641172, "24": 31.994737033743043, "25": 29.722933021358333, "26": 34.43591681364504, "27": 35.075776381886214, "28": 33.84413280688843, "29": 35.715780283096976, "30": 36.91072574007541, "31": 37.0364399207442, "32": 23.51351948213406, "33": 30.4143868102229, "34": 26.78620880317849, "35": 33.40488195076963, "36": 34.620441022679785, "37": 27.562005266555303, "38": 28.497106159226625, "39": 34.103436540437265, "40": 34.29798649569678, "41": 36.024227035038884, "42": 35.5310511502642, "43": 33.60570378365016, "44": 36.91876190898899, "45": 34.70969960750446, "46": 31.14816733029577, "47": 27.58029761902162, "48": 33.12513630426838, "49": 33.36532418507991, "50": 36.63024429659988, "51": 16.880456248282133, "52": 12.923918592155198, "53": 20.263948919883358, "54": 20.69468281959015, "55": 19.869819640500108, "56": 24.340510146961652, "57": 28.872058655678757, "58": 26.87925747617313, "59": 28.822362797228315, "60": 24.151165107345992, "61": 28.433195638467247, "62": 29.963549642600107, "63": 33.732120488725734, "64": 28.895138272525767, "65": 28.074956329942545, "66": 24.943475205347855, "67": 26.074953813234046, "68": 32.54945898932424, "69": 31.31638787100225, "70": 24.910422630259987, "71": 29.234295855280312, "72": 30.616159996727863, "73": 31.490156134838585, "74": 32.958826935582756, "75": 32.876165934858584 } }, "geometry": { "type": "MultiPolygon", "coordinates": [ [ [ [ 143.625, -20.375 ], [ 143.875, -20.375 ], [ 143.875, -20.625 ], [ 144.125, -20.625 ], [ 144.125, -20.875 ], [ 144.375, -20.875 ], [ 144.375, -21.375 ], [ 143.875, -21.375 ], [ 143.875, -21.625 ], [ 143.625, -21.625 ], [ 143.625, -22.375 ], [ 143.375, -22.375 ], [ 143.375, -22.125 ], [ 143.125, -22.125 ], [ 143.125, -21.625 ], [ 143.375, -21.625 ], [ 143.375, -21.375 ], [ 143.625, -21.375 ], [ 143.625, -20.625 ], [ 143.375, -20.625 ], [ 143.375, -19.625 ], [ 143.625, -19.625 ], [ 143.625, -20.375 ] ] ], [ [ [ 145.375, -19.125 ], [ 145.375, -19.375 ], [ 145.625, -19.375 ], [ 145.625, -19.625 ], [ 145.875, -19.625 ], [ 145.875, -19.875 ], [ 144.125, -19.875 ], [ 144.125, -19.625 ], [ 143.625, -19.625 ], [ 143.625, -19.375 ], [ 143.875, -19.375 ], [ 143.875, -19.125 ], [ 144.125, -19.125 ], [ 144.125, -18.875 ], [ 144.625, -18.875 ], [ 144.625, -18.625 ], [ 144.875, -18.625 ], [ 144.875, -18.375 ], [ 145.125, -18.375 ], [ 145.125, -19.125 ], [ 145.375, -19.125 ] ] ], [ [ [ 145.375, -17.125 ], [ 145.375, -16.625 ], [ 145.625, -16.625 ], [ 145.625, -17.125 ], [ 145.875, -17.125 ], [ 145.875, -17.375 ], [ 146.125, -17.375 ], [ 146.125, -17.625 ], [ 146.375, -17.625 ], [ 146.375, -18.125 ], [ 146.625, -18.125 ], [ 146.625, -18.875 ], [ 147.375, -18.875 ], [ 147.375, -19.125 ], [ 147.625, -19.125 ], [ 147.625, -19.375 ], [ 147.875, -19.375 ], [ 147.875, -19.625 ], [ 148.375, -19.625 ], [ 148.375, -19.875 ], [ 148.625, -19.875 ], [ 148.625, -20.125 ], [ 148.875, -20.125 ], [ 148.875, -20.375 ], [ 149.125, -20.375 ], [ 149.125, -20.875 ], [ 148.875, -20.875 ], [ 148.875, -20.625 ], [ 148.625, -20.625 ], [ 148.625, -20.375 ], [ 148.375, -20.375 ], [ 148.375, -20.625 ], [ 148.125, -20.625 ], [ 148.125, -20.375 ], [ 147.625, -20.375 ], [ 147.625, -20.125 ], [ 147.375, -20.125 ], [ 147.375, -19.625 ], [ 147.125, -19.625 ], [ 147.125, -19.375 ], [ 146.875, -19.375 ], [ 146.875, -19.125 ], [ 146.125, -19.125 ], [ 146.125, -18.875 ], [ 145.875, -18.875 ], [ 145.875, -18.625 ], [ 145.375, -18.625 ], [ 145.375, -18.375 ], [ 145.125, -18.375 ], [ 145.125, -17.125 ], [ 145.375, -17.125 ] ] ] ] } },
{ "type": "Feature", "properties": { "cluster_id": 3, "cohesion": 8.1137928839426863, "distances": { "1": 10.940391911660678, "2": 12.754155438804473, "4": 23.044044234907467, "5": 25.09770865609064, "6": 28.622289849295782, "7": 20.136069311218172, "8": 26.621619755319273, "9": 23.7093454413715, "10": 16.894855388723865, "11": 31.442681146520293, "12": 31.42066923640212, "13": 28.226947266946567, "14": 31.528272617995906, "15": 31.07332463255776, "16": 30.293827819925163, "17": 28.467336932226537, "18": 19.951158488530787, "19": 22.92199461175436, "20": 26.26827277862725, "21": 24.007807919899047, "22": 34.31971243646787, "23": 28.48972536368839, "24": 32.528679824882104, "25": 31.826515912958754, "26": 37.32743586330921, "27": 38.618211982682475, "28": 36.83739989509911, "29": 37.347854106325904, "30": 39.68260852606993, "31": 39.907964438755506, "32": 24.541024819758725, "33": 34.638136650223075, "34": 29.78160045108005, "35": 38.02983278034179, "36": 39.37412467518156, "37": 31.414488954210114, "38": 32.337989880262555, "39": 38.97112415367669, "40": 38.19354948988474, "41": 39.58560265823083, "42": 39.22092777154684, "43": 37.74846753037607, "44": 41.77869902978832, "45": 39.17165048472049, "46": 35.645375606050045, "47": 30.55926396909655, "48": 36.45196587532905, "49": 37.94930745820359, "50": 40.87562355281982, "51": 23.07565872820314, "52": 18.788576951489144, "53": 24.824659545472286, "54": 26.009851965391057, "55": 24.544436333359236, "56": 27.20143682661065, "57": 29.23559072672791, "58": 28.98739963088879, "59": 27.083008111768056, "60": 23.109898269006965, "61": 27.552917546651567, "62": 33.69882320684024, "63": 37.486010537017556, "64": 32.55921288976688, "65": 32.62363248401659, "66": 29.291707411156406, "67": 29.75583026004391, "68": 35.932436598858835, "69": 33.95790575332182, "70": 26.228982936676985, "71": 29.373782957297653, "72": 32.23838102517886, "73": 33.22234128957227, "74": 35.89643621599462, "75": 35.12605841139252 } }, "geometry": { "type": "MultiPolygon", "coordinates": [ [ [ [ 145.875, -16.625 ], [ 145.875, -16.875 ], [ 146.125, -16.875 ], [ 146.125, -17.125 ], [ 146.375, -17.125 ], [ 146.375, -17.375 ], [ 146.625, -17.375 ], [ 146.625, -17.875 ], [ 146.375, -17.875 ], [ 146.375, -17.625 ], [ 146.125, -17.625 ], [ 146.125, -17.375 ], [ 145.875, -17.375 ], [ 145.875, -17.125 ], [ 145.625, -17.125 ], [ 145.625, -16.625 ], [ 145.875, -16.625 ] ] ], [ [ [ 145.375, -16.625 ], [ 145.375, -17.125 ], [ 145.125, -17.125 ], [ 145.125, -18.375 ], [ 144.875, -18.375 ], [ 144.875, -18.625 ], [ 144.625, -18.625 ], [ 144.625, -18.875 ], [ 144.125, -18.875 ], [ 144.125, -19.125 ], [ 143.875, -19.125 ], [ 143.875, -19.375 ], [ 143.375, -19.375 ], [ 143.375, -18.375 ], [ 143.125, -18.375 ], [ 143.125, -18.125 ], [ 142.875, -18.125 ], [ 142.875, -17.625 ], [ 142.625, -17.625 ], [ 142.625, -16.625 ], [ 142.375, -16.625 ], [ 142.375, -16.375 ], [ 142.125, -16.375 ], [ 142.125, -16.125 ], [ 141.875, -16.125 ], [ 141.875, -15.625 ], [ 141.625, -15.625 ], [ 141.625, -14.125 ], [ 141.375, -14.125 ], [ 141.375, -13.625 ], [ 141.125, -13.625 ], [ 141.125, -12.875 ], [ 141.375, -12.875 ], [ 141.375, -12.125 ], [ 141.625, -12.125 ], [ 141.625, -11.125 ], [ 141.875, -11.125 ], [ 141.875, -10.875 ], [ 142.125, -10.875 ], [ 142.125, -11.625 ], [ 141.875, -11.625 ], [ 141.875, -13.625 ], [ 142.125, -13.625 ], [ 142.125, -14.375 ], [ 142.375, -14.375 ], [ 142.375, -14.875 ], [ 143.125, -14.875 ], [ 143.125, -14.625 ], [ 143.625, -14.625 ], [ 143.625, -15.125 ], [ 143.875, -15.125 ], [ 143.875, -15.375 ], [ 144.125, -15.375 ], [ 144.125, -15.625 ], [ 144.375, -15.625 ], [ 144.375, -16.375 ], [ 144.125, -16.375 ], [ 144.125, -16.875 ], [ 144.875, -16.875 ], [ 144.875, -16.625 ], [ 145.125, -16.625 ], [ 145.125, -16.125 ], [ 145.375, -16.125 ], [ 145.375, -16.375 ], [ 145.625, -16.375 ], [ 145.625, -16.625 ], [ 145.375, -16.625 ] ], [ [ 143.875, -17.375 ], [ 144.625, -17.375 ], [ 144.625, -17.125 ], [ 143.875, -17.125 ], [ 143.875, -17.375 ] ] ] ] } },
{ "type": "Feature", "properties": { "cluster_id": 4, "cohesion": 8.5311386439412491, "distances": { "1": 18.90891003463502, "2": 26.70425412361443, "3": 23.044044234907467, "5": 11.313795080543747, "6": 13.608656446969635, "7": 16.111569580762747, "8": 21.822914945391112, "9": 27.144741389569322, "10": 22.29902415476751, "11": 27.17634654446826, "12": 28.051919980790238, "13": 18.195001503537913, "14": 20.344329427132735, "15": 23.065663989846147, "16": 24.799058171237643, "17": 24.977152331490775, "18": 13.437887213213756, "19": 16.220798630858578, "20": 24.52440326629251, "21": 25.32992173699014, "22": 43.61247128959111, "23": 39.10267855167915, "24": 43.80703024747041, "25": 45.2142581835126, "26": 50.28942022525956, "27": 48.22251775886547, "28": 45.59103447819432, "29": 47.78917234341921, "30": 51.473295626106676, "31": 50.196456988997674, "32": 32.12588965716056, "33": 42.445957341667935, "34": 37.963010383776535, "35": 48.577409907828645, "36": 48.173412925738376, "37": 42.63911875422553, "38": 45.54856181255764, "39": 50.78501958048963, "40": 45.44712768950653, "41": 50.697130556356136, "42": 49.53436390338684, "43": 50.344739447845704, "44": 51.73997236725545, "45": 48.9622091629716, "46": 44.80034135994982, "47": 40.75811364261436, "48": 43.43865989063538, "49": 45.787109549739945, "50": 49.25765515819195, "51": 35.16836782301342, "52": 32.64811600476694, "53": 32.25257091114056, "54": 34.40437130402241, "55": 30.52450208081176, "56": 31.58681162161097, "57": 31.461418637620795, "58": 33.82256755466288, "59": 34.08595829155131, "60": 30.65339929147799, "61": 29.760571667132766, "62": 41.21089493401005, "63": 46.26915143520989, "64": 39.49300709325066, "65": 42.491234914379426, "66": 37.5195197478664, "67": 34.864250962143736, "68": 41.00370521851262, "69": 34.540259855256615, "70": 33.54758887332951, "71": 31.069111222117908, "72": 36.49840448765982, "73": 32.6122556041944, "74": 39.20685877098606, "75": 39.478160890870484 } }, "geometry": { "type": "MultiPolygon", "coordinates": [ [ [ [ 141.375, -15.125 ], [ 141.375, -15.625 ], [ 141.625, -15.625 ], [ 141.625, -16.125 ], [ 141.875, -16.125 ], [ 141.875, -17.625 ], [ 142.125, -17.625 ], [ 142.125, -18.375 ], [ 142.375, -18.375 ], [ 142.375, -18.875 ], [ 142.625, -18.875 ], [ 142.625, -19.625 ], [ 142.875, -19.625 ], [ 142.875, -20.125 ], [ 142.375, -20.125 ], [ 142.375, -19.375 ], [ 142.125, -19.375 ], [ 142.125, -18.875 ], [ 141.875, -18.875 ], [ 141.875, -18.625 ], [ 141.625, -18.625 ], [ 141.625, -18.125 ], [ 141.375, -18.125 ], [ 141.375, -17.875 ], [ 141.125, -17.875 ], [ 141.125, -17.625 ], [ 140.375, -17.625 ], [ 140.375, -17.375 ], [ 140.625, -17.375 ], [ 140.625, -16.875 ], [ 140.875, -16.875 ], [ 140.875, -15.875 ], [ 141.125, -15.875 ], [ 141.125, -15.125 ], [ 141.375, -15.125 ] ] ], [ [ [ 133.875, -11.875 ], [ 133.875, -12.125 ], [ 135.625, -12.125 ], [ 135.625, -12.375 ], [ 135.875, -12.375 ], [ 135.875, -12.875 ], [ 135.625, -12.875 ], [ 135.625, -13.125 ], [ 135.375, -13.125 ], [ 135.375, -13.375 ], [ 134.875, -13.375 ], [ 134.875, -13.125 ], [ 133.875, -13.125 ], [ 133.875, -13.375 ], [ 133.625, -13.375 ], [ 133.625, -13.625 ], [ 133.375, -13.625 ], [ 133.375, -14.125 ], [ 133.125, -14.125 ], [ 133.125, -14.375 ], [ 132.875, -14.375 ], [ 132.875, -14.625 ], [ 132.625, -14.625 ], [ 132.625, -14.875 ], [ 132.375, -14.875 ], [ 132.375, -15.375 ], [ 132.625, -15.375 ], [ 132.625, -16.125 ], [ 132.125, -16.125 ], [ 132.125, -15.875 ], [ 131.625, -15.875 ], [ 131.625, -16.125 ], [ 131.375, -16.125 ], [ 131.375, -15.375 ], [ 130.875, -15.375 ], [ 130.875, -14.625 ], [ 130.375, -14.625 ], [ 130.375, -14.875 ], [ 129.875, -14.875 ], [ 129.875, -14.125 ], [ 130.125, -14.125 ], [ 130.125, -13.875 ], [ 130.375, -13.875 ], [ 130.375, -13.625 ], [ 130.875, -13.625 ], [ 130.875, -13.375 ], [ 131.125, -13.375 ], [ 131.125, -13.125 ], [ 131.875, -13.125 ], [ 131.875, -12.875 ], [ 132.125, -12.875 ], [ 132.125, -12.625 ], [ 132.625, -12.625 ], [ 132.625, -12.375 ], [ 133.125, -12.375 ], [ 133.125, -11.875 ], [ 133.875, -11.875 ] ] ] ] } },
{ "type": "Feature", "properties": { "cluster_id": 5, "cohesion": 7.8643133186188914, "distances": { "1": 22.132863930473306, "2": 27.277805434298735, "3": 25.09770865609064, "4": 11.313795080543747, "6": 11.787765108723983, "7": 16.212769941990363, "8": 18.92434253941079, "9": 24.36988446607294, "10": 21.71942992746608, "11": 22.232404950087115, "12": 24.27288843379406, "13": 13.066092646880438, "14": 17.373622182559252, "15": 18.855743463868077, "16": 19.76240423712889, "17": 20.736053593653885, "18": 13.923162766681813, "19": 12.627947047488556, "20": 20.198384622349888, "21": 22.668645968327105, "22": 41.54357093856845, "23": 38.58819987766897, "24": 42.44033251034534, "25": 43.8204597121699, "26": 48.166096855175, "27": 44.759581221952885, "28": 42.507731118711725, "29": 45.35774690634618, "30": 48.66788965412718, "31": 47.031238818795025, "32": 31.83370715755674, "33": 40.880154884296935, "34": 37.10187045159197, "35": 46.90347104902805, "36": 45.8064812205077, "37": 41.4348817855937, "38": 44.01156999023827, "39": 48.62996098365066, "40": 41.712354595362925, "41": 47.47585847392749, "42": 46.081727388920285, "43": 47.9303878212387, "44": 48.98784163801142, "45": 46.03565624353299, "46": 41.88578407237833, "47": 38.062045546257835, "48": 40.031887859200204, "49": 42.94804518805387, "50": 46.041464672744056, "51": 33.32908832557823, "52": 32.193336104582315, "53": 31.064019779265422, "54": 32.038121526190544, "55": 27.668913111147322, "56": 29.45783244733223, "57": 29.464067853964526, "58": 31.07346785439078, "59": 33.68995925210089, "60": 30.339627246502733, "61": 28.44953759913074, "62": 37.83184283494683, "63": 42.68614369498209, "64": 36.76049058879792, "65": 39.44182056085041, "66": 34.343910585625885, "67": 31.39056107031735, "68": 36.983656153609914, "69": 30.376663995018426, "70": 30.573969294406528, "71": 27.319682838701816, "72": 32.54174792203071, "73": 27.746786608030444, "74": 34.788329595762285, "75": 35.41980804975998 } }, "geometry": { "type": "MultiPolygon", "coordinates": [ [ [ [ 132.625, -15.125 ], [ 132.875, -15.125 ], [ 132.875, -15.375 ], [ 133.875, -15.375 ], [ 133.875, -15.625 ], [ 134.125, -15.625 ], [ 134.125, -15.375 ], [ 134.375, -15.375 ], [ 134.375, -15.125 ], [ 134.625, -15.125 ], [ 134.625, -14.875 ], [ 135.375, -14.875 ], [ 135.375, -15.125 ], [ 136.375, -15.125 ], [ 136.375, -15.375 ], [ 136.625, -15.375 ], [ 136.625, -15.625 ], [ 137.375, -15.625 ], [ 137.375, -15.875 ], [ 137.875, -15.875 ], [ 137.875, -16.125 ], [ 138.125, -16.125 ], [ 138.125, -16.375 ], [ 137.375, -16.375 ], [ 137.375, -16.125 ], [ 136.375, -16.125 ], [ 136.375, -17.375 ], [ 135.875, -17.375 ], [ 135.875, -17.125 ], [ 135.375, -17.125 ], [ 135.375, -16.875 ], [ 134.875, -16.875 ], [ 134.875, -17.125 ], [ 134.375, -17.125 ], [ 134.375, -16.875 ], [ 133.875, -16.875 ], [ 133.875, -17.125 ], [ 132.625, -17.125 ], [ 132.625, -15.375 ], [ 132.375, -15.375 ], [ 132.375, -14.875 ], [ 132.625, -14.875 ], [ 132.625, -15.125 ] ] ], [ [ [ 130.375, -14.625 ], [ 130.875, -14.625 ], [ 130.875, -15.375 ], [ 131.375, -15.375 ], [ 131.375, -16.125 ], [ 131.125, -16.125 ], [ 131.125, -16.375 ], [ 130.875, -16.375 ], [ 130.875, -16.625 ], [ 130.375, -16.625 ], [ 130.375, -16.125 ], [ 130.625, -16.125 ], [ 130.625, -15.625 ], [ 129.875, -15.625 ], [ 129.875, -15.875 ], [ 129.625, -15.875 ], [ 129.625, -16.125 ], [ 129.125, -16.125 ], [ 129.125, -16.375 ], [ 128.875, -16.375 ], [ 128.875, -15.875 ], [ 128.375, -15.875 ], [ 128.375, -15.125 ], [ 128.625, -15.125 ], [ 128.625, -14.875 ], [ 129.625, -14.875 ], [ 129.625, -14.125 ], [ 129.875, -14.125 ], [ 129.875, -14.875 ], [ 130.375, -14.875 ], [ 130.375, -14.625 ] ] ], [ [ [ 130.125, -14.125 ], [ 129.875, -14.125 ], [ 129.875, -13.875 ], [ 130.125, -13.875 ], [ 130.125, -14.125 ] ] ], [ [ [ 130.125, -13.875 ], [ 130.125, -13.625 ], [ 130.375, -13.625 ], [ 130.375, -13.875 ], [ 130.125, -13.875 ] ] ], [ [ [ 135.375, -13.375 ], [ 135.375, -13.625 ], [ 135.125, -13.625 ], [ 135.125, -13.875 ], [ 134.875, -13.875 ], [ 134.875, -14.125 ], [ 134.375, -14.125 ], [ 134.375, -13.125 ], [ 134.875, -13.125 ], [ 134.875, -13.375 ], [ 135.375, -13.375 ] ] ], [ [ [ 130.875, -13.625 ], [ 130.375, -13.625 ], [ 130.375, -13.375 ], [ 130.625, -13.375 ], [ 130.625, -13.125 ], [ 131.125, -13.125 ], [ 131.125, -13.375 ], [ 130.875, -13.375 ], [ 130.875, -13.625 ] ] ], [ [ [ 131.875, -13.125 ], [ 131.125, -13.125 ], [ 131.125, -12.875 ], [ 131.875, -12.875 ], [ 131.875, -13.125 ] ] ] ] } },
{ "type": "Feature", "properties": { "cluster_id": 6, "cohesion": 8.7319464308385708, "distances": { "1": 24.845820236325345, "2": 30.552408786057548, "3": 28.62228984929578, "4": 13.608656446969638, "5": 11.787765108723985, "7": 14.962538913387485, "8": 16.676093532207734, "9": 25.053152196214327, "10": 23.03213204829113, "11": 22.693940509824277, "12": 22.87293007003422, "13": 15.76571289930877, "14": 12.816897351318083, "15": 17.213791394789464, "16": 20.89826112137724, "17": 23.92925797986306, "18": 19.28927400940241, "19": 18.345079657216164, "20": 25.292209089875318, "21": 28.1920463042177, "22": 45.48815740978433, "23": 42.83868315598799, "24": 46.92380824797939, "25": 48.629044660437096, "26": 52.90606228689299, "27": 48.2295270809603, "28": 46.104034148560636, "29": 49.58961958267527, "30": 53.21572919328583, "31": 51.051513598569976, "32": 35.46657816490671, "33": 44.20631113178042, "34": 40.56221706693293, "35": 50.90094828496168, "36": 49.4689633982894, "37": 45.45413228888343, "38": 48.60585087347768, "39": 52.82864112473005, "40": 44.8626719923459, "41": 51.67179378352747, "42": 49.831157712635815, "43": 52.36906972405846, "44": 52.951890097483236, "45": 49.83545511314877, "46": 45.7691358668911, "47": 42.417497900634054, "48": 43.887306629545684, "49": 46.60201845296362, "50": 49.74202909066112, "51": 36.929049336031085, "52": 35.87308857816798, "53": 34.0129988657785, "54": 35.181629830233675, "55": 29.908674635105957, "56": 32.16090840774702, "57": 31.9221405166084, "58": 34.09431478481605, "59": 37.17876387580635, "60": 33.48329306751615, "61": 30.907617105027164, "62": 40.0525742149867, "63": 45.691435561683726, "64": 39.78306757232235, "65": 42.96151450053043, "66": 36.73411145478562, "67": 32.61745265745352, "68": 38.852392080557266, "69": 30.863040298811388, "70": 34.9779971460849, "71": 30.86210217022187, "72": 36.23135158428602, "73": 29.461224613892256, "74": 37.15394774501436, "75": 38.59503634896383 } }, "geometry": { "type": "Polygon", "coordinates": [ [ [ 129.875, -15.625 ], [ 129.875, -15.875 ], [ 129.625, -15.875 ], [ 129.625, -16.125 ], [ 129.125, -16.125 ], [ 129.125, -16.375 ], [ 128.875, -16.375 ], [ 128.875, -16.625 ], [ 128.625, -16.625 ], [ 128.625, -17.625 ], [ 128.375, -17.625 ], [ 128.375, -18.625 ], [ 128.625, -18.625 ], [ 128.625, -19.125 ], [ 130.125, -19.125 ], [ 130.125, -18.875 ], [ 130.875, -18.875 ], [ 130.875, -19.125 ], [ 132.875, -19.125 ], [ 132.875, -19.375 ], [ 134.875, -19.375 ], [ 134.875, -19.125 ], [ 135.875, -19.125 ], [ 135.875, -19.375 ], [ 137.125, -19.375 ], [ 137.125, -19.875 ], [ 137.625, -19.875 ], [ 137.625, -20.125 ], [ 138.125, -20.125 ], [ 138.125, -19.875 ], [ 138.375, -19.875 ], [ 138.375, -20.125 ], [ 138.625, -20.125 ], [ 138.625, -20.375 ], [ 138.875, -20.375 ], [ 138.875, -20.625 ], [ 139.125, -20.625 ], [ 139.125, -20.875 ], [ 140.375, -20.875 ], [ 140.375, -21.125 ], [ 141.375, -21.125 ], [ 141.375, -20.625 ], [ 141.625, -20.625 ], [ 141.625, -20.125 ], [ 142.375, -20.125 ], [ 142.375, -19.375 ], [ 142.125, -19.375 ], [ 142.125, -18.875 ], [ 141.875, -18.875 ], [ 141.875, -18.625 ], [ 141.625, -18.625 ], [ 141.625, -18.125 ], [ 141.375, -18.125 ], [ 141.375, -17.875 ], [ 141.125, -17.875 ], [ 141.125, -17.625 ], [ 140.375, -17.625 ], [ 140.375, -17.375 ], [ 139.625, -17.375 ], [ 139.625, -17.125 ], [ 139.375, -17.125 ], [ 139.375, -16.875 ], [ 139.125, -16.875 ], [ 139.125, -16.625 ], [ 138.875, -16.625 ], [ 138.875, -16.375 ], [ 137.375, -16.375 ], [ 137.375, -16.125 ], [ 136.375, -16.125 ], [ 136.375, -17.375 ], [ 135.875, -17.375 ], [ 135.875, -17.125 ], [ 135.375, -17.125 ], [ 135.375, -16.875 ], [ 134.875, -16.875 ], [ 134.875, -17.125 ], [ 134.375, -17.125 ], [ 134.375, -16.875 ], [ 133.875, -16.875 ], [ 133.875, -17.125 ], [ 132.625, -17.125 ], [ 132.625, -16.125 ], [ 132.125, -16.125 ], [ 132.125, -15.875 ], [ 131.625, -15.875 ], [ 131.625, -16.125 ], [ 131.125, -16.125 ], [ 131.125, -16.375 ], [ 130.875, -16.375 ], [ 130.875, -16.625 ], [ 130.375, -16.625 ], [ 130.375, -16.125 ], [ 130.625, -16.125 ], [ 130.625, -15.625 ], [ 129.875, -15.625 ] ] ] } },
{ "type": "Feature", "properties": { "cluster_id": 7, "cohesion": 5.4363627712159381, "distances": { "1": 18.304630371064178, "2": 20.203426741408517, "3": 20.136069311218172, "4": 16.111569580762744, "5": 16.212769941990363, "6": 14.962538913387485, "8": 12.281318105810795, "9": 16.281866988938507, "10": 11.243876168981709, "11": 23.74909436989976, "12": 21.29959697873824, "13": 20.307439806211665, "14": 17.151278284488846, "15": 19.98942506538154, "16": 23.41619779269974, "17": 25.450850140158835, "18": 18.091220771463018, "19": 18.76623550728618, "20": 24.63171736849017, "21": 24.698342252149533, "22": 40.909604829429284, "23": 37.753355421424324, "24": 41.59113633397854, "25": 41.782132524907865, "26": 46.22879894981172, "27": 42.43925988703487, "28": 40.8223617457384, "29": 44.516307758382226, "30": 47.294810660787284, "31": 45.607748145891684, "32": 29.620284480743155, "33": 38.04409237924878, "34": 34.16133624015813, "35": 43.836176442101944, "36": 43.328253924345994, "37": 37.99296747061684, "38": 40.892229326156276, "39": 45.39979990375842, "40": 40.03322847682903, "41": 45.608073575288344, "42": 43.827217650398666, "43": 45.14895899804313, "44": 46.61446858002009, "45": 43.5846362736299, "46": 39.88306030530884, "47": 36.58939583100212, "48": 39.5987732165027, "49": 41.09962449760185, "50": 44.5430315753799, "51": 27.476824845668347, "52": 25.917226749725014, "53": 26.26045731479845, "54": 27.07888866492346, "55": 21.94712192401318, "56": 26.778162422538408, "57": 29.378804936578213, "58": 29.963309294726496, "59": 33.70178358968397, "60": 28.94993789770739, "61": 28.87596870889525, "62": 33.97790608279634, "63": 39.90099679315761, "64": 34.14652867318281, "65": 36.03159285023682, "66": 29.462904348865365, "67": 26.249234537469196, "68": 34.47069034999647, "69": 28.169284357927626, "70": 30.65947339529661, "71": 29.9877152978016, "72": 33.86405620283143, "73": 29.050099638899212, "74": 34.53357349193899, "75": 36.07085699257938 } }, "geometry": { "type": "Polygon", "coordinates": [ [ [ 142.875, -19.875 ], [ 142.875, -20.125 ], [ 141.625, -20.125 ], [ 141.625, -20.625 ], [ 141.375, -20.625 ], [ 141.375, -21.375 ], [ 143.125, -21.375 ], [ 143.125, -19.875 ], [ 142.875, -19.875 ] ] ] } },
{ "type": "Feature", "properties": { "cluster_id": 8, "cohesion": 6.3085869858795594, "distances": { "1": 25.68125634479446, "2": 25.17055665056584, "3": 26.62161975531927, "4": 21.822914945391112, "5": 18.924342539410794, "6": 16.676093532207734, "7": 12.281318105810797, "9": 12.489880908123734, "10": 15.51221400175176, "11": 17.634269402235724, "12": 12.844955961541327, "13": 19.373411254765855, "14": 12.36372240956093, "15": 14.281404099090448, "16": 19.29648724823057, "17": 23.915457540791394, "18": 22.087826750715198, "19": 20.197911300174894, "20": 23.867410152430637, "21": 25.048360621207667, "22": 40.14361673896805, "23": 39.71772964430734, "24": 42.355701653584894, "25": 42.780843584306346, "26": 45.86644163564906, "27": 38.900996508602915, "28": 38.43231567556204, "29": 43.37901210610944, "30": 45.65394016569628, "31": 42.88973678695503, "32": 31.614929768596618, "33": 37.42724963897607, "34": 34.93825951350635, "35": 43.50666271781074, "36": 41.56484962732089, "37": 38.67463837881261, "38": 41.50207233182501, "39": 44.40411723628107, "40": 35.65696494695913, "41": 42.985851330707064, "42": 40.331210815106985, "43": 44.09962105784571, "44": 44.361996672981164, "45": 40.903338995392986, "46": 37.90763589945116, "47": 35.64790197043745, "48": 36.840233648350534, "49": 38.85549219915189, "50": 41.410210071896714, "51": 28.43326900840909, "52": 28.862631070116347, "53": 27.222698677688832, "54": 26.929230820692073, "55": 20.219750734261194, "56": 26.03516860676253, "57": 28.727376598917353, "58": 28.232998246045117, "59": 35.46381709018248, "60": 30.420085687008466, "61": 29.035730067287286, "62": 28.97337911697382, "63": 35.39534740711898, "64": 32.10428263619533, "65": 33.973595474041694, "66": 25.663828813002862, "67": 20.173743355388556, "68": 28.10093937184728, "69": 20.49464821273883, "70": 29.93429211223391, "71": 28.075426806808895, "72": 30.98504623656199, "73": 23.24805357601868, "74": 28.906768910207113, "75": 31.954467150375727 } }, "geometry": { "type": "Polygon", "coordinates": [ [ [ 138.375, -20.375 ], [ 138.375, -20.625 ], [ 138.625, -20.625 ], [ 138.625, -21.375 ], [ 138.875, -21.375 ], [ 138.875, -21.875 ], [ 140.625, -21.875 ], [ 140.625, -21.625 ], [ 140.875, -21.625 ], [ 140.875, -21.875 ], [ 142.375, -21.875 ], [ 142.375, -21.375 ], [ 141.375, -21.375 ], [ 141.375, -21.125 ], [ 140.375, -21.125 ], [ 140.375, -20.875 ], [ 139.125, -20.875 ], [ 139.125, -20.625 ], [ 138.875, -20.625 ], [ 138.875, -20.375 ], [ 138.375, -20.375 ] ] ] } },
{ "type": "Feature", "properties": { "cluster_id": 9, "cohesion": 5.4460712654939654, "distances": { "1": 25.488703469196913, "2": 19.668686467407795, "3": 23.709345441371504, "4": 27.144741389569322, "5": 24.369884466072936, "6": 25.053152196214327, "7": 16.281866988938507, "8": 12.489880908123734, "10": 11.338032714400939, "11": 20.634508428916448, "12": 16.525289622864893, "13": 24.170859028431295, "14": 22.094885894637805, "15": 20.904387126434106, "16": 22.727382110033894, "17": 25.584860131993437, "18": 23.97174742525986, "19": 22.248971603892365, "20": 23.379411044848993, "21": 22.57659549436659, "22": 35.26771090725846, "23": 35.34921029956038, "24": 36.94377018967032, "25": 35.78390007991737, "26": 38.44452266480148, "27": 31.67076235573896, "28": 31.983628073458107, "29": 37.490781705162966, "30": 38.47639741269488, "31": 36.17660076515138, "32": 28.016742000793453, "33": 32.36203471747248, "34": 30.27312912831434, "35": 36.857037697567876, "36": 35.46597721971587, "37": 32.11107170896658, "38": 33.840585590701416, "39": 36.72365112301646, "40": 30.02470355824619, "41": 35.543336729013525, "42": 32.93610222526351, "43": 36.13039943097094, "44": 37.44173900659486, "45": 34.02462790232105, "46": 31.4521346919535, "47": 29.29578315772247, "48": 31.870267963941654, "49": 33.128881542906925, "50": 35.420865747465754, "51": 19.543524576198617, "52": 21.304369195228325, "53": 21.30524482063729, "54": 19.06896861805258, "55": 12.17710188564095, "56": 21.893317164424463, "57": 27.3305788807245, "58": 24.51522789402826, "59": 33.221275002172106, "60": 28.017896383008747, "61": 28.55146415119182, "62": 22.035026746011532, "63": 28.425236352570128, "64": 26.110897287591605, "65": 25.708078725600668, "66": 17.078170806806877, "67": 13.455965643076038, "68": 23.378937624478382, "69": 19.5789502831546, "70": 25.39236986865264, "71": 27.003060476080332, "72": 27.93424027953157, "73": 23.149261242102217, "74": 25.904685947604623, "75": 28.707249078935597 } }, "geometry": { "type": "Polygon", "coordinates": [ [ [ 140.625, -21.625 ], [ 140.625, -21.875 ], [ 140.125, -21.875 ], [ 140.125, -22.125 ], [ 140.375, -22.125 ], [ 140.375, -22.375 ], [ 140.625, -22.375 ], [ 140.625, -22.625 ], [ 141.125, -22.625 ], [ 141.125, -22.375 ], [ 141.625, -22.375 ], [ 141.625, -22.625 ], [ 141.875, -22.625 ], [ 141.875, -23.125 ], [ 142.125, -23.125 ], [ 142.125, -23.375 ], [ 142.875, -23.375 ], [ 142.875, -23.125 ], [ 143.125, -23.125 ], [ 143.125, -22.875 ], [ 143.375, -22.875 ], [ 143.375, -22.625 ], [ 143.125, -22.625 ], [ 143.125, -22.375 ], [ 142.875, -22.375 ], [ 142.875, -22.125 ], [ 142.625, -22.125 ], [ 142.625, -21.875 ], [ 140.875, -21.875 ], [ 140.875, -21.625 ], [ 140.625, -21.625 ] ] ] } },
{ "type": "Feature", "properties": { "cluster_id": 10, "cohesion": 5.6089658589220424, "distances": { "1": 18.403085891625967, "2": 13.761933059032168, "3": 16.894855388723865, "4": 22.29902415476751, "5": 21.71942992746608, "6": 23.03213204829113, "7": 11.243876168981709, "8": 15.512214001751762, "9": 11.338032714400937, "11": 24.72709644388085, "12": 22.619414869599186, "13": 23.87928251131765, "14": 23.771095052976694, "15": 23.824060455954417, "16": 25.018450385020902, "17": 25.971715806277444, "18": 19.975395237525806, "19": 20.40873856044121, "20": 23.435473611434784, "21": 21.82148370373982, "22": 36.116726541500526, "23": 33.36190829350073, "24": 36.2737833865625, "25": 35.097375873625424, "26": 39.18567648334798, "27": 36.25861020603343, "28": 35.16277960716114, "29": 38.90041238648864, "30": 40.5653859161262, "31": 39.462781491890155, "32": 26.135879044808526, "33": 33.02685358143546, "34": 29.649053933999745, "35": 37.50615769941533, "36": 37.38564789922006, "37": 31.872550176579427, "38": 33.73300157077509, "39": 38.236515839821756, "40": 34.60763076915135, "41": 38.79230065832292, "42": 37.29511872950268, "43": 37.75633431910836, "44": 39.984654940691655, "45": 37.083118815172696, "46": 33.66610128104558, "47": 30.476402696457995, "48": 34.406473503785186, "49": 35.420207394835614, "50": 38.58331409077899, "51": 19.010019682191576, "52": 18.173819930543374, "53": 20.86959468822233, "54": 20.13089815869373, "55": 15.539635448631227, "56": 23.159167892058644, "57": 27.862106424875325, "58": 26.436387620512022, "59": 31.24356835138399, "60": 26.362434004422525, "61": 28.01379580440682, "62": 28.626462295414036, "63": 34.02691269455352, "64": 29.029952575026847, "65": 29.08366389336346, "66": 23.030229436498015, "67": 21.58606445016306, "68": 30.323489857974224, "69": 26.53547722599027, "70": 26.07860358758797, "71": 28.10008392666274, "72": 30.251956366208383, "73": 27.683005515112974, "74": 30.99363881333486, "75": 32.22649832664385 } }, "geometry": { "type": "Polygon", "coordinates": [ [ [ 143.125, -20.125 ], [ 143.125, -21.375 ], [ 142.375, -21.375 ], [ 142.375, -21.875 ], [ 142.625, -21.875 ], [ 142.625, -22.125 ], [ 142.875, -22.125 ], [ 142.875, -22.375 ], [ 143.125, -22.375 ], [ 143.125, -22.625 ], [ 143.375, -22.625 ], [ 143.375, -22.125 ], [ 143.125, -22.125 ], [ 143.125, -21.625 ], [ 143.375, -21.625 ], [ 143.375, -21.375 ], [ 143.625, -21.375 ], [ 143.625, -20.625 ], [ 143.375, -20.625 ], [ 143.375, -20.125 ], [ 143.125, -20.125 ] ] ] } },
{ "type": "Feature", "properties": { "cluster_id": 11, "cohesion": 6.1054725229256164, "distances": { "1": 31.38539878431128, "2": 30.40167821503343, "3": 31.442681146520293, "4": 27.176346544468256, "5": 22.232404950087115, "6": 22.693940509824277, "7": 23.74909436989976, "8": 17.634269402235724, "9": 20.63450842891644, "10": 24.72709644388085, "12": 12.77717824523071, "13": 16.117970973955227, "14": 16.851648054332465, "15": 10.756745091861479, "16": 9.814497136922638, "17": 17.74483193575689, "18": 24.706881347964497, "19": 19.980566213154926, "20": 19.35766047676092, "21": 23.270064761500855, "22": 36.5259814167049, "23": 38.737855663147215, "24": 39.82594920314153, "25": 40.80967315196508, "26": 42.29955775330826, "27": 34.47535223343466, "28": 35.07539481576162, "29": 39.22978232558835, "30": 40.509994777554695, "31": 37.60607205429796, "32": 33.81891762621199, "33": 37.22332285672764, "34": 36.35991182300186, "35": 42.63834610602872, "36": 39.0487764413072, "37": 39.204787723919814, "38": 40.472637538537604, "39": 42.19179828641065, "40": 28.779651501560622, "41": 37.394989469876954, "42": 34.79012478263638, "43": 40.75904860427631, "44": 40.36255801585516, "45": 36.26608494773066, "46": 34.29721870579866, "47": 32.454182258878554, "48": 30.88461959354181, "49": 35.27178936848519, "50": 35.73514727286796, "51": 30.942095130213136, "52": 32.47810339575543, "53": 30.69202034801606, "54": 29.532724091059972, "55": 24.206967921195847, "56": 27.316426881755085, "57": 27.87065048519819, "58": 26.28650042437972, "59": 34.62127545436955, "60": 30.407265529394785, "61": 27.99218552807967, "62": 26.516678431160177, "63": 30.411927173992247, "64": 31.189055474010107, "65": 32.85087037843107, "66": 26.009156605369977, "67": 21.244123162190355, "68": 22.06082928698665, "69": 14.339038542909593, "70": 26.524411233943777, "71": 21.267083241535225, "72": 23.3742378312937, "73": 11.553385588948547, "74": 19.131192577537572, "75": 23.013773476972204 } }, "geometry": { "type": "Polygon", "coordinates": [ [ [ 129.875, -19.625 ], [ 129.875, -19.875 ], [ 128.875, -19.875 ], [ 128.875, -20.125 ], [ 128.125, -20.125 ], [ 128.125, -20.375 ], [ 128.625, -20.375 ], [ 128.625, -20.875 ], [ 128.875, -20.875 ], [ 128.875, -21.625 ], [ 129.875, -21.625 ], [ 129.875, -21.875 ], [ 130.125, -21.875 ], [ 130.125, -22.125 ], [ 130.875, -22.125 ], [ 130.875, -22.375 ], [ 131.625, -22.375 ], [ 131.625, -22.125 ], [ 132.875, -22.125 ], [ 132.875, -21.875 ], [ 132.125, -21.875 ], [ 132.125, -21.625 ], [ 131.375, -21.625 ], [ 131.375, -21.375 ], [ 131.125, -21.375 ], [ 131.125, -20.625 ], [ 130.875, -20.625 ], [ 130.875, -20.375 ], [ 130.625, -20.375 ], [ 130.625, -20.125 ], [ 130.375, -20.125 ], [ 130.375, -19.625 ], [ 129.875, -19.625 ] ] ] } },
{ "type": "Feature", "properties": { "cluster_id": 12, "cohesion": 7.1666618858215729, "distances": { "1": 31.206392518853146, "2": 29.862592920779562, "3": 31.42066923640212, "4": 28.051919980790238, "5": 24.27288843379406, "6": 22.87293007003422, "7": 21.299596978738244, "8": 12.844955961541327, "9": 16.525289622864893, "10": 22.619414869599186, "11": 12.777178245230708, "13": 21.412572108428474, "14": 14.38739840655853, "15": 11.732735128635133, "16": 17.477901537066835, "17": 24.171051947348765, "18": 26.340394518324075, "19": 23.455259738472805, "20": 24.74099385613904, "21": 26.288694674960293, "22": 39.09439087135874, "23": 41.097813279213106, "24": 42.531452612602806, "25": 43.14653841967149, "26": 44.880759056893694, "27": 35.30230777431278, "28": 36.59042061314765, "29": 41.86913838959268, "30": 43.29261877325556, "31": 39.597259456268716, "32": 33.93924272900064, "33": 37.50909181940658, "34": 36.254555029961715, "35": 43.421395535928795, "36": 40.29585448954352, "37": 39.54568494646448, "38": 41.87132028887455, "39": 43.324252780787035, "40": 30.92946227766651, "41": 39.67422512070522, "42": 36.088779014248885, "43": 42.675703727343375, "44": 42.13205926739044, "45": 37.97617323960411, "46": 36.56087966151514, "47": 35.339608649101336, "48": 34.60983286254669, "49": 37.28021059606758, "50": 38.371894324142666, "51": 30.956982243114368, "52": 32.173980318558634, "53": 29.993854896910182, "54": 29.352725043434386, "55": 22.871124649340107, "56": 27.37360207896016, "57": 29.584968996459516, "58": 27.86141234214172, "59": 37.010713914383395, "60": 31.61943244529997, "61": 30.105230074319284, "62": 24.49713669485504, "63": 30.350325876099966, "64": 31.491025962241014, "65": 33.2869224647632, "66": 24.198290061622085, "67": 17.338299471524117, "68": 21.23448433970793, "69": 12.279387211479321, "70": 30.255257289623316, "71": 27.226903059840556, "72": 28.891812950070868, "73": 17.95230086573163, "74": 23.09107844051953, "75": 28.0556870689436 } }, "geometry": { "type": "Polygon", "coordinates": [ [ [ 136.125, -20.875 ], [ 136.125, -21.125 ], [ 134.875, -21.125 ], [ 134.875, -21.375 ], [ 133.625, -21.375 ], [ 133.625, -21.125 ], [ 132.125, -21.125 ], [ 132.125, -21.875 ], [ 136.125, -21.875 ], [ 136.125, -22.125 ], [ 136.625, -22.125 ], [ 136.625, -21.875 ], [ 137.625, -21.875 ], [ 137.625, -22.125 ], [ 138.125, -22.125 ], [ 138.125, -22.375 ], [ 138.375, -22.375 ], [ 138.375, -22.625 ], [ 140.125, -22.625 ], [ 140.125, -22.375 ], [ 140.375, -22.375 ], [ 140.375, -22.125 ], [ 140.125, -22.125 ], [ 140.125, -21.875 ], [ 138.875, -21.875 ], [ 138.875, -21.375 ], [ 138.625, -21.375 ], [ 138.625, -21.125 ], [ 137.625, -21.125 ], [ 137.625, -20.875 ], [ 136.125, -20.875 ] ] ] } },
{ "type": "Feature", "properties": { "cluster_id": 13, "cohesion": 6.9615330663153552, "distances": { "1": 26.527482853515856, "2": 29.067010259210623, "3": 28.226947266946567, "4": 18.195001503537913, "5": 13.066092646880438, "6": 15.765712899308769, "7": 20.307439806211665, "8": 19.373411254765855, "9": 24.170859028431295, "10": 23.87928251131765, "11": 16.117970973955224, "12": 21.412572108428474, "14": 17.109349911182143, "15": 14.950664117416801, "16": 12.22806875795528, "17": 13.794047909098143, "18": 18.057804142392122, "19": 12.652795088904933, "20": 15.075498613251183, "21": 21.187469069865397, "22": 39.1076002523495, "23": 37.97647927790824, "24": 40.75760811531999, "25": 42.28237055693588, "26": 45.65662091879266, "27": 41.47406368315505, "28": 39.86715917635698, "29": 42.606296217709954, "30": 45.50166896397646, "31": 43.67617920700494, "32": 33.02272019271419, "33": 40.01284562733237, "34": 37.38504738633999, "35": 45.514512520963955, "36": 43.44787496153788, "37": 40.96648398816414, "38": 42.71943539311551, "39": 46.52408741837601, "40": 37.44507982308315, "41": 44.0460698617515, "42": 42.59282932513289, "43": 45.467882076348964, "44": 45.87734272873211, "45": 42.86223827052968, "46": 38.88615890023771, "47": 35.20857959571273, "48": 35.73436282819945, "49": 39.99255540893264, "50": 42.096173505449826, "51": 32.79625982381021, "52": 32.842138834688136, "53": 31.644947387914897, "54": 31.584472230130576, "55": 27.06968121237585, "56": 29.122490470239068, "57": 28.459153946665968, "58": 29.267551533259958, "59": 33.203273894480375, "60": 30.3013272641813, "61": 27.53247764461429, "62": 35.053011704221774, "63": 39.22156367418491, "64": 35.22840971435104, "65": 37.50430545158371, "66": 32.32753966821061, "67": 29.172036453856514, "68": 32.86737220414223, "69": 26.149647806366893, "70": 27.34796467831736, "71": 21.703952749230417, "72": 27.064259742137224, "73": 21.191629876344948, "74": 29.2451128681048, "75": 29.924738716547864 } }, "geometry": { "type": "Polygon", "coordinates": [ [ [ 128.125, -15.375 ], [ 128.125, -15.625 ], [ 127.875, -15.625 ], [ 127.875, -16.125 ], [ 128.125, -16.125 ], [ 128.125, -16.375 ], [ 127.875, -16.375 ], [ 127.875, -16.625 ], [ 127.625, -16.625 ], [ 127.625, -16.125 ], [ 127.125, -16.125 ], [ 127.125, -16.375 ], [ 126.875, -16.375 ], [ 126.875, -16.625 ], [ 126.625, -16.625 ], [ 126.625, -16.875 ], [ 126.375, -16.875 ], [ 126.375, -17.125 ], [ 126.125, -17.125 ], [ 126.125, -17.625 ], [ 125.875, -17.625 ], [ 125.875, -17.875 ], [ 125.375, -17.875 ], [ 125.375, -17.625 ], [ 125.625, -17.625 ], [ 125.625, -16.625 ], [ 125.875, -16.625 ], [ 125.875, -16.125 ], [ 125.625, -16.125 ], [ 125.625, -15.875 ], [ 125.375, -15.875 ], [ 125.375, -16.125 ], [ 125.125, -16.125 ], [ 125.125, -16.375 ], [ 124.625, -16.375 ], [ 124.625, -16.875 ], [ 124.875, -16.875 ], [ 124.875, -17.375 ], [ 124.625, -17.375 ], [ 124.625, -18.125 ], [ 124.875, -18.125 ], [ 124.875, -18.375 ], [ 125.625, -18.375 ], [ 125.625, -19.125 ], [ 125.875, -19.125 ], [ 125.875, -19.625 ], [ 127.125, -19.625 ], [ 127.125, -19.375 ], [ 127.375, -19.375 ], [ 127.375, -19.125 ], [ 127.625, -19.125 ], [ 127.625, -18.875 ], [ 128.125, -18.875 ], [ 128.125, -19.375 ], [ 128.375, -19.375 ], [ 128.375, -19.125 ], [ 128.625, -19.125 ], [ 128.625, -18.625 ], [ 128.375, -18.625 ], [ 128.375, -17.625 ], [ 128.625, -17.625 ], [ 128.625, -16.625 ], [ 128.875, -16.625 ], [ 128.875, -15.875 ], [ 128.375, -15.875 ], [ 128.375, -15.375 ], [ 128.125, -15.375 ] ] ] } },
{ "type": "Feature", "properties": { "cluster_id": 14, "cohesion": 5.7194552176550069, "distances": { "1": 28.776791287616042, "2": 32.12178295530164, "3": 31.52827261799591, "4": 20.344329427132735, "5": 17.373622182559252, "6": 12.816897351318083, "7": 17.151278284488846, "8": 12.363722409560932, "9": 22.094885894637798, "10": 23.771095052976694, "11": 16.851648054332465, "12": 14.387398406558532, "13": 17.109349911182143, "15": 10.49309590535747, "16": 17.786223657213753, "17": 23.919601617731978, "18": 23.168685030419024, "19": 21.121635257063836, "20": 25.985480365854496, "21": 28.845741516909232, "22": 44.83256107487425, "23": 44.30508709904327, "24": 47.44348517398529, "25": 48.99667337676745, "26": 52.20007059037012, "27": 44.97082689427445, "28": 44.248326137041396, "29": 48.62520302458005, "30": 51.57744890667834, "31": 48.499066782932545, "32": 36.34900895854949, "33": 42.93107454828474, "34": 40.328875486559916, "35": 49.91032032061664, "36": 47.47486642589364, "37": 45.146338491707404, "38": 48.390712737378614, "39": 51.257778131445114, "40": 40.7000866780204, "41": 49.062128863852635, "42": 46.3376594786094, "43": 50.90976551918972, "44": 50.57550305340403, "45": 46.97085948070253, "46": 43.96892080332624, "47": 41.679127963914844, "48": 41.67347741313499, "49": 44.47257491755823, "50": 46.8337678546515, "51": 36.75242028543187, "52": 36.54862669804155, "53": 34.13788795313836, "54": 34.82238513473769, "55": 28.468531115239927, "56": 31.57542276963964, "57": 31.910703788850366, "58": 32.90418123380667, "59": 38.706391934648046, "60": 34.03414161660487, "61": 31.39721073424373, "62": 35.22276156422871, "63": 41.22263046889701, "64": 38.13609283818217, "65": 41.224802350351474, "66": 33.284559130981656, "67": 27.466550259521895, "68": 32.770086398145466, "69": 23.38091102730011, "70": 34.828244981443774, "71": 30.05637987159244, "72": 34.31735419316153, "73": 24.42175825887743, "74": 32.083574428437, "75": 35.20294845330412 } }, "geometry": { "type": "Polygon", "coordinates": [ [ [ 131.125, -19.125 ], [ 131.125, -19.375 ], [ 131.375, -19.375 ], [ 131.375, -19.875 ], [ 131.625, -19.875 ], [ 131.625, -20.125 ], [ 131.875, -20.125 ], [ 131.875, -20.375 ], [ 132.125, -20.375 ], [ 132.125, -20.625 ], [ 134.625, -20.625 ], [ 134.625, -20.875 ], [ 137.625, -20.875 ], [ 137.625, -21.125 ], [ 138.625, -21.125 ], [ 138.625, -20.625 ], [ 138.375, -20.625 ], [ 138.375, -20.375 ], [ 138.625, -20.375 ], [ 138.625, -20.125 ], [ 138.375, -20.125 ], [ 138.375, -19.875 ], [ 138.125, -19.875 ], [ 138.125, -20.125 ], [ 137.625, -20.125 ], [ 137.625, -19.875 ], [ 137.125, -19.875 ], [ 137.125, -19.375 ], [ 135.875, -19.375 ], [ 135.875, -19.125 ], [ 134.875, -19.125 ], [ 134.875, -19.375 ], [ 132.875, -19.375 ], [ 132.875, -19.125 ], [ 131.125, -19.125 ] ] ] } },
{ "type": "Feature", "properties": { "cluster_id": 15, "cohesion": 7.6169591655490407, "distances": { "1": 29.596675275122042, "2": 30.90746402212581, "3": 31.07332463255776, "4": 23.065663989846147, "5": 18.855743463868077, "6": 17.213791394789464, "7": 19.98942506538154, "8": 14.281404099090448, "9": 20.904387126434102, "10": 23.824060455954417, "11": 10.756745091861477, "12": 11.732735128635134, "13": 14.950664117416801, "14": 10.49309590535747, "16": 12.885539858695058, "17": 20.274045063700694, "18": 23.073635847444145, "19": 19.55040616586193, "20": 22.139156463231384, "21": 25.567845637111795, "22": 40.77514990859569, "23": 41.51036762829043, "24": 43.743262927835936, "25": 45.04642936108377, "26": 47.51066786702251, "27": 39.888201776321644, "28": 39.80277752052616, "29": 44.13429337863143, "30": 46.368100684342565, "31": 43.292289488077536, "32": 34.89836347319172, "33": 40.08377084074308, "34": 38.24206925729682, "35": 46.371082569958574, "36": 43.42887881250193, "37": 42.16315412848165, "38": 44.528422005529904, "39": 46.886071919601484, "40": 34.993644485172524, "41": 43.53007166919357, "42": 40.77908276866455, "43": 46.06895777831192, "44": 45.718664163099824, "45": 41.84058330574828, "46": 39.36081281338079, "47": 37.29496620130876, "48": 36.63759365612411, "49": 40.085766027067386, "50": 41.63186079933097, "51": 33.80055600657687, "52": 34.321286846906375, "53": 32.1260415027123, "54": 32.04931365172925, "55": 26.1036643783042, "56": 29.13156525903243, "57": 29.587193316650712, "58": 29.443493926500967, "59": 36.51815637239468, "60": 31.970114346530277, "61": 29.362276298359884, "62": 30.72268360573682, "63": 35.88681923914714, "64": 34.575673520421425, "65": 37.140281557816905, "66": 29.528279685249114, "67": 24.034845035066994, "68": 27.318548590673455, "69": 18.2041406251176, "70": 30.82852554530415, "71": 25.722119066352395, "72": 29.19588908436024, "73": 18.321720486625406, "74": 25.97705615545329, "75": 29.565620044398216 } }, "geometry": { "type": "Polygon", "coordinates": [ [ [ 130.125, -18.875 ], [ 130.125, -19.125 ], [ 128.375, -19.125 ], [ 128.375, -19.625 ], [ 129.125, -19.625 ], [ 129.125, -19.875 ], [ 129.875, -19.875 ], [ 129.875, -19.625 ], [ 130.375, -19.625 ], [ 130.375, -20.125 ], [ 130.625, -20.125 ], [ 130.625, -20.375 ], [ 130.875, -20.375 ], [ 130.875, -20.625 ], [ 131.125, -20.625 ], [ 131.125, -21.375 ], [ 131.375, -21.375 ], [ 131.375, -21.625 ], [ 132.125, -21.625 ], [ 132.125, -21.125 ], [ 133.625, -21.125 ], [ 133.625, -21.375 ], [ 134.875, -21.375 ], [ 134.875, -21.125 ], [ 136.125, -21.125 ], [ 136.125, -20.875 ], [ 134.625, -20.875 ], [ 134.625, -20.625 ], [ 132.125, -20.625 ], [ 132.125, -20.375 ], [ 131.875, -20.375 ], [ 131.875, -20.125 ], [ 131.625, -20.125 ], [ 131.625, -19.875 ], [ 131.375, -19.875 ], [ 131.375, -19.375 ], [ 131.125, -19.375 ], [ 131.125, -19.125 ], [ 130.875, -19.125 ], [ 130.875, -18.875 ], [ 130.125, -18.875 ] ] ] } },
{ "type": "Feature", "properties": { "cluster_id": 16, "cohesion": 6.1203294704682429, "distances": { "1": 29.676584319249294, "2": 30.163866655353296, "3": 30.293827819925166, "4": 24.799058171237647, "5": 19.76240423712889, "6": 20.898261121377242, "7": 23.416197792699734, "8": 19.296487248230573, "9": 22.72738211003389, "10": 25.018450385020902, "11": 9.814497136922636, "12": 17.477901537066835, "13": 12.22806875795528, "14": 17.786223657213753, "15": 12.885539858695058, "17": 12.760753246042835, "18": 23.283627068705403, "19": 17.825110048466403, "20": 16.766417580239093, "21": 22.986161507472232, "22": 36.31312252240327, "23": 37.24132403249341, "24": 38.95158530041931, "25": 40.569410746384605, "26": 42.790662925109245, "27": 36.77619388517901, "28": 36.21808258602398, "29": 39.34544519693304, "30": 41.522789447269574, "31": 39.24798110176332, "32": 33.96456162624213, "33": 38.79076838051469, "34": 37.39983576245754, "35": 44.09290182831641, "36": 40.81161829730871, "37": 40.26069495842069, "38": 41.215533463305114, "39": 44.00040642201528, "40": 31.744163096192082, "41": 39.39885098662317, "42": 37.53362275041926, "43": 42.26972126599404, "44": 42.34532089235047, "45": 38.747115774324065, "46": 35.16767283048681, "47": 32.217445064128526, "48": 31.30982538137265, "49": 36.67596690683741, "50": 37.43334636723068, "51": 31.53395565359868, "52": 32.693828616326705, "53": 31.20798657089187, "54": 30.229325300028474, "55": 25.42473606262666, "56": 27.934587078985736, "57": 27.24021358844952, "58": 26.836532913890167, "59": 32.66607297585373, "60": 29.4626510188728, "61": 26.651887399459405, "62": 30.1923237206223, "63": 33.882393966789856, "64": 32.526628444337405, "65": 34.24451813728641, "66": 28.613203423567352, "67": 24.87960536271406, "68": 26.646418700502075, "69": 20.07718557726906, "70": 25.015187436629425, "71": 17.840597961724974, "72": 21.899397190637956, "73": 12.85417462661323, "74": 21.87459686063811, "75": 23.23077168572235 } }, "geometry": { "type": "Polygon", "coordinates": [ [ [ 127.625, -18.875 ], [ 127.625, -19.125 ], [ 127.375, -19.125 ], [ 127.375, -19.375 ], [ 127.125, -19.375 ], [ 127.125, -19.625 ], [ 125.875, -19.625 ], [ 125.875, -19.375 ], [ 125.375, -19.375 ], [ 125.375, -19.875 ], [ 125.625, -19.875 ], [ 125.625, -20.125 ], [ 125.875, -20.125 ], [ 125.875, -20.375 ], [ 125.125, -20.375 ], [ 125.125, -20.625 ], [ 125.375, -20.625 ], [ 125.375, -20.875 ], [ 125.125, -20.875 ], [ 125.125, -21.125 ], [ 125.375, -21.125 ], [ 125.375, -21.375 ], [ 126.375, -21.375 ], [ 126.375, -21.625 ], [ 126.875, -21.625 ], [ 126.875, -21.375 ], [ 127.625, -21.375 ], [ 127.625, -21.625 ], [ 127.875, -21.625 ], [ 127.875, -21.375 ], [ 128.125, -21.375 ], [ 128.125, -21.125 ], [ 128.375, -21.125 ], [ 128.375, -20.875 ], [ 128.625, -20.875 ], [ 128.625, -20.375 ], [ 128.125, -20.375 ], [ 128.125, -20.125 ], [ 128.875, -20.125 ], [ 128.875, -19.875 ], [ 129.125, -19.875 ], [ 129.125, -19.625 ], [ 128.375, -19.625 ], [ 128.375, -19.375 ], [ 128.125, -19.375 ], [ 128.125, -18.875 ], [ 127.625, -18.875 ] ] ] } },
{ "type": "Feature", "properties": { "cluster_id": 17, "cohesion": 8.2260584931764207, "distances": { "1": 28.171349547318282, "2": 28.919197044473677, "3": 28.467336932226537, "4": 24.977152331490775, "5": 20.73605359365389, "6": 23.929257979863063, "7": 25.45085014015883, "8": 23.915457540791394, "9": 25.584860131993437, "10": 25.97171580627745, "11": 17.744831935756885, "12": 24.171051947348765, "13": 13.794047909098147, "14": 23.919601617731978, "15": 20.274045063700694, "16": 12.760753246042835, "18": 22.45339769819458, "19": 17.156687327537156, "20": 12.737992547120971, "21": 20.984844463957057, "22": 33.50793207541383, "23": 33.22170364909116, "24": 35.41516912085735, "25": 37.449906817021834, "26": 40.33064014228977, "27": 36.8687586995237, "28": 35.15254040802744, "29": 36.845875202229955, "30": 39.80758325646258, "31": 38.379767192497006, "32": 32.04727526093668, "33": 37.663089048425036, "34": 36.007497095300046, "35": 42.283640572557104, "36": 39.5124436456087, "37": 38.36872754860175, "38": 38.942960470821184, "39": 42.67072643413472, "40": 32.94355024910774, "41": 38.75847691957971, "42": 37.79921232936641, "43": 40.85537470628, "44": 41.30441495540603, "45": 38.60433503219679, "46": 32.82571723302405, "47": 28.52851179091105, "48": 29.115492786504568, "49": 35.106384001281626, "50": 36.52167776490116, "51": 30.59720758368118, "52": 31.19354794095301, "53": 30.189438355321002, "54": 29.917866443373217, "55": 26.661612145371137, "56": 27.1393453834223, "57": 25.330602213242834, "58": 25.658467191445187, "59": 28.727541223602536, "60": 26.71211878994673, "61": 24.081412491655573, "62": 32.4803082482793, "63": 35.30915897392082, "64": 31.9107314478404, "65": 33.77532400045679, "66": 30.25705705923972, "67": 28.26412786711246, "68": 30.253056850569713, "69": 25.91856371292247, "70": 20.04730382801849, "71": 12.313195020605798, "72": 18.80204700240862, "73": 17.811162168689528, "74": 24.99270543725659, "75": 23.114001730425958 } }, "geometry": { "type": "Polygon", "coordinates": [ [ [ 124.375, -16.375 ], [ 124.375, -16.625 ], [ 123.875, -16.625 ], [ 123.875, -17.125 ], [ 123.625, -17.125 ], [ 123.625, -17.375 ], [ 123.375, -17.375 ], [ 123.375, -17.625 ], [ 123.125, -17.625 ], [ 123.125, -17.875 ], [ 122.625, -17.875 ], [ 122.625, -17.375 ], [ 122.875, -17.375 ], [ 122.875, -17.125 ], [ 123.125, -17.125 ], [ 123.125, -16.875 ], [ 122.625, -16.875 ], [ 122.625, -17.125 ], [ 122.375, -17.125 ], [ 122.375, -18.125 ], [ 121.875, -18.125 ], [ 121.875, -18.375 ], [ 121.625, -18.375 ], [ 121.625, -18.625 ], [ 121.375, -18.625 ], [ 121.375, -18.875 ], [ 121.125, -18.875 ], [ 121.125, -19.125 ], [ 120.875, -19.125 ], [ 120.875, -19.375 ], [ 120.625, -19.375 ], [ 120.625, -19.625 ], [ 120.375, -19.625 ], [ 120.375, -19.875 ], [ 119.625, -19.875 ], [ 119.625, -20.125 ], [ 119.125, -20.125 ], [ 119.125, -20.375 ], [ 118.625, -20.375 ], [ 118.625, -21.375 ], [ 119.125, -21.375 ], [ 119.125, -21.125 ], [ 119.625, -21.125 ], [ 119.625, -21.375 ], [ 120.375, -21.375 ], [ 120.375, -21.125 ], [ 120.625, -21.125 ], [ 120.625, -20.875 ], [ 121.125, -20.875 ], [ 121.125, -20.625 ], [ 122.375, -20.625 ], [ 122.375, -20.875 ], [ 122.625, -20.875 ], [ 122.625, -21.125 ], [ 123.125, -21.125 ], [ 123.125, -21.375 ], [ 124.125, -21.375 ], [ 124.125, -21.125 ], [ 125.125, -21.125 ], [ 125.125, -20.875 ], [ 125.375, -20.875 ], [ 125.375, -20.625 ], [ 125.125, -20.625 ], [ 125.125, -20.375 ], [ 125.875, -20.375 ], [ 125.875, -20.125 ], [ 125.625, -20.125 ], [ 125.625, -19.875 ], [ 125.375, -19.875 ], [ 125.375, -19.375 ], [ 125.875, -19.375 ], [ 125.875, -19.125 ], [ 125.625, -19.125 ], [ 125.625, -18.375 ], [ 124.875, -18.375 ], [ 124.875, -18.125 ], [ 124.625, -18.125 ], [ 124.625, -17.375 ], [ 124.875, -17.375 ], [ 124.875, -16.875 ], [ 124.625, -16.875 ], [ 124.625, -16.375 ], [ 124.375, -16.375 ] ] ] } },
{ "type": "Feature", "properties": { "cluster_id": 18, "cohesion": 7.9707431067182677, "distances": { "1": 18.61031585876883, "2": 21.90519768571159, "3": 19.95115848853079, "4": 13.437887213213756, "5": 13.923162766681813, "6": 19.28927400940241, "7": 18.09122077146302, "8": 22.087826750715198, "9": 23.971747425259856, "10": 19.975395237525806, "11": 24.706881347964494, "12": 26.340394518324075, "13": 18.057804142392126, "14": 23.16868503041902, "15": 23.07363584744414, "16": 23.283627068705403, "17": 22.45339769819458, "19": 12.533698118449504, "20": 18.86517971281787, "21": 16.085946900114124, "22": 37.39348046349, "23": 33.76940803961461, "24": 37.50055664207739, "25": 37.76949441939979, "26": 42.18865143435667, "27": 41.19422002968071, "28": 39.174976118306105, "29": 41.05297725894118, "30": 43.49235628038802, "31": 42.67125248136824, "32": 26.147194588951432, "33": 34.5535769074571, "34": 30.8691564989715, "35": 40.055274194773865, "36": 39.58793844664452, "37": 34.89964615654541, "38": 37.36682027362063, "39": 41.94797476294734, "40": 37.717321176221624, "41": 42.518852817487534, "42": 41.656790538017646, "43": 41.786790814251624, "44": 42.7834332972885, "45": 40.27342400032709, "46": 36.86303512324694, "47": 33.514982980516926, "48": 35.716710132941216, "49": 37.480949933429855, "50": 40.78018107124594, "51": 28.70609254632048, "52": 26.195395081195468, "53": 26.32918948313091, "54": 28.652357501624447, "55": 25.914561455161376, "56": 26.385632238656353, "57": 27.849813044441483, "58": 28.34639038427622, "59": 30.212618379105436, "60": 25.96790474460363, "61": 26.57141179953235, "62": 35.06429473361748, "63": 39.06715946553969, "64": 33.48556037867194, "65": 35.94833729965176, "66": 31.83213583136987, "67": 30.187524726000618, "68": 34.91442405752662, "69": 30.168395024266587, "70": 27.309329305063944, "71": 26.744200206352417, "72": 30.532337102842746, "73": 28.339331586363073, "74": 33.00138162265485, "75": 33.0662840888089 } }, "geometry": { "type": "MultiPolygon", "coordinates": [ [ [ [ 129.875, -13.875 ], [ 129.875, -13.625 ], [ 130.125, -13.625 ], [ 130.125, -13.875 ], [ 129.875, -13.875 ] ] ], [ [ [ 133.375, -13.875 ], [ 133.375, -13.625 ], [ 133.625, -13.625 ], [ 133.625, -13.875 ], [ 133.375, -13.875 ] ] ], [ [ [ 130.125, -13.625 ], [ 130.125, -13.375 ], [ 130.375, -13.375 ], [ 130.375, -13.625 ], [ 130.125, -13.625 ] ] ], [ [ [ 134.125, -13.375 ], [ 134.125, -13.625 ], [ 133.625, -13.625 ], [ 133.625, -13.375 ], [ 133.875, -13.375 ], [ 133.875, -13.125 ], [ 134.375, -13.125 ], [ 134.375, -13.375 ], [ 134.125, -13.375 ] ] ], [ [ [ 135.375, -13.125 ], [ 135.625, -13.125 ], [ 135.625, -13.375 ], [ 135.375, -13.375 ], [ 135.375, -13.125 ] ] ], [ [ [ 135.875, -12.375 ], [ 135.625, -12.375 ], [ 135.625, -12.125 ], [ 133.875, -12.125 ], [ 133.875, -11.875 ], [ 133.125, -11.875 ], [ 133.125, -12.375 ], [ 132.625, -12.375 ], [ 132.625, -12.625 ], [ 132.125, -12.625 ], [ 132.125, -12.875 ], [ 131.125, -12.875 ], [ 131.125, -13.125 ], [ 130.625, -13.125 ], [ 130.625, -13.375 ], [ 130.375, -13.375 ], [ 130.375, -12.875 ], [ 130.625, -12.875 ], [ 130.625, -12.625 ], [ 131.125, -12.625 ], [ 131.125, -12.375 ], [ 132.375, -12.375 ], [ 132.375, -12.125 ], [ 131.625, -12.125 ], [ 131.625, -11.875 ], [ 132.125, -11.875 ], [ 132.125, -11.625 ], [ 132.375, -11.625 ], [ 132.375, -11.375 ], [ 132.625, -11.375 ], [ 132.625, -11.125 ], [ 133.125, -11.125 ], [ 133.125, -11.375 ], [ 133.875, -11.375 ], [ 133.875, -11.625 ], [ 134.875, -11.625 ], [ 134.875, -11.875 ], [ 135.375, -11.875 ], [ 135.375, -11.625 ], [ 135.625, -11.625 ], [ 135.625, -11.875 ], [ 136.625, -11.875 ], [ 136.625, -12.125 ], [ 136.875, -12.125 ], [ 136.875, -12.375 ], [ 137.125, -12.375 ], [ 137.125, -12.625 ], [ 136.875, -12.625 ], [ 136.875, -13.125 ], [ 136.625, -13.125 ], [ 136.625, -13.375 ], [ 136.375, -13.375 ], [ 136.375, -13.625 ], [ 135.875, -13.625 ], [ 135.875, -13.125 ], [ 135.625, -13.125 ], [ 135.625, -12.875 ], [ 135.875, -12.875 ], [ 135.875, -12.375 ] ] ], [ [ [ 131.625, -11.125 ], [ 131.625, -11.375 ], [ 131.875, -11.375 ], [ 131.875, -11.625 ], [ 131.625, -11.625 ], [ 131.625, -11.875 ], [ 130.875, -11.875 ], [ 130.875, -11.375 ], [ 131.125, -11.375 ], [ 131.125, -10.875 ], [ 131.375, -10.875 ], [ 131.375, -11.125 ], [ 131.625, -11.125 ] ] ], [ [ [ 130.375, -11.125 ], [ 130.375, -10.875 ], [ 130.625, -10.875 ], [ 130.625, -11.125 ], [ 130.375, -11.125 ] ] ] ] } },
{ "type": "Feature", "properties": { "cluster_id": 19, "cohesion": 9.5177935382956154, "distances": { "1": 22.055630978430944, "2": 23.891188185531767, "3": 22.921994611754357, "4": 16.22079863085858, "5": 12.627947047488556, "6": 18.34507965721616, "7": 18.76623550728618, "8": 20.197911300174894, "9": 22.24897160389236, "10": 20.40873856044121, "11": 19.980566213154926, "12": 23.455259738472805, "13": 12.652795088904933, "14": 21.121635257063836, "15": 19.55040616586193, "16": 17.825110048466403, "17": 17.156687327537156, "18": 12.533698118449504, "20": 13.932793030680894, "21": 15.834052399414873, "22": 35.94460085069401, "23": 33.75749231761216, "24": 36.74047075249606, "25": 37.47549847086071, "26": 41.26572044765745, "27": 38.700153254678966, "28": 36.90148198915634, "29": 39.289444962666174, "30": 41.76086251109755, "31": 40.535978984843595, "32": 27.894996411820998, "33": 35.46773962017653, "34": 32.38097810528543, "35": 40.64923974045209, "36": 39.40361739054508, "37": 35.77834988479407, "38": 37.55171843460021, "39": 41.82080953619385, "40": 35.30436356911168, "41": 40.56172614203726, "42": 39.48158639014734, "43": 40.98224536199915, "44": 41.97952173715046, "45": 39.183943613966264, "46": 35.387637474093125, "47": 31.656938962893335, "48": 33.393197321698025, "49": 36.52223776532597, "50": 39.14396506814597, "51": 28.12711217965135, "52": 27.42315435443593, "53": 26.951952366606054, "54": 27.50331352757918, "55": 24.033568031967892, "56": 25.618788387193742, "57": 26.40158971736005, "58": 26.537968434465817, "59": 29.99974965678876, "60": 26.52224262048088, "61": 25.591879930330016, "62": 32.82169605161988, "63": 36.71817228043086, "64": 31.92012023767714, "65": 33.89112701087648, "66": 29.581444978266017, "67": 27.68970737463809, "68": 31.96358471478326, "69": 26.953000708278317, "70": 24.66032627872468, "71": 22.423277299368156, "72": 26.62184685147852, "73": 23.541780853899418, "74": 29.284203474771022, "75": 29.461816544988924 } }, "geometry": { "type": "MultiPolygon", "coordinates": [ [ [ [ 127.625, -14.125 ], [ 127.625, -14.375 ], [ 127.375, -14.375 ], [ 127.375, -15.125 ], [ 127.125, -15.125 ], [ 127.125, -15.625 ], [ 126.875, -15.625 ], [ 126.875, -15.875 ], [ 127.875, -15.875 ], [ 127.875, -16.125 ], [ 128.125, -16.125 ], [ 128.125, -16.375 ], [ 127.875, -16.375 ], [ 127.875, -16.625 ], [ 127.625, -16.625 ], [ 127.625, -16.125 ], [ 127.125, -16.125 ], [ 127.125, -16.375 ], [ 126.875, -16.375 ], [ 126.875, -16.625 ], [ 126.625, -16.625 ], [ 126.625, -16.875 ], [ 126.375, -16.875 ], [ 126.375, -17.125 ], [ 126.125, -17.125 ], [ 126.125, -16.875 ], [ 125.625, -16.875 ], [ 125.625, -16.625 ], [ 125.875, -16.625 ], [ 125.875, -16.125 ], [ 125.625, -16.125 ], [ 125.625, -15.875 ], [ 125.375, -15.875 ], [ 125.375, -16.125 ], [ 125.125, -16.125 ], [ 125.125, -16.375 ], [ 124.625, -16.375 ], [ 124.625, -15.625 ], [ 124.875, -15.625 ], [ 124.875, -15.375 ], [ 125.125, -15.375 ], [ 125.125, -15.125 ], [ 125.375, -15.125 ], [ 125.375, -14.875 ], [ 125.625, -14.875 ], [ 125.625, -14.625 ], [ 125.875, -14.625 ], [ 125.875, -14.375 ], [ 126.125, -14.375 ], [ 126.125, -14.125 ], [ 126.625, -14.125 ], [ 126.625, -13.875 ], [ 127.375, -13.875 ], [ 127.375, -14.125 ], [ 127.625, -14.125 ] ] ], [ [ [ 127.875, -15.625 ], [ 127.875, -15.375 ], [ 128.125, -15.375 ], [ 128.125, -15.625 ], [ 127.875, -15.625 ] ] ], [ [ [ 128.125, -15.125 ], [ 128.375, -15.125 ], [ 128.375, -15.375 ], [ 128.125, -15.375 ], [ 128.125, -15.125 ] ] ], [ [ [ 128.625, -15.125 ], [ 128.375, -15.125 ], [ 128.375, -14.875 ], [ 128.625, -14.875 ], [ 128.625, -15.125 ] ] ], [ [ [ 136.125, -13.625 ], [ 136.125, -13.875 ], [ 136.375, -13.875 ], [ 136.375, -14.125 ], [ 136.125, -14.125 ], [ 136.125, -14.375 ], [ 135.875, -14.375 ], [ 135.875, -14.875 ], [ 136.125, -14.875 ], [ 136.125, -15.125 ], [ 135.375, -15.125 ], [ 135.375, -14.875 ], [ 134.625, -14.875 ], [ 134.625, -15.125 ], [ 134.375, -15.125 ], [ 134.375, -15.375 ], [ 134.125, -15.375 ], [ 134.125, -15.625 ], [ 133.875, -15.625 ], [ 133.875, -15.375 ], [ 132.875, -15.375 ], [ 132.875, -15.125 ], [ 132.625, -15.125 ], [ 132.625, -14.625 ], [ 132.875, -14.625 ], [ 132.875, -14.375 ], [ 133.125, -14.375 ], [ 133.125, -14.125 ], [ 133.375, -14.125 ], [ 133.375, -13.875 ], [ 133.625, -13.875 ], [ 133.625, -13.625 ], [ 134.125, -13.625 ], [ 134.125, -13.375 ], [ 134.375, -13.375 ], [ 134.375, -14.125 ], [ 134.875, -14.125 ], [ 134.875, -13.875 ], [ 135.125, -13.875 ], [ 135.125, -13.625 ], [ 135.375, -13.625 ], [ 135.375, -13.375 ], [ 135.625, -13.375 ], [ 135.625, -13.125 ], [ 135.875, -13.125 ], [ 135.875, -13.625 ], [ 136.125, -13.625 ] ] ], [ [ [ 129.625, -14.125 ], [ 129.625, -14.875 ], [ 128.625, -14.875 ], [ 128.625, -14.625 ], [ 129.375, -14.625 ], [ 129.375, -14.375 ], [ 129.125, -14.375 ], [ 129.125, -14.125 ], [ 129.375, -14.125 ], [ 129.375, -13.875 ], [ 129.625, -13.875 ], [ 129.625, -13.625 ], [ 129.875, -13.625 ], [ 129.875, -14.125 ], [ 129.625, -14.125 ] ] ], [ [ [ 129.875, -13.375 ], [ 130.125, -13.375 ], [ 130.125, -13.625 ], [ 129.875, -13.625 ], [ 129.875, -13.375 ] ] ], [ [ [ 130.375, -13.375 ], [ 130.125, -13.375 ], [ 130.125, -13.125 ], [ 130.375, -13.125 ], [ 130.375, -13.375 ] ] ] ] } },
{ "type": "Feature", "properties": { "cluster_id": 20, "cohesion": 8.2306609211844854, "distances": { "1": 27.212458270500772, "2": 25.268734799484, "3": 26.26827277862725, "4": 24.52440326629251, "5": 20.198384622349888, "6": 25.29220908987532, "7": 24.63171736849017, "8": 23.867410152430637, "9": 23.379411044848993, "10": 23.435473611434784, "11": 19.357660476760923, "12": 24.74099385613904, "13": 15.075498613251183, "14": 25.985480365854496, "15": 22.139156463231384, "16": 16.766417580239093, "17": 12.737992547120971, "18": 18.86517971281787, "19": 13.932793030680894, "21": 13.837351500173765, "22": 31.012501639693415, "23": 30.6904385876454, "24": 32.410810207656, "25": 33.10320237966462, "26": 35.90071944619634, "27": 33.6516782857997, "28": 32.07677616441854, "29": 33.95306176941988, "30": 35.967823128666964, "31": 34.9427015441257, "32": 27.62312181335396, "33": 32.42119324213836, "34": 30.852297390025022, "35": 36.54396231556264, "36": 34.44120440172903, "37": 32.85365935739155, "38": 33.518103328981105, "39": 37.05128996711743, "40": 29.812973378605633, "41": 34.81181896291419, "42": 34.1143466837886, "43": 35.86150834789727, "44": 36.25052559192355, "45": 33.92154722798461, "46": 29.003166535459997, "47": 25.395541492584016, "48": 26.508819488582528, "49": 30.781030989111965, "50": 32.76055415560623, "51": 25.891203702031202, "52": 26.502445591847795, "53": 25.706436169212154, "54": 25.549212927917637, "55": 23.32300488239769, "56": 23.753525414085004, "57": 24.115147972427476, "58": 22.96729625236786, "59": 27.666480945067647, "60": 24.84761701404605, "61": 23.60020839806448, "62": 29.73147799063221, "63": 32.147489820178876, "64": 28.398396478374774, "65": 29.854262357413685, "66": 27.125083397775274, "67": 26.292830933110775, "68": 28.340439843772632, "69": 25.28062128972357, "70": 18.377257658330112, "71": 15.678458713229059, "72": 19.469727808561515, "73": 19.620582873613124, "74": 24.1754778021925, "75": 23.07941900708805 } }, "geometry": { "type": "MultiPolygon", "coordinates": [ [ [ [ 126.125, -16.875 ], [ 126.125, -17.625 ], [ 125.875, -17.625 ], [ 125.875, -17.875 ], [ 125.375, -17.875 ], [ 125.375, -17.625 ], [ 125.625, -17.625 ], [ 125.625, -16.875 ], [ 126.125, -16.875 ] ] ], [ [ [ 124.625, -16.375 ], [ 124.375, -16.375 ], [ 124.375, -16.625 ], [ 123.875, -16.625 ], [ 123.875, -17.125 ], [ 123.625, -17.125 ], [ 123.625, -17.375 ], [ 123.375, -17.375 ], [ 123.375, -17.625 ], [ 123.125, -17.625 ], [ 123.125, -17.875 ], [ 122.625, -17.875 ], [ 122.625, -17.375 ], [ 122.875, -17.375 ], [ 122.875, -17.125 ], [ 123.125, -17.125 ], [ 123.125, -16.875 ], [ 122.625, -16.875 ], [ 122.625, -17.125 ], [ 122.375, -17.125 ], [ 122.375, -18.125 ], [ 122.125, -18.125 ], [ 122.125, -17.875 ], [ 121.875, -17.875 ], [ 121.875, -17.125 ], [ 122.125, -17.125 ], [ 122.125, -16.875 ], [ 122.375, -16.875 ], [ 122.375, -16.625 ], [ 122.625, -16.625 ], [ 122.625, -16.375 ], [ 123.625, -16.375 ], [ 123.625, -16.125 ], [ 124.375, -16.125 ], [ 124.375, -15.875 ], [ 124.625, -15.875 ], [ 124.625, -16.375 ] ] ], [ [ [ 128.375, -14.625 ], [ 128.625, -14.625 ], [ 128.625, -14.875 ], [ 128.375, -14.875 ], [ 128.375, -15.125 ], [ 128.125, -15.125 ], [ 128.125, -15.375 ], [ 127.875, -15.375 ], [ 127.875, -15.875 ], [ 126.875, -15.875 ], [ 126.875, -15.625 ], [ 127.125, -15.625 ], [ 127.125, -15.125 ], [ 127.375, -15.125 ], [ 127.375, -14.375 ], [ 128.375, -14.375 ], [ 128.375, -14.625 ] ] ] ] } },
{ "type": "Feature", "properties": { "cluster_id": 21, "cohesion": 8.2888809823311895, "distances": { "1": 26.202532132898703, "2": 21.723107753138372, "3": 24.007807919899047, "4": 25.32992173699014, "5": 22.668645968327105, "6": 28.1920463042177, "7": 24.698342252149533, "8": 25.048360621207667, "9": 22.57659549436659, "10": 21.82148370373982, "11": 23.270064761500855, "12": 26.288694674960297, "13": 21.187469069865397, "14": 28.84574151690924, "15": 25.567845637111795, "16": 22.986161507472232, "17": 20.984844463957053, "18": 16.085946900114124, "19": 15.834052399414873, "20": 13.837351500173767, "22": 31.029335474095323, "23": 30.338461908696708, "24": 31.75618088649091, "25": 30.31214795469225, "26": 32.829031405670875, "27": 32.45914942402218, "28": 31.56226555852747, "29": 33.54925781043644, "30": 33.761063458276475, "31": 33.47746569796779, "32": 23.055824174917586, "33": 26.027060104447003, "34": 24.843657052439433, "35": 30.187784666831508, "36": 28.844229706048885, "37": 27.046099639726307, "38": 28.538430631691874, "39": 31.232077694990853, "40": 27.518656500067383, "41": 32.1101135691424, "42": 31.715236018825394, "43": 31.37157380720648, "44": 31.158406530183917, "45": 29.24433953413899, "46": 26.205946702575602, "47": 24.434392575867257, "48": 25.28050613985571, "49": 26.543485556423466, "50": 29.399901070805615, "51": 22.73035039205073, "52": 22.04552246980972, "53": 22.017381332297877, "54": 23.225006206967162, "55": 22.119436960244396, "56": 22.260216505957573, "57": 25.598554390709214, "58": 22.869951476881987, "59": 28.803920285578666, "60": 24.011734004905254, "61": 25.428541437826123, "62": 28.071312732090398, "63": 30.15559356570207, "64": 26.987513650424216, "65": 28.125606798269494, "66": 25.619592682142024, "67": 25.544501336955463, "68": 27.534477490784983, "69": 25.810645420510937, "70": 20.077935836801135, "71": 21.891922576680688, "72": 22.700143128667253, "73": 23.39359251384893, "74": 24.91657308128504, "75": 24.628415189843487 } }, "geometry": { "type": "MultiPolygon", "coordinates": [ [ [ [ 123.375, -16.375 ], [ 123.375, -16.125 ], [ 123.625, -16.125 ], [ 123.625, -16.375 ], [ 123.375, -16.375 ] ] ], [ [ [ 125.875, -14.625 ], [ 125.625, -14.625 ], [ 125.625, -14.875 ], [ 125.375, -14.875 ], [ 125.375, -15.125 ], [ 125.125, -15.125 ], [ 125.125, -15.375 ], [ 124.875, -15.375 ], [ 124.875, -15.625 ], [ 124.625, -15.625 ], [ 124.625, -15.875 ], [ 124.375, -15.875 ], [ 124.375, -16.125 ], [ 123.625, -16.125 ], [ 123.625, -15.875 ], [ 124.125, -15.875 ], [ 124.125, -15.625 ], [ 124.375, -15.625 ], [ 124.375, -15.375 ], [ 124.625, -15.375 ], [ 124.625, -15.125 ], [ 124.875, -15.125 ], [ 124.875, -14.625 ], [ 125.125, -14.625 ], [ 125.125, -14.375 ], [ 125.375, -14.375 ], [ 125.375, -14.125 ], [ 126.125, -14.125 ], [ 126.125, -14.375 ], [ 125.875, -14.375 ], [ 125.875, -14.625 ] ] ], [ [ [ 126.625, -14.125 ], [ 126.125, -14.125 ], [ 126.125, -13.875 ], [ 126.625, -13.875 ], [ 126.625, -14.125 ] ] ], [ [ [ 127.875, -13.875 ], [ 127.875, -14.125 ], [ 128.125, -14.125 ], [ 128.125, -14.375 ], [ 127.625, -14.375 ], [ 127.625, -14.125 ], [ 127.375, -14.125 ], [ 127.375, -13.875 ], [ 126.625, -13.875 ], [ 126.625, -13.625 ], [ 127.625, -13.625 ], [ 127.625, -13.875 ], [ 127.875, -13.875 ] ] ], [ [ [ 129.375, -13.875 ], [ 129.375, -13.625 ], [ 129.625, -13.625 ], [ 129.625, -13.875 ], [ 129.375, -13.875 ] ] ], [ [ [ 129.625, -13.375 ], [ 129.875, -13.375 ], [ 129.875, -13.625 ], [ 129.625, -13.625 ], [ 129.625, -13.375 ] ] ], [ [ [ 130.125, -12.375 ], [ 130.375, -12.375 ], [ 130.375, -11.875 ], [ 130.125, -11.875 ], [ 130.125, -11.625 ], [ 129.875, -11.625 ], [ 129.875, -11.375 ], [ 130.125, -11.375 ], [ 130.125, -11.125 ], [ 131.125, -11.125 ], [ 131.125, -11.375 ], [ 130.875, -11.375 ], [ 130.875, -11.875 ], [ 131.625, -11.875 ], [ 131.625, -12.125 ], [ 132.375, -12.125 ], [ 132.375, -12.375 ], [ 131.125, -12.375 ], [ 131.125, -12.625 ], [ 130.625, -12.625 ], [ 130.625, -12.875 ], [ 130.375, -12.875 ], [ 130.375, -13.125 ], [ 130.125, -13.125 ], [ 130.125, -13.375 ], [ 129.875, -13.375 ], [ 129.875, -12.625 ], [ 130.125, -12.625 ], [ 130.125, -12.375 ] ], [ [ 130.625, -11.875 ], [ 130.625, -12.125 ], [ 130.875, -12.125 ], [ 130.875, -11.875 ], [ 130.625, -11.875 ] ] ] ] } },
{ "type": "Feature", "properties": { "cluster_id": 22, "cohesion": 8.1220478376047449, "distances": { "1": 37.711049798453395, "2": 33.31210982008317, "3": 34.31971243646787, "4": 43.61247128959111, "5": 41.54357093856844, "6": 45.48815740978432, "7": 40.909604829429284, "8": 40.14361673896805, "9": 35.26771090725846, "10": 36.11672654150053, "11": 36.5259814167049, "12": 39.09439087135875, "13": 39.10760025234949, "14": 44.832561074874256, "15": 40.77514990859569, "16": 36.31312252240327, "17": 33.50793207541383, "18": 37.39348046349, "19": 35.944600850694, "20": 31.01250163969342, "21": 31.029335474095323, "23": 15.556044284465203, "24": 12.986827826642239, "25": 20.50471262326367, "26": 22.19669258152571, "27": 22.015981449916357, "28": 17.434758382351944, "29": 10.762680639389451, "30": 20.645840839027823, "31": 17.94250450779457, "32": 31.953846729426587, "33": 36.01318835001717, "34": 34.66979834286038, "35": 35.50412337945063, "36": 34.557906193391226, "37": 32.175190491290216, "38": 27.503528155976102, "39": 32.00350836073284, "40": 28.384310853779034, "41": 24.71178881520891, "42": 25.66864606837032, "43": 27.611877860479755, "44": 31.9792595409925, "45": 29.18753699548112, "46": 28.249684300387322, "47": 24.76749588568108, "48": 28.551106117266496, "49": 32.308800230526415, "50": 29.8499320637441, "51": 28.73823098540748, "52": 30.592081170988937, "53": 29.047899285887986, "54": 29.405734501220415, "55": 31.782589488210103, "56": 25.785818609363076, "57": 21.246422848418366, "58": 20.081509960981812, "59": 18.04714866954311, "60": 22.36895730030327, "61": 21.57644581356007, "62": 29.920219857596805, "63": 28.04351626757362, "64": 23.463390657276907, "65": 25.365036740121553, "66": 29.73318954769644, "67": 32.57415231604744, "68": 31.59215672357394, "69": 35.259041059340284, "70": 25.166095294912413, "71": 28.97619466318585, "72": 27.63053212782894, "73": 32.757763947912714, "74": 29.626001230101846, "75": 27.559581758670163 } }, "geometry": { "type": "MultiPolygon", "coordinates": [ [ [ [ 149.125, -36.375 ], [ 149.125, -36.625 ], [ 148.875, -36.625 ], [ 148.875, -36.375 ], [ 149.125, -36.375 ] ] ], [ [ [ 142.875, -34.125 ], [ 142.875, -34.875 ], [ 143.375, -34.875 ], [ 143.375, -35.125 ], [ 144.375, -35.125 ], [ 144.375, -35.375 ], [ 144.875, -35.375 ], [ 144.875, -35.625 ], [ 145.375, -35.625 ], [ 145.375, -35.875 ], [ 146.125, -35.875 ], [ 146.125, -36.375 ], [ 146.375, -36.375 ], [ 146.375, -36.125 ], [ 146.625, -36.125 ], [ 146.625, -35.875 ], [ 147.375, -35.875 ], [ 147.375, -35.625 ], [ 147.625, -35.625 ], [ 147.625, -35.375 ], [ 148.375, -35.375 ], [ 148.375, -36.375 ], [ 148.125, -36.375 ], [ 148.125, -36.625 ], [ 147.625, -36.625 ], [ 147.625, -36.875 ], [ 146.875, -36.875 ], [ 146.875, -37.125 ], [ 146.375, -37.125 ], [ 146.375, -37.375 ], [ 144.125, -37.375 ], [ 144.125, -36.875 ], [ 143.875, -36.875 ], [ 143.875, -37.125 ], [ 143.625, -37.125 ], [ 143.625, -36.625 ], [ 143.375, -36.625 ], [ 143.375, -36.375 ], [ 142.875, -36.375 ], [ 142.875, -36.125 ], [ 142.625, -36.125 ], [ 142.625, -35.375 ], [ 142.375, -35.375 ], [ 142.375, -34.125 ], [ 142.875, -34.125 ] ] ] ] } },
{ "type": "Feature", "properties": { "cluster_id": 23, "cohesion": 5.9841408639776281, "distances": { "1": 31.47181265330928, "2": 29.13788829641172, "3": 28.48972536368839, "4": 39.10267855167914, "5": 38.58819987766898, "6": 42.83868315598799, "7": 37.75335542142433, "8": 39.71772964430733, "9": 35.34921029956038, "10": 33.36190829350073, "11": 38.73785566314722, "12": 41.09781327921311, "13": 37.97647927790824, "14": 44.30508709904326, "15": 41.51036762829043, "16": 37.24132403249341, "17": 33.221703649091154, "18": 33.76940803961461, "19": 33.75749231761217, "20": 30.6904385876454, "21": 30.338461908696708, "22": 15.556044284465203, "24": 10.421145071315157, "25": 18.12494168812369, "26": 24.21063122902195, "27": 30.435801288145843, "28": 25.525482704247402, "29": 18.377749928169177, "30": 26.416389691301013, "31": 26.841413171797956, "32": 28.3525813379774, "33": 36.43236812868619, "34": 32.981547584255146, "35": 36.26745070794966, "36": 37.33704560316928, "37": 30.973310939601255, "38": 26.844624599326636, "39": 34.50822712911007, "40": 35.033452962962194, "41": 31.331307850155813, "42": 33.02618217847294, "43": 30.780759365840623, "44": 36.56601264688523, "45": 34.549553234404385, "46": 31.727481664473512, "47": 26.372811253634065, "48": 32.73042690888417, "49": 35.741294336623305, "50": 35.43830974922419, "51": 28.240640709314352, "52": 27.74596784653741, "53": 27.725497789498956, "54": 29.628581462403464, "55": 32.09828141878275, "56": 26.629052618072457, "57": 22.97841805660586, "58": 23.879824735382435, "59": 12.645548270390204, "60": 18.987832034856865, "61": 21.3690808060154, "62": 34.96267259339276, "63": 34.85430811890247, "64": 27.38307194225645, "65": 29.176504267411268, "66": 32.61375025947863, "67": 35.71329015680464, "68": 37.515655956919474, "69": 39.527463551570385, "70": 25.604009109130253, "71": 29.976628407884075, "72": 30.709883563177087, "73": 36.388966591886444, "74": 35.48441926880531, "75": 32.48543071439164 } }, "geometry": { "type": "MultiPolygon", "coordinates": [ [ [ [ 146.125, -37.375 ], [ 146.125, -37.625 ], [ 144.875, -37.625 ], [ 144.875, -37.375 ], [ 146.125, -37.375 ] ] ], [ [ [ 140.875, -36.125 ], [ 141.125, -36.125 ], [ 141.125, -36.375 ], [ 141.625, -36.375 ], [ 141.625, -36.625 ], [ 141.875, -36.625 ], [ 141.875, -36.875 ], [ 142.125, -36.875 ], [ 142.125, -37.125 ], [ 143.375, -37.125 ], [ 143.375, -37.375 ], [ 144.125, -37.375 ], [ 144.125, -37.625 ], [ 142.125, -37.625 ], [ 142.125, -37.875 ], [ 141.625, -37.875 ], [ 141.625, -38.125 ], [ 140.125, -38.125 ], [ 140.125, -37.875 ], [ 139.875, -37.875 ], [ 139.875, -37.625 ], [ 139.625, -37.625 ], [ 139.625, -37.375 ], [ 139.375, -37.375 ], [ 139.375, -36.375 ], [ 139.875, -36.375 ], [ 139.875, -35.875 ], [ 140.875, -35.875 ], [ 140.875, -36.125 ] ] ], [ [ [ 139.125, -35.375 ], [ 138.875, -35.375 ], [ 138.875, -35.625 ], [ 138.375, -35.625 ], [ 138.375, -35.125 ], [ 138.625, -35.125 ], [ 138.625, -34.875 ], [ 138.875, -34.875 ], [ 138.875, -34.625 ], [ 139.125, -34.625 ], [ 139.125, -35.375 ] ] ] ] } },
{ "type": "Feature", "properties": { "cluster_id": 24, "cohesion": 7.4570843510987563, "distances": { "1": 36.34861849804197, "2": 31.994737033743043, "3": 32.52867982488211, "4": 43.8070302474704, "5": 42.44033251034534, "6": 46.92380824797938, "7": 41.59113633397854, "8": 42.3557016535849, "9": 36.94377018967032, "10": 36.2737833865625, "11": 39.82594920314153, "12": 42.531452612602806, "13": 40.75760811531999, "14": 47.44348517398529, "15": 43.743262927835936, "16": 38.95158530041931, "17": 35.41516912085735, "18": 37.50055664207739, "19": 36.74047075249606, "20": 32.41081020765599, "21": 31.75618088649091, "22": 12.986827826642239, "23": 10.421145071315156, "25": 14.138742611842082, "26": 18.320379850327694, "27": 26.5225695860634, "28": 22.838948117716324, "29": 13.093164176174804, "30": 20.0369629343679, "31": 21.227881022587365, "32": 30.60630451074919, "33": 36.19872229186077, "34": 33.79023148557717, "35": 34.446376329036006, "36": 35.27320650999484, "37": 30.27482467268187, "38": 24.042950717311378, "39": 30.965633377134136, "40": 31.70113863120732, "41": 26.087660808752965, "42": 28.496471174561897, "43": 26.102411485287867, "44": 32.78605779328378, "45": 30.569628017380605, "46": 29.987184834968073, "47": 25.27211867424901, "48": 30.645874228453927, "49": 33.9311943699701, "50": 31.938150635615678, "51": 28.611735431978595, "52": 29.334717526023102, "53": 29.70336952584114, "54": 30.403818283523535, "55": 33.27661078272071, "56": 28.469561613067444, "57": 25.8139098917722, "58": 24.80825836143459, "59": 18.35664421995313, "60": 23.413231320190278, "61": 25.406987776841945, "62": 33.486045924999026, "63": 31.72310288925939, "64": 27.141328691475977, "65": 27.696827247189486, "66": 32.057817473804405, "67": 35.68048554133927, "68": 35.810660915350915, "69": 39.360990020152485, "70": 26.074554407881834, "71": 31.05934712856242, "72": 30.02334625562975, "73": 36.301917626414124, "74": 33.66347529847946, "75": 30.803504709693403 } }, "geometry": { "type": "Polygon", "coordinates": [ [ [ 138.125, -32.375 ], [ 138.125, -33.125 ], [ 137.875, -33.125 ], [ 137.875, -33.625 ], [ 137.625, -33.625 ], [ 137.625, -33.875 ], [ 137.375, -33.875 ], [ 137.375, -33.625 ], [ 137.125, -33.625 ], [ 137.125, -33.125 ], [ 136.625, -33.125 ], [ 136.625, -33.875 ], [ 136.375, -33.875 ], [ 136.375, -34.125 ], [ 136.125, -34.125 ], [ 136.125, -34.375 ], [ 135.875, -34.375 ], [ 135.875, -34.875 ], [ 136.125, -34.875 ], [ 136.125, -34.625 ], [ 136.375, -34.625 ], [ 136.375, -34.375 ], [ 136.625, -34.375 ], [ 136.625, -34.125 ], [ 137.125, -34.125 ], [ 137.125, -34.375 ], [ 137.375, -34.375 ], [ 137.375, -34.625 ], [ 137.625, -34.625 ], [ 137.625, -34.875 ], [ 137.875, -34.875 ], [ 137.875, -34.625 ], [ 138.125, -34.625 ], [ 138.125, -35.375 ], [ 138.375, -35.375 ], [ 138.375, -35.125 ], [ 138.625, -35.125 ], [ 138.625, -34.875 ], [ 138.875, -34.875 ], [ 138.875, -34.625 ], [ 139.125, -34.625 ], [ 139.125, -35.375 ], [ 138.875, -35.375 ], [ 138.875, -35.625 ], [ 138.625, -35.625 ], [ 138.625, -35.875 ], [ 139.125, -35.875 ], [ 139.125, -36.125 ], [ 139.375, -36.125 ], [ 139.375, -36.375 ], [ 139.875, -36.375 ], [ 139.875, -35.875 ], [ 140.875, -35.875 ], [ 140.875, -36.125 ], [ 141.125, -36.125 ], [ 141.125, -36.375 ], [ 141.625, -36.375 ], [ 141.625, -36.625 ], [ 141.875, -36.625 ], [ 141.875, -36.875 ], [ 142.125, -36.875 ], [ 142.125, -37.125 ], [ 143.375, -37.125 ], [ 143.375, -37.375 ], [ 144.125, -37.375 ], [ 144.125, -36.875 ], [ 143.875, -36.875 ], [ 143.875, -37.125 ], [ 143.625, -37.125 ], [ 143.625, -36.625 ], [ 143.375, -36.625 ], [ 143.375, -36.375 ], [ 142.875, -36.375 ], [ 142.875, -36.125 ], [ 142.625, -36.125 ], [ 142.625, -35.375 ], [ 142.375, -35.375 ], [ 142.375, -35.125 ], [ 141.875, -35.125 ], [ 141.875, -34.625 ], [ 141.625, -34.625 ], [ 141.625, -35.125 ], [ 141.375, -35.125 ], [ 141.375, -34.875 ], [ 141.125, -34.875 ], [ 141.125, -35.125 ], [ 140.125, -35.125 ], [ 140.125, -34.875 ], [ 139.625, -34.875 ], [ 139.625, -33.375 ], [ 139.875, -33.375 ], [ 139.875, -32.875 ], [ 138.375, -32.875 ], [ 138.375, -32.375 ], [ 138.125, -32.375 ] ] ] } },
{ "type": "Feature", "properties": { "cluster_id": 25, "cohesion": 7.2523532668295632, "distances": { "1": 36.8281822778166, "2": 29.722933021358333, "3": 31.826515912958758, "4": 45.214258183512605, "5": 43.8204597121699, "6": 48.629044660437096, "7": 41.782132524907865, "8": 42.780843584306346, "9": 35.78390007991737, "10": 35.097375873625424, "11": 40.80967315196507, "12": 43.14653841967149, "13": 42.28237055693588, "14": 48.99667337676745, "15": 45.046429361083774, "16": 40.569410746384605, "17": 37.449906817021834, "18": 37.7694944193998, "19": 37.47549847086071, "20": 33.10320237966463, "21": 30.312147954692247, "22": 20.50471262326367, "23": 18.124941688123688, "24": 14.138742611842083, "26": 11.558892675833428, "27": 26.45458148784521, "28": 25.491007520951417, "29": 18.855445687619618, "30": 17.058474468128626, "31": 21.80393467466099, "32": 27.534599807211134, "33": 31.234147407186956, "34": 28.935379345989276, "35": 27.259768037350828, "36": 29.99855335919379, "37": 22.873798738425116, "38": 13.627263675397732, "39": 22.40708218318415, "40": 29.087040305449964, "41": 22.098112523213604, "42": 25.46765531342686, "43": 17.72143618082398, "44": 26.955219832840253, "45": 25.01492822933762, "46": 27.13576846920262, "47": 23.180942275385256, "48": 28.934659593527694, "49": 30.249075266851086, "50": 28.560122892773805, "51": 25.58757071929047, "52": 25.94306334471232, "53": 28.387289106410574, "54": 28.703209044304227, "55": 31.836241385200875, "56": 29.51115964131279, "57": 30.9336792101134, "58": 27.63439588249268, "59": 25.817565041874225, "60": 26.6982625570379, "61": 31.08840949049775, "62": 31.813863759666475, "63": 29.468318956407394, "64": 28.00925300586607, "65": 26.339619471028563, "66": 29.97975674810319, "67": 34.54790817757453, "68": 34.65373377289353, "69": 39.259877969909574, "70": 25.568704012804098, "71": 32.814914429790214, "72": 30.492325261835695, "73": 37.12487658796356, "74": 33.3975161746652, "75": 31.11970597676552 } }, "geometry": { "type": "Polygon", "coordinates": [ [ [ 134.625, -31.375 ], [ 134.625, -31.625 ], [ 133.625, -31.625 ], [ 133.625, -31.875 ], [ 132.125, -31.875 ], [ 132.125, -32.375 ], [ 133.625, -32.375 ], [ 133.625, -32.625 ], [ 133.875, -32.625 ], [ 133.875, -33.125 ], [ 134.125, -33.125 ], [ 134.125, -33.375 ], [ 134.375, -33.375 ], [ 134.375, -33.625 ], [ 134.625, -33.625 ], [ 134.625, -33.875 ], [ 134.875, -33.875 ], [ 134.875, -34.375 ], [ 135.125, -34.375 ], [ 135.125, -34.625 ], [ 135.375, -34.625 ], [ 135.375, -34.875 ], [ 135.875, -34.875 ], [ 135.875, -34.375 ], [ 136.125, -34.375 ], [ 136.125, -34.125 ], [ 136.375, -34.125 ], [ 136.375, -33.875 ], [ 136.625, -33.875 ], [ 136.625, -33.125 ], [ 137.125, -33.125 ], [ 137.125, -33.625 ], [ 137.375, -33.625 ], [ 137.375, -33.875 ], [ 137.625, -33.875 ], [ 137.625, -33.625 ], [ 137.875, -33.625 ], [ 137.875, -33.125 ], [ 138.125, -33.125 ], [ 138.125, -32.375 ], [ 137.875, -32.375 ], [ 137.875, -32.625 ], [ 135.875, -32.625 ], [ 135.875, -32.375 ], [ 135.375, -32.375 ], [ 135.375, -32.125 ], [ 135.125, -32.125 ], [ 135.125, -31.625 ], [ 134.875, -31.625 ], [ 134.875, -31.375 ], [ 134.625, -31.375 ] ] ] } },
{ "type": "Feature", "properties": { "cluster_id": 26, "cohesion": 6.5199880090649573, "distances": { "1": 42.66383583868136, "2": 34.43591681364504, "3": 37.327435863309205, "4": 50.28942022525956, "5": 48.166096855175, "6": 52.90606228689299, "7": 46.228798949811726, "8": 45.86644163564906, "9": 38.44452266480148, "10": 39.18567648334799, "11": 42.29955775330826, "12": 44.880759056893694, "13": 45.65662091879266, "14": 52.2000705903701, "15": 47.51066786702252, "16": 42.79066292510924, "17": 40.33064014228977, "18": 42.18865143435667, "19": 41.26572044765745, "20": 35.90071944619634, "21": 32.829031405670875, "22": 22.19669258152571, "23": 24.21063122902195, "24": 18.320379850327697, "25": 11.558892675833428, "27": 24.85585148294706, "28": 26.059966685833984, "29": 18.7418323344544, "30": 10.623892355255618, "31": 18.419370258015437, "32": 31.656772078356216, "33": 30.948077953051886, "34": 30.898860768045246, "35": 25.53395915772726, "36": 27.039638004594057, "37": 24.68799524693512, "38": 14.994120343839628, "39": 18.73491817185192, "40": 25.32335084426656, "41": 16.509134292828897, "42": 21.472252354392086, "43": 12.221266094260269, "44": 21.685998274833693, "45": 19.91018018180356, "46": 25.514432805032648, "47": 23.530229759063776, "48": 26.36818854961808, "49": 27.619104491411584, "50": 23.673372724629132, "51": 28.39762761137044, "52": 29.992251427151388, "53": 32.39864431479744, "54": 31.586436136949605, "55": 34.58892184209271, "56": 33.07889811635926, "57": 34.89146676499482, "58": 30.277627725802184, "59": 31.138720384454846, "60": 30.93439249599288, "61": 35.2138931370366, "62": 31.73567846553023, "63": 27.298268533646244, "64": 30.402101075398143, "65": 27.403101887095342, "66": 31.219058172771362, "67": 35.61965565906284, "68": 33.41779306831005, "69": 39.43397596103815, "70": 27.466089138375022, "71": 34.65693478844615, "72": 30.3034185929536, "73": 37.423889452072224, "74": 31.68635192430733, "75": 29.482023645097037 } }, "geometry": { "type": "Polygon", "coordinates": [ [ [ 134.125, -28.625 ], [ 134.125, -29.375 ], [ 133.875, -29.375 ], [ 133.875, -30.125 ], [ 133.375, -30.125 ], [ 133.375, -30.375 ], [ 133.125, -30.375 ], [ 133.125, -30.625 ], [ 132.875, -30.625 ], [ 132.875, -30.875 ], [ 133.125, -30.875 ], [ 133.125, -31.125 ], [ 133.625, -31.125 ], [ 133.625, -31.625 ], [ 134.625, -31.625 ], [ 134.625, -31.375 ], [ 134.875, -31.375 ], [ 134.875, -31.625 ], [ 135.125, -31.625 ], [ 135.125, -32.125 ], [ 135.375, -32.125 ], [ 135.375, -32.375 ], [ 135.875, -32.375 ], [ 135.875, -32.625 ], [ 137.875, -32.625 ], [ 137.875, -32.375 ], [ 138.375, -32.375 ], [ 138.375, -32.125 ], [ 138.125, -32.125 ], [ 138.125, -31.875 ], [ 137.625, -31.875 ], [ 137.625, -31.625 ], [ 137.375, -31.625 ], [ 137.375, -31.375 ], [ 137.125, -31.375 ], [ 137.125, -31.125 ], [ 136.125, -31.125 ], [ 136.125, -30.625 ], [ 135.875, -30.625 ], [ 135.875, -30.375 ], [ 135.625, -30.375 ], [ 135.625, -29.875 ], [ 135.125, -29.875 ], [ 135.125, -29.625 ], [ 134.875, -29.625 ], [ 134.875, -29.125 ], [ 134.625, -29.125 ], [ 134.625, -28.625 ], [ 134.125, -28.625 ] ] ] } },
{ "type": "Feature", "properties": { "cluster_id": 27, "cohesion": 6.9543852868113341, "distances": { "1": 42.861468109085415, "2": 35.075776381886214, "3": 38.61821198268248, "4": 48.22251775886548, "5": 44.759581221952885, "6": 48.22952708096028, "7": 42.43925988703487, "8": 38.900996508602915, "9": 31.67076235573896, "10": 36.25861020603343, "11": 34.47535223343466, "12": 35.30230777431277, "13": 41.474063683155045, "14": 44.97082689427445, "15": 39.888201776321644, "16": 36.77619388517902, "17": 36.8687586995237, "18": 41.194220029680714, "19": 38.700153254678966, "20": 33.6516782857997, "21": 32.45914942402217, "22": 22.015981449916357, "23": 30.435801288145843, "24": 26.522569586063398, "25": 26.454581487845207, "26": 24.855851482947067, "28": 13.305251535500881, "29": 19.71741965289629, "30": 20.091933544075754, "31": 13.061726264546863, "32": 35.50015077170236, "33": 35.501322449590745, "34": 35.77211526504429, "35": 34.63655934600841, "36": 32.56275187350108, "37": 32.113133294289945, "38": 27.876387766864617, "39": 28.89878903128085, "40": 21.166242467877588, "41": 17.81240607534516, "42": 13.491881635820485, "43": 24.529726336756188, "44": 28.47187136596048, "45": 23.959798834402676, "46": 26.322626837602805, "47": 25.6013532909473, "48": 28.00378650242525, "49": 30.374597946562265, "50": 26.804999719627503, "51": 26.28544323706171, "52": 30.572137390466246, "53": 28.49887118616774, "54": 26.111737441511075, "55": 27.805145178524217, "56": 25.800938051698473, "57": 28.64052221758372, "58": 22.75743905388507, "59": 32.82748451679253, "60": 31.833302169295578, "61": 31.973181547424517, "62": 17.068210340048545, "63": 13.670312189610499, "64": 19.185276653398294, "65": 16.99918838773219, "66": 20.19583059912914, "67": 24.20647940918943, "68": 20.942769730024498, "69": 28.425509930983523, "70": 27.684265108976476, "71": 32.345000820019536, "72": 28.654949074839987, "73": 30.224843044255806, "74": 24.683260840149277, "75": 26.403776809416915 } }, "geometry": { "type": "Polygon", "coordinates": [ [ [ 142.625, -28.125 ], [ 142.625, -28.375 ], [ 142.125, -28.375 ], [ 142.125, -28.625 ], [ 141.625, -28.625 ], [ 141.625, -28.375 ], [ 140.375, -28.375 ], [ 140.375, -29.125 ], [ 140.625, -29.125 ], [ 140.625, -29.375 ], [ 141.125, -29.375 ], [ 141.125, -29.625 ], [ 141.375, -29.625 ], [ 141.375, -29.875 ], [ 141.875, -29.875 ], [ 141.875, -30.375 ], [ 142.375, -30.375 ], [ 142.375, -30.625 ], [ 142.625, -30.625 ], [ 142.625, -30.875 ], [ 143.625, -30.875 ], [ 143.625, -30.625 ], [ 143.875, -30.625 ], [ 143.875, -30.875 ], [ 144.625, -30.875 ], [ 144.625, -31.375 ], [ 145.875, -31.375 ], [ 145.875, -31.125 ], [ 145.625, -31.125 ], [ 145.625, -30.875 ], [ 145.375, -30.875 ], [ 145.375, -30.625 ], [ 145.125, -30.625 ], [ 145.125, -30.125 ], [ 145.625, -30.125 ], [ 145.625, -30.375 ], [ 146.125, -30.375 ], [ 146.125, -29.625 ], [ 145.875, -29.625 ], [ 145.875, -29.125 ], [ 145.125, -29.125 ], [ 145.125, -28.875 ], [ 144.875, -28.875 ], [ 144.875, -28.375 ], [ 144.375, -28.375 ], [ 144.375, -28.625 ], [ 143.625, -28.625 ], [ 143.625, -28.875 ], [ 143.375, -28.875 ], [ 143.375, -28.625 ], [ 143.125, -28.625 ], [ 143.125, -28.125 ], [ 142.625, -28.125 ] ] ] } },
{ "type": "Feature", "properties": { "cluster_id": 28, "cohesion": 9.288953491125346, "distances": { "1": 40.63612392067547, "2": 33.84413280688843, "3": 36.83739989509912, "4": 45.59103447819431, "5": 42.50773111871172, "6": 46.104034148560636, "7": 40.8223617457384, "8": 38.43231567556204, "9": 31.983628073458107, "10": 35.16277960716114, "11": 35.07539481576162, "12": 36.59042061314765, "13": 39.867159176356985, "14": 44.2483261370414, "15": 39.80277752052616, "16": 36.218082586023975, "17": 35.15254040802744, "18": 39.174976118306105, "19": 36.901481989156345, "20": 32.07677616441855, "21": 31.562265558527468, "22": 17.434758382351944, "23": 25.525482704247402, "24": 22.838948117716324, "25": 25.49100752095141, "26": 26.059966685833984, "27": 13.30525153550088, "29": 16.836887167337196, "30": 22.82907764706994, "31": 16.902940728447202, "32": 34.72757904637372, "33": 36.54709657439136, "34": 36.20995638239526, "35": 36.47449556509211, "36": 34.631009440440494, "37": 33.20117477291844, "38": 28.8831011314981, "39": 31.81700163222901, "40": 25.943052333930183, "41": 22.940795498226098, "42": 21.057494032851753, "43": 27.584887692305923, "44": 31.61303476078738, "45": 28.033811099343982, "46": 27.024939823938467, "47": 25.26885971468434, "48": 29.19133224652145, "49": 31.865996981844543, "50": 29.64417323580402, "51": 25.35527198719263, "52": 29.418892586582952, "53": 25.569332169642635, "54": 23.986636590607766, "55": 27.06042800835586, "56": 21.982974538647788, "57": 22.58180824533794, "58": 18.33886535784353, "59": 27.223814001491856, "60": 28.585336095054387, "61": 26.646907824624552, "62": 22.227042174137587, "63": 21.342923560332736, "64": 15.11317277320655, "65": 16.129166668527244, "66": 22.456414014513648, "67": 26.89691302249265, "68": 26.347477485250913, "69": 31.588468036363206, "70": 26.59467694080718, "71": 31.052983299614553, "72": 28.709317365379253, "73": 31.51019707546476, "74": 27.774756935964067, "75": 27.948676517727247 } }, "geometry": { "type": "Polygon", "coordinates": [ [ [ 145.875, -29.125 ], [ 145.875, -29.625 ], [ 146.125, -29.625 ], [ 146.125, -30.375 ], [ 145.625, -30.375 ], [ 145.625, -30.125 ], [ 145.125, -30.125 ], [ 145.125, -30.625 ], [ 145.375, -30.625 ], [ 145.375, -30.875 ], [ 145.625, -30.875 ], [ 145.625, -31.125 ], [ 145.875, -31.125 ], [ 145.875, -31.375 ], [ 144.625, -31.375 ], [ 144.625, -30.875 ], [ 143.875, -30.875 ], [ 143.875, -30.625 ], [ 143.625, -30.625 ], [ 143.625, -31.625 ], [ 144.125, -31.625 ], [ 144.125, -32.375 ], [ 144.625, -32.375 ], [ 144.625, -32.625 ], [ 144.875, -32.625 ], [ 144.875, -32.875 ], [ 145.125, -32.875 ], [ 145.125, -33.125 ], [ 145.375, -33.125 ], [ 145.375, -33.625 ], [ 145.625, -33.625 ], [ 145.625, -33.875 ], [ 146.125, -33.875 ], [ 146.125, -35.375 ], [ 146.375, -35.375 ], [ 146.375, -35.625 ], [ 146.625, -35.625 ], [ 146.625, -35.875 ], [ 147.375, -35.875 ], [ 147.375, -35.625 ], [ 147.625, -35.625 ], [ 147.625, -35.375 ], [ 148.125, -35.375 ], [ 148.125, -35.125 ], [ 147.875, -35.125 ], [ 147.875, -34.875 ], [ 148.625, -34.875 ], [ 148.625, -34.625 ], [ 148.875, -34.625 ], [ 148.875, -34.375 ], [ 149.125, -34.375 ], [ 149.125, -33.375 ], [ 148.875, -33.375 ], [ 148.875, -33.125 ], [ 148.625, -33.125 ], [ 148.625, -32.875 ], [ 148.375, -32.875 ], [ 148.375, -31.625 ], [ 148.625, -31.625 ], [ 148.625, -31.375 ], [ 148.125, -31.375 ], [ 148.125, -30.875 ], [ 147.875, -30.875 ], [ 147.875, -30.375 ], [ 147.625, -30.375 ], [ 147.625, -29.875 ], [ 147.125, -29.875 ], [ 147.125, -29.625 ], [ 146.875, -29.625 ], [ 146.875, -29.375 ], [ 146.625, -29.375 ], [ 146.625, -29.125 ], [ 145.875, -29.125 ] ] ] } },
{ "type": "Feature", "properties": { "cluster_id": 29, "cohesion": 8.0317427427671362, "distances": { "1": 41.38529953404567, "2": 35.71578028309697, "3": 37.3478541063259, "4": 47.7891723434192, "5": 45.35774690634618, "6": 49.58961958267527, "7": 44.516307758382226, "8": 43.37901210610944, "9": 37.490781705162966, "10": 38.90041238648864, "11": 39.22978232558837, "12": 41.86913838959268, "13": 42.606296217709954, "14": 48.62520302458005, "15": 44.13429337863144, "16": 39.34544519693304, "17": 36.845875202229955, "18": 41.05297725894118, "19": 39.289444962666174, "20": 33.95306176941988, "21": 33.54925781043644, "22": 10.762680639389451, "23": 18.377749928169177, "24": 13.093164176174804, "25": 18.855445687619614, "26": 18.741832334454397, "27": 19.71741965289629, "28": 16.836887167337196, "30": 16.351065552569864, "31": 14.008120383903458, "32": 34.48933589939442, "33": 37.17338671036127, "34": 36.33006198198813, "35": 35.27042309609828, "36": 34.49665331753375, "37": 32.65323916447472, "38": 26.468847544987426, "39": 30.445863619467627, "40": 27.667470317479637, "41": 21.57302331216804, "42": 23.163496679087345, "43": 25.058872343882904, "44": 30.541335663319785, "45": 27.661364175113707, "46": 28.55767468149648, "47": 25.44459114480131, "48": 28.884154549702917, "49": 32.61360595286151, "50": 28.933165282781978, "51": 29.638159081933654, "52": 32.153071512052676, "53": 31.43218795246117, "54": 30.819871973157216, "55": 33.64169244576889, "56": 28.839231885892897, "57": 26.353361203443473, "58": 23.664610093324914, "59": 23.389153429986944, "60": 27.172253360952926, "61": 27.38298905609825, "62": 30.10616371573132, "63": 26.884315671963833, "64": 24.972606032705947, "65": 25.122931532661646, "66": 30.366964141057565, "67": 33.89564253826721, "68": 32.03072430908788, "69": 37.03853764180704, "70": 27.17749960295824, "71": 31.708836940711432, "72": 29.110217735164834, "73": 34.73047859537687, "74": 30.40611476643127, "75": 28.41703745102182 } }, "geometry": { "type": "Polygon", "coordinates": [ [ [ 139.125, -30.375 ], [ 139.125, -30.625 ], [ 138.875, -30.625 ], [ 138.875, -31.375 ], [ 138.625, -31.375 ], [ 138.625, -32.125 ], [ 138.375, -32.125 ], [ 138.375, -32.875 ], [ 139.875, -32.875 ], [ 139.875, -33.375 ], [ 139.625, -33.375 ], [ 139.625, -34.875 ], [ 140.125, -34.875 ], [ 140.125, -35.125 ], [ 141.125, -35.125 ], [ 141.125, -34.875 ], [ 141.375, -34.875 ], [ 141.375, -35.125 ], [ 141.625, -35.125 ], [ 141.625, -34.625 ], [ 141.875, -34.625 ], [ 141.875, -35.125 ], [ 142.375, -35.125 ], [ 142.375, -34.125 ], [ 142.875, -34.125 ], [ 142.875, -34.875 ], [ 143.375, -34.875 ], [ 143.375, -35.125 ], [ 144.375, -35.125 ], [ 144.375, -35.375 ], [ 144.875, -35.375 ], [ 144.875, -35.625 ], [ 145.375, -35.625 ], [ 145.375, -35.875 ], [ 146.125, -35.875 ], [ 146.125, -36.375 ], [ 146.375, -36.375 ], [ 146.375, -36.125 ], [ 146.625, -36.125 ], [ 146.625, -35.625 ], [ 146.375, -35.625 ], [ 146.375, -35.375 ], [ 146.125, -35.375 ], [ 146.125, -33.875 ], [ 145.625, -33.875 ], [ 145.625, -33.625 ], [ 145.375, -33.625 ], [ 145.375, -33.125 ], [ 145.125, -33.125 ], [ 145.125, -32.875 ], [ 144.875, -32.875 ], [ 144.875, -32.625 ], [ 144.625, -32.625 ], [ 144.625, -32.375 ], [ 144.125, -32.375 ], [ 144.125, -32.625 ], [ 143.625, -32.625 ], [ 143.625, -32.375 ], [ 143.375, -32.375 ], [ 143.375, -32.125 ], [ 143.125, -32.125 ], [ 143.125, -31.875 ], [ 142.875, -31.875 ], [ 142.875, -31.625 ], [ 142.125, -31.625 ], [ 142.125, -31.875 ], [ 141.375, -31.875 ], [ 141.375, -32.125 ], [ 140.875, -32.125 ], [ 140.875, -32.375 ], [ 139.375, -32.375 ], [ 139.375, -32.125 ], [ 139.125, -32.125 ], [ 139.125, -31.125 ], [ 139.375, -31.125 ], [ 139.375, -30.375 ], [ 139.125, -30.375 ] ] ] } },
{ "type": "Feature", "properties": { "cluster_id": 30, "cohesion": 6.0382654929360893, "distances": { "1": 44.73080155149567, "2": 36.91072574007541, "3": 39.68260852606993, "4": 51.47329562610667, "5": 48.66788965412718, "6": 53.21572919328583, "7": 47.29481066078728, "8": 45.65394016569628, "9": 38.47639741269489, "10": 40.5653859161262, "11": 40.5099947775547, "12": 43.29261877325556, "13": 45.50166896397647, "14": 51.57744890667835, "15": 46.36810068434256, "16": 41.52278944726959, "17": 39.80758325646258, "18": 43.49235628038802, "19": 41.76086251109755, "20": 35.96782312866695, "21": 33.76106345827648, "22": 20.645840839027823, "23": 26.416389691301013, "24": 20.036962934367896, "25": 17.058474468128622, "26": 10.623892355255618, "27": 20.091933544075754, "28": 22.829077647069937, "29": 16.351065552569867, "31": 12.639666271380115, "32": 34.60477585565076, "33": 33.12404792273676, "34": 33.896910632240456, "35": 28.893481619289705, "36": 28.25731673900513, "37": 28.788633204909925, "38": 20.924122677273502, "39": 21.853245644498603, "40": 21.708648838840244, "41": 11.53048131677392, "42": 16.333925293824528, "43": 14.382308284351252, "44": 21.931524494905016, "45": 18.850000230771997, "46": 25.190315391567548, "47": 23.84678658614757, "48": 25.05015378308801, "49": 27.6914905323598, "50": 21.89260212239313, "51": 29.705159015099063, "52": 32.49148620514659, "53": 33.76250957499426, "54": 32.110862152368966, "55": 34.72499434875999, "56": 32.88032770865994, "57": 33.989661005510975, "58": 28.893306136817383, "59": 32.02341358245501, "60": 31.87343841592519, "61": 34.82043907475591, "62": 29.061657934596063, "63": 23.153780193921495, "64": 29.021676254424847, "65": 26.008713792892106, "66": 30.061676237023935, "67": 33.984175725238956, "68": 29.867978288043115, "69": 36.76315866731728, "70": 27.6076479454826, "71": 33.69320331108669, "72": 28.651715263368427, "73": 34.94515752863249, "74": 28.162708741863447, "75": 26.534248197637133 } }, "geometry": { "type": "Polygon", "coordinates": [ [ [ 134.625, -27.375 ], [ 134.625, -27.875 ], [ 134.375, -27.875 ], [ 134.375, -28.625 ], [ 134.625, -28.625 ], [ 134.625, -29.125 ], [ 134.875, -29.125 ], [ 134.875, -29.625 ], [ 135.125, -29.625 ], [ 135.125, -29.875 ], [ 135.625, -29.875 ], [ 135.625, -30.375 ], [ 135.875, -30.375 ], [ 135.875, -30.625 ], [ 136.125, -30.625 ], [ 136.125, -31.125 ], [ 137.125, -31.125 ], [ 137.125, -31.375 ], [ 137.375, -31.375 ], [ 137.375, -31.625 ], [ 137.625, -31.625 ], [ 137.625, -31.875 ], [ 138.125, -31.875 ], [ 138.125, -32.125 ], [ 138.375, -32.125 ], [ 138.375, -31.375 ], [ 138.125, -31.375 ], [ 138.125, -30.375 ], [ 138.375, -30.375 ], [ 138.375, -29.875 ], [ 137.625, -29.875 ], [ 137.625, -29.625 ], [ 137.375, -29.625 ], [ 137.375, -28.875 ], [ 137.125, -28.875 ], [ 137.125, -28.625 ], [ 136.875, -28.625 ], [ 136.875, -28.375 ], [ 136.625, -28.375 ], [ 136.625, -28.125 ], [ 135.875, -28.125 ], [ 135.875, -27.625 ], [ 135.375, -27.625 ], [ 135.375, -27.375 ], [ 134.625, -27.375 ] ] ] } },
{ "type": "Feature", "properties": { "cluster_id": 31, "cohesion": 7.8134263885890949, "distances": { "1": 44.3690013911767, "2": 37.0364399207442, "3": 39.90796443875551, "4": 50.196456988997674, "5": 47.03123881879503, "6": 51.05151359856999, "7": 45.607748145891684, "8": 42.88973678695502, "9": 36.176600765151385, "10": 39.462781491890155, "11": 37.60607205429797, "12": 39.597259456268716, "13": 43.67617920700495, "14": 48.499066782932545, "15": 43.29228948807754, "16": 39.24798110176332, "17": 38.379767192497006, "18": 42.67125248136824, "19": 40.5359789848436, "20": 34.94270154412569, "21": 33.477465697967794, "22": 17.94250450779457, "23": 26.841413171797956, "24": 21.22788102258737, "25": 21.80393467466099, "26": 18.419370258015437, "27": 13.061726264546861, "28": 16.902940728447202, "29": 14.008120383903456, "30": 12.639666271380115, "32": 35.26212642656508, "33": 35.01435122331363, "34": 35.36380102104348, "35": 32.65076793584202, "36": 31.087752946475653, "37": 31.186941843161186, "38": 25.433268550617022, "39": 26.413953150076185, "40": 21.126752268428547, "41": 14.225504472869702, "42": 14.082016501725768, "43": 20.9088888280556, "44": 25.788857510638262, "45": 21.68159718476013, "46": 26.465584459821873, "47": 25.466773838207605, "48": 26.75374393337845, "49": 29.65365284098037, "50": 24.460558275591055, "51": 29.324853762904393, "52": 32.74148942307722, "53": 32.06051706457048, "54": 30.563854973129338, "55": 32.73986100263966, "56": 29.646176815888847, "57": 30.26825187530719, "58": 25.17007959604285, "59": 30.943092331036915, "60": 31.314018259526065, "61": 32.21925824208541, "62": 24.433290635490895, "63": 18.862182131644982, "64": 24.426035638336867, "65": 23.06878724157273, "66": 26.9324380175271, "67": 30.25792121172949, "68": 25.72635055385134, "69": 32.74855204467067, "70": 28.174871484555975, "71": 32.985356448186984, "72": 28.674841731177313, "73": 32.49396512719889, "74": 25.972387769283035, "75": 26.035213671583264 } }, "geometry": { "type": "Polygon", "coordinates": [ [ [ 137.625, -28.625 ], [ 137.625, -29.125 ], [ 137.875, -29.125 ], [ 137.875, -29.375 ], [ 138.125, -29.375 ], [ 138.125, -29.625 ], [ 138.375, -29.625 ], [ 138.375, -30.375 ], [ 138.125, -30.375 ], [ 138.125, -31.375 ], [ 138.375, -31.375 ], [ 138.375, -32.125 ], [ 138.625, -32.125 ], [ 138.625, -31.375 ], [ 138.875, -31.375 ], [ 138.875, -30.625 ], [ 139.125, -30.625 ], [ 139.125, -30.375 ], [ 139.375, -30.375 ], [ 139.375, -31.125 ], [ 139.125, -31.125 ], [ 139.125, -32.125 ], [ 139.375, -32.125 ], [ 139.375, -32.375 ], [ 140.875, -32.375 ], [ 140.875, -32.125 ], [ 141.375, -32.125 ], [ 141.375, -31.875 ], [ 142.125, -31.875 ], [ 142.125, -31.625 ], [ 142.875, -31.625 ], [ 142.875, -31.875 ], [ 143.125, -31.875 ], [ 143.125, -32.125 ], [ 143.375, -32.125 ], [ 143.375, -32.375 ], [ 143.625, -32.375 ], [ 143.625, -32.625 ], [ 144.125, -32.625 ], [ 144.125, -31.625 ], [ 143.625, -31.625 ], [ 143.625, -30.875 ], [ 142.625, -30.875 ], [ 142.625, -30.625 ], [ 142.375, -30.625 ], [ 142.375, -30.375 ], [ 141.875, -30.375 ], [ 141.875, -29.875 ], [ 141.375, -29.875 ], [ 141.375, -29.625 ], [ 140.375, -29.625 ], [ 140.375, -29.375 ], [ 140.125, -29.375 ], [ 140.125, -29.125 ], [ 139.375, -29.125 ], [ 139.375, -29.375 ], [ 138.625, -29.375 ], [ 138.625, -29.125 ], [ 138.375, -29.125 ], [ 138.375, -28.875 ], [ 137.875, -28.875 ], [ 137.875, -28.625 ], [ 137.625, -28.625 ] ] ] } },
{ "type": "Feature", "properties": { "cluster_id": 32, "cohesion": 8.7314838671739263, "distances": { "1": 27.14337635070867, "2": 23.513519482134058, "3": 24.541024819758732, "4": 32.125889657160556, "5": 31.83370715755674, "6": 35.46657816490672, "7": 29.620284480743152, "8": 31.614929768596618, "9": 28.016742000793453, "10": 26.135879044808526, "11": 33.81891762621199, "12": 33.93924272900063, "13": 33.02272019271419, "14": 36.34900895854949, "15": 34.89836347319172, "16": 33.96456162624213, "17": 32.04727526093667, "18": 26.14719458895143, "19": 27.894996411820994, "20": 27.62312181335396, "21": 23.055824174917586, "22": 31.953846729426584, "23": 28.352581337977394, "24": 30.60630451074919, "25": 27.534599807211134, "26": 31.656772078356216, "27": 35.500150771702344, "28": 34.72757904637372, "29": 34.48933589939442, "30": 34.60477585565076, "31": 35.26212642656508, "33": 20.208921693947794, "34": 13.052076540307219, "35": 24.44854444905957, "36": 27.969547763248322, "37": 17.62438239712667, "38": 23.932673045570805, "39": 28.95111103510993, "40": 33.01590192736573, "41": 34.425575242695245, "42": 34.56672879474673, "43": 30.90777036706495, "44": 32.805498932763726, "45": 31.49998526131417, "46": 30.43522730997615, "47": 27.65768452345483, "48": 31.730592097269415, "49": 29.52808063466381, "50": 33.98682559477409, "51": 26.37003327129807, "52": 23.819964814614234, "53": 24.990066890637838, "54": 28.28007377419743, "55": 27.910397716015524, "56": 26.154041653279034, "57": 28.874648069195164, "58": 27.09266274064555, "59": 28.566034043998854, "60": 23.53712920733998, "61": 27.965983217933704, "62": 31.937846219088645, "63": 33.68965907559181, "64": 30.39924755302188, "65": 31.91413675793041, "66": 29.771193353947183, "67": 30.492288289672604, "68": 33.46137464134305, "69": 33.64434410348477, "70": 25.100905280043197, "71": 31.200398511524245, "72": 31.600353832145654, "73": 33.753553075853894, "74": 33.568053330354594, "75": 33.410466954166914 } }, "geometry": { "type": "MultiPolygon", "coordinates": [ [ [ [ 125.375, -33.125 ], [ 124.875, -33.125 ], [ 124.875, -33.375 ], [ 124.375, -33.375 ], [ 124.375, -33.625 ], [ 124.125, -33.625 ], [ 124.125, -33.875 ], [ 123.875, -33.875 ], [ 123.875, -34.125 ], [ 123.625, -34.125 ], [ 123.625, -34.375 ], [ 122.125, -34.375 ], [ 122.125, -34.125 ], [ 120.875, -34.125 ], [ 120.875, -34.375 ], [ 119.625, -34.375 ], [ 119.625, -34.625 ], [ 119.375, -34.625 ], [ 119.375, -34.875 ], [ 118.625, -34.875 ], [ 118.625, -35.125 ], [ 118.375, -35.125 ], [ 118.375, -35.375 ], [ 116.125, -35.375 ], [ 116.125, -35.125 ], [ 115.875, -35.125 ], [ 115.875, -34.875 ], [ 115.625, -34.875 ], [ 115.625, -34.625 ], [ 115.125, -34.625 ], [ 115.125, -34.375 ], [ 114.875, -34.375 ], [ 114.875, -34.125 ], [ 115.375, -34.125 ], [ 115.375, -34.375 ], [ 115.875, -34.375 ], [ 115.875, -34.125 ], [ 118.125, -34.125 ], [ 118.125, -33.875 ], [ 118.875, -33.875 ], [ 118.875, -33.625 ], [ 119.375, -33.625 ], [ 119.375, -33.375 ], [ 119.875, -33.375 ], [ 119.875, -32.875 ], [ 121.125, -32.875 ], [ 121.125, -33.125 ], [ 121.875, -33.125 ], [ 121.875, -32.875 ], [ 122.375, -32.875 ], [ 122.375, -32.625 ], [ 125.375, -32.625 ], [ 125.375, -33.125 ] ] ], [ [ [ 125.375, -32.375 ], [ 125.625, -32.375 ], [ 125.625, -32.625 ], [ 125.375, -32.625 ], [ 125.375, -32.375 ] ] ] ] } },
{ "type": "Feature", "properties": { "cluster_id": 33, "cohesion": 6.9985339404739557, "distances": { "1": 38.61652943866565, "2": 30.414386810222908, "3": 34.638136650223075, "4": 42.445957341667935, "5": 40.880154884296935, "6": 44.206311131780424, "7": 38.04409237924878, "8": 37.427249638976086, "9": 32.362034717472476, "10": 33.02685358143547, "11": 37.22332285672765, "12": 37.50909181940658, "13": 40.01284562733237, "14": 42.93107454828474, "15": 40.08377084074308, "16": 38.7907683805147, "17": 37.66308904842504, "18": 34.5535769074571, "19": 35.46773962017654, "20": 32.42119324213836, "21": 26.027060104447003, "22": 36.01318835001716, "23": 36.43236812868619, "24": 36.198722291860776, "25": 31.234147407186956, "26": 30.948077953051882, "27": 35.501322449590745, "28": 36.54709657439136, "29": 37.17338671036128, "30": 33.12404792273676, "31": 35.01435122331364, "32": 20.208921693947794, "34": 13.325705795875, "35": 14.433990370450504, "36": 14.030268652541588, "37": 17.857216589243674, "38": 24.296669522170788, "39": 21.54426188105933, "40": 27.780063609867735, "41": 30.790772904364424, "42": 31.791585333013625, "43": 26.443186352294873, "44": 22.005691577386504, "45": 23.800279298416314, "46": 23.396754331549733, "47": 26.830937018037453, "48": 25.066634664950143, "49": 17.44482934223265, "50": 24.261608126029213, "51": 28.732917496849137, "52": 27.850792103274625, "53": 28.796747772785384, "54": 30.802402648455335, "55": 31.479076161965025, "56": 30.652457057906446, "57": 35.378703164481124, "58": 30.904364888775774, "59": 37.22091572491462, "60": 30.570488074093564, "61": 35.24413034499658, "62": 32.15182007022886, "63": 31.811287981851645, "64": 32.85466143416396, "65": 32.4873020513864, "66": 31.471876834207034, "67": 32.36265157038747, "68": 32.006258946776995, "69": 34.340942719981314, "70": 28.0032101352602, "71": 34.72351092262644, "72": 31.227344167999888, "73": 34.97957048856475, "74": 31.42585201648035, "75": 31.166523318234958 } }, "geometry": { "type": "Polygon", "coordinates": [ [ [ 118.375, -30.125 ], [ 118.375, -30.375 ], [ 118.125, -30.375 ], [ 118.125, -30.625 ], [ 117.875, -30.625 ], [ 117.875, -30.875 ], [ 116.375, -30.875 ], [ 116.375, -30.625 ], [ 115.625, -30.625 ], [ 115.625, -30.375 ], [ 115.375, -30.375 ], [ 115.375, -30.625 ], [ 115.125, -30.625 ], [ 115.125, -30.875 ], [ 114.875, -30.875 ], [ 114.875, -31.125 ], [ 115.125, -31.125 ], [ 115.125, -31.375 ], [ 115.375, -31.375 ], [ 115.375, -33.375 ], [ 115.625, -33.375 ], [ 115.625, -33.125 ], [ 117.875, -33.125 ], [ 117.875, -32.875 ], [ 119.625, -32.875 ], [ 119.625, -32.375 ], [ 119.875, -32.375 ], [ 119.875, -32.125 ], [ 120.375, -32.125 ], [ 120.375, -31.625 ], [ 120.625, -31.625 ], [ 120.625, -31.375 ], [ 120.875, -31.375 ], [ 120.875, -31.125 ], [ 121.625, -31.125 ], [ 121.625, -30.875 ], [ 121.125, -30.875 ], [ 121.125, -30.625 ], [ 120.375, -30.625 ], [ 120.375, -30.375 ], [ 119.625, -30.375 ], [ 119.625, -30.125 ], [ 118.375, -30.125 ] ] ] } },
{ "type": "Feature", "properties": { "cluster_id": 34, "cohesion": 9.3878597748048289, "distances": { "1": 33.31743331578965, "2": 26.78620880317849, "3": 29.78160045108005, "4": 37.96301038377652, "5": 37.10187045159197, "6": 40.56221706693293, "7": 34.16133624015813, "8": 34.93825951350635, "9": 30.273129128314345, "10": 29.64905393399975, "11": 36.35991182300186, "12": 36.254555029961715, "13": 37.38504738633999, "14": 40.328875486559916, "15": 38.24206925729682, "16": 37.39983576245754, "17": 36.00749709530005, "18": 30.869156498971506, "19": 32.38097810528542, "20": 30.852297390025022, "21": 24.843657052439433, "22": 34.66979834286038, "23": 32.98154758425513, "24": 33.79023148557717, "25": 28.935379345989276, "26": 30.898860768045243, "27": 35.77211526504429, "28": 36.20995638239527, "29": 36.33006198198813, "30": 33.896910632240456, "31": 35.36380102104348, "32": 13.052076540307219, "33": 13.325705795875002, "35": 17.36938481083011, "36": 21.43314777271372, "37": 14.237426013304884, "38": 22.38505109371503, "39": 23.919711420387443, "40": 30.877102957408383, "41": 32.67851196762142, "42": 33.23815871474229, "43": 28.015710750380148, "44": 27.414055244416968, "45": 27.52612903149287, "46": 27.81722783547722, "47": 27.76305897861829, "48": 29.592945730723795, "49": 24.703012766021317, "50": 29.99097228047623, "51": 27.385817394964153, "52": 25.49158180435292, "53": 27.03541375896958, "54": 29.703634828081444, "55": 29.849142083764562, "56": 28.989725229304895, "57": 33.219493431085304, "58": 29.842414884689784, "59": 33.94561245513801, "60": 27.871470114263797, "61": 32.78152162061496, "62": 32.13135014645838, "63": 32.851966028850164, "64": 32.12178560701298, "65": 32.49038920848262, "66": 30.6557766542641, "67": 31.589504163070824, "68": 33.10787237895496, "69": 34.50425793016885, "70": 27.313208757728393, "71": 34.223694387155575, "72": 32.6456588019351, "73": 35.35647401228267, "74": 33.388833008592265, "75": 33.50805209330961 } }, "geometry": { "type": "Polygon", "coordinates": [ [ [ 120.875, -31.125 ], [ 120.875, -31.375 ], [ 120.625, -31.375 ], [ 120.625, -31.625 ], [ 120.375, -31.625 ], [ 120.375, -32.125 ], [ 119.875, -32.125 ], [ 119.875, -32.375 ], [ 119.625, -32.375 ], [ 119.625, -32.875 ], [ 117.875, -32.875 ], [ 117.875, -33.125 ], [ 115.625, -33.125 ], [ 115.625, -33.375 ], [ 115.125, -33.375 ], [ 115.125, -33.625 ], [ 114.875, -33.625 ], [ 114.875, -33.875 ], [ 114.625, -33.875 ], [ 114.625, -34.125 ], [ 115.375, -34.125 ], [ 115.375, -34.375 ], [ 115.875, -34.375 ], [ 115.875, -34.125 ], [ 118.125, -34.125 ], [ 118.125, -33.875 ], [ 118.875, -33.875 ], [ 118.875, -33.625 ], [ 119.375, -33.625 ], [ 119.375, -33.375 ], [ 119.875, -33.375 ], [ 119.875, -32.875 ], [ 121.125, -32.875 ], [ 121.125, -33.125 ], [ 121.875, -33.125 ], [ 121.875, -32.875 ], [ 122.375, -32.875 ], [ 122.375, -32.625 ], [ 125.375, -32.625 ], [ 125.375, -32.375 ], [ 125.875, -32.375 ], [ 125.875, -32.125 ], [ 126.375, -32.125 ], [ 126.375, -31.875 ], [ 126.875, -31.875 ], [ 126.875, -31.625 ], [ 125.125, -31.625 ], [ 125.125, -31.875 ], [ 123.625, -31.875 ], [ 123.625, -31.625 ], [ 123.125, -31.625 ], [ 123.125, -31.375 ], [ 121.625, -31.375 ], [ 121.625, -31.125 ], [ 120.875, -31.125 ] ] ] } },
{ "type": "Feature", "properties": { "cluster_id": 35, "cohesion": 6.5547076073281518, "distances": { "1": 43.0253704496918, "2": 33.40488195076963, "3": 38.02983278034179, "4": 48.577409907828645, "5": 46.90347104902805, "6": 50.90094828496168, "7": 43.83617644210196, "8": 43.50666271781074, "9": 36.857037697567876, "10": 37.50615769941535, "11": 42.63834610602871, "12": 43.421395535928795, "13": 45.514512520963955, "14": 49.91032032061664, "15": 46.371082569958574, "16": 44.09290182831641, "17": 42.28364057255709, "18": 40.05527419477387, "19": 40.64923974045209, "20": 36.54396231556264, "21": 30.1877846668315, "22": 35.50412337945063, "23": 36.26745070794967, "24": 34.446376329036006, "25": 27.259768037350828, "26": 25.53395915772726, "27": 34.636559346008404, "28": 36.47449556509212, "29": 35.27042309609828, "30": 28.89348161928971, "31": 32.65076793584202, "32": 24.44854444905957, "33": 14.433990370450504, "34": 17.369384810830113, "36": 12.673802438491228, "37": 13.463243370784621, "38": 18.3939855407122, "39": 13.386822625966014, "40": 27.84654828641477, "41": 27.402764896585946, "42": 29.717539967235233, "43": 20.501735275167565, "44": 16.289320660140095, "45": 20.0796485918995, "46": 23.184354347296484, "47": 26.145883708283787, "48": 25.756120912130072, "49": 18.757978462093728, "50": 22.382966178135227, "51": 29.937729678815227, "52": 29.675455331658576, "53": 32.12043414722166, "54": 33.099029222390776, "55": 34.80572971988904, "56": 34.546022412771265, "57": 39.38535502991729, "58": 34.22738751926941, "59": 39.408593331105365, "60": 34.107891208471166, "61": 39.4033335994948, "62": 33.98983633612378, "63": 31.841787337728118, "64": 34.888532749872745, "65": 32.99182943292825, "66": 33.40804257213682, "67": 35.890215567835256, "68": 34.712459533548504, "69": 39.054417200986364, "70": 29.879812694028043, "71": 38.191978126369015, "72": 33.66861517933602, "73": 39.36170757719129, "74": 34.29773430996873, "75": 33.481769261500105 } }, "geometry": { "type": "Polygon", "coordinates": [ [ [ 123.625, -28.625 ], [ 123.625, -29.125 ], [ 123.875, -29.125 ], [ 123.875, -29.375 ], [ 123.375, -29.375 ], [ 123.375, -29.625 ], [ 122.875, -29.625 ], [ 122.875, -29.875 ], [ 121.625, -29.875 ], [ 121.625, -29.625 ], [ 120.625, -29.625 ], [ 120.625, -29.875 ], [ 120.375, -29.875 ], [ 120.375, -30.625 ], [ 121.125, -30.625 ], [ 121.125, -30.875 ], [ 121.625, -30.875 ], [ 121.625, -31.375 ], [ 123.125, -31.375 ], [ 123.125, -31.125 ], [ 123.375, -31.125 ], [ 123.375, -30.875 ], [ 124.125, -30.875 ], [ 124.125, -31.125 ], [ 124.375, -31.125 ], [ 124.375, -31.375 ], [ 125.625, -31.375 ], [ 125.625, -31.125 ], [ 125.875, -31.125 ], [ 125.875, -30.875 ], [ 127.625, -30.875 ], [ 127.625, -30.375 ], [ 126.875, -30.375 ], [ 126.875, -30.125 ], [ 126.375, -30.125 ], [ 126.375, -29.625 ], [ 126.125, -29.625 ], [ 126.125, -29.375 ], [ 125.875, -29.375 ], [ 125.875, -28.875 ], [ 125.375, -28.875 ], [ 125.375, -28.625 ], [ 123.625, -28.625 ] ] ] } },
{ "type": "Feature", "properties": { "cluster_id": 36, "cohesion": 8.4193387405457081, "distances": { "1": 44.05583528792562, "2": 34.62044102267979, "3": 39.37412467518156, "4": 48.17341292573838, "5": 45.80648122050769, "6": 49.4689633982894, "7": 43.32825392434601, "8": 41.564849627320875, "9": 35.46597721971587, "10": 37.38564789922006, "11": 39.0487764413072, "12": 40.295854489543515, "13": 43.44787496153789, "14": 47.47486642589363, "15": 43.428878812501935, "16": 40.811618297308705, "17": 39.5124436456087, "18": 39.58793844664453, "19": 39.40361739054508, "20": 34.44120440172903, "21": 28.844229706048885, "22": 34.557906193391226, "23": 37.33704560316928, "24": 35.27320650999486, "25": 29.99855335919379, "26": 27.039638004594064, "27": 32.56275187350108, "28": 34.63100944044049, "29": 34.496653317533756, "30": 28.25731673900513, "31": 31.087752946475657, "32": 27.969547763248322, "33": 14.03026865254159, "34": 21.43314777271372, "35": 12.67380243849123, "37": 20.53473822257658, "38": 23.415067519809458, "39": 16.693865929140266, "40": 23.32237840904692, "41": 25.52670098592246, "42": 27.436707916789338, "43": 21.693391534829313, "44": 13.389031361179482, "45": 17.684449515198864, "46": 18.318057338287986, "47": 23.979561483037834, "48": 19.40355934210588, "49": 11.356318381271944, "50": 16.030605848048996, "51": 30.052786567966887, "52": 30.855228621827226, "53": 31.908654918614346, "54": 32.30803651442353, "55": 33.596855795064535, "56": 33.10062128253775, "57": 37.47773991238125, "58": 31.968210966757244, "59": 39.138017419806104, "60": 33.52596648315291, "61": 37.6724716075089, "62": 31.550979466442097, "63": 29.10223285609714, "64": 33.18252227623869, "65": 31.497559364712952, "66": 31.814691717784456, "67": 33.4736705289716, "68": 30.82768989787295, "69": 35.19252617890006, "70": 27.80690081174497, "71": 34.77587351217774, "72": 29.05636913522534, "73": 34.949330039626886, "74": 29.196581508963188, "75": 28.031964916222773 } }, "geometry": { "type": "MultiPolygon", "coordinates": [ [ [ [ 114.375, -29.125 ], [ 114.375, -28.875 ], [ 114.625, -28.875 ], [ 114.625, -29.125 ], [ 114.375, -29.125 ] ] ], [ [ [ 114.875, -29.125 ], [ 114.875, -29.625 ], [ 115.125, -29.625 ], [ 115.125, -30.125 ], [ 115.625, -30.125 ], [ 115.625, -29.875 ], [ 115.875, -29.875 ], [ 115.875, -29.375 ], [ 116.125, -29.375 ], [ 116.125, -29.625 ], [ 116.375, -29.625 ], [ 116.375, -29.375 ], [ 116.625, -29.375 ], [ 116.625, -28.375 ], [ 117.125, -28.375 ], [ 117.125, -28.625 ], [ 117.375, -28.625 ], [ 117.375, -28.875 ], [ 118.125, -28.875 ], [ 118.125, -28.625 ], [ 118.375, -28.625 ], [ 118.375, -28.375 ], [ 118.625, -28.375 ], [ 118.625, -28.125 ], [ 118.875, -28.125 ], [ 118.875, -27.875 ], [ 119.125, -27.875 ], [ 119.125, -27.625 ], [ 119.375, -27.625 ], [ 119.375, -27.125 ], [ 119.625, -27.125 ], [ 119.625, -26.875 ], [ 120.625, -26.875 ], [ 120.625, -26.375 ], [ 121.125, -26.375 ], [ 121.125, -26.125 ], [ 121.625, -26.125 ], [ 121.625, -26.625 ], [ 121.875, -26.625 ], [ 121.875, -26.875 ], [ 122.375, -26.875 ], [ 122.375, -27.125 ], [ 122.125, -27.125 ], [ 122.125, -27.375 ], [ 122.375, -27.375 ], [ 122.375, -27.625 ], [ 122.625, -27.625 ], [ 122.625, -27.875 ], [ 123.625, -27.875 ], [ 123.625, -28.125 ], [ 125.875, -28.125 ], [ 125.875, -28.375 ], [ 126.125, -28.375 ], [ 126.125, -28.625 ], [ 125.875, -28.625 ], [ 125.875, -28.875 ], [ 125.375, -28.875 ], [ 125.375, -28.625 ], [ 123.625, -28.625 ], [ 123.625, -29.125 ], [ 123.875, -29.125 ], [ 123.875, -29.375 ], [ 123.375, -29.375 ], [ 123.375, -29.625 ], [ 122.875, -29.625 ], [ 122.875, -29.875 ], [ 121.625, -29.875 ], [ 121.625, -29.625 ], [ 120.625, -29.625 ], [ 120.625, -29.875 ], [ 120.375, -29.875 ], [ 120.375, -30.375 ], [ 119.625, -30.375 ], [ 119.625, -30.125 ], [ 118.375, -30.125 ], [ 118.375, -30.375 ], [ 118.125, -30.375 ], [ 118.125, -30.625 ], [ 117.875, -30.625 ], [ 117.875, -30.875 ], [ 116.375, -30.875 ], [ 116.375, -30.625 ], [ 115.625, -30.625 ], [ 115.625, -30.375 ], [ 115.375, -30.375 ], [ 115.375, -30.625 ], [ 115.125, -30.625 ], [ 115.125, -30.875 ], [ 114.875, -30.875 ], [ 114.875, -30.625 ], [ 114.625, -30.625 ], [ 114.625, -29.125 ], [ 114.875, -29.125 ] ] ] ] } },
{ "type": "Feature", "properties": { "cluster_id": 37, "cohesion": 7.9503255044167727, "distances": { "1": 36.096894534564186, "2": 27.562005266555303, "3": 31.414488954210114, "4": 42.63911875422553, "5": 41.4348817855937, "6": 45.45413228888343, "7": 37.99296747061684, "8": 38.6746383788126, "9": 32.11107170896658, "10": 31.872550176579427, "11": 39.204787723919814, "12": 39.54568494646448, "13": 40.96648398816414, "14": 45.146338491707404, "15": 42.16315412848165, "16": 40.26069495842069, "17": 38.36872754860175, "18": 34.8996461565454, "19": 35.77834988479406, "20": 32.85365935739155, "21": 27.046099639726314, "22": 32.175190491290216, "23": 30.973310939601255, "24": 30.27482467268187, "25": 22.87379873842512, "26": 24.68799524693512, "27": 32.113133294289945, "28": 33.20117477291845, "29": 32.65323916447472, "30": 28.788633204909925, "31": 31.186941843161193, "32": 17.62438239712667, "33": 17.857216589243674, "34": 14.237426013304884, "35": 13.463243370784621, "36": 20.53473822257658, "38": 13.871648570061089, "39": 17.09955110239792, "40": 28.978203934120256, "41": 27.996213744975257, "42": 29.14469428987025, "43": 21.6151064358313, "44": 23.31285615948453, "45": 23.52824517810954, "46": 25.362494119669712, "47": 24.790189924434728, "48": 28.69156593141409, "49": 24.27545432107537, "50": 27.758971103549005, "51": 25.721667505672787, "52": 24.54538318663036, "53": 26.9834411266487, "54": 28.788175151461484, "55": 30.108845182160668, "56": 29.562237619419268, "57": 34.49122272026112, "58": 30.083423858717534, "59": 34.19183301599686, "60": 29.3543249579886, "61": 34.67056801238163, "62": 30.643356911602506, "63": 30.12403770362511, "64": 30.543002705552198, "65": 29.617923159684647, "66": 29.16554482731788, "67": 31.983224891202124, "68": 32.88222455152655, "69": 36.34700821105093, "70": 26.686528303862445, "71": 35.21781008628208, "72": 32.73043168832587, "73": 37.05242922615211, "74": 33.66533857399762, "75": 33.473139980967616 } }, "geometry": { "type": "Polygon", "coordinates": [ [ [ 123.375, -30.875 ], [ 123.375, -31.125 ], [ 123.125, -31.125 ], [ 123.125, -31.625 ], [ 123.625, -31.625 ], [ 123.625, -31.875 ], [ 125.125, -31.875 ], [ 125.125, -31.625 ], [ 126.875, -31.625 ], [ 126.875, -31.875 ], [ 126.375, -31.875 ], [ 126.375, -32.125 ], [ 125.875, -32.125 ], [ 125.875, -32.375 ], [ 125.625, -32.375 ], [ 125.625, -32.625 ], [ 125.375, -32.625 ], [ 125.375, -32.875 ], [ 125.875, -32.875 ], [ 125.875, -32.625 ], [ 127.375, -32.625 ], [ 127.375, -32.375 ], [ 128.375, -32.375 ], [ 128.375, -32.125 ], [ 128.875, -32.125 ], [ 128.875, -31.625 ], [ 129.375, -31.625 ], [ 129.375, -31.375 ], [ 128.875, -31.375 ], [ 128.875, -31.125 ], [ 127.375, -31.125 ], [ 127.375, -30.875 ], [ 125.875, -30.875 ], [ 125.875, -31.125 ], [ 125.625, -31.125 ], [ 125.625, -31.375 ], [ 124.375, -31.375 ], [ 124.375, -31.125 ], [ 124.125, -31.125 ], [ 124.125, -30.875 ], [ 123.375, -30.875 ] ] ] } },
{ "type": "Feature", "properties": { "cluster_id": 38, "cohesion": 5.2656154376710269, "distances": { "1": 37.781653284246175, "2": 28.49710615922662, "3": 32.33798988026255, "4": 45.54856181255764, "5": 44.01156999023827, "6": 48.60585087347768, "7": 40.892229326156276, "8": 41.50207233182501, "9": 33.840585590701416, "10": 33.73300157077509, "11": 40.4726375385376, "12": 41.87132028887456, "13": 42.71943539311552, "14": 48.390712737378614, "15": 44.528422005529904, "16": 41.21553346330512, "17": 38.94296047082119, "18": 37.366820273620625, "19": 37.55171843460021, "20": 33.5181033289811, "21": 28.53843063169187, "22": 27.503528155976102, "23": 26.844624599326636, "24": 24.04295071731138, "25": 13.627263675397732, "26": 14.994120343839628, "27": 27.876387766864617, "28": 28.8831011314981, "29": 26.468847544987426, "30": 20.9241226772735, "31": 25.433268550617022, "32": 23.932673045570805, "33": 24.296669522170788, "34": 22.38505109371503, "35": 18.3939855407122, "36": 23.415067519809458, "37": 13.871648570061089, "39": 13.769193374667982, "40": 26.861659665280612, "41": 21.97993225363465, "42": 24.764741940475872, "43": 13.66600688333411, "44": 21.362995203478842, "45": 20.211102838750985, "46": 24.47014670519078, "47": 22.7367749976875, "48": 27.590925842350885, "49": 25.667066060995445, "50": 25.755225524171905, "51": 24.210576107389628, "52": 24.147077600955832, "53": 27.215500202484474, "54": 27.730615158201953, "55": 30.327112275779836, "56": 29.86208476907819, "57": 34.31402009045548, "58": 29.46387295733575, "59": 32.30913049945157, "60": 29.425175137199293, "61": 34.790944434715, "62": 29.91802033455975, "63": 27.899294903708736, "64": 28.88846470317795, "65": 26.40869400602091, "66": 28.142265763279998, "67": 32.59982216091642, "68": 32.752187081722596, "69": 37.645709647827786, "70": 26.01007287425264, "71": 34.66907933295638, "72": 31.454071401329063, "73": 37.177828602069695, "74": 32.76486426175441, "75": 31.784286760309932 } }, "geometry": { "type": "Polygon", "coordinates": [ [ [ 128.875, -30.875 ], [ 128.875, -31.375 ], [ 129.375, -31.375 ], [ 129.375, -31.625 ], [ 128.875, -31.625 ], [ 128.875, -32.125 ], [ 129.375, -32.125 ], [ 129.375, -31.875 ], [ 131.625, -31.875 ], [ 131.625, -32.125 ], [ 132.125, -32.125 ], [ 132.125, -31.875 ], [ 133.625, -31.875 ], [ 133.625, -31.125 ], [ 133.125, -31.125 ], [ 133.125, -30.875 ], [ 128.875, -30.875 ] ] ] } },
{ "type": "Feature", "properties": { "cluster_id": 39, "cohesion": 7.439724718392239, "distances": { "1": 44.461116411528806, "2": 34.10343654043726, "3": 38.97112415367669, "4": 50.78501958048963, "5": 48.629960983650655, "6": 52.82864112473005, "7": 45.399799903758414, "8": 44.40411723628107, "9": 36.72365112301646, "10": 38.236515839821756, "11": 42.19179828641065, "12": 43.324252780787035, "13": 46.52408741837602, "14": 51.257778131445114, "15": 46.886071919601484, "16": 44.00040642201528, "17": 42.67072643413472, "18": 41.94797476294734, "19": 41.82080953619385, "20": 37.05128996711743, "21": 31.232077694990853, "22": 32.00350836073283, "23": 34.50822712911006, "24": 30.965633377134136, "25": 22.407082183184148, "26": 18.73491817185192, "27": 28.898789031280845, "28": 31.81700163222901, "29": 30.445863619467627, "30": 21.8532456444986, "31": 26.413953150076185, "32": 28.951111035109932, "33": 21.54426188105933, "34": 23.919711420387443, "35": 13.386822625966014, "36": 16.693865929140266, "37": 17.09955110239792, "38": 13.769193374667982, "40": 23.19017733126959, "41": 20.165155691968756, "42": 23.295329448951456, "43": 12.077487482320297, "44": 12.313384845674008, "45": 13.320597056901004, "46": 22.5904714600329, "47": 24.966369209307015, "48": 24.954875923593324, "49": 20.742656905714394, "50": 19.35291751195257, "51": 28.331864577278573, "52": 29.276778591402532, "53": 31.565127325465056, "54": 31.473583376406978, "55": 33.71233087567423, "56": 33.77458956807212, "57": 38.912644708894554, "58": 32.90308632427216, "59": 38.86009684084005, "60": 34.43656756101567, "61": 39.544099981686585, "62": 30.478227628586136, "63": 26.945921733666673, "64": 32.20342591005571, "65": 29.0774921244996, "66": 30.343449707412258, "67": 33.9796721350247, "68": 31.67792546766171, "69": 37.61898351228103, "70": 29.591841594316232, "71": 37.77007409730283, "72": 32.49134951016152, "73": 37.99212512306738, "74": 31.437840428820504, "75": 31.02107275834396 } }, "geometry": { "type": "Polygon", "coordinates": [ [ [ 130.375, -26.625 ], [ 130.375, -26.875 ], [ 129.875, -26.875 ], [ 129.875, -27.625 ], [ 130.125, -27.625 ], [ 130.125, -27.875 ], [ 129.625, -27.875 ], [ 129.625, -28.125 ], [ 127.125, -28.125 ], [ 127.125, -28.625 ], [ 125.875, -28.625 ], [ 125.875, -29.375 ], [ 126.125, -29.375 ], [ 126.125, -29.625 ], [ 126.375, -29.625 ], [ 126.375, -30.125 ], [ 126.875, -30.125 ], [ 126.875, -30.375 ], [ 127.625, -30.375 ], [ 127.625, -30.875 ], [ 127.375, -30.875 ], [ 127.375, -31.125 ], [ 128.875, -31.125 ], [ 128.875, -30.875 ], [ 132.375, -30.875 ], [ 132.375, -30.625 ], [ 132.125, -30.625 ], [ 132.125, -30.375 ], [ 131.875, -30.375 ], [ 131.875, -30.125 ], [ 131.625, -30.125 ], [ 131.625, -29.875 ], [ 131.375, -29.875 ], [ 131.375, -29.125 ], [ 132.125, -29.125 ], [ 132.125, -28.625 ], [ 131.875, -28.625 ], [ 131.875, -28.125 ], [ 131.375, -28.125 ], [ 131.375, -27.625 ], [ 131.625, -27.625 ], [ 131.625, -26.875 ], [ 130.875, -26.875 ], [ 130.875, -26.625 ], [ 130.375, -26.625 ] ] ] } },
{ "type": "Feature", "properties": { "cluster_id": 40, "cohesion": 9.6441423445208869, "distances": { "1": 42.236100904424816, "2": 34.297986495696776, "3": 38.19354948988473, "4": 45.44712768950652, "5": 41.71235459536292, "6": 44.862671992345895, "7": 40.03322847682904, "8": 35.65696494695913, "9": 30.02470355824619, "10": 34.60763076915135, "11": 28.779651501560622, "12": 30.92946227766651, "13": 37.44507982308315, "14": 40.7000866780204, "15": 34.99364448517252, "16": 31.744163096192082, "17": 32.94355024910774, "18": 37.71732117622162, "19": 35.30436356911168, "20": 29.812973378605633, "21": 27.51865650006738, "22": 28.38431085377903, "23": 35.033452962962194, "24": 31.70113863120732, "25": 29.087040305449964, "26": 25.323350844266557, "27": 21.166242467877588, "28": 25.943052333930186, "29": 27.66747031747964, "30": 21.708648838840244, "31": 21.126752268428547, "32": 33.01590192736574, "33": 27.780063609867735, "34": 30.877102957408383, "35": 27.84654828641477, "36": 23.32237840904692, "37": 28.978203934120256, "38": 26.861659665280612, "39": 23.19017733126959, "41": 16.313661670254938, "42": 15.509274862222403, "43": 21.027437661424415, "44": 19.057653181447723, "45": 14.11279575919357, "46": 21.024658803135097, "47": 23.234268323702054, "48": 18.294937913305695, "49": 21.023100781308457, "50": 15.30655015528719, "51": 27.97035896915805, "52": 31.0222140875356, "53": 30.50000910443529, "54": 28.772051390167135, "55": 28.469257475323012, "56": 28.821450263226524, "57": 32.09500465695937, "58": 25.84785437017096, "59": 35.897454468310066, "60": 31.46547533715789, "61": 33.13675948716938, "62": 20.536565947261288, "63": 16.28910272766131, "64": 26.95670592488368, "65": 25.066942880123452, "66": 23.502152732687506, "67": 24.11439687573789, "68": 16.871689198554492, "69": 22.92366893635863, "70": 24.788462869211283, "71": 27.887964858295433, "72": 21.92609893159565, "73": 22.980124609031833, "74": 14.295277141369127, "75": 16.612460897802173 } }, "geometry": { "type": "Polygon", "coordinates": [ [ [ 133.875, -23.625 ], [ 133.875, -23.875 ], [ 131.875, -23.875 ], [ 131.875, -24.125 ], [ 131.375, -24.125 ], [ 131.375, -23.875 ], [ 130.375, -23.875 ], [ 130.375, -24.125 ], [ 130.125, -24.125 ], [ 130.125, -24.625 ], [ 128.875, -24.625 ], [ 128.875, -24.375 ], [ 126.875, -24.375 ], [ 126.875, -24.625 ], [ 124.625, -24.625 ], [ 124.625, -25.125 ], [ 125.625, -25.125 ], [ 125.625, -25.375 ], [ 125.875, -25.375 ], [ 125.875, -25.625 ], [ 129.875, -25.625 ], [ 129.875, -25.875 ], [ 130.125, -25.875 ], [ 130.125, -25.625 ], [ 130.625, -25.625 ], [ 130.625, -25.875 ], [ 131.375, -25.875 ], [ 131.375, -25.625 ], [ 131.875, -25.625 ], [ 131.875, -25.375 ], [ 132.875, -25.375 ], [ 132.875, -24.875 ], [ 133.375, -24.875 ], [ 133.375, -24.625 ], [ 134.375, -24.625 ], [ 134.375, -24.375 ], [ 134.125, -24.375 ], [ 134.125, -24.125 ], [ 134.375, -24.125 ], [ 134.375, -23.875 ], [ 134.625, -23.875 ], [ 134.625, -23.625 ], [ 133.875, -23.625 ] ] ] } },
{ "type": "Feature", "properties": { "cluster_id": 41, "cohesion": 8.124790364100674, "distances": { "1": 44.652099368597874, "2": 36.02422703503888, "3": 39.58560265823083, "4": 50.697130556356136, "5": 47.47585847392748, "6": 51.67179378352748, "7": 45.60807357528834, "8": 42.98585133070707, "9": 35.543336729013525, "10": 38.79230065832292, "11": 37.39498946987695, "12": 39.674225120705216, "13": 44.0460698617515, "14": 49.062128863852635, "15": 43.53007166919357, "16": 39.39885098662317, "17": 38.7584769195797, "18": 42.518852817487534, "19": 40.56172614203725, "20": 34.811818962914195, "21": 32.1101135691424, "22": 24.711788815208905, "23": 31.33130785015582, "24": 26.08766080875296, "25": 22.098112523213604, "26": 16.509134292828897, "27": 17.81240607534516, "28": 22.940795498226098, "29": 21.57302331216804, "30": 11.53048131677392, "31": 14.225504472869705, "32": 34.425575242695245, "33": 30.790772904364424, "34": 32.67851196762142, "35": 27.402764896585946, "36": 25.526700985922457, "37": 27.996213744975257, "38": 21.979932253634647, "39": 20.165155691968756, "40": 16.313661670254934, "42": 10.96564744850476, "43": 13.77386480627768, "44": 19.157870563259568, "45": 14.742271051146131, "46": 22.454950962429333, "47": 22.79437095556854, "48": 22.75170084039717, "49": 24.586321354484678, "50": 18.806252765169585, "51": 28.083894753831828, "52": 31.42793242582795, "53": 32.3264668553655, "54": 30.028157357071976, "55": 32.012219340060284, "56": 31.491557137636224, "57": 34.39213225553388, "58": 28.139698553993735, "59": 35.18556409228621, "60": 32.79472564232416, "61": 35.70546671604888, "62": 24.218880114407767, "63": 17.53665660915475, "64": 27.41416158636845, "65": 23.69104616391924, "66": 26.26401505014846, "67": 29.84450505723124, "68": 24.324902353901056, "69": 32.135517697840164, "70": 26.689938453768235, "71": 32.78146525049916, "72": 27.0703140786406, "73": 31.791731262242067, "74": 24.042283746483985, "75": 24.078542912669302 } }, "geometry": { "type": "MultiPolygon", "coordinates": [ [ [ [ 137.625, -28.875 ], [ 137.625, -29.125 ], [ 137.875, -29.125 ], [ 137.875, -29.375 ], [ 138.125, -29.375 ], [ 138.125, -29.625 ], [ 138.375, -29.625 ], [ 138.375, -29.875 ], [ 137.625, -29.875 ], [ 137.625, -29.625 ], [ 137.375, -29.625 ], [ 137.375, -28.875 ], [ 137.625, -28.875 ] ] ], [ [ [ 138.125, -28.875 ], [ 137.875, -28.875 ], [ 137.875, -28.625 ], [ 138.125, -28.625 ], [ 138.125, -28.875 ] ] ], [ [ [ 137.375, -28.375 ], [ 137.125, -28.375 ], [ 137.125, -28.625 ], [ 136.875, -28.625 ], [ 136.875, -28.375 ], [ 136.625, -28.375 ], [ 136.625, -28.125 ], [ 135.875, -28.125 ], [ 135.875, -27.625 ], [ 135.375, -27.625 ], [ 135.375, -27.375 ], [ 134.125, -27.375 ], [ 134.125, -27.125 ], [ 133.875, -27.125 ], [ 133.875, -26.875 ], [ 134.375, -26.875 ], [ 134.375, -26.375 ], [ 134.125, -26.375 ], [ 134.125, -26.125 ], [ 133.875, -26.125 ], [ 133.875, -26.375 ], [ 133.125, -26.375 ], [ 133.125, -26.625 ], [ 132.625, -26.625 ], [ 132.625, -26.375 ], [ 131.375, -26.375 ], [ 131.375, -26.125 ], [ 130.375, -26.125 ], [ 130.375, -25.875 ], [ 131.375, -25.875 ], [ 131.375, -25.625 ], [ 131.875, -25.625 ], [ 131.875, -25.375 ], [ 132.625, -25.375 ], [ 132.625, -25.625 ], [ 133.125, -25.625 ], [ 133.125, -25.875 ], [ 134.625, -25.875 ], [ 134.625, -26.125 ], [ 135.125, -26.125 ], [ 135.125, -26.375 ], [ 135.375, -26.375 ], [ 135.375, -26.625 ], [ 135.625, -26.625 ], [ 135.625, -26.875 ], [ 135.875, -26.875 ], [ 135.875, -27.125 ], [ 136.625, -27.125 ], [ 136.625, -27.375 ], [ 136.875, -27.375 ], [ 136.875, -27.625 ], [ 137.125, -27.625 ], [ 137.125, -27.875 ], [ 137.625, -27.875 ], [ 137.625, -28.125 ], [ 137.875, -28.125 ], [ 137.875, -28.625 ], [ 137.375, -28.625 ], [ 137.375, -28.375 ] ] ] ] } },
{ "type": "Feature", "properties": { "cluster_id": 42, "cohesion": 7.3961793821137105, "distances": { "1": 43.94004461316689, "2": 35.5310511502642, "3": 39.22092777154683, "4": 49.53436390338684, "5": 46.081727388920285, "6": 49.831157712635815, "7": 43.827217650398666, "8": 40.331210815106985, "9": 32.93610222526351, "10": 37.29511872950268, "11": 34.79012478263638, "12": 36.08877901424888, "13": 42.592829325132904, "14": 46.33765947860941, "15": 40.77908276866455, "16": 37.533622750419276, "17": 37.79921232936641, "18": 41.65679053801765, "19": 39.48158639014734, "20": 34.1143466837886, "21": 31.71523601882539, "22": 25.668646068370318, "23": 33.02618217847294, "24": 28.496471174561897, "25": 25.46765531342686, "26": 21.472252354392086, "27": 13.491881635820485, "28": 21.057494032851753, "29": 23.16349667908735, "30": 16.333925293824528, "31": 14.08201650172577, "32": 34.56672879474673, "33": 31.791585333013625, "34": 33.23815871474229, "35": 29.717539967235233, "36": 27.436707916789338, "37": 29.14469428987025, "38": 24.764741940475872, "39": 23.295329448951463, "40": 15.509274862222407, "41": 10.965647448504757, "43": 18.4914369969675, "44": 22.252852894800707, "45": 17.35150981254626, "46": 23.37348020320177, "47": 23.93983403279286, "48": 24.21088178790094, "49": 26.014149545790776, "50": 21.124889656997468, "51": 27.332291389059257, "52": 31.114407385754507, "53": 31.094225576255216, "54": 28.557123137912026, "55": 29.78140980854528, "56": 29.596064816498515, "57": 33.19017747899553, "58": 26.599764085705772, "59": 35.89165131447791, "60": 32.93369202896878, "61": 35.15434224432813, "62": 18.81529221645167, "63": 11.576244916193806, "64": 24.85236699059894, "65": 21.461957582723777, "66": 22.564434270829267, "67": 25.69788571831418, "68": 19.336020236768913, "69": 27.9742537937057, "70": 27.08372822136975, "71": 32.45114948507917, "72": 27.24312828290986, "73": 29.66289421734072, "74": 22.15528930204169, "75": 23.955662804887904 } }, "geometry": { "type": "Polygon", "coordinates": [ [ [ 133.375, -24.625 ], [ 133.375, -24.875 ], [ 132.875, -24.875 ], [ 132.875, -25.375 ], [ 132.625, -25.375 ], [ 132.625, -25.625 ], [ 133.125, -25.625 ], [ 133.125, -25.875 ], [ 134.625, -25.875 ], [ 134.625, -26.125 ], [ 135.125, -26.125 ], [ 135.125, -26.375 ], [ 135.375, -26.375 ], [ 135.375, -26.625 ], [ 135.625, -26.625 ], [ 135.625, -26.875 ], [ 135.875, -26.875 ], [ 135.875, -27.125 ], [ 136.625, -27.125 ], [ 136.625, -27.375 ], [ 136.875, -27.375 ], [ 136.875, -27.625 ], [ 137.125, -27.625 ], [ 137.125, -27.875 ], [ 137.625, -27.875 ], [ 137.625, -28.125 ], [ 137.875, -28.125 ], [ 137.875, -28.625 ], [ 138.125, -28.625 ], [ 138.125, -28.875 ], [ 138.375, -28.875 ], [ 138.375, -29.125 ], [ 138.625, -29.125 ], [ 138.625, -29.375 ], [ 139.375, -29.375 ], [ 139.375, -29.125 ], [ 140.125, -29.125 ], [ 140.125, -29.375 ], [ 140.375, -29.375 ], [ 140.375, -29.625 ], [ 141.125, -29.625 ], [ 141.125, -29.375 ], [ 140.625, -29.375 ], [ 140.625, -29.125 ], [ 140.375, -29.125 ], [ 140.375, -27.625 ], [ 140.125, -27.625 ], [ 140.125, -27.375 ], [ 139.875, -27.375 ], [ 139.875, -27.125 ], [ 139.375, -27.125 ], [ 139.375, -27.375 ], [ 138.625, -27.375 ], [ 138.625, -27.125 ], [ 138.375, -27.125 ], [ 138.375, -27.375 ], [ 137.875, -27.375 ], [ 137.875, -27.125 ], [ 137.625, -27.125 ], [ 137.625, -26.875 ], [ 137.375, -26.875 ], [ 137.375, -26.625 ], [ 137.125, -26.625 ], [ 137.125, -26.125 ], [ 136.875, -26.125 ], [ 136.875, -25.875 ], [ 136.625, -25.875 ], [ 136.625, -25.625 ], [ 136.125, -25.625 ], [ 136.125, -25.375 ], [ 135.875, -25.375 ], [ 135.875, -25.125 ], [ 135.625, -25.125 ], [ 135.625, -24.875 ], [ 134.625, -24.875 ], [ 134.625, -24.625 ], [ 133.375, -24.625 ] ] ] } },
{ "type": "Feature", "properties": { "cluster_id": 43, "cohesion": 6.6791156884839795, "distances": { "1": 43.35329606014714, "2": 33.605703783650156, "3": 37.74846753037607, "4": 50.34473944784572, "5": 47.93038782123871, "6": 52.36906972405846, "7": 45.14895899804313, "8": 44.0996210578457, "9": 36.13039943097094, "10": 37.75633431910836, "11": 40.7590486042763, "12": 42.67570372734338, "13": 45.467882076348964, "14": 50.90976551918972, "15": 46.06895777831192, "16": 42.269721265994036, "17": 40.85537470628, "18": 41.78679081425162, "19": 40.98224536199915, "20": 35.86150834789727, "21": 31.37157380720648, "22": 27.61187786047976, "23": 30.780759365840623, "24": 26.10241148528786, "25": 17.72143618082398, "26": 12.221266094260269, "27": 24.52972633675619, "28": 27.584887692305923, "29": 25.058872343882904, "30": 14.382308284351252, "31": 20.9088888280556, "32": 30.907770367064945, "33": 26.443186352294877, "34": 28.015710750380148, "35": 20.501735275167565, "36": 21.69339153482931, "37": 21.6151064358313, "38": 13.666006883334111, "39": 12.077487482320294, "40": 21.02743766142442, "41": 13.773864806277683, "42": 18.4914369969675, "44": 15.653531746558794, "45": 13.33134265704552, "46": 22.215634462626365, "47": 22.62734440953302, "48": 24.052061049382484, "49": 23.07524379106928, "50": 19.473425077621737, "51": 26.78529676238645, "52": 28.635756379421903, "53": 30.942996408524042, "54": 29.78977509804167, "55": 32.43082392279723, "56": 32.402299502032804, "57": 36.6316626492251, "58": 30.647253984926778, "59": 35.81796666628157, "60": 32.72416057387651, "61": 37.41274688980904, "62": 28.527038774068142, "63": 23.943231828670765, "64": 29.836876482943826, "65": 25.916043957055646, "66": 28.37862193671377, "67": 32.704416648227806, "68": 29.905827712089106, "69": 36.54566584493544, "70": 27.33700909674667, "71": 35.28736395365556, "72": 29.964889580743087, "73": 36.012048765850274, "74": 29.291498810080817, "75": 28.39149893303253 } }, "geometry": { "type": "Polygon", "coordinates": [ [ [ 133.875, -26.125 ], [ 133.875, -26.375 ], [ 133.125, -26.375 ], [ 133.125, -26.625 ], [ 132.625, -26.625 ], [ 132.625, -26.375 ], [ 131.875, -26.375 ], [ 131.875, -26.875 ], [ 131.625, -26.875 ], [ 131.625, -27.625 ], [ 131.375, -27.625 ], [ 131.375, -28.125 ], [ 131.875, -28.125 ], [ 131.875, -28.625 ], [ 132.125, -28.625 ], [ 132.125, -29.125 ], [ 131.375, -29.125 ], [ 131.375, -29.875 ], [ 131.625, -29.875 ], [ 131.625, -30.125 ], [ 131.875, -30.125 ], [ 131.875, -30.375 ], [ 132.125, -30.375 ], [ 132.125, -30.625 ], [ 132.375, -30.625 ], [ 132.375, -30.875 ], [ 132.875, -30.875 ], [ 132.875, -30.625 ], [ 133.125, -30.625 ], [ 133.125, -30.375 ], [ 133.375, -30.375 ], [ 133.375, -30.125 ], [ 133.875, -30.125 ], [ 133.875, -29.375 ], [ 134.125, -29.375 ], [ 134.125, -28.625 ], [ 134.375, -28.625 ], [ 134.375, -27.875 ], [ 134.625, -27.875 ], [ 134.625, -27.375 ], [ 134.125, -27.375 ], [ 134.125, -27.125 ], [ 133.875, -27.125 ], [ 133.875, -26.875 ], [ 134.375, -26.875 ], [ 134.375, -26.375 ], [ 134.125, -26.375 ], [ 134.125, -26.125 ], [ 133.875, -26.125 ] ] ] } },
{ "type": "Feature", "properties": { "cluster_id": 44, "cohesion": 6.1397084169348144, "distances": { "1": 46.92394434987044, "2": 36.91876190898899, "3": 41.778699029788314, "4": 51.739972367255454, "5": 48.98784163801142, "6": 52.951890097483236, "7": 46.61446858002008, "8": 44.361996672981164, "9": 37.44173900659486, "10": 39.984654940691655, "11": 40.362558015855164, "12": 42.13205926739044, "13": 45.877342728732096, "14": 50.57550305340403, "15": 45.718664163099824, "16": 42.34532089235048, "17": 41.30441495540603, "18": 42.78343329728849, "19": 41.97952173715046, "20": 36.25052559192355, "21": 31.158406530183917, "22": 31.979259540992498, "23": 36.56601264688523, "24": 32.78605779328378, "25": 26.955219832840253, "26": 21.685998274833693, "27": 28.47187136596048, "28": 31.61303476078738, "29": 30.54133566331978, "30": 21.931524494905016, "31": 25.788857510638255, "32": 32.805498932763726, "33": 22.005691577386504, "34": 27.414055244416968, "35": 16.289320660140095, "36": 13.38903136117948, "37": 23.31285615948453, "38": 21.36299520347884, "39": 12.313384845674008, "40": 19.057653181447723, "41": 19.157870563259568, "42": 22.252852894800707, "43": 15.653531746558796, "45": 10.502494294955579, "46": 19.293601385468115, "47": 24.14401990251338, "48": 19.36897760740817, "49": 15.724052810908335, "50": 11.202662113861031, "51": 30.459228071719963, "52": 32.290959535405854, "53": 33.41987705926263, "54": 32.81624014054573, "55": 34.72803284457632, "56": 34.34413972575994, "57": 38.58600580926792, "58": 32.387334901796535, "59": 39.65227190972056, "60": 35.05277404430849, "61": 39.134343181914716, "62": 30.24591686871535, "63": 25.907606706761204, "64": 32.610639033063755, "65": 29.749340360221556, "66": 31.203864488962562, "67": 33.819095065058335, "68": 29.57065243074473, "69": 35.63007948129159, "70": 29.002263324374557, "71": 35.72263439947858, "72": 29.08415562555131, "73": 35.12645816081847, "74": 27.420467132306097, "75": 26.34058335326466 } }, "geometry": { "type": "Polygon", "coordinates": [ [ [ 125.875, -26.125 ], [ 125.875, -26.375 ], [ 125.375, -26.375 ], [ 125.375, -26.625 ], [ 124.375, -26.625 ], [ 124.375, -26.875 ], [ 123.875, -26.875 ], [ 123.875, -27.125 ], [ 123.125, -27.125 ], [ 123.125, -26.875 ], [ 122.375, -26.875 ], [ 122.375, -27.125 ], [ 122.125, -27.125 ], [ 122.125, -27.375 ], [ 122.375, -27.375 ], [ 122.375, -27.625 ], [ 122.625, -27.625 ], [ 122.625, -27.875 ], [ 123.625, -27.875 ], [ 123.625, -28.125 ], [ 125.875, -28.125 ], [ 125.875, -28.375 ], [ 126.125, -28.375 ], [ 126.125, -28.625 ], [ 127.125, -28.625 ], [ 127.125, -28.125 ], [ 129.125, -28.125 ], [ 129.125, -27.375 ], [ 128.875, -27.375 ], [ 128.875, -26.625 ], [ 128.625, -26.625 ], [ 128.625, -26.375 ], [ 127.625, -26.375 ], [ 127.625, -26.125 ], [ 126.875, -26.125 ], [ 126.875, -26.375 ], [ 126.375, -26.375 ], [ 126.375, -26.125 ], [ 125.875, -26.125 ] ] ] } },
{ "type": "Feature", "properties": { "cluster_id": 45, "cohesion": 6.5517850092667391, "distances": { "1": 44.12783323359568, "2": 34.70969960750446, "3": 39.17165048472049, "4": 48.962209162971604, "5": 46.03565624353299, "6": 49.83545511314877, "7": 43.58463627362989, "8": 40.903338995392986, "9": 34.02462790232106, "10": 37.083118815172696, "11": 36.266084947730654, "12": 37.97617323960411, "13": 42.86223827052968, "14": 46.97085948070252, "15": 41.84058330574828, "16": 38.74711577432407, "17": 38.6043350321968, "18": 40.27342400032709, "19": 39.183943613966264, "20": 33.92154722798461, "21": 29.24433953413899, "22": 29.18753699548113, "23": 34.54955323440438, "24": 30.56962801738061, "25": 25.01492822933762, "26": 19.910180181803565, "27": 23.959798834402676, "28": 28.03381109934398, "29": 27.661364175113707, "30": 18.850000230771997, "31": 21.681597184760125, "32": 31.49998526131417, "33": 23.800279298416317, "34": 27.526129031492875, "35": 20.0796485918995, "36": 17.684449515198867, "37": 23.52824517810954, "38": 20.211102838750985, "39": 13.320597056901002, "40": 14.11279575919357, "41": 14.742271051146133, "42": 17.35150981254626, "43": 13.331342657045518, "44": 10.502494294955579, "46": 20.39867319315916, "47": 23.521181549073297, "48": 19.70321198301136, "49": 18.576255465973848, "50": 12.766140359617335, "51": 28.25897540063051, "52": 30.3881031138487, "53": 31.15738660096277, "54": 30.338416852838144, "55": 31.598857755437596, "56": 31.419129297371338, "57": 35.65968649592475, "58": 29.237542364877587, "59": 37.41344226068843, "60": 32.88692730993043, "61": 36.47860592142461, "62": 25.61343879403633, "63": 20.98151620646865, "64": 29.423722193598234, "65": 26.7637112138039, "66": 27.153361084127805, "67": 29.539595759023456, "68": 24.6081339950358, "69": 30.96639286236592, "70": 27.16161989654024, "71": 33.23614019434659, "72": 26.957631876218013, "73": 31.058923021695946, "74": 22.776987070346692, "75": 23.223681834388984 } }, "geometry": { "type": "Polygon", "coordinates": [ [ [ 127.375, -25.625 ], [ 127.375, -25.875 ], [ 127.625, -25.875 ], [ 127.625, -26.375 ], [ 128.625, -26.375 ], [ 128.625, -26.625 ], [ 128.875, -26.625 ], [ 128.875, -27.375 ], [ 129.125, -27.375 ], [ 129.125, -28.125 ], [ 129.625, -28.125 ], [ 129.625, -27.875 ], [ 130.125, -27.875 ], [ 130.125, -27.625 ], [ 129.875, -27.625 ], [ 129.875, -26.875 ], [ 130.375, -26.875 ], [ 130.375, -26.625 ], [ 130.875, -26.625 ], [ 130.875, -26.875 ], [ 131.875, -26.875 ], [ 131.875, -26.375 ], [ 131.375, -26.375 ], [ 131.375, -26.125 ], [ 130.375, -26.125 ], [ 130.375, -25.875 ], [ 130.625, -25.875 ], [ 130.625, -25.625 ], [ 130.125, -25.625 ], [ 130.125, -25.875 ], [ 129.875, -25.875 ], [ 129.875, -25.625 ], [ 127.375, -25.625 ] ] ] } },
{ "type": "Feature", "properties": { "cluster_id": 46, "cohesion": 6.7077737110313507, "distances": { "1": 40.2192394919009, "2": 31.14816733029577, "3": 35.645375606050045, "4": 44.80034135994982, "5": 41.88578407237833, "6": 45.76913586689111, "7": 39.883060305308845, "8": 37.90763589945116, "9": 31.4521346919535, "10": 33.66610128104558, "11": 34.29721870579866, "12": 36.56087966151514, "13": 38.8861589002377, "14": 43.96892080332624, "15": 39.36081281338079, "16": 35.16767283048681, "17": 32.825717233024044, "18": 36.86303512324693, "19": 35.387637474093125, "20": 29.003166535459997, "21": 26.205946702575595, "22": 28.249684300387322, "23": 31.727481664473512, "24": 29.987184834968073, "25": 27.13576846920262, "26": 25.514432805032648, "27": 26.322626837602805, "28": 27.024939823938467, "29": 28.55767468149648, "30": 25.190315391567545, "31": 26.46558445982187, "32": 30.435227309976142, "33": 23.39675433154973, "34": 27.817227835477222, "35": 23.184354347296484, "36": 18.318057338287982, "37": 25.362494119669716, "38": 24.470146705190782, "39": 22.590471460032898, "40": 21.024658803135097, "41": 22.454950962429333, "42": 23.373480203201765, "43": 22.21563446262636, "44": 19.29360138546812, "45": 20.39867319315916, "47": 12.901355439724217, "48": 13.868465790872484, "49": 12.305997774314987, "50": 16.659732418316587, "51": 24.728372124153275, "52": 26.81407351169514, "53": 26.2597962821533, "54": 25.739923954819112, "55": 27.98781335901089, "56": 26.39546840461886, "57": 30.311465886686648, "58": 24.807240434591407, "59": 32.67893047282163, "60": 28.57060925396909, "61": 31.1923768860137, "62": 26.345343910188763, "63": 24.52035053958614, "64": 25.419699836516955, "65": 23.756825734877243, "66": 25.987049846840012, "67": 28.700545545661775, "68": 26.64908052185784, "69": 31.352478225460967, "70": 19.432369532841165, "71": 26.5626998654132, "72": 20.982338456273364, "73": 29.368254764436475, "74": 24.702007055762795, "75": 21.612583270975303 } }, "geometry": { "type": "Polygon", "coordinates": [ [ [ 113.125, -24.375 ], [ 113.125, -24.875 ], [ 113.375, -24.875 ], [ 113.375, -25.375 ], [ 113.625, -25.375 ], [ 113.625, -25.875 ], [ 113.875, -25.875 ], [ 113.875, -26.125 ], [ 113.625, -26.125 ], [ 113.625, -26.375 ], [ 113.375, -26.375 ], [ 113.375, -27.125 ], [ 113.625, -27.125 ], [ 113.625, -27.875 ], [ 113.875, -27.875 ], [ 113.875, -28.125 ], [ 115.375, -28.125 ], [ 115.375, -27.875 ], [ 116.625, -27.875 ], [ 116.625, -26.625 ], [ 116.375, -26.625 ], [ 116.375, -25.875 ], [ 116.125, -25.875 ], [ 116.125, -25.625 ], [ 115.875, -25.625 ], [ 115.875, -25.375 ], [ 115.625, -25.375 ], [ 115.625, -25.625 ], [ 115.125, -25.625 ], [ 115.125, -25.375 ], [ 114.625, -25.375 ], [ 114.625, -25.125 ], [ 114.375, -25.125 ], [ 114.375, -24.875 ], [ 113.875, -24.875 ], [ 113.875, -24.625 ], [ 113.625, -24.625 ], [ 113.625, -24.375 ], [ 113.125, -24.375 ] ] ] } },
{ "type": "Feature", "properties": { "cluster_id": 47, "cohesion": 8.1167894613009128, "distances": { "1": 35.056653363621486, "2": 27.58029761902162, "3": 30.55926396909655, "4": 40.758113642614354, "5": 38.062045546257835, "6": 42.417497900634054, "7": 36.58939583100212, "8": 35.64790197043746, "9": 29.295783157722465, "10": 30.476402696458, "11": 32.45418225887856, "12": 35.33960864910133, "13": 35.20857959571272, "14": 41.679127963914844, "15": 37.29496620130875, "16": 32.217445064128526, "17": 28.52851179091105, "18": 33.51498298051692, "19": 31.656938962893335, "20": 25.39554149258402, "21": 24.434392575867253, "22": 24.76749588568108, "23": 26.372811253634076, "24": 25.272118674249004, "25": 23.180942275385256, "26": 23.530229759063776, "27": 25.6013532909473, "28": 25.268859714684336, "29": 25.444591144801308, "30": 23.84678658614757, "31": 25.466773838207605, "32": 27.657684523454826, "33": 26.830937018037453, "34": 27.763058978618293, "35": 26.145883708283787, "36": 23.979561483037834, "37": 24.790189924434728, "38": 22.736774997687498, "39": 24.96636920930701, "40": 23.234268323702047, "41": 22.79437095556854, "42": 23.939834032792863, "43": 22.627344409533013, "44": 24.14401990251338, "45": 23.521181549073294, "46": 12.901355439724218, "48": 16.002858240375282, "49": 19.42890532695342, "50": 21.472611003082974, "51": 22.42688842098842, "52": 24.27525910970071, "53": 24.891775090826297, "54": 23.98274450129476, "55": 25.816292148249946, "56": 24.60960379185083, "57": 27.133706882108307, "58": 22.694804095856995, "59": 27.595179027493398, "60": 24.96179338398738, "61": 27.51937536788488, "62": 26.14264475422572, "63": 25.192619109407683, "64": 24.258119830610735, "65": 22.68403734313099, "66": 24.563189605237234, "67": 27.632957041936688, "68": 27.446755284273834, "69": 31.355606517344615, "70": 12.819541141435856, "71": 21.977563625634744, "72": 17.93981440141343, "73": 27.97467661748584, "74": 25.163674193203597, "75": 21.19475918692246 } }, "geometry": { "type": "Polygon", "coordinates": [ [ [ 115.875, -20.625 ], [ 115.875, -20.875 ], [ 115.625, -20.875 ], [ 115.625, -21.125 ], [ 115.125, -21.125 ], [ 115.125, -21.375 ], [ 114.625, -21.375 ], [ 114.625, -21.625 ], [ 114.375, -21.625 ], [ 114.375, -21.875 ], [ 113.875, -21.875 ], [ 113.875, -22.125 ], [ 113.625, -22.125 ], [ 113.625, -22.375 ], [ 113.375, -22.375 ], [ 113.375, -23.625 ], [ 113.125, -23.625 ], [ 113.125, -24.375 ], [ 113.625, -24.375 ], [ 113.625, -24.625 ], [ 113.875, -24.625 ], [ 113.875, -24.875 ], [ 114.375, -24.875 ], [ 114.375, -25.125 ], [ 114.625, -25.125 ], [ 114.625, -25.375 ], [ 115.125, -25.375 ], [ 115.125, -25.625 ], [ 115.625, -25.625 ], [ 115.625, -25.375 ], [ 115.875, -25.375 ], [ 115.875, -25.625 ], [ 116.375, -25.625 ], [ 116.375, -25.375 ], [ 116.625, -25.375 ], [ 116.625, -25.125 ], [ 116.875, -25.125 ], [ 116.875, -24.625 ], [ 117.625, -24.625 ], [ 117.625, -24.375 ], [ 117.875, -24.375 ], [ 117.875, -24.125 ], [ 118.125, -24.125 ], [ 118.125, -23.875 ], [ 117.875, -23.875 ], [ 117.875, -23.625 ], [ 117.625, -23.625 ], [ 117.625, -23.375 ], [ 117.375, -23.375 ], [ 117.375, -22.875 ], [ 117.125, -22.875 ], [ 117.125, -22.625 ], [ 116.625, -22.625 ], [ 116.625, -22.375 ], [ 116.375, -22.375 ], [ 116.375, -22.125 ], [ 116.125, -22.125 ], [ 116.125, -21.125 ], [ 116.375, -21.125 ], [ 116.375, -20.625 ], [ 115.875, -20.625 ] ] ] } },
{ "type": "Feature", "properties": { "cluster_id": 48, "cohesion": 8.10687343078129, "distances": { "1": 40.43808361313947, "2": 33.12513630426837, "3": 36.45196587532905, "4": 43.438659890635385, "5": 40.031887859200204, "6": 43.88730662954569, "7": 39.59877321650269, "8": 36.840233648350534, "9": 31.87026796394165, "10": 34.40647350378519, "11": 30.88461959354181, "12": 34.60983286254669, "13": 35.73436282819945, "14": 41.673477413135, "15": 36.63759365612411, "16": 31.30982538137265, "17": 29.11549278650457, "18": 35.71671013294122, "19": 33.393197321698025, "20": 26.508819488582528, "21": 25.28050613985571, "22": 28.5511061172665, "23": 32.73042690888417, "24": 30.64587422845393, "25": 28.934659593527694, "26": 26.36818854961808, "27": 28.00378650242525, "28": 29.19133224652145, "29": 28.88415454970292, "30": 25.050153783088017, "31": 26.75374393337845, "32": 31.73059209726941, "33": 25.066634664950143, "34": 29.592945730723784, "35": 25.756120912130076, "36": 19.40355934210588, "37": 28.69156593141409, "38": 27.59092584235088, "39": 24.954875923593328, "40": 18.294937913305695, "41": 22.75170084039717, "42": 24.21088178790094, "43": 24.052061049382484, "44": 19.36897760740817, "45": 19.70321198301136, "46": 13.868465790872486, "47": 16.002858240375282, "49": 13.525807761234017, "50": 13.22666181797078, "51": 28.09278236720025, "52": 30.36194572336022, "53": 30.592240420895862, "54": 29.395175228207965, "55": 29.863107071694206, "56": 29.29932961225925, "57": 31.106701557571995, "58": 26.230895822856223, "59": 32.9663770966124, "60": 29.28645663707303, "61": 31.05659395713616, "62": 28.031581093936182, "63": 25.61114166398888, "64": 29.188236786140717, "65": 27.814468818426135, "66": 28.26264218284359, "67": 29.29711076000029, "68": 25.76084317349752, "69": 29.337310941055932, "70": 18.29398955355745, "71": 22.26742766326565, "72": 15.022104315971536, "73": 24.818220076810853, "74": 19.910827127424298, "75": 14.890800334362291 } }, "geometry": { "type": "Polygon", "coordinates": [ [ [ 119.125, -23.125 ], [ 119.125, -24.125 ], [ 117.875, -24.125 ], [ 117.875, -24.375 ], [ 117.625, -24.375 ], [ 117.625, -24.625 ], [ 116.875, -24.625 ], [ 116.875, -25.125 ], [ 116.625, -25.125 ], [ 116.625, -25.375 ], [ 116.375, -25.375 ], [ 116.375, -25.625 ], [ 116.125, -25.625 ], [ 116.125, -25.875 ], [ 116.375, -25.875 ], [ 116.375, -26.625 ], [ 116.625, -26.625 ], [ 116.625, -26.875 ], [ 117.375, -26.875 ], [ 117.375, -26.625 ], [ 117.625, -26.625 ], [ 117.625, -26.375 ], [ 118.125, -26.375 ], [ 118.125, -26.625 ], [ 118.375, -26.625 ], [ 118.375, -26.875 ], [ 118.875, -26.875 ], [ 118.875, -26.625 ], [ 119.375, -26.625 ], [ 119.375, -26.375 ], [ 119.625, -26.375 ], [ 119.625, -26.125 ], [ 120.375, -26.125 ], [ 120.375, -25.625 ], [ 120.625, -25.625 ], [ 120.625, -25.375 ], [ 120.875, -25.375 ], [ 120.875, -25.125 ], [ 122.875, -25.125 ], [ 122.875, -24.875 ], [ 124.625, -24.875 ], [ 124.625, -24.375 ], [ 123.125, -24.375 ], [ 123.125, -23.875 ], [ 121.875, -23.875 ], [ 121.875, -23.625 ], [ 121.625, -23.625 ], [ 121.625, -23.375 ], [ 121.125, -23.375 ], [ 121.125, -23.625 ], [ 120.125, -23.625 ], [ 120.125, -23.125 ], [ 119.125, -23.125 ] ] ] } },
{ "type": "Feature", "properties": { "cluster_id": 49, "cohesion": 6.6606489466712189, "distances": { "1": 42.364183411791004, "2": 33.365324185079906, "3": 37.94930745820358, "4": 45.787109549739945, "5": 42.94804518805387, "6": 46.60201845296362, "7": 41.09962449760186, "8": 38.85549219915189, "9": 33.12888154290693, "10": 35.420207394835614, "11": 35.27178936848518, "12": 37.28021059606758, "13": 39.99255540893264, "14": 44.472574917558234, "15": 40.085766027067386, "16": 36.6759669068374, "17": 35.10638400128163, "18": 37.48094993342985, "19": 36.52223776532597, "20": 30.781030989111965, "21": 26.54348555642346, "22": 32.308800230526415, "23": 35.74129433662331, "24": 33.93119436997011, "25": 30.249075266851086, "26": 27.619104491411584, "27": 30.37459794656227, "28": 31.865996981844543, "29": 32.61360595286151, "30": 27.691490532359797, "31": 29.65365284098037, "32": 29.52808063466381, "33": 17.444829342232655, "34": 24.703012766021324, "35": 18.757978462093728, "36": 11.356318381271942, "37": 24.27545432107537, "38": 25.667066060995438, "39": 20.74265690571439, "40": 21.023100781308457, "41": 24.586321354484678, "42": 26.014149545790776, "43": 23.07524379106928, "44": 15.724052810908335, "45": 18.576255465973848, "46": 12.305997774314987, "47": 19.428905326953423, "48": 13.525807761234018, "50": 13.912523704469539, "51": 28.26752594717666, "52": 29.73164332395894, "53": 29.81668417920248, "54": 29.760231716682124, "55": 30.970874033089654, "56": 30.103319310486462, "57": 34.00396003334816, "58": 28.53844196594601, "59": 36.53313994247773, "60": 31.280854801108465, "61": 34.36198125776667, "62": 29.236432116278987, "63": 27.127054141217393, "64": 30.193538600511364, "65": 28.78076266774458, "66": 29.420253597545816, "67": 30.88604654781681, "68": 28.036487309956645, "69": 32.10071254536484, "70": 23.51732193699299, "71": 29.69233849962688, "72": 23.51935852553685, "73": 30.627884504183637, "74": 25.32822638491912, "75": 23.075275998297453 } }, "geometry": { "type": "Polygon", "coordinates": [ [ [ 119.625, -26.125 ], [ 119.625, -26.375 ], [ 119.375, -26.375 ], [ 119.375, -26.625 ], [ 118.875, -26.625 ], [ 118.875, -26.875 ], [ 118.375, -26.875 ], [ 118.375, -26.625 ], [ 118.125, -26.625 ], [ 118.125, -26.375 ], [ 117.625, -26.375 ], [ 117.625, -26.625 ], [ 117.375, -26.625 ], [ 117.375, -26.875 ], [ 116.625, -26.875 ], [ 116.625, -27.875 ], [ 115.375, -27.875 ], [ 115.375, -28.125 ], [ 114.125, -28.125 ], [ 114.125, -28.625 ], [ 114.375, -28.625 ], [ 114.375, -28.875 ], [ 114.625, -28.875 ], [ 114.625, -29.125 ], [ 114.875, -29.125 ], [ 114.875, -29.625 ], [ 115.125, -29.625 ], [ 115.125, -30.125 ], [ 115.625, -30.125 ], [ 115.625, -29.875 ], [ 115.875, -29.875 ], [ 115.875, -29.375 ], [ 116.125, -29.375 ], [ 116.125, -29.625 ], [ 116.375, -29.625 ], [ 116.375, -29.375 ], [ 116.625, -29.375 ], [ 116.625, -28.375 ], [ 117.125, -28.375 ], [ 117.125, -28.625 ], [ 117.375, -28.625 ], [ 117.375, -28.875 ], [ 118.125, -28.875 ], [ 118.125, -28.625 ], [ 118.375, -28.625 ], [ 118.375, -28.375 ], [ 118.625, -28.375 ], [ 118.625, -28.125 ], [ 118.875, -28.125 ], [ 118.875, -27.875 ], [ 119.125, -27.875 ], [ 119.125, -27.625 ], [ 119.375, -27.625 ], [ 119.375, -27.125 ], [ 119.625, -27.125 ], [ 119.625, -26.875 ], [ 120.625, -26.875 ], [ 120.625, -26.125 ], [ 119.625, -26.125 ] ] ] } },
{ "type": "Feature", "properties": { "cluster_id": 50, "cohesion": 6.7610640230242138, "distances": { "1": 45.45784517481931, "2": 36.63024429659987, "3": 40.87562355281982, "4": 49.25765515819195, "5": 46.041464672744056, "6": 49.74202909066113, "7": 44.5430315753799, "8": 41.4102100718967, "9": 35.420865747465754, "10": 38.58331409077899, "11": 35.73514727286796, "12": 38.371894324142666, "13": 42.09617350544983, "14": 46.83376785465149, "15": 41.631860799330966, "16": 37.43334636723069, "17": 36.52167776490117, "18": 40.78018107124595, "19": 39.14396506814596, "20": 32.76055415560623, "21": 29.399901070805615, "22": 29.8499320637441, "23": 35.43830974922419, "24": 31.938150635615678, "25": 28.560122892773805, "26": 23.673372724629132, "27": 26.8049997196275, "28": 29.64417323580401, "29": 28.93316528278198, "30": 21.89260212239313, "31": 24.46055827559105, "32": 33.98682559477409, "33": 24.261608126029213, "34": 29.99097228047623, "35": 22.382966178135227, "36": 16.030605848048996, "37": 27.758971103549005, "38": 25.755225524171905, "39": 19.35291751195257, "40": 15.306550155287193, "41": 18.806252765169585, "42": 21.12488965699747, "43": 19.473425077621737, "44": 11.202662113861031, "45": 12.766140359617335, "46": 16.659732418316587, "47": 21.47261100308297, "48": 13.22666181797078, "49": 13.912523704469539, "51": 30.223423582242134, "52": 32.63414940492032, "53": 32.88940642283463, "54": 31.85056210714904, "55": 33.05203165312849, "56": 32.399448804746896, "57": 35.33729600175427, "58": 29.44429370987045, "59": 37.14485853730313, "60": 32.87921949351533, "61": 35.72121417188326, "62": 28.271354346309955, "63": 24.049423023148275, "64": 30.83948903901591, "65": 28.591962529230962, "66": 29.670442769986103, "67": 31.34888515759877, "68": 26.133898080730372, "69": 31.665067100836186, "70": 25.385301559478336, "71": 30.215466310616723, "72": 22.839694630622155, "73": 29.559849178325127, "74": 21.682442098631974, "75": 19.153217750846327 } }, "geometry": { "type": "Polygon", "coordinates": [ [ [ 122.875, -24.875 ], [ 122.875, -25.125 ], [ 120.875, -25.125 ], [ 120.875, -25.375 ], [ 120.625, -25.375 ], [ 120.625, -25.625 ], [ 120.375, -25.625 ], [ 120.375, -26.125 ], [ 120.625, -26.125 ], [ 120.625, -26.375 ], [ 121.125, -26.375 ], [ 121.125, -26.125 ], [ 121.625, -26.125 ], [ 121.625, -26.625 ], [ 121.875, -26.625 ], [ 121.875, -26.875 ], [ 123.125, -26.875 ], [ 123.125, -27.125 ], [ 123.875, -27.125 ], [ 123.875, -26.875 ], [ 124.375, -26.875 ], [ 124.375, -26.625 ], [ 125.375, -26.625 ], [ 125.375, -26.375 ], [ 125.875, -26.375 ], [ 125.875, -26.125 ], [ 126.375, -26.125 ], [ 126.375, -26.375 ], [ 126.875, -26.375 ], [ 126.875, -26.125 ], [ 127.625, -26.125 ], [ 127.625, -25.875 ], [ 127.375, -25.875 ], [ 127.375, -25.625 ], [ 125.875, -25.625 ], [ 125.875, -25.375 ], [ 125.625, -25.375 ], [ 125.625, -25.125 ], [ 124.625, -25.125 ], [ 124.625, -24.875 ], [ 122.875, -24.875 ] ] ] } },
{ "type": "Feature", "properties": { "cluster_id": 51, "cohesion": 8.4063454065380139, "distances": { "1": 28.163243571311234, "2": 16.88045624828213, "3": 23.07565872820314, "4": 35.16836782301341, "5": 33.32908832557823, "6": 36.92904933603108, "7": 27.476824845668347, "8": 28.433269008409088, "9": 19.543524576198617, "10": 19.010019682191576, "11": 30.94209513021314, "12": 30.956982243114368, "13": 32.79625982381021, "14": 36.75242028543187, "15": 33.80055600657687, "16": 31.533955653598678, "17": 30.597207583681186, "18": 28.70609254632048, "19": 28.127112179651352, "20": 25.891203702031202, "21": 22.73035039205073, "22": 28.73823098540748, "23": 28.240640709314356, "24": 28.6117354319786, "25": 25.58757071929047, "26": 28.39762761137044, "27": 26.28544323706171, "28": 25.355271987192623, "29": 29.638159081933658, "30": 29.70515901509906, "31": 29.32485376290439, "32": 26.37003327129807, "33": 28.73291749684914, "34": 27.385817394964153, "35": 29.93772967881523, "36": 30.05278656796689, "37": 25.721667505672787, "38": 24.210576107389635, "39": 28.33186457727858, "40": 27.970358969158045, "41": 28.083894753831828, "42": 27.332291389059257, "43": 26.78529676238645, "44": 30.459228071719963, "45": 28.258975400630515, "46": 24.728372124153275, "47": 22.426888420988423, "48": 28.09278236720025, "49": 28.267525947176654, "50": 30.22342358224213, "52": 12.422535545362807, "53": 16.322976416393143, "54": 11.88144867791221, "55": 14.740351788459419, "56": 20.334872274187738, "57": 27.12502394520473, "58": 22.677838169715407, "59": 29.7311173832621, "60": 26.417398425033177, "61": 29.008258355937485, "62": 23.579534025112594, "63": 26.27196795393997, "64": 21.174926866557133, "65": 17.59367745420075, "66": 17.834455735720272, "67": 22.077005506489698, "68": 27.48585718539616, "69": 29.308709320063482, "70": 22.592879823849216, "71": 28.81415261046816, "72": 27.610973097005967, "73": 29.70248096021697, "74": 28.652929334886863, "75": 28.85275925394233 } }, "geometry": { "type": "MultiPolygon", "coordinates": [ [ [ [ 150.375, -23.625 ], [ 150.375, -23.875 ], [ 150.625, -23.875 ], [ 150.625, -24.375 ], [ 150.375, -24.375 ], [ 150.375, -24.125 ], [ 150.125, -24.125 ], [ 150.125, -23.625 ], [ 150.375, -23.625 ] ] ], [ [ [ 149.875, -23.625 ], [ 149.875, -23.375 ], [ 149.125, -23.375 ], [ 149.125, -23.625 ], [ 147.875, -23.625 ], [ 147.875, -24.125 ], [ 147.375, -24.125 ], [ 147.375, -23.875 ], [ 147.125, -23.875 ], [ 147.125, -23.375 ], [ 146.875, -23.375 ], [ 146.875, -22.875 ], [ 146.625, -22.875 ], [ 146.625, -22.625 ], [ 146.375, -22.625 ], [ 146.375, -22.875 ], [ 146.125, -22.875 ], [ 146.125, -23.625 ], [ 146.375, -23.625 ], [ 146.375, -24.125 ], [ 145.625, -24.125 ], [ 145.625, -23.875 ], [ 145.125, -23.875 ], [ 145.125, -23.625 ], [ 144.875, -23.625 ], [ 144.875, -23.375 ], [ 144.625, -23.375 ], [ 144.625, -23.125 ], [ 143.875, -23.125 ], [ 143.875, -22.375 ], [ 143.625, -22.375 ], [ 143.625, -21.625 ], [ 143.875, -21.625 ], [ 143.875, -21.375 ], [ 144.375, -21.375 ], [ 144.375, -21.625 ], [ 144.875, -21.625 ], [ 144.875, -21.125 ], [ 144.625, -21.125 ], [ 144.625, -19.875 ], [ 146.125, -19.875 ], [ 146.125, -19.375 ], [ 146.625, -19.375 ], [ 146.625, -19.625 ], [ 146.875, -19.625 ], [ 146.875, -19.875 ], [ 147.125, -19.875 ], [ 147.125, -20.125 ], [ 147.375, -20.125 ], [ 147.375, -20.375 ], [ 147.625, -20.375 ], [ 147.625, -20.625 ], [ 147.875, -20.625 ], [ 147.875, -21.375 ], [ 148.875, -21.375 ], [ 148.875, -21.625 ], [ 149.125, -21.625 ], [ 149.125, -21.875 ], [ 149.625, -21.875 ], [ 149.625, -22.125 ], [ 149.875, -22.125 ], [ 149.875, -22.375 ], [ 150.125, -22.375 ], [ 150.125, -22.625 ], [ 150.375, -22.625 ], [ 150.375, -23.375 ], [ 150.125, -23.375 ], [ 150.125, -23.625 ], [ 149.875, -23.625 ] ] ] ] } },
{ "type": "Feature", "properties": { "cluster_id": 52, "cohesion": 9.6042127334415746, "distances": { "1": 24.021605192094587, "2": 12.923918592155198, "3": 18.788576951489144, "4": 32.64811600476694, "5": 32.193336104582315, "6": 35.87308857816799, "7": 25.917226749725017, "8": 28.862631070116343, "9": 21.304369195228325, "10": 18.173819930543374, "11": 32.47810339575543, "12": 32.173980318558634, "13": 32.84213883468814, "14": 36.548626698041545, "15": 34.321286846906375, "16": 32.693828616326705, "17": 31.19354794095301, "18": 26.19539508119546, "19": 27.423154354435933, "20": 26.5024455918478, "21": 22.04552246980972, "22": 30.592081170988934, "23": 27.74596784653741, "24": 29.3347175260231, "25": 25.94306334471232, "26": 29.992251427151388, "27": 30.572137390466246, "28": 29.418892586582952, "29": 32.153071512052676, "30": 32.49148620514659, "31": 32.741489423077226, "32": 23.819964814614234, "33": 27.850792103274625, "34": 25.491581804352915, "35": 29.67545533165857, "36": 30.855228621827226, "37": 24.545383186630357, "38": 24.147077600955832, "39": 29.27677859140253, "40": 31.0222140875356, "41": 31.42793242582795, "42": 31.114407385754507, "43": 28.6357563794219, "44": 32.290959535405854, "45": 30.3881031138487, "46": 26.81407351169514, "47": 24.27525910970071, "48": 30.361945723360215, "49": 29.73164332395894, "50": 32.63414940492032, "51": 12.422535545362805, "53": 15.723742735715646, "54": 16.246977555830497, "55": 18.545035102562995, "56": 21.603245993950047, "57": 28.18311547511645, "58": 24.761782316983286, "59": 29.027906759792714, "60": 24.836121606311092, "61": 29.02332920529737, "62": 27.010831795247164, "63": 29.990324090104256, "64": 24.369635638309227, "65": 22.659582731153016, "66": 21.9293680360564, "67": 25.145551951332916, "68": 30.66539195124773, "69": 31.559760902776894, "70": 23.806496659961283, "71": 29.95993673620679, "72": 29.76873907958011, "73": 31.994308572865485, "74": 31.592944803881476, "75": 31.398282629586028 } }, "geometry": { "type": "MultiPolygon", "coordinates": [ [ [ [ 150.625, -22.375 ], [ 150.875, -22.375 ], [ 150.875, -22.625 ], [ 151.125, -22.625 ], [ 151.125, -23.375 ], [ 151.375, -23.375 ], [ 151.375, -23.625 ], [ 151.875, -23.625 ], [ 151.875, -23.875 ], [ 152.125, -23.875 ], [ 152.125, -24.125 ], [ 152.375, -24.125 ], [ 152.375, -24.375 ], [ 151.625, -24.375 ], [ 151.625, -24.125 ], [ 150.875, -24.125 ], [ 150.875, -24.625 ], [ 150.625, -24.625 ], [ 150.625, -23.875 ], [ 150.375, -23.875 ], [ 150.375, -23.625 ], [ 150.125, -23.625 ], [ 150.125, -23.375 ], [ 150.375, -23.375 ], [ 150.375, -22.625 ], [ 150.125, -22.625 ], [ 150.125, -22.375 ], [ 149.875, -22.375 ], [ 149.875, -22.125 ], [ 150.625, -22.125 ], [ 150.625, -22.375 ] ] ], [ [ [ 149.625, -21.875 ], [ 149.125, -21.875 ], [ 149.125, -21.625 ], [ 148.875, -21.625 ], [ 148.875, -21.375 ], [ 147.875, -21.375 ], [ 147.875, -20.625 ], [ 147.625, -20.625 ], [ 147.625, -20.375 ], [ 148.125, -20.375 ], [ 148.125, -20.625 ], [ 148.375, -20.625 ], [ 148.375, -20.375 ], [ 148.625, -20.375 ], [ 148.625, -20.625 ], [ 148.875, -20.625 ], [ 148.875, -20.875 ], [ 149.375, -20.875 ], [ 149.375, -21.125 ], [ 149.625, -21.125 ], [ 149.625, -21.625 ], [ 149.875, -21.625 ], [ 149.875, -22.125 ], [ 149.625, -22.125 ], [ 149.625, -21.875 ] ] ], [ [ [ 144.125, -19.875 ], [ 144.625, -19.875 ], [ 144.625, -21.125 ], [ 144.875, -21.125 ], [ 144.875, -21.625 ], [ 144.375, -21.625 ], [ 144.375, -20.875 ], [ 144.125, -20.875 ], [ 144.125, -20.625 ], [ 143.875, -20.625 ], [ 143.875, -20.375 ], [ 143.625, -20.375 ], [ 143.625, -19.625 ], [ 144.125, -19.625 ], [ 144.125, -19.875 ] ] ], [ [ [ 147.375, -20.375 ], [ 147.375, -20.125 ], [ 147.625, -20.125 ], [ 147.625, -20.375 ], [ 147.375, -20.375 ] ] ], [ [ [ 146.875, -19.875 ], [ 146.875, -19.625 ], [ 146.625, -19.625 ], [ 146.625, -19.375 ], [ 146.125, -19.375 ], [ 146.125, -19.875 ], [ 145.875, -19.875 ], [ 145.875, -19.625 ], [ 145.625, -19.625 ], [ 145.625, -19.375 ], [ 145.375, -19.375 ], [ 145.375, -19.125 ], [ 145.125, -19.125 ], [ 145.125, -18.375 ], [ 145.375, -18.375 ], [ 145.375, -18.625 ], [ 145.875, -18.625 ], [ 145.875, -18.875 ], [ 146.125, -18.875 ], [ 146.125, -19.125 ], [ 146.875, -19.125 ], [ 146.875, -19.375 ], [ 147.125, -19.375 ], [ 147.125, -19.625 ], [ 147.375, -19.625 ], [ 147.375, -20.125 ], [ 147.125, -20.125 ], [ 147.125, -19.875 ], [ 146.875, -19.875 ] ] ] ] } },
{ "type": "Feature", "properties": { "cluster_id": 53, "cohesion": 6.6604437017141844, "distances": { "1": 27.896593497831955, "2": 20.263948919883354, "3": 24.824659545472286, "4": 32.25257091114055, "5": 31.064019779265426, "6": 34.01299886577849, "7": 26.260457314798447, "8": 27.222698677688832, "9": 21.30524482063729, "10": 20.869594688222335, "11": 30.69202034801606, "12": 29.993854896910186, "13": 31.644947387914897, "14": 34.13788795313837, "15": 32.1260415027123, "16": 31.207986570891872, "17": 30.189438355321002, "18": 26.329189483130914, "19": 26.951952366606054, "20": 25.706436169212154, "21": 22.017381332297877, "22": 29.047899285887986, "23": 27.725497789498952, "24": 29.70336952584114, "25": 28.387289106410574, "26": 32.398644314797444, "27": 28.49887118616774, "28": 25.569332169642635, "29": 31.432187952461174, "30": 33.76250957499426, "31": 32.06051706457048, "32": 24.990066890637838, "33": 28.796747772785384, "34": 27.03541375896958, "35": 32.12043414722166, "36": 31.90865491861434, "37": 26.983441126648692, "38": 27.215500202484474, "39": 31.565127325465056, "40": 30.500009104435293, "41": 32.3264668553655, "42": 31.094225576255212, "43": 30.942996408524046, "44": 33.419877059262625, "45": 31.15738660096277, "46": 26.2597962821533, "47": 24.891775090826297, "48": 30.592240420895866, "49": 29.81668417920248, "50": 32.88940642283463, "51": 16.322976416393146, "52": 15.723742735715648, "54": 12.826501223482976, "55": 16.936007998518, "56": 11.747838578593797, "57": 21.36752557937724, "58": 18.769042248793983, "59": 27.397055564131197, "60": 23.762762970705346, "61": 24.567277879770515, "62": 24.63000725400944, "63": 28.828067732680125, "64": 16.692875579924124, "65": 19.481625019880376, "66": 20.060606249404675, "67": 23.3535454742381, "68": 28.92811395208716, "69": 29.42786797564913, "70": 24.06703813809819, "71": 29.322897690680186, "72": 29.63490734844771, "73": 30.528518367089898, "74": 30.4294403254047, "75": 30.839602019449146 } }, "geometry": { "type": "Polygon", "coordinates": [ [ [ 150.875, -24.125 ], [ 150.875, -24.625 ], [ 151.375, -24.625 ], [ 151.375, -24.875 ], [ 151.625, -24.875 ], [ 151.625, -25.875 ], [ 151.375, -25.875 ], [ 151.375, -26.625 ], [ 151.875, -26.625 ], [ 151.875, -26.375 ], [ 152.875, -26.375 ], [ 152.875, -26.625 ], [ 153.125, -26.625 ], [ 153.125, -28.125 ], [ 153.375, -28.125 ], [ 153.375, -27.625 ], [ 153.625, -27.625 ], [ 153.625, -26.375 ], [ 153.375, -26.375 ], [ 153.375, -26.125 ], [ 153.625, -26.125 ], [ 153.625, -25.875 ], [ 153.375, -25.875 ], [ 153.375, -25.375 ], [ 153.125, -25.375 ], [ 153.125, -25.125 ], [ 152.875, -25.125 ], [ 152.875, -24.875 ], [ 152.625, -24.875 ], [ 152.625, -24.625 ], [ 152.375, -24.625 ], [ 152.375, -24.375 ], [ 151.625, -24.375 ], [ 151.625, -24.125 ], [ 150.875, -24.125 ] ] ] } },
{ "type": "Feature", "properties": { "cluster_id": 54, "cohesion": 8.2568702580574698, "distances": { "1": 29.8653079720263, "2": 20.69468281959015, "3": 26.00985196539106, "4": 34.40437130402242, "5": 32.038121526190544, "6": 35.18162983023368, "7": 27.07888866492346, "8": 26.929230820692073, "9": 19.068968618052576, "10": 20.13089815869373, "11": 29.532724091059972, "12": 29.35272504343439, "13": 31.584472230130572, "14": 34.82238513473769, "15": 32.04931365172925, "16": 30.22932530002847, "17": 29.917866443373217, "18": 28.65235750162445, "19": 27.503313527579188, "20": 25.549212927917637, "21": 23.225006206967162, "22": 29.405734501220408, "23": 29.628581462403464, "24": 30.40381828352354, "25": 28.703209044304227, "26": 31.586436136949597, "27": 26.111737441511067, "28": 23.986636590607766, "29": 30.819871973157216, "30": 32.11086215236897, "31": 30.56385497312934, "32": 28.28007377419743, "33": 30.80240264845533, "34": 29.703634828081444, "35": 33.099029222390776, "36": 32.30803651442352, "37": 28.78817515146148, "38": 27.730615158201953, "39": 31.47358337640697, "40": 28.77205139016713, "41": 30.028157357071976, "42": 28.55712313791203, "43": 29.789775098041673, "44": 32.81624014054573, "45": 30.338416852838144, "46": 25.739923954819112, "47": 23.982744501294764, "48": 29.395175228207965, "49": 29.760231716682124, "50": 31.850562107149035, "51": 11.881448677912209, "52": 16.246977555830494, "53": 12.826501223482975, "55": 12.444447425663457, "56": 15.828222899868894, "57": 24.107048258843886, "58": 20.09423538242328, "59": 29.859844685848252, "60": 26.816812074287864, "61": 27.35195078841207, "62": 22.465460145237167, "63": 26.428134297789633, "64": 17.298849026654832, "65": 15.24991911922896, "66": 16.214392311664238, "67": 20.77792042319111, "68": 26.816818931254247, "69": 28.061193102670487, "70": 23.55001782072541, "71": 28.76092751347397, "72": 28.12095527774001, "73": 28.81023841357982, "74": 28.488040807871748, "75": 29.222106521678207 } }, "geometry": { "type": "MultiPolygon", "coordinates": [ [ [ [ 148.375, -25.375 ], [ 148.125, -25.375 ], [ 148.125, -25.125 ], [ 148.375, -25.125 ], [ 148.375, -25.375 ] ] ], [ [ [ 147.625, -24.875 ], [ 148.125, -24.875 ], [ 148.125, -25.125 ], [ 147.625, -25.125 ], [ 147.625, -24.875 ] ] ], [ [ [ 146.375, -23.625 ], [ 146.125, -23.625 ], [ 146.125, -22.875 ], [ 146.375, -22.875 ], [ 146.375, -22.625 ], [ 146.625, -22.625 ], [ 146.625, -22.875 ], [ 146.875, -22.875 ], [ 146.875, -23.375 ], [ 147.125, -23.375 ], [ 147.125, -23.875 ], [ 147.375, -23.875 ], [ 147.375, -24.125 ], [ 147.875, -24.125 ], [ 147.875, -23.625 ], [ 149.125, -23.625 ], [ 149.125, -23.375 ], [ 149.875, -23.375 ], [ 149.875, -23.625 ], [ 150.125, -23.625 ], [ 150.125, -24.125 ], [ 150.375, -24.125 ], [ 150.375, -24.375 ], [ 150.625, -24.375 ], [ 150.625, -24.625 ], [ 151.375, -24.625 ], [ 151.375, -24.875 ], [ 151.625, -24.875 ], [ 151.625, -25.875 ], [ 151.375, -25.875 ], [ 151.375, -26.625 ], [ 151.125, -26.625 ], [ 151.125, -26.375 ], [ 149.125, -26.375 ], [ 149.125, -26.125 ], [ 148.875, -26.125 ], [ 148.875, -25.875 ], [ 149.125, -25.875 ], [ 149.125, -25.625 ], [ 148.375, -25.625 ], [ 148.375, -25.375 ], [ 149.875, -25.375 ], [ 149.875, -24.625 ], [ 148.875, -24.625 ], [ 148.875, -24.375 ], [ 148.625, -24.375 ], [ 148.625, -23.875 ], [ 148.125, -23.875 ], [ 148.125, -24.625 ], [ 147.375, -24.625 ], [ 147.375, -24.375 ], [ 146.875, -24.375 ], [ 146.875, -24.875 ], [ 147.125, -24.875 ], [ 147.125, -25.125 ], [ 146.375, -25.125 ], [ 146.375, -25.375 ], [ 146.125, -25.375 ], [ 146.125, -24.625 ], [ 145.875, -24.625 ], [ 145.875, -24.375 ], [ 145.625, -24.375 ], [ 145.625, -24.125 ], [ 146.375, -24.125 ], [ 146.375, -23.625 ] ] ], [ [ [ 145.375, -23.875 ], [ 145.625, -23.875 ], [ 145.625, -24.125 ], [ 145.375, -24.125 ], [ 145.375, -23.875 ] ] ] ] } },
{ "type": "Feature", "properties": { "cluster_id": 55, "cohesion": 8.485408749201591, "distances": { "1": 27.450286779824676, "2": 19.86981964050011, "3": 24.544436333359233, "4": 30.52450208081176, "5": 27.668913111147322, "6": 29.908674635105957, "7": 21.94712192401318, "8": 20.21975073426119, "9": 12.17710188564095, "10": 15.539635448631229, "11": 24.206967921195847, "12": 22.871124649340107, "13": 27.06968121237585, "14": 28.468531115239927, "15": 26.103664378304195, "16": 25.42473606262666, "17": 26.661612145371134, "18": 25.914561455161383, "19": 24.03356803196789, "20": 23.32300488239769, "21": 22.119436960244396, "22": 31.782589488210103, "23": 32.09828141878275, "24": 33.2766107827207, "25": 31.836241385200875, "26": 34.58892184209271, "27": 27.80514517852422, "28": 27.06042800835586, "29": 33.641692445768896, "30": 34.72499434876, "31": 32.739861002639664, "32": 27.910397716015524, "33": 31.479076161965025, "34": 29.849142083764562, "35": 34.80572971988904, "36": 33.596855795064535, "37": 30.108845182160668, "38": 30.327112275779836, "39": 33.71233087567423, "40": 28.469257475323012, "41": 32.012219340060284, "42": 29.781409808545273, "43": 32.43082392279723, "44": 34.72803284457631, "45": 31.598857755437596, "46": 27.98781335901089, "47": 25.81629214824995, "48": 29.863107071694202, "49": 30.970874033089654, "50": 33.052031653128495, "51": 14.740351788459419, "52": 18.545035102562995, "53": 16.936007998518, "54": 12.444447425663455, "56": 18.03503521697573, "57": 24.90804081902002, "58": 21.28035260614601, "59": 30.983671148866325, "60": 26.744469344168753, "61": 27.220223996772525, "62": 20.365227925092835, "63": 26.135102448465958, "64": 20.88581647435712, "65": 19.14750967610633, "66": 13.320995143007172, "67": 15.197236131137446, "68": 23.808684415130912, "69": 23.042603368494266, "70": 23.304042674603096, "71": 26.715676114675414, "72": 26.87485604334773, "73": 24.769371862418573, "74": 26.047025613127673, "75": 27.859823665359464 } }, "geometry": { "type": "MultiPolygon", "coordinates": [ [ [ [ 148.625, -23.875 ], [ 148.625, -24.375 ], [ 148.875, -24.375 ], [ 148.875, -24.625 ], [ 149.875, -24.625 ], [ 149.875, -25.375 ], [ 148.375, -25.375 ], [ 148.375, -25.125 ], [ 148.125, -25.125 ], [ 148.125, -24.875 ], [ 147.625, -24.875 ], [ 147.625, -25.125 ], [ 147.125, -25.125 ], [ 147.125, -24.875 ], [ 146.875, -24.875 ], [ 146.875, -24.375 ], [ 147.375, -24.375 ], [ 147.375, -24.625 ], [ 148.125, -24.625 ], [ 148.125, -23.875 ], [ 148.625, -23.875 ] ] ], [ [ [ 143.875, -22.375 ], [ 143.875, -23.125 ], [ 144.625, -23.125 ], [ 144.625, -23.375 ], [ 144.875, -23.375 ], [ 144.875, -23.625 ], [ 145.125, -23.625 ], [ 145.125, -23.875 ], [ 145.375, -23.875 ], [ 145.375, -24.125 ], [ 145.625, -24.125 ], [ 145.625, -24.375 ], [ 145.875, -24.375 ], [ 145.875, -24.625 ], [ 146.125, -24.625 ], [ 146.125, -25.125 ], [ 144.125, -25.125 ], [ 144.125, -24.625 ], [ 143.875, -24.625 ], [ 143.875, -24.125 ], [ 143.625, -24.125 ], [ 143.625, -23.875 ], [ 143.375, -23.875 ], [ 143.375, -23.625 ], [ 143.125, -23.625 ], [ 143.125, -23.375 ], [ 142.875, -23.375 ], [ 142.875, -23.125 ], [ 143.125, -23.125 ], [ 143.125, -22.875 ], [ 143.375, -22.875 ], [ 143.375, -22.375 ], [ 143.875, -22.375 ] ] ] ] } },
{ "type": "Feature", "properties": { "cluster_id": 56, "cohesion": 8.1378678342155606, "distances": { "1": 29.27985483333273, "2": 24.34051014696165, "3": 27.20143682661065, "4": 31.586811621610963, "5": 29.45783244733223, "6": 32.16090840774704, "7": 26.778162422538408, "8": 26.03516860676253, "9": 21.893317164424463, "10": 23.159167892058644, "11": 27.31642688175508, "12": 27.37360207896016, "13": 29.122490470239068, "14": 31.57542276963964, "15": 29.13156525903243, "16": 27.93458707898574, "17": 27.1393453834223, "18": 26.385632238656353, "19": 25.618788387193746, "20": 23.753525414085004, "21": 22.260216505957573, "22": 25.785818609363076, "23": 26.62905261807246, "24": 28.469561613067444, "25": 29.51115964131279, "26": 33.07889811635926, "27": 25.800938051698473, "28": 21.982974538647788, "29": 28.839231885892897, "30": 32.880327708659934, "31": 29.646176815888847, "32": 26.154041653279034, "33": 30.65245705790645, "34": 28.9897252293049, "35": 34.546022412771265, "36": 33.10062128253775, "37": 29.56223761941926, "38": 29.86208476907819, "39": 33.77458956807212, "40": 28.821450263226524, "41": 31.491557137636217, "42": 29.596064816498515, "43": 32.402299502032804, "44": 34.34413972575994, "45": 31.419129297371338, "46": 26.39546840461886, "47": 24.609603791850827, "48": 29.29932961225925, "49": 30.103319310486462, "50": 32.39944880474689, "51": 20.33487227418774, "52": 21.603245993950047, "53": 11.747838578593793, "54": 15.828222899868894, "55": 18.03503521697573, "57": 15.156906470630355, "58": 13.446008163497458, "59": 24.6797958360684, "60": 22.120283175390004, "61": 19.751521127390426, "62": 22.80114742081877, "63": 26.858096102104955, "64": 13.292457462157511, "65": 19.071179379895042, "66": 19.78695548778425, "67": 22.034829447690097, "68": 26.25853181819506, "69": 26.456788595907835, "70": 22.49829771315238, "71": 26.147911028287652, "72": 26.85910348482988, "73": 27.057234739157767, "74": 27.357771595883055, "75": 27.94808293215547 } }, "geometry": { "type": "MultiPolygon", "coordinates": [ [ [ [ 152.875, -31.125 ], [ 152.625, -31.125 ], [ 152.625, -30.875 ], [ 152.875, -30.875 ], [ 152.875, -31.125 ] ] ], [ [ [ 151.625, -30.125 ], [ 151.375, -30.125 ], [ 151.375, -29.875 ], [ 151.625, -29.875 ], [ 151.625, -30.125 ] ] ], [ [ [ 151.625, -29.875 ], [ 151.625, -29.375 ], [ 151.875, -29.375 ], [ 151.875, -29.875 ], [ 151.625, -29.875 ] ] ], [ [ [ 151.625, -26.875 ], [ 151.625, -26.625 ], [ 151.875, -26.625 ], [ 151.875, -26.375 ], [ 152.875, -26.375 ], [ 152.875, -26.625 ], [ 153.125, -26.625 ], [ 153.125, -28.125 ], [ 153.375, -28.125 ], [ 153.375, -27.625 ], [ 153.875, -27.625 ], [ 153.875, -29.125 ], [ 153.625, -29.125 ], [ 153.625, -30.125 ], [ 153.125, -30.125 ], [ 153.125, -30.375 ], [ 152.625, -30.375 ], [ 152.625, -29.625 ], [ 152.875, -29.625 ], [ 152.875, -29.125 ], [ 153.125, -29.125 ], [ 153.125, -28.875 ], [ 153.375, -28.875 ], [ 153.375, -28.375 ], [ 152.375, -28.375 ], [ 152.375, -28.625 ], [ 152.125, -28.625 ], [ 152.125, -29.375 ], [ 151.875, -29.375 ], [ 151.875, -26.875 ], [ 151.625, -26.875 ] ] ] ] } },
{ "type": "Feature", "properties": { "cluster_id": 57, "cohesion": 8.0601699304175671, "distances": { "1": 30.08883666295154, "2": 28.872058655678753, "3": 29.23559072672791, "4": 31.461418637620792, "5": 29.464067853964526, "6": 31.9221405166084, "7": 29.378804936578213, "8": 28.727376598917353, "9": 27.3305788807245, "10": 27.862106424875325, "11": 27.87065048519819, "12": 29.584968996459516, "13": 28.45915394666597, "14": 31.910703788850366, "15": 29.587193316650712, "16": 27.24021358844952, "17": 25.330602213242834, "18": 27.849813044441476, "19": 26.40158971736005, "20": 24.115147972427476, "21": 25.598554390709214, "22": 21.246422848418362, "23": 22.97841805660586, "24": 25.813909891772198, "25": 30.9336792101134, "26": 34.89146676499482, "27": 28.64052221758372, "28": 22.581808245337935, "29": 26.353361203443477, "30": 33.989661005510975, "31": 30.26825187530719, "32": 28.874648069195164, "33": 35.378703164481124, "34": 33.219493431085304, "35": 39.38535502991729, "36": 37.47773991238125, "37": 34.49122272026112, "38": 34.314020090455486, "39": 38.912644708894554, "40": 32.095004656959375, "41": 34.39213225553388, "42": 33.19017747899553, "43": 36.6316626492251, "44": 38.586005809267924, "45": 35.65968649592476, "46": 30.31146588668665, "47": 27.13370688210831, "48": 31.106701557571995, "49": 34.003960033348164, "50": 35.337296001754275, "51": 27.12502394520473, "52": 28.18311547511646, "53": 21.36752557937724, "54": 24.107048258843886, "55": 24.90804081902002, "56": 15.156906470630355, "58": 12.57916033241242, "59": 17.766469484810035, "60": 19.03460457102033, "61": 11.585574647948784, "62": 28.605939980413638, "63": 31.393165545307355, "64": 18.606148656105425, "65": 25.36657149473743, "66": 26.771053885577807, "67": 27.560490601280097, "68": 30.219280559314818, "69": 29.41203227475053, "70": 23.383223089089753, "71": 24.32730594572901, "72": 26.64792829708878, "73": 27.526645583768154, "74": 28.906870918370643, "75": 28.286650555389517 } }, "geometry": { "type": "MultiPolygon", "coordinates": [ [ [ [ 149.375, -36.625 ], [ 149.375, -36.875 ], [ 149.125, -36.875 ], [ 149.125, -37.375 ], [ 148.875, -37.375 ], [ 148.875, -37.625 ], [ 148.625, -37.625 ], [ 148.625, -36.625 ], [ 149.125, -36.625 ], [ 149.125, -36.375 ], [ 149.625, -36.375 ], [ 149.625, -36.625 ], [ 149.375, -36.625 ] ] ], [ [ [ 149.625, -36.125 ], [ 149.875, -36.125 ], [ 149.875, -35.875 ], [ 150.125, -35.875 ], [ 150.125, -36.375 ], [ 149.625, -36.375 ], [ 149.625, -36.125 ] ] ], [ [ [ 150.375, -35.875 ], [ 150.125, -35.875 ], [ 150.125, -35.625 ], [ 150.375, -35.625 ], [ 150.375, -35.875 ] ] ], [ [ [ 148.375, -35.625 ], [ 148.375, -35.375 ], [ 148.625, -35.375 ], [ 148.625, -35.625 ], [ 148.375, -35.625 ] ] ], [ [ [ 148.625, -35.125 ], [ 148.875, -35.125 ], [ 148.875, -35.375 ], [ 148.625, -35.375 ], [ 148.625, -35.125 ] ] ], [ [ [ 149.125, -34.625 ], [ 149.375, -34.625 ], [ 149.375, -33.125 ], [ 149.625, -33.125 ], [ 149.625, -32.625 ], [ 150.875, -32.625 ], [ 150.875, -32.125 ], [ 151.125, -32.125 ], [ 151.125, -31.625 ], [ 151.375, -31.625 ], [ 151.375, -31.375 ], [ 151.625, -31.375 ], [ 151.625, -30.625 ], [ 151.875, -30.625 ], [ 151.875, -30.125 ], [ 151.625, -30.125 ], [ 151.625, -29.875 ], [ 151.875, -29.875 ], [ 151.875, -29.375 ], [ 152.125, -29.375 ], [ 152.125, -28.625 ], [ 152.375, -28.625 ], [ 152.375, -29.125 ], [ 152.625, -29.125 ], [ 152.625, -30.375 ], [ 152.875, -30.375 ], [ 152.875, -30.875 ], [ 152.625, -30.875 ], [ 152.625, -31.625 ], [ 152.375, -31.625 ], [ 152.375, -31.875 ], [ 152.125, -31.875 ], [ 152.125, -32.375 ], [ 151.875, -32.375 ], [ 151.875, -32.125 ], [ 151.375, -32.125 ], [ 151.375, -32.625 ], [ 151.875, -32.625 ], [ 151.875, -32.875 ], [ 151.375, -32.875 ], [ 151.375, -33.375 ], [ 151.125, -33.375 ], [ 151.125, -33.625 ], [ 150.875, -33.625 ], [ 150.875, -34.125 ], [ 150.625, -34.125 ], [ 150.625, -33.875 ], [ 150.375, -33.875 ], [ 150.375, -33.625 ], [ 150.625, -33.625 ], [ 150.625, -33.125 ], [ 150.375, -33.125 ], [ 150.375, -33.375 ], [ 150.125, -33.375 ], [ 150.125, -33.625 ], [ 149.875, -33.625 ], [ 149.875, -34.125 ], [ 149.625, -34.125 ], [ 149.625, -34.875 ], [ 149.375, -34.875 ], [ 149.375, -35.125 ], [ 148.875, -35.125 ], [ 148.875, -34.875 ], [ 149.125, -34.875 ], [ 149.125, -34.625 ] ] ] ] } },
{ "type": "Feature", "properties": { "cluster_id": 58, "cohesion": 10.424271485874522, "distances": { "1": 31.285651681445646, "2": 26.87925747617313, "3": 28.987399630888792, "4": 33.82256755466288, "5": 31.07346785439078, "6": 34.09431478481605, "7": 29.963309294726496, "8": 28.232998246045124, "9": 24.51522789402826, "10": 26.436387620512022, "11": 26.286500424379717, "12": 27.86141234214172, "13": 29.267551533259958, "14": 32.90418123380667, "15": 29.443493926500967, "16": 26.836532913890167, "17": 25.65846719144519, "18": 28.34639038427622, "19": 26.537968434465817, "20": 22.967296252367856, "21": 22.869951476881983, "22": 20.081509960981812, "23": 23.87982473538244, "24": 24.80825836143459, "25": 27.634395882492683, "26": 30.277627725802184, "27": 22.757439053885072, "28": 18.338865357843524, "29": 23.66461009332491, "30": 28.893306136817383, "31": 25.170079596042854, "32": 27.092662740645547, "33": 30.904364888775778, "34": 29.842414884689784, "35": 34.22738751926942, "36": 31.96821096675724, "37": 30.083423858717534, "38": 29.46387295733574, "39": 32.90308632427216, "40": 25.84785437017096, "41": 28.13969855399374, "42": 26.59976408570577, "43": 30.647253984926778, "44": 32.38733490179654, "45": 29.237542364877587, "46": 24.80724043459141, "47": 22.694804095856995, "48": 26.230895822856223, "49": 28.538441965946003, "50": 29.44429370987045, "51": 22.67783816971541, "52": 24.761782316983286, "53": 18.769042248793983, "54": 20.09423538242328, "55": 21.28035260614601, "56": 13.446008163497458, "57": 12.579160332412421, "59": 21.18589357661058, "60": 19.892662844992334, "61": 16.169779153670078, "62": 22.72019574831172, "63": 24.850072586865522, "64": 14.443698872291327, "65": 19.729635338455978, "66": 21.35139764883234, "67": 22.996993484661115, "68": 24.581679861973676, "69": 25.59988927941431, "70": 20.428621741209124, "71": 23.30071306928555, "72": 23.45855653369447, "73": 24.685265825762965, "74": 24.07345047613569, "75": 24.125924633671303 } }, "geometry": { "type": "MultiPolygon", "coordinates": [ [ [ [ 150.375, -37.375 ], [ 150.125, -37.375 ], [ 150.125, -37.625 ], [ 149.875, -37.625 ], [ 149.875, -37.875 ], [ 149.625, -37.875 ], [ 149.625, -38.125 ], [ 148.625, -38.125 ], [ 148.625, -37.875 ], [ 148.875, -37.875 ], [ 148.875, -37.625 ], [ 149.375, -37.625 ], [ 149.375, -37.375 ], [ 149.625, -37.375 ], [ 149.625, -36.875 ], [ 149.875, -36.875 ], [ 149.875, -36.375 ], [ 150.125, -36.375 ], [ 150.125, -35.875 ], [ 150.375, -35.875 ], [ 150.375, -35.375 ], [ 150.625, -35.375 ], [ 150.625, -36.375 ], [ 150.375, -36.375 ], [ 150.375, -37.375 ] ] ], [ [ [ 150.875, -35.375 ], [ 150.625, -35.375 ], [ 150.625, -35.125 ], [ 150.875, -35.125 ], [ 150.875, -35.375 ] ] ], [ [ [ 149.125, -34.875 ], [ 148.875, -34.875 ], [ 148.875, -35.125 ], [ 148.625, -35.125 ], [ 148.625, -35.375 ], [ 148.125, -35.375 ], [ 148.125, -35.125 ], [ 147.875, -35.125 ], [ 147.875, -34.875 ], [ 148.625, -34.875 ], [ 148.625, -34.625 ], [ 148.875, -34.625 ], [ 148.875, -34.375 ], [ 149.125, -34.375 ], [ 149.125, -33.375 ], [ 148.875, -33.375 ], [ 148.875, -33.125 ], [ 149.375, -33.125 ], [ 149.375, -34.625 ], [ 149.125, -34.625 ], [ 149.125, -34.875 ] ] ], [ [ [ 149.625, -33.125 ], [ 149.375, -33.125 ], [ 149.375, -32.875 ], [ 149.625, -32.875 ], [ 149.625, -33.125 ] ] ], [ [ [ 153.125, -31.375 ], [ 153.125, -31.875 ], [ 152.875, -31.875 ], [ 152.875, -32.375 ], [ 152.625, -32.375 ], [ 152.625, -32.625 ], [ 152.375, -32.625 ], [ 152.375, -32.875 ], [ 152.125, -32.875 ], [ 152.125, -33.125 ], [ 151.875, -33.125 ], [ 151.875, -33.375 ], [ 151.625, -33.375 ], [ 151.625, -34.125 ], [ 151.375, -34.125 ], [ 151.375, -34.375 ], [ 151.125, -34.375 ], [ 151.125, -35.125 ], [ 150.875, -35.125 ], [ 150.875, -33.625 ], [ 151.125, -33.625 ], [ 151.125, -33.375 ], [ 151.375, -33.375 ], [ 151.375, -32.875 ], [ 151.875, -32.875 ], [ 151.875, -32.375 ], [ 152.125, -32.375 ], [ 152.125, -31.875 ], [ 152.375, -31.875 ], [ 152.375, -31.625 ], [ 152.625, -31.625 ], [ 152.625, -31.125 ], [ 152.875, -31.125 ], [ 152.875, -30.375 ], [ 153.125, -30.375 ], [ 153.125, -30.125 ], [ 153.375, -30.125 ], [ 153.375, -31.375 ], [ 153.125, -31.375 ] ] ], [ [ [ 151.125, -31.625 ], [ 151.125, -32.125 ], [ 150.875, -32.125 ], [ 150.875, -32.625 ], [ 149.625, -32.625 ], [ 149.625, -32.375 ], [ 149.875, -32.375 ], [ 149.875, -31.875 ], [ 150.625, -31.875 ], [ 150.625, -31.625 ], [ 150.875, -31.625 ], [ 150.875, -31.375 ], [ 151.375, -31.375 ], [ 151.375, -31.625 ], [ 151.125, -31.625 ] ] ], [ [ [ 151.375, -30.625 ], [ 151.625, -30.625 ], [ 151.625, -31.375 ], [ 151.375, -31.375 ], [ 151.375, -30.625 ] ] ], [ [ [ 151.625, -30.125 ], [ 151.875, -30.125 ], [ 151.875, -30.625 ], [ 151.625, -30.625 ], [ 151.625, -30.125 ] ] ], [ [ [ 153.125, -29.125 ], [ 152.875, -29.125 ], [ 152.875, -29.625 ], [ 152.625, -29.625 ], [ 152.625, -29.125 ], [ 152.375, -29.125 ], [ 152.375, -28.375 ], [ 153.375, -28.375 ], [ 153.375, -28.875 ], [ 153.125, -28.875 ], [ 153.125, -29.125 ] ] ] ] } },
{ "type": "Feature", "properties": { "cluster_id": 59, "cohesion": 8.467567179143936, "distances": { "1": 28.456836209683093, "2": 28.822362797228315, "3": 27.083008111768052, "4": 34.08595829155131, "5": 33.689959252100884, "6": 37.17876387580635, "7": 33.70178358968398, "8": 35.46381709018248, "9": 33.2212750021721, "10": 31.24356835138399, "11": 34.62127545436955, "12": 37.010713914383395, "13": 33.20327389448038, "14": 38.706391934648046, "15": 36.51815637239467, "16": 32.66607297585373, "17": 28.727541223602543, "18": 30.212618379105436, "19": 29.99974965678876, "20": 27.666480945067644, "21": 28.803920285578666, "22": 18.047148669543112, "23": 12.645548270390204, "24": 18.35664421995313, "25": 25.817565041874232, "26": 31.138720384454846, "27": 32.82748451679253, "28": 27.223814001491856, "29": 23.389153429986944, "30": 32.023413582455014, "31": 30.94309233103692, "32": 28.56603404399885, "33": 37.22091572491462, "34": 33.94561245513801, "35": 39.40859333110536, "36": 39.13801741980611, "37": 34.19183301599686, "38": 32.30913049945157, "39": 38.86009684084004, "40": 35.89745446831007, "41": 35.18556409228621, "42": 35.89165131447791, "43": 35.81796666628157, "44": 39.65227190972056, "45": 37.413442260688434, "46": 32.67893047282163, "47": 27.5951790274934, "48": 32.9663770966124, "49": 36.53313994247773, "50": 37.144858537303136, "51": 29.7311173832621, "52": 29.027906759792714, "53": 27.397055564131197, "54": 29.859844685848252, "55": 30.983671148866325, "56": 24.6797958360684, "57": 17.766469484810035, "58": 21.185893576610578, "60": 14.35211834124479, "61": 14.098429416758472, "62": 34.97341729132643, "63": 36.15052115875365, "64": 27.476077170771617, "65": 30.85158483973304, "66": 32.72871018260479, "67": 34.30122119432917, "68": 36.56155509544458, "69": 36.75463392692573, "70": 24.5461576936749, "71": 26.52664992121202, "72": 29.00113205477247, "73": 33.24001061730407, "74": 34.06833714531741, "75": 31.259501266665456 } }, "geometry": { "type": "Polygon", "coordinates": [ [ [ 149.125, -35.375 ], [ 149.125, -35.625 ], [ 148.375, -35.625 ], [ 148.375, -36.375 ], [ 148.125, -36.375 ], [ 148.125, -36.625 ], [ 147.625, -36.625 ], [ 147.625, -36.875 ], [ 146.875, -36.875 ], [ 146.875, -37.125 ], [ 146.375, -37.125 ], [ 146.375, -37.375 ], [ 146.125, -37.375 ], [ 146.125, -37.625 ], [ 144.875, -37.625 ], [ 144.875, -37.375 ], [ 144.125, -37.375 ], [ 144.125, -37.625 ], [ 142.125, -37.625 ], [ 142.125, -37.875 ], [ 141.625, -37.875 ], [ 141.625, -38.125 ], [ 140.625, -38.125 ], [ 140.625, -38.375 ], [ 141.125, -38.375 ], [ 141.125, -38.625 ], [ 142.625, -38.625 ], [ 142.625, -38.875 ], [ 143.125, -38.875 ], [ 143.125, -39.125 ], [ 143.875, -39.125 ], [ 143.875, -38.875 ], [ 144.125, -38.875 ], [ 144.125, -38.625 ], [ 144.375, -38.625 ], [ 144.375, -38.375 ], [ 145.125, -38.375 ], [ 145.125, -38.625 ], [ 145.375, -38.625 ], [ 145.375, -38.875 ], [ 146.375, -38.875 ], [ 146.375, -38.625 ], [ 145.625, -38.625 ], [ 145.625, -38.375 ], [ 145.875, -38.375 ], [ 145.875, -38.125 ], [ 146.125, -38.125 ], [ 146.125, -37.875 ], [ 147.125, -37.875 ], [ 147.125, -37.625 ], [ 148.625, -37.625 ], [ 148.625, -36.625 ], [ 148.875, -36.625 ], [ 148.875, -36.375 ], [ 149.375, -36.375 ], [ 149.375, -35.875 ], [ 149.625, -35.875 ], [ 149.625, -35.375 ], [ 149.125, -35.375 ] ] ] } },
{ "type": "Feature", "properties": { "cluster_id": 60, "cohesion": 6.8898779192984287, "distances": { "1": 24.777229904039437, "2": 24.15116510734599, "3": 23.10989826900697, "4": 30.65339929147799, "5": 30.33962724650273, "6": 33.48329306751615, "7": 28.949937897707393, "8": 30.420085687008466, "9": 28.017896383008747, "10": 26.362434004422525, "11": 30.407265529394785, "12": 31.619432445299964, "13": 30.301327264181296, "14": 34.03414161660487, "15": 31.970114346530277, "16": 29.4626510188728, "17": 26.712118789946736, "18": 25.967904744603626, "19": 26.522242620480885, "20": 24.84761701404605, "21": 24.01173400490525, "22": 22.368957300303272, "23": 18.98783203485686, "24": 23.413231320190278, "25": 26.6982625570379, "26": 30.93439249599289, "27": 31.833302169295578, "28": 28.585336095054387, "29": 27.172253360952936, "30": 31.87343841592519, "31": 31.314018259526065, "32": 23.537129207339987, "33": 30.570488074093568, "34": 27.871470114263797, "35": 34.10789120847117, "36": 33.52596648315291, "37": 29.3543249579886, "38": 29.425175137199293, "39": 34.43656756101567, "40": 31.46547533715789, "41": 32.79472564232416, "42": 32.93369202896878, "43": 32.72416057387652, "44": 35.05277404430849, "45": 32.88692730993043, "46": 28.57060925396909, "47": 24.961793383987384, "48": 29.286456637073034, "49": 31.280854801108465, "50": 32.87921949351532, "51": 26.41739842503318, "52": 24.836121606311092, "53": 23.762762970705346, "54": 26.816812074287864, "55": 26.74446934416875, "56": 22.120283175390004, "57": 19.034604571020335, "58": 19.892662844992334, "59": 14.352118341244793, "61": 14.710511629105929, "62": 30.17741361951004, "63": 32.06803043124214, "64": 26.40436329839041, "65": 28.881303394153118, "66": 28.2739624502642, "67": 29.10693151374775, "68": 31.340278436089914, "69": 31.28902399862061, "70": 21.730803819793156, "71": 24.610861764400102, "72": 26.509034000061998, "73": 29.49290691255366, "74": 30.00051375794148, "75": 28.11164109968001 } }, "geometry": { "type": "Polygon", "coordinates": [ [ [ 144.875, -40.375 ], [ 144.875, -40.625 ], [ 144.625, -40.625 ], [ 144.625, -40.875 ], [ 144.375, -40.875 ], [ 144.375, -41.375 ], [ 144.625, -41.375 ], [ 144.625, -41.875 ], [ 144.875, -41.875 ], [ 144.875, -42.125 ], [ 145.125, -42.125 ], [ 145.125, -42.375 ], [ 144.875, -42.375 ], [ 144.875, -42.625 ], [ 145.125, -42.625 ], [ 145.125, -42.875 ], [ 145.375, -42.875 ], [ 145.375, -43.125 ], [ 145.625, -43.125 ], [ 145.625, -43.375 ], [ 145.875, -43.375 ], [ 145.875, -43.625 ], [ 147.125, -43.625 ], [ 147.125, -43.375 ], [ 147.375, -43.375 ], [ 147.375, -43.125 ], [ 147.875, -43.125 ], [ 147.875, -42.875 ], [ 148.125, -42.875 ], [ 148.125, -42.625 ], [ 148.375, -42.625 ], [ 148.375, -42.125 ], [ 148.625, -42.125 ], [ 148.625, -40.875 ], [ 148.375, -40.875 ], [ 148.375, -40.625 ], [ 148.125, -40.625 ], [ 148.125, -40.375 ], [ 147.875, -40.375 ], [ 147.875, -40.625 ], [ 146.625, -40.625 ], [ 146.625, -40.875 ], [ 146.125, -40.875 ], [ 146.125, -40.625 ], [ 145.125, -40.625 ], [ 145.125, -40.375 ], [ 144.875, -40.375 ] ] ] } },
{ "type": "Feature", "properties": { "cluster_id": 61, "cohesion": 8.7801626880048129, "distances": { "1": 27.935062691255126, "2": 28.433195638467247, "3": 27.552917546651575, "4": 29.760571667132766, "5": 28.44953759913074, "6": 30.90761710502716, "7": 28.875968708895254, "8": 29.035730067287286, "9": 28.55146415119182, "10": 28.01379580440682, "11": 27.99218552807967, "12": 30.10523007431929, "13": 27.53247764461429, "14": 31.39721073424373, "15": 29.362276298359884, "16": 26.651887399459405, "17": 24.081412491655577, "18": 26.57141179953235, "19": 25.59187993033002, "20": 23.60020839806448, "21": 25.428541437826127, "22": 21.576445813560067, "23": 21.369080806015404, "24": 25.406987776841945, "25": 31.08840949049775, "26": 35.2138931370366, "27": 31.973181547424517, "28": 26.646907824624552, "29": 27.38298905609825, "30": 34.8204390747559, "31": 32.21925824208541, "32": 27.965983217933704, "33": 35.24413034499658, "34": 32.78152162061497, "35": 39.40333359949481, "36": 37.6724716075089, "37": 34.67056801238163, "38": 34.79094443471501, "39": 39.544099981686585, "40": 33.13675948716938, "41": 35.70546671604889, "42": 35.15434224432813, "43": 37.412746889809036, "44": 39.13434318191472, "45": 36.47860592142461, "46": 31.1923768860137, "47": 27.51937536788488, "48": 31.05659395713616, "49": 34.36198125776668, "50": 35.72121417188326, "51": 29.008258355937475, "52": 29.02332920529737, "53": 24.567277879770515, "54": 27.35195078841207, "55": 27.220223996772525, "56": 19.751521127390426, "57": 11.585574647948784, "58": 16.169779153670078, "59": 14.098429416758472, "60": 14.71051162910593, "62": 31.351036427813153, "63": 33.74153970168704, "64": 24.14690955163937, "65": 29.34887045199965, "66": 29.58475469503813, "67": 29.623237081963847, "68": 31.93274725236553, "69": 30.520249132073754, "70": 22.995422728332578, "71": 23.128547981027474, "72": 26.19717469000793, "73": 27.670906218459166, "74": 29.550411031245808, "75": 28.135385459222682 } }, "geometry": { "type": "MultiPolygon", "coordinates": [ [ [ [ 148.625, -37.875 ], [ 148.625, -38.125 ], [ 148.125, -38.125 ], [ 148.125, -38.375 ], [ 147.375, -38.375 ], [ 147.375, -38.625 ], [ 147.125, -38.625 ], [ 147.125, -38.875 ], [ 146.625, -38.875 ], [ 146.625, -39.125 ], [ 145.875, -39.125 ], [ 145.875, -38.875 ], [ 146.375, -38.875 ], [ 146.375, -38.625 ], [ 145.625, -38.625 ], [ 145.625, -38.375 ], [ 145.875, -38.375 ], [ 145.875, -38.125 ], [ 146.125, -38.125 ], [ 146.125, -37.875 ], [ 147.125, -37.875 ], [ 147.125, -37.625 ], [ 148.875, -37.625 ], [ 148.875, -37.875 ], [ 148.625, -37.875 ] ] ], [ [ [ 149.125, -37.375 ], [ 149.125, -36.875 ], [ 149.375, -36.875 ], [ 149.375, -36.625 ], [ 149.625, -36.625 ], [ 149.625, -36.375 ], [ 149.875, -36.375 ], [ 149.875, -36.875 ], [ 149.625, -36.875 ], [ 149.625, -37.375 ], [ 149.375, -37.375 ], [ 149.375, -37.625 ], [ 148.875, -37.625 ], [ 148.875, -37.375 ], [ 149.125, -37.375 ] ] ], [ [ [ 150.625, -33.625 ], [ 150.375, -33.625 ], [ 150.375, -33.875 ], [ 150.625, -33.875 ], [ 150.625, -34.125 ], [ 150.875, -34.125 ], [ 150.875, -35.125 ], [ 150.625, -35.125 ], [ 150.625, -35.375 ], [ 150.375, -35.375 ], [ 150.375, -35.625 ], [ 150.125, -35.625 ], [ 150.125, -35.875 ], [ 149.875, -35.875 ], [ 149.875, -36.125 ], [ 149.625, -36.125 ], [ 149.625, -36.375 ], [ 149.375, -36.375 ], [ 149.375, -35.875 ], [ 149.625, -35.875 ], [ 149.625, -35.375 ], [ 149.125, -35.375 ], [ 149.125, -35.625 ], [ 148.625, -35.625 ], [ 148.625, -35.375 ], [ 148.875, -35.375 ], [ 148.875, -35.125 ], [ 149.375, -35.125 ], [ 149.375, -34.875 ], [ 149.625, -34.875 ], [ 149.625, -34.125 ], [ 149.875, -34.125 ], [ 149.875, -33.625 ], [ 150.125, -33.625 ], [ 150.125, -33.375 ], [ 150.375, -33.375 ], [ 150.375, -33.125 ], [ 150.625, -33.125 ], [ 150.625, -33.625 ] ] ], [ [ [ 151.875, -32.625 ], [ 151.375, -32.625 ], [ 151.375, -32.125 ], [ 151.875, -32.125 ], [ 151.875, -32.625 ] ] ] ] } },
{ "type": "Feature", "properties": { "cluster_id": 62, "cohesion": 6.0394918107731366, "distances": { "1": 37.11346388654352, "2": 29.963549642600107, "3": 33.69882320684024, "4": 41.210894934010064, "5": 37.831842834946826, "6": 40.0525742149867, "7": 33.97790608279634, "8": 28.973379116973824, "9": 22.035026746011532, "10": 28.626462295414036, "11": 26.51667843116018, "12": 24.497136694855044, "13": 35.053011704221774, "14": 35.22276156422871, "15": 30.72268360573682, "16": 30.19232372062231, "17": 32.4803082482793, "18": 35.06429473361748, "19": 32.82169605161988, "20": 29.731477990632218, "21": 28.071312732090398, "22": 29.920219857596805, "23": 34.96267259339276, "24": 33.486045924999026, "25": 31.813863759666475, "26": 31.73567846553023, "27": 17.068210340048545, "28": 22.227042174137587, "29": 30.106163715731313, "30": 29.06165793459607, "31": 24.433290635490895, "32": 31.937846219088637, "33": 32.15182007022885, "34": 32.13135014645838, "35": 33.98983633612379, "36": 31.550979466442097, "37": 30.643356911602506, "38": 29.918020334559742, "39": 30.47822762858614, "40": 20.536565947261288, "41": 24.218880114407767, "42": 18.815292216451667, "43": 28.52703877406814, "44": 30.24591686871535, "45": 25.61343879403633, "46": 26.34534391018877, "47": 26.14264475422572, "48": 28.031581093936182, "49": 29.236432116278984, "50": 28.271354346309955, "51": 23.579534025112594, "52": 27.010831795247164, "53": 24.63000725400944, "54": 22.465460145237167, "55": 20.365227925092835, "56": 22.80114742081877, "57": 28.605939980413638, "58": 22.72019574831172, "59": 34.97341729132643, "60": 30.17741361951004, "61": 31.351036427813153, "63": 12.143001985526247, "64": 19.971810273012803, "65": 17.86290417632117, "66": 10.744781024429201, "67": 12.20064390449018, "68": 11.938702851037998, "69": 18.23331123764339, "70": 26.108787250485207, "71": 29.82976929818293, "72": 27.30144225325343, "73": 24.31761329212038, "74": 21.024099572367284, "75": 25.239922983069224 } }, "geometry": { "type": "Polygon", "coordinates": [ [ [ 139.875, -24.625 ], [ 139.875, -25.125 ], [ 140.125, -25.125 ], [ 140.125, -25.375 ], [ 140.375, -25.375 ], [ 140.375, -25.625 ], [ 140.125, -25.625 ], [ 140.125, -26.125 ], [ 140.375, -26.125 ], [ 140.375, -26.375 ], [ 141.375, -26.375 ], [ 141.375, -26.625 ], [ 141.625, -26.625 ], [ 141.625, -26.875 ], [ 142.375, -26.875 ], [ 142.375, -27.125 ], [ 143.375, -27.125 ], [ 143.375, -27.375 ], [ 144.125, -27.375 ], [ 144.125, -27.875 ], [ 144.625, -27.875 ], [ 144.625, -27.375 ], [ 145.125, -27.375 ], [ 145.125, -26.875 ], [ 144.375, -26.875 ], [ 144.375, -26.625 ], [ 143.875, -26.625 ], [ 143.875, -26.375 ], [ 143.625, -26.375 ], [ 143.625, -26.125 ], [ 143.125, -26.125 ], [ 143.125, -26.375 ], [ 142.625, -26.375 ], [ 142.625, -26.125 ], [ 142.375, -26.125 ], [ 142.375, -25.625 ], [ 142.125, -25.625 ], [ 142.125, -25.375 ], [ 141.875, -25.375 ], [ 141.875, -25.625 ], [ 141.625, -25.625 ], [ 141.625, -25.375 ], [ 141.375, -25.375 ], [ 141.375, -25.125 ], [ 140.875, -25.125 ], [ 140.875, -24.875 ], [ 140.625, -24.875 ], [ 140.625, -24.625 ], [ 139.875, -24.625 ] ] ] } },
{ "type": "Feature", "properties": { "cluster_id": 63, "cohesion": 8.1552971865868518, "distances": { "1": 41.57343094644793, "2": 33.732120488725734, "3": 37.48601053701755, "4": 46.2691514352099, "5": 42.6861436949821, "6": 45.69143556168373, "7": 39.90099679315762, "8": 35.39534740711898, "9": 28.425236352570128, "10": 34.02691269455352, "11": 30.411927173992247, "12": 30.350325876099962, "13": 39.2215636741849, "14": 41.222630468897, "15": 35.88681923914714, "16": 33.88239396678985, "17": 35.30915897392082, "18": 39.06715946553969, "19": 36.71817228043087, "20": 32.14748982017888, "21": 30.15559356570207, "22": 28.04351626757362, "23": 34.85430811890247, "24": 31.723102889259394, "25": 29.468318956407394, "26": 27.29826853364624, "27": 13.670312189610499, "28": 21.34292356033274, "29": 26.884315671963833, "30": 23.153780193921495, "31": 18.86218213164498, "32": 33.68965907559181, "33": 31.811287981851645, "34": 32.85196602885015, "35": 31.841787337728118, "36": 29.102232856097135, "37": 30.12403770362511, "38": 27.899294903708736, "39": 26.945921733666673, "40": 16.28910272766131, "41": 17.53665660915475, "42": 11.576244916193808, "43": 23.943231828670758, "44": 25.9076067067612, "45": 20.98151620646865, "46": 24.520350539586143, "47": 25.192619109407683, "48": 25.61114166398888, "49": 27.127054141217393, "50": 24.04942302314827, "51": 26.27196795393997, "52": 29.990324090104256, "53": 28.828067732680125, "54": 26.42813429778963, "55": 26.135102448465954, "56": 26.858096102104955, "57": 31.39316554530735, "58": 24.850072586865522, "59": 36.15052115875365, "60": 32.06803043124214, "61": 33.741539701687046, "62": 12.143001985526247, "64": 22.60317140579001, "65": 19.873488565008454, "66": 17.635887903584738, "67": 19.675894323888556, "68": 13.400142434513738, "69": 22.195335820405468, "70": 26.81326309389417, "71": 31.081200937269916, "72": 26.884634745767393, "73": 26.3108694929359, "74": 20.14181865753477, "75": 23.75890932859317 } }, "geometry": { "type": "MultiPolygon", "coordinates": [ [ [ [ 135.875, -23.375 ], [ 135.875, -23.625 ], [ 136.375, -23.625 ], [ 136.375, -23.875 ], [ 136.625, -23.875 ], [ 136.625, -24.125 ], [ 137.125, -24.125 ], [ 137.125, -24.375 ], [ 137.375, -24.375 ], [ 137.375, -24.625 ], [ 137.875, -24.625 ], [ 137.875, -24.875 ], [ 138.625, -24.875 ], [ 138.625, -25.125 ], [ 138.875, -25.125 ], [ 138.875, -25.375 ], [ 139.625, -25.375 ], [ 139.625, -25.875 ], [ 140.125, -25.875 ], [ 140.125, -26.125 ], [ 140.375, -26.125 ], [ 140.375, -26.375 ], [ 141.375, -26.375 ], [ 141.375, -26.625 ], [ 141.625, -26.625 ], [ 141.625, -26.875 ], [ 142.375, -26.875 ], [ 142.375, -27.125 ], [ 143.375, -27.125 ], [ 143.375, -27.375 ], [ 144.125, -27.375 ], [ 144.125, -27.875 ], [ 144.625, -27.875 ], [ 144.625, -28.375 ], [ 144.375, -28.375 ], [ 144.375, -28.625 ], [ 143.625, -28.625 ], [ 143.625, -28.875 ], [ 143.375, -28.875 ], [ 143.375, -28.625 ], [ 143.125, -28.625 ], [ 143.125, -28.125 ], [ 142.625, -28.125 ], [ 142.625, -28.375 ], [ 142.125, -28.375 ], [ 142.125, -28.625 ], [ 141.625, -28.625 ], [ 141.625, -28.375 ], [ 140.375, -28.375 ], [ 140.375, -27.625 ], [ 140.125, -27.625 ], [ 140.125, -27.375 ], [ 139.875, -27.375 ], [ 139.875, -27.125 ], [ 139.375, -27.125 ], [ 139.375, -27.375 ], [ 138.625, -27.375 ], [ 138.625, -27.125 ], [ 138.375, -27.125 ], [ 138.375, -27.375 ], [ 137.875, -27.375 ], [ 137.875, -27.125 ], [ 137.625, -27.125 ], [ 137.625, -26.875 ], [ 137.375, -26.875 ], [ 137.375, -26.625 ], [ 137.125, -26.625 ], [ 137.125, -26.125 ], [ 136.875, -26.125 ], [ 136.875, -25.875 ], [ 136.625, -25.875 ], [ 136.625, -25.625 ], [ 136.125, -25.625 ], [ 136.125, -25.375 ], [ 135.875, -25.375 ], [ 135.875, -25.125 ], [ 135.625, -25.125 ], [ 135.625, -24.875 ], [ 134.625, -24.875 ], [ 134.625, -24.625 ], [ 134.375, -24.625 ], [ 134.375, -24.375 ], [ 134.125, -24.375 ], [ 134.125, -24.125 ], [ 134.375, -24.125 ], [ 134.375, -23.875 ], [ 134.625, -23.875 ], [ 134.625, -23.625 ], [ 134.375, -23.625 ], [ 134.375, -23.375 ], [ 135.875, -23.375 ] ] ], [ [ [ 133.875, -23.625 ], [ 133.875, -23.875 ], [ 133.625, -23.875 ], [ 133.625, -23.625 ], [ 133.875, -23.625 ] ] ] ] } },
{ "type": "Feature", "properties": { "cluster_id": 64, "cohesion": 8.0389811992048568, "distances": { "1": 35.74154017752372, "2": 28.895138272525767, "3": 32.55921288976688, "4": 39.49300709325066, "5": 36.760490588797914, "6": 39.78306757232233, "7": 34.146528673182814, "8": 32.10428263619533, "9": 26.110897287591605, "10": 29.029952575026847, "11": 31.189055474010107, "12": 31.491025962241014, "13": 35.228409714351024, "14": 38.13609283818218, "15": 34.57567352042143, "16": 32.526628444337405, "17": 31.91073144784041, "18": 33.48556037867194, "19": 31.92012023767714, "20": 28.398396478374774, "21": 26.98751365042422, "22": 23.463390657276904, "23": 27.38307194225645, "24": 27.141328691475973, "25": 28.00925300586607, "26": 30.402101075398136, "27": 19.185276653398294, "28": 15.11317277320655, "29": 24.972606032705947, "30": 29.021676254424847, "31": 24.42603563833686, "32": 30.39924755302188, "33": 32.85466143416396, "34": 32.121785607012974, "35": 34.888532749872745, "36": 33.1825222762387, "37": 30.543002705552198, "38": 28.88846470317795, "39": 32.203425910055714, "40": 26.95670592488368, "41": 27.414161586368447, "42": 24.85236699059894, "43": 29.836876482943826, "44": 32.610639033063755, "45": 29.423722193598234, "46": 25.419699836516955, "47": 24.25811983061073, "48": 29.188236786140717, "49": 30.193538600511364, "50": 30.83948903901591, "51": 21.174926866557126, "52": 24.36963563830923, "53": 16.692875579924117, "54": 17.298849026654832, "55": 20.885816474357117, "56": 13.29245746215751, "57": 18.606148656105425, "58": 14.443698872291327, "59": 27.476077170771617, "60": 26.404363298390408, "61": 24.146909551639375, "62": 19.97181027301281, "63": 22.60317140579001, "65": 13.855731449284502, "66": 18.37505059590132, "67": 22.637845309625394, "68": 24.886758411898988, "69": 28.083706490914274, "70": 24.57165592372551, "71": 29.274011995269053, "72": 28.173660917668894, "73": 29.303358116973428, "74": 27.39134122656342, "75": 28.26396543449348 } }, "geometry": { "type": "MultiPolygon", "coordinates": [ [ [ [ 151.875, -26.875 ], [ 151.875, -29.375 ], [ 151.625, -29.375 ], [ 151.625, -29.875 ], [ 151.375, -29.875 ], [ 151.375, -30.125 ], [ 151.625, -30.125 ], [ 151.625, -30.625 ], [ 151.375, -30.625 ], [ 151.375, -31.375 ], [ 150.875, -31.375 ], [ 150.875, -31.625 ], [ 150.625, -31.625 ], [ 150.625, -31.875 ], [ 149.875, -31.875 ], [ 149.875, -32.375 ], [ 149.625, -32.375 ], [ 149.625, -32.875 ], [ 149.375, -32.875 ], [ 149.375, -33.125 ], [ 148.625, -33.125 ], [ 148.625, -32.875 ], [ 148.375, -32.875 ], [ 148.375, -31.625 ], [ 148.625, -31.625 ], [ 148.625, -30.625 ], [ 148.875, -30.625 ], [ 148.875, -30.375 ], [ 150.125, -30.375 ], [ 150.125, -29.875 ], [ 150.875, -29.875 ], [ 150.875, -29.125 ], [ 151.125, -29.125 ], [ 151.125, -28.875 ], [ 151.375, -28.875 ], [ 151.375, -27.625 ], [ 151.625, -27.625 ], [ 151.625, -26.875 ], [ 151.875, -26.875 ] ] ], [ [ [ 151.375, -26.875 ], [ 151.375, -26.625 ], [ 151.625, -26.625 ], [ 151.625, -26.875 ], [ 151.375, -26.875 ] ] ] ] } },
{ "type": "Feature", "properties": { "cluster_id": 65, "cohesion": 9.0008212148083295, "distances": { "1": 37.01934751372349, "2": 28.074956329942548, "3": 32.62363248401658, "4": 42.491234914379426, "5": 39.44182056085041, "6": 42.961514500530406, "7": 36.03159285023682, "8": 33.97359547404169, "9": 25.70807872560067, "10": 29.08366389336346, "11": 32.85087037843106, "12": 33.2869224647632, "13": 37.50430545158371, "14": 41.22480235035146, "15": 37.140281557816905, "16": 34.24451813728642, "17": 33.7753240004568, "18": 35.94833729965177, "19": 33.891127010876495, "20": 29.854262357413685, "21": 28.125606798269494, "22": 25.36503674012155, "23": 29.176504267411268, "24": 27.696827247189486, "25": 26.339619471028563, "26": 27.403101887095335, "27": 16.999188387732186, "28": 16.129166668527244, "29": 25.122931532661653, "30": 26.008713792892106, "31": 23.068787241572725, "32": 31.91413675793041, "33": 32.48730205138639, "34": 32.490389208482625, "35": 32.991829432928256, "36": 31.49755936471296, "37": 29.617923159684644, "38": 26.408694006020912, "39": 29.0774921244996, "40": 25.066942880123456, "41": 23.69104616391924, "42": 21.461957582723777, "43": 25.916043957055653, "44": 29.749340360221556, "45": 26.7637112138039, "46": 23.75682573487724, "47": 22.68403734313099, "48": 27.814468818426132, "49": 28.780762667744575, "50": 28.591962529230962, "51": 17.59367745420075, "52": 22.659582731153012, "53": 19.481625019880376, "54": 15.24991911922896, "55": 19.147509676106335, "56": 19.071179379895042, "57": 25.36657149473743, "58": 19.729635338455978, "59": 30.85158483973304, "60": 28.88130339415312, "61": 29.34887045199965, "62": 17.86290417632117, "63": 19.873488565008458, "64": 13.855731449284503, "66": 14.794498730546492, "67": 21.457817488782165, "68": 23.876515730804353, "69": 28.88948843902999, "70": 24.465204982617202, "71": 30.393599596384888, "72": 27.9218145575832, "73": 30.017187557035115, "74": 27.013719237337707, "75": 27.712934215217647 } }, "geometry": { "type": "Polygon", "coordinates": [ [ [ 146.375, -25.125 ], [ 146.375, -25.375 ], [ 145.875, -25.375 ], [ 145.875, -25.625 ], [ 145.625, -25.625 ], [ 145.625, -25.875 ], [ 145.125, -25.875 ], [ 145.125, -26.625 ], [ 144.875, -26.625 ], [ 144.875, -26.875 ], [ 145.125, -26.875 ], [ 145.125, -27.375 ], [ 144.625, -27.375 ], [ 144.625, -28.375 ], [ 144.875, -28.375 ], [ 144.875, -28.875 ], [ 145.125, -28.875 ], [ 145.125, -29.125 ], [ 146.625, -29.125 ], [ 146.625, -29.375 ], [ 146.875, -29.375 ], [ 146.875, -29.625 ], [ 147.125, -29.625 ], [ 147.125, -29.875 ], [ 147.625, -29.875 ], [ 147.625, -30.375 ], [ 147.875, -30.375 ], [ 147.875, -30.875 ], [ 148.125, -30.875 ], [ 148.125, -31.375 ], [ 148.625, -31.375 ], [ 148.625, -30.625 ], [ 148.875, -30.625 ], [ 148.875, -30.375 ], [ 150.125, -30.375 ], [ 150.125, -29.875 ], [ 150.875, -29.875 ], [ 150.875, -29.125 ], [ 151.125, -29.125 ], [ 151.125, -28.875 ], [ 151.375, -28.875 ], [ 151.375, -27.625 ], [ 151.625, -27.625 ], [ 151.625, -26.875 ], [ 151.375, -26.875 ], [ 151.375, -26.625 ], [ 151.125, -26.625 ], [ 151.125, -26.375 ], [ 149.125, -26.375 ], [ 149.125, -26.125 ], [ 148.875, -26.125 ], [ 148.875, -25.875 ], [ 149.125, -25.875 ], [ 149.125, -25.625 ], [ 148.375, -25.625 ], [ 148.375, -25.375 ], [ 148.125, -25.375 ], [ 148.125, -25.125 ], [ 146.375, -25.125 ] ] ] } },
{ "type": "Feature", "properties": { "cluster_id": 66, "cohesion": 5.1117108267834697, "distances": { "1": 32.93247442028135, "2": 24.943475205347855, "3": 29.29170741115641, "4": 37.519519747866404, "5": 34.343910585625885, "6": 36.73411145478562, "7": 29.462904348865365, "8": 25.66382881300286, "9": 17.078170806806877, "10": 23.030229436498015, "11": 26.009156605369977, "12": 24.19829006162208, "13": 32.327539668210605, "14": 33.284559130981656, "15": 29.528279685249117, "16": 28.613203423567352, "17": 30.257057059239724, "18": 31.83213583136987, "19": 29.581444978266017, "20": 27.125083397775274, "21": 25.61959268214203, "22": 29.73318954769644, "23": 32.61375025947863, "24": 32.057817473804405, "25": 29.97975674810318, "26": 31.219058172771362, "27": 20.195830599129135, "28": 22.456414014513644, "29": 30.366964141057565, "30": 30.06167623702394, "31": 26.9324380175271, "32": 29.771193353947186, "33": 31.471876834207034, "34": 30.655776654264095, "35": 33.408042572136814, "36": 31.814691717784452, "37": 29.16554482731788, "38": 28.14226576327999, "39": 30.343449707412258, "40": 23.502152732687506, "41": 26.26401505014846, "42": 22.56443427082927, "43": 28.378621936713774, "44": 31.203864488962562, "45": 27.153361084127805, "46": 25.987049846840012, "47": 24.563189605237238, "48": 28.26264218284359, "49": 29.420253597545816, "50": 29.670442769986103, "51": 17.83445573572027, "52": 21.9293680360564, "53": 20.060606249404675, "54": 16.214392311664238, "55": 13.32099514300717, "56": 19.78695548778425, "57": 26.771053885577807, "58": 21.35139764883234, "59": 32.728710182604786, "60": 28.273962450264204, "61": 29.58475469503813, "62": 10.7447810244292, "63": 17.635887903584738, "64": 18.37505059590132, "65": 14.794498730546492, "67": 11.027561838448632, "68": 17.297138915819435, "69": 20.636948202225177, "70": 23.927515814496765, "71": 28.337273915859072, "72": 26.70067991885183, "73": 24.69694531486273, "74": 23.18485276347477, "75": 26.1055651923672 } }, "geometry": { "type": "Polygon", "coordinates": [ [ [ 144.375, -25.125 ], [ 144.375, -25.375 ], [ 144.125, -25.375 ], [ 144.125, -25.625 ], [ 143.375, -25.625 ], [ 143.375, -26.125 ], [ 143.625, -26.125 ], [ 143.625, -26.375 ], [ 143.875, -26.375 ], [ 143.875, -26.625 ], [ 144.375, -26.625 ], [ 144.375, -26.875 ], [ 144.875, -26.875 ], [ 144.875, -26.625 ], [ 145.125, -26.625 ], [ 145.125, -25.875 ], [ 145.625, -25.875 ], [ 145.625, -25.625 ], [ 145.875, -25.625 ], [ 145.875, -25.375 ], [ 146.125, -25.375 ], [ 146.125, -25.125 ], [ 144.375, -25.125 ] ] ] } },
{ "type": "Feature", "properties": { "cluster_id": 67, "cohesion": 7.5277261250383649, "distances": { "1": 32.288849799387464, "2": 26.07495381323405, "3": 29.755830260043915, "4": 34.86425096214373, "5": 31.390561070317357, "6": 32.617452657453526, "7": 26.249234537469196, "8": 20.173743355388556, "9": 13.455965643076036, "10": 21.58606445016306, "11": 21.24412316219036, "12": 17.338299471524113, "13": 29.17203645385651, "14": 27.466550259521895, "15": 24.034845035066997, "16": 24.87960536271406, "17": 28.26412786711246, "18": 30.187524726000614, "19": 27.68970737463809, "20": 26.292830933110775, "21": 25.544501336955467, "22": 32.57415231604744, "23": 35.71329015680464, "24": 35.68048554133927, "25": 34.54790817757453, "26": 35.61965565906284, "27": 24.206479409189434, "28": 26.89691302249265, "29": 33.895642538267204, "30": 33.98417572523896, "31": 30.257921211729496, "32": 30.492288289672608, "33": 32.36265157038747, "34": 31.58950416307082, "35": 35.89021556783525, "36": 33.47367052897161, "37": 31.983224891202124, "38": 32.59982216091642, "39": 33.9796721350247, "40": 24.114396875737885, "41": 29.84450505723124, "42": 25.697885718314172, "43": 32.704416648227806, "44": 33.819095065058335, "45": 29.539595759023456, "46": 28.70054554566178, "47": 27.632957041936688, "48": 29.297110760000287, "49": 30.88604654781681, "50": 31.34888515759877, "51": 22.077005506489694, "52": 25.145551951332916, "53": 23.3535454742381, "54": 20.77792042319111, "55": 15.197236131137446, "56": 22.034829447690097, "57": 27.5604906012801, "58": 22.996993484661118, "59": 34.30122119432917, "60": 29.106931513747746, "61": 29.623237081963843, "62": 12.200643904490182, "63": 19.675894323888553, "64": 22.637845309625394, "65": 21.45781748878217, "66": 11.027561838448635, "68": 14.593880920567091, "69": 14.832880181315113, "70": 25.383095642831726, "71": 27.48899568829814, "72": 26.509022094468847, "73": 21.219251470119193, "74": 21.16290097552191, "75": 25.43723491342318 } }, "geometry": { "type": "Polygon", "coordinates": [ [ [ 140.125, -22.375 ], [ 140.125, -22.625 ], [ 139.125, -22.625 ], [ 139.125, -22.875 ], [ 139.625, -22.875 ], [ 139.625, -23.125 ], [ 139.875, -23.125 ], [ 139.875, -23.375 ], [ 138.875, -23.375 ], [ 138.875, -23.625 ], [ 139.125, -23.625 ], [ 139.125, -23.875 ], [ 139.625, -23.875 ], [ 139.625, -24.125 ], [ 139.875, -24.125 ], [ 139.875, -24.375 ], [ 140.125, -24.375 ], [ 140.125, -24.625 ], [ 140.625, -24.625 ], [ 140.625, -24.875 ], [ 140.875, -24.875 ], [ 140.875, -25.125 ], [ 141.375, -25.125 ], [ 141.375, -25.375 ], [ 141.625, -25.375 ], [ 141.625, -25.625 ], [ 141.875, -25.625 ], [ 141.875, -25.375 ], [ 142.125, -25.375 ], [ 142.125, -25.625 ], [ 142.375, -25.625 ], [ 142.375, -26.125 ], [ 142.625, -26.125 ], [ 142.625, -26.375 ], [ 143.125, -26.375 ], [ 143.125, -26.125 ], [ 143.375, -26.125 ], [ 143.375, -25.625 ], [ 144.125, -25.625 ], [ 144.125, -25.375 ], [ 144.375, -25.375 ], [ 144.375, -25.125 ], [ 144.125, -25.125 ], [ 144.125, -24.625 ], [ 143.875, -24.625 ], [ 143.875, -24.125 ], [ 143.625, -24.125 ], [ 143.625, -23.875 ], [ 143.375, -23.875 ], [ 143.375, -23.625 ], [ 143.125, -23.625 ], [ 143.125, -23.375 ], [ 142.125, -23.375 ], [ 142.125, -23.125 ], [ 141.875, -23.125 ], [ 141.875, -22.625 ], [ 141.625, -22.625 ], [ 141.625, -22.375 ], [ 141.125, -22.375 ], [ 141.125, -22.625 ], [ 140.625, -22.625 ], [ 140.625, -22.375 ], [ 140.125, -22.375 ] ] ] } },
{ "type": "Feature", "properties": { "cluster_id": 68, "cohesion": 7.278675044147171, "distances": { "1": 38.84337006332458, "2": 32.549458989324236, "3": 35.932436598858835, "4": 41.003705218512614, "5": 36.983656153609914, "6": 38.852392080557266, "7": 34.47069034999647, "8": 28.10093937184728, "9": 23.378937624478382, "10": 30.32348985797423, "11": 22.060829286986646, "12": 21.23448433970793, "13": 32.86737220414223, "14": 32.77008639814546, "15": 27.31854859067345, "16": 26.646418700502075, "17": 30.253056850569713, "18": 34.91442405752662, "19": 31.963584714783256, "20": 28.340439843772636, "21": 27.53447749078498, "22": 31.592156723573943, "23": 37.515655956919474, "24": 35.810660915350915, "25": 34.65373377289353, "26": 33.41779306831005, "27": 20.94276973002449, "28": 26.347477485250913, "29": 32.03072430908788, "30": 29.867978288043115, "31": 25.72635055385134, "32": 33.46137464134304, "33": 32.006258946776995, "34": 33.10787237895496, "35": 34.712459533548504, "36": 30.82768989787295, "37": 32.88222455152654, "38": 32.75218708172259, "39": 31.67792546766171, "40": 16.871689198554492, "41": 24.324902353901056, "42": 19.336020236768917, "43": 29.905827712089113, "44": 29.57065243074473, "45": 24.6081339950358, "46": 26.64908052185784, "47": 27.446755284273838, "48": 25.76084317349752, "49": 28.036487309956645, "50": 26.133898080730372, "51": 27.485857185396153, "52": 30.66539195124773, "53": 28.92811395208716, "54": 26.816818931254247, "55": 23.808684415130912, "56": 26.25853181819506, "57": 30.219280559314818, "58": 24.581679861973672, "59": 36.56155509544458, "60": 31.34027843608992, "61": 31.932747252365534, "62": 11.938702851037998, "63": 13.40014243451374, "64": 24.886758411898988, "65": 23.876515730804357, "66": 17.297138915819435, "67": 14.593880920567091, "69": 12.716479475724288, "70": 26.560708725733242, "71": 27.7125135901586, "72": 24.608082847474098, "73": 19.015606209317863, "74": 14.863454430022436, "75": 21.02586187120303 } }, "geometry": { "type": "MultiPolygon", "coordinates": [ [ [ [ 134.375, -23.125 ], [ 135.375, -23.125 ], [ 135.375, -22.875 ], [ 137.125, -22.875 ], [ 137.125, -23.125 ], [ 138.125, -23.125 ], [ 138.125, -23.375 ], [ 138.875, -23.375 ], [ 138.875, -23.625 ], [ 139.125, -23.625 ], [ 139.125, -23.875 ], [ 139.625, -23.875 ], [ 139.625, -24.125 ], [ 139.875, -24.125 ], [ 139.875, -24.375 ], [ 140.125, -24.375 ], [ 140.125, -24.625 ], [ 139.875, -24.625 ], [ 139.875, -25.125 ], [ 140.125, -25.125 ], [ 140.125, -25.375 ], [ 140.375, -25.375 ], [ 140.375, -25.625 ], [ 140.125, -25.625 ], [ 140.125, -25.875 ], [ 139.625, -25.875 ], [ 139.625, -25.375 ], [ 138.875, -25.375 ], [ 138.875, -25.125 ], [ 138.625, -25.125 ], [ 138.625, -24.875 ], [ 137.875, -24.875 ], [ 137.875, -24.625 ], [ 137.375, -24.625 ], [ 137.375, -24.375 ], [ 137.125, -24.375 ], [ 137.125, -24.125 ], [ 136.625, -24.125 ], [ 136.625, -23.875 ], [ 136.375, -23.875 ], [ 136.375, -23.625 ], [ 135.875, -23.625 ], [ 135.875, -23.375 ], [ 134.375, -23.375 ], [ 134.375, -23.125 ] ] ], [ [ [ 134.375, -23.625 ], [ 133.625, -23.625 ], [ 133.625, -23.875 ], [ 131.875, -23.875 ], [ 131.875, -24.125 ], [ 131.375, -24.125 ], [ 131.375, -23.875 ], [ 130.375, -23.875 ], [ 130.375, -23.625 ], [ 130.875, -23.625 ], [ 130.875, -23.375 ], [ 134.375, -23.375 ], [ 134.375, -23.625 ] ] ] ] } },
{ "type": "Feature", "properties": { "cluster_id": 69, "cohesion": 7.0675128528794939, "distances": { "1": 35.349358605573634, "2": 31.31638787100225, "3": 33.95790575332182, "4": 34.54025985525662, "5": 30.37666399501843, "6": 30.863040298811388, "7": 28.169284357927623, "8": 20.49464821273883, "9": 19.5789502831546, "10": 26.53547722599027, "11": 14.339038542909593, "12": 12.279387211479323, "13": 26.149647806366886, "14": 23.38091102730011, "15": 18.204140625117592, "16": 20.07718557726906, "17": 25.91856371292247, "18": 30.168395024266587, "19": 26.953000708278317, "20": 25.28062128972357, "21": 25.810645420510937, "22": 35.259041059340284, "23": 39.527463551570385, "24": 39.360990020152485, "25": 39.259877969909574, "26": 39.43397596103815, "27": 28.425509930983523, "28": 31.58846803636321, "29": 37.038537641807046, "30": 36.76315866731728, "31": 32.74855204467067, "32": 33.64434410348478, "33": 34.340942719981314, "34": 34.50425793016885, "35": 39.054417200986364, "36": 35.19252617890005, "37": 36.34700821105093, "38": 37.64570964782778, "39": 37.61898351228102, "40": 22.923668936358627, "41": 32.13551769784016, "42": 27.9742537937057, "43": 36.54566584493545, "44": 35.63007948129159, "45": 30.96639286236592, "46": 31.352478225460974, "47": 31.355606517344615, "48": 29.337310941055932, "49": 32.100712545364836, "50": 31.665067100836183, "51": 29.308709320063482, "52": 31.559760902776894, "53": 29.42786797564913, "54": 28.061193102670487, "55": 23.04260336849427, "56": 26.456788595907827, "57": 29.41203227475053, "58": 25.59988927941431, "59": 36.75463392692573, "60": 31.28902399862061, "61": 30.520249132073758, "62": 18.23331123764339, "63": 22.19533582040546, "64": 28.083706490914274, "65": 28.889488439029993, "66": 20.636948202225174, "67": 14.832880181315113, "68": 12.716479475724288, "70": 28.0328970292139, "71": 26.223187692312383, "72": 25.41561645809367, "73": 14.881549615467351, "74": 16.046327345273646, "75": 22.7496314747224 } }, "geometry": { "type": "Polygon", "coordinates": [ [ [ 132.875, -21.875 ], [ 132.875, -22.125 ], [ 131.625, -22.125 ], [ 131.625, -22.375 ], [ 130.625, -22.375 ], [ 130.625, -22.625 ], [ 130.375, -22.625 ], [ 130.375, -22.875 ], [ 130.625, -22.875 ], [ 130.625, -23.125 ], [ 130.875, -23.125 ], [ 130.875, -23.375 ], [ 134.375, -23.375 ], [ 134.375, -23.125 ], [ 135.375, -23.125 ], [ 135.375, -22.875 ], [ 137.125, -22.875 ], [ 137.125, -23.125 ], [ 138.125, -23.125 ], [ 138.125, -23.375 ], [ 139.875, -23.375 ], [ 139.875, -23.125 ], [ 139.625, -23.125 ], [ 139.625, -22.875 ], [ 139.125, -22.875 ], [ 139.125, -22.625 ], [ 138.375, -22.625 ], [ 138.375, -22.375 ], [ 138.125, -22.375 ], [ 138.125, -22.125 ], [ 137.625, -22.125 ], [ 137.625, -21.875 ], [ 136.625, -21.875 ], [ 136.625, -22.125 ], [ 136.125, -22.125 ], [ 136.125, -21.875 ], [ 132.875, -21.875 ] ] ] } },
{ "type": "Feature", "properties": { "cluster_id": 70, "cohesion": 5.0842496537616482, "distances": { "1": 29.447441647366524, "2": 24.910422630259987, "3": 26.228982936676985, "4": 33.54758887332951, "5": 30.57396929440652, "6": 34.977997146084896, "7": 30.65947339529661, "8": 29.934292112233916, "9": 25.39236986865264, "10": 26.07860358758797, "11": 26.524411233943777, "12": 30.255257289623323, "13": 27.34796467831736, "14": 34.82824498144376, "15": 30.82852554530415, "16": 25.01518743662943, "17": 20.047303828018492, "18": 27.309329305063944, "19": 24.66032627872468, "20": 18.377257658330112, "21": 20.077935836801135, "22": 25.16609529491241, "23": 25.604009109130253, "24": 26.074554407881834, "25": 25.568704012804098, "26": 27.46608913837502, "27": 27.684265108976472, "28": 26.59467694080718, "29": 27.17749960295824, "30": 27.607647945482604, "31": 28.174871484555975, "32": 25.100905280043197, "33": 28.0032101352602, "34": 27.313208757728393, "35": 29.879812694028043, "36": 27.80690081174497, "37": 26.686528303862445, "38": 26.010072874252636, "39": 29.59184159431623, "40": 24.788462869211287, "41": 26.689938453768235, "42": 27.08372822136975, "43": 27.337009096746673, "44": 29.002263324374553, "45": 27.16161989654024, "46": 19.432369532841165, "47": 12.819541141435858, "48": 18.29398955355745, "49": 23.51732193699299, "50": 25.385301559478332, "51": 22.592879823849216, "52": 23.806496659961283, "53": 24.06703813809819, "54": 23.550017820725408, "55": 23.304042674603096, "56": 22.49829771315238, "57": 23.383223089089753, "58": 20.428621741209124, "59": 24.5461576936749, "60": 21.73080381979316, "61": 22.995422728332578, "62": 26.1087872504852, "63": 26.81326309389417, "64": 24.571655923725498, "65": 24.465204982617205, "66": 23.927515814496765, "67": 25.383095642831726, "68": 26.560708725733242, "69": 28.0328970292139, "71": 13.776109451652989, "72": 13.466406302040129, "73": 22.920644934684837, "74": 23.14672739203238, "75": 19.065959176539327 } }, "geometry": { "type": "Polygon", "coordinates": [ [ [ 117.875, -20.125 ], [ 117.875, -20.375 ], [ 116.375, -20.375 ], [ 116.375, -21.125 ], [ 116.125, -21.125 ], [ 116.125, -22.125 ], [ 116.375, -22.125 ], [ 116.375, -22.375 ], [ 116.625, -22.375 ], [ 116.625, -22.625 ], [ 117.125, -22.625 ], [ 117.125, -22.875 ], [ 117.375, -22.875 ], [ 117.375, -22.625 ], [ 117.625, -22.625 ], [ 117.625, -22.375 ], [ 117.875, -22.375 ], [ 117.875, -21.375 ], [ 117.625, -21.375 ], [ 117.625, -20.875 ], [ 117.875, -20.875 ], [ 117.875, -20.625 ], [ 118.125, -20.625 ], [ 118.125, -20.375 ], [ 118.375, -20.375 ], [ 118.375, -20.125 ], [ 117.875, -20.125 ] ] ] } },
{ "type": "Feature", "properties": { "cluster_id": 71, "cohesion": 6.8120283500550043, "distances": { "1": 30.617424806495606, "2": 29.234295855280312, "3": 29.37378295729765, "4": 31.069111222117908, "5": 27.319682838701816, "6": 30.862102170221874, "7": 29.987715297801603, "8": 28.0754268068089, "9": 27.003060476080336, "10": 28.10008392666274, "11": 21.26708324153522, "12": 27.226903059840556, "13": 21.703952749230417, "14": 30.05637987159244, "15": 25.722119066352395, "16": 17.84059796172497, "17": 12.313195020605797, "18": 26.744200206352417, "19": 22.42327729936816, "20": 15.678458713229059, "21": 21.891922576680688, "22": 28.97619466318585, "23": 29.976628407884075, "24": 31.05934712856241, "25": 32.81491442979022, "26": 34.65693478844614, "27": 32.345000820019536, "28": 31.052983299614553, "29": 31.70883694071143, "30": 33.6932033110867, "31": 32.98535644818699, "32": 31.200398511524245, "33": 34.72351092262644, "34": 34.22369438715557, "35": 38.191978126369015, "36": 34.775873512177746, "37": 35.21781008628208, "38": 34.66907933295638, "39": 37.77007409730284, "40": 27.887964858295433, "41": 32.78146525049917, "42": 32.45114948507916, "43": 35.28736395365556, "44": 35.72263439947858, "45": 33.23614019434658, "46": 26.5626998654132, "47": 21.97756362563474, "48": 22.26742766326565, "49": 29.692338499626885, "50": 30.215466310616716, "51": 28.814152610468156, "52": 29.95993673620679, "53": 29.322897690680186, "54": 28.76092751347397, "55": 26.715676114675414, "56": 26.147911028287652, "57": 24.32730594572901, "58": 23.30071306928555, "59": 26.52664992121202, "60": 24.610861764400102, "61": 23.128547981027474, "62": 29.829769298182935, "63": 31.081200937269916, "64": 29.27401199526905, "65": 30.393599596384885, "66": 28.33727391585907, "67": 27.48899568829814, "68": 27.712513590158604, "69": 26.223187692312383, "70": 13.776109451652992, "72": 11.440080775449864, "73": 17.36800488873453, "74": 21.476148634005025, "75": 16.945992142418877 } }, "geometry": { "type": "MultiPolygon", "coordinates": [ [ [ [ 120.375, -19.875 ], [ 119.625, -19.875 ], [ 119.625, -20.125 ], [ 119.125, -20.125 ], [ 119.125, -20.375 ], [ 118.625, -20.375 ], [ 118.625, -21.375 ], [ 119.125, -21.375 ], [ 119.125, -21.125 ], [ 119.625, -21.125 ], [ 119.625, -21.375 ], [ 120.375, -21.375 ], [ 120.375, -21.125 ], [ 120.625, -21.125 ], [ 120.625, -20.875 ], [ 121.125, -20.875 ], [ 121.125, -20.625 ], [ 122.375, -20.625 ], [ 122.375, -20.875 ], [ 122.625, -20.875 ], [ 122.625, -21.125 ], [ 123.125, -21.125 ], [ 123.125, -21.375 ], [ 122.625, -21.375 ], [ 122.625, -21.625 ], [ 122.375, -21.625 ], [ 122.375, -21.875 ], [ 122.125, -21.875 ], [ 122.125, -22.125 ], [ 121.625, -22.125 ], [ 121.625, -22.375 ], [ 121.125, -22.375 ], [ 121.125, -22.125 ], [ 120.375, -22.125 ], [ 120.375, -22.375 ], [ 119.625, -22.375 ], [ 119.625, -22.125 ], [ 119.375, -22.125 ], [ 119.375, -21.875 ], [ 117.875, -21.875 ], [ 117.875, -21.375 ], [ 117.625, -21.375 ], [ 117.625, -20.875 ], [ 117.875, -20.875 ], [ 117.875, -20.625 ], [ 118.125, -20.625 ], [ 118.125, -20.375 ], [ 118.375, -20.375 ], [ 118.375, -20.125 ], [ 118.625, -20.125 ], [ 118.625, -19.875 ], [ 119.125, -19.875 ], [ 119.125, -19.625 ], [ 120.375, -19.625 ], [ 120.375, -19.875 ] ] ], [ [ [ 120.375, -19.375 ], [ 120.625, -19.375 ], [ 120.625, -19.625 ], [ 120.375, -19.625 ], [ 120.375, -19.375 ] ] ] ] } },
{ "type": "Feature", "properties": { "cluster_id": 72, "cohesion": 7.7091374289206858, "distances": { "1": 34.88437354134158, "2": 30.616159996727863, "3": 32.23838102517886, "4": 36.49840448765982, "5": 32.54174792203071, "6": 36.231351584286024, "7": 33.86405620283143, "8": 30.985046236561992, "9": 27.93424027953157, "10": 30.251956366208383, "11": 23.3742378312937, "12": 28.89181295007087, "13": 27.064259742137228, "14": 34.31735419316152, "15": 29.195889084360246, "16": 21.89939719063796, "17": 18.80204700240862, "18": 30.532337102842746, "19": 26.62184685147852, "20": 19.46972780856151, "21": 22.700143128667257, "22": 27.63053212782894, "23": 30.709883563177087, "24": 30.023346255629754, "25": 30.492325261835695, "26": 30.303418592953598, "27": 28.654949074839994, "28": 28.709317365379246, "29": 29.110217735164834, "30": 28.651715263368427, "31": 28.674841731177313, "32": 31.600353832145654, "33": 31.227344167999888, "34": 32.6456588019351, "35": 33.66861517933601, "36": 29.056369135225335, "37": 32.73043168832587, "38": 31.454071401329063, "39": 32.49134951016153, "40": 21.926098931595654, "41": 27.070314078640596, "42": 27.243128282909858, "43": 29.964889580743087, "44": 29.08415562555131, "45": 26.957631876218016, "46": 20.982338456273364, "47": 17.93981440141343, "48": 15.022104315971536, "49": 23.519358525536845, "50": 22.839694630622155, "51": 27.610973097005967, "52": 29.76873907958011, "53": 29.634907348447715, "54": 28.120955277740002, "55": 26.874856043347727, "56": 26.859103484829873, "57": 26.64792829708878, "58": 23.458556533694473, "59": 29.001132054772476, "60": 26.509034000061998, "61": 26.19717469000793, "62": 27.30144225325343, "63": 26.884634745767393, "64": 28.173660917668894, "65": 27.921814557583197, "66": 26.70067991885183, "67": 26.509022094468847, "68": 24.608082847474098, "69": 25.415616458093677, "70": 13.46640630204013, "71": 11.440080775449864, "73": 17.256306217993856, "74": 17.374637998725436, "75": 11.519757038437366 } }, "geometry": { "type": "Polygon", "coordinates": [ [ [ 122.625, -21.375 ], [ 122.625, -21.625 ], [ 122.375, -21.625 ], [ 122.375, -21.875 ], [ 122.125, -21.875 ], [ 122.125, -22.125 ], [ 121.625, -22.125 ], [ 121.625, -22.375 ], [ 121.125, -22.375 ], [ 121.125, -22.125 ], [ 120.375, -22.125 ], [ 120.375, -22.375 ], [ 119.625, -22.375 ], [ 119.625, -22.125 ], [ 119.375, -22.125 ], [ 119.375, -21.875 ], [ 117.875, -21.875 ], [ 117.875, -22.375 ], [ 117.625, -22.375 ], [ 117.625, -22.625 ], [ 117.375, -22.625 ], [ 117.375, -23.375 ], [ 117.625, -23.375 ], [ 117.625, -23.625 ], [ 117.875, -23.625 ], [ 117.875, -23.875 ], [ 118.125, -23.875 ], [ 118.125, -24.125 ], [ 119.125, -24.125 ], [ 119.125, -23.125 ], [ 120.125, -23.125 ], [ 120.125, -23.625 ], [ 121.125, -23.625 ], [ 121.125, -23.375 ], [ 121.875, -23.375 ], [ 121.875, -23.125 ], [ 122.125, -23.125 ], [ 122.125, -22.875 ], [ 123.125, -22.875 ], [ 123.125, -22.375 ], [ 124.375, -22.375 ], [ 124.375, -22.125 ], [ 124.125, -22.125 ], [ 124.125, -21.375 ], [ 122.625, -21.375 ] ] ] } },
{ "type": "Feature", "properties": { "cluster_id": 73, "cohesion": 7.4115777420703095, "distances": { "1": 34.408078931446234, "2": 31.490156134838585, "3": 33.22234128957226, "4": 32.6122556041944, "5": 27.746786608030447, "6": 29.461224613892256, "7": 29.050099638899212, "8": 23.24805357601868, "9": 23.149261242102217, "10": 27.683005515112974, "11": 11.553385588948547, "12": 17.95230086573163, "13": 21.191629876344948, "14": 24.42175825887743, "15": 18.321720486625406, "16": 12.85417462661323, "17": 17.811162168689524, "18": 28.339331586363073, "19": 23.541780853899418, "20": 19.62058287361313, "21": 23.393592513848933, "22": 32.757763947912714, "23": 36.388966591886444, "24": 36.30191762641412, "25": 37.12487658796356, "26": 37.42388945207223, "27": 30.224843044255806, "28": 31.510197075464756, "29": 34.73047859537688, "30": 34.9451575286325, "31": 32.49396512719889, "32": 33.7535530758539, "33": 34.97957048856475, "34": 35.356474012282675, "35": 39.36170757719129, "36": 34.949330039626886, "37": 37.05242922615211, "38": 37.17782860206969, "39": 37.992125123067375, "40": 22.980124609031833, "41": 31.791731262242067, "42": 29.662894217340718, "43": 36.012048765850274, "44": 35.12645816081848, "45": 31.058923021695946, "46": 29.368254764436475, "47": 27.97467661748584, "48": 24.818220076810853, "49": 30.627884504183637, "50": 29.559849178325127, "51": 29.70248096021697, "52": 31.994308572865485, "53": 30.528518367089898, "54": 28.81023841357982, "55": 24.769371862418573, "56": 27.05723473915776, "57": 27.526645583768154, "58": 24.68526582576296, "59": 33.24001061730407, "60": 29.492906912553664, "61": 27.67090621845917, "62": 24.31761329212038, "63": 26.310869492935904, "64": 29.303358116973424, "65": 30.017187557035115, "66": 24.69694531486273, "67": 21.219251470119193, "68": 19.015606209317863, "69": 14.881549615467348, "70": 22.920644934684837, "71": 17.36800488873453, "72": 17.256306217993856, "74": 12.523771348599105, "75": 15.53115554461268 } }, "geometry": { "type": "Polygon", "coordinates": [ [ [ 128.375, -20.875 ], [ 128.375, -21.125 ], [ 128.125, -21.125 ], [ 128.125, -21.375 ], [ 127.875, -21.375 ], [ 127.875, -21.625 ], [ 127.625, -21.625 ], [ 127.625, -21.375 ], [ 126.875, -21.375 ], [ 126.875, -21.625 ], [ 126.375, -21.625 ], [ 126.375, -21.375 ], [ 125.375, -21.375 ], [ 125.375, -21.125 ], [ 124.125, -21.125 ], [ 124.125, -22.125 ], [ 125.375, -22.125 ], [ 125.375, -22.625 ], [ 127.625, -22.625 ], [ 127.625, -22.875 ], [ 128.125, -22.875 ], [ 128.125, -22.625 ], [ 128.625, -22.625 ], [ 128.625, -22.875 ], [ 129.375, -22.875 ], [ 129.375, -23.125 ], [ 130.625, -23.125 ], [ 130.625, -22.875 ], [ 130.375, -22.875 ], [ 130.375, -22.625 ], [ 130.625, -22.625 ], [ 130.625, -22.375 ], [ 130.875, -22.375 ], [ 130.875, -22.125 ], [ 130.125, -22.125 ], [ 130.125, -21.875 ], [ 129.875, -21.875 ], [ 129.875, -21.625 ], [ 128.875, -21.625 ], [ 128.875, -20.875 ], [ 128.375, -20.875 ] ] ] } },
{ "type": "Feature", "properties": { "cluster_id": 74, "cohesion": 6.6304973738714592, "distances": { "1": 38.539397466285145, "2": 32.958826935582756, "3": 35.89643621599462, "4": 39.20685877098606, "5": 34.788329595762285, "6": 37.15394774501436, "7": 34.53357349193899, "8": 28.906768910207116, "9": 25.904685947604627, "10": 30.993638813334854, "11": 19.13119257753757, "12": 23.09107844051953, "13": 29.2451128681048, "14": 32.083574428437, "15": 25.97705615545329, "16": 21.87459686063811, "17": 24.992705437256586, "18": 33.00138162265485, "19": 29.284203474771022, "20": 24.1754778021925, "21": 24.91657308128504, "22": 29.626001230101842, "23": 35.484419268805304, "24": 33.66347529847947, "25": 33.397516174665206, "26": 31.686351924307335, "27": 24.68326084014927, "28": 27.77475693596407, "29": 30.40611476643127, "30": 28.16270874186345, "31": 25.972387769283035, "32": 33.568053330354594, "33": 31.42585201648035, "34": 33.388833008592265, "35": 34.29773430996873, "36": 29.196581508963188, "37": 33.665338573997616, "38": 32.76486426175441, "39": 31.437840428820508, "40": 14.295277141369127, "41": 24.04228374648399, "42": 22.155289302041687, "43": 29.291498810080817, "44": 27.420467132306097, "45": 22.77698707034669, "46": 24.70200705576279, "47": 25.163674193203597, "48": 19.910827127424298, "49": 25.328226384919123, "50": 21.682442098631974, "51": 28.65292933488686, "52": 31.592944803881476, "53": 30.429440325404702, "54": 28.488040807871755, "55": 26.047025613127673, "56": 27.357771595883055, "57": 28.906870918370647, "58": 24.07345047613569, "59": 34.06833714531741, "60": 30.00051375794148, "61": 29.550411031245808, "62": 21.024099572367284, "63": 20.14181865753477, "64": 27.39134122656342, "65": 27.013719237337707, "66": 23.18485276347477, "67": 21.162900975521914, "68": 14.863454430022434, "69": 16.046327345273646, "70": 23.146727392032375, "71": 21.476148634005025, "72": 17.374637998725433, "73": 12.523771348599105, "75": 11.716157769533933 } }, "geometry": { "type": "Polygon", "coordinates": [ [ [ 126.625, -22.625 ], [ 126.625, -22.875 ], [ 126.125, -22.875 ], [ 126.125, -23.125 ], [ 125.125, -23.125 ], [ 125.125, -23.375 ], [ 125.625, -23.375 ], [ 125.625, -23.625 ], [ 126.125, -23.625 ], [ 126.125, -23.875 ], [ 126.375, -23.875 ], [ 126.375, -24.375 ], [ 128.875, -24.375 ], [ 128.875, -24.625 ], [ 130.125, -24.625 ], [ 130.125, -24.125 ], [ 130.375, -24.125 ], [ 130.375, -23.625 ], [ 130.875, -23.625 ], [ 130.875, -23.125 ], [ 129.375, -23.125 ], [ 129.375, -22.875 ], [ 128.625, -22.875 ], [ 128.625, -22.625 ], [ 128.125, -22.625 ], [ 128.125, -22.875 ], [ 127.625, -22.875 ], [ 127.625, -22.625 ], [ 126.625, -22.625 ] ] ] } },
{ "type": "Feature", "properties": { "cluster_id": 75, "cohesion": 7.0516806050869967, "distances": { "1": 37.9568999005969, "2": 32.876165934858584, "3": 35.12605841139252, "4": 39.47816089087047, "5": 35.41980804975998, "6": 38.59503634896382, "7": 36.07085699257938, "8": 31.954467150375734, "9": 28.707249078935597, "10": 32.22649832664385, "11": 23.013773476972204, "12": 28.0556870689436, "13": 29.924738716547857, "14": 35.20294845330412, "15": 29.565620044398216, "16": 23.23077168572235, "17": 23.11400173042596, "18": 33.0662840888089, "19": 29.461816544988917, "20": 23.07941900708805, "21": 24.628415189843487, "22": 27.559581758670166, "23": 32.48543071439163, "24": 30.80350470969341, "25": 31.11970597676552, "26": 29.482023645097037, "27": 26.403776809416915, "28": 27.948676517727247, "29": 28.41703745102182, "30": 26.534248197637133, "31": 26.035213671583264, "32": 33.41046695416691, "33": 31.166523318234958, "34": 33.508052093309615, "35": 33.481769261500105, "36": 28.031964916222783, "37": 33.47313998096761, "38": 31.784286760309932, "39": 31.02107275834396, "40": 16.612460897802173, "41": 24.0785429126693, "42": 23.955662804887897, "43": 28.391498933032526, "44": 26.34058335326466, "45": 23.223681834388987, "46": 21.612583270975303, "47": 21.19475918692246, "48": 14.89080033436229, "49": 23.075275998297453, "50": 19.153217750846327, "51": 28.85275925394233, "52": 31.398282629586024, "53": 30.83960201944914, "54": 29.222106521678203, "55": 27.859823665359468, "56": 27.94808293215547, "57": 28.286650555389517, "58": 24.125924633671307, "59": 31.25950126666546, "60": 28.11164109968001, "61": 28.135385459222682, "62": 25.239922983069224, "63": 23.75890932859317, "64": 28.263965434493482, "65": 27.712934215217643, "66": 26.10556519236721, "67": 25.43723491342318, "68": 21.02586187120303, "69": 22.749631474722403, "70": 19.065959176539323, "71": 16.945992142418877, "72": 11.519757038437366, "73": 15.53115554461268, "74": 11.716157769533933 } }, "geometry": { "type": "Polygon", "coordinates": [ [ [ 124.375, -22.125 ], [ 124.375, -22.375 ], [ 123.125, -22.375 ], [ 123.125, -22.875 ], [ 122.125, -22.875 ], [ 122.125, -23.125 ], [ 121.875, -23.125 ], [ 121.875, -23.375 ], [ 121.625, -23.375 ], [ 121.625, -23.625 ], [ 121.875, -23.625 ], [ 121.875, -23.875 ], [ 123.125, -23.875 ], [ 123.125, -24.375 ], [ 124.625, -24.375 ], [ 124.625, -24.625 ], [ 126.875, -24.625 ], [ 126.875, -24.375 ], [ 126.375, -24.375 ], [ 126.375, -23.875 ], [ 126.125, -23.875 ], [ 126.125, -23.625 ], [ 125.625, -23.625 ], [ 125.625, -23.375 ], [ 125.125, -23.375 ], [ 125.125, -23.125 ], [ 126.125, -23.125 ], [ 126.125, -22.875 ], [ 126.625, -22.875 ], [ 126.625, -22.625 ], [ 125.375, -22.625 ], [ 125.375, -22.125 ], [ 124.375, -22.125 ] ] ] } }
]
}
