{
"type": "FeatureCollection",
"name": "78_clusters",
"crs": { "type": "name", "properties": { "name": "urn:ogc:def:crs:OGC:1.3:CRS84" } },
"features": [
{ "type": "Feature", "properties": { "cluster_id": 1, "cohesion": 8.6487465638442682, "distances": { "2": 17.24033202182467, "3": 13.020748911388718, "4": 10.275833425636442, "5": 18.90891003463502, "6": 22.132863930473302, "7": 24.84582023632535, "8": 18.304630371064174, "9": 25.68125634479446, "10": 25.488703469196913, "11": 18.403085891625967, "12": 31.38539878431128, "13": 31.206392518853146, "14": 26.527482853515856, "15": 28.776791287616042, "16": 29.596675275122042, "17": 29.676584319249294, "18": 28.171349547318282, "19": 18.61031585876883, "20": 22.055630978430944, "21": 27.212458270500765, "22": 26.202532132898707, "23": 37.711049798453395, "24": 31.47181265330928, "25": 36.34861849804197, "26": 36.8281822778166, "27": 42.66383583868136, "28": 42.861468109085415, "29": 39.40921411150616, "30": 41.38150461119232, "31": 41.38529953404568, "32": 44.73080155149566, "33": 44.36900139117672, "34": 27.143376350708664, "35": 38.61652943866565, "36": 31.47100413733714, "37": 34.45011676139497, "38": 43.025370449691806, "39": 44.0558352879256, "40": 36.096894534564186, "41": 37.78165328424618, "42": 44.461116411528806, "43": 42.236100904424816, "44": 44.652099368597874, "45": 43.94004461316689, "46": 43.35329606014713, "47": 46.92394434987043, "48": 44.12783323359568, "49": 40.21923949190091, "50": 35.05665336362148, "51": 40.43808361313947, "52": 42.364183411791004, "53": 45.45784517481931, "54": 28.163243571311238, "55": 24.02160519209459, "56": 27.896593497831955, "57": 29.865307972026297, "58": 27.450286779824676, "59": 29.279854833332728, "60": 30.088836662951536, "61": 31.285651681445646, "62": 28.456836209683093, "63": 24.777229904039437, "64": 27.935062691255126, "65": 37.11346388654352, "66": 41.57343094644793, "67": 35.7415401775237, "68": 37.019347513723496, "69": 32.932474420281366, "70": 32.288849799387464, "71": 38.84337006332458, "72": 35.349358605573634, "73": 29.447441647366524, "74": 30.617424806495602, "75": 34.88437354134158, "76": 34.40807893144623, "77": 38.539397466285145, "78": 37.95689990059691 } }, "geometry": { "type": "MultiPolygon", "coordinates": [ [ [ [ 142.125, -16.375 ], [ 142.375, -16.375 ], [ 142.375, -16.625 ], [ 142.625, -16.625 ], [ 142.625, -17.625 ], [ 142.875, -17.625 ], [ 142.875, -18.125 ], [ 143.125, -18.125 ], [ 143.125, -18.375 ], [ 143.375, -18.375 ], [ 143.375, -19.375 ], [ 143.625, -19.375 ], [ 143.625, -19.625 ], [ 143.375, -19.625 ], [ 143.375, -20.125 ], [ 143.125, -20.125 ], [ 143.125, -19.875 ], [ 142.875, -19.875 ], [ 142.875, -19.625 ], [ 142.625, -19.625 ], [ 142.625, -18.875 ], [ 142.375, -18.875 ], [ 142.375, -18.375 ], [ 142.125, -18.375 ], [ 142.125, -17.625 ], [ 141.875, -17.625 ], [ 141.875, -16.125 ], [ 142.125, -16.125 ], [ 142.125, -16.375 ] ] ], [ [ [ 144.625, -17.375 ], [ 143.875, -17.375 ], [ 143.875, -17.125 ], [ 144.625, -17.125 ], [ 144.625, -17.375 ] ] ], [ [ [ 141.875, -16.125 ], [ 141.625, -16.125 ], [ 141.625, -15.625 ], [ 141.875, -15.625 ], [ 141.875, -16.125 ] ] ], [ [ [ 141.625, -14.125 ], [ 141.625, -15.625 ], [ 141.375, -15.625 ], [ 141.375, -15.125 ], [ 141.125, -15.125 ], [ 141.125, -13.625 ], [ 141.375, -13.625 ], [ 141.375, -14.125 ], [ 141.625, -14.125 ] ] ], [ [ [ 142.875, -10.875 ], [ 142.875, -11.125 ], [ 143.125, -11.125 ], [ 143.125, -11.875 ], [ 143.375, -11.875 ], [ 143.375, -12.375 ], [ 143.625, -12.375 ], [ 143.625, -12.875 ], [ 143.875, -12.875 ], [ 143.875, -13.875 ], [ 144.625, -13.875 ], [ 144.625, -14.125 ], [ 144.875, -14.125 ], [ 144.875, -14.375 ], [ 145.125, -14.375 ], [ 145.125, -14.625 ], [ 145.375, -14.625 ], [ 145.375, -14.875 ], [ 145.625, -14.875 ], [ 145.625, -16.125 ], [ 145.875, -16.125 ], [ 145.875, -16.625 ], [ 145.625, -16.625 ], [ 145.625, -16.375 ], [ 145.375, -16.375 ], [ 145.375, -16.125 ], [ 145.125, -16.125 ], [ 145.125, -16.625 ], [ 144.875, -16.625 ], [ 144.875, -16.875 ], [ 144.125, -16.875 ], [ 144.125, -16.375 ], [ 144.375, -16.375 ], [ 144.375, -15.625 ], [ 144.125, -15.625 ], [ 144.125, -15.375 ], [ 143.875, -15.375 ], [ 143.875, -15.125 ], [ 143.625, -15.125 ], [ 143.625, -14.625 ], [ 143.125, -14.625 ], [ 143.125, -14.875 ], [ 142.375, -14.875 ], [ 142.375, -14.375 ], [ 142.125, -14.375 ], [ 142.125, -13.625 ], [ 141.875, -13.625 ], [ 141.875, -11.625 ], [ 142.125, -11.625 ], [ 142.125, -10.625 ], [ 142.625, -10.625 ], [ 142.625, -10.875 ], [ 142.875, -10.875 ] ] ] ] } },
{ "type": "Feature", "properties": { "cluster_id": 2, "cohesion": 9.0112697687720367, "distances": { "1": 17.240332021824674, "3": 13.459168785304085, "4": 12.52894284200599, "5": 26.70425412361443, "6": 27.277805434298735, "7": 30.552408786057548, "8": 20.203426741408514, "9": 25.17055665056584, "10": 19.668686467407795, "11": 13.761933059032168, "12": 30.40167821503343, "13": 29.862592920779562, "14": 29.067010259210623, "15": 32.12178295530165, "16": 30.90746402212581, "17": 30.163866655353296, "18": 28.919197044473677, "19": 21.905197685711595, "20": 23.891188185531767, "21": 25.268734799484, "22": 21.723107753138372, "23": 33.31210982008317, "24": 29.13788829641172, "25": 31.994737033743043, "26": 29.722933021358333, "27": 34.43591681364504, "28": 35.075776381886214, "29": 33.36282114664818, "30": 34.13654257896987, "31": 35.715780283096976, "32": 36.91072574007541, "33": 37.0364399207442, "34": 23.51351948213406, "35": 30.4143868102229, "36": 25.977452482017352, "37": 27.282336630445396, "38": 33.40488195076963, "39": 34.620441022679785, "40": 27.562005266555303, "41": 28.497106159226625, "42": 34.103436540437265, "43": 34.29798649569678, "44": 36.024227035038884, "45": 35.5310511502642, "46": 33.60570378365016, "47": 36.91876190898899, "48": 34.70969960750446, "49": 31.14816733029577, "50": 27.58029761902162, "51": 33.12513630426838, "52": 33.36532418507991, "53": 36.63024429659988, "54": 16.880456248282133, "55": 12.923918592155198, "56": 20.263948919883358, "57": 20.69468281959015, "58": 19.869819640500108, "59": 24.340510146961652, "60": 28.872058655678757, "61": 26.87925747617313, "62": 28.822362797228315, "63": 24.151165107345992, "64": 28.433195638467247, "65": 29.963549642600107, "66": 33.732120488725734, "67": 28.895138272525767, "68": 28.074956329942545, "69": 24.943475205347855, "70": 26.074953813234046, "71": 32.54945898932424, "72": 31.31638787100225, "73": 24.910422630259987, "74": 29.234295855280312, "75": 30.616159996727863, "76": 31.490156134838585, "77": 32.958826935582756, "78": 32.876165934858584 } }, "geometry": { "type": "MultiPolygon", "coordinates": [ [ [ [ 143.625, -20.375 ], [ 143.875, -20.375 ], [ 143.875, -20.625 ], [ 144.125, -20.625 ], [ 144.125, -20.875 ], [ 144.375, -20.875 ], [ 144.375, -21.375 ], [ 143.875, -21.375 ], [ 143.875, -21.625 ], [ 143.625, -21.625 ], [ 143.625, -22.375 ], [ 143.375, -22.375 ], [ 143.375, -22.125 ], [ 143.125, -22.125 ], [ 143.125, -21.625 ], [ 143.375, -21.625 ], [ 143.375, -21.375 ], [ 143.625, -21.375 ], [ 143.625, -20.625 ], [ 143.375, -20.625 ], [ 143.375, -19.625 ], [ 143.625, -19.625 ], [ 143.625, -20.375 ] ] ], [ [ [ 145.375, -19.125 ], [ 145.375, -19.375 ], [ 145.625, -19.375 ], [ 145.625, -19.625 ], [ 145.875, -19.625 ], [ 145.875, -19.875 ], [ 144.125, -19.875 ], [ 144.125, -19.625 ], [ 143.625, -19.625 ], [ 143.625, -19.375 ], [ 143.875, -19.375 ], [ 143.875, -19.125 ], [ 144.125, -19.125 ], [ 144.125, -18.875 ], [ 144.625, -18.875 ], [ 144.625, -18.625 ], [ 144.875, -18.625 ], [ 144.875, -18.375 ], [ 145.125, -18.375 ], [ 145.125, -19.125 ], [ 145.375, -19.125 ] ] ], [ [ [ 145.375, -17.125 ], [ 145.375, -16.625 ], [ 145.625, -16.625 ], [ 145.625, -17.125 ], [ 145.875, -17.125 ], [ 145.875, -17.375 ], [ 146.125, -17.375 ], [ 146.125, -17.625 ], [ 146.375, -17.625 ], [ 146.375, -18.125 ], [ 146.625, -18.125 ], [ 146.625, -18.875 ], [ 147.375, -18.875 ], [ 147.375, -19.125 ], [ 147.625, -19.125 ], [ 147.625, -19.375 ], [ 147.875, -19.375 ], [ 147.875, -19.625 ], [ 148.375, -19.625 ], [ 148.375, -19.875 ], [ 148.625, -19.875 ], [ 148.625, -20.125 ], [ 148.875, -20.125 ], [ 148.875, -20.375 ], [ 149.125, -20.375 ], [ 149.125, -20.875 ], [ 148.875, -20.875 ], [ 148.875, -20.625 ], [ 148.625, -20.625 ], [ 148.625, -20.375 ], [ 148.375, -20.375 ], [ 148.375, -20.625 ], [ 148.125, -20.625 ], [ 148.125, -20.375 ], [ 147.625, -20.375 ], [ 147.625, -20.125 ], [ 147.375, -20.125 ], [ 147.375, -19.625 ], [ 147.125, -19.625 ], [ 147.125, -19.375 ], [ 146.875, -19.375 ], [ 146.875, -19.125 ], [ 146.125, -19.125 ], [ 146.125, -18.875 ], [ 145.875, -18.875 ], [ 145.875, -18.625 ], [ 145.375, -18.625 ], [ 145.375, -18.375 ], [ 145.125, -18.375 ], [ 145.125, -17.125 ], [ 145.375, -17.125 ] ] ] ] } },
{ "type": "Feature", "properties": { "cluster_id": 3, "cohesion": 5.6004395451015814, "distances": { "1": 13.020748911388718, "2": 13.459168785304081, "4": 9.89400113370681, "5": 26.362120103832293, "6": 27.573697172958298, "7": 31.26042628256845, "8": 22.905195674357543, "9": 28.074469671075537, "10": 23.985654803415418, "11": 18.45115932562686, "12": 31.359949198941127, "13": 31.81992488185979, "14": 29.493552092341382, "15": 33.36343847922299, "16": 32.07536598474324, "17": 30.237151013550235, "18": 27.91263903599827, "19": 22.548675657084473, "20": 24.3940165684768, "21": 25.99704060577821, "22": 24.280722497638063, "23": 30.90464840058448, "24": 25.438860237589584, "25": 29.053586076445768, "26": 28.418959121190568, "27": 33.675936030119516, "28": 35.53455609284389, "29": 32.86242403003597, "30": 34.43567001836179, "31": 33.717595891384654, "32": 35.83864456971457, "33": 36.39599294844802, "34": 23.75376757419858, "35": 33.26885170831965, "36": 27.760064608668646, "37": 29.39108275646372, "38": 35.982061919829064, "39": 37.15538609777795, "40": 29.537841363032058, "41": 29.577087953744297, "42": 36.343428233977676, "43": 35.476082661274305, "44": 35.96381136142855, "45": 35.855656901105846, "46": 34.44841338217844, "47": 39.05003902319867, "48": 36.371001763009126, "49": 32.68654370174816, "50": 27.090862263002712, "51": 33.523522559713825, "52": 35.524761795213074, "53": 37.9425484537532, "54": 21.30233487166833, "55": 17.78253758539748, "56": 24.26229876213279, "57": 24.700402703375037, "58": 23.777008457291505, "59": 26.127575623945646, "60": 27.645765076983857, "61": 26.93661739049927, "62": 24.54758420106581, "63": 20.814595270650315, "64": 25.84649525119123, "65": 31.601476890188916, "66": 34.68009768965135, "67": 30.525633282569384, "68": 29.997354303891502, "69": 27.4019524942623, "70": 28.55500816331782, "71": 33.96509238370228, "72": 33.179550272028656, "73": 23.2109980931758, "74": 27.30321747893751, "75": 29.553809447773464, "76": 31.976893927548502, "77": 33.80552501496776, "78": 32.477539596119314 } }, "geometry": { "type": "Polygon", "coordinates": [ [ [ 143.125, -14.625 ], [ 143.125, -14.875 ], [ 142.375, -14.875 ], [ 142.375, -15.875 ], [ 142.625, -15.875 ], [ 142.625, -16.125 ], [ 142.875, -16.125 ], [ 142.875, -16.375 ], [ 143.875, -16.375 ], [ 143.875, -17.125 ], [ 144.625, -17.125 ], [ 144.625, -16.875 ], [ 144.125, -16.875 ], [ 144.125, -16.375 ], [ 144.375, -16.375 ], [ 144.375, -15.625 ], [ 144.125, -15.625 ], [ 144.125, -15.375 ], [ 143.875, -15.375 ], [ 143.875, -15.125 ], [ 143.625, -15.125 ], [ 143.625, -14.625 ], [ 143.125, -14.625 ] ] ] } },
{ "type": "Feature", "properties": { "cluster_id": 4, "cohesion": 7.2329121341410199, "distances": { "1": 10.275833425636442, "2": 12.528942842005987, "3": 9.894001133706814, "5": 21.984103332334257, "6": 24.306767879869028, "7": 27.77955182200035, "8": 19.25148727854865, "9": 26.157514921119354, "10": 23.62107995071859, "11": 16.397702742213188, "12": 31.469109407552523, "13": 31.293129238547582, "14": 27.822337392167665, "15": 30.942039078992806, "16": 30.753228089498503, "17": 30.31193291085049, "18": 28.644532093521683, "19": 19.121396059687253, "20": 22.451765375579136, "21": 26.35491638939847, "22": 23.920626874232422, "23": 35.410635670152836, "24": 29.46430727896995, "25": 33.63877921674371, "26": 32.915040999218036, "27": 38.49388719891147, "28": 39.60326872526979, "29": 36.83901045040926, "30": 38.37506859342483, "31": 38.50751992498769, "32": 40.91054145657234, "33": 41.02984422038151, "34": 24.792509773201555, "35": 35.07554711777555, "36": 28.716664914064406, "37": 30.955772579012805, "38": 38.683981805227795, "39": 40.08288838740772, "40": 32.01397360139199, "41": 33.219944662344766, "42": 39.81052701691388, "43": 39.0616291712464, "44": 40.74256376693156, "45": 40.29594485515993, "46": 38.80265149438365, "47": 42.65035430967112, "48": 40.06630215971161, "49": 36.59055801992426, "50": 31.66722562520986, "51": 37.38744082337281, "52": 38.723815100547775, "53": 41.81257809835498, "54": 23.642137182373986, "55": 19.10995063787954, "56": 25.004302573483514, "57": 26.42814825742395, "58": 24.78958690488087, "59": 27.544475821906413, "60": 29.743451698173928, "61": 29.642510624346556, "62": 27.89293519435349, "63": 23.843120060148674, "64": 28.09802466881251, "65": 34.36880883577052, "66": 38.382343807703975, "67": 33.20882859762164, "68": 33.46258245822322, "69": 29.895379120719806, "70": 30.139426207609194, "71": 36.56089377870051, "72": 34.2065470876238, "73": 27.193061428350976, "74": 30.035213596218252, "75": 33.09595250129447, "76": 33.620192530218745, "77": 36.56436618298932, "78": 35.97211303293814 } }, "geometry": { "type": "MultiPolygon", "coordinates": [ [ [ [ 145.875, -16.625 ], [ 145.875, -16.875 ], [ 146.125, -16.875 ], [ 146.125, -17.125 ], [ 146.375, -17.125 ], [ 146.375, -17.375 ], [ 146.625, -17.375 ], [ 146.625, -17.875 ], [ 146.375, -17.875 ], [ 146.375, -17.625 ], [ 146.125, -17.625 ], [ 146.125, -17.375 ], [ 145.875, -17.375 ], [ 145.875, -17.125 ], [ 145.625, -17.125 ], [ 145.625, -16.625 ], [ 145.875, -16.625 ] ] ], [ [ [ 145.375, -16.625 ], [ 145.375, -17.125 ], [ 145.125, -17.125 ], [ 145.125, -18.375 ], [ 144.875, -18.375 ], [ 144.875, -18.625 ], [ 144.625, -18.625 ], [ 144.625, -18.875 ], [ 144.125, -18.875 ], [ 144.125, -19.125 ], [ 143.875, -19.125 ], [ 143.875, -19.375 ], [ 143.375, -19.375 ], [ 143.375, -18.375 ], [ 143.125, -18.375 ], [ 143.125, -18.125 ], [ 142.875, -18.125 ], [ 142.875, -17.625 ], [ 142.625, -17.625 ], [ 142.625, -16.625 ], [ 142.375, -16.625 ], [ 142.375, -16.375 ], [ 142.125, -16.375 ], [ 142.125, -16.125 ], [ 141.875, -16.125 ], [ 141.875, -15.625 ], [ 141.625, -15.625 ], [ 141.625, -14.125 ], [ 141.375, -14.125 ], [ 141.375, -13.625 ], [ 141.125, -13.625 ], [ 141.125, -12.875 ], [ 141.375, -12.875 ], [ 141.375, -12.125 ], [ 141.625, -12.125 ], [ 141.625, -11.125 ], [ 141.875, -11.125 ], [ 141.875, -10.875 ], [ 142.125, -10.875 ], [ 142.125, -11.625 ], [ 141.875, -11.625 ], [ 141.875, -13.625 ], [ 142.125, -13.625 ], [ 142.125, -14.375 ], [ 142.375, -14.375 ], [ 142.375, -15.875 ], [ 142.625, -15.875 ], [ 142.625, -16.125 ], [ 142.875, -16.125 ], [ 142.875, -16.375 ], [ 143.875, -16.375 ], [ 143.875, -17.375 ], [ 144.625, -17.375 ], [ 144.625, -16.875 ], [ 144.875, -16.875 ], [ 144.875, -16.625 ], [ 145.125, -16.625 ], [ 145.125, -16.125 ], [ 145.375, -16.125 ], [ 145.375, -16.375 ], [ 145.625, -16.375 ], [ 145.625, -16.625 ], [ 145.375, -16.625 ] ] ] ] } },
{ "type": "Feature", "properties": { "cluster_id": 5, "cohesion": 8.5311386439412491, "distances": { "1": 18.90891003463502, "2": 26.70425412361443, "3": 26.362120103832293, "4": 21.984103332334257, "6": 11.313795080543747, "7": 13.608656446969635, "8": 16.111569580762747, "9": 21.822914945391112, "10": 27.144741389569322, "11": 22.29902415476751, "12": 27.17634654446826, "13": 28.051919980790238, "14": 18.195001503537913, "15": 20.344329427132735, "16": 23.065663989846147, "17": 24.799058171237643, "18": 24.977152331490775, "19": 13.437887213213756, "20": 16.220798630858578, "21": 24.52440326629251, "22": 25.32992173699014, "23": 43.61247128959111, "24": 39.10267855167915, "25": 43.80703024747041, "26": 45.2142581835126, "27": 50.28942022525956, "28": 48.22251775886547, "29": 44.158373943137924, "30": 46.46141426562106, "31": 47.78917234341921, "32": 51.473295626106676, "33": 50.196456988997674, "34": 32.12588965716056, "35": 42.445957341667935, "36": 35.57989646102579, "37": 39.42492060529589, "38": 48.577409907828645, "39": 48.173412925738376, "40": 42.63911875422553, "41": 45.54856181255764, "42": 50.78501958048963, "43": 45.44712768950653, "44": 50.697130556356136, "45": 49.53436390338684, "46": 50.344739447845704, "47": 51.73997236725545, "48": 48.9622091629716, "49": 44.80034135994982, "50": 40.75811364261436, "51": 43.43865989063538, "52": 45.787109549739945, "53": 49.25765515819195, "54": 35.16836782301342, "55": 32.64811600476694, "56": 32.25257091114056, "57": 34.40437130402241, "58": 30.52450208081176, "59": 31.58681162161097, "60": 31.461418637620795, "61": 33.82256755466288, "62": 34.08595829155131, "63": 30.65339929147799, "64": 29.760571667132766, "65": 41.21089493401005, "66": 46.26915143520989, "67": 39.49300709325066, "68": 42.491234914379426, "69": 37.5195197478664, "70": 34.864250962143736, "71": 41.00370521851262, "72": 34.540259855256615, "73": 33.54758887332951, "74": 31.069111222117908, "75": 36.49840448765982, "76": 32.6122556041944, "77": 39.20685877098606, "78": 39.478160890870484 } }, "geometry": { "type": "MultiPolygon", "coordinates": [ [ [ [ 141.375, -15.125 ], [ 141.375, -15.625 ], [ 141.625, -15.625 ], [ 141.625, -16.125 ], [ 141.875, -16.125 ], [ 141.875, -17.625 ], [ 142.125, -17.625 ], [ 142.125, -18.375 ], [ 142.375, -18.375 ], [ 142.375, -18.875 ], [ 142.625, -18.875 ], [ 142.625, -19.625 ], [ 142.875, -19.625 ], [ 142.875, -20.125 ], [ 142.375, -20.125 ], [ 142.375, -19.375 ], [ 142.125, -19.375 ], [ 142.125, -18.875 ], [ 141.875, -18.875 ], [ 141.875, -18.625 ], [ 141.625, -18.625 ], [ 141.625, -18.125 ], [ 141.375, -18.125 ], [ 141.375, -17.875 ], [ 141.125, -17.875 ], [ 141.125, -17.625 ], [ 140.375, -17.625 ], [ 140.375, -17.375 ], [ 140.625, -17.375 ], [ 140.625, -16.875 ], [ 140.875, -16.875 ], [ 140.875, -15.875 ], [ 141.125, -15.875 ], [ 141.125, -15.125 ], [ 141.375, -15.125 ] ] ], [ [ [ 133.875, -11.875 ], [ 133.875, -12.125 ], [ 135.625, -12.125 ], [ 135.625, -12.375 ], [ 135.875, -12.375 ], [ 135.875, -12.875 ], [ 135.625, -12.875 ], [ 135.625, -13.125 ], [ 135.375, -13.125 ], [ 135.375, -13.375 ], [ 134.875, -13.375 ], [ 134.875, -13.125 ], [ 133.875, -13.125 ], [ 133.875, -13.375 ], [ 133.625, -13.375 ], [ 133.625, -13.625 ], [ 133.375, -13.625 ], [ 133.375, -14.125 ], [ 133.125, -14.125 ], [ 133.125, -14.375 ], [ 132.875, -14.375 ], [ 132.875, -14.625 ], [ 132.625, -14.625 ], [ 132.625, -14.875 ], [ 132.375, -14.875 ], [ 132.375, -15.375 ], [ 132.625, -15.375 ], [ 132.625, -16.125 ], [ 132.125, -16.125 ], [ 132.125, -15.875 ], [ 131.625, -15.875 ], [ 131.625, -16.125 ], [ 131.375, -16.125 ], [ 131.375, -15.375 ], [ 130.875, -15.375 ], [ 130.875, -14.625 ], [ 130.375, -14.625 ], [ 130.375, -14.875 ], [ 129.875, -14.875 ], [ 129.875, -14.125 ], [ 130.125, -14.125 ], [ 130.125, -13.875 ], [ 130.375, -13.875 ], [ 130.375, -13.625 ], [ 130.875, -13.625 ], [ 130.875, -13.375 ], [ 131.125, -13.375 ], [ 131.125, -13.125 ], [ 131.875, -13.125 ], [ 131.875, -12.875 ], [ 132.125, -12.875 ], [ 132.125, -12.625 ], [ 132.625, -12.625 ], [ 132.625, -12.375 ], [ 133.125, -12.375 ], [ 133.125, -11.875 ], [ 133.875, -11.875 ] ] ] ] } },
{ "type": "Feature", "properties": { "cluster_id": 6, "cohesion": 7.8643133186188914, "distances": { "1": 22.132863930473306, "2": 27.277805434298735, "3": 27.573697172958298, "4": 24.306767879869025, "5": 11.313795080543747, "7": 11.787765108723983, "8": 16.212769941990363, "9": 18.92434253941079, "10": 24.36988446607294, "11": 21.71942992746608, "12": 22.232404950087115, "13": 24.27288843379406, "14": 13.066092646880438, "15": 17.373622182559252, "16": 18.855743463868077, "17": 19.76240423712889, "18": 20.736053593653885, "19": 13.923162766681813, "20": 12.627947047488556, "21": 20.198384622349888, "22": 22.668645968327105, "23": 41.54357093856845, "24": 38.58819987766897, "25": 42.44033251034534, "26": 43.8204597121699, "27": 48.166096855175, "28": 44.759581221952885, "29": 41.34321825669672, "30": 43.21520398649504, "31": 45.35774690634618, "32": 48.66788965412718, "33": 47.031238818795025, "34": 31.83370715755674, "35": 40.880154884296935, "36": 35.038055033720816, "37": 38.36790848104234, "38": 46.90347104902805, "39": 45.8064812205077, "40": 41.4348817855937, "41": 44.01156999023827, "42": 48.62996098365066, "43": 41.712354595362925, "44": 47.47585847392749, "45": 46.081727388920285, "46": 47.9303878212387, "47": 48.98784163801142, "48": 46.03565624353299, "49": 41.88578407237833, "50": 38.062045546257835, "51": 40.031887859200204, "52": 42.94804518805387, "53": 46.041464672744056, "54": 33.32908832557823, "55": 32.193336104582315, "56": 31.064019779265422, "57": 32.038121526190544, "58": 27.668913111147322, "59": 29.45783244733223, "60": 29.464067853964526, "61": 31.07346785439078, "62": 33.68995925210089, "63": 30.339627246502733, "64": 28.44953759913074, "65": 37.83184283494683, "66": 42.68614369498209, "67": 36.76049058879792, "68": 39.44182056085041, "69": 34.343910585625885, "70": 31.39056107031735, "71": 36.983656153609914, "72": 30.376663995018426, "73": 30.573969294406528, "74": 27.319682838701816, "75": 32.54174792203071, "76": 27.746786608030444, "77": 34.788329595762285, "78": 35.41980804975998 } }, "geometry": { "type": "MultiPolygon", "coordinates": [ [ [ [ 132.625, -15.125 ], [ 132.875, -15.125 ], [ 132.875, -15.375 ], [ 133.875, -15.375 ], [ 133.875, -15.625 ], [ 134.125, -15.625 ], [ 134.125, -15.375 ], [ 134.375, -15.375 ], [ 134.375, -15.125 ], [ 134.625, -15.125 ], [ 134.625, -14.875 ], [ 135.375, -14.875 ], [ 135.375, -15.125 ], [ 136.375, -15.125 ], [ 136.375, -15.375 ], [ 136.625, -15.375 ], [ 136.625, -15.625 ], [ 137.375, -15.625 ], [ 137.375, -15.875 ], [ 137.875, -15.875 ], [ 137.875, -16.125 ], [ 138.125, -16.125 ], [ 138.125, -16.375 ], [ 137.375, -16.375 ], [ 137.375, -16.125 ], [ 136.375, -16.125 ], [ 136.375, -17.375 ], [ 135.875, -17.375 ], [ 135.875, -17.125 ], [ 135.375, -17.125 ], [ 135.375, -16.875 ], [ 134.875, -16.875 ], [ 134.875, -17.125 ], [ 134.375, -17.125 ], [ 134.375, -16.875 ], [ 133.875, -16.875 ], [ 133.875, -17.125 ], [ 132.625, -17.125 ], [ 132.625, -15.375 ], [ 132.375, -15.375 ], [ 132.375, -14.875 ], [ 132.625, -14.875 ], [ 132.625, -15.125 ] ] ], [ [ [ 130.375, -14.625 ], [ 130.875, -14.625 ], [ 130.875, -15.375 ], [ 131.375, -15.375 ], [ 131.375, -16.125 ], [ 131.125, -16.125 ], [ 131.125, -16.375 ], [ 130.875, -16.375 ], [ 130.875, -16.625 ], [ 130.375, -16.625 ], [ 130.375, -16.125 ], [ 130.625, -16.125 ], [ 130.625, -15.625 ], [ 129.875, -15.625 ], [ 129.875, -15.875 ], [ 129.625, -15.875 ], [ 129.625, -16.125 ], [ 129.125, -16.125 ], [ 129.125, -16.375 ], [ 128.875, -16.375 ], [ 128.875, -15.875 ], [ 128.375, -15.875 ], [ 128.375, -15.125 ], [ 128.625, -15.125 ], [ 128.625, -14.875 ], [ 129.625, -14.875 ], [ 129.625, -14.125 ], [ 129.875, -14.125 ], [ 129.875, -14.875 ], [ 130.375, -14.875 ], [ 130.375, -14.625 ] ] ], [ [ [ 130.125, -14.125 ], [ 129.875, -14.125 ], [ 129.875, -13.875 ], [ 130.125, -13.875 ], [ 130.125, -14.125 ] ] ], [ [ [ 130.125, -13.875 ], [ 130.125, -13.625 ], [ 130.375, -13.625 ], [ 130.375, -13.875 ], [ 130.125, -13.875 ] ] ], [ [ [ 135.375, -13.375 ], [ 135.375, -13.625 ], [ 135.125, -13.625 ], [ 135.125, -13.875 ], [ 134.875, -13.875 ], [ 134.875, -14.125 ], [ 134.375, -14.125 ], [ 134.375, -13.125 ], [ 134.875, -13.125 ], [ 134.875, -13.375 ], [ 135.375, -13.375 ] ] ], [ [ [ 130.875, -13.625 ], [ 130.375, -13.625 ], [ 130.375, -13.375 ], [ 130.625, -13.375 ], [ 130.625, -13.125 ], [ 131.125, -13.125 ], [ 131.125, -13.375 ], [ 130.875, -13.375 ], [ 130.875, -13.625 ] ] ], [ [ [ 131.875, -13.125 ], [ 131.125, -13.125 ], [ 131.125, -12.875 ], [ 131.875, -12.875 ], [ 131.875, -13.125 ] ] ] ] } },
{ "type": "Feature", "properties": { "cluster_id": 7, "cohesion": 8.7319464308385708, "distances": { "1": 24.845820236325345, "2": 30.552408786057548, "3": 31.260426282568453, "4": 27.779551822000343, "5": 13.608656446969638, "6": 11.787765108723985, "8": 14.962538913387485, "9": 16.676093532207734, "10": 25.053152196214327, "11": 23.03213204829113, "12": 22.693940509824277, "13": 22.87293007003422, "14": 15.76571289930877, "15": 12.816897351318083, "16": 17.213791394789464, "17": 20.89826112137724, "18": 23.92925797986306, "19": 19.28927400940241, "20": 18.345079657216164, "21": 25.292209089875318, "22": 28.1920463042177, "23": 45.48815740978433, "24": 42.83868315598799, "25": 46.92380824797939, "26": 48.629044660437096, "27": 52.90606228689299, "28": 48.2295270809603, "29": 45.03717077535062, "30": 46.75218232690865, "31": 49.58961958267527, "32": 53.21572919328583, "33": 51.051513598569976, "34": 35.46657816490671, "35": 44.20631113178042, "36": 38.28134749404846, "37": 41.96140596458474, "38": 50.90094828496168, "39": 49.4689633982894, "40": 45.45413228888343, "41": 48.60585087347768, "42": 52.82864112473005, "43": 44.8626719923459, "44": 51.67179378352747, "45": 49.831157712635815, "46": 52.36906972405846, "47": 52.951890097483236, "48": 49.83545511314877, "49": 45.7691358668911, "50": 42.417497900634054, "51": 43.887306629545684, "52": 46.60201845296362, "53": 49.74202909066112, "54": 36.929049336031085, "55": 35.87308857816798, "56": 34.0129988657785, "57": 35.181629830233675, "58": 29.908674635105957, "59": 32.16090840774702, "60": 31.9221405166084, "61": 34.09431478481605, "62": 37.17876387580635, "63": 33.48329306751615, "64": 30.907617105027164, "65": 40.0525742149867, "66": 45.691435561683726, "67": 39.78306757232235, "68": 42.96151450053043, "69": 36.73411145478562, "70": 32.61745265745352, "71": 38.852392080557266, "72": 30.863040298811388, "73": 34.9779971460849, "74": 30.86210217022187, "75": 36.23135158428602, "76": 29.461224613892256, "77": 37.15394774501436, "78": 38.59503634896383 } }, "geometry": { "type": "Polygon", "coordinates": [ [ [ 129.875, -15.625 ], [ 129.875, -15.875 ], [ 129.625, -15.875 ], [ 129.625, -16.125 ], [ 129.125, -16.125 ], [ 129.125, -16.375 ], [ 128.875, -16.375 ], [ 128.875, -16.625 ], [ 128.625, -16.625 ], [ 128.625, -17.625 ], [ 128.375, -17.625 ], [ 128.375, -18.625 ], [ 128.625, -18.625 ], [ 128.625, -19.125 ], [ 130.125, -19.125 ], [ 130.125, -18.875 ], [ 130.875, -18.875 ], [ 130.875, -19.125 ], [ 132.875, -19.125 ], [ 132.875, -19.375 ], [ 134.875, -19.375 ], [ 134.875, -19.125 ], [ 135.875, -19.125 ], [ 135.875, -19.375 ], [ 137.125, -19.375 ], [ 137.125, -19.875 ], [ 137.625, -19.875 ], [ 137.625, -20.125 ], [ 138.125, -20.125 ], [ 138.125, -19.875 ], [ 138.375, -19.875 ], [ 138.375, -20.125 ], [ 138.625, -20.125 ], [ 138.625, -20.375 ], [ 138.875, -20.375 ], [ 138.875, -20.625 ], [ 139.125, -20.625 ], [ 139.125, -20.875 ], [ 140.375, -20.875 ], [ 140.375, -21.125 ], [ 141.375, -21.125 ], [ 141.375, -20.625 ], [ 141.625, -20.625 ], [ 141.625, -20.125 ], [ 142.375, -20.125 ], [ 142.375, -19.375 ], [ 142.125, -19.375 ], [ 142.125, -18.875 ], [ 141.875, -18.875 ], [ 141.875, -18.625 ], [ 141.625, -18.625 ], [ 141.625, -18.125 ], [ 141.375, -18.125 ], [ 141.375, -17.875 ], [ 141.125, -17.875 ], [ 141.125, -17.625 ], [ 140.375, -17.625 ], [ 140.375, -17.375 ], [ 139.625, -17.375 ], [ 139.625, -17.125 ], [ 139.375, -17.125 ], [ 139.375, -16.875 ], [ 139.125, -16.875 ], [ 139.125, -16.625 ], [ 138.875, -16.625 ], [ 138.875, -16.375 ], [ 137.375, -16.375 ], [ 137.375, -16.125 ], [ 136.375, -16.125 ], [ 136.375, -17.375 ], [ 135.875, -17.375 ], [ 135.875, -17.125 ], [ 135.375, -17.125 ], [ 135.375, -16.875 ], [ 134.875, -16.875 ], [ 134.875, -17.125 ], [ 134.375, -17.125 ], [ 134.375, -16.875 ], [ 133.875, -16.875 ], [ 133.875, -17.125 ], [ 132.625, -17.125 ], [ 132.625, -16.125 ], [ 132.125, -16.125 ], [ 132.125, -15.875 ], [ 131.625, -15.875 ], [ 131.625, -16.125 ], [ 131.125, -16.125 ], [ 131.125, -16.375 ], [ 130.875, -16.375 ], [ 130.875, -16.625 ], [ 130.375, -16.625 ], [ 130.375, -16.125 ], [ 130.625, -16.125 ], [ 130.625, -15.625 ], [ 129.875, -15.625 ] ] ] } },
{ "type": "Feature", "properties": { "cluster_id": 8, "cohesion": 5.4363627712159381, "distances": { "1": 18.304630371064178, "2": 20.203426741408517, "3": 22.905195674357543, "4": 19.25148727854865, "5": 16.111569580762744, "6": 16.212769941990363, "7": 14.962538913387485, "9": 12.281318105810795, "10": 16.281866988938507, "11": 11.243876168981709, "12": 23.74909436989976, "13": 21.29959697873824, "14": 20.307439806211665, "15": 17.151278284488846, "16": 19.98942506538154, "17": 23.41619779269974, "18": 25.450850140158835, "19": 18.091220771463018, "20": 18.76623550728618, "21": 24.63171736849017, "22": 24.698342252149533, "23": 40.909604829429284, "24": 37.753355421424324, "25": 41.59113633397854, "26": 41.782132524907865, "27": 46.22879894981172, "28": 42.43925988703487, "29": 40.20494441542098, "30": 41.19745937114628, "31": 44.516307758382226, "32": 47.294810660787284, "33": 45.607748145891684, "34": 29.620284480743155, "35": 38.04409237924878, "36": 32.34670207426035, "37": 35.27451518226349, "38": 43.836176442101944, "39": 43.328253924345994, "40": 37.99296747061684, "41": 40.892229326156276, "42": 45.39979990375842, "43": 40.03322847682903, "44": 45.608073575288344, "45": 43.827217650398666, "46": 45.14895899804313, "47": 46.61446858002009, "48": 43.5846362736299, "49": 39.88306030530884, "50": 36.58939583100212, "51": 39.5987732165027, "52": 41.09962449760185, "53": 44.5430315753799, "54": 27.476824845668347, "55": 25.917226749725014, "56": 26.26045731479845, "57": 27.07888866492346, "58": 21.94712192401318, "59": 26.778162422538408, "60": 29.378804936578213, "61": 29.963309294726496, "62": 33.70178358968397, "63": 28.94993789770739, "64": 28.87596870889525, "65": 33.97790608279634, "66": 39.90099679315761, "67": 34.14652867318281, "68": 36.03159285023682, "69": 29.462904348865365, "70": 26.249234537469196, "71": 34.47069034999647, "72": 28.169284357927626, "73": 30.65947339529661, "74": 29.9877152978016, "75": 33.86405620283143, "76": 29.050099638899212, "77": 34.53357349193899, "78": 36.07085699257938 } }, "geometry": { "type": "Polygon", "coordinates": [ [ [ 142.875, -19.875 ], [ 142.875, -20.125 ], [ 141.625, -20.125 ], [ 141.625, -20.625 ], [ 141.375, -20.625 ], [ 141.375, -21.375 ], [ 143.125, -21.375 ], [ 143.125, -19.875 ], [ 142.875, -19.875 ] ] ] } },
{ "type": "Feature", "properties": { "cluster_id": 9, "cohesion": 6.3085869858795594, "distances": { "1": 25.68125634479446, "2": 25.17055665056584, "3": 28.074469671075537, "4": 26.157514921119354, "5": 21.822914945391112, "6": 18.924342539410794, "7": 16.676093532207734, "8": 12.281318105810797, "10": 12.489880908123734, "11": 15.51221400175176, "12": 17.634269402235724, "13": 12.844955961541327, "14": 19.373411254765855, "15": 12.36372240956093, "16": 14.281404099090448, "17": 19.29648724823057, "18": 23.915457540791394, "19": 22.087826750715198, "20": 20.197911300174894, "21": 23.867410152430637, "22": 25.048360621207667, "23": 40.14361673896805, "24": 39.71772964430734, "25": 42.355701653584894, "26": 42.780843584306346, "27": 45.86644163564906, "28": 38.900996508602915, "29": 38.386188712275455, "30": 38.46033904573076, "31": 43.37901210610944, "32": 45.65394016569628, "33": 42.88973678695503, "34": 31.614929768596618, "35": 37.42724963897607, "36": 33.386250356058845, "37": 35.890332357990964, "38": 43.50666271781074, "39": 41.56484962732089, "40": 38.67463837881261, "41": 41.50207233182501, "42": 44.40411723628107, "43": 35.65696494695913, "44": 42.985851330707064, "45": 40.331210815106985, "46": 44.09962105784571, "47": 44.361996672981164, "48": 40.903338995392986, "49": 37.90763589945116, "50": 35.64790197043745, "51": 36.840233648350534, "52": 38.85549219915189, "53": 41.410210071896714, "54": 28.43326900840909, "55": 28.862631070116347, "56": 27.222698677688832, "57": 26.929230820692073, "58": 20.219750734261194, "59": 26.03516860676253, "60": 28.727376598917353, "61": 28.232998246045117, "62": 35.46381709018248, "63": 30.420085687008466, "64": 29.035730067287286, "65": 28.97337911697382, "66": 35.39534740711898, "67": 32.10428263619533, "68": 33.973595474041694, "69": 25.663828813002862, "70": 20.173743355388556, "71": 28.10093937184728, "72": 20.49464821273883, "73": 29.93429211223391, "74": 28.075426806808895, "75": 30.98504623656199, "76": 23.24805357601868, "77": 28.906768910207113, "78": 31.954467150375727 } }, "geometry": { "type": "Polygon", "coordinates": [ [ [ 138.375, -20.375 ], [ 138.375, -20.625 ], [ 138.625, -20.625 ], [ 138.625, -21.375 ], [ 138.875, -21.375 ], [ 138.875, -21.875 ], [ 140.625, -21.875 ], [ 140.625, -21.625 ], [ 140.875, -21.625 ], [ 140.875, -21.875 ], [ 142.375, -21.875 ], [ 142.375, -21.375 ], [ 141.375, -21.375 ], [ 141.375, -21.125 ], [ 140.375, -21.125 ], [ 140.375, -20.875 ], [ 139.125, -20.875 ], [ 139.125, -20.625 ], [ 138.875, -20.625 ], [ 138.875, -20.375 ], [ 138.375, -20.375 ] ] ] } },
{ "type": "Feature", "properties": { "cluster_id": 10, "cohesion": 5.4460712654939654, "distances": { "1": 25.488703469196913, "2": 19.668686467407795, "3": 23.985654803415418, "4": 23.62107995071859, "5": 27.144741389569322, "6": 24.369884466072936, "7": 25.053152196214327, "8": 16.281866988938507, "9": 12.489880908123734, "11": 11.338032714400939, "12": 20.634508428916448, "13": 16.525289622864893, "14": 24.170859028431295, "15": 22.094885894637805, "16": 20.904387126434106, "17": 22.727382110033894, "18": 25.584860131993437, "19": 23.97174742525986, "20": 22.248971603892365, "21": 23.379411044848993, "22": 22.57659549436659, "23": 35.26771090725846, "24": 35.34921029956038, "25": 36.94377018967032, "26": 35.78390007991737, "27": 38.44452266480148, "28": 31.67076235573896, "29": 32.64302054015735, "30": 31.58302942433437, "31": 37.490781705162966, "32": 38.47639741269488, "33": 36.17660076515138, "34": 28.016742000793453, "35": 32.36203471747248, "36": 29.657410400087553, "37": 30.65083893638624, "38": 36.857037697567876, "39": 35.46597721971587, "40": 32.11107170896658, "41": 33.840585590701416, "42": 36.72365112301646, "43": 30.02470355824619, "44": 35.543336729013525, "45": 32.93610222526351, "46": 36.13039943097094, "47": 37.44173900659486, "48": 34.02462790232105, "49": 31.4521346919535, "50": 29.29578315772247, "51": 31.870267963941654, "52": 33.128881542906925, "53": 35.420865747465754, "54": 19.543524576198617, "55": 21.304369195228325, "56": 21.30524482063729, "57": 19.06896861805258, "58": 12.17710188564095, "59": 21.893317164424463, "60": 27.3305788807245, "61": 24.51522789402826, "62": 33.221275002172106, "63": 28.017896383008747, "64": 28.55146415119182, "65": 22.035026746011532, "66": 28.425236352570128, "67": 26.110897287591605, "68": 25.708078725600668, "69": 17.078170806806877, "70": 13.455965643076038, "71": 23.378937624478382, "72": 19.5789502831546, "73": 25.39236986865264, "74": 27.003060476080332, "75": 27.93424027953157, "76": 23.149261242102217, "77": 25.904685947604623, "78": 28.707249078935597 } }, "geometry": { "type": "Polygon", "coordinates": [ [ [ 140.625, -21.625 ], [ 140.625, -21.875 ], [ 140.125, -21.875 ], [ 140.125, -22.125 ], [ 140.375, -22.125 ], [ 140.375, -22.375 ], [ 140.625, -22.375 ], [ 140.625, -22.625 ], [ 141.125, -22.625 ], [ 141.125, -22.375 ], [ 141.625, -22.375 ], [ 141.625, -22.625 ], [ 141.875, -22.625 ], [ 141.875, -23.125 ], [ 142.125, -23.125 ], [ 142.125, -23.375 ], [ 142.875, -23.375 ], [ 142.875, -23.125 ], [ 143.125, -23.125 ], [ 143.125, -22.875 ], [ 143.375, -22.875 ], [ 143.375, -22.625 ], [ 143.125, -22.625 ], [ 143.125, -22.375 ], [ 142.875, -22.375 ], [ 142.875, -22.125 ], [ 142.625, -22.125 ], [ 142.625, -21.875 ], [ 140.875, -21.875 ], [ 140.875, -21.625 ], [ 140.625, -21.625 ] ] ] } },
{ "type": "Feature", "properties": { "cluster_id": 11, "cohesion": 5.6089658589220424, "distances": { "1": 18.403085891625967, "2": 13.761933059032168, "3": 18.451159325626858, "4": 16.397702742213188, "5": 22.29902415476751, "6": 21.71942992746608, "7": 23.03213204829113, "8": 11.243876168981709, "9": 15.512214001751762, "10": 11.338032714400937, "12": 24.72709644388085, "13": 22.619414869599186, "14": 23.87928251131765, "15": 23.771095052976694, "16": 23.824060455954417, "17": 25.018450385020902, "18": 25.971715806277444, "19": 19.975395237525806, "20": 20.40873856044121, "21": 23.435473611434784, "22": 21.82148370373982, "23": 36.116726541500526, "24": 33.36190829350073, "25": 36.2737833865625, "26": 35.097375873625424, "27": 39.18567648334798, "28": 36.25861020603343, "29": 34.97933336512334, "30": 35.274228130549695, "31": 38.90041238648864, "32": 40.5653859161262, "33": 39.462781491890155, "34": 26.135879044808526, "35": 33.02685358143546, "36": 28.570176523430415, "37": 30.310886295105306, "38": 37.50615769941533, "39": 37.38564789922006, "40": 31.872550176579427, "41": 33.73300157077509, "42": 38.236515839821756, "43": 34.60763076915135, "44": 38.79230065832292, "45": 37.29511872950268, "46": 37.75633431910836, "47": 39.984654940691655, "48": 37.083118815172696, "49": 33.66610128104558, "50": 30.476402696457995, "51": 34.406473503785186, "52": 35.420207394835614, "53": 38.58331409077899, "54": 19.010019682191576, "55": 18.173819930543374, "56": 20.86959468822233, "57": 20.13089815869373, "58": 15.539635448631227, "59": 23.159167892058644, "60": 27.862106424875325, "61": 26.436387620512022, "62": 31.24356835138399, "63": 26.362434004422525, "64": 28.01379580440682, "65": 28.626462295414036, "66": 34.02691269455352, "67": 29.029952575026847, "68": 29.08366389336346, "69": 23.030229436498015, "70": 21.58606445016306, "71": 30.323489857974224, "72": 26.53547722599027, "73": 26.07860358758797, "74": 28.10008392666274, "75": 30.251956366208383, "76": 27.683005515112974, "77": 30.99363881333486, "78": 32.22649832664385 } }, "geometry": { "type": "Polygon", "coordinates": [ [ [ 143.125, -20.125 ], [ 143.125, -21.375 ], [ 142.375, -21.375 ], [ 142.375, -21.875 ], [ 142.625, -21.875 ], [ 142.625, -22.125 ], [ 142.875, -22.125 ], [ 142.875, -22.375 ], [ 143.125, -22.375 ], [ 143.125, -22.625 ], [ 143.375, -22.625 ], [ 143.375, -22.125 ], [ 143.125, -22.125 ], [ 143.125, -21.625 ], [ 143.375, -21.625 ], [ 143.375, -21.375 ], [ 143.625, -21.375 ], [ 143.625, -20.625 ], [ 143.375, -20.625 ], [ 143.375, -20.125 ], [ 143.125, -20.125 ] ] ] } },
{ "type": "Feature", "properties": { "cluster_id": 12, "cohesion": 6.1054725229256164, "distances": { "1": 31.38539878431128, "2": 30.40167821503343, "3": 31.359949198941134, "4": 31.469109407552523, "5": 27.176346544468256, "6": 22.232404950087115, "7": 22.693940509824277, "8": 23.74909436989976, "9": 17.634269402235724, "10": 20.63450842891644, "11": 24.72709644388085, "13": 12.77717824523071, "14": 16.117970973955227, "15": 16.851648054332465, "16": 10.756745091861479, "17": 9.814497136922638, "18": 17.74483193575689, "19": 24.706881347964497, "20": 19.980566213154926, "21": 19.35766047676092, "22": 23.270064761500855, "23": 36.5259814167049, "24": 38.737855663147215, "25": 39.82594920314153, "26": 40.80967315196508, "27": 42.29955775330826, "28": 34.47535223343466, "29": 35.02400709556772, "30": 35.10661423716975, "31": 39.22978232558835, "32": 40.509994777554695, "33": 37.60607205429796, "34": 33.81891762621199, "35": 37.22332285672764, "36": 35.15318087840761, "37": 37.10017534363529, "38": 42.63834610602872, "39": 39.0487764413072, "40": 39.204787723919814, "41": 40.472637538537604, "42": 42.19179828641065, "43": 28.779651501560622, "44": 37.394989469876954, "45": 34.79012478263638, "46": 40.75904860427631, "47": 40.36255801585516, "48": 36.26608494773066, "49": 34.29721870579866, "50": 32.454182258878554, "51": 30.88461959354181, "52": 35.27178936848519, "53": 35.73514727286796, "54": 30.942095130213136, "55": 32.47810339575543, "56": 30.69202034801606, "57": 29.532724091059972, "58": 24.206967921195847, "59": 27.316426881755085, "60": 27.87065048519819, "61": 26.28650042437972, "62": 34.62127545436955, "63": 30.407265529394785, "64": 27.99218552807967, "65": 26.516678431160177, "66": 30.411927173992247, "67": 31.189055474010107, "68": 32.85087037843107, "69": 26.009156605369977, "70": 21.244123162190355, "71": 22.06082928698665, "72": 14.339038542909593, "73": 26.524411233943777, "74": 21.267083241535225, "75": 23.3742378312937, "76": 11.553385588948547, "77": 19.131192577537572, "78": 23.013773476972204 } }, "geometry": { "type": "Polygon", "coordinates": [ [ [ 129.875, -19.625 ], [ 129.875, -19.875 ], [ 128.875, -19.875 ], [ 128.875, -20.125 ], [ 128.125, -20.125 ], [ 128.125, -20.375 ], [ 128.625, -20.375 ], [ 128.625, -20.875 ], [ 128.875, -20.875 ], [ 128.875, -21.625 ], [ 129.875, -21.625 ], [ 129.875, -21.875 ], [ 130.125, -21.875 ], [ 130.125, -22.125 ], [ 130.875, -22.125 ], [ 130.875, -22.375 ], [ 131.625, -22.375 ], [ 131.625, -22.125 ], [ 132.875, -22.125 ], [ 132.875, -21.875 ], [ 132.125, -21.875 ], [ 132.125, -21.625 ], [ 131.375, -21.625 ], [ 131.375, -21.375 ], [ 131.125, -21.375 ], [ 131.125, -20.625 ], [ 130.875, -20.625 ], [ 130.875, -20.375 ], [ 130.625, -20.375 ], [ 130.625, -20.125 ], [ 130.375, -20.125 ], [ 130.375, -19.625 ], [ 129.875, -19.625 ] ] ] } },
{ "type": "Feature", "properties": { "cluster_id": 13, "cohesion": 7.1666618858215729, "distances": { "1": 31.206392518853146, "2": 29.862592920779562, "3": 31.819924881859794, "4": 31.293129238547586, "5": 28.051919980790238, "6": 24.27288843379406, "7": 22.87293007003422, "8": 21.299596978738244, "9": 12.844955961541327, "10": 16.525289622864893, "11": 22.619414869599186, "12": 12.777178245230708, "14": 21.412572108428474, "15": 14.38739840655853, "16": 11.732735128635133, "17": 17.477901537066835, "18": 24.171051947348765, "19": 26.340394518324075, "20": 23.455259738472805, "21": 24.74099385613904, "22": 26.288694674960293, "23": 39.09439087135874, "24": 41.097813279213106, "25": 42.531452612602806, "26": 43.14653841967149, "27": 44.880759056893694, "28": 35.30230777431278, "29": 37.06897873384626, "30": 36.29968369035764, "31": 41.86913838959268, "32": 43.29261877325556, "33": 39.597259456268716, "34": 33.93924272900064, "35": 37.50909181940658, "36": 34.95769587650966, "37": 37.05010728376004, "38": 43.421395535928795, "39": 40.29585448954352, "40": 39.54568494646448, "41": 41.87132028887455, "42": 43.324252780787035, "43": 30.92946227766651, "44": 39.67422512070522, "45": 36.088779014248885, "46": 42.675703727343375, "47": 42.13205926739044, "48": 37.97617323960411, "49": 36.56087966151514, "50": 35.339608649101336, "51": 34.60983286254669, "52": 37.28021059606758, "53": 38.371894324142666, "54": 30.956982243114368, "55": 32.173980318558634, "56": 29.993854896910182, "57": 29.352725043434386, "58": 22.871124649340107, "59": 27.37360207896016, "60": 29.584968996459516, "61": 27.86141234214172, "62": 37.010713914383395, "63": 31.61943244529997, "64": 30.105230074319284, "65": 24.49713669485504, "66": 30.350325876099966, "67": 31.491025962241014, "68": 33.2869224647632, "69": 24.198290061622085, "70": 17.338299471524117, "71": 21.23448433970793, "72": 12.279387211479321, "73": 30.255257289623316, "74": 27.226903059840556, "75": 28.891812950070868, "76": 17.95230086573163, "77": 23.09107844051953, "78": 28.0556870689436 } }, "geometry": { "type": "Polygon", "coordinates": [ [ [ 136.125, -20.875 ], [ 136.125, -21.125 ], [ 134.875, -21.125 ], [ 134.875, -21.375 ], [ 133.625, -21.375 ], [ 133.625, -21.125 ], [ 132.125, -21.125 ], [ 132.125, -21.875 ], [ 136.125, -21.875 ], [ 136.125, -22.125 ], [ 136.625, -22.125 ], [ 136.625, -21.875 ], [ 137.625, -21.875 ], [ 137.625, -22.125 ], [ 138.125, -22.125 ], [ 138.125, -22.375 ], [ 138.375, -22.375 ], [ 138.375, -22.625 ], [ 140.125, -22.625 ], [ 140.125, -22.375 ], [ 140.375, -22.375 ], [ 140.375, -22.125 ], [ 140.125, -22.125 ], [ 140.125, -21.875 ], [ 138.875, -21.875 ], [ 138.875, -21.375 ], [ 138.625, -21.375 ], [ 138.625, -21.125 ], [ 137.625, -21.125 ], [ 137.625, -20.875 ], [ 136.125, -20.875 ] ] ] } },
{ "type": "Feature", "properties": { "cluster_id": 14, "cohesion": 6.9615330663153552, "distances": { "1": 26.527482853515856, "2": 29.067010259210623, "3": 29.49355209234138, "4": 27.82233739216767, "5": 18.195001503537913, "6": 13.066092646880438, "7": 15.765712899308769, "8": 20.307439806211665, "9": 19.373411254765855, "10": 24.170859028431295, "11": 23.87928251131765, "12": 16.117970973955224, "13": 21.412572108428474, "15": 17.109349911182143, "16": 14.950664117416801, "17": 12.22806875795528, "18": 13.794047909098143, "19": 18.057804142392122, "20": 12.652795088904933, "21": 15.075498613251183, "22": 21.187469069865397, "23": 39.1076002523495, "24": 37.97647927790824, "25": 40.75760811531999, "26": 42.28237055693588, "27": 45.65662091879266, "28": 41.47406368315505, "29": 38.82280590789497, "30": 40.50163186096025, "31": 42.606296217709954, "32": 45.50166896397646, "33": 43.67617920700494, "34": 33.02272019271419, "35": 40.01284562733237, "36": 35.76562116773066, "37": 38.37847691540285, "38": 45.514512520963955, "39": 43.44787496153788, "40": 40.96648398816414, "41": 42.71943539311551, "42": 46.52408741837601, "43": 37.44507982308315, "44": 44.0460698617515, "45": 42.59282932513289, "46": 45.467882076348964, "47": 45.87734272873211, "48": 42.86223827052968, "49": 38.88615890023771, "50": 35.20857959571273, "51": 35.73436282819945, "52": 39.99255540893264, "53": 42.096173505449826, "54": 32.79625982381021, "55": 32.842138834688136, "56": 31.644947387914897, "57": 31.584472230130576, "58": 27.06968121237585, "59": 29.122490470239068, "60": 28.459153946665968, "61": 29.267551533259958, "62": 33.203273894480375, "63": 30.3013272641813, "64": 27.53247764461429, "65": 35.053011704221774, "66": 39.22156367418491, "67": 35.22840971435104, "68": 37.50430545158371, "69": 32.32753966821061, "70": 29.172036453856514, "71": 32.86737220414223, "72": 26.149647806366893, "73": 27.34796467831736, "74": 21.703952749230417, "75": 27.064259742137224, "76": 21.191629876344948, "77": 29.2451128681048, "78": 29.924738716547864 } }, "geometry": { "type": "Polygon", "coordinates": [ [ [ 128.125, -15.375 ], [ 128.125, -15.625 ], [ 127.875, -15.625 ], [ 127.875, -16.125 ], [ 128.125, -16.125 ], [ 128.125, -16.375 ], [ 127.875, -16.375 ], [ 127.875, -16.625 ], [ 127.625, -16.625 ], [ 127.625, -16.125 ], [ 127.125, -16.125 ], [ 127.125, -16.375 ], [ 126.875, -16.375 ], [ 126.875, -16.625 ], [ 126.625, -16.625 ], [ 126.625, -16.875 ], [ 126.375, -16.875 ], [ 126.375, -17.125 ], [ 126.125, -17.125 ], [ 126.125, -17.625 ], [ 125.875, -17.625 ], [ 125.875, -17.875 ], [ 125.375, -17.875 ], [ 125.375, -17.625 ], [ 125.625, -17.625 ], [ 125.625, -16.625 ], [ 125.875, -16.625 ], [ 125.875, -16.125 ], [ 125.625, -16.125 ], [ 125.625, -15.875 ], [ 125.375, -15.875 ], [ 125.375, -16.125 ], [ 125.125, -16.125 ], [ 125.125, -16.375 ], [ 124.625, -16.375 ], [ 124.625, -16.875 ], [ 124.875, -16.875 ], [ 124.875, -17.375 ], [ 124.625, -17.375 ], [ 124.625, -18.125 ], [ 124.875, -18.125 ], [ 124.875, -18.375 ], [ 125.625, -18.375 ], [ 125.625, -19.125 ], [ 125.875, -19.125 ], [ 125.875, -19.625 ], [ 127.125, -19.625 ], [ 127.125, -19.375 ], [ 127.375, -19.375 ], [ 127.375, -19.125 ], [ 127.625, -19.125 ], [ 127.625, -18.875 ], [ 128.125, -18.875 ], [ 128.125, -19.375 ], [ 128.375, -19.375 ], [ 128.375, -19.125 ], [ 128.625, -19.125 ], [ 128.625, -18.625 ], [ 128.375, -18.625 ], [ 128.375, -17.625 ], [ 128.625, -17.625 ], [ 128.625, -16.625 ], [ 128.875, -16.625 ], [ 128.875, -15.875 ], [ 128.375, -15.875 ], [ 128.375, -15.375 ], [ 128.125, -15.375 ] ] ] } },
{ "type": "Feature", "properties": { "cluster_id": 15, "cohesion": 5.7194552176550069, "distances": { "1": 28.776791287616042, "2": 32.12178295530164, "3": 33.363438479222985, "4": 30.942039078992806, "5": 20.344329427132735, "6": 17.373622182559252, "7": 12.816897351318083, "8": 17.151278284488846, "9": 12.363722409560932, "10": 22.094885894637798, "11": 23.771095052976694, "12": 16.851648054332465, "13": 14.387398406558532, "14": 17.109349911182143, "16": 10.49309590535747, "17": 17.786223657213753, "18": 23.919601617731978, "19": 23.168685030419024, "20": 21.121635257063836, "21": 25.985480365854496, "22": 28.845741516909232, "23": 44.83256107487425, "24": 44.30508709904327, "25": 47.44348517398529, "26": 48.99667337676745, "27": 52.20007059037012, "28": 44.97082689427445, "29": 43.768972252489924, "30": 44.53954650776352, "31": 48.62520302458005, "32": 51.57744890667834, "33": 48.499066782932545, "34": 36.34900895854949, "35": 42.93107454828474, "36": 38.22780670741884, "37": 41.61776641830192, "38": 49.91032032061664, "39": 47.47486642589364, "40": 45.146338491707404, "41": 48.390712737378614, "42": 51.257778131445114, "43": 40.7000866780204, "44": 49.062128863852635, "45": 46.3376594786094, "46": 50.90976551918972, "47": 50.57550305340403, "48": 46.97085948070253, "49": 43.96892080332624, "50": 41.679127963914844, "51": 41.67347741313499, "52": 44.47257491755823, "53": 46.8337678546515, "54": 36.75242028543187, "55": 36.54862669804155, "56": 34.13788795313836, "57": 34.82238513473769, "58": 28.468531115239927, "59": 31.57542276963964, "60": 31.910703788850366, "61": 32.90418123380667, "62": 38.706391934648046, "63": 34.03414161660487, "64": 31.39721073424373, "65": 35.22276156422871, "66": 41.22263046889701, "67": 38.13609283818217, "68": 41.224802350351474, "69": 33.284559130981656, "70": 27.466550259521895, "71": 32.770086398145466, "72": 23.38091102730011, "73": 34.828244981443774, "74": 30.05637987159244, "75": 34.31735419316153, "76": 24.42175825887743, "77": 32.083574428437, "78": 35.20294845330412 } }, "geometry": { "type": "Polygon", "coordinates": [ [ [ 131.125, -19.125 ], [ 131.125, -19.375 ], [ 131.375, -19.375 ], [ 131.375, -19.875 ], [ 131.625, -19.875 ], [ 131.625, -20.125 ], [ 131.875, -20.125 ], [ 131.875, -20.375 ], [ 132.125, -20.375 ], [ 132.125, -20.625 ], [ 134.625, -20.625 ], [ 134.625, -20.875 ], [ 137.625, -20.875 ], [ 137.625, -21.125 ], [ 138.625, -21.125 ], [ 138.625, -20.625 ], [ 138.375, -20.625 ], [ 138.375, -20.375 ], [ 138.625, -20.375 ], [ 138.625, -20.125 ], [ 138.375, -20.125 ], [ 138.375, -19.875 ], [ 138.125, -19.875 ], [ 138.125, -20.125 ], [ 137.625, -20.125 ], [ 137.625, -19.875 ], [ 137.125, -19.875 ], [ 137.125, -19.375 ], [ 135.875, -19.375 ], [ 135.875, -19.125 ], [ 134.875, -19.125 ], [ 134.875, -19.375 ], [ 132.875, -19.375 ], [ 132.875, -19.125 ], [ 131.125, -19.125 ] ] ] } },
{ "type": "Feature", "properties": { "cluster_id": 16, "cohesion": 7.6169591655490407, "distances": { "1": 29.596675275122042, "2": 30.90746402212581, "3": 32.07536598474324, "4": 30.753228089498506, "5": 23.065663989846147, "6": 18.855743463868077, "7": 17.213791394789464, "8": 19.98942506538154, "9": 14.281404099090448, "10": 20.904387126434102, "11": 23.824060455954417, "12": 10.756745091861477, "13": 11.732735128635134, "14": 14.950664117416801, "15": 10.49309590535747, "17": 12.885539858695058, "18": 20.274045063700694, "19": 23.073635847444145, "20": 19.55040616586193, "21": 22.139156463231384, "22": 25.567845637111795, "23": 40.77514990859569, "24": 41.51036762829043, "25": 43.743262927835936, "26": 45.04642936108377, "27": 47.51066786702251, "28": 39.888201776321644, "29": 39.50583175443899, "30": 39.9831800558372, "31": 44.13429337863143, "32": 46.368100684342565, "33": 43.292289488077536, "34": 34.89836347319172, "35": 40.08377084074308, "36": 36.560659671708045, "37": 39.27352219635548, "38": 46.371082569958574, "39": 43.42887881250193, "40": 42.16315412848165, "41": 44.528422005529904, "42": 46.886071919601484, "43": 34.993644485172524, "44": 43.53007166919357, "45": 40.77908276866455, "46": 46.06895777831192, "47": 45.718664163099824, "48": 41.84058330574828, "49": 39.36081281338079, "50": 37.29496620130876, "51": 36.63759365612411, "52": 40.085766027067386, "53": 41.63186079933097, "54": 33.80055600657687, "55": 34.321286846906375, "56": 32.1260415027123, "57": 32.04931365172925, "58": 26.1036643783042, "59": 29.13156525903243, "60": 29.587193316650712, "61": 29.443493926500967, "62": 36.51815637239468, "63": 31.970114346530277, "64": 29.362276298359884, "65": 30.72268360573682, "66": 35.88681923914714, "67": 34.575673520421425, "68": 37.140281557816905, "69": 29.528279685249114, "70": 24.034845035066994, "71": 27.318548590673455, "72": 18.2041406251176, "73": 30.82852554530415, "74": 25.722119066352395, "75": 29.19588908436024, "76": 18.321720486625406, "77": 25.97705615545329, "78": 29.565620044398216 } }, "geometry": { "type": "Polygon", "coordinates": [ [ [ 130.125, -18.875 ], [ 130.125, -19.125 ], [ 128.375, -19.125 ], [ 128.375, -19.625 ], [ 129.125, -19.625 ], [ 129.125, -19.875 ], [ 129.875, -19.875 ], [ 129.875, -19.625 ], [ 130.375, -19.625 ], [ 130.375, -20.125 ], [ 130.625, -20.125 ], [ 130.625, -20.375 ], [ 130.875, -20.375 ], [ 130.875, -20.625 ], [ 131.125, -20.625 ], [ 131.125, -21.375 ], [ 131.375, -21.375 ], [ 131.375, -21.625 ], [ 132.125, -21.625 ], [ 132.125, -21.125 ], [ 133.625, -21.125 ], [ 133.625, -21.375 ], [ 134.875, -21.375 ], [ 134.875, -21.125 ], [ 136.125, -21.125 ], [ 136.125, -20.875 ], [ 134.625, -20.875 ], [ 134.625, -20.625 ], [ 132.125, -20.625 ], [ 132.125, -20.375 ], [ 131.875, -20.375 ], [ 131.875, -20.125 ], [ 131.625, -20.125 ], [ 131.625, -19.875 ], [ 131.375, -19.875 ], [ 131.375, -19.375 ], [ 131.125, -19.375 ], [ 131.125, -19.125 ], [ 130.875, -19.125 ], [ 130.875, -18.875 ], [ 130.125, -18.875 ] ] ] } },
{ "type": "Feature", "properties": { "cluster_id": 17, "cohesion": 6.1203294704682429, "distances": { "1": 29.676584319249294, "2": 30.163866655353296, "3": 30.237151013550235, "4": 30.31193291085049, "5": 24.799058171237647, "6": 19.76240423712889, "7": 20.898261121377242, "8": 23.416197792699734, "9": 19.296487248230573, "10": 22.72738211003389, "11": 25.018450385020902, "12": 9.814497136922636, "13": 17.477901537066835, "14": 12.22806875795528, "15": 17.786223657213753, "16": 12.885539858695058, "18": 12.760753246042835, "19": 23.283627068705403, "20": 17.825110048466403, "21": 16.766417580239093, "22": 22.986161507472232, "23": 36.31312252240327, "24": 37.24132403249341, "25": 38.95158530041931, "26": 40.569410746384605, "27": 42.790662925109245, "28": 36.77619388517901, "29": 35.614969808467634, "30": 36.584489811098535, "31": 39.34544519693304, "32": 41.522789447269574, "33": 39.24798110176332, "34": 33.96456162624213, "35": 38.79076838051469, "36": 36.031462917483196, "37": 38.23925775979475, "38": 44.09290182831641, "39": 40.81161829730871, "40": 40.26069495842069, "41": 41.215533463305114, "42": 44.00040642201528, "43": 31.744163096192082, "44": 39.39885098662317, "45": 37.53362275041926, "46": 42.26972126599404, "47": 42.34532089235047, "48": 38.747115774324065, "49": 35.16767283048681, "50": 32.217445064128526, "51": 31.30982538137265, "52": 36.67596690683741, "53": 37.43334636723068, "54": 31.53395565359868, "55": 32.693828616326705, "56": 31.20798657089187, "57": 30.229325300028474, "58": 25.42473606262666, "59": 27.934587078985736, "60": 27.24021358844952, "61": 26.836532913890167, "62": 32.66607297585373, "63": 29.4626510188728, "64": 26.651887399459405, "65": 30.1923237206223, "66": 33.882393966789856, "67": 32.526628444337405, "68": 34.24451813728641, "69": 28.613203423567352, "70": 24.87960536271406, "71": 26.646418700502075, "72": 20.07718557726906, "73": 25.015187436629425, "74": 17.840597961724974, "75": 21.899397190637956, "76": 12.85417462661323, "77": 21.87459686063811, "78": 23.23077168572235 } }, "geometry": { "type": "Polygon", "coordinates": [ [ [ 127.625, -18.875 ], [ 127.625, -19.125 ], [ 127.375, -19.125 ], [ 127.375, -19.375 ], [ 127.125, -19.375 ], [ 127.125, -19.625 ], [ 125.875, -19.625 ], [ 125.875, -19.375 ], [ 125.375, -19.375 ], [ 125.375, -19.875 ], [ 125.625, -19.875 ], [ 125.625, -20.125 ], [ 125.875, -20.125 ], [ 125.875, -20.375 ], [ 125.125, -20.375 ], [ 125.125, -20.625 ], [ 125.375, -20.625 ], [ 125.375, -20.875 ], [ 125.125, -20.875 ], [ 125.125, -21.125 ], [ 125.375, -21.125 ], [ 125.375, -21.375 ], [ 126.375, -21.375 ], [ 126.375, -21.625 ], [ 126.875, -21.625 ], [ 126.875, -21.375 ], [ 127.625, -21.375 ], [ 127.625, -21.625 ], [ 127.875, -21.625 ], [ 127.875, -21.375 ], [ 128.125, -21.375 ], [ 128.125, -21.125 ], [ 128.375, -21.125 ], [ 128.375, -20.875 ], [ 128.625, -20.875 ], [ 128.625, -20.375 ], [ 128.125, -20.375 ], [ 128.125, -20.125 ], [ 128.875, -20.125 ], [ 128.875, -19.875 ], [ 129.125, -19.875 ], [ 129.125, -19.625 ], [ 128.375, -19.625 ], [ 128.375, -19.375 ], [ 128.125, -19.375 ], [ 128.125, -18.875 ], [ 127.625, -18.875 ] ] ] } },
{ "type": "Feature", "properties": { "cluster_id": 18, "cohesion": 8.2260584931764207, "distances": { "1": 28.171349547318282, "2": 28.919197044473677, "3": 27.91263903599827, "4": 28.644532093521676, "5": 24.977152331490775, "6": 20.73605359365389, "7": 23.929257979863063, "8": 25.45085014015883, "9": 23.915457540791394, "10": 25.584860131993437, "11": 25.97171580627745, "12": 17.744831935756885, "13": 24.171051947348765, "14": 13.794047909098147, "15": 23.919601617731978, "16": 20.274045063700694, "17": 12.760753246042835, "19": 22.45339769819458, "20": 17.156687327537156, "21": 12.737992547120971, "22": 20.984844463957057, "23": 33.50793207541383, "24": 33.22170364909116, "25": 35.41516912085735, "26": 37.449906817021834, "27": 40.33064014228977, "28": 36.8687586995237, "29": 33.83790055086623, "30": 35.95121946103399, "31": 36.845875202229955, "32": 39.80758325646258, "33": 38.379767192497006, "34": 32.04727526093668, "35": 37.663089048425036, "36": 34.65344640786131, "37": 36.838133231291884, "38": 42.283640572557104, "39": 39.5124436456087, "40": 38.36872754860175, "41": 38.942960470821184, "42": 42.67072643413472, "43": 32.94355024910774, "44": 38.75847691957971, "45": 37.79921232936641, "46": 40.85537470628, "47": 41.30441495540603, "48": 38.60433503219679, "49": 32.82571723302405, "50": 28.52851179091105, "51": 29.115492786504568, "52": 35.106384001281626, "53": 36.52167776490116, "54": 30.59720758368118, "55": 31.19354794095301, "56": 30.189438355321002, "57": 29.917866443373217, "58": 26.661612145371137, "59": 27.1393453834223, "60": 25.330602213242834, "61": 25.658467191445187, "62": 28.727541223602536, "63": 26.71211878994673, "64": 24.081412491655573, "65": 32.4803082482793, "66": 35.30915897392082, "67": 31.9107314478404, "68": 33.77532400045679, "69": 30.25705705923972, "70": 28.26412786711246, "71": 30.253056850569713, "72": 25.91856371292247, "73": 20.04730382801849, "74": 12.313195020605798, "75": 18.80204700240862, "76": 17.811162168689528, "77": 24.99270543725659, "78": 23.114001730425958 } }, "geometry": { "type": "Polygon", "coordinates": [ [ [ 124.375, -16.375 ], [ 124.375, -16.625 ], [ 123.875, -16.625 ], [ 123.875, -17.125 ], [ 123.625, -17.125 ], [ 123.625, -17.375 ], [ 123.375, -17.375 ], [ 123.375, -17.625 ], [ 123.125, -17.625 ], [ 123.125, -17.875 ], [ 122.625, -17.875 ], [ 122.625, -17.375 ], [ 122.875, -17.375 ], [ 122.875, -17.125 ], [ 123.125, -17.125 ], [ 123.125, -16.875 ], [ 122.625, -16.875 ], [ 122.625, -17.125 ], [ 122.375, -17.125 ], [ 122.375, -18.125 ], [ 121.875, -18.125 ], [ 121.875, -18.375 ], [ 121.625, -18.375 ], [ 121.625, -18.625 ], [ 121.375, -18.625 ], [ 121.375, -18.875 ], [ 121.125, -18.875 ], [ 121.125, -19.125 ], [ 120.875, -19.125 ], [ 120.875, -19.375 ], [ 120.625, -19.375 ], [ 120.625, -19.625 ], [ 120.375, -19.625 ], [ 120.375, -19.875 ], [ 119.625, -19.875 ], [ 119.625, -20.125 ], [ 119.125, -20.125 ], [ 119.125, -20.375 ], [ 118.625, -20.375 ], [ 118.625, -21.375 ], [ 119.125, -21.375 ], [ 119.125, -21.125 ], [ 119.625, -21.125 ], [ 119.625, -21.375 ], [ 120.375, -21.375 ], [ 120.375, -21.125 ], [ 120.625, -21.125 ], [ 120.625, -20.875 ], [ 121.125, -20.875 ], [ 121.125, -20.625 ], [ 122.375, -20.625 ], [ 122.375, -20.875 ], [ 122.625, -20.875 ], [ 122.625, -21.125 ], [ 123.125, -21.125 ], [ 123.125, -21.375 ], [ 124.125, -21.375 ], [ 124.125, -21.125 ], [ 125.125, -21.125 ], [ 125.125, -20.875 ], [ 125.375, -20.875 ], [ 125.375, -20.625 ], [ 125.125, -20.625 ], [ 125.125, -20.375 ], [ 125.875, -20.375 ], [ 125.875, -20.125 ], [ 125.625, -20.125 ], [ 125.625, -19.875 ], [ 125.375, -19.875 ], [ 125.375, -19.375 ], [ 125.875, -19.375 ], [ 125.875, -19.125 ], [ 125.625, -19.125 ], [ 125.625, -18.375 ], [ 124.875, -18.375 ], [ 124.875, -18.125 ], [ 124.625, -18.125 ], [ 124.625, -17.375 ], [ 124.875, -17.375 ], [ 124.875, -16.875 ], [ 124.625, -16.875 ], [ 124.625, -16.375 ], [ 124.375, -16.375 ] ] ] } },
{ "type": "Feature", "properties": { "cluster_id": 19, "cohesion": 7.9707431067182677, "distances": { "1": 18.61031585876883, "2": 21.90519768571159, "3": 22.548675657084473, "4": 19.121396059687253, "5": 13.437887213213756, "6": 13.923162766681813, "7": 19.28927400940241, "8": 18.09122077146302, "9": 22.087826750715198, "10": 23.971747425259856, "11": 19.975395237525806, "12": 24.706881347964494, "13": 26.340394518324075, "14": 18.057804142392126, "15": 23.16868503041902, "16": 23.07363584744414, "17": 23.283627068705403, "18": 22.45339769819458, "20": 12.533698118449504, "21": 18.86517971281787, "22": 16.085946900114124, "23": 37.39348046349, "24": 33.76940803961461, "25": 37.50055664207739, "26": 37.76949441939979, "27": 42.18865143435667, "28": 41.19422002968071, "29": 37.87561101780075, "30": 39.96437534603248, "31": 41.05297725894118, "32": 43.49235628038802, "33": 42.67125248136824, "34": 26.147194588951432, "35": 34.5535769074571, "36": 28.79576527672965, "37": 32.141068761355164, "38": 40.055274194773865, "39": 39.58793844664452, "40": 34.89964615654541, "41": 37.36682027362063, "42": 41.94797476294734, "43": 37.717321176221624, "44": 42.518852817487534, "45": 41.656790538017646, "46": 41.786790814251624, "47": 42.7834332972885, "48": 40.27342400032709, "49": 36.86303512324694, "50": 33.514982980516926, "51": 35.716710132941216, "52": 37.480949933429855, "53": 40.78018107124594, "54": 28.70609254632048, "55": 26.195395081195468, "56": 26.32918948313091, "57": 28.652357501624447, "58": 25.914561455161376, "59": 26.385632238656353, "60": 27.849813044441483, "61": 28.34639038427622, "62": 30.212618379105436, "63": 25.96790474460363, "64": 26.57141179953235, "65": 35.06429473361748, "66": 39.06715946553969, "67": 33.48556037867194, "68": 35.94833729965176, "69": 31.83213583136987, "70": 30.187524726000618, "71": 34.91442405752662, "72": 30.168395024266587, "73": 27.309329305063944, "74": 26.744200206352417, "75": 30.532337102842746, "76": 28.339331586363073, "77": 33.00138162265485, "78": 33.0662840888089 } }, "geometry": { "type": "MultiPolygon", "coordinates": [ [ [ [ 129.875, -13.875 ], [ 129.875, -13.625 ], [ 130.125, -13.625 ], [ 130.125, -13.875 ], [ 129.875, -13.875 ] ] ], [ [ [ 133.375, -13.875 ], [ 133.375, -13.625 ], [ 133.625, -13.625 ], [ 133.625, -13.875 ], [ 133.375, -13.875 ] ] ], [ [ [ 130.125, -13.625 ], [ 130.125, -13.375 ], [ 130.375, -13.375 ], [ 130.375, -13.625 ], [ 130.125, -13.625 ] ] ], [ [ [ 134.125, -13.375 ], [ 134.125, -13.625 ], [ 133.625, -13.625 ], [ 133.625, -13.375 ], [ 133.875, -13.375 ], [ 133.875, -13.125 ], [ 134.375, -13.125 ], [ 134.375, -13.375 ], [ 134.125, -13.375 ] ] ], [ [ [ 135.375, -13.125 ], [ 135.625, -13.125 ], [ 135.625, -13.375 ], [ 135.375, -13.375 ], [ 135.375, -13.125 ] ] ], [ [ [ 135.875, -12.375 ], [ 135.625, -12.375 ], [ 135.625, -12.125 ], [ 133.875, -12.125 ], [ 133.875, -11.875 ], [ 133.125, -11.875 ], [ 133.125, -12.375 ], [ 132.625, -12.375 ], [ 132.625, -12.625 ], [ 132.125, -12.625 ], [ 132.125, -12.875 ], [ 131.125, -12.875 ], [ 131.125, -13.125 ], [ 130.625, -13.125 ], [ 130.625, -13.375 ], [ 130.375, -13.375 ], [ 130.375, -12.875 ], [ 130.625, -12.875 ], [ 130.625, -12.625 ], [ 131.125, -12.625 ], [ 131.125, -12.375 ], [ 132.375, -12.375 ], [ 132.375, -12.125 ], [ 131.625, -12.125 ], [ 131.625, -11.875 ], [ 132.125, -11.875 ], [ 132.125, -11.625 ], [ 132.375, -11.625 ], [ 132.375, -11.375 ], [ 132.625, -11.375 ], [ 132.625, -11.125 ], [ 133.125, -11.125 ], [ 133.125, -11.375 ], [ 133.875, -11.375 ], [ 133.875, -11.625 ], [ 134.875, -11.625 ], [ 134.875, -11.875 ], [ 135.375, -11.875 ], [ 135.375, -11.625 ], [ 135.625, -11.625 ], [ 135.625, -11.875 ], [ 136.625, -11.875 ], [ 136.625, -12.125 ], [ 136.875, -12.125 ], [ 136.875, -12.375 ], [ 137.125, -12.375 ], [ 137.125, -12.625 ], [ 136.875, -12.625 ], [ 136.875, -13.125 ], [ 136.625, -13.125 ], [ 136.625, -13.375 ], [ 136.375, -13.375 ], [ 136.375, -13.625 ], [ 135.875, -13.625 ], [ 135.875, -13.125 ], [ 135.625, -13.125 ], [ 135.625, -12.875 ], [ 135.875, -12.875 ], [ 135.875, -12.375 ] ] ], [ [ [ 131.625, -11.125 ], [ 131.625, -11.375 ], [ 131.875, -11.375 ], [ 131.875, -11.625 ], [ 131.625, -11.625 ], [ 131.625, -11.875 ], [ 130.875, -11.875 ], [ 130.875, -11.375 ], [ 131.125, -11.375 ], [ 131.125, -10.875 ], [ 131.375, -10.875 ], [ 131.375, -11.125 ], [ 131.625, -11.125 ] ] ], [ [ [ 130.375, -11.125 ], [ 130.375, -10.875 ], [ 130.625, -10.875 ], [ 130.625, -11.125 ], [ 130.375, -11.125 ] ] ] ] } },
{ "type": "Feature", "properties": { "cluster_id": 20, "cohesion": 9.5177935382956154, "distances": { "1": 22.055630978430944, "2": 23.891188185531767, "3": 24.3940165684768, "4": 22.451765375579136, "5": 16.22079863085858, "6": 12.627947047488556, "7": 18.34507965721616, "8": 18.76623550728618, "9": 20.197911300174894, "10": 22.24897160389236, "11": 20.40873856044121, "12": 19.980566213154926, "13": 23.455259738472805, "14": 12.652795088904933, "15": 21.121635257063836, "16": 19.55040616586193, "17": 17.825110048466403, "18": 17.156687327537156, "19": 12.533698118449504, "21": 13.932793030680894, "22": 15.834052399414873, "23": 35.94460085069401, "24": 33.75749231761216, "25": 36.74047075249606, "26": 37.47549847086071, "27": 41.26572044765745, "28": 38.700153254678966, "29": 35.82293403351409, "30": 37.55672886543362, "31": 39.289444962666174, "32": 41.76086251109755, "33": 40.535978984843595, "34": 27.894996411820998, "35": 35.46773962017653, "36": 30.738797826180956, "37": 33.38836600759323, "38": 40.64923974045209, "39": 39.40361739054508, "40": 35.77834988479407, "41": 37.55171843460021, "42": 41.82080953619385, "43": 35.30436356911168, "44": 40.56172614203726, "45": 39.48158639014734, "46": 40.98224536199915, "47": 41.97952173715046, "48": 39.183943613966264, "49": 35.387637474093125, "50": 31.656938962893335, "51": 33.393197321698025, "52": 36.52223776532597, "53": 39.14396506814597, "54": 28.12711217965135, "55": 27.42315435443593, "56": 26.951952366606054, "57": 27.50331352757918, "58": 24.033568031967892, "59": 25.618788387193742, "60": 26.40158971736005, "61": 26.537968434465817, "62": 29.99974965678876, "63": 26.52224262048088, "64": 25.591879930330016, "65": 32.82169605161988, "66": 36.71817228043086, "67": 31.92012023767714, "68": 33.89112701087648, "69": 29.581444978266017, "70": 27.68970737463809, "71": 31.96358471478326, "72": 26.953000708278317, "73": 24.66032627872468, "74": 22.423277299368156, "75": 26.62184685147852, "76": 23.541780853899418, "77": 29.284203474771022, "78": 29.461816544988924 } }, "geometry": { "type": "MultiPolygon", "coordinates": [ [ [ [ 127.625, -14.125 ], [ 127.625, -14.375 ], [ 127.375, -14.375 ], [ 127.375, -15.125 ], [ 127.125, -15.125 ], [ 127.125, -15.625 ], [ 126.875, -15.625 ], [ 126.875, -15.875 ], [ 127.875, -15.875 ], [ 127.875, -16.125 ], [ 128.125, -16.125 ], [ 128.125, -16.375 ], [ 127.875, -16.375 ], [ 127.875, -16.625 ], [ 127.625, -16.625 ], [ 127.625, -16.125 ], [ 127.125, -16.125 ], [ 127.125, -16.375 ], [ 126.875, -16.375 ], [ 126.875, -16.625 ], [ 126.625, -16.625 ], [ 126.625, -16.875 ], [ 126.375, -16.875 ], [ 126.375, -17.125 ], [ 126.125, -17.125 ], [ 126.125, -16.875 ], [ 125.625, -16.875 ], [ 125.625, -16.625 ], [ 125.875, -16.625 ], [ 125.875, -16.125 ], [ 125.625, -16.125 ], [ 125.625, -15.875 ], [ 125.375, -15.875 ], [ 125.375, -16.125 ], [ 125.125, -16.125 ], [ 125.125, -16.375 ], [ 124.625, -16.375 ], [ 124.625, -15.625 ], [ 124.875, -15.625 ], [ 124.875, -15.375 ], [ 125.125, -15.375 ], [ 125.125, -15.125 ], [ 125.375, -15.125 ], [ 125.375, -14.875 ], [ 125.625, -14.875 ], [ 125.625, -14.625 ], [ 125.875, -14.625 ], [ 125.875, -14.375 ], [ 126.125, -14.375 ], [ 126.125, -14.125 ], [ 126.625, -14.125 ], [ 126.625, -13.875 ], [ 127.375, -13.875 ], [ 127.375, -14.125 ], [ 127.625, -14.125 ] ] ], [ [ [ 127.875, -15.625 ], [ 127.875, -15.375 ], [ 128.125, -15.375 ], [ 128.125, -15.625 ], [ 127.875, -15.625 ] ] ], [ [ [ 128.125, -15.125 ], [ 128.375, -15.125 ], [ 128.375, -15.375 ], [ 128.125, -15.375 ], [ 128.125, -15.125 ] ] ], [ [ [ 128.625, -15.125 ], [ 128.375, -15.125 ], [ 128.375, -14.875 ], [ 128.625, -14.875 ], [ 128.625, -15.125 ] ] ], [ [ [ 136.125, -13.625 ], [ 136.125, -13.875 ], [ 136.375, -13.875 ], [ 136.375, -14.125 ], [ 136.125, -14.125 ], [ 136.125, -14.375 ], [ 135.875, -14.375 ], [ 135.875, -14.875 ], [ 136.125, -14.875 ], [ 136.125, -15.125 ], [ 135.375, -15.125 ], [ 135.375, -14.875 ], [ 134.625, -14.875 ], [ 134.625, -15.125 ], [ 134.375, -15.125 ], [ 134.375, -15.375 ], [ 134.125, -15.375 ], [ 134.125, -15.625 ], [ 133.875, -15.625 ], [ 133.875, -15.375 ], [ 132.875, -15.375 ], [ 132.875, -15.125 ], [ 132.625, -15.125 ], [ 132.625, -14.625 ], [ 132.875, -14.625 ], [ 132.875, -14.375 ], [ 133.125, -14.375 ], [ 133.125, -14.125 ], [ 133.375, -14.125 ], [ 133.375, -13.875 ], [ 133.625, -13.875 ], [ 133.625, -13.625 ], [ 134.125, -13.625 ], [ 134.125, -13.375 ], [ 134.375, -13.375 ], [ 134.375, -14.125 ], [ 134.875, -14.125 ], [ 134.875, -13.875 ], [ 135.125, -13.875 ], [ 135.125, -13.625 ], [ 135.375, -13.625 ], [ 135.375, -13.375 ], [ 135.625, -13.375 ], [ 135.625, -13.125 ], [ 135.875, -13.125 ], [ 135.875, -13.625 ], [ 136.125, -13.625 ] ] ], [ [ [ 129.625, -14.125 ], [ 129.625, -14.875 ], [ 128.625, -14.875 ], [ 128.625, -14.625 ], [ 129.375, -14.625 ], [ 129.375, -14.375 ], [ 129.125, -14.375 ], [ 129.125, -14.125 ], [ 129.375, -14.125 ], [ 129.375, -13.875 ], [ 129.625, -13.875 ], [ 129.625, -13.625 ], [ 129.875, -13.625 ], [ 129.875, -14.125 ], [ 129.625, -14.125 ] ] ], [ [ [ 129.875, -13.375 ], [ 130.125, -13.375 ], [ 130.125, -13.625 ], [ 129.875, -13.625 ], [ 129.875, -13.375 ] ] ], [ [ [ 130.375, -13.375 ], [ 130.125, -13.375 ], [ 130.125, -13.125 ], [ 130.375, -13.125 ], [ 130.375, -13.375 ] ] ] ] } },
{ "type": "Feature", "properties": { "cluster_id": 21, "cohesion": 8.2306609211844854, "distances": { "1": 27.212458270500772, "2": 25.268734799484, "3": 25.99704060577821, "4": 26.354916389398465, "5": 24.52440326629251, "6": 20.198384622349888, "7": 25.29220908987532, "8": 24.63171736849017, "9": 23.867410152430637, "10": 23.379411044848993, "11": 23.435473611434784, "12": 19.357660476760923, "13": 24.74099385613904, "14": 15.075498613251183, "15": 25.985480365854496, "16": 22.139156463231384, "17": 16.766417580239093, "18": 12.737992547120971, "19": 18.86517971281787, "20": 13.932793030680894, "22": 13.837351500173765, "23": 31.012501639693415, "24": 30.6904385876454, "25": 32.410810207656, "26": 33.10320237966462, "27": 35.90071944619634, "28": 33.6516782857997, "29": 30.882397321641147, "30": 32.80239341836395, "31": 33.95306176941988, "32": 35.967823128666964, "33": 34.9427015441257, "34": 27.62312181335396, "35": 32.42119324213836, "36": 29.759509870744118, "37": 31.522662843029273, "38": 36.54396231556264, "39": 34.44120440172903, "40": 32.85365935739155, "41": 33.518103328981105, "42": 37.05128996711743, "43": 29.812973378605633, "44": 34.81181896291419, "45": 34.1143466837886, "46": 35.86150834789727, "47": 36.25052559192355, "48": 33.92154722798461, "49": 29.003166535459997, "50": 25.395541492584016, "51": 26.508819488582528, "52": 30.781030989111965, "53": 32.76055415560623, "54": 25.891203702031202, "55": 26.502445591847795, "56": 25.706436169212154, "57": 25.549212927917637, "58": 23.32300488239769, "59": 23.753525414085004, "60": 24.115147972427476, "61": 22.96729625236786, "62": 27.666480945067647, "63": 24.84761701404605, "64": 23.60020839806448, "65": 29.73147799063221, "66": 32.147489820178876, "67": 28.398396478374774, "68": 29.854262357413685, "69": 27.125083397775274, "70": 26.292830933110775, "71": 28.340439843772632, "72": 25.28062128972357, "73": 18.377257658330112, "74": 15.678458713229059, "75": 19.469727808561515, "76": 19.620582873613124, "77": 24.1754778021925, "78": 23.07941900708805 } }, "geometry": { "type": "MultiPolygon", "coordinates": [ [ [ [ 126.125, -16.875 ], [ 126.125, -17.625 ], [ 125.875, -17.625 ], [ 125.875, -17.875 ], [ 125.375, -17.875 ], [ 125.375, -17.625 ], [ 125.625, -17.625 ], [ 125.625, -16.875 ], [ 126.125, -16.875 ] ] ], [ [ [ 124.625, -16.375 ], [ 124.375, -16.375 ], [ 124.375, -16.625 ], [ 123.875, -16.625 ], [ 123.875, -17.125 ], [ 123.625, -17.125 ], [ 123.625, -17.375 ], [ 123.375, -17.375 ], [ 123.375, -17.625 ], [ 123.125, -17.625 ], [ 123.125, -17.875 ], [ 122.625, -17.875 ], [ 122.625, -17.375 ], [ 122.875, -17.375 ], [ 122.875, -17.125 ], [ 123.125, -17.125 ], [ 123.125, -16.875 ], [ 122.625, -16.875 ], [ 122.625, -17.125 ], [ 122.375, -17.125 ], [ 122.375, -18.125 ], [ 122.125, -18.125 ], [ 122.125, -17.875 ], [ 121.875, -17.875 ], [ 121.875, -17.125 ], [ 122.125, -17.125 ], [ 122.125, -16.875 ], [ 122.375, -16.875 ], [ 122.375, -16.625 ], [ 122.625, -16.625 ], [ 122.625, -16.375 ], [ 123.625, -16.375 ], [ 123.625, -16.125 ], [ 124.375, -16.125 ], [ 124.375, -15.875 ], [ 124.625, -15.875 ], [ 124.625, -16.375 ] ] ], [ [ [ 128.375, -14.625 ], [ 128.625, -14.625 ], [ 128.625, -14.875 ], [ 128.375, -14.875 ], [ 128.375, -15.125 ], [ 128.125, -15.125 ], [ 128.125, -15.375 ], [ 127.875, -15.375 ], [ 127.875, -15.875 ], [ 126.875, -15.875 ], [ 126.875, -15.625 ], [ 127.125, -15.625 ], [ 127.125, -15.125 ], [ 127.375, -15.125 ], [ 127.375, -14.375 ], [ 128.375, -14.375 ], [ 128.375, -14.625 ] ] ] ] } },
{ "type": "Feature", "properties": { "cluster_id": 22, "cohesion": 8.2888809823311895, "distances": { "1": 26.202532132898703, "2": 21.723107753138372, "3": 24.280722497638063, "4": 23.92062687423242, "5": 25.32992173699014, "6": 22.668645968327105, "7": 28.1920463042177, "8": 24.698342252149533, "9": 25.048360621207667, "10": 22.57659549436659, "11": 21.82148370373982, "12": 23.270064761500855, "13": 26.288694674960297, "14": 21.187469069865397, "15": 28.84574151690924, "16": 25.567845637111795, "17": 22.986161507472232, "18": 20.984844463957053, "19": 16.085946900114124, "20": 15.834052399414873, "21": 13.837351500173767, "23": 31.029335474095323, "24": 30.338461908696708, "25": 31.75618088649091, "26": 30.31214795469225, "27": 32.829031405670875, "28": 32.45914942402218, "29": 30.666171453039986, "30": 32.10666681616233, "31": 33.54925781043644, "32": 33.761063458276475, "33": 33.47746569796779, "34": 23.055824174917586, "35": 26.027060104447003, "36": 23.723805217742637, "37": 25.53062498464839, "38": 30.187784666831508, "39": 28.844229706048885, "40": 27.046099639726307, "41": 28.538430631691874, "42": 31.232077694990853, "43": 27.518656500067383, "44": 32.1101135691424, "45": 31.715236018825394, "46": 31.37157380720648, "47": 31.158406530183917, "48": 29.24433953413899, "49": 26.205946702575602, "50": 24.434392575867257, "51": 25.28050613985571, "52": 26.543485556423466, "53": 29.399901070805615, "54": 22.73035039205073, "55": 22.04552246980972, "56": 22.017381332297877, "57": 23.225006206967162, "58": 22.119436960244396, "59": 22.260216505957573, "60": 25.598554390709214, "61": 22.869951476881987, "62": 28.803920285578666, "63": 24.011734004905254, "64": 25.428541437826123, "65": 28.071312732090398, "66": 30.15559356570207, "67": 26.987513650424216, "68": 28.125606798269494, "69": 25.619592682142024, "70": 25.544501336955463, "71": 27.534477490784983, "72": 25.810645420510937, "73": 20.077935836801135, "74": 21.891922576680688, "75": 22.700143128667253, "76": 23.39359251384893, "77": 24.91657308128504, "78": 24.628415189843487 } }, "geometry": { "type": "MultiPolygon", "coordinates": [ [ [ [ 123.375, -16.375 ], [ 123.375, -16.125 ], [ 123.625, -16.125 ], [ 123.625, -16.375 ], [ 123.375, -16.375 ] ] ], [ [ [ 125.875, -14.625 ], [ 125.625, -14.625 ], [ 125.625, -14.875 ], [ 125.375, -14.875 ], [ 125.375, -15.125 ], [ 125.125, -15.125 ], [ 125.125, -15.375 ], [ 124.875, -15.375 ], [ 124.875, -15.625 ], [ 124.625, -15.625 ], [ 124.625, -15.875 ], [ 124.375, -15.875 ], [ 124.375, -16.125 ], [ 123.625, -16.125 ], [ 123.625, -15.875 ], [ 124.125, -15.875 ], [ 124.125, -15.625 ], [ 124.375, -15.625 ], [ 124.375, -15.375 ], [ 124.625, -15.375 ], [ 124.625, -15.125 ], [ 124.875, -15.125 ], [ 124.875, -14.625 ], [ 125.125, -14.625 ], [ 125.125, -14.375 ], [ 125.375, -14.375 ], [ 125.375, -14.125 ], [ 126.125, -14.125 ], [ 126.125, -14.375 ], [ 125.875, -14.375 ], [ 125.875, -14.625 ] ] ], [ [ [ 126.625, -14.125 ], [ 126.125, -14.125 ], [ 126.125, -13.875 ], [ 126.625, -13.875 ], [ 126.625, -14.125 ] ] ], [ [ [ 127.875, -13.875 ], [ 127.875, -14.125 ], [ 128.125, -14.125 ], [ 128.125, -14.375 ], [ 127.625, -14.375 ], [ 127.625, -14.125 ], [ 127.375, -14.125 ], [ 127.375, -13.875 ], [ 126.625, -13.875 ], [ 126.625, -13.625 ], [ 127.625, -13.625 ], [ 127.625, -13.875 ], [ 127.875, -13.875 ] ] ], [ [ [ 129.375, -13.875 ], [ 129.375, -13.625 ], [ 129.625, -13.625 ], [ 129.625, -13.875 ], [ 129.375, -13.875 ] ] ], [ [ [ 129.625, -13.375 ], [ 129.875, -13.375 ], [ 129.875, -13.625 ], [ 129.625, -13.625 ], [ 129.625, -13.375 ] ] ], [ [ [ 130.125, -12.375 ], [ 130.375, -12.375 ], [ 130.375, -11.875 ], [ 130.125, -11.875 ], [ 130.125, -11.625 ], [ 129.875, -11.625 ], [ 129.875, -11.375 ], [ 130.125, -11.375 ], [ 130.125, -11.125 ], [ 131.125, -11.125 ], [ 131.125, -11.375 ], [ 130.875, -11.375 ], [ 130.875, -11.875 ], [ 131.625, -11.875 ], [ 131.625, -12.125 ], [ 132.375, -12.125 ], [ 132.375, -12.375 ], [ 131.125, -12.375 ], [ 131.125, -12.625 ], [ 130.625, -12.625 ], [ 130.625, -12.875 ], [ 130.375, -12.875 ], [ 130.375, -13.125 ], [ 130.125, -13.125 ], [ 130.125, -13.375 ], [ 129.875, -13.375 ], [ 129.875, -12.625 ], [ 130.125, -12.625 ], [ 130.125, -12.375 ] ], [ [ 130.625, -11.875 ], [ 130.625, -12.125 ], [ 130.875, -12.125 ], [ 130.875, -11.875 ], [ 130.625, -11.875 ] ] ] ] } },
{ "type": "Feature", "properties": { "cluster_id": 23, "cohesion": 8.1220478376047449, "distances": { "1": 37.711049798453395, "2": 33.31210982008317, "3": 30.90464840058448, "4": 35.410635670152836, "5": 43.61247128959111, "6": 41.54357093856844, "7": 45.48815740978432, "8": 40.909604829429284, "9": 40.14361673896805, "10": 35.26771090725846, "11": 36.11672654150053, "12": 36.5259814167049, "13": 39.09439087135875, "14": 39.10760025234949, "15": 44.832561074874256, "16": 40.77514990859569, "17": 36.31312252240327, "18": 33.50793207541383, "19": 37.39348046349, "20": 35.944600850694, "21": 31.01250163969342, "22": 31.029335474095323, "24": 15.556044284465203, "25": 12.986827826642239, "26": 20.50471262326367, "27": 22.19669258152571, "28": 22.015981449916357, "29": 14.451790243278701, "30": 19.246991714154504, "31": 10.762680639389451, "32": 20.645840839027823, "33": 17.94250450779457, "34": 31.953846729426587, "35": 36.01318835001717, "36": 34.68012210591272, "37": 34.6634652781308, "38": 35.50412337945063, "39": 34.557906193391226, "40": 32.175190491290216, "41": 27.503528155976102, "42": 32.00350836073284, "43": 28.384310853779034, "44": 24.71178881520891, "45": 25.66864606837032, "46": 27.611877860479755, "47": 31.9792595409925, "48": 29.18753699548112, "49": 28.249684300387322, "50": 24.76749588568108, "51": 28.551106117266496, "52": 32.308800230526415, "53": 29.8499320637441, "54": 28.73823098540748, "55": 30.592081170988937, "56": 29.047899285887986, "57": 29.405734501220415, "58": 31.782589488210103, "59": 25.785818609363076, "60": 21.246422848418366, "61": 20.081509960981812, "62": 18.04714866954311, "63": 22.36895730030327, "64": 21.57644581356007, "65": 29.920219857596805, "66": 28.04351626757362, "67": 23.463390657276907, "68": 25.365036740121553, "69": 29.73318954769644, "70": 32.57415231604744, "71": 31.59215672357394, "72": 35.259041059340284, "73": 25.166095294912413, "74": 28.97619466318585, "75": 27.63053212782894, "76": 32.757763947912714, "77": 29.626001230101846, "78": 27.559581758670163 } }, "geometry": { "type": "MultiPolygon", "coordinates": [ [ [ [ 149.125, -36.375 ], [ 149.125, -36.625 ], [ 148.875, -36.625 ], [ 148.875, -36.375 ], [ 149.125, -36.375 ] ] ], [ [ [ 142.875, -34.125 ], [ 142.875, -34.875 ], [ 143.375, -34.875 ], [ 143.375, -35.125 ], [ 144.375, -35.125 ], [ 144.375, -35.375 ], [ 144.875, -35.375 ], [ 144.875, -35.625 ], [ 145.375, -35.625 ], [ 145.375, -35.875 ], [ 146.125, -35.875 ], [ 146.125, -36.375 ], [ 146.375, -36.375 ], [ 146.375, -36.125 ], [ 146.625, -36.125 ], [ 146.625, -35.875 ], [ 147.375, -35.875 ], [ 147.375, -35.625 ], [ 147.625, -35.625 ], [ 147.625, -35.375 ], [ 148.375, -35.375 ], [ 148.375, -36.375 ], [ 148.125, -36.375 ], [ 148.125, -36.625 ], [ 147.625, -36.625 ], [ 147.625, -36.875 ], [ 146.875, -36.875 ], [ 146.875, -37.125 ], [ 146.375, -37.125 ], [ 146.375, -37.375 ], [ 144.125, -37.375 ], [ 144.125, -36.875 ], [ 143.875, -36.875 ], [ 143.875, -37.125 ], [ 143.625, -37.125 ], [ 143.625, -36.625 ], [ 143.375, -36.625 ], [ 143.375, -36.375 ], [ 142.875, -36.375 ], [ 142.875, -36.125 ], [ 142.625, -36.125 ], [ 142.625, -35.375 ], [ 142.375, -35.375 ], [ 142.375, -34.125 ], [ 142.875, -34.125 ] ] ] ] } },
{ "type": "Feature", "properties": { "cluster_id": 24, "cohesion": 5.9841408639776281, "distances": { "1": 31.47181265330928, "2": 29.13788829641172, "3": 25.438860237589584, "4": 29.46430727896995, "5": 39.10267855167914, "6": 38.58819987766898, "7": 42.83868315598799, "8": 37.75335542142433, "9": 39.71772964430733, "10": 35.34921029956038, "11": 33.36190829350073, "12": 38.73785566314722, "13": 41.09781327921311, "14": 37.97647927790824, "15": 44.30508709904326, "16": 41.51036762829043, "17": 37.24132403249341, "18": 33.221703649091154, "19": 33.76940803961461, "20": 33.75749231761217, "21": 30.6904385876454, "22": 30.338461908696708, "23": 15.556044284465203, "25": 10.421145071315157, "26": 18.12494168812369, "27": 24.21063122902195, "28": 30.435801288145843, "29": 22.54855482273681, "30": 27.334046417208143, "31": 18.377749928169177, "32": 26.416389691301013, "33": 26.841413171797956, "34": 28.3525813379774, "35": 36.43236812868619, "36": 32.655415680641894, "37": 33.18161169319435, "38": 36.26745070794966, "39": 37.33704560316928, "40": 30.973310939601255, "41": 26.844624599326636, "42": 34.50822712911007, "43": 35.033452962962194, "44": 31.331307850155813, "45": 33.02618217847294, "46": 30.780759365840623, "47": 36.56601264688523, "48": 34.549553234404385, "49": 31.727481664473512, "50": 26.372811253634065, "51": 32.73042690888417, "52": 35.741294336623305, "53": 35.43830974922419, "54": 28.240640709314352, "55": 27.74596784653741, "56": 27.725497789498956, "57": 29.628581462403464, "58": 32.09828141878275, "59": 26.629052618072457, "60": 22.97841805660586, "61": 23.879824735382435, "62": 12.645548270390204, "63": 18.987832034856865, "64": 21.3690808060154, "65": 34.96267259339276, "66": 34.85430811890247, "67": 27.38307194225645, "68": 29.176504267411268, "69": 32.61375025947863, "70": 35.71329015680464, "71": 37.515655956919474, "72": 39.527463551570385, "73": 25.604009109130253, "74": 29.976628407884075, "75": 30.709883563177087, "76": 36.388966591886444, "77": 35.48441926880531, "78": 32.48543071439164 } }, "geometry": { "type": "MultiPolygon", "coordinates": [ [ [ [ 146.125, -37.375 ], [ 146.125, -37.625 ], [ 144.875, -37.625 ], [ 144.875, -37.375 ], [ 146.125, -37.375 ] ] ], [ [ [ 140.875, -36.125 ], [ 141.125, -36.125 ], [ 141.125, -36.375 ], [ 141.625, -36.375 ], [ 141.625, -36.625 ], [ 141.875, -36.625 ], [ 141.875, -36.875 ], [ 142.125, -36.875 ], [ 142.125, -37.125 ], [ 143.375, -37.125 ], [ 143.375, -37.375 ], [ 144.125, -37.375 ], [ 144.125, -37.625 ], [ 142.125, -37.625 ], [ 142.125, -37.875 ], [ 141.625, -37.875 ], [ 141.625, -38.125 ], [ 140.125, -38.125 ], [ 140.125, -37.875 ], [ 139.875, -37.875 ], [ 139.875, -37.625 ], [ 139.625, -37.625 ], [ 139.625, -37.375 ], [ 139.375, -37.375 ], [ 139.375, -36.375 ], [ 139.875, -36.375 ], [ 139.875, -35.875 ], [ 140.875, -35.875 ], [ 140.875, -36.125 ] ] ], [ [ [ 139.125, -35.375 ], [ 138.875, -35.375 ], [ 138.875, -35.625 ], [ 138.375, -35.625 ], [ 138.375, -35.125 ], [ 138.625, -35.125 ], [ 138.625, -34.875 ], [ 138.875, -34.875 ], [ 138.875, -34.625 ], [ 139.125, -34.625 ], [ 139.125, -35.375 ] ] ] ] } },
{ "type": "Feature", "properties": { "cluster_id": 25, "cohesion": 7.4570843510987563, "distances": { "1": 36.34861849804197, "2": 31.994737033743043, "3": 29.053586076445768, "4": 33.638779216743714, "5": 43.8070302474704, "6": 42.44033251034534, "7": 46.92380824797938, "8": 41.59113633397854, "9": 42.3557016535849, "10": 36.94377018967032, "11": 36.2737833865625, "12": 39.82594920314153, "13": 42.531452612602806, "14": 40.75760811531999, "15": 47.44348517398529, "16": 43.743262927835936, "17": 38.95158530041931, "18": 35.41516912085735, "19": 37.50055664207739, "20": 36.74047075249606, "21": 32.41081020765599, "22": 31.75618088649091, "23": 12.986827826642239, "24": 10.421145071315156, "26": 14.138742611842082, "27": 18.320379850327694, "28": 26.5225695860634, "29": 20.461295843546907, "30": 24.28343578965796, "31": 13.093164176174804, "32": 20.0369629343679, "33": 21.227881022587365, "34": 30.60630451074919, "35": 36.19872229186077, "36": 34.192073088732, "37": 33.543723611372954, "38": 34.446376329036006, "39": 35.27320650999484, "40": 30.27482467268187, "41": 24.042950717311378, "42": 30.965633377134136, "43": 31.70113863120732, "44": 26.087660808752965, "45": 28.496471174561897, "46": 26.102411485287867, "47": 32.78605779328378, "48": 30.569628017380605, "49": 29.987184834968073, "50": 25.27211867424901, "51": 30.645874228453927, "52": 33.9311943699701, "53": 31.938150635615678, "54": 28.611735431978595, "55": 29.334717526023102, "56": 29.70336952584114, "57": 30.403818283523535, "58": 33.27661078272071, "59": 28.469561613067444, "60": 25.8139098917722, "61": 24.80825836143459, "62": 18.35664421995313, "63": 23.413231320190278, "64": 25.406987776841945, "65": 33.486045924999026, "66": 31.72310288925939, "67": 27.141328691475977, "68": 27.696827247189486, "69": 32.057817473804405, "70": 35.68048554133927, "71": 35.810660915350915, "72": 39.360990020152485, "73": 26.074554407881834, "74": 31.05934712856242, "75": 30.02334625562975, "76": 36.301917626414124, "77": 33.66347529847946, "78": 30.803504709693403 } }, "geometry": { "type": "Polygon", "coordinates": [ [ [ 138.125, -32.375 ], [ 138.125, -33.125 ], [ 137.875, -33.125 ], [ 137.875, -33.625 ], [ 137.625, -33.625 ], [ 137.625, -33.875 ], [ 137.375, -33.875 ], [ 137.375, -33.625 ], [ 137.125, -33.625 ], [ 137.125, -33.125 ], [ 136.625, -33.125 ], [ 136.625, -33.875 ], [ 136.375, -33.875 ], [ 136.375, -34.125 ], [ 136.125, -34.125 ], [ 136.125, -34.375 ], [ 135.875, -34.375 ], [ 135.875, -34.875 ], [ 136.125, -34.875 ], [ 136.125, -34.625 ], [ 136.375, -34.625 ], [ 136.375, -34.375 ], [ 136.625, -34.375 ], [ 136.625, -34.125 ], [ 137.125, -34.125 ], [ 137.125, -34.375 ], [ 137.375, -34.375 ], [ 137.375, -34.625 ], [ 137.625, -34.625 ], [ 137.625, -34.875 ], [ 137.875, -34.875 ], [ 137.875, -34.625 ], [ 138.125, -34.625 ], [ 138.125, -35.375 ], [ 138.375, -35.375 ], [ 138.375, -35.125 ], [ 138.625, -35.125 ], [ 138.625, -34.875 ], [ 138.875, -34.875 ], [ 138.875, -34.625 ], [ 139.125, -34.625 ], [ 139.125, -35.375 ], [ 138.875, -35.375 ], [ 138.875, -35.625 ], [ 138.625, -35.625 ], [ 138.625, -35.875 ], [ 139.125, -35.875 ], [ 139.125, -36.125 ], [ 139.375, -36.125 ], [ 139.375, -36.375 ], [ 139.875, -36.375 ], [ 139.875, -35.875 ], [ 140.875, -35.875 ], [ 140.875, -36.125 ], [ 141.125, -36.125 ], [ 141.125, -36.375 ], [ 141.625, -36.375 ], [ 141.625, -36.625 ], [ 141.875, -36.625 ], [ 141.875, -36.875 ], [ 142.125, -36.875 ], [ 142.125, -37.125 ], [ 143.375, -37.125 ], [ 143.375, -37.375 ], [ 144.125, -37.375 ], [ 144.125, -36.875 ], [ 143.875, -36.875 ], [ 143.875, -37.125 ], [ 143.625, -37.125 ], [ 143.625, -36.625 ], [ 143.375, -36.625 ], [ 143.375, -36.375 ], [ 142.875, -36.375 ], [ 142.875, -36.125 ], [ 142.625, -36.125 ], [ 142.625, -35.375 ], [ 142.375, -35.375 ], [ 142.375, -35.125 ], [ 141.875, -35.125 ], [ 141.875, -34.625 ], [ 141.625, -34.625 ], [ 141.625, -35.125 ], [ 141.375, -35.125 ], [ 141.375, -34.875 ], [ 141.125, -34.875 ], [ 141.125, -35.125 ], [ 140.125, -35.125 ], [ 140.125, -34.875 ], [ 139.625, -34.875 ], [ 139.625, -33.375 ], [ 139.875, -33.375 ], [ 139.875, -32.875 ], [ 138.375, -32.875 ], [ 138.375, -32.375 ], [ 138.125, -32.375 ] ] ] } },
{ "type": "Feature", "properties": { "cluster_id": 26, "cohesion": 7.2523532668295632, "distances": { "1": 36.8281822778166, "2": 29.722933021358333, "3": 28.418959121190568, "4": 32.915040999218036, "5": 45.214258183512605, "6": 43.8204597121699, "7": 48.629044660437096, "8": 41.782132524907865, "9": 42.780843584306346, "10": 35.78390007991737, "11": 35.097375873625424, "12": 40.80967315196507, "13": 43.14653841967149, "14": 42.28237055693588, "15": 48.99667337676745, "16": 45.046429361083774, "17": 40.569410746384605, "18": 37.449906817021834, "19": 37.7694944193998, "20": 37.47549847086071, "21": 33.10320237966463, "22": 30.312147954692247, "23": 20.50471262326367, "24": 18.124941688123688, "25": 14.138742611842083, "27": 11.558892675833428, "28": 26.45458148784521, "29": 24.504621543825007, "30": 26.090263517807777, "31": 18.855445687619618, "32": 17.058474468128626, "33": 21.80393467466099, "34": 27.534599807211134, "35": 31.234147407186956, "36": 30.508877068207777, "37": 27.970124440762792, "38": 27.259768037350828, "39": 29.99855335919379, "40": 22.873798738425116, "41": 13.627263675397732, "42": 22.40708218318415, "43": 29.087040305449964, "44": 22.098112523213604, "45": 25.46765531342686, "46": 17.72143618082398, "47": 26.955219832840253, "48": 25.01492822933762, "49": 27.13576846920262, "50": 23.180942275385256, "51": 28.934659593527694, "52": 30.249075266851086, "53": 28.560122892773805, "54": 25.58757071929047, "55": 25.94306334471232, "56": 28.387289106410574, "57": 28.703209044304227, "58": 31.836241385200875, "59": 29.51115964131279, "60": 30.9336792101134, "61": 27.63439588249268, "62": 25.817565041874225, "63": 26.6982625570379, "64": 31.08840949049775, "65": 31.813863759666475, "66": 29.468318956407394, "67": 28.00925300586607, "68": 26.339619471028563, "69": 29.97975674810319, "70": 34.54790817757453, "71": 34.65373377289353, "72": 39.259877969909574, "73": 25.568704012804098, "74": 32.814914429790214, "75": 30.492325261835695, "76": 37.12487658796356, "77": 33.3975161746652, "78": 31.11970597676552 } }, "geometry": { "type": "Polygon", "coordinates": [ [ [ 134.625, -31.375 ], [ 134.625, -31.625 ], [ 133.625, -31.625 ], [ 133.625, -31.875 ], [ 132.125, -31.875 ], [ 132.125, -32.375 ], [ 133.625, -32.375 ], [ 133.625, -32.625 ], [ 133.875, -32.625 ], [ 133.875, -33.125 ], [ 134.125, -33.125 ], [ 134.125, -33.375 ], [ 134.375, -33.375 ], [ 134.375, -33.625 ], [ 134.625, -33.625 ], [ 134.625, -33.875 ], [ 134.875, -33.875 ], [ 134.875, -34.375 ], [ 135.125, -34.375 ], [ 135.125, -34.625 ], [ 135.375, -34.625 ], [ 135.375, -34.875 ], [ 135.875, -34.875 ], [ 135.875, -34.375 ], [ 136.125, -34.375 ], [ 136.125, -34.125 ], [ 136.375, -34.125 ], [ 136.375, -33.875 ], [ 136.625, -33.875 ], [ 136.625, -33.125 ], [ 137.125, -33.125 ], [ 137.125, -33.625 ], [ 137.375, -33.625 ], [ 137.375, -33.875 ], [ 137.625, -33.875 ], [ 137.625, -33.625 ], [ 137.875, -33.625 ], [ 137.875, -33.125 ], [ 138.125, -33.125 ], [ 138.125, -32.375 ], [ 137.875, -32.375 ], [ 137.875, -32.625 ], [ 135.875, -32.625 ], [ 135.875, -32.375 ], [ 135.375, -32.375 ], [ 135.375, -32.125 ], [ 135.125, -32.125 ], [ 135.125, -31.625 ], [ 134.875, -31.625 ], [ 134.875, -31.375 ], [ 134.625, -31.375 ] ] ] } },
{ "type": "Feature", "properties": { "cluster_id": 27, "cohesion": 6.5199880090649573, "distances": { "1": 42.66383583868136, "2": 34.43591681364504, "3": 33.67593603011952, "4": 38.49388719891149, "5": 50.28942022525956, "6": 48.166096855175, "7": 52.90606228689299, "8": 46.228798949811726, "9": 45.86644163564906, "10": 38.44452266480148, "11": 39.18567648334799, "12": 42.29955775330826, "13": 44.880759056893694, "14": 45.65662091879266, "15": 52.2000705903701, "16": 47.51066786702252, "17": 42.79066292510924, "18": 40.33064014228977, "19": 42.18865143435667, "20": 41.26572044765745, "21": 35.90071944619634, "22": 32.829031405670875, "23": 22.19669258152571, "24": 24.21063122902195, "25": 18.320379850327697, "26": 11.558892675833428, "28": 24.85585148294706, "29": 25.90202549602234, "30": 26.155920204375473, "31": 18.7418323344544, "32": 10.623892355255618, "33": 18.419370258015437, "34": 31.656772078356216, "35": 30.948077953051886, "36": 32.825633569727266, "37": 29.716890898105845, "38": 25.53395915772726, "39": 27.039638004594057, "40": 24.68799524693512, "41": 14.994120343839628, "42": 18.73491817185192, "43": 25.32335084426656, "44": 16.509134292828897, "45": 21.472252354392086, "46": 12.221266094260269, "47": 21.685998274833693, "48": 19.91018018180356, "49": 25.514432805032648, "50": 23.530229759063776, "51": 26.36818854961808, "52": 27.619104491411584, "53": 23.673372724629132, "54": 28.39762761137044, "55": 29.992251427151388, "56": 32.39864431479744, "57": 31.586436136949605, "58": 34.58892184209271, "59": 33.07889811635926, "60": 34.89146676499482, "61": 30.277627725802184, "62": 31.138720384454846, "63": 30.93439249599288, "64": 35.2138931370366, "65": 31.73567846553023, "66": 27.298268533646244, "67": 30.402101075398143, "68": 27.403101887095342, "69": 31.219058172771362, "70": 35.61965565906284, "71": 33.41779306831005, "72": 39.43397596103815, "73": 27.466089138375022, "74": 34.65693478844615, "75": 30.3034185929536, "76": 37.423889452072224, "77": 31.68635192430733, "78": 29.482023645097037 } }, "geometry": { "type": "Polygon", "coordinates": [ [ [ 134.125, -28.625 ], [ 134.125, -29.375 ], [ 133.875, -29.375 ], [ 133.875, -30.125 ], [ 133.375, -30.125 ], [ 133.375, -30.375 ], [ 133.125, -30.375 ], [ 133.125, -30.625 ], [ 132.875, -30.625 ], [ 132.875, -30.875 ], [ 133.125, -30.875 ], [ 133.125, -31.125 ], [ 133.625, -31.125 ], [ 133.625, -31.625 ], [ 134.625, -31.625 ], [ 134.625, -31.375 ], [ 134.875, -31.375 ], [ 134.875, -31.625 ], [ 135.125, -31.625 ], [ 135.125, -32.125 ], [ 135.375, -32.125 ], [ 135.375, -32.375 ], [ 135.875, -32.375 ], [ 135.875, -32.625 ], [ 137.875, -32.625 ], [ 137.875, -32.375 ], [ 138.375, -32.375 ], [ 138.375, -32.125 ], [ 138.125, -32.125 ], [ 138.125, -31.875 ], [ 137.625, -31.875 ], [ 137.625, -31.625 ], [ 137.375, -31.625 ], [ 137.375, -31.375 ], [ 137.125, -31.375 ], [ 137.125, -31.125 ], [ 136.125, -31.125 ], [ 136.125, -30.625 ], [ 135.875, -30.625 ], [ 135.875, -30.375 ], [ 135.625, -30.375 ], [ 135.625, -29.875 ], [ 135.125, -29.875 ], [ 135.125, -29.625 ], [ 134.875, -29.625 ], [ 134.875, -29.125 ], [ 134.625, -29.125 ], [ 134.625, -28.625 ], [ 134.125, -28.625 ] ] ] } },
{ "type": "Feature", "properties": { "cluster_id": 28, "cohesion": 6.9543852868113341, "distances": { "1": 42.861468109085415, "2": 35.075776381886214, "3": 35.53455609284389, "4": 39.6032687252698, "5": 48.22251775886548, "6": 44.759581221952885, "7": 48.22952708096028, "8": 42.43925988703487, "9": 38.900996508602915, "10": 31.67076235573896, "11": 36.25861020603343, "12": 34.47535223343466, "13": 35.30230777431277, "14": 41.474063683155045, "15": 44.97082689427445, "16": 39.888201776321644, "17": 36.77619388517902, "18": 36.8687586995237, "19": 41.194220029680714, "20": 38.700153254678966, "21": 33.6516782857997, "22": 32.45914942402217, "23": 22.015981449916357, "24": 30.435801288145843, "25": 26.522569586063398, "26": 26.454581487845207, "27": 24.855851482947067, "29": 16.461360388902698, "30": 11.387830565423434, "31": 19.71741965289629, "32": 20.091933544075754, "33": 13.061726264546863, "34": 35.50015077170236, "35": 35.501322449590745, "36": 36.868802352859745, "37": 35.09935763974573, "38": 34.63655934600841, "39": 32.56275187350108, "40": 32.113133294289945, "41": 27.876387766864617, "42": 28.89878903128085, "43": 21.166242467877588, "44": 17.81240607534516, "45": 13.491881635820485, "46": 24.529726336756188, "47": 28.47187136596048, "48": 23.959798834402676, "49": 26.322626837602805, "50": 25.6013532909473, "51": 28.00378650242525, "52": 30.374597946562265, "53": 26.804999719627503, "54": 26.28544323706171, "55": 30.572137390466246, "56": 28.49887118616774, "57": 26.111737441511075, "58": 27.805145178524217, "59": 25.800938051698473, "60": 28.64052221758372, "61": 22.75743905388507, "62": 32.82748451679253, "63": 31.833302169295578, "64": 31.973181547424517, "65": 17.068210340048545, "66": 13.670312189610499, "67": 19.185276653398294, "68": 16.99918838773219, "69": 20.19583059912914, "70": 24.20647940918943, "71": 20.942769730024498, "72": 28.425509930983523, "73": 27.684265108976476, "74": 32.345000820019536, "75": 28.654949074839987, "76": 30.224843044255806, "77": 24.683260840149277, "78": 26.403776809416915 } }, "geometry": { "type": "Polygon", "coordinates": [ [ [ 142.625, -28.125 ], [ 142.625, -28.375 ], [ 142.125, -28.375 ], [ 142.125, -28.625 ], [ 141.625, -28.625 ], [ 141.625, -28.375 ], [ 140.375, -28.375 ], [ 140.375, -29.125 ], [ 140.625, -29.125 ], [ 140.625, -29.375 ], [ 141.125, -29.375 ], [ 141.125, -29.625 ], [ 141.375, -29.625 ], [ 141.375, -29.875 ], [ 141.875, -29.875 ], [ 141.875, -30.375 ], [ 142.375, -30.375 ], [ 142.375, -30.625 ], [ 142.625, -30.625 ], [ 142.625, -30.875 ], [ 143.625, -30.875 ], [ 143.625, -30.625 ], [ 143.875, -30.625 ], [ 143.875, -30.875 ], [ 144.625, -30.875 ], [ 144.625, -31.375 ], [ 145.875, -31.375 ], [ 145.875, -31.125 ], [ 145.625, -31.125 ], [ 145.625, -30.875 ], [ 145.375, -30.875 ], [ 145.375, -30.625 ], [ 145.125, -30.625 ], [ 145.125, -30.125 ], [ 145.625, -30.125 ], [ 145.625, -30.375 ], [ 146.125, -30.375 ], [ 146.125, -29.625 ], [ 145.875, -29.625 ], [ 145.875, -29.125 ], [ 145.125, -29.125 ], [ 145.125, -28.875 ], [ 144.875, -28.875 ], [ 144.875, -28.375 ], [ 144.375, -28.375 ], [ 144.375, -28.625 ], [ 143.625, -28.625 ], [ 143.625, -28.875 ], [ 143.375, -28.875 ], [ 143.375, -28.625 ], [ 143.125, -28.625 ], [ 143.125, -28.125 ], [ 142.625, -28.125 ] ] ] } },
{ "type": "Feature", "properties": { "cluster_id": 29, "cohesion": 6.1391389619574221, "distances": { "1": 39.409214111506174, "2": 33.36282114664818, "3": 32.86242403003597, "4": 36.83901045040927, "5": 44.158373943137924, "6": 41.34321825669672, "7": 45.03717077535062, "8": 40.20494441542098, "9": 38.38618871227546, "10": 32.64302054015736, "11": 34.979333365123345, "12": 35.02400709556771, "13": 37.06897873384625, "14": 38.82280590789497, "15": 43.76897225248992, "16": 39.50583175443899, "17": 35.614969808467634, "18": 33.83790055086623, "19": 37.87561101780074, "20": 35.82293403351409, "21": 30.88239732164115, "22": 30.66617145303999, "23": 14.451790243278701, "24": 22.548554822736808, "25": 20.461295843546903, "26": 24.504621543825007, "27": 25.90202549602234, "28": 16.461360388902698, "30": 11.111816642091393, "31": 15.205296172223743, "32": 23.284493060337077, "33": 17.941822751909804, "34": 33.711159085407246, "35": 36.31532221618634, "36": 35.862884702844816, "37": 35.637216116669244, "38": 36.498250925468106, "39": 34.72755055148503, "40": 33.04318941447465, "41": 28.831007659951425, "42": 32.455828264609025, "43": 27.16243302392052, "44": 24.403686640350216, "45": 23.410128092566378, "46": 28.351575369051602, "47": 32.195827144969115, "48": 28.990571227244462, "49": 26.82857682365399, "50": 24.618130172325767, "51": 28.846557211710344, "52": 31.784714256930947, "53": 29.987082615359178, "54": 25.748686613927713, "55": 29.248027293415113, "56": 24.918048675736717, "57": 24.30908340565519, "58": 27.74146242530834, "59": 20.81325903311128, "60": 19.358375115511787, "61": 16.17159114487456, "62": 23.739260023878295, "63": 26.24470294703394, "64": 23.345770456845543, "65": 24.99624563493917, "66": 24.195125518430583, "67": 14.811105871641896, "68": 18.00724440865838, "69": 24.66656625975558, "70": 28.668261831626932, "71": 28.37680761721258, "72": 32.71246226756907, "73": 25.520050463517425, "74": 29.735663225875253, "75": 27.971427972785804, "76": 31.590410277751758, "77": 28.416308323731187, "78": 27.777299508417276 } }, "geometry": { "type": "Polygon", "coordinates": [ [ [ 146.625, -32.625 ], [ 146.625, -33.125 ], [ 146.375, -33.125 ], [ 146.375, -33.625 ], [ 146.125, -33.625 ], [ 146.125, -35.375 ], [ 146.375, -35.375 ], [ 146.375, -35.625 ], [ 146.625, -35.625 ], [ 146.625, -35.875 ], [ 147.375, -35.875 ], [ 147.375, -35.625 ], [ 147.625, -35.625 ], [ 147.625, -35.375 ], [ 148.125, -35.375 ], [ 148.125, -35.125 ], [ 147.875, -35.125 ], [ 147.875, -34.875 ], [ 148.625, -34.875 ], [ 148.625, -34.625 ], [ 148.875, -34.625 ], [ 148.875, -34.375 ], [ 149.125, -34.375 ], [ 149.125, -33.375 ], [ 148.875, -33.375 ], [ 148.875, -33.125 ], [ 148.625, -33.125 ], [ 148.625, -32.875 ], [ 147.625, -32.875 ], [ 147.625, -32.625 ], [ 146.625, -32.625 ] ] ] } },
{ "type": "Feature", "properties": { "cluster_id": 30, "cohesion": 8.2366383769195561, "distances": { "1": 41.38150461119232, "2": 34.136542578969866, "3": 34.43567001836179, "4": 38.37506859342483, "5": 46.46141426562105, "6": 43.215203986495034, "7": 46.75218232690865, "8": 41.19745937114629, "9": 38.46033904573077, "10": 31.583029424334374, "11": 35.27422813054969, "12": 35.10661423716975, "13": 36.29968369035764, "14": 40.50163186096025, "15": 44.539546507763525, "16": 39.983180055837195, "17": 36.58448981109853, "18": 35.95121946103399, "19": 39.96437534603248, "20": 37.55672886543363, "21": 32.80239341836394, "22": 32.10666681616233, "23": 19.246991714154504, "24": 27.334046417208143, "25": 24.283435789657954, "26": 26.090263517807777, "27": 26.155920204375466, "28": 11.387830565423435, "29": 11.111816642091393, "31": 17.828122556841603, "32": 22.55240054116034, "33": 16.271791972257557, "34": 35.345081495778075, "35": 36.68790572749441, "36": 37.101299987100305, "37": 36.140469130797925, "38": 36.46006354507875, "39": 34.57235812028977, "40": 33.297155125091294, "41": 28.914749315824846, "42": 31.428897280299214, "43": 25.202245785710247, "44": 22.05204980435499, "45": 19.62820559872405, "46": 27.119104318799142, "47": 31.258972720935034, "48": 27.45255360228616, "49": 27.144235625186564, "50": 25.664195404396796, "51": 29.4007923483153, "52": 31.915378422249027, "53": 29.435846569730185, "54": 25.116262025789048, "55": 29.522697845335465, "56": 25.96500439981128, "57": 23.790741482541314, "58": 26.646681292680423, "59": 22.693608152226425, "60": 24.54013052313555, "61": 19.65554270228166, "62": 29.340774213697937, "63": 30.00733365272273, "64": 28.652437515802124, "65": 20.544676630747375, "66": 19.61013419869265, "67": 15.29668653598508, "68": 14.98818395543682, "69": 21.113687112834405, "70": 25.820771004040107, "71": 25.114604878198932, "72": 30.905611326006955, "73": 27.247541413569238, "74": 31.85329065624112, "75": 29.157605007116125, "76": 31.461465398806528, "77": 27.384997221890497, "78": 28.05279265779191 } }, "geometry": { "type": "Polygon", "coordinates": [ [ [ 145.875, -29.125 ], [ 145.875, -29.625 ], [ 146.125, -29.625 ], [ 146.125, -30.375 ], [ 145.625, -30.375 ], [ 145.625, -30.125 ], [ 145.125, -30.125 ], [ 145.125, -30.625 ], [ 145.375, -30.625 ], [ 145.375, -30.875 ], [ 145.625, -30.875 ], [ 145.625, -31.125 ], [ 145.875, -31.125 ], [ 145.875, -31.375 ], [ 144.625, -31.375 ], [ 144.625, -30.875 ], [ 143.875, -30.875 ], [ 143.875, -30.625 ], [ 143.625, -30.625 ], [ 143.625, -31.625 ], [ 144.125, -31.625 ], [ 144.125, -32.375 ], [ 144.625, -32.375 ], [ 144.625, -32.625 ], [ 144.875, -32.625 ], [ 144.875, -32.875 ], [ 145.125, -32.875 ], [ 145.125, -33.125 ], [ 145.375, -33.125 ], [ 145.375, -33.625 ], [ 145.625, -33.625 ], [ 145.625, -33.875 ], [ 146.125, -33.875 ], [ 146.125, -33.625 ], [ 146.375, -33.625 ], [ 146.375, -33.125 ], [ 146.625, -33.125 ], [ 146.625, -32.625 ], [ 147.625, -32.625 ], [ 147.625, -32.875 ], [ 148.375, -32.875 ], [ 148.375, -31.625 ], [ 148.625, -31.625 ], [ 148.625, -31.375 ], [ 148.125, -31.375 ], [ 148.125, -30.875 ], [ 147.875, -30.875 ], [ 147.875, -30.375 ], [ 147.625, -30.375 ], [ 147.625, -29.875 ], [ 147.125, -29.875 ], [ 147.125, -29.625 ], [ 146.875, -29.625 ], [ 146.875, -29.375 ], [ 146.625, -29.375 ], [ 146.625, -29.125 ], [ 145.875, -29.125 ] ] ] } },
{ "type": "Feature", "properties": { "cluster_id": 31, "cohesion": 8.0317427427671362, "distances": { "1": 41.38529953404567, "2": 35.71578028309697, "3": 33.717595891384654, "4": 38.50751992498769, "5": 47.7891723434192, "6": 45.35774690634618, "7": 49.58961958267527, "8": 44.516307758382226, "9": 43.37901210610944, "10": 37.490781705162966, "11": 38.90041238648864, "12": 39.22978232558837, "13": 41.86913838959268, "14": 42.606296217709954, "15": 48.62520302458005, "16": 44.13429337863144, "17": 39.34544519693304, "18": 36.845875202229955, "19": 41.05297725894118, "20": 39.289444962666174, "21": 33.95306176941988, "22": 33.54925781043644, "23": 10.762680639389451, "24": 18.377749928169177, "25": 13.093164176174804, "26": 18.855445687619614, "27": 18.741832334454397, "28": 19.71741965289629, "29": 15.205296172223747, "30": 17.828122556841603, "32": 16.351065552569864, "33": 14.008120383903458, "34": 34.48933589939442, "35": 37.17338671036127, "36": 36.93763368566534, "37": 35.957349928471864, "38": 35.27042309609828, "39": 34.49665331753375, "40": 32.65323916447472, "41": 26.468847544987426, "42": 30.445863619467627, "43": 27.667470317479637, "44": 21.57302331216804, "45": 23.163496679087345, "46": 25.058872343882904, "47": 30.541335663319785, "48": 27.661364175113707, "49": 28.55767468149648, "50": 25.44459114480131, "51": 28.884154549702917, "52": 32.61360595286151, "53": 28.933165282781978, "54": 29.638159081933654, "55": 32.153071512052676, "56": 31.43218795246117, "57": 30.819871973157216, "58": 33.64169244576889, "59": 28.839231885892897, "60": 26.353361203443473, "61": 23.664610093324914, "62": 23.389153429986944, "63": 27.172253360952926, "64": 27.38298905609825, "65": 30.10616371573132, "66": 26.884315671963833, "67": 24.972606032705947, "68": 25.122931532661646, "69": 30.366964141057565, "70": 33.89564253826721, "71": 32.03072430908788, "72": 37.03853764180704, "73": 27.17749960295824, "74": 31.708836940711432, "75": 29.110217735164834, "76": 34.73047859537687, "77": 30.40611476643127, "78": 28.41703745102182 } }, "geometry": { "type": "Polygon", "coordinates": [ [ [ 139.125, -30.375 ], [ 139.125, -30.625 ], [ 138.875, -30.625 ], [ 138.875, -31.375 ], [ 138.625, -31.375 ], [ 138.625, -32.125 ], [ 138.375, -32.125 ], [ 138.375, -32.875 ], [ 139.875, -32.875 ], [ 139.875, -33.375 ], [ 139.625, -33.375 ], [ 139.625, -34.875 ], [ 140.125, -34.875 ], [ 140.125, -35.125 ], [ 141.125, -35.125 ], [ 141.125, -34.875 ], [ 141.375, -34.875 ], [ 141.375, -35.125 ], [ 141.625, -35.125 ], [ 141.625, -34.625 ], [ 141.875, -34.625 ], [ 141.875, -35.125 ], [ 142.375, -35.125 ], [ 142.375, -34.125 ], [ 142.875, -34.125 ], [ 142.875, -34.875 ], [ 143.375, -34.875 ], [ 143.375, -35.125 ], [ 144.375, -35.125 ], [ 144.375, -35.375 ], [ 144.875, -35.375 ], [ 144.875, -35.625 ], [ 145.375, -35.625 ], [ 145.375, -35.875 ], [ 146.125, -35.875 ], [ 146.125, -36.375 ], [ 146.375, -36.375 ], [ 146.375, -36.125 ], [ 146.625, -36.125 ], [ 146.625, -35.625 ], [ 146.375, -35.625 ], [ 146.375, -35.375 ], [ 146.125, -35.375 ], [ 146.125, -33.875 ], [ 145.625, -33.875 ], [ 145.625, -33.625 ], [ 145.375, -33.625 ], [ 145.375, -33.125 ], [ 145.125, -33.125 ], [ 145.125, -32.875 ], [ 144.875, -32.875 ], [ 144.875, -32.625 ], [ 144.625, -32.625 ], [ 144.625, -32.375 ], [ 144.125, -32.375 ], [ 144.125, -32.625 ], [ 143.625, -32.625 ], [ 143.625, -32.375 ], [ 143.375, -32.375 ], [ 143.375, -32.125 ], [ 143.125, -32.125 ], [ 143.125, -31.875 ], [ 142.875, -31.875 ], [ 142.875, -31.625 ], [ 142.125, -31.625 ], [ 142.125, -31.875 ], [ 141.375, -31.875 ], [ 141.375, -32.125 ], [ 140.875, -32.125 ], [ 140.875, -32.375 ], [ 139.375, -32.375 ], [ 139.375, -32.125 ], [ 139.125, -32.125 ], [ 139.125, -31.125 ], [ 139.375, -31.125 ], [ 139.375, -30.375 ], [ 139.125, -30.375 ] ] ] } },
{ "type": "Feature", "properties": { "cluster_id": 32, "cohesion": 6.0382654929360893, "distances": { "1": 44.73080155149567, "2": 36.91072574007541, "3": 35.83864456971457, "4": 40.91054145657234, "5": 51.47329562610667, "6": 48.66788965412718, "7": 53.21572919328583, "8": 47.29481066078728, "9": 45.65394016569628, "10": 38.47639741269489, "11": 40.5653859161262, "12": 40.5099947775547, "13": 43.29261877325556, "14": 45.50166896397647, "15": 51.57744890667835, "16": 46.36810068434256, "17": 41.52278944726959, "18": 39.80758325646258, "19": 43.49235628038802, "20": 41.76086251109755, "21": 35.96782312866695, "22": 33.76106345827648, "23": 20.645840839027823, "24": 26.416389691301013, "25": 20.036962934367896, "26": 17.058474468128622, "27": 10.623892355255618, "28": 20.091933544075754, "29": 23.284493060337077, "30": 22.55240054116034, "31": 16.351065552569867, "33": 12.639666271380115, "34": 34.60477585565076, "35": 33.12404792273676, "36": 35.46066341695199, "37": 32.937633713888005, "38": 28.893481619289705, "39": 28.25731673900513, "40": 28.788633204909925, "41": 20.924122677273502, "42": 21.853245644498603, "43": 21.708648838840244, "44": 11.53048131677392, "45": 16.333925293824528, "46": 14.382308284351252, "47": 21.931524494905016, "48": 18.850000230771997, "49": 25.190315391567548, "50": 23.84678658614757, "51": 25.05015378308801, "52": 27.6914905323598, "53": 21.89260212239313, "54": 29.705159015099063, "55": 32.49148620514659, "56": 33.76250957499426, "57": 32.110862152368966, "58": 34.72499434875999, "59": 32.88032770865994, "60": 33.989661005510975, "61": 28.893306136817383, "62": 32.02341358245501, "63": 31.87343841592519, "64": 34.82043907475591, "65": 29.061657934596063, "66": 23.153780193921495, "67": 29.021676254424847, "68": 26.008713792892106, "69": 30.061676237023935, "70": 33.984175725238956, "71": 29.867978288043115, "72": 36.76315866731728, "73": 27.6076479454826, "74": 33.69320331108669, "75": 28.651715263368427, "76": 34.94515752863249, "77": 28.162708741863447, "78": 26.534248197637133 } }, "geometry": { "type": "Polygon", "coordinates": [ [ [ 134.625, -27.375 ], [ 134.625, -27.875 ], [ 134.375, -27.875 ], [ 134.375, -28.625 ], [ 134.625, -28.625 ], [ 134.625, -29.125 ], [ 134.875, -29.125 ], [ 134.875, -29.625 ], [ 135.125, -29.625 ], [ 135.125, -29.875 ], [ 135.625, -29.875 ], [ 135.625, -30.375 ], [ 135.875, -30.375 ], [ 135.875, -30.625 ], [ 136.125, -30.625 ], [ 136.125, -31.125 ], [ 137.125, -31.125 ], [ 137.125, -31.375 ], [ 137.375, -31.375 ], [ 137.375, -31.625 ], [ 137.625, -31.625 ], [ 137.625, -31.875 ], [ 138.125, -31.875 ], [ 138.125, -32.125 ], [ 138.375, -32.125 ], [ 138.375, -31.375 ], [ 138.125, -31.375 ], [ 138.125, -30.375 ], [ 138.375, -30.375 ], [ 138.375, -29.875 ], [ 137.625, -29.875 ], [ 137.625, -29.625 ], [ 137.375, -29.625 ], [ 137.375, -28.875 ], [ 137.125, -28.875 ], [ 137.125, -28.625 ], [ 136.875, -28.625 ], [ 136.875, -28.375 ], [ 136.625, -28.375 ], [ 136.625, -28.125 ], [ 135.875, -28.125 ], [ 135.875, -27.625 ], [ 135.375, -27.625 ], [ 135.375, -27.375 ], [ 134.625, -27.375 ] ] ] } },
{ "type": "Feature", "properties": { "cluster_id": 33, "cohesion": 7.8134263885890949, "distances": { "1": 44.3690013911767, "2": 37.0364399207442, "3": 36.39599294844801, "4": 41.02984422038151, "5": 50.196456988997674, "6": 47.03123881879503, "7": 51.05151359856999, "8": 45.607748145891684, "9": 42.88973678695502, "10": 36.176600765151385, "11": 39.462781491890155, "12": 37.60607205429797, "13": 39.597259456268716, "14": 43.67617920700495, "15": 48.499066782932545, "16": 43.29228948807754, "17": 39.24798110176332, "18": 38.379767192497006, "19": 42.67125248136824, "20": 40.5359789848436, "21": 34.94270154412569, "22": 33.477465697967794, "23": 17.94250450779457, "24": 26.841413171797956, "25": 21.22788102258737, "26": 21.80393467466099, "27": 18.419370258015437, "28": 13.061726264546861, "29": 17.941822751909804, "30": 16.271791972257557, "31": 14.008120383903456, "32": 12.639666271380115, "34": 35.26212642656508, "35": 35.01435122331363, "36": 36.58178465036023, "37": 34.61663459297523, "38": 32.65076793584202, "39": 31.087752946475653, "40": 31.186941843161186, "41": 25.433268550617022, "42": 26.413953150076185, "43": 21.126752268428547, "44": 14.225504472869702, "45": 14.082016501725768, "46": 20.9088888280556, "47": 25.788857510638262, "48": 21.68159718476013, "49": 26.465584459821873, "50": 25.466773838207605, "51": 26.75374393337845, "52": 29.65365284098037, "53": 24.460558275591055, "54": 29.324853762904393, "55": 32.74148942307722, "56": 32.06051706457048, "57": 30.563854973129338, "58": 32.73986100263966, "59": 29.646176815888847, "60": 30.26825187530719, "61": 25.17007959604285, "62": 30.943092331036915, "63": 31.314018259526065, "64": 32.21925824208541, "65": 24.433290635490895, "66": 18.862182131644982, "67": 24.426035638336867, "68": 23.06878724157273, "69": 26.9324380175271, "70": 30.25792121172949, "71": 25.72635055385134, "72": 32.74855204467067, "73": 28.174871484555975, "74": 32.985356448186984, "75": 28.674841731177313, "76": 32.49396512719889, "77": 25.972387769283035, "78": 26.035213671583264 } }, "geometry": { "type": "Polygon", "coordinates": [ [ [ 137.625, -28.625 ], [ 137.625, -29.125 ], [ 137.875, -29.125 ], [ 137.875, -29.375 ], [ 138.125, -29.375 ], [ 138.125, -29.625 ], [ 138.375, -29.625 ], [ 138.375, -30.375 ], [ 138.125, -30.375 ], [ 138.125, -31.375 ], [ 138.375, -31.375 ], [ 138.375, -32.125 ], [ 138.625, -32.125 ], [ 138.625, -31.375 ], [ 138.875, -31.375 ], [ 138.875, -30.625 ], [ 139.125, -30.625 ], [ 139.125, -30.375 ], [ 139.375, -30.375 ], [ 139.375, -31.125 ], [ 139.125, -31.125 ], [ 139.125, -32.125 ], [ 139.375, -32.125 ], [ 139.375, -32.375 ], [ 140.875, -32.375 ], [ 140.875, -32.125 ], [ 141.375, -32.125 ], [ 141.375, -31.875 ], [ 142.125, -31.875 ], [ 142.125, -31.625 ], [ 142.875, -31.625 ], [ 142.875, -31.875 ], [ 143.125, -31.875 ], [ 143.125, -32.125 ], [ 143.375, -32.125 ], [ 143.375, -32.375 ], [ 143.625, -32.375 ], [ 143.625, -32.625 ], [ 144.125, -32.625 ], [ 144.125, -31.625 ], [ 143.625, -31.625 ], [ 143.625, -30.875 ], [ 142.625, -30.875 ], [ 142.625, -30.625 ], [ 142.375, -30.625 ], [ 142.375, -30.375 ], [ 141.875, -30.375 ], [ 141.875, -29.875 ], [ 141.375, -29.875 ], [ 141.375, -29.625 ], [ 140.375, -29.625 ], [ 140.375, -29.375 ], [ 140.125, -29.375 ], [ 140.125, -29.125 ], [ 139.375, -29.125 ], [ 139.375, -29.375 ], [ 138.625, -29.375 ], [ 138.625, -29.125 ], [ 138.375, -29.125 ], [ 138.375, -28.875 ], [ 137.875, -28.875 ], [ 137.875, -28.625 ], [ 137.625, -28.625 ] ] ] } },
{ "type": "Feature", "properties": { "cluster_id": 34, "cohesion": 8.7314838671739263, "distances": { "1": 27.14337635070867, "2": 23.513519482134058, "3": 23.75376757419858, "4": 24.792509773201555, "5": 32.125889657160556, "6": 31.83370715755674, "7": 35.46657816490672, "8": 29.620284480743152, "9": 31.614929768596618, "10": 28.016742000793453, "11": 26.135879044808526, "12": 33.81891762621199, "13": 33.93924272900063, "14": 33.02272019271419, "15": 36.34900895854949, "16": 34.89836347319172, "17": 33.96456162624213, "18": 32.04727526093667, "19": 26.14719458895143, "20": 27.894996411820994, "21": 27.62312181335396, "22": 23.055824174917586, "23": 31.953846729426584, "24": 28.352581337977394, "25": 30.60630451074919, "26": 27.534599807211134, "27": 31.656772078356216, "28": 35.500150771702344, "29": 33.711159085407246, "30": 35.34508149577808, "31": 34.48933589939442, "32": 34.60477585565076, "33": 35.26212642656508, "35": 20.208921693947794, "36": 12.327887286675303, "37": 13.496327090854527, "38": 24.44854444905957, "39": 27.969547763248322, "40": 17.62438239712667, "41": 23.932673045570805, "42": 28.95111103510993, "43": 33.01590192736573, "44": 34.425575242695245, "45": 34.56672879474673, "46": 30.90777036706495, "47": 32.805498932763726, "48": 31.49998526131417, "49": 30.43522730997615, "50": 27.65768452345483, "51": 31.730592097269415, "52": 29.52808063466381, "53": 33.98682559477409, "54": 26.37003327129807, "55": 23.819964814614234, "56": 24.990066890637838, "57": 28.28007377419743, "58": 27.910397716015524, "59": 26.154041653279034, "60": 28.874648069195164, "61": 27.09266274064555, "62": 28.566034043998854, "63": 23.53712920733998, "64": 27.965983217933704, "65": 31.937846219088645, "66": 33.68965907559181, "67": 30.39924755302188, "68": 31.91413675793041, "69": 29.771193353947183, "70": 30.492288289672604, "71": 33.46137464134305, "72": 33.64434410348477, "73": 25.100905280043197, "74": 31.200398511524245, "75": 31.600353832145654, "76": 33.753553075853894, "77": 33.568053330354594, "78": 33.410466954166914 } }, "geometry": { "type": "MultiPolygon", "coordinates": [ [ [ [ 125.375, -33.125 ], [ 124.875, -33.125 ], [ 124.875, -33.375 ], [ 124.375, -33.375 ], [ 124.375, -33.625 ], [ 124.125, -33.625 ], [ 124.125, -33.875 ], [ 123.875, -33.875 ], [ 123.875, -34.125 ], [ 123.625, -34.125 ], [ 123.625, -34.375 ], [ 122.125, -34.375 ], [ 122.125, -34.125 ], [ 120.875, -34.125 ], [ 120.875, -34.375 ], [ 119.625, -34.375 ], [ 119.625, -34.625 ], [ 119.375, -34.625 ], [ 119.375, -34.875 ], [ 118.625, -34.875 ], [ 118.625, -35.125 ], [ 118.375, -35.125 ], [ 118.375, -35.375 ], [ 116.125, -35.375 ], [ 116.125, -35.125 ], [ 115.875, -35.125 ], [ 115.875, -34.875 ], [ 115.625, -34.875 ], [ 115.625, -34.625 ], [ 115.125, -34.625 ], [ 115.125, -34.375 ], [ 114.875, -34.375 ], [ 114.875, -34.125 ], [ 115.375, -34.125 ], [ 115.375, -34.375 ], [ 115.875, -34.375 ], [ 115.875, -34.125 ], [ 118.125, -34.125 ], [ 118.125, -33.875 ], [ 118.875, -33.875 ], [ 118.875, -33.625 ], [ 119.375, -33.625 ], [ 119.375, -33.375 ], [ 119.875, -33.375 ], [ 119.875, -32.875 ], [ 121.125, -32.875 ], [ 121.125, -33.125 ], [ 121.875, -33.125 ], [ 121.875, -32.875 ], [ 122.375, -32.875 ], [ 122.375, -32.625 ], [ 125.375, -32.625 ], [ 125.375, -33.125 ] ] ], [ [ [ 125.375, -32.375 ], [ 125.625, -32.375 ], [ 125.625, -32.625 ], [ 125.375, -32.625 ], [ 125.375, -32.375 ] ] ] ] } },
{ "type": "Feature", "properties": { "cluster_id": 35, "cohesion": 6.9985339404739557, "distances": { "1": 38.61652943866565, "2": 30.414386810222908, "3": 33.26885170831966, "4": 35.07554711777556, "5": 42.445957341667935, "6": 40.880154884296935, "7": 44.206311131780424, "8": 38.04409237924878, "9": 37.427249638976086, "10": 32.362034717472476, "11": 33.02685358143547, "12": 37.22332285672765, "13": 37.50909181940658, "14": 40.01284562733237, "15": 42.93107454828474, "16": 40.08377084074308, "17": 38.7907683805147, "18": 37.66308904842504, "19": 34.5535769074571, "20": 35.46773962017654, "21": 32.42119324213836, "22": 26.027060104447003, "23": 36.01318835001716, "24": 36.43236812868619, "25": 36.198722291860776, "26": 31.234147407186956, "27": 30.948077953051882, "28": 35.501322449590745, "29": 36.31532221618634, "30": 36.687905727494396, "31": 37.17338671036128, "32": 33.12404792273676, "33": 35.01435122331364, "34": 20.208921693947794, "36": 12.603141495545259, "37": 13.768959526329382, "38": 14.433990370450504, "39": 14.030268652541588, "40": 17.857216589243674, "41": 24.296669522170788, "42": 21.54426188105933, "43": 27.780063609867735, "44": 30.790772904364424, "45": 31.791585333013625, "46": 26.443186352294873, "47": 22.005691577386504, "48": 23.800279298416314, "49": 23.396754331549733, "50": 26.830937018037453, "51": 25.066634664950143, "52": 17.44482934223265, "53": 24.261608126029213, "54": 28.732917496849137, "55": 27.850792103274625, "56": 28.796747772785384, "57": 30.802402648455335, "58": 31.479076161965025, "59": 30.652457057906446, "60": 35.378703164481124, "61": 30.904364888775774, "62": 37.22091572491462, "63": 30.570488074093564, "64": 35.24413034499658, "65": 32.15182007022886, "66": 31.811287981851645, "67": 32.85466143416396, "68": 32.4873020513864, "69": 31.471876834207034, "70": 32.36265157038747, "71": 32.006258946776995, "72": 34.340942719981314, "73": 28.0032101352602, "74": 34.72351092262644, "75": 31.227344167999888, "76": 34.97957048856475, "77": 31.42585201648035, "78": 31.166523318234958 } }, "geometry": { "type": "Polygon", "coordinates": [ [ [ 118.375, -30.125 ], [ 118.375, -30.375 ], [ 118.125, -30.375 ], [ 118.125, -30.625 ], [ 117.875, -30.625 ], [ 117.875, -30.875 ], [ 116.375, -30.875 ], [ 116.375, -30.625 ], [ 115.625, -30.625 ], [ 115.625, -30.375 ], [ 115.375, -30.375 ], [ 115.375, -30.625 ], [ 115.125, -30.625 ], [ 115.125, -30.875 ], [ 114.875, -30.875 ], [ 114.875, -31.125 ], [ 115.125, -31.125 ], [ 115.125, -31.375 ], [ 115.375, -31.375 ], [ 115.375, -33.375 ], [ 115.625, -33.375 ], [ 115.625, -33.125 ], [ 117.875, -33.125 ], [ 117.875, -32.875 ], [ 119.625, -32.875 ], [ 119.625, -32.375 ], [ 119.875, -32.375 ], [ 119.875, -32.125 ], [ 120.375, -32.125 ], [ 120.375, -31.625 ], [ 120.625, -31.625 ], [ 120.625, -31.375 ], [ 120.875, -31.375 ], [ 120.875, -31.125 ], [ 121.625, -31.125 ], [ 121.625, -30.875 ], [ 121.125, -30.875 ], [ 121.125, -30.625 ], [ 120.375, -30.625 ], [ 120.375, -30.375 ], [ 119.625, -30.375 ], [ 119.625, -30.125 ], [ 118.375, -30.125 ] ] ] } },
{ "type": "Feature", "properties": { "cluster_id": 36, "cohesion": 5.4006762703379927, "distances": { "1": 31.47100413733714, "2": 25.97745248201736, "3": 27.760064608668646, "4": 28.716664914064406, "5": 35.579896461025804, "6": 35.038055033720816, "7": 38.28134749404847, "8": 32.34670207426035, "9": 33.386250356058845, "10": 29.657410400087546, "11": 28.570176523430415, "12": 35.15318087840761, "13": 34.95769587650965, "14": 35.76562116773066, "15": 38.22780670741885, "16": 36.56065967170805, "17": 36.031462917483196, "18": 34.6534464078613, "19": 28.79576527672965, "20": 30.738797826180956, "21": 29.759509870744118, "22": 23.72380521774264, "23": 34.680122105912716, "24": 32.655415680641894, "25": 34.192073088732, "26": 30.508877068207777, "27": 32.82563356972727, "28": 36.86880235285975, "29": 35.862884702844816, "30": 37.101299987100305, "31": 36.93763368566533, "32": 35.46066341695198, "33": 36.58178465036023, "34": 12.327887286675303, "35": 12.603141495545259, "37": 12.48554185297066, "38": 20.98808847046023, "39": 22.95857184752264, "40": 18.464330422884434, "41": 25.373551804162393, "42": 27.032845554376316, "43": 31.667687452353363, "44": 34.29671962485932, "45": 34.78606140493023, "46": 30.340052027137347, "47": 29.50814825440834, "48": 29.287064063250053, "49": 28.685213497237424, "50": 28.766296084623193, "51": 29.990789238304696, "52": 25.299946256027052, "53": 30.993061907544668, "54": 27.70042101195915, "55": 25.282093450063748, "56": 26.187947706664236, "57": 29.58423153744455, "58": 29.633270372049225, "59": 27.944181421561566, "60": 31.628648628975665, "61": 28.85858010493525, "62": 32.5547714887374, "63": 25.934803281029968, "64": 30.86323507998073, "65": 32.78186198440547, "66": 33.991766428246706, "67": 31.982075449731354, "68": 33.0528440502558, "69": 31.22165544394202, "70": 31.586519319550725, "71": 33.364565414883465, "72": 33.8808988698473, "73": 27.259208353039988, "74": 33.30817850163891, "75": 32.313508853923594, "76": 34.548466376092435, "77": 33.16100547198128, "78": 33.17208326316486 } }, "geometry": { "type": "Polygon", "coordinates": [ [ [ 117.875, -32.875 ], [ 117.875, -33.125 ], [ 115.625, -33.125 ], [ 115.625, -33.375 ], [ 115.125, -33.375 ], [ 115.125, -33.625 ], [ 114.875, -33.625 ], [ 114.875, -33.875 ], [ 114.625, -33.875 ], [ 114.625, -34.125 ], [ 115.375, -34.125 ], [ 115.375, -34.375 ], [ 115.875, -34.375 ], [ 115.875, -34.125 ], [ 118.125, -34.125 ], [ 118.125, -33.875 ], [ 118.875, -33.875 ], [ 118.875, -33.625 ], [ 119.375, -33.625 ], [ 119.375, -33.375 ], [ 119.875, -33.375 ], [ 119.875, -33.125 ], [ 119.625, -33.125 ], [ 119.625, -32.875 ], [ 117.875, -32.875 ] ] ] } },
{ "type": "Feature", "properties": { "cluster_id": 37, "cohesion": 7.0877801525500894, "distances": { "1": 34.450116761394966, "2": 27.282336630445396, "3": 29.391082756463717, "4": 30.955772579012798, "5": 39.42492060529588, "6": 38.36790848104234, "7": 41.96140596458474, "8": 35.274515182263485, "9": 35.89033235799097, "10": 30.65083893638624, "11": 30.310886295105306, "12": 37.10017534363529, "13": 37.05010728376004, "14": 38.37847691540285, "15": 41.61776641830192, "16": 39.27352219635548, "17": 38.23925775979475, "18": 36.83813323129189, "19": 32.141068761355164, "20": 33.38836600759323, "21": 31.522662843029273, "22": 25.53062498464839, "23": 34.6634652781308, "24": 33.18161169319435, "25": 33.54372361137295, "26": 27.970124440762792, "27": 29.716890898105845, "28": 35.09935763974573, "29": 35.637216116669244, "30": 36.140469130797925, "31": 35.957349928471864, "32": 32.93763371388801, "33": 34.61663459297523, "34": 13.496327090854527, "35": 13.768959526329382, "36": 12.48554185297066, "38": 15.149507775930964, "39": 20.49738342430153, "40": 11.644451039361126, "41": 20.551769145289338, "42": 22.00997367432704, "43": 30.392122552946336, "44": 31.685829959399843, "45": 32.288604963618596, "46": 26.589854336907244, "47": 26.129443566018896, "48": 26.445891575036782, "49": 27.284766042968865, "50": 27.147627812749736, "51": 29.3488904697708, "52": 24.336826675513596, "53": 29.376245030257778, "54": 27.192825260168906, "55": 25.620091467068125, "56": 27.555287891896384, "57": 29.7768822248587, "58": 29.981567587589932, "59": 29.63110924581971, "60": 34.19538982229542, "61": 30.44594378319467, "62": 34.798817417719896, "63": 29.059509432129925, "64": 33.95828563293679, "65": 31.73229666603706, "66": 32.1527607418254, "67": 32.207490157278166, "68": 32.14535388537806, "69": 30.308640926142346, "70": 31.591335201532726, "71": 32.95040522246101, "72": 34.88665466465182, "73": 27.346335056402793, "74": 34.78531337574982, "75": 32.849414652395936, "76": 35.852142562214496, "77": 33.528592757941865, "78": 33.7141506193648 } }, "geometry": { "type": "Polygon", "coordinates": [ [ [ 120.875, -31.125 ], [ 120.875, -31.375 ], [ 120.625, -31.375 ], [ 120.625, -31.625 ], [ 120.375, -31.625 ], [ 120.375, -32.125 ], [ 119.875, -32.125 ], [ 119.875, -32.375 ], [ 119.625, -32.375 ], [ 119.625, -33.125 ], [ 119.875, -33.125 ], [ 119.875, -32.875 ], [ 121.125, -32.875 ], [ 121.125, -33.125 ], [ 121.875, -33.125 ], [ 121.875, -32.875 ], [ 122.375, -32.875 ], [ 122.375, -32.625 ], [ 125.375, -32.625 ], [ 125.375, -32.375 ], [ 125.875, -32.375 ], [ 125.875, -32.125 ], [ 126.375, -32.125 ], [ 126.375, -31.875 ], [ 126.875, -31.875 ], [ 126.875, -31.625 ], [ 125.125, -31.625 ], [ 125.125, -31.875 ], [ 123.625, -31.875 ], [ 123.625, -31.625 ], [ 123.125, -31.625 ], [ 123.125, -31.375 ], [ 121.625, -31.375 ], [ 121.625, -31.125 ], [ 120.875, -31.125 ] ] ] } },
{ "type": "Feature", "properties": { "cluster_id": 38, "cohesion": 6.5547076073281518, "distances": { "1": 43.0253704496918, "2": 33.40488195076963, "3": 35.98206191982907, "4": 38.683981805227795, "5": 48.577409907828645, "6": 46.90347104902805, "7": 50.90094828496168, "8": 43.83617644210196, "9": 43.50666271781074, "10": 36.857037697567876, "11": 37.50615769941535, "12": 42.63834610602871, "13": 43.421395535928795, "14": 45.514512520963955, "15": 49.91032032061664, "16": 46.371082569958574, "17": 44.09290182831641, "18": 42.28364057255709, "19": 40.05527419477387, "20": 40.64923974045209, "21": 36.54396231556264, "22": 30.1877846668315, "23": 35.50412337945063, "24": 36.26745070794967, "25": 34.446376329036006, "26": 27.259768037350828, "27": 25.53395915772726, "28": 34.636559346008404, "29": 36.498250925468106, "30": 36.460063545078754, "31": 35.27042309609828, "32": 28.89348161928971, "33": 32.65076793584202, "34": 24.44854444905957, "35": 14.433990370450504, "36": 20.98808847046023, "37": 15.14950777593096, "39": 12.673802438491228, "40": 13.463243370784621, "41": 18.3939855407122, "42": 13.386822625966014, "43": 27.84654828641477, "44": 27.402764896585946, "45": 29.717539967235233, "46": 20.501735275167565, "47": 16.289320660140095, "48": 20.0796485918995, "49": 23.184354347296484, "50": 26.145883708283787, "51": 25.756120912130072, "52": 18.757978462093728, "53": 22.382966178135227, "54": 29.937729678815227, "55": 29.675455331658576, "56": 32.12043414722166, "57": 33.099029222390776, "58": 34.80572971988904, "59": 34.546022412771265, "60": 39.38535502991729, "61": 34.22738751926941, "62": 39.408593331105365, "63": 34.107891208471166, "64": 39.4033335994948, "65": 33.98983633612378, "66": 31.841787337728118, "67": 34.888532749872745, "68": 32.99182943292825, "69": 33.40804257213682, "70": 35.890215567835256, "71": 34.712459533548504, "72": 39.054417200986364, "73": 29.879812694028043, "74": 38.191978126369015, "75": 33.66861517933602, "76": 39.36170757719129, "77": 34.29773430996873, "78": 33.481769261500105 } }, "geometry": { "type": "Polygon", "coordinates": [ [ [ 123.625, -28.625 ], [ 123.625, -29.125 ], [ 123.875, -29.125 ], [ 123.875, -29.375 ], [ 123.375, -29.375 ], [ 123.375, -29.625 ], [ 122.875, -29.625 ], [ 122.875, -29.875 ], [ 121.625, -29.875 ], [ 121.625, -29.625 ], [ 120.625, -29.625 ], [ 120.625, -29.875 ], [ 120.375, -29.875 ], [ 120.375, -30.625 ], [ 121.125, -30.625 ], [ 121.125, -30.875 ], [ 121.625, -30.875 ], [ 121.625, -31.375 ], [ 123.125, -31.375 ], [ 123.125, -31.125 ], [ 123.375, -31.125 ], [ 123.375, -30.875 ], [ 124.125, -30.875 ], [ 124.125, -31.125 ], [ 124.375, -31.125 ], [ 124.375, -31.375 ], [ 125.625, -31.375 ], [ 125.625, -31.125 ], [ 125.875, -31.125 ], [ 125.875, -30.875 ], [ 127.625, -30.875 ], [ 127.625, -30.375 ], [ 126.875, -30.375 ], [ 126.875, -30.125 ], [ 126.375, -30.125 ], [ 126.375, -29.625 ], [ 126.125, -29.625 ], [ 126.125, -29.375 ], [ 125.875, -29.375 ], [ 125.875, -28.875 ], [ 125.375, -28.875 ], [ 125.375, -28.625 ], [ 123.625, -28.625 ] ] ] } },
{ "type": "Feature", "properties": { "cluster_id": 39, "cohesion": 8.4193387405457081, "distances": { "1": 44.05583528792562, "2": 34.62044102267979, "3": 37.15538609777795, "4": 40.08288838740771, "5": 48.17341292573838, "6": 45.80648122050769, "7": 49.4689633982894, "8": 43.32825392434601, "9": 41.564849627320875, "10": 35.46597721971587, "11": 37.38564789922006, "12": 39.0487764413072, "13": 40.295854489543515, "14": 43.44787496153789, "15": 47.47486642589363, "16": 43.428878812501935, "17": 40.811618297308705, "18": 39.5124436456087, "19": 39.58793844664453, "20": 39.40361739054508, "21": 34.44120440172903, "22": 28.844229706048885, "23": 34.557906193391226, "24": 37.33704560316928, "25": 35.27320650999486, "26": 29.99855335919379, "27": 27.039638004594064, "28": 32.56275187350108, "29": 34.72755055148503, "30": 34.57235812028977, "31": 34.496653317533756, "32": 28.25731673900513, "33": 31.087752946475657, "34": 27.969547763248322, "35": 14.03026865254159, "36": 22.95857184752264, "37": 20.497383424301525, "38": 12.67380243849123, "40": 20.53473822257658, "41": 23.415067519809458, "42": 16.693865929140266, "43": 23.32237840904692, "44": 25.52670098592246, "45": 27.436707916789338, "46": 21.693391534829313, "47": 13.389031361179482, "48": 17.684449515198864, "49": 18.318057338287986, "50": 23.979561483037834, "51": 19.40355934210588, "52": 11.356318381271944, "53": 16.030605848048996, "54": 30.052786567966887, "55": 30.855228621827226, "56": 31.908654918614346, "57": 32.30803651442353, "58": 33.596855795064535, "59": 33.10062128253775, "60": 37.47773991238125, "61": 31.968210966757244, "62": 39.138017419806104, "63": 33.52596648315291, "64": 37.6724716075089, "65": 31.550979466442097, "66": 29.10223285609714, "67": 33.18252227623869, "68": 31.497559364712952, "69": 31.814691717784456, "70": 33.4736705289716, "71": 30.82768989787295, "72": 35.19252617890006, "73": 27.80690081174497, "74": 34.77587351217774, "75": 29.05636913522534, "76": 34.949330039626886, "77": 29.196581508963188, "78": 28.031964916222773 } }, "geometry": { "type": "MultiPolygon", "coordinates": [ [ [ [ 114.375, -29.125 ], [ 114.375, -28.875 ], [ 114.625, -28.875 ], [ 114.625, -29.125 ], [ 114.375, -29.125 ] ] ], [ [ [ 114.875, -29.125 ], [ 114.875, -29.625 ], [ 115.125, -29.625 ], [ 115.125, -30.125 ], [ 115.625, -30.125 ], [ 115.625, -29.875 ], [ 115.875, -29.875 ], [ 115.875, -29.375 ], [ 116.125, -29.375 ], [ 116.125, -29.625 ], [ 116.375, -29.625 ], [ 116.375, -29.375 ], [ 116.625, -29.375 ], [ 116.625, -28.375 ], [ 117.125, -28.375 ], [ 117.125, -28.625 ], [ 117.375, -28.625 ], [ 117.375, -28.875 ], [ 118.125, -28.875 ], [ 118.125, -28.625 ], [ 118.375, -28.625 ], [ 118.375, -28.375 ], [ 118.625, -28.375 ], [ 118.625, -28.125 ], [ 118.875, -28.125 ], [ 118.875, -27.875 ], [ 119.125, -27.875 ], [ 119.125, -27.625 ], [ 119.375, -27.625 ], [ 119.375, -27.125 ], [ 119.625, -27.125 ], [ 119.625, -26.875 ], [ 120.625, -26.875 ], [ 120.625, -26.375 ], [ 121.125, -26.375 ], [ 121.125, -26.125 ], [ 121.625, -26.125 ], [ 121.625, -26.625 ], [ 121.875, -26.625 ], [ 121.875, -26.875 ], [ 122.375, -26.875 ], [ 122.375, -27.125 ], [ 122.125, -27.125 ], [ 122.125, -27.375 ], [ 122.375, -27.375 ], [ 122.375, -27.625 ], [ 122.625, -27.625 ], [ 122.625, -27.875 ], [ 123.625, -27.875 ], [ 123.625, -28.125 ], [ 125.875, -28.125 ], [ 125.875, -28.375 ], [ 126.125, -28.375 ], [ 126.125, -28.625 ], [ 125.875, -28.625 ], [ 125.875, -28.875 ], [ 125.375, -28.875 ], [ 125.375, -28.625 ], [ 123.625, -28.625 ], [ 123.625, -29.125 ], [ 123.875, -29.125 ], [ 123.875, -29.375 ], [ 123.375, -29.375 ], [ 123.375, -29.625 ], [ 122.875, -29.625 ], [ 122.875, -29.875 ], [ 121.625, -29.875 ], [ 121.625, -29.625 ], [ 120.625, -29.625 ], [ 120.625, -29.875 ], [ 120.375, -29.875 ], [ 120.375, -30.375 ], [ 119.625, -30.375 ], [ 119.625, -30.125 ], [ 118.375, -30.125 ], [ 118.375, -30.375 ], [ 118.125, -30.375 ], [ 118.125, -30.625 ], [ 117.875, -30.625 ], [ 117.875, -30.875 ], [ 116.375, -30.875 ], [ 116.375, -30.625 ], [ 115.625, -30.625 ], [ 115.625, -30.375 ], [ 115.375, -30.375 ], [ 115.375, -30.625 ], [ 115.125, -30.625 ], [ 115.125, -30.875 ], [ 114.875, -30.875 ], [ 114.875, -30.625 ], [ 114.625, -30.625 ], [ 114.625, -29.125 ], [ 114.875, -29.125 ] ] ] ] } },
{ "type": "Feature", "properties": { "cluster_id": 40, "cohesion": 7.9503255044167727, "distances": { "1": 36.096894534564186, "2": 27.562005266555303, "3": 29.537841363032058, "4": 32.01397360139199, "5": 42.63911875422553, "6": 41.4348817855937, "7": 45.45413228888343, "8": 37.99296747061684, "9": 38.6746383788126, "10": 32.11107170896658, "11": 31.872550176579427, "12": 39.204787723919814, "13": 39.54568494646448, "14": 40.96648398816414, "15": 45.146338491707404, "16": 42.16315412848165, "17": 40.26069495842069, "18": 38.36872754860175, "19": 34.8996461565454, "20": 35.77834988479406, "21": 32.85365935739155, "22": 27.046099639726314, "23": 32.175190491290216, "24": 30.973310939601255, "25": 30.27482467268187, "26": 22.87379873842512, "27": 24.68799524693512, "28": 32.113133294289945, "29": 33.04318941447464, "30": 33.297155125091294, "31": 32.65323916447472, "32": 28.788633204909925, "33": 31.186941843161193, "34": 17.62438239712667, "35": 17.857216589243674, "36": 18.464330422884434, "37": 11.644451039361126, "38": 13.463243370784621, "39": 20.53473822257658, "41": 13.871648570061089, "42": 17.09955110239792, "43": 28.978203934120256, "44": 27.996213744975257, "45": 29.14469428987025, "46": 21.6151064358313, "47": 23.31285615948453, "48": 23.52824517810954, "49": 25.362494119669712, "50": 24.790189924434728, "51": 28.69156593141409, "52": 24.27545432107537, "53": 27.758971103549005, "54": 25.721667505672787, "55": 24.54538318663036, "56": 26.9834411266487, "57": 28.788175151461484, "58": 30.108845182160668, "59": 29.562237619419268, "60": 34.49122272026112, "61": 30.083423858717534, "62": 34.19183301599686, "63": 29.3543249579886, "64": 34.67056801238163, "65": 30.643356911602506, "66": 30.12403770362511, "67": 30.543002705552198, "68": 29.617923159684647, "69": 29.16554482731788, "70": 31.983224891202124, "71": 32.88222455152655, "72": 36.34700821105093, "73": 26.686528303862445, "74": 35.21781008628208, "75": 32.73043168832587, "76": 37.05242922615211, "77": 33.66533857399762, "78": 33.473139980967616 } }, "geometry": { "type": "Polygon", "coordinates": [ [ [ 123.375, -30.875 ], [ 123.375, -31.125 ], [ 123.125, -31.125 ], [ 123.125, -31.625 ], [ 123.625, -31.625 ], [ 123.625, -31.875 ], [ 125.125, -31.875 ], [ 125.125, -31.625 ], [ 126.875, -31.625 ], [ 126.875, -31.875 ], [ 126.375, -31.875 ], [ 126.375, -32.125 ], [ 125.875, -32.125 ], [ 125.875, -32.375 ], [ 125.625, -32.375 ], [ 125.625, -32.625 ], [ 125.375, -32.625 ], [ 125.375, -32.875 ], [ 125.875, -32.875 ], [ 125.875, -32.625 ], [ 127.375, -32.625 ], [ 127.375, -32.375 ], [ 128.375, -32.375 ], [ 128.375, -32.125 ], [ 128.875, -32.125 ], [ 128.875, -31.625 ], [ 129.375, -31.625 ], [ 129.375, -31.375 ], [ 128.875, -31.375 ], [ 128.875, -31.125 ], [ 127.375, -31.125 ], [ 127.375, -30.875 ], [ 125.875, -30.875 ], [ 125.875, -31.125 ], [ 125.625, -31.125 ], [ 125.625, -31.375 ], [ 124.375, -31.375 ], [ 124.375, -31.125 ], [ 124.125, -31.125 ], [ 124.125, -30.875 ], [ 123.375, -30.875 ] ] ] } },
{ "type": "Feature", "properties": { "cluster_id": 41, "cohesion": 5.2656154376710269, "distances": { "1": 37.781653284246175, "2": 28.49710615922662, "3": 29.577087953744297, "4": 33.219944662344766, "5": 45.54856181255764, "6": 44.01156999023827, "7": 48.60585087347768, "8": 40.892229326156276, "9": 41.50207233182501, "10": 33.840585590701416, "11": 33.73300157077509, "12": 40.4726375385376, "13": 41.87132028887456, "14": 42.71943539311552, "15": 48.390712737378614, "16": 44.528422005529904, "17": 41.21553346330512, "18": 38.94296047082119, "19": 37.366820273620625, "20": 37.55171843460021, "21": 33.5181033289811, "22": 28.53843063169187, "23": 27.503528155976102, "24": 26.844624599326636, "25": 24.04295071731138, "26": 13.627263675397732, "27": 14.994120343839628, "28": 27.876387766864617, "29": 28.831007659951428, "30": 28.914749315824846, "31": 26.468847544987426, "32": 20.9241226772735, "33": 25.433268550617022, "34": 23.932673045570805, "35": 24.296669522170788, "36": 25.373551804162393, "37": 20.551769145289338, "38": 18.3939855407122, "39": 23.415067519809458, "40": 13.871648570061089, "42": 13.769193374667982, "43": 26.861659665280612, "44": 21.97993225363465, "45": 24.764741940475872, "46": 13.66600688333411, "47": 21.362995203478842, "48": 20.211102838750985, "49": 24.47014670519078, "50": 22.7367749976875, "51": 27.590925842350885, "52": 25.667066060995445, "53": 25.755225524171905, "54": 24.210576107389628, "55": 24.147077600955832, "56": 27.215500202484474, "57": 27.730615158201953, "58": 30.327112275779836, "59": 29.86208476907819, "60": 34.31402009045548, "61": 29.46387295733575, "62": 32.30913049945157, "63": 29.425175137199293, "64": 34.790944434715, "65": 29.91802033455975, "66": 27.899294903708736, "67": 28.88846470317795, "68": 26.40869400602091, "69": 28.142265763279998, "70": 32.59982216091642, "71": 32.752187081722596, "72": 37.645709647827786, "73": 26.01007287425264, "74": 34.66907933295638, "75": 31.454071401329063, "76": 37.177828602069695, "77": 32.76486426175441, "78": 31.784286760309932 } }, "geometry": { "type": "Polygon", "coordinates": [ [ [ 128.875, -30.875 ], [ 128.875, -31.375 ], [ 129.375, -31.375 ], [ 129.375, -31.625 ], [ 128.875, -31.625 ], [ 128.875, -32.125 ], [ 129.375, -32.125 ], [ 129.375, -31.875 ], [ 131.625, -31.875 ], [ 131.625, -32.125 ], [ 132.125, -32.125 ], [ 132.125, -31.875 ], [ 133.625, -31.875 ], [ 133.625, -31.125 ], [ 133.125, -31.125 ], [ 133.125, -30.875 ], [ 128.875, -30.875 ] ] ] } },
{ "type": "Feature", "properties": { "cluster_id": 42, "cohesion": 7.439724718392239, "distances": { "1": 44.461116411528806, "2": 34.10343654043726, "3": 36.343428233977676, "4": 39.81052701691388, "5": 50.78501958048963, "6": 48.629960983650655, "7": 52.82864112473005, "8": 45.399799903758414, "9": 44.40411723628107, "10": 36.72365112301646, "11": 38.236515839821756, "12": 42.19179828641065, "13": 43.324252780787035, "14": 46.52408741837602, "15": 51.257778131445114, "16": 46.886071919601484, "17": 44.00040642201528, "18": 42.67072643413472, "19": 41.94797476294734, "20": 41.82080953619385, "21": 37.05128996711743, "22": 31.232077694990853, "23": 32.00350836073283, "24": 34.50822712911006, "25": 30.965633377134136, "26": 22.407082183184148, "27": 18.73491817185192, "28": 28.898789031280845, "29": 32.455828264609025, "30": 31.42889728029922, "31": 30.445863619467627, "32": 21.8532456444986, "33": 26.413953150076185, "34": 28.951111035109932, "35": 21.54426188105933, "36": 27.032845554376316, "37": 22.00997367432704, "38": 13.386822625966014, "39": 16.693865929140266, "40": 17.09955110239792, "41": 13.769193374667982, "43": 23.19017733126959, "44": 20.165155691968756, "45": 23.295329448951456, "46": 12.077487482320297, "47": 12.313384845674008, "48": 13.320597056901004, "49": 22.5904714600329, "50": 24.966369209307015, "51": 24.954875923593324, "52": 20.742656905714394, "53": 19.35291751195257, "54": 28.331864577278573, "55": 29.276778591402532, "56": 31.565127325465056, "57": 31.473583376406978, "58": 33.71233087567423, "59": 33.77458956807212, "60": 38.912644708894554, "61": 32.90308632427216, "62": 38.86009684084005, "63": 34.43656756101567, "64": 39.544099981686585, "65": 30.478227628586136, "66": 26.945921733666673, "67": 32.20342591005571, "68": 29.0774921244996, "69": 30.343449707412258, "70": 33.9796721350247, "71": 31.67792546766171, "72": 37.61898351228103, "73": 29.591841594316232, "74": 37.77007409730283, "75": 32.49134951016152, "76": 37.99212512306738, "77": 31.437840428820504, "78": 31.02107275834396 } }, "geometry": { "type": "Polygon", "coordinates": [ [ [ 130.375, -26.625 ], [ 130.375, -26.875 ], [ 129.875, -26.875 ], [ 129.875, -27.625 ], [ 130.125, -27.625 ], [ 130.125, -27.875 ], [ 129.625, -27.875 ], [ 129.625, -28.125 ], [ 127.125, -28.125 ], [ 127.125, -28.625 ], [ 125.875, -28.625 ], [ 125.875, -29.375 ], [ 126.125, -29.375 ], [ 126.125, -29.625 ], [ 126.375, -29.625 ], [ 126.375, -30.125 ], [ 126.875, -30.125 ], [ 126.875, -30.375 ], [ 127.625, -30.375 ], [ 127.625, -30.875 ], [ 127.375, -30.875 ], [ 127.375, -31.125 ], [ 128.875, -31.125 ], [ 128.875, -30.875 ], [ 132.375, -30.875 ], [ 132.375, -30.625 ], [ 132.125, -30.625 ], [ 132.125, -30.375 ], [ 131.875, -30.375 ], [ 131.875, -30.125 ], [ 131.625, -30.125 ], [ 131.625, -29.875 ], [ 131.375, -29.875 ], [ 131.375, -29.125 ], [ 132.125, -29.125 ], [ 132.125, -28.625 ], [ 131.875, -28.625 ], [ 131.875, -28.125 ], [ 131.375, -28.125 ], [ 131.375, -27.625 ], [ 131.625, -27.625 ], [ 131.625, -26.875 ], [ 130.875, -26.875 ], [ 130.875, -26.625 ], [ 130.375, -26.625 ] ] ] } },
{ "type": "Feature", "properties": { "cluster_id": 43, "cohesion": 9.6441423445208869, "distances": { "1": 42.236100904424816, "2": 34.297986495696776, "3": 35.4760826612743, "4": 39.0616291712464, "5": 45.44712768950652, "6": 41.71235459536292, "7": 44.862671992345895, "8": 40.03322847682904, "9": 35.65696494695913, "10": 30.02470355824619, "11": 34.60763076915135, "12": 28.779651501560622, "13": 30.92946227766651, "14": 37.44507982308315, "15": 40.7000866780204, "16": 34.99364448517252, "17": 31.744163096192082, "18": 32.94355024910774, "19": 37.71732117622162, "20": 35.30436356911168, "21": 29.812973378605633, "22": 27.51865650006738, "23": 28.38431085377903, "24": 35.033452962962194, "25": 31.70113863120732, "26": 29.087040305449964, "27": 25.323350844266557, "28": 21.166242467877588, "29": 27.16243302392052, "30": 25.202245785710247, "31": 27.66747031747964, "32": 21.708648838840244, "33": 21.126752268428547, "34": 33.01590192736574, "35": 27.780063609867735, "36": 31.667687452353363, "37": 30.392122552946336, "38": 27.84654828641477, "39": 23.32237840904692, "40": 28.978203934120256, "41": 26.861659665280612, "42": 23.19017733126959, "44": 16.313661670254938, "45": 15.509274862222403, "46": 21.027437661424415, "47": 19.057653181447723, "48": 14.11279575919357, "49": 21.024658803135097, "50": 23.234268323702054, "51": 18.294937913305695, "52": 21.023100781308457, "53": 15.30655015528719, "54": 27.97035896915805, "55": 31.0222140875356, "56": 30.50000910443529, "57": 28.772051390167135, "58": 28.469257475323012, "59": 28.821450263226524, "60": 32.09500465695937, "61": 25.84785437017096, "62": 35.897454468310066, "63": 31.46547533715789, "64": 33.13675948716938, "65": 20.536565947261288, "66": 16.28910272766131, "67": 26.95670592488368, "68": 25.066942880123452, "69": 23.502152732687506, "70": 24.11439687573789, "71": 16.871689198554492, "72": 22.92366893635863, "73": 24.788462869211283, "74": 27.887964858295433, "75": 21.92609893159565, "76": 22.980124609031833, "77": 14.295277141369127, "78": 16.612460897802173 } }, "geometry": { "type": "Polygon", "coordinates": [ [ [ 133.875, -23.625 ], [ 133.875, -23.875 ], [ 131.875, -23.875 ], [ 131.875, -24.125 ], [ 131.375, -24.125 ], [ 131.375, -23.875 ], [ 130.375, -23.875 ], [ 130.375, -24.125 ], [ 130.125, -24.125 ], [ 130.125, -24.625 ], [ 128.875, -24.625 ], [ 128.875, -24.375 ], [ 126.875, -24.375 ], [ 126.875, -24.625 ], [ 124.625, -24.625 ], [ 124.625, -25.125 ], [ 125.625, -25.125 ], [ 125.625, -25.375 ], [ 125.875, -25.375 ], [ 125.875, -25.625 ], [ 129.875, -25.625 ], [ 129.875, -25.875 ], [ 130.125, -25.875 ], [ 130.125, -25.625 ], [ 130.625, -25.625 ], [ 130.625, -25.875 ], [ 131.375, -25.875 ], [ 131.375, -25.625 ], [ 131.875, -25.625 ], [ 131.875, -25.375 ], [ 132.875, -25.375 ], [ 132.875, -24.875 ], [ 133.375, -24.875 ], [ 133.375, -24.625 ], [ 134.375, -24.625 ], [ 134.375, -24.375 ], [ 134.125, -24.375 ], [ 134.125, -24.125 ], [ 134.375, -24.125 ], [ 134.375, -23.875 ], [ 134.625, -23.875 ], [ 134.625, -23.625 ], [ 133.875, -23.625 ] ] ] } },
{ "type": "Feature", "properties": { "cluster_id": 44, "cohesion": 8.124790364100674, "distances": { "1": 44.652099368597874, "2": 36.02422703503888, "3": 35.963811361428554, "4": 40.74256376693156, "5": 50.697130556356136, "6": 47.47585847392748, "7": 51.67179378352748, "8": 45.60807357528834, "9": 42.98585133070707, "10": 35.543336729013525, "11": 38.79230065832292, "12": 37.39498946987695, "13": 39.674225120705216, "14": 44.0460698617515, "15": 49.062128863852635, "16": 43.53007166919357, "17": 39.39885098662317, "18": 38.7584769195797, "19": 42.518852817487534, "20": 40.56172614203725, "21": 34.811818962914195, "22": 32.1101135691424, "23": 24.711788815208905, "24": 31.33130785015582, "25": 26.08766080875296, "26": 22.098112523213604, "27": 16.509134292828897, "28": 17.81240607534516, "29": 24.403686640350216, "30": 22.05204980435499, "31": 21.57302331216804, "32": 11.53048131677392, "33": 14.225504472869705, "34": 34.425575242695245, "35": 30.790772904364424, "36": 34.29671962485932, "37": 31.68582995939985, "38": 27.402764896585946, "39": 25.526700985922457, "40": 27.996213744975257, "41": 21.979932253634647, "42": 20.165155691968756, "43": 16.313661670254934, "45": 10.96564744850476, "46": 13.77386480627768, "47": 19.157870563259568, "48": 14.742271051146131, "49": 22.454950962429333, "50": 22.79437095556854, "51": 22.75170084039717, "52": 24.586321354484678, "53": 18.806252765169585, "54": 28.083894753831828, "55": 31.42793242582795, "56": 32.3264668553655, "57": 30.028157357071976, "58": 32.012219340060284, "59": 31.491557137636224, "60": 34.39213225553388, "61": 28.139698553993735, "62": 35.18556409228621, "63": 32.79472564232416, "64": 35.70546671604888, "65": 24.218880114407767, "66": 17.53665660915475, "67": 27.41416158636845, "68": 23.69104616391924, "69": 26.26401505014846, "70": 29.84450505723124, "71": 24.324902353901056, "72": 32.135517697840164, "73": 26.689938453768235, "74": 32.78146525049916, "75": 27.0703140786406, "76": 31.791731262242067, "77": 24.042283746483985, "78": 24.078542912669302 } }, "geometry": { "type": "MultiPolygon", "coordinates": [ [ [ [ 137.625, -28.875 ], [ 137.625, -29.125 ], [ 137.875, -29.125 ], [ 137.875, -29.375 ], [ 138.125, -29.375 ], [ 138.125, -29.625 ], [ 138.375, -29.625 ], [ 138.375, -29.875 ], [ 137.625, -29.875 ], [ 137.625, -29.625 ], [ 137.375, -29.625 ], [ 137.375, -28.875 ], [ 137.625, -28.875 ] ] ], [ [ [ 138.125, -28.875 ], [ 137.875, -28.875 ], [ 137.875, -28.625 ], [ 138.125, -28.625 ], [ 138.125, -28.875 ] ] ], [ [ [ 137.375, -28.375 ], [ 137.125, -28.375 ], [ 137.125, -28.625 ], [ 136.875, -28.625 ], [ 136.875, -28.375 ], [ 136.625, -28.375 ], [ 136.625, -28.125 ], [ 135.875, -28.125 ], [ 135.875, -27.625 ], [ 135.375, -27.625 ], [ 135.375, -27.375 ], [ 134.125, -27.375 ], [ 134.125, -27.125 ], [ 133.875, -27.125 ], [ 133.875, -26.875 ], [ 134.375, -26.875 ], [ 134.375, -26.375 ], [ 134.125, -26.375 ], [ 134.125, -26.125 ], [ 133.875, -26.125 ], [ 133.875, -26.375 ], [ 133.125, -26.375 ], [ 133.125, -26.625 ], [ 132.625, -26.625 ], [ 132.625, -26.375 ], [ 131.375, -26.375 ], [ 131.375, -26.125 ], [ 130.375, -26.125 ], [ 130.375, -25.875 ], [ 131.375, -25.875 ], [ 131.375, -25.625 ], [ 131.875, -25.625 ], [ 131.875, -25.375 ], [ 132.625, -25.375 ], [ 132.625, -25.625 ], [ 133.125, -25.625 ], [ 133.125, -25.875 ], [ 134.625, -25.875 ], [ 134.625, -26.125 ], [ 135.125, -26.125 ], [ 135.125, -26.375 ], [ 135.375, -26.375 ], [ 135.375, -26.625 ], [ 135.625, -26.625 ], [ 135.625, -26.875 ], [ 135.875, -26.875 ], [ 135.875, -27.125 ], [ 136.625, -27.125 ], [ 136.625, -27.375 ], [ 136.875, -27.375 ], [ 136.875, -27.625 ], [ 137.125, -27.625 ], [ 137.125, -27.875 ], [ 137.625, -27.875 ], [ 137.625, -28.125 ], [ 137.875, -28.125 ], [ 137.875, -28.625 ], [ 137.375, -28.625 ], [ 137.375, -28.375 ] ] ] ] } },
{ "type": "Feature", "properties": { "cluster_id": 45, "cohesion": 7.3961793821137105, "distances": { "1": 43.94004461316689, "2": 35.5310511502642, "3": 35.855656901105846, "4": 40.29594485515993, "5": 49.53436390338684, "6": 46.081727388920285, "7": 49.831157712635815, "8": 43.827217650398666, "9": 40.331210815106985, "10": 32.93610222526351, "11": 37.29511872950268, "12": 34.79012478263638, "13": 36.08877901424888, "14": 42.592829325132904, "15": 46.33765947860941, "16": 40.77908276866455, "17": 37.533622750419276, "18": 37.79921232936641, "19": 41.65679053801765, "20": 39.48158639014734, "21": 34.1143466837886, "22": 31.71523601882539, "23": 25.668646068370318, "24": 33.02618217847294, "25": 28.496471174561897, "26": 25.46765531342686, "27": 21.472252354392086, "28": 13.491881635820485, "29": 23.410128092566374, "30": 19.62820559872405, "31": 23.16349667908735, "32": 16.333925293824528, "33": 14.08201650172577, "34": 34.56672879474673, "35": 31.791585333013625, "36": 34.78606140493023, "37": 32.288604963618596, "38": 29.717539967235233, "39": 27.436707916789338, "40": 29.14469428987025, "41": 24.764741940475872, "42": 23.295329448951463, "43": 15.509274862222407, "44": 10.965647448504757, "46": 18.4914369969675, "47": 22.252852894800707, "48": 17.35150981254626, "49": 23.37348020320177, "50": 23.93983403279286, "51": 24.21088178790094, "52": 26.014149545790776, "53": 21.124889656997468, "54": 27.332291389059257, "55": 31.114407385754507, "56": 31.094225576255216, "57": 28.557123137912026, "58": 29.78140980854528, "59": 29.596064816498515, "60": 33.19017747899553, "61": 26.599764085705772, "62": 35.89165131447791, "63": 32.93369202896878, "64": 35.15434224432813, "65": 18.81529221645167, "66": 11.576244916193806, "67": 24.85236699059894, "68": 21.461957582723777, "69": 22.564434270829267, "70": 25.69788571831418, "71": 19.336020236768913, "72": 27.9742537937057, "73": 27.08372822136975, "74": 32.45114948507917, "75": 27.24312828290986, "76": 29.66289421734072, "77": 22.15528930204169, "78": 23.955662804887904 } }, "geometry": { "type": "Polygon", "coordinates": [ [ [ 133.375, -24.625 ], [ 133.375, -24.875 ], [ 132.875, -24.875 ], [ 132.875, -25.375 ], [ 132.625, -25.375 ], [ 132.625, -25.625 ], [ 133.125, -25.625 ], [ 133.125, -25.875 ], [ 134.625, -25.875 ], [ 134.625, -26.125 ], [ 135.125, -26.125 ], [ 135.125, -26.375 ], [ 135.375, -26.375 ], [ 135.375, -26.625 ], [ 135.625, -26.625 ], [ 135.625, -26.875 ], [ 135.875, -26.875 ], [ 135.875, -27.125 ], [ 136.625, -27.125 ], [ 136.625, -27.375 ], [ 136.875, -27.375 ], [ 136.875, -27.625 ], [ 137.125, -27.625 ], [ 137.125, -27.875 ], [ 137.625, -27.875 ], [ 137.625, -28.125 ], [ 137.875, -28.125 ], [ 137.875, -28.625 ], [ 138.125, -28.625 ], [ 138.125, -28.875 ], [ 138.375, -28.875 ], [ 138.375, -29.125 ], [ 138.625, -29.125 ], [ 138.625, -29.375 ], [ 139.375, -29.375 ], [ 139.375, -29.125 ], [ 140.125, -29.125 ], [ 140.125, -29.375 ], [ 140.375, -29.375 ], [ 140.375, -29.625 ], [ 141.125, -29.625 ], [ 141.125, -29.375 ], [ 140.625, -29.375 ], [ 140.625, -29.125 ], [ 140.375, -29.125 ], [ 140.375, -27.625 ], [ 140.125, -27.625 ], [ 140.125, -27.375 ], [ 139.875, -27.375 ], [ 139.875, -27.125 ], [ 139.375, -27.125 ], [ 139.375, -27.375 ], [ 138.625, -27.375 ], [ 138.625, -27.125 ], [ 138.375, -27.125 ], [ 138.375, -27.375 ], [ 137.875, -27.375 ], [ 137.875, -27.125 ], [ 137.625, -27.125 ], [ 137.625, -26.875 ], [ 137.375, -26.875 ], [ 137.375, -26.625 ], [ 137.125, -26.625 ], [ 137.125, -26.125 ], [ 136.875, -26.125 ], [ 136.875, -25.875 ], [ 136.625, -25.875 ], [ 136.625, -25.625 ], [ 136.125, -25.625 ], [ 136.125, -25.375 ], [ 135.875, -25.375 ], [ 135.875, -25.125 ], [ 135.625, -25.125 ], [ 135.625, -24.875 ], [ 134.625, -24.875 ], [ 134.625, -24.625 ], [ 133.375, -24.625 ] ] ] } },
{ "type": "Feature", "properties": { "cluster_id": 46, "cohesion": 6.6791156884839795, "distances": { "1": 43.35329606014714, "2": 33.605703783650156, "3": 34.44841338217844, "4": 38.80265149438366, "5": 50.34473944784572, "6": 47.93038782123871, "7": 52.36906972405846, "8": 45.14895899804313, "9": 44.0996210578457, "10": 36.13039943097094, "11": 37.75633431910836, "12": 40.7590486042763, "13": 42.67570372734338, "14": 45.467882076348964, "15": 50.90976551918972, "16": 46.06895777831192, "17": 42.269721265994036, "18": 40.85537470628, "19": 41.78679081425162, "20": 40.98224536199915, "21": 35.86150834789727, "22": 31.37157380720648, "23": 27.61187786047976, "24": 30.780759365840623, "25": 26.10241148528786, "26": 17.72143618082398, "27": 12.221266094260269, "28": 24.52972633675619, "29": 28.351575369051602, "30": 27.11910431879914, "31": 25.058872343882904, "32": 14.382308284351252, "33": 20.9088888280556, "34": 30.907770367064945, "35": 26.443186352294877, "36": 30.34005202713735, "37": 26.58985433690724, "38": 20.501735275167565, "39": 21.69339153482931, "40": 21.6151064358313, "41": 13.666006883334111, "42": 12.077487482320294, "43": 21.02743766142442, "44": 13.773864806277683, "45": 18.4914369969675, "47": 15.653531746558794, "48": 13.33134265704552, "49": 22.215634462626365, "50": 22.62734440953302, "51": 24.052061049382484, "52": 23.07524379106928, "53": 19.473425077621737, "54": 26.78529676238645, "55": 28.635756379421903, "56": 30.942996408524042, "57": 29.78977509804167, "58": 32.43082392279723, "59": 32.402299502032804, "60": 36.6316626492251, "61": 30.647253984926778, "62": 35.81796666628157, "63": 32.72416057387651, "64": 37.41274688980904, "65": 28.527038774068142, "66": 23.943231828670765, "67": 29.836876482943826, "68": 25.916043957055646, "69": 28.37862193671377, "70": 32.704416648227806, "71": 29.905827712089106, "72": 36.54566584493544, "73": 27.33700909674667, "74": 35.28736395365556, "75": 29.964889580743087, "76": 36.012048765850274, "77": 29.291498810080817, "78": 28.39149893303253 } }, "geometry": { "type": "Polygon", "coordinates": [ [ [ 133.875, -26.125 ], [ 133.875, -26.375 ], [ 133.125, -26.375 ], [ 133.125, -26.625 ], [ 132.625, -26.625 ], [ 132.625, -26.375 ], [ 131.875, -26.375 ], [ 131.875, -26.875 ], [ 131.625, -26.875 ], [ 131.625, -27.625 ], [ 131.375, -27.625 ], [ 131.375, -28.125 ], [ 131.875, -28.125 ], [ 131.875, -28.625 ], [ 132.125, -28.625 ], [ 132.125, -29.125 ], [ 131.375, -29.125 ], [ 131.375, -29.875 ], [ 131.625, -29.875 ], [ 131.625, -30.125 ], [ 131.875, -30.125 ], [ 131.875, -30.375 ], [ 132.125, -30.375 ], [ 132.125, -30.625 ], [ 132.375, -30.625 ], [ 132.375, -30.875 ], [ 132.875, -30.875 ], [ 132.875, -30.625 ], [ 133.125, -30.625 ], [ 133.125, -30.375 ], [ 133.375, -30.375 ], [ 133.375, -30.125 ], [ 133.875, -30.125 ], [ 133.875, -29.375 ], [ 134.125, -29.375 ], [ 134.125, -28.625 ], [ 134.375, -28.625 ], [ 134.375, -27.875 ], [ 134.625, -27.875 ], [ 134.625, -27.375 ], [ 134.125, -27.375 ], [ 134.125, -27.125 ], [ 133.875, -27.125 ], [ 133.875, -26.875 ], [ 134.375, -26.875 ], [ 134.375, -26.375 ], [ 134.125, -26.375 ], [ 134.125, -26.125 ], [ 133.875, -26.125 ] ] ] } },
{ "type": "Feature", "properties": { "cluster_id": 47, "cohesion": 6.1397084169348144, "distances": { "1": 46.92394434987044, "2": 36.91876190898899, "3": 39.05003902319867, "4": 42.65035430967112, "5": 51.739972367255454, "6": 48.98784163801142, "7": 52.951890097483236, "8": 46.61446858002008, "9": 44.361996672981164, "10": 37.44173900659486, "11": 39.984654940691655, "12": 40.362558015855164, "13": 42.13205926739044, "14": 45.877342728732096, "15": 50.57550305340403, "16": 45.718664163099824, "17": 42.34532089235048, "18": 41.30441495540603, "19": 42.78343329728849, "20": 41.97952173715046, "21": 36.25052559192355, "22": 31.158406530183917, "23": 31.979259540992498, "24": 36.56601264688523, "25": 32.78605779328378, "26": 26.955219832840253, "27": 21.685998274833693, "28": 28.47187136596048, "29": 32.195827144969115, "30": 31.258972720935034, "31": 30.54133566331978, "32": 21.931524494905016, "33": 25.788857510638255, "34": 32.805498932763726, "35": 22.005691577386504, "36": 29.508148254408344, "37": 26.1294435660189, "38": 16.289320660140095, "39": 13.38903136117948, "40": 23.31285615948453, "41": 21.36299520347884, "42": 12.313384845674008, "43": 19.057653181447723, "44": 19.157870563259568, "45": 22.252852894800707, "46": 15.653531746558796, "48": 10.502494294955579, "49": 19.293601385468115, "50": 24.14401990251338, "51": 19.36897760740817, "52": 15.724052810908335, "53": 11.202662113861031, "54": 30.459228071719963, "55": 32.290959535405854, "56": 33.41987705926263, "57": 32.81624014054573, "58": 34.72803284457632, "59": 34.34413972575994, "60": 38.58600580926792, "61": 32.387334901796535, "62": 39.65227190972056, "63": 35.05277404430849, "64": 39.134343181914716, "65": 30.24591686871535, "66": 25.907606706761204, "67": 32.610639033063755, "68": 29.749340360221556, "69": 31.203864488962562, "70": 33.819095065058335, "71": 29.57065243074473, "72": 35.63007948129159, "73": 29.002263324374557, "74": 35.72263439947858, "75": 29.08415562555131, "76": 35.12645816081847, "77": 27.420467132306097, "78": 26.34058335326466 } }, "geometry": { "type": "Polygon", "coordinates": [ [ [ 125.875, -26.125 ], [ 125.875, -26.375 ], [ 125.375, -26.375 ], [ 125.375, -26.625 ], [ 124.375, -26.625 ], [ 124.375, -26.875 ], [ 123.875, -26.875 ], [ 123.875, -27.125 ], [ 123.125, -27.125 ], [ 123.125, -26.875 ], [ 122.375, -26.875 ], [ 122.375, -27.125 ], [ 122.125, -27.125 ], [ 122.125, -27.375 ], [ 122.375, -27.375 ], [ 122.375, -27.625 ], [ 122.625, -27.625 ], [ 122.625, -27.875 ], [ 123.625, -27.875 ], [ 123.625, -28.125 ], [ 125.875, -28.125 ], [ 125.875, -28.375 ], [ 126.125, -28.375 ], [ 126.125, -28.625 ], [ 127.125, -28.625 ], [ 127.125, -28.125 ], [ 129.125, -28.125 ], [ 129.125, -27.375 ], [ 128.875, -27.375 ], [ 128.875, -26.625 ], [ 128.625, -26.625 ], [ 128.625, -26.375 ], [ 127.625, -26.375 ], [ 127.625, -26.125 ], [ 126.875, -26.125 ], [ 126.875, -26.375 ], [ 126.375, -26.375 ], [ 126.375, -26.125 ], [ 125.875, -26.125 ] ] ] } },
{ "type": "Feature", "properties": { "cluster_id": 48, "cohesion": 6.5517850092667391, "distances": { "1": 44.12783323359568, "2": 34.70969960750446, "3": 36.37100176300913, "4": 40.06630215971162, "5": 48.962209162971604, "6": 46.03565624353299, "7": 49.83545511314877, "8": 43.58463627362989, "9": 40.903338995392986, "10": 34.02462790232106, "11": 37.083118815172696, "12": 36.266084947730654, "13": 37.97617323960411, "14": 42.86223827052968, "15": 46.97085948070252, "16": 41.84058330574828, "17": 38.74711577432407, "18": 38.6043350321968, "19": 40.27342400032709, "20": 39.183943613966264, "21": 33.92154722798461, "22": 29.24433953413899, "23": 29.18753699548113, "24": 34.54955323440438, "25": 30.56962801738061, "26": 25.01492822933762, "27": 19.910180181803565, "28": 23.959798834402676, "29": 28.990571227244462, "30": 27.45255360228616, "31": 27.661364175113707, "32": 18.850000230771997, "33": 21.681597184760125, "34": 31.49998526131417, "35": 23.800279298416317, "36": 29.287064063250057, "37": 26.445891575036786, "38": 20.0796485918995, "39": 17.684449515198867, "40": 23.52824517810954, "41": 20.211102838750985, "42": 13.320597056901002, "43": 14.11279575919357, "44": 14.742271051146133, "45": 17.35150981254626, "46": 13.331342657045518, "47": 10.502494294955579, "49": 20.39867319315916, "50": 23.521181549073297, "51": 19.70321198301136, "52": 18.576255465973848, "53": 12.766140359617335, "54": 28.25897540063051, "55": 30.3881031138487, "56": 31.15738660096277, "57": 30.338416852838144, "58": 31.598857755437596, "59": 31.419129297371338, "60": 35.65968649592475, "61": 29.237542364877587, "62": 37.41344226068843, "63": 32.88692730993043, "64": 36.47860592142461, "65": 25.61343879403633, "66": 20.98151620646865, "67": 29.423722193598234, "68": 26.7637112138039, "69": 27.153361084127805, "70": 29.539595759023456, "71": 24.6081339950358, "72": 30.96639286236592, "73": 27.16161989654024, "74": 33.23614019434659, "75": 26.957631876218013, "76": 31.058923021695946, "77": 22.776987070346692, "78": 23.223681834388984 } }, "geometry": { "type": "Polygon", "coordinates": [ [ [ 127.375, -25.625 ], [ 127.375, -25.875 ], [ 127.625, -25.875 ], [ 127.625, -26.375 ], [ 128.625, -26.375 ], [ 128.625, -26.625 ], [ 128.875, -26.625 ], [ 128.875, -27.375 ], [ 129.125, -27.375 ], [ 129.125, -28.125 ], [ 129.625, -28.125 ], [ 129.625, -27.875 ], [ 130.125, -27.875 ], [ 130.125, -27.625 ], [ 129.875, -27.625 ], [ 129.875, -26.875 ], [ 130.375, -26.875 ], [ 130.375, -26.625 ], [ 130.875, -26.625 ], [ 130.875, -26.875 ], [ 131.875, -26.875 ], [ 131.875, -26.375 ], [ 131.375, -26.375 ], [ 131.375, -26.125 ], [ 130.375, -26.125 ], [ 130.375, -25.875 ], [ 130.625, -25.875 ], [ 130.625, -25.625 ], [ 130.125, -25.625 ], [ 130.125, -25.875 ], [ 129.875, -25.875 ], [ 129.875, -25.625 ], [ 127.375, -25.625 ] ] ] } },
{ "type": "Feature", "properties": { "cluster_id": 49, "cohesion": 6.7077737110313507, "distances": { "1": 40.2192394919009, "2": 31.14816733029577, "3": 32.68654370174816, "4": 36.59055801992426, "5": 44.80034135994982, "6": 41.88578407237833, "7": 45.76913586689111, "8": 39.883060305308845, "9": 37.90763589945116, "10": 31.4521346919535, "11": 33.66610128104558, "12": 34.29721870579866, "13": 36.56087966151514, "14": 38.8861589002377, "15": 43.96892080332624, "16": 39.36081281338079, "17": 35.16767283048681, "18": 32.825717233024044, "19": 36.86303512324693, "20": 35.387637474093125, "21": 29.003166535459997, "22": 26.205946702575595, "23": 28.249684300387322, "24": 31.727481664473512, "25": 29.987184834968073, "26": 27.13576846920262, "27": 25.514432805032648, "28": 26.322626837602805, "29": 26.82857682365399, "30": 27.144235625186564, "31": 28.55767468149648, "32": 25.190315391567545, "33": 26.46558445982187, "34": 30.435227309976142, "35": 23.39675433154973, "36": 28.685213497237424, "37": 27.28476604296886, "38": 23.184354347296484, "39": 18.318057338287982, "40": 25.362494119669716, "41": 24.470146705190782, "42": 22.590471460032898, "43": 21.024658803135097, "44": 22.454950962429333, "45": 23.373480203201765, "46": 22.21563446262636, "47": 19.29360138546812, "48": 20.39867319315916, "50": 12.901355439724217, "51": 13.868465790872484, "52": 12.305997774314987, "53": 16.659732418316587, "54": 24.728372124153275, "55": 26.81407351169514, "56": 26.2597962821533, "57": 25.739923954819112, "58": 27.98781335901089, "59": 26.39546840461886, "60": 30.311465886686648, "61": 24.807240434591407, "62": 32.67893047282163, "63": 28.57060925396909, "64": 31.1923768860137, "65": 26.345343910188763, "66": 24.52035053958614, "67": 25.419699836516955, "68": 23.756825734877243, "69": 25.987049846840012, "70": 28.700545545661775, "71": 26.64908052185784, "72": 31.352478225460967, "73": 19.432369532841165, "74": 26.5626998654132, "75": 20.982338456273364, "76": 29.368254764436475, "77": 24.702007055762795, "78": 21.612583270975303 } }, "geometry": { "type": "Polygon", "coordinates": [ [ [ 113.125, -24.375 ], [ 113.125, -24.875 ], [ 113.375, -24.875 ], [ 113.375, -25.375 ], [ 113.625, -25.375 ], [ 113.625, -25.875 ], [ 113.875, -25.875 ], [ 113.875, -26.125 ], [ 113.625, -26.125 ], [ 113.625, -26.375 ], [ 113.375, -26.375 ], [ 113.375, -27.125 ], [ 113.625, -27.125 ], [ 113.625, -27.875 ], [ 113.875, -27.875 ], [ 113.875, -28.125 ], [ 115.375, -28.125 ], [ 115.375, -27.875 ], [ 116.625, -27.875 ], [ 116.625, -26.625 ], [ 116.375, -26.625 ], [ 116.375, -25.875 ], [ 116.125, -25.875 ], [ 116.125, -25.625 ], [ 115.875, -25.625 ], [ 115.875, -25.375 ], [ 115.625, -25.375 ], [ 115.625, -25.625 ], [ 115.125, -25.625 ], [ 115.125, -25.375 ], [ 114.625, -25.375 ], [ 114.625, -25.125 ], [ 114.375, -25.125 ], [ 114.375, -24.875 ], [ 113.875, -24.875 ], [ 113.875, -24.625 ], [ 113.625, -24.625 ], [ 113.625, -24.375 ], [ 113.125, -24.375 ] ] ] } },
{ "type": "Feature", "properties": { "cluster_id": 50, "cohesion": 8.1167894613009128, "distances": { "1": 35.056653363621486, "2": 27.58029761902162, "3": 27.090862263002712, "4": 31.667225625209856, "5": 40.758113642614354, "6": 38.062045546257835, "7": 42.417497900634054, "8": 36.58939583100212, "9": 35.64790197043746, "10": 29.295783157722465, "11": 30.476402696458, "12": 32.45418225887856, "13": 35.33960864910133, "14": 35.20857959571272, "15": 41.679127963914844, "16": 37.29496620130875, "17": 32.217445064128526, "18": 28.52851179091105, "19": 33.51498298051692, "20": 31.656938962893335, "21": 25.39554149258402, "22": 24.434392575867253, "23": 24.76749588568108, "24": 26.372811253634076, "25": 25.272118674249004, "26": 23.180942275385256, "27": 23.530229759063776, "28": 25.6013532909473, "29": 24.61813017232577, "30": 25.6641954043968, "31": 25.444591144801308, "32": 23.84678658614757, "33": 25.466773838207605, "34": 27.657684523454826, "35": 26.830937018037453, "36": 28.766296084623193, "37": 27.147627812749736, "38": 26.145883708283787, "39": 23.979561483037834, "40": 24.790189924434728, "41": 22.736774997687498, "42": 24.96636920930701, "43": 23.234268323702047, "44": 22.79437095556854, "45": 23.939834032792863, "46": 22.627344409533013, "47": 24.14401990251338, "48": 23.521181549073294, "49": 12.901355439724218, "51": 16.002858240375282, "52": 19.42890532695342, "53": 21.472611003082974, "54": 22.42688842098842, "55": 24.27525910970071, "56": 24.891775090826297, "57": 23.98274450129476, "58": 25.816292148249946, "59": 24.60960379185083, "60": 27.133706882108307, "61": 22.694804095856995, "62": 27.595179027493398, "63": 24.96179338398738, "64": 27.51937536788488, "65": 26.14264475422572, "66": 25.192619109407683, "67": 24.258119830610735, "68": 22.68403734313099, "69": 24.563189605237234, "70": 27.632957041936688, "71": 27.446755284273834, "72": 31.355606517344615, "73": 12.819541141435856, "74": 21.977563625634744, "75": 17.93981440141343, "76": 27.97467661748584, "77": 25.163674193203597, "78": 21.19475918692246 } }, "geometry": { "type": "Polygon", "coordinates": [ [ [ 115.875, -20.625 ], [ 115.875, -20.875 ], [ 115.625, -20.875 ], [ 115.625, -21.125 ], [ 115.125, -21.125 ], [ 115.125, -21.375 ], [ 114.625, -21.375 ], [ 114.625, -21.625 ], [ 114.375, -21.625 ], [ 114.375, -21.875 ], [ 113.875, -21.875 ], [ 113.875, -22.125 ], [ 113.625, -22.125 ], [ 113.625, -22.375 ], [ 113.375, -22.375 ], [ 113.375, -23.625 ], [ 113.125, -23.625 ], [ 113.125, -24.375 ], [ 113.625, -24.375 ], [ 113.625, -24.625 ], [ 113.875, -24.625 ], [ 113.875, -24.875 ], [ 114.375, -24.875 ], [ 114.375, -25.125 ], [ 114.625, -25.125 ], [ 114.625, -25.375 ], [ 115.125, -25.375 ], [ 115.125, -25.625 ], [ 115.625, -25.625 ], [ 115.625, -25.375 ], [ 115.875, -25.375 ], [ 115.875, -25.625 ], [ 116.375, -25.625 ], [ 116.375, -25.375 ], [ 116.625, -25.375 ], [ 116.625, -25.125 ], [ 116.875, -25.125 ], [ 116.875, -24.625 ], [ 117.625, -24.625 ], [ 117.625, -24.375 ], [ 117.875, -24.375 ], [ 117.875, -24.125 ], [ 118.125, -24.125 ], [ 118.125, -23.875 ], [ 117.875, -23.875 ], [ 117.875, -23.625 ], [ 117.625, -23.625 ], [ 117.625, -23.375 ], [ 117.375, -23.375 ], [ 117.375, -22.875 ], [ 117.125, -22.875 ], [ 117.125, -22.625 ], [ 116.625, -22.625 ], [ 116.625, -22.375 ], [ 116.375, -22.375 ], [ 116.375, -22.125 ], [ 116.125, -22.125 ], [ 116.125, -21.125 ], [ 116.375, -21.125 ], [ 116.375, -20.625 ], [ 115.875, -20.625 ] ] ] } },
{ "type": "Feature", "properties": { "cluster_id": 51, "cohesion": 8.10687343078129, "distances": { "1": 40.43808361313947, "2": 33.12513630426837, "3": 33.52352255971382, "4": 37.3874408233728, "5": 43.438659890635385, "6": 40.031887859200204, "7": 43.88730662954569, "8": 39.59877321650269, "9": 36.840233648350534, "10": 31.87026796394165, "11": 34.40647350378519, "12": 30.88461959354181, "13": 34.60983286254669, "14": 35.73436282819945, "15": 41.673477413135, "16": 36.63759365612411, "17": 31.30982538137265, "18": 29.11549278650457, "19": 35.71671013294122, "20": 33.393197321698025, "21": 26.508819488582528, "22": 25.28050613985571, "23": 28.5511061172665, "24": 32.73042690888417, "25": 30.64587422845393, "26": 28.934659593527694, "27": 26.36818854961808, "28": 28.00378650242525, "29": 28.846557211710344, "30": 29.4007923483153, "31": 28.88415454970292, "32": 25.050153783088017, "33": 26.75374393337845, "34": 31.73059209726941, "35": 25.066634664950143, "36": 29.990789238304693, "37": 29.3488904697708, "38": 25.756120912130076, "39": 19.40355934210588, "40": 28.69156593141409, "41": 27.59092584235088, "42": 24.954875923593328, "43": 18.294937913305695, "44": 22.75170084039717, "45": 24.21088178790094, "46": 24.052061049382484, "47": 19.36897760740817, "48": 19.70321198301136, "49": 13.868465790872486, "50": 16.002858240375282, "52": 13.525807761234017, "53": 13.22666181797078, "54": 28.09278236720025, "55": 30.36194572336022, "56": 30.592240420895862, "57": 29.395175228207965, "58": 29.863107071694206, "59": 29.29932961225925, "60": 31.106701557571995, "61": 26.230895822856223, "62": 32.9663770966124, "63": 29.28645663707303, "64": 31.05659395713616, "65": 28.031581093936182, "66": 25.61114166398888, "67": 29.188236786140717, "68": 27.814468818426135, "69": 28.26264218284359, "70": 29.29711076000029, "71": 25.76084317349752, "72": 29.337310941055932, "73": 18.29398955355745, "74": 22.26742766326565, "75": 15.022104315971536, "76": 24.818220076810853, "77": 19.910827127424298, "78": 14.890800334362291 } }, "geometry": { "type": "Polygon", "coordinates": [ [ [ 119.125, -23.125 ], [ 119.125, -24.125 ], [ 117.875, -24.125 ], [ 117.875, -24.375 ], [ 117.625, -24.375 ], [ 117.625, -24.625 ], [ 116.875, -24.625 ], [ 116.875, -25.125 ], [ 116.625, -25.125 ], [ 116.625, -25.375 ], [ 116.375, -25.375 ], [ 116.375, -25.625 ], [ 116.125, -25.625 ], [ 116.125, -25.875 ], [ 116.375, -25.875 ], [ 116.375, -26.625 ], [ 116.625, -26.625 ], [ 116.625, -26.875 ], [ 117.375, -26.875 ], [ 117.375, -26.625 ], [ 117.625, -26.625 ], [ 117.625, -26.375 ], [ 118.125, -26.375 ], [ 118.125, -26.625 ], [ 118.375, -26.625 ], [ 118.375, -26.875 ], [ 118.875, -26.875 ], [ 118.875, -26.625 ], [ 119.375, -26.625 ], [ 119.375, -26.375 ], [ 119.625, -26.375 ], [ 119.625, -26.125 ], [ 120.375, -26.125 ], [ 120.375, -25.625 ], [ 120.625, -25.625 ], [ 120.625, -25.375 ], [ 120.875, -25.375 ], [ 120.875, -25.125 ], [ 122.875, -25.125 ], [ 122.875, -24.875 ], [ 124.625, -24.875 ], [ 124.625, -24.375 ], [ 123.125, -24.375 ], [ 123.125, -23.875 ], [ 121.875, -23.875 ], [ 121.875, -23.625 ], [ 121.625, -23.625 ], [ 121.625, -23.375 ], [ 121.125, -23.375 ], [ 121.125, -23.625 ], [ 120.125, -23.625 ], [ 120.125, -23.125 ], [ 119.125, -23.125 ] ] ] } },
{ "type": "Feature", "properties": { "cluster_id": 52, "cohesion": 6.6606489466712189, "distances": { "1": 42.364183411791004, "2": 33.365324185079906, "3": 35.524761795213074, "4": 38.72381510054778, "5": 45.787109549739945, "6": 42.94804518805387, "7": 46.60201845296362, "8": 41.09962449760186, "9": 38.85549219915189, "10": 33.12888154290693, "11": 35.420207394835614, "12": 35.27178936848518, "13": 37.28021059606758, "14": 39.99255540893264, "15": 44.472574917558234, "16": 40.085766027067386, "17": 36.6759669068374, "18": 35.10638400128163, "19": 37.48094993342985, "20": 36.52223776532597, "21": 30.781030989111965, "22": 26.54348555642346, "23": 32.308800230526415, "24": 35.74129433662331, "25": 33.93119436997011, "26": 30.249075266851086, "27": 27.619104491411584, "28": 30.37459794656227, "29": 31.784714256930947, "30": 31.915378422249027, "31": 32.61360595286151, "32": 27.691490532359797, "33": 29.65365284098037, "34": 29.52808063466381, "35": 17.444829342232655, "36": 25.299946256027052, "37": 24.3368266755136, "38": 18.757978462093728, "39": 11.356318381271942, "40": 24.27545432107537, "41": 25.667066060995438, "42": 20.74265690571439, "43": 21.023100781308457, "44": 24.586321354484678, "45": 26.014149545790776, "46": 23.07524379106928, "47": 15.724052810908335, "48": 18.576255465973848, "49": 12.305997774314987, "50": 19.428905326953423, "51": 13.525807761234018, "53": 13.912523704469539, "54": 28.26752594717666, "55": 29.73164332395894, "56": 29.81668417920248, "57": 29.760231716682124, "58": 30.970874033089654, "59": 30.103319310486462, "60": 34.00396003334816, "61": 28.53844196594601, "62": 36.53313994247773, "63": 31.280854801108465, "64": 34.36198125776667, "65": 29.236432116278987, "66": 27.127054141217393, "67": 30.193538600511364, "68": 28.78076266774458, "69": 29.420253597545816, "70": 30.88604654781681, "71": 28.036487309956645, "72": 32.10071254536484, "73": 23.51732193699299, "74": 29.69233849962688, "75": 23.51935852553685, "76": 30.627884504183637, "77": 25.32822638491912, "78": 23.075275998297453 } }, "geometry": { "type": "Polygon", "coordinates": [ [ [ 119.625, -26.125 ], [ 119.625, -26.375 ], [ 119.375, -26.375 ], [ 119.375, -26.625 ], [ 118.875, -26.625 ], [ 118.875, -26.875 ], [ 118.375, -26.875 ], [ 118.375, -26.625 ], [ 118.125, -26.625 ], [ 118.125, -26.375 ], [ 117.625, -26.375 ], [ 117.625, -26.625 ], [ 117.375, -26.625 ], [ 117.375, -26.875 ], [ 116.625, -26.875 ], [ 116.625, -27.875 ], [ 115.375, -27.875 ], [ 115.375, -28.125 ], [ 114.125, -28.125 ], [ 114.125, -28.625 ], [ 114.375, -28.625 ], [ 114.375, -28.875 ], [ 114.625, -28.875 ], [ 114.625, -29.125 ], [ 114.875, -29.125 ], [ 114.875, -29.625 ], [ 115.125, -29.625 ], [ 115.125, -30.125 ], [ 115.625, -30.125 ], [ 115.625, -29.875 ], [ 115.875, -29.875 ], [ 115.875, -29.375 ], [ 116.125, -29.375 ], [ 116.125, -29.625 ], [ 116.375, -29.625 ], [ 116.375, -29.375 ], [ 116.625, -29.375 ], [ 116.625, -28.375 ], [ 117.125, -28.375 ], [ 117.125, -28.625 ], [ 117.375, -28.625 ], [ 117.375, -28.875 ], [ 118.125, -28.875 ], [ 118.125, -28.625 ], [ 118.375, -28.625 ], [ 118.375, -28.375 ], [ 118.625, -28.375 ], [ 118.625, -28.125 ], [ 118.875, -28.125 ], [ 118.875, -27.875 ], [ 119.125, -27.875 ], [ 119.125, -27.625 ], [ 119.375, -27.625 ], [ 119.375, -27.125 ], [ 119.625, -27.125 ], [ 119.625, -26.875 ], [ 120.625, -26.875 ], [ 120.625, -26.125 ], [ 119.625, -26.125 ] ] ] } },
{ "type": "Feature", "properties": { "cluster_id": 53, "cohesion": 6.7610640230242138, "distances": { "1": 45.45784517481931, "2": 36.63024429659987, "3": 37.9425484537532, "4": 41.81257809835498, "5": 49.25765515819195, "6": 46.041464672744056, "7": 49.74202909066113, "8": 44.5430315753799, "9": 41.4102100718967, "10": 35.420865747465754, "11": 38.58331409077899, "12": 35.73514727286796, "13": 38.371894324142666, "14": 42.09617350544983, "15": 46.83376785465149, "16": 41.631860799330966, "17": 37.43334636723069, "18": 36.52167776490117, "19": 40.78018107124595, "20": 39.14396506814596, "21": 32.76055415560623, "22": 29.399901070805615, "23": 29.8499320637441, "24": 35.43830974922419, "25": 31.938150635615678, "26": 28.560122892773805, "27": 23.673372724629132, "28": 26.8049997196275, "29": 29.987082615359174, "30": 29.435846569730177, "31": 28.93316528278198, "32": 21.89260212239313, "33": 24.46055827559105, "34": 33.98682559477409, "35": 24.261608126029213, "36": 30.993061907544657, "37": 29.376245030257778, "38": 22.382966178135227, "39": 16.030605848048996, "40": 27.758971103549005, "41": 25.755225524171905, "42": 19.35291751195257, "43": 15.306550155287193, "44": 18.806252765169585, "45": 21.12488965699747, "46": 19.473425077621737, "47": 11.202662113861031, "48": 12.766140359617335, "49": 16.659732418316587, "50": 21.47261100308297, "51": 13.22666181797078, "52": 13.912523704469539, "54": 30.223423582242134, "55": 32.63414940492032, "56": 32.88940642283463, "57": 31.85056210714904, "58": 33.05203165312849, "59": 32.399448804746896, "60": 35.33729600175427, "61": 29.44429370987045, "62": 37.14485853730313, "63": 32.87921949351533, "64": 35.72121417188326, "65": 28.271354346309955, "66": 24.049423023148275, "67": 30.83948903901591, "68": 28.591962529230962, "69": 29.670442769986103, "70": 31.34888515759877, "71": 26.133898080730372, "72": 31.665067100836186, "73": 25.385301559478336, "74": 30.215466310616723, "75": 22.839694630622155, "76": 29.559849178325127, "77": 21.682442098631974, "78": 19.153217750846327 } }, "geometry": { "type": "Polygon", "coordinates": [ [ [ 122.875, -24.875 ], [ 122.875, -25.125 ], [ 120.875, -25.125 ], [ 120.875, -25.375 ], [ 120.625, -25.375 ], [ 120.625, -25.625 ], [ 120.375, -25.625 ], [ 120.375, -26.125 ], [ 120.625, -26.125 ], [ 120.625, -26.375 ], [ 121.125, -26.375 ], [ 121.125, -26.125 ], [ 121.625, -26.125 ], [ 121.625, -26.625 ], [ 121.875, -26.625 ], [ 121.875, -26.875 ], [ 123.125, -26.875 ], [ 123.125, -27.125 ], [ 123.875, -27.125 ], [ 123.875, -26.875 ], [ 124.375, -26.875 ], [ 124.375, -26.625 ], [ 125.375, -26.625 ], [ 125.375, -26.375 ], [ 125.875, -26.375 ], [ 125.875, -26.125 ], [ 126.375, -26.125 ], [ 126.375, -26.375 ], [ 126.875, -26.375 ], [ 126.875, -26.125 ], [ 127.625, -26.125 ], [ 127.625, -25.875 ], [ 127.375, -25.875 ], [ 127.375, -25.625 ], [ 125.875, -25.625 ], [ 125.875, -25.375 ], [ 125.625, -25.375 ], [ 125.625, -25.125 ], [ 124.625, -25.125 ], [ 124.625, -24.875 ], [ 122.875, -24.875 ] ] ] } },
{ "type": "Feature", "properties": { "cluster_id": 54, "cohesion": 8.4063454065380139, "distances": { "1": 28.163243571311234, "2": 16.88045624828213, "3": 21.302334871668332, "4": 23.64213718237398, "5": 35.16836782301341, "6": 33.32908832557823, "7": 36.92904933603108, "8": 27.476824845668347, "9": 28.433269008409088, "10": 19.543524576198617, "11": 19.010019682191576, "12": 30.94209513021314, "13": 30.956982243114368, "14": 32.79625982381021, "15": 36.75242028543187, "16": 33.80055600657687, "17": 31.533955653598678, "18": 30.597207583681186, "19": 28.70609254632048, "20": 28.127112179651352, "21": 25.891203702031202, "22": 22.73035039205073, "23": 28.73823098540748, "24": 28.240640709314356, "25": 28.6117354319786, "26": 25.58757071929047, "27": 28.39762761137044, "28": 26.28544323706171, "29": 25.748686613927713, "30": 25.11626202578906, "31": 29.638159081933658, "32": 29.70515901509906, "33": 29.32485376290439, "34": 26.37003327129807, "35": 28.73291749684914, "36": 27.70042101195915, "37": 27.192825260168902, "38": 29.93772967881523, "39": 30.05278656796689, "40": 25.721667505672787, "41": 24.210576107389635, "42": 28.33186457727858, "43": 27.970358969158045, "44": 28.083894753831828, "45": 27.332291389059257, "46": 26.78529676238645, "47": 30.459228071719963, "48": 28.258975400630515, "49": 24.728372124153275, "50": 22.426888420988423, "51": 28.09278236720025, "52": 28.267525947176654, "53": 30.22342358224213, "55": 12.422535545362807, "56": 16.322976416393143, "57": 11.88144867791221, "58": 14.740351788459419, "59": 20.334872274187738, "60": 27.12502394520473, "61": 22.677838169715407, "62": 29.7311173832621, "63": 26.417398425033177, "64": 29.008258355937485, "65": 23.579534025112594, "66": 26.27196795393997, "67": 21.174926866557133, "68": 17.59367745420075, "69": 17.834455735720272, "70": 22.077005506489698, "71": 27.48585718539616, "72": 29.308709320063482, "73": 22.592879823849216, "74": 28.81415261046816, "75": 27.610973097005967, "76": 29.70248096021697, "77": 28.652929334886863, "78": 28.85275925394233 } }, "geometry": { "type": "MultiPolygon", "coordinates": [ [ [ [ 150.375, -23.625 ], [ 150.375, -23.875 ], [ 150.625, -23.875 ], [ 150.625, -24.375 ], [ 150.375, -24.375 ], [ 150.375, -24.125 ], [ 150.125, -24.125 ], [ 150.125, -23.625 ], [ 150.375, -23.625 ] ] ], [ [ [ 149.875, -23.625 ], [ 149.875, -23.375 ], [ 149.125, -23.375 ], [ 149.125, -23.625 ], [ 147.875, -23.625 ], [ 147.875, -24.125 ], [ 147.375, -24.125 ], [ 147.375, -23.875 ], [ 147.125, -23.875 ], [ 147.125, -23.375 ], [ 146.875, -23.375 ], [ 146.875, -22.875 ], [ 146.625, -22.875 ], [ 146.625, -22.625 ], [ 146.375, -22.625 ], [ 146.375, -22.875 ], [ 146.125, -22.875 ], [ 146.125, -23.625 ], [ 146.375, -23.625 ], [ 146.375, -24.125 ], [ 145.625, -24.125 ], [ 145.625, -23.875 ], [ 145.125, -23.875 ], [ 145.125, -23.625 ], [ 144.875, -23.625 ], [ 144.875, -23.375 ], [ 144.625, -23.375 ], [ 144.625, -23.125 ], [ 143.875, -23.125 ], [ 143.875, -22.375 ], [ 143.625, -22.375 ], [ 143.625, -21.625 ], [ 143.875, -21.625 ], [ 143.875, -21.375 ], [ 144.375, -21.375 ], [ 144.375, -21.625 ], [ 144.875, -21.625 ], [ 144.875, -21.125 ], [ 144.625, -21.125 ], [ 144.625, -19.875 ], [ 146.125, -19.875 ], [ 146.125, -19.375 ], [ 146.625, -19.375 ], [ 146.625, -19.625 ], [ 146.875, -19.625 ], [ 146.875, -19.875 ], [ 147.125, -19.875 ], [ 147.125, -20.125 ], [ 147.375, -20.125 ], [ 147.375, -20.375 ], [ 147.625, -20.375 ], [ 147.625, -20.625 ], [ 147.875, -20.625 ], [ 147.875, -21.375 ], [ 148.875, -21.375 ], [ 148.875, -21.625 ], [ 149.125, -21.625 ], [ 149.125, -21.875 ], [ 149.625, -21.875 ], [ 149.625, -22.125 ], [ 149.875, -22.125 ], [ 149.875, -22.375 ], [ 150.125, -22.375 ], [ 150.125, -22.625 ], [ 150.375, -22.625 ], [ 150.375, -23.375 ], [ 150.125, -23.375 ], [ 150.125, -23.625 ], [ 149.875, -23.625 ] ] ] ] } },
{ "type": "Feature", "properties": { "cluster_id": 55, "cohesion": 9.6042127334415746, "distances": { "1": 24.021605192094587, "2": 12.923918592155198, "3": 17.782537585397485, "4": 19.10995063787954, "5": 32.64811600476694, "6": 32.193336104582315, "7": 35.87308857816799, "8": 25.917226749725017, "9": 28.862631070116343, "10": 21.304369195228325, "11": 18.173819930543374, "12": 32.47810339575543, "13": 32.173980318558634, "14": 32.84213883468814, "15": 36.548626698041545, "16": 34.321286846906375, "17": 32.693828616326705, "18": 31.19354794095301, "19": 26.19539508119546, "20": 27.423154354435933, "21": 26.5024455918478, "22": 22.04552246980972, "23": 30.592081170988934, "24": 27.74596784653741, "25": 29.3347175260231, "26": 25.94306334471232, "27": 29.992251427151388, "28": 30.572137390466246, "29": 29.24802729341511, "30": 29.522697845335465, "31": 32.153071512052676, "32": 32.49148620514659, "33": 32.741489423077226, "34": 23.819964814614234, "35": 27.850792103274625, "36": 25.282093450063744, "37": 25.620091467068118, "38": 29.67545533165857, "39": 30.855228621827226, "40": 24.545383186630357, "41": 24.147077600955832, "42": 29.27677859140253, "43": 31.0222140875356, "44": 31.42793242582795, "45": 31.114407385754507, "46": 28.6357563794219, "47": 32.290959535405854, "48": 30.3881031138487, "49": 26.81407351169514, "50": 24.27525910970071, "51": 30.361945723360215, "52": 29.73164332395894, "53": 32.63414940492032, "54": 12.422535545362805, "56": 15.723742735715646, "57": 16.246977555830497, "58": 18.545035102562995, "59": 21.603245993950047, "60": 28.18311547511645, "61": 24.761782316983286, "62": 29.027906759792714, "63": 24.836121606311092, "64": 29.02332920529737, "65": 27.010831795247164, "66": 29.990324090104256, "67": 24.369635638309227, "68": 22.659582731153016, "69": 21.9293680360564, "70": 25.145551951332916, "71": 30.66539195124773, "72": 31.559760902776894, "73": 23.806496659961283, "74": 29.95993673620679, "75": 29.76873907958011, "76": 31.994308572865485, "77": 31.592944803881476, "78": 31.398282629586028 } }, "geometry": { "type": "MultiPolygon", "coordinates": [ [ [ [ 150.625, -22.375 ], [ 150.875, -22.375 ], [ 150.875, -22.625 ], [ 151.125, -22.625 ], [ 151.125, -23.375 ], [ 151.375, -23.375 ], [ 151.375, -23.625 ], [ 151.875, -23.625 ], [ 151.875, -23.875 ], [ 152.125, -23.875 ], [ 152.125, -24.125 ], [ 152.375, -24.125 ], [ 152.375, -24.375 ], [ 151.625, -24.375 ], [ 151.625, -24.125 ], [ 150.875, -24.125 ], [ 150.875, -24.625 ], [ 150.625, -24.625 ], [ 150.625, -23.875 ], [ 150.375, -23.875 ], [ 150.375, -23.625 ], [ 150.125, -23.625 ], [ 150.125, -23.375 ], [ 150.375, -23.375 ], [ 150.375, -22.625 ], [ 150.125, -22.625 ], [ 150.125, -22.375 ], [ 149.875, -22.375 ], [ 149.875, -22.125 ], [ 150.625, -22.125 ], [ 150.625, -22.375 ] ] ], [ [ [ 149.625, -21.875 ], [ 149.125, -21.875 ], [ 149.125, -21.625 ], [ 148.875, -21.625 ], [ 148.875, -21.375 ], [ 147.875, -21.375 ], [ 147.875, -20.625 ], [ 147.625, -20.625 ], [ 147.625, -20.375 ], [ 148.125, -20.375 ], [ 148.125, -20.625 ], [ 148.375, -20.625 ], [ 148.375, -20.375 ], [ 148.625, -20.375 ], [ 148.625, -20.625 ], [ 148.875, -20.625 ], [ 148.875, -20.875 ], [ 149.375, -20.875 ], [ 149.375, -21.125 ], [ 149.625, -21.125 ], [ 149.625, -21.625 ], [ 149.875, -21.625 ], [ 149.875, -22.125 ], [ 149.625, -22.125 ], [ 149.625, -21.875 ] ] ], [ [ [ 144.125, -19.875 ], [ 144.625, -19.875 ], [ 144.625, -21.125 ], [ 144.875, -21.125 ], [ 144.875, -21.625 ], [ 144.375, -21.625 ], [ 144.375, -20.875 ], [ 144.125, -20.875 ], [ 144.125, -20.625 ], [ 143.875, -20.625 ], [ 143.875, -20.375 ], [ 143.625, -20.375 ], [ 143.625, -19.625 ], [ 144.125, -19.625 ], [ 144.125, -19.875 ] ] ], [ [ [ 147.375, -20.375 ], [ 147.375, -20.125 ], [ 147.625, -20.125 ], [ 147.625, -20.375 ], [ 147.375, -20.375 ] ] ], [ [ [ 146.875, -19.875 ], [ 146.875, -19.625 ], [ 146.625, -19.625 ], [ 146.625, -19.375 ], [ 146.125, -19.375 ], [ 146.125, -19.875 ], [ 145.875, -19.875 ], [ 145.875, -19.625 ], [ 145.625, -19.625 ], [ 145.625, -19.375 ], [ 145.375, -19.375 ], [ 145.375, -19.125 ], [ 145.125, -19.125 ], [ 145.125, -18.375 ], [ 145.375, -18.375 ], [ 145.375, -18.625 ], [ 145.875, -18.625 ], [ 145.875, -18.875 ], [ 146.125, -18.875 ], [ 146.125, -19.125 ], [ 146.875, -19.125 ], [ 146.875, -19.375 ], [ 147.125, -19.375 ], [ 147.125, -19.625 ], [ 147.375, -19.625 ], [ 147.375, -20.125 ], [ 147.125, -20.125 ], [ 147.125, -19.875 ], [ 146.875, -19.875 ] ] ] ] } },
{ "type": "Feature", "properties": { "cluster_id": 56, "cohesion": 6.6604437017141844, "distances": { "1": 27.896593497831955, "2": 20.263948919883354, "3": 24.26229876213279, "4": 25.004302573483514, "5": 32.25257091114055, "6": 31.064019779265426, "7": 34.01299886577849, "8": 26.260457314798447, "9": 27.222698677688832, "10": 21.30524482063729, "11": 20.869594688222335, "12": 30.69202034801606, "13": 29.993854896910186, "14": 31.644947387914897, "15": 34.13788795313837, "16": 32.1260415027123, "17": 31.207986570891872, "18": 30.189438355321002, "19": 26.329189483130914, "20": 26.951952366606054, "21": 25.706436169212154, "22": 22.017381332297877, "23": 29.047899285887986, "24": 27.725497789498952, "25": 29.70336952584114, "26": 28.387289106410574, "27": 32.398644314797444, "28": 28.49887118616774, "29": 24.918048675736713, "30": 25.96500439981128, "31": 31.432187952461174, "32": 33.76250957499426, "33": 32.06051706457048, "34": 24.990066890637838, "35": 28.796747772785384, "36": 26.187947706664236, "37": 27.555287891896388, "38": 32.12043414722166, "39": 31.90865491861434, "40": 26.983441126648692, "41": 27.215500202484474, "42": 31.565127325465056, "43": 30.500009104435293, "44": 32.3264668553655, "45": 31.094225576255212, "46": 30.942996408524046, "47": 33.419877059262625, "48": 31.15738660096277, "49": 26.2597962821533, "50": 24.891775090826297, "51": 30.592240420895866, "52": 29.81668417920248, "53": 32.88940642283463, "54": 16.322976416393146, "55": 15.723742735715648, "57": 12.826501223482976, "58": 16.936007998518, "59": 11.747838578593797, "60": 21.36752557937724, "61": 18.769042248793983, "62": 27.397055564131197, "63": 23.762762970705346, "64": 24.567277879770515, "65": 24.63000725400944, "66": 28.828067732680125, "67": 16.692875579924124, "68": 19.481625019880376, "69": 20.060606249404675, "70": 23.3535454742381, "71": 28.92811395208716, "72": 29.42786797564913, "73": 24.06703813809819, "74": 29.322897690680186, "75": 29.63490734844771, "76": 30.528518367089898, "77": 30.4294403254047, "78": 30.839602019449146 } }, "geometry": { "type": "Polygon", "coordinates": [ [ [ 150.875, -24.125 ], [ 150.875, -24.625 ], [ 151.375, -24.625 ], [ 151.375, -24.875 ], [ 151.625, -24.875 ], [ 151.625, -25.875 ], [ 151.375, -25.875 ], [ 151.375, -26.625 ], [ 151.875, -26.625 ], [ 151.875, -26.375 ], [ 152.875, -26.375 ], [ 152.875, -26.625 ], [ 153.125, -26.625 ], [ 153.125, -28.125 ], [ 153.375, -28.125 ], [ 153.375, -27.625 ], [ 153.625, -27.625 ], [ 153.625, -26.375 ], [ 153.375, -26.375 ], [ 153.375, -26.125 ], [ 153.625, -26.125 ], [ 153.625, -25.875 ], [ 153.375, -25.875 ], [ 153.375, -25.375 ], [ 153.125, -25.375 ], [ 153.125, -25.125 ], [ 152.875, -25.125 ], [ 152.875, -24.875 ], [ 152.625, -24.875 ], [ 152.625, -24.625 ], [ 152.375, -24.625 ], [ 152.375, -24.375 ], [ 151.625, -24.375 ], [ 151.625, -24.125 ], [ 150.875, -24.125 ] ] ] } },
{ "type": "Feature", "properties": { "cluster_id": 57, "cohesion": 8.2568702580574698, "distances": { "1": 29.8653079720263, "2": 20.69468281959015, "3": 24.700402703375026, "4": 26.428148257423956, "5": 34.40437130402242, "6": 32.038121526190544, "7": 35.18162983023368, "8": 27.07888866492346, "9": 26.929230820692073, "10": 19.068968618052576, "11": 20.13089815869373, "12": 29.532724091059972, "13": 29.35272504343439, "14": 31.584472230130572, "15": 34.82238513473769, "16": 32.04931365172925, "17": 30.22932530002847, "18": 29.917866443373217, "19": 28.65235750162445, "20": 27.503313527579188, "21": 25.549212927917637, "22": 23.225006206967162, "23": 29.405734501220408, "24": 29.628581462403464, "25": 30.40381828352354, "26": 28.703209044304227, "27": 31.586436136949597, "28": 26.111737441511067, "29": 24.30908340565519, "30": 23.790741482541318, "31": 30.819871973157216, "32": 32.11086215236897, "33": 30.56385497312934, "34": 28.28007377419743, "35": 30.80240264845533, "36": 29.584231537444552, "37": 29.7768822248587, "38": 33.099029222390776, "39": 32.30803651442352, "40": 28.78817515146148, "41": 27.730615158201953, "42": 31.47358337640697, "43": 28.77205139016713, "44": 30.028157357071976, "45": 28.55712313791203, "46": 29.789775098041673, "47": 32.81624014054573, "48": 30.338416852838144, "49": 25.739923954819112, "50": 23.982744501294764, "51": 29.395175228207965, "52": 29.760231716682124, "53": 31.850562107149035, "54": 11.881448677912209, "55": 16.246977555830494, "56": 12.826501223482975, "58": 12.444447425663457, "59": 15.828222899868894, "60": 24.107048258843886, "61": 20.09423538242328, "62": 29.859844685848252, "63": 26.816812074287864, "64": 27.35195078841207, "65": 22.465460145237167, "66": 26.428134297789633, "67": 17.298849026654832, "68": 15.24991911922896, "69": 16.214392311664238, "70": 20.77792042319111, "71": 26.816818931254247, "72": 28.061193102670487, "73": 23.55001782072541, "74": 28.76092751347397, "75": 28.12095527774001, "76": 28.81023841357982, "77": 28.488040807871748, "78": 29.222106521678207 } }, "geometry": { "type": "MultiPolygon", "coordinates": [ [ [ [ 148.375, -25.375 ], [ 148.125, -25.375 ], [ 148.125, -25.125 ], [ 148.375, -25.125 ], [ 148.375, -25.375 ] ] ], [ [ [ 147.625, -24.875 ], [ 148.125, -24.875 ], [ 148.125, -25.125 ], [ 147.625, -25.125 ], [ 147.625, -24.875 ] ] ], [ [ [ 146.375, -23.625 ], [ 146.125, -23.625 ], [ 146.125, -22.875 ], [ 146.375, -22.875 ], [ 146.375, -22.625 ], [ 146.625, -22.625 ], [ 146.625, -22.875 ], [ 146.875, -22.875 ], [ 146.875, -23.375 ], [ 147.125, -23.375 ], [ 147.125, -23.875 ], [ 147.375, -23.875 ], [ 147.375, -24.125 ], [ 147.875, -24.125 ], [ 147.875, -23.625 ], [ 149.125, -23.625 ], [ 149.125, -23.375 ], [ 149.875, -23.375 ], [ 149.875, -23.625 ], [ 150.125, -23.625 ], [ 150.125, -24.125 ], [ 150.375, -24.125 ], [ 150.375, -24.375 ], [ 150.625, -24.375 ], [ 150.625, -24.625 ], [ 151.375, -24.625 ], [ 151.375, -24.875 ], [ 151.625, -24.875 ], [ 151.625, -25.875 ], [ 151.375, -25.875 ], [ 151.375, -26.625 ], [ 151.125, -26.625 ], [ 151.125, -26.375 ], [ 149.125, -26.375 ], [ 149.125, -26.125 ], [ 148.875, -26.125 ], [ 148.875, -25.875 ], [ 149.125, -25.875 ], [ 149.125, -25.625 ], [ 148.375, -25.625 ], [ 148.375, -25.375 ], [ 149.875, -25.375 ], [ 149.875, -24.625 ], [ 148.875, -24.625 ], [ 148.875, -24.375 ], [ 148.625, -24.375 ], [ 148.625, -23.875 ], [ 148.125, -23.875 ], [ 148.125, -24.625 ], [ 147.375, -24.625 ], [ 147.375, -24.375 ], [ 146.875, -24.375 ], [ 146.875, -24.875 ], [ 147.125, -24.875 ], [ 147.125, -25.125 ], [ 146.375, -25.125 ], [ 146.375, -25.375 ], [ 146.125, -25.375 ], [ 146.125, -24.625 ], [ 145.875, -24.625 ], [ 145.875, -24.375 ], [ 145.625, -24.375 ], [ 145.625, -24.125 ], [ 146.375, -24.125 ], [ 146.375, -23.625 ] ] ], [ [ [ 145.375, -23.875 ], [ 145.625, -23.875 ], [ 145.625, -24.125 ], [ 145.375, -24.125 ], [ 145.375, -23.875 ] ] ] ] } },
{ "type": "Feature", "properties": { "cluster_id": 58, "cohesion": 8.485408749201591, "distances": { "1": 27.450286779824676, "2": 19.86981964050011, "3": 23.777008457291505, "4": 24.789586904880867, "5": 30.52450208081176, "6": 27.668913111147322, "7": 29.908674635105957, "8": 21.94712192401318, "9": 20.21975073426119, "10": 12.17710188564095, "11": 15.539635448631229, "12": 24.206967921195847, "13": 22.871124649340107, "14": 27.06968121237585, "15": 28.468531115239927, "16": 26.103664378304195, "17": 25.42473606262666, "18": 26.661612145371134, "19": 25.914561455161383, "20": 24.03356803196789, "21": 23.32300488239769, "22": 22.119436960244396, "23": 31.782589488210103, "24": 32.09828141878275, "25": 33.2766107827207, "26": 31.836241385200875, "27": 34.58892184209271, "28": 27.80514517852422, "29": 27.741462425308338, "30": 26.646681292680423, "31": 33.641692445768896, "32": 34.72499434876, "33": 32.739861002639664, "34": 27.910397716015524, "35": 31.479076161965025, "36": 29.633270372049225, "37": 29.98156758758994, "38": 34.80572971988904, "39": 33.596855795064535, "40": 30.108845182160668, "41": 30.327112275779836, "42": 33.71233087567423, "43": 28.469257475323012, "44": 32.012219340060284, "45": 29.781409808545273, "46": 32.43082392279723, "47": 34.72803284457631, "48": 31.598857755437596, "49": 27.98781335901089, "50": 25.81629214824995, "51": 29.863107071694202, "52": 30.970874033089654, "53": 33.052031653128495, "54": 14.740351788459419, "55": 18.545035102562995, "56": 16.936007998518, "57": 12.444447425663455, "59": 18.03503521697573, "60": 24.90804081902002, "61": 21.28035260614601, "62": 30.983671148866325, "63": 26.744469344168753, "64": 27.220223996772525, "65": 20.365227925092835, "66": 26.135102448465958, "67": 20.88581647435712, "68": 19.14750967610633, "69": 13.320995143007172, "70": 15.197236131137446, "71": 23.808684415130912, "72": 23.042603368494266, "73": 23.304042674603096, "74": 26.715676114675414, "75": 26.87485604334773, "76": 24.769371862418573, "77": 26.047025613127673, "78": 27.859823665359464 } }, "geometry": { "type": "MultiPolygon", "coordinates": [ [ [ [ 148.625, -23.875 ], [ 148.625, -24.375 ], [ 148.875, -24.375 ], [ 148.875, -24.625 ], [ 149.875, -24.625 ], [ 149.875, -25.375 ], [ 148.375, -25.375 ], [ 148.375, -25.125 ], [ 148.125, -25.125 ], [ 148.125, -24.875 ], [ 147.625, -24.875 ], [ 147.625, -25.125 ], [ 147.125, -25.125 ], [ 147.125, -24.875 ], [ 146.875, -24.875 ], [ 146.875, -24.375 ], [ 147.375, -24.375 ], [ 147.375, -24.625 ], [ 148.125, -24.625 ], [ 148.125, -23.875 ], [ 148.625, -23.875 ] ] ], [ [ [ 143.875, -22.375 ], [ 143.875, -23.125 ], [ 144.625, -23.125 ], [ 144.625, -23.375 ], [ 144.875, -23.375 ], [ 144.875, -23.625 ], [ 145.125, -23.625 ], [ 145.125, -23.875 ], [ 145.375, -23.875 ], [ 145.375, -24.125 ], [ 145.625, -24.125 ], [ 145.625, -24.375 ], [ 145.875, -24.375 ], [ 145.875, -24.625 ], [ 146.125, -24.625 ], [ 146.125, -25.125 ], [ 144.125, -25.125 ], [ 144.125, -24.625 ], [ 143.875, -24.625 ], [ 143.875, -24.125 ], [ 143.625, -24.125 ], [ 143.625, -23.875 ], [ 143.375, -23.875 ], [ 143.375, -23.625 ], [ 143.125, -23.625 ], [ 143.125, -23.375 ], [ 142.875, -23.375 ], [ 142.875, -23.125 ], [ 143.125, -23.125 ], [ 143.125, -22.875 ], [ 143.375, -22.875 ], [ 143.375, -22.375 ], [ 143.875, -22.375 ] ] ] ] } },
{ "type": "Feature", "properties": { "cluster_id": 59, "cohesion": 8.1378678342155606, "distances": { "1": 29.27985483333273, "2": 24.34051014696165, "3": 26.127575623945646, "4": 27.544475821906417, "5": 31.586811621610963, "6": 29.45783244733223, "7": 32.16090840774704, "8": 26.778162422538408, "9": 26.03516860676253, "10": 21.893317164424463, "11": 23.159167892058644, "12": 27.31642688175508, "13": 27.37360207896016, "14": 29.122490470239068, "15": 31.57542276963964, "16": 29.13156525903243, "17": 27.93458707898574, "18": 27.1393453834223, "19": 26.385632238656353, "20": 25.618788387193746, "21": 23.753525414085004, "22": 22.260216505957573, "23": 25.785818609363076, "24": 26.62905261807246, "25": 28.469561613067444, "26": 29.51115964131279, "27": 33.07889811635926, "28": 25.800938051698473, "29": 20.813259033111276, "30": 22.693608152226425, "31": 28.839231885892897, "32": 32.880327708659934, "33": 29.646176815888847, "34": 26.154041653279034, "35": 30.65245705790645, "36": 27.944181421561566, "37": 29.63110924581972, "38": 34.546022412771265, "39": 33.10062128253775, "40": 29.56223761941926, "41": 29.86208476907819, "42": 33.77458956807212, "43": 28.821450263226524, "44": 31.491557137636217, "45": 29.596064816498515, "46": 32.402299502032804, "47": 34.34413972575994, "48": 31.419129297371338, "49": 26.39546840461886, "50": 24.609603791850827, "51": 29.29932961225925, "52": 30.103319310486462, "53": 32.39944880474689, "54": 20.33487227418774, "55": 21.603245993950047, "56": 11.747838578593793, "57": 15.828222899868894, "58": 18.03503521697573, "60": 15.156906470630355, "61": 13.446008163497458, "62": 24.6797958360684, "63": 22.120283175390004, "64": 19.751521127390426, "65": 22.80114742081877, "66": 26.858096102104955, "67": 13.292457462157511, "68": 19.071179379895042, "69": 19.78695548778425, "70": 22.034829447690097, "71": 26.25853181819506, "72": 26.456788595907835, "73": 22.49829771315238, "74": 26.147911028287652, "75": 26.85910348482988, "76": 27.057234739157767, "77": 27.357771595883055, "78": 27.94808293215547 } }, "geometry": { "type": "MultiPolygon", "coordinates": [ [ [ [ 152.875, -31.125 ], [ 152.625, -31.125 ], [ 152.625, -30.875 ], [ 152.875, -30.875 ], [ 152.875, -31.125 ] ] ], [ [ [ 151.625, -30.125 ], [ 151.375, -30.125 ], [ 151.375, -29.875 ], [ 151.625, -29.875 ], [ 151.625, -30.125 ] ] ], [ [ [ 151.625, -29.875 ], [ 151.625, -29.375 ], [ 151.875, -29.375 ], [ 151.875, -29.875 ], [ 151.625, -29.875 ] ] ], [ [ [ 151.625, -26.875 ], [ 151.625, -26.625 ], [ 151.875, -26.625 ], [ 151.875, -26.375 ], [ 152.875, -26.375 ], [ 152.875, -26.625 ], [ 153.125, -26.625 ], [ 153.125, -28.125 ], [ 153.375, -28.125 ], [ 153.375, -27.625 ], [ 153.875, -27.625 ], [ 153.875, -29.125 ], [ 153.625, -29.125 ], [ 153.625, -30.125 ], [ 153.125, -30.125 ], [ 153.125, -30.375 ], [ 152.625, -30.375 ], [ 152.625, -29.625 ], [ 152.875, -29.625 ], [ 152.875, -29.125 ], [ 153.125, -29.125 ], [ 153.125, -28.875 ], [ 153.375, -28.875 ], [ 153.375, -28.375 ], [ 152.375, -28.375 ], [ 152.375, -28.625 ], [ 152.125, -28.625 ], [ 152.125, -29.375 ], [ 151.875, -29.375 ], [ 151.875, -26.875 ], [ 151.625, -26.875 ] ] ] ] } },
{ "type": "Feature", "properties": { "cluster_id": 60, "cohesion": 8.0601699304175671, "distances": { "1": 30.08883666295154, "2": 28.872058655678753, "3": 27.645765076983853, "4": 29.743451698173928, "5": 31.461418637620792, "6": 29.464067853964526, "7": 31.9221405166084, "8": 29.378804936578213, "9": 28.727376598917353, "10": 27.3305788807245, "11": 27.862106424875325, "12": 27.87065048519819, "13": 29.584968996459516, "14": 28.45915394666597, "15": 31.910703788850366, "16": 29.587193316650712, "17": 27.24021358844952, "18": 25.330602213242834, "19": 27.849813044441476, "20": 26.40158971736005, "21": 24.115147972427476, "22": 25.598554390709214, "23": 21.246422848418362, "24": 22.97841805660586, "25": 25.813909891772198, "26": 30.9336792101134, "27": 34.89146676499482, "28": 28.64052221758372, "29": 19.358375115511784, "30": 24.540130523135545, "31": 26.353361203443477, "32": 33.989661005510975, "33": 30.26825187530719, "34": 28.874648069195164, "35": 35.378703164481124, "36": 31.628648628975665, "37": 34.19538982229542, "38": 39.38535502991729, "39": 37.47773991238125, "40": 34.49122272026112, "41": 34.314020090455486, "42": 38.912644708894554, "43": 32.095004656959375, "44": 34.39213225553388, "45": 33.19017747899553, "46": 36.6316626492251, "47": 38.586005809267924, "48": 35.65968649592476, "49": 30.31146588668665, "50": 27.13370688210831, "51": 31.106701557571995, "52": 34.003960033348164, "53": 35.337296001754275, "54": 27.12502394520473, "55": 28.18311547511646, "56": 21.36752557937724, "57": 24.107048258843886, "58": 24.90804081902002, "59": 15.156906470630355, "61": 12.57916033241242, "62": 17.766469484810035, "63": 19.03460457102033, "64": 11.585574647948784, "65": 28.605939980413638, "66": 31.393165545307355, "67": 18.606148656105425, "68": 25.36657149473743, "69": 26.771053885577807, "70": 27.560490601280097, "71": 30.219280559314818, "72": 29.41203227475053, "73": 23.383223089089753, "74": 24.32730594572901, "75": 26.64792829708878, "76": 27.526645583768154, "77": 28.906870918370643, "78": 28.286650555389517 } }, "geometry": { "type": "MultiPolygon", "coordinates": [ [ [ [ 149.375, -36.625 ], [ 149.375, -36.875 ], [ 149.125, -36.875 ], [ 149.125, -37.375 ], [ 148.875, -37.375 ], [ 148.875, -37.625 ], [ 148.625, -37.625 ], [ 148.625, -36.625 ], [ 149.125, -36.625 ], [ 149.125, -36.375 ], [ 149.625, -36.375 ], [ 149.625, -36.625 ], [ 149.375, -36.625 ] ] ], [ [ [ 149.625, -36.125 ], [ 149.875, -36.125 ], [ 149.875, -35.875 ], [ 150.125, -35.875 ], [ 150.125, -36.375 ], [ 149.625, -36.375 ], [ 149.625, -36.125 ] ] ], [ [ [ 150.375, -35.875 ], [ 150.125, -35.875 ], [ 150.125, -35.625 ], [ 150.375, -35.625 ], [ 150.375, -35.875 ] ] ], [ [ [ 148.375, -35.625 ], [ 148.375, -35.375 ], [ 148.625, -35.375 ], [ 148.625, -35.625 ], [ 148.375, -35.625 ] ] ], [ [ [ 148.625, -35.125 ], [ 148.875, -35.125 ], [ 148.875, -35.375 ], [ 148.625, -35.375 ], [ 148.625, -35.125 ] ] ], [ [ [ 149.125, -34.625 ], [ 149.375, -34.625 ], [ 149.375, -33.125 ], [ 149.625, -33.125 ], [ 149.625, -32.625 ], [ 150.875, -32.625 ], [ 150.875, -32.125 ], [ 151.125, -32.125 ], [ 151.125, -31.625 ], [ 151.375, -31.625 ], [ 151.375, -31.375 ], [ 151.625, -31.375 ], [ 151.625, -30.625 ], [ 151.875, -30.625 ], [ 151.875, -30.125 ], [ 151.625, -30.125 ], [ 151.625, -29.875 ], [ 151.875, -29.875 ], [ 151.875, -29.375 ], [ 152.125, -29.375 ], [ 152.125, -28.625 ], [ 152.375, -28.625 ], [ 152.375, -29.125 ], [ 152.625, -29.125 ], [ 152.625, -30.375 ], [ 152.875, -30.375 ], [ 152.875, -30.875 ], [ 152.625, -30.875 ], [ 152.625, -31.625 ], [ 152.375, -31.625 ], [ 152.375, -31.875 ], [ 152.125, -31.875 ], [ 152.125, -32.375 ], [ 151.875, -32.375 ], [ 151.875, -32.125 ], [ 151.375, -32.125 ], [ 151.375, -32.625 ], [ 151.875, -32.625 ], [ 151.875, -32.875 ], [ 151.375, -32.875 ], [ 151.375, -33.375 ], [ 151.125, -33.375 ], [ 151.125, -33.625 ], [ 150.875, -33.625 ], [ 150.875, -34.125 ], [ 150.625, -34.125 ], [ 150.625, -33.875 ], [ 150.375, -33.875 ], [ 150.375, -33.625 ], [ 150.625, -33.625 ], [ 150.625, -33.125 ], [ 150.375, -33.125 ], [ 150.375, -33.375 ], [ 150.125, -33.375 ], [ 150.125, -33.625 ], [ 149.875, -33.625 ], [ 149.875, -34.125 ], [ 149.625, -34.125 ], [ 149.625, -34.875 ], [ 149.375, -34.875 ], [ 149.375, -35.125 ], [ 148.875, -35.125 ], [ 148.875, -34.875 ], [ 149.125, -34.875 ], [ 149.125, -34.625 ] ] ] ] } },
{ "type": "Feature", "properties": { "cluster_id": 61, "cohesion": 10.424271485874522, "distances": { "1": 31.285651681445646, "2": 26.87925747617313, "3": 26.93661739049927, "4": 29.642510624346556, "5": 33.82256755466288, "6": 31.07346785439078, "7": 34.09431478481605, "8": 29.963309294726496, "9": 28.232998246045124, "10": 24.51522789402826, "11": 26.436387620512022, "12": 26.286500424379717, "13": 27.86141234214172, "14": 29.267551533259958, "15": 32.90418123380667, "16": 29.443493926500967, "17": 26.836532913890167, "18": 25.65846719144519, "19": 28.34639038427622, "20": 26.537968434465817, "21": 22.967296252367856, "22": 22.869951476881983, "23": 20.081509960981812, "24": 23.87982473538244, "25": 24.80825836143459, "26": 27.634395882492683, "27": 30.277627725802184, "28": 22.757439053885072, "29": 16.171591144874565, "30": 19.655542702281664, "31": 23.66461009332491, "32": 28.893306136817383, "33": 25.170079596042854, "34": 27.092662740645547, "35": 30.904364888775778, "36": 28.858580104935246, "37": 30.445943783194668, "38": 34.22738751926942, "39": 31.96821096675724, "40": 30.083423858717534, "41": 29.46387295733574, "42": 32.90308632427216, "43": 25.84785437017096, "44": 28.13969855399374, "45": 26.59976408570577, "46": 30.647253984926778, "47": 32.38733490179654, "48": 29.237542364877587, "49": 24.80724043459141, "50": 22.694804095856995, "51": 26.230895822856223, "52": 28.538441965946003, "53": 29.44429370987045, "54": 22.67783816971541, "55": 24.761782316983286, "56": 18.769042248793983, "57": 20.09423538242328, "58": 21.28035260614601, "59": 13.446008163497458, "60": 12.579160332412421, "62": 21.18589357661058, "63": 19.892662844992334, "64": 16.169779153670078, "65": 22.72019574831172, "66": 24.850072586865522, "67": 14.443698872291327, "68": 19.729635338455978, "69": 21.35139764883234, "70": 22.996993484661115, "71": 24.581679861973676, "72": 25.59988927941431, "73": 20.428621741209124, "74": 23.30071306928555, "75": 23.45855653369447, "76": 24.685265825762965, "77": 24.07345047613569, "78": 24.125924633671303 } }, "geometry": { "type": "MultiPolygon", "coordinates": [ [ [ [ 150.375, -37.375 ], [ 150.125, -37.375 ], [ 150.125, -37.625 ], [ 149.875, -37.625 ], [ 149.875, -37.875 ], [ 149.625, -37.875 ], [ 149.625, -38.125 ], [ 148.625, -38.125 ], [ 148.625, -37.875 ], [ 148.875, -37.875 ], [ 148.875, -37.625 ], [ 149.375, -37.625 ], [ 149.375, -37.375 ], [ 149.625, -37.375 ], [ 149.625, -36.875 ], [ 149.875, -36.875 ], [ 149.875, -36.375 ], [ 150.125, -36.375 ], [ 150.125, -35.875 ], [ 150.375, -35.875 ], [ 150.375, -35.375 ], [ 150.625, -35.375 ], [ 150.625, -36.375 ], [ 150.375, -36.375 ], [ 150.375, -37.375 ] ] ], [ [ [ 150.875, -35.375 ], [ 150.625, -35.375 ], [ 150.625, -35.125 ], [ 150.875, -35.125 ], [ 150.875, -35.375 ] ] ], [ [ [ 149.125, -34.875 ], [ 148.875, -34.875 ], [ 148.875, -35.125 ], [ 148.625, -35.125 ], [ 148.625, -35.375 ], [ 148.125, -35.375 ], [ 148.125, -35.125 ], [ 147.875, -35.125 ], [ 147.875, -34.875 ], [ 148.625, -34.875 ], [ 148.625, -34.625 ], [ 148.875, -34.625 ], [ 148.875, -34.375 ], [ 149.125, -34.375 ], [ 149.125, -33.375 ], [ 148.875, -33.375 ], [ 148.875, -33.125 ], [ 149.375, -33.125 ], [ 149.375, -34.625 ], [ 149.125, -34.625 ], [ 149.125, -34.875 ] ] ], [ [ [ 149.625, -33.125 ], [ 149.375, -33.125 ], [ 149.375, -32.875 ], [ 149.625, -32.875 ], [ 149.625, -33.125 ] ] ], [ [ [ 153.125, -31.375 ], [ 153.125, -31.875 ], [ 152.875, -31.875 ], [ 152.875, -32.375 ], [ 152.625, -32.375 ], [ 152.625, -32.625 ], [ 152.375, -32.625 ], [ 152.375, -32.875 ], [ 152.125, -32.875 ], [ 152.125, -33.125 ], [ 151.875, -33.125 ], [ 151.875, -33.375 ], [ 151.625, -33.375 ], [ 151.625, -34.125 ], [ 151.375, -34.125 ], [ 151.375, -34.375 ], [ 151.125, -34.375 ], [ 151.125, -35.125 ], [ 150.875, -35.125 ], [ 150.875, -33.625 ], [ 151.125, -33.625 ], [ 151.125, -33.375 ], [ 151.375, -33.375 ], [ 151.375, -32.875 ], [ 151.875, -32.875 ], [ 151.875, -32.375 ], [ 152.125, -32.375 ], [ 152.125, -31.875 ], [ 152.375, -31.875 ], [ 152.375, -31.625 ], [ 152.625, -31.625 ], [ 152.625, -31.125 ], [ 152.875, -31.125 ], [ 152.875, -30.375 ], [ 153.125, -30.375 ], [ 153.125, -30.125 ], [ 153.375, -30.125 ], [ 153.375, -31.375 ], [ 153.125, -31.375 ] ] ], [ [ [ 151.125, -31.625 ], [ 151.125, -32.125 ], [ 150.875, -32.125 ], [ 150.875, -32.625 ], [ 149.625, -32.625 ], [ 149.625, -32.375 ], [ 149.875, -32.375 ], [ 149.875, -31.875 ], [ 150.625, -31.875 ], [ 150.625, -31.625 ], [ 150.875, -31.625 ], [ 150.875, -31.375 ], [ 151.375, -31.375 ], [ 151.375, -31.625 ], [ 151.125, -31.625 ] ] ], [ [ [ 151.375, -30.625 ], [ 151.625, -30.625 ], [ 151.625, -31.375 ], [ 151.375, -31.375 ], [ 151.375, -30.625 ] ] ], [ [ [ 151.625, -30.125 ], [ 151.875, -30.125 ], [ 151.875, -30.625 ], [ 151.625, -30.625 ], [ 151.625, -30.125 ] ] ], [ [ [ 153.125, -29.125 ], [ 152.875, -29.125 ], [ 152.875, -29.625 ], [ 152.625, -29.625 ], [ 152.625, -29.125 ], [ 152.375, -29.125 ], [ 152.375, -28.375 ], [ 153.375, -28.375 ], [ 153.375, -28.875 ], [ 153.125, -28.875 ], [ 153.125, -29.125 ] ] ] ] } },
{ "type": "Feature", "properties": { "cluster_id": 62, "cohesion": 8.467567179143936, "distances": { "1": 28.456836209683093, "2": 28.822362797228315, "3": 24.54758420106581, "4": 27.89293519435349, "5": 34.08595829155131, "6": 33.689959252100884, "7": 37.17876387580635, "8": 33.70178358968398, "9": 35.46381709018248, "10": 33.2212750021721, "11": 31.24356835138399, "12": 34.62127545436955, "13": 37.010713914383395, "14": 33.20327389448038, "15": 38.706391934648046, "16": 36.51815637239467, "17": 32.66607297585373, "18": 28.727541223602543, "19": 30.212618379105436, "20": 29.99974965678876, "21": 27.666480945067644, "22": 28.803920285578666, "23": 18.047148669543112, "24": 12.645548270390204, "25": 18.35664421995313, "26": 25.817565041874232, "27": 31.138720384454846, "28": 32.82748451679253, "29": 23.739260023878295, "30": 29.34077421369794, "31": 23.389153429986944, "32": 32.023413582455014, "33": 30.94309233103692, "34": 28.56603404399885, "35": 37.22091572491462, "36": 32.5547714887374, "37": 34.7988174177199, "38": 39.40859333110536, "39": 39.13801741980611, "40": 34.19183301599686, "41": 32.30913049945157, "42": 38.86009684084004, "43": 35.89745446831007, "44": 35.18556409228621, "45": 35.89165131447791, "46": 35.81796666628157, "47": 39.65227190972056, "48": 37.413442260688434, "49": 32.67893047282163, "50": 27.5951790274934, "51": 32.9663770966124, "52": 36.53313994247773, "53": 37.144858537303136, "54": 29.7311173832621, "55": 29.027906759792714, "56": 27.397055564131197, "57": 29.859844685848252, "58": 30.983671148866325, "59": 24.6797958360684, "60": 17.766469484810035, "61": 21.185893576610578, "63": 14.35211834124479, "64": 14.098429416758472, "65": 34.97341729132643, "66": 36.15052115875365, "67": 27.476077170771617, "68": 30.85158483973304, "69": 32.72871018260479, "70": 34.30122119432917, "71": 36.56155509544458, "72": 36.75463392692573, "73": 24.5461576936749, "74": 26.52664992121202, "75": 29.00113205477247, "76": 33.24001061730407, "77": 34.06833714531741, "78": 31.259501266665456 } }, "geometry": { "type": "Polygon", "coordinates": [ [ [ 149.125, -35.375 ], [ 149.125, -35.625 ], [ 148.375, -35.625 ], [ 148.375, -36.375 ], [ 148.125, -36.375 ], [ 148.125, -36.625 ], [ 147.625, -36.625 ], [ 147.625, -36.875 ], [ 146.875, -36.875 ], [ 146.875, -37.125 ], [ 146.375, -37.125 ], [ 146.375, -37.375 ], [ 146.125, -37.375 ], [ 146.125, -37.625 ], [ 144.875, -37.625 ], [ 144.875, -37.375 ], [ 144.125, -37.375 ], [ 144.125, -37.625 ], [ 142.125, -37.625 ], [ 142.125, -37.875 ], [ 141.625, -37.875 ], [ 141.625, -38.125 ], [ 140.625, -38.125 ], [ 140.625, -38.375 ], [ 141.125, -38.375 ], [ 141.125, -38.625 ], [ 142.625, -38.625 ], [ 142.625, -38.875 ], [ 143.125, -38.875 ], [ 143.125, -39.125 ], [ 143.875, -39.125 ], [ 143.875, -38.875 ], [ 144.125, -38.875 ], [ 144.125, -38.625 ], [ 144.375, -38.625 ], [ 144.375, -38.375 ], [ 145.125, -38.375 ], [ 145.125, -38.625 ], [ 145.375, -38.625 ], [ 145.375, -38.875 ], [ 146.375, -38.875 ], [ 146.375, -38.625 ], [ 145.625, -38.625 ], [ 145.625, -38.375 ], [ 145.875, -38.375 ], [ 145.875, -38.125 ], [ 146.125, -38.125 ], [ 146.125, -37.875 ], [ 147.125, -37.875 ], [ 147.125, -37.625 ], [ 148.625, -37.625 ], [ 148.625, -36.625 ], [ 148.875, -36.625 ], [ 148.875, -36.375 ], [ 149.375, -36.375 ], [ 149.375, -35.875 ], [ 149.625, -35.875 ], [ 149.625, -35.375 ], [ 149.125, -35.375 ] ] ] } },
{ "type": "Feature", "properties": { "cluster_id": 63, "cohesion": 6.8898779192984287, "distances": { "1": 24.777229904039437, "2": 24.15116510734599, "3": 20.814595270650315, "4": 23.843120060148674, "5": 30.65339929147799, "6": 30.33962724650273, "7": 33.48329306751615, "8": 28.949937897707393, "9": 30.420085687008466, "10": 28.017896383008747, "11": 26.362434004422525, "12": 30.407265529394785, "13": 31.619432445299964, "14": 30.301327264181296, "15": 34.03414161660487, "16": 31.970114346530277, "17": 29.4626510188728, "18": 26.712118789946736, "19": 25.967904744603626, "20": 26.522242620480885, "21": 24.84761701404605, "22": 24.01173400490525, "23": 22.368957300303272, "24": 18.98783203485686, "25": 23.413231320190278, "26": 26.6982625570379, "27": 30.93439249599289, "28": 31.833302169295578, "29": 26.24470294703394, "30": 30.00733365272273, "31": 27.172253360952936, "32": 31.87343841592519, "33": 31.314018259526065, "34": 23.537129207339987, "35": 30.570488074093568, "36": 25.934803281029968, "37": 29.059509432129925, "38": 34.10789120847117, "39": 33.52596648315291, "40": 29.3543249579886, "41": 29.425175137199293, "42": 34.43656756101567, "43": 31.46547533715789, "44": 32.79472564232416, "45": 32.93369202896878, "46": 32.72416057387652, "47": 35.05277404430849, "48": 32.88692730993043, "49": 28.57060925396909, "50": 24.961793383987384, "51": 29.286456637073034, "52": 31.280854801108465, "53": 32.87921949351532, "54": 26.41739842503318, "55": 24.836121606311092, "56": 23.762762970705346, "57": 26.816812074287864, "58": 26.74446934416875, "59": 22.120283175390004, "60": 19.034604571020335, "61": 19.892662844992334, "62": 14.352118341244793, "64": 14.710511629105929, "65": 30.17741361951004, "66": 32.06803043124214, "67": 26.40436329839041, "68": 28.881303394153118, "69": 28.2739624502642, "70": 29.10693151374775, "71": 31.340278436089914, "72": 31.28902399862061, "73": 21.730803819793156, "74": 24.610861764400102, "75": 26.509034000061998, "76": 29.49290691255366, "77": 30.00051375794148, "78": 28.11164109968001 } }, "geometry": { "type": "Polygon", "coordinates": [ [ [ 144.875, -40.375 ], [ 144.875, -40.625 ], [ 144.625, -40.625 ], [ 144.625, -40.875 ], [ 144.375, -40.875 ], [ 144.375, -41.375 ], [ 144.625, -41.375 ], [ 144.625, -41.875 ], [ 144.875, -41.875 ], [ 144.875, -42.125 ], [ 145.125, -42.125 ], [ 145.125, -42.375 ], [ 144.875, -42.375 ], [ 144.875, -42.625 ], [ 145.125, -42.625 ], [ 145.125, -42.875 ], [ 145.375, -42.875 ], [ 145.375, -43.125 ], [ 145.625, -43.125 ], [ 145.625, -43.375 ], [ 145.875, -43.375 ], [ 145.875, -43.625 ], [ 147.125, -43.625 ], [ 147.125, -43.375 ], [ 147.375, -43.375 ], [ 147.375, -43.125 ], [ 147.875, -43.125 ], [ 147.875, -42.875 ], [ 148.125, -42.875 ], [ 148.125, -42.625 ], [ 148.375, -42.625 ], [ 148.375, -42.125 ], [ 148.625, -42.125 ], [ 148.625, -40.875 ], [ 148.375, -40.875 ], [ 148.375, -40.625 ], [ 148.125, -40.625 ], [ 148.125, -40.375 ], [ 147.875, -40.375 ], [ 147.875, -40.625 ], [ 146.625, -40.625 ], [ 146.625, -40.875 ], [ 146.125, -40.875 ], [ 146.125, -40.625 ], [ 145.125, -40.625 ], [ 145.125, -40.375 ], [ 144.875, -40.375 ] ] ] } },
{ "type": "Feature", "properties": { "cluster_id": 64, "cohesion": 8.7801626880048129, "distances": { "1": 27.935062691255126, "2": 28.433195638467247, "3": 25.84649525119123, "4": 28.09802466881251, "5": 29.760571667132766, "6": 28.44953759913074, "7": 30.90761710502716, "8": 28.875968708895254, "9": 29.035730067287286, "10": 28.55146415119182, "11": 28.01379580440682, "12": 27.99218552807967, "13": 30.10523007431929, "14": 27.53247764461429, "15": 31.39721073424373, "16": 29.362276298359884, "17": 26.651887399459405, "18": 24.081412491655577, "19": 26.57141179953235, "20": 25.59187993033002, "21": 23.60020839806448, "22": 25.428541437826127, "23": 21.576445813560067, "24": 21.369080806015404, "25": 25.406987776841945, "26": 31.08840949049775, "27": 35.2138931370366, "28": 31.973181547424517, "29": 23.345770456845543, "30": 28.652437515802124, "31": 27.38298905609825, "32": 34.8204390747559, "33": 32.21925824208541, "34": 27.965983217933704, "35": 35.24413034499658, "36": 30.86323507998073, "37": 33.9582856329368, "38": 39.40333359949481, "39": 37.6724716075089, "40": 34.67056801238163, "41": 34.79094443471501, "42": 39.544099981686585, "43": 33.13675948716938, "44": 35.70546671604889, "45": 35.15434224432813, "46": 37.412746889809036, "47": 39.13434318191472, "48": 36.47860592142461, "49": 31.1923768860137, "50": 27.51937536788488, "51": 31.05659395713616, "52": 34.36198125776668, "53": 35.72121417188326, "54": 29.008258355937475, "55": 29.02332920529737, "56": 24.567277879770515, "57": 27.35195078841207, "58": 27.220223996772525, "59": 19.751521127390426, "60": 11.585574647948784, "61": 16.169779153670078, "62": 14.098429416758472, "63": 14.71051162910593, "65": 31.351036427813153, "66": 33.74153970168704, "67": 24.14690955163937, "68": 29.34887045199965, "69": 29.58475469503813, "70": 29.623237081963847, "71": 31.93274725236553, "72": 30.520249132073754, "73": 22.995422728332578, "74": 23.128547981027474, "75": 26.19717469000793, "76": 27.670906218459166, "77": 29.550411031245808, "78": 28.135385459222682 } }, "geometry": { "type": "MultiPolygon", "coordinates": [ [ [ [ 148.625, -37.875 ], [ 148.625, -38.125 ], [ 148.125, -38.125 ], [ 148.125, -38.375 ], [ 147.375, -38.375 ], [ 147.375, -38.625 ], [ 147.125, -38.625 ], [ 147.125, -38.875 ], [ 146.625, -38.875 ], [ 146.625, -39.125 ], [ 145.875, -39.125 ], [ 145.875, -38.875 ], [ 146.375, -38.875 ], [ 146.375, -38.625 ], [ 145.625, -38.625 ], [ 145.625, -38.375 ], [ 145.875, -38.375 ], [ 145.875, -38.125 ], [ 146.125, -38.125 ], [ 146.125, -37.875 ], [ 147.125, -37.875 ], [ 147.125, -37.625 ], [ 148.875, -37.625 ], [ 148.875, -37.875 ], [ 148.625, -37.875 ] ] ], [ [ [ 149.125, -37.375 ], [ 149.125, -36.875 ], [ 149.375, -36.875 ], [ 149.375, -36.625 ], [ 149.625, -36.625 ], [ 149.625, -36.375 ], [ 149.875, -36.375 ], [ 149.875, -36.875 ], [ 149.625, -36.875 ], [ 149.625, -37.375 ], [ 149.375, -37.375 ], [ 149.375, -37.625 ], [ 148.875, -37.625 ], [ 148.875, -37.375 ], [ 149.125, -37.375 ] ] ], [ [ [ 150.625, -33.625 ], [ 150.375, -33.625 ], [ 150.375, -33.875 ], [ 150.625, -33.875 ], [ 150.625, -34.125 ], [ 150.875, -34.125 ], [ 150.875, -35.125 ], [ 150.625, -35.125 ], [ 150.625, -35.375 ], [ 150.375, -35.375 ], [ 150.375, -35.625 ], [ 150.125, -35.625 ], [ 150.125, -35.875 ], [ 149.875, -35.875 ], [ 149.875, -36.125 ], [ 149.625, -36.125 ], [ 149.625, -36.375 ], [ 149.375, -36.375 ], [ 149.375, -35.875 ], [ 149.625, -35.875 ], [ 149.625, -35.375 ], [ 149.125, -35.375 ], [ 149.125, -35.625 ], [ 148.625, -35.625 ], [ 148.625, -35.375 ], [ 148.875, -35.375 ], [ 148.875, -35.125 ], [ 149.375, -35.125 ], [ 149.375, -34.875 ], [ 149.625, -34.875 ], [ 149.625, -34.125 ], [ 149.875, -34.125 ], [ 149.875, -33.625 ], [ 150.125, -33.625 ], [ 150.125, -33.375 ], [ 150.375, -33.375 ], [ 150.375, -33.125 ], [ 150.625, -33.125 ], [ 150.625, -33.625 ] ] ], [ [ [ 151.875, -32.625 ], [ 151.375, -32.625 ], [ 151.375, -32.125 ], [ 151.875, -32.125 ], [ 151.875, -32.625 ] ] ] ] } },
{ "type": "Feature", "properties": { "cluster_id": 65, "cohesion": 6.0394918107731366, "distances": { "1": 37.11346388654352, "2": 29.963549642600107, "3": 31.601476890188916, "4": 34.36880883577052, "5": 41.210894934010064, "6": 37.831842834946826, "7": 40.0525742149867, "8": 33.97790608279634, "9": 28.973379116973824, "10": 22.035026746011532, "11": 28.626462295414036, "12": 26.51667843116018, "13": 24.497136694855044, "14": 35.053011704221774, "15": 35.22276156422871, "16": 30.72268360573682, "17": 30.19232372062231, "18": 32.4803082482793, "19": 35.06429473361748, "20": 32.82169605161988, "21": 29.731477990632218, "22": 28.071312732090398, "23": 29.920219857596805, "24": 34.96267259339276, "25": 33.486045924999026, "26": 31.813863759666475, "27": 31.73567846553023, "28": 17.068210340048545, "29": 24.99624563493917, "30": 20.54467663074737, "31": 30.106163715731313, "32": 29.06165793459607, "33": 24.433290635490895, "34": 31.937846219088637, "35": 32.15182007022885, "36": 32.781861984405474, "37": 31.73229666603706, "38": 33.98983633612379, "39": 31.550979466442097, "40": 30.643356911602506, "41": 29.918020334559742, "42": 30.47822762858614, "43": 20.536565947261288, "44": 24.218880114407767, "45": 18.815292216451667, "46": 28.52703877406814, "47": 30.24591686871535, "48": 25.61343879403633, "49": 26.34534391018877, "50": 26.14264475422572, "51": 28.031581093936182, "52": 29.236432116278984, "53": 28.271354346309955, "54": 23.579534025112594, "55": 27.010831795247164, "56": 24.63000725400944, "57": 22.465460145237167, "58": 20.365227925092835, "59": 22.80114742081877, "60": 28.605939980413638, "61": 22.72019574831172, "62": 34.97341729132643, "63": 30.17741361951004, "64": 31.351036427813153, "66": 12.143001985526247, "67": 19.971810273012803, "68": 17.86290417632117, "69": 10.744781024429201, "70": 12.20064390449018, "71": 11.938702851037998, "72": 18.23331123764339, "73": 26.108787250485207, "74": 29.82976929818293, "75": 27.30144225325343, "76": 24.31761329212038, "77": 21.024099572367284, "78": 25.239922983069224 } }, "geometry": { "type": "Polygon", "coordinates": [ [ [ 139.875, -24.625 ], [ 139.875, -25.125 ], [ 140.125, -25.125 ], [ 140.125, -25.375 ], [ 140.375, -25.375 ], [ 140.375, -25.625 ], [ 140.125, -25.625 ], [ 140.125, -26.125 ], [ 140.375, -26.125 ], [ 140.375, -26.375 ], [ 141.375, -26.375 ], [ 141.375, -26.625 ], [ 141.625, -26.625 ], [ 141.625, -26.875 ], [ 142.375, -26.875 ], [ 142.375, -27.125 ], [ 143.375, -27.125 ], [ 143.375, -27.375 ], [ 144.125, -27.375 ], [ 144.125, -27.875 ], [ 144.625, -27.875 ], [ 144.625, -27.375 ], [ 145.125, -27.375 ], [ 145.125, -26.875 ], [ 144.375, -26.875 ], [ 144.375, -26.625 ], [ 143.875, -26.625 ], [ 143.875, -26.375 ], [ 143.625, -26.375 ], [ 143.625, -26.125 ], [ 143.125, -26.125 ], [ 143.125, -26.375 ], [ 142.625, -26.375 ], [ 142.625, -26.125 ], [ 142.375, -26.125 ], [ 142.375, -25.625 ], [ 142.125, -25.625 ], [ 142.125, -25.375 ], [ 141.875, -25.375 ], [ 141.875, -25.625 ], [ 141.625, -25.625 ], [ 141.625, -25.375 ], [ 141.375, -25.375 ], [ 141.375, -25.125 ], [ 140.875, -25.125 ], [ 140.875, -24.875 ], [ 140.625, -24.875 ], [ 140.625, -24.625 ], [ 139.875, -24.625 ] ] ] } },
{ "type": "Feature", "properties": { "cluster_id": 66, "cohesion": 8.1552971865868518, "distances": { "1": 41.57343094644793, "2": 33.732120488725734, "3": 34.68009768965135, "4": 38.382343807703975, "5": 46.2691514352099, "6": 42.6861436949821, "7": 45.69143556168373, "8": 39.90099679315762, "9": 35.39534740711898, "10": 28.425236352570128, "11": 34.02691269455352, "12": 30.411927173992247, "13": 30.350325876099962, "14": 39.2215636741849, "15": 41.222630468897, "16": 35.88681923914714, "17": 33.88239396678985, "18": 35.30915897392082, "19": 39.06715946553969, "20": 36.71817228043087, "21": 32.14748982017888, "22": 30.15559356570207, "23": 28.04351626757362, "24": 34.85430811890247, "25": 31.723102889259394, "26": 29.468318956407394, "27": 27.29826853364624, "28": 13.670312189610499, "29": 24.195125518430586, "30": 19.61013419869265, "31": 26.884315671963833, "32": 23.153780193921495, "33": 18.86218213164498, "34": 33.68965907559181, "35": 31.811287981851645, "36": 33.991766428246706, "37": 32.15276074182539, "38": 31.841787337728118, "39": 29.102232856097135, "40": 30.12403770362511, "41": 27.899294903708736, "42": 26.945921733666673, "43": 16.28910272766131, "44": 17.53665660915475, "45": 11.576244916193808, "46": 23.943231828670758, "47": 25.9076067067612, "48": 20.98151620646865, "49": 24.520350539586143, "50": 25.192619109407683, "51": 25.61114166398888, "52": 27.127054141217393, "53": 24.04942302314827, "54": 26.27196795393997, "55": 29.990324090104256, "56": 28.828067732680125, "57": 26.42813429778963, "58": 26.135102448465954, "59": 26.858096102104955, "60": 31.39316554530735, "61": 24.850072586865522, "62": 36.15052115875365, "63": 32.06803043124214, "64": 33.741539701687046, "65": 12.143001985526247, "67": 22.60317140579001, "68": 19.873488565008454, "69": 17.635887903584738, "70": 19.675894323888556, "71": 13.400142434513738, "72": 22.195335820405468, "73": 26.81326309389417, "74": 31.081200937269916, "75": 26.884634745767393, "76": 26.3108694929359, "77": 20.14181865753477, "78": 23.75890932859317 } }, "geometry": { "type": "MultiPolygon", "coordinates": [ [ [ [ 135.875, -23.375 ], [ 135.875, -23.625 ], [ 136.375, -23.625 ], [ 136.375, -23.875 ], [ 136.625, -23.875 ], [ 136.625, -24.125 ], [ 137.125, -24.125 ], [ 137.125, -24.375 ], [ 137.375, -24.375 ], [ 137.375, -24.625 ], [ 137.875, -24.625 ], [ 137.875, -24.875 ], [ 138.625, -24.875 ], [ 138.625, -25.125 ], [ 138.875, -25.125 ], [ 138.875, -25.375 ], [ 139.625, -25.375 ], [ 139.625, -25.875 ], [ 140.125, -25.875 ], [ 140.125, -26.125 ], [ 140.375, -26.125 ], [ 140.375, -26.375 ], [ 141.375, -26.375 ], [ 141.375, -26.625 ], [ 141.625, -26.625 ], [ 141.625, -26.875 ], [ 142.375, -26.875 ], [ 142.375, -27.125 ], [ 143.375, -27.125 ], [ 143.375, -27.375 ], [ 144.125, -27.375 ], [ 144.125, -27.875 ], [ 144.625, -27.875 ], [ 144.625, -28.375 ], [ 144.375, -28.375 ], [ 144.375, -28.625 ], [ 143.625, -28.625 ], [ 143.625, -28.875 ], [ 143.375, -28.875 ], [ 143.375, -28.625 ], [ 143.125, -28.625 ], [ 143.125, -28.125 ], [ 142.625, -28.125 ], [ 142.625, -28.375 ], [ 142.125, -28.375 ], [ 142.125, -28.625 ], [ 141.625, -28.625 ], [ 141.625, -28.375 ], [ 140.375, -28.375 ], [ 140.375, -27.625 ], [ 140.125, -27.625 ], [ 140.125, -27.375 ], [ 139.875, -27.375 ], [ 139.875, -27.125 ], [ 139.375, -27.125 ], [ 139.375, -27.375 ], [ 138.625, -27.375 ], [ 138.625, -27.125 ], [ 138.375, -27.125 ], [ 138.375, -27.375 ], [ 137.875, -27.375 ], [ 137.875, -27.125 ], [ 137.625, -27.125 ], [ 137.625, -26.875 ], [ 137.375, -26.875 ], [ 137.375, -26.625 ], [ 137.125, -26.625 ], [ 137.125, -26.125 ], [ 136.875, -26.125 ], [ 136.875, -25.875 ], [ 136.625, -25.875 ], [ 136.625, -25.625 ], [ 136.125, -25.625 ], [ 136.125, -25.375 ], [ 135.875, -25.375 ], [ 135.875, -25.125 ], [ 135.625, -25.125 ], [ 135.625, -24.875 ], [ 134.625, -24.875 ], [ 134.625, -24.625 ], [ 134.375, -24.625 ], [ 134.375, -24.375 ], [ 134.125, -24.375 ], [ 134.125, -24.125 ], [ 134.375, -24.125 ], [ 134.375, -23.875 ], [ 134.625, -23.875 ], [ 134.625, -23.625 ], [ 134.375, -23.625 ], [ 134.375, -23.375 ], [ 135.875, -23.375 ] ] ], [ [ [ 133.875, -23.625 ], [ 133.875, -23.875 ], [ 133.625, -23.875 ], [ 133.625, -23.625 ], [ 133.875, -23.625 ] ] ] ] } },
{ "type": "Feature", "properties": { "cluster_id": 67, "cohesion": 8.0389811992048568, "distances": { "1": 35.74154017752372, "2": 28.895138272525767, "3": 30.52563328256938, "4": 33.20882859762164, "5": 39.49300709325066, "6": 36.760490588797914, "7": 39.78306757232233, "8": 34.146528673182814, "9": 32.10428263619533, "10": 26.110897287591605, "11": 29.029952575026847, "12": 31.189055474010107, "13": 31.491025962241014, "14": 35.228409714351024, "15": 38.13609283818218, "16": 34.57567352042143, "17": 32.526628444337405, "18": 31.91073144784041, "19": 33.48556037867194, "20": 31.92012023767714, "21": 28.398396478374774, "22": 26.98751365042422, "23": 23.463390657276904, "24": 27.38307194225645, "25": 27.141328691475973, "26": 28.00925300586607, "27": 30.402101075398136, "28": 19.185276653398294, "29": 14.811105871641896, "30": 15.296686535985076, "31": 24.972606032705947, "32": 29.021676254424847, "33": 24.42603563833686, "34": 30.39924755302188, "35": 32.85466143416396, "36": 31.982075449731354, "37": 32.207490157278166, "38": 34.888532749872745, "39": 33.1825222762387, "40": 30.543002705552198, "41": 28.88846470317795, "42": 32.203425910055714, "43": 26.95670592488368, "44": 27.414161586368447, "45": 24.85236699059894, "46": 29.836876482943826, "47": 32.610639033063755, "48": 29.423722193598234, "49": 25.419699836516955, "50": 24.25811983061073, "51": 29.188236786140717, "52": 30.193538600511364, "53": 30.83948903901591, "54": 21.174926866557126, "55": 24.36963563830923, "56": 16.692875579924117, "57": 17.298849026654832, "58": 20.885816474357117, "59": 13.29245746215751, "60": 18.606148656105425, "61": 14.443698872291327, "62": 27.476077170771617, "63": 26.404363298390408, "64": 24.146909551639375, "65": 19.97181027301281, "66": 22.60317140579001, "68": 13.855731449284502, "69": 18.37505059590132, "70": 22.637845309625394, "71": 24.886758411898988, "72": 28.083706490914274, "73": 24.57165592372551, "74": 29.274011995269053, "75": 28.173660917668894, "76": 29.303358116973428, "77": 27.39134122656342, "78": 28.26396543449348 } }, "geometry": { "type": "MultiPolygon", "coordinates": [ [ [ [ 151.875, -26.875 ], [ 151.875, -29.375 ], [ 151.625, -29.375 ], [ 151.625, -29.875 ], [ 151.375, -29.875 ], [ 151.375, -30.125 ], [ 151.625, -30.125 ], [ 151.625, -30.625 ], [ 151.375, -30.625 ], [ 151.375, -31.375 ], [ 150.875, -31.375 ], [ 150.875, -31.625 ], [ 150.625, -31.625 ], [ 150.625, -31.875 ], [ 149.875, -31.875 ], [ 149.875, -32.375 ], [ 149.625, -32.375 ], [ 149.625, -32.875 ], [ 149.375, -32.875 ], [ 149.375, -33.125 ], [ 148.625, -33.125 ], [ 148.625, -32.875 ], [ 148.375, -32.875 ], [ 148.375, -31.625 ], [ 148.625, -31.625 ], [ 148.625, -30.625 ], [ 148.875, -30.625 ], [ 148.875, -30.375 ], [ 150.125, -30.375 ], [ 150.125, -29.875 ], [ 150.875, -29.875 ], [ 150.875, -29.125 ], [ 151.125, -29.125 ], [ 151.125, -28.875 ], [ 151.375, -28.875 ], [ 151.375, -27.625 ], [ 151.625, -27.625 ], [ 151.625, -26.875 ], [ 151.875, -26.875 ] ] ], [ [ [ 151.375, -26.875 ], [ 151.375, -26.625 ], [ 151.625, -26.625 ], [ 151.625, -26.875 ], [ 151.375, -26.875 ] ] ] ] } },
{ "type": "Feature", "properties": { "cluster_id": 68, "cohesion": 9.0008212148083295, "distances": { "1": 37.01934751372349, "2": 28.074956329942548, "3": 29.9973543038915, "4": 33.46258245822322, "5": 42.491234914379426, "6": 39.44182056085041, "7": 42.961514500530406, "8": 36.03159285023682, "9": 33.97359547404169, "10": 25.70807872560067, "11": 29.08366389336346, "12": 32.85087037843106, "13": 33.2869224647632, "14": 37.50430545158371, "15": 41.22480235035146, "16": 37.140281557816905, "17": 34.24451813728642, "18": 33.7753240004568, "19": 35.94833729965177, "20": 33.891127010876495, "21": 29.854262357413685, "22": 28.125606798269494, "23": 25.36503674012155, "24": 29.176504267411268, "25": 27.696827247189486, "26": 26.339619471028563, "27": 27.403101887095335, "28": 16.999188387732186, "29": 18.007244408658384, "30": 14.98818395543682, "31": 25.122931532661653, "32": 26.008713792892106, "33": 23.068787241572725, "34": 31.91413675793041, "35": 32.48730205138639, "36": 33.05284405025581, "37": 32.145353885378064, "38": 32.991829432928256, "39": 31.49755936471296, "40": 29.617923159684644, "41": 26.408694006020912, "42": 29.0774921244996, "43": 25.066942880123456, "44": 23.69104616391924, "45": 21.461957582723777, "46": 25.916043957055653, "47": 29.749340360221556, "48": 26.7637112138039, "49": 23.75682573487724, "50": 22.68403734313099, "51": 27.814468818426132, "52": 28.780762667744575, "53": 28.591962529230962, "54": 17.59367745420075, "55": 22.659582731153012, "56": 19.481625019880376, "57": 15.24991911922896, "58": 19.147509676106335, "59": 19.071179379895042, "60": 25.36657149473743, "61": 19.729635338455978, "62": 30.85158483973304, "63": 28.88130339415312, "64": 29.34887045199965, "65": 17.86290417632117, "66": 19.873488565008458, "67": 13.855731449284503, "69": 14.794498730546492, "70": 21.457817488782165, "71": 23.876515730804353, "72": 28.88948843902999, "73": 24.465204982617202, "74": 30.393599596384888, "75": 27.9218145575832, "76": 30.017187557035115, "77": 27.013719237337707, "78": 27.712934215217647 } }, "geometry": { "type": "Polygon", "coordinates": [ [ [ 146.375, -25.125 ], [ 146.375, -25.375 ], [ 145.875, -25.375 ], [ 145.875, -25.625 ], [ 145.625, -25.625 ], [ 145.625, -25.875 ], [ 145.125, -25.875 ], [ 145.125, -26.625 ], [ 144.875, -26.625 ], [ 144.875, -26.875 ], [ 145.125, -26.875 ], [ 145.125, -27.375 ], [ 144.625, -27.375 ], [ 144.625, -28.375 ], [ 144.875, -28.375 ], [ 144.875, -28.875 ], [ 145.125, -28.875 ], [ 145.125, -29.125 ], [ 146.625, -29.125 ], [ 146.625, -29.375 ], [ 146.875, -29.375 ], [ 146.875, -29.625 ], [ 147.125, -29.625 ], [ 147.125, -29.875 ], [ 147.625, -29.875 ], [ 147.625, -30.375 ], [ 147.875, -30.375 ], [ 147.875, -30.875 ], [ 148.125, -30.875 ], [ 148.125, -31.375 ], [ 148.625, -31.375 ], [ 148.625, -30.625 ], [ 148.875, -30.625 ], [ 148.875, -30.375 ], [ 150.125, -30.375 ], [ 150.125, -29.875 ], [ 150.875, -29.875 ], [ 150.875, -29.125 ], [ 151.125, -29.125 ], [ 151.125, -28.875 ], [ 151.375, -28.875 ], [ 151.375, -27.625 ], [ 151.625, -27.625 ], [ 151.625, -26.875 ], [ 151.375, -26.875 ], [ 151.375, -26.625 ], [ 151.125, -26.625 ], [ 151.125, -26.375 ], [ 149.125, -26.375 ], [ 149.125, -26.125 ], [ 148.875, -26.125 ], [ 148.875, -25.875 ], [ 149.125, -25.875 ], [ 149.125, -25.625 ], [ 148.375, -25.625 ], [ 148.375, -25.375 ], [ 148.125, -25.375 ], [ 148.125, -25.125 ], [ 146.375, -25.125 ] ] ] } },
{ "type": "Feature", "properties": { "cluster_id": 69, "cohesion": 5.1117108267834697, "distances": { "1": 32.93247442028135, "2": 24.943475205347855, "3": 27.4019524942623, "4": 29.895379120719806, "5": 37.519519747866404, "6": 34.343910585625885, "7": 36.73411145478562, "8": 29.462904348865365, "9": 25.66382881300286, "10": 17.078170806806877, "11": 23.030229436498015, "12": 26.009156605369977, "13": 24.19829006162208, "14": 32.327539668210605, "15": 33.284559130981656, "16": 29.528279685249117, "17": 28.613203423567352, "18": 30.257057059239724, "19": 31.83213583136987, "20": 29.581444978266017, "21": 27.125083397775274, "22": 25.61959268214203, "23": 29.73318954769644, "24": 32.61375025947863, "25": 32.057817473804405, "26": 29.97975674810318, "27": 31.219058172771362, "28": 20.195830599129135, "29": 24.66656625975558, "30": 21.113687112834405, "31": 30.366964141057565, "32": 30.06167623702394, "33": 26.9324380175271, "34": 29.771193353947186, "35": 31.471876834207034, "36": 31.22165544394202, "37": 30.308640926142346, "38": 33.408042572136814, "39": 31.814691717784452, "40": 29.16554482731788, "41": 28.14226576327999, "42": 30.343449707412258, "43": 23.502152732687506, "44": 26.26401505014846, "45": 22.56443427082927, "46": 28.378621936713774, "47": 31.203864488962562, "48": 27.153361084127805, "49": 25.987049846840012, "50": 24.563189605237238, "51": 28.26264218284359, "52": 29.420253597545816, "53": 29.670442769986103, "54": 17.83445573572027, "55": 21.9293680360564, "56": 20.060606249404675, "57": 16.214392311664238, "58": 13.32099514300717, "59": 19.78695548778425, "60": 26.771053885577807, "61": 21.35139764883234, "62": 32.728710182604786, "63": 28.273962450264204, "64": 29.58475469503813, "65": 10.7447810244292, "66": 17.635887903584738, "67": 18.37505059590132, "68": 14.794498730546492, "70": 11.027561838448632, "71": 17.297138915819435, "72": 20.636948202225177, "73": 23.927515814496765, "74": 28.337273915859072, "75": 26.70067991885183, "76": 24.69694531486273, "77": 23.18485276347477, "78": 26.1055651923672 } }, "geometry": { "type": "Polygon", "coordinates": [ [ [ 144.375, -25.125 ], [ 144.375, -25.375 ], [ 144.125, -25.375 ], [ 144.125, -25.625 ], [ 143.375, -25.625 ], [ 143.375, -26.125 ], [ 143.625, -26.125 ], [ 143.625, -26.375 ], [ 143.875, -26.375 ], [ 143.875, -26.625 ], [ 144.375, -26.625 ], [ 144.375, -26.875 ], [ 144.875, -26.875 ], [ 144.875, -26.625 ], [ 145.125, -26.625 ], [ 145.125, -25.875 ], [ 145.625, -25.875 ], [ 145.625, -25.625 ], [ 145.875, -25.625 ], [ 145.875, -25.375 ], [ 146.125, -25.375 ], [ 146.125, -25.125 ], [ 144.375, -25.125 ] ] ] } },
{ "type": "Feature", "properties": { "cluster_id": 70, "cohesion": 7.5277261250383649, "distances": { "1": 32.288849799387464, "2": 26.07495381323405, "3": 28.55500816331782, "4": 30.139426207609194, "5": 34.86425096214373, "6": 31.390561070317357, "7": 32.617452657453526, "8": 26.249234537469196, "9": 20.173743355388556, "10": 13.455965643076036, "11": 21.58606445016306, "12": 21.24412316219036, "13": 17.338299471524113, "14": 29.17203645385651, "15": 27.466550259521895, "16": 24.034845035066997, "17": 24.87960536271406, "18": 28.26412786711246, "19": 30.187524726000614, "20": 27.68970737463809, "21": 26.292830933110775, "22": 25.544501336955467, "23": 32.57415231604744, "24": 35.71329015680464, "25": 35.68048554133927, "26": 34.54790817757453, "27": 35.61965565906284, "28": 24.206479409189434, "29": 28.668261831626932, "30": 25.820771004040107, "31": 33.895642538267204, "32": 33.98417572523896, "33": 30.257921211729496, "34": 30.492288289672608, "35": 32.36265157038747, "36": 31.586519319550725, "37": 31.591335201532733, "38": 35.89021556783525, "39": 33.47367052897161, "40": 31.983224891202124, "41": 32.59982216091642, "42": 33.9796721350247, "43": 24.114396875737885, "44": 29.84450505723124, "45": 25.697885718314172, "46": 32.704416648227806, "47": 33.819095065058335, "48": 29.539595759023456, "49": 28.70054554566178, "50": 27.632957041936688, "51": 29.297110760000287, "52": 30.88604654781681, "53": 31.34888515759877, "54": 22.077005506489694, "55": 25.145551951332916, "56": 23.3535454742381, "57": 20.77792042319111, "58": 15.197236131137446, "59": 22.034829447690097, "60": 27.5604906012801, "61": 22.996993484661118, "62": 34.30122119432917, "63": 29.106931513747746, "64": 29.623237081963843, "65": 12.200643904490182, "66": 19.675894323888553, "67": 22.637845309625394, "68": 21.45781748878217, "69": 11.027561838448635, "71": 14.593880920567091, "72": 14.832880181315113, "73": 25.383095642831726, "74": 27.48899568829814, "75": 26.509022094468847, "76": 21.219251470119193, "77": 21.16290097552191, "78": 25.43723491342318 } }, "geometry": { "type": "Polygon", "coordinates": [ [ [ 140.125, -22.375 ], [ 140.125, -22.625 ], [ 139.125, -22.625 ], [ 139.125, -22.875 ], [ 139.625, -22.875 ], [ 139.625, -23.125 ], [ 139.875, -23.125 ], [ 139.875, -23.375 ], [ 138.875, -23.375 ], [ 138.875, -23.625 ], [ 139.125, -23.625 ], [ 139.125, -23.875 ], [ 139.625, -23.875 ], [ 139.625, -24.125 ], [ 139.875, -24.125 ], [ 139.875, -24.375 ], [ 140.125, -24.375 ], [ 140.125, -24.625 ], [ 140.625, -24.625 ], [ 140.625, -24.875 ], [ 140.875, -24.875 ], [ 140.875, -25.125 ], [ 141.375, -25.125 ], [ 141.375, -25.375 ], [ 141.625, -25.375 ], [ 141.625, -25.625 ], [ 141.875, -25.625 ], [ 141.875, -25.375 ], [ 142.125, -25.375 ], [ 142.125, -25.625 ], [ 142.375, -25.625 ], [ 142.375, -26.125 ], [ 142.625, -26.125 ], [ 142.625, -26.375 ], [ 143.125, -26.375 ], [ 143.125, -26.125 ], [ 143.375, -26.125 ], [ 143.375, -25.625 ], [ 144.125, -25.625 ], [ 144.125, -25.375 ], [ 144.375, -25.375 ], [ 144.375, -25.125 ], [ 144.125, -25.125 ], [ 144.125, -24.625 ], [ 143.875, -24.625 ], [ 143.875, -24.125 ], [ 143.625, -24.125 ], [ 143.625, -23.875 ], [ 143.375, -23.875 ], [ 143.375, -23.625 ], [ 143.125, -23.625 ], [ 143.125, -23.375 ], [ 142.125, -23.375 ], [ 142.125, -23.125 ], [ 141.875, -23.125 ], [ 141.875, -22.625 ], [ 141.625, -22.625 ], [ 141.625, -22.375 ], [ 141.125, -22.375 ], [ 141.125, -22.625 ], [ 140.625, -22.625 ], [ 140.625, -22.375 ], [ 140.125, -22.375 ] ] ] } },
{ "type": "Feature", "properties": { "cluster_id": 71, "cohesion": 7.278675044147171, "distances": { "1": 38.84337006332458, "2": 32.549458989324236, "3": 33.96509238370227, "4": 36.56089377870051, "5": 41.003705218512614, "6": 36.983656153609914, "7": 38.852392080557266, "8": 34.47069034999647, "9": 28.10093937184728, "10": 23.378937624478382, "11": 30.32348985797423, "12": 22.060829286986646, "13": 21.23448433970793, "14": 32.86737220414223, "15": 32.77008639814546, "16": 27.31854859067345, "17": 26.646418700502075, "18": 30.253056850569713, "19": 34.91442405752662, "20": 31.963584714783256, "21": 28.340439843772636, "22": 27.53447749078498, "23": 31.592156723573943, "24": 37.515655956919474, "25": 35.810660915350915, "26": 34.65373377289353, "27": 33.41779306831005, "28": 20.94276973002449, "29": 28.37680761721258, "30": 25.114604878198932, "31": 32.03072430908788, "32": 29.867978288043115, "33": 25.72635055385134, "34": 33.46137464134304, "35": 32.006258946776995, "36": 33.364565414883465, "37": 32.950405222460994, "38": 34.712459533548504, "39": 30.82768989787295, "40": 32.88222455152654, "41": 32.75218708172259, "42": 31.67792546766171, "43": 16.871689198554492, "44": 24.324902353901056, "45": 19.336020236768917, "46": 29.905827712089113, "47": 29.57065243074473, "48": 24.6081339950358, "49": 26.64908052185784, "50": 27.446755284273838, "51": 25.76084317349752, "52": 28.036487309956645, "53": 26.133898080730372, "54": 27.485857185396153, "55": 30.66539195124773, "56": 28.92811395208716, "57": 26.816818931254247, "58": 23.808684415130912, "59": 26.25853181819506, "60": 30.219280559314818, "61": 24.581679861973672, "62": 36.56155509544458, "63": 31.34027843608992, "64": 31.932747252365534, "65": 11.938702851037998, "66": 13.40014243451374, "67": 24.886758411898988, "68": 23.876515730804357, "69": 17.297138915819435, "70": 14.593880920567091, "72": 12.716479475724288, "73": 26.560708725733242, "74": 27.7125135901586, "75": 24.608082847474098, "76": 19.015606209317863, "77": 14.863454430022436, "78": 21.02586187120303 } }, "geometry": { "type": "MultiPolygon", "coordinates": [ [ [ [ 134.375, -23.125 ], [ 135.375, -23.125 ], [ 135.375, -22.875 ], [ 137.125, -22.875 ], [ 137.125, -23.125 ], [ 138.125, -23.125 ], [ 138.125, -23.375 ], [ 138.875, -23.375 ], [ 138.875, -23.625 ], [ 139.125, -23.625 ], [ 139.125, -23.875 ], [ 139.625, -23.875 ], [ 139.625, -24.125 ], [ 139.875, -24.125 ], [ 139.875, -24.375 ], [ 140.125, -24.375 ], [ 140.125, -24.625 ], [ 139.875, -24.625 ], [ 139.875, -25.125 ], [ 140.125, -25.125 ], [ 140.125, -25.375 ], [ 140.375, -25.375 ], [ 140.375, -25.625 ], [ 140.125, -25.625 ], [ 140.125, -25.875 ], [ 139.625, -25.875 ], [ 139.625, -25.375 ], [ 138.875, -25.375 ], [ 138.875, -25.125 ], [ 138.625, -25.125 ], [ 138.625, -24.875 ], [ 137.875, -24.875 ], [ 137.875, -24.625 ], [ 137.375, -24.625 ], [ 137.375, -24.375 ], [ 137.125, -24.375 ], [ 137.125, -24.125 ], [ 136.625, -24.125 ], [ 136.625, -23.875 ], [ 136.375, -23.875 ], [ 136.375, -23.625 ], [ 135.875, -23.625 ], [ 135.875, -23.375 ], [ 134.375, -23.375 ], [ 134.375, -23.125 ] ] ], [ [ [ 134.375, -23.625 ], [ 133.625, -23.625 ], [ 133.625, -23.875 ], [ 131.875, -23.875 ], [ 131.875, -24.125 ], [ 131.375, -24.125 ], [ 131.375, -23.875 ], [ 130.375, -23.875 ], [ 130.375, -23.625 ], [ 130.875, -23.625 ], [ 130.875, -23.375 ], [ 134.375, -23.375 ], [ 134.375, -23.625 ] ] ] ] } },
{ "type": "Feature", "properties": { "cluster_id": 72, "cohesion": 7.0675128528794939, "distances": { "1": 35.349358605573634, "2": 31.31638787100225, "3": 33.179550272028656, "4": 34.2065470876238, "5": 34.54025985525662, "6": 30.37666399501843, "7": 30.863040298811388, "8": 28.169284357927623, "9": 20.49464821273883, "10": 19.5789502831546, "11": 26.53547722599027, "12": 14.339038542909593, "13": 12.279387211479323, "14": 26.149647806366886, "15": 23.38091102730011, "16": 18.204140625117592, "17": 20.07718557726906, "18": 25.91856371292247, "19": 30.168395024266587, "20": 26.953000708278317, "21": 25.28062128972357, "22": 25.810645420510937, "23": 35.259041059340284, "24": 39.527463551570385, "25": 39.360990020152485, "26": 39.259877969909574, "27": 39.43397596103815, "28": 28.425509930983523, "29": 32.71246226756907, "30": 30.905611326006955, "31": 37.038537641807046, "32": 36.76315866731728, "33": 32.74855204467067, "34": 33.64434410348478, "35": 34.340942719981314, "36": 33.88089886984731, "37": 34.88665466465183, "38": 39.054417200986364, "39": 35.19252617890005, "40": 36.34700821105093, "41": 37.64570964782778, "42": 37.61898351228102, "43": 22.923668936358627, "44": 32.13551769784016, "45": 27.9742537937057, "46": 36.54566584493545, "47": 35.63007948129159, "48": 30.96639286236592, "49": 31.352478225460974, "50": 31.355606517344615, "51": 29.337310941055932, "52": 32.100712545364836, "53": 31.665067100836183, "54": 29.308709320063482, "55": 31.559760902776894, "56": 29.42786797564913, "57": 28.061193102670487, "58": 23.04260336849427, "59": 26.456788595907827, "60": 29.41203227475053, "61": 25.59988927941431, "62": 36.75463392692573, "63": 31.28902399862061, "64": 30.520249132073758, "65": 18.23331123764339, "66": 22.19533582040546, "67": 28.083706490914274, "68": 28.889488439029993, "69": 20.636948202225174, "70": 14.832880181315113, "71": 12.716479475724288, "73": 28.0328970292139, "74": 26.223187692312383, "75": 25.41561645809367, "76": 14.881549615467351, "77": 16.046327345273646, "78": 22.7496314747224 } }, "geometry": { "type": "Polygon", "coordinates": [ [ [ 132.875, -21.875 ], [ 132.875, -22.125 ], [ 131.625, -22.125 ], [ 131.625, -22.375 ], [ 130.625, -22.375 ], [ 130.625, -22.625 ], [ 130.375, -22.625 ], [ 130.375, -22.875 ], [ 130.625, -22.875 ], [ 130.625, -23.125 ], [ 130.875, -23.125 ], [ 130.875, -23.375 ], [ 134.375, -23.375 ], [ 134.375, -23.125 ], [ 135.375, -23.125 ], [ 135.375, -22.875 ], [ 137.125, -22.875 ], [ 137.125, -23.125 ], [ 138.125, -23.125 ], [ 138.125, -23.375 ], [ 139.875, -23.375 ], [ 139.875, -23.125 ], [ 139.625, -23.125 ], [ 139.625, -22.875 ], [ 139.125, -22.875 ], [ 139.125, -22.625 ], [ 138.375, -22.625 ], [ 138.375, -22.375 ], [ 138.125, -22.375 ], [ 138.125, -22.125 ], [ 137.625, -22.125 ], [ 137.625, -21.875 ], [ 136.625, -21.875 ], [ 136.625, -22.125 ], [ 136.125, -22.125 ], [ 136.125, -21.875 ], [ 132.875, -21.875 ] ] ] } },
{ "type": "Feature", "properties": { "cluster_id": 73, "cohesion": 5.0842496537616482, "distances": { "1": 29.447441647366524, "2": 24.910422630259987, "3": 23.210998093175803, "4": 27.193061428350973, "5": 33.54758887332951, "6": 30.57396929440652, "7": 34.977997146084896, "8": 30.65947339529661, "9": 29.934292112233916, "10": 25.39236986865264, "11": 26.07860358758797, "12": 26.524411233943777, "13": 30.255257289623323, "14": 27.34796467831736, "15": 34.82824498144376, "16": 30.82852554530415, "17": 25.01518743662943, "18": 20.047303828018492, "19": 27.309329305063944, "20": 24.66032627872468, "21": 18.377257658330112, "22": 20.077935836801135, "23": 25.16609529491241, "24": 25.604009109130253, "25": 26.074554407881834, "26": 25.568704012804098, "27": 27.46608913837502, "28": 27.684265108976472, "29": 25.520050463517425, "30": 27.24754141356924, "31": 27.17749960295824, "32": 27.607647945482604, "33": 28.174871484555975, "34": 25.100905280043197, "35": 28.0032101352602, "36": 27.259208353039988, "37": 27.346335056402793, "38": 29.879812694028043, "39": 27.80690081174497, "40": 26.686528303862445, "41": 26.010072874252636, "42": 29.59184159431623, "43": 24.788462869211287, "44": 26.689938453768235, "45": 27.08372822136975, "46": 27.337009096746673, "47": 29.002263324374553, "48": 27.16161989654024, "49": 19.432369532841165, "50": 12.819541141435858, "51": 18.29398955355745, "52": 23.51732193699299, "53": 25.385301559478332, "54": 22.592879823849216, "55": 23.806496659961283, "56": 24.06703813809819, "57": 23.550017820725408, "58": 23.304042674603096, "59": 22.49829771315238, "60": 23.383223089089753, "61": 20.428621741209124, "62": 24.5461576936749, "63": 21.73080381979316, "64": 22.995422728332578, "65": 26.1087872504852, "66": 26.81326309389417, "67": 24.571655923725498, "68": 24.465204982617205, "69": 23.927515814496765, "70": 25.383095642831726, "71": 26.560708725733242, "72": 28.0328970292139, "74": 13.776109451652989, "75": 13.466406302040129, "76": 22.920644934684837, "77": 23.14672739203238, "78": 19.065959176539327 } }, "geometry": { "type": "Polygon", "coordinates": [ [ [ 117.875, -20.125 ], [ 117.875, -20.375 ], [ 116.375, -20.375 ], [ 116.375, -21.125 ], [ 116.125, -21.125 ], [ 116.125, -22.125 ], [ 116.375, -22.125 ], [ 116.375, -22.375 ], [ 116.625, -22.375 ], [ 116.625, -22.625 ], [ 117.125, -22.625 ], [ 117.125, -22.875 ], [ 117.375, -22.875 ], [ 117.375, -22.625 ], [ 117.625, -22.625 ], [ 117.625, -22.375 ], [ 117.875, -22.375 ], [ 117.875, -21.375 ], [ 117.625, -21.375 ], [ 117.625, -20.875 ], [ 117.875, -20.875 ], [ 117.875, -20.625 ], [ 118.125, -20.625 ], [ 118.125, -20.375 ], [ 118.375, -20.375 ], [ 118.375, -20.125 ], [ 117.875, -20.125 ] ] ] } },
{ "type": "Feature", "properties": { "cluster_id": 74, "cohesion": 6.8120283500550043, "distances": { "1": 30.617424806495606, "2": 29.234295855280312, "3": 27.30321747893751, "4": 30.035213596218252, "5": 31.069111222117908, "6": 27.319682838701816, "7": 30.862102170221874, "8": 29.987715297801603, "9": 28.0754268068089, "10": 27.003060476080336, "11": 28.10008392666274, "12": 21.26708324153522, "13": 27.226903059840556, "14": 21.703952749230417, "15": 30.05637987159244, "16": 25.722119066352395, "17": 17.84059796172497, "18": 12.313195020605797, "19": 26.744200206352417, "20": 22.42327729936816, "21": 15.678458713229059, "22": 21.891922576680688, "23": 28.97619466318585, "24": 29.976628407884075, "25": 31.05934712856241, "26": 32.81491442979022, "27": 34.65693478844614, "28": 32.345000820019536, "29": 29.735663225875246, "30": 31.853290656241114, "31": 31.70883694071143, "32": 33.6932033110867, "33": 32.98535644818699, "34": 31.200398511524245, "35": 34.72351092262644, "36": 33.308178501638906, "37": 34.78531337574982, "38": 38.191978126369015, "39": 34.775873512177746, "40": 35.21781008628208, "41": 34.66907933295638, "42": 37.77007409730284, "43": 27.887964858295433, "44": 32.78146525049917, "45": 32.45114948507916, "46": 35.28736395365556, "47": 35.72263439947858, "48": 33.23614019434658, "49": 26.5626998654132, "50": 21.97756362563474, "51": 22.26742766326565, "52": 29.692338499626885, "53": 30.215466310616716, "54": 28.814152610468156, "55": 29.95993673620679, "56": 29.322897690680186, "57": 28.76092751347397, "58": 26.715676114675414, "59": 26.147911028287652, "60": 24.32730594572901, "61": 23.30071306928555, "62": 26.52664992121202, "63": 24.610861764400102, "64": 23.128547981027474, "65": 29.829769298182935, "66": 31.081200937269916, "67": 29.27401199526905, "68": 30.393599596384885, "69": 28.33727391585907, "70": 27.48899568829814, "71": 27.712513590158604, "72": 26.223187692312383, "73": 13.776109451652992, "75": 11.440080775449864, "76": 17.36800488873453, "77": 21.476148634005025, "78": 16.945992142418877 } }, "geometry": { "type": "MultiPolygon", "coordinates": [ [ [ [ 120.375, -19.875 ], [ 119.625, -19.875 ], [ 119.625, -20.125 ], [ 119.125, -20.125 ], [ 119.125, -20.375 ], [ 118.625, -20.375 ], [ 118.625, -21.375 ], [ 119.125, -21.375 ], [ 119.125, -21.125 ], [ 119.625, -21.125 ], [ 119.625, -21.375 ], [ 120.375, -21.375 ], [ 120.375, -21.125 ], [ 120.625, -21.125 ], [ 120.625, -20.875 ], [ 121.125, -20.875 ], [ 121.125, -20.625 ], [ 122.375, -20.625 ], [ 122.375, -20.875 ], [ 122.625, -20.875 ], [ 122.625, -21.125 ], [ 123.125, -21.125 ], [ 123.125, -21.375 ], [ 122.625, -21.375 ], [ 122.625, -21.625 ], [ 122.375, -21.625 ], [ 122.375, -21.875 ], [ 122.125, -21.875 ], [ 122.125, -22.125 ], [ 121.625, -22.125 ], [ 121.625, -22.375 ], [ 121.125, -22.375 ], [ 121.125, -22.125 ], [ 120.375, -22.125 ], [ 120.375, -22.375 ], [ 119.625, -22.375 ], [ 119.625, -22.125 ], [ 119.375, -22.125 ], [ 119.375, -21.875 ], [ 117.875, -21.875 ], [ 117.875, -21.375 ], [ 117.625, -21.375 ], [ 117.625, -20.875 ], [ 117.875, -20.875 ], [ 117.875, -20.625 ], [ 118.125, -20.625 ], [ 118.125, -20.375 ], [ 118.375, -20.375 ], [ 118.375, -20.125 ], [ 118.625, -20.125 ], [ 118.625, -19.875 ], [ 119.125, -19.875 ], [ 119.125, -19.625 ], [ 120.375, -19.625 ], [ 120.375, -19.875 ] ] ], [ [ [ 120.375, -19.375 ], [ 120.625, -19.375 ], [ 120.625, -19.625 ], [ 120.375, -19.625 ], [ 120.375, -19.375 ] ] ] ] } },
{ "type": "Feature", "properties": { "cluster_id": 75, "cohesion": 7.7091374289206858, "distances": { "1": 34.88437354134158, "2": 30.616159996727863, "3": 29.553809447773464, "4": 33.09595250129448, "5": 36.49840448765982, "6": 32.54174792203071, "7": 36.231351584286024, "8": 33.86405620283143, "9": 30.985046236561992, "10": 27.93424027953157, "11": 30.251956366208383, "12": 23.3742378312937, "13": 28.89181295007087, "14": 27.064259742137228, "15": 34.31735419316152, "16": 29.195889084360246, "17": 21.89939719063796, "18": 18.80204700240862, "19": 30.532337102842746, "20": 26.62184685147852, "21": 19.46972780856151, "22": 22.700143128667257, "23": 27.63053212782894, "24": 30.709883563177087, "25": 30.023346255629754, "26": 30.492325261835695, "27": 30.303418592953598, "28": 28.654949074839994, "29": 27.971427972785804, "30": 29.157605007116125, "31": 29.110217735164834, "32": 28.651715263368427, "33": 28.674841731177313, "34": 31.600353832145654, "35": 31.227344167999888, "36": 32.3135088539236, "37": 32.849414652395936, "38": 33.66861517933601, "39": 29.056369135225335, "40": 32.73043168832587, "41": 31.454071401329063, "42": 32.49134951016153, "43": 21.926098931595654, "44": 27.070314078640596, "45": 27.243128282909858, "46": 29.964889580743087, "47": 29.08415562555131, "48": 26.957631876218016, "49": 20.982338456273364, "50": 17.93981440141343, "51": 15.022104315971536, "52": 23.519358525536845, "53": 22.839694630622155, "54": 27.610973097005967, "55": 29.76873907958011, "56": 29.634907348447715, "57": 28.120955277740002, "58": 26.874856043347727, "59": 26.859103484829873, "60": 26.64792829708878, "61": 23.458556533694473, "62": 29.001132054772476, "63": 26.509034000061998, "64": 26.19717469000793, "65": 27.30144225325343, "66": 26.884634745767393, "67": 28.173660917668894, "68": 27.921814557583197, "69": 26.70067991885183, "70": 26.509022094468847, "71": 24.608082847474098, "72": 25.415616458093677, "73": 13.46640630204013, "74": 11.440080775449864, "76": 17.256306217993856, "77": 17.374637998725436, "78": 11.519757038437366 } }, "geometry": { "type": "Polygon", "coordinates": [ [ [ 122.625, -21.375 ], [ 122.625, -21.625 ], [ 122.375, -21.625 ], [ 122.375, -21.875 ], [ 122.125, -21.875 ], [ 122.125, -22.125 ], [ 121.625, -22.125 ], [ 121.625, -22.375 ], [ 121.125, -22.375 ], [ 121.125, -22.125 ], [ 120.375, -22.125 ], [ 120.375, -22.375 ], [ 119.625, -22.375 ], [ 119.625, -22.125 ], [ 119.375, -22.125 ], [ 119.375, -21.875 ], [ 117.875, -21.875 ], [ 117.875, -22.375 ], [ 117.625, -22.375 ], [ 117.625, -22.625 ], [ 117.375, -22.625 ], [ 117.375, -23.375 ], [ 117.625, -23.375 ], [ 117.625, -23.625 ], [ 117.875, -23.625 ], [ 117.875, -23.875 ], [ 118.125, -23.875 ], [ 118.125, -24.125 ], [ 119.125, -24.125 ], [ 119.125, -23.125 ], [ 120.125, -23.125 ], [ 120.125, -23.625 ], [ 121.125, -23.625 ], [ 121.125, -23.375 ], [ 121.875, -23.375 ], [ 121.875, -23.125 ], [ 122.125, -23.125 ], [ 122.125, -22.875 ], [ 123.125, -22.875 ], [ 123.125, -22.375 ], [ 124.375, -22.375 ], [ 124.375, -22.125 ], [ 124.125, -22.125 ], [ 124.125, -21.375 ], [ 122.625, -21.375 ] ] ] } },
{ "type": "Feature", "properties": { "cluster_id": 76, "cohesion": 7.4115777420703095, "distances": { "1": 34.408078931446234, "2": 31.490156134838585, "3": 31.976893927548502, "4": 33.620192530218745, "5": 32.6122556041944, "6": 27.746786608030447, "7": 29.461224613892256, "8": 29.050099638899212, "9": 23.24805357601868, "10": 23.149261242102217, "11": 27.683005515112974, "12": 11.553385588948547, "13": 17.95230086573163, "14": 21.191629876344948, "15": 24.42175825887743, "16": 18.321720486625406, "17": 12.85417462661323, "18": 17.811162168689524, "19": 28.339331586363073, "20": 23.541780853899418, "21": 19.62058287361313, "22": 23.393592513848933, "23": 32.757763947912714, "24": 36.388966591886444, "25": 36.30191762641412, "26": 37.12487658796356, "27": 37.42388945207223, "28": 30.224843044255806, "29": 31.590410277751754, "30": 31.46146539880653, "31": 34.73047859537688, "32": 34.9451575286325, "33": 32.49396512719889, "34": 33.7535530758539, "35": 34.97957048856475, "36": 34.548466376092435, "37": 35.852142562214496, "38": 39.36170757719129, "39": 34.949330039626886, "40": 37.05242922615211, "41": 37.17782860206969, "42": 37.992125123067375, "43": 22.980124609031833, "44": 31.791731262242067, "45": 29.662894217340718, "46": 36.012048765850274, "47": 35.12645816081848, "48": 31.058923021695946, "49": 29.368254764436475, "50": 27.97467661748584, "51": 24.818220076810853, "52": 30.627884504183637, "53": 29.559849178325127, "54": 29.70248096021697, "55": 31.994308572865485, "56": 30.528518367089898, "57": 28.81023841357982, "58": 24.769371862418573, "59": 27.05723473915776, "60": 27.526645583768154, "61": 24.68526582576296, "62": 33.24001061730407, "63": 29.492906912553664, "64": 27.67090621845917, "65": 24.31761329212038, "66": 26.310869492935904, "67": 29.303358116973424, "68": 30.017187557035115, "69": 24.69694531486273, "70": 21.219251470119193, "71": 19.015606209317863, "72": 14.881549615467348, "73": 22.920644934684837, "74": 17.36800488873453, "75": 17.256306217993856, "77": 12.523771348599105, "78": 15.53115554461268 } }, "geometry": { "type": "Polygon", "coordinates": [ [ [ 128.375, -20.875 ], [ 128.375, -21.125 ], [ 128.125, -21.125 ], [ 128.125, -21.375 ], [ 127.875, -21.375 ], [ 127.875, -21.625 ], [ 127.625, -21.625 ], [ 127.625, -21.375 ], [ 126.875, -21.375 ], [ 126.875, -21.625 ], [ 126.375, -21.625 ], [ 126.375, -21.375 ], [ 125.375, -21.375 ], [ 125.375, -21.125 ], [ 124.125, -21.125 ], [ 124.125, -22.125 ], [ 125.375, -22.125 ], [ 125.375, -22.625 ], [ 127.625, -22.625 ], [ 127.625, -22.875 ], [ 128.125, -22.875 ], [ 128.125, -22.625 ], [ 128.625, -22.625 ], [ 128.625, -22.875 ], [ 129.375, -22.875 ], [ 129.375, -23.125 ], [ 130.625, -23.125 ], [ 130.625, -22.875 ], [ 130.375, -22.875 ], [ 130.375, -22.625 ], [ 130.625, -22.625 ], [ 130.625, -22.375 ], [ 130.875, -22.375 ], [ 130.875, -22.125 ], [ 130.125, -22.125 ], [ 130.125, -21.875 ], [ 129.875, -21.875 ], [ 129.875, -21.625 ], [ 128.875, -21.625 ], [ 128.875, -20.875 ], [ 128.375, -20.875 ] ] ] } },
{ "type": "Feature", "properties": { "cluster_id": 77, "cohesion": 6.6304973738714592, "distances": { "1": 38.539397466285145, "2": 32.958826935582756, "3": 33.805525014967756, "4": 36.564366182989325, "5": 39.20685877098606, "6": 34.788329595762285, "7": 37.15394774501436, "8": 34.53357349193899, "9": 28.906768910207116, "10": 25.904685947604627, "11": 30.993638813334854, "12": 19.13119257753757, "13": 23.09107844051953, "14": 29.2451128681048, "15": 32.083574428437, "16": 25.97705615545329, "17": 21.87459686063811, "18": 24.992705437256586, "19": 33.00138162265485, "20": 29.284203474771022, "21": 24.1754778021925, "22": 24.91657308128504, "23": 29.626001230101842, "24": 35.484419268805304, "25": 33.66347529847947, "26": 33.397516174665206, "27": 31.686351924307335, "28": 24.68326084014927, "29": 28.416308323731187, "30": 27.384997221890497, "31": 30.40611476643127, "32": 28.16270874186345, "33": 25.972387769283035, "34": 33.568053330354594, "35": 31.42585201648035, "36": 33.161005471981284, "37": 33.528592757941865, "38": 34.29773430996873, "39": 29.196581508963188, "40": 33.665338573997616, "41": 32.76486426175441, "42": 31.437840428820508, "43": 14.295277141369127, "44": 24.04228374648399, "45": 22.155289302041687, "46": 29.291498810080817, "47": 27.420467132306097, "48": 22.77698707034669, "49": 24.70200705576279, "50": 25.163674193203597, "51": 19.910827127424298, "52": 25.328226384919123, "53": 21.682442098631974, "54": 28.65292933488686, "55": 31.592944803881476, "56": 30.429440325404702, "57": 28.488040807871755, "58": 26.047025613127673, "59": 27.357771595883055, "60": 28.906870918370647, "61": 24.07345047613569, "62": 34.06833714531741, "63": 30.00051375794148, "64": 29.550411031245808, "65": 21.024099572367284, "66": 20.14181865753477, "67": 27.39134122656342, "68": 27.013719237337707, "69": 23.18485276347477, "70": 21.162900975521914, "71": 14.863454430022434, "72": 16.046327345273646, "73": 23.146727392032375, "74": 21.476148634005025, "75": 17.374637998725433, "76": 12.523771348599105, "78": 11.716157769533933 } }, "geometry": { "type": "Polygon", "coordinates": [ [ [ 126.625, -22.625 ], [ 126.625, -22.875 ], [ 126.125, -22.875 ], [ 126.125, -23.125 ], [ 125.125, -23.125 ], [ 125.125, -23.375 ], [ 125.625, -23.375 ], [ 125.625, -23.625 ], [ 126.125, -23.625 ], [ 126.125, -23.875 ], [ 126.375, -23.875 ], [ 126.375, -24.375 ], [ 128.875, -24.375 ], [ 128.875, -24.625 ], [ 130.125, -24.625 ], [ 130.125, -24.125 ], [ 130.375, -24.125 ], [ 130.375, -23.625 ], [ 130.875, -23.625 ], [ 130.875, -23.125 ], [ 129.375, -23.125 ], [ 129.375, -22.875 ], [ 128.625, -22.875 ], [ 128.625, -22.625 ], [ 128.125, -22.625 ], [ 128.125, -22.875 ], [ 127.625, -22.875 ], [ 127.625, -22.625 ], [ 126.625, -22.625 ] ] ] } },
{ "type": "Feature", "properties": { "cluster_id": 78, "cohesion": 7.0516806050869967, "distances": { "1": 37.9568999005969, "2": 32.876165934858584, "3": 32.47753959611931, "4": 35.97211303293813, "5": 39.47816089087047, "6": 35.41980804975998, "7": 38.59503634896382, "8": 36.07085699257938, "9": 31.954467150375734, "10": 28.707249078935597, "11": 32.22649832664385, "12": 23.013773476972204, "13": 28.0556870689436, "14": 29.924738716547857, "15": 35.20294845330412, "16": 29.565620044398216, "17": 23.23077168572235, "18": 23.11400173042596, "19": 33.0662840888089, "20": 29.461816544988917, "21": 23.07941900708805, "22": 24.628415189843487, "23": 27.559581758670166, "24": 32.48543071439163, "25": 30.80350470969341, "26": 31.11970597676552, "27": 29.482023645097037, "28": 26.403776809416915, "29": 27.77729950841728, "30": 28.052792657791912, "31": 28.41703745102182, "32": 26.534248197637133, "33": 26.035213671583264, "34": 33.41046695416691, "35": 31.166523318234958, "36": 33.17208326316486, "37": 33.7141506193648, "38": 33.481769261500105, "39": 28.031964916222783, "40": 33.47313998096761, "41": 31.784286760309932, "42": 31.02107275834396, "43": 16.612460897802173, "44": 24.0785429126693, "45": 23.955662804887897, "46": 28.391498933032526, "47": 26.34058335326466, "48": 23.223681834388987, "49": 21.612583270975303, "50": 21.19475918692246, "51": 14.89080033436229, "52": 23.075275998297453, "53": 19.153217750846327, "54": 28.85275925394233, "55": 31.398282629586024, "56": 30.83960201944914, "57": 29.222106521678203, "58": 27.859823665359468, "59": 27.94808293215547, "60": 28.286650555389517, "61": 24.125924633671307, "62": 31.25950126666546, "63": 28.11164109968001, "64": 28.135385459222682, "65": 25.239922983069224, "66": 23.75890932859317, "67": 28.263965434493482, "68": 27.712934215217643, "69": 26.10556519236721, "70": 25.43723491342318, "71": 21.02586187120303, "72": 22.749631474722403, "73": 19.065959176539323, "74": 16.945992142418877, "75": 11.519757038437366, "76": 15.53115554461268, "77": 11.716157769533933 } }, "geometry": { "type": "Polygon", "coordinates": [ [ [ 124.375, -22.125 ], [ 124.375, -22.375 ], [ 123.125, -22.375 ], [ 123.125, -22.875 ], [ 122.125, -22.875 ], [ 122.125, -23.125 ], [ 121.875, -23.125 ], [ 121.875, -23.375 ], [ 121.625, -23.375 ], [ 121.625, -23.625 ], [ 121.875, -23.625 ], [ 121.875, -23.875 ], [ 123.125, -23.875 ], [ 123.125, -24.375 ], [ 124.625, -24.375 ], [ 124.625, -24.625 ], [ 126.875, -24.625 ], [ 126.875, -24.375 ], [ 126.375, -24.375 ], [ 126.375, -23.875 ], [ 126.125, -23.875 ], [ 126.125, -23.625 ], [ 125.625, -23.625 ], [ 125.625, -23.375 ], [ 125.125, -23.375 ], [ 125.125, -23.125 ], [ 126.125, -23.125 ], [ 126.125, -22.875 ], [ 126.625, -22.875 ], [ 126.625, -22.625 ], [ 125.375, -22.625 ], [ 125.375, -22.125 ], [ 124.375, -22.125 ] ] ] } }
]
}
