{
"type": "FeatureCollection",
"name": "85_clusters",
"crs": { "type": "name", "properties": { "name": "urn:ogc:def:crs:OGC:1.3:CRS84" } },
"features": [
{ "type": "Feature", "properties": { "cluster_id": 1, "cohesion": 6.3236194181755288, "distances": { "2": 12.108282962179954, "3": 17.769841139392014, "4": 12.238145462056229, "5": 10.07541780756684, "6": 19.952534124201346, "7": 23.412227467460266, "8": 26.082367739674133, "9": 19.85440601204526, "10": 26.98037488634105, "11": 26.709539274144753, "12": 19.805724376522928, "13": 32.195836190539424, "14": 32.02744678986398, "15": 27.552003766663987, "16": 29.75565819962036, "17": 30.49267873114012, "18": 30.42780847611869, "19": 28.711215303718074, "20": 19.559370710936445, "21": 23.1459548579904, "22": 28.03846895796907, "23": 27.120299279449245, "24": 35.72442960315266, "25": 38.24501601408791, "26": 31.078403615542474, "27": 36.08173458894632, "28": 36.68057934347469, "29": 42.64549817246463, "30": 43.15959922856688, "31": 39.74570865493866, "32": 41.79049304526989, "33": 41.34385578614524, "34": 44.755359899859556, "35": 44.46813288445693, "36": 28.649483747455577, "37": 26.4652514675006, "38": 39.13653105981281, "39": 31.81051206871825, "40": 34.795981700095886, "41": 43.41088929562553, "42": 44.57469191704527, "43": 36.3233161510957, "44": 37.90649653453019, "45": 44.79548854277408, "46": 43.043165971235005, "47": 42.279767908072294, "48": 44.82366368861659, "49": 44.136700067127656, "50": 43.56781427394974, "51": 47.364203019293825, "52": 44.517915640352825, "53": 40.68277139436427, "54": 35.32564385584121, "55": 40.89955502693178, "56": 42.949207442325644, "57": 45.89020713414093, "58": 29.003696324542698, "59": 26.315591499920167, "60": 22.012719894294676, "61": 28.721108405833583, "62": 30.913873672962072, "63": 28.598602183393123, "64": 30.06377197980057, "65": 30.53554265160243, "66": 34.45525183925162, "67": 29.90449077500931, "68": 28.091036327355468, "69": 24.443430877784156, "70": 28.066319547007385, "71": 37.52977103135783, "72": 41.850961369497064, "73": 36.36688376544984, "74": 37.26950401446904, "75": 38.12066081380833, "76": 33.57962018838212, "77": 33.004722170365774, "78": 39.27994607621173, "79": 35.98351712094762, "80": 29.713900052188627, "81": 30.89630958980204, "82": 35.27256482219453, "83": 35.02593185350109, "84": 39.05073707407488, "85": 38.33557661717451 } }, "geometry": { "type": "MultiPolygon", "coordinates": [ [ [ [ 144.625, -17.125 ], [ 144.625, -17.375 ], [ 143.875, -17.375 ], [ 143.875, -17.125 ], [ 144.625, -17.125 ] ] ], [ [ [ 142.625, -10.625 ], [ 142.625, -10.875 ], [ 142.875, -10.875 ], [ 142.875, -11.125 ], [ 143.125, -11.125 ], [ 143.125, -11.875 ], [ 143.375, -11.875 ], [ 143.375, -12.375 ], [ 143.625, -12.375 ], [ 143.625, -12.875 ], [ 143.875, -12.875 ], [ 143.875, -13.875 ], [ 144.625, -13.875 ], [ 144.625, -14.125 ], [ 144.875, -14.125 ], [ 144.875, -14.375 ], [ 145.125, -14.375 ], [ 145.125, -14.625 ], [ 145.375, -14.625 ], [ 145.375, -14.875 ], [ 145.625, -14.875 ], [ 145.625, -16.125 ], [ 145.875, -16.125 ], [ 145.875, -16.625 ], [ 145.625, -16.625 ], [ 145.625, -16.375 ], [ 145.375, -16.375 ], [ 145.375, -16.125 ], [ 145.125, -16.125 ], [ 145.125, -16.625 ], [ 144.875, -16.625 ], [ 144.875, -16.875 ], [ 144.125, -16.875 ], [ 144.125, -16.375 ], [ 144.375, -16.375 ], [ 144.375, -15.625 ], [ 144.125, -15.625 ], [ 144.125, -15.375 ], [ 143.875, -15.375 ], [ 143.875, -15.125 ], [ 143.625, -15.125 ], [ 143.625, -14.625 ], [ 143.125, -14.625 ], [ 143.125, -14.875 ], [ 142.375, -14.875 ], [ 142.375, -14.375 ], [ 142.125, -14.375 ], [ 142.125, -13.625 ], [ 141.875, -13.625 ], [ 141.875, -11.625 ], [ 142.125, -11.625 ], [ 142.125, -10.625 ], [ 142.625, -10.625 ] ] ] ] } },
{ "type": "Feature", "properties": { "cluster_id": 2, "cohesion": 7.1078975056942806, "distances": { "1": 12.108282962179954, "3": 15.793007100473941, "4": 15.159865006230854, "5": 10.823636115026696, "6": 16.056337523153733, "7": 18.635936929375617, "8": 21.46592372717198, "9": 14.06857695238255, "10": 22.130332331233785, "11": 22.151752269006145, "12": 14.569207366240947, "13": 29.170203207287692, "14": 28.96217751142352, "15": 23.727125690910967, "16": 26.101221728137574, "17": 27.147599162005964, "18": 27.623238290472937, "19": 26.695716479825528, "20": 16.016232596177346, "21": 19.075412374301756, "22": 24.95469572475408, "23": 23.693968598993905, "24": 35.617008603997675, "25": 38.66754924167979, "26": 32.54713068987188, "27": 37.07810118290342, "28": 37.231630298351156, "29": 42.71395879300711, "30": 42.04657638250278, "31": 38.48946235945735, "32": 40.263602891380295, "33": 41.498579111640176, "34": 44.66367539930102, "35": 44.09804197621078, "36": 28.151555638161668, "37": 25.97985546253946, "38": 37.19519167419675, "39": 30.54301579156212, "40": 33.504752595612445, "41": 41.97161893747295, "42": 42.63762716833189, "43": 35.478008782711385, "44": 37.440415066803205, "45": 43.54716591945841, "46": 41.462657437921294, "47": 40.73042083155193, "48": 44.18315689388006, "49": 43.40251970567413, "50": 42.76694627575331, "51": 45.72057065344649, "52": 43.06160798845948, "53": 38.95225229183438, "54": 34.32141268488756, "55": 39.17672841544051, "56": 40.76511772832966, "57": 44.276055819340236, "58": 25.86600604581191, "59": 23.924340036420798, "60": 20.32489086299962, "61": 25.642919415960847, "62": 26.999228389468502, "63": 24.311558010070918, "64": 27.137147966320633, "65": 28.86784029397245, "66": 32.764307375952974, "67": 27.595017029366318, "68": 29.45668922137861, "69": 25.68961390913721, "70": 27.576293952198945, "71": 35.97555769071773, "72": 40.81484779011362, "73": 34.03226770385894, "74": 34.65982220147886, "75": 36.01141454978998, "76": 31.16360932080593, "77": 30.332131985380077, "78": 37.65006229476637, "79": 33.61599199688476, "80": 28.719122007519438, "81": 29.855139732124673, "82": 33.823317373676815, "83": 32.71928094449626, "84": 37.14173587165987, "85": 36.92185020861811 } }, "geometry": { "type": "MultiPolygon", "coordinates": [ [ [ [ 142.125, -16.125 ], [ 142.125, -16.375 ], [ 142.375, -16.375 ], [ 142.375, -16.625 ], [ 142.625, -16.625 ], [ 142.625, -17.625 ], [ 142.875, -17.625 ], [ 142.875, -18.125 ], [ 143.125, -18.125 ], [ 143.125, -18.375 ], [ 143.375, -18.375 ], [ 143.375, -19.375 ], [ 143.625, -19.375 ], [ 143.625, -19.625 ], [ 143.375, -19.625 ], [ 143.375, -20.125 ], [ 143.125, -20.125 ], [ 143.125, -19.875 ], [ 142.875, -19.875 ], [ 142.875, -19.625 ], [ 142.625, -19.625 ], [ 142.625, -18.875 ], [ 142.375, -18.875 ], [ 142.375, -18.375 ], [ 142.125, -18.375 ], [ 142.125, -17.625 ], [ 141.875, -17.625 ], [ 141.875, -16.125 ], [ 142.125, -16.125 ] ] ], [ [ [ 141.875, -16.125 ], [ 141.625, -16.125 ], [ 141.625, -15.625 ], [ 141.875, -15.625 ], [ 141.875, -16.125 ] ] ], [ [ [ 141.375, -15.125 ], [ 141.125, -15.125 ], [ 141.125, -13.625 ], [ 141.375, -13.625 ], [ 141.375, -14.125 ], [ 141.625, -14.125 ], [ 141.625, -15.625 ], [ 141.375, -15.625 ], [ 141.375, -15.125 ] ] ] ] } },
{ "type": "Feature", "properties": { "cluster_id": 3, "cohesion": 9.0112697687720367, "distances": { "1": 17.769841139392014, "2": 15.793007100473941, "4": 13.459168785304085, "5": 12.52894284200599, "6": 26.70425412361443, "7": 27.277805434298735, "8": 30.552408786057548, "9": 20.203426741408514, "10": 25.17055665056584, "11": 19.668686467407795, "12": 13.761933059032168, "13": 30.40167821503343, "14": 29.862592920779562, "15": 29.067010259210623, "16": 32.12178295530165, "17": 30.90746402212581, "18": 30.163866655353296, "19": 28.919197044473677, "20": 21.905197685711595, "21": 23.891188185531767, "22": 25.268734799484, "23": 21.723107753138372, "24": 32.12810198922235, "25": 33.6922958208183, "26": 29.13788829641172, "27": 31.994737033743043, "28": 29.722933021358333, "29": 34.43591681364504, "30": 35.075776381886214, "31": 33.36282114664818, "32": 34.13654257896987, "33": 35.715780283096976, "34": 36.91072574007541, "35": 37.0364399207442, "36": 23.659864598382622, "37": 23.42736469595547, "38": 30.4143868102229, "39": 25.977452482017352, "40": 27.282336630445396, "41": 33.40488195076963, "42": 34.620441022679785, "43": 27.562005266555303, "44": 28.497106159226625, "45": 34.103436540437265, "46": 35.06707894521404, "47": 33.55370348003492, "48": 36.024227035038884, "49": 35.5310511502642, "50": 33.60570378365016, "51": 36.91876190898899, "52": 34.70969960750446, "53": 31.14816733029577, "54": 27.58029761902162, "55": 33.12513630426838, "56": 33.36532418507991, "57": 36.63024429659988, "58": 16.880456248282133, "59": 14.111879968457375, "60": 11.155790032077544, "61": 20.263948919883358, "62": 20.69468281959015, "63": 19.869819640500108, "64": 24.340510146961652, "65": 28.872058655678757, "66": 29.785021130959365, "67": 24.74029256362216, "68": 28.822362797228315, "69": 24.151165107345992, "70": 28.433195638467247, "71": 29.963549642600107, "72": 33.732120488725734, "73": 28.895138272525767, "74": 27.090877350487006, "75": 29.250804546420195, "76": 24.943475205347855, "77": 26.074953813234046, "78": 32.54945898932424, "79": 31.31638787100225, "80": 24.910422630259987, "81": 29.234295855280312, "82": 30.616159996727863, "83": 31.490156134838585, "84": 32.958826935582756, "85": 32.876165934858584 } }, "geometry": { "type": "MultiPolygon", "coordinates": [ [ [ [ 143.625, -20.375 ], [ 143.875, -20.375 ], [ 143.875, -20.625 ], [ 144.125, -20.625 ], [ 144.125, -20.875 ], [ 144.375, -20.875 ], [ 144.375, -21.375 ], [ 143.875, -21.375 ], [ 143.875, -21.625 ], [ 143.625, -21.625 ], [ 143.625, -22.375 ], [ 143.375, -22.375 ], [ 143.375, -22.125 ], [ 143.125, -22.125 ], [ 143.125, -21.625 ], [ 143.375, -21.625 ], [ 143.375, -21.375 ], [ 143.625, -21.375 ], [ 143.625, -20.625 ], [ 143.375, -20.625 ], [ 143.375, -19.625 ], [ 143.625, -19.625 ], [ 143.625, -20.375 ] ] ], [ [ [ 145.375, -19.125 ], [ 145.375, -19.375 ], [ 145.625, -19.375 ], [ 145.625, -19.625 ], [ 145.875, -19.625 ], [ 145.875, -19.875 ], [ 144.125, -19.875 ], [ 144.125, -19.625 ], [ 143.625, -19.625 ], [ 143.625, -19.375 ], [ 143.875, -19.375 ], [ 143.875, -19.125 ], [ 144.125, -19.125 ], [ 144.125, -18.875 ], [ 144.625, -18.875 ], [ 144.625, -18.625 ], [ 144.875, -18.625 ], [ 144.875, -18.375 ], [ 145.125, -18.375 ], [ 145.125, -19.125 ], [ 145.375, -19.125 ] ] ], [ [ [ 145.375, -17.125 ], [ 145.375, -16.625 ], [ 145.625, -16.625 ], [ 145.625, -17.125 ], [ 145.875, -17.125 ], [ 145.875, -17.375 ], [ 146.125, -17.375 ], [ 146.125, -17.625 ], [ 146.375, -17.625 ], [ 146.375, -18.125 ], [ 146.625, -18.125 ], [ 146.625, -18.875 ], [ 147.375, -18.875 ], [ 147.375, -19.125 ], [ 147.625, -19.125 ], [ 147.625, -19.375 ], [ 147.875, -19.375 ], [ 147.875, -19.625 ], [ 148.375, -19.625 ], [ 148.375, -19.875 ], [ 148.625, -19.875 ], [ 148.625, -20.125 ], [ 148.875, -20.125 ], [ 148.875, -20.375 ], [ 149.125, -20.375 ], [ 149.125, -20.875 ], [ 148.875, -20.875 ], [ 148.875, -20.625 ], [ 148.625, -20.625 ], [ 148.625, -20.375 ], [ 148.375, -20.375 ], [ 148.375, -20.625 ], [ 148.125, -20.625 ], [ 148.125, -20.375 ], [ 147.625, -20.375 ], [ 147.625, -20.125 ], [ 147.375, -20.125 ], [ 147.375, -19.625 ], [ 147.125, -19.625 ], [ 147.125, -19.375 ], [ 146.875, -19.375 ], [ 146.875, -19.125 ], [ 146.125, -19.125 ], [ 146.125, -18.875 ], [ 145.875, -18.875 ], [ 145.875, -18.625 ], [ 145.375, -18.625 ], [ 145.375, -18.375 ], [ 145.125, -18.375 ], [ 145.125, -17.125 ], [ 145.375, -17.125 ] ] ] ] } },
{ "type": "Feature", "properties": { "cluster_id": 4, "cohesion": 5.6004395451015814, "distances": { "1": 12.238145462056229, "2": 15.159865006230858, "3": 13.459168785304081, "5": 9.89400113370681, "6": 26.362120103832293, "7": 27.573697172958298, "8": 31.26042628256845, "9": 22.905195674357543, "10": 28.074469671075537, "11": 23.985654803415418, "12": 18.45115932562686, "13": 31.359949198941127, "14": 31.81992488185979, "15": 29.493552092341382, "16": 33.36343847922299, "17": 32.07536598474324, "18": 30.237151013550235, "19": 27.91263903599827, "20": 22.548675657084473, "21": 24.3940165684768, "22": 25.99704060577821, "23": 24.280722497638063, "24": 29.849005550438182, "25": 31.243616288246137, "26": 25.438860237589584, "27": 29.053586076445768, "28": 28.418959121190568, "29": 33.675936030119516, "30": 35.53455609284389, "31": 32.86242403003597, "32": 34.43567001836179, "33": 33.717595891384654, "34": 35.83864456971457, "35": 36.39599294844802, "36": 24.14646811870578, "37": 23.522580963319342, "38": 33.26885170831965, "39": 27.760064608668646, "40": 29.39108275646372, "41": 35.982061919829064, "42": 37.15538609777795, "43": 29.537841363032058, "44": 29.577087953744297, "45": 36.343428233977676, "46": 35.86763383834307, "47": 35.09716216733678, "48": 35.96381136142855, "49": 35.855656901105846, "50": 34.44841338217844, "51": 39.05003902319867, "52": 36.371001763009126, "53": 32.68654370174816, "54": 27.090862263002712, "55": 33.523522559713825, "56": 35.524761795213074, "57": 37.9425484537532, "58": 21.30233487166833, "59": 20.4004018454748, "60": 13.886181477375425, "61": 24.26229876213279, "62": 24.700402703375037, "63": 23.777008457291505, "64": 26.127575623945646, "65": 27.645765076983857, "66": 29.57752377127402, "67": 24.99261686020674, "68": 24.54758420106581, "69": 20.814595270650315, "70": 25.84649525119123, "71": 31.601476890188916, "72": 34.68009768965135, "73": 30.525633282569384, "74": 29.283765362848495, "75": 30.85000160267622, "76": 27.4019524942623, "77": 28.55500816331782, "78": 33.96509238370228, "79": 33.179550272028656, "80": 23.2109980931758, "81": 27.30321747893751, "82": 29.553809447773464, "83": 31.976893927548502, "84": 33.80552501496776, "85": 32.477539596119314 } }, "geometry": { "type": "Polygon", "coordinates": [ [ [ 143.125, -14.625 ], [ 143.125, -14.875 ], [ 142.375, -14.875 ], [ 142.375, -15.875 ], [ 142.625, -15.875 ], [ 142.625, -16.125 ], [ 142.875, -16.125 ], [ 142.875, -16.375 ], [ 143.875, -16.375 ], [ 143.875, -17.125 ], [ 144.625, -17.125 ], [ 144.625, -16.875 ], [ 144.125, -16.875 ], [ 144.125, -16.375 ], [ 144.375, -16.375 ], [ 144.375, -15.625 ], [ 144.125, -15.625 ], [ 144.125, -15.375 ], [ 143.875, -15.375 ], [ 143.875, -15.125 ], [ 143.625, -15.125 ], [ 143.625, -14.625 ], [ 143.125, -14.625 ] ] ] } },
{ "type": "Feature", "properties": { "cluster_id": 5, "cohesion": 7.2329121341410199, "distances": { "1": 10.075417807566838, "2": 10.823636115026696, "3": 12.528942842005987, "4": 9.894001133706814, "6": 21.984103332334257, "7": 24.306767879869028, "8": 27.77955182200035, "9": 19.25148727854865, "10": 26.157514921119354, "11": 23.62107995071859, "12": 16.397702742213188, "13": 31.469109407552523, "14": 31.293129238547582, "15": 27.822337392167665, "16": 30.942039078992806, "17": 30.753228089498503, "18": 30.31193291085049, "19": 28.644532093521683, "20": 19.121396059687253, "21": 22.451765375579136, "22": 26.35491638939847, "23": 23.920626874232422, "24": 34.00040736030576, "25": 35.86346127423217, "26": 29.46430727896995, "27": 33.63877921674371, "28": 32.915040999218036, "29": 38.49388719891147, "30": 39.60326872526979, "31": 36.83901045040926, "32": 38.37506859342483, "33": 38.50751992498769, "34": 40.91054145657234, "35": 41.02984422038151, "36": 25.73172911568018, "37": 24.239582257064942, "38": 35.07554711777555, "39": 28.716664914064406, "40": 30.955772579012805, "41": 38.683981805227795, "42": 40.08288838740772, "43": 32.01397360139199, "44": 33.219944662344766, "45": 39.81052701691388, "46": 39.5841300077364, "47": 38.555983200449624, "48": 40.74256376693156, "49": 40.29594485515993, "50": 38.80265149438365, "51": 42.65035430967112, "52": 40.06630215971161, "53": 36.59055801992426, "54": 31.66722562520986, "55": 37.38744082337281, "56": 38.723815100547775, "57": 41.81257809835498, "58": 23.642137182373986, "59": 20.92665810433737, "60": 16.40601394361672, "61": 25.004302573483514, "62": 26.42814825742395, "63": 24.78958690488087, "64": 27.544475821906413, "65": 29.743451698173928, "66": 32.44075269396834, "67": 27.582693545319408, "68": 27.89293519435349, "69": 23.843120060148674, "70": 28.09802466881251, "71": 34.36880883577052, "72": 38.382343807703975, "73": 33.20882859762164, "74": 32.78855151571135, "75": 34.26796302030151, "76": 29.895379120719806, "77": 30.139426207609194, "78": 36.56089377870051, "79": 34.2065470876238, "80": 27.193061428350976, "81": 30.035213596218252, "82": 33.09595250129447, "83": 33.620192530218745, "84": 36.56436618298932, "85": 35.97211303293814 } }, "geometry": { "type": "MultiPolygon", "coordinates": [ [ [ [ 145.875, -16.625 ], [ 145.875, -16.875 ], [ 146.125, -16.875 ], [ 146.125, -17.125 ], [ 146.375, -17.125 ], [ 146.375, -17.375 ], [ 146.625, -17.375 ], [ 146.625, -17.875 ], [ 146.375, -17.875 ], [ 146.375, -17.625 ], [ 146.125, -17.625 ], [ 146.125, -17.375 ], [ 145.875, -17.375 ], [ 145.875, -17.125 ], [ 145.625, -17.125 ], [ 145.625, -16.625 ], [ 145.875, -16.625 ] ] ], [ [ [ 145.375, -16.625 ], [ 145.375, -17.125 ], [ 145.125, -17.125 ], [ 145.125, -18.375 ], [ 144.875, -18.375 ], [ 144.875, -18.625 ], [ 144.625, -18.625 ], [ 144.625, -18.875 ], [ 144.125, -18.875 ], [ 144.125, -19.125 ], [ 143.875, -19.125 ], [ 143.875, -19.375 ], [ 143.375, -19.375 ], [ 143.375, -18.375 ], [ 143.125, -18.375 ], [ 143.125, -18.125 ], [ 142.875, -18.125 ], [ 142.875, -17.625 ], [ 142.625, -17.625 ], [ 142.625, -16.625 ], [ 142.375, -16.625 ], [ 142.375, -16.375 ], [ 142.125, -16.375 ], [ 142.125, -16.125 ], [ 141.875, -16.125 ], [ 141.875, -15.625 ], [ 141.625, -15.625 ], [ 141.625, -14.125 ], [ 141.375, -14.125 ], [ 141.375, -13.625 ], [ 141.125, -13.625 ], [ 141.125, -12.875 ], [ 141.375, -12.875 ], [ 141.375, -12.125 ], [ 141.625, -12.125 ], [ 141.625, -11.125 ], [ 141.875, -11.125 ], [ 141.875, -10.875 ], [ 142.125, -10.875 ], [ 142.125, -11.625 ], [ 141.875, -11.625 ], [ 141.875, -13.625 ], [ 142.125, -13.625 ], [ 142.125, -14.375 ], [ 142.375, -14.375 ], [ 142.375, -15.875 ], [ 142.625, -15.875 ], [ 142.625, -16.125 ], [ 142.875, -16.125 ], [ 142.875, -16.375 ], [ 143.875, -16.375 ], [ 143.875, -17.375 ], [ 144.625, -17.375 ], [ 144.625, -16.875 ], [ 144.875, -16.875 ], [ 144.875, -16.625 ], [ 145.125, -16.625 ], [ 145.125, -16.125 ], [ 145.375, -16.125 ], [ 145.375, -16.375 ], [ 145.625, -16.375 ], [ 145.625, -16.625 ], [ 145.375, -16.625 ] ] ] ] } },
{ "type": "Feature", "properties": { "cluster_id": 6, "cohesion": 8.5311386439412491, "distances": { "1": 19.952534124201343, "2": 16.056337523153733, "3": 26.70425412361443, "4": 26.362120103832293, "5": 21.984103332334257, "7": 11.313795080543747, "8": 13.608656446969635, "9": 16.111569580762747, "10": 21.822914945391112, "11": 27.144741389569322, "12": 22.29902415476751, "13": 27.17634654446826, "14": 28.051919980790238, "15": 18.195001503537913, "16": 20.344329427132735, "17": 23.065663989846147, "18": 24.799058171237643, "19": 24.977152331490775, "20": 13.437887213213756, "21": 16.220798630858578, "22": 24.52440326629251, "23": 25.32992173699014, "24": 40.333592850079754, "25": 44.665322164663564, "26": 39.10267855167915, "27": 43.80703024747041, "28": 45.2142581835126, "29": 50.28942022525956, "30": 48.22251775886547, "31": 44.158373943137924, "32": 46.46141426562106, "33": 47.78917234341921, "34": 51.473295626106676, "35": 50.196456988997674, "36": 33.925051666230196, "37": 31.066705571176016, "38": 42.445957341667935, "39": 35.57989646102579, "40": 39.42492060529589, "41": 48.577409907828645, "42": 48.173412925738376, "43": 42.63911875422553, "44": 45.54856181255764, "45": 50.78501958048963, "46": 45.46273241190265, "47": 45.43202634525221, "48": 50.697130556356136, "49": 49.53436390338684, "50": 50.344739447845704, "51": 51.73997236725545, "52": 48.9622091629716, "53": 44.80034135994982, "54": 40.75811364261436, "55": 43.43865989063538, "56": 45.787109549739945, "57": 49.25765515819195, "58": 35.16836782301342, "59": 33.451169998798825, "60": 31.452872850859016, "61": 32.25257091114056, "62": 34.40437130402241, "63": 30.52450208081176, "64": 31.58681162161097, "65": 31.461418637620795, "66": 36.88916844568287, "67": 31.565208565439843, "68": 34.08595829155131, "69": 30.65339929147799, "70": 29.760571667132766, "71": 41.21089493401005, "72": 46.26915143520989, "73": 39.49300709325066, "74": 42.29874131251215, "75": 42.72124008994392, "76": 37.5195197478664, "77": 34.864250962143736, "78": 41.00370521851262, "79": 34.540259855256615, "80": 33.54758887332951, "81": 31.069111222117908, "82": 36.49840448765982, "83": 32.6122556041944, "84": 39.20685877098606, "85": 39.478160890870484 } }, "geometry": { "type": "MultiPolygon", "coordinates": [ [ [ [ 141.375, -15.125 ], [ 141.375, -15.625 ], [ 141.625, -15.625 ], [ 141.625, -16.125 ], [ 141.875, -16.125 ], [ 141.875, -17.625 ], [ 142.125, -17.625 ], [ 142.125, -18.375 ], [ 142.375, -18.375 ], [ 142.375, -18.875 ], [ 142.625, -18.875 ], [ 142.625, -19.625 ], [ 142.875, -19.625 ], [ 142.875, -20.125 ], [ 142.375, -20.125 ], [ 142.375, -19.375 ], [ 142.125, -19.375 ], [ 142.125, -18.875 ], [ 141.875, -18.875 ], [ 141.875, -18.625 ], [ 141.625, -18.625 ], [ 141.625, -18.125 ], [ 141.375, -18.125 ], [ 141.375, -17.875 ], [ 141.125, -17.875 ], [ 141.125, -17.625 ], [ 140.375, -17.625 ], [ 140.375, -17.375 ], [ 140.625, -17.375 ], [ 140.625, -16.875 ], [ 140.875, -16.875 ], [ 140.875, -15.875 ], [ 141.125, -15.875 ], [ 141.125, -15.125 ], [ 141.375, -15.125 ] ] ], [ [ [ 133.875, -11.875 ], [ 133.875, -12.125 ], [ 135.625, -12.125 ], [ 135.625, -12.375 ], [ 135.875, -12.375 ], [ 135.875, -12.875 ], [ 135.625, -12.875 ], [ 135.625, -13.125 ], [ 135.375, -13.125 ], [ 135.375, -13.375 ], [ 134.875, -13.375 ], [ 134.875, -13.125 ], [ 133.875, -13.125 ], [ 133.875, -13.375 ], [ 133.625, -13.375 ], [ 133.625, -13.625 ], [ 133.375, -13.625 ], [ 133.375, -14.125 ], [ 133.125, -14.125 ], [ 133.125, -14.375 ], [ 132.875, -14.375 ], [ 132.875, -14.625 ], [ 132.625, -14.625 ], [ 132.625, -14.875 ], [ 132.375, -14.875 ], [ 132.375, -15.375 ], [ 132.625, -15.375 ], [ 132.625, -16.125 ], [ 132.125, -16.125 ], [ 132.125, -15.875 ], [ 131.625, -15.875 ], [ 131.625, -16.125 ], [ 131.375, -16.125 ], [ 131.375, -15.375 ], [ 130.875, -15.375 ], [ 130.875, -14.625 ], [ 130.375, -14.625 ], [ 130.375, -14.875 ], [ 129.875, -14.875 ], [ 129.875, -14.125 ], [ 130.125, -14.125 ], [ 130.125, -13.875 ], [ 130.375, -13.875 ], [ 130.375, -13.625 ], [ 130.875, -13.625 ], [ 130.875, -13.375 ], [ 131.125, -13.375 ], [ 131.125, -13.125 ], [ 131.875, -13.125 ], [ 131.875, -12.875 ], [ 132.125, -12.875 ], [ 132.125, -12.625 ], [ 132.625, -12.625 ], [ 132.625, -12.375 ], [ 133.125, -12.375 ], [ 133.125, -11.875 ], [ 133.875, -11.875 ] ] ] ] } },
{ "type": "Feature", "properties": { "cluster_id": 7, "cohesion": 7.8643133186188914, "distances": { "1": 23.412227467460262, "2": 18.63593692937562, "3": 27.277805434298735, "4": 27.573697172958298, "5": 24.306767879869025, "6": 11.313795080543747, "8": 11.787765108723983, "9": 16.212769941990363, "10": 18.92434253941079, "11": 24.36988446607294, "12": 21.71942992746608, "13": 22.232404950087115, "14": 24.27288843379406, "15": 13.066092646880438, "16": 17.373622182559252, "17": 18.855743463868077, "18": 19.76240423712889, "19": 20.736053593653885, "20": 13.923162766681813, "21": 12.627947047488556, "22": 20.198384622349888, "23": 22.668645968327105, "24": 38.020879440904764, "25": 42.674710410295326, "26": 38.58819987766897, "27": 42.44033251034534, "28": 43.8204597121699, "29": 48.166096855175, "30": 44.759581221952885, "31": 41.34321825669672, "32": 43.21520398649504, "33": 45.35774690634618, "34": 48.66788965412718, "35": 47.031238818795025, "36": 33.12729389837164, "37": 31.072160124657653, "38": 40.880154884296935, "39": 35.038055033720816, "40": 38.36790848104234, "41": 46.90347104902805, "42": 45.8064812205077, "43": 41.4348817855937, "44": 44.01156999023827, "45": 48.62996098365066, "46": 41.66240064712834, "47": 41.760697125912515, "48": 47.47585847392749, "49": 46.081727388920285, "50": 47.9303878212387, "51": 48.98784163801142, "52": 46.03565624353299, "53": 41.88578407237833, "54": 38.062045546257835, "55": 40.031887859200204, "56": 42.94804518805387, "57": 46.041464672744056, "58": 33.32908832557823, "59": 33.045606425743586, "60": 30.924840742853917, "61": 31.064019779265422, "62": 32.038121526190544, "63": 27.668913111147322, "64": 29.45783244733223, "65": 29.464067853964526, "66": 34.39827470341249, "67": 28.62604059052758, "68": 33.68995925210089, "69": 30.339627246502733, "70": 28.44953759913074, "71": 37.83184283494683, "72": 42.68614369498209, "73": 36.76049058879792, "74": 39.409740867140975, "75": 39.48015168205193, "76": 34.343910585625885, "77": 31.39056107031735, "78": 36.983656153609914, "79": 30.376663995018426, "80": 30.573969294406528, "81": 27.319682838701816, "82": 32.54174792203071, "83": 27.746786608030444, "84": 34.788329595762285, "85": 35.41980804975998 } }, "geometry": { "type": "MultiPolygon", "coordinates": [ [ [ [ 132.625, -15.125 ], [ 132.875, -15.125 ], [ 132.875, -15.375 ], [ 133.875, -15.375 ], [ 133.875, -15.625 ], [ 134.125, -15.625 ], [ 134.125, -15.375 ], [ 134.375, -15.375 ], [ 134.375, -15.125 ], [ 134.625, -15.125 ], [ 134.625, -14.875 ], [ 135.375, -14.875 ], [ 135.375, -15.125 ], [ 136.375, -15.125 ], [ 136.375, -15.375 ], [ 136.625, -15.375 ], [ 136.625, -15.625 ], [ 137.375, -15.625 ], [ 137.375, -15.875 ], [ 137.875, -15.875 ], [ 137.875, -16.125 ], [ 138.125, -16.125 ], [ 138.125, -16.375 ], [ 137.375, -16.375 ], [ 137.375, -16.125 ], [ 136.375, -16.125 ], [ 136.375, -17.375 ], [ 135.875, -17.375 ], [ 135.875, -17.125 ], [ 135.375, -17.125 ], [ 135.375, -16.875 ], [ 134.875, -16.875 ], [ 134.875, -17.125 ], [ 134.375, -17.125 ], [ 134.375, -16.875 ], [ 133.875, -16.875 ], [ 133.875, -17.125 ], [ 132.625, -17.125 ], [ 132.625, -15.375 ], [ 132.375, -15.375 ], [ 132.375, -14.875 ], [ 132.625, -14.875 ], [ 132.625, -15.125 ] ] ], [ [ [ 130.375, -14.625 ], [ 130.875, -14.625 ], [ 130.875, -15.375 ], [ 131.375, -15.375 ], [ 131.375, -16.125 ], [ 131.125, -16.125 ], [ 131.125, -16.375 ], [ 130.875, -16.375 ], [ 130.875, -16.625 ], [ 130.375, -16.625 ], [ 130.375, -16.125 ], [ 130.625, -16.125 ], [ 130.625, -15.625 ], [ 129.875, -15.625 ], [ 129.875, -15.875 ], [ 129.625, -15.875 ], [ 129.625, -16.125 ], [ 129.125, -16.125 ], [ 129.125, -16.375 ], [ 128.875, -16.375 ], [ 128.875, -15.875 ], [ 128.375, -15.875 ], [ 128.375, -15.125 ], [ 128.625, -15.125 ], [ 128.625, -14.875 ], [ 129.625, -14.875 ], [ 129.625, -14.125 ], [ 129.875, -14.125 ], [ 129.875, -14.875 ], [ 130.375, -14.875 ], [ 130.375, -14.625 ] ] ], [ [ [ 130.125, -14.125 ], [ 129.875, -14.125 ], [ 129.875, -13.875 ], [ 130.125, -13.875 ], [ 130.125, -14.125 ] ] ], [ [ [ 130.125, -13.875 ], [ 130.125, -13.625 ], [ 130.375, -13.625 ], [ 130.375, -13.875 ], [ 130.125, -13.875 ] ] ], [ [ [ 135.375, -13.375 ], [ 135.375, -13.625 ], [ 135.125, -13.625 ], [ 135.125, -13.875 ], [ 134.875, -13.875 ], [ 134.875, -14.125 ], [ 134.375, -14.125 ], [ 134.375, -13.125 ], [ 134.875, -13.125 ], [ 134.875, -13.375 ], [ 135.375, -13.375 ] ] ], [ [ [ 130.875, -13.625 ], [ 130.375, -13.625 ], [ 130.375, -13.375 ], [ 130.625, -13.375 ], [ 130.625, -13.125 ], [ 131.125, -13.125 ], [ 131.125, -13.375 ], [ 130.875, -13.375 ], [ 130.875, -13.625 ] ] ], [ [ [ 131.875, -13.125 ], [ 131.125, -13.125 ], [ 131.125, -12.875 ], [ 131.875, -12.875 ], [ 131.875, -13.125 ] ] ] ] } },
{ "type": "Feature", "properties": { "cluster_id": 8, "cohesion": 8.7319464308385708, "distances": { "1": 26.082367739674137, "2": 21.465923727171983, "3": 30.552408786057548, "4": 31.260426282568453, "5": 27.779551822000343, "6": 13.608656446969638, "7": 11.787765108723985, "9": 14.962538913387485, "10": 16.676093532207734, "11": 25.053152196214327, "12": 23.03213204829113, "13": 22.693940509824277, "14": 22.87293007003422, "15": 15.76571289930877, "16": 12.816897351318083, "17": 17.213791394789464, "18": 20.89826112137724, "19": 23.92925797986306, "20": 19.28927400940241, "21": 18.345079657216164, "22": 25.292209089875318, "23": 28.1920463042177, "24": 41.5449046405202, "25": 46.754339491658136, "26": 42.83868315598799, "27": 46.92380824797939, "28": 48.629044660437096, "29": 52.90606228689299, "30": 48.2295270809603, "31": 45.03717077535062, "32": 46.75218232690865, "33": 49.58961958267527, "34": 53.21572919328583, "35": 51.051513598569976, "36": 36.90128943664074, "37": 34.62194975493426, "38": 44.20631113178042, "39": 38.28134749404846, "40": 41.96140596458474, "41": 50.90094828496168, "42": 49.4689633982894, "43": 45.45413228888343, "44": 48.60585087347768, "45": 52.82864112473005, "46": 44.99275126595232, "47": 44.7367888243397, "48": 51.67179378352747, "49": 49.831157712635815, "50": 52.36906972405846, "51": 52.951890097483236, "52": 49.83545511314877, "53": 45.7691358668911, "54": 42.417497900634054, "55": 43.887306629545684, "56": 46.60201845296362, "57": 49.74202909066112, "58": 36.929049336031085, "59": 36.62268697375275, "60": 34.757407245204604, "61": 34.0129988657785, "62": 35.181629830233675, "63": 29.908674635105957, "64": 32.16090840774702, "65": 31.9221405166084, "66": 37.30434792387772, "67": 31.73137372411788, "68": 37.17876387580635, "69": 33.48329306751615, "70": 30.907617105027164, "71": 40.0525742149867, "72": 45.691435561683726, "73": 39.78306757232235, "74": 43.13384683578607, "75": 42.755599453789024, "76": 36.73411145478562, "77": 32.61745265745352, "78": 38.852392080557266, "79": 30.863040298811388, "80": 34.9779971460849, "81": 30.86210217022187, "82": 36.23135158428602, "83": 29.461224613892256, "84": 37.15394774501436, "85": 38.59503634896383 } }, "geometry": { "type": "Polygon", "coordinates": [ [ [ 129.875, -15.625 ], [ 129.875, -15.875 ], [ 129.625, -15.875 ], [ 129.625, -16.125 ], [ 129.125, -16.125 ], [ 129.125, -16.375 ], [ 128.875, -16.375 ], [ 128.875, -16.625 ], [ 128.625, -16.625 ], [ 128.625, -17.625 ], [ 128.375, -17.625 ], [ 128.375, -18.625 ], [ 128.625, -18.625 ], [ 128.625, -19.125 ], [ 130.125, -19.125 ], [ 130.125, -18.875 ], [ 130.875, -18.875 ], [ 130.875, -19.125 ], [ 132.875, -19.125 ], [ 132.875, -19.375 ], [ 134.875, -19.375 ], [ 134.875, -19.125 ], [ 135.875, -19.125 ], [ 135.875, -19.375 ], [ 137.125, -19.375 ], [ 137.125, -19.875 ], [ 137.625, -19.875 ], [ 137.625, -20.125 ], [ 138.125, -20.125 ], [ 138.125, -19.875 ], [ 138.375, -19.875 ], [ 138.375, -20.125 ], [ 138.625, -20.125 ], [ 138.625, -20.375 ], [ 138.875, -20.375 ], [ 138.875, -20.625 ], [ 139.125, -20.625 ], [ 139.125, -20.875 ], [ 140.375, -20.875 ], [ 140.375, -21.125 ], [ 141.375, -21.125 ], [ 141.375, -20.625 ], [ 141.625, -20.625 ], [ 141.625, -20.125 ], [ 142.375, -20.125 ], [ 142.375, -19.375 ], [ 142.125, -19.375 ], [ 142.125, -18.875 ], [ 141.875, -18.875 ], [ 141.875, -18.625 ], [ 141.625, -18.625 ], [ 141.625, -18.125 ], [ 141.375, -18.125 ], [ 141.375, -17.875 ], [ 141.125, -17.875 ], [ 141.125, -17.625 ], [ 140.375, -17.625 ], [ 140.375, -17.375 ], [ 139.625, -17.375 ], [ 139.625, -17.125 ], [ 139.375, -17.125 ], [ 139.375, -16.875 ], [ 139.125, -16.875 ], [ 139.125, -16.625 ], [ 138.875, -16.625 ], [ 138.875, -16.375 ], [ 137.375, -16.375 ], [ 137.375, -16.125 ], [ 136.375, -16.125 ], [ 136.375, -17.375 ], [ 135.875, -17.375 ], [ 135.875, -17.125 ], [ 135.375, -17.125 ], [ 135.375, -16.875 ], [ 134.875, -16.875 ], [ 134.875, -17.125 ], [ 134.375, -17.125 ], [ 134.375, -16.875 ], [ 133.875, -16.875 ], [ 133.875, -17.125 ], [ 132.625, -17.125 ], [ 132.625, -16.125 ], [ 132.125, -16.125 ], [ 132.125, -15.875 ], [ 131.625, -15.875 ], [ 131.625, -16.125 ], [ 131.125, -16.125 ], [ 131.125, -16.375 ], [ 130.875, -16.375 ], [ 130.875, -16.625 ], [ 130.375, -16.625 ], [ 130.375, -16.125 ], [ 130.625, -16.125 ], [ 130.625, -15.625 ], [ 129.875, -15.625 ] ] ] } },
{ "type": "Feature", "properties": { "cluster_id": 9, "cohesion": 5.4363627712159381, "distances": { "1": 19.85440601204526, "2": 14.068576952382548, "3": 20.203426741408517, "4": 22.905195674357543, "5": 19.25148727854865, "6": 16.111569580762744, "7": 16.212769941990363, "8": 14.962538913387485, "10": 12.281318105810795, "11": 16.281866988938507, "12": 11.243876168981709, "13": 23.74909436989976, "14": 21.29959697873824, "15": 20.307439806211665, "16": 17.151278284488846, "17": 19.98942506538154, "18": 23.41619779269974, "19": 25.450850140158835, "20": 18.091220771463018, "21": 18.76623550728618, "22": 24.63171736849017, "23": 24.698342252149533, "24": 37.737386695204385, "25": 41.928206982620765, "26": 37.753355421424324, "27": 41.59113633397854, "28": 41.782132524907865, "29": 46.22879894981172, "30": 42.43925988703487, "31": 40.20494441542098, "32": 41.19745937114628, "33": 44.516307758382226, "34": 47.294810660787284, "35": 45.607748145891684, "36": 30.652510924050702, "37": 29.01260278427984, "38": 38.04409237924878, "39": 32.34670207426035, "40": 35.27451518226349, "41": 43.836176442101944, "42": 43.328253924345994, "43": 37.99296747061684, "44": 40.892229326156276, "45": 45.39979990375842, "46": 40.70555174049014, "47": 39.3825930603828, "48": 45.608073575288344, "49": 43.827217650398666, "50": 45.14895899804313, "51": 46.61446858002009, "52": 43.5846362736299, "53": 39.88306030530884, "54": 36.58939583100212, "55": 39.5987732165027, "56": 41.09962449760185, "57": 44.5430315753799, "58": 27.476824845668347, "59": 26.694826989394475, "60": 24.75986825347281, "61": 26.26045731479845, "62": 27.07888866492346, "63": 21.94712192401318, "64": 26.778162422538408, "65": 29.378804936578213, "66": 33.264793018880184, "67": 27.53305044222448, "68": 33.70178358968397, "69": 28.94993789770739, "70": 28.87596870889525, "71": 33.97790608279634, "72": 39.90099679315761, "73": 34.14652867318281, "74": 35.89000910637653, "75": 36.20076727238783, "76": 29.462904348865365, "77": 26.249234537469196, "78": 34.47069034999647, "79": 28.169284357927626, "80": 30.65947339529661, "81": 29.9877152978016, "82": 33.86405620283143, "83": 29.050099638899212, "84": 34.53357349193899, "85": 36.07085699257938 } }, "geometry": { "type": "Polygon", "coordinates": [ [ [ 142.875, -19.875 ], [ 142.875, -20.125 ], [ 141.625, -20.125 ], [ 141.625, -20.625 ], [ 141.375, -20.625 ], [ 141.375, -21.375 ], [ 143.125, -21.375 ], [ 143.125, -19.875 ], [ 142.875, -19.875 ] ] ] } },
{ "type": "Feature", "properties": { "cluster_id": 10, "cohesion": 6.3085869858795594, "distances": { "1": 26.98037488634105, "2": 22.130332331233788, "3": 25.17055665056584, "4": 28.074469671075537, "5": 26.157514921119354, "6": 21.822914945391112, "7": 18.924342539410794, "8": 16.676093532207734, "9": 12.281318105810797, "11": 12.489880908123734, "12": 15.51221400175176, "13": 17.634269402235724, "14": 12.844955961541327, "15": 19.373411254765855, "16": 12.36372240956093, "17": 14.281404099090448, "18": 19.29648724823057, "19": 23.915457540791394, "20": 22.087826750715198, "21": 20.197911300174894, "22": 23.867410152430637, "23": 25.048360621207667, "24": 36.475803084692416, "25": 41.32135506832261, "26": 39.71772964430734, "27": 42.355701653584894, "28": 42.780843584306346, "29": 45.86644163564906, "30": 38.900996508602915, "31": 38.386188712275455, "32": 38.46033904573076, "33": 43.37901210610944, "34": 45.65394016569628, "35": 42.88973678695503, "36": 31.989303215920565, "37": 31.394532497188163, "38": 37.42724963897607, "39": 33.386250356058845, "40": 35.890332357990964, "41": 43.50666271781074, "42": 41.56484962732089, "43": 38.67463837881261, "44": 41.50207233182501, "45": 44.40411723628107, "46": 36.46533489488995, "47": 34.87467144896156, "48": 42.985851330707064, "49": 40.331210815106985, "50": 44.09962105784571, "51": 44.361996672981164, "52": 40.903338995392986, "53": 37.90763589945116, "54": 35.64790197043745, "55": 36.840233648350534, "56": 38.85549219915189, "57": 41.410210071896714, "58": 28.43326900840909, "59": 29.42249174910759, "60": 28.029350059524727, "61": 27.222698677688832, "62": 26.929230820692073, "63": 20.219750734261194, "64": 26.03516860676253, "65": 28.727376598917353, "66": 31.586918308825805, "67": 25.764140422053785, "68": 35.46381709018248, "69": 30.420085687008466, "70": 29.035730067287286, "71": 28.97337911697382, "72": 35.39534740711898, "73": 32.10428263619533, "74": 34.496836907155185, "75": 33.348389043706106, "76": 25.663828813002862, "77": 20.173743355388556, "78": 28.10093937184728, "79": 20.49464821273883, "80": 29.93429211223391, "81": 28.075426806808895, "82": 30.98504623656199, "83": 23.24805357601868, "84": 28.906768910207113, "85": 31.954467150375727 } }, "geometry": { "type": "Polygon", "coordinates": [ [ [ 138.375, -20.375 ], [ 138.375, -20.625 ], [ 138.625, -20.625 ], [ 138.625, -21.375 ], [ 138.875, -21.375 ], [ 138.875, -21.875 ], [ 140.625, -21.875 ], [ 140.625, -21.625 ], [ 140.875, -21.625 ], [ 140.875, -21.875 ], [ 142.375, -21.875 ], [ 142.375, -21.375 ], [ 141.375, -21.375 ], [ 141.375, -21.125 ], [ 140.375, -21.125 ], [ 140.375, -20.875 ], [ 139.125, -20.875 ], [ 139.125, -20.625 ], [ 138.875, -20.625 ], [ 138.875, -20.375 ], [ 138.375, -20.375 ] ] ] } },
{ "type": "Feature", "properties": { "cluster_id": 11, "cohesion": 5.4460712654939654, "distances": { "1": 26.70953927414475, "2": 22.151752269006145, "3": 19.668686467407795, "4": 23.985654803415418, "5": 23.62107995071859, "6": 27.144741389569322, "7": 24.369884466072936, "8": 25.053152196214327, "9": 16.281866988938507, "10": 12.489880908123734, "12": 11.338032714400939, "13": 20.634508428916448, "14": 16.525289622864893, "15": 24.170859028431295, "16": 22.094885894637805, "17": 20.904387126434106, "18": 22.727382110033894, "19": 25.584860131993437, "20": 23.97174742525986, "21": 22.248971603892365, "22": 23.379411044848993, "23": 22.57659549436659, "24": 32.415967230866414, "25": 36.183408418026545, "26": 35.34921029956038, "27": 36.94377018967032, "28": 35.78390007991737, "29": 38.44452266480148, "30": 31.67076235573896, "31": 32.64302054015735, "32": 31.58302942433437, "33": 37.490781705162966, "34": 38.47639741269488, "35": 36.17660076515138, "36": 27.479879287141824, "37": 28.332798275765786, "38": 32.36203471747248, "39": 29.657410400087553, "40": 30.65083893638624, "41": 36.857037697567876, "42": 35.46597721971587, "43": 32.11107170896658, "44": 33.840585590701416, "45": 36.72365112301646, "46": 31.269323454520375, "47": 28.820232690884076, "48": 35.543336729013525, "49": 32.93610222526351, "50": 36.13039943097094, "51": 37.44173900659486, "52": 34.02462790232105, "53": 31.4521346919535, "54": 29.29578315772247, "55": 31.870267963941654, "56": 33.128881542906925, "57": 35.420865747465754, "58": 19.543524576198617, "59": 21.79844056414488, "60": 20.569007157771125, "61": 21.30524482063729, "62": 19.06896861805258, "63": 12.17710188564095, "64": 21.893317164424463, "65": 27.3305788807245, "66": 27.726170484505044, "67": 22.151617376038402, "68": 33.221275002172106, "69": 28.017896383008747, "70": 28.55146415119182, "71": 22.035026746011532, "72": 28.425236352570128, "73": 26.110897287591605, "74": 26.03476796480545, "75": 25.31772696798675, "76": 17.078170806806877, "77": 13.455965643076038, "78": 23.378937624478382, "79": 19.5789502831546, "80": 25.39236986865264, "81": 27.003060476080332, "82": 27.93424027953157, "83": 23.149261242102217, "84": 25.904685947604623, "85": 28.707249078935597 } }, "geometry": { "type": "Polygon", "coordinates": [ [ [ 140.625, -21.625 ], [ 140.625, -21.875 ], [ 140.125, -21.875 ], [ 140.125, -22.125 ], [ 140.375, -22.125 ], [ 140.375, -22.375 ], [ 140.625, -22.375 ], [ 140.625, -22.625 ], [ 141.125, -22.625 ], [ 141.125, -22.375 ], [ 141.625, -22.375 ], [ 141.625, -22.625 ], [ 141.875, -22.625 ], [ 141.875, -23.125 ], [ 142.125, -23.125 ], [ 142.125, -23.375 ], [ 142.875, -23.375 ], [ 142.875, -23.125 ], [ 143.125, -23.125 ], [ 143.125, -22.875 ], [ 143.375, -22.875 ], [ 143.375, -22.625 ], [ 143.125, -22.625 ], [ 143.125, -22.375 ], [ 142.875, -22.375 ], [ 142.875, -22.125 ], [ 142.625, -22.125 ], [ 142.625, -21.875 ], [ 140.875, -21.875 ], [ 140.875, -21.625 ], [ 140.625, -21.625 ] ] ] } },
{ "type": "Feature", "properties": { "cluster_id": 12, "cohesion": 5.6089658589220424, "distances": { "1": 19.805724376522928, "2": 14.56920736624095, "3": 13.761933059032168, "4": 18.451159325626858, "5": 16.397702742213188, "6": 22.29902415476751, "7": 21.71942992746608, "8": 23.03213204829113, "9": 11.243876168981709, "10": 15.512214001751762, "11": 11.338032714400937, "13": 24.72709644388085, "14": 22.619414869599186, "15": 23.87928251131765, "16": 23.771095052976694, "17": 23.824060455954417, "18": 25.018450385020902, "19": 25.971715806277444, "20": 19.975395237525806, "21": 20.40873856044121, "22": 23.435473611434784, "23": 21.82148370373982, "24": 33.74791059166007, "25": 36.877355516219936, "26": 33.36190829350073, "27": 36.2737833865625, "28": 35.097375873625424, "29": 39.18567648334798, "30": 36.25861020603343, "31": 34.97933336512334, "32": 35.274228130549695, "33": 38.90041238648864, "34": 40.5653859161262, "35": 39.462781491890155, "36": 26.400336551403726, "37": 25.98019035140974, "38": 33.02685358143546, "39": 28.570176523430415, "40": 30.310886295105306, "41": 37.50615769941533, "42": 37.38564789922006, "43": 31.872550176579427, "44": 33.73300157077509, "45": 38.236515839821756, "46": 35.4610719323042, "47": 33.781719966100205, "48": 38.79230065832292, "49": 37.29511872950268, "50": 37.75633431910836, "51": 39.984654940691655, "52": 37.083118815172696, "53": 33.66610128104558, "54": 30.476402696457995, "55": 34.406473503785186, "56": 35.420207394835614, "57": 38.58331409077899, "58": 19.010019682191576, "59": 19.033267953905483, "60": 16.89464147716722, "61": 20.86959468822233, "62": 20.13089815869373, "63": 15.539635448631227, "64": 23.159167892058644, "65": 27.862106424875325, "66": 29.727014558396604, "67": 24.01412056901365, "68": 31.24356835138399, "69": 26.362434004422525, "70": 28.01379580440682, "71": 28.626462295414036, "72": 34.02691269455352, "73": 29.029952575026847, "74": 28.610712945981945, "75": 29.648779640747534, "76": 23.030229436498015, "77": 21.58606445016306, "78": 30.323489857974224, "79": 26.53547722599027, "80": 26.07860358758797, "81": 28.10008392666274, "82": 30.251956366208383, "83": 27.683005515112974, "84": 30.99363881333486, "85": 32.22649832664385 } }, "geometry": { "type": "Polygon", "coordinates": [ [ [ 143.125, -20.125 ], [ 143.125, -21.375 ], [ 142.375, -21.375 ], [ 142.375, -21.875 ], [ 142.625, -21.875 ], [ 142.625, -22.125 ], [ 142.875, -22.125 ], [ 142.875, -22.375 ], [ 143.125, -22.375 ], [ 143.125, -22.625 ], [ 143.375, -22.625 ], [ 143.375, -22.125 ], [ 143.125, -22.125 ], [ 143.125, -21.625 ], [ 143.375, -21.625 ], [ 143.375, -21.375 ], [ 143.625, -21.375 ], [ 143.625, -20.625 ], [ 143.375, -20.625 ], [ 143.375, -20.125 ], [ 143.125, -20.125 ] ] ] } },
{ "type": "Feature", "properties": { "cluster_id": 13, "cohesion": 6.1054725229256164, "distances": { "1": 32.195836190539424, "2": 29.170203207287692, "3": 30.40167821503343, "4": 31.359949198941134, "5": 31.469109407552523, "6": 27.176346544468256, "7": 22.232404950087115, "8": 22.693940509824277, "9": 23.74909436989976, "10": 17.634269402235724, "11": 20.63450842891644, "12": 24.72709644388085, "14": 12.77717824523071, "15": 16.117970973955227, "16": 16.851648054332465, "17": 10.756745091861479, "18": 9.814497136922638, "19": 17.74483193575689, "20": 24.706881347964497, "21": 19.980566213154926, "22": 19.35766047676092, "23": 23.270064761500855, "24": 32.838365762551575, "25": 37.71007818638716, "26": 38.737855663147215, "27": 39.82594920314153, "28": 40.80967315196508, "29": 42.29955775330826, "30": 34.47535223343466, "31": 35.02400709556772, "32": 35.10661423716975, "33": 39.22978232558835, "34": 40.509994777554695, "35": 37.60607205429796, "36": 33.57442207923494, "37": 33.96285452080331, "38": 37.22332285672764, "39": 35.15318087840761, "40": 37.10017534363529, "41": 42.63834610602872, "42": 39.0487764413072, "43": 39.204787723919814, "44": 40.472637538537604, "45": 42.19179828641065, "46": 28.922941471779822, "47": 28.640983788445265, "48": 37.394989469876954, "49": 34.79012478263638, "50": 40.75904860427631, "51": 40.36255801585516, "52": 36.26608494773066, "53": 34.29721870579866, "54": 32.454182258878554, "55": 30.88461959354181, "56": 35.27178936848519, "57": 35.73514727286796, "58": 30.942095130213136, "59": 33.36650685400579, "60": 31.15582848115024, "61": 30.69202034801606, "62": 29.532724091059972, "63": 24.206967921195847, "64": 27.316426881755085, "65": 27.87065048519819, "66": 29.83896543118128, "67": 23.671491461039686, "68": 34.62127545436955, "69": 30.407265529394785, "70": 27.99218552807967, "71": 26.516678431160177, "72": 30.411927173992247, "73": 31.189055474010107, "74": 33.875017095537466, "75": 31.627146352350078, "76": 26.009156605369977, "77": 21.244123162190355, "78": 22.06082928698665, "79": 14.339038542909593, "80": 26.524411233943777, "81": 21.267083241535225, "82": 23.3742378312937, "83": 11.553385588948547, "84": 19.131192577537572, "85": 23.013773476972204 } }, "geometry": { "type": "Polygon", "coordinates": [ [ [ 129.875, -19.625 ], [ 129.875, -19.875 ], [ 128.875, -19.875 ], [ 128.875, -20.125 ], [ 128.125, -20.125 ], [ 128.125, -20.375 ], [ 128.625, -20.375 ], [ 128.625, -20.875 ], [ 128.875, -20.875 ], [ 128.875, -21.625 ], [ 129.875, -21.625 ], [ 129.875, -21.875 ], [ 130.125, -21.875 ], [ 130.125, -22.125 ], [ 130.875, -22.125 ], [ 130.875, -22.375 ], [ 131.625, -22.375 ], [ 131.625, -22.125 ], [ 132.875, -22.125 ], [ 132.875, -21.875 ], [ 132.125, -21.875 ], [ 132.125, -21.625 ], [ 131.375, -21.625 ], [ 131.375, -21.375 ], [ 131.125, -21.375 ], [ 131.125, -20.625 ], [ 130.875, -20.625 ], [ 130.875, -20.375 ], [ 130.625, -20.375 ], [ 130.625, -20.125 ], [ 130.375, -20.125 ], [ 130.375, -19.625 ], [ 129.875, -19.625 ] ] ] } },
{ "type": "Feature", "properties": { "cluster_id": 14, "cohesion": 7.1666618858215729, "distances": { "1": 32.02744678986398, "2": 28.962177511423523, "3": 29.862592920779562, "4": 31.819924881859794, "5": 31.293129238547586, "6": 28.051919980790238, "7": 24.27288843379406, "8": 22.87293007003422, "9": 21.299596978738244, "10": 12.844955961541327, "11": 16.525289622864893, "12": 22.619414869599186, "13": 12.777178245230708, "15": 21.412572108428474, "16": 14.38739840655853, "17": 11.732735128635133, "18": 17.477901537066835, "19": 24.171051947348765, "20": 26.340394518324075, "21": 23.455259738472805, "22": 24.74099385613904, "23": 26.288694674960293, "24": 35.359092182355205, "25": 40.293798707277304, "26": 41.097813279213106, "27": 42.531452612602806, "28": 43.14653841967149, "29": 44.880759056893694, "30": 35.30230777431278, "31": 37.06897873384626, "32": 36.29968369035764, "33": 41.86913838959268, "34": 43.29261877325556, "35": 39.597259456268716, "36": 33.68980645701666, "37": 34.08608827621701, "38": 37.50909181940658, "39": 34.95769587650966, "40": 37.05010728376004, "41": 43.421395535928795, "42": 40.29585448954352, "43": 39.54568494646448, "44": 41.87132028887455, "45": 43.324252780787035, "46": 32.01734270905334, "47": 29.87667476342119, "48": 39.67422512070522, "49": 36.088779014248885, "50": 42.675703727343375, "51": 42.13205926739044, "52": 37.97617323960411, "53": 36.56087966151514, "54": 35.339608649101336, "55": 34.60983286254669, "56": 37.28021059606758, "57": 38.371894324142666, "58": 30.956982243114368, "59": 32.718577834807846, "60": 31.363416573443526, "61": 29.993854896910182, "62": 29.352725043434386, "63": 22.871124649340107, "64": 27.37360207896016, "65": 29.584968996459516, "66": 31.074515047287257, "67": 25.49621173974292, "68": 37.010713914383395, "69": 31.61943244529997, "70": 30.105230074319284, "71": 24.49713669485504, "72": 30.350325876099966, "73": 31.491025962241014, "74": 34.59240323144562, "75": 31.72704031790677, "76": 24.198290061622085, "77": 17.338299471524117, "78": 21.23448433970793, "79": 12.279387211479321, "80": 30.255257289623316, "81": 27.226903059840556, "82": 28.891812950070868, "83": 17.95230086573163, "84": 23.09107844051953, "85": 28.0556870689436 } }, "geometry": { "type": "Polygon", "coordinates": [ [ [ 136.125, -20.875 ], [ 136.125, -21.125 ], [ 134.875, -21.125 ], [ 134.875, -21.375 ], [ 133.625, -21.375 ], [ 133.625, -21.125 ], [ 132.125, -21.125 ], [ 132.125, -21.875 ], [ 136.125, -21.875 ], [ 136.125, -22.125 ], [ 136.625, -22.125 ], [ 136.625, -21.875 ], [ 137.625, -21.875 ], [ 137.625, -22.125 ], [ 138.125, -22.125 ], [ 138.125, -22.375 ], [ 138.375, -22.375 ], [ 138.375, -22.625 ], [ 140.125, -22.625 ], [ 140.125, -22.375 ], [ 140.375, -22.375 ], [ 140.375, -22.125 ], [ 140.125, -22.125 ], [ 140.125, -21.875 ], [ 138.875, -21.875 ], [ 138.875, -21.375 ], [ 138.625, -21.375 ], [ 138.625, -21.125 ], [ 137.625, -21.125 ], [ 137.625, -20.875 ], [ 136.125, -20.875 ] ] ] } },
{ "type": "Feature", "properties": { "cluster_id": 15, "cohesion": 6.9615330663153552, "distances": { "1": 27.55200376666399, "2": 23.727125690910967, "3": 29.067010259210623, "4": 29.49355209234138, "5": 27.82233739216767, "6": 18.195001503537913, "7": 13.066092646880438, "8": 15.765712899308769, "9": 20.307439806211665, "10": 19.373411254765855, "11": 24.170859028431295, "12": 23.87928251131765, "13": 16.117970973955224, "14": 21.412572108428474, "16": 17.109349911182143, "17": 14.950664117416801, "18": 12.22806875795528, "19": 13.794047909098143, "20": 18.057804142392122, "21": 12.652795088904933, "22": 15.075498613251183, "23": 21.187469069865397, "24": 35.551297214222494, "25": 40.24953242055542, "26": 37.97647927790824, "27": 40.75760811531999, "28": 42.28237055693588, "29": 45.65662091879266, "30": 41.47406368315505, "31": 38.82280590789497, "32": 40.50163186096025, "33": 42.606296217709954, "34": 45.50166896397646, "35": 43.67617920700494, "36": 33.72619403885689, "37": 32.608578331678565, "38": 40.01284562733237, "39": 35.76562116773066, "40": 38.37847691540285, "41": 45.514512520963955, "42": 43.44787496153788, "43": 40.96648398816414, "44": 42.71943539311551, "45": 46.52408741837601, "46": 37.07886191156094, "47": 37.79948425358852, "48": 44.0460698617515, "49": 42.59282932513289, "50": 45.467882076348964, "51": 45.87734272873211, "52": 42.86223827052968, "53": 38.88615890023771, "54": 35.20857959571273, "55": 35.73436282819945, "56": 39.99255540893264, "57": 42.096173505449826, "58": 32.79625982381021, "59": 33.853790947641215, "60": 31.336424061920773, "61": 31.644947387914897, "62": 31.584472230130576, "63": 27.06968121237585, "64": 29.122490470239068, "65": 28.459153946665968, "66": 32.71830208486635, "67": 26.727415710549696, "68": 33.203273894480375, "69": 30.3013272641813, "70": 27.53247764461429, "71": 35.053011704221774, "72": 39.22156367418491, "73": 35.22840971435104, "74": 37.74012671598035, "75": 37.222529274125165, "76": 32.32753966821061, "77": 29.172036453856514, "78": 32.86737220414223, "79": 26.149647806366893, "80": 27.34796467831736, "81": 21.703952749230417, "82": 27.064259742137224, "83": 21.191629876344948, "84": 29.2451128681048, "85": 29.924738716547864 } }, "geometry": { "type": "Polygon", "coordinates": [ [ [ 128.125, -15.375 ], [ 128.125, -15.625 ], [ 127.875, -15.625 ], [ 127.875, -16.125 ], [ 128.125, -16.125 ], [ 128.125, -16.375 ], [ 127.875, -16.375 ], [ 127.875, -16.625 ], [ 127.625, -16.625 ], [ 127.625, -16.125 ], [ 127.125, -16.125 ], [ 127.125, -16.375 ], [ 126.875, -16.375 ], [ 126.875, -16.625 ], [ 126.625, -16.625 ], [ 126.625, -16.875 ], [ 126.375, -16.875 ], [ 126.375, -17.125 ], [ 126.125, -17.125 ], [ 126.125, -17.625 ], [ 125.875, -17.625 ], [ 125.875, -17.875 ], [ 125.375, -17.875 ], [ 125.375, -17.625 ], [ 125.625, -17.625 ], [ 125.625, -16.625 ], [ 125.875, -16.625 ], [ 125.875, -16.125 ], [ 125.625, -16.125 ], [ 125.625, -15.875 ], [ 125.375, -15.875 ], [ 125.375, -16.125 ], [ 125.125, -16.125 ], [ 125.125, -16.375 ], [ 124.625, -16.375 ], [ 124.625, -16.875 ], [ 124.875, -16.875 ], [ 124.875, -17.375 ], [ 124.625, -17.375 ], [ 124.625, -18.125 ], [ 124.875, -18.125 ], [ 124.875, -18.375 ], [ 125.625, -18.375 ], [ 125.625, -19.125 ], [ 125.875, -19.125 ], [ 125.875, -19.625 ], [ 127.125, -19.625 ], [ 127.125, -19.375 ], [ 127.375, -19.375 ], [ 127.375, -19.125 ], [ 127.625, -19.125 ], [ 127.625, -18.875 ], [ 128.125, -18.875 ], [ 128.125, -19.375 ], [ 128.375, -19.375 ], [ 128.375, -19.125 ], [ 128.625, -19.125 ], [ 128.625, -18.625 ], [ 128.375, -18.625 ], [ 128.375, -17.625 ], [ 128.625, -17.625 ], [ 128.625, -16.625 ], [ 128.875, -16.625 ], [ 128.875, -15.875 ], [ 128.375, -15.875 ], [ 128.375, -15.375 ], [ 128.125, -15.375 ] ] ] } },
{ "type": "Feature", "properties": { "cluster_id": 16, "cohesion": 5.7194552176550069, "distances": { "1": 29.75565819962037, "2": 26.101221728137574, "3": 32.12178295530164, "4": 33.363438479222985, "5": 30.942039078992806, "6": 20.344329427132735, "7": 17.373622182559252, "8": 12.816897351318083, "9": 17.151278284488846, "10": 12.363722409560932, "11": 22.094885894637798, "12": 23.771095052976694, "13": 16.851648054332465, "14": 14.387398406558532, "15": 17.109349911182143, "17": 10.49309590535747, "18": 17.786223657213753, "19": 23.919601617731978, "20": 23.168685030419024, "21": 21.121635257063836, "22": 25.985480365854496, "23": 28.845741516909232, "24": 40.68299838986427, "25": 46.1649894599692, "26": 44.30508709904327, "27": 47.44348517398529, "28": 48.99667337676745, "29": 52.20007059037012, "30": 44.97082689427445, "31": 43.768972252489924, "32": 44.53954650776352, "33": 48.62520302458005, "34": 51.57744890667834, "35": 48.499066782932545, "36": 37.2245293717949, "37": 35.833581618493724, "38": 42.93107454828474, "39": 38.22780670741884, "40": 41.61776641830192, "41": 49.91032032061664, "42": 47.47486642589364, "43": 45.146338491707404, "44": 48.390712737378614, "45": 51.257778131445114, "46": 41.15616706824331, "47": 40.25871855844983, "48": 49.062128863852635, "49": 46.3376594786094, "50": 50.90976551918972, "51": 50.57550305340403, "52": 46.97085948070253, "53": 43.96892080332624, "54": 41.679127963914844, "55": 41.67347741313499, "56": 44.47257491755823, "57": 46.8337678546515, "58": 36.75242028543187, "59": 37.175881546230926, "60": 35.61503808678296, "61": 34.13788795313836, "62": 34.82238513473769, "63": 28.468531115239927, "64": 31.57542276963964, "65": 31.910703788850366, "66": 36.168019216388295, "67": 30.501633829961854, "68": 38.706391934648046, "69": 34.03414161660487, "70": 31.39721073424373, "71": 35.22276156422871, "72": 41.22263046889701, "73": 38.13609283818217, "74": 41.98941435255324, "75": 40.31118903490012, "76": 33.284559130981656, "77": 27.466550259521895, "78": 32.770086398145466, "79": 23.38091102730011, "80": 34.828244981443774, "81": 30.05637987159244, "82": 34.31735419316153, "83": 24.42175825887743, "84": 32.083574428437, "85": 35.20294845330412 } }, "geometry": { "type": "Polygon", "coordinates": [ [ [ 131.125, -19.125 ], [ 131.125, -19.375 ], [ 131.375, -19.375 ], [ 131.375, -19.875 ], [ 131.625, -19.875 ], [ 131.625, -20.125 ], [ 131.875, -20.125 ], [ 131.875, -20.375 ], [ 132.125, -20.375 ], [ 132.125, -20.625 ], [ 134.625, -20.625 ], [ 134.625, -20.875 ], [ 137.625, -20.875 ], [ 137.625, -21.125 ], [ 138.625, -21.125 ], [ 138.625, -20.625 ], [ 138.375, -20.625 ], [ 138.375, -20.375 ], [ 138.625, -20.375 ], [ 138.625, -20.125 ], [ 138.375, -20.125 ], [ 138.375, -19.875 ], [ 138.125, -19.875 ], [ 138.125, -20.125 ], [ 137.625, -20.125 ], [ 137.625, -19.875 ], [ 137.125, -19.875 ], [ 137.125, -19.375 ], [ 135.875, -19.375 ], [ 135.875, -19.125 ], [ 134.875, -19.125 ], [ 134.875, -19.375 ], [ 132.875, -19.375 ], [ 132.875, -19.125 ], [ 131.125, -19.125 ] ] ] } },
{ "type": "Feature", "properties": { "cluster_id": 17, "cohesion": 7.6169591655490407, "distances": { "1": 30.49267873114012, "2": 27.147599162005964, "3": 30.90746402212581, "4": 32.07536598474324, "5": 30.753228089498506, "6": 23.065663989846147, "7": 18.855743463868077, "8": 17.213791394789464, "9": 19.98942506538154, "10": 14.281404099090448, "11": 20.904387126434102, "12": 23.824060455954417, "13": 10.756745091861477, "14": 11.732735128635134, "15": 14.950664117416801, "16": 10.49309590535747, "18": 12.885539858695058, "19": 20.274045063700694, "20": 23.073635847444145, "21": 19.55040616586193, "22": 22.139156463231384, "23": 25.567845637111795, "24": 36.787964751372755, "25": 42.05543872054801, "26": 41.51036762829043, "27": 43.743262927835936, "28": 45.04642936108377, "29": 47.51066786702251, "30": 39.888201776321644, "31": 39.50583175443899, "32": 39.9831800558372, "33": 44.13429337863143, "34": 46.368100684342565, "35": 43.292289488077536, "36": 35.23191591736835, "37": 34.70199792137807, "38": 40.08377084074308, "39": 36.560659671708045, "40": 39.27352219635548, "41": 46.371082569958574, "42": 43.42887881250193, "43": 42.16315412848165, "44": 44.528422005529904, "45": 46.886071919601484, "46": 35.40768205527228, "47": 34.59296296572115, "48": 43.53007166919357, "49": 40.77908276866455, "50": 46.06895777831192, "51": 45.718664163099824, "52": 41.84058330574828, "53": 39.36081281338079, "54": 37.29496620130876, "55": 36.63759365612411, "56": 40.085766027067386, "57": 41.63186079933097, "58": 33.80055600657687, "59": 35.05070723954182, "60": 33.23563789042569, "61": 32.1260415027123, "62": 32.04931365172925, "63": 26.1036643783042, "64": 29.13156525903243, "65": 29.587193316650712, "66": 32.85509409627575, "67": 26.932177134861195, "68": 36.51815637239468, "69": 31.970114346530277, "70": 29.362276298359884, "71": 30.72268360573682, "72": 35.88681923914714, "73": 34.575673520421425, "74": 38.04922704884603, "75": 36.054208227510316, "76": 29.528279685249114, "77": 24.034845035066994, "78": 27.318548590673455, "79": 18.2041406251176, "80": 30.82852554530415, "81": 25.722119066352395, "82": 29.19588908436024, "83": 18.321720486625406, "84": 25.97705615545329, "85": 29.565620044398216 } }, "geometry": { "type": "Polygon", "coordinates": [ [ [ 130.125, -18.875 ], [ 130.125, -19.125 ], [ 128.375, -19.125 ], [ 128.375, -19.625 ], [ 129.125, -19.625 ], [ 129.125, -19.875 ], [ 129.875, -19.875 ], [ 129.875, -19.625 ], [ 130.375, -19.625 ], [ 130.375, -20.125 ], [ 130.625, -20.125 ], [ 130.625, -20.375 ], [ 130.875, -20.375 ], [ 130.875, -20.625 ], [ 131.125, -20.625 ], [ 131.125, -21.375 ], [ 131.375, -21.375 ], [ 131.375, -21.625 ], [ 132.125, -21.625 ], [ 132.125, -21.125 ], [ 133.625, -21.125 ], [ 133.625, -21.375 ], [ 134.875, -21.375 ], [ 134.875, -21.125 ], [ 136.125, -21.125 ], [ 136.125, -20.875 ], [ 134.625, -20.875 ], [ 134.625, -20.625 ], [ 132.125, -20.625 ], [ 132.125, -20.375 ], [ 131.875, -20.375 ], [ 131.875, -20.125 ], [ 131.625, -20.125 ], [ 131.625, -19.875 ], [ 131.375, -19.875 ], [ 131.375, -19.375 ], [ 131.125, -19.375 ], [ 131.125, -19.125 ], [ 130.875, -19.125 ], [ 130.875, -18.875 ], [ 130.125, -18.875 ] ] ] } },
{ "type": "Feature", "properties": { "cluster_id": 18, "cohesion": 6.1203294704682429, "distances": { "1": 30.42780847611869, "2": 27.623238290472933, "3": 30.163866655353296, "4": 30.237151013550235, "5": 30.31193291085049, "6": 24.799058171237647, "7": 19.76240423712889, "8": 20.898261121377242, "9": 23.416197792699734, "10": 19.296487248230573, "11": 22.72738211003389, "12": 25.018450385020902, "13": 9.814497136922636, "14": 17.477901537066835, "15": 12.22806875795528, "16": 17.786223657213753, "17": 12.885539858695058, "19": 12.760753246042835, "20": 23.283627068705403, "21": 17.825110048466403, "22": 16.766417580239093, "23": 22.986161507472232, "24": 32.61444747251169, "25": 37.500770474203314, "26": 37.24132403249341, "27": 38.95158530041931, "28": 40.569410746384605, "29": 42.790662925109245, "30": 36.77619388517901, "31": 35.614969808467634, "32": 36.584489811098535, "33": 39.34544519693304, "34": 41.522789447269574, "35": 39.24798110176332, "36": 34.059795281400504, "37": 33.90849665183437, "38": 38.79076838051469, "39": 36.031462917483196, "40": 38.23925775979475, "41": 44.09290182831641, "42": 40.81161829730871, "43": 40.26069495842069, "44": 41.215533463305114, "45": 44.00040642201528, "46": 31.20981492651963, "47": 32.26127422813317, "48": 39.39885098662317, "49": 37.53362275041926, "50": 42.26972126599404, "51": 42.34532089235047, "52": 38.747115774324065, "53": 35.16767283048681, "54": 32.217445064128526, "55": 31.30982538137265, "56": 36.67596690683741, "57": 37.43334636723068, "58": 31.53395565359868, "59": 33.779957410130635, "60": 31.07726483019993, "61": 31.20798657089187, "62": 30.229325300028474, "63": 25.42473606262666, "64": 27.934587078985736, "65": 27.24021358844952, "66": 30.34201017194367, "67": 24.256112154489674, "68": 32.66607297585373, "69": 29.4626510188728, "70": 26.651887399459405, "71": 30.1923237206223, "72": 33.882393966789856, "73": 32.526628444337405, "74": 34.87794181639906, "75": 33.4876580489108, "76": 28.613203423567352, "77": 24.87960536271406, "78": 26.646418700502075, "79": 20.07718557726906, "80": 25.015187436629425, "81": 17.840597961724974, "82": 21.899397190637956, "83": 12.85417462661323, "84": 21.87459686063811, "85": 23.23077168572235 } }, "geometry": { "type": "Polygon", "coordinates": [ [ [ 127.625, -18.875 ], [ 127.625, -19.125 ], [ 127.375, -19.125 ], [ 127.375, -19.375 ], [ 127.125, -19.375 ], [ 127.125, -19.625 ], [ 125.875, -19.625 ], [ 125.875, -19.375 ], [ 125.375, -19.375 ], [ 125.375, -19.875 ], [ 125.625, -19.875 ], [ 125.625, -20.125 ], [ 125.875, -20.125 ], [ 125.875, -20.375 ], [ 125.125, -20.375 ], [ 125.125, -20.625 ], [ 125.375, -20.625 ], [ 125.375, -20.875 ], [ 125.125, -20.875 ], [ 125.125, -21.125 ], [ 125.375, -21.125 ], [ 125.375, -21.375 ], [ 126.375, -21.375 ], [ 126.375, -21.625 ], [ 126.875, -21.625 ], [ 126.875, -21.375 ], [ 127.625, -21.375 ], [ 127.625, -21.625 ], [ 127.875, -21.625 ], [ 127.875, -21.375 ], [ 128.125, -21.375 ], [ 128.125, -21.125 ], [ 128.375, -21.125 ], [ 128.375, -20.875 ], [ 128.625, -20.875 ], [ 128.625, -20.375 ], [ 128.125, -20.375 ], [ 128.125, -20.125 ], [ 128.875, -20.125 ], [ 128.875, -19.875 ], [ 129.125, -19.875 ], [ 129.125, -19.625 ], [ 128.375, -19.625 ], [ 128.375, -19.375 ], [ 128.125, -19.375 ], [ 128.125, -18.875 ], [ 127.625, -18.875 ] ] ] } },
{ "type": "Feature", "properties": { "cluster_id": 19, "cohesion": 8.2260584931764207, "distances": { "1": 28.711215303718067, "2": 26.695716479825528, "3": 28.919197044473677, "4": 27.91263903599827, "5": 28.644532093521676, "6": 24.977152331490775, "7": 20.73605359365389, "8": 23.929257979863063, "9": 25.45085014015883, "10": 23.915457540791394, "11": 25.584860131993437, "12": 25.97171580627745, "13": 17.744831935756885, "14": 24.171051947348765, "15": 13.794047909098147, "16": 23.919601617731978, "17": 20.274045063700694, "18": 12.760753246042835, "20": 22.45339769819458, "21": 17.156687327537156, "22": 12.737992547120971, "23": 20.984844463957057, "24": 30.126904365384657, "25": 34.593583174964486, "26": 33.22170364909116, "27": 35.41516912085735, "28": 37.449906817021834, "29": 40.33064014228977, "30": 36.8687586995237, "31": 33.83790055086623, "32": 35.95121946103399, "33": 36.845875202229955, "34": 39.80758325646258, "35": 38.379767192497006, "36": 32.318666887412846, "37": 31.887504384059568, "38": 37.663089048425036, "39": 34.65344640786131, "40": 36.838133231291884, "41": 42.283640572557104, "42": 39.5124436456087, "43": 38.36872754860175, "44": 38.942960470821184, "45": 42.67072643413472, "46": 31.927055435451067, "47": 33.92725490748516, "48": 38.75847691957971, "49": 37.79921232936641, "50": 40.85537470628, "51": 41.30441495540603, "52": 38.60433503219679, "53": 32.82571723302405, "54": 28.52851179091105, "55": 29.115492786504568, "56": 35.106384001281626, "57": 36.52167776490116, "58": 30.59720758368118, "59": 32.438940042271, "60": 29.339941092479723, "61": 30.189438355321002, "62": 29.917866443373217, "63": 26.661612145371137, "64": 27.1393453834223, "65": 25.330602213242834, "66": 28.869621051642707, "67": 23.294701155466452, "68": 28.727541223602536, "69": 26.71211878994673, "70": 24.081412491655573, "71": 32.4803082482793, "72": 35.30915897392082, "73": 31.9107314478404, "74": 33.920752147333836, "75": 33.60155600957295, "76": 30.25705705923972, "77": 28.26412786711246, "78": 30.253056850569713, "79": 25.91856371292247, "80": 20.04730382801849, "81": 12.313195020605798, "82": 18.80204700240862, "83": 17.811162168689528, "84": 24.99270543725659, "85": 23.114001730425958 } }, "geometry": { "type": "Polygon", "coordinates": [ [ [ 124.375, -16.375 ], [ 124.375, -16.625 ], [ 123.875, -16.625 ], [ 123.875, -17.125 ], [ 123.625, -17.125 ], [ 123.625, -17.375 ], [ 123.375, -17.375 ], [ 123.375, -17.625 ], [ 123.125, -17.625 ], [ 123.125, -17.875 ], [ 122.625, -17.875 ], [ 122.625, -17.375 ], [ 122.875, -17.375 ], [ 122.875, -17.125 ], [ 123.125, -17.125 ], [ 123.125, -16.875 ], [ 122.625, -16.875 ], [ 122.625, -17.125 ], [ 122.375, -17.125 ], [ 122.375, -18.125 ], [ 121.875, -18.125 ], [ 121.875, -18.375 ], [ 121.625, -18.375 ], [ 121.625, -18.625 ], [ 121.375, -18.625 ], [ 121.375, -18.875 ], [ 121.125, -18.875 ], [ 121.125, -19.125 ], [ 120.875, -19.125 ], [ 120.875, -19.375 ], [ 120.625, -19.375 ], [ 120.625, -19.625 ], [ 120.375, -19.625 ], [ 120.375, -19.875 ], [ 119.625, -19.875 ], [ 119.625, -20.125 ], [ 119.125, -20.125 ], [ 119.125, -20.375 ], [ 118.625, -20.375 ], [ 118.625, -21.375 ], [ 119.125, -21.375 ], [ 119.125, -21.125 ], [ 119.625, -21.125 ], [ 119.625, -21.375 ], [ 120.375, -21.375 ], [ 120.375, -21.125 ], [ 120.625, -21.125 ], [ 120.625, -20.875 ], [ 121.125, -20.875 ], [ 121.125, -20.625 ], [ 122.375, -20.625 ], [ 122.375, -20.875 ], [ 122.625, -20.875 ], [ 122.625, -21.125 ], [ 123.125, -21.125 ], [ 123.125, -21.375 ], [ 124.125, -21.375 ], [ 124.125, -21.125 ], [ 125.125, -21.125 ], [ 125.125, -20.875 ], [ 125.375, -20.875 ], [ 125.375, -20.625 ], [ 125.125, -20.625 ], [ 125.125, -20.375 ], [ 125.875, -20.375 ], [ 125.875, -20.125 ], [ 125.625, -20.125 ], [ 125.625, -19.875 ], [ 125.375, -19.875 ], [ 125.375, -19.375 ], [ 125.875, -19.375 ], [ 125.875, -19.125 ], [ 125.625, -19.125 ], [ 125.625, -18.375 ], [ 124.875, -18.375 ], [ 124.875, -18.125 ], [ 124.625, -18.125 ], [ 124.625, -17.375 ], [ 124.875, -17.375 ], [ 124.875, -16.875 ], [ 124.625, -16.875 ], [ 124.625, -16.375 ], [ 124.375, -16.375 ] ] ] } },
{ "type": "Feature", "properties": { "cluster_id": 20, "cohesion": 7.9707431067182677, "distances": { "1": 19.559370710936445, "2": 16.016232596177346, "3": 21.90519768571159, "4": 22.548675657084473, "5": 19.121396059687253, "6": 13.437887213213756, "7": 13.923162766681813, "8": 19.28927400940241, "9": 18.09122077146302, "10": 22.087826750715198, "11": 23.971747425259856, "12": 19.975395237525806, "13": 24.706881347964494, "14": 26.340394518324075, "15": 18.057804142392126, "16": 23.16868503041902, "17": 23.07363584744414, "18": 23.283627068705403, "19": 22.45339769819458, "21": 12.533698118449504, "22": 18.86517971281787, "23": 16.085946900114124, "24": 34.747424379494596, "25": 38.243131499635325, "26": 33.76940803961461, "27": 37.50055664207739, "28": 37.76949441939979, "29": 42.18865143435667, "30": 41.19422002968071, "31": 37.87561101780075, "32": 39.96437534603248, "33": 41.05297725894118, "34": 43.49235628038802, "35": 42.67125248136824, "36": 27.481335688829734, "37": 25.361772812410173, "38": 34.5535769074571, "39": 28.79576527672965, "40": 32.141068761355164, "41": 40.055274194773865, "42": 39.58793844664452, "43": 34.89964615654541, "44": 37.36682027362063, "45": 41.94797476294734, "46": 37.696684794638685, "47": 37.73729186807607, "48": 42.518852817487534, "49": 41.656790538017646, "50": 41.786790814251624, "51": 42.7834332972885, "52": 40.27342400032709, "53": 36.86303512324694, "54": 33.514982980516926, "55": 35.716710132941216, "56": 37.480949933429855, "57": 40.78018107124594, "58": 28.70609254632048, "59": 26.64632683566157, "60": 25.5242408419901, "61": 26.32918948313091, "62": 28.652357501624447, "63": 25.914561455161376, "64": 26.385632238656353, "65": 27.849813044441483, "66": 31.613323605498284, "67": 25.941564540876637, "68": 30.212618379105436, "69": 25.96790474460363, "70": 26.57141179953235, "71": 35.06429473361748, "72": 39.06715946553969, "73": 33.48556037867194, "74": 35.624147234091055, "75": 36.33570286516792, "76": 31.83213583136987, "77": 30.187524726000618, "78": 34.91442405752662, "79": 30.168395024266587, "80": 27.309329305063944, "81": 26.744200206352417, "82": 30.532337102842746, "83": 28.339331586363073, "84": 33.00138162265485, "85": 33.0662840888089 } }, "geometry": { "type": "MultiPolygon", "coordinates": [ [ [ [ 129.875, -13.875 ], [ 129.875, -13.625 ], [ 130.125, -13.625 ], [ 130.125, -13.875 ], [ 129.875, -13.875 ] ] ], [ [ [ 133.375, -13.875 ], [ 133.375, -13.625 ], [ 133.625, -13.625 ], [ 133.625, -13.875 ], [ 133.375, -13.875 ] ] ], [ [ [ 130.125, -13.625 ], [ 130.125, -13.375 ], [ 130.375, -13.375 ], [ 130.375, -13.625 ], [ 130.125, -13.625 ] ] ], [ [ [ 134.125, -13.375 ], [ 134.125, -13.625 ], [ 133.625, -13.625 ], [ 133.625, -13.375 ], [ 133.875, -13.375 ], [ 133.875, -13.125 ], [ 134.375, -13.125 ], [ 134.375, -13.375 ], [ 134.125, -13.375 ] ] ], [ [ [ 135.375, -13.125 ], [ 135.625, -13.125 ], [ 135.625, -13.375 ], [ 135.375, -13.375 ], [ 135.375, -13.125 ] ] ], [ [ [ 135.875, -12.375 ], [ 135.625, -12.375 ], [ 135.625, -12.125 ], [ 133.875, -12.125 ], [ 133.875, -11.875 ], [ 133.125, -11.875 ], [ 133.125, -12.375 ], [ 132.625, -12.375 ], [ 132.625, -12.625 ], [ 132.125, -12.625 ], [ 132.125, -12.875 ], [ 131.125, -12.875 ], [ 131.125, -13.125 ], [ 130.625, -13.125 ], [ 130.625, -13.375 ], [ 130.375, -13.375 ], [ 130.375, -12.875 ], [ 130.625, -12.875 ], [ 130.625, -12.625 ], [ 131.125, -12.625 ], [ 131.125, -12.375 ], [ 132.375, -12.375 ], [ 132.375, -12.125 ], [ 131.625, -12.125 ], [ 131.625, -11.875 ], [ 132.125, -11.875 ], [ 132.125, -11.625 ], [ 132.375, -11.625 ], [ 132.375, -11.375 ], [ 132.625, -11.375 ], [ 132.625, -11.125 ], [ 133.125, -11.125 ], [ 133.125, -11.375 ], [ 133.875, -11.375 ], [ 133.875, -11.625 ], [ 134.875, -11.625 ], [ 134.875, -11.875 ], [ 135.375, -11.875 ], [ 135.375, -11.625 ], [ 135.625, -11.625 ], [ 135.625, -11.875 ], [ 136.625, -11.875 ], [ 136.625, -12.125 ], [ 136.875, -12.125 ], [ 136.875, -12.375 ], [ 137.125, -12.375 ], [ 137.125, -12.625 ], [ 136.875, -12.625 ], [ 136.875, -13.125 ], [ 136.625, -13.125 ], [ 136.625, -13.375 ], [ 136.375, -13.375 ], [ 136.375, -13.625 ], [ 135.875, -13.625 ], [ 135.875, -13.125 ], [ 135.625, -13.125 ], [ 135.625, -12.875 ], [ 135.875, -12.875 ], [ 135.875, -12.375 ] ] ], [ [ [ 131.625, -11.125 ], [ 131.625, -11.375 ], [ 131.875, -11.375 ], [ 131.875, -11.625 ], [ 131.625, -11.625 ], [ 131.625, -11.875 ], [ 130.875, -11.875 ], [ 130.875, -11.375 ], [ 131.125, -11.375 ], [ 131.125, -10.875 ], [ 131.375, -10.875 ], [ 131.375, -11.125 ], [ 131.625, -11.125 ] ] ], [ [ [ 130.375, -11.125 ], [ 130.375, -10.875 ], [ 130.625, -10.875 ], [ 130.625, -11.125 ], [ 130.375, -11.125 ] ] ] ] } },
{ "type": "Feature", "properties": { "cluster_id": 21, "cohesion": 9.5177935382956154, "distances": { "1": 23.1459548579904, "2": 19.075412374301756, "3": 23.891188185531767, "4": 24.3940165684768, "5": 22.451765375579136, "6": 16.22079863085858, "7": 12.627947047488556, "8": 18.34507965721616, "9": 18.76623550728618, "10": 20.197911300174894, "11": 22.24897160389236, "12": 20.40873856044121, "13": 19.980566213154926, "14": 23.455259738472805, "15": 12.652795088904933, "16": 21.121635257063836, "17": 19.55040616586193, "18": 17.825110048466403, "19": 17.156687327537156, "20": 12.533698118449504, "22": 13.932793030680894, "23": 15.834052399414873, "24": 32.94090985874436, "25": 36.90908878388884, "26": 33.75749231761216, "27": 36.74047075249606, "28": 37.47549847086071, "29": 41.26572044765745, "30": 38.700153254678966, "31": 35.82293403351409, "32": 37.55672886543362, "33": 39.289444962666174, "34": 41.76086251109755, "35": 40.535978984843595, "36": 28.664257551123473, "37": 27.44212493465099, "38": 35.46773962017653, "39": 30.738797826180956, "40": 33.38836600759323, "41": 40.64923974045209, "42": 39.40361739054508, "43": 35.77834988479407, "44": 37.55171843460021, "45": 41.82080953619385, "46": 35.11283844486062, "47": 35.48971046354819, "48": 40.56172614203726, "49": 39.48158639014734, "50": 40.98224536199915, "51": 41.97952173715046, "52": 39.183943613966264, "53": 35.387637474093125, "54": 31.656938962893335, "55": 33.393197321698025, "56": 36.52223776532597, "57": 39.14396506814597, "58": 28.12711217965135, "59": 28.264159111094987, "60": 26.171426344524786, "61": 26.951952366606054, "62": 27.50331352757918, "63": 24.033568031967892, "64": 25.618788387193742, "65": 26.40158971736005, "66": 29.993051763403226, "67": 23.994643206220225, "68": 29.99974965678876, "69": 26.52224262048088, "70": 25.591879930330016, "71": 32.82169605161988, "72": 36.71817228043086, "73": 31.92012023767714, "74": 33.788943165613446, "75": 34.013223605472845, "76": 29.581444978266017, "77": 27.68970737463809, "78": 31.96358471478326, "79": 26.953000708278317, "80": 24.66032627872468, "81": 22.423277299368156, "82": 26.62184685147852, "83": 23.541780853899418, "84": 29.284203474771022, "85": 29.461816544988924 } }, "geometry": { "type": "MultiPolygon", "coordinates": [ [ [ [ 127.625, -14.125 ], [ 127.625, -14.375 ], [ 127.375, -14.375 ], [ 127.375, -15.125 ], [ 127.125, -15.125 ], [ 127.125, -15.625 ], [ 126.875, -15.625 ], [ 126.875, -15.875 ], [ 127.875, -15.875 ], [ 127.875, -16.125 ], [ 128.125, -16.125 ], [ 128.125, -16.375 ], [ 127.875, -16.375 ], [ 127.875, -16.625 ], [ 127.625, -16.625 ], [ 127.625, -16.125 ], [ 127.125, -16.125 ], [ 127.125, -16.375 ], [ 126.875, -16.375 ], [ 126.875, -16.625 ], [ 126.625, -16.625 ], [ 126.625, -16.875 ], [ 126.375, -16.875 ], [ 126.375, -17.125 ], [ 126.125, -17.125 ], [ 126.125, -16.875 ], [ 125.625, -16.875 ], [ 125.625, -16.625 ], [ 125.875, -16.625 ], [ 125.875, -16.125 ], [ 125.625, -16.125 ], [ 125.625, -15.875 ], [ 125.375, -15.875 ], [ 125.375, -16.125 ], [ 125.125, -16.125 ], [ 125.125, -16.375 ], [ 124.625, -16.375 ], [ 124.625, -15.625 ], [ 124.875, -15.625 ], [ 124.875, -15.375 ], [ 125.125, -15.375 ], [ 125.125, -15.125 ], [ 125.375, -15.125 ], [ 125.375, -14.875 ], [ 125.625, -14.875 ], [ 125.625, -14.625 ], [ 125.875, -14.625 ], [ 125.875, -14.375 ], [ 126.125, -14.375 ], [ 126.125, -14.125 ], [ 126.625, -14.125 ], [ 126.625, -13.875 ], [ 127.375, -13.875 ], [ 127.375, -14.125 ], [ 127.625, -14.125 ] ] ], [ [ [ 127.875, -15.625 ], [ 127.875, -15.375 ], [ 128.125, -15.375 ], [ 128.125, -15.625 ], [ 127.875, -15.625 ] ] ], [ [ [ 128.125, -15.125 ], [ 128.375, -15.125 ], [ 128.375, -15.375 ], [ 128.125, -15.375 ], [ 128.125, -15.125 ] ] ], [ [ [ 128.625, -15.125 ], [ 128.375, -15.125 ], [ 128.375, -14.875 ], [ 128.625, -14.875 ], [ 128.625, -15.125 ] ] ], [ [ [ 136.125, -13.625 ], [ 136.125, -13.875 ], [ 136.375, -13.875 ], [ 136.375, -14.125 ], [ 136.125, -14.125 ], [ 136.125, -14.375 ], [ 135.875, -14.375 ], [ 135.875, -14.875 ], [ 136.125, -14.875 ], [ 136.125, -15.125 ], [ 135.375, -15.125 ], [ 135.375, -14.875 ], [ 134.625, -14.875 ], [ 134.625, -15.125 ], [ 134.375, -15.125 ], [ 134.375, -15.375 ], [ 134.125, -15.375 ], [ 134.125, -15.625 ], [ 133.875, -15.625 ], [ 133.875, -15.375 ], [ 132.875, -15.375 ], [ 132.875, -15.125 ], [ 132.625, -15.125 ], [ 132.625, -14.625 ], [ 132.875, -14.625 ], [ 132.875, -14.375 ], [ 133.125, -14.375 ], [ 133.125, -14.125 ], [ 133.375, -14.125 ], [ 133.375, -13.875 ], [ 133.625, -13.875 ], [ 133.625, -13.625 ], [ 134.125, -13.625 ], [ 134.125, -13.375 ], [ 134.375, -13.375 ], [ 134.375, -14.125 ], [ 134.875, -14.125 ], [ 134.875, -13.875 ], [ 135.125, -13.875 ], [ 135.125, -13.625 ], [ 135.375, -13.625 ], [ 135.375, -13.375 ], [ 135.625, -13.375 ], [ 135.625, -13.125 ], [ 135.875, -13.125 ], [ 135.875, -13.625 ], [ 136.125, -13.625 ] ] ], [ [ [ 129.625, -14.125 ], [ 129.625, -14.875 ], [ 128.625, -14.875 ], [ 128.625, -14.625 ], [ 129.375, -14.625 ], [ 129.375, -14.375 ], [ 129.125, -14.375 ], [ 129.125, -14.125 ], [ 129.375, -14.125 ], [ 129.375, -13.875 ], [ 129.625, -13.875 ], [ 129.625, -13.625 ], [ 129.875, -13.625 ], [ 129.875, -14.125 ], [ 129.625, -14.125 ] ] ], [ [ [ 129.875, -13.375 ], [ 130.125, -13.375 ], [ 130.125, -13.625 ], [ 129.875, -13.625 ], [ 129.875, -13.375 ] ] ], [ [ [ 130.375, -13.375 ], [ 130.125, -13.375 ], [ 130.125, -13.125 ], [ 130.375, -13.125 ], [ 130.375, -13.375 ] ] ] ] } },
{ "type": "Feature", "properties": { "cluster_id": 22, "cohesion": 8.2306609211844854, "distances": { "1": 28.03846895796907, "2": 24.95469572475408, "3": 25.268734799484, "4": 25.99704060577821, "5": 26.354916389398465, "6": 24.52440326629251, "7": 20.198384622349888, "8": 25.29220908987532, "9": 24.63171736849017, "10": 23.867410152430637, "11": 23.379411044848993, "12": 23.435473611434784, "13": 19.357660476760923, "14": 24.74099385613904, "15": 15.075498613251183, "16": 25.985480365854496, "17": 22.139156463231384, "18": 16.766417580239093, "19": 12.737992547120971, "20": 18.86517971281787, "21": 13.932793030680894, "23": 13.837351500173765, "24": 28.22867072775018, "25": 31.906392299491703, "26": 30.6904385876454, "27": 32.410810207656, "28": 33.10320237966462, "29": 35.90071944619634, "30": 33.6516782857997, "31": 30.882397321641147, "32": 32.80239341836395, "33": 33.95306176941988, "34": 35.967823128666964, "35": 34.9427015441257, "36": 27.661367996228076, "37": 27.60060591537162, "38": 32.42119324213836, "39": 29.759509870744118, "40": 31.522662843029273, "41": 36.54396231556264, "42": 34.44120440172903, "43": 32.85365935739155, "44": 33.518103328981105, "45": 37.05128996711743, "46": 29.131801554058033, "47": 30.472171918490417, "48": 34.81181896291419, "49": 34.1143466837886, "50": 35.86150834789727, "51": 36.25052559192355, "52": 33.92154722798461, "53": 29.003166535459997, "54": 25.395541492584016, "55": 26.508819488582528, "56": 30.781030989111965, "57": 32.76055415560623, "58": 25.891203702031202, "59": 27.307832340320566, "60": 25.303730431330187, "61": 25.706436169212154, "62": 25.549212927917637, "63": 23.32300488239769, "64": 23.753525414085004, "65": 24.115147972427476, "66": 26.372246604147676, "67": 20.460874465641048, "68": 27.666480945067647, "69": 24.84761701404605, "70": 23.60020839806448, "71": 29.73147799063221, "72": 32.147489820178876, "73": 28.398396478374774, "74": 29.69238625589927, "75": 30.047683545377065, "76": 27.125083397775274, "77": 26.292830933110775, "78": 28.340439843772632, "79": 25.28062128972357, "80": 18.377257658330112, "81": 15.678458713229059, "82": 19.469727808561515, "83": 19.620582873613124, "84": 24.1754778021925, "85": 23.07941900708805 } }, "geometry": { "type": "MultiPolygon", "coordinates": [ [ [ [ 126.125, -16.875 ], [ 126.125, -17.625 ], [ 125.875, -17.625 ], [ 125.875, -17.875 ], [ 125.375, -17.875 ], [ 125.375, -17.625 ], [ 125.625, -17.625 ], [ 125.625, -16.875 ], [ 126.125, -16.875 ] ] ], [ [ [ 124.625, -16.375 ], [ 124.375, -16.375 ], [ 124.375, -16.625 ], [ 123.875, -16.625 ], [ 123.875, -17.125 ], [ 123.625, -17.125 ], [ 123.625, -17.375 ], [ 123.375, -17.375 ], [ 123.375, -17.625 ], [ 123.125, -17.625 ], [ 123.125, -17.875 ], [ 122.625, -17.875 ], [ 122.625, -17.375 ], [ 122.875, -17.375 ], [ 122.875, -17.125 ], [ 123.125, -17.125 ], [ 123.125, -16.875 ], [ 122.625, -16.875 ], [ 122.625, -17.125 ], [ 122.375, -17.125 ], [ 122.375, -18.125 ], [ 122.125, -18.125 ], [ 122.125, -17.875 ], [ 121.875, -17.875 ], [ 121.875, -17.125 ], [ 122.125, -17.125 ], [ 122.125, -16.875 ], [ 122.375, -16.875 ], [ 122.375, -16.625 ], [ 122.625, -16.625 ], [ 122.625, -16.375 ], [ 123.625, -16.375 ], [ 123.625, -16.125 ], [ 124.375, -16.125 ], [ 124.375, -15.875 ], [ 124.625, -15.875 ], [ 124.625, -16.375 ] ] ], [ [ [ 128.375, -14.625 ], [ 128.625, -14.625 ], [ 128.625, -14.875 ], [ 128.375, -14.875 ], [ 128.375, -15.125 ], [ 128.125, -15.125 ], [ 128.125, -15.375 ], [ 127.875, -15.375 ], [ 127.875, -15.875 ], [ 126.875, -15.875 ], [ 126.875, -15.625 ], [ 127.125, -15.625 ], [ 127.125, -15.125 ], [ 127.375, -15.125 ], [ 127.375, -14.375 ], [ 128.375, -14.375 ], [ 128.375, -14.625 ] ] ] ] } },
{ "type": "Feature", "properties": { "cluster_id": 23, "cohesion": 8.2888809823311895, "distances": { "1": 27.120299279449245, "2": 23.693968598993905, "3": 21.723107753138372, "4": 24.280722497638063, "5": 23.92062687423242, "6": 25.32992173699014, "7": 22.668645968327105, "8": 28.1920463042177, "9": 24.698342252149533, "10": 25.048360621207667, "11": 22.57659549436659, "12": 21.82148370373982, "13": 23.270064761500855, "14": 26.288694674960297, "15": 21.187469069865397, "16": 28.84574151690924, "17": 25.567845637111795, "18": 22.986161507472232, "19": 20.984844463957053, "20": 16.085946900114124, "21": 15.834052399414873, "22": 13.837351500173767, "24": 29.059760712648796, "25": 31.661767736945134, "26": 30.338461908696708, "27": 31.75618088649091, "28": 30.31214795469225, "29": 32.829031405670875, "30": 32.45914942402218, "31": 30.666171453039986, "32": 32.10666681616233, "33": 33.54925781043644, "34": 33.761063458276475, "35": 33.47746569796779, "36": 23.080016110901184, "37": 23.041582148088533, "38": 26.027060104447003, "39": 23.723805217742637, "40": 25.53062498464839, "41": 30.187784666831508, "42": 28.844229706048885, "43": 27.046099639726307, "44": 28.538430631691874, "45": 31.232077694990853, "46": 27.34188832116424, "47": 27.689722479651063, "48": 32.1101135691424, "49": 31.715236018825394, "50": 31.37157380720648, "51": 31.158406530183917, "52": 29.24433953413899, "53": 26.205946702575602, "54": 24.434392575867257, "55": 25.28050613985571, "56": 26.543485556423466, "57": 29.399901070805615, "58": 22.73035039205073, "59": 22.05561368242818, "60": 22.03050299056363, "61": 22.017381332297877, "62": 23.225006206967162, "63": 22.119436960244396, "64": 22.260216505957573, "65": 25.598554390709214, "66": 26.42219525724528, "67": 20.255105360781222, "68": 28.803920285578666, "69": 24.011734004905254, "70": 25.428541437826123, "71": 28.071312732090398, "72": 30.15559356570207, "73": 26.987513650424216, "74": 27.67343806332461, "75": 28.665890466177995, "76": 25.619592682142024, "77": 25.544501336955463, "78": 27.534477490784983, "79": 25.810645420510937, "80": 20.077935836801135, "81": 21.891922576680688, "82": 22.700143128667253, "83": 23.39359251384893, "84": 24.91657308128504, "85": 24.628415189843487 } }, "geometry": { "type": "MultiPolygon", "coordinates": [ [ [ [ 123.375, -16.375 ], [ 123.375, -16.125 ], [ 123.625, -16.125 ], [ 123.625, -16.375 ], [ 123.375, -16.375 ] ] ], [ [ [ 125.875, -14.625 ], [ 125.625, -14.625 ], [ 125.625, -14.875 ], [ 125.375, -14.875 ], [ 125.375, -15.125 ], [ 125.125, -15.125 ], [ 125.125, -15.375 ], [ 124.875, -15.375 ], [ 124.875, -15.625 ], [ 124.625, -15.625 ], [ 124.625, -15.875 ], [ 124.375, -15.875 ], [ 124.375, -16.125 ], [ 123.625, -16.125 ], [ 123.625, -15.875 ], [ 124.125, -15.875 ], [ 124.125, -15.625 ], [ 124.375, -15.625 ], [ 124.375, -15.375 ], [ 124.625, -15.375 ], [ 124.625, -15.125 ], [ 124.875, -15.125 ], [ 124.875, -14.625 ], [ 125.125, -14.625 ], [ 125.125, -14.375 ], [ 125.375, -14.375 ], [ 125.375, -14.125 ], [ 126.125, -14.125 ], [ 126.125, -14.375 ], [ 125.875, -14.375 ], [ 125.875, -14.625 ] ] ], [ [ [ 126.625, -14.125 ], [ 126.125, -14.125 ], [ 126.125, -13.875 ], [ 126.625, -13.875 ], [ 126.625, -14.125 ] ] ], [ [ [ 127.875, -13.875 ], [ 127.875, -14.125 ], [ 128.125, -14.125 ], [ 128.125, -14.375 ], [ 127.625, -14.375 ], [ 127.625, -14.125 ], [ 127.375, -14.125 ], [ 127.375, -13.875 ], [ 126.625, -13.875 ], [ 126.625, -13.625 ], [ 127.625, -13.625 ], [ 127.625, -13.875 ], [ 127.875, -13.875 ] ] ], [ [ [ 129.375, -13.875 ], [ 129.375, -13.625 ], [ 129.625, -13.625 ], [ 129.625, -13.875 ], [ 129.375, -13.875 ] ] ], [ [ [ 129.625, -13.375 ], [ 129.875, -13.375 ], [ 129.875, -13.625 ], [ 129.625, -13.625 ], [ 129.625, -13.375 ] ] ], [ [ [ 130.125, -12.375 ], [ 130.375, -12.375 ], [ 130.375, -11.875 ], [ 130.125, -11.875 ], [ 130.125, -11.625 ], [ 129.875, -11.625 ], [ 129.875, -11.375 ], [ 130.125, -11.375 ], [ 130.125, -11.125 ], [ 131.125, -11.125 ], [ 131.125, -11.375 ], [ 130.875, -11.375 ], [ 130.875, -11.875 ], [ 131.625, -11.875 ], [ 131.625, -12.125 ], [ 132.375, -12.125 ], [ 132.375, -12.375 ], [ 131.125, -12.375 ], [ 131.125, -12.625 ], [ 130.625, -12.625 ], [ 130.625, -12.875 ], [ 130.375, -12.875 ], [ 130.375, -13.125 ], [ 130.125, -13.125 ], [ 130.125, -13.375 ], [ 129.875, -13.375 ], [ 129.875, -12.625 ], [ 130.125, -12.625 ], [ 130.125, -12.375 ] ], [ [ 130.625, -11.875 ], [ 130.625, -12.125 ], [ 130.875, -12.125 ], [ 130.875, -11.875 ], [ 130.625, -11.875 ] ] ] ] } },
{ "type": "Feature", "properties": { "cluster_id": 24, "cohesion": 5.5593848762603928, "distances": { "1": 35.72442960315265, "2": 35.61700860399768, "3": 32.12810198922236, "4": 29.849005550438182, "5": 34.00040736030576, "6": 40.33359285007975, "7": 38.020879440904764, "8": 41.5449046405202, "9": 37.737386695204385, "10": 36.475803084692416, "11": 32.415967230866414, "12": 33.74791059166007, "13": 32.838365762551575, "14": 35.359092182355205, "15": 35.551297214222494, "16": 40.68299838986427, "17": 36.787964751372755, "18": 32.61444747251169, "19": 30.126904365384657, "20": 34.747424379494596, "21": 32.94090985874436, "22": 28.22867072775018, "23": 29.05976071264879, "25": 11.552313038644476, "26": 17.46338749322707, "27": 16.95372163597268, "28": 23.616941498016306, "29": 26.11010254910585, "30": 21.430438100470006, "31": 11.616630560711645, "32": 17.73569381777539, "33": 14.684502183935555, "34": 24.16176689841585, "35": 20.106488275744, "36": 29.869411272323134, "37": 31.711393780261357, "38": 35.75669769001208, "39": 33.848871763261485, "40": 34.58762755650521, "41": 36.79627309965883, "42": 35.17479831929287, "43": 32.75037289198108, "44": 29.35237797984095, "45": 33.93624773467523, "46": 27.096718691869025, "47": 28.888043454194317, "48": 26.44624443743491, "49": 26.188434503629413, "50": 29.948638607639896, "51": 33.6116259422412, "52": 30.420861971127202, "53": 27.677160064265166, "54": 24.275087722824363, "55": 28.273449474070322, "56": 32.153019632237765, "57": 30.695440248702837, "58": 27.700776534880237, "59": 30.50254957537218, "60": 28.646626190557093, "61": 26.198303746267147, "62": 26.93500160262805, "63": 28.921592332210828, "64": 21.492452511832248, "65": 15.481286395217138, "66": 13.704171292609828, "67": 16.3683734033341, "68": 16.392707792243048, "69": 20.221787596943116, "70": 16.90365373286579, "71": 27.54847708615603, "72": 26.984550282089437, "73": 19.485370513158188, "74": 23.75582416933324, "75": 22.84163481297356, "76": 27.275392440652276, "77": 29.665481439927074, "78": 29.282037195036605, "79": 32.052724813871876, "80": 23.346065074278858, "81": 26.14296100589997, "82": 25.820760186891075, "83": 29.673193777231532, "84": 27.647097219199864, "85": 26.147765188935164 } }, "geometry": { "type": "MultiPolygon", "coordinates": [ [ [ [ 149.125, -36.375 ], [ 149.125, -36.625 ], [ 148.875, -36.625 ], [ 148.875, -36.375 ], [ 149.125, -36.375 ] ] ], [ [ [ 148.375, -35.375 ], [ 148.375, -36.375 ], [ 148.125, -36.375 ], [ 148.125, -36.625 ], [ 147.375, -36.625 ], [ 147.375, -36.875 ], [ 146.125, -36.875 ], [ 146.125, -36.625 ], [ 146.375, -36.625 ], [ 146.375, -36.125 ], [ 146.625, -36.125 ], [ 146.625, -35.875 ], [ 147.375, -35.875 ], [ 147.375, -35.625 ], [ 147.625, -35.625 ], [ 147.625, -35.375 ], [ 148.375, -35.375 ] ] ] ] } },
{ "type": "Feature", "properties": { "cluster_id": 25, "cohesion": 6.183350644078411, "distances": { "1": 38.24501601408791, "2": 38.66754924167979, "3": 33.6922958208183, "4": 31.243616288246137, "5": 35.86346127423217, "6": 44.665322164663564, "7": 42.674710410295326, "8": 46.75433949165813, "9": 41.928206982620765, "10": 41.32135506832261, "11": 36.183408418026545, "12": 36.877355516219936, "13": 37.710078186387165, "14": 40.293798707277304, "15": 40.24953242055542, "16": 46.1649894599692, "17": 42.05543872054801, "18": 37.500770474203314, "19": 34.593583174964486, "20": 38.24313149963532, "21": 36.90908878388884, "22": 31.9063922994917, "23": 31.661767736945126, "24": 11.552313038644476, "26": 14.943594630275614, "27": 11.713054585114115, "28": 19.50537307632476, "29": 20.940093050651356, "30": 22.203999956619313, "31": 15.362162618414912, "32": 19.732270855193672, "33": 9.50338014343428, "34": 19.51687375573809, "35": 17.247647334599797, "36": 30.78748065240564, "37": 33.11238130083322, "38": 36.09554773625732, "39": 34.94703735355302, "40": 34.68781684012066, "41": 35.089212918833326, "42": 34.35982156580812, "43": 31.9904988947381, "44": 26.90986078134061, "45": 31.382903974604545, "46": 27.259846893127648, "47": 29.710862806985585, "48": 24.154853523668447, "49": 25.501741524938495, "50": 26.86154184074944, "51": 31.455105191967693, "52": 28.791515214310362, "53": 28.433522357857736, "54": 24.92560859852498, "55": 28.640261920127646, "56": 32.35882152355488, "57": 29.578438609858264, "58": 29.071358561264855, "59": 31.797415947552455, "60": 29.465570635128973, "61": 29.96290702796807, "62": 30.19908910168585, "63": 32.7012582997695, "64": 27.164422402148208, "65": 23.097613452657292, "66": 20.816440000751914, "67": 22.240197080674772, "68": 18.57839115307983, "69": 23.058415461932675, "70": 23.076883637636215, "71": 30.681788637417238, "72": 28.38355121704102, "73": 24.74073657511319, "74": 26.120183356375048, "75": 25.890413736337667, "76": 30.522390453628056, "77": 33.50812920287508, "78": 32.33393822356299, "79": 36.288592147334725, "80": 25.750508668510342, "81": 29.885948589837277, "82": 28.211651558405315, "83": 33.74822225959934, "84": 30.26142912351074, "85": 28.01291735445663 } }, "geometry": { "type": "MultiPolygon", "coordinates": [ [ [ [ 147.625, -36.625 ], [ 147.625, -36.875 ], [ 147.375, -36.875 ], [ 147.375, -36.625 ], [ 147.625, -36.625 ] ] ], [ [ [ 142.875, -34.125 ], [ 142.875, -34.875 ], [ 143.375, -34.875 ], [ 143.375, -35.125 ], [ 144.375, -35.125 ], [ 144.375, -35.375 ], [ 144.875, -35.375 ], [ 144.875, -35.625 ], [ 145.375, -35.625 ], [ 145.375, -35.875 ], [ 146.125, -35.875 ], [ 146.125, -36.375 ], [ 146.375, -36.375 ], [ 146.375, -36.625 ], [ 146.125, -36.625 ], [ 146.125, -36.875 ], [ 146.875, -36.875 ], [ 146.875, -37.125 ], [ 146.375, -37.125 ], [ 146.375, -37.375 ], [ 144.125, -37.375 ], [ 144.125, -36.875 ], [ 143.875, -36.875 ], [ 143.875, -37.125 ], [ 143.625, -37.125 ], [ 143.625, -36.625 ], [ 143.375, -36.625 ], [ 143.375, -36.375 ], [ 142.875, -36.375 ], [ 142.875, -36.125 ], [ 142.625, -36.125 ], [ 142.625, -35.375 ], [ 142.375, -35.375 ], [ 142.375, -34.125 ], [ 142.875, -34.125 ] ] ] ] } },
{ "type": "Feature", "properties": { "cluster_id": 26, "cohesion": 5.9841408639776281, "distances": { "1": 31.07840361554247, "2": 32.54713068987188, "3": 29.13788829641172, "4": 25.438860237589584, "5": 29.46430727896995, "6": 39.10267855167914, "7": 38.58819987766898, "8": 42.83868315598799, "9": 37.75335542142433, "10": 39.71772964430733, "11": 35.34921029956038, "12": 33.36190829350073, "13": 38.73785566314722, "14": 41.09781327921311, "15": 37.97647927790824, "16": 44.30508709904326, "17": 41.51036762829043, "18": 37.24132403249341, "19": 33.221703649091154, "20": 33.76940803961461, "21": 33.75749231761217, "22": 30.6904385876454, "23": 30.338461908696708, "24": 17.463387493227074, "25": 14.94359463027561, "27": 10.421145071315157, "28": 18.12494168812369, "29": 24.21063122902195, "30": 30.435801288145843, "31": 22.54855482273681, "32": 27.334046417208143, "33": 18.377749928169177, "34": 26.416389691301013, "35": 26.841413171797956, "36": 27.773376985213158, "37": 28.69356454565312, "38": 36.43236812868619, "39": 32.655415680641894, "40": 33.18161169319435, "41": 36.26745070794966, "42": 37.33704560316928, "43": 30.973310939601255, "44": 26.844624599326636, "45": 34.50822712911007, "46": 34.1009461166232, "47": 35.935878943290255, "48": 31.331307850155813, "49": 33.02618217847294, "50": 30.780759365840623, "51": 36.56601264688523, "52": 34.549553234404385, "53": 31.727481664473512, "54": 26.372811253634065, "55": 32.73042690888417, "56": 35.741294336623305, "57": 35.43830974922419, "58": 28.240640709314352, "59": 28.717756937124413, "60": 26.299584083803268, "61": 27.725497789498956, "62": 29.628581462403464, "63": 32.09828141878275, "64": 26.629052618072457, "65": 22.97841805660586, "66": 23.33757207771342, "67": 24.27898294172213, "68": 12.645548270390204, "69": 18.987832034856865, "70": 21.3690808060154, "71": 34.96267259339276, "72": 34.85430811890247, "73": 27.38307194225645, "74": 28.50541691879827, "75": 29.978367612164234, "76": 32.61375025947863, "77": 35.71329015680464, "78": 37.515655956919474, "79": 39.527463551570385, "80": 25.604009109130253, "81": 29.976628407884075, "82": 30.709883563177087, "83": 36.388966591886444, "84": 35.48441926880531, "85": 32.48543071439164 } }, "geometry": { "type": "MultiPolygon", "coordinates": [ [ [ [ 146.125, -37.375 ], [ 146.125, -37.625 ], [ 144.875, -37.625 ], [ 144.875, -37.375 ], [ 146.125, -37.375 ] ] ], [ [ [ 140.875, -36.125 ], [ 141.125, -36.125 ], [ 141.125, -36.375 ], [ 141.625, -36.375 ], [ 141.625, -36.625 ], [ 141.875, -36.625 ], [ 141.875, -36.875 ], [ 142.125, -36.875 ], [ 142.125, -37.125 ], [ 143.375, -37.125 ], [ 143.375, -37.375 ], [ 144.125, -37.375 ], [ 144.125, -37.625 ], [ 142.125, -37.625 ], [ 142.125, -37.875 ], [ 141.625, -37.875 ], [ 141.625, -38.125 ], [ 140.125, -38.125 ], [ 140.125, -37.875 ], [ 139.875, -37.875 ], [ 139.875, -37.625 ], [ 139.625, -37.625 ], [ 139.625, -37.375 ], [ 139.375, -37.375 ], [ 139.375, -36.375 ], [ 139.875, -36.375 ], [ 139.875, -35.875 ], [ 140.875, -35.875 ], [ 140.875, -36.125 ] ] ], [ [ [ 139.125, -35.375 ], [ 138.875, -35.375 ], [ 138.875, -35.625 ], [ 138.375, -35.625 ], [ 138.375, -35.125 ], [ 138.625, -35.125 ], [ 138.625, -34.875 ], [ 138.875, -34.875 ], [ 138.875, -34.625 ], [ 139.125, -34.625 ], [ 139.125, -35.375 ] ] ] ] } },
{ "type": "Feature", "properties": { "cluster_id": 27, "cohesion": 7.4570843510987563, "distances": { "1": 36.08173458894632, "2": 37.07810118290341, "3": 31.994737033743043, "4": 29.053586076445768, "5": 33.638779216743714, "6": 43.8070302474704, "7": 42.44033251034534, "8": 46.92380824797938, "9": 41.59113633397854, "10": 42.3557016535849, "11": 36.94377018967032, "12": 36.2737833865625, "13": 39.82594920314153, "14": 42.531452612602806, "15": 40.75760811531999, "16": 47.44348517398529, "17": 43.743262927835936, "18": 38.95158530041931, "19": 35.41516912085735, "20": 37.50055664207739, "21": 36.74047075249606, "22": 32.41081020765599, "23": 31.75618088649091, "24": 16.95372163597268, "25": 11.713054585114115, "26": 10.421145071315156, "28": 14.138742611842082, "29": 18.320379850327694, "30": 26.5225695860634, "31": 20.461295843546907, "32": 24.28343578965796, "33": 13.093164176174804, "34": 20.0369629343679, "35": 21.227881022587365, "36": 29.22403515162949, "37": 31.4200598592632, "38": 36.19872229186077, "39": 34.192073088732, "40": 33.543723611372954, "41": 34.446376329036006, "42": 35.27320650999484, "43": 30.27482467268187, "44": 24.042950717311378, "45": 30.965633377134136, "46": 30.643315675471378, "47": 32.724838265790474, "48": 26.087660808752965, "49": 28.496471174561897, "50": 26.102411485287867, "51": 32.78605779328378, "52": 30.569628017380605, "53": 29.987184834968073, "54": 25.27211867424901, "55": 30.645874228453927, "56": 33.9311943699701, "57": 31.938150635615678, "58": 28.611735431978595, "59": 30.273936301538356, "60": 27.936810511302713, "61": 29.70336952584114, "62": 30.403818283523535, "63": 33.27661078272071, "64": 28.469561613067444, "65": 25.8139098917722, "66": 24.152665791383622, "67": 25.290847336610998, "68": 18.35664421995313, "69": 23.413231320190278, "70": 25.406987776841945, "71": 33.486045924999026, "72": 31.72310288925939, "73": 27.141328691475977, "74": 27.219030433301317, "75": 28.267733183784067, "76": 32.057817473804405, "77": 35.68048554133927, "78": 35.810660915350915, "79": 39.360990020152485, "80": 26.074554407881834, "81": 31.05934712856242, "82": 30.02334625562975, "83": 36.301917626414124, "84": 33.66347529847946, "85": 30.803504709693403 } }, "geometry": { "type": "Polygon", "coordinates": [ [ [ 138.125, -32.375 ], [ 138.125, -33.125 ], [ 137.875, -33.125 ], [ 137.875, -33.625 ], [ 137.625, -33.625 ], [ 137.625, -33.875 ], [ 137.375, -33.875 ], [ 137.375, -33.625 ], [ 137.125, -33.625 ], [ 137.125, -33.125 ], [ 136.625, -33.125 ], [ 136.625, -33.875 ], [ 136.375, -33.875 ], [ 136.375, -34.125 ], [ 136.125, -34.125 ], [ 136.125, -34.375 ], [ 135.875, -34.375 ], [ 135.875, -34.875 ], [ 136.125, -34.875 ], [ 136.125, -34.625 ], [ 136.375, -34.625 ], [ 136.375, -34.375 ], [ 136.625, -34.375 ], [ 136.625, -34.125 ], [ 137.125, -34.125 ], [ 137.125, -34.375 ], [ 137.375, -34.375 ], [ 137.375, -34.625 ], [ 137.625, -34.625 ], [ 137.625, -34.875 ], [ 137.875, -34.875 ], [ 137.875, -34.625 ], [ 138.125, -34.625 ], [ 138.125, -35.375 ], [ 138.375, -35.375 ], [ 138.375, -35.125 ], [ 138.625, -35.125 ], [ 138.625, -34.875 ], [ 138.875, -34.875 ], [ 138.875, -34.625 ], [ 139.125, -34.625 ], [ 139.125, -35.375 ], [ 138.875, -35.375 ], [ 138.875, -35.625 ], [ 138.625, -35.625 ], [ 138.625, -35.875 ], [ 139.125, -35.875 ], [ 139.125, -36.125 ], [ 139.375, -36.125 ], [ 139.375, -36.375 ], [ 139.875, -36.375 ], [ 139.875, -35.875 ], [ 140.875, -35.875 ], [ 140.875, -36.125 ], [ 141.125, -36.125 ], [ 141.125, -36.375 ], [ 141.625, -36.375 ], [ 141.625, -36.625 ], [ 141.875, -36.625 ], [ 141.875, -36.875 ], [ 142.125, -36.875 ], [ 142.125, -37.125 ], [ 143.375, -37.125 ], [ 143.375, -37.375 ], [ 144.125, -37.375 ], [ 144.125, -36.875 ], [ 143.875, -36.875 ], [ 143.875, -37.125 ], [ 143.625, -37.125 ], [ 143.625, -36.625 ], [ 143.375, -36.625 ], [ 143.375, -36.375 ], [ 142.875, -36.375 ], [ 142.875, -36.125 ], [ 142.625, -36.125 ], [ 142.625, -35.375 ], [ 142.375, -35.375 ], [ 142.375, -35.125 ], [ 141.875, -35.125 ], [ 141.875, -34.625 ], [ 141.625, -34.625 ], [ 141.625, -35.125 ], [ 141.375, -35.125 ], [ 141.375, -34.875 ], [ 141.125, -34.875 ], [ 141.125, -35.125 ], [ 140.125, -35.125 ], [ 140.125, -34.875 ], [ 139.625, -34.875 ], [ 139.625, -33.375 ], [ 139.875, -33.375 ], [ 139.875, -32.875 ], [ 138.375, -32.875 ], [ 138.375, -32.375 ], [ 138.125, -32.375 ] ] ] } },
{ "type": "Feature", "properties": { "cluster_id": 28, "cohesion": 7.2523532668295632, "distances": { "1": 36.68057934347469, "2": 37.231630298351156, "3": 29.722933021358333, "4": 28.418959121190568, "5": 32.915040999218036, "6": 45.214258183512605, "7": 43.8204597121699, "8": 48.629044660437096, "9": 41.782132524907865, "10": 42.780843584306346, "11": 35.78390007991737, "12": 35.097375873625424, "13": 40.80967315196507, "14": 43.14653841967149, "15": 42.28237055693588, "16": 48.99667337676745, "17": 45.046429361083774, "18": 40.569410746384605, "19": 37.449906817021834, "20": 37.7694944193998, "21": 37.47549847086071, "22": 33.10320237966463, "23": 30.312147954692247, "24": 23.616941498016303, "25": 19.505373076324755, "26": 18.124941688123688, "27": 14.138742611842083, "29": 11.558892675833428, "30": 26.45458148784521, "31": 24.504621543825007, "32": 26.090263517807777, "33": 18.855445687619618, "34": 17.058474468128626, "35": 21.80393467466099, "36": 25.309561779763555, "37": 28.844501226595597, "38": 31.234147407186956, "39": 30.508877068207777, "40": 27.970124440762792, "41": 27.259768037350828, "42": 29.99855335919379, "43": 22.873798738425116, "44": 13.627263675397732, "45": 22.40708218318415, "46": 28.87377660972199, "47": 29.29342452712219, "48": 22.098112523213604, "49": 25.46765531342686, "50": 17.72143618082398, "51": 26.955219832840253, "52": 25.01492822933762, "53": 27.13576846920262, "54": 23.180942275385256, "55": 28.934659593527694, "56": 30.249075266851086, "57": 28.560122892773805, "58": 25.58757071929047, "59": 26.501724595292934, "60": 25.111567529894657, "61": 28.387289106410574, "62": 28.703209044304227, "63": 31.836241385200875, "64": 29.51115964131279, "65": 30.9336792101134, "66": 28.03080482936288, "67": 27.342594852157674, "68": 25.817565041874225, "69": 26.6982625570379, "70": 31.08840949049775, "71": 31.813863759666475, "72": 29.468318956407394, "73": 28.00925300586607, "74": 25.533645324087626, "75": 27.30265524660415, "76": 29.97975674810319, "77": 34.54790817757453, "78": 34.65373377289353, "79": 39.259877969909574, "80": 25.568704012804098, "81": 32.814914429790214, "82": 30.492325261835695, "83": 37.12487658796356, "84": 33.3975161746652, "85": 31.11970597676552 } }, "geometry": { "type": "Polygon", "coordinates": [ [ [ 134.625, -31.375 ], [ 134.625, -31.625 ], [ 133.625, -31.625 ], [ 133.625, -31.875 ], [ 132.125, -31.875 ], [ 132.125, -32.375 ], [ 133.625, -32.375 ], [ 133.625, -32.625 ], [ 133.875, -32.625 ], [ 133.875, -33.125 ], [ 134.125, -33.125 ], [ 134.125, -33.375 ], [ 134.375, -33.375 ], [ 134.375, -33.625 ], [ 134.625, -33.625 ], [ 134.625, -33.875 ], [ 134.875, -33.875 ], [ 134.875, -34.375 ], [ 135.125, -34.375 ], [ 135.125, -34.625 ], [ 135.375, -34.625 ], [ 135.375, -34.875 ], [ 135.875, -34.875 ], [ 135.875, -34.375 ], [ 136.125, -34.375 ], [ 136.125, -34.125 ], [ 136.375, -34.125 ], [ 136.375, -33.875 ], [ 136.625, -33.875 ], [ 136.625, -33.125 ], [ 137.125, -33.125 ], [ 137.125, -33.625 ], [ 137.375, -33.625 ], [ 137.375, -33.875 ], [ 137.625, -33.875 ], [ 137.625, -33.625 ], [ 137.875, -33.625 ], [ 137.875, -33.125 ], [ 138.125, -33.125 ], [ 138.125, -32.375 ], [ 137.875, -32.375 ], [ 137.875, -32.625 ], [ 135.875, -32.625 ], [ 135.875, -32.375 ], [ 135.375, -32.375 ], [ 135.375, -32.125 ], [ 135.125, -32.125 ], [ 135.125, -31.625 ], [ 134.875, -31.625 ], [ 134.875, -31.375 ], [ 134.625, -31.375 ] ] ] } },
{ "type": "Feature", "properties": { "cluster_id": 29, "cohesion": 6.5199880090649573, "distances": { "1": 42.64549817246463, "2": 42.71395879300711, "3": 34.43591681364504, "4": 33.67593603011952, "5": 38.49388719891149, "6": 50.28942022525956, "7": 48.166096855175, "8": 52.90606228689299, "9": 46.228798949811726, "10": 45.86644163564906, "11": 38.44452266480148, "12": 39.18567648334799, "13": 42.29955775330826, "14": 44.880759056893694, "15": 45.65662091879266, "16": 52.2000705903701, "17": 47.51066786702252, "18": 42.79066292510924, "19": 40.33064014228977, "20": 42.18865143435667, "21": 41.26572044765745, "22": 35.90071944619634, "23": 32.829031405670875, "24": 26.110102549105846, "25": 20.940093050651356, "26": 24.21063122902195, "27": 18.320379850327697, "28": 11.558892675833428, "30": 24.85585148294706, "31": 25.90202549602234, "32": 26.155920204375473, "33": 18.7418323344544, "34": 10.623892355255618, "35": 18.419370258015437, "36": 29.21844415925517, "37": 33.09223932105281, "38": 30.948077953051886, "39": 32.825633569727266, "40": 29.716890898105845, "41": 25.53395915772726, "42": 27.039638004594057, "43": 24.68799524693512, "44": 14.994120343839628, "45": 18.73491817185192, "46": 24.829281804106376, "47": 25.801482173453827, "48": 16.509134292828897, "49": 21.472252354392086, "50": 12.221266094260269, "51": 21.685998274833693, "52": 19.91018018180356, "53": 25.514432805032648, "54": 23.530229759063776, "55": 26.36818854961808, "56": 27.619104491411584, "57": 23.673372724629132, "58": 28.39762761137044, "59": 30.542033305895554, "60": 29.173971421578674, "61": 32.39864431479744, "62": 31.586436136949605, "63": 34.58892184209271, "64": 33.07889811635926, "65": 34.89146676499482, "66": 31.010943483579616, "67": 29.737825848549353, "68": 31.138720384454846, "69": 30.93439249599288, "70": 35.2138931370366, "71": 31.73567846553023, "72": 27.298268533646244, "73": 30.402101075398143, "74": 26.83314168326276, "75": 28.08413125885426, "76": 31.219058172771362, "77": 35.61965565906284, "78": 33.41779306831005, "79": 39.43397596103815, "80": 27.466089138375022, "81": 34.65693478844615, "82": 30.3034185929536, "83": 37.423889452072224, "84": 31.68635192430733, "85": 29.482023645097037 } }, "geometry": { "type": "Polygon", "coordinates": [ [ [ 134.125, -28.625 ], [ 134.125, -29.375 ], [ 133.875, -29.375 ], [ 133.875, -30.125 ], [ 133.375, -30.125 ], [ 133.375, -30.375 ], [ 133.125, -30.375 ], [ 133.125, -30.625 ], [ 132.875, -30.625 ], [ 132.875, -30.875 ], [ 133.125, -30.875 ], [ 133.125, -31.125 ], [ 133.625, -31.125 ], [ 133.625, -31.625 ], [ 134.625, -31.625 ], [ 134.625, -31.375 ], [ 134.875, -31.375 ], [ 134.875, -31.625 ], [ 135.125, -31.625 ], [ 135.125, -32.125 ], [ 135.375, -32.125 ], [ 135.375, -32.375 ], [ 135.875, -32.375 ], [ 135.875, -32.625 ], [ 137.875, -32.625 ], [ 137.875, -32.375 ], [ 138.375, -32.375 ], [ 138.375, -32.125 ], [ 138.125, -32.125 ], [ 138.125, -31.875 ], [ 137.625, -31.875 ], [ 137.625, -31.625 ], [ 137.375, -31.625 ], [ 137.375, -31.375 ], [ 137.125, -31.375 ], [ 137.125, -31.125 ], [ 136.125, -31.125 ], [ 136.125, -30.625 ], [ 135.875, -30.625 ], [ 135.875, -30.375 ], [ 135.625, -30.375 ], [ 135.625, -29.875 ], [ 135.125, -29.875 ], [ 135.125, -29.625 ], [ 134.875, -29.625 ], [ 134.875, -29.125 ], [ 134.625, -29.125 ], [ 134.625, -28.625 ], [ 134.125, -28.625 ] ] ] } },
{ "type": "Feature", "properties": { "cluster_id": 30, "cohesion": 6.9543852868113341, "distances": { "1": 43.159599228566876, "2": 42.04657638250277, "3": 35.075776381886214, "4": 35.53455609284389, "5": 39.6032687252698, "6": 48.22251775886548, "7": 44.759581221952885, "8": 48.22952708096028, "9": 42.43925988703487, "10": 38.900996508602915, "11": 31.67076235573896, "12": 36.25861020603343, "13": 34.47535223343466, "14": 35.30230777431277, "15": 41.474063683155045, "16": 44.97082689427445, "17": 39.888201776321644, "18": 36.77619388517902, "19": 36.8687586995237, "20": 41.194220029680714, "21": 38.700153254678966, "22": 33.6516782857997, "23": 32.45914942402217, "24": 21.430438100470006, "25": 22.203999956619313, "26": 30.435801288145843, "27": 26.522569586063398, "28": 26.454581487845207, "29": 24.855851482947067, "31": 16.461360388902698, "32": 11.387830565423434, "33": 19.71741965289629, "34": 20.091933544075754, "35": 13.061726264546863, "36": 32.90018232705596, "37": 37.03077735605063, "38": 35.501322449590745, "39": 36.868802352859745, "40": 35.09935763974573, "41": 34.63655934600841, "42": 32.56275187350108, "43": 32.113133294289945, "44": 27.876387766864617, "45": 28.89878903128085, "46": 22.203727124396696, "47": 20.162225058342962, "48": 17.81240607534516, "49": 13.491881635820485, "50": 24.529726336756188, "51": 28.47187136596048, "52": 23.959798834402676, "53": 26.322626837602805, "54": 25.6013532909473, "55": 28.00378650242525, "56": 30.374597946562265, "57": 26.804999719627503, "58": 26.28544323706171, "59": 30.84248511486299, "60": 30.169759382061795, "61": 28.49887118616774, "62": 26.111737441511075, "63": 27.805145178524217, "64": 25.800938051698473, "65": 28.64052221758372, "66": 22.066297540894872, "67": 23.266196000947303, "68": 32.82748451679253, "69": 31.833302169295578, "70": 31.973181547424517, "71": 17.068210340048545, "72": 13.670312189610499, "73": 19.185276653398294, "74": 19.25776109188968, "75": 14.300483566867083, "76": 20.19583059912914, "77": 24.20647940918943, "78": 20.942769730024498, "79": 28.425509930983523, "80": 27.684265108976476, "81": 32.345000820019536, "82": 28.654949074839987, "83": 30.224843044255806, "84": 24.683260840149277, "85": 26.403776809416915 } }, "geometry": { "type": "Polygon", "coordinates": [ [ [ 142.625, -28.125 ], [ 142.625, -28.375 ], [ 142.125, -28.375 ], [ 142.125, -28.625 ], [ 141.625, -28.625 ], [ 141.625, -28.375 ], [ 140.375, -28.375 ], [ 140.375, -29.125 ], [ 140.625, -29.125 ], [ 140.625, -29.375 ], [ 141.125, -29.375 ], [ 141.125, -29.625 ], [ 141.375, -29.625 ], [ 141.375, -29.875 ], [ 141.875, -29.875 ], [ 141.875, -30.375 ], [ 142.375, -30.375 ], [ 142.375, -30.625 ], [ 142.625, -30.625 ], [ 142.625, -30.875 ], [ 143.625, -30.875 ], [ 143.625, -30.625 ], [ 143.875, -30.625 ], [ 143.875, -30.875 ], [ 144.625, -30.875 ], [ 144.625, -31.375 ], [ 145.875, -31.375 ], [ 145.875, -31.125 ], [ 145.625, -31.125 ], [ 145.625, -30.875 ], [ 145.375, -30.875 ], [ 145.375, -30.625 ], [ 145.125, -30.625 ], [ 145.125, -30.125 ], [ 145.625, -30.125 ], [ 145.625, -30.375 ], [ 146.125, -30.375 ], [ 146.125, -29.625 ], [ 145.875, -29.625 ], [ 145.875, -29.125 ], [ 145.125, -29.125 ], [ 145.125, -28.875 ], [ 144.875, -28.875 ], [ 144.875, -28.375 ], [ 144.375, -28.375 ], [ 144.375, -28.625 ], [ 143.625, -28.625 ], [ 143.625, -28.875 ], [ 143.375, -28.875 ], [ 143.375, -28.625 ], [ 143.125, -28.625 ], [ 143.125, -28.125 ], [ 142.625, -28.125 ] ] ] } },
{ "type": "Feature", "properties": { "cluster_id": 31, "cohesion": 6.1391389619574221, "distances": { "1": 39.74570865493867, "2": 38.48946235945734, "3": 33.36282114664818, "4": 32.86242403003597, "5": 36.83901045040927, "6": 44.158373943137924, "7": 41.34321825669672, "8": 45.03717077535062, "9": 40.20494441542098, "10": 38.38618871227546, "11": 32.64302054015736, "12": 34.979333365123345, "13": 35.02400709556771, "14": 37.06897873384625, "15": 38.82280590789497, "16": 43.76897225248992, "17": 39.50583175443899, "18": 35.614969808467634, "19": 33.83790055086623, "20": 37.87561101780074, "21": 35.82293403351409, "22": 30.88239732164115, "23": 30.66617145303999, "24": 11.616630560711645, "25": 15.362162618414912, "26": 22.548554822736808, "27": 20.461295843546903, "28": 24.504621543825007, "29": 25.90202549602234, "30": 16.461360388902698, "32": 11.111816642091393, "33": 15.205296172223743, "34": 23.284493060337077, "35": 17.941822751909804, "36": 32.037184557564636, "37": 34.69664408970169, "38": 36.31532221618634, "39": 35.862884702844816, "40": 35.637216116669244, "41": 36.498250925468106, "42": 34.72755055148503, "43": 33.04318941447465, "44": 28.831007659951425, "45": 32.455828264609025, "46": 26.720940510069166, "47": 27.589683843776665, "48": 24.403686640350216, "49": 23.410128092566378, "50": 28.351575369051602, "51": 32.195827144969115, "52": 28.990571227244462, "53": 26.82857682365399, "54": 24.618130172325767, "55": 28.846557211710344, "56": 31.784714256930947, "57": 29.987082615359178, "58": 25.748686613927713, "59": 29.452469297601795, "60": 28.943741519741916, "61": 24.918048675736717, "62": 24.30908340565519, "63": 27.74146242530834, "64": 20.81325903311128, "65": 19.358375115511787, "66": 13.29444074845982, "67": 18.289493520013192, "68": 23.739260023878295, "69": 26.24470294703394, "70": 23.345770456845543, "71": 24.99624563493917, "72": 24.195125518430583, "73": 14.811105871641896, "74": 18.524040957524555, "75": 17.389738788731105, "76": 24.66656625975558, "77": 28.668261831626932, "78": 28.37680761721258, "79": 32.71246226756907, "80": 25.520050463517425, "81": 29.735663225875253, "82": 27.971427972785804, "83": 31.590410277751758, "84": 28.416308323731187, "85": 27.777299508417276 } }, "geometry": { "type": "Polygon", "coordinates": [ [ [ 146.625, -32.625 ], [ 146.625, -33.125 ], [ 146.375, -33.125 ], [ 146.375, -33.625 ], [ 146.125, -33.625 ], [ 146.125, -35.375 ], [ 146.375, -35.375 ], [ 146.375, -35.625 ], [ 146.625, -35.625 ], [ 146.625, -35.875 ], [ 147.375, -35.875 ], [ 147.375, -35.625 ], [ 147.625, -35.625 ], [ 147.625, -35.375 ], [ 148.125, -35.375 ], [ 148.125, -35.125 ], [ 147.875, -35.125 ], [ 147.875, -34.875 ], [ 148.625, -34.875 ], [ 148.625, -34.625 ], [ 148.875, -34.625 ], [ 148.875, -34.375 ], [ 149.125, -34.375 ], [ 149.125, -33.375 ], [ 148.875, -33.375 ], [ 148.875, -33.125 ], [ 148.625, -33.125 ], [ 148.625, -32.875 ], [ 147.625, -32.875 ], [ 147.625, -32.625 ], [ 146.625, -32.625 ] ] ] } },
{ "type": "Feature", "properties": { "cluster_id": 32, "cohesion": 8.2366383769195561, "distances": { "1": 41.79049304526989, "2": 40.26360289138029, "3": 34.136542578969866, "4": 34.43567001836179, "5": 38.37506859342483, "6": 46.46141426562105, "7": 43.215203986495034, "8": 46.75218232690865, "9": 41.19745937114629, "10": 38.46033904573077, "11": 31.583029424334374, "12": 35.27422813054969, "13": 35.10661423716975, "14": 36.29968369035764, "15": 40.50163186096025, "16": 44.539546507763525, "17": 39.983180055837195, "18": 36.58448981109853, "19": 35.95121946103399, "20": 39.96437534603248, "21": 37.55672886543363, "22": 32.80239341836394, "23": 32.10666681616233, "24": 17.73569381777539, "25": 19.732270855193672, "26": 27.334046417208143, "27": 24.283435789657954, "28": 26.090263517807777, "29": 26.155920204375466, "30": 11.387830565423435, "31": 11.111816642091393, "33": 17.828122556841603, "34": 22.55240054116034, "35": 16.271791972257557, "36": 33.234762364926645, "37": 36.58744679055353, "38": 36.68790572749441, "39": 37.101299987100305, "40": 36.140469130797925, "41": 36.46006354507875, "42": 34.57235812028977, "43": 33.297155125091294, "44": 28.914749315824846, "45": 31.428897280299214, "46": 25.54484180947642, "47": 24.870701246581696, "48": 22.05204980435499, "49": 19.62820559872405, "50": 27.119104318799142, "51": 31.258972720935034, "52": 27.45255360228616, "53": 27.144235625186564, "54": 25.664195404396796, "55": 29.4007923483153, "56": 31.915378422249027, "57": 29.435846569730185, "58": 25.116262025789048, "59": 29.68045774403487, "60": 29.287892414713088, "61": 25.96500439981128, "62": 23.790741482541314, "63": 26.646681292680423, "64": 22.693608152226425, "65": 24.54013052313555, "66": 17.802191901448364, "67": 21.019814819561734, "68": 29.340774213697937, "69": 30.00733365272273, "70": 28.652437515802124, "71": 20.544676630747375, "72": 19.61013419869265, "73": 15.29668653598508, "74": 16.650534887111142, "75": 13.001887714000324, "76": 21.113687112834405, "77": 25.820771004040107, "78": 25.114604878198932, "79": 30.905611326006955, "80": 27.247541413569238, "81": 31.85329065624112, "82": 29.157605007116125, "83": 31.461465398806528, "84": 27.384997221890497, "85": 28.05279265779191 } }, "geometry": { "type": "Polygon", "coordinates": [ [ [ 145.875, -29.125 ], [ 145.875, -29.625 ], [ 146.125, -29.625 ], [ 146.125, -30.375 ], [ 145.625, -30.375 ], [ 145.625, -30.125 ], [ 145.125, -30.125 ], [ 145.125, -30.625 ], [ 145.375, -30.625 ], [ 145.375, -30.875 ], [ 145.625, -30.875 ], [ 145.625, -31.125 ], [ 145.875, -31.125 ], [ 145.875, -31.375 ], [ 144.625, -31.375 ], [ 144.625, -30.875 ], [ 143.875, -30.875 ], [ 143.875, -30.625 ], [ 143.625, -30.625 ], [ 143.625, -31.625 ], [ 144.125, -31.625 ], [ 144.125, -32.375 ], [ 144.625, -32.375 ], [ 144.625, -32.625 ], [ 144.875, -32.625 ], [ 144.875, -32.875 ], [ 145.125, -32.875 ], [ 145.125, -33.125 ], [ 145.375, -33.125 ], [ 145.375, -33.625 ], [ 145.625, -33.625 ], [ 145.625, -33.875 ], [ 146.125, -33.875 ], [ 146.125, -33.625 ], [ 146.375, -33.625 ], [ 146.375, -33.125 ], [ 146.625, -33.125 ], [ 146.625, -32.625 ], [ 147.625, -32.625 ], [ 147.625, -32.875 ], [ 148.375, -32.875 ], [ 148.375, -31.625 ], [ 148.625, -31.625 ], [ 148.625, -31.375 ], [ 148.125, -31.375 ], [ 148.125, -30.875 ], [ 147.875, -30.875 ], [ 147.875, -30.375 ], [ 147.625, -30.375 ], [ 147.625, -29.875 ], [ 147.125, -29.875 ], [ 147.125, -29.625 ], [ 146.875, -29.625 ], [ 146.875, -29.375 ], [ 146.625, -29.375 ], [ 146.625, -29.125 ], [ 145.875, -29.125 ] ] ] } },
{ "type": "Feature", "properties": { "cluster_id": 33, "cohesion": 8.0317427427671362, "distances": { "1": 41.34385578614524, "2": 41.498579111640176, "3": 35.71578028309697, "4": 33.717595891384654, "5": 38.50751992498769, "6": 47.7891723434192, "7": 45.35774690634618, "8": 49.58961958267527, "9": 44.516307758382226, "10": 43.37901210610944, "11": 37.490781705162966, "12": 38.90041238648864, "13": 39.22978232558837, "14": 41.86913838959268, "15": 42.606296217709954, "16": 48.62520302458005, "17": 44.13429337863144, "18": 39.34544519693304, "19": 36.845875202229955, "20": 41.05297725894118, "21": 39.289444962666174, "22": 33.95306176941988, "23": 33.54925781043644, "24": 14.684502183935555, "25": 9.503380143434281, "26": 18.377749928169177, "27": 13.093164176174804, "28": 18.855445687619614, "29": 18.741832334454397, "30": 19.71741965289629, "31": 15.205296172223747, "32": 17.828122556841603, "34": 16.351065552569864, "35": 14.008120383903458, "36": 32.63713298569963, "37": 35.579745679230854, "38": 37.17338671036127, "39": 36.93763368566534, "40": 35.957349928471864, "41": 35.27042309609828, "42": 34.49665331753375, "43": 32.65323916447472, "44": 26.468847544987426, "45": 30.445863619467627, "46": 26.530601623793903, "47": 28.767665827498096, "48": 21.57302331216804, "49": 23.163496679087345, "50": 25.058872343882904, "51": 30.541335663319785, "52": 27.661364175113707, "53": 28.55767468149648, "54": 25.44459114480131, "55": 28.884154549702917, "56": 32.61360595286151, "57": 28.933165282781978, "58": 29.638159081933654, "59": 33.00488809318549, "60": 30.885251484320122, "61": 31.43218795246117, "62": 30.819871973157216, "63": 33.64169244576889, "64": 28.839231885892897, "65": 26.353361203443473, "66": 22.61373037178051, "67": 24.43817433279509, "68": 23.389153429986944, "69": 27.172253360952926, "70": 27.38298905609825, "71": 30.10616371573132, "72": 26.884315671963833, "73": 24.972606032705947, "74": 25.373602637814024, "75": 24.823411699325742, "76": 30.366964141057565, "77": 33.89564253826721, "78": 32.03072430908788, "79": 37.03853764180704, "80": 27.17749960295824, "81": 31.708836940711432, "82": 29.110217735164834, "83": 34.73047859537687, "84": 30.40611476643127, "85": 28.41703745102182 } }, "geometry": { "type": "Polygon", "coordinates": [ [ [ 139.125, -30.375 ], [ 139.125, -30.625 ], [ 138.875, -30.625 ], [ 138.875, -31.375 ], [ 138.625, -31.375 ], [ 138.625, -32.125 ], [ 138.375, -32.125 ], [ 138.375, -32.875 ], [ 139.875, -32.875 ], [ 139.875, -33.375 ], [ 139.625, -33.375 ], [ 139.625, -34.875 ], [ 140.125, -34.875 ], [ 140.125, -35.125 ], [ 141.125, -35.125 ], [ 141.125, -34.875 ], [ 141.375, -34.875 ], [ 141.375, -35.125 ], [ 141.625, -35.125 ], [ 141.625, -34.625 ], [ 141.875, -34.625 ], [ 141.875, -35.125 ], [ 142.375, -35.125 ], [ 142.375, -34.125 ], [ 142.875, -34.125 ], [ 142.875, -34.875 ], [ 143.375, -34.875 ], [ 143.375, -35.125 ], [ 144.375, -35.125 ], [ 144.375, -35.375 ], [ 144.875, -35.375 ], [ 144.875, -35.625 ], [ 145.375, -35.625 ], [ 145.375, -35.875 ], [ 146.125, -35.875 ], [ 146.125, -36.375 ], [ 146.375, -36.375 ], [ 146.375, -36.125 ], [ 146.625, -36.125 ], [ 146.625, -35.625 ], [ 146.375, -35.625 ], [ 146.375, -35.375 ], [ 146.125, -35.375 ], [ 146.125, -33.875 ], [ 145.625, -33.875 ], [ 145.625, -33.625 ], [ 145.375, -33.625 ], [ 145.375, -33.125 ], [ 145.125, -33.125 ], [ 145.125, -32.875 ], [ 144.875, -32.875 ], [ 144.875, -32.625 ], [ 144.625, -32.625 ], [ 144.625, -32.375 ], [ 144.125, -32.375 ], [ 144.125, -32.625 ], [ 143.625, -32.625 ], [ 143.625, -32.375 ], [ 143.375, -32.375 ], [ 143.375, -32.125 ], [ 143.125, -32.125 ], [ 143.125, -31.875 ], [ 142.875, -31.875 ], [ 142.875, -31.625 ], [ 142.125, -31.625 ], [ 142.125, -31.875 ], [ 141.375, -31.875 ], [ 141.375, -32.125 ], [ 140.875, -32.125 ], [ 140.875, -32.375 ], [ 139.375, -32.375 ], [ 139.375, -32.125 ], [ 139.125, -32.125 ], [ 139.125, -31.125 ], [ 139.375, -31.125 ], [ 139.375, -30.375 ], [ 139.125, -30.375 ] ] ] } },
{ "type": "Feature", "properties": { "cluster_id": 34, "cohesion": 6.0382654929360893, "distances": { "1": 44.75535989985955, "2": 44.66367539930102, "3": 36.91072574007541, "4": 35.83864456971457, "5": 40.91054145657234, "6": 51.47329562610667, "7": 48.66788965412718, "8": 53.21572919328583, "9": 47.29481066078728, "10": 45.65394016569628, "11": 38.47639741269489, "12": 40.5653859161262, "13": 40.5099947775547, "14": 43.29261877325556, "15": 45.50166896397647, "16": 51.57744890667835, "17": 46.36810068434256, "18": 41.52278944726959, "19": 39.80758325646258, "20": 43.49235628038802, "21": 41.76086251109755, "22": 35.96782312866695, "23": 33.76106345827648, "24": 24.16176689841585, "25": 19.51687375573809, "26": 26.416389691301013, "27": 20.036962934367896, "28": 17.058474468128622, "29": 10.623892355255618, "30": 20.091933544075754, "31": 23.284493060337077, "32": 22.55240054116034, "33": 16.351065552569867, "35": 12.639666271380115, "36": 32.15391607147032, "37": 36.047620728595696, "38": 33.12404792273676, "39": 35.46066341695199, "40": 32.937633713888005, "41": 28.893481619289705, "42": 28.25731673900513, "43": 28.788633204909925, "44": 20.924122677273502, "45": 21.853245644498603, "46": 21.002206415447528, "47": 22.39230279696223, "48": 11.53048131677392, "49": 16.333925293824528, "50": 14.382308284351252, "51": 21.931524494905016, "52": 18.850000230771997, "53": 25.190315391567548, "54": 23.84678658614757, "55": 25.05015378308801, "56": 27.6914905323598, "57": 21.89260212239313, "58": 29.705159015099063, "59": 33.21519662485447, "60": 31.41433581302323, "61": 33.76250957499426, "62": 32.110862152368966, "63": 34.72499434875999, "64": 32.88032770865994, "65": 33.989661005510975, "66": 29.445173032705277, "67": 28.487070782899906, "68": 32.02341358245501, "69": 31.87343841592519, "70": 34.82043907475591, "71": 29.061657934596063, "72": 23.153780193921495, "73": 29.021676254424847, "74": 26.093791185663235, "75": 25.907057215888656, "76": 30.061676237023935, "77": 33.984175725238956, "78": 29.867978288043115, "79": 36.76315866731728, "80": 27.6076479454826, "81": 33.69320331108669, "82": 28.651715263368427, "83": 34.94515752863249, "84": 28.162708741863447, "85": 26.534248197637133 } }, "geometry": { "type": "Polygon", "coordinates": [ [ [ 134.625, -27.375 ], [ 134.625, -27.875 ], [ 134.375, -27.875 ], [ 134.375, -28.625 ], [ 134.625, -28.625 ], [ 134.625, -29.125 ], [ 134.875, -29.125 ], [ 134.875, -29.625 ], [ 135.125, -29.625 ], [ 135.125, -29.875 ], [ 135.625, -29.875 ], [ 135.625, -30.375 ], [ 135.875, -30.375 ], [ 135.875, -30.625 ], [ 136.125, -30.625 ], [ 136.125, -31.125 ], [ 137.125, -31.125 ], [ 137.125, -31.375 ], [ 137.375, -31.375 ], [ 137.375, -31.625 ], [ 137.625, -31.625 ], [ 137.625, -31.875 ], [ 138.125, -31.875 ], [ 138.125, -32.125 ], [ 138.375, -32.125 ], [ 138.375, -31.375 ], [ 138.125, -31.375 ], [ 138.125, -30.375 ], [ 138.375, -30.375 ], [ 138.375, -29.875 ], [ 137.625, -29.875 ], [ 137.625, -29.625 ], [ 137.375, -29.625 ], [ 137.375, -28.875 ], [ 137.125, -28.875 ], [ 137.125, -28.625 ], [ 136.875, -28.625 ], [ 136.875, -28.375 ], [ 136.625, -28.375 ], [ 136.625, -28.125 ], [ 135.875, -28.125 ], [ 135.875, -27.625 ], [ 135.375, -27.625 ], [ 135.375, -27.375 ], [ 134.625, -27.375 ] ] ] } },
{ "type": "Feature", "properties": { "cluster_id": 35, "cohesion": 7.8134263885890949, "distances": { "1": 44.46813288445692, "2": 44.098041976210794, "3": 37.0364399207442, "4": 36.39599294844801, "5": 41.02984422038151, "6": 50.196456988997674, "7": 47.03123881879503, "8": 51.05151359856999, "9": 45.607748145891684, "10": 42.88973678695502, "11": 36.176600765151385, "12": 39.462781491890155, "13": 37.60607205429797, "14": 39.597259456268716, "15": 43.67617920700495, "16": 48.499066782932545, "17": 43.29228948807754, "18": 39.24798110176332, "19": 38.379767192497006, "20": 42.67125248136824, "21": 40.5359789848436, "22": 34.94270154412569, "23": 33.477465697967794, "24": 20.106488275744, "25": 17.2476473345998, "26": 26.841413171797956, "27": 21.22788102258737, "28": 21.80393467466099, "29": 18.419370258015437, "30": 13.061726264546861, "31": 17.941822751909804, "32": 16.271791972257557, "33": 14.008120383903456, "34": 12.639666271380115, "36": 32.69986056509594, "37": 36.77055713533321, "38": 35.01435122331363, "39": 36.58178465036023, "40": 34.61663459297523, "41": 32.65076793584202, "42": 31.087752946475653, "43": 31.186941843161186, "44": 25.433268550617022, "45": 26.413953150076185, "46": 20.92949370724317, "47": 21.317647650220845, "48": 14.225504472869702, "49": 14.082016501725768, "50": 20.9088888280556, "51": 25.788857510638262, "52": 21.68159718476013, "53": 26.465584459821873, "54": 25.466773838207605, "55": 26.75374393337845, "56": 29.65365284098037, "57": 24.460558275591055, "58": 29.324853762904393, "59": 33.278652739767956, "60": 31.94199053311893, "61": 32.06051706457048, "62": 30.563854973129338, "63": 32.73986100263966, "64": 29.646176815888847, "65": 30.26825187530719, "66": 24.77888122707107, "67": 25.458045062091525, "68": 30.943092331036915, "69": 31.314018259526065, "70": 32.21925824208541, "71": 24.433290635490895, "72": 18.862182131644982, "73": 24.426035638336867, "74": 24.156800146672527, "75": 21.768751308812448, "76": 26.9324380175271, "77": 30.25792121172949, "78": 25.72635055385134, "79": 32.74855204467067, "80": 28.174871484555975, "81": 32.985356448186984, "82": 28.674841731177313, "83": 32.49396512719889, "84": 25.972387769283035, "85": 26.035213671583264 } }, "geometry": { "type": "Polygon", "coordinates": [ [ [ 137.625, -28.625 ], [ 137.625, -29.125 ], [ 137.875, -29.125 ], [ 137.875, -29.375 ], [ 138.125, -29.375 ], [ 138.125, -29.625 ], [ 138.375, -29.625 ], [ 138.375, -30.375 ], [ 138.125, -30.375 ], [ 138.125, -31.375 ], [ 138.375, -31.375 ], [ 138.375, -32.125 ], [ 138.625, -32.125 ], [ 138.625, -31.375 ], [ 138.875, -31.375 ], [ 138.875, -30.625 ], [ 139.125, -30.625 ], [ 139.125, -30.375 ], [ 139.375, -30.375 ], [ 139.375, -31.125 ], [ 139.125, -31.125 ], [ 139.125, -32.125 ], [ 139.375, -32.125 ], [ 139.375, -32.375 ], [ 140.875, -32.375 ], [ 140.875, -32.125 ], [ 141.375, -32.125 ], [ 141.375, -31.875 ], [ 142.125, -31.875 ], [ 142.125, -31.625 ], [ 142.875, -31.625 ], [ 142.875, -31.875 ], [ 143.125, -31.875 ], [ 143.125, -32.125 ], [ 143.375, -32.125 ], [ 143.375, -32.375 ], [ 143.625, -32.375 ], [ 143.625, -32.625 ], [ 144.125, -32.625 ], [ 144.125, -31.625 ], [ 143.625, -31.625 ], [ 143.625, -30.875 ], [ 142.625, -30.875 ], [ 142.625, -30.625 ], [ 142.375, -30.625 ], [ 142.375, -30.375 ], [ 141.875, -30.375 ], [ 141.875, -29.875 ], [ 141.375, -29.875 ], [ 141.375, -29.625 ], [ 140.375, -29.625 ], [ 140.375, -29.375 ], [ 140.125, -29.375 ], [ 140.125, -29.125 ], [ 139.375, -29.125 ], [ 139.375, -29.375 ], [ 138.625, -29.375 ], [ 138.625, -29.125 ], [ 138.375, -29.125 ], [ 138.375, -28.875 ], [ 137.875, -28.875 ], [ 137.875, -28.625 ], [ 137.625, -28.625 ] ] ] } },
{ "type": "Feature", "properties": { "cluster_id": 36, "cohesion": 5.4495558555584989, "distances": { "1": 28.649483747455577, "2": 28.151555638161668, "3": 23.659864598382622, "4": 24.14646811870578, "5": 25.73172911568018, "6": 33.925051666230196, "7": 33.12729389837163, "8": 36.901289436640745, "9": 30.65251092405071, "10": 31.98930321592056, "11": 27.479879287141824, "12": 26.400336551403726, "13": 33.57442207923495, "14": 33.689806457016665, "15": 33.72619403885689, "16": 37.2245293717949, "17": 35.23191591736835, "18": 34.059795281400504, "19": 32.31866688741285, "20": 27.481335688829734, "21": 28.664257551123477, "22": 27.661367996228083, "23": 23.080016110901187, "24": 29.86941127232313, "25": 30.787480652405637, "26": 27.773376985213154, "27": 29.22403515162949, "28": 25.30956177976356, "29": 29.218444159255167, "30": 32.90018232705595, "31": 32.037184557564636, "32": 33.234762364926645, "33": 32.63713298569964, "34": 32.15391607147032, "35": 32.699860565095946, "37": 10.8485605776891, "38": 20.21427950687026, "39": 14.364355112218313, "40": 11.390615669418596, "41": 22.195300157487925, "42": 26.55081157636503, "43": 14.104167677504421, "44": 20.848410061148208, "45": 26.13608858907505, "46": 31.988917323405595, "47": 29.853826042086776, "48": 31.81570304371054, "49": 31.757600720950702, "50": 28.258789482004534, "51": 30.588566013481348, "52": 29.101782336364927, "53": 28.762505771741186, "54": 25.87652587707437, "55": 30.480055180122886, "56": 28.38376828786297, "57": 32.251419313740186, "58": 25.142032875377367, "59": 23.255029921640816, "60": 23.10892463349673, "61": 24.530833277034233, "62": 27.274593213343625, "63": 26.967976421434564, "64": 25.600375531439933, "65": 28.887888777449543, "66": 28.658951776000684, "67": 24.586586475093657, "68": 28.88437125448237, "69": 24.152924141540936, "70": 28.460927253237273, "71": 29.679288022805064, "72": 31.046422201180054, "73": 28.887243609019222, "74": 29.726054805771042, "75": 30.369325849779138, "76": 27.82585623347069, "77": 28.989693907427544, "78": 31.52051859428046, "79": 32.54274913878921, "80": 24.105047478915797, "81": 30.891295853089048, "82": 30.728393314047622, "83": 33.023129932303696, "84": 32.17021292359422, "85": 32.289086252144955 } }, "geometry": { "type": "MultiPolygon", "coordinates": [ [ [ [ 125.375, -33.125 ], [ 124.875, -33.125 ], [ 124.875, -33.375 ], [ 124.375, -33.375 ], [ 124.375, -33.625 ], [ 124.125, -33.625 ], [ 124.125, -33.875 ], [ 123.875, -33.875 ], [ 123.875, -34.125 ], [ 123.625, -34.125 ], [ 123.625, -34.375 ], [ 122.125, -34.375 ], [ 122.125, -34.125 ], [ 120.875, -34.125 ], [ 120.875, -33.625 ], [ 121.875, -33.625 ], [ 121.875, -33.375 ], [ 122.125, -33.375 ], [ 122.125, -33.125 ], [ 122.875, -33.125 ], [ 122.875, -32.625 ], [ 125.375, -32.625 ], [ 125.375, -33.125 ] ] ], [ [ [ 125.375, -32.375 ], [ 125.625, -32.375 ], [ 125.625, -32.625 ], [ 125.375, -32.625 ], [ 125.375, -32.375 ] ] ] ] } },
{ "type": "Feature", "properties": { "cluster_id": 37, "cohesion": 7.3762443774972768, "distances": { "1": 26.4652514675006, "2": 25.979855462539458, "3": 23.42736469595547, "4": 23.522580963319342, "5": 24.239582257064942, "6": 31.06670557117601, "7": 31.072160124657646, "8": 34.62194975493427, "9": 29.01260278427984, "10": 31.394532497188163, "11": 28.332798275765786, "12": 25.980190351409735, "13": 33.96285452080331, "14": 34.08608827621701, "15": 32.608578331678565, "16": 35.83358161849373, "17": 34.70199792137808, "18": 33.90849665183436, "19": 31.887504384059568, "20": 25.361772812410173, "21": 27.44212493465099, "22": 27.60060591537162, "23": 23.041582148088533, "24": 31.711393780261357, "25": 33.11238130083323, "26": 28.69356454565312, "27": 31.4200598592632, "28": 28.844501226595597, "29": 33.09223932105281, "30": 37.03077735605063, "31": 34.69664408970169, "32": 36.58744679055353, "33": 35.579745679230854, "34": 36.04762072859569, "35": 36.770557135333206, "36": 10.8485605776891, "38": 20.205767497630536, "39": 11.128998970024979, "40": 14.735979782506321, "41": 25.775051169097715, "42": 28.804771486171546, "43": 19.696766869162357, "44": 25.74840851220669, "45": 30.60834199124338, "46": 34.95876272247564, "47": 33.58235142092717, "48": 35.96203226306527, "49": 36.220489676900854, "50": 32.4672510493989, "51": 34.110628796534805, "52": 32.9118305316472, "53": 31.41997466716285, "54": 28.706269855598165, "55": 32.46679528236375, "56": 30.201748387215915, "57": 35.00847606667308, "58": 27.09296898825139, "59": 24.223889365271962, "60": 24.132377739310396, "61": 25.26042216316254, "62": 28.872009910829107, "63": 28.465210252341407, "64": 26.47999025726496, "65": 28.866853136109935, "66": 30.13503155003941, "67": 25.649732270060344, "68": 28.378625847504527, "69": 23.17460477027007, "70": 27.67460487456951, "71": 33.26748128625558, "72": 35.24575820326971, "73": 31.28937890715248, "74": 32.48484269658489, "75": 33.68082961244682, "76": 30.916432142614795, "77": 31.376880143736226, "78": 34.60397537872667, "79": 34.29286371979748, "80": 25.68717640490046, "81": 31.382370237861096, "82": 32.11368542747756, "83": 34.18356024907297, "84": 34.390975505302244, "85": 34.07063462551855 } }, "geometry": { "type": "Polygon", "coordinates": [ [ [ 122.375, -32.625 ], [ 122.375, -32.875 ], [ 121.875, -32.875 ], [ 121.875, -33.125 ], [ 121.125, -33.125 ], [ 121.125, -32.875 ], [ 119.875, -32.875 ], [ 119.875, -33.375 ], [ 119.375, -33.375 ], [ 119.375, -33.625 ], [ 118.875, -33.625 ], [ 118.875, -33.875 ], [ 118.125, -33.875 ], [ 118.125, -34.125 ], [ 115.875, -34.125 ], [ 115.875, -34.375 ], [ 115.375, -34.375 ], [ 115.375, -34.125 ], [ 114.875, -34.125 ], [ 114.875, -34.375 ], [ 115.125, -34.375 ], [ 115.125, -34.625 ], [ 115.625, -34.625 ], [ 115.625, -34.875 ], [ 115.875, -34.875 ], [ 115.875, -35.125 ], [ 116.125, -35.125 ], [ 116.125, -35.375 ], [ 118.375, -35.375 ], [ 118.375, -35.125 ], [ 118.625, -35.125 ], [ 118.625, -34.875 ], [ 119.375, -34.875 ], [ 119.375, -34.625 ], [ 119.625, -34.625 ], [ 119.625, -34.375 ], [ 120.875, -34.375 ], [ 120.875, -33.625 ], [ 121.875, -33.625 ], [ 121.875, -33.375 ], [ 122.125, -33.375 ], [ 122.125, -33.125 ], [ 122.875, -33.125 ], [ 122.875, -32.625 ], [ 122.375, -32.625 ] ] ] } },
{ "type": "Feature", "properties": { "cluster_id": 38, "cohesion": 6.9985339404739557, "distances": { "1": 39.1365310598128, "2": 37.19519167419675, "3": 30.414386810222908, "4": 33.26885170831966, "5": 35.07554711777556, "6": 42.445957341667935, "7": 40.880154884296935, "8": 44.206311131780424, "9": 38.04409237924878, "10": 37.427249638976086, "11": 32.362034717472476, "12": 33.02685358143547, "13": 37.22332285672765, "14": 37.50909181940658, "15": 40.01284562733237, "16": 42.93107454828474, "17": 40.08377084074308, "18": 38.7907683805147, "19": 37.66308904842504, "20": 34.5535769074571, "21": 35.46773962017654, "22": 32.42119324213836, "23": 26.027060104447003, "24": 35.75669769001208, "25": 36.09554773625733, "26": 36.43236812868619, "27": 36.198722291860776, "28": 31.234147407186956, "29": 30.948077953051882, "30": 35.501322449590745, "31": 36.31532221618634, "32": 36.687905727494396, "33": 37.17338671036128, "34": 33.12404792273676, "35": 35.01435122331364, "36": 20.21427950687026, "37": 20.205767497630536, "39": 12.603141495545259, "40": 13.768959526329382, "41": 14.433990370450504, "42": 14.030268652541588, "43": 17.857216589243674, "44": 24.296669522170788, "45": 21.54426188105933, "46": 28.371372394657033, "47": 27.20782930200713, "48": 30.790772904364424, "49": 31.791585333013625, "50": 26.443186352294873, "51": 22.005691577386504, "52": 23.800279298416314, "53": 23.396754331549733, "54": 26.830937018037453, "55": 25.066634664950143, "56": 17.44482934223265, "57": 24.261608126029213, "58": 28.732917496849137, "59": 27.203994725113578, "60": 28.81346727077014, "61": 28.796747772785384, "62": 30.802402648455335, "63": 31.479076161965025, "64": 30.652457057906446, "65": 35.378703164481124, "66": 33.84127139277338, "67": 28.742475378888653, "68": 37.22091572491462, "69": 30.570488074093564, "70": 35.24413034499658, "71": 32.15182007022886, "72": 31.811287981851645, "73": 32.85466143416396, "74": 31.711212294132206, "75": 33.41462981261833, "76": 31.471876834207034, "77": 32.36265157038747, "78": 32.006258946776995, "79": 34.340942719981314, "80": 28.0032101352602, "81": 34.72351092262644, "82": 31.227344167999888, "83": 34.97957048856475, "84": 31.42585201648035, "85": 31.166523318234958 } }, "geometry": { "type": "Polygon", "coordinates": [ [ [ 118.375, -30.125 ], [ 118.375, -30.375 ], [ 118.125, -30.375 ], [ 118.125, -30.625 ], [ 117.875, -30.625 ], [ 117.875, -30.875 ], [ 116.375, -30.875 ], [ 116.375, -30.625 ], [ 115.625, -30.625 ], [ 115.625, -30.375 ], [ 115.375, -30.375 ], [ 115.375, -30.625 ], [ 115.125, -30.625 ], [ 115.125, -30.875 ], [ 114.875, -30.875 ], [ 114.875, -31.125 ], [ 115.125, -31.125 ], [ 115.125, -31.375 ], [ 115.375, -31.375 ], [ 115.375, -33.375 ], [ 115.625, -33.375 ], [ 115.625, -33.125 ], [ 117.875, -33.125 ], [ 117.875, -32.875 ], [ 119.625, -32.875 ], [ 119.625, -32.375 ], [ 119.875, -32.375 ], [ 119.875, -32.125 ], [ 120.375, -32.125 ], [ 120.375, -31.625 ], [ 120.625, -31.625 ], [ 120.625, -31.375 ], [ 120.875, -31.375 ], [ 120.875, -31.125 ], [ 121.625, -31.125 ], [ 121.625, -30.875 ], [ 121.125, -30.875 ], [ 121.125, -30.625 ], [ 120.375, -30.625 ], [ 120.375, -30.375 ], [ 119.625, -30.375 ], [ 119.625, -30.125 ], [ 118.375, -30.125 ] ] ] } },
{ "type": "Feature", "properties": { "cluster_id": 39, "cohesion": 5.4006762703379927, "distances": { "1": 31.81051206871825, "2": 30.54301579156212, "3": 25.97745248201736, "4": 27.760064608668646, "5": 28.716664914064406, "6": 35.579896461025804, "7": 35.038055033720816, "8": 38.28134749404847, "9": 32.34670207426035, "10": 33.386250356058845, "11": 29.657410400087546, "12": 28.570176523430415, "13": 35.15318087840761, "14": 34.95769587650965, "15": 35.76562116773066, "16": 38.22780670741885, "17": 36.56065967170805, "18": 36.031462917483196, "19": 34.6534464078613, "20": 28.79576527672965, "21": 30.738797826180956, "22": 29.759509870744118, "23": 23.72380521774264, "24": 33.84887176326149, "25": 34.94703735355302, "26": 32.655415680641894, "27": 34.192073088732, "28": 30.508877068207777, "29": 32.82563356972727, "30": 36.86880235285975, "31": 35.862884702844816, "32": 37.101299987100305, "33": 36.93763368566533, "34": 35.46066341695198, "35": 36.58178465036023, "36": 14.36435511221831, "37": 11.128998970024979, "38": 12.603141495545259, "40": 12.48554185297066, "41": 20.98808847046023, "42": 22.95857184752264, "43": 18.464330422884434, "44": 25.373551804162393, "45": 27.032845554376316, "46": 32.44530126691858, "47": 30.91515795438702, "48": 34.29671962485932, "49": 34.78606140493023, "50": 30.340052027137347, "51": 29.50814825440834, "52": 29.287064063250053, "53": 28.685213497237424, "54": 28.766296084623193, "55": 29.990789238304696, "56": 25.299946256027052, "57": 30.993061907544668, "58": 27.70042101195915, "59": 24.81404108895324, "60": 25.978729522414262, "61": 26.187947706664236, "62": 29.58423153744455, "63": 29.633270372049225, "64": 27.944181421561566, "65": 31.628648628975665, "66": 31.775955538662753, "67": 26.71106763288583, "68": 32.5547714887374, "69": 25.934803281029968, "70": 30.86323507998073, "71": 32.78186198440547, "72": 33.991766428246706, "73": 31.982075449731354, "74": 32.40289217178244, "75": 33.82945321786757, "76": 31.22165544394202, "77": 31.586519319550725, "78": 33.364565414883465, "79": 33.8808988698473, "80": 27.259208353039988, "81": 33.30817850163891, "82": 32.313508853923594, "83": 34.548466376092435, "84": 33.16100547198128, "85": 33.17208326316486 } }, "geometry": { "type": "Polygon", "coordinates": [ [ [ 117.875, -32.875 ], [ 117.875, -33.125 ], [ 115.625, -33.125 ], [ 115.625, -33.375 ], [ 115.125, -33.375 ], [ 115.125, -33.625 ], [ 114.875, -33.625 ], [ 114.875, -33.875 ], [ 114.625, -33.875 ], [ 114.625, -34.125 ], [ 115.375, -34.125 ], [ 115.375, -34.375 ], [ 115.875, -34.375 ], [ 115.875, -34.125 ], [ 118.125, -34.125 ], [ 118.125, -33.875 ], [ 118.875, -33.875 ], [ 118.875, -33.625 ], [ 119.375, -33.625 ], [ 119.375, -33.375 ], [ 119.875, -33.375 ], [ 119.875, -33.125 ], [ 119.625, -33.125 ], [ 119.625, -32.875 ], [ 117.875, -32.875 ] ] ] } },
{ "type": "Feature", "properties": { "cluster_id": 40, "cohesion": 7.0877801525500894, "distances": { "1": 34.795981700095886, "2": 33.504752595612445, "3": 27.282336630445396, "4": 29.391082756463717, "5": 30.955772579012798, "6": 39.42492060529588, "7": 38.36790848104234, "8": 41.96140596458474, "9": 35.274515182263485, "10": 35.89033235799097, "11": 30.65083893638624, "12": 30.310886295105306, "13": 37.10017534363529, "14": 37.05010728376004, "15": 38.37847691540285, "16": 41.61776641830192, "17": 39.27352219635548, "18": 38.23925775979475, "19": 36.83813323129189, "20": 32.141068761355164, "21": 33.38836600759323, "22": 31.522662843029273, "23": 25.53062498464839, "24": 34.58762755650521, "25": 34.68781684012066, "26": 33.18161169319435, "27": 33.54372361137295, "28": 27.970124440762792, "29": 29.716890898105845, "30": 35.09935763974573, "31": 35.637216116669244, "32": 36.140469130797925, "33": 35.957349928471864, "34": 32.93763371388801, "35": 34.61663459297523, "36": 11.390615669418596, "37": 14.735979782506323, "38": 13.768959526329382, "39": 12.48554185297066, "41": 15.149507775930964, "42": 20.49738342430153, "43": 11.644451039361126, "44": 20.551769145289338, "45": 22.00997367432704, "46": 31.543057700787454, "47": 29.278314345358158, "48": 31.685829959399843, "49": 32.288604963618596, "50": 26.589854336907244, "51": 26.129443566018896, "52": 26.445891575036782, "53": 27.284766042968865, "54": 27.147627812749736, "55": 29.3488904697708, "56": 24.336826675513596, "57": 29.376245030257778, "58": 27.192825260168906, "59": 25.250885761207567, "60": 26.16960693625593, "61": 27.555287891896384, "62": 29.7768822248587, "63": 29.981567587589932, "64": 29.63110924581971, "65": 34.19538982229542, "66": 33.057118937441054, "67": 28.523828739096636, "68": 34.798817417719896, "69": 29.059509432129925, "70": 33.95828563293679, "71": 31.73229666603706, "72": 32.1527607418254, "73": 32.207490157278166, "74": 31.562454566108407, "75": 32.841843841223344, "76": 30.308640926142346, "77": 31.591335201532726, "78": 32.95040522246101, "79": 34.88665466465182, "80": 27.346335056402793, "81": 34.78531337574982, "82": 32.849414652395936, "83": 35.852142562214496, "84": 33.528592757941865, "85": 33.7141506193648 } }, "geometry": { "type": "Polygon", "coordinates": [ [ [ 120.875, -31.125 ], [ 120.875, -31.375 ], [ 120.625, -31.375 ], [ 120.625, -31.625 ], [ 120.375, -31.625 ], [ 120.375, -32.125 ], [ 119.875, -32.125 ], [ 119.875, -32.375 ], [ 119.625, -32.375 ], [ 119.625, -33.125 ], [ 119.875, -33.125 ], [ 119.875, -32.875 ], [ 121.125, -32.875 ], [ 121.125, -33.125 ], [ 121.875, -33.125 ], [ 121.875, -32.875 ], [ 122.375, -32.875 ], [ 122.375, -32.625 ], [ 125.375, -32.625 ], [ 125.375, -32.375 ], [ 125.875, -32.375 ], [ 125.875, -32.125 ], [ 126.375, -32.125 ], [ 126.375, -31.875 ], [ 126.875, -31.875 ], [ 126.875, -31.625 ], [ 125.125, -31.625 ], [ 125.125, -31.875 ], [ 123.625, -31.875 ], [ 123.625, -31.625 ], [ 123.125, -31.625 ], [ 123.125, -31.375 ], [ 121.625, -31.375 ], [ 121.625, -31.125 ], [ 120.875, -31.125 ] ] ] } },
{ "type": "Feature", "properties": { "cluster_id": 41, "cohesion": 6.5547076073281518, "distances": { "1": 43.41088929562553, "2": 41.97161893747295, "3": 33.40488195076963, "4": 35.98206191982907, "5": 38.683981805227795, "6": 48.577409907828645, "7": 46.90347104902805, "8": 50.90094828496168, "9": 43.83617644210196, "10": 43.50666271781074, "11": 36.857037697567876, "12": 37.50615769941535, "13": 42.63834610602871, "14": 43.421395535928795, "15": 45.514512520963955, "16": 49.91032032061664, "17": 46.371082569958574, "18": 44.09290182831641, "19": 42.28364057255709, "20": 40.05527419477387, "21": 40.64923974045209, "22": 36.54396231556264, "23": 30.1877846668315, "24": 36.79627309965883, "25": 35.089212918833326, "26": 36.26745070794967, "27": 34.446376329036006, "28": 27.259768037350828, "29": 25.53395915772726, "30": 34.636559346008404, "31": 36.498250925468106, "32": 36.460063545078754, "33": 35.27042309609828, "34": 28.89348161928971, "35": 32.65076793584202, "36": 22.195300157487925, "37": 25.775051169097715, "38": 14.433990370450504, "39": 20.98808847046023, "40": 15.14950777593096, "42": 12.673802438491228, "43": 13.463243370784621, "44": 18.3939855407122, "45": 13.386822625966014, "46": 28.40675895667836, "47": 27.304408928095178, "48": 27.402764896585946, "49": 29.717539967235233, "50": 20.501735275167565, "51": 16.289320660140095, "52": 20.0796485918995, "53": 23.184354347296484, "54": 26.145883708283787, "55": 25.756120912130072, "56": 18.757978462093728, "57": 22.382966178135227, "58": 29.937729678815227, "59": 29.18968446287724, "60": 30.398463136356373, "61": 32.12043414722166, "62": 33.099029222390776, "63": 34.80572971988904, "64": 34.546022412771265, "65": 39.38535502991729, "66": 36.60683891239833, "67": 32.4758469104384, "68": 39.408593331105365, "69": 34.107891208471166, "70": 39.4033335994948, "71": 33.98983633612378, "72": 31.841787337728118, "73": 34.888532749872745, "74": 32.07504674624124, "75": 34.087267207277336, "76": 33.40804257213682, "77": 35.890215567835256, "78": 34.712459533548504, "79": 39.054417200986364, "80": 29.879812694028043, "81": 38.191978126369015, "82": 33.66861517933602, "83": 39.36170757719129, "84": 34.29773430996873, "85": 33.481769261500105 } }, "geometry": { "type": "Polygon", "coordinates": [ [ [ 123.625, -28.625 ], [ 123.625, -29.125 ], [ 123.875, -29.125 ], [ 123.875, -29.375 ], [ 123.375, -29.375 ], [ 123.375, -29.625 ], [ 122.875, -29.625 ], [ 122.875, -29.875 ], [ 121.625, -29.875 ], [ 121.625, -29.625 ], [ 120.625, -29.625 ], [ 120.625, -29.875 ], [ 120.375, -29.875 ], [ 120.375, -30.625 ], [ 121.125, -30.625 ], [ 121.125, -30.875 ], [ 121.625, -30.875 ], [ 121.625, -31.375 ], [ 123.125, -31.375 ], [ 123.125, -31.125 ], [ 123.375, -31.125 ], [ 123.375, -30.875 ], [ 124.125, -30.875 ], [ 124.125, -31.125 ], [ 124.375, -31.125 ], [ 124.375, -31.375 ], [ 125.625, -31.375 ], [ 125.625, -31.125 ], [ 125.875, -31.125 ], [ 125.875, -30.875 ], [ 127.625, -30.875 ], [ 127.625, -30.375 ], [ 126.875, -30.375 ], [ 126.875, -30.125 ], [ 126.375, -30.125 ], [ 126.375, -29.625 ], [ 126.125, -29.625 ], [ 126.125, -29.375 ], [ 125.875, -29.375 ], [ 125.875, -28.875 ], [ 125.375, -28.875 ], [ 125.375, -28.625 ], [ 123.625, -28.625 ] ] ] } },
{ "type": "Feature", "properties": { "cluster_id": 42, "cohesion": 8.4193387405457081, "distances": { "1": 44.57469191704527, "2": 42.63762716833189, "3": 34.62044102267979, "4": 37.15538609777795, "5": 40.08288838740771, "6": 48.17341292573838, "7": 45.80648122050769, "8": 49.4689633982894, "9": 43.32825392434601, "10": 41.564849627320875, "11": 35.46597721971587, "12": 37.38564789922006, "13": 39.0487764413072, "14": 40.295854489543515, "15": 43.44787496153789, "16": 47.47486642589363, "17": 43.428878812501935, "18": 40.811618297308705, "19": 39.5124436456087, "20": 39.58793844664453, "21": 39.40361739054508, "22": 34.44120440172903, "23": 28.844229706048885, "24": 35.17479831929287, "25": 34.359821565808126, "26": 37.33704560316928, "27": 35.27320650999486, "28": 29.99855335919379, "29": 27.039638004594064, "30": 32.56275187350108, "31": 34.72755055148503, "32": 34.57235812028977, "33": 34.496653317533756, "34": 28.25731673900513, "35": 31.087752946475657, "36": 26.550811576365035, "37": 28.804771486171546, "38": 14.03026865254159, "39": 22.95857184752264, "40": 20.497383424301525, "41": 12.67380243849123, "43": 20.53473822257658, "44": 23.415067519809458, "45": 16.693865929140266, "46": 23.08948640489405, "47": 23.547757767904532, "48": 25.52670098592246, "49": 27.436707916789338, "50": 21.693391534829313, "51": 13.389031361179482, "52": 17.684449515198864, "53": 18.318057338287986, "54": 23.979561483037834, "55": 19.40355934210588, "56": 11.356318381271944, "57": 16.030605848048996, "58": 30.052786567966887, "59": 30.485396738967694, "60": 31.40567607538559, "61": 31.908654918614346, "62": 32.30803651442353, "63": 33.596855795064535, "64": 33.10062128253775, "65": 37.47773991238125, "66": 34.5814621859601, "67": 30.044567708177357, "68": 39.138017419806104, "69": 33.52596648315291, "70": 37.6724716075089, "71": 31.550979466442097, "72": 29.10223285609714, "73": 33.18252227623869, "74": 30.772059819278628, "75": 32.36443830874475, "76": 31.814691717784456, "77": 33.4736705289716, "78": 30.82768989787295, "79": 35.19252617890006, "80": 27.80690081174497, "81": 34.77587351217774, "82": 29.05636913522534, "83": 34.949330039626886, "84": 29.196581508963188, "85": 28.031964916222773 } }, "geometry": { "type": "MultiPolygon", "coordinates": [ [ [ [ 114.375, -29.125 ], [ 114.375, -28.875 ], [ 114.625, -28.875 ], [ 114.625, -29.125 ], [ 114.375, -29.125 ] ] ], [ [ [ 114.875, -29.125 ], [ 114.875, -29.625 ], [ 115.125, -29.625 ], [ 115.125, -30.125 ], [ 115.625, -30.125 ], [ 115.625, -29.875 ], [ 115.875, -29.875 ], [ 115.875, -29.375 ], [ 116.125, -29.375 ], [ 116.125, -29.625 ], [ 116.375, -29.625 ], [ 116.375, -29.375 ], [ 116.625, -29.375 ], [ 116.625, -28.375 ], [ 117.125, -28.375 ], [ 117.125, -28.625 ], [ 117.375, -28.625 ], [ 117.375, -28.875 ], [ 118.125, -28.875 ], [ 118.125, -28.625 ], [ 118.375, -28.625 ], [ 118.375, -28.375 ], [ 118.625, -28.375 ], [ 118.625, -28.125 ], [ 118.875, -28.125 ], [ 118.875, -27.875 ], [ 119.125, -27.875 ], [ 119.125, -27.625 ], [ 119.375, -27.625 ], [ 119.375, -27.125 ], [ 119.625, -27.125 ], [ 119.625, -26.875 ], [ 120.625, -26.875 ], [ 120.625, -26.375 ], [ 121.125, -26.375 ], [ 121.125, -26.125 ], [ 121.625, -26.125 ], [ 121.625, -26.625 ], [ 121.875, -26.625 ], [ 121.875, -26.875 ], [ 122.375, -26.875 ], [ 122.375, -27.125 ], [ 122.125, -27.125 ], [ 122.125, -27.375 ], [ 122.375, -27.375 ], [ 122.375, -27.625 ], [ 122.625, -27.625 ], [ 122.625, -27.875 ], [ 123.625, -27.875 ], [ 123.625, -28.125 ], [ 125.875, -28.125 ], [ 125.875, -28.375 ], [ 126.125, -28.375 ], [ 126.125, -28.625 ], [ 125.875, -28.625 ], [ 125.875, -28.875 ], [ 125.375, -28.875 ], [ 125.375, -28.625 ], [ 123.625, -28.625 ], [ 123.625, -29.125 ], [ 123.875, -29.125 ], [ 123.875, -29.375 ], [ 123.375, -29.375 ], [ 123.375, -29.625 ], [ 122.875, -29.625 ], [ 122.875, -29.875 ], [ 121.625, -29.875 ], [ 121.625, -29.625 ], [ 120.625, -29.625 ], [ 120.625, -29.875 ], [ 120.375, -29.875 ], [ 120.375, -30.375 ], [ 119.625, -30.375 ], [ 119.625, -30.125 ], [ 118.375, -30.125 ], [ 118.375, -30.375 ], [ 118.125, -30.375 ], [ 118.125, -30.625 ], [ 117.875, -30.625 ], [ 117.875, -30.875 ], [ 116.375, -30.875 ], [ 116.375, -30.625 ], [ 115.625, -30.625 ], [ 115.625, -30.375 ], [ 115.375, -30.375 ], [ 115.375, -30.625 ], [ 115.125, -30.625 ], [ 115.125, -30.875 ], [ 114.875, -30.875 ], [ 114.875, -30.625 ], [ 114.625, -30.625 ], [ 114.625, -29.125 ], [ 114.875, -29.125 ] ] ] ] } },
{ "type": "Feature", "properties": { "cluster_id": 43, "cohesion": 7.9503255044167727, "distances": { "1": 36.3233161510957, "2": 35.478008782711385, "3": 27.562005266555303, "4": 29.537841363032058, "5": 32.01397360139199, "6": 42.63911875422553, "7": 41.4348817855937, "8": 45.45413228888343, "9": 37.99296747061684, "10": 38.6746383788126, "11": 32.11107170896658, "12": 31.872550176579427, "13": 39.204787723919814, "14": 39.54568494646448, "15": 40.96648398816414, "16": 45.146338491707404, "17": 42.16315412848165, "18": 40.26069495842069, "19": 38.36872754860175, "20": 34.8996461565454, "21": 35.77834988479406, "22": 32.85365935739155, "23": 27.046099639726314, "24": 32.75037289198108, "25": 31.9904988947381, "26": 30.973310939601255, "27": 30.27482467268187, "28": 22.87379873842512, "29": 24.68799524693512, "30": 32.113133294289945, "31": 33.04318941447464, "32": 33.297155125091294, "33": 32.65323916447472, "34": 28.788633204909925, "35": 31.186941843161193, "36": 14.104167677504421, "37": 19.69676686916235, "38": 17.857216589243674, "39": 18.464330422884434, "40": 11.644451039361126, "41": 13.463243370784621, "42": 20.53473822257658, "44": 13.871648570061089, "45": 17.09955110239792, "46": 30.23606773069318, "47": 27.760916389049683, "48": 27.996213744975257, "49": 29.14469428987025, "50": 21.6151064358313, "51": 23.31285615948453, "52": 23.52824517810954, "53": 25.362494119669712, "54": 24.790189924434728, "55": 28.69156593141409, "56": 24.27545432107537, "57": 27.758971103549005, "58": 25.721667505672787, "59": 24.15030119383618, "60": 25.13341219916122, "61": 26.9834411266487, "62": 28.788175151461484, "63": 30.108845182160668, "64": 29.562237619419268, "65": 34.49122272026112, "66": 32.18440273735815, "67": 28.536869961940415, "68": 34.19183301599686, "69": 29.3543249579886, "70": 34.67056801238163, "71": 30.643356911602506, "72": 30.12403770362511, "73": 30.543002705552198, "74": 28.94568996147027, "75": 30.42115564780747, "76": 29.16554482731788, "77": 31.983224891202124, "78": 32.88222455152655, "79": 36.34700821105093, "80": 26.686528303862445, "81": 35.21781008628208, "82": 32.73043168832587, "83": 37.05242922615211, "84": 33.66533857399762, "85": 33.473139980967616 } }, "geometry": { "type": "Polygon", "coordinates": [ [ [ 123.375, -30.875 ], [ 123.375, -31.125 ], [ 123.125, -31.125 ], [ 123.125, -31.625 ], [ 123.625, -31.625 ], [ 123.625, -31.875 ], [ 125.125, -31.875 ], [ 125.125, -31.625 ], [ 126.875, -31.625 ], [ 126.875, -31.875 ], [ 126.375, -31.875 ], [ 126.375, -32.125 ], [ 125.875, -32.125 ], [ 125.875, -32.375 ], [ 125.625, -32.375 ], [ 125.625, -32.625 ], [ 125.375, -32.625 ], [ 125.375, -32.875 ], [ 125.875, -32.875 ], [ 125.875, -32.625 ], [ 127.375, -32.625 ], [ 127.375, -32.375 ], [ 128.375, -32.375 ], [ 128.375, -32.125 ], [ 128.875, -32.125 ], [ 128.875, -31.625 ], [ 129.375, -31.625 ], [ 129.375, -31.375 ], [ 128.875, -31.375 ], [ 128.875, -31.125 ], [ 127.375, -31.125 ], [ 127.375, -30.875 ], [ 125.875, -30.875 ], [ 125.875, -31.125 ], [ 125.625, -31.125 ], [ 125.625, -31.375 ], [ 124.375, -31.375 ], [ 124.375, -31.125 ], [ 124.125, -31.125 ], [ 124.125, -30.875 ], [ 123.375, -30.875 ] ] ] } },
{ "type": "Feature", "properties": { "cluster_id": 44, "cohesion": 5.2656154376710269, "distances": { "1": 37.9064965345302, "2": 37.440415066803205, "3": 28.49710615922662, "4": 29.577087953744297, "5": 33.219944662344766, "6": 45.54856181255764, "7": 44.01156999023827, "8": 48.60585087347768, "9": 40.892229326156276, "10": 41.50207233182501, "11": 33.840585590701416, "12": 33.73300157077509, "13": 40.4726375385376, "14": 41.87132028887456, "15": 42.71943539311552, "16": 48.390712737378614, "17": 44.528422005529904, "18": 41.21553346330512, "19": 38.94296047082119, "20": 37.366820273620625, "21": 37.55171843460021, "22": 33.5181033289811, "23": 28.53843063169187, "24": 29.35237797984094, "25": 26.909860781340605, "26": 26.844624599326636, "27": 24.04295071731138, "28": 13.627263675397732, "29": 14.994120343839628, "30": 27.876387766864617, "31": 28.831007659951428, "32": 28.914749315824846, "33": 26.468847544987426, "34": 20.9241226772735, "35": 25.433268550617022, "36": 20.848410061148208, "37": 25.748408512206698, "38": 24.296669522170788, "39": 25.373551804162393, "40": 20.551769145289338, "41": 18.3939855407122, "42": 23.415067519809458, "43": 13.871648570061089, "45": 13.769193374667982, "46": 27.691951887262203, "47": 26.05815106336293, "48": 21.97993225363465, "49": 24.764741940475872, "50": 13.66600688333411, "51": 21.362995203478842, "52": 20.211102838750985, "53": 24.47014670519078, "54": 22.7367749976875, "55": 27.590925842350885, "56": 25.667066060995445, "57": 25.755225524171905, "58": 24.210576107389628, "59": 24.03456400264504, "60": 24.31453970076724, "61": 27.215500202484474, "62": 27.730615158201953, "63": 30.327112275779836, "64": 29.86208476907819, "65": 34.31402009045548, "66": 30.912909529726743, "67": 28.397221035992366, "68": 32.30913049945157, "69": 29.425175137199293, "70": 34.790944434715, "71": 29.91802033455975, "72": 27.899294903708736, "73": 28.88846470317795, "74": 25.57423385929081, "75": 27.40576689929329, "76": 28.142265763279998, "77": 32.59982216091642, "78": 32.752187081722596, "79": 37.645709647827786, "80": 26.01007287425264, "81": 34.66907933295638, "82": 31.454071401329063, "83": 37.177828602069695, "84": 32.76486426175441, "85": 31.784286760309932 } }, "geometry": { "type": "Polygon", "coordinates": [ [ [ 128.875, -30.875 ], [ 128.875, -31.375 ], [ 129.375, -31.375 ], [ 129.375, -31.625 ], [ 128.875, -31.625 ], [ 128.875, -32.125 ], [ 129.375, -32.125 ], [ 129.375, -31.875 ], [ 131.625, -31.875 ], [ 131.625, -32.125 ], [ 132.125, -32.125 ], [ 132.125, -31.875 ], [ 133.625, -31.875 ], [ 133.625, -31.125 ], [ 133.125, -31.125 ], [ 133.125, -30.875 ], [ 128.875, -30.875 ] ] ] } },
{ "type": "Feature", "properties": { "cluster_id": 45, "cohesion": 7.439724718392239, "distances": { "1": 44.79548854277408, "2": 43.54716591945841, "3": 34.10343654043726, "4": 36.343428233977676, "5": 39.81052701691388, "6": 50.78501958048963, "7": 48.629960983650655, "8": 52.82864112473005, "9": 45.399799903758414, "10": 44.40411723628107, "11": 36.72365112301646, "12": 38.236515839821756, "13": 42.19179828641065, "14": 43.324252780787035, "15": 46.52408741837602, "16": 51.257778131445114, "17": 46.886071919601484, "18": 44.00040642201528, "19": 42.67072643413472, "20": 41.94797476294734, "21": 41.82080953619385, "22": 37.05128996711743, "23": 31.232077694990853, "24": 33.93624773467523, "25": 31.382903974604545, "26": 34.50822712911006, "27": 30.965633377134136, "28": 22.407082183184148, "29": 18.73491817185192, "30": 28.898789031280845, "31": 32.455828264609025, "32": 31.42889728029922, "33": 30.445863619467627, "34": 21.8532456444986, "35": 26.413953150076185, "36": 26.136088589075055, "37": 30.608341991243375, "38": 21.54426188105933, "39": 27.032845554376316, "40": 22.00997367432704, "41": 13.386822625966014, "42": 16.693865929140266, "43": 17.09955110239792, "44": 13.769193374667982, "46": 23.871873110578274, "47": 22.530471738390233, "48": 20.165155691968756, "49": 23.295329448951456, "50": 12.077487482320297, "51": 12.313384845674008, "52": 13.320597056901004, "53": 22.5904714600329, "54": 24.966369209307015, "55": 24.954875923593324, "56": 20.742656905714394, "57": 19.35291751195257, "58": 28.331864577278573, "59": 28.86710021379226, "60": 29.886532455752693, "61": 31.565127325465056, "62": 31.473583376406978, "63": 33.71233087567423, "64": 33.77458956807212, "65": 38.912644708894554, "66": 34.791928977628814, "67": 31.512688259995738, "68": 38.86009684084005, "69": 34.43656756101567, "70": 39.544099981686585, "71": 30.478227628586136, "72": 26.945921733666673, "73": 32.20342591005571, "74": 28.466870305328154, "75": 29.807106913560865, "76": 30.343449707412258, "77": 33.9796721350247, "78": 31.67792546766171, "79": 37.61898351228103, "80": 29.591841594316232, "81": 37.77007409730283, "82": 32.49134951016152, "83": 37.99212512306738, "84": 31.437840428820504, "85": 31.02107275834396 } }, "geometry": { "type": "Polygon", "coordinates": [ [ [ 130.375, -26.625 ], [ 130.375, -26.875 ], [ 129.875, -26.875 ], [ 129.875, -27.625 ], [ 130.125, -27.625 ], [ 130.125, -27.875 ], [ 129.625, -27.875 ], [ 129.625, -28.125 ], [ 127.125, -28.125 ], [ 127.125, -28.625 ], [ 125.875, -28.625 ], [ 125.875, -29.375 ], [ 126.125, -29.375 ], [ 126.125, -29.625 ], [ 126.375, -29.625 ], [ 126.375, -30.125 ], [ 126.875, -30.125 ], [ 126.875, -30.375 ], [ 127.625, -30.375 ], [ 127.625, -30.875 ], [ 127.375, -30.875 ], [ 127.375, -31.125 ], [ 128.875, -31.125 ], [ 128.875, -30.875 ], [ 132.375, -30.875 ], [ 132.375, -30.625 ], [ 132.125, -30.625 ], [ 132.125, -30.375 ], [ 131.875, -30.375 ], [ 131.875, -30.125 ], [ 131.625, -30.125 ], [ 131.625, -29.875 ], [ 131.375, -29.875 ], [ 131.375, -29.125 ], [ 132.125, -29.125 ], [ 132.125, -28.625 ], [ 131.875, -28.625 ], [ 131.875, -28.125 ], [ 131.375, -28.125 ], [ 131.375, -27.625 ], [ 131.625, -27.625 ], [ 131.625, -26.875 ], [ 130.875, -26.875 ], [ 130.875, -26.625 ], [ 130.375, -26.625 ] ] ] } },
{ "type": "Feature", "properties": { "cluster_id": 46, "cohesion": 6.2807957326503239, "distances": { "1": 43.043165971235005, "2": 41.462657437921294, "3": 35.06707894521404, "4": 35.86763383834306, "5": 39.5841300077364, "6": 45.46273241190265, "7": 41.662400647128344, "8": 44.99275126595232, "9": 40.70555174049014, "10": 36.465334894889956, "11": 31.26932345452038, "12": 35.4610719323042, "13": 28.922941471779822, "14": 32.01734270905334, "15": 37.07886191156094, "16": 41.156167068243306, "17": 35.407682055272275, "18": 31.20981492651963, "19": 31.927055435451067, "20": 37.696684794638685, "21": 35.11283844486062, "22": 29.131801554058033, "23": 27.341888321164237, "24": 27.096718691869025, "25": 27.259846893127648, "26": 34.1009461166232, "27": 30.643315675471378, "28": 28.873776609721993, "29": 24.829281804106373, "30": 22.203727124396696, "31": 26.720940510069166, "32": 25.544841809476416, "33": 26.530601623793903, "34": 21.002206415447525, "35": 20.929493707243164, "36": 31.98891732340559, "37": 34.958762722475655, "38": 28.371372394657033, "39": 32.44530126691858, "40": 31.543057700787454, "41": 28.406758956678363, "42": 23.08948640489405, "43": 30.236067730693176, "44": 27.691951887262206, "45": 23.871873110578267, "47": 12.465447749435675, "48": 16.925403316478402, "49": 17.324362421649425, "50": 21.601046846100864, "51": 18.21438605117839, "52": 13.85668590997421, "53": 20.408933634377835, "54": 22.59056711421923, "55": 15.761887281550472, "56": 20.17399464404734, "57": 12.713056166543945, "58": 28.84406736845402, "59": 32.3330329701626, "60": 31.25769278004724, "61": 31.353926833708588, "62": 29.693813618790777, "63": 29.602055957561237, "64": 29.375377620906878, "65": 31.63419009872227, "66": 28.222735259005525, "67": 23.929861700757428, "68": 34.88289000148092, "69": 31.121384733247133, "70": 32.38273682483989, "71": 23.121268188268424, "72": 18.97898378006091, "73": 27.72949850457939, "74": 26.801332019983004, "75": 25.29921435149303, "76": 25.504883273341182, "77": 26.04292244814708, "78": 19.237236336639082, "79": 24.490222581244126, "80": 23.974497523115847, "81": 26.315068318241554, "82": 19.75597126449437, "83": 22.26727840285341, "84": 13.051000106109996, "85": 13.522764551706592 } }, "geometry": { "type": "Polygon", "coordinates": [ [ [ 126.875, -24.375 ], [ 126.875, -24.625 ], [ 124.625, -24.625 ], [ 124.625, -25.125 ], [ 125.625, -25.125 ], [ 125.625, -25.375 ], [ 125.875, -25.375 ], [ 125.875, -25.625 ], [ 129.875, -25.625 ], [ 129.875, -25.375 ], [ 130.625, -25.375 ], [ 130.625, -25.125 ], [ 130.375, -25.125 ], [ 130.375, -24.625 ], [ 128.875, -24.625 ], [ 128.875, -24.375 ], [ 126.875, -24.375 ] ] ] } },
{ "type": "Feature", "properties": { "cluster_id": 47, "cohesion": 7.3334075865000692, "distances": { "1": 42.279767908072294, "2": 40.730420831551925, "3": 33.55370348003491, "4": 35.09716216733679, "5": 38.55598320044962, "6": 45.43202634525221, "7": 41.76069712591251, "8": 44.7367888243397, "9": 39.38259306038281, "10": 34.87467144896156, "11": 28.82023269088408, "12": 33.7817199661002, "13": 28.64098378844527, "14": 29.876674763421196, "15": 37.79948425358851, "16": 40.25871855844983, "17": 34.592962965721156, "18": 32.26127422813317, "19": 33.92725490748516, "20": 37.73729186807607, "21": 35.48971046354819, "22": 30.472171918490417, "23": 27.689722479651056, "24": 28.888043454194317, "25": 29.710862806985585, "26": 35.93587894329025, "27": 32.72483826579048, "28": 29.293424527122188, "29": 25.801482173453827, "30": 20.162225058342965, "31": 27.589683843776665, "32": 24.8707012465817, "33": 28.7676658274981, "34": 22.39230279696223, "35": 21.31764765022085, "36": 29.85382604208678, "37": 33.582351420927175, "38": 27.207829302007124, "39": 30.915157954387016, "40": 29.278314345358158, "41": 27.30440892809517, "42": 23.547757767904532, "43": 27.760916389049687, "44": 26.058151063362935, "45": 22.530471738390226, "46": 12.465447749435674, "48": 15.721653625522547, "49": 13.752738514389803, "50": 20.472331998834303, "51": 19.87371814622449, "52": 14.360644000373599, "53": 21.620521869674384, "54": 23.85720497804026, "55": 20.746277234359138, "56": 21.84481639801276, "57": 17.816383047619368, "58": 27.124834711774852, "59": 30.368781561069223, "60": 29.87883101516159, "61": 29.673637108364353, "62": 27.880023426982966, "63": 27.373000879608593, "64": 28.285391529987475, "65": 32.54095422944689, "66": 28.36294410731375, "67": 24.160807378486663, "68": 36.87929104911247, "69": 31.7984662441683, "70": 33.866458837810825, "71": 18.03524119789954, "72": 13.685992031790725, "73": 26.20884213808138, "74": 25.15641705638734, "75": 22.729731933839876, "76": 21.56402640302266, "77": 22.248081805664466, "78": 14.582450032666175, "79": 21.40764928001782, "80": 25.576171268658484, "81": 29.410122800283066, "82": 24.02622248040334, "83": 23.66997577630127, "84": 15.49941620774893, "85": 19.602489619830152 } }, "geometry": { "type": "Polygon", "coordinates": [ [ [ 133.875, -23.625 ], [ 133.875, -23.875 ], [ 131.875, -23.875 ], [ 131.875, -24.125 ], [ 131.375, -24.125 ], [ 131.375, -23.875 ], [ 130.375, -23.875 ], [ 130.375, -24.125 ], [ 130.125, -24.125 ], [ 130.125, -24.625 ], [ 130.375, -24.625 ], [ 130.375, -25.125 ], [ 130.625, -25.125 ], [ 130.625, -25.375 ], [ 129.875, -25.375 ], [ 129.875, -25.875 ], [ 130.125, -25.875 ], [ 130.125, -25.625 ], [ 130.625, -25.625 ], [ 130.625, -25.875 ], [ 131.375, -25.875 ], [ 131.375, -25.625 ], [ 131.875, -25.625 ], [ 131.875, -25.375 ], [ 132.875, -25.375 ], [ 132.875, -24.875 ], [ 133.375, -24.875 ], [ 133.375, -24.625 ], [ 134.375, -24.625 ], [ 134.375, -24.375 ], [ 134.125, -24.375 ], [ 134.125, -24.125 ], [ 134.375, -24.125 ], [ 134.375, -23.875 ], [ 134.625, -23.875 ], [ 134.625, -23.625 ], [ 133.875, -23.625 ] ] ] } },
{ "type": "Feature", "properties": { "cluster_id": 48, "cohesion": 8.124790364100674, "distances": { "1": 44.82366368861659, "2": 44.18315689388005, "3": 36.02422703503888, "4": 35.963811361428554, "5": 40.74256376693156, "6": 50.697130556356136, "7": 47.47585847392748, "8": 51.67179378352748, "9": 45.60807357528834, "10": 42.98585133070707, "11": 35.543336729013525, "12": 38.79230065832292, "13": 37.39498946987695, "14": 39.674225120705216, "15": 44.0460698617515, "16": 49.062128863852635, "17": 43.53007166919357, "18": 39.39885098662317, "19": 38.7584769195797, "20": 42.518852817487534, "21": 40.56172614203725, "22": 34.811818962914195, "23": 32.1101135691424, "24": 26.44624443743491, "25": 24.154853523668447, "26": 31.33130785015582, "27": 26.08766080875296, "28": 22.098112523213604, "29": 16.509134292828897, "30": 17.81240607534516, "31": 24.403686640350216, "32": 22.05204980435499, "33": 21.57302331216804, "34": 11.53048131677392, "35": 14.225504472869705, "36": 31.81570304371054, "37": 35.96203226306527, "38": 30.790772904364424, "39": 34.29671962485932, "40": 31.68582995939985, "41": 27.402764896585946, "42": 25.526700985922457, "43": 27.996213744975257, "44": 21.979932253634647, "45": 20.165155691968756, "46": 16.925403316478402, "47": 15.721653625522547, "49": 10.96564744850476, "50": 13.77386480627768, "51": 19.157870563259568, "52": 14.742271051146131, "53": 22.454950962429333, "54": 22.79437095556854, "55": 22.75170084039717, "56": 24.586321354484678, "57": 18.806252765169585, "58": 28.083894753831828, "59": 31.945310707719003, "60": 30.657881029525, "61": 32.3264668553655, "62": 30.028157357071976, "63": 32.012219340060284, "64": 31.491557137636224, "65": 34.39213225553388, "66": 29.293173947350102, "67": 27.290612500550864, "68": 35.18556409228621, "69": 32.79472564232416, "70": 35.70546671604888, "71": 24.218880114407767, "72": 17.53665660915475, "73": 27.41416158636845, "74": 24.143487730872057, "75": 23.150436496739715, "76": 26.26401505014846, "77": 29.84450505723124, "78": 24.324902353901056, "79": 32.135517697840164, "80": 26.689938453768235, "81": 32.78146525049916, "82": 27.0703140786406, "83": 31.791731262242067, "84": 24.042283746483985, "85": 24.078542912669302 } }, "geometry": { "type": "MultiPolygon", "coordinates": [ [ [ [ 137.625, -28.875 ], [ 137.625, -29.125 ], [ 137.875, -29.125 ], [ 137.875, -29.375 ], [ 138.125, -29.375 ], [ 138.125, -29.625 ], [ 138.375, -29.625 ], [ 138.375, -29.875 ], [ 137.625, -29.875 ], [ 137.625, -29.625 ], [ 137.375, -29.625 ], [ 137.375, -28.875 ], [ 137.625, -28.875 ] ] ], [ [ [ 138.125, -28.875 ], [ 137.875, -28.875 ], [ 137.875, -28.625 ], [ 138.125, -28.625 ], [ 138.125, -28.875 ] ] ], [ [ [ 137.375, -28.375 ], [ 137.125, -28.375 ], [ 137.125, -28.625 ], [ 136.875, -28.625 ], [ 136.875, -28.375 ], [ 136.625, -28.375 ], [ 136.625, -28.125 ], [ 135.875, -28.125 ], [ 135.875, -27.625 ], [ 135.375, -27.625 ], [ 135.375, -27.375 ], [ 134.125, -27.375 ], [ 134.125, -27.125 ], [ 133.875, -27.125 ], [ 133.875, -26.875 ], [ 134.375, -26.875 ], [ 134.375, -26.375 ], [ 134.125, -26.375 ], [ 134.125, -26.125 ], [ 133.875, -26.125 ], [ 133.875, -26.375 ], [ 133.125, -26.375 ], [ 133.125, -26.625 ], [ 132.625, -26.625 ], [ 132.625, -26.375 ], [ 131.375, -26.375 ], [ 131.375, -26.125 ], [ 130.375, -26.125 ], [ 130.375, -25.875 ], [ 131.375, -25.875 ], [ 131.375, -25.625 ], [ 131.875, -25.625 ], [ 131.875, -25.375 ], [ 132.625, -25.375 ], [ 132.625, -25.625 ], [ 133.125, -25.625 ], [ 133.125, -25.875 ], [ 134.625, -25.875 ], [ 134.625, -26.125 ], [ 135.125, -26.125 ], [ 135.125, -26.375 ], [ 135.375, -26.375 ], [ 135.375, -26.625 ], [ 135.625, -26.625 ], [ 135.625, -26.875 ], [ 135.875, -26.875 ], [ 135.875, -27.125 ], [ 136.625, -27.125 ], [ 136.625, -27.375 ], [ 136.875, -27.375 ], [ 136.875, -27.625 ], [ 137.125, -27.625 ], [ 137.125, -27.875 ], [ 137.625, -27.875 ], [ 137.625, -28.125 ], [ 137.875, -28.125 ], [ 137.875, -28.625 ], [ 137.375, -28.625 ], [ 137.375, -28.375 ] ] ] ] } },
{ "type": "Feature", "properties": { "cluster_id": 49, "cohesion": 7.3961793821137105, "distances": { "1": 44.136700067127656, "2": 43.40251970567412, "3": 35.5310511502642, "4": 35.855656901105846, "5": 40.29594485515993, "6": 49.53436390338684, "7": 46.081727388920285, "8": 49.831157712635815, "9": 43.827217650398666, "10": 40.331210815106985, "11": 32.93610222526351, "12": 37.29511872950268, "13": 34.79012478263638, "14": 36.08877901424888, "15": 42.592829325132904, "16": 46.33765947860941, "17": 40.77908276866455, "18": 37.533622750419276, "19": 37.79921232936641, "20": 41.65679053801765, "21": 39.48158639014734, "22": 34.1143466837886, "23": 31.71523601882539, "24": 26.188434503629413, "25": 25.5017415249385, "26": 33.02618217847294, "27": 28.496471174561897, "28": 25.46765531342686, "29": 21.472252354392086, "30": 13.491881635820485, "31": 23.410128092566374, "32": 19.62820559872405, "33": 23.16349667908735, "34": 16.333925293824528, "35": 14.08201650172577, "36": 31.757600720950702, "37": 36.220489676900854, "38": 31.791585333013625, "39": 34.78606140493023, "40": 32.288604963618596, "41": 29.717539967235233, "42": 27.436707916789338, "43": 29.14469428987025, "44": 24.764741940475872, "45": 23.295329448951463, "46": 17.324362421649425, "47": 13.752738514389803, "48": 10.965647448504757, "50": 18.4914369969675, "51": 22.252852894800707, "52": 17.35150981254626, "53": 23.37348020320177, "54": 23.93983403279286, "55": 24.21088178790094, "56": 26.014149545790776, "57": 21.124889656997468, "58": 27.332291389059257, "59": 31.519034568845072, "60": 30.512171578363894, "61": 31.094225576255216, "62": 28.557123137912026, "63": 29.78140980854528, "64": 29.596064816498515, "65": 33.19017747899553, "66": 27.536570409138715, "67": 25.91017054206763, "68": 35.89165131447791, "69": 32.93369202896878, "70": 35.15434224432813, "71": 18.81529221645167, "72": 11.576244916193806, "73": 24.85236699059894, "74": 22.786851918821306, "75": 19.87887870933545, "76": 22.564434270829267, "77": 25.69788571831418, "78": 19.336020236768913, "79": 27.9742537937057, "80": 27.08372822136975, "81": 32.45114948507917, "82": 27.24312828290986, "83": 29.66289421734072, "84": 22.15528930204169, "85": 23.955662804887904 } }, "geometry": { "type": "Polygon", "coordinates": [ [ [ 133.375, -24.625 ], [ 133.375, -24.875 ], [ 132.875, -24.875 ], [ 132.875, -25.375 ], [ 132.625, -25.375 ], [ 132.625, -25.625 ], [ 133.125, -25.625 ], [ 133.125, -25.875 ], [ 134.625, -25.875 ], [ 134.625, -26.125 ], [ 135.125, -26.125 ], [ 135.125, -26.375 ], [ 135.375, -26.375 ], [ 135.375, -26.625 ], [ 135.625, -26.625 ], [ 135.625, -26.875 ], [ 135.875, -26.875 ], [ 135.875, -27.125 ], [ 136.625, -27.125 ], [ 136.625, -27.375 ], [ 136.875, -27.375 ], [ 136.875, -27.625 ], [ 137.125, -27.625 ], [ 137.125, -27.875 ], [ 137.625, -27.875 ], [ 137.625, -28.125 ], [ 137.875, -28.125 ], [ 137.875, -28.625 ], [ 138.125, -28.625 ], [ 138.125, -28.875 ], [ 138.375, -28.875 ], [ 138.375, -29.125 ], [ 138.625, -29.125 ], [ 138.625, -29.375 ], [ 139.375, -29.375 ], [ 139.375, -29.125 ], [ 140.125, -29.125 ], [ 140.125, -29.375 ], [ 140.375, -29.375 ], [ 140.375, -29.625 ], [ 141.125, -29.625 ], [ 141.125, -29.375 ], [ 140.625, -29.375 ], [ 140.625, -29.125 ], [ 140.375, -29.125 ], [ 140.375, -27.625 ], [ 140.125, -27.625 ], [ 140.125, -27.375 ], [ 139.875, -27.375 ], [ 139.875, -27.125 ], [ 139.375, -27.125 ], [ 139.375, -27.375 ], [ 138.625, -27.375 ], [ 138.625, -27.125 ], [ 138.375, -27.125 ], [ 138.375, -27.375 ], [ 137.875, -27.375 ], [ 137.875, -27.125 ], [ 137.625, -27.125 ], [ 137.625, -26.875 ], [ 137.375, -26.875 ], [ 137.375, -26.625 ], [ 137.125, -26.625 ], [ 137.125, -26.125 ], [ 136.875, -26.125 ], [ 136.875, -25.875 ], [ 136.625, -25.875 ], [ 136.625, -25.625 ], [ 136.125, -25.625 ], [ 136.125, -25.375 ], [ 135.875, -25.375 ], [ 135.875, -25.125 ], [ 135.625, -25.125 ], [ 135.625, -24.875 ], [ 134.625, -24.875 ], [ 134.625, -24.625 ], [ 133.375, -24.625 ] ] ] } },
{ "type": "Feature", "properties": { "cluster_id": 50, "cohesion": 6.6791156884839795, "distances": { "1": 43.56781427394974, "2": 42.76694627575331, "3": 33.605703783650156, "4": 34.44841338217844, "5": 38.80265149438366, "6": 50.34473944784572, "7": 47.93038782123871, "8": 52.36906972405846, "9": 45.14895899804313, "10": 44.0996210578457, "11": 36.13039943097094, "12": 37.75633431910836, "13": 40.7590486042763, "14": 42.67570372734338, "15": 45.467882076348964, "16": 50.90976551918972, "17": 46.06895777831192, "18": 42.269721265994036, "19": 40.85537470628, "20": 41.78679081425162, "21": 40.98224536199915, "22": 35.86150834789727, "23": 31.37157380720648, "24": 29.948638607639896, "25": 26.861541840749435, "26": 30.780759365840623, "27": 26.10241148528786, "28": 17.72143618082398, "29": 12.221266094260269, "30": 24.52972633675619, "31": 28.351575369051602, "32": 27.11910431879914, "33": 25.058872343882904, "34": 14.382308284351252, "35": 20.9088888280556, "36": 28.258789482004534, "37": 32.467251049398904, "38": 26.443186352294877, "39": 30.34005202713735, "40": 26.58985433690724, "41": 20.501735275167565, "42": 21.69339153482931, "43": 21.6151064358313, "44": 13.666006883334111, "45": 12.077487482320294, "46": 21.601046846100864, "47": 20.472331998834303, "48": 13.773864806277683, "49": 18.4914369969675, "51": 15.653531746558794, "52": 13.33134265704552, "53": 22.215634462626365, "54": 22.62734440953302, "55": 24.052061049382484, "56": 23.07524379106928, "57": 19.473425077621737, "58": 26.78529676238645, "59": 28.73031189950762, "60": 28.495022582085014, "61": 30.942996408524042, "62": 29.78977509804167, "63": 32.43082392279723, "64": 32.402299502032804, "65": 36.6316626492251, "66": 32.17159053235636, "67": 29.52517291529112, "68": 35.81796666628157, "69": 32.72416057387651, "70": 37.41274688980904, "71": 28.527038774068142, "72": 23.943231828670765, "73": 29.836876482943826, "74": 25.383690607957686, "75": 26.55213795879835, "76": 28.37862193671377, "77": 32.704416648227806, "78": 29.905827712089106, "79": 36.54566584493544, "80": 27.33700909674667, "81": 35.28736395365556, "82": 29.964889580743087, "83": 36.012048765850274, "84": 29.291498810080817, "85": 28.39149893303253 } }, "geometry": { "type": "Polygon", "coordinates": [ [ [ 133.875, -26.125 ], [ 133.875, -26.375 ], [ 133.125, -26.375 ], [ 133.125, -26.625 ], [ 132.625, -26.625 ], [ 132.625, -26.375 ], [ 131.875, -26.375 ], [ 131.875, -26.875 ], [ 131.625, -26.875 ], [ 131.625, -27.625 ], [ 131.375, -27.625 ], [ 131.375, -28.125 ], [ 131.875, -28.125 ], [ 131.875, -28.625 ], [ 132.125, -28.625 ], [ 132.125, -29.125 ], [ 131.375, -29.125 ], [ 131.375, -29.875 ], [ 131.625, -29.875 ], [ 131.625, -30.125 ], [ 131.875, -30.125 ], [ 131.875, -30.375 ], [ 132.125, -30.375 ], [ 132.125, -30.625 ], [ 132.375, -30.625 ], [ 132.375, -30.875 ], [ 132.875, -30.875 ], [ 132.875, -30.625 ], [ 133.125, -30.625 ], [ 133.125, -30.375 ], [ 133.375, -30.375 ], [ 133.375, -30.125 ], [ 133.875, -30.125 ], [ 133.875, -29.375 ], [ 134.125, -29.375 ], [ 134.125, -28.625 ], [ 134.375, -28.625 ], [ 134.375, -27.875 ], [ 134.625, -27.875 ], [ 134.625, -27.375 ], [ 134.125, -27.375 ], [ 134.125, -27.125 ], [ 133.875, -27.125 ], [ 133.875, -26.875 ], [ 134.375, -26.875 ], [ 134.375, -26.375 ], [ 134.125, -26.375 ], [ 134.125, -26.125 ], [ 133.875, -26.125 ] ] ] } },
{ "type": "Feature", "properties": { "cluster_id": 51, "cohesion": 6.1397084169348144, "distances": { "1": 47.36420301929384, "2": 45.72057065344649, "3": 36.91876190898899, "4": 39.05003902319867, "5": 42.65035430967112, "6": 51.739972367255454, "7": 48.98784163801142, "8": 52.951890097483236, "9": 46.61446858002008, "10": 44.361996672981164, "11": 37.44173900659486, "12": 39.984654940691655, "13": 40.362558015855164, "14": 42.13205926739044, "15": 45.877342728732096, "16": 50.57550305340403, "17": 45.718664163099824, "18": 42.34532089235048, "19": 41.30441495540603, "20": 42.78343329728849, "21": 41.97952173715046, "22": 36.25052559192355, "23": 31.158406530183917, "24": 33.61162594224119, "25": 31.455105191967693, "26": 36.56601264688523, "27": 32.78605779328378, "28": 26.955219832840253, "29": 21.685998274833693, "30": 28.47187136596048, "31": 32.195827144969115, "32": 31.258972720935034, "33": 30.54133566331978, "34": 21.931524494905016, "35": 25.788857510638255, "36": 30.588566013481348, "37": 34.110628796534805, "38": 22.005691577386504, "39": 29.508148254408344, "40": 26.1294435660189, "41": 16.289320660140095, "42": 13.38903136117948, "43": 23.31285615948453, "44": 21.36299520347884, "45": 12.313384845674008, "46": 18.21438605117839, "47": 19.873718146224494, "48": 19.157870563259568, "49": 22.252852894800707, "50": 15.653531746558796, "52": 10.502494294955579, "53": 19.293601385468115, "54": 24.14401990251338, "55": 19.36897760740817, "56": 15.724052810908335, "57": 11.202662113861031, "58": 30.459228071719963, "59": 32.03555178002811, "60": 32.671101310851796, "61": 33.41987705926263, "62": 32.81624014054573, "63": 34.72803284457632, "64": 34.34413972575994, "65": 38.58600580926792, "66": 34.512901488276576, "67": 30.822681720082077, "68": 39.65227190972056, "69": 35.05277404430849, "70": 39.134343181914716, "71": 30.24591686871535, "72": 25.907606706761204, "73": 32.610639033063755, "74": 29.301962685659575, "75": 30.283899325211003, "76": 31.203864488962562, "77": 33.819095065058335, "78": 29.57065243074473, "79": 35.63007948129159, "80": 29.002263324374557, "81": 35.72263439947858, "82": 29.08415562555131, "83": 35.12645816081847, "84": 27.420467132306097, "85": 26.34058335326466 } }, "geometry": { "type": "Polygon", "coordinates": [ [ [ 125.875, -26.125 ], [ 125.875, -26.375 ], [ 125.375, -26.375 ], [ 125.375, -26.625 ], [ 124.375, -26.625 ], [ 124.375, -26.875 ], [ 123.875, -26.875 ], [ 123.875, -27.125 ], [ 123.125, -27.125 ], [ 123.125, -26.875 ], [ 122.375, -26.875 ], [ 122.375, -27.125 ], [ 122.125, -27.125 ], [ 122.125, -27.375 ], [ 122.375, -27.375 ], [ 122.375, -27.625 ], [ 122.625, -27.625 ], [ 122.625, -27.875 ], [ 123.625, -27.875 ], [ 123.625, -28.125 ], [ 125.875, -28.125 ], [ 125.875, -28.375 ], [ 126.125, -28.375 ], [ 126.125, -28.625 ], [ 127.125, -28.625 ], [ 127.125, -28.125 ], [ 129.125, -28.125 ], [ 129.125, -27.375 ], [ 128.875, -27.375 ], [ 128.875, -26.625 ], [ 128.625, -26.625 ], [ 128.625, -26.375 ], [ 127.625, -26.375 ], [ 127.625, -26.125 ], [ 126.875, -26.125 ], [ 126.875, -26.375 ], [ 126.375, -26.375 ], [ 126.375, -26.125 ], [ 125.875, -26.125 ] ] ] } },
{ "type": "Feature", "properties": { "cluster_id": 52, "cohesion": 6.5517850092667391, "distances": { "1": 44.51791564035283, "2": 43.061607988459485, "3": 34.70969960750446, "4": 36.37100176300913, "5": 40.06630215971162, "6": 48.962209162971604, "7": 46.03565624353299, "8": 49.83545511314877, "9": 43.58463627362989, "10": 40.903338995392986, "11": 34.02462790232106, "12": 37.083118815172696, "13": 36.266084947730654, "14": 37.97617323960411, "15": 42.86223827052968, "16": 46.97085948070252, "17": 41.84058330574828, "18": 38.74711577432407, "19": 38.6043350321968, "20": 40.27342400032709, "21": 39.183943613966264, "22": 33.92154722798461, "23": 29.24433953413899, "24": 30.420861971127206, "25": 28.791515214310365, "26": 34.54955323440438, "27": 30.56962801738061, "28": 25.01492822933762, "29": 19.910180181803565, "30": 23.959798834402676, "31": 28.990571227244462, "32": 27.45255360228616, "33": 27.661364175113707, "34": 18.850000230771997, "35": 21.681597184760125, "36": 29.10178233636492, "37": 32.9118305316472, "38": 23.800279298416317, "39": 29.287064063250057, "40": 26.445891575036786, "41": 20.0796485918995, "42": 17.684449515198867, "43": 23.52824517810954, "44": 20.211102838750985, "45": 13.320597056901002, "46": 13.85668590997421, "47": 14.360644000373599, "48": 14.742271051146133, "49": 17.35150981254626, "50": 13.331342657045518, "51": 10.502494294955579, "53": 20.39867319315916, "54": 23.521181549073297, "55": 19.70321198301136, "56": 18.576255465973848, "57": 12.766140359617335, "58": 28.25897540063051, "59": 30.308908574723247, "60": 30.505974055802863, "61": 31.15738660096277, "62": 30.338416852838144, "63": 31.598857755437596, "64": 31.419129297371338, "65": 35.65968649592475, "66": 31.37893680993236, "67": 27.66123812060116, "68": 37.41344226068843, "69": 32.88692730993043, "70": 36.47860592142461, "71": 25.61343879403633, "72": 20.98151620646865, "73": 29.423722193598234, "74": 26.884870187491913, "75": 26.61894177344849, "76": 27.153361084127805, "77": 29.539595759023456, "78": 24.6081339950358, "79": 30.96639286236592, "80": 27.16161989654024, "81": 33.23614019434659, "82": 26.957631876218013, "83": 31.058923021695946, "84": 22.776987070346692, "85": 23.223681834388984 } }, "geometry": { "type": "Polygon", "coordinates": [ [ [ 127.375, -25.625 ], [ 127.375, -25.875 ], [ 127.625, -25.875 ], [ 127.625, -26.375 ], [ 128.625, -26.375 ], [ 128.625, -26.625 ], [ 128.875, -26.625 ], [ 128.875, -27.375 ], [ 129.125, -27.375 ], [ 129.125, -28.125 ], [ 129.625, -28.125 ], [ 129.625, -27.875 ], [ 130.125, -27.875 ], [ 130.125, -27.625 ], [ 129.875, -27.625 ], [ 129.875, -26.875 ], [ 130.375, -26.875 ], [ 130.375, -26.625 ], [ 130.875, -26.625 ], [ 130.875, -26.875 ], [ 131.875, -26.875 ], [ 131.875, -26.375 ], [ 131.375, -26.375 ], [ 131.375, -26.125 ], [ 130.375, -26.125 ], [ 130.375, -25.875 ], [ 130.625, -25.875 ], [ 130.625, -25.625 ], [ 130.125, -25.625 ], [ 130.125, -25.875 ], [ 129.875, -25.875 ], [ 129.875, -25.625 ], [ 127.375, -25.625 ] ] ] } },
{ "type": "Feature", "properties": { "cluster_id": 53, "cohesion": 6.7077737110313507, "distances": { "1": 40.68277139436427, "2": 38.95225229183438, "3": 31.14816733029577, "4": 32.68654370174816, "5": 36.59055801992426, "6": 44.80034135994982, "7": 41.88578407237833, "8": 45.76913586689111, "9": 39.883060305308845, "10": 37.90763589945116, "11": 31.4521346919535, "12": 33.66610128104558, "13": 34.29721870579866, "14": 36.56087966151514, "15": 38.8861589002377, "16": 43.96892080332624, "17": 39.36081281338079, "18": 35.16767283048681, "19": 32.825717233024044, "20": 36.86303512324693, "21": 35.387637474093125, "22": 29.003166535459997, "23": 26.205946702575595, "24": 27.67716006426517, "25": 28.433522357857736, "26": 31.727481664473512, "27": 29.987184834968073, "28": 27.13576846920262, "29": 25.514432805032648, "30": 26.322626837602805, "31": 26.82857682365399, "32": 27.144235625186564, "33": 28.55767468149648, "34": 25.190315391567545, "35": 26.46558445982187, "36": 28.762505771741186, "37": 31.419974667162855, "38": 23.39675433154973, "39": 28.685213497237424, "40": 27.28476604296886, "41": 23.184354347296484, "42": 18.318057338287982, "43": 25.362494119669716, "44": 24.470146705190782, "45": 22.590471460032898, "46": 20.40893363437783, "47": 21.620521869674384, "48": 22.454950962429333, "49": 23.373480203201765, "50": 22.21563446262636, "51": 19.29360138546812, "52": 20.39867319315916, "54": 12.901355439724217, "55": 13.868465790872484, "56": 12.305997774314987, "57": 16.659732418316587, "58": 24.728372124153275, "59": 26.74154302544637, "60": 26.922025863321217, "61": 26.2597962821533, "62": 25.739923954819112, "63": 27.98781335901089, "64": 26.39546840461886, "65": 30.311465886686648, "66": 26.823927131813416, "67": 23.322734949136322, "68": 32.67893047282163, "69": 28.57060925396909, "70": 31.1923768860137, "71": 26.345343910188763, "72": 24.52035053958614, "73": 25.419699836516955, "74": 22.80036415691297, "75": 24.89967469726532, "76": 25.987049846840012, "77": 28.700545545661775, "78": 26.64908052185784, "79": 31.352478225460967, "80": 19.432369532841165, "81": 26.5626998654132, "82": 20.982338456273364, "83": 29.368254764436475, "84": 24.702007055762795, "85": 21.612583270975303 } }, "geometry": { "type": "Polygon", "coordinates": [ [ [ 113.125, -24.375 ], [ 113.125, -24.875 ], [ 113.375, -24.875 ], [ 113.375, -25.375 ], [ 113.625, -25.375 ], [ 113.625, -25.875 ], [ 113.875, -25.875 ], [ 113.875, -26.125 ], [ 113.625, -26.125 ], [ 113.625, -26.375 ], [ 113.375, -26.375 ], [ 113.375, -27.125 ], [ 113.625, -27.125 ], [ 113.625, -27.875 ], [ 113.875, -27.875 ], [ 113.875, -28.125 ], [ 115.375, -28.125 ], [ 115.375, -27.875 ], [ 116.625, -27.875 ], [ 116.625, -26.625 ], [ 116.375, -26.625 ], [ 116.375, -25.875 ], [ 116.125, -25.875 ], [ 116.125, -25.625 ], [ 115.875, -25.625 ], [ 115.875, -25.375 ], [ 115.625, -25.375 ], [ 115.625, -25.625 ], [ 115.125, -25.625 ], [ 115.125, -25.375 ], [ 114.625, -25.375 ], [ 114.625, -25.125 ], [ 114.375, -25.125 ], [ 114.375, -24.875 ], [ 113.875, -24.875 ], [ 113.875, -24.625 ], [ 113.625, -24.625 ], [ 113.625, -24.375 ], [ 113.125, -24.375 ] ] ] } },
{ "type": "Feature", "properties": { "cluster_id": 54, "cohesion": 8.1167894613009128, "distances": { "1": 35.32564385584121, "2": 34.32141268488757, "3": 27.58029761902162, "4": 27.090862263002712, "5": 31.667225625209856, "6": 40.758113642614354, "7": 38.062045546257835, "8": 42.417497900634054, "9": 36.58939583100212, "10": 35.64790197043746, "11": 29.295783157722465, "12": 30.476402696458, "13": 32.45418225887856, "14": 35.33960864910133, "15": 35.20857959571272, "16": 41.679127963914844, "17": 37.29496620130875, "18": 32.217445064128526, "19": 28.52851179091105, "20": 33.51498298051692, "21": 31.656938962893335, "22": 25.39554149258402, "23": 24.434392575867253, "24": 24.27508772282436, "25": 24.925608598524985, "26": 26.372811253634076, "27": 25.272118674249004, "28": 23.180942275385256, "29": 23.530229759063776, "30": 25.6013532909473, "31": 24.61813017232577, "32": 25.6641954043968, "33": 25.444591144801308, "34": 23.84678658614757, "35": 25.466773838207605, "36": 25.876525877074368, "37": 28.70626985559816, "38": 26.830937018037453, "39": 28.766296084623193, "40": 27.147627812749736, "41": 26.145883708283787, "42": 23.979561483037834, "43": 24.790189924434728, "44": 22.736774997687498, "45": 24.96636920930701, "46": 22.59056711421923, "47": 23.85720497804026, "48": 22.79437095556854, "49": 23.939834032792863, "50": 22.627344409533013, "51": 24.14401990251338, "52": 23.521181549073294, "53": 12.901355439724218, "55": 16.002858240375282, "56": 19.42890532695342, "57": 21.472611003082974, "58": 22.42688842098842, "59": 25.06230718193281, "60": 23.1038387231227, "61": 24.891775090826297, "62": 23.98274450129476, "63": 25.816292148249946, "64": 24.60960379185083, "65": 27.133706882108307, "66": 24.62649898839623, "67": 21.272862022182274, "68": 27.595179027493398, "69": 24.96179338398738, "70": 27.51937536788488, "71": 26.14264475422572, "72": 25.192619109407683, "73": 24.258119830610735, "74": 21.786542621516517, "75": 23.756428472034433, "76": 24.563189605237234, "77": 27.632957041936688, "78": 27.446755284273834, "79": 31.355606517344615, "80": 12.819541141435856, "81": 21.977563625634744, "82": 17.93981440141343, "83": 27.97467661748584, "84": 25.163674193203597, "85": 21.19475918692246 } }, "geometry": { "type": "Polygon", "coordinates": [ [ [ 115.875, -20.625 ], [ 115.875, -20.875 ], [ 115.625, -20.875 ], [ 115.625, -21.125 ], [ 115.125, -21.125 ], [ 115.125, -21.375 ], [ 114.625, -21.375 ], [ 114.625, -21.625 ], [ 114.375, -21.625 ], [ 114.375, -21.875 ], [ 113.875, -21.875 ], [ 113.875, -22.125 ], [ 113.625, -22.125 ], [ 113.625, -22.375 ], [ 113.375, -22.375 ], [ 113.375, -23.625 ], [ 113.125, -23.625 ], [ 113.125, -24.375 ], [ 113.625, -24.375 ], [ 113.625, -24.625 ], [ 113.875, -24.625 ], [ 113.875, -24.875 ], [ 114.375, -24.875 ], [ 114.375, -25.125 ], [ 114.625, -25.125 ], [ 114.625, -25.375 ], [ 115.125, -25.375 ], [ 115.125, -25.625 ], [ 115.625, -25.625 ], [ 115.625, -25.375 ], [ 115.875, -25.375 ], [ 115.875, -25.625 ], [ 116.375, -25.625 ], [ 116.375, -25.375 ], [ 116.625, -25.375 ], [ 116.625, -25.125 ], [ 116.875, -25.125 ], [ 116.875, -24.625 ], [ 117.625, -24.625 ], [ 117.625, -24.375 ], [ 117.875, -24.375 ], [ 117.875, -24.125 ], [ 118.125, -24.125 ], [ 118.125, -23.875 ], [ 117.875, -23.875 ], [ 117.875, -23.625 ], [ 117.625, -23.625 ], [ 117.625, -23.375 ], [ 117.375, -23.375 ], [ 117.375, -22.875 ], [ 117.125, -22.875 ], [ 117.125, -22.625 ], [ 116.625, -22.625 ], [ 116.625, -22.375 ], [ 116.375, -22.375 ], [ 116.375, -22.125 ], [ 116.125, -22.125 ], [ 116.125, -21.125 ], [ 116.375, -21.125 ], [ 116.375, -20.625 ], [ 115.875, -20.625 ] ] ] } },
{ "type": "Feature", "properties": { "cluster_id": 55, "cohesion": 8.10687343078129, "distances": { "1": 40.89955502693178, "2": 39.17672841544051, "3": 33.12513630426837, "4": 33.52352255971382, "5": 37.3874408233728, "6": 43.438659890635385, "7": 40.031887859200204, "8": 43.88730662954569, "9": 39.59877321650269, "10": 36.840233648350534, "11": 31.87026796394165, "12": 34.40647350378519, "13": 30.88461959354181, "14": 34.60983286254669, "15": 35.73436282819945, "16": 41.673477413135, "17": 36.63759365612411, "18": 31.30982538137265, "19": 29.11549278650457, "20": 35.71671013294122, "21": 33.393197321698025, "22": 26.508819488582528, "23": 25.28050613985571, "24": 28.273449474070322, "25": 28.640261920127646, "26": 32.73042690888417, "27": 30.64587422845393, "28": 28.934659593527694, "29": 26.36818854961808, "30": 28.00378650242525, "31": 28.846557211710344, "32": 29.4007923483153, "33": 28.88415454970292, "34": 25.050153783088017, "35": 26.75374393337845, "36": 30.480055180122886, "37": 32.46679528236375, "38": 25.066634664950143, "39": 29.990789238304693, "40": 29.3488904697708, "41": 25.756120912130076, "42": 19.40355934210588, "43": 28.69156593141409, "44": 27.59092584235088, "45": 24.954875923593328, "46": 15.761887281550472, "47": 20.746277234359134, "48": 22.75170084039717, "49": 24.21088178790094, "50": 24.052061049382484, "51": 19.36897760740817, "52": 19.70321198301136, "53": 13.868465790872486, "54": 16.002858240375282, "56": 13.525807761234017, "57": 13.22666181797078, "58": 28.09278236720025, "59": 31.04272960526622, "60": 29.348685992151285, "61": 30.592240420895862, "62": 29.395175228207965, "63": 29.863107071694206, "64": 29.29932961225925, "65": 31.106701557571995, "66": 28.946118118705556, "67": 24.23219052174491, "68": 32.9663770966124, "69": 29.28645663707303, "70": 31.05659395713616, "71": 28.031581093936182, "72": 25.61114166398888, "73": 29.188236786140717, "74": 27.429736995080432, "75": 28.274174022731508, "76": 28.26264218284359, "77": 29.29711076000029, "78": 25.76084317349752, "79": 29.337310941055932, "80": 18.29398955355745, "81": 22.26742766326565, "82": 15.022104315971536, "83": 24.818220076810853, "84": 19.910827127424298, "85": 14.890800334362291 } }, "geometry": { "type": "Polygon", "coordinates": [ [ [ 119.125, -23.125 ], [ 119.125, -24.125 ], [ 117.875, -24.125 ], [ 117.875, -24.375 ], [ 117.625, -24.375 ], [ 117.625, -24.625 ], [ 116.875, -24.625 ], [ 116.875, -25.125 ], [ 116.625, -25.125 ], [ 116.625, -25.375 ], [ 116.375, -25.375 ], [ 116.375, -25.625 ], [ 116.125, -25.625 ], [ 116.125, -25.875 ], [ 116.375, -25.875 ], [ 116.375, -26.625 ], [ 116.625, -26.625 ], [ 116.625, -26.875 ], [ 117.375, -26.875 ], [ 117.375, -26.625 ], [ 117.625, -26.625 ], [ 117.625, -26.375 ], [ 118.125, -26.375 ], [ 118.125, -26.625 ], [ 118.375, -26.625 ], [ 118.375, -26.875 ], [ 118.875, -26.875 ], [ 118.875, -26.625 ], [ 119.375, -26.625 ], [ 119.375, -26.375 ], [ 119.625, -26.375 ], [ 119.625, -26.125 ], [ 120.375, -26.125 ], [ 120.375, -25.625 ], [ 120.625, -25.625 ], [ 120.625, -25.375 ], [ 120.875, -25.375 ], [ 120.875, -25.125 ], [ 122.875, -25.125 ], [ 122.875, -24.875 ], [ 124.625, -24.875 ], [ 124.625, -24.375 ], [ 123.125, -24.375 ], [ 123.125, -23.875 ], [ 121.875, -23.875 ], [ 121.875, -23.625 ], [ 121.625, -23.625 ], [ 121.625, -23.375 ], [ 121.125, -23.375 ], [ 121.125, -23.625 ], [ 120.125, -23.625 ], [ 120.125, -23.125 ], [ 119.125, -23.125 ] ] ] } },
{ "type": "Feature", "properties": { "cluster_id": 56, "cohesion": 6.6606489466712189, "distances": { "1": 42.94920744232563, "2": 40.76511772832966, "3": 33.365324185079906, "4": 35.524761795213074, "5": 38.72381510054778, "6": 45.787109549739945, "7": 42.94804518805387, "8": 46.60201845296362, "9": 41.09962449760186, "10": 38.85549219915189, "11": 33.12888154290693, "12": 35.420207394835614, "13": 35.27178936848518, "14": 37.28021059606758, "15": 39.99255540893264, "16": 44.472574917558234, "17": 40.085766027067386, "18": 36.6759669068374, "19": 35.10638400128163, "20": 37.48094993342985, "21": 36.52223776532597, "22": 30.781030989111965, "23": 26.54348555642346, "24": 32.15301963223777, "25": 32.35882152355488, "26": 35.74129433662331, "27": 33.93119436997011, "28": 30.249075266851086, "29": 27.619104491411584, "30": 30.37459794656227, "31": 31.784714256930947, "32": 31.915378422249027, "33": 32.61360595286151, "34": 27.691490532359797, "35": 29.65365284098037, "36": 28.38376828786297, "37": 30.201748387215915, "38": 17.444829342232655, "39": 25.299946256027052, "40": 24.3368266755136, "41": 18.757978462093728, "42": 11.356318381271942, "43": 24.27545432107537, "44": 25.667066060995438, "45": 20.74265690571439, "46": 20.17399464404734, "47": 21.84481639801276, "48": 24.586321354484678, "49": 26.014149545790776, "50": 23.07524379106928, "51": 15.724052810908335, "52": 18.576255465973848, "53": 12.305997774314987, "54": 19.428905326953423, "55": 13.525807761234018, "57": 13.912523704469539, "58": 28.26752594717666, "59": 29.599851615999615, "60": 29.927798424177485, "61": 29.81668417920248, "62": 29.760231716682124, "63": 30.970874033089654, "64": 30.103319310486462, "65": 34.00396003334816, "66": 31.22525020581836, "67": 26.560652567151077, "68": 36.53313994247773, "69": 31.280854801108465, "70": 34.36198125776667, "71": 29.236432116278987, "72": 27.127054141217393, "73": 30.193538600511364, "74": 28.0237996416927, "75": 29.68523643733478, "76": 29.420253597545816, "77": 30.88604654781681, "78": 28.036487309956645, "79": 32.10071254536484, "80": 23.51732193699299, "81": 29.69233849962688, "82": 23.51935852553685, "83": 30.627884504183637, "84": 25.32822638491912, "85": 23.075275998297453 } }, "geometry": { "type": "Polygon", "coordinates": [ [ [ 119.625, -26.125 ], [ 119.625, -26.375 ], [ 119.375, -26.375 ], [ 119.375, -26.625 ], [ 118.875, -26.625 ], [ 118.875, -26.875 ], [ 118.375, -26.875 ], [ 118.375, -26.625 ], [ 118.125, -26.625 ], [ 118.125, -26.375 ], [ 117.625, -26.375 ], [ 117.625, -26.625 ], [ 117.375, -26.625 ], [ 117.375, -26.875 ], [ 116.625, -26.875 ], [ 116.625, -27.875 ], [ 115.375, -27.875 ], [ 115.375, -28.125 ], [ 114.125, -28.125 ], [ 114.125, -28.625 ], [ 114.375, -28.625 ], [ 114.375, -28.875 ], [ 114.625, -28.875 ], [ 114.625, -29.125 ], [ 114.875, -29.125 ], [ 114.875, -29.625 ], [ 115.125, -29.625 ], [ 115.125, -30.125 ], [ 115.625, -30.125 ], [ 115.625, -29.875 ], [ 115.875, -29.875 ], [ 115.875, -29.375 ], [ 116.125, -29.375 ], [ 116.125, -29.625 ], [ 116.375, -29.625 ], [ 116.375, -29.375 ], [ 116.625, -29.375 ], [ 116.625, -28.375 ], [ 117.125, -28.375 ], [ 117.125, -28.625 ], [ 117.375, -28.625 ], [ 117.375, -28.875 ], [ 118.125, -28.875 ], [ 118.125, -28.625 ], [ 118.375, -28.625 ], [ 118.375, -28.375 ], [ 118.625, -28.375 ], [ 118.625, -28.125 ], [ 118.875, -28.125 ], [ 118.875, -27.875 ], [ 119.125, -27.875 ], [ 119.125, -27.625 ], [ 119.375, -27.625 ], [ 119.375, -27.125 ], [ 119.625, -27.125 ], [ 119.625, -26.875 ], [ 120.625, -26.875 ], [ 120.625, -26.125 ], [ 119.625, -26.125 ] ] ] } },
{ "type": "Feature", "properties": { "cluster_id": 57, "cohesion": 6.7610640230242138, "distances": { "1": 45.89020713414093, "2": 44.27605581934023, "3": 36.63024429659987, "4": 37.9425484537532, "5": 41.81257809835498, "6": 49.25765515819195, "7": 46.041464672744056, "8": 49.74202909066113, "9": 44.5430315753799, "10": 41.4102100718967, "11": 35.420865747465754, "12": 38.58331409077899, "13": 35.73514727286796, "14": 38.371894324142666, "15": 42.09617350544983, "16": 46.83376785465149, "17": 41.631860799330966, "18": 37.43334636723069, "19": 36.52167776490117, "20": 40.78018107124595, "21": 39.14396506814596, "22": 32.76055415560623, "23": 29.399901070805615, "24": 30.69544024870283, "25": 29.578438609858267, "26": 35.43830974922419, "27": 31.938150635615678, "28": 28.560122892773805, "29": 23.673372724629132, "30": 26.8049997196275, "31": 29.987082615359174, "32": 29.435846569730177, "33": 28.93316528278198, "34": 21.89260212239313, "35": 24.46055827559105, "36": 32.251419313740186, "37": 35.008476066673076, "38": 24.261608126029213, "39": 30.993061907544657, "40": 29.376245030257778, "41": 22.382966178135227, "42": 16.030605848048996, "43": 27.758971103549005, "44": 25.755225524171905, "45": 19.35291751195257, "46": 12.713056166543945, "47": 17.816383047619368, "48": 18.806252765169585, "49": 21.12488965699747, "50": 19.473425077621737, "51": 11.202662113861031, "52": 12.766140359617335, "53": 16.659732418316587, "54": 21.47261100308297, "55": 13.22666181797078, "56": 13.912523704469539, "58": 30.223423582242134, "59": 32.75044221464196, "60": 32.46106243231137, "61": 32.88940642283463, "62": 31.85056210714904, "63": 33.05203165312849, "64": 32.399448804746896, "65": 35.33729600175427, "66": 31.761344827551575, "67": 27.738686637132954, "68": 37.14485853730313, "69": 32.87921949351533, "70": 35.72121417188326, "71": 28.271354346309955, "72": 24.049423023148275, "73": 30.83948903901591, "74": 28.408441716022732, "75": 28.81124637270541, "76": 29.670442769986103, "77": 31.34888515759877, "78": 26.133898080730372, "79": 31.665067100836186, "80": 25.385301559478336, "81": 30.215466310616723, "82": 22.839694630622155, "83": 29.559849178325127, "84": 21.682442098631974, "85": 19.153217750846327 } }, "geometry": { "type": "Polygon", "coordinates": [ [ [ 122.875, -24.875 ], [ 122.875, -25.125 ], [ 120.875, -25.125 ], [ 120.875, -25.375 ], [ 120.625, -25.375 ], [ 120.625, -25.625 ], [ 120.375, -25.625 ], [ 120.375, -26.125 ], [ 120.625, -26.125 ], [ 120.625, -26.375 ], [ 121.125, -26.375 ], [ 121.125, -26.125 ], [ 121.625, -26.125 ], [ 121.625, -26.625 ], [ 121.875, -26.625 ], [ 121.875, -26.875 ], [ 123.125, -26.875 ], [ 123.125, -27.125 ], [ 123.875, -27.125 ], [ 123.875, -26.875 ], [ 124.375, -26.875 ], [ 124.375, -26.625 ], [ 125.375, -26.625 ], [ 125.375, -26.375 ], [ 125.875, -26.375 ], [ 125.875, -26.125 ], [ 126.375, -26.125 ], [ 126.375, -26.375 ], [ 126.875, -26.375 ], [ 126.875, -26.125 ], [ 127.625, -26.125 ], [ 127.625, -25.875 ], [ 127.375, -25.875 ], [ 127.375, -25.625 ], [ 125.875, -25.625 ], [ 125.875, -25.375 ], [ 125.625, -25.375 ], [ 125.625, -25.125 ], [ 124.625, -25.125 ], [ 124.625, -24.875 ], [ 122.875, -24.875 ] ] ] } },
{ "type": "Feature", "properties": { "cluster_id": 58, "cohesion": 8.4063454065380139, "distances": { "1": 29.003696324542698, "2": 25.866006045811915, "3": 16.88045624828213, "4": 21.302334871668332, "5": 23.64213718237398, "6": 35.16836782301341, "7": 33.32908832557823, "8": 36.92904933603108, "9": 27.476824845668347, "10": 28.433269008409088, "11": 19.543524576198617, "12": 19.010019682191576, "13": 30.94209513021314, "14": 30.956982243114368, "15": 32.79625982381021, "16": 36.75242028543187, "17": 33.80055600657687, "18": 31.533955653598678, "19": 30.597207583681186, "20": 28.70609254632048, "21": 28.127112179651352, "22": 25.891203702031202, "23": 22.73035039205073, "24": 27.700776534880234, "25": 29.071358561264855, "26": 28.240640709314356, "27": 28.6117354319786, "28": 25.58757071929047, "29": 28.39762761137044, "30": 26.28544323706171, "31": 25.748686613927713, "32": 25.11626202578906, "33": 29.638159081933658, "34": 29.70515901509906, "35": 29.32485376290439, "36": 25.142032875377367, "37": 27.09296898825139, "38": 28.73291749684914, "39": 27.70042101195915, "40": 27.192825260168902, "41": 29.93772967881523, "42": 30.05278656796689, "43": 25.721667505672787, "44": 24.210576107389635, "45": 28.33186457727858, "46": 28.844067368454017, "47": 27.124834711774856, "48": 28.083894753831828, "49": 27.332291389059257, "50": 26.78529676238645, "51": 30.459228071719963, "52": 28.258975400630515, "53": 24.728372124153275, "54": 22.426888420988423, "55": 28.09278236720025, "56": 28.267525947176654, "57": 30.22342358224213, "59": 12.442384005295647, "60": 12.392993651509274, "61": 16.322976416393143, "62": 11.88144867791221, "63": 14.740351788459419, "64": 20.334872274187738, "65": 27.12502394520473, "66": 24.66722800503264, "67": 21.213426207606897, "68": 29.7311173832621, "69": 26.417398425033177, "70": 29.008258355937485, "71": 23.579534025112594, "72": 26.27196795393997, "73": 21.174926866557133, "74": 15.895770825189869, "75": 19.622458195531706, "76": 17.834455735720272, "77": 22.077005506489698, "78": 27.48585718539616, "79": 29.308709320063482, "80": 22.592879823849216, "81": 28.81415261046816, "82": 27.610973097005967, "83": 29.70248096021697, "84": 28.652929334886863, "85": 28.85275925394233 } }, "geometry": { "type": "MultiPolygon", "coordinates": [ [ [ [ 150.375, -23.625 ], [ 150.375, -23.875 ], [ 150.625, -23.875 ], [ 150.625, -24.375 ], [ 150.375, -24.375 ], [ 150.375, -24.125 ], [ 150.125, -24.125 ], [ 150.125, -23.625 ], [ 150.375, -23.625 ] ] ], [ [ [ 149.875, -23.625 ], [ 149.875, -23.375 ], [ 149.125, -23.375 ], [ 149.125, -23.625 ], [ 147.875, -23.625 ], [ 147.875, -24.125 ], [ 147.375, -24.125 ], [ 147.375, -23.875 ], [ 147.125, -23.875 ], [ 147.125, -23.375 ], [ 146.875, -23.375 ], [ 146.875, -22.875 ], [ 146.625, -22.875 ], [ 146.625, -22.625 ], [ 146.375, -22.625 ], [ 146.375, -22.875 ], [ 146.125, -22.875 ], [ 146.125, -23.625 ], [ 146.375, -23.625 ], [ 146.375, -24.125 ], [ 145.625, -24.125 ], [ 145.625, -23.875 ], [ 145.125, -23.875 ], [ 145.125, -23.625 ], [ 144.875, -23.625 ], [ 144.875, -23.375 ], [ 144.625, -23.375 ], [ 144.625, -23.125 ], [ 143.875, -23.125 ], [ 143.875, -22.375 ], [ 143.625, -22.375 ], [ 143.625, -21.625 ], [ 143.875, -21.625 ], [ 143.875, -21.375 ], [ 144.375, -21.375 ], [ 144.375, -21.625 ], [ 144.875, -21.625 ], [ 144.875, -21.125 ], [ 144.625, -21.125 ], [ 144.625, -19.875 ], [ 146.125, -19.875 ], [ 146.125, -19.375 ], [ 146.625, -19.375 ], [ 146.625, -19.625 ], [ 146.875, -19.625 ], [ 146.875, -19.875 ], [ 147.125, -19.875 ], [ 147.125, -20.125 ], [ 147.375, -20.125 ], [ 147.375, -20.375 ], [ 147.625, -20.375 ], [ 147.625, -20.625 ], [ 147.875, -20.625 ], [ 147.875, -21.375 ], [ 148.875, -21.375 ], [ 148.875, -21.625 ], [ 149.125, -21.625 ], [ 149.125, -21.875 ], [ 149.625, -21.875 ], [ 149.625, -22.125 ], [ 149.875, -22.125 ], [ 149.875, -22.375 ], [ 150.125, -22.375 ], [ 150.125, -22.625 ], [ 150.375, -22.625 ], [ 150.375, -23.375 ], [ 150.125, -23.375 ], [ 150.125, -23.625 ], [ 149.875, -23.625 ] ] ] ] } },
{ "type": "Feature", "properties": { "cluster_id": 59, "cohesion": 6.0717072467165929, "distances": { "1": 26.315591499920167, "2": 23.9243400364208, "3": 14.111879968457375, "4": 20.4004018454748, "5": 20.92665810433737, "6": 33.451169998798825, "7": 33.045606425743586, "8": 36.62268697375275, "9": 26.694826989394475, "10": 29.42249174910759, "11": 21.798440564144883, "12": 19.033267953905483, "13": 33.36650685400579, "14": 32.718577834807846, "15": 33.853790947641215, "16": 37.17588154623092, "17": 35.05070723954182, "18": 33.779957410130635, "19": 32.438940042271, "20": 26.64632683566157, "21": 28.264159111094987, "22": 27.307832340320566, "23": 22.05561368242818, "24": 30.50254957537218, "25": 31.797415947552455, "26": 28.717756937124417, "27": 30.273936301538356, "28": 26.501724595292934, "29": 30.54203330589555, "30": 30.84248511486299, "31": 29.452469297601795, "32": 29.68045774403487, "33": 33.0048880931855, "34": 33.21519662485447, "35": 33.278652739767956, "36": 23.255029921640816, "37": 24.223889365271962, "38": 27.203994725113574, "39": 24.814041088953243, "40": 25.250885761207567, "41": 29.18968446287724, "42": 30.485396738967694, "43": 24.15030119383618, "44": 24.03456400264504, "45": 28.867100213792256, "46": 32.33303297016259, "47": 30.368781561069216, "48": 31.945310707719003, "49": 31.519034568845075, "50": 28.73031189950762, "51": 32.03555178002811, "52": 30.308908574723247, "53": 26.74154302544637, "54": 25.062307181932812, "55": 31.04272960526622, "56": 29.599851615999615, "57": 32.750442214641964, "58": 12.442384005295647, "60": 12.979593942041259, "61": 13.270075168766146, "62": 15.30194980698765, "63": 18.65072342684784, "64": 20.600933883910635, "65": 28.450387506592094, "66": 26.74576508266114, "67": 23.507323345057323, "68": 30.142940677034264, "69": 25.75195339930597, "70": 29.777750452508215, "71": 27.061752738548794, "72": 30.23497157749684, "73": 23.52596992033455, "74": 20.7188308845263, "75": 24.279831808727128, "76": 22.0138249136836, "77": 25.48175787866418, "78": 31.023060835743127, "79": 31.99096309880994, "80": 25.070383785231375, "81": 31.362567866806792, "82": 31.07350920853777, "83": 32.92839973146833, "84": 32.2938324685567, "85": 32.37017852915527 } }, "geometry": { "type": "MultiPolygon", "coordinates": [ [ [ [ 150.625, -22.125 ], [ 150.625, -22.375 ], [ 150.875, -22.375 ], [ 150.875, -22.625 ], [ 151.125, -22.625 ], [ 151.125, -23.375 ], [ 151.375, -23.375 ], [ 151.375, -23.625 ], [ 151.875, -23.625 ], [ 151.875, -23.875 ], [ 152.125, -23.875 ], [ 152.125, -24.125 ], [ 152.375, -24.125 ], [ 152.375, -24.375 ], [ 151.625, -24.375 ], [ 151.625, -24.125 ], [ 150.875, -24.125 ], [ 150.875, -24.625 ], [ 150.625, -24.625 ], [ 150.625, -23.875 ], [ 150.375, -23.875 ], [ 150.375, -23.625 ], [ 150.125, -23.625 ], [ 150.125, -23.375 ], [ 150.375, -23.375 ], [ 150.375, -22.625 ], [ 150.125, -22.625 ], [ 150.125, -22.375 ], [ 149.875, -22.375 ], [ 149.875, -22.125 ], [ 150.625, -22.125 ] ] ], [ [ [ 149.625, -22.125 ], [ 149.625, -21.875 ], [ 149.125, -21.875 ], [ 149.125, -21.625 ], [ 148.875, -21.625 ], [ 148.875, -21.375 ], [ 147.875, -21.375 ], [ 147.875, -20.625 ], [ 147.625, -20.625 ], [ 147.625, -20.375 ], [ 148.125, -20.375 ], [ 148.125, -20.625 ], [ 148.375, -20.625 ], [ 148.375, -20.375 ], [ 148.625, -20.375 ], [ 148.625, -20.625 ], [ 148.875, -20.625 ], [ 148.875, -20.875 ], [ 149.375, -20.875 ], [ 149.375, -21.125 ], [ 149.625, -21.125 ], [ 149.625, -21.625 ], [ 149.875, -21.625 ], [ 149.875, -22.125 ], [ 149.625, -22.125 ] ] ] ] } },
{ "type": "Feature", "properties": { "cluster_id": 60, "cohesion": 7.381954378380934, "distances": { "1": 22.012719894294683, "2": 20.324890862999617, "3": 11.155790032077544, "4": 13.886181477375425, "5": 16.40601394361672, "6": 31.452872850859016, "7": 30.924840742853917, "8": 34.757407245204604, "9": 24.75986825347281, "10": 28.029350059524727, "11": 20.569007157771125, "12": 16.89464147716722, "13": 31.155828481150245, "14": 31.363416573443526, "15": 31.336424061920773, "16": 35.61503808678296, "17": 33.23563789042569, "18": 31.077264830199937, "19": 29.339941092479716, "20": 25.5242408419901, "21": 26.171426344524786, "22": 25.303730431330187, "23": 22.03050299056363, "24": 28.646626190557093, "25": 29.465570635128973, "26": 26.299584083803268, "27": 27.936810511302713, "28": 25.111567529894664, "29": 29.17397142157867, "30": 30.16975938206179, "31": 28.94374151974191, "32": 29.287892414713088, "33": 30.885251484320115, "34": 31.41433581302323, "35": 31.94199053311893, "36": 23.10892463349673, "37": 24.132377739310396, "38": 28.813467270770136, "39": 25.978729522414255, "40": 26.16960693625593, "41": 30.398463136356373, "42": 31.40567607538559, "43": 25.13341219916122, "44": 24.31453970076724, "45": 29.886532455752704, "46": 31.25769278004724, "47": 29.878831015161587, "48": 30.657881029525, "49": 30.512171578363894, "50": 28.495022582085017, "51": 32.67110131085179, "52": 30.505974055802863, "53": 26.922025863321217, "54": 23.103838723122696, "55": 29.34868599215129, "56": 29.927798424177485, "57": 32.46106243231137, "58": 12.392993651509277, "59": 12.979593942041259, "61": 19.375713067919555, "62": 17.653530484340774, "63": 18.387731550139037, "64": 23.09505936703196, "65": 27.78531524222248, "66": 27.201040578283674, "67": 22.6596530611538, "68": 27.368321394595984, "69": 23.47302312371405, "70": 27.900469674564956, "71": 26.935042484286605, "72": 29.626197597240868, "73": 25.625324148783168, "74": 21.87214130691263, "75": 24.64040070112759, "76": 21.803664776332198, "77": 24.645152431584055, "78": 30.13304756502202, "79": 30.91797158775097, "80": 21.925362333977894, "81": 27.872299704616086, "82": 27.82675563182917, "83": 30.604033360061234, "84": 30.54976316343462, "85": 29.951739895343426 } }, "geometry": { "type": "MultiPolygon", "coordinates": [ [ [ [ 144.125, -19.625 ], [ 144.125, -19.875 ], [ 144.625, -19.875 ], [ 144.625, -21.125 ], [ 144.875, -21.125 ], [ 144.875, -21.625 ], [ 144.375, -21.625 ], [ 144.375, -20.875 ], [ 144.125, -20.875 ], [ 144.125, -20.625 ], [ 143.875, -20.625 ], [ 143.875, -20.375 ], [ 143.625, -20.375 ], [ 143.625, -19.625 ], [ 144.125, -19.625 ] ] ], [ [ [ 147.625, -20.375 ], [ 147.375, -20.375 ], [ 147.375, -20.125 ], [ 147.625, -20.125 ], [ 147.625, -20.375 ] ] ], [ [ [ 147.125, -19.875 ], [ 146.875, -19.875 ], [ 146.875, -19.625 ], [ 146.625, -19.625 ], [ 146.625, -19.375 ], [ 146.125, -19.375 ], [ 146.125, -19.875 ], [ 145.875, -19.875 ], [ 145.875, -19.625 ], [ 145.625, -19.625 ], [ 145.625, -19.375 ], [ 145.375, -19.375 ], [ 145.375, -19.125 ], [ 145.125, -19.125 ], [ 145.125, -18.375 ], [ 145.375, -18.375 ], [ 145.375, -18.625 ], [ 145.875, -18.625 ], [ 145.875, -18.875 ], [ 146.125, -18.875 ], [ 146.125, -19.125 ], [ 146.875, -19.125 ], [ 146.875, -19.375 ], [ 147.125, -19.375 ], [ 147.125, -19.625 ], [ 147.375, -19.625 ], [ 147.375, -20.125 ], [ 147.125, -20.125 ], [ 147.125, -19.875 ] ] ] ] } },
{ "type": "Feature", "properties": { "cluster_id": 61, "cohesion": 6.6604437017141844, "distances": { "1": 28.721108405833583, "2": 25.642919415960847, "3": 20.263948919883354, "4": 24.26229876213279, "5": 25.004302573483514, "6": 32.25257091114055, "7": 31.064019779265426, "8": 34.01299886577849, "9": 26.260457314798447, "10": 27.222698677688832, "11": 21.30524482063729, "12": 20.869594688222335, "13": 30.69202034801606, "14": 29.993854896910186, "15": 31.644947387914897, "16": 34.13788795313837, "17": 32.1260415027123, "18": 31.207986570891872, "19": 30.189438355321002, "20": 26.329189483130914, "21": 26.951952366606054, "22": 25.706436169212154, "23": 22.017381332297877, "24": 26.19830374626715, "25": 29.962907027968072, "26": 27.725497789498952, "27": 29.70336952584114, "28": 28.387289106410574, "29": 32.398644314797444, "30": 28.49887118616774, "31": 24.918048675736713, "32": 25.96500439981128, "33": 31.432187952461174, "34": 33.76250957499426, "35": 32.06051706457048, "36": 24.53083327703423, "37": 25.260422163162538, "38": 28.796747772785384, "39": 26.187947706664236, "40": 27.555287891896388, "41": 32.12043414722166, "42": 31.90865491861434, "43": 26.983441126648692, "44": 27.215500202484474, "45": 31.565127325465056, "46": 31.353926833708595, "47": 29.67363710836435, "48": 32.3264668553655, "49": 31.094225576255212, "50": 30.942996408524046, "51": 33.419877059262625, "52": 31.15738660096277, "53": 26.2597962821533, "54": 24.891775090826297, "55": 30.592240420895866, "56": 29.81668417920248, "57": 32.88940642283463, "58": 16.322976416393146, "59": 13.270075168766148, "60": 19.375713067919555, "62": 12.826501223482976, "63": 16.936007998518, "64": 11.747838578593797, "65": 21.36752557937724, "66": 19.31751295440063, "67": 18.365306868277976, "68": 27.397055564131197, "69": 23.762762970705346, "70": 24.567277879770515, "71": 24.63000725400944, "72": 28.828067732680125, "73": 16.692875579924124, "74": 18.149805854074447, "75": 21.07297817697156, "76": 20.060606249404675, "77": 23.3535454742381, "78": 28.92811395208716, "79": 29.42786797564913, "80": 24.06703813809819, "81": 29.322897690680186, "82": 29.63490734844771, "83": 30.528518367089898, "84": 30.4294403254047, "85": 30.839602019449146 } }, "geometry": { "type": "Polygon", "coordinates": [ [ [ 150.875, -24.125 ], [ 150.875, -24.625 ], [ 151.375, -24.625 ], [ 151.375, -24.875 ], [ 151.625, -24.875 ], [ 151.625, -25.875 ], [ 151.375, -25.875 ], [ 151.375, -26.625 ], [ 151.875, -26.625 ], [ 151.875, -26.375 ], [ 152.875, -26.375 ], [ 152.875, -26.625 ], [ 153.125, -26.625 ], [ 153.125, -28.125 ], [ 153.375, -28.125 ], [ 153.375, -27.625 ], [ 153.625, -27.625 ], [ 153.625, -26.375 ], [ 153.375, -26.375 ], [ 153.375, -26.125 ], [ 153.625, -26.125 ], [ 153.625, -25.875 ], [ 153.375, -25.875 ], [ 153.375, -25.375 ], [ 153.125, -25.375 ], [ 153.125, -25.125 ], [ 152.875, -25.125 ], [ 152.875, -24.875 ], [ 152.625, -24.875 ], [ 152.625, -24.625 ], [ 152.375, -24.625 ], [ 152.375, -24.375 ], [ 151.625, -24.375 ], [ 151.625, -24.125 ], [ 150.875, -24.125 ] ] ] } },
{ "type": "Feature", "properties": { "cluster_id": 62, "cohesion": 8.2568702580574698, "distances": { "1": 30.913873672962072, "2": 26.9992283894685, "3": 20.69468281959015, "4": 24.700402703375026, "5": 26.428148257423956, "6": 34.40437130402242, "7": 32.038121526190544, "8": 35.18162983023368, "9": 27.07888866492346, "10": 26.929230820692073, "11": 19.068968618052576, "12": 20.13089815869373, "13": 29.532724091059972, "14": 29.35272504343439, "15": 31.584472230130572, "16": 34.82238513473769, "17": 32.04931365172925, "18": 30.22932530002847, "19": 29.917866443373217, "20": 28.65235750162445, "21": 27.503313527579188, "22": 25.549212927917637, "23": 23.225006206967162, "24": 26.93500160262805, "25": 30.19908910168585, "26": 29.628581462403464, "27": 30.40381828352354, "28": 28.703209044304227, "29": 31.586436136949597, "30": 26.111737441511067, "31": 24.30908340565519, "32": 23.790741482541318, "33": 30.819871973157216, "34": 32.11086215236897, "35": 30.56385497312934, "36": 27.274593213343625, "37": 28.872009910829107, "38": 30.80240264845533, "39": 29.584231537444552, "40": 29.7768822248587, "41": 33.099029222390776, "42": 32.30803651442352, "43": 28.78817515146148, "44": 27.730615158201953, "45": 31.47358337640697, "46": 29.693813618790777, "47": 27.880023426982966, "48": 30.028157357071976, "49": 28.55712313791203, "50": 29.789775098041673, "51": 32.81624014054573, "52": 30.338416852838144, "53": 25.739923954819112, "54": 23.982744501294764, "55": 29.395175228207965, "56": 29.760231716682124, "57": 31.850562107149035, "58": 11.881448677912209, "59": 15.301949806987652, "60": 17.653530484340777, "61": 12.826501223482975, "63": 12.444447425663457, "64": 15.828222899868894, "65": 24.107048258843886, "66": 21.40807082181779, "67": 19.12710651731343, "68": 29.859844685848252, "69": 26.816812074287864, "70": 27.35195078841207, "71": 22.465460145237167, "72": 26.428134297789633, "73": 17.298849026654832, "74": 13.375365863302635, "75": 17.489769932720414, "76": 16.214392311664238, "77": 20.77792042319111, "78": 26.816818931254247, "79": 28.061193102670487, "80": 23.55001782072541, "81": 28.76092751347397, "82": 28.12095527774001, "83": 28.81023841357982, "84": 28.488040807871748, "85": 29.222106521678207 } }, "geometry": { "type": "MultiPolygon", "coordinates": [ [ [ [ 148.375, -25.375 ], [ 148.125, -25.375 ], [ 148.125, -25.125 ], [ 148.375, -25.125 ], [ 148.375, -25.375 ] ] ], [ [ [ 147.625, -24.875 ], [ 148.125, -24.875 ], [ 148.125, -25.125 ], [ 147.625, -25.125 ], [ 147.625, -24.875 ] ] ], [ [ [ 146.375, -23.625 ], [ 146.125, -23.625 ], [ 146.125, -22.875 ], [ 146.375, -22.875 ], [ 146.375, -22.625 ], [ 146.625, -22.625 ], [ 146.625, -22.875 ], [ 146.875, -22.875 ], [ 146.875, -23.375 ], [ 147.125, -23.375 ], [ 147.125, -23.875 ], [ 147.375, -23.875 ], [ 147.375, -24.125 ], [ 147.875, -24.125 ], [ 147.875, -23.625 ], [ 149.125, -23.625 ], [ 149.125, -23.375 ], [ 149.875, -23.375 ], [ 149.875, -23.625 ], [ 150.125, -23.625 ], [ 150.125, -24.125 ], [ 150.375, -24.125 ], [ 150.375, -24.375 ], [ 150.625, -24.375 ], [ 150.625, -24.625 ], [ 151.375, -24.625 ], [ 151.375, -24.875 ], [ 151.625, -24.875 ], [ 151.625, -25.875 ], [ 151.375, -25.875 ], [ 151.375, -26.625 ], [ 151.125, -26.625 ], [ 151.125, -26.375 ], [ 149.125, -26.375 ], [ 149.125, -26.125 ], [ 148.875, -26.125 ], [ 148.875, -25.875 ], [ 149.125, -25.875 ], [ 149.125, -25.625 ], [ 148.375, -25.625 ], [ 148.375, -25.375 ], [ 149.875, -25.375 ], [ 149.875, -24.625 ], [ 148.875, -24.625 ], [ 148.875, -24.375 ], [ 148.625, -24.375 ], [ 148.625, -23.875 ], [ 148.125, -23.875 ], [ 148.125, -24.625 ], [ 147.375, -24.625 ], [ 147.375, -24.375 ], [ 146.875, -24.375 ], [ 146.875, -24.875 ], [ 147.125, -24.875 ], [ 147.125, -25.125 ], [ 146.375, -25.125 ], [ 146.375, -25.375 ], [ 146.125, -25.375 ], [ 146.125, -24.625 ], [ 145.875, -24.625 ], [ 145.875, -24.375 ], [ 145.625, -24.375 ], [ 145.625, -24.125 ], [ 146.375, -24.125 ], [ 146.375, -23.625 ] ] ], [ [ [ 145.375, -23.875 ], [ 145.625, -23.875 ], [ 145.625, -24.125 ], [ 145.375, -24.125 ], [ 145.375, -23.875 ] ] ] ] } },
{ "type": "Feature", "properties": { "cluster_id": 63, "cohesion": 8.485408749201591, "distances": { "1": 28.598602183393123, "2": 24.311558010070918, "3": 19.86981964050011, "4": 23.777008457291505, "5": 24.789586904880867, "6": 30.52450208081176, "7": 27.668913111147322, "8": 29.908674635105957, "9": 21.94712192401318, "10": 20.21975073426119, "11": 12.17710188564095, "12": 15.539635448631229, "13": 24.206967921195847, "14": 22.871124649340107, "15": 27.06968121237585, "16": 28.468531115239927, "17": 26.103664378304195, "18": 25.42473606262666, "19": 26.661612145371134, "20": 25.914561455161383, "21": 24.03356803196789, "22": 23.32300488239769, "23": 22.119436960244396, "24": 28.921592332210828, "25": 32.701258299769506, "26": 32.09828141878275, "27": 33.2766107827207, "28": 31.836241385200875, "29": 34.58892184209271, "30": 27.80514517852422, "31": 27.741462425308338, "32": 26.646681292680423, "33": 33.641692445768896, "34": 34.72499434876, "35": 32.739861002639664, "36": 26.967976421434564, "37": 28.465210252341407, "38": 31.479076161965025, "39": 29.633270372049225, "40": 29.98156758758994, "41": 34.80572971988904, "42": 33.596855795064535, "43": 30.108845182160668, "44": 30.327112275779836, "45": 33.71233087567423, "46": 29.60205595756124, "47": 27.373000879608597, "48": 32.012219340060284, "49": 29.781409808545273, "50": 32.43082392279723, "51": 34.72803284457631, "52": 31.598857755437596, "53": 27.98781335901089, "54": 25.81629214824995, "55": 29.863107071694202, "56": 30.970874033089654, "57": 33.052031653128495, "58": 14.740351788459419, "59": 18.65072342684784, "60": 18.387731550139037, "61": 16.936007998518, "62": 12.444447425663455, "64": 18.03503521697573, "65": 24.90804081902002, "66": 23.80459168386497, "67": 19.42223217393622, "68": 30.983671148866325, "69": 26.744469344168753, "70": 27.220223996772525, "71": 20.365227925092835, "72": 26.135102448465958, "73": 20.88581647435712, "74": 18.7560543528948, "75": 19.615248600764215, "76": 13.320995143007172, "77": 15.197236131137446, "78": 23.808684415130912, "79": 23.042603368494266, "80": 23.304042674603096, "81": 26.715676114675414, "82": 26.87485604334773, "83": 24.769371862418573, "84": 26.047025613127673, "85": 27.859823665359464 } }, "geometry": { "type": "MultiPolygon", "coordinates": [ [ [ [ 148.625, -23.875 ], [ 148.625, -24.375 ], [ 148.875, -24.375 ], [ 148.875, -24.625 ], [ 149.875, -24.625 ], [ 149.875, -25.375 ], [ 148.375, -25.375 ], [ 148.375, -25.125 ], [ 148.125, -25.125 ], [ 148.125, -24.875 ], [ 147.625, -24.875 ], [ 147.625, -25.125 ], [ 147.125, -25.125 ], [ 147.125, -24.875 ], [ 146.875, -24.875 ], [ 146.875, -24.375 ], [ 147.375, -24.375 ], [ 147.375, -24.625 ], [ 148.125, -24.625 ], [ 148.125, -23.875 ], [ 148.625, -23.875 ] ] ], [ [ [ 143.875, -22.375 ], [ 143.875, -23.125 ], [ 144.625, -23.125 ], [ 144.625, -23.375 ], [ 144.875, -23.375 ], [ 144.875, -23.625 ], [ 145.125, -23.625 ], [ 145.125, -23.875 ], [ 145.375, -23.875 ], [ 145.375, -24.125 ], [ 145.625, -24.125 ], [ 145.625, -24.375 ], [ 145.875, -24.375 ], [ 145.875, -24.625 ], [ 146.125, -24.625 ], [ 146.125, -25.125 ], [ 144.125, -25.125 ], [ 144.125, -24.625 ], [ 143.875, -24.625 ], [ 143.875, -24.125 ], [ 143.625, -24.125 ], [ 143.625, -23.875 ], [ 143.375, -23.875 ], [ 143.375, -23.625 ], [ 143.125, -23.625 ], [ 143.125, -23.375 ], [ 142.875, -23.375 ], [ 142.875, -23.125 ], [ 143.125, -23.125 ], [ 143.125, -22.875 ], [ 143.375, -22.875 ], [ 143.375, -22.375 ], [ 143.875, -22.375 ] ] ] ] } },
{ "type": "Feature", "properties": { "cluster_id": 64, "cohesion": 8.1378678342155606, "distances": { "1": 30.063771979800567, "2": 27.137147966320633, "3": 24.34051014696165, "4": 26.127575623945646, "5": 27.544475821906417, "6": 31.586811621610963, "7": 29.45783244733223, "8": 32.16090840774704, "9": 26.778162422538408, "10": 26.03516860676253, "11": 21.893317164424463, "12": 23.159167892058644, "13": 27.31642688175508, "14": 27.37360207896016, "15": 29.122490470239068, "16": 31.57542276963964, "17": 29.13156525903243, "18": 27.93458707898574, "19": 27.1393453834223, "20": 26.385632238656353, "21": 25.618788387193746, "22": 23.753525414085004, "23": 22.260216505957573, "24": 21.492452511832248, "25": 27.164422402148208, "26": 26.62905261807246, "27": 28.469561613067444, "28": 29.51115964131279, "29": 33.07889811635926, "30": 25.800938051698473, "31": 20.813259033111276, "32": 22.693608152226425, "33": 28.839231885892897, "34": 32.880327708659934, "35": 29.646176815888847, "36": 25.600375531439926, "37": 26.47999025726496, "38": 30.65245705790645, "39": 27.944181421561566, "40": 29.63110924581972, "41": 34.546022412771265, "42": 33.10062128253775, "43": 29.56223761941926, "44": 29.86208476907819, "45": 33.77458956807212, "46": 29.375377620906878, "47": 28.28539152998747, "48": 31.491557137636217, "49": 29.596064816498515, "50": 32.402299502032804, "51": 34.34413972575994, "52": 31.419129297371338, "53": 26.39546840461886, "54": 24.609603791850827, "55": 29.29932961225925, "56": 30.103319310486462, "57": 32.39944880474689, "58": 20.33487227418774, "59": 20.60093388391063, "60": 23.09505936703196, "61": 11.747838578593793, "62": 15.828222899868894, "63": 18.03503521697573, "65": 15.156906470630355, "66": 13.145209120274274, "67": 13.667429681425642, "68": 24.6797958360684, "69": 22.120283175390004, "70": 19.751521127390426, "71": 22.80114742081877, "72": 26.858096102104955, "73": 13.292457462157511, "74": 18.67210720040846, "75": 19.548019471281574, "76": 19.78695548778425, "77": 22.034829447690097, "78": 26.25853181819506, "79": 26.456788595907835, "80": 22.49829771315238, "81": 26.147911028287652, "82": 26.85910348482988, "83": 27.057234739157767, "84": 27.357771595883055, "85": 27.94808293215547 } }, "geometry": { "type": "MultiPolygon", "coordinates": [ [ [ [ 152.875, -31.125 ], [ 152.625, -31.125 ], [ 152.625, -30.875 ], [ 152.875, -30.875 ], [ 152.875, -31.125 ] ] ], [ [ [ 151.625, -30.125 ], [ 151.375, -30.125 ], [ 151.375, -29.875 ], [ 151.625, -29.875 ], [ 151.625, -30.125 ] ] ], [ [ [ 151.625, -29.875 ], [ 151.625, -29.375 ], [ 151.875, -29.375 ], [ 151.875, -29.875 ], [ 151.625, -29.875 ] ] ], [ [ [ 151.625, -26.875 ], [ 151.625, -26.625 ], [ 151.875, -26.625 ], [ 151.875, -26.375 ], [ 152.875, -26.375 ], [ 152.875, -26.625 ], [ 153.125, -26.625 ], [ 153.125, -28.125 ], [ 153.375, -28.125 ], [ 153.375, -27.625 ], [ 153.875, -27.625 ], [ 153.875, -29.125 ], [ 153.625, -29.125 ], [ 153.625, -30.125 ], [ 153.125, -30.125 ], [ 153.125, -30.375 ], [ 152.625, -30.375 ], [ 152.625, -29.625 ], [ 152.875, -29.625 ], [ 152.875, -29.125 ], [ 153.125, -29.125 ], [ 153.125, -28.875 ], [ 153.375, -28.875 ], [ 153.375, -28.375 ], [ 152.375, -28.375 ], [ 152.375, -28.625 ], [ 152.125, -28.625 ], [ 152.125, -29.375 ], [ 151.875, -29.375 ], [ 151.875, -26.875 ], [ 151.625, -26.875 ] ] ] ] } },
{ "type": "Feature", "properties": { "cluster_id": 65, "cohesion": 8.0601699304175671, "distances": { "1": 30.535542651602427, "2": 28.86784029397245, "3": 28.872058655678753, "4": 27.645765076983853, "5": 29.743451698173928, "6": 31.461418637620792, "7": 29.464067853964526, "8": 31.9221405166084, "9": 29.378804936578213, "10": 28.727376598917353, "11": 27.3305788807245, "12": 27.862106424875325, "13": 27.87065048519819, "14": 29.584968996459516, "15": 28.45915394666597, "16": 31.910703788850366, "17": 29.587193316650712, "18": 27.24021358844952, "19": 25.330602213242834, "20": 27.849813044441476, "21": 26.40158971736005, "22": 24.115147972427476, "23": 25.598554390709214, "24": 15.481286395217138, "25": 23.097613452657292, "26": 22.97841805660586, "27": 25.813909891772198, "28": 30.9336792101134, "29": 34.89146676499482, "30": 28.64052221758372, "31": 19.358375115511784, "32": 24.540130523135545, "33": 26.353361203443477, "34": 33.989661005510975, "35": 30.26825187530719, "36": 28.887888777449547, "37": 28.866853136109928, "38": 35.378703164481124, "39": 31.628648628975665, "40": 34.19538982229542, "41": 39.38535502991729, "42": 37.47773991238125, "43": 34.49122272026112, "44": 34.314020090455486, "45": 38.912644708894554, "46": 31.63419009872227, "47": 32.54095422944689, "48": 34.39213225553388, "49": 33.19017747899553, "50": 36.6316626492251, "51": 38.586005809267924, "52": 35.65968649592476, "53": 30.31146588668665, "54": 27.13370688210831, "55": 31.106701557571995, "56": 34.003960033348164, "57": 35.337296001754275, "58": 27.12502394520473, "59": 28.450387506592097, "60": 27.78531524222248, "61": 21.36752557937724, "62": 24.107048258843886, "63": 24.90804081902002, "64": 15.156906470630355, "66": 11.697718742522952, "67": 13.227999280525498, "68": 17.766469484810035, "69": 19.03460457102033, "70": 11.585574647948784, "71": 28.605939980413638, "72": 31.393165545307355, "73": 18.606148656105425, "74": 25.42805776108382, "75": 25.29310328930815, "76": 26.771053885577807, "77": 27.560490601280097, "78": 30.219280559314818, "79": 29.41203227475053, "80": 23.383223089089753, "81": 24.32730594572901, "82": 26.64792829708878, "83": 27.526645583768154, "84": 28.906870918370643, "85": 28.286650555389517 } }, "geometry": { "type": "MultiPolygon", "coordinates": [ [ [ [ 149.375, -36.625 ], [ 149.375, -36.875 ], [ 149.125, -36.875 ], [ 149.125, -37.375 ], [ 148.875, -37.375 ], [ 148.875, -37.625 ], [ 148.625, -37.625 ], [ 148.625, -36.625 ], [ 149.125, -36.625 ], [ 149.125, -36.375 ], [ 149.625, -36.375 ], [ 149.625, -36.625 ], [ 149.375, -36.625 ] ] ], [ [ [ 149.625, -36.125 ], [ 149.875, -36.125 ], [ 149.875, -35.875 ], [ 150.125, -35.875 ], [ 150.125, -36.375 ], [ 149.625, -36.375 ], [ 149.625, -36.125 ] ] ], [ [ [ 150.375, -35.875 ], [ 150.125, -35.875 ], [ 150.125, -35.625 ], [ 150.375, -35.625 ], [ 150.375, -35.875 ] ] ], [ [ [ 148.375, -35.625 ], [ 148.375, -35.375 ], [ 148.625, -35.375 ], [ 148.625, -35.625 ], [ 148.375, -35.625 ] ] ], [ [ [ 148.625, -35.125 ], [ 148.875, -35.125 ], [ 148.875, -35.375 ], [ 148.625, -35.375 ], [ 148.625, -35.125 ] ] ], [ [ [ 149.125, -34.625 ], [ 149.375, -34.625 ], [ 149.375, -33.125 ], [ 149.625, -33.125 ], [ 149.625, -32.625 ], [ 150.875, -32.625 ], [ 150.875, -32.125 ], [ 151.125, -32.125 ], [ 151.125, -31.625 ], [ 151.375, -31.625 ], [ 151.375, -31.375 ], [ 151.625, -31.375 ], [ 151.625, -30.625 ], [ 151.875, -30.625 ], [ 151.875, -30.125 ], [ 151.625, -30.125 ], [ 151.625, -29.875 ], [ 151.875, -29.875 ], [ 151.875, -29.375 ], [ 152.125, -29.375 ], [ 152.125, -28.625 ], [ 152.375, -28.625 ], [ 152.375, -29.125 ], [ 152.625, -29.125 ], [ 152.625, -30.375 ], [ 152.875, -30.375 ], [ 152.875, -30.875 ], [ 152.625, -30.875 ], [ 152.625, -31.625 ], [ 152.375, -31.625 ], [ 152.375, -31.875 ], [ 152.125, -31.875 ], [ 152.125, -32.375 ], [ 151.875, -32.375 ], [ 151.875, -32.125 ], [ 151.375, -32.125 ], [ 151.375, -32.625 ], [ 151.875, -32.625 ], [ 151.875, -32.875 ], [ 151.375, -32.875 ], [ 151.375, -33.375 ], [ 151.125, -33.375 ], [ 151.125, -33.625 ], [ 150.875, -33.625 ], [ 150.875, -34.125 ], [ 150.625, -34.125 ], [ 150.625, -33.875 ], [ 150.375, -33.875 ], [ 150.375, -33.625 ], [ 150.625, -33.625 ], [ 150.625, -33.125 ], [ 150.375, -33.125 ], [ 150.375, -33.375 ], [ 150.125, -33.375 ], [ 150.125, -33.625 ], [ 149.875, -33.625 ], [ 149.875, -34.125 ], [ 149.625, -34.125 ], [ 149.625, -34.875 ], [ 149.375, -34.875 ], [ 149.375, -35.125 ], [ 148.875, -35.125 ], [ 148.875, -34.875 ], [ 149.125, -34.875 ], [ 149.125, -34.625 ] ] ] ] } },
{ "type": "Feature", "properties": { "cluster_id": 66, "cohesion": 7.2667999499692471, "distances": { "1": 34.45525183925164, "2": 32.764307375952974, "3": 29.785021130959365, "4": 29.57752377127402, "5": 32.44075269396834, "6": 36.88916844568287, "7": 34.39827470341249, "8": 37.304347923877714, "9": 33.264793018880184, "10": 31.586918308825805, "11": 27.72617048450504, "12": 29.727014558396604, "13": 29.838965431181286, "14": 31.074515047287257, "15": 32.718302084866345, "16": 36.1680192163883, "17": 32.85509409627575, "18": 30.34201017194367, "19": 28.869621051642707, "20": 31.61332360549829, "21": 29.993051763403226, "22": 26.37224660414767, "23": 26.42219525724529, "24": 13.70417129260983, "25": 20.816440000751914, "26": 23.33757207771342, "27": 24.152665791383626, "28": 28.03080482936288, "29": 31.01094348357962, "30": 22.066297540894872, "31": 13.29444074845982, "32": 17.802191901448364, "33": 22.61373037178051, "34": 29.44517303270527, "35": 24.77888122707107, "36": 28.658951776000684, "37": 30.13503155003941, "38": 33.841271392773386, "39": 31.775955538662753, "40": 33.05711893744106, "41": 36.60683891239834, "42": 34.58146218596009, "43": 32.18440273735815, "44": 30.912909529726747, "45": 34.79192897762882, "46": 28.222735259005525, "47": 28.36294410731375, "48": 29.293173947350105, "49": 27.536570409138715, "50": 32.17159053235636, "51": 34.51290148827658, "52": 31.378936809932362, "53": 26.823927131813416, "54": 24.62649898839623, "55": 28.94611811870556, "56": 31.22525020581836, "57": 31.761344827551575, "58": 24.66722800503264, "59": 26.745765082661137, "60": 27.201040578283674, "61": 19.31751295440063, "62": 21.40807082181779, "63": 23.804591683864974, "64": 13.145209120274272, "65": 11.697718742522952, "67": 13.201093440069723, "68": 21.291060466251867, "69": 21.956475981307367, "70": 17.126701995768403, "71": 23.968882939804644, "72": 25.974512116942982, "73": 11.915754702223733, "74": 19.821570797422584, "75": 19.089456650715384, "76": 22.9508699558223, "77": 25.36882366018186, "78": 26.90487523537865, "79": 28.603174153276832, "80": 23.272473852043877, "81": 26.35405552708429, "82": 26.496482953579743, "83": 28.13443953213518, "84": 27.207341789075464, "85": 27.1165543996513 } }, "geometry": { "type": "MultiPolygon", "coordinates": [ [ [ [ 149.125, -34.625 ], [ 149.125, -34.875 ], [ 148.875, -34.875 ], [ 148.875, -35.125 ], [ 148.625, -35.125 ], [ 148.625, -35.375 ], [ 148.125, -35.375 ], [ 148.125, -35.125 ], [ 147.875, -35.125 ], [ 147.875, -34.875 ], [ 148.625, -34.875 ], [ 148.625, -34.625 ], [ 148.875, -34.625 ], [ 148.875, -34.375 ], [ 149.125, -34.375 ], [ 149.125, -33.375 ], [ 148.875, -33.375 ], [ 148.875, -33.125 ], [ 149.375, -33.125 ], [ 149.375, -34.625 ], [ 149.125, -34.625 ] ] ], [ [ [ 149.375, -33.125 ], [ 149.375, -32.875 ], [ 149.625, -32.875 ], [ 149.625, -33.125 ], [ 149.375, -33.125 ] ] ], [ [ [ 151.125, -31.625 ], [ 151.125, -32.125 ], [ 150.875, -32.125 ], [ 150.875, -32.625 ], [ 149.625, -32.625 ], [ 149.625, -32.375 ], [ 149.875, -32.375 ], [ 149.875, -31.875 ], [ 150.625, -31.875 ], [ 150.625, -31.625 ], [ 150.875, -31.625 ], [ 150.875, -31.375 ], [ 151.375, -31.375 ], [ 151.375, -31.625 ], [ 151.125, -31.625 ] ] ], [ [ [ 151.375, -31.375 ], [ 151.375, -30.625 ], [ 151.625, -30.625 ], [ 151.625, -31.375 ], [ 151.375, -31.375 ] ] ], [ [ [ 151.625, -30.625 ], [ 151.625, -30.125 ], [ 151.875, -30.125 ], [ 151.875, -30.625 ], [ 151.625, -30.625 ] ] ], [ [ [ 153.125, -28.875 ], [ 153.125, -29.125 ], [ 152.875, -29.125 ], [ 152.875, -29.625 ], [ 152.625, -29.625 ], [ 152.625, -29.125 ], [ 152.375, -29.125 ], [ 152.375, -28.375 ], [ 153.375, -28.375 ], [ 153.375, -28.875 ], [ 153.125, -28.875 ] ] ] ] } },
{ "type": "Feature", "properties": { "cluster_id": 67, "cohesion": 8.0470786598598938, "distances": { "1": 29.904490775009315, "2": 27.595017029366318, "3": 24.74029256362216, "4": 24.99261686020674, "5": 27.58269354531941, "6": 31.565208565439843, "7": 28.62604059052758, "8": 31.73137372411788, "9": 27.53305044222448, "10": 25.764140422053785, "11": 22.1516173760384, "12": 24.014120569013656, "13": 23.671491461039686, "14": 25.49621173974292, "15": 26.727415710549696, "16": 30.501633829961857, "17": 26.932177134861195, "18": 24.256112154489674, "19": 23.294701155466456, "20": 25.941564540876637, "21": 23.994643206220225, "22": 20.460874465641048, "23": 20.25510536078122, "24": 16.3683734033341, "25": 22.240197080674772, "26": 24.27898294172213, "27": 25.290847336610998, "28": 27.342594852157674, "29": 29.737825848549345, "30": 23.266196000947303, "31": 18.289493520013195, "32": 21.019814819561734, "33": 24.43817433279509, "34": 28.487070782899906, "35": 25.458045062091525, "36": 24.58658647509366, "37": 25.649732270060344, "38": 28.742475378888653, "39": 26.71106763288583, "40": 28.523828739096636, "41": 32.4758469104384, "42": 30.044567708177357, "43": 28.536869961940415, "44": 28.397221035992366, "45": 31.512688259995734, "46": 23.929861700757435, "47": 24.160807378486663, "48": 27.29061250055086, "49": 25.91017054206763, "50": 29.52517291529112, "51": 30.822681720082073, "52": 27.66123812060116, "53": 23.32273494913632, "54": 21.272862022182277, "55": 24.232190521744908, "56": 26.560652567151077, "57": 27.738686637132954, "58": 21.213426207606897, "59": 23.507323345057326, "60": 22.659653061153804, "61": 18.365306868277976, "62": 19.12710651731343, "63": 19.42223217393622, "64": 13.667429681425642, "65": 13.2279992805255, "66": 13.201093440069725, "68": 21.10847906062463, "69": 18.373467064093767, "70": 15.46537761712548, "71": 21.801023232351657, "72": 24.022360155002943, "73": 16.304546664146645, "74": 20.009990210275916, "75": 19.785027249094792, "76": 20.17400831174251, "77": 21.25106293879168, "78": 22.87154993432835, "79": 23.38913791393217, "80": 18.335230604066872, "81": 21.053113760072584, "82": 21.22230514127892, "83": 22.14629073635009, "84": 21.76655825966613, "85": 21.924488833713813 } }, "geometry": { "type": "MultiPolygon", "coordinates": [ [ [ [ 150.625, -36.375 ], [ 150.375, -36.375 ], [ 150.375, -37.375 ], [ 150.125, -37.375 ], [ 150.125, -37.625 ], [ 149.875, -37.625 ], [ 149.875, -37.875 ], [ 149.625, -37.875 ], [ 149.625, -38.125 ], [ 148.625, -38.125 ], [ 148.625, -37.875 ], [ 148.875, -37.875 ], [ 148.875, -37.625 ], [ 149.375, -37.625 ], [ 149.375, -37.375 ], [ 149.625, -37.375 ], [ 149.625, -36.875 ], [ 149.875, -36.875 ], [ 149.875, -36.375 ], [ 150.125, -36.375 ], [ 150.125, -35.875 ], [ 150.375, -35.875 ], [ 150.375, -35.375 ], [ 150.625, -35.375 ], [ 150.625, -36.375 ] ] ], [ [ [ 150.625, -35.375 ], [ 150.625, -35.125 ], [ 150.875, -35.125 ], [ 150.875, -35.375 ], [ 150.625, -35.375 ] ] ], [ [ [ 151.125, -33.625 ], [ 151.125, -33.375 ], [ 151.375, -33.375 ], [ 151.375, -32.875 ], [ 151.875, -32.875 ], [ 151.875, -32.375 ], [ 152.125, -32.375 ], [ 152.125, -31.875 ], [ 152.375, -31.875 ], [ 152.375, -31.625 ], [ 152.625, -31.625 ], [ 152.625, -31.125 ], [ 152.875, -31.125 ], [ 152.875, -30.375 ], [ 153.125, -30.375 ], [ 153.125, -30.125 ], [ 153.375, -30.125 ], [ 153.375, -31.375 ], [ 153.125, -31.375 ], [ 153.125, -31.875 ], [ 152.875, -31.875 ], [ 152.875, -32.375 ], [ 152.625, -32.375 ], [ 152.625, -32.625 ], [ 152.375, -32.625 ], [ 152.375, -32.875 ], [ 152.125, -32.875 ], [ 152.125, -33.125 ], [ 151.875, -33.125 ], [ 151.875, -33.375 ], [ 151.625, -33.375 ], [ 151.625, -34.125 ], [ 151.375, -34.125 ], [ 151.375, -34.375 ], [ 151.125, -34.375 ], [ 151.125, -35.125 ], [ 150.875, -35.125 ], [ 150.875, -33.625 ], [ 151.125, -33.625 ] ] ] ] } },
{ "type": "Feature", "properties": { "cluster_id": 68, "cohesion": 8.467567179143936, "distances": { "1": 28.091036327355468, "2": 29.45668922137861, "3": 28.822362797228315, "4": 24.54758420106581, "5": 27.89293519435349, "6": 34.08595829155131, "7": 33.689959252100884, "8": 37.17876387580635, "9": 33.70178358968398, "10": 35.46381709018248, "11": 33.2212750021721, "12": 31.24356835138399, "13": 34.62127545436955, "14": 37.010713914383395, "15": 33.20327389448038, "16": 38.706391934648046, "17": 36.51815637239467, "18": 32.66607297585373, "19": 28.727541223602543, "20": 30.212618379105436, "21": 29.99974965678876, "22": 27.666480945067644, "23": 28.803920285578666, "24": 16.392707792243048, "25": 18.57839115307983, "26": 12.645548270390204, "27": 18.35664421995313, "28": 25.817565041874232, "29": 31.138720384454846, "30": 32.82748451679253, "31": 23.739260023878295, "32": 29.34077421369794, "33": 23.389153429986944, "34": 32.023413582455014, "35": 30.94309233103692, "36": 28.88437125448237, "37": 28.378625847504523, "38": 37.22091572491462, "39": 32.5547714887374, "40": 34.7988174177199, "41": 39.40859333110536, "42": 39.13801741980611, "43": 34.19183301599686, "44": 32.30913049945157, "45": 38.86009684084004, "46": 34.882890001480924, "47": 36.879291049112474, "48": 35.18556409228621, "49": 35.89165131447791, "50": 35.81796666628157, "51": 39.65227190972056, "52": 37.413442260688434, "53": 32.67893047282163, "54": 27.5951790274934, "55": 32.9663770966124, "56": 36.53313994247773, "57": 37.144858537303136, "58": 29.7311173832621, "59": 30.142940677034264, "60": 27.368321394595984, "61": 27.397055564131197, "62": 29.859844685848252, "63": 30.983671148866325, "64": 24.6797958360684, "65": 17.766469484810035, "66": 21.291060466251867, "67": 21.10847906062463, "69": 14.35211834124479, "70": 14.098429416758472, "71": 34.97341729132643, "72": 36.15052115875365, "73": 27.476077170771617, "74": 30.458322526677307, "75": 31.321482885589376, "76": 32.72871018260479, "77": 34.30122119432917, "78": 36.56155509544458, "79": 36.75463392692573, "80": 24.5461576936749, "81": 26.52664992121202, "82": 29.00113205477247, "83": 33.24001061730407, "84": 34.06833714531741, "85": 31.259501266665456 } }, "geometry": { "type": "Polygon", "coordinates": [ [ [ 149.125, -35.375 ], [ 149.125, -35.625 ], [ 148.375, -35.625 ], [ 148.375, -36.375 ], [ 148.125, -36.375 ], [ 148.125, -36.625 ], [ 147.625, -36.625 ], [ 147.625, -36.875 ], [ 146.875, -36.875 ], [ 146.875, -37.125 ], [ 146.375, -37.125 ], [ 146.375, -37.375 ], [ 146.125, -37.375 ], [ 146.125, -37.625 ], [ 144.875, -37.625 ], [ 144.875, -37.375 ], [ 144.125, -37.375 ], [ 144.125, -37.625 ], [ 142.125, -37.625 ], [ 142.125, -37.875 ], [ 141.625, -37.875 ], [ 141.625, -38.125 ], [ 140.625, -38.125 ], [ 140.625, -38.375 ], [ 141.125, -38.375 ], [ 141.125, -38.625 ], [ 142.625, -38.625 ], [ 142.625, -38.875 ], [ 143.125, -38.875 ], [ 143.125, -39.125 ], [ 143.875, -39.125 ], [ 143.875, -38.875 ], [ 144.125, -38.875 ], [ 144.125, -38.625 ], [ 144.375, -38.625 ], [ 144.375, -38.375 ], [ 145.125, -38.375 ], [ 145.125, -38.625 ], [ 145.375, -38.625 ], [ 145.375, -38.875 ], [ 146.375, -38.875 ], [ 146.375, -38.625 ], [ 145.625, -38.625 ], [ 145.625, -38.375 ], [ 145.875, -38.375 ], [ 145.875, -38.125 ], [ 146.125, -38.125 ], [ 146.125, -37.875 ], [ 147.125, -37.875 ], [ 147.125, -37.625 ], [ 148.625, -37.625 ], [ 148.625, -36.625 ], [ 148.875, -36.625 ], [ 148.875, -36.375 ], [ 149.375, -36.375 ], [ 149.375, -35.875 ], [ 149.625, -35.875 ], [ 149.625, -35.375 ], [ 149.125, -35.375 ] ] ] } },
{ "type": "Feature", "properties": { "cluster_id": 69, "cohesion": 6.8898779192984287, "distances": { "1": 24.443430877784156, "2": 25.689613909137215, "3": 24.15116510734599, "4": 20.814595270650315, "5": 23.843120060148674, "6": 30.65339929147799, "7": 30.33962724650273, "8": 33.48329306751615, "9": 28.949937897707393, "10": 30.420085687008466, "11": 28.017896383008747, "12": 26.362434004422525, "13": 30.407265529394785, "14": 31.619432445299964, "15": 30.301327264181296, "16": 34.03414161660487, "17": 31.970114346530277, "18": 29.4626510188728, "19": 26.712118789946736, "20": 25.967904744603626, "21": 26.522242620480885, "22": 24.84761701404605, "23": 24.01173400490525, "24": 20.221787596943116, "25": 23.05841546193268, "26": 18.98783203485686, "27": 23.413231320190278, "28": 26.6982625570379, "29": 30.93439249599289, "30": 31.833302169295578, "31": 26.24470294703394, "32": 30.00733365272273, "33": 27.172253360952936, "34": 31.87343841592519, "35": 31.314018259526065, "36": 24.152924141540936, "37": 23.174604770270072, "38": 30.570488074093568, "39": 25.934803281029968, "40": 29.059509432129925, "41": 34.10789120847117, "42": 33.52596648315291, "43": 29.3543249579886, "44": 29.425175137199293, "45": 34.43656756101567, "46": 31.121384733247133, "47": 31.7984662441683, "48": 32.79472564232416, "49": 32.93369202896878, "50": 32.72416057387652, "51": 35.05277404430849, "52": 32.88692730993043, "53": 28.57060925396909, "54": 24.961793383987384, "55": 29.286456637073034, "56": 31.280854801108465, "57": 32.87921949351532, "58": 26.41739842503318, "59": 25.75195339930597, "60": 23.473023123714047, "61": 23.762762970705346, "62": 26.816812074287864, "63": 26.74446934416875, "64": 22.120283175390004, "65": 19.034604571020335, "66": 21.956475981307367, "67": 18.373467064093767, "68": 14.352118341244793, "70": 14.710511629105929, "71": 30.17741361951004, "72": 32.06803043124214, "73": 26.40436329839041, "74": 28.65244722471494, "75": 29.1547571760972, "76": 28.2739624502642, "77": 29.10693151374775, "78": 31.340278436089914, "79": 31.28902399862061, "80": 21.730803819793156, "81": 24.610861764400102, "82": 26.509034000061998, "83": 29.49290691255366, "84": 30.00051375794148, "85": 28.11164109968001 } }, "geometry": { "type": "Polygon", "coordinates": [ [ [ 144.875, -40.375 ], [ 144.875, -40.625 ], [ 144.625, -40.625 ], [ 144.625, -40.875 ], [ 144.375, -40.875 ], [ 144.375, -41.375 ], [ 144.625, -41.375 ], [ 144.625, -41.875 ], [ 144.875, -41.875 ], [ 144.875, -42.125 ], [ 145.125, -42.125 ], [ 145.125, -42.375 ], [ 144.875, -42.375 ], [ 144.875, -42.625 ], [ 145.125, -42.625 ], [ 145.125, -42.875 ], [ 145.375, -42.875 ], [ 145.375, -43.125 ], [ 145.625, -43.125 ], [ 145.625, -43.375 ], [ 145.875, -43.375 ], [ 145.875, -43.625 ], [ 147.125, -43.625 ], [ 147.125, -43.375 ], [ 147.375, -43.375 ], [ 147.375, -43.125 ], [ 147.875, -43.125 ], [ 147.875, -42.875 ], [ 148.125, -42.875 ], [ 148.125, -42.625 ], [ 148.375, -42.625 ], [ 148.375, -42.125 ], [ 148.625, -42.125 ], [ 148.625, -40.875 ], [ 148.375, -40.875 ], [ 148.375, -40.625 ], [ 148.125, -40.625 ], [ 148.125, -40.375 ], [ 147.875, -40.375 ], [ 147.875, -40.625 ], [ 146.625, -40.625 ], [ 146.625, -40.875 ], [ 146.125, -40.875 ], [ 146.125, -40.625 ], [ 145.125, -40.625 ], [ 145.125, -40.375 ], [ 144.875, -40.375 ] ] ] } },
{ "type": "Feature", "properties": { "cluster_id": 70, "cohesion": 8.7801626880048129, "distances": { "1": 28.066319547007385, "2": 27.576293952198945, "3": 28.433195638467247, "4": 25.84649525119123, "5": 28.09802466881251, "6": 29.760571667132766, "7": 28.44953759913074, "8": 30.90761710502716, "9": 28.875968708895254, "10": 29.035730067287286, "11": 28.55146415119182, "12": 28.01379580440682, "13": 27.99218552807967, "14": 30.10523007431929, "15": 27.53247764461429, "16": 31.39721073424373, "17": 29.362276298359884, "18": 26.651887399459405, "19": 24.081412491655577, "20": 26.57141179953235, "21": 25.59187993033002, "22": 23.60020839806448, "23": 25.428541437826127, "24": 16.90365373286579, "25": 23.076883637636215, "26": 21.369080806015404, "27": 25.406987776841945, "28": 31.08840949049775, "29": 35.2138931370366, "30": 31.973181547424517, "31": 23.345770456845543, "32": 28.652437515802124, "33": 27.38298905609825, "34": 34.8204390747559, "35": 32.21925824208541, "36": 28.46092725323727, "37": 27.674604874569507, "38": 35.24413034499658, "39": 30.86323507998073, "40": 33.9582856329368, "41": 39.40333359949481, "42": 37.6724716075089, "43": 34.67056801238163, "44": 34.79094443471501, "45": 39.544099981686585, "46": 32.38273682483989, "47": 33.86645883781082, "48": 35.70546671604889, "49": 35.15434224432813, "50": 37.412746889809036, "51": 39.13434318191472, "52": 36.47860592142461, "53": 31.1923768860137, "54": 27.51937536788488, "55": 31.05659395713616, "56": 34.36198125776668, "57": 35.72121417188326, "58": 29.008258355937475, "59": 29.777750452508215, "60": 27.90046967456496, "61": 24.567277879770515, "62": 27.35195078841207, "63": 27.220223996772525, "64": 19.751521127390426, "65": 11.585574647948784, "66": 17.126701995768403, "67": 15.46537761712548, "68": 14.098429416758472, "69": 14.71051162910593, "71": 31.351036427813153, "72": 33.74153970168704, "73": 24.14690955163937, "74": 29.33156761259259, "75": 29.369545126778345, "76": 29.58475469503813, "77": 29.623237081963847, "78": 31.93274725236553, "79": 30.520249132073754, "80": 22.995422728332578, "81": 23.128547981027474, "82": 26.19717469000793, "83": 27.670906218459166, "84": 29.550411031245808, "85": 28.135385459222682 } }, "geometry": { "type": "MultiPolygon", "coordinates": [ [ [ [ 148.625, -37.875 ], [ 148.625, -38.125 ], [ 148.125, -38.125 ], [ 148.125, -38.375 ], [ 147.375, -38.375 ], [ 147.375, -38.625 ], [ 147.125, -38.625 ], [ 147.125, -38.875 ], [ 146.625, -38.875 ], [ 146.625, -39.125 ], [ 145.875, -39.125 ], [ 145.875, -38.875 ], [ 146.375, -38.875 ], [ 146.375, -38.625 ], [ 145.625, -38.625 ], [ 145.625, -38.375 ], [ 145.875, -38.375 ], [ 145.875, -38.125 ], [ 146.125, -38.125 ], [ 146.125, -37.875 ], [ 147.125, -37.875 ], [ 147.125, -37.625 ], [ 148.875, -37.625 ], [ 148.875, -37.875 ], [ 148.625, -37.875 ] ] ], [ [ [ 149.125, -37.375 ], [ 149.125, -36.875 ], [ 149.375, -36.875 ], [ 149.375, -36.625 ], [ 149.625, -36.625 ], [ 149.625, -36.375 ], [ 149.875, -36.375 ], [ 149.875, -36.875 ], [ 149.625, -36.875 ], [ 149.625, -37.375 ], [ 149.375, -37.375 ], [ 149.375, -37.625 ], [ 148.875, -37.625 ], [ 148.875, -37.375 ], [ 149.125, -37.375 ] ] ], [ [ [ 150.625, -33.625 ], [ 150.375, -33.625 ], [ 150.375, -33.875 ], [ 150.625, -33.875 ], [ 150.625, -34.125 ], [ 150.875, -34.125 ], [ 150.875, -35.125 ], [ 150.625, -35.125 ], [ 150.625, -35.375 ], [ 150.375, -35.375 ], [ 150.375, -35.625 ], [ 150.125, -35.625 ], [ 150.125, -35.875 ], [ 149.875, -35.875 ], [ 149.875, -36.125 ], [ 149.625, -36.125 ], [ 149.625, -36.375 ], [ 149.375, -36.375 ], [ 149.375, -35.875 ], [ 149.625, -35.875 ], [ 149.625, -35.375 ], [ 149.125, -35.375 ], [ 149.125, -35.625 ], [ 148.625, -35.625 ], [ 148.625, -35.375 ], [ 148.875, -35.375 ], [ 148.875, -35.125 ], [ 149.375, -35.125 ], [ 149.375, -34.875 ], [ 149.625, -34.875 ], [ 149.625, -34.125 ], [ 149.875, -34.125 ], [ 149.875, -33.625 ], [ 150.125, -33.625 ], [ 150.125, -33.375 ], [ 150.375, -33.375 ], [ 150.375, -33.125 ], [ 150.625, -33.125 ], [ 150.625, -33.625 ] ] ], [ [ [ 151.875, -32.625 ], [ 151.375, -32.625 ], [ 151.375, -32.125 ], [ 151.875, -32.125 ], [ 151.875, -32.625 ] ] ] ] } },
{ "type": "Feature", "properties": { "cluster_id": 71, "cohesion": 6.0394918107731366, "distances": { "1": 37.52977103135783, "2": 35.97555769071773, "3": 29.963549642600107, "4": 31.601476890188916, "5": 34.36880883577052, "6": 41.210894934010064, "7": 37.831842834946826, "8": 40.0525742149867, "9": 33.97790608279634, "10": 28.973379116973824, "11": 22.035026746011532, "12": 28.626462295414036, "13": 26.51667843116018, "14": 24.497136694855044, "15": 35.053011704221774, "16": 35.22276156422871, "17": 30.72268360573682, "18": 30.19232372062231, "19": 32.4803082482793, "20": 35.06429473361748, "21": 32.82169605161988, "22": 29.731477990632218, "23": 28.071312732090398, "24": 27.54847708615603, "25": 30.681788637417238, "26": 34.96267259339276, "27": 33.486045924999026, "28": 31.813863759666475, "29": 31.73567846553023, "30": 17.068210340048545, "31": 24.99624563493917, "32": 20.54467663074737, "33": 30.106163715731313, "34": 29.06165793459607, "35": 24.433290635490895, "36": 29.679288022805068, "37": 33.26748128625558, "38": 32.15182007022885, "39": 32.781861984405474, "40": 31.73229666603706, "41": 33.98983633612379, "42": 31.550979466442097, "43": 30.643356911602506, "44": 29.918020334559742, "45": 30.47822762858614, "46": 23.121268188268424, "47": 18.035241197899538, "48": 24.218880114407767, "49": 18.815292216451667, "50": 28.52703877406814, "51": 30.24591686871535, "52": 25.61343879403633, "53": 26.34534391018877, "54": 26.14264475422572, "55": 28.031581093936182, "56": 29.236432116278984, "57": 28.271354346309955, "58": 23.579534025112594, "59": 27.06175273854879, "60": 26.9350424842866, "61": 24.63000725400944, "62": 22.465460145237167, "63": 20.365227925092835, "64": 22.80114742081877, "65": 28.605939980413638, "66": 23.968882939804644, "67": 21.801023232351657, "68": 34.97341729132643, "69": 30.17741361951004, "70": 31.351036427813153, "72": 12.143001985526247, "73": 19.971810273012803, "74": 20.43617339047076, "75": 14.788177371721911, "76": 10.744781024429201, "77": 12.20064390449018, "78": 11.938702851037998, "79": 18.23331123764339, "80": 26.108787250485207, "81": 29.82976929818293, "82": 27.30144225325343, "83": 24.31761329212038, "84": 21.024099572367284, "85": 25.239922983069224 } }, "geometry": { "type": "Polygon", "coordinates": [ [ [ 139.875, -24.625 ], [ 139.875, -25.125 ], [ 140.125, -25.125 ], [ 140.125, -25.375 ], [ 140.375, -25.375 ], [ 140.375, -25.625 ], [ 140.125, -25.625 ], [ 140.125, -26.125 ], [ 140.375, -26.125 ], [ 140.375, -26.375 ], [ 141.375, -26.375 ], [ 141.375, -26.625 ], [ 141.625, -26.625 ], [ 141.625, -26.875 ], [ 142.375, -26.875 ], [ 142.375, -27.125 ], [ 143.375, -27.125 ], [ 143.375, -27.375 ], [ 144.125, -27.375 ], [ 144.125, -27.875 ], [ 144.625, -27.875 ], [ 144.625, -27.375 ], [ 145.125, -27.375 ], [ 145.125, -26.875 ], [ 144.375, -26.875 ], [ 144.375, -26.625 ], [ 143.875, -26.625 ], [ 143.875, -26.375 ], [ 143.625, -26.375 ], [ 143.625, -26.125 ], [ 143.125, -26.125 ], [ 143.125, -26.375 ], [ 142.625, -26.375 ], [ 142.625, -26.125 ], [ 142.375, -26.125 ], [ 142.375, -25.625 ], [ 142.125, -25.625 ], [ 142.125, -25.375 ], [ 141.875, -25.375 ], [ 141.875, -25.625 ], [ 141.625, -25.625 ], [ 141.625, -25.375 ], [ 141.375, -25.375 ], [ 141.375, -25.125 ], [ 140.875, -25.125 ], [ 140.875, -24.875 ], [ 140.625, -24.875 ], [ 140.625, -24.625 ], [ 139.875, -24.625 ] ] ] } },
{ "type": "Feature", "properties": { "cluster_id": 72, "cohesion": 8.1552971865868518, "distances": { "1": 41.85096136949707, "2": 40.8148477901136, "3": 33.732120488725734, "4": 34.68009768965135, "5": 38.382343807703975, "6": 46.2691514352099, "7": 42.6861436949821, "8": 45.69143556168373, "9": 39.90099679315762, "10": 35.39534740711898, "11": 28.425236352570128, "12": 34.02691269455352, "13": 30.411927173992247, "14": 30.350325876099962, "15": 39.2215636741849, "16": 41.222630468897, "17": 35.88681923914714, "18": 33.88239396678985, "19": 35.30915897392082, "20": 39.06715946553969, "21": 36.71817228043087, "22": 32.14748982017888, "23": 30.15559356570207, "24": 26.984550282089437, "25": 28.38355121704102, "26": 34.85430811890247, "27": 31.723102889259394, "28": 29.468318956407394, "29": 27.29826853364624, "30": 13.670312189610499, "31": 24.195125518430586, "32": 19.61013419869265, "33": 26.884315671963833, "34": 23.153780193921495, "35": 18.86218213164498, "36": 31.046422201180054, "37": 35.2457582032697, "38": 31.811287981851645, "39": 33.991766428246706, "40": 32.15276074182539, "41": 31.841787337728118, "42": 29.102232856097135, "43": 30.12403770362511, "44": 27.899294903708736, "45": 26.945921733666673, "46": 18.97898378006091, "47": 13.685992031790725, "48": 17.53665660915475, "49": 11.576244916193808, "50": 23.943231828670758, "51": 25.9076067067612, "52": 20.98151620646865, "53": 24.520350539586143, "54": 25.192619109407683, "55": 25.61114166398888, "56": 27.127054141217393, "57": 24.04942302314827, "58": 26.27196795393997, "59": 30.23497157749684, "60": 29.62619759724087, "61": 28.828067732680125, "62": 26.42813429778963, "63": 26.135102448465954, "64": 26.858096102104955, "65": 31.39316554530735, "66": 25.97451211694299, "67": 24.022360155002946, "68": 36.15052115875365, "69": 32.06803043124214, "70": 33.741539701687046, "71": 12.143001985526247, "73": 22.60317140579001, "74": 22.055181973808967, "75": 17.266644645775024, "76": 17.635887903584738, "77": 19.675894323888556, "78": 13.400142434513738, "79": 22.195335820405468, "80": 26.81326309389417, "81": 31.081200937269916, "82": 26.884634745767393, "83": 26.3108694929359, "84": 20.14181865753477, "85": 23.75890932859317 } }, "geometry": { "type": "MultiPolygon", "coordinates": [ [ [ [ 135.875, -23.375 ], [ 135.875, -23.625 ], [ 136.375, -23.625 ], [ 136.375, -23.875 ], [ 136.625, -23.875 ], [ 136.625, -24.125 ], [ 137.125, -24.125 ], [ 137.125, -24.375 ], [ 137.375, -24.375 ], [ 137.375, -24.625 ], [ 137.875, -24.625 ], [ 137.875, -24.875 ], [ 138.625, -24.875 ], [ 138.625, -25.125 ], [ 138.875, -25.125 ], [ 138.875, -25.375 ], [ 139.625, -25.375 ], [ 139.625, -25.875 ], [ 140.125, -25.875 ], [ 140.125, -26.125 ], [ 140.375, -26.125 ], [ 140.375, -26.375 ], [ 141.375, -26.375 ], [ 141.375, -26.625 ], [ 141.625, -26.625 ], [ 141.625, -26.875 ], [ 142.375, -26.875 ], [ 142.375, -27.125 ], [ 143.375, -27.125 ], [ 143.375, -27.375 ], [ 144.125, -27.375 ], [ 144.125, -27.875 ], [ 144.625, -27.875 ], [ 144.625, -28.375 ], [ 144.375, -28.375 ], [ 144.375, -28.625 ], [ 143.625, -28.625 ], [ 143.625, -28.875 ], [ 143.375, -28.875 ], [ 143.375, -28.625 ], [ 143.125, -28.625 ], [ 143.125, -28.125 ], [ 142.625, -28.125 ], [ 142.625, -28.375 ], [ 142.125, -28.375 ], [ 142.125, -28.625 ], [ 141.625, -28.625 ], [ 141.625, -28.375 ], [ 140.375, -28.375 ], [ 140.375, -27.625 ], [ 140.125, -27.625 ], [ 140.125, -27.375 ], [ 139.875, -27.375 ], [ 139.875, -27.125 ], [ 139.375, -27.125 ], [ 139.375, -27.375 ], [ 138.625, -27.375 ], [ 138.625, -27.125 ], [ 138.375, -27.125 ], [ 138.375, -27.375 ], [ 137.875, -27.375 ], [ 137.875, -27.125 ], [ 137.625, -27.125 ], [ 137.625, -26.875 ], [ 137.375, -26.875 ], [ 137.375, -26.625 ], [ 137.125, -26.625 ], [ 137.125, -26.125 ], [ 136.875, -26.125 ], [ 136.875, -25.875 ], [ 136.625, -25.875 ], [ 136.625, -25.625 ], [ 136.125, -25.625 ], [ 136.125, -25.375 ], [ 135.875, -25.375 ], [ 135.875, -25.125 ], [ 135.625, -25.125 ], [ 135.625, -24.875 ], [ 134.625, -24.875 ], [ 134.625, -24.625 ], [ 134.375, -24.625 ], [ 134.375, -24.375 ], [ 134.125, -24.375 ], [ 134.125, -24.125 ], [ 134.375, -24.125 ], [ 134.375, -23.875 ], [ 134.625, -23.875 ], [ 134.625, -23.625 ], [ 134.375, -23.625 ], [ 134.375, -23.375 ], [ 135.875, -23.375 ] ] ], [ [ [ 133.875, -23.625 ], [ 133.875, -23.875 ], [ 133.625, -23.875 ], [ 133.625, -23.625 ], [ 133.875, -23.625 ] ] ] ] } },
{ "type": "Feature", "properties": { "cluster_id": 73, "cohesion": 8.0389811992048568, "distances": { "1": 36.36688376544984, "2": 34.03226770385894, "3": 28.895138272525767, "4": 30.52563328256938, "5": 33.20882859762164, "6": 39.49300709325066, "7": 36.760490588797914, "8": 39.78306757232233, "9": 34.146528673182814, "10": 32.10428263619533, "11": 26.110897287591605, "12": 29.029952575026847, "13": 31.189055474010107, "14": 31.491025962241014, "15": 35.228409714351024, "16": 38.13609283818218, "17": 34.57567352042143, "18": 32.526628444337405, "19": 31.91073144784041, "20": 33.48556037867194, "21": 31.92012023767714, "22": 28.398396478374774, "23": 26.98751365042422, "24": 19.485370513158184, "25": 24.74073657511319, "26": 27.38307194225645, "27": 27.141328691475973, "28": 28.00925300586607, "29": 30.402101075398136, "30": 19.185276653398294, "31": 14.811105871641896, "32": 15.296686535985076, "33": 24.972606032705947, "34": 29.021676254424847, "35": 24.42603563833686, "36": 28.887243609019222, "37": 31.28937890715248, "38": 32.85466143416396, "39": 31.982075449731354, "40": 32.207490157278166, "41": 34.888532749872745, "42": 33.1825222762387, "43": 30.543002705552198, "44": 28.88846470317795, "45": 32.203425910055714, "46": 27.72949850457939, "47": 26.20884213808138, "48": 27.414161586368447, "49": 24.85236699059894, "50": 29.836876482943826, "51": 32.610639033063755, "52": 29.423722193598234, "53": 25.419699836516955, "54": 24.25811983061073, "55": 29.188236786140717, "56": 30.193538600511364, "57": 30.83948903901591, "58": 21.174926866557126, "59": 23.52596992033455, "60": 25.62532414878316, "61": 16.692875579924117, "62": 17.298849026654832, "63": 20.885816474357117, "64": 13.29245746215751, "65": 18.606148656105425, "66": 11.915754702223733, "67": 16.30454666414664, "68": 27.476077170771617, "69": 26.404363298390408, "70": 24.146909551639375, "71": 19.97181027301281, "72": 22.60317140579001, "74": 14.164881157536625, "75": 13.486337182501195, "76": 18.37505059590132, "77": 22.637845309625394, "78": 24.886758411898988, "79": 28.083706490914274, "80": 24.57165592372551, "81": 29.274011995269053, "82": 28.173660917668894, "83": 29.303358116973428, "84": 27.39134122656342, "85": 28.26396543449348 } }, "geometry": { "type": "MultiPolygon", "coordinates": [ [ [ [ 151.875, -26.875 ], [ 151.875, -29.375 ], [ 151.625, -29.375 ], [ 151.625, -29.875 ], [ 151.375, -29.875 ], [ 151.375, -30.125 ], [ 151.625, -30.125 ], [ 151.625, -30.625 ], [ 151.375, -30.625 ], [ 151.375, -31.375 ], [ 150.875, -31.375 ], [ 150.875, -31.625 ], [ 150.625, -31.625 ], [ 150.625, -31.875 ], [ 149.875, -31.875 ], [ 149.875, -32.375 ], [ 149.625, -32.375 ], [ 149.625, -32.875 ], [ 149.375, -32.875 ], [ 149.375, -33.125 ], [ 148.625, -33.125 ], [ 148.625, -32.875 ], [ 148.375, -32.875 ], [ 148.375, -31.625 ], [ 148.625, -31.625 ], [ 148.625, -30.625 ], [ 148.875, -30.625 ], [ 148.875, -30.375 ], [ 150.125, -30.375 ], [ 150.125, -29.875 ], [ 150.875, -29.875 ], [ 150.875, -29.125 ], [ 151.125, -29.125 ], [ 151.125, -28.875 ], [ 151.375, -28.875 ], [ 151.375, -27.625 ], [ 151.625, -27.625 ], [ 151.625, -26.875 ], [ 151.875, -26.875 ] ] ], [ [ [ 151.375, -26.875 ], [ 151.375, -26.625 ], [ 151.625, -26.625 ], [ 151.625, -26.875 ], [ 151.375, -26.875 ] ] ] ] } },
{ "type": "Feature", "properties": { "cluster_id": 74, "cohesion": 6.4286129491347239, "distances": { "1": 37.26950401446904, "2": 34.65982220147887, "3": 27.090877350487002, "4": 29.283765362848495, "5": 32.78855151571135, "6": 42.29874131251215, "7": 39.409740867140975, "8": 43.13384683578608, "9": 35.89000910637653, "10": 34.496836907155185, "11": 26.03476796480545, "12": 28.610712945981945, "13": 33.875017095537466, "14": 34.59240323144562, "15": 37.74012671598035, "16": 41.98941435255325, "17": 38.04922704884602, "18": 34.87794181639906, "19": 33.920752147333836, "20": 35.62414723409104, "21": 33.78894316561345, "22": 29.69238625589927, "23": 27.67343806332461, "24": 23.75582416933324, "25": 26.120183356375048, "26": 28.50541691879827, "27": 27.219030433301317, "28": 25.533645324087626, "29": 26.833141683262763, "30": 19.257761091889684, "31": 18.524040957524555, "32": 16.650534887111142, "33": 25.373602637814024, "34": 26.093791185663235, "35": 24.156800146672527, "36": 29.726054805771042, "37": 32.48484269658489, "38": 31.71121229413221, "39": 32.40289217178244, "40": 31.562454566108407, "41": 32.07504674624124, "42": 30.772059819278628, "43": 28.94568996147027, "44": 25.57423385929081, "45": 28.46687030532815, "46": 26.801332019983004, "47": 25.15641705638734, "48": 24.143487730872053, "49": 22.786851918821306, "50": 25.383690607957686, "51": 29.301962685659575, "52": 26.884870187491913, "53": 22.800364156912966, "54": 21.786542621516514, "55": 27.429736995080432, "56": 28.0237996416927, "57": 28.40844171602273, "58": 15.895770825189869, "59": 20.7188308845263, "60": 21.872141306912628, "61": 18.149805854074447, "62": 13.375365863302637, "63": 18.7560543528948, "64": 18.672107200408462, "65": 25.428057761083817, "66": 19.821570797422588, "67": 20.009990210275912, "68": 30.458322526677307, "69": 28.65244722471494, "70": 29.33156761259259, "71": 20.43617339047076, "72": 22.055181973808967, "73": 14.164881157536625, "75": 11.218778539752721, "76": 16.353579524769092, "77": 23.12654722245662, "78": 25.933810628090793, "79": 30.5830697809668, "80": 24.019879587148992, "81": 30.476898532781295, "82": 27.97226335877074, "83": 31.020109472624853, "84": 28.153474153653534, "85": 28.214330050471244 } }, "geometry": { "type": "Polygon", "coordinates": [ [ [ 146.375, -25.125 ], [ 146.375, -26.125 ], [ 147.125, -26.125 ], [ 147.125, -26.375 ], [ 146.875, -26.375 ], [ 146.875, -26.625 ], [ 146.625, -26.625 ], [ 146.625, -26.875 ], [ 146.375, -26.875 ], [ 146.375, -27.375 ], [ 146.625, -27.375 ], [ 146.625, -27.625 ], [ 146.875, -27.625 ], [ 146.875, -27.875 ], [ 147.375, -27.875 ], [ 147.375, -28.125 ], [ 148.125, -28.125 ], [ 148.125, -28.375 ], [ 148.375, -28.375 ], [ 148.375, -28.625 ], [ 148.625, -28.625 ], [ 148.625, -28.875 ], [ 149.125, -28.875 ], [ 149.125, -29.125 ], [ 149.375, -29.125 ], [ 149.375, -29.375 ], [ 149.625, -29.375 ], [ 149.625, -29.625 ], [ 150.375, -29.625 ], [ 150.375, -29.875 ], [ 150.875, -29.875 ], [ 150.875, -29.125 ], [ 151.125, -29.125 ], [ 151.125, -28.875 ], [ 151.375, -28.875 ], [ 151.375, -27.625 ], [ 151.625, -27.625 ], [ 151.625, -26.875 ], [ 151.375, -26.875 ], [ 151.375, -26.625 ], [ 151.125, -26.625 ], [ 151.125, -26.375 ], [ 149.125, -26.375 ], [ 149.125, -26.125 ], [ 148.875, -26.125 ], [ 148.875, -25.875 ], [ 149.125, -25.875 ], [ 149.125, -25.625 ], [ 148.375, -25.625 ], [ 148.375, -25.375 ], [ 148.125, -25.375 ], [ 148.125, -25.125 ], [ 146.375, -25.125 ] ] ] } },
{ "type": "Feature", "properties": { "cluster_id": 75, "cohesion": 7.3728615150701948, "distances": { "1": 38.12066081380832, "2": 36.01141454978999, "3": 29.250804546420195, "4": 30.850001602676226, "5": 34.26796302030151, "6": 42.72124008994391, "7": 39.480151682051925, "8": 42.75559945378902, "9": 36.20076727238783, "10": 33.3483890437061, "11": 25.317726967986747, "12": 29.648779640747534, "13": 31.627146352350078, "14": 31.72704031790677, "15": 37.222529274125165, "16": 40.31118903490012, "17": 36.05420822751031, "18": 33.4876580489108, "19": 33.60155600957296, "20": 36.33570286516792, "21": 34.013223605472845, "22": 30.047683545377065, "23": 28.66589046617799, "24": 22.84163481297356, "25": 25.890413736337667, "26": 29.978367612164227, "27": 28.267733183784067, "28": 27.30265524660415, "29": 28.08413125885426, "30": 14.300483566867083, "31": 17.389738788731105, "32": 13.001887714000324, "33": 24.823411699325742, "34": 25.90705721588866, "35": 21.76875130881245, "36": 30.369325849779138, "37": 33.68082961244683, "38": 33.41462981261833, "39": 33.829453217867574, "40": 32.841843841223344, "41": 34.087267207277336, "42": 32.36443830874475, "43": 30.42115564780747, "44": 27.40576689929329, "45": 29.807106913560865, "46": 25.29921435149303, "47": 22.729731933839872, "48": 23.150436496739715, "49": 19.87887870933545, "50": 26.55213795879835, "51": 30.283899325211, "52": 26.61894177344849, "53": 24.89967469726532, "54": 23.756428472034433, "55": 28.274174022731508, "56": 29.685236437334776, "57": 28.811246372705405, "58": 19.62245819553171, "59": 24.279831808727128, "60": 24.64040070112759, "61": 21.07297817697156, "62": 17.48976993272041, "63": 19.615248600764215, "64": 19.548019471281577, "65": 25.293103289308156, "66": 19.089456650715384, "67": 19.785027249094796, "68": 31.32148288558938, "69": 29.1547571760972, "70": 29.369545126778345, "71": 14.788177371721913, "72": 17.266644645775024, "73": 13.486337182501195, "74": 11.218778539752721, "76": 12.931597063603594, "77": 19.46389939675065, "78": 21.41831208430312, "79": 26.865875861228577, "80": 24.997311737202303, "81": 30.294068046741998, "82": 27.86153470795911, "83": 28.818824447638143, "84": 25.65185823476546, "85": 27.113830473606935 } }, "geometry": { "type": "Polygon", "coordinates": [ [ [ 145.875, -25.375 ], [ 145.875, -25.625 ], [ 145.625, -25.625 ], [ 145.625, -25.875 ], [ 145.125, -25.875 ], [ 145.125, -26.625 ], [ 144.875, -26.625 ], [ 144.875, -26.875 ], [ 145.125, -26.875 ], [ 145.125, -27.375 ], [ 144.625, -27.375 ], [ 144.625, -28.375 ], [ 144.875, -28.375 ], [ 144.875, -28.875 ], [ 145.125, -28.875 ], [ 145.125, -29.125 ], [ 146.625, -29.125 ], [ 146.625, -29.375 ], [ 146.875, -29.375 ], [ 146.875, -29.625 ], [ 147.125, -29.625 ], [ 147.125, -29.875 ], [ 147.625, -29.875 ], [ 147.625, -30.375 ], [ 147.875, -30.375 ], [ 147.875, -30.875 ], [ 148.125, -30.875 ], [ 148.125, -31.375 ], [ 148.625, -31.375 ], [ 148.625, -30.625 ], [ 148.875, -30.625 ], [ 148.875, -30.375 ], [ 150.125, -30.375 ], [ 150.125, -29.875 ], [ 150.375, -29.875 ], [ 150.375, -29.625 ], [ 149.625, -29.625 ], [ 149.625, -29.375 ], [ 149.375, -29.375 ], [ 149.375, -29.125 ], [ 149.125, -29.125 ], [ 149.125, -28.875 ], [ 148.625, -28.875 ], [ 148.625, -28.625 ], [ 148.375, -28.625 ], [ 148.375, -28.375 ], [ 148.125, -28.375 ], [ 148.125, -28.125 ], [ 147.375, -28.125 ], [ 147.375, -27.875 ], [ 146.875, -27.875 ], [ 146.875, -27.625 ], [ 146.625, -27.625 ], [ 146.625, -27.375 ], [ 146.375, -27.375 ], [ 146.375, -26.875 ], [ 146.625, -26.875 ], [ 146.625, -26.625 ], [ 146.875, -26.625 ], [ 146.875, -26.375 ], [ 147.125, -26.375 ], [ 147.125, -26.125 ], [ 146.375, -26.125 ], [ 146.375, -25.375 ], [ 145.875, -25.375 ] ] ] } },
{ "type": "Feature", "properties": { "cluster_id": 76, "cohesion": 5.1117108267834697, "distances": { "1": 33.57962018838212, "2": 31.163609320805936, "3": 24.943475205347855, "4": 27.4019524942623, "5": 29.895379120719806, "6": 37.519519747866404, "7": 34.343910585625885, "8": 36.73411145478562, "9": 29.462904348865365, "10": 25.66382881300286, "11": 17.078170806806877, "12": 23.030229436498015, "13": 26.009156605369977, "14": 24.19829006162208, "15": 32.327539668210605, "16": 33.284559130981656, "17": 29.528279685249117, "18": 28.613203423567352, "19": 30.257057059239724, "20": 31.83213583136987, "21": 29.581444978266017, "22": 27.125083397775274, "23": 25.61959268214203, "24": 27.275392440652276, "25": 30.52239045362805, "26": 32.61375025947863, "27": 32.057817473804405, "28": 29.97975674810318, "29": 31.219058172771362, "30": 20.195830599129135, "31": 24.66656625975558, "32": 21.113687112834405, "33": 30.366964141057565, "34": 30.06167623702394, "35": 26.9324380175271, "36": 27.82585623347069, "37": 30.916432142614795, "38": 31.471876834207034, "39": 31.22165544394202, "40": 30.308640926142346, "41": 33.408042572136814, "42": 31.814691717784452, "43": 29.16554482731788, "44": 28.14226576327999, "45": 30.343449707412258, "46": 25.504883273341182, "47": 21.56402640302266, "48": 26.26401505014846, "49": 22.56443427082927, "50": 28.378621936713774, "51": 31.203864488962562, "52": 27.153361084127805, "53": 25.987049846840012, "54": 24.563189605237238, "55": 28.26264218284359, "56": 29.420253597545816, "57": 29.670442769986103, "58": 17.83445573572027, "59": 22.0138249136836, "60": 21.803664776332205, "61": 20.060606249404675, "62": 16.214392311664238, "63": 13.32099514300717, "64": 19.78695548778425, "65": 26.771053885577807, "66": 22.9508699558223, "67": 20.17400831174251, "68": 32.728710182604786, "69": 28.273962450264204, "70": 29.58475469503813, "71": 10.7447810244292, "72": 17.635887903584738, "73": 18.37505059590132, "74": 16.353579524769092, "75": 12.931597063603592, "77": 11.027561838448632, "78": 17.297138915819435, "79": 20.636948202225177, "80": 23.927515814496765, "81": 28.337273915859072, "82": 26.70067991885183, "83": 24.69694531486273, "84": 23.18485276347477, "85": 26.1055651923672 } }, "geometry": { "type": "Polygon", "coordinates": [ [ [ 144.375, -25.125 ], [ 144.375, -25.375 ], [ 144.125, -25.375 ], [ 144.125, -25.625 ], [ 143.375, -25.625 ], [ 143.375, -26.125 ], [ 143.625, -26.125 ], [ 143.625, -26.375 ], [ 143.875, -26.375 ], [ 143.875, -26.625 ], [ 144.375, -26.625 ], [ 144.375, -26.875 ], [ 144.875, -26.875 ], [ 144.875, -26.625 ], [ 145.125, -26.625 ], [ 145.125, -25.875 ], [ 145.625, -25.875 ], [ 145.625, -25.625 ], [ 145.875, -25.625 ], [ 145.875, -25.375 ], [ 146.125, -25.375 ], [ 146.125, -25.125 ], [ 144.375, -25.125 ] ] ] } },
{ "type": "Feature", "properties": { "cluster_id": 77, "cohesion": 7.5277261250383649, "distances": { "1": 33.004722170365774, "2": 30.332131985380077, "3": 26.07495381323405, "4": 28.55500816331782, "5": 30.139426207609194, "6": 34.86425096214373, "7": 31.390561070317357, "8": 32.617452657453526, "9": 26.249234537469196, "10": 20.173743355388556, "11": 13.455965643076036, "12": 21.58606445016306, "13": 21.24412316219036, "14": 17.338299471524113, "15": 29.17203645385651, "16": 27.466550259521895, "17": 24.034845035066997, "18": 24.87960536271406, "19": 28.26412786711246, "20": 30.187524726000614, "21": 27.68970737463809, "22": 26.292830933110775, "23": 25.544501336955467, "24": 29.665481439927074, "25": 33.50812920287508, "26": 35.71329015680464, "27": 35.68048554133927, "28": 34.54790817757453, "29": 35.61965565906284, "30": 24.206479409189434, "31": 28.668261831626932, "32": 25.820771004040107, "33": 33.895642538267204, "34": 33.98417572523896, "35": 30.257921211729496, "36": 28.989693907427544, "37": 31.376880143736226, "38": 32.36265157038747, "39": 31.586519319550725, "40": 31.591335201532733, "41": 35.89021556783525, "42": 33.47367052897161, "43": 31.983224891202124, "44": 32.59982216091642, "45": 33.9796721350247, "46": 26.04292244814708, "47": 22.248081805664466, "48": 29.84450505723124, "49": 25.697885718314172, "50": 32.704416648227806, "51": 33.819095065058335, "52": 29.539595759023456, "53": 28.70054554566178, "54": 27.632957041936688, "55": 29.297110760000287, "56": 30.88604654781681, "57": 31.34888515759877, "58": 22.077005506489694, "59": 25.48175787866418, "60": 24.645152431584055, "61": 23.3535454742381, "62": 20.77792042319111, "63": 15.197236131137446, "64": 22.034829447690097, "65": 27.5604906012801, "66": 25.368823660181864, "67": 21.25106293879168, "68": 34.30122119432917, "69": 29.106931513747746, "70": 29.623237081963843, "71": 12.200643904490182, "72": 19.675894323888553, "73": 22.637845309625394, "74": 23.12654722245662, "75": 19.463899396750648, "76": 11.027561838448635, "78": 14.593880920567091, "79": 14.832880181315113, "80": 25.383095642831726, "81": 27.48899568829814, "82": 26.509022094468847, "83": 21.219251470119193, "84": 21.16290097552191, "85": 25.43723491342318 } }, "geometry": { "type": "Polygon", "coordinates": [ [ [ 140.125, -22.375 ], [ 140.125, -22.625 ], [ 139.125, -22.625 ], [ 139.125, -22.875 ], [ 139.625, -22.875 ], [ 139.625, -23.125 ], [ 139.875, -23.125 ], [ 139.875, -23.375 ], [ 138.875, -23.375 ], [ 138.875, -23.625 ], [ 139.125, -23.625 ], [ 139.125, -23.875 ], [ 139.625, -23.875 ], [ 139.625, -24.125 ], [ 139.875, -24.125 ], [ 139.875, -24.375 ], [ 140.125, -24.375 ], [ 140.125, -24.625 ], [ 140.625, -24.625 ], [ 140.625, -24.875 ], [ 140.875, -24.875 ], [ 140.875, -25.125 ], [ 141.375, -25.125 ], [ 141.375, -25.375 ], [ 141.625, -25.375 ], [ 141.625, -25.625 ], [ 141.875, -25.625 ], [ 141.875, -25.375 ], [ 142.125, -25.375 ], [ 142.125, -25.625 ], [ 142.375, -25.625 ], [ 142.375, -26.125 ], [ 142.625, -26.125 ], [ 142.625, -26.375 ], [ 143.125, -26.375 ], [ 143.125, -26.125 ], [ 143.375, -26.125 ], [ 143.375, -25.625 ], [ 144.125, -25.625 ], [ 144.125, -25.375 ], [ 144.375, -25.375 ], [ 144.375, -25.125 ], [ 144.125, -25.125 ], [ 144.125, -24.625 ], [ 143.875, -24.625 ], [ 143.875, -24.125 ], [ 143.625, -24.125 ], [ 143.625, -23.875 ], [ 143.375, -23.875 ], [ 143.375, -23.625 ], [ 143.125, -23.625 ], [ 143.125, -23.375 ], [ 142.125, -23.375 ], [ 142.125, -23.125 ], [ 141.875, -23.125 ], [ 141.875, -22.625 ], [ 141.625, -22.625 ], [ 141.625, -22.375 ], [ 141.125, -22.375 ], [ 141.125, -22.625 ], [ 140.625, -22.625 ], [ 140.625, -22.375 ], [ 140.125, -22.375 ] ] ] } },
{ "type": "Feature", "properties": { "cluster_id": 78, "cohesion": 7.278675044147171, "distances": { "1": 39.27994607621173, "2": 37.65006229476637, "3": 32.549458989324236, "4": 33.96509238370227, "5": 36.56089377870051, "6": 41.003705218512614, "7": 36.983656153609914, "8": 38.852392080557266, "9": 34.47069034999647, "10": 28.10093937184728, "11": 23.378937624478382, "12": 30.32348985797423, "13": 22.060829286986646, "14": 21.23448433970793, "15": 32.86737220414223, "16": 32.77008639814546, "17": 27.31854859067345, "18": 26.646418700502075, "19": 30.253056850569713, "20": 34.91442405752662, "21": 31.963584714783256, "22": 28.340439843772636, "23": 27.53447749078498, "24": 29.282037195036605, "25": 32.33393822356299, "26": 37.515655956919474, "27": 35.810660915350915, "28": 34.65373377289353, "29": 33.41779306831005, "30": 20.94276973002449, "31": 28.37680761721258, "32": 25.114604878198932, "33": 32.03072430908788, "34": 29.867978288043115, "35": 25.72635055385134, "36": 31.520518594280453, "37": 34.60397537872667, "38": 32.006258946776995, "39": 33.364565414883465, "40": 32.950405222460994, "41": 34.712459533548504, "42": 30.82768989787295, "43": 32.88222455152654, "44": 32.75218708172259, "45": 31.67792546766171, "46": 19.237236336639082, "47": 14.582450032666175, "48": 24.324902353901056, "49": 19.336020236768917, "50": 29.905827712089113, "51": 29.57065243074473, "52": 24.6081339950358, "53": 26.64908052185784, "54": 27.446755284273838, "55": 25.76084317349752, "56": 28.036487309956645, "57": 26.133898080730372, "58": 27.485857185396153, "59": 31.023060835743134, "60": 30.13304756502202, "61": 28.92811395208716, "62": 26.816818931254247, "63": 23.808684415130912, "64": 26.25853181819506, "65": 30.219280559314818, "66": 26.90487523537865, "67": 22.87154993432835, "68": 36.56155509544458, "69": 31.34027843608992, "70": 31.932747252365534, "71": 11.938702851037998, "72": 13.40014243451374, "73": 24.886758411898988, "74": 25.933810628090793, "75": 21.418312084303118, "76": 17.297138915819435, "77": 14.593880920567091, "79": 12.716479475724288, "80": 26.560708725733242, "81": 27.7125135901586, "82": 24.608082847474098, "83": 19.015606209317863, "84": 14.863454430022436, "85": 21.02586187120303 } }, "geometry": { "type": "MultiPolygon", "coordinates": [ [ [ [ 134.375, -23.125 ], [ 135.375, -23.125 ], [ 135.375, -22.875 ], [ 137.125, -22.875 ], [ 137.125, -23.125 ], [ 138.125, -23.125 ], [ 138.125, -23.375 ], [ 138.875, -23.375 ], [ 138.875, -23.625 ], [ 139.125, -23.625 ], [ 139.125, -23.875 ], [ 139.625, -23.875 ], [ 139.625, -24.125 ], [ 139.875, -24.125 ], [ 139.875, -24.375 ], [ 140.125, -24.375 ], [ 140.125, -24.625 ], [ 139.875, -24.625 ], [ 139.875, -25.125 ], [ 140.125, -25.125 ], [ 140.125, -25.375 ], [ 140.375, -25.375 ], [ 140.375, -25.625 ], [ 140.125, -25.625 ], [ 140.125, -25.875 ], [ 139.625, -25.875 ], [ 139.625, -25.375 ], [ 138.875, -25.375 ], [ 138.875, -25.125 ], [ 138.625, -25.125 ], [ 138.625, -24.875 ], [ 137.875, -24.875 ], [ 137.875, -24.625 ], [ 137.375, -24.625 ], [ 137.375, -24.375 ], [ 137.125, -24.375 ], [ 137.125, -24.125 ], [ 136.625, -24.125 ], [ 136.625, -23.875 ], [ 136.375, -23.875 ], [ 136.375, -23.625 ], [ 135.875, -23.625 ], [ 135.875, -23.375 ], [ 134.375, -23.375 ], [ 134.375, -23.125 ] ] ], [ [ [ 134.375, -23.625 ], [ 133.625, -23.625 ], [ 133.625, -23.875 ], [ 131.875, -23.875 ], [ 131.875, -24.125 ], [ 131.375, -24.125 ], [ 131.375, -23.875 ], [ 130.375, -23.875 ], [ 130.375, -23.625 ], [ 130.875, -23.625 ], [ 130.875, -23.375 ], [ 134.375, -23.375 ], [ 134.375, -23.625 ] ] ] ] } },
{ "type": "Feature", "properties": { "cluster_id": 79, "cohesion": 7.0675128528794939, "distances": { "1": 35.98351712094762, "2": 33.61599199688476, "3": 31.31638787100225, "4": 33.179550272028656, "5": 34.2065470876238, "6": 34.54025985525662, "7": 30.37666399501843, "8": 30.863040298811388, "9": 28.169284357927623, "10": 20.49464821273883, "11": 19.5789502831546, "12": 26.53547722599027, "13": 14.339038542909593, "14": 12.279387211479323, "15": 26.149647806366886, "16": 23.38091102730011, "17": 18.204140625117592, "18": 20.07718557726906, "19": 25.91856371292247, "20": 30.168395024266587, "21": 26.953000708278317, "22": 25.28062128972357, "23": 25.810645420510937, "24": 32.052724813871876, "25": 36.288592147334725, "26": 39.527463551570385, "27": 39.360990020152485, "28": 39.259877969909574, "29": 39.43397596103815, "30": 28.425509930983523, "31": 32.71246226756907, "32": 30.905611326006955, "33": 37.038537641807046, "34": 36.76315866731728, "35": 32.74855204467067, "36": 32.54274913878922, "37": 34.29286371979748, "38": 34.340942719981314, "39": 33.88089886984731, "40": 34.88665466465183, "41": 39.054417200986364, "42": 35.19252617890005, "43": 36.34700821105093, "44": 37.64570964782778, "45": 37.61898351228102, "46": 24.49022258124413, "47": 21.40764928001782, "48": 32.13551769784016, "49": 27.9742537937057, "50": 36.54566584493545, "51": 35.63007948129159, "52": 30.96639286236592, "53": 31.352478225460974, "54": 31.355606517344615, "55": 29.337310941055932, "56": 32.100712545364836, "57": 31.665067100836183, "58": 29.308709320063482, "59": 31.990963098809935, "60": 30.917971587750973, "61": 29.42786797564913, "62": 28.061193102670487, "63": 23.04260336849427, "64": 26.456788595907827, "65": 29.41203227475053, "66": 28.603174153276836, "67": 23.38913791393217, "68": 36.75463392692573, "69": 31.28902399862061, "70": 30.520249132073758, "71": 18.23331123764339, "72": 22.19533582040546, "73": 28.083706490914274, "74": 30.5830697809668, "75": 26.865875861228574, "76": 20.636948202225174, "77": 14.832880181315113, "78": 12.716479475724288, "80": 28.0328970292139, "81": 26.223187692312383, "82": 25.41561645809367, "83": 14.881549615467351, "84": 16.046327345273646, "85": 22.7496314747224 } }, "geometry": { "type": "Polygon", "coordinates": [ [ [ 132.875, -21.875 ], [ 132.875, -22.125 ], [ 131.625, -22.125 ], [ 131.625, -22.375 ], [ 130.625, -22.375 ], [ 130.625, -22.625 ], [ 130.375, -22.625 ], [ 130.375, -22.875 ], [ 130.625, -22.875 ], [ 130.625, -23.125 ], [ 130.875, -23.125 ], [ 130.875, -23.375 ], [ 134.375, -23.375 ], [ 134.375, -23.125 ], [ 135.375, -23.125 ], [ 135.375, -22.875 ], [ 137.125, -22.875 ], [ 137.125, -23.125 ], [ 138.125, -23.125 ], [ 138.125, -23.375 ], [ 139.875, -23.375 ], [ 139.875, -23.125 ], [ 139.625, -23.125 ], [ 139.625, -22.875 ], [ 139.125, -22.875 ], [ 139.125, -22.625 ], [ 138.375, -22.625 ], [ 138.375, -22.375 ], [ 138.125, -22.375 ], [ 138.125, -22.125 ], [ 137.625, -22.125 ], [ 137.625, -21.875 ], [ 136.625, -21.875 ], [ 136.625, -22.125 ], [ 136.125, -22.125 ], [ 136.125, -21.875 ], [ 132.875, -21.875 ] ] ] } },
{ "type": "Feature", "properties": { "cluster_id": 80, "cohesion": 5.0842496537616482, "distances": { "1": 29.713900052188627, "2": 28.719122007519438, "3": 24.910422630259987, "4": 23.210998093175803, "5": 27.193061428350973, "6": 33.54758887332951, "7": 30.57396929440652, "8": 34.977997146084896, "9": 30.65947339529661, "10": 29.934292112233916, "11": 25.39236986865264, "12": 26.07860358758797, "13": 26.524411233943777, "14": 30.255257289623323, "15": 27.34796467831736, "16": 34.82824498144376, "17": 30.82852554530415, "18": 25.01518743662943, "19": 20.047303828018492, "20": 27.309329305063944, "21": 24.66032627872468, "22": 18.377257658330112, "23": 20.077935836801135, "24": 23.346065074278858, "25": 25.750508668510342, "26": 25.604009109130253, "27": 26.074554407881834, "28": 25.568704012804098, "29": 27.46608913837502, "30": 27.684265108976472, "31": 25.520050463517425, "32": 27.24754141356924, "33": 27.17749960295824, "34": 27.607647945482604, "35": 28.174871484555975, "36": 24.105047478915797, "37": 25.68717640490046, "38": 28.0032101352602, "39": 27.259208353039988, "40": 27.346335056402793, "41": 29.879812694028043, "42": 27.80690081174497, "43": 26.686528303862445, "44": 26.010072874252636, "45": 29.59184159431623, "46": 23.97449752311585, "47": 25.57617126865848, "48": 26.689938453768235, "49": 27.08372822136975, "50": 27.337009096746673, "51": 29.002263324374553, "52": 27.16161989654024, "53": 19.432369532841165, "54": 12.819541141435858, "55": 18.29398955355745, "56": 23.51732193699299, "57": 25.385301559478332, "58": 22.592879823849216, "59": 25.070383785231375, "60": 21.925362333977898, "61": 24.06703813809819, "62": 23.550017820725408, "63": 23.304042674603096, "64": 22.49829771315238, "65": 23.383223089089753, "66": 23.272473852043877, "67": 18.335230604066872, "68": 24.5461576936749, "69": 21.73080381979316, "70": 22.995422728332578, "71": 26.1087872504852, "72": 26.81326309389417, "73": 24.571655923725498, "74": 24.019879587148992, "75": 24.997311737202303, "76": 23.927515814496765, "77": 25.383095642831726, "78": 26.560708725733242, "79": 28.0328970292139, "81": 13.776109451652989, "82": 13.466406302040129, "83": 22.920644934684837, "84": 23.14672739203238, "85": 19.065959176539327 } }, "geometry": { "type": "Polygon", "coordinates": [ [ [ 117.875, -20.125 ], [ 117.875, -20.375 ], [ 116.375, -20.375 ], [ 116.375, -21.125 ], [ 116.125, -21.125 ], [ 116.125, -22.125 ], [ 116.375, -22.125 ], [ 116.375, -22.375 ], [ 116.625, -22.375 ], [ 116.625, -22.625 ], [ 117.125, -22.625 ], [ 117.125, -22.875 ], [ 117.375, -22.875 ], [ 117.375, -22.625 ], [ 117.625, -22.625 ], [ 117.625, -22.375 ], [ 117.875, -22.375 ], [ 117.875, -21.375 ], [ 117.625, -21.375 ], [ 117.625, -20.875 ], [ 117.875, -20.875 ], [ 117.875, -20.625 ], [ 118.125, -20.625 ], [ 118.125, -20.375 ], [ 118.375, -20.375 ], [ 118.375, -20.125 ], [ 117.875, -20.125 ] ] ] } },
{ "type": "Feature", "properties": { "cluster_id": 81, "cohesion": 6.8120283500550043, "distances": { "1": 30.89630958980204, "2": 29.855139732124673, "3": 29.234295855280312, "4": 27.30321747893751, "5": 30.035213596218252, "6": 31.069111222117908, "7": 27.319682838701816, "8": 30.862102170221874, "9": 29.987715297801603, "10": 28.0754268068089, "11": 27.003060476080336, "12": 28.10008392666274, "13": 21.26708324153522, "14": 27.226903059840556, "15": 21.703952749230417, "16": 30.05637987159244, "17": 25.722119066352395, "18": 17.84059796172497, "19": 12.313195020605797, "20": 26.744200206352417, "21": 22.42327729936816, "22": 15.678458713229059, "23": 21.891922576680688, "24": 26.14296100589997, "25": 29.885948589837277, "26": 29.976628407884075, "27": 31.05934712856241, "28": 32.81491442979022, "29": 34.65693478844614, "30": 32.345000820019536, "31": 29.735663225875246, "32": 31.853290656241114, "33": 31.70883694071143, "34": 33.6932033110867, "35": 32.98535644818699, "36": 30.891295853089048, "37": 31.382370237861096, "38": 34.72351092262644, "39": 33.308178501638906, "40": 34.78531337574982, "41": 38.191978126369015, "42": 34.775873512177746, "43": 35.21781008628208, "44": 34.66907933295638, "45": 37.77007409730284, "46": 26.315068318241554, "47": 29.410122800283066, "48": 32.78146525049917, "49": 32.45114948507916, "50": 35.28736395365556, "51": 35.72263439947858, "52": 33.23614019434658, "53": 26.5626998654132, "54": 21.97756362563474, "55": 22.26742766326565, "56": 29.692338499626885, "57": 30.215466310616716, "58": 28.814152610468156, "59": 31.362567866806792, "60": 27.872299704616086, "61": 29.322897690680186, "62": 28.76092751347397, "63": 26.715676114675414, "64": 26.147911028287652, "65": 24.32730594572901, "66": 26.35405552708429, "67": 21.053113760072584, "68": 26.52664992121202, "69": 24.610861764400102, "70": 23.128547981027474, "71": 29.829769298182935, "72": 31.081200937269916, "73": 29.27401199526905, "74": 30.476898532781295, "75": 30.294068046741998, "76": 28.33727391585907, "77": 27.48899568829814, "78": 27.712513590158604, "79": 26.223187692312383, "80": 13.776109451652992, "82": 11.440080775449864, "83": 17.36800488873453, "84": 21.476148634005025, "85": 16.945992142418877 } }, "geometry": { "type": "MultiPolygon", "coordinates": [ [ [ [ 120.375, -19.875 ], [ 119.625, -19.875 ], [ 119.625, -20.125 ], [ 119.125, -20.125 ], [ 119.125, -20.375 ], [ 118.625, -20.375 ], [ 118.625, -21.375 ], [ 119.125, -21.375 ], [ 119.125, -21.125 ], [ 119.625, -21.125 ], [ 119.625, -21.375 ], [ 120.375, -21.375 ], [ 120.375, -21.125 ], [ 120.625, -21.125 ], [ 120.625, -20.875 ], [ 121.125, -20.875 ], [ 121.125, -20.625 ], [ 122.375, -20.625 ], [ 122.375, -20.875 ], [ 122.625, -20.875 ], [ 122.625, -21.125 ], [ 123.125, -21.125 ], [ 123.125, -21.375 ], [ 122.625, -21.375 ], [ 122.625, -21.625 ], [ 122.375, -21.625 ], [ 122.375, -21.875 ], [ 122.125, -21.875 ], [ 122.125, -22.125 ], [ 121.625, -22.125 ], [ 121.625, -22.375 ], [ 121.125, -22.375 ], [ 121.125, -22.125 ], [ 120.375, -22.125 ], [ 120.375, -22.375 ], [ 119.625, -22.375 ], [ 119.625, -22.125 ], [ 119.375, -22.125 ], [ 119.375, -21.875 ], [ 117.875, -21.875 ], [ 117.875, -21.375 ], [ 117.625, -21.375 ], [ 117.625, -20.875 ], [ 117.875, -20.875 ], [ 117.875, -20.625 ], [ 118.125, -20.625 ], [ 118.125, -20.375 ], [ 118.375, -20.375 ], [ 118.375, -20.125 ], [ 118.625, -20.125 ], [ 118.625, -19.875 ], [ 119.125, -19.875 ], [ 119.125, -19.625 ], [ 120.375, -19.625 ], [ 120.375, -19.875 ] ] ], [ [ [ 120.375, -19.375 ], [ 120.625, -19.375 ], [ 120.625, -19.625 ], [ 120.375, -19.625 ], [ 120.375, -19.375 ] ] ] ] } },
{ "type": "Feature", "properties": { "cluster_id": 82, "cohesion": 7.7091374289206858, "distances": { "1": 35.27256482219453, "2": 33.82331737367682, "3": 30.616159996727863, "4": 29.553809447773464, "5": 33.09595250129448, "6": 36.49840448765982, "7": 32.54174792203071, "8": 36.231351584286024, "9": 33.86405620283143, "10": 30.985046236561992, "11": 27.93424027953157, "12": 30.251956366208383, "13": 23.3742378312937, "14": 28.89181295007087, "15": 27.064259742137228, "16": 34.31735419316152, "17": 29.195889084360246, "18": 21.89939719063796, "19": 18.80204700240862, "20": 30.532337102842746, "21": 26.62184685147852, "22": 19.46972780856151, "23": 22.700143128667257, "24": 25.820760186891075, "25": 28.211651558405315, "26": 30.709883563177087, "27": 30.023346255629754, "28": 30.492325261835695, "29": 30.303418592953598, "30": 28.654949074839994, "31": 27.971427972785804, "32": 29.157605007116125, "33": 29.110217735164834, "34": 28.651715263368427, "35": 28.674841731177313, "36": 30.728393314047622, "37": 32.11368542747756, "38": 31.227344167999888, "39": 32.3135088539236, "40": 32.849414652395936, "41": 33.66861517933601, "42": 29.056369135225335, "43": 32.73043168832587, "44": 31.454071401329063, "45": 32.49134951016153, "46": 19.755971264494363, "47": 24.02622248040334, "48": 27.070314078640596, "49": 27.243128282909858, "50": 29.964889580743087, "51": 29.08415562555131, "52": 26.957631876218016, "53": 20.982338456273364, "54": 17.93981440141343, "55": 15.022104315971536, "56": 23.519358525536845, "57": 22.839694630622155, "58": 27.610973097005967, "59": 31.07350920853777, "60": 27.82675563182917, "61": 29.634907348447715, "62": 28.120955277740002, "63": 26.874856043347727, "64": 26.859103484829873, "65": 26.64792829708878, "66": 26.496482953579743, "67": 21.222305141278916, "68": 29.001132054772476, "69": 26.509034000061998, "70": 26.19717469000793, "71": 27.30144225325343, "72": 26.884634745767393, "73": 28.173660917668894, "74": 27.97226335877074, "75": 27.861534707959105, "76": 26.70067991885183, "77": 26.509022094468847, "78": 24.608082847474098, "79": 25.415616458093677, "80": 13.46640630204013, "81": 11.440080775449864, "83": 17.256306217993856, "84": 17.374637998725436, "85": 11.519757038437366 } }, "geometry": { "type": "Polygon", "coordinates": [ [ [ 122.625, -21.375 ], [ 122.625, -21.625 ], [ 122.375, -21.625 ], [ 122.375, -21.875 ], [ 122.125, -21.875 ], [ 122.125, -22.125 ], [ 121.625, -22.125 ], [ 121.625, -22.375 ], [ 121.125, -22.375 ], [ 121.125, -22.125 ], [ 120.375, -22.125 ], [ 120.375, -22.375 ], [ 119.625, -22.375 ], [ 119.625, -22.125 ], [ 119.375, -22.125 ], [ 119.375, -21.875 ], [ 117.875, -21.875 ], [ 117.875, -22.375 ], [ 117.625, -22.375 ], [ 117.625, -22.625 ], [ 117.375, -22.625 ], [ 117.375, -23.375 ], [ 117.625, -23.375 ], [ 117.625, -23.625 ], [ 117.875, -23.625 ], [ 117.875, -23.875 ], [ 118.125, -23.875 ], [ 118.125, -24.125 ], [ 119.125, -24.125 ], [ 119.125, -23.125 ], [ 120.125, -23.125 ], [ 120.125, -23.625 ], [ 121.125, -23.625 ], [ 121.125, -23.375 ], [ 121.875, -23.375 ], [ 121.875, -23.125 ], [ 122.125, -23.125 ], [ 122.125, -22.875 ], [ 123.125, -22.875 ], [ 123.125, -22.375 ], [ 124.375, -22.375 ], [ 124.375, -22.125 ], [ 124.125, -22.125 ], [ 124.125, -21.375 ], [ 122.625, -21.375 ] ] ] } },
{ "type": "Feature", "properties": { "cluster_id": 83, "cohesion": 7.4115777420703095, "distances": { "1": 35.0259318535011, "2": 32.71928094449626, "3": 31.490156134838585, "4": 31.976893927548502, "5": 33.620192530218745, "6": 32.6122556041944, "7": 27.746786608030447, "8": 29.461224613892256, "9": 29.050099638899212, "10": 23.24805357601868, "11": 23.149261242102217, "12": 27.683005515112974, "13": 11.553385588948547, "14": 17.95230086573163, "15": 21.191629876344948, "16": 24.42175825887743, "17": 18.321720486625406, "18": 12.85417462661323, "19": 17.811162168689524, "20": 28.339331586363073, "21": 23.541780853899418, "22": 19.62058287361313, "23": 23.393592513848933, "24": 29.673193777231532, "25": 33.74822225959933, "26": 36.388966591886444, "27": 36.30191762641412, "28": 37.12487658796356, "29": 37.42388945207223, "30": 30.224843044255806, "31": 31.590410277751754, "32": 31.46146539880653, "33": 34.73047859537688, "34": 34.9451575286325, "35": 32.49396512719889, "36": 33.02312993230369, "37": 34.18356024907296, "38": 34.97957048856475, "39": 34.548466376092435, "40": 35.852142562214496, "41": 39.36170757719129, "42": 34.949330039626886, "43": 37.05242922615211, "44": 37.17782860206969, "45": 37.992125123067375, "46": 22.26727840285341, "47": 23.66997577630128, "48": 31.791731262242067, "49": 29.662894217340718, "50": 36.012048765850274, "51": 35.12645816081848, "52": 31.058923021695946, "53": 29.368254764436475, "54": 27.97467661748584, "55": 24.818220076810853, "56": 30.627884504183637, "57": 29.559849178325127, "58": 29.70248096021697, "59": 32.92839973146834, "60": 30.604033360061234, "61": 30.528518367089898, "62": 28.81023841357982, "63": 24.769371862418573, "64": 27.05723473915776, "65": 27.526645583768154, "66": 28.134439532135175, "67": 22.146290736350082, "68": 33.24001061730407, "69": 29.492906912553664, "70": 27.67090621845917, "71": 24.31761329212038, "72": 26.310869492935904, "73": 29.303358116973424, "74": 31.020109472624853, "75": 28.818824447638143, "76": 24.69694531486273, "77": 21.219251470119193, "78": 19.015606209317863, "79": 14.881549615467348, "80": 22.920644934684837, "81": 17.36800488873453, "82": 17.256306217993856, "84": 12.523771348599105, "85": 15.53115554461268 } }, "geometry": { "type": "Polygon", "coordinates": [ [ [ 128.375, -20.875 ], [ 128.375, -21.125 ], [ 128.125, -21.125 ], [ 128.125, -21.375 ], [ 127.875, -21.375 ], [ 127.875, -21.625 ], [ 127.625, -21.625 ], [ 127.625, -21.375 ], [ 126.875, -21.375 ], [ 126.875, -21.625 ], [ 126.375, -21.625 ], [ 126.375, -21.375 ], [ 125.375, -21.375 ], [ 125.375, -21.125 ], [ 124.125, -21.125 ], [ 124.125, -22.125 ], [ 125.375, -22.125 ], [ 125.375, -22.625 ], [ 127.625, -22.625 ], [ 127.625, -22.875 ], [ 128.125, -22.875 ], [ 128.125, -22.625 ], [ 128.625, -22.625 ], [ 128.625, -22.875 ], [ 129.375, -22.875 ], [ 129.375, -23.125 ], [ 130.625, -23.125 ], [ 130.625, -22.875 ], [ 130.375, -22.875 ], [ 130.375, -22.625 ], [ 130.625, -22.625 ], [ 130.625, -22.375 ], [ 130.875, -22.375 ], [ 130.875, -22.125 ], [ 130.125, -22.125 ], [ 130.125, -21.875 ], [ 129.875, -21.875 ], [ 129.875, -21.625 ], [ 128.875, -21.625 ], [ 128.875, -20.875 ], [ 128.375, -20.875 ] ] ] } },
{ "type": "Feature", "properties": { "cluster_id": 84, "cohesion": 6.6304973738714592, "distances": { "1": 39.05073707407489, "2": 37.141735871659854, "3": 32.958826935582756, "4": 33.805525014967756, "5": 36.564366182989325, "6": 39.20685877098606, "7": 34.788329595762285, "8": 37.15394774501436, "9": 34.53357349193899, "10": 28.906768910207116, "11": 25.904685947604627, "12": 30.993638813334854, "13": 19.13119257753757, "14": 23.09107844051953, "15": 29.2451128681048, "16": 32.083574428437, "17": 25.97705615545329, "18": 21.87459686063811, "19": 24.992705437256586, "20": 33.00138162265485, "21": 29.284203474771022, "22": 24.1754778021925, "23": 24.91657308128504, "24": 27.647097219199864, "25": 30.26142912351074, "26": 35.484419268805304, "27": 33.66347529847947, "28": 33.397516174665206, "29": 31.686351924307335, "30": 24.68326084014927, "31": 28.416308323731187, "32": 27.384997221890497, "33": 30.40611476643127, "34": 28.16270874186345, "35": 25.972387769283035, "36": 32.17021292359422, "37": 34.390975505302244, "38": 31.42585201648035, "39": 33.161005471981284, "40": 33.528592757941865, "41": 34.29773430996873, "42": 29.196581508963188, "43": 33.665338573997616, "44": 32.76486426175441, "45": 31.437840428820508, "46": 13.05100010611, "47": 15.49941620774893, "48": 24.04228374648399, "49": 22.155289302041687, "50": 29.291498810080817, "51": 27.420467132306097, "52": 22.77698707034669, "53": 24.70200705576279, "54": 25.163674193203597, "55": 19.910827127424298, "56": 25.328226384919123, "57": 21.682442098631974, "58": 28.65292933488686, "59": 32.2938324685567, "60": 30.549763163434626, "61": 30.429440325404702, "62": 28.488040807871755, "63": 26.047025613127673, "64": 27.357771595883055, "65": 28.906870918370647, "66": 27.20734178907546, "67": 21.76655825966613, "68": 34.06833714531741, "69": 30.00051375794148, "70": 29.550411031245808, "71": 21.024099572367284, "72": 20.14181865753477, "73": 27.39134122656342, "74": 28.153474153653534, "75": 25.65185823476546, "76": 23.18485276347477, "77": 21.162900975521914, "78": 14.863454430022434, "79": 16.046327345273646, "80": 23.146727392032375, "81": 21.476148634005025, "82": 17.374637998725433, "83": 12.523771348599105, "85": 11.716157769533933 } }, "geometry": { "type": "Polygon", "coordinates": [ [ [ 126.625, -22.625 ], [ 126.625, -22.875 ], [ 126.125, -22.875 ], [ 126.125, -23.125 ], [ 125.125, -23.125 ], [ 125.125, -23.375 ], [ 125.625, -23.375 ], [ 125.625, -23.625 ], [ 126.125, -23.625 ], [ 126.125, -23.875 ], [ 126.375, -23.875 ], [ 126.375, -24.375 ], [ 128.875, -24.375 ], [ 128.875, -24.625 ], [ 130.125, -24.625 ], [ 130.125, -24.125 ], [ 130.375, -24.125 ], [ 130.375, -23.625 ], [ 130.875, -23.625 ], [ 130.875, -23.125 ], [ 129.375, -23.125 ], [ 129.375, -22.875 ], [ 128.625, -22.875 ], [ 128.625, -22.625 ], [ 128.125, -22.625 ], [ 128.125, -22.875 ], [ 127.625, -22.875 ], [ 127.625, -22.625 ], [ 126.625, -22.625 ] ] ] } },
{ "type": "Feature", "properties": { "cluster_id": 85, "cohesion": 7.0516806050869967, "distances": { "1": 38.33557661717451, "2": 36.92185020861811, "3": 32.876165934858584, "4": 32.47753959611931, "5": 35.97211303293813, "6": 39.47816089087047, "7": 35.41980804975998, "8": 38.59503634896382, "9": 36.07085699257938, "10": 31.954467150375734, "11": 28.707249078935597, "12": 32.22649832664385, "13": 23.013773476972204, "14": 28.0556870689436, "15": 29.924738716547857, "16": 35.20294845330412, "17": 29.565620044398216, "18": 23.23077168572235, "19": 23.11400173042596, "20": 33.0662840888089, "21": 29.461816544988917, "22": 23.07941900708805, "23": 24.628415189843487, "24": 26.147765188935164, "25": 28.01291735445663, "26": 32.48543071439163, "27": 30.80350470969341, "28": 31.11970597676552, "29": 29.482023645097037, "30": 26.403776809416915, "31": 27.77729950841728, "32": 28.052792657791912, "33": 28.41703745102182, "34": 26.534248197637133, "35": 26.035213671583264, "36": 32.289086252144955, "37": 34.070634625518544, "38": 31.166523318234958, "39": 33.17208326316486, "40": 33.7141506193648, "41": 33.481769261500105, "42": 28.031964916222783, "43": 33.47313998096761, "44": 31.784286760309932, "45": 31.02107275834396, "46": 13.522764551706596, "47": 19.602489619830152, "48": 24.0785429126693, "49": 23.955662804887897, "50": 28.391498933032526, "51": 26.34058335326466, "52": 23.223681834388987, "53": 21.612583270975303, "54": 21.19475918692246, "55": 14.89080033436229, "56": 23.075275998297453, "57": 19.153217750846327, "58": 28.85275925394233, "59": 32.37017852915527, "60": 29.951739895343426, "61": 30.83960201944914, "62": 29.222106521678203, "63": 27.859823665359468, "64": 27.94808293215547, "65": 28.286650555389517, "66": 27.1165543996513, "67": 21.924488833713813, "68": 31.25950126666546, "69": 28.11164109968001, "70": 28.135385459222682, "71": 25.239922983069224, "72": 23.75890932859317, "73": 28.263965434493482, "74": 28.21433005047124, "75": 27.113830473606935, "76": 26.10556519236721, "77": 25.43723491342318, "78": 21.02586187120303, "79": 22.749631474722403, "80": 19.065959176539323, "81": 16.945992142418877, "82": 11.519757038437366, "83": 15.53115554461268, "84": 11.716157769533933 } }, "geometry": { "type": "Polygon", "coordinates": [ [ [ 124.375, -22.125 ], [ 124.375, -22.375 ], [ 123.125, -22.375 ], [ 123.125, -22.875 ], [ 122.125, -22.875 ], [ 122.125, -23.125 ], [ 121.875, -23.125 ], [ 121.875, -23.375 ], [ 121.625, -23.375 ], [ 121.625, -23.625 ], [ 121.875, -23.625 ], [ 121.875, -23.875 ], [ 123.125, -23.875 ], [ 123.125, -24.375 ], [ 124.625, -24.375 ], [ 124.625, -24.625 ], [ 126.875, -24.625 ], [ 126.875, -24.375 ], [ 126.375, -24.375 ], [ 126.375, -23.875 ], [ 126.125, -23.875 ], [ 126.125, -23.625 ], [ 125.625, -23.625 ], [ 125.625, -23.375 ], [ 125.125, -23.375 ], [ 125.125, -23.125 ], [ 126.125, -23.125 ], [ 126.125, -22.875 ], [ 126.625, -22.875 ], [ 126.625, -22.625 ], [ 125.375, -22.625 ], [ 125.375, -22.125 ], [ 124.375, -22.125 ] ] ] } }
]
}
