{
"type": "FeatureCollection",
"name": "92_clusters",
"crs": { "type": "name", "properties": { "name": "urn:ogc:def:crs:OGC:1.3:CRS84" } },
"features": [
{ "type": "Feature", "properties": { "cluster_id": 1, "cohesion": 6.3236194181755288, "distances": { "2": 12.108282962179954, "3": 20.54090850405804, "4": 16.63299298978544, "5": 12.238145462056229, "6": 10.07541780756684, "7": 19.952534124201346, "8": 23.412227467460266, "9": 25.233840571921707, "10": 27.243178140168173, "11": 19.85440601204526, "12": 26.98037488634105, "13": 26.709539274144753, "14": 19.805724376522928, "15": 32.195836190539424, "16": 32.02744678986398, "17": 27.552003766663987, "18": 29.75565819962036, "19": 30.49267873114012, "20": 30.42780847611869, "21": 28.711215303718074, "22": 19.559370710936445, "23": 23.1459548579904, "24": 28.03846895796907, "25": 27.120299279449245, "26": 35.72442960315266, "27": 38.24501601408791, "28": 31.078403615542474, "29": 36.08173458894632, "30": 36.68057934347469, "31": 42.64549817246463, "32": 43.15959922856688, "33": 39.74570865493866, "34": 41.5418484515588, "35": 42.112810111191685, "36": 41.675996755369354, "37": 40.953648213909936, "38": 44.755359899859556, "39": 44.46813288445693, "40": 28.649483747455577, "41": 26.4652514675006, "42": 39.13653105981281, "43": 31.81051206871825, "44": 34.795981700095886, "45": 43.41088929562553, "46": 43.30788926058851, "47": 45.307795306198486, "48": 36.3233161510957, "49": 37.90649653453019, "50": 44.79548854277408, "51": 43.043165971235005, "52": 42.279767908072294, "53": 44.82366368861659, "54": 44.136700067127656, "55": 43.56781427394974, "56": 47.364203019293825, "57": 44.517915640352825, "58": 40.68277139436427, "59": 35.32564385584121, "60": 40.89955502693178, "61": 42.949207442325644, "62": 45.89020713414093, "63": 26.97317827192793, "64": 29.640540622862783, "65": 26.315591499920167, "66": 22.012719894294676, "67": 28.721108405833583, "68": 30.913873672962072, "69": 28.598602183393123, "70": 30.06377197980057, "71": 30.53554265160243, "72": 34.45525183925162, "73": 29.90449077500931, "74": 28.091036327355468, "75": 24.443430877784156, "76": 28.066319547007385, "77": 37.52977103135783, "78": 42.45689613011759, "79": 41.47401358236685, "80": 36.36688376544984, "81": 37.26950401446904, "82": 38.12066081380833, "83": 33.57962018838212, "84": 33.004722170365774, "85": 39.27994607621173, "86": 35.98351712094762, "87": 29.713900052188627, "88": 30.89630958980204, "89": 35.27256482219453, "90": 35.02593185350109, "91": 39.05073707407488, "92": 38.33557661717451 } }, "geometry": { "type": "MultiPolygon", "coordinates": [ [ [ [ 144.625, -17.125 ], [ 144.625, -17.375 ], [ 143.875, -17.375 ], [ 143.875, -17.125 ], [ 144.625, -17.125 ] ] ], [ [ [ 142.625, -10.625 ], [ 142.625, -10.875 ], [ 142.875, -10.875 ], [ 142.875, -11.125 ], [ 143.125, -11.125 ], [ 143.125, -11.875 ], [ 143.375, -11.875 ], [ 143.375, -12.375 ], [ 143.625, -12.375 ], [ 143.625, -12.875 ], [ 143.875, -12.875 ], [ 143.875, -13.875 ], [ 144.625, -13.875 ], [ 144.625, -14.125 ], [ 144.875, -14.125 ], [ 144.875, -14.375 ], [ 145.125, -14.375 ], [ 145.125, -14.625 ], [ 145.375, -14.625 ], [ 145.375, -14.875 ], [ 145.625, -14.875 ], [ 145.625, -16.125 ], [ 145.875, -16.125 ], [ 145.875, -16.625 ], [ 145.625, -16.625 ], [ 145.625, -16.375 ], [ 145.375, -16.375 ], [ 145.375, -16.125 ], [ 145.125, -16.125 ], [ 145.125, -16.625 ], [ 144.875, -16.625 ], [ 144.875, -16.875 ], [ 144.125, -16.875 ], [ 144.125, -16.375 ], [ 144.375, -16.375 ], [ 144.375, -15.625 ], [ 144.125, -15.625 ], [ 144.125, -15.375 ], [ 143.875, -15.375 ], [ 143.875, -15.125 ], [ 143.625, -15.125 ], [ 143.625, -14.625 ], [ 143.125, -14.625 ], [ 143.125, -14.875 ], [ 142.375, -14.875 ], [ 142.375, -14.375 ], [ 142.125, -14.375 ], [ 142.125, -13.625 ], [ 141.875, -13.625 ], [ 141.875, -11.625 ], [ 142.125, -11.625 ], [ 142.125, -10.625 ], [ 142.625, -10.625 ] ] ] ] } },
{ "type": "Feature", "properties": { "cluster_id": 2, "cohesion": 7.1078975056942806, "distances": { "1": 12.108282962179954, "3": 16.319313153704783, "4": 15.577086668379234, "5": 15.159865006230854, "6": 10.823636115026696, "7": 16.056337523153733, "8": 18.635936929375617, "9": 20.50859014664846, "10": 22.77558453621531, "11": 14.06857695238255, "12": 22.130332331233785, "13": 22.151752269006145, "14": 14.569207366240947, "15": 29.170203207287692, "16": 28.96217751142352, "17": 23.727125690910967, "18": 26.101221728137574, "19": 27.147599162005964, "20": 27.623238290472937, "21": 26.695716479825528, "22": 16.016232596177346, "23": 19.075412374301756, "24": 24.95469572475408, "25": 23.693968598993905, "26": 35.617008603997675, "27": 38.66754924167979, "28": 32.54713068987188, "29": 37.07810118290342, "30": 37.231630298351156, "31": 42.71395879300711, "32": 42.04657638250278, "33": 38.48946235945735, "34": 39.6345499109396, "35": 41.07904194009971, "36": 41.47395400912589, "37": 41.527509302006614, "38": 44.66367539930102, "39": 44.09804197621078, "40": 28.151555638161668, "41": 25.97985546253946, "42": 37.19519167419675, "43": 30.54301579156212, "44": 33.504752595612445, "45": 41.97161893747295, "46": 41.11596808225049, "47": 43.51821691722158, "48": 35.478008782711385, "49": 37.440415066803205, "50": 43.54716591945841, "51": 41.462657437921294, "52": 40.73042083155193, "53": 44.18315689388006, "54": 43.40251970567413, "55": 42.76694627575331, "56": 45.72057065344649, "57": 43.06160798845948, "58": 38.95225229183438, "59": 34.32141268488756, "60": 39.17672841544051, "61": 40.76511772832966, "62": 44.276055819340236, "63": 23.234475269632295, "64": 26.69134978925007, "65": 23.924340036420798, "66": 20.32489086299962, "67": 25.642919415960847, "68": 26.999228389468502, "69": 24.311558010070918, "70": 27.137147966320633, "71": 28.86784029397245, "72": 32.764307375952974, "73": 27.595017029366318, "74": 29.45668922137861, "75": 25.68961390913721, "76": 27.576293952198945, "77": 35.97555769071773, "78": 41.551579659512555, "79": 40.3565320341503, "80": 34.03226770385894, "81": 34.65982220147886, "82": 36.01141454978998, "83": 31.16360932080593, "84": 30.332131985380077, "85": 37.65006229476637, "86": 33.61599199688476, "87": 28.719122007519438, "88": 29.855139732124673, "89": 33.823317373676815, "90": 32.71928094449626, "91": 37.14173587165987, "92": 36.92185020861811 } }, "geometry": { "type": "MultiPolygon", "coordinates": [ [ [ [ 142.125, -16.125 ], [ 142.125, -16.375 ], [ 142.375, -16.375 ], [ 142.375, -16.625 ], [ 142.625, -16.625 ], [ 142.625, -17.625 ], [ 142.875, -17.625 ], [ 142.875, -18.125 ], [ 143.125, -18.125 ], [ 143.125, -18.375 ], [ 143.375, -18.375 ], [ 143.375, -19.375 ], [ 143.625, -19.375 ], [ 143.625, -19.625 ], [ 143.375, -19.625 ], [ 143.375, -20.125 ], [ 143.125, -20.125 ], [ 143.125, -19.875 ], [ 142.875, -19.875 ], [ 142.875, -19.625 ], [ 142.625, -19.625 ], [ 142.625, -18.875 ], [ 142.375, -18.875 ], [ 142.375, -18.375 ], [ 142.125, -18.375 ], [ 142.125, -17.625 ], [ 141.875, -17.625 ], [ 141.875, -16.125 ], [ 142.125, -16.125 ] ] ], [ [ [ 141.875, -16.125 ], [ 141.625, -16.125 ], [ 141.625, -15.625 ], [ 141.875, -15.625 ], [ 141.875, -16.125 ] ] ], [ [ [ 141.375, -15.125 ], [ 141.125, -15.125 ], [ 141.125, -13.625 ], [ 141.375, -13.625 ], [ 141.375, -14.125 ], [ 141.625, -14.125 ], [ 141.625, -15.625 ], [ 141.375, -15.625 ], [ 141.375, -15.125 ] ] ] ] } },
{ "type": "Feature", "properties": { "cluster_id": 3, "cohesion": 6.4135753449333786, "distances": { "1": 20.54090850405804, "2": 16.319313153704783, "4": 11.5684189409294, "5": 15.528856951229955, "6": 15.223940287772589, "7": 26.442634437875334, "8": 25.855193384932644, "9": 28.81240208101202, "10": 28.695589548349968, "11": 17.878550036139092, "12": 21.754197701668133, "13": 15.252949760284743, "14": 10.072551297957023, "15": 27.49856286916672, "16": 26.847220194102547, "17": 27.02562247881599, "18": 29.735336434049927, "19": 28.298812798961237, "20": 27.62492693419963, "21": 27.20641806837337, "22": 21.78099141851963, "23": 22.40183915158518, "24": 23.441251464679638, "25": 20.593610891783907, "26": 31.046025268080577, "27": 33.098718739008575, "28": 29.788241007781906, "29": 32.07466361327972, "30": 30.02998288034321, "31": 34.09642535252806, "32": 32.983214069803566, "33": 31.567964986799264, "34": 31.03296814137775, "35": 33.02117425280963, "36": 34.61854671184177, "37": 35.05674124650705, "38": 35.94152257250155, "39": 35.59800840056163, "40": 24.440577926504858, "41": 24.634716457486043, "42": 30.330152605269753, "43": 26.722203324415148, "44": 27.782942573539394, "45": 33.54842533301908, "46": 32.61522388909653, "47": 34.68871340454275, "48": 28.193333231323763, "49": 28.77975697530647, "50": 33.68898705745304, "51": 32.922372503127576, "52": 31.452902506196942, "53": 34.59226218629557, "54": 33.768863640957015, "55": 32.894462909502415, "56": 35.90167865930483, "57": 33.37149447109712, "58": 30.034516047501814, "59": 26.732484192184153, "60": 31.491121763542072, "61": 32.19882468909748, "62": 35.1434787341221, "63": 11.108764684613433, "64": 14.740822028456323, "65": 14.287178123305647, "66": 10.616723080170932, "67": 18.789257850567683, "68": 17.15309065855682, "69": 15.44100637947387, "70": 22.21724932823981, "71": 27.35646019927895, "72": 27.965036827507568, "73": 22.656300885917013, "74": 29.2668910061698, "75": 24.952993390605673, "76": 27.728956721147366, "77": 27.515014304242353, "78": 32.29919668112642, "79": 31.258046200277963, "80": 26.645531032016816, "81": 24.41475674490024, "82": 26.59708098643311, "83": 21.74471727451512, "84": 22.67739389083938, "85": 29.960145622204507, "86": 28.386916527427623, "87": 23.82658660449695, "88": 27.72660354143555, "89": 28.683122859791307, "90": 28.684165459468968, "91": 30.28584249672881, "92": 30.723410752594386 } }, "geometry": { "type": "MultiPolygon", "coordinates": [ [ [ [ 144.125, -20.625 ], [ 144.125, -20.875 ], [ 144.375, -20.875 ], [ 144.375, -21.375 ], [ 143.875, -21.375 ], [ 143.875, -21.625 ], [ 143.625, -21.625 ], [ 143.625, -22.375 ], [ 143.375, -22.375 ], [ 143.375, -22.125 ], [ 143.125, -22.125 ], [ 143.125, -21.625 ], [ 143.375, -21.625 ], [ 143.375, -21.375 ], [ 143.625, -21.375 ], [ 143.625, -20.875 ], [ 143.875, -20.875 ], [ 143.875, -20.625 ], [ 144.125, -20.625 ] ] ], [ [ [ 143.875, -20.625 ], [ 143.625, -20.625 ], [ 143.625, -20.375 ], [ 143.875, -20.375 ], [ 143.875, -20.625 ] ] ], [ [ [ 145.375, -19.375 ], [ 145.625, -19.375 ], [ 145.625, -19.625 ], [ 145.875, -19.625 ], [ 145.875, -19.875 ], [ 144.125, -19.875 ], [ 144.125, -19.375 ], [ 144.375, -19.375 ], [ 144.375, -19.125 ], [ 145.375, -19.125 ], [ 145.375, -19.375 ] ] ] ] } },
{ "type": "Feature", "properties": { "cluster_id": 4, "cohesion": 7.3503148743935416, "distances": { "1": 16.63299298978544, "2": 15.577086668379234, "3": 11.5684189409294, "5": 12.610065948001163, "6": 11.423302864255586, "7": 26.81158527673816, "8": 27.861441146859185, "9": 30.939479475981237, "10": 31.761223097049513, "11": 21.1572223128011, "12": 26.57213980908797, "13": 21.48027075750956, "14": 15.275525576396332, "15": 31.59269989538901, "16": 31.09966891121116, "17": 29.904502681936624, "18": 33.10083793837927, "19": 31.977679908552307, "20": 31.205482951211206, "21": 29.62187559877124, "22": 21.95615410302112, "23": 24.50220317381755, "24": 26.018471552224252, "25": 22.186491080873537, "26": 32.57203090046001, "27": 33.93581462361203, "28": 28.871076927644463, "29": 31.96194664213825, "30": 29.59696384844146, "31": 34.57519536179561, "32": 35.9342634842791, "33": 34.099172391714404, "34": 34.57085933774001, "35": 35.681650296188835, "36": 36.32826000044367, "37": 35.79544283414522, "38": 37.3083475524134, "39": 37.62656567261398, "40": 23.339571950947857, "41": 22.932040896353186, "42": 30.448944432767785, "43": 25.6719136748798, "44": 27.076959833278632, "45": 33.3459923580519, "46": 33.7368389265927, "47": 35.579848089853655, "48": 27.30299892203491, "49": 28.381146850065655, "50": 34.27346709755899, "51": 35.94695851119824, "52": 34.41557054622485, "53": 36.61169979349768, "54": 36.25399987203124, "55": 33.897494911505646, "56": 37.33602683193634, "57": 35.258706842953636, "58": 31.60504990785226, "59": 27.928118512083145, "60": 33.79550124405353, "61": 33.84388808086757, "62": 37.240199399154854, "63": 17.153022979238916, "64": 18.41541928640246, "65": 14.039962776724748, "66": 11.376945704654617, "67": 20.86895038421799, "68": 22.147643706167926, "69": 21.686768670664723, "70": 25.211591508488556, "71": 29.4938426377915, "72": 30.531681358016517, "73": 25.5952635083217, "74": 28.639992249970263, "75": 23.822209914213815, "76": 28.72211416864976, "77": 30.96807696090072, "78": 35.0321262063046, "79": 34.3041082855298, "80": 29.818054063503805, "81": 28.18877298354824, "82": 30.33951164795336, "83": 26.255786151330515, "84": 27.46882455062673, "85": 33.61174139634772, "86": 32.518222268366195, "87": 25.355073307496095, "88": 29.852836291729446, "89": 31.409200873419785, "90": 32.64133179652869, "91": 34.05543593613821, "92": 33.75934754809518 } }, "geometry": { "type": "MultiPolygon", "coordinates": [ [ [ [ 143.875, -20.875 ], [ 143.625, -20.875 ], [ 143.625, -20.625 ], [ 143.875, -20.625 ], [ 143.875, -20.875 ] ] ], [ [ [ 143.375, -19.625 ], [ 143.625, -19.625 ], [ 143.625, -20.625 ], [ 143.375, -20.625 ], [ 143.375, -19.625 ] ] ], [ [ [ 144.375, -19.125 ], [ 144.375, -19.375 ], [ 144.125, -19.375 ], [ 144.125, -19.625 ], [ 143.625, -19.625 ], [ 143.625, -19.375 ], [ 143.875, -19.375 ], [ 143.875, -19.125 ], [ 144.125, -19.125 ], [ 144.125, -18.875 ], [ 144.625, -18.875 ], [ 144.625, -18.625 ], [ 144.875, -18.625 ], [ 144.875, -18.375 ], [ 145.125, -18.375 ], [ 145.125, -19.125 ], [ 144.375, -19.125 ] ] ], [ [ [ 145.375, -17.125 ], [ 145.375, -16.625 ], [ 145.625, -16.625 ], [ 145.625, -17.125 ], [ 145.875, -17.125 ], [ 145.875, -17.375 ], [ 146.125, -17.375 ], [ 146.125, -17.625 ], [ 146.375, -17.625 ], [ 146.375, -18.125 ], [ 146.625, -18.125 ], [ 146.625, -18.875 ], [ 147.375, -18.875 ], [ 147.375, -19.125 ], [ 147.625, -19.125 ], [ 147.625, -19.375 ], [ 147.875, -19.375 ], [ 147.875, -19.625 ], [ 148.375, -19.625 ], [ 148.375, -19.875 ], [ 148.625, -19.875 ], [ 148.625, -20.125 ], [ 148.875, -20.125 ], [ 148.875, -20.375 ], [ 149.125, -20.375 ], [ 149.125, -20.875 ], [ 148.875, -20.875 ], [ 148.875, -20.625 ], [ 148.625, -20.625 ], [ 148.625, -20.375 ], [ 148.375, -20.375 ], [ 148.375, -20.625 ], [ 148.125, -20.625 ], [ 148.125, -20.375 ], [ 147.625, -20.375 ], [ 147.625, -20.125 ], [ 147.375, -20.125 ], [ 147.375, -19.625 ], [ 147.125, -19.625 ], [ 147.125, -19.375 ], [ 146.875, -19.375 ], [ 146.875, -19.125 ], [ 146.125, -19.125 ], [ 146.125, -18.875 ], [ 145.875, -18.875 ], [ 145.875, -18.625 ], [ 145.375, -18.625 ], [ 145.375, -18.375 ], [ 145.125, -18.375 ], [ 145.125, -17.125 ], [ 145.375, -17.125 ] ] ] ] } },
{ "type": "Feature", "properties": { "cluster_id": 5, "cohesion": 5.6004395451015814, "distances": { "1": 12.238145462056229, "2": 15.159865006230858, "3": 15.528856951229955, "4": 12.610065948001163, "6": 9.89400113370681, "7": 26.362120103832293, "8": 27.573697172958298, "9": 30.885115905396407, "10": 31.773862040186714, "11": 22.905195674357543, "12": 28.074469671075537, "13": 23.985654803415418, "14": 18.45115932562686, "15": 31.359949198941127, "16": 31.81992488185979, "17": 29.493552092341382, "18": 33.36343847922299, "19": 32.07536598474324, "20": 30.237151013550235, "21": 27.91263903599827, "22": 22.548675657084473, "23": 24.3940165684768, "24": 25.99704060577821, "25": 24.280722497638063, "26": 29.849005550438182, "27": 31.243616288246137, "28": 25.438860237589584, "29": 29.053586076445768, "30": 28.418959121190568, "31": 33.675936030119516, "32": 35.53455609284389, "33": 32.86242403003597, "34": 34.44772931491951, "35": 34.42003759689806, "36": 34.116185587729355, "37": 33.24932268169297, "38": 35.83864456971457, "39": 36.39599294844802, "40": 24.14646811870578, "41": 23.522580963319342, "42": 33.26885170831965, "43": 27.760064608668646, "44": 29.39108275646372, "45": 35.982061919829064, "46": 36.22038896266564, "47": 37.696472402819815, "48": 29.537841363032058, "49": 29.577087953744297, "50": 36.343428233977676, "51": 35.86763383834307, "52": 35.09716216733678, "53": 35.96381136142855, "54": 35.855656901105846, "55": 34.44841338217844, "56": 39.05003902319867, "57": 36.371001763009126, "58": 32.68654370174816, "59": 27.090862263002712, "60": 33.523522559713825, "61": 35.524761795213074, "62": 37.9425484537532, "63": 20.048748852670357, "64": 21.69550503217224, "65": 20.4004018454748, "66": 13.886181477375425, "67": 24.26229876213279, "68": 24.700402703375037, "69": 23.777008457291505, "70": 26.127575623945646, "71": 27.645765076983857, "72": 29.57752377127402, "73": 24.99261686020674, "74": 24.54758420106581, "75": 20.814595270650315, "76": 25.84649525119123, "77": 31.601476890188916, "78": 35.009062269712906, "79": 34.47545111949677, "80": 30.525633282569384, "81": 29.283765362848495, "82": 30.85000160267622, "83": 27.4019524942623, "84": 28.55500816331782, "85": 33.96509238370228, "86": 33.179550272028656, "87": 23.2109980931758, "88": 27.30321747893751, "89": 29.553809447773464, "90": 31.976893927548502, "91": 33.80552501496776, "92": 32.477539596119314 } }, "geometry": { "type": "Polygon", "coordinates": [ [ [ 143.125, -14.625 ], [ 143.125, -14.875 ], [ 142.375, -14.875 ], [ 142.375, -15.875 ], [ 142.625, -15.875 ], [ 142.625, -16.125 ], [ 142.875, -16.125 ], [ 142.875, -16.375 ], [ 143.875, -16.375 ], [ 143.875, -17.125 ], [ 144.625, -17.125 ], [ 144.625, -16.875 ], [ 144.125, -16.875 ], [ 144.125, -16.375 ], [ 144.375, -16.375 ], [ 144.375, -15.625 ], [ 144.125, -15.625 ], [ 144.125, -15.375 ], [ 143.875, -15.375 ], [ 143.875, -15.125 ], [ 143.625, -15.125 ], [ 143.625, -14.625 ], [ 143.125, -14.625 ] ] ] } },
{ "type": "Feature", "properties": { "cluster_id": 6, "cohesion": 7.2329121341410199, "distances": { "1": 10.075417807566838, "2": 10.823636115026696, "3": 15.223940287772589, "4": 11.423302864255588, "5": 9.894001133706814, "7": 21.984103332334257, "8": 24.306767879869028, "9": 27.08436133678833, "10": 28.73059308058035, "11": 19.25148727854865, "12": 26.157514921119354, "13": 23.62107995071859, "14": 16.397702742213188, "15": 31.469109407552523, "16": 31.293129238547582, "17": 27.822337392167665, "18": 30.942039078992806, "19": 30.753228089498503, "20": 30.31193291085049, "21": 28.644532093521683, "22": 19.121396059687253, "23": 22.451765375579136, "24": 26.35491638939847, "25": 23.920626874232422, "26": 34.00040736030576, "27": 35.86346127423217, "28": 29.46430727896995, "29": 33.63877921674371, "30": 32.915040999218036, "31": 38.49388719891147, "32": 39.60326872526979, "33": 36.83901045040926, "34": 38.07275821015582, "35": 38.766952423588364, "36": 38.810548234522884, "37": 38.15151463826103, "38": 40.91054145657234, "39": 41.02984422038151, "40": 25.73172911568018, "41": 24.239582257064942, "42": 35.07554711777555, "43": 28.716664914064406, "44": 30.955772579012805, "45": 38.683981805227795, "46": 38.928286950229975, "47": 40.751060515404085, "48": 32.01397360139199, "49": 33.219944662344766, "50": 39.81052701691388, "51": 39.5841300077364, "52": 38.555983200449624, "53": 40.74256376693156, "54": 40.29594485515993, "55": 38.80265149438365, "56": 42.65035430967112, "57": 40.06630215971161, "58": 36.59055801992426, "59": 31.66722562520986, "60": 37.38744082337281, "61": 38.723815100547775, "62": 41.81257809835498, "63": 21.84045862709451, "64": 24.207209092893454, "65": 20.92665810433737, "66": 16.40601394361672, "67": 25.004302573483514, "68": 26.42814825742395, "69": 24.78958690488087, "70": 27.544475821906413, "71": 29.743451698173928, "72": 32.44075269396834, "73": 27.582693545319408, "74": 27.89293519435349, "75": 23.843120060148674, "76": 28.09802466881251, "77": 34.36880883577052, "78": 38.946822179901396, "79": 38.031185750581166, "80": 33.20882859762164, "81": 32.78855151571135, "82": 34.26796302030151, "83": 29.895379120719806, "84": 30.139426207609194, "85": 36.56089377870051, "86": 34.2065470876238, "87": 27.193061428350976, "88": 30.035213596218252, "89": 33.09595250129447, "90": 33.620192530218745, "91": 36.56436618298932, "92": 35.97211303293814 } }, "geometry": { "type": "MultiPolygon", "coordinates": [ [ [ [ 145.875, -16.625 ], [ 145.875, -16.875 ], [ 146.125, -16.875 ], [ 146.125, -17.125 ], [ 146.375, -17.125 ], [ 146.375, -17.375 ], [ 146.625, -17.375 ], [ 146.625, -17.875 ], [ 146.375, -17.875 ], [ 146.375, -17.625 ], [ 146.125, -17.625 ], [ 146.125, -17.375 ], [ 145.875, -17.375 ], [ 145.875, -17.125 ], [ 145.625, -17.125 ], [ 145.625, -16.625 ], [ 145.875, -16.625 ] ] ], [ [ [ 145.375, -16.625 ], [ 145.375, -17.125 ], [ 145.125, -17.125 ], [ 145.125, -18.375 ], [ 144.875, -18.375 ], [ 144.875, -18.625 ], [ 144.625, -18.625 ], [ 144.625, -18.875 ], [ 144.125, -18.875 ], [ 144.125, -19.125 ], [ 143.875, -19.125 ], [ 143.875, -19.375 ], [ 143.375, -19.375 ], [ 143.375, -18.375 ], [ 143.125, -18.375 ], [ 143.125, -18.125 ], [ 142.875, -18.125 ], [ 142.875, -17.625 ], [ 142.625, -17.625 ], [ 142.625, -16.625 ], [ 142.375, -16.625 ], [ 142.375, -16.375 ], [ 142.125, -16.375 ], [ 142.125, -16.125 ], [ 141.875, -16.125 ], [ 141.875, -15.625 ], [ 141.625, -15.625 ], [ 141.625, -14.125 ], [ 141.375, -14.125 ], [ 141.375, -13.625 ], [ 141.125, -13.625 ], [ 141.125, -12.875 ], [ 141.375, -12.875 ], [ 141.375, -12.125 ], [ 141.625, -12.125 ], [ 141.625, -11.125 ], [ 141.875, -11.125 ], [ 141.875, -10.875 ], [ 142.125, -10.875 ], [ 142.125, -11.625 ], [ 141.875, -11.625 ], [ 141.875, -13.625 ], [ 142.125, -13.625 ], [ 142.125, -14.375 ], [ 142.375, -14.375 ], [ 142.375, -15.875 ], [ 142.625, -15.875 ], [ 142.625, -16.125 ], [ 142.875, -16.125 ], [ 142.875, -16.375 ], [ 143.875, -16.375 ], [ 143.875, -17.375 ], [ 144.625, -17.375 ], [ 144.625, -16.875 ], [ 144.875, -16.875 ], [ 144.875, -16.625 ], [ 145.125, -16.625 ], [ 145.125, -16.125 ], [ 145.375, -16.125 ], [ 145.375, -16.375 ], [ 145.625, -16.375 ], [ 145.625, -16.625 ], [ 145.375, -16.625 ] ] ] ] } },
{ "type": "Feature", "properties": { "cluster_id": 7, "cohesion": 8.5311386439412491, "distances": { "1": 19.952534124201343, "2": 16.056337523153733, "3": 26.442634437875338, "4": 26.81158527673816, "5": 26.362120103832293, "6": 21.984103332334257, "8": 11.313795080543747, "9": 12.018023124529206, "10": 15.784690137148361, "11": 16.111569580762747, "12": 21.822914945391112, "13": 27.144741389569322, "14": 22.29902415476751, "15": 27.17634654446826, "16": 28.051919980790238, "17": 18.195001503537913, "18": 20.344329427132735, "19": 23.065663989846147, "20": 24.799058171237643, "21": 24.977152331490775, "22": 13.437887213213756, "23": 16.220798630858578, "24": 24.52440326629251, "25": 25.32992173699014, "26": 40.333592850079754, "27": 44.665322164663564, "28": 39.10267855167915, "29": 43.80703024747041, "30": 45.2142581835126, "31": 50.28942022525956, "32": 48.22251775886547, "33": 44.158373943137924, "34": 45.58672237375854, "35": 47.59527412544283, "36": 47.664212754054155, "37": 47.93597801484109, "38": 51.473295626106676, "39": 50.196456988997674, "40": 33.925051666230196, "41": 31.066705571176016, "42": 42.445957341667935, "43": 35.57989646102579, "44": 39.42492060529589, "45": 48.577409907828645, "46": 46.39034970877672, "47": 49.20527821333194, "48": 42.63911875422553, "49": 45.54856181255764, "50": 50.78501958048963, "51": 45.46273241190265, "52": 45.43202634525221, "53": 50.697130556356136, "54": 49.53436390338684, "55": 50.344739447845704, "56": 51.73997236725545, "57": 48.9622091629716, "58": 44.80034135994982, "59": 40.75811364261436, "60": 43.43865989063538, "61": 45.787109549739945, "62": 49.25765515819195, "63": 32.44588850925102, "64": 36.02223633505708, "65": 33.451169998798825, "66": 31.452872850859016, "67": 32.25257091114056, "68": 34.40437130402241, "69": 30.52450208081176, "70": 31.58681162161097, "71": 31.461418637620795, "72": 36.88916844568287, "73": 31.565208565439843, "74": 34.08595829155131, "75": 30.65339929147799, "76": 29.760571667132766, "77": 41.21089493401005, "78": 46.837236732707616, "79": 45.915749535022364, "80": 39.49300709325066, "81": 42.29874131251215, "82": 42.72124008994392, "83": 37.5195197478664, "84": 34.864250962143736, "85": 41.00370521851262, "86": 34.540259855256615, "87": 33.54758887332951, "88": 31.069111222117908, "89": 36.49840448765982, "90": 32.6122556041944, "91": 39.20685877098606, "92": 39.478160890870484 } }, "geometry": { "type": "MultiPolygon", "coordinates": [ [ [ [ 141.375, -15.125 ], [ 141.375, -15.625 ], [ 141.625, -15.625 ], [ 141.625, -16.125 ], [ 141.875, -16.125 ], [ 141.875, -17.625 ], [ 142.125, -17.625 ], [ 142.125, -18.375 ], [ 142.375, -18.375 ], [ 142.375, -18.875 ], [ 142.625, -18.875 ], [ 142.625, -19.625 ], [ 142.875, -19.625 ], [ 142.875, -20.125 ], [ 142.375, -20.125 ], [ 142.375, -19.375 ], [ 142.125, -19.375 ], [ 142.125, -18.875 ], [ 141.875, -18.875 ], [ 141.875, -18.625 ], [ 141.625, -18.625 ], [ 141.625, -18.125 ], [ 141.375, -18.125 ], [ 141.375, -17.875 ], [ 141.125, -17.875 ], [ 141.125, -17.625 ], [ 140.375, -17.625 ], [ 140.375, -17.375 ], [ 140.625, -17.375 ], [ 140.625, -16.875 ], [ 140.875, -16.875 ], [ 140.875, -15.875 ], [ 141.125, -15.875 ], [ 141.125, -15.125 ], [ 141.375, -15.125 ] ] ], [ [ [ 133.875, -11.875 ], [ 133.875, -12.125 ], [ 135.625, -12.125 ], [ 135.625, -12.375 ], [ 135.875, -12.375 ], [ 135.875, -12.875 ], [ 135.625, -12.875 ], [ 135.625, -13.125 ], [ 135.375, -13.125 ], [ 135.375, -13.375 ], [ 134.875, -13.375 ], [ 134.875, -13.125 ], [ 133.875, -13.125 ], [ 133.875, -13.375 ], [ 133.625, -13.375 ], [ 133.625, -13.625 ], [ 133.375, -13.625 ], [ 133.375, -14.125 ], [ 133.125, -14.125 ], [ 133.125, -14.375 ], [ 132.875, -14.375 ], [ 132.875, -14.625 ], [ 132.625, -14.625 ], [ 132.625, -14.875 ], [ 132.375, -14.875 ], [ 132.375, -15.375 ], [ 132.625, -15.375 ], [ 132.625, -16.125 ], [ 132.125, -16.125 ], [ 132.125, -15.875 ], [ 131.625, -15.875 ], [ 131.625, -16.125 ], [ 131.375, -16.125 ], [ 131.375, -15.375 ], [ 130.875, -15.375 ], [ 130.875, -14.625 ], [ 130.375, -14.625 ], [ 130.375, -14.875 ], [ 129.875, -14.875 ], [ 129.875, -14.125 ], [ 130.125, -14.125 ], [ 130.125, -13.875 ], [ 130.375, -13.875 ], [ 130.375, -13.625 ], [ 130.875, -13.625 ], [ 130.875, -13.375 ], [ 131.125, -13.375 ], [ 131.125, -13.125 ], [ 131.875, -13.125 ], [ 131.875, -12.875 ], [ 132.125, -12.875 ], [ 132.125, -12.625 ], [ 132.625, -12.625 ], [ 132.625, -12.375 ], [ 133.125, -12.375 ], [ 133.125, -11.875 ], [ 133.875, -11.875 ] ] ] ] } },
{ "type": "Feature", "properties": { "cluster_id": 8, "cohesion": 7.8643133186188914, "distances": { "1": 23.412227467460262, "2": 18.63593692937562, "3": 25.855193384932644, "4": 27.861441146859182, "5": 27.573697172958298, "6": 24.306767879869025, "7": 11.313795080543747, "9": 10.7981733025834, "10": 13.141556129763885, "11": 16.212769941990363, "12": 18.92434253941079, "13": 24.36988446607294, "14": 21.71942992746608, "15": 22.232404950087115, "16": 24.27288843379406, "17": 13.066092646880438, "18": 17.373622182559252, "19": 18.855743463868077, "20": 19.76240423712889, "21": 20.736053593653885, "22": 13.923162766681813, "23": 12.627947047488556, "24": 20.198384622349888, "25": 22.668645968327105, "26": 38.020879440904764, "27": 42.674710410295326, "28": 38.58819987766897, "29": 42.44033251034534, "30": 43.8204597121699, "31": 48.166096855175, "32": 44.759581221952885, "33": 41.34321825669672, "34": 42.19543161548996, "35": 44.5371311340942, "36": 45.03012786384414, "37": 45.74264200522969, "38": 48.66788965412718, "39": 47.031238818795025, "40": 33.12729389837164, "41": 31.072160124657653, "42": 40.880154884296935, "43": 35.038055033720816, "44": 38.36790848104234, "45": 46.90347104902805, "46": 43.990718356261794, "47": 46.85726991509445, "48": 41.4348817855937, "49": 44.01156999023827, "50": 48.62996098365066, "51": 41.66240064712834, "52": 41.760697125912515, "53": 47.47585847392749, "54": 46.081727388920285, "55": 47.9303878212387, "56": 48.98784163801142, "57": 46.03565624353299, "58": 41.88578407237833, "59": 38.062045546257835, "60": 40.031887859200204, "61": 42.94804518805387, "62": 46.041464672744056, "63": 30.531867809717568, "64": 34.20639839646181, "65": 33.045606425743586, "66": 30.924840742853917, "67": 31.064019779265422, "68": 32.038121526190544, "69": 27.668913111147322, "70": 29.45783244733223, "71": 29.464067853964526, "72": 34.39827470341249, "73": 28.62604059052758, "74": 33.68995925210089, "75": 30.339627246502733, "76": 28.44953759913074, "77": 37.83184283494683, "78": 43.1815531239204, "79": 42.37795294558442, "80": 36.76049058879792, "81": 39.409740867140975, "82": 39.48015168205193, "83": 34.343910585625885, "84": 31.39056107031735, "85": 36.983656153609914, "86": 30.376663995018426, "87": 30.573969294406528, "88": 27.319682838701816, "89": 32.54174792203071, "90": 27.746786608030444, "91": 34.788329595762285, "92": 35.41980804975998 } }, "geometry": { "type": "MultiPolygon", "coordinates": [ [ [ [ 132.625, -15.125 ], [ 132.875, -15.125 ], [ 132.875, -15.375 ], [ 133.875, -15.375 ], [ 133.875, -15.625 ], [ 134.125, -15.625 ], [ 134.125, -15.375 ], [ 134.375, -15.375 ], [ 134.375, -15.125 ], [ 134.625, -15.125 ], [ 134.625, -14.875 ], [ 135.375, -14.875 ], [ 135.375, -15.125 ], [ 136.375, -15.125 ], [ 136.375, -15.375 ], [ 136.625, -15.375 ], [ 136.625, -15.625 ], [ 137.375, -15.625 ], [ 137.375, -15.875 ], [ 137.875, -15.875 ], [ 137.875, -16.125 ], [ 138.125, -16.125 ], [ 138.125, -16.375 ], [ 137.375, -16.375 ], [ 137.375, -16.125 ], [ 136.375, -16.125 ], [ 136.375, -17.375 ], [ 135.875, -17.375 ], [ 135.875, -17.125 ], [ 135.375, -17.125 ], [ 135.375, -16.875 ], [ 134.875, -16.875 ], [ 134.875, -17.125 ], [ 134.375, -17.125 ], [ 134.375, -16.875 ], [ 133.875, -16.875 ], [ 133.875, -17.125 ], [ 132.625, -17.125 ], [ 132.625, -15.375 ], [ 132.375, -15.375 ], [ 132.375, -14.875 ], [ 132.625, -14.875 ], [ 132.625, -15.125 ] ] ], [ [ [ 130.375, -14.625 ], [ 130.875, -14.625 ], [ 130.875, -15.375 ], [ 131.375, -15.375 ], [ 131.375, -16.125 ], [ 131.125, -16.125 ], [ 131.125, -16.375 ], [ 130.875, -16.375 ], [ 130.875, -16.625 ], [ 130.375, -16.625 ], [ 130.375, -16.125 ], [ 130.625, -16.125 ], [ 130.625, -15.625 ], [ 129.875, -15.625 ], [ 129.875, -15.875 ], [ 129.625, -15.875 ], [ 129.625, -16.125 ], [ 129.125, -16.125 ], [ 129.125, -16.375 ], [ 128.875, -16.375 ], [ 128.875, -15.875 ], [ 128.375, -15.875 ], [ 128.375, -15.125 ], [ 128.625, -15.125 ], [ 128.625, -14.875 ], [ 129.625, -14.875 ], [ 129.625, -14.125 ], [ 129.875, -14.125 ], [ 129.875, -14.875 ], [ 130.375, -14.875 ], [ 130.375, -14.625 ] ] ], [ [ [ 130.125, -14.125 ], [ 129.875, -14.125 ], [ 129.875, -13.875 ], [ 130.125, -13.875 ], [ 130.125, -14.125 ] ] ], [ [ [ 130.125, -13.875 ], [ 130.125, -13.625 ], [ 130.375, -13.625 ], [ 130.375, -13.875 ], [ 130.125, -13.875 ] ] ], [ [ [ 135.375, -13.375 ], [ 135.375, -13.625 ], [ 135.125, -13.625 ], [ 135.125, -13.875 ], [ 134.875, -13.875 ], [ 134.875, -14.125 ], [ 134.375, -14.125 ], [ 134.375, -13.125 ], [ 134.875, -13.125 ], [ 134.875, -13.375 ], [ 135.375, -13.375 ] ] ], [ [ [ 130.875, -13.625 ], [ 130.375, -13.625 ], [ 130.375, -13.375 ], [ 130.625, -13.375 ], [ 130.625, -13.125 ], [ 131.125, -13.125 ], [ 131.125, -13.375 ], [ 130.875, -13.375 ], [ 130.875, -13.625 ] ] ], [ [ [ 131.875, -13.125 ], [ 131.125, -13.125 ], [ 131.125, -12.875 ], [ 131.875, -12.875 ], [ 131.875, -13.125 ] ] ] ] } },
{ "type": "Feature", "properties": { "cluster_id": 9, "cohesion": 7.568119429177175, "distances": { "1": 25.23384057192171, "2": 20.50859014664846, "3": 28.81240208101202, "4": 30.939479475981237, "5": 30.885115905396407, "6": 27.08436133678833, "7": 12.018023124529206, "8": 10.798173302583402, "10": 9.842120179622412, "11": 15.071478669038706, "12": 18.17521259730218, "13": 26.072927860873957, "14": 23.24920037583946, "15": 24.259741388074822, "16": 24.67441979954276, "17": 16.178499658484395, "18": 14.619285661391121, "19": 18.912924537266647, "20": 22.153319061879643, "21": 24.483900756162996, "22": 18.382737674028654, "23": 18.00816921901326, "24": 25.527646277887673, "25": 28.155952564799513, "26": 42.054801274622605, "27": 47.15314874248776, "28": 42.77214617642598, "29": 47.059181133443815, "30": 48.70549639861944, "31": 53.212480050239456, "32": 49.122474363934586, "33": 45.63073090431708, "34": 46.30282551323739, "35": 49.0697530261686, "36": 49.65952206208508, "37": 50.54219356961998, "38": 53.741657223148835, "39": 51.78657012260407, "40": 36.82041335606994, "41": 34.32815269898549, "42": 44.46949426265737, "43": 38.23652969353032, "44": 42.00265679944462, "45": 51.12164620443956, "46": 47.97014117158478, "47": 51.10799237683256, "48": 45.51948776419486, "49": 48.721855139892625, "50": 53.20814390678209, "51": 45.98274700694477, "52": 45.77498495476429, "53": 52.36869011936545, "54": 50.69218113580307, "55": 52.786040012553364, "56": 53.54519371708416, "57": 50.52621407216129, "58": 46.36221753855883, "59": 42.83287042027305, "60": 44.59778258880695, "61": 47.196898306278634, "62": 50.513200101403484, "63": 34.038143291109165, "64": 38.24285207888526, "65": 36.61920974647182, "66": 34.745866943419266, "67": 34.21996191802703, "68": 35.603477688099325, "69": 30.605101508531654, "70": 32.60203116266204, "71": 32.33448150645953, "72": 37.88909097717799, "73": 32.32264668922157, "74": 37.15411395496346, "75": 33.55540619335112, "76": 31.18283484436879, "77": 41.17941691059556, "78": 47.36478794956607, "79": 46.336550865840266, "80": 40.42655536235857, "81": 43.68288764458498, "82": 43.53612792297687, "83": 37.69820541736345, "84": 33.89318479371637, "85": 40.20685996855372, "86": 32.474145564306625, "87": 35.31843210394483, "88": 31.466442182714797, "89": 36.99652826715438, "90": 30.846863637657364, "91": 38.4363668176606, "92": 39.60178192701436 } }, "geometry": { "type": "Polygon", "coordinates": [ [ [ 129.875, -15.625 ], [ 129.875, -15.875 ], [ 129.625, -15.875 ], [ 129.625, -16.125 ], [ 129.125, -16.125 ], [ 129.125, -16.375 ], [ 128.875, -16.375 ], [ 128.875, -17.625 ], [ 128.625, -17.625 ], [ 128.625, -18.125 ], [ 129.125, -18.125 ], [ 129.125, -17.875 ], [ 129.875, -17.875 ], [ 129.875, -17.625 ], [ 130.125, -17.625 ], [ 130.125, -17.375 ], [ 130.375, -17.375 ], [ 130.375, -17.125 ], [ 130.625, -17.125 ], [ 130.625, -17.375 ], [ 130.875, -17.375 ], [ 130.875, -17.625 ], [ 131.125, -17.625 ], [ 131.125, -17.875 ], [ 131.375, -17.875 ], [ 131.375, -18.125 ], [ 131.625, -18.125 ], [ 131.625, -18.375 ], [ 131.875, -18.375 ], [ 131.875, -18.625 ], [ 133.125, -18.625 ], [ 133.125, -18.875 ], [ 133.875, -18.875 ], [ 133.875, -18.625 ], [ 134.125, -18.625 ], [ 134.125, -18.125 ], [ 135.375, -18.125 ], [ 135.375, -17.875 ], [ 136.375, -17.875 ], [ 136.375, -18.125 ], [ 137.875, -18.125 ], [ 137.875, -18.375 ], [ 138.625, -18.375 ], [ 138.625, -18.625 ], [ 138.875, -18.625 ], [ 138.875, -18.875 ], [ 139.125, -18.875 ], [ 139.125, -19.375 ], [ 139.375, -19.375 ], [ 139.375, -19.125 ], [ 140.125, -19.125 ], [ 140.125, -19.625 ], [ 141.125, -19.625 ], [ 141.125, -19.875 ], [ 141.375, -19.875 ], [ 141.375, -20.125 ], [ 142.375, -20.125 ], [ 142.375, -19.375 ], [ 142.125, -19.375 ], [ 142.125, -18.875 ], [ 141.875, -18.875 ], [ 141.875, -18.625 ], [ 141.625, -18.625 ], [ 141.625, -18.125 ], [ 141.375, -18.125 ], [ 141.375, -17.875 ], [ 141.125, -17.875 ], [ 141.125, -17.625 ], [ 140.375, -17.625 ], [ 140.375, -17.375 ], [ 139.625, -17.375 ], [ 139.625, -17.125 ], [ 139.375, -17.125 ], [ 139.375, -16.875 ], [ 139.125, -16.875 ], [ 139.125, -16.625 ], [ 138.875, -16.625 ], [ 138.875, -16.375 ], [ 137.375, -16.375 ], [ 137.375, -16.125 ], [ 136.375, -16.125 ], [ 136.375, -17.375 ], [ 135.875, -17.375 ], [ 135.875, -17.125 ], [ 135.375, -17.125 ], [ 135.375, -16.875 ], [ 134.875, -16.875 ], [ 134.875, -17.125 ], [ 134.375, -17.125 ], [ 134.375, -16.875 ], [ 133.875, -16.875 ], [ 133.875, -17.125 ], [ 132.625, -17.125 ], [ 132.625, -16.125 ], [ 132.125, -16.125 ], [ 132.125, -15.875 ], [ 131.625, -15.875 ], [ 131.625, -16.125 ], [ 131.125, -16.125 ], [ 131.125, -16.375 ], [ 130.875, -16.375 ], [ 130.875, -16.875 ], [ 130.375, -16.875 ], [ 130.375, -16.125 ], [ 130.625, -16.125 ], [ 130.625, -15.625 ], [ 129.875, -15.625 ] ] ] } },
{ "type": "Feature", "properties": { "cluster_id": 10, "cohesion": 7.8725535036232595, "distances": { "1": 27.243178140168173, "2": 22.775584536215312, "3": 28.695589548349968, "4": 31.761223097049513, "5": 31.77386204018671, "6": 28.73059308058035, "7": 15.784690137148365, "8": 13.141556129763885, "9": 9.842120179622412, "11": 14.813506087812584, "12": 14.625254067691912, "13": 23.65806875905916, "14": 22.735176120641373, "15": 20.55187834180866, "16": 20.408438544163804, "17": 15.20100833657037, "18": 10.35117654051184, "19": 14.889326724040012, "20": 19.181304533626754, "21": 23.1704901669323, "22": 20.52944267638212, "23": 18.805983156319016, "24": 24.97012401482496, "25": 28.241423613161533, "26": 40.847350880855934, "27": 46.208756576025024, "28": 42.92970772282377, "29": 46.73861411470464, "30": 48.52445640894603, "31": 52.486873673839085, "32": 47.00794864179843, "33": 44.22516286657864, "34": 44.353155385805046, "35": 47.48840316440411, "36": 48.361890022131625, "37": 49.61649066500758, "38": 52.49624400745094, "39": 50.04593441327428, "40": 37.011930320098195, "41": 35.0238728649311, "42": 43.84626878173313, "43": 38.34265957802868, "44": 41.90497359570579, "45": 50.599026967609035, "46": 46.771541985159075, "47": 49.97432416516394, "48": 45.36472405500017, "49": 48.447153587081026, "50": 52.30947003255477, "51": 43.63840765002212, "52": 43.316505642197505, "53": 50.71841887055952, "54": 48.65325206309843, "55": 51.798641968794065, "56": 52.14023310115186, "57": 48.89047631420225, "58": 44.957782501933025, "59": 41.84925594068181, "60": 42.91535438787971, "61": 45.788205122034526, "62": 48.687044213511726, "63": 33.14844841036575, "64": 37.55784538220302, "65": 36.62744392408503, "66": 34.773194721252956, "67": 33.729867255267486, "68": 34.604529415012266, "69": 28.95594196067972, "70": 31.55743936013098, "71": 31.358045779562993, "72": 36.50440203683497, "73": 30.92249472352991, "74": 37.21248570060257, "75": 33.38464016674565, "76": 30.53111105269363, "77": 38.51101989534333, "78": 44.92665673302825, "79": 43.86056945785477, "80": 38.902757138369445, "81": 42.38274268099799, "82": 41.68781329519747, "83": 35.41520224203973, "84": 30.872213155056762, "85": 36.99943972820524, "86": 28.65900038170266, "87": 34.51227199927281, "88": 30.03534706019437, "89": 35.184567125938216, "90": 27.565629220786086, "91": 35.39956031477712, "92": 37.21777845780177 } }, "geometry": { "type": "MultiPolygon", "coordinates": [ [ [ [ 128.625, -18.125 ], [ 129.125, -18.125 ], [ 129.125, -17.875 ], [ 129.875, -17.875 ], [ 129.875, -17.625 ], [ 130.125, -17.625 ], [ 130.125, -17.375 ], [ 130.375, -17.375 ], [ 130.375, -17.125 ], [ 130.625, -17.125 ], [ 130.625, -17.375 ], [ 130.875, -17.375 ], [ 130.875, -17.625 ], [ 131.125, -17.625 ], [ 131.125, -17.875 ], [ 131.375, -17.875 ], [ 131.375, -18.125 ], [ 131.625, -18.125 ], [ 131.625, -18.375 ], [ 131.875, -18.375 ], [ 131.875, -18.625 ], [ 133.125, -18.625 ], [ 133.125, -18.875 ], [ 133.875, -18.875 ], [ 133.875, -18.625 ], [ 134.125, -18.625 ], [ 134.125, -18.125 ], [ 135.375, -18.125 ], [ 135.375, -17.875 ], [ 136.375, -17.875 ], [ 136.375, -18.125 ], [ 137.875, -18.125 ], [ 137.875, -18.375 ], [ 138.625, -18.375 ], [ 138.625, -18.625 ], [ 138.875, -18.625 ], [ 138.875, -18.875 ], [ 139.125, -18.875 ], [ 139.125, -19.375 ], [ 139.375, -19.375 ], [ 139.375, -19.125 ], [ 140.125, -19.125 ], [ 140.125, -19.625 ], [ 141.125, -19.625 ], [ 141.125, -19.875 ], [ 141.375, -19.875 ], [ 141.375, -20.125 ], [ 141.625, -20.125 ], [ 141.625, -20.625 ], [ 141.375, -20.625 ], [ 141.375, -21.125 ], [ 140.375, -21.125 ], [ 140.375, -20.875 ], [ 139.125, -20.875 ], [ 139.125, -20.625 ], [ 138.875, -20.625 ], [ 138.875, -20.375 ], [ 138.625, -20.375 ], [ 138.625, -20.125 ], [ 138.375, -20.125 ], [ 138.375, -19.875 ], [ 138.125, -19.875 ], [ 138.125, -20.125 ], [ 137.625, -20.125 ], [ 137.625, -19.875 ], [ 137.125, -19.875 ], [ 137.125, -19.375 ], [ 135.875, -19.375 ], [ 135.875, -19.125 ], [ 134.875, -19.125 ], [ 134.875, -19.375 ], [ 132.875, -19.375 ], [ 132.875, -19.125 ], [ 130.875, -19.125 ], [ 130.875, -18.875 ], [ 130.125, -18.875 ], [ 130.125, -19.125 ], [ 128.625, -19.125 ], [ 128.625, -18.625 ], [ 128.375, -18.625 ], [ 128.375, -17.625 ], [ 128.625, -17.625 ], [ 128.625, -18.125 ] ] ], [ [ [ 128.875, -17.625 ], [ 128.625, -17.625 ], [ 128.625, -16.625 ], [ 128.875, -16.625 ], [ 128.875, -17.625 ] ] ], [ [ [ 130.875, -16.875 ], [ 130.375, -16.875 ], [ 130.375, -16.625 ], [ 130.875, -16.625 ], [ 130.875, -16.875 ] ] ] ] } },
{ "type": "Feature", "properties": { "cluster_id": 11, "cohesion": 5.4363627712159381, "distances": { "1": 19.85440601204526, "2": 14.068576952382548, "3": 17.878550036139096, "4": 21.157222312801103, "5": 22.905195674357543, "6": 19.25148727854865, "7": 16.111569580762744, "8": 16.212769941990363, "9": 15.071478669038704, "10": 14.813506087812584, "12": 12.281318105810795, "13": 16.281866988938507, "14": 11.243876168981709, "15": 23.74909436989976, "16": 21.29959697873824, "17": 20.307439806211665, "18": 17.151278284488846, "19": 19.98942506538154, "20": 23.41619779269974, "21": 25.450850140158835, "22": 18.091220771463018, "23": 18.76623550728618, "24": 24.63171736849017, "25": 24.698342252149533, "26": 37.737386695204385, "27": 41.928206982620765, "28": 37.753355421424324, "29": 41.59113633397854, "30": 41.782132524907865, "31": 46.22879894981172, "32": 42.43925988703487, "33": 40.20494441542098, "34": 39.88610906071992, "35": 42.89735792169898, "36": 44.1194619245607, "37": 44.98253223448025, "38": 47.294810660787284, "39": 45.607748145891684, "40": 30.652510924050702, "41": 29.01260278427984, "42": 38.04409237924878, "43": 32.34670207426035, "44": 35.27451518226349, "45": 43.836176442101944, "46": 41.47685793542213, "47": 44.399663640158415, "48": 37.99296747061684, "49": 40.892229326156276, "50": 45.39979990375842, "51": 40.70555174049014, "52": 39.3825930603828, "53": 45.608073575288344, "54": 43.827217650398666, "55": 45.14895899804313, "56": 46.61446858002009, "57": 43.5846362736299, "58": 39.88306030530884, "59": 36.58939583100212, "60": 39.5987732165027, "61": 41.09962449760185, "62": 44.5430315753799, "63": 23.84217579303521, "64": 28.616782957630555, "65": 26.694826989394475, "66": 24.75986825347281, "67": 26.26045731479845, "68": 27.07888866492346, "69": 21.94712192401318, "70": 26.778162422538408, "71": 29.378804936578213, "72": 33.264793018880184, "73": 27.53305044222448, "74": 33.70178358968397, "75": 28.94993789770739, "76": 28.87596870889525, "77": 33.97790608279634, "78": 40.75135820616954, "79": 39.371992890876946, "80": 34.14652867318281, "81": 35.89000910637653, "82": 36.20076727238783, "83": 29.462904348865365, "84": 26.249234537469196, "85": 34.47069034999647, "86": 28.169284357927626, "87": 30.65947339529661, "88": 29.9877152978016, "89": 33.86405620283143, "90": 29.050099638899212, "91": 34.53357349193899, "92": 36.07085699257938 } }, "geometry": { "type": "Polygon", "coordinates": [ [ [ 142.875, -19.875 ], [ 142.875, -20.125 ], [ 141.625, -20.125 ], [ 141.625, -20.625 ], [ 141.375, -20.625 ], [ 141.375, -21.375 ], [ 143.125, -21.375 ], [ 143.125, -19.875 ], [ 142.875, -19.875 ] ] ] } },
{ "type": "Feature", "properties": { "cluster_id": 12, "cohesion": 6.3085869858795594, "distances": { "1": 26.98037488634105, "2": 22.130332331233788, "3": 21.754197701668133, "4": 26.572139809087968, "5": 28.074469671075537, "6": 26.157514921119354, "7": 21.822914945391112, "8": 18.924342539410794, "9": 18.17521259730218, "10": 14.625254067691912, "11": 12.281318105810797, "13": 12.489880908123734, "14": 15.51221400175176, "15": 17.634269402235724, "16": 12.844955961541327, "17": 19.373411254765855, "18": 12.36372240956093, "19": 14.281404099090448, "20": 19.29648724823057, "21": 23.915457540791394, "22": 22.087826750715198, "23": 20.197911300174894, "24": 23.867410152430637, "25": 25.048360621207667, "26": 36.475803084692416, "27": 41.32135506832261, "28": 39.71772964430734, "29": 42.355701653584894, "30": 42.780843584306346, "31": 45.86644163564906, "32": 38.900996508602915, "33": 38.386188712275455, "34": 36.71831369721957, "35": 40.71852005306007, "36": 42.612897908608474, "37": 44.27906235212457, "38": 45.65394016569628, "39": 42.88973678695503, "40": 31.989303215920565, "41": 31.394532497188163, "42": 37.42724963897607, "43": 33.386250356058845, "44": 35.890332357990964, "45": 43.50666271781074, "46": 39.64101802866367, "47": 42.67817809876603, "48": 38.67463837881261, "49": 41.50207233182501, "50": 44.40411723628107, "51": 36.46533489488995, "52": 34.87467144896156, "53": 42.985851330707064, "54": 40.331210815106985, "55": 44.09962105784571, "56": 44.361996672981164, "57": 40.903338995392986, "58": 37.90763589945116, "59": 35.64790197043745, "60": 36.840233648350534, "61": 38.85549219915189, "62": 41.410210071896714, "63": 24.80948998111012, "64": 29.569817885152855, "65": 29.42249174910759, "66": 28.029350059524727, "67": 27.222698677688832, "68": 26.929230820692073, "69": 20.219750734261194, "70": 26.03516860676253, "71": 28.727376598917353, "72": 31.586918308825805, "73": 25.764140422053785, "74": 35.46381709018248, "75": 30.420085687008466, "76": 29.035730067287286, "77": 28.97337911697382, "78": 36.263953935996184, "79": 34.85499334555003, "80": 32.10428263619533, "81": 34.496836907155185, "82": 33.348389043706106, "83": 25.663828813002862, "84": 20.173743355388556, "85": 28.10093937184728, "86": 20.49464821273883, "87": 29.93429211223391, "88": 28.075426806808895, "89": 30.98504623656199, "90": 23.24805357601868, "91": 28.906768910207113, "92": 31.954467150375727 } }, "geometry": { "type": "Polygon", "coordinates": [ [ [ 138.375, -20.375 ], [ 138.375, -20.625 ], [ 138.625, -20.625 ], [ 138.625, -21.375 ], [ 138.875, -21.375 ], [ 138.875, -21.875 ], [ 140.625, -21.875 ], [ 140.625, -21.625 ], [ 140.875, -21.625 ], [ 140.875, -21.875 ], [ 142.375, -21.875 ], [ 142.375, -21.375 ], [ 141.375, -21.375 ], [ 141.375, -21.125 ], [ 140.375, -21.125 ], [ 140.375, -20.875 ], [ 139.125, -20.875 ], [ 139.125, -20.625 ], [ 138.875, -20.625 ], [ 138.875, -20.375 ], [ 138.375, -20.375 ] ] ] } },
{ "type": "Feature", "properties": { "cluster_id": 13, "cohesion": 5.4460712654939654, "distances": { "1": 26.70953927414475, "2": 22.151752269006145, "3": 15.252949760284743, "4": 21.48027075750956, "5": 23.985654803415418, "6": 23.62107995071859, "7": 27.144741389569322, "8": 24.369884466072936, "9": 26.072927860873953, "10": 23.658068759059155, "11": 16.281866988938507, "12": 12.489880908123734, "14": 11.338032714400939, "15": 20.634508428916448, "16": 16.525289622864893, "17": 24.170859028431295, "18": 22.094885894637805, "19": 20.904387126434106, "20": 22.727382110033894, "21": 25.584860131993437, "22": 23.97174742525986, "23": 22.248971603892365, "24": 23.379411044848993, "25": 22.57659549436659, "26": 32.415967230866414, "27": 36.183408418026545, "28": 35.34921029956038, "29": 36.94377018967032, "30": 35.78390007991737, "31": 38.44452266480148, "32": 31.67076235573896, "33": 32.64302054015735, "34": 29.75650481051387, "35": 33.9507465163239, "36": 36.723163208527545, "37": 38.392599239671725, "38": 38.47639741269488, "39": 36.17660076515138, "40": 27.479879287141824, "41": 28.332798275765786, "42": 32.36203471747248, "43": 29.657410400087553, "44": 30.65083893638624, "45": 36.857037697567876, "46": 33.83036999379379, "47": 36.412509179161525, "48": 32.11107170896658, "49": 33.840585590701416, "50": 36.72365112301646, "51": 31.269323454520375, "52": 28.820232690884076, "53": 35.543336729013525, "54": 32.93610222526351, "55": 36.13039943097094, "56": 37.44173900659486, "57": 34.02462790232105, "58": 31.4521346919535, "59": 29.29578315772247, "60": 31.870267963941654, "61": 33.128881542906925, "62": 35.420865747465754, "63": 15.717376730409184, "64": 20.74354367328712, "65": 21.79844056414488, "66": 20.569007157771125, "67": 21.30524482063729, "68": 19.06896861805258, "69": 12.17710188564095, "70": 21.893317164424463, "71": 27.3305788807245, "72": 27.726170484505044, "73": 22.151617376038402, "74": 33.221275002172106, "75": 28.017896383008747, "76": 28.55146415119182, "77": 22.035026746011532, "78": 29.503554857776596, "79": 27.754421933633548, "80": 26.110897287591605, "81": 26.03476796480545, "82": 25.31772696798675, "83": 17.078170806806877, "84": 13.455965643076038, "85": 23.378937624478382, "86": 19.5789502831546, "87": 25.39236986865264, "88": 27.003060476080332, "89": 27.93424027953157, "90": 23.149261242102217, "91": 25.904685947604623, "92": 28.707249078935597 } }, "geometry": { "type": "Polygon", "coordinates": [ [ [ 140.625, -21.625 ], [ 140.625, -21.875 ], [ 140.125, -21.875 ], [ 140.125, -22.125 ], [ 140.375, -22.125 ], [ 140.375, -22.375 ], [ 140.625, -22.375 ], [ 140.625, -22.625 ], [ 141.125, -22.625 ], [ 141.125, -22.375 ], [ 141.625, -22.375 ], [ 141.625, -22.625 ], [ 141.875, -22.625 ], [ 141.875, -23.125 ], [ 142.125, -23.125 ], [ 142.125, -23.375 ], [ 142.875, -23.375 ], [ 142.875, -23.125 ], [ 143.125, -23.125 ], [ 143.125, -22.875 ], [ 143.375, -22.875 ], [ 143.375, -22.625 ], [ 143.125, -22.625 ], [ 143.125, -22.375 ], [ 142.875, -22.375 ], [ 142.875, -22.125 ], [ 142.625, -22.125 ], [ 142.625, -21.875 ], [ 140.875, -21.875 ], [ 140.875, -21.625 ], [ 140.625, -21.625 ] ] ] } },
{ "type": "Feature", "properties": { "cluster_id": 14, "cohesion": 5.6089658589220424, "distances": { "1": 19.805724376522928, "2": 14.56920736624095, "3": 10.072551297957023, "4": 15.275525576396332, "5": 18.451159325626858, "6": 16.397702742213188, "7": 22.29902415476751, "8": 21.71942992746608, "9": 23.24920037583946, "10": 22.735176120641373, "11": 11.243876168981709, "12": 15.512214001751762, "13": 11.338032714400937, "15": 24.72709644388085, "16": 22.619414869599186, "17": 23.87928251131765, "18": 23.771095052976694, "19": 23.824060455954417, "20": 25.018450385020902, "21": 25.971715806277444, "22": 19.975395237525806, "23": 20.40873856044121, "24": 23.435473611434784, "25": 21.82148370373982, "26": 33.74791059166007, "27": 36.877355516219936, "28": 33.36190829350073, "29": 36.2737833865625, "30": 35.097375873625424, "31": 39.18567648334798, "32": 36.25861020603343, "33": 34.97933336512334, "34": 34.0366471727404, "35": 36.87849974252471, "36": 38.56540590107736, "37": 39.293986439279514, "38": 40.5653859161262, "39": 39.462781491890155, "40": 26.400336551403726, "41": 25.98019035140974, "42": 33.02685358143546, "43": 28.570176523430415, "44": 30.310886295105306, "45": 37.50615769941533, "46": 35.78613501293099, "47": 38.311291930637346, "48": 31.872550176579427, "49": 33.73300157077509, "50": 38.236515839821756, "51": 35.4610719323042, "52": 33.781719966100205, "53": 38.79230065832292, "54": 37.29511872950268, "55": 37.75633431910836, "56": 39.984654940691655, "57": 37.083118815172696, "58": 33.66610128104558, "59": 30.476402696457995, "60": 34.406473503785186, "61": 35.420207394835614, "62": 38.58331409077899, "63": 15.083547311975686, "64": 20.24150419830474, "65": 19.033267953905483, "66": 16.89464147716722, "67": 20.86959468822233, "68": 20.13089815869373, "69": 15.539635448631227, "70": 23.159167892058644, "71": 27.862106424875325, "72": 29.727014558396604, "73": 24.01412056901365, "74": 31.24356835138399, "75": 26.362434004422525, "76": 28.01379580440682, "77": 28.626462295414036, "78": 34.84211404487245, "79": 33.51978162197139, "80": 29.029952575026847, "81": 28.610712945981945, "82": 29.648779640747534, "83": 23.030229436498015, "84": 21.58606445016306, "85": 30.323489857974224, "86": 26.53547722599027, "87": 26.07860358758797, "88": 28.10008392666274, "89": 30.251956366208383, "90": 27.683005515112974, "91": 30.99363881333486, "92": 32.22649832664385 } }, "geometry": { "type": "Polygon", "coordinates": [ [ [ 143.125, -20.125 ], [ 143.125, -21.375 ], [ 142.375, -21.375 ], [ 142.375, -21.875 ], [ 142.625, -21.875 ], [ 142.625, -22.125 ], [ 142.875, -22.125 ], [ 142.875, -22.375 ], [ 143.125, -22.375 ], [ 143.125, -22.625 ], [ 143.375, -22.625 ], [ 143.375, -22.125 ], [ 143.125, -22.125 ], [ 143.125, -21.625 ], [ 143.375, -21.625 ], [ 143.375, -21.375 ], [ 143.625, -21.375 ], [ 143.625, -20.625 ], [ 143.375, -20.625 ], [ 143.375, -20.125 ], [ 143.125, -20.125 ] ] ] } },
{ "type": "Feature", "properties": { "cluster_id": 15, "cohesion": 6.1054725229256164, "distances": { "1": 32.195836190539424, "2": 29.170203207287692, "3": 27.49856286916671, "4": 31.59269989538901, "5": 31.359949198941134, "6": 31.469109407552523, "7": 27.176346544468256, "8": 22.232404950087115, "9": 24.25974138807482, "10": 20.551878341808663, "11": 23.74909436989976, "12": 17.634269402235724, "13": 20.63450842891644, "14": 24.72709644388085, "16": 12.77717824523071, "17": 16.117970973955227, "18": 16.851648054332465, "19": 10.756745091861479, "20": 9.814497136922638, "21": 17.74483193575689, "22": 24.706881347964497, "23": 19.980566213154926, "24": 19.35766047676092, "25": 23.270064761500855, "26": 32.838365762551575, "27": 37.71007818638716, "28": 38.737855663147215, "29": 39.82594920314153, "30": 40.80967315196508, "31": 42.29955775330826, "32": 34.47535223343466, "33": 35.02400709556772, "34": 33.67556036005972, "35": 36.96168407786794, "36": 38.396394942998185, "37": 40.20886680303694, "38": 40.509994777554695, "39": 37.60607205429796, "40": 33.57442207923494, "41": 33.96285452080331, "42": 37.22332285672764, "43": 35.15318087840761, "44": 37.10017534363529, "45": 42.63834610602872, "46": 37.381021769479034, "47": 40.01391224676332, "48": 39.204787723919814, "49": 40.472637538537604, "50": 42.19179828641065, "51": 28.922941471779822, "52": 28.640983788445265, "53": 37.394989469876954, "54": 34.79012478263638, "55": 40.75904860427631, "56": 40.36255801585516, "57": 36.26608494773066, "58": 34.29721870579866, "59": 32.454182258878554, "60": 30.88461959354181, "61": 35.27178936848519, "62": 35.73514727286796, "63": 28.58632807263389, "64": 31.680949343726628, "65": 33.36650685400579, "66": 31.15582848115024, "67": 30.69202034801606, "68": 29.532724091059972, "69": 24.206967921195847, "70": 27.316426881755085, "71": 27.87065048519819, "72": 29.83896543118128, "73": 23.671491461039686, "74": 34.62127545436955, "75": 30.407265529394785, "76": 27.99218552807967, "77": 26.516678431160177, "78": 30.374698948209748, "79": 30.435086593519728, "80": 31.189055474010107, "81": 33.875017095537466, "82": 31.627146352350078, "83": 26.009156605369977, "84": 21.244123162190355, "85": 22.06082928698665, "86": 14.339038542909593, "87": 26.524411233943777, "88": 21.267083241535225, "89": 23.3742378312937, "90": 11.553385588948547, "91": 19.131192577537572, "92": 23.013773476972204 } }, "geometry": { "type": "Polygon", "coordinates": [ [ [ 129.875, -19.625 ], [ 129.875, -19.875 ], [ 128.875, -19.875 ], [ 128.875, -20.125 ], [ 128.125, -20.125 ], [ 128.125, -20.375 ], [ 128.625, -20.375 ], [ 128.625, -20.875 ], [ 128.875, -20.875 ], [ 128.875, -21.625 ], [ 129.875, -21.625 ], [ 129.875, -21.875 ], [ 130.125, -21.875 ], [ 130.125, -22.125 ], [ 130.875, -22.125 ], [ 130.875, -22.375 ], [ 131.625, -22.375 ], [ 131.625, -22.125 ], [ 132.875, -22.125 ], [ 132.875, -21.875 ], [ 132.125, -21.875 ], [ 132.125, -21.625 ], [ 131.375, -21.625 ], [ 131.375, -21.375 ], [ 131.125, -21.375 ], [ 131.125, -20.625 ], [ 130.875, -20.625 ], [ 130.875, -20.375 ], [ 130.625, -20.375 ], [ 130.625, -20.125 ], [ 130.375, -20.125 ], [ 130.375, -19.625 ], [ 129.875, -19.625 ] ] ] } },
{ "type": "Feature", "properties": { "cluster_id": 16, "cohesion": 7.1666618858215729, "distances": { "1": 32.02744678986398, "2": 28.962177511423523, "3": 26.847220194102547, "4": 31.09966891121116, "5": 31.819924881859794, "6": 31.293129238547586, "7": 28.051919980790238, "8": 24.27288843379406, "9": 24.67441979954276, "10": 20.4084385441638, "11": 21.299596978738244, "12": 12.844955961541327, "13": 16.525289622864893, "14": 22.619414869599186, "15": 12.777178245230708, "17": 21.412572108428474, "18": 14.38739840655853, "19": 11.732735128635133, "20": 17.477901537066835, "21": 24.171051947348765, "22": 26.340394518324075, "23": 23.455259738472805, "24": 24.74099385613904, "25": 26.288694674960293, "26": 35.359092182355205, "27": 40.293798707277304, "28": 41.097813279213106, "29": 42.531452612602806, "30": 43.14653841967149, "31": 44.880759056893694, "32": 35.30230777431278, "33": 37.06897873384626, "34": 34.3847546203583, "35": 38.781999151467886, "36": 40.902148623566326, "37": 43.005182310518734, "38": 43.29261877325556, "39": 39.597259456268716, "40": 33.68980645701666, "41": 34.08608827621701, "42": 37.50909181940658, "43": 34.95769587650966, "44": 37.05010728376004, "45": 43.421395535928795, "46": 38.48137216061866, "47": 41.34590213359725, "48": 39.54568494646448, "49": 41.87132028887455, "50": 43.324252780787035, "51": 32.01734270905334, "52": 29.87667476342119, "53": 39.67422512070522, "54": 36.088779014248885, "55": 42.675703727343375, "56": 42.13205926739044, "57": 37.97617323960411, "58": 36.56087966151514, "59": 35.339608649101336, "60": 34.60983286254669, "61": 37.28021059606758, "62": 38.371894324142666, "63": 28.201019828748898, "64": 31.82135227307445, "65": 32.718577834807846, "66": 31.363416573443526, "67": 29.993854896910182, "68": 29.352725043434386, "69": 22.871124649340107, "70": 27.37360207896016, "71": 29.584968996459516, "72": 31.074515047287257, "73": 25.49621173974292, "74": 37.010713914383395, "75": 31.61943244529997, "76": 30.105230074319284, "77": 24.49713669485504, "78": 30.955058387785854, "79": 29.97412599964421, "80": 31.491025962241014, "81": 34.59240323144562, "82": 31.72704031790677, "83": 24.198290061622085, "84": 17.338299471524117, "85": 21.23448433970793, "86": 12.279387211479321, "87": 30.255257289623316, "88": 27.226903059840556, "89": 28.891812950070868, "90": 17.95230086573163, "91": 23.09107844051953, "92": 28.0556870689436 } }, "geometry": { "type": "Polygon", "coordinates": [ [ [ 136.125, -20.875 ], [ 136.125, -21.125 ], [ 134.875, -21.125 ], [ 134.875, -21.375 ], [ 133.625, -21.375 ], [ 133.625, -21.125 ], [ 132.125, -21.125 ], [ 132.125, -21.875 ], [ 136.125, -21.875 ], [ 136.125, -22.125 ], [ 136.625, -22.125 ], [ 136.625, -21.875 ], [ 137.625, -21.875 ], [ 137.625, -22.125 ], [ 138.125, -22.125 ], [ 138.125, -22.375 ], [ 138.375, -22.375 ], [ 138.375, -22.625 ], [ 140.125, -22.625 ], [ 140.125, -22.375 ], [ 140.375, -22.375 ], [ 140.375, -22.125 ], [ 140.125, -22.125 ], [ 140.125, -21.875 ], [ 138.875, -21.875 ], [ 138.875, -21.375 ], [ 138.625, -21.375 ], [ 138.625, -21.125 ], [ 137.625, -21.125 ], [ 137.625, -20.875 ], [ 136.125, -20.875 ] ] ] } },
{ "type": "Feature", "properties": { "cluster_id": 17, "cohesion": 6.9615330663153552, "distances": { "1": 27.55200376666399, "2": 23.727125690910967, "3": 27.02562247881599, "4": 29.904502681936624, "5": 29.49355209234138, "6": 27.82233739216767, "7": 18.195001503537913, "8": 13.066092646880438, "9": 16.178499658484395, "10": 15.20100833657037, "11": 20.307439806211665, "12": 19.373411254765855, "13": 24.170859028431295, "14": 23.87928251131765, "15": 16.117970973955224, "16": 21.412572108428474, "18": 17.109349911182143, "19": 14.950664117416801, "20": 12.22806875795528, "21": 13.794047909098143, "22": 18.057804142392122, "23": 12.652795088904933, "24": 15.075498613251183, "25": 21.187469069865397, "26": 35.551297214222494, "27": 40.24953242055542, "28": 37.97647927790824, "29": 40.75760811531999, "30": 42.28237055693588, "31": 45.65662091879266, "32": 41.47406368315505, "33": 38.82280590789497, "34": 39.55623869624943, "35": 41.72714151891872, "36": 42.18842991459575, "37": 43.09721607031966, "38": 45.50166896397646, "39": 43.67617920700494, "40": 33.72619403885689, "41": 32.608578331678565, "42": 40.01284562733237, "43": 35.76562116773066, "44": 38.37847691540285, "45": 45.514512520963955, "46": 41.793017097203084, "47": 44.40554733673164, "48": 40.96648398816414, "49": 42.71943539311551, "50": 46.52408741837601, "51": 37.07886191156094, "52": 37.79948425358852, "53": 44.0460698617515, "54": 42.59282932513289, "55": 45.467882076348964, "56": 45.87734272873211, "57": 42.86223827052968, "58": 38.88615890023771, "59": 35.20857959571273, "60": 35.73436282819945, "61": 39.99255540893264, "62": 42.096173505449826, "63": 30.26470988386398, "64": 33.5902459413388, "65": 33.853790947641215, "66": 31.336424061920773, "67": 31.644947387914897, "68": 31.584472230130576, "69": 27.06968121237585, "70": 29.122490470239068, "71": 28.459153946665968, "72": 32.71830208486635, "73": 26.727415710549696, "74": 33.203273894480375, "75": 30.3013272641813, "76": 27.53247764461429, "77": 35.053011704221774, "78": 39.46176103196134, "79": 39.0721385737077, "80": 35.22840971435104, "81": 37.74012671598035, "82": 37.222529274125165, "83": 32.32753966821061, "84": 29.172036453856514, "85": 32.86737220414223, "86": 26.149647806366893, "87": 27.34796467831736, "88": 21.703952749230417, "89": 27.064259742137224, "90": 21.191629876344948, "91": 29.2451128681048, "92": 29.924738716547864 } }, "geometry": { "type": "Polygon", "coordinates": [ [ [ 128.125, -15.375 ], [ 128.125, -15.625 ], [ 127.875, -15.625 ], [ 127.875, -16.125 ], [ 128.125, -16.125 ], [ 128.125, -16.375 ], [ 127.875, -16.375 ], [ 127.875, -16.625 ], [ 127.625, -16.625 ], [ 127.625, -16.125 ], [ 127.125, -16.125 ], [ 127.125, -16.375 ], [ 126.875, -16.375 ], [ 126.875, -16.625 ], [ 126.625, -16.625 ], [ 126.625, -16.875 ], [ 126.375, -16.875 ], [ 126.375, -17.125 ], [ 126.125, -17.125 ], [ 126.125, -17.625 ], [ 125.875, -17.625 ], [ 125.875, -17.875 ], [ 125.375, -17.875 ], [ 125.375, -17.625 ], [ 125.625, -17.625 ], [ 125.625, -16.625 ], [ 125.875, -16.625 ], [ 125.875, -16.125 ], [ 125.625, -16.125 ], [ 125.625, -15.875 ], [ 125.375, -15.875 ], [ 125.375, -16.125 ], [ 125.125, -16.125 ], [ 125.125, -16.375 ], [ 124.625, -16.375 ], [ 124.625, -16.875 ], [ 124.875, -16.875 ], [ 124.875, -17.375 ], [ 124.625, -17.375 ], [ 124.625, -18.125 ], [ 124.875, -18.125 ], [ 124.875, -18.375 ], [ 125.625, -18.375 ], [ 125.625, -19.125 ], [ 125.875, -19.125 ], [ 125.875, -19.625 ], [ 127.125, -19.625 ], [ 127.125, -19.375 ], [ 127.375, -19.375 ], [ 127.375, -19.125 ], [ 127.625, -19.125 ], [ 127.625, -18.875 ], [ 128.125, -18.875 ], [ 128.125, -19.375 ], [ 128.375, -19.375 ], [ 128.375, -19.125 ], [ 128.625, -19.125 ], [ 128.625, -18.625 ], [ 128.375, -18.625 ], [ 128.375, -17.625 ], [ 128.625, -17.625 ], [ 128.625, -16.625 ], [ 128.875, -16.625 ], [ 128.875, -15.875 ], [ 128.375, -15.875 ], [ 128.375, -15.375 ], [ 128.125, -15.375 ] ] ] } },
{ "type": "Feature", "properties": { "cluster_id": 18, "cohesion": 5.7194552176550069, "distances": { "1": 29.75565819962037, "2": 26.101221728137574, "3": 29.735336434049927, "4": 33.10083793837927, "5": 33.363438479222985, "6": 30.942039078992806, "7": 20.344329427132735, "8": 17.373622182559252, "9": 14.619285661391125, "10": 10.35117654051184, "11": 17.151278284488846, "12": 12.363722409560932, "13": 22.094885894637798, "14": 23.771095052976694, "15": 16.851648054332465, "16": 14.387398406558532, "17": 17.109349911182143, "19": 10.49309590535747, "20": 17.786223657213753, "21": 23.919601617731978, "22": 23.168685030419024, "23": 21.121635257063836, "24": 25.985480365854496, "25": 28.845741516909232, "26": 40.68299838986427, "27": 46.1649894599692, "28": 44.30508709904327, "29": 47.44348517398529, "30": 48.99667337676745, "31": 52.20007059037012, "32": 44.97082689427445, "33": 43.768972252489924, "34": 42.9151124887448, "35": 46.645294310195204, "36": 47.890385956184566, "37": 49.488484615422294, "38": 51.57744890667834, "39": 48.499066782932545, "40": 37.2245293717949, "41": 35.833581618493724, "42": 42.93107454828474, "43": 38.22780670741884, "44": 41.61776641830192, "45": 49.91032032061664, "46": 45.419653266898194, "47": 48.66422589290488, "48": 45.146338491707404, "49": 48.390712737378614, "50": 51.257778131445114, "51": 41.15616706824331, "52": 40.25871855844983, "53": 49.062128863852635, "54": 46.3376594786094, "55": 50.90976551918972, "56": 50.57550305340403, "57": 46.97085948070253, "58": 43.96892080332624, "59": 41.679127963914844, "60": 41.67347741313499, "61": 44.47257491755823, "62": 46.8337678546515, "63": 33.458622904706296, "64": 37.78547491847761, "65": 37.175881546230926, "66": 35.61503808678296, "67": 34.13788795313836, "68": 34.82238513473769, "69": 28.468531115239927, "70": 31.57542276963964, "71": 31.910703788850366, "72": 36.168019216388295, "73": 30.501633829961854, "74": 38.706391934648046, "75": 34.03414161660487, "76": 31.39721073424373, "77": 35.22276156422871, "78": 41.85941829585171, "79": 40.82648920445425, "80": 38.13609283818217, "81": 41.98941435255324, "82": 40.31118903490012, "83": 33.284559130981656, "84": 27.466550259521895, "85": 32.770086398145466, "86": 23.38091102730011, "87": 34.828244981443774, "88": 30.05637987159244, "89": 34.31735419316153, "90": 24.42175825887743, "91": 32.083574428437, "92": 35.20294845330412 } }, "geometry": { "type": "Polygon", "coordinates": [ [ [ 131.125, -19.125 ], [ 131.125, -19.375 ], [ 131.375, -19.375 ], [ 131.375, -19.875 ], [ 131.625, -19.875 ], [ 131.625, -20.125 ], [ 131.875, -20.125 ], [ 131.875, -20.375 ], [ 132.125, -20.375 ], [ 132.125, -20.625 ], [ 134.625, -20.625 ], [ 134.625, -20.875 ], [ 137.625, -20.875 ], [ 137.625, -21.125 ], [ 138.625, -21.125 ], [ 138.625, -20.625 ], [ 138.375, -20.625 ], [ 138.375, -20.375 ], [ 138.625, -20.375 ], [ 138.625, -20.125 ], [ 138.375, -20.125 ], [ 138.375, -19.875 ], [ 138.125, -19.875 ], [ 138.125, -20.125 ], [ 137.625, -20.125 ], [ 137.625, -19.875 ], [ 137.125, -19.875 ], [ 137.125, -19.375 ], [ 135.875, -19.375 ], [ 135.875, -19.125 ], [ 134.875, -19.125 ], [ 134.875, -19.375 ], [ 132.875, -19.375 ], [ 132.875, -19.125 ], [ 131.125, -19.125 ] ] ] } },
{ "type": "Feature", "properties": { "cluster_id": 19, "cohesion": 7.6169591655490407, "distances": { "1": 30.49267873114012, "2": 27.147599162005964, "3": 28.298812798961237, "4": 31.977679908552304, "5": 32.07536598474324, "6": 30.753228089498506, "7": 23.065663989846147, "8": 18.855743463868077, "9": 18.912924537266647, "10": 14.88932672404001, "11": 19.98942506538154, "12": 14.281404099090448, "13": 20.904387126434102, "14": 23.824060455954417, "15": 10.756745091861477, "16": 11.732735128635134, "17": 14.950664117416801, "18": 10.49309590535747, "20": 12.885539858695058, "21": 20.274045063700694, "22": 23.073635847444145, "23": 19.55040616586193, "24": 22.139156463231384, "25": 25.567845637111795, "26": 36.787964751372755, "27": 42.05543872054801, "28": 41.51036762829043, "29": 43.743262927835936, "30": 45.04642936108377, "31": 47.51066786702251, "32": 39.888201776321644, "33": 39.50583175443899, "34": 38.42149093091838, "35": 42.007591884435655, "36": 43.3482282374882, "37": 45.05778249549901, "38": 46.368100684342565, "39": 43.292289488077536, "40": 35.23191591736835, "41": 34.70199792137807, "42": 40.08377084074308, "43": 36.560659671708045, "44": 39.27352219635548, "45": 46.371082569958574, "46": 41.53931060394179, "47": 44.52237893319646, "48": 42.16315412848165, "49": 44.528422005529904, "50": 46.886071919601484, "51": 35.40768205527228, "52": 34.59296296572115, "53": 43.53007166919357, "54": 40.77908276866455, "55": 46.06895777831192, "56": 45.718664163099824, "57": 41.84058330574828, "58": 39.36081281338079, "59": 37.29496620130876, "60": 36.63759365612411, "61": 40.085766027067386, "62": 41.63186079933097, "63": 30.946649162531877, "64": 34.69564497130009, "65": 35.05070723954182, "66": 33.23563789042569, "67": 32.1260415027123, "68": 32.04931365172925, "69": 26.1036643783042, "70": 29.13156525903243, "71": 29.587193316650712, "72": 32.85509409627575, "73": 26.932177134861195, "74": 36.51815637239468, "75": 31.970114346530277, "76": 29.362276298359884, "77": 30.72268360573682, "78": 36.24842609261648, "79": 35.66186613844238, "80": 34.575673520421425, "81": 38.04922704884603, "82": 36.054208227510316, "83": 29.528279685249114, "84": 24.034845035066994, "85": 27.318548590673455, "86": 18.2041406251176, "87": 30.82852554530415, "88": 25.722119066352395, "89": 29.19588908436024, "90": 18.321720486625406, "91": 25.97705615545329, "92": 29.565620044398216 } }, "geometry": { "type": "Polygon", "coordinates": [ [ [ 130.125, -18.875 ], [ 130.125, -19.125 ], [ 128.375, -19.125 ], [ 128.375, -19.625 ], [ 129.125, -19.625 ], [ 129.125, -19.875 ], [ 129.875, -19.875 ], [ 129.875, -19.625 ], [ 130.375, -19.625 ], [ 130.375, -20.125 ], [ 130.625, -20.125 ], [ 130.625, -20.375 ], [ 130.875, -20.375 ], [ 130.875, -20.625 ], [ 131.125, -20.625 ], [ 131.125, -21.375 ], [ 131.375, -21.375 ], [ 131.375, -21.625 ], [ 132.125, -21.625 ], [ 132.125, -21.125 ], [ 133.625, -21.125 ], [ 133.625, -21.375 ], [ 134.875, -21.375 ], [ 134.875, -21.125 ], [ 136.125, -21.125 ], [ 136.125, -20.875 ], [ 134.625, -20.875 ], [ 134.625, -20.625 ], [ 132.125, -20.625 ], [ 132.125, -20.375 ], [ 131.875, -20.375 ], [ 131.875, -20.125 ], [ 131.625, -20.125 ], [ 131.625, -19.875 ], [ 131.375, -19.875 ], [ 131.375, -19.375 ], [ 131.125, -19.375 ], [ 131.125, -19.125 ], [ 130.875, -19.125 ], [ 130.875, -18.875 ], [ 130.125, -18.875 ] ] ] } },
{ "type": "Feature", "properties": { "cluster_id": 20, "cohesion": 6.1203294704682429, "distances": { "1": 30.42780847611869, "2": 27.623238290472933, "3": 27.62492693419963, "4": 31.205482951211206, "5": 30.237151013550235, "6": 30.31193291085049, "7": 24.799058171237647, "8": 19.76240423712889, "9": 22.15331906187964, "10": 19.181304533626754, "11": 23.416197792699734, "12": 19.296487248230573, "13": 22.72738211003389, "14": 25.018450385020902, "15": 9.814497136922636, "16": 17.477901537066835, "17": 12.22806875795528, "18": 17.786223657213753, "19": 12.885539858695058, "21": 12.760753246042835, "22": 23.283627068705403, "23": 17.825110048466403, "24": 16.766417580239093, "25": 22.986161507472232, "26": 32.61444747251169, "27": 37.500770474203314, "28": 37.24132403249341, "29": 38.95158530041931, "30": 40.569410746384605, "31": 42.790662925109245, "32": 36.77619388517901, "33": 35.614969808467634, "34": 35.53585527250302, "35": 37.94383087964826, "36": 38.71245553277099, "37": 40.08909738979475, "38": 41.522789447269574, "39": 39.24798110176332, "40": 34.059795281400504, "41": 33.90849665183437, "42": 38.79076838051469, "43": 36.031462917483196, "44": 38.23925775979475, "45": 44.09290182831641, "46": 39.14193725891159, "47": 41.77786889823297, "48": 40.26069495842069, "49": 41.215533463305114, "50": 44.00040642201528, "51": 31.20981492651963, "52": 32.26127422813317, "53": 39.39885098662317, "54": 37.53362275041926, "55": 42.26972126599404, "56": 42.34532089235047, "57": 38.747115774324065, "58": 35.16767283048681, "59": 32.217445064128526, "60": 31.30982538137265, "61": 36.67596690683741, "62": 37.43334636723068, "63": 29.18568084501326, "64": 32.270460025382285, "65": 33.779957410130635, "66": 31.07726483019993, "67": 31.20798657089187, "68": 30.229325300028474, "69": 25.42473606262666, "70": 27.934587078985736, "71": 27.24021358844952, "72": 30.34201017194367, "73": 24.256112154489674, "74": 32.66607297585373, "75": 29.4626510188728, "76": 26.651887399459405, "77": 30.1923237206223, "78": 33.85350643474395, "79": 33.90036469893469, "80": 32.526628444337405, "81": 34.87794181639906, "82": 33.4876580489108, "83": 28.613203423567352, "84": 24.87960536271406, "85": 26.646418700502075, "86": 20.07718557726906, "87": 25.015187436629425, "88": 17.840597961724974, "89": 21.899397190637956, "90": 12.85417462661323, "91": 21.87459686063811, "92": 23.23077168572235 } }, "geometry": { "type": "Polygon", "coordinates": [ [ [ 127.625, -18.875 ], [ 127.625, -19.125 ], [ 127.375, -19.125 ], [ 127.375, -19.375 ], [ 127.125, -19.375 ], [ 127.125, -19.625 ], [ 125.875, -19.625 ], [ 125.875, -19.375 ], [ 125.375, -19.375 ], [ 125.375, -19.875 ], [ 125.625, -19.875 ], [ 125.625, -20.125 ], [ 125.875, -20.125 ], [ 125.875, -20.375 ], [ 125.125, -20.375 ], [ 125.125, -20.625 ], [ 125.375, -20.625 ], [ 125.375, -20.875 ], [ 125.125, -20.875 ], [ 125.125, -21.125 ], [ 125.375, -21.125 ], [ 125.375, -21.375 ], [ 126.375, -21.375 ], [ 126.375, -21.625 ], [ 126.875, -21.625 ], [ 126.875, -21.375 ], [ 127.625, -21.375 ], [ 127.625, -21.625 ], [ 127.875, -21.625 ], [ 127.875, -21.375 ], [ 128.125, -21.375 ], [ 128.125, -21.125 ], [ 128.375, -21.125 ], [ 128.375, -20.875 ], [ 128.625, -20.875 ], [ 128.625, -20.375 ], [ 128.125, -20.375 ], [ 128.125, -20.125 ], [ 128.875, -20.125 ], [ 128.875, -19.875 ], [ 129.125, -19.875 ], [ 129.125, -19.625 ], [ 128.375, -19.625 ], [ 128.375, -19.375 ], [ 128.125, -19.375 ], [ 128.125, -18.875 ], [ 127.625, -18.875 ] ] ] } },
{ "type": "Feature", "properties": { "cluster_id": 21, "cohesion": 8.2260584931764207, "distances": { "1": 28.711215303718067, "2": 26.695716479825528, "3": 27.206418068373374, "4": 29.62187559877124, "5": 27.91263903599827, "6": 28.644532093521676, "7": 24.977152331490775, "8": 20.73605359365389, "9": 24.483900756162992, "10": 23.170490166932293, "11": 25.45085014015883, "12": 23.915457540791394, "13": 25.584860131993437, "14": 25.97171580627745, "15": 17.744831935756885, "16": 24.171051947348765, "17": 13.794047909098147, "18": 23.919601617731978, "19": 20.274045063700694, "20": 12.760753246042835, "22": 22.45339769819458, "23": 17.156687327537156, "24": 12.737992547120971, "25": 20.984844463957057, "26": 30.126904365384657, "27": 34.593583174964486, "28": 33.22170364909116, "29": 35.41516912085735, "30": 37.449906817021834, "31": 40.33064014228977, "32": 36.8687586995237, "33": 33.83790055086623, "34": 35.42931711672364, "35": 36.62775953699186, "36": 36.48350934814494, "37": 37.27159173010605, "38": 39.80758325646258, "39": 38.379767192497006, "40": 32.318666887412846, "41": 31.887504384059568, "42": 37.663089048425036, "43": 34.65344640786131, "44": 36.838133231291884, "45": 42.283640572557104, "46": 37.93801850099064, "47": 40.423569308003415, "48": 38.36872754860175, "49": 38.942960470821184, "50": 42.67072643413472, "51": 31.927055435451067, "52": 33.92725490748516, "53": 38.75847691957971, "54": 37.79921232936641, "55": 40.85537470628, "56": 41.30441495540603, "57": 38.60433503219679, "58": 32.82571723302405, "59": 28.52851179091105, "60": 29.115492786504568, "61": 35.106384001281626, "62": 36.52167776490116, "63": 28.815546386080474, "64": 31.15600132292868, "65": 32.438940042271, "66": 29.339941092479723, "67": 30.189438355321002, "68": 29.917866443373217, "69": 26.661612145371137, "70": 27.1393453834223, "71": 25.330602213242834, "72": 28.869621051642707, "73": 23.294701155466452, "74": 28.727541223602536, "75": 26.71211878994673, "76": 24.081412491655573, "77": 32.4803082482793, "78": 35.20316049331676, "79": 35.37509988918033, "80": 31.9107314478404, "81": 33.920752147333836, "82": 33.60155600957295, "83": 30.25705705923972, "84": 28.26412786711246, "85": 30.253056850569713, "86": 25.91856371292247, "87": 20.04730382801849, "88": 12.313195020605798, "89": 18.80204700240862, "90": 17.811162168689528, "91": 24.99270543725659, "92": 23.114001730425958 } }, "geometry": { "type": "Polygon", "coordinates": [ [ [ 124.375, -16.375 ], [ 124.375, -16.625 ], [ 123.875, -16.625 ], [ 123.875, -17.125 ], [ 123.625, -17.125 ], [ 123.625, -17.375 ], [ 123.375, -17.375 ], [ 123.375, -17.625 ], [ 123.125, -17.625 ], [ 123.125, -17.875 ], [ 122.625, -17.875 ], [ 122.625, -17.375 ], [ 122.875, -17.375 ], [ 122.875, -17.125 ], [ 123.125, -17.125 ], [ 123.125, -16.875 ], [ 122.625, -16.875 ], [ 122.625, -17.125 ], [ 122.375, -17.125 ], [ 122.375, -18.125 ], [ 121.875, -18.125 ], [ 121.875, -18.375 ], [ 121.625, -18.375 ], [ 121.625, -18.625 ], [ 121.375, -18.625 ], [ 121.375, -18.875 ], [ 121.125, -18.875 ], [ 121.125, -19.125 ], [ 120.875, -19.125 ], [ 120.875, -19.375 ], [ 120.625, -19.375 ], [ 120.625, -19.625 ], [ 120.375, -19.625 ], [ 120.375, -19.875 ], [ 119.625, -19.875 ], [ 119.625, -20.125 ], [ 119.125, -20.125 ], [ 119.125, -20.375 ], [ 118.625, -20.375 ], [ 118.625, -21.375 ], [ 119.125, -21.375 ], [ 119.125, -21.125 ], [ 119.625, -21.125 ], [ 119.625, -21.375 ], [ 120.375, -21.375 ], [ 120.375, -21.125 ], [ 120.625, -21.125 ], [ 120.625, -20.875 ], [ 121.125, -20.875 ], [ 121.125, -20.625 ], [ 122.375, -20.625 ], [ 122.375, -20.875 ], [ 122.625, -20.875 ], [ 122.625, -21.125 ], [ 123.125, -21.125 ], [ 123.125, -21.375 ], [ 124.125, -21.375 ], [ 124.125, -21.125 ], [ 125.125, -21.125 ], [ 125.125, -20.875 ], [ 125.375, -20.875 ], [ 125.375, -20.625 ], [ 125.125, -20.625 ], [ 125.125, -20.375 ], [ 125.875, -20.375 ], [ 125.875, -20.125 ], [ 125.625, -20.125 ], [ 125.625, -19.875 ], [ 125.375, -19.875 ], [ 125.375, -19.375 ], [ 125.875, -19.375 ], [ 125.875, -19.125 ], [ 125.625, -19.125 ], [ 125.625, -18.375 ], [ 124.875, -18.375 ], [ 124.875, -18.125 ], [ 124.625, -18.125 ], [ 124.625, -17.375 ], [ 124.875, -17.375 ], [ 124.875, -16.875 ], [ 124.625, -16.875 ], [ 124.625, -16.375 ], [ 124.375, -16.375 ] ] ] } },
{ "type": "Feature", "properties": { "cluster_id": 22, "cohesion": 7.9707431067182677, "distances": { "1": 19.559370710936445, "2": 16.016232596177346, "3": 21.78099141851963, "4": 21.956154103021117, "5": 22.548675657084473, "6": 19.121396059687253, "7": 13.437887213213756, "8": 13.923162766681813, "9": 18.382737674028654, "10": 20.52944267638212, "11": 18.09122077146302, "12": 22.087826750715198, "13": 23.971747425259856, "14": 19.975395237525806, "15": 24.706881347964494, "16": 26.340394518324075, "17": 18.057804142392126, "18": 23.16868503041902, "19": 23.07363584744414, "20": 23.283627068705403, "21": 22.45339769819458, "23": 12.533698118449504, "24": 18.86517971281787, "25": 16.085946900114124, "26": 34.747424379494596, "27": 38.243131499635325, "28": 33.76940803961461, "29": 37.50055664207739, "30": 37.76949441939979, "31": 42.18865143435667, "32": 41.19422002968071, "33": 37.87561101780075, "34": 39.16742064919973, "35": 40.997464767852726, "36": 41.04269566336705, "37": 41.06505633625904, "38": 43.49235628038802, "39": 42.67125248136824, "40": 27.481335688829734, "41": 25.361772812410173, "42": 34.5535769074571, "43": 28.79576527672965, "44": 32.141068761355164, "45": 40.055274194773865, "46": 38.000246974901145, "47": 40.50674138168121, "48": 34.89964615654541, "49": 37.36682027362063, "50": 41.94797476294734, "51": 37.696684794638685, "52": 37.73729186807607, "53": 42.518852817487534, "54": 41.656790538017646, "55": 41.786790814251624, "56": 42.7834332972885, "57": 40.27342400032709, "58": 36.86303512324694, "59": 33.514982980516926, "60": 35.716710132941216, "61": 37.480949933429855, "62": 40.78018107124594, "63": 26.8138766560548, "64": 29.299560257358348, "65": 26.64632683566157, "66": 25.5242408419901, "67": 26.32918948313091, "68": 28.652357501624447, "69": 25.914561455161376, "70": 26.385632238656353, "71": 27.849813044441483, "72": 31.613323605498284, "73": 25.941564540876637, "74": 30.212618379105436, "75": 25.96790474460363, "76": 26.57141179953235, "77": 35.06429473361748, "78": 39.35300493029136, "79": 38.88933699618836, "80": 33.48556037867194, "81": 35.624147234091055, "82": 36.33570286516792, "83": 31.83213583136987, "84": 30.187524726000618, "85": 34.91442405752662, "86": 30.168395024266587, "87": 27.309329305063944, "88": 26.744200206352417, "89": 30.532337102842746, "90": 28.339331586363073, "91": 33.00138162265485, "92": 33.0662840888089 } }, "geometry": { "type": "MultiPolygon", "coordinates": [ [ [ [ 129.875, -13.875 ], [ 129.875, -13.625 ], [ 130.125, -13.625 ], [ 130.125, -13.875 ], [ 129.875, -13.875 ] ] ], [ [ [ 133.375, -13.875 ], [ 133.375, -13.625 ], [ 133.625, -13.625 ], [ 133.625, -13.875 ], [ 133.375, -13.875 ] ] ], [ [ [ 130.125, -13.625 ], [ 130.125, -13.375 ], [ 130.375, -13.375 ], [ 130.375, -13.625 ], [ 130.125, -13.625 ] ] ], [ [ [ 134.125, -13.375 ], [ 134.125, -13.625 ], [ 133.625, -13.625 ], [ 133.625, -13.375 ], [ 133.875, -13.375 ], [ 133.875, -13.125 ], [ 134.375, -13.125 ], [ 134.375, -13.375 ], [ 134.125, -13.375 ] ] ], [ [ [ 135.375, -13.125 ], [ 135.625, -13.125 ], [ 135.625, -13.375 ], [ 135.375, -13.375 ], [ 135.375, -13.125 ] ] ], [ [ [ 135.875, -12.375 ], [ 135.625, -12.375 ], [ 135.625, -12.125 ], [ 133.875, -12.125 ], [ 133.875, -11.875 ], [ 133.125, -11.875 ], [ 133.125, -12.375 ], [ 132.625, -12.375 ], [ 132.625, -12.625 ], [ 132.125, -12.625 ], [ 132.125, -12.875 ], [ 131.125, -12.875 ], [ 131.125, -13.125 ], [ 130.625, -13.125 ], [ 130.625, -13.375 ], [ 130.375, -13.375 ], [ 130.375, -12.875 ], [ 130.625, -12.875 ], [ 130.625, -12.625 ], [ 131.125, -12.625 ], [ 131.125, -12.375 ], [ 132.375, -12.375 ], [ 132.375, -12.125 ], [ 131.625, -12.125 ], [ 131.625, -11.875 ], [ 132.125, -11.875 ], [ 132.125, -11.625 ], [ 132.375, -11.625 ], [ 132.375, -11.375 ], [ 132.625, -11.375 ], [ 132.625, -11.125 ], [ 133.125, -11.125 ], [ 133.125, -11.375 ], [ 133.875, -11.375 ], [ 133.875, -11.625 ], [ 134.875, -11.625 ], [ 134.875, -11.875 ], [ 135.375, -11.875 ], [ 135.375, -11.625 ], [ 135.625, -11.625 ], [ 135.625, -11.875 ], [ 136.625, -11.875 ], [ 136.625, -12.125 ], [ 136.875, -12.125 ], [ 136.875, -12.375 ], [ 137.125, -12.375 ], [ 137.125, -12.625 ], [ 136.875, -12.625 ], [ 136.875, -13.125 ], [ 136.625, -13.125 ], [ 136.625, -13.375 ], [ 136.375, -13.375 ], [ 136.375, -13.625 ], [ 135.875, -13.625 ], [ 135.875, -13.125 ], [ 135.625, -13.125 ], [ 135.625, -12.875 ], [ 135.875, -12.875 ], [ 135.875, -12.375 ] ] ], [ [ [ 131.625, -11.125 ], [ 131.625, -11.375 ], [ 131.875, -11.375 ], [ 131.875, -11.625 ], [ 131.625, -11.625 ], [ 131.625, -11.875 ], [ 130.875, -11.875 ], [ 130.875, -11.375 ], [ 131.125, -11.375 ], [ 131.125, -10.875 ], [ 131.375, -10.875 ], [ 131.375, -11.125 ], [ 131.625, -11.125 ] ] ], [ [ [ 130.375, -11.125 ], [ 130.375, -10.875 ], [ 130.625, -10.875 ], [ 130.625, -11.125 ], [ 130.375, -11.125 ] ] ] ] } },
{ "type": "Feature", "properties": { "cluster_id": 23, "cohesion": 9.5177935382956154, "distances": { "1": 23.1459548579904, "2": 19.075412374301756, "3": 22.40183915158518, "4": 24.50220317381755, "5": 24.3940165684768, "6": 22.451765375579136, "7": 16.22079863085858, "8": 12.627947047488556, "9": 18.00816921901326, "10": 18.805983156319012, "11": 18.76623550728618, "12": 20.197911300174894, "13": 22.24897160389236, "14": 20.40873856044121, "15": 19.980566213154926, "16": 23.455259738472805, "17": 12.652795088904933, "18": 21.121635257063836, "19": 19.55040616586193, "20": 17.825110048466403, "21": 17.156687327537156, "22": 12.533698118449504, "24": 13.932793030680894, "25": 15.834052399414873, "26": 32.94090985874436, "27": 36.90908878388884, "28": 33.75749231761216, "29": 36.74047075249606, "30": 37.47549847086071, "31": 41.26572044765745, "32": 38.700153254678966, "33": 35.82293403351409, "34": 36.697069963423516, "35": 38.671101516187456, "36": 39.06738396963682, "37": 39.55032780762374, "38": 41.76086251109755, "39": 40.535978984843595, "40": 28.664257551123473, "41": 27.44212493465099, "42": 35.46773962017653, "43": 30.738797826180956, "44": 33.38836600759323, "45": 40.64923974045209, "46": 37.83086607913912, "47": 40.31377439946057, "48": 35.77834988479407, "49": 37.55171843460021, "50": 41.82080953619385, "51": 35.11283844486062, "52": 35.48971046354819, "53": 40.56172614203726, "54": 39.48158639014734, "55": 40.98224536199915, "56": 41.97952173715046, "57": 39.183943613966264, "58": 35.387637474093125, "59": 31.656938962893335, "60": 33.393197321698025, "61": 36.52223776532597, "62": 39.14396506814597, "63": 25.977845334692343, "64": 28.801200417388493, "65": 28.264159111094987, "66": 26.171426344524786, "67": 26.951952366606054, "68": 27.50331352757918, "69": 24.033568031967892, "70": 25.618788387193742, "71": 26.40158971736005, "72": 29.993051763403226, "73": 23.994643206220225, "74": 29.99974965678876, "75": 26.52224262048088, "76": 25.591879930330016, "77": 32.82169605161988, "78": 36.97005421090591, "79": 36.56147828879815, "80": 31.92012023767714, "81": 33.788943165613446, "82": 34.013223605472845, "83": 29.581444978266017, "84": 27.68970737463809, "85": 31.96358471478326, "86": 26.953000708278317, "87": 24.66032627872468, "88": 22.423277299368156, "89": 26.62184685147852, "90": 23.541780853899418, "91": 29.284203474771022, "92": 29.461816544988924 } }, "geometry": { "type": "MultiPolygon", "coordinates": [ [ [ [ 127.625, -14.125 ], [ 127.625, -14.375 ], [ 127.375, -14.375 ], [ 127.375, -15.125 ], [ 127.125, -15.125 ], [ 127.125, -15.625 ], [ 126.875, -15.625 ], [ 126.875, -15.875 ], [ 127.875, -15.875 ], [ 127.875, -16.125 ], [ 128.125, -16.125 ], [ 128.125, -16.375 ], [ 127.875, -16.375 ], [ 127.875, -16.625 ], [ 127.625, -16.625 ], [ 127.625, -16.125 ], [ 127.125, -16.125 ], [ 127.125, -16.375 ], [ 126.875, -16.375 ], [ 126.875, -16.625 ], [ 126.625, -16.625 ], [ 126.625, -16.875 ], [ 126.375, -16.875 ], [ 126.375, -17.125 ], [ 126.125, -17.125 ], [ 126.125, -16.875 ], [ 125.625, -16.875 ], [ 125.625, -16.625 ], [ 125.875, -16.625 ], [ 125.875, -16.125 ], [ 125.625, -16.125 ], [ 125.625, -15.875 ], [ 125.375, -15.875 ], [ 125.375, -16.125 ], [ 125.125, -16.125 ], [ 125.125, -16.375 ], [ 124.625, -16.375 ], [ 124.625, -15.625 ], [ 124.875, -15.625 ], [ 124.875, -15.375 ], [ 125.125, -15.375 ], [ 125.125, -15.125 ], [ 125.375, -15.125 ], [ 125.375, -14.875 ], [ 125.625, -14.875 ], [ 125.625, -14.625 ], [ 125.875, -14.625 ], [ 125.875, -14.375 ], [ 126.125, -14.375 ], [ 126.125, -14.125 ], [ 126.625, -14.125 ], [ 126.625, -13.875 ], [ 127.375, -13.875 ], [ 127.375, -14.125 ], [ 127.625, -14.125 ] ] ], [ [ [ 127.875, -15.625 ], [ 127.875, -15.375 ], [ 128.125, -15.375 ], [ 128.125, -15.625 ], [ 127.875, -15.625 ] ] ], [ [ [ 128.125, -15.125 ], [ 128.375, -15.125 ], [ 128.375, -15.375 ], [ 128.125, -15.375 ], [ 128.125, -15.125 ] ] ], [ [ [ 128.625, -15.125 ], [ 128.375, -15.125 ], [ 128.375, -14.875 ], [ 128.625, -14.875 ], [ 128.625, -15.125 ] ] ], [ [ [ 136.125, -13.625 ], [ 136.125, -13.875 ], [ 136.375, -13.875 ], [ 136.375, -14.125 ], [ 136.125, -14.125 ], [ 136.125, -14.375 ], [ 135.875, -14.375 ], [ 135.875, -14.875 ], [ 136.125, -14.875 ], [ 136.125, -15.125 ], [ 135.375, -15.125 ], [ 135.375, -14.875 ], [ 134.625, -14.875 ], [ 134.625, -15.125 ], [ 134.375, -15.125 ], [ 134.375, -15.375 ], [ 134.125, -15.375 ], [ 134.125, -15.625 ], [ 133.875, -15.625 ], [ 133.875, -15.375 ], [ 132.875, -15.375 ], [ 132.875, -15.125 ], [ 132.625, -15.125 ], [ 132.625, -14.625 ], [ 132.875, -14.625 ], [ 132.875, -14.375 ], [ 133.125, -14.375 ], [ 133.125, -14.125 ], [ 133.375, -14.125 ], [ 133.375, -13.875 ], [ 133.625, -13.875 ], [ 133.625, -13.625 ], [ 134.125, -13.625 ], [ 134.125, -13.375 ], [ 134.375, -13.375 ], [ 134.375, -14.125 ], [ 134.875, -14.125 ], [ 134.875, -13.875 ], [ 135.125, -13.875 ], [ 135.125, -13.625 ], [ 135.375, -13.625 ], [ 135.375, -13.375 ], [ 135.625, -13.375 ], [ 135.625, -13.125 ], [ 135.875, -13.125 ], [ 135.875, -13.625 ], [ 136.125, -13.625 ] ] ], [ [ [ 129.625, -14.125 ], [ 129.625, -14.875 ], [ 128.625, -14.875 ], [ 128.625, -14.625 ], [ 129.375, -14.625 ], [ 129.375, -14.375 ], [ 129.125, -14.375 ], [ 129.125, -14.125 ], [ 129.375, -14.125 ], [ 129.375, -13.875 ], [ 129.625, -13.875 ], [ 129.625, -13.625 ], [ 129.875, -13.625 ], [ 129.875, -14.125 ], [ 129.625, -14.125 ] ] ], [ [ [ 129.875, -13.375 ], [ 130.125, -13.375 ], [ 130.125, -13.625 ], [ 129.875, -13.625 ], [ 129.875, -13.375 ] ] ], [ [ [ 130.375, -13.375 ], [ 130.125, -13.375 ], [ 130.125, -13.125 ], [ 130.375, -13.125 ], [ 130.375, -13.375 ] ] ] ] } },
{ "type": "Feature", "properties": { "cluster_id": 24, "cohesion": 8.2306609211844854, "distances": { "1": 28.03846895796907, "2": 24.95469572475408, "3": 23.441251464679635, "4": 26.018471552224252, "5": 25.99704060577821, "6": 26.354916389398465, "7": 24.52440326629251, "8": 20.198384622349888, "9": 25.527646277887666, "10": 24.97012401482496, "11": 24.63171736849017, "12": 23.867410152430637, "13": 23.379411044848993, "14": 23.435473611434784, "15": 19.357660476760923, "16": 24.74099385613904, "17": 15.075498613251183, "18": 25.985480365854496, "19": 22.139156463231384, "20": 16.766417580239093, "21": 12.737992547120971, "22": 18.86517971281787, "23": 13.932793030680894, "25": 13.837351500173765, "26": 28.22867072775018, "27": 31.906392299491703, "28": 30.6904385876454, "29": 32.410810207656, "30": 33.10320237966462, "31": 35.90071944619634, "32": 33.6516782857997, "33": 30.882397321641147, "34": 32.18821562767248, "35": 33.59854981370473, "36": 33.7219180430591, "37": 34.224615238151436, "38": 35.967823128666964, "39": 34.9427015441257, "40": 27.661367996228076, "41": 27.60060591537162, "42": 32.42119324213836, "43": 29.759509870744118, "44": 31.522662843029273, "45": 36.54396231556264, "46": 33.017483459967984, "47": 35.26511698376668, "48": 32.85365935739155, "49": 33.518103328981105, "50": 37.05128996711743, "51": 29.131801554058033, "52": 30.472171918490417, "53": 34.81181896291419, "54": 34.1143466837886, "55": 35.86150834789727, "56": 36.25052559192355, "57": 33.92154722798461, "58": 29.003166535459997, "59": 25.395541492584016, "60": 26.508819488582528, "61": 30.781030989111965, "62": 32.76055415560623, "63": 24.630113133844954, "64": 26.28672756205325, "65": 27.307832340320566, "66": 25.303730431330187, "67": 25.706436169212154, "68": 25.549212927917637, "69": 23.32300488239769, "70": 23.753525414085004, "71": 24.115147972427476, "72": 26.372246604147676, "73": 20.460874465641048, "74": 27.666480945067647, "75": 24.84761701404605, "76": 23.60020839806448, "77": 29.73147799063221, "78": 31.99806705252491, "79": 32.24044468145199, "80": 28.398396478374774, "81": 29.69238625589927, "82": 30.047683545377065, "83": 27.125083397775274, "84": 26.292830933110775, "85": 28.340439843772632, "86": 25.28062128972357, "87": 18.377257658330112, "88": 15.678458713229059, "89": 19.469727808561515, "90": 19.620582873613124, "91": 24.1754778021925, "92": 23.07941900708805 } }, "geometry": { "type": "MultiPolygon", "coordinates": [ [ [ [ 126.125, -16.875 ], [ 126.125, -17.625 ], [ 125.875, -17.625 ], [ 125.875, -17.875 ], [ 125.375, -17.875 ], [ 125.375, -17.625 ], [ 125.625, -17.625 ], [ 125.625, -16.875 ], [ 126.125, -16.875 ] ] ], [ [ [ 124.625, -16.375 ], [ 124.375, -16.375 ], [ 124.375, -16.625 ], [ 123.875, -16.625 ], [ 123.875, -17.125 ], [ 123.625, -17.125 ], [ 123.625, -17.375 ], [ 123.375, -17.375 ], [ 123.375, -17.625 ], [ 123.125, -17.625 ], [ 123.125, -17.875 ], [ 122.625, -17.875 ], [ 122.625, -17.375 ], [ 122.875, -17.375 ], [ 122.875, -17.125 ], [ 123.125, -17.125 ], [ 123.125, -16.875 ], [ 122.625, -16.875 ], [ 122.625, -17.125 ], [ 122.375, -17.125 ], [ 122.375, -18.125 ], [ 122.125, -18.125 ], [ 122.125, -17.875 ], [ 121.875, -17.875 ], [ 121.875, -17.125 ], [ 122.125, -17.125 ], [ 122.125, -16.875 ], [ 122.375, -16.875 ], [ 122.375, -16.625 ], [ 122.625, -16.625 ], [ 122.625, -16.375 ], [ 123.625, -16.375 ], [ 123.625, -16.125 ], [ 124.375, -16.125 ], [ 124.375, -15.875 ], [ 124.625, -15.875 ], [ 124.625, -16.375 ] ] ], [ [ [ 128.375, -14.625 ], [ 128.625, -14.625 ], [ 128.625, -14.875 ], [ 128.375, -14.875 ], [ 128.375, -15.125 ], [ 128.125, -15.125 ], [ 128.125, -15.375 ], [ 127.875, -15.375 ], [ 127.875, -15.875 ], [ 126.875, -15.875 ], [ 126.875, -15.625 ], [ 127.125, -15.625 ], [ 127.125, -15.125 ], [ 127.375, -15.125 ], [ 127.375, -14.375 ], [ 128.375, -14.375 ], [ 128.375, -14.625 ] ] ] ] } },
{ "type": "Feature", "properties": { "cluster_id": 25, "cohesion": 8.2888809823311895, "distances": { "1": 27.120299279449245, "2": 23.693968598993905, "3": 20.593610891783907, "4": 22.186491080873534, "5": 24.280722497638063, "6": 23.92062687423242, "7": 25.32992173699014, "8": 22.668645968327105, "9": 28.15595256479952, "10": 28.241423613161537, "11": 24.698342252149533, "12": 25.048360621207667, "13": 22.57659549436659, "14": 21.82148370373982, "15": 23.270064761500855, "16": 26.288694674960297, "17": 21.187469069865397, "18": 28.84574151690924, "19": 25.567845637111795, "20": 22.986161507472232, "21": 20.984844463957053, "22": 16.085946900114124, "23": 15.834052399414873, "24": 13.837351500173767, "26": 29.059760712648796, "27": 31.661767736945134, "28": 30.338461908696708, "29": 31.75618088649091, "30": 30.31214795469225, "31": 32.829031405670875, "32": 32.45914942402218, "33": 30.666171453039986, "34": 31.28787717591527, "35": 33.16806079426038, "36": 33.520167961300764, "37": 33.58343329753288, "38": 33.761063458276475, "39": 33.47746569796779, "40": 23.080016110901184, "41": 23.041582148088533, "42": 26.027060104447003, "43": 23.723805217742637, "44": 25.53062498464839, "45": 30.187784666831508, "46": 27.462272024747264, "47": 29.643973734579916, "48": 27.046099639726307, "49": 28.538430631691874, "50": 31.232077694990853, "51": 27.34188832116424, "52": 27.689722479651063, "53": 32.1101135691424, "54": 31.715236018825394, "55": 31.37157380720648, "56": 31.158406530183917, "57": 29.24433953413899, "58": 26.205946702575602, "59": 24.434392575867257, "60": 25.28050613985571, "61": 26.543485556423466, "62": 29.399901070805615, "63": 22.157446875231827, "64": 22.9100337677803, "65": 22.05561368242818, "66": 22.03050299056363, "67": 22.017381332297877, "68": 23.225006206967162, "69": 22.119436960244396, "70": 22.260216505957573, "71": 25.598554390709214, "72": 26.42219525724528, "73": 20.255105360781222, "74": 28.803920285578666, "75": 24.011734004905254, "76": 25.428541437826123, "77": 28.071312732090398, "78": 29.847510089739057, "79": 30.347250146679055, "80": 26.987513650424216, "81": 27.67343806332461, "82": 28.665890466177995, "83": 25.619592682142024, "84": 25.544501336955463, "85": 27.534477490784983, "86": 25.810645420510937, "87": 20.077935836801135, "88": 21.891922576680688, "89": 22.700143128667253, "90": 23.39359251384893, "91": 24.91657308128504, "92": 24.628415189843487 } }, "geometry": { "type": "MultiPolygon", "coordinates": [ [ [ [ 123.375, -16.375 ], [ 123.375, -16.125 ], [ 123.625, -16.125 ], [ 123.625, -16.375 ], [ 123.375, -16.375 ] ] ], [ [ [ 125.875, -14.625 ], [ 125.625, -14.625 ], [ 125.625, -14.875 ], [ 125.375, -14.875 ], [ 125.375, -15.125 ], [ 125.125, -15.125 ], [ 125.125, -15.375 ], [ 124.875, -15.375 ], [ 124.875, -15.625 ], [ 124.625, -15.625 ], [ 124.625, -15.875 ], [ 124.375, -15.875 ], [ 124.375, -16.125 ], [ 123.625, -16.125 ], [ 123.625, -15.875 ], [ 124.125, -15.875 ], [ 124.125, -15.625 ], [ 124.375, -15.625 ], [ 124.375, -15.375 ], [ 124.625, -15.375 ], [ 124.625, -15.125 ], [ 124.875, -15.125 ], [ 124.875, -14.625 ], [ 125.125, -14.625 ], [ 125.125, -14.375 ], [ 125.375, -14.375 ], [ 125.375, -14.125 ], [ 126.125, -14.125 ], [ 126.125, -14.375 ], [ 125.875, -14.375 ], [ 125.875, -14.625 ] ] ], [ [ [ 126.625, -14.125 ], [ 126.125, -14.125 ], [ 126.125, -13.875 ], [ 126.625, -13.875 ], [ 126.625, -14.125 ] ] ], [ [ [ 127.875, -13.875 ], [ 127.875, -14.125 ], [ 128.125, -14.125 ], [ 128.125, -14.375 ], [ 127.625, -14.375 ], [ 127.625, -14.125 ], [ 127.375, -14.125 ], [ 127.375, -13.875 ], [ 126.625, -13.875 ], [ 126.625, -13.625 ], [ 127.625, -13.625 ], [ 127.625, -13.875 ], [ 127.875, -13.875 ] ] ], [ [ [ 129.375, -13.875 ], [ 129.375, -13.625 ], [ 129.625, -13.625 ], [ 129.625, -13.875 ], [ 129.375, -13.875 ] ] ], [ [ [ 129.625, -13.375 ], [ 129.875, -13.375 ], [ 129.875, -13.625 ], [ 129.625, -13.625 ], [ 129.625, -13.375 ] ] ], [ [ [ 130.125, -12.375 ], [ 130.375, -12.375 ], [ 130.375, -11.875 ], [ 130.125, -11.875 ], [ 130.125, -11.625 ], [ 129.875, -11.625 ], [ 129.875, -11.375 ], [ 130.125, -11.375 ], [ 130.125, -11.125 ], [ 131.125, -11.125 ], [ 131.125, -11.375 ], [ 130.875, -11.375 ], [ 130.875, -11.875 ], [ 131.625, -11.875 ], [ 131.625, -12.125 ], [ 132.375, -12.125 ], [ 132.375, -12.375 ], [ 131.125, -12.375 ], [ 131.125, -12.625 ], [ 130.625, -12.625 ], [ 130.625, -12.875 ], [ 130.375, -12.875 ], [ 130.375, -13.125 ], [ 130.125, -13.125 ], [ 130.125, -13.375 ], [ 129.875, -13.375 ], [ 129.875, -12.625 ], [ 130.125, -12.625 ], [ 130.125, -12.375 ] ], [ [ 130.625, -11.875 ], [ 130.625, -12.125 ], [ 130.875, -12.125 ], [ 130.875, -11.875 ], [ 130.625, -11.875 ] ] ] ] } },
{ "type": "Feature", "properties": { "cluster_id": 26, "cohesion": 5.5593848762603928, "distances": { "1": 35.72442960315265, "2": 35.61700860399768, "3": 31.046025268080577, "4": 32.57203090046001, "5": 29.849005550438182, "6": 34.00040736030576, "7": 40.33359285007975, "8": 38.020879440904764, "9": 42.054801274622605, "10": 40.847350880855934, "11": 37.737386695204385, "12": 36.475803084692416, "13": 32.415967230866414, "14": 33.74791059166007, "15": 32.838365762551575, "16": 35.359092182355205, "17": 35.551297214222494, "18": 40.68299838986427, "19": 36.787964751372755, "20": 32.61444747251169, "21": 30.126904365384657, "22": 34.747424379494596, "23": 32.94090985874436, "24": 28.22867072775018, "25": 29.05976071264879, "27": 11.552313038644476, "28": 17.46338749322707, "29": 16.95372163597268, "30": 23.616941498016306, "31": 26.11010254910585, "32": 21.430438100470006, "33": 11.616630560711645, "34": 19.35113316728645, "35": 15.641605772112905, "36": 12.988773666876842, "37": 16.67668673544509, "38": 24.16176689841585, "39": 20.106488275744, "40": 29.869411272323134, "41": 31.711393780261357, "42": 35.75669769001208, "43": 33.848871763261485, "44": 34.58762755650521, "45": 36.79627309965883, "46": 34.788732152150274, "47": 35.398216240093, "48": 32.75037289198108, "49": 29.35237797984095, "50": 33.93624773467523, "51": 27.096718691869025, "52": 28.888043454194317, "53": 26.44624443743491, "54": 26.188434503629413, "55": 29.948638607639896, "56": 33.6116259422412, "57": 30.420861971127202, "58": 27.677160064265166, "59": 24.275087722824363, "60": 28.273449474070322, "61": 32.153019632237765, "62": 30.695440248702837, "63": 28.45456702265605, "64": 27.464360427350545, "65": 30.50254957537218, "66": 28.646626190557093, "67": 26.198303746267147, "68": 26.93500160262805, "69": 28.921592332210828, "70": 21.492452511832248, "71": 15.481286395217138, "72": 13.704171292609828, "73": 16.3683734033341, "74": 16.392707792243048, "75": 20.221787596943116, "76": 16.90365373286579, "77": 27.54847708615603, "78": 27.5235297998468, "79": 26.6492548844148, "80": 19.485370513158188, "81": 23.75582416933324, "82": 22.84163481297356, "83": 27.275392440652276, "84": 29.665481439927074, "85": 29.282037195036605, "86": 32.052724813871876, "87": 23.346065074278858, "88": 26.14296100589997, "89": 25.820760186891075, "90": 29.673193777231532, "91": 27.647097219199864, "92": 26.147765188935164 } }, "geometry": { "type": "MultiPolygon", "coordinates": [ [ [ [ 149.125, -36.375 ], [ 149.125, -36.625 ], [ 148.875, -36.625 ], [ 148.875, -36.375 ], [ 149.125, -36.375 ] ] ], [ [ [ 148.375, -35.375 ], [ 148.375, -36.375 ], [ 148.125, -36.375 ], [ 148.125, -36.625 ], [ 147.375, -36.625 ], [ 147.375, -36.875 ], [ 146.125, -36.875 ], [ 146.125, -36.625 ], [ 146.375, -36.625 ], [ 146.375, -36.125 ], [ 146.625, -36.125 ], [ 146.625, -35.875 ], [ 147.375, -35.875 ], [ 147.375, -35.625 ], [ 147.625, -35.625 ], [ 147.625, -35.375 ], [ 148.375, -35.375 ] ] ] ] } },
{ "type": "Feature", "properties": { "cluster_id": 27, "cohesion": 6.183350644078411, "distances": { "1": 38.24501601408791, "2": 38.66754924167979, "3": 33.098718739008575, "4": 33.93581462361203, "5": 31.243616288246137, "6": 35.86346127423217, "7": 44.665322164663564, "8": 42.674710410295326, "9": 47.153148742487765, "10": 46.208756576025024, "11": 41.928206982620765, "12": 41.32135506832261, "13": 36.183408418026545, "14": 36.877355516219936, "15": 37.710078186387165, "16": 40.293798707277304, "17": 40.24953242055542, "18": 46.1649894599692, "19": 42.05543872054801, "20": 37.500770474203314, "21": 34.593583174964486, "22": 38.24313149963532, "23": 36.90908878388884, "24": 31.9063922994917, "25": 31.661767736945126, "26": 11.552313038644476, "28": 14.943594630275614, "29": 11.713054585114115, "30": 19.50537307632476, "31": 20.940093050651356, "32": 22.203999956619313, "33": 15.362162618414912, "34": 22.686459753307957, "35": 15.902766728008482, "36": 9.176125737914834, "37": 9.88784685761097, "38": 19.51687375573809, "39": 17.247647334599797, "40": 30.78748065240564, "41": 33.11238130083322, "42": 36.09554773625732, "43": 34.94703735355302, "44": 34.68781684012066, "45": 35.089212918833326, "46": 34.863600607999466, "47": 34.06828276824369, "48": 31.9904988947381, "49": 26.90986078134061, "50": 31.382903974604545, "51": 27.259846893127648, "52": 29.710862806985585, "53": 24.154853523668447, "54": 25.501741524938495, "55": 26.86154184074944, "56": 31.455105191967693, "57": 28.791515214310362, "58": 28.433522357857736, "59": 24.92560859852498, "60": 28.640261920127646, "61": 32.35882152355488, "62": 29.578438609858264, "63": 30.402264451528165, "64": 28.653938077500452, "65": 31.797415947552455, "66": 29.465570635128973, "67": 29.96290702796807, "68": 30.19908910168585, "69": 32.7012582997695, "70": 27.164422402148208, "71": 23.097613452657292, "72": 20.816440000751914, "73": 22.240197080674772, "74": 18.57839115307983, "75": 23.058415461932675, "76": 23.076883637636215, "77": 30.681788637417238, "78": 28.40061716421071, "79": 28.372934610371505, "80": 24.74073657511319, "81": 26.120183356375048, "82": 25.890413736337667, "83": 30.522390453628056, "84": 33.50812920287508, "85": 32.33393822356299, "86": 36.288592147334725, "87": 25.750508668510342, "88": 29.885948589837277, "89": 28.211651558405315, "90": 33.74822225959934, "91": 30.26142912351074, "92": 28.01291735445663 } }, "geometry": { "type": "MultiPolygon", "coordinates": [ [ [ [ 147.625, -36.625 ], [ 147.625, -36.875 ], [ 147.375, -36.875 ], [ 147.375, -36.625 ], [ 147.625, -36.625 ] ] ], [ [ [ 142.875, -34.125 ], [ 142.875, -34.875 ], [ 143.375, -34.875 ], [ 143.375, -35.125 ], [ 144.375, -35.125 ], [ 144.375, -35.375 ], [ 144.875, -35.375 ], [ 144.875, -35.625 ], [ 145.375, -35.625 ], [ 145.375, -35.875 ], [ 146.125, -35.875 ], [ 146.125, -36.375 ], [ 146.375, -36.375 ], [ 146.375, -36.625 ], [ 146.125, -36.625 ], [ 146.125, -36.875 ], [ 146.875, -36.875 ], [ 146.875, -37.125 ], [ 146.375, -37.125 ], [ 146.375, -37.375 ], [ 144.125, -37.375 ], [ 144.125, -36.875 ], [ 143.875, -36.875 ], [ 143.875, -37.125 ], [ 143.625, -37.125 ], [ 143.625, -36.625 ], [ 143.375, -36.625 ], [ 143.375, -36.375 ], [ 142.875, -36.375 ], [ 142.875, -36.125 ], [ 142.625, -36.125 ], [ 142.625, -35.375 ], [ 142.375, -35.375 ], [ 142.375, -34.125 ], [ 142.875, -34.125 ] ] ] ] } },
{ "type": "Feature", "properties": { "cluster_id": 28, "cohesion": 5.9841408639776281, "distances": { "1": 31.07840361554247, "2": 32.54713068987188, "3": 29.788241007781906, "4": 28.871076927644463, "5": 25.438860237589584, "6": 29.46430727896995, "7": 39.10267855167914, "8": 38.58819987766898, "9": 42.77214617642598, "10": 42.92970772282376, "11": 37.75335542142433, "12": 39.71772964430733, "13": 35.34921029956038, "14": 33.36190829350073, "15": 38.73785566314722, "16": 41.09781327921311, "17": 37.97647927790824, "18": 44.30508709904326, "19": 41.51036762829043, "20": 37.24132403249341, "21": 33.221703649091154, "22": 33.76940803961461, "23": 33.75749231761217, "24": 30.6904385876454, "25": 30.338461908696708, "26": 17.463387493227074, "27": 14.94359463027561, "29": 10.421145071315157, "30": 18.12494168812369, "31": 24.21063122902195, "32": 30.435801288145843, "33": 22.54855482273681, "34": 29.311102876476372, "35": 24.77119545149007, "36": 20.042280247318562, "37": 16.422217804972693, "38": 26.416389691301013, "39": 26.841413171797956, "40": 27.773376985213158, "41": 28.69356454565312, "42": 36.43236812868619, "43": 32.655415680641894, "44": 33.18161169319435, "45": 36.26745070794966, "46": 37.463562245164816, "47": 37.26382995386632, "48": 30.973310939601255, "49": 26.844624599326636, "50": 34.50822712911007, "51": 34.1009461166232, "52": 35.935878943290255, "53": 31.331307850155813, "54": 33.02618217847294, "55": 30.780759365840623, "56": 36.56601264688523, "57": 34.549553234404385, "58": 31.727481664473512, "59": 26.372811253634065, "60": 32.73042690888417, "61": 35.741294336623305, "62": 35.43830974922419, "63": 29.127115581931896, "64": 27.962609953811583, "65": 28.717756937124413, "66": 26.299584083803268, "67": 27.725497789498956, "68": 29.628581462403464, "69": 32.09828141878275, "70": 26.629052618072457, "71": 22.97841805660586, "72": 23.33757207771342, "73": 24.27898294172213, "74": 12.645548270390204, "75": 18.987832034856865, "76": 21.3690808060154, "77": 34.96267259339276, "78": 35.05187815166866, "79": 34.73140117991421, "80": 27.38307194225645, "81": 28.50541691879827, "82": 29.978367612164234, "83": 32.61375025947863, "84": 35.71329015680464, "85": 37.515655956919474, "86": 39.527463551570385, "87": 25.604009109130253, "88": 29.976628407884075, "89": 30.709883563177087, "90": 36.388966591886444, "91": 35.48441926880531, "92": 32.48543071439164 } }, "geometry": { "type": "MultiPolygon", "coordinates": [ [ [ [ 146.125, -37.375 ], [ 146.125, -37.625 ], [ 144.875, -37.625 ], [ 144.875, -37.375 ], [ 146.125, -37.375 ] ] ], [ [ [ 140.875, -36.125 ], [ 141.125, -36.125 ], [ 141.125, -36.375 ], [ 141.625, -36.375 ], [ 141.625, -36.625 ], [ 141.875, -36.625 ], [ 141.875, -36.875 ], [ 142.125, -36.875 ], [ 142.125, -37.125 ], [ 143.375, -37.125 ], [ 143.375, -37.375 ], [ 144.125, -37.375 ], [ 144.125, -37.625 ], [ 142.125, -37.625 ], [ 142.125, -37.875 ], [ 141.625, -37.875 ], [ 141.625, -38.125 ], [ 140.125, -38.125 ], [ 140.125, -37.875 ], [ 139.875, -37.875 ], [ 139.875, -37.625 ], [ 139.625, -37.625 ], [ 139.625, -37.375 ], [ 139.375, -37.375 ], [ 139.375, -36.375 ], [ 139.875, -36.375 ], [ 139.875, -35.875 ], [ 140.875, -35.875 ], [ 140.875, -36.125 ] ] ], [ [ [ 139.125, -35.375 ], [ 138.875, -35.375 ], [ 138.875, -35.625 ], [ 138.375, -35.625 ], [ 138.375, -35.125 ], [ 138.625, -35.125 ], [ 138.625, -34.875 ], [ 138.875, -34.875 ], [ 138.875, -34.625 ], [ 139.125, -34.625 ], [ 139.125, -35.375 ] ] ] ] } },
{ "type": "Feature", "properties": { "cluster_id": 29, "cohesion": 7.4570843510987563, "distances": { "1": 36.08173458894632, "2": 37.07810118290341, "3": 32.07466361327972, "4": 31.96194664213825, "5": 29.053586076445768, "6": 33.638779216743714, "7": 43.8070302474704, "8": 42.44033251034534, "9": 47.05918113344381, "10": 46.73861411470464, "11": 41.59113633397854, "12": 42.3557016535849, "13": 36.94377018967032, "14": 36.2737833865625, "15": 39.82594920314153, "16": 42.531452612602806, "17": 40.75760811531999, "18": 47.44348517398529, "19": 43.743262927835936, "20": 38.95158530041931, "21": 35.41516912085735, "22": 37.50055664207739, "23": 36.74047075249606, "24": 32.41081020765599, "25": 31.75618088649091, "26": 16.95372163597268, "27": 11.713054585114115, "28": 10.421145071315156, "30": 14.138742611842082, "31": 18.320379850327694, "32": 26.5225695860634, "33": 20.461295843546907, "34": 26.805805426774874, "35": 21.013697371173066, "36": 15.458668609466384, "37": 10.3141100167833, "38": 20.0369629343679, "39": 21.227881022587365, "40": 29.22403515162949, "41": 31.4200598592632, "42": 36.19872229186077, "43": 34.192073088732, "44": 33.543723611372954, "45": 34.446376329036006, "46": 35.970009493359996, "47": 34.86996404276965, "48": 30.27482467268187, "49": 24.042950717311378, "50": 30.965633377134136, "51": 30.643315675471378, "52": 32.724838265790474, "53": 26.087660808752965, "54": 28.496471174561897, "55": 26.102411485287867, "56": 32.78605779328378, "57": 30.569628017380605, "58": 29.987184834968073, "59": 25.27211867424901, "60": 30.645874228453927, "61": 33.9311943699701, "62": 31.938150635615678, "63": 30.06341499929498, "64": 28.156435931320278, "65": 30.273936301538356, "66": 27.936810511302713, "67": 29.70336952584114, "68": 30.403818283523535, "69": 33.27661078272071, "70": 28.469561613067444, "71": 25.8139098917722, "72": 24.152665791383622, "73": 25.290847336610998, "74": 18.35664421995313, "75": 23.413231320190278, "76": 25.406987776841945, "77": 33.486045924999026, "78": 31.671651109492107, "79": 31.75511068248672, "80": 27.141328691475977, "81": 27.219030433301317, "82": 28.267733183784067, "83": 32.057817473804405, "84": 35.68048554133927, "85": 35.810660915350915, "86": 39.360990020152485, "87": 26.074554407881834, "88": 31.05934712856242, "89": 30.02334625562975, "90": 36.301917626414124, "91": 33.66347529847946, "92": 30.803504709693403 } }, "geometry": { "type": "Polygon", "coordinates": [ [ [ 138.125, -32.375 ], [ 138.125, -33.125 ], [ 137.875, -33.125 ], [ 137.875, -33.625 ], [ 137.625, -33.625 ], [ 137.625, -33.875 ], [ 137.375, -33.875 ], [ 137.375, -33.625 ], [ 137.125, -33.625 ], [ 137.125, -33.125 ], [ 136.625, -33.125 ], [ 136.625, -33.875 ], [ 136.375, -33.875 ], [ 136.375, -34.125 ], [ 136.125, -34.125 ], [ 136.125, -34.375 ], [ 135.875, -34.375 ], [ 135.875, -34.875 ], [ 136.125, -34.875 ], [ 136.125, -34.625 ], [ 136.375, -34.625 ], [ 136.375, -34.375 ], [ 136.625, -34.375 ], [ 136.625, -34.125 ], [ 137.125, -34.125 ], [ 137.125, -34.375 ], [ 137.375, -34.375 ], [ 137.375, -34.625 ], [ 137.625, -34.625 ], [ 137.625, -34.875 ], [ 137.875, -34.875 ], [ 137.875, -34.625 ], [ 138.125, -34.625 ], [ 138.125, -35.375 ], [ 138.375, -35.375 ], [ 138.375, -35.125 ], [ 138.625, -35.125 ], [ 138.625, -34.875 ], [ 138.875, -34.875 ], [ 138.875, -34.625 ], [ 139.125, -34.625 ], [ 139.125, -35.375 ], [ 138.875, -35.375 ], [ 138.875, -35.625 ], [ 138.625, -35.625 ], [ 138.625, -35.875 ], [ 139.125, -35.875 ], [ 139.125, -36.125 ], [ 139.375, -36.125 ], [ 139.375, -36.375 ], [ 139.875, -36.375 ], [ 139.875, -35.875 ], [ 140.875, -35.875 ], [ 140.875, -36.125 ], [ 141.125, -36.125 ], [ 141.125, -36.375 ], [ 141.625, -36.375 ], [ 141.625, -36.625 ], [ 141.875, -36.625 ], [ 141.875, -36.875 ], [ 142.125, -36.875 ], [ 142.125, -37.125 ], [ 143.375, -37.125 ], [ 143.375, -37.375 ], [ 144.125, -37.375 ], [ 144.125, -36.875 ], [ 143.875, -36.875 ], [ 143.875, -37.125 ], [ 143.625, -37.125 ], [ 143.625, -36.625 ], [ 143.375, -36.625 ], [ 143.375, -36.375 ], [ 142.875, -36.375 ], [ 142.875, -36.125 ], [ 142.625, -36.125 ], [ 142.625, -35.375 ], [ 142.375, -35.375 ], [ 142.375, -35.125 ], [ 141.875, -35.125 ], [ 141.875, -34.625 ], [ 141.625, -34.625 ], [ 141.625, -35.125 ], [ 141.375, -35.125 ], [ 141.375, -34.875 ], [ 141.125, -34.875 ], [ 141.125, -35.125 ], [ 140.125, -35.125 ], [ 140.125, -34.875 ], [ 139.625, -34.875 ], [ 139.625, -33.375 ], [ 139.875, -33.375 ], [ 139.875, -32.875 ], [ 138.375, -32.875 ], [ 138.375, -32.375 ], [ 138.125, -32.375 ] ] ] } },
{ "type": "Feature", "properties": { "cluster_id": 30, "cohesion": 7.2523532668295632, "distances": { "1": 36.68057934347469, "2": 37.231630298351156, "3": 30.029982880343205, "4": 29.596963848441465, "5": 28.418959121190568, "6": 32.915040999218036, "7": 45.214258183512605, "8": 43.8204597121699, "9": 48.70549639861944, "10": 48.52445640894603, "11": 41.782132524907865, "12": 42.780843584306346, "13": 35.78390007991737, "14": 35.097375873625424, "15": 40.80967315196507, "16": 43.14653841967149, "17": 42.28237055693588, "18": 48.99667337676745, "19": 45.046429361083774, "20": 40.569410746384605, "21": 37.449906817021834, "22": 37.7694944193998, "23": 37.47549847086071, "24": 33.10320237966463, "25": 30.312147954692247, "26": 23.616941498016303, "27": 19.505373076324755, "28": 18.124941688123688, "29": 14.138742611842083, "31": 11.558892675833428, "32": 26.45458148784521, "33": 24.504621543825007, "34": 27.73544332932715, "35": 23.957623021393776, "36": 21.243476528300782, "37": 16.04992693772845, "38": 17.058474468128626, "39": 21.80393467466099, "40": 25.309561779763555, "41": 28.844501226595597, "42": 31.234147407186956, "43": 30.508877068207777, "44": 27.970124440762792, "45": 27.259768037350828, "46": 31.25322873990803, "47": 29.272468069428605, "48": 22.873798738425116, "49": 13.627263675397732, "50": 22.40708218318415, "51": 28.87377660972199, "52": 29.29342452712219, "53": 22.098112523213604, "54": 25.46765531342686, "55": 17.72143618082398, "56": 26.955219832840253, "57": 25.01492822933762, "58": 27.13576846920262, "59": 23.180942275385256, "60": 28.934659593527694, "61": 30.249075266851086, "62": 28.560122892773805, "63": 27.57117066404134, "64": 24.965441645709518, "65": 26.501724595292934, "66": 25.111567529894657, "67": 28.387289106410574, "68": 28.703209044304227, "69": 31.836241385200875, "70": 29.51115964131279, "71": 30.9336792101134, "72": 28.03080482936288, "73": 27.342594852157674, "74": 25.817565041874225, "75": 26.6982625570379, "76": 31.08840949049775, "77": 31.813863759666475, "78": 28.936131544071987, "79": 29.79938903268582, "80": 28.00925300586607, "81": 25.533645324087626, "82": 27.30265524660415, "83": 29.97975674810319, "84": 34.54790817757453, "85": 34.65373377289353, "86": 39.259877969909574, "87": 25.568704012804098, "88": 32.814914429790214, "89": 30.492325261835695, "90": 37.12487658796356, "91": 33.3975161746652, "92": 31.11970597676552 } }, "geometry": { "type": "Polygon", "coordinates": [ [ [ 134.625, -31.375 ], [ 134.625, -31.625 ], [ 133.625, -31.625 ], [ 133.625, -31.875 ], [ 132.125, -31.875 ], [ 132.125, -32.375 ], [ 133.625, -32.375 ], [ 133.625, -32.625 ], [ 133.875, -32.625 ], [ 133.875, -33.125 ], [ 134.125, -33.125 ], [ 134.125, -33.375 ], [ 134.375, -33.375 ], [ 134.375, -33.625 ], [ 134.625, -33.625 ], [ 134.625, -33.875 ], [ 134.875, -33.875 ], [ 134.875, -34.375 ], [ 135.125, -34.375 ], [ 135.125, -34.625 ], [ 135.375, -34.625 ], [ 135.375, -34.875 ], [ 135.875, -34.875 ], [ 135.875, -34.375 ], [ 136.125, -34.375 ], [ 136.125, -34.125 ], [ 136.375, -34.125 ], [ 136.375, -33.875 ], [ 136.625, -33.875 ], [ 136.625, -33.125 ], [ 137.125, -33.125 ], [ 137.125, -33.625 ], [ 137.375, -33.625 ], [ 137.375, -33.875 ], [ 137.625, -33.875 ], [ 137.625, -33.625 ], [ 137.875, -33.625 ], [ 137.875, -33.125 ], [ 138.125, -33.125 ], [ 138.125, -32.375 ], [ 137.875, -32.375 ], [ 137.875, -32.625 ], [ 135.875, -32.625 ], [ 135.875, -32.375 ], [ 135.375, -32.375 ], [ 135.375, -32.125 ], [ 135.125, -32.125 ], [ 135.125, -31.625 ], [ 134.875, -31.625 ], [ 134.875, -31.375 ], [ 134.625, -31.375 ] ] ] } },
{ "type": "Feature", "properties": { "cluster_id": 31, "cohesion": 6.5199880090649573, "distances": { "1": 42.64549817246463, "2": 42.71395879300711, "3": 34.09642535252806, "4": 34.5751953617956, "5": 33.67593603011952, "6": 38.49388719891149, "7": 50.28942022525956, "8": 48.166096855175, "9": 53.21248005023947, "10": 52.486873673839085, "11": 46.228798949811726, "12": 45.86644163564906, "13": 38.44452266480148, "14": 39.18567648334799, "15": 42.29955775330826, "16": 44.880759056893694, "17": 45.65662091879266, "18": 52.2000705903701, "19": 47.51066786702252, "20": 42.79066292510924, "21": 40.33064014228977, "22": 42.18865143435667, "23": 41.26572044765745, "24": 35.90071944619634, "25": 32.829031405670875, "26": 26.110102549105846, "27": 20.940093050651356, "28": 24.21063122902195, "29": 18.320379850327697, "30": 11.558892675833428, "32": 24.85585148294706, "33": 25.90202549602234, "34": 27.93971447750875, "35": 23.843594294758255, "36": 21.012285994977553, "37": 16.074446215797824, "38": 10.623892355255618, "39": 18.419370258015437, "40": 29.21844415925517, "41": 33.09223932105281, "42": 30.948077953051886, "43": 32.825633569727266, "44": 29.716890898105845, "45": 25.53395915772726, "46": 28.978656137588857, "47": 25.917521029481335, "48": 24.68799524693512, "49": 14.994120343839628, "50": 18.73491817185192, "51": 24.829281804106376, "52": 25.801482173453827, "53": 16.509134292828897, "54": 21.472252354392086, "55": 12.221266094260269, "56": 21.685998274833693, "57": 19.91018018180356, "58": 25.514432805032648, "59": 23.530229759063776, "60": 26.36818854961808, "61": 27.619104491411584, "62": 23.673372724629132, "63": 30.66718732588853, "64": 27.685811155453397, "65": 30.542033305895554, "66": 29.173971421578674, "67": 32.39864431479744, "68": 31.586436136949605, "69": 34.58892184209271, "70": 33.07889811635926, "71": 34.89146676499482, "72": 31.010943483579616, "73": 29.737825848549353, "74": 31.138720384454846, "75": 30.93439249599288, "76": 35.2138931370366, "77": 31.73567846553023, "78": 25.97196645199518, "79": 28.123351805371026, "80": 30.402101075398143, "81": 26.83314168326276, "82": 28.08413125885426, "83": 31.219058172771362, "84": 35.61965565906284, "85": 33.41779306831005, "86": 39.43397596103815, "87": 27.466089138375022, "88": 34.65693478844615, "89": 30.3034185929536, "90": 37.423889452072224, "91": 31.68635192430733, "92": 29.482023645097037 } }, "geometry": { "type": "Polygon", "coordinates": [ [ [ 134.125, -28.625 ], [ 134.125, -29.375 ], [ 133.875, -29.375 ], [ 133.875, -30.125 ], [ 133.375, -30.125 ], [ 133.375, -30.375 ], [ 133.125, -30.375 ], [ 133.125, -30.625 ], [ 132.875, -30.625 ], [ 132.875, -30.875 ], [ 133.125, -30.875 ], [ 133.125, -31.125 ], [ 133.625, -31.125 ], [ 133.625, -31.625 ], [ 134.625, -31.625 ], [ 134.625, -31.375 ], [ 134.875, -31.375 ], [ 134.875, -31.625 ], [ 135.125, -31.625 ], [ 135.125, -32.125 ], [ 135.375, -32.125 ], [ 135.375, -32.375 ], [ 135.875, -32.375 ], [ 135.875, -32.625 ], [ 137.875, -32.625 ], [ 137.875, -32.375 ], [ 138.375, -32.375 ], [ 138.375, -32.125 ], [ 138.125, -32.125 ], [ 138.125, -31.875 ], [ 137.625, -31.875 ], [ 137.625, -31.625 ], [ 137.375, -31.625 ], [ 137.375, -31.375 ], [ 137.125, -31.375 ], [ 137.125, -31.125 ], [ 136.125, -31.125 ], [ 136.125, -30.625 ], [ 135.875, -30.625 ], [ 135.875, -30.375 ], [ 135.625, -30.375 ], [ 135.625, -29.875 ], [ 135.125, -29.875 ], [ 135.125, -29.625 ], [ 134.875, -29.625 ], [ 134.875, -29.125 ], [ 134.625, -29.125 ], [ 134.625, -28.625 ], [ 134.125, -28.625 ] ] ] } },
{ "type": "Feature", "properties": { "cluster_id": 32, "cohesion": 6.9543852868113341, "distances": { "1": 43.159599228566876, "2": 42.04657638250277, "3": 32.98321406980356, "4": 35.934263484279114, "5": 35.53455609284389, "6": 39.6032687252698, "7": 48.22251775886548, "8": 44.759581221952885, "9": 49.12247436393458, "10": 47.00794864179843, "11": 42.43925988703487, "12": 38.900996508602915, "13": 31.67076235573896, "14": 36.25861020603343, "15": 34.47535223343466, "16": 35.30230777431277, "17": 41.474063683155045, "18": 44.97082689427445, "19": 39.888201776321644, "20": 36.77619388517902, "21": 36.8687586995237, "22": 41.194220029680714, "23": 38.700153254678966, "24": 33.6516782857997, "25": 32.45914942402217, "26": 21.430438100470006, "27": 22.203999956619313, "28": 30.435801288145843, "29": 26.522569586063398, "30": 26.454581487845207, "31": 24.855851482947067, "33": 16.461360388902698, "34": 10.87703981475207, "35": 12.04996672370113, "36": 17.654464555390675, "37": 22.141031235979803, "38": 20.091933544075754, "39": 13.061726264546863, "40": 32.90018232705596, "41": 37.03077735605063, "42": 35.501322449590745, "43": 36.868802352859745, "44": 35.09935763974573, "45": 34.63655934600841, "46": 32.623242875373386, "47": 32.52774550667683, "48": 32.113133294289945, "49": 27.876387766864617, "50": 28.89878903128085, "51": 22.203727124396696, "52": 20.162225058342962, "53": 17.81240607534516, "54": 13.491881635820485, "55": 24.529726336756188, "56": 28.47187136596048, "57": 23.959798834402676, "58": 26.322626837602805, "59": 25.6013532909473, "60": 28.00378650242525, "61": 30.374597946562265, "62": 26.804999719627503, "63": 27.682795187963592, "64": 25.847182852460666, "65": 30.84248511486299, "66": 30.169759382061795, "67": 28.49887118616774, "68": 26.111737441511075, "69": 27.805145178524217, "70": 25.800938051698473, "71": 28.64052221758372, "72": 22.066297540894872, "73": 23.266196000947303, "74": 32.82748451679253, "75": 31.833302169295578, "76": 31.973181547424517, "77": 17.068210340048545, "78": 15.773683328653624, "79": 12.361819678694136, "80": 19.185276653398294, "81": 19.25776109188968, "82": 14.300483566867083, "83": 20.19583059912914, "84": 24.20647940918943, "85": 20.942769730024498, "86": 28.425509930983523, "87": 27.684265108976476, "88": 32.345000820019536, "89": 28.654949074839987, "90": 30.224843044255806, "91": 24.683260840149277, "92": 26.403776809416915 } }, "geometry": { "type": "Polygon", "coordinates": [ [ [ 142.625, -28.125 ], [ 142.625, -28.375 ], [ 142.125, -28.375 ], [ 142.125, -28.625 ], [ 141.625, -28.625 ], [ 141.625, -28.375 ], [ 140.375, -28.375 ], [ 140.375, -29.125 ], [ 140.625, -29.125 ], [ 140.625, -29.375 ], [ 141.125, -29.375 ], [ 141.125, -29.625 ], [ 141.375, -29.625 ], [ 141.375, -29.875 ], [ 141.875, -29.875 ], [ 141.875, -30.375 ], [ 142.375, -30.375 ], [ 142.375, -30.625 ], [ 142.625, -30.625 ], [ 142.625, -30.875 ], [ 143.625, -30.875 ], [ 143.625, -30.625 ], [ 143.875, -30.625 ], [ 143.875, -30.875 ], [ 144.625, -30.875 ], [ 144.625, -31.375 ], [ 145.875, -31.375 ], [ 145.875, -31.125 ], [ 145.625, -31.125 ], [ 145.625, -30.875 ], [ 145.375, -30.875 ], [ 145.375, -30.625 ], [ 145.125, -30.625 ], [ 145.125, -30.125 ], [ 145.625, -30.125 ], [ 145.625, -30.375 ], [ 146.125, -30.375 ], [ 146.125, -29.625 ], [ 145.875, -29.625 ], [ 145.875, -29.125 ], [ 145.125, -29.125 ], [ 145.125, -28.875 ], [ 144.875, -28.875 ], [ 144.875, -28.375 ], [ 144.375, -28.375 ], [ 144.375, -28.625 ], [ 143.625, -28.625 ], [ 143.625, -28.875 ], [ 143.375, -28.875 ], [ 143.375, -28.625 ], [ 143.125, -28.625 ], [ 143.125, -28.125 ], [ 142.625, -28.125 ] ] ] } },
{ "type": "Feature", "properties": { "cluster_id": 33, "cohesion": 6.1391389619574221, "distances": { "1": 39.74570865493867, "2": 38.48946235945734, "3": 31.567964986799264, "4": 34.099172391714404, "5": 32.86242403003597, "6": 36.83901045040927, "7": 44.158373943137924, "8": 41.34321825669672, "9": 45.63073090431709, "10": 44.22516286657865, "11": 40.20494441542098, "12": 38.38618871227546, "13": 32.64302054015736, "14": 34.979333365123345, "15": 35.02400709556771, "16": 37.06897873384625, "17": 38.82280590789497, "18": 43.76897225248992, "19": 39.50583175443899, "20": 35.614969808467634, "21": 33.83790055086623, "22": 37.87561101780074, "23": 35.82293403351409, "24": 30.88239732164115, "25": 30.66617145303999, "26": 11.616630560711645, "27": 15.362162618414912, "28": 22.548554822736808, "29": 20.461295843546903, "30": 24.504621543825007, "31": 25.90202549602234, "32": 16.461360388902698, "34": 12.26596604254615, "35": 9.615697048909304, "36": 12.336417903404678, "37": 18.575726585941254, "38": 23.284493060337077, "39": 17.941822751909804, "40": 32.037184557564636, "41": 34.69664408970169, "42": 36.31532221618634, "43": 35.862884702844816, "44": 35.637216116669244, "45": 36.498250925468106, "46": 34.377080056053096, "47": 34.93036912523036, "48": 33.04318941447465, "49": 28.831007659951425, "50": 32.455828264609025, "51": 26.720940510069166, "52": 27.589683843776665, "53": 24.403686640350216, "54": 23.410128092566378, "55": 28.351575369051602, "56": 32.195827144969115, "57": 28.990571227244462, "58": 26.82857682365399, "59": 24.618130172325767, "60": 28.846557211710344, "61": 31.784714256930947, "62": 29.987082615359178, "63": 27.113324132100296, "64": 25.32068666504631, "65": 29.452469297601795, "66": 28.943741519741916, "67": 24.918048675736717, "68": 24.30908340565519, "69": 27.74146242530834, "70": 20.81325903311128, "71": 19.358375115511787, "72": 13.29444074845982, "73": 18.289493520013192, "74": 23.739260023878295, "75": 26.24470294703394, "76": 23.345770456845543, "77": 24.99624563493917, "78": 25.427500222442397, "79": 23.428473813027892, "80": 14.811105871641896, "81": 18.524040957524555, "82": 17.389738788731105, "83": 24.66656625975558, "84": 28.668261831626932, "85": 28.37680761721258, "86": 32.71246226756907, "87": 25.520050463517425, "88": 29.735663225875253, "89": 27.971427972785804, "90": 31.590410277751758, "91": 28.416308323731187, "92": 27.777299508417276 } }, "geometry": { "type": "Polygon", "coordinates": [ [ [ 146.625, -32.625 ], [ 146.625, -33.125 ], [ 146.375, -33.125 ], [ 146.375, -33.625 ], [ 146.125, -33.625 ], [ 146.125, -35.375 ], [ 146.375, -35.375 ], [ 146.375, -35.625 ], [ 146.625, -35.625 ], [ 146.625, -35.875 ], [ 147.375, -35.875 ], [ 147.375, -35.625 ], [ 147.625, -35.625 ], [ 147.625, -35.375 ], [ 148.125, -35.375 ], [ 148.125, -35.125 ], [ 147.875, -35.125 ], [ 147.875, -34.875 ], [ 148.625, -34.875 ], [ 148.625, -34.625 ], [ 148.875, -34.625 ], [ 148.875, -34.375 ], [ 149.125, -34.375 ], [ 149.125, -33.375 ], [ 148.875, -33.375 ], [ 148.875, -33.125 ], [ 148.625, -33.125 ], [ 148.625, -32.875 ], [ 147.625, -32.875 ], [ 147.625, -32.625 ], [ 146.625, -32.625 ] ] ] } },
{ "type": "Feature", "properties": { "cluster_id": 34, "cohesion": 5.1514922634253146, "distances": { "1": 41.5418484515588, "2": 39.6345499109396, "3": 31.03296814137775, "4": 34.57085933774, "5": 34.44772931491951, "6": 38.07275821015582, "7": 45.58672237375854, "8": 42.19543161548996, "9": 46.30282551323739, "10": 44.35315538580504, "11": 39.88610906071991, "12": 36.71831369721957, "13": 29.75650481051387, "14": 34.036647172740395, "15": 33.67556036005971, "16": 34.3847546203583, "17": 39.556238696249416, "18": 42.915112488744796, "19": 38.42149093091838, "20": 35.53585527250302, "21": 35.42931711672363, "22": 39.16742064919972, "23": 36.697069963423516, "24": 32.188215627672484, "25": 31.28787717591527, "26": 19.35113316728645, "27": 22.686459753307957, "28": 29.311102876476372, "29": 26.80580542677487, "30": 27.73544332932715, "31": 27.939714477508748, "32": 10.877039814752068, "33": 12.26596604254615, "35": 11.270343492844853, "36": 18.54510286129534, "37": 24.155194557904334, "38": 24.4874651631411, "39": 18.252800853902123, "40": 32.79728188466914, "41": 36.131634435835736, "42": 35.835944692881206, "43": 36.350311721944074, "44": 35.5240931490389, "45": 36.23123816093987, "46": 33.49346927266955, "47": 34.40678097758967, "48": 32.979207607051016, "49": 29.35301117856255, "50": 31.441626883876634, "51": 25.242754027683596, "52": 23.759603770872634, "53": 22.70381167585017, "54": 19.384730023985004, "55": 27.658693462440247, "56": 31.193369421036895, "57": 27.270253281659734, "58": 26.60721730263887, "59": 25.694774461791937, "60": 29.269346859074624, "61": 31.289346961331162, "62": 29.32212975438717, "63": 25.30758644600846, "64": 23.789446091355874, "65": 28.684302629904007, "66": 28.926710285008397, "67": 24.2567266534717, "68": 22.010816989160794, "69": 24.67320695374, "70": 20.85339690323883, "71": 24.10884250560319, "72": 16.859101665790288, "73": 20.119896342159386, "74": 30.668407890296173, "75": 30.22784363965752, "76": 28.780152180856792, "77": 17.910300458803203, "78": 20.416422650649494, "79": 16.485086874020215, "80": 12.866433135721314, "81": 14.8349252472716, "82": 10.10217507679812, "83": 18.541213747494414, "84": 23.456232543289943, "85": 23.133741562349442, "86": 28.93584485432336, "87": 27.108249838382285, "88": 31.686820584482792, "89": 29.023062093211692, "90": 30.347609969196156, "91": 26.427203010863924, "92": 27.78455100342783 } }, "geometry": { "type": "Polygon", "coordinates": [ [ [ 145.875, -29.125 ], [ 145.875, -29.625 ], [ 146.125, -29.625 ], [ 146.125, -30.375 ], [ 145.625, -30.375 ], [ 145.625, -30.125 ], [ 145.125, -30.125 ], [ 145.125, -30.625 ], [ 145.375, -30.625 ], [ 145.375, -30.875 ], [ 145.625, -30.875 ], [ 145.625, -31.125 ], [ 145.875, -31.125 ], [ 145.875, -31.375 ], [ 146.375, -31.375 ], [ 146.375, -32.125 ], [ 146.625, -32.125 ], [ 146.625, -32.375 ], [ 147.125, -32.375 ], [ 147.125, -32.625 ], [ 147.625, -32.625 ], [ 147.625, -32.875 ], [ 148.375, -32.875 ], [ 148.375, -31.625 ], [ 148.625, -31.625 ], [ 148.625, -31.375 ], [ 148.125, -31.375 ], [ 148.125, -30.875 ], [ 147.875, -30.875 ], [ 147.875, -30.375 ], [ 147.625, -30.375 ], [ 147.625, -29.875 ], [ 147.125, -29.875 ], [ 147.125, -29.625 ], [ 146.875, -29.625 ], [ 146.875, -29.375 ], [ 146.625, -29.375 ], [ 146.625, -29.125 ], [ 145.875, -29.125 ] ] ] } },
{ "type": "Feature", "properties": { "cluster_id": 35, "cohesion": 5.5557074028888787, "distances": { "1": 42.112810111191685, "2": 41.07904194009971, "3": 33.02117425280962, "4": 35.681650296188835, "5": 34.42003759689806, "6": 38.76695242358837, "7": 47.59527412544283, "8": 44.5371311340942, "9": 49.069753026168605, "10": 47.48840316440411, "11": 42.89735792169898, "12": 40.71852005306007, "13": 33.9507465163239, "14": 36.87849974252471, "15": 36.96168407786794, "16": 38.781999151467886, "17": 41.72714151891872, "18": 46.645294310195204, "19": 42.00759188443566, "20": 37.94383087964826, "21": 36.62775953699187, "22": 40.997464767852726, "23": 38.671101516187456, "24": 33.59854981370473, "25": 33.16806079426038, "26": 15.641605772112905, "27": 15.902766728008482, "28": 24.77119545149007, "29": 21.013697371173066, "30": 23.957623021393776, "31": 23.843594294758255, "32": 12.04996672370113, "33": 9.615697048909302, "34": 11.270343492844855, "36": 10.511690090374524, "37": 17.12998686981433, "38": 20.043983438592683, "39": 13.703817496051633, "40": 33.801866691186376, "41": 37.17831465778029, "42": 37.792299661252244, "43": 38.07480329378429, "44": 36.93947503307815, "45": 36.756689043036566, "46": 35.35869975441686, "47": 35.14128797145102, "48": 33.70930931514351, "49": 28.346632086350045, "50": 31.412395942328498, "51": 25.936437082170812, "52": 26.31101278916752, "53": 21.207173304268647, "54": 19.94382208449689, "55": 26.41963691037548, "56": 31.344014035617818, "57": 27.688868832727824, "58": 27.840370487748395, "59": 25.624555885551253, "60": 29.571184649182843, "61": 32.72690068640182, "62": 29.583257256285933, "63": 27.919153920252427, "64": 25.879333847492816, "65": 30.97176992901932, "66": 29.756091471737676, "67": 28.179438515436676, "68": 26.098051010997548, "69": 29.204888769084672, "70": 25.079067178691822, "71": 25.099207582899716, "72": 19.024716281005126, "73": 22.186375808786998, "74": 27.61976759588541, "75": 29.721487373362812, "76": 28.486881468509036, "77": 23.959608705489813, "78": 23.119597345110545, "79": 20.827704313237938, "80": 18.44701501780848, "81": 19.00410293875499, "82": 16.760774465929106, "83": 24.448374808645497, "84": 28.885913453160686, "85": 27.68239065800383, "86": 33.45901230781902, "87": 27.428104566589365, "88": 32.06908519370562, "89": 29.33201248810336, "90": 32.90535206681998, "91": 28.62658231025828, "92": 28.40051332085645 } }, "geometry": { "type": "Polygon", "coordinates": [ [ [ 143.625, -30.625 ], [ 143.625, -31.625 ], [ 144.125, -31.625 ], [ 144.125, -32.375 ], [ 144.625, -32.375 ], [ 144.625, -32.625 ], [ 144.875, -32.625 ], [ 144.875, -32.875 ], [ 145.125, -32.875 ], [ 145.125, -33.125 ], [ 145.375, -33.125 ], [ 145.375, -33.625 ], [ 145.625, -33.625 ], [ 145.625, -33.875 ], [ 146.125, -33.875 ], [ 146.125, -33.625 ], [ 146.375, -33.625 ], [ 146.375, -33.125 ], [ 146.625, -33.125 ], [ 146.625, -32.625 ], [ 147.125, -32.625 ], [ 147.125, -32.375 ], [ 146.625, -32.375 ], [ 146.625, -32.125 ], [ 146.375, -32.125 ], [ 146.375, -31.375 ], [ 144.625, -31.375 ], [ 144.625, -30.875 ], [ 143.875, -30.875 ], [ 143.875, -30.625 ], [ 143.625, -30.625 ] ] ] } },
{ "type": "Feature", "properties": { "cluster_id": 36, "cohesion": 5.5416990014484986, "distances": { "1": 41.675996755369354, "2": 41.473954009125876, "3": 34.61854671184177, "4": 36.32826000044367, "5": 34.116185587729355, "6": 38.81054823452289, "7": 47.66421275405415, "8": 45.03012786384414, "9": 49.65952206208508, "10": 48.36189002213161, "11": 44.1194619245607, "12": 42.612897908608474, "13": 36.723163208527545, "14": 38.56540590107736, "15": 38.396394942998185, "16": 40.902148623566326, "17": 42.18842991459575, "18": 47.890385956184566, "19": 43.3482282374882, "20": 38.71245553277098, "21": 36.48350934814494, "22": 41.04269566336705, "23": 39.067383969636815, "24": 33.721918043059105, "25": 33.520167961300764, "26": 12.988773666876842, "27": 9.176125737914836, "28": 20.042280247318562, "29": 15.45866860946638, "30": 21.24347652830079, "31": 21.012285994977553, "32": 17.654464555390675, "33": 12.336417903404678, "34": 18.545102861295344, "35": 10.511690090374524, "37": 10.509721663987461, "38": 17.646620976491334, "39": 13.216249953672229, "40": 33.39886899725755, "41": 36.33222180025007, "42": 37.70380949390498, "43": 37.56955144692004, "44": 36.77224464920416, "45": 36.27439157307523, "46": 35.52769984146268, "47": 34.6988634122518, "48": 33.64382416697506, "49": 27.889590845638228, "50": 31.374494010304456, "51": 26.138580078922388, "52": 28.223533522250914, "53": 21.701464112180847, "54": 22.495172761455077, "55": 26.1429320344633, "56": 31.066765396330997, "57": 27.91855379243927, "58": 28.414637619419917, "59": 25.57120121236896, "60": 28.916252042810132, "61": 32.74619831870014, "62": 29.09780957660979, "63": 30.738416648464433, "64": 28.673046671833575, "65": 32.9544117984799, "66": 30.951174831315523, "67": 30.775893742904348, "68": 29.8737687612, "69": 32.72469329885529, "70": 27.66683471196605, "71": 25.0273539429608, "72": 20.813234431752115, "73": 23.16511475026222, "74": 23.70376338838291, "75": 27.430102383370773, "76": 26.63934675092855, "77": 28.754624636917118, "78": 26.113842794618765, "79": 25.48885706046907, "80": 23.148633848631466, "81": 24.05768213535077, "82": 23.051582328708133, "83": 29.206216266729665, "84": 32.72568166879493, "85": 30.88111698703636, "86": 35.96141965632004, "87": 27.16485363457207, "88": 31.43539582814584, "89": 28.84175835728727, "90": 33.959729080091826, "91": 29.636586264079803, "92": 28.024452903514774 } }, "geometry": { "type": "Polygon", "coordinates": [ [ [ 142.125, -31.625 ], [ 142.125, -31.875 ], [ 141.375, -31.875 ], [ 141.375, -32.125 ], [ 141.875, -32.125 ], [ 141.875, -32.625 ], [ 142.125, -32.625 ], [ 142.125, -32.875 ], [ 142.375, -32.875 ], [ 142.375, -33.625 ], [ 142.625, -33.625 ], [ 142.625, -34.125 ], [ 142.875, -34.125 ], [ 142.875, -34.875 ], [ 143.375, -34.875 ], [ 143.375, -35.125 ], [ 144.375, -35.125 ], [ 144.375, -35.375 ], [ 144.875, -35.375 ], [ 144.875, -35.625 ], [ 145.375, -35.625 ], [ 145.375, -35.875 ], [ 146.125, -35.875 ], [ 146.125, -36.375 ], [ 146.375, -36.375 ], [ 146.375, -36.125 ], [ 146.625, -36.125 ], [ 146.625, -35.625 ], [ 146.375, -35.625 ], [ 146.375, -35.375 ], [ 146.125, -35.375 ], [ 146.125, -33.875 ], [ 145.625, -33.875 ], [ 145.625, -33.625 ], [ 145.375, -33.625 ], [ 145.375, -33.125 ], [ 145.125, -33.125 ], [ 145.125, -32.875 ], [ 144.875, -32.875 ], [ 144.875, -32.625 ], [ 144.625, -32.625 ], [ 144.625, -32.375 ], [ 144.125, -32.375 ], [ 144.125, -32.625 ], [ 143.625, -32.625 ], [ 143.625, -32.375 ], [ 143.375, -32.375 ], [ 143.375, -32.125 ], [ 143.125, -32.125 ], [ 143.125, -31.875 ], [ 142.875, -31.875 ], [ 142.875, -31.625 ], [ 142.125, -31.625 ] ] ] } },
{ "type": "Feature", "properties": { "cluster_id": 37, "cohesion": 5.6461524130778056, "distances": { "1": 40.953648213909936, "2": 41.527509302006614, "3": 35.05674124650705, "4": 35.79544283414523, "5": 33.24932268169297, "6": 38.15151463826102, "7": 47.93597801484109, "8": 45.74264200522969, "9": 50.54219356961998, "10": 49.61649066500758, "11": 44.98253223448025, "12": 44.27906235212457, "13": 38.392599239671725, "14": 39.293986439279514, "15": 40.20886680303695, "16": 43.00518231051874, "17": 43.09721607031966, "18": 49.488484615422294, "19": 45.05778249549901, "20": 40.089097389794745, "21": 37.27159173010605, "22": 41.06505633625904, "23": 39.55032780762373, "24": 34.22461523815142, "25": 33.58343329753287, "26": 16.67668673544509, "27": 9.88784685761097, "28": 16.422217804972693, "29": 10.314110016783298, "30": 16.04992693772845, "31": 16.074446215797828, "32": 22.141031235979803, "33": 18.57572658594125, "34": 24.155194557904334, "35": 17.12998686981433, "36": 10.509721663987461, "38": 14.829014425165619, "39": 14.938429700538746, "40": 31.742226342750477, "41": 34.695717788802696, "42": 36.550232670953285, "43": 36.19524079132415, "44": 34.99999109572343, "45": 34.09093565461486, "46": 34.912534738386945, "47": 33.31743623266627, "48": 31.489474965733073, "49": 24.799722548418654, "50": 29.354885258204774, "51": 26.99115840378281, "52": 29.406926158138145, "53": 21.422127826838313, "54": 23.94866044245953, "55": 23.785291728375856, "56": 29.924047585376538, "57": 27.359211337975992, "58": 28.72571822295706, "59": 25.295846450036514, "60": 28.846445606751782, "61": 32.45783310348467, "62": 28.739737021501757, "63": 31.921957329844258, "64": 29.650305669789354, "65": 33.06418891493751, "66": 30.807803076661184, "67": 32.20321891194051, "68": 31.931377844547512, "69": 34.719006128856215, "70": 30.216593600716045, "71": 27.91118791505948, "72": 24.728998329296385, "73": 25.933796779407135, "74": 23.01954173061266, "75": 26.869325838112385, "76": 28.25663875727664, "77": 31.693985850282257, "78": 27.958411202586742, "79": 28.418648765428063, "80": 27.11545447273751, "81": 26.919579172176448, "82": 26.905001449421956, "83": 31.73063996544279, "84": 35.2701420212836, "85": 33.38131193219735, "86": 38.30396296741415, "87": 27.192356404978362, "88": 32.030082443585684, "89": 29.425610570713296, "90": 35.63597452941804, "91": 31.310176223739294, "92": 28.87825566068044 } }, "geometry": { "type": "Polygon", "coordinates": [ [ [ 139.125, -30.375 ], [ 139.125, -30.625 ], [ 138.875, -30.625 ], [ 138.875, -31.375 ], [ 138.625, -31.375 ], [ 138.625, -32.125 ], [ 138.375, -32.125 ], [ 138.375, -32.875 ], [ 139.875, -32.875 ], [ 139.875, -33.375 ], [ 139.625, -33.375 ], [ 139.625, -34.875 ], [ 140.125, -34.875 ], [ 140.125, -35.125 ], [ 141.125, -35.125 ], [ 141.125, -34.875 ], [ 141.375, -34.875 ], [ 141.375, -35.125 ], [ 141.625, -35.125 ], [ 141.625, -34.625 ], [ 141.875, -34.625 ], [ 141.875, -35.125 ], [ 142.375, -35.125 ], [ 142.375, -34.125 ], [ 142.625, -34.125 ], [ 142.625, -33.625 ], [ 142.375, -33.625 ], [ 142.375, -32.875 ], [ 142.125, -32.875 ], [ 142.125, -32.625 ], [ 141.875, -32.625 ], [ 141.875, -32.125 ], [ 140.875, -32.125 ], [ 140.875, -32.375 ], [ 139.375, -32.375 ], [ 139.375, -32.125 ], [ 139.125, -32.125 ], [ 139.125, -31.125 ], [ 139.375, -31.125 ], [ 139.375, -30.375 ], [ 139.125, -30.375 ] ] ] } },
{ "type": "Feature", "properties": { "cluster_id": 38, "cohesion": 6.0382654929360893, "distances": { "1": 44.75535989985955, "2": 44.66367539930102, "3": 35.94152257250155, "4": 37.3083475524134, "5": 35.83864456971457, "6": 40.91054145657234, "7": 51.47329562610667, "8": 48.66788965412718, "9": 53.741657223148835, "10": 52.49624400745093, "11": 47.29481066078728, "12": 45.65394016569628, "13": 38.47639741269489, "14": 40.5653859161262, "15": 40.5099947775547, "16": 43.29261877325556, "17": 45.50166896397647, "18": 51.57744890667835, "19": 46.36810068434256, "20": 41.52278944726959, "21": 39.80758325646258, "22": 43.49235628038802, "23": 41.76086251109755, "24": 35.96782312866695, "25": 33.76106345827648, "26": 24.16176689841585, "27": 19.51687375573809, "28": 26.416389691301013, "29": 20.036962934367896, "30": 17.058474468128622, "31": 10.623892355255618, "32": 20.091933544075754, "33": 23.284493060337077, "34": 24.487465163141096, "35": 20.04398343859268, "36": 17.64662097649133, "37": 14.829014425165616, "39": 12.639666271380115, "40": 32.15391607147032, "41": 36.047620728595696, "42": 33.12404792273676, "43": 35.46066341695199, "44": 32.937633713888005, "45": 28.893481619289705, "46": 29.92540475357402, "47": 27.291988026870353, "48": 28.788633204909925, "49": 20.924122677273502, "50": 21.853245644498603, "51": 21.002206415447528, "52": 22.39230279696223, "53": 11.53048131677392, "54": 16.333925293824528, "55": 14.382308284351252, "56": 21.931524494905016, "57": 18.850000230771997, "58": 25.190315391567548, "59": 23.84678658614757, "60": 25.05015378308801, "61": 27.6914905323598, "62": 21.89260212239313, "63": 31.851375480161096, "64": 29.03202748742051, "65": 33.21519662485447, "66": 31.41433581302323, "67": 33.76250957499426, "68": 32.110862152368966, "69": 34.72499434875999, "70": 32.88032770865994, "71": 33.989661005510975, "72": 29.445173032705277, "73": 28.487070782899906, "74": 32.02341358245501, "75": 31.87343841592519, "76": 34.82043907475591, "77": 29.061657934596063, "78": 21.64184905400142, "79": 24.094342007708985, "80": 29.021676254424847, "81": 26.093791185663235, "82": 25.907057215888656, "83": 30.061676237023935, "84": 33.984175725238956, "85": 29.867978288043115, "86": 36.76315866731728, "87": 27.6076479454826, "88": 33.69320331108669, "89": 28.651715263368427, "90": 34.94515752863249, "91": 28.162708741863447, "92": 26.534248197637133 } }, "geometry": { "type": "Polygon", "coordinates": [ [ [ 134.625, -27.375 ], [ 134.625, -27.875 ], [ 134.375, -27.875 ], [ 134.375, -28.625 ], [ 134.625, -28.625 ], [ 134.625, -29.125 ], [ 134.875, -29.125 ], [ 134.875, -29.625 ], [ 135.125, -29.625 ], [ 135.125, -29.875 ], [ 135.625, -29.875 ], [ 135.625, -30.375 ], [ 135.875, -30.375 ], [ 135.875, -30.625 ], [ 136.125, -30.625 ], [ 136.125, -31.125 ], [ 137.125, -31.125 ], [ 137.125, -31.375 ], [ 137.375, -31.375 ], [ 137.375, -31.625 ], [ 137.625, -31.625 ], [ 137.625, -31.875 ], [ 138.125, -31.875 ], [ 138.125, -32.125 ], [ 138.375, -32.125 ], [ 138.375, -31.375 ], [ 138.125, -31.375 ], [ 138.125, -30.375 ], [ 138.375, -30.375 ], [ 138.375, -29.875 ], [ 137.625, -29.875 ], [ 137.625, -29.625 ], [ 137.375, -29.625 ], [ 137.375, -28.875 ], [ 137.125, -28.875 ], [ 137.125, -28.625 ], [ 136.875, -28.625 ], [ 136.875, -28.375 ], [ 136.625, -28.375 ], [ 136.625, -28.125 ], [ 135.875, -28.125 ], [ 135.875, -27.625 ], [ 135.375, -27.625 ], [ 135.375, -27.375 ], [ 134.625, -27.375 ] ] ] } },
{ "type": "Feature", "properties": { "cluster_id": 39, "cohesion": 7.8134263885890949, "distances": { "1": 44.46813288445692, "2": 44.098041976210794, "3": 35.598008400561625, "4": 37.62656567261398, "5": 36.39599294844801, "6": 41.02984422038151, "7": 50.196456988997674, "8": 47.03123881879503, "9": 51.78657012260406, "10": 50.045934413274274, "11": 45.607748145891684, "12": 42.88973678695502, "13": 36.176600765151385, "14": 39.462781491890155, "15": 37.60607205429797, "16": 39.597259456268716, "17": 43.67617920700495, "18": 48.499066782932545, "19": 43.29228948807754, "20": 39.24798110176332, "21": 38.379767192497006, "22": 42.67125248136824, "23": 40.5359789848436, "24": 34.94270154412569, "25": 33.477465697967794, "26": 20.106488275744, "27": 17.2476473345998, "28": 26.841413171797956, "29": 21.22788102258737, "30": 21.80393467466099, "31": 18.419370258015437, "32": 13.061726264546861, "33": 17.941822751909804, "34": 18.252800853902126, "35": 13.703817496051633, "36": 13.216249953672229, "37": 14.93842970053875, "38": 12.639666271380115, "40": 32.69986056509594, "41": 36.77055713533321, "42": 35.01435122331363, "43": 36.58178465036023, "44": 34.61663459297523, "45": 32.65076793584202, "46": 32.01961291178657, "47": 30.548482133217025, "48": 31.186941843161186, "49": 25.433268550617022, "50": 26.413953150076185, "51": 20.92949370724317, "52": 21.317647650220845, "53": 14.225504472869702, "54": 14.082016501725768, "55": 20.9088888280556, "56": 25.788857510638262, "57": 21.68159718476013, "58": 26.465584459821873, "59": 25.466773838207605, "60": 26.75374393337845, "61": 29.65365284098037, "62": 24.460558275591055, "63": 31.16813781714422, "64": 28.746732854983716, "65": 33.278652739767956, "66": 31.94199053311893, "67": 32.06051706457048, "68": 30.563854973129338, "69": 32.73986100263966, "70": 29.646176815888847, "71": 30.26825187530719, "72": 24.77888122707107, "73": 25.458045062091525, "74": 30.943092331036915, "75": 31.314018259526065, "76": 32.21925824208541, "77": 24.433290635490895, "78": 18.681034689507435, "79": 18.97487269157938, "80": 24.426035638336867, "81": 24.156800146672527, "82": 21.768751308812448, "83": 26.9324380175271, "84": 30.25792121172949, "85": 25.72635055385134, "86": 32.74855204467067, "87": 28.174871484555975, "88": 32.985356448186984, "89": 28.674841731177313, "90": 32.49396512719889, "91": 25.972387769283035, "92": 26.035213671583264 } }, "geometry": { "type": "Polygon", "coordinates": [ [ [ 137.625, -28.625 ], [ 137.625, -29.125 ], [ 137.875, -29.125 ], [ 137.875, -29.375 ], [ 138.125, -29.375 ], [ 138.125, -29.625 ], [ 138.375, -29.625 ], [ 138.375, -30.375 ], [ 138.125, -30.375 ], [ 138.125, -31.375 ], [ 138.375, -31.375 ], [ 138.375, -32.125 ], [ 138.625, -32.125 ], [ 138.625, -31.375 ], [ 138.875, -31.375 ], [ 138.875, -30.625 ], [ 139.125, -30.625 ], [ 139.125, -30.375 ], [ 139.375, -30.375 ], [ 139.375, -31.125 ], [ 139.125, -31.125 ], [ 139.125, -32.125 ], [ 139.375, -32.125 ], [ 139.375, -32.375 ], [ 140.875, -32.375 ], [ 140.875, -32.125 ], [ 141.375, -32.125 ], [ 141.375, -31.875 ], [ 142.125, -31.875 ], [ 142.125, -31.625 ], [ 142.875, -31.625 ], [ 142.875, -31.875 ], [ 143.125, -31.875 ], [ 143.125, -32.125 ], [ 143.375, -32.125 ], [ 143.375, -32.375 ], [ 143.625, -32.375 ], [ 143.625, -32.625 ], [ 144.125, -32.625 ], [ 144.125, -31.625 ], [ 143.625, -31.625 ], [ 143.625, -30.875 ], [ 142.625, -30.875 ], [ 142.625, -30.625 ], [ 142.375, -30.625 ], [ 142.375, -30.375 ], [ 141.875, -30.375 ], [ 141.875, -29.875 ], [ 141.375, -29.875 ], [ 141.375, -29.625 ], [ 140.375, -29.625 ], [ 140.375, -29.375 ], [ 140.125, -29.375 ], [ 140.125, -29.125 ], [ 139.375, -29.125 ], [ 139.375, -29.375 ], [ 138.625, -29.375 ], [ 138.625, -29.125 ], [ 138.375, -29.125 ], [ 138.375, -28.875 ], [ 137.875, -28.875 ], [ 137.875, -28.625 ], [ 137.625, -28.625 ] ] ] } },
{ "type": "Feature", "properties": { "cluster_id": 40, "cohesion": 5.4495558555584989, "distances": { "1": 28.649483747455577, "2": 28.151555638161668, "3": 24.440577926504858, "4": 23.339571950947857, "5": 24.14646811870578, "6": 25.73172911568018, "7": 33.925051666230196, "8": 33.12729389837163, "9": 36.82041335606994, "10": 37.01193032009819, "11": 30.65251092405071, "12": 31.98930321592056, "13": 27.479879287141824, "14": 26.400336551403726, "15": 33.57442207923495, "16": 33.689806457016665, "17": 33.72619403885689, "18": 37.2245293717949, "19": 35.23191591736835, "20": 34.059795281400504, "21": 32.31866688741285, "22": 27.481335688829734, "23": 28.664257551123477, "24": 27.661367996228083, "25": 23.080016110901187, "26": 29.86941127232313, "27": 30.787480652405637, "28": 27.773376985213154, "29": 29.22403515162949, "30": 25.30956177976356, "31": 29.218444159255167, "32": 32.90018232705595, "33": 32.037184557564636, "34": 32.79728188466914, "35": 33.801866691186376, "36": 33.39886899725755, "37": 31.742226342750477, "38": 32.15391607147032, "39": 32.699860565095946, "41": 10.8485605776891, "42": 20.21427950687026, "43": 14.364355112218313, "44": 11.390615669418596, "45": 22.195300157487925, "46": 26.290931297445166, "47": 26.701205256295513, "48": 14.104167677504421, "49": 20.848410061148208, "50": 26.13608858907505, "51": 31.988917323405595, "52": 29.853826042086776, "53": 31.81570304371054, "54": 31.757600720950702, "55": 28.258789482004534, "56": 30.588566013481348, "57": 29.101782336364927, "58": 28.762505771741186, "59": 25.87652587707437, "60": 30.480055180122886, "61": 28.38376828786297, "62": 32.251419313740186, "63": 25.20965862352525, "64": 25.12082298164007, "65": 23.255029921640816, "66": 23.10892463349673, "67": 24.530833277034233, "68": 27.274593213343625, "69": 26.967976421434564, "70": 25.600375531439933, "71": 28.887888777449543, "72": 28.658951776000684, "73": 24.586586475093657, "74": 28.88437125448237, "75": 24.152924141540936, "76": 28.460927253237273, "77": 29.679288022805064, "78": 30.746185758076646, "79": 31.233197197761825, "80": 28.887243609019222, "81": 29.726054805771042, "82": 30.369325849779138, "83": 27.82585623347069, "84": 28.989693907427544, "85": 31.52051859428046, "86": 32.54274913878921, "87": 24.105047478915797, "88": 30.891295853089048, "89": 30.728393314047622, "90": 33.023129932303696, "91": 32.17021292359422, "92": 32.289086252144955 } }, "geometry": { "type": "MultiPolygon", "coordinates": [ [ [ [ 125.375, -33.125 ], [ 124.875, -33.125 ], [ 124.875, -33.375 ], [ 124.375, -33.375 ], [ 124.375, -33.625 ], [ 124.125, -33.625 ], [ 124.125, -33.875 ], [ 123.875, -33.875 ], [ 123.875, -34.125 ], [ 123.625, -34.125 ], [ 123.625, -34.375 ], [ 122.125, -34.375 ], [ 122.125, -34.125 ], [ 120.875, -34.125 ], [ 120.875, -33.625 ], [ 121.875, -33.625 ], [ 121.875, -33.375 ], [ 122.125, -33.375 ], [ 122.125, -33.125 ], [ 122.875, -33.125 ], [ 122.875, -32.625 ], [ 125.375, -32.625 ], [ 125.375, -33.125 ] ] ], [ [ [ 125.375, -32.375 ], [ 125.625, -32.375 ], [ 125.625, -32.625 ], [ 125.375, -32.625 ], [ 125.375, -32.375 ] ] ] ] } },
{ "type": "Feature", "properties": { "cluster_id": 41, "cohesion": 7.3762443774972768, "distances": { "1": 26.4652514675006, "2": 25.979855462539458, "3": 24.634716457486043, "4": 22.932040896353186, "5": 23.522580963319342, "6": 24.239582257064942, "7": 31.06670557117601, "8": 31.072160124657646, "9": 34.32815269898549, "10": 35.02387286493111, "11": 29.01260278427984, "12": 31.394532497188163, "13": 28.332798275765786, "14": 25.980190351409735, "15": 33.96285452080331, "16": 34.08608827621701, "17": 32.608578331678565, "18": 35.83358161849373, "19": 34.70199792137808, "20": 33.90849665183436, "21": 31.887504384059568, "22": 25.361772812410173, "23": 27.44212493465099, "24": 27.60060591537162, "25": 23.041582148088533, "26": 31.711393780261357, "27": 33.11238130083323, "28": 28.69356454565312, "29": 31.4200598592632, "30": 28.844501226595597, "31": 33.09223932105281, "32": 37.03077735605063, "33": 34.69664408970169, "34": 36.131634435835736, "35": 37.17831465778029, "36": 36.33222180025007, "37": 34.69571778880269, "38": 36.04762072859569, "39": 36.770557135333206, "40": 10.8485605776891, "42": 20.205767497630536, "43": 11.128998970024979, "44": 14.735979782506321, "45": 25.775051169097715, "46": 27.722769577991578, "47": 29.43092999784977, "48": 19.696766869162357, "49": 25.74840851220669, "50": 30.60834199124338, "51": 34.95876272247564, "52": 33.58235142092717, "53": 35.96203226306527, "54": 36.220489676900854, "55": 32.4672510493989, "56": 34.110628796534805, "57": 32.9118305316472, "58": 31.41997466716285, "59": 28.706269855598165, "60": 32.46679528236375, "61": 30.201748387215915, "62": 35.00847606667308, "63": 26.918431539418002, "64": 27.14771027902186, "65": 24.223889365271962, "66": 24.132377739310396, "67": 25.26042216316254, "68": 28.872009910829107, "69": 28.465210252341407, "70": 26.47999025726496, "71": 28.866853136109935, "72": 30.13503155003941, "73": 25.649732270060344, "74": 28.378625847504527, "75": 23.17460477027007, "76": 27.67460487456951, "77": 33.26748128625558, "78": 34.91718845810805, "79": 35.45015914938771, "80": 31.28937890715248, "81": 32.48484269658489, "82": 33.68082961244682, "83": 30.916432142614795, "84": 31.376880143736226, "85": 34.60397537872667, "86": 34.29286371979748, "87": 25.68717640490046, "88": 31.382370237861096, "89": 32.11368542747756, "90": 34.18356024907297, "91": 34.390975505302244, "92": 34.07063462551855 } }, "geometry": { "type": "Polygon", "coordinates": [ [ [ 122.375, -32.625 ], [ 122.375, -32.875 ], [ 121.875, -32.875 ], [ 121.875, -33.125 ], [ 121.125, -33.125 ], [ 121.125, -32.875 ], [ 119.875, -32.875 ], [ 119.875, -33.375 ], [ 119.375, -33.375 ], [ 119.375, -33.625 ], [ 118.875, -33.625 ], [ 118.875, -33.875 ], [ 118.125, -33.875 ], [ 118.125, -34.125 ], [ 115.875, -34.125 ], [ 115.875, -34.375 ], [ 115.375, -34.375 ], [ 115.375, -34.125 ], [ 114.875, -34.125 ], [ 114.875, -34.375 ], [ 115.125, -34.375 ], [ 115.125, -34.625 ], [ 115.625, -34.625 ], [ 115.625, -34.875 ], [ 115.875, -34.875 ], [ 115.875, -35.125 ], [ 116.125, -35.125 ], [ 116.125, -35.375 ], [ 118.375, -35.375 ], [ 118.375, -35.125 ], [ 118.625, -35.125 ], [ 118.625, -34.875 ], [ 119.375, -34.875 ], [ 119.375, -34.625 ], [ 119.625, -34.625 ], [ 119.625, -34.375 ], [ 120.875, -34.375 ], [ 120.875, -33.625 ], [ 121.875, -33.625 ], [ 121.875, -33.375 ], [ 122.125, -33.375 ], [ 122.125, -33.125 ], [ 122.875, -33.125 ], [ 122.875, -32.625 ], [ 122.375, -32.625 ] ] ] } },
{ "type": "Feature", "properties": { "cluster_id": 42, "cohesion": 6.9985339404739557, "distances": { "1": 39.1365310598128, "2": 37.19519167419675, "3": 30.33015260526975, "4": 30.448944432767785, "5": 33.26885170831966, "6": 35.07554711777556, "7": 42.445957341667935, "8": 40.880154884296935, "9": 44.46949426265738, "10": 43.84626878173313, "11": 38.04409237924878, "12": 37.427249638976086, "13": 32.362034717472476, "14": 33.02685358143547, "15": 37.22332285672765, "16": 37.50909181940658, "17": 40.01284562733237, "18": 42.93107454828474, "19": 40.08377084074308, "20": 38.7907683805147, "21": 37.66308904842504, "22": 34.5535769074571, "23": 35.46773962017654, "24": 32.42119324213836, "25": 26.027060104447003, "26": 35.75669769001208, "27": 36.09554773625733, "28": 36.43236812868619, "29": 36.198722291860776, "30": 31.234147407186956, "31": 30.948077953051882, "32": 35.501322449590745, "33": 36.31532221618634, "34": 35.83594469288121, "35": 37.79229966125224, "36": 37.70380949390498, "37": 36.5502326709533, "38": 33.12404792273676, "39": 35.01435122331364, "40": 20.21427950687026, "41": 20.205767497630536, "43": 12.603141495545259, "44": 13.768959526329382, "45": 14.433990370450504, "46": 12.083905297842705, "47": 15.156636334658998, "48": 17.857216589243674, "49": 24.296669522170788, "50": 21.54426188105933, "51": 28.371372394657033, "52": 27.20782930200713, "53": 30.790772904364424, "54": 31.791585333013625, "55": 26.443186352294873, "56": 22.005691577386504, "57": 23.800279298416314, "58": 23.396754331549733, "59": 26.830937018037453, "60": 25.066634664950143, "61": 17.44482934223265, "62": 24.261608126029213, "63": 29.748796912646046, "64": 28.414300770985562, "65": 27.203994725113578, "66": 28.81346727077014, "67": 28.796747772785384, "68": 30.802402648455335, "69": 31.479076161965025, "70": 30.652457057906446, "71": 35.378703164481124, "72": 33.84127139277338, "73": 28.742475378888653, "74": 37.22091572491462, "75": 30.570488074093564, "76": 35.24413034499658, "77": 32.15182007022886, "78": 30.3738560614725, "79": 32.70550435092472, "80": 32.85466143416396, "81": 31.711212294132206, "82": 33.41462981261833, "83": 31.471876834207034, "84": 32.36265157038747, "85": 32.006258946776995, "86": 34.340942719981314, "87": 28.0032101352602, "88": 34.72351092262644, "89": 31.227344167999888, "90": 34.97957048856475, "91": 31.42585201648035, "92": 31.166523318234958 } }, "geometry": { "type": "Polygon", "coordinates": [ [ [ 118.375, -30.125 ], [ 118.375, -30.375 ], [ 118.125, -30.375 ], [ 118.125, -30.625 ], [ 117.875, -30.625 ], [ 117.875, -30.875 ], [ 116.375, -30.875 ], [ 116.375, -30.625 ], [ 115.625, -30.625 ], [ 115.625, -30.375 ], [ 115.375, -30.375 ], [ 115.375, -30.625 ], [ 115.125, -30.625 ], [ 115.125, -30.875 ], [ 114.875, -30.875 ], [ 114.875, -31.125 ], [ 115.125, -31.125 ], [ 115.125, -31.375 ], [ 115.375, -31.375 ], [ 115.375, -33.375 ], [ 115.625, -33.375 ], [ 115.625, -33.125 ], [ 117.875, -33.125 ], [ 117.875, -32.875 ], [ 119.625, -32.875 ], [ 119.625, -32.375 ], [ 119.875, -32.375 ], [ 119.875, -32.125 ], [ 120.375, -32.125 ], [ 120.375, -31.625 ], [ 120.625, -31.625 ], [ 120.625, -31.375 ], [ 120.875, -31.375 ], [ 120.875, -31.125 ], [ 121.625, -31.125 ], [ 121.625, -30.875 ], [ 121.125, -30.875 ], [ 121.125, -30.625 ], [ 120.375, -30.625 ], [ 120.375, -30.375 ], [ 119.625, -30.375 ], [ 119.625, -30.125 ], [ 118.375, -30.125 ] ] ] } },
{ "type": "Feature", "properties": { "cluster_id": 43, "cohesion": 5.4006762703379927, "distances": { "1": 31.81051206871825, "2": 30.54301579156212, "3": 26.722203324415148, "4": 25.6719136748798, "5": 27.760064608668646, "6": 28.716664914064406, "7": 35.579896461025804, "8": 35.038055033720816, "9": 38.23652969353033, "10": 38.34265957802868, "11": 32.34670207426035, "12": 33.386250356058845, "13": 29.657410400087546, "14": 28.570176523430415, "15": 35.15318087840761, "16": 34.95769587650965, "17": 35.76562116773066, "18": 38.22780670741885, "19": 36.56065967170805, "20": 36.031462917483196, "21": 34.6534464078613, "22": 28.79576527672965, "23": 30.738797826180956, "24": 29.759509870744118, "25": 23.72380521774264, "26": 33.84887176326149, "27": 34.94703735355302, "28": 32.655415680641894, "29": 34.192073088732, "30": 30.508877068207777, "31": 32.82563356972727, "32": 36.86880235285975, "33": 35.862884702844816, "34": 36.350311721944074, "35": 38.07480329378429, "36": 37.56955144692004, "37": 36.19524079132415, "38": 35.46066341695198, "39": 36.58178465036023, "40": 14.36435511221831, "41": 11.128998970024979, "42": 12.603141495545259, "44": 12.48554185297066, "45": 20.98808847046023, "46": 21.325893380260144, "47": 23.903408923484733, "48": 18.464330422884434, "49": 25.373551804162393, "50": 27.032845554376316, "51": 32.44530126691858, "52": 30.91515795438702, "53": 34.29671962485932, "54": 34.78606140493023, "55": 30.340052027137347, "56": 29.50814825440834, "57": 29.287064063250053, "58": 28.685213497237424, "59": 28.766296084623193, "60": 29.990789238304696, "61": 25.299946256027052, "62": 30.993061907544668, "63": 28.063265746772245, "64": 27.58661970876777, "65": 24.81404108895324, "66": 25.978729522414262, "67": 26.187947706664236, "68": 29.58423153744455, "69": 29.633270372049225, "70": 27.944181421561566, "71": 31.628648628975665, "72": 31.775955538662753, "73": 26.71106763288583, "74": 32.5547714887374, "75": 25.934803281029968, "76": 30.86323507998073, "77": 32.78186198440547, "78": 33.16206257577603, "79": 34.50791940623718, "80": 31.982075449731354, "81": 32.40289217178244, "82": 33.82945321786757, "83": 31.22165544394202, "84": 31.586519319550725, "85": 33.364565414883465, "86": 33.8808988698473, "87": 27.259208353039988, "88": 33.30817850163891, "89": 32.313508853923594, "90": 34.548466376092435, "91": 33.16100547198128, "92": 33.17208326316486 } }, "geometry": { "type": "Polygon", "coordinates": [ [ [ 117.875, -32.875 ], [ 117.875, -33.125 ], [ 115.625, -33.125 ], [ 115.625, -33.375 ], [ 115.125, -33.375 ], [ 115.125, -33.625 ], [ 114.875, -33.625 ], [ 114.875, -33.875 ], [ 114.625, -33.875 ], [ 114.625, -34.125 ], [ 115.375, -34.125 ], [ 115.375, -34.375 ], [ 115.875, -34.375 ], [ 115.875, -34.125 ], [ 118.125, -34.125 ], [ 118.125, -33.875 ], [ 118.875, -33.875 ], [ 118.875, -33.625 ], [ 119.375, -33.625 ], [ 119.375, -33.375 ], [ 119.875, -33.375 ], [ 119.875, -33.125 ], [ 119.625, -33.125 ], [ 119.625, -32.875 ], [ 117.875, -32.875 ] ] ] } },
{ "type": "Feature", "properties": { "cluster_id": 44, "cohesion": 7.0877801525500894, "distances": { "1": 34.795981700095886, "2": 33.504752595612445, "3": 27.782942573539394, "4": 27.076959833278632, "5": 29.391082756463717, "6": 30.955772579012798, "7": 39.42492060529588, "8": 38.36790848104234, "9": 42.002656799444615, "10": 41.90497359570579, "11": 35.274515182263485, "12": 35.89033235799097, "13": 30.65083893638624, "14": 30.310886295105306, "15": 37.10017534363529, "16": 37.05010728376004, "17": 38.37847691540285, "18": 41.61776641830192, "19": 39.27352219635548, "20": 38.23925775979475, "21": 36.83813323129189, "22": 32.141068761355164, "23": 33.38836600759323, "24": 31.522662843029273, "25": 25.53062498464839, "26": 34.58762755650521, "27": 34.68781684012066, "28": 33.18161169319435, "29": 33.54372361137295, "30": 27.970124440762792, "31": 29.716890898105845, "32": 35.09935763974573, "33": 35.637216116669244, "34": 35.5240931490389, "35": 36.93947503307815, "36": 36.77224464920416, "37": 34.99999109572343, "38": 32.93763371388801, "39": 34.61663459297523, "40": 11.390615669418596, "41": 14.735979782506323, "42": 13.768959526329382, "43": 12.48554185297066, "45": 15.149507775930964, "46": 20.503771838265024, "47": 20.493686425480057, "48": 11.644451039361126, "49": 20.551769145289338, "50": 22.00997367432704, "51": 31.543057700787454, "52": 29.278314345358158, "53": 31.685829959399843, "54": 32.288604963618596, "55": 26.589854336907244, "56": 26.129443566018896, "57": 26.445891575036782, "58": 27.284766042968865, "59": 27.147627812749736, "60": 29.3488904697708, "61": 24.336826675513596, "62": 29.376245030257778, "63": 27.822342008349207, "64": 26.995385916421448, "65": 25.250885761207567, "66": 26.16960693625593, "67": 27.555287891896384, "68": 29.7768822248587, "69": 29.981567587589932, "70": 29.63110924581971, "71": 34.19538982229542, "72": 33.057118937441054, "73": 28.523828739096636, "74": 34.798817417719896, "75": 29.059509432129925, "76": 33.95828563293679, "77": 31.73229666603706, "78": 31.273855702023365, "79": 32.6995214351906, "80": 32.207490157278166, "81": 31.562454566108407, "82": 32.841843841223344, "83": 30.308640926142346, "84": 31.591335201532726, "85": 32.95040522246101, "86": 34.88665466465182, "87": 27.346335056402793, "88": 34.78531337574982, "89": 32.849414652395936, "90": 35.852142562214496, "91": 33.528592757941865, "92": 33.7141506193648 } }, "geometry": { "type": "Polygon", "coordinates": [ [ [ 120.875, -31.125 ], [ 120.875, -31.375 ], [ 120.625, -31.375 ], [ 120.625, -31.625 ], [ 120.375, -31.625 ], [ 120.375, -32.125 ], [ 119.875, -32.125 ], [ 119.875, -32.375 ], [ 119.625, -32.375 ], [ 119.625, -33.125 ], [ 119.875, -33.125 ], [ 119.875, -32.875 ], [ 121.125, -32.875 ], [ 121.125, -33.125 ], [ 121.875, -33.125 ], [ 121.875, -32.875 ], [ 122.375, -32.875 ], [ 122.375, -32.625 ], [ 125.375, -32.625 ], [ 125.375, -32.375 ], [ 125.875, -32.375 ], [ 125.875, -32.125 ], [ 126.375, -32.125 ], [ 126.375, -31.875 ], [ 126.875, -31.875 ], [ 126.875, -31.625 ], [ 125.125, -31.625 ], [ 125.125, -31.875 ], [ 123.625, -31.875 ], [ 123.625, -31.625 ], [ 123.125, -31.625 ], [ 123.125, -31.375 ], [ 121.625, -31.375 ], [ 121.625, -31.125 ], [ 120.875, -31.125 ] ] ] } },
{ "type": "Feature", "properties": { "cluster_id": 45, "cohesion": 6.5547076073281518, "distances": { "1": 43.41088929562553, "2": 41.97161893747295, "3": 33.54842533301908, "4": 33.3459923580519, "5": 35.98206191982907, "6": 38.683981805227795, "7": 48.577409907828645, "8": 46.90347104902805, "9": 51.12164620443957, "10": 50.599026967609035, "11": 43.83617644210196, "12": 43.50666271781074, "13": 36.857037697567876, "14": 37.50615769941535, "15": 42.63834610602871, "16": 43.421395535928795, "17": 45.514512520963955, "18": 49.91032032061664, "19": 46.371082569958574, "20": 44.09290182831641, "21": 42.28364057255709, "22": 40.05527419477387, "23": 40.64923974045209, "24": 36.54396231556264, "25": 30.1877846668315, "26": 36.79627309965883, "27": 35.089212918833326, "28": 36.26745070794967, "29": 34.446376329036006, "30": 27.259768037350828, "31": 25.53395915772726, "32": 34.636559346008404, "33": 36.498250925468106, "34": 36.23123816093987, "35": 36.756689043036566, "36": 36.27439157307523, "37": 34.09093565461485, "38": 28.89348161928971, "39": 32.65076793584202, "40": 22.195300157487925, "41": 25.775051169097715, "42": 14.433990370450504, "43": 20.98808847046023, "44": 15.14950777593096, "46": 15.015082713976579, "47": 11.31889487165943, "48": 13.463243370784621, "49": 18.3939855407122, "50": 13.386822625966014, "51": 28.40675895667836, "52": 27.304408928095178, "53": 27.402764896585946, "54": 29.717539967235233, "55": 20.501735275167565, "56": 16.289320660140095, "57": 20.0796485918995, "58": 23.184354347296484, "59": 26.145883708283787, "60": 25.756120912130072, "61": 18.757978462093728, "62": 22.382966178135227, "63": 31.705396797656302, "64": 29.383324991542352, "65": 29.18968446287724, "66": 30.398463136356373, "67": 32.12043414722166, "68": 33.099029222390776, "69": 34.80572971988904, "70": 34.546022412771265, "71": 39.38535502991729, "72": 36.60683891239833, "73": 32.4758469104384, "74": 39.408593331105365, "75": 34.107891208471166, "76": 39.4033335994948, "77": 33.98983633612378, "78": 30.132748222999368, "79": 32.90496864747217, "80": 34.888532749872745, "81": 32.07504674624124, "82": 34.087267207277336, "83": 33.40804257213682, "84": 35.890215567835256, "85": 34.712459533548504, "86": 39.054417200986364, "87": 29.879812694028043, "88": 38.191978126369015, "89": 33.66861517933602, "90": 39.36170757719129, "91": 34.29773430996873, "92": 33.481769261500105 } }, "geometry": { "type": "Polygon", "coordinates": [ [ [ 123.625, -28.625 ], [ 123.625, -29.125 ], [ 123.875, -29.125 ], [ 123.875, -29.375 ], [ 123.375, -29.375 ], [ 123.375, -29.625 ], [ 122.875, -29.625 ], [ 122.875, -29.875 ], [ 121.625, -29.875 ], [ 121.625, -29.625 ], [ 120.625, -29.625 ], [ 120.625, -29.875 ], [ 120.375, -29.875 ], [ 120.375, -30.625 ], [ 121.125, -30.625 ], [ 121.125, -30.875 ], [ 121.625, -30.875 ], [ 121.625, -31.375 ], [ 123.125, -31.375 ], [ 123.125, -31.125 ], [ 123.375, -31.125 ], [ 123.375, -30.875 ], [ 124.125, -30.875 ], [ 124.125, -31.125 ], [ 124.375, -31.125 ], [ 124.375, -31.375 ], [ 125.625, -31.375 ], [ 125.625, -31.125 ], [ 125.875, -31.125 ], [ 125.875, -30.875 ], [ 127.625, -30.875 ], [ 127.625, -30.375 ], [ 126.875, -30.375 ], [ 126.875, -30.125 ], [ 126.375, -30.125 ], [ 126.375, -29.625 ], [ 126.125, -29.625 ], [ 126.125, -29.375 ], [ 125.875, -29.375 ], [ 125.875, -28.875 ], [ 125.375, -28.875 ], [ 125.375, -28.625 ], [ 123.625, -28.625 ] ] ] } },
{ "type": "Feature", "properties": { "cluster_id": 46, "cohesion": 5.9364322215855312, "distances": { "1": 43.30788926058851, "2": 41.1159680822505, "3": 32.61522388909653, "4": 33.7368389265927, "5": 36.220388962665645, "6": 38.928286950229975, "7": 46.39034970877672, "8": 43.99071835626179, "9": 47.97014117158478, "10": 46.77154198515908, "11": 41.47685793542214, "12": 39.64101802866367, "13": 33.83036999379379, "14": 35.786135012931, "15": 37.381021769479034, "16": 38.48137216061866, "17": 41.793017097203084, "18": 45.41965326689819, "19": 41.53931060394179, "20": 39.14193725891159, "21": 37.93801850099063, "22": 38.00024697490115, "23": 37.83086607913912, "24": 33.01748345996798, "25": 27.462272024747264, "26": 34.788732152150274, "27": 34.863600607999466, "28": 37.46356224516481, "29": 35.970009493359996, "30": 31.25322873990803, "31": 28.978656137588857, "32": 32.62324287537338, "33": 34.377080056053096, "34": 33.49346927266955, "35": 35.358699754416854, "36": 35.52769984146268, "37": 34.912534738386945, "38": 29.92540475357402, "39": 32.01961291178657, "40": 26.290931297445166, "41": 27.722769577991578, "42": 12.083905297842705, "43": 21.325893380260144, "44": 20.503771838265024, "45": 15.015082713976579, "47": 10.303824259779972, "48": 21.529506926463725, "49": 24.98286225827934, "50": 19.403833870200835, "51": 23.433521718374713, "52": 23.510201142590187, "53": 26.729017678049587, "54": 28.05716215354892, "55": 23.648105762671538, "56": 16.124135129341106, "57": 19.436576224174942, "58": 16.746860613729027, "59": 23.282307330780732, "60": 18.78099259216594, "61": 9.331871791644025, "62": 17.142261711723155, "63": 30.471454381150586, "64": 28.605998768588048, "65": 29.24068990316566, "66": 30.487484476794727, "67": 30.143391332795936, "68": 30.832580533794577, "69": 32.027610064934066, "70": 31.292950864818028, "71": 35.98710419560321, "72": 33.297121302775075, "73": 28.52452645750135, "74": 38.498040615109424, "75": 32.42406653772026, "76": 36.32051892038692, "77": 30.600763053734703, "78": 27.041275761983123, "79": 30.012610972021694, "80": 31.85327700614584, "81": 29.773079645570334, "82": 31.525964182416875, "83": 30.695670808267494, "84": 32.08155960934776, "85": 29.82720694143322, "86": 33.68080523686283, "87": 26.70289883962218, "88": 33.40671146589219, "89": 27.980348705181974, "90": 33.56094708807382, "91": 28.388595947103614, "92": 27.285717814409963 } }, "geometry": { "type": "MultiPolygon", "coordinates": [ [ [ [ 114.875, -29.125 ], [ 114.875, -29.625 ], [ 115.125, -29.625 ], [ 115.125, -30.125 ], [ 115.625, -30.125 ], [ 115.625, -29.875 ], [ 115.875, -29.875 ], [ 115.875, -29.375 ], [ 116.125, -29.375 ], [ 116.125, -29.625 ], [ 116.375, -29.625 ], [ 116.375, -29.375 ], [ 116.625, -29.375 ], [ 116.625, -28.375 ], [ 117.125, -28.375 ], [ 117.125, -28.625 ], [ 117.375, -28.625 ], [ 117.375, -28.875 ], [ 118.125, -28.875 ], [ 118.125, -28.625 ], [ 118.375, -28.625 ], [ 118.375, -28.375 ], [ 118.625, -28.375 ], [ 118.625, -28.125 ], [ 118.875, -28.125 ], [ 118.875, -27.875 ], [ 119.125, -27.875 ], [ 119.125, -27.625 ], [ 119.375, -27.625 ], [ 119.375, -27.875 ], [ 119.875, -27.875 ], [ 119.875, -28.125 ], [ 120.125, -28.125 ], [ 120.125, -28.625 ], [ 119.375, -28.625 ], [ 119.375, -28.875 ], [ 118.625, -28.875 ], [ 118.625, -29.375 ], [ 118.875, -29.375 ], [ 118.875, -29.625 ], [ 119.125, -29.625 ], [ 119.125, -29.875 ], [ 119.375, -29.875 ], [ 119.375, -30.125 ], [ 118.375, -30.125 ], [ 118.375, -30.375 ], [ 118.125, -30.375 ], [ 118.125, -30.625 ], [ 117.875, -30.625 ], [ 117.875, -30.875 ], [ 116.375, -30.875 ], [ 116.375, -30.625 ], [ 115.625, -30.625 ], [ 115.625, -30.375 ], [ 115.375, -30.375 ], [ 115.375, -30.625 ], [ 115.125, -30.625 ], [ 115.125, -30.875 ], [ 114.875, -30.875 ], [ 114.875, -30.625 ], [ 114.625, -30.625 ], [ 114.625, -29.125 ], [ 114.875, -29.125 ] ] ], [ [ [ 114.375, -29.125 ], [ 114.375, -28.875 ], [ 114.625, -28.875 ], [ 114.625, -29.125 ], [ 114.375, -29.125 ] ] ] ] } },
{ "type": "Feature", "properties": { "cluster_id": 47, "cohesion": 7.0697416109182818, "distances": { "1": 45.307795306198486, "2": 43.51821691722158, "3": 34.68871340454275, "4": 35.579848089853655, "5": 37.69647240281981, "6": 40.751060515404085, "7": 49.20527821333192, "8": 46.85726991509445, "9": 51.10799237683257, "10": 49.974324165163935, "11": 44.399663640158415, "12": 42.67817809876604, "13": 36.412509179161525, "14": 38.31129193063735, "15": 40.01391224676332, "16": 41.34590213359725, "17": 44.40554733673163, "18": 48.66422589290489, "19": 44.52237893319646, "20": 41.77786889823297, "21": 40.423569308003415, "22": 40.50674138168121, "23": 40.31377439946057, "24": 35.26511698376668, "25": 29.64397373457992, "26": 35.39821624009299, "27": 34.06828276824369, "28": 37.26382995386631, "29": 34.86996404276965, "30": 29.272468069428605, "31": 25.917521029481335, "32": 32.52774550667684, "33": 34.93036912523036, "34": 34.40678097758968, "35": 35.141287971451014, "36": 34.698863412251804, "37": 33.31743623266627, "38": 27.291988026870353, "39": 30.54848213321703, "40": 26.701205256295513, "41": 29.43092999784977, "42": 15.156636334658998, "43": 23.903408923484736, "44": 20.493686425480053, "45": 11.31889487165943, "46": 10.303824259779972, "48": 19.959061889308558, "49": 22.507778898009754, "50": 15.125597444730218, "51": 22.890391894777927, "52": 23.56949192607255, "53": 24.830915863163703, "54": 27.077648751997913, "55": 20.562191171494693, "56": 11.806216680530396, "57": 16.670487299356225, "58": 19.227314702037383, "59": 24.383065043371804, "60": 19.76384102609889, "61": 12.527873120639953, "62": 15.387286482496823, "63": 32.280882365921, "64": 30.115246896702168, "65": 31.205713194871652, "66": 31.937036954199748, "67": 32.93021949374073, "68": 33.16188835506527, "69": 34.50498411111226, "70": 34.146726848347775, "71": 38.34037632255373, "72": 35.32471501187736, "73": 30.92422120972598, "74": 39.50837436696854, "75": 34.16364006268569, "76": 38.45485163477858, "77": 32.10087322379591, "78": 27.17883652739175, "79": 30.513885192187672, "80": 33.95176143717206, "81": 31.350173345730184, "82": 32.84966639111042, "83": 32.462273262643805, "84": 34.27929027412429, "85": 31.406673090257048, "86": 36.06736468702345, "87": 28.445790841908625, "88": 35.56821265933374, "89": 29.67906614335228, "90": 35.752792395849724, "91": 29.66416574615044, "92": 28.463820877920014 } }, "geometry": { "type": "Polygon", "coordinates": [ [ [ 121.125, -26.125 ], [ 121.125, -26.375 ], [ 120.625, -26.375 ], [ 120.625, -26.875 ], [ 119.625, -26.875 ], [ 119.625, -27.125 ], [ 119.375, -27.125 ], [ 119.375, -27.875 ], [ 119.875, -27.875 ], [ 119.875, -28.125 ], [ 120.125, -28.125 ], [ 120.125, -28.625 ], [ 119.375, -28.625 ], [ 119.375, -28.875 ], [ 118.625, -28.875 ], [ 118.625, -29.375 ], [ 118.875, -29.375 ], [ 118.875, -29.625 ], [ 119.125, -29.625 ], [ 119.125, -29.875 ], [ 119.375, -29.875 ], [ 119.375, -30.125 ], [ 119.625, -30.125 ], [ 119.625, -30.375 ], [ 120.375, -30.375 ], [ 120.375, -29.875 ], [ 120.625, -29.875 ], [ 120.625, -29.625 ], [ 121.625, -29.625 ], [ 121.625, -29.875 ], [ 122.875, -29.875 ], [ 122.875, -29.625 ], [ 123.375, -29.625 ], [ 123.375, -29.375 ], [ 123.875, -29.375 ], [ 123.875, -29.125 ], [ 123.625, -29.125 ], [ 123.625, -28.625 ], [ 125.375, -28.625 ], [ 125.375, -28.875 ], [ 125.875, -28.875 ], [ 125.875, -28.625 ], [ 126.125, -28.625 ], [ 126.125, -28.375 ], [ 125.875, -28.375 ], [ 125.875, -28.125 ], [ 123.625, -28.125 ], [ 123.625, -27.875 ], [ 122.625, -27.875 ], [ 122.625, -27.625 ], [ 122.375, -27.625 ], [ 122.375, -27.375 ], [ 122.125, -27.375 ], [ 122.125, -27.125 ], [ 122.375, -27.125 ], [ 122.375, -26.875 ], [ 121.875, -26.875 ], [ 121.875, -26.625 ], [ 121.625, -26.625 ], [ 121.625, -26.125 ], [ 121.125, -26.125 ] ] ] } },
{ "type": "Feature", "properties": { "cluster_id": 48, "cohesion": 7.9503255044167727, "distances": { "1": 36.3233161510957, "2": 35.478008782711385, "3": 28.193333231323763, "4": 27.30299892203491, "5": 29.537841363032058, "6": 32.01397360139199, "7": 42.63911875422553, "8": 41.4348817855937, "9": 45.51948776419485, "10": 45.36472405500016, "11": 37.99296747061684, "12": 38.6746383788126, "13": 32.11107170896658, "14": 31.872550176579427, "15": 39.204787723919814, "16": 39.54568494646448, "17": 40.96648398816414, "18": 45.146338491707404, "19": 42.16315412848165, "20": 40.26069495842069, "21": 38.36872754860175, "22": 34.8996461565454, "23": 35.77834988479406, "24": 32.85365935739155, "25": 27.046099639726314, "26": 32.75037289198108, "27": 31.9904988947381, "28": 30.973310939601255, "29": 30.27482467268187, "30": 22.87379873842512, "31": 24.68799524693512, "32": 32.113133294289945, "33": 33.04318941447464, "34": 32.979207607051016, "35": 33.70930931514351, "36": 33.64382416697506, "37": 31.489474965733073, "38": 28.788633204909925, "39": 31.186941843161193, "40": 14.104167677504421, "41": 19.69676686916235, "42": 17.857216589243674, "43": 18.464330422884434, "44": 11.644451039361126, "45": 13.463243370784621, "46": 21.529506926463725, "47": 19.959061889308558, "49": 13.871648570061089, "50": 17.09955110239792, "51": 30.23606773069318, "52": 27.760916389049683, "53": 27.996213744975257, "54": 29.14469428987025, "55": 21.6151064358313, "56": 23.31285615948453, "57": 23.52824517810954, "58": 25.362494119669712, "59": 24.790189924434728, "60": 28.69156593141409, "61": 24.27545432107537, "62": 27.758971103549005, "63": 27.005308194211782, "64": 25.31907110790374, "65": 24.15030119383618, "66": 25.13341219916122, "67": 26.9834411266487, "68": 28.788175151461484, "69": 30.108845182160668, "70": 29.562237619419268, "71": 34.49122272026112, "72": 32.18440273735815, "73": 28.536869961940415, "74": 34.19183301599686, "75": 29.3543249579886, "76": 34.67056801238163, "77": 30.643356911602506, "78": 29.273484332033398, "79": 30.653161021999022, "80": 30.543002705552198, "81": 28.94568996147027, "82": 30.42115564780747, "83": 29.16554482731788, "84": 31.983224891202124, "85": 32.88222455152655, "86": 36.34700821105093, "87": 26.686528303862445, "88": 35.21781008628208, "89": 32.73043168832587, "90": 37.05242922615211, "91": 33.66533857399762, "92": 33.473139980967616 } }, "geometry": { "type": "Polygon", "coordinates": [ [ [ 123.375, -30.875 ], [ 123.375, -31.125 ], [ 123.125, -31.125 ], [ 123.125, -31.625 ], [ 123.625, -31.625 ], [ 123.625, -31.875 ], [ 125.125, -31.875 ], [ 125.125, -31.625 ], [ 126.875, -31.625 ], [ 126.875, -31.875 ], [ 126.375, -31.875 ], [ 126.375, -32.125 ], [ 125.875, -32.125 ], [ 125.875, -32.375 ], [ 125.625, -32.375 ], [ 125.625, -32.625 ], [ 125.375, -32.625 ], [ 125.375, -32.875 ], [ 125.875, -32.875 ], [ 125.875, -32.625 ], [ 127.375, -32.625 ], [ 127.375, -32.375 ], [ 128.375, -32.375 ], [ 128.375, -32.125 ], [ 128.875, -32.125 ], [ 128.875, -31.625 ], [ 129.375, -31.625 ], [ 129.375, -31.375 ], [ 128.875, -31.375 ], [ 128.875, -31.125 ], [ 127.375, -31.125 ], [ 127.375, -30.875 ], [ 125.875, -30.875 ], [ 125.875, -31.125 ], [ 125.625, -31.125 ], [ 125.625, -31.375 ], [ 124.375, -31.375 ], [ 124.375, -31.125 ], [ 124.125, -31.125 ], [ 124.125, -30.875 ], [ 123.375, -30.875 ] ] ] } },
{ "type": "Feature", "properties": { "cluster_id": 49, "cohesion": 5.2656154376710269, "distances": { "1": 37.9064965345302, "2": 37.440415066803205, "3": 28.77975697530647, "4": 28.381146850065658, "5": 29.577087953744297, "6": 33.219944662344766, "7": 45.54856181255764, "8": 44.01156999023827, "9": 48.721855139892625, "10": 48.447153587081026, "11": 40.892229326156276, "12": 41.50207233182501, "13": 33.840585590701416, "14": 33.73300157077509, "15": 40.4726375385376, "16": 41.87132028887456, "17": 42.71943539311552, "18": 48.390712737378614, "19": 44.528422005529904, "20": 41.21553346330512, "21": 38.94296047082119, "22": 37.366820273620625, "23": 37.55171843460021, "24": 33.5181033289811, "25": 28.53843063169187, "26": 29.35237797984094, "27": 26.909860781340605, "28": 26.844624599326636, "29": 24.04295071731138, "30": 13.627263675397732, "31": 14.994120343839628, "32": 27.876387766864617, "33": 28.831007659951428, "34": 29.35301117856255, "35": 28.346632086350045, "36": 27.88959084563823, "37": 24.799722548418647, "38": 20.9241226772735, "39": 25.433268550617022, "40": 20.848410061148208, "41": 25.748408512206698, "42": 24.296669522170788, "43": 25.373551804162393, "44": 20.551769145289338, "45": 18.3939855407122, "46": 24.98286225827934, "47": 22.507778898009757, "48": 13.871648570061089, "50": 13.769193374667982, "51": 27.691951887262203, "52": 26.05815106336293, "53": 21.97993225363465, "54": 24.764741940475872, "55": 13.66600688333411, "56": 21.362995203478842, "57": 20.211102838750985, "58": 24.47014670519078, "59": 22.7367749976875, "60": 27.590925842350885, "61": 25.667066060995445, "62": 25.755225524171905, "63": 26.22295398465941, "64": 23.57942122770047, "65": 24.03456400264504, "66": 24.31453970076724, "67": 27.215500202484474, "68": 27.730615158201953, "69": 30.327112275779836, "70": 29.86208476907819, "71": 34.31402009045548, "72": 30.912909529726743, "73": 28.397221035992366, "74": 32.30913049945157, "75": 29.425175137199293, "76": 34.790944434715, "77": 29.91802033455975, "78": 26.996417167828533, "79": 28.460968844052815, "80": 28.88846470317795, "81": 25.57423385929081, "82": 27.40576689929329, "83": 28.142265763279998, "84": 32.59982216091642, "85": 32.752187081722596, "86": 37.645709647827786, "87": 26.01007287425264, "88": 34.66907933295638, "89": 31.454071401329063, "90": 37.177828602069695, "91": 32.76486426175441, "92": 31.784286760309932 } }, "geometry": { "type": "Polygon", "coordinates": [ [ [ 128.875, -30.875 ], [ 128.875, -31.375 ], [ 129.375, -31.375 ], [ 129.375, -31.625 ], [ 128.875, -31.625 ], [ 128.875, -32.125 ], [ 129.375, -32.125 ], [ 129.375, -31.875 ], [ 131.625, -31.875 ], [ 131.625, -32.125 ], [ 132.125, -32.125 ], [ 132.125, -31.875 ], [ 133.625, -31.875 ], [ 133.625, -31.125 ], [ 133.125, -31.125 ], [ 133.125, -30.875 ], [ 128.875, -30.875 ] ] ] } },
{ "type": "Feature", "properties": { "cluster_id": 50, "cohesion": 7.439724718392239, "distances": { "1": 44.79548854277408, "2": 43.54716591945841, "3": 33.68898705745304, "4": 34.27346709755899, "5": 36.343428233977676, "6": 39.81052701691388, "7": 50.78501958048963, "8": 48.629960983650655, "9": 53.2081439067821, "10": 52.30947003255478, "11": 45.399799903758414, "12": 44.40411723628107, "13": 36.72365112301646, "14": 38.236515839821756, "15": 42.19179828641065, "16": 43.324252780787035, "17": 46.52408741837602, "18": 51.257778131445114, "19": 46.886071919601484, "20": 44.00040642201528, "21": 42.67072643413472, "22": 41.94797476294734, "23": 41.82080953619385, "24": 37.05128996711743, "25": 31.232077694990853, "26": 33.93624773467523, "27": 31.382903974604545, "28": 34.50822712911006, "29": 30.965633377134136, "30": 22.407082183184148, "31": 18.73491817185192, "32": 28.898789031280845, "33": 32.455828264609025, "34": 31.441626883876637, "35": 31.412395942328498, "36": 31.374494010304463, "37": 29.354885258204774, "38": 21.8532456444986, "39": 26.413953150076185, "40": 26.136088589075055, "41": 30.608341991243375, "42": 21.54426188105933, "43": 27.032845554376316, "44": 22.00997367432704, "45": 13.386822625966014, "46": 19.40383387020083, "47": 15.125597444730218, "48": 17.09955110239792, "49": 13.769193374667982, "51": 23.871873110578274, "52": 22.530471738390233, "53": 20.165155691968756, "54": 23.295329448951456, "55": 12.077487482320297, "56": 12.313384845674008, "57": 13.320597056901004, "58": 22.5904714600329, "59": 24.966369209307015, "60": 24.954875923593324, "61": 20.742656905714394, "62": 19.35291751195257, "63": 30.47151334336334, "64": 27.66079291882472, "65": 28.86710021379226, "66": 29.886532455752693, "67": 31.565127325465056, "68": 31.473583376406978, "69": 33.71233087567423, "70": 33.77458956807212, "71": 38.912644708894554, "72": 34.791928977628814, "73": 31.512688259995738, "74": 38.86009684084005, "75": 34.43656756101567, "76": 39.544099981686585, "77": 30.478227628586136, "78": 25.18615722310001, "79": 28.040658958263368, "80": 32.20342591005571, "81": 28.466870305328154, "82": 29.807106913560865, "83": 30.343449707412258, "84": 33.9796721350247, "85": 31.67792546766171, "86": 37.61898351228103, "87": 29.591841594316232, "88": 37.77007409730283, "89": 32.49134951016152, "90": 37.99212512306738, "91": 31.437840428820504, "92": 31.02107275834396 } }, "geometry": { "type": "Polygon", "coordinates": [ [ [ 130.375, -26.625 ], [ 130.375, -26.875 ], [ 129.875, -26.875 ], [ 129.875, -27.625 ], [ 130.125, -27.625 ], [ 130.125, -27.875 ], [ 129.625, -27.875 ], [ 129.625, -28.125 ], [ 127.125, -28.125 ], [ 127.125, -28.625 ], [ 125.875, -28.625 ], [ 125.875, -29.375 ], [ 126.125, -29.375 ], [ 126.125, -29.625 ], [ 126.375, -29.625 ], [ 126.375, -30.125 ], [ 126.875, -30.125 ], [ 126.875, -30.375 ], [ 127.625, -30.375 ], [ 127.625, -30.875 ], [ 127.375, -30.875 ], [ 127.375, -31.125 ], [ 128.875, -31.125 ], [ 128.875, -30.875 ], [ 132.375, -30.875 ], [ 132.375, -30.625 ], [ 132.125, -30.625 ], [ 132.125, -30.375 ], [ 131.875, -30.375 ], [ 131.875, -30.125 ], [ 131.625, -30.125 ], [ 131.625, -29.875 ], [ 131.375, -29.875 ], [ 131.375, -29.125 ], [ 132.125, -29.125 ], [ 132.125, -28.625 ], [ 131.875, -28.625 ], [ 131.875, -28.125 ], [ 131.375, -28.125 ], [ 131.375, -27.625 ], [ 131.625, -27.625 ], [ 131.625, -26.875 ], [ 130.875, -26.875 ], [ 130.875, -26.625 ], [ 130.375, -26.625 ] ] ] } },
{ "type": "Feature", "properties": { "cluster_id": 51, "cohesion": 6.2807957326503239, "distances": { "1": 43.043165971235005, "2": 41.462657437921294, "3": 32.922372503127576, "4": 35.94695851119824, "5": 35.86763383834306, "6": 39.5841300077364, "7": 45.46273241190265, "8": 41.662400647128344, "9": 45.98274700694477, "10": 43.63840765002211, "11": 40.70555174049014, "12": 36.465334894889956, "13": 31.26932345452038, "14": 35.4610719323042, "15": 28.922941471779822, "16": 32.01734270905334, "17": 37.07886191156094, "18": 41.156167068243306, "19": 35.407682055272275, "20": 31.20981492651963, "21": 31.927055435451067, "22": 37.696684794638685, "23": 35.11283844486062, "24": 29.131801554058033, "25": 27.341888321164237, "26": 27.096718691869025, "27": 27.259846893127648, "28": 34.1009461166232, "29": 30.643315675471378, "30": 28.873776609721993, "31": 24.829281804106373, "32": 22.203727124396696, "33": 26.720940510069166, "34": 25.2427540276836, "35": 25.93643708217081, "36": 26.13858007892239, "37": 26.99115840378281, "38": 21.002206415447525, "39": 20.929493707243164, "40": 31.98891732340559, "41": 34.958762722475655, "42": 28.371372394657033, "43": 32.44530126691858, "44": 31.543057700787454, "45": 28.406758956678363, "46": 23.433521718374713, "47": 22.890391894777927, "48": 30.236067730693176, "49": 27.691951887262206, "50": 23.871873110578267, "52": 12.465447749435675, "53": 16.925403316478402, "54": 17.324362421649425, "55": 21.601046846100864, "56": 18.21438605117839, "57": 13.85668590997421, "58": 20.408933634377835, "59": 22.59056711421923, "60": 15.761887281550472, "61": 20.17399464404734, "62": 12.713056166543945, "63": 29.6495190741188, "64": 28.59144842440461, "65": 32.3330329701626, "66": 31.25769278004724, "67": 31.353926833708588, "68": 29.693813618790777, "69": 29.602055957561237, "70": 29.375377620906878, "71": 31.63419009872227, "72": 28.222735259005525, "73": 23.929861700757428, "74": 34.88289000148092, "75": 31.121384733247133, "76": 32.38273682483989, "77": 23.121268188268424, "78": 16.75796148776907, "79": 20.3606662525913, "80": 27.72949850457939, "81": 26.801332019983004, "82": 25.29921435149303, "83": 25.504883273341182, "84": 26.04292244814708, "85": 19.237236336639082, "86": 24.490222581244126, "87": 23.974497523115847, "88": 26.315068318241554, "89": 19.75597126449437, "90": 22.26727840285341, "91": 13.051000106109996, "92": 13.522764551706592 } }, "geometry": { "type": "Polygon", "coordinates": [ [ [ 126.875, -24.375 ], [ 126.875, -24.625 ], [ 124.625, -24.625 ], [ 124.625, -25.125 ], [ 125.625, -25.125 ], [ 125.625, -25.375 ], [ 125.875, -25.375 ], [ 125.875, -25.625 ], [ 129.875, -25.625 ], [ 129.875, -25.375 ], [ 130.625, -25.375 ], [ 130.625, -25.125 ], [ 130.375, -25.125 ], [ 130.375, -24.625 ], [ 128.875, -24.625 ], [ 128.875, -24.375 ], [ 126.875, -24.375 ] ] ] } },
{ "type": "Feature", "properties": { "cluster_id": 52, "cohesion": 7.3334075865000692, "distances": { "1": 42.279767908072294, "2": 40.730420831551925, "3": 31.452902506196942, "4": 34.41557054622485, "5": 35.09716216733679, "6": 38.55598320044962, "7": 45.43202634525221, "8": 41.76069712591251, "9": 45.77498495476429, "10": 43.316505642197505, "11": 39.38259306038281, "12": 34.87467144896156, "13": 28.82023269088408, "14": 33.7817199661002, "15": 28.64098378844527, "16": 29.876674763421196, "17": 37.79948425358851, "18": 40.25871855844983, "19": 34.592962965721156, "20": 32.26127422813317, "21": 33.92725490748516, "22": 37.73729186807607, "23": 35.48971046354819, "24": 30.472171918490417, "25": 27.689722479651056, "26": 28.888043454194317, "27": 29.710862806985585, "28": 35.93587894329025, "29": 32.72483826579048, "30": 29.293424527122188, "31": 25.801482173453827, "32": 20.162225058342965, "33": 27.589683843776665, "34": 23.759603770872634, "35": 26.31101278916752, "36": 28.223533522250914, "37": 29.40692615813815, "38": 22.39230279696223, "39": 21.31764765022085, "40": 29.85382604208678, "41": 33.582351420927175, "42": 27.207829302007124, "43": 30.915157954387016, "44": 29.278314345358158, "45": 27.30440892809517, "46": 23.510201142590187, "47": 23.56949192607255, "48": 27.760916389049687, "49": 26.058151063362935, "50": 22.530471738390226, "51": 12.465447749435674, "53": 15.721653625522547, "54": 13.752738514389803, "55": 20.472331998834303, "56": 19.87371814622449, "57": 14.360644000373599, "58": 21.620521869674384, "59": 23.85720497804026, "60": 20.746277234359138, "61": 21.84481639801276, "62": 17.816383047619368, "63": 27.918090887226175, "64": 26.876040729474212, "65": 30.368781561069223, "66": 29.87883101516159, "67": 29.673637108364353, "68": 27.880023426982966, "69": 27.373000879608593, "70": 28.285391529987475, "71": 32.54095422944689, "72": 28.36294410731375, "73": 24.160807378486663, "74": 36.87929104911247, "75": 31.7984662441683, "76": 33.866458837810825, "77": 18.03524119789954, "78": 11.1567851437006, "79": 15.259393991242144, "80": 26.20884213808138, "81": 25.15641705638734, "82": 22.729731933839876, "83": 21.56402640302266, "84": 22.248081805664466, "85": 14.582450032666175, "86": 21.40764928001782, "87": 25.576171268658484, "88": 29.410122800283066, "89": 24.02622248040334, "90": 23.66997577630127, "91": 15.49941620774893, "92": 19.602489619830152 } }, "geometry": { "type": "Polygon", "coordinates": [ [ [ 133.875, -23.625 ], [ 133.875, -23.875 ], [ 131.875, -23.875 ], [ 131.875, -24.125 ], [ 131.375, -24.125 ], [ 131.375, -23.875 ], [ 130.375, -23.875 ], [ 130.375, -24.125 ], [ 130.125, -24.125 ], [ 130.125, -24.625 ], [ 130.375, -24.625 ], [ 130.375, -25.125 ], [ 130.625, -25.125 ], [ 130.625, -25.375 ], [ 129.875, -25.375 ], [ 129.875, -25.875 ], [ 130.125, -25.875 ], [ 130.125, -25.625 ], [ 130.625, -25.625 ], [ 130.625, -25.875 ], [ 131.375, -25.875 ], [ 131.375, -25.625 ], [ 131.875, -25.625 ], [ 131.875, -25.375 ], [ 132.875, -25.375 ], [ 132.875, -24.875 ], [ 133.375, -24.875 ], [ 133.375, -24.625 ], [ 134.375, -24.625 ], [ 134.375, -24.375 ], [ 134.125, -24.375 ], [ 134.125, -24.125 ], [ 134.375, -24.125 ], [ 134.375, -23.875 ], [ 134.625, -23.875 ], [ 134.625, -23.625 ], [ 133.875, -23.625 ] ] ] } },
{ "type": "Feature", "properties": { "cluster_id": 53, "cohesion": 8.124790364100674, "distances": { "1": 44.82366368861659, "2": 44.18315689388005, "3": 34.59226218629557, "4": 36.61169979349767, "5": 35.963811361428554, "6": 40.74256376693156, "7": 50.697130556356136, "8": 47.47585847392748, "9": 52.368690119365446, "10": 50.718418870559525, "11": 45.60807357528834, "12": 42.98585133070707, "13": 35.543336729013525, "14": 38.79230065832292, "15": 37.39498946987695, "16": 39.674225120705216, "17": 44.0460698617515, "18": 49.062128863852635, "19": 43.53007166919357, "20": 39.39885098662317, "21": 38.7584769195797, "22": 42.518852817487534, "23": 40.56172614203725, "24": 34.811818962914195, "25": 32.1101135691424, "26": 26.44624443743491, "27": 24.154853523668447, "28": 31.33130785015582, "29": 26.08766080875296, "30": 22.098112523213604, "31": 16.509134292828897, "32": 17.81240607534516, "33": 24.403686640350216, "34": 22.703811675850165, "35": 21.207173304268643, "36": 21.701464112180847, "37": 21.42212782683831, "38": 11.53048131677392, "39": 14.225504472869705, "40": 31.81570304371054, "41": 35.96203226306527, "42": 30.790772904364424, "43": 34.29671962485932, "44": 31.68582995939985, "45": 27.402764896585946, "46": 26.729017678049583, "47": 24.830915863163703, "48": 27.996213744975257, "49": 21.979932253634647, "50": 20.165155691968756, "51": 16.925403316478402, "52": 15.721653625522547, "54": 10.96564744850476, "55": 13.77386480627768, "56": 19.157870563259568, "57": 14.742271051146131, "58": 22.454950962429333, "59": 22.79437095556854, "60": 22.75170084039717, "61": 24.586321354484678, "62": 18.806252765169585, "63": 30.070261352968362, "64": 27.460897956829914, "65": 31.945310707719003, "66": 30.657881029525, "67": 32.3264668553655, "68": 30.028157357071976, "69": 32.012219340060284, "70": 31.491557137636224, "71": 34.39213225553388, "72": 29.293173947350102, "73": 27.290612500550864, "74": 35.18556409228621, "75": 32.79472564232416, "76": 35.70546671604888, "77": 24.218880114407767, "78": 15.380776666090835, "79": 18.877814480711958, "80": 27.41416158636845, "81": 24.143487730872057, "82": 23.150436496739715, "83": 26.26401505014846, "84": 29.84450505723124, "85": 24.324902353901056, "86": 32.135517697840164, "87": 26.689938453768235, "88": 32.78146525049916, "89": 27.0703140786406, "90": 31.791731262242067, "91": 24.042283746483985, "92": 24.078542912669302 } }, "geometry": { "type": "MultiPolygon", "coordinates": [ [ [ [ 137.625, -28.875 ], [ 137.625, -29.125 ], [ 137.875, -29.125 ], [ 137.875, -29.375 ], [ 138.125, -29.375 ], [ 138.125, -29.625 ], [ 138.375, -29.625 ], [ 138.375, -29.875 ], [ 137.625, -29.875 ], [ 137.625, -29.625 ], [ 137.375, -29.625 ], [ 137.375, -28.875 ], [ 137.625, -28.875 ] ] ], [ [ [ 138.125, -28.875 ], [ 137.875, -28.875 ], [ 137.875, -28.625 ], [ 138.125, -28.625 ], [ 138.125, -28.875 ] ] ], [ [ [ 137.375, -28.375 ], [ 137.125, -28.375 ], [ 137.125, -28.625 ], [ 136.875, -28.625 ], [ 136.875, -28.375 ], [ 136.625, -28.375 ], [ 136.625, -28.125 ], [ 135.875, -28.125 ], [ 135.875, -27.625 ], [ 135.375, -27.625 ], [ 135.375, -27.375 ], [ 134.125, -27.375 ], [ 134.125, -27.125 ], [ 133.875, -27.125 ], [ 133.875, -26.875 ], [ 134.375, -26.875 ], [ 134.375, -26.375 ], [ 134.125, -26.375 ], [ 134.125, -26.125 ], [ 133.875, -26.125 ], [ 133.875, -26.375 ], [ 133.125, -26.375 ], [ 133.125, -26.625 ], [ 132.625, -26.625 ], [ 132.625, -26.375 ], [ 131.375, -26.375 ], [ 131.375, -26.125 ], [ 130.375, -26.125 ], [ 130.375, -25.875 ], [ 131.375, -25.875 ], [ 131.375, -25.625 ], [ 131.875, -25.625 ], [ 131.875, -25.375 ], [ 132.625, -25.375 ], [ 132.625, -25.625 ], [ 133.125, -25.625 ], [ 133.125, -25.875 ], [ 134.625, -25.875 ], [ 134.625, -26.125 ], [ 135.125, -26.125 ], [ 135.125, -26.375 ], [ 135.375, -26.375 ], [ 135.375, -26.625 ], [ 135.625, -26.625 ], [ 135.625, -26.875 ], [ 135.875, -26.875 ], [ 135.875, -27.125 ], [ 136.625, -27.125 ], [ 136.625, -27.375 ], [ 136.875, -27.375 ], [ 136.875, -27.625 ], [ 137.125, -27.625 ], [ 137.125, -27.875 ], [ 137.625, -27.875 ], [ 137.625, -28.125 ], [ 137.875, -28.125 ], [ 137.875, -28.625 ], [ 137.375, -28.625 ], [ 137.375, -28.375 ] ] ] ] } },
{ "type": "Feature", "properties": { "cluster_id": 54, "cohesion": 7.3961793821137105, "distances": { "1": 44.136700067127656, "2": 43.40251970567412, "3": 33.768863640957015, "4": 36.25399987203124, "5": 35.855656901105846, "6": 40.29594485515993, "7": 49.53436390338684, "8": 46.081727388920285, "9": 50.692181135803075, "10": 48.65325206309844, "11": 43.827217650398666, "12": 40.331210815106985, "13": 32.93610222526351, "14": 37.29511872950268, "15": 34.79012478263638, "16": 36.08877901424888, "17": 42.592829325132904, "18": 46.33765947860941, "19": 40.77908276866455, "20": 37.533622750419276, "21": 37.79921232936641, "22": 41.65679053801765, "23": 39.48158639014734, "24": 34.1143466837886, "25": 31.71523601882539, "26": 26.188434503629413, "27": 25.5017415249385, "28": 33.02618217847294, "29": 28.496471174561897, "30": 25.46765531342686, "31": 21.472252354392086, "32": 13.491881635820485, "33": 23.410128092566374, "34": 19.384730023985004, "35": 19.94382208449689, "36": 22.495172761455073, "37": 23.94866044245953, "38": 16.333925293824528, "39": 14.08201650172577, "40": 31.757600720950702, "41": 36.220489676900854, "42": 31.791585333013625, "43": 34.78606140493023, "44": 32.288604963618596, "45": 29.717539967235233, "46": 28.057162153548916, "47": 27.077648751997913, "48": 29.14469428987025, "49": 24.764741940475872, "50": 23.295329448951463, "51": 17.324362421649425, "52": 13.752738514389803, "53": 10.965647448504757, "55": 18.4914369969675, "56": 22.252852894800707, "57": 17.35150981254626, "58": 23.37348020320177, "59": 23.93983403279286, "60": 24.21088178790094, "61": 26.014149545790776, "62": 21.124889656997468, "63": 28.989621829218216, "64": 26.812492296463944, "65": 31.519034568845072, "66": 30.512171578363894, "67": 31.094225576255216, "68": 28.557123137912026, "69": 29.78140980854528, "70": 29.596064816498515, "71": 33.19017747899553, "72": 27.536570409138715, "73": 25.91017054206763, "74": 35.89165131447791, "75": 32.93369202896878, "76": 35.15434224432813, "77": 18.81529221645167, "78": 10.111781015551047, "79": 12.487277691593663, "80": 24.85236699059894, "81": 22.786851918821306, "82": 19.87887870933545, "83": 22.564434270829267, "84": 25.69788571831418, "85": 19.336020236768913, "86": 27.9742537937057, "87": 27.08372822136975, "88": 32.45114948507917, "89": 27.24312828290986, "90": 29.66289421734072, "91": 22.15528930204169, "92": 23.955662804887904 } }, "geometry": { "type": "Polygon", "coordinates": [ [ [ 133.375, -24.625 ], [ 133.375, -24.875 ], [ 132.875, -24.875 ], [ 132.875, -25.375 ], [ 132.625, -25.375 ], [ 132.625, -25.625 ], [ 133.125, -25.625 ], [ 133.125, -25.875 ], [ 134.625, -25.875 ], [ 134.625, -26.125 ], [ 135.125, -26.125 ], [ 135.125, -26.375 ], [ 135.375, -26.375 ], [ 135.375, -26.625 ], [ 135.625, -26.625 ], [ 135.625, -26.875 ], [ 135.875, -26.875 ], [ 135.875, -27.125 ], [ 136.625, -27.125 ], [ 136.625, -27.375 ], [ 136.875, -27.375 ], [ 136.875, -27.625 ], [ 137.125, -27.625 ], [ 137.125, -27.875 ], [ 137.625, -27.875 ], [ 137.625, -28.125 ], [ 137.875, -28.125 ], [ 137.875, -28.625 ], [ 138.125, -28.625 ], [ 138.125, -28.875 ], [ 138.375, -28.875 ], [ 138.375, -29.125 ], [ 138.625, -29.125 ], [ 138.625, -29.375 ], [ 139.375, -29.375 ], [ 139.375, -29.125 ], [ 140.125, -29.125 ], [ 140.125, -29.375 ], [ 140.375, -29.375 ], [ 140.375, -29.625 ], [ 141.125, -29.625 ], [ 141.125, -29.375 ], [ 140.625, -29.375 ], [ 140.625, -29.125 ], [ 140.375, -29.125 ], [ 140.375, -27.625 ], [ 140.125, -27.625 ], [ 140.125, -27.375 ], [ 139.875, -27.375 ], [ 139.875, -27.125 ], [ 139.375, -27.125 ], [ 139.375, -27.375 ], [ 138.625, -27.375 ], [ 138.625, -27.125 ], [ 138.375, -27.125 ], [ 138.375, -27.375 ], [ 137.875, -27.375 ], [ 137.875, -27.125 ], [ 137.625, -27.125 ], [ 137.625, -26.875 ], [ 137.375, -26.875 ], [ 137.375, -26.625 ], [ 137.125, -26.625 ], [ 137.125, -26.125 ], [ 136.875, -26.125 ], [ 136.875, -25.875 ], [ 136.625, -25.875 ], [ 136.625, -25.625 ], [ 136.125, -25.625 ], [ 136.125, -25.375 ], [ 135.875, -25.375 ], [ 135.875, -25.125 ], [ 135.625, -25.125 ], [ 135.625, -24.875 ], [ 134.625, -24.875 ], [ 134.625, -24.625 ], [ 133.375, -24.625 ] ] ] } },
{ "type": "Feature", "properties": { "cluster_id": 55, "cohesion": 6.6791156884839795, "distances": { "1": 43.56781427394974, "2": 42.76694627575331, "3": 32.894462909502415, "4": 33.897494911505646, "5": 34.44841338217844, "6": 38.80265149438366, "7": 50.34473944784572, "8": 47.93038782123871, "9": 52.78604001255336, "10": 51.798641968794065, "11": 45.14895899804313, "12": 44.0996210578457, "13": 36.13039943097094, "14": 37.75633431910836, "15": 40.7590486042763, "16": 42.67570372734338, "17": 45.467882076348964, "18": 50.90976551918972, "19": 46.06895777831192, "20": 42.269721265994036, "21": 40.85537470628, "22": 41.78679081425162, "23": 40.98224536199915, "24": 35.86150834789727, "25": 31.37157380720648, "26": 29.948638607639896, "27": 26.861541840749435, "28": 30.780759365840623, "29": 26.10241148528786, "30": 17.72143618082398, "31": 12.221266094260269, "32": 24.52972633675619, "33": 28.351575369051602, "34": 27.65869346244025, "35": 26.41963691037548, "36": 26.1429320344633, "37": 23.785291728375856, "38": 14.382308284351252, "39": 20.9088888280556, "40": 28.258789482004534, "41": 32.467251049398904, "42": 26.443186352294877, "43": 30.34005202713735, "44": 26.58985433690724, "45": 20.501735275167565, "46": 23.648105762671538, "47": 20.562191171494693, "48": 21.6151064358313, "49": 13.666006883334111, "50": 12.077487482320294, "51": 21.601046846100864, "52": 20.472331998834303, "53": 13.773864806277683, "54": 18.4914369969675, "56": 15.653531746558794, "57": 13.33134265704552, "58": 22.215634462626365, "59": 22.62734440953302, "60": 24.052061049382484, "61": 23.07524379106928, "62": 19.473425077621737, "63": 29.060759464607756, "64": 26.07162891487158, "65": 28.73031189950762, "66": 28.495022582085014, "67": 30.942996408524042, "68": 29.78977509804167, "69": 32.43082392279723, "70": 32.402299502032804, "71": 36.6316626492251, "72": 32.17159053235636, "73": 29.52517291529112, "74": 35.81796666628157, "75": 32.72416057387651, "76": 37.41274688980904, "77": 28.527038774068142, "78": 22.08883865393125, "79": 25.09683688504941, "80": 29.836876482943826, "81": 25.383690607957686, "82": 26.55213795879835, "83": 28.37862193671377, "84": 32.704416648227806, "85": 29.905827712089106, "86": 36.54566584493544, "87": 27.33700909674667, "88": 35.28736395365556, "89": 29.964889580743087, "90": 36.012048765850274, "91": 29.291498810080817, "92": 28.39149893303253 } }, "geometry": { "type": "Polygon", "coordinates": [ [ [ 133.875, -26.125 ], [ 133.875, -26.375 ], [ 133.125, -26.375 ], [ 133.125, -26.625 ], [ 132.625, -26.625 ], [ 132.625, -26.375 ], [ 131.875, -26.375 ], [ 131.875, -26.875 ], [ 131.625, -26.875 ], [ 131.625, -27.625 ], [ 131.375, -27.625 ], [ 131.375, -28.125 ], [ 131.875, -28.125 ], [ 131.875, -28.625 ], [ 132.125, -28.625 ], [ 132.125, -29.125 ], [ 131.375, -29.125 ], [ 131.375, -29.875 ], [ 131.625, -29.875 ], [ 131.625, -30.125 ], [ 131.875, -30.125 ], [ 131.875, -30.375 ], [ 132.125, -30.375 ], [ 132.125, -30.625 ], [ 132.375, -30.625 ], [ 132.375, -30.875 ], [ 132.875, -30.875 ], [ 132.875, -30.625 ], [ 133.125, -30.625 ], [ 133.125, -30.375 ], [ 133.375, -30.375 ], [ 133.375, -30.125 ], [ 133.875, -30.125 ], [ 133.875, -29.375 ], [ 134.125, -29.375 ], [ 134.125, -28.625 ], [ 134.375, -28.625 ], [ 134.375, -27.875 ], [ 134.625, -27.875 ], [ 134.625, -27.375 ], [ 134.125, -27.375 ], [ 134.125, -27.125 ], [ 133.875, -27.125 ], [ 133.875, -26.875 ], [ 134.375, -26.875 ], [ 134.375, -26.375 ], [ 134.125, -26.375 ], [ 134.125, -26.125 ], [ 133.875, -26.125 ] ] ] } },
{ "type": "Feature", "properties": { "cluster_id": 56, "cohesion": 6.1397084169348144, "distances": { "1": 47.36420301929384, "2": 45.72057065344649, "3": 35.90167865930483, "4": 37.33602683193634, "5": 39.05003902319867, "6": 42.65035430967112, "7": 51.739972367255454, "8": 48.98784163801142, "9": 53.54519371708417, "10": 52.14023310115186, "11": 46.61446858002008, "12": 44.361996672981164, "13": 37.44173900659486, "14": 39.984654940691655, "15": 40.362558015855164, "16": 42.13205926739044, "17": 45.877342728732096, "18": 50.57550305340403, "19": 45.718664163099824, "20": 42.34532089235048, "21": 41.30441495540603, "22": 42.78343329728849, "23": 41.97952173715046, "24": 36.25052559192355, "25": 31.158406530183917, "26": 33.61162594224119, "27": 31.455105191967693, "28": 36.56601264688523, "29": 32.78605779328378, "30": 26.955219832840253, "31": 21.685998274833693, "32": 28.47187136596048, "33": 32.195827144969115, "34": 31.193369421036888, "35": 31.34401403561781, "36": 31.066765396330997, "37": 29.924047585376538, "38": 21.931524494905016, "39": 25.788857510638255, "40": 30.588566013481348, "41": 34.110628796534805, "42": 22.005691577386504, "43": 29.508148254408344, "44": 26.1294435660189, "45": 16.289320660140095, "46": 16.124135129341106, "47": 11.806216680530396, "48": 23.31285615948453, "49": 21.36299520347884, "50": 12.313384845674008, "51": 18.21438605117839, "52": 19.873718146224494, "53": 19.157870563259568, "54": 22.252852894800707, "55": 15.653531746558796, "57": 10.502494294955579, "58": 19.293601385468115, "59": 24.14401990251338, "60": 19.36897760740817, "61": 15.724052810908335, "62": 11.202662113861031, "63": 32.464333639617784, "64": 29.830354052697462, "65": 32.03555178002811, "66": 32.671101310851796, "67": 33.41987705926263, "68": 32.81624014054573, "69": 34.72803284457632, "70": 34.34413972575994, "71": 38.58600580926792, "72": 34.512901488276576, "73": 30.822681720082077, "74": 39.65227190972056, "75": 35.05277404430849, "76": 39.134343181914716, "77": 30.24591686871535, "78": 23.63337731748481, "79": 27.322388943113367, "80": 32.610639033063755, "81": 29.301962685659575, "82": 30.283899325211003, "83": 31.203864488962562, "84": 33.819095065058335, "85": 29.57065243074473, "86": 35.63007948129159, "87": 29.002263324374557, "88": 35.72263439947858, "89": 29.08415562555131, "90": 35.12645816081847, "91": 27.420467132306097, "92": 26.34058335326466 } }, "geometry": { "type": "Polygon", "coordinates": [ [ [ 125.875, -26.125 ], [ 125.875, -26.375 ], [ 125.375, -26.375 ], [ 125.375, -26.625 ], [ 124.375, -26.625 ], [ 124.375, -26.875 ], [ 123.875, -26.875 ], [ 123.875, -27.125 ], [ 123.125, -27.125 ], [ 123.125, -26.875 ], [ 122.375, -26.875 ], [ 122.375, -27.125 ], [ 122.125, -27.125 ], [ 122.125, -27.375 ], [ 122.375, -27.375 ], [ 122.375, -27.625 ], [ 122.625, -27.625 ], [ 122.625, -27.875 ], [ 123.625, -27.875 ], [ 123.625, -28.125 ], [ 125.875, -28.125 ], [ 125.875, -28.375 ], [ 126.125, -28.375 ], [ 126.125, -28.625 ], [ 127.125, -28.625 ], [ 127.125, -28.125 ], [ 129.125, -28.125 ], [ 129.125, -27.375 ], [ 128.875, -27.375 ], [ 128.875, -26.625 ], [ 128.625, -26.625 ], [ 128.625, -26.375 ], [ 127.625, -26.375 ], [ 127.625, -26.125 ], [ 126.875, -26.125 ], [ 126.875, -26.375 ], [ 126.375, -26.375 ], [ 126.375, -26.125 ], [ 125.875, -26.125 ] ] ] } },
{ "type": "Feature", "properties": { "cluster_id": 57, "cohesion": 6.5517850092667391, "distances": { "1": 44.51791564035283, "2": 43.061607988459485, "3": 33.371494471097115, "4": 35.25870684295363, "5": 36.37100176300913, "6": 40.06630215971162, "7": 48.962209162971604, "8": 46.03565624353299, "9": 50.526214072161295, "10": 48.89047631420225, "11": 43.58463627362989, "12": 40.903338995392986, "13": 34.02462790232106, "14": 37.083118815172696, "15": 36.266084947730654, "16": 37.97617323960411, "17": 42.86223827052968, "18": 46.97085948070252, "19": 41.84058330574828, "20": 38.74711577432407, "21": 38.6043350321968, "22": 40.27342400032709, "23": 39.183943613966264, "24": 33.92154722798461, "25": 29.24433953413899, "26": 30.420861971127206, "27": 28.791515214310365, "28": 34.54955323440438, "29": 30.56962801738061, "30": 25.01492822933762, "31": 19.910180181803565, "32": 23.959798834402676, "33": 28.990571227244462, "34": 27.270253281659734, "35": 27.688868832727824, "36": 27.91855379243927, "37": 27.359211337975992, "38": 18.850000230771997, "39": 21.681597184760125, "40": 29.10178233636492, "41": 32.9118305316472, "42": 23.800279298416317, "43": 29.287064063250057, "44": 26.445891575036786, "45": 20.0796485918995, "46": 19.436576224174942, "47": 16.670487299356225, "48": 23.52824517810954, "49": 20.211102838750985, "50": 13.320597056901002, "51": 13.85668590997421, "52": 14.360644000373599, "53": 14.742271051146133, "54": 17.35150981254626, "55": 13.331342657045518, "56": 10.502494294955579, "58": 20.39867319315916, "59": 23.521181549073297, "60": 19.70321198301136, "61": 18.576255465973848, "62": 12.766140359617335, "63": 29.914088444119677, "64": 27.73987176426345, "65": 30.308908574723247, "66": 30.505974055802863, "67": 31.15738660096277, "68": 30.338416852838144, "69": 31.598857755437596, "70": 31.419129297371338, "71": 35.65968649592475, "72": 31.37893680993236, "73": 27.66123812060116, "74": 37.41344226068843, "75": 32.88692730993043, "76": 36.47860592142461, "77": 25.61343879403633, "78": 18.708196861118203, "79": 22.39573231084364, "80": 29.423722193598234, "81": 26.884870187491913, "82": 26.61894177344849, "83": 27.153361084127805, "84": 29.539595759023456, "85": 24.6081339950358, "86": 30.96639286236592, "87": 27.16161989654024, "88": 33.23614019434659, "89": 26.957631876218013, "90": 31.058923021695946, "91": 22.776987070346692, "92": 23.223681834388984 } }, "geometry": { "type": "Polygon", "coordinates": [ [ [ 127.375, -25.625 ], [ 127.375, -25.875 ], [ 127.625, -25.875 ], [ 127.625, -26.375 ], [ 128.625, -26.375 ], [ 128.625, -26.625 ], [ 128.875, -26.625 ], [ 128.875, -27.375 ], [ 129.125, -27.375 ], [ 129.125, -28.125 ], [ 129.625, -28.125 ], [ 129.625, -27.875 ], [ 130.125, -27.875 ], [ 130.125, -27.625 ], [ 129.875, -27.625 ], [ 129.875, -26.875 ], [ 130.375, -26.875 ], [ 130.375, -26.625 ], [ 130.875, -26.625 ], [ 130.875, -26.875 ], [ 131.875, -26.875 ], [ 131.875, -26.375 ], [ 131.375, -26.375 ], [ 131.375, -26.125 ], [ 130.375, -26.125 ], [ 130.375, -25.875 ], [ 130.625, -25.875 ], [ 130.625, -25.625 ], [ 130.125, -25.625 ], [ 130.125, -25.875 ], [ 129.875, -25.875 ], [ 129.875, -25.625 ], [ 127.375, -25.625 ] ] ] } },
{ "type": "Feature", "properties": { "cluster_id": 58, "cohesion": 6.7077737110313507, "distances": { "1": 40.68277139436427, "2": 38.95225229183438, "3": 30.034516047501814, "4": 31.60504990785226, "5": 32.68654370174816, "6": 36.59055801992426, "7": 44.80034135994982, "8": 41.88578407237833, "9": 46.36221753855883, "10": 44.957782501933025, "11": 39.883060305308845, "12": 37.90763589945116, "13": 31.4521346919535, "14": 33.66610128104558, "15": 34.29721870579866, "16": 36.56087966151514, "17": 38.8861589002377, "18": 43.96892080332624, "19": 39.36081281338079, "20": 35.16767283048681, "21": 32.825717233024044, "22": 36.86303512324693, "23": 35.387637474093125, "24": 29.003166535459997, "25": 26.205946702575595, "26": 27.67716006426517, "27": 28.433522357857736, "28": 31.727481664473512, "29": 29.987184834968073, "30": 27.13576846920262, "31": 25.514432805032648, "32": 26.322626837602805, "33": 26.82857682365399, "34": 26.60721730263887, "35": 27.840370487748395, "36": 28.41463761941992, "37": 28.72571822295706, "38": 25.190315391567545, "39": 26.46558445982187, "40": 28.762505771741186, "41": 31.419974667162855, "42": 23.39675433154973, "43": 28.685213497237424, "44": 27.28476604296886, "45": 23.184354347296484, "46": 16.746860613729027, "47": 19.227314702037383, "48": 25.362494119669716, "49": 24.470146705190782, "50": 22.590471460032898, "51": 20.40893363437783, "52": 21.620521869674384, "53": 22.454950962429333, "54": 23.373480203201765, "55": 22.21563446262636, "56": 19.29360138546812, "57": 20.39867319315916, "59": 12.901355439724217, "60": 13.868465790872484, "61": 12.305997774314987, "62": 16.659732418316587, "63": 26.478961601801892, "64": 24.179323606163482, "65": 26.74154302544637, "66": 26.922025863321217, "67": 26.2597962821533, "68": 25.739923954819112, "69": 27.98781335901089, "70": 26.39546840461886, "71": 30.311465886686648, "72": 26.823927131813416, "73": 23.322734949136322, "74": 32.67893047282163, "75": 28.57060925396909, "76": 31.1923768860137, "77": 26.345343910188763, "78": 23.102767282788314, "79": 25.402219193524328, "80": 25.419699836516955, "81": 22.80036415691297, "82": 24.89967469726532, "83": 25.987049846840012, "84": 28.700545545661775, "85": 26.64908052185784, "86": 31.352478225460967, "87": 19.432369532841165, "88": 26.5626998654132, "89": 20.982338456273364, "90": 29.368254764436475, "91": 24.702007055762795, "92": 21.612583270975303 } }, "geometry": { "type": "Polygon", "coordinates": [ [ [ 113.125, -24.375 ], [ 113.125, -24.875 ], [ 113.375, -24.875 ], [ 113.375, -25.375 ], [ 113.625, -25.375 ], [ 113.625, -25.875 ], [ 113.875, -25.875 ], [ 113.875, -26.125 ], [ 113.625, -26.125 ], [ 113.625, -26.375 ], [ 113.375, -26.375 ], [ 113.375, -27.125 ], [ 113.625, -27.125 ], [ 113.625, -27.875 ], [ 113.875, -27.875 ], [ 113.875, -28.125 ], [ 115.375, -28.125 ], [ 115.375, -27.875 ], [ 116.625, -27.875 ], [ 116.625, -26.625 ], [ 116.375, -26.625 ], [ 116.375, -25.875 ], [ 116.125, -25.875 ], [ 116.125, -25.625 ], [ 115.875, -25.625 ], [ 115.875, -25.375 ], [ 115.625, -25.375 ], [ 115.625, -25.625 ], [ 115.125, -25.625 ], [ 115.125, -25.375 ], [ 114.625, -25.375 ], [ 114.625, -25.125 ], [ 114.375, -25.125 ], [ 114.375, -24.875 ], [ 113.875, -24.875 ], [ 113.875, -24.625 ], [ 113.625, -24.625 ], [ 113.625, -24.375 ], [ 113.125, -24.375 ] ] ] } },
{ "type": "Feature", "properties": { "cluster_id": 59, "cohesion": 8.1167894613009128, "distances": { "1": 35.32564385584121, "2": 34.32141268488757, "3": 26.732484192184156, "4": 27.928118512083145, "5": 27.090862263002712, "6": 31.667225625209856, "7": 40.758113642614354, "8": 38.062045546257835, "9": 42.83287042027306, "10": 41.84925594068181, "11": 36.58939583100212, "12": 35.64790197043746, "13": 29.295783157722465, "14": 30.476402696458, "15": 32.45418225887856, "16": 35.33960864910133, "17": 35.20857959571272, "18": 41.679127963914844, "19": 37.29496620130875, "20": 32.217445064128526, "21": 28.52851179091105, "22": 33.51498298051692, "23": 31.656938962893335, "24": 25.39554149258402, "25": 24.434392575867253, "26": 24.27508772282436, "27": 24.925608598524985, "28": 26.372811253634076, "29": 25.272118674249004, "30": 23.180942275385256, "31": 23.530229759063776, "32": 25.6013532909473, "33": 24.61813017232577, "34": 25.694774461791937, "35": 25.624555885551253, "36": 25.57120121236896, "37": 25.295846450036517, "38": 23.84678658614757, "39": 25.466773838207605, "40": 25.876525877074368, "41": 28.70626985559816, "42": 26.830937018037453, "43": 28.766296084623193, "44": 27.147627812749736, "45": 26.145883708283787, "46": 23.282307330780732, "47": 24.383065043371804, "48": 24.790189924434728, "49": 22.736774997687498, "50": 24.96636920930701, "51": 22.59056711421923, "52": 23.85720497804026, "53": 22.79437095556854, "54": 23.939834032792863, "55": 22.627344409533013, "56": 24.14401990251338, "57": 23.521181549073294, "58": 12.901355439724218, "60": 16.002858240375282, "61": 19.42890532695342, "62": 21.472611003082974, "63": 23.76579522745859, "64": 22.006958558959138, "65": 25.06230718193281, "66": 23.1038387231227, "67": 24.891775090826297, "68": 23.98274450129476, "69": 25.816292148249946, "70": 24.60960379185083, "71": 27.133706882108307, "72": 24.62649898839623, "73": 21.272862022182274, "74": 27.595179027493398, "75": 24.96179338398738, "76": 27.51937536788488, "77": 26.14264475422572, "78": 24.327826025060364, "79": 25.73060085374003, "80": 24.258119830610735, "81": 21.786542621516517, "82": 23.756428472034433, "83": 24.563189605237234, "84": 27.632957041936688, "85": 27.446755284273834, "86": 31.355606517344615, "87": 12.819541141435856, "88": 21.977563625634744, "89": 17.93981440141343, "90": 27.97467661748584, "91": 25.163674193203597, "92": 21.19475918692246 } }, "geometry": { "type": "Polygon", "coordinates": [ [ [ 115.875, -20.625 ], [ 115.875, -20.875 ], [ 115.625, -20.875 ], [ 115.625, -21.125 ], [ 115.125, -21.125 ], [ 115.125, -21.375 ], [ 114.625, -21.375 ], [ 114.625, -21.625 ], [ 114.375, -21.625 ], [ 114.375, -21.875 ], [ 113.875, -21.875 ], [ 113.875, -22.125 ], [ 113.625, -22.125 ], [ 113.625, -22.375 ], [ 113.375, -22.375 ], [ 113.375, -23.625 ], [ 113.125, -23.625 ], [ 113.125, -24.375 ], [ 113.625, -24.375 ], [ 113.625, -24.625 ], [ 113.875, -24.625 ], [ 113.875, -24.875 ], [ 114.375, -24.875 ], [ 114.375, -25.125 ], [ 114.625, -25.125 ], [ 114.625, -25.375 ], [ 115.125, -25.375 ], [ 115.125, -25.625 ], [ 115.625, -25.625 ], [ 115.625, -25.375 ], [ 115.875, -25.375 ], [ 115.875, -25.625 ], [ 116.375, -25.625 ], [ 116.375, -25.375 ], [ 116.625, -25.375 ], [ 116.625, -25.125 ], [ 116.875, -25.125 ], [ 116.875, -24.625 ], [ 117.625, -24.625 ], [ 117.625, -24.375 ], [ 117.875, -24.375 ], [ 117.875, -24.125 ], [ 118.125, -24.125 ], [ 118.125, -23.875 ], [ 117.875, -23.875 ], [ 117.875, -23.625 ], [ 117.625, -23.625 ], [ 117.625, -23.375 ], [ 117.375, -23.375 ], [ 117.375, -22.875 ], [ 117.125, -22.875 ], [ 117.125, -22.625 ], [ 116.625, -22.625 ], [ 116.625, -22.375 ], [ 116.375, -22.375 ], [ 116.375, -22.125 ], [ 116.125, -22.125 ], [ 116.125, -21.125 ], [ 116.375, -21.125 ], [ 116.375, -20.625 ], [ 115.875, -20.625 ] ] ] } },
{ "type": "Feature", "properties": { "cluster_id": 60, "cohesion": 8.10687343078129, "distances": { "1": 40.89955502693178, "2": 39.17672841544051, "3": 31.491121763542072, "4": 33.79550124405353, "5": 33.52352255971382, "6": 37.3874408233728, "7": 43.438659890635385, "8": 40.031887859200204, "9": 44.59778258880695, "10": 42.915354387879724, "11": 39.59877321650269, "12": 36.840233648350534, "13": 31.87026796394165, "14": 34.40647350378519, "15": 30.88461959354181, "16": 34.60983286254669, "17": 35.73436282819945, "18": 41.673477413135, "19": 36.63759365612411, "20": 31.30982538137265, "21": 29.11549278650457, "22": 35.71671013294122, "23": 33.393197321698025, "24": 26.508819488582528, "25": 25.28050613985571, "26": 28.273449474070322, "27": 28.640261920127646, "28": 32.73042690888417, "29": 30.64587422845393, "30": 28.934659593527694, "31": 26.36818854961808, "32": 28.00378650242525, "33": 28.846557211710344, "34": 29.26934685907462, "35": 29.571184649182843, "36": 28.916252042810132, "37": 28.84644560675178, "38": 25.050153783088017, "39": 26.75374393337845, "40": 30.480055180122886, "41": 32.46679528236375, "42": 25.066634664950143, "43": 29.990789238304693, "44": 29.3488904697708, "45": 25.756120912130076, "46": 18.78099259216594, "47": 19.763841026098895, "48": 28.69156593141409, "49": 27.59092584235088, "50": 24.954875923593328, "51": 15.761887281550472, "52": 20.746277234359134, "53": 22.75170084039717, "54": 24.21088178790094, "55": 24.052061049382484, "56": 19.36897760740817, "57": 19.70321198301136, "58": 13.868465790872486, "59": 16.002858240375282, "61": 13.525807761234017, "62": 13.22666181797078, "63": 28.969232351762788, "64": 27.817895781132908, "65": 31.04272960526622, "66": 29.348685992151285, "67": 30.592240420895862, "68": 29.395175228207965, "69": 29.863107071694206, "70": 29.29932961225925, "71": 31.106701557571995, "72": 28.946118118705556, "73": 24.23219052174491, "74": 32.9663770966124, "75": 29.28645663707303, "76": 31.05659395713616, "77": 28.031581093936182, "78": 23.742623948395423, "79": 26.773533498689467, "80": 29.188236786140717, "81": 27.429736995080432, "82": 28.274174022731508, "83": 28.26264218284359, "84": 29.29711076000029, "85": 25.76084317349752, "86": 29.337310941055932, "87": 18.29398955355745, "88": 22.26742766326565, "89": 15.022104315971536, "90": 24.818220076810853, "91": 19.910827127424298, "92": 14.890800334362291 } }, "geometry": { "type": "Polygon", "coordinates": [ [ [ 119.125, -23.125 ], [ 119.125, -24.125 ], [ 117.875, -24.125 ], [ 117.875, -24.375 ], [ 117.625, -24.375 ], [ 117.625, -24.625 ], [ 116.875, -24.625 ], [ 116.875, -25.125 ], [ 116.625, -25.125 ], [ 116.625, -25.375 ], [ 116.375, -25.375 ], [ 116.375, -25.625 ], [ 116.125, -25.625 ], [ 116.125, -25.875 ], [ 116.375, -25.875 ], [ 116.375, -26.625 ], [ 116.625, -26.625 ], [ 116.625, -26.875 ], [ 117.375, -26.875 ], [ 117.375, -26.625 ], [ 117.625, -26.625 ], [ 117.625, -26.375 ], [ 118.125, -26.375 ], [ 118.125, -26.625 ], [ 118.375, -26.625 ], [ 118.375, -26.875 ], [ 118.875, -26.875 ], [ 118.875, -26.625 ], [ 119.375, -26.625 ], [ 119.375, -26.375 ], [ 119.625, -26.375 ], [ 119.625, -26.125 ], [ 120.375, -26.125 ], [ 120.375, -25.625 ], [ 120.625, -25.625 ], [ 120.625, -25.375 ], [ 120.875, -25.375 ], [ 120.875, -25.125 ], [ 122.875, -25.125 ], [ 122.875, -24.875 ], [ 124.625, -24.875 ], [ 124.625, -24.375 ], [ 123.125, -24.375 ], [ 123.125, -23.875 ], [ 121.875, -23.875 ], [ 121.875, -23.625 ], [ 121.625, -23.625 ], [ 121.625, -23.375 ], [ 121.125, -23.375 ], [ 121.125, -23.625 ], [ 120.125, -23.625 ], [ 120.125, -23.125 ], [ 119.125, -23.125 ] ] ] } },
{ "type": "Feature", "properties": { "cluster_id": 61, "cohesion": 6.6606489466712189, "distances": { "1": 42.94920744232563, "2": 40.76511772832966, "3": 32.19882468909748, "4": 33.84388808086758, "5": 35.524761795213074, "6": 38.72381510054778, "7": 45.787109549739945, "8": 42.94804518805387, "9": 47.19689830627864, "10": 45.788205122034526, "11": 41.09962449760186, "12": 38.85549219915189, "13": 33.12888154290693, "14": 35.420207394835614, "15": 35.27178936848518, "16": 37.28021059606758, "17": 39.99255540893264, "18": 44.472574917558234, "19": 40.085766027067386, "20": 36.6759669068374, "21": 35.10638400128163, "22": 37.48094993342985, "23": 36.52223776532597, "24": 30.781030989111965, "25": 26.54348555642346, "26": 32.15301963223777, "27": 32.35882152355488, "28": 35.74129433662331, "29": 33.93119436997011, "30": 30.249075266851086, "31": 27.619104491411584, "32": 30.37459794656227, "33": 31.784714256930947, "34": 31.289346961331162, "35": 32.72690068640182, "36": 32.74619831870014, "37": 32.45783310348466, "38": 27.691490532359797, "39": 29.65365284098037, "40": 28.38376828786297, "41": 30.201748387215915, "42": 17.444829342232655, "43": 25.299946256027052, "44": 24.3368266755136, "45": 18.757978462093728, "46": 9.331871791644025, "47": 12.527873120639951, "48": 24.27545432107537, "49": 25.667066060995438, "50": 20.74265690571439, "51": 20.17399464404734, "52": 21.84481639801276, "53": 24.586321354484678, "54": 26.014149545790776, "55": 23.07524379106928, "56": 15.724052810908335, "57": 18.576255465973848, "58": 12.305997774314987, "59": 19.428905326953423, "60": 13.525807761234018, "62": 13.912523704469539, "63": 29.639952657576785, "64": 27.83708302436935, "65": 29.599851615999615, "66": 29.927798424177485, "67": 29.81668417920248, "68": 29.760231716682124, "69": 30.970874033089654, "70": 30.103319310486462, "71": 34.00396003334816, "72": 31.22525020581836, "73": 26.560652567151077, "74": 36.53313994247773, "75": 31.280854801108465, "76": 34.36198125776667, "77": 29.236432116278987, "78": 25.24391123284918, "79": 28.298544206306914, "80": 30.193538600511364, "81": 28.0237996416927, "82": 29.68523643733478, "83": 29.420253597545816, "84": 30.88604654781681, "85": 28.036487309956645, "86": 32.10071254536484, "87": 23.51732193699299, "88": 29.69233849962688, "89": 23.51935852553685, "90": 30.627884504183637, "91": 25.32822638491912, "92": 23.075275998297453 } }, "geometry": { "type": "Polygon", "coordinates": [ [ [ 119.625, -26.125 ], [ 119.625, -26.375 ], [ 119.375, -26.375 ], [ 119.375, -26.625 ], [ 118.875, -26.625 ], [ 118.875, -26.875 ], [ 118.375, -26.875 ], [ 118.375, -26.625 ], [ 118.125, -26.625 ], [ 118.125, -26.375 ], [ 117.625, -26.375 ], [ 117.625, -26.625 ], [ 117.375, -26.625 ], [ 117.375, -26.875 ], [ 116.625, -26.875 ], [ 116.625, -27.875 ], [ 115.375, -27.875 ], [ 115.375, -28.125 ], [ 114.125, -28.125 ], [ 114.125, -28.625 ], [ 114.375, -28.625 ], [ 114.375, -28.875 ], [ 114.625, -28.875 ], [ 114.625, -29.125 ], [ 114.875, -29.125 ], [ 114.875, -29.625 ], [ 115.125, -29.625 ], [ 115.125, -30.125 ], [ 115.625, -30.125 ], [ 115.625, -29.875 ], [ 115.875, -29.875 ], [ 115.875, -29.375 ], [ 116.125, -29.375 ], [ 116.125, -29.625 ], [ 116.375, -29.625 ], [ 116.375, -29.375 ], [ 116.625, -29.375 ], [ 116.625, -28.375 ], [ 117.125, -28.375 ], [ 117.125, -28.625 ], [ 117.375, -28.625 ], [ 117.375, -28.875 ], [ 118.125, -28.875 ], [ 118.125, -28.625 ], [ 118.375, -28.625 ], [ 118.375, -28.375 ], [ 118.625, -28.375 ], [ 118.625, -28.125 ], [ 118.875, -28.125 ], [ 118.875, -27.875 ], [ 119.125, -27.875 ], [ 119.125, -27.625 ], [ 119.375, -27.625 ], [ 119.375, -27.125 ], [ 119.625, -27.125 ], [ 119.625, -26.875 ], [ 120.625, -26.875 ], [ 120.625, -26.125 ], [ 119.625, -26.125 ] ] ] } },
{ "type": "Feature", "properties": { "cluster_id": 62, "cohesion": 6.7610640230242138, "distances": { "1": 45.89020713414093, "2": 44.27605581934023, "3": 35.1434787341221, "4": 37.24019939915485, "5": 37.9425484537532, "6": 41.81257809835498, "7": 49.25765515819195, "8": 46.041464672744056, "9": 50.51320010140349, "10": 48.68704421351171, "11": 44.5430315753799, "12": 41.4102100718967, "13": 35.420865747465754, "14": 38.58331409077899, "15": 35.73514727286796, "16": 38.371894324142666, "17": 42.09617350544983, "18": 46.83376785465149, "19": 41.631860799330966, "20": 37.43334636723069, "21": 36.52167776490117, "22": 40.78018107124595, "23": 39.14396506814596, "24": 32.76055415560623, "25": 29.399901070805615, "26": 30.69544024870283, "27": 29.578438609858267, "28": 35.43830974922419, "29": 31.938150635615678, "30": 28.560122892773805, "31": 23.673372724629132, "32": 26.8049997196275, "33": 29.987082615359174, "34": 29.32212975438717, "35": 29.583257256285933, "36": 29.09780957660979, "37": 28.739737021501757, "38": 21.89260212239313, "39": 24.46055827559105, "40": 32.251419313740186, "41": 35.008476066673076, "42": 24.261608126029213, "43": 30.993061907544657, "44": 29.376245030257778, "45": 22.382966178135227, "46": 17.142261711723155, "47": 15.387286482496823, "48": 27.758971103549005, "49": 25.755225524171905, "50": 19.35291751195257, "51": 12.713056166543945, "52": 17.816383047619368, "53": 18.806252765169585, "54": 21.12488965699747, "55": 19.473425077621737, "56": 11.202662113861031, "57": 12.766140359617335, "58": 16.659732418316587, "59": 21.47261100308297, "60": 13.22666181797078, "61": 13.912523704469539, "63": 31.766430868130342, "64": 29.739480388031744, "65": 32.75044221464196, "66": 32.46106243231137, "67": 32.88940642283463, "68": 31.85056210714904, "69": 33.05203165312849, "70": 32.399448804746896, "71": 35.33729600175427, "72": 31.761344827551575, "73": 27.738686637132954, "74": 37.14485853730313, "75": 32.87921949351533, "76": 35.72121417188326, "77": 28.271354346309955, "78": 21.675530815066857, "79": 25.526204803757064, "80": 30.83948903901591, "81": 28.408441716022732, "82": 28.81124637270541, "83": 29.670442769986103, "84": 31.34888515759877, "85": 26.133898080730372, "86": 31.665067100836186, "87": 25.385301559478336, "88": 30.215466310616723, "89": 22.839694630622155, "90": 29.559849178325127, "91": 21.682442098631974, "92": 19.153217750846327 } }, "geometry": { "type": "Polygon", "coordinates": [ [ [ 122.875, -24.875 ], [ 122.875, -25.125 ], [ 120.875, -25.125 ], [ 120.875, -25.375 ], [ 120.625, -25.375 ], [ 120.625, -25.625 ], [ 120.375, -25.625 ], [ 120.375, -26.125 ], [ 120.625, -26.125 ], [ 120.625, -26.375 ], [ 121.125, -26.375 ], [ 121.125, -26.125 ], [ 121.625, -26.125 ], [ 121.625, -26.625 ], [ 121.875, -26.625 ], [ 121.875, -26.875 ], [ 123.125, -26.875 ], [ 123.125, -27.125 ], [ 123.875, -27.125 ], [ 123.875, -26.875 ], [ 124.375, -26.875 ], [ 124.375, -26.625 ], [ 125.375, -26.625 ], [ 125.375, -26.375 ], [ 125.875, -26.375 ], [ 125.875, -26.125 ], [ 126.375, -26.125 ], [ 126.375, -26.375 ], [ 126.875, -26.375 ], [ 126.875, -26.125 ], [ 127.625, -26.125 ], [ 127.625, -25.875 ], [ 127.375, -25.875 ], [ 127.375, -25.625 ], [ 125.875, -25.625 ], [ 125.875, -25.375 ], [ 125.625, -25.375 ], [ 125.625, -25.125 ], [ 124.625, -25.125 ], [ 124.625, -24.875 ], [ 122.875, -24.875 ] ] ] } },
{ "type": "Feature", "properties": { "cluster_id": 63, "cohesion": 6.049578027757919, "distances": { "1": 26.97317827192793, "2": 23.234475269632295, "3": 11.108764684613432, "4": 17.153022979238916, "5": 20.048748852670354, "6": 21.84045862709451, "7": 32.44588850925102, "8": 30.531867809717568, "9": 34.038143291109165, "10": 33.14844841036575, "11": 23.842175793035207, "12": 24.809489981110122, "13": 15.717376730409184, "14": 15.083547311975686, "15": 28.58632807263389, "16": 28.201019828748894, "17": 30.26470988386398, "18": 33.458622904706296, "19": 30.946649162531877, "20": 29.185680845013252, "21": 28.81554638608048, "22": 26.8138766560548, "23": 25.977845334692343, "24": 24.630113133844954, "25": 22.15744687523183, "26": 28.454567022656057, "27": 30.40226445152816, "28": 29.127115581931896, "29": 30.06341499929498, "30": 27.57117066404134, "31": 30.667187325888534, "32": 27.682795187963595, "33": 27.1133241321003, "34": 25.307586446008457, "35": 27.919153920252427, "36": 30.738416648464433, "37": 31.921957329844258, "38": 31.851375480161096, "39": 31.16813781714422, "40": 25.209658623525254, "41": 26.918431539418002, "42": 29.748796912646043, "43": 28.063265746772245, "44": 27.82234200834921, "45": 31.705396797656302, "46": 30.471454381150586, "47": 32.280882365921, "48": 27.00530819421178, "49": 26.222953984659416, "50": 30.47151334336334, "51": 29.6495190741188, "52": 27.918090887226175, "53": 30.070261352968362, "54": 28.989621829218216, "55": 29.060759464607756, "56": 32.464333639617784, "57": 29.914088444119677, "58": 26.478961601801895, "59": 23.76579522745859, "60": 28.969232351762788, "61": 29.639952657576785, "62": 31.766430868130346, "64": 10.03174260043381, "65": 14.032159299633387, "66": 11.975330105598912, "67": 17.204348462470303, "68": 11.838191003258066, "69": 11.660223139945199, "70": 20.390944990067293, "71": 26.75067342648359, "72": 25.23950817404408, "73": 20.90255298150478, "74": 29.72664815482577, "75": 26.133106935104706, "76": 28.359528688601415, "77": 23.37810544743146, "78": 27.962708771601488, "79": 26.637663855165084, "80": 22.1765601884859, "81": 17.505575997877262, "82": 20.365712067460308, "83": 16.626700008148063, "84": 20.001268806179684, "85": 27.03377560569323, "86": 27.63966799317882, "87": 22.54950147265333, "88": 27.808626606118743, "89": 27.289645636178527, "90": 28.138518535008217, "91": 28.143760235685544, "92": 28.70352104121202 } }, "geometry": { "type": "MultiPolygon", "coordinates": [ [ [ [ 144.375, -21.375 ], [ 144.375, -21.625 ], [ 144.875, -21.625 ], [ 144.875, -22.125 ], [ 145.625, -22.125 ], [ 145.625, -22.375 ], [ 145.875, -22.375 ], [ 145.875, -23.125 ], [ 146.125, -23.125 ], [ 146.125, -23.625 ], [ 146.375, -23.625 ], [ 146.375, -24.125 ], [ 145.625, -24.125 ], [ 145.625, -23.875 ], [ 145.125, -23.875 ], [ 145.125, -23.625 ], [ 144.875, -23.625 ], [ 144.875, -23.375 ], [ 144.625, -23.375 ], [ 144.625, -23.125 ], [ 143.875, -23.125 ], [ 143.875, -22.375 ], [ 143.625, -22.375 ], [ 143.625, -21.625 ], [ 143.875, -21.625 ], [ 143.875, -21.375 ], [ 144.375, -21.375 ] ] ], [ [ [ 146.125, -19.875 ], [ 146.125, -20.125 ], [ 144.625, -20.125 ], [ 144.625, -19.875 ], [ 146.125, -19.875 ] ] ] ] } },
{ "type": "Feature", "properties": { "cluster_id": 64, "cohesion": 7.6186080239697391, "distances": { "1": 29.640540622862783, "2": 26.69134978925007, "3": 14.740822028456321, "4": 18.415419286402457, "5": 21.69550503217224, "6": 24.20720909289345, "7": 36.02223633505707, "8": 34.2063983964618, "9": 38.24285207888525, "10": 37.55784538220303, "11": 28.616782957630555, "12": 29.569817885152855, "13": 20.743543673287117, "14": 20.24150419830474, "15": 31.680949343726628, "16": 31.82135227307445, "17": 33.59024594133881, "18": 37.78547491847761, "19": 34.695644971300084, "20": 32.270460025382285, "21": 31.15600132292868, "22": 29.299560257358348, "23": 28.801200417388493, "24": 26.286727562053247, "25": 22.9100337677803, "26": 27.464360427350545, "27": 28.653938077500452, "28": 27.962609953811583, "29": 28.156435931320278, "30": 24.965441645709518, "31": 27.685811155453397, "32": 25.847182852460662, "33": 25.32068666504631, "34": 23.78944609135587, "35": 25.879333847492816, "36": 28.673046671833575, "37": 29.650305669789354, "38": 29.03202748742051, "39": 28.746732854983723, "40": 25.12082298164007, "41": 27.14771027902186, "42": 28.414300770985562, "43": 27.58661970876777, "44": 26.995385916421448, "45": 29.38332499154235, "46": 28.605998768588044, "47": 30.115246896702168, "48": 25.31907110790374, "49": 23.579421227700468, "50": 27.660792918824725, "51": 28.59144842440461, "52": 26.876040729474212, "53": 27.460897956829918, "54": 26.812492296463944, "55": 26.07162891487158, "56": 29.830354052697455, "57": 27.73987176426345, "58": 24.179323606163475, "59": 22.006958558959138, "60": 27.817895781132904, "61": 27.837083024369345, "62": 29.73948038803174, "63": 10.03174260043381, "65": 11.94377266298063, "66": 12.52398812727207, "67": 16.046546092850768, "68": 11.895015857690101, "69": 15.706392137311608, "70": 20.317285831480064, "71": 27.242433880621814, "72": 24.487740133842692, "73": 21.31092735579347, "74": 29.73251909581713, "75": 26.506562574147104, "76": 29.21172356978379, "77": 23.642709351748945, "78": 26.63033570331231, "79": 25.604452223687343, "80": 20.86077823377038, "81": 15.390877384665185, "82": 19.389346753881373, "83": 18.213251850277008, "84": 22.728032017041475, "85": 27.62764640812116, "86": 29.832181372586405, "87": 22.606484852178838, "88": 29.129522130014113, "89": 27.71175307335639, "90": 30.19299644812336, "91": 28.81262327963637, "92": 28.89956578429866 } }, "geometry": { "type": "MultiPolygon", "coordinates": [ [ [ [ 150.375, -23.625 ], [ 150.375, -23.875 ], [ 150.625, -23.875 ], [ 150.625, -24.375 ], [ 150.375, -24.375 ], [ 150.375, -24.125 ], [ 150.125, -24.125 ], [ 150.125, -23.625 ], [ 150.375, -23.625 ] ] ], [ [ [ 149.875, -23.625 ], [ 149.875, -23.375 ], [ 149.125, -23.375 ], [ 149.125, -23.625 ], [ 147.875, -23.625 ], [ 147.875, -24.125 ], [ 147.375, -24.125 ], [ 147.375, -23.875 ], [ 147.125, -23.875 ], [ 147.125, -23.375 ], [ 146.875, -23.375 ], [ 146.875, -22.875 ], [ 146.625, -22.875 ], [ 146.625, -22.625 ], [ 146.375, -22.625 ], [ 146.375, -22.875 ], [ 146.125, -22.875 ], [ 146.125, -23.125 ], [ 145.875, -23.125 ], [ 145.875, -22.375 ], [ 145.625, -22.375 ], [ 145.625, -22.125 ], [ 144.875, -22.125 ], [ 144.875, -21.125 ], [ 144.625, -21.125 ], [ 144.625, -20.125 ], [ 146.125, -20.125 ], [ 146.125, -19.375 ], [ 146.625, -19.375 ], [ 146.625, -19.625 ], [ 146.875, -19.625 ], [ 146.875, -19.875 ], [ 147.125, -19.875 ], [ 147.125, -20.125 ], [ 147.375, -20.125 ], [ 147.375, -20.375 ], [ 147.625, -20.375 ], [ 147.625, -20.625 ], [ 147.875, -20.625 ], [ 147.875, -21.375 ], [ 148.875, -21.375 ], [ 148.875, -21.625 ], [ 149.125, -21.625 ], [ 149.125, -21.875 ], [ 149.625, -21.875 ], [ 149.625, -22.125 ], [ 149.875, -22.125 ], [ 149.875, -22.375 ], [ 150.125, -22.375 ], [ 150.125, -22.625 ], [ 150.375, -22.625 ], [ 150.375, -23.375 ], [ 150.125, -23.375 ], [ 150.125, -23.625 ], [ 149.875, -23.625 ] ] ] ] } },
{ "type": "Feature", "properties": { "cluster_id": 65, "cohesion": 6.0717072467165929, "distances": { "1": 26.315591499920167, "2": 23.9243400364208, "3": 14.287178123305647, "4": 14.039962776724751, "5": 20.4004018454748, "6": 20.92665810433737, "7": 33.451169998798825, "8": 33.045606425743586, "9": 36.61920974647181, "10": 36.627443924085036, "11": 26.694826989394475, "12": 29.42249174910759, "13": 21.798440564144883, "14": 19.033267953905483, "15": 33.36650685400579, "16": 32.718577834807846, "17": 33.853790947641215, "18": 37.17588154623092, "19": 35.05070723954182, "20": 33.779957410130635, "21": 32.438940042271, "22": 26.64632683566157, "23": 28.264159111094987, "24": 27.307832340320566, "25": 22.05561368242818, "26": 30.50254957537218, "27": 31.797415947552455, "28": 28.717756937124417, "29": 30.273936301538356, "30": 26.501724595292934, "31": 30.54203330589555, "32": 30.84248511486299, "33": 29.452469297601795, "34": 28.684302629904007, "35": 30.97176992901932, "36": 32.9544117984799, "37": 33.0641889149375, "38": 33.21519662485447, "39": 33.278652739767956, "40": 23.255029921640816, "41": 24.223889365271962, "42": 27.203994725113574, "43": 24.814041088953243, "44": 25.250885761207567, "45": 29.18968446287724, "46": 29.24068990316565, "47": 31.205713194871652, "48": 24.15030119383618, "49": 24.03456400264504, "50": 28.867100213792256, "51": 32.33303297016259, "52": 30.368781561069216, "53": 31.945310707719003, "54": 31.519034568845075, "55": 28.73031189950762, "56": 32.03555178002811, "57": 30.308908574723247, "58": 26.74154302544637, "59": 25.062307181932812, "60": 31.04272960526622, "61": 29.599851615999615, "62": 32.750442214641964, "63": 14.032159299633387, "64": 11.943772662980628, "66": 12.979593942041259, "67": 13.270075168766146, "68": 15.30194980698765, "69": 18.65072342684784, "70": 20.600933883910635, "71": 28.450387506592094, "72": 26.74576508266114, "73": 23.507323345057323, "74": 30.142940677034264, "75": 25.75195339930597, "76": 29.777750452508215, "77": 27.061752738548794, "78": 30.86730841468682, "79": 29.841599242733306, "80": 23.52596992033455, "81": 20.7188308845263, "82": 24.279831808727128, "83": 22.0138249136836, "84": 25.48175787866418, "85": 31.023060835743127, "86": 31.99096309880994, "87": 25.070383785231375, "88": 31.362567866806792, "89": 31.07350920853777, "90": 32.92839973146833, "91": 32.2938324685567, "92": 32.37017852915527 } }, "geometry": { "type": "MultiPolygon", "coordinates": [ [ [ [ 150.625, -22.125 ], [ 150.625, -22.375 ], [ 150.875, -22.375 ], [ 150.875, -22.625 ], [ 151.125, -22.625 ], [ 151.125, -23.375 ], [ 151.375, -23.375 ], [ 151.375, -23.625 ], [ 151.875, -23.625 ], [ 151.875, -23.875 ], [ 152.125, -23.875 ], [ 152.125, -24.125 ], [ 152.375, -24.125 ], [ 152.375, -24.375 ], [ 151.625, -24.375 ], [ 151.625, -24.125 ], [ 150.875, -24.125 ], [ 150.875, -24.625 ], [ 150.625, -24.625 ], [ 150.625, -23.875 ], [ 150.375, -23.875 ], [ 150.375, -23.625 ], [ 150.125, -23.625 ], [ 150.125, -23.375 ], [ 150.375, -23.375 ], [ 150.375, -22.625 ], [ 150.125, -22.625 ], [ 150.125, -22.375 ], [ 149.875, -22.375 ], [ 149.875, -22.125 ], [ 150.625, -22.125 ] ] ], [ [ [ 149.625, -22.125 ], [ 149.625, -21.875 ], [ 149.125, -21.875 ], [ 149.125, -21.625 ], [ 148.875, -21.625 ], [ 148.875, -21.375 ], [ 147.875, -21.375 ], [ 147.875, -20.625 ], [ 147.625, -20.625 ], [ 147.625, -20.375 ], [ 148.125, -20.375 ], [ 148.125, -20.625 ], [ 148.375, -20.625 ], [ 148.375, -20.375 ], [ 148.625, -20.375 ], [ 148.625, -20.625 ], [ 148.875, -20.625 ], [ 148.875, -20.875 ], [ 149.375, -20.875 ], [ 149.375, -21.125 ], [ 149.625, -21.125 ], [ 149.625, -21.625 ], [ 149.875, -21.625 ], [ 149.875, -22.125 ], [ 149.625, -22.125 ] ] ] ] } },
{ "type": "Feature", "properties": { "cluster_id": 66, "cohesion": 7.381954378380934, "distances": { "1": 22.012719894294683, "2": 20.324890862999617, "3": 10.616723080170932, "4": 11.376945704654617, "5": 13.886181477375425, "6": 16.40601394361672, "7": 31.452872850859016, "8": 30.924840742853917, "9": 34.745866943419266, "10": 34.773194721252956, "11": 24.75986825347281, "12": 28.029350059524727, "13": 20.569007157771125, "14": 16.89464147716722, "15": 31.155828481150245, "16": 31.363416573443526, "17": 31.336424061920773, "18": 35.61503808678296, "19": 33.23563789042569, "20": 31.077264830199937, "21": 29.339941092479716, "22": 25.5242408419901, "23": 26.171426344524786, "24": 25.303730431330187, "25": 22.03050299056363, "26": 28.646626190557093, "27": 29.465570635128973, "28": 26.299584083803268, "29": 27.936810511302713, "30": 25.111567529894664, "31": 29.17397142157867, "32": 30.16975938206179, "33": 28.94374151974191, "34": 28.926710285008397, "35": 29.756091471737676, "36": 30.951174831315527, "37": 30.807803076661184, "38": 31.41433581302323, "39": 31.94199053311893, "40": 23.10892463349673, "41": 24.132377739310396, "42": 28.813467270770136, "43": 25.978729522414255, "44": 26.16960693625593, "45": 30.398463136356373, "46": 30.487484476794727, "47": 31.937036954199748, "48": 25.13341219916122, "49": 24.31453970076724, "50": 29.886532455752704, "51": 31.25769278004724, "52": 29.878831015161587, "53": 30.657881029525, "54": 30.512171578363894, "55": 28.495022582085017, "56": 32.67110131085179, "57": 30.505974055802863, "58": 26.922025863321217, "59": 23.103838723122696, "60": 29.34868599215129, "61": 29.927798424177485, "62": 32.46106243231137, "63": 11.975330105598918, "64": 12.523988127272071, "65": 12.979593942041259, "67": 19.375713067919555, "68": 17.653530484340774, "69": 18.387731550139037, "70": 23.09505936703196, "71": 27.78531524222248, "72": 27.201040578283674, "73": 22.6596530611538, "74": 27.368321394595984, "75": 23.47302312371405, "76": 27.900469674564956, "77": 26.935042484286605, "78": 30.022010424542003, "79": 29.37996519886168, "80": 25.625324148783168, "81": 21.87214130691263, "82": 24.64040070112759, "83": 21.803664776332198, "84": 24.645152431584055, "85": 30.13304756502202, "86": 30.91797158775097, "87": 21.925362333977894, "88": 27.872299704616086, "89": 27.82675563182917, "90": 30.604033360061234, "91": 30.54976316343462, "92": 29.951739895343426 } }, "geometry": { "type": "MultiPolygon", "coordinates": [ [ [ [ 144.125, -19.625 ], [ 144.125, -19.875 ], [ 144.625, -19.875 ], [ 144.625, -21.125 ], [ 144.875, -21.125 ], [ 144.875, -21.625 ], [ 144.375, -21.625 ], [ 144.375, -20.875 ], [ 144.125, -20.875 ], [ 144.125, -20.625 ], [ 143.875, -20.625 ], [ 143.875, -20.375 ], [ 143.625, -20.375 ], [ 143.625, -19.625 ], [ 144.125, -19.625 ] ] ], [ [ [ 147.625, -20.375 ], [ 147.375, -20.375 ], [ 147.375, -20.125 ], [ 147.625, -20.125 ], [ 147.625, -20.375 ] ] ], [ [ [ 147.125, -19.875 ], [ 146.875, -19.875 ], [ 146.875, -19.625 ], [ 146.625, -19.625 ], [ 146.625, -19.375 ], [ 146.125, -19.375 ], [ 146.125, -19.875 ], [ 145.875, -19.875 ], [ 145.875, -19.625 ], [ 145.625, -19.625 ], [ 145.625, -19.375 ], [ 145.375, -19.375 ], [ 145.375, -19.125 ], [ 145.125, -19.125 ], [ 145.125, -18.375 ], [ 145.375, -18.375 ], [ 145.375, -18.625 ], [ 145.875, -18.625 ], [ 145.875, -18.875 ], [ 146.125, -18.875 ], [ 146.125, -19.125 ], [ 146.875, -19.125 ], [ 146.875, -19.375 ], [ 147.125, -19.375 ], [ 147.125, -19.625 ], [ 147.375, -19.625 ], [ 147.375, -20.125 ], [ 147.125, -20.125 ], [ 147.125, -19.875 ] ] ] ] } },
{ "type": "Feature", "properties": { "cluster_id": 67, "cohesion": 6.6604437017141844, "distances": { "1": 28.721108405833583, "2": 25.642919415960847, "3": 18.789257850567683, "4": 20.868950384217985, "5": 24.26229876213279, "6": 25.004302573483514, "7": 32.25257091114055, "8": 31.064019779265426, "9": 34.21996191802703, "10": 33.72986725526748, "11": 26.260457314798447, "12": 27.222698677688832, "13": 21.30524482063729, "14": 20.869594688222335, "15": 30.69202034801606, "16": 29.993854896910186, "17": 31.644947387914897, "18": 34.13788795313837, "19": 32.1260415027123, "20": 31.207986570891872, "21": 30.189438355321002, "22": 26.329189483130914, "23": 26.951952366606054, "24": 25.706436169212154, "25": 22.017381332297877, "26": 26.19830374626715, "27": 29.962907027968072, "28": 27.725497789498952, "29": 29.70336952584114, "30": 28.387289106410574, "31": 32.398644314797444, "32": 28.49887118616774, "33": 24.918048675736713, "34": 24.2567266534717, "35": 28.179438515436676, "36": 30.775893742904348, "37": 32.20321891194052, "38": 33.76250957499426, "39": 32.06051706457048, "40": 24.53083327703423, "41": 25.260422163162538, "42": 28.796747772785384, "43": 26.187947706664236, "44": 27.555287891896388, "45": 32.12043414722166, "46": 30.14339133279593, "47": 32.930219493740736, "48": 26.983441126648692, "49": 27.215500202484474, "50": 31.565127325465056, "51": 31.353926833708595, "52": 29.67363710836435, "53": 32.3264668553655, "54": 31.094225576255212, "55": 30.942996408524046, "56": 33.419877059262625, "57": 31.15738660096277, "58": 26.2597962821533, "59": 24.891775090826297, "60": 30.592240420895866, "61": 29.81668417920248, "62": 32.88940642283463, "63": 17.2043484624703, "64": 16.046546092850768, "65": 13.270075168766148, "66": 19.375713067919555, "68": 12.826501223482976, "69": 16.936007998518, "70": 11.747838578593797, "71": 21.36752557937724, "72": 19.31751295440063, "73": 18.365306868277976, "74": 27.397055564131197, "75": 23.762762970705346, "76": 24.567277879770515, "77": 24.63000725400944, "78": 30.028479133471436, "79": 28.081300175211112, "80": 16.692875579924124, "81": 18.149805854074447, "82": 21.07297817697156, "83": 20.060606249404675, "84": 23.3535454742381, "85": 28.92811395208716, "86": 29.42786797564913, "87": 24.06703813809819, "88": 29.322897690680186, "89": 29.63490734844771, "90": 30.528518367089898, "91": 30.4294403254047, "92": 30.839602019449146 } }, "geometry": { "type": "Polygon", "coordinates": [ [ [ 150.875, -24.125 ], [ 150.875, -24.625 ], [ 151.375, -24.625 ], [ 151.375, -24.875 ], [ 151.625, -24.875 ], [ 151.625, -25.875 ], [ 151.375, -25.875 ], [ 151.375, -26.625 ], [ 151.875, -26.625 ], [ 151.875, -26.375 ], [ 152.875, -26.375 ], [ 152.875, -26.625 ], [ 153.125, -26.625 ], [ 153.125, -28.125 ], [ 153.375, -28.125 ], [ 153.375, -27.625 ], [ 153.625, -27.625 ], [ 153.625, -26.375 ], [ 153.375, -26.375 ], [ 153.375, -26.125 ], [ 153.625, -26.125 ], [ 153.625, -25.875 ], [ 153.375, -25.875 ], [ 153.375, -25.375 ], [ 153.125, -25.375 ], [ 153.125, -25.125 ], [ 152.875, -25.125 ], [ 152.875, -24.875 ], [ 152.625, -24.875 ], [ 152.625, -24.625 ], [ 152.375, -24.625 ], [ 152.375, -24.375 ], [ 151.625, -24.375 ], [ 151.625, -24.125 ], [ 150.875, -24.125 ] ] ] } },
{ "type": "Feature", "properties": { "cluster_id": 68, "cohesion": 8.2568702580574698, "distances": { "1": 30.913873672962072, "2": 26.9992283894685, "3": 17.153090658556817, "4": 22.147643706167923, "5": 24.700402703375026, "6": 26.428148257423956, "7": 34.40437130402242, "8": 32.038121526190544, "9": 35.603477688099325, "10": 34.60452941501227, "11": 27.07888866492346, "12": 26.929230820692073, "13": 19.068968618052576, "14": 20.13089815869373, "15": 29.532724091059972, "16": 29.35272504343439, "17": 31.584472230130572, "18": 34.82238513473769, "19": 32.04931365172925, "20": 30.22932530002847, "21": 29.917866443373217, "22": 28.65235750162445, "23": 27.503313527579188, "24": 25.549212927917637, "25": 23.225006206967162, "26": 26.93500160262805, "27": 30.19908910168585, "28": 29.628581462403464, "29": 30.40381828352354, "30": 28.703209044304227, "31": 31.586436136949597, "32": 26.111737441511067, "33": 24.30908340565519, "34": 22.010816989160794, "35": 26.098051010997548, "36": 29.873768761199997, "37": 31.93137784454751, "38": 32.11086215236897, "39": 30.56385497312934, "40": 27.274593213343625, "41": 28.872009910829107, "42": 30.80240264845533, "43": 29.584231537444552, "44": 29.7768822248587, "45": 33.099029222390776, "46": 30.832580533794577, "47": 33.16188835506527, "48": 28.78817515146148, "49": 27.730615158201953, "50": 31.47358337640697, "51": 29.693813618790777, "52": 27.880023426982966, "53": 30.028157357071976, "54": 28.55712313791203, "55": 29.789775098041673, "56": 32.81624014054573, "57": 30.338416852838144, "58": 25.739923954819112, "59": 23.982744501294764, "60": 29.395175228207965, "61": 29.760231716682124, "62": 31.850562107149035, "63": 11.838191003258068, "64": 11.895015857690101, "65": 15.301949806987652, "66": 17.653530484340777, "67": 12.826501223482975, "69": 12.444447425663457, "70": 15.828222899868894, "71": 24.107048258843886, "72": 21.40807082181779, "73": 19.12710651731343, "74": 29.859844685848252, "75": 26.816812074287864, "76": 27.35195078841207, "77": 22.465460145237167, "78": 27.58845927047297, "79": 25.70630422757384, "80": 17.298849026654832, "81": 13.375365863302635, "82": 17.489769932720414, "83": 16.214392311664238, "84": 20.77792042319111, "85": 26.816818931254247, "86": 28.061193102670487, "87": 23.55001782072541, "88": 28.76092751347397, "89": 28.12095527774001, "90": 28.81023841357982, "91": 28.488040807871748, "92": 29.222106521678207 } }, "geometry": { "type": "MultiPolygon", "coordinates": [ [ [ [ 148.375, -25.375 ], [ 148.125, -25.375 ], [ 148.125, -25.125 ], [ 148.375, -25.125 ], [ 148.375, -25.375 ] ] ], [ [ [ 147.625, -24.875 ], [ 148.125, -24.875 ], [ 148.125, -25.125 ], [ 147.625, -25.125 ], [ 147.625, -24.875 ] ] ], [ [ [ 146.375, -23.625 ], [ 146.125, -23.625 ], [ 146.125, -22.875 ], [ 146.375, -22.875 ], [ 146.375, -22.625 ], [ 146.625, -22.625 ], [ 146.625, -22.875 ], [ 146.875, -22.875 ], [ 146.875, -23.375 ], [ 147.125, -23.375 ], [ 147.125, -23.875 ], [ 147.375, -23.875 ], [ 147.375, -24.125 ], [ 147.875, -24.125 ], [ 147.875, -23.625 ], [ 149.125, -23.625 ], [ 149.125, -23.375 ], [ 149.875, -23.375 ], [ 149.875, -23.625 ], [ 150.125, -23.625 ], [ 150.125, -24.125 ], [ 150.375, -24.125 ], [ 150.375, -24.375 ], [ 150.625, -24.375 ], [ 150.625, -24.625 ], [ 151.375, -24.625 ], [ 151.375, -24.875 ], [ 151.625, -24.875 ], [ 151.625, -25.875 ], [ 151.375, -25.875 ], [ 151.375, -26.625 ], [ 151.125, -26.625 ], [ 151.125, -26.375 ], [ 149.125, -26.375 ], [ 149.125, -26.125 ], [ 148.875, -26.125 ], [ 148.875, -25.875 ], [ 149.125, -25.875 ], [ 149.125, -25.625 ], [ 148.375, -25.625 ], [ 148.375, -25.375 ], [ 149.875, -25.375 ], [ 149.875, -24.625 ], [ 148.875, -24.625 ], [ 148.875, -24.375 ], [ 148.625, -24.375 ], [ 148.625, -23.875 ], [ 148.125, -23.875 ], [ 148.125, -24.625 ], [ 147.375, -24.625 ], [ 147.375, -24.375 ], [ 146.875, -24.375 ], [ 146.875, -24.875 ], [ 147.125, -24.875 ], [ 147.125, -25.125 ], [ 146.375, -25.125 ], [ 146.375, -25.375 ], [ 146.125, -25.375 ], [ 146.125, -24.625 ], [ 145.875, -24.625 ], [ 145.875, -24.375 ], [ 145.625, -24.375 ], [ 145.625, -24.125 ], [ 146.375, -24.125 ], [ 146.375, -23.625 ] ] ], [ [ [ 145.375, -23.875 ], [ 145.625, -23.875 ], [ 145.625, -24.125 ], [ 145.375, -24.125 ], [ 145.375, -23.875 ] ] ] ] } },
{ "type": "Feature", "properties": { "cluster_id": 69, "cohesion": 8.485408749201591, "distances": { "1": 28.598602183393123, "2": 24.311558010070918, "3": 15.44100637947387, "4": 21.686768670664723, "5": 23.777008457291505, "6": 24.789586904880867, "7": 30.52450208081176, "8": 27.668913111147322, "9": 30.605101508531654, "10": 28.95594196067972, "11": 21.94712192401318, "12": 20.21975073426119, "13": 12.17710188564095, "14": 15.539635448631229, "15": 24.206967921195847, "16": 22.871124649340107, "17": 27.06968121237585, "18": 28.468531115239927, "19": 26.103664378304195, "20": 25.42473606262666, "21": 26.661612145371134, "22": 25.914561455161383, "23": 24.03356803196789, "24": 23.32300488239769, "25": 22.119436960244396, "26": 28.921592332210828, "27": 32.701258299769506, "28": 32.09828141878275, "29": 33.2766107827207, "30": 31.836241385200875, "31": 34.58892184209271, "32": 27.80514517852422, "33": 27.741462425308338, "34": 24.67320695374, "35": 29.204888769084675, "36": 32.724693298855286, "37": 34.71900612885621, "38": 34.72499434876, "39": 32.739861002639664, "40": 26.967976421434564, "41": 28.465210252341407, "42": 31.479076161965025, "43": 29.633270372049225, "44": 29.98156758758994, "45": 34.80572971988904, "46": 32.02761006493407, "47": 34.504984111112265, "48": 30.108845182160668, "49": 30.327112275779836, "50": 33.71233087567423, "51": 29.60205595756124, "52": 27.373000879608597, "53": 32.012219340060284, "54": 29.781409808545273, "55": 32.43082392279723, "56": 34.72803284457631, "57": 31.598857755437596, "58": 27.98781335901089, "59": 25.81629214824995, "60": 29.863107071694202, "61": 30.970874033089654, "62": 33.052031653128495, "63": 11.660223139945199, "64": 15.706392137311608, "65": 18.65072342684784, "66": 18.387731550139037, "67": 16.936007998518, "68": 12.444447425663455, "70": 18.03503521697573, "71": 24.90804081902002, "72": 23.80459168386497, "73": 19.42223217393622, "74": 30.983671148866325, "75": 26.744469344168753, "76": 27.220223996772525, "77": 20.365227925092835, "78": 27.38201560466344, "79": 25.359406473389612, "80": 20.88581647435712, "81": 18.7560543528948, "82": 19.615248600764215, "83": 13.320995143007172, "84": 15.197236131137446, "85": 23.808684415130912, "86": 23.042603368494266, "87": 23.304042674603096, "88": 26.715676114675414, "89": 26.87485604334773, "90": 24.769371862418573, "91": 26.047025613127673, "92": 27.859823665359464 } }, "geometry": { "type": "MultiPolygon", "coordinates": [ [ [ [ 148.625, -23.875 ], [ 148.625, -24.375 ], [ 148.875, -24.375 ], [ 148.875, -24.625 ], [ 149.875, -24.625 ], [ 149.875, -25.375 ], [ 148.375, -25.375 ], [ 148.375, -25.125 ], [ 148.125, -25.125 ], [ 148.125, -24.875 ], [ 147.625, -24.875 ], [ 147.625, -25.125 ], [ 147.125, -25.125 ], [ 147.125, -24.875 ], [ 146.875, -24.875 ], [ 146.875, -24.375 ], [ 147.375, -24.375 ], [ 147.375, -24.625 ], [ 148.125, -24.625 ], [ 148.125, -23.875 ], [ 148.625, -23.875 ] ] ], [ [ [ 143.875, -22.375 ], [ 143.875, -23.125 ], [ 144.625, -23.125 ], [ 144.625, -23.375 ], [ 144.875, -23.375 ], [ 144.875, -23.625 ], [ 145.125, -23.625 ], [ 145.125, -23.875 ], [ 145.375, -23.875 ], [ 145.375, -24.125 ], [ 145.625, -24.125 ], [ 145.625, -24.375 ], [ 145.875, -24.375 ], [ 145.875, -24.625 ], [ 146.125, -24.625 ], [ 146.125, -25.125 ], [ 144.125, -25.125 ], [ 144.125, -24.625 ], [ 143.875, -24.625 ], [ 143.875, -24.125 ], [ 143.625, -24.125 ], [ 143.625, -23.875 ], [ 143.375, -23.875 ], [ 143.375, -23.625 ], [ 143.125, -23.625 ], [ 143.125, -23.375 ], [ 142.875, -23.375 ], [ 142.875, -23.125 ], [ 143.125, -23.125 ], [ 143.125, -22.875 ], [ 143.375, -22.875 ], [ 143.375, -22.375 ], [ 143.875, -22.375 ] ] ] ] } },
{ "type": "Feature", "properties": { "cluster_id": 70, "cohesion": 8.1378678342155606, "distances": { "1": 30.063771979800567, "2": 27.137147966320633, "3": 22.21724932823981, "4": 25.211591508488556, "5": 26.127575623945646, "6": 27.544475821906417, "7": 31.586811621610963, "8": 29.45783244733223, "9": 32.60203116266203, "10": 31.55743936013097, "11": 26.778162422538408, "12": 26.03516860676253, "13": 21.893317164424463, "14": 23.159167892058644, "15": 27.31642688175508, "16": 27.37360207896016, "17": 29.122490470239068, "18": 31.57542276963964, "19": 29.13156525903243, "20": 27.93458707898574, "21": 27.1393453834223, "22": 26.385632238656353, "23": 25.618788387193746, "24": 23.753525414085004, "25": 22.260216505957573, "26": 21.492452511832248, "27": 27.164422402148208, "28": 26.62905261807246, "29": 28.469561613067444, "30": 29.51115964131279, "31": 33.07889811635926, "32": 25.800938051698473, "33": 20.813259033111276, "34": 20.85339690323883, "35": 25.07906717869182, "36": 27.666834711966047, "37": 30.216593600716052, "38": 32.880327708659934, "39": 29.646176815888847, "40": 25.600375531439926, "41": 26.47999025726496, "42": 30.65245705790645, "43": 27.944181421561566, "44": 29.63110924581972, "45": 34.546022412771265, "46": 31.292950864818025, "47": 34.146726848347775, "48": 29.56223761941926, "49": 29.86208476907819, "50": 33.77458956807212, "51": 29.375377620906878, "52": 28.28539152998747, "53": 31.491557137636217, "54": 29.596064816498515, "55": 32.402299502032804, "56": 34.34413972575994, "57": 31.419129297371338, "58": 26.39546840461886, "59": 24.609603791850827, "60": 29.29932961225925, "61": 30.103319310486462, "62": 32.39944880474689, "63": 20.390944990067293, "64": 20.317285831480064, "65": 20.60093388391063, "66": 23.09505936703196, "67": 11.747838578593793, "68": 15.828222899868894, "69": 18.03503521697573, "71": 15.156906470630355, "72": 13.145209120274274, "73": 13.667429681425642, "74": 24.6797958360684, "75": 22.120283175390004, "76": 19.751521127390426, "77": 22.80114742081877, "78": 28.25230777275097, "79": 25.990766748854238, "80": 13.292457462157511, "81": 18.67210720040846, "82": 19.548019471281574, "83": 19.78695548778425, "84": 22.034829447690097, "85": 26.25853181819506, "86": 26.456788595907835, "87": 22.49829771315238, "88": 26.147911028287652, "89": 26.85910348482988, "90": 27.057234739157767, "91": 27.357771595883055, "92": 27.94808293215547 } }, "geometry": { "type": "MultiPolygon", "coordinates": [ [ [ [ 152.875, -31.125 ], [ 152.625, -31.125 ], [ 152.625, -30.875 ], [ 152.875, -30.875 ], [ 152.875, -31.125 ] ] ], [ [ [ 151.625, -30.125 ], [ 151.375, -30.125 ], [ 151.375, -29.875 ], [ 151.625, -29.875 ], [ 151.625, -30.125 ] ] ], [ [ [ 151.625, -29.875 ], [ 151.625, -29.375 ], [ 151.875, -29.375 ], [ 151.875, -29.875 ], [ 151.625, -29.875 ] ] ], [ [ [ 151.625, -26.875 ], [ 151.625, -26.625 ], [ 151.875, -26.625 ], [ 151.875, -26.375 ], [ 152.875, -26.375 ], [ 152.875, -26.625 ], [ 153.125, -26.625 ], [ 153.125, -28.125 ], [ 153.375, -28.125 ], [ 153.375, -27.625 ], [ 153.875, -27.625 ], [ 153.875, -29.125 ], [ 153.625, -29.125 ], [ 153.625, -30.125 ], [ 153.125, -30.125 ], [ 153.125, -30.375 ], [ 152.625, -30.375 ], [ 152.625, -29.625 ], [ 152.875, -29.625 ], [ 152.875, -29.125 ], [ 153.125, -29.125 ], [ 153.125, -28.875 ], [ 153.375, -28.875 ], [ 153.375, -28.375 ], [ 152.375, -28.375 ], [ 152.375, -28.625 ], [ 152.125, -28.625 ], [ 152.125, -29.375 ], [ 151.875, -29.375 ], [ 151.875, -26.875 ], [ 151.625, -26.875 ] ] ] ] } },
{ "type": "Feature", "properties": { "cluster_id": 71, "cohesion": 8.0601699304175671, "distances": { "1": 30.535542651602427, "2": 28.86784029397245, "3": 27.35646019927895, "4": 29.4938426377915, "5": 27.645765076983853, "6": 29.743451698173928, "7": 31.461418637620792, "8": 29.464067853964526, "9": 32.334481506459525, "10": 31.358045779562993, "11": 29.378804936578213, "12": 28.727376598917353, "13": 27.3305788807245, "14": 27.862106424875325, "15": 27.87065048519819, "16": 29.584968996459516, "17": 28.45915394666597, "18": 31.910703788850366, "19": 29.587193316650712, "20": 27.24021358844952, "21": 25.330602213242834, "22": 27.849813044441476, "23": 26.40158971736005, "24": 24.115147972427476, "25": 25.598554390709214, "26": 15.481286395217138, "27": 23.097613452657292, "28": 22.97841805660586, "29": 25.813909891772198, "30": 30.9336792101134, "31": 34.89146676499482, "32": 28.64052221758372, "33": 19.358375115511784, "34": 24.10884250560319, "35": 25.09920758289972, "36": 25.027353942960797, "37": 27.91118791505948, "38": 33.989661005510975, "39": 30.26825187530719, "40": 28.887888777449547, "41": 28.866853136109928, "42": 35.378703164481124, "43": 31.628648628975665, "44": 34.19538982229542, "45": 39.38535502991729, "46": 35.98710419560321, "47": 38.34037632255373, "48": 34.49122272026112, "49": 34.314020090455486, "50": 38.912644708894554, "51": 31.63419009872227, "52": 32.54095422944689, "53": 34.39213225553388, "54": 33.19017747899553, "55": 36.6316626492251, "56": 38.586005809267924, "57": 35.65968649592476, "58": 30.31146588668665, "59": 27.13370688210831, "60": 31.106701557571995, "61": 34.003960033348164, "62": 35.337296001754275, "63": 26.75067342648359, "64": 27.242433880621814, "65": 28.450387506592097, "66": 27.78531524222248, "67": 21.36752557937724, "68": 24.107048258843886, "69": 24.90804081902002, "70": 15.156906470630355, "72": 11.697718742522952, "73": 13.227999280525498, "74": 17.766469484810035, "75": 19.03460457102033, "76": 11.585574647948784, "77": 28.605939980413638, "78": 32.34520805549159, "79": 30.800906541878785, "80": 18.606148656105425, "81": 25.42805776108382, "82": 25.29310328930815, "83": 26.771053885577807, "84": 27.560490601280097, "85": 30.219280559314818, "86": 29.41203227475053, "87": 23.383223089089753, "88": 24.32730594572901, "89": 26.64792829708878, "90": 27.526645583768154, "91": 28.906870918370643, "92": 28.286650555389517 } }, "geometry": { "type": "MultiPolygon", "coordinates": [ [ [ [ 149.375, -36.625 ], [ 149.375, -36.875 ], [ 149.125, -36.875 ], [ 149.125, -37.375 ], [ 148.875, -37.375 ], [ 148.875, -37.625 ], [ 148.625, -37.625 ], [ 148.625, -36.625 ], [ 149.125, -36.625 ], [ 149.125, -36.375 ], [ 149.625, -36.375 ], [ 149.625, -36.625 ], [ 149.375, -36.625 ] ] ], [ [ [ 149.625, -36.125 ], [ 149.875, -36.125 ], [ 149.875, -35.875 ], [ 150.125, -35.875 ], [ 150.125, -36.375 ], [ 149.625, -36.375 ], [ 149.625, -36.125 ] ] ], [ [ [ 150.375, -35.875 ], [ 150.125, -35.875 ], [ 150.125, -35.625 ], [ 150.375, -35.625 ], [ 150.375, -35.875 ] ] ], [ [ [ 148.375, -35.625 ], [ 148.375, -35.375 ], [ 148.625, -35.375 ], [ 148.625, -35.625 ], [ 148.375, -35.625 ] ] ], [ [ [ 148.625, -35.125 ], [ 148.875, -35.125 ], [ 148.875, -35.375 ], [ 148.625, -35.375 ], [ 148.625, -35.125 ] ] ], [ [ [ 149.125, -34.625 ], [ 149.375, -34.625 ], [ 149.375, -33.125 ], [ 149.625, -33.125 ], [ 149.625, -32.625 ], [ 150.875, -32.625 ], [ 150.875, -32.125 ], [ 151.125, -32.125 ], [ 151.125, -31.625 ], [ 151.375, -31.625 ], [ 151.375, -31.375 ], [ 151.625, -31.375 ], [ 151.625, -30.625 ], [ 151.875, -30.625 ], [ 151.875, -30.125 ], [ 151.625, -30.125 ], [ 151.625, -29.875 ], [ 151.875, -29.875 ], [ 151.875, -29.375 ], [ 152.125, -29.375 ], [ 152.125, -28.625 ], [ 152.375, -28.625 ], [ 152.375, -29.125 ], [ 152.625, -29.125 ], [ 152.625, -30.375 ], [ 152.875, -30.375 ], [ 152.875, -30.875 ], [ 152.625, -30.875 ], [ 152.625, -31.625 ], [ 152.375, -31.625 ], [ 152.375, -31.875 ], [ 152.125, -31.875 ], [ 152.125, -32.375 ], [ 151.875, -32.375 ], [ 151.875, -32.125 ], [ 151.375, -32.125 ], [ 151.375, -32.625 ], [ 151.875, -32.625 ], [ 151.875, -32.875 ], [ 151.375, -32.875 ], [ 151.375, -33.375 ], [ 151.125, -33.375 ], [ 151.125, -33.625 ], [ 150.875, -33.625 ], [ 150.875, -34.125 ], [ 150.625, -34.125 ], [ 150.625, -33.875 ], [ 150.375, -33.875 ], [ 150.375, -33.625 ], [ 150.625, -33.625 ], [ 150.625, -33.125 ], [ 150.375, -33.125 ], [ 150.375, -33.375 ], [ 150.125, -33.375 ], [ 150.125, -33.625 ], [ 149.875, -33.625 ], [ 149.875, -34.125 ], [ 149.625, -34.125 ], [ 149.625, -34.875 ], [ 149.375, -34.875 ], [ 149.375, -35.125 ], [ 148.875, -35.125 ], [ 148.875, -34.875 ], [ 149.125, -34.875 ], [ 149.125, -34.625 ] ] ] ] } },
{ "type": "Feature", "properties": { "cluster_id": 72, "cohesion": 7.2667999499692471, "distances": { "1": 34.45525183925164, "2": 32.764307375952974, "3": 27.965036827507568, "4": 30.531681358016513, "5": 29.57752377127402, "6": 32.44075269396834, "7": 36.88916844568287, "8": 34.39827470341249, "9": 37.88909097717799, "10": 36.504402036834975, "11": 33.264793018880184, "12": 31.586918308825805, "13": 27.72617048450504, "14": 29.727014558396604, "15": 29.838965431181286, "16": 31.074515047287257, "17": 32.718302084866345, "18": 36.1680192163883, "19": 32.85509409627575, "20": 30.34201017194367, "21": 28.869621051642707, "22": 31.61332360549829, "23": 29.993051763403226, "24": 26.37224660414767, "25": 26.42219525724529, "26": 13.70417129260983, "27": 20.816440000751914, "28": 23.33757207771342, "29": 24.152665791383626, "30": 28.03080482936288, "31": 31.01094348357962, "32": 22.066297540894872, "33": 13.29444074845982, "34": 16.859101665790288, "35": 19.024716281005126, "36": 20.813234431752115, "37": 24.728998329296385, "38": 29.44517303270527, "39": 24.77888122707107, "40": 28.658951776000684, "41": 30.13503155003941, "42": 33.841271392773386, "43": 31.775955538662753, "44": 33.05711893744106, "45": 36.60683891239834, "46": 33.29712130277507, "47": 35.32471501187736, "48": 32.18440273735815, "49": 30.912909529726747, "50": 34.79192897762882, "51": 28.222735259005525, "52": 28.36294410731375, "53": 29.293173947350105, "54": 27.536570409138715, "55": 32.17159053235636, "56": 34.51290148827658, "57": 31.378936809932362, "58": 26.823927131813416, "59": 24.62649898839623, "60": 28.94611811870556, "61": 31.22525020581836, "62": 31.761344827551575, "63": 25.23950817404408, "64": 24.487740133842692, "65": 26.745765082661137, "66": 27.201040578283674, "67": 19.31751295440063, "68": 21.40807082181779, "69": 23.804591683864974, "70": 13.145209120274272, "71": 11.697718742522952, "73": 13.201093440069723, "74": 21.291060466251867, "75": 21.956475981307367, "76": 17.126701995768403, "77": 23.968882939804644, "78": 27.33455693230304, "79": 25.128437725992256, "80": 11.915754702223733, "81": 19.821570797422584, "82": 19.089456650715384, "83": 22.9508699558223, "84": 25.36882366018186, "85": 26.90487523537865, "86": 28.603174153276832, "87": 23.272473852043877, "88": 26.35405552708429, "89": 26.496482953579743, "90": 28.13443953213518, "91": 27.207341789075464, "92": 27.1165543996513 } }, "geometry": { "type": "MultiPolygon", "coordinates": [ [ [ [ 149.125, -34.625 ], [ 149.125, -34.875 ], [ 148.875, -34.875 ], [ 148.875, -35.125 ], [ 148.625, -35.125 ], [ 148.625, -35.375 ], [ 148.125, -35.375 ], [ 148.125, -35.125 ], [ 147.875, -35.125 ], [ 147.875, -34.875 ], [ 148.625, -34.875 ], [ 148.625, -34.625 ], [ 148.875, -34.625 ], [ 148.875, -34.375 ], [ 149.125, -34.375 ], [ 149.125, -33.375 ], [ 148.875, -33.375 ], [ 148.875, -33.125 ], [ 149.375, -33.125 ], [ 149.375, -34.625 ], [ 149.125, -34.625 ] ] ], [ [ [ 149.375, -33.125 ], [ 149.375, -32.875 ], [ 149.625, -32.875 ], [ 149.625, -33.125 ], [ 149.375, -33.125 ] ] ], [ [ [ 151.125, -31.625 ], [ 151.125, -32.125 ], [ 150.875, -32.125 ], [ 150.875, -32.625 ], [ 149.625, -32.625 ], [ 149.625, -32.375 ], [ 149.875, -32.375 ], [ 149.875, -31.875 ], [ 150.625, -31.875 ], [ 150.625, -31.625 ], [ 150.875, -31.625 ], [ 150.875, -31.375 ], [ 151.375, -31.375 ], [ 151.375, -31.625 ], [ 151.125, -31.625 ] ] ], [ [ [ 151.375, -31.375 ], [ 151.375, -30.625 ], [ 151.625, -30.625 ], [ 151.625, -31.375 ], [ 151.375, -31.375 ] ] ], [ [ [ 151.625, -30.625 ], [ 151.625, -30.125 ], [ 151.875, -30.125 ], [ 151.875, -30.625 ], [ 151.625, -30.625 ] ] ], [ [ [ 153.125, -28.875 ], [ 153.125, -29.125 ], [ 152.875, -29.125 ], [ 152.875, -29.625 ], [ 152.625, -29.625 ], [ 152.625, -29.125 ], [ 152.375, -29.125 ], [ 152.375, -28.375 ], [ 153.375, -28.375 ], [ 153.375, -28.875 ], [ 153.125, -28.875 ] ] ] ] } },
{ "type": "Feature", "properties": { "cluster_id": 73, "cohesion": 8.0470786598598938, "distances": { "1": 29.904490775009315, "2": 27.595017029366318, "3": 22.656300885917013, "4": 25.595263508321704, "5": 24.99261686020674, "6": 27.58269354531941, "7": 31.565208565439843, "8": 28.62604059052758, "9": 32.322646689221585, "10": 30.92249472352991, "11": 27.53305044222448, "12": 25.764140422053785, "13": 22.1516173760384, "14": 24.014120569013656, "15": 23.671491461039686, "16": 25.49621173974292, "17": 26.727415710549696, "18": 30.501633829961857, "19": 26.932177134861195, "20": 24.256112154489674, "21": 23.294701155466456, "22": 25.941564540876637, "23": 23.994643206220225, "24": 20.460874465641048, "25": 20.25510536078122, "26": 16.3683734033341, "27": 22.240197080674772, "28": 24.27898294172213, "29": 25.290847336610998, "30": 27.342594852157674, "31": 29.737825848549345, "32": 23.266196000947303, "33": 18.289493520013195, "34": 20.119896342159386, "35": 22.186375808786998, "36": 23.16511475026222, "37": 25.933796779407142, "38": 28.487070782899906, "39": 25.458045062091525, "40": 24.58658647509366, "41": 25.649732270060344, "42": 28.742475378888653, "43": 26.71106763288583, "44": 28.523828739096636, "45": 32.4758469104384, "46": 28.524526457501352, "47": 30.924221209725978, "48": 28.536869961940415, "49": 28.397221035992366, "50": 31.512688259995734, "51": 23.929861700757435, "52": 24.160807378486663, "53": 27.29061250055086, "54": 25.91017054206763, "55": 29.52517291529112, "56": 30.822681720082073, "57": 27.66123812060116, "58": 23.32273494913632, "59": 21.272862022182277, "60": 24.232190521744908, "61": 26.560652567151077, "62": 27.738686637132954, "63": 20.90255298150478, "64": 21.310927355793467, "65": 23.507323345057326, "66": 22.659653061153804, "67": 18.365306868277976, "68": 19.12710651731343, "69": 19.42223217393622, "70": 13.667429681425642, "71": 13.2279992805255, "72": 13.201093440069725, "74": 21.10847906062463, "75": 18.373467064093767, "76": 15.46537761712548, "77": 21.801023232351657, "78": 24.47733795132361, "79": 23.73932164217556, "80": 16.304546664146645, "81": 20.009990210275916, "82": 19.785027249094792, "83": 20.17400831174251, "84": 21.25106293879168, "85": 22.87154993432835, "86": 23.38913791393217, "87": 18.335230604066872, "88": 21.053113760072584, "89": 21.22230514127892, "90": 22.14629073635009, "91": 21.76655825966613, "92": 21.924488833713813 } }, "geometry": { "type": "MultiPolygon", "coordinates": [ [ [ [ 150.625, -36.375 ], [ 150.375, -36.375 ], [ 150.375, -37.375 ], [ 150.125, -37.375 ], [ 150.125, -37.625 ], [ 149.875, -37.625 ], [ 149.875, -37.875 ], [ 149.625, -37.875 ], [ 149.625, -38.125 ], [ 148.625, -38.125 ], [ 148.625, -37.875 ], [ 148.875, -37.875 ], [ 148.875, -37.625 ], [ 149.375, -37.625 ], [ 149.375, -37.375 ], [ 149.625, -37.375 ], [ 149.625, -36.875 ], [ 149.875, -36.875 ], [ 149.875, -36.375 ], [ 150.125, -36.375 ], [ 150.125, -35.875 ], [ 150.375, -35.875 ], [ 150.375, -35.375 ], [ 150.625, -35.375 ], [ 150.625, -36.375 ] ] ], [ [ [ 150.625, -35.375 ], [ 150.625, -35.125 ], [ 150.875, -35.125 ], [ 150.875, -35.375 ], [ 150.625, -35.375 ] ] ], [ [ [ 151.125, -33.625 ], [ 151.125, -33.375 ], [ 151.375, -33.375 ], [ 151.375, -32.875 ], [ 151.875, -32.875 ], [ 151.875, -32.375 ], [ 152.125, -32.375 ], [ 152.125, -31.875 ], [ 152.375, -31.875 ], [ 152.375, -31.625 ], [ 152.625, -31.625 ], [ 152.625, -31.125 ], [ 152.875, -31.125 ], [ 152.875, -30.375 ], [ 153.125, -30.375 ], [ 153.125, -30.125 ], [ 153.375, -30.125 ], [ 153.375, -31.375 ], [ 153.125, -31.375 ], [ 153.125, -31.875 ], [ 152.875, -31.875 ], [ 152.875, -32.375 ], [ 152.625, -32.375 ], [ 152.625, -32.625 ], [ 152.375, -32.625 ], [ 152.375, -32.875 ], [ 152.125, -32.875 ], [ 152.125, -33.125 ], [ 151.875, -33.125 ], [ 151.875, -33.375 ], [ 151.625, -33.375 ], [ 151.625, -34.125 ], [ 151.375, -34.125 ], [ 151.375, -34.375 ], [ 151.125, -34.375 ], [ 151.125, -35.125 ], [ 150.875, -35.125 ], [ 150.875, -33.625 ], [ 151.125, -33.625 ] ] ] ] } },
{ "type": "Feature", "properties": { "cluster_id": 74, "cohesion": 8.467567179143936, "distances": { "1": 28.091036327355468, "2": 29.45668922137861, "3": 29.266891006169796, "4": 28.639992249970263, "5": 24.54758420106581, "6": 27.89293519435349, "7": 34.08595829155131, "8": 33.689959252100884, "9": 37.15411395496346, "10": 37.21248570060257, "11": 33.70178358968398, "12": 35.46381709018248, "13": 33.2212750021721, "14": 31.24356835138399, "15": 34.62127545436955, "16": 37.010713914383395, "17": 33.20327389448038, "18": 38.706391934648046, "19": 36.51815637239467, "20": 32.66607297585373, "21": 28.727541223602543, "22": 30.212618379105436, "23": 29.99974965678876, "24": 27.666480945067644, "25": 28.803920285578666, "26": 16.392707792243048, "27": 18.57839115307983, "28": 12.645548270390204, "29": 18.35664421995313, "30": 25.817565041874232, "31": 31.138720384454846, "32": 32.82748451679253, "33": 23.739260023878295, "34": 30.668407890296173, "35": 27.61976759588541, "36": 23.703763388382907, "37": 23.019541730612662, "38": 32.023413582455014, "39": 30.94309233103692, "40": 28.88437125448237, "41": 28.378625847504523, "42": 37.22091572491462, "43": 32.5547714887374, "44": 34.7988174177199, "45": 39.40859333110536, "46": 38.49804061510942, "47": 39.50837436696854, "48": 34.19183301599686, "49": 32.30913049945157, "50": 38.86009684084004, "51": 34.882890001480924, "52": 36.879291049112474, "53": 35.18556409228621, "54": 35.89165131447791, "55": 35.81796666628157, "56": 39.65227190972056, "57": 37.413442260688434, "58": 32.67893047282163, "59": 27.5951790274934, "60": 32.9663770966124, "61": 36.53313994247773, "62": 37.144858537303136, "63": 29.72664815482577, "64": 29.732519095817132, "65": 30.142940677034264, "66": 27.368321394595984, "67": 27.397055564131197, "68": 29.859844685848252, "69": 30.983671148866325, "70": 24.6797958360684, "71": 17.766469484810035, "72": 21.291060466251867, "73": 21.10847906062463, "75": 14.35211834124479, "76": 14.098429416758472, "77": 34.97341729132643, "78": 36.38918939007715, "79": 36.002047317174494, "80": 27.476077170771617, "81": 30.458322526677307, "82": 31.321482885589376, "83": 32.72871018260479, "84": 34.30122119432917, "85": 36.56155509544458, "86": 36.75463392692573, "87": 24.5461576936749, "88": 26.52664992121202, "89": 29.00113205477247, "90": 33.24001061730407, "91": 34.06833714531741, "92": 31.259501266665456 } }, "geometry": { "type": "Polygon", "coordinates": [ [ [ 149.125, -35.375 ], [ 149.125, -35.625 ], [ 148.375, -35.625 ], [ 148.375, -36.375 ], [ 148.125, -36.375 ], [ 148.125, -36.625 ], [ 147.625, -36.625 ], [ 147.625, -36.875 ], [ 146.875, -36.875 ], [ 146.875, -37.125 ], [ 146.375, -37.125 ], [ 146.375, -37.375 ], [ 146.125, -37.375 ], [ 146.125, -37.625 ], [ 144.875, -37.625 ], [ 144.875, -37.375 ], [ 144.125, -37.375 ], [ 144.125, -37.625 ], [ 142.125, -37.625 ], [ 142.125, -37.875 ], [ 141.625, -37.875 ], [ 141.625, -38.125 ], [ 140.625, -38.125 ], [ 140.625, -38.375 ], [ 141.125, -38.375 ], [ 141.125, -38.625 ], [ 142.625, -38.625 ], [ 142.625, -38.875 ], [ 143.125, -38.875 ], [ 143.125, -39.125 ], [ 143.875, -39.125 ], [ 143.875, -38.875 ], [ 144.125, -38.875 ], [ 144.125, -38.625 ], [ 144.375, -38.625 ], [ 144.375, -38.375 ], [ 145.125, -38.375 ], [ 145.125, -38.625 ], [ 145.375, -38.625 ], [ 145.375, -38.875 ], [ 146.375, -38.875 ], [ 146.375, -38.625 ], [ 145.625, -38.625 ], [ 145.625, -38.375 ], [ 145.875, -38.375 ], [ 145.875, -38.125 ], [ 146.125, -38.125 ], [ 146.125, -37.875 ], [ 147.125, -37.875 ], [ 147.125, -37.625 ], [ 148.625, -37.625 ], [ 148.625, -36.625 ], [ 148.875, -36.625 ], [ 148.875, -36.375 ], [ 149.375, -36.375 ], [ 149.375, -35.875 ], [ 149.625, -35.875 ], [ 149.625, -35.375 ], [ 149.125, -35.375 ] ] ] } },
{ "type": "Feature", "properties": { "cluster_id": 75, "cohesion": 6.8898779192984287, "distances": { "1": 24.443430877784156, "2": 25.689613909137215, "3": 24.952993390605673, "4": 23.822209914213815, "5": 20.814595270650315, "6": 23.843120060148674, "7": 30.65339929147799, "8": 30.33962724650273, "9": 33.555406193351125, "10": 33.38464016674564, "11": 28.949937897707393, "12": 30.420085687008466, "13": 28.017896383008747, "14": 26.362434004422525, "15": 30.407265529394785, "16": 31.619432445299964, "17": 30.301327264181296, "18": 34.03414161660487, "19": 31.970114346530277, "20": 29.4626510188728, "21": 26.712118789946736, "22": 25.967904744603626, "23": 26.522242620480885, "24": 24.84761701404605, "25": 24.01173400490525, "26": 20.221787596943116, "27": 23.05841546193268, "28": 18.98783203485686, "29": 23.413231320190278, "30": 26.6982625570379, "31": 30.93439249599289, "32": 31.833302169295578, "33": 26.24470294703394, "34": 30.227843639657518, "35": 29.721487373362812, "36": 27.430102383370773, "37": 26.869325838112385, "38": 31.87343841592519, "39": 31.314018259526065, "40": 24.152924141540936, "41": 23.174604770270072, "42": 30.570488074093568, "43": 25.934803281029968, "44": 29.059509432129925, "45": 34.10789120847117, "46": 32.42406653772026, "47": 34.16364006268568, "48": 29.3543249579886, "49": 29.425175137199293, "50": 34.43656756101567, "51": 31.121384733247133, "52": 31.7984662441683, "53": 32.79472564232416, "54": 32.93369202896878, "55": 32.72416057387652, "56": 35.05277404430849, "57": 32.88692730993043, "58": 28.57060925396909, "59": 24.961793383987384, "60": 29.286456637073034, "61": 31.280854801108465, "62": 32.87921949351532, "63": 26.1331069351047, "64": 26.506562574147107, "65": 25.75195339930597, "66": 23.473023123714047, "67": 23.762762970705346, "68": 26.816812074287864, "69": 26.74446934416875, "70": 22.120283175390004, "71": 19.034604571020335, "72": 21.956475981307367, "73": 18.373467064093767, "74": 14.352118341244793, "76": 14.710511629105929, "77": 30.17741361951004, "78": 31.934353258025645, "79": 32.151190068068686, "80": 26.40436329839041, "81": 28.65244722471494, "82": 29.1547571760972, "83": 28.2739624502642, "84": 29.10693151374775, "85": 31.340278436089914, "86": 31.28902399862061, "87": 21.730803819793156, "88": 24.610861764400102, "89": 26.509034000061998, "90": 29.49290691255366, "91": 30.00051375794148, "92": 28.11164109968001 } }, "geometry": { "type": "Polygon", "coordinates": [ [ [ 144.875, -40.375 ], [ 144.875, -40.625 ], [ 144.625, -40.625 ], [ 144.625, -40.875 ], [ 144.375, -40.875 ], [ 144.375, -41.375 ], [ 144.625, -41.375 ], [ 144.625, -41.875 ], [ 144.875, -41.875 ], [ 144.875, -42.125 ], [ 145.125, -42.125 ], [ 145.125, -42.375 ], [ 144.875, -42.375 ], [ 144.875, -42.625 ], [ 145.125, -42.625 ], [ 145.125, -42.875 ], [ 145.375, -42.875 ], [ 145.375, -43.125 ], [ 145.625, -43.125 ], [ 145.625, -43.375 ], [ 145.875, -43.375 ], [ 145.875, -43.625 ], [ 147.125, -43.625 ], [ 147.125, -43.375 ], [ 147.375, -43.375 ], [ 147.375, -43.125 ], [ 147.875, -43.125 ], [ 147.875, -42.875 ], [ 148.125, -42.875 ], [ 148.125, -42.625 ], [ 148.375, -42.625 ], [ 148.375, -42.125 ], [ 148.625, -42.125 ], [ 148.625, -40.875 ], [ 148.375, -40.875 ], [ 148.375, -40.625 ], [ 148.125, -40.625 ], [ 148.125, -40.375 ], [ 147.875, -40.375 ], [ 147.875, -40.625 ], [ 146.625, -40.625 ], [ 146.625, -40.875 ], [ 146.125, -40.875 ], [ 146.125, -40.625 ], [ 145.125, -40.625 ], [ 145.125, -40.375 ], [ 144.875, -40.375 ] ] ] } },
{ "type": "Feature", "properties": { "cluster_id": 76, "cohesion": 8.7801626880048129, "distances": { "1": 28.066319547007385, "2": 27.576293952198945, "3": 27.72895672114736, "4": 28.72211416864976, "5": 25.84649525119123, "6": 28.09802466881251, "7": 29.760571667132766, "8": 28.44953759913074, "9": 31.18283484436879, "10": 30.531111052693625, "11": 28.875968708895254, "12": 29.035730067287286, "13": 28.55146415119182, "14": 28.01379580440682, "15": 27.99218552807967, "16": 30.10523007431929, "17": 27.53247764461429, "18": 31.39721073424373, "19": 29.362276298359884, "20": 26.651887399459405, "21": 24.081412491655577, "22": 26.57141179953235, "23": 25.59187993033002, "24": 23.60020839806448, "25": 25.428541437826127, "26": 16.90365373286579, "27": 23.076883637636215, "28": 21.369080806015404, "29": 25.406987776841945, "30": 31.08840949049775, "31": 35.2138931370366, "32": 31.973181547424517, "33": 23.345770456845543, "34": 28.780152180856792, "35": 28.486881468509036, "36": 26.63934675092855, "37": 28.25663875727664, "38": 34.8204390747559, "39": 32.21925824208541, "40": 28.46092725323727, "41": 27.674604874569507, "42": 35.24413034499658, "43": 30.86323507998073, "44": 33.9582856329368, "45": 39.40333359949481, "46": 36.32051892038692, "47": 38.454851634778585, "48": 34.67056801238163, "49": 34.79094443471501, "50": 39.544099981686585, "51": 32.38273682483989, "52": 33.86645883781082, "53": 35.70546671604889, "54": 35.15434224432813, "55": 37.412746889809036, "56": 39.13434318191472, "57": 36.47860592142461, "58": 31.1923768860137, "59": 27.51937536788488, "60": 31.05659395713616, "61": 34.36198125776668, "62": 35.72121417188326, "63": 28.359528688601415, "64": 29.21172356978379, "65": 29.777750452508215, "66": 27.90046967456496, "67": 24.567277879770515, "68": 27.35195078841207, "69": 27.220223996772525, "70": 19.751521127390426, "71": 11.585574647948784, "72": 17.126701995768403, "73": 15.46537761712548, "74": 14.098429416758472, "75": 14.71051162910593, "77": 31.351036427813153, "78": 34.10235091040305, "79": 33.51708156603232, "80": 24.14690955163937, "81": 29.33156761259259, "82": 29.369545126778345, "83": 29.58475469503813, "84": 29.623237081963847, "85": 31.93274725236553, "86": 30.520249132073754, "87": 22.995422728332578, "88": 23.128547981027474, "89": 26.19717469000793, "90": 27.670906218459166, "91": 29.550411031245808, "92": 28.135385459222682 } }, "geometry": { "type": "MultiPolygon", "coordinates": [ [ [ [ 148.625, -37.875 ], [ 148.625, -38.125 ], [ 148.125, -38.125 ], [ 148.125, -38.375 ], [ 147.375, -38.375 ], [ 147.375, -38.625 ], [ 147.125, -38.625 ], [ 147.125, -38.875 ], [ 146.625, -38.875 ], [ 146.625, -39.125 ], [ 145.875, -39.125 ], [ 145.875, -38.875 ], [ 146.375, -38.875 ], [ 146.375, -38.625 ], [ 145.625, -38.625 ], [ 145.625, -38.375 ], [ 145.875, -38.375 ], [ 145.875, -38.125 ], [ 146.125, -38.125 ], [ 146.125, -37.875 ], [ 147.125, -37.875 ], [ 147.125, -37.625 ], [ 148.875, -37.625 ], [ 148.875, -37.875 ], [ 148.625, -37.875 ] ] ], [ [ [ 149.125, -37.375 ], [ 149.125, -36.875 ], [ 149.375, -36.875 ], [ 149.375, -36.625 ], [ 149.625, -36.625 ], [ 149.625, -36.375 ], [ 149.875, -36.375 ], [ 149.875, -36.875 ], [ 149.625, -36.875 ], [ 149.625, -37.375 ], [ 149.375, -37.375 ], [ 149.375, -37.625 ], [ 148.875, -37.625 ], [ 148.875, -37.375 ], [ 149.125, -37.375 ] ] ], [ [ [ 150.625, -33.625 ], [ 150.375, -33.625 ], [ 150.375, -33.875 ], [ 150.625, -33.875 ], [ 150.625, -34.125 ], [ 150.875, -34.125 ], [ 150.875, -35.125 ], [ 150.625, -35.125 ], [ 150.625, -35.375 ], [ 150.375, -35.375 ], [ 150.375, -35.625 ], [ 150.125, -35.625 ], [ 150.125, -35.875 ], [ 149.875, -35.875 ], [ 149.875, -36.125 ], [ 149.625, -36.125 ], [ 149.625, -36.375 ], [ 149.375, -36.375 ], [ 149.375, -35.875 ], [ 149.625, -35.875 ], [ 149.625, -35.375 ], [ 149.125, -35.375 ], [ 149.125, -35.625 ], [ 148.625, -35.625 ], [ 148.625, -35.375 ], [ 148.875, -35.375 ], [ 148.875, -35.125 ], [ 149.375, -35.125 ], [ 149.375, -34.875 ], [ 149.625, -34.875 ], [ 149.625, -34.125 ], [ 149.875, -34.125 ], [ 149.875, -33.625 ], [ 150.125, -33.625 ], [ 150.125, -33.375 ], [ 150.375, -33.375 ], [ 150.375, -33.125 ], [ 150.625, -33.125 ], [ 150.625, -33.625 ] ] ], [ [ [ 151.875, -32.625 ], [ 151.375, -32.625 ], [ 151.375, -32.125 ], [ 151.875, -32.125 ], [ 151.875, -32.625 ] ] ] ] } },
{ "type": "Feature", "properties": { "cluster_id": 77, "cohesion": 6.0394918107731366, "distances": { "1": 37.52977103135783, "2": 35.97555769071773, "3": 27.515014304242353, "4": 30.96807696090072, "5": 31.601476890188916, "6": 34.36880883577052, "7": 41.210894934010064, "8": 37.831842834946826, "9": 41.17941691059556, "10": 38.51101989534333, "11": 33.97790608279634, "12": 28.973379116973824, "13": 22.035026746011532, "14": 28.626462295414036, "15": 26.51667843116018, "16": 24.497136694855044, "17": 35.053011704221774, "18": 35.22276156422871, "19": 30.72268360573682, "20": 30.19232372062231, "21": 32.4803082482793, "22": 35.06429473361748, "23": 32.82169605161988, "24": 29.731477990632218, "25": 28.071312732090398, "26": 27.54847708615603, "27": 30.681788637417238, "28": 34.96267259339276, "29": 33.486045924999026, "30": 31.813863759666475, "31": 31.73567846553023, "32": 17.068210340048545, "33": 24.99624563493917, "34": 17.910300458803203, "35": 23.959608705489817, "36": 28.75462463691712, "37": 31.693985850282253, "38": 29.06165793459607, "39": 24.433290635490895, "40": 29.679288022805068, "41": 33.26748128625558, "42": 32.15182007022885, "43": 32.781861984405474, "44": 31.73229666603706, "45": 33.98983633612379, "46": 30.600763053734703, "47": 32.10087322379591, "48": 30.643356911602506, "49": 29.918020334559742, "50": 30.47822762858614, "51": 23.121268188268424, "52": 18.035241197899538, "53": 24.218880114407767, "54": 18.815292216451667, "55": 28.52703877406814, "56": 30.24591686871535, "57": 25.61343879403633, "58": 26.34534391018877, "59": 26.14264475422572, "60": 28.031581093936182, "61": 29.236432116278984, "62": 28.271354346309955, "63": 23.37810544743146, "64": 23.642709351748945, "65": 27.06175273854879, "66": 26.9350424842866, "67": 24.63000725400944, "68": 22.465460145237167, "69": 20.365227925092835, "70": 22.80114742081877, "71": 28.605939980413638, "72": 23.968882939804644, "73": 21.801023232351657, "74": 34.97341729132643, "75": 30.17741361951004, "76": 31.351036427813153, "78": 14.887446550656682, "79": 10.435702168846268, "80": 19.971810273012803, "81": 20.43617339047076, "82": 14.788177371721911, "83": 10.744781024429201, "84": 12.20064390449018, "85": 11.938702851037998, "86": 18.23331123764339, "87": 26.108787250485207, "88": 29.82976929818293, "89": 27.30144225325343, "90": 24.31761329212038, "91": 21.024099572367284, "92": 25.239922983069224 } }, "geometry": { "type": "Polygon", "coordinates": [ [ [ 139.875, -24.625 ], [ 139.875, -25.125 ], [ 140.125, -25.125 ], [ 140.125, -25.375 ], [ 140.375, -25.375 ], [ 140.375, -25.625 ], [ 140.125, -25.625 ], [ 140.125, -26.125 ], [ 140.375, -26.125 ], [ 140.375, -26.375 ], [ 141.375, -26.375 ], [ 141.375, -26.625 ], [ 141.625, -26.625 ], [ 141.625, -26.875 ], [ 142.375, -26.875 ], [ 142.375, -27.125 ], [ 143.375, -27.125 ], [ 143.375, -27.375 ], [ 144.125, -27.375 ], [ 144.125, -27.875 ], [ 144.625, -27.875 ], [ 144.625, -27.375 ], [ 145.125, -27.375 ], [ 145.125, -26.875 ], [ 144.375, -26.875 ], [ 144.375, -26.625 ], [ 143.875, -26.625 ], [ 143.875, -26.375 ], [ 143.625, -26.375 ], [ 143.625, -26.125 ], [ 143.125, -26.125 ], [ 143.125, -26.375 ], [ 142.625, -26.375 ], [ 142.625, -26.125 ], [ 142.375, -26.125 ], [ 142.375, -25.625 ], [ 142.125, -25.625 ], [ 142.125, -25.375 ], [ 141.875, -25.375 ], [ 141.875, -25.625 ], [ 141.625, -25.625 ], [ 141.625, -25.375 ], [ 141.375, -25.375 ], [ 141.375, -25.125 ], [ 140.875, -25.125 ], [ 140.875, -24.875 ], [ 140.625, -24.875 ], [ 140.625, -24.625 ], [ 139.875, -24.625 ] ] ] } },
{ "type": "Feature", "properties": { "cluster_id": 78, "cohesion": 6.3076563802132464, "distances": { "1": 42.4568961301176, "2": 41.551579659512555, "3": 32.29919668112642, "4": 35.032126206304596, "5": 35.009062269712906, "6": 38.946822179901396, "7": 46.837236732707616, "8": 43.1815531239204, "9": 47.36478794956607, "10": 44.92665673302825, "11": 40.751358206169535, "12": 36.263953935996184, "13": 29.503554857776596, "14": 34.84211404487246, "15": 30.374698948209748, "16": 30.955058387785854, "17": 39.461761031961345, "18": 41.859418295851704, "19": 36.24842609261648, "20": 33.85350643474395, "21": 35.20316049331675, "22": 39.35300493029137, "23": 36.9700542109059, "24": 31.998067052524906, "25": 29.84751008973906, "26": 27.523529799846795, "27": 28.40061716421071, "28": 35.05187815166867, "29": 31.671651109492107, "30": 28.936131544071987, "31": 25.97196645199518, "32": 15.773683328653624, "33": 25.427500222442397, "34": 20.416422650649494, "35": 23.119597345110552, "36": 26.113842794618765, "37": 27.958411202586742, "38": 21.641849054001423, "39": 18.681034689507435, "40": 30.746185758076646, "41": 34.91718845810805, "42": 30.3738560614725, "43": 33.16206257577603, "44": 31.273855702023365, "45": 30.132748222999368, "46": 27.041275761983123, "47": 27.17883652739175, "48": 29.2734843320334, "49": 26.996417167828533, "50": 25.18615722310001, "51": 16.757961487769066, "52": 11.1567851437006, "53": 15.380776666090831, "54": 10.111781015551047, "55": 22.088838653931248, "56": 23.633377317484815, "57": 18.7081968611182, "58": 23.102767282788314, "59": 24.327826025060364, "60": 23.742623948395416, "61": 25.24391123284918, "62": 21.675530815066857, "63": 27.962708771601488, "64": 26.63033570331231, "65": 30.86730841468683, "66": 30.022010424542003, "67": 30.028479133471436, "68": 27.58845927047297, "69": 27.38201560466344, "70": 28.252307772750974, "71": 32.3452080554916, "72": 27.33455693230304, "73": 24.477337951323605, "74": 36.38918939007714, "75": 31.934353258025645, "76": 34.10235091040305, "77": 14.88744655065668, "79": 10.060867216042315, "80": 24.54519705518293, "81": 23.314999676369688, "82": 19.655254517054377, "83": 19.82235168416753, "84": 21.337750672810415, "85": 13.261327629141439, "86": 22.233141073962756, "87": 26.284567475950396, "88": 30.535897522893688, "89": 25.76938239002857, "90": 25.695699452875566, "91": 18.690244654427058, "92": 22.20152360774016 } }, "geometry": { "type": "MultiPolygon", "coordinates": [ [ [ [ 135.875, -23.375 ], [ 135.875, -23.625 ], [ 136.375, -23.625 ], [ 136.375, -23.875 ], [ 136.625, -23.875 ], [ 136.625, -24.125 ], [ 137.125, -24.125 ], [ 137.125, -24.375 ], [ 137.375, -24.375 ], [ 137.375, -24.625 ], [ 137.875, -24.625 ], [ 137.875, -24.875 ], [ 138.375, -24.875 ], [ 138.375, -25.125 ], [ 137.125, -25.125 ], [ 137.125, -24.875 ], [ 136.875, -24.875 ], [ 136.875, -25.375 ], [ 137.125, -25.375 ], [ 137.125, -25.625 ], [ 137.625, -25.625 ], [ 137.625, -25.875 ], [ 138.125, -25.875 ], [ 138.125, -26.375 ], [ 138.375, -26.375 ], [ 138.375, -26.625 ], [ 138.625, -26.625 ], [ 138.625, -27.125 ], [ 138.375, -27.125 ], [ 138.375, -27.375 ], [ 137.875, -27.375 ], [ 137.875, -27.125 ], [ 137.625, -27.125 ], [ 137.625, -26.875 ], [ 137.375, -26.875 ], [ 137.375, -26.625 ], [ 137.125, -26.625 ], [ 137.125, -26.125 ], [ 136.875, -26.125 ], [ 136.875, -25.875 ], [ 136.625, -25.875 ], [ 136.625, -25.625 ], [ 136.125, -25.625 ], [ 136.125, -25.375 ], [ 135.875, -25.375 ], [ 135.875, -25.125 ], [ 135.625, -25.125 ], [ 135.625, -24.875 ], [ 134.625, -24.875 ], [ 134.625, -24.625 ], [ 134.375, -24.625 ], [ 134.375, -24.375 ], [ 134.125, -24.375 ], [ 134.125, -24.125 ], [ 134.375, -24.125 ], [ 134.375, -23.875 ], [ 134.625, -23.875 ], [ 134.625, -23.625 ], [ 134.375, -23.625 ], [ 134.375, -23.375 ], [ 135.875, -23.375 ] ] ], [ [ [ 133.875, -23.625 ], [ 133.875, -23.875 ], [ 133.625, -23.875 ], [ 133.625, -23.625 ], [ 133.875, -23.625 ] ] ] ] } },
{ "type": "Feature", "properties": { "cluster_id": 79, "cohesion": 6.4994500377217417, "distances": { "1": 41.47401358236685, "2": 40.356532034150305, "3": 31.258046200277963, "4": 34.3041082855298, "5": 34.47545111949677, "6": 38.03118575058117, "7": 45.915749535022364, "8": 42.37795294558441, "9": 46.336550865840266, "10": 43.86056945785477, "11": 39.371992890876946, "12": 34.85499334555003, "13": 27.754421933633548, "14": 33.51978162197139, "15": 30.435086593519728, "16": 29.974125999644205, "17": 39.0721385737077, "18": 40.82648920445425, "19": 35.66186613844238, "20": 33.90036469893469, "21": 35.37509988918033, "22": 38.88933699618836, "23": 36.56147828879815, "24": 32.24044468145198, "25": 30.347250146679055, "26": 26.6492548844148, "27": 28.372934610371505, "28": 34.7314011799142, "29": 31.755110682486723, "30": 29.79938903268582, "31": 28.123351805371026, "32": 12.361819678694138, "33": 23.428473813027896, "34": 16.485086874020215, "35": 20.827704313237938, "36": 25.48885706046907, "37": 28.41864876542806, "38": 24.094342007708985, "39": 18.974872691579385, "40": 31.233197197761825, "41": 35.450159149387716, "42": 32.70550435092471, "43": 34.50791940623718, "44": 32.69952143519059, "45": 32.90496864747216, "46": 30.012610972021694, "47": 30.513885192187676, "48": 30.653161021999022, "49": 28.460968844052818, "50": 28.040658958263375, "51": 20.3606662525913, "52": 15.259393991242144, "53": 18.877814480711958, "54": 12.487277691593661, "55": 25.09683688504941, "56": 27.322388943113367, "57": 22.39573231084364, "58": 25.402219193524328, "59": 25.730600853740025, "60": 26.773533498689467, "61": 28.298544206306914, "62": 25.526204803757068, "63": 26.637663855165084, "64": 25.604452223687346, "65": 29.841599242733306, "66": 29.379965198861672, "67": 28.081300175211112, "68": 25.70630422757383, "69": 25.359406473389612, "70": 25.990766748854238, "71": 30.800906541878785, "72": 25.128437725992256, "73": 23.739321642175554, "74": 36.002047317174494, "75": 32.151190068068686, "76": 33.51708156603233, "77": 10.43570216884627, "78": 10.060867216042316, "80": 21.395050798318834, "81": 21.271458170471778, "82": 15.78070710957217, "83": 16.27570404008266, "84": 18.642065083570884, "85": 13.48649815646046, "86": 22.171817435925057, "87": 27.142160949242918, "88": 31.420430386910944, "89": 27.578425455442126, "90": 26.69356248297344, "91": 21.044832717607587, "92": 24.727748120054056 } }, "geometry": { "type": "Polygon", "coordinates": [ [ [ 136.875, -24.875 ], [ 136.875, -25.375 ], [ 137.125, -25.375 ], [ 137.125, -25.625 ], [ 137.625, -25.625 ], [ 137.625, -25.875 ], [ 138.125, -25.875 ], [ 138.125, -26.375 ], [ 138.375, -26.375 ], [ 138.375, -26.625 ], [ 138.625, -26.625 ], [ 138.625, -27.375 ], [ 139.375, -27.375 ], [ 139.375, -27.125 ], [ 139.875, -27.125 ], [ 139.875, -27.375 ], [ 140.125, -27.375 ], [ 140.125, -27.625 ], [ 140.375, -27.625 ], [ 140.375, -28.375 ], [ 141.625, -28.375 ], [ 141.625, -28.625 ], [ 142.125, -28.625 ], [ 142.125, -28.375 ], [ 142.625, -28.375 ], [ 142.625, -28.125 ], [ 143.125, -28.125 ], [ 143.125, -28.625 ], [ 143.375, -28.625 ], [ 143.375, -28.875 ], [ 143.625, -28.875 ], [ 143.625, -28.625 ], [ 144.375, -28.625 ], [ 144.375, -28.375 ], [ 144.625, -28.375 ], [ 144.625, -27.875 ], [ 144.125, -27.875 ], [ 144.125, -27.375 ], [ 143.375, -27.375 ], [ 143.375, -27.125 ], [ 142.375, -27.125 ], [ 142.375, -26.875 ], [ 141.625, -26.875 ], [ 141.625, -26.625 ], [ 141.375, -26.625 ], [ 141.375, -26.375 ], [ 140.375, -26.375 ], [ 140.375, -26.125 ], [ 140.125, -26.125 ], [ 140.125, -25.875 ], [ 139.625, -25.875 ], [ 139.625, -25.375 ], [ 138.875, -25.375 ], [ 138.875, -25.125 ], [ 138.625, -25.125 ], [ 138.625, -24.875 ], [ 138.375, -24.875 ], [ 138.375, -25.125 ], [ 137.125, -25.125 ], [ 137.125, -24.875 ], [ 136.875, -24.875 ] ] ] } },
{ "type": "Feature", "properties": { "cluster_id": 80, "cohesion": 8.0389811992048568, "distances": { "1": 36.36688376544984, "2": 34.03226770385894, "3": 26.645531032016816, "4": 29.81805406350381, "5": 30.52563328256938, "6": 33.20882859762164, "7": 39.49300709325066, "8": 36.760490588797914, "9": 40.42655536235857, "10": 38.902757138369445, "11": 34.146528673182814, "12": 32.10428263619533, "13": 26.110897287591605, "14": 29.029952575026847, "15": 31.189055474010107, "16": 31.491025962241014, "17": 35.228409714351024, "18": 38.13609283818218, "19": 34.57567352042143, "20": 32.526628444337405, "21": 31.91073144784041, "22": 33.48556037867194, "23": 31.92012023767714, "24": 28.398396478374774, "25": 26.98751365042422, "26": 19.485370513158184, "27": 24.74073657511319, "28": 27.38307194225645, "29": 27.141328691475973, "30": 28.00925300586607, "31": 30.402101075398136, "32": 19.185276653398294, "33": 14.811105871641896, "34": 12.866433135721314, "35": 18.447015017808475, "36": 23.148633848631466, "37": 27.115454472737508, "38": 29.021676254424847, "39": 24.42603563833686, "40": 28.887243609019222, "41": 31.28937890715248, "42": 32.85466143416396, "43": 31.982075449731354, "44": 32.207490157278166, "45": 34.888532749872745, "46": 31.853277006145845, "47": 33.95176143717205, "48": 30.543002705552198, "49": 28.88846470317795, "50": 32.203425910055714, "51": 27.72949850457939, "52": 26.20884213808138, "53": 27.414161586368447, "54": 24.85236699059894, "55": 29.836876482943826, "56": 32.610639033063755, "57": 29.423722193598234, "58": 25.419699836516955, "59": 24.25811983061073, "60": 29.188236786140717, "61": 30.193538600511364, "62": 30.83948903901591, "63": 22.1765601884859, "64": 20.86077823377038, "65": 23.52596992033455, "66": 25.62532414878316, "67": 16.692875579924117, "68": 17.298849026654832, "69": 20.885816474357117, "70": 13.29245746215751, "71": 18.606148656105425, "72": 11.915754702223733, "73": 16.30454666414664, "74": 27.476077170771617, "75": 26.404363298390408, "76": 24.146909551639375, "77": 19.97181027301281, "78": 24.545197055182925, "79": 21.395050798318834, "81": 14.164881157536625, "82": 13.486337182501195, "83": 18.37505059590132, "84": 22.637845309625394, "85": 24.886758411898988, "86": 28.083706490914274, "87": 24.57165592372551, "88": 29.274011995269053, "89": 28.173660917668894, "90": 29.303358116973428, "91": 27.39134122656342, "92": 28.26396543449348 } }, "geometry": { "type": "MultiPolygon", "coordinates": [ [ [ [ 151.875, -26.875 ], [ 151.875, -29.375 ], [ 151.625, -29.375 ], [ 151.625, -29.875 ], [ 151.375, -29.875 ], [ 151.375, -30.125 ], [ 151.625, -30.125 ], [ 151.625, -30.625 ], [ 151.375, -30.625 ], [ 151.375, -31.375 ], [ 150.875, -31.375 ], [ 150.875, -31.625 ], [ 150.625, -31.625 ], [ 150.625, -31.875 ], [ 149.875, -31.875 ], [ 149.875, -32.375 ], [ 149.625, -32.375 ], [ 149.625, -32.875 ], [ 149.375, -32.875 ], [ 149.375, -33.125 ], [ 148.625, -33.125 ], [ 148.625, -32.875 ], [ 148.375, -32.875 ], [ 148.375, -31.625 ], [ 148.625, -31.625 ], [ 148.625, -30.625 ], [ 148.875, -30.625 ], [ 148.875, -30.375 ], [ 150.125, -30.375 ], [ 150.125, -29.875 ], [ 150.875, -29.875 ], [ 150.875, -29.125 ], [ 151.125, -29.125 ], [ 151.125, -28.875 ], [ 151.375, -28.875 ], [ 151.375, -27.625 ], [ 151.625, -27.625 ], [ 151.625, -26.875 ], [ 151.875, -26.875 ] ] ], [ [ [ 151.375, -26.875 ], [ 151.375, -26.625 ], [ 151.625, -26.625 ], [ 151.625, -26.875 ], [ 151.375, -26.875 ] ] ] ] } },
{ "type": "Feature", "properties": { "cluster_id": 81, "cohesion": 6.4286129491347239, "distances": { "1": 37.26950401446904, "2": 34.65982220147887, "3": 24.41475674490024, "4": 28.18877298354824, "5": 29.283765362848495, "6": 32.78855151571135, "7": 42.29874131251215, "8": 39.409740867140975, "9": 43.68288764458498, "10": 42.382742680997985, "11": 35.89000910637653, "12": 34.496836907155185, "13": 26.03476796480545, "14": 28.610712945981945, "15": 33.875017095537466, "16": 34.59240323144562, "17": 37.74012671598035, "18": 41.98941435255325, "19": 38.04922704884602, "20": 34.87794181639906, "21": 33.920752147333836, "22": 35.62414723409104, "23": 33.78894316561345, "24": 29.69238625589927, "25": 27.67343806332461, "26": 23.75582416933324, "27": 26.120183356375048, "28": 28.50541691879827, "29": 27.219030433301317, "30": 25.533645324087626, "31": 26.833141683262763, "32": 19.257761091889684, "33": 18.524040957524555, "34": 14.8349252472716, "35": 19.00410293875499, "36": 24.057682135350763, "37": 26.919579172176448, "38": 26.093791185663235, "39": 24.156800146672527, "40": 29.726054805771042, "41": 32.48484269658489, "42": 31.71121229413221, "43": 32.40289217178244, "44": 31.562454566108407, "45": 32.07504674624124, "46": 29.773079645570334, "47": 31.350173345730184, "48": 28.94568996147027, "49": 25.57423385929081, "50": 28.46687030532815, "51": 26.801332019983004, "52": 25.15641705638734, "53": 24.143487730872053, "54": 22.786851918821306, "55": 25.383690607957686, "56": 29.301962685659575, "57": 26.884870187491913, "58": 22.800364156912966, "59": 21.786542621516514, "60": 27.429736995080432, "61": 28.0237996416927, "62": 28.40844171602273, "63": 17.505575997877262, "64": 15.390877384665188, "65": 20.7188308845263, "66": 21.872141306912628, "67": 18.149805854074447, "68": 13.375365863302637, "69": 18.7560543528948, "70": 18.672107200408462, "71": 25.428057761083817, "72": 19.821570797422588, "73": 20.009990210275912, "74": 30.458322526677307, "75": 28.65244722471494, "76": 29.33156761259259, "77": 20.43617339047076, "78": 23.314999676369688, "79": 21.271458170471778, "80": 14.164881157536625, "82": 11.218778539752721, "83": 16.353579524769092, "84": 23.12654722245662, "85": 25.933810628090793, "86": 30.5830697809668, "87": 24.019879587148992, "88": 30.476898532781295, "89": 27.97226335877074, "90": 31.020109472624853, "91": 28.153474153653534, "92": 28.214330050471244 } }, "geometry": { "type": "Polygon", "coordinates": [ [ [ 146.375, -25.125 ], [ 146.375, -26.125 ], [ 147.125, -26.125 ], [ 147.125, -26.375 ], [ 146.875, -26.375 ], [ 146.875, -26.625 ], [ 146.625, -26.625 ], [ 146.625, -26.875 ], [ 146.375, -26.875 ], [ 146.375, -27.375 ], [ 146.625, -27.375 ], [ 146.625, -27.625 ], [ 146.875, -27.625 ], [ 146.875, -27.875 ], [ 147.375, -27.875 ], [ 147.375, -28.125 ], [ 148.125, -28.125 ], [ 148.125, -28.375 ], [ 148.375, -28.375 ], [ 148.375, -28.625 ], [ 148.625, -28.625 ], [ 148.625, -28.875 ], [ 149.125, -28.875 ], [ 149.125, -29.125 ], [ 149.375, -29.125 ], [ 149.375, -29.375 ], [ 149.625, -29.375 ], [ 149.625, -29.625 ], [ 150.375, -29.625 ], [ 150.375, -29.875 ], [ 150.875, -29.875 ], [ 150.875, -29.125 ], [ 151.125, -29.125 ], [ 151.125, -28.875 ], [ 151.375, -28.875 ], [ 151.375, -27.625 ], [ 151.625, -27.625 ], [ 151.625, -26.875 ], [ 151.375, -26.875 ], [ 151.375, -26.625 ], [ 151.125, -26.625 ], [ 151.125, -26.375 ], [ 149.125, -26.375 ], [ 149.125, -26.125 ], [ 148.875, -26.125 ], [ 148.875, -25.875 ], [ 149.125, -25.875 ], [ 149.125, -25.625 ], [ 148.375, -25.625 ], [ 148.375, -25.375 ], [ 148.125, -25.375 ], [ 148.125, -25.125 ], [ 146.375, -25.125 ] ] ] } },
{ "type": "Feature", "properties": { "cluster_id": 82, "cohesion": 7.3728615150701948, "distances": { "1": 38.12066081380832, "2": 36.01141454978999, "3": 26.59708098643311, "4": 30.33951164795336, "5": 30.850001602676226, "6": 34.26796302030151, "7": 42.72124008994391, "8": 39.480151682051925, "9": 43.536127922976874, "10": 41.68781329519747, "11": 36.20076727238783, "12": 33.3483890437061, "13": 25.317726967986747, "14": 29.648779640747534, "15": 31.627146352350078, "16": 31.72704031790677, "17": 37.222529274125165, "18": 40.31118903490012, "19": 36.05420822751031, "20": 33.4876580489108, "21": 33.60155600957296, "22": 36.33570286516792, "23": 34.013223605472845, "24": 30.047683545377065, "25": 28.66589046617799, "26": 22.84163481297356, "27": 25.890413736337667, "28": 29.978367612164227, "29": 28.267733183784067, "30": 27.30265524660415, "31": 28.08413125885426, "32": 14.300483566867083, "33": 17.389738788731105, "34": 10.102175076798119, "35": 16.760774465929103, "36": 23.051582328708136, "37": 26.90500144942196, "38": 25.90705721588866, "39": 21.76875130881245, "40": 30.369325849779138, "41": 33.68082961244683, "42": 33.41462981261833, "43": 33.829453217867574, "44": 32.841843841223344, "45": 34.087267207277336, "46": 31.525964182416875, "47": 32.84966639111041, "48": 30.42115564780747, "49": 27.40576689929329, "50": 29.807106913560865, "51": 25.29921435149303, "52": 22.729731933839872, "53": 23.150436496739715, "54": 19.87887870933545, "55": 26.55213795879835, "56": 30.283899325211, "57": 26.61894177344849, "58": 24.89967469726532, "59": 23.756428472034433, "60": 28.274174022731508, "61": 29.685236437334776, "62": 28.811246372705405, "63": 20.365712067460308, "64": 19.389346753881373, "65": 24.279831808727128, "66": 24.64040070112759, "67": 21.07297817697156, "68": 17.48976993272041, "69": 19.615248600764215, "70": 19.548019471281577, "71": 25.293103289308156, "72": 19.089456650715384, "73": 19.785027249094796, "74": 31.32148288558938, "75": 29.1547571760972, "76": 29.369545126778345, "77": 14.788177371721913, "78": 19.65525451705438, "79": 15.78070710957217, "80": 13.486337182501195, "81": 11.218778539752721, "83": 12.931597063603594, "84": 19.46389939675065, "85": 21.41831208430312, "86": 26.865875861228577, "87": 24.997311737202303, "88": 30.294068046741998, "89": 27.86153470795911, "90": 28.818824447638143, "91": 25.65185823476546, "92": 27.113830473606935 } }, "geometry": { "type": "Polygon", "coordinates": [ [ [ 145.875, -25.375 ], [ 145.875, -25.625 ], [ 145.625, -25.625 ], [ 145.625, -25.875 ], [ 145.125, -25.875 ], [ 145.125, -26.625 ], [ 144.875, -26.625 ], [ 144.875, -26.875 ], [ 145.125, -26.875 ], [ 145.125, -27.375 ], [ 144.625, -27.375 ], [ 144.625, -28.375 ], [ 144.875, -28.375 ], [ 144.875, -28.875 ], [ 145.125, -28.875 ], [ 145.125, -29.125 ], [ 146.625, -29.125 ], [ 146.625, -29.375 ], [ 146.875, -29.375 ], [ 146.875, -29.625 ], [ 147.125, -29.625 ], [ 147.125, -29.875 ], [ 147.625, -29.875 ], [ 147.625, -30.375 ], [ 147.875, -30.375 ], [ 147.875, -30.875 ], [ 148.125, -30.875 ], [ 148.125, -31.375 ], [ 148.625, -31.375 ], [ 148.625, -30.625 ], [ 148.875, -30.625 ], [ 148.875, -30.375 ], [ 150.125, -30.375 ], [ 150.125, -29.875 ], [ 150.375, -29.875 ], [ 150.375, -29.625 ], [ 149.625, -29.625 ], [ 149.625, -29.375 ], [ 149.375, -29.375 ], [ 149.375, -29.125 ], [ 149.125, -29.125 ], [ 149.125, -28.875 ], [ 148.625, -28.875 ], [ 148.625, -28.625 ], [ 148.375, -28.625 ], [ 148.375, -28.375 ], [ 148.125, -28.375 ], [ 148.125, -28.125 ], [ 147.375, -28.125 ], [ 147.375, -27.875 ], [ 146.875, -27.875 ], [ 146.875, -27.625 ], [ 146.625, -27.625 ], [ 146.625, -27.375 ], [ 146.375, -27.375 ], [ 146.375, -26.875 ], [ 146.625, -26.875 ], [ 146.625, -26.625 ], [ 146.875, -26.625 ], [ 146.875, -26.375 ], [ 147.125, -26.375 ], [ 147.125, -26.125 ], [ 146.375, -26.125 ], [ 146.375, -25.375 ], [ 145.875, -25.375 ] ] ] } },
{ "type": "Feature", "properties": { "cluster_id": 83, "cohesion": 5.1117108267834697, "distances": { "1": 33.57962018838212, "2": 31.163609320805936, "3": 21.74471727451512, "4": 26.255786151330515, "5": 27.4019524942623, "6": 29.895379120719806, "7": 37.519519747866404, "8": 34.343910585625885, "9": 37.698205417363454, "10": 35.41520224203973, "11": 29.462904348865365, "12": 25.66382881300286, "13": 17.078170806806877, "14": 23.030229436498015, "15": 26.009156605369977, "16": 24.19829006162208, "17": 32.327539668210605, "18": 33.284559130981656, "19": 29.528279685249117, "20": 28.613203423567352, "21": 30.257057059239724, "22": 31.83213583136987, "23": 29.581444978266017, "24": 27.125083397775274, "25": 25.61959268214203, "26": 27.275392440652276, "27": 30.52239045362805, "28": 32.61375025947863, "29": 32.057817473804405, "30": 29.97975674810318, "31": 31.219058172771362, "32": 20.195830599129135, "33": 24.66656625975558, "34": 18.54121374749442, "35": 24.448374808645497, "36": 29.206216266729662, "37": 31.73063996544279, "38": 30.06167623702394, "39": 26.9324380175271, "40": 27.82585623347069, "41": 30.916432142614795, "42": 31.471876834207034, "43": 31.22165544394202, "44": 30.308640926142346, "45": 33.408042572136814, "46": 30.695670808267487, "47": 32.462273262643805, "48": 29.16554482731788, "49": 28.14226576327999, "50": 30.343449707412258, "51": 25.504883273341182, "52": 21.56402640302266, "53": 26.26401505014846, "54": 22.56443427082927, "55": 28.378621936713774, "56": 31.203864488962562, "57": 27.153361084127805, "58": 25.987049846840012, "59": 24.563189605237238, "60": 28.26264218284359, "61": 29.420253597545816, "62": 29.670442769986103, "63": 16.626700008148063, "64": 18.213251850277008, "65": 22.0138249136836, "66": 21.803664776332205, "67": 20.060606249404675, "68": 16.214392311664238, "69": 13.32099514300717, "70": 19.78695548778425, "71": 26.771053885577807, "72": 22.9508699558223, "73": 20.17400831174251, "74": 32.728710182604786, "75": 28.273962450264204, "76": 29.58475469503813, "77": 10.7447810244292, "78": 19.82235168416753, "79": 16.27570404008266, "80": 18.37505059590132, "81": 16.353579524769092, "82": 12.931597063603592, "84": 11.027561838448632, "85": 17.297138915819435, "86": 20.636948202225177, "87": 23.927515814496765, "88": 28.337273915859072, "89": 26.70067991885183, "90": 24.69694531486273, "91": 23.18485276347477, "92": 26.1055651923672 } }, "geometry": { "type": "Polygon", "coordinates": [ [ [ 144.375, -25.125 ], [ 144.375, -25.375 ], [ 144.125, -25.375 ], [ 144.125, -25.625 ], [ 143.375, -25.625 ], [ 143.375, -26.125 ], [ 143.625, -26.125 ], [ 143.625, -26.375 ], [ 143.875, -26.375 ], [ 143.875, -26.625 ], [ 144.375, -26.625 ], [ 144.375, -26.875 ], [ 144.875, -26.875 ], [ 144.875, -26.625 ], [ 145.125, -26.625 ], [ 145.125, -25.875 ], [ 145.625, -25.875 ], [ 145.625, -25.625 ], [ 145.875, -25.625 ], [ 145.875, -25.375 ], [ 146.125, -25.375 ], [ 146.125, -25.125 ], [ 144.375, -25.125 ] ] ] } },
{ "type": "Feature", "properties": { "cluster_id": 84, "cohesion": 7.5277261250383649, "distances": { "1": 33.004722170365774, "2": 30.332131985380077, "3": 22.67739389083938, "4": 27.46882455062673, "5": 28.55500816331782, "6": 30.139426207609194, "7": 34.86425096214373, "8": 31.390561070317357, "9": 33.89318479371637, "10": 30.87221315505677, "11": 26.249234537469196, "12": 20.173743355388556, "13": 13.455965643076036, "14": 21.58606445016306, "15": 21.24412316219036, "16": 17.338299471524113, "17": 29.17203645385651, "18": 27.466550259521895, "19": 24.034845035066997, "20": 24.87960536271406, "21": 28.26412786711246, "22": 30.187524726000614, "23": 27.68970737463809, "24": 26.292830933110775, "25": 25.544501336955467, "26": 29.665481439927074, "27": 33.50812920287508, "28": 35.71329015680464, "29": 35.68048554133927, "30": 34.54790817757453, "31": 35.61965565906284, "32": 24.206479409189434, "33": 28.668261831626932, "34": 23.456232543289946, "35": 28.885913453160686, "36": 32.72568166879492, "37": 35.2701420212836, "38": 33.98417572523896, "39": 30.257921211729496, "40": 28.989693907427544, "41": 31.376880143736226, "42": 32.36265157038747, "43": 31.586519319550725, "44": 31.591335201532733, "45": 35.89021556783525, "46": 32.08155960934775, "47": 34.27929027412429, "48": 31.983224891202124, "49": 32.59982216091642, "50": 33.9796721350247, "51": 26.04292244814708, "52": 22.248081805664466, "53": 29.84450505723124, "54": 25.697885718314172, "55": 32.704416648227806, "56": 33.819095065058335, "57": 29.539595759023456, "58": 28.70054554566178, "59": 27.632957041936688, "60": 29.297110760000287, "61": 30.88604654781681, "62": 31.34888515759877, "63": 20.001268806179677, "64": 22.72803201704147, "65": 25.48175787866418, "66": 24.645152431584055, "67": 23.3535454742381, "68": 20.77792042319111, "69": 15.197236131137446, "70": 22.034829447690097, "71": 27.5604906012801, "72": 25.368823660181864, "73": 21.25106293879168, "74": 34.30122119432917, "75": 29.106931513747746, "76": 29.623237081963843, "77": 12.200643904490182, "78": 21.337750672810415, "79": 18.642065083570884, "80": 22.637845309625394, "81": 23.12654722245662, "82": 19.463899396750648, "83": 11.027561838448635, "85": 14.593880920567091, "86": 14.832880181315113, "87": 25.383095642831726, "88": 27.48899568829814, "89": 26.509022094468847, "90": 21.219251470119193, "91": 21.16290097552191, "92": 25.43723491342318 } }, "geometry": { "type": "Polygon", "coordinates": [ [ [ 140.125, -22.375 ], [ 140.125, -22.625 ], [ 139.125, -22.625 ], [ 139.125, -22.875 ], [ 139.625, -22.875 ], [ 139.625, -23.125 ], [ 139.875, -23.125 ], [ 139.875, -23.375 ], [ 138.875, -23.375 ], [ 138.875, -23.625 ], [ 139.125, -23.625 ], [ 139.125, -23.875 ], [ 139.625, -23.875 ], [ 139.625, -24.125 ], [ 139.875, -24.125 ], [ 139.875, -24.375 ], [ 140.125, -24.375 ], [ 140.125, -24.625 ], [ 140.625, -24.625 ], [ 140.625, -24.875 ], [ 140.875, -24.875 ], [ 140.875, -25.125 ], [ 141.375, -25.125 ], [ 141.375, -25.375 ], [ 141.625, -25.375 ], [ 141.625, -25.625 ], [ 141.875, -25.625 ], [ 141.875, -25.375 ], [ 142.125, -25.375 ], [ 142.125, -25.625 ], [ 142.375, -25.625 ], [ 142.375, -26.125 ], [ 142.625, -26.125 ], [ 142.625, -26.375 ], [ 143.125, -26.375 ], [ 143.125, -26.125 ], [ 143.375, -26.125 ], [ 143.375, -25.625 ], [ 144.125, -25.625 ], [ 144.125, -25.375 ], [ 144.375, -25.375 ], [ 144.375, -25.125 ], [ 144.125, -25.125 ], [ 144.125, -24.625 ], [ 143.875, -24.625 ], [ 143.875, -24.125 ], [ 143.625, -24.125 ], [ 143.625, -23.875 ], [ 143.375, -23.875 ], [ 143.375, -23.625 ], [ 143.125, -23.625 ], [ 143.125, -23.375 ], [ 142.125, -23.375 ], [ 142.125, -23.125 ], [ 141.875, -23.125 ], [ 141.875, -22.625 ], [ 141.625, -22.625 ], [ 141.625, -22.375 ], [ 141.125, -22.375 ], [ 141.125, -22.625 ], [ 140.625, -22.625 ], [ 140.625, -22.375 ], [ 140.125, -22.375 ] ] ] } },
{ "type": "Feature", "properties": { "cluster_id": 85, "cohesion": 7.278675044147171, "distances": { "1": 39.27994607621173, "2": 37.65006229476637, "3": 29.96014562220451, "4": 33.61174139634773, "5": 33.96509238370227, "6": 36.56089377870051, "7": 41.003705218512614, "8": 36.983656153609914, "9": 40.20685996855373, "10": 36.999439728205246, "11": 34.47069034999647, "12": 28.10093937184728, "13": 23.378937624478382, "14": 30.32348985797423, "15": 22.060829286986646, "16": 21.23448433970793, "17": 32.86737220414223, "18": 32.77008639814546, "19": 27.31854859067345, "20": 26.646418700502075, "21": 30.253056850569713, "22": 34.91442405752662, "23": 31.963584714783256, "24": 28.340439843772636, "25": 27.53447749078498, "26": 29.282037195036605, "27": 32.33393822356299, "28": 37.515655956919474, "29": 35.810660915350915, "30": 34.65373377289353, "31": 33.41779306831005, "32": 20.94276973002449, "33": 28.37680761721258, "34": 23.133741562349442, "35": 27.68239065800383, "36": 30.881116987036364, "37": 33.38131193219735, "38": 29.867978288043115, "39": 25.72635055385134, "40": 31.520518594280453, "41": 34.60397537872667, "42": 32.006258946776995, "43": 33.364565414883465, "44": 32.950405222460994, "45": 34.712459533548504, "46": 29.82720694143323, "47": 31.406673090257048, "48": 32.88222455152654, "49": 32.75218708172259, "50": 31.67792546766171, "51": 19.237236336639082, "52": 14.582450032666175, "53": 24.324902353901056, "54": 19.336020236768917, "55": 29.905827712089113, "56": 29.57065243074473, "57": 24.6081339950358, "58": 26.64908052185784, "59": 27.446755284273838, "60": 25.76084317349752, "61": 28.036487309956645, "62": 26.133898080730372, "63": 27.03377560569323, "64": 27.62764640812116, "65": 31.023060835743134, "66": 30.13304756502202, "67": 28.92811395208716, "68": 26.816818931254247, "69": 23.808684415130912, "70": 26.25853181819506, "71": 30.219280559314818, "72": 26.90487523537865, "73": 22.87154993432835, "74": 36.56155509544458, "75": 31.34027843608992, "76": 31.932747252365534, "77": 11.938702851037998, "78": 13.261327629141439, "79": 13.48649815646046, "80": 24.886758411898988, "81": 25.933810628090793, "82": 21.418312084303118, "83": 17.297138915819435, "84": 14.593880920567091, "86": 12.716479475724288, "87": 26.560708725733242, "88": 27.7125135901586, "89": 24.608082847474098, "90": 19.015606209317863, "91": 14.863454430022436, "92": 21.02586187120303 } }, "geometry": { "type": "MultiPolygon", "coordinates": [ [ [ [ 134.375, -23.125 ], [ 135.375, -23.125 ], [ 135.375, -22.875 ], [ 137.125, -22.875 ], [ 137.125, -23.125 ], [ 138.125, -23.125 ], [ 138.125, -23.375 ], [ 138.875, -23.375 ], [ 138.875, -23.625 ], [ 139.125, -23.625 ], [ 139.125, -23.875 ], [ 139.625, -23.875 ], [ 139.625, -24.125 ], [ 139.875, -24.125 ], [ 139.875, -24.375 ], [ 140.125, -24.375 ], [ 140.125, -24.625 ], [ 139.875, -24.625 ], [ 139.875, -25.125 ], [ 140.125, -25.125 ], [ 140.125, -25.375 ], [ 140.375, -25.375 ], [ 140.375, -25.625 ], [ 140.125, -25.625 ], [ 140.125, -25.875 ], [ 139.625, -25.875 ], [ 139.625, -25.375 ], [ 138.875, -25.375 ], [ 138.875, -25.125 ], [ 138.625, -25.125 ], [ 138.625, -24.875 ], [ 137.875, -24.875 ], [ 137.875, -24.625 ], [ 137.375, -24.625 ], [ 137.375, -24.375 ], [ 137.125, -24.375 ], [ 137.125, -24.125 ], [ 136.625, -24.125 ], [ 136.625, -23.875 ], [ 136.375, -23.875 ], [ 136.375, -23.625 ], [ 135.875, -23.625 ], [ 135.875, -23.375 ], [ 134.375, -23.375 ], [ 134.375, -23.125 ] ] ], [ [ [ 134.375, -23.625 ], [ 133.625, -23.625 ], [ 133.625, -23.875 ], [ 131.875, -23.875 ], [ 131.875, -24.125 ], [ 131.375, -24.125 ], [ 131.375, -23.875 ], [ 130.375, -23.875 ], [ 130.375, -23.625 ], [ 130.875, -23.625 ], [ 130.875, -23.375 ], [ 134.375, -23.375 ], [ 134.375, -23.625 ] ] ] ] } },
{ "type": "Feature", "properties": { "cluster_id": 86, "cohesion": 7.0675128528794939, "distances": { "1": 35.98351712094762, "2": 33.61599199688476, "3": 28.386916527427623, "4": 32.518222268366195, "5": 33.179550272028656, "6": 34.2065470876238, "7": 34.54025985525662, "8": 30.37666399501843, "9": 32.474145564306625, "10": 28.65900038170266, "11": 28.169284357927623, "12": 20.49464821273883, "13": 19.5789502831546, "14": 26.53547722599027, "15": 14.339038542909593, "16": 12.279387211479323, "17": 26.149647806366886, "18": 23.38091102730011, "19": 18.204140625117592, "20": 20.07718557726906, "21": 25.91856371292247, "22": 30.168395024266587, "23": 26.953000708278317, "24": 25.28062128972357, "25": 25.810645420510937, "26": 32.052724813871876, "27": 36.288592147334725, "28": 39.527463551570385, "29": 39.360990020152485, "30": 39.259877969909574, "31": 39.43397596103815, "32": 28.425509930983523, "33": 32.71246226756907, "34": 28.93584485432336, "35": 33.45901230781903, "36": 35.96141965632003, "37": 38.303962967414144, "38": 36.76315866731728, "39": 32.74855204467067, "40": 32.54274913878922, "41": 34.29286371979748, "42": 34.340942719981314, "43": 33.88089886984731, "44": 34.88665466465183, "45": 39.054417200986364, "46": 33.68080523686284, "47": 36.06736468702345, "48": 36.34700821105093, "49": 37.64570964782778, "50": 37.61898351228102, "51": 24.49022258124413, "52": 21.40764928001782, "53": 32.13551769784016, "54": 27.9742537937057, "55": 36.54566584493545, "56": 35.63007948129159, "57": 30.96639286236592, "58": 31.352478225460974, "59": 31.355606517344615, "60": 29.337310941055932, "61": 32.100712545364836, "62": 31.665067100836183, "63": 27.639667993178826, "64": 29.832181372586405, "65": 31.990963098809935, "66": 30.917971587750973, "67": 29.42786797564913, "68": 28.061193102670487, "69": 23.04260336849427, "70": 26.456788595907827, "71": 29.41203227475053, "72": 28.603174153276836, "73": 23.38913791393217, "74": 36.75463392692573, "75": 31.28902399862061, "76": 30.520249132073758, "77": 18.23331123764339, "78": 22.233141073962756, "79": 22.171817435925057, "80": 28.083706490914274, "81": 30.5830697809668, "82": 26.865875861228574, "83": 20.636948202225174, "84": 14.832880181315113, "85": 12.716479475724288, "87": 28.0328970292139, "88": 26.223187692312383, "89": 25.41561645809367, "90": 14.881549615467351, "91": 16.046327345273646, "92": 22.7496314747224 } }, "geometry": { "type": "Polygon", "coordinates": [ [ [ 132.875, -21.875 ], [ 132.875, -22.125 ], [ 131.625, -22.125 ], [ 131.625, -22.375 ], [ 130.625, -22.375 ], [ 130.625, -22.625 ], [ 130.375, -22.625 ], [ 130.375, -22.875 ], [ 130.625, -22.875 ], [ 130.625, -23.125 ], [ 130.875, -23.125 ], [ 130.875, -23.375 ], [ 134.375, -23.375 ], [ 134.375, -23.125 ], [ 135.375, -23.125 ], [ 135.375, -22.875 ], [ 137.125, -22.875 ], [ 137.125, -23.125 ], [ 138.125, -23.125 ], [ 138.125, -23.375 ], [ 139.875, -23.375 ], [ 139.875, -23.125 ], [ 139.625, -23.125 ], [ 139.625, -22.875 ], [ 139.125, -22.875 ], [ 139.125, -22.625 ], [ 138.375, -22.625 ], [ 138.375, -22.375 ], [ 138.125, -22.375 ], [ 138.125, -22.125 ], [ 137.625, -22.125 ], [ 137.625, -21.875 ], [ 136.625, -21.875 ], [ 136.625, -22.125 ], [ 136.125, -22.125 ], [ 136.125, -21.875 ], [ 132.875, -21.875 ] ] ] } },
{ "type": "Feature", "properties": { "cluster_id": 87, "cohesion": 5.0842496537616482, "distances": { "1": 29.713900052188627, "2": 28.719122007519438, "3": 23.82658660449695, "4": 25.355073307496095, "5": 23.210998093175803, "6": 27.193061428350973, "7": 33.54758887332951, "8": 30.57396929440652, "9": 35.31843210394483, "10": 34.51227199927281, "11": 30.65947339529661, "12": 29.934292112233916, "13": 25.39236986865264, "14": 26.07860358758797, "15": 26.524411233943777, "16": 30.255257289623323, "17": 27.34796467831736, "18": 34.82824498144376, "19": 30.82852554530415, "20": 25.01518743662943, "21": 20.047303828018492, "22": 27.309329305063944, "23": 24.66032627872468, "24": 18.377257658330112, "25": 20.077935836801135, "26": 23.346065074278858, "27": 25.750508668510342, "28": 25.604009109130253, "29": 26.074554407881834, "30": 25.568704012804098, "31": 27.46608913837502, "32": 27.684265108976472, "33": 25.520050463517425, "34": 27.10824983838228, "35": 27.428104566589365, "36": 27.16485363457206, "37": 27.192356404978366, "38": 27.607647945482604, "39": 28.174871484555975, "40": 24.105047478915797, "41": 25.68717640490046, "42": 28.0032101352602, "43": 27.259208353039988, "44": 27.346335056402793, "45": 29.879812694028043, "46": 26.70289883962218, "47": 28.445790841908625, "48": 26.686528303862445, "49": 26.010072874252636, "50": 29.59184159431623, "51": 23.97449752311585, "52": 25.57617126865848, "53": 26.689938453768235, "54": 27.08372822136975, "55": 27.337009096746673, "56": 29.002263324374553, "57": 27.16161989654024, "58": 19.432369532841165, "59": 12.819541141435858, "60": 18.29398955355745, "61": 23.51732193699299, "62": 25.385301559478332, "63": 22.54950147265333, "64": 22.606484852178838, "65": 25.070383785231375, "66": 21.925362333977898, "67": 24.06703813809819, "68": 23.550017820725408, "69": 23.304042674603096, "70": 22.49829771315238, "71": 23.383223089089753, "72": 23.272473852043877, "73": 18.335230604066872, "74": 24.5461576936749, "75": 21.73080381979316, "76": 22.995422728332578, "77": 26.1087872504852, "78": 26.284567475950396, "79": 27.142160949242918, "80": 24.571655923725498, "81": 24.019879587148992, "82": 24.997311737202303, "83": 23.927515814496765, "84": 25.383095642831726, "85": 26.560708725733242, "86": 28.0328970292139, "88": 13.776109451652989, "89": 13.466406302040129, "90": 22.920644934684837, "91": 23.14672739203238, "92": 19.065959176539327 } }, "geometry": { "type": "Polygon", "coordinates": [ [ [ 117.875, -20.125 ], [ 117.875, -20.375 ], [ 116.375, -20.375 ], [ 116.375, -21.125 ], [ 116.125, -21.125 ], [ 116.125, -22.125 ], [ 116.375, -22.125 ], [ 116.375, -22.375 ], [ 116.625, -22.375 ], [ 116.625, -22.625 ], [ 117.125, -22.625 ], [ 117.125, -22.875 ], [ 117.375, -22.875 ], [ 117.375, -22.625 ], [ 117.625, -22.625 ], [ 117.625, -22.375 ], [ 117.875, -22.375 ], [ 117.875, -21.375 ], [ 117.625, -21.375 ], [ 117.625, -20.875 ], [ 117.875, -20.875 ], [ 117.875, -20.625 ], [ 118.125, -20.625 ], [ 118.125, -20.375 ], [ 118.375, -20.375 ], [ 118.375, -20.125 ], [ 117.875, -20.125 ] ] ] } },
{ "type": "Feature", "properties": { "cluster_id": 88, "cohesion": 6.8120283500550043, "distances": { "1": 30.89630958980204, "2": 29.855139732124673, "3": 27.72660354143555, "4": 29.852836291729446, "5": 27.30321747893751, "6": 30.035213596218252, "7": 31.069111222117908, "8": 27.319682838701816, "9": 31.466442182714797, "10": 30.03534706019437, "11": 29.987715297801603, "12": 28.0754268068089, "13": 27.003060476080336, "14": 28.10008392666274, "15": 21.26708324153522, "16": 27.226903059840556, "17": 21.703952749230417, "18": 30.05637987159244, "19": 25.722119066352395, "20": 17.84059796172497, "21": 12.313195020605797, "22": 26.744200206352417, "23": 22.42327729936816, "24": 15.678458713229059, "25": 21.891922576680688, "26": 26.14296100589997, "27": 29.885948589837277, "28": 29.976628407884075, "29": 31.05934712856241, "30": 32.81491442979022, "31": 34.65693478844614, "32": 32.345000820019536, "33": 29.735663225875246, "34": 31.686820584482792, "35": 32.06908519370561, "36": 31.435395828145847, "37": 32.030082443585684, "38": 33.6932033110867, "39": 32.98535644818699, "40": 30.891295853089048, "41": 31.382370237861096, "42": 34.72351092262644, "43": 33.308178501638906, "44": 34.78531337574982, "45": 38.191978126369015, "46": 33.40671146589218, "47": 35.56821265933374, "48": 35.21781008628208, "49": 34.66907933295638, "50": 37.77007409730284, "51": 26.315068318241554, "52": 29.410122800283066, "53": 32.78146525049917, "54": 32.45114948507916, "55": 35.28736395365556, "56": 35.72263439947858, "57": 33.23614019434658, "58": 26.5626998654132, "59": 21.97756362563474, "60": 22.26742766326565, "61": 29.692338499626885, "62": 30.215466310616716, "63": 27.808626606118743, "64": 29.129522130014113, "65": 31.362567866806792, "66": 27.872299704616086, "67": 29.322897690680186, "68": 28.76092751347397, "69": 26.715676114675414, "70": 26.147911028287652, "71": 24.32730594572901, "72": 26.35405552708429, "73": 21.053113760072584, "74": 26.52664992121202, "75": 24.610861764400102, "76": 23.128547981027474, "77": 29.829769298182935, "78": 30.535897522893688, "79": 31.420430386910944, "80": 29.27401199526905, "81": 30.476898532781295, "82": 30.294068046741998, "83": 28.33727391585907, "84": 27.48899568829814, "85": 27.712513590158604, "86": 26.223187692312383, "87": 13.776109451652992, "89": 11.440080775449864, "90": 17.36800488873453, "91": 21.476148634005025, "92": 16.945992142418877 } }, "geometry": { "type": "MultiPolygon", "coordinates": [ [ [ [ 120.375, -19.875 ], [ 119.625, -19.875 ], [ 119.625, -20.125 ], [ 119.125, -20.125 ], [ 119.125, -20.375 ], [ 118.625, -20.375 ], [ 118.625, -21.375 ], [ 119.125, -21.375 ], [ 119.125, -21.125 ], [ 119.625, -21.125 ], [ 119.625, -21.375 ], [ 120.375, -21.375 ], [ 120.375, -21.125 ], [ 120.625, -21.125 ], [ 120.625, -20.875 ], [ 121.125, -20.875 ], [ 121.125, -20.625 ], [ 122.375, -20.625 ], [ 122.375, -20.875 ], [ 122.625, -20.875 ], [ 122.625, -21.125 ], [ 123.125, -21.125 ], [ 123.125, -21.375 ], [ 122.625, -21.375 ], [ 122.625, -21.625 ], [ 122.375, -21.625 ], [ 122.375, -21.875 ], [ 122.125, -21.875 ], [ 122.125, -22.125 ], [ 121.625, -22.125 ], [ 121.625, -22.375 ], [ 121.125, -22.375 ], [ 121.125, -22.125 ], [ 120.375, -22.125 ], [ 120.375, -22.375 ], [ 119.625, -22.375 ], [ 119.625, -22.125 ], [ 119.375, -22.125 ], [ 119.375, -21.875 ], [ 117.875, -21.875 ], [ 117.875, -21.375 ], [ 117.625, -21.375 ], [ 117.625, -20.875 ], [ 117.875, -20.875 ], [ 117.875, -20.625 ], [ 118.125, -20.625 ], [ 118.125, -20.375 ], [ 118.375, -20.375 ], [ 118.375, -20.125 ], [ 118.625, -20.125 ], [ 118.625, -19.875 ], [ 119.125, -19.875 ], [ 119.125, -19.625 ], [ 120.375, -19.625 ], [ 120.375, -19.875 ] ] ], [ [ [ 120.375, -19.375 ], [ 120.625, -19.375 ], [ 120.625, -19.625 ], [ 120.375, -19.625 ], [ 120.375, -19.375 ] ] ] ] } },
{ "type": "Feature", "properties": { "cluster_id": 89, "cohesion": 7.7091374289206858, "distances": { "1": 35.27256482219453, "2": 33.82331737367682, "3": 28.683122859791307, "4": 31.40920087341979, "5": 29.553809447773464, "6": 33.09595250129448, "7": 36.49840448765982, "8": 32.54174792203071, "9": 36.99652826715438, "10": 35.18456712593822, "11": 33.86405620283143, "12": 30.985046236561992, "13": 27.93424027953157, "14": 30.251956366208383, "15": 23.3742378312937, "16": 28.89181295007087, "17": 27.064259742137228, "18": 34.31735419316152, "19": 29.195889084360246, "20": 21.89939719063796, "21": 18.80204700240862, "22": 30.532337102842746, "23": 26.62184685147852, "24": 19.46972780856151, "25": 22.700143128667257, "26": 25.820760186891075, "27": 28.211651558405315, "28": 30.709883563177087, "29": 30.023346255629754, "30": 30.492325261835695, "31": 30.303418592953598, "32": 28.654949074839994, "33": 27.971427972785804, "34": 29.023062093211692, "35": 29.33201248810336, "36": 28.84175835728727, "37": 29.425610570713303, "38": 28.651715263368427, "39": 28.674841731177313, "40": 30.728393314047622, "41": 32.11368542747756, "42": 31.227344167999888, "43": 32.3135088539236, "44": 32.849414652395936, "45": 33.66861517933601, "46": 27.980348705181974, "47": 29.679066143352276, "48": 32.73043168832587, "49": 31.454071401329063, "50": 32.49134951016153, "51": 19.755971264494363, "52": 24.02622248040334, "53": 27.070314078640596, "54": 27.243128282909858, "55": 29.964889580743087, "56": 29.08415562555131, "57": 26.957631876218016, "58": 20.982338456273364, "59": 17.93981440141343, "60": 15.022104315971536, "61": 23.519358525536845, "62": 22.839694630622155, "63": 27.289645636178527, "64": 27.711753073356395, "65": 31.07350920853777, "66": 27.82675563182917, "67": 29.634907348447715, "68": 28.120955277740002, "69": 26.874856043347727, "70": 26.859103484829873, "71": 26.64792829708878, "72": 26.496482953579743, "73": 21.222305141278916, "74": 29.001132054772476, "75": 26.509034000061998, "76": 26.19717469000793, "77": 27.30144225325343, "78": 25.76938239002857, "79": 27.578425455442126, "80": 28.173660917668894, "81": 27.97226335877074, "82": 27.861534707959105, "83": 26.70067991885183, "84": 26.509022094468847, "85": 24.608082847474098, "86": 25.415616458093677, "87": 13.46640630204013, "88": 11.440080775449864, "90": 17.256306217993856, "91": 17.374637998725436, "92": 11.519757038437366 } }, "geometry": { "type": "Polygon", "coordinates": [ [ [ 122.625, -21.375 ], [ 122.625, -21.625 ], [ 122.375, -21.625 ], [ 122.375, -21.875 ], [ 122.125, -21.875 ], [ 122.125, -22.125 ], [ 121.625, -22.125 ], [ 121.625, -22.375 ], [ 121.125, -22.375 ], [ 121.125, -22.125 ], [ 120.375, -22.125 ], [ 120.375, -22.375 ], [ 119.625, -22.375 ], [ 119.625, -22.125 ], [ 119.375, -22.125 ], [ 119.375, -21.875 ], [ 117.875, -21.875 ], [ 117.875, -22.375 ], [ 117.625, -22.375 ], [ 117.625, -22.625 ], [ 117.375, -22.625 ], [ 117.375, -23.375 ], [ 117.625, -23.375 ], [ 117.625, -23.625 ], [ 117.875, -23.625 ], [ 117.875, -23.875 ], [ 118.125, -23.875 ], [ 118.125, -24.125 ], [ 119.125, -24.125 ], [ 119.125, -23.125 ], [ 120.125, -23.125 ], [ 120.125, -23.625 ], [ 121.125, -23.625 ], [ 121.125, -23.375 ], [ 121.875, -23.375 ], [ 121.875, -23.125 ], [ 122.125, -23.125 ], [ 122.125, -22.875 ], [ 123.125, -22.875 ], [ 123.125, -22.375 ], [ 124.375, -22.375 ], [ 124.375, -22.125 ], [ 124.125, -22.125 ], [ 124.125, -21.375 ], [ 122.625, -21.375 ] ] ] } },
{ "type": "Feature", "properties": { "cluster_id": 90, "cohesion": 7.4115777420703095, "distances": { "1": 35.0259318535011, "2": 32.71928094449626, "3": 28.684165459468968, "4": 32.64133179652869, "5": 31.976893927548502, "6": 33.620192530218745, "7": 32.6122556041944, "8": 27.746786608030447, "9": 30.846863637657368, "10": 27.565629220786082, "11": 29.050099638899212, "12": 23.24805357601868, "13": 23.149261242102217, "14": 27.683005515112974, "15": 11.553385588948547, "16": 17.95230086573163, "17": 21.191629876344948, "18": 24.42175825887743, "19": 18.321720486625406, "20": 12.85417462661323, "21": 17.811162168689524, "22": 28.339331586363073, "23": 23.541780853899418, "24": 19.62058287361313, "25": 23.393592513848933, "26": 29.673193777231532, "27": 33.74822225959933, "28": 36.388966591886444, "29": 36.30191762641412, "30": 37.12487658796356, "31": 37.42388945207223, "32": 30.224843044255806, "33": 31.590410277751754, "34": 30.347609969196156, "35": 32.90535206681997, "36": 33.95972908009183, "37": 35.635974529418036, "38": 34.9451575286325, "39": 32.49396512719889, "40": 33.02312993230369, "41": 34.18356024907296, "42": 34.97957048856475, "43": 34.548466376092435, "44": 35.852142562214496, "45": 39.36170757719129, "46": 33.56094708807382, "47": 35.752792395849724, "48": 37.05242922615211, "49": 37.17782860206969, "50": 37.992125123067375, "51": 22.26727840285341, "52": 23.66997577630128, "53": 31.791731262242067, "54": 29.662894217340718, "55": 36.012048765850274, "56": 35.12645816081848, "57": 31.058923021695946, "58": 29.368254764436475, "59": 27.97467661748584, "60": 24.818220076810853, "61": 30.627884504183637, "62": 29.559849178325127, "63": 28.138518535008213, "64": 30.192996448123356, "65": 32.92839973146834, "66": 30.604033360061234, "67": 30.528518367089898, "68": 28.81023841357982, "69": 24.769371862418573, "70": 27.05723473915776, "71": 27.526645583768154, "72": 28.134439532135175, "73": 22.146290736350082, "74": 33.24001061730407, "75": 29.492906912553664, "76": 27.67090621845917, "77": 24.31761329212038, "78": 25.695699452875566, "79": 26.69356248297344, "80": 29.303358116973424, "81": 31.020109472624853, "82": 28.818824447638143, "83": 24.69694531486273, "84": 21.219251470119193, "85": 19.015606209317863, "86": 14.881549615467348, "87": 22.920644934684837, "88": 17.36800488873453, "89": 17.256306217993856, "91": 12.523771348599105, "92": 15.53115554461268 } }, "geometry": { "type": "Polygon", "coordinates": [ [ [ 128.375, -20.875 ], [ 128.375, -21.125 ], [ 128.125, -21.125 ], [ 128.125, -21.375 ], [ 127.875, -21.375 ], [ 127.875, -21.625 ], [ 127.625, -21.625 ], [ 127.625, -21.375 ], [ 126.875, -21.375 ], [ 126.875, -21.625 ], [ 126.375, -21.625 ], [ 126.375, -21.375 ], [ 125.375, -21.375 ], [ 125.375, -21.125 ], [ 124.125, -21.125 ], [ 124.125, -22.125 ], [ 125.375, -22.125 ], [ 125.375, -22.625 ], [ 127.625, -22.625 ], [ 127.625, -22.875 ], [ 128.125, -22.875 ], [ 128.125, -22.625 ], [ 128.625, -22.625 ], [ 128.625, -22.875 ], [ 129.375, -22.875 ], [ 129.375, -23.125 ], [ 130.625, -23.125 ], [ 130.625, -22.875 ], [ 130.375, -22.875 ], [ 130.375, -22.625 ], [ 130.625, -22.625 ], [ 130.625, -22.375 ], [ 130.875, -22.375 ], [ 130.875, -22.125 ], [ 130.125, -22.125 ], [ 130.125, -21.875 ], [ 129.875, -21.875 ], [ 129.875, -21.625 ], [ 128.875, -21.625 ], [ 128.875, -20.875 ], [ 128.375, -20.875 ] ] ] } },
{ "type": "Feature", "properties": { "cluster_id": 91, "cohesion": 6.6304973738714592, "distances": { "1": 39.05073707407489, "2": 37.141735871659854, "3": 30.28584249672882, "4": 34.05543593613821, "5": 33.805525014967756, "6": 36.564366182989325, "7": 39.20685877098606, "8": 34.788329595762285, "9": 38.436366817660605, "10": 35.39956031477712, "11": 34.53357349193899, "12": 28.906768910207116, "13": 25.904685947604627, "14": 30.993638813334854, "15": 19.13119257753757, "16": 23.09107844051953, "17": 29.2451128681048, "18": 32.083574428437, "19": 25.97705615545329, "20": 21.87459686063811, "21": 24.992705437256586, "22": 33.00138162265485, "23": 29.284203474771022, "24": 24.1754778021925, "25": 24.91657308128504, "26": 27.647097219199864, "27": 30.26142912351074, "28": 35.484419268805304, "29": 33.66347529847947, "30": 33.397516174665206, "31": 31.686351924307335, "32": 24.68326084014927, "33": 28.416308323731187, "34": 26.427203010863924, "35": 28.62658231025828, "36": 29.636586264079803, "37": 31.310176223739294, "38": 28.16270874186345, "39": 25.972387769283035, "40": 32.17021292359422, "41": 34.390975505302244, "42": 31.42585201648035, "43": 33.161005471981284, "44": 33.528592757941865, "45": 34.29773430996873, "46": 28.388595947103614, "47": 29.664165746150445, "48": 33.665338573997616, "49": 32.76486426175441, "50": 31.437840428820508, "51": 13.05100010611, "52": 15.49941620774893, "53": 24.04228374648399, "54": 22.155289302041687, "55": 29.291498810080817, "56": 27.420467132306097, "57": 22.77698707034669, "58": 24.70200705576279, "59": 25.163674193203597, "60": 19.910827127424298, "61": 25.328226384919123, "62": 21.682442098631974, "63": 28.143760235685537, "64": 28.81262327963637, "65": 32.2938324685567, "66": 30.549763163434626, "67": 30.429440325404702, "68": 28.488040807871755, "69": 26.047025613127673, "70": 27.357771595883055, "71": 28.906870918370647, "72": 27.20734178907546, "73": 21.76655825966613, "74": 34.06833714531741, "75": 30.00051375794148, "76": 29.550411031245808, "77": 21.024099572367284, "78": 18.690244654427058, "79": 21.04483271760759, "80": 27.39134122656342, "81": 28.153474153653534, "82": 25.65185823476546, "83": 23.18485276347477, "84": 21.162900975521914, "85": 14.863454430022434, "86": 16.046327345273646, "87": 23.146727392032375, "88": 21.476148634005025, "89": 17.374637998725433, "90": 12.523771348599105, "92": 11.716157769533933 } }, "geometry": { "type": "Polygon", "coordinates": [ [ [ 126.625, -22.625 ], [ 126.625, -22.875 ], [ 126.125, -22.875 ], [ 126.125, -23.125 ], [ 125.125, -23.125 ], [ 125.125, -23.375 ], [ 125.625, -23.375 ], [ 125.625, -23.625 ], [ 126.125, -23.625 ], [ 126.125, -23.875 ], [ 126.375, -23.875 ], [ 126.375, -24.375 ], [ 128.875, -24.375 ], [ 128.875, -24.625 ], [ 130.125, -24.625 ], [ 130.125, -24.125 ], [ 130.375, -24.125 ], [ 130.375, -23.625 ], [ 130.875, -23.625 ], [ 130.875, -23.125 ], [ 129.375, -23.125 ], [ 129.375, -22.875 ], [ 128.625, -22.875 ], [ 128.625, -22.625 ], [ 128.125, -22.625 ], [ 128.125, -22.875 ], [ 127.625, -22.875 ], [ 127.625, -22.625 ], [ 126.625, -22.625 ] ] ] } },
{ "type": "Feature", "properties": { "cluster_id": 92, "cohesion": 7.0516806050869967, "distances": { "1": 38.33557661717451, "2": 36.92185020861811, "3": 30.723410752594383, "4": 33.75934754809518, "5": 32.47753959611931, "6": 35.97211303293813, "7": 39.47816089087047, "8": 35.41980804975998, "9": 39.60178192701436, "10": 37.217778457801764, "11": 36.07085699257938, "12": 31.954467150375734, "13": 28.707249078935597, "14": 32.22649832664385, "15": 23.013773476972204, "16": 28.0556870689436, "17": 29.924738716547857, "18": 35.20294845330412, "19": 29.565620044398216, "20": 23.23077168572235, "21": 23.11400173042596, "22": 33.0662840888089, "23": 29.461816544988917, "24": 23.07941900708805, "25": 24.628415189843487, "26": 26.147765188935164, "27": 28.01291735445663, "28": 32.48543071439163, "29": 30.80350470969341, "30": 31.11970597676552, "31": 29.482023645097037, "32": 26.403776809416915, "33": 27.77729950841728, "34": 27.78455100342783, "35": 28.40051332085645, "36": 28.02445290351478, "37": 28.878255660680438, "38": 26.534248197637133, "39": 26.035213671583264, "40": 32.289086252144955, "41": 34.070634625518544, "42": 31.166523318234958, "43": 33.17208326316486, "44": 33.7141506193648, "45": 33.481769261500105, "46": 27.285717814409963, "47": 28.463820877920014, "48": 33.47313998096761, "49": 31.784286760309932, "50": 31.02107275834396, "51": 13.522764551706596, "52": 19.602489619830152, "53": 24.0785429126693, "54": 23.955662804887897, "55": 28.391498933032526, "56": 26.34058335326466, "57": 23.223681834388987, "58": 21.612583270975303, "59": 21.19475918692246, "60": 14.89080033436229, "61": 23.075275998297453, "62": 19.153217750846327, "63": 28.703521041212017, "64": 28.89956578429865, "65": 32.37017852915527, "66": 29.951739895343426, "67": 30.83960201944914, "68": 29.222106521678203, "69": 27.859823665359468, "70": 27.94808293215547, "71": 28.286650555389517, "72": 27.1165543996513, "73": 21.924488833713813, "74": 31.25950126666546, "75": 28.11164109968001, "76": 28.135385459222682, "77": 25.239922983069224, "78": 22.20152360774016, "79": 24.727748120054056, "80": 28.263965434493482, "81": 28.21433005047124, "82": 27.113830473606935, "83": 26.10556519236721, "84": 25.43723491342318, "85": 21.02586187120303, "86": 22.749631474722403, "87": 19.065959176539323, "88": 16.945992142418877, "89": 11.519757038437366, "90": 15.53115554461268, "91": 11.716157769533933 } }, "geometry": { "type": "Polygon", "coordinates": [ [ [ 124.375, -22.125 ], [ 124.375, -22.375 ], [ 123.125, -22.375 ], [ 123.125, -22.875 ], [ 122.125, -22.875 ], [ 122.125, -23.125 ], [ 121.875, -23.125 ], [ 121.875, -23.375 ], [ 121.625, -23.375 ], [ 121.625, -23.625 ], [ 121.875, -23.625 ], [ 121.875, -23.875 ], [ 123.125, -23.875 ], [ 123.125, -24.375 ], [ 124.625, -24.375 ], [ 124.625, -24.625 ], [ 126.875, -24.625 ], [ 126.875, -24.375 ], [ 126.375, -24.375 ], [ 126.375, -23.875 ], [ 126.125, -23.875 ], [ 126.125, -23.625 ], [ 125.625, -23.625 ], [ 125.625, -23.375 ], [ 125.125, -23.375 ], [ 125.125, -23.125 ], [ 126.125, -23.125 ], [ 126.125, -22.875 ], [ 126.625, -22.875 ], [ 126.625, -22.625 ], [ 125.375, -22.625 ], [ 125.375, -22.125 ], [ 124.375, -22.125 ] ] ] } }
]
}
