{
"type": "FeatureCollection",
"name": "98_clusters",
"crs": { "type": "name", "properties": { "name": "urn:ogc:def:crs:OGC:1.3:CRS84" } },
"features": [
{ "type": "Feature", "properties": { "cluster_id": 1, "cohesion": 6.3236194181755288, "distances": { "2": 12.108282962179954, "3": 20.54090850405804, "4": 16.63299298978544, "5": 12.238145462056229, "6": 10.07541780756684, "7": 20.740404176990207, "8": 17.724763630108693, "9": 23.412227467460266, "10": 25.233840571921707, "11": 27.243178140168173, "12": 19.85440601204526, "13": 26.98037488634105, "14": 26.709539274144753, "15": 19.805724376522928, "16": 32.195836190539424, "17": 32.02744678986398, "18": 27.552003766663987, "19": 29.75565819962036, "20": 30.49267873114012, "21": 30.42780847611869, "22": 28.711215303718074, "23": 19.559370710936445, "24": 25.847078672807836, "25": 19.520762369682796, "26": 28.03846895796907, "27": 27.120299279449245, "28": 35.72442960315266, "29": 38.24501601408791, "30": 31.078403615542474, "31": 36.08173458894632, "32": 36.68057934347469, "33": 42.64549817246463, "34": 43.15959922856688, "35": 39.74570865493866, "36": 41.5418484515588, "37": 42.112810111191685, "38": 41.675996755369354, "39": 40.953648213909936, "40": 44.755359899859556, "41": 44.46813288445693, "42": 28.649483747455577, "43": 26.4652514675006, "44": 39.13653105981281, "45": 31.81051206871825, "46": 34.795981700095886, "47": 43.41088929562553, "48": 43.30788926058851, "49": 45.307795306198486, "50": 36.3233161510957, "51": 37.90649653453019, "52": 44.79548854277408, "53": 43.043165971235005, "54": 42.279767908072294, "55": 44.82366368861659, "56": 44.136700067127656, "57": 43.56781427394974, "58": 47.364203019293825, "59": 44.517915640352825, "60": 40.68277139436427, "61": 35.92992450278845, "62": 35.05621936357173, "63": 41.057919954618136, "64": 40.67261971818533, "65": 42.949207442325644, "66": 45.89020713414093, "67": 26.97317827192793, "68": 29.640540622862783, "69": 26.315591499920167, "70": 22.012719894294676, "71": 28.721108405833583, "72": 30.913873672962072, "73": 28.598602183393123, "74": 30.06377197980057, "75": 30.53554265160243, "76": 34.45525183925162, "77": 29.90449077500931, "78": 28.091036327355468, "79": 24.443430877784156, "80": 28.066319547007385, "81": 37.52977103135783, "82": 42.45689613011759, "83": 41.47401358236685, "84": 34.35089313648092, "85": 36.94881920473984, "86": 37.26950401446904, "87": 38.12066081380833, "88": 33.57962018838212, "89": 33.004722170365774, "90": 39.27994607621173, "91": 35.98351712094762, "92": 29.713900052188627, "93": 30.89630958980204, "94": 35.27256482219453, "95": 34.14660235668839, "96": 35.46054298410968, "97": 39.05073707407488, "98": 38.33557661717451 } }, "geometry": { "type": "MultiPolygon", "coordinates": [ [ [ [ 144.625, -17.125 ], [ 144.625, -17.375 ], [ 143.875, -17.375 ], [ 143.875, -17.125 ], [ 144.625, -17.125 ] ] ], [ [ [ 142.625, -10.625 ], [ 142.625, -10.875 ], [ 142.875, -10.875 ], [ 142.875, -11.125 ], [ 143.125, -11.125 ], [ 143.125, -11.875 ], [ 143.375, -11.875 ], [ 143.375, -12.375 ], [ 143.625, -12.375 ], [ 143.625, -12.875 ], [ 143.875, -12.875 ], [ 143.875, -13.875 ], [ 144.625, -13.875 ], [ 144.625, -14.125 ], [ 144.875, -14.125 ], [ 144.875, -14.375 ], [ 145.125, -14.375 ], [ 145.125, -14.625 ], [ 145.375, -14.625 ], [ 145.375, -14.875 ], [ 145.625, -14.875 ], [ 145.625, -16.125 ], [ 145.875, -16.125 ], [ 145.875, -16.625 ], [ 145.625, -16.625 ], [ 145.625, -16.375 ], [ 145.375, -16.375 ], [ 145.375, -16.125 ], [ 145.125, -16.125 ], [ 145.125, -16.625 ], [ 144.875, -16.625 ], [ 144.875, -16.875 ], [ 144.125, -16.875 ], [ 144.125, -16.375 ], [ 144.375, -16.375 ], [ 144.375, -15.625 ], [ 144.125, -15.625 ], [ 144.125, -15.375 ], [ 143.875, -15.375 ], [ 143.875, -15.125 ], [ 143.625, -15.125 ], [ 143.625, -14.625 ], [ 143.125, -14.625 ], [ 143.125, -14.875 ], [ 142.375, -14.875 ], [ 142.375, -14.375 ], [ 142.125, -14.375 ], [ 142.125, -13.625 ], [ 141.875, -13.625 ], [ 141.875, -11.625 ], [ 142.125, -11.625 ], [ 142.125, -10.625 ], [ 142.625, -10.625 ] ] ] ] } },
{ "type": "Feature", "properties": { "cluster_id": 2, "cohesion": 7.1078975056942806, "distances": { "1": 12.108282962179954, "3": 16.319313153704783, "4": 15.577086668379234, "5": 15.159865006230854, "6": 10.823636115026696, "7": 17.649344345495656, "8": 11.551973404807613, "9": 18.635936929375617, "10": 20.50859014664846, "11": 22.77558453621531, "12": 14.06857695238255, "13": 22.130332331233785, "14": 22.151752269006145, "15": 14.569207366240947, "16": 29.170203207287692, "17": 28.96217751142352, "18": 23.727125690910967, "19": 26.101221728137574, "20": 27.147599162005964, "21": 27.623238290472937, "22": 26.695716479825528, "23": 16.016232596177346, "24": 21.43767850776019, "25": 15.905002563607553, "26": 24.95469572475408, "27": 23.693968598993905, "28": 35.617008603997675, "29": 38.66754924167979, "30": 32.54713068987188, "31": 37.07810118290342, "32": 37.231630298351156, "33": 42.71395879300711, "34": 42.04657638250278, "35": 38.48946235945735, "36": 39.6345499109396, "37": 41.07904194009971, "38": 41.47395400912589, "39": 41.527509302006614, "40": 44.66367539930102, "41": 44.09804197621078, "42": 28.151555638161668, "43": 25.97985546253946, "44": 37.19519167419675, "45": 30.54301579156212, "46": 33.504752595612445, "47": 41.97161893747295, "48": 41.11596808225049, "49": 43.51821691722158, "50": 35.478008782711385, "51": 37.440415066803205, "52": 43.54716591945841, "53": 41.462657437921294, "54": 40.73042083155193, "55": 44.18315689388006, "56": 43.40251970567413, "57": 42.76694627575331, "58": 45.72057065344649, "59": 43.06160798845948, "60": 38.95225229183438, "61": 34.48359452085982, "62": 34.249102312161085, "63": 39.1526037562652, "64": 39.211298803330884, "65": 40.76511772832966, "66": 44.276055819340236, "67": 23.234475269632295, "68": 26.69134978925007, "69": 23.924340036420798, "70": 20.32489086299962, "71": 25.642919415960847, "72": 26.999228389468502, "73": 24.311558010070918, "74": 27.137147966320633, "75": 28.86784029397245, "76": 32.764307375952974, "77": 27.595017029366318, "78": 29.45668922137861, "79": 25.68961390913721, "80": 27.576293952198945, "81": 35.97555769071773, "82": 41.551579659512555, "83": 40.3565320341503, "84": 31.343959329555158, "85": 34.80827424489509, "86": 34.65982220147886, "87": 36.01141454978998, "88": 31.16360932080593, "89": 30.332131985380077, "90": 37.65006229476637, "91": 33.61599199688476, "92": 28.719122007519438, "93": 29.855139732124673, "94": 33.823317373676815, "95": 32.1511834877764, "96": 33.000064744944005, "97": 37.14173587165987, "98": 36.92185020861811 } }, "geometry": { "type": "MultiPolygon", "coordinates": [ [ [ [ 142.125, -16.125 ], [ 142.125, -16.375 ], [ 142.375, -16.375 ], [ 142.375, -16.625 ], [ 142.625, -16.625 ], [ 142.625, -17.625 ], [ 142.875, -17.625 ], [ 142.875, -18.125 ], [ 143.125, -18.125 ], [ 143.125, -18.375 ], [ 143.375, -18.375 ], [ 143.375, -19.375 ], [ 143.625, -19.375 ], [ 143.625, -19.625 ], [ 143.375, -19.625 ], [ 143.375, -20.125 ], [ 143.125, -20.125 ], [ 143.125, -19.875 ], [ 142.875, -19.875 ], [ 142.875, -19.625 ], [ 142.625, -19.625 ], [ 142.625, -18.875 ], [ 142.375, -18.875 ], [ 142.375, -18.375 ], [ 142.125, -18.375 ], [ 142.125, -17.625 ], [ 141.875, -17.625 ], [ 141.875, -16.125 ], [ 142.125, -16.125 ] ] ], [ [ [ 141.875, -16.125 ], [ 141.625, -16.125 ], [ 141.625, -15.625 ], [ 141.875, -15.625 ], [ 141.875, -16.125 ] ] ], [ [ [ 141.375, -15.125 ], [ 141.125, -15.125 ], [ 141.125, -13.625 ], [ 141.375, -13.625 ], [ 141.375, -14.125 ], [ 141.625, -14.125 ], [ 141.625, -15.625 ], [ 141.375, -15.625 ], [ 141.375, -15.125 ] ] ] ] } },
{ "type": "Feature", "properties": { "cluster_id": 3, "cohesion": 6.4135753449333786, "distances": { "1": 20.54090850405804, "2": 16.319313153704783, "4": 11.5684189409294, "5": 15.528856951229955, "6": 15.223940287772589, "7": 28.04186968384941, "8": 21.920658914776226, "9": 25.855193384932644, "10": 28.81240208101202, "11": 28.695589548349968, "12": 17.878550036139092, "13": 21.754197701668133, "14": 15.252949760284743, "15": 10.072551297957023, "16": 27.49856286916672, "17": 26.847220194102547, "18": 27.02562247881599, "19": 29.735336434049927, "20": 28.298812798961237, "21": 27.62492693419963, "22": 27.20641806837337, "23": 21.78099141851963, "24": 23.402365122101962, "25": 21.05902798062845, "26": 23.441251464679638, "27": 20.593610891783907, "28": 31.046025268080577, "29": 33.098718739008575, "30": 29.788241007781906, "31": 32.07466361327972, "32": 30.02998288034321, "33": 34.09642535252806, "34": 32.983214069803566, "35": 31.567964986799264, "36": 31.03296814137775, "37": 33.02117425280963, "38": 34.61854671184177, "39": 35.05674124650705, "40": 35.94152257250155, "41": 35.59800840056163, "42": 24.440577926504858, "43": 24.634716457486043, "44": 30.330152605269753, "45": 26.722203324415148, "46": 27.782942573539394, "47": 33.54842533301908, "48": 32.61522388909653, "49": 34.68871340454275, "50": 28.193333231323763, "51": 28.77975697530647, "52": 33.68898705745304, "53": 32.922372503127576, "54": 31.452902506196942, "55": 34.59226218629557, "56": 33.768863640957015, "57": 32.894462909502415, "58": 35.90167865930483, "59": 33.37149447109712, "60": 30.034516047501814, "61": 27.261148729641537, "62": 26.49677388885921, "63": 31.30591670513705, "64": 31.75651870290598, "65": 32.19882468909748, "66": 35.1434787341221, "67": 11.108764684613433, "68": 14.740822028456323, "69": 14.287178123305647, "70": 10.616723080170932, "71": 18.789257850567683, "72": 17.15309065855682, "73": 15.44100637947387, "74": 22.21724932823981, "75": 27.35646019927895, "76": 27.965036827507568, "77": 22.656300885917013, "78": 29.2668910061698, "79": 24.952993390605673, "80": 27.728956721147366, "81": 27.515014304242353, "82": 32.29919668112642, "83": 31.258046200277963, "84": 23.17213949083782, "85": 27.648159518130342, "86": 24.41475674490024, "87": 26.59708098643311, "88": 21.74471727451512, "89": 22.67739389083938, "90": 29.960145622204507, "91": 28.386916527427623, "92": 23.82658660449695, "93": 27.72660354143555, "94": 28.683122859791307, "95": 28.72583447808399, "96": 28.66357042727993, "97": 30.28584249672881, "98": 30.723410752594386 } }, "geometry": { "type": "MultiPolygon", "coordinates": [ [ [ [ 144.125, -20.625 ], [ 144.125, -20.875 ], [ 144.375, -20.875 ], [ 144.375, -21.375 ], [ 143.875, -21.375 ], [ 143.875, -21.625 ], [ 143.625, -21.625 ], [ 143.625, -22.375 ], [ 143.375, -22.375 ], [ 143.375, -22.125 ], [ 143.125, -22.125 ], [ 143.125, -21.625 ], [ 143.375, -21.625 ], [ 143.375, -21.375 ], [ 143.625, -21.375 ], [ 143.625, -20.875 ], [ 143.875, -20.875 ], [ 143.875, -20.625 ], [ 144.125, -20.625 ] ] ], [ [ [ 143.875, -20.625 ], [ 143.625, -20.625 ], [ 143.625, -20.375 ], [ 143.875, -20.375 ], [ 143.875, -20.625 ] ] ], [ [ [ 145.375, -19.375 ], [ 145.625, -19.375 ], [ 145.625, -19.625 ], [ 145.875, -19.625 ], [ 145.875, -19.875 ], [ 144.125, -19.875 ], [ 144.125, -19.375 ], [ 144.375, -19.375 ], [ 144.375, -19.125 ], [ 145.375, -19.125 ], [ 145.375, -19.375 ] ] ] ] } },
{ "type": "Feature", "properties": { "cluster_id": 4, "cohesion": 7.3503148743935416, "distances": { "1": 16.63299298978544, "2": 15.577086668379234, "3": 11.5684189409294, "5": 12.610065948001163, "6": 11.423302864255586, "7": 28.20173942543485, "8": 22.880804580423387, "9": 27.861441146859185, "10": 30.939479475981237, "11": 31.761223097049513, "12": 21.1572223128011, "13": 26.57213980908797, "14": 21.48027075750956, "15": 15.275525576396332, "16": 31.59269989538901, "17": 31.09966891121116, "18": 29.904502681936624, "19": 33.10083793837927, "20": 31.977679908552307, "21": 31.205482951211206, "22": 29.62187559877124, "23": 21.95615410302112, "24": 25.891631859598153, "25": 22.63744362184884, "26": 26.018471552224252, "27": 22.186491080873537, "28": 32.57203090046001, "29": 33.93581462361203, "30": 28.871076927644463, "31": 31.96194664213825, "32": 29.59696384844146, "33": 34.57519536179561, "34": 35.9342634842791, "35": 34.099172391714404, "36": 34.57085933774001, "37": 35.681650296188835, "38": 36.32826000044367, "39": 35.79544283414522, "40": 37.3083475524134, "41": 37.62656567261398, "42": 23.339571950947857, "43": 22.932040896353186, "44": 30.448944432767785, "45": 25.6719136748798, "46": 27.076959833278632, "47": 33.3459923580519, "48": 33.7368389265927, "49": 35.579848089853655, "50": 27.30299892203491, "51": 28.381146850065655, "52": 34.27346709755899, "53": 35.94695851119824, "54": 34.41557054622485, "55": 36.61169979349768, "56": 36.25399987203124, "57": 33.897494911505646, "58": 37.33602683193634, "59": 35.258706842953636, "60": 31.60504990785226, "61": 29.274341436510124, "62": 27.3278917304915, "63": 33.49075861941466, "64": 34.23219428348449, "65": 33.84388808086757, "66": 37.240199399154854, "67": 17.153022979238916, "68": 18.41541928640246, "69": 14.039962776724748, "70": 11.376945704654617, "71": 20.86895038421799, "72": 22.147643706167926, "73": 21.686768670664723, "74": 25.211591508488556, "75": 29.4938426377915, "76": 30.531681358016517, "77": 25.5952635083217, "78": 28.639992249970263, "79": 23.822209914213815, "80": 28.72211416864976, "81": 30.96807696090072, "82": 35.0321262063046, "83": 34.3041082855298, "84": 26.52383274578205, "85": 30.768963309856478, "86": 28.18877298354824, "87": 30.33951164795336, "88": 26.255786151330515, "89": 27.46882455062673, "90": 33.61174139634772, "91": 32.518222268366195, "92": 25.355073307496095, "93": 29.852836291729446, "94": 31.409200873419785, "95": 32.3340373483492, "96": 32.79321296057143, "97": 34.05543593613821, "98": 33.75934754809518 } }, "geometry": { "type": "MultiPolygon", "coordinates": [ [ [ [ 143.875, -20.875 ], [ 143.625, -20.875 ], [ 143.625, -20.625 ], [ 143.875, -20.625 ], [ 143.875, -20.875 ] ] ], [ [ [ 143.375, -19.625 ], [ 143.625, -19.625 ], [ 143.625, -20.625 ], [ 143.375, -20.625 ], [ 143.375, -19.625 ] ] ], [ [ [ 144.375, -19.125 ], [ 144.375, -19.375 ], [ 144.125, -19.375 ], [ 144.125, -19.625 ], [ 143.625, -19.625 ], [ 143.625, -19.375 ], [ 143.875, -19.375 ], [ 143.875, -19.125 ], [ 144.125, -19.125 ], [ 144.125, -18.875 ], [ 144.625, -18.875 ], [ 144.625, -18.625 ], [ 144.875, -18.625 ], [ 144.875, -18.375 ], [ 145.125, -18.375 ], [ 145.125, -19.125 ], [ 144.375, -19.125 ] ] ], [ [ [ 145.375, -17.125 ], [ 145.375, -16.625 ], [ 145.625, -16.625 ], [ 145.625, -17.125 ], [ 145.875, -17.125 ], [ 145.875, -17.375 ], [ 146.125, -17.375 ], [ 146.125, -17.625 ], [ 146.375, -17.625 ], [ 146.375, -18.125 ], [ 146.625, -18.125 ], [ 146.625, -18.875 ], [ 147.375, -18.875 ], [ 147.375, -19.125 ], [ 147.625, -19.125 ], [ 147.625, -19.375 ], [ 147.875, -19.375 ], [ 147.875, -19.625 ], [ 148.375, -19.625 ], [ 148.375, -19.875 ], [ 148.625, -19.875 ], [ 148.625, -20.125 ], [ 148.875, -20.125 ], [ 148.875, -20.375 ], [ 149.125, -20.375 ], [ 149.125, -20.875 ], [ 148.875, -20.875 ], [ 148.875, -20.625 ], [ 148.625, -20.625 ], [ 148.625, -20.375 ], [ 148.375, -20.375 ], [ 148.375, -20.625 ], [ 148.125, -20.625 ], [ 148.125, -20.375 ], [ 147.625, -20.375 ], [ 147.625, -20.125 ], [ 147.375, -20.125 ], [ 147.375, -19.625 ], [ 147.125, -19.625 ], [ 147.125, -19.375 ], [ 146.875, -19.375 ], [ 146.875, -19.125 ], [ 146.125, -19.125 ], [ 146.125, -18.875 ], [ 145.875, -18.875 ], [ 145.875, -18.625 ], [ 145.375, -18.625 ], [ 145.375, -18.375 ], [ 145.125, -18.375 ], [ 145.125, -17.125 ], [ 145.375, -17.125 ] ] ] ] } },
{ "type": "Feature", "properties": { "cluster_id": 5, "cohesion": 5.6004395451015814, "distances": { "1": 12.238145462056229, "2": 15.159865006230858, "3": 15.528856951229955, "4": 12.610065948001163, "6": 9.89400113370681, "7": 27.513802278185956, "8": 23.105639472901252, "9": 27.573697172958298, "10": 30.885115905396407, "11": 31.773862040186714, "12": 22.905195674357543, "13": 28.074469671075537, "14": 23.985654803415418, "15": 18.45115932562686, "16": 31.359949198941127, "17": 31.81992488185979, "18": 29.493552092341382, "19": 33.36343847922299, "20": 32.07536598474324, "21": 30.237151013550235, "22": 27.91263903599827, "23": 22.548675657084473, "24": 26.689902742741108, "25": 21.312695650385233, "26": 25.99704060577821, "27": 24.280722497638063, "28": 29.849005550438182, "29": 31.243616288246137, "30": 25.438860237589584, "31": 29.053586076445768, "32": 28.418959121190568, "33": 33.675936030119516, "34": 35.53455609284389, "35": 32.86242403003597, "36": 34.44772931491951, "37": 34.42003759689806, "38": 34.116185587729355, "39": 33.24932268169297, "40": 35.83864456971457, "41": 36.39599294844802, "42": 24.14646811870578, "43": 23.522580963319342, "44": 33.26885170831965, "45": 27.760064608668646, "46": 29.39108275646372, "47": 35.982061919829064, "48": 36.22038896266564, "49": 37.696472402819815, "50": 29.537841363032058, "51": 29.577087953744297, "52": 36.343428233977676, "53": 35.86763383834307, "54": 35.09716216733678, "55": 35.96381136142855, "56": 35.855656901105846, "57": 34.44841338217844, "58": 39.05003902319867, "59": 36.371001763009126, "60": 32.68654370174816, "61": 28.208153445319102, "62": 26.59270695878522, "63": 33.55989438101613, "64": 33.47140211475485, "65": 35.524761795213074, "66": 37.9425484537532, "67": 20.048748852670357, "68": 21.69550503217224, "69": 20.4004018454748, "70": 13.886181477375425, "71": 24.26229876213279, "72": 24.700402703375037, "73": 23.777008457291505, "74": 26.127575623945646, "75": 27.645765076983857, "76": 29.57752377127402, "77": 24.99261686020674, "78": 24.54758420106581, "79": 20.814595270650315, "80": 25.84649525119123, "81": 31.601476890188916, "82": 35.009062269712906, "83": 34.47545111949677, "84": 28.453738385115567, "85": 31.123706036473575, "86": 29.283765362848495, "87": 30.85000160267622, "88": 27.4019524942623, "89": 28.55500816331782, "90": 33.96509238370228, "91": 33.179550272028656, "92": 23.2109980931758, "93": 27.30321747893751, "94": 29.553809447773464, "95": 30.924333860883888, "96": 32.49712476509538, "97": 33.80552501496776, "98": 32.477539596119314 } }, "geometry": { "type": "Polygon", "coordinates": [ [ [ 143.125, -14.625 ], [ 143.125, -14.875 ], [ 142.375, -14.875 ], [ 142.375, -15.875 ], [ 142.625, -15.875 ], [ 142.625, -16.125 ], [ 142.875, -16.125 ], [ 142.875, -16.375 ], [ 143.875, -16.375 ], [ 143.875, -17.125 ], [ 144.625, -17.125 ], [ 144.625, -16.875 ], [ 144.125, -16.875 ], [ 144.125, -16.375 ], [ 144.375, -16.375 ], [ 144.375, -15.625 ], [ 144.125, -15.625 ], [ 144.125, -15.375 ], [ 143.875, -15.375 ], [ 143.875, -15.125 ], [ 143.625, -15.125 ], [ 143.625, -14.625 ], [ 143.125, -14.625 ] ] ] } },
{ "type": "Feature", "properties": { "cluster_id": 6, "cohesion": 7.2329121341410199, "distances": { "1": 10.075417807566838, "2": 10.823636115026696, "3": 15.223940287772589, "4": 11.423302864255588, "5": 9.894001133706814, "7": 23.224287031314223, "8": 18.477377011080563, "9": 24.306767879869028, "10": 27.08436133678833, "11": 28.73059308058035, "12": 19.25148727854865, "13": 26.157514921119354, "14": 23.62107995071859, "15": 16.397702742213188, "16": 31.469109407552523, "17": 31.293129238547582, "18": 27.822337392167665, "19": 30.942039078992806, "20": 30.753228089498503, "21": 30.31193291085049, "22": 28.644532093521683, "23": 19.121396059687253, "24": 24.730376972632502, "25": 19.39362875848119, "26": 26.35491638939847, "27": 23.920626874232422, "28": 34.00040736030576, "29": 35.86346127423217, "30": 29.46430727896995, "31": 33.63877921674371, "32": 32.915040999218036, "33": 38.49388719891147, "34": 39.60326872526979, "35": 36.83901045040926, "36": 38.07275821015582, "37": 38.766952423588364, "38": 38.810548234522884, "39": 38.15151463826103, "40": 40.91054145657234, "41": 41.02984422038151, "42": 25.73172911568018, "43": 24.239582257064942, "44": 35.07554711777555, "45": 28.716664914064406, "46": 30.955772579012805, "47": 38.683981805227795, "48": 38.928286950229975, "49": 40.751060515404085, "50": 32.01397360139199, "51": 33.219944662344766, "52": 39.81052701691388, "53": 39.5841300077364, "54": 38.555983200449624, "55": 40.74256376693156, "56": 40.29594485515993, "57": 38.80265149438365, "58": 42.65035430967112, "59": 40.06630215971161, "60": 36.59055801992426, "61": 32.50530179567767, "62": 31.293561090606374, "63": 37.32668901452866, "64": 37.47449753913916, "65": 38.723815100547775, "66": 41.81257809835498, "67": 21.84045862709451, "68": 24.207209092893454, "69": 20.92665810433737, "70": 16.40601394361672, "71": 25.004302573483514, "72": 26.42814825742395, "73": 24.78958690488087, "74": 27.544475821906413, "75": 29.743451698173928, "76": 32.44075269396834, "77": 27.582693545319408, "78": 27.89293519435349, "79": 23.843120060148674, "80": 28.09802466881251, "81": 34.36880883577052, "82": 38.946822179901396, "83": 38.031185750581166, "84": 30.604177440692105, "85": 33.96068666353944, "86": 32.78855151571135, "87": 34.26796302030151, "88": 29.895379120719806, "89": 30.139426207609194, "90": 36.56089377870051, "91": 34.2065470876238, "92": 27.193061428350976, "93": 30.035213596218252, "94": 33.09595250129447, "95": 32.931380096438986, "96": 33.960640054960464, "97": 36.56436618298932, "98": 35.97211303293814 } }, "geometry": { "type": "MultiPolygon", "coordinates": [ [ [ [ 145.875, -16.625 ], [ 145.875, -16.875 ], [ 146.125, -16.875 ], [ 146.125, -17.125 ], [ 146.375, -17.125 ], [ 146.375, -17.375 ], [ 146.625, -17.375 ], [ 146.625, -17.875 ], [ 146.375, -17.875 ], [ 146.375, -17.625 ], [ 146.125, -17.625 ], [ 146.125, -17.375 ], [ 145.875, -17.375 ], [ 145.875, -17.125 ], [ 145.625, -17.125 ], [ 145.625, -16.625 ], [ 145.875, -16.625 ] ] ], [ [ [ 145.375, -16.625 ], [ 145.375, -17.125 ], [ 145.125, -17.125 ], [ 145.125, -18.375 ], [ 144.875, -18.375 ], [ 144.875, -18.625 ], [ 144.625, -18.625 ], [ 144.625, -18.875 ], [ 144.125, -18.875 ], [ 144.125, -19.125 ], [ 143.875, -19.125 ], [ 143.875, -19.375 ], [ 143.375, -19.375 ], [ 143.375, -18.375 ], [ 143.125, -18.375 ], [ 143.125, -18.125 ], [ 142.875, -18.125 ], [ 142.875, -17.625 ], [ 142.625, -17.625 ], [ 142.625, -16.625 ], [ 142.375, -16.625 ], [ 142.375, -16.375 ], [ 142.125, -16.375 ], [ 142.125, -16.125 ], [ 141.875, -16.125 ], [ 141.875, -15.625 ], [ 141.625, -15.625 ], [ 141.625, -14.125 ], [ 141.375, -14.125 ], [ 141.375, -13.625 ], [ 141.125, -13.625 ], [ 141.125, -12.875 ], [ 141.375, -12.875 ], [ 141.375, -12.125 ], [ 141.625, -12.125 ], [ 141.625, -11.125 ], [ 141.875, -11.125 ], [ 141.875, -10.875 ], [ 142.125, -10.875 ], [ 142.125, -11.625 ], [ 141.875, -11.625 ], [ 141.875, -13.625 ], [ 142.125, -13.625 ], [ 142.125, -14.375 ], [ 142.375, -14.375 ], [ 142.375, -15.875 ], [ 142.625, -15.875 ], [ 142.625, -16.125 ], [ 142.875, -16.125 ], [ 142.875, -16.375 ], [ 143.875, -16.375 ], [ 143.875, -17.375 ], [ 144.625, -17.375 ], [ 144.625, -16.875 ], [ 144.875, -16.875 ], [ 144.875, -16.625 ], [ 145.125, -16.625 ], [ 145.125, -16.125 ], [ 145.375, -16.125 ], [ 145.375, -16.375 ], [ 145.625, -16.375 ], [ 145.625, -16.625 ], [ 145.375, -16.625 ] ] ] ] } },
{ "type": "Feature", "properties": { "cluster_id": 7, "cohesion": 6.3712505199442617, "distances": { "1": 20.740404176990207, "2": 17.649344345495656, "3": 28.04186968384941, "4": 28.20173942543485, "5": 27.513802278185956, "6": 23.224287031314223, "8": 11.981392880528155, "9": 10.692138866119462, "10": 11.820259616242861, "11": 15.727895357914894, "12": 17.665798044404745, "13": 22.69574000189822, "14": 28.38500113142447, "15": 23.955350025047416, "16": 27.138850807904632, "17": 28.38050787218748, "18": 17.609750765950768, "19": 20.28132018838156, "20": 22.94387572370929, "21": 24.596795083051695, "22": 24.71052259800612, "23": 12.920092045724779, "24": 17.280780815892363, "25": 13.867306341842156, "26": 24.35349215635506, "27": 25.359617699183016, "28": 40.716395859819436, "29": 45.08584909590917, "30": 39.53065310988334, "31": 44.25065205366108, "32": 45.8536256366829, "33": 50.89952432731131, "34": 48.86401601143708, "35": 44.75089159431146, "36": 46.316056524617416, "37": 48.24927028812722, "38": 48.16423541045836, "39": 48.35970047413538, "40": 52.00042907495244, "41": 50.695330455336176, "42": 34.55809143464448, "43": 31.65963880216153, "44": 43.14352121765982, "45": 36.249565231365544, "46": 40.150573842565706, "47": 49.320393339348875, "48": 47.057632639374354, "49": 49.84001883815607, "50": 43.43596224547143, "51": 46.33722909059979, "52": 51.54449580161281, "53": 45.84069677322526, "54": 45.9655870401833, "55": 51.27624440133395, "56": 50.1130055423293, "57": 51.0766201432376, "58": 52.36420920265477, "59": 49.5637470699999, "60": 45.44982337741008, "61": 40.30899376766747, "62": 41.85988124962161, "63": 44.07580891650881, "64": 43.48534795379587, "65": 46.379044262122704, "66": 49.747356834456056, "67": 33.86942842521313, "68": 37.32309627607663, "69": 34.735898041954094, "70": 32.84580008631982, "71": 33.31028413810933, "72": 35.631357362596034, "73": 31.726022687278764, "74": 32.358362163907586, "75": 31.882927431199935, "76": 37.428735713023954, "77": 32.162256203052685, "78": 34.36796579746386, "79": 31.06202054411827, "80": 30.00937317917198, "81": 41.90023261800066, "82": 47.37892136764462, "83": 46.53042817047272, "84": 38.67710549250006, "85": 40.715345547055755, "86": 43.328029095223954, "87": 43.58936655123174, "88": 38.45862825697661, "89": 35.70244782782072, "90": 41.45824316679846, "91": 34.85470759174534, "92": 33.98084490265814, "93": 31.070725823298698, "94": 36.685868950429715, "95": 32.143673512325, "96": 32.90837183958822, "97": 39.44497149344966, "98": 39.66258211302132 } }, "geometry": { "type": "Polygon", "coordinates": [ [ [ 133.125, -11.875 ], [ 133.125, -12.375 ], [ 132.625, -12.375 ], [ 132.625, -12.625 ], [ 132.125, -12.625 ], [ 132.125, -12.875 ], [ 131.875, -12.875 ], [ 131.875, -13.125 ], [ 131.125, -13.125 ], [ 131.125, -13.375 ], [ 130.875, -13.375 ], [ 130.875, -13.625 ], [ 130.375, -13.625 ], [ 130.375, -13.875 ], [ 130.125, -13.875 ], [ 130.125, -14.125 ], [ 129.875, -14.125 ], [ 129.875, -14.875 ], [ 130.375, -14.875 ], [ 130.375, -14.625 ], [ 130.875, -14.625 ], [ 130.875, -15.375 ], [ 131.375, -15.375 ], [ 131.375, -16.125 ], [ 131.625, -16.125 ], [ 131.625, -15.875 ], [ 132.125, -15.875 ], [ 132.125, -16.125 ], [ 132.625, -16.125 ], [ 132.625, -15.375 ], [ 132.375, -15.375 ], [ 132.375, -14.875 ], [ 132.625, -14.875 ], [ 132.625, -14.625 ], [ 132.875, -14.625 ], [ 132.875, -14.375 ], [ 133.125, -14.375 ], [ 133.125, -14.125 ], [ 133.375, -14.125 ], [ 133.375, -13.625 ], [ 133.625, -13.625 ], [ 133.625, -13.375 ], [ 133.875, -13.375 ], [ 133.875, -13.125 ], [ 134.875, -13.125 ], [ 134.875, -13.375 ], [ 135.375, -13.375 ], [ 135.375, -13.125 ], [ 135.625, -13.125 ], [ 135.625, -12.875 ], [ 135.875, -12.875 ], [ 135.875, -12.375 ], [ 135.625, -12.375 ], [ 135.625, -12.125 ], [ 133.875, -12.125 ], [ 133.875, -11.875 ], [ 133.125, -11.875 ] ] ] } },
{ "type": "Feature", "properties": { "cluster_id": 8, "cohesion": 6.2881881047598194, "distances": { "1": 17.724763630108697, "2": 11.551973404807613, "3": 21.920658914776226, "4": 22.88080458042339, "5": 23.105639472901252, "6": 18.477377011080563, "7": 11.981392880528155, "9": 13.07158161788139, "10": 12.577216492787143, "11": 15.945282271532667, "12": 11.716854614602608, "13": 19.354926854577915, "14": 23.637800050530632, "15": 17.61561996983812, "16": 27.282368971992994, "17": 27.12280939132216, "18": 19.84984841671537, "19": 20.52249348153261, "20": 23.410030811336576, "21": 25.37097448955653, "22": 25.731070888240502, "23": 14.90199768680327, "24": 19.195492900214447, "25": 14.860602306345491, "26": 25.007669163357022, "27": 25.245953843893048, "28": 39.25118433978132, "29": 43.47624601424497, "30": 37.89254359399831, "31": 42.55265134720712, "32": 43.406391591789685, "33": 48.56429828152705, "34": 46.408626148145764, "35": 42.48297920533689, "36": 43.52446718857134, "37": 45.74604359647315, "38": 46.25035558766984, "39": 46.73786623338829, "40": 49.982780356956546, "41": 48.78584925659227, "42": 32.13507714864496, "43": 29.390135745630754, "44": 40.47353534748397, "45": 33.68635028282376, "46": 37.37307352060192, "47": 46.47656020490938, "48": 44.503549698121354, "49": 47.41049437762227, "50": 40.385975089323296, "51": 43.318537095334996, "52": 48.63753509317584, "53": 44.39400559712835, "54": 43.92333748372291, "55": 49.05963623607401, "56": 47.89820478637712, "57": 48.27528368846174, "58": 49.974888901643574, "59": 47.26130887413294, "60": 42.963874965751835, "61": 38.36398115180587, "62": 39.27642703288998, "63": 42.39578663864016, "64": 42.21940664765954, "65": 44.113363121623195, "66": 47.87298145289346, "67": 28.420706677909898, "68": 32.34394270872592, "69": 29.818490704359796, "70": 27.514251012659507, "71": 29.2617955797116, "72": 30.934962448745278, "73": 27.1270989866637, "74": 29.405185950289496, "75": 30.269566186810813, "76": 35.3634954828564, "77": 29.877004900465597, "78": 33.28855775759164, "79": 29.49798747366754, "80": 29.05706394343568, "81": 39.2617332068642, "82": 45.305576730471955, "83": 44.17769270374897, "84": 34.93750298483642, "85": 38.01767803167582, "86": 39.38834137518916, "87": 40.26653768216457, "88": 34.864109480727194, "89": 32.494177066091574, "90": 39.71845998542853, "91": 33.65113177277126, "92": 32.32252010074511, "93": 31.064545798089473, "94": 35.9683325584484, "95": 32.22129701420936, "96": 32.62305726663727, "97": 38.53357452126141, "98": 38.95669398685777 } }, "geometry": { "type": "Polygon", "coordinates": [ [ [ 141.125, -15.125 ], [ 141.125, -15.875 ], [ 140.875, -15.875 ], [ 140.875, -16.875 ], [ 140.625, -16.875 ], [ 140.625, -17.375 ], [ 140.375, -17.375 ], [ 140.375, -17.625 ], [ 141.125, -17.625 ], [ 141.125, -17.875 ], [ 141.375, -17.875 ], [ 141.375, -18.125 ], [ 141.625, -18.125 ], [ 141.625, -18.625 ], [ 141.875, -18.625 ], [ 141.875, -18.875 ], [ 142.125, -18.875 ], [ 142.125, -19.375 ], [ 142.375, -19.375 ], [ 142.375, -20.125 ], [ 142.875, -20.125 ], [ 142.875, -19.625 ], [ 142.625, -19.625 ], [ 142.625, -18.875 ], [ 142.375, -18.875 ], [ 142.375, -18.375 ], [ 142.125, -18.375 ], [ 142.125, -17.625 ], [ 141.875, -17.625 ], [ 141.875, -16.125 ], [ 141.625, -16.125 ], [ 141.625, -15.625 ], [ 141.375, -15.625 ], [ 141.375, -15.125 ], [ 141.125, -15.125 ] ] ] } },
{ "type": "Feature", "properties": { "cluster_id": 9, "cohesion": 7.8643133186188914, "distances": { "1": 23.412227467460262, "2": 18.63593692937562, "3": 25.855193384932644, "4": 27.861441146859182, "5": 27.573697172958298, "6": 24.306767879869025, "7": 10.69213886611946, "8": 13.071581617881392, "10": 10.7981733025834, "11": 13.141556129763885, "12": 16.212769941990363, "13": 18.92434253941079, "14": 24.36988446607294, "15": 21.71942992746608, "16": 22.232404950087115, "17": 24.27288843379406, "18": 13.066092646880438, "19": 17.373622182559252, "20": 18.855743463868077, "21": 19.76240423712889, "22": 20.736053593653885, "23": 13.923162766681813, "24": 13.284679848306915, "25": 11.746542499021814, "26": 20.198384622349888, "27": 22.668645968327105, "28": 38.020879440904764, "29": 42.674710410295326, "30": 38.58819987766897, "31": 42.44033251034534, "32": 43.8204597121699, "33": 48.166096855175, "34": 44.759581221952885, "35": 41.34321825669672, "36": 42.19543161548996, "37": 44.5371311340942, "38": 45.03012786384414, "39": 45.74264200522969, "40": 48.66788965412718, "41": 47.031238818795025, "42": 33.12729389837164, "43": 31.072160124657653, "44": 40.880154884296935, "45": 35.038055033720816, "46": 38.36790848104234, "47": 46.90347104902805, "48": 43.990718356261794, "49": 46.85726991509445, "50": 41.4348817855937, "51": 44.01156999023827, "52": 48.62996098365066, "53": 41.66240064712834, "54": 41.760697125912515, "55": 47.47585847392749, "56": 46.081727388920285, "57": 47.9303878212387, "58": 48.98784163801142, "59": 46.03565624353299, "60": 41.88578407237833, "61": 36.59713826088758, "62": 38.715188921900626, "63": 40.3369962917894, "64": 39.59467062074765, "65": 42.94804518805387, "66": 46.041464672744056, "67": 30.531867809717568, "68": 34.20639839646181, "69": 33.045606425743586, "70": 30.924840742853917, "71": 31.064019779265422, "72": 32.038121526190544, "73": 27.668913111147322, "74": 29.45783244733223, "75": 29.464067853964526, "76": 34.39827470341249, "77": 28.62604059052758, "78": 33.68995925210089, "79": 30.339627246502733, "80": 28.44953759913074, "81": 37.83184283494683, "82": 43.1815531239204, "83": 42.37795294558442, "84": 35.38481553748181, "85": 37.15759266546648, "86": 39.409740867140975, "87": 39.48015168205193, "88": 34.343910585625885, "89": 31.39056107031735, "90": 36.983656153609914, "91": 30.376663995018426, "92": 30.573969294406528, "93": 27.319682838701816, "94": 32.54174792203071, "95": 27.38883261850382, "96": 27.923706395957403, "97": 34.788329595762285, "98": 35.41980804975998 } }, "geometry": { "type": "MultiPolygon", "coordinates": [ [ [ [ 132.625, -15.125 ], [ 132.875, -15.125 ], [ 132.875, -15.375 ], [ 133.875, -15.375 ], [ 133.875, -15.625 ], [ 134.125, -15.625 ], [ 134.125, -15.375 ], [ 134.375, -15.375 ], [ 134.375, -15.125 ], [ 134.625, -15.125 ], [ 134.625, -14.875 ], [ 135.375, -14.875 ], [ 135.375, -15.125 ], [ 136.375, -15.125 ], [ 136.375, -15.375 ], [ 136.625, -15.375 ], [ 136.625, -15.625 ], [ 137.375, -15.625 ], [ 137.375, -15.875 ], [ 137.875, -15.875 ], [ 137.875, -16.125 ], [ 138.125, -16.125 ], [ 138.125, -16.375 ], [ 137.375, -16.375 ], [ 137.375, -16.125 ], [ 136.375, -16.125 ], [ 136.375, -17.375 ], [ 135.875, -17.375 ], [ 135.875, -17.125 ], [ 135.375, -17.125 ], [ 135.375, -16.875 ], [ 134.875, -16.875 ], [ 134.875, -17.125 ], [ 134.375, -17.125 ], [ 134.375, -16.875 ], [ 133.875, -16.875 ], [ 133.875, -17.125 ], [ 132.625, -17.125 ], [ 132.625, -15.375 ], [ 132.375, -15.375 ], [ 132.375, -14.875 ], [ 132.625, -14.875 ], [ 132.625, -15.125 ] ] ], [ [ [ 130.375, -14.625 ], [ 130.875, -14.625 ], [ 130.875, -15.375 ], [ 131.375, -15.375 ], [ 131.375, -16.125 ], [ 131.125, -16.125 ], [ 131.125, -16.375 ], [ 130.875, -16.375 ], [ 130.875, -16.625 ], [ 130.375, -16.625 ], [ 130.375, -16.125 ], [ 130.625, -16.125 ], [ 130.625, -15.625 ], [ 129.875, -15.625 ], [ 129.875, -15.875 ], [ 129.625, -15.875 ], [ 129.625, -16.125 ], [ 129.125, -16.125 ], [ 129.125, -16.375 ], [ 128.875, -16.375 ], [ 128.875, -15.875 ], [ 128.375, -15.875 ], [ 128.375, -15.125 ], [ 128.625, -15.125 ], [ 128.625, -14.875 ], [ 129.625, -14.875 ], [ 129.625, -14.125 ], [ 129.875, -14.125 ], [ 129.875, -14.875 ], [ 130.375, -14.875 ], [ 130.375, -14.625 ] ] ], [ [ [ 130.125, -14.125 ], [ 129.875, -14.125 ], [ 129.875, -13.875 ], [ 130.125, -13.875 ], [ 130.125, -14.125 ] ] ], [ [ [ 130.125, -13.875 ], [ 130.125, -13.625 ], [ 130.375, -13.625 ], [ 130.375, -13.875 ], [ 130.125, -13.875 ] ] ], [ [ [ 135.375, -13.375 ], [ 135.375, -13.625 ], [ 135.125, -13.625 ], [ 135.125, -13.875 ], [ 134.875, -13.875 ], [ 134.875, -14.125 ], [ 134.375, -14.125 ], [ 134.375, -13.125 ], [ 134.875, -13.125 ], [ 134.875, -13.375 ], [ 135.375, -13.375 ] ] ], [ [ [ 130.875, -13.625 ], [ 130.375, -13.625 ], [ 130.375, -13.375 ], [ 130.625, -13.375 ], [ 130.625, -13.125 ], [ 131.125, -13.125 ], [ 131.125, -13.375 ], [ 130.875, -13.375 ], [ 130.875, -13.625 ] ] ], [ [ [ 131.875, -13.125 ], [ 131.125, -13.125 ], [ 131.125, -12.875 ], [ 131.875, -12.875 ], [ 131.875, -13.125 ] ] ] ] } },
{ "type": "Feature", "properties": { "cluster_id": 10, "cohesion": 7.568119429177175, "distances": { "1": 25.23384057192171, "2": 20.50859014664846, "3": 28.81240208101202, "4": 30.939479475981237, "5": 30.885115905396407, "6": 27.08436133678833, "7": 11.820259616242863, "8": 12.577216492787143, "9": 10.798173302583402, "11": 9.842120179622412, "12": 15.071478669038706, "13": 18.17521259730218, "14": 26.072927860873957, "15": 23.24920037583946, "16": 24.259741388074822, "17": 24.67441979954276, "18": 16.178499658484395, "19": 14.619285661391121, "20": 18.912924537266647, "21": 22.153319061879643, "22": 24.483900756162996, "23": 18.382737674028654, "24": 18.758732339124627, "25": 17.00083450517958, "26": 25.527646277887673, "27": 28.155952564799513, "28": 42.054801274622605, "29": 47.15314874248776, "30": 42.77214617642598, "31": 47.059181133443815, "32": 48.70549639861944, "33": 53.212480050239456, "34": 49.122474363934586, "35": 45.63073090431708, "36": 46.30282551323739, "37": 49.0697530261686, "38": 49.65952206208508, "39": 50.54219356961998, "40": 53.741657223148835, "41": 51.78657012260407, "42": 36.82041335606994, "43": 34.32815269898549, "44": 44.46949426265737, "45": 38.23652969353032, "46": 42.00265679944462, "47": 51.12164620443956, "48": 47.97014117158478, "49": 51.10799237683256, "50": 45.51948776419486, "51": 48.721855139892625, "52": 53.20814390678209, "53": 45.98274700694477, "54": 45.77498495476429, "55": 52.36869011936545, "56": 50.69218113580307, "57": 52.786040012553364, "58": 53.54519371708416, "59": 50.52621407216129, "60": 46.36221753855883, "61": 41.380137777046535, "62": 43.48058561152056, "63": 44.9301428075798, "64": 44.12151382169949, "65": 47.196898306278634, "66": 50.513200101403484, "67": 34.038143291109165, "68": 38.24285207888526, "69": 36.61920974647182, "70": 34.745866943419266, "71": 34.21996191802703, "72": 35.603477688099325, "73": 30.605101508531654, "74": 32.60203116266204, "75": 32.33448150645953, "76": 37.88909097717799, "77": 32.32264668922157, "78": 37.15411395496346, "79": 33.55540619335112, "80": 31.18283484436879, "81": 41.17941691059556, "82": 47.36478794956607, "83": 46.336550865840266, "84": 38.94606460894549, "85": 40.85391351798296, "86": 43.68288764458498, "87": 43.53612792297687, "88": 37.69820541736345, "89": 33.89318479371637, "90": 40.20685996855372, "91": 32.474145564306625, "92": 35.31843210394483, "93": 31.466442182714797, "94": 36.99652826715438, "95": 30.909321568716052, "96": 30.815993625754793, "97": 38.4363668176606, "98": 39.60178192701436 } }, "geometry": { "type": "Polygon", "coordinates": [ [ [ 129.875, -15.625 ], [ 129.875, -15.875 ], [ 129.625, -15.875 ], [ 129.625, -16.125 ], [ 129.125, -16.125 ], [ 129.125, -16.375 ], [ 128.875, -16.375 ], [ 128.875, -17.625 ], [ 128.625, -17.625 ], [ 128.625, -18.125 ], [ 129.125, -18.125 ], [ 129.125, -17.875 ], [ 129.875, -17.875 ], [ 129.875, -17.625 ], [ 130.125, -17.625 ], [ 130.125, -17.375 ], [ 130.375, -17.375 ], [ 130.375, -17.125 ], [ 130.625, -17.125 ], [ 130.625, -17.375 ], [ 130.875, -17.375 ], [ 130.875, -17.625 ], [ 131.125, -17.625 ], [ 131.125, -17.875 ], [ 131.375, -17.875 ], [ 131.375, -18.125 ], [ 131.625, -18.125 ], [ 131.625, -18.375 ], [ 131.875, -18.375 ], [ 131.875, -18.625 ], [ 133.125, -18.625 ], [ 133.125, -18.875 ], [ 133.875, -18.875 ], [ 133.875, -18.625 ], [ 134.125, -18.625 ], [ 134.125, -18.125 ], [ 135.375, -18.125 ], [ 135.375, -17.875 ], [ 136.375, -17.875 ], [ 136.375, -18.125 ], [ 137.875, -18.125 ], [ 137.875, -18.375 ], [ 138.625, -18.375 ], [ 138.625, -18.625 ], [ 138.875, -18.625 ], [ 138.875, -18.875 ], [ 139.125, -18.875 ], [ 139.125, -19.375 ], [ 139.375, -19.375 ], [ 139.375, -19.125 ], [ 140.125, -19.125 ], [ 140.125, -19.625 ], [ 141.125, -19.625 ], [ 141.125, -19.875 ], [ 141.375, -19.875 ], [ 141.375, -20.125 ], [ 142.375, -20.125 ], [ 142.375, -19.375 ], [ 142.125, -19.375 ], [ 142.125, -18.875 ], [ 141.875, -18.875 ], [ 141.875, -18.625 ], [ 141.625, -18.625 ], [ 141.625, -18.125 ], [ 141.375, -18.125 ], [ 141.375, -17.875 ], [ 141.125, -17.875 ], [ 141.125, -17.625 ], [ 140.375, -17.625 ], [ 140.375, -17.375 ], [ 139.625, -17.375 ], [ 139.625, -17.125 ], [ 139.375, -17.125 ], [ 139.375, -16.875 ], [ 139.125, -16.875 ], [ 139.125, -16.625 ], [ 138.875, -16.625 ], [ 138.875, -16.375 ], [ 137.375, -16.375 ], [ 137.375, -16.125 ], [ 136.375, -16.125 ], [ 136.375, -17.375 ], [ 135.875, -17.375 ], [ 135.875, -17.125 ], [ 135.375, -17.125 ], [ 135.375, -16.875 ], [ 134.875, -16.875 ], [ 134.875, -17.125 ], [ 134.375, -17.125 ], [ 134.375, -16.875 ], [ 133.875, -16.875 ], [ 133.875, -17.125 ], [ 132.625, -17.125 ], [ 132.625, -16.125 ], [ 132.125, -16.125 ], [ 132.125, -15.875 ], [ 131.625, -15.875 ], [ 131.625, -16.125 ], [ 131.125, -16.125 ], [ 131.125, -16.375 ], [ 130.875, -16.375 ], [ 130.875, -16.875 ], [ 130.375, -16.875 ], [ 130.375, -16.125 ], [ 130.625, -16.125 ], [ 130.625, -15.625 ], [ 129.875, -15.625 ] ] ] } },
{ "type": "Feature", "properties": { "cluster_id": 11, "cohesion": 7.8725535036232595, "distances": { "1": 27.243178140168173, "2": 22.775584536215312, "3": 28.695589548349968, "4": 31.761223097049513, "5": 31.77386204018671, "6": 28.73059308058035, "7": 15.72789535791489, "8": 15.945282271532667, "9": 13.141556129763885, "10": 9.842120179622412, "12": 14.813506087812584, "13": 14.625254067691912, "14": 23.65806875905916, "15": 22.735176120641373, "16": 20.55187834180866, "17": 20.408438544163804, "18": 15.20100833657037, "19": 10.35117654051184, "20": 14.889326724040012, "21": 19.181304533626754, "22": 23.1704901669323, "23": 20.52944267638212, "24": 19.17409749631371, "25": 18.311934963168245, "26": 24.97012401482496, "27": 28.241423613161533, "28": 40.847350880855934, "29": 46.208756576025024, "30": 42.92970772282377, "31": 46.73861411470464, "32": 48.52445640894603, "33": 52.486873673839085, "34": 47.00794864179843, "35": 44.22516286657864, "36": 44.353155385805046, "37": 47.48840316440411, "38": 48.361890022131625, "39": 49.61649066500758, "40": 52.49624400745094, "41": 50.04593441327428, "42": 37.011930320098195, "43": 35.0238728649311, "44": 43.84626878173313, "45": 38.34265957802868, "46": 41.90497359570579, "47": 50.599026967609035, "48": 46.771541985159075, "49": 49.97432416516394, "50": 45.36472405500017, "51": 48.447153587081026, "52": 52.30947003255477, "53": 43.63840765002212, "54": 43.316505642197505, "55": 50.71841887055952, "56": 48.65325206309843, "57": 51.798641968794065, "58": 52.14023310115186, "59": 48.89047631420225, "60": 44.957782501933025, "61": 40.11489687953322, "62": 42.62253705074806, "63": 43.37933990165362, "64": 42.25046792999752, "65": 45.788205122034526, "66": 48.687044213511726, "67": 33.14844841036575, "68": 37.55784538220302, "69": 36.62744392408503, "70": 34.773194721252956, "71": 33.729867255267486, "72": 34.604529415012266, "73": 28.95594196067972, "74": 31.55743936013098, "75": 31.358045779562993, "76": 36.50440203683497, "77": 30.92249472352991, "78": 37.21248570060257, "79": 33.38464016674565, "80": 30.53111105269363, "81": 38.51101989534333, "82": 44.92665673302825, "83": 43.86056945785477, "84": 37.795282193787656, "85": 39.22244062752708, "86": 42.38274268099799, "87": 41.68781329519747, "88": 35.41520224203973, "89": 30.872213155056762, "90": 36.99943972820524, "91": 28.65900038170266, "92": 34.51227199927281, "93": 30.03534706019437, "94": 35.184567125938216, "95": 28.086099438997447, "96": 27.308385319831043, "97": 35.39956031477712, "98": 37.21777845780177 } }, "geometry": { "type": "MultiPolygon", "coordinates": [ [ [ [ 128.625, -18.125 ], [ 129.125, -18.125 ], [ 129.125, -17.875 ], [ 129.875, -17.875 ], [ 129.875, -17.625 ], [ 130.125, -17.625 ], [ 130.125, -17.375 ], [ 130.375, -17.375 ], [ 130.375, -17.125 ], [ 130.625, -17.125 ], [ 130.625, -17.375 ], [ 130.875, -17.375 ], [ 130.875, -17.625 ], [ 131.125, -17.625 ], [ 131.125, -17.875 ], [ 131.375, -17.875 ], [ 131.375, -18.125 ], [ 131.625, -18.125 ], [ 131.625, -18.375 ], [ 131.875, -18.375 ], [ 131.875, -18.625 ], [ 133.125, -18.625 ], [ 133.125, -18.875 ], [ 133.875, -18.875 ], [ 133.875, -18.625 ], [ 134.125, -18.625 ], [ 134.125, -18.125 ], [ 135.375, -18.125 ], [ 135.375, -17.875 ], [ 136.375, -17.875 ], [ 136.375, -18.125 ], [ 137.875, -18.125 ], [ 137.875, -18.375 ], [ 138.625, -18.375 ], [ 138.625, -18.625 ], [ 138.875, -18.625 ], [ 138.875, -18.875 ], [ 139.125, -18.875 ], [ 139.125, -19.375 ], [ 139.375, -19.375 ], [ 139.375, -19.125 ], [ 140.125, -19.125 ], [ 140.125, -19.625 ], [ 141.125, -19.625 ], [ 141.125, -19.875 ], [ 141.375, -19.875 ], [ 141.375, -20.125 ], [ 141.625, -20.125 ], [ 141.625, -20.625 ], [ 141.375, -20.625 ], [ 141.375, -21.125 ], [ 140.375, -21.125 ], [ 140.375, -20.875 ], [ 139.125, -20.875 ], [ 139.125, -20.625 ], [ 138.875, -20.625 ], [ 138.875, -20.375 ], [ 138.625, -20.375 ], [ 138.625, -20.125 ], [ 138.375, -20.125 ], [ 138.375, -19.875 ], [ 138.125, -19.875 ], [ 138.125, -20.125 ], [ 137.625, -20.125 ], [ 137.625, -19.875 ], [ 137.125, -19.875 ], [ 137.125, -19.375 ], [ 135.875, -19.375 ], [ 135.875, -19.125 ], [ 134.875, -19.125 ], [ 134.875, -19.375 ], [ 132.875, -19.375 ], [ 132.875, -19.125 ], [ 130.875, -19.125 ], [ 130.875, -18.875 ], [ 130.125, -18.875 ], [ 130.125, -19.125 ], [ 128.625, -19.125 ], [ 128.625, -18.625 ], [ 128.375, -18.625 ], [ 128.375, -17.625 ], [ 128.625, -17.625 ], [ 128.625, -18.125 ] ] ], [ [ [ 128.875, -17.625 ], [ 128.625, -17.625 ], [ 128.625, -16.625 ], [ 128.875, -16.625 ], [ 128.875, -17.625 ] ] ], [ [ [ 130.875, -16.875 ], [ 130.375, -16.875 ], [ 130.375, -16.625 ], [ 130.875, -16.625 ], [ 130.875, -16.875 ] ] ] ] } },
{ "type": "Feature", "properties": { "cluster_id": 12, "cohesion": 5.4363627712159381, "distances": { "1": 19.85440601204526, "2": 14.068576952382548, "3": 17.878550036139096, "4": 21.157222312801103, "5": 22.905195674357543, "6": 19.25148727854865, "7": 17.665798044404745, "8": 11.716854614602608, "9": 16.212769941990363, "10": 15.071478669038704, "11": 14.813506087812584, "13": 12.281318105810795, "14": 16.281866988938507, "15": 11.243876168981709, "16": 23.74909436989976, "17": 21.29959697873824, "18": 20.307439806211665, "19": 17.151278284488846, "20": 19.98942506538154, "21": 23.41619779269974, "22": 25.450850140158835, "23": 18.091220771463018, "24": 20.089932919535425, "25": 16.989694243477985, "26": 24.63171736849017, "27": 24.698342252149533, "28": 37.737386695204385, "29": 41.928206982620765, "30": 37.753355421424324, "31": 41.59113633397854, "32": 41.782132524907865, "33": 46.22879894981172, "34": 42.43925988703487, "35": 40.20494441542098, "36": 39.88610906071992, "37": 42.89735792169898, "38": 44.1194619245607, "39": 44.98253223448025, "40": 47.294810660787284, "41": 45.607748145891684, "42": 30.652510924050702, "43": 29.01260278427984, "44": 38.04409237924878, "45": 32.34670207426035, "46": 35.27451518226349, "47": 43.836176442101944, "48": 41.47685793542213, "49": 44.399663640158415, "50": 37.99296747061684, "51": 40.892229326156276, "52": 45.39979990375842, "53": 40.70555174049014, "54": 39.3825930603828, "55": 45.608073575288344, "56": 43.827217650398666, "57": 45.14895899804313, "58": 46.61446858002009, "59": 43.5846362736299, "60": 39.88306030530884, "61": 35.934452781883806, "62": 36.88140865544978, "63": 39.69529771482941, "64": 39.460454605498434, "65": 41.09962449760185, "66": 44.5430315753799, "67": 23.84217579303521, "68": 28.616782957630555, "69": 26.694826989394475, "70": 24.75986825347281, "71": 26.26045731479845, "72": 27.07888866492346, "73": 21.94712192401318, "74": 26.778162422538408, "75": 29.378804936578213, "76": 33.264793018880184, "77": 27.53305044222448, "78": 33.70178358968397, "79": 28.94993789770739, "80": 28.87596870889525, "81": 33.97790608279634, "82": 40.75135820616954, "83": 39.371992890876946, "84": 31.688901805835528, "85": 34.85594673798409, "86": 35.89000910637653, "87": 36.20076727238783, "88": 29.462904348865365, "89": 26.249234537469196, "90": 34.47069034999647, "91": 28.169284357927626, "92": 30.65947339529661, "93": 29.9877152978016, "94": 33.86405620283143, "95": 29.62621947186684, "96": 28.765350755938204, "97": 34.53357349193899, "98": 36.07085699257938 } }, "geometry": { "type": "Polygon", "coordinates": [ [ [ 142.875, -19.875 ], [ 142.875, -20.125 ], [ 141.625, -20.125 ], [ 141.625, -20.625 ], [ 141.375, -20.625 ], [ 141.375, -21.375 ], [ 143.125, -21.375 ], [ 143.125, -19.875 ], [ 142.875, -19.875 ] ] ] } },
{ "type": "Feature", "properties": { "cluster_id": 13, "cohesion": 6.3085869858795594, "distances": { "1": 26.98037488634105, "2": 22.130332331233788, "3": 21.754197701668133, "4": 26.572139809087968, "5": 28.074469671075537, "6": 26.157514921119354, "7": 22.695740001898216, "8": 19.354926854577915, "9": 18.924342539410794, "10": 18.17521259730218, "11": 14.625254067691912, "12": 12.281318105810797, "14": 12.489880908123734, "15": 15.51221400175176, "16": 17.634269402235724, "17": 12.844955961541327, "18": 19.373411254765855, "19": 12.36372240956093, "20": 14.281404099090448, "21": 19.29648724823057, "22": 23.915457540791394, "23": 22.087826750715198, "24": 20.57835638119478, "25": 19.68731395459557, "26": 23.867410152430637, "27": 25.048360621207667, "28": 36.475803084692416, "29": 41.32135506832261, "30": 39.71772964430734, "31": 42.355701653584894, "32": 42.780843584306346, "33": 45.86644163564906, "34": 38.900996508602915, "35": 38.386188712275455, "36": 36.71831369721957, "37": 40.71852005306007, "38": 42.612897908608474, "39": 44.27906235212457, "40": 45.65394016569628, "41": 42.88973678695503, "42": 31.989303215920565, "43": 31.394532497188163, "44": 37.42724963897607, "45": 33.386250356058845, "46": 35.890332357990964, "47": 43.50666271781074, "48": 39.64101802866367, "49": 42.67817809876603, "50": 38.67463837881261, "51": 41.50207233182501, "52": 44.40411723628107, "53": 36.46533489488995, "54": 34.87467144896156, "55": 42.985851330707064, "56": 40.331210815106985, "57": 44.09962105784571, "58": 44.361996672981164, "59": 40.903338995392986, "60": 37.90763589945116, "61": 34.2771600338594, "62": 36.25906079566334, "63": 37.18054369659003, "64": 36.352572857574344, "65": 38.85549219915189, "66": 41.410210071896714, "67": 24.80948998111012, "68": 29.569817885152855, "69": 29.42249174910759, "70": 28.029350059524727, "71": 27.222698677688832, "72": 26.929230820692073, "73": 20.219750734261194, "74": 26.03516860676253, "75": 28.727376598917353, "76": 31.586918308825805, "77": 25.764140422053785, "78": 35.46381709018248, "79": 30.420085687008466, "80": 29.035730067287286, "81": 28.97337911697382, "82": 36.263953935996184, "83": 34.85499334555003, "84": 30.727500865118625, "85": 32.501704178361805, "86": 34.496836907155185, "87": 33.348389043706106, "88": 25.663828813002862, "89": 20.173743355388556, "90": 28.10093937184728, "91": 20.49464821273883, "92": 29.93429211223391, "93": 28.075426806808895, "94": 30.98504623656199, "95": 24.93173133936115, "96": 22.415891003332167, "97": 28.906768910207113, "98": 31.954467150375727 } }, "geometry": { "type": "Polygon", "coordinates": [ [ [ 138.375, -20.375 ], [ 138.375, -20.625 ], [ 138.625, -20.625 ], [ 138.625, -21.375 ], [ 138.875, -21.375 ], [ 138.875, -21.875 ], [ 140.625, -21.875 ], [ 140.625, -21.625 ], [ 140.875, -21.625 ], [ 140.875, -21.875 ], [ 142.375, -21.875 ], [ 142.375, -21.375 ], [ 141.375, -21.375 ], [ 141.375, -21.125 ], [ 140.375, -21.125 ], [ 140.375, -20.875 ], [ 139.125, -20.875 ], [ 139.125, -20.625 ], [ 138.875, -20.625 ], [ 138.875, -20.375 ], [ 138.375, -20.375 ] ] ] } },
{ "type": "Feature", "properties": { "cluster_id": 14, "cohesion": 5.4460712654939654, "distances": { "1": 26.70953927414475, "2": 22.151752269006145, "3": 15.252949760284743, "4": 21.48027075750956, "5": 23.985654803415418, "6": 23.62107995071859, "7": 28.38500113142447, "8": 23.637800050530632, "9": 24.369884466072936, "10": 26.072927860873953, "11": 23.658068759059155, "12": 16.281866988938507, "13": 12.489880908123734, "15": 11.338032714400939, "16": 20.634508428916448, "17": 16.525289622864893, "18": 24.170859028431295, "19": 22.094885894637805, "20": 20.904387126434106, "21": 22.727382110033894, "22": 25.584860131993437, "23": 23.97174742525986, "24": 22.711287590686673, "25": 21.628494884773676, "26": 23.379411044848993, "27": 22.57659549436659, "28": 32.415967230866414, "29": 36.183408418026545, "30": 35.34921029956038, "31": 36.94377018967032, "32": 35.78390007991737, "33": 38.44452266480148, "34": 31.67076235573896, "35": 32.64302054015735, "36": 29.75650481051387, "37": 33.9507465163239, "38": 36.723163208527545, "39": 38.392599239671725, "40": 38.47639741269488, "41": 36.17660076515138, "42": 27.479879287141824, "43": 28.332798275765786, "44": 32.36203471747248, "45": 29.657410400087553, "46": 30.65083893638624, "47": 36.857037697567876, "48": 33.83036999379379, "49": 36.412509179161525, "50": 32.11107170896658, "51": 33.840585590701416, "52": 36.72365112301646, "53": 31.269323454520375, "54": 28.820232690884076, "55": 35.543336729013525, "56": 32.93610222526351, "57": 36.13039943097094, "58": 37.44173900659486, "59": 34.02462790232105, "60": 31.4521346919535, "61": 28.748037157630723, "62": 29.540001119546815, "63": 32.005807445151156, "64": 31.676041284682665, "65": 33.128881542906925, "66": 35.420865747465754, "67": 15.717376730409184, "68": 20.74354367328712, "69": 21.79844056414488, "70": 20.569007157771125, "71": 21.30524482063729, "72": 19.06896861805258, "73": 12.17710188564095, "74": 21.893317164424463, "75": 27.3305788807245, "76": 27.726170484505044, "77": 22.151617376038402, "78": 33.221275002172106, "79": 28.017896383008747, "80": 28.55146415119182, "81": 22.035026746011532, "82": 29.503554857776596, "83": 27.754421933633548, "84": 24.003598477520924, "85": 26.719189727612008, "86": 26.03476796480545, "87": 25.31772696798675, "88": 17.078170806806877, "89": 13.455965643076038, "90": 23.378937624478382, "91": 19.5789502831546, "92": 25.39236986865264, "93": 27.003060476080332, "94": 27.93424027953157, "95": 24.695373557556746, "96": 22.385090787337337, "97": 25.904685947604623, "98": 28.707249078935597 } }, "geometry": { "type": "Polygon", "coordinates": [ [ [ 140.625, -21.625 ], [ 140.625, -21.875 ], [ 140.125, -21.875 ], [ 140.125, -22.125 ], [ 140.375, -22.125 ], [ 140.375, -22.375 ], [ 140.625, -22.375 ], [ 140.625, -22.625 ], [ 141.125, -22.625 ], [ 141.125, -22.375 ], [ 141.625, -22.375 ], [ 141.625, -22.625 ], [ 141.875, -22.625 ], [ 141.875, -23.125 ], [ 142.125, -23.125 ], [ 142.125, -23.375 ], [ 142.875, -23.375 ], [ 142.875, -23.125 ], [ 143.125, -23.125 ], [ 143.125, -22.875 ], [ 143.375, -22.875 ], [ 143.375, -22.625 ], [ 143.125, -22.625 ], [ 143.125, -22.375 ], [ 142.875, -22.375 ], [ 142.875, -22.125 ], [ 142.625, -22.125 ], [ 142.625, -21.875 ], [ 140.875, -21.875 ], [ 140.875, -21.625 ], [ 140.625, -21.625 ] ] ] } },
{ "type": "Feature", "properties": { "cluster_id": 15, "cohesion": 5.6089658589220424, "distances": { "1": 19.805724376522928, "2": 14.56920736624095, "3": 10.072551297957023, "4": 15.275525576396332, "5": 18.451159325626858, "6": 16.397702742213188, "7": 23.955350025047416, "8": 17.61561996983812, "9": 21.71942992746608, "10": 23.24920037583946, "11": 22.735176120641373, "12": 11.243876168981709, "13": 15.512214001751762, "14": 11.338032714400937, "16": 24.72709644388085, "17": 22.619414869599186, "18": 23.87928251131765, "19": 23.771095052976694, "20": 23.824060455954417, "21": 25.018450385020902, "22": 25.971715806277444, "23": 19.975395237525806, "24": 21.565814732319577, "25": 18.855820540288672, "26": 23.435473611434784, "27": 21.82148370373982, "28": 33.74791059166007, "29": 36.877355516219936, "30": 33.36190829350073, "31": 36.2737833865625, "32": 35.097375873625424, "33": 39.18567648334798, "34": 36.25861020603343, "35": 34.97933336512334, "36": 34.0366471727404, "37": 36.87849974252471, "38": 38.56540590107736, "39": 39.293986439279514, "40": 40.5653859161262, "41": 39.462781491890155, "42": 26.400336551403726, "43": 25.98019035140974, "44": 33.02685358143546, "45": 28.570176523430415, "46": 30.310886295105306, "47": 37.50615769941533, "48": 35.78613501293099, "49": 38.311291930637346, "50": 31.872550176579427, "51": 33.73300157077509, "52": 38.236515839821756, "53": 35.4610719323042, "54": 33.781719966100205, "55": 38.79230065832292, "56": 37.29511872950268, "57": 37.75633431910836, "58": 39.984654940691655, "59": 37.083118815172696, "60": 33.66610128104558, "61": 30.43630883484373, "62": 30.494278940489835, "63": 34.36607580608775, "64": 34.46436298811451, "65": 35.420207394835614, "66": 38.58331409077899, "67": 15.083547311975686, "68": 20.24150419830474, "69": 19.033267953905483, "70": 16.89464147716722, "71": 20.86959468822233, "72": 20.13089815869373, "73": 15.539635448631227, "74": 23.159167892058644, "75": 27.862106424875325, "76": 29.727014558396604, "77": 24.01412056901365, "78": 31.24356835138399, "79": 26.362434004422525, "80": 28.01379580440682, "81": 28.626462295414036, "82": 34.84211404487245, "83": 33.51978162197139, "84": 25.897439845286428, "85": 29.934183053714808, "86": 28.610712945981945, "87": 29.648779640747534, "88": 23.030229436498015, "89": 21.58606445016306, "90": 30.323489857974224, "91": 26.53547722599027, "92": 26.07860358758797, "93": 28.10008392666274, "94": 30.251956366208383, "95": 28.17151091494612, "96": 27.441560317494293, "97": 30.99363881333486, "98": 32.22649832664385 } }, "geometry": { "type": "Polygon", "coordinates": [ [ [ 143.125, -20.125 ], [ 143.125, -21.375 ], [ 142.375, -21.375 ], [ 142.375, -21.875 ], [ 142.625, -21.875 ], [ 142.625, -22.125 ], [ 142.875, -22.125 ], [ 142.875, -22.375 ], [ 143.125, -22.375 ], [ 143.125, -22.625 ], [ 143.375, -22.625 ], [ 143.375, -22.125 ], [ 143.125, -22.125 ], [ 143.125, -21.625 ], [ 143.375, -21.625 ], [ 143.375, -21.375 ], [ 143.625, -21.375 ], [ 143.625, -20.625 ], [ 143.375, -20.625 ], [ 143.375, -20.125 ], [ 143.125, -20.125 ] ] ] } },
{ "type": "Feature", "properties": { "cluster_id": 16, "cohesion": 6.1054725229256164, "distances": { "1": 32.195836190539424, "2": 29.170203207287692, "3": 27.49856286916671, "4": 31.59269989538901, "5": 31.359949198941134, "6": 31.469109407552523, "7": 27.138850807904632, "8": 27.282368971992994, "9": 22.232404950087115, "10": 24.25974138807482, "11": 20.551878341808663, "12": 23.74909436989976, "13": 17.634269402235724, "14": 20.63450842891644, "15": 24.72709644388085, "17": 12.77717824523071, "18": 16.117970973955227, "19": 16.851648054332465, "20": 10.756745091861479, "21": 9.814497136922638, "22": 17.74483193575689, "23": 24.706881347964497, "24": 19.045512421626984, "25": 21.235506828100323, "26": 19.35766047676092, "27": 23.270064761500855, "28": 32.838365762551575, "29": 37.71007818638716, "30": 38.737855663147215, "31": 39.82594920314153, "32": 40.80967315196508, "33": 42.29955775330826, "34": 34.47535223343466, "35": 35.02400709556772, "36": 33.67556036005972, "37": 36.96168407786794, "38": 38.396394942998185, "39": 40.20886680303694, "40": 40.509994777554695, "41": 37.60607205429796, "42": 33.57442207923494, "43": 33.96285452080331, "44": 37.22332285672764, "45": 35.15318087840761, "46": 37.10017534363529, "47": 42.63834610602872, "48": 37.381021769479034, "49": 40.01391224676332, "50": 39.204787723919814, "51": 40.472637538537604, "52": 42.19179828641065, "53": 28.922941471779822, "54": 28.640983788445265, "55": 37.394989469876954, "56": 34.79012478263638, "57": 40.75904860427631, "58": 40.36255801585516, "59": 36.26608494773066, "60": 34.29721870579866, "61": 29.794280927840997, "62": 33.64012552749403, "63": 31.89348785966319, "64": 29.43892176889366, "65": 35.27178936848519, "66": 35.73514727286796, "67": 28.58632807263389, "68": 31.680949343726628, "69": 33.36650685400579, "70": 31.15582848115024, "71": 30.69202034801606, "72": 29.532724091059972, "73": 24.206967921195847, "74": 27.316426881755085, "75": 27.87065048519819, "76": 29.83896543118128, "77": 23.671491461039686, "78": 34.62127545436955, "79": 30.407265529394785, "80": 27.99218552807967, "81": 26.516678431160177, "82": 30.374698948209748, "83": 30.435086593519728, "84": 31.742121659854565, "85": 31.02940750283851, "86": 33.875017095537466, "87": 31.627146352350078, "88": 26.009156605369977, "89": 21.244123162190355, "90": 22.06082928698665, "91": 14.339038542909593, "92": 26.524411233943777, "93": 21.267083241535225, "94": 23.3742378312937, "95": 13.969441210480495, "96": 10.359243155317817, "97": 19.131192577537572, "98": 23.013773476972204 } }, "geometry": { "type": "Polygon", "coordinates": [ [ [ 129.875, -19.625 ], [ 129.875, -19.875 ], [ 128.875, -19.875 ], [ 128.875, -20.125 ], [ 128.125, -20.125 ], [ 128.125, -20.375 ], [ 128.625, -20.375 ], [ 128.625, -20.875 ], [ 128.875, -20.875 ], [ 128.875, -21.625 ], [ 129.875, -21.625 ], [ 129.875, -21.875 ], [ 130.125, -21.875 ], [ 130.125, -22.125 ], [ 130.875, -22.125 ], [ 130.875, -22.375 ], [ 131.625, -22.375 ], [ 131.625, -22.125 ], [ 132.875, -22.125 ], [ 132.875, -21.875 ], [ 132.125, -21.875 ], [ 132.125, -21.625 ], [ 131.375, -21.625 ], [ 131.375, -21.375 ], [ 131.125, -21.375 ], [ 131.125, -20.625 ], [ 130.875, -20.625 ], [ 130.875, -20.375 ], [ 130.625, -20.375 ], [ 130.625, -20.125 ], [ 130.375, -20.125 ], [ 130.375, -19.625 ], [ 129.875, -19.625 ] ] ] } },
{ "type": "Feature", "properties": { "cluster_id": 17, "cohesion": 7.1666618858215729, "distances": { "1": 32.02744678986398, "2": 28.962177511423523, "3": 26.847220194102547, "4": 31.09966891121116, "5": 31.819924881859794, "6": 31.293129238547586, "7": 28.38050787218748, "8": 27.122809391322168, "9": 24.27288843379406, "10": 24.67441979954276, "11": 20.4084385441638, "12": 21.299596978738244, "13": 12.844955961541327, "14": 16.525289622864893, "15": 22.619414869599186, "16": 12.777178245230708, "18": 21.412572108428474, "19": 14.38739840655853, "20": 11.732735128635133, "21": 17.477901537066835, "22": 24.171051947348765, "23": 26.340394518324075, "24": 23.246155001200144, "25": 23.735900306917692, "26": 24.74099385613904, "27": 26.288694674960293, "28": 35.359092182355205, "29": 40.293798707277304, "30": 41.097813279213106, "31": 42.531452612602806, "32": 43.14653841967149, "33": 44.880759056893694, "34": 35.30230777431278, "35": 37.06897873384626, "36": 34.3847546203583, "37": 38.781999151467886, "38": 40.902148623566326, "39": 43.005182310518734, "40": 43.29261877325556, "41": 39.597259456268716, "42": 33.68980645701666, "43": 34.08608827621701, "44": 37.50909181940658, "45": 34.95769587650966, "46": 37.05010728376004, "47": 43.421395535928795, "48": 38.48137216061866, "49": 41.34590213359725, "50": 39.54568494646448, "51": 41.87132028887455, "52": 43.324252780787035, "53": 32.01734270905334, "54": 29.87667476342119, "55": 39.67422512070522, "56": 36.088779014248885, "57": 42.675703727343375, "58": 42.13205926739044, "59": 37.97617323960411, "60": 36.56087966151514, "61": 33.43665272201163, "62": 36.188060336338786, "63": 35.30937641122099, "64": 33.60739416908557, "65": 37.28021059606758, "66": 38.371894324142666, "67": 28.201019828748898, "68": 31.82135227307445, "69": 32.718577834807846, "70": 31.363416573443526, "71": 29.993854896910182, "72": 29.352725043434386, "73": 22.871124649340107, "74": 27.37360207896016, "75": 29.584968996459516, "76": 31.074515047287257, "77": 25.49621173974292, "78": 37.010713914383395, "79": 31.61943244529997, "80": 30.105230074319284, "81": 24.49713669485504, "82": 30.955058387785854, "83": 29.97412599964421, "84": 31.69238930967545, "85": 31.43290045988881, "86": 34.59240323144562, "87": 31.72704031790677, "88": 24.198290061622085, "89": 17.338299471524117, "90": 21.23448433970793, "91": 12.279387211479321, "92": 30.255257289623316, "93": 27.226903059840556, "94": 28.891812950070868, "95": 21.09860487997318, "96": 16.397231065589253, "97": 23.09107844051953, "98": 28.0556870689436 } }, "geometry": { "type": "Polygon", "coordinates": [ [ [ 136.125, -20.875 ], [ 136.125, -21.125 ], [ 134.875, -21.125 ], [ 134.875, -21.375 ], [ 133.625, -21.375 ], [ 133.625, -21.125 ], [ 132.125, -21.125 ], [ 132.125, -21.875 ], [ 136.125, -21.875 ], [ 136.125, -22.125 ], [ 136.625, -22.125 ], [ 136.625, -21.875 ], [ 137.625, -21.875 ], [ 137.625, -22.125 ], [ 138.125, -22.125 ], [ 138.125, -22.375 ], [ 138.375, -22.375 ], [ 138.375, -22.625 ], [ 140.125, -22.625 ], [ 140.125, -22.375 ], [ 140.375, -22.375 ], [ 140.375, -22.125 ], [ 140.125, -22.125 ], [ 140.125, -21.875 ], [ 138.875, -21.875 ], [ 138.875, -21.375 ], [ 138.625, -21.375 ], [ 138.625, -21.125 ], [ 137.625, -21.125 ], [ 137.625, -20.875 ], [ 136.125, -20.875 ] ] ] } },
{ "type": "Feature", "properties": { "cluster_id": 18, "cohesion": 6.9615330663153552, "distances": { "1": 27.55200376666399, "2": 23.727125690910967, "3": 27.02562247881599, "4": 29.904502681936624, "5": 29.49355209234138, "6": 27.82233739216767, "7": 17.609750765950764, "8": 19.849848416715368, "9": 13.066092646880438, "10": 16.178499658484395, "11": 15.20100833657037, "12": 20.307439806211665, "13": 19.373411254765855, "14": 24.170859028431295, "15": 23.87928251131765, "16": 16.117970973955224, "17": 21.412572108428474, "19": 17.109349911182143, "20": 14.950664117416801, "21": 12.22806875795528, "22": 13.794047909098143, "23": 18.057804142392122, "24": 10.839668446971334, "25": 15.086201897815815, "26": 15.075498613251183, "27": 21.187469069865397, "28": 35.551297214222494, "29": 40.24953242055542, "30": 37.97647927790824, "31": 40.75760811531999, "32": 42.28237055693588, "33": 45.65662091879266, "34": 41.47406368315505, "35": 38.82280590789497, "36": 39.55623869624943, "37": 41.72714151891872, "38": 42.18842991459575, "39": 43.09721607031966, "40": 45.50166896397646, "41": 43.67617920700494, "42": 33.72619403885689, "43": 32.608578331678565, "44": 40.01284562733237, "45": 35.76562116773066, "46": 38.37847691540285, "47": 45.514512520963955, "48": 41.793017097203084, "49": 44.40554733673164, "50": 40.96648398816414, "51": 42.71943539311551, "52": 46.52408741837601, "53": 37.07886191156094, "54": 37.79948425358852, "55": 44.0460698617515, "56": 42.59282932513289, "57": 45.467882076348964, "58": 45.87734272873211, "59": 42.86223827052968, "60": 38.88615890023771, "61": 32.873744458911055, "62": 36.2495888923759, "63": 36.33591842371571, "64": 34.87233986142873, "65": 39.99255540893264, "66": 42.096173505449826, "67": 30.26470988386398, "68": 33.5902459413388, "69": 33.853790947641215, "70": 31.336424061920773, "71": 31.644947387914897, "72": 31.584472230130576, "73": 27.06968121237585, "74": 29.122490470239068, "75": 28.459153946665968, "76": 32.71830208486635, "77": 26.727415710549696, "78": 33.203273894480375, "79": 30.3013272641813, "80": 27.53247764461429, "81": 35.053011704221774, "82": 39.46176103196134, "83": 39.0721385737077, "84": 34.59540858883298, "85": 35.41113168872737, "86": 37.74012671598035, "87": 37.222529274125165, "88": 32.32753966821061, "89": 29.172036453856514, "90": 32.86737220414223, "91": 26.149647806366893, "92": 27.34796467831736, "93": 21.703952749230417, "94": 27.064259742137224, "95": 20.450455284524423, "96": 21.55795754816429, "97": 29.2451128681048, "98": 29.924738716547864 } }, "geometry": { "type": "Polygon", "coordinates": [ [ [ 128.125, -15.375 ], [ 128.125, -15.625 ], [ 127.875, -15.625 ], [ 127.875, -16.125 ], [ 128.125, -16.125 ], [ 128.125, -16.375 ], [ 127.875, -16.375 ], [ 127.875, -16.625 ], [ 127.625, -16.625 ], [ 127.625, -16.125 ], [ 127.125, -16.125 ], [ 127.125, -16.375 ], [ 126.875, -16.375 ], [ 126.875, -16.625 ], [ 126.625, -16.625 ], [ 126.625, -16.875 ], [ 126.375, -16.875 ], [ 126.375, -17.125 ], [ 126.125, -17.125 ], [ 126.125, -17.625 ], [ 125.875, -17.625 ], [ 125.875, -17.875 ], [ 125.375, -17.875 ], [ 125.375, -17.625 ], [ 125.625, -17.625 ], [ 125.625, -16.625 ], [ 125.875, -16.625 ], [ 125.875, -16.125 ], [ 125.625, -16.125 ], [ 125.625, -15.875 ], [ 125.375, -15.875 ], [ 125.375, -16.125 ], [ 125.125, -16.125 ], [ 125.125, -16.375 ], [ 124.625, -16.375 ], [ 124.625, -16.875 ], [ 124.875, -16.875 ], [ 124.875, -17.375 ], [ 124.625, -17.375 ], [ 124.625, -18.125 ], [ 124.875, -18.125 ], [ 124.875, -18.375 ], [ 125.625, -18.375 ], [ 125.625, -19.125 ], [ 125.875, -19.125 ], [ 125.875, -19.625 ], [ 127.125, -19.625 ], [ 127.125, -19.375 ], [ 127.375, -19.375 ], [ 127.375, -19.125 ], [ 127.625, -19.125 ], [ 127.625, -18.875 ], [ 128.125, -18.875 ], [ 128.125, -19.375 ], [ 128.375, -19.375 ], [ 128.375, -19.125 ], [ 128.625, -19.125 ], [ 128.625, -18.625 ], [ 128.375, -18.625 ], [ 128.375, -17.625 ], [ 128.625, -17.625 ], [ 128.625, -16.625 ], [ 128.875, -16.625 ], [ 128.875, -15.875 ], [ 128.375, -15.875 ], [ 128.375, -15.375 ], [ 128.125, -15.375 ] ] ] } },
{ "type": "Feature", "properties": { "cluster_id": 19, "cohesion": 5.7194552176550069, "distances": { "1": 29.75565819962037, "2": 26.101221728137574, "3": 29.735336434049927, "4": 33.10083793837927, "5": 33.363438479222985, "6": 30.942039078992806, "7": 20.28132018838156, "8": 20.52249348153261, "9": 17.373622182559252, "10": 14.619285661391125, "11": 10.35117654051184, "12": 17.151278284488846, "13": 12.363722409560932, "14": 22.094885894637798, "15": 23.771095052976694, "16": 16.851648054332465, "17": 14.387398406558532, "18": 17.109349911182143, "20": 10.49309590535747, "21": 17.786223657213753, "22": 23.919601617731978, "23": 23.168685030419024, "24": 21.20809509180638, "25": 21.0055970578041, "26": 25.985480365854496, "27": 28.845741516909232, "28": 40.68299838986427, "29": 46.1649894599692, "30": 44.30508709904327, "31": 47.44348517398529, "32": 48.99667337676745, "33": 52.20007059037012, "34": 44.97082689427445, "35": 43.768972252489924, "36": 42.9151124887448, "37": 46.645294310195204, "38": 47.890385956184566, "39": 49.488484615422294, "40": 51.57744890667834, "41": 48.499066782932545, "42": 37.2245293717949, "43": 35.833581618493724, "44": 42.93107454828474, "45": 38.22780670741884, "46": 41.61776641830192, "47": 49.91032032061664, "48": 45.419653266898194, "49": 48.66422589290488, "50": 45.146338491707404, "51": 48.390712737378614, "52": 51.257778131445114, "53": 41.15616706824331, "54": 40.25871855844983, "55": 49.062128863852635, "56": 46.3376594786094, "57": 50.90976551918972, "58": 50.57550305340403, "59": 46.97085948070253, "60": 43.96892080332624, "61": 39.728814055124126, "62": 42.54869467484064, "63": 42.273674233585716, "64": 40.813401557025195, "65": 44.47257491755823, "66": 46.8337678546515, "67": 33.458622904706296, "68": 37.78547491847761, "69": 37.175881546230926, "70": 35.61503808678296, "71": 34.13788795313836, "72": 34.82238513473769, "73": 28.468531115239927, "74": 31.57542276963964, "75": 31.910703788850366, "76": 36.168019216388295, "77": 30.501633829961854, "78": 38.706391934648046, "79": 34.03414161660487, "80": 31.39721073424373, "81": 35.22276156422871, "82": 41.85941829585171, "83": 40.82648920445425, "84": 37.59197483195812, "85": 38.29315782966953, "86": 41.98941435255324, "87": 40.31118903490012, "88": 33.284559130981656, "89": 27.466550259521895, "90": 32.770086398145466, "91": 23.38091102730011, "92": 34.828244981443774, "93": 30.05637987159244, "94": 34.31735419316153, "95": 26.016144232776345, "96": 23.633728409708993, "97": 32.083574428437, "98": 35.20294845330412 } }, "geometry": { "type": "Polygon", "coordinates": [ [ [ 131.125, -19.125 ], [ 131.125, -19.375 ], [ 131.375, -19.375 ], [ 131.375, -19.875 ], [ 131.625, -19.875 ], [ 131.625, -20.125 ], [ 131.875, -20.125 ], [ 131.875, -20.375 ], [ 132.125, -20.375 ], [ 132.125, -20.625 ], [ 134.625, -20.625 ], [ 134.625, -20.875 ], [ 137.625, -20.875 ], [ 137.625, -21.125 ], [ 138.625, -21.125 ], [ 138.625, -20.625 ], [ 138.375, -20.625 ], [ 138.375, -20.375 ], [ 138.625, -20.375 ], [ 138.625, -20.125 ], [ 138.375, -20.125 ], [ 138.375, -19.875 ], [ 138.125, -19.875 ], [ 138.125, -20.125 ], [ 137.625, -20.125 ], [ 137.625, -19.875 ], [ 137.125, -19.875 ], [ 137.125, -19.375 ], [ 135.875, -19.375 ], [ 135.875, -19.125 ], [ 134.875, -19.125 ], [ 134.875, -19.375 ], [ 132.875, -19.375 ], [ 132.875, -19.125 ], [ 131.125, -19.125 ] ] ] } },
{ "type": "Feature", "properties": { "cluster_id": 20, "cohesion": 7.6169591655490407, "distances": { "1": 30.49267873114012, "2": 27.147599162005964, "3": 28.298812798961237, "4": 31.977679908552304, "5": 32.07536598474324, "6": 30.753228089498506, "7": 22.943875723709287, "8": 23.410030811336576, "9": 18.855743463868077, "10": 18.912924537266647, "11": 14.88932672404001, "12": 19.98942506538154, "13": 14.281404099090448, "14": 20.904387126434102, "15": 23.824060455954417, "16": 10.756745091861477, "17": 11.732735128635134, "18": 14.950664117416801, "19": 10.49309590535747, "21": 12.885539858695058, "22": 20.274045063700694, "23": 23.073635847444145, "24": 19.029178266201953, "25": 20.249948873300312, "26": 22.139156463231384, "27": 25.567845637111795, "28": 36.787964751372755, "29": 42.05543872054801, "30": 41.51036762829043, "31": 43.743262927835936, "32": 45.04642936108377, "33": 47.51066786702251, "34": 39.888201776321644, "35": 39.50583175443899, "36": 38.42149093091838, "37": 42.007591884435655, "38": 43.3482282374882, "39": 45.05778249549901, "40": 46.368100684342565, "41": 43.292289488077536, "42": 35.23191591736835, "43": 34.70199792137807, "44": 40.08377084074308, "45": 36.560659671708045, "46": 39.27352219635548, "47": 46.371082569958574, "48": 41.53931060394179, "49": 44.52237893319646, "50": 42.16315412848165, "51": 44.528422005529904, "52": 46.886071919601484, "53": 35.40768205527228, "54": 34.59296296572115, "55": 43.53007166919357, "56": 40.77908276866455, "57": 46.06895777831192, "58": 45.718664163099824, "59": 41.84058330574828, "60": 39.36081281338079, "61": 35.038382439532725, "62": 38.30108634987131, "63": 37.40064109365382, "64": 35.544154544612475, "65": 40.085766027067386, "66": 41.63186079933097, "67": 30.946649162531877, "68": 34.69564497130009, "69": 35.05070723954182, "70": 33.23563789042569, "71": 32.1260415027123, "72": 32.04931365172925, "73": 26.1036643783042, "74": 29.13156525903243, "75": 29.587193316650712, "76": 32.85509409627575, "77": 26.932177134861195, "78": 36.51815637239468, "79": 31.970114346530277, "80": 29.362276298359884, "81": 30.72268360573682, "82": 36.24842609261648, "83": 35.66186613844238, "84": 34.5414174109313, "85": 34.58556188192373, "86": 38.04922704884603, "87": 36.054208227510316, "88": 29.528279685249114, "89": 24.034845035066994, "90": 27.318548590673455, "91": 18.2041406251176, "92": 30.82852554530415, "93": 25.722119066352395, "94": 29.19588908436024, "95": 20.30552236024314, "96": 17.34122071000974, "97": 25.97705615545329, "98": 29.565620044398216 } }, "geometry": { "type": "Polygon", "coordinates": [ [ [ 130.125, -18.875 ], [ 130.125, -19.125 ], [ 128.375, -19.125 ], [ 128.375, -19.625 ], [ 129.125, -19.625 ], [ 129.125, -19.875 ], [ 129.875, -19.875 ], [ 129.875, -19.625 ], [ 130.375, -19.625 ], [ 130.375, -20.125 ], [ 130.625, -20.125 ], [ 130.625, -20.375 ], [ 130.875, -20.375 ], [ 130.875, -20.625 ], [ 131.125, -20.625 ], [ 131.125, -21.375 ], [ 131.375, -21.375 ], [ 131.375, -21.625 ], [ 132.125, -21.625 ], [ 132.125, -21.125 ], [ 133.625, -21.125 ], [ 133.625, -21.375 ], [ 134.875, -21.375 ], [ 134.875, -21.125 ], [ 136.125, -21.125 ], [ 136.125, -20.875 ], [ 134.625, -20.875 ], [ 134.625, -20.625 ], [ 132.125, -20.625 ], [ 132.125, -20.375 ], [ 131.875, -20.375 ], [ 131.875, -20.125 ], [ 131.625, -20.125 ], [ 131.625, -19.875 ], [ 131.375, -19.875 ], [ 131.375, -19.375 ], [ 131.125, -19.375 ], [ 131.125, -19.125 ], [ 130.875, -19.125 ], [ 130.875, -18.875 ], [ 130.125, -18.875 ] ] ] } },
{ "type": "Feature", "properties": { "cluster_id": 21, "cohesion": 6.1203294704682429, "distances": { "1": 30.42780847611869, "2": 27.623238290472933, "3": 27.62492693419963, "4": 31.205482951211206, "5": 30.237151013550235, "6": 30.31193291085049, "7": 24.596795083051692, "8": 25.370974489556534, "9": 19.76240423712889, "10": 22.15331906187964, "11": 19.181304533626754, "12": 23.416197792699734, "13": 19.296487248230573, "14": 22.72738211003389, "15": 25.018450385020902, "16": 9.814497136922636, "17": 17.477901537066835, "18": 12.22806875795528, "19": 17.786223657213753, "20": 12.885539858695058, "22": 12.760753246042835, "23": 23.283627068705403, "24": 16.766757029817075, "25": 19.245531205074716, "26": 16.766417580239093, "27": 22.986161507472232, "28": 32.61444747251169, "29": 37.500770474203314, "30": 37.24132403249341, "31": 38.95158530041931, "32": 40.569410746384605, "33": 42.790662925109245, "34": 36.77619388517901, "35": 35.614969808467634, "36": 35.53585527250302, "37": 37.94383087964826, "38": 38.71245553277099, "39": 40.08909738979475, "40": 41.522789447269574, "41": 39.24798110176332, "42": 34.059795281400504, "43": 33.90849665183437, "44": 38.79076838051469, "45": 36.031462917483196, "46": 38.23925775979475, "47": 44.09290182831641, "48": 39.14193725891159, "49": 41.77786889823297, "50": 40.26069495842069, "51": 41.215533463305114, "52": 44.00040642201528, "53": 31.20981492651963, "54": 32.26127422813317, "55": 39.39885098662317, "56": 37.53362275041926, "57": 42.26972126599404, "58": 42.34532089235047, "59": 38.747115774324065, "60": 35.16767283048681, "61": 29.38110023410014, "62": 33.48205740872717, "63": 32.41333599167874, "64": 29.728506053202075, "65": 36.67596690683741, "66": 37.43334636723068, "67": 29.18568084501326, "68": 32.270460025382285, "69": 33.779957410130635, "70": 31.07726483019993, "71": 31.20798657089187, "72": 30.229325300028474, "73": 25.42473606262666, "74": 27.934587078985736, "75": 27.24021358844952, "76": 30.34201017194367, "77": 24.256112154489674, "78": 32.66607297585373, "79": 29.4626510188728, "80": 26.651887399459405, "81": 30.1923237206223, "82": 33.85350643474395, "83": 33.90036469893469, "84": 32.692478426738, "85": 32.478754222613524, "86": 34.87794181639906, "87": 33.4876580489108, "88": 28.613203423567352, "89": 24.87960536271406, "90": 26.646418700502075, "91": 20.07718557726906, "92": 25.015187436629425, "93": 17.840597961724974, "94": 21.899397190637956, "95": 12.285660229346247, "96": 13.135164501124496, "97": 21.87459686063811, "98": 23.23077168572235 } }, "geometry": { "type": "Polygon", "coordinates": [ [ [ 127.625, -18.875 ], [ 127.625, -19.125 ], [ 127.375, -19.125 ], [ 127.375, -19.375 ], [ 127.125, -19.375 ], [ 127.125, -19.625 ], [ 125.875, -19.625 ], [ 125.875, -19.375 ], [ 125.375, -19.375 ], [ 125.375, -19.875 ], [ 125.625, -19.875 ], [ 125.625, -20.125 ], [ 125.875, -20.125 ], [ 125.875, -20.375 ], [ 125.125, -20.375 ], [ 125.125, -20.625 ], [ 125.375, -20.625 ], [ 125.375, -20.875 ], [ 125.125, -20.875 ], [ 125.125, -21.125 ], [ 125.375, -21.125 ], [ 125.375, -21.375 ], [ 126.375, -21.375 ], [ 126.375, -21.625 ], [ 126.875, -21.625 ], [ 126.875, -21.375 ], [ 127.625, -21.375 ], [ 127.625, -21.625 ], [ 127.875, -21.625 ], [ 127.875, -21.375 ], [ 128.125, -21.375 ], [ 128.125, -21.125 ], [ 128.375, -21.125 ], [ 128.375, -20.875 ], [ 128.625, -20.875 ], [ 128.625, -20.375 ], [ 128.125, -20.375 ], [ 128.125, -20.125 ], [ 128.875, -20.125 ], [ 128.875, -19.875 ], [ 129.125, -19.875 ], [ 129.125, -19.625 ], [ 128.375, -19.625 ], [ 128.375, -19.375 ], [ 128.125, -19.375 ], [ 128.125, -18.875 ], [ 127.625, -18.875 ] ] ] } },
{ "type": "Feature", "properties": { "cluster_id": 22, "cohesion": 8.2260584931764207, "distances": { "1": 28.711215303718067, "2": 26.695716479825528, "3": 27.206418068373374, "4": 29.62187559877124, "5": 27.91263903599827, "6": 28.644532093521676, "7": 24.71052259800612, "8": 25.7310708882405, "9": 20.73605359365389, "10": 24.483900756162992, "11": 23.170490166932293, "12": 25.45085014015883, "13": 23.915457540791394, "14": 25.584860131993437, "15": 25.97171580627745, "16": 17.744831935756885, "17": 24.171051947348765, "18": 13.794047909098147, "19": 23.919601617731978, "20": 20.274045063700694, "21": 12.760753246042835, "23": 22.45339769819458, "24": 15.994055391605919, "25": 18.717061767865925, "26": 12.737992547120971, "27": 20.984844463957057, "28": 30.126904365384657, "29": 34.593583174964486, "30": 33.22170364909116, "31": 35.41516912085735, "32": 37.449906817021834, "33": 40.33064014228977, "34": 36.8687586995237, "35": 33.83790055086623, "36": 35.42931711672364, "37": 36.62775953699186, "38": 36.48350934814494, "39": 37.27159173010605, "40": 39.80758325646258, "41": 38.379767192497006, "42": 32.318666887412846, "43": 31.887504384059568, "44": 37.663089048425036, "45": 34.65344640786131, "46": 36.838133231291884, "47": 42.283640572557104, "48": 37.93801850099064, "49": 40.423569308003415, "50": 38.36872754860175, "51": 38.942960470821184, "52": 42.67072643413472, "53": 31.927055435451067, "54": 33.92725490748516, "55": 38.75847691957971, "56": 37.79921232936641, "57": 40.85537470628, "58": 41.30441495540603, "59": 38.60433503219679, "60": 32.82571723302405, "61": 25.748821146011785, "62": 29.767864307745114, "63": 30.03890001324789, "64": 27.792259750243517, "65": 35.106384001281626, "66": 36.52167776490116, "67": 28.815546386080474, "68": 31.15600132292868, "69": 32.438940042271, "70": 29.339941092479723, "71": 30.189438355321002, "72": 29.917866443373217, "73": 26.661612145371137, "74": 27.1393453834223, "75": 25.330602213242834, "76": 28.869621051642707, "77": 23.294701155466452, "78": 28.727541223602536, "79": 26.71211878994673, "80": 24.081412491655573, "81": 32.4803082482793, "82": 35.20316049331676, "83": 35.37509988918033, "84": 31.80426287352348, "85": 31.941464644550443, "86": 33.920752147333836, "87": 33.60155600957295, "88": 30.25705705923972, "89": 28.26412786711246, "90": 30.253056850569713, "91": 25.91856371292247, "92": 20.04730382801849, "93": 12.313195020605798, "94": 18.80204700240862, "95": 14.879806377409357, "96": 19.25999319196593, "97": 24.99270543725659, "98": 23.114001730425958 } }, "geometry": { "type": "Polygon", "coordinates": [ [ [ 124.375, -16.375 ], [ 124.375, -16.625 ], [ 123.875, -16.625 ], [ 123.875, -17.125 ], [ 123.625, -17.125 ], [ 123.625, -17.375 ], [ 123.375, -17.375 ], [ 123.375, -17.625 ], [ 123.125, -17.625 ], [ 123.125, -17.875 ], [ 122.625, -17.875 ], [ 122.625, -17.375 ], [ 122.875, -17.375 ], [ 122.875, -17.125 ], [ 123.125, -17.125 ], [ 123.125, -16.875 ], [ 122.625, -16.875 ], [ 122.625, -17.125 ], [ 122.375, -17.125 ], [ 122.375, -18.125 ], [ 121.875, -18.125 ], [ 121.875, -18.375 ], [ 121.625, -18.375 ], [ 121.625, -18.625 ], [ 121.375, -18.625 ], [ 121.375, -18.875 ], [ 121.125, -18.875 ], [ 121.125, -19.125 ], [ 120.875, -19.125 ], [ 120.875, -19.375 ], [ 120.625, -19.375 ], [ 120.625, -19.625 ], [ 120.375, -19.625 ], [ 120.375, -19.875 ], [ 119.625, -19.875 ], [ 119.625, -20.125 ], [ 119.125, -20.125 ], [ 119.125, -20.375 ], [ 118.625, -20.375 ], [ 118.625, -21.375 ], [ 119.125, -21.375 ], [ 119.125, -21.125 ], [ 119.625, -21.125 ], [ 119.625, -21.375 ], [ 120.375, -21.375 ], [ 120.375, -21.125 ], [ 120.625, -21.125 ], [ 120.625, -20.875 ], [ 121.125, -20.875 ], [ 121.125, -20.625 ], [ 122.375, -20.625 ], [ 122.375, -20.875 ], [ 122.625, -20.875 ], [ 122.625, -21.125 ], [ 123.125, -21.125 ], [ 123.125, -21.375 ], [ 124.125, -21.375 ], [ 124.125, -21.125 ], [ 125.125, -21.125 ], [ 125.125, -20.875 ], [ 125.375, -20.875 ], [ 125.375, -20.625 ], [ 125.125, -20.625 ], [ 125.125, -20.375 ], [ 125.875, -20.375 ], [ 125.875, -20.125 ], [ 125.625, -20.125 ], [ 125.625, -19.875 ], [ 125.375, -19.875 ], [ 125.375, -19.375 ], [ 125.875, -19.375 ], [ 125.875, -19.125 ], [ 125.625, -19.125 ], [ 125.625, -18.375 ], [ 124.875, -18.375 ], [ 124.875, -18.125 ], [ 124.625, -18.125 ], [ 124.625, -17.375 ], [ 124.875, -17.375 ], [ 124.875, -16.875 ], [ 124.625, -16.875 ], [ 124.625, -16.375 ], [ 124.375, -16.375 ] ] ] } },
{ "type": "Feature", "properties": { "cluster_id": 23, "cohesion": 7.9707431067182677, "distances": { "1": 19.559370710936445, "2": 16.016232596177346, "3": 21.78099141851963, "4": 21.956154103021117, "5": 22.548675657084473, "6": 19.121396059687253, "7": 12.920092045724779, "8": 14.90199768680327, "9": 13.923162766681813, "10": 18.382737674028654, "11": 20.52944267638212, "12": 18.09122077146302, "13": 22.087826750715198, "14": 23.971747425259856, "15": 19.975395237525806, "16": 24.706881347964494, "17": 26.340394518324075, "18": 18.057804142392126, "19": 23.16868503041902, "20": 23.07363584744414, "21": 23.283627068705403, "22": 22.45339769819458, "24": 13.480941609690973, "25": 11.262397643362275, "26": 18.86517971281787, "27": 16.085946900114124, "28": 34.747424379494596, "29": 38.243131499635325, "30": 33.76940803961461, "31": 37.50055664207739, "32": 37.76949441939979, "33": 42.18865143435667, "34": 41.19422002968071, "35": 37.87561101780075, "36": 39.16742064919973, "37": 40.997464767852726, "38": 41.04269566336705, "39": 41.06505633625904, "40": 43.49235628038802, "41": 42.67125248136824, "42": 27.481335688829734, "43": 25.361772812410173, "44": 34.5535769074571, "45": 28.79576527672965, "46": 32.141068761355164, "47": 40.055274194773865, "48": 38.000246974901145, "49": 40.50674138168121, "50": 34.89964615654541, "51": 37.36682027362063, "52": 41.94797476294734, "53": 37.696684794638685, "54": 37.73729186807607, "55": 42.518852817487534, "56": 41.656790538017646, "57": 41.786790814251624, "58": 42.7834332972885, "59": 40.27342400032709, "60": 36.86303512324694, "61": 32.679345948964226, "62": 33.88756000095443, "63": 35.75609686310933, "64": 35.66026935465909, "65": 37.480949933429855, "66": 40.78018107124594, "67": 26.8138766560548, "68": 29.299560257358348, "69": 26.64632683566157, "70": 25.5242408419901, "71": 26.32918948313091, "72": 28.652357501624447, "73": 25.914561455161376, "74": 26.385632238656353, "75": 27.849813044441483, "76": 31.613323605498284, "77": 25.941564540876637, "78": 30.212618379105436, "79": 25.96790474460363, "80": 26.57141179953235, "81": 35.06429473361748, "82": 39.35300493029136, "83": 38.88933699618836, "84": 31.629783840406503, "85": 34.0212484515733, "86": 35.624147234091055, "87": 36.33570286516792, "88": 31.83213583136987, "89": 30.187524726000618, "90": 34.91442405752662, "91": 30.168395024266587, "92": 27.309329305063944, "93": 26.744200206352417, "94": 30.532337102842746, "95": 27.955905080806154, "96": 28.52884123853488, "97": 33.00138162265485, "98": 33.0662840888089 } }, "geometry": { "type": "MultiPolygon", "coordinates": [ [ [ [ 129.875, -13.875 ], [ 129.875, -13.625 ], [ 130.125, -13.625 ], [ 130.125, -13.875 ], [ 129.875, -13.875 ] ] ], [ [ [ 133.375, -13.875 ], [ 133.375, -13.625 ], [ 133.625, -13.625 ], [ 133.625, -13.875 ], [ 133.375, -13.875 ] ] ], [ [ [ 130.125, -13.625 ], [ 130.125, -13.375 ], [ 130.375, -13.375 ], [ 130.375, -13.625 ], [ 130.125, -13.625 ] ] ], [ [ [ 134.125, -13.375 ], [ 134.125, -13.625 ], [ 133.625, -13.625 ], [ 133.625, -13.375 ], [ 133.875, -13.375 ], [ 133.875, -13.125 ], [ 134.375, -13.125 ], [ 134.375, -13.375 ], [ 134.125, -13.375 ] ] ], [ [ [ 135.375, -13.125 ], [ 135.625, -13.125 ], [ 135.625, -13.375 ], [ 135.375, -13.375 ], [ 135.375, -13.125 ] ] ], [ [ [ 135.875, -12.375 ], [ 135.625, -12.375 ], [ 135.625, -12.125 ], [ 133.875, -12.125 ], [ 133.875, -11.875 ], [ 133.125, -11.875 ], [ 133.125, -12.375 ], [ 132.625, -12.375 ], [ 132.625, -12.625 ], [ 132.125, -12.625 ], [ 132.125, -12.875 ], [ 131.125, -12.875 ], [ 131.125, -13.125 ], [ 130.625, -13.125 ], [ 130.625, -13.375 ], [ 130.375, -13.375 ], [ 130.375, -12.875 ], [ 130.625, -12.875 ], [ 130.625, -12.625 ], [ 131.125, -12.625 ], [ 131.125, -12.375 ], [ 132.375, -12.375 ], [ 132.375, -12.125 ], [ 131.625, -12.125 ], [ 131.625, -11.875 ], [ 132.125, -11.875 ], [ 132.125, -11.625 ], [ 132.375, -11.625 ], [ 132.375, -11.375 ], [ 132.625, -11.375 ], [ 132.625, -11.125 ], [ 133.125, -11.125 ], [ 133.125, -11.375 ], [ 133.875, -11.375 ], [ 133.875, -11.625 ], [ 134.875, -11.625 ], [ 134.875, -11.875 ], [ 135.375, -11.875 ], [ 135.375, -11.625 ], [ 135.625, -11.625 ], [ 135.625, -11.875 ], [ 136.625, -11.875 ], [ 136.625, -12.125 ], [ 136.875, -12.125 ], [ 136.875, -12.375 ], [ 137.125, -12.375 ], [ 137.125, -12.625 ], [ 136.875, -12.625 ], [ 136.875, -13.125 ], [ 136.625, -13.125 ], [ 136.625, -13.375 ], [ 136.375, -13.375 ], [ 136.375, -13.625 ], [ 135.875, -13.625 ], [ 135.875, -13.125 ], [ 135.625, -13.125 ], [ 135.625, -12.875 ], [ 135.875, -12.875 ], [ 135.875, -12.375 ] ] ], [ [ [ 131.625, -11.125 ], [ 131.625, -11.375 ], [ 131.875, -11.375 ], [ 131.875, -11.625 ], [ 131.625, -11.625 ], [ 131.625, -11.875 ], [ 130.875, -11.875 ], [ 130.875, -11.375 ], [ 131.125, -11.375 ], [ 131.125, -10.875 ], [ 131.375, -10.875 ], [ 131.375, -11.125 ], [ 131.625, -11.125 ] ] ], [ [ [ 130.375, -11.125 ], [ 130.375, -10.875 ], [ 130.625, -10.875 ], [ 130.625, -11.125 ], [ 130.375, -11.125 ] ] ] ] } },
{ "type": "Feature", "properties": { "cluster_id": 24, "cohesion": 6.2147919410495946, "distances": { "1": 25.847078672807836, "2": 21.437678507760186, "3": 23.402365122101955, "4": 25.891631859598153, "5": 26.689902742741104, "6": 24.730376972632502, "7": 17.280780815892363, "8": 19.195492900214447, "9": 13.284679848306913, "10": 18.75873233912463, "11": 19.174097496313706, "12": 20.08993291953543, "13": 20.57835638119478, "14": 22.711287590686673, "15": 21.565814732319573, "16": 19.04551242162698, "17": 23.246155001200144, "18": 10.839668446971332, "19": 21.20809509180638, "20": 19.029178266201956, "21": 16.76675702981707, "22": 15.994055391605922, "23": 13.48094160969097, "25": 12.567907750887606, "26": 11.889854385404483, "27": 14.492827856051806, "28": 33.46509924732212, "29": 37.37798251524071, "30": 34.882208194420635, "31": 37.42088935767509, "32": 37.86806427841848, "33": 41.262793891362776, "34": 38.65692143445856, "35": 36.08765035090505, "36": 36.80386497617147, "37": 38.90078747212474, "38": 39.36042568448434, "39": 39.87232479353791, "40": 41.69269608945911, "41": 40.460920768510015, "42": 29.175002440796085, "43": 28.164777940909527, "44": 35.06482323727643, "45": 30.914645734765166, "46": 33.38856640388326, "47": 40.16974180883623, "48": 37.18099539190884, "49": 39.597205233654414, "50": 35.775818444594805, "51": 37.5796377120563, "52": 41.33241963212555, "53": 34.31039672012915, "54": 34.8664362484701, "55": 40.3372150952793, "56": 39.29306040232861, "57": 40.7695989026188, "58": 41.17540262751181, "59": 38.54366414538926, "60": 35.105200647379576, "61": 29.98556015561286, "62": 32.64888285434897, "63": 33.00527420877613, "64": 32.28731060378153, "65": 35.84101124076843, "66": 38.339532928687305, "67": 26.615330334596084, "68": 29.286222754886907, "69": 28.867257390287246, "70": 27.258660423445427, "71": 27.481605234409134, "72": 27.94403473349955, "73": 24.47677799154693, "74": 26.11478474086874, "75": 27.155766543696213, "76": 30.45240434245118, "77": 24.249405662475482, "78": 31.328668305676302, "79": 27.816550386143987, "80": 26.571457107198004, "81": 32.86690992879094, "82": 36.70189276558292, "83": 36.44391251019291, "84": 31.04727251179812, "85": 32.56370468387068, "86": 34.08596694985117, "87": 34.21792564118275, "88": 29.82492751269047, "89": 27.86543329099987, "90": 31.54941288067072, "91": 26.39748112516103, "92": 24.784092034952064, "93": 21.945415759511953, "94": 25.99682790620082, "95": 21.912076579022436, "96": 22.862404107280003, "97": 28.382268061119735, "98": 28.733122615299735 } }, "geometry": { "type": "MultiPolygon", "coordinates": [ [ [ [ 127.375, -14.125 ], [ 127.625, -14.125 ], [ 127.625, -14.375 ], [ 127.375, -14.375 ], [ 127.375, -15.125 ], [ 127.125, -15.125 ], [ 127.125, -15.625 ], [ 126.875, -15.625 ], [ 126.875, -15.875 ], [ 127.875, -15.875 ], [ 127.875, -16.125 ], [ 128.125, -16.125 ], [ 128.125, -16.375 ], [ 127.875, -16.375 ], [ 127.875, -16.625 ], [ 127.625, -16.625 ], [ 127.625, -16.125 ], [ 127.125, -16.125 ], [ 127.125, -16.375 ], [ 126.875, -16.375 ], [ 126.875, -16.625 ], [ 126.625, -16.625 ], [ 126.625, -16.875 ], [ 126.375, -16.875 ], [ 126.375, -17.125 ], [ 126.125, -17.125 ], [ 126.125, -16.875 ], [ 125.625, -16.875 ], [ 125.625, -16.625 ], [ 125.875, -16.625 ], [ 125.875, -16.125 ], [ 125.625, -16.125 ], [ 125.625, -15.875 ], [ 125.375, -15.875 ], [ 125.375, -16.125 ], [ 125.125, -16.125 ], [ 125.125, -16.375 ], [ 124.625, -16.375 ], [ 124.625, -15.625 ], [ 124.875, -15.625 ], [ 124.875, -15.375 ], [ 125.125, -15.375 ], [ 125.125, -15.125 ], [ 125.375, -15.125 ], [ 125.375, -14.875 ], [ 125.625, -14.875 ], [ 125.625, -14.625 ], [ 125.875, -14.625 ], [ 125.875, -14.375 ], [ 126.125, -14.375 ], [ 126.125, -14.125 ], [ 126.625, -14.125 ], [ 126.625, -13.875 ], [ 127.375, -13.875 ], [ 127.375, -14.125 ] ] ], [ [ [ 127.875, -15.375 ], [ 128.125, -15.375 ], [ 128.125, -15.625 ], [ 127.875, -15.625 ], [ 127.875, -15.375 ] ] ], [ [ [ 128.375, -15.375 ], [ 128.125, -15.375 ], [ 128.125, -15.125 ], [ 128.375, -15.125 ], [ 128.375, -15.375 ] ] ], [ [ [ 128.375, -14.875 ], [ 128.625, -14.875 ], [ 128.625, -15.125 ], [ 128.375, -15.125 ], [ 128.375, -14.875 ] ] ], [ [ [ 129.375, -14.375 ], [ 129.125, -14.375 ], [ 129.125, -14.125 ], [ 129.375, -14.125 ], [ 129.375, -13.875 ], [ 129.625, -13.875 ], [ 129.625, -13.625 ], [ 129.875, -13.625 ], [ 129.875, -14.125 ], [ 129.625, -14.125 ], [ 129.625, -14.875 ], [ 128.625, -14.875 ], [ 128.625, -14.625 ], [ 129.375, -14.625 ], [ 129.375, -14.375 ] ] ], [ [ [ 129.875, -13.375 ], [ 130.125, -13.375 ], [ 130.125, -13.625 ], [ 129.875, -13.625 ], [ 129.875, -13.375 ] ] ], [ [ [ 130.375, -13.375 ], [ 130.125, -13.375 ], [ 130.125, -13.125 ], [ 130.375, -13.125 ], [ 130.375, -13.375 ] ] ] ] } },
{ "type": "Feature", "properties": { "cluster_id": 25, "cohesion": 7.2801650524440555, "distances": { "1": 19.520762369682792, "2": 15.905002563607553, "3": 21.059027980628446, "4": 22.63744362184884, "5": 21.312695650385233, "6": 19.39362875848119, "7": 13.867306341842154, "8": 14.860602306345491, "9": 11.746542499021816, "10": 17.00083450517958, "11": 18.311934963168245, "12": 16.989694243477985, "13": 19.687313954595567, "14": 21.628494884773676, "15": 18.85582054028867, "16": 21.235506828100327, "17": 23.735900306917692, "18": 15.086201897815817, "19": 21.005597057804103, "20": 20.249948873300312, "21": 19.245531205074716, "22": 18.717061767865925, "23": 11.262397643362275, "24": 12.567907750887603, "26": 16.674631738815027, "27": 17.634116918138986, "28": 32.23739252144264, "29": 36.27978403917975, "30": 32.24800521979027, "31": 35.82727736133474, "32": 36.9486338344016, "33": 41.26964819426345, "34": 38.758174908132666, "35": 35.46765687069989, "36": 36.55373981473548, "37": 38.36283878585057, "38": 38.67409114181515, "39": 39.118173958107334, "40": 41.85234902434912, "41": 40.63671501202815, "42": 27.97878414656287, "43": 26.47224853151453, "44": 36.0084958182793, "45": 30.502791422554775, "46": 33.38809705467763, "47": 41.292776438147065, "48": 38.70306094884292, "49": 41.27548564830566, "50": 35.78174734400886, "51": 37.51424782538283, "52": 42.476280196917095, "53": 36.18979970700022, "54": 36.326210067995085, "55": 40.8630435995282, "56": 39.73460811064092, "57": 41.26763929432541, "58": 43.058734226402365, "59": 40.04326605863539, "60": 35.766697425734996, "61": 30.350818711690298, "62": 31.90813029231105, "63": 34.591534863948496, "64": 33.90627101753887, "65": 37.436515469337415, "66": 40.22359767636677, "67": 25.122273361137317, "68": 28.150249385482727, "69": 27.454737736389585, "70": 24.712243764920757, "71": 26.241102465080875, "72": 26.911819277528167, "73": 23.43873361253287, "74": 24.953109070419405, "75": 25.389405029382573, "76": 29.37655224941782, "77": 23.652725172825015, "78": 28.216200943808115, "79": 24.78514535603829, "80": 24.27718424558614, "81": 32.76101426910082, "82": 37.32995509804989, "83": 36.71926393903151, "84": 30.1698931374509, "85": 31.899733892554107, "86": 33.39030598150494, "87": 33.73849192596745, "88": 29.254665787327934, "89": 27.4538646974157, "90": 32.519446913197456, "91": 27.698566464567314, "92": 24.494219605893193, "93": 23.0646177870699, "94": 27.46068806750911, "95": 24.210357881880824, "96": 25.20417687199801, "97": 30.494695740460898, "98": 30.439800503255995 } }, "geometry": { "type": "Polygon", "coordinates": [ [ [ 135.625, -13.125 ], [ 135.625, -13.375 ], [ 135.375, -13.375 ], [ 135.375, -13.625 ], [ 135.125, -13.625 ], [ 135.125, -13.875 ], [ 134.875, -13.875 ], [ 134.875, -14.125 ], [ 134.375, -14.125 ], [ 134.375, -13.375 ], [ 134.125, -13.375 ], [ 134.125, -13.625 ], [ 133.625, -13.625 ], [ 133.625, -13.875 ], [ 133.375, -13.875 ], [ 133.375, -14.125 ], [ 133.125, -14.125 ], [ 133.125, -14.375 ], [ 132.875, -14.375 ], [ 132.875, -14.625 ], [ 132.625, -14.625 ], [ 132.625, -15.125 ], [ 132.875, -15.125 ], [ 132.875, -15.375 ], [ 133.875, -15.375 ], [ 133.875, -15.625 ], [ 134.125, -15.625 ], [ 134.125, -15.375 ], [ 134.375, -15.375 ], [ 134.375, -15.125 ], [ 134.625, -15.125 ], [ 134.625, -14.875 ], [ 135.375, -14.875 ], [ 135.375, -15.125 ], [ 136.125, -15.125 ], [ 136.125, -14.875 ], [ 135.875, -14.875 ], [ 135.875, -14.375 ], [ 136.125, -14.375 ], [ 136.125, -14.125 ], [ 136.375, -14.125 ], [ 136.375, -13.875 ], [ 136.125, -13.875 ], [ 136.125, -13.625 ], [ 135.875, -13.625 ], [ 135.875, -13.125 ], [ 135.625, -13.125 ] ] ] } },
{ "type": "Feature", "properties": { "cluster_id": 26, "cohesion": 8.2306609211844854, "distances": { "1": 28.03846895796907, "2": 24.95469572475408, "3": 23.441251464679635, "4": 26.018471552224252, "5": 25.99704060577821, "6": 26.354916389398465, "7": 24.35349215635506, "8": 25.007669163357022, "9": 20.198384622349888, "10": 25.527646277887666, "11": 24.97012401482496, "12": 24.63171736849017, "13": 23.867410152430637, "14": 23.379411044848993, "15": 23.435473611434784, "16": 19.357660476760923, "17": 24.74099385613904, "18": 15.075498613251183, "19": 25.985480365854496, "20": 22.139156463231384, "21": 16.766417580239093, "22": 12.737992547120971, "23": 18.86517971281787, "24": 11.889854385404483, "25": 16.674631738815027, "27": 13.837351500173765, "28": 28.22867072775018, "29": 31.906392299491703, "30": 30.6904385876454, "31": 32.410810207656, "32": 33.10320237966462, "33": 35.90071944619634, "34": 33.6516782857997, "35": 30.882397321641147, "36": 32.18821562767248, "37": 33.59854981370473, "38": 33.7219180430591, "39": 34.224615238151436, "40": 35.967823128666964, "41": 34.9427015441257, "42": 27.661367996228076, "43": 27.60060591537162, "44": 32.42119324213836, "45": 29.759509870744118, "46": 31.522662843029273, "47": 36.54396231556264, "48": 33.017483459967984, "49": 35.26511698376668, "50": 32.85365935739155, "51": 33.518103328981105, "52": 37.05128996711743, "53": 29.131801554058033, "54": 30.472171918490417, "55": 34.81181896291419, "56": 34.1143466837886, "57": 35.86150834789727, "58": 36.25052559192355, "59": 33.92154722798461, "60": 29.003166535459997, "61": 23.268759890338114, "62": 26.343788066833785, "63": 26.91656218163282, "64": 25.924528412974382, "65": 30.781030989111965, "66": 32.76055415560623, "67": 24.630113133844954, "68": 26.28672756205325, "69": 27.307832340320566, "70": 25.303730431330187, "71": 25.706436169212154, "72": 25.549212927917637, "73": 23.32300488239769, "74": 23.753525414085004, "75": 24.115147972427476, "76": 26.372246604147676, "77": 20.460874465641048, "78": 27.666480945067647, "79": 24.84761701404605, "80": 23.60020839806448, "81": 29.73147799063221, "82": 31.99806705252491, "83": 32.24044468145199, "84": 27.716287499926278, "85": 28.595293915452693, "86": 29.69238625589927, "87": 30.047683545377065, "88": 27.125083397775274, "89": 26.292830933110775, "90": 28.340439843772632, "91": 25.28062128972357, "92": 18.377257658330112, "93": 15.678458713229059, "94": 19.469727808561515, "95": 18.018973039804948, "96": 20.41218313629993, "97": 24.1754778021925, "98": 23.07941900708805 } }, "geometry": { "type": "MultiPolygon", "coordinates": [ [ [ [ 126.125, -16.875 ], [ 126.125, -17.625 ], [ 125.875, -17.625 ], [ 125.875, -17.875 ], [ 125.375, -17.875 ], [ 125.375, -17.625 ], [ 125.625, -17.625 ], [ 125.625, -16.875 ], [ 126.125, -16.875 ] ] ], [ [ [ 124.625, -16.375 ], [ 124.375, -16.375 ], [ 124.375, -16.625 ], [ 123.875, -16.625 ], [ 123.875, -17.125 ], [ 123.625, -17.125 ], [ 123.625, -17.375 ], [ 123.375, -17.375 ], [ 123.375, -17.625 ], [ 123.125, -17.625 ], [ 123.125, -17.875 ], [ 122.625, -17.875 ], [ 122.625, -17.375 ], [ 122.875, -17.375 ], [ 122.875, -17.125 ], [ 123.125, -17.125 ], [ 123.125, -16.875 ], [ 122.625, -16.875 ], [ 122.625, -17.125 ], [ 122.375, -17.125 ], [ 122.375, -18.125 ], [ 122.125, -18.125 ], [ 122.125, -17.875 ], [ 121.875, -17.875 ], [ 121.875, -17.125 ], [ 122.125, -17.125 ], [ 122.125, -16.875 ], [ 122.375, -16.875 ], [ 122.375, -16.625 ], [ 122.625, -16.625 ], [ 122.625, -16.375 ], [ 123.625, -16.375 ], [ 123.625, -16.125 ], [ 124.375, -16.125 ], [ 124.375, -15.875 ], [ 124.625, -15.875 ], [ 124.625, -16.375 ] ] ], [ [ [ 128.375, -14.625 ], [ 128.625, -14.625 ], [ 128.625, -14.875 ], [ 128.375, -14.875 ], [ 128.375, -15.125 ], [ 128.125, -15.125 ], [ 128.125, -15.375 ], [ 127.875, -15.375 ], [ 127.875, -15.875 ], [ 126.875, -15.875 ], [ 126.875, -15.625 ], [ 127.125, -15.625 ], [ 127.125, -15.125 ], [ 127.375, -15.125 ], [ 127.375, -14.375 ], [ 128.375, -14.375 ], [ 128.375, -14.625 ] ] ] ] } },
{ "type": "Feature", "properties": { "cluster_id": 27, "cohesion": 8.2888809823311895, "distances": { "1": 27.120299279449245, "2": 23.693968598993905, "3": 20.593610891783907, "4": 22.186491080873534, "5": 24.280722497638063, "6": 23.92062687423242, "7": 25.359617699183016, "8": 25.24595384389305, "9": 22.668645968327105, "10": 28.15595256479952, "11": 28.241423613161537, "12": 24.698342252149533, "13": 25.048360621207667, "14": 22.57659549436659, "15": 21.82148370373982, "16": 23.270064761500855, "17": 26.288694674960297, "18": 21.187469069865397, "19": 28.84574151690924, "20": 25.567845637111795, "21": 22.986161507472232, "22": 20.984844463957053, "23": 16.085946900114124, "24": 14.492827856051806, "25": 17.634116918138986, "26": 13.837351500173767, "28": 29.059760712648796, "29": 31.661767736945134, "30": 30.338461908696708, "31": 31.75618088649091, "32": 30.31214795469225, "33": 32.829031405670875, "34": 32.45914942402218, "35": 30.666171453039986, "36": 31.28787717591527, "37": 33.16806079426038, "38": 33.520167961300764, "39": 33.58343329753288, "40": 33.761063458276475, "41": 33.47746569796779, "42": 23.080016110901184, "43": 23.041582148088533, "44": 26.027060104447003, "45": 23.723805217742637, "46": 25.53062498464839, "47": 30.187784666831508, "48": 27.462272024747264, "49": 29.643973734579916, "50": 27.046099639726307, "51": 28.538430631691874, "52": 31.232077694990853, "53": 27.34188832116424, "54": 27.689722479651063, "55": 32.1101135691424, "56": 31.715236018825394, "57": 31.37157380720648, "58": 31.158406530183917, "59": 29.24433953413899, "60": 26.205946702575602, "61": 23.342630403830984, "62": 24.921165518813364, "63": 25.120987762138302, "64": 25.5090943306054, "65": 26.543485556423466, "66": 29.399901070805615, "67": 22.157446875231827, "68": 22.9100337677803, "69": 22.05561368242818, "70": 22.03050299056363, "71": 22.017381332297877, "72": 23.225006206967162, "73": 22.119436960244396, "74": 22.260216505957573, "75": 25.598554390709214, "76": 26.42219525724528, "77": 20.255105360781222, "78": 28.803920285578666, "79": 24.011734004905254, "80": 25.428541437826123, "81": 28.071312732090398, "82": 29.847510089739057, "83": 30.347250146679055, "84": 25.407369136851965, "85": 27.443637839908984, "86": 27.67343806332461, "87": 28.665890466177995, "88": 25.619592682142024, "89": 25.544501336955463, "90": 27.534477490784983, "91": 25.810645420510937, "92": 20.077935836801135, "93": 21.891922576680688, "94": 22.700143128667253, "95": 23.011976096639284, "96": 23.582207524653704, "97": 24.91657308128504, "98": 24.628415189843487 } }, "geometry": { "type": "MultiPolygon", "coordinates": [ [ [ [ 123.375, -16.375 ], [ 123.375, -16.125 ], [ 123.625, -16.125 ], [ 123.625, -16.375 ], [ 123.375, -16.375 ] ] ], [ [ [ 125.875, -14.625 ], [ 125.625, -14.625 ], [ 125.625, -14.875 ], [ 125.375, -14.875 ], [ 125.375, -15.125 ], [ 125.125, -15.125 ], [ 125.125, -15.375 ], [ 124.875, -15.375 ], [ 124.875, -15.625 ], [ 124.625, -15.625 ], [ 124.625, -15.875 ], [ 124.375, -15.875 ], [ 124.375, -16.125 ], [ 123.625, -16.125 ], [ 123.625, -15.875 ], [ 124.125, -15.875 ], [ 124.125, -15.625 ], [ 124.375, -15.625 ], [ 124.375, -15.375 ], [ 124.625, -15.375 ], [ 124.625, -15.125 ], [ 124.875, -15.125 ], [ 124.875, -14.625 ], [ 125.125, -14.625 ], [ 125.125, -14.375 ], [ 125.375, -14.375 ], [ 125.375, -14.125 ], [ 126.125, -14.125 ], [ 126.125, -14.375 ], [ 125.875, -14.375 ], [ 125.875, -14.625 ] ] ], [ [ [ 126.625, -14.125 ], [ 126.125, -14.125 ], [ 126.125, -13.875 ], [ 126.625, -13.875 ], [ 126.625, -14.125 ] ] ], [ [ [ 127.875, -13.875 ], [ 127.875, -14.125 ], [ 128.125, -14.125 ], [ 128.125, -14.375 ], [ 127.625, -14.375 ], [ 127.625, -14.125 ], [ 127.375, -14.125 ], [ 127.375, -13.875 ], [ 126.625, -13.875 ], [ 126.625, -13.625 ], [ 127.625, -13.625 ], [ 127.625, -13.875 ], [ 127.875, -13.875 ] ] ], [ [ [ 129.375, -13.875 ], [ 129.375, -13.625 ], [ 129.625, -13.625 ], [ 129.625, -13.875 ], [ 129.375, -13.875 ] ] ], [ [ [ 129.625, -13.375 ], [ 129.875, -13.375 ], [ 129.875, -13.625 ], [ 129.625, -13.625 ], [ 129.625, -13.375 ] ] ], [ [ [ 130.125, -12.375 ], [ 130.375, -12.375 ], [ 130.375, -11.875 ], [ 130.125, -11.875 ], [ 130.125, -11.625 ], [ 129.875, -11.625 ], [ 129.875, -11.375 ], [ 130.125, -11.375 ], [ 130.125, -11.125 ], [ 131.125, -11.125 ], [ 131.125, -11.375 ], [ 130.875, -11.375 ], [ 130.875, -11.875 ], [ 131.625, -11.875 ], [ 131.625, -12.125 ], [ 132.375, -12.125 ], [ 132.375, -12.375 ], [ 131.125, -12.375 ], [ 131.125, -12.625 ], [ 130.625, -12.625 ], [ 130.625, -12.875 ], [ 130.375, -12.875 ], [ 130.375, -13.125 ], [ 130.125, -13.125 ], [ 130.125, -13.375 ], [ 129.875, -13.375 ], [ 129.875, -12.625 ], [ 130.125, -12.625 ], [ 130.125, -12.375 ] ], [ [ 130.625, -11.875 ], [ 130.625, -12.125 ], [ 130.875, -12.125 ], [ 130.875, -11.875 ], [ 130.625, -11.875 ] ] ] ] } },
{ "type": "Feature", "properties": { "cluster_id": 28, "cohesion": 5.5593848762603928, "distances": { "1": 35.72442960315265, "2": 35.61700860399768, "3": 31.046025268080577, "4": 32.57203090046001, "5": 29.849005550438182, "6": 34.00040736030576, "7": 40.716395859819436, "8": 39.251184339781325, "9": 38.020879440904764, "10": 42.054801274622605, "11": 40.847350880855934, "12": 37.737386695204385, "13": 36.475803084692416, "14": 32.415967230866414, "15": 33.74791059166007, "16": 32.838365762551575, "17": 35.359092182355205, "18": 35.551297214222494, "19": 40.68299838986427, "20": 36.787964751372755, "21": 32.61444747251169, "22": 30.126904365384657, "23": 34.747424379494596, "24": 33.46509924732212, "25": 32.23739252144264, "26": 28.22867072775018, "27": 29.05976071264879, "29": 11.552313038644476, "30": 17.46338749322707, "31": 16.95372163597268, "32": 23.616941498016306, "33": 26.11010254910585, "34": 21.430438100470006, "35": 11.616630560711645, "36": 19.35113316728645, "37": 15.641605772112905, "38": 12.988773666876842, "39": 16.67668673544509, "40": 24.16176689841585, "41": 20.106488275744, "42": 29.869411272323134, "43": 31.711393780261357, "44": 35.75669769001208, "45": 33.848871763261485, "46": 34.58762755650521, "47": 36.79627309965883, "48": 34.788732152150274, "49": 35.398216240093, "50": 32.75037289198108, "51": 29.35237797984095, "52": 33.93624773467523, "53": 27.096718691869025, "54": 28.888043454194317, "55": 26.44624443743491, "56": 26.188434503629413, "57": 29.948638607639896, "58": 33.6116259422412, "59": 30.420861971127202, "60": 27.677160064265166, "61": 24.807241654853005, "62": 24.03782163848038, "63": 28.970486630804036, "64": 27.274602414420983, "65": 32.153019632237765, "66": 30.695440248702837, "67": 28.45456702265605, "68": 27.464360427350545, "69": 30.50254957537218, "70": 28.646626190557093, "71": 26.198303746267147, "72": 26.93500160262805, "73": 28.921592332210828, "74": 21.492452511832248, "75": 15.481286395217138, "76": 13.704171292609828, "77": 16.3683734033341, "78": 16.392707792243048, "79": 20.221787596943116, "80": 16.90365373286579, "81": 27.54847708615603, "82": 27.5235297998468, "83": 26.6492548844148, "84": 23.340218139523575, "85": 18.372630992145496, "86": 23.75582416933324, "87": 22.84163481297356, "88": 27.275392440652276, "89": 29.665481439927074, "90": 29.282037195036605, "91": 32.052724813871876, "92": 23.346065074278858, "93": 26.14296100589997, "94": 25.820760186891075, "95": 28.673702063320018, "96": 30.16719542893492, "97": 27.647097219199864, "98": 26.147765188935164 } }, "geometry": { "type": "MultiPolygon", "coordinates": [ [ [ [ 149.125, -36.375 ], [ 149.125, -36.625 ], [ 148.875, -36.625 ], [ 148.875, -36.375 ], [ 149.125, -36.375 ] ] ], [ [ [ 148.375, -35.375 ], [ 148.375, -36.375 ], [ 148.125, -36.375 ], [ 148.125, -36.625 ], [ 147.375, -36.625 ], [ 147.375, -36.875 ], [ 146.125, -36.875 ], [ 146.125, -36.625 ], [ 146.375, -36.625 ], [ 146.375, -36.125 ], [ 146.625, -36.125 ], [ 146.625, -35.875 ], [ 147.375, -35.875 ], [ 147.375, -35.625 ], [ 147.625, -35.625 ], [ 147.625, -35.375 ], [ 148.375, -35.375 ] ] ] ] } },
{ "type": "Feature", "properties": { "cluster_id": 29, "cohesion": 6.183350644078411, "distances": { "1": 38.24501601408791, "2": 38.66754924167979, "3": 33.098718739008575, "4": 33.93581462361203, "5": 31.243616288246137, "6": 35.86346127423217, "7": 45.08584909590917, "8": 43.47624601424497, "9": 42.674710410295326, "10": 47.153148742487765, "11": 46.208756576025024, "12": 41.928206982620765, "13": 41.32135506832261, "14": 36.183408418026545, "15": 36.877355516219936, "16": 37.710078186387165, "17": 40.293798707277304, "18": 40.24953242055542, "19": 46.1649894599692, "20": 42.05543872054801, "21": 37.500770474203314, "22": 34.593583174964486, "23": 38.24313149963532, "24": 37.37798251524071, "25": 36.279784039179766, "26": 31.9063922994917, "27": 31.661767736945126, "28": 11.552313038644476, "30": 14.943594630275614, "31": 11.713054585114115, "32": 19.50537307632476, "33": 20.940093050651356, "34": 22.203999956619313, "35": 15.362162618414912, "36": 22.686459753307957, "37": 15.902766728008482, "38": 9.176125737914834, "39": 9.88784685761097, "40": 19.51687375573809, "41": 17.247647334599797, "42": 30.78748065240564, "43": 33.11238130083322, "44": 36.09554773625732, "45": 34.94703735355302, "46": 34.68781684012066, "47": 35.089212918833326, "48": 34.863600607999466, "49": 34.06828276824369, "50": 31.9904988947381, "51": 26.90986078134061, "52": 31.382903974604545, "53": 27.259846893127648, "54": 29.710862806985585, "55": 24.154853523668447, "56": 25.501741524938495, "57": 26.86154184074944, "58": 31.455105191967693, "59": 28.791515214310362, "60": 28.433522357857736, "61": 25.946444592788488, "62": 24.47045879216546, "63": 29.284160958442406, "64": 27.717561236357028, "65": 32.35882152355488, "66": 29.578438609858264, "67": 30.402264451528165, "68": 28.653938077500452, "69": 31.797415947552455, "70": 29.465570635128973, "71": 29.96290702796807, "72": 30.19908910168585, "73": 32.7012582997695, "74": 27.164422402148208, "75": 23.097613452657292, "76": 20.816440000751914, "77": 22.240197080674772, "78": 18.57839115307983, "79": 23.058415461932675, "80": 23.076883637636215, "81": 30.681788637417238, "82": 28.40061716421071, "83": 28.372934610371505, "84": 27.80648647510679, "85": 23.855777841094422, "86": 26.120183356375048, "87": 25.890413736337667, "88": 30.522390453628056, "89": 33.50812920287508, "90": 32.33393822356299, "91": 36.288592147334725, "92": 25.750508668510342, "93": 29.885948589837277, "94": 28.211651558405315, "95": 32.51957193381322, "96": 34.3554862137235, "97": 30.26142912351074, "98": 28.01291735445663 } }, "geometry": { "type": "MultiPolygon", "coordinates": [ [ [ [ 147.625, -36.625 ], [ 147.625, -36.875 ], [ 147.375, -36.875 ], [ 147.375, -36.625 ], [ 147.625, -36.625 ] ] ], [ [ [ 142.875, -34.125 ], [ 142.875, -34.875 ], [ 143.375, -34.875 ], [ 143.375, -35.125 ], [ 144.375, -35.125 ], [ 144.375, -35.375 ], [ 144.875, -35.375 ], [ 144.875, -35.625 ], [ 145.375, -35.625 ], [ 145.375, -35.875 ], [ 146.125, -35.875 ], [ 146.125, -36.375 ], [ 146.375, -36.375 ], [ 146.375, -36.625 ], [ 146.125, -36.625 ], [ 146.125, -36.875 ], [ 146.875, -36.875 ], [ 146.875, -37.125 ], [ 146.375, -37.125 ], [ 146.375, -37.375 ], [ 144.125, -37.375 ], [ 144.125, -36.875 ], [ 143.875, -36.875 ], [ 143.875, -37.125 ], [ 143.625, -37.125 ], [ 143.625, -36.625 ], [ 143.375, -36.625 ], [ 143.375, -36.375 ], [ 142.875, -36.375 ], [ 142.875, -36.125 ], [ 142.625, -36.125 ], [ 142.625, -35.375 ], [ 142.375, -35.375 ], [ 142.375, -34.125 ], [ 142.875, -34.125 ] ] ] ] } },
{ "type": "Feature", "properties": { "cluster_id": 30, "cohesion": 5.9841408639776281, "distances": { "1": 31.07840361554247, "2": 32.54713068987188, "3": 29.788241007781906, "4": 28.871076927644463, "5": 25.438860237589584, "6": 29.46430727896995, "7": 39.530653109883346, "8": 37.89254359399831, "9": 38.58819987766898, "10": 42.77214617642598, "11": 42.92970772282376, "12": 37.75335542142433, "13": 39.71772964430733, "14": 35.34921029956038, "15": 33.36190829350073, "16": 38.73785566314722, "17": 41.09781327921311, "18": 37.97647927790824, "19": 44.30508709904326, "20": 41.51036762829043, "21": 37.24132403249341, "22": 33.221703649091154, "23": 33.76940803961461, "24": 34.882208194420635, "25": 32.24800521979027, "26": 30.6904385876454, "27": 30.338461908696708, "28": 17.463387493227074, "29": 14.94359463027561, "31": 10.421145071315157, "32": 18.12494168812369, "33": 24.21063122902195, "34": 30.435801288145843, "35": 22.54855482273681, "36": 29.311102876476372, "37": 24.77119545149007, "38": 20.042280247318562, "39": 16.422217804972693, "40": 26.416389691301013, "41": 26.841413171797956, "42": 27.773376985213158, "43": 28.69356454565312, "44": 36.43236812868619, "45": 32.655415680641894, "46": 33.18161169319435, "47": 36.26745070794966, "48": 37.463562245164816, "49": 37.26382995386632, "50": 30.973310939601255, "51": 26.844624599326636, "52": 34.50822712911007, "53": 34.1009461166232, "54": 35.935878943290255, "55": 31.331307850155813, "56": 33.02618217847294, "57": 30.780759365840623, "58": 36.56601264688523, "59": 34.549553234404385, "60": 31.727481664473512, "61": 28.209110418062348, "62": 25.55407914210554, "63": 33.06767635648498, "64": 32.247151927270615, "65": 35.741294336623305, "66": 35.43830974922419, "67": 29.127115581931896, "68": 27.962609953811583, "69": 28.717756937124413, "70": 26.299584083803268, "71": 27.725497789498956, "72": 29.628581462403464, "73": 32.09828141878275, "74": 26.629052618072457, "75": 22.97841805660586, "76": 23.33757207771342, "77": 24.27898294172213, "78": 12.645548270390204, "79": 18.987832034856865, "80": 21.3690808060154, "81": 34.96267259339276, "82": 35.05187815166866, "83": 34.73140117991421, "84": 28.277106613314032, "85": 27.125000078446014, "86": 28.50541691879827, "87": 29.978367612164234, "88": 32.61375025947863, "89": 35.71329015680464, "90": 37.515655956919474, "91": 39.527463551570385, "92": 25.604009109130253, "93": 29.976628407884075, "94": 30.709883563177087, "95": 34.64867571178444, "96": 37.24911036021272, "97": 35.48441926880531, "98": 32.48543071439164 } }, "geometry": { "type": "MultiPolygon", "coordinates": [ [ [ [ 146.125, -37.375 ], [ 146.125, -37.625 ], [ 144.875, -37.625 ], [ 144.875, -37.375 ], [ 146.125, -37.375 ] ] ], [ [ [ 140.875, -36.125 ], [ 141.125, -36.125 ], [ 141.125, -36.375 ], [ 141.625, -36.375 ], [ 141.625, -36.625 ], [ 141.875, -36.625 ], [ 141.875, -36.875 ], [ 142.125, -36.875 ], [ 142.125, -37.125 ], [ 143.375, -37.125 ], [ 143.375, -37.375 ], [ 144.125, -37.375 ], [ 144.125, -37.625 ], [ 142.125, -37.625 ], [ 142.125, -37.875 ], [ 141.625, -37.875 ], [ 141.625, -38.125 ], [ 140.125, -38.125 ], [ 140.125, -37.875 ], [ 139.875, -37.875 ], [ 139.875, -37.625 ], [ 139.625, -37.625 ], [ 139.625, -37.375 ], [ 139.375, -37.375 ], [ 139.375, -36.375 ], [ 139.875, -36.375 ], [ 139.875, -35.875 ], [ 140.875, -35.875 ], [ 140.875, -36.125 ] ] ], [ [ [ 139.125, -35.375 ], [ 138.875, -35.375 ], [ 138.875, -35.625 ], [ 138.375, -35.625 ], [ 138.375, -35.125 ], [ 138.625, -35.125 ], [ 138.625, -34.875 ], [ 138.875, -34.875 ], [ 138.875, -34.625 ], [ 139.125, -34.625 ], [ 139.125, -35.375 ] ] ] ] } },
{ "type": "Feature", "properties": { "cluster_id": 31, "cohesion": 7.4570843510987563, "distances": { "1": 36.08173458894632, "2": 37.07810118290341, "3": 32.07466361327972, "4": 31.96194664213825, "5": 29.053586076445768, "6": 33.638779216743714, "7": 44.25065205366107, "8": 42.55265134720712, "9": 42.44033251034534, "10": 47.05918113344381, "11": 46.73861411470464, "12": 41.59113633397854, "13": 42.3557016535849, "14": 36.94377018967032, "15": 36.2737833865625, "16": 39.82594920314153, "17": 42.531452612602806, "18": 40.75760811531999, "19": 47.44348517398529, "20": 43.743262927835936, "21": 38.95158530041931, "22": 35.41516912085735, "23": 37.50055664207739, "24": 37.42088935767509, "25": 35.82727736133474, "26": 32.41081020765599, "27": 31.75618088649091, "28": 16.95372163597268, "29": 11.713054585114115, "30": 10.421145071315156, "32": 14.138742611842082, "33": 18.320379850327694, "34": 26.5225695860634, "35": 20.461295843546907, "36": 26.805805426774874, "37": 21.013697371173066, "38": 15.458668609466384, "39": 10.3141100167833, "40": 20.0369629343679, "41": 21.227881022587365, "42": 29.22403515162949, "43": 31.4200598592632, "44": 36.19872229186077, "45": 34.192073088732, "46": 33.543723611372954, "47": 34.446376329036006, "48": 35.970009493359996, "49": 34.86996404276965, "50": 30.27482467268187, "51": 24.042950717311378, "52": 30.965633377134136, "53": 30.643315675471378, "54": 32.724838265790474, "55": 26.087660808752965, "56": 28.496471174561897, "57": 26.102411485287867, "58": 32.78605779328378, "59": 30.569628017380605, "60": 29.987184834968073, "61": 27.022987654021893, "62": 24.491476453968104, "63": 31.11502425597145, "64": 29.973587075619548, "65": 33.9311943699701, "66": 31.938150635615678, "67": 30.06341499929498, "68": 28.156435931320278, "69": 30.273936301538356, "70": 27.936810511302713, "71": 29.70336952584114, "72": 30.403818283523535, "73": 33.27661078272071, "74": 28.469561613067444, "75": 25.8139098917722, "76": 24.152665791383622, "77": 25.290847336610998, "78": 18.35664421995313, "79": 23.413231320190278, "80": 25.406987776841945, "81": 33.486045924999026, "82": 31.671651109492107, "83": 31.75511068248672, "84": 28.816068453037136, "85": 26.657898657210897, "86": 27.219030433301317, "87": 28.267733183784067, "88": 32.057817473804405, "89": 35.68048554133927, "90": 35.810660915350915, "91": 39.360990020152485, "92": 26.074554407881834, "93": 31.05934712856242, "94": 30.02334625562975, "95": 34.74677879674381, "96": 37.07054946176841, "97": 33.66347529847946, "98": 30.803504709693403 } }, "geometry": { "type": "Polygon", "coordinates": [ [ [ 138.125, -32.375 ], [ 138.125, -33.125 ], [ 137.875, -33.125 ], [ 137.875, -33.625 ], [ 137.625, -33.625 ], [ 137.625, -33.875 ], [ 137.375, -33.875 ], [ 137.375, -33.625 ], [ 137.125, -33.625 ], [ 137.125, -33.125 ], [ 136.625, -33.125 ], [ 136.625, -33.875 ], [ 136.375, -33.875 ], [ 136.375, -34.125 ], [ 136.125, -34.125 ], [ 136.125, -34.375 ], [ 135.875, -34.375 ], [ 135.875, -34.875 ], [ 136.125, -34.875 ], [ 136.125, -34.625 ], [ 136.375, -34.625 ], [ 136.375, -34.375 ], [ 136.625, -34.375 ], [ 136.625, -34.125 ], [ 137.125, -34.125 ], [ 137.125, -34.375 ], [ 137.375, -34.375 ], [ 137.375, -34.625 ], [ 137.625, -34.625 ], [ 137.625, -34.875 ], [ 137.875, -34.875 ], [ 137.875, -34.625 ], [ 138.125, -34.625 ], [ 138.125, -35.375 ], [ 138.375, -35.375 ], [ 138.375, -35.125 ], [ 138.625, -35.125 ], [ 138.625, -34.875 ], [ 138.875, -34.875 ], [ 138.875, -34.625 ], [ 139.125, -34.625 ], [ 139.125, -35.375 ], [ 138.875, -35.375 ], [ 138.875, -35.625 ], [ 138.625, -35.625 ], [ 138.625, -35.875 ], [ 139.125, -35.875 ], [ 139.125, -36.125 ], [ 139.375, -36.125 ], [ 139.375, -36.375 ], [ 139.875, -36.375 ], [ 139.875, -35.875 ], [ 140.875, -35.875 ], [ 140.875, -36.125 ], [ 141.125, -36.125 ], [ 141.125, -36.375 ], [ 141.625, -36.375 ], [ 141.625, -36.625 ], [ 141.875, -36.625 ], [ 141.875, -36.875 ], [ 142.125, -36.875 ], [ 142.125, -37.125 ], [ 143.375, -37.125 ], [ 143.375, -37.375 ], [ 144.125, -37.375 ], [ 144.125, -36.875 ], [ 143.875, -36.875 ], [ 143.875, -37.125 ], [ 143.625, -37.125 ], [ 143.625, -36.625 ], [ 143.375, -36.625 ], [ 143.375, -36.375 ], [ 142.875, -36.375 ], [ 142.875, -36.125 ], [ 142.625, -36.125 ], [ 142.625, -35.375 ], [ 142.375, -35.375 ], [ 142.375, -35.125 ], [ 141.875, -35.125 ], [ 141.875, -34.625 ], [ 141.625, -34.625 ], [ 141.625, -35.125 ], [ 141.375, -35.125 ], [ 141.375, -34.875 ], [ 141.125, -34.875 ], [ 141.125, -35.125 ], [ 140.125, -35.125 ], [ 140.125, -34.875 ], [ 139.625, -34.875 ], [ 139.625, -33.375 ], [ 139.875, -33.375 ], [ 139.875, -32.875 ], [ 138.375, -32.875 ], [ 138.375, -32.375 ], [ 138.125, -32.375 ] ] ] } },
{ "type": "Feature", "properties": { "cluster_id": 32, "cohesion": 7.2523532668295632, "distances": { "1": 36.68057934347469, "2": 37.231630298351156, "3": 30.029982880343205, "4": 29.596963848441465, "5": 28.418959121190568, "6": 32.915040999218036, "7": 45.85362563668291, "8": 43.406391591789685, "9": 43.8204597121699, "10": 48.70549639861944, "11": 48.52445640894603, "12": 41.782132524907865, "13": 42.780843584306346, "14": 35.78390007991737, "15": 35.097375873625424, "16": 40.80967315196507, "17": 43.14653841967149, "18": 42.28237055693588, "19": 48.99667337676745, "20": 45.046429361083774, "21": 40.569410746384605, "22": 37.449906817021834, "23": 37.7694944193998, "24": 37.86806427841848, "25": 36.9486338344016, "26": 33.10320237966463, "27": 30.312147954692247, "28": 23.616941498016303, "29": 19.505373076324755, "30": 18.124941688123688, "31": 14.138742611842083, "33": 11.558892675833428, "34": 26.45458148784521, "35": 24.504621543825007, "36": 27.73544332932715, "37": 23.957623021393776, "38": 21.243476528300782, "39": 16.04992693772845, "40": 17.058474468128626, "41": 21.80393467466099, "42": 25.309561779763555, "43": 28.844501226595597, "44": 31.234147407186956, "45": 30.508877068207777, "46": 27.970124440762792, "47": 27.259768037350828, "48": 31.25322873990803, "49": 29.272468069428605, "50": 22.873798738425116, "51": 13.627263675397732, "52": 22.40708218318415, "53": 28.87377660972199, "54": 29.29342452712219, "55": 22.098112523213604, "56": 25.46765531342686, "57": 17.72143618082398, "58": 26.955219832840253, "59": 25.01492822933762, "60": 27.13576846920262, "61": 25.749254188609672, "62": 22.0358350529285, "63": 29.007879601309337, "64": 28.82973607722204, "65": 30.249075266851086, "66": 28.560122892773805, "67": 27.57117066404134, "68": 24.965441645709518, "69": 26.501724595292934, "70": 25.111567529894657, "71": 28.387289106410574, "72": 28.703209044304227, "73": 31.836241385200875, "74": 29.51115964131279, "75": 30.9336792101134, "76": 28.03080482936288, "77": 27.342594852157674, "78": 25.817565041874225, "79": 26.6982625570379, "80": 31.08840949049775, "81": 31.813863759666475, "82": 28.936131544071987, "83": 29.79938903268582, "84": 28.18540049921116, "85": 27.958406306756153, "86": 25.533645324087626, "87": 27.30265524660415, "88": 29.97975674810319, "89": 34.54790817757453, "90": 34.65373377289353, "91": 39.259877969909574, "92": 25.568704012804098, "93": 32.814914429790214, "94": 30.492325261835695, "95": 36.053013785696876, "96": 37.6546478580494, "97": 33.3975161746652, "98": 31.11970597676552 } }, "geometry": { "type": "Polygon", "coordinates": [ [ [ 134.625, -31.375 ], [ 134.625, -31.625 ], [ 133.625, -31.625 ], [ 133.625, -31.875 ], [ 132.125, -31.875 ], [ 132.125, -32.375 ], [ 133.625, -32.375 ], [ 133.625, -32.625 ], [ 133.875, -32.625 ], [ 133.875, -33.125 ], [ 134.125, -33.125 ], [ 134.125, -33.375 ], [ 134.375, -33.375 ], [ 134.375, -33.625 ], [ 134.625, -33.625 ], [ 134.625, -33.875 ], [ 134.875, -33.875 ], [ 134.875, -34.375 ], [ 135.125, -34.375 ], [ 135.125, -34.625 ], [ 135.375, -34.625 ], [ 135.375, -34.875 ], [ 135.875, -34.875 ], [ 135.875, -34.375 ], [ 136.125, -34.375 ], [ 136.125, -34.125 ], [ 136.375, -34.125 ], [ 136.375, -33.875 ], [ 136.625, -33.875 ], [ 136.625, -33.125 ], [ 137.125, -33.125 ], [ 137.125, -33.625 ], [ 137.375, -33.625 ], [ 137.375, -33.875 ], [ 137.625, -33.875 ], [ 137.625, -33.625 ], [ 137.875, -33.625 ], [ 137.875, -33.125 ], [ 138.125, -33.125 ], [ 138.125, -32.375 ], [ 137.875, -32.375 ], [ 137.875, -32.625 ], [ 135.875, -32.625 ], [ 135.875, -32.375 ], [ 135.375, -32.375 ], [ 135.375, -32.125 ], [ 135.125, -32.125 ], [ 135.125, -31.625 ], [ 134.875, -31.625 ], [ 134.875, -31.375 ], [ 134.625, -31.375 ] ] ] } },
{ "type": "Feature", "properties": { "cluster_id": 33, "cohesion": 6.5199880090649573, "distances": { "1": 42.64549817246463, "2": 42.71395879300711, "3": 34.09642535252806, "4": 34.5751953617956, "5": 33.67593603011952, "6": 38.49388719891149, "7": 50.89952432731131, "8": 48.56429828152705, "9": 48.166096855175, "10": 53.21248005023947, "11": 52.486873673839085, "12": 46.228798949811726, "13": 45.86644163564906, "14": 38.44452266480148, "15": 39.18567648334799, "16": 42.29955775330826, "17": 44.880759056893694, "18": 45.65662091879266, "19": 52.2000705903701, "20": 47.51066786702252, "21": 42.79066292510924, "22": 40.33064014228977, "23": 42.18865143435667, "24": 41.262793891362776, "25": 41.26964819426346, "26": 35.90071944619634, "27": 32.829031405670875, "28": 26.110102549105846, "29": 20.940093050651356, "30": 24.21063122902195, "31": 18.320379850327697, "32": 11.558892675833428, "34": 24.85585148294706, "35": 25.90202549602234, "36": 27.93971447750875, "37": 23.843594294758255, "38": 21.012285994977553, "39": 16.074446215797824, "40": 10.623892355255618, "41": 18.419370258015437, "42": 29.21844415925517, "43": 33.09223932105281, "44": 30.948077953051886, "45": 32.825633569727266, "46": 29.716890898105845, "47": 25.53395915772726, "48": 28.978656137588857, "49": 25.917521029481335, "50": 24.68799524693512, "51": 14.994120343839628, "52": 18.73491817185192, "53": 24.829281804106376, "54": 25.801482173453827, "55": 16.509134292828897, "56": 21.472252354392086, "57": 12.221266094260269, "58": 21.685998274833693, "59": 19.91018018180356, "60": 25.514432805032648, "61": 25.41653836013164, "62": 22.68920044648575, "63": 26.525811965407968, "64": 26.14231581977483, "65": 27.619104491411584, "66": 23.673372724629132, "67": 30.66718732588853, "68": 27.685811155453397, "69": 30.542033305895554, "70": 29.173971421578674, "71": 32.39864431479744, "72": 31.586436136949605, "73": 34.58892184209271, "74": 33.07889811635926, "75": 34.89146676499482, "76": 31.010943483579616, "77": 29.737825848549353, "78": 31.138720384454846, "79": 30.93439249599288, "80": 35.2138931370366, "81": 31.73567846553023, "82": 25.97196645199518, "83": 28.123351805371026, "84": 31.19067912583456, "85": 30.17447029795257, "86": 26.83314168326276, "87": 28.08413125885426, "88": 31.219058172771362, "89": 35.61965565906284, "90": 33.41779306831005, "91": 39.43397596103815, "92": 27.466089138375022, "93": 34.65693478844615, "94": 30.3034185929536, "95": 36.56832919663811, "96": 37.84675256682703, "97": 31.68635192430733, "98": 29.482023645097037 } }, "geometry": { "type": "Polygon", "coordinates": [ [ [ 134.125, -28.625 ], [ 134.125, -29.375 ], [ 133.875, -29.375 ], [ 133.875, -30.125 ], [ 133.375, -30.125 ], [ 133.375, -30.375 ], [ 133.125, -30.375 ], [ 133.125, -30.625 ], [ 132.875, -30.625 ], [ 132.875, -30.875 ], [ 133.125, -30.875 ], [ 133.125, -31.125 ], [ 133.625, -31.125 ], [ 133.625, -31.625 ], [ 134.625, -31.625 ], [ 134.625, -31.375 ], [ 134.875, -31.375 ], [ 134.875, -31.625 ], [ 135.125, -31.625 ], [ 135.125, -32.125 ], [ 135.375, -32.125 ], [ 135.375, -32.375 ], [ 135.875, -32.375 ], [ 135.875, -32.625 ], [ 137.875, -32.625 ], [ 137.875, -32.375 ], [ 138.375, -32.375 ], [ 138.375, -32.125 ], [ 138.125, -32.125 ], [ 138.125, -31.875 ], [ 137.625, -31.875 ], [ 137.625, -31.625 ], [ 137.375, -31.625 ], [ 137.375, -31.375 ], [ 137.125, -31.375 ], [ 137.125, -31.125 ], [ 136.125, -31.125 ], [ 136.125, -30.625 ], [ 135.875, -30.625 ], [ 135.875, -30.375 ], [ 135.625, -30.375 ], [ 135.625, -29.875 ], [ 135.125, -29.875 ], [ 135.125, -29.625 ], [ 134.875, -29.625 ], [ 134.875, -29.125 ], [ 134.625, -29.125 ], [ 134.625, -28.625 ], [ 134.125, -28.625 ] ] ] } },
{ "type": "Feature", "properties": { "cluster_id": 34, "cohesion": 6.9543852868113341, "distances": { "1": 43.159599228566876, "2": 42.04657638250277, "3": 32.98321406980356, "4": 35.934263484279114, "5": 35.53455609284389, "6": 39.6032687252698, "7": 48.86401601143708, "8": 46.408626148145764, "9": 44.759581221952885, "10": 49.12247436393458, "11": 47.00794864179843, "12": 42.43925988703487, "13": 38.900996508602915, "14": 31.67076235573896, "15": 36.25861020603343, "16": 34.47535223343466, "17": 35.30230777431277, "18": 41.474063683155045, "19": 44.97082689427445, "20": 39.888201776321644, "21": 36.77619388517902, "22": 36.8687586995237, "23": 41.194220029680714, "24": 38.65692143445856, "25": 38.758174908132666, "26": 33.6516782857997, "27": 32.45914942402217, "28": 21.430438100470006, "29": 22.203999956619313, "30": 30.435801288145843, "31": 26.522569586063398, "32": 26.454581487845207, "33": 24.855851482947067, "35": 16.461360388902698, "36": 10.87703981475207, "37": 12.04996672370113, "38": 17.654464555390675, "39": 22.141031235979803, "40": 20.091933544075754, "41": 13.061726264546863, "42": 32.90018232705596, "43": 37.03077735605063, "44": 35.501322449590745, "45": 36.868802352859745, "46": 35.09935763974573, "47": 34.63655934600841, "48": 32.623242875373386, "49": 32.52774550667683, "50": 32.113133294289945, "51": 27.876387766864617, "52": 28.89878903128085, "53": 22.203727124396696, "54": 20.162225058342962, "55": 17.81240607534516, "56": 13.491881635820485, "57": 24.529726336756188, "58": 28.47187136596048, "59": 23.959798834402676, "60": 26.322626837602805, "61": 26.215313645944185, "62": 25.327613005279904, "63": 28.62955810006102, "64": 27.107062254266772, "65": 30.374597946562265, "66": 26.804999719627503, "67": 27.682795187963592, "68": 25.847182852460666, "69": 30.84248511486299, "70": 30.169759382061795, "71": 28.49887118616774, "72": 26.111737441511075, "73": 27.805145178524217, "74": 25.800938051698473, "75": 28.64052221758372, "76": 22.066297540894872, "77": 23.266196000947303, "78": 32.82748451679253, "79": 31.833302169295578, "80": 31.973181547424517, "81": 17.068210340048545, "82": 15.773683328653624, "83": 12.361819678694136, "84": 23.13889561877938, "85": 18.044025818030555, "86": 19.25776109188968, "87": 14.300483566867083, "88": 20.19583059912914, "89": 24.20647940918943, "90": 20.942769730024498, "91": 28.425509930983523, "92": 27.684265108976476, "93": 32.345000820019536, "94": 28.654949074839987, "95": 30.97623013714384, "96": 29.853467814437586, "97": 24.683260840149277, "98": 26.403776809416915 } }, "geometry": { "type": "Polygon", "coordinates": [ [ [ 142.625, -28.125 ], [ 142.625, -28.375 ], [ 142.125, -28.375 ], [ 142.125, -28.625 ], [ 141.625, -28.625 ], [ 141.625, -28.375 ], [ 140.375, -28.375 ], [ 140.375, -29.125 ], [ 140.625, -29.125 ], [ 140.625, -29.375 ], [ 141.125, -29.375 ], [ 141.125, -29.625 ], [ 141.375, -29.625 ], [ 141.375, -29.875 ], [ 141.875, -29.875 ], [ 141.875, -30.375 ], [ 142.375, -30.375 ], [ 142.375, -30.625 ], [ 142.625, -30.625 ], [ 142.625, -30.875 ], [ 143.625, -30.875 ], [ 143.625, -30.625 ], [ 143.875, -30.625 ], [ 143.875, -30.875 ], [ 144.625, -30.875 ], [ 144.625, -31.375 ], [ 145.875, -31.375 ], [ 145.875, -31.125 ], [ 145.625, -31.125 ], [ 145.625, -30.875 ], [ 145.375, -30.875 ], [ 145.375, -30.625 ], [ 145.125, -30.625 ], [ 145.125, -30.125 ], [ 145.625, -30.125 ], [ 145.625, -30.375 ], [ 146.125, -30.375 ], [ 146.125, -29.625 ], [ 145.875, -29.625 ], [ 145.875, -29.125 ], [ 145.125, -29.125 ], [ 145.125, -28.875 ], [ 144.875, -28.875 ], [ 144.875, -28.375 ], [ 144.375, -28.375 ], [ 144.375, -28.625 ], [ 143.625, -28.625 ], [ 143.625, -28.875 ], [ 143.375, -28.875 ], [ 143.375, -28.625 ], [ 143.125, -28.625 ], [ 143.125, -28.125 ], [ 142.625, -28.125 ] ] ] } },
{ "type": "Feature", "properties": { "cluster_id": 35, "cohesion": 6.1391389619574221, "distances": { "1": 39.74570865493867, "2": 38.48946235945734, "3": 31.567964986799264, "4": 34.099172391714404, "5": 32.86242403003597, "6": 36.83901045040927, "7": 44.75089159431146, "8": 42.48297920533689, "9": 41.34321825669672, "10": 45.63073090431709, "11": 44.22516286657865, "12": 40.20494441542098, "13": 38.38618871227546, "14": 32.64302054015736, "15": 34.979333365123345, "16": 35.02400709556771, "17": 37.06897873384625, "18": 38.82280590789497, "19": 43.76897225248992, "20": 39.50583175443899, "21": 35.614969808467634, "22": 33.83790055086623, "23": 37.87561101780074, "24": 36.08765035090506, "25": 35.4676568706999, "26": 30.88239732164115, "27": 30.66617145303999, "28": 11.616630560711645, "29": 15.362162618414912, "30": 22.548554822736808, "31": 20.461295843546903, "32": 24.504621543825007, "33": 25.90202549602234, "34": 16.461360388902698, "36": 12.26596604254615, "37": 9.615697048909304, "38": 12.336417903404678, "39": 18.575726585941254, "40": 23.284493060337077, "41": 17.941822751909804, "42": 32.037184557564636, "43": 34.69664408970169, "44": 36.31532221618634, "45": 35.862884702844816, "46": 35.637216116669244, "47": 36.498250925468106, "48": 34.377080056053096, "49": 34.93036912523036, "50": 33.04318941447465, "51": 28.831007659951425, "52": 32.455828264609025, "53": 26.720940510069166, "54": 27.589683843776665, "55": 24.403686640350216, "56": 23.410128092566378, "57": 28.351575369051602, "58": 32.195827144969115, "59": 28.990571227244462, "60": 26.82857682365399, "61": 25.513869458908797, "62": 24.21875596811677, "63": 29.338993491826024, "64": 28.140901098967255, "65": 31.784714256930947, "66": 29.987082615359178, "67": 27.113324132100296, "68": 25.32068666504631, "69": 29.452469297601795, "70": 28.943741519741916, "71": 24.918048675736717, "72": 24.30908340565519, "73": 27.74146242530834, "74": 20.81325903311128, "75": 19.358375115511787, "76": 13.29444074845982, "77": 18.289493520013192, "78": 23.739260023878295, "79": 26.24470294703394, "80": 23.345770456845543, "81": 24.99624563493917, "82": 25.427500222442397, "83": 23.428473813027892, "84": 19.209096256438702, "85": 13.54158287396859, "86": 18.524040957524555, "87": 17.389738788731105, "88": 24.66656625975558, "89": 28.668261831626932, "90": 28.37680761721258, "91": 32.71246226756907, "92": 25.520050463517425, "93": 29.735663225875253, "94": 27.971427972785804, "95": 31.197951204476777, "96": 31.784384302473878, "97": 28.416308323731187, "98": 27.777299508417276 } }, "geometry": { "type": "Polygon", "coordinates": [ [ [ 146.625, -32.625 ], [ 146.625, -33.125 ], [ 146.375, -33.125 ], [ 146.375, -33.625 ], [ 146.125, -33.625 ], [ 146.125, -35.375 ], [ 146.375, -35.375 ], [ 146.375, -35.625 ], [ 146.625, -35.625 ], [ 146.625, -35.875 ], [ 147.375, -35.875 ], [ 147.375, -35.625 ], [ 147.625, -35.625 ], [ 147.625, -35.375 ], [ 148.125, -35.375 ], [ 148.125, -35.125 ], [ 147.875, -35.125 ], [ 147.875, -34.875 ], [ 148.625, -34.875 ], [ 148.625, -34.625 ], [ 148.875, -34.625 ], [ 148.875, -34.375 ], [ 149.125, -34.375 ], [ 149.125, -33.375 ], [ 148.875, -33.375 ], [ 148.875, -33.125 ], [ 148.625, -33.125 ], [ 148.625, -32.875 ], [ 147.625, -32.875 ], [ 147.625, -32.625 ], [ 146.625, -32.625 ] ] ] } },
{ "type": "Feature", "properties": { "cluster_id": 36, "cohesion": 5.1514922634253146, "distances": { "1": 41.5418484515588, "2": 39.6345499109396, "3": 31.03296814137775, "4": 34.57085933774, "5": 34.44772931491951, "6": 38.07275821015582, "7": 46.316056524617416, "8": 43.52446718857134, "9": 42.19543161548996, "10": 46.30282551323739, "11": 44.35315538580504, "12": 39.88610906071991, "13": 36.71831369721957, "14": 29.75650481051387, "15": 34.036647172740395, "16": 33.67556036005971, "17": 34.3847546203583, "18": 39.556238696249416, "19": 42.915112488744796, "20": 38.42149093091838, "21": 35.53585527250302, "22": 35.42931711672363, "23": 39.16742064919972, "24": 36.80386497617147, "25": 36.55373981473548, "26": 32.188215627672484, "27": 31.28787717591527, "28": 19.35113316728645, "29": 22.686459753307957, "30": 29.311102876476372, "31": 26.80580542677487, "32": 27.73544332932715, "33": 27.939714477508748, "34": 10.877039814752068, "35": 12.26596604254615, "37": 11.270343492844853, "38": 18.54510286129534, "39": 24.155194557904334, "40": 24.4874651631411, "41": 18.252800853902123, "42": 32.79728188466914, "43": 36.131634435835736, "44": 35.835944692881206, "45": 36.350311721944074, "46": 35.5240931490389, "47": 36.23123816093987, "48": 33.49346927266955, "49": 34.40678097758967, "50": 32.979207607051016, "51": 29.35301117856255, "52": 31.441626883876634, "53": 25.242754027683596, "54": 23.759603770872634, "55": 22.70381167585017, "56": 19.384730023985004, "57": 27.658693462440247, "58": 31.193369421036895, "59": 27.270253281659734, "60": 26.60721730263887, "61": 26.510017450292537, "62": 25.331290326791663, "63": 29.727790691713114, "64": 28.612401573128746, "65": 31.289346961331162, "66": 29.32212975438717, "67": 25.30758644600846, "68": 23.789446091355874, "69": 28.684302629904007, "70": 28.926710285008397, "71": 24.2567266534717, "72": 22.010816989160794, "73": 24.67320695374, "74": 20.85339690323883, "75": 24.10884250560319, "76": 16.859101665790288, "77": 20.119896342159386, "78": 30.668407890296173, "79": 30.22784363965752, "80": 28.780152180856792, "81": 17.910300458803203, "82": 20.416422650649494, "83": 16.485086874020215, "84": 17.19921840511155, "85": 11.615732233216916, "86": 14.8349252472716, "87": 10.10217507679812, "88": 18.541213747494414, "89": 23.456232543289943, "90": 23.133741562349442, "91": 28.93584485432336, "92": 27.108249838382285, "93": 31.686820584482792, "94": 29.023062093211692, "95": 30.997644910002865, "96": 30.026328331785944, "97": 26.427203010863924, "98": 27.78455100342783 } }, "geometry": { "type": "Polygon", "coordinates": [ [ [ 145.875, -29.125 ], [ 145.875, -29.625 ], [ 146.125, -29.625 ], [ 146.125, -30.375 ], [ 145.625, -30.375 ], [ 145.625, -30.125 ], [ 145.125, -30.125 ], [ 145.125, -30.625 ], [ 145.375, -30.625 ], [ 145.375, -30.875 ], [ 145.625, -30.875 ], [ 145.625, -31.125 ], [ 145.875, -31.125 ], [ 145.875, -31.375 ], [ 146.375, -31.375 ], [ 146.375, -32.125 ], [ 146.625, -32.125 ], [ 146.625, -32.375 ], [ 147.125, -32.375 ], [ 147.125, -32.625 ], [ 147.625, -32.625 ], [ 147.625, -32.875 ], [ 148.375, -32.875 ], [ 148.375, -31.625 ], [ 148.625, -31.625 ], [ 148.625, -31.375 ], [ 148.125, -31.375 ], [ 148.125, -30.875 ], [ 147.875, -30.875 ], [ 147.875, -30.375 ], [ 147.625, -30.375 ], [ 147.625, -29.875 ], [ 147.125, -29.875 ], [ 147.125, -29.625 ], [ 146.875, -29.625 ], [ 146.875, -29.375 ], [ 146.625, -29.375 ], [ 146.625, -29.125 ], [ 145.875, -29.125 ] ] ] } },
{ "type": "Feature", "properties": { "cluster_id": 37, "cohesion": 5.5557074028888787, "distances": { "1": 42.112810111191685, "2": 41.07904194009971, "3": 33.02117425280962, "4": 35.681650296188835, "5": 34.42003759689806, "6": 38.76695242358837, "7": 48.24927028812722, "8": 45.74604359647316, "9": 44.5371311340942, "10": 49.069753026168605, "11": 47.48840316440411, "12": 42.89735792169898, "13": 40.71852005306007, "14": 33.9507465163239, "15": 36.87849974252471, "16": 36.96168407786794, "17": 38.781999151467886, "18": 41.72714151891872, "19": 46.645294310195204, "20": 42.00759188443566, "21": 37.94383087964826, "22": 36.62775953699187, "23": 40.997464767852726, "24": 38.90078747212475, "25": 38.36283878585057, "26": 33.59854981370473, "27": 33.16806079426038, "28": 15.641605772112905, "29": 15.902766728008482, "30": 24.77119545149007, "31": 21.013697371173066, "32": 23.957623021393776, "33": 23.843594294758255, "34": 12.04996672370113, "35": 9.615697048909302, "36": 11.270343492844855, "38": 10.511690090374524, "39": 17.12998686981433, "40": 20.043983438592683, "41": 13.703817496051633, "42": 33.801866691186376, "43": 37.17831465778029, "44": 37.792299661252244, "45": 38.07480329378429, "46": 36.93947503307815, "47": 36.756689043036566, "48": 35.35869975441686, "49": 35.14128797145102, "50": 33.70930931514351, "51": 28.346632086350045, "52": 31.412395942328498, "53": 25.936437082170812, "54": 26.31101278916752, "55": 21.207173304268647, "56": 19.94382208449689, "57": 26.41963691037548, "58": 31.344014035617818, "59": 27.688868832727824, "60": 27.840370487748395, "61": 26.596403591602154, "62": 25.191247991133654, "63": 30.181857393637287, "64": 28.696096901974922, "65": 32.72690068640182, "66": 29.583257256285933, "67": 27.919153920252427, "68": 25.879333847492816, "69": 30.97176992901932, "70": 29.756091471737676, "71": 28.179438515436676, "72": 26.098051010997548, "73": 29.204888769084672, "74": 25.079067178691822, "75": 25.099207582899716, "76": 19.024716281005126, "77": 22.186375808786998, "78": 27.61976759588541, "79": 29.721487373362812, "80": 28.486881468509036, "81": 23.959608705489813, "82": 23.119597345110545, "83": 20.827704313237938, "84": 22.545277755855555, "85": 17.26401134084643, "86": 19.00410293875499, "87": 16.760774465929106, "88": 24.448374808645497, "89": 28.885913453160686, "90": 27.68239065800383, "91": 33.45901230781902, "92": 27.428104566589365, "93": 32.06908519370562, "94": 29.33201248810336, "95": 32.65522572173556, "96": 33.02897773163181, "97": 28.62658231025828, "98": 28.40051332085645 } }, "geometry": { "type": "Polygon", "coordinates": [ [ [ 143.625, -30.625 ], [ 143.625, -31.625 ], [ 144.125, -31.625 ], [ 144.125, -32.375 ], [ 144.625, -32.375 ], [ 144.625, -32.625 ], [ 144.875, -32.625 ], [ 144.875, -32.875 ], [ 145.125, -32.875 ], [ 145.125, -33.125 ], [ 145.375, -33.125 ], [ 145.375, -33.625 ], [ 145.625, -33.625 ], [ 145.625, -33.875 ], [ 146.125, -33.875 ], [ 146.125, -33.625 ], [ 146.375, -33.625 ], [ 146.375, -33.125 ], [ 146.625, -33.125 ], [ 146.625, -32.625 ], [ 147.125, -32.625 ], [ 147.125, -32.375 ], [ 146.625, -32.375 ], [ 146.625, -32.125 ], [ 146.375, -32.125 ], [ 146.375, -31.375 ], [ 144.625, -31.375 ], [ 144.625, -30.875 ], [ 143.875, -30.875 ], [ 143.875, -30.625 ], [ 143.625, -30.625 ] ] ] } },
{ "type": "Feature", "properties": { "cluster_id": 38, "cohesion": 5.5416990014484986, "distances": { "1": 41.675996755369354, "2": 41.473954009125876, "3": 34.61854671184177, "4": 36.32826000044367, "5": 34.116185587729355, "6": 38.81054823452289, "7": 48.16423541045836, "8": 46.25035558766984, "9": 45.03012786384414, "10": 49.65952206208508, "11": 48.36189002213161, "12": 44.1194619245607, "13": 42.612897908608474, "14": 36.723163208527545, "15": 38.56540590107736, "16": 38.396394942998185, "17": 40.902148623566326, "18": 42.18842991459575, "19": 47.890385956184566, "20": 43.3482282374882, "21": 38.71245553277098, "22": 36.48350934814494, "23": 41.04269566336705, "24": 39.36042568448433, "25": 38.67409114181515, "26": 33.721918043059105, "27": 33.520167961300764, "28": 12.988773666876842, "29": 9.176125737914836, "30": 20.042280247318562, "31": 15.45866860946638, "32": 21.24347652830079, "33": 21.012285994977553, "34": 17.654464555390675, "35": 12.336417903404678, "36": 18.545102861295344, "37": 10.511690090374524, "39": 10.509721663987461, "40": 17.646620976491334, "41": 13.216249953672229, "42": 33.39886899725755, "43": 36.33222180025007, "44": 37.70380949390498, "45": 37.56955144692004, "46": 36.77224464920416, "47": 36.27439157307523, "48": 35.52769984146268, "49": 34.6988634122518, "50": 33.64382416697506, "51": 27.889590845638228, "52": 31.374494010304456, "53": 26.138580078922388, "54": 28.223533522250914, "55": 21.701464112180847, "56": 22.495172761455077, "57": 26.1429320344633, "58": 31.066765396330997, "59": 27.91855379243927, "60": 28.414637619419917, "61": 26.435057554626955, "62": 25.1860423336552, "63": 29.648667113144963, "64": 27.86670879769114, "65": 32.74619831870014, "66": 29.09780957660979, "67": 30.738416648464433, "68": 28.673046671833575, "69": 32.9544117984799, "70": 30.951174831315523, "71": 30.775893742904348, "72": 29.8737687612, "73": 32.72469329885529, "74": 27.66683471196605, "75": 25.0273539429608, "76": 20.813234431752115, "77": 23.16511475026222, "78": 23.70376338838291, "79": 27.430102383370773, "80": 26.63934675092855, "81": 28.754624636917118, "82": 26.113842794618765, "83": 25.48885706046907, "84": 26.951265243245874, "85": 22.050967054309783, "86": 24.05768213535077, "87": 23.051582328708133, "88": 29.206216266729665, "89": 32.72568166879493, "90": 30.88111698703636, "91": 35.96141965632004, "92": 27.16485363457207, "93": 31.43539582814584, "94": 28.84175835728727, "95": 33.04081892457012, "96": 34.41390306500487, "97": 29.636586264079803, "98": 28.024452903514774 } }, "geometry": { "type": "Polygon", "coordinates": [ [ [ 142.125, -31.625 ], [ 142.125, -31.875 ], [ 141.375, -31.875 ], [ 141.375, -32.125 ], [ 141.875, -32.125 ], [ 141.875, -32.625 ], [ 142.125, -32.625 ], [ 142.125, -32.875 ], [ 142.375, -32.875 ], [ 142.375, -33.625 ], [ 142.625, -33.625 ], [ 142.625, -34.125 ], [ 142.875, -34.125 ], [ 142.875, -34.875 ], [ 143.375, -34.875 ], [ 143.375, -35.125 ], [ 144.375, -35.125 ], [ 144.375, -35.375 ], [ 144.875, -35.375 ], [ 144.875, -35.625 ], [ 145.375, -35.625 ], [ 145.375, -35.875 ], [ 146.125, -35.875 ], [ 146.125, -36.375 ], [ 146.375, -36.375 ], [ 146.375, -36.125 ], [ 146.625, -36.125 ], [ 146.625, -35.625 ], [ 146.375, -35.625 ], [ 146.375, -35.375 ], [ 146.125, -35.375 ], [ 146.125, -33.875 ], [ 145.625, -33.875 ], [ 145.625, -33.625 ], [ 145.375, -33.625 ], [ 145.375, -33.125 ], [ 145.125, -33.125 ], [ 145.125, -32.875 ], [ 144.875, -32.875 ], [ 144.875, -32.625 ], [ 144.625, -32.625 ], [ 144.625, -32.375 ], [ 144.125, -32.375 ], [ 144.125, -32.625 ], [ 143.625, -32.625 ], [ 143.625, -32.375 ], [ 143.375, -32.375 ], [ 143.375, -32.125 ], [ 143.125, -32.125 ], [ 143.125, -31.875 ], [ 142.875, -31.875 ], [ 142.875, -31.625 ], [ 142.125, -31.625 ] ] ] } },
{ "type": "Feature", "properties": { "cluster_id": 39, "cohesion": 5.6461524130778056, "distances": { "1": 40.953648213909936, "2": 41.527509302006614, "3": 35.05674124650705, "4": 35.79544283414523, "5": 33.24932268169297, "6": 38.15151463826102, "7": 48.35970047413539, "8": 46.73786623338829, "9": 45.74264200522969, "10": 50.54219356961998, "11": 49.61649066500758, "12": 44.98253223448025, "13": 44.27906235212457, "14": 38.392599239671725, "15": 39.293986439279514, "16": 40.20886680303695, "17": 43.00518231051874, "18": 43.09721607031966, "19": 49.488484615422294, "20": 45.05778249549901, "21": 40.089097389794745, "22": 37.27159173010605, "23": 41.06505633625904, "24": 39.87232479353791, "25": 39.11817395810733, "26": 34.22461523815142, "27": 33.58343329753287, "28": 16.67668673544509, "29": 9.88784685761097, "30": 16.422217804972693, "31": 10.314110016783298, "32": 16.04992693772845, "33": 16.074446215797828, "34": 22.141031235979803, "35": 18.57572658594125, "36": 24.155194557904334, "37": 17.12998686981433, "38": 10.509721663987461, "40": 14.829014425165619, "41": 14.938429700538746, "42": 31.742226342750477, "43": 34.695717788802696, "44": 36.550232670953285, "45": 36.19524079132415, "46": 34.99999109572343, "47": 34.09093565461486, "48": 34.912534738386945, "49": 33.31743623266627, "50": 31.489474965733073, "51": 24.799722548418654, "52": 29.354885258204774, "53": 26.99115840378281, "54": 29.406926158138145, "55": 21.422127826838313, "56": 23.94866044245953, "57": 23.785291728375856, "58": 29.924047585376538, "59": 27.359211337975992, "60": 28.72571822295706, "61": 26.549918879813724, "62": 24.736705876250504, "63": 29.507665493613462, "64": 27.898924325578868, "65": 32.45783310348467, "66": 28.739737021501757, "67": 31.921957329844258, "68": 29.650305669789354, "69": 33.06418891493751, "70": 30.807803076661184, "71": 32.20321891194051, "72": 31.931377844547512, "73": 34.719006128856215, "74": 30.216593600716045, "75": 27.91118791505948, "76": 24.728998329296385, "77": 25.933796779407135, "78": 23.01954173061266, "79": 26.869325838112385, "80": 28.25663875727664, "81": 31.693985850282257, "82": 27.958411202586742, "83": 28.418648765428063, "84": 29.918224617902897, "85": 26.306407420524817, "86": 26.919579172176448, "87": 26.905001449421956, "88": 31.73063996544279, "89": 35.2701420212836, "90": 33.38131193219735, "91": 38.30396296741415, "92": 27.192356404978362, "93": 32.030082443585684, "94": 29.425610570713296, "95": 34.38266692509937, "96": 36.255425414311176, "97": 31.310176223739294, "98": 28.87825566068044 } }, "geometry": { "type": "Polygon", "coordinates": [ [ [ 139.125, -30.375 ], [ 139.125, -30.625 ], [ 138.875, -30.625 ], [ 138.875, -31.375 ], [ 138.625, -31.375 ], [ 138.625, -32.125 ], [ 138.375, -32.125 ], [ 138.375, -32.875 ], [ 139.875, -32.875 ], [ 139.875, -33.375 ], [ 139.625, -33.375 ], [ 139.625, -34.875 ], [ 140.125, -34.875 ], [ 140.125, -35.125 ], [ 141.125, -35.125 ], [ 141.125, -34.875 ], [ 141.375, -34.875 ], [ 141.375, -35.125 ], [ 141.625, -35.125 ], [ 141.625, -34.625 ], [ 141.875, -34.625 ], [ 141.875, -35.125 ], [ 142.375, -35.125 ], [ 142.375, -34.125 ], [ 142.625, -34.125 ], [ 142.625, -33.625 ], [ 142.375, -33.625 ], [ 142.375, -32.875 ], [ 142.125, -32.875 ], [ 142.125, -32.625 ], [ 141.875, -32.625 ], [ 141.875, -32.125 ], [ 140.875, -32.125 ], [ 140.875, -32.375 ], [ 139.375, -32.375 ], [ 139.375, -32.125 ], [ 139.125, -32.125 ], [ 139.125, -31.125 ], [ 139.375, -31.125 ], [ 139.375, -30.375 ], [ 139.125, -30.375 ] ] ] } },
{ "type": "Feature", "properties": { "cluster_id": 40, "cohesion": 6.0382654929360893, "distances": { "1": 44.75535989985955, "2": 44.66367539930102, "3": 35.94152257250155, "4": 37.3083475524134, "5": 35.83864456971457, "6": 40.91054145657234, "7": 52.00042907495246, "8": 49.98278035695655, "9": 48.66788965412718, "10": 53.741657223148835, "11": 52.49624400745093, "12": 47.29481066078728, "13": 45.65394016569628, "14": 38.47639741269489, "15": 40.5653859161262, "16": 40.5099947775547, "17": 43.29261877325556, "18": 45.50166896397647, "19": 51.57744890667835, "20": 46.36810068434256, "21": 41.52278944726959, "22": 39.80758325646258, "23": 43.49235628038802, "24": 41.69269608945911, "25": 41.85234902434912, "26": 35.96782312866695, "27": 33.76106345827648, "28": 24.16176689841585, "29": 19.51687375573809, "30": 26.416389691301013, "31": 20.036962934367896, "32": 17.058474468128622, "33": 10.623892355255618, "34": 20.091933544075754, "35": 23.284493060337077, "36": 24.487465163141096, "37": 20.04398343859268, "38": 17.64662097649133, "39": 14.829014425165616, "41": 12.639666271380115, "42": 32.15391607147032, "43": 36.047620728595696, "44": 33.12404792273676, "45": 35.46066341695199, "46": 32.937633713888005, "47": 28.893481619289705, "48": 29.92540475357402, "49": 27.291988026870353, "50": 28.788633204909925, "51": 20.924122677273502, "52": 21.853245644498603, "53": 21.002206415447528, "54": 22.39230279696223, "55": 11.53048131677392, "56": 16.333925293824528, "57": 14.382308284351252, "58": 21.931524494905016, "59": 18.850000230771997, "60": 25.190315391567548, "61": 24.902934190658957, "62": 23.37589274974122, "63": 25.65790493037895, "64": 24.17925265449585, "65": 27.6914905323598, "66": 21.89260212239313, "67": 31.851375480161096, "68": 29.03202748742051, "69": 33.21519662485447, "70": 31.41433581302323, "71": 33.76250957499426, "72": 32.110862152368966, "73": 34.72499434875999, "74": 32.88032770865994, "75": 33.989661005510975, "76": 29.445173032705277, "77": 28.487070782899906, "78": 32.02341358245501, "79": 31.87343841592519, "80": 34.82043907475591, "81": 29.061657934596063, "82": 21.64184905400142, "83": 24.094342007708985, "84": 31.149396025081845, "85": 28.407489104132104, "86": 26.093791185663235, "87": 25.907057215888656, "88": 30.061676237023935, "89": 33.984175725238956, "90": 29.867978288043115, "91": 36.76315866731728, "92": 27.6076479454826, "93": 33.69320331108669, "94": 28.651715263368427, "95": 34.306649894123794, "96": 35.26074176178047, "97": 28.162708741863447, "98": 26.534248197637133 } }, "geometry": { "type": "Polygon", "coordinates": [ [ [ 134.625, -27.375 ], [ 134.625, -27.875 ], [ 134.375, -27.875 ], [ 134.375, -28.625 ], [ 134.625, -28.625 ], [ 134.625, -29.125 ], [ 134.875, -29.125 ], [ 134.875, -29.625 ], [ 135.125, -29.625 ], [ 135.125, -29.875 ], [ 135.625, -29.875 ], [ 135.625, -30.375 ], [ 135.875, -30.375 ], [ 135.875, -30.625 ], [ 136.125, -30.625 ], [ 136.125, -31.125 ], [ 137.125, -31.125 ], [ 137.125, -31.375 ], [ 137.375, -31.375 ], [ 137.375, -31.625 ], [ 137.625, -31.625 ], [ 137.625, -31.875 ], [ 138.125, -31.875 ], [ 138.125, -32.125 ], [ 138.375, -32.125 ], [ 138.375, -31.375 ], [ 138.125, -31.375 ], [ 138.125, -30.375 ], [ 138.375, -30.375 ], [ 138.375, -29.875 ], [ 137.625, -29.875 ], [ 137.625, -29.625 ], [ 137.375, -29.625 ], [ 137.375, -28.875 ], [ 137.125, -28.875 ], [ 137.125, -28.625 ], [ 136.875, -28.625 ], [ 136.875, -28.375 ], [ 136.625, -28.375 ], [ 136.625, -28.125 ], [ 135.875, -28.125 ], [ 135.875, -27.625 ], [ 135.375, -27.625 ], [ 135.375, -27.375 ], [ 134.625, -27.375 ] ] ] } },
{ "type": "Feature", "properties": { "cluster_id": 41, "cohesion": 7.8134263885890949, "distances": { "1": 44.46813288445692, "2": 44.098041976210794, "3": 35.598008400561625, "4": 37.62656567261398, "5": 36.39599294844801, "6": 41.02984422038151, "7": 50.695330455336176, "8": 48.78584925659226, "9": 47.03123881879503, "10": 51.78657012260406, "11": 50.045934413274274, "12": 45.607748145891684, "13": 42.88973678695502, "14": 36.176600765151385, "15": 39.462781491890155, "16": 37.60607205429797, "17": 39.597259456268716, "18": 43.67617920700495, "19": 48.499066782932545, "20": 43.29228948807754, "21": 39.24798110176332, "22": 38.379767192497006, "23": 42.67125248136824, "24": 40.460920768510015, "25": 40.636715012028155, "26": 34.94270154412569, "27": 33.477465697967794, "28": 20.106488275744, "29": 17.2476473345998, "30": 26.841413171797956, "31": 21.22788102258737, "32": 21.80393467466099, "33": 18.419370258015437, "34": 13.061726264546861, "35": 17.941822751909804, "36": 18.252800853902126, "37": 13.703817496051633, "38": 13.216249953672229, "39": 14.93842970053875, "40": 12.639666271380115, "42": 32.69986056509594, "43": 36.77055713533321, "44": 35.01435122331363, "45": 36.58178465036023, "46": 34.61663459297523, "47": 32.65076793584202, "48": 32.01961291178657, "49": 30.548482133217025, "50": 31.186941843161186, "51": 25.433268550617022, "52": 26.413953150076185, "53": 20.92949370724317, "54": 21.317647650220845, "55": 14.225504472869702, "56": 14.082016501725768, "57": 20.9088888280556, "58": 25.788857510638262, "59": 21.68159718476013, "60": 26.465584459821873, "61": 26.114132260795937, "62": 25.178142694378405, "63": 27.52136791033998, "64": 25.65374668804181, "65": 29.65365284098037, "66": 24.460558275591055, "67": 31.16813781714422, "68": 28.746732854983716, "69": 33.278652739767956, "70": 31.94199053311893, "71": 32.06051706457048, "72": 30.563854973129338, "73": 32.73986100263966, "74": 29.646176815888847, "75": 30.26825187530719, "76": 24.77888122707107, "77": 25.458045062091525, "78": 30.943092331036915, "79": 31.314018259526065, "80": 32.21925824208541, "81": 24.433290635490895, "82": 18.681034689507435, "83": 18.97487269157938, "84": 28.159460098015433, "85": 23.348346103584287, "86": 24.156800146672527, "87": 21.768751308812448, "88": 26.9324380175271, "89": 30.25792121172949, "90": 25.72635055385134, "91": 32.74855204467067, "92": 28.174871484555975, "93": 32.985356448186984, "94": 28.674841731177313, "95": 32.48933690804234, "96": 32.49625263781649, "97": 25.972387769283035, "98": 26.035213671583264 } }, "geometry": { "type": "Polygon", "coordinates": [ [ [ 137.625, -28.625 ], [ 137.625, -29.125 ], [ 137.875, -29.125 ], [ 137.875, -29.375 ], [ 138.125, -29.375 ], [ 138.125, -29.625 ], [ 138.375, -29.625 ], [ 138.375, -30.375 ], [ 138.125, -30.375 ], [ 138.125, -31.375 ], [ 138.375, -31.375 ], [ 138.375, -32.125 ], [ 138.625, -32.125 ], [ 138.625, -31.375 ], [ 138.875, -31.375 ], [ 138.875, -30.625 ], [ 139.125, -30.625 ], [ 139.125, -30.375 ], [ 139.375, -30.375 ], [ 139.375, -31.125 ], [ 139.125, -31.125 ], [ 139.125, -32.125 ], [ 139.375, -32.125 ], [ 139.375, -32.375 ], [ 140.875, -32.375 ], [ 140.875, -32.125 ], [ 141.375, -32.125 ], [ 141.375, -31.875 ], [ 142.125, -31.875 ], [ 142.125, -31.625 ], [ 142.875, -31.625 ], [ 142.875, -31.875 ], [ 143.125, -31.875 ], [ 143.125, -32.125 ], [ 143.375, -32.125 ], [ 143.375, -32.375 ], [ 143.625, -32.375 ], [ 143.625, -32.625 ], [ 144.125, -32.625 ], [ 144.125, -31.625 ], [ 143.625, -31.625 ], [ 143.625, -30.875 ], [ 142.625, -30.875 ], [ 142.625, -30.625 ], [ 142.375, -30.625 ], [ 142.375, -30.375 ], [ 141.875, -30.375 ], [ 141.875, -29.875 ], [ 141.375, -29.875 ], [ 141.375, -29.625 ], [ 140.375, -29.625 ], [ 140.375, -29.375 ], [ 140.125, -29.375 ], [ 140.125, -29.125 ], [ 139.375, -29.125 ], [ 139.375, -29.375 ], [ 138.625, -29.375 ], [ 138.625, -29.125 ], [ 138.375, -29.125 ], [ 138.375, -28.875 ], [ 137.875, -28.875 ], [ 137.875, -28.625 ], [ 137.625, -28.625 ] ] ] } },
{ "type": "Feature", "properties": { "cluster_id": 42, "cohesion": 5.4495558555584989, "distances": { "1": 28.649483747455577, "2": 28.151555638161668, "3": 24.440577926504858, "4": 23.339571950947857, "5": 24.14646811870578, "6": 25.73172911568018, "7": 34.55809143464449, "8": 32.13507714864496, "9": 33.12729389837163, "10": 36.82041335606994, "11": 37.01193032009819, "12": 30.65251092405071, "13": 31.98930321592056, "14": 27.479879287141824, "15": 26.400336551403726, "16": 33.57442207923495, "17": 33.689806457016665, "18": 33.72619403885689, "19": 37.2245293717949, "20": 35.23191591736835, "21": 34.059795281400504, "22": 32.31866688741285, "23": 27.481335688829734, "24": 29.175002440796085, "25": 27.97878414656287, "26": 27.661367996228083, "27": 23.080016110901187, "28": 29.86941127232313, "29": 30.787480652405637, "30": 27.773376985213154, "31": 29.22403515162949, "32": 25.30956177976356, "33": 29.218444159255167, "34": 32.90018232705595, "35": 32.037184557564636, "36": 32.79728188466914, "37": 33.801866691186376, "38": 33.39886899725755, "39": 31.742226342750477, "40": 32.15391607147032, "41": 32.699860565095946, "43": 10.8485605776891, "44": 20.21427950687026, "45": 14.364355112218313, "46": 11.390615669418596, "47": 22.195300157487925, "48": 26.290931297445166, "49": 26.701205256295513, "50": 14.104167677504421, "51": 20.848410061148208, "52": 26.13608858907505, "53": 31.988917323405595, "54": 29.853826042086776, "55": 31.81570304371054, "56": 31.757600720950702, "57": 28.258789482004534, "58": 30.588566013481348, "59": 29.101782336364927, "60": 28.762505771741186, "61": 27.474587558714514, "62": 25.164014299273035, "63": 29.777625038887372, "64": 31.48663033096553, "65": 28.38376828786297, "66": 32.251419313740186, "67": 25.20965862352525, "68": 25.12082298164007, "69": 23.255029921640816, "70": 23.10892463349673, "71": 24.530833277034233, "72": 27.274593213343625, "73": 26.967976421434564, "74": 25.600375531439933, "75": 28.887888777449543, "76": 28.658951776000684, "77": 24.586586475093657, "78": 28.88437125448237, "79": 24.152924141540936, "80": 28.460927253237273, "81": 29.679288022805064, "82": 30.746185758076646, "83": 31.233197197761825, "84": 27.677908863620175, "85": 29.236329927278742, "86": 29.726054805771042, "87": 30.369325849779138, "88": 27.82585623347069, "89": 28.989693907427544, "90": 31.52051859428046, "91": 32.54274913878921, "92": 24.105047478915797, "93": 30.891295853089048, "94": 30.728393314047622, "95": 33.18463684831888, "96": 32.94330467496285, "97": 32.17021292359422, "98": 32.289086252144955 } }, "geometry": { "type": "MultiPolygon", "coordinates": [ [ [ [ 125.375, -33.125 ], [ 124.875, -33.125 ], [ 124.875, -33.375 ], [ 124.375, -33.375 ], [ 124.375, -33.625 ], [ 124.125, -33.625 ], [ 124.125, -33.875 ], [ 123.875, -33.875 ], [ 123.875, -34.125 ], [ 123.625, -34.125 ], [ 123.625, -34.375 ], [ 122.125, -34.375 ], [ 122.125, -34.125 ], [ 120.875, -34.125 ], [ 120.875, -33.625 ], [ 121.875, -33.625 ], [ 121.875, -33.375 ], [ 122.125, -33.375 ], [ 122.125, -33.125 ], [ 122.875, -33.125 ], [ 122.875, -32.625 ], [ 125.375, -32.625 ], [ 125.375, -33.125 ] ] ], [ [ [ 125.375, -32.375 ], [ 125.625, -32.375 ], [ 125.625, -32.625 ], [ 125.375, -32.625 ], [ 125.375, -32.375 ] ] ] ] } },
{ "type": "Feature", "properties": { "cluster_id": 43, "cohesion": 7.3762443774972768, "distances": { "1": 26.4652514675006, "2": 25.979855462539458, "3": 24.634716457486043, "4": 22.932040896353186, "5": 23.522580963319342, "6": 24.239582257064942, "7": 31.65963880216153, "8": 29.390135745630754, "9": 31.072160124657646, "10": 34.32815269898549, "11": 35.02387286493111, "12": 29.01260278427984, "13": 31.394532497188163, "14": 28.332798275765786, "15": 25.980190351409735, "16": 33.96285452080331, "17": 34.08608827621701, "18": 32.608578331678565, "19": 35.83358161849373, "20": 34.70199792137808, "21": 33.90849665183436, "22": 31.887504384059568, "23": 25.361772812410173, "24": 28.164777940909524, "25": 26.47224853151453, "26": 27.60060591537162, "27": 23.041582148088533, "28": 31.711393780261357, "29": 33.11238130083323, "30": 28.69356454565312, "31": 31.4200598592632, "32": 28.844501226595597, "33": 33.09223932105281, "34": 37.03077735605063, "35": 34.69664408970169, "36": 36.131634435835736, "37": 37.17831465778029, "38": 36.33222180025007, "39": 34.69571778880269, "40": 36.04762072859569, "41": 36.770557135333206, "42": 10.8485605776891, "44": 20.205767497630536, "45": 11.128998970024979, "46": 14.735979782506321, "47": 25.775051169097715, "48": 27.722769577991578, "49": 29.43092999784977, "50": 19.696766869162357, "51": 25.74840851220669, "52": 30.60834199124338, "53": 34.95876272247564, "54": 33.58235142092717, "55": 35.96203226306527, "56": 36.220489676900854, "57": 32.4672510493989, "58": 34.110628796534805, "59": 32.9118305316472, "60": 31.41997466716285, "61": 29.886471108423528, "62": 28.180065475357555, "63": 31.766949324760574, "64": 33.46966732470232, "65": 30.201748387215915, "66": 35.00847606667308, "67": 26.918431539418002, "68": 27.14771027902186, "69": 24.223889365271962, "70": 24.132377739310396, "71": 25.26042216316254, "72": 28.872009910829107, "73": 28.465210252341407, "74": 26.47999025726496, "75": 28.866853136109935, "76": 30.13503155003941, "77": 25.649732270060344, "78": 28.378625847504527, "79": 23.17460477027007, "80": 27.67460487456951, "81": 33.26748128625558, "82": 34.91718845810805, "83": 35.45015914938771, "84": 29.593989009136163, "85": 31.778769805548936, "86": 32.48484269658489, "87": 33.68082961244682, "88": 30.916432142614795, "89": 31.376880143736226, "90": 34.60397537872667, "91": 34.29286371979748, "92": 25.68717640490046, "93": 31.382370237861096, "94": 32.11368542747756, "95": 34.111851262966866, "96": 34.21900262151621, "97": 34.390975505302244, "98": 34.07063462551855 } }, "geometry": { "type": "Polygon", "coordinates": [ [ [ 122.375, -32.625 ], [ 122.375, -32.875 ], [ 121.875, -32.875 ], [ 121.875, -33.125 ], [ 121.125, -33.125 ], [ 121.125, -32.875 ], [ 119.875, -32.875 ], [ 119.875, -33.375 ], [ 119.375, -33.375 ], [ 119.375, -33.625 ], [ 118.875, -33.625 ], [ 118.875, -33.875 ], [ 118.125, -33.875 ], [ 118.125, -34.125 ], [ 115.875, -34.125 ], [ 115.875, -34.375 ], [ 115.375, -34.375 ], [ 115.375, -34.125 ], [ 114.875, -34.125 ], [ 114.875, -34.375 ], [ 115.125, -34.375 ], [ 115.125, -34.625 ], [ 115.625, -34.625 ], [ 115.625, -34.875 ], [ 115.875, -34.875 ], [ 115.875, -35.125 ], [ 116.125, -35.125 ], [ 116.125, -35.375 ], [ 118.375, -35.375 ], [ 118.375, -35.125 ], [ 118.625, -35.125 ], [ 118.625, -34.875 ], [ 119.375, -34.875 ], [ 119.375, -34.625 ], [ 119.625, -34.625 ], [ 119.625, -34.375 ], [ 120.875, -34.375 ], [ 120.875, -33.625 ], [ 121.875, -33.625 ], [ 121.875, -33.375 ], [ 122.125, -33.375 ], [ 122.125, -33.125 ], [ 122.875, -33.125 ], [ 122.875, -32.625 ], [ 122.375, -32.625 ] ] ] } },
{ "type": "Feature", "properties": { "cluster_id": 44, "cohesion": 6.9985339404739557, "distances": { "1": 39.1365310598128, "2": 37.19519167419675, "3": 30.33015260526975, "4": 30.448944432767785, "5": 33.26885170831966, "6": 35.07554711777556, "7": 43.14352121765982, "8": 40.47353534748396, "9": 40.880154884296935, "10": 44.46949426265738, "11": 43.84626878173313, "12": 38.04409237924878, "13": 37.427249638976086, "14": 32.362034717472476, "15": 33.02685358143547, "16": 37.22332285672765, "17": 37.50909181940658, "18": 40.01284562733237, "19": 42.93107454828474, "20": 40.08377084074308, "21": 38.7907683805147, "22": 37.66308904842504, "23": 34.5535769074571, "24": 35.064823237276435, "25": 36.0084958182793, "26": 32.42119324213836, "27": 26.027060104447003, "28": 35.75669769001208, "29": 36.09554773625733, "30": 36.43236812868619, "31": 36.198722291860776, "32": 31.234147407186956, "33": 30.948077953051882, "34": 35.501322449590745, "35": 36.31532221618634, "36": 35.83594469288121, "37": 37.79229966125224, "38": 37.70380949390498, "39": 36.5502326709533, "40": 33.12404792273676, "41": 35.01435122331364, "42": 20.21427950687026, "43": 20.205767497630536, "45": 12.603141495545259, "46": 13.768959526329382, "47": 14.433990370450504, "48": 12.083905297842705, "49": 15.156636334658998, "50": 17.857216589243674, "51": 24.296669522170788, "52": 21.54426188105933, "53": 28.371372394657033, "54": 27.20782930200713, "55": 30.790772904364424, "56": 31.791585333013625, "57": 26.443186352294873, "58": 22.005691577386504, "59": 23.800279298416314, "60": 23.396754331549733, "61": 27.147545526905333, "62": 26.689773988605918, "63": 23.506802091827577, "64": 27.301858661486605, "65": 17.44482934223265, "66": 24.261608126029213, "67": 29.748796912646046, "68": 28.414300770985562, "69": 27.203994725113578, "70": 28.81346727077014, "71": 28.796747772785384, "72": 30.802402648455335, "73": 31.479076161965025, "74": 30.652457057906446, "75": 35.378703164481124, "76": 33.84127139277338, "77": 28.742475378888653, "78": 37.22091572491462, "79": 30.570488074093564, "80": 35.24413034499658, "81": 32.15182007022886, "82": 30.3738560614725, "83": 32.70550435092472, "84": 31.09871993955868, "85": 33.36153114394693, "86": 31.711212294132206, "87": 33.41462981261833, "88": 31.471876834207034, "89": 32.36265157038747, "90": 32.006258946776995, "91": 34.340942719981314, "92": 28.0032101352602, "93": 34.72351092262644, "94": 31.227344167999888, "95": 35.48183204153144, "96": 34.73132627273064, "97": 31.42585201648035, "98": 31.166523318234958 } }, "geometry": { "type": "Polygon", "coordinates": [ [ [ 118.375, -30.125 ], [ 118.375, -30.375 ], [ 118.125, -30.375 ], [ 118.125, -30.625 ], [ 117.875, -30.625 ], [ 117.875, -30.875 ], [ 116.375, -30.875 ], [ 116.375, -30.625 ], [ 115.625, -30.625 ], [ 115.625, -30.375 ], [ 115.375, -30.375 ], [ 115.375, -30.625 ], [ 115.125, -30.625 ], [ 115.125, -30.875 ], [ 114.875, -30.875 ], [ 114.875, -31.125 ], [ 115.125, -31.125 ], [ 115.125, -31.375 ], [ 115.375, -31.375 ], [ 115.375, -33.375 ], [ 115.625, -33.375 ], [ 115.625, -33.125 ], [ 117.875, -33.125 ], [ 117.875, -32.875 ], [ 119.625, -32.875 ], [ 119.625, -32.375 ], [ 119.875, -32.375 ], [ 119.875, -32.125 ], [ 120.375, -32.125 ], [ 120.375, -31.625 ], [ 120.625, -31.625 ], [ 120.625, -31.375 ], [ 120.875, -31.375 ], [ 120.875, -31.125 ], [ 121.625, -31.125 ], [ 121.625, -30.875 ], [ 121.125, -30.875 ], [ 121.125, -30.625 ], [ 120.375, -30.625 ], [ 120.375, -30.375 ], [ 119.625, -30.375 ], [ 119.625, -30.125 ], [ 118.375, -30.125 ] ] ] } },
{ "type": "Feature", "properties": { "cluster_id": 45, "cohesion": 5.4006762703379927, "distances": { "1": 31.81051206871825, "2": 30.54301579156212, "3": 26.722203324415148, "4": 25.6719136748798, "5": 27.760064608668646, "6": 28.716664914064406, "7": 36.249565231365544, "8": 33.68635028282376, "9": 35.038055033720816, "10": 38.23652969353033, "11": 38.34265957802868, "12": 32.34670207426035, "13": 33.386250356058845, "14": 29.657410400087546, "15": 28.570176523430415, "16": 35.15318087840761, "17": 34.95769587650965, "18": 35.76562116773066, "19": 38.22780670741885, "20": 36.56065967170805, "21": 36.031462917483196, "22": 34.6534464078613, "23": 28.79576527672965, "24": 30.914645734765166, "25": 30.502791422554775, "26": 29.759509870744118, "27": 23.72380521774264, "28": 33.84887176326149, "29": 34.94703735355302, "30": 32.655415680641894, "31": 34.192073088732, "32": 30.508877068207777, "33": 32.82563356972727, "34": 36.86880235285975, "35": 35.862884702844816, "36": 36.350311721944074, "37": 38.07480329378429, "38": 37.56955144692004, "39": 36.19524079132415, "40": 35.46066341695198, "41": 36.58178465036023, "42": 14.36435511221831, "43": 11.128998970024979, "44": 12.603141495545259, "46": 12.48554185297066, "47": 20.98808847046023, "48": 21.325893380260144, "49": 23.903408923484733, "50": 18.464330422884434, "51": 25.373551804162393, "52": 27.032845554376316, "53": 32.44530126691858, "54": 30.91515795438702, "55": 34.29671962485932, "56": 34.78606140493023, "57": 30.340052027137347, "58": 29.50814825440834, "59": 29.287064063250053, "60": 28.685213497237424, "61": 29.628323287875375, "62": 28.38195274559356, "63": 28.99210905125589, "64": 31.42188765067359, "65": 25.299946256027052, "66": 30.993061907544668, "67": 28.063265746772245, "68": 27.58661970876777, "69": 24.81404108895324, "70": 25.978729522414262, "71": 26.187947706664236, "72": 29.58423153744455, "73": 29.633270372049225, "74": 27.944181421561566, "75": 31.628648628975665, "76": 31.775955538662753, "77": 26.71106763288583, "78": 32.5547714887374, "79": 25.934803281029968, "80": 30.86323507998073, "81": 32.78186198440547, "82": 33.16206257577603, "83": 34.50791940623718, "84": 30.092182153988936, "85": 32.527611658811644, "86": 32.40289217178244, "87": 33.82945321786757, "88": 31.22165544394202, "89": 31.586519319550725, "90": 33.364565414883465, "91": 33.8808988698473, "92": 27.259208353039988, "93": 33.30817850163891, "94": 32.313508853923594, "95": 34.92968091492069, "96": 34.360049994832494, "97": 33.16100547198128, "98": 33.17208326316486 } }, "geometry": { "type": "Polygon", "coordinates": [ [ [ 117.875, -32.875 ], [ 117.875, -33.125 ], [ 115.625, -33.125 ], [ 115.625, -33.375 ], [ 115.125, -33.375 ], [ 115.125, -33.625 ], [ 114.875, -33.625 ], [ 114.875, -33.875 ], [ 114.625, -33.875 ], [ 114.625, -34.125 ], [ 115.375, -34.125 ], [ 115.375, -34.375 ], [ 115.875, -34.375 ], [ 115.875, -34.125 ], [ 118.125, -34.125 ], [ 118.125, -33.875 ], [ 118.875, -33.875 ], [ 118.875, -33.625 ], [ 119.375, -33.625 ], [ 119.375, -33.375 ], [ 119.875, -33.375 ], [ 119.875, -33.125 ], [ 119.625, -33.125 ], [ 119.625, -32.875 ], [ 117.875, -32.875 ] ] ] } },
{ "type": "Feature", "properties": { "cluster_id": 46, "cohesion": 7.0877801525500894, "distances": { "1": 34.795981700095886, "2": 33.504752595612445, "3": 27.782942573539394, "4": 27.076959833278632, "5": 29.391082756463717, "6": 30.955772579012798, "7": 40.150573842565706, "8": 37.37307352060191, "9": 38.36790848104234, "10": 42.002656799444615, "11": 41.90497359570579, "12": 35.274515182263485, "13": 35.89033235799097, "14": 30.65083893638624, "15": 30.310886295105306, "16": 37.10017534363529, "17": 37.05010728376004, "18": 38.37847691540285, "19": 41.61776641830192, "20": 39.27352219635548, "21": 38.23925775979475, "22": 36.83813323129189, "23": 32.141068761355164, "24": 33.38856640388326, "25": 33.38809705467762, "26": 31.522662843029273, "27": 25.53062498464839, "28": 34.58762755650521, "29": 34.68781684012066, "30": 33.18161169319435, "31": 33.54372361137295, "32": 27.970124440762792, "33": 29.716890898105845, "34": 35.09935763974573, "35": 35.637216116669244, "36": 35.5240931490389, "37": 36.93947503307815, "38": 36.77224464920416, "39": 34.99999109572343, "40": 32.93763371388801, "41": 34.61663459297523, "42": 11.390615669418596, "43": 14.735979782506323, "44": 13.768959526329382, "45": 12.48554185297066, "47": 15.149507775930964, "48": 20.503771838265024, "49": 20.493686425480057, "50": 11.644451039361126, "51": 20.551769145289338, "52": 22.00997367432704, "53": 31.543057700787454, "54": 29.278314345358158, "55": 31.685829959399843, "56": 32.288604963618596, "57": 26.589854336907244, "58": 26.129443566018896, "59": 26.445891575036782, "60": 27.284766042968865, "61": 28.520492303455754, "62": 26.535522625810746, "63": 28.10109213893366, "64": 31.1369726139601, "65": 24.336826675513596, "66": 29.376245030257778, "67": 27.822342008349207, "68": 26.995385916421448, "69": 25.250885761207567, "70": 26.16960693625593, "71": 27.555287891896384, "72": 29.7768822248587, "73": 29.981567587589932, "74": 29.63110924581971, "75": 34.19538982229542, "76": 33.057118937441054, "77": 28.523828739096636, "78": 34.798817417719896, "79": 29.059509432129925, "80": 33.95828563293679, "81": 31.73229666603706, "82": 31.273855702023365, "83": 32.6995214351906, "84": 30.485647630886856, "85": 32.704516865927204, "86": 31.562454566108407, "87": 32.841843841223344, "88": 30.308640926142346, "89": 31.591335201532726, "90": 32.95040522246101, "91": 34.88665466465182, "92": 27.346335056402793, "93": 34.78531337574982, "94": 32.849414652395936, "95": 36.30318134473343, "96": 35.629215347866065, "97": 33.528592757941865, "98": 33.7141506193648 } }, "geometry": { "type": "Polygon", "coordinates": [ [ [ 120.875, -31.125 ], [ 120.875, -31.375 ], [ 120.625, -31.375 ], [ 120.625, -31.625 ], [ 120.375, -31.625 ], [ 120.375, -32.125 ], [ 119.875, -32.125 ], [ 119.875, -32.375 ], [ 119.625, -32.375 ], [ 119.625, -33.125 ], [ 119.875, -33.125 ], [ 119.875, -32.875 ], [ 121.125, -32.875 ], [ 121.125, -33.125 ], [ 121.875, -33.125 ], [ 121.875, -32.875 ], [ 122.375, -32.875 ], [ 122.375, -32.625 ], [ 125.375, -32.625 ], [ 125.375, -32.375 ], [ 125.875, -32.375 ], [ 125.875, -32.125 ], [ 126.375, -32.125 ], [ 126.375, -31.875 ], [ 126.875, -31.875 ], [ 126.875, -31.625 ], [ 125.125, -31.625 ], [ 125.125, -31.875 ], [ 123.625, -31.875 ], [ 123.625, -31.625 ], [ 123.125, -31.625 ], [ 123.125, -31.375 ], [ 121.625, -31.375 ], [ 121.625, -31.125 ], [ 120.875, -31.125 ] ] ] } },
{ "type": "Feature", "properties": { "cluster_id": 47, "cohesion": 6.5547076073281518, "distances": { "1": 43.41088929562553, "2": 41.97161893747295, "3": 33.54842533301908, "4": 33.3459923580519, "5": 35.98206191982907, "6": 38.683981805227795, "7": 49.32039333934887, "8": 46.47656020490938, "9": 46.90347104902805, "10": 51.12164620443957, "11": 50.599026967609035, "12": 43.83617644210196, "13": 43.50666271781074, "14": 36.857037697567876, "15": 37.50615769941535, "16": 42.63834610602871, "17": 43.421395535928795, "18": 45.514512520963955, "19": 49.91032032061664, "20": 46.371082569958574, "21": 44.09290182831641, "22": 42.28364057255709, "23": 40.05527419477387, "24": 40.16974180883623, "25": 41.292776438147065, "26": 36.54396231556264, "27": 30.1877846668315, "28": 36.79627309965883, "29": 35.089212918833326, "30": 36.26745070794967, "31": 34.446376329036006, "32": 27.259768037350828, "33": 25.53395915772726, "34": 34.636559346008404, "35": 36.498250925468106, "36": 36.23123816093987, "37": 36.756689043036566, "38": 36.27439157307523, "39": 34.09093565461485, "40": 28.89348161928971, "41": 32.65076793584202, "42": 22.195300157487925, "43": 25.775051169097715, "44": 14.433990370450504, "45": 20.98808847046023, "46": 15.14950777593096, "48": 15.015082713976579, "49": 11.31889487165943, "50": 13.463243370784621, "51": 18.3939855407122, "52": 13.386822625966014, "53": 28.40675895667836, "54": 27.304408928095178, "55": 27.402764896585946, "56": 29.717539967235233, "57": 20.501735275167565, "58": 16.289320660140095, "59": 20.0796485918995, "60": 23.184354347296484, "61": 27.47544783999697, "62": 25.553084413889366, "63": 24.102495310147155, "64": 28.125749352084977, "65": 18.757978462093728, "66": 22.382966178135227, "67": 31.705396797656302, "68": 29.383324991542352, "69": 29.18968446287724, "70": 30.398463136356373, "71": 32.12043414722166, "72": 33.099029222390776, "73": 34.80572971988904, "74": 34.546022412771265, "75": 39.38535502991729, "76": 36.60683891239833, "77": 32.4758469104384, "78": 39.408593331105365, "79": 34.107891208471166, "80": 39.4033335994948, "81": 33.98983633612378, "82": 30.132748222999368, "83": 32.90496864747217, "84": 33.430382578101025, "85": 35.30944207780686, "86": 32.07504674624124, "87": 34.087267207277336, "88": 33.40804257213682, "89": 35.890215567835256, "90": 34.712459533548504, "91": 39.054417200986364, "92": 29.879812694028043, "93": 38.191978126369015, "94": 33.66861517933602, "95": 39.56014972436853, "96": 39.263626975712896, "97": 34.29773430996873, "98": 33.481769261500105 } }, "geometry": { "type": "Polygon", "coordinates": [ [ [ 123.625, -28.625 ], [ 123.625, -29.125 ], [ 123.875, -29.125 ], [ 123.875, -29.375 ], [ 123.375, -29.375 ], [ 123.375, -29.625 ], [ 122.875, -29.625 ], [ 122.875, -29.875 ], [ 121.625, -29.875 ], [ 121.625, -29.625 ], [ 120.625, -29.625 ], [ 120.625, -29.875 ], [ 120.375, -29.875 ], [ 120.375, -30.625 ], [ 121.125, -30.625 ], [ 121.125, -30.875 ], [ 121.625, -30.875 ], [ 121.625, -31.375 ], [ 123.125, -31.375 ], [ 123.125, -31.125 ], [ 123.375, -31.125 ], [ 123.375, -30.875 ], [ 124.125, -30.875 ], [ 124.125, -31.125 ], [ 124.375, -31.125 ], [ 124.375, -31.375 ], [ 125.625, -31.375 ], [ 125.625, -31.125 ], [ 125.875, -31.125 ], [ 125.875, -30.875 ], [ 127.625, -30.875 ], [ 127.625, -30.375 ], [ 126.875, -30.375 ], [ 126.875, -30.125 ], [ 126.375, -30.125 ], [ 126.375, -29.625 ], [ 126.125, -29.625 ], [ 126.125, -29.375 ], [ 125.875, -29.375 ], [ 125.875, -28.875 ], [ 125.375, -28.875 ], [ 125.375, -28.625 ], [ 123.625, -28.625 ] ] ] } },
{ "type": "Feature", "properties": { "cluster_id": 48, "cohesion": 5.9364322215855312, "distances": { "1": 43.30788926058851, "2": 41.1159680822505, "3": 32.61522388909653, "4": 33.7368389265927, "5": 36.220388962665645, "6": 38.928286950229975, "7": 47.057632639374354, "8": 44.50354969812136, "9": 43.99071835626179, "10": 47.97014117158478, "11": 46.77154198515908, "12": 41.47685793542214, "13": 39.64101802866367, "14": 33.83036999379379, "15": 35.786135012931, "16": 37.381021769479034, "17": 38.48137216061866, "18": 41.793017097203084, "19": 45.41965326689819, "20": 41.53931060394179, "21": 39.14193725891159, "22": 37.93801850099063, "23": 38.00024697490115, "24": 37.18099539190884, "25": 38.703060948842925, "26": 33.01748345996798, "27": 27.462272024747264, "28": 34.788732152150274, "29": 34.863600607999466, "30": 37.46356224516481, "31": 35.970009493359996, "32": 31.25322873990803, "33": 28.978656137588857, "34": 32.62324287537338, "35": 34.377080056053096, "36": 33.49346927266955, "37": 35.358699754416854, "38": 35.52769984146268, "39": 34.912534738386945, "40": 29.92540475357402, "41": 32.01961291178657, "42": 26.290931297445166, "43": 27.722769577991578, "44": 12.083905297842705, "45": 21.325893380260144, "46": 20.503771838265024, "47": 15.015082713976579, "49": 10.303824259779972, "50": 21.529506926463725, "51": 24.98286225827934, "52": 19.403833870200835, "53": 23.433521718374713, "54": 23.510201142590187, "55": 26.729017678049587, "56": 28.05716215354892, "57": 23.648105762671538, "58": 16.124135129341106, "59": 19.436576224174942, "60": 16.746860613729027, "61": 22.799823399021598, "62": 23.49742755513194, "63": 16.780574274927552, "64": 21.647571417899304, "65": 9.331871791644025, "66": 17.142261711723155, "67": 30.471454381150586, "68": 28.605998768588048, "69": 29.24068990316566, "70": 30.487484476794727, "71": 30.143391332795936, "72": 30.832580533794577, "73": 32.027610064934066, "74": 31.292950864818028, "75": 35.98710419560321, "76": 33.297121302775075, "77": 28.52452645750135, "78": 38.498040615109424, "79": 32.42406653772026, "80": 36.32051892038692, "81": 30.600763053734703, "82": 27.041275761983123, "83": 30.012610972021694, "84": 30.649293624273124, "85": 32.20081860091322, "86": 29.773079645570334, "87": 31.525964182416875, "88": 30.695670808267494, "89": 32.08155960934776, "90": 29.82720694143322, "91": 33.68080523686283, "92": 26.70289883962218, "93": 33.40671146589219, "94": 27.980348705181974, "95": 33.82382063893934, "96": 33.431021080174766, "97": 28.388595947103614, "98": 27.285717814409963 } }, "geometry": { "type": "MultiPolygon", "coordinates": [ [ [ [ 114.875, -29.125 ], [ 114.875, -29.625 ], [ 115.125, -29.625 ], [ 115.125, -30.125 ], [ 115.625, -30.125 ], [ 115.625, -29.875 ], [ 115.875, -29.875 ], [ 115.875, -29.375 ], [ 116.125, -29.375 ], [ 116.125, -29.625 ], [ 116.375, -29.625 ], [ 116.375, -29.375 ], [ 116.625, -29.375 ], [ 116.625, -28.375 ], [ 117.125, -28.375 ], [ 117.125, -28.625 ], [ 117.375, -28.625 ], [ 117.375, -28.875 ], [ 118.125, -28.875 ], [ 118.125, -28.625 ], [ 118.375, -28.625 ], [ 118.375, -28.375 ], [ 118.625, -28.375 ], [ 118.625, -28.125 ], [ 118.875, -28.125 ], [ 118.875, -27.875 ], [ 119.125, -27.875 ], [ 119.125, -27.625 ], [ 119.375, -27.625 ], [ 119.375, -27.875 ], [ 119.875, -27.875 ], [ 119.875, -28.125 ], [ 120.125, -28.125 ], [ 120.125, -28.625 ], [ 119.375, -28.625 ], [ 119.375, -28.875 ], [ 118.625, -28.875 ], [ 118.625, -29.375 ], [ 118.875, -29.375 ], [ 118.875, -29.625 ], [ 119.125, -29.625 ], [ 119.125, -29.875 ], [ 119.375, -29.875 ], [ 119.375, -30.125 ], [ 118.375, -30.125 ], [ 118.375, -30.375 ], [ 118.125, -30.375 ], [ 118.125, -30.625 ], [ 117.875, -30.625 ], [ 117.875, -30.875 ], [ 116.375, -30.875 ], [ 116.375, -30.625 ], [ 115.625, -30.625 ], [ 115.625, -30.375 ], [ 115.375, -30.375 ], [ 115.375, -30.625 ], [ 115.125, -30.625 ], [ 115.125, -30.875 ], [ 114.875, -30.875 ], [ 114.875, -30.625 ], [ 114.625, -30.625 ], [ 114.625, -29.125 ], [ 114.875, -29.125 ] ] ], [ [ [ 114.375, -29.125 ], [ 114.375, -28.875 ], [ 114.625, -28.875 ], [ 114.625, -29.125 ], [ 114.375, -29.125 ] ] ] ] } },
{ "type": "Feature", "properties": { "cluster_id": 49, "cohesion": 7.0697416109182818, "distances": { "1": 45.307795306198486, "2": 43.51821691722158, "3": 34.68871340454275, "4": 35.579848089853655, "5": 37.69647240281981, "6": 40.751060515404085, "7": 49.84001883815608, "8": 47.41049437762227, "9": 46.85726991509445, "10": 51.10799237683257, "11": 49.974324165163935, "12": 44.399663640158415, "13": 42.67817809876604, "14": 36.412509179161525, "15": 38.31129193063735, "16": 40.01391224676332, "17": 41.34590213359725, "18": 44.40554733673163, "19": 48.66422589290489, "20": 44.52237893319646, "21": 41.77786889823297, "22": 40.423569308003415, "23": 40.50674138168121, "24": 39.59720523365443, "25": 41.27548564830567, "26": 35.26511698376668, "27": 29.64397373457992, "28": 35.39821624009299, "29": 34.06828276824369, "30": 37.26382995386631, "31": 34.86996404276965, "32": 29.272468069428605, "33": 25.917521029481335, "34": 32.52774550667684, "35": 34.93036912523036, "36": 34.40678097758968, "37": 35.141287971451014, "38": 34.698863412251804, "39": 33.31743623266627, "40": 27.291988026870353, "41": 30.54848213321703, "42": 26.701205256295513, "43": 29.43092999784977, "44": 15.156636334658998, "45": 23.903408923484736, "46": 20.493686425480053, "47": 11.31889487165943, "48": 10.303824259779972, "50": 19.959061889308558, "51": 22.507778898009754, "52": 15.125597444730218, "53": 22.890391894777927, "54": 23.56949192607255, "55": 24.830915863163703, "56": 27.077648751997913, "57": 20.562191171494693, "58": 11.806216680530396, "59": 16.670487299356225, "60": 19.227314702037383, "61": 24.27548242155184, "62": 24.431031817431666, "63": 18.02055050161802, "64": 22.26195837561273, "65": 12.527873120639953, "66": 15.387286482496823, "67": 32.280882365921, "68": 30.115246896702168, "69": 31.205713194871652, "70": 31.937036954199748, "71": 32.93021949374073, "72": 33.16188835506527, "73": 34.50498411111226, "74": 34.146726848347775, "75": 38.34037632255373, "76": 35.32471501187736, "77": 30.92422120972598, "78": 39.50837436696854, "79": 34.16364006268569, "80": 38.45485163477858, "81": 32.10087322379591, "82": 27.17883652739175, "83": 30.513885192187672, "84": 33.22551114049851, "85": 34.16140069806751, "86": 31.350173345730184, "87": 32.84966639111042, "88": 32.462273262643805, "89": 34.27929027412429, "90": 31.406673090257048, "91": 36.06736468702345, "92": 28.445790841908625, "93": 35.56821265933374, "94": 29.67906614335228, "95": 35.91618819340426, "96": 35.67203355338025, "97": 29.66416574615044, "98": 28.463820877920014 } }, "geometry": { "type": "Polygon", "coordinates": [ [ [ 121.125, -26.125 ], [ 121.125, -26.375 ], [ 120.625, -26.375 ], [ 120.625, -26.875 ], [ 119.625, -26.875 ], [ 119.625, -27.125 ], [ 119.375, -27.125 ], [ 119.375, -27.875 ], [ 119.875, -27.875 ], [ 119.875, -28.125 ], [ 120.125, -28.125 ], [ 120.125, -28.625 ], [ 119.375, -28.625 ], [ 119.375, -28.875 ], [ 118.625, -28.875 ], [ 118.625, -29.375 ], [ 118.875, -29.375 ], [ 118.875, -29.625 ], [ 119.125, -29.625 ], [ 119.125, -29.875 ], [ 119.375, -29.875 ], [ 119.375, -30.125 ], [ 119.625, -30.125 ], [ 119.625, -30.375 ], [ 120.375, -30.375 ], [ 120.375, -29.875 ], [ 120.625, -29.875 ], [ 120.625, -29.625 ], [ 121.625, -29.625 ], [ 121.625, -29.875 ], [ 122.875, -29.875 ], [ 122.875, -29.625 ], [ 123.375, -29.625 ], [ 123.375, -29.375 ], [ 123.875, -29.375 ], [ 123.875, -29.125 ], [ 123.625, -29.125 ], [ 123.625, -28.625 ], [ 125.375, -28.625 ], [ 125.375, -28.875 ], [ 125.875, -28.875 ], [ 125.875, -28.625 ], [ 126.125, -28.625 ], [ 126.125, -28.375 ], [ 125.875, -28.375 ], [ 125.875, -28.125 ], [ 123.625, -28.125 ], [ 123.625, -27.875 ], [ 122.625, -27.875 ], [ 122.625, -27.625 ], [ 122.375, -27.625 ], [ 122.375, -27.375 ], [ 122.125, -27.375 ], [ 122.125, -27.125 ], [ 122.375, -27.125 ], [ 122.375, -26.875 ], [ 121.875, -26.875 ], [ 121.875, -26.625 ], [ 121.625, -26.625 ], [ 121.625, -26.125 ], [ 121.125, -26.125 ] ] ] } },
{ "type": "Feature", "properties": { "cluster_id": 50, "cohesion": 7.9503255044167727, "distances": { "1": 36.3233161510957, "2": 35.478008782711385, "3": 28.193333231323763, "4": 27.30299892203491, "5": 29.537841363032058, "6": 32.01397360139199, "7": 43.43596224547143, "8": 40.385975089323296, "9": 41.4348817855937, "10": 45.51948776419485, "11": 45.36472405500016, "12": 37.99296747061684, "13": 38.6746383788126, "14": 32.11107170896658, "15": 31.872550176579427, "16": 39.204787723919814, "17": 39.54568494646448, "18": 40.96648398816414, "19": 45.146338491707404, "20": 42.16315412848165, "21": 40.26069495842069, "22": 38.36872754860175, "23": 34.8996461565454, "24": 35.775818444594805, "25": 35.78174734400888, "26": 32.85365935739155, "27": 27.046099639726314, "28": 32.75037289198108, "29": 31.9904988947381, "30": 30.973310939601255, "31": 30.27482467268187, "32": 22.87379873842512, "33": 24.68799524693512, "34": 32.113133294289945, "35": 33.04318941447464, "36": 32.979207607051016, "37": 33.70930931514351, "38": 33.64382416697506, "39": 31.489474965733073, "40": 28.788633204909925, "41": 31.186941843161193, "42": 14.104167677504421, "43": 19.69676686916235, "44": 17.857216589243674, "45": 18.464330422884434, "46": 11.644451039361126, "47": 13.463243370784621, "48": 21.529506926463725, "49": 19.959061889308558, "51": 13.871648570061089, "52": 17.09955110239792, "53": 30.23606773069318, "54": 27.760916389049683, "55": 27.996213744975257, "56": 29.14469428987025, "57": 21.6151064358313, "58": 23.31285615948453, "59": 23.52824517810954, "60": 25.362494119669712, "61": 27.041705470259654, "62": 23.78632948999049, "63": 27.545016744920954, "64": 30.334559095564053, "65": 24.27545432107537, "66": 27.758971103549005, "67": 27.005308194211782, "68": 25.31907110790374, "69": 24.15030119383618, "70": 25.13341219916122, "71": 26.9834411266487, "72": 28.788175151461484, "73": 30.108845182160668, "74": 29.562237619419268, "75": 34.49122272026112, "76": 32.18440273735815, "77": 28.536869961940415, "78": 34.19183301599686, "79": 29.3543249579886, "80": 34.67056801238163, "81": 30.643356911602506, "82": 29.273484332033398, "83": 30.653161021999022, "84": 28.97303982423713, "85": 30.99618786716892, "86": 28.94568996147027, "87": 30.42115564780747, "88": 29.16554482731788, "89": 31.983224891202124, "90": 32.88222455152655, "91": 36.34700821105093, "92": 26.686528303862445, "93": 35.21781008628208, "94": 32.73043168832587, "95": 37.28070361879563, "96": 36.93960395162715, "97": 33.66533857399762, "98": 33.473139980967616 } }, "geometry": { "type": "Polygon", "coordinates": [ [ [ 123.375, -30.875 ], [ 123.375, -31.125 ], [ 123.125, -31.125 ], [ 123.125, -31.625 ], [ 123.625, -31.625 ], [ 123.625, -31.875 ], [ 125.125, -31.875 ], [ 125.125, -31.625 ], [ 126.875, -31.625 ], [ 126.875, -31.875 ], [ 126.375, -31.875 ], [ 126.375, -32.125 ], [ 125.875, -32.125 ], [ 125.875, -32.375 ], [ 125.625, -32.375 ], [ 125.625, -32.625 ], [ 125.375, -32.625 ], [ 125.375, -32.875 ], [ 125.875, -32.875 ], [ 125.875, -32.625 ], [ 127.375, -32.625 ], [ 127.375, -32.375 ], [ 128.375, -32.375 ], [ 128.375, -32.125 ], [ 128.875, -32.125 ], [ 128.875, -31.625 ], [ 129.375, -31.625 ], [ 129.375, -31.375 ], [ 128.875, -31.375 ], [ 128.875, -31.125 ], [ 127.375, -31.125 ], [ 127.375, -30.875 ], [ 125.875, -30.875 ], [ 125.875, -31.125 ], [ 125.625, -31.125 ], [ 125.625, -31.375 ], [ 124.375, -31.375 ], [ 124.375, -31.125 ], [ 124.125, -31.125 ], [ 124.125, -30.875 ], [ 123.375, -30.875 ] ] ] } },
{ "type": "Feature", "properties": { "cluster_id": 51, "cohesion": 5.2656154376710269, "distances": { "1": 37.9064965345302, "2": 37.440415066803205, "3": 28.77975697530647, "4": 28.381146850065658, "5": 29.577087953744297, "6": 33.219944662344766, "7": 46.33722909059979, "8": 43.318537095334996, "9": 44.01156999023827, "10": 48.721855139892625, "11": 48.447153587081026, "12": 40.892229326156276, "13": 41.50207233182501, "14": 33.840585590701416, "15": 33.73300157077509, "16": 40.4726375385376, "17": 41.87132028887456, "18": 42.71943539311552, "19": 48.390712737378614, "20": 44.528422005529904, "21": 41.21553346330512, "22": 38.94296047082119, "23": 37.366820273620625, "24": 37.5796377120563, "25": 37.51424782538283, "26": 33.5181033289811, "27": 28.53843063169187, "28": 29.35237797984094, "29": 26.909860781340605, "30": 26.844624599326636, "31": 24.04295071731138, "32": 13.627263675397732, "33": 14.994120343839628, "34": 27.876387766864617, "35": 28.831007659951428, "36": 29.35301117856255, "37": 28.346632086350045, "38": 27.88959084563823, "39": 24.799722548418647, "40": 20.9241226772735, "41": 25.433268550617022, "42": 20.848410061148208, "43": 25.748408512206698, "44": 24.296669522170788, "45": 25.373551804162393, "46": 20.551769145289338, "47": 18.3939855407122, "48": 24.98286225827934, "49": 22.507778898009757, "50": 13.871648570061089, "52": 13.769193374667982, "53": 27.691951887262203, "54": 26.05815106336293, "55": 21.97993225363465, "56": 24.764741940475872, "57": 13.66600688333411, "58": 21.362995203478842, "59": 20.211102838750985, "60": 24.47014670519078, "61": 25.47654211705425, "62": 21.51522277886156, "63": 26.992417413405168, "64": 28.448582250840094, "65": 25.667066060995445, "66": 25.755225524171905, "67": 26.22295398465941, "68": 23.57942122770047, "69": 24.03456400264504, "70": 24.31453970076724, "71": 27.215500202484474, "72": 27.730615158201953, "73": 30.327112275779836, "74": 29.86208476907819, "75": 34.31402009045548, "76": 30.912909529726743, "77": 28.397221035992366, "78": 32.30913049945157, "79": 29.425175137199293, "80": 34.790944434715, "81": 29.91802033455975, "82": 26.996417167828533, "83": 28.460968844052815, "84": 27.835017614818348, "85": 29.192552522498243, "86": 25.57423385929081, "87": 27.40576689929329, "88": 28.142265763279998, "89": 32.59982216091642, "90": 32.752187081722596, "91": 37.645709647827786, "92": 26.01007287425264, "93": 34.66907933295638, "94": 31.454071401329063, "95": 36.9344348849784, "96": 37.29812664614929, "97": 32.76486426175441, "98": 31.784286760309932 } }, "geometry": { "type": "Polygon", "coordinates": [ [ [ 128.875, -30.875 ], [ 128.875, -31.375 ], [ 129.375, -31.375 ], [ 129.375, -31.625 ], [ 128.875, -31.625 ], [ 128.875, -32.125 ], [ 129.375, -32.125 ], [ 129.375, -31.875 ], [ 131.625, -31.875 ], [ 131.625, -32.125 ], [ 132.125, -32.125 ], [ 132.125, -31.875 ], [ 133.625, -31.875 ], [ 133.625, -31.125 ], [ 133.125, -31.125 ], [ 133.125, -30.875 ], [ 128.875, -30.875 ] ] ] } },
{ "type": "Feature", "properties": { "cluster_id": 52, "cohesion": 7.439724718392239, "distances": { "1": 44.79548854277408, "2": 43.54716591945841, "3": 33.68898705745304, "4": 34.27346709755899, "5": 36.343428233977676, "6": 39.81052701691388, "7": 51.54449580161281, "8": 48.63753509317584, "9": 48.629960983650655, "10": 53.2081439067821, "11": 52.30947003255478, "12": 45.399799903758414, "13": 44.40411723628107, "14": 36.72365112301646, "15": 38.236515839821756, "16": 42.19179828641065, "17": 43.324252780787035, "18": 46.52408741837602, "19": 51.257778131445114, "20": 46.886071919601484, "21": 44.00040642201528, "22": 42.67072643413472, "23": 41.94797476294734, "24": 41.33241963212555, "25": 42.476280196917095, "26": 37.05128996711743, "27": 31.232077694990853, "28": 33.93624773467523, "29": 31.382903974604545, "30": 34.50822712911006, "31": 30.965633377134136, "32": 22.407082183184148, "33": 18.73491817185192, "34": 28.898789031280845, "35": 32.455828264609025, "36": 31.441626883876637, "37": 31.412395942328498, "38": 31.374494010304463, "39": 29.354885258204774, "40": 21.8532456444986, "41": 26.413953150076185, "42": 26.136088589075055, "43": 30.608341991243375, "44": 21.54426188105933, "45": 27.032845554376316, "46": 22.00997367432704, "47": 13.386822625966014, "48": 19.40383387020083, "49": 15.125597444730218, "50": 17.09955110239792, "51": 13.769193374667982, "53": 23.871873110578274, "54": 22.530471738390233, "55": 20.165155691968756, "56": 23.295329448951456, "57": 12.077487482320297, "58": 12.313384845674008, "59": 13.320597056901004, "60": 22.5904714600329, "61": 26.599925261639623, "62": 24.238032115910308, "63": 24.08140947811956, "64": 26.20654433514852, "65": 20.742656905714394, "66": 19.35291751195257, "67": 30.47151334336334, "68": 27.66079291882472, "69": 28.86710021379226, "70": 29.886532455752693, "71": 31.565127325465056, "72": 31.473583376406978, "73": 33.71233087567423, "74": 33.77458956807212, "75": 38.912644708894554, "76": 34.791928977628814, "77": 31.512688259995738, "78": 38.86009684084005, "79": 34.43656756101567, "80": 39.544099981686585, "81": 30.478227628586136, "82": 25.18615722310001, "83": 28.040658958263368, "84": 31.481474152909446, "85": 32.41182435541752, "86": 28.466870305328154, "87": 29.807106913560865, "88": 30.343449707412258, "89": 33.9796721350247, "90": 31.67792546766171, "91": 37.61898351228103, "92": 29.591841594316232, "93": 37.77007409730283, "94": 32.49134951016152, "95": 38.28236165565484, "96": 37.84867488282302, "97": 31.437840428820504, "98": 31.02107275834396 } }, "geometry": { "type": "Polygon", "coordinates": [ [ [ 130.375, -26.625 ], [ 130.375, -26.875 ], [ 129.875, -26.875 ], [ 129.875, -27.625 ], [ 130.125, -27.625 ], [ 130.125, -27.875 ], [ 129.625, -27.875 ], [ 129.625, -28.125 ], [ 127.125, -28.125 ], [ 127.125, -28.625 ], [ 125.875, -28.625 ], [ 125.875, -29.375 ], [ 126.125, -29.375 ], [ 126.125, -29.625 ], [ 126.375, -29.625 ], [ 126.375, -30.125 ], [ 126.875, -30.125 ], [ 126.875, -30.375 ], [ 127.625, -30.375 ], [ 127.625, -30.875 ], [ 127.375, -30.875 ], [ 127.375, -31.125 ], [ 128.875, -31.125 ], [ 128.875, -30.875 ], [ 132.375, -30.875 ], [ 132.375, -30.625 ], [ 132.125, -30.625 ], [ 132.125, -30.375 ], [ 131.875, -30.375 ], [ 131.875, -30.125 ], [ 131.625, -30.125 ], [ 131.625, -29.875 ], [ 131.375, -29.875 ], [ 131.375, -29.125 ], [ 132.125, -29.125 ], [ 132.125, -28.625 ], [ 131.875, -28.625 ], [ 131.875, -28.125 ], [ 131.375, -28.125 ], [ 131.375, -27.625 ], [ 131.625, -27.625 ], [ 131.625, -26.875 ], [ 130.875, -26.875 ], [ 130.875, -26.625 ], [ 130.375, -26.625 ] ] ] } },
{ "type": "Feature", "properties": { "cluster_id": 53, "cohesion": 6.2807957326503239, "distances": { "1": 43.043165971235005, "2": 41.462657437921294, "3": 32.922372503127576, "4": 35.94695851119824, "5": 35.86763383834306, "6": 39.5841300077364, "7": 45.84069677322526, "8": 44.39400559712834, "9": 41.662400647128344, "10": 45.98274700694477, "11": 43.63840765002211, "12": 40.70555174049014, "13": 36.465334894889956, "14": 31.26932345452038, "15": 35.4610719323042, "16": 28.922941471779822, "17": 32.01734270905334, "18": 37.07886191156094, "19": 41.156167068243306, "20": 35.407682055272275, "21": 31.20981492651963, "22": 31.927055435451067, "23": 37.696684794638685, "24": 34.31039672012915, "25": 36.18979970700022, "26": 29.131801554058033, "27": 27.341888321164237, "28": 27.096718691869025, "29": 27.259846893127648, "30": 34.1009461166232, "31": 30.643315675471378, "32": 28.873776609721993, "33": 24.829281804106373, "34": 22.203727124396696, "35": 26.720940510069166, "36": 25.2427540276836, "37": 25.93643708217081, "38": 26.13858007892239, "39": 26.99115840378281, "40": 21.002206415447525, "41": 20.929493707243164, "42": 31.98891732340559, "43": 34.958762722475655, "44": 28.371372394657033, "45": 32.44530126691858, "46": 31.543057700787454, "47": 28.406758956678363, "48": 23.433521718374713, "49": 22.890391894777927, "50": 30.236067730693176, "51": 27.691951887262206, "52": 23.871873110578267, "54": 12.465447749435675, "55": 16.925403316478402, "56": 17.324362421649425, "57": 21.601046846100864, "58": 18.21438605117839, "59": 13.85668590997421, "60": 20.408933634377835, "61": 20.496149454327195, "62": 23.52438390525389, "63": 17.283076364324227, "64": 13.582039008297357, "65": 20.17399464404734, "66": 12.713056166543945, "67": 29.6495190741188, "68": 28.59144842440461, "69": 32.3330329701626, "70": 31.25769278004724, "71": 31.353926833708588, "72": 29.693813618790777, "73": 29.602055957561237, "74": 29.375377620906878, "75": 31.63419009872227, "76": 28.222735259005525, "77": 23.929861700757428, "78": 34.88289000148092, "79": 31.121384733247133, "80": 32.38273682483989, "81": 23.121268188268424, "82": 16.75796148776907, "83": 20.3606662525913, "84": 29.456598821430898, "85": 27.23095408322019, "86": 26.801332019983004, "87": 25.29921435149303, "88": 25.504883273341182, "89": 26.04292244814708, "90": 19.237236336639082, "91": 24.490222581244126, "92": 23.974497523115847, "93": 26.315068318241554, "94": 19.75597126449437, "95": 22.50467463340389, "96": 22.14994463373076, "97": 13.051000106109996, "98": 13.522764551706592 } }, "geometry": { "type": "Polygon", "coordinates": [ [ [ 126.875, -24.375 ], [ 126.875, -24.625 ], [ 124.625, -24.625 ], [ 124.625, -25.125 ], [ 125.625, -25.125 ], [ 125.625, -25.375 ], [ 125.875, -25.375 ], [ 125.875, -25.625 ], [ 129.875, -25.625 ], [ 129.875, -25.375 ], [ 130.625, -25.375 ], [ 130.625, -25.125 ], [ 130.375, -25.125 ], [ 130.375, -24.625 ], [ 128.875, -24.625 ], [ 128.875, -24.375 ], [ 126.875, -24.375 ] ] ] } },
{ "type": "Feature", "properties": { "cluster_id": 54, "cohesion": 7.3334075865000692, "distances": { "1": 42.279767908072294, "2": 40.730420831551925, "3": 31.452902506196942, "4": 34.41557054622485, "5": 35.09716216733679, "6": 38.55598320044962, "7": 45.9655870401833, "8": 43.92333748372291, "9": 41.76069712591251, "10": 45.77498495476429, "11": 43.316505642197505, "12": 39.38259306038281, "13": 34.87467144896156, "14": 28.82023269088408, "15": 33.7817199661002, "16": 28.64098378844527, "17": 29.876674763421196, "18": 37.79948425358851, "19": 40.25871855844983, "20": 34.592962965721156, "21": 32.26127422813317, "22": 33.92725490748516, "23": 37.73729186807607, "24": 34.8664362484701, "25": 36.32621006799508, "26": 30.472171918490417, "27": 27.689722479651056, "28": 28.888043454194317, "29": 29.710862806985585, "30": 35.93587894329025, "31": 32.72483826579048, "32": 29.293424527122188, "33": 25.801482173453827, "34": 20.162225058342965, "35": 27.589683843776665, "36": 23.759603770872634, "37": 26.31101278916752, "38": 28.223533522250914, "39": 29.40692615813815, "40": 22.39230279696223, "41": 21.31764765022085, "42": 29.85382604208678, "43": 33.582351420927175, "44": 27.207829302007124, "45": 30.915157954387016, "46": 29.278314345358158, "47": 27.30440892809517, "48": 23.510201142590187, "49": 23.56949192607255, "50": 27.760916389049687, "51": 26.058151063362935, "52": 22.530471738390226, "53": 12.465447749435674, "55": 15.721653625522547, "56": 13.752738514389803, "57": 20.472331998834303, "58": 19.87371814622449, "59": 14.360644000373599, "60": 21.620521869674384, "61": 22.984805931533412, "62": 24.24617270578217, "63": 21.30194131905164, "64": 19.950016329490495, "65": 21.84481639801276, "66": 17.816383047619368, "67": 27.918090887226175, "68": 26.876040729474212, "69": 30.368781561069223, "70": 29.87883101516159, "71": 29.673637108364353, "72": 27.880023426982966, "73": 27.373000879608593, "74": 28.285391529987475, "75": 32.54095422944689, "76": 28.36294410731375, "77": 24.160807378486663, "78": 36.87929104911247, "79": 31.7984662441683, "80": 33.866458837810825, "81": 18.03524119789954, "82": 11.1567851437006, "83": 15.259393991242144, "84": 27.64018734711812, "85": 25.79567032516356, "86": 25.15641705638734, "87": 22.729731933839876, "88": 21.56402640302266, "89": 22.248081805664466, "90": 14.582450032666175, "91": 21.40764928001782, "92": 25.576171268658484, "93": 29.410122800283066, "94": 24.02622248040334, "95": 25.421345309223756, "96": 22.80435635198327, "97": 15.49941620774893, "98": 19.602489619830152 } }, "geometry": { "type": "Polygon", "coordinates": [ [ [ 133.875, -23.625 ], [ 133.875, -23.875 ], [ 131.875, -23.875 ], [ 131.875, -24.125 ], [ 131.375, -24.125 ], [ 131.375, -23.875 ], [ 130.375, -23.875 ], [ 130.375, -24.125 ], [ 130.125, -24.125 ], [ 130.125, -24.625 ], [ 130.375, -24.625 ], [ 130.375, -25.125 ], [ 130.625, -25.125 ], [ 130.625, -25.375 ], [ 129.875, -25.375 ], [ 129.875, -25.875 ], [ 130.125, -25.875 ], [ 130.125, -25.625 ], [ 130.625, -25.625 ], [ 130.625, -25.875 ], [ 131.375, -25.875 ], [ 131.375, -25.625 ], [ 131.875, -25.625 ], [ 131.875, -25.375 ], [ 132.875, -25.375 ], [ 132.875, -24.875 ], [ 133.375, -24.875 ], [ 133.375, -24.625 ], [ 134.375, -24.625 ], [ 134.375, -24.375 ], [ 134.125, -24.375 ], [ 134.125, -24.125 ], [ 134.375, -24.125 ], [ 134.375, -23.875 ], [ 134.625, -23.875 ], [ 134.625, -23.625 ], [ 133.875, -23.625 ] ] ] } },
{ "type": "Feature", "properties": { "cluster_id": 55, "cohesion": 8.124790364100674, "distances": { "1": 44.82366368861659, "2": 44.18315689388005, "3": 34.59226218629557, "4": 36.61169979349767, "5": 35.963811361428554, "6": 40.74256376693156, "7": 51.27624440133395, "8": 49.05963623607401, "9": 47.47585847392748, "10": 52.368690119365446, "11": 50.718418870559525, "12": 45.60807357528834, "13": 42.98585133070707, "14": 35.543336729013525, "15": 38.79230065832292, "16": 37.39498946987695, "17": 39.674225120705216, "18": 44.0460698617515, "19": 49.062128863852635, "20": 43.53007166919357, "21": 39.39885098662317, "22": 38.7584769195797, "23": 42.518852817487534, "24": 40.3372150952793, "25": 40.86304359952819, "26": 34.811818962914195, "27": 32.1101135691424, "28": 26.44624443743491, "29": 24.154853523668447, "30": 31.33130785015582, "31": 26.08766080875296, "32": 22.098112523213604, "33": 16.509134292828897, "34": 17.81240607534516, "35": 24.403686640350216, "36": 22.703811675850165, "37": 21.207173304268643, "38": 21.701464112180847, "39": 21.42212782683831, "40": 11.53048131677392, "41": 14.225504472869705, "42": 31.81570304371054, "43": 35.96203226306527, "44": 30.790772904364424, "45": 34.29671962485932, "46": 31.68582995939985, "47": 27.402764896585946, "48": 26.729017678049583, "49": 24.830915863163703, "50": 27.996213744975257, "51": 21.979932253634647, "52": 20.165155691968756, "53": 16.925403316478402, "54": 15.721653625522547, "56": 10.96564744850476, "57": 13.77386480627768, "58": 19.157870563259568, "59": 14.742271051146131, "60": 22.454950962429333, "61": 23.40919405984884, "62": 22.520246004615533, "63": 23.25892895430607, "64": 22.02484818232153, "65": 24.586321354484678, "66": 18.806252765169585, "67": 30.070261352968362, "68": 27.460897956829914, "69": 31.945310707719003, "70": 30.657881029525, "71": 32.3264668553655, "72": 30.028157357071976, "73": 32.012219340060284, "74": 31.491557137636224, "75": 34.39213225553388, "76": 29.293173947350102, "77": 27.290612500550864, "78": 35.18556409228621, "79": 32.79472564232416, "80": 35.70546671604888, "81": 24.218880114407767, "82": 15.380776666090835, "83": 18.877814480711958, "84": 29.271336158382606, "85": 26.878069957333437, "86": 24.143487730872057, "87": 23.150436496739715, "88": 26.26401505014846, "89": 29.84450505723124, "90": 24.324902353901056, "91": 32.135517697840164, "92": 26.689938453768235, "93": 32.78146525049916, "94": 27.0703140786406, "95": 31.953078040820973, "96": 31.711985153289273, "97": 24.042283746483985, "98": 24.078542912669302 } }, "geometry": { "type": "MultiPolygon", "coordinates": [ [ [ [ 137.625, -28.875 ], [ 137.625, -29.125 ], [ 137.875, -29.125 ], [ 137.875, -29.375 ], [ 138.125, -29.375 ], [ 138.125, -29.625 ], [ 138.375, -29.625 ], [ 138.375, -29.875 ], [ 137.625, -29.875 ], [ 137.625, -29.625 ], [ 137.375, -29.625 ], [ 137.375, -28.875 ], [ 137.625, -28.875 ] ] ], [ [ [ 138.125, -28.875 ], [ 137.875, -28.875 ], [ 137.875, -28.625 ], [ 138.125, -28.625 ], [ 138.125, -28.875 ] ] ], [ [ [ 137.375, -28.375 ], [ 137.125, -28.375 ], [ 137.125, -28.625 ], [ 136.875, -28.625 ], [ 136.875, -28.375 ], [ 136.625, -28.375 ], [ 136.625, -28.125 ], [ 135.875, -28.125 ], [ 135.875, -27.625 ], [ 135.375, -27.625 ], [ 135.375, -27.375 ], [ 134.125, -27.375 ], [ 134.125, -27.125 ], [ 133.875, -27.125 ], [ 133.875, -26.875 ], [ 134.375, -26.875 ], [ 134.375, -26.375 ], [ 134.125, -26.375 ], [ 134.125, -26.125 ], [ 133.875, -26.125 ], [ 133.875, -26.375 ], [ 133.125, -26.375 ], [ 133.125, -26.625 ], [ 132.625, -26.625 ], [ 132.625, -26.375 ], [ 131.375, -26.375 ], [ 131.375, -26.125 ], [ 130.375, -26.125 ], [ 130.375, -25.875 ], [ 131.375, -25.875 ], [ 131.375, -25.625 ], [ 131.875, -25.625 ], [ 131.875, -25.375 ], [ 132.625, -25.375 ], [ 132.625, -25.625 ], [ 133.125, -25.625 ], [ 133.125, -25.875 ], [ 134.625, -25.875 ], [ 134.625, -26.125 ], [ 135.125, -26.125 ], [ 135.125, -26.375 ], [ 135.375, -26.375 ], [ 135.375, -26.625 ], [ 135.625, -26.625 ], [ 135.625, -26.875 ], [ 135.875, -26.875 ], [ 135.875, -27.125 ], [ 136.625, -27.125 ], [ 136.625, -27.375 ], [ 136.875, -27.375 ], [ 136.875, -27.625 ], [ 137.125, -27.625 ], [ 137.125, -27.875 ], [ 137.625, -27.875 ], [ 137.625, -28.125 ], [ 137.875, -28.125 ], [ 137.875, -28.625 ], [ 137.375, -28.625 ], [ 137.375, -28.375 ] ] ] ] } },
{ "type": "Feature", "properties": { "cluster_id": 56, "cohesion": 7.3961793821137105, "distances": { "1": 44.136700067127656, "2": 43.40251970567412, "3": 33.768863640957015, "4": 36.25399987203124, "5": 35.855656901105846, "6": 40.29594485515993, "7": 50.1130055423293, "8": 47.89820478637712, "9": 46.081727388920285, "10": 50.692181135803075, "11": 48.65325206309844, "12": 43.827217650398666, "13": 40.331210815106985, "14": 32.93610222526351, "15": 37.29511872950268, "16": 34.79012478263638, "17": 36.08877901424888, "18": 42.592829325132904, "19": 46.33765947860941, "20": 40.77908276866455, "21": 37.533622750419276, "22": 37.79921232936641, "23": 41.65679053801765, "24": 39.2930604023286, "25": 39.73460811064092, "26": 34.1143466837886, "27": 31.71523601882539, "28": 26.188434503629413, "29": 25.5017415249385, "30": 33.02618217847294, "31": 28.496471174561897, "32": 25.46765531342686, "33": 21.472252354392086, "34": 13.491881635820485, "35": 23.410128092566374, "36": 19.384730023985004, "37": 19.94382208449689, "38": 22.495172761455073, "39": 23.94866044245953, "40": 16.333925293824528, "41": 14.08201650172577, "42": 31.757600720950702, "43": 36.220489676900854, "44": 31.791585333013625, "45": 34.78606140493023, "46": 32.288604963618596, "47": 29.717539967235233, "48": 28.057162153548916, "49": 27.077648751997913, "50": 29.14469428987025, "51": 24.764741940475872, "52": 23.295329448951463, "53": 17.324362421649425, "54": 13.752738514389803, "55": 10.965647448504757, "57": 18.4914369969675, "58": 22.252852894800707, "59": 17.35150981254626, "60": 23.37348020320177, "61": 24.338431162747455, "62": 23.762115567208006, "63": 24.7740603910228, "64": 23.403852655592292, "65": 26.014149545790776, "66": 21.124889656997468, "67": 28.989621829218216, "68": 26.812492296463944, "69": 31.519034568845072, "70": 30.512171578363894, "71": 31.094225576255216, "72": 28.557123137912026, "73": 29.78140980854528, "74": 29.596064816498515, "75": 33.19017747899553, "76": 27.536570409138715, "77": 25.91017054206763, "78": 35.89165131447791, "79": 32.93369202896878, "80": 35.15434224432813, "81": 18.81529221645167, "82": 10.111781015551047, "83": 12.487277691593663, "84": 27.346448977793546, "85": 24.132425798419053, "86": 22.786851918821306, "87": 19.87887870933545, "88": 22.564434270829267, "89": 25.69788571831418, "90": 19.336020236768913, "91": 27.9742537937057, "92": 27.08372822136975, "93": 32.45114948507917, "94": 27.24312828290986, "95": 30.569361519361014, "96": 29.21487014852609, "97": 22.15528930204169, "98": 23.955662804887904 } }, "geometry": { "type": "Polygon", "coordinates": [ [ [ 133.375, -24.625 ], [ 133.375, -24.875 ], [ 132.875, -24.875 ], [ 132.875, -25.375 ], [ 132.625, -25.375 ], [ 132.625, -25.625 ], [ 133.125, -25.625 ], [ 133.125, -25.875 ], [ 134.625, -25.875 ], [ 134.625, -26.125 ], [ 135.125, -26.125 ], [ 135.125, -26.375 ], [ 135.375, -26.375 ], [ 135.375, -26.625 ], [ 135.625, -26.625 ], [ 135.625, -26.875 ], [ 135.875, -26.875 ], [ 135.875, -27.125 ], [ 136.625, -27.125 ], [ 136.625, -27.375 ], [ 136.875, -27.375 ], [ 136.875, -27.625 ], [ 137.125, -27.625 ], [ 137.125, -27.875 ], [ 137.625, -27.875 ], [ 137.625, -28.125 ], [ 137.875, -28.125 ], [ 137.875, -28.625 ], [ 138.125, -28.625 ], [ 138.125, -28.875 ], [ 138.375, -28.875 ], [ 138.375, -29.125 ], [ 138.625, -29.125 ], [ 138.625, -29.375 ], [ 139.375, -29.375 ], [ 139.375, -29.125 ], [ 140.125, -29.125 ], [ 140.125, -29.375 ], [ 140.375, -29.375 ], [ 140.375, -29.625 ], [ 141.125, -29.625 ], [ 141.125, -29.375 ], [ 140.625, -29.375 ], [ 140.625, -29.125 ], [ 140.375, -29.125 ], [ 140.375, -27.625 ], [ 140.125, -27.625 ], [ 140.125, -27.375 ], [ 139.875, -27.375 ], [ 139.875, -27.125 ], [ 139.375, -27.125 ], [ 139.375, -27.375 ], [ 138.625, -27.375 ], [ 138.625, -27.125 ], [ 138.375, -27.125 ], [ 138.375, -27.375 ], [ 137.875, -27.375 ], [ 137.875, -27.125 ], [ 137.625, -27.125 ], [ 137.625, -26.875 ], [ 137.375, -26.875 ], [ 137.375, -26.625 ], [ 137.125, -26.625 ], [ 137.125, -26.125 ], [ 136.875, -26.125 ], [ 136.875, -25.875 ], [ 136.625, -25.875 ], [ 136.625, -25.625 ], [ 136.125, -25.625 ], [ 136.125, -25.375 ], [ 135.875, -25.375 ], [ 135.875, -25.125 ], [ 135.625, -25.125 ], [ 135.625, -24.875 ], [ 134.625, -24.875 ], [ 134.625, -24.625 ], [ 133.375, -24.625 ] ] ] } },
{ "type": "Feature", "properties": { "cluster_id": 57, "cohesion": 6.6791156884839795, "distances": { "1": 43.56781427394974, "2": 42.76694627575331, "3": 32.894462909502415, "4": 33.897494911505646, "5": 34.44841338217844, "6": 38.80265149438366, "7": 51.076620143237605, "8": 48.275283688461734, "9": 47.93038782123871, "10": 52.78604001255336, "11": 51.798641968794065, "12": 45.14895899804313, "13": 44.0996210578457, "14": 36.13039943097094, "15": 37.75633431910836, "16": 40.7590486042763, "17": 42.67570372734338, "18": 45.467882076348964, "19": 50.90976551918972, "20": 46.06895777831192, "21": 42.269721265994036, "22": 40.85537470628, "23": 41.78679081425162, "24": 40.7695989026188, "25": 41.267639294325406, "26": 35.86150834789727, "27": 31.37157380720648, "28": 29.948638607639896, "29": 26.861541840749435, "30": 30.780759365840623, "31": 26.10241148528786, "32": 17.72143618082398, "33": 12.221266094260269, "34": 24.52972633675619, "35": 28.351575369051602, "36": 27.65869346244025, "37": 26.41963691037548, "38": 26.1429320344633, "39": 23.785291728375856, "40": 14.382308284351252, "41": 20.9088888280556, "42": 28.258789482004534, "43": 32.467251049398904, "44": 26.443186352294877, "45": 30.34005202713735, "46": 26.58985433690724, "47": 20.501735275167565, "48": 23.648105762671538, "49": 20.562191171494693, "50": 21.6151064358313, "51": 13.666006883334111, "52": 12.077487482320294, "53": 21.601046846100864, "54": 20.472331998834303, "55": 13.773864806277683, "56": 18.4914369969675, "58": 15.653531746558794, "59": 13.33134265704552, "60": 22.215634462626365, "61": 24.411048227657243, "62": 21.832062452407563, "63": 23.827637383773315, "64": 24.373657848554373, "65": 23.07524379106928, "66": 19.473425077621737, "67": 29.060759464607756, "68": 26.07162891487158, "69": 28.73031189950762, "70": 28.495022582085014, "71": 30.942996408524042, "72": 29.78977509804167, "73": 32.43082392279723, "74": 32.402299502032804, "75": 36.6316626492251, "76": 32.17159053235636, "77": 29.52517291529112, "78": 35.81796666628157, "79": 32.72416057387651, "80": 37.41274688980904, "81": 28.527038774068142, "82": 22.08883865393125, "83": 25.09683688504941, "84": 29.818676687723936, "85": 29.842130032079467, "86": 25.383690607957686, "87": 26.55213795879835, "88": 28.37862193671377, "89": 32.704416648227806, "90": 29.905827712089106, "91": 36.54566584493544, "92": 27.33700909674667, "93": 35.28736395365556, "94": 29.964889580743087, "95": 35.94556110134109, "96": 36.04491048509044, "97": 29.291498810080817, "98": 28.39149893303253 } }, "geometry": { "type": "Polygon", "coordinates": [ [ [ 133.875, -26.125 ], [ 133.875, -26.375 ], [ 133.125, -26.375 ], [ 133.125, -26.625 ], [ 132.625, -26.625 ], [ 132.625, -26.375 ], [ 131.875, -26.375 ], [ 131.875, -26.875 ], [ 131.625, -26.875 ], [ 131.625, -27.625 ], [ 131.375, -27.625 ], [ 131.375, -28.125 ], [ 131.875, -28.125 ], [ 131.875, -28.625 ], [ 132.125, -28.625 ], [ 132.125, -29.125 ], [ 131.375, -29.125 ], [ 131.375, -29.875 ], [ 131.625, -29.875 ], [ 131.625, -30.125 ], [ 131.875, -30.125 ], [ 131.875, -30.375 ], [ 132.125, -30.375 ], [ 132.125, -30.625 ], [ 132.375, -30.625 ], [ 132.375, -30.875 ], [ 132.875, -30.875 ], [ 132.875, -30.625 ], [ 133.125, -30.625 ], [ 133.125, -30.375 ], [ 133.375, -30.375 ], [ 133.375, -30.125 ], [ 133.875, -30.125 ], [ 133.875, -29.375 ], [ 134.125, -29.375 ], [ 134.125, -28.625 ], [ 134.375, -28.625 ], [ 134.375, -27.875 ], [ 134.625, -27.875 ], [ 134.625, -27.375 ], [ 134.125, -27.375 ], [ 134.125, -27.125 ], [ 133.875, -27.125 ], [ 133.875, -26.875 ], [ 134.375, -26.875 ], [ 134.375, -26.375 ], [ 134.125, -26.375 ], [ 134.125, -26.125 ], [ 133.875, -26.125 ] ] ] } },
{ "type": "Feature", "properties": { "cluster_id": 58, "cohesion": 6.1397084169348144, "distances": { "1": 47.36420301929384, "2": 45.72057065344649, "3": 35.90167865930483, "4": 37.33602683193634, "5": 39.05003902319867, "6": 42.65035430967112, "7": 52.36420920265477, "8": 49.97488890164358, "9": 48.98784163801142, "10": 53.54519371708417, "11": 52.14023310115186, "12": 46.61446858002008, "13": 44.361996672981164, "14": 37.44173900659486, "15": 39.984654940691655, "16": 40.362558015855164, "17": 42.13205926739044, "18": 45.877342728732096, "19": 50.57550305340403, "20": 45.718664163099824, "21": 42.34532089235048, "22": 41.30441495540603, "23": 42.78343329728849, "24": 41.1754026275118, "25": 43.058734226402365, "26": 36.25052559192355, "27": 31.158406530183917, "28": 33.61162594224119, "29": 31.455105191967693, "30": 36.56601264688523, "31": 32.78605779328378, "32": 26.955219832840253, "33": 21.685998274833693, "34": 28.47187136596048, "35": 32.195827144969115, "36": 31.193369421036888, "37": 31.34401403561781, "38": 31.066765396330997, "39": 29.924047585376538, "40": 21.931524494905016, "41": 25.788857510638255, "42": 30.588566013481348, "43": 34.110628796534805, "44": 22.005691577386504, "45": 29.508148254408344, "46": 26.1294435660189, "47": 16.289320660140095, "48": 16.124135129341106, "49": 11.806216680530396, "50": 23.31285615948453, "51": 21.36299520347884, "52": 12.313384845674008, "53": 18.21438605117839, "54": 19.873718146224494, "55": 19.157870563259568, "56": 22.252852894800707, "57": 15.653531746558796, "59": 10.502494294955579, "60": 19.293601385468115, "61": 24.19806107161961, "62": 24.119925113739903, "63": 18.608867633454036, "64": 20.45820736389915, "65": 15.724052810908335, "66": 11.202662113861031, "67": 32.464333639617784, "68": 29.830354052697462, "69": 32.03555178002811, "70": 32.671101310851796, "71": 33.41987705926263, "72": 32.81624014054573, "73": 34.72803284457632, "74": 34.34413972575994, "75": 38.58600580926792, "76": 34.512901488276576, "77": 30.822681720082077, "78": 39.65227190972056, "79": 35.05277404430849, "80": 39.134343181914716, "81": 30.24591686871535, "82": 23.63337731748481, "83": 27.322388943113367, "84": 32.55934890454722, "85": 32.62544443098605, "86": 29.301962685659575, "87": 30.283899325211003, "88": 31.203864488962562, "89": 33.819095065058335, "90": 29.57065243074473, "91": 35.63007948129159, "92": 29.002263324374557, "93": 35.72263439947858, "94": 29.08415562555131, "95": 35.2843856202686, "96": 35.04840206017071, "97": 27.420467132306097, "98": 26.34058335326466 } }, "geometry": { "type": "Polygon", "coordinates": [ [ [ 125.875, -26.125 ], [ 125.875, -26.375 ], [ 125.375, -26.375 ], [ 125.375, -26.625 ], [ 124.375, -26.625 ], [ 124.375, -26.875 ], [ 123.875, -26.875 ], [ 123.875, -27.125 ], [ 123.125, -27.125 ], [ 123.125, -26.875 ], [ 122.375, -26.875 ], [ 122.375, -27.125 ], [ 122.125, -27.125 ], [ 122.125, -27.375 ], [ 122.375, -27.375 ], [ 122.375, -27.625 ], [ 122.625, -27.625 ], [ 122.625, -27.875 ], [ 123.625, -27.875 ], [ 123.625, -28.125 ], [ 125.875, -28.125 ], [ 125.875, -28.375 ], [ 126.125, -28.375 ], [ 126.125, -28.625 ], [ 127.125, -28.625 ], [ 127.125, -28.125 ], [ 129.125, -28.125 ], [ 129.125, -27.375 ], [ 128.875, -27.375 ], [ 128.875, -26.625 ], [ 128.625, -26.625 ], [ 128.625, -26.375 ], [ 127.625, -26.375 ], [ 127.625, -26.125 ], [ 126.875, -26.125 ], [ 126.875, -26.375 ], [ 126.375, -26.375 ], [ 126.375, -26.125 ], [ 125.875, -26.125 ] ] ] } },
{ "type": "Feature", "properties": { "cluster_id": 59, "cohesion": 6.5517850092667391, "distances": { "1": 44.51791564035283, "2": 43.061607988459485, "3": 33.371494471097115, "4": 35.25870684295363, "5": 36.37100176300913, "6": 40.06630215971162, "7": 49.5637470699999, "8": 47.26130887413295, "9": 46.03565624353299, "10": 50.526214072161295, "11": 48.89047631420225, "12": 43.58463627362989, "13": 40.903338995392986, "14": 34.02462790232106, "15": 37.083118815172696, "16": 36.266084947730654, "17": 37.97617323960411, "18": 42.86223827052968, "19": 46.97085948070252, "20": 41.84058330574828, "21": 38.74711577432407, "22": 38.6043350321968, "23": 40.27342400032709, "24": 38.54366414538926, "25": 40.04326605863539, "26": 33.92154722798461, "27": 29.24433953413899, "28": 30.420861971127206, "29": 28.791515214310365, "30": 34.54955323440438, "31": 30.56962801738061, "32": 25.01492822933762, "33": 19.910180181803565, "34": 23.959798834402676, "35": 28.990571227244462, "36": 27.270253281659734, "37": 27.688868832727824, "38": 27.91855379243927, "39": 27.359211337975992, "40": 18.850000230771997, "41": 21.681597184760125, "42": 29.10178233636492, "43": 32.9118305316472, "44": 23.800279298416317, "45": 29.287064063250057, "46": 26.445891575036786, "47": 20.0796485918995, "48": 19.436576224174942, "49": 16.670487299356225, "50": 23.52824517810954, "51": 20.211102838750985, "52": 13.320597056901002, "53": 13.85668590997421, "54": 14.360644000373599, "55": 14.742271051146133, "56": 17.35150981254626, "57": 13.331342657045518, "58": 10.502494294955579, "60": 20.39867319315916, "61": 23.488165928891018, "62": 23.535901889281952, "63": 19.707406563109462, "64": 19.69720119297388, "65": 18.576255465973848, "66": 12.766140359617335, "67": 29.914088444119677, "68": 27.73987176426345, "69": 30.308908574723247, "70": 30.505974055802863, "71": 31.15738660096277, "72": 30.338416852838144, "73": 31.598857755437596, "74": 31.419129297371338, "75": 35.65968649592475, "76": 31.37893680993236, "77": 27.66123812060116, "78": 37.41344226068843, "79": 32.88692730993043, "80": 36.47860592142461, "81": 25.61343879403633, "82": 18.708196861118203, "83": 22.39573231084364, "84": 30.043406145465095, "85": 29.244844351822234, "86": 26.884870187491913, "87": 26.61894177344849, "88": 27.153361084127805, "89": 29.539595759023456, "90": 24.6081339950358, "91": 30.96639286236592, "92": 27.16161989654024, "93": 33.23614019434659, "94": 26.957631876218013, "95": 31.62037206107936, "96": 30.781425220621376, "97": 22.776987070346692, "98": 23.223681834388984 } }, "geometry": { "type": "Polygon", "coordinates": [ [ [ 127.375, -25.625 ], [ 127.375, -25.875 ], [ 127.625, -25.875 ], [ 127.625, -26.375 ], [ 128.625, -26.375 ], [ 128.625, -26.625 ], [ 128.875, -26.625 ], [ 128.875, -27.375 ], [ 129.125, -27.375 ], [ 129.125, -28.125 ], [ 129.625, -28.125 ], [ 129.625, -27.875 ], [ 130.125, -27.875 ], [ 130.125, -27.625 ], [ 129.875, -27.625 ], [ 129.875, -26.875 ], [ 130.375, -26.875 ], [ 130.375, -26.625 ], [ 130.875, -26.625 ], [ 130.875, -26.875 ], [ 131.875, -26.875 ], [ 131.875, -26.375 ], [ 131.375, -26.375 ], [ 131.375, -26.125 ], [ 130.375, -26.125 ], [ 130.375, -25.875 ], [ 130.625, -25.875 ], [ 130.625, -25.625 ], [ 130.125, -25.625 ], [ 130.125, -25.875 ], [ 129.875, -25.875 ], [ 129.875, -25.625 ], [ 127.375, -25.625 ] ] ] } },
{ "type": "Feature", "properties": { "cluster_id": 60, "cohesion": 6.7077737110313507, "distances": { "1": 40.68277139436427, "2": 38.95225229183438, "3": 30.034516047501814, "4": 31.60504990785226, "5": 32.68654370174816, "6": 36.59055801992426, "7": 45.44982337741008, "8": 42.963874965751835, "9": 41.88578407237833, "10": 46.36221753855883, "11": 44.957782501933025, "12": 39.883060305308845, "13": 37.90763589945116, "14": 31.4521346919535, "15": 33.66610128104558, "16": 34.29721870579866, "17": 36.56087966151514, "18": 38.8861589002377, "19": 43.96892080332624, "20": 39.36081281338079, "21": 35.16767283048681, "22": 32.825717233024044, "23": 36.86303512324693, "24": 35.105200647379576, "25": 35.766697425735, "26": 29.003166535459997, "27": 26.205946702575595, "28": 27.67716006426517, "29": 28.433522357857736, "30": 31.727481664473512, "31": 29.987184834968073, "32": 27.13576846920262, "33": 25.514432805032648, "34": 26.322626837602805, "35": 26.82857682365399, "36": 26.60721730263887, "37": 27.840370487748395, "38": 28.41463761941992, "39": 28.72571822295706, "40": 25.190315391567545, "41": 26.46558445982187, "42": 28.762505771741186, "43": 31.419974667162855, "44": 23.39675433154973, "45": 28.685213497237424, "46": 27.28476604296886, "47": 23.184354347296484, "48": 16.746860613729027, "49": 19.227314702037383, "50": 25.362494119669716, "51": 24.470146705190782, "52": 22.590471460032898, "53": 20.40893363437783, "54": 21.620521869674384, "55": 22.454950962429333, "56": 23.373480203201765, "57": 22.21563446262636, "58": 19.29360138546812, "59": 20.39867319315916, "61": 12.84176338203733, "62": 12.927925146973148, "63": 12.291726038658506, "64": 16.127917600746123, "65": 12.305997774314987, "66": 16.659732418316587, "67": 26.478961601801892, "68": 24.179323606163482, "69": 26.74154302544637, "70": 26.922025863321217, "71": 26.2597962821533, "72": 25.739923954819112, "73": 27.98781335901089, "74": 26.39546840461886, "75": 30.311465886686648, "76": 26.823927131813416, "77": 23.322734949136322, "78": 32.67893047282163, "79": 28.57060925396909, "80": 31.1923768860137, "81": 26.345343910188763, "82": 23.102767282788314, "83": 25.402219193524328, "84": 24.686034828077986, "85": 25.63147942658181, "86": 22.80036415691297, "87": 24.89967469726532, "88": 25.987049846840012, "89": 28.700545545661775, "90": 26.64908052185784, "91": 31.352478225460967, "92": 19.432369532841165, "93": 26.5626998654132, "94": 20.982338456273364, "95": 28.713253048299926, "96": 29.691991244825804, "97": 24.702007055762795, "98": 21.612583270975303 } }, "geometry": { "type": "Polygon", "coordinates": [ [ [ 113.125, -24.375 ], [ 113.125, -24.875 ], [ 113.375, -24.875 ], [ 113.375, -25.375 ], [ 113.625, -25.375 ], [ 113.625, -25.875 ], [ 113.875, -25.875 ], [ 113.875, -26.125 ], [ 113.625, -26.125 ], [ 113.625, -26.375 ], [ 113.375, -26.375 ], [ 113.375, -27.125 ], [ 113.625, -27.125 ], [ 113.625, -27.875 ], [ 113.875, -27.875 ], [ 113.875, -28.125 ], [ 115.375, -28.125 ], [ 115.375, -27.875 ], [ 116.625, -27.875 ], [ 116.625, -26.625 ], [ 116.375, -26.625 ], [ 116.375, -25.875 ], [ 116.125, -25.875 ], [ 116.125, -25.625 ], [ 115.875, -25.625 ], [ 115.875, -25.375 ], [ 115.625, -25.375 ], [ 115.625, -25.625 ], [ 115.125, -25.625 ], [ 115.125, -25.375 ], [ 114.625, -25.375 ], [ 114.625, -25.125 ], [ 114.375, -25.125 ], [ 114.375, -24.875 ], [ 113.875, -24.875 ], [ 113.875, -24.625 ], [ 113.625, -24.625 ], [ 113.625, -24.375 ], [ 113.125, -24.375 ] ] ] } },
{ "type": "Feature", "properties": { "cluster_id": 61, "cohesion": 5.3708409300054694, "distances": { "1": 35.92992450278845, "2": 34.48359452085982, "3": 27.261148729641537, "4": 29.27434143651012, "5": 28.208153445319102, "6": 32.50530179567767, "7": 40.30899376766747, "8": 38.36398115180587, "9": 36.59713826088758, "10": 41.38013777704653, "11": 40.11489687953322, "12": 35.934452781883806, "13": 34.2771600338594, "14": 28.74803715763073, "15": 30.43630883484373, "16": 29.79428092784099, "17": 33.43665272201162, "18": 32.873744458911055, "19": 39.72881405512413, "20": 35.038382439532725, "21": 29.38110023410014, "22": 25.74882114601178, "23": 32.679345948964226, "24": 29.98556015561286, "25": 30.3508187116903, "26": 23.268759890338114, "27": 23.342630403830984, "28": 24.80724165485301, "29": 25.946444592788488, "30": 28.209110418062348, "31": 27.02298765402189, "32": 25.749254188609672, "33": 25.416538360131636, "34": 26.215313645944185, "35": 25.513869458908797, "36": 26.510017450292537, "37": 26.596403591602154, "38": 26.43505755462696, "39": 26.549918879813717, "40": 24.90293419065896, "41": 26.114132260795937, "42": 27.474587558714514, "43": 29.88647110842353, "44": 27.147545526905333, "45": 29.628323287875375, "46": 28.520492303455754, "47": 27.475447839996974, "48": 22.799823399021598, "49": 24.27548242155184, "50": 27.041705470259654, "51": 25.47654211705425, "52": 26.599925261639623, "53": 20.4961494543272, "54": 22.984805931533412, "55": 23.40919405984884, "56": 24.338431162747458, "57": 24.411048227657243, "58": 24.19806107161961, "59": 23.488165928891014, "60": 12.841763382037328, "62": 10.356759348756377, "63": 11.587429704374347, "64": 13.35816425754844, "65": 17.98004855896238, "66": 19.940314256893434, "67": 24.703102014338292, "68": 23.63333627276247, "69": 27.175887877973995, "70": 24.584938915863315, "71": 26.521972062691887, "72": 25.13377157180479, "73": 26.006159413755828, "74": 25.295383247640856, "75": 27.11278338469767, "76": 25.15181329207168, "77": 20.998259667120927, "78": 28.45907390122881, "79": 25.78266467458899, "80": 27.326046318734445, "81": 26.255653263989572, "82": 24.15293489648909, "83": 25.865987700659502, "84": 25.2300078172916, "85": 25.46803982139408, "86": 23.517144913303994, "87": 24.904800784510847, "88": 25.07889572068292, "89": 27.107780307553053, "90": 26.122512702281142, "91": 29.360585186052596, "92": 11.392334782724136, "93": 18.754258790697108, "94": 13.674516561729943, "95": 22.915852329043183, "96": 25.72164222953944, "97": 22.292608905849498, "98": 17.646180554928943 } }, "geometry": { "type": "Polygon", "coordinates": [ [ [ 116.375, -22.625 ], [ 116.375, -22.875 ], [ 116.625, -22.875 ], [ 116.625, -23.125 ], [ 116.375, -23.125 ], [ 116.375, -23.375 ], [ 115.625, -23.375 ], [ 115.625, -25.375 ], [ 115.875, -25.375 ], [ 115.875, -25.625 ], [ 116.375, -25.625 ], [ 116.375, -25.375 ], [ 116.625, -25.375 ], [ 116.625, -25.125 ], [ 116.875, -25.125 ], [ 116.875, -24.625 ], [ 117.625, -24.625 ], [ 117.625, -24.375 ], [ 117.875, -24.375 ], [ 117.875, -24.125 ], [ 118.125, -24.125 ], [ 118.125, -23.875 ], [ 117.875, -23.875 ], [ 117.875, -23.625 ], [ 117.625, -23.625 ], [ 117.625, -23.375 ], [ 117.375, -23.375 ], [ 117.375, -22.875 ], [ 117.125, -22.875 ], [ 117.125, -22.625 ], [ 116.375, -22.625 ] ] ] } },
{ "type": "Feature", "properties": { "cluster_id": 62, "cohesion": 6.6652340098455438, "distances": { "1": 35.05621936357173, "2": 34.24910231216108, "3": 26.49677388885921, "4": 27.3278917304915, "5": 26.592706958785215, "6": 31.293561090606374, "7": 41.85988124962161, "8": 39.276427032889984, "9": 38.71518892190063, "10": 43.48058561152054, "11": 42.62253705074806, "12": 36.88140865544979, "13": 36.25906079566334, "14": 29.540001119546815, "15": 30.494278940489835, "16": 33.64012552749403, "17": 36.18806033633878, "18": 36.24958889237589, "19": 42.54869467484064, "20": 38.30108634987131, "21": 33.48205740872717, "22": 29.76786430774512, "23": 33.88756000095443, "24": 32.648882854348976, "25": 31.908130292311057, "26": 26.34378806683379, "27": 24.92116551881336, "28": 24.03782163848038, "29": 24.470458792165456, "30": 25.55407914210554, "31": 24.491476453968108, "32": 22.03583505292851, "33": 22.68920044648575, "34": 25.3276130052799, "35": 24.218755968116774, "36": 25.331290326791667, "37": 25.191247991133654, "38": 25.1860423336552, "39": 24.736705876250504, "40": 23.37589274974122, "41": 25.17814269437841, "42": 25.164014299273035, "43": 28.180065475357555, "44": 26.68977398860592, "45": 28.38195274559355, "46": 26.53552262581075, "47": 25.55308441388937, "48": 23.49742755513194, "49": 24.431031817431663, "50": 23.78632948999049, "51": 21.515222778861563, "52": 24.238032115910308, "53": 23.52438390525389, "54": 24.24617270578217, "55": 22.520246004615537, "56": 23.762115567208006, "57": 21.832062452407566, "58": 24.119925113739903, "59": 23.535901889281952, "60": 12.927925146973148, "61": 10.356759348756377, "63": 16.844726977576443, "64": 18.79670487158826, "65": 20.074892420962165, "66": 22.155800635142008, "67": 23.347887742862543, "68": 21.28182199866466, "69": 24.119946362041834, "70": 22.44347557986255, "71": 24.164935676618715, "72": 23.469547718264817, "73": 25.73163795343841, "74": 24.30384225105273, "75": 27.1430358299984, "76": 24.392282419878512, "77": 21.395296193228738, "78": 27.21000296914003, "79": 24.595799814929336, "80": 27.60557303311119, "81": 26.092258794458395, "82": 24.405802961366025, "83": 25.67023729141924, "84": 22.946974489546516, "85": 23.972056249811263, "86": 21.01493650415904, "87": 23.244415339083165, "88": 24.33325694229967, "89": 27.867112273827477, "90": 28.03718191318777, "91": 32.24510647397163, "92": 13.455875186721338, "93": 23.414705908727953, "94": 19.841539552864667, "95": 28.070812527385247, "96": 30.046499371938957, "97": 26.4437669964825, "98": 22.776928003734856 } }, "geometry": { "type": "Polygon", "coordinates": [ [ [ 115.875, -20.625 ], [ 115.875, -20.875 ], [ 115.625, -20.875 ], [ 115.625, -21.125 ], [ 115.125, -21.125 ], [ 115.125, -21.375 ], [ 114.625, -21.375 ], [ 114.625, -21.625 ], [ 114.375, -21.625 ], [ 114.375, -21.875 ], [ 113.875, -21.875 ], [ 113.875, -22.125 ], [ 113.625, -22.125 ], [ 113.625, -22.375 ], [ 113.375, -22.375 ], [ 113.375, -23.625 ], [ 113.125, -23.625 ], [ 113.125, -24.375 ], [ 113.625, -24.375 ], [ 113.625, -24.625 ], [ 113.875, -24.625 ], [ 113.875, -24.875 ], [ 114.375, -24.875 ], [ 114.375, -25.125 ], [ 114.625, -25.125 ], [ 114.625, -25.375 ], [ 115.125, -25.375 ], [ 115.125, -25.625 ], [ 115.625, -25.625 ], [ 115.625, -23.375 ], [ 116.375, -23.375 ], [ 116.375, -23.125 ], [ 116.625, -23.125 ], [ 116.625, -22.875 ], [ 116.375, -22.875 ], [ 116.375, -22.625 ], [ 116.625, -22.625 ], [ 116.625, -22.375 ], [ 116.375, -22.375 ], [ 116.375, -22.125 ], [ 116.125, -22.125 ], [ 116.125, -21.125 ], [ 116.375, -21.125 ], [ 116.375, -20.625 ], [ 115.875, -20.625 ] ] ] } },
{ "type": "Feature", "properties": { "cluster_id": 63, "cohesion": 6.1577977575771223, "distances": { "1": 41.05791995461814, "2": 39.15260375626521, "3": 31.30591670513705, "4": 33.49075861941467, "5": 33.559894381016136, "6": 37.32668901452866, "7": 44.07580891650881, "8": 42.39578663864016, "9": 40.33699629178939, "10": 44.930142807579784, "11": 43.37933990165362, "12": 39.69529771482941, "13": 37.180543696590036, "14": 32.005807445151156, "15": 34.36607580608775, "16": 31.893487859663193, "17": 35.30937641122099, "18": 36.335918423715704, "19": 42.27367423358572, "20": 37.40064109365382, "21": 32.41333599167874, "22": 30.03890001324789, "23": 35.75609686310932, "24": 33.00527420877612, "25": 34.591534863948496, "26": 26.91656218163282, "27": 25.120987762138302, "28": 28.970486630804036, "29": 29.284160958442406, "30": 33.06767635648498, "31": 31.115024255971445, "32": 29.007879601309337, "33": 26.525811965407968, "34": 28.62955810006102, "35": 29.338993491826024, "36": 29.72779069171311, "37": 30.18185739363729, "38": 29.648667113144963, "39": 29.50766549361346, "40": 25.65790493037895, "41": 27.521367910339983, "42": 29.777625038887372, "43": 31.766949324760574, "44": 23.506802091827577, "45": 28.99210905125589, "46": 28.101092138933655, "47": 24.102495310147155, "48": 16.780574274927552, "49": 18.02055050161802, "50": 27.54501674492096, "51": 26.992417413405175, "52": 24.08140947811956, "53": 17.28307636432423, "54": 21.30194131905164, "55": 23.25892895430607, "56": 24.7740603910228, "57": 23.827637383773318, "58": 18.60886763345404, "59": 19.707406563109462, "60": 12.291726038658505, "61": 11.587429704374347, "62": 16.84472697757644, "64": 10.152678151271788, "65": 11.321350325735112, "66": 13.31027625519557, "67": 28.80810315149039, "68": 27.50722661579514, "69": 30.57214079082699, "70": 29.071566984946678, "71": 30.288646403286503, "72": 29.217922624499238, "73": 29.907159657561618, "74": 29.31185525671794, "75": 31.508770486038756, "76": 29.270754349144802, "77": 24.556214236930227, "78": 33.42614273354246, "79": 29.553906531149764, "80": 31.532247337082506, "81": 28.458842687978013, "82": 24.319335021258272, "83": 27.303195819472258, "84": 29.298577470025304, "85": 29.310455814222745, "86": 27.345425180471445, "87": 28.564375037744735, "88": 28.50948597258343, "89": 29.712532986799207, "90": 26.55650492584835, "91": 30.19460462214544, "92": 18.46594982404803, "93": 23.49453088413317, "94": 16.4690023941903, "95": 24.990782524629275, "96": 26.907076261126427, "97": 21.585705584465593, "98": 17.23844441008902 } }, "geometry": { "type": "Polygon", "coordinates": [ [ [ 117.875, -24.125 ], [ 117.875, -24.375 ], [ 117.625, -24.375 ], [ 117.625, -24.625 ], [ 116.875, -24.625 ], [ 116.875, -25.125 ], [ 116.625, -25.125 ], [ 116.625, -25.375 ], [ 116.375, -25.375 ], [ 116.375, -25.625 ], [ 116.125, -25.625 ], [ 116.125, -25.875 ], [ 116.375, -25.875 ], [ 116.375, -26.625 ], [ 116.625, -26.625 ], [ 116.625, -26.875 ], [ 117.375, -26.875 ], [ 117.375, -26.625 ], [ 117.625, -26.625 ], [ 117.625, -26.375 ], [ 118.125, -26.375 ], [ 118.125, -26.625 ], [ 118.375, -26.625 ], [ 118.375, -26.875 ], [ 118.875, -26.875 ], [ 118.875, -26.625 ], [ 119.375, -26.625 ], [ 119.375, -26.375 ], [ 119.625, -26.375 ], [ 119.625, -26.125 ], [ 120.375, -26.125 ], [ 120.375, -25.625 ], [ 120.625, -25.625 ], [ 120.625, -25.375 ], [ 120.875, -25.375 ], [ 120.875, -25.125 ], [ 121.375, -25.125 ], [ 121.375, -24.875 ], [ 120.875, -24.875 ], [ 120.875, -24.625 ], [ 120.625, -24.625 ], [ 120.625, -24.375 ], [ 119.625, -24.375 ], [ 119.625, -24.625 ], [ 118.625, -24.625 ], [ 118.625, -24.375 ], [ 118.375, -24.375 ], [ 118.375, -24.125 ], [ 117.875, -24.125 ] ] ] } },
{ "type": "Feature", "properties": { "cluster_id": 64, "cohesion": 6.2459871505422573, "distances": { "1": 40.67261971818534, "2": 39.211298803330884, "3": 31.75651870290598, "4": 34.23219428348449, "5": 33.47140211475485, "6": 37.47449753913916, "7": 43.48534795379587, "8": 42.21940664765953, "9": 39.59467062074765, "10": 44.12151382169948, "11": 42.25046792999751, "12": 39.460454605498434, "13": 36.352572857574344, "14": 31.67604128468267, "15": 34.46436298811451, "16": 29.43892176889366, "17": 33.60739416908557, "18": 34.87233986142873, "19": 40.813401557025195, "20": 35.544154544612475, "21": 29.728506053202075, "22": 27.79225975024352, "23": 35.66026935465909, "24": 32.28731060378153, "25": 33.90627101753887, "26": 25.924528412974382, "27": 25.5090943306054, "28": 27.274602414420983, "29": 27.717561236357028, "30": 32.247151927270615, "31": 29.97358707561955, "32": 28.82973607722204, "33": 26.14231581977483, "34": 27.107062254266772, "35": 28.14090109896725, "36": 28.612401573128746, "37": 28.696096901974922, "38": 27.86670879769114, "39": 27.898924325578868, "40": 24.17925265449585, "41": 25.653746688041807, "42": 31.48663033096553, "43": 33.469667324702314, "44": 27.301858661486605, "45": 31.42188765067359, "46": 31.1369726139601, "47": 28.125749352084974, "48": 21.647571417899304, "49": 22.261958375612732, "50": 30.334559095564053, "51": 28.448582250840097, "52": 26.206544335148518, "53": 13.582039008297356, "54": 19.9500163294905, "55": 22.02484818232153, "56": 23.403852655592296, "57": 24.373657848554373, "58": 20.45820736389915, "59": 19.69720119297388, "60": 16.127917600746123, "61": 13.358164257548442, "62": 18.79670487158826, "63": 10.152678151271788, "65": 16.684772539938635, "66": 13.10684319143216, "67": 29.200128834627353, "68": 28.263081492287025, "69": 31.717078524926567, "70": 29.74579467257851, "71": 31.02728751829485, "72": 29.649176381976144, "73": 29.799980170296575, "74": 29.281380492880306, "75": 30.530540928119628, "76": 28.480917747251386, "77": 23.767867878335018, "78": 32.30753767874353, "79": 28.90320369607648, "80": 30.37498756731613, "81": 27.41931963443294, "82": 22.916202926457924, "83": 26.014532853444027, "84": 29.732435344111643, "85": 28.810367896698924, "86": 27.55055495622115, "87": 27.858318959980604, "88": 27.908917576927742, "89": 28.701814991700815, "90": 24.62066808507726, "91": 28.108817934133846, "92": 18.04757225873074, "93": 20.50900139831117, "94": 12.948714286359081, "95": 20.949312465067692, "96": 23.61491045020127, "97": 17.510743565272342, "98": 11.526650576362135 } }, "geometry": { "type": "Polygon", "coordinates": [ [ [ 119.125, -23.125 ], [ 119.125, -24.125 ], [ 118.375, -24.125 ], [ 118.375, -24.375 ], [ 118.625, -24.375 ], [ 118.625, -24.625 ], [ 119.625, -24.625 ], [ 119.625, -24.375 ], [ 120.625, -24.375 ], [ 120.625, -24.625 ], [ 120.875, -24.625 ], [ 120.875, -24.875 ], [ 121.375, -24.875 ], [ 121.375, -25.125 ], [ 122.875, -25.125 ], [ 122.875, -24.875 ], [ 124.625, -24.875 ], [ 124.625, -24.375 ], [ 123.125, -24.375 ], [ 123.125, -23.875 ], [ 121.875, -23.875 ], [ 121.875, -23.625 ], [ 121.625, -23.625 ], [ 121.625, -23.375 ], [ 121.125, -23.375 ], [ 121.125, -23.625 ], [ 120.125, -23.625 ], [ 120.125, -23.125 ], [ 119.125, -23.125 ] ] ] } },
{ "type": "Feature", "properties": { "cluster_id": 65, "cohesion": 6.6606489466712189, "distances": { "1": 42.94920744232563, "2": 40.76511772832966, "3": 32.19882468909748, "4": 33.84388808086758, "5": 35.524761795213074, "6": 38.72381510054778, "7": 46.379044262122704, "8": 44.113363121623195, "9": 42.94804518805387, "10": 47.19689830627864, "11": 45.788205122034526, "12": 41.09962449760186, "13": 38.85549219915189, "14": 33.12888154290693, "15": 35.420207394835614, "16": 35.27178936848518, "17": 37.28021059606758, "18": 39.99255540893264, "19": 44.472574917558234, "20": 40.085766027067386, "21": 36.6759669068374, "22": 35.10638400128163, "23": 37.48094993342985, "24": 35.841011240768424, "25": 37.43651546933741, "26": 30.781030989111965, "27": 26.54348555642346, "28": 32.15301963223777, "29": 32.35882152355488, "30": 35.74129433662331, "31": 33.93119436997011, "32": 30.249075266851086, "33": 27.619104491411584, "34": 30.37459794656227, "35": 31.784714256930947, "36": 31.289346961331162, "37": 32.72690068640182, "38": 32.74619831870014, "39": 32.45783310348466, "40": 27.691490532359797, "41": 29.65365284098037, "42": 28.38376828786297, "43": 30.201748387215915, "44": 17.444829342232655, "45": 25.299946256027052, "46": 24.3368266755136, "47": 18.757978462093728, "48": 9.331871791644025, "49": 12.527873120639951, "50": 24.27545432107537, "51": 25.667066060995438, "52": 20.74265690571439, "53": 20.17399464404734, "54": 21.84481639801276, "55": 24.586321354484678, "56": 26.014149545790776, "57": 23.07524379106928, "58": 15.724052810908335, "59": 18.576255465973848, "60": 12.305997774314987, "61": 17.98004855896238, "62": 20.07489242096217, "63": 11.321350325735112, "64": 16.684772539938635, "66": 13.912523704469539, "67": 29.639952657576785, "68": 27.83708302436935, "69": 29.599851615999615, "70": 29.927798424177485, "71": 29.81668417920248, "72": 29.760231716682124, "73": 30.970874033089654, "74": 30.103319310486462, "75": 34.00396003334816, "76": 31.22525020581836, "77": 26.560652567151077, "78": 36.53313994247773, "79": 31.280854801108465, "80": 34.36198125776667, "81": 29.236432116278987, "82": 25.24391123284918, "83": 28.298544206306914, "84": 29.47406648538, "85": 30.40122127292042, "86": 28.0237996416927, "87": 29.68523643733478, "88": 29.420253597545816, "89": 30.88604654781681, "90": 28.036487309956645, "91": 32.10071254536484, "92": 23.51732193699299, "93": 29.69233849962688, "94": 23.51935852553685, "95": 30.380408550234044, "96": 30.75020020556102, "97": 25.32822638491912, "98": 23.075275998297453 } }, "geometry": { "type": "Polygon", "coordinates": [ [ [ 119.625, -26.125 ], [ 119.625, -26.375 ], [ 119.375, -26.375 ], [ 119.375, -26.625 ], [ 118.875, -26.625 ], [ 118.875, -26.875 ], [ 118.375, -26.875 ], [ 118.375, -26.625 ], [ 118.125, -26.625 ], [ 118.125, -26.375 ], [ 117.625, -26.375 ], [ 117.625, -26.625 ], [ 117.375, -26.625 ], [ 117.375, -26.875 ], [ 116.625, -26.875 ], [ 116.625, -27.875 ], [ 115.375, -27.875 ], [ 115.375, -28.125 ], [ 114.125, -28.125 ], [ 114.125, -28.625 ], [ 114.375, -28.625 ], [ 114.375, -28.875 ], [ 114.625, -28.875 ], [ 114.625, -29.125 ], [ 114.875, -29.125 ], [ 114.875, -29.625 ], [ 115.125, -29.625 ], [ 115.125, -30.125 ], [ 115.625, -30.125 ], [ 115.625, -29.875 ], [ 115.875, -29.875 ], [ 115.875, -29.375 ], [ 116.125, -29.375 ], [ 116.125, -29.625 ], [ 116.375, -29.625 ], [ 116.375, -29.375 ], [ 116.625, -29.375 ], [ 116.625, -28.375 ], [ 117.125, -28.375 ], [ 117.125, -28.625 ], [ 117.375, -28.625 ], [ 117.375, -28.875 ], [ 118.125, -28.875 ], [ 118.125, -28.625 ], [ 118.375, -28.625 ], [ 118.375, -28.375 ], [ 118.625, -28.375 ], [ 118.625, -28.125 ], [ 118.875, -28.125 ], [ 118.875, -27.875 ], [ 119.125, -27.875 ], [ 119.125, -27.625 ], [ 119.375, -27.625 ], [ 119.375, -27.125 ], [ 119.625, -27.125 ], [ 119.625, -26.875 ], [ 120.625, -26.875 ], [ 120.625, -26.125 ], [ 119.625, -26.125 ] ] ] } },
{ "type": "Feature", "properties": { "cluster_id": 66, "cohesion": 6.7610640230242138, "distances": { "1": 45.89020713414093, "2": 44.27605581934023, "3": 35.1434787341221, "4": 37.24019939915485, "5": 37.9425484537532, "6": 41.81257809835498, "7": 49.747356834456056, "8": 47.87298145289346, "9": 46.041464672744056, "10": 50.51320010140349, "11": 48.68704421351171, "12": 44.5430315753799, "13": 41.4102100718967, "14": 35.420865747465754, "15": 38.58331409077899, "16": 35.73514727286796, "17": 38.371894324142666, "18": 42.09617350544983, "19": 46.83376785465149, "20": 41.631860799330966, "21": 37.43334636723069, "22": 36.52167776490117, "23": 40.78018107124595, "24": 38.339532928687305, "25": 40.22359767636678, "26": 32.76055415560623, "27": 29.399901070805615, "28": 30.69544024870283, "29": 29.578438609858267, "30": 35.43830974922419, "31": 31.938150635615678, "32": 28.560122892773805, "33": 23.673372724629132, "34": 26.8049997196275, "35": 29.987082615359174, "36": 29.32212975438717, "37": 29.583257256285933, "38": 29.09780957660979, "39": 28.739737021501757, "40": 21.89260212239313, "41": 24.46055827559105, "42": 32.251419313740186, "43": 35.008476066673076, "44": 24.261608126029213, "45": 30.993061907544657, "46": 29.376245030257778, "47": 22.382966178135227, "48": 17.142261711723155, "49": 15.387286482496823, "50": 27.758971103549005, "51": 25.755225524171905, "52": 19.35291751195257, "53": 12.713056166543945, "54": 17.816383047619368, "55": 18.806252765169585, "56": 21.12488965699747, "57": 19.473425077621737, "58": 11.202662113861031, "59": 12.766140359617335, "60": 16.659732418316587, "61": 19.940314256893434, "62": 22.155800635142008, "63": 13.31027625519557, "64": 13.10684319143216, "65": 13.912523704469539, "67": 31.766430868130342, "68": 29.739480388031744, "69": 32.75044221464196, "70": 32.46106243231137, "71": 32.88940642283463, "72": 31.85056210714904, "73": 33.05203165312849, "74": 32.399448804746896, "75": 35.33729600175427, "76": 31.761344827551575, "77": 27.738686637132954, "78": 37.14485853730313, "79": 32.87921949351533, "80": 35.72121417188326, "81": 28.271354346309955, "82": 21.675530815066857, "83": 25.526204803757064, "84": 31.46472169724365, "85": 30.65900950880583, "86": 28.408441716022732, "87": 28.81124637270541, "88": 29.670442769986103, "89": 31.34888515759877, "90": 26.133898080730372, "91": 31.665067100836186, "92": 25.385301559478336, "93": 30.215466310616723, "94": 22.839694630622155, "95": 29.249085450447208, "96": 29.713445043828, "97": 21.682442098631974, "98": 19.153217750846327 } }, "geometry": { "type": "Polygon", "coordinates": [ [ [ 122.875, -24.875 ], [ 122.875, -25.125 ], [ 120.875, -25.125 ], [ 120.875, -25.375 ], [ 120.625, -25.375 ], [ 120.625, -25.625 ], [ 120.375, -25.625 ], [ 120.375, -26.125 ], [ 120.625, -26.125 ], [ 120.625, -26.375 ], [ 121.125, -26.375 ], [ 121.125, -26.125 ], [ 121.625, -26.125 ], [ 121.625, -26.625 ], [ 121.875, -26.625 ], [ 121.875, -26.875 ], [ 123.125, -26.875 ], [ 123.125, -27.125 ], [ 123.875, -27.125 ], [ 123.875, -26.875 ], [ 124.375, -26.875 ], [ 124.375, -26.625 ], [ 125.375, -26.625 ], [ 125.375, -26.375 ], [ 125.875, -26.375 ], [ 125.875, -26.125 ], [ 126.375, -26.125 ], [ 126.375, -26.375 ], [ 126.875, -26.375 ], [ 126.875, -26.125 ], [ 127.625, -26.125 ], [ 127.625, -25.875 ], [ 127.375, -25.875 ], [ 127.375, -25.625 ], [ 125.875, -25.625 ], [ 125.875, -25.375 ], [ 125.625, -25.375 ], [ 125.625, -25.125 ], [ 124.625, -25.125 ], [ 124.625, -24.875 ], [ 122.875, -24.875 ] ] ] } },
{ "type": "Feature", "properties": { "cluster_id": 67, "cohesion": 6.049578027757919, "distances": { "1": 26.97317827192793, "2": 23.234475269632295, "3": 11.108764684613432, "4": 17.153022979238916, "5": 20.048748852670354, "6": 21.84045862709451, "7": 33.86942842521313, "8": 28.420706677909898, "9": 30.531867809717568, "10": 34.038143291109165, "11": 33.14844841036575, "12": 23.842175793035207, "13": 24.809489981110122, "14": 15.717376730409184, "15": 15.083547311975686, "16": 28.58632807263389, "17": 28.201019828748894, "18": 30.26470988386398, "19": 33.458622904706296, "20": 30.946649162531877, "21": 29.185680845013252, "22": 28.81554638608048, "23": 26.8138766560548, "24": 26.615330334596084, "25": 25.122273361137317, "26": 24.630113133844954, "27": 22.15744687523183, "28": 28.454567022656057, "29": 30.40226445152816, "30": 29.127115581931896, "31": 30.06341499929498, "32": 27.57117066404134, "33": 30.667187325888534, "34": 27.682795187963595, "35": 27.1133241321003, "36": 25.307586446008457, "37": 27.919153920252427, "38": 30.738416648464433, "39": 31.921957329844258, "40": 31.851375480161096, "41": 31.16813781714422, "42": 25.209658623525254, "43": 26.918431539418002, "44": 29.748796912646043, "45": 28.063265746772245, "46": 27.82234200834921, "47": 31.705396797656302, "48": 30.471454381150586, "49": 32.280882365921, "50": 27.00530819421178, "51": 26.222953984659416, "52": 30.47151334336334, "53": 29.6495190741188, "54": 27.918090887226175, "55": 30.070261352968362, "56": 28.989621829218216, "57": 29.060759464607756, "58": 32.464333639617784, "59": 29.914088444119677, "60": 26.478961601801895, "61": 24.703102014338292, "62": 23.347887742862547, "63": 28.808103151490396, "64": 29.200128834627353, "65": 29.639952657576785, "66": 31.766430868130346, "68": 10.03174260043381, "69": 14.032159299633387, "70": 11.975330105598912, "71": 17.204348462470303, "72": 11.838191003258066, "73": 11.660223139945199, "74": 20.390944990067293, "75": 26.75067342648359, "76": 25.23950817404408, "77": 20.90255298150478, "78": 29.72664815482577, "79": 26.133106935104706, "80": 28.359528688601415, "81": 23.37810544743146, "82": 27.962708771601488, "83": 26.637663855165084, "84": 18.574572622832612, "85": 23.21630917650953, "86": 17.505575997877262, "87": 20.365712067460308, "88": 16.626700008148063, "89": 20.001268806179684, "90": 27.03377560569323, "91": 27.63966799317882, "92": 22.54950147265333, "93": 27.808626606118743, "94": 27.289645636178527, "95": 28.348689529323178, "96": 28.034640917128407, "97": 28.143760235685544, "98": 28.70352104121202 } }, "geometry": { "type": "MultiPolygon", "coordinates": [ [ [ [ 144.375, -21.375 ], [ 144.375, -21.625 ], [ 144.875, -21.625 ], [ 144.875, -22.125 ], [ 145.625, -22.125 ], [ 145.625, -22.375 ], [ 145.875, -22.375 ], [ 145.875, -23.125 ], [ 146.125, -23.125 ], [ 146.125, -23.625 ], [ 146.375, -23.625 ], [ 146.375, -24.125 ], [ 145.625, -24.125 ], [ 145.625, -23.875 ], [ 145.125, -23.875 ], [ 145.125, -23.625 ], [ 144.875, -23.625 ], [ 144.875, -23.375 ], [ 144.625, -23.375 ], [ 144.625, -23.125 ], [ 143.875, -23.125 ], [ 143.875, -22.375 ], [ 143.625, -22.375 ], [ 143.625, -21.625 ], [ 143.875, -21.625 ], [ 143.875, -21.375 ], [ 144.375, -21.375 ] ] ], [ [ [ 146.125, -19.875 ], [ 146.125, -20.125 ], [ 144.625, -20.125 ], [ 144.625, -19.875 ], [ 146.125, -19.875 ] ] ] ] } },
{ "type": "Feature", "properties": { "cluster_id": 68, "cohesion": 7.6186080239697391, "distances": { "1": 29.640540622862783, "2": 26.69134978925007, "3": 14.740822028456321, "4": 18.415419286402457, "5": 21.69550503217224, "6": 24.20720909289345, "7": 37.32309627607663, "8": 32.34394270872592, "9": 34.2063983964618, "10": 38.24285207888525, "11": 37.55784538220303, "12": 28.616782957630555, "13": 29.569817885152855, "14": 20.743543673287117, "15": 20.24150419830474, "16": 31.680949343726628, "17": 31.82135227307445, "18": 33.59024594133881, "19": 37.78547491847761, "20": 34.695644971300084, "21": 32.270460025382285, "22": 31.15600132292868, "23": 29.299560257358348, "24": 29.286222754886907, "25": 28.150249385482727, "26": 26.286727562053247, "27": 22.9100337677803, "28": 27.464360427350545, "29": 28.653938077500452, "30": 27.962609953811583, "31": 28.156435931320278, "32": 24.965441645709518, "33": 27.685811155453397, "34": 25.847182852460662, "35": 25.32068666504631, "36": 23.78944609135587, "37": 25.879333847492816, "38": 28.673046671833575, "39": 29.650305669789354, "40": 29.03202748742051, "41": 28.746732854983723, "42": 25.12082298164007, "43": 27.14771027902186, "44": 28.414300770985562, "45": 27.58661970876777, "46": 26.995385916421448, "47": 29.38332499154235, "48": 28.605998768588044, "49": 30.115246896702168, "50": 25.31907110790374, "51": 23.579421227700468, "52": 27.660792918824725, "53": 28.59144842440461, "54": 26.876040729474212, "55": 27.460897956829918, "56": 26.812492296463944, "57": 26.07162891487158, "58": 29.830354052697455, "59": 27.73987176426345, "60": 24.179323606163475, "61": 23.63333627276247, "62": 21.28182199866466, "63": 27.50722661579514, "64": 28.263081492287025, "65": 27.837083024369345, "66": 29.73948038803174, "67": 10.03174260043381, "69": 11.94377266298063, "70": 12.52398812727207, "71": 16.046546092850768, "72": 11.895015857690101, "73": 15.706392137311608, "74": 20.317285831480064, "75": 27.242433880621814, "76": 24.487740133842692, "77": 21.31092735579347, "78": 29.73251909581713, "79": 26.506562574147104, "80": 29.21172356978379, "81": 23.642709351748945, "82": 26.63033570331231, "83": 25.604452223687343, "84": 16.987636935798836, "85": 21.978798402257013, "86": 15.390877384665185, "87": 19.389346753881373, "88": 18.213251850277008, "89": 22.728032017041475, "90": 27.62764640812116, "91": 29.832181372586405, "92": 22.606484852178838, "93": 29.129522130014113, "94": 27.71175307335639, "95": 30.31263525789669, "96": 30.133864622603205, "97": 28.81262327963637, "98": 28.89956578429866 } }, "geometry": { "type": "MultiPolygon", "coordinates": [ [ [ [ 150.375, -23.625 ], [ 150.375, -23.875 ], [ 150.625, -23.875 ], [ 150.625, -24.375 ], [ 150.375, -24.375 ], [ 150.375, -24.125 ], [ 150.125, -24.125 ], [ 150.125, -23.625 ], [ 150.375, -23.625 ] ] ], [ [ [ 149.875, -23.625 ], [ 149.875, -23.375 ], [ 149.125, -23.375 ], [ 149.125, -23.625 ], [ 147.875, -23.625 ], [ 147.875, -24.125 ], [ 147.375, -24.125 ], [ 147.375, -23.875 ], [ 147.125, -23.875 ], [ 147.125, -23.375 ], [ 146.875, -23.375 ], [ 146.875, -22.875 ], [ 146.625, -22.875 ], [ 146.625, -22.625 ], [ 146.375, -22.625 ], [ 146.375, -22.875 ], [ 146.125, -22.875 ], [ 146.125, -23.125 ], [ 145.875, -23.125 ], [ 145.875, -22.375 ], [ 145.625, -22.375 ], [ 145.625, -22.125 ], [ 144.875, -22.125 ], [ 144.875, -21.125 ], [ 144.625, -21.125 ], [ 144.625, -20.125 ], [ 146.125, -20.125 ], [ 146.125, -19.375 ], [ 146.625, -19.375 ], [ 146.625, -19.625 ], [ 146.875, -19.625 ], [ 146.875, -19.875 ], [ 147.125, -19.875 ], [ 147.125, -20.125 ], [ 147.375, -20.125 ], [ 147.375, -20.375 ], [ 147.625, -20.375 ], [ 147.625, -20.625 ], [ 147.875, -20.625 ], [ 147.875, -21.375 ], [ 148.875, -21.375 ], [ 148.875, -21.625 ], [ 149.125, -21.625 ], [ 149.125, -21.875 ], [ 149.625, -21.875 ], [ 149.625, -22.125 ], [ 149.875, -22.125 ], [ 149.875, -22.375 ], [ 150.125, -22.375 ], [ 150.125, -22.625 ], [ 150.375, -22.625 ], [ 150.375, -23.375 ], [ 150.125, -23.375 ], [ 150.125, -23.625 ], [ 149.875, -23.625 ] ] ] ] } },
{ "type": "Feature", "properties": { "cluster_id": 69, "cohesion": 6.0717072467165929, "distances": { "1": 26.315591499920167, "2": 23.9243400364208, "3": 14.287178123305647, "4": 14.039962776724751, "5": 20.4004018454748, "6": 20.92665810433737, "7": 34.73589804195409, "8": 29.818490704359796, "9": 33.045606425743586, "10": 36.61920974647181, "11": 36.627443924085036, "12": 26.694826989394475, "13": 29.42249174910759, "14": 21.798440564144883, "15": 19.033267953905483, "16": 33.36650685400579, "17": 32.718577834807846, "18": 33.853790947641215, "19": 37.17588154623092, "20": 35.05070723954182, "21": 33.779957410130635, "22": 32.438940042271, "23": 26.64632683566157, "24": 28.867257390287246, "25": 27.454737736389585, "26": 27.307832340320566, "27": 22.05561368242818, "28": 30.50254957537218, "29": 31.797415947552455, "30": 28.717756937124417, "31": 30.273936301538356, "32": 26.501724595292934, "33": 30.54203330589555, "34": 30.84248511486299, "35": 29.452469297601795, "36": 28.684302629904007, "37": 30.97176992901932, "38": 32.9544117984799, "39": 33.0641889149375, "40": 33.21519662485447, "41": 33.278652739767956, "42": 23.255029921640816, "43": 24.223889365271962, "44": 27.203994725113574, "45": 24.814041088953243, "46": 25.250885761207567, "47": 29.18968446287724, "48": 29.24068990316565, "49": 31.205713194871652, "50": 24.15030119383618, "51": 24.03456400264504, "52": 28.867100213792256, "53": 32.33303297016259, "54": 30.368781561069216, "55": 31.945310707719003, "56": 31.519034568845075, "57": 28.73031189950762, "58": 32.03555178002811, "59": 30.308908574723247, "60": 26.74154302544637, "61": 27.17588787797399, "62": 24.119946362041834, "63": 30.57214079082699, "64": 31.71707852492656, "65": 29.599851615999615, "66": 32.750442214641964, "67": 14.032159299633387, "68": 11.943772662980628, "70": 12.979593942041259, "71": 13.270075168766146, "72": 15.30194980698765, "73": 18.65072342684784, "74": 20.600933883910635, "75": 28.450387506592094, "76": 26.74576508266114, "77": 23.507323345057323, "78": 30.142940677034264, "79": 25.75195339930597, "80": 29.777750452508215, "81": 27.061752738548794, "82": 30.86730841468682, "83": 29.841599242733306, "84": 18.773740409091943, "85": 24.897747511208703, "86": 20.7188308845263, "87": 24.279831808727128, "88": 22.0138249136836, "89": 25.48175787866418, "90": 31.023060835743127, "91": 31.99096309880994, "92": 25.070383785231375, "93": 31.362567866806792, "94": 31.07350920853777, "95": 33.145124998587235, "96": 32.821282645421064, "97": 32.2938324685567, "98": 32.37017852915527 } }, "geometry": { "type": "MultiPolygon", "coordinates": [ [ [ [ 150.625, -22.125 ], [ 150.625, -22.375 ], [ 150.875, -22.375 ], [ 150.875, -22.625 ], [ 151.125, -22.625 ], [ 151.125, -23.375 ], [ 151.375, -23.375 ], [ 151.375, -23.625 ], [ 151.875, -23.625 ], [ 151.875, -23.875 ], [ 152.125, -23.875 ], [ 152.125, -24.125 ], [ 152.375, -24.125 ], [ 152.375, -24.375 ], [ 151.625, -24.375 ], [ 151.625, -24.125 ], [ 150.875, -24.125 ], [ 150.875, -24.625 ], [ 150.625, -24.625 ], [ 150.625, -23.875 ], [ 150.375, -23.875 ], [ 150.375, -23.625 ], [ 150.125, -23.625 ], [ 150.125, -23.375 ], [ 150.375, -23.375 ], [ 150.375, -22.625 ], [ 150.125, -22.625 ], [ 150.125, -22.375 ], [ 149.875, -22.375 ], [ 149.875, -22.125 ], [ 150.625, -22.125 ] ] ], [ [ [ 149.625, -22.125 ], [ 149.625, -21.875 ], [ 149.125, -21.875 ], [ 149.125, -21.625 ], [ 148.875, -21.625 ], [ 148.875, -21.375 ], [ 147.875, -21.375 ], [ 147.875, -20.625 ], [ 147.625, -20.625 ], [ 147.625, -20.375 ], [ 148.125, -20.375 ], [ 148.125, -20.625 ], [ 148.375, -20.625 ], [ 148.375, -20.375 ], [ 148.625, -20.375 ], [ 148.625, -20.625 ], [ 148.875, -20.625 ], [ 148.875, -20.875 ], [ 149.375, -20.875 ], [ 149.375, -21.125 ], [ 149.625, -21.125 ], [ 149.625, -21.625 ], [ 149.875, -21.625 ], [ 149.875, -22.125 ], [ 149.625, -22.125 ] ] ] ] } },
{ "type": "Feature", "properties": { "cluster_id": 70, "cohesion": 7.381954378380934, "distances": { "1": 22.012719894294683, "2": 20.324890862999617, "3": 10.616723080170932, "4": 11.376945704654617, "5": 13.886181477375425, "6": 16.40601394361672, "7": 32.84580008631982, "8": 27.5142510126595, "9": 30.924840742853917, "10": 34.745866943419266, "11": 34.773194721252956, "12": 24.75986825347281, "13": 28.029350059524727, "14": 20.569007157771125, "15": 16.89464147716722, "16": 31.155828481150245, "17": 31.363416573443526, "18": 31.336424061920773, "19": 35.61503808678296, "20": 33.23563789042569, "21": 31.077264830199937, "22": 29.339941092479716, "23": 25.5242408419901, "24": 27.258660423445427, "25": 24.712243764920757, "26": 25.303730431330187, "27": 22.03050299056363, "28": 28.646626190557093, "29": 29.465570635128973, "30": 26.299584083803268, "31": 27.936810511302713, "32": 25.111567529894664, "33": 29.17397142157867, "34": 30.16975938206179, "35": 28.94374151974191, "36": 28.926710285008397, "37": 29.756091471737676, "38": 30.951174831315527, "39": 30.807803076661184, "40": 31.41433581302323, "41": 31.94199053311893, "42": 23.10892463349673, "43": 24.132377739310396, "44": 28.813467270770136, "45": 25.978729522414255, "46": 26.16960693625593, "47": 30.398463136356373, "48": 30.487484476794727, "49": 31.937036954199748, "50": 25.13341219916122, "51": 24.31453970076724, "52": 29.886532455752704, "53": 31.25769278004724, "54": 29.878831015161587, "55": 30.657881029525, "56": 30.512171578363894, "57": 28.495022582085017, "58": 32.67110131085179, "59": 30.505974055802863, "60": 26.922025863321217, "61": 24.584938915863315, "62": 22.44347557986255, "63": 29.071566984946678, "64": 29.74579467257851, "65": 29.927798424177485, "66": 32.46106243231137, "67": 11.975330105598918, "68": 12.523988127272071, "69": 12.979593942041259, "71": 19.375713067919555, "72": 17.653530484340774, "73": 18.387731550139037, "74": 23.09505936703196, "75": 27.78531524222248, "76": 27.201040578283674, "77": 22.6596530611538, "78": 27.368321394595984, "79": 23.47302312371405, "80": 27.900469674564956, "81": 26.935042484286605, "82": 30.022010424542003, "83": 29.37996519886168, "84": 22.516934469552208, "85": 26.522591272684885, "86": 21.87214130691263, "87": 24.64040070112759, "88": 21.803664776332198, "89": 24.645152431584055, "90": 30.13304756502202, "91": 30.91797158775097, "92": 21.925362333977894, "93": 27.872299704616086, "94": 27.82675563182917, "95": 30.16645669402485, "96": 30.820306884653935, "97": 30.54976316343462, "98": 29.951739895343426 } }, "geometry": { "type": "MultiPolygon", "coordinates": [ [ [ [ 144.125, -19.625 ], [ 144.125, -19.875 ], [ 144.625, -19.875 ], [ 144.625, -21.125 ], [ 144.875, -21.125 ], [ 144.875, -21.625 ], [ 144.375, -21.625 ], [ 144.375, -20.875 ], [ 144.125, -20.875 ], [ 144.125, -20.625 ], [ 143.875, -20.625 ], [ 143.875, -20.375 ], [ 143.625, -20.375 ], [ 143.625, -19.625 ], [ 144.125, -19.625 ] ] ], [ [ [ 147.625, -20.375 ], [ 147.375, -20.375 ], [ 147.375, -20.125 ], [ 147.625, -20.125 ], [ 147.625, -20.375 ] ] ], [ [ [ 147.125, -19.875 ], [ 146.875, -19.875 ], [ 146.875, -19.625 ], [ 146.625, -19.625 ], [ 146.625, -19.375 ], [ 146.125, -19.375 ], [ 146.125, -19.875 ], [ 145.875, -19.875 ], [ 145.875, -19.625 ], [ 145.625, -19.625 ], [ 145.625, -19.375 ], [ 145.375, -19.375 ], [ 145.375, -19.125 ], [ 145.125, -19.125 ], [ 145.125, -18.375 ], [ 145.375, -18.375 ], [ 145.375, -18.625 ], [ 145.875, -18.625 ], [ 145.875, -18.875 ], [ 146.125, -18.875 ], [ 146.125, -19.125 ], [ 146.875, -19.125 ], [ 146.875, -19.375 ], [ 147.125, -19.375 ], [ 147.125, -19.625 ], [ 147.375, -19.625 ], [ 147.375, -20.125 ], [ 147.125, -20.125 ], [ 147.125, -19.875 ] ] ] ] } },
{ "type": "Feature", "properties": { "cluster_id": 71, "cohesion": 6.6604437017141844, "distances": { "1": 28.721108405833583, "2": 25.642919415960847, "3": 18.789257850567683, "4": 20.868950384217985, "5": 24.26229876213279, "6": 25.004302573483514, "7": 33.31028413810933, "8": 29.2617955797116, "9": 31.064019779265426, "10": 34.21996191802703, "11": 33.72986725526748, "12": 26.260457314798447, "13": 27.222698677688832, "14": 21.30524482063729, "15": 20.869594688222335, "16": 30.69202034801606, "17": 29.993854896910186, "18": 31.644947387914897, "19": 34.13788795313837, "20": 32.1260415027123, "21": 31.207986570891872, "22": 30.189438355321002, "23": 26.329189483130914, "24": 27.481605234409134, "25": 26.24110246508087, "26": 25.706436169212154, "27": 22.017381332297877, "28": 26.19830374626715, "29": 29.962907027968072, "30": 27.725497789498952, "31": 29.70336952584114, "32": 28.387289106410574, "33": 32.398644314797444, "34": 28.49887118616774, "35": 24.918048675736713, "36": 24.2567266534717, "37": 28.179438515436676, "38": 30.775893742904348, "39": 32.20321891194052, "40": 33.76250957499426, "41": 32.06051706457048, "42": 24.53083327703423, "43": 25.260422163162538, "44": 28.796747772785384, "45": 26.187947706664236, "46": 27.555287891896388, "47": 32.12043414722166, "48": 30.14339133279593, "49": 32.930219493740736, "50": 26.983441126648692, "51": 27.215500202484474, "52": 31.565127325465056, "53": 31.353926833708595, "54": 29.67363710836435, "55": 32.3264668553655, "56": 31.094225576255212, "57": 30.942996408524046, "58": 33.419877059262625, "59": 31.15738660096277, "60": 26.2597962821533, "61": 26.521972062691887, "62": 24.164935676618715, "63": 30.288646403286496, "64": 31.02728751829485, "65": 29.81668417920248, "66": 32.88940642283463, "67": 17.2043484624703, "68": 16.046546092850768, "69": 13.270075168766148, "70": 19.375713067919555, "72": 12.826501223482976, "73": 16.936007998518, "74": 11.747838578593797, "75": 21.36752557937724, "76": 19.31751295440063, "77": 18.365306868277976, "78": 27.397055564131197, "79": 23.762762970705346, "80": 24.567277879770515, "81": 24.63000725400944, "82": 30.028479133471436, "83": 28.081300175211112, "84": 11.698418794669838, "85": 18.134574445770717, "86": 18.149805854074447, "87": 21.07297817697156, "88": 20.060606249404675, "89": 23.3535454742381, "90": 28.92811395208716, "91": 29.42786797564913, "92": 24.06703813809819, "93": 29.322897690680186, "94": 29.63490734844771, "95": 30.93732356537476, "96": 30.326465223110024, "97": 30.4294403254047, "98": 30.839602019449146 } }, "geometry": { "type": "Polygon", "coordinates": [ [ [ 150.875, -24.125 ], [ 150.875, -24.625 ], [ 151.375, -24.625 ], [ 151.375, -24.875 ], [ 151.625, -24.875 ], [ 151.625, -25.875 ], [ 151.375, -25.875 ], [ 151.375, -26.625 ], [ 151.875, -26.625 ], [ 151.875, -26.375 ], [ 152.875, -26.375 ], [ 152.875, -26.625 ], [ 153.125, -26.625 ], [ 153.125, -28.125 ], [ 153.375, -28.125 ], [ 153.375, -27.625 ], [ 153.625, -27.625 ], [ 153.625, -26.375 ], [ 153.375, -26.375 ], [ 153.375, -26.125 ], [ 153.625, -26.125 ], [ 153.625, -25.875 ], [ 153.375, -25.875 ], [ 153.375, -25.375 ], [ 153.125, -25.375 ], [ 153.125, -25.125 ], [ 152.875, -25.125 ], [ 152.875, -24.875 ], [ 152.625, -24.875 ], [ 152.625, -24.625 ], [ 152.375, -24.625 ], [ 152.375, -24.375 ], [ 151.625, -24.375 ], [ 151.625, -24.125 ], [ 150.875, -24.125 ] ] ] } },
{ "type": "Feature", "properties": { "cluster_id": 72, "cohesion": 8.2568702580574698, "distances": { "1": 30.913873672962072, "2": 26.9992283894685, "3": 17.153090658556817, "4": 22.147643706167923, "5": 24.700402703375026, "6": 26.428148257423956, "7": 35.631357362596034, "8": 30.93496244874528, "9": 32.038121526190544, "10": 35.603477688099325, "11": 34.60452941501227, "12": 27.07888866492346, "13": 26.929230820692073, "14": 19.068968618052576, "15": 20.13089815869373, "16": 29.532724091059972, "17": 29.35272504343439, "18": 31.584472230130572, "19": 34.82238513473769, "20": 32.04931365172925, "21": 30.22932530002847, "22": 29.917866443373217, "23": 28.65235750162445, "24": 27.94403473349955, "25": 26.911819277528167, "26": 25.549212927917637, "27": 23.225006206967162, "28": 26.93500160262805, "29": 30.19908910168585, "30": 29.628581462403464, "31": 30.40381828352354, "32": 28.703209044304227, "33": 31.586436136949597, "34": 26.111737441511067, "35": 24.30908340565519, "36": 22.010816989160794, "37": 26.098051010997548, "38": 29.873768761199997, "39": 31.93137784454751, "40": 32.11086215236897, "41": 30.56385497312934, "42": 27.274593213343625, "43": 28.872009910829107, "44": 30.80240264845533, "45": 29.584231537444552, "46": 29.7768822248587, "47": 33.099029222390776, "48": 30.832580533794577, "49": 33.16188835506527, "50": 28.78817515146148, "51": 27.730615158201953, "52": 31.47358337640697, "53": 29.693813618790777, "54": 27.880023426982966, "55": 30.028157357071976, "56": 28.55712313791203, "57": 29.789775098041673, "58": 32.81624014054573, "59": 30.338416852838144, "60": 25.739923954819112, "61": 25.13377157180479, "62": 23.469547718264817, "63": 29.21792262449923, "64": 29.649176381976144, "65": 29.760231716682124, "66": 31.850562107149035, "67": 11.838191003258068, "68": 11.895015857690101, "69": 15.301949806987652, "70": 17.653530484340777, "71": 12.826501223482975, "73": 12.444447425663457, "74": 15.828222899868894, "75": 24.107048258843886, "76": 21.40807082181779, "77": 19.12710651731343, "78": 29.859844685848252, "79": 26.816812074287864, "80": 27.35195078841207, "81": 22.465460145237167, "82": 27.58845927047297, "83": 25.70630422757384, "84": 12.43657547318015, "85": 18.702391908070204, "86": 13.375365863302635, "87": 17.489769932720414, "88": 16.214392311664238, "89": 20.77792042319111, "90": 26.816818931254247, "91": 28.061193102670487, "92": 23.55001782072541, "93": 28.76092751347397, "94": 28.12095527774001, "95": 29.250645494990803, "96": 28.592565948054855, "97": 28.488040807871748, "98": 29.222106521678207 } }, "geometry": { "type": "MultiPolygon", "coordinates": [ [ [ [ 148.375, -25.375 ], [ 148.125, -25.375 ], [ 148.125, -25.125 ], [ 148.375, -25.125 ], [ 148.375, -25.375 ] ] ], [ [ [ 147.625, -24.875 ], [ 148.125, -24.875 ], [ 148.125, -25.125 ], [ 147.625, -25.125 ], [ 147.625, -24.875 ] ] ], [ [ [ 146.375, -23.625 ], [ 146.125, -23.625 ], [ 146.125, -22.875 ], [ 146.375, -22.875 ], [ 146.375, -22.625 ], [ 146.625, -22.625 ], [ 146.625, -22.875 ], [ 146.875, -22.875 ], [ 146.875, -23.375 ], [ 147.125, -23.375 ], [ 147.125, -23.875 ], [ 147.375, -23.875 ], [ 147.375, -24.125 ], [ 147.875, -24.125 ], [ 147.875, -23.625 ], [ 149.125, -23.625 ], [ 149.125, -23.375 ], [ 149.875, -23.375 ], [ 149.875, -23.625 ], [ 150.125, -23.625 ], [ 150.125, -24.125 ], [ 150.375, -24.125 ], [ 150.375, -24.375 ], [ 150.625, -24.375 ], [ 150.625, -24.625 ], [ 151.375, -24.625 ], [ 151.375, -24.875 ], [ 151.625, -24.875 ], [ 151.625, -25.875 ], [ 151.375, -25.875 ], [ 151.375, -26.625 ], [ 151.125, -26.625 ], [ 151.125, -26.375 ], [ 149.125, -26.375 ], [ 149.125, -26.125 ], [ 148.875, -26.125 ], [ 148.875, -25.875 ], [ 149.125, -25.875 ], [ 149.125, -25.625 ], [ 148.375, -25.625 ], [ 148.375, -25.375 ], [ 149.875, -25.375 ], [ 149.875, -24.625 ], [ 148.875, -24.625 ], [ 148.875, -24.375 ], [ 148.625, -24.375 ], [ 148.625, -23.875 ], [ 148.125, -23.875 ], [ 148.125, -24.625 ], [ 147.375, -24.625 ], [ 147.375, -24.375 ], [ 146.875, -24.375 ], [ 146.875, -24.875 ], [ 147.125, -24.875 ], [ 147.125, -25.125 ], [ 146.375, -25.125 ], [ 146.375, -25.375 ], [ 146.125, -25.375 ], [ 146.125, -24.625 ], [ 145.875, -24.625 ], [ 145.875, -24.375 ], [ 145.625, -24.375 ], [ 145.625, -24.125 ], [ 146.375, -24.125 ], [ 146.375, -23.625 ] ] ], [ [ [ 145.375, -23.875 ], [ 145.625, -23.875 ], [ 145.625, -24.125 ], [ 145.375, -24.125 ], [ 145.375, -23.875 ] ] ] ] } },
{ "type": "Feature", "properties": { "cluster_id": 73, "cohesion": 8.485408749201591, "distances": { "1": 28.598602183393123, "2": 24.311558010070918, "3": 15.44100637947387, "4": 21.686768670664723, "5": 23.777008457291505, "6": 24.789586904880867, "7": 31.726022687278764, "8": 27.1270989866637, "9": 27.668913111147322, "10": 30.605101508531654, "11": 28.95594196067972, "12": 21.94712192401318, "13": 20.21975073426119, "14": 12.17710188564095, "15": 15.539635448631229, "16": 24.206967921195847, "17": 22.871124649340107, "18": 27.06968121237585, "19": 28.468531115239927, "20": 26.103664378304195, "21": 25.42473606262666, "22": 26.661612145371134, "23": 25.914561455161383, "24": 24.47677799154693, "25": 23.43873361253287, "26": 23.32300488239769, "27": 22.119436960244396, "28": 28.921592332210828, "29": 32.701258299769506, "30": 32.09828141878275, "31": 33.2766107827207, "32": 31.836241385200875, "33": 34.58892184209271, "34": 27.80514517852422, "35": 27.741462425308338, "36": 24.67320695374, "37": 29.204888769084675, "38": 32.724693298855286, "39": 34.71900612885621, "40": 34.72499434876, "41": 32.739861002639664, "42": 26.967976421434564, "43": 28.465210252341407, "44": 31.479076161965025, "45": 29.633270372049225, "46": 29.98156758758994, "47": 34.80572971988904, "48": 32.02761006493407, "49": 34.504984111112265, "50": 30.108845182160668, "51": 30.327112275779836, "52": 33.71233087567423, "53": 29.60205595756124, "54": 27.373000879608597, "55": 32.012219340060284, "56": 29.781409808545273, "57": 32.43082392279723, "58": 34.72803284457631, "59": 31.598857755437596, "60": 27.98781335901089, "61": 26.006159413755828, "62": 25.731637953438412, "63": 29.907159657561618, "64": 29.799980170296575, "65": 30.970874033089654, "66": 33.052031653128495, "67": 11.660223139945199, "68": 15.706392137311608, "69": 18.65072342684784, "70": 18.387731550139037, "71": 16.936007998518, "72": 12.444447425663455, "74": 18.03503521697573, "75": 24.90804081902002, "76": 23.80459168386497, "77": 19.42223217393622, "78": 30.983671148866325, "79": 26.744469344168753, "80": 27.220223996772525, "81": 20.365227925092835, "82": 27.38201560466344, "83": 25.359406473389612, "84": 17.79590965666011, "85": 21.77774833925935, "86": 18.7560543528948, "87": 19.615248600764215, "88": 13.320995143007172, "89": 15.197236131137446, "90": 23.808684415130912, "91": 23.042603368494266, "92": 23.304042674603096, "93": 26.715676114675414, "94": 26.87485604334773, "95": 25.671058435415013, "96": 24.32371068266171, "97": 26.047025613127673, "98": 27.859823665359464 } }, "geometry": { "type": "MultiPolygon", "coordinates": [ [ [ [ 148.625, -23.875 ], [ 148.625, -24.375 ], [ 148.875, -24.375 ], [ 148.875, -24.625 ], [ 149.875, -24.625 ], [ 149.875, -25.375 ], [ 148.375, -25.375 ], [ 148.375, -25.125 ], [ 148.125, -25.125 ], [ 148.125, -24.875 ], [ 147.625, -24.875 ], [ 147.625, -25.125 ], [ 147.125, -25.125 ], [ 147.125, -24.875 ], [ 146.875, -24.875 ], [ 146.875, -24.375 ], [ 147.375, -24.375 ], [ 147.375, -24.625 ], [ 148.125, -24.625 ], [ 148.125, -23.875 ], [ 148.625, -23.875 ] ] ], [ [ [ 143.875, -22.375 ], [ 143.875, -23.125 ], [ 144.625, -23.125 ], [ 144.625, -23.375 ], [ 144.875, -23.375 ], [ 144.875, -23.625 ], [ 145.125, -23.625 ], [ 145.125, -23.875 ], [ 145.375, -23.875 ], [ 145.375, -24.125 ], [ 145.625, -24.125 ], [ 145.625, -24.375 ], [ 145.875, -24.375 ], [ 145.875, -24.625 ], [ 146.125, -24.625 ], [ 146.125, -25.125 ], [ 144.125, -25.125 ], [ 144.125, -24.625 ], [ 143.875, -24.625 ], [ 143.875, -24.125 ], [ 143.625, -24.125 ], [ 143.625, -23.875 ], [ 143.375, -23.875 ], [ 143.375, -23.625 ], [ 143.125, -23.625 ], [ 143.125, -23.375 ], [ 142.875, -23.375 ], [ 142.875, -23.125 ], [ 143.125, -23.125 ], [ 143.125, -22.875 ], [ 143.375, -22.875 ], [ 143.375, -22.375 ], [ 143.875, -22.375 ] ] ] ] } },
{ "type": "Feature", "properties": { "cluster_id": 74, "cohesion": 8.1378678342155606, "distances": { "1": 30.063771979800567, "2": 27.137147966320633, "3": 22.21724932823981, "4": 25.211591508488556, "5": 26.127575623945646, "6": 27.544475821906417, "7": 32.358362163907586, "8": 29.405185950289503, "9": 29.45783244733223, "10": 32.60203116266203, "11": 31.55743936013097, "12": 26.778162422538408, "13": 26.03516860676253, "14": 21.893317164424463, "15": 23.159167892058644, "16": 27.31642688175508, "17": 27.37360207896016, "18": 29.122490470239068, "19": 31.57542276963964, "20": 29.13156525903243, "21": 27.93458707898574, "22": 27.1393453834223, "23": 26.385632238656353, "24": 26.11478474086874, "25": 24.953109070419405, "26": 23.753525414085004, "27": 22.260216505957573, "28": 21.492452511832248, "29": 27.164422402148208, "30": 26.62905261807246, "31": 28.469561613067444, "32": 29.51115964131279, "33": 33.07889811635926, "34": 25.800938051698473, "35": 20.813259033111276, "36": 20.85339690323883, "37": 25.07906717869182, "38": 27.666834711966047, "39": 30.216593600716052, "40": 32.880327708659934, "41": 29.646176815888847, "42": 25.600375531439926, "43": 26.47999025726496, "44": 30.65245705790645, "45": 27.944181421561566, "46": 29.63110924581972, "47": 34.546022412771265, "48": 31.292950864818025, "49": 34.146726848347775, "50": 29.56223761941926, "51": 29.86208476907819, "52": 33.77458956807212, "53": 29.375377620906878, "54": 28.28539152998747, "55": 31.491557137636217, "56": 29.596064816498515, "57": 32.402299502032804, "58": 34.34413972575994, "59": 31.419129297371338, "60": 26.39546840461886, "61": 25.295383247640853, "62": 24.30384225105273, "63": 29.311855256717944, "64": 29.281380492880306, "65": 30.103319310486462, "66": 32.39944880474689, "67": 20.390944990067293, "68": 20.317285831480064, "69": 20.60093388391063, "70": 23.09505936703196, "71": 11.747838578593793, "72": 15.828222899868894, "73": 18.03503521697573, "75": 15.156906470630355, "76": 13.145209120274274, "77": 13.667429681425642, "78": 24.6797958360684, "79": 22.120283175390004, "80": 19.751521127390426, "81": 22.80114742081877, "82": 28.25230777275097, "83": 25.990766748854238, "84": 11.496773382612213, "85": 13.810799258314916, "86": 18.67210720040846, "87": 19.548019471281574, "88": 19.78695548778425, "89": 22.034829447690097, "90": 26.25853181819506, "91": 26.456788595907835, "92": 22.49829771315238, "93": 26.147911028287652, "94": 26.85910348482988, "95": 27.40474612325174, "96": 26.885476238973382, "97": 27.357771595883055, "98": 27.94808293215547 } }, "geometry": { "type": "MultiPolygon", "coordinates": [ [ [ [ 152.875, -31.125 ], [ 152.625, -31.125 ], [ 152.625, -30.875 ], [ 152.875, -30.875 ], [ 152.875, -31.125 ] ] ], [ [ [ 151.625, -30.125 ], [ 151.375, -30.125 ], [ 151.375, -29.875 ], [ 151.625, -29.875 ], [ 151.625, -30.125 ] ] ], [ [ [ 151.625, -29.875 ], [ 151.625, -29.375 ], [ 151.875, -29.375 ], [ 151.875, -29.875 ], [ 151.625, -29.875 ] ] ], [ [ [ 151.625, -26.875 ], [ 151.625, -26.625 ], [ 151.875, -26.625 ], [ 151.875, -26.375 ], [ 152.875, -26.375 ], [ 152.875, -26.625 ], [ 153.125, -26.625 ], [ 153.125, -28.125 ], [ 153.375, -28.125 ], [ 153.375, -27.625 ], [ 153.875, -27.625 ], [ 153.875, -29.125 ], [ 153.625, -29.125 ], [ 153.625, -30.125 ], [ 153.125, -30.125 ], [ 153.125, -30.375 ], [ 152.625, -30.375 ], [ 152.625, -29.625 ], [ 152.875, -29.625 ], [ 152.875, -29.125 ], [ 153.125, -29.125 ], [ 153.125, -28.875 ], [ 153.375, -28.875 ], [ 153.375, -28.375 ], [ 152.375, -28.375 ], [ 152.375, -28.625 ], [ 152.125, -28.625 ], [ 152.125, -29.375 ], [ 151.875, -29.375 ], [ 151.875, -26.875 ], [ 151.625, -26.875 ] ] ] ] } },
{ "type": "Feature", "properties": { "cluster_id": 75, "cohesion": 8.0601699304175671, "distances": { "1": 30.535542651602427, "2": 28.86784029397245, "3": 27.35646019927895, "4": 29.4938426377915, "5": 27.645765076983853, "6": 29.743451698173928, "7": 31.882927431199935, "8": 30.269566186810813, "9": 29.464067853964526, "10": 32.334481506459525, "11": 31.358045779562993, "12": 29.378804936578213, "13": 28.727376598917353, "14": 27.3305788807245, "15": 27.862106424875325, "16": 27.87065048519819, "17": 29.584968996459516, "18": 28.45915394666597, "19": 31.910703788850366, "20": 29.587193316650712, "21": 27.24021358844952, "22": 25.330602213242834, "23": 27.849813044441476, "24": 27.155766543696213, "25": 25.389405029382573, "26": 24.115147972427476, "27": 25.598554390709214, "28": 15.481286395217138, "29": 23.097613452657292, "30": 22.97841805660586, "31": 25.813909891772198, "32": 30.9336792101134, "33": 34.89146676499482, "34": 28.64052221758372, "35": 19.358375115511784, "36": 24.10884250560319, "37": 25.09920758289972, "38": 25.027353942960797, "39": 27.91118791505948, "40": 33.989661005510975, "41": 30.26825187530719, "42": 28.887888777449547, "43": 28.866853136109928, "44": 35.378703164481124, "45": 31.628648628975665, "46": 34.19538982229542, "47": 39.38535502991729, "48": 35.98710419560321, "49": 38.34037632255373, "50": 34.49122272026112, "51": 34.314020090455486, "52": 38.912644708894554, "53": 31.63419009872227, "54": 32.54095422944689, "55": 34.39213225553388, "56": 33.19017747899553, "57": 36.6316626492251, "58": 38.586005809267924, "59": 35.65968649592476, "60": 30.31146588668665, "61": 27.11278338469767, "62": 27.143035829998404, "63": 31.508770486038763, "64": 30.53054092811963, "65": 34.003960033348164, "66": 35.337296001754275, "67": 26.75067342648359, "68": 27.242433880621814, "69": 28.450387506592097, "70": 27.78531524222248, "71": 21.36752557937724, "72": 24.107048258843886, "73": 24.90804081902002, "74": 15.156906470630355, "76": 11.697718742522952, "77": 13.227999280525498, "78": 17.766469484810035, "79": 19.03460457102033, "80": 11.585574647948784, "81": 28.605939980413638, "82": 32.34520805549159, "83": 30.800906541878785, "84": 20.44099332078127, "85": 18.076502773518584, "86": 25.42805776108382, "87": 25.29310328930815, "88": 26.771053885577807, "89": 27.560490601280097, "90": 30.219280559314818, "91": 29.41203227475053, "92": 23.383223089089753, "93": 24.32730594572901, "94": 26.64792829708878, "95": 26.91938605638324, "96": 27.826785350176788, "97": 28.906870918370643, "98": 28.286650555389517 } }, "geometry": { "type": "MultiPolygon", "coordinates": [ [ [ [ 149.375, -36.625 ], [ 149.375, -36.875 ], [ 149.125, -36.875 ], [ 149.125, -37.375 ], [ 148.875, -37.375 ], [ 148.875, -37.625 ], [ 148.625, -37.625 ], [ 148.625, -36.625 ], [ 149.125, -36.625 ], [ 149.125, -36.375 ], [ 149.625, -36.375 ], [ 149.625, -36.625 ], [ 149.375, -36.625 ] ] ], [ [ [ 149.625, -36.125 ], [ 149.875, -36.125 ], [ 149.875, -35.875 ], [ 150.125, -35.875 ], [ 150.125, -36.375 ], [ 149.625, -36.375 ], [ 149.625, -36.125 ] ] ], [ [ [ 150.375, -35.875 ], [ 150.125, -35.875 ], [ 150.125, -35.625 ], [ 150.375, -35.625 ], [ 150.375, -35.875 ] ] ], [ [ [ 148.375, -35.625 ], [ 148.375, -35.375 ], [ 148.625, -35.375 ], [ 148.625, -35.625 ], [ 148.375, -35.625 ] ] ], [ [ [ 148.625, -35.125 ], [ 148.875, -35.125 ], [ 148.875, -35.375 ], [ 148.625, -35.375 ], [ 148.625, -35.125 ] ] ], [ [ [ 149.125, -34.625 ], [ 149.375, -34.625 ], [ 149.375, -33.125 ], [ 149.625, -33.125 ], [ 149.625, -32.625 ], [ 150.875, -32.625 ], [ 150.875, -32.125 ], [ 151.125, -32.125 ], [ 151.125, -31.625 ], [ 151.375, -31.625 ], [ 151.375, -31.375 ], [ 151.625, -31.375 ], [ 151.625, -30.625 ], [ 151.875, -30.625 ], [ 151.875, -30.125 ], [ 151.625, -30.125 ], [ 151.625, -29.875 ], [ 151.875, -29.875 ], [ 151.875, -29.375 ], [ 152.125, -29.375 ], [ 152.125, -28.625 ], [ 152.375, -28.625 ], [ 152.375, -29.125 ], [ 152.625, -29.125 ], [ 152.625, -30.375 ], [ 152.875, -30.375 ], [ 152.875, -30.875 ], [ 152.625, -30.875 ], [ 152.625, -31.625 ], [ 152.375, -31.625 ], [ 152.375, -31.875 ], [ 152.125, -31.875 ], [ 152.125, -32.375 ], [ 151.875, -32.375 ], [ 151.875, -32.125 ], [ 151.375, -32.125 ], [ 151.375, -32.625 ], [ 151.875, -32.625 ], [ 151.875, -32.875 ], [ 151.375, -32.875 ], [ 151.375, -33.375 ], [ 151.125, -33.375 ], [ 151.125, -33.625 ], [ 150.875, -33.625 ], [ 150.875, -34.125 ], [ 150.625, -34.125 ], [ 150.625, -33.875 ], [ 150.375, -33.875 ], [ 150.375, -33.625 ], [ 150.625, -33.625 ], [ 150.625, -33.125 ], [ 150.375, -33.125 ], [ 150.375, -33.375 ], [ 150.125, -33.375 ], [ 150.125, -33.625 ], [ 149.875, -33.625 ], [ 149.875, -34.125 ], [ 149.625, -34.125 ], [ 149.625, -34.875 ], [ 149.375, -34.875 ], [ 149.375, -35.125 ], [ 148.875, -35.125 ], [ 148.875, -34.875 ], [ 149.125, -34.875 ], [ 149.125, -34.625 ] ] ] ] } },
{ "type": "Feature", "properties": { "cluster_id": 76, "cohesion": 7.2667999499692471, "distances": { "1": 34.45525183925164, "2": 32.764307375952974, "3": 27.965036827507568, "4": 30.531681358016513, "5": 29.57752377127402, "6": 32.44075269396834, "7": 37.428735713023954, "8": 35.36349548285639, "9": 34.39827470341249, "10": 37.88909097717799, "11": 36.504402036834975, "12": 33.264793018880184, "13": 31.586918308825805, "14": 27.72617048450504, "15": 29.727014558396604, "16": 29.838965431181286, "17": 31.074515047287257, "18": 32.718302084866345, "19": 36.1680192163883, "20": 32.85509409627575, "21": 30.34201017194367, "22": 28.869621051642707, "23": 31.61332360549829, "24": 30.452404342451175, "25": 29.37655224941782, "26": 26.37224660414767, "27": 26.42219525724529, "28": 13.70417129260983, "29": 20.816440000751914, "30": 23.33757207771342, "31": 24.152665791383626, "32": 28.03080482936288, "33": 31.01094348357962, "34": 22.066297540894872, "35": 13.29444074845982, "36": 16.859101665790288, "37": 19.024716281005126, "38": 20.813234431752115, "39": 24.728998329296385, "40": 29.44517303270527, "41": 24.77888122707107, "42": 28.658951776000684, "43": 30.13503155003941, "44": 33.841271392773386, "45": 31.775955538662753, "46": 33.05711893744106, "47": 36.60683891239834, "48": 33.29712130277507, "49": 35.32471501187736, "50": 32.18440273735815, "51": 30.912909529726747, "52": 34.79192897762882, "53": 28.222735259005525, "54": 28.36294410731375, "55": 29.293173947350105, "56": 27.536570409138715, "57": 32.17159053235636, "58": 34.51290148827658, "59": 31.378936809932362, "60": 26.823927131813416, "61": 25.151813292071683, "62": 24.392282419878512, "63": 29.270754349144802, "64": 28.480917747251386, "65": 31.22525020581836, "66": 31.761344827551575, "67": 25.23950817404408, "68": 24.487740133842692, "69": 26.745765082661137, "70": 27.201040578283674, "71": 19.31751295440063, "72": 21.40807082181779, "73": 23.804591683864974, "74": 13.145209120274272, "75": 11.697718742522952, "77": 13.201093440069723, "78": 21.291060466251867, "79": 21.956475981307367, "80": 17.126701995768403, "81": 23.968882939804644, "82": 27.33455693230304, "83": 25.128437725992256, "84": 15.301890277609017, "85": 10.938313505205297, "86": 19.821570797422584, "87": 19.089456650715384, "88": 22.9508699558223, "89": 25.36882366018186, "90": 26.90487523537865, "91": 28.603174153276832, "92": 23.272473852043877, "93": 26.35405552708429, "94": 26.496482953579743, "95": 28.04562613399779, "96": 28.1783358093755, "97": 27.207341789075464, "98": 27.1165543996513 } }, "geometry": { "type": "MultiPolygon", "coordinates": [ [ [ [ 149.125, -34.625 ], [ 149.125, -34.875 ], [ 148.875, -34.875 ], [ 148.875, -35.125 ], [ 148.625, -35.125 ], [ 148.625, -35.375 ], [ 148.125, -35.375 ], [ 148.125, -35.125 ], [ 147.875, -35.125 ], [ 147.875, -34.875 ], [ 148.625, -34.875 ], [ 148.625, -34.625 ], [ 148.875, -34.625 ], [ 148.875, -34.375 ], [ 149.125, -34.375 ], [ 149.125, -33.375 ], [ 148.875, -33.375 ], [ 148.875, -33.125 ], [ 149.375, -33.125 ], [ 149.375, -34.625 ], [ 149.125, -34.625 ] ] ], [ [ [ 149.375, -33.125 ], [ 149.375, -32.875 ], [ 149.625, -32.875 ], [ 149.625, -33.125 ], [ 149.375, -33.125 ] ] ], [ [ [ 151.125, -31.625 ], [ 151.125, -32.125 ], [ 150.875, -32.125 ], [ 150.875, -32.625 ], [ 149.625, -32.625 ], [ 149.625, -32.375 ], [ 149.875, -32.375 ], [ 149.875, -31.875 ], [ 150.625, -31.875 ], [ 150.625, -31.625 ], [ 150.875, -31.625 ], [ 150.875, -31.375 ], [ 151.375, -31.375 ], [ 151.375, -31.625 ], [ 151.125, -31.625 ] ] ], [ [ [ 151.375, -31.375 ], [ 151.375, -30.625 ], [ 151.625, -30.625 ], [ 151.625, -31.375 ], [ 151.375, -31.375 ] ] ], [ [ [ 151.625, -30.625 ], [ 151.625, -30.125 ], [ 151.875, -30.125 ], [ 151.875, -30.625 ], [ 151.625, -30.625 ] ] ], [ [ [ 153.125, -28.875 ], [ 153.125, -29.125 ], [ 152.875, -29.125 ], [ 152.875, -29.625 ], [ 152.625, -29.625 ], [ 152.625, -29.125 ], [ 152.375, -29.125 ], [ 152.375, -28.375 ], [ 153.375, -28.375 ], [ 153.375, -28.875 ], [ 153.125, -28.875 ] ] ] ] } },
{ "type": "Feature", "properties": { "cluster_id": 77, "cohesion": 8.0470786598598938, "distances": { "1": 29.904490775009315, "2": 27.595017029366318, "3": 22.656300885917013, "4": 25.595263508321704, "5": 24.99261686020674, "6": 27.58269354531941, "7": 32.162256203052685, "8": 29.8770049004656, "9": 28.62604059052758, "10": 32.322646689221585, "11": 30.92249472352991, "12": 27.53305044222448, "13": 25.764140422053785, "14": 22.1516173760384, "15": 24.014120569013656, "16": 23.671491461039686, "17": 25.49621173974292, "18": 26.727415710549696, "19": 30.501633829961857, "20": 26.932177134861195, "21": 24.256112154489674, "22": 23.294701155466456, "23": 25.941564540876637, "24": 24.249405662475482, "25": 23.652725172825015, "26": 20.460874465641048, "27": 20.25510536078122, "28": 16.3683734033341, "29": 22.240197080674772, "30": 24.27898294172213, "31": 25.290847336610998, "32": 27.342594852157674, "33": 29.737825848549345, "34": 23.266196000947303, "35": 18.289493520013195, "36": 20.119896342159386, "37": 22.186375808786998, "38": 23.16511475026222, "39": 25.933796779407142, "40": 28.487070782899906, "41": 25.458045062091525, "42": 24.58658647509366, "43": 25.649732270060344, "44": 28.742475378888653, "45": 26.71106763288583, "46": 28.523828739096636, "47": 32.4758469104384, "48": 28.524526457501352, "49": 30.924221209725978, "50": 28.536869961940415, "51": 28.397221035992366, "52": 31.512688259995734, "53": 23.929861700757435, "54": 24.160807378486663, "55": 27.29061250055086, "56": 25.91017054206763, "57": 29.52517291529112, "58": 30.822681720082073, "59": 27.66123812060116, "60": 23.32273494913632, "61": 20.998259667120927, "62": 21.395296193228734, "63": 24.556214236930227, "64": 23.76786787833502, "65": 26.560652567151077, "66": 27.738686637132954, "67": 20.90255298150478, "68": 21.310927355793467, "69": 23.507323345057326, "70": 22.659653061153804, "71": 18.365306868277976, "72": 19.12710651731343, "73": 19.42223217393622, "74": 13.667429681425642, "75": 13.2279992805255, "76": 13.201093440069725, "78": 21.10847906062463, "79": 18.373467064093767, "80": 15.46537761712548, "81": 21.801023232351657, "82": 24.47733795132361, "83": 23.73932164217556, "84": 17.405528092505616, "85": 15.986737592043019, "86": 20.009990210275916, "87": 19.785027249094792, "88": 20.17400831174251, "89": 21.25106293879168, "90": 22.87154993432835, "91": 23.38913791393217, "92": 18.335230604066872, "93": 21.053113760072584, "94": 21.22230514127892, "95": 22.073171610134057, "96": 22.182430074594787, "97": 21.76655825966613, "98": 21.924488833713813 } }, "geometry": { "type": "MultiPolygon", "coordinates": [ [ [ [ 150.625, -36.375 ], [ 150.375, -36.375 ], [ 150.375, -37.375 ], [ 150.125, -37.375 ], [ 150.125, -37.625 ], [ 149.875, -37.625 ], [ 149.875, -37.875 ], [ 149.625, -37.875 ], [ 149.625, -38.125 ], [ 148.625, -38.125 ], [ 148.625, -37.875 ], [ 148.875, -37.875 ], [ 148.875, -37.625 ], [ 149.375, -37.625 ], [ 149.375, -37.375 ], [ 149.625, -37.375 ], [ 149.625, -36.875 ], [ 149.875, -36.875 ], [ 149.875, -36.375 ], [ 150.125, -36.375 ], [ 150.125, -35.875 ], [ 150.375, -35.875 ], [ 150.375, -35.375 ], [ 150.625, -35.375 ], [ 150.625, -36.375 ] ] ], [ [ [ 150.625, -35.375 ], [ 150.625, -35.125 ], [ 150.875, -35.125 ], [ 150.875, -35.375 ], [ 150.625, -35.375 ] ] ], [ [ [ 151.125, -33.625 ], [ 151.125, -33.375 ], [ 151.375, -33.375 ], [ 151.375, -32.875 ], [ 151.875, -32.875 ], [ 151.875, -32.375 ], [ 152.125, -32.375 ], [ 152.125, -31.875 ], [ 152.375, -31.875 ], [ 152.375, -31.625 ], [ 152.625, -31.625 ], [ 152.625, -31.125 ], [ 152.875, -31.125 ], [ 152.875, -30.375 ], [ 153.125, -30.375 ], [ 153.125, -30.125 ], [ 153.375, -30.125 ], [ 153.375, -31.375 ], [ 153.125, -31.375 ], [ 153.125, -31.875 ], [ 152.875, -31.875 ], [ 152.875, -32.375 ], [ 152.625, -32.375 ], [ 152.625, -32.625 ], [ 152.375, -32.625 ], [ 152.375, -32.875 ], [ 152.125, -32.875 ], [ 152.125, -33.125 ], [ 151.875, -33.125 ], [ 151.875, -33.375 ], [ 151.625, -33.375 ], [ 151.625, -34.125 ], [ 151.375, -34.125 ], [ 151.375, -34.375 ], [ 151.125, -34.375 ], [ 151.125, -35.125 ], [ 150.875, -35.125 ], [ 150.875, -33.625 ], [ 151.125, -33.625 ] ] ] ] } },
{ "type": "Feature", "properties": { "cluster_id": 78, "cohesion": 8.467567179143936, "distances": { "1": 28.091036327355468, "2": 29.45668922137861, "3": 29.266891006169796, "4": 28.639992249970263, "5": 24.54758420106581, "6": 27.89293519435349, "7": 34.36796579746387, "8": 33.28855775759165, "9": 33.689959252100884, "10": 37.15411395496346, "11": 37.21248570060257, "12": 33.70178358968398, "13": 35.46381709018248, "14": 33.2212750021721, "15": 31.24356835138399, "16": 34.62127545436955, "17": 37.010713914383395, "18": 33.20327389448038, "19": 38.706391934648046, "20": 36.51815637239467, "21": 32.66607297585373, "22": 28.727541223602543, "23": 30.212618379105436, "24": 31.328668305676302, "25": 28.216200943808115, "26": 27.666480945067644, "27": 28.803920285578666, "28": 16.392707792243048, "29": 18.57839115307983, "30": 12.645548270390204, "31": 18.35664421995313, "32": 25.817565041874232, "33": 31.138720384454846, "34": 32.82748451679253, "35": 23.739260023878295, "36": 30.668407890296173, "37": 27.61976759588541, "38": 23.703763388382907, "39": 23.019541730612662, "40": 32.023413582455014, "41": 30.94309233103692, "42": 28.88437125448237, "43": 28.378625847504523, "44": 37.22091572491462, "45": 32.5547714887374, "46": 34.7988174177199, "47": 39.40859333110536, "48": 38.49804061510942, "49": 39.50837436696854, "50": 34.19183301599686, "51": 32.30913049945157, "52": 38.86009684084004, "53": 34.882890001480924, "54": 36.879291049112474, "55": 35.18556409228621, "56": 35.89165131447791, "57": 35.81796666628157, "58": 39.65227190972056, "59": 37.413442260688434, "60": 32.67893047282163, "61": 28.45907390122881, "62": 27.21000296914003, "63": 33.42614273354246, "64": 32.30753767874353, "65": 36.53313994247773, "66": 37.144858537303136, "67": 29.72664815482577, "68": 29.732519095817132, "69": 30.142940677034264, "70": 27.368321394595984, "71": 27.397055564131197, "72": 29.859844685848252, "73": 30.983671148866325, "74": 24.6797958360684, "75": 17.766469484810035, "76": 21.291060466251867, "77": 21.10847906062463, "79": 14.35211834124479, "80": 14.098429416758472, "81": 34.97341729132643, "82": 36.38918939007715, "83": 36.002047317174494, "84": 28.58605485908964, "85": 27.155671240123112, "86": 30.458322526677307, "87": 31.321482885589376, "88": 32.72871018260479, "89": 34.30122119432917, "90": 36.56155509544458, "91": 36.75463392692573, "92": 24.5461576936749, "93": 26.52664992121202, "94": 29.00113205477247, "95": 31.40728052353331, "96": 34.14584273261607, "97": 34.06833714531741, "98": 31.259501266665456 } }, "geometry": { "type": "Polygon", "coordinates": [ [ [ 149.125, -35.375 ], [ 149.125, -35.625 ], [ 148.375, -35.625 ], [ 148.375, -36.375 ], [ 148.125, -36.375 ], [ 148.125, -36.625 ], [ 147.625, -36.625 ], [ 147.625, -36.875 ], [ 146.875, -36.875 ], [ 146.875, -37.125 ], [ 146.375, -37.125 ], [ 146.375, -37.375 ], [ 146.125, -37.375 ], [ 146.125, -37.625 ], [ 144.875, -37.625 ], [ 144.875, -37.375 ], [ 144.125, -37.375 ], [ 144.125, -37.625 ], [ 142.125, -37.625 ], [ 142.125, -37.875 ], [ 141.625, -37.875 ], [ 141.625, -38.125 ], [ 140.625, -38.125 ], [ 140.625, -38.375 ], [ 141.125, -38.375 ], [ 141.125, -38.625 ], [ 142.625, -38.625 ], [ 142.625, -38.875 ], [ 143.125, -38.875 ], [ 143.125, -39.125 ], [ 143.875, -39.125 ], [ 143.875, -38.875 ], [ 144.125, -38.875 ], [ 144.125, -38.625 ], [ 144.375, -38.625 ], [ 144.375, -38.375 ], [ 145.125, -38.375 ], [ 145.125, -38.625 ], [ 145.375, -38.625 ], [ 145.375, -38.875 ], [ 146.375, -38.875 ], [ 146.375, -38.625 ], [ 145.625, -38.625 ], [ 145.625, -38.375 ], [ 145.875, -38.375 ], [ 145.875, -38.125 ], [ 146.125, -38.125 ], [ 146.125, -37.875 ], [ 147.125, -37.875 ], [ 147.125, -37.625 ], [ 148.625, -37.625 ], [ 148.625, -36.625 ], [ 148.875, -36.625 ], [ 148.875, -36.375 ], [ 149.375, -36.375 ], [ 149.375, -35.875 ], [ 149.625, -35.875 ], [ 149.625, -35.375 ], [ 149.125, -35.375 ] ] ] } },
{ "type": "Feature", "properties": { "cluster_id": 79, "cohesion": 6.8898779192984287, "distances": { "1": 24.443430877784156, "2": 25.689613909137215, "3": 24.952993390605673, "4": 23.822209914213815, "5": 20.814595270650315, "6": 23.843120060148674, "7": 31.062020544118266, "8": 29.49798747366754, "9": 30.33962724650273, "10": 33.555406193351125, "11": 33.38464016674564, "12": 28.949937897707393, "13": 30.420085687008466, "14": 28.017896383008747, "15": 26.362434004422525, "16": 30.407265529394785, "17": 31.619432445299964, "18": 30.301327264181296, "19": 34.03414161660487, "20": 31.970114346530277, "21": 29.4626510188728, "22": 26.712118789946736, "23": 25.967904744603626, "24": 27.816550386143984, "25": 24.7851453560383, "26": 24.84761701404605, "27": 24.01173400490525, "28": 20.221787596943116, "29": 23.05841546193268, "30": 18.98783203485686, "31": 23.413231320190278, "32": 26.6982625570379, "33": 30.93439249599289, "34": 31.833302169295578, "35": 26.24470294703394, "36": 30.227843639657518, "37": 29.721487373362812, "38": 27.430102383370773, "39": 26.869325838112385, "40": 31.87343841592519, "41": 31.314018259526065, "42": 24.152924141540936, "43": 23.174604770270072, "44": 30.570488074093568, "45": 25.934803281029968, "46": 29.059509432129925, "47": 34.10789120847117, "48": 32.42406653772026, "49": 34.16364006268568, "50": 29.3543249579886, "51": 29.425175137199293, "52": 34.43656756101567, "53": 31.121384733247133, "54": 31.7984662441683, "55": 32.79472564232416, "56": 32.93369202896878, "57": 32.72416057387652, "58": 35.05277404430849, "59": 32.88692730993043, "60": 28.57060925396909, "61": 25.782664674588986, "62": 24.595799814929336, "63": 29.553906531149757, "64": 28.90320369607648, "65": 31.280854801108465, "66": 32.87921949351532, "67": 26.1331069351047, "68": 26.506562574147107, "69": 25.75195339930597, "70": 23.473023123714047, "71": 23.762762970705346, "72": 26.816812074287864, "73": 26.74446934416875, "74": 22.120283175390004, "75": 19.034604571020335, "76": 21.956475981307367, "77": 18.373467064093767, "78": 14.352118341244793, "80": 14.710511629105929, "81": 30.17741361951004, "82": 31.934353258025645, "83": 32.151190068068686, "84": 26.530363659171943, "85": 26.367992060226673, "86": 28.65244722471494, "87": 29.1547571760972, "88": 28.2739624502642, "89": 29.10693151374775, "90": 31.340278436089914, "91": 31.28902399862061, "92": 21.730803819793156, "93": 24.610861764400102, "94": 26.509034000061998, "95": 28.395832479700868, "96": 30.035139103503894, "97": 30.00051375794148, "98": 28.11164109968001 } }, "geometry": { "type": "Polygon", "coordinates": [ [ [ 144.875, -40.375 ], [ 144.875, -40.625 ], [ 144.625, -40.625 ], [ 144.625, -40.875 ], [ 144.375, -40.875 ], [ 144.375, -41.375 ], [ 144.625, -41.375 ], [ 144.625, -41.875 ], [ 144.875, -41.875 ], [ 144.875, -42.125 ], [ 145.125, -42.125 ], [ 145.125, -42.375 ], [ 144.875, -42.375 ], [ 144.875, -42.625 ], [ 145.125, -42.625 ], [ 145.125, -42.875 ], [ 145.375, -42.875 ], [ 145.375, -43.125 ], [ 145.625, -43.125 ], [ 145.625, -43.375 ], [ 145.875, -43.375 ], [ 145.875, -43.625 ], [ 147.125, -43.625 ], [ 147.125, -43.375 ], [ 147.375, -43.375 ], [ 147.375, -43.125 ], [ 147.875, -43.125 ], [ 147.875, -42.875 ], [ 148.125, -42.875 ], [ 148.125, -42.625 ], [ 148.375, -42.625 ], [ 148.375, -42.125 ], [ 148.625, -42.125 ], [ 148.625, -40.875 ], [ 148.375, -40.875 ], [ 148.375, -40.625 ], [ 148.125, -40.625 ], [ 148.125, -40.375 ], [ 147.875, -40.375 ], [ 147.875, -40.625 ], [ 146.625, -40.625 ], [ 146.625, -40.875 ], [ 146.125, -40.875 ], [ 146.125, -40.625 ], [ 145.125, -40.625 ], [ 145.125, -40.375 ], [ 144.875, -40.375 ] ] ] } },
{ "type": "Feature", "properties": { "cluster_id": 80, "cohesion": 8.7801626880048129, "distances": { "1": 28.066319547007385, "2": 27.576293952198945, "3": 27.72895672114736, "4": 28.72211416864976, "5": 25.84649525119123, "6": 28.09802466881251, "7": 30.009373179171977, "8": 29.057063943435676, "9": 28.44953759913074, "10": 31.18283484436879, "11": 30.531111052693625, "12": 28.875968708895254, "13": 29.035730067287286, "14": 28.55146415119182, "15": 28.01379580440682, "16": 27.99218552807967, "17": 30.10523007431929, "18": 27.53247764461429, "19": 31.39721073424373, "20": 29.362276298359884, "21": 26.651887399459405, "22": 24.081412491655577, "23": 26.57141179953235, "24": 26.571457107198004, "25": 24.277184245586138, "26": 23.60020839806448, "27": 25.428541437826127, "28": 16.90365373286579, "29": 23.076883637636215, "30": 21.369080806015404, "31": 25.406987776841945, "32": 31.08840949049775, "33": 35.2138931370366, "34": 31.973181547424517, "35": 23.345770456845543, "36": 28.780152180856792, "37": 28.486881468509036, "38": 26.63934675092855, "39": 28.25663875727664, "40": 34.8204390747559, "41": 32.21925824208541, "42": 28.46092725323727, "43": 27.674604874569507, "44": 35.24413034499658, "45": 30.86323507998073, "46": 33.9582856329368, "47": 39.40333359949481, "48": 36.32051892038692, "49": 38.454851634778585, "50": 34.67056801238163, "51": 34.79094443471501, "52": 39.544099981686585, "53": 32.38273682483989, "54": 33.86645883781082, "55": 35.70546671604889, "56": 35.15434224432813, "57": 37.412746889809036, "58": 39.13434318191472, "59": 36.47860592142461, "60": 31.1923768860137, "61": 27.326046318734445, "62": 27.60557303311119, "63": 31.532247337082502, "64": 30.37498756731613, "65": 34.36198125776668, "66": 35.72121417188326, "67": 28.359528688601415, "68": 29.21172356978379, "69": 29.777750452508215, "70": 27.90046967456496, "71": 24.567277879770515, "72": 27.35195078841207, "73": 27.220223996772525, "74": 19.751521127390426, "75": 11.585574647948784, "76": 17.126701995768403, "77": 15.46537761712548, "78": 14.098429416758472, "79": 14.71051162910593, "81": 31.351036427813153, "82": 34.10235091040305, "83": 33.51708156603232, "84": 25.50091225874572, "85": 23.75606340938187, "86": 29.33156761259259, "87": 29.369545126778345, "88": 29.58475469503813, "89": 29.623237081963847, "90": 31.93274725236553, "91": 30.520249132073754, "92": 22.995422728332578, "93": 23.128547981027474, "94": 26.19717469000793, "95": 26.539145268736092, "96": 28.230282320046435, "97": 29.550411031245808, "98": 28.135385459222682 } }, "geometry": { "type": "MultiPolygon", "coordinates": [ [ [ [ 148.625, -37.875 ], [ 148.625, -38.125 ], [ 148.125, -38.125 ], [ 148.125, -38.375 ], [ 147.375, -38.375 ], [ 147.375, -38.625 ], [ 147.125, -38.625 ], [ 147.125, -38.875 ], [ 146.625, -38.875 ], [ 146.625, -39.125 ], [ 145.875, -39.125 ], [ 145.875, -38.875 ], [ 146.375, -38.875 ], [ 146.375, -38.625 ], [ 145.625, -38.625 ], [ 145.625, -38.375 ], [ 145.875, -38.375 ], [ 145.875, -38.125 ], [ 146.125, -38.125 ], [ 146.125, -37.875 ], [ 147.125, -37.875 ], [ 147.125, -37.625 ], [ 148.875, -37.625 ], [ 148.875, -37.875 ], [ 148.625, -37.875 ] ] ], [ [ [ 149.125, -37.375 ], [ 149.125, -36.875 ], [ 149.375, -36.875 ], [ 149.375, -36.625 ], [ 149.625, -36.625 ], [ 149.625, -36.375 ], [ 149.875, -36.375 ], [ 149.875, -36.875 ], [ 149.625, -36.875 ], [ 149.625, -37.375 ], [ 149.375, -37.375 ], [ 149.375, -37.625 ], [ 148.875, -37.625 ], [ 148.875, -37.375 ], [ 149.125, -37.375 ] ] ], [ [ [ 150.625, -33.625 ], [ 150.375, -33.625 ], [ 150.375, -33.875 ], [ 150.625, -33.875 ], [ 150.625, -34.125 ], [ 150.875, -34.125 ], [ 150.875, -35.125 ], [ 150.625, -35.125 ], [ 150.625, -35.375 ], [ 150.375, -35.375 ], [ 150.375, -35.625 ], [ 150.125, -35.625 ], [ 150.125, -35.875 ], [ 149.875, -35.875 ], [ 149.875, -36.125 ], [ 149.625, -36.125 ], [ 149.625, -36.375 ], [ 149.375, -36.375 ], [ 149.375, -35.875 ], [ 149.625, -35.875 ], [ 149.625, -35.375 ], [ 149.125, -35.375 ], [ 149.125, -35.625 ], [ 148.625, -35.625 ], [ 148.625, -35.375 ], [ 148.875, -35.375 ], [ 148.875, -35.125 ], [ 149.375, -35.125 ], [ 149.375, -34.875 ], [ 149.625, -34.875 ], [ 149.625, -34.125 ], [ 149.875, -34.125 ], [ 149.875, -33.625 ], [ 150.125, -33.625 ], [ 150.125, -33.375 ], [ 150.375, -33.375 ], [ 150.375, -33.125 ], [ 150.625, -33.125 ], [ 150.625, -33.625 ] ] ], [ [ [ 151.875, -32.625 ], [ 151.375, -32.625 ], [ 151.375, -32.125 ], [ 151.875, -32.125 ], [ 151.875, -32.625 ] ] ] ] } },
{ "type": "Feature", "properties": { "cluster_id": 81, "cohesion": 6.0394918107731366, "distances": { "1": 37.52977103135783, "2": 35.97555769071773, "3": 27.515014304242353, "4": 30.96807696090072, "5": 31.601476890188916, "6": 34.36880883577052, "7": 41.90023261800066, "8": 39.26173320686421, "9": 37.831842834946826, "10": 41.17941691059556, "11": 38.51101989534333, "12": 33.97790608279634, "13": 28.973379116973824, "14": 22.035026746011532, "15": 28.626462295414036, "16": 26.51667843116018, "17": 24.497136694855044, "18": 35.053011704221774, "19": 35.22276156422871, "20": 30.72268360573682, "21": 30.19232372062231, "22": 32.4803082482793, "23": 35.06429473361748, "24": 32.86690992879094, "25": 32.76101426910082, "26": 29.731477990632218, "27": 28.071312732090398, "28": 27.54847708615603, "29": 30.681788637417238, "30": 34.96267259339276, "31": 33.486045924999026, "32": 31.813863759666475, "33": 31.73567846553023, "34": 17.068210340048545, "35": 24.99624563493917, "36": 17.910300458803203, "37": 23.959608705489817, "38": 28.75462463691712, "39": 31.693985850282253, "40": 29.06165793459607, "41": 24.433290635490895, "42": 29.679288022805068, "43": 33.26748128625558, "44": 32.15182007022885, "45": 32.781861984405474, "46": 31.73229666603706, "47": 33.98983633612379, "48": 30.600763053734703, "49": 32.10087322379591, "50": 30.643356911602506, "51": 29.918020334559742, "52": 30.47822762858614, "53": 23.121268188268424, "54": 18.035241197899538, "55": 24.218880114407767, "56": 18.815292216451667, "57": 28.52703877406814, "58": 30.24591686871535, "59": 25.61343879403633, "60": 26.34534391018877, "61": 26.25565326398957, "62": 26.092258794458395, "63": 28.458842687978013, "64": 27.41931963443294, "65": 29.236432116278984, "66": 28.271354346309955, "67": 23.37810544743146, "68": 23.642709351748945, "69": 27.06175273854879, "70": 26.9350424842866, "71": 24.63000725400944, "72": 22.465460145237167, "73": 20.365227925092835, "74": 22.80114742081877, "75": 28.605939980413638, "76": 23.968882939804644, "77": 21.801023232351657, "78": 34.97341729132643, "79": 30.17741361951004, "80": 31.351036427813153, "82": 14.887446550656682, "83": 10.435702168846268, "84": 21.62046124352896, "85": 19.49591102379165, "86": 20.43617339047076, "87": 14.788177371721911, "88": 10.744781024429201, "89": 12.20064390449018, "90": 11.938702851037998, "91": 18.23331123764339, "92": 26.108787250485207, "93": 29.82976929818293, "94": 27.30144225325343, "95": 26.5124762566243, "96": 23.232795964836836, "97": 21.024099572367284, "98": 25.239922983069224 } }, "geometry": { "type": "Polygon", "coordinates": [ [ [ 139.875, -24.625 ], [ 139.875, -25.125 ], [ 140.125, -25.125 ], [ 140.125, -25.375 ], [ 140.375, -25.375 ], [ 140.375, -25.625 ], [ 140.125, -25.625 ], [ 140.125, -26.125 ], [ 140.375, -26.125 ], [ 140.375, -26.375 ], [ 141.375, -26.375 ], [ 141.375, -26.625 ], [ 141.625, -26.625 ], [ 141.625, -26.875 ], [ 142.375, -26.875 ], [ 142.375, -27.125 ], [ 143.375, -27.125 ], [ 143.375, -27.375 ], [ 144.125, -27.375 ], [ 144.125, -27.875 ], [ 144.625, -27.875 ], [ 144.625, -27.375 ], [ 145.125, -27.375 ], [ 145.125, -26.875 ], [ 144.375, -26.875 ], [ 144.375, -26.625 ], [ 143.875, -26.625 ], [ 143.875, -26.375 ], [ 143.625, -26.375 ], [ 143.625, -26.125 ], [ 143.125, -26.125 ], [ 143.125, -26.375 ], [ 142.625, -26.375 ], [ 142.625, -26.125 ], [ 142.375, -26.125 ], [ 142.375, -25.625 ], [ 142.125, -25.625 ], [ 142.125, -25.375 ], [ 141.875, -25.375 ], [ 141.875, -25.625 ], [ 141.625, -25.625 ], [ 141.625, -25.375 ], [ 141.375, -25.375 ], [ 141.375, -25.125 ], [ 140.875, -25.125 ], [ 140.875, -24.875 ], [ 140.625, -24.875 ], [ 140.625, -24.625 ], [ 139.875, -24.625 ] ] ] } },
{ "type": "Feature", "properties": { "cluster_id": 82, "cohesion": 6.3076563802132464, "distances": { "1": 42.4568961301176, "2": 41.551579659512555, "3": 32.29919668112642, "4": 35.032126206304596, "5": 35.009062269712906, "6": 38.946822179901396, "7": 47.378921367644615, "8": 45.305576730471955, "9": 43.1815531239204, "10": 47.36478794956607, "11": 44.92665673302825, "12": 40.751358206169535, "13": 36.263953935996184, "14": 29.503554857776596, "15": 34.84211404487246, "16": 30.374698948209748, "17": 30.955058387785854, "18": 39.461761031961345, "19": 41.859418295851704, "20": 36.24842609261648, "21": 33.85350643474395, "22": 35.20316049331675, "23": 39.35300493029137, "24": 36.70189276558292, "25": 37.32995509804989, "26": 31.998067052524906, "27": 29.84751008973906, "28": 27.523529799846795, "29": 28.40061716421071, "30": 35.05187815166867, "31": 31.671651109492107, "32": 28.936131544071987, "33": 25.97196645199518, "34": 15.773683328653624, "35": 25.427500222442397, "36": 20.416422650649494, "37": 23.119597345110552, "38": 26.113842794618765, "39": 27.958411202586742, "40": 21.641849054001423, "41": 18.681034689507435, "42": 30.746185758076646, "43": 34.91718845810805, "44": 30.3738560614725, "45": 33.16206257577603, "46": 31.273855702023365, "47": 30.132748222999368, "48": 27.041275761983123, "49": 27.17883652739175, "50": 29.2734843320334, "51": 26.996417167828533, "52": 25.18615722310001, "53": 16.757961487769066, "54": 11.1567851437006, "55": 15.380776666090831, "56": 10.111781015551047, "57": 22.088838653931248, "58": 23.633377317484815, "59": 18.7081968611182, "60": 23.102767282788314, "61": 24.152934896489093, "62": 24.405802961366028, "63": 24.31933502125828, "64": 22.916202926457924, "65": 25.24391123284918, "66": 21.675530815066857, "67": 27.962708771601488, "68": 26.63033570331231, "69": 30.86730841468683, "70": 30.022010424542003, "71": 30.028479133471436, "72": 27.58845927047297, "73": 27.38201560466344, "74": 28.252307772750974, "75": 32.3452080554916, "76": 27.33455693230304, "77": 24.477337951323605, "78": 36.38918939007714, "79": 31.934353258025645, "80": 34.10235091040305, "81": 14.88744655065668, "83": 10.060867216042315, "84": 26.73686970794675, "85": 23.912549279127393, "86": 23.314999676369688, "87": 19.655254517054377, "88": 19.82235168416753, "89": 21.337750672810415, "90": 13.261327629141439, "91": 22.233141073962756, "92": 26.284567475950396, "93": 30.535897522893688, "94": 25.76938239002857, "95": 27.388189312864494, "96": 24.85918147609943, "97": 18.690244654427058, "98": 22.20152360774016 } }, "geometry": { "type": "MultiPolygon", "coordinates": [ [ [ [ 135.875, -23.375 ], [ 135.875, -23.625 ], [ 136.375, -23.625 ], [ 136.375, -23.875 ], [ 136.625, -23.875 ], [ 136.625, -24.125 ], [ 137.125, -24.125 ], [ 137.125, -24.375 ], [ 137.375, -24.375 ], [ 137.375, -24.625 ], [ 137.875, -24.625 ], [ 137.875, -24.875 ], [ 138.375, -24.875 ], [ 138.375, -25.125 ], [ 137.125, -25.125 ], [ 137.125, -24.875 ], [ 136.875, -24.875 ], [ 136.875, -25.375 ], [ 137.125, -25.375 ], [ 137.125, -25.625 ], [ 137.625, -25.625 ], [ 137.625, -25.875 ], [ 138.125, -25.875 ], [ 138.125, -26.375 ], [ 138.375, -26.375 ], [ 138.375, -26.625 ], [ 138.625, -26.625 ], [ 138.625, -27.125 ], [ 138.375, -27.125 ], [ 138.375, -27.375 ], [ 137.875, -27.375 ], [ 137.875, -27.125 ], [ 137.625, -27.125 ], [ 137.625, -26.875 ], [ 137.375, -26.875 ], [ 137.375, -26.625 ], [ 137.125, -26.625 ], [ 137.125, -26.125 ], [ 136.875, -26.125 ], [ 136.875, -25.875 ], [ 136.625, -25.875 ], [ 136.625, -25.625 ], [ 136.125, -25.625 ], [ 136.125, -25.375 ], [ 135.875, -25.375 ], [ 135.875, -25.125 ], [ 135.625, -25.125 ], [ 135.625, -24.875 ], [ 134.625, -24.875 ], [ 134.625, -24.625 ], [ 134.375, -24.625 ], [ 134.375, -24.375 ], [ 134.125, -24.375 ], [ 134.125, -24.125 ], [ 134.375, -24.125 ], [ 134.375, -23.875 ], [ 134.625, -23.875 ], [ 134.625, -23.625 ], [ 134.375, -23.625 ], [ 134.375, -23.375 ], [ 135.875, -23.375 ] ] ], [ [ [ 133.875, -23.625 ], [ 133.875, -23.875 ], [ 133.625, -23.875 ], [ 133.625, -23.625 ], [ 133.875, -23.625 ] ] ] ] } },
{ "type": "Feature", "properties": { "cluster_id": 83, "cohesion": 6.4994500377217417, "distances": { "1": 41.47401358236685, "2": 40.356532034150305, "3": 31.258046200277963, "4": 34.3041082855298, "5": 34.47545111949677, "6": 38.03118575058117, "7": 46.53042817047272, "8": 44.17769270374897, "9": 42.37795294558441, "10": 46.336550865840266, "11": 43.86056945785477, "12": 39.371992890876946, "13": 34.85499334555003, "14": 27.754421933633548, "15": 33.51978162197139, "16": 30.435086593519728, "17": 29.974125999644205, "18": 39.0721385737077, "19": 40.82648920445425, "20": 35.66186613844238, "21": 33.90036469893469, "22": 35.37509988918033, "23": 38.88933699618836, "24": 36.443912510192916, "25": 36.7192639390315, "26": 32.24044468145198, "27": 30.347250146679055, "28": 26.6492548844148, "29": 28.372934610371505, "30": 34.7314011799142, "31": 31.755110682486723, "32": 29.79938903268582, "33": 28.123351805371026, "34": 12.361819678694138, "35": 23.428473813027896, "36": 16.485086874020215, "37": 20.827704313237938, "38": 25.48885706046907, "39": 28.41864876542806, "40": 24.094342007708985, "41": 18.974872691579385, "42": 31.233197197761825, "43": 35.450159149387716, "44": 32.70550435092471, "45": 34.50791940623718, "46": 32.69952143519059, "47": 32.90496864747216, "48": 30.012610972021694, "49": 30.513885192187676, "50": 30.653161021999022, "51": 28.460968844052818, "52": 28.040658958263375, "53": 20.3606662525913, "54": 15.259393991242144, "55": 18.877814480711958, "56": 12.487277691593661, "57": 25.09683688504941, "58": 27.322388943113367, "59": 22.39573231084364, "60": 25.402219193524328, "61": 25.86598770065951, "62": 25.67023729141924, "63": 27.303195819472258, "64": 26.014532853444027, "65": 28.298544206306914, "66": 25.526204803757068, "67": 26.637663855165084, "68": 25.604452223687346, "69": 29.841599242733306, "70": 29.379965198861672, "71": 28.081300175211112, "72": 25.70630422757383, "73": 25.359406473389612, "74": 25.990766748854238, "75": 30.800906541878785, "76": 25.128437725992256, "77": 23.739321642175554, "78": 36.002047317174494, "79": 32.151190068068686, "80": 33.51708156603233, "81": 10.43570216884627, "82": 10.060867216042316, "84": 24.11539972248617, "85": 20.609795438765374, "86": 21.271458170471778, "87": 15.78070710957217, "88": 16.27570404008266, "89": 18.642065083570884, "90": 13.48649815646046, "91": 22.171817435925057, "92": 27.142160949242918, "93": 31.420430386910944, "94": 27.578425455442126, "95": 28.471013613956966, "96": 25.815052153866638, "97": 21.044832717607587, "98": 24.727748120054056 } }, "geometry": { "type": "Polygon", "coordinates": [ [ [ 136.875, -24.875 ], [ 136.875, -25.375 ], [ 137.125, -25.375 ], [ 137.125, -25.625 ], [ 137.625, -25.625 ], [ 137.625, -25.875 ], [ 138.125, -25.875 ], [ 138.125, -26.375 ], [ 138.375, -26.375 ], [ 138.375, -26.625 ], [ 138.625, -26.625 ], [ 138.625, -27.375 ], [ 139.375, -27.375 ], [ 139.375, -27.125 ], [ 139.875, -27.125 ], [ 139.875, -27.375 ], [ 140.125, -27.375 ], [ 140.125, -27.625 ], [ 140.375, -27.625 ], [ 140.375, -28.375 ], [ 141.625, -28.375 ], [ 141.625, -28.625 ], [ 142.125, -28.625 ], [ 142.125, -28.375 ], [ 142.625, -28.375 ], [ 142.625, -28.125 ], [ 143.125, -28.125 ], [ 143.125, -28.625 ], [ 143.375, -28.625 ], [ 143.375, -28.875 ], [ 143.625, -28.875 ], [ 143.625, -28.625 ], [ 144.375, -28.625 ], [ 144.375, -28.375 ], [ 144.625, -28.375 ], [ 144.625, -27.875 ], [ 144.125, -27.875 ], [ 144.125, -27.375 ], [ 143.375, -27.375 ], [ 143.375, -27.125 ], [ 142.375, -27.125 ], [ 142.375, -26.875 ], [ 141.625, -26.875 ], [ 141.625, -26.625 ], [ 141.375, -26.625 ], [ 141.375, -26.375 ], [ 140.375, -26.375 ], [ 140.375, -26.125 ], [ 140.125, -26.125 ], [ 140.125, -25.875 ], [ 139.625, -25.875 ], [ 139.625, -25.375 ], [ 138.875, -25.375 ], [ 138.875, -25.125 ], [ 138.625, -25.125 ], [ 138.625, -24.875 ], [ 138.375, -24.875 ], [ 138.375, -25.125 ], [ 137.125, -25.125 ], [ 137.125, -24.875 ], [ 136.875, -24.875 ] ] ] } },
{ "type": "Feature", "properties": { "cluster_id": 84, "cohesion": 4.8470458187316341, "distances": { "1": 34.35089313648092, "2": 31.343959329555158, "3": 23.172139490837818, "4": 26.52383274578205, "5": 28.453738385115567, "6": 30.604177440692105, "7": 38.67710549250006, "8": 34.93750298483643, "9": 35.38481553748181, "10": 38.94606460894549, "11": 37.795282193787656, "12": 31.688901805835528, "13": 30.72750086511863, "14": 24.00359847752092, "15": 25.897439845286428, "16": 31.742121659854565, "17": 31.69238930967545, "18": 34.59540858883298, "19": 37.59197483195811, "20": 34.5414174109313, "21": 32.692478426738, "22": 31.804262873523477, "23": 31.629783840406503, "24": 31.04727251179812, "25": 30.1698931374509, "26": 27.716287499926274, "27": 25.407369136851965, "28": 23.340218139523575, "29": 27.806486475106794, "30": 28.277106613314032, "31": 28.81606845303714, "32": 28.18540049921116, "33": 31.190679125834563, "34": 23.138895618779383, "35": 19.209096256438702, "36": 17.199218405111555, "37": 22.545277755855555, "38": 26.951265243245874, "39": 29.918224617902897, "40": 31.149396025081845, "41": 28.159460098015433, "42": 27.677908863620175, "43": 29.59398900913616, "44": 31.09871993955868, "45": 30.092182153988936, "46": 30.485647630886852, "47": 33.43038257810102, "48": 30.649293624273124, "49": 33.22551114049851, "50": 28.973039824237127, "51": 27.835017614818348, "52": 31.481474152909446, "53": 29.456598821430898, "54": 27.640187347118122, "55": 29.271336158382606, "56": 27.34644897779355, "57": 29.818676687723936, "58": 32.559348904547214, "59": 30.043406145465102, "60": 24.686034828077982, "61": 25.2300078172916, "62": 22.946974489546513, "63": 29.298577470025307, "64": 29.732435344111643, "65": 29.474066485380007, "66": 31.46472169724365, "67": 18.574572622832616, "68": 16.987636935798836, "69": 18.773740409091943, "70": 22.516934469552204, "71": 11.698418794669838, "72": 12.436575473180149, "73": 17.795909656660115, "74": 11.496773382612213, "75": 20.44099332078127, "76": 15.301890277609019, "77": 17.40552809250562, "78": 28.58605485908964, "79": 26.53036365917194, "80": 25.50091225874572, "81": 21.62046124352896, "82": 26.736869707946752, "83": 24.11539972248617, "85": 11.25186429177831, "86": 11.817413098209402, "87": 14.901013843430405, "88": 17.794798017178778, "89": 22.68877492136636, "90": 26.818860563431766, "91": 29.26677654313239, "92": 24.120468271471, "93": 29.67057104319611, "94": 28.824708931916646, "95": 30.82903529031385, "96": 30.11862219986745, "97": 29.0897930665059, "98": 29.625546792749734 } }, "geometry": { "type": "MultiPolygon", "coordinates": [ [ [ [ 151.875, -26.875 ], [ 151.875, -29.375 ], [ 151.625, -29.375 ], [ 151.625, -29.875 ], [ 151.375, -29.875 ], [ 151.375, -30.125 ], [ 151.125, -30.125 ], [ 151.125, -29.875 ], [ 150.875, -29.875 ], [ 150.875, -29.125 ], [ 151.125, -29.125 ], [ 151.125, -28.875 ], [ 151.375, -28.875 ], [ 151.375, -27.625 ], [ 151.625, -27.625 ], [ 151.625, -26.875 ], [ 151.875, -26.875 ] ] ], [ [ [ 151.375, -26.875 ], [ 151.375, -26.625 ], [ 151.625, -26.625 ], [ 151.625, -26.875 ], [ 151.375, -26.875 ] ] ] ] } },
{ "type": "Feature", "properties": { "cluster_id": 85, "cohesion": 6.4500872019078033, "distances": { "1": 36.948819204739834, "2": 34.80827424489509, "3": 27.648159518130345, "4": 30.768963309856478, "5": 31.123706036473575, "6": 33.96068666353944, "7": 40.715345547055755, "8": 38.017678031675814, "9": 37.15759266546649, "10": 40.85391351798296, "11": 39.22244062752708, "12": 34.85594673798409, "13": 32.501704178361805, "14": 26.71918972761201, "15": 29.934183053714808, "16": 31.02940750283851, "17": 31.43290045988881, "18": 35.41113168872738, "19": 38.29315782966953, "20": 34.58556188192373, "21": 32.478754222613524, "22": 31.941464644550443, "23": 34.0212484515733, "24": 32.56370468387068, "25": 31.899733892554107, "26": 28.595293915452693, "27": 27.443637839908984, "28": 18.372630992145496, "29": 23.855777841094422, "30": 27.125000078446014, "31": 26.657898657210893, "32": 27.958406306756153, "33": 30.17447029795257, "34": 18.044025818030562, "35": 13.54158287396859, "36": 11.615732233216916, "37": 17.264011340846434, "38": 22.050967054309783, "39": 26.306407420524817, "40": 28.407489104132107, "41": 23.348346103584287, "42": 29.236329927278742, "43": 31.77876980554894, "44": 33.36153114394693, "45": 32.52761165881164, "46": 32.704516865927204, "47": 35.30944207780685, "48": 32.20081860091322, "49": 34.16140069806752, "50": 30.99618786716892, "51": 29.192552522498243, "52": 32.41182435541752, "53": 27.23095408322019, "54": 25.79567032516356, "55": 26.878069957333434, "56": 24.132425798419053, "57": 29.842130032079467, "58": 32.62544443098606, "59": 29.244844351822227, "60": 25.63147942658181, "61": 25.468039821394076, "62": 23.972056249811263, "63": 29.310455814222745, "64": 28.810367896698924, "65": 30.40122127292042, "66": 30.659009508805834, "67": 23.216309176509533, "68": 21.978798402257013, "69": 24.897747511208706, "70": 26.522591272684885, "71": 18.134574445770717, "72": 18.702391908070204, "73": 21.77774833925935, "74": 13.810799258314917, "75": 18.076502773518587, "76": 10.938313505205297, "77": 15.986737592043019, "78": 27.155671240123112, "79": 26.36799206022667, "80": 23.75606340938187, "81": 19.49591102379165, "82": 23.91254927912739, "83": 20.609795438765378, "84": 11.251864291778308, "86": 14.842500803527987, "87": 13.07797690924328, "88": 18.542546185635665, "89": 22.6231439784012, "90": 24.329038203209116, "91": 27.742201733572962, "92": 24.701895658396904, "93": 29.159541342259182, "94": 27.98572953211284, "95": 29.600768361687056, "96": 28.703358501695284, "97": 26.901066468641883, "98": 27.87093164035765 } }, "geometry": { "type": "Polygon", "coordinates": [ [ [ 150.125, -29.875 ], [ 150.125, -30.375 ], [ 148.875, -30.375 ], [ 148.875, -30.625 ], [ 148.625, -30.625 ], [ 148.625, -31.625 ], [ 148.375, -31.625 ], [ 148.375, -32.875 ], [ 148.625, -32.875 ], [ 148.625, -33.125 ], [ 149.375, -33.125 ], [ 149.375, -32.875 ], [ 149.625, -32.875 ], [ 149.625, -32.375 ], [ 149.875, -32.375 ], [ 149.875, -31.875 ], [ 150.625, -31.875 ], [ 150.625, -31.625 ], [ 150.875, -31.625 ], [ 150.875, -31.375 ], [ 151.375, -31.375 ], [ 151.375, -30.625 ], [ 151.625, -30.625 ], [ 151.625, -30.125 ], [ 151.125, -30.125 ], [ 151.125, -29.875 ], [ 150.125, -29.875 ] ] ] } },
{ "type": "Feature", "properties": { "cluster_id": 86, "cohesion": 6.4286129491347239, "distances": { "1": 37.26950401446904, "2": 34.65982220147887, "3": 24.41475674490024, "4": 28.18877298354824, "5": 29.283765362848495, "6": 32.78855151571135, "7": 43.328029095223954, "8": 39.38834137518916, "9": 39.409740867140975, "10": 43.68288764458498, "11": 42.382742680997985, "12": 35.89000910637653, "13": 34.496836907155185, "14": 26.03476796480545, "15": 28.610712945981945, "16": 33.875017095537466, "17": 34.59240323144562, "18": 37.74012671598035, "19": 41.98941435255325, "20": 38.04922704884602, "21": 34.87794181639906, "22": 33.920752147333836, "23": 35.62414723409104, "24": 34.08596694985117, "25": 33.39030598150494, "26": 29.69238625589927, "27": 27.67343806332461, "28": 23.75582416933324, "29": 26.120183356375048, "30": 28.50541691879827, "31": 27.219030433301317, "32": 25.533645324087626, "33": 26.833141683262763, "34": 19.257761091889684, "35": 18.524040957524555, "36": 14.8349252472716, "37": 19.00410293875499, "38": 24.057682135350763, "39": 26.919579172176448, "40": 26.093791185663235, "41": 24.156800146672527, "42": 29.726054805771042, "43": 32.48484269658489, "44": 31.71121229413221, "45": 32.40289217178244, "46": 31.562454566108407, "47": 32.07504674624124, "48": 29.773079645570334, "49": 31.350173345730184, "50": 28.94568996147027, "51": 25.57423385929081, "52": 28.46687030532815, "53": 26.801332019983004, "54": 25.15641705638734, "55": 24.143487730872053, "56": 22.786851918821306, "57": 25.383690607957686, "58": 29.301962685659575, "59": 26.884870187491913, "60": 22.800364156912966, "61": 23.517144913303994, "62": 21.01493650415904, "63": 27.345425180471448, "64": 27.55055495622115, "65": 28.0237996416927, "66": 28.40844171602273, "67": 17.505575997877262, "68": 15.390877384665188, "69": 20.7188308845263, "70": 21.872141306912628, "71": 18.149805854074447, "72": 13.375365863302637, "73": 18.7560543528948, "74": 18.672107200408462, "75": 25.428057761083817, "76": 19.821570797422588, "77": 20.009990210275912, "78": 30.458322526677307, "79": 28.65244722471494, "80": 29.33156761259259, "81": 20.43617339047076, "82": 23.314999676369688, "83": 21.271458170471778, "84": 11.817413098209402, "85": 14.842500803527987, "87": 11.218778539752721, "88": 16.353579524769092, "89": 23.12654722245662, "90": 25.933810628090793, "91": 30.5830697809668, "92": 24.019879587148992, "93": 30.476898532781295, "94": 27.97226335877074, "95": 31.20087555846761, "96": 30.93076531525429, "97": 28.153474153653534, "98": 28.214330050471244 } }, "geometry": { "type": "Polygon", "coordinates": [ [ [ 146.375, -25.125 ], [ 146.375, -26.125 ], [ 147.125, -26.125 ], [ 147.125, -26.375 ], [ 146.875, -26.375 ], [ 146.875, -26.625 ], [ 146.625, -26.625 ], [ 146.625, -26.875 ], [ 146.375, -26.875 ], [ 146.375, -27.375 ], [ 146.625, -27.375 ], [ 146.625, -27.625 ], [ 146.875, -27.625 ], [ 146.875, -27.875 ], [ 147.375, -27.875 ], [ 147.375, -28.125 ], [ 148.125, -28.125 ], [ 148.125, -28.375 ], [ 148.375, -28.375 ], [ 148.375, -28.625 ], [ 148.625, -28.625 ], [ 148.625, -28.875 ], [ 149.125, -28.875 ], [ 149.125, -29.125 ], [ 149.375, -29.125 ], [ 149.375, -29.375 ], [ 149.625, -29.375 ], [ 149.625, -29.625 ], [ 150.375, -29.625 ], [ 150.375, -29.875 ], [ 150.875, -29.875 ], [ 150.875, -29.125 ], [ 151.125, -29.125 ], [ 151.125, -28.875 ], [ 151.375, -28.875 ], [ 151.375, -27.625 ], [ 151.625, -27.625 ], [ 151.625, -26.875 ], [ 151.375, -26.875 ], [ 151.375, -26.625 ], [ 151.125, -26.625 ], [ 151.125, -26.375 ], [ 149.125, -26.375 ], [ 149.125, -26.125 ], [ 148.875, -26.125 ], [ 148.875, -25.875 ], [ 149.125, -25.875 ], [ 149.125, -25.625 ], [ 148.375, -25.625 ], [ 148.375, -25.375 ], [ 148.125, -25.375 ], [ 148.125, -25.125 ], [ 146.375, -25.125 ] ] ] } },
{ "type": "Feature", "properties": { "cluster_id": 87, "cohesion": 7.3728615150701948, "distances": { "1": 38.12066081380832, "2": 36.01141454978999, "3": 26.59708098643311, "4": 30.33951164795336, "5": 30.850001602676226, "6": 34.26796302030151, "7": 43.58936655123174, "8": 40.26653768216457, "9": 39.480151682051925, "10": 43.536127922976874, "11": 41.68781329519747, "12": 36.20076727238783, "13": 33.3483890437061, "14": 25.317726967986747, "15": 29.648779640747534, "16": 31.627146352350078, "17": 31.72704031790677, "18": 37.222529274125165, "19": 40.31118903490012, "20": 36.05420822751031, "21": 33.4876580489108, "22": 33.60155600957296, "23": 36.33570286516792, "24": 34.217925641182745, "25": 33.73849192596745, "26": 30.047683545377065, "27": 28.66589046617799, "28": 22.84163481297356, "29": 25.890413736337667, "30": 29.978367612164227, "31": 28.267733183784067, "32": 27.30265524660415, "33": 28.08413125885426, "34": 14.300483566867083, "35": 17.389738788731105, "36": 10.102175076798119, "37": 16.760774465929103, "38": 23.051582328708136, "39": 26.90500144942196, "40": 25.90705721588866, "41": 21.76875130881245, "42": 30.369325849779138, "43": 33.68082961244683, "44": 33.41462981261833, "45": 33.829453217867574, "46": 32.841843841223344, "47": 34.087267207277336, "48": 31.525964182416875, "49": 32.84966639111041, "50": 30.42115564780747, "51": 27.40576689929329, "52": 29.807106913560865, "53": 25.29921435149303, "54": 22.729731933839872, "55": 23.150436496739715, "56": 19.87887870933545, "57": 26.55213795879835, "58": 30.283899325211, "59": 26.61894177344849, "60": 24.89967469726532, "61": 24.904800784510847, "62": 23.244415339083165, "63": 28.564375037744732, "64": 27.858318959980604, "65": 29.685236437334776, "66": 28.811246372705405, "67": 20.365712067460308, "68": 19.389346753881373, "69": 24.279831808727128, "70": 24.64040070112759, "71": 21.07297817697156, "72": 17.48976993272041, "73": 19.615248600764215, "74": 19.548019471281577, "75": 25.293103289308156, "76": 19.089456650715384, "77": 19.785027249094796, "78": 31.32148288558938, "79": 29.1547571760972, "80": 29.369545126778345, "81": 14.788177371721913, "82": 19.65525451705438, "83": 15.78070710957217, "84": 14.901013843430405, "85": 13.07797690924328, "86": 11.218778539752721, "88": 12.931597063603594, "89": 19.46389939675065, "90": 21.41831208430312, "91": 26.865875861228577, "92": 24.997311737202303, "93": 30.294068046741998, "94": 27.86153470795911, "95": 29.588632101982494, "96": 28.43834480238749, "97": 25.65185823476546, "98": 27.113830473606935 } }, "geometry": { "type": "Polygon", "coordinates": [ [ [ 145.875, -25.375 ], [ 145.875, -25.625 ], [ 145.625, -25.625 ], [ 145.625, -25.875 ], [ 145.125, -25.875 ], [ 145.125, -26.625 ], [ 144.875, -26.625 ], [ 144.875, -26.875 ], [ 145.125, -26.875 ], [ 145.125, -27.375 ], [ 144.625, -27.375 ], [ 144.625, -28.375 ], [ 144.875, -28.375 ], [ 144.875, -28.875 ], [ 145.125, -28.875 ], [ 145.125, -29.125 ], [ 146.625, -29.125 ], [ 146.625, -29.375 ], [ 146.875, -29.375 ], [ 146.875, -29.625 ], [ 147.125, -29.625 ], [ 147.125, -29.875 ], [ 147.625, -29.875 ], [ 147.625, -30.375 ], [ 147.875, -30.375 ], [ 147.875, -30.875 ], [ 148.125, -30.875 ], [ 148.125, -31.375 ], [ 148.625, -31.375 ], [ 148.625, -30.625 ], [ 148.875, -30.625 ], [ 148.875, -30.375 ], [ 150.125, -30.375 ], [ 150.125, -29.875 ], [ 150.375, -29.875 ], [ 150.375, -29.625 ], [ 149.625, -29.625 ], [ 149.625, -29.375 ], [ 149.375, -29.375 ], [ 149.375, -29.125 ], [ 149.125, -29.125 ], [ 149.125, -28.875 ], [ 148.625, -28.875 ], [ 148.625, -28.625 ], [ 148.375, -28.625 ], [ 148.375, -28.375 ], [ 148.125, -28.375 ], [ 148.125, -28.125 ], [ 147.375, -28.125 ], [ 147.375, -27.875 ], [ 146.875, -27.875 ], [ 146.875, -27.625 ], [ 146.625, -27.625 ], [ 146.625, -27.375 ], [ 146.375, -27.375 ], [ 146.375, -26.875 ], [ 146.625, -26.875 ], [ 146.625, -26.625 ], [ 146.875, -26.625 ], [ 146.875, -26.375 ], [ 147.125, -26.375 ], [ 147.125, -26.125 ], [ 146.375, -26.125 ], [ 146.375, -25.375 ], [ 145.875, -25.375 ] ] ] } },
{ "type": "Feature", "properties": { "cluster_id": 88, "cohesion": 5.1117108267834697, "distances": { "1": 33.57962018838212, "2": 31.163609320805936, "3": 21.74471727451512, "4": 26.255786151330515, "5": 27.4019524942623, "6": 29.895379120719806, "7": 38.4586282569766, "8": 34.864109480727194, "9": 34.343910585625885, "10": 37.698205417363454, "11": 35.41520224203973, "12": 29.462904348865365, "13": 25.66382881300286, "14": 17.078170806806877, "15": 23.030229436498015, "16": 26.009156605369977, "17": 24.19829006162208, "18": 32.327539668210605, "19": 33.284559130981656, "20": 29.528279685249117, "21": 28.613203423567352, "22": 30.257057059239724, "23": 31.83213583136987, "24": 29.824927512690465, "25": 29.254665787327934, "26": 27.125083397775274, "27": 25.61959268214203, "28": 27.275392440652276, "29": 30.52239045362805, "30": 32.61375025947863, "31": 32.057817473804405, "32": 29.97975674810318, "33": 31.219058172771362, "34": 20.195830599129135, "35": 24.66656625975558, "36": 18.54121374749442, "37": 24.448374808645497, "38": 29.206216266729662, "39": 31.73063996544279, "40": 30.06167623702394, "41": 26.9324380175271, "42": 27.82585623347069, "43": 30.916432142614795, "44": 31.471876834207034, "45": 31.22165544394202, "46": 30.308640926142346, "47": 33.408042572136814, "48": 30.695670808267487, "49": 32.462273262643805, "50": 29.16554482731788, "51": 28.14226576327999, "52": 30.343449707412258, "53": 25.504883273341182, "54": 21.56402640302266, "55": 26.26401505014846, "56": 22.56443427082927, "57": 28.378621936713774, "58": 31.203864488962562, "59": 27.153361084127805, "60": 25.987049846840012, "61": 25.07889572068292, "62": 24.33325694229967, "63": 28.50948597258343, "64": 27.90891757692774, "65": 29.420253597545816, "66": 29.670442769986103, "67": 16.626700008148063, "68": 18.213251850277008, "69": 22.0138249136836, "70": 21.803664776332205, "71": 20.060606249404675, "72": 16.214392311664238, "73": 13.32099514300717, "74": 19.78695548778425, "75": 26.771053885577807, "76": 22.9508699558223, "77": 20.17400831174251, "78": 32.728710182604786, "79": 28.273962450264204, "80": 29.58475469503813, "81": 10.7447810244292, "82": 19.82235168416753, "83": 16.27570404008266, "84": 17.794798017178774, "85": 18.542546185635665, "86": 16.353579524769092, "87": 12.931597063603592, "89": 11.027561838448632, "90": 17.297138915819435, "91": 20.636948202225177, "92": 23.927515814496765, "93": 28.337273915859072, "94": 26.70067991885183, "95": 26.22591335718041, "96": 23.941248466360886, "97": 23.18485276347477, "98": 26.1055651923672 } }, "geometry": { "type": "Polygon", "coordinates": [ [ [ 144.375, -25.125 ], [ 144.375, -25.375 ], [ 144.125, -25.375 ], [ 144.125, -25.625 ], [ 143.375, -25.625 ], [ 143.375, -26.125 ], [ 143.625, -26.125 ], [ 143.625, -26.375 ], [ 143.875, -26.375 ], [ 143.875, -26.625 ], [ 144.375, -26.625 ], [ 144.375, -26.875 ], [ 144.875, -26.875 ], [ 144.875, -26.625 ], [ 145.125, -26.625 ], [ 145.125, -25.875 ], [ 145.625, -25.875 ], [ 145.625, -25.625 ], [ 145.875, -25.625 ], [ 145.875, -25.375 ], [ 146.125, -25.375 ], [ 146.125, -25.125 ], [ 144.375, -25.125 ] ] ] } },
{ "type": "Feature", "properties": { "cluster_id": 89, "cohesion": 7.5277261250383649, "distances": { "1": 33.004722170365774, "2": 30.332131985380077, "3": 22.67739389083938, "4": 27.46882455062673, "5": 28.55500816331782, "6": 30.139426207609194, "7": 35.70244782782071, "8": 32.494177066091574, "9": 31.390561070317357, "10": 33.89318479371637, "11": 30.87221315505677, "12": 26.249234537469196, "13": 20.173743355388556, "14": 13.455965643076036, "15": 21.58606445016306, "16": 21.24412316219036, "17": 17.338299471524113, "18": 29.17203645385651, "19": 27.466550259521895, "20": 24.034845035066997, "21": 24.87960536271406, "22": 28.26412786711246, "23": 30.187524726000614, "24": 27.86543329099987, "25": 27.453864697415693, "26": 26.292830933110775, "27": 25.544501336955467, "28": 29.665481439927074, "29": 33.50812920287508, "30": 35.71329015680464, "31": 35.68048554133927, "32": 34.54790817757453, "33": 35.61965565906284, "34": 24.206479409189434, "35": 28.668261831626932, "36": 23.456232543289946, "37": 28.885913453160686, "38": 32.72568166879492, "39": 35.2701420212836, "40": 33.98417572523896, "41": 30.257921211729496, "42": 28.989693907427544, "43": 31.376880143736226, "44": 32.36265157038747, "45": 31.586519319550725, "46": 31.591335201532733, "47": 35.89021556783525, "48": 32.08155960934775, "49": 34.27929027412429, "50": 31.983224891202124, "51": 32.59982216091642, "52": 33.9796721350247, "53": 26.04292244814708, "54": 22.248081805664466, "55": 29.84450505723124, "56": 25.697885718314172, "57": 32.704416648227806, "58": 33.819095065058335, "59": 29.539595759023456, "60": 28.70054554566178, "61": 27.107780307553053, "62": 27.867112273827484, "63": 29.71253298679921, "64": 28.70181499170081, "65": 30.88604654781681, "66": 31.34888515759877, "67": 20.001268806179677, "68": 22.72803201704147, "69": 25.48175787866418, "70": 24.645152431584055, "71": 23.3535454742381, "72": 20.77792042319111, "73": 15.197236131137446, "74": 22.034829447690097, "75": 27.5604906012801, "76": 25.368823660181864, "77": 21.25106293879168, "78": 34.30122119432917, "79": 29.106931513747746, "80": 29.623237081963843, "81": 12.200643904490182, "82": 21.337750672810415, "83": 18.642065083570884, "84": 22.68877492136636, "85": 22.623143978401203, "86": 23.12654722245662, "87": 19.463899396750648, "88": 11.027561838448635, "90": 14.593880920567091, "91": 14.832880181315113, "92": 25.383095642831726, "93": 27.48899568829814, "94": 26.509022094468847, "95": 23.58061811399532, "96": 20.05213922084708, "97": 21.16290097552191, "98": 25.43723491342318 } }, "geometry": { "type": "Polygon", "coordinates": [ [ [ 140.125, -22.375 ], [ 140.125, -22.625 ], [ 139.125, -22.625 ], [ 139.125, -22.875 ], [ 139.625, -22.875 ], [ 139.625, -23.125 ], [ 139.875, -23.125 ], [ 139.875, -23.375 ], [ 138.875, -23.375 ], [ 138.875, -23.625 ], [ 139.125, -23.625 ], [ 139.125, -23.875 ], [ 139.625, -23.875 ], [ 139.625, -24.125 ], [ 139.875, -24.125 ], [ 139.875, -24.375 ], [ 140.125, -24.375 ], [ 140.125, -24.625 ], [ 140.625, -24.625 ], [ 140.625, -24.875 ], [ 140.875, -24.875 ], [ 140.875, -25.125 ], [ 141.375, -25.125 ], [ 141.375, -25.375 ], [ 141.625, -25.375 ], [ 141.625, -25.625 ], [ 141.875, -25.625 ], [ 141.875, -25.375 ], [ 142.125, -25.375 ], [ 142.125, -25.625 ], [ 142.375, -25.625 ], [ 142.375, -26.125 ], [ 142.625, -26.125 ], [ 142.625, -26.375 ], [ 143.125, -26.375 ], [ 143.125, -26.125 ], [ 143.375, -26.125 ], [ 143.375, -25.625 ], [ 144.125, -25.625 ], [ 144.125, -25.375 ], [ 144.375, -25.375 ], [ 144.375, -25.125 ], [ 144.125, -25.125 ], [ 144.125, -24.625 ], [ 143.875, -24.625 ], [ 143.875, -24.125 ], [ 143.625, -24.125 ], [ 143.625, -23.875 ], [ 143.375, -23.875 ], [ 143.375, -23.625 ], [ 143.125, -23.625 ], [ 143.125, -23.375 ], [ 142.125, -23.375 ], [ 142.125, -23.125 ], [ 141.875, -23.125 ], [ 141.875, -22.625 ], [ 141.625, -22.625 ], [ 141.625, -22.375 ], [ 141.125, -22.375 ], [ 141.125, -22.625 ], [ 140.625, -22.625 ], [ 140.625, -22.375 ], [ 140.125, -22.375 ] ] ] } },
{ "type": "Feature", "properties": { "cluster_id": 90, "cohesion": 7.278675044147171, "distances": { "1": 39.27994607621173, "2": 37.65006229476637, "3": 29.96014562220451, "4": 33.61174139634773, "5": 33.96509238370227, "6": 36.56089377870051, "7": 41.458243166798454, "8": 39.71845998542853, "9": 36.983656153609914, "10": 40.20685996855373, "11": 36.999439728205246, "12": 34.47069034999647, "13": 28.10093937184728, "14": 23.378937624478382, "15": 30.32348985797423, "16": 22.060829286986646, "17": 21.23448433970793, "18": 32.86737220414223, "19": 32.77008639814546, "20": 27.31854859067345, "21": 26.646418700502075, "22": 30.253056850569713, "23": 34.91442405752662, "24": 31.54941288067072, "25": 32.519446913197456, "26": 28.340439843772636, "27": 27.53447749078498, "28": 29.282037195036605, "29": 32.33393822356299, "30": 37.515655956919474, "31": 35.810660915350915, "32": 34.65373377289353, "33": 33.41779306831005, "34": 20.94276973002449, "35": 28.37680761721258, "36": 23.133741562349442, "37": 27.68239065800383, "38": 30.881116987036364, "39": 33.38131193219735, "40": 29.867978288043115, "41": 25.72635055385134, "42": 31.520518594280453, "43": 34.60397537872667, "44": 32.006258946776995, "45": 33.364565414883465, "46": 32.950405222460994, "47": 34.712459533548504, "48": 29.82720694143323, "49": 31.406673090257048, "50": 32.88222455152654, "51": 32.75218708172259, "52": 31.67792546766171, "53": 19.237236336639082, "54": 14.582450032666175, "55": 24.324902353901056, "56": 19.336020236768917, "57": 29.905827712089113, "58": 29.57065243074473, "59": 24.6081339950358, "60": 26.64908052185784, "61": 26.122512702281142, "62": 28.037181913187776, "63": 26.55650492584835, "64": 24.62066808507726, "65": 28.036487309956645, "66": 26.133898080730372, "67": 27.03377560569323, "68": 27.62764640812116, "69": 31.023060835743134, "70": 30.13304756502202, "71": 28.92811395208716, "72": 26.816818931254247, "73": 23.808684415130912, "74": 26.25853181819506, "75": 30.219280559314818, "76": 26.90487523537865, "77": 22.87154993432835, "78": 36.56155509544458, "79": 31.34027843608992, "80": 31.932747252365534, "81": 11.938702851037998, "82": 13.261327629141439, "83": 13.48649815646046, "84": 26.818860563431755, "85": 24.329038203209116, "86": 25.933810628090793, "87": 21.418312084303118, "88": 17.297138915819435, "89": 14.593880920567091, "91": 12.716479475724288, "92": 26.560708725733242, "93": 27.7125135901586, "94": 24.608082847474098, "95": 21.963409684602333, "96": 17.55864587095887, "97": 14.863454430022436, "98": 21.02586187120303 } }, "geometry": { "type": "MultiPolygon", "coordinates": [ [ [ [ 134.375, -23.125 ], [ 135.375, -23.125 ], [ 135.375, -22.875 ], [ 137.125, -22.875 ], [ 137.125, -23.125 ], [ 138.125, -23.125 ], [ 138.125, -23.375 ], [ 138.875, -23.375 ], [ 138.875, -23.625 ], [ 139.125, -23.625 ], [ 139.125, -23.875 ], [ 139.625, -23.875 ], [ 139.625, -24.125 ], [ 139.875, -24.125 ], [ 139.875, -24.375 ], [ 140.125, -24.375 ], [ 140.125, -24.625 ], [ 139.875, -24.625 ], [ 139.875, -25.125 ], [ 140.125, -25.125 ], [ 140.125, -25.375 ], [ 140.375, -25.375 ], [ 140.375, -25.625 ], [ 140.125, -25.625 ], [ 140.125, -25.875 ], [ 139.625, -25.875 ], [ 139.625, -25.375 ], [ 138.875, -25.375 ], [ 138.875, -25.125 ], [ 138.625, -25.125 ], [ 138.625, -24.875 ], [ 137.875, -24.875 ], [ 137.875, -24.625 ], [ 137.375, -24.625 ], [ 137.375, -24.375 ], [ 137.125, -24.375 ], [ 137.125, -24.125 ], [ 136.625, -24.125 ], [ 136.625, -23.875 ], [ 136.375, -23.875 ], [ 136.375, -23.625 ], [ 135.875, -23.625 ], [ 135.875, -23.375 ], [ 134.375, -23.375 ], [ 134.375, -23.125 ] ] ], [ [ [ 134.375, -23.625 ], [ 133.625, -23.625 ], [ 133.625, -23.875 ], [ 131.875, -23.875 ], [ 131.875, -24.125 ], [ 131.375, -24.125 ], [ 131.375, -23.875 ], [ 130.375, -23.875 ], [ 130.375, -23.625 ], [ 130.875, -23.625 ], [ 130.875, -23.375 ], [ 134.375, -23.375 ], [ 134.375, -23.625 ] ] ] ] } },
{ "type": "Feature", "properties": { "cluster_id": 91, "cohesion": 7.0675128528794939, "distances": { "1": 35.98351712094762, "2": 33.61599199688476, "3": 28.386916527427623, "4": 32.518222268366195, "5": 33.179550272028656, "6": 34.2065470876238, "7": 34.85470759174534, "8": 33.65113177277126, "9": 30.37666399501843, "10": 32.474145564306625, "11": 28.65900038170266, "12": 28.169284357927623, "13": 20.49464821273883, "14": 19.5789502831546, "15": 26.53547722599027, "16": 14.339038542909593, "17": 12.279387211479323, "18": 26.149647806366886, "19": 23.38091102730011, "20": 18.204140625117592, "21": 20.07718557726906, "22": 25.91856371292247, "23": 30.168395024266587, "24": 26.397481125161026, "25": 27.698566464567314, "26": 25.28062128972357, "27": 25.810645420510937, "28": 32.052724813871876, "29": 36.288592147334725, "30": 39.527463551570385, "31": 39.360990020152485, "32": 39.259877969909574, "33": 39.43397596103815, "34": 28.425509930983523, "35": 32.71246226756907, "36": 28.93584485432336, "37": 33.45901230781903, "38": 35.96141965632003, "39": 38.303962967414144, "40": 36.76315866731728, "41": 32.74855204467067, "42": 32.54274913878922, "43": 34.29286371979748, "44": 34.340942719981314, "45": 33.88089886984731, "46": 34.88665466465183, "47": 39.054417200986364, "48": 33.68080523686284, "49": 36.06736468702345, "50": 36.34700821105093, "51": 37.64570964782778, "52": 37.61898351228102, "53": 24.49022258124413, "54": 21.40764928001782, "55": 32.13551769784016, "56": 27.9742537937057, "57": 36.54566584493545, "58": 35.63007948129159, "59": 30.96639286236592, "60": 31.352478225460974, "61": 29.360585186052596, "62": 32.245106473971624, "63": 30.19460462214544, "64": 28.108817934133846, "65": 32.100712545364836, "66": 31.665067100836183, "67": 27.639667993178826, "68": 29.832181372586405, "69": 31.990963098809935, "70": 30.917971587750973, "71": 29.42786797564913, "72": 28.061193102670487, "73": 23.04260336849427, "74": 26.456788595907827, "75": 29.41203227475053, "76": 28.603174153276836, "77": 23.38913791393217, "78": 36.75463392692573, "79": 31.28902399862061, "80": 30.520249132073758, "81": 18.23331123764339, "82": 22.233141073962756, "83": 22.171817435925057, "84": 29.266776543132387, "85": 27.742201733572962, "86": 30.5830697809668, "87": 26.865875861228574, "88": 20.636948202225174, "89": 14.832880181315113, "90": 12.716479475724288, "92": 28.0328970292139, "93": 26.223187692312383, "94": 25.41561645809367, "95": 18.8800218354412, "96": 12.905293230882574, "97": 16.046327345273646, "98": 22.7496314747224 } }, "geometry": { "type": "Polygon", "coordinates": [ [ [ 132.875, -21.875 ], [ 132.875, -22.125 ], [ 131.625, -22.125 ], [ 131.625, -22.375 ], [ 130.625, -22.375 ], [ 130.625, -22.625 ], [ 130.375, -22.625 ], [ 130.375, -22.875 ], [ 130.625, -22.875 ], [ 130.625, -23.125 ], [ 130.875, -23.125 ], [ 130.875, -23.375 ], [ 134.375, -23.375 ], [ 134.375, -23.125 ], [ 135.375, -23.125 ], [ 135.375, -22.875 ], [ 137.125, -22.875 ], [ 137.125, -23.125 ], [ 138.125, -23.125 ], [ 138.125, -23.375 ], [ 139.875, -23.375 ], [ 139.875, -23.125 ], [ 139.625, -23.125 ], [ 139.625, -22.875 ], [ 139.125, -22.875 ], [ 139.125, -22.625 ], [ 138.375, -22.625 ], [ 138.375, -22.375 ], [ 138.125, -22.375 ], [ 138.125, -22.125 ], [ 137.625, -22.125 ], [ 137.625, -21.875 ], [ 136.625, -21.875 ], [ 136.625, -22.125 ], [ 136.125, -22.125 ], [ 136.125, -21.875 ], [ 132.875, -21.875 ] ] ] } },
{ "type": "Feature", "properties": { "cluster_id": 92, "cohesion": 5.0842496537616482, "distances": { "1": 29.713900052188627, "2": 28.719122007519438, "3": 23.82658660449695, "4": 25.355073307496095, "5": 23.210998093175803, "6": 27.193061428350973, "7": 33.98084490265814, "8": 32.32252010074511, "9": 30.57396929440652, "10": 35.31843210394483, "11": 34.51227199927281, "12": 30.65947339529661, "13": 29.934292112233916, "14": 25.39236986865264, "15": 26.07860358758797, "16": 26.524411233943777, "17": 30.255257289623323, "18": 27.34796467831736, "19": 34.82824498144376, "20": 30.82852554530415, "21": 25.01518743662943, "22": 20.047303828018492, "23": 27.309329305063944, "24": 24.784092034952057, "25": 24.494219605893193, "26": 18.377257658330112, "27": 20.077935836801135, "28": 23.346065074278858, "29": 25.750508668510342, "30": 25.604009109130253, "31": 26.074554407881834, "32": 25.568704012804098, "33": 27.46608913837502, "34": 27.684265108976472, "35": 25.520050463517425, "36": 27.10824983838228, "37": 27.428104566589365, "38": 27.16485363457206, "39": 27.192356404978366, "40": 27.607647945482604, "41": 28.174871484555975, "42": 24.105047478915797, "43": 25.68717640490046, "44": 28.0032101352602, "45": 27.259208353039988, "46": 27.346335056402793, "47": 29.879812694028043, "48": 26.70289883962218, "49": 28.445790841908625, "50": 26.686528303862445, "51": 26.010072874252636, "52": 29.59184159431623, "53": 23.97449752311585, "54": 25.57617126865848, "55": 26.689938453768235, "56": 27.08372822136975, "57": 27.337009096746673, "58": 29.002263324374553, "59": 27.16161989654024, "60": 19.432369532841165, "61": 11.392334782724134, "62": 13.45587518672134, "63": 18.46594982404803, "64": 18.047572258730742, "65": 23.51732193699299, "66": 25.385301559478332, "67": 22.54950147265333, "68": 22.606484852178838, "69": 25.070383785231375, "70": 21.925362333977898, "71": 24.06703813809819, "72": 23.550017820725408, "73": 23.304042674603096, "74": 22.49829771315238, "75": 23.383223089089753, "76": 23.272473852043877, "77": 18.335230604066872, "78": 24.5461576936749, "79": 21.73080381979316, "80": 22.995422728332578, "81": 26.1087872504852, "82": 26.284567475950396, "83": 27.142160949242918, "84": 24.120468271471, "85": 24.701895658396904, "86": 24.019879587148992, "87": 24.997311737202303, "88": 23.927515814496765, "89": 25.383095642831726, "90": 26.560708725733242, "91": 28.0328970292139, "93": 13.776109451652989, "94": 13.466406302040129, "95": 20.61380958206962, "96": 24.060804936552127, "97": 23.14672739203238, "98": 19.065959176539327 } }, "geometry": { "type": "Polygon", "coordinates": [ [ [ 117.875, -20.125 ], [ 117.875, -20.375 ], [ 116.375, -20.375 ], [ 116.375, -21.125 ], [ 116.125, -21.125 ], [ 116.125, -22.125 ], [ 116.375, -22.125 ], [ 116.375, -22.375 ], [ 116.625, -22.375 ], [ 116.625, -22.625 ], [ 117.125, -22.625 ], [ 117.125, -22.875 ], [ 117.375, -22.875 ], [ 117.375, -22.625 ], [ 117.625, -22.625 ], [ 117.625, -22.375 ], [ 117.875, -22.375 ], [ 117.875, -21.375 ], [ 117.625, -21.375 ], [ 117.625, -20.875 ], [ 117.875, -20.875 ], [ 117.875, -20.625 ], [ 118.125, -20.625 ], [ 118.125, -20.375 ], [ 118.375, -20.375 ], [ 118.375, -20.125 ], [ 117.875, -20.125 ] ] ] } },
{ "type": "Feature", "properties": { "cluster_id": 93, "cohesion": 6.8120283500550043, "distances": { "1": 30.89630958980204, "2": 29.855139732124673, "3": 27.72660354143555, "4": 29.852836291729446, "5": 27.30321747893751, "6": 30.035213596218252, "7": 31.070725823298698, "8": 31.064545798089473, "9": 27.319682838701816, "10": 31.466442182714797, "11": 30.03534706019437, "12": 29.987715297801603, "13": 28.0754268068089, "14": 27.003060476080336, "15": 28.10008392666274, "16": 21.26708324153522, "17": 27.226903059840556, "18": 21.703952749230417, "19": 30.05637987159244, "20": 25.722119066352395, "21": 17.84059796172497, "22": 12.313195020605797, "23": 26.744200206352417, "24": 21.94541575951196, "25": 23.0646177870699, "26": 15.678458713229059, "27": 21.891922576680688, "28": 26.14296100589997, "29": 29.885948589837277, "30": 29.976628407884075, "31": 31.05934712856241, "32": 32.81491442979022, "33": 34.65693478844614, "34": 32.345000820019536, "35": 29.735663225875246, "36": 31.686820584482792, "37": 32.06908519370561, "38": 31.435395828145847, "39": 32.030082443585684, "40": 33.6932033110867, "41": 32.98535644818699, "42": 30.891295853089048, "43": 31.382370237861096, "44": 34.72351092262644, "45": 33.308178501638906, "46": 34.78531337574982, "47": 38.191978126369015, "48": 33.40671146589218, "49": 35.56821265933374, "50": 35.21781008628208, "51": 34.66907933295638, "52": 37.77007409730284, "53": 26.315068318241554, "54": 29.410122800283066, "55": 32.78146525049917, "56": 32.45114948507916, "57": 35.28736395365556, "58": 35.72263439947858, "59": 33.23614019434658, "60": 26.5626998654132, "61": 18.754258790697108, "62": 23.414705908727953, "63": 23.494530884133166, "64": 20.50900139831117, "65": 29.692338499626885, "66": 30.215466310616716, "67": 27.808626606118743, "68": 29.129522130014113, "69": 31.362567866806792, "70": 27.872299704616086, "71": 29.322897690680186, "72": 28.76092751347397, "73": 26.715676114675414, "74": 26.147911028287652, "75": 24.32730594572901, "76": 26.35405552708429, "77": 21.053113760072584, "78": 26.52664992121202, "79": 24.610861764400102, "80": 23.128547981027474, "81": 29.829769298182935, "82": 30.535897522893688, "83": 31.420430386910944, "84": 29.67057104319611, "85": 29.15954134225918, "86": 30.476898532781295, "87": 30.294068046741998, "88": 28.33727391585907, "89": 27.48899568829814, "90": 27.712513590158604, "91": 26.223187692312383, "92": 13.776109451652992, "94": 11.440080775449864, "95": 13.39513237933444, "96": 19.331608542805835, "97": 21.476148634005025, "98": 16.945992142418877 } }, "geometry": { "type": "MultiPolygon", "coordinates": [ [ [ [ 120.375, -19.875 ], [ 119.625, -19.875 ], [ 119.625, -20.125 ], [ 119.125, -20.125 ], [ 119.125, -20.375 ], [ 118.625, -20.375 ], [ 118.625, -21.375 ], [ 119.125, -21.375 ], [ 119.125, -21.125 ], [ 119.625, -21.125 ], [ 119.625, -21.375 ], [ 120.375, -21.375 ], [ 120.375, -21.125 ], [ 120.625, -21.125 ], [ 120.625, -20.875 ], [ 121.125, -20.875 ], [ 121.125, -20.625 ], [ 122.375, -20.625 ], [ 122.375, -20.875 ], [ 122.625, -20.875 ], [ 122.625, -21.125 ], [ 123.125, -21.125 ], [ 123.125, -21.375 ], [ 122.625, -21.375 ], [ 122.625, -21.625 ], [ 122.375, -21.625 ], [ 122.375, -21.875 ], [ 122.125, -21.875 ], [ 122.125, -22.125 ], [ 121.625, -22.125 ], [ 121.625, -22.375 ], [ 121.125, -22.375 ], [ 121.125, -22.125 ], [ 120.375, -22.125 ], [ 120.375, -22.375 ], [ 119.625, -22.375 ], [ 119.625, -22.125 ], [ 119.375, -22.125 ], [ 119.375, -21.875 ], [ 117.875, -21.875 ], [ 117.875, -21.375 ], [ 117.625, -21.375 ], [ 117.625, -20.875 ], [ 117.875, -20.875 ], [ 117.875, -20.625 ], [ 118.125, -20.625 ], [ 118.125, -20.375 ], [ 118.375, -20.375 ], [ 118.375, -20.125 ], [ 118.625, -20.125 ], [ 118.625, -19.875 ], [ 119.125, -19.875 ], [ 119.125, -19.625 ], [ 120.375, -19.625 ], [ 120.375, -19.875 ] ] ], [ [ [ 120.375, -19.375 ], [ 120.625, -19.375 ], [ 120.625, -19.625 ], [ 120.375, -19.625 ], [ 120.375, -19.375 ] ] ] ] } },
{ "type": "Feature", "properties": { "cluster_id": 94, "cohesion": 7.7091374289206858, "distances": { "1": 35.27256482219453, "2": 33.82331737367682, "3": 28.683122859791307, "4": 31.40920087341979, "5": 29.553809447773464, "6": 33.09595250129448, "7": 36.685868950429715, "8": 35.9683325584484, "9": 32.54174792203071, "10": 36.99652826715438, "11": 35.18456712593822, "12": 33.86405620283143, "13": 30.985046236561992, "14": 27.93424027953157, "15": 30.251956366208383, "16": 23.3742378312937, "17": 28.89181295007087, "18": 27.064259742137228, "19": 34.31735419316152, "20": 29.195889084360246, "21": 21.89939719063796, "22": 18.80204700240862, "23": 30.532337102842746, "24": 25.99682790620082, "25": 27.46068806750911, "26": 19.46972780856151, "27": 22.700143128667257, "28": 25.820760186891075, "29": 28.211651558405315, "30": 30.709883563177087, "31": 30.023346255629754, "32": 30.492325261835695, "33": 30.303418592953598, "34": 28.654949074839994, "35": 27.971427972785804, "36": 29.023062093211692, "37": 29.33201248810336, "38": 28.84175835728727, "39": 29.425610570713303, "40": 28.651715263368427, "41": 28.674841731177313, "42": 30.728393314047622, "43": 32.11368542747756, "44": 31.227344167999888, "45": 32.3135088539236, "46": 32.849414652395936, "47": 33.66861517933601, "48": 27.980348705181974, "49": 29.679066143352276, "50": 32.73043168832587, "51": 31.454071401329063, "52": 32.49134951016153, "53": 19.755971264494363, "54": 24.02622248040334, "55": 27.070314078640596, "56": 27.243128282909858, "57": 29.964889580743087, "58": 29.08415562555131, "59": 26.957631876218016, "60": 20.982338456273364, "61": 13.674516561729943, "62": 19.841539552864667, "63": 16.4690023941903, "64": 12.948714286359078, "65": 23.519358525536845, "66": 22.839694630622155, "67": 27.289645636178527, "68": 27.711753073356395, "69": 31.07350920853777, "70": 27.82675563182917, "71": 29.634907348447715, "72": 28.120955277740002, "73": 26.874856043347727, "74": 26.859103484829873, "75": 26.64792829708878, "76": 26.496482953579743, "77": 21.222305141278916, "78": 29.001132054772476, "79": 26.509034000061998, "80": 26.19717469000793, "81": 27.30144225325343, "82": 25.76938239002857, "83": 27.578425455442126, "84": 28.824708931916646, "85": 27.98572953211284, "86": 27.97226335877074, "87": 27.861534707959105, "88": 26.70067991885183, "89": 26.509022094468847, "90": 24.608082847474098, "91": 25.415616458093677, "92": 13.46640630204013, "93": 11.440080775449864, "95": 13.836236520616305, "96": 18.946685493709197, "97": 17.374637998725436, "98": 11.519757038437366 } }, "geometry": { "type": "Polygon", "coordinates": [ [ [ 122.625, -21.375 ], [ 122.625, -21.625 ], [ 122.375, -21.625 ], [ 122.375, -21.875 ], [ 122.125, -21.875 ], [ 122.125, -22.125 ], [ 121.625, -22.125 ], [ 121.625, -22.375 ], [ 121.125, -22.375 ], [ 121.125, -22.125 ], [ 120.375, -22.125 ], [ 120.375, -22.375 ], [ 119.625, -22.375 ], [ 119.625, -22.125 ], [ 119.375, -22.125 ], [ 119.375, -21.875 ], [ 117.875, -21.875 ], [ 117.875, -22.375 ], [ 117.625, -22.375 ], [ 117.625, -22.625 ], [ 117.375, -22.625 ], [ 117.375, -23.375 ], [ 117.625, -23.375 ], [ 117.625, -23.625 ], [ 117.875, -23.625 ], [ 117.875, -23.875 ], [ 118.125, -23.875 ], [ 118.125, -24.125 ], [ 119.125, -24.125 ], [ 119.125, -23.125 ], [ 120.125, -23.125 ], [ 120.125, -23.625 ], [ 121.125, -23.625 ], [ 121.125, -23.375 ], [ 121.875, -23.375 ], [ 121.875, -23.125 ], [ 122.125, -23.125 ], [ 122.125, -22.875 ], [ 123.125, -22.875 ], [ 123.125, -22.375 ], [ 124.375, -22.375 ], [ 124.375, -22.125 ], [ 124.125, -22.125 ], [ 124.125, -21.375 ], [ 122.625, -21.375 ] ] ] } },
{ "type": "Feature", "properties": { "cluster_id": 95, "cohesion": 4.6155649917341428, "distances": { "1": 34.14660235668839, "2": 32.1511834877764, "3": 28.72583447808399, "4": 32.3340373483492, "5": 30.92433386088389, "6": 32.931380096438986, "7": 32.143673512325, "8": 32.22129701420936, "9": 27.388832618503823, "10": 30.909321568716052, "11": 28.086099438997447, "12": 29.62621947186684, "13": 24.931731339361146, "14": 24.695373557556742, "15": 28.17151091494612, "16": 13.969441210480495, "17": 21.09860487997318, "18": 20.45045528452442, "19": 26.016144232776345, "20": 20.305522360243135, "21": 12.285660229346247, "22": 14.87980637740936, "23": 27.955905080806154, "24": 21.912076579022436, "25": 24.21035788188082, "26": 18.018973039804948, "27": 23.011976096639284, "28": 28.673702063320018, "29": 32.51957193381321, "30": 34.648675711784435, "31": 34.74677879674381, "32": 36.05301378569686, "33": 36.56832919663811, "34": 30.97623013714384, "35": 31.197951204476777, "36": 30.997644910002865, "37": 32.65522572173556, "38": 33.04081892457012, "39": 34.38266692509937, "40": 34.306649894123794, "41": 32.48933690804235, "42": 33.18463684831888, "43": 34.111851262966866, "44": 35.481832041531426, "45": 34.92968091492069, "46": 36.303181344733424, "47": 39.56014972436853, "48": 33.82382063893933, "49": 35.91618819340426, "50": 37.28070361879563, "51": 36.9344348849784, "52": 38.28236165565483, "53": 22.50467463340389, "54": 25.421345309223756, "55": 31.953078040820973, "56": 30.569361519361014, "57": 35.9455611013411, "58": 35.28438562026861, "59": 31.620372061079365, "60": 28.713253048299926, "61": 22.915852329043183, "62": 28.070812527385247, "63": 24.990782524629275, "64": 20.949312465067692, "65": 30.380408550234044, "66": 29.24908545044721, "67": 28.34868952932317, "68": 30.31263525789669, "69": 33.145124998587235, "70": 30.16645669402484, "71": 30.937323565374758, "72": 29.250645494990803, "73": 25.671058435415016, "74": 27.40474612325174, "75": 26.91938605638324, "76": 28.045626133997786, "77": 22.073171610134057, "78": 31.40728052353331, "79": 28.395832479700868, "80": 26.539145268736092, "81": 26.5124762566243, "82": 27.388189312864494, "83": 28.471013613956966, "84": 30.82903529031385, "85": 29.600768361687056, "86": 31.20087555846761, "87": 29.588632101982494, "88": 26.22591335718041, "89": 23.580618113995325, "90": 21.963409684602333, "91": 18.880021835441195, "92": 20.61380958206962, "93": 13.39513237933444, "94": 13.836236520616305, "96": 9.747153044044008, "97": 13.82097047439068, "98": 13.330893881820446 } }, "geometry": { "type": "Polygon", "coordinates": [ [ [ 124.125, -21.125 ], [ 124.125, -22.125 ], [ 125.375, -22.125 ], [ 125.375, -22.625 ], [ 126.625, -22.625 ], [ 126.625, -21.875 ], [ 126.375, -21.875 ], [ 126.375, -21.375 ], [ 125.375, -21.375 ], [ 125.375, -21.125 ], [ 124.125, -21.125 ] ] ] } },
{ "type": "Feature", "properties": { "cluster_id": 96, "cohesion": 5.785874632809425, "distances": { "1": 35.46054298410968, "2": 33.000064744944005, "3": 28.663570427279932, "4": 32.79321296057143, "5": 32.49712476509537, "6": 33.96064005496047, "7": 32.90837183958822, "8": 32.62305726663727, "9": 27.923706395957403, "10": 30.815993625754796, "11": 27.308385319831043, "12": 28.765350755938204, "13": 22.41589100333217, "14": 22.385090787337337, "15": 27.4415603174943, "16": 10.359243155317815, "17": 16.397231065589253, "18": 21.55795754816429, "19": 23.633728409708993, "20": 17.34122071000974, "21": 13.135164501124496, "22": 19.259993191965936, "23": 28.528841238534877, "24": 22.86240410728, "25": 25.204176871998012, "26": 20.41218313629993, "27": 23.582207524653704, "28": 30.167195428934924, "29": 34.355486213723516, "30": 37.24911036021272, "31": 37.0705494617684, "32": 37.654647858049394, "33": 37.84675256682702, "34": 29.853467814437586, "35": 31.78438430247388, "36": 30.026328331785944, "37": 33.02897773163181, "38": 34.41390306500486, "39": 36.255425414311176, "40": 35.26074176178047, "41": 32.49625263781649, "42": 32.94330467496285, "43": 34.21900262151621, "44": 34.73132627273065, "45": 34.36004999483249, "46": 35.629215347866065, "47": 39.263626975712896, "48": 33.43102108017476, "49": 35.67203355338024, "50": 36.939603951627156, "51": 37.29812664614929, "52": 37.84867488282301, "53": 22.149944633730758, "54": 22.804356351983266, "55": 31.711985153289273, "56": 29.214870148526085, "57": 36.04491048509044, "58": 35.04840206017071, "59": 30.781425220621376, "60": 29.6919912448258, "61": 25.721642229539434, "62": 30.046499371938957, "63": 26.907076261126427, "64": 23.61491045020127, "65": 30.75020020556102, "66": 29.713445043828006, "67": 28.034640917128407, "68": 30.133864622603205, "69": 32.821282645421064, "70": 30.820306884653935, "71": 30.326465223110024, "72": 28.592565948054855, "73": 24.32371068266171, "74": 26.885476238973386, "75": 27.826785350176788, "76": 28.1783358093755, "77": 22.182430074594787, "78": 34.14584273261607, "79": 30.035139103503894, "80": 28.230282320046435, "81": 23.232795964836836, "82": 24.85918147609943, "83": 25.815052153866638, "84": 30.11862219986745, "85": 28.703358501695284, "86": 30.93076531525429, "87": 28.43834480238749, "88": 23.941248466360886, "89": 20.052139220847078, "90": 17.55864587095887, "91": 12.905293230882574, "92": 24.060804936552127, "93": 19.331608542805835, "94": 18.946685493709197, "95": 9.747153044044007, "97": 11.882626953092926, "98": 16.618641194038727 } }, "geometry": { "type": "Polygon", "coordinates": [ [ [ 128.375, -20.875 ], [ 128.375, -21.125 ], [ 128.125, -21.125 ], [ 128.125, -21.375 ], [ 127.875, -21.375 ], [ 127.875, -21.625 ], [ 127.625, -21.625 ], [ 127.625, -21.375 ], [ 126.875, -21.375 ], [ 126.875, -21.625 ], [ 126.375, -21.625 ], [ 126.375, -21.875 ], [ 126.625, -21.875 ], [ 126.625, -22.625 ], [ 127.625, -22.625 ], [ 127.625, -22.875 ], [ 128.125, -22.875 ], [ 128.125, -22.625 ], [ 128.625, -22.625 ], [ 128.625, -22.875 ], [ 129.375, -22.875 ], [ 129.375, -23.125 ], [ 130.625, -23.125 ], [ 130.625, -22.875 ], [ 130.375, -22.875 ], [ 130.375, -22.625 ], [ 130.625, -22.625 ], [ 130.625, -22.375 ], [ 130.875, -22.375 ], [ 130.875, -22.125 ], [ 130.125, -22.125 ], [ 130.125, -21.875 ], [ 129.875, -21.875 ], [ 129.875, -21.625 ], [ 128.875, -21.625 ], [ 128.875, -20.875 ], [ 128.375, -20.875 ] ] ] } },
{ "type": "Feature", "properties": { "cluster_id": 97, "cohesion": 6.6304973738714592, "distances": { "1": 39.05073707407489, "2": 37.141735871659854, "3": 30.28584249672882, "4": 34.05543593613821, "5": 33.805525014967756, "6": 36.564366182989325, "7": 39.44497149344966, "8": 38.53357452126141, "9": 34.788329595762285, "10": 38.436366817660605, "11": 35.39956031477712, "12": 34.53357349193899, "13": 28.906768910207116, "14": 25.904685947604627, "15": 30.993638813334854, "16": 19.13119257753757, "17": 23.09107844051953, "18": 29.2451128681048, "19": 32.083574428437, "20": 25.97705615545329, "21": 21.87459686063811, "22": 24.992705437256586, "23": 33.00138162265485, "24": 28.382268061119735, "25": 30.494695740460898, "26": 24.1754778021925, "27": 24.91657308128504, "28": 27.647097219199864, "29": 30.26142912351074, "30": 35.484419268805304, "31": 33.66347529847947, "32": 33.397516174665206, "33": 31.686351924307335, "34": 24.68326084014927, "35": 28.416308323731187, "36": 26.427203010863924, "37": 28.62658231025828, "38": 29.636586264079803, "39": 31.310176223739294, "40": 28.16270874186345, "41": 25.972387769283035, "42": 32.17021292359422, "43": 34.390975505302244, "44": 31.42585201648035, "45": 33.161005471981284, "46": 33.528592757941865, "47": 34.29773430996873, "48": 28.388595947103614, "49": 29.664165746150445, "50": 33.665338573997616, "51": 32.76486426175441, "52": 31.437840428820508, "53": 13.05100010611, "54": 15.49941620774893, "55": 24.04228374648399, "56": 22.155289302041687, "57": 29.291498810080817, "58": 27.420467132306097, "59": 22.77698707034669, "60": 24.70200705576279, "61": 22.292608905849498, "62": 26.44376699648249, "63": 21.58570558446559, "64": 17.51074356527234, "65": 25.328226384919123, "66": 21.682442098631974, "67": 28.143760235685537, "68": 28.81262327963637, "69": 32.2938324685567, "70": 30.549763163434626, "71": 30.429440325404702, "72": 28.488040807871755, "73": 26.047025613127673, "74": 27.357771595883055, "75": 28.906870918370647, "76": 27.20734178907546, "77": 21.76655825966613, "78": 34.06833714531741, "79": 30.00051375794148, "80": 29.550411031245808, "81": 21.024099572367284, "82": 18.690244654427058, "83": 21.04483271760759, "84": 29.089793066505905, "85": 26.901066468641883, "86": 28.153474153653534, "87": 25.65185823476546, "88": 23.18485276347477, "89": 21.162900975521914, "90": 14.863454430022434, "91": 16.046327345273646, "92": 23.146727392032375, "93": 21.476148634005025, "94": 17.374637998725433, "95": 13.82097047439068, "96": 11.882626953092924, "98": 11.716157769533933 } }, "geometry": { "type": "Polygon", "coordinates": [ [ [ 126.625, -22.625 ], [ 126.625, -22.875 ], [ 126.125, -22.875 ], [ 126.125, -23.125 ], [ 125.125, -23.125 ], [ 125.125, -23.375 ], [ 125.625, -23.375 ], [ 125.625, -23.625 ], [ 126.125, -23.625 ], [ 126.125, -23.875 ], [ 126.375, -23.875 ], [ 126.375, -24.375 ], [ 128.875, -24.375 ], [ 128.875, -24.625 ], [ 130.125, -24.625 ], [ 130.125, -24.125 ], [ 130.375, -24.125 ], [ 130.375, -23.625 ], [ 130.875, -23.625 ], [ 130.875, -23.125 ], [ 129.375, -23.125 ], [ 129.375, -22.875 ], [ 128.625, -22.875 ], [ 128.625, -22.625 ], [ 128.125, -22.625 ], [ 128.125, -22.875 ], [ 127.625, -22.875 ], [ 127.625, -22.625 ], [ 126.625, -22.625 ] ] ] } },
{ "type": "Feature", "properties": { "cluster_id": 98, "cohesion": 7.0516806050869967, "distances": { "1": 38.33557661717451, "2": 36.92185020861811, "3": 30.723410752594383, "4": 33.75934754809518, "5": 32.47753959611931, "6": 35.97211303293813, "7": 39.66258211302132, "8": 38.956693986857765, "9": 35.41980804975998, "10": 39.60178192701436, "11": 37.217778457801764, "12": 36.07085699257938, "13": 31.954467150375734, "14": 28.707249078935597, "15": 32.22649832664385, "16": 23.013773476972204, "17": 28.0556870689436, "18": 29.924738716547857, "19": 35.20294845330412, "20": 29.565620044398216, "21": 23.23077168572235, "22": 23.11400173042596, "23": 33.0662840888089, "24": 28.733122615299735, "25": 30.439800503256, "26": 23.07941900708805, "27": 24.628415189843487, "28": 26.147765188935164, "29": 28.01291735445663, "30": 32.48543071439163, "31": 30.80350470969341, "32": 31.11970597676552, "33": 29.482023645097037, "34": 26.403776809416915, "35": 27.77729950841728, "36": 27.78455100342783, "37": 28.40051332085645, "38": 28.02445290351478, "39": 28.878255660680438, "40": 26.534248197637133, "41": 26.035213671583264, "42": 32.289086252144955, "43": 34.070634625518544, "44": 31.166523318234958, "45": 33.17208326316486, "46": 33.7141506193648, "47": 33.481769261500105, "48": 27.285717814409963, "49": 28.463820877920014, "50": 33.47313998096761, "51": 31.784286760309932, "52": 31.02107275834396, "53": 13.522764551706596, "54": 19.602489619830152, "55": 24.0785429126693, "56": 23.955662804887897, "57": 28.391498933032526, "58": 26.34058335326466, "59": 23.223681834388987, "60": 21.612583270975303, "61": 17.646180554928947, "62": 22.77692800373486, "63": 17.238444410089016, "64": 11.526650576362133, "65": 23.075275998297453, "66": 19.153217750846327, "67": 28.703521041212017, "68": 28.89956578429865, "69": 32.37017852915527, "70": 29.951739895343426, "71": 30.83960201944914, "72": 29.222106521678203, "73": 27.859823665359468, "74": 27.94808293215547, "75": 28.286650555389517, "76": 27.1165543996513, "77": 21.924488833713813, "78": 31.25950126666546, "79": 28.11164109968001, "80": 28.135385459222682, "81": 25.239922983069224, "82": 22.20152360774016, "83": 24.727748120054056, "84": 29.62554679274973, "85": 27.87093164035765, "86": 28.21433005047124, "87": 27.113830473606935, "88": 26.10556519236721, "89": 25.43723491342318, "90": 21.02586187120303, "91": 22.749631474722403, "92": 19.065959176539323, "93": 16.945992142418877, "94": 11.519757038437366, "95": 13.330893881820446, "96": 16.618641194038727, "97": 11.716157769533933 } }, "geometry": { "type": "Polygon", "coordinates": [ [ [ 124.375, -22.125 ], [ 124.375, -22.375 ], [ 123.125, -22.375 ], [ 123.125, -22.875 ], [ 122.125, -22.875 ], [ 122.125, -23.125 ], [ 121.875, -23.125 ], [ 121.875, -23.375 ], [ 121.625, -23.375 ], [ 121.625, -23.625 ], [ 121.875, -23.625 ], [ 121.875, -23.875 ], [ 123.125, -23.875 ], [ 123.125, -24.375 ], [ 124.625, -24.375 ], [ 124.625, -24.625 ], [ 126.875, -24.625 ], [ 126.875, -24.375 ], [ 126.375, -24.375 ], [ 126.375, -23.875 ], [ 126.125, -23.875 ], [ 126.125, -23.625 ], [ 125.625, -23.625 ], [ 125.625, -23.375 ], [ 125.125, -23.375 ], [ 125.125, -23.125 ], [ 126.125, -23.125 ], [ 126.125, -22.875 ], [ 126.625, -22.875 ], [ 126.625, -22.625 ], [ 125.375, -22.625 ], [ 125.375, -22.125 ], [ 124.375, -22.125 ] ] ] } }
]
}
